C,NEMP.WORLD,DISPATCHSCADA,AEMO,PUBLIC,2019/08/22,09:40:11,0000000311861643,DISPATCHSCADA,0000000311861637
I,DISPATCH,UNIT_SCADA,1,SETTLEMENTDATE,DUID,SCADAVALUE
D,DISPATCH,UNIT_SCADA,1,"2019/08/22 09:45:00",BARCSF1,18
D,DISPATCH,UNIT_SCADA,1,"2019/08/22 09:45:00",BUTLERSG,9.699999
D,DISPATCH,UNIT_SCADA,1,"2019/08/22 09:45:00",CALL_A_4,0
D,DISPATCH,UNIT_SCADA,1,"2019/08/22 09:45:00",CAPTL_WF,67.440002
D,DISPATCH,UNIT_SCADA,1,"2019/08/22 09:45:00",CATHROCK,0
D,DISPATCH,UNIT_SCADA,1,"2019/08/22 09:45:00",CHALLHWF,42
D,DISPATCH,UNIT_SCADA,1,"2019/08/22 09:45:00",CLOVER,-0.01
D,DISPATCH,UNIT_SCADA,1,"2019/08/22 09:45:00",CLUNY,19.887846
D,DISPATCH,UNIT_SCADA,1,"2019/08/22 09:45:00",CNUNDAWF,21.024527
D,DISPATCH,UNIT_SCADA,1,"2019/08/22 09:45:00",CULLRGWF,30.18
D,DISPATCH,UNIT_SCADA,1,"2019/08/22 09:45:00",ERGT01,0
D,DISPATCH,UNIT_SCADA,1,"2019/08/22 09:45:00",GB01,0.052750
D,DISPATCH,UNIT_SCADA,1,"2019/08/22 09:45:00",GERMCRK,35.099998
D,DISPATCH,UNIT_SCADA,1,"2019/08/22 09:45:00",GRIFSF1,24.199997
D,DISPATCH,UNIT_SCADA,1,"2019/08/22 09:45:00",HUGSF1,8.9930
D,DISPATCH,UNIT_SCADA,1,"2019/08/22 09:45:00",LKBONNY1,37.063385
D,DISPATCH,UNIT_SCADA,1,"2019/08/22 09:45:00",LRSF1,0.0390
D,DISPATCH,UNIT_SCADA,1,"2019/08/22 09:45:00",MBAHNTH,55.968750
D,DISPATCH,UNIT_SCADA,1,"2019/08/22 09:45:00",MLSP1,9.133001
D,DISPATCH,UNIT_SCADA,1,"2019/08/22 09:45:00",MLWF1,12.5250
D,DISPATCH,UNIT_SCADA,1,"2019/08/22 09:45:00",MTMILLAR,1.659413
D,DISPATCH,UNIT_SCADA,1,"2019/08/22 09:45:00",PALOONA,28.65
D,DISPATCH,UNIT_SCADA,1,"2019/08/22 09:45:00",PIONEER,26.300001
D,DISPATCH,UNIT_SCADA,1,"2019/08/22 09:45:00",PORTWF,69.400002
D,DISPATCH,UNIT_SCADA,1,"2019/08/22 09:45:00",REPULSE,28.835279
D,DISPATCH,UNIT_SCADA,1,"2019/08/22 09:45:00",ROWALLAN,10.3873
D,DISPATCH,UNIT_SCADA,1,"2019/08/22 09:45:00",ROYALLA1,16.491001
D,DISPATCH,UNIT_SCADA,1,"2019/08/22 09:45:00",RPCG,9.70
D,DISPATCH,UNIT_SCADA,1,"2019/08/22 09:45:00",RUBICON,0
D,DISPATCH,UNIT_SCADA,1,"2019/08/22 09:45:00",SATGN1,0
D,DISPATCH,UNIT_SCADA,1,"2019/08/22 09:45:00",SATGS1,0
D,DISPATCH,UNIT_SCADA,1,"2019/08/22 09:45:00",STARHLWF,1.099679
D,DISPATCH,UNIT_SCADA,1,"2019/08/22 09:45:00",WAUBRAWF,181.382996
D,DISPATCH,UNIT_SCADA,1,"2019/08/22 09:45:00",WOOLNTH1,128.730026
D,DISPATCH,UNIT_SCADA,1,"2019/08/22 09:45:00",WPWF,2
D,DISPATCH,UNIT_SCADA,1,"2019/08/22 09:45:00",YAMBUKWF,25.299999
D,DISPATCH,UNIT_SCADA,1,"2019/08/22 09:45:00",YSWF1,21.50
D,DISPATCH,UNIT_SCADA,1,"2019/08/22 09:45:00",AGLHAL,0
D,DISPATCH,UNIT_SCADA,1,"2019/08/22 09:45:00",AGLSOM,0
D,DISPATCH,UNIT_SCADA,1,"2019/08/22 09:45:00",ANGAST1,0
D,DISPATCH,UNIT_SCADA,1,"2019/08/22 09:45:00",ARWF1,195.20
D,DISPATCH,UNIT_SCADA,1,"2019/08/22 09:45:00",BALBG1,0
D,DISPATCH,UNIT_SCADA,1,"2019/08/22 09:45:00",BALBL1,0
D,DISPATCH,UNIT_SCADA,1,"2019/08/22 09:45:00",BALDHWF1,90.162990
D,DISPATCH,UNIT_SCADA,1,"2019/08/22 09:45:00",BANN1,52.73
D,DISPATCH,UNIT_SCADA,1,"2019/08/22 09:45:00",BARCALDN,0
D,DISPATCH,UNIT_SCADA,1,"2019/08/22 09:45:00",BARRON-1,0
D,DISPATCH,UNIT_SCADA,1,"2019/08/22 09:45:00",BARRON-2,28.24
D,DISPATCH,UNIT_SCADA,1,"2019/08/22 09:45:00",BASTYAN,78.05
D,DISPATCH,UNIT_SCADA,1,"2019/08/22 09:45:00",BBTHREE1,-2.10
D,DISPATCH,UNIT_SCADA,1,"2019/08/22 09:45:00",BBTHREE2,-2.15
D,DISPATCH,UNIT_SCADA,1,"2019/08/22 09:45:00",BBTHREE3,-1.21
D,DISPATCH,UNIT_SCADA,1,"2019/08/22 09:45:00",BDL01,0
D,DISPATCH,UNIT_SCADA,1,"2019/08/22 09:45:00",BDL02,-0.06
D,DISPATCH,UNIT_SCADA,1,"2019/08/22 09:45:00",BERYLSF1,28.829630
D,DISPATCH,UNIT_SCADA,1,"2019/08/22 09:45:00",BLOWERNG,0
D,DISPATCH,UNIT_SCADA,1,"2019/08/22 09:45:00",BLUFF1,7
D,DISPATCH,UNIT_SCADA,1,"2019/08/22 09:45:00",BNGSF1,98.72
D,DISPATCH,UNIT_SCADA,1,"2019/08/22 09:45:00",BNGSF2,19.99
D,DISPATCH,UNIT_SCADA,1,"2019/08/22 09:45:00",BOCORWF1,110.06
D,DISPATCH,UNIT_SCADA,1,"2019/08/22 09:45:00",BODWF1,100.833720
D,DISPATCH,UNIT_SCADA,1,"2019/08/22 09:45:00",BRAEMAR1,0
D,DISPATCH,UNIT_SCADA,1,"2019/08/22 09:45:00",BRAEMAR2,0
D,DISPATCH,UNIT_SCADA,1,"2019/08/22 09:45:00",BRAEMAR3,0
D,DISPATCH,UNIT_SCADA,1,"2019/08/22 09:45:00",BRAEMAR5,0
D,DISPATCH,UNIT_SCADA,1,"2019/08/22 09:45:00",BRAEMAR6,0
D,DISPATCH,UNIT_SCADA,1,"2019/08/22 09:45:00",BRAEMAR7,0
D,DISPATCH,UNIT_SCADA,1,"2019/08/22 09:45:00",BROKENH1,23.653560
D,DISPATCH,UNIT_SCADA,1,"2019/08/22 09:45:00",BW01,454.349980
D,DISPATCH,UNIT_SCADA,1,"2019/08/22 09:45:00",BW02,519.599980
D,DISPATCH,UNIT_SCADA,1,"2019/08/22 09:45:00",BW03,471.7749
D,DISPATCH,UNIT_SCADA,1,"2019/08/22 09:45:00",BW04,0
D,DISPATCH,UNIT_SCADA,1,"2019/08/22 09:45:00",CALL_B_1,277.700010
D,DISPATCH,UNIT_SCADA,1,"2019/08/22 09:45:00",CALL_B_2,280.300020
D,DISPATCH,UNIT_SCADA,1,"2019/08/22 09:45:00",CETHANA,98.6635
D,DISPATCH,UNIT_SCADA,1,"2019/08/22 09:45:00",CG1,0
D,DISPATCH,UNIT_SCADA,1,"2019/08/22 09:45:00",CG2,0
D,DISPATCH,UNIT_SCADA,1,"2019/08/22 09:45:00",CG3,0
D,DISPATCH,UNIT_SCADA,1,"2019/08/22 09:45:00",CG4,0
D,DISPATCH,UNIT_SCADA,1,"2019/08/22 09:45:00",CHILDSF1,40.12
D,DISPATCH,UNIT_SCADA,1,"2019/08/22 09:45:00",CLARESF1,45.019130
D,DISPATCH,UNIT_SCADA,1,"2019/08/22 09:45:00",CLEMGPWF,0.360180
D,DISPATCH,UNIT_SCADA,1,"2019/08/22 09:45:00",CLERMSF1,14.47
D,DISPATCH,UNIT_SCADA,1,"2019/08/22 09:45:00",COLEASF1,105.20
D,DISPATCH,UNIT_SCADA,1,"2019/08/22 09:45:00",COOPGWF1,35.516680
D,DISPATCH,UNIT_SCADA,1,"2019/08/22 09:45:00",CPP_3,405.075010
D,DISPATCH,UNIT_SCADA,1,"2019/08/22 09:45:00",CPP_4,293.975010
D,DISPATCH,UNIT_SCADA,1,"2019/08/22 09:45:00",CPSA,126.548750
D,DISPATCH,UNIT_SCADA,1,"2019/08/22 09:45:00",CROOKWF2,84.564990
D,DISPATCH,UNIT_SCADA,1,"2019/08/22 09:45:00",CROWLWF1,47.132670
D,DISPATCH,UNIT_SCADA,1,"2019/08/22 09:45:00",CSPVPS1,31.9690
D,DISPATCH,UNIT_SCADA,1,"2019/08/22 09:45:00",DALNTH01,0
D,DISPATCH,UNIT_SCADA,1,"2019/08/22 09:45:00",DALNTHL1,0.004580
D,DISPATCH,UNIT_SCADA,1,"2019/08/22 09:45:00",DARTM1,134.70
D,DISPATCH,UNIT_SCADA,1,"2019/08/22 09:45:00",DAYDSF1,118.0370
D,DISPATCH,UNIT_SCADA,1,"2019/08/22 09:45:00",DDPS1,0
D,DISPATCH,UNIT_SCADA,1,"2019/08/22 09:45:00",DDSF1,98.664440
D,DISPATCH,UNIT_SCADA,1,"2019/08/22 09:45:00",DEVILS_G,0
D,DISPATCH,UNIT_SCADA,1,"2019/08/22 09:45:00",DG_NSW1,0
D,DISPATCH,UNIT_SCADA,1,"2019/08/22 09:45:00",DG_QLD1,0
D,DISPATCH,UNIT_SCADA,1,"2019/08/22 09:45:00",DG_SA1,0
D,DISPATCH,UNIT_SCADA,1,"2019/08/22 09:45:00",DG_TAS1,0
D,DISPATCH,UNIT_SCADA,1,"2019/08/22 09:45:00",DG_VIC1,0
D,DISPATCH,UNIT_SCADA,1,"2019/08/22 09:45:00",DRYCGT1,0
D,DISPATCH,UNIT_SCADA,1,"2019/08/22 09:45:00",DRYCGT2,0
D,DISPATCH,UNIT_SCADA,1,"2019/08/22 09:45:00",DRYCGT3,0
D,DISPATCH,UNIT_SCADA,1,"2019/08/22 09:45:00",EILDON1,0
D,DISPATCH,UNIT_SCADA,1,"2019/08/22 09:45:00",EILDON2,0
D,DISPATCH,UNIT_SCADA,1,"2019/08/22 09:45:00",EMERASF1,61.12
D,DISPATCH,UNIT_SCADA,1,"2019/08/22 09:45:00",ER01,461.349980
D,DISPATCH,UNIT_SCADA,1,"2019/08/22 09:45:00",ER02,473.900020
D,DISPATCH,UNIT_SCADA,1,"2019/08/22 09:45:00",ER03,700.549930
D,DISPATCH,UNIT_SCADA,1,"2019/08/22 09:45:00",ER04,520.275020
D,DISPATCH,UNIT_SCADA,1,"2019/08/22 09:45:00",FINLYSF1,1.623380
D,DISPATCH,UNIT_SCADA,1,"2019/08/22 09:45:00",FISHER,45.87
D,DISPATCH,UNIT_SCADA,1,"2019/08/22 09:45:00",GANNBG1,0
D,DISPATCH,UNIT_SCADA,1,"2019/08/22 09:45:00",GANNBL1,0.0010
D,DISPATCH,UNIT_SCADA,1,"2019/08/22 09:45:00",GANNSF1,41.90
D,DISPATCH,UNIT_SCADA,1,"2019/08/22 09:45:00",GORDON,42.724080
D,DISPATCH,UNIT_SCADA,1,"2019/08/22 09:45:00",GSTONE1,109.90
D,DISPATCH,UNIT_SCADA,1,"2019/08/22 09:45:00",GSTONE2,110.25
D,DISPATCH,UNIT_SCADA,1,"2019/08/22 09:45:00",GSTONE3,110.0750
D,DISPATCH,UNIT_SCADA,1,"2019/08/22 09:45:00",GSTONE4,109.90
D,DISPATCH,UNIT_SCADA,1,"2019/08/22 09:45:00",GSTONE5,109.3750
D,DISPATCH,UNIT_SCADA,1,"2019/08/22 09:45:00",GSTONE6,0
D,DISPATCH,UNIT_SCADA,1,"2019/08/22 09:45:00",GULLRSF1,7.618320
D,DISPATCH,UNIT_SCADA,1,"2019/08/22 09:45:00",GULLRWF1,141.666080
D,DISPATCH,UNIT_SCADA,1,"2019/08/22 09:45:00",GUNNING1,43.246780
D,DISPATCH,UNIT_SCADA,1,"2019/08/22 09:45:00",GUTHEGA,0
D,DISPATCH,UNIT_SCADA,1,"2019/08/22 09:45:00",HALLWF1,17.02
D,DISPATCH,UNIT_SCADA,1,"2019/08/22 09:45:00",HALLWF2,11.34
D,DISPATCH,UNIT_SCADA,1,"2019/08/22 09:45:00",HAMISF1,47.40
D,DISPATCH,UNIT_SCADA,1,"2019/08/22 09:45:00",HAUGHT11,50.038780
D,DISPATCH,UNIT_SCADA,1,"2019/08/22 09:45:00",HAYMSF1,40.9520
D,DISPATCH,UNIT_SCADA,1,"2019/08/22 09:45:00",HDWF1,29.60
D,DISPATCH,UNIT_SCADA,1,"2019/08/22 09:45:00",HDWF2,25
D,DISPATCH,UNIT_SCADA,1,"2019/08/22 09:45:00",HDWF3,31.30
D,DISPATCH,UNIT_SCADA,1,"2019/08/22 09:45:00",HPRG1,0
D,DISPATCH,UNIT_SCADA,1,"2019/08/22 09:45:00",HPRL1,12.50
D,DISPATCH,UNIT_SCADA,1,"2019/08/22 09:45:00",HUMENSW,0
D,DISPATCH,UNIT_SCADA,1,"2019/08/22 09:45:00",HUMEV,10.10
D,DISPATCH,UNIT_SCADA,1,"2019/08/22 09:45:00",HVGTS,0
D,DISPATCH,UNIT_SCADA,1,"2019/08/22 09:45:00",JBUTTERS,136.30
D,DISPATCH,UNIT_SCADA,1,"2019/08/22 09:45:00",JLA01,0.50
D,DISPATCH,UNIT_SCADA,1,"2019/08/22 09:45:00",JLA02,0
D,DISPATCH,UNIT_SCADA,1,"2019/08/22 09:45:00",JLA03,0.10
D,DISPATCH,UNIT_SCADA,1,"2019/08/22 09:45:00",JLA04,0.10
D,DISPATCH,UNIT_SCADA,1,"2019/08/22 09:45:00",JLB01,0
D,DISPATCH,UNIT_SCADA,1,"2019/08/22 09:45:00",JLB02,0.10
D,DISPATCH,UNIT_SCADA,1,"2019/08/22 09:45:00",JLB03,0
D,DISPATCH,UNIT_SCADA,1,"2019/08/22 09:45:00",KAREEYA1,21.5650
D,DISPATCH,UNIT_SCADA,1,"2019/08/22 09:45:00",KAREEYA2,21.91
D,DISPATCH,UNIT_SCADA,1,"2019/08/22 09:45:00",KAREEYA3,0
D,DISPATCH,UNIT_SCADA,1,"2019/08/22 09:45:00",KAREEYA4,21.6425
D,DISPATCH,UNIT_SCADA,1,"2019/08/22 09:45:00",KARSF1,81.60
D,DISPATCH,UNIT_SCADA,1,"2019/08/22 09:45:00",KIATAWF1,28
D,DISPATCH,UNIT_SCADA,1,"2019/08/22 09:45:00",KPP_1,0
D,DISPATCH,UNIT_SCADA,1,"2019/08/22 09:45:00",KSP1,47.78
D,DISPATCH,UNIT_SCADA,1,"2019/08/22 09:45:00",LADBROK1,0
D,DISPATCH,UNIT_SCADA,1,"2019/08/22 09:45:00",LADBROK2,0
D,DISPATCH,UNIT_SCADA,1,"2019/08/22 09:45:00",LD01,356.737520
D,DISPATCH,UNIT_SCADA,1,"2019/08/22 09:45:00",LD02,353.362520
D,DISPATCH,UNIT_SCADA,1,"2019/08/22 09:45:00",LD03,353.906250
D,DISPATCH,UNIT_SCADA,1,"2019/08/22 09:45:00",LD04,356.043730
D,DISPATCH,UNIT_SCADA,1,"2019/08/22 09:45:00",LEM_WIL,85.8421
D,DISPATCH,UNIT_SCADA,1,"2019/08/22 09:45:00",LGAPWF1,4.84
D,DISPATCH,UNIT_SCADA,1,"2019/08/22 09:45:00",LILYSF1,95.420410
D,DISPATCH,UNIT_SCADA,1,"2019/08/22 09:45:00",LI_WY_CA,148.907880
D,DISPATCH,UNIT_SCADA,1,"2019/08/22 09:45:00",LKBONNY2,72.486560
D,DISPATCH,UNIT_SCADA,1,"2019/08/22 09:45:00",LKBONNY3,0
D,DISPATCH,UNIT_SCADA,1,"2019/08/22 09:45:00",LK_ECHO,0
D,DISPATCH,UNIT_SCADA,1,"2019/08/22 09:45:00",LNGS1,0
D,DISPATCH,UNIT_SCADA,1,"2019/08/22 09:45:00",LNGS2,0
D,DISPATCH,UNIT_SCADA,1,"2019/08/22 09:45:00",LONSDALE,0
D,DISPATCH,UNIT_SCADA,1,"2019/08/22 09:45:00",LOYYB1,535.712650
D,DISPATCH,UNIT_SCADA,1,"2019/08/22 09:45:00",LOYYB2,580.074710
D,DISPATCH,UNIT_SCADA,1,"2019/08/22 09:45:00",LYA1,558
D,DISPATCH,UNIT_SCADA,1,"2019/08/22 09:45:00",LYA2,0
D,DISPATCH,UNIT_SCADA,1,"2019/08/22 09:45:00",LYA3,559
D,DISPATCH,UNIT_SCADA,1,"2019/08/22 09:45:00",LYA4,528
D,DISPATCH,UNIT_SCADA,1,"2019/08/22 09:45:00",MACARTH1,183.695760
D,DISPATCH,UNIT_SCADA,1,"2019/08/22 09:45:00",MACKAYGT,0
D,DISPATCH,UNIT_SCADA,1,"2019/08/22 09:45:00",MACKNTSH,85.580010
D,DISPATCH,UNIT_SCADA,1,"2019/08/22 09:45:00",MANSLR1,10.4040
D,DISPATCH,UNIT_SCADA,1,"2019/08/22 09:45:00",MCKAY1,0.02
D,DISPATCH,UNIT_SCADA,1,"2019/08/22 09:45:00",MEADOWBK,33.610080
D,DISPATCH,UNIT_SCADA,1,"2019/08/22 09:45:00",MERCER01,51.41
D,DISPATCH,UNIT_SCADA,1,"2019/08/22 09:45:00",MEWF1,67.612670
D,DISPATCH,UNIT_SCADA,1,"2019/08/22 09:45:00",MINTARO,0
D,DISPATCH,UNIT_SCADA,1,"2019/08/22 09:45:00",MOREESF1,51.3760
D,DISPATCH,UNIT_SCADA,1,"2019/08/22 09:45:00",MORTLK11,257
D,DISPATCH,UNIT_SCADA,1,"2019/08/22 09:45:00",MORTLK12,0
D,DISPATCH,UNIT_SCADA,1,"2019/08/22 09:45:00",MP1,284.4751
D,DISPATCH,UNIT_SCADA,1,"2019/08/22 09:45:00",MP2,0
D,DISPATCH,UNIT_SCADA,1,"2019/08/22 09:45:00",MPP_1,365
D,DISPATCH,UNIT_SCADA,1,"2019/08/22 09:45:00",MPP_2,380
D,DISPATCH,UNIT_SCADA,1,"2019/08/22 09:45:00",MSTUART1,0
D,DISPATCH,UNIT_SCADA,1,"2019/08/22 09:45:00",MSTUART2,0
D,DISPATCH,UNIT_SCADA,1,"2019/08/22 09:45:00",MSTUART3,0
D,DISPATCH,UNIT_SCADA,1,"2019/08/22 09:45:00",MTGELWF1,65.381330
D,DISPATCH,UNIT_SCADA,1,"2019/08/22 09:45:00",MURRAY,0
D,DISPATCH,UNIT_SCADA,1,"2019/08/22 09:45:00",MUSSELR1,90.599990
D,DISPATCH,UNIT_SCADA,1,"2019/08/22 09:45:00",MUWAWF1,28.40
D,DISPATCH,UNIT_SCADA,1,"2019/08/22 09:45:00",NBHWF1,26.90
D,DISPATCH,UNIT_SCADA,1,"2019/08/22 09:45:00",NPS,0
D,DISPATCH,UNIT_SCADA,1,"2019/08/22 09:45:00",NUMURSF1,91.83
D,DISPATCH,UNIT_SCADA,1,"2019/08/22 09:45:00",NYNGAN1,85.25
D,DISPATCH,UNIT_SCADA,1,"2019/08/22 09:45:00",OAKEY1,0
D,DISPATCH,UNIT_SCADA,1,"2019/08/22 09:45:00",OAKEY1SF,21.6640
D,DISPATCH,UNIT_SCADA,1,"2019/08/22 09:45:00",OAKEY2,0
D,DISPATCH,UNIT_SCADA,1,"2019/08/22 09:45:00",OAKLAND1,40.10
D,DISPATCH,UNIT_SCADA,1,"2019/08/22 09:45:00",OSB-AG,108.19
D,DISPATCH,UNIT_SCADA,1,"2019/08/22 09:45:00",PARSF1,6.90
D,DISPATCH,UNIT_SCADA,1,"2019/08/22 09:45:00",POAT110,0
D,DISPATCH,UNIT_SCADA,1,"2019/08/22 09:45:00",POAT220,0
D,DISPATCH,UNIT_SCADA,1,"2019/08/22 09:45:00",POR01,0
D,DISPATCH,UNIT_SCADA,1,"2019/08/22 09:45:00",POR03,0
D,DISPATCH,UNIT_SCADA,1,"2019/08/22 09:45:00",PPCCGT,494.340240
D,DISPATCH,UNIT_SCADA,1,"2019/08/22 09:45:00",PTSTAN1,0
D,DISPATCH,UNIT_SCADA,1,"2019/08/22 09:45:00",PUMP1,0
D,DISPATCH,UNIT_SCADA,1,"2019/08/22 09:45:00",PUMP2,0
D,DISPATCH,UNIT_SCADA,1,"2019/08/22 09:45:00",QPS1,0
D,DISPATCH,UNIT_SCADA,1,"2019/08/22 09:45:00",QPS2,0
D,DISPATCH,UNIT_SCADA,1,"2019/08/22 09:45:00",QPS3,0
D,DISPATCH,UNIT_SCADA,1,"2019/08/22 09:45:00",QPS4,0
D,DISPATCH,UNIT_SCADA,1,"2019/08/22 09:45:00",QPS5,0
D,DISPATCH,UNIT_SCADA,1,"2019/08/22 09:45:00",REECE1,118.040010
D,DISPATCH,UNIT_SCADA,1,"2019/08/22 09:45:00",REECE2,117.400010
D,DISPATCH,UNIT_SCADA,1,"2019/08/22 09:45:00",ROMA_7,0
D,DISPATCH,UNIT_SCADA,1,"2019/08/22 09:45:00",ROMA_8,0
D,DISPATCH,UNIT_SCADA,1,"2019/08/22 09:45:00",RRSF1,106.501850
D,DISPATCH,UNIT_SCADA,1,"2019/08/22 09:45:00",RT_NSW1,0
D,DISPATCH,UNIT_SCADA,1,"2019/08/22 09:45:00",RT_NSW2,0
D,DISPATCH,UNIT_SCADA,1,"2019/08/22 09:45:00",RT_NSW3,0
D,DISPATCH,UNIT_SCADA,1,"2019/08/22 09:45:00",RT_NSW4,0
D,DISPATCH,UNIT_SCADA,1,"2019/08/22 09:45:00",RT_NSW5,0
D,DISPATCH,UNIT_SCADA,1,"2019/08/22 09:45:00",RT_NSW6,0
D,DISPATCH,UNIT_SCADA,1,"2019/08/22 09:45:00",RT_QLD1,0
D,DISPATCH,UNIT_SCADA,1,"2019/08/22 09:45:00",RT_SA1,0
D,DISPATCH,UNIT_SCADA,1,"2019/08/22 09:45:00",RT_SA2,0
D,DISPATCH,UNIT_SCADA,1,"2019/08/22 09:45:00",RT_SA3,0
D,DISPATCH,UNIT_SCADA,1,"2019/08/22 09:45:00",RT_SA4,0
D,DISPATCH,UNIT_SCADA,1,"2019/08/22 09:45:00",RT_SA5,0
D,DISPATCH,UNIT_SCADA,1,"2019/08/22 09:45:00",RT_SA6,0
D,DISPATCH,UNIT_SCADA,1,"2019/08/22 09:45:00",RT_TAS1,0
D,DISPATCH,UNIT_SCADA,1,"2019/08/22 09:45:00",RT_VIC1,0
D,DISPATCH,UNIT_SCADA,1,"2019/08/22 09:45:00",RT_VIC10,0
D,DISPATCH,UNIT_SCADA,1,"2019/08/22 09:45:00",RT_VIC11,0
D,DISPATCH,UNIT_SCADA,1,"2019/08/22 09:45:00",RT_VIC12,0
D,DISPATCH,UNIT_SCADA,1,"2019/08/22 09:45:00",RT_VIC2,0
D,DISPATCH,UNIT_SCADA,1,"2019/08/22 09:45:00",RT_VIC3,0
D,DISPATCH,UNIT_SCADA,1,"2019/08/22 09:45:00",RT_VIC4,0
D,DISPATCH,UNIT_SCADA,1,"2019/08/22 09:45:00",RT_VIC5,0
D,DISPATCH,UNIT_SCADA,1,"2019/08/22 09:45:00",RT_VIC6,0
D,DISPATCH,UNIT_SCADA,1,"2019/08/22 09:45:00",RT_VIC7,0
D,DISPATCH,UNIT_SCADA,1,"2019/08/22 09:45:00",RT_VIC8,0
D,DISPATCH,UNIT_SCADA,1,"2019/08/22 09:45:00",RT_VIC9,0
D,DISPATCH,UNIT_SCADA,1,"2019/08/22 09:45:00",RUGBYR1,61.784070
D,DISPATCH,UNIT_SCADA,1,"2019/08/22 09:45:00",SALTCRK1,29.57
D,DISPATCH,UNIT_SCADA,1,"2019/08/22 09:45:00",SAPHWF1,194.709380
D,DISPATCH,UNIT_SCADA,1,"2019/08/22 09:45:00",SHGEN,0
D,DISPATCH,UNIT_SCADA,1,"2019/08/22 09:45:00",SHPUMP,0
D,DISPATCH,UNIT_SCADA,1,"2019/08/22 09:45:00",SITHE01,0.2041
D,DISPATCH,UNIT_SCADA,1,"2019/08/22 09:45:00",SMCSF1,74.6549
D,DISPATCH,UNIT_SCADA,1,"2019/08/22 09:45:00",SNOWNTH1,10.40
D,DISPATCH,UNIT_SCADA,1,"2019/08/22 09:45:00",SNOWSTH1,7.40
D,DISPATCH,UNIT_SCADA,1,"2019/08/22 09:45:00",SNOWTWN1,3.074260
D,DISPATCH,UNIT_SCADA,1,"2019/08/22 09:45:00",SNOWYP,0
D,DISPATCH,UNIT_SCADA,1,"2019/08/22 09:45:00",SNUG1,0.019440
D,DISPATCH,UNIT_SCADA,1,"2019/08/22 09:45:00",SRSF1,34.90
D,DISPATCH,UNIT_SCADA,1,"2019/08/22 09:45:00",STAN-1,0
D,DISPATCH,UNIT_SCADA,1,"2019/08/22 09:45:00",STAN-2,275.646790
D,DISPATCH,UNIT_SCADA,1,"2019/08/22 09:45:00",STAN-3,275.774960
D,DISPATCH,UNIT_SCADA,1,"2019/08/22 09:45:00",STAN-4,280.440640
D,DISPATCH,UNIT_SCADA,1,"2019/08/22 09:45:00",STWF1,35.234990
D,DISPATCH,UNIT_SCADA,1,"2019/08/22 09:45:00",SWAN_E,0
D,DISPATCH,UNIT_SCADA,1,"2019/08/22 09:45:00",TALWA1,192
D,DISPATCH,UNIT_SCADA,1,"2019/08/22 09:45:00",TARALGA1,100.777510
D,DISPATCH,UNIT_SCADA,1,"2019/08/22 09:45:00",TARONG#1,278.50
D,DISPATCH,UNIT_SCADA,1,"2019/08/22 09:45:00",TARONG#2,277.899990
D,DISPATCH,UNIT_SCADA,1,"2019/08/22 09:45:00",TARONG#3,261.200010
D,DISPATCH,UNIT_SCADA,1,"2019/08/22 09:45:00",TARONG#4,280.899990
D,DISPATCH,UNIT_SCADA,1,"2019/08/22 09:45:00",TARRALEA,83.70
D,DISPATCH,UNIT_SCADA,1,"2019/08/22 09:45:00",TBSF1,57.80
D,DISPATCH,UNIT_SCADA,1,"2019/08/22 09:45:00",TNPS1,220.000020
D,DISPATCH,UNIT_SCADA,1,"2019/08/22 09:45:00",TORRA1,50.384950
D,DISPATCH,UNIT_SCADA,1,"2019/08/22 09:45:00",TORRA2,0
D,DISPATCH,UNIT_SCADA,1,"2019/08/22 09:45:00",TORRA3,43.936310
D,DISPATCH,UNIT_SCADA,1,"2019/08/22 09:45:00",TORRA4,0
D,DISPATCH,UNIT_SCADA,1,"2019/08/22 09:45:00",TORRB1,68.70
D,DISPATCH,UNIT_SCADA,1,"2019/08/22 09:45:00",TORRB2,69.67
D,DISPATCH,UNIT_SCADA,1,"2019/08/22 09:45:00",TORRB3,0
D,DISPATCH,UNIT_SCADA,1,"2019/08/22 09:45:00",TORRB4,0
D,DISPATCH,UNIT_SCADA,1,"2019/08/22 09:45:00",TREVALLN,69.810030
D,DISPATCH,UNIT_SCADA,1,"2019/08/22 09:45:00",TRIBUTE,83.38
D,DISPATCH,UNIT_SCADA,1,"2019/08/22 09:45:00",TUMUT3,0
D,DISPATCH,UNIT_SCADA,1,"2019/08/22 09:45:00",TUNGATIN,99.950030
D,DISPATCH,UNIT_SCADA,1,"2019/08/22 09:45:00",TVCC201,0
D,DISPATCH,UNIT_SCADA,1,"2019/08/22 09:45:00",TVPP104,0
D,DISPATCH,UNIT_SCADA,1,"2019/08/22 09:45:00",UPPTUMUT,0
D,DISPATCH,UNIT_SCADA,1,"2019/08/22 09:45:00",URANQ11,0
D,DISPATCH,UNIT_SCADA,1,"2019/08/22 09:45:00",URANQ12,0
D,DISPATCH,UNIT_SCADA,1,"2019/08/22 09:45:00",URANQ13,0
D,DISPATCH,UNIT_SCADA,1,"2019/08/22 09:45:00",URANQ14,0
D,DISPATCH,UNIT_SCADA,1,"2019/08/22 09:45:00",VP5,246.274990
D,DISPATCH,UNIT_SCADA,1,"2019/08/22 09:45:00",VP6,382.675020
D,DISPATCH,UNIT_SCADA,1,"2019/08/22 09:45:00",VPGS1,0
D,DISPATCH,UNIT_SCADA,1,"2019/08/22 09:45:00",VPGS2,0
D,DISPATCH,UNIT_SCADA,1,"2019/08/22 09:45:00",VPGS3,0
D,DISPATCH,UNIT_SCADA,1,"2019/08/22 09:45:00",VPGS4,0
D,DISPATCH,UNIT_SCADA,1,"2019/08/22 09:45:00",VPGS5,0
D,DISPATCH,UNIT_SCADA,1,"2019/08/22 09:45:00",VPGS6,0
D,DISPATCH,UNIT_SCADA,1,"2019/08/22 09:45:00",W/HOE#1,0
D,DISPATCH,UNIT_SCADA,1,"2019/08/22 09:45:00",W/HOE#2,0
D,DISPATCH,UNIT_SCADA,1,"2019/08/22 09:45:00",WATERLWF,13.30
D,DISPATCH,UNIT_SCADA,1,"2019/08/22 09:45:00",WEMENSF1,24.40
D,DISPATCH,UNIT_SCADA,1,"2019/08/22 09:45:00",WGWF1,16.90
D,DISPATCH,UNIT_SCADA,1,"2019/08/22 09:45:00",WHITSF1,20
D,DISPATCH,UNIT_SCADA,1,"2019/08/22 09:45:00",WKIEWA1,0
D,DISPATCH,UNIT_SCADA,1,"2019/08/22 09:45:00",WKIEWA2,15
D,DISPATCH,UNIT_SCADA,1,"2019/08/22 09:45:00",WOODLWN1,37.926010
D,DISPATCH,UNIT_SCADA,1,"2019/08/22 09:45:00",WRSF1,13.66
D,DISPATCH,UNIT_SCADA,1,"2019/08/22 09:45:00",WRWF1,150.626250
D,DISPATCH,UNIT_SCADA,1,"2019/08/22 09:45:00",YABULU,0
D,DISPATCH,UNIT_SCADA,1,"2019/08/22 09:45:00",YABULU2,0
D,DISPATCH,UNIT_SCADA,1,"2019/08/22 09:45:00",YARWUN_1,0
D,DISPATCH,UNIT_SCADA,1,"2019/08/22 09:45:00",YENDWF1,42.07
D,DISPATCH,UNIT_SCADA,1,"2019/08/22 09:45:00",YWPS1,375.939240
D,DISPATCH,UNIT_SCADA,1,"2019/08/22 09:45:00",YWPS2,280.448090
D,DISPATCH,UNIT_SCADA,1,"2019/08/22 09:45:00",YWPS3,0
D,DISPATCH,UNIT_SCADA,1,"2019/08/22 09:45:00",YWPS4,394.673430
C,"END OF REPORT",334
