C,NEMP.WORLD,DISPATCHSCADA,AEMO,PUBLIC,2019/08/21,18:40:07,0000000311836943,DISPATCHSCADA,0000000311836937
I,DISPATCH,UNIT_SCADA,1,SETTLEMENTDATE,DUID,SCADAVALUE
D,DISPATCH,UNIT_SCADA,1,"2019/08/21 18:45:00",BARCSF1,0.70
D,DISPATCH,UNIT_SCADA,1,"2019/08/21 18:45:00",BUTLERSG,9.699999
D,DISPATCH,UNIT_SCADA,1,"2019/08/21 18:45:00",CALL_A_4,0
D,DISPATCH,UNIT_SCADA,1,"2019/08/21 18:45:00",CAPTL_WF,129.440002
D,DISPATCH,UNIT_SCADA,1,"2019/08/21 18:45:00",CATHROCK,28.339998
D,DISPATCH,UNIT_SCADA,1,"2019/08/21 18:45:00",CHALLHWF,35.199997
D,DISPATCH,UNIT_SCADA,1,"2019/08/21 18:45:00",CLOVER,-0.01
D,DISPATCH,UNIT_SCADA,1,"2019/08/21 18:45:00",CLUNY,20.140535
D,DISPATCH,UNIT_SCADA,1,"2019/08/21 18:45:00",CNUNDAWF,40.847649
D,DISPATCH,UNIT_SCADA,1,"2019/08/21 18:45:00",CULLRGWF,30.299999
D,DISPATCH,UNIT_SCADA,1,"2019/08/21 18:45:00",ERGT01,0
D,DISPATCH,UNIT_SCADA,1,"2019/08/21 18:45:00",GB01,0.070976
D,DISPATCH,UNIT_SCADA,1,"2019/08/21 18:45:00",GERMCRK,38
D,DISPATCH,UNIT_SCADA,1,"2019/08/21 18:45:00",GRIFSF1,0
D,DISPATCH,UNIT_SCADA,1,"2019/08/21 18:45:00",HUGSF1,-0.1430
D,DISPATCH,UNIT_SCADA,1,"2019/08/21 18:45:00",LKBONNY1,68.946831
D,DISPATCH,UNIT_SCADA,1,"2019/08/21 18:45:00",LRSF1,0.0390
D,DISPATCH,UNIT_SCADA,1,"2019/08/21 18:45:00",MBAHNTH,55.856247
D,DISPATCH,UNIT_SCADA,1,"2019/08/21 18:45:00",MLSP1,0.271001
D,DISPATCH,UNIT_SCADA,1,"2019/08/21 18:45:00",MLWF1,19.440001
D,DISPATCH,UNIT_SCADA,1,"2019/08/21 18:45:00",MTMILLAR,14.465909
D,DISPATCH,UNIT_SCADA,1,"2019/08/21 18:45:00",PALOONA,23.769999
D,DISPATCH,UNIT_SCADA,1,"2019/08/21 18:45:00",PIONEER,30
D,DISPATCH,UNIT_SCADA,1,"2019/08/21 18:45:00",PORTWF,141.300003
D,DISPATCH,UNIT_SCADA,1,"2019/08/21 18:45:00",REPULSE,28.917067
D,DISPATCH,UNIT_SCADA,1,"2019/08/21 18:45:00",ROWALLAN,10.3092
D,DISPATCH,UNIT_SCADA,1,"2019/08/21 18:45:00",ROYALLA1,0
D,DISPATCH,UNIT_SCADA,1,"2019/08/21 18:45:00",RPCG,9.80
D,DISPATCH,UNIT_SCADA,1,"2019/08/21 18:45:00",RUBICON,0
D,DISPATCH,UNIT_SCADA,1,"2019/08/21 18:45:00",SATGN1,0
D,DISPATCH,UNIT_SCADA,1,"2019/08/21 18:45:00",SATGS1,0
D,DISPATCH,UNIT_SCADA,1,"2019/08/21 18:45:00",STARHLWF,3.399009
D,DISPATCH,UNIT_SCADA,1,"2019/08/21 18:45:00",WAUBRAWF,160.162003
D,DISPATCH,UNIT_SCADA,1,"2019/08/21 18:45:00",WOOLNTH1,135.250015
D,DISPATCH,UNIT_SCADA,1,"2019/08/21 18:45:00",WPWF,58
D,DISPATCH,UNIT_SCADA,1,"2019/08/21 18:45:00",YAMBUKWF,28.799999
D,DISPATCH,UNIT_SCADA,1,"2019/08/21 18:45:00",YSWF1,28.700001
D,DISPATCH,UNIT_SCADA,1,"2019/08/21 18:45:00",AGLHAL,0
D,DISPATCH,UNIT_SCADA,1,"2019/08/21 18:45:00",AGLSOM,0
D,DISPATCH,UNIT_SCADA,1,"2019/08/21 18:45:00",ANGAST1,0
D,DISPATCH,UNIT_SCADA,1,"2019/08/21 18:45:00",ARWF1,117
D,DISPATCH,UNIT_SCADA,1,"2019/08/21 18:45:00",BALBG1,0
D,DISPATCH,UNIT_SCADA,1,"2019/08/21 18:45:00",BALBL1,6.17
D,DISPATCH,UNIT_SCADA,1,"2019/08/21 18:45:00",BALDHWF1,100.8950
D,DISPATCH,UNIT_SCADA,1,"2019/08/21 18:45:00",BANN1,0
D,DISPATCH,UNIT_SCADA,1,"2019/08/21 18:45:00",BARCALDN,0
D,DISPATCH,UNIT_SCADA,1,"2019/08/21 18:45:00",BARRON-1,0
D,DISPATCH,UNIT_SCADA,1,"2019/08/21 18:45:00",BARRON-2,27.48
D,DISPATCH,UNIT_SCADA,1,"2019/08/21 18:45:00",BASTYAN,76.41
D,DISPATCH,UNIT_SCADA,1,"2019/08/21 18:45:00",BBTHREE1,-1.79
D,DISPATCH,UNIT_SCADA,1,"2019/08/21 18:45:00",BBTHREE2,-1.85
D,DISPATCH,UNIT_SCADA,1,"2019/08/21 18:45:00",BBTHREE3,0
D,DISPATCH,UNIT_SCADA,1,"2019/08/21 18:45:00",BDL01,42.72
D,DISPATCH,UNIT_SCADA,1,"2019/08/21 18:45:00",BDL02,0
D,DISPATCH,UNIT_SCADA,1,"2019/08/21 18:45:00",BERYLSF1,0
D,DISPATCH,UNIT_SCADA,1,"2019/08/21 18:45:00",BLOWERNG,0
D,DISPATCH,UNIT_SCADA,1,"2019/08/21 18:45:00",BLUFF1,21.90
D,DISPATCH,UNIT_SCADA,1,"2019/08/21 18:45:00",BNGSF1,0
D,DISPATCH,UNIT_SCADA,1,"2019/08/21 18:45:00",BNGSF2,0
D,DISPATCH,UNIT_SCADA,1,"2019/08/21 18:45:00",BOCORWF1,107.69
D,DISPATCH,UNIT_SCADA,1,"2019/08/21 18:45:00",BODWF1,81.482770
D,DISPATCH,UNIT_SCADA,1,"2019/08/21 18:45:00",BRAEMAR1,0
D,DISPATCH,UNIT_SCADA,1,"2019/08/21 18:45:00",BRAEMAR2,173.200010
D,DISPATCH,UNIT_SCADA,1,"2019/08/21 18:45:00",BRAEMAR3,0
D,DISPATCH,UNIT_SCADA,1,"2019/08/21 18:45:00",BRAEMAR5,0
D,DISPATCH,UNIT_SCADA,1,"2019/08/21 18:45:00",BRAEMAR6,0
D,DISPATCH,UNIT_SCADA,1,"2019/08/21 18:45:00",BRAEMAR7,0
D,DISPATCH,UNIT_SCADA,1,"2019/08/21 18:45:00",BROKENH1,0
D,DISPATCH,UNIT_SCADA,1,"2019/08/21 18:45:00",BW01,629.25
D,DISPATCH,UNIT_SCADA,1,"2019/08/21 18:45:00",BW02,620.224980
D,DISPATCH,UNIT_SCADA,1,"2019/08/21 18:45:00",BW03,632.699950
D,DISPATCH,UNIT_SCADA,1,"2019/08/21 18:45:00",BW04,0
D,DISPATCH,UNIT_SCADA,1,"2019/08/21 18:45:00",CALL_B_1,350.200010
D,DISPATCH,UNIT_SCADA,1,"2019/08/21 18:45:00",CALL_B_2,350.399990
D,DISPATCH,UNIT_SCADA,1,"2019/08/21 18:45:00",CETHANA,99.561620
D,DISPATCH,UNIT_SCADA,1,"2019/08/21 18:45:00",CG1,0
D,DISPATCH,UNIT_SCADA,1,"2019/08/21 18:45:00",CG2,0
D,DISPATCH,UNIT_SCADA,1,"2019/08/21 18:45:00",CG3,0
D,DISPATCH,UNIT_SCADA,1,"2019/08/21 18:45:00",CG4,0
D,DISPATCH,UNIT_SCADA,1,"2019/08/21 18:45:00",CHILDSF1,0.01
D,DISPATCH,UNIT_SCADA,1,"2019/08/21 18:45:00",CLARESF1,0
D,DISPATCH,UNIT_SCADA,1,"2019/08/21 18:45:00",CLEMGPWF,22.186780
D,DISPATCH,UNIT_SCADA,1,"2019/08/21 18:45:00",CLERMSF1,0
D,DISPATCH,UNIT_SCADA,1,"2019/08/21 18:45:00",COLEASF1,0
D,DISPATCH,UNIT_SCADA,1,"2019/08/21 18:45:00",COOPGWF1,38.290470
D,DISPATCH,UNIT_SCADA,1,"2019/08/21 18:45:00",CPP_3,405.899990
D,DISPATCH,UNIT_SCADA,1,"2019/08/21 18:45:00",CPP_4,403.975010
D,DISPATCH,UNIT_SCADA,1,"2019/08/21 18:45:00",CPSA,142.415620
D,DISPATCH,UNIT_SCADA,1,"2019/08/21 18:45:00",CROOKWF2,91.253750
D,DISPATCH,UNIT_SCADA,1,"2019/08/21 18:45:00",CROWLWF1,34.807810
D,DISPATCH,UNIT_SCADA,1,"2019/08/21 18:45:00",CSPVPS1,0.0430
D,DISPATCH,UNIT_SCADA,1,"2019/08/21 18:45:00",DALNTH01,6.047150
D,DISPATCH,UNIT_SCADA,1,"2019/08/21 18:45:00",DALNTHL1,0
D,DISPATCH,UNIT_SCADA,1,"2019/08/21 18:45:00",DARTM1,132.20
D,DISPATCH,UNIT_SCADA,1,"2019/08/21 18:45:00",DAYDSF1,0
D,DISPATCH,UNIT_SCADA,1,"2019/08/21 18:45:00",DDPS1,532.890630
D,DISPATCH,UNIT_SCADA,1,"2019/08/21 18:45:00",DDSF1,0
D,DISPATCH,UNIT_SCADA,1,"2019/08/21 18:45:00",DEVILS_G,0
D,DISPATCH,UNIT_SCADA,1,"2019/08/21 18:45:00",DG_NSW1,0
D,DISPATCH,UNIT_SCADA,1,"2019/08/21 18:45:00",DG_QLD1,0
D,DISPATCH,UNIT_SCADA,1,"2019/08/21 18:45:00",DG_SA1,0
D,DISPATCH,UNIT_SCADA,1,"2019/08/21 18:45:00",DG_TAS1,0
D,DISPATCH,UNIT_SCADA,1,"2019/08/21 18:45:00",DG_VIC1,0
D,DISPATCH,UNIT_SCADA,1,"2019/08/21 18:45:00",DRYCGT1,0
D,DISPATCH,UNIT_SCADA,1,"2019/08/21 18:45:00",DRYCGT2,0
D,DISPATCH,UNIT_SCADA,1,"2019/08/21 18:45:00",DRYCGT3,0
D,DISPATCH,UNIT_SCADA,1,"2019/08/21 18:45:00",EILDON1,0
D,DISPATCH,UNIT_SCADA,1,"2019/08/21 18:45:00",EILDON2,0
D,DISPATCH,UNIT_SCADA,1,"2019/08/21 18:45:00",EMERASF1,0
D,DISPATCH,UNIT_SCADA,1,"2019/08/21 18:45:00",ER01,581.3501
D,DISPATCH,UNIT_SCADA,1,"2019/08/21 18:45:00",ER02,605.4751
D,DISPATCH,UNIT_SCADA,1,"2019/08/21 18:45:00",ER03,698.099980
D,DISPATCH,UNIT_SCADA,1,"2019/08/21 18:45:00",ER04,684.924930
D,DISPATCH,UNIT_SCADA,1,"2019/08/21 18:45:00",FINLYSF1,0
D,DISPATCH,UNIT_SCADA,1,"2019/08/21 18:45:00",FISHER,45.41
D,DISPATCH,UNIT_SCADA,1,"2019/08/21 18:45:00",GANNBG1,0.989450
D,DISPATCH,UNIT_SCADA,1,"2019/08/21 18:45:00",GANNBL1,0
D,DISPATCH,UNIT_SCADA,1,"2019/08/21 18:45:00",GANNSF1,0
D,DISPATCH,UNIT_SCADA,1,"2019/08/21 18:45:00",GORDON,100.852070
D,DISPATCH,UNIT_SCADA,1,"2019/08/21 18:45:00",GSTONE1,216.474990
D,DISPATCH,UNIT_SCADA,1,"2019/08/21 18:45:00",GSTONE2,220.149990
D,DISPATCH,UNIT_SCADA,1,"2019/08/21 18:45:00",GSTONE3,217
D,DISPATCH,UNIT_SCADA,1,"2019/08/21 18:45:00",GSTONE4,217.1750
D,DISPATCH,UNIT_SCADA,1,"2019/08/21 18:45:00",GSTONE5,215.774990
D,DISPATCH,UNIT_SCADA,1,"2019/08/21 18:45:00",GSTONE6,0
D,DISPATCH,UNIT_SCADA,1,"2019/08/21 18:45:00",GULLRSF1,0
D,DISPATCH,UNIT_SCADA,1,"2019/08/21 18:45:00",GULLRWF1,158.919950
D,DISPATCH,UNIT_SCADA,1,"2019/08/21 18:45:00",GUNNING1,46.0636
D,DISPATCH,UNIT_SCADA,1,"2019/08/21 18:45:00",GUTHEGA,30.90
D,DISPATCH,UNIT_SCADA,1,"2019/08/21 18:45:00",HALLWF1,37.45
D,DISPATCH,UNIT_SCADA,1,"2019/08/21 18:45:00",HALLWF2,35.33
D,DISPATCH,UNIT_SCADA,1,"2019/08/21 18:45:00",HAMISF1,0
D,DISPATCH,UNIT_SCADA,1,"2019/08/21 18:45:00",HAUGHT11,0
D,DISPATCH,UNIT_SCADA,1,"2019/08/21 18:45:00",HAYMSF1,0
D,DISPATCH,UNIT_SCADA,1,"2019/08/21 18:45:00",HDWF1,33.50
D,DISPATCH,UNIT_SCADA,1,"2019/08/21 18:45:00",HDWF2,34.60
D,DISPATCH,UNIT_SCADA,1,"2019/08/21 18:45:00",HDWF3,34.40
D,DISPATCH,UNIT_SCADA,1,"2019/08/21 18:45:00",HPRG1,0
D,DISPATCH,UNIT_SCADA,1,"2019/08/21 18:45:00",HPRL1,17.80
D,DISPATCH,UNIT_SCADA,1,"2019/08/21 18:45:00",HUMENSW,0
D,DISPATCH,UNIT_SCADA,1,"2019/08/21 18:45:00",HUMEV,9.20
D,DISPATCH,UNIT_SCADA,1,"2019/08/21 18:45:00",HVGTS,0
D,DISPATCH,UNIT_SCADA,1,"2019/08/21 18:45:00",JBUTTERS,136.319990
D,DISPATCH,UNIT_SCADA,1,"2019/08/21 18:45:00",JLA01,0.50
D,DISPATCH,UNIT_SCADA,1,"2019/08/21 18:45:00",JLA02,0
D,DISPATCH,UNIT_SCADA,1,"2019/08/21 18:45:00",JLA03,0.10
D,DISPATCH,UNIT_SCADA,1,"2019/08/21 18:45:00",JLA04,0.10
D,DISPATCH,UNIT_SCADA,1,"2019/08/21 18:45:00",JLB01,0
D,DISPATCH,UNIT_SCADA,1,"2019/08/21 18:45:00",JLB02,0.10
D,DISPATCH,UNIT_SCADA,1,"2019/08/21 18:45:00",JLB03,0
D,DISPATCH,UNIT_SCADA,1,"2019/08/21 18:45:00",KAREEYA1,21.3850
D,DISPATCH,UNIT_SCADA,1,"2019/08/21 18:45:00",KAREEYA2,21.6025
D,DISPATCH,UNIT_SCADA,1,"2019/08/21 18:45:00",KAREEYA3,0
D,DISPATCH,UNIT_SCADA,1,"2019/08/21 18:45:00",KAREEYA4,21.5575
D,DISPATCH,UNIT_SCADA,1,"2019/08/21 18:45:00",KARSF1,0
D,DISPATCH,UNIT_SCADA,1,"2019/08/21 18:45:00",KIATAWF1,30.50
D,DISPATCH,UNIT_SCADA,1,"2019/08/21 18:45:00",KPP_1,0
D,DISPATCH,UNIT_SCADA,1,"2019/08/21 18:45:00",KSP1,0
D,DISPATCH,UNIT_SCADA,1,"2019/08/21 18:45:00",LADBROK1,42.35
D,DISPATCH,UNIT_SCADA,1,"2019/08/21 18:45:00",LADBROK2,43.07
D,DISPATCH,UNIT_SCADA,1,"2019/08/21 18:45:00",LD01,419.381290
D,DISPATCH,UNIT_SCADA,1,"2019/08/21 18:45:00",LD02,420.862520
D,DISPATCH,UNIT_SCADA,1,"2019/08/21 18:45:00",LD03,419.5687
D,DISPATCH,UNIT_SCADA,1,"2019/08/21 18:45:00",LD04,380.643770
D,DISPATCH,UNIT_SCADA,1,"2019/08/21 18:45:00",LEM_WIL,85.9040
D,DISPATCH,UNIT_SCADA,1,"2019/08/21 18:45:00",LGAPWF1,22.31
D,DISPATCH,UNIT_SCADA,1,"2019/08/21 18:45:00",LILYSF1,0
D,DISPATCH,UNIT_SCADA,1,"2019/08/21 18:45:00",LI_WY_CA,148.920010
D,DISPATCH,UNIT_SCADA,1,"2019/08/21 18:45:00",LKBONNY2,152.958340
D,DISPATCH,UNIT_SCADA,1,"2019/08/21 18:45:00",LKBONNY3,34.777110
D,DISPATCH,UNIT_SCADA,1,"2019/08/21 18:45:00",LK_ECHO,0
D,DISPATCH,UNIT_SCADA,1,"2019/08/21 18:45:00",LNGS1,0
D,DISPATCH,UNIT_SCADA,1,"2019/08/21 18:45:00",LNGS2,0
D,DISPATCH,UNIT_SCADA,1,"2019/08/21 18:45:00",LONSDALE,0
D,DISPATCH,UNIT_SCADA,1,"2019/08/21 18:45:00",LOYYB1,527.0658
D,DISPATCH,UNIT_SCADA,1,"2019/08/21 18:45:00",LOYYB2,582.330380
D,DISPATCH,UNIT_SCADA,1,"2019/08/21 18:45:00",LYA1,559
D,DISPATCH,UNIT_SCADA,1,"2019/08/21 18:45:00",LYA2,0
D,DISPATCH,UNIT_SCADA,1,"2019/08/21 18:45:00",LYA3,558
D,DISPATCH,UNIT_SCADA,1,"2019/08/21 18:45:00",LYA4,531
D,DISPATCH,UNIT_SCADA,1,"2019/08/21 18:45:00",MACARTH1,344.392060
D,DISPATCH,UNIT_SCADA,1,"2019/08/21 18:45:00",MACKAYGT,0
D,DISPATCH,UNIT_SCADA,1,"2019/08/21 18:45:00",MACKNTSH,83.63
D,DISPATCH,UNIT_SCADA,1,"2019/08/21 18:45:00",MANSLR1,0
D,DISPATCH,UNIT_SCADA,1,"2019/08/21 18:45:00",MCKAY1,0.02
D,DISPATCH,UNIT_SCADA,1,"2019/08/21 18:45:00",MEADOWBK,33.838720
D,DISPATCH,UNIT_SCADA,1,"2019/08/21 18:45:00",MERCER01,122.2610
D,DISPATCH,UNIT_SCADA,1,"2019/08/21 18:45:00",MEWF1,71.303170
D,DISPATCH,UNIT_SCADA,1,"2019/08/21 18:45:00",MINTARO,0
D,DISPATCH,UNIT_SCADA,1,"2019/08/21 18:45:00",MOREESF1,0
D,DISPATCH,UNIT_SCADA,1,"2019/08/21 18:45:00",MORTLK11,0
D,DISPATCH,UNIT_SCADA,1,"2019/08/21 18:45:00",MORTLK12,0
D,DISPATCH,UNIT_SCADA,1,"2019/08/21 18:45:00",MP1,279.825070
D,DISPATCH,UNIT_SCADA,1,"2019/08/21 18:45:00",MP2,0
D,DISPATCH,UNIT_SCADA,1,"2019/08/21 18:45:00",MPP_1,299.75
D,DISPATCH,UNIT_SCADA,1,"2019/08/21 18:45:00",MPP_2,434
D,DISPATCH,UNIT_SCADA,1,"2019/08/21 18:45:00",MSTUART1,0
D,DISPATCH,UNIT_SCADA,1,"2019/08/21 18:45:00",MSTUART2,0
D,DISPATCH,UNIT_SCADA,1,"2019/08/21 18:45:00",MSTUART3,0
D,DISPATCH,UNIT_SCADA,1,"2019/08/21 18:45:00",MTGELWF1,64.848790
D,DISPATCH,UNIT_SCADA,1,"2019/08/21 18:45:00",MURRAY,0
D,DISPATCH,UNIT_SCADA,1,"2019/08/21 18:45:00",MUSSELR1,163.099990
D,DISPATCH,UNIT_SCADA,1,"2019/08/21 18:45:00",MUWAWF1,47.62
D,DISPATCH,UNIT_SCADA,1,"2019/08/21 18:45:00",NBHWF1,31.30
D,DISPATCH,UNIT_SCADA,1,"2019/08/21 18:45:00",NPS,443.25
D,DISPATCH,UNIT_SCADA,1,"2019/08/21 18:45:00",NUMURSF1,0
D,DISPATCH,UNIT_SCADA,1,"2019/08/21 18:45:00",NYNGAN1,0
D,DISPATCH,UNIT_SCADA,1,"2019/08/21 18:45:00",OAKEY1,0
D,DISPATCH,UNIT_SCADA,1,"2019/08/21 18:45:00",OAKEY1SF,0.0510
D,DISPATCH,UNIT_SCADA,1,"2019/08/21 18:45:00",OAKEY2,0
D,DISPATCH,UNIT_SCADA,1,"2019/08/21 18:45:00",OAKLAND1,61
D,DISPATCH,UNIT_SCADA,1,"2019/08/21 18:45:00",OSB-AG,0
D,DISPATCH,UNIT_SCADA,1,"2019/08/21 18:45:00",PARSF1,0
D,DISPATCH,UNIT_SCADA,1,"2019/08/21 18:45:00",POAT110,42.399360
D,DISPATCH,UNIT_SCADA,1,"2019/08/21 18:45:00",POAT220,92.2244
D,DISPATCH,UNIT_SCADA,1,"2019/08/21 18:45:00",POR01,0
D,DISPATCH,UNIT_SCADA,1,"2019/08/21 18:45:00",POR03,0
D,DISPATCH,UNIT_SCADA,1,"2019/08/21 18:45:00",PPCCGT,495.011350
D,DISPATCH,UNIT_SCADA,1,"2019/08/21 18:45:00",PTSTAN1,0
D,DISPATCH,UNIT_SCADA,1,"2019/08/21 18:45:00",PUMP1,0
D,DISPATCH,UNIT_SCADA,1,"2019/08/21 18:45:00",PUMP2,0
D,DISPATCH,UNIT_SCADA,1,"2019/08/21 18:45:00",QPS1,0
D,DISPATCH,UNIT_SCADA,1,"2019/08/21 18:45:00",QPS2,0
D,DISPATCH,UNIT_SCADA,1,"2019/08/21 18:45:00",QPS3,0
D,DISPATCH,UNIT_SCADA,1,"2019/08/21 18:45:00",QPS4,0
D,DISPATCH,UNIT_SCADA,1,"2019/08/21 18:45:00",QPS5,0
D,DISPATCH,UNIT_SCADA,1,"2019/08/21 18:45:00",REECE1,117.930010
D,DISPATCH,UNIT_SCADA,1,"2019/08/21 18:45:00",REECE2,110.760010
D,DISPATCH,UNIT_SCADA,1,"2019/08/21 18:45:00",ROMA_7,0
D,DISPATCH,UNIT_SCADA,1,"2019/08/21 18:45:00",ROMA_8,0
D,DISPATCH,UNIT_SCADA,1,"2019/08/21 18:45:00",RRSF1,0
D,DISPATCH,UNIT_SCADA,1,"2019/08/21 18:45:00",RT_NSW1,0
D,DISPATCH,UNIT_SCADA,1,"2019/08/21 18:45:00",RT_NSW2,0
D,DISPATCH,UNIT_SCADA,1,"2019/08/21 18:45:00",RT_NSW3,0
D,DISPATCH,UNIT_SCADA,1,"2019/08/21 18:45:00",RT_NSW4,0
D,DISPATCH,UNIT_SCADA,1,"2019/08/21 18:45:00",RT_NSW5,0
D,DISPATCH,UNIT_SCADA,1,"2019/08/21 18:45:00",RT_NSW6,0
D,DISPATCH,UNIT_SCADA,1,"2019/08/21 18:45:00",RT_QLD1,0
D,DISPATCH,UNIT_SCADA,1,"2019/08/21 18:45:00",RT_SA1,0
D,DISPATCH,UNIT_SCADA,1,"2019/08/21 18:45:00",RT_SA2,0
D,DISPATCH,UNIT_SCADA,1,"2019/08/21 18:45:00",RT_SA3,0
D,DISPATCH,UNIT_SCADA,1,"2019/08/21 18:45:00",RT_SA4,0
D,DISPATCH,UNIT_SCADA,1,"2019/08/21 18:45:00",RT_SA5,0
D,DISPATCH,UNIT_SCADA,1,"2019/08/21 18:45:00",RT_SA6,0
D,DISPATCH,UNIT_SCADA,1,"2019/08/21 18:45:00",RT_TAS1,0
D,DISPATCH,UNIT_SCADA,1,"2019/08/21 18:45:00",RT_VIC1,0
D,DISPATCH,UNIT_SCADA,1,"2019/08/21 18:45:00",RT_VIC10,0
D,DISPATCH,UNIT_SCADA,1,"2019/08/21 18:45:00",RT_VIC11,0
D,DISPATCH,UNIT_SCADA,1,"2019/08/21 18:45:00",RT_VIC12,0
D,DISPATCH,UNIT_SCADA,1,"2019/08/21 18:45:00",RT_VIC2,0
D,DISPATCH,UNIT_SCADA,1,"2019/08/21 18:45:00",RT_VIC3,0
D,DISPATCH,UNIT_SCADA,1,"2019/08/21 18:45:00",RT_VIC4,0
D,DISPATCH,UNIT_SCADA,1,"2019/08/21 18:45:00",RT_VIC5,0
D,DISPATCH,UNIT_SCADA,1,"2019/08/21 18:45:00",RT_VIC6,0
D,DISPATCH,UNIT_SCADA,1,"2019/08/21 18:45:00",RT_VIC7,0
D,DISPATCH,UNIT_SCADA,1,"2019/08/21 18:45:00",RT_VIC8,0
D,DISPATCH,UNIT_SCADA,1,"2019/08/21 18:45:00",RT_VIC9,0
D,DISPATCH,UNIT_SCADA,1,"2019/08/21 18:45:00",RUGBYR1,0
D,DISPATCH,UNIT_SCADA,1,"2019/08/21 18:45:00",SALTCRK1,49.08
D,DISPATCH,UNIT_SCADA,1,"2019/08/21 18:45:00",SAPHWF1,186.956270
D,DISPATCH,UNIT_SCADA,1,"2019/08/21 18:45:00",SHGEN,197.801420
D,DISPATCH,UNIT_SCADA,1,"2019/08/21 18:45:00",SHPUMP,0
D,DISPATCH,UNIT_SCADA,1,"2019/08/21 18:45:00",SITHE01,0.123710
D,DISPATCH,UNIT_SCADA,1,"2019/08/21 18:45:00",SMCSF1,0
D,DISPATCH,UNIT_SCADA,1,"2019/08/21 18:45:00",SNOWNTH1,55.60
D,DISPATCH,UNIT_SCADA,1,"2019/08/21 18:45:00",SNOWSTH1,66.40
D,DISPATCH,UNIT_SCADA,1,"2019/08/21 18:45:00",SNOWTWN1,19.3290
D,DISPATCH,UNIT_SCADA,1,"2019/08/21 18:45:00",SNOWYP,0
D,DISPATCH,UNIT_SCADA,1,"2019/08/21 18:45:00",SNUG1,0.019440
D,DISPATCH,UNIT_SCADA,1,"2019/08/21 18:45:00",SRSF1,0.44
D,DISPATCH,UNIT_SCADA,1,"2019/08/21 18:45:00",STAN-1,0
D,DISPATCH,UNIT_SCADA,1,"2019/08/21 18:45:00",STAN-2,344.901370
D,DISPATCH,UNIT_SCADA,1,"2019/08/21 18:45:00",STAN-3,342.1199
D,DISPATCH,UNIT_SCADA,1,"2019/08/21 18:45:00",STAN-4,364.640780
D,DISPATCH,UNIT_SCADA,1,"2019/08/21 18:45:00",STWF1,118.102490
D,DISPATCH,UNIT_SCADA,1,"2019/08/21 18:45:00",SWAN_E,0
D,DISPATCH,UNIT_SCADA,1,"2019/08/21 18:45:00",TALWA1,419
D,DISPATCH,UNIT_SCADA,1,"2019/08/21 18:45:00",TARALGA1,61.117490
D,DISPATCH,UNIT_SCADA,1,"2019/08/21 18:45:00",TARONG#1,344.700010
D,DISPATCH,UNIT_SCADA,1,"2019/08/21 18:45:00",TARONG#2,345.300020
D,DISPATCH,UNIT_SCADA,1,"2019/08/21 18:45:00",TARONG#3,260.800020
D,DISPATCH,UNIT_SCADA,1,"2019/08/21 18:45:00",TARONG#4,349.700010
D,DISPATCH,UNIT_SCADA,1,"2019/08/21 18:45:00",TARRALEA,83.90
D,DISPATCH,UNIT_SCADA,1,"2019/08/21 18:45:00",TBSF1,-0.20
D,DISPATCH,UNIT_SCADA,1,"2019/08/21 18:45:00",TNPS1,442.000030
D,DISPATCH,UNIT_SCADA,1,"2019/08/21 18:45:00",TORRA1,113.6113
D,DISPATCH,UNIT_SCADA,1,"2019/08/21 18:45:00",TORRA2,0
D,DISPATCH,UNIT_SCADA,1,"2019/08/21 18:45:00",TORRA3,0
D,DISPATCH,UNIT_SCADA,1,"2019/08/21 18:45:00",TORRA4,0
D,DISPATCH,UNIT_SCADA,1,"2019/08/21 18:45:00",TORRB1,127.72
D,DISPATCH,UNIT_SCADA,1,"2019/08/21 18:45:00",TORRB2,190.100010
D,DISPATCH,UNIT_SCADA,1,"2019/08/21 18:45:00",TORRB3,0
D,DISPATCH,UNIT_SCADA,1,"2019/08/21 18:45:00",TORRB4,0
D,DISPATCH,UNIT_SCADA,1,"2019/08/21 18:45:00",TREVALLN,70.000030
D,DISPATCH,UNIT_SCADA,1,"2019/08/21 18:45:00",TRIBUTE,80.43
D,DISPATCH,UNIT_SCADA,1,"2019/08/21 18:45:00",TUMUT3,763.19
D,DISPATCH,UNIT_SCADA,1,"2019/08/21 18:45:00",TUNGATIN,131.440030
D,DISPATCH,UNIT_SCADA,1,"2019/08/21 18:45:00",TVCC201,0
D,DISPATCH,UNIT_SCADA,1,"2019/08/21 18:45:00",TVPP104,0
D,DISPATCH,UNIT_SCADA,1,"2019/08/21 18:45:00",UPPTUMUT,0
D,DISPATCH,UNIT_SCADA,1,"2019/08/21 18:45:00",URANQ11,0
D,DISPATCH,UNIT_SCADA,1,"2019/08/21 18:45:00",URANQ12,0
D,DISPATCH,UNIT_SCADA,1,"2019/08/21 18:45:00",URANQ13,0
D,DISPATCH,UNIT_SCADA,1,"2019/08/21 18:45:00",URANQ14,0
D,DISPATCH,UNIT_SCADA,1,"2019/08/21 18:45:00",VP5,608.524960
D,DISPATCH,UNIT_SCADA,1,"2019/08/21 18:45:00",VP6,611.299990
D,DISPATCH,UNIT_SCADA,1,"2019/08/21 18:45:00",VPGS1,0
D,DISPATCH,UNIT_SCADA,1,"2019/08/21 18:45:00",VPGS2,0
D,DISPATCH,UNIT_SCADA,1,"2019/08/21 18:45:00",VPGS3,0
D,DISPATCH,UNIT_SCADA,1,"2019/08/21 18:45:00",VPGS4,0
D,DISPATCH,UNIT_SCADA,1,"2019/08/21 18:45:00",VPGS5,0
D,DISPATCH,UNIT_SCADA,1,"2019/08/21 18:45:00",VPGS6,0
D,DISPATCH,UNIT_SCADA,1,"2019/08/21 18:45:00",W/HOE#1,0
D,DISPATCH,UNIT_SCADA,1,"2019/08/21 18:45:00",W/HOE#2,0
D,DISPATCH,UNIT_SCADA,1,"2019/08/21 18:45:00",WATERLWF,78.60
D,DISPATCH,UNIT_SCADA,1,"2019/08/21 18:45:00",WEMENSF1,0
D,DISPATCH,UNIT_SCADA,1,"2019/08/21 18:45:00",WGWF1,44.80
D,DISPATCH,UNIT_SCADA,1,"2019/08/21 18:45:00",WHITSF1,0
D,DISPATCH,UNIT_SCADA,1,"2019/08/21 18:45:00",WKIEWA1,0
D,DISPATCH,UNIT_SCADA,1,"2019/08/21 18:45:00",WKIEWA2,16.30
D,DISPATCH,UNIT_SCADA,1,"2019/08/21 18:45:00",WOODLWN1,44.9010
D,DISPATCH,UNIT_SCADA,1,"2019/08/21 18:45:00",WRSF1,0
D,DISPATCH,UNIT_SCADA,1,"2019/08/21 18:45:00",WRWF1,153.213750
D,DISPATCH,UNIT_SCADA,1,"2019/08/21 18:45:00",YABULU,0
D,DISPATCH,UNIT_SCADA,1,"2019/08/21 18:45:00",YABULU2,0
D,DISPATCH,UNIT_SCADA,1,"2019/08/21 18:45:00",YARWUN_1,0
D,DISPATCH,UNIT_SCADA,1,"2019/08/21 18:45:00",YENDWF1,42.04
D,DISPATCH,UNIT_SCADA,1,"2019/08/21 18:45:00",YWPS1,380.9519
D,DISPATCH,UNIT_SCADA,1,"2019/08/21 18:45:00",YWPS2,276.187350
D,DISPATCH,UNIT_SCADA,1,"2019/08/21 18:45:00",YWPS3,0
D,DISPATCH,UNIT_SCADA,1,"2019/08/21 18:45:00",YWPS4,388.463290
C,"END OF REPORT",334
