C,NEMP.WORLD,DISPATCHSCADA,AEMO,PUBLIC,2019/09/05,06:05:08,0000000312410953,DISPATCHSCADA,0000000312410947
I,DISPATCH,UNIT_SCADA,1,SETTLEMENTDATE,DUID,SCADAVALUE
D,DISPATCH,UNIT_SCADA,1,"2019/09/05 06:10:00",BARCSF1,0
D,DISPATCH,UNIT_SCADA,1,"2019/09/05 06:10:00",BUTLERSG,10.199999
D,DISPATCH,UNIT_SCADA,1,"2019/09/05 06:10:00",CALL_A_4,0
D,DISPATCH,UNIT_SCADA,1,"2019/09/05 06:10:00",CAPTL_WF,0
D,DISPATCH,UNIT_SCADA,1,"2019/09/05 06:10:00",CATHROCK,31.419998
D,DISPATCH,UNIT_SCADA,1,"2019/09/05 06:10:00",CHALLHWF,0
D,DISPATCH,UNIT_SCADA,1,"2019/09/05 06:10:00",CLOVER,-0.01
D,DISPATCH,UNIT_SCADA,1,"2019/09/05 06:10:00",CLUNY,15.944610
D,DISPATCH,UNIT_SCADA,1,"2019/09/05 06:10:00",CNUNDAWF,7.508759
D,DISPATCH,UNIT_SCADA,1,"2019/09/05 06:10:00",CULLRGWF,2.42
D,DISPATCH,UNIT_SCADA,1,"2019/09/05 06:10:00",ERGT01,0
D,DISPATCH,UNIT_SCADA,1,"2019/09/05 06:10:00",GB01,0.014114
D,DISPATCH,UNIT_SCADA,1,"2019/09/05 06:10:00",GERMCRK,37.299999
D,DISPATCH,UNIT_SCADA,1,"2019/09/05 06:10:00",GRIFSF1,0
D,DISPATCH,UNIT_SCADA,1,"2019/09/05 06:10:00",HUGSF1,-0.19
D,DISPATCH,UNIT_SCADA,1,"2019/09/05 06:10:00",LKBONNY1,11.252980
D,DISPATCH,UNIT_SCADA,1,"2019/09/05 06:10:00",LRSF1,-0.0310
D,DISPATCH,UNIT_SCADA,1,"2019/09/05 06:10:00",MBAHNTH,26.925003
D,DISPATCH,UNIT_SCADA,1,"2019/09/05 06:10:00",MLSP1,0.366001
D,DISPATCH,UNIT_SCADA,1,"2019/09/05 06:10:00",MLWF1,1.65
D,DISPATCH,UNIT_SCADA,1,"2019/09/05 06:10:00",MTMILLAR,30.769823
D,DISPATCH,UNIT_SCADA,1,"2019/09/05 06:10:00",PALOONA,23.779999
D,DISPATCH,UNIT_SCADA,1,"2019/09/05 06:10:00",PIONEER,46.200001
D,DISPATCH,UNIT_SCADA,1,"2019/09/05 06:10:00",PORTWF,24.200001
D,DISPATCH,UNIT_SCADA,1,"2019/09/05 06:10:00",REPULSE,27.806210
D,DISPATCH,UNIT_SCADA,1,"2019/09/05 06:10:00",ROWALLAN,10.2879
D,DISPATCH,UNIT_SCADA,1,"2019/09/05 06:10:00",ROYALLA1,0
D,DISPATCH,UNIT_SCADA,1,"2019/09/05 06:10:00",RPCG,11
D,DISPATCH,UNIT_SCADA,1,"2019/09/05 06:10:00",RUBICON,0
D,DISPATCH,UNIT_SCADA,1,"2019/09/05 06:10:00",SATGN1,0
D,DISPATCH,UNIT_SCADA,1,"2019/09/05 06:10:00",SATGS1,0
D,DISPATCH,UNIT_SCADA,1,"2019/09/05 06:10:00",STARHLWF,3.199067
D,DISPATCH,UNIT_SCADA,1,"2019/09/05 06:10:00",WAUBRAWF,1.0830
D,DISPATCH,UNIT_SCADA,1,"2019/09/05 06:10:00",WOOLNTH1,-0.779985
D,DISPATCH,UNIT_SCADA,1,"2019/09/05 06:10:00",WPWF,13
D,DISPATCH,UNIT_SCADA,1,"2019/09/05 06:10:00",YAMBUKWF,5.20
D,DISPATCH,UNIT_SCADA,1,"2019/09/05 06:10:00",YSWF1,0
D,DISPATCH,UNIT_SCADA,1,"2019/09/05 06:10:00",AGLHAL,0
D,DISPATCH,UNIT_SCADA,1,"2019/09/05 06:10:00",AGLSOM,0
D,DISPATCH,UNIT_SCADA,1,"2019/09/05 06:10:00",ANGAST1,0
D,DISPATCH,UNIT_SCADA,1,"2019/09/05 06:10:00",ARWF1,1.70
D,DISPATCH,UNIT_SCADA,1,"2019/09/05 06:10:00",BALBG1,11.70
D,DISPATCH,UNIT_SCADA,1,"2019/09/05 06:10:00",BALBL1,0
D,DISPATCH,UNIT_SCADA,1,"2019/09/05 06:10:00",BALDHWF1,0
D,DISPATCH,UNIT_SCADA,1,"2019/09/05 06:10:00",BANN1,0
D,DISPATCH,UNIT_SCADA,1,"2019/09/05 06:10:00",BARCALDN,0
D,DISPATCH,UNIT_SCADA,1,"2019/09/05 06:10:00",BARRON-1,33.52
D,DISPATCH,UNIT_SCADA,1,"2019/09/05 06:10:00",BARRON-2,0
D,DISPATCH,UNIT_SCADA,1,"2019/09/05 06:10:00",BASTYAN,80.110010
D,DISPATCH,UNIT_SCADA,1,"2019/09/05 06:10:00",BBTHREE1,0
D,DISPATCH,UNIT_SCADA,1,"2019/09/05 06:10:00",BBTHREE2,0
D,DISPATCH,UNIT_SCADA,1,"2019/09/05 06:10:00",BBTHREE3,0
D,DISPATCH,UNIT_SCADA,1,"2019/09/05 06:10:00",BDL01,0
D,DISPATCH,UNIT_SCADA,1,"2019/09/05 06:10:00",BDL02,-0.12
D,DISPATCH,UNIT_SCADA,1,"2019/09/05 06:10:00",BERYLSF1,0
D,DISPATCH,UNIT_SCADA,1,"2019/09/05 06:10:00",BLOWERNG,11.10
D,DISPATCH,UNIT_SCADA,1,"2019/09/05 06:10:00",BLUFF1,0
D,DISPATCH,UNIT_SCADA,1,"2019/09/05 06:10:00",BNGSF1,0
D,DISPATCH,UNIT_SCADA,1,"2019/09/05 06:10:00",BNGSF2,0
D,DISPATCH,UNIT_SCADA,1,"2019/09/05 06:10:00",BOCORWF1,12.03
D,DISPATCH,UNIT_SCADA,1,"2019/09/05 06:10:00",BODWF1,5.692970
D,DISPATCH,UNIT_SCADA,1,"2019/09/05 06:10:00",BRAEMAR1,0
D,DISPATCH,UNIT_SCADA,1,"2019/09/05 06:10:00",BRAEMAR2,0
D,DISPATCH,UNIT_SCADA,1,"2019/09/05 06:10:00",BRAEMAR3,0
D,DISPATCH,UNIT_SCADA,1,"2019/09/05 06:10:00",BRAEMAR5,0
D,DISPATCH,UNIT_SCADA,1,"2019/09/05 06:10:00",BRAEMAR6,0
D,DISPATCH,UNIT_SCADA,1,"2019/09/05 06:10:00",BRAEMAR7,0
D,DISPATCH,UNIT_SCADA,1,"2019/09/05 06:10:00",BROKENH1,0
D,DISPATCH,UNIT_SCADA,1,"2019/09/05 06:10:00",BW01,548.775020
D,DISPATCH,UNIT_SCADA,1,"2019/09/05 06:10:00",BW02,663.424930
D,DISPATCH,UNIT_SCADA,1,"2019/09/05 06:10:00",BW03,651.299930
D,DISPATCH,UNIT_SCADA,1,"2019/09/05 06:10:00",BW04,0
D,DISPATCH,UNIT_SCADA,1,"2019/09/05 06:10:00",CALL_B_1,344.700010
D,DISPATCH,UNIT_SCADA,1,"2019/09/05 06:10:00",CALL_B_2,345.800020
D,DISPATCH,UNIT_SCADA,1,"2019/09/05 06:10:00",CETHANA,79.383750
D,DISPATCH,UNIT_SCADA,1,"2019/09/05 06:10:00",CG1,0
D,DISPATCH,UNIT_SCADA,1,"2019/09/05 06:10:00",CG2,0
D,DISPATCH,UNIT_SCADA,1,"2019/09/05 06:10:00",CG3,0
D,DISPATCH,UNIT_SCADA,1,"2019/09/05 06:10:00",CG4,0
D,DISPATCH,UNIT_SCADA,1,"2019/09/05 06:10:00",CHILDSF1,0
D,DISPATCH,UNIT_SCADA,1,"2019/09/05 06:10:00",CLARESF1,0
D,DISPATCH,UNIT_SCADA,1,"2019/09/05 06:10:00",CLEMGPWF,0.576280
D,DISPATCH,UNIT_SCADA,1,"2019/09/05 06:10:00",CLERMSF1,0
D,DISPATCH,UNIT_SCADA,1,"2019/09/05 06:10:00",COLEASF1,0
D,DISPATCH,UNIT_SCADA,1,"2019/09/05 06:10:00",COOPGWF1,5.943740
D,DISPATCH,UNIT_SCADA,1,"2019/09/05 06:10:00",CPP_3,406.175020
D,DISPATCH,UNIT_SCADA,1,"2019/09/05 06:10:00",CPP_4,405.6250
D,DISPATCH,UNIT_SCADA,1,"2019/09/05 06:10:00",CPSA,142.289380
D,DISPATCH,UNIT_SCADA,1,"2019/09/05 06:10:00",CROOKWF2,12.543750
D,DISPATCH,UNIT_SCADA,1,"2019/09/05 06:10:00",CROWLWF1,0.285760
D,DISPATCH,UNIT_SCADA,1,"2019/09/05 06:10:00",CSPVPS1,0
D,DISPATCH,UNIT_SCADA,1,"2019/09/05 06:10:00",DALNTH01,0
D,DISPATCH,UNIT_SCADA,1,"2019/09/05 06:10:00",DALNTHL1,0.114440
D,DISPATCH,UNIT_SCADA,1,"2019/09/05 06:10:00",DARTM1,133.399990
D,DISPATCH,UNIT_SCADA,1,"2019/09/05 06:10:00",DAYDSF1,0
D,DISPATCH,UNIT_SCADA,1,"2019/09/05 06:10:00",DDPS1,367.621310
D,DISPATCH,UNIT_SCADA,1,"2019/09/05 06:10:00",DDSF1,0
D,DISPATCH,UNIT_SCADA,1,"2019/09/05 06:10:00",DEVILS_G,55.651110
D,DISPATCH,UNIT_SCADA,1,"2019/09/05 06:10:00",DG_NSW1,0
D,DISPATCH,UNIT_SCADA,1,"2019/09/05 06:10:00",DG_QLD1,0
D,DISPATCH,UNIT_SCADA,1,"2019/09/05 06:10:00",DG_SA1,0
D,DISPATCH,UNIT_SCADA,1,"2019/09/05 06:10:00",DG_TAS1,0
D,DISPATCH,UNIT_SCADA,1,"2019/09/05 06:10:00",DG_VIC1,0
D,DISPATCH,UNIT_SCADA,1,"2019/09/05 06:10:00",DRYCGT1,0
D,DISPATCH,UNIT_SCADA,1,"2019/09/05 06:10:00",DRYCGT2,0
D,DISPATCH,UNIT_SCADA,1,"2019/09/05 06:10:00",DRYCGT3,0
D,DISPATCH,UNIT_SCADA,1,"2019/09/05 06:10:00",EILDON1,0
D,DISPATCH,UNIT_SCADA,1,"2019/09/05 06:10:00",EILDON2,0
D,DISPATCH,UNIT_SCADA,1,"2019/09/05 06:10:00",EMERASF1,0
D,DISPATCH,UNIT_SCADA,1,"2019/09/05 06:10:00",ER01,581.525020
D,DISPATCH,UNIT_SCADA,1,"2019/09/05 06:10:00",ER02,503.674930
D,DISPATCH,UNIT_SCADA,1,"2019/09/05 06:10:00",ER03,0
D,DISPATCH,UNIT_SCADA,1,"2019/09/05 06:10:00",ER04,689.8501
D,DISPATCH,UNIT_SCADA,1,"2019/09/05 06:10:00",FINLYSF1,0
D,DISPATCH,UNIT_SCADA,1,"2019/09/05 06:10:00",FISHER,45.70
D,DISPATCH,UNIT_SCADA,1,"2019/09/05 06:10:00",GANNBG1,3.992210
D,DISPATCH,UNIT_SCADA,1,"2019/09/05 06:10:00",GANNBL1,0
D,DISPATCH,UNIT_SCADA,1,"2019/09/05 06:10:00",GANNSF1,0
D,DISPATCH,UNIT_SCADA,1,"2019/09/05 06:10:00",GORDON,19.085360
D,DISPATCH,UNIT_SCADA,1,"2019/09/05 06:10:00",GSTONE1,231.8750
D,DISPATCH,UNIT_SCADA,1,"2019/09/05 06:10:00",GSTONE2,218.224990
D,DISPATCH,UNIT_SCADA,1,"2019/09/05 06:10:00",GSTONE3,0
D,DISPATCH,UNIT_SCADA,1,"2019/09/05 06:10:00",GSTONE4,231
D,DISPATCH,UNIT_SCADA,1,"2019/09/05 06:10:00",GSTONE5,230.30
D,DISPATCH,UNIT_SCADA,1,"2019/09/05 06:10:00",GSTONE6,237.1250
D,DISPATCH,UNIT_SCADA,1,"2019/09/05 06:10:00",GULLRSF1,0
D,DISPATCH,UNIT_SCADA,1,"2019/09/05 06:10:00",GULLRWF1,25.466160
D,DISPATCH,UNIT_SCADA,1,"2019/09/05 06:10:00",GUNNING1,2.583870
D,DISPATCH,UNIT_SCADA,1,"2019/09/05 06:10:00",GUTHEGA,0
D,DISPATCH,UNIT_SCADA,1,"2019/09/05 06:10:00",HALLWF1,-0.46
D,DISPATCH,UNIT_SCADA,1,"2019/09/05 06:10:00",HALLWF2,-0.30
D,DISPATCH,UNIT_SCADA,1,"2019/09/05 06:10:00",HAMISF1,0
D,DISPATCH,UNIT_SCADA,1,"2019/09/05 06:10:00",HAUGHT11,0
D,DISPATCH,UNIT_SCADA,1,"2019/09/05 06:10:00",HAYMSF1,0
D,DISPATCH,UNIT_SCADA,1,"2019/09/05 06:10:00",HDWF1,3.50
D,DISPATCH,UNIT_SCADA,1,"2019/09/05 06:10:00",HDWF2,0.60
D,DISPATCH,UNIT_SCADA,1,"2019/09/05 06:10:00",HDWF3,1.60
D,DISPATCH,UNIT_SCADA,1,"2019/09/05 06:10:00",HPRG1,0
D,DISPATCH,UNIT_SCADA,1,"2019/09/05 06:10:00",HPRL1,7.90
D,DISPATCH,UNIT_SCADA,1,"2019/09/05 06:10:00",HUMENSW,0
D,DISPATCH,UNIT_SCADA,1,"2019/09/05 06:10:00",HUMEV,25.60
D,DISPATCH,UNIT_SCADA,1,"2019/09/05 06:10:00",HVGTS,0
D,DISPATCH,UNIT_SCADA,1,"2019/09/05 06:10:00",JBUTTERS,108.29
D,DISPATCH,UNIT_SCADA,1,"2019/09/05 06:10:00",JLA01,0.10
D,DISPATCH,UNIT_SCADA,1,"2019/09/05 06:10:00",JLA02,0
D,DISPATCH,UNIT_SCADA,1,"2019/09/05 06:10:00",JLA03,0
D,DISPATCH,UNIT_SCADA,1,"2019/09/05 06:10:00",JLA04,0
D,DISPATCH,UNIT_SCADA,1,"2019/09/05 06:10:00",JLB01,0
D,DISPATCH,UNIT_SCADA,1,"2019/09/05 06:10:00",JLB02,0.10
D,DISPATCH,UNIT_SCADA,1,"2019/09/05 06:10:00",JLB03,0
D,DISPATCH,UNIT_SCADA,1,"2019/09/05 06:10:00",KAREEYA1,21.4875
D,DISPATCH,UNIT_SCADA,1,"2019/09/05 06:10:00",KAREEYA2,21.7375
D,DISPATCH,UNIT_SCADA,1,"2019/09/05 06:10:00",KAREEYA3,0
D,DISPATCH,UNIT_SCADA,1,"2019/09/05 06:10:00",KAREEYA4,21.5650
D,DISPATCH,UNIT_SCADA,1,"2019/09/05 06:10:00",KARSF1,0
D,DISPATCH,UNIT_SCADA,1,"2019/09/05 06:10:00",KIATAWF1,11.50
D,DISPATCH,UNIT_SCADA,1,"2019/09/05 06:10:00",KPP_1,0
D,DISPATCH,UNIT_SCADA,1,"2019/09/05 06:10:00",KSP1,0
D,DISPATCH,UNIT_SCADA,1,"2019/09/05 06:10:00",LADBROK1,43.46
D,DISPATCH,UNIT_SCADA,1,"2019/09/05 06:10:00",LADBROK2,43.13
D,DISPATCH,UNIT_SCADA,1,"2019/09/05 06:10:00",LD01,360.300020
D,DISPATCH,UNIT_SCADA,1,"2019/09/05 06:10:00",LD02,376.087460
D,DISPATCH,UNIT_SCADA,1,"2019/09/05 06:10:00",LD03,354.843750
D,DISPATCH,UNIT_SCADA,1,"2019/09/05 06:10:00",LD04,359.343780
D,DISPATCH,UNIT_SCADA,1,"2019/09/05 06:10:00",LEM_WIL,81.4701
D,DISPATCH,UNIT_SCADA,1,"2019/09/05 06:10:00",LGAPWF1,18.58
D,DISPATCH,UNIT_SCADA,1,"2019/09/05 06:10:00",LILYSF1,0
D,DISPATCH,UNIT_SCADA,1,"2019/09/05 06:10:00",LI_WY_CA,153.998630
D,DISPATCH,UNIT_SCADA,1,"2019/09/05 06:10:00",LKBONNY2,27.875110
D,DISPATCH,UNIT_SCADA,1,"2019/09/05 06:10:00",LKBONNY3,10.885290
D,DISPATCH,UNIT_SCADA,1,"2019/09/05 06:10:00",LK_ECHO,0
D,DISPATCH,UNIT_SCADA,1,"2019/09/05 06:10:00",LNGS1,0
D,DISPATCH,UNIT_SCADA,1,"2019/09/05 06:10:00",LNGS2,0
D,DISPATCH,UNIT_SCADA,1,"2019/09/05 06:10:00",LONSDALE,0
D,DISPATCH,UNIT_SCADA,1,"2019/09/05 06:10:00",LOYYB1,536.840520
D,DISPATCH,UNIT_SCADA,1,"2019/09/05 06:10:00",LOYYB2,583.834170
D,DISPATCH,UNIT_SCADA,1,"2019/09/05 06:10:00",LYA1,0
D,DISPATCH,UNIT_SCADA,1,"2019/09/05 06:10:00",LYA2,0
D,DISPATCH,UNIT_SCADA,1,"2019/09/05 06:10:00",LYA3,559
D,DISPATCH,UNIT_SCADA,1,"2019/09/05 06:10:00",LYA4,539
D,DISPATCH,UNIT_SCADA,1,"2019/09/05 06:10:00",MACARTH1,44.798970
D,DISPATCH,UNIT_SCADA,1,"2019/09/05 06:10:00",MACKAYGT,0.2240
D,DISPATCH,UNIT_SCADA,1,"2019/09/05 06:10:00",MACKNTSH,88.09
D,DISPATCH,UNIT_SCADA,1,"2019/09/05 06:10:00",MANSLR1,0
D,DISPATCH,UNIT_SCADA,1,"2019/09/05 06:10:00",MCKAY1,0.0750
D,DISPATCH,UNIT_SCADA,1,"2019/09/05 06:10:00",MEADOWBK,31.923860
D,DISPATCH,UNIT_SCADA,1,"2019/09/05 06:10:00",MERCER01,4.9370
D,DISPATCH,UNIT_SCADA,1,"2019/09/05 06:10:00",MEWF1,43.909120
D,DISPATCH,UNIT_SCADA,1,"2019/09/05 06:10:00",MINTARO,0
D,DISPATCH,UNIT_SCADA,1,"2019/09/05 06:10:00",MOREESF1,0
D,DISPATCH,UNIT_SCADA,1,"2019/09/05 06:10:00",MORTLK11,259
D,DISPATCH,UNIT_SCADA,1,"2019/09/05 06:10:00",MORTLK12,0
D,DISPATCH,UNIT_SCADA,1,"2019/09/05 06:10:00",MP1,217.275020
D,DISPATCH,UNIT_SCADA,1,"2019/09/05 06:10:00",MP2,0
D,DISPATCH,UNIT_SCADA,1,"2019/09/05 06:10:00",MPP_1,399.50
D,DISPATCH,UNIT_SCADA,1,"2019/09/05 06:10:00",MPP_2,434.50
D,DISPATCH,UNIT_SCADA,1,"2019/09/05 06:10:00",MSTUART1,0
D,DISPATCH,UNIT_SCADA,1,"2019/09/05 06:10:00",MSTUART2,0
D,DISPATCH,UNIT_SCADA,1,"2019/09/05 06:10:00",MSTUART3,0
D,DISPATCH,UNIT_SCADA,1,"2019/09/05 06:10:00",MTGELWF1,6.665240
D,DISPATCH,UNIT_SCADA,1,"2019/09/05 06:10:00",MURRAY,0
D,DISPATCH,UNIT_SCADA,1,"2019/09/05 06:10:00",MUSSELR1,17.80
D,DISPATCH,UNIT_SCADA,1,"2019/09/05 06:10:00",MUWAWF1,36.04
D,DISPATCH,UNIT_SCADA,1,"2019/09/05 06:10:00",NBHWF1,1.50
D,DISPATCH,UNIT_SCADA,1,"2019/09/05 06:10:00",NPS,300
D,DISPATCH,UNIT_SCADA,1,"2019/09/05 06:10:00",NUMURSF1,0
D,DISPATCH,UNIT_SCADA,1,"2019/09/05 06:10:00",NYNGAN1,0
D,DISPATCH,UNIT_SCADA,1,"2019/09/05 06:10:00",OAKEY1,0
D,DISPATCH,UNIT_SCADA,1,"2019/09/05 06:10:00",OAKEY1SF,0
D,DISPATCH,UNIT_SCADA,1,"2019/09/05 06:10:00",OAKEY2,0
D,DISPATCH,UNIT_SCADA,1,"2019/09/05 06:10:00",OAKEY2SF,0
D,DISPATCH,UNIT_SCADA,1,"2019/09/05 06:10:00",OAKLAND1,0.40
D,DISPATCH,UNIT_SCADA,1,"2019/09/05 06:10:00",OSB-AG,180.47
D,DISPATCH,UNIT_SCADA,1,"2019/09/05 06:10:00",PARSF1,0
D,DISPATCH,UNIT_SCADA,1,"2019/09/05 06:10:00",POAT110,0
D,DISPATCH,UNIT_SCADA,1,"2019/09/05 06:10:00",POAT220,4.02
D,DISPATCH,UNIT_SCADA,1,"2019/09/05 06:10:00",POR01,0
D,DISPATCH,UNIT_SCADA,1,"2019/09/05 06:10:00",POR03,0
D,DISPATCH,UNIT_SCADA,1,"2019/09/05 06:10:00",PPCCGT,452.060670
D,DISPATCH,UNIT_SCADA,1,"2019/09/05 06:10:00",PTSTAN1,0
D,DISPATCH,UNIT_SCADA,1,"2019/09/05 06:10:00",PUMP1,0
D,DISPATCH,UNIT_SCADA,1,"2019/09/05 06:10:00",PUMP2,0
D,DISPATCH,UNIT_SCADA,1,"2019/09/05 06:10:00",QPS1,29.10
D,DISPATCH,UNIT_SCADA,1,"2019/09/05 06:10:00",QPS2,0
D,DISPATCH,UNIT_SCADA,1,"2019/09/05 06:10:00",QPS3,0
D,DISPATCH,UNIT_SCADA,1,"2019/09/05 06:10:00",QPS4,0
D,DISPATCH,UNIT_SCADA,1,"2019/09/05 06:10:00",QPS5,0
D,DISPATCH,UNIT_SCADA,1,"2019/09/05 06:10:00",REECE1,102.440010
D,DISPATCH,UNIT_SCADA,1,"2019/09/05 06:10:00",REECE2,100.070010
D,DISPATCH,UNIT_SCADA,1,"2019/09/05 06:10:00",ROMA_7,0
D,DISPATCH,UNIT_SCADA,1,"2019/09/05 06:10:00",ROMA_8,0
D,DISPATCH,UNIT_SCADA,1,"2019/09/05 06:10:00",RRSF1,0
D,DISPATCH,UNIT_SCADA,1,"2019/09/05 06:10:00",RT_NSW1,0
D,DISPATCH,UNIT_SCADA,1,"2019/09/05 06:10:00",RT_NSW2,0
D,DISPATCH,UNIT_SCADA,1,"2019/09/05 06:10:00",RT_NSW3,0
D,DISPATCH,UNIT_SCADA,1,"2019/09/05 06:10:00",RT_NSW4,0
D,DISPATCH,UNIT_SCADA,1,"2019/09/05 06:10:00",RT_NSW5,0
D,DISPATCH,UNIT_SCADA,1,"2019/09/05 06:10:00",RT_NSW6,0
D,DISPATCH,UNIT_SCADA,1,"2019/09/05 06:10:00",RT_QLD1,0
D,DISPATCH,UNIT_SCADA,1,"2019/09/05 06:10:00",RT_SA1,0
D,DISPATCH,UNIT_SCADA,1,"2019/09/05 06:10:00",RT_SA2,0
D,DISPATCH,UNIT_SCADA,1,"2019/09/05 06:10:00",RT_SA3,0
D,DISPATCH,UNIT_SCADA,1,"2019/09/05 06:10:00",RT_SA4,0
D,DISPATCH,UNIT_SCADA,1,"2019/09/05 06:10:00",RT_SA5,0
D,DISPATCH,UNIT_SCADA,1,"2019/09/05 06:10:00",RT_SA6,0
D,DISPATCH,UNIT_SCADA,1,"2019/09/05 06:10:00",RT_TAS1,0
D,DISPATCH,UNIT_SCADA,1,"2019/09/05 06:10:00",RT_VIC1,0
D,DISPATCH,UNIT_SCADA,1,"2019/09/05 06:10:00",RT_VIC10,0
D,DISPATCH,UNIT_SCADA,1,"2019/09/05 06:10:00",RT_VIC11,0
D,DISPATCH,UNIT_SCADA,1,"2019/09/05 06:10:00",RT_VIC12,0
D,DISPATCH,UNIT_SCADA,1,"2019/09/05 06:10:00",RT_VIC2,0
D,DISPATCH,UNIT_SCADA,1,"2019/09/05 06:10:00",RT_VIC3,0
D,DISPATCH,UNIT_SCADA,1,"2019/09/05 06:10:00",RT_VIC4,0
D,DISPATCH,UNIT_SCADA,1,"2019/09/05 06:10:00",RT_VIC5,0
D,DISPATCH,UNIT_SCADA,1,"2019/09/05 06:10:00",RT_VIC6,0
D,DISPATCH,UNIT_SCADA,1,"2019/09/05 06:10:00",RT_VIC7,0
D,DISPATCH,UNIT_SCADA,1,"2019/09/05 06:10:00",RT_VIC8,0
D,DISPATCH,UNIT_SCADA,1,"2019/09/05 06:10:00",RT_VIC9,0
D,DISPATCH,UNIT_SCADA,1,"2019/09/05 06:10:00",RUGBYR1,0
D,DISPATCH,UNIT_SCADA,1,"2019/09/05 06:10:00",SALTCRK1,6.49
D,DISPATCH,UNIT_SCADA,1,"2019/09/05 06:10:00",SAPHWF1,-1.593750
D,DISPATCH,UNIT_SCADA,1,"2019/09/05 06:10:00",SHGEN,85.434370
D,DISPATCH,UNIT_SCADA,1,"2019/09/05 06:10:00",SHPUMP,0
D,DISPATCH,UNIT_SCADA,1,"2019/09/05 06:10:00",SITHE01,0.214140
D,DISPATCH,UNIT_SCADA,1,"2019/09/05 06:10:00",SMCSF1,0
D,DISPATCH,UNIT_SCADA,1,"2019/09/05 06:10:00",SNOWNTH1,0
D,DISPATCH,UNIT_SCADA,1,"2019/09/05 06:10:00",SNOWSTH1,0.10
D,DISPATCH,UNIT_SCADA,1,"2019/09/05 06:10:00",SNOWTWN1,-0.498140
D,DISPATCH,UNIT_SCADA,1,"2019/09/05 06:10:00",SNOWYP,0
D,DISPATCH,UNIT_SCADA,1,"2019/09/05 06:10:00",SNUG1,0.019440
D,DISPATCH,UNIT_SCADA,1,"2019/09/05 06:10:00",SRSF1,0
D,DISPATCH,UNIT_SCADA,1,"2019/09/05 06:10:00",STAN-1,291.053770
D,DISPATCH,UNIT_SCADA,1,"2019/09/05 06:10:00",STAN-2,257.214780
D,DISPATCH,UNIT_SCADA,1,"2019/09/05 06:10:00",STAN-3,281.132810
D,DISPATCH,UNIT_SCADA,1,"2019/09/05 06:10:00",STAN-4,265.8540
D,DISPATCH,UNIT_SCADA,1,"2019/09/05 06:10:00",STWF1,0
D,DISPATCH,UNIT_SCADA,1,"2019/09/05 06:10:00",SWAN_E,0
D,DISPATCH,UNIT_SCADA,1,"2019/09/05 06:10:00",TALWA1,418
D,DISPATCH,UNIT_SCADA,1,"2019/09/05 06:10:00",TARALGA1,28.541250
D,DISPATCH,UNIT_SCADA,1,"2019/09/05 06:10:00",TARONG#1,349.600010
D,DISPATCH,UNIT_SCADA,1,"2019/09/05 06:10:00",TARONG#2,0
D,DISPATCH,UNIT_SCADA,1,"2019/09/05 06:10:00",TARONG#3,276
D,DISPATCH,UNIT_SCADA,1,"2019/09/05 06:10:00",TARONG#4,351
D,DISPATCH,UNIT_SCADA,1,"2019/09/05 06:10:00",TARRALEA,71.10
D,DISPATCH,UNIT_SCADA,1,"2019/09/05 06:10:00",TBSF1,-0.20
D,DISPATCH,UNIT_SCADA,1,"2019/09/05 06:10:00",TNPS1,379.600010
D,DISPATCH,UNIT_SCADA,1,"2019/09/05 06:10:00",TORRA1,96.1937
D,DISPATCH,UNIT_SCADA,1,"2019/09/05 06:10:00",TORRA2,0
D,DISPATCH,UNIT_SCADA,1,"2019/09/05 06:10:00",TORRA3,0
D,DISPATCH,UNIT_SCADA,1,"2019/09/05 06:10:00",TORRA4,87.032180
D,DISPATCH,UNIT_SCADA,1,"2019/09/05 06:10:00",TORRB1,126.78
D,DISPATCH,UNIT_SCADA,1,"2019/09/05 06:10:00",TORRB2,140.960010
D,DISPATCH,UNIT_SCADA,1,"2019/09/05 06:10:00",TORRB3,139.039990
D,DISPATCH,UNIT_SCADA,1,"2019/09/05 06:10:00",TORRB4,0
D,DISPATCH,UNIT_SCADA,1,"2019/09/05 06:10:00",TREVALLN,46.390010
D,DISPATCH,UNIT_SCADA,1,"2019/09/05 06:10:00",TRIBUTE,0
D,DISPATCH,UNIT_SCADA,1,"2019/09/05 06:10:00",TUMUT3,0
D,DISPATCH,UNIT_SCADA,1,"2019/09/05 06:10:00",TUNGATIN,120.430040
D,DISPATCH,UNIT_SCADA,1,"2019/09/05 06:10:00",TVCC201,0
D,DISPATCH,UNIT_SCADA,1,"2019/09/05 06:10:00",TVPP104,0
D,DISPATCH,UNIT_SCADA,1,"2019/09/05 06:10:00",UPPTUMUT,351.547360
D,DISPATCH,UNIT_SCADA,1,"2019/09/05 06:10:00",URANQ11,0
D,DISPATCH,UNIT_SCADA,1,"2019/09/05 06:10:00",URANQ12,0
D,DISPATCH,UNIT_SCADA,1,"2019/09/05 06:10:00",URANQ13,0
D,DISPATCH,UNIT_SCADA,1,"2019/09/05 06:10:00",URANQ14,0
D,DISPATCH,UNIT_SCADA,1,"2019/09/05 06:10:00",VP5,637.900020
D,DISPATCH,UNIT_SCADA,1,"2019/09/05 06:10:00",VP6,0
D,DISPATCH,UNIT_SCADA,1,"2019/09/05 06:10:00",VPGS1,0
D,DISPATCH,UNIT_SCADA,1,"2019/09/05 06:10:00",VPGS2,0
D,DISPATCH,UNIT_SCADA,1,"2019/09/05 06:10:00",VPGS3,0
D,DISPATCH,UNIT_SCADA,1,"2019/09/05 06:10:00",VPGS4,0
D,DISPATCH,UNIT_SCADA,1,"2019/09/05 06:10:00",VPGS5,0
D,DISPATCH,UNIT_SCADA,1,"2019/09/05 06:10:00",VPGS6,0
D,DISPATCH,UNIT_SCADA,1,"2019/09/05 06:10:00",W/HOE#1,0
D,DISPATCH,UNIT_SCADA,1,"2019/09/05 06:10:00",W/HOE#2,0
D,DISPATCH,UNIT_SCADA,1,"2019/09/05 06:10:00",WATERLWF,-0.90
D,DISPATCH,UNIT_SCADA,1,"2019/09/05 06:10:00",WEMENSF1,0
D,DISPATCH,UNIT_SCADA,1,"2019/09/05 06:10:00",WGWF1,0
D,DISPATCH,UNIT_SCADA,1,"2019/09/05 06:10:00",WHITSF1,0
D,DISPATCH,UNIT_SCADA,1,"2019/09/05 06:10:00",WKIEWA1,26.90
D,DISPATCH,UNIT_SCADA,1,"2019/09/05 06:10:00",WKIEWA2,17.30
D,DISPATCH,UNIT_SCADA,1,"2019/09/05 06:10:00",WOODLWN1,2.286010
D,DISPATCH,UNIT_SCADA,1,"2019/09/05 06:10:00",WRSF1,0
D,DISPATCH,UNIT_SCADA,1,"2019/09/05 06:10:00",WRWF1,0.218750
D,DISPATCH,UNIT_SCADA,1,"2019/09/05 06:10:00",YABULU,0
D,DISPATCH,UNIT_SCADA,1,"2019/09/05 06:10:00",YABULU2,0
D,DISPATCH,UNIT_SCADA,1,"2019/09/05 06:10:00",YARWUN_1,167.48
D,DISPATCH,UNIT_SCADA,1,"2019/09/05 06:10:00",YENDWF1,1.60
D,DISPATCH,UNIT_SCADA,1,"2019/09/05 06:10:00",YWPS1,382.956970
D,DISPATCH,UNIT_SCADA,1,"2019/09/05 06:10:00",YWPS2,279.6962
D,DISPATCH,UNIT_SCADA,1,"2019/09/05 06:10:00",YWPS3,321.563290
D,DISPATCH,UNIT_SCADA,1,"2019/09/05 06:10:00",YWPS4,394.955690
C,"END OF REPORT",335
