C,NEMP.WORLD,DISPATCHSCADA,AEMO,PUBLIC,2019/09/05,20:15:08,0000000312435454,DISPATCHSCADA,0000000312435448
I,DISPATCH,UNIT_SCADA,1,SETTLEMENTDATE,DUID,SCADAVALUE
D,DISPATCH,UNIT_SCADA,1,"2019/09/05 20:20:00",BARCSF1,0.30
D,DISPATCH,UNIT_SCADA,1,"2019/09/05 20:20:00",BUTLERSG,10.199999
D,DISPATCH,UNIT_SCADA,1,"2019/09/05 20:20:00",CALL_A_4,0
D,DISPATCH,UNIT_SCADA,1,"2019/09/05 20:20:00",CAPTL_WF,26.080002
D,DISPATCH,UNIT_SCADA,1,"2019/09/05 20:20:00",CATHROCK,0
D,DISPATCH,UNIT_SCADA,1,"2019/09/05 20:20:00",CHALLHWF,2.70
D,DISPATCH,UNIT_SCADA,1,"2019/09/05 20:20:00",CLOVER,-0.01
D,DISPATCH,UNIT_SCADA,1,"2019/09/05 20:20:00",CLUNY,17.616388
D,DISPATCH,UNIT_SCADA,1,"2019/09/05 20:20:00",CNUNDAWF,2.302686
D,DISPATCH,UNIT_SCADA,1,"2019/09/05 20:20:00",CULLRGWF,12.21
D,DISPATCH,UNIT_SCADA,1,"2019/09/05 20:20:00",ERGT01,0
D,DISPATCH,UNIT_SCADA,1,"2019/09/05 20:20:00",GB01,0.018360
D,DISPATCH,UNIT_SCADA,1,"2019/09/05 20:20:00",GERMCRK,38.099998
D,DISPATCH,UNIT_SCADA,1,"2019/09/05 20:20:00",GRIFSF1,0
D,DISPATCH,UNIT_SCADA,1,"2019/09/05 20:20:00",HUGSF1,-0.1310
D,DISPATCH,UNIT_SCADA,1,"2019/09/05 20:20:00",LKBONNY1,5.358562
D,DISPATCH,UNIT_SCADA,1,"2019/09/05 20:20:00",LRSF1,-0.0010
D,DISPATCH,UNIT_SCADA,1,"2019/09/05 20:20:00",MBAHNTH,46.856247
D,DISPATCH,UNIT_SCADA,1,"2019/09/05 20:20:00",MLSP1,0
D,DISPATCH,UNIT_SCADA,1,"2019/09/05 20:20:00",MLWF1,0.24
D,DISPATCH,UNIT_SCADA,1,"2019/09/05 20:20:00",MTMILLAR,34.602097
D,DISPATCH,UNIT_SCADA,1,"2019/09/05 20:20:00",PALOONA,25.599998
D,DISPATCH,UNIT_SCADA,1,"2019/09/05 20:20:00",PIONEER,48.299999
D,DISPATCH,UNIT_SCADA,1,"2019/09/05 20:20:00",PORTWF,45.900002
D,DISPATCH,UNIT_SCADA,1,"2019/09/05 20:20:00",REPULSE,33.012589
D,DISPATCH,UNIT_SCADA,1,"2019/09/05 20:20:00",ROWALLAN,10.3376
D,DISPATCH,UNIT_SCADA,1,"2019/09/05 20:20:00",ROYALLA1,0
D,DISPATCH,UNIT_SCADA,1,"2019/09/05 20:20:00",RPCG,10.60
D,DISPATCH,UNIT_SCADA,1,"2019/09/05 20:20:00",RUBICON,0
D,DISPATCH,UNIT_SCADA,1,"2019/09/05 20:20:00",SATGN1,0
D,DISPATCH,UNIT_SCADA,1,"2019/09/05 20:20:00",SATGS1,0
D,DISPATCH,UNIT_SCADA,1,"2019/09/05 20:20:00",STARHLWF,26.392303
D,DISPATCH,UNIT_SCADA,1,"2019/09/05 20:20:00",WAUBRAWF,62.75
D,DISPATCH,UNIT_SCADA,1,"2019/09/05 20:20:00",WOOLNTH1,123.390015
D,DISPATCH,UNIT_SCADA,1,"2019/09/05 20:20:00",WPWF,40
D,DISPATCH,UNIT_SCADA,1,"2019/09/05 20:20:00",YAMBUKWF,2.90
D,DISPATCH,UNIT_SCADA,1,"2019/09/05 20:20:00",YSWF1,4
D,DISPATCH,UNIT_SCADA,1,"2019/09/05 20:20:00",AGLHAL,0
D,DISPATCH,UNIT_SCADA,1,"2019/09/05 20:20:00",AGLSOM,119.30
D,DISPATCH,UNIT_SCADA,1,"2019/09/05 20:20:00",ANGAST1,0
D,DISPATCH,UNIT_SCADA,1,"2019/09/05 20:20:00",ARWF1,13.20
D,DISPATCH,UNIT_SCADA,1,"2019/09/05 20:20:00",BALBG1,0
D,DISPATCH,UNIT_SCADA,1,"2019/09/05 20:20:00",BALBL1,20.23
D,DISPATCH,UNIT_SCADA,1,"2019/09/05 20:20:00",BALDHWF1,100.4940
D,DISPATCH,UNIT_SCADA,1,"2019/09/05 20:20:00",BANN1,0
D,DISPATCH,UNIT_SCADA,1,"2019/09/05 20:20:00",BARCALDN,0
D,DISPATCH,UNIT_SCADA,1,"2019/09/05 20:20:00",BARRON-1,33.72
D,DISPATCH,UNIT_SCADA,1,"2019/09/05 20:20:00",BARRON-2,0
D,DISPATCH,UNIT_SCADA,1,"2019/09/05 20:20:00",BASTYAN,80.890010
D,DISPATCH,UNIT_SCADA,1,"2019/09/05 20:20:00",BBTHREE1,0
D,DISPATCH,UNIT_SCADA,1,"2019/09/05 20:20:00",BBTHREE2,0
D,DISPATCH,UNIT_SCADA,1,"2019/09/05 20:20:00",BBTHREE3,0
D,DISPATCH,UNIT_SCADA,1,"2019/09/05 20:20:00",BDL01,43.62
D,DISPATCH,UNIT_SCADA,1,"2019/09/05 20:20:00",BDL02,43.80
D,DISPATCH,UNIT_SCADA,1,"2019/09/05 20:20:00",BERYLSF1,0
D,DISPATCH,UNIT_SCADA,1,"2019/09/05 20:20:00",BLOWERNG,15.40
D,DISPATCH,UNIT_SCADA,1,"2019/09/05 20:20:00",BLUFF1,44.10
D,DISPATCH,UNIT_SCADA,1,"2019/09/05 20:20:00",BNGSF1,0
D,DISPATCH,UNIT_SCADA,1,"2019/09/05 20:20:00",BNGSF2,0
D,DISPATCH,UNIT_SCADA,1,"2019/09/05 20:20:00",BOCORWF1,6.35
D,DISPATCH,UNIT_SCADA,1,"2019/09/05 20:20:00",BODWF1,7.261970
D,DISPATCH,UNIT_SCADA,1,"2019/09/05 20:20:00",BRAEMAR1,0
D,DISPATCH,UNIT_SCADA,1,"2019/09/05 20:20:00",BRAEMAR2,55
D,DISPATCH,UNIT_SCADA,1,"2019/09/05 20:20:00",BRAEMAR3,173.200010
D,DISPATCH,UNIT_SCADA,1,"2019/09/05 20:20:00",BRAEMAR5,154.458920
D,DISPATCH,UNIT_SCADA,1,"2019/09/05 20:20:00",BRAEMAR6,0
D,DISPATCH,UNIT_SCADA,1,"2019/09/05 20:20:00",BRAEMAR7,0
D,DISPATCH,UNIT_SCADA,1,"2019/09/05 20:20:00",BROKENH1,0
D,DISPATCH,UNIT_SCADA,1,"2019/09/05 20:20:00",BW01,541.025020
D,DISPATCH,UNIT_SCADA,1,"2019/09/05 20:20:00",BW02,628.174930
D,DISPATCH,UNIT_SCADA,1,"2019/09/05 20:20:00",BW03,630.775020
D,DISPATCH,UNIT_SCADA,1,"2019/09/05 20:20:00",BW04,0
D,DISPATCH,UNIT_SCADA,1,"2019/09/05 20:20:00",CALL_B_1,346.100010
D,DISPATCH,UNIT_SCADA,1,"2019/09/05 20:20:00",CALL_B_2,300.200010
D,DISPATCH,UNIT_SCADA,1,"2019/09/05 20:20:00",CETHANA,97.346250
D,DISPATCH,UNIT_SCADA,1,"2019/09/05 20:20:00",CG1,0
D,DISPATCH,UNIT_SCADA,1,"2019/09/05 20:20:00",CG2,0
D,DISPATCH,UNIT_SCADA,1,"2019/09/05 20:20:00",CG3,0
D,DISPATCH,UNIT_SCADA,1,"2019/09/05 20:20:00",CG4,0
D,DISPATCH,UNIT_SCADA,1,"2019/09/05 20:20:00",CHILDSF1,0
D,DISPATCH,UNIT_SCADA,1,"2019/09/05 20:20:00",CLARESF1,0
D,DISPATCH,UNIT_SCADA,1,"2019/09/05 20:20:00",CLEMGPWF,34.1446
D,DISPATCH,UNIT_SCADA,1,"2019/09/05 20:20:00",CLERMSF1,0
D,DISPATCH,UNIT_SCADA,1,"2019/09/05 20:20:00",COLEASF1,0
D,DISPATCH,UNIT_SCADA,1,"2019/09/05 20:20:00",COOPGWF1,9.275470
D,DISPATCH,UNIT_SCADA,1,"2019/09/05 20:20:00",CPP_3,405.6250
D,DISPATCH,UNIT_SCADA,1,"2019/09/05 20:20:00",CPP_4,405.6250
D,DISPATCH,UNIT_SCADA,1,"2019/09/05 20:20:00",CPSA,142.0475
D,DISPATCH,UNIT_SCADA,1,"2019/09/05 20:20:00",CROOKWF2,21.513750
D,DISPATCH,UNIT_SCADA,1,"2019/09/05 20:20:00",CROWLWF1,20.209660
D,DISPATCH,UNIT_SCADA,1,"2019/09/05 20:20:00",CSPVPS1,0
D,DISPATCH,UNIT_SCADA,1,"2019/09/05 20:20:00",DALNTH01,0
D,DISPATCH,UNIT_SCADA,1,"2019/09/05 20:20:00",DALNTHL1,0.0412
D,DISPATCH,UNIT_SCADA,1,"2019/09/05 20:20:00",DARTM1,133.70
D,DISPATCH,UNIT_SCADA,1,"2019/09/05 20:20:00",DAYDSF1,0
D,DISPATCH,UNIT_SCADA,1,"2019/09/05 20:20:00",DDPS1,610.067570
D,DISPATCH,UNIT_SCADA,1,"2019/09/05 20:20:00",DDSF1,0
D,DISPATCH,UNIT_SCADA,1,"2019/09/05 20:20:00",DEVILS_G,64.501480
D,DISPATCH,UNIT_SCADA,1,"2019/09/05 20:20:00",DG_NSW1,0
D,DISPATCH,UNIT_SCADA,1,"2019/09/05 20:20:00",DG_QLD1,0
D,DISPATCH,UNIT_SCADA,1,"2019/09/05 20:20:00",DG_SA1,0
D,DISPATCH,UNIT_SCADA,1,"2019/09/05 20:20:00",DG_TAS1,0
D,DISPATCH,UNIT_SCADA,1,"2019/09/05 20:20:00",DG_VIC1,0
D,DISPATCH,UNIT_SCADA,1,"2019/09/05 20:20:00",DRYCGT1,0
D,DISPATCH,UNIT_SCADA,1,"2019/09/05 20:20:00",DRYCGT2,0
D,DISPATCH,UNIT_SCADA,1,"2019/09/05 20:20:00",DRYCGT3,0
D,DISPATCH,UNIT_SCADA,1,"2019/09/05 20:20:00",EILDON1,0
D,DISPATCH,UNIT_SCADA,1,"2019/09/05 20:20:00",EILDON2,0
D,DISPATCH,UNIT_SCADA,1,"2019/09/05 20:20:00",EMERASF1,0
D,DISPATCH,UNIT_SCADA,1,"2019/09/05 20:20:00",ER01,582.3750
D,DISPATCH,UNIT_SCADA,1,"2019/09/05 20:20:00",ER02,671.825070
D,DISPATCH,UNIT_SCADA,1,"2019/09/05 20:20:00",ER03,0
D,DISPATCH,UNIT_SCADA,1,"2019/09/05 20:20:00",ER04,669.599980
D,DISPATCH,UNIT_SCADA,1,"2019/09/05 20:20:00",FINLYSF1,0
D,DISPATCH,UNIT_SCADA,1,"2019/09/05 20:20:00",FISHER,46
D,DISPATCH,UNIT_SCADA,1,"2019/09/05 20:20:00",GANNBG1,2.828840
D,DISPATCH,UNIT_SCADA,1,"2019/09/05 20:20:00",GANNBL1,0
D,DISPATCH,UNIT_SCADA,1,"2019/09/05 20:20:00",GANNSF1,0
D,DISPATCH,UNIT_SCADA,1,"2019/09/05 20:20:00",GORDON,19.279120
D,DISPATCH,UNIT_SCADA,1,"2019/09/05 20:20:00",GSTONE1,217
D,DISPATCH,UNIT_SCADA,1,"2019/09/05 20:20:00",GSTONE2,217.1750
D,DISPATCH,UNIT_SCADA,1,"2019/09/05 20:20:00",GSTONE3,0
D,DISPATCH,UNIT_SCADA,1,"2019/09/05 20:20:00",GSTONE4,258.299990
D,DISPATCH,UNIT_SCADA,1,"2019/09/05 20:20:00",GSTONE5,216.30
D,DISPATCH,UNIT_SCADA,1,"2019/09/05 20:20:00",GSTONE6,217.524990
D,DISPATCH,UNIT_SCADA,1,"2019/09/05 20:20:00",GULLRSF1,0
D,DISPATCH,UNIT_SCADA,1,"2019/09/05 20:20:00",GULLRWF1,25.742610
D,DISPATCH,UNIT_SCADA,1,"2019/09/05 20:20:00",GUNNING1,19.021380
D,DISPATCH,UNIT_SCADA,1,"2019/09/05 20:20:00",GUTHEGA,30.80
D,DISPATCH,UNIT_SCADA,1,"2019/09/05 20:20:00",HALLWF1,90.11
D,DISPATCH,UNIT_SCADA,1,"2019/09/05 20:20:00",HALLWF2,57.99
D,DISPATCH,UNIT_SCADA,1,"2019/09/05 20:20:00",HAMISF1,0
D,DISPATCH,UNIT_SCADA,1,"2019/09/05 20:20:00",HAUGHT11,0
D,DISPATCH,UNIT_SCADA,1,"2019/09/05 20:20:00",HAYMSF1,0
D,DISPATCH,UNIT_SCADA,1,"2019/09/05 20:20:00",HDWF1,82.40
D,DISPATCH,UNIT_SCADA,1,"2019/09/05 20:20:00",HDWF2,78.90
D,DISPATCH,UNIT_SCADA,1,"2019/09/05 20:20:00",HDWF3,81.80
D,DISPATCH,UNIT_SCADA,1,"2019/09/05 20:20:00",HPRG1,4.60
D,DISPATCH,UNIT_SCADA,1,"2019/09/05 20:20:00",HPRL1,0
D,DISPATCH,UNIT_SCADA,1,"2019/09/05 20:20:00",HUMENSW,0
D,DISPATCH,UNIT_SCADA,1,"2019/09/05 20:20:00",HUMEV,24.30
D,DISPATCH,UNIT_SCADA,1,"2019/09/05 20:20:00",HVGTS,0
D,DISPATCH,UNIT_SCADA,1,"2019/09/05 20:20:00",JBUTTERS,21.90
D,DISPATCH,UNIT_SCADA,1,"2019/09/05 20:20:00",JLA01,0.10
D,DISPATCH,UNIT_SCADA,1,"2019/09/05 20:20:00",JLA02,0
D,DISPATCH,UNIT_SCADA,1,"2019/09/05 20:20:00",JLA03,0
D,DISPATCH,UNIT_SCADA,1,"2019/09/05 20:20:00",JLA04,0
D,DISPATCH,UNIT_SCADA,1,"2019/09/05 20:20:00",JLB01,0
D,DISPATCH,UNIT_SCADA,1,"2019/09/05 20:20:00",JLB02,83.70
D,DISPATCH,UNIT_SCADA,1,"2019/09/05 20:20:00",JLB03,83.40
D,DISPATCH,UNIT_SCADA,1,"2019/09/05 20:20:00",KAREEYA1,21.5550
D,DISPATCH,UNIT_SCADA,1,"2019/09/05 20:20:00",KAREEYA2,21.62
D,DISPATCH,UNIT_SCADA,1,"2019/09/05 20:20:00",KAREEYA3,0
D,DISPATCH,UNIT_SCADA,1,"2019/09/05 20:20:00",KAREEYA4,21.5750
D,DISPATCH,UNIT_SCADA,1,"2019/09/05 20:20:00",KARSF1,0
D,DISPATCH,UNIT_SCADA,1,"2019/09/05 20:20:00",KIATAWF1,29
D,DISPATCH,UNIT_SCADA,1,"2019/09/05 20:20:00",KPP_1,0
D,DISPATCH,UNIT_SCADA,1,"2019/09/05 20:20:00",KSP1,0
D,DISPATCH,UNIT_SCADA,1,"2019/09/05 20:20:00",LADBROK1,41.75
D,DISPATCH,UNIT_SCADA,1,"2019/09/05 20:20:00",LADBROK2,42.44
D,DISPATCH,UNIT_SCADA,1,"2019/09/05 20:20:00",LD01,419.624970
D,DISPATCH,UNIT_SCADA,1,"2019/09/05 20:20:00",LD02,400.143770
D,DISPATCH,UNIT_SCADA,1,"2019/09/05 20:20:00",LD03,416.268770
D,DISPATCH,UNIT_SCADA,1,"2019/09/05 20:20:00",LD04,377.924930
D,DISPATCH,UNIT_SCADA,1,"2019/09/05 20:20:00",LEM_WIL,85.222950
D,DISPATCH,UNIT_SCADA,1,"2019/09/05 20:20:00",LGAPWF1,14.02
D,DISPATCH,UNIT_SCADA,1,"2019/09/05 20:20:00",LILYSF1,0
D,DISPATCH,UNIT_SCADA,1,"2019/09/05 20:20:00",LI_WY_CA,136.519040
D,DISPATCH,UNIT_SCADA,1,"2019/09/05 20:20:00",LKBONNY2,7.981640
D,DISPATCH,UNIT_SCADA,1,"2019/09/05 20:20:00",LKBONNY3,6.363710
D,DISPATCH,UNIT_SCADA,1,"2019/09/05 20:20:00",LK_ECHO,0
D,DISPATCH,UNIT_SCADA,1,"2019/09/05 20:20:00",LNGS1,0
D,DISPATCH,UNIT_SCADA,1,"2019/09/05 20:20:00",LNGS2,0
D,DISPATCH,UNIT_SCADA,1,"2019/09/05 20:20:00",LONSDALE,0
D,DISPATCH,UNIT_SCADA,1,"2019/09/05 20:20:00",LOYYB1,536.088620
D,DISPATCH,UNIT_SCADA,1,"2019/09/05 20:20:00",LOYYB2,583.834170
D,DISPATCH,UNIT_SCADA,1,"2019/09/05 20:20:00",LYA1,0
D,DISPATCH,UNIT_SCADA,1,"2019/09/05 20:20:00",LYA2,0
D,DISPATCH,UNIT_SCADA,1,"2019/09/05 20:20:00",LYA3,560
D,DISPATCH,UNIT_SCADA,1,"2019/09/05 20:20:00",LYA4,541
D,DISPATCH,UNIT_SCADA,1,"2019/09/05 20:20:00",MACARTH1,0
D,DISPATCH,UNIT_SCADA,1,"2019/09/05 20:20:00",MACKAYGT,0.2240
D,DISPATCH,UNIT_SCADA,1,"2019/09/05 20:20:00",MACKNTSH,88.30
D,DISPATCH,UNIT_SCADA,1,"2019/09/05 20:20:00",MANSLR1,0
D,DISPATCH,UNIT_SCADA,1,"2019/09/05 20:20:00",MCKAY1,0.0750
D,DISPATCH,UNIT_SCADA,1,"2019/09/05 20:20:00",MEADOWBK,34.1531
D,DISPATCH,UNIT_SCADA,1,"2019/09/05 20:20:00",MERCER01,79.8040
D,DISPATCH,UNIT_SCADA,1,"2019/09/05 20:20:00",MEWF1,20.587520
D,DISPATCH,UNIT_SCADA,1,"2019/09/05 20:20:00",MINTARO,0
D,DISPATCH,UNIT_SCADA,1,"2019/09/05 20:20:00",MOREESF1,0
D,DISPATCH,UNIT_SCADA,1,"2019/09/05 20:20:00",MORTLK11,260
D,DISPATCH,UNIT_SCADA,1,"2019/09/05 20:20:00",MORTLK12,0
D,DISPATCH,UNIT_SCADA,1,"2019/09/05 20:20:00",MP1,214.999940
D,DISPATCH,UNIT_SCADA,1,"2019/09/05 20:20:00",MP2,0
D,DISPATCH,UNIT_SCADA,1,"2019/09/05 20:20:00",MPP_1,400.75
D,DISPATCH,UNIT_SCADA,1,"2019/09/05 20:20:00",MPP_2,434.75
D,DISPATCH,UNIT_SCADA,1,"2019/09/05 20:20:00",MSTUART1,0
D,DISPATCH,UNIT_SCADA,1,"2019/09/05 20:20:00",MSTUART2,0
D,DISPATCH,UNIT_SCADA,1,"2019/09/05 20:20:00",MSTUART3,0
D,DISPATCH,UNIT_SCADA,1,"2019/09/05 20:20:00",MTGELWF1,13.376260
D,DISPATCH,UNIT_SCADA,1,"2019/09/05 20:20:00",MURRAY,0
D,DISPATCH,UNIT_SCADA,1,"2019/09/05 20:20:00",MUSSELR1,39
D,DISPATCH,UNIT_SCADA,1,"2019/09/05 20:20:00",MUWAWF1,33.21
D,DISPATCH,UNIT_SCADA,1,"2019/09/05 20:20:00",NBHWF1,107.80
D,DISPATCH,UNIT_SCADA,1,"2019/09/05 20:20:00",NPS,510
D,DISPATCH,UNIT_SCADA,1,"2019/09/05 20:20:00",NUMURSF1,0
D,DISPATCH,UNIT_SCADA,1,"2019/09/05 20:20:00",NYNGAN1,0
D,DISPATCH,UNIT_SCADA,1,"2019/09/05 20:20:00",OAKEY1,0
D,DISPATCH,UNIT_SCADA,1,"2019/09/05 20:20:00",OAKEY1SF,0
D,DISPATCH,UNIT_SCADA,1,"2019/09/05 20:20:00",OAKEY2,0
D,DISPATCH,UNIT_SCADA,1,"2019/09/05 20:20:00",OAKEY2SF,0
D,DISPATCH,UNIT_SCADA,1,"2019/09/05 20:20:00",OAKLAND1,-0.20
D,DISPATCH,UNIT_SCADA,1,"2019/09/05 20:20:00",OSB-AG,181.17
D,DISPATCH,UNIT_SCADA,1,"2019/09/05 20:20:00",PARSF1,0
D,DISPATCH,UNIT_SCADA,1,"2019/09/05 20:20:00",POAT110,0
D,DISPATCH,UNIT_SCADA,1,"2019/09/05 20:20:00",POAT220,1.25
D,DISPATCH,UNIT_SCADA,1,"2019/09/05 20:20:00",POR01,0
D,DISPATCH,UNIT_SCADA,1,"2019/09/05 20:20:00",POR03,0
D,DISPATCH,UNIT_SCADA,1,"2019/09/05 20:20:00",PPCCGT,477.562620
D,DISPATCH,UNIT_SCADA,1,"2019/09/05 20:20:00",PTSTAN1,0
D,DISPATCH,UNIT_SCADA,1,"2019/09/05 20:20:00",PUMP1,0
D,DISPATCH,UNIT_SCADA,1,"2019/09/05 20:20:00",PUMP2,0
D,DISPATCH,UNIT_SCADA,1,"2019/09/05 20:20:00",QPS1,29
D,DISPATCH,UNIT_SCADA,1,"2019/09/05 20:20:00",QPS2,0
D,DISPATCH,UNIT_SCADA,1,"2019/09/05 20:20:00",QPS3,0
D,DISPATCH,UNIT_SCADA,1,"2019/09/05 20:20:00",QPS4,0
D,DISPATCH,UNIT_SCADA,1,"2019/09/05 20:20:00",QPS5,122.56
D,DISPATCH,UNIT_SCADA,1,"2019/09/05 20:20:00",REECE1,117.300010
D,DISPATCH,UNIT_SCADA,1,"2019/09/05 20:20:00",REECE2,117.290010
D,DISPATCH,UNIT_SCADA,1,"2019/09/05 20:20:00",ROMA_7,0
D,DISPATCH,UNIT_SCADA,1,"2019/09/05 20:20:00",ROMA_8,0
D,DISPATCH,UNIT_SCADA,1,"2019/09/05 20:20:00",RRSF1,0
D,DISPATCH,UNIT_SCADA,1,"2019/09/05 20:20:00",RT_NSW1,0
D,DISPATCH,UNIT_SCADA,1,"2019/09/05 20:20:00",RT_NSW2,0
D,DISPATCH,UNIT_SCADA,1,"2019/09/05 20:20:00",RT_NSW3,0
D,DISPATCH,UNIT_SCADA,1,"2019/09/05 20:20:00",RT_NSW4,0
D,DISPATCH,UNIT_SCADA,1,"2019/09/05 20:20:00",RT_NSW5,0
D,DISPATCH,UNIT_SCADA,1,"2019/09/05 20:20:00",RT_NSW6,0
D,DISPATCH,UNIT_SCADA,1,"2019/09/05 20:20:00",RT_QLD1,0
D,DISPATCH,UNIT_SCADA,1,"2019/09/05 20:20:00",RT_SA1,0
D,DISPATCH,UNIT_SCADA,1,"2019/09/05 20:20:00",RT_SA2,0
D,DISPATCH,UNIT_SCADA,1,"2019/09/05 20:20:00",RT_SA3,0
D,DISPATCH,UNIT_SCADA,1,"2019/09/05 20:20:00",RT_SA4,0
D,DISPATCH,UNIT_SCADA,1,"2019/09/05 20:20:00",RT_SA5,0
D,DISPATCH,UNIT_SCADA,1,"2019/09/05 20:20:00",RT_SA6,0
D,DISPATCH,UNIT_SCADA,1,"2019/09/05 20:20:00",RT_TAS1,0
D,DISPATCH,UNIT_SCADA,1,"2019/09/05 20:20:00",RT_VIC1,0
D,DISPATCH,UNIT_SCADA,1,"2019/09/05 20:20:00",RT_VIC10,0
D,DISPATCH,UNIT_SCADA,1,"2019/09/05 20:20:00",RT_VIC11,0
D,DISPATCH,UNIT_SCADA,1,"2019/09/05 20:20:00",RT_VIC12,0
D,DISPATCH,UNIT_SCADA,1,"2019/09/05 20:20:00",RT_VIC2,0
D,DISPATCH,UNIT_SCADA,1,"2019/09/05 20:20:00",RT_VIC3,0
D,DISPATCH,UNIT_SCADA,1,"2019/09/05 20:20:00",RT_VIC4,0
D,DISPATCH,UNIT_SCADA,1,"2019/09/05 20:20:00",RT_VIC5,0
D,DISPATCH,UNIT_SCADA,1,"2019/09/05 20:20:00",RT_VIC6,0
D,DISPATCH,UNIT_SCADA,1,"2019/09/05 20:20:00",RT_VIC7,0
D,DISPATCH,UNIT_SCADA,1,"2019/09/05 20:20:00",RT_VIC8,0
D,DISPATCH,UNIT_SCADA,1,"2019/09/05 20:20:00",RT_VIC9,0
D,DISPATCH,UNIT_SCADA,1,"2019/09/05 20:20:00",RUGBYR1,0
D,DISPATCH,UNIT_SCADA,1,"2019/09/05 20:20:00",SALTCRK1,2.70
D,DISPATCH,UNIT_SCADA,1,"2019/09/05 20:20:00",SAPHWF1,47.465640
D,DISPATCH,UNIT_SCADA,1,"2019/09/05 20:20:00",SHGEN,160.538560
D,DISPATCH,UNIT_SCADA,1,"2019/09/05 20:20:00",SHPUMP,0
D,DISPATCH,UNIT_SCADA,1,"2019/09/05 20:20:00",SITHE01,0.224190
D,DISPATCH,UNIT_SCADA,1,"2019/09/05 20:20:00",SMCSF1,0
D,DISPATCH,UNIT_SCADA,1,"2019/09/05 20:20:00",SNOWNTH1,91
D,DISPATCH,UNIT_SCADA,1,"2019/09/05 20:20:00",SNOWSTH1,88.30
D,DISPATCH,UNIT_SCADA,1,"2019/09/05 20:20:00",SNOWTWN1,74.734060
D,DISPATCH,UNIT_SCADA,1,"2019/09/05 20:20:00",SNOWYP,0
D,DISPATCH,UNIT_SCADA,1,"2019/09/05 20:20:00",SNUG1,0.019440
D,DISPATCH,UNIT_SCADA,1,"2019/09/05 20:20:00",SRSF1,0.22
D,DISPATCH,UNIT_SCADA,1,"2019/09/05 20:20:00",STAN-1,256.150910
D,DISPATCH,UNIT_SCADA,1,"2019/09/05 20:20:00",STAN-2,358.577940
D,DISPATCH,UNIT_SCADA,1,"2019/09/05 20:20:00",STAN-3,365.909730
D,DISPATCH,UNIT_SCADA,1,"2019/09/05 20:20:00",STAN-4,362.410490
D,DISPATCH,UNIT_SCADA,1,"2019/09/05 20:20:00",STWF1,0
D,DISPATCH,UNIT_SCADA,1,"2019/09/05 20:20:00",SWAN_E,0
D,DISPATCH,UNIT_SCADA,1,"2019/09/05 20:20:00",TALWA1,415
D,DISPATCH,UNIT_SCADA,1,"2019/09/05 20:20:00",TARALGA1,16.143740
D,DISPATCH,UNIT_SCADA,1,"2019/09/05 20:20:00",TARONG#1,349.50
D,DISPATCH,UNIT_SCADA,1,"2019/09/05 20:20:00",TARONG#2,0
D,DISPATCH,UNIT_SCADA,1,"2019/09/05 20:20:00",TARONG#3,349.50
D,DISPATCH,UNIT_SCADA,1,"2019/09/05 20:20:00",TARONG#4,348.700010
D,DISPATCH,UNIT_SCADA,1,"2019/09/05 20:20:00",TARRALEA,73.90
D,DISPATCH,UNIT_SCADA,1,"2019/09/05 20:20:00",TBSF1,-0.20
D,DISPATCH,UNIT_SCADA,1,"2019/09/05 20:20:00",TNPS1,397.600010
D,DISPATCH,UNIT_SCADA,1,"2019/09/05 20:20:00",TORRA1,71.071270
D,DISPATCH,UNIT_SCADA,1,"2019/09/05 20:20:00",TORRA2,0
D,DISPATCH,UNIT_SCADA,1,"2019/09/05 20:20:00",TORRA3,0
D,DISPATCH,UNIT_SCADA,1,"2019/09/05 20:20:00",TORRA4,64.620460
D,DISPATCH,UNIT_SCADA,1,"2019/09/05 20:20:00",TORRB1,94.24
D,DISPATCH,UNIT_SCADA,1,"2019/09/05 20:20:00",TORRB2,94.99
D,DISPATCH,UNIT_SCADA,1,"2019/09/05 20:20:00",TORRB3,94.35
D,DISPATCH,UNIT_SCADA,1,"2019/09/05 20:20:00",TORRB4,0
D,DISPATCH,UNIT_SCADA,1,"2019/09/05 20:20:00",TREVALLN,89.910030
D,DISPATCH,UNIT_SCADA,1,"2019/09/05 20:20:00",TRIBUTE,0
D,DISPATCH,UNIT_SCADA,1,"2019/09/05 20:20:00",TUMUT3,167
D,DISPATCH,UNIT_SCADA,1,"2019/09/05 20:20:00",TUNGATIN,91.730030
D,DISPATCH,UNIT_SCADA,1,"2019/09/05 20:20:00",TVCC201,0
D,DISPATCH,UNIT_SCADA,1,"2019/09/05 20:20:00",TVPP104,0
D,DISPATCH,UNIT_SCADA,1,"2019/09/05 20:20:00",UPPTUMUT,565.148680
D,DISPATCH,UNIT_SCADA,1,"2019/09/05 20:20:00",URANQ11,0
D,DISPATCH,UNIT_SCADA,1,"2019/09/05 20:20:00",URANQ12,0
D,DISPATCH,UNIT_SCADA,1,"2019/09/05 20:20:00",URANQ13,0
D,DISPATCH,UNIT_SCADA,1,"2019/09/05 20:20:00",URANQ14,0
D,DISPATCH,UNIT_SCADA,1,"2019/09/05 20:20:00",VP5,409.775020
D,DISPATCH,UNIT_SCADA,1,"2019/09/05 20:20:00",VP6,0
D,DISPATCH,UNIT_SCADA,1,"2019/09/05 20:20:00",VPGS1,0
D,DISPATCH,UNIT_SCADA,1,"2019/09/05 20:20:00",VPGS2,0
D,DISPATCH,UNIT_SCADA,1,"2019/09/05 20:20:00",VPGS3,0
D,DISPATCH,UNIT_SCADA,1,"2019/09/05 20:20:00",VPGS4,0
D,DISPATCH,UNIT_SCADA,1,"2019/09/05 20:20:00",VPGS5,0
D,DISPATCH,UNIT_SCADA,1,"2019/09/05 20:20:00",VPGS6,0
D,DISPATCH,UNIT_SCADA,1,"2019/09/05 20:20:00",W/HOE#1,0
D,DISPATCH,UNIT_SCADA,1,"2019/09/05 20:20:00",W/HOE#2,0
D,DISPATCH,UNIT_SCADA,1,"2019/09/05 20:20:00",WATERLWF,118.60
D,DISPATCH,UNIT_SCADA,1,"2019/09/05 20:20:00",WEMENSF1,0
D,DISPATCH,UNIT_SCADA,1,"2019/09/05 20:20:00",WGWF1,63.60
D,DISPATCH,UNIT_SCADA,1,"2019/09/05 20:20:00",WHITSF1,0
D,DISPATCH,UNIT_SCADA,1,"2019/09/05 20:20:00",WKIEWA1,16
D,DISPATCH,UNIT_SCADA,1,"2019/09/05 20:20:00",WKIEWA2,16
D,DISPATCH,UNIT_SCADA,1,"2019/09/05 20:20:00",WOODLWN1,4.3830
D,DISPATCH,UNIT_SCADA,1,"2019/09/05 20:20:00",WRSF1,0
D,DISPATCH,UNIT_SCADA,1,"2019/09/05 20:20:00",WRWF1,36.474990
D,DISPATCH,UNIT_SCADA,1,"2019/09/05 20:20:00",YABULU,159.930010
D,DISPATCH,UNIT_SCADA,1,"2019/09/05 20:20:00",YABULU2,0
D,DISPATCH,UNIT_SCADA,1,"2019/09/05 20:20:00",YARWUN_1,164.09
D,DISPATCH,UNIT_SCADA,1,"2019/09/05 20:20:00",YENDWF1,42.03
D,DISPATCH,UNIT_SCADA,1,"2019/09/05 20:20:00",YWPS1,382.956970
D,DISPATCH,UNIT_SCADA,1,"2019/09/05 20:20:00",YWPS2,278.944310
D,DISPATCH,UNIT_SCADA,1,"2019/09/05 20:20:00",YWPS3,335.112670
D,DISPATCH,UNIT_SCADA,1,"2019/09/05 20:20:00",YWPS4,396.3671
C,"END OF REPORT",335
