C,NEMP.WORLD,DISPATCHSCADA,AEMO,PUBLIC,2019/09/04,14:05:07,0000000312384951,DISPATCHSCADA,0000000312384945
I,DISPATCH,UNIT_SCADA,1,SETTLEMENTDATE,DUID,SCADAVALUE
D,DISPATCH,UNIT_SCADA,1,"2019/09/04 14:10:00",BARCSF1,0.60
D,DISPATCH,UNIT_SCADA,1,"2019/09/04 14:10:00",BUTLERSG,-0.000002
D,DISPATCH,UNIT_SCADA,1,"2019/09/04 14:10:00",CALL_A_4,0
D,DISPATCH,UNIT_SCADA,1,"2019/09/04 14:10:00",CAPTL_WF,125.959999
D,DISPATCH,UNIT_SCADA,1,"2019/09/04 14:10:00",CATHROCK,0
D,DISPATCH,UNIT_SCADA,1,"2019/09/04 14:10:00",CHALLHWF,0
D,DISPATCH,UNIT_SCADA,1,"2019/09/04 14:10:00",CLOVER,-0.01
D,DISPATCH,UNIT_SCADA,1,"2019/09/04 14:10:00",CLUNY,12.010529
D,DISPATCH,UNIT_SCADA,1,"2019/09/04 14:10:00",CNUNDAWF,3.904555
D,DISPATCH,UNIT_SCADA,1,"2019/09/04 14:10:00",CULLRGWF,29.50
D,DISPATCH,UNIT_SCADA,1,"2019/09/04 14:10:00",ERGT01,0
D,DISPATCH,UNIT_SCADA,1,"2019/09/04 14:10:00",GB01,0.005852
D,DISPATCH,UNIT_SCADA,1,"2019/09/04 14:10:00",GERMCRK,30.299999
D,DISPATCH,UNIT_SCADA,1,"2019/09/04 14:10:00",GRIFSF1,25.300003
D,DISPATCH,UNIT_SCADA,1,"2019/09/04 14:10:00",HUGSF1,9.0010
D,DISPATCH,UNIT_SCADA,1,"2019/09/04 14:10:00",LKBONNY1,4.644087
D,DISPATCH,UNIT_SCADA,1,"2019/09/04 14:10:00",LRSF1,12.8830
D,DISPATCH,UNIT_SCADA,1,"2019/09/04 14:10:00",MBAHNTH,39.693741
D,DISPATCH,UNIT_SCADA,1,"2019/09/04 14:10:00",MLSP1,4.053001
D,DISPATCH,UNIT_SCADA,1,"2019/09/04 14:10:00",MLWF1,3.9150
D,DISPATCH,UNIT_SCADA,1,"2019/09/04 14:10:00",MTMILLAR,0.178591
D,DISPATCH,UNIT_SCADA,1,"2019/09/04 14:10:00",PALOONA,24.32
D,DISPATCH,UNIT_SCADA,1,"2019/09/04 14:10:00",PIONEER,7.90
D,DISPATCH,UNIT_SCADA,1,"2019/09/04 14:10:00",PORTWF,12.80
D,DISPATCH,UNIT_SCADA,1,"2019/09/04 14:10:00",REPULSE,19.703060
D,DISPATCH,UNIT_SCADA,1,"2019/09/04 14:10:00",ROWALLAN,10.3589
D,DISPATCH,UNIT_SCADA,1,"2019/09/04 14:10:00",ROYALLA1,7.6580
D,DISPATCH,UNIT_SCADA,1,"2019/09/04 14:10:00",RPCG,-0.40
D,DISPATCH,UNIT_SCADA,1,"2019/09/04 14:10:00",RUBICON,0
D,DISPATCH,UNIT_SCADA,1,"2019/09/04 14:10:00",SATGN1,0
D,DISPATCH,UNIT_SCADA,1,"2019/09/04 14:10:00",SATGS1,0
D,DISPATCH,UNIT_SCADA,1,"2019/09/04 14:10:00",STARHLWF,0.099971
D,DISPATCH,UNIT_SCADA,1,"2019/09/04 14:10:00",WAUBRAWF,26.205999
D,DISPATCH,UNIT_SCADA,1,"2019/09/04 14:10:00",WOOLNTH1,75.760017
D,DISPATCH,UNIT_SCADA,1,"2019/09/04 14:10:00",WPWF,4
D,DISPATCH,UNIT_SCADA,1,"2019/09/04 14:10:00",YAMBUKWF,3.60
D,DISPATCH,UNIT_SCADA,1,"2019/09/04 14:10:00",YSWF1,19.700001
D,DISPATCH,UNIT_SCADA,1,"2019/09/04 14:10:00",AGLHAL,0
D,DISPATCH,UNIT_SCADA,1,"2019/09/04 14:10:00",AGLSOM,0
D,DISPATCH,UNIT_SCADA,1,"2019/09/04 14:10:00",ANGAST1,0
D,DISPATCH,UNIT_SCADA,1,"2019/09/04 14:10:00",ARWF1,19.70
D,DISPATCH,UNIT_SCADA,1,"2019/09/04 14:10:00",BALBG1,2.32
D,DISPATCH,UNIT_SCADA,1,"2019/09/04 14:10:00",BALBL1,0
D,DISPATCH,UNIT_SCADA,1,"2019/09/04 14:10:00",BALDHWF1,43.8580
D,DISPATCH,UNIT_SCADA,1,"2019/09/04 14:10:00",BANN1,19.55
D,DISPATCH,UNIT_SCADA,1,"2019/09/04 14:10:00",BARCALDN,0
D,DISPATCH,UNIT_SCADA,1,"2019/09/04 14:10:00",BARRON-1,15.12
D,DISPATCH,UNIT_SCADA,1,"2019/09/04 14:10:00",BARRON-2,0
D,DISPATCH,UNIT_SCADA,1,"2019/09/04 14:10:00",BASTYAN,80.460010
D,DISPATCH,UNIT_SCADA,1,"2019/09/04 14:10:00",BBTHREE1,0
D,DISPATCH,UNIT_SCADA,1,"2019/09/04 14:10:00",BBTHREE2,0
D,DISPATCH,UNIT_SCADA,1,"2019/09/04 14:10:00",BBTHREE3,0
D,DISPATCH,UNIT_SCADA,1,"2019/09/04 14:10:00",BDL01,0
D,DISPATCH,UNIT_SCADA,1,"2019/09/04 14:10:00",BDL02,-0.06
D,DISPATCH,UNIT_SCADA,1,"2019/09/04 14:10:00",BERYLSF1,76.418620
D,DISPATCH,UNIT_SCADA,1,"2019/09/04 14:10:00",BLOWERNG,11.10
D,DISPATCH,UNIT_SCADA,1,"2019/09/04 14:10:00",BLUFF1,0
D,DISPATCH,UNIT_SCADA,1,"2019/09/04 14:10:00",BNGSF1,96.03
D,DISPATCH,UNIT_SCADA,1,"2019/09/04 14:10:00",BNGSF2,20.01
D,DISPATCH,UNIT_SCADA,1,"2019/09/04 14:10:00",BOCORWF1,75.61
D,DISPATCH,UNIT_SCADA,1,"2019/09/04 14:10:00",BODWF1,58.479420
D,DISPATCH,UNIT_SCADA,1,"2019/09/04 14:10:00",BRAEMAR1,0
D,DISPATCH,UNIT_SCADA,1,"2019/09/04 14:10:00",BRAEMAR2,0
D,DISPATCH,UNIT_SCADA,1,"2019/09/04 14:10:00",BRAEMAR3,0
D,DISPATCH,UNIT_SCADA,1,"2019/09/04 14:10:00",BRAEMAR5,0
D,DISPATCH,UNIT_SCADA,1,"2019/09/04 14:10:00",BRAEMAR6,0
D,DISPATCH,UNIT_SCADA,1,"2019/09/04 14:10:00",BRAEMAR7,0
D,DISPATCH,UNIT_SCADA,1,"2019/09/04 14:10:00",BROKENH1,29.080570
D,DISPATCH,UNIT_SCADA,1,"2019/09/04 14:10:00",BW01,580.799930
D,DISPATCH,UNIT_SCADA,1,"2019/09/04 14:10:00",BW02,593.349980
D,DISPATCH,UNIT_SCADA,1,"2019/09/04 14:10:00",BW03,586.075070
D,DISPATCH,UNIT_SCADA,1,"2019/09/04 14:10:00",BW04,0
D,DISPATCH,UNIT_SCADA,1,"2019/09/04 14:10:00",CALL_B_1,159.20
D,DISPATCH,UNIT_SCADA,1,"2019/09/04 14:10:00",CALL_B_2,159.50
D,DISPATCH,UNIT_SCADA,1,"2019/09/04 14:10:00",CETHANA,46.272880
D,DISPATCH,UNIT_SCADA,1,"2019/09/04 14:10:00",CG1,0
D,DISPATCH,UNIT_SCADA,1,"2019/09/04 14:10:00",CG2,0
D,DISPATCH,UNIT_SCADA,1,"2019/09/04 14:10:00",CG3,0
D,DISPATCH,UNIT_SCADA,1,"2019/09/04 14:10:00",CG4,0
D,DISPATCH,UNIT_SCADA,1,"2019/09/04 14:10:00",CHILDSF1,49.59
D,DISPATCH,UNIT_SCADA,1,"2019/09/04 14:10:00",CLARESF1,0
D,DISPATCH,UNIT_SCADA,1,"2019/09/04 14:10:00",CLEMGPWF,-0.360180
D,DISPATCH,UNIT_SCADA,1,"2019/09/04 14:10:00",CLERMSF1,0
D,DISPATCH,UNIT_SCADA,1,"2019/09/04 14:10:00",COLEASF1,104.70
D,DISPATCH,UNIT_SCADA,1,"2019/09/04 14:10:00",COOPGWF1,0
D,DISPATCH,UNIT_SCADA,1,"2019/09/04 14:10:00",CPP_3,198.275010
D,DISPATCH,UNIT_SCADA,1,"2019/09/04 14:10:00",CPP_4,170.225010
D,DISPATCH,UNIT_SCADA,1,"2019/09/04 14:10:00",CPSA,75.820630
D,DISPATCH,UNIT_SCADA,1,"2019/09/04 14:10:00",CROOKWF2,83.613750
D,DISPATCH,UNIT_SCADA,1,"2019/09/04 14:10:00",CROWLWF1,7.235070
D,DISPATCH,UNIT_SCADA,1,"2019/09/04 14:10:00",CSPVPS1,32.0420
D,DISPATCH,UNIT_SCADA,1,"2019/09/04 14:10:00",DALNTH01,0
D,DISPATCH,UNIT_SCADA,1,"2019/09/04 14:10:00",DALNTHL1,0.071720
D,DISPATCH,UNIT_SCADA,1,"2019/09/04 14:10:00",DARTM1,0
D,DISPATCH,UNIT_SCADA,1,"2019/09/04 14:10:00",DAYDSF1,0
D,DISPATCH,UNIT_SCADA,1,"2019/09/04 14:10:00",DDPS1,0
D,DISPATCH,UNIT_SCADA,1,"2019/09/04 14:10:00",DDSF1,98.787330
D,DISPATCH,UNIT_SCADA,1,"2019/09/04 14:10:00",DEVILS_G,56.107670
D,DISPATCH,UNIT_SCADA,1,"2019/09/04 14:10:00",DG_NSW1,0
D,DISPATCH,UNIT_SCADA,1,"2019/09/04 14:10:00",DG_QLD1,0
D,DISPATCH,UNIT_SCADA,1,"2019/09/04 14:10:00",DG_SA1,0
D,DISPATCH,UNIT_SCADA,1,"2019/09/04 14:10:00",DG_TAS1,0
D,DISPATCH,UNIT_SCADA,1,"2019/09/04 14:10:00",DG_VIC1,0
D,DISPATCH,UNIT_SCADA,1,"2019/09/04 14:10:00",DRYCGT1,0
D,DISPATCH,UNIT_SCADA,1,"2019/09/04 14:10:00",DRYCGT2,0
D,DISPATCH,UNIT_SCADA,1,"2019/09/04 14:10:00",DRYCGT3,0
D,DISPATCH,UNIT_SCADA,1,"2019/09/04 14:10:00",EILDON1,0
D,DISPATCH,UNIT_SCADA,1,"2019/09/04 14:10:00",EILDON2,0
D,DISPATCH,UNIT_SCADA,1,"2019/09/04 14:10:00",EMERASF1,0.18
D,DISPATCH,UNIT_SCADA,1,"2019/09/04 14:10:00",ER01,590.25
D,DISPATCH,UNIT_SCADA,1,"2019/09/04 14:10:00",ER02,696.349980
D,DISPATCH,UNIT_SCADA,1,"2019/09/04 14:10:00",ER03,0
D,DISPATCH,UNIT_SCADA,1,"2019/09/04 14:10:00",ER04,695.3750
D,DISPATCH,UNIT_SCADA,1,"2019/09/04 14:10:00",FINLYSF1,5.693740
D,DISPATCH,UNIT_SCADA,1,"2019/09/04 14:10:00",FISHER,0
D,DISPATCH,UNIT_SCADA,1,"2019/09/04 14:10:00",GANNBG1,0
D,DISPATCH,UNIT_SCADA,1,"2019/09/04 14:10:00",GANNBL1,8.017560
D,DISPATCH,UNIT_SCADA,1,"2019/09/04 14:10:00",GANNSF1,6.10
D,DISPATCH,UNIT_SCADA,1,"2019/09/04 14:10:00",GORDON,20.054160
D,DISPATCH,UNIT_SCADA,1,"2019/09/04 14:10:00",GSTONE1,133.70
D,DISPATCH,UNIT_SCADA,1,"2019/09/04 14:10:00",GSTONE2,109.90
D,DISPATCH,UNIT_SCADA,1,"2019/09/04 14:10:00",GSTONE3,0
D,DISPATCH,UNIT_SCADA,1,"2019/09/04 14:10:00",GSTONE4,135.45
D,DISPATCH,UNIT_SCADA,1,"2019/09/04 14:10:00",GSTONE5,135.6250
D,DISPATCH,UNIT_SCADA,1,"2019/09/04 14:10:00",GSTONE6,135.099990
D,DISPATCH,UNIT_SCADA,1,"2019/09/04 14:10:00",GULLRSF1,9.236210
D,DISPATCH,UNIT_SCADA,1,"2019/09/04 14:10:00",GULLRWF1,143.345370
D,DISPATCH,UNIT_SCADA,1,"2019/09/04 14:10:00",GUNNING1,35.303360
D,DISPATCH,UNIT_SCADA,1,"2019/09/04 14:10:00",GUTHEGA,0
D,DISPATCH,UNIT_SCADA,1,"2019/09/04 14:10:00",HALLWF1,-0.57
D,DISPATCH,UNIT_SCADA,1,"2019/09/04 14:10:00",HALLWF2,-0.32
D,DISPATCH,UNIT_SCADA,1,"2019/09/04 14:10:00",HAMISF1,44.60
D,DISPATCH,UNIT_SCADA,1,"2019/09/04 14:10:00",HAUGHT11,52.609020
D,DISPATCH,UNIT_SCADA,1,"2019/09/04 14:10:00",HAYMSF1,40.5210
D,DISPATCH,UNIT_SCADA,1,"2019/09/04 14:10:00",HDWF1,1.30
D,DISPATCH,UNIT_SCADA,1,"2019/09/04 14:10:00",HDWF2,1.80
D,DISPATCH,UNIT_SCADA,1,"2019/09/04 14:10:00",HDWF3,2.70
D,DISPATCH,UNIT_SCADA,1,"2019/09/04 14:10:00",HPRG1,0
D,DISPATCH,UNIT_SCADA,1,"2019/09/04 14:10:00",HPRL1,1.20
D,DISPATCH,UNIT_SCADA,1,"2019/09/04 14:10:00",HUMENSW,0
D,DISPATCH,UNIT_SCADA,1,"2019/09/04 14:10:00",HUMEV,25.70
D,DISPATCH,UNIT_SCADA,1,"2019/09/04 14:10:00",HVGTS,0
D,DISPATCH,UNIT_SCADA,1,"2019/09/04 14:10:00",JBUTTERS,20.42
D,DISPATCH,UNIT_SCADA,1,"2019/09/04 14:10:00",JLA01,51.60
D,DISPATCH,UNIT_SCADA,1,"2019/09/04 14:10:00",JLA02,0
D,DISPATCH,UNIT_SCADA,1,"2019/09/04 14:10:00",JLA03,0
D,DISPATCH,UNIT_SCADA,1,"2019/09/04 14:10:00",JLA04,0
D,DISPATCH,UNIT_SCADA,1,"2019/09/04 14:10:00",JLB01,0
D,DISPATCH,UNIT_SCADA,1,"2019/09/04 14:10:00",JLB02,0.10
D,DISPATCH,UNIT_SCADA,1,"2019/09/04 14:10:00",JLB03,0
D,DISPATCH,UNIT_SCADA,1,"2019/09/04 14:10:00",KAREEYA1,21.4325
D,DISPATCH,UNIT_SCADA,1,"2019/09/04 14:10:00",KAREEYA2,21.51
D,DISPATCH,UNIT_SCADA,1,"2019/09/04 14:10:00",KAREEYA3,0
D,DISPATCH,UNIT_SCADA,1,"2019/09/04 14:10:00",KAREEYA4,21.6875
D,DISPATCH,UNIT_SCADA,1,"2019/09/04 14:10:00",KARSF1,25
D,DISPATCH,UNIT_SCADA,1,"2019/09/04 14:10:00",KIATAWF1,4
D,DISPATCH,UNIT_SCADA,1,"2019/09/04 14:10:00",KPP_1,0
D,DISPATCH,UNIT_SCADA,1,"2019/09/04 14:10:00",KSP1,0
D,DISPATCH,UNIT_SCADA,1,"2019/09/04 14:10:00",LADBROK1,0
D,DISPATCH,UNIT_SCADA,1,"2019/09/04 14:10:00",LADBROK2,0
D,DISPATCH,UNIT_SCADA,1,"2019/09/04 14:10:00",LD01,379.050020
D,DISPATCH,UNIT_SCADA,1,"2019/09/04 14:10:00",LD02,377.287540
D,DISPATCH,UNIT_SCADA,1,"2019/09/04 14:10:00",LD03,374.456270
D,DISPATCH,UNIT_SCADA,1,"2019/09/04 14:10:00",LD04,348.975040
D,DISPATCH,UNIT_SCADA,1,"2019/09/04 14:10:00",LEM_WIL,85.5706
D,DISPATCH,UNIT_SCADA,1,"2019/09/04 14:10:00",LGAPWF1,3.66
D,DISPATCH,UNIT_SCADA,1,"2019/09/04 14:10:00",LILYSF1,87.556090
D,DISPATCH,UNIT_SCADA,1,"2019/09/04 14:10:00",LI_WY_CA,100.602460
D,DISPATCH,UNIT_SCADA,1,"2019/09/04 14:10:00",LKBONNY2,10.527220
D,DISPATCH,UNIT_SCADA,1,"2019/09/04 14:10:00",LKBONNY3,3.405140
D,DISPATCH,UNIT_SCADA,1,"2019/09/04 14:10:00",LK_ECHO,0
D,DISPATCH,UNIT_SCADA,1,"2019/09/04 14:10:00",LNGS1,0
D,DISPATCH,UNIT_SCADA,1,"2019/09/04 14:10:00",LNGS2,0
D,DISPATCH,UNIT_SCADA,1,"2019/09/04 14:10:00",LONSDALE,0
D,DISPATCH,UNIT_SCADA,1,"2019/09/04 14:10:00",LOYYB1,536.088620
D,DISPATCH,UNIT_SCADA,1,"2019/09/04 14:10:00",LOYYB2,583.834170
D,DISPATCH,UNIT_SCADA,1,"2019/09/04 14:10:00",LYA1,0
D,DISPATCH,UNIT_SCADA,1,"2019/09/04 14:10:00",LYA2,0
D,DISPATCH,UNIT_SCADA,1,"2019/09/04 14:10:00",LYA3,560
D,DISPATCH,UNIT_SCADA,1,"2019/09/04 14:10:00",LYA4,538
D,DISPATCH,UNIT_SCADA,1,"2019/09/04 14:10:00",MACARTH1,0
D,DISPATCH,UNIT_SCADA,1,"2019/09/04 14:10:00",MACKAYGT,0.2240
D,DISPATCH,UNIT_SCADA,1,"2019/09/04 14:10:00",MACKNTSH,89.010010
D,DISPATCH,UNIT_SCADA,1,"2019/09/04 14:10:00",MANSLR1,40.7410
D,DISPATCH,UNIT_SCADA,1,"2019/09/04 14:10:00",MCKAY1,0.02
D,DISPATCH,UNIT_SCADA,1,"2019/09/04 14:10:00",MEADOWBK,24.635960
D,DISPATCH,UNIT_SCADA,1,"2019/09/04 14:10:00",MERCER01,60.99
D,DISPATCH,UNIT_SCADA,1,"2019/09/04 14:10:00",MEWF1,71.68
D,DISPATCH,UNIT_SCADA,1,"2019/09/04 14:10:00",MINTARO,0
D,DISPATCH,UNIT_SCADA,1,"2019/09/04 14:10:00",MOREESF1,49.1080
D,DISPATCH,UNIT_SCADA,1,"2019/09/04 14:10:00",MORTLK11,258
D,DISPATCH,UNIT_SCADA,1,"2019/09/04 14:10:00",MORTLK12,0
D,DISPATCH,UNIT_SCADA,1,"2019/09/04 14:10:00",MP1,219.174930
D,DISPATCH,UNIT_SCADA,1,"2019/09/04 14:10:00",MP2,0
D,DISPATCH,UNIT_SCADA,1,"2019/09/04 14:10:00",MPP_1,281
D,DISPATCH,UNIT_SCADA,1,"2019/09/04 14:10:00",MPP_2,298.75
D,DISPATCH,UNIT_SCADA,1,"2019/09/04 14:10:00",MSTUART1,0
D,DISPATCH,UNIT_SCADA,1,"2019/09/04 14:10:00",MSTUART2,0
D,DISPATCH,UNIT_SCADA,1,"2019/09/04 14:10:00",MSTUART3,0
D,DISPATCH,UNIT_SCADA,1,"2019/09/04 14:10:00",MTGELWF1,63.789790
D,DISPATCH,UNIT_SCADA,1,"2019/09/04 14:10:00",MURRAY,0
D,DISPATCH,UNIT_SCADA,1,"2019/09/04 14:10:00",MUSSELR1,157.599990
D,DISPATCH,UNIT_SCADA,1,"2019/09/04 14:10:00",MUWAWF1,5.85
D,DISPATCH,UNIT_SCADA,1,"2019/09/04 14:10:00",NBHWF1,-0.40
D,DISPATCH,UNIT_SCADA,1,"2019/09/04 14:10:00",NPS,33
D,DISPATCH,UNIT_SCADA,1,"2019/09/04 14:10:00",NUMURSF1,64.33
D,DISPATCH,UNIT_SCADA,1,"2019/09/04 14:10:00",NYNGAN1,94.8940
D,DISPATCH,UNIT_SCADA,1,"2019/09/04 14:10:00",OAKEY1,0
D,DISPATCH,UNIT_SCADA,1,"2019/09/04 14:10:00",OAKEY1SF,24.1620
D,DISPATCH,UNIT_SCADA,1,"2019/09/04 14:10:00",OAKEY2,0
D,DISPATCH,UNIT_SCADA,1,"2019/09/04 14:10:00",OAKEY2SF,0
D,DISPATCH,UNIT_SCADA,1,"2019/09/04 14:10:00",OAKLAND1,4.70
D,DISPATCH,UNIT_SCADA,1,"2019/09/04 14:10:00",OSB-AG,179.37
D,DISPATCH,UNIT_SCADA,1,"2019/09/04 14:10:00",PARSF1,47.30
D,DISPATCH,UNIT_SCADA,1,"2019/09/04 14:10:00",POAT110,0
D,DISPATCH,UNIT_SCADA,1,"2019/09/04 14:10:00",POAT220,26.66
D,DISPATCH,UNIT_SCADA,1,"2019/09/04 14:10:00",POR01,0
D,DISPATCH,UNIT_SCADA,1,"2019/09/04 14:10:00",POR03,0
D,DISPATCH,UNIT_SCADA,1,"2019/09/04 14:10:00",PPCCGT,484.944790
D,DISPATCH,UNIT_SCADA,1,"2019/09/04 14:10:00",PTSTAN1,0
D,DISPATCH,UNIT_SCADA,1,"2019/09/04 14:10:00",PUMP1,0
D,DISPATCH,UNIT_SCADA,1,"2019/09/04 14:10:00",PUMP2,0
D,DISPATCH,UNIT_SCADA,1,"2019/09/04 14:10:00",QPS1,0
D,DISPATCH,UNIT_SCADA,1,"2019/09/04 14:10:00",QPS2,0
D,DISPATCH,UNIT_SCADA,1,"2019/09/04 14:10:00",QPS3,0
D,DISPATCH,UNIT_SCADA,1,"2019/09/04 14:10:00",QPS4,0
D,DISPATCH,UNIT_SCADA,1,"2019/09/04 14:10:00",QPS5,0
D,DISPATCH,UNIT_SCADA,1,"2019/09/04 14:10:00",REECE1,117.750010
D,DISPATCH,UNIT_SCADA,1,"2019/09/04 14:10:00",REECE2,101.310010
D,DISPATCH,UNIT_SCADA,1,"2019/09/04 14:10:00",ROMA_7,0
D,DISPATCH,UNIT_SCADA,1,"2019/09/04 14:10:00",ROMA_8,0
D,DISPATCH,UNIT_SCADA,1,"2019/09/04 14:10:00",RRSF1,115.076260
D,DISPATCH,UNIT_SCADA,1,"2019/09/04 14:10:00",RT_NSW1,0
D,DISPATCH,UNIT_SCADA,1,"2019/09/04 14:10:00",RT_NSW2,0
D,DISPATCH,UNIT_SCADA,1,"2019/09/04 14:10:00",RT_NSW3,0
D,DISPATCH,UNIT_SCADA,1,"2019/09/04 14:10:00",RT_NSW4,0
D,DISPATCH,UNIT_SCADA,1,"2019/09/04 14:10:00",RT_NSW5,0
D,DISPATCH,UNIT_SCADA,1,"2019/09/04 14:10:00",RT_NSW6,0
D,DISPATCH,UNIT_SCADA,1,"2019/09/04 14:10:00",RT_QLD1,0
D,DISPATCH,UNIT_SCADA,1,"2019/09/04 14:10:00",RT_SA1,0
D,DISPATCH,UNIT_SCADA,1,"2019/09/04 14:10:00",RT_SA2,0
D,DISPATCH,UNIT_SCADA,1,"2019/09/04 14:10:00",RT_SA3,0
D,DISPATCH,UNIT_SCADA,1,"2019/09/04 14:10:00",RT_SA4,0
D,DISPATCH,UNIT_SCADA,1,"2019/09/04 14:10:00",RT_SA5,0
D,DISPATCH,UNIT_SCADA,1,"2019/09/04 14:10:00",RT_SA6,0
D,DISPATCH,UNIT_SCADA,1,"2019/09/04 14:10:00",RT_TAS1,0
D,DISPATCH,UNIT_SCADA,1,"2019/09/04 14:10:00",RT_VIC1,0
D,DISPATCH,UNIT_SCADA,1,"2019/09/04 14:10:00",RT_VIC10,0
D,DISPATCH,UNIT_SCADA,1,"2019/09/04 14:10:00",RT_VIC11,0
D,DISPATCH,UNIT_SCADA,1,"2019/09/04 14:10:00",RT_VIC12,0
D,DISPATCH,UNIT_SCADA,1,"2019/09/04 14:10:00",RT_VIC2,0
D,DISPATCH,UNIT_SCADA,1,"2019/09/04 14:10:00",RT_VIC3,0
D,DISPATCH,UNIT_SCADA,1,"2019/09/04 14:10:00",RT_VIC4,0
D,DISPATCH,UNIT_SCADA,1,"2019/09/04 14:10:00",RT_VIC5,0
D,DISPATCH,UNIT_SCADA,1,"2019/09/04 14:10:00",RT_VIC6,0
D,DISPATCH,UNIT_SCADA,1,"2019/09/04 14:10:00",RT_VIC7,0
D,DISPATCH,UNIT_SCADA,1,"2019/09/04 14:10:00",RT_VIC8,0
D,DISPATCH,UNIT_SCADA,1,"2019/09/04 14:10:00",RT_VIC9,0
D,DISPATCH,UNIT_SCADA,1,"2019/09/04 14:10:00",RUGBYR1,33.742850
D,DISPATCH,UNIT_SCADA,1,"2019/09/04 14:10:00",SALTCRK1,9.82
D,DISPATCH,UNIT_SCADA,1,"2019/09/04 14:10:00",SAPHWF1,179.278140
D,DISPATCH,UNIT_SCADA,1,"2019/09/04 14:10:00",SHGEN,0
D,DISPATCH,UNIT_SCADA,1,"2019/09/04 14:10:00",SHPUMP,158.846980
D,DISPATCH,UNIT_SCADA,1,"2019/09/04 14:10:00",SITHE01,0.1840
D,DISPATCH,UNIT_SCADA,1,"2019/09/04 14:10:00",SMCSF1,49.069340
D,DISPATCH,UNIT_SCADA,1,"2019/09/04 14:10:00",SNOWNTH1,0.20
D,DISPATCH,UNIT_SCADA,1,"2019/09/04 14:10:00",SNOWSTH1,0.10
D,DISPATCH,UNIT_SCADA,1,"2019/09/04 14:10:00",SNOWTWN1,-0.498140
D,DISPATCH,UNIT_SCADA,1,"2019/09/04 14:10:00",SNOWYP,0
D,DISPATCH,UNIT_SCADA,1,"2019/09/04 14:10:00",SNUG1,0.019440
D,DISPATCH,UNIT_SCADA,1,"2019/09/04 14:10:00",SRSF1,34.61
D,DISPATCH,UNIT_SCADA,1,"2019/09/04 14:10:00",STAN-1,366.704440
D,DISPATCH,UNIT_SCADA,1,"2019/09/04 14:10:00",STAN-2,248.037250
D,DISPATCH,UNIT_SCADA,1,"2019/09/04 14:10:00",STAN-3,247.268170
D,DISPATCH,UNIT_SCADA,1,"2019/09/04 14:10:00",STAN-4,248.473050
D,DISPATCH,UNIT_SCADA,1,"2019/09/04 14:10:00",STWF1,36.742520
D,DISPATCH,UNIT_SCADA,1,"2019/09/04 14:10:00",SWAN_E,0
D,DISPATCH,UNIT_SCADA,1,"2019/09/04 14:10:00",TALWA1,408
D,DISPATCH,UNIT_SCADA,1,"2019/09/04 14:10:00",TARALGA1,92.808730
D,DISPATCH,UNIT_SCADA,1,"2019/09/04 14:10:00",TARONG#1,348.700010
D,DISPATCH,UNIT_SCADA,1,"2019/09/04 14:10:00",TARONG#2,0
D,DISPATCH,UNIT_SCADA,1,"2019/09/04 14:10:00",TARONG#3,278.899990
D,DISPATCH,UNIT_SCADA,1,"2019/09/04 14:10:00",TARONG#4,349.300020
D,DISPATCH,UNIT_SCADA,1,"2019/09/04 14:10:00",TARRALEA,75.70
D,DISPATCH,UNIT_SCADA,1,"2019/09/04 14:10:00",TBSF1,21.30
D,DISPATCH,UNIT_SCADA,1,"2019/09/04 14:10:00",TNPS1,442.000030
D,DISPATCH,UNIT_SCADA,1,"2019/09/04 14:10:00",TORRA1,74.1532
D,DISPATCH,UNIT_SCADA,1,"2019/09/04 14:10:00",TORRA2,0
D,DISPATCH,UNIT_SCADA,1,"2019/09/04 14:10:00",TORRA3,0
D,DISPATCH,UNIT_SCADA,1,"2019/09/04 14:10:00",TORRA4,63.219730
D,DISPATCH,UNIT_SCADA,1,"2019/09/04 14:10:00",TORRB1,108.51
D,DISPATCH,UNIT_SCADA,1,"2019/09/04 14:10:00",TORRB2,110.03
D,DISPATCH,UNIT_SCADA,1,"2019/09/04 14:10:00",TORRB3,108.43
D,DISPATCH,UNIT_SCADA,1,"2019/09/04 14:10:00",TORRB4,0
D,DISPATCH,UNIT_SCADA,1,"2019/09/04 14:10:00",TREVALLN,0
D,DISPATCH,UNIT_SCADA,1,"2019/09/04 14:10:00",TRIBUTE,0
D,DISPATCH,UNIT_SCADA,1,"2019/09/04 14:10:00",TUMUT3,0
D,DISPATCH,UNIT_SCADA,1,"2019/09/04 14:10:00",TUNGATIN,9.10
D,DISPATCH,UNIT_SCADA,1,"2019/09/04 14:10:00",TVCC201,0
D,DISPATCH,UNIT_SCADA,1,"2019/09/04 14:10:00",TVPP104,0
D,DISPATCH,UNIT_SCADA,1,"2019/09/04 14:10:00",UPPTUMUT,121.339840
D,DISPATCH,UNIT_SCADA,1,"2019/09/04 14:10:00",URANQ11,0
D,DISPATCH,UNIT_SCADA,1,"2019/09/04 14:10:00",URANQ12,0
D,DISPATCH,UNIT_SCADA,1,"2019/09/04 14:10:00",URANQ13,120.106230
D,DISPATCH,UNIT_SCADA,1,"2019/09/04 14:10:00",URANQ14,0
D,DISPATCH,UNIT_SCADA,1,"2019/09/04 14:10:00",VP5,499.674990
D,DISPATCH,UNIT_SCADA,1,"2019/09/04 14:10:00",VP6,0
D,DISPATCH,UNIT_SCADA,1,"2019/09/04 14:10:00",VPGS1,0
D,DISPATCH,UNIT_SCADA,1,"2019/09/04 14:10:00",VPGS2,0
D,DISPATCH,UNIT_SCADA,1,"2019/09/04 14:10:00",VPGS3,0
D,DISPATCH,UNIT_SCADA,1,"2019/09/04 14:10:00",VPGS4,0
D,DISPATCH,UNIT_SCADA,1,"2019/09/04 14:10:00",VPGS5,0
D,DISPATCH,UNIT_SCADA,1,"2019/09/04 14:10:00",VPGS6,0
D,DISPATCH,UNIT_SCADA,1,"2019/09/04 14:10:00",W/HOE#1,0
D,DISPATCH,UNIT_SCADA,1,"2019/09/04 14:10:00",W/HOE#2,0
D,DISPATCH,UNIT_SCADA,1,"2019/09/04 14:10:00",WATERLWF,1.20
D,DISPATCH,UNIT_SCADA,1,"2019/09/04 14:10:00",WEMENSF1,33
D,DISPATCH,UNIT_SCADA,1,"2019/09/04 14:10:00",WGWF1,0
D,DISPATCH,UNIT_SCADA,1,"2019/09/04 14:10:00",WHITSF1,0
D,DISPATCH,UNIT_SCADA,1,"2019/09/04 14:10:00",WKIEWA1,0
D,DISPATCH,UNIT_SCADA,1,"2019/09/04 14:10:00",WKIEWA2,0.10
D,DISPATCH,UNIT_SCADA,1,"2019/09/04 14:10:00",WOODLWN1,43.2450
D,DISPATCH,UNIT_SCADA,1,"2019/09/04 14:10:00",WRSF1,18.21
D,DISPATCH,UNIT_SCADA,1,"2019/09/04 14:10:00",WRWF1,133.634990
D,DISPATCH,UNIT_SCADA,1,"2019/09/04 14:10:00",YABULU,0
D,DISPATCH,UNIT_SCADA,1,"2019/09/04 14:10:00",YABULU2,0
D,DISPATCH,UNIT_SCADA,1,"2019/09/04 14:10:00",YARWUN_1,114.75
D,DISPATCH,UNIT_SCADA,1,"2019/09/04 14:10:00",YENDWF1,41.45
D,DISPATCH,UNIT_SCADA,1,"2019/09/04 14:10:00",YWPS1,380.9519
D,DISPATCH,UNIT_SCADA,1,"2019/09/04 14:10:00",YWPS2,278.693660
D,DISPATCH,UNIT_SCADA,1,"2019/09/04 14:10:00",YWPS3,358.541780
D,DISPATCH,UNIT_SCADA,1,"2019/09/04 14:10:00",YWPS4,344.427860
C,"END OF REPORT",335
