C,NEMP.WORLD,DISPATCHSCADA,AEMO,PUBLIC,2019/08/19,23:55:08,0000000311764895,DISPATCHSCADA,0000000311764889
I,DISPATCH,UNIT_SCADA,1,SETTLEMENTDATE,DUID,SCADAVALUE
D,DISPATCH,UNIT_SCADA,1,"2019/08/20 00:00:00",BARCSF1,0
D,DISPATCH,UNIT_SCADA,1,"2019/08/20 00:00:00",BUTLERSG,9.699999
D,DISPATCH,UNIT_SCADA,1,"2019/08/20 00:00:00",CALL_A_4,0
D,DISPATCH,UNIT_SCADA,1,"2019/08/20 00:00:00",CAPTL_WF,120.851997
D,DISPATCH,UNIT_SCADA,1,"2019/08/20 00:00:00",CATHROCK,41.919998
D,DISPATCH,UNIT_SCADA,1,"2019/08/20 00:00:00",CHALLHWF,14
D,DISPATCH,UNIT_SCADA,1,"2019/08/20 00:00:00",CLOVER,-0.01
D,DISPATCH,UNIT_SCADA,1,"2019/08/20 00:00:00",CLUNY,17.425955
D,DISPATCH,UNIT_SCADA,1,"2019/08/20 00:00:00",CNUNDAWF,37.844147
D,DISPATCH,UNIT_SCADA,1,"2019/08/20 00:00:00",CULLRGWF,30.450001
D,DISPATCH,UNIT_SCADA,1,"2019/08/20 00:00:00",ERGT01,0
D,DISPATCH,UNIT_SCADA,1,"2019/08/20 00:00:00",GB01,0.064407
D,DISPATCH,UNIT_SCADA,1,"2019/08/20 00:00:00",GERMCRK,36.599998
D,DISPATCH,UNIT_SCADA,1,"2019/08/20 00:00:00",GRIFSF1,0
D,DISPATCH,UNIT_SCADA,1,"2019/08/20 00:00:00",HUGSF1,-0.2580
D,DISPATCH,UNIT_SCADA,1,"2019/08/20 00:00:00",LKBONNY1,60.283821
D,DISPATCH,UNIT_SCADA,1,"2019/08/20 00:00:00",LRSF1,-0.03
D,DISPATCH,UNIT_SCADA,1,"2019/08/20 00:00:00",MBAHNTH,56.118759
D,DISPATCH,UNIT_SCADA,1,"2019/08/20 00:00:00",MLSP1,0.304001
D,DISPATCH,UNIT_SCADA,1,"2019/08/20 00:00:00",MLWF1,17.775002
D,DISPATCH,UNIT_SCADA,1,"2019/08/20 00:00:00",MTMILLAR,15.939289
D,DISPATCH,UNIT_SCADA,1,"2019/08/20 00:00:00",PALOONA,23.619999
D,DISPATCH,UNIT_SCADA,1,"2019/08/20 00:00:00",PIONEER,31.50
D,DISPATCH,UNIT_SCADA,1,"2019/08/20 00:00:00",PORTWF,135.199997
D,DISPATCH,UNIT_SCADA,1,"2019/08/20 00:00:00",REPULSE,28.885328
D,DISPATCH,UNIT_SCADA,1,"2019/08/20 00:00:00",ROWALLAN,9.9329
D,DISPATCH,UNIT_SCADA,1,"2019/08/20 00:00:00",ROYALLA1,0
D,DISPATCH,UNIT_SCADA,1,"2019/08/20 00:00:00",RPCG,-3.20
D,DISPATCH,UNIT_SCADA,1,"2019/08/20 00:00:00",RUBICON,0
D,DISPATCH,UNIT_SCADA,1,"2019/08/20 00:00:00",SATGN1,0
D,DISPATCH,UNIT_SCADA,1,"2019/08/20 00:00:00",SATGS1,0
D,DISPATCH,UNIT_SCADA,1,"2019/08/20 00:00:00",STARHLWF,16.395220
D,DISPATCH,UNIT_SCADA,1,"2019/08/20 00:00:00",WAUBRAWF,128.632996
D,DISPATCH,UNIT_SCADA,1,"2019/08/20 00:00:00",WOOLNTH1,131.310028
D,DISPATCH,UNIT_SCADA,1,"2019/08/20 00:00:00",WPWF,23
D,DISPATCH,UNIT_SCADA,1,"2019/08/20 00:00:00",YAMBUKWF,20.700001
D,DISPATCH,UNIT_SCADA,1,"2019/08/20 00:00:00",YSWF1,28.10
D,DISPATCH,UNIT_SCADA,1,"2019/08/20 00:00:00",AGLHAL,0
D,DISPATCH,UNIT_SCADA,1,"2019/08/20 00:00:00",AGLSOM,-0.10
D,DISPATCH,UNIT_SCADA,1,"2019/08/20 00:00:00",ANGAST1,0
D,DISPATCH,UNIT_SCADA,1,"2019/08/20 00:00:00",ARWF1,14.60
D,DISPATCH,UNIT_SCADA,1,"2019/08/20 00:00:00",BALBG1,0
D,DISPATCH,UNIT_SCADA,1,"2019/08/20 00:00:00",BALBL1,0
D,DISPATCH,UNIT_SCADA,1,"2019/08/20 00:00:00",BALDHWF1,100.1180
D,DISPATCH,UNIT_SCADA,1,"2019/08/20 00:00:00",BANN1,0
D,DISPATCH,UNIT_SCADA,1,"2019/08/20 00:00:00",BARCALDN,0
D,DISPATCH,UNIT_SCADA,1,"2019/08/20 00:00:00",BARRON-1,0
D,DISPATCH,UNIT_SCADA,1,"2019/08/20 00:00:00",BARRON-2,25.80
D,DISPATCH,UNIT_SCADA,1,"2019/08/20 00:00:00",BASTYAN,80.51
D,DISPATCH,UNIT_SCADA,1,"2019/08/20 00:00:00",BBTHREE1,0
D,DISPATCH,UNIT_SCADA,1,"2019/08/20 00:00:00",BBTHREE2,0
D,DISPATCH,UNIT_SCADA,1,"2019/08/20 00:00:00",BBTHREE3,0
D,DISPATCH,UNIT_SCADA,1,"2019/08/20 00:00:00",BDL01,0
D,DISPATCH,UNIT_SCADA,1,"2019/08/20 00:00:00",BDL02,0
D,DISPATCH,UNIT_SCADA,1,"2019/08/20 00:00:00",BERYLSF1,0
D,DISPATCH,UNIT_SCADA,1,"2019/08/20 00:00:00",BLOWERNG,0
D,DISPATCH,UNIT_SCADA,1,"2019/08/20 00:00:00",BLUFF1,34.40
D,DISPATCH,UNIT_SCADA,1,"2019/08/20 00:00:00",BNGSF1,0
D,DISPATCH,UNIT_SCADA,1,"2019/08/20 00:00:00",BNGSF2,0
D,DISPATCH,UNIT_SCADA,1,"2019/08/20 00:00:00",BOCORWF1,69.39
D,DISPATCH,UNIT_SCADA,1,"2019/08/20 00:00:00",BODWF1,30.6533
D,DISPATCH,UNIT_SCADA,1,"2019/08/20 00:00:00",BRAEMAR1,0
D,DISPATCH,UNIT_SCADA,1,"2019/08/20 00:00:00",BRAEMAR2,0
D,DISPATCH,UNIT_SCADA,1,"2019/08/20 00:00:00",BRAEMAR3,0
D,DISPATCH,UNIT_SCADA,1,"2019/08/20 00:00:00",BRAEMAR5,0
D,DISPATCH,UNIT_SCADA,1,"2019/08/20 00:00:00",BRAEMAR6,0
D,DISPATCH,UNIT_SCADA,1,"2019/08/20 00:00:00",BRAEMAR7,0
D,DISPATCH,UNIT_SCADA,1,"2019/08/20 00:00:00",BROKENH1,0
D,DISPATCH,UNIT_SCADA,1,"2019/08/20 00:00:00",BW01,582.075070
D,DISPATCH,UNIT_SCADA,1,"2019/08/20 00:00:00",BW02,609.3750
D,DISPATCH,UNIT_SCADA,1,"2019/08/20 00:00:00",BW03,633.199950
D,DISPATCH,UNIT_SCADA,1,"2019/08/20 00:00:00",BW04,0
D,DISPATCH,UNIT_SCADA,1,"2019/08/20 00:00:00",CALL_B_1,339.300020
D,DISPATCH,UNIT_SCADA,1,"2019/08/20 00:00:00",CALL_B_2,279.399990
D,DISPATCH,UNIT_SCADA,1,"2019/08/20 00:00:00",CETHANA,80.581250
D,DISPATCH,UNIT_SCADA,1,"2019/08/20 00:00:00",CG1,0
D,DISPATCH,UNIT_SCADA,1,"2019/08/20 00:00:00",CG2,0
D,DISPATCH,UNIT_SCADA,1,"2019/08/20 00:00:00",CG3,0
D,DISPATCH,UNIT_SCADA,1,"2019/08/20 00:00:00",CG4,0
D,DISPATCH,UNIT_SCADA,1,"2019/08/20 00:00:00",CHILDSF1,0
D,DISPATCH,UNIT_SCADA,1,"2019/08/20 00:00:00",CLARESF1,0
D,DISPATCH,UNIT_SCADA,1,"2019/08/20 00:00:00",CLEMGPWF,4.466170
D,DISPATCH,UNIT_SCADA,1,"2019/08/20 00:00:00",CLERMSF1,0
D,DISPATCH,UNIT_SCADA,1,"2019/08/20 00:00:00",COLEASF1,0
D,DISPATCH,UNIT_SCADA,1,"2019/08/20 00:00:00",COOPGWF1,35.265290
D,DISPATCH,UNIT_SCADA,1,"2019/08/20 00:00:00",CPP_3,382.25
D,DISPATCH,UNIT_SCADA,1,"2019/08/20 00:00:00",CPP_4,381.700010
D,DISPATCH,UNIT_SCADA,1,"2019/08/20 00:00:00",CPSA,143.375630
D,DISPATCH,UNIT_SCADA,1,"2019/08/20 00:00:00",CROOKWF2,60.823750
D,DISPATCH,UNIT_SCADA,1,"2019/08/20 00:00:00",CROWLWF1,40.697860
D,DISPATCH,UNIT_SCADA,1,"2019/08/20 00:00:00",CSPVPS1,0
D,DISPATCH,UNIT_SCADA,1,"2019/08/20 00:00:00",DALNTH01,0
D,DISPATCH,UNIT_SCADA,1,"2019/08/20 00:00:00",DALNTHL1,0.093080
D,DISPATCH,UNIT_SCADA,1,"2019/08/20 00:00:00",DARTM1,134.30
D,DISPATCH,UNIT_SCADA,1,"2019/08/20 00:00:00",DAYDSF1,0
D,DISPATCH,UNIT_SCADA,1,"2019/08/20 00:00:00",DDPS1,0
D,DISPATCH,UNIT_SCADA,1,"2019/08/20 00:00:00",DDSF1,0
D,DISPATCH,UNIT_SCADA,1,"2019/08/20 00:00:00",DEVILS_G,60.514540
D,DISPATCH,UNIT_SCADA,1,"2019/08/20 00:00:00",DG_NSW1,0
D,DISPATCH,UNIT_SCADA,1,"2019/08/20 00:00:00",DG_QLD1,0
D,DISPATCH,UNIT_SCADA,1,"2019/08/20 00:00:00",DG_SA1,0
D,DISPATCH,UNIT_SCADA,1,"2019/08/20 00:00:00",DG_TAS1,0
D,DISPATCH,UNIT_SCADA,1,"2019/08/20 00:00:00",DG_VIC1,0
D,DISPATCH,UNIT_SCADA,1,"2019/08/20 00:00:00",DRYCGT1,0
D,DISPATCH,UNIT_SCADA,1,"2019/08/20 00:00:00",DRYCGT2,0
D,DISPATCH,UNIT_SCADA,1,"2019/08/20 00:00:00",DRYCGT3,0
D,DISPATCH,UNIT_SCADA,1,"2019/08/20 00:00:00",EILDON1,0
D,DISPATCH,UNIT_SCADA,1,"2019/08/20 00:00:00",EILDON2,0
D,DISPATCH,UNIT_SCADA,1,"2019/08/20 00:00:00",EMERASF1,0
D,DISPATCH,UNIT_SCADA,1,"2019/08/20 00:00:00",ER01,534.525020
D,DISPATCH,UNIT_SCADA,1,"2019/08/20 00:00:00",ER02,597.449950
D,DISPATCH,UNIT_SCADA,1,"2019/08/20 00:00:00",ER03,596.9751
D,DISPATCH,UNIT_SCADA,1,"2019/08/20 00:00:00",ER04,597.199950
D,DISPATCH,UNIT_SCADA,1,"2019/08/20 00:00:00",FINLYSF1,0
D,DISPATCH,UNIT_SCADA,1,"2019/08/20 00:00:00",FISHER,46.07
D,DISPATCH,UNIT_SCADA,1,"2019/08/20 00:00:00",GANNBG1,0
D,DISPATCH,UNIT_SCADA,1,"2019/08/20 00:00:00",GANNBL1,0.033560
D,DISPATCH,UNIT_SCADA,1,"2019/08/20 00:00:00",GANNSF1,0
D,DISPATCH,UNIT_SCADA,1,"2019/08/20 00:00:00",GORDON,0
D,DISPATCH,UNIT_SCADA,1,"2019/08/20 00:00:00",GSTONE1,155.5750
D,DISPATCH,UNIT_SCADA,1,"2019/08/20 00:00:00",GSTONE2,130.024990
D,DISPATCH,UNIT_SCADA,1,"2019/08/20 00:00:00",GSTONE3,130.3750
D,DISPATCH,UNIT_SCADA,1,"2019/08/20 00:00:00",GSTONE4,130.20
D,DISPATCH,UNIT_SCADA,1,"2019/08/20 00:00:00",GSTONE5,155.399990
D,DISPATCH,UNIT_SCADA,1,"2019/08/20 00:00:00",GSTONE6,0
D,DISPATCH,UNIT_SCADA,1,"2019/08/20 00:00:00",GULLRSF1,0
D,DISPATCH,UNIT_SCADA,1,"2019/08/20 00:00:00",GULLRWF1,157.496610
D,DISPATCH,UNIT_SCADA,1,"2019/08/20 00:00:00",GUNNING1,40.584690
D,DISPATCH,UNIT_SCADA,1,"2019/08/20 00:00:00",GUTHEGA,0
D,DISPATCH,UNIT_SCADA,1,"2019/08/20 00:00:00",HALLWF1,79.56
D,DISPATCH,UNIT_SCADA,1,"2019/08/20 00:00:00",HALLWF2,63.43
D,DISPATCH,UNIT_SCADA,1,"2019/08/20 00:00:00",HAMISF1,0
D,DISPATCH,UNIT_SCADA,1,"2019/08/20 00:00:00",HAUGHT11,0
D,DISPATCH,UNIT_SCADA,1,"2019/08/20 00:00:00",HAYMSF1,0
D,DISPATCH,UNIT_SCADA,1,"2019/08/20 00:00:00",HDWF1,46.30
D,DISPATCH,UNIT_SCADA,1,"2019/08/20 00:00:00",HDWF2,32.70
D,DISPATCH,UNIT_SCADA,1,"2019/08/20 00:00:00",HDWF3,40.80
D,DISPATCH,UNIT_SCADA,1,"2019/08/20 00:00:00",HPRG1,0.50
D,DISPATCH,UNIT_SCADA,1,"2019/08/20 00:00:00",HPRL1,0
D,DISPATCH,UNIT_SCADA,1,"2019/08/20 00:00:00",HUMENSW,0
D,DISPATCH,UNIT_SCADA,1,"2019/08/20 00:00:00",HUMEV,9.10
D,DISPATCH,UNIT_SCADA,1,"2019/08/20 00:00:00",HVGTS,0
D,DISPATCH,UNIT_SCADA,1,"2019/08/20 00:00:00",JBUTTERS,135.899990
D,DISPATCH,UNIT_SCADA,1,"2019/08/20 00:00:00",JLA01,0.50
D,DISPATCH,UNIT_SCADA,1,"2019/08/20 00:00:00",JLA02,0
D,DISPATCH,UNIT_SCADA,1,"2019/08/20 00:00:00",JLA03,0.10
D,DISPATCH,UNIT_SCADA,1,"2019/08/20 00:00:00",JLA04,0.10
D,DISPATCH,UNIT_SCADA,1,"2019/08/20 00:00:00",JLB01,0
D,DISPATCH,UNIT_SCADA,1,"2019/08/20 00:00:00",JLB02,0.10
D,DISPATCH,UNIT_SCADA,1,"2019/08/20 00:00:00",JLB03,0
D,DISPATCH,UNIT_SCADA,1,"2019/08/20 00:00:00",KAREEYA1,21.4525
D,DISPATCH,UNIT_SCADA,1,"2019/08/20 00:00:00",KAREEYA2,21.6575
D,DISPATCH,UNIT_SCADA,1,"2019/08/20 00:00:00",KAREEYA3,0
D,DISPATCH,UNIT_SCADA,1,"2019/08/20 00:00:00",KAREEYA4,21.6075
D,DISPATCH,UNIT_SCADA,1,"2019/08/20 00:00:00",KARSF1,0
D,DISPATCH,UNIT_SCADA,1,"2019/08/20 00:00:00",KIATAWF1,30.10
D,DISPATCH,UNIT_SCADA,1,"2019/08/20 00:00:00",KPP_1,0
D,DISPATCH,UNIT_SCADA,1,"2019/08/20 00:00:00",KSP1,0
D,DISPATCH,UNIT_SCADA,1,"2019/08/20 00:00:00",LADBROK1,0
D,DISPATCH,UNIT_SCADA,1,"2019/08/20 00:00:00",LADBROK2,0
D,DISPATCH,UNIT_SCADA,1,"2019/08/20 00:00:00",LD01,419.381290
D,DISPATCH,UNIT_SCADA,1,"2019/08/20 00:00:00",LD02,421.218750
D,DISPATCH,UNIT_SCADA,1,"2019/08/20 00:00:00",LD03,418.1250
D,DISPATCH,UNIT_SCADA,1,"2019/08/20 00:00:00",LD04,379.800020
D,DISPATCH,UNIT_SCADA,1,"2019/08/20 00:00:00",LEM_WIL,84.2276
D,DISPATCH,UNIT_SCADA,1,"2019/08/20 00:00:00",LGAPWF1,7.14
D,DISPATCH,UNIT_SCADA,1,"2019/08/20 00:00:00",LILYSF1,0
D,DISPATCH,UNIT_SCADA,1,"2019/08/20 00:00:00",LI_WY_CA,142.9165
D,DISPATCH,UNIT_SCADA,1,"2019/08/20 00:00:00",LKBONNY2,149.625980
D,DISPATCH,UNIT_SCADA,1,"2019/08/20 00:00:00",LKBONNY3,33.883960
D,DISPATCH,UNIT_SCADA,1,"2019/08/20 00:00:00",LK_ECHO,0
D,DISPATCH,UNIT_SCADA,1,"2019/08/20 00:00:00",LNGS1,0
D,DISPATCH,UNIT_SCADA,1,"2019/08/20 00:00:00",LNGS2,0
D,DISPATCH,UNIT_SCADA,1,"2019/08/20 00:00:00",LONSDALE,0
D,DISPATCH,UNIT_SCADA,1,"2019/08/20 00:00:00",LOYYB1,535.712650
D,DISPATCH,UNIT_SCADA,1,"2019/08/20 00:00:00",LOYYB2,583.458250
D,DISPATCH,UNIT_SCADA,1,"2019/08/20 00:00:00",LYA1,561
D,DISPATCH,UNIT_SCADA,1,"2019/08/20 00:00:00",LYA2,0
D,DISPATCH,UNIT_SCADA,1,"2019/08/20 00:00:00",LYA3,561
D,DISPATCH,UNIT_SCADA,1,"2019/08/20 00:00:00",LYA4,540
D,DISPATCH,UNIT_SCADA,1,"2019/08/20 00:00:00",MACARTH1,228.094730
D,DISPATCH,UNIT_SCADA,1,"2019/08/20 00:00:00",MACKAYGT,0
D,DISPATCH,UNIT_SCADA,1,"2019/08/20 00:00:00",MACKNTSH,85.360010
D,DISPATCH,UNIT_SCADA,1,"2019/08/20 00:00:00",MANSLR1,0
D,DISPATCH,UNIT_SCADA,1,"2019/08/20 00:00:00",MCKAY1,0.02
D,DISPATCH,UNIT_SCADA,1,"2019/08/20 00:00:00",MEADOWBK,33.752980
D,DISPATCH,UNIT_SCADA,1,"2019/08/20 00:00:00",MERCER01,124.934010
D,DISPATCH,UNIT_SCADA,1,"2019/08/20 00:00:00",MEWF1,104.812550
D,DISPATCH,UNIT_SCADA,1,"2019/08/20 00:00:00",MINTARO,0
D,DISPATCH,UNIT_SCADA,1,"2019/08/20 00:00:00",MOREESF1,0
D,DISPATCH,UNIT_SCADA,1,"2019/08/20 00:00:00",MORTLK11,124
D,DISPATCH,UNIT_SCADA,1,"2019/08/20 00:00:00",MORTLK12,0
D,DISPATCH,UNIT_SCADA,1,"2019/08/20 00:00:00",MP1,284.150020
D,DISPATCH,UNIT_SCADA,1,"2019/08/20 00:00:00",MP2,0
D,DISPATCH,UNIT_SCADA,1,"2019/08/20 00:00:00",MPP_1,425.75
D,DISPATCH,UNIT_SCADA,1,"2019/08/20 00:00:00",MPP_2,432.25
D,DISPATCH,UNIT_SCADA,1,"2019/08/20 00:00:00",MSTUART1,0
D,DISPATCH,UNIT_SCADA,1,"2019/08/20 00:00:00",MSTUART2,0
D,DISPATCH,UNIT_SCADA,1,"2019/08/20 00:00:00",MSTUART3,0
D,DISPATCH,UNIT_SCADA,1,"2019/08/20 00:00:00",MTGELWF1,64.427630
D,DISPATCH,UNIT_SCADA,1,"2019/08/20 00:00:00",MURRAY,0
D,DISPATCH,UNIT_SCADA,1,"2019/08/20 00:00:00",MUSSELR1,165.899990
D,DISPATCH,UNIT_SCADA,1,"2019/08/20 00:00:00",MUWAWF1,46.79
D,DISPATCH,UNIT_SCADA,1,"2019/08/20 00:00:00",NBHWF1,66.50
D,DISPATCH,UNIT_SCADA,1,"2019/08/20 00:00:00",NPS,0
D,DISPATCH,UNIT_SCADA,1,"2019/08/20 00:00:00",NUMURSF1,0
D,DISPATCH,UNIT_SCADA,1,"2019/08/20 00:00:00",NYNGAN1,0
D,DISPATCH,UNIT_SCADA,1,"2019/08/20 00:00:00",OAKEY1,0
D,DISPATCH,UNIT_SCADA,1,"2019/08/20 00:00:00",OAKEY1SF,0
D,DISPATCH,UNIT_SCADA,1,"2019/08/20 00:00:00",OAKEY2,0
D,DISPATCH,UNIT_SCADA,1,"2019/08/20 00:00:00",OAKLAND1,61.70
D,DISPATCH,UNIT_SCADA,1,"2019/08/20 00:00:00",OSB-AG,140.20
D,DISPATCH,UNIT_SCADA,1,"2019/08/20 00:00:00",PARSF1,0
D,DISPATCH,UNIT_SCADA,1,"2019/08/20 00:00:00",POAT110,0
D,DISPATCH,UNIT_SCADA,1,"2019/08/20 00:00:00",POAT220,3.11
D,DISPATCH,UNIT_SCADA,1,"2019/08/20 00:00:00",POR01,0
D,DISPATCH,UNIT_SCADA,1,"2019/08/20 00:00:00",POR03,0
D,DISPATCH,UNIT_SCADA,1,"2019/08/20 00:00:00",PPCCGT,355.421570
D,DISPATCH,UNIT_SCADA,1,"2019/08/20 00:00:00",PTSTAN1,0
D,DISPATCH,UNIT_SCADA,1,"2019/08/20 00:00:00",PUMP1,0
D,DISPATCH,UNIT_SCADA,1,"2019/08/20 00:00:00",PUMP2,0
D,DISPATCH,UNIT_SCADA,1,"2019/08/20 00:00:00",QPS1,0
D,DISPATCH,UNIT_SCADA,1,"2019/08/20 00:00:00",QPS2,0
D,DISPATCH,UNIT_SCADA,1,"2019/08/20 00:00:00",QPS3,0
D,DISPATCH,UNIT_SCADA,1,"2019/08/20 00:00:00",QPS4,0
D,DISPATCH,UNIT_SCADA,1,"2019/08/20 00:00:00",QPS5,0
D,DISPATCH,UNIT_SCADA,1,"2019/08/20 00:00:00",REECE1,114.420010
D,DISPATCH,UNIT_SCADA,1,"2019/08/20 00:00:00",REECE2,112.900010
D,DISPATCH,UNIT_SCADA,1,"2019/08/20 00:00:00",ROMA_7,0
D,DISPATCH,UNIT_SCADA,1,"2019/08/20 00:00:00",ROMA_8,0
D,DISPATCH,UNIT_SCADA,1,"2019/08/20 00:00:00",RRSF1,0
D,DISPATCH,UNIT_SCADA,1,"2019/08/20 00:00:00",RT_NSW1,0
D,DISPATCH,UNIT_SCADA,1,"2019/08/20 00:00:00",RT_NSW2,0
D,DISPATCH,UNIT_SCADA,1,"2019/08/20 00:00:00",RT_NSW3,0
D,DISPATCH,UNIT_SCADA,1,"2019/08/20 00:00:00",RT_NSW4,0
D,DISPATCH,UNIT_SCADA,1,"2019/08/20 00:00:00",RT_NSW5,0
D,DISPATCH,UNIT_SCADA,1,"2019/08/20 00:00:00",RT_NSW6,0
D,DISPATCH,UNIT_SCADA,1,"2019/08/20 00:00:00",RT_QLD1,0
D,DISPATCH,UNIT_SCADA,1,"2019/08/20 00:00:00",RT_SA1,0
D,DISPATCH,UNIT_SCADA,1,"2019/08/20 00:00:00",RT_SA2,0
D,DISPATCH,UNIT_SCADA,1,"2019/08/20 00:00:00",RT_SA3,0
D,DISPATCH,UNIT_SCADA,1,"2019/08/20 00:00:00",RT_SA4,0
D,DISPATCH,UNIT_SCADA,1,"2019/08/20 00:00:00",RT_SA5,0
D,DISPATCH,UNIT_SCADA,1,"2019/08/20 00:00:00",RT_SA6,0
D,DISPATCH,UNIT_SCADA,1,"2019/08/20 00:00:00",RT_TAS1,0
D,DISPATCH,UNIT_SCADA,1,"2019/08/20 00:00:00",RT_VIC1,0
D,DISPATCH,UNIT_SCADA,1,"2019/08/20 00:00:00",RT_VIC10,0
D,DISPATCH,UNIT_SCADA,1,"2019/08/20 00:00:00",RT_VIC11,0
D,DISPATCH,UNIT_SCADA,1,"2019/08/20 00:00:00",RT_VIC12,0
D,DISPATCH,UNIT_SCADA,1,"2019/08/20 00:00:00",RT_VIC2,0
D,DISPATCH,UNIT_SCADA,1,"2019/08/20 00:00:00",RT_VIC3,0
D,DISPATCH,UNIT_SCADA,1,"2019/08/20 00:00:00",RT_VIC4,0
D,DISPATCH,UNIT_SCADA,1,"2019/08/20 00:00:00",RT_VIC5,0
D,DISPATCH,UNIT_SCADA,1,"2019/08/20 00:00:00",RT_VIC6,0
D,DISPATCH,UNIT_SCADA,1,"2019/08/20 00:00:00",RT_VIC7,0
D,DISPATCH,UNIT_SCADA,1,"2019/08/20 00:00:00",RT_VIC8,0
D,DISPATCH,UNIT_SCADA,1,"2019/08/20 00:00:00",RT_VIC9,0
D,DISPATCH,UNIT_SCADA,1,"2019/08/20 00:00:00",RUGBYR1,0
D,DISPATCH,UNIT_SCADA,1,"2019/08/20 00:00:00",SALTCRK1,48.20
D,DISPATCH,UNIT_SCADA,1,"2019/08/20 00:00:00",SAPHWF1,249.778140
D,DISPATCH,UNIT_SCADA,1,"2019/08/20 00:00:00",SHGEN,0
D,DISPATCH,UNIT_SCADA,1,"2019/08/20 00:00:00",SHPUMP,159.145420
D,DISPATCH,UNIT_SCADA,1,"2019/08/20 00:00:00",SITHE01,0.043330
D,DISPATCH,UNIT_SCADA,1,"2019/08/20 00:00:00",SMCSF1,0
D,DISPATCH,UNIT_SCADA,1,"2019/08/20 00:00:00",SNOWNTH1,18.70
D,DISPATCH,UNIT_SCADA,1,"2019/08/20 00:00:00",SNOWSTH1,46.50
D,DISPATCH,UNIT_SCADA,1,"2019/08/20 00:00:00",SNOWTWN1,26.7311
D,DISPATCH,UNIT_SCADA,1,"2019/08/20 00:00:00",SNOWYP,0
D,DISPATCH,UNIT_SCADA,1,"2019/08/20 00:00:00",SNUG1,0.019440
D,DISPATCH,UNIT_SCADA,1,"2019/08/20 00:00:00",SRSF1,0
D,DISPATCH,UNIT_SCADA,1,"2019/08/20 00:00:00",STAN-1,0
D,DISPATCH,UNIT_SCADA,1,"2019/08/20 00:00:00",STAN-2,279.953580
D,DISPATCH,UNIT_SCADA,1,"2019/08/20 00:00:00",STAN-3,280.2612
D,DISPATCH,UNIT_SCADA,1,"2019/08/20 00:00:00",STAN-4,312.408230
D,DISPATCH,UNIT_SCADA,1,"2019/08/20 00:00:00",STWF1,147.9825
D,DISPATCH,UNIT_SCADA,1,"2019/08/20 00:00:00",SWAN_E,0
D,DISPATCH,UNIT_SCADA,1,"2019/08/20 00:00:00",TALWA1,302
D,DISPATCH,UNIT_SCADA,1,"2019/08/20 00:00:00",TARALGA1,104.0925
D,DISPATCH,UNIT_SCADA,1,"2019/08/20 00:00:00",TARONG#1,279.899990
D,DISPATCH,UNIT_SCADA,1,"2019/08/20 00:00:00",TARONG#2,280.50
D,DISPATCH,UNIT_SCADA,1,"2019/08/20 00:00:00",TARONG#3,260.50
D,DISPATCH,UNIT_SCADA,1,"2019/08/20 00:00:00",TARONG#4,280.600010
D,DISPATCH,UNIT_SCADA,1,"2019/08/20 00:00:00",TARRALEA,79
D,DISPATCH,UNIT_SCADA,1,"2019/08/20 00:00:00",TBSF1,-0.20
D,DISPATCH,UNIT_SCADA,1,"2019/08/20 00:00:00",TNPS1,399.400020
D,DISPATCH,UNIT_SCADA,1,"2019/08/20 00:00:00",TORRA1,52.859840
D,DISPATCH,UNIT_SCADA,1,"2019/08/20 00:00:00",TORRA2,0
D,DISPATCH,UNIT_SCADA,1,"2019/08/20 00:00:00",TORRA3,52.527470
D,DISPATCH,UNIT_SCADA,1,"2019/08/20 00:00:00",TORRA4,0
D,DISPATCH,UNIT_SCADA,1,"2019/08/20 00:00:00",TORRB1,58.93
D,DISPATCH,UNIT_SCADA,1,"2019/08/20 00:00:00",TORRB2,60.03
D,DISPATCH,UNIT_SCADA,1,"2019/08/20 00:00:00",TORRB3,0
D,DISPATCH,UNIT_SCADA,1,"2019/08/20 00:00:00",TORRB4,0
D,DISPATCH,UNIT_SCADA,1,"2019/08/20 00:00:00",TREVALLN,17
D,DISPATCH,UNIT_SCADA,1,"2019/08/20 00:00:00",TRIBUTE,44.97
D,DISPATCH,UNIT_SCADA,1,"2019/08/20 00:00:00",TUMUT3,0
D,DISPATCH,UNIT_SCADA,1,"2019/08/20 00:00:00",TUNGATIN,120.490030
D,DISPATCH,UNIT_SCADA,1,"2019/08/20 00:00:00",TVCC201,0
D,DISPATCH,UNIT_SCADA,1,"2019/08/20 00:00:00",TVPP104,0
D,DISPATCH,UNIT_SCADA,1,"2019/08/20 00:00:00",UPPTUMUT,0
D,DISPATCH,UNIT_SCADA,1,"2019/08/20 00:00:00",URANQ11,0
D,DISPATCH,UNIT_SCADA,1,"2019/08/20 00:00:00",URANQ12,0
D,DISPATCH,UNIT_SCADA,1,"2019/08/20 00:00:00",URANQ13,0
D,DISPATCH,UNIT_SCADA,1,"2019/08/20 00:00:00",URANQ14,0
D,DISPATCH,UNIT_SCADA,1,"2019/08/20 00:00:00",VP5,402.825010
D,DISPATCH,UNIT_SCADA,1,"2019/08/20 00:00:00",VP6,401.875030
D,DISPATCH,UNIT_SCADA,1,"2019/08/20 00:00:00",VPGS1,0
D,DISPATCH,UNIT_SCADA,1,"2019/08/20 00:00:00",VPGS2,0
D,DISPATCH,UNIT_SCADA,1,"2019/08/20 00:00:00",VPGS3,0
D,DISPATCH,UNIT_SCADA,1,"2019/08/20 00:00:00",VPGS4,0
D,DISPATCH,UNIT_SCADA,1,"2019/08/20 00:00:00",VPGS5,0
D,DISPATCH,UNIT_SCADA,1,"2019/08/20 00:00:00",VPGS6,0
D,DISPATCH,UNIT_SCADA,1,"2019/08/20 00:00:00",W/HOE#1,0
D,DISPATCH,UNIT_SCADA,1,"2019/08/20 00:00:00",W/HOE#2,0
D,DISPATCH,UNIT_SCADA,1,"2019/08/20 00:00:00",WATERLWF,108.70
D,DISPATCH,UNIT_SCADA,1,"2019/08/20 00:00:00",WEMENSF1,0
D,DISPATCH,UNIT_SCADA,1,"2019/08/20 00:00:00",WGWF1,81.70
D,DISPATCH,UNIT_SCADA,1,"2019/08/20 00:00:00",WHITSF1,0
D,DISPATCH,UNIT_SCADA,1,"2019/08/20 00:00:00",WKIEWA1,0
D,DISPATCH,UNIT_SCADA,1,"2019/08/20 00:00:00",WKIEWA2,15.20
D,DISPATCH,UNIT_SCADA,1,"2019/08/20 00:00:00",WOODLWN1,44.5860
D,DISPATCH,UNIT_SCADA,1,"2019/08/20 00:00:00",WRSF1,0
D,DISPATCH,UNIT_SCADA,1,"2019/08/20 00:00:00",WRWF1,152.398760
D,DISPATCH,UNIT_SCADA,1,"2019/08/20 00:00:00",YABULU,0
D,DISPATCH,UNIT_SCADA,1,"2019/08/20 00:00:00",YABULU2,0
D,DISPATCH,UNIT_SCADA,1,"2019/08/20 00:00:00",YARWUN_1,0
D,DISPATCH,UNIT_SCADA,1,"2019/08/20 00:00:00",YENDWF1,41.91
D,DISPATCH,UNIT_SCADA,1,"2019/08/20 00:00:00",YWPS1,381.7038
D,DISPATCH,UNIT_SCADA,1,"2019/08/20 00:00:00",YWPS2,281.701260
D,DISPATCH,UNIT_SCADA,1,"2019/08/20 00:00:00",YWPS3,0
D,DISPATCH,UNIT_SCADA,1,"2019/08/20 00:00:00",YWPS4,394.673430
C,"END OF REPORT",334
