C,NEMP.WORLD,DISPATCHSCADA,AEMO,PUBLIC,2019/08/22,19:45:07,0000000311880020,DISPATCHSCADA,0000000311880014
I,DISPATCH,UNIT_SCADA,1,SETTLEMENTDATE,DUID,SCADAVALUE
D,DISPATCH,UNIT_SCADA,1,"2019/08/22 19:50:00",BARCSF1,0.40
D,DISPATCH,UNIT_SCADA,1,"2019/08/22 19:50:00",BUTLERSG,9.699999
D,DISPATCH,UNIT_SCADA,1,"2019/08/22 19:50:00",CALL_A_4,0
D,DISPATCH,UNIT_SCADA,1,"2019/08/22 19:50:00",CAPTL_WF,37.351997
D,DISPATCH,UNIT_SCADA,1,"2019/08/22 19:50:00",CATHROCK,0
D,DISPATCH,UNIT_SCADA,1,"2019/08/22 19:50:00",CHALLHWF,3.30
D,DISPATCH,UNIT_SCADA,1,"2019/08/22 19:50:00",CLOVER,0
D,DISPATCH,UNIT_SCADA,1,"2019/08/22 19:50:00",CLUNY,20.178072
D,DISPATCH,UNIT_SCADA,1,"2019/08/22 19:50:00",CNUNDAWF,1.802102
D,DISPATCH,UNIT_SCADA,1,"2019/08/22 19:50:00",CULLRGWF,4.73
D,DISPATCH,UNIT_SCADA,1,"2019/08/22 19:50:00",ERGT01,0
D,DISPATCH,UNIT_SCADA,1,"2019/08/22 19:50:00",GB01,0.072212
D,DISPATCH,UNIT_SCADA,1,"2019/08/22 19:50:00",GERMCRK,34.50
D,DISPATCH,UNIT_SCADA,1,"2019/08/22 19:50:00",GRIFSF1,0
D,DISPATCH,UNIT_SCADA,1,"2019/08/22 19:50:00",HUGSF1,-0.1010
D,DISPATCH,UNIT_SCADA,1,"2019/08/22 19:50:00",LKBONNY1,2.232734
D,DISPATCH,UNIT_SCADA,1,"2019/08/22 19:50:00",LRSF1,-0.0180
D,DISPATCH,UNIT_SCADA,1,"2019/08/22 19:50:00",MBAHNTH,47.175003
D,DISPATCH,UNIT_SCADA,1,"2019/08/22 19:50:00",MLSP1,0.180001
D,DISPATCH,UNIT_SCADA,1,"2019/08/22 19:50:00",MLWF1,2.2650
D,DISPATCH,UNIT_SCADA,1,"2019/08/22 19:50:00",MTMILLAR,2.924435
D,DISPATCH,UNIT_SCADA,1,"2019/08/22 19:50:00",PALOONA,28.57
D,DISPATCH,UNIT_SCADA,1,"2019/08/22 19:50:00",PIONEER,48.299999
D,DISPATCH,UNIT_SCADA,1,"2019/08/22 19:50:00",PORTWF,-0.10
D,DISPATCH,UNIT_SCADA,1,"2019/08/22 19:50:00",REPULSE,28.821852
D,DISPATCH,UNIT_SCADA,1,"2019/08/22 19:50:00",ROWALLAN,10.4370
D,DISPATCH,UNIT_SCADA,1,"2019/08/22 19:50:00",ROYALLA1,0
D,DISPATCH,UNIT_SCADA,1,"2019/08/22 19:50:00",RPCG,13
D,DISPATCH,UNIT_SCADA,1,"2019/08/22 19:50:00",RUBICON,0
D,DISPATCH,UNIT_SCADA,1,"2019/08/22 19:50:00",SATGN1,0
D,DISPATCH,UNIT_SCADA,1,"2019/08/22 19:50:00",SATGS1,0
D,DISPATCH,UNIT_SCADA,1,"2019/08/22 19:50:00",STARHLWF,-0.099971
D,DISPATCH,UNIT_SCADA,1,"2019/08/22 19:50:00",WAUBRAWF,77.655998
D,DISPATCH,UNIT_SCADA,1,"2019/08/22 19:50:00",WOOLNTH1,51.840019
D,DISPATCH,UNIT_SCADA,1,"2019/08/22 19:50:00",WPWF,0
D,DISPATCH,UNIT_SCADA,1,"2019/08/22 19:50:00",YAMBUKWF,0.60
D,DISPATCH,UNIT_SCADA,1,"2019/08/22 19:50:00",YSWF1,2.70
D,DISPATCH,UNIT_SCADA,1,"2019/08/22 19:50:00",AGLHAL,53.498950
D,DISPATCH,UNIT_SCADA,1,"2019/08/22 19:50:00",AGLSOM,81.50
D,DISPATCH,UNIT_SCADA,1,"2019/08/22 19:50:00",ANGAST1,0
D,DISPATCH,UNIT_SCADA,1,"2019/08/22 19:50:00",ARWF1,50.60
D,DISPATCH,UNIT_SCADA,1,"2019/08/22 19:50:00",BALBG1,0
D,DISPATCH,UNIT_SCADA,1,"2019/08/22 19:50:00",BALBL1,0
D,DISPATCH,UNIT_SCADA,1,"2019/08/22 19:50:00",BALDHWF1,57.9780
D,DISPATCH,UNIT_SCADA,1,"2019/08/22 19:50:00",BANN1,0
D,DISPATCH,UNIT_SCADA,1,"2019/08/22 19:50:00",BARCALDN,0
D,DISPATCH,UNIT_SCADA,1,"2019/08/22 19:50:00",BARRON-1,0
D,DISPATCH,UNIT_SCADA,1,"2019/08/22 19:50:00",BARRON-2,28.40
D,DISPATCH,UNIT_SCADA,1,"2019/08/22 19:50:00",BASTYAN,77.70
D,DISPATCH,UNIT_SCADA,1,"2019/08/22 19:50:00",BBTHREE1,-1.92
D,DISPATCH,UNIT_SCADA,1,"2019/08/22 19:50:00",BBTHREE2,-1.94
D,DISPATCH,UNIT_SCADA,1,"2019/08/22 19:50:00",BBTHREE3,0
D,DISPATCH,UNIT_SCADA,1,"2019/08/22 19:50:00",BDL01,44.76
D,DISPATCH,UNIT_SCADA,1,"2019/08/22 19:50:00",BDL02,44.70
D,DISPATCH,UNIT_SCADA,1,"2019/08/22 19:50:00",BERYLSF1,-0.190320
D,DISPATCH,UNIT_SCADA,1,"2019/08/22 19:50:00",BLOWERNG,0
D,DISPATCH,UNIT_SCADA,1,"2019/08/22 19:50:00",BLUFF1,-0.10
D,DISPATCH,UNIT_SCADA,1,"2019/08/22 19:50:00",BNGSF1,0
D,DISPATCH,UNIT_SCADA,1,"2019/08/22 19:50:00",BNGSF2,0
D,DISPATCH,UNIT_SCADA,1,"2019/08/22 19:50:00",BOCORWF1,65.32
D,DISPATCH,UNIT_SCADA,1,"2019/08/22 19:50:00",BODWF1,67.102450
D,DISPATCH,UNIT_SCADA,1,"2019/08/22 19:50:00",BRAEMAR1,157.600010
D,DISPATCH,UNIT_SCADA,1,"2019/08/22 19:50:00",BRAEMAR2,172.600010
D,DISPATCH,UNIT_SCADA,1,"2019/08/22 19:50:00",BRAEMAR3,170.600010
D,DISPATCH,UNIT_SCADA,1,"2019/08/22 19:50:00",BRAEMAR5,0
D,DISPATCH,UNIT_SCADA,1,"2019/08/22 19:50:00",BRAEMAR6,159.655560
D,DISPATCH,UNIT_SCADA,1,"2019/08/22 19:50:00",BRAEMAR7,164.459430
D,DISPATCH,UNIT_SCADA,1,"2019/08/22 19:50:00",BROKENH1,0
D,DISPATCH,UNIT_SCADA,1,"2019/08/22 19:50:00",BW01,659.300050
D,DISPATCH,UNIT_SCADA,1,"2019/08/22 19:50:00",BW02,658.3999
D,DISPATCH,UNIT_SCADA,1,"2019/08/22 19:50:00",BW03,662.900020
D,DISPATCH,UNIT_SCADA,1,"2019/08/22 19:50:00",BW04,0
D,DISPATCH,UNIT_SCADA,1,"2019/08/22 19:50:00",CALL_B_1,121.50
D,DISPATCH,UNIT_SCADA,1,"2019/08/22 19:50:00",CALL_B_2,350.50
D,DISPATCH,UNIT_SCADA,1,"2019/08/22 19:50:00",CETHANA,97.645620
D,DISPATCH,UNIT_SCADA,1,"2019/08/22 19:50:00",CG1,0
D,DISPATCH,UNIT_SCADA,1,"2019/08/22 19:50:00",CG2,0
D,DISPATCH,UNIT_SCADA,1,"2019/08/22 19:50:00",CG3,0
D,DISPATCH,UNIT_SCADA,1,"2019/08/22 19:50:00",CG4,0
D,DISPATCH,UNIT_SCADA,1,"2019/08/22 19:50:00",CHILDSF1,0
D,DISPATCH,UNIT_SCADA,1,"2019/08/22 19:50:00",CLARESF1,0
D,DISPATCH,UNIT_SCADA,1,"2019/08/22 19:50:00",CLEMGPWF,-0.288140
D,DISPATCH,UNIT_SCADA,1,"2019/08/22 19:50:00",CLERMSF1,0
D,DISPATCH,UNIT_SCADA,1,"2019/08/22 19:50:00",COLEASF1,0
D,DISPATCH,UNIT_SCADA,1,"2019/08/22 19:50:00",COOPGWF1,26.465770
D,DISPATCH,UNIT_SCADA,1,"2019/08/22 19:50:00",CPP_3,405.6250
D,DISPATCH,UNIT_SCADA,1,"2019/08/22 19:50:00",CPP_4,406.725010
D,DISPATCH,UNIT_SCADA,1,"2019/08/22 19:50:00",CPSA,143.2075
D,DISPATCH,UNIT_SCADA,1,"2019/08/22 19:50:00",CROOKWF2,0.4475
D,DISPATCH,UNIT_SCADA,1,"2019/08/22 19:50:00",CROWLWF1,11.611650
D,DISPATCH,UNIT_SCADA,1,"2019/08/22 19:50:00",CSPVPS1,0
D,DISPATCH,UNIT_SCADA,1,"2019/08/22 19:50:00",DALNTH01,0.032040
D,DISPATCH,UNIT_SCADA,1,"2019/08/22 19:50:00",DALNTHL1,0.053410
D,DISPATCH,UNIT_SCADA,1,"2019/08/22 19:50:00",DARTM1,134.600010
D,DISPATCH,UNIT_SCADA,1,"2019/08/22 19:50:00",DAYDSF1,0
D,DISPATCH,UNIT_SCADA,1,"2019/08/22 19:50:00",DDPS1,627.658510
D,DISPATCH,UNIT_SCADA,1,"2019/08/22 19:50:00",DDSF1,0
D,DISPATCH,UNIT_SCADA,1,"2019/08/22 19:50:00",DEVILS_G,0
D,DISPATCH,UNIT_SCADA,1,"2019/08/22 19:50:00",DG_NSW1,0
D,DISPATCH,UNIT_SCADA,1,"2019/08/22 19:50:00",DG_QLD1,0
D,DISPATCH,UNIT_SCADA,1,"2019/08/22 19:50:00",DG_SA1,0
D,DISPATCH,UNIT_SCADA,1,"2019/08/22 19:50:00",DG_TAS1,0
D,DISPATCH,UNIT_SCADA,1,"2019/08/22 19:50:00",DG_VIC1,0
D,DISPATCH,UNIT_SCADA,1,"2019/08/22 19:50:00",DRYCGT1,0
D,DISPATCH,UNIT_SCADA,1,"2019/08/22 19:50:00",DRYCGT2,0
D,DISPATCH,UNIT_SCADA,1,"2019/08/22 19:50:00",DRYCGT3,0
D,DISPATCH,UNIT_SCADA,1,"2019/08/22 19:50:00",EILDON1,0
D,DISPATCH,UNIT_SCADA,1,"2019/08/22 19:50:00",EILDON2,37.16
D,DISPATCH,UNIT_SCADA,1,"2019/08/22 19:50:00",EMERASF1,0
D,DISPATCH,UNIT_SCADA,1,"2019/08/22 19:50:00",ER01,594.449950
D,DISPATCH,UNIT_SCADA,1,"2019/08/22 19:50:00",ER02,696.9751
D,DISPATCH,UNIT_SCADA,1,"2019/08/22 19:50:00",ER03,698.25
D,DISPATCH,UNIT_SCADA,1,"2019/08/22 19:50:00",ER04,694.800050
D,DISPATCH,UNIT_SCADA,1,"2019/08/22 19:50:00",FINLYSF1,0
D,DISPATCH,UNIT_SCADA,1,"2019/08/22 19:50:00",FISHER,45.93
D,DISPATCH,UNIT_SCADA,1,"2019/08/22 19:50:00",GANNBG1,0.386970
D,DISPATCH,UNIT_SCADA,1,"2019/08/22 19:50:00",GANNBL1,0
D,DISPATCH,UNIT_SCADA,1,"2019/08/22 19:50:00",GANNSF1,0
D,DISPATCH,UNIT_SCADA,1,"2019/08/22 19:50:00",GORDON,138.9259
D,DISPATCH,UNIT_SCADA,1,"2019/08/22 19:50:00",GSTONE1,261.799990
D,DISPATCH,UNIT_SCADA,1,"2019/08/22 19:50:00",GSTONE2,230.1250
D,DISPATCH,UNIT_SCADA,1,"2019/08/22 19:50:00",GSTONE3,247.099990
D,DISPATCH,UNIT_SCADA,1,"2019/08/22 19:50:00",GSTONE4,257.774990
D,DISPATCH,UNIT_SCADA,1,"2019/08/22 19:50:00",GSTONE5,261.100010
D,DISPATCH,UNIT_SCADA,1,"2019/08/22 19:50:00",GSTONE6,0
D,DISPATCH,UNIT_SCADA,1,"2019/08/22 19:50:00",GULLRSF1,0
D,DISPATCH,UNIT_SCADA,1,"2019/08/22 19:50:00",GULLRWF1,8.068850
D,DISPATCH,UNIT_SCADA,1,"2019/08/22 19:50:00",GUNNING1,-0.377360
D,DISPATCH,UNIT_SCADA,1,"2019/08/22 19:50:00",GUTHEGA,30.80
D,DISPATCH,UNIT_SCADA,1,"2019/08/22 19:50:00",HALLWF1,0.03
D,DISPATCH,UNIT_SCADA,1,"2019/08/22 19:50:00",HALLWF2,-0.41
D,DISPATCH,UNIT_SCADA,1,"2019/08/22 19:50:00",HAMISF1,0
D,DISPATCH,UNIT_SCADA,1,"2019/08/22 19:50:00",HAUGHT11,0
D,DISPATCH,UNIT_SCADA,1,"2019/08/22 19:50:00",HAYMSF1,0
D,DISPATCH,UNIT_SCADA,1,"2019/08/22 19:50:00",HDWF1,5.40
D,DISPATCH,UNIT_SCADA,1,"2019/08/22 19:50:00",HDWF2,8.40
D,DISPATCH,UNIT_SCADA,1,"2019/08/22 19:50:00",HDWF3,6.20
D,DISPATCH,UNIT_SCADA,1,"2019/08/22 19:50:00",HPRG1,30
D,DISPATCH,UNIT_SCADA,1,"2019/08/22 19:50:00",HPRL1,0
D,DISPATCH,UNIT_SCADA,1,"2019/08/22 19:50:00",HUMENSW,0
D,DISPATCH,UNIT_SCADA,1,"2019/08/22 19:50:00",HUMEV,8.90
D,DISPATCH,UNIT_SCADA,1,"2019/08/22 19:50:00",HVGTS,0
D,DISPATCH,UNIT_SCADA,1,"2019/08/22 19:50:00",JBUTTERS,141.069990
D,DISPATCH,UNIT_SCADA,1,"2019/08/22 19:50:00",JLA01,54
D,DISPATCH,UNIT_SCADA,1,"2019/08/22 19:50:00",JLA02,54.20
D,DISPATCH,UNIT_SCADA,1,"2019/08/22 19:50:00",JLA03,0.10
D,DISPATCH,UNIT_SCADA,1,"2019/08/22 19:50:00",JLA04,0.10
D,DISPATCH,UNIT_SCADA,1,"2019/08/22 19:50:00",JLB01,0
D,DISPATCH,UNIT_SCADA,1,"2019/08/22 19:50:00",JLB02,83.50
D,DISPATCH,UNIT_SCADA,1,"2019/08/22 19:50:00",JLB03,83.40
D,DISPATCH,UNIT_SCADA,1,"2019/08/22 19:50:00",KAREEYA1,21.4050
D,DISPATCH,UNIT_SCADA,1,"2019/08/22 19:50:00",KAREEYA2,21.5850
D,DISPATCH,UNIT_SCADA,1,"2019/08/22 19:50:00",KAREEYA3,0
D,DISPATCH,UNIT_SCADA,1,"2019/08/22 19:50:00",KAREEYA4,21.6325
D,DISPATCH,UNIT_SCADA,1,"2019/08/22 19:50:00",KARSF1,0
D,DISPATCH,UNIT_SCADA,1,"2019/08/22 19:50:00",KIATAWF1,4.60
D,DISPATCH,UNIT_SCADA,1,"2019/08/22 19:50:00",KPP_1,0
D,DISPATCH,UNIT_SCADA,1,"2019/08/22 19:50:00",KSP1,0
D,DISPATCH,UNIT_SCADA,1,"2019/08/22 19:50:00",LADBROK1,42.84
D,DISPATCH,UNIT_SCADA,1,"2019/08/22 19:50:00",LADBROK2,42.75
D,DISPATCH,UNIT_SCADA,1,"2019/08/22 19:50:00",LD01,418.2937
D,DISPATCH,UNIT_SCADA,1,"2019/08/22 19:50:00",LD02,420.112430
D,DISPATCH,UNIT_SCADA,1,"2019/08/22 19:50:00",LD03,417.318790
D,DISPATCH,UNIT_SCADA,1,"2019/08/22 19:50:00",LD04,380.6813
D,DISPATCH,UNIT_SCADA,1,"2019/08/22 19:50:00",LEM_WIL,86.237350
D,DISPATCH,UNIT_SCADA,1,"2019/08/22 19:50:00",LGAPWF1,9.98
D,DISPATCH,UNIT_SCADA,1,"2019/08/22 19:50:00",LILYSF1,0
D,DISPATCH,UNIT_SCADA,1,"2019/08/22 19:50:00",LI_WY_CA,149.258390
D,DISPATCH,UNIT_SCADA,1,"2019/08/22 19:50:00",LKBONNY2,6.541870
D,DISPATCH,UNIT_SCADA,1,"2019/08/22 19:50:00",LKBONNY3,2.177060
D,DISPATCH,UNIT_SCADA,1,"2019/08/22 19:50:00",LK_ECHO,0
D,DISPATCH,UNIT_SCADA,1,"2019/08/22 19:50:00",LNGS1,0
D,DISPATCH,UNIT_SCADA,1,"2019/08/22 19:50:00",LNGS2,0
D,DISPATCH,UNIT_SCADA,1,"2019/08/22 19:50:00",LONSDALE,0
D,DISPATCH,UNIT_SCADA,1,"2019/08/22 19:50:00",LOYYB1,535.712650
D,DISPATCH,UNIT_SCADA,1,"2019/08/22 19:50:00",LOYYB2,582.330380
D,DISPATCH,UNIT_SCADA,1,"2019/08/22 19:50:00",LYA1,559
D,DISPATCH,UNIT_SCADA,1,"2019/08/22 19:50:00",LYA2,0
D,DISPATCH,UNIT_SCADA,1,"2019/08/22 19:50:00",LYA3,559
D,DISPATCH,UNIT_SCADA,1,"2019/08/22 19:50:00",LYA4,540
D,DISPATCH,UNIT_SCADA,1,"2019/08/22 19:50:00",MACARTH1,0
D,DISPATCH,UNIT_SCADA,1,"2019/08/22 19:50:00",MACKAYGT,0
D,DISPATCH,UNIT_SCADA,1,"2019/08/22 19:50:00",MACKNTSH,86.290010
D,DISPATCH,UNIT_SCADA,1,"2019/08/22 19:50:00",MANSLR1,0
D,DISPATCH,UNIT_SCADA,1,"2019/08/22 19:50:00",MCKAY1,161.569990
D,DISPATCH,UNIT_SCADA,1,"2019/08/22 19:50:00",MEADOWBK,33.810140
D,DISPATCH,UNIT_SCADA,1,"2019/08/22 19:50:00",MERCER01,6.1730
D,DISPATCH,UNIT_SCADA,1,"2019/08/22 19:50:00",MEWF1,1.3856
D,DISPATCH,UNIT_SCADA,1,"2019/08/22 19:50:00",MINTARO,0
D,DISPATCH,UNIT_SCADA,1,"2019/08/22 19:50:00",MOREESF1,0
D,DISPATCH,UNIT_SCADA,1,"2019/08/22 19:50:00",MORTLK11,260
D,DISPATCH,UNIT_SCADA,1,"2019/08/22 19:50:00",MORTLK12,0
D,DISPATCH,UNIT_SCADA,1,"2019/08/22 19:50:00",MP1,278.549930
D,DISPATCH,UNIT_SCADA,1,"2019/08/22 19:50:00",MP2,0
D,DISPATCH,UNIT_SCADA,1,"2019/08/22 19:50:00",MPP_1,412.25
D,DISPATCH,UNIT_SCADA,1,"2019/08/22 19:50:00",MPP_2,433.75
D,DISPATCH,UNIT_SCADA,1,"2019/08/22 19:50:00",MSTUART1,0
D,DISPATCH,UNIT_SCADA,1,"2019/08/22 19:50:00",MSTUART2,0
D,DISPATCH,UNIT_SCADA,1,"2019/08/22 19:50:00",MSTUART3,0
D,DISPATCH,UNIT_SCADA,1,"2019/08/22 19:50:00",MTGELWF1,1.991330
D,DISPATCH,UNIT_SCADA,1,"2019/08/22 19:50:00",MURRAY,1178.187260
D,DISPATCH,UNIT_SCADA,1,"2019/08/22 19:50:00",MUSSELR1,32.90
D,DISPATCH,UNIT_SCADA,1,"2019/08/22 19:50:00",MUWAWF1,4.36
D,DISPATCH,UNIT_SCADA,1,"2019/08/22 19:50:00",NBHWF1,-0.10
D,DISPATCH,UNIT_SCADA,1,"2019/08/22 19:50:00",NPS,512.25
D,DISPATCH,UNIT_SCADA,1,"2019/08/22 19:50:00",NUMURSF1,0
D,DISPATCH,UNIT_SCADA,1,"2019/08/22 19:50:00",NYNGAN1,0
D,DISPATCH,UNIT_SCADA,1,"2019/08/22 19:50:00",OAKEY1,0
D,DISPATCH,UNIT_SCADA,1,"2019/08/22 19:50:00",OAKEY1SF,0.02
D,DISPATCH,UNIT_SCADA,1,"2019/08/22 19:50:00",OAKEY2,0
D,DISPATCH,UNIT_SCADA,1,"2019/08/22 19:50:00",OAKLAND1,7.60
D,DISPATCH,UNIT_SCADA,1,"2019/08/22 19:50:00",OSB-AG,183.649990
D,DISPATCH,UNIT_SCADA,1,"2019/08/22 19:50:00",PARSF1,0
D,DISPATCH,UNIT_SCADA,1,"2019/08/22 19:50:00",POAT110,84.530810
D,DISPATCH,UNIT_SCADA,1,"2019/08/22 19:50:00",POAT220,141.151210
D,DISPATCH,UNIT_SCADA,1,"2019/08/22 19:50:00",POR01,0
D,DISPATCH,UNIT_SCADA,1,"2019/08/22 19:50:00",POR03,0
D,DISPATCH,UNIT_SCADA,1,"2019/08/22 19:50:00",PPCCGT,493.669160
D,DISPATCH,UNIT_SCADA,1,"2019/08/22 19:50:00",PTSTAN1,0
D,DISPATCH,UNIT_SCADA,1,"2019/08/22 19:50:00",PUMP1,0
D,DISPATCH,UNIT_SCADA,1,"2019/08/22 19:50:00",PUMP2,0
D,DISPATCH,UNIT_SCADA,1,"2019/08/22 19:50:00",QPS1,29.10
D,DISPATCH,UNIT_SCADA,1,"2019/08/22 19:50:00",QPS2,0
D,DISPATCH,UNIT_SCADA,1,"2019/08/22 19:50:00",QPS3,0
D,DISPATCH,UNIT_SCADA,1,"2019/08/22 19:50:00",QPS4,0
D,DISPATCH,UNIT_SCADA,1,"2019/08/22 19:50:00",QPS5,124.75
D,DISPATCH,UNIT_SCADA,1,"2019/08/22 19:50:00",REECE1,118.650010
D,DISPATCH,UNIT_SCADA,1,"2019/08/22 19:50:00",REECE2,118.910010
D,DISPATCH,UNIT_SCADA,1,"2019/08/22 19:50:00",ROMA_7,0
D,DISPATCH,UNIT_SCADA,1,"2019/08/22 19:50:00",ROMA_8,0
D,DISPATCH,UNIT_SCADA,1,"2019/08/22 19:50:00",RRSF1,0
D,DISPATCH,UNIT_SCADA,1,"2019/08/22 19:50:00",RT_NSW1,0
D,DISPATCH,UNIT_SCADA,1,"2019/08/22 19:50:00",RT_NSW2,0
D,DISPATCH,UNIT_SCADA,1,"2019/08/22 19:50:00",RT_NSW3,0
D,DISPATCH,UNIT_SCADA,1,"2019/08/22 19:50:00",RT_NSW4,0
D,DISPATCH,UNIT_SCADA,1,"2019/08/22 19:50:00",RT_NSW5,0
D,DISPATCH,UNIT_SCADA,1,"2019/08/22 19:50:00",RT_NSW6,0
D,DISPATCH,UNIT_SCADA,1,"2019/08/22 19:50:00",RT_QLD1,0
D,DISPATCH,UNIT_SCADA,1,"2019/08/22 19:50:00",RT_SA1,0
D,DISPATCH,UNIT_SCADA,1,"2019/08/22 19:50:00",RT_SA2,0
D,DISPATCH,UNIT_SCADA,1,"2019/08/22 19:50:00",RT_SA3,0
D,DISPATCH,UNIT_SCADA,1,"2019/08/22 19:50:00",RT_SA4,0
D,DISPATCH,UNIT_SCADA,1,"2019/08/22 19:50:00",RT_SA5,0
D,DISPATCH,UNIT_SCADA,1,"2019/08/22 19:50:00",RT_SA6,0
D,DISPATCH,UNIT_SCADA,1,"2019/08/22 19:50:00",RT_TAS1,0
D,DISPATCH,UNIT_SCADA,1,"2019/08/22 19:50:00",RT_VIC1,0
D,DISPATCH,UNIT_SCADA,1,"2019/08/22 19:50:00",RT_VIC10,0
D,DISPATCH,UNIT_SCADA,1,"2019/08/22 19:50:00",RT_VIC11,0
D,DISPATCH,UNIT_SCADA,1,"2019/08/22 19:50:00",RT_VIC12,0
D,DISPATCH,UNIT_SCADA,1,"2019/08/22 19:50:00",RT_VIC2,0
D,DISPATCH,UNIT_SCADA,1,"2019/08/22 19:50:00",RT_VIC3,0
D,DISPATCH,UNIT_SCADA,1,"2019/08/22 19:50:00",RT_VIC4,0
D,DISPATCH,UNIT_SCADA,1,"2019/08/22 19:50:00",RT_VIC5,0
D,DISPATCH,UNIT_SCADA,1,"2019/08/22 19:50:00",RT_VIC6,0
D,DISPATCH,UNIT_SCADA,1,"2019/08/22 19:50:00",RT_VIC7,0
D,DISPATCH,UNIT_SCADA,1,"2019/08/22 19:50:00",RT_VIC8,0
D,DISPATCH,UNIT_SCADA,1,"2019/08/22 19:50:00",RT_VIC9,0
D,DISPATCH,UNIT_SCADA,1,"2019/08/22 19:50:00",RUGBYR1,0
D,DISPATCH,UNIT_SCADA,1,"2019/08/22 19:50:00",SALTCRK1,2.91
D,DISPATCH,UNIT_SCADA,1,"2019/08/22 19:50:00",SAPHWF1,97.021850
D,DISPATCH,UNIT_SCADA,1,"2019/08/22 19:50:00",SHGEN,199.222140
D,DISPATCH,UNIT_SCADA,1,"2019/08/22 19:50:00",SHPUMP,0
D,DISPATCH,UNIT_SCADA,1,"2019/08/22 19:50:00",SITHE01,80.508310
D,DISPATCH,UNIT_SCADA,1,"2019/08/22 19:50:00",SMCSF1,0
D,DISPATCH,UNIT_SCADA,1,"2019/08/22 19:50:00",SNOWNTH1,16.30
D,DISPATCH,UNIT_SCADA,1,"2019/08/22 19:50:00",SNOWSTH1,15.30
D,DISPATCH,UNIT_SCADA,1,"2019/08/22 19:50:00",SNOWTWN1,11.440110
D,DISPATCH,UNIT_SCADA,1,"2019/08/22 19:50:00",SNOWYP,0
D,DISPATCH,UNIT_SCADA,1,"2019/08/22 19:50:00",SNUG1,0.019440
D,DISPATCH,UNIT_SCADA,1,"2019/08/22 19:50:00",SRSF1,0.43
D,DISPATCH,UNIT_SCADA,1,"2019/08/22 19:50:00",STAN-1,0
D,DISPATCH,UNIT_SCADA,1,"2019/08/22 19:50:00",STAN-2,345.926790
D,DISPATCH,UNIT_SCADA,1,"2019/08/22 19:50:00",STAN-3,339.376890
D,DISPATCH,UNIT_SCADA,1,"2019/08/22 19:50:00",STAN-4,364.230590
D,DISPATCH,UNIT_SCADA,1,"2019/08/22 19:50:00",STWF1,109.158740
D,DISPATCH,UNIT_SCADA,1,"2019/08/22 19:50:00",SWAN_E,0
D,DISPATCH,UNIT_SCADA,1,"2019/08/22 19:50:00",TALWA1,422
D,DISPATCH,UNIT_SCADA,1,"2019/08/22 19:50:00",TARALGA1,11.291250
D,DISPATCH,UNIT_SCADA,1,"2019/08/22 19:50:00",TARONG#1,339
D,DISPATCH,UNIT_SCADA,1,"2019/08/22 19:50:00",TARONG#2,339.200010
D,DISPATCH,UNIT_SCADA,1,"2019/08/22 19:50:00",TARONG#3,279.600010
D,DISPATCH,UNIT_SCADA,1,"2019/08/22 19:50:00",TARONG#4,348.300020
D,DISPATCH,UNIT_SCADA,1,"2019/08/22 19:50:00",TARRALEA,83.80
D,DISPATCH,UNIT_SCADA,1,"2019/08/22 19:50:00",TBSF1,-0.20
D,DISPATCH,UNIT_SCADA,1,"2019/08/22 19:50:00",TNPS1,442.300020
D,DISPATCH,UNIT_SCADA,1,"2019/08/22 19:50:00",TORRA1,114.171650
D,DISPATCH,UNIT_SCADA,1,"2019/08/22 19:50:00",TORRA2,0
D,DISPATCH,UNIT_SCADA,1,"2019/08/22 19:50:00",TORRA3,43.749550
D,DISPATCH,UNIT_SCADA,1,"2019/08/22 19:50:00",TORRA4,102.6737
D,DISPATCH,UNIT_SCADA,1,"2019/08/22 19:50:00",TORRB1,125.90
D,DISPATCH,UNIT_SCADA,1,"2019/08/22 19:50:00",TORRB2,190.48
D,DISPATCH,UNIT_SCADA,1,"2019/08/22 19:50:00",TORRB3,0
D,DISPATCH,UNIT_SCADA,1,"2019/08/22 19:50:00",TORRB4,0
D,DISPATCH,UNIT_SCADA,1,"2019/08/22 19:50:00",TREVALLN,87.460030
D,DISPATCH,UNIT_SCADA,1,"2019/08/22 19:50:00",TRIBUTE,85.13
D,DISPATCH,UNIT_SCADA,1,"2019/08/22 19:50:00",TUMUT3,0
D,DISPATCH,UNIT_SCADA,1,"2019/08/22 19:50:00",TUNGATIN,139.410030
D,DISPATCH,UNIT_SCADA,1,"2019/08/22 19:50:00",TVCC201,0
D,DISPATCH,UNIT_SCADA,1,"2019/08/22 19:50:00",TVPP104,57.943780
D,DISPATCH,UNIT_SCADA,1,"2019/08/22 19:50:00",UPPTUMUT,0
D,DISPATCH,UNIT_SCADA,1,"2019/08/22 19:50:00",URANQ11,80.056240
D,DISPATCH,UNIT_SCADA,1,"2019/08/22 19:50:00",URANQ12,80.068760
D,DISPATCH,UNIT_SCADA,1,"2019/08/22 19:50:00",URANQ13,0
D,DISPATCH,UNIT_SCADA,1,"2019/08/22 19:50:00",URANQ14,0
D,DISPATCH,UNIT_SCADA,1,"2019/08/22 19:50:00",VP5,634.600040
D,DISPATCH,UNIT_SCADA,1,"2019/08/22 19:50:00",VP6,628.975040
D,DISPATCH,UNIT_SCADA,1,"2019/08/22 19:50:00",VPGS1,0
D,DISPATCH,UNIT_SCADA,1,"2019/08/22 19:50:00",VPGS2,0
D,DISPATCH,UNIT_SCADA,1,"2019/08/22 19:50:00",VPGS3,0
D,DISPATCH,UNIT_SCADA,1,"2019/08/22 19:50:00",VPGS4,0
D,DISPATCH,UNIT_SCADA,1,"2019/08/22 19:50:00",VPGS5,0
D,DISPATCH,UNIT_SCADA,1,"2019/08/22 19:50:00",VPGS6,0
D,DISPATCH,UNIT_SCADA,1,"2019/08/22 19:50:00",W/HOE#1,0
D,DISPATCH,UNIT_SCADA,1,"2019/08/22 19:50:00",W/HOE#2,0
D,DISPATCH,UNIT_SCADA,1,"2019/08/22 19:50:00",WATERLWF,-0.80
D,DISPATCH,UNIT_SCADA,1,"2019/08/22 19:50:00",WEMENSF1,0
D,DISPATCH,UNIT_SCADA,1,"2019/08/22 19:50:00",WGWF1,7
D,DISPATCH,UNIT_SCADA,1,"2019/08/22 19:50:00",WHITSF1,0
D,DISPATCH,UNIT_SCADA,1,"2019/08/22 19:50:00",WKIEWA1,32
D,DISPATCH,UNIT_SCADA,1,"2019/08/22 19:50:00",WKIEWA2,0.10
D,DISPATCH,UNIT_SCADA,1,"2019/08/22 19:50:00",WOODLWN1,13.373990
D,DISPATCH,UNIT_SCADA,1,"2019/08/22 19:50:00",WRSF1,0
D,DISPATCH,UNIT_SCADA,1,"2019/08/22 19:50:00",WRWF1,47.436260
D,DISPATCH,UNIT_SCADA,1,"2019/08/22 19:50:00",YABULU,0
D,DISPATCH,UNIT_SCADA,1,"2019/08/22 19:50:00",YABULU2,0
D,DISPATCH,UNIT_SCADA,1,"2019/08/22 19:50:00",YARWUN_1,0
D,DISPATCH,UNIT_SCADA,1,"2019/08/22 19:50:00",YENDWF1,7.24
D,DISPATCH,UNIT_SCADA,1,"2019/08/22 19:50:00",YWPS1,368.420260
D,DISPATCH,UNIT_SCADA,1,"2019/08/22 19:50:00",YWPS2,280.698730
D,DISPATCH,UNIT_SCADA,1,"2019/08/22 19:50:00",YWPS3,0
D,DISPATCH,UNIT_SCADA,1,"2019/08/22 19:50:00",YWPS4,394.673430
C,"END OF REPORT",334
