C,NEMP.WORLD,DISPATCHSCADA,AEMO,PUBLIC,2019/08/21,22:00:07,0000000311842911,DISPATCHSCADA,0000000311842905
I,DISPATCH,UNIT_SCADA,1,SETTLEMENTDATE,DUID,SCADAVALUE
D,DISPATCH,UNIT_SCADA,1,"2019/08/21 22:05:00",BARCSF1,0.70
D,DISPATCH,UNIT_SCADA,1,"2019/08/21 22:05:00",BUTLERSG,9.599998
D,DISPATCH,UNIT_SCADA,1,"2019/08/21 22:05:00",CALL_A_4,0
D,DISPATCH,UNIT_SCADA,1,"2019/08/21 22:05:00",CAPTL_WF,124.3880
D,DISPATCH,UNIT_SCADA,1,"2019/08/21 22:05:00",CATHROCK,25.599998
D,DISPATCH,UNIT_SCADA,1,"2019/08/21 22:05:00",CHALLHWF,45.699997
D,DISPATCH,UNIT_SCADA,1,"2019/08/21 22:05:00",CLOVER,-0.01
D,DISPATCH,UNIT_SCADA,1,"2019/08/21 22:05:00",CLUNY,19.926298
D,DISPATCH,UNIT_SCADA,1,"2019/08/21 22:05:00",CNUNDAWF,41.548470
D,DISPATCH,UNIT_SCADA,1,"2019/08/21 22:05:00",CULLRGWF,30.35
D,DISPATCH,UNIT_SCADA,1,"2019/08/21 22:05:00",ERGT01,0
D,DISPATCH,UNIT_SCADA,1,"2019/08/21 22:05:00",GB01,0.070793
D,DISPATCH,UNIT_SCADA,1,"2019/08/21 22:05:00",GERMCRK,39
D,DISPATCH,UNIT_SCADA,1,"2019/08/21 22:05:00",GRIFSF1,0
D,DISPATCH,UNIT_SCADA,1,"2019/08/21 22:05:00",HUGSF1,-0.2430
D,DISPATCH,UNIT_SCADA,1,"2019/08/21 22:05:00",LKBONNY1,70.911636
D,DISPATCH,UNIT_SCADA,1,"2019/08/21 22:05:00",LRSF1,0.0390
D,DISPATCH,UNIT_SCADA,1,"2019/08/21 22:05:00",MBAHNTH,55.856247
D,DISPATCH,UNIT_SCADA,1,"2019/08/21 22:05:00",MLSP1,0.271001
D,DISPATCH,UNIT_SCADA,1,"2019/08/21 22:05:00",MLWF1,18.2850
D,DISPATCH,UNIT_SCADA,1,"2019/08/21 22:05:00",MTMILLAR,9.450465
D,DISPATCH,UNIT_SCADA,1,"2019/08/21 22:05:00",PALOONA,24.359999
D,DISPATCH,UNIT_SCADA,1,"2019/08/21 22:05:00",PIONEER,29.60
D,DISPATCH,UNIT_SCADA,1,"2019/08/21 22:05:00",PORTWF,139.199997
D,DISPATCH,UNIT_SCADA,1,"2019/08/21 22:05:00",REPULSE,28.891432
D,DISPATCH,UNIT_SCADA,1,"2019/08/21 22:05:00",ROWALLAN,10.4086
D,DISPATCH,UNIT_SCADA,1,"2019/08/21 22:05:00",ROYALLA1,0
D,DISPATCH,UNIT_SCADA,1,"2019/08/21 22:05:00",RPCG,10.60
D,DISPATCH,UNIT_SCADA,1,"2019/08/21 22:05:00",RUBICON,0
D,DISPATCH,UNIT_SCADA,1,"2019/08/21 22:05:00",SATGN1,0
D,DISPATCH,UNIT_SCADA,1,"2019/08/21 22:05:00",SATGS1,0
D,DISPATCH,UNIT_SCADA,1,"2019/08/21 22:05:00",STARHLWF,13.995918
D,DISPATCH,UNIT_SCADA,1,"2019/08/21 22:05:00",WAUBRAWF,175.738998
D,DISPATCH,UNIT_SCADA,1,"2019/08/21 22:05:00",WOOLNTH1,20.200016
D,DISPATCH,UNIT_SCADA,1,"2019/08/21 22:05:00",WPWF,21
D,DISPATCH,UNIT_SCADA,1,"2019/08/21 22:05:00",YAMBUKWF,29.299999
D,DISPATCH,UNIT_SCADA,1,"2019/08/21 22:05:00",YSWF1,26.799999
D,DISPATCH,UNIT_SCADA,1,"2019/08/21 22:05:00",AGLHAL,0
D,DISPATCH,UNIT_SCADA,1,"2019/08/21 22:05:00",AGLSOM,0
D,DISPATCH,UNIT_SCADA,1,"2019/08/21 22:05:00",ANGAST1,0
D,DISPATCH,UNIT_SCADA,1,"2019/08/21 22:05:00",ARWF1,179.70
D,DISPATCH,UNIT_SCADA,1,"2019/08/21 22:05:00",BALBG1,0
D,DISPATCH,UNIT_SCADA,1,"2019/08/21 22:05:00",BALBL1,0
D,DISPATCH,UNIT_SCADA,1,"2019/08/21 22:05:00",BALDHWF1,83.4770
D,DISPATCH,UNIT_SCADA,1,"2019/08/21 22:05:00",BANN1,0
D,DISPATCH,UNIT_SCADA,1,"2019/08/21 22:05:00",BARCALDN,0
D,DISPATCH,UNIT_SCADA,1,"2019/08/21 22:05:00",BARRON-1,0
D,DISPATCH,UNIT_SCADA,1,"2019/08/21 22:05:00",BARRON-2,28.32
D,DISPATCH,UNIT_SCADA,1,"2019/08/21 22:05:00",BASTYAN,78.52
D,DISPATCH,UNIT_SCADA,1,"2019/08/21 22:05:00",BBTHREE1,-1.95
D,DISPATCH,UNIT_SCADA,1,"2019/08/21 22:05:00",BBTHREE2,-1.95
D,DISPATCH,UNIT_SCADA,1,"2019/08/21 22:05:00",BBTHREE3,-1.07
D,DISPATCH,UNIT_SCADA,1,"2019/08/21 22:05:00",BDL01,-0.06
D,DISPATCH,UNIT_SCADA,1,"2019/08/21 22:05:00",BDL02,0
D,DISPATCH,UNIT_SCADA,1,"2019/08/21 22:05:00",BERYLSF1,0
D,DISPATCH,UNIT_SCADA,1,"2019/08/21 22:05:00",BLOWERNG,0
D,DISPATCH,UNIT_SCADA,1,"2019/08/21 22:05:00",BLUFF1,17
D,DISPATCH,UNIT_SCADA,1,"2019/08/21 22:05:00",BNGSF1,0
D,DISPATCH,UNIT_SCADA,1,"2019/08/21 22:05:00",BNGSF2,0
D,DISPATCH,UNIT_SCADA,1,"2019/08/21 22:05:00",BOCORWF1,102.44
D,DISPATCH,UNIT_SCADA,1,"2019/08/21 22:05:00",BODWF1,83.133220
D,DISPATCH,UNIT_SCADA,1,"2019/08/21 22:05:00",BRAEMAR1,0
D,DISPATCH,UNIT_SCADA,1,"2019/08/21 22:05:00",BRAEMAR2,0
D,DISPATCH,UNIT_SCADA,1,"2019/08/21 22:05:00",BRAEMAR3,0
D,DISPATCH,UNIT_SCADA,1,"2019/08/21 22:05:00",BRAEMAR5,0
D,DISPATCH,UNIT_SCADA,1,"2019/08/21 22:05:00",BRAEMAR6,0
D,DISPATCH,UNIT_SCADA,1,"2019/08/21 22:05:00",BRAEMAR7,0
D,DISPATCH,UNIT_SCADA,1,"2019/08/21 22:05:00",BROKENH1,0
D,DISPATCH,UNIT_SCADA,1,"2019/08/21 22:05:00",BW01,607.674930
D,DISPATCH,UNIT_SCADA,1,"2019/08/21 22:05:00",BW02,628.400020
D,DISPATCH,UNIT_SCADA,1,"2019/08/21 22:05:00",BW03,617.275020
D,DISPATCH,UNIT_SCADA,1,"2019/08/21 22:05:00",BW04,0
D,DISPATCH,UNIT_SCADA,1,"2019/08/21 22:05:00",CALL_B_1,349.899990
D,DISPATCH,UNIT_SCADA,1,"2019/08/21 22:05:00",CALL_B_2,348.899990
D,DISPATCH,UNIT_SCADA,1,"2019/08/21 22:05:00",CETHANA,99.082630
D,DISPATCH,UNIT_SCADA,1,"2019/08/21 22:05:00",CG1,0
D,DISPATCH,UNIT_SCADA,1,"2019/08/21 22:05:00",CG2,0
D,DISPATCH,UNIT_SCADA,1,"2019/08/21 22:05:00",CG3,0
D,DISPATCH,UNIT_SCADA,1,"2019/08/21 22:05:00",CG4,0
D,DISPATCH,UNIT_SCADA,1,"2019/08/21 22:05:00",CHILDSF1,0.01
D,DISPATCH,UNIT_SCADA,1,"2019/08/21 22:05:00",CLARESF1,0
D,DISPATCH,UNIT_SCADA,1,"2019/08/21 22:05:00",CLEMGPWF,46.678690
D,DISPATCH,UNIT_SCADA,1,"2019/08/21 22:05:00",CLERMSF1,0
D,DISPATCH,UNIT_SCADA,1,"2019/08/21 22:05:00",COLEASF1,0
D,DISPATCH,UNIT_SCADA,1,"2019/08/21 22:05:00",COOPGWF1,30.204680
D,DISPATCH,UNIT_SCADA,1,"2019/08/21 22:05:00",CPP_3,391.8750
D,DISPATCH,UNIT_SCADA,1,"2019/08/21 22:05:00",CPP_4,392.975010
D,DISPATCH,UNIT_SCADA,1,"2019/08/21 22:05:00",CPSA,142.378130
D,DISPATCH,UNIT_SCADA,1,"2019/08/21 22:05:00",CROOKWF2,88.633750
D,DISPATCH,UNIT_SCADA,1,"2019/08/21 22:05:00",CROWLWF1,44.421120
D,DISPATCH,UNIT_SCADA,1,"2019/08/21 22:05:00",CSPVPS1,0.0430
D,DISPATCH,UNIT_SCADA,1,"2019/08/21 22:05:00",DALNTH01,0.016780
D,DISPATCH,UNIT_SCADA,1,"2019/08/21 22:05:00",DALNTHL1,0
D,DISPATCH,UNIT_SCADA,1,"2019/08/21 22:05:00",DARTM1,0
D,DISPATCH,UNIT_SCADA,1,"2019/08/21 22:05:00",DAYDSF1,0
D,DISPATCH,UNIT_SCADA,1,"2019/08/21 22:05:00",DDPS1,360.421260
D,DISPATCH,UNIT_SCADA,1,"2019/08/21 22:05:00",DDSF1,0
D,DISPATCH,UNIT_SCADA,1,"2019/08/21 22:05:00",DEVILS_G,0
D,DISPATCH,UNIT_SCADA,1,"2019/08/21 22:05:00",DG_NSW1,0
D,DISPATCH,UNIT_SCADA,1,"2019/08/21 22:05:00",DG_QLD1,0
D,DISPATCH,UNIT_SCADA,1,"2019/08/21 22:05:00",DG_SA1,0
D,DISPATCH,UNIT_SCADA,1,"2019/08/21 22:05:00",DG_TAS1,0
D,DISPATCH,UNIT_SCADA,1,"2019/08/21 22:05:00",DG_VIC1,0
D,DISPATCH,UNIT_SCADA,1,"2019/08/21 22:05:00",DRYCGT1,0
D,DISPATCH,UNIT_SCADA,1,"2019/08/21 22:05:00",DRYCGT2,0
D,DISPATCH,UNIT_SCADA,1,"2019/08/21 22:05:00",DRYCGT3,0
D,DISPATCH,UNIT_SCADA,1,"2019/08/21 22:05:00",EILDON1,0
D,DISPATCH,UNIT_SCADA,1,"2019/08/21 22:05:00",EILDON2,0
D,DISPATCH,UNIT_SCADA,1,"2019/08/21 22:05:00",EMERASF1,0
D,DISPATCH,UNIT_SCADA,1,"2019/08/21 22:05:00",ER01,558.324950
D,DISPATCH,UNIT_SCADA,1,"2019/08/21 22:05:00",ER02,583.150020
D,DISPATCH,UNIT_SCADA,1,"2019/08/21 22:05:00",ER03,571.474980
D,DISPATCH,UNIT_SCADA,1,"2019/08/21 22:05:00",ER04,621.900020
D,DISPATCH,UNIT_SCADA,1,"2019/08/21 22:05:00",FINLYSF1,0
D,DISPATCH,UNIT_SCADA,1,"2019/08/21 22:05:00",FISHER,45.95
D,DISPATCH,UNIT_SCADA,1,"2019/08/21 22:05:00",GANNBG1,0.446460
D,DISPATCH,UNIT_SCADA,1,"2019/08/21 22:05:00",GANNBL1,0
D,DISPATCH,UNIT_SCADA,1,"2019/08/21 22:05:00",GANNSF1,0
D,DISPATCH,UNIT_SCADA,1,"2019/08/21 22:05:00",GORDON,14.435120
D,DISPATCH,UNIT_SCADA,1,"2019/08/21 22:05:00",GSTONE1,149.6250
D,DISPATCH,UNIT_SCADA,1,"2019/08/21 22:05:00",GSTONE2,155.75
D,DISPATCH,UNIT_SCADA,1,"2019/08/21 22:05:00",GSTONE3,154
D,DISPATCH,UNIT_SCADA,1,"2019/08/21 22:05:00",GSTONE4,154
D,DISPATCH,UNIT_SCADA,1,"2019/08/21 22:05:00",GSTONE5,150.6750
D,DISPATCH,UNIT_SCADA,1,"2019/08/21 22:05:00",GSTONE6,0
D,DISPATCH,UNIT_SCADA,1,"2019/08/21 22:05:00",GULLRSF1,0
D,DISPATCH,UNIT_SCADA,1,"2019/08/21 22:05:00",GULLRWF1,158.479610
D,DISPATCH,UNIT_SCADA,1,"2019/08/21 22:05:00",GUNNING1,38.120970
D,DISPATCH,UNIT_SCADA,1,"2019/08/21 22:05:00",GUTHEGA,31.20
D,DISPATCH,UNIT_SCADA,1,"2019/08/21 22:05:00",HALLWF1,35.30
D,DISPATCH,UNIT_SCADA,1,"2019/08/21 22:05:00",HALLWF2,33.20
D,DISPATCH,UNIT_SCADA,1,"2019/08/21 22:05:00",HAMISF1,0
D,DISPATCH,UNIT_SCADA,1,"2019/08/21 22:05:00",HAUGHT11,0
D,DISPATCH,UNIT_SCADA,1,"2019/08/21 22:05:00",HAYMSF1,0
D,DISPATCH,UNIT_SCADA,1,"2019/08/21 22:05:00",HDWF1,27.80
D,DISPATCH,UNIT_SCADA,1,"2019/08/21 22:05:00",HDWF2,23.50
D,DISPATCH,UNIT_SCADA,1,"2019/08/21 22:05:00",HDWF3,27.60
D,DISPATCH,UNIT_SCADA,1,"2019/08/21 22:05:00",HPRG1,0
D,DISPATCH,UNIT_SCADA,1,"2019/08/21 22:05:00",HPRL1,0.60
D,DISPATCH,UNIT_SCADA,1,"2019/08/21 22:05:00",HUMENSW,0
D,DISPATCH,UNIT_SCADA,1,"2019/08/21 22:05:00",HUMEV,10.40
D,DISPATCH,UNIT_SCADA,1,"2019/08/21 22:05:00",HVGTS,0
D,DISPATCH,UNIT_SCADA,1,"2019/08/21 22:05:00",JBUTTERS,141.33
D,DISPATCH,UNIT_SCADA,1,"2019/08/21 22:05:00",JLA01,0.50
D,DISPATCH,UNIT_SCADA,1,"2019/08/21 22:05:00",JLA02,0
D,DISPATCH,UNIT_SCADA,1,"2019/08/21 22:05:00",JLA03,0.10
D,DISPATCH,UNIT_SCADA,1,"2019/08/21 22:05:00",JLA04,0.10
D,DISPATCH,UNIT_SCADA,1,"2019/08/21 22:05:00",JLB01,0
D,DISPATCH,UNIT_SCADA,1,"2019/08/21 22:05:00",JLB02,0.10
D,DISPATCH,UNIT_SCADA,1,"2019/08/21 22:05:00",JLB03,0
D,DISPATCH,UNIT_SCADA,1,"2019/08/21 22:05:00",KAREEYA1,21.5150
D,DISPATCH,UNIT_SCADA,1,"2019/08/21 22:05:00",KAREEYA2,21.6650
D,DISPATCH,UNIT_SCADA,1,"2019/08/21 22:05:00",KAREEYA3,0
D,DISPATCH,UNIT_SCADA,1,"2019/08/21 22:05:00",KAREEYA4,21.73
D,DISPATCH,UNIT_SCADA,1,"2019/08/21 22:05:00",KARSF1,0
D,DISPATCH,UNIT_SCADA,1,"2019/08/21 22:05:00",KIATAWF1,30.90
D,DISPATCH,UNIT_SCADA,1,"2019/08/21 22:05:00",KPP_1,0
D,DISPATCH,UNIT_SCADA,1,"2019/08/21 22:05:00",KSP1,0
D,DISPATCH,UNIT_SCADA,1,"2019/08/21 22:05:00",LADBROK1,0
D,DISPATCH,UNIT_SCADA,1,"2019/08/21 22:05:00",LADBROK2,0
D,DISPATCH,UNIT_SCADA,1,"2019/08/21 22:05:00",LD01,420.168730
D,DISPATCH,UNIT_SCADA,1,"2019/08/21 22:05:00",LD02,417.206270
D,DISPATCH,UNIT_SCADA,1,"2019/08/21 22:05:00",LD03,424.106230
D,DISPATCH,UNIT_SCADA,1,"2019/08/21 22:05:00",LD04,381.6937
D,DISPATCH,UNIT_SCADA,1,"2019/08/21 22:05:00",LEM_WIL,86.2421
D,DISPATCH,UNIT_SCADA,1,"2019/08/21 22:05:00",LGAPWF1,27.06
D,DISPATCH,UNIT_SCADA,1,"2019/08/21 22:05:00",LILYSF1,0
D,DISPATCH,UNIT_SCADA,1,"2019/08/21 22:05:00",LI_WY_CA,149.189760
D,DISPATCH,UNIT_SCADA,1,"2019/08/21 22:05:00",LKBONNY2,153.734220
D,DISPATCH,UNIT_SCADA,1,"2019/08/21 22:05:00",LKBONNY3,34.888760
D,DISPATCH,UNIT_SCADA,1,"2019/08/21 22:05:00",LK_ECHO,0
D,DISPATCH,UNIT_SCADA,1,"2019/08/21 22:05:00",LNGS1,0
D,DISPATCH,UNIT_SCADA,1,"2019/08/21 22:05:00",LNGS2,0
D,DISPATCH,UNIT_SCADA,1,"2019/08/21 22:05:00",LONSDALE,0
D,DISPATCH,UNIT_SCADA,1,"2019/08/21 22:05:00",LOYYB1,535.712650
D,DISPATCH,UNIT_SCADA,1,"2019/08/21 22:05:00",LOYYB2,579.698730
D,DISPATCH,UNIT_SCADA,1,"2019/08/21 22:05:00",LYA1,559
D,DISPATCH,UNIT_SCADA,1,"2019/08/21 22:05:00",LYA2,0
D,DISPATCH,UNIT_SCADA,1,"2019/08/21 22:05:00",LYA3,560
D,DISPATCH,UNIT_SCADA,1,"2019/08/21 22:05:00",LYA4,532
D,DISPATCH,UNIT_SCADA,1,"2019/08/21 22:05:00",MACARTH1,356.491760
D,DISPATCH,UNIT_SCADA,1,"2019/08/21 22:05:00",MACKAYGT,0
D,DISPATCH,UNIT_SCADA,1,"2019/08/21 22:05:00",MACKNTSH,85.420010
D,DISPATCH,UNIT_SCADA,1,"2019/08/21 22:05:00",MANSLR1,0
D,DISPATCH,UNIT_SCADA,1,"2019/08/21 22:05:00",MCKAY1,0.02
D,DISPATCH,UNIT_SCADA,1,"2019/08/21 22:05:00",MEADOWBK,34.095940
D,DISPATCH,UNIT_SCADA,1,"2019/08/21 22:05:00",MERCER01,124.982990
D,DISPATCH,UNIT_SCADA,1,"2019/08/21 22:05:00",MEWF1,77.2096
D,DISPATCH,UNIT_SCADA,1,"2019/08/21 22:05:00",MINTARO,0
D,DISPATCH,UNIT_SCADA,1,"2019/08/21 22:05:00",MOREESF1,0
D,DISPATCH,UNIT_SCADA,1,"2019/08/21 22:05:00",MORTLK11,0
D,DISPATCH,UNIT_SCADA,1,"2019/08/21 22:05:00",MORTLK12,0
D,DISPATCH,UNIT_SCADA,1,"2019/08/21 22:05:00",MP1,282.3750
D,DISPATCH,UNIT_SCADA,1,"2019/08/21 22:05:00",MP2,0
D,DISPATCH,UNIT_SCADA,1,"2019/08/21 22:05:00",MPP_1,315
D,DISPATCH,UNIT_SCADA,1,"2019/08/21 22:05:00",MPP_2,421.50
D,DISPATCH,UNIT_SCADA,1,"2019/08/21 22:05:00",MSTUART1,0
D,DISPATCH,UNIT_SCADA,1,"2019/08/21 22:05:00",MSTUART2,0
D,DISPATCH,UNIT_SCADA,1,"2019/08/21 22:05:00",MSTUART3,0
D,DISPATCH,UNIT_SCADA,1,"2019/08/21 22:05:00",MTGELWF1,63.653980
D,DISPATCH,UNIT_SCADA,1,"2019/08/21 22:05:00",MURRAY,0
D,DISPATCH,UNIT_SCADA,1,"2019/08/21 22:05:00",MUSSELR1,158.70
D,DISPATCH,UNIT_SCADA,1,"2019/08/21 22:05:00",MUWAWF1,53.54
D,DISPATCH,UNIT_SCADA,1,"2019/08/21 22:05:00",NBHWF1,46.20
D,DISPATCH,UNIT_SCADA,1,"2019/08/21 22:05:00",NPS,99.3750
D,DISPATCH,UNIT_SCADA,1,"2019/08/21 22:05:00",NUMURSF1,0
D,DISPATCH,UNIT_SCADA,1,"2019/08/21 22:05:00",NYNGAN1,0
D,DISPATCH,UNIT_SCADA,1,"2019/08/21 22:05:00",OAKEY1,0
D,DISPATCH,UNIT_SCADA,1,"2019/08/21 22:05:00",OAKEY1SF,0
D,DISPATCH,UNIT_SCADA,1,"2019/08/21 22:05:00",OAKEY2,0
D,DISPATCH,UNIT_SCADA,1,"2019/08/21 22:05:00",OAKLAND1,61.30
D,DISPATCH,UNIT_SCADA,1,"2019/08/21 22:05:00",OSB-AG,0
D,DISPATCH,UNIT_SCADA,1,"2019/08/21 22:05:00",PARSF1,0
D,DISPATCH,UNIT_SCADA,1,"2019/08/21 22:05:00",POAT110,0
D,DISPATCH,UNIT_SCADA,1,"2019/08/21 22:05:00",POAT220,1.03
D,DISPATCH,UNIT_SCADA,1,"2019/08/21 22:05:00",POR01,0
D,DISPATCH,UNIT_SCADA,1,"2019/08/21 22:05:00",POR03,0
D,DISPATCH,UNIT_SCADA,1,"2019/08/21 22:05:00",PPCCGT,354.079380
D,DISPATCH,UNIT_SCADA,1,"2019/08/21 22:05:00",PTSTAN1,0
D,DISPATCH,UNIT_SCADA,1,"2019/08/21 22:05:00",PUMP1,0
D,DISPATCH,UNIT_SCADA,1,"2019/08/21 22:05:00",PUMP2,0
D,DISPATCH,UNIT_SCADA,1,"2019/08/21 22:05:00",QPS1,0
D,DISPATCH,UNIT_SCADA,1,"2019/08/21 22:05:00",QPS2,0
D,DISPATCH,UNIT_SCADA,1,"2019/08/21 22:05:00",QPS3,0
D,DISPATCH,UNIT_SCADA,1,"2019/08/21 22:05:00",QPS4,0
D,DISPATCH,UNIT_SCADA,1,"2019/08/21 22:05:00",QPS5,0
D,DISPATCH,UNIT_SCADA,1,"2019/08/21 22:05:00",REECE1,118.760010
D,DISPATCH,UNIT_SCADA,1,"2019/08/21 22:05:00",REECE2,118.790010
D,DISPATCH,UNIT_SCADA,1,"2019/08/21 22:05:00",ROMA_7,0
D,DISPATCH,UNIT_SCADA,1,"2019/08/21 22:05:00",ROMA_8,0
D,DISPATCH,UNIT_SCADA,1,"2019/08/21 22:05:00",RRSF1,0
D,DISPATCH,UNIT_SCADA,1,"2019/08/21 22:05:00",RT_NSW1,0
D,DISPATCH,UNIT_SCADA,1,"2019/08/21 22:05:00",RT_NSW2,0
D,DISPATCH,UNIT_SCADA,1,"2019/08/21 22:05:00",RT_NSW3,0
D,DISPATCH,UNIT_SCADA,1,"2019/08/21 22:05:00",RT_NSW4,0
D,DISPATCH,UNIT_SCADA,1,"2019/08/21 22:05:00",RT_NSW5,0
D,DISPATCH,UNIT_SCADA,1,"2019/08/21 22:05:00",RT_NSW6,0
D,DISPATCH,UNIT_SCADA,1,"2019/08/21 22:05:00",RT_QLD1,0
D,DISPATCH,UNIT_SCADA,1,"2019/08/21 22:05:00",RT_SA1,0
D,DISPATCH,UNIT_SCADA,1,"2019/08/21 22:05:00",RT_SA2,0
D,DISPATCH,UNIT_SCADA,1,"2019/08/21 22:05:00",RT_SA3,0
D,DISPATCH,UNIT_SCADA,1,"2019/08/21 22:05:00",RT_SA4,0
D,DISPATCH,UNIT_SCADA,1,"2019/08/21 22:05:00",RT_SA5,0
D,DISPATCH,UNIT_SCADA,1,"2019/08/21 22:05:00",RT_SA6,0
D,DISPATCH,UNIT_SCADA,1,"2019/08/21 22:05:00",RT_TAS1,0
D,DISPATCH,UNIT_SCADA,1,"2019/08/21 22:05:00",RT_VIC1,0
D,DISPATCH,UNIT_SCADA,1,"2019/08/21 22:05:00",RT_VIC10,0
D,DISPATCH,UNIT_SCADA,1,"2019/08/21 22:05:00",RT_VIC11,0
D,DISPATCH,UNIT_SCADA,1,"2019/08/21 22:05:00",RT_VIC12,0
D,DISPATCH,UNIT_SCADA,1,"2019/08/21 22:05:00",RT_VIC2,0
D,DISPATCH,UNIT_SCADA,1,"2019/08/21 22:05:00",RT_VIC3,0
D,DISPATCH,UNIT_SCADA,1,"2019/08/21 22:05:00",RT_VIC4,0
D,DISPATCH,UNIT_SCADA,1,"2019/08/21 22:05:00",RT_VIC5,0
D,DISPATCH,UNIT_SCADA,1,"2019/08/21 22:05:00",RT_VIC6,0
D,DISPATCH,UNIT_SCADA,1,"2019/08/21 22:05:00",RT_VIC7,0
D,DISPATCH,UNIT_SCADA,1,"2019/08/21 22:05:00",RT_VIC8,0
D,DISPATCH,UNIT_SCADA,1,"2019/08/21 22:05:00",RT_VIC9,0
D,DISPATCH,UNIT_SCADA,1,"2019/08/21 22:05:00",RUGBYR1,0
D,DISPATCH,UNIT_SCADA,1,"2019/08/21 22:05:00",SALTCRK1,50.42
D,DISPATCH,UNIT_SCADA,1,"2019/08/21 22:05:00",SAPHWF1,244.293760
D,DISPATCH,UNIT_SCADA,1,"2019/08/21 22:05:00",SHGEN,0
D,DISPATCH,UNIT_SCADA,1,"2019/08/21 22:05:00",SHPUMP,43.593750
D,DISPATCH,UNIT_SCADA,1,"2019/08/21 22:05:00",SITHE01,0.043330
D,DISPATCH,UNIT_SCADA,1,"2019/08/21 22:05:00",SMCSF1,0
D,DISPATCH,UNIT_SCADA,1,"2019/08/21 22:05:00",SNOWNTH1,131.30
D,DISPATCH,UNIT_SCADA,1,"2019/08/21 22:05:00",SNOWSTH1,97.80
D,DISPATCH,UNIT_SCADA,1,"2019/08/21 22:05:00",SNOWTWN1,80.5701
D,DISPATCH,UNIT_SCADA,1,"2019/08/21 22:05:00",SNOWYP,0
D,DISPATCH,UNIT_SCADA,1,"2019/08/21 22:05:00",SNUG1,0.019440
D,DISPATCH,UNIT_SCADA,1,"2019/08/21 22:05:00",SRSF1,0.44
D,DISPATCH,UNIT_SCADA,1,"2019/08/21 22:05:00",STAN-1,0
D,DISPATCH,UNIT_SCADA,1,"2019/08/21 22:05:00",STAN-2,279.607480
D,DISPATCH,UNIT_SCADA,1,"2019/08/21 22:05:00",STAN-3,277.479740
D,DISPATCH,UNIT_SCADA,1,"2019/08/21 22:05:00",STAN-4,276.133880
D,DISPATCH,UNIT_SCADA,1,"2019/08/21 22:05:00",STWF1,165.78
D,DISPATCH,UNIT_SCADA,1,"2019/08/21 22:05:00",SWAN_E,0
D,DISPATCH,UNIT_SCADA,1,"2019/08/21 22:05:00",TALWA1,299
D,DISPATCH,UNIT_SCADA,1,"2019/08/21 22:05:00",TARALGA1,97.923750
D,DISPATCH,UNIT_SCADA,1,"2019/08/21 22:05:00",TARONG#1,292.800020
D,DISPATCH,UNIT_SCADA,1,"2019/08/21 22:05:00",TARONG#2,292.50
D,DISPATCH,UNIT_SCADA,1,"2019/08/21 22:05:00",TARONG#3,261.600010
D,DISPATCH,UNIT_SCADA,1,"2019/08/21 22:05:00",TARONG#4,291.899990
D,DISPATCH,UNIT_SCADA,1,"2019/08/21 22:05:00",TARRALEA,84.10
D,DISPATCH,UNIT_SCADA,1,"2019/08/21 22:05:00",TBSF1,-0.20
D,DISPATCH,UNIT_SCADA,1,"2019/08/21 22:05:00",TNPS1,442.000030
D,DISPATCH,UNIT_SCADA,1,"2019/08/21 22:05:00",TORRA1,48.797290
D,DISPATCH,UNIT_SCADA,1,"2019/08/21 22:05:00",TORRA2,0
D,DISPATCH,UNIT_SCADA,1,"2019/08/21 22:05:00",TORRA3,0
D,DISPATCH,UNIT_SCADA,1,"2019/08/21 22:05:00",TORRA4,0
D,DISPATCH,UNIT_SCADA,1,"2019/08/21 22:05:00",TORRB1,71.17
D,DISPATCH,UNIT_SCADA,1,"2019/08/21 22:05:00",TORRB2,60.08
D,DISPATCH,UNIT_SCADA,1,"2019/08/21 22:05:00",TORRB3,0
D,DISPATCH,UNIT_SCADA,1,"2019/08/21 22:05:00",TORRB4,0
D,DISPATCH,UNIT_SCADA,1,"2019/08/21 22:05:00",TREVALLN,69.840030
D,DISPATCH,UNIT_SCADA,1,"2019/08/21 22:05:00",TRIBUTE,84.61
D,DISPATCH,UNIT_SCADA,1,"2019/08/21 22:05:00",TUMUT3,0
D,DISPATCH,UNIT_SCADA,1,"2019/08/21 22:05:00",TUNGATIN,123.440030
D,DISPATCH,UNIT_SCADA,1,"2019/08/21 22:05:00",TVCC201,0
D,DISPATCH,UNIT_SCADA,1,"2019/08/21 22:05:00",TVPP104,0
D,DISPATCH,UNIT_SCADA,1,"2019/08/21 22:05:00",UPPTUMUT,0
D,DISPATCH,UNIT_SCADA,1,"2019/08/21 22:05:00",URANQ11,0
D,DISPATCH,UNIT_SCADA,1,"2019/08/21 22:05:00",URANQ12,0
D,DISPATCH,UNIT_SCADA,1,"2019/08/21 22:05:00",URANQ13,0
D,DISPATCH,UNIT_SCADA,1,"2019/08/21 22:05:00",URANQ14,0
D,DISPATCH,UNIT_SCADA,1,"2019/08/21 22:05:00",VP5,419.474980
D,DISPATCH,UNIT_SCADA,1,"2019/08/21 22:05:00",VP6,424.350040
D,DISPATCH,UNIT_SCADA,1,"2019/08/21 22:05:00",VPGS1,0
D,DISPATCH,UNIT_SCADA,1,"2019/08/21 22:05:00",VPGS2,0
D,DISPATCH,UNIT_SCADA,1,"2019/08/21 22:05:00",VPGS3,0
D,DISPATCH,UNIT_SCADA,1,"2019/08/21 22:05:00",VPGS4,0
D,DISPATCH,UNIT_SCADA,1,"2019/08/21 22:05:00",VPGS5,0
D,DISPATCH,UNIT_SCADA,1,"2019/08/21 22:05:00",VPGS6,0
D,DISPATCH,UNIT_SCADA,1,"2019/08/21 22:05:00",W/HOE#1,0
D,DISPATCH,UNIT_SCADA,1,"2019/08/21 22:05:00",W/HOE#2,0
D,DISPATCH,UNIT_SCADA,1,"2019/08/21 22:05:00",WATERLWF,94
D,DISPATCH,UNIT_SCADA,1,"2019/08/21 22:05:00",WEMENSF1,0
D,DISPATCH,UNIT_SCADA,1,"2019/08/21 22:05:00",WGWF1,34.50
D,DISPATCH,UNIT_SCADA,1,"2019/08/21 22:05:00",WHITSF1,0
D,DISPATCH,UNIT_SCADA,1,"2019/08/21 22:05:00",WKIEWA1,30.10
D,DISPATCH,UNIT_SCADA,1,"2019/08/21 22:05:00",WKIEWA2,30
D,DISPATCH,UNIT_SCADA,1,"2019/08/21 22:05:00",WOODLWN1,44.9550
D,DISPATCH,UNIT_SCADA,1,"2019/08/21 22:05:00",WRSF1,0
D,DISPATCH,UNIT_SCADA,1,"2019/08/21 22:05:00",WRWF1,156.856260
D,DISPATCH,UNIT_SCADA,1,"2019/08/21 22:05:00",YABULU,0
D,DISPATCH,UNIT_SCADA,1,"2019/08/21 22:05:00",YABULU2,0
D,DISPATCH,UNIT_SCADA,1,"2019/08/21 22:05:00",YARWUN_1,0
D,DISPATCH,UNIT_SCADA,1,"2019/08/21 22:05:00",YENDWF1,42.09
D,DISPATCH,UNIT_SCADA,1,"2019/08/21 22:05:00",YWPS1,383.9595
D,DISPATCH,UNIT_SCADA,1,"2019/08/21 22:05:00",YWPS2,282.7038
D,DISPATCH,UNIT_SCADA,1,"2019/08/21 22:05:00",YWPS3,0
D,DISPATCH,UNIT_SCADA,1,"2019/08/21 22:05:00",YWPS4,398.343050
C,"END OF REPORT",334
