C,NEMP.WORLD,DISPATCHSCADA,AEMO,PUBLIC,2019/08/22,02:45:09,0000000311850069,DISPATCHSCADA,0000000311850063
I,DISPATCH,UNIT_SCADA,1,SETTLEMENTDATE,DUID,SCADAVALUE
D,DISPATCH,UNIT_SCADA,1,"2019/08/22 02:50:00",BARCSF1,0.70
D,DISPATCH,UNIT_SCADA,1,"2019/08/22 02:50:00",BUTLERSG,9.699999
D,DISPATCH,UNIT_SCADA,1,"2019/08/22 02:50:00",CALL_A_4,0
D,DISPATCH,UNIT_SCADA,1,"2019/08/22 02:50:00",CAPTL_WF,128.975998
D,DISPATCH,UNIT_SCADA,1,"2019/08/22 02:50:00",CATHROCK,16.439999
D,DISPATCH,UNIT_SCADA,1,"2019/08/22 02:50:00",CHALLHWF,50.50
D,DISPATCH,UNIT_SCADA,1,"2019/08/22 02:50:00",CLOVER,-0.02
D,DISPATCH,UNIT_SCADA,1,"2019/08/22 02:50:00",CLUNY,20.011444
D,DISPATCH,UNIT_SCADA,1,"2019/08/22 02:50:00",CNUNDAWF,39.546131
D,DISPATCH,UNIT_SCADA,1,"2019/08/22 02:50:00",CULLRGWF,24.25
D,DISPATCH,UNIT_SCADA,1,"2019/08/22 02:50:00",ERGT01,0
D,DISPATCH,UNIT_SCADA,1,"2019/08/22 02:50:00",GB01,0.066643
D,DISPATCH,UNIT_SCADA,1,"2019/08/22 02:50:00",GERMCRK,39.50
D,DISPATCH,UNIT_SCADA,1,"2019/08/22 02:50:00",GRIFSF1,0
D,DISPATCH,UNIT_SCADA,1,"2019/08/22 02:50:00",HUGSF1,-0.2430
D,DISPATCH,UNIT_SCADA,1,"2019/08/22 02:50:00",LKBONNY1,69.214760
D,DISPATCH,UNIT_SCADA,1,"2019/08/22 02:50:00",LRSF1,0.0390
D,DISPATCH,UNIT_SCADA,1,"2019/08/22 02:50:00",MBAHNTH,56.025009
D,DISPATCH,UNIT_SCADA,1,"2019/08/22 02:50:00",MLSP1,0.271001
D,DISPATCH,UNIT_SCADA,1,"2019/08/22 02:50:00",MLWF1,19.65
D,DISPATCH,UNIT_SCADA,1,"2019/08/22 02:50:00",MTMILLAR,13.572952
D,DISPATCH,UNIT_SCADA,1,"2019/08/22 02:50:00",PALOONA,8.15
D,DISPATCH,UNIT_SCADA,1,"2019/08/22 02:50:00",PIONEER,44.400002
D,DISPATCH,UNIT_SCADA,1,"2019/08/22 02:50:00",PORTWF,133.800003
D,DISPATCH,UNIT_SCADA,1,"2019/08/22 02:50:00",REPULSE,0.000610
D,DISPATCH,UNIT_SCADA,1,"2019/08/22 02:50:00",ROWALLAN,10.3447
D,DISPATCH,UNIT_SCADA,1,"2019/08/22 02:50:00",ROYALLA1,0
D,DISPATCH,UNIT_SCADA,1,"2019/08/22 02:50:00",RPCG,11.90
D,DISPATCH,UNIT_SCADA,1,"2019/08/22 02:50:00",RUBICON,0
D,DISPATCH,UNIT_SCADA,1,"2019/08/22 02:50:00",SATGN1,0
D,DISPATCH,UNIT_SCADA,1,"2019/08/22 02:50:00",SATGS1,0
D,DISPATCH,UNIT_SCADA,1,"2019/08/22 02:50:00",STARHLWF,11.596619
D,DISPATCH,UNIT_SCADA,1,"2019/08/22 02:50:00",WAUBRAWF,173.315994
D,DISPATCH,UNIT_SCADA,1,"2019/08/22 02:50:00",WOOLNTH1,96.400017
D,DISPATCH,UNIT_SCADA,1,"2019/08/22 02:50:00",WPWF,52
D,DISPATCH,UNIT_SCADA,1,"2019/08/22 02:50:00",YAMBUKWF,27.700001
D,DISPATCH,UNIT_SCADA,1,"2019/08/22 02:50:00",YSWF1,28.60
D,DISPATCH,UNIT_SCADA,1,"2019/08/22 02:50:00",AGLHAL,0
D,DISPATCH,UNIT_SCADA,1,"2019/08/22 02:50:00",AGLSOM,0
D,DISPATCH,UNIT_SCADA,1,"2019/08/22 02:50:00",ANGAST1,0
D,DISPATCH,UNIT_SCADA,1,"2019/08/22 02:50:00",ARWF1,223.600010
D,DISPATCH,UNIT_SCADA,1,"2019/08/22 02:50:00",BALBG1,0
D,DISPATCH,UNIT_SCADA,1,"2019/08/22 02:50:00",BALBL1,0
D,DISPATCH,UNIT_SCADA,1,"2019/08/22 02:50:00",BALDHWF1,98.9580
D,DISPATCH,UNIT_SCADA,1,"2019/08/22 02:50:00",BANN1,0
D,DISPATCH,UNIT_SCADA,1,"2019/08/22 02:50:00",BARCALDN,0
D,DISPATCH,UNIT_SCADA,1,"2019/08/22 02:50:00",BARRON-1,0
D,DISPATCH,UNIT_SCADA,1,"2019/08/22 02:50:00",BARRON-2,25.36
D,DISPATCH,UNIT_SCADA,1,"2019/08/22 02:50:00",BASTYAN,78.460010
D,DISPATCH,UNIT_SCADA,1,"2019/08/22 02:50:00",BBTHREE1,-1.89
D,DISPATCH,UNIT_SCADA,1,"2019/08/22 02:50:00",BBTHREE2,-1.94
D,DISPATCH,UNIT_SCADA,1,"2019/08/22 02:50:00",BBTHREE3,-1.02
D,DISPATCH,UNIT_SCADA,1,"2019/08/22 02:50:00",BDL01,0
D,DISPATCH,UNIT_SCADA,1,"2019/08/22 02:50:00",BDL02,0
D,DISPATCH,UNIT_SCADA,1,"2019/08/22 02:50:00",BERYLSF1,0
D,DISPATCH,UNIT_SCADA,1,"2019/08/22 02:50:00",BLOWERNG,0
D,DISPATCH,UNIT_SCADA,1,"2019/08/22 02:50:00",BLUFF1,25.30
D,DISPATCH,UNIT_SCADA,1,"2019/08/22 02:50:00",BNGSF1,0
D,DISPATCH,UNIT_SCADA,1,"2019/08/22 02:50:00",BNGSF2,0
D,DISPATCH,UNIT_SCADA,1,"2019/08/22 02:50:00",BOCORWF1,111.54
D,DISPATCH,UNIT_SCADA,1,"2019/08/22 02:50:00",BODWF1,95.331520
D,DISPATCH,UNIT_SCADA,1,"2019/08/22 02:50:00",BRAEMAR1,0
D,DISPATCH,UNIT_SCADA,1,"2019/08/22 02:50:00",BRAEMAR2,0
D,DISPATCH,UNIT_SCADA,1,"2019/08/22 02:50:00",BRAEMAR3,0
D,DISPATCH,UNIT_SCADA,1,"2019/08/22 02:50:00",BRAEMAR5,0
D,DISPATCH,UNIT_SCADA,1,"2019/08/22 02:50:00",BRAEMAR6,0
D,DISPATCH,UNIT_SCADA,1,"2019/08/22 02:50:00",BRAEMAR7,0
D,DISPATCH,UNIT_SCADA,1,"2019/08/22 02:50:00",BROKENH1,0
D,DISPATCH,UNIT_SCADA,1,"2019/08/22 02:50:00",BW01,348.025020
D,DISPATCH,UNIT_SCADA,1,"2019/08/22 02:50:00",BW02,538.449950
D,DISPATCH,UNIT_SCADA,1,"2019/08/22 02:50:00",BW03,453.050050
D,DISPATCH,UNIT_SCADA,1,"2019/08/22 02:50:00",BW04,0
D,DISPATCH,UNIT_SCADA,1,"2019/08/22 02:50:00",CALL_B_1,348.200010
D,DISPATCH,UNIT_SCADA,1,"2019/08/22 02:50:00",CALL_B_2,299.300020
D,DISPATCH,UNIT_SCADA,1,"2019/08/22 02:50:00",CETHANA,92.616130
D,DISPATCH,UNIT_SCADA,1,"2019/08/22 02:50:00",CG1,0
D,DISPATCH,UNIT_SCADA,1,"2019/08/22 02:50:00",CG2,0
D,DISPATCH,UNIT_SCADA,1,"2019/08/22 02:50:00",CG3,0
D,DISPATCH,UNIT_SCADA,1,"2019/08/22 02:50:00",CG4,0
D,DISPATCH,UNIT_SCADA,1,"2019/08/22 02:50:00",CHILDSF1,0.01
D,DISPATCH,UNIT_SCADA,1,"2019/08/22 02:50:00",CLARESF1,0
D,DISPATCH,UNIT_SCADA,1,"2019/08/22 02:50:00",CLEMGPWF,14.118860
D,DISPATCH,UNIT_SCADA,1,"2019/08/22 02:50:00",CLERMSF1,0
D,DISPATCH,UNIT_SCADA,1,"2019/08/22 02:50:00",COLEASF1,0
D,DISPATCH,UNIT_SCADA,1,"2019/08/22 02:50:00",COOPGWF1,3.1645
D,DISPATCH,UNIT_SCADA,1,"2019/08/22 02:50:00",CPP_3,338.800020
D,DISPATCH,UNIT_SCADA,1,"2019/08/22 02:50:00",CPP_4,337.975010
D,DISPATCH,UNIT_SCADA,1,"2019/08/22 02:50:00",CPSA,142.073750
D,DISPATCH,UNIT_SCADA,1,"2019/08/22 02:50:00",CROOKWF2,23.4950
D,DISPATCH,UNIT_SCADA,1,"2019/08/22 02:50:00",CROWLWF1,49.694720
D,DISPATCH,UNIT_SCADA,1,"2019/08/22 02:50:00",CSPVPS1,0.0430
D,DISPATCH,UNIT_SCADA,1,"2019/08/22 02:50:00",DALNTH01,0
D,DISPATCH,UNIT_SCADA,1,"2019/08/22 02:50:00",DALNTHL1,5.998320
D,DISPATCH,UNIT_SCADA,1,"2019/08/22 02:50:00",DARTM1,0
D,DISPATCH,UNIT_SCADA,1,"2019/08/22 02:50:00",DAYDSF1,0
D,DISPATCH,UNIT_SCADA,1,"2019/08/22 02:50:00",DDPS1,0
D,DISPATCH,UNIT_SCADA,1,"2019/08/22 02:50:00",DDSF1,0
D,DISPATCH,UNIT_SCADA,1,"2019/08/22 02:50:00",DEVILS_G,0
D,DISPATCH,UNIT_SCADA,1,"2019/08/22 02:50:00",DG_NSW1,0
D,DISPATCH,UNIT_SCADA,1,"2019/08/22 02:50:00",DG_QLD1,0
D,DISPATCH,UNIT_SCADA,1,"2019/08/22 02:50:00",DG_SA1,0
D,DISPATCH,UNIT_SCADA,1,"2019/08/22 02:50:00",DG_TAS1,0
D,DISPATCH,UNIT_SCADA,1,"2019/08/22 02:50:00",DG_VIC1,0
D,DISPATCH,UNIT_SCADA,1,"2019/08/22 02:50:00",DRYCGT1,0
D,DISPATCH,UNIT_SCADA,1,"2019/08/22 02:50:00",DRYCGT2,0
D,DISPATCH,UNIT_SCADA,1,"2019/08/22 02:50:00",DRYCGT3,0
D,DISPATCH,UNIT_SCADA,1,"2019/08/22 02:50:00",EILDON1,0
D,DISPATCH,UNIT_SCADA,1,"2019/08/22 02:50:00",EILDON2,0
D,DISPATCH,UNIT_SCADA,1,"2019/08/22 02:50:00",EMERASF1,0
D,DISPATCH,UNIT_SCADA,1,"2019/08/22 02:50:00",ER01,296.199950
D,DISPATCH,UNIT_SCADA,1,"2019/08/22 02:50:00",ER02,362.324950
D,DISPATCH,UNIT_SCADA,1,"2019/08/22 02:50:00",ER03,379.6250
D,DISPATCH,UNIT_SCADA,1,"2019/08/22 02:50:00",ER04,308.075070
D,DISPATCH,UNIT_SCADA,1,"2019/08/22 02:50:00",FINLYSF1,0
D,DISPATCH,UNIT_SCADA,1,"2019/08/22 02:50:00",FISHER,45.85
D,DISPATCH,UNIT_SCADA,1,"2019/08/22 02:50:00",GANNBG1,0
D,DISPATCH,UNIT_SCADA,1,"2019/08/22 02:50:00",GANNBL1,10.009790
D,DISPATCH,UNIT_SCADA,1,"2019/08/22 02:50:00",GANNSF1,0
D,DISPATCH,UNIT_SCADA,1,"2019/08/22 02:50:00",GORDON,13.272560
D,DISPATCH,UNIT_SCADA,1,"2019/08/22 02:50:00",GSTONE1,131.599990
D,DISPATCH,UNIT_SCADA,1,"2019/08/22 02:50:00",GSTONE2,130.3750
D,DISPATCH,UNIT_SCADA,1,"2019/08/22 02:50:00",GSTONE3,131.95
D,DISPATCH,UNIT_SCADA,1,"2019/08/22 02:50:00",GSTONE4,131.4250
D,DISPATCH,UNIT_SCADA,1,"2019/08/22 02:50:00",GSTONE5,133
D,DISPATCH,UNIT_SCADA,1,"2019/08/22 02:50:00",GSTONE6,0
D,DISPATCH,UNIT_SCADA,1,"2019/08/22 02:50:00",GULLRSF1,0
D,DISPATCH,UNIT_SCADA,1,"2019/08/22 02:50:00",GULLRWF1,156.165530
D,DISPATCH,UNIT_SCADA,1,"2019/08/22 02:50:00",GUNNING1,46.3675
D,DISPATCH,UNIT_SCADA,1,"2019/08/22 02:50:00",GUTHEGA,0
D,DISPATCH,UNIT_SCADA,1,"2019/08/22 02:50:00",HALLWF1,59.84
D,DISPATCH,UNIT_SCADA,1,"2019/08/22 02:50:00",HALLWF2,52.40
D,DISPATCH,UNIT_SCADA,1,"2019/08/22 02:50:00",HAMISF1,0
D,DISPATCH,UNIT_SCADA,1,"2019/08/22 02:50:00",HAUGHT11,0
D,DISPATCH,UNIT_SCADA,1,"2019/08/22 02:50:00",HAYMSF1,0
D,DISPATCH,UNIT_SCADA,1,"2019/08/22 02:50:00",HDWF1,41.20
D,DISPATCH,UNIT_SCADA,1,"2019/08/22 02:50:00",HDWF2,29.90
D,DISPATCH,UNIT_SCADA,1,"2019/08/22 02:50:00",HDWF3,35
D,DISPATCH,UNIT_SCADA,1,"2019/08/22 02:50:00",HPRG1,0
D,DISPATCH,UNIT_SCADA,1,"2019/08/22 02:50:00",HPRL1,37.30
D,DISPATCH,UNIT_SCADA,1,"2019/08/22 02:50:00",HUMENSW,0
D,DISPATCH,UNIT_SCADA,1,"2019/08/22 02:50:00",HUMEV,11
D,DISPATCH,UNIT_SCADA,1,"2019/08/22 02:50:00",HVGTS,0
D,DISPATCH,UNIT_SCADA,1,"2019/08/22 02:50:00",JBUTTERS,14.21
D,DISPATCH,UNIT_SCADA,1,"2019/08/22 02:50:00",JLA01,0.50
D,DISPATCH,UNIT_SCADA,1,"2019/08/22 02:50:00",JLA02,0
D,DISPATCH,UNIT_SCADA,1,"2019/08/22 02:50:00",JLA03,0.10
D,DISPATCH,UNIT_SCADA,1,"2019/08/22 02:50:00",JLA04,0.10
D,DISPATCH,UNIT_SCADA,1,"2019/08/22 02:50:00",JLB01,0
D,DISPATCH,UNIT_SCADA,1,"2019/08/22 02:50:00",JLB02,0.10
D,DISPATCH,UNIT_SCADA,1,"2019/08/22 02:50:00",JLB03,0
D,DISPATCH,UNIT_SCADA,1,"2019/08/22 02:50:00",KAREEYA1,21.4625
D,DISPATCH,UNIT_SCADA,1,"2019/08/22 02:50:00",KAREEYA2,21.7375
D,DISPATCH,UNIT_SCADA,1,"2019/08/22 02:50:00",KAREEYA3,0
D,DISPATCH,UNIT_SCADA,1,"2019/08/22 02:50:00",KAREEYA4,21.64
D,DISPATCH,UNIT_SCADA,1,"2019/08/22 02:50:00",KARSF1,0
D,DISPATCH,UNIT_SCADA,1,"2019/08/22 02:50:00",KIATAWF1,31.10
D,DISPATCH,UNIT_SCADA,1,"2019/08/22 02:50:00",KPP_1,0
D,DISPATCH,UNIT_SCADA,1,"2019/08/22 02:50:00",KSP1,0
D,DISPATCH,UNIT_SCADA,1,"2019/08/22 02:50:00",LADBROK1,0
D,DISPATCH,UNIT_SCADA,1,"2019/08/22 02:50:00",LADBROK2,0
D,DISPATCH,UNIT_SCADA,1,"2019/08/22 02:50:00",LD01,347.456180
D,DISPATCH,UNIT_SCADA,1,"2019/08/22 02:50:00",LD02,297.881290
D,DISPATCH,UNIT_SCADA,1,"2019/08/22 02:50:00",LD03,321.712550
D,DISPATCH,UNIT_SCADA,1,"2019/08/22 02:50:00",LD04,351.525050
D,DISPATCH,UNIT_SCADA,1,"2019/08/22 02:50:00",LEM_WIL,85.5802
D,DISPATCH,UNIT_SCADA,1,"2019/08/22 02:50:00",LGAPWF1,18.76
D,DISPATCH,UNIT_SCADA,1,"2019/08/22 02:50:00",LILYSF1,0
D,DISPATCH,UNIT_SCADA,1,"2019/08/22 02:50:00",LI_WY_CA,148.902370
D,DISPATCH,UNIT_SCADA,1,"2019/08/22 02:50:00",LKBONNY2,147.622130
D,DISPATCH,UNIT_SCADA,1,"2019/08/22 02:50:00",LKBONNY3,33.7165
D,DISPATCH,UNIT_SCADA,1,"2019/08/22 02:50:00",LK_ECHO,0
D,DISPATCH,UNIT_SCADA,1,"2019/08/22 02:50:00",LNGS1,0
D,DISPATCH,UNIT_SCADA,1,"2019/08/22 02:50:00",LNGS2,0
D,DISPATCH,UNIT_SCADA,1,"2019/08/22 02:50:00",LONSDALE,0
D,DISPATCH,UNIT_SCADA,1,"2019/08/22 02:50:00",LOYYB1,536.088620
D,DISPATCH,UNIT_SCADA,1,"2019/08/22 02:50:00",LOYYB2,581.954410
D,DISPATCH,UNIT_SCADA,1,"2019/08/22 02:50:00",LYA1,511
D,DISPATCH,UNIT_SCADA,1,"2019/08/22 02:50:00",LYA2,0
D,DISPATCH,UNIT_SCADA,1,"2019/08/22 02:50:00",LYA3,510
D,DISPATCH,UNIT_SCADA,1,"2019/08/22 02:50:00",LYA4,509
D,DISPATCH,UNIT_SCADA,1,"2019/08/22 02:50:00",MACARTH1,323.192540
D,DISPATCH,UNIT_SCADA,1,"2019/08/22 02:50:00",MACKAYGT,0
D,DISPATCH,UNIT_SCADA,1,"2019/08/22 02:50:00",MACKNTSH,84.23
D,DISPATCH,UNIT_SCADA,1,"2019/08/22 02:50:00",MANSLR1,0
D,DISPATCH,UNIT_SCADA,1,"2019/08/22 02:50:00",MCKAY1,0.02
D,DISPATCH,UNIT_SCADA,1,"2019/08/22 02:50:00",MEADOWBK,33.752980
D,DISPATCH,UNIT_SCADA,1,"2019/08/22 02:50:00",MERCER01,124.939990
D,DISPATCH,UNIT_SCADA,1,"2019/08/22 02:50:00",MEWF1,74.723330
D,DISPATCH,UNIT_SCADA,1,"2019/08/22 02:50:00",MINTARO,0
D,DISPATCH,UNIT_SCADA,1,"2019/08/22 02:50:00",MOREESF1,0
D,DISPATCH,UNIT_SCADA,1,"2019/08/22 02:50:00",MORTLK11,0
D,DISPATCH,UNIT_SCADA,1,"2019/08/22 02:50:00",MORTLK12,0
D,DISPATCH,UNIT_SCADA,1,"2019/08/22 02:50:00",MP1,280
D,DISPATCH,UNIT_SCADA,1,"2019/08/22 02:50:00",MP2,0
D,DISPATCH,UNIT_SCADA,1,"2019/08/22 02:50:00",MPP_1,406.50
D,DISPATCH,UNIT_SCADA,1,"2019/08/22 02:50:00",MPP_2,409
D,DISPATCH,UNIT_SCADA,1,"2019/08/22 02:50:00",MSTUART1,0
D,DISPATCH,UNIT_SCADA,1,"2019/08/22 02:50:00",MSTUART2,0
D,DISPATCH,UNIT_SCADA,1,"2019/08/22 02:50:00",MSTUART3,0
D,DISPATCH,UNIT_SCADA,1,"2019/08/22 02:50:00",MTGELWF1,65.012050
D,DISPATCH,UNIT_SCADA,1,"2019/08/22 02:50:00",MURRAY,0
D,DISPATCH,UNIT_SCADA,1,"2019/08/22 02:50:00",MUSSELR1,156.399990
D,DISPATCH,UNIT_SCADA,1,"2019/08/22 02:50:00",MUWAWF1,56.20
D,DISPATCH,UNIT_SCADA,1,"2019/08/22 02:50:00",NBHWF1,73.50
D,DISPATCH,UNIT_SCADA,1,"2019/08/22 02:50:00",NPS,0
D,DISPATCH,UNIT_SCADA,1,"2019/08/22 02:50:00",NUMURSF1,0
D,DISPATCH,UNIT_SCADA,1,"2019/08/22 02:50:00",NYNGAN1,0
D,DISPATCH,UNIT_SCADA,1,"2019/08/22 02:50:00",OAKEY1,0
D,DISPATCH,UNIT_SCADA,1,"2019/08/22 02:50:00",OAKEY1SF,0
D,DISPATCH,UNIT_SCADA,1,"2019/08/22 02:50:00",OAKEY2,0
D,DISPATCH,UNIT_SCADA,1,"2019/08/22 02:50:00",OAKLAND1,62
D,DISPATCH,UNIT_SCADA,1,"2019/08/22 02:50:00",OSB-AG,0
D,DISPATCH,UNIT_SCADA,1,"2019/08/22 02:50:00",PARSF1,0
D,DISPATCH,UNIT_SCADA,1,"2019/08/22 02:50:00",POAT110,0
D,DISPATCH,UNIT_SCADA,1,"2019/08/22 02:50:00",POAT220,4.06
D,DISPATCH,UNIT_SCADA,1,"2019/08/22 02:50:00",POR01,0
D,DISPATCH,UNIT_SCADA,1,"2019/08/22 02:50:00",POR03,0
D,DISPATCH,UNIT_SCADA,1,"2019/08/22 02:50:00",PPCCGT,172.209990
D,DISPATCH,UNIT_SCADA,1,"2019/08/22 02:50:00",PTSTAN1,0
D,DISPATCH,UNIT_SCADA,1,"2019/08/22 02:50:00",PUMP1,0
D,DISPATCH,UNIT_SCADA,1,"2019/08/22 02:50:00",PUMP2,0
D,DISPATCH,UNIT_SCADA,1,"2019/08/22 02:50:00",QPS1,0
D,DISPATCH,UNIT_SCADA,1,"2019/08/22 02:50:00",QPS2,0
D,DISPATCH,UNIT_SCADA,1,"2019/08/22 02:50:00",QPS3,0
D,DISPATCH,UNIT_SCADA,1,"2019/08/22 02:50:00",QPS4,0
D,DISPATCH,UNIT_SCADA,1,"2019/08/22 02:50:00",QPS5,0
D,DISPATCH,UNIT_SCADA,1,"2019/08/22 02:50:00",REECE1,119.010010
D,DISPATCH,UNIT_SCADA,1,"2019/08/22 02:50:00",REECE2,118.410010
D,DISPATCH,UNIT_SCADA,1,"2019/08/22 02:50:00",ROMA_7,0
D,DISPATCH,UNIT_SCADA,1,"2019/08/22 02:50:00",ROMA_8,0
D,DISPATCH,UNIT_SCADA,1,"2019/08/22 02:50:00",RRSF1,0
D,DISPATCH,UNIT_SCADA,1,"2019/08/22 02:50:00",RT_NSW1,0
D,DISPATCH,UNIT_SCADA,1,"2019/08/22 02:50:00",RT_NSW2,0
D,DISPATCH,UNIT_SCADA,1,"2019/08/22 02:50:00",RT_NSW3,0
D,DISPATCH,UNIT_SCADA,1,"2019/08/22 02:50:00",RT_NSW4,0
D,DISPATCH,UNIT_SCADA,1,"2019/08/22 02:50:00",RT_NSW5,0
D,DISPATCH,UNIT_SCADA,1,"2019/08/22 02:50:00",RT_NSW6,0
D,DISPATCH,UNIT_SCADA,1,"2019/08/22 02:50:00",RT_QLD1,0
D,DISPATCH,UNIT_SCADA,1,"2019/08/22 02:50:00",RT_SA1,0
D,DISPATCH,UNIT_SCADA,1,"2019/08/22 02:50:00",RT_SA2,0
D,DISPATCH,UNIT_SCADA,1,"2019/08/22 02:50:00",RT_SA3,0
D,DISPATCH,UNIT_SCADA,1,"2019/08/22 02:50:00",RT_SA4,0
D,DISPATCH,UNIT_SCADA,1,"2019/08/22 02:50:00",RT_SA5,0
D,DISPATCH,UNIT_SCADA,1,"2019/08/22 02:50:00",RT_SA6,0
D,DISPATCH,UNIT_SCADA,1,"2019/08/22 02:50:00",RT_TAS1,0
D,DISPATCH,UNIT_SCADA,1,"2019/08/22 02:50:00",RT_VIC1,0
D,DISPATCH,UNIT_SCADA,1,"2019/08/22 02:50:00",RT_VIC10,0
D,DISPATCH,UNIT_SCADA,1,"2019/08/22 02:50:00",RT_VIC11,0
D,DISPATCH,UNIT_SCADA,1,"2019/08/22 02:50:00",RT_VIC12,0
D,DISPATCH,UNIT_SCADA,1,"2019/08/22 02:50:00",RT_VIC2,0
D,DISPATCH,UNIT_SCADA,1,"2019/08/22 02:50:00",RT_VIC3,0
D,DISPATCH,UNIT_SCADA,1,"2019/08/22 02:50:00",RT_VIC4,0
D,DISPATCH,UNIT_SCADA,1,"2019/08/22 02:50:00",RT_VIC5,0
D,DISPATCH,UNIT_SCADA,1,"2019/08/22 02:50:00",RT_VIC6,0
D,DISPATCH,UNIT_SCADA,1,"2019/08/22 02:50:00",RT_VIC7,0
D,DISPATCH,UNIT_SCADA,1,"2019/08/22 02:50:00",RT_VIC8,0
D,DISPATCH,UNIT_SCADA,1,"2019/08/22 02:50:00",RT_VIC9,0
D,DISPATCH,UNIT_SCADA,1,"2019/08/22 02:50:00",RUGBYR1,0
D,DISPATCH,UNIT_SCADA,1,"2019/08/22 02:50:00",SALTCRK1,52.26
D,DISPATCH,UNIT_SCADA,1,"2019/08/22 02:50:00",SAPHWF1,226.4906
D,DISPATCH,UNIT_SCADA,1,"2019/08/22 02:50:00",SHGEN,0
D,DISPATCH,UNIT_SCADA,1,"2019/08/22 02:50:00",SHPUMP,121.351560
D,DISPATCH,UNIT_SCADA,1,"2019/08/22 02:50:00",SITHE01,0.043330
D,DISPATCH,UNIT_SCADA,1,"2019/08/22 02:50:00",SMCSF1,0
D,DISPATCH,UNIT_SCADA,1,"2019/08/22 02:50:00",SNOWNTH1,67.70
D,DISPATCH,UNIT_SCADA,1,"2019/08/22 02:50:00",SNOWSTH1,46.90
D,DISPATCH,UNIT_SCADA,1,"2019/08/22 02:50:00",SNOWTWN1,37.997430
D,DISPATCH,UNIT_SCADA,1,"2019/08/22 02:50:00",SNOWYP,190.70
D,DISPATCH,UNIT_SCADA,1,"2019/08/22 02:50:00",SNUG1,0.019440
D,DISPATCH,UNIT_SCADA,1,"2019/08/22 02:50:00",SRSF1,0.44
D,DISPATCH,UNIT_SCADA,1,"2019/08/22 02:50:00",STAN-1,0
D,DISPATCH,UNIT_SCADA,1,"2019/08/22 02:50:00",STAN-2,179.808110
D,DISPATCH,UNIT_SCADA,1,"2019/08/22 02:50:00",STAN-3,219.158750
D,DISPATCH,UNIT_SCADA,1,"2019/08/22 02:50:00",STAN-4,192.305450
D,DISPATCH,UNIT_SCADA,1,"2019/08/22 02:50:00",STWF1,187.908750
D,DISPATCH,UNIT_SCADA,1,"2019/08/22 02:50:00",SWAN_E,0
D,DISPATCH,UNIT_SCADA,1,"2019/08/22 02:50:00",TALWA1,190
D,DISPATCH,UNIT_SCADA,1,"2019/08/22 02:50:00",TARALGA1,24.986240
D,DISPATCH,UNIT_SCADA,1,"2019/08/22 02:50:00",TARONG#1,280.100010
D,DISPATCH,UNIT_SCADA,1,"2019/08/22 02:50:00",TARONG#2,230.100010
D,DISPATCH,UNIT_SCADA,1,"2019/08/22 02:50:00",TARONG#3,260.50
D,DISPATCH,UNIT_SCADA,1,"2019/08/22 02:50:00",TARONG#4,280.50
D,DISPATCH,UNIT_SCADA,1,"2019/08/22 02:50:00",TARRALEA,83.600010
D,DISPATCH,UNIT_SCADA,1,"2019/08/22 02:50:00",TBSF1,-0.20
D,DISPATCH,UNIT_SCADA,1,"2019/08/22 02:50:00",TNPS1,399.400020
D,DISPATCH,UNIT_SCADA,1,"2019/08/22 02:50:00",TORRA1,44.407870
D,DISPATCH,UNIT_SCADA,1,"2019/08/22 02:50:00",TORRA2,0
D,DISPATCH,UNIT_SCADA,1,"2019/08/22 02:50:00",TORRA3,0
D,DISPATCH,UNIT_SCADA,1,"2019/08/22 02:50:00",TORRA4,0
D,DISPATCH,UNIT_SCADA,1,"2019/08/22 02:50:00",TORRB1,40.26
D,DISPATCH,UNIT_SCADA,1,"2019/08/22 02:50:00",TORRB2,39.56
D,DISPATCH,UNIT_SCADA,1,"2019/08/22 02:50:00",TORRB3,0
D,DISPATCH,UNIT_SCADA,1,"2019/08/22 02:50:00",TORRB4,0
D,DISPATCH,UNIT_SCADA,1,"2019/08/22 02:50:00",TREVALLN,0.90
D,DISPATCH,UNIT_SCADA,1,"2019/08/22 02:50:00",TRIBUTE,0
D,DISPATCH,UNIT_SCADA,1,"2019/08/22 02:50:00",TUMUT3,0
D,DISPATCH,UNIT_SCADA,1,"2019/08/22 02:50:00",TUNGATIN,9.30
D,DISPATCH,UNIT_SCADA,1,"2019/08/22 02:50:00",TVCC201,0
D,DISPATCH,UNIT_SCADA,1,"2019/08/22 02:50:00",TVPP104,0
D,DISPATCH,UNIT_SCADA,1,"2019/08/22 02:50:00",UPPTUMUT,0
D,DISPATCH,UNIT_SCADA,1,"2019/08/22 02:50:00",URANQ11,0
D,DISPATCH,UNIT_SCADA,1,"2019/08/22 02:50:00",URANQ12,0
D,DISPATCH,UNIT_SCADA,1,"2019/08/22 02:50:00",URANQ13,0
D,DISPATCH,UNIT_SCADA,1,"2019/08/22 02:50:00",URANQ14,0
D,DISPATCH,UNIT_SCADA,1,"2019/08/22 02:50:00",VP5,294.1250
D,DISPATCH,UNIT_SCADA,1,"2019/08/22 02:50:00",VP6,282.975010
D,DISPATCH,UNIT_SCADA,1,"2019/08/22 02:50:00",VPGS1,0
D,DISPATCH,UNIT_SCADA,1,"2019/08/22 02:50:00",VPGS2,0
D,DISPATCH,UNIT_SCADA,1,"2019/08/22 02:50:00",VPGS3,0
D,DISPATCH,UNIT_SCADA,1,"2019/08/22 02:50:00",VPGS4,0
D,DISPATCH,UNIT_SCADA,1,"2019/08/22 02:50:00",VPGS5,0
D,DISPATCH,UNIT_SCADA,1,"2019/08/22 02:50:00",VPGS6,0
D,DISPATCH,UNIT_SCADA,1,"2019/08/22 02:50:00",W/HOE#1,0
D,DISPATCH,UNIT_SCADA,1,"2019/08/22 02:50:00",W/HOE#2,0
D,DISPATCH,UNIT_SCADA,1,"2019/08/22 02:50:00",WATERLWF,109.70
D,DISPATCH,UNIT_SCADA,1,"2019/08/22 02:50:00",WEMENSF1,0
D,DISPATCH,UNIT_SCADA,1,"2019/08/22 02:50:00",WGWF1,77.30
D,DISPATCH,UNIT_SCADA,1,"2019/08/22 02:50:00",WHITSF1,0
D,DISPATCH,UNIT_SCADA,1,"2019/08/22 02:50:00",WKIEWA1,17
D,DISPATCH,UNIT_SCADA,1,"2019/08/22 02:50:00",WKIEWA2,17
D,DISPATCH,UNIT_SCADA,1,"2019/08/22 02:50:00",WOODLWN1,44.819990
D,DISPATCH,UNIT_SCADA,1,"2019/08/22 02:50:00",WRSF1,0
D,DISPATCH,UNIT_SCADA,1,"2019/08/22 02:50:00",WRWF1,150.308760
D,DISPATCH,UNIT_SCADA,1,"2019/08/22 02:50:00",YABULU,0
D,DISPATCH,UNIT_SCADA,1,"2019/08/22 02:50:00",YABULU2,0
D,DISPATCH,UNIT_SCADA,1,"2019/08/22 02:50:00",YARWUN_1,0
D,DISPATCH,UNIT_SCADA,1,"2019/08/22 02:50:00",YENDWF1,41.84
D,DISPATCH,UNIT_SCADA,1,"2019/08/22 02:50:00",YWPS1,377.944310
D,DISPATCH,UNIT_SCADA,1,"2019/08/22 02:50:00",YWPS2,279.6962
D,DISPATCH,UNIT_SCADA,1,"2019/08/22 02:50:00",YWPS3,0
D,DISPATCH,UNIT_SCADA,1,"2019/08/22 02:50:00",YWPS4,393.826570
C,"END OF REPORT",334
