C,NEMP.WORLD,DISPATCHSCADA,AEMO,PUBLIC,2019/09/06,01:40:09,0000000312443493,DISPATCHSCADA,0000000312443487
I,DISPATCH,UNIT_SCADA,1,SETTLEMENTDATE,DUID,SCADAVALUE
D,DISPATCH,UNIT_SCADA,1,"2019/09/06 01:45:00",BARCSF1,0.30
D,DISPATCH,UNIT_SCADA,1,"2019/09/06 01:45:00",BUTLERSG,10.199999
D,DISPATCH,UNIT_SCADA,1,"2019/09/06 01:45:00",CALL_A_4,0
D,DISPATCH,UNIT_SCADA,1,"2019/09/06 01:45:00",CAPTL_WF,17.368004
D,DISPATCH,UNIT_SCADA,1,"2019/09/06 01:45:00",CATHROCK,0
D,DISPATCH,UNIT_SCADA,1,"2019/09/06 01:45:00",CHALLHWF,18.599998
D,DISPATCH,UNIT_SCADA,1,"2019/09/06 01:45:00",CLOVER,-0.01
D,DISPATCH,UNIT_SCADA,1,"2019/09/06 01:45:00",CLUNY,14.216067
D,DISPATCH,UNIT_SCADA,1,"2019/09/06 01:45:00",CNUNDAWF,23.227097
D,DISPATCH,UNIT_SCADA,1,"2019/09/06 01:45:00",CULLRGWF,8.10
D,DISPATCH,UNIT_SCADA,1,"2019/09/06 01:45:00",ERGT01,0
D,DISPATCH,UNIT_SCADA,1,"2019/09/06 01:45:00",GB01,0.002285
D,DISPATCH,UNIT_SCADA,1,"2019/09/06 01:45:00",GERMCRK,36.299999
D,DISPATCH,UNIT_SCADA,1,"2019/09/06 01:45:00",GRIFSF1,0
D,DISPATCH,UNIT_SCADA,1,"2019/09/06 01:45:00",HUGSF1,-0.2330
D,DISPATCH,UNIT_SCADA,1,"2019/09/06 01:45:00",LKBONNY1,45.905014
D,DISPATCH,UNIT_SCADA,1,"2019/09/06 01:45:00",LRSF1,-0.0010
D,DISPATCH,UNIT_SCADA,1,"2019/09/06 01:45:00",MBAHNTH,50.024994
D,DISPATCH,UNIT_SCADA,1,"2019/09/06 01:45:00",MLSP1,0
D,DISPATCH,UNIT_SCADA,1,"2019/09/06 01:45:00",MLWF1,6.30
D,DISPATCH,UNIT_SCADA,1,"2019/09/06 01:45:00",MTMILLAR,56.122372
D,DISPATCH,UNIT_SCADA,1,"2019/09/06 01:45:00",PALOONA,25.92
D,DISPATCH,UNIT_SCADA,1,"2019/09/06 01:45:00",PIONEER,43.700001
D,DISPATCH,UNIT_SCADA,1,"2019/09/06 01:45:00",PORTWF,51
D,DISPATCH,UNIT_SCADA,1,"2019/09/06 01:45:00",REPULSE,32.746471
D,DISPATCH,UNIT_SCADA,1,"2019/09/06 01:45:00",ROWALLAN,10.3802
D,DISPATCH,UNIT_SCADA,1,"2019/09/06 01:45:00",ROYALLA1,0
D,DISPATCH,UNIT_SCADA,1,"2019/09/06 01:45:00",RPCG,9.50
D,DISPATCH,UNIT_SCADA,1,"2019/09/06 01:45:00",RUBICON,0
D,DISPATCH,UNIT_SCADA,1,"2019/09/06 01:45:00",SATGN1,0
D,DISPATCH,UNIT_SCADA,1,"2019/09/06 01:45:00",SATGS1,0
D,DISPATCH,UNIT_SCADA,1,"2019/09/06 01:45:00",STARHLWF,30.591080
D,DISPATCH,UNIT_SCADA,1,"2019/09/06 01:45:00",WAUBRAWF,18.801001
D,DISPATCH,UNIT_SCADA,1,"2019/09/06 01:45:00",WOOLNTH1,128.870026
D,DISPATCH,UNIT_SCADA,1,"2019/09/06 01:45:00",WPWF,84
D,DISPATCH,UNIT_SCADA,1,"2019/09/06 01:45:00",YAMBUKWF,3.30
D,DISPATCH,UNIT_SCADA,1,"2019/09/06 01:45:00",YSWF1,7.60
D,DISPATCH,UNIT_SCADA,1,"2019/09/06 01:45:00",AGLHAL,0
D,DISPATCH,UNIT_SCADA,1,"2019/09/06 01:45:00",AGLSOM,0
D,DISPATCH,UNIT_SCADA,1,"2019/09/06 01:45:00",ANGAST1,0
D,DISPATCH,UNIT_SCADA,1,"2019/09/06 01:45:00",ARWF1,36.30
D,DISPATCH,UNIT_SCADA,1,"2019/09/06 01:45:00",BALBG1,0
D,DISPATCH,UNIT_SCADA,1,"2019/09/06 01:45:00",BALBL1,0
D,DISPATCH,UNIT_SCADA,1,"2019/09/06 01:45:00",BALDHWF1,12.5020
D,DISPATCH,UNIT_SCADA,1,"2019/09/06 01:45:00",BANN1,0
D,DISPATCH,UNIT_SCADA,1,"2019/09/06 01:45:00",BARCALDN,0
D,DISPATCH,UNIT_SCADA,1,"2019/09/06 01:45:00",BARRON-1,0
D,DISPATCH,UNIT_SCADA,1,"2019/09/06 01:45:00",BARRON-2,0
D,DISPATCH,UNIT_SCADA,1,"2019/09/06 01:45:00",BASTYAN,80.220010
D,DISPATCH,UNIT_SCADA,1,"2019/09/06 01:45:00",BBTHREE1,0
D,DISPATCH,UNIT_SCADA,1,"2019/09/06 01:45:00",BBTHREE2,0
D,DISPATCH,UNIT_SCADA,1,"2019/09/06 01:45:00",BBTHREE3,0
D,DISPATCH,UNIT_SCADA,1,"2019/09/06 01:45:00",BDL01,0
D,DISPATCH,UNIT_SCADA,1,"2019/09/06 01:45:00",BDL02,0
D,DISPATCH,UNIT_SCADA,1,"2019/09/06 01:45:00",BERYLSF1,0
D,DISPATCH,UNIT_SCADA,1,"2019/09/06 01:45:00",BLOWERNG,15.30
D,DISPATCH,UNIT_SCADA,1,"2019/09/06 01:45:00",BLUFF1,52.60
D,DISPATCH,UNIT_SCADA,1,"2019/09/06 01:45:00",BNGSF1,0
D,DISPATCH,UNIT_SCADA,1,"2019/09/06 01:45:00",BNGSF2,0
D,DISPATCH,UNIT_SCADA,1,"2019/09/06 01:45:00",BOCORWF1,41.89
D,DISPATCH,UNIT_SCADA,1,"2019/09/06 01:45:00",BODWF1,44.587780
D,DISPATCH,UNIT_SCADA,1,"2019/09/06 01:45:00",BRAEMAR1,0
D,DISPATCH,UNIT_SCADA,1,"2019/09/06 01:45:00",BRAEMAR2,0
D,DISPATCH,UNIT_SCADA,1,"2019/09/06 01:45:00",BRAEMAR3,0
D,DISPATCH,UNIT_SCADA,1,"2019/09/06 01:45:00",BRAEMAR5,0
D,DISPATCH,UNIT_SCADA,1,"2019/09/06 01:45:00",BRAEMAR6,0
D,DISPATCH,UNIT_SCADA,1,"2019/09/06 01:45:00",BRAEMAR7,0
D,DISPATCH,UNIT_SCADA,1,"2019/09/06 01:45:00",BROKENH1,0
D,DISPATCH,UNIT_SCADA,1,"2019/09/06 01:45:00",BW01,636.775020
D,DISPATCH,UNIT_SCADA,1,"2019/09/06 01:45:00",BW02,624.8750
D,DISPATCH,UNIT_SCADA,1,"2019/09/06 01:45:00",BW03,647.75
D,DISPATCH,UNIT_SCADA,1,"2019/09/06 01:45:00",BW04,0
D,DISPATCH,UNIT_SCADA,1,"2019/09/06 01:45:00",CALL_B_1,349
D,DISPATCH,UNIT_SCADA,1,"2019/09/06 01:45:00",CALL_B_2,278.600010
D,DISPATCH,UNIT_SCADA,1,"2019/09/06 01:45:00",CETHANA,17.113750
D,DISPATCH,UNIT_SCADA,1,"2019/09/06 01:45:00",CG1,0
D,DISPATCH,UNIT_SCADA,1,"2019/09/06 01:45:00",CG2,0
D,DISPATCH,UNIT_SCADA,1,"2019/09/06 01:45:00",CG3,0
D,DISPATCH,UNIT_SCADA,1,"2019/09/06 01:45:00",CG4,0
D,DISPATCH,UNIT_SCADA,1,"2019/09/06 01:45:00",CHILDSF1,0
D,DISPATCH,UNIT_SCADA,1,"2019/09/06 01:45:00",CLARESF1,0
D,DISPATCH,UNIT_SCADA,1,"2019/09/06 01:45:00",CLEMGPWF,53.449980
D,DISPATCH,UNIT_SCADA,1,"2019/09/06 01:45:00",CLERMSF1,0
D,DISPATCH,UNIT_SCADA,1,"2019/09/06 01:45:00",COLEASF1,0
D,DISPATCH,UNIT_SCADA,1,"2019/09/06 01:45:00",COOPGWF1,11.831840
D,DISPATCH,UNIT_SCADA,1,"2019/09/06 01:45:00",CPP_3,407.274990
D,DISPATCH,UNIT_SCADA,1,"2019/09/06 01:45:00",CPP_4,406.175020
D,DISPATCH,UNIT_SCADA,1,"2019/09/06 01:45:00",CPSA,143.3075
D,DISPATCH,UNIT_SCADA,1,"2019/09/06 01:45:00",CROOKWF2,75.613750
D,DISPATCH,UNIT_SCADA,1,"2019/09/06 01:45:00",CROWLWF1,26.115070
D,DISPATCH,UNIT_SCADA,1,"2019/09/06 01:45:00",CSPVPS1,0
D,DISPATCH,UNIT_SCADA,1,"2019/09/06 01:45:00",DALNTH01,0
D,DISPATCH,UNIT_SCADA,1,"2019/09/06 01:45:00",DALNTHL1,2.030980
D,DISPATCH,UNIT_SCADA,1,"2019/09/06 01:45:00",DARTM1,0
D,DISPATCH,UNIT_SCADA,1,"2019/09/06 01:45:00",DAYDSF1,0
D,DISPATCH,UNIT_SCADA,1,"2019/09/06 01:45:00",DDPS1,0
D,DISPATCH,UNIT_SCADA,1,"2019/09/06 01:45:00",DDSF1,0
D,DISPATCH,UNIT_SCADA,1,"2019/09/06 01:45:00",DEVILS_G,63.256320
D,DISPATCH,UNIT_SCADA,1,"2019/09/06 01:45:00",DG_NSW1,0
D,DISPATCH,UNIT_SCADA,1,"2019/09/06 01:45:00",DG_QLD1,0
D,DISPATCH,UNIT_SCADA,1,"2019/09/06 01:45:00",DG_SA1,0
D,DISPATCH,UNIT_SCADA,1,"2019/09/06 01:45:00",DG_TAS1,0
D,DISPATCH,UNIT_SCADA,1,"2019/09/06 01:45:00",DG_VIC1,0
D,DISPATCH,UNIT_SCADA,1,"2019/09/06 01:45:00",DRYCGT1,0
D,DISPATCH,UNIT_SCADA,1,"2019/09/06 01:45:00",DRYCGT2,0
D,DISPATCH,UNIT_SCADA,1,"2019/09/06 01:45:00",DRYCGT3,0
D,DISPATCH,UNIT_SCADA,1,"2019/09/06 01:45:00",EILDON1,0
D,DISPATCH,UNIT_SCADA,1,"2019/09/06 01:45:00",EILDON2,0
D,DISPATCH,UNIT_SCADA,1,"2019/09/06 01:45:00",EMERASF1,0
D,DISPATCH,UNIT_SCADA,1,"2019/09/06 01:45:00",ER01,567.949950
D,DISPATCH,UNIT_SCADA,1,"2019/09/06 01:45:00",ER02,675.7749
D,DISPATCH,UNIT_SCADA,1,"2019/09/06 01:45:00",ER03,0
D,DISPATCH,UNIT_SCADA,1,"2019/09/06 01:45:00",ER04,680.325070
D,DISPATCH,UNIT_SCADA,1,"2019/09/06 01:45:00",FINLYSF1,0
D,DISPATCH,UNIT_SCADA,1,"2019/09/06 01:45:00",FISHER,45.80
D,DISPATCH,UNIT_SCADA,1,"2019/09/06 01:45:00",GANNBG1,0
D,DISPATCH,UNIT_SCADA,1,"2019/09/06 01:45:00",GANNBL1,10.008440
D,DISPATCH,UNIT_SCADA,1,"2019/09/06 01:45:00",GANNSF1,0
D,DISPATCH,UNIT_SCADA,1,"2019/09/06 01:45:00",GORDON,20.247920
D,DISPATCH,UNIT_SCADA,1,"2019/09/06 01:45:00",GSTONE1,160.649990
D,DISPATCH,UNIT_SCADA,1,"2019/09/06 01:45:00",GSTONE2,150.3250
D,DISPATCH,UNIT_SCADA,1,"2019/09/06 01:45:00",GSTONE3,0
D,DISPATCH,UNIT_SCADA,1,"2019/09/06 01:45:00",GSTONE4,170.45
D,DISPATCH,UNIT_SCADA,1,"2019/09/06 01:45:00",GSTONE5,159.774990
D,DISPATCH,UNIT_SCADA,1,"2019/09/06 01:45:00",GSTONE6,159.95
D,DISPATCH,UNIT_SCADA,1,"2019/09/06 01:45:00",GULLRSF1,0
D,DISPATCH,UNIT_SCADA,1,"2019/09/06 01:45:00",GULLRWF1,51.905030
D,DISPATCH,UNIT_SCADA,1,"2019/09/06 01:45:00",GUNNING1,8.809430
D,DISPATCH,UNIT_SCADA,1,"2019/09/06 01:45:00",GUTHEGA,0
D,DISPATCH,UNIT_SCADA,1,"2019/09/06 01:45:00",HALLWF1,91.95
D,DISPATCH,UNIT_SCADA,1,"2019/09/06 01:45:00",HALLWF2,26.19
D,DISPATCH,UNIT_SCADA,1,"2019/09/06 01:45:00",HAMISF1,0
D,DISPATCH,UNIT_SCADA,1,"2019/09/06 01:45:00",HAUGHT11,0
D,DISPATCH,UNIT_SCADA,1,"2019/09/06 01:45:00",HAYMSF1,0
D,DISPATCH,UNIT_SCADA,1,"2019/09/06 01:45:00",HDWF1,99.50
D,DISPATCH,UNIT_SCADA,1,"2019/09/06 01:45:00",HDWF2,91.90
D,DISPATCH,UNIT_SCADA,1,"2019/09/06 01:45:00",HDWF3,101.80
D,DISPATCH,UNIT_SCADA,1,"2019/09/06 01:45:00",HPRG1,0.90
D,DISPATCH,UNIT_SCADA,1,"2019/09/06 01:45:00",HPRL1,0
D,DISPATCH,UNIT_SCADA,1,"2019/09/06 01:45:00",HUMENSW,0
D,DISPATCH,UNIT_SCADA,1,"2019/09/06 01:45:00",HUMEV,24.20
D,DISPATCH,UNIT_SCADA,1,"2019/09/06 01:45:00",HVGTS,0
D,DISPATCH,UNIT_SCADA,1,"2019/09/06 01:45:00",JBUTTERS,0
D,DISPATCH,UNIT_SCADA,1,"2019/09/06 01:45:00",JLA01,0.10
D,DISPATCH,UNIT_SCADA,1,"2019/09/06 01:45:00",JLA02,0
D,DISPATCH,UNIT_SCADA,1,"2019/09/06 01:45:00",JLA03,0
D,DISPATCH,UNIT_SCADA,1,"2019/09/06 01:45:00",JLA04,0
D,DISPATCH,UNIT_SCADA,1,"2019/09/06 01:45:00",JLB01,0
D,DISPATCH,UNIT_SCADA,1,"2019/09/06 01:45:00",JLB02,0.10
D,DISPATCH,UNIT_SCADA,1,"2019/09/06 01:45:00",JLB03,0
D,DISPATCH,UNIT_SCADA,1,"2019/09/06 01:45:00",KAREEYA1,21.4925
D,DISPATCH,UNIT_SCADA,1,"2019/09/06 01:45:00",KAREEYA2,21.8825
D,DISPATCH,UNIT_SCADA,1,"2019/09/06 01:45:00",KAREEYA3,0
D,DISPATCH,UNIT_SCADA,1,"2019/09/06 01:45:00",KAREEYA4,21.65
D,DISPATCH,UNIT_SCADA,1,"2019/09/06 01:45:00",KARSF1,0
D,DISPATCH,UNIT_SCADA,1,"2019/09/06 01:45:00",KIATAWF1,17.60
D,DISPATCH,UNIT_SCADA,1,"2019/09/06 01:45:00",KPP_1,0
D,DISPATCH,UNIT_SCADA,1,"2019/09/06 01:45:00",KSP1,0
D,DISPATCH,UNIT_SCADA,1,"2019/09/06 01:45:00",LADBROK1,0
D,DISPATCH,UNIT_SCADA,1,"2019/09/06 01:45:00",LADBROK2,0
D,DISPATCH,UNIT_SCADA,1,"2019/09/06 01:45:00",LD01,346.087460
D,DISPATCH,UNIT_SCADA,1,"2019/09/06 01:45:00",LD02,322.3313
D,DISPATCH,UNIT_SCADA,1,"2019/09/06 01:45:00",LD03,349.668730
D,DISPATCH,UNIT_SCADA,1,"2019/09/06 01:45:00",LD04,337.518770
D,DISPATCH,UNIT_SCADA,1,"2019/09/06 01:45:00",LEM_WIL,85.1515
D,DISPATCH,UNIT_SCADA,1,"2019/09/06 01:45:00",LGAPWF1,34.46
D,DISPATCH,UNIT_SCADA,1,"2019/09/06 01:45:00",LILYSF1,0
D,DISPATCH,UNIT_SCADA,1,"2019/09/06 01:45:00",LI_WY_CA,138.606430
D,DISPATCH,UNIT_SCADA,1,"2019/09/06 01:45:00",LKBONNY2,84.497560
D,DISPATCH,UNIT_SCADA,1,"2019/09/06 01:45:00",LKBONNY3,19.816820
D,DISPATCH,UNIT_SCADA,1,"2019/09/06 01:45:00",LK_ECHO,0
D,DISPATCH,UNIT_SCADA,1,"2019/09/06 01:45:00",LNGS1,0
D,DISPATCH,UNIT_SCADA,1,"2019/09/06 01:45:00",LNGS2,0
D,DISPATCH,UNIT_SCADA,1,"2019/09/06 01:45:00",LONSDALE,0
D,DISPATCH,UNIT_SCADA,1,"2019/09/06 01:45:00",LOYYB1,536.088620
D,DISPATCH,UNIT_SCADA,1,"2019/09/06 01:45:00",LOYYB2,583.458250
D,DISPATCH,UNIT_SCADA,1,"2019/09/06 01:45:00",LYA1,0
D,DISPATCH,UNIT_SCADA,1,"2019/09/06 01:45:00",LYA2,0
D,DISPATCH,UNIT_SCADA,1,"2019/09/06 01:45:00",LYA3,560
D,DISPATCH,UNIT_SCADA,1,"2019/09/06 01:45:00",LYA4,541
D,DISPATCH,UNIT_SCADA,1,"2019/09/06 01:45:00",MACARTH1,53.398770
D,DISPATCH,UNIT_SCADA,1,"2019/09/06 01:45:00",MACKAYGT,0.2240
D,DISPATCH,UNIT_SCADA,1,"2019/09/06 01:45:00",MACKNTSH,88.360010
D,DISPATCH,UNIT_SCADA,1,"2019/09/06 01:45:00",MANSLR1,0
D,DISPATCH,UNIT_SCADA,1,"2019/09/06 01:45:00",MCKAY1,-0.0350
D,DISPATCH,UNIT_SCADA,1,"2019/09/06 01:45:00",MEADOWBK,33.781560
D,DISPATCH,UNIT_SCADA,1,"2019/09/06 01:45:00",MERCER01,0.3040
D,DISPATCH,UNIT_SCADA,1,"2019/09/06 01:45:00",MEWF1,54.665210
D,DISPATCH,UNIT_SCADA,1,"2019/09/06 01:45:00",MINTARO,0
D,DISPATCH,UNIT_SCADA,1,"2019/09/06 01:45:00",MOREESF1,0
D,DISPATCH,UNIT_SCADA,1,"2019/09/06 01:45:00",MORTLK11,223
D,DISPATCH,UNIT_SCADA,1,"2019/09/06 01:45:00",MORTLK12,0
D,DISPATCH,UNIT_SCADA,1,"2019/09/06 01:45:00",MP1,217.724980
D,DISPATCH,UNIT_SCADA,1,"2019/09/06 01:45:00",MP2,0
D,DISPATCH,UNIT_SCADA,1,"2019/09/06 01:45:00",MPP_1,380.75
D,DISPATCH,UNIT_SCADA,1,"2019/09/06 01:45:00",MPP_2,435.25
D,DISPATCH,UNIT_SCADA,1,"2019/09/06 01:45:00",MSTUART1,0
D,DISPATCH,UNIT_SCADA,1,"2019/09/06 01:45:00",MSTUART2,0
D,DISPATCH,UNIT_SCADA,1,"2019/09/06 01:45:00",MSTUART3,0
D,DISPATCH,UNIT_SCADA,1,"2019/09/06 01:45:00",MTGELWF1,15.616320
D,DISPATCH,UNIT_SCADA,1,"2019/09/06 01:45:00",MURRAY,0
D,DISPATCH,UNIT_SCADA,1,"2019/09/06 01:45:00",MUSSELR1,84.50
D,DISPATCH,UNIT_SCADA,1,"2019/09/06 01:45:00",MUWAWF1,74.02
D,DISPATCH,UNIT_SCADA,1,"2019/09/06 01:45:00",NBHWF1,118.40
D,DISPATCH,UNIT_SCADA,1,"2019/09/06 01:45:00",NPS,0
D,DISPATCH,UNIT_SCADA,1,"2019/09/06 01:45:00",NUMURSF1,0
D,DISPATCH,UNIT_SCADA,1,"2019/09/06 01:45:00",NYNGAN1,0
D,DISPATCH,UNIT_SCADA,1,"2019/09/06 01:45:00",OAKEY1,0
D,DISPATCH,UNIT_SCADA,1,"2019/09/06 01:45:00",OAKEY1SF,0
D,DISPATCH,UNIT_SCADA,1,"2019/09/06 01:45:00",OAKEY2,0
D,DISPATCH,UNIT_SCADA,1,"2019/09/06 01:45:00",OAKEY2SF,0
D,DISPATCH,UNIT_SCADA,1,"2019/09/06 01:45:00",OAKLAND1,3.90
D,DISPATCH,UNIT_SCADA,1,"2019/09/06 01:45:00",OSB-AG,0
D,DISPATCH,UNIT_SCADA,1,"2019/09/06 01:45:00",PARSF1,0
D,DISPATCH,UNIT_SCADA,1,"2019/09/06 01:45:00",POAT110,0
D,DISPATCH,UNIT_SCADA,1,"2019/09/06 01:45:00",POAT220,1.35
D,DISPATCH,UNIT_SCADA,1,"2019/09/06 01:45:00",POR01,0
D,DISPATCH,UNIT_SCADA,1,"2019/09/06 01:45:00",POR03,0
D,DISPATCH,UNIT_SCADA,1,"2019/09/06 01:45:00",PPCCGT,176.236620
D,DISPATCH,UNIT_SCADA,1,"2019/09/06 01:45:00",PTSTAN1,0
D,DISPATCH,UNIT_SCADA,1,"2019/09/06 01:45:00",PUMP1,0
D,DISPATCH,UNIT_SCADA,1,"2019/09/06 01:45:00",PUMP2,0
D,DISPATCH,UNIT_SCADA,1,"2019/09/06 01:45:00",QPS1,0
D,DISPATCH,UNIT_SCADA,1,"2019/09/06 01:45:00",QPS2,0
D,DISPATCH,UNIT_SCADA,1,"2019/09/06 01:45:00",QPS3,0
D,DISPATCH,UNIT_SCADA,1,"2019/09/06 01:45:00",QPS4,0
D,DISPATCH,UNIT_SCADA,1,"2019/09/06 01:45:00",QPS5,0
D,DISPATCH,UNIT_SCADA,1,"2019/09/06 01:45:00",REECE1,113.040010
D,DISPATCH,UNIT_SCADA,1,"2019/09/06 01:45:00",REECE2,45.08
D,DISPATCH,UNIT_SCADA,1,"2019/09/06 01:45:00",ROMA_7,0
D,DISPATCH,UNIT_SCADA,1,"2019/09/06 01:45:00",ROMA_8,0
D,DISPATCH,UNIT_SCADA,1,"2019/09/06 01:45:00",RRSF1,0
D,DISPATCH,UNIT_SCADA,1,"2019/09/06 01:45:00",RT_NSW1,0
D,DISPATCH,UNIT_SCADA,1,"2019/09/06 01:45:00",RT_NSW2,0
D,DISPATCH,UNIT_SCADA,1,"2019/09/06 01:45:00",RT_NSW3,0
D,DISPATCH,UNIT_SCADA,1,"2019/09/06 01:45:00",RT_NSW4,0
D,DISPATCH,UNIT_SCADA,1,"2019/09/06 01:45:00",RT_NSW5,0
D,DISPATCH,UNIT_SCADA,1,"2019/09/06 01:45:00",RT_NSW6,0
D,DISPATCH,UNIT_SCADA,1,"2019/09/06 01:45:00",RT_QLD1,0
D,DISPATCH,UNIT_SCADA,1,"2019/09/06 01:45:00",RT_SA1,0
D,DISPATCH,UNIT_SCADA,1,"2019/09/06 01:45:00",RT_SA2,0
D,DISPATCH,UNIT_SCADA,1,"2019/09/06 01:45:00",RT_SA3,0
D,DISPATCH,UNIT_SCADA,1,"2019/09/06 01:45:00",RT_SA4,0
D,DISPATCH,UNIT_SCADA,1,"2019/09/06 01:45:00",RT_SA5,0
D,DISPATCH,UNIT_SCADA,1,"2019/09/06 01:45:00",RT_SA6,0
D,DISPATCH,UNIT_SCADA,1,"2019/09/06 01:45:00",RT_TAS1,0
D,DISPATCH,UNIT_SCADA,1,"2019/09/06 01:45:00",RT_VIC1,0
D,DISPATCH,UNIT_SCADA,1,"2019/09/06 01:45:00",RT_VIC10,0
D,DISPATCH,UNIT_SCADA,1,"2019/09/06 01:45:00",RT_VIC11,0
D,DISPATCH,UNIT_SCADA,1,"2019/09/06 01:45:00",RT_VIC12,0
D,DISPATCH,UNIT_SCADA,1,"2019/09/06 01:45:00",RT_VIC2,0
D,DISPATCH,UNIT_SCADA,1,"2019/09/06 01:45:00",RT_VIC3,0
D,DISPATCH,UNIT_SCADA,1,"2019/09/06 01:45:00",RT_VIC4,0
D,DISPATCH,UNIT_SCADA,1,"2019/09/06 01:45:00",RT_VIC5,0
D,DISPATCH,UNIT_SCADA,1,"2019/09/06 01:45:00",RT_VIC6,0
D,DISPATCH,UNIT_SCADA,1,"2019/09/06 01:45:00",RT_VIC7,0
D,DISPATCH,UNIT_SCADA,1,"2019/09/06 01:45:00",RT_VIC8,0
D,DISPATCH,UNIT_SCADA,1,"2019/09/06 01:45:00",RT_VIC9,0
D,DISPATCH,UNIT_SCADA,1,"2019/09/06 01:45:00",RUGBYR1,0
D,DISPATCH,UNIT_SCADA,1,"2019/09/06 01:45:00",SALTCRK1,4.43
D,DISPATCH,UNIT_SCADA,1,"2019/09/06 01:45:00",SAPHWF1,17.203130
D,DISPATCH,UNIT_SCADA,1,"2019/09/06 01:45:00",SHGEN,0
D,DISPATCH,UNIT_SCADA,1,"2019/09/06 01:45:00",SHPUMP,159.852720
D,DISPATCH,UNIT_SCADA,1,"2019/09/06 01:45:00",SITHE01,0.244290
D,DISPATCH,UNIT_SCADA,1,"2019/09/06 01:45:00",SMCSF1,0
D,DISPATCH,UNIT_SCADA,1,"2019/09/06 01:45:00",SNOWNTH1,134.299990
D,DISPATCH,UNIT_SCADA,1,"2019/09/06 01:45:00",SNOWSTH1,118.70
D,DISPATCH,UNIT_SCADA,1,"2019/09/06 01:45:00",SNOWTWN1,88.7254
D,DISPATCH,UNIT_SCADA,1,"2019/09/06 01:45:00",SNOWYP,0
D,DISPATCH,UNIT_SCADA,1,"2019/09/06 01:45:00",SNUG1,0.019440
D,DISPATCH,UNIT_SCADA,1,"2019/09/06 01:45:00",SRSF1,0.22
D,DISPATCH,UNIT_SCADA,1,"2019/09/06 01:45:00",STAN-1,254.420520
D,DISPATCH,UNIT_SCADA,1,"2019/09/06 01:45:00",STAN-2,251.792860
D,DISPATCH,UNIT_SCADA,1,"2019/09/06 01:45:00",STAN-3,251.754410
D,DISPATCH,UNIT_SCADA,1,"2019/09/06 01:45:00",STAN-4,250.869980
D,DISPATCH,UNIT_SCADA,1,"2019/09/06 01:45:00",STWF1,0
D,DISPATCH,UNIT_SCADA,1,"2019/09/06 01:45:00",SWAN_E,0
D,DISPATCH,UNIT_SCADA,1,"2019/09/06 01:45:00",TALWA1,300
D,DISPATCH,UNIT_SCADA,1,"2019/09/06 01:45:00",TARALGA1,44.025010
D,DISPATCH,UNIT_SCADA,1,"2019/09/06 01:45:00",TARONG#1,277.200010
D,DISPATCH,UNIT_SCADA,1,"2019/09/06 01:45:00",TARONG#2,0
D,DISPATCH,UNIT_SCADA,1,"2019/09/06 01:45:00",TARONG#3,260.100010
D,DISPATCH,UNIT_SCADA,1,"2019/09/06 01:45:00",TARONG#4,275.200010
D,DISPATCH,UNIT_SCADA,1,"2019/09/06 01:45:00",TARRALEA,74
D,DISPATCH,UNIT_SCADA,1,"2019/09/06 01:45:00",TBSF1,-0.30
D,DISPATCH,UNIT_SCADA,1,"2019/09/06 01:45:00",TNPS1,397.600010
D,DISPATCH,UNIT_SCADA,1,"2019/09/06 01:45:00",TORRA1,38.851050
D,DISPATCH,UNIT_SCADA,1,"2019/09/06 01:45:00",TORRA2,0
D,DISPATCH,UNIT_SCADA,1,"2019/09/06 01:45:00",TORRA3,0
D,DISPATCH,UNIT_SCADA,1,"2019/09/06 01:45:00",TORRA4,36.792580
D,DISPATCH,UNIT_SCADA,1,"2019/09/06 01:45:00",TORRB1,57.87
D,DISPATCH,UNIT_SCADA,1,"2019/09/06 01:45:00",TORRB2,58.61
D,DISPATCH,UNIT_SCADA,1,"2019/09/06 01:45:00",TORRB3,57.99
D,DISPATCH,UNIT_SCADA,1,"2019/09/06 01:45:00",TORRB4,0
D,DISPATCH,UNIT_SCADA,1,"2019/09/06 01:45:00",TREVALLN,27.780030
D,DISPATCH,UNIT_SCADA,1,"2019/09/06 01:45:00",TRIBUTE,0
D,DISPATCH,UNIT_SCADA,1,"2019/09/06 01:45:00",TUMUT3,0
D,DISPATCH,UNIT_SCADA,1,"2019/09/06 01:45:00",TUNGATIN,2.50
D,DISPATCH,UNIT_SCADA,1,"2019/09/06 01:45:00",TVCC201,0
D,DISPATCH,UNIT_SCADA,1,"2019/09/06 01:45:00",TVPP104,0
D,DISPATCH,UNIT_SCADA,1,"2019/09/06 01:45:00",UPPTUMUT,41.8421
D,DISPATCH,UNIT_SCADA,1,"2019/09/06 01:45:00",URANQ11,0
D,DISPATCH,UNIT_SCADA,1,"2019/09/06 01:45:00",URANQ12,0
D,DISPATCH,UNIT_SCADA,1,"2019/09/06 01:45:00",URANQ13,0
D,DISPATCH,UNIT_SCADA,1,"2019/09/06 01:45:00",URANQ14,0
D,DISPATCH,UNIT_SCADA,1,"2019/09/06 01:45:00",VP5,447.800020
D,DISPATCH,UNIT_SCADA,1,"2019/09/06 01:45:00",VP6,0
D,DISPATCH,UNIT_SCADA,1,"2019/09/06 01:45:00",VPGS1,0
D,DISPATCH,UNIT_SCADA,1,"2019/09/06 01:45:00",VPGS2,0
D,DISPATCH,UNIT_SCADA,1,"2019/09/06 01:45:00",VPGS3,0
D,DISPATCH,UNIT_SCADA,1,"2019/09/06 01:45:00",VPGS4,0
D,DISPATCH,UNIT_SCADA,1,"2019/09/06 01:45:00",VPGS5,0
D,DISPATCH,UNIT_SCADA,1,"2019/09/06 01:45:00",VPGS6,0
D,DISPATCH,UNIT_SCADA,1,"2019/09/06 01:45:00",W/HOE#1,0
D,DISPATCH,UNIT_SCADA,1,"2019/09/06 01:45:00",W/HOE#2,0
D,DISPATCH,UNIT_SCADA,1,"2019/09/06 01:45:00",WATERLWF,110.90
D,DISPATCH,UNIT_SCADA,1,"2019/09/06 01:45:00",WEMENSF1,0
D,DISPATCH,UNIT_SCADA,1,"2019/09/06 01:45:00",WGWF1,110.50
D,DISPATCH,UNIT_SCADA,1,"2019/09/06 01:45:00",WHITSF1,0
D,DISPATCH,UNIT_SCADA,1,"2019/09/06 01:45:00",WKIEWA1,0
D,DISPATCH,UNIT_SCADA,1,"2019/09/06 01:45:00",WKIEWA2,0.10
D,DISPATCH,UNIT_SCADA,1,"2019/09/06 01:45:00",WOODLWN1,13.0950
D,DISPATCH,UNIT_SCADA,1,"2019/09/06 01:45:00",WRSF1,0
D,DISPATCH,UNIT_SCADA,1,"2019/09/06 01:45:00",WRWF1,14.478750
D,DISPATCH,UNIT_SCADA,1,"2019/09/06 01:45:00",YABULU,0
D,DISPATCH,UNIT_SCADA,1,"2019/09/06 01:45:00",YABULU2,0
D,DISPATCH,UNIT_SCADA,1,"2019/09/06 01:45:00",YARWUN_1,165.91
D,DISPATCH,UNIT_SCADA,1,"2019/09/06 01:45:00",YENDWF1,23.60
D,DISPATCH,UNIT_SCADA,1,"2019/09/06 01:45:00",YWPS1,375.437990
D,DISPATCH,UNIT_SCADA,1,"2019/09/06 01:45:00",YWPS2,277.691130
D,DISPATCH,UNIT_SCADA,1,"2019/09/06 01:45:00",YWPS3,325.797450
D,DISPATCH,UNIT_SCADA,1,"2019/09/06 01:45:00",YWPS4,398.343050
C,"END OF REPORT",335
