C,NEMP.WORLD,DISPATCHSCADA,AEMO,PUBLIC,2019/09/04,17:50:08,0000000312391587,DISPATCHSCADA,0000000312391581
I,DISPATCH,UNIT_SCADA,1,SETTLEMENTDATE,DUID,SCADAVALUE
D,DISPATCH,UNIT_SCADA,1,"2019/09/04 17:55:00",BARCSF1,0.80
D,DISPATCH,UNIT_SCADA,1,"2019/09/04 17:55:00",BUTLERSG,10.199999
D,DISPATCH,UNIT_SCADA,1,"2019/09/04 17:55:00",CALL_A_4,0
D,DISPATCH,UNIT_SCADA,1,"2019/09/04 17:55:00",CAPTL_WF,20.639999
D,DISPATCH,UNIT_SCADA,1,"2019/09/04 17:55:00",CATHROCK,0
D,DISPATCH,UNIT_SCADA,1,"2019/09/04 17:55:00",CHALLHWF,3.60
D,DISPATCH,UNIT_SCADA,1,"2019/09/04 17:55:00",CLOVER,-0.01
D,DISPATCH,UNIT_SCADA,1,"2019/09/04 17:55:00",CLUNY,12.168002
D,DISPATCH,UNIT_SCADA,1,"2019/09/04 17:55:00",CNUNDAWF,0.400467
D,DISPATCH,UNIT_SCADA,1,"2019/09/04 17:55:00",CULLRGWF,20.809999
D,DISPATCH,UNIT_SCADA,1,"2019/09/04 17:55:00",ERGT01,0
D,DISPATCH,UNIT_SCADA,1,"2019/09/04 17:55:00",GB01,0.012703
D,DISPATCH,UNIT_SCADA,1,"2019/09/04 17:55:00",GERMCRK,36.900002
D,DISPATCH,UNIT_SCADA,1,"2019/09/04 17:55:00",GRIFSF1,0.199997
D,DISPATCH,UNIT_SCADA,1,"2019/09/04 17:55:00",HUGSF1,0.5740
D,DISPATCH,UNIT_SCADA,1,"2019/09/04 17:55:00",LKBONNY1,-0.449338
D,DISPATCH,UNIT_SCADA,1,"2019/09/04 17:55:00",LRSF1,0.3890
D,DISPATCH,UNIT_SCADA,1,"2019/09/04 17:55:00",MBAHNTH,26.999992
D,DISPATCH,UNIT_SCADA,1,"2019/09/04 17:55:00",MLSP1,0.366001
D,DISPATCH,UNIT_SCADA,1,"2019/09/04 17:55:00",MLWF1,0.2850
D,DISPATCH,UNIT_SCADA,1,"2019/09/04 17:55:00",MTMILLAR,0.089296
D,DISPATCH,UNIT_SCADA,1,"2019/09/04 17:55:00",PALOONA,24.209999
D,DISPATCH,UNIT_SCADA,1,"2019/09/04 17:55:00",PIONEER,43.799999
D,DISPATCH,UNIT_SCADA,1,"2019/09/04 17:55:00",PORTWF,0
D,DISPATCH,UNIT_SCADA,1,"2019/09/04 17:55:00",REPULSE,20.274357
D,DISPATCH,UNIT_SCADA,1,"2019/09/04 17:55:00",ROWALLAN,10.3234
D,DISPATCH,UNIT_SCADA,1,"2019/09/04 17:55:00",ROYALLA1,0
D,DISPATCH,UNIT_SCADA,1,"2019/09/04 17:55:00",RPCG,-1.80
D,DISPATCH,UNIT_SCADA,1,"2019/09/04 17:55:00",RUBICON,0
D,DISPATCH,UNIT_SCADA,1,"2019/09/04 17:55:00",SATGN1,0
D,DISPATCH,UNIT_SCADA,1,"2019/09/04 17:55:00",SATGS1,30.290001
D,DISPATCH,UNIT_SCADA,1,"2019/09/04 17:55:00",STARHLWF,-0.099971
D,DISPATCH,UNIT_SCADA,1,"2019/09/04 17:55:00",WAUBRAWF,15.7270
D,DISPATCH,UNIT_SCADA,1,"2019/09/04 17:55:00",WOOLNTH1,52.420017
D,DISPATCH,UNIT_SCADA,1,"2019/09/04 17:55:00",WPWF,0
D,DISPATCH,UNIT_SCADA,1,"2019/09/04 17:55:00",YAMBUKWF,0.20
D,DISPATCH,UNIT_SCADA,1,"2019/09/04 17:55:00",YSWF1,0.90
D,DISPATCH,UNIT_SCADA,1,"2019/09/04 17:55:00",AGLHAL,0
D,DISPATCH,UNIT_SCADA,1,"2019/09/04 17:55:00",AGLSOM,118.100010
D,DISPATCH,UNIT_SCADA,1,"2019/09/04 17:55:00",ANGAST1,0
D,DISPATCH,UNIT_SCADA,1,"2019/09/04 17:55:00",ARWF1,20.10
D,DISPATCH,UNIT_SCADA,1,"2019/09/04 17:55:00",BALBG1,12.62
D,DISPATCH,UNIT_SCADA,1,"2019/09/04 17:55:00",BALBL1,0
D,DISPATCH,UNIT_SCADA,1,"2019/09/04 17:55:00",BALDHWF1,14.8060
D,DISPATCH,UNIT_SCADA,1,"2019/09/04 17:55:00",BANN1,1.52
D,DISPATCH,UNIT_SCADA,1,"2019/09/04 17:55:00",BARCALDN,0
D,DISPATCH,UNIT_SCADA,1,"2019/09/04 17:55:00",BARRON-1,33.28
D,DISPATCH,UNIT_SCADA,1,"2019/09/04 17:55:00",BARRON-2,0
D,DISPATCH,UNIT_SCADA,1,"2019/09/04 17:55:00",BASTYAN,80.37
D,DISPATCH,UNIT_SCADA,1,"2019/09/04 17:55:00",BBTHREE1,0
D,DISPATCH,UNIT_SCADA,1,"2019/09/04 17:55:00",BBTHREE2,0
D,DISPATCH,UNIT_SCADA,1,"2019/09/04 17:55:00",BBTHREE3,0
D,DISPATCH,UNIT_SCADA,1,"2019/09/04 17:55:00",BDL01,43.44
D,DISPATCH,UNIT_SCADA,1,"2019/09/04 17:55:00",BDL02,43.80
D,DISPATCH,UNIT_SCADA,1,"2019/09/04 17:55:00",BERYLSF1,0
D,DISPATCH,UNIT_SCADA,1,"2019/09/04 17:55:00",BLOWERNG,11.10
D,DISPATCH,UNIT_SCADA,1,"2019/09/04 17:55:00",BLUFF1,2.70
D,DISPATCH,UNIT_SCADA,1,"2019/09/04 17:55:00",BNGSF1,9.78
D,DISPATCH,UNIT_SCADA,1,"2019/09/04 17:55:00",BNGSF2,2.71
D,DISPATCH,UNIT_SCADA,1,"2019/09/04 17:55:00",BOCORWF1,40.92
D,DISPATCH,UNIT_SCADA,1,"2019/09/04 17:55:00",BODWF1,77.791770
D,DISPATCH,UNIT_SCADA,1,"2019/09/04 17:55:00",BRAEMAR1,156.600010
D,DISPATCH,UNIT_SCADA,1,"2019/09/04 17:55:00",BRAEMAR2,0
D,DISPATCH,UNIT_SCADA,1,"2019/09/04 17:55:00",BRAEMAR3,172.400010
D,DISPATCH,UNIT_SCADA,1,"2019/09/04 17:55:00",BRAEMAR5,159.967760
D,DISPATCH,UNIT_SCADA,1,"2019/09/04 17:55:00",BRAEMAR6,0
D,DISPATCH,UNIT_SCADA,1,"2019/09/04 17:55:00",BRAEMAR7,0
D,DISPATCH,UNIT_SCADA,1,"2019/09/04 17:55:00",BROKENH1,4.096190
D,DISPATCH,UNIT_SCADA,1,"2019/09/04 17:55:00",BW01,659.675050
D,DISPATCH,UNIT_SCADA,1,"2019/09/04 17:55:00",BW02,647.900020
D,DISPATCH,UNIT_SCADA,1,"2019/09/04 17:55:00",BW03,619.650020
D,DISPATCH,UNIT_SCADA,1,"2019/09/04 17:55:00",BW04,0
D,DISPATCH,UNIT_SCADA,1,"2019/09/04 17:55:00",CALL_B_1,159.900010
D,DISPATCH,UNIT_SCADA,1,"2019/09/04 17:55:00",CALL_B_2,160.20
D,DISPATCH,UNIT_SCADA,1,"2019/09/04 17:55:00",CETHANA,80.042370
D,DISPATCH,UNIT_SCADA,1,"2019/09/04 17:55:00",CG1,0
D,DISPATCH,UNIT_SCADA,1,"2019/09/04 17:55:00",CG2,0
D,DISPATCH,UNIT_SCADA,1,"2019/09/04 17:55:00",CG3,0
D,DISPATCH,UNIT_SCADA,1,"2019/09/04 17:55:00",CG4,0
D,DISPATCH,UNIT_SCADA,1,"2019/09/04 17:55:00",CHILDSF1,0
D,DISPATCH,UNIT_SCADA,1,"2019/09/04 17:55:00",CLARESF1,0
D,DISPATCH,UNIT_SCADA,1,"2019/09/04 17:55:00",CLEMGPWF,3.025470
D,DISPATCH,UNIT_SCADA,1,"2019/09/04 17:55:00",CLERMSF1,1.20
D,DISPATCH,UNIT_SCADA,1,"2019/09/04 17:55:00",COLEASF1,0
D,DISPATCH,UNIT_SCADA,1,"2019/09/04 17:55:00",COOPGWF1,25.709560
D,DISPATCH,UNIT_SCADA,1,"2019/09/04 17:55:00",CPP_3,405.075010
D,DISPATCH,UNIT_SCADA,1,"2019/09/04 17:55:00",CPP_4,231.275010
D,DISPATCH,UNIT_SCADA,1,"2019/09/04 17:55:00",CPSA,141.1925
D,DISPATCH,UNIT_SCADA,1,"2019/09/04 17:55:00",CROOKWF2,73.693760
D,DISPATCH,UNIT_SCADA,1,"2019/09/04 17:55:00",CROWLWF1,13.536770
D,DISPATCH,UNIT_SCADA,1,"2019/09/04 17:55:00",CSPVPS1,0.5760
D,DISPATCH,UNIT_SCADA,1,"2019/09/04 17:55:00",DALNTH01,0
D,DISPATCH,UNIT_SCADA,1,"2019/09/04 17:55:00",DALNTHL1,0.187690
D,DISPATCH,UNIT_SCADA,1,"2019/09/04 17:55:00",DARTM1,133.600010
D,DISPATCH,UNIT_SCADA,1,"2019/09/04 17:55:00",DAYDSF1,3.8740
D,DISPATCH,UNIT_SCADA,1,"2019/09/04 17:55:00",DDPS1,393.845280
D,DISPATCH,UNIT_SCADA,1,"2019/09/04 17:55:00",DDSF1,0
D,DISPATCH,UNIT_SCADA,1,"2019/09/04 17:55:00",DEVILS_G,55.941650
D,DISPATCH,UNIT_SCADA,1,"2019/09/04 17:55:00",DG_NSW1,0
D,DISPATCH,UNIT_SCADA,1,"2019/09/04 17:55:00",DG_QLD1,0
D,DISPATCH,UNIT_SCADA,1,"2019/09/04 17:55:00",DG_SA1,0
D,DISPATCH,UNIT_SCADA,1,"2019/09/04 17:55:00",DG_TAS1,0
D,DISPATCH,UNIT_SCADA,1,"2019/09/04 17:55:00",DG_VIC1,0
D,DISPATCH,UNIT_SCADA,1,"2019/09/04 17:55:00",DRYCGT1,0
D,DISPATCH,UNIT_SCADA,1,"2019/09/04 17:55:00",DRYCGT2,0
D,DISPATCH,UNIT_SCADA,1,"2019/09/04 17:55:00",DRYCGT3,0
D,DISPATCH,UNIT_SCADA,1,"2019/09/04 17:55:00",EILDON1,0
D,DISPATCH,UNIT_SCADA,1,"2019/09/04 17:55:00",EILDON2,0
D,DISPATCH,UNIT_SCADA,1,"2019/09/04 17:55:00",EMERASF1,0.41
D,DISPATCH,UNIT_SCADA,1,"2019/09/04 17:55:00",ER01,590.050050
D,DISPATCH,UNIT_SCADA,1,"2019/09/04 17:55:00",ER02,694.400020
D,DISPATCH,UNIT_SCADA,1,"2019/09/04 17:55:00",ER03,0
D,DISPATCH,UNIT_SCADA,1,"2019/09/04 17:55:00",ER04,695.075070
D,DISPATCH,UNIT_SCADA,1,"2019/09/04 17:55:00",FINLYSF1,0
D,DISPATCH,UNIT_SCADA,1,"2019/09/04 17:55:00",FISHER,45.81
D,DISPATCH,UNIT_SCADA,1,"2019/09/04 17:55:00",GANNBG1,10.730220
D,DISPATCH,UNIT_SCADA,1,"2019/09/04 17:55:00",GANNBL1,0
D,DISPATCH,UNIT_SCADA,1,"2019/09/04 17:55:00",GANNSF1,0.20
D,DISPATCH,UNIT_SCADA,1,"2019/09/04 17:55:00",GORDON,32.357920
D,DISPATCH,UNIT_SCADA,1,"2019/09/04 17:55:00",GSTONE1,245.1750
D,DISPATCH,UNIT_SCADA,1,"2019/09/04 17:55:00",GSTONE2,229.4250
D,DISPATCH,UNIT_SCADA,1,"2019/09/04 17:55:00",GSTONE3,0
D,DISPATCH,UNIT_SCADA,1,"2019/09/04 17:55:00",GSTONE4,272.649990
D,DISPATCH,UNIT_SCADA,1,"2019/09/04 17:55:00",GSTONE5,244.474990
D,DISPATCH,UNIT_SCADA,1,"2019/09/04 17:55:00",GSTONE6,242.899990
D,DISPATCH,UNIT_SCADA,1,"2019/09/04 17:55:00",GULLRSF1,0
D,DISPATCH,UNIT_SCADA,1,"2019/09/04 17:55:00",GULLRWF1,78.087920
D,DISPATCH,UNIT_SCADA,1,"2019/09/04 17:55:00",GUNNING1,14.402590
D,DISPATCH,UNIT_SCADA,1,"2019/09/04 17:55:00",GUTHEGA,30.90
D,DISPATCH,UNIT_SCADA,1,"2019/09/04 17:55:00",HALLWF1,5.87
D,DISPATCH,UNIT_SCADA,1,"2019/09/04 17:55:00",HALLWF2,12.57
D,DISPATCH,UNIT_SCADA,1,"2019/09/04 17:55:00",HAMISF1,0
D,DISPATCH,UNIT_SCADA,1,"2019/09/04 17:55:00",HAUGHT11,2.455550
D,DISPATCH,UNIT_SCADA,1,"2019/09/04 17:55:00",HAYMSF1,0
D,DISPATCH,UNIT_SCADA,1,"2019/09/04 17:55:00",HDWF1,8.90
D,DISPATCH,UNIT_SCADA,1,"2019/09/04 17:55:00",HDWF2,10.10
D,DISPATCH,UNIT_SCADA,1,"2019/09/04 17:55:00",HDWF3,9.50
D,DISPATCH,UNIT_SCADA,1,"2019/09/04 17:55:00",HPRG1,14.90
D,DISPATCH,UNIT_SCADA,1,"2019/09/04 17:55:00",HPRL1,0
D,DISPATCH,UNIT_SCADA,1,"2019/09/04 17:55:00",HUMENSW,0
D,DISPATCH,UNIT_SCADA,1,"2019/09/04 17:55:00",HUMEV,25.20
D,DISPATCH,UNIT_SCADA,1,"2019/09/04 17:55:00",HVGTS,0
D,DISPATCH,UNIT_SCADA,1,"2019/09/04 17:55:00",JBUTTERS,111.88
D,DISPATCH,UNIT_SCADA,1,"2019/09/04 17:55:00",JLA01,51.90
D,DISPATCH,UNIT_SCADA,1,"2019/09/04 17:55:00",JLA02,53.80
D,DISPATCH,UNIT_SCADA,1,"2019/09/04 17:55:00",JLA03,0
D,DISPATCH,UNIT_SCADA,1,"2019/09/04 17:55:00",JLA04,0
D,DISPATCH,UNIT_SCADA,1,"2019/09/04 17:55:00",JLB01,0
D,DISPATCH,UNIT_SCADA,1,"2019/09/04 17:55:00",JLB02,83.80
D,DISPATCH,UNIT_SCADA,1,"2019/09/04 17:55:00",JLB03,83.60
D,DISPATCH,UNIT_SCADA,1,"2019/09/04 17:55:00",KAREEYA1,21.51
D,DISPATCH,UNIT_SCADA,1,"2019/09/04 17:55:00",KAREEYA2,21.6950
D,DISPATCH,UNIT_SCADA,1,"2019/09/04 17:55:00",KAREEYA3,0
D,DISPATCH,UNIT_SCADA,1,"2019/09/04 17:55:00",KAREEYA4,21.6775
D,DISPATCH,UNIT_SCADA,1,"2019/09/04 17:55:00",KARSF1,3.20
D,DISPATCH,UNIT_SCADA,1,"2019/09/04 17:55:00",KIATAWF1,1.10
D,DISPATCH,UNIT_SCADA,1,"2019/09/04 17:55:00",KPP_1,0
D,DISPATCH,UNIT_SCADA,1,"2019/09/04 17:55:00",KSP1,7.04
D,DISPATCH,UNIT_SCADA,1,"2019/09/04 17:55:00",LADBROK1,40.97
D,DISPATCH,UNIT_SCADA,1,"2019/09/04 17:55:00",LADBROK2,41.61
D,DISPATCH,UNIT_SCADA,1,"2019/09/04 17:55:00",LD01,417.431210
D,DISPATCH,UNIT_SCADA,1,"2019/09/04 17:55:00",LD02,398.137480
D,DISPATCH,UNIT_SCADA,1,"2019/09/04 17:55:00",LD03,418.649930
D,DISPATCH,UNIT_SCADA,1,"2019/09/04 17:55:00",LD04,377.231230
D,DISPATCH,UNIT_SCADA,1,"2019/09/04 17:55:00",LEM_WIL,85.2944
D,DISPATCH,UNIT_SCADA,1,"2019/09/04 17:55:00",LGAPWF1,27.73
D,DISPATCH,UNIT_SCADA,1,"2019/09/04 17:55:00",LILYSF1,0
D,DISPATCH,UNIT_SCADA,1,"2019/09/04 17:55:00",LI_WY_CA,120.984070
D,DISPATCH,UNIT_SCADA,1,"2019/09/04 17:55:00",LKBONNY2,-1.160150
D,DISPATCH,UNIT_SCADA,1,"2019/09/04 17:55:00",LKBONNY3,-0.225030
D,DISPATCH,UNIT_SCADA,1,"2019/09/04 17:55:00",LK_ECHO,0
D,DISPATCH,UNIT_SCADA,1,"2019/09/04 17:55:00",LNGS1,0
D,DISPATCH,UNIT_SCADA,1,"2019/09/04 17:55:00",LNGS2,0
D,DISPATCH,UNIT_SCADA,1,"2019/09/04 17:55:00",LONSDALE,0
D,DISPATCH,UNIT_SCADA,1,"2019/09/04 17:55:00",LOYYB1,522.178470
D,DISPATCH,UNIT_SCADA,1,"2019/09/04 17:55:00",LOYYB2,582.330380
D,DISPATCH,UNIT_SCADA,1,"2019/09/04 17:55:00",LYA1,0
D,DISPATCH,UNIT_SCADA,1,"2019/09/04 17:55:00",LYA2,0
D,DISPATCH,UNIT_SCADA,1,"2019/09/04 17:55:00",LYA3,560
D,DISPATCH,UNIT_SCADA,1,"2019/09/04 17:55:00",LYA4,541
D,DISPATCH,UNIT_SCADA,1,"2019/09/04 17:55:00",MACARTH1,0
D,DISPATCH,UNIT_SCADA,1,"2019/09/04 17:55:00",MACKAYGT,0.2240
D,DISPATCH,UNIT_SCADA,1,"2019/09/04 17:55:00",MACKNTSH,88.73
D,DISPATCH,UNIT_SCADA,1,"2019/09/04 17:55:00",MANSLR1,0
D,DISPATCH,UNIT_SCADA,1,"2019/09/04 17:55:00",MCKAY1,171.664990
D,DISPATCH,UNIT_SCADA,1,"2019/09/04 17:55:00",MEADOWBK,24.921760
D,DISPATCH,UNIT_SCADA,1,"2019/09/04 17:55:00",MERCER01,12.3280
D,DISPATCH,UNIT_SCADA,1,"2019/09/04 17:55:00",MEWF1,19.166210
D,DISPATCH,UNIT_SCADA,1,"2019/09/04 17:55:00",MINTARO,0
D,DISPATCH,UNIT_SCADA,1,"2019/09/04 17:55:00",MOREESF1,0
D,DISPATCH,UNIT_SCADA,1,"2019/09/04 17:55:00",MORTLK11,260
D,DISPATCH,UNIT_SCADA,1,"2019/09/04 17:55:00",MORTLK12,0
D,DISPATCH,UNIT_SCADA,1,"2019/09/04 17:55:00",MP1,227.1250
D,DISPATCH,UNIT_SCADA,1,"2019/09/04 17:55:00",MP2,0
D,DISPATCH,UNIT_SCADA,1,"2019/09/04 17:55:00",MPP_1,423.75
D,DISPATCH,UNIT_SCADA,1,"2019/09/04 17:55:00",MPP_2,414.50
D,DISPATCH,UNIT_SCADA,1,"2019/09/04 17:55:00",MSTUART1,0
D,DISPATCH,UNIT_SCADA,1,"2019/09/04 17:55:00",MSTUART2,0
D,DISPATCH,UNIT_SCADA,1,"2019/09/04 17:55:00",MSTUART3,0
D,DISPATCH,UNIT_SCADA,1,"2019/09/04 17:55:00",MTGELWF1,-0.280770
D,DISPATCH,UNIT_SCADA,1,"2019/09/04 17:55:00",MURRAY,479.661560
D,DISPATCH,UNIT_SCADA,1,"2019/09/04 17:55:00",MUSSELR1,165.899990
D,DISPATCH,UNIT_SCADA,1,"2019/09/04 17:55:00",MUWAWF1,5.61
D,DISPATCH,UNIT_SCADA,1,"2019/09/04 17:55:00",NBHWF1,14
D,DISPATCH,UNIT_SCADA,1,"2019/09/04 17:55:00",NPS,302.25
D,DISPATCH,UNIT_SCADA,1,"2019/09/04 17:55:00",NUMURSF1,0
D,DISPATCH,UNIT_SCADA,1,"2019/09/04 17:55:00",NYNGAN1,0.25
D,DISPATCH,UNIT_SCADA,1,"2019/09/04 17:55:00",OAKEY1,0
D,DISPATCH,UNIT_SCADA,1,"2019/09/04 17:55:00",OAKEY1SF,0.03
D,DISPATCH,UNIT_SCADA,1,"2019/09/04 17:55:00",OAKEY2,0
D,DISPATCH,UNIT_SCADA,1,"2019/09/04 17:55:00",OAKEY2SF,0
D,DISPATCH,UNIT_SCADA,1,"2019/09/04 17:55:00",OAKLAND1,5.10
D,DISPATCH,UNIT_SCADA,1,"2019/09/04 17:55:00",OSB-AG,177.350010
D,DISPATCH,UNIT_SCADA,1,"2019/09/04 17:55:00",PARSF1,0.20
D,DISPATCH,UNIT_SCADA,1,"2019/09/04 17:55:00",POAT110,0
D,DISPATCH,UNIT_SCADA,1,"2019/09/04 17:55:00",POAT220,0
D,DISPATCH,UNIT_SCADA,1,"2019/09/04 17:55:00",POR01,0
D,DISPATCH,UNIT_SCADA,1,"2019/09/04 17:55:00",POR03,0
D,DISPATCH,UNIT_SCADA,1,"2019/09/04 17:55:00",PPCCGT,480.918150
D,DISPATCH,UNIT_SCADA,1,"2019/09/04 17:55:00",PTSTAN1,0
D,DISPATCH,UNIT_SCADA,1,"2019/09/04 17:55:00",PUMP1,0
D,DISPATCH,UNIT_SCADA,1,"2019/09/04 17:55:00",PUMP2,0
D,DISPATCH,UNIT_SCADA,1,"2019/09/04 17:55:00",QPS1,29
D,DISPATCH,UNIT_SCADA,1,"2019/09/04 17:55:00",QPS2,22.80
D,DISPATCH,UNIT_SCADA,1,"2019/09/04 17:55:00",QPS3,22.80
D,DISPATCH,UNIT_SCADA,1,"2019/09/04 17:55:00",QPS4,22.80
D,DISPATCH,UNIT_SCADA,1,"2019/09/04 17:55:00",QPS5,121.25
D,DISPATCH,UNIT_SCADA,1,"2019/09/04 17:55:00",REECE1,101.370010
D,DISPATCH,UNIT_SCADA,1,"2019/09/04 17:55:00",REECE2,101.02
D,DISPATCH,UNIT_SCADA,1,"2019/09/04 17:55:00",ROMA_7,0
D,DISPATCH,UNIT_SCADA,1,"2019/09/04 17:55:00",ROMA_8,0
D,DISPATCH,UNIT_SCADA,1,"2019/09/04 17:55:00",RRSF1,0
D,DISPATCH,UNIT_SCADA,1,"2019/09/04 17:55:00",RT_NSW1,0
D,DISPATCH,UNIT_SCADA,1,"2019/09/04 17:55:00",RT_NSW2,0
D,DISPATCH,UNIT_SCADA,1,"2019/09/04 17:55:00",RT_NSW3,0
D,DISPATCH,UNIT_SCADA,1,"2019/09/04 17:55:00",RT_NSW4,0
D,DISPATCH,UNIT_SCADA,1,"2019/09/04 17:55:00",RT_NSW5,0
D,DISPATCH,UNIT_SCADA,1,"2019/09/04 17:55:00",RT_NSW6,0
D,DISPATCH,UNIT_SCADA,1,"2019/09/04 17:55:00",RT_QLD1,0
D,DISPATCH,UNIT_SCADA,1,"2019/09/04 17:55:00",RT_SA1,0
D,DISPATCH,UNIT_SCADA,1,"2019/09/04 17:55:00",RT_SA2,0
D,DISPATCH,UNIT_SCADA,1,"2019/09/04 17:55:00",RT_SA3,0
D,DISPATCH,UNIT_SCADA,1,"2019/09/04 17:55:00",RT_SA4,0
D,DISPATCH,UNIT_SCADA,1,"2019/09/04 17:55:00",RT_SA5,0
D,DISPATCH,UNIT_SCADA,1,"2019/09/04 17:55:00",RT_SA6,0
D,DISPATCH,UNIT_SCADA,1,"2019/09/04 17:55:00",RT_TAS1,0
D,DISPATCH,UNIT_SCADA,1,"2019/09/04 17:55:00",RT_VIC1,0
D,DISPATCH,UNIT_SCADA,1,"2019/09/04 17:55:00",RT_VIC10,0
D,DISPATCH,UNIT_SCADA,1,"2019/09/04 17:55:00",RT_VIC11,0
D,DISPATCH,UNIT_SCADA,1,"2019/09/04 17:55:00",RT_VIC12,0
D,DISPATCH,UNIT_SCADA,1,"2019/09/04 17:55:00",RT_VIC2,0
D,DISPATCH,UNIT_SCADA,1,"2019/09/04 17:55:00",RT_VIC3,0
D,DISPATCH,UNIT_SCADA,1,"2019/09/04 17:55:00",RT_VIC4,0
D,DISPATCH,UNIT_SCADA,1,"2019/09/04 17:55:00",RT_VIC5,0
D,DISPATCH,UNIT_SCADA,1,"2019/09/04 17:55:00",RT_VIC6,0
D,DISPATCH,UNIT_SCADA,1,"2019/09/04 17:55:00",RT_VIC7,0
D,DISPATCH,UNIT_SCADA,1,"2019/09/04 17:55:00",RT_VIC8,0
D,DISPATCH,UNIT_SCADA,1,"2019/09/04 17:55:00",RT_VIC9,0
D,DISPATCH,UNIT_SCADA,1,"2019/09/04 17:55:00",RUGBYR1,0
D,DISPATCH,UNIT_SCADA,1,"2019/09/04 17:55:00",SALTCRK1,1.80
D,DISPATCH,UNIT_SCADA,1,"2019/09/04 17:55:00",SAPHWF1,101.343750
D,DISPATCH,UNIT_SCADA,1,"2019/09/04 17:55:00",SHGEN,161.375640
D,DISPATCH,UNIT_SCADA,1,"2019/09/04 17:55:00",SHPUMP,0
D,DISPATCH,UNIT_SCADA,1,"2019/09/04 17:55:00",SITHE01,113.5378
D,DISPATCH,UNIT_SCADA,1,"2019/09/04 17:55:00",SMCSF1,0
D,DISPATCH,UNIT_SCADA,1,"2019/09/04 17:55:00",SNOWNTH1,3.60
D,DISPATCH,UNIT_SCADA,1,"2019/09/04 17:55:00",SNOWSTH1,0.40
D,DISPATCH,UNIT_SCADA,1,"2019/09/04 17:55:00",SNOWTWN1,-0.527690
D,DISPATCH,UNIT_SCADA,1,"2019/09/04 17:55:00",SNOWYP,0
D,DISPATCH,UNIT_SCADA,1,"2019/09/04 17:55:00",SNUG1,0.019440
D,DISPATCH,UNIT_SCADA,1,"2019/09/04 17:55:00",SRSF1,0.06
D,DISPATCH,UNIT_SCADA,1,"2019/09/04 17:55:00",STAN-1,215.851750
D,DISPATCH,UNIT_SCADA,1,"2019/09/04 17:55:00",STAN-2,350.746280
D,DISPATCH,UNIT_SCADA,1,"2019/09/04 17:55:00",STAN-3,349.477330
D,DISPATCH,UNIT_SCADA,1,"2019/09/04 17:55:00",STAN-4,363.461550
D,DISPATCH,UNIT_SCADA,1,"2019/09/04 17:55:00",STWF1,26.212490
D,DISPATCH,UNIT_SCADA,1,"2019/09/04 17:55:00",SWAN_E,0
D,DISPATCH,UNIT_SCADA,1,"2019/09/04 17:55:00",TALWA1,435
D,DISPATCH,UNIT_SCADA,1,"2019/09/04 17:55:00",TARALGA1,62.234990
D,DISPATCH,UNIT_SCADA,1,"2019/09/04 17:55:00",TARONG#1,344.50
D,DISPATCH,UNIT_SCADA,1,"2019/09/04 17:55:00",TARONG#2,0
D,DISPATCH,UNIT_SCADA,1,"2019/09/04 17:55:00",TARONG#3,350.100010
D,DISPATCH,UNIT_SCADA,1,"2019/09/04 17:55:00",TARONG#4,349.399990
D,DISPATCH,UNIT_SCADA,1,"2019/09/04 17:55:00",TARRALEA,71.10
D,DISPATCH,UNIT_SCADA,1,"2019/09/04 17:55:00",TBSF1,0.40
D,DISPATCH,UNIT_SCADA,1,"2019/09/04 17:55:00",TNPS1,380.500030
D,DISPATCH,UNIT_SCADA,1,"2019/09/04 17:55:00",TORRA1,105.953160
D,DISPATCH,UNIT_SCADA,1,"2019/09/04 17:55:00",TORRA2,0
D,DISPATCH,UNIT_SCADA,1,"2019/09/04 17:55:00",TORRA3,0
D,DISPATCH,UNIT_SCADA,1,"2019/09/04 17:55:00",TORRA4,97.397610
D,DISPATCH,UNIT_SCADA,1,"2019/09/04 17:55:00",TORRB1,153.88
D,DISPATCH,UNIT_SCADA,1,"2019/09/04 17:55:00",TORRB2,160.61
D,DISPATCH,UNIT_SCADA,1,"2019/09/04 17:55:00",TORRB3,163.98
D,DISPATCH,UNIT_SCADA,1,"2019/09/04 17:55:00",TORRB4,0
D,DISPATCH,UNIT_SCADA,1,"2019/09/04 17:55:00",TREVALLN,44.150020
D,DISPATCH,UNIT_SCADA,1,"2019/09/04 17:55:00",TRIBUTE,0
D,DISPATCH,UNIT_SCADA,1,"2019/09/04 17:55:00",TUMUT3,0
D,DISPATCH,UNIT_SCADA,1,"2019/09/04 17:55:00",TUNGATIN,103.270030
D,DISPATCH,UNIT_SCADA,1,"2019/09/04 17:55:00",TVCC201,0
D,DISPATCH,UNIT_SCADA,1,"2019/09/04 17:55:00",TVPP104,0
D,DISPATCH,UNIT_SCADA,1,"2019/09/04 17:55:00",UPPTUMUT,566.958680
D,DISPATCH,UNIT_SCADA,1,"2019/09/04 17:55:00",URANQ11,160.512480
D,DISPATCH,UNIT_SCADA,1,"2019/09/04 17:55:00",URANQ12,160.943760
D,DISPATCH,UNIT_SCADA,1,"2019/09/04 17:55:00",URANQ13,165.168730
D,DISPATCH,UNIT_SCADA,1,"2019/09/04 17:55:00",URANQ14,0
D,DISPATCH,UNIT_SCADA,1,"2019/09/04 17:55:00",VP5,621.899960
D,DISPATCH,UNIT_SCADA,1,"2019/09/04 17:55:00",VP6,0
D,DISPATCH,UNIT_SCADA,1,"2019/09/04 17:55:00",VPGS1,0
D,DISPATCH,UNIT_SCADA,1,"2019/09/04 17:55:00",VPGS2,0
D,DISPATCH,UNIT_SCADA,1,"2019/09/04 17:55:00",VPGS3,0
D,DISPATCH,UNIT_SCADA,1,"2019/09/04 17:55:00",VPGS4,0
D,DISPATCH,UNIT_SCADA,1,"2019/09/04 17:55:00",VPGS5,0
D,DISPATCH,UNIT_SCADA,1,"2019/09/04 17:55:00",VPGS6,0
D,DISPATCH,UNIT_SCADA,1,"2019/09/04 17:55:00",W/HOE#1,161.039990
D,DISPATCH,UNIT_SCADA,1,"2019/09/04 17:55:00",W/HOE#2,0
D,DISPATCH,UNIT_SCADA,1,"2019/09/04 17:55:00",WATERLWF,15
D,DISPATCH,UNIT_SCADA,1,"2019/09/04 17:55:00",WEMENSF1,1.70
D,DISPATCH,UNIT_SCADA,1,"2019/09/04 17:55:00",WGWF1,15
D,DISPATCH,UNIT_SCADA,1,"2019/09/04 17:55:00",WHITSF1,0
D,DISPATCH,UNIT_SCADA,1,"2019/09/04 17:55:00",WKIEWA1,32
D,DISPATCH,UNIT_SCADA,1,"2019/09/04 17:55:00",WKIEWA2,32
D,DISPATCH,UNIT_SCADA,1,"2019/09/04 17:55:00",WOODLWN1,4.0050
D,DISPATCH,UNIT_SCADA,1,"2019/09/04 17:55:00",WRSF1,0
D,DISPATCH,UNIT_SCADA,1,"2019/09/04 17:55:00",WRWF1,55.306260
D,DISPATCH,UNIT_SCADA,1,"2019/09/04 17:55:00",YABULU,158.850010
D,DISPATCH,UNIT_SCADA,1,"2019/09/04 17:55:00",YABULU2,0
D,DISPATCH,UNIT_SCADA,1,"2019/09/04 17:55:00",YARWUN_1,157.98
D,DISPATCH,UNIT_SCADA,1,"2019/09/04 17:55:00",YENDWF1,6.13
D,DISPATCH,UNIT_SCADA,1,"2019/09/04 17:55:00",YWPS1,377.443020
D,DISPATCH,UNIT_SCADA,1,"2019/09/04 17:55:00",YWPS2,279.194950
D,DISPATCH,UNIT_SCADA,1,"2019/09/04 17:55:00",YWPS3,389.027860
D,DISPATCH,UNIT_SCADA,1,"2019/09/04 17:55:00",YWPS4,385.075960
C,"END OF REPORT",335
