C,NEMP.WORLD,DISPATCHSCADA,AEMO,PUBLIC,2019/08/19,16:40:08,0000000311752767,DISPATCHSCADA,0000000311752761
I,DISPATCH,UNIT_SCADA,1,SETTLEMENTDATE,DUID,SCADAVALUE
D,DISPATCH,UNIT_SCADA,1,"2019/08/19 16:45:00",BARCSF1,15.300001
D,DISPATCH,UNIT_SCADA,1,"2019/08/19 16:45:00",BUTLERSG,9.699999
D,DISPATCH,UNIT_SCADA,1,"2019/08/19 16:45:00",CALL_A_4,0
D,DISPATCH,UNIT_SCADA,1,"2019/08/19 16:45:00",CAPTL_WF,122.288002
D,DISPATCH,UNIT_SCADA,1,"2019/08/19 16:45:00",CATHROCK,21.089998
D,DISPATCH,UNIT_SCADA,1,"2019/08/19 16:45:00",CHALLHWF,14.10
D,DISPATCH,UNIT_SCADA,1,"2019/08/19 16:45:00",CLOVER,-0.01
D,DISPATCH,UNIT_SCADA,1,"2019/08/19 16:45:00",CLUNY,17.006638
D,DISPATCH,UNIT_SCADA,1,"2019/08/19 16:45:00",CNUNDAWF,25.730015
D,DISPATCH,UNIT_SCADA,1,"2019/08/19 16:45:00",CULLRGWF,21.530001
D,DISPATCH,UNIT_SCADA,1,"2019/08/19 16:45:00",ERGT01,0
D,DISPATCH,UNIT_SCADA,1,"2019/08/19 16:45:00",GB01,0.069168
D,DISPATCH,UNIT_SCADA,1,"2019/08/19 16:45:00",GERMCRK,33.799999
D,DISPATCH,UNIT_SCADA,1,"2019/08/19 16:45:00",GRIFSF1,17.700005
D,DISPATCH,UNIT_SCADA,1,"2019/08/19 16:45:00",HUGSF1,6.2950
D,DISPATCH,UNIT_SCADA,1,"2019/08/19 16:45:00",LKBONNY1,35.991673
D,DISPATCH,UNIT_SCADA,1,"2019/08/19 16:45:00",LRSF1,10.7880
D,DISPATCH,UNIT_SCADA,1,"2019/08/19 16:45:00",MBAHNTH,57.412506
D,DISPATCH,UNIT_SCADA,1,"2019/08/19 16:45:00",MLSP1,0.704001
D,DISPATCH,UNIT_SCADA,1,"2019/08/19 16:45:00",MLWF1,13.6950
D,DISPATCH,UNIT_SCADA,1,"2019/08/19 16:45:00",MTMILLAR,7.307368
D,DISPATCH,UNIT_SCADA,1,"2019/08/19 16:45:00",PALOONA,24.059999
D,DISPATCH,UNIT_SCADA,1,"2019/08/19 16:45:00",PIONEER,40.400002
D,DISPATCH,UNIT_SCADA,1,"2019/08/19 16:45:00",PORTWF,127.300003
D,DISPATCH,UNIT_SCADA,1,"2019/08/19 16:45:00",REPULSE,29.120928
D,DISPATCH,UNIT_SCADA,1,"2019/08/19 16:45:00",ROWALLAN,9.9897
D,DISPATCH,UNIT_SCADA,1,"2019/08/19 16:45:00",ROYALLA1,1.3480
D,DISPATCH,UNIT_SCADA,1,"2019/08/19 16:45:00",RPCG,-0.90
D,DISPATCH,UNIT_SCADA,1,"2019/08/19 16:45:00",RUBICON,0
D,DISPATCH,UNIT_SCADA,1,"2019/08/19 16:45:00",SATGN1,0
D,DISPATCH,UNIT_SCADA,1,"2019/08/19 16:45:00",SATGS1,0
D,DISPATCH,UNIT_SCADA,1,"2019/08/19 16:45:00",STARHLWF,0.599825
D,DISPATCH,UNIT_SCADA,1,"2019/08/19 16:45:00",WAUBRAWF,112.316002
D,DISPATCH,UNIT_SCADA,1,"2019/08/19 16:45:00",WOOLNTH1,88.410019
D,DISPATCH,UNIT_SCADA,1,"2019/08/19 16:45:00",WPWF,32
D,DISPATCH,UNIT_SCADA,1,"2019/08/19 16:45:00",YAMBUKWF,29
D,DISPATCH,UNIT_SCADA,1,"2019/08/19 16:45:00",YSWF1,28
D,DISPATCH,UNIT_SCADA,1,"2019/08/19 16:45:00",AGLHAL,0
D,DISPATCH,UNIT_SCADA,1,"2019/08/19 16:45:00",AGLSOM,0
D,DISPATCH,UNIT_SCADA,1,"2019/08/19 16:45:00",ANGAST1,0
D,DISPATCH,UNIT_SCADA,1,"2019/08/19 16:45:00",ARWF1,70.30
D,DISPATCH,UNIT_SCADA,1,"2019/08/19 16:45:00",BALBG1,0
D,DISPATCH,UNIT_SCADA,1,"2019/08/19 16:45:00",BALBL1,25.06
D,DISPATCH,UNIT_SCADA,1,"2019/08/19 16:45:00",BALDHWF1,103.0090
D,DISPATCH,UNIT_SCADA,1,"2019/08/19 16:45:00",BANN1,13.95
D,DISPATCH,UNIT_SCADA,1,"2019/08/19 16:45:00",BARCALDN,0
D,DISPATCH,UNIT_SCADA,1,"2019/08/19 16:45:00",BARRON-1,0
D,DISPATCH,UNIT_SCADA,1,"2019/08/19 16:45:00",BARRON-2,26.08
D,DISPATCH,UNIT_SCADA,1,"2019/08/19 16:45:00",BASTYAN,80.91
D,DISPATCH,UNIT_SCADA,1,"2019/08/19 16:45:00",BBTHREE1,0
D,DISPATCH,UNIT_SCADA,1,"2019/08/19 16:45:00",BBTHREE2,0
D,DISPATCH,UNIT_SCADA,1,"2019/08/19 16:45:00",BBTHREE3,0
D,DISPATCH,UNIT_SCADA,1,"2019/08/19 16:45:00",BDL01,0
D,DISPATCH,UNIT_SCADA,1,"2019/08/19 16:45:00",BDL02,0
D,DISPATCH,UNIT_SCADA,1,"2019/08/19 16:45:00",BERYLSF1,21.752720
D,DISPATCH,UNIT_SCADA,1,"2019/08/19 16:45:00",BLOWERNG,0
D,DISPATCH,UNIT_SCADA,1,"2019/08/19 16:45:00",BLUFF1,27.20
D,DISPATCH,UNIT_SCADA,1,"2019/08/19 16:45:00",BNGSF1,82.68
D,DISPATCH,UNIT_SCADA,1,"2019/08/19 16:45:00",BNGSF2,20
D,DISPATCH,UNIT_SCADA,1,"2019/08/19 16:45:00",BOCORWF1,111.30
D,DISPATCH,UNIT_SCADA,1,"2019/08/19 16:45:00",BODWF1,102.111210
D,DISPATCH,UNIT_SCADA,1,"2019/08/19 16:45:00",BRAEMAR1,0
D,DISPATCH,UNIT_SCADA,1,"2019/08/19 16:45:00",BRAEMAR2,0
D,DISPATCH,UNIT_SCADA,1,"2019/08/19 16:45:00",BRAEMAR3,0
D,DISPATCH,UNIT_SCADA,1,"2019/08/19 16:45:00",BRAEMAR5,39.256760
D,DISPATCH,UNIT_SCADA,1,"2019/08/19 16:45:00",BRAEMAR6,0
D,DISPATCH,UNIT_SCADA,1,"2019/08/19 16:45:00",BRAEMAR7,39.135910
D,DISPATCH,UNIT_SCADA,1,"2019/08/19 16:45:00",BROKENH1,12.799560
D,DISPATCH,UNIT_SCADA,1,"2019/08/19 16:45:00",BW01,642.849980
D,DISPATCH,UNIT_SCADA,1,"2019/08/19 16:45:00",BW02,642.150020
D,DISPATCH,UNIT_SCADA,1,"2019/08/19 16:45:00",BW03,630.150020
D,DISPATCH,UNIT_SCADA,1,"2019/08/19 16:45:00",BW04,0
D,DISPATCH,UNIT_SCADA,1,"2019/08/19 16:45:00",CALL_B_1,344.50
D,DISPATCH,UNIT_SCADA,1,"2019/08/19 16:45:00",CALL_B_2,279.700010
D,DISPATCH,UNIT_SCADA,1,"2019/08/19 16:45:00",CETHANA,80.401630
D,DISPATCH,UNIT_SCADA,1,"2019/08/19 16:45:00",CG1,0
D,DISPATCH,UNIT_SCADA,1,"2019/08/19 16:45:00",CG2,0
D,DISPATCH,UNIT_SCADA,1,"2019/08/19 16:45:00",CG3,0
D,DISPATCH,UNIT_SCADA,1,"2019/08/19 16:45:00",CG4,0
D,DISPATCH,UNIT_SCADA,1,"2019/08/19 16:45:00",CHILDSF1,13.65
D,DISPATCH,UNIT_SCADA,1,"2019/08/19 16:45:00",CLARESF1,28.790780
D,DISPATCH,UNIT_SCADA,1,"2019/08/19 16:45:00",CLEMGPWF,4.466170
D,DISPATCH,UNIT_SCADA,1,"2019/08/19 16:45:00",CLERMSF1,14.97
D,DISPATCH,UNIT_SCADA,1,"2019/08/19 16:45:00",COLEASF1,7.599990
D,DISPATCH,UNIT_SCADA,1,"2019/08/19 16:45:00",COOPGWF1,31.254820
D,DISPATCH,UNIT_SCADA,1,"2019/08/19 16:45:00",CPP_3,405.899990
D,DISPATCH,UNIT_SCADA,1,"2019/08/19 16:45:00",CPP_4,405.899990
D,DISPATCH,UNIT_SCADA,1,"2019/08/19 16:45:00",CPSA,143.03
D,DISPATCH,UNIT_SCADA,1,"2019/08/19 16:45:00",CROOKWF2,85.933750
D,DISPATCH,UNIT_SCADA,1,"2019/08/19 16:45:00",CROWLWF1,20.083710
D,DISPATCH,UNIT_SCADA,1,"2019/08/19 16:45:00",CSPVPS1,11.8330
D,DISPATCH,UNIT_SCADA,1,"2019/08/19 16:45:00",DALNTH01,0
D,DISPATCH,UNIT_SCADA,1,"2019/08/19 16:45:00",DALNTHL1,0.080870
D,DISPATCH,UNIT_SCADA,1,"2019/08/19 16:45:00",DARTM1,134.70
D,DISPATCH,UNIT_SCADA,1,"2019/08/19 16:45:00",DAYDSF1,82.7050
D,DISPATCH,UNIT_SCADA,1,"2019/08/19 16:45:00",DDPS1,298.283330
D,DISPATCH,UNIT_SCADA,1,"2019/08/19 16:45:00",DDSF1,23.788540
D,DISPATCH,UNIT_SCADA,1,"2019/08/19 16:45:00",DEVILS_G,0
D,DISPATCH,UNIT_SCADA,1,"2019/08/19 16:45:00",DG_NSW1,0
D,DISPATCH,UNIT_SCADA,1,"2019/08/19 16:45:00",DG_QLD1,0
D,DISPATCH,UNIT_SCADA,1,"2019/08/19 16:45:00",DG_SA1,0
D,DISPATCH,UNIT_SCADA,1,"2019/08/19 16:45:00",DG_TAS1,0
D,DISPATCH,UNIT_SCADA,1,"2019/08/19 16:45:00",DG_VIC1,0
D,DISPATCH,UNIT_SCADA,1,"2019/08/19 16:45:00",DRYCGT1,0
D,DISPATCH,UNIT_SCADA,1,"2019/08/19 16:45:00",DRYCGT2,0
D,DISPATCH,UNIT_SCADA,1,"2019/08/19 16:45:00",DRYCGT3,0
D,DISPATCH,UNIT_SCADA,1,"2019/08/19 16:45:00",EILDON1,0
D,DISPATCH,UNIT_SCADA,1,"2019/08/19 16:45:00",EILDON2,0
D,DISPATCH,UNIT_SCADA,1,"2019/08/19 16:45:00",EMERASF1,30.47
D,DISPATCH,UNIT_SCADA,1,"2019/08/19 16:45:00",ER01,523.25
D,DISPATCH,UNIT_SCADA,1,"2019/08/19 16:45:00",ER02,531.824950
D,DISPATCH,UNIT_SCADA,1,"2019/08/19 16:45:00",ER03,523.674930
D,DISPATCH,UNIT_SCADA,1,"2019/08/19 16:45:00",ER04,523.174930
D,DISPATCH,UNIT_SCADA,1,"2019/08/19 16:45:00",FINLYSF1,0.8505
D,DISPATCH,UNIT_SCADA,1,"2019/08/19 16:45:00",FISHER,45.96
D,DISPATCH,UNIT_SCADA,1,"2019/08/19 16:45:00",GANNBG1,0
D,DISPATCH,UNIT_SCADA,1,"2019/08/19 16:45:00",GANNBL1,6.9407
D,DISPATCH,UNIT_SCADA,1,"2019/08/19 16:45:00",GANNSF1,30.40
D,DISPATCH,UNIT_SCADA,1,"2019/08/19 16:45:00",GORDON,107.633670
D,DISPATCH,UNIT_SCADA,1,"2019/08/19 16:45:00",GSTONE1,179.024990
D,DISPATCH,UNIT_SCADA,1,"2019/08/19 16:45:00",GSTONE2,175.70
D,DISPATCH,UNIT_SCADA,1,"2019/08/19 16:45:00",GSTONE3,184.6250
D,DISPATCH,UNIT_SCADA,1,"2019/08/19 16:45:00",GSTONE4,161.70
D,DISPATCH,UNIT_SCADA,1,"2019/08/19 16:45:00",GSTONE5,181.649990
D,DISPATCH,UNIT_SCADA,1,"2019/08/19 16:45:00",GSTONE6,0
D,DISPATCH,UNIT_SCADA,1,"2019/08/19 16:45:00",GULLRSF1,0.5939
D,DISPATCH,UNIT_SCADA,1,"2019/08/19 16:45:00",GULLRWF1,141.256470
D,DISPATCH,UNIT_SCADA,1,"2019/08/19 16:45:00",GUNNING1,36.519750
D,DISPATCH,UNIT_SCADA,1,"2019/08/19 16:45:00",GUTHEGA,31.10
D,DISPATCH,UNIT_SCADA,1,"2019/08/19 16:45:00",HALLWF1,55.18
D,DISPATCH,UNIT_SCADA,1,"2019/08/19 16:45:00",HALLWF2,43.02
D,DISPATCH,UNIT_SCADA,1,"2019/08/19 16:45:00",HAMISF1,31.30
D,DISPATCH,UNIT_SCADA,1,"2019/08/19 16:45:00",HAUGHT11,49.948670
D,DISPATCH,UNIT_SCADA,1,"2019/08/19 16:45:00",HAYMSF1,28.3670
D,DISPATCH,UNIT_SCADA,1,"2019/08/19 16:45:00",HDWF1,23.80
D,DISPATCH,UNIT_SCADA,1,"2019/08/19 16:45:00",HDWF2,25.40
D,DISPATCH,UNIT_SCADA,1,"2019/08/19 16:45:00",HDWF3,28.10
D,DISPATCH,UNIT_SCADA,1,"2019/08/19 16:45:00",HPRG1,2.40
D,DISPATCH,UNIT_SCADA,1,"2019/08/19 16:45:00",HPRL1,0
D,DISPATCH,UNIT_SCADA,1,"2019/08/19 16:45:00",HUMENSW,0
D,DISPATCH,UNIT_SCADA,1,"2019/08/19 16:45:00",HUMEV,9.10
D,DISPATCH,UNIT_SCADA,1,"2019/08/19 16:45:00",HVGTS,0
D,DISPATCH,UNIT_SCADA,1,"2019/08/19 16:45:00",JBUTTERS,136.06
D,DISPATCH,UNIT_SCADA,1,"2019/08/19 16:45:00",JLA01,0.50
D,DISPATCH,UNIT_SCADA,1,"2019/08/19 16:45:00",JLA02,0
D,DISPATCH,UNIT_SCADA,1,"2019/08/19 16:45:00",JLA03,0.10
D,DISPATCH,UNIT_SCADA,1,"2019/08/19 16:45:00",JLA04,0.10
D,DISPATCH,UNIT_SCADA,1,"2019/08/19 16:45:00",JLB01,0
D,DISPATCH,UNIT_SCADA,1,"2019/08/19 16:45:00",JLB02,0.10
D,DISPATCH,UNIT_SCADA,1,"2019/08/19 16:45:00",JLB03,0
D,DISPATCH,UNIT_SCADA,1,"2019/08/19 16:45:00",KAREEYA1,21.5050
D,DISPATCH,UNIT_SCADA,1,"2019/08/19 16:45:00",KAREEYA2,21.60
D,DISPATCH,UNIT_SCADA,1,"2019/08/19 16:45:00",KAREEYA3,0
D,DISPATCH,UNIT_SCADA,1,"2019/08/19 16:45:00",KAREEYA4,21.5450
D,DISPATCH,UNIT_SCADA,1,"2019/08/19 16:45:00",KARSF1,42
D,DISPATCH,UNIT_SCADA,1,"2019/08/19 16:45:00",KIATAWF1,22.40
D,DISPATCH,UNIT_SCADA,1,"2019/08/19 16:45:00",KPP_1,0
D,DISPATCH,UNIT_SCADA,1,"2019/08/19 16:45:00",KSP1,38.47
D,DISPATCH,UNIT_SCADA,1,"2019/08/19 16:45:00",LADBROK1,0
D,DISPATCH,UNIT_SCADA,1,"2019/08/19 16:45:00",LADBROK2,0
D,DISPATCH,UNIT_SCADA,1,"2019/08/19 16:45:00",LD01,418.631290
D,DISPATCH,UNIT_SCADA,1,"2019/08/19 16:45:00",LD02,422.156250
D,DISPATCH,UNIT_SCADA,1,"2019/08/19 16:45:00",LD03,422.793730
D,DISPATCH,UNIT_SCADA,1,"2019/08/19 16:45:00",LD04,377.418820
D,DISPATCH,UNIT_SCADA,1,"2019/08/19 16:45:00",LEM_WIL,75.5932
D,DISPATCH,UNIT_SCADA,1,"2019/08/19 16:45:00",LGAPWF1,7.10
D,DISPATCH,UNIT_SCADA,1,"2019/08/19 16:45:00",LILYSF1,43.253760
D,DISPATCH,UNIT_SCADA,1,"2019/08/19 16:45:00",LI_WY_CA,147.709670
D,DISPATCH,UNIT_SCADA,1,"2019/08/19 16:45:00",LKBONNY2,90.865640
D,DISPATCH,UNIT_SCADA,1,"2019/08/19 16:45:00",LKBONNY3,28.022650
D,DISPATCH,UNIT_SCADA,1,"2019/08/19 16:45:00",LK_ECHO,0
D,DISPATCH,UNIT_SCADA,1,"2019/08/19 16:45:00",LNGS1,0
D,DISPATCH,UNIT_SCADA,1,"2019/08/19 16:45:00",LNGS2,0
D,DISPATCH,UNIT_SCADA,1,"2019/08/19 16:45:00",LONSDALE,0
D,DISPATCH,UNIT_SCADA,1,"2019/08/19 16:45:00",LOYYB1,531.201290
D,DISPATCH,UNIT_SCADA,1,"2019/08/19 16:45:00",LOYYB2,581.578490
D,DISPATCH,UNIT_SCADA,1,"2019/08/19 16:45:00",LYA1,559
D,DISPATCH,UNIT_SCADA,1,"2019/08/19 16:45:00",LYA2,0
D,DISPATCH,UNIT_SCADA,1,"2019/08/19 16:45:00",LYA3,559
D,DISPATCH,UNIT_SCADA,1,"2019/08/19 16:45:00",LYA4,537
D,DISPATCH,UNIT_SCADA,1,"2019/08/19 16:45:00",MACARTH1,185.395720
D,DISPATCH,UNIT_SCADA,1,"2019/08/19 16:45:00",MACKAYGT,0
D,DISPATCH,UNIT_SCADA,1,"2019/08/19 16:45:00",MACKNTSH,85.30
D,DISPATCH,UNIT_SCADA,1,"2019/08/19 16:45:00",MANSLR1,16.8250
D,DISPATCH,UNIT_SCADA,1,"2019/08/19 16:45:00",MCKAY1,0.02
D,DISPATCH,UNIT_SCADA,1,"2019/08/19 16:45:00",MEADOWBK,33.8673
D,DISPATCH,UNIT_SCADA,1,"2019/08/19 16:45:00",MERCER01,73.9020
D,DISPATCH,UNIT_SCADA,1,"2019/08/19 16:45:00",MEWF1,27.325440
D,DISPATCH,UNIT_SCADA,1,"2019/08/19 16:45:00",MINTARO,0
D,DISPATCH,UNIT_SCADA,1,"2019/08/19 16:45:00",MOREESF1,25.2120
D,DISPATCH,UNIT_SCADA,1,"2019/08/19 16:45:00",MORTLK11,149
D,DISPATCH,UNIT_SCADA,1,"2019/08/19 16:45:00",MORTLK12,0
D,DISPATCH,UNIT_SCADA,1,"2019/08/19 16:45:00",MP1,368.025020
D,DISPATCH,UNIT_SCADA,1,"2019/08/19 16:45:00",MP2,0
D,DISPATCH,UNIT_SCADA,1,"2019/08/19 16:45:00",MPP_1,422.75
D,DISPATCH,UNIT_SCADA,1,"2019/08/19 16:45:00",MPP_2,437
D,DISPATCH,UNIT_SCADA,1,"2019/08/19 16:45:00",MSTUART1,0
D,DISPATCH,UNIT_SCADA,1,"2019/08/19 16:45:00",MSTUART2,0
D,DISPATCH,UNIT_SCADA,1,"2019/08/19 16:45:00",MSTUART3,0
D,DISPATCH,UNIT_SCADA,1,"2019/08/19 16:45:00",MTGELWF1,64.258240
D,DISPATCH,UNIT_SCADA,1,"2019/08/19 16:45:00",MURRAY,285.496030
D,DISPATCH,UNIT_SCADA,1,"2019/08/19 16:45:00",MUSSELR1,165.899990
D,DISPATCH,UNIT_SCADA,1,"2019/08/19 16:45:00",MUWAWF1,47.31
D,DISPATCH,UNIT_SCADA,1,"2019/08/19 16:45:00",NBHWF1,62.90
D,DISPATCH,UNIT_SCADA,1,"2019/08/19 16:45:00",NPS,339.3750
D,DISPATCH,UNIT_SCADA,1,"2019/08/19 16:45:00",NUMURSF1,34
D,DISPATCH,UNIT_SCADA,1,"2019/08/19 16:45:00",NYNGAN1,30.50
D,DISPATCH,UNIT_SCADA,1,"2019/08/19 16:45:00",OAKEY1,0
D,DISPATCH,UNIT_SCADA,1,"2019/08/19 16:45:00",OAKEY1SF,7.3380
D,DISPATCH,UNIT_SCADA,1,"2019/08/19 16:45:00",OAKEY2,0
D,DISPATCH,UNIT_SCADA,1,"2019/08/19 16:45:00",OAKLAND1,32.40
D,DISPATCH,UNIT_SCADA,1,"2019/08/19 16:45:00",OSB-AG,94.49
D,DISPATCH,UNIT_SCADA,1,"2019/08/19 16:45:00",PARSF1,31.600010
D,DISPATCH,UNIT_SCADA,1,"2019/08/19 16:45:00",POAT110,42.122240
D,DISPATCH,UNIT_SCADA,1,"2019/08/19 16:45:00",POAT220,104.0704
D,DISPATCH,UNIT_SCADA,1,"2019/08/19 16:45:00",POR01,0
D,DISPATCH,UNIT_SCADA,1,"2019/08/19 16:45:00",POR03,0
D,DISPATCH,UNIT_SCADA,1,"2019/08/19 16:45:00",PPCCGT,432.598630
D,DISPATCH,UNIT_SCADA,1,"2019/08/19 16:45:00",PTSTAN1,0
D,DISPATCH,UNIT_SCADA,1,"2019/08/19 16:45:00",PUMP1,0
D,DISPATCH,UNIT_SCADA,1,"2019/08/19 16:45:00",PUMP2,0
D,DISPATCH,UNIT_SCADA,1,"2019/08/19 16:45:00",QPS1,0
D,DISPATCH,UNIT_SCADA,1,"2019/08/19 16:45:00",QPS2,0
D,DISPATCH,UNIT_SCADA,1,"2019/08/19 16:45:00",QPS3,0
D,DISPATCH,UNIT_SCADA,1,"2019/08/19 16:45:00",QPS4,0
D,DISPATCH,UNIT_SCADA,1,"2019/08/19 16:45:00",QPS5,0
D,DISPATCH,UNIT_SCADA,1,"2019/08/19 16:45:00",REECE1,113.88
D,DISPATCH,UNIT_SCADA,1,"2019/08/19 16:45:00",REECE2,114.280010
D,DISPATCH,UNIT_SCADA,1,"2019/08/19 16:45:00",ROMA_7,0
D,DISPATCH,UNIT_SCADA,1,"2019/08/19 16:45:00",ROMA_8,0
D,DISPATCH,UNIT_SCADA,1,"2019/08/19 16:45:00",RRSF1,53.1116
D,DISPATCH,UNIT_SCADA,1,"2019/08/19 16:45:00",RT_NSW1,0
D,DISPATCH,UNIT_SCADA,1,"2019/08/19 16:45:00",RT_NSW2,0
D,DISPATCH,UNIT_SCADA,1,"2019/08/19 16:45:00",RT_NSW3,0
D,DISPATCH,UNIT_SCADA,1,"2019/08/19 16:45:00",RT_NSW4,0
D,DISPATCH,UNIT_SCADA,1,"2019/08/19 16:45:00",RT_NSW5,0
D,DISPATCH,UNIT_SCADA,1,"2019/08/19 16:45:00",RT_NSW6,0
D,DISPATCH,UNIT_SCADA,1,"2019/08/19 16:45:00",RT_QLD1,0
D,DISPATCH,UNIT_SCADA,1,"2019/08/19 16:45:00",RT_SA1,0
D,DISPATCH,UNIT_SCADA,1,"2019/08/19 16:45:00",RT_SA2,0
D,DISPATCH,UNIT_SCADA,1,"2019/08/19 16:45:00",RT_SA3,0
D,DISPATCH,UNIT_SCADA,1,"2019/08/19 16:45:00",RT_SA4,0
D,DISPATCH,UNIT_SCADA,1,"2019/08/19 16:45:00",RT_SA5,0
D,DISPATCH,UNIT_SCADA,1,"2019/08/19 16:45:00",RT_SA6,0
D,DISPATCH,UNIT_SCADA,1,"2019/08/19 16:45:00",RT_TAS1,0
D,DISPATCH,UNIT_SCADA,1,"2019/08/19 16:45:00",RT_VIC1,0
D,DISPATCH,UNIT_SCADA,1,"2019/08/19 16:45:00",RT_VIC10,0
D,DISPATCH,UNIT_SCADA,1,"2019/08/19 16:45:00",RT_VIC11,0
D,DISPATCH,UNIT_SCADA,1,"2019/08/19 16:45:00",RT_VIC12,0
D,DISPATCH,UNIT_SCADA,1,"2019/08/19 16:45:00",RT_VIC2,0
D,DISPATCH,UNIT_SCADA,1,"2019/08/19 16:45:00",RT_VIC3,0
D,DISPATCH,UNIT_SCADA,1,"2019/08/19 16:45:00",RT_VIC4,0
D,DISPATCH,UNIT_SCADA,1,"2019/08/19 16:45:00",RT_VIC5,0
D,DISPATCH,UNIT_SCADA,1,"2019/08/19 16:45:00",RT_VIC6,0
D,DISPATCH,UNIT_SCADA,1,"2019/08/19 16:45:00",RT_VIC7,0
D,DISPATCH,UNIT_SCADA,1,"2019/08/19 16:45:00",RT_VIC8,0
D,DISPATCH,UNIT_SCADA,1,"2019/08/19 16:45:00",RT_VIC9,0
D,DISPATCH,UNIT_SCADA,1,"2019/08/19 16:45:00",RUGBYR1,42.747910
D,DISPATCH,UNIT_SCADA,1,"2019/08/19 16:45:00",SALTCRK1,24.77
D,DISPATCH,UNIT_SCADA,1,"2019/08/19 16:45:00",SAPHWF1,196.846890
D,DISPATCH,UNIT_SCADA,1,"2019/08/19 16:45:00",SHGEN,0
D,DISPATCH,UNIT_SCADA,1,"2019/08/19 16:45:00",SHPUMP,0
D,DISPATCH,UNIT_SCADA,1,"2019/08/19 16:45:00",SITHE01,0.043330
D,DISPATCH,UNIT_SCADA,1,"2019/08/19 16:45:00",SMCSF1,29.911790
D,DISPATCH,UNIT_SCADA,1,"2019/08/19 16:45:00",SNOWNTH1,25.80
D,DISPATCH,UNIT_SCADA,1,"2019/08/19 16:45:00",SNOWSTH1,40
D,DISPATCH,UNIT_SCADA,1,"2019/08/19 16:45:00",SNOWTWN1,21.6853
D,DISPATCH,UNIT_SCADA,1,"2019/08/19 16:45:00",SNOWYP,0
D,DISPATCH,UNIT_SCADA,1,"2019/08/19 16:45:00",SNUG1,0.019440
D,DISPATCH,UNIT_SCADA,1,"2019/08/19 16:45:00",SRSF1,14.18
D,DISPATCH,UNIT_SCADA,1,"2019/08/19 16:45:00",STAN-1,0
D,DISPATCH,UNIT_SCADA,1,"2019/08/19 16:45:00",STAN-2,284.901250
D,DISPATCH,UNIT_SCADA,1,"2019/08/19 16:45:00",STAN-3,283.619480
D,DISPATCH,UNIT_SCADA,1,"2019/08/19 16:45:00",STAN-4,279.6203
D,DISPATCH,UNIT_SCADA,1,"2019/08/19 16:45:00",STWF1,16.132510
D,DISPATCH,UNIT_SCADA,1,"2019/08/19 16:45:00",SWAN_E,0
D,DISPATCH,UNIT_SCADA,1,"2019/08/19 16:45:00",TALWA1,412
D,DISPATCH,UNIT_SCADA,1,"2019/08/19 16:45:00",TARALGA1,102.971250
D,DISPATCH,UNIT_SCADA,1,"2019/08/19 16:45:00",TARONG#1,320.800020
D,DISPATCH,UNIT_SCADA,1,"2019/08/19 16:45:00",TARONG#2,319.50
D,DISPATCH,UNIT_SCADA,1,"2019/08/19 16:45:00",TARONG#3,259.300020
D,DISPATCH,UNIT_SCADA,1,"2019/08/19 16:45:00",TARONG#4,309.399990
D,DISPATCH,UNIT_SCADA,1,"2019/08/19 16:45:00",TARRALEA,78.90
D,DISPATCH,UNIT_SCADA,1,"2019/08/19 16:45:00",TBSF1,17.30
D,DISPATCH,UNIT_SCADA,1,"2019/08/19 16:45:00",TNPS1,442.000030
D,DISPATCH,UNIT_SCADA,1,"2019/08/19 16:45:00",TORRA1,57.436040
D,DISPATCH,UNIT_SCADA,1,"2019/08/19 16:45:00",TORRA2,0
D,DISPATCH,UNIT_SCADA,1,"2019/08/19 16:45:00",TORRA3,39.920880
D,DISPATCH,UNIT_SCADA,1,"2019/08/19 16:45:00",TORRA4,0
D,DISPATCH,UNIT_SCADA,1,"2019/08/19 16:45:00",TORRB1,49.46
D,DISPATCH,UNIT_SCADA,1,"2019/08/19 16:45:00",TORRB2,62.58
D,DISPATCH,UNIT_SCADA,1,"2019/08/19 16:45:00",TORRB3,0
D,DISPATCH,UNIT_SCADA,1,"2019/08/19 16:45:00",TORRB4,0
D,DISPATCH,UNIT_SCADA,1,"2019/08/19 16:45:00",TREVALLN,39.810010
D,DISPATCH,UNIT_SCADA,1,"2019/08/19 16:45:00",TRIBUTE,83.97
D,DISPATCH,UNIT_SCADA,1,"2019/08/19 16:45:00",TUMUT3,-3.13
D,DISPATCH,UNIT_SCADA,1,"2019/08/19 16:45:00",TUNGATIN,121.830030
D,DISPATCH,UNIT_SCADA,1,"2019/08/19 16:45:00",TVCC201,0
D,DISPATCH,UNIT_SCADA,1,"2019/08/19 16:45:00",TVPP104,0
D,DISPATCH,UNIT_SCADA,1,"2019/08/19 16:45:00",UPPTUMUT,0
D,DISPATCH,UNIT_SCADA,1,"2019/08/19 16:45:00",URANQ11,0
D,DISPATCH,UNIT_SCADA,1,"2019/08/19 16:45:00",URANQ12,0
D,DISPATCH,UNIT_SCADA,1,"2019/08/19 16:45:00",URANQ13,0
D,DISPATCH,UNIT_SCADA,1,"2019/08/19 16:45:00",URANQ14,0
D,DISPATCH,UNIT_SCADA,1,"2019/08/19 16:45:00",VP5,500.274990
D,DISPATCH,UNIT_SCADA,1,"2019/08/19 16:45:00",VP6,448.700010
D,DISPATCH,UNIT_SCADA,1,"2019/08/19 16:45:00",VPGS1,0
D,DISPATCH,UNIT_SCADA,1,"2019/08/19 16:45:00",VPGS2,0
D,DISPATCH,UNIT_SCADA,1,"2019/08/19 16:45:00",VPGS3,0
D,DISPATCH,UNIT_SCADA,1,"2019/08/19 16:45:00",VPGS4,0
D,DISPATCH,UNIT_SCADA,1,"2019/08/19 16:45:00",VPGS5,0
D,DISPATCH,UNIT_SCADA,1,"2019/08/19 16:45:00",VPGS6,0
D,DISPATCH,UNIT_SCADA,1,"2019/08/19 16:45:00",W/HOE#1,0
D,DISPATCH,UNIT_SCADA,1,"2019/08/19 16:45:00",W/HOE#2,0
D,DISPATCH,UNIT_SCADA,1,"2019/08/19 16:45:00",WATERLWF,60
D,DISPATCH,UNIT_SCADA,1,"2019/08/19 16:45:00",WEMENSF1,59.40
D,DISPATCH,UNIT_SCADA,1,"2019/08/19 16:45:00",WGWF1,75.70
D,DISPATCH,UNIT_SCADA,1,"2019/08/19 16:45:00",WHITSF1,29.50
D,DISPATCH,UNIT_SCADA,1,"2019/08/19 16:45:00",WKIEWA1,0
D,DISPATCH,UNIT_SCADA,1,"2019/08/19 16:45:00",WKIEWA2,0.10
D,DISPATCH,UNIT_SCADA,1,"2019/08/19 16:45:00",WOODLWN1,44.5950
D,DISPATCH,UNIT_SCADA,1,"2019/08/19 16:45:00",WRSF1,3.99
D,DISPATCH,UNIT_SCADA,1,"2019/08/19 16:45:00",WRWF1,149.209990
D,DISPATCH,UNIT_SCADA,1,"2019/08/19 16:45:00",YABULU,0
D,DISPATCH,UNIT_SCADA,1,"2019/08/19 16:45:00",YABULU2,0
D,DISPATCH,UNIT_SCADA,1,"2019/08/19 16:45:00",YARWUN_1,0
D,DISPATCH,UNIT_SCADA,1,"2019/08/19 16:45:00",YENDWF1,42.05
D,DISPATCH,UNIT_SCADA,1,"2019/08/19 16:45:00",YWPS1,380.450620
D,DISPATCH,UNIT_SCADA,1,"2019/08/19 16:45:00",YWPS2,279.6962
D,DISPATCH,UNIT_SCADA,1,"2019/08/19 16:45:00",YWPS3,0
D,DISPATCH,UNIT_SCADA,1,"2019/08/19 16:45:00",YWPS4,397.496220
C,"END OF REPORT",334
