C,NEMP.WORLD,DISPATCHSCADA,AEMO,PUBLIC,2019/09/05,20:45:07,0000000312436225,DISPATCHSCADA,0000000312436219
I,DISPATCH,UNIT_SCADA,1,SETTLEMENTDATE,DUID,SCADAVALUE
D,DISPATCH,UNIT_SCADA,1,"2019/09/05 20:50:00",BARCSF1,0.30
D,DISPATCH,UNIT_SCADA,1,"2019/09/05 20:50:00",BUTLERSG,10.199999
D,DISPATCH,UNIT_SCADA,1,"2019/09/05 20:50:00",CALL_A_4,0
D,DISPATCH,UNIT_SCADA,1,"2019/09/05 20:50:00",CAPTL_WF,41.087997
D,DISPATCH,UNIT_SCADA,1,"2019/09/05 20:50:00",CATHROCK,0
D,DISPATCH,UNIT_SCADA,1,"2019/09/05 20:50:00",CHALLHWF,7.90
D,DISPATCH,UNIT_SCADA,1,"2019/09/05 20:50:00",CLOVER,-0.02
D,DISPATCH,UNIT_SCADA,1,"2019/09/05 20:50:00",CLUNY,17.087206
D,DISPATCH,UNIT_SCADA,1,"2019/09/05 20:50:00",CNUNDAWF,5.005839
D,DISPATCH,UNIT_SCADA,1,"2019/09/05 20:50:00",CULLRGWF,12.95
D,DISPATCH,UNIT_SCADA,1,"2019/09/05 20:50:00",ERGT01,0
D,DISPATCH,UNIT_SCADA,1,"2019/09/05 20:50:00",GB01,0.018360
D,DISPATCH,UNIT_SCADA,1,"2019/09/05 20:50:00",GERMCRK,36.400002
D,DISPATCH,UNIT_SCADA,1,"2019/09/05 20:50:00",GRIFSF1,0
D,DISPATCH,UNIT_SCADA,1,"2019/09/05 20:50:00",HUGSF1,-0.1310
D,DISPATCH,UNIT_SCADA,1,"2019/09/05 20:50:00",LKBONNY1,4.018921
D,DISPATCH,UNIT_SCADA,1,"2019/09/05 20:50:00",LRSF1,-0.0010
D,DISPATCH,UNIT_SCADA,1,"2019/09/05 20:50:00",MBAHNTH,46.856247
D,DISPATCH,UNIT_SCADA,1,"2019/09/05 20:50:00",MLSP1,0
D,DISPATCH,UNIT_SCADA,1,"2019/09/05 20:50:00",MLWF1,-0.0150
D,DISPATCH,UNIT_SCADA,1,"2019/09/05 20:50:00",MTMILLAR,30.546583
D,DISPATCH,UNIT_SCADA,1,"2019/09/05 20:50:00",PALOONA,25.74
D,DISPATCH,UNIT_SCADA,1,"2019/09/05 20:50:00",PIONEER,44.200001
D,DISPATCH,UNIT_SCADA,1,"2019/09/05 20:50:00",PORTWF,37.50
D,DISPATCH,UNIT_SCADA,1,"2019/09/05 20:50:00",REPULSE,33.063858
D,DISPATCH,UNIT_SCADA,1,"2019/09/05 20:50:00",ROWALLAN,10.3944
D,DISPATCH,UNIT_SCADA,1,"2019/09/05 20:50:00",ROYALLA1,0
D,DISPATCH,UNIT_SCADA,1,"2019/09/05 20:50:00",RPCG,10.40
D,DISPATCH,UNIT_SCADA,1,"2019/09/05 20:50:00",RUBICON,0
D,DISPATCH,UNIT_SCADA,1,"2019/09/05 20:50:00",SATGN1,0
D,DISPATCH,UNIT_SCADA,1,"2019/09/05 20:50:00",SATGS1,0
D,DISPATCH,UNIT_SCADA,1,"2019/09/05 20:50:00",STARHLWF,30.091225
D,DISPATCH,UNIT_SCADA,1,"2019/09/05 20:50:00",WAUBRAWF,65.211998
D,DISPATCH,UNIT_SCADA,1,"2019/09/05 20:50:00",WOOLNTH1,126.530014
D,DISPATCH,UNIT_SCADA,1,"2019/09/05 20:50:00",WPWF,27
D,DISPATCH,UNIT_SCADA,1,"2019/09/05 20:50:00",YAMBUKWF,3.70
D,DISPATCH,UNIT_SCADA,1,"2019/09/05 20:50:00",YSWF1,4.50
D,DISPATCH,UNIT_SCADA,1,"2019/09/05 20:50:00",AGLHAL,0
D,DISPATCH,UNIT_SCADA,1,"2019/09/05 20:50:00",AGLSOM,119.40
D,DISPATCH,UNIT_SCADA,1,"2019/09/05 20:50:00",ANGAST1,0
D,DISPATCH,UNIT_SCADA,1,"2019/09/05 20:50:00",ARWF1,13
D,DISPATCH,UNIT_SCADA,1,"2019/09/05 20:50:00",BALBG1,19.05
D,DISPATCH,UNIT_SCADA,1,"2019/09/05 20:50:00",BALBL1,0
D,DISPATCH,UNIT_SCADA,1,"2019/09/05 20:50:00",BALDHWF1,75.772990
D,DISPATCH,UNIT_SCADA,1,"2019/09/05 20:50:00",BANN1,0
D,DISPATCH,UNIT_SCADA,1,"2019/09/05 20:50:00",BARCALDN,0
D,DISPATCH,UNIT_SCADA,1,"2019/09/05 20:50:00",BARRON-1,33.60
D,DISPATCH,UNIT_SCADA,1,"2019/09/05 20:50:00",BARRON-2,0
D,DISPATCH,UNIT_SCADA,1,"2019/09/05 20:50:00",BASTYAN,79.290010
D,DISPATCH,UNIT_SCADA,1,"2019/09/05 20:50:00",BBTHREE1,0
D,DISPATCH,UNIT_SCADA,1,"2019/09/05 20:50:00",BBTHREE2,0
D,DISPATCH,UNIT_SCADA,1,"2019/09/05 20:50:00",BBTHREE3,0
D,DISPATCH,UNIT_SCADA,1,"2019/09/05 20:50:00",BDL01,18.60
D,DISPATCH,UNIT_SCADA,1,"2019/09/05 20:50:00",BDL02,18.42
D,DISPATCH,UNIT_SCADA,1,"2019/09/05 20:50:00",BERYLSF1,0
D,DISPATCH,UNIT_SCADA,1,"2019/09/05 20:50:00",BLOWERNG,15.40
D,DISPATCH,UNIT_SCADA,1,"2019/09/05 20:50:00",BLUFF1,41.30
D,DISPATCH,UNIT_SCADA,1,"2019/09/05 20:50:00",BNGSF1,0
D,DISPATCH,UNIT_SCADA,1,"2019/09/05 20:50:00",BNGSF2,0
D,DISPATCH,UNIT_SCADA,1,"2019/09/05 20:50:00",BOCORWF1,0.63
D,DISPATCH,UNIT_SCADA,1,"2019/09/05 20:50:00",BODWF1,8.0529
D,DISPATCH,UNIT_SCADA,1,"2019/09/05 20:50:00",BRAEMAR1,0
D,DISPATCH,UNIT_SCADA,1,"2019/09/05 20:50:00",BRAEMAR2,0
D,DISPATCH,UNIT_SCADA,1,"2019/09/05 20:50:00",BRAEMAR3,172.400010
D,DISPATCH,UNIT_SCADA,1,"2019/09/05 20:50:00",BRAEMAR5,155.234390
D,DISPATCH,UNIT_SCADA,1,"2019/09/05 20:50:00",BRAEMAR6,0
D,DISPATCH,UNIT_SCADA,1,"2019/09/05 20:50:00",BRAEMAR7,0
D,DISPATCH,UNIT_SCADA,1,"2019/09/05 20:50:00",BROKENH1,0
D,DISPATCH,UNIT_SCADA,1,"2019/09/05 20:50:00",BW01,558.974980
D,DISPATCH,UNIT_SCADA,1,"2019/09/05 20:50:00",BW02,640.050050
D,DISPATCH,UNIT_SCADA,1,"2019/09/05 20:50:00",BW03,638.949950
D,DISPATCH,UNIT_SCADA,1,"2019/09/05 20:50:00",BW04,0
D,DISPATCH,UNIT_SCADA,1,"2019/09/05 20:50:00",CALL_B_1,347.899990
D,DISPATCH,UNIT_SCADA,1,"2019/09/05 20:50:00",CALL_B_2,297.899990
D,DISPATCH,UNIT_SCADA,1,"2019/09/05 20:50:00",CETHANA,97.046880
D,DISPATCH,UNIT_SCADA,1,"2019/09/05 20:50:00",CG1,0
D,DISPATCH,UNIT_SCADA,1,"2019/09/05 20:50:00",CG2,0
D,DISPATCH,UNIT_SCADA,1,"2019/09/05 20:50:00",CG3,0
D,DISPATCH,UNIT_SCADA,1,"2019/09/05 20:50:00",CG4,0
D,DISPATCH,UNIT_SCADA,1,"2019/09/05 20:50:00",CHILDSF1,0
D,DISPATCH,UNIT_SCADA,1,"2019/09/05 20:50:00",CLARESF1,0
D,DISPATCH,UNIT_SCADA,1,"2019/09/05 20:50:00",CLEMGPWF,27.805520
D,DISPATCH,UNIT_SCADA,1,"2019/09/05 20:50:00",CLERMSF1,0
D,DISPATCH,UNIT_SCADA,1,"2019/09/05 20:50:00",COLEASF1,0
D,DISPATCH,UNIT_SCADA,1,"2019/09/05 20:50:00",COOPGWF1,8.952210
D,DISPATCH,UNIT_SCADA,1,"2019/09/05 20:50:00",CPP_3,407
D,DISPATCH,UNIT_SCADA,1,"2019/09/05 20:50:00",CPP_4,405.6250
D,DISPATCH,UNIT_SCADA,1,"2019/09/05 20:50:00",CPSA,142.0475
D,DISPATCH,UNIT_SCADA,1,"2019/09/05 20:50:00",CROOKWF2,31.213750
D,DISPATCH,UNIT_SCADA,1,"2019/09/05 20:50:00",CROWLWF1,20.907010
D,DISPATCH,UNIT_SCADA,1,"2019/09/05 20:50:00",CSPVPS1,0
D,DISPATCH,UNIT_SCADA,1,"2019/09/05 20:50:00",DALNTH01,0
D,DISPATCH,UNIT_SCADA,1,"2019/09/05 20:50:00",DALNTHL1,0.068670
D,DISPATCH,UNIT_SCADA,1,"2019/09/05 20:50:00",DARTM1,133.399990
D,DISPATCH,UNIT_SCADA,1,"2019/09/05 20:50:00",DAYDSF1,0
D,DISPATCH,UNIT_SCADA,1,"2019/09/05 20:50:00",DDPS1,620.470580
D,DISPATCH,UNIT_SCADA,1,"2019/09/05 20:50:00",DDSF1,0
D,DISPATCH,UNIT_SCADA,1,"2019/09/05 20:50:00",DEVILS_G,63.7788
D,DISPATCH,UNIT_SCADA,1,"2019/09/05 20:50:00",DG_NSW1,0
D,DISPATCH,UNIT_SCADA,1,"2019/09/05 20:50:00",DG_QLD1,0
D,DISPATCH,UNIT_SCADA,1,"2019/09/05 20:50:00",DG_SA1,0
D,DISPATCH,UNIT_SCADA,1,"2019/09/05 20:50:00",DG_TAS1,0
D,DISPATCH,UNIT_SCADA,1,"2019/09/05 20:50:00",DG_VIC1,0
D,DISPATCH,UNIT_SCADA,1,"2019/09/05 20:50:00",DRYCGT1,0
D,DISPATCH,UNIT_SCADA,1,"2019/09/05 20:50:00",DRYCGT2,0
D,DISPATCH,UNIT_SCADA,1,"2019/09/05 20:50:00",DRYCGT3,0
D,DISPATCH,UNIT_SCADA,1,"2019/09/05 20:50:00",EILDON1,0
D,DISPATCH,UNIT_SCADA,1,"2019/09/05 20:50:00",EILDON2,0
D,DISPATCH,UNIT_SCADA,1,"2019/09/05 20:50:00",EMERASF1,0
D,DISPATCH,UNIT_SCADA,1,"2019/09/05 20:50:00",ER01,584.50
D,DISPATCH,UNIT_SCADA,1,"2019/09/05 20:50:00",ER02,690.425050
D,DISPATCH,UNIT_SCADA,1,"2019/09/05 20:50:00",ER03,0
D,DISPATCH,UNIT_SCADA,1,"2019/09/05 20:50:00",ER04,674.50
D,DISPATCH,UNIT_SCADA,1,"2019/09/05 20:50:00",FINLYSF1,0
D,DISPATCH,UNIT_SCADA,1,"2019/09/05 20:50:00",FISHER,45.64
D,DISPATCH,UNIT_SCADA,1,"2019/09/05 20:50:00",GANNBG1,16.700080
D,DISPATCH,UNIT_SCADA,1,"2019/09/05 20:50:00",GANNBL1,0
D,DISPATCH,UNIT_SCADA,1,"2019/09/05 20:50:00",GANNSF1,0
D,DISPATCH,UNIT_SCADA,1,"2019/09/05 20:50:00",GORDON,21.410480
D,DISPATCH,UNIT_SCADA,1,"2019/09/05 20:50:00",GSTONE1,222.95
D,DISPATCH,UNIT_SCADA,1,"2019/09/05 20:50:00",GSTONE2,214.024990
D,DISPATCH,UNIT_SCADA,1,"2019/09/05 20:50:00",GSTONE3,0
D,DISPATCH,UNIT_SCADA,1,"2019/09/05 20:50:00",GSTONE4,222.599990
D,DISPATCH,UNIT_SCADA,1,"2019/09/05 20:50:00",GSTONE5,223.474990
D,DISPATCH,UNIT_SCADA,1,"2019/09/05 20:50:00",GSTONE6,224
D,DISPATCH,UNIT_SCADA,1,"2019/09/05 20:50:00",GULLRSF1,0
D,DISPATCH,UNIT_SCADA,1,"2019/09/05 20:50:00",GULLRWF1,28.1694
D,DISPATCH,UNIT_SCADA,1,"2019/09/05 20:50:00",GUNNING1,30.382270
D,DISPATCH,UNIT_SCADA,1,"2019/09/05 20:50:00",GUTHEGA,30.90
D,DISPATCH,UNIT_SCADA,1,"2019/09/05 20:50:00",HALLWF1,88.88
D,DISPATCH,UNIT_SCADA,1,"2019/09/05 20:50:00",HALLWF2,58.29
D,DISPATCH,UNIT_SCADA,1,"2019/09/05 20:50:00",HAMISF1,0
D,DISPATCH,UNIT_SCADA,1,"2019/09/05 20:50:00",HAUGHT11,0
D,DISPATCH,UNIT_SCADA,1,"2019/09/05 20:50:00",HAYMSF1,0
D,DISPATCH,UNIT_SCADA,1,"2019/09/05 20:50:00",HDWF1,66
D,DISPATCH,UNIT_SCADA,1,"2019/09/05 20:50:00",HDWF2,53.90
D,DISPATCH,UNIT_SCADA,1,"2019/09/05 20:50:00",HDWF3,57.90
D,DISPATCH,UNIT_SCADA,1,"2019/09/05 20:50:00",HPRG1,19.80
D,DISPATCH,UNIT_SCADA,1,"2019/09/05 20:50:00",HPRL1,0
D,DISPATCH,UNIT_SCADA,1,"2019/09/05 20:50:00",HUMENSW,0
D,DISPATCH,UNIT_SCADA,1,"2019/09/05 20:50:00",HUMEV,25.10
D,DISPATCH,UNIT_SCADA,1,"2019/09/05 20:50:00",HVGTS,0
D,DISPATCH,UNIT_SCADA,1,"2019/09/05 20:50:00",JBUTTERS,22.99
D,DISPATCH,UNIT_SCADA,1,"2019/09/05 20:50:00",JLA01,0.10
D,DISPATCH,UNIT_SCADA,1,"2019/09/05 20:50:00",JLA02,0
D,DISPATCH,UNIT_SCADA,1,"2019/09/05 20:50:00",JLA03,0
D,DISPATCH,UNIT_SCADA,1,"2019/09/05 20:50:00",JLA04,0
D,DISPATCH,UNIT_SCADA,1,"2019/09/05 20:50:00",JLB01,0
D,DISPATCH,UNIT_SCADA,1,"2019/09/05 20:50:00",JLB02,0.10
D,DISPATCH,UNIT_SCADA,1,"2019/09/05 20:50:00",JLB03,29.90
D,DISPATCH,UNIT_SCADA,1,"2019/09/05 20:50:00",KAREEYA1,21.5375
D,DISPATCH,UNIT_SCADA,1,"2019/09/05 20:50:00",KAREEYA2,21.7325
D,DISPATCH,UNIT_SCADA,1,"2019/09/05 20:50:00",KAREEYA3,0
D,DISPATCH,UNIT_SCADA,1,"2019/09/05 20:50:00",KAREEYA4,21.53
D,DISPATCH,UNIT_SCADA,1,"2019/09/05 20:50:00",KARSF1,0
D,DISPATCH,UNIT_SCADA,1,"2019/09/05 20:50:00",KIATAWF1,23.90
D,DISPATCH,UNIT_SCADA,1,"2019/09/05 20:50:00",KPP_1,0
D,DISPATCH,UNIT_SCADA,1,"2019/09/05 20:50:00",KSP1,0
D,DISPATCH,UNIT_SCADA,1,"2019/09/05 20:50:00",LADBROK1,41.79
D,DISPATCH,UNIT_SCADA,1,"2019/09/05 20:50:00",LADBROK2,42.18
D,DISPATCH,UNIT_SCADA,1,"2019/09/05 20:50:00",LD01,419.212550
D,DISPATCH,UNIT_SCADA,1,"2019/09/05 20:50:00",LD02,396.881290
D,DISPATCH,UNIT_SCADA,1,"2019/09/05 20:50:00",LD03,417.450010
D,DISPATCH,UNIT_SCADA,1,"2019/09/05 20:50:00",LD04,378.393770
D,DISPATCH,UNIT_SCADA,1,"2019/09/05 20:50:00",LEM_WIL,85.2658
D,DISPATCH,UNIT_SCADA,1,"2019/09/05 20:50:00",LGAPWF1,15.37
D,DISPATCH,UNIT_SCADA,1,"2019/09/05 20:50:00",LILYSF1,0
D,DISPATCH,UNIT_SCADA,1,"2019/09/05 20:50:00",LI_WY_CA,138.754620
D,DISPATCH,UNIT_SCADA,1,"2019/09/05 20:50:00",LKBONNY2,18.000590
D,DISPATCH,UNIT_SCADA,1,"2019/09/05 20:50:00",LKBONNY3,13.285640
D,DISPATCH,UNIT_SCADA,1,"2019/09/05 20:50:00",LK_ECHO,0
D,DISPATCH,UNIT_SCADA,1,"2019/09/05 20:50:00",LNGS1,0
D,DISPATCH,UNIT_SCADA,1,"2019/09/05 20:50:00",LNGS2,0
D,DISPATCH,UNIT_SCADA,1,"2019/09/05 20:50:00",LONSDALE,0
D,DISPATCH,UNIT_SCADA,1,"2019/09/05 20:50:00",LOYYB1,537.216430
D,DISPATCH,UNIT_SCADA,1,"2019/09/05 20:50:00",LOYYB2,582.330380
D,DISPATCH,UNIT_SCADA,1,"2019/09/05 20:50:00",LYA1,0
D,DISPATCH,UNIT_SCADA,1,"2019/09/05 20:50:00",LYA2,0
D,DISPATCH,UNIT_SCADA,1,"2019/09/05 20:50:00",LYA3,560
D,DISPATCH,UNIT_SCADA,1,"2019/09/05 20:50:00",LYA4,540
D,DISPATCH,UNIT_SCADA,1,"2019/09/05 20:50:00",MACARTH1,0
D,DISPATCH,UNIT_SCADA,1,"2019/09/05 20:50:00",MACKAYGT,0.2240
D,DISPATCH,UNIT_SCADA,1,"2019/09/05 20:50:00",MACKNTSH,88.080010
D,DISPATCH,UNIT_SCADA,1,"2019/09/05 20:50:00",MANSLR1,0
D,DISPATCH,UNIT_SCADA,1,"2019/09/05 20:50:00",MCKAY1,0.0750
D,DISPATCH,UNIT_SCADA,1,"2019/09/05 20:50:00",MEADOWBK,33.924460
D,DISPATCH,UNIT_SCADA,1,"2019/09/05 20:50:00",MERCER01,77.2260
D,DISPATCH,UNIT_SCADA,1,"2019/09/05 20:50:00",MEWF1,24.498180
D,DISPATCH,UNIT_SCADA,1,"2019/09/05 20:50:00",MINTARO,0
D,DISPATCH,UNIT_SCADA,1,"2019/09/05 20:50:00",MOREESF1,0
D,DISPATCH,UNIT_SCADA,1,"2019/09/05 20:50:00",MORTLK11,259
D,DISPATCH,UNIT_SCADA,1,"2019/09/05 20:50:00",MORTLK12,0
D,DISPATCH,UNIT_SCADA,1,"2019/09/05 20:50:00",MP1,219.900020
D,DISPATCH,UNIT_SCADA,1,"2019/09/05 20:50:00",MP2,0
D,DISPATCH,UNIT_SCADA,1,"2019/09/05 20:50:00",MPP_1,400.75
D,DISPATCH,UNIT_SCADA,1,"2019/09/05 20:50:00",MPP_2,436
D,DISPATCH,UNIT_SCADA,1,"2019/09/05 20:50:00",MSTUART1,0
D,DISPATCH,UNIT_SCADA,1,"2019/09/05 20:50:00",MSTUART2,0
D,DISPATCH,UNIT_SCADA,1,"2019/09/05 20:50:00",MSTUART3,0
D,DISPATCH,UNIT_SCADA,1,"2019/09/05 20:50:00",MTGELWF1,4.045230
D,DISPATCH,UNIT_SCADA,1,"2019/09/05 20:50:00",MURRAY,0
D,DISPATCH,UNIT_SCADA,1,"2019/09/05 20:50:00",MUSSELR1,38.70
D,DISPATCH,UNIT_SCADA,1,"2019/09/05 20:50:00",MUWAWF1,37.19
D,DISPATCH,UNIT_SCADA,1,"2019/09/05 20:50:00",NBHWF1,106.90
D,DISPATCH,UNIT_SCADA,1,"2019/09/05 20:50:00",NPS,510
D,DISPATCH,UNIT_SCADA,1,"2019/09/05 20:50:00",NUMURSF1,0
D,DISPATCH,UNIT_SCADA,1,"2019/09/05 20:50:00",NYNGAN1,0
D,DISPATCH,UNIT_SCADA,1,"2019/09/05 20:50:00",OAKEY1,0
D,DISPATCH,UNIT_SCADA,1,"2019/09/05 20:50:00",OAKEY1SF,0
D,DISPATCH,UNIT_SCADA,1,"2019/09/05 20:50:00",OAKEY2,0
D,DISPATCH,UNIT_SCADA,1,"2019/09/05 20:50:00",OAKEY2SF,0
D,DISPATCH,UNIT_SCADA,1,"2019/09/05 20:50:00",OAKLAND1,-0.30
D,DISPATCH,UNIT_SCADA,1,"2019/09/05 20:50:00",OSB-AG,180.59
D,DISPATCH,UNIT_SCADA,1,"2019/09/05 20:50:00",PARSF1,0
D,DISPATCH,UNIT_SCADA,1,"2019/09/05 20:50:00",POAT110,0
D,DISPATCH,UNIT_SCADA,1,"2019/09/05 20:50:00",POAT220,1.27
D,DISPATCH,UNIT_SCADA,1,"2019/09/05 20:50:00",POR01,0
D,DISPATCH,UNIT_SCADA,1,"2019/09/05 20:50:00",POR03,0
D,DISPATCH,UNIT_SCADA,1,"2019/09/05 20:50:00",PPCCGT,486.286990
D,DISPATCH,UNIT_SCADA,1,"2019/09/05 20:50:00",PTSTAN1,0
D,DISPATCH,UNIT_SCADA,1,"2019/09/05 20:50:00",PUMP1,0
D,DISPATCH,UNIT_SCADA,1,"2019/09/05 20:50:00",PUMP2,0
D,DISPATCH,UNIT_SCADA,1,"2019/09/05 20:50:00",QPS1,29
D,DISPATCH,UNIT_SCADA,1,"2019/09/05 20:50:00",QPS2,0
D,DISPATCH,UNIT_SCADA,1,"2019/09/05 20:50:00",QPS3,0
D,DISPATCH,UNIT_SCADA,1,"2019/09/05 20:50:00",QPS4,0
D,DISPATCH,UNIT_SCADA,1,"2019/09/05 20:50:00",QPS5,7.95
D,DISPATCH,UNIT_SCADA,1,"2019/09/05 20:50:00",REECE1,116.460010
D,DISPATCH,UNIT_SCADA,1,"2019/09/05 20:50:00",REECE2,116.800010
D,DISPATCH,UNIT_SCADA,1,"2019/09/05 20:50:00",ROMA_7,0
D,DISPATCH,UNIT_SCADA,1,"2019/09/05 20:50:00",ROMA_8,0
D,DISPATCH,UNIT_SCADA,1,"2019/09/05 20:50:00",RRSF1,0
D,DISPATCH,UNIT_SCADA,1,"2019/09/05 20:50:00",RT_NSW1,0
D,DISPATCH,UNIT_SCADA,1,"2019/09/05 20:50:00",RT_NSW2,0
D,DISPATCH,UNIT_SCADA,1,"2019/09/05 20:50:00",RT_NSW3,0
D,DISPATCH,UNIT_SCADA,1,"2019/09/05 20:50:00",RT_NSW4,0
D,DISPATCH,UNIT_SCADA,1,"2019/09/05 20:50:00",RT_NSW5,0
D,DISPATCH,UNIT_SCADA,1,"2019/09/05 20:50:00",RT_NSW6,0
D,DISPATCH,UNIT_SCADA,1,"2019/09/05 20:50:00",RT_QLD1,0
D,DISPATCH,UNIT_SCADA,1,"2019/09/05 20:50:00",RT_SA1,0
D,DISPATCH,UNIT_SCADA,1,"2019/09/05 20:50:00",RT_SA2,0
D,DISPATCH,UNIT_SCADA,1,"2019/09/05 20:50:00",RT_SA3,0
D,DISPATCH,UNIT_SCADA,1,"2019/09/05 20:50:00",RT_SA4,0
D,DISPATCH,UNIT_SCADA,1,"2019/09/05 20:50:00",RT_SA5,0
D,DISPATCH,UNIT_SCADA,1,"2019/09/05 20:50:00",RT_SA6,0
D,DISPATCH,UNIT_SCADA,1,"2019/09/05 20:50:00",RT_TAS1,0
D,DISPATCH,UNIT_SCADA,1,"2019/09/05 20:50:00",RT_VIC1,0
D,DISPATCH,UNIT_SCADA,1,"2019/09/05 20:50:00",RT_VIC10,0
D,DISPATCH,UNIT_SCADA,1,"2019/09/05 20:50:00",RT_VIC11,0
D,DISPATCH,UNIT_SCADA,1,"2019/09/05 20:50:00",RT_VIC12,0
D,DISPATCH,UNIT_SCADA,1,"2019/09/05 20:50:00",RT_VIC2,0
D,DISPATCH,UNIT_SCADA,1,"2019/09/05 20:50:00",RT_VIC3,0
D,DISPATCH,UNIT_SCADA,1,"2019/09/05 20:50:00",RT_VIC4,0
D,DISPATCH,UNIT_SCADA,1,"2019/09/05 20:50:00",RT_VIC5,0
D,DISPATCH,UNIT_SCADA,1,"2019/09/05 20:50:00",RT_VIC6,0
D,DISPATCH,UNIT_SCADA,1,"2019/09/05 20:50:00",RT_VIC7,0
D,DISPATCH,UNIT_SCADA,1,"2019/09/05 20:50:00",RT_VIC8,0
D,DISPATCH,UNIT_SCADA,1,"2019/09/05 20:50:00",RT_VIC9,0
D,DISPATCH,UNIT_SCADA,1,"2019/09/05 20:50:00",RUGBYR1,0
D,DISPATCH,UNIT_SCADA,1,"2019/09/05 20:50:00",SALTCRK1,0.83
D,DISPATCH,UNIT_SCADA,1,"2019/09/05 20:50:00",SAPHWF1,39.046880
D,DISPATCH,UNIT_SCADA,1,"2019/09/05 20:50:00",SHGEN,81.525010
D,DISPATCH,UNIT_SCADA,1,"2019/09/05 20:50:00",SHPUMP,0
D,DISPATCH,UNIT_SCADA,1,"2019/09/05 20:50:00",SITHE01,0.194050
D,DISPATCH,UNIT_SCADA,1,"2019/09/05 20:50:00",SMCSF1,0
D,DISPATCH,UNIT_SCADA,1,"2019/09/05 20:50:00",SNOWNTH1,83.40
D,DISPATCH,UNIT_SCADA,1,"2019/09/05 20:50:00",SNOWSTH1,86.30
D,DISPATCH,UNIT_SCADA,1,"2019/09/05 20:50:00",SNOWTWN1,75.159950
D,DISPATCH,UNIT_SCADA,1,"2019/09/05 20:50:00",SNOWYP,0
D,DISPATCH,UNIT_SCADA,1,"2019/09/05 20:50:00",SNUG1,0.019440
D,DISPATCH,UNIT_SCADA,1,"2019/09/05 20:50:00",SRSF1,0.22
D,DISPATCH,UNIT_SCADA,1,"2019/09/05 20:50:00",STAN-1,257.624970
D,DISPATCH,UNIT_SCADA,1,"2019/09/05 20:50:00",STAN-2,357.296170
D,DISPATCH,UNIT_SCADA,1,"2019/09/05 20:50:00",STAN-3,366.460910
D,DISPATCH,UNIT_SCADA,1,"2019/09/05 20:50:00",STAN-4,367.178710
D,DISPATCH,UNIT_SCADA,1,"2019/09/05 20:50:00",STWF1,0
D,DISPATCH,UNIT_SCADA,1,"2019/09/05 20:50:00",SWAN_E,0
D,DISPATCH,UNIT_SCADA,1,"2019/09/05 20:50:00",TALWA1,415
D,DISPATCH,UNIT_SCADA,1,"2019/09/05 20:50:00",TARALGA1,18.978740
D,DISPATCH,UNIT_SCADA,1,"2019/09/05 20:50:00",TARONG#1,349.300020
D,DISPATCH,UNIT_SCADA,1,"2019/09/05 20:50:00",TARONG#2,0
D,DISPATCH,UNIT_SCADA,1,"2019/09/05 20:50:00",TARONG#3,349.600010
D,DISPATCH,UNIT_SCADA,1,"2019/09/05 20:50:00",TARONG#4,348.50
D,DISPATCH,UNIT_SCADA,1,"2019/09/05 20:50:00",TARRALEA,74.10
D,DISPATCH,UNIT_SCADA,1,"2019/09/05 20:50:00",TBSF1,-0.20
D,DISPATCH,UNIT_SCADA,1,"2019/09/05 20:50:00",TNPS1,397.600010
D,DISPATCH,UNIT_SCADA,1,"2019/09/05 20:50:00",TORRA1,76.347920
D,DISPATCH,UNIT_SCADA,1,"2019/09/05 20:50:00",TORRA2,0
D,DISPATCH,UNIT_SCADA,1,"2019/09/05 20:50:00",TORRA3,0
D,DISPATCH,UNIT_SCADA,1,"2019/09/05 20:50:00",TORRA4,77.927420
D,DISPATCH,UNIT_SCADA,1,"2019/09/05 20:50:00",TORRB1,95.53
D,DISPATCH,UNIT_SCADA,1,"2019/09/05 20:50:00",TORRB2,95.70
D,DISPATCH,UNIT_SCADA,1,"2019/09/05 20:50:00",TORRB3,95.83
D,DISPATCH,UNIT_SCADA,1,"2019/09/05 20:50:00",TORRB4,0
D,DISPATCH,UNIT_SCADA,1,"2019/09/05 20:50:00",TREVALLN,91.800030
D,DISPATCH,UNIT_SCADA,1,"2019/09/05 20:50:00",TRIBUTE,0
D,DISPATCH,UNIT_SCADA,1,"2019/09/05 20:50:00",TUMUT3,186.80
D,DISPATCH,UNIT_SCADA,1,"2019/09/05 20:50:00",TUNGATIN,70.260030
D,DISPATCH,UNIT_SCADA,1,"2019/09/05 20:50:00",TVCC201,0
D,DISPATCH,UNIT_SCADA,1,"2019/09/05 20:50:00",TVPP104,0
D,DISPATCH,UNIT_SCADA,1,"2019/09/05 20:50:00",UPPTUMUT,580.021240
D,DISPATCH,UNIT_SCADA,1,"2019/09/05 20:50:00",URANQ11,0
D,DISPATCH,UNIT_SCADA,1,"2019/09/05 20:50:00",URANQ12,0
D,DISPATCH,UNIT_SCADA,1,"2019/09/05 20:50:00",URANQ13,0
D,DISPATCH,UNIT_SCADA,1,"2019/09/05 20:50:00",URANQ14,0
D,DISPATCH,UNIT_SCADA,1,"2019/09/05 20:50:00",VP5,432.175020
D,DISPATCH,UNIT_SCADA,1,"2019/09/05 20:50:00",VP6,0
D,DISPATCH,UNIT_SCADA,1,"2019/09/05 20:50:00",VPGS1,0
D,DISPATCH,UNIT_SCADA,1,"2019/09/05 20:50:00",VPGS2,0
D,DISPATCH,UNIT_SCADA,1,"2019/09/05 20:50:00",VPGS3,0
D,DISPATCH,UNIT_SCADA,1,"2019/09/05 20:50:00",VPGS4,0
D,DISPATCH,UNIT_SCADA,1,"2019/09/05 20:50:00",VPGS5,0
D,DISPATCH,UNIT_SCADA,1,"2019/09/05 20:50:00",VPGS6,0
D,DISPATCH,UNIT_SCADA,1,"2019/09/05 20:50:00",W/HOE#1,0
D,DISPATCH,UNIT_SCADA,1,"2019/09/05 20:50:00",W/HOE#2,0
D,DISPATCH,UNIT_SCADA,1,"2019/09/05 20:50:00",WATERLWF,108.30
D,DISPATCH,UNIT_SCADA,1,"2019/09/05 20:50:00",WEMENSF1,0
D,DISPATCH,UNIT_SCADA,1,"2019/09/05 20:50:00",WGWF1,57.10
D,DISPATCH,UNIT_SCADA,1,"2019/09/05 20:50:00",WHITSF1,0
D,DISPATCH,UNIT_SCADA,1,"2019/09/05 20:50:00",WKIEWA1,16.10
D,DISPATCH,UNIT_SCADA,1,"2019/09/05 20:50:00",WKIEWA2,16
D,DISPATCH,UNIT_SCADA,1,"2019/09/05 20:50:00",WOODLWN1,9.1080
D,DISPATCH,UNIT_SCADA,1,"2019/09/05 20:50:00",WRSF1,0
D,DISPATCH,UNIT_SCADA,1,"2019/09/05 20:50:00",WRWF1,24.193750
D,DISPATCH,UNIT_SCADA,1,"2019/09/05 20:50:00",YABULU,159.930010
D,DISPATCH,UNIT_SCADA,1,"2019/09/05 20:50:00",YABULU2,0
D,DISPATCH,UNIT_SCADA,1,"2019/09/05 20:50:00",YARWUN_1,164.95
D,DISPATCH,UNIT_SCADA,1,"2019/09/05 20:50:00",YENDWF1,42.10
D,DISPATCH,UNIT_SCADA,1,"2019/09/05 20:50:00",YWPS1,378.445560
D,DISPATCH,UNIT_SCADA,1,"2019/09/05 20:50:00",YWPS2,278.693660
D,DISPATCH,UNIT_SCADA,1,"2019/09/05 20:50:00",YWPS3,330.596190
D,DISPATCH,UNIT_SCADA,1,"2019/09/05 20:50:00",YWPS4,397.778470
C,"END OF REPORT",335
