C,NEMP.WORLD,DISPATCHSCADA,AEMO,PUBLIC,2019/09/06,05:20:10,0000000312448977,DISPATCHSCADA,0000000312448971
I,DISPATCH,UNIT_SCADA,1,SETTLEMENTDATE,DUID,SCADAVALUE
D,DISPATCH,UNIT_SCADA,1,"2019/09/06 05:25:00",BARCSF1,0.30
D,DISPATCH,UNIT_SCADA,1,"2019/09/06 05:25:00",BUTLERSG,10.199999
D,DISPATCH,UNIT_SCADA,1,"2019/09/06 05:25:00",CALL_A_4,0
D,DISPATCH,UNIT_SCADA,1,"2019/09/06 05:25:00",CAPTL_WF,38.199997
D,DISPATCH,UNIT_SCADA,1,"2019/09/06 05:25:00",CATHROCK,0
D,DISPATCH,UNIT_SCADA,1,"2019/09/06 05:25:00",CHALLHWF,21.299999
D,DISPATCH,UNIT_SCADA,1,"2019/09/06 05:25:00",CLOVER,-0.02
D,DISPATCH,UNIT_SCADA,1,"2019/09/06 05:25:00",CLUNY,18.001831
D,DISPATCH,UNIT_SCADA,1,"2019/09/06 05:25:00",CNUNDAWF,1.601869
D,DISPATCH,UNIT_SCADA,1,"2019/09/06 05:25:00",CULLRGWF,7.21
D,DISPATCH,UNIT_SCADA,1,"2019/09/06 05:25:00",ERGT01,0
D,DISPATCH,UNIT_SCADA,1,"2019/09/06 05:25:00",GB01,0.015667
D,DISPATCH,UNIT_SCADA,1,"2019/09/06 05:25:00",GERMCRK,37.900002
D,DISPATCH,UNIT_SCADA,1,"2019/09/06 05:25:00",GRIFSF1,0
D,DISPATCH,UNIT_SCADA,1,"2019/09/06 05:25:00",HUGSF1,-0.2330
D,DISPATCH,UNIT_SCADA,1,"2019/09/06 05:25:00",LKBONNY1,13.753642
D,DISPATCH,UNIT_SCADA,1,"2019/09/06 05:25:00",LRSF1,-0.0010
D,DISPATCH,UNIT_SCADA,1,"2019/09/06 05:25:00",MBAHNTH,50.024994
D,DISPATCH,UNIT_SCADA,1,"2019/09/06 05:25:00",MLSP1,0
D,DISPATCH,UNIT_SCADA,1,"2019/09/06 05:25:00",MLWF1,18.66
D,DISPATCH,UNIT_SCADA,1,"2019/09/06 05:25:00",MTMILLAR,55.943779
D,DISPATCH,UNIT_SCADA,1,"2019/09/06 05:25:00",PALOONA,25.76
D,DISPATCH,UNIT_SCADA,1,"2019/09/06 05:25:00",PIONEER,38.700001
D,DISPATCH,UNIT_SCADA,1,"2019/09/06 05:25:00",PORTWF,34.200001
D,DISPATCH,UNIT_SCADA,1,"2019/09/06 05:25:00",REPULSE,32.562141
D,DISPATCH,UNIT_SCADA,1,"2019/09/06 05:25:00",ROWALLAN,10.3589
D,DISPATCH,UNIT_SCADA,1,"2019/09/06 05:25:00",ROYALLA1,0
D,DISPATCH,UNIT_SCADA,1,"2019/09/06 05:25:00",RPCG,8.50
D,DISPATCH,UNIT_SCADA,1,"2019/09/06 05:25:00",RUBICON,0
D,DISPATCH,UNIT_SCADA,1,"2019/09/06 05:25:00",SATGN1,0
D,DISPATCH,UNIT_SCADA,1,"2019/09/06 05:25:00",SATGS1,0
D,DISPATCH,UNIT_SCADA,1,"2019/09/06 05:25:00",STARHLWF,25.492567
D,DISPATCH,UNIT_SCADA,1,"2019/09/06 05:25:00",WAUBRAWF,15.6990
D,DISPATCH,UNIT_SCADA,1,"2019/09/06 05:25:00",WOOLNTH1,133.490021
D,DISPATCH,UNIT_SCADA,1,"2019/09/06 05:25:00",WPWF,35
D,DISPATCH,UNIT_SCADA,1,"2019/09/06 05:25:00",YAMBUKWF,12.70
D,DISPATCH,UNIT_SCADA,1,"2019/09/06 05:25:00",YSWF1,0
D,DISPATCH,UNIT_SCADA,1,"2019/09/06 05:25:00",AGLHAL,0
D,DISPATCH,UNIT_SCADA,1,"2019/09/06 05:25:00",AGLSOM,0
D,DISPATCH,UNIT_SCADA,1,"2019/09/06 05:25:00",ANGAST1,0
D,DISPATCH,UNIT_SCADA,1,"2019/09/06 05:25:00",ARWF1,33.20
D,DISPATCH,UNIT_SCADA,1,"2019/09/06 05:25:00",BALBG1,0
D,DISPATCH,UNIT_SCADA,1,"2019/09/06 05:25:00",BALBL1,0
D,DISPATCH,UNIT_SCADA,1,"2019/09/06 05:25:00",BALDHWF1,9.3560
D,DISPATCH,UNIT_SCADA,1,"2019/09/06 05:25:00",BANN1,0
D,DISPATCH,UNIT_SCADA,1,"2019/09/06 05:25:00",BARCALDN,0
D,DISPATCH,UNIT_SCADA,1,"2019/09/06 05:25:00",BARRON-1,0
D,DISPATCH,UNIT_SCADA,1,"2019/09/06 05:25:00",BARRON-2,0
D,DISPATCH,UNIT_SCADA,1,"2019/09/06 05:25:00",BASTYAN,78.390010
D,DISPATCH,UNIT_SCADA,1,"2019/09/06 05:25:00",BBTHREE1,0
D,DISPATCH,UNIT_SCADA,1,"2019/09/06 05:25:00",BBTHREE2,0
D,DISPATCH,UNIT_SCADA,1,"2019/09/06 05:25:00",BBTHREE3,0
D,DISPATCH,UNIT_SCADA,1,"2019/09/06 05:25:00",BDL01,0
D,DISPATCH,UNIT_SCADA,1,"2019/09/06 05:25:00",BDL02,0
D,DISPATCH,UNIT_SCADA,1,"2019/09/06 05:25:00",BERYLSF1,0
D,DISPATCH,UNIT_SCADA,1,"2019/09/06 05:25:00",BLOWERNG,15.30
D,DISPATCH,UNIT_SCADA,1,"2019/09/06 05:25:00",BLUFF1,52.80
D,DISPATCH,UNIT_SCADA,1,"2019/09/06 05:25:00",BNGSF1,0
D,DISPATCH,UNIT_SCADA,1,"2019/09/06 05:25:00",BNGSF2,0
D,DISPATCH,UNIT_SCADA,1,"2019/09/06 05:25:00",BOCORWF1,97.52
D,DISPATCH,UNIT_SCADA,1,"2019/09/06 05:25:00",BODWF1,34.670090
D,DISPATCH,UNIT_SCADA,1,"2019/09/06 05:25:00",BRAEMAR1,0
D,DISPATCH,UNIT_SCADA,1,"2019/09/06 05:25:00",BRAEMAR2,0
D,DISPATCH,UNIT_SCADA,1,"2019/09/06 05:25:00",BRAEMAR3,0
D,DISPATCH,UNIT_SCADA,1,"2019/09/06 05:25:00",BRAEMAR5,0
D,DISPATCH,UNIT_SCADA,1,"2019/09/06 05:25:00",BRAEMAR6,0
D,DISPATCH,UNIT_SCADA,1,"2019/09/06 05:25:00",BRAEMAR7,0
D,DISPATCH,UNIT_SCADA,1,"2019/09/06 05:25:00",BROKENH1,0
D,DISPATCH,UNIT_SCADA,1,"2019/09/06 05:25:00",BW01,585.324950
D,DISPATCH,UNIT_SCADA,1,"2019/09/06 05:25:00",BW02,599.75
D,DISPATCH,UNIT_SCADA,1,"2019/09/06 05:25:00",BW03,642.474980
D,DISPATCH,UNIT_SCADA,1,"2019/09/06 05:25:00",BW04,0
D,DISPATCH,UNIT_SCADA,1,"2019/09/06 05:25:00",CALL_B_1,350.50
D,DISPATCH,UNIT_SCADA,1,"2019/09/06 05:25:00",CALL_B_2,279.50
D,DISPATCH,UNIT_SCADA,1,"2019/09/06 05:25:00",CETHANA,26.933250
D,DISPATCH,UNIT_SCADA,1,"2019/09/06 05:25:00",CG1,0
D,DISPATCH,UNIT_SCADA,1,"2019/09/06 05:25:00",CG2,0
D,DISPATCH,UNIT_SCADA,1,"2019/09/06 05:25:00",CG3,0
D,DISPATCH,UNIT_SCADA,1,"2019/09/06 05:25:00",CG4,0
D,DISPATCH,UNIT_SCADA,1,"2019/09/06 05:25:00",CHILDSF1,0
D,DISPATCH,UNIT_SCADA,1,"2019/09/06 05:25:00",CLARESF1,0
D,DISPATCH,UNIT_SCADA,1,"2019/09/06 05:25:00",CLEMGPWF,55.611030
D,DISPATCH,UNIT_SCADA,1,"2019/09/06 05:25:00",CLERMSF1,0
D,DISPATCH,UNIT_SCADA,1,"2019/09/06 05:25:00",COLEASF1,0
D,DISPATCH,UNIT_SCADA,1,"2019/09/06 05:25:00",COOPGWF1,22.239210
D,DISPATCH,UNIT_SCADA,1,"2019/09/06 05:25:00",CPP_3,407.274990
D,DISPATCH,UNIT_SCADA,1,"2019/09/06 05:25:00",CPP_4,407.550020
D,DISPATCH,UNIT_SCADA,1,"2019/09/06 05:25:00",CPSA,143.415010
D,DISPATCH,UNIT_SCADA,1,"2019/09/06 05:25:00",CROOKWF2,58.763750
D,DISPATCH,UNIT_SCADA,1,"2019/09/06 05:25:00",CROWLWF1,29.683710
D,DISPATCH,UNIT_SCADA,1,"2019/09/06 05:25:00",CSPVPS1,0
D,DISPATCH,UNIT_SCADA,1,"2019/09/06 05:25:00",DALNTH01,0
D,DISPATCH,UNIT_SCADA,1,"2019/09/06 05:25:00",DALNTHL1,0.077820
D,DISPATCH,UNIT_SCADA,1,"2019/09/06 05:25:00",DARTM1,0
D,DISPATCH,UNIT_SCADA,1,"2019/09/06 05:25:00",DAYDSF1,0
D,DISPATCH,UNIT_SCADA,1,"2019/09/06 05:25:00",DDPS1,0
D,DISPATCH,UNIT_SCADA,1,"2019/09/06 05:25:00",DDSF1,0
D,DISPATCH,UNIT_SCADA,1,"2019/09/06 05:25:00",DEVILS_G,58.9520
D,DISPATCH,UNIT_SCADA,1,"2019/09/06 05:25:00",DG_NSW1,0
D,DISPATCH,UNIT_SCADA,1,"2019/09/06 05:25:00",DG_QLD1,0
D,DISPATCH,UNIT_SCADA,1,"2019/09/06 05:25:00",DG_SA1,0
D,DISPATCH,UNIT_SCADA,1,"2019/09/06 05:25:00",DG_TAS1,0
D,DISPATCH,UNIT_SCADA,1,"2019/09/06 05:25:00",DG_VIC1,0
D,DISPATCH,UNIT_SCADA,1,"2019/09/06 05:25:00",DRYCGT1,0
D,DISPATCH,UNIT_SCADA,1,"2019/09/06 05:25:00",DRYCGT2,0
D,DISPATCH,UNIT_SCADA,1,"2019/09/06 05:25:00",DRYCGT3,0
D,DISPATCH,UNIT_SCADA,1,"2019/09/06 05:25:00",EILDON1,0
D,DISPATCH,UNIT_SCADA,1,"2019/09/06 05:25:00",EILDON2,0
D,DISPATCH,UNIT_SCADA,1,"2019/09/06 05:25:00",EMERASF1,0
D,DISPATCH,UNIT_SCADA,1,"2019/09/06 05:25:00",ER01,540.7251
D,DISPATCH,UNIT_SCADA,1,"2019/09/06 05:25:00",ER02,603.50
D,DISPATCH,UNIT_SCADA,1,"2019/09/06 05:25:00",ER03,0
D,DISPATCH,UNIT_SCADA,1,"2019/09/06 05:25:00",ER04,602.50
D,DISPATCH,UNIT_SCADA,1,"2019/09/06 05:25:00",FINLYSF1,0
D,DISPATCH,UNIT_SCADA,1,"2019/09/06 05:25:00",FISHER,45.68
D,DISPATCH,UNIT_SCADA,1,"2019/09/06 05:25:00",GANNBG1,0
D,DISPATCH,UNIT_SCADA,1,"2019/09/06 05:25:00",GANNBL1,10.007290
D,DISPATCH,UNIT_SCADA,1,"2019/09/06 05:25:00",GANNSF1,0
D,DISPATCH,UNIT_SCADA,1,"2019/09/06 05:25:00",GORDON,17.632160
D,DISPATCH,UNIT_SCADA,1,"2019/09/06 05:25:00",GSTONE1,158.3750
D,DISPATCH,UNIT_SCADA,1,"2019/09/06 05:25:00",GSTONE2,146.474990
D,DISPATCH,UNIT_SCADA,1,"2019/09/06 05:25:00",GSTONE3,0
D,DISPATCH,UNIT_SCADA,1,"2019/09/06 05:25:00",GSTONE4,154.8750
D,DISPATCH,UNIT_SCADA,1,"2019/09/06 05:25:00",GSTONE5,153.30
D,DISPATCH,UNIT_SCADA,1,"2019/09/06 05:25:00",GSTONE6,154.1750
D,DISPATCH,UNIT_SCADA,1,"2019/09/06 05:25:00",GULLRSF1,0
D,DISPATCH,UNIT_SCADA,1,"2019/09/06 05:25:00",GULLRWF1,51.075560
D,DISPATCH,UNIT_SCADA,1,"2019/09/06 05:25:00",GUNNING1,12.864850
D,DISPATCH,UNIT_SCADA,1,"2019/09/06 05:25:00",GUTHEGA,0
D,DISPATCH,UNIT_SCADA,1,"2019/09/06 05:25:00",HALLWF1,91.53
D,DISPATCH,UNIT_SCADA,1,"2019/09/06 05:25:00",HALLWF2,66.06
D,DISPATCH,UNIT_SCADA,1,"2019/09/06 05:25:00",HAMISF1,0
D,DISPATCH,UNIT_SCADA,1,"2019/09/06 05:25:00",HAUGHT11,0
D,DISPATCH,UNIT_SCADA,1,"2019/09/06 05:25:00",HAYMSF1,0
D,DISPATCH,UNIT_SCADA,1,"2019/09/06 05:25:00",HDWF1,92.70
D,DISPATCH,UNIT_SCADA,1,"2019/09/06 05:25:00",HDWF2,72.50
D,DISPATCH,UNIT_SCADA,1,"2019/09/06 05:25:00",HDWF3,88.30
D,DISPATCH,UNIT_SCADA,1,"2019/09/06 05:25:00",HPRG1,7.60
D,DISPATCH,UNIT_SCADA,1,"2019/09/06 05:25:00",HPRL1,0
D,DISPATCH,UNIT_SCADA,1,"2019/09/06 05:25:00",HUMENSW,0
D,DISPATCH,UNIT_SCADA,1,"2019/09/06 05:25:00",HUMEV,23.80
D,DISPATCH,UNIT_SCADA,1,"2019/09/06 05:25:00",HVGTS,0
D,DISPATCH,UNIT_SCADA,1,"2019/09/06 05:25:00",JBUTTERS,0
D,DISPATCH,UNIT_SCADA,1,"2019/09/06 05:25:00",JLA01,0.10
D,DISPATCH,UNIT_SCADA,1,"2019/09/06 05:25:00",JLA02,0
D,DISPATCH,UNIT_SCADA,1,"2019/09/06 05:25:00",JLA03,0
D,DISPATCH,UNIT_SCADA,1,"2019/09/06 05:25:00",JLA04,0
D,DISPATCH,UNIT_SCADA,1,"2019/09/06 05:25:00",JLB01,0
D,DISPATCH,UNIT_SCADA,1,"2019/09/06 05:25:00",JLB02,0.10
D,DISPATCH,UNIT_SCADA,1,"2019/09/06 05:25:00",JLB03,0
D,DISPATCH,UNIT_SCADA,1,"2019/09/06 05:25:00",KAREEYA1,21.4625
D,DISPATCH,UNIT_SCADA,1,"2019/09/06 05:25:00",KAREEYA2,21.78
D,DISPATCH,UNIT_SCADA,1,"2019/09/06 05:25:00",KAREEYA3,0
D,DISPATCH,UNIT_SCADA,1,"2019/09/06 05:25:00",KAREEYA4,21.5625
D,DISPATCH,UNIT_SCADA,1,"2019/09/06 05:25:00",KARSF1,0
D,DISPATCH,UNIT_SCADA,1,"2019/09/06 05:25:00",KIATAWF1,30.90
D,DISPATCH,UNIT_SCADA,1,"2019/09/06 05:25:00",KPP_1,0
D,DISPATCH,UNIT_SCADA,1,"2019/09/06 05:25:00",KSP1,0
D,DISPATCH,UNIT_SCADA,1,"2019/09/06 05:25:00",LADBROK1,0
D,DISPATCH,UNIT_SCADA,1,"2019/09/06 05:25:00",LADBROK2,0
D,DISPATCH,UNIT_SCADA,1,"2019/09/06 05:25:00",LD01,347.4375
D,DISPATCH,UNIT_SCADA,1,"2019/09/06 05:25:00",LD02,319.556210
D,DISPATCH,UNIT_SCADA,1,"2019/09/06 05:25:00",LD03,350.475040
D,DISPATCH,UNIT_SCADA,1,"2019/09/06 05:25:00",LD04,351.675020
D,DISPATCH,UNIT_SCADA,1,"2019/09/06 05:25:00",LEM_WIL,84.9753
D,DISPATCH,UNIT_SCADA,1,"2019/09/06 05:25:00",LGAPWF1,34.45
D,DISPATCH,UNIT_SCADA,1,"2019/09/06 05:25:00",LILYSF1,0
D,DISPATCH,UNIT_SCADA,1,"2019/09/06 05:25:00",LI_WY_CA,141.457320
D,DISPATCH,UNIT_SCADA,1,"2019/09/06 05:25:00",LKBONNY2,13.932250
D,DISPATCH,UNIT_SCADA,1,"2019/09/06 05:25:00",LKBONNY3,4.075010
D,DISPATCH,UNIT_SCADA,1,"2019/09/06 05:25:00",LK_ECHO,0
D,DISPATCH,UNIT_SCADA,1,"2019/09/06 05:25:00",LNGS1,0
D,DISPATCH,UNIT_SCADA,1,"2019/09/06 05:25:00",LNGS2,0
D,DISPATCH,UNIT_SCADA,1,"2019/09/06 05:25:00",LONSDALE,0
D,DISPATCH,UNIT_SCADA,1,"2019/09/06 05:25:00",LOYYB1,536.840520
D,DISPATCH,UNIT_SCADA,1,"2019/09/06 05:25:00",LOYYB2,583.458250
D,DISPATCH,UNIT_SCADA,1,"2019/09/06 05:25:00",LYA1,0
D,DISPATCH,UNIT_SCADA,1,"2019/09/06 05:25:00",LYA2,0
D,DISPATCH,UNIT_SCADA,1,"2019/09/06 05:25:00",LYA3,559
D,DISPATCH,UNIT_SCADA,1,"2019/09/06 05:25:00",LYA4,541
D,DISPATCH,UNIT_SCADA,1,"2019/09/06 05:25:00",MACARTH1,213.695070
D,DISPATCH,UNIT_SCADA,1,"2019/09/06 05:25:00",MACKAYGT,0.2240
D,DISPATCH,UNIT_SCADA,1,"2019/09/06 05:25:00",MACKNTSH,84.430010
D,DISPATCH,UNIT_SCADA,1,"2019/09/06 05:25:00",MANSLR1,0
D,DISPATCH,UNIT_SCADA,1,"2019/09/06 05:25:00",MCKAY1,-0.0350
D,DISPATCH,UNIT_SCADA,1,"2019/09/06 05:25:00",MEADOWBK,33.5815
D,DISPATCH,UNIT_SCADA,1,"2019/09/06 05:25:00",MERCER01,0.0790
D,DISPATCH,UNIT_SCADA,1,"2019/09/06 05:25:00",MEWF1,39.4752
D,DISPATCH,UNIT_SCADA,1,"2019/09/06 05:25:00",MINTARO,0
D,DISPATCH,UNIT_SCADA,1,"2019/09/06 05:25:00",MOREESF1,0
D,DISPATCH,UNIT_SCADA,1,"2019/09/06 05:25:00",MORTLK11,125
D,DISPATCH,UNIT_SCADA,1,"2019/09/06 05:25:00",MORTLK12,0
D,DISPATCH,UNIT_SCADA,1,"2019/09/06 05:25:00",MP1,219.349980
D,DISPATCH,UNIT_SCADA,1,"2019/09/06 05:25:00",MP2,0
D,DISPATCH,UNIT_SCADA,1,"2019/09/06 05:25:00",MPP_1,389.25
D,DISPATCH,UNIT_SCADA,1,"2019/09/06 05:25:00",MPP_2,434.75
D,DISPATCH,UNIT_SCADA,1,"2019/09/06 05:25:00",MSTUART1,0
D,DISPATCH,UNIT_SCADA,1,"2019/09/06 05:25:00",MSTUART2,0
D,DISPATCH,UNIT_SCADA,1,"2019/09/06 05:25:00",MSTUART3,0
D,DISPATCH,UNIT_SCADA,1,"2019/09/06 05:25:00",MTGELWF1,-0.389110
D,DISPATCH,UNIT_SCADA,1,"2019/09/06 05:25:00",MURRAY,0
D,DISPATCH,UNIT_SCADA,1,"2019/09/06 05:25:00",MUSSELR1,143.70
D,DISPATCH,UNIT_SCADA,1,"2019/09/06 05:25:00",MUWAWF1,72.32
D,DISPATCH,UNIT_SCADA,1,"2019/09/06 05:25:00",NBHWF1,119.10
D,DISPATCH,UNIT_SCADA,1,"2019/09/06 05:25:00",NPS,0
D,DISPATCH,UNIT_SCADA,1,"2019/09/06 05:25:00",NUMURSF1,0
D,DISPATCH,UNIT_SCADA,1,"2019/09/06 05:25:00",NYNGAN1,0
D,DISPATCH,UNIT_SCADA,1,"2019/09/06 05:25:00",OAKEY1,0
D,DISPATCH,UNIT_SCADA,1,"2019/09/06 05:25:00",OAKEY1SF,0
D,DISPATCH,UNIT_SCADA,1,"2019/09/06 05:25:00",OAKEY2,0
D,DISPATCH,UNIT_SCADA,1,"2019/09/06 05:25:00",OAKEY2SF,0
D,DISPATCH,UNIT_SCADA,1,"2019/09/06 05:25:00",OAKLAND1,33.50
D,DISPATCH,UNIT_SCADA,1,"2019/09/06 05:25:00",OSB-AG,0
D,DISPATCH,UNIT_SCADA,1,"2019/09/06 05:25:00",PARSF1,0
D,DISPATCH,UNIT_SCADA,1,"2019/09/06 05:25:00",POAT110,0
D,DISPATCH,UNIT_SCADA,1,"2019/09/06 05:25:00",POAT220,0
D,DISPATCH,UNIT_SCADA,1,"2019/09/06 05:25:00",POR01,0
D,DISPATCH,UNIT_SCADA,1,"2019/09/06 05:25:00",POR03,0
D,DISPATCH,UNIT_SCADA,1,"2019/09/06 05:25:00",PPCCGT,174.223310
D,DISPATCH,UNIT_SCADA,1,"2019/09/06 05:25:00",PTSTAN1,0
D,DISPATCH,UNIT_SCADA,1,"2019/09/06 05:25:00",PUMP1,0
D,DISPATCH,UNIT_SCADA,1,"2019/09/06 05:25:00",PUMP2,0
D,DISPATCH,UNIT_SCADA,1,"2019/09/06 05:25:00",QPS1,0
D,DISPATCH,UNIT_SCADA,1,"2019/09/06 05:25:00",QPS2,0
D,DISPATCH,UNIT_SCADA,1,"2019/09/06 05:25:00",QPS3,0
D,DISPATCH,UNIT_SCADA,1,"2019/09/06 05:25:00",QPS4,0
D,DISPATCH,UNIT_SCADA,1,"2019/09/06 05:25:00",QPS5,0
D,DISPATCH,UNIT_SCADA,1,"2019/09/06 05:25:00",REECE1,79.87
D,DISPATCH,UNIT_SCADA,1,"2019/09/06 05:25:00",REECE2,93.100010
D,DISPATCH,UNIT_SCADA,1,"2019/09/06 05:25:00",ROMA_7,0
D,DISPATCH,UNIT_SCADA,1,"2019/09/06 05:25:00",ROMA_8,0
D,DISPATCH,UNIT_SCADA,1,"2019/09/06 05:25:00",RRSF1,0
D,DISPATCH,UNIT_SCADA,1,"2019/09/06 05:25:00",RT_NSW1,0
D,DISPATCH,UNIT_SCADA,1,"2019/09/06 05:25:00",RT_NSW2,0
D,DISPATCH,UNIT_SCADA,1,"2019/09/06 05:25:00",RT_NSW3,0
D,DISPATCH,UNIT_SCADA,1,"2019/09/06 05:25:00",RT_NSW4,0
D,DISPATCH,UNIT_SCADA,1,"2019/09/06 05:25:00",RT_NSW5,0
D,DISPATCH,UNIT_SCADA,1,"2019/09/06 05:25:00",RT_NSW6,0
D,DISPATCH,UNIT_SCADA,1,"2019/09/06 05:25:00",RT_QLD1,0
D,DISPATCH,UNIT_SCADA,1,"2019/09/06 05:25:00",RT_SA1,0
D,DISPATCH,UNIT_SCADA,1,"2019/09/06 05:25:00",RT_SA2,0
D,DISPATCH,UNIT_SCADA,1,"2019/09/06 05:25:00",RT_SA3,0
D,DISPATCH,UNIT_SCADA,1,"2019/09/06 05:25:00",RT_SA4,0
D,DISPATCH,UNIT_SCADA,1,"2019/09/06 05:25:00",RT_SA5,0
D,DISPATCH,UNIT_SCADA,1,"2019/09/06 05:25:00",RT_SA6,0
D,DISPATCH,UNIT_SCADA,1,"2019/09/06 05:25:00",RT_TAS1,0
D,DISPATCH,UNIT_SCADA,1,"2019/09/06 05:25:00",RT_VIC1,0
D,DISPATCH,UNIT_SCADA,1,"2019/09/06 05:25:00",RT_VIC10,0
D,DISPATCH,UNIT_SCADA,1,"2019/09/06 05:25:00",RT_VIC11,0
D,DISPATCH,UNIT_SCADA,1,"2019/09/06 05:25:00",RT_VIC12,0
D,DISPATCH,UNIT_SCADA,1,"2019/09/06 05:25:00",RT_VIC2,0
D,DISPATCH,UNIT_SCADA,1,"2019/09/06 05:25:00",RT_VIC3,0
D,DISPATCH,UNIT_SCADA,1,"2019/09/06 05:25:00",RT_VIC4,0
D,DISPATCH,UNIT_SCADA,1,"2019/09/06 05:25:00",RT_VIC5,0
D,DISPATCH,UNIT_SCADA,1,"2019/09/06 05:25:00",RT_VIC6,0
D,DISPATCH,UNIT_SCADA,1,"2019/09/06 05:25:00",RT_VIC7,0
D,DISPATCH,UNIT_SCADA,1,"2019/09/06 05:25:00",RT_VIC8,0
D,DISPATCH,UNIT_SCADA,1,"2019/09/06 05:25:00",RT_VIC9,0
D,DISPATCH,UNIT_SCADA,1,"2019/09/06 05:25:00",RUGBYR1,0
D,DISPATCH,UNIT_SCADA,1,"2019/09/06 05:25:00",SALTCRK1,9.58
D,DISPATCH,UNIT_SCADA,1,"2019/09/06 05:25:00",SAPHWF1,184.884370
D,DISPATCH,UNIT_SCADA,1,"2019/09/06 05:25:00",SHGEN,0
D,DISPATCH,UNIT_SCADA,1,"2019/09/06 05:25:00",SHPUMP,159.952710
D,DISPATCH,UNIT_SCADA,1,"2019/09/06 05:25:00",SITHE01,0.214140
D,DISPATCH,UNIT_SCADA,1,"2019/09/06 05:25:00",SMCSF1,0
D,DISPATCH,UNIT_SCADA,1,"2019/09/06 05:25:00",SNOWNTH1,136.20
D,DISPATCH,UNIT_SCADA,1,"2019/09/06 05:25:00",SNOWSTH1,120.80
D,DISPATCH,UNIT_SCADA,1,"2019/09/06 05:25:00",SNOWTWN1,95.3045
D,DISPATCH,UNIT_SCADA,1,"2019/09/06 05:25:00",SNOWYP,0
D,DISPATCH,UNIT_SCADA,1,"2019/09/06 05:25:00",SNUG1,0.019440
D,DISPATCH,UNIT_SCADA,1,"2019/09/06 05:25:00",SRSF1,0.22
D,DISPATCH,UNIT_SCADA,1,"2019/09/06 05:25:00",STAN-1,255.266490
D,DISPATCH,UNIT_SCADA,1,"2019/09/06 05:25:00",STAN-2,256.279080
D,DISPATCH,UNIT_SCADA,1,"2019/09/06 05:25:00",STAN-3,257.676240
D,DISPATCH,UNIT_SCADA,1,"2019/09/06 05:25:00",STAN-4,249.921460
D,DISPATCH,UNIT_SCADA,1,"2019/09/06 05:25:00",STWF1,0
D,DISPATCH,UNIT_SCADA,1,"2019/09/06 05:25:00",SWAN_E,0
D,DISPATCH,UNIT_SCADA,1,"2019/09/06 05:25:00",TALWA1,192
D,DISPATCH,UNIT_SCADA,1,"2019/09/06 05:25:00",TARALGA1,19.323750
D,DISPATCH,UNIT_SCADA,1,"2019/09/06 05:25:00",TARONG#1,284.600010
D,DISPATCH,UNIT_SCADA,1,"2019/09/06 05:25:00",TARONG#2,0
D,DISPATCH,UNIT_SCADA,1,"2019/09/06 05:25:00",TARONG#3,260.100010
D,DISPATCH,UNIT_SCADA,1,"2019/09/06 05:25:00",TARONG#4,278.899990
D,DISPATCH,UNIT_SCADA,1,"2019/09/06 05:25:00",TARRALEA,74
D,DISPATCH,UNIT_SCADA,1,"2019/09/06 05:25:00",TBSF1,-0.20
D,DISPATCH,UNIT_SCADA,1,"2019/09/06 05:25:00",TNPS1,397.300020
D,DISPATCH,UNIT_SCADA,1,"2019/09/06 05:25:00",TORRA1,37.636950
D,DISPATCH,UNIT_SCADA,1,"2019/09/06 05:25:00",TORRA2,0
D,DISPATCH,UNIT_SCADA,1,"2019/09/06 05:25:00",TORRA3,0
D,DISPATCH,UNIT_SCADA,1,"2019/09/06 05:25:00",TORRA4,37.306180
D,DISPATCH,UNIT_SCADA,1,"2019/09/06 05:25:00",TORRB1,48.39
D,DISPATCH,UNIT_SCADA,1,"2019/09/06 05:25:00",TORRB2,48.68
D,DISPATCH,UNIT_SCADA,1,"2019/09/06 05:25:00",TORRB3,48.92
D,DISPATCH,UNIT_SCADA,1,"2019/09/06 05:25:00",TORRB4,0
D,DISPATCH,UNIT_SCADA,1,"2019/09/06 05:25:00",TREVALLN,16.880020
D,DISPATCH,UNIT_SCADA,1,"2019/09/06 05:25:00",TRIBUTE,0
D,DISPATCH,UNIT_SCADA,1,"2019/09/06 05:25:00",TUMUT3,0
D,DISPATCH,UNIT_SCADA,1,"2019/09/06 05:25:00",TUNGATIN,2.80
D,DISPATCH,UNIT_SCADA,1,"2019/09/06 05:25:00",TVCC201,0
D,DISPATCH,UNIT_SCADA,1,"2019/09/06 05:25:00",TVPP104,0
D,DISPATCH,UNIT_SCADA,1,"2019/09/06 05:25:00",UPPTUMUT,0
D,DISPATCH,UNIT_SCADA,1,"2019/09/06 05:25:00",URANQ11,0
D,DISPATCH,UNIT_SCADA,1,"2019/09/06 05:25:00",URANQ12,0
D,DISPATCH,UNIT_SCADA,1,"2019/09/06 05:25:00",URANQ13,0
D,DISPATCH,UNIT_SCADA,1,"2019/09/06 05:25:00",URANQ14,0
D,DISPATCH,UNIT_SCADA,1,"2019/09/06 05:25:00",VP5,537.075010
D,DISPATCH,UNIT_SCADA,1,"2019/09/06 05:25:00",VP6,0
D,DISPATCH,UNIT_SCADA,1,"2019/09/06 05:25:00",VPGS1,0
D,DISPATCH,UNIT_SCADA,1,"2019/09/06 05:25:00",VPGS2,0
D,DISPATCH,UNIT_SCADA,1,"2019/09/06 05:25:00",VPGS3,0
D,DISPATCH,UNIT_SCADA,1,"2019/09/06 05:25:00",VPGS4,0
D,DISPATCH,UNIT_SCADA,1,"2019/09/06 05:25:00",VPGS5,0
D,DISPATCH,UNIT_SCADA,1,"2019/09/06 05:25:00",VPGS6,0
D,DISPATCH,UNIT_SCADA,1,"2019/09/06 05:25:00",W/HOE#1,0
D,DISPATCH,UNIT_SCADA,1,"2019/09/06 05:25:00",W/HOE#2,0
D,DISPATCH,UNIT_SCADA,1,"2019/09/06 05:25:00",WATERLWF,107.70
D,DISPATCH,UNIT_SCADA,1,"2019/09/06 05:25:00",WEMENSF1,0
D,DISPATCH,UNIT_SCADA,1,"2019/09/06 05:25:00",WGWF1,99.20
D,DISPATCH,UNIT_SCADA,1,"2019/09/06 05:25:00",WHITSF1,0
D,DISPATCH,UNIT_SCADA,1,"2019/09/06 05:25:00",WKIEWA1,0
D,DISPATCH,UNIT_SCADA,1,"2019/09/06 05:25:00",WKIEWA2,0.10
D,DISPATCH,UNIT_SCADA,1,"2019/09/06 05:25:00",WOODLWN1,18.899990
D,DISPATCH,UNIT_SCADA,1,"2019/09/06 05:25:00",WRSF1,0
D,DISPATCH,UNIT_SCADA,1,"2019/09/06 05:25:00",WRWF1,29.633750
D,DISPATCH,UNIT_SCADA,1,"2019/09/06 05:25:00",YABULU,0
D,DISPATCH,UNIT_SCADA,1,"2019/09/06 05:25:00",YABULU2,0
D,DISPATCH,UNIT_SCADA,1,"2019/09/06 05:25:00",YARWUN_1,165.709990
D,DISPATCH,UNIT_SCADA,1,"2019/09/06 05:25:00",YENDWF1,33.21
D,DISPATCH,UNIT_SCADA,1,"2019/09/06 05:25:00",YWPS1,377.192410
D,DISPATCH,UNIT_SCADA,1,"2019/09/06 05:25:00",YWPS2,275.435460
D,DISPATCH,UNIT_SCADA,1,"2019/09/06 05:25:00",YWPS3,326.079740
D,DISPATCH,UNIT_SCADA,1,"2019/09/06 05:25:00",YWPS4,397.778470
C,"END OF REPORT",335
