C,NEMP.WORLD,DISPATCHSCADA,AEMO,PUBLIC,2019/08/21,00:55:07,0000000311806615,DISPATCHSCADA,0000000311806609
I,DISPATCH,UNIT_SCADA,1,SETTLEMENTDATE,DUID,SCADAVALUE
D,DISPATCH,UNIT_SCADA,1,"2019/08/21 01:00:00",BARCSF1,0.50
D,DISPATCH,UNIT_SCADA,1,"2019/08/21 01:00:00",BUTLERSG,9.699999
D,DISPATCH,UNIT_SCADA,1,"2019/08/21 01:00:00",CALL_A_4,0
D,DISPATCH,UNIT_SCADA,1,"2019/08/21 01:00:00",CAPTL_WF,131.399994
D,DISPATCH,UNIT_SCADA,1,"2019/08/21 01:00:00",CATHROCK,43.659996
D,DISPATCH,UNIT_SCADA,1,"2019/08/21 01:00:00",CHALLHWF,27.10
D,DISPATCH,UNIT_SCADA,1,"2019/08/21 01:00:00",CLOVER,-0.02
D,DISPATCH,UNIT_SCADA,1,"2019/08/21 01:00:00",CLUNY,20.764019
D,DISPATCH,UNIT_SCADA,1,"2019/08/21 01:00:00",CNUNDAWF,41.648582
D,DISPATCH,UNIT_SCADA,1,"2019/08/21 01:00:00",CULLRGWF,30.370001
D,DISPATCH,UNIT_SCADA,1,"2019/08/21 01:00:00",ERGT01,0
D,DISPATCH,UNIT_SCADA,1,"2019/08/21 01:00:00",GB01,0.061501
D,DISPATCH,UNIT_SCADA,1,"2019/08/21 01:00:00",GERMCRK,37.299999
D,DISPATCH,UNIT_SCADA,1,"2019/08/21 01:00:00",GRIFSF1,0
D,DISPATCH,UNIT_SCADA,1,"2019/08/21 01:00:00",HUGSF1,-0.2040
D,DISPATCH,UNIT_SCADA,1,"2019/08/21 01:00:00",LKBONNY1,74.662628
D,DISPATCH,UNIT_SCADA,1,"2019/08/21 01:00:00",LRSF1,0.0290
D,DISPATCH,UNIT_SCADA,1,"2019/08/21 01:00:00",MBAHNTH,55.724991
D,DISPATCH,UNIT_SCADA,1,"2019/08/21 01:00:00",MLSP1,0.283001
D,DISPATCH,UNIT_SCADA,1,"2019/08/21 01:00:00",MLWF1,18.99
D,DISPATCH,UNIT_SCADA,1,"2019/08/21 01:00:00",MTMILLAR,18.387480
D,DISPATCH,UNIT_SCADA,1,"2019/08/21 01:00:00",PALOONA,25.689999
D,DISPATCH,UNIT_SCADA,1,"2019/08/21 01:00:00",PIONEER,32.299999
D,DISPATCH,UNIT_SCADA,1,"2019/08/21 01:00:00",PORTWF,136.50
D,DISPATCH,UNIT_SCADA,1,"2019/08/21 01:00:00",REPULSE,28.930494
D,DISPATCH,UNIT_SCADA,1,"2019/08/21 01:00:00",ROWALLAN,10.1246
D,DISPATCH,UNIT_SCADA,1,"2019/08/21 01:00:00",ROYALLA1,0
D,DISPATCH,UNIT_SCADA,1,"2019/08/21 01:00:00",RPCG,12.40
D,DISPATCH,UNIT_SCADA,1,"2019/08/21 01:00:00",RUBICON,0
D,DISPATCH,UNIT_SCADA,1,"2019/08/21 01:00:00",SATGN1,0
D,DISPATCH,UNIT_SCADA,1,"2019/08/21 01:00:00",SATGS1,0
D,DISPATCH,UNIT_SCADA,1,"2019/08/21 01:00:00",STARHLWF,23.293207
D,DISPATCH,UNIT_SCADA,1,"2019/08/21 01:00:00",WAUBRAWF,162.035995
D,DISPATCH,UNIT_SCADA,1,"2019/08/21 01:00:00",WOOLNTH1,122.520020
D,DISPATCH,UNIT_SCADA,1,"2019/08/21 01:00:00",WPWF,60
D,DISPATCH,UNIT_SCADA,1,"2019/08/21 01:00:00",YAMBUKWF,29.40
D,DISPATCH,UNIT_SCADA,1,"2019/08/21 01:00:00",YSWF1,28.299999
D,DISPATCH,UNIT_SCADA,1,"2019/08/21 01:00:00",AGLHAL,0
D,DISPATCH,UNIT_SCADA,1,"2019/08/21 01:00:00",AGLSOM,0
D,DISPATCH,UNIT_SCADA,1,"2019/08/21 01:00:00",ANGAST1,0
D,DISPATCH,UNIT_SCADA,1,"2019/08/21 01:00:00",ARWF1,43.30
D,DISPATCH,UNIT_SCADA,1,"2019/08/21 01:00:00",BALBG1,0
D,DISPATCH,UNIT_SCADA,1,"2019/08/21 01:00:00",BALBL1,0
D,DISPATCH,UNIT_SCADA,1,"2019/08/21 01:00:00",BALDHWF1,102.212010
D,DISPATCH,UNIT_SCADA,1,"2019/08/21 01:00:00",BANN1,0
D,DISPATCH,UNIT_SCADA,1,"2019/08/21 01:00:00",BARCALDN,0
D,DISPATCH,UNIT_SCADA,1,"2019/08/21 01:00:00",BARRON-1,0
D,DISPATCH,UNIT_SCADA,1,"2019/08/21 01:00:00",BARRON-2,25.60
D,DISPATCH,UNIT_SCADA,1,"2019/08/21 01:00:00",BASTYAN,80.070010
D,DISPATCH,UNIT_SCADA,1,"2019/08/21 01:00:00",BBTHREE1,-2.10
D,DISPATCH,UNIT_SCADA,1,"2019/08/21 01:00:00",BBTHREE2,-2.13
D,DISPATCH,UNIT_SCADA,1,"2019/08/21 01:00:00",BBTHREE3,-1.24
D,DISPATCH,UNIT_SCADA,1,"2019/08/21 01:00:00",BDL01,0
D,DISPATCH,UNIT_SCADA,1,"2019/08/21 01:00:00",BDL02,0
D,DISPATCH,UNIT_SCADA,1,"2019/08/21 01:00:00",BERYLSF1,0
D,DISPATCH,UNIT_SCADA,1,"2019/08/21 01:00:00",BLOWERNG,0
D,DISPATCH,UNIT_SCADA,1,"2019/08/21 01:00:00",BLUFF1,43
D,DISPATCH,UNIT_SCADA,1,"2019/08/21 01:00:00",BNGSF1,0
D,DISPATCH,UNIT_SCADA,1,"2019/08/21 01:00:00",BNGSF2,0
D,DISPATCH,UNIT_SCADA,1,"2019/08/21 01:00:00",BOCORWF1,111.37
D,DISPATCH,UNIT_SCADA,1,"2019/08/21 01:00:00",BODWF1,61.992490
D,DISPATCH,UNIT_SCADA,1,"2019/08/21 01:00:00",BRAEMAR1,0
D,DISPATCH,UNIT_SCADA,1,"2019/08/21 01:00:00",BRAEMAR2,0
D,DISPATCH,UNIT_SCADA,1,"2019/08/21 01:00:00",BRAEMAR3,0
D,DISPATCH,UNIT_SCADA,1,"2019/08/21 01:00:00",BRAEMAR5,0
D,DISPATCH,UNIT_SCADA,1,"2019/08/21 01:00:00",BRAEMAR6,0
D,DISPATCH,UNIT_SCADA,1,"2019/08/21 01:00:00",BRAEMAR7,0
D,DISPATCH,UNIT_SCADA,1,"2019/08/21 01:00:00",BROKENH1,0
D,DISPATCH,UNIT_SCADA,1,"2019/08/21 01:00:00",BW01,419.550050
D,DISPATCH,UNIT_SCADA,1,"2019/08/21 01:00:00",BW02,576.074950
D,DISPATCH,UNIT_SCADA,1,"2019/08/21 01:00:00",BW03,499.400020
D,DISPATCH,UNIT_SCADA,1,"2019/08/21 01:00:00",BW04,0
D,DISPATCH,UNIT_SCADA,1,"2019/08/21 01:00:00",CALL_B_1,349.50
D,DISPATCH,UNIT_SCADA,1,"2019/08/21 01:00:00",CALL_B_2,297.700010
D,DISPATCH,UNIT_SCADA,1,"2019/08/21 01:00:00",CETHANA,98.064750
D,DISPATCH,UNIT_SCADA,1,"2019/08/21 01:00:00",CG1,0
D,DISPATCH,UNIT_SCADA,1,"2019/08/21 01:00:00",CG2,0
D,DISPATCH,UNIT_SCADA,1,"2019/08/21 01:00:00",CG3,0
D,DISPATCH,UNIT_SCADA,1,"2019/08/21 01:00:00",CG4,0
D,DISPATCH,UNIT_SCADA,1,"2019/08/21 01:00:00",CHILDSF1,0
D,DISPATCH,UNIT_SCADA,1,"2019/08/21 01:00:00",CLARESF1,0
D,DISPATCH,UNIT_SCADA,1,"2019/08/21 01:00:00",CLEMGPWF,22.258820
D,DISPATCH,UNIT_SCADA,1,"2019/08/21 01:00:00",CLERMSF1,0
D,DISPATCH,UNIT_SCADA,1,"2019/08/21 01:00:00",COLEASF1,0
D,DISPATCH,UNIT_SCADA,1,"2019/08/21 01:00:00",COOPGWF1,51.946110
D,DISPATCH,UNIT_SCADA,1,"2019/08/21 01:00:00",CPP_3,398.200010
D,DISPATCH,UNIT_SCADA,1,"2019/08/21 01:00:00",CPP_4,398.475010
D,DISPATCH,UNIT_SCADA,1,"2019/08/21 01:00:00",CPSA,142.469380
D,DISPATCH,UNIT_SCADA,1,"2019/08/21 01:00:00",CROOKWF2,87.9050
D,DISPATCH,UNIT_SCADA,1,"2019/08/21 01:00:00",CROWLWF1,59.1360
D,DISPATCH,UNIT_SCADA,1,"2019/08/21 01:00:00",CSPVPS1,0
D,DISPATCH,UNIT_SCADA,1,"2019/08/21 01:00:00",DALNTH01,0
D,DISPATCH,UNIT_SCADA,1,"2019/08/21 01:00:00",DALNTHL1,0.099180
D,DISPATCH,UNIT_SCADA,1,"2019/08/21 01:00:00",DARTM1,0
D,DISPATCH,UNIT_SCADA,1,"2019/08/21 01:00:00",DAYDSF1,0
D,DISPATCH,UNIT_SCADA,1,"2019/08/21 01:00:00",DDPS1,0
D,DISPATCH,UNIT_SCADA,1,"2019/08/21 01:00:00",DDSF1,0
D,DISPATCH,UNIT_SCADA,1,"2019/08/21 01:00:00",DEVILS_G,60.856350
D,DISPATCH,UNIT_SCADA,1,"2019/08/21 01:00:00",DG_NSW1,0
D,DISPATCH,UNIT_SCADA,1,"2019/08/21 01:00:00",DG_QLD1,0
D,DISPATCH,UNIT_SCADA,1,"2019/08/21 01:00:00",DG_SA1,0
D,DISPATCH,UNIT_SCADA,1,"2019/08/21 01:00:00",DG_TAS1,0
D,DISPATCH,UNIT_SCADA,1,"2019/08/21 01:00:00",DG_VIC1,0
D,DISPATCH,UNIT_SCADA,1,"2019/08/21 01:00:00",DRYCGT1,0
D,DISPATCH,UNIT_SCADA,1,"2019/08/21 01:00:00",DRYCGT2,0
D,DISPATCH,UNIT_SCADA,1,"2019/08/21 01:00:00",DRYCGT3,0
D,DISPATCH,UNIT_SCADA,1,"2019/08/21 01:00:00",EILDON1,0
D,DISPATCH,UNIT_SCADA,1,"2019/08/21 01:00:00",EILDON2,0
D,DISPATCH,UNIT_SCADA,1,"2019/08/21 01:00:00",EMERASF1,0
D,DISPATCH,UNIT_SCADA,1,"2019/08/21 01:00:00",ER01,495.1250
D,DISPATCH,UNIT_SCADA,1,"2019/08/21 01:00:00",ER02,422.574950
D,DISPATCH,UNIT_SCADA,1,"2019/08/21 01:00:00",ER03,378.974980
D,DISPATCH,UNIT_SCADA,1,"2019/08/21 01:00:00",ER04,494.849980
D,DISPATCH,UNIT_SCADA,1,"2019/08/21 01:00:00",FINLYSF1,0
D,DISPATCH,UNIT_SCADA,1,"2019/08/21 01:00:00",FISHER,45.91
D,DISPATCH,UNIT_SCADA,1,"2019/08/21 01:00:00",GANNBG1,0
D,DISPATCH,UNIT_SCADA,1,"2019/08/21 01:00:00",GANNBL1,10.008880
D,DISPATCH,UNIT_SCADA,1,"2019/08/21 01:00:00",GANNSF1,0
D,DISPATCH,UNIT_SCADA,1,"2019/08/21 01:00:00",GORDON,0
D,DISPATCH,UNIT_SCADA,1,"2019/08/21 01:00:00",GSTONE1,135.099990
D,DISPATCH,UNIT_SCADA,1,"2019/08/21 01:00:00",GSTONE2,131.95
D,DISPATCH,UNIT_SCADA,1,"2019/08/21 01:00:00",GSTONE3,137.3750
D,DISPATCH,UNIT_SCADA,1,"2019/08/21 01:00:00",GSTONE4,133.524990
D,DISPATCH,UNIT_SCADA,1,"2019/08/21 01:00:00",GSTONE5,136.149990
D,DISPATCH,UNIT_SCADA,1,"2019/08/21 01:00:00",GSTONE6,0
D,DISPATCH,UNIT_SCADA,1,"2019/08/21 01:00:00",GULLRSF1,0
D,DISPATCH,UNIT_SCADA,1,"2019/08/21 01:00:00",GULLRWF1,160.681180
D,DISPATCH,UNIT_SCADA,1,"2019/08/21 01:00:00",GUNNING1,46.349250
D,DISPATCH,UNIT_SCADA,1,"2019/08/21 01:00:00",GUTHEGA,0
D,DISPATCH,UNIT_SCADA,1,"2019/08/21 01:00:00",HALLWF1,74.49
D,DISPATCH,UNIT_SCADA,1,"2019/08/21 01:00:00",HALLWF2,56.27
D,DISPATCH,UNIT_SCADA,1,"2019/08/21 01:00:00",HAMISF1,0
D,DISPATCH,UNIT_SCADA,1,"2019/08/21 01:00:00",HAUGHT11,0
D,DISPATCH,UNIT_SCADA,1,"2019/08/21 01:00:00",HAYMSF1,0
D,DISPATCH,UNIT_SCADA,1,"2019/08/21 01:00:00",HDWF1,83.40
D,DISPATCH,UNIT_SCADA,1,"2019/08/21 01:00:00",HDWF2,82.70
D,DISPATCH,UNIT_SCADA,1,"2019/08/21 01:00:00",HDWF3,85
D,DISPATCH,UNIT_SCADA,1,"2019/08/21 01:00:00",HPRG1,0
D,DISPATCH,UNIT_SCADA,1,"2019/08/21 01:00:00",HPRL1,0.10
D,DISPATCH,UNIT_SCADA,1,"2019/08/21 01:00:00",HUMENSW,0
D,DISPATCH,UNIT_SCADA,1,"2019/08/21 01:00:00",HUMEV,9.70
D,DISPATCH,UNIT_SCADA,1,"2019/08/21 01:00:00",HVGTS,0
D,DISPATCH,UNIT_SCADA,1,"2019/08/21 01:00:00",JBUTTERS,134.39
D,DISPATCH,UNIT_SCADA,1,"2019/08/21 01:00:00",JLA01,0.50
D,DISPATCH,UNIT_SCADA,1,"2019/08/21 01:00:00",JLA02,0
D,DISPATCH,UNIT_SCADA,1,"2019/08/21 01:00:00",JLA03,0.10
D,DISPATCH,UNIT_SCADA,1,"2019/08/21 01:00:00",JLA04,0.10
D,DISPATCH,UNIT_SCADA,1,"2019/08/21 01:00:00",JLB01,0
D,DISPATCH,UNIT_SCADA,1,"2019/08/21 01:00:00",JLB02,0.10
D,DISPATCH,UNIT_SCADA,1,"2019/08/21 01:00:00",JLB03,0
D,DISPATCH,UNIT_SCADA,1,"2019/08/21 01:00:00",KAREEYA1,21.5525
D,DISPATCH,UNIT_SCADA,1,"2019/08/21 01:00:00",KAREEYA2,21.6125
D,DISPATCH,UNIT_SCADA,1,"2019/08/21 01:00:00",KAREEYA3,0
D,DISPATCH,UNIT_SCADA,1,"2019/08/21 01:00:00",KAREEYA4,21.7225
D,DISPATCH,UNIT_SCADA,1,"2019/08/21 01:00:00",KARSF1,0
D,DISPATCH,UNIT_SCADA,1,"2019/08/21 01:00:00",KIATAWF1,30.80
D,DISPATCH,UNIT_SCADA,1,"2019/08/21 01:00:00",KPP_1,0
D,DISPATCH,UNIT_SCADA,1,"2019/08/21 01:00:00",KSP1,0
D,DISPATCH,UNIT_SCADA,1,"2019/08/21 01:00:00",LADBROK1,0
D,DISPATCH,UNIT_SCADA,1,"2019/08/21 01:00:00",LADBROK2,0
D,DISPATCH,UNIT_SCADA,1,"2019/08/21 01:00:00",LD01,416.662540
D,DISPATCH,UNIT_SCADA,1,"2019/08/21 01:00:00",LD02,416.8125
D,DISPATCH,UNIT_SCADA,1,"2019/08/21 01:00:00",LD03,419.006290
D,DISPATCH,UNIT_SCADA,1,"2019/08/21 01:00:00",LD04,377.606260
D,DISPATCH,UNIT_SCADA,1,"2019/08/21 01:00:00",LEM_WIL,85.8754
D,DISPATCH,UNIT_SCADA,1,"2019/08/21 01:00:00",LGAPWF1,10.68
D,DISPATCH,UNIT_SCADA,1,"2019/08/21 01:00:00",LILYSF1,0
D,DISPATCH,UNIT_SCADA,1,"2019/08/21 01:00:00",LI_WY_CA,149.301420
D,DISPATCH,UNIT_SCADA,1,"2019/08/21 01:00:00",LKBONNY2,126.014720
D,DISPATCH,UNIT_SCADA,1,"2019/08/21 01:00:00",LKBONNY3,31.092860
D,DISPATCH,UNIT_SCADA,1,"2019/08/21 01:00:00",LK_ECHO,0
D,DISPATCH,UNIT_SCADA,1,"2019/08/21 01:00:00",LNGS1,0
D,DISPATCH,UNIT_SCADA,1,"2019/08/21 01:00:00",LNGS2,0
D,DISPATCH,UNIT_SCADA,1,"2019/08/21 01:00:00",LONSDALE,0
D,DISPATCH,UNIT_SCADA,1,"2019/08/21 01:00:00",LOYYB1,536.464540
D,DISPATCH,UNIT_SCADA,1,"2019/08/21 01:00:00",LOYYB2,580.074710
D,DISPATCH,UNIT_SCADA,1,"2019/08/21 01:00:00",LYA1,520
D,DISPATCH,UNIT_SCADA,1,"2019/08/21 01:00:00",LYA2,0
D,DISPATCH,UNIT_SCADA,1,"2019/08/21 01:00:00",LYA3,559
D,DISPATCH,UNIT_SCADA,1,"2019/08/21 01:00:00",LYA4,539
D,DISPATCH,UNIT_SCADA,1,"2019/08/21 01:00:00",MACARTH1,393.290920
D,DISPATCH,UNIT_SCADA,1,"2019/08/21 01:00:00",MACKAYGT,0
D,DISPATCH,UNIT_SCADA,1,"2019/08/21 01:00:00",MACKNTSH,85.34
D,DISPATCH,UNIT_SCADA,1,"2019/08/21 01:00:00",MANSLR1,0
D,DISPATCH,UNIT_SCADA,1,"2019/08/21 01:00:00",MCKAY1,0.02
D,DISPATCH,UNIT_SCADA,1,"2019/08/21 01:00:00",MEADOWBK,33.981620
D,DISPATCH,UNIT_SCADA,1,"2019/08/21 01:00:00",MERCER01,129.276990
D,DISPATCH,UNIT_SCADA,1,"2019/08/21 01:00:00",MEWF1,92.356610
D,DISPATCH,UNIT_SCADA,1,"2019/08/21 01:00:00",MINTARO,0
D,DISPATCH,UNIT_SCADA,1,"2019/08/21 01:00:00",MOREESF1,0
D,DISPATCH,UNIT_SCADA,1,"2019/08/21 01:00:00",MORTLK11,0
D,DISPATCH,UNIT_SCADA,1,"2019/08/21 01:00:00",MORTLK12,0
D,DISPATCH,UNIT_SCADA,1,"2019/08/21 01:00:00",MP1,280.8750
D,DISPATCH,UNIT_SCADA,1,"2019/08/21 01:00:00",MP2,0
D,DISPATCH,UNIT_SCADA,1,"2019/08/21 01:00:00",MPP_1,389
D,DISPATCH,UNIT_SCADA,1,"2019/08/21 01:00:00",MPP_2,424.25
D,DISPATCH,UNIT_SCADA,1,"2019/08/21 01:00:00",MSTUART1,0
D,DISPATCH,UNIT_SCADA,1,"2019/08/21 01:00:00",MSTUART2,0
D,DISPATCH,UNIT_SCADA,1,"2019/08/21 01:00:00",MSTUART3,0
D,DISPATCH,UNIT_SCADA,1,"2019/08/21 01:00:00",MTGELWF1,64.113280
D,DISPATCH,UNIT_SCADA,1,"2019/08/21 01:00:00",MURRAY,0
D,DISPATCH,UNIT_SCADA,1,"2019/08/21 01:00:00",MUSSELR1,163
D,DISPATCH,UNIT_SCADA,1,"2019/08/21 01:00:00",MUWAWF1,52.49
D,DISPATCH,UNIT_SCADA,1,"2019/08/21 01:00:00",NBHWF1,94.80
D,DISPATCH,UNIT_SCADA,1,"2019/08/21 01:00:00",NPS,0
D,DISPATCH,UNIT_SCADA,1,"2019/08/21 01:00:00",NUMURSF1,0
D,DISPATCH,UNIT_SCADA,1,"2019/08/21 01:00:00",NYNGAN1,0
D,DISPATCH,UNIT_SCADA,1,"2019/08/21 01:00:00",OAKEY1,0
D,DISPATCH,UNIT_SCADA,1,"2019/08/21 01:00:00",OAKEY1SF,0.0380
D,DISPATCH,UNIT_SCADA,1,"2019/08/21 01:00:00",OAKEY2,0
D,DISPATCH,UNIT_SCADA,1,"2019/08/21 01:00:00",OAKLAND1,62
D,DISPATCH,UNIT_SCADA,1,"2019/08/21 01:00:00",OSB-AG,0
D,DISPATCH,UNIT_SCADA,1,"2019/08/21 01:00:00",PARSF1,0
D,DISPATCH,UNIT_SCADA,1,"2019/08/21 01:00:00",POAT110,0
D,DISPATCH,UNIT_SCADA,1,"2019/08/21 01:00:00",POAT220,0
D,DISPATCH,UNIT_SCADA,1,"2019/08/21 01:00:00",POR01,0
D,DISPATCH,UNIT_SCADA,1,"2019/08/21 01:00:00",POR03,0
D,DISPATCH,UNIT_SCADA,1,"2019/08/21 01:00:00",PPCCGT,172.209990
D,DISPATCH,UNIT_SCADA,1,"2019/08/21 01:00:00",PTSTAN1,0
D,DISPATCH,UNIT_SCADA,1,"2019/08/21 01:00:00",PUMP1,0
D,DISPATCH,UNIT_SCADA,1,"2019/08/21 01:00:00",PUMP2,0
D,DISPATCH,UNIT_SCADA,1,"2019/08/21 01:00:00",QPS1,0
D,DISPATCH,UNIT_SCADA,1,"2019/08/21 01:00:00",QPS2,0
D,DISPATCH,UNIT_SCADA,1,"2019/08/21 01:00:00",QPS3,0
D,DISPATCH,UNIT_SCADA,1,"2019/08/21 01:00:00",QPS4,0
D,DISPATCH,UNIT_SCADA,1,"2019/08/21 01:00:00",QPS5,0
D,DISPATCH,UNIT_SCADA,1,"2019/08/21 01:00:00",REECE1,118.120010
D,DISPATCH,UNIT_SCADA,1,"2019/08/21 01:00:00",REECE2,117.770010
D,DISPATCH,UNIT_SCADA,1,"2019/08/21 01:00:00",ROMA_7,0
D,DISPATCH,UNIT_SCADA,1,"2019/08/21 01:00:00",ROMA_8,0
D,DISPATCH,UNIT_SCADA,1,"2019/08/21 01:00:00",RRSF1,0
D,DISPATCH,UNIT_SCADA,1,"2019/08/21 01:00:00",RT_NSW1,0
D,DISPATCH,UNIT_SCADA,1,"2019/08/21 01:00:00",RT_NSW2,0
D,DISPATCH,UNIT_SCADA,1,"2019/08/21 01:00:00",RT_NSW3,0
D,DISPATCH,UNIT_SCADA,1,"2019/08/21 01:00:00",RT_NSW4,0
D,DISPATCH,UNIT_SCADA,1,"2019/08/21 01:00:00",RT_NSW5,0
D,DISPATCH,UNIT_SCADA,1,"2019/08/21 01:00:00",RT_NSW6,0
D,DISPATCH,UNIT_SCADA,1,"2019/08/21 01:00:00",RT_QLD1,0
D,DISPATCH,UNIT_SCADA,1,"2019/08/21 01:00:00",RT_SA1,0
D,DISPATCH,UNIT_SCADA,1,"2019/08/21 01:00:00",RT_SA2,0
D,DISPATCH,UNIT_SCADA,1,"2019/08/21 01:00:00",RT_SA3,0
D,DISPATCH,UNIT_SCADA,1,"2019/08/21 01:00:00",RT_SA4,0
D,DISPATCH,UNIT_SCADA,1,"2019/08/21 01:00:00",RT_SA5,0
D,DISPATCH,UNIT_SCADA,1,"2019/08/21 01:00:00",RT_SA6,0
D,DISPATCH,UNIT_SCADA,1,"2019/08/21 01:00:00",RT_TAS1,0
D,DISPATCH,UNIT_SCADA,1,"2019/08/21 01:00:00",RT_VIC1,0
D,DISPATCH,UNIT_SCADA,1,"2019/08/21 01:00:00",RT_VIC10,0
D,DISPATCH,UNIT_SCADA,1,"2019/08/21 01:00:00",RT_VIC11,0
D,DISPATCH,UNIT_SCADA,1,"2019/08/21 01:00:00",RT_VIC12,0
D,DISPATCH,UNIT_SCADA,1,"2019/08/21 01:00:00",RT_VIC2,0
D,DISPATCH,UNIT_SCADA,1,"2019/08/21 01:00:00",RT_VIC3,0
D,DISPATCH,UNIT_SCADA,1,"2019/08/21 01:00:00",RT_VIC4,0
D,DISPATCH,UNIT_SCADA,1,"2019/08/21 01:00:00",RT_VIC5,0
D,DISPATCH,UNIT_SCADA,1,"2019/08/21 01:00:00",RT_VIC6,0
D,DISPATCH,UNIT_SCADA,1,"2019/08/21 01:00:00",RT_VIC7,0
D,DISPATCH,UNIT_SCADA,1,"2019/08/21 01:00:00",RT_VIC8,0
D,DISPATCH,UNIT_SCADA,1,"2019/08/21 01:00:00",RT_VIC9,0
D,DISPATCH,UNIT_SCADA,1,"2019/08/21 01:00:00",RUGBYR1,0
D,DISPATCH,UNIT_SCADA,1,"2019/08/21 01:00:00",SALTCRK1,52.44
D,DISPATCH,UNIT_SCADA,1,"2019/08/21 01:00:00",SAPHWF1,198.346890
D,DISPATCH,UNIT_SCADA,1,"2019/08/21 01:00:00",SHGEN,0
D,DISPATCH,UNIT_SCADA,1,"2019/08/21 01:00:00",SHPUMP,41.982810
D,DISPATCH,UNIT_SCADA,1,"2019/08/21 01:00:00",SITHE01,0.123710
D,DISPATCH,UNIT_SCADA,1,"2019/08/21 01:00:00",SMCSF1,0
D,DISPATCH,UNIT_SCADA,1,"2019/08/21 01:00:00",SNOWNTH1,25.10
D,DISPATCH,UNIT_SCADA,1,"2019/08/21 01:00:00",SNOWSTH1,77.40
D,DISPATCH,UNIT_SCADA,1,"2019/08/21 01:00:00",SNOWTWN1,34.872090
D,DISPATCH,UNIT_SCADA,1,"2019/08/21 01:00:00",SNOWYP,191.400010
D,DISPATCH,UNIT_SCADA,1,"2019/08/21 01:00:00",SNUG1,0.019440
D,DISPATCH,UNIT_SCADA,1,"2019/08/21 01:00:00",SRSF1,0.07
D,DISPATCH,UNIT_SCADA,1,"2019/08/21 01:00:00",STAN-1,0
D,DISPATCH,UNIT_SCADA,1,"2019/08/21 01:00:00",STAN-2,181.551320
D,DISPATCH,UNIT_SCADA,1,"2019/08/21 01:00:00",STAN-3,221.683850
D,DISPATCH,UNIT_SCADA,1,"2019/08/21 01:00:00",STAN-4,190.562240
D,DISPATCH,UNIT_SCADA,1,"2019/08/21 01:00:00",STWF1,140.8725
D,DISPATCH,UNIT_SCADA,1,"2019/08/21 01:00:00",SWAN_E,0
D,DISPATCH,UNIT_SCADA,1,"2019/08/21 01:00:00",TALWA1,299
D,DISPATCH,UNIT_SCADA,1,"2019/08/21 01:00:00",TARALGA1,75.948750
D,DISPATCH,UNIT_SCADA,1,"2019/08/21 01:00:00",TARONG#1,285.300020
D,DISPATCH,UNIT_SCADA,1,"2019/08/21 01:00:00",TARONG#2,110.50
D,DISPATCH,UNIT_SCADA,1,"2019/08/21 01:00:00",TARONG#3,259.399990
D,DISPATCH,UNIT_SCADA,1,"2019/08/21 01:00:00",TARONG#4,280.200010
D,DISPATCH,UNIT_SCADA,1,"2019/08/21 01:00:00",TARRALEA,85.10
D,DISPATCH,UNIT_SCADA,1,"2019/08/21 01:00:00",TBSF1,-0.20
D,DISPATCH,UNIT_SCADA,1,"2019/08/21 01:00:00",TNPS1,400.000030
D,DISPATCH,UNIT_SCADA,1,"2019/08/21 01:00:00",TORRA1,44.641350
D,DISPATCH,UNIT_SCADA,1,"2019/08/21 01:00:00",TORRA2,0
D,DISPATCH,UNIT_SCADA,1,"2019/08/21 01:00:00",TORRA3,0
D,DISPATCH,UNIT_SCADA,1,"2019/08/21 01:00:00",TORRA4,0
D,DISPATCH,UNIT_SCADA,1,"2019/08/21 01:00:00",TORRB1,40.41
D,DISPATCH,UNIT_SCADA,1,"2019/08/21 01:00:00",TORRB2,40.63
D,DISPATCH,UNIT_SCADA,1,"2019/08/21 01:00:00",TORRB3,0
D,DISPATCH,UNIT_SCADA,1,"2019/08/21 01:00:00",TORRB4,0
D,DISPATCH,UNIT_SCADA,1,"2019/08/21 01:00:00",TREVALLN,2.40
D,DISPATCH,UNIT_SCADA,1,"2019/08/21 01:00:00",TRIBUTE,84.99
D,DISPATCH,UNIT_SCADA,1,"2019/08/21 01:00:00",TUMUT3,0
D,DISPATCH,UNIT_SCADA,1,"2019/08/21 01:00:00",TUNGATIN,65.960020
D,DISPATCH,UNIT_SCADA,1,"2019/08/21 01:00:00",TVCC201,0
D,DISPATCH,UNIT_SCADA,1,"2019/08/21 01:00:00",TVPP104,0
D,DISPATCH,UNIT_SCADA,1,"2019/08/21 01:00:00",UPPTUMUT,0
D,DISPATCH,UNIT_SCADA,1,"2019/08/21 01:00:00",URANQ11,0
D,DISPATCH,UNIT_SCADA,1,"2019/08/21 01:00:00",URANQ12,0
D,DISPATCH,UNIT_SCADA,1,"2019/08/21 01:00:00",URANQ13,0
D,DISPATCH,UNIT_SCADA,1,"2019/08/21 01:00:00",URANQ14,0
D,DISPATCH,UNIT_SCADA,1,"2019/08/21 01:00:00",VP5,395.6250
D,DISPATCH,UNIT_SCADA,1,"2019/08/21 01:00:00",VP6,399.524990
D,DISPATCH,UNIT_SCADA,1,"2019/08/21 01:00:00",VPGS1,0
D,DISPATCH,UNIT_SCADA,1,"2019/08/21 01:00:00",VPGS2,0
D,DISPATCH,UNIT_SCADA,1,"2019/08/21 01:00:00",VPGS3,0
D,DISPATCH,UNIT_SCADA,1,"2019/08/21 01:00:00",VPGS4,0
D,DISPATCH,UNIT_SCADA,1,"2019/08/21 01:00:00",VPGS5,0
D,DISPATCH,UNIT_SCADA,1,"2019/08/21 01:00:00",VPGS6,0
D,DISPATCH,UNIT_SCADA,1,"2019/08/21 01:00:00",W/HOE#1,0
D,DISPATCH,UNIT_SCADA,1,"2019/08/21 01:00:00",W/HOE#2,0
D,DISPATCH,UNIT_SCADA,1,"2019/08/21 01:00:00",WATERLWF,96
D,DISPATCH,UNIT_SCADA,1,"2019/08/21 01:00:00",WEMENSF1,0
D,DISPATCH,UNIT_SCADA,1,"2019/08/21 01:00:00",WGWF1,96.70
D,DISPATCH,UNIT_SCADA,1,"2019/08/21 01:00:00",WHITSF1,0
D,DISPATCH,UNIT_SCADA,1,"2019/08/21 01:00:00",WKIEWA1,34.50
D,DISPATCH,UNIT_SCADA,1,"2019/08/21 01:00:00",WKIEWA2,17.30
D,DISPATCH,UNIT_SCADA,1,"2019/08/21 01:00:00",WOODLWN1,40.6890
D,DISPATCH,UNIT_SCADA,1,"2019/08/21 01:00:00",WRSF1,0
D,DISPATCH,UNIT_SCADA,1,"2019/08/21 01:00:00",WRWF1,137.308750
D,DISPATCH,UNIT_SCADA,1,"2019/08/21 01:00:00",YABULU,0
D,DISPATCH,UNIT_SCADA,1,"2019/08/21 01:00:00",YABULU2,0
D,DISPATCH,UNIT_SCADA,1,"2019/08/21 01:00:00",YARWUN_1,0
D,DISPATCH,UNIT_SCADA,1,"2019/08/21 01:00:00",YENDWF1,42.17
D,DISPATCH,UNIT_SCADA,1,"2019/08/21 01:00:00",YWPS1,370.425320
D,DISPATCH,UNIT_SCADA,1,"2019/08/21 01:00:00",YWPS2,279.946840
D,DISPATCH,UNIT_SCADA,1,"2019/08/21 01:00:00",YWPS3,0
D,DISPATCH,UNIT_SCADA,1,"2019/08/21 01:00:00",YWPS4,396.084810
C,"END OF REPORT",334
