C,NEMP.WORLD,DISPATCHSCADA,AEMO,PUBLIC,2019/08/22,11:50:08,0000000311865721,DISPATCHSCADA,0000000311865715
I,DISPATCH,UNIT_SCADA,1,SETTLEMENTDATE,DUID,SCADAVALUE
D,DISPATCH,UNIT_SCADA,1,"2019/08/22 11:55:00",BARCSF1,18
D,DISPATCH,UNIT_SCADA,1,"2019/08/22 11:55:00",BUTLERSG,9.699999
D,DISPATCH,UNIT_SCADA,1,"2019/08/22 11:55:00",CALL_A_4,0
D,DISPATCH,UNIT_SCADA,1,"2019/08/22 11:55:00",CAPTL_WF,34.407997
D,DISPATCH,UNIT_SCADA,1,"2019/08/22 11:55:00",CATHROCK,0
D,DISPATCH,UNIT_SCADA,1,"2019/08/22 11:55:00",CHALLHWF,31.299999
D,DISPATCH,UNIT_SCADA,1,"2019/08/22 11:55:00",CLOVER,-0.01
D,DISPATCH,UNIT_SCADA,1,"2019/08/22 11:55:00",CLUNY,19.973907
D,DISPATCH,UNIT_SCADA,1,"2019/08/22 11:55:00",CNUNDAWF,9.210745
D,DISPATCH,UNIT_SCADA,1,"2019/08/22 11:55:00",CULLRGWF,25.73
D,DISPATCH,UNIT_SCADA,1,"2019/08/22 11:55:00",ERGT01,0
D,DISPATCH,UNIT_SCADA,1,"2019/08/22 11:55:00",GB01,0.059982
D,DISPATCH,UNIT_SCADA,1,"2019/08/22 11:55:00",GERMCRK,33.900002
D,DISPATCH,UNIT_SCADA,1,"2019/08/22 11:55:00",GRIFSF1,19.599998
D,DISPATCH,UNIT_SCADA,1,"2019/08/22 11:55:00",HUGSF1,8.9930
D,DISPATCH,UNIT_SCADA,1,"2019/08/22 11:55:00",LKBONNY1,21.880795
D,DISPATCH,UNIT_SCADA,1,"2019/08/22 11:55:00",LRSF1,12.580001
D,DISPATCH,UNIT_SCADA,1,"2019/08/22 11:55:00",MBAHNTH,55.425003
D,DISPATCH,UNIT_SCADA,1,"2019/08/22 11:55:00",MLSP1,12.591002
D,DISPATCH,UNIT_SCADA,1,"2019/08/22 11:55:00",MLWF1,17.415001
D,DISPATCH,UNIT_SCADA,1,"2019/08/22 11:55:00",MTMILLAR,2.775609
D,DISPATCH,UNIT_SCADA,1,"2019/08/22 11:55:00",PALOONA,28.76
D,DISPATCH,UNIT_SCADA,1,"2019/08/22 11:55:00",PIONEER,39.900002
D,DISPATCH,UNIT_SCADA,1,"2019/08/22 11:55:00",PORTWF,49.299999
D,DISPATCH,UNIT_SCADA,1,"2019/08/22 11:55:00",REPULSE,29.279621
D,DISPATCH,UNIT_SCADA,1,"2019/08/22 11:55:00",ROWALLAN,10.3518
D,DISPATCH,UNIT_SCADA,1,"2019/08/22 11:55:00",ROYALLA1,19.904001
D,DISPATCH,UNIT_SCADA,1,"2019/08/22 11:55:00",RPCG,11.70
D,DISPATCH,UNIT_SCADA,1,"2019/08/22 11:55:00",RUBICON,0
D,DISPATCH,UNIT_SCADA,1,"2019/08/22 11:55:00",SATGN1,0
D,DISPATCH,UNIT_SCADA,1,"2019/08/22 11:55:00",SATGS1,0
D,DISPATCH,UNIT_SCADA,1,"2019/08/22 11:55:00",STARHLWF,1.899446
D,DISPATCH,UNIT_SCADA,1,"2019/08/22 11:55:00",WAUBRAWF,174.613007
D,DISPATCH,UNIT_SCADA,1,"2019/08/22 11:55:00",WOOLNTH1,110.570023
D,DISPATCH,UNIT_SCADA,1,"2019/08/22 11:55:00",WPWF,3
D,DISPATCH,UNIT_SCADA,1,"2019/08/22 11:55:00",YAMBUKWF,15.10
D,DISPATCH,UNIT_SCADA,1,"2019/08/22 11:55:00",YSWF1,17.40
D,DISPATCH,UNIT_SCADA,1,"2019/08/22 11:55:00",AGLHAL,0
D,DISPATCH,UNIT_SCADA,1,"2019/08/22 11:55:00",AGLSOM,0
D,DISPATCH,UNIT_SCADA,1,"2019/08/22 11:55:00",ANGAST1,0
D,DISPATCH,UNIT_SCADA,1,"2019/08/22 11:55:00",ARWF1,208.899990
D,DISPATCH,UNIT_SCADA,1,"2019/08/22 11:55:00",BALBG1,0
D,DISPATCH,UNIT_SCADA,1,"2019/08/22 11:55:00",BALBL1,19.98
D,DISPATCH,UNIT_SCADA,1,"2019/08/22 11:55:00",BALDHWF1,87.3270
D,DISPATCH,UNIT_SCADA,1,"2019/08/22 11:55:00",BANN1,58.28
D,DISPATCH,UNIT_SCADA,1,"2019/08/22 11:55:00",BARCALDN,0
D,DISPATCH,UNIT_SCADA,1,"2019/08/22 11:55:00",BARRON-1,0
D,DISPATCH,UNIT_SCADA,1,"2019/08/22 11:55:00",BARRON-2,25.80
D,DISPATCH,UNIT_SCADA,1,"2019/08/22 11:55:00",BASTYAN,78.290010
D,DISPATCH,UNIT_SCADA,1,"2019/08/22 11:55:00",BBTHREE1,-1.85
D,DISPATCH,UNIT_SCADA,1,"2019/08/22 11:55:00",BBTHREE2,-1.79
D,DISPATCH,UNIT_SCADA,1,"2019/08/22 11:55:00",BBTHREE3,0
D,DISPATCH,UNIT_SCADA,1,"2019/08/22 11:55:00",BDL01,0
D,DISPATCH,UNIT_SCADA,1,"2019/08/22 11:55:00",BDL02,0
D,DISPATCH,UNIT_SCADA,1,"2019/08/22 11:55:00",BERYLSF1,83.598850
D,DISPATCH,UNIT_SCADA,1,"2019/08/22 11:55:00",BLOWERNG,0
D,DISPATCH,UNIT_SCADA,1,"2019/08/22 11:55:00",BLUFF1,0.10
D,DISPATCH,UNIT_SCADA,1,"2019/08/22 11:55:00",BNGSF1,59.95
D,DISPATCH,UNIT_SCADA,1,"2019/08/22 11:55:00",BNGSF2,20.21
D,DISPATCH,UNIT_SCADA,1,"2019/08/22 11:55:00",BOCORWF1,70.64
D,DISPATCH,UNIT_SCADA,1,"2019/08/22 11:55:00",BODWF1,107.902790
D,DISPATCH,UNIT_SCADA,1,"2019/08/22 11:55:00",BRAEMAR1,0
D,DISPATCH,UNIT_SCADA,1,"2019/08/22 11:55:00",BRAEMAR2,0
D,DISPATCH,UNIT_SCADA,1,"2019/08/22 11:55:00",BRAEMAR3,0
D,DISPATCH,UNIT_SCADA,1,"2019/08/22 11:55:00",BRAEMAR5,0
D,DISPATCH,UNIT_SCADA,1,"2019/08/22 11:55:00",BRAEMAR6,0
D,DISPATCH,UNIT_SCADA,1,"2019/08/22 11:55:00",BRAEMAR7,0
D,DISPATCH,UNIT_SCADA,1,"2019/08/22 11:55:00",BROKENH1,52.427250
D,DISPATCH,UNIT_SCADA,1,"2019/08/22 11:55:00",BW01,527.074950
D,DISPATCH,UNIT_SCADA,1,"2019/08/22 11:55:00",BW02,515.349980
D,DISPATCH,UNIT_SCADA,1,"2019/08/22 11:55:00",BW03,532.075070
D,DISPATCH,UNIT_SCADA,1,"2019/08/22 11:55:00",BW04,0
D,DISPATCH,UNIT_SCADA,1,"2019/08/22 11:55:00",CALL_B_1,249.70
D,DISPATCH,UNIT_SCADA,1,"2019/08/22 11:55:00",CALL_B_2,279.899990
D,DISPATCH,UNIT_SCADA,1,"2019/08/22 11:55:00",CETHANA,97.825250
D,DISPATCH,UNIT_SCADA,1,"2019/08/22 11:55:00",CG1,0
D,DISPATCH,UNIT_SCADA,1,"2019/08/22 11:55:00",CG2,0
D,DISPATCH,UNIT_SCADA,1,"2019/08/22 11:55:00",CG3,0
D,DISPATCH,UNIT_SCADA,1,"2019/08/22 11:55:00",CG4,0
D,DISPATCH,UNIT_SCADA,1,"2019/08/22 11:55:00",CHILDSF1,40.12
D,DISPATCH,UNIT_SCADA,1,"2019/08/22 11:55:00",CLARESF1,0
D,DISPATCH,UNIT_SCADA,1,"2019/08/22 11:55:00",CLEMGPWF,-0.432210
D,DISPATCH,UNIT_SCADA,1,"2019/08/22 11:55:00",CLERMSF1,0
D,DISPATCH,UNIT_SCADA,1,"2019/08/22 11:55:00",COLEASF1,81.80
D,DISPATCH,UNIT_SCADA,1,"2019/08/22 11:55:00",COOPGWF1,33.086560
D,DISPATCH,UNIT_SCADA,1,"2019/08/22 11:55:00",CPP_3,406.450010
D,DISPATCH,UNIT_SCADA,1,"2019/08/22 11:55:00",CPP_4,229.350010
D,DISPATCH,UNIT_SCADA,1,"2019/08/22 11:55:00",CPSA,88.066880
D,DISPATCH,UNIT_SCADA,1,"2019/08/22 11:55:00",CROOKWF2,77.853750
D,DISPATCH,UNIT_SCADA,1,"2019/08/22 11:55:00",CROWLWF1,43.773950
D,DISPATCH,UNIT_SCADA,1,"2019/08/22 11:55:00",CSPVPS1,0.5610
D,DISPATCH,UNIT_SCADA,1,"2019/08/22 11:55:00",DALNTH01,0.062560
D,DISPATCH,UNIT_SCADA,1,"2019/08/22 11:55:00",DALNTHL1,0
D,DISPATCH,UNIT_SCADA,1,"2019/08/22 11:55:00",DARTM1,135
D,DISPATCH,UNIT_SCADA,1,"2019/08/22 11:55:00",DAYDSF1,0
D,DISPATCH,UNIT_SCADA,1,"2019/08/22 11:55:00",DDPS1,0
D,DISPATCH,UNIT_SCADA,1,"2019/08/22 11:55:00",DDSF1,0
D,DISPATCH,UNIT_SCADA,1,"2019/08/22 11:55:00",DEVILS_G,0
D,DISPATCH,UNIT_SCADA,1,"2019/08/22 11:55:00",DG_NSW1,0
D,DISPATCH,UNIT_SCADA,1,"2019/08/22 11:55:00",DG_QLD1,0
D,DISPATCH,UNIT_SCADA,1,"2019/08/22 11:55:00",DG_SA1,0
D,DISPATCH,UNIT_SCADA,1,"2019/08/22 11:55:00",DG_TAS1,0
D,DISPATCH,UNIT_SCADA,1,"2019/08/22 11:55:00",DG_VIC1,0
D,DISPATCH,UNIT_SCADA,1,"2019/08/22 11:55:00",DRYCGT1,0
D,DISPATCH,UNIT_SCADA,1,"2019/08/22 11:55:00",DRYCGT2,0
D,DISPATCH,UNIT_SCADA,1,"2019/08/22 11:55:00",DRYCGT3,0
D,DISPATCH,UNIT_SCADA,1,"2019/08/22 11:55:00",EILDON1,0
D,DISPATCH,UNIT_SCADA,1,"2019/08/22 11:55:00",EILDON2,0
D,DISPATCH,UNIT_SCADA,1,"2019/08/22 11:55:00",EMERASF1,61.86
D,DISPATCH,UNIT_SCADA,1,"2019/08/22 11:55:00",ER01,323.1250
D,DISPATCH,UNIT_SCADA,1,"2019/08/22 11:55:00",ER02,381.025020
D,DISPATCH,UNIT_SCADA,1,"2019/08/22 11:55:00",ER03,649.650020
D,DISPATCH,UNIT_SCADA,1,"2019/08/22 11:55:00",ER04,380.75
D,DISPATCH,UNIT_SCADA,1,"2019/08/22 11:55:00",FINLYSF1,3.368250
D,DISPATCH,UNIT_SCADA,1,"2019/08/22 11:55:00",FISHER,45.95
D,DISPATCH,UNIT_SCADA,1,"2019/08/22 11:55:00",GANNBG1,0
D,DISPATCH,UNIT_SCADA,1,"2019/08/22 11:55:00",GANNBL1,9.499220
D,DISPATCH,UNIT_SCADA,1,"2019/08/22 11:55:00",GANNSF1,41.20
D,DISPATCH,UNIT_SCADA,1,"2019/08/22 11:55:00",GORDON,2.615760
D,DISPATCH,UNIT_SCADA,1,"2019/08/22 11:55:00",GSTONE1,109.55
D,DISPATCH,UNIT_SCADA,1,"2019/08/22 11:55:00",GSTONE2,110.0750
D,DISPATCH,UNIT_SCADA,1,"2019/08/22 11:55:00",GSTONE3,109.90
D,DISPATCH,UNIT_SCADA,1,"2019/08/22 11:55:00",GSTONE4,136.849990
D,DISPATCH,UNIT_SCADA,1,"2019/08/22 11:55:00",GSTONE5,135.974990
D,DISPATCH,UNIT_SCADA,1,"2019/08/22 11:55:00",GSTONE6,0
D,DISPATCH,UNIT_SCADA,1,"2019/08/22 11:55:00",GULLRSF1,2.611150
D,DISPATCH,UNIT_SCADA,1,"2019/08/22 11:55:00",GULLRWF1,133.064760
D,DISPATCH,UNIT_SCADA,1,"2019/08/22 11:55:00",GUNNING1,40.890180
D,DISPATCH,UNIT_SCADA,1,"2019/08/22 11:55:00",GUTHEGA,0
D,DISPATCH,UNIT_SCADA,1,"2019/08/22 11:55:00",HALLWF1,-0.46
D,DISPATCH,UNIT_SCADA,1,"2019/08/22 11:55:00",HALLWF2,-0.34
D,DISPATCH,UNIT_SCADA,1,"2019/08/22 11:55:00",HAMISF1,46.30
D,DISPATCH,UNIT_SCADA,1,"2019/08/22 11:55:00",HAUGHT11,50.089980
D,DISPATCH,UNIT_SCADA,1,"2019/08/22 11:55:00",HAYMSF1,28.0710
D,DISPATCH,UNIT_SCADA,1,"2019/08/22 11:55:00",HDWF1,3.40
D,DISPATCH,UNIT_SCADA,1,"2019/08/22 11:55:00",HDWF2,2.70
D,DISPATCH,UNIT_SCADA,1,"2019/08/22 11:55:00",HDWF3,4.20
D,DISPATCH,UNIT_SCADA,1,"2019/08/22 11:55:00",HPRG1,0
D,DISPATCH,UNIT_SCADA,1,"2019/08/22 11:55:00",HPRL1,20.80
D,DISPATCH,UNIT_SCADA,1,"2019/08/22 11:55:00",HUMENSW,0
D,DISPATCH,UNIT_SCADA,1,"2019/08/22 11:55:00",HUMEV,8.80
D,DISPATCH,UNIT_SCADA,1,"2019/08/22 11:55:00",HVGTS,0
D,DISPATCH,UNIT_SCADA,1,"2019/08/22 11:55:00",JBUTTERS,137.31
D,DISPATCH,UNIT_SCADA,1,"2019/08/22 11:55:00",JLA01,0.50
D,DISPATCH,UNIT_SCADA,1,"2019/08/22 11:55:00",JLA02,0
D,DISPATCH,UNIT_SCADA,1,"2019/08/22 11:55:00",JLA03,0.10
D,DISPATCH,UNIT_SCADA,1,"2019/08/22 11:55:00",JLA04,0.10
D,DISPATCH,UNIT_SCADA,1,"2019/08/22 11:55:00",JLB01,0
D,DISPATCH,UNIT_SCADA,1,"2019/08/22 11:55:00",JLB02,0.10
D,DISPATCH,UNIT_SCADA,1,"2019/08/22 11:55:00",JLB03,0
D,DISPATCH,UNIT_SCADA,1,"2019/08/22 11:55:00",KAREEYA1,21.5750
D,DISPATCH,UNIT_SCADA,1,"2019/08/22 11:55:00",KAREEYA2,21.7450
D,DISPATCH,UNIT_SCADA,1,"2019/08/22 11:55:00",KAREEYA3,0
D,DISPATCH,UNIT_SCADA,1,"2019/08/22 11:55:00",KAREEYA4,21.7425
D,DISPATCH,UNIT_SCADA,1,"2019/08/22 11:55:00",KARSF1,60.20
D,DISPATCH,UNIT_SCADA,1,"2019/08/22 11:55:00",KIATAWF1,20.10
D,DISPATCH,UNIT_SCADA,1,"2019/08/22 11:55:00",KPP_1,0
D,DISPATCH,UNIT_SCADA,1,"2019/08/22 11:55:00",KSP1,47.62
D,DISPATCH,UNIT_SCADA,1,"2019/08/22 11:55:00",LADBROK1,0
D,DISPATCH,UNIT_SCADA,1,"2019/08/22 11:55:00",LADBROK2,0
D,DISPATCH,UNIT_SCADA,1,"2019/08/22 11:55:00",LD01,355.5563
D,DISPATCH,UNIT_SCADA,1,"2019/08/22 11:55:00",LD02,349.8750
D,DISPATCH,UNIT_SCADA,1,"2019/08/22 11:55:00",LD03,351.768770
D,DISPATCH,UNIT_SCADA,1,"2019/08/22 11:55:00",LD04,352.931340
D,DISPATCH,UNIT_SCADA,1,"2019/08/22 11:55:00",LEM_WIL,86.237350
D,DISPATCH,UNIT_SCADA,1,"2019/08/22 11:55:00",LGAPWF1,10.08
D,DISPATCH,UNIT_SCADA,1,"2019/08/22 11:55:00",LILYSF1,91.750390
D,DISPATCH,UNIT_SCADA,1,"2019/08/22 11:55:00",LI_WY_CA,148.694920
D,DISPATCH,UNIT_SCADA,1,"2019/08/22 11:55:00",LKBONNY2,33.234230
D,DISPATCH,UNIT_SCADA,1,"2019/08/22 11:55:00",LKBONNY3,5.191450
D,DISPATCH,UNIT_SCADA,1,"2019/08/22 11:55:00",LK_ECHO,0
D,DISPATCH,UNIT_SCADA,1,"2019/08/22 11:55:00",LNGS1,0
D,DISPATCH,UNIT_SCADA,1,"2019/08/22 11:55:00",LNGS2,0
D,DISPATCH,UNIT_SCADA,1,"2019/08/22 11:55:00",LONSDALE,0
D,DISPATCH,UNIT_SCADA,1,"2019/08/22 11:55:00",LOYYB1,536.088620
D,DISPATCH,UNIT_SCADA,1,"2019/08/22 11:55:00",LOYYB2,584.210140
D,DISPATCH,UNIT_SCADA,1,"2019/08/22 11:55:00",LYA1,559
D,DISPATCH,UNIT_SCADA,1,"2019/08/22 11:55:00",LYA2,0
D,DISPATCH,UNIT_SCADA,1,"2019/08/22 11:55:00",LYA3,561
D,DISPATCH,UNIT_SCADA,1,"2019/08/22 11:55:00",LYA4,539
D,DISPATCH,UNIT_SCADA,1,"2019/08/22 11:55:00",MACARTH1,256.594090
D,DISPATCH,UNIT_SCADA,1,"2019/08/22 11:55:00",MACKAYGT,0
D,DISPATCH,UNIT_SCADA,1,"2019/08/22 11:55:00",MACKNTSH,86.430010
D,DISPATCH,UNIT_SCADA,1,"2019/08/22 11:55:00",MANSLR1,38.4790
D,DISPATCH,UNIT_SCADA,1,"2019/08/22 11:55:00",MCKAY1,0.02
D,DISPATCH,UNIT_SCADA,1,"2019/08/22 11:55:00",MEADOWBK,34.038780
D,DISPATCH,UNIT_SCADA,1,"2019/08/22 11:55:00",MERCER01,69.8240
D,DISPATCH,UNIT_SCADA,1,"2019/08/22 11:55:00",MEWF1,45.283330
D,DISPATCH,UNIT_SCADA,1,"2019/08/22 11:55:00",MINTARO,0
D,DISPATCH,UNIT_SCADA,1,"2019/08/22 11:55:00",MOREESF1,48.44
D,DISPATCH,UNIT_SCADA,1,"2019/08/22 11:55:00",MORTLK11,125
D,DISPATCH,UNIT_SCADA,1,"2019/08/22 11:55:00",MORTLK12,0
D,DISPATCH,UNIT_SCADA,1,"2019/08/22 11:55:00",MP1,285.299930
D,DISPATCH,UNIT_SCADA,1,"2019/08/22 11:55:00",MP2,0
D,DISPATCH,UNIT_SCADA,1,"2019/08/22 11:55:00",MPP_1,290
D,DISPATCH,UNIT_SCADA,1,"2019/08/22 11:55:00",MPP_2,380
D,DISPATCH,UNIT_SCADA,1,"2019/08/22 11:55:00",MSTUART1,0
D,DISPATCH,UNIT_SCADA,1,"2019/08/22 11:55:00",MSTUART2,0
D,DISPATCH,UNIT_SCADA,1,"2019/08/22 11:55:00",MSTUART3,0
D,DISPATCH,UNIT_SCADA,1,"2019/08/22 11:55:00",MTGELWF1,65.494250
D,DISPATCH,UNIT_SCADA,1,"2019/08/22 11:55:00",MURRAY,0
D,DISPATCH,UNIT_SCADA,1,"2019/08/22 11:55:00",MUSSELR1,88.899990
D,DISPATCH,UNIT_SCADA,1,"2019/08/22 11:55:00",MUWAWF1,37.21
D,DISPATCH,UNIT_SCADA,1,"2019/08/22 11:55:00",NBHWF1,-0.70
D,DISPATCH,UNIT_SCADA,1,"2019/08/22 11:55:00",NPS,0
D,DISPATCH,UNIT_SCADA,1,"2019/08/22 11:55:00",NUMURSF1,85.19
D,DISPATCH,UNIT_SCADA,1,"2019/08/22 11:55:00",NYNGAN1,101.50
D,DISPATCH,UNIT_SCADA,1,"2019/08/22 11:55:00",OAKEY1,0
D,DISPATCH,UNIT_SCADA,1,"2019/08/22 11:55:00",OAKEY1SF,21.7480
D,DISPATCH,UNIT_SCADA,1,"2019/08/22 11:55:00",OAKEY2,0
D,DISPATCH,UNIT_SCADA,1,"2019/08/22 11:55:00",OAKLAND1,52.90
D,DISPATCH,UNIT_SCADA,1,"2019/08/22 11:55:00",OSB-AG,138.88
D,DISPATCH,UNIT_SCADA,1,"2019/08/22 11:55:00",PARSF1,28.403120
D,DISPATCH,UNIT_SCADA,1,"2019/08/22 11:55:00",POAT110,0
D,DISPATCH,UNIT_SCADA,1,"2019/08/22 11:55:00",POAT220,0
D,DISPATCH,UNIT_SCADA,1,"2019/08/22 11:55:00",POR01,0
D,DISPATCH,UNIT_SCADA,1,"2019/08/22 11:55:00",POR03,0
D,DISPATCH,UNIT_SCADA,1,"2019/08/22 11:55:00",PPCCGT,382.265780
D,DISPATCH,UNIT_SCADA,1,"2019/08/22 11:55:00",PTSTAN1,0
D,DISPATCH,UNIT_SCADA,1,"2019/08/22 11:55:00",PUMP1,0
D,DISPATCH,UNIT_SCADA,1,"2019/08/22 11:55:00",PUMP2,0
D,DISPATCH,UNIT_SCADA,1,"2019/08/22 11:55:00",QPS1,0
D,DISPATCH,UNIT_SCADA,1,"2019/08/22 11:55:00",QPS2,0
D,DISPATCH,UNIT_SCADA,1,"2019/08/22 11:55:00",QPS3,0
D,DISPATCH,UNIT_SCADA,1,"2019/08/22 11:55:00",QPS4,0
D,DISPATCH,UNIT_SCADA,1,"2019/08/22 11:55:00",QPS5,0
D,DISPATCH,UNIT_SCADA,1,"2019/08/22 11:55:00",REECE1,115.970010
D,DISPATCH,UNIT_SCADA,1,"2019/08/22 11:55:00",REECE2,118.760010
D,DISPATCH,UNIT_SCADA,1,"2019/08/22 11:55:00",ROMA_7,0
D,DISPATCH,UNIT_SCADA,1,"2019/08/22 11:55:00",ROMA_8,0
D,DISPATCH,UNIT_SCADA,1,"2019/08/22 11:55:00",RRSF1,111.528610
D,DISPATCH,UNIT_SCADA,1,"2019/08/22 11:55:00",RT_NSW1,0
D,DISPATCH,UNIT_SCADA,1,"2019/08/22 11:55:00",RT_NSW2,0
D,DISPATCH,UNIT_SCADA,1,"2019/08/22 11:55:00",RT_NSW3,0
D,DISPATCH,UNIT_SCADA,1,"2019/08/22 11:55:00",RT_NSW4,0
D,DISPATCH,UNIT_SCADA,1,"2019/08/22 11:55:00",RT_NSW5,0
D,DISPATCH,UNIT_SCADA,1,"2019/08/22 11:55:00",RT_NSW6,0
D,DISPATCH,UNIT_SCADA,1,"2019/08/22 11:55:00",RT_QLD1,0
D,DISPATCH,UNIT_SCADA,1,"2019/08/22 11:55:00",RT_SA1,0
D,DISPATCH,UNIT_SCADA,1,"2019/08/22 11:55:00",RT_SA2,0
D,DISPATCH,UNIT_SCADA,1,"2019/08/22 11:55:00",RT_SA3,0
D,DISPATCH,UNIT_SCADA,1,"2019/08/22 11:55:00",RT_SA4,0
D,DISPATCH,UNIT_SCADA,1,"2019/08/22 11:55:00",RT_SA5,0
D,DISPATCH,UNIT_SCADA,1,"2019/08/22 11:55:00",RT_SA6,0
D,DISPATCH,UNIT_SCADA,1,"2019/08/22 11:55:00",RT_TAS1,0
D,DISPATCH,UNIT_SCADA,1,"2019/08/22 11:55:00",RT_VIC1,0
D,DISPATCH,UNIT_SCADA,1,"2019/08/22 11:55:00",RT_VIC10,0
D,DISPATCH,UNIT_SCADA,1,"2019/08/22 11:55:00",RT_VIC11,0
D,DISPATCH,UNIT_SCADA,1,"2019/08/22 11:55:00",RT_VIC12,0
D,DISPATCH,UNIT_SCADA,1,"2019/08/22 11:55:00",RT_VIC2,0
D,DISPATCH,UNIT_SCADA,1,"2019/08/22 11:55:00",RT_VIC3,0
D,DISPATCH,UNIT_SCADA,1,"2019/08/22 11:55:00",RT_VIC4,0
D,DISPATCH,UNIT_SCADA,1,"2019/08/22 11:55:00",RT_VIC5,0
D,DISPATCH,UNIT_SCADA,1,"2019/08/22 11:55:00",RT_VIC6,0
D,DISPATCH,UNIT_SCADA,1,"2019/08/22 11:55:00",RT_VIC7,0
D,DISPATCH,UNIT_SCADA,1,"2019/08/22 11:55:00",RT_VIC8,0
D,DISPATCH,UNIT_SCADA,1,"2019/08/22 11:55:00",RT_VIC9,0
D,DISPATCH,UNIT_SCADA,1,"2019/08/22 11:55:00",RUGBYR1,59.232250
D,DISPATCH,UNIT_SCADA,1,"2019/08/22 11:55:00",SALTCRK1,23.39
D,DISPATCH,UNIT_SCADA,1,"2019/08/22 11:55:00",SAPHWF1,226.743770
D,DISPATCH,UNIT_SCADA,1,"2019/08/22 11:55:00",SHGEN,0
D,DISPATCH,UNIT_SCADA,1,"2019/08/22 11:55:00",SHPUMP,201.332660
D,DISPATCH,UNIT_SCADA,1,"2019/08/22 11:55:00",SITHE01,0.123710
D,DISPATCH,UNIT_SCADA,1,"2019/08/22 11:55:00",SMCSF1,0
D,DISPATCH,UNIT_SCADA,1,"2019/08/22 11:55:00",SNOWNTH1,1.10
D,DISPATCH,UNIT_SCADA,1,"2019/08/22 11:55:00",SNOWSTH1,1.80
D,DISPATCH,UNIT_SCADA,1,"2019/08/22 11:55:00",SNOWTWN1,-0.641030
D,DISPATCH,UNIT_SCADA,1,"2019/08/22 11:55:00",SNOWYP,0
D,DISPATCH,UNIT_SCADA,1,"2019/08/22 11:55:00",SNUG1,0.019440
D,DISPATCH,UNIT_SCADA,1,"2019/08/22 11:55:00",SRSF1,34.91
D,DISPATCH,UNIT_SCADA,1,"2019/08/22 11:55:00",STAN-1,0
D,DISPATCH,UNIT_SCADA,1,"2019/08/22 11:55:00",STAN-2,282.094150
D,DISPATCH,UNIT_SCADA,1,"2019/08/22 11:55:00",STAN-3,282.658110
D,DISPATCH,UNIT_SCADA,1,"2019/08/22 11:55:00",STAN-4,280.530360
D,DISPATCH,UNIT_SCADA,1,"2019/08/22 11:55:00",STWF1,18.8775
D,DISPATCH,UNIT_SCADA,1,"2019/08/22 11:55:00",SWAN_E,0
D,DISPATCH,UNIT_SCADA,1,"2019/08/22 11:55:00",TALWA1,191
D,DISPATCH,UNIT_SCADA,1,"2019/08/22 11:55:00",TARALGA1,96.3450
D,DISPATCH,UNIT_SCADA,1,"2019/08/22 11:55:00",TARONG#1,280.600010
D,DISPATCH,UNIT_SCADA,1,"2019/08/22 11:55:00",TARONG#2,279.700010
D,DISPATCH,UNIT_SCADA,1,"2019/08/22 11:55:00",TARONG#3,260.800020
D,DISPATCH,UNIT_SCADA,1,"2019/08/22 11:55:00",TARONG#4,280.300020
D,DISPATCH,UNIT_SCADA,1,"2019/08/22 11:55:00",TARRALEA,84
D,DISPATCH,UNIT_SCADA,1,"2019/08/22 11:55:00",TBSF1,35.90
D,DISPATCH,UNIT_SCADA,1,"2019/08/22 11:55:00",TNPS1,276.700010
D,DISPATCH,UNIT_SCADA,1,"2019/08/22 11:55:00",TORRA1,36.889820
D,DISPATCH,UNIT_SCADA,1,"2019/08/22 11:55:00",TORRA2,0
D,DISPATCH,UNIT_SCADA,1,"2019/08/22 11:55:00",TORRA3,38.053230
D,DISPATCH,UNIT_SCADA,1,"2019/08/22 11:55:00",TORRA4,20.123860
D,DISPATCH,UNIT_SCADA,1,"2019/08/22 11:55:00",TORRB1,67.93
D,DISPATCH,UNIT_SCADA,1,"2019/08/22 11:55:00",TORRB2,67.74
D,DISPATCH,UNIT_SCADA,1,"2019/08/22 11:55:00",TORRB3,0
D,DISPATCH,UNIT_SCADA,1,"2019/08/22 11:55:00",TORRB4,0
D,DISPATCH,UNIT_SCADA,1,"2019/08/22 11:55:00",TREVALLN,44.020020
D,DISPATCH,UNIT_SCADA,1,"2019/08/22 11:55:00",TRIBUTE,84.98
D,DISPATCH,UNIT_SCADA,1,"2019/08/22 11:55:00",TUMUT3,0
D,DISPATCH,UNIT_SCADA,1,"2019/08/22 11:55:00",TUNGATIN,104.640030
D,DISPATCH,UNIT_SCADA,1,"2019/08/22 11:55:00",TVCC201,0
D,DISPATCH,UNIT_SCADA,1,"2019/08/22 11:55:00",TVPP104,0
D,DISPATCH,UNIT_SCADA,1,"2019/08/22 11:55:00",UPPTUMUT,0
D,DISPATCH,UNIT_SCADA,1,"2019/08/22 11:55:00",URANQ11,0
D,DISPATCH,UNIT_SCADA,1,"2019/08/22 11:55:00",URANQ12,0
D,DISPATCH,UNIT_SCADA,1,"2019/08/22 11:55:00",URANQ13,0
D,DISPATCH,UNIT_SCADA,1,"2019/08/22 11:55:00",URANQ14,0
D,DISPATCH,UNIT_SCADA,1,"2019/08/22 11:55:00",VP5,201.3750
D,DISPATCH,UNIT_SCADA,1,"2019/08/22 11:55:00",VP6,593.150020
D,DISPATCH,UNIT_SCADA,1,"2019/08/22 11:55:00",VPGS1,0
D,DISPATCH,UNIT_SCADA,1,"2019/08/22 11:55:00",VPGS2,0
D,DISPATCH,UNIT_SCADA,1,"2019/08/22 11:55:00",VPGS3,0
D,DISPATCH,UNIT_SCADA,1,"2019/08/22 11:55:00",VPGS4,0
D,DISPATCH,UNIT_SCADA,1,"2019/08/22 11:55:00",VPGS5,0
D,DISPATCH,UNIT_SCADA,1,"2019/08/22 11:55:00",VPGS6,0
D,DISPATCH,UNIT_SCADA,1,"2019/08/22 11:55:00",W/HOE#1,0
D,DISPATCH,UNIT_SCADA,1,"2019/08/22 11:55:00",W/HOE#2,0
D,DISPATCH,UNIT_SCADA,1,"2019/08/22 11:55:00",WATERLWF,5.40
D,DISPATCH,UNIT_SCADA,1,"2019/08/22 11:55:00",WEMENSF1,58.10
D,DISPATCH,UNIT_SCADA,1,"2019/08/22 11:55:00",WGWF1,3.80
D,DISPATCH,UNIT_SCADA,1,"2019/08/22 11:55:00",WHITSF1,0
D,DISPATCH,UNIT_SCADA,1,"2019/08/22 11:55:00",WKIEWA1,0
D,DISPATCH,UNIT_SCADA,1,"2019/08/22 11:55:00",WKIEWA2,6.90
D,DISPATCH,UNIT_SCADA,1,"2019/08/22 11:55:00",WOODLWN1,29.1510
D,DISPATCH,UNIT_SCADA,1,"2019/08/22 11:55:00",WRSF1,6.96
D,DISPATCH,UNIT_SCADA,1,"2019/08/22 11:55:00",WRWF1,160.1575
D,DISPATCH,UNIT_SCADA,1,"2019/08/22 11:55:00",YABULU,0
D,DISPATCH,UNIT_SCADA,1,"2019/08/22 11:55:00",YABULU2,0
D,DISPATCH,UNIT_SCADA,1,"2019/08/22 11:55:00",YARWUN_1,0
D,DISPATCH,UNIT_SCADA,1,"2019/08/22 11:55:00",YENDWF1,42.10
D,DISPATCH,UNIT_SCADA,1,"2019/08/22 11:55:00",YWPS1,351.377230
D,DISPATCH,UNIT_SCADA,1,"2019/08/22 11:55:00",YWPS2,281.450620
D,DISPATCH,UNIT_SCADA,1,"2019/08/22 11:55:00",YWPS3,0
D,DISPATCH,UNIT_SCADA,1,"2019/08/22 11:55:00",YWPS4,400.036710
C,"END OF REPORT",334
