C,NEMP.WORLD,DISPATCHSCADA,AEMO,PUBLIC,2019/09/05,22:50:09,0000000312439354,DISPATCHSCADA,0000000312439348
I,DISPATCH,UNIT_SCADA,1,SETTLEMENTDATE,DUID,SCADAVALUE
D,DISPATCH,UNIT_SCADA,1,"2019/09/05 22:55:00",BARCSF1,0.30
D,DISPATCH,UNIT_SCADA,1,"2019/09/05 22:55:00",BUTLERSG,10.199999
D,DISPATCH,UNIT_SCADA,1,"2019/09/05 22:55:00",CALL_A_4,0
D,DISPATCH,UNIT_SCADA,1,"2019/09/05 22:55:00",CAPTL_WF,10.879997
D,DISPATCH,UNIT_SCADA,1,"2019/09/05 22:55:00",CATHROCK,0
D,DISPATCH,UNIT_SCADA,1,"2019/09/05 22:55:00",CHALLHWF,0
D,DISPATCH,UNIT_SCADA,1,"2019/09/05 22:55:00",CLOVER,-0.01
D,DISPATCH,UNIT_SCADA,1,"2019/09/05 22:55:00",CLUNY,14.149233
D,DISPATCH,UNIT_SCADA,1,"2019/09/05 22:55:00",CNUNDAWF,13.215417
D,DISPATCH,UNIT_SCADA,1,"2019/09/05 22:55:00",CULLRGWF,11.40
D,DISPATCH,UNIT_SCADA,1,"2019/09/05 22:55:00",ERGT01,0
D,DISPATCH,UNIT_SCADA,1,"2019/09/05 22:55:00",GB01,0.008663
D,DISPATCH,UNIT_SCADA,1,"2019/09/05 22:55:00",GERMCRK,36
D,DISPATCH,UNIT_SCADA,1,"2019/09/05 22:55:00",GRIFSF1,0
D,DISPATCH,UNIT_SCADA,1,"2019/09/05 22:55:00",HUGSF1,-0.2330
D,DISPATCH,UNIT_SCADA,1,"2019/09/05 22:55:00",LKBONNY1,19.826679
D,DISPATCH,UNIT_SCADA,1,"2019/09/05 22:55:00",LRSF1,-0.0010
D,DISPATCH,UNIT_SCADA,1,"2019/09/05 22:55:00",MBAHNTH,46.856247
D,DISPATCH,UNIT_SCADA,1,"2019/09/05 22:55:00",MLSP1,0
D,DISPATCH,UNIT_SCADA,1,"2019/09/05 22:55:00",MLWF1,-0.0150
D,DISPATCH,UNIT_SCADA,1,"2019/09/05 22:55:00",MTMILLAR,43.449818
D,DISPATCH,UNIT_SCADA,1,"2019/09/05 22:55:00",PALOONA,25.529999
D,DISPATCH,UNIT_SCADA,1,"2019/09/05 22:55:00",PIONEER,46.900002
D,DISPATCH,UNIT_SCADA,1,"2019/09/05 22:55:00",PORTWF,45.799999
D,DISPATCH,UNIT_SCADA,1,"2019/09/05 22:55:00",REPULSE,32.701305
D,DISPATCH,UNIT_SCADA,1,"2019/09/05 22:55:00",ROWALLAN,10.3092
D,DISPATCH,UNIT_SCADA,1,"2019/09/05 22:55:00",ROYALLA1,0
D,DISPATCH,UNIT_SCADA,1,"2019/09/05 22:55:00",RPCG,8.80
D,DISPATCH,UNIT_SCADA,1,"2019/09/05 22:55:00",RUBICON,0
D,DISPATCH,UNIT_SCADA,1,"2019/09/05 22:55:00",SATGN1,0
D,DISPATCH,UNIT_SCADA,1,"2019/09/05 22:55:00",SATGS1,0
D,DISPATCH,UNIT_SCADA,1,"2019/09/05 22:55:00",STARHLWF,30.091225
D,DISPATCH,UNIT_SCADA,1,"2019/09/05 22:55:00",WAUBRAWF,27.367001
D,DISPATCH,UNIT_SCADA,1,"2019/09/05 22:55:00",WOOLNTH1,127.290016
D,DISPATCH,UNIT_SCADA,1,"2019/09/05 22:55:00",WPWF,62
D,DISPATCH,UNIT_SCADA,1,"2019/09/05 22:55:00",YAMBUKWF,-0.20
D,DISPATCH,UNIT_SCADA,1,"2019/09/05 22:55:00",YSWF1,10.50
D,DISPATCH,UNIT_SCADA,1,"2019/09/05 22:55:00",AGLHAL,0
D,DISPATCH,UNIT_SCADA,1,"2019/09/05 22:55:00",AGLSOM,-0.20
D,DISPATCH,UNIT_SCADA,1,"2019/09/05 22:55:00",ANGAST1,0
D,DISPATCH,UNIT_SCADA,1,"2019/09/05 22:55:00",ARWF1,8.30
D,DISPATCH,UNIT_SCADA,1,"2019/09/05 22:55:00",BALBG1,0
D,DISPATCH,UNIT_SCADA,1,"2019/09/05 22:55:00",BALBL1,0
D,DISPATCH,UNIT_SCADA,1,"2019/09/05 22:55:00",BALDHWF1,38.46
D,DISPATCH,UNIT_SCADA,1,"2019/09/05 22:55:00",BANN1,0
D,DISPATCH,UNIT_SCADA,1,"2019/09/05 22:55:00",BARCALDN,0
D,DISPATCH,UNIT_SCADA,1,"2019/09/05 22:55:00",BARRON-1,32.52
D,DISPATCH,UNIT_SCADA,1,"2019/09/05 22:55:00",BARRON-2,0
D,DISPATCH,UNIT_SCADA,1,"2019/09/05 22:55:00",BASTYAN,80.51
D,DISPATCH,UNIT_SCADA,1,"2019/09/05 22:55:00",BBTHREE1,0
D,DISPATCH,UNIT_SCADA,1,"2019/09/05 22:55:00",BBTHREE2,0
D,DISPATCH,UNIT_SCADA,1,"2019/09/05 22:55:00",BBTHREE3,0
D,DISPATCH,UNIT_SCADA,1,"2019/09/05 22:55:00",BDL01,-0.06
D,DISPATCH,UNIT_SCADA,1,"2019/09/05 22:55:00",BDL02,-0.12
D,DISPATCH,UNIT_SCADA,1,"2019/09/05 22:55:00",BERYLSF1,0
D,DISPATCH,UNIT_SCADA,1,"2019/09/05 22:55:00",BLOWERNG,15.40
D,DISPATCH,UNIT_SCADA,1,"2019/09/05 22:55:00",BLUFF1,50.80
D,DISPATCH,UNIT_SCADA,1,"2019/09/05 22:55:00",BNGSF1,0
D,DISPATCH,UNIT_SCADA,1,"2019/09/05 22:55:00",BNGSF2,0
D,DISPATCH,UNIT_SCADA,1,"2019/09/05 22:55:00",BOCORWF1,8.44
D,DISPATCH,UNIT_SCADA,1,"2019/09/05 22:55:00",BODWF1,14.271010
D,DISPATCH,UNIT_SCADA,1,"2019/09/05 22:55:00",BRAEMAR1,0
D,DISPATCH,UNIT_SCADA,1,"2019/09/05 22:55:00",BRAEMAR2,0
D,DISPATCH,UNIT_SCADA,1,"2019/09/05 22:55:00",BRAEMAR3,0
D,DISPATCH,UNIT_SCADA,1,"2019/09/05 22:55:00",BRAEMAR5,0
D,DISPATCH,UNIT_SCADA,1,"2019/09/05 22:55:00",BRAEMAR6,0
D,DISPATCH,UNIT_SCADA,1,"2019/09/05 22:55:00",BRAEMAR7,0
D,DISPATCH,UNIT_SCADA,1,"2019/09/05 22:55:00",BROKENH1,0
D,DISPATCH,UNIT_SCADA,1,"2019/09/05 22:55:00",BW01,541.425050
D,DISPATCH,UNIT_SCADA,1,"2019/09/05 22:55:00",BW02,620.075070
D,DISPATCH,UNIT_SCADA,1,"2019/09/05 22:55:00",BW03,618.150020
D,DISPATCH,UNIT_SCADA,1,"2019/09/05 22:55:00",BW04,0
D,DISPATCH,UNIT_SCADA,1,"2019/09/05 22:55:00",CALL_B_1,344.200010
D,DISPATCH,UNIT_SCADA,1,"2019/09/05 22:55:00",CALL_B_2,294.50
D,DISPATCH,UNIT_SCADA,1,"2019/09/05 22:55:00",CETHANA,16.634750
D,DISPATCH,UNIT_SCADA,1,"2019/09/05 22:55:00",CG1,0
D,DISPATCH,UNIT_SCADA,1,"2019/09/05 22:55:00",CG2,0
D,DISPATCH,UNIT_SCADA,1,"2019/09/05 22:55:00",CG3,0
D,DISPATCH,UNIT_SCADA,1,"2019/09/05 22:55:00",CG4,0
D,DISPATCH,UNIT_SCADA,1,"2019/09/05 22:55:00",CHILDSF1,0
D,DISPATCH,UNIT_SCADA,1,"2019/09/05 22:55:00",CLARESF1,0
D,DISPATCH,UNIT_SCADA,1,"2019/09/05 22:55:00",CLEMGPWF,53.449980
D,DISPATCH,UNIT_SCADA,1,"2019/09/05 22:55:00",CLERMSF1,0
D,DISPATCH,UNIT_SCADA,1,"2019/09/05 22:55:00",COLEASF1,0
D,DISPATCH,UNIT_SCADA,1,"2019/09/05 22:55:00",COOPGWF1,19.594860
D,DISPATCH,UNIT_SCADA,1,"2019/09/05 22:55:00",CPP_3,395.450010
D,DISPATCH,UNIT_SCADA,1,"2019/09/05 22:55:00",CPP_4,393.25
D,DISPATCH,UNIT_SCADA,1,"2019/09/05 22:55:00",CPSA,140.999370
D,DISPATCH,UNIT_SCADA,1,"2019/09/05 22:55:00",CROOKWF2,25.713750
D,DISPATCH,UNIT_SCADA,1,"2019/09/05 22:55:00",CROWLWF1,10.893820
D,DISPATCH,UNIT_SCADA,1,"2019/09/05 22:55:00",CSPVPS1,0
D,DISPATCH,UNIT_SCADA,1,"2019/09/05 22:55:00",DALNTH01,0
D,DISPATCH,UNIT_SCADA,1,"2019/09/05 22:55:00",DALNTHL1,1.994350
D,DISPATCH,UNIT_SCADA,1,"2019/09/05 22:55:00",DARTM1,132.30
D,DISPATCH,UNIT_SCADA,1,"2019/09/05 22:55:00",DAYDSF1,0
D,DISPATCH,UNIT_SCADA,1,"2019/09/05 22:55:00",DDPS1,564.898380
D,DISPATCH,UNIT_SCADA,1,"2019/09/05 22:55:00",DDSF1,0
D,DISPATCH,UNIT_SCADA,1,"2019/09/05 22:55:00",DEVILS_G,64.362310
D,DISPATCH,UNIT_SCADA,1,"2019/09/05 22:55:00",DG_NSW1,0
D,DISPATCH,UNIT_SCADA,1,"2019/09/05 22:55:00",DG_QLD1,0
D,DISPATCH,UNIT_SCADA,1,"2019/09/05 22:55:00",DG_SA1,0
D,DISPATCH,UNIT_SCADA,1,"2019/09/05 22:55:00",DG_TAS1,0
D,DISPATCH,UNIT_SCADA,1,"2019/09/05 22:55:00",DG_VIC1,0
D,DISPATCH,UNIT_SCADA,1,"2019/09/05 22:55:00",DRYCGT1,0
D,DISPATCH,UNIT_SCADA,1,"2019/09/05 22:55:00",DRYCGT2,0
D,DISPATCH,UNIT_SCADA,1,"2019/09/05 22:55:00",DRYCGT3,0
D,DISPATCH,UNIT_SCADA,1,"2019/09/05 22:55:00",EILDON1,0
D,DISPATCH,UNIT_SCADA,1,"2019/09/05 22:55:00",EILDON2,0
D,DISPATCH,UNIT_SCADA,1,"2019/09/05 22:55:00",EMERASF1,0
D,DISPATCH,UNIT_SCADA,1,"2019/09/05 22:55:00",ER01,571.074950
D,DISPATCH,UNIT_SCADA,1,"2019/09/05 22:55:00",ER02,678.2251
D,DISPATCH,UNIT_SCADA,1,"2019/09/05 22:55:00",ER03,0
D,DISPATCH,UNIT_SCADA,1,"2019/09/05 22:55:00",ER04,660.050050
D,DISPATCH,UNIT_SCADA,1,"2019/09/05 22:55:00",FINLYSF1,0
D,DISPATCH,UNIT_SCADA,1,"2019/09/05 22:55:00",FISHER,45.92
D,DISPATCH,UNIT_SCADA,1,"2019/09/05 22:55:00",GANNBG1,0.000890
D,DISPATCH,UNIT_SCADA,1,"2019/09/05 22:55:00",GANNBL1,0
D,DISPATCH,UNIT_SCADA,1,"2019/09/05 22:55:00",GANNSF1,0
D,DISPATCH,UNIT_SCADA,1,"2019/09/05 22:55:00",GORDON,19.8604
D,DISPATCH,UNIT_SCADA,1,"2019/09/05 22:55:00",GSTONE1,220.849990
D,DISPATCH,UNIT_SCADA,1,"2019/09/05 22:55:00",GSTONE2,160.474990
D,DISPATCH,UNIT_SCADA,1,"2019/09/05 22:55:00",GSTONE3,0
D,DISPATCH,UNIT_SCADA,1,"2019/09/05 22:55:00",GSTONE4,228.20
D,DISPATCH,UNIT_SCADA,1,"2019/09/05 22:55:00",GSTONE5,220.149990
D,DISPATCH,UNIT_SCADA,1,"2019/09/05 22:55:00",GSTONE6,217.70
D,DISPATCH,UNIT_SCADA,1,"2019/09/05 22:55:00",GULLRSF1,0
D,DISPATCH,UNIT_SCADA,1,"2019/09/05 22:55:00",GULLRWF1,48.095790
D,DISPATCH,UNIT_SCADA,1,"2019/09/05 22:55:00",GUNNING1,23.852810
D,DISPATCH,UNIT_SCADA,1,"2019/09/05 22:55:00",GUTHEGA,0
D,DISPATCH,UNIT_SCADA,1,"2019/09/05 22:55:00",HALLWF1,89.10
D,DISPATCH,UNIT_SCADA,1,"2019/09/05 22:55:00",HALLWF2,59.99
D,DISPATCH,UNIT_SCADA,1,"2019/09/05 22:55:00",HAMISF1,0
D,DISPATCH,UNIT_SCADA,1,"2019/09/05 22:55:00",HAUGHT11,0
D,DISPATCH,UNIT_SCADA,1,"2019/09/05 22:55:00",HAYMSF1,0
D,DISPATCH,UNIT_SCADA,1,"2019/09/05 22:55:00",HDWF1,47.60
D,DISPATCH,UNIT_SCADA,1,"2019/09/05 22:55:00",HDWF2,33
D,DISPATCH,UNIT_SCADA,1,"2019/09/05 22:55:00",HDWF3,46.30
D,DISPATCH,UNIT_SCADA,1,"2019/09/05 22:55:00",HPRG1,0.20
D,DISPATCH,UNIT_SCADA,1,"2019/09/05 22:55:00",HPRL1,0
D,DISPATCH,UNIT_SCADA,1,"2019/09/05 22:55:00",HUMENSW,0
D,DISPATCH,UNIT_SCADA,1,"2019/09/05 22:55:00",HUMEV,23.50
D,DISPATCH,UNIT_SCADA,1,"2019/09/05 22:55:00",HVGTS,0
D,DISPATCH,UNIT_SCADA,1,"2019/09/05 22:55:00",JBUTTERS,22.73
D,DISPATCH,UNIT_SCADA,1,"2019/09/05 22:55:00",JLA01,0.10
D,DISPATCH,UNIT_SCADA,1,"2019/09/05 22:55:00",JLA02,0
D,DISPATCH,UNIT_SCADA,1,"2019/09/05 22:55:00",JLA03,0
D,DISPATCH,UNIT_SCADA,1,"2019/09/05 22:55:00",JLA04,0
D,DISPATCH,UNIT_SCADA,1,"2019/09/05 22:55:00",JLB01,0
D,DISPATCH,UNIT_SCADA,1,"2019/09/05 22:55:00",JLB02,0.10
D,DISPATCH,UNIT_SCADA,1,"2019/09/05 22:55:00",JLB03,0
D,DISPATCH,UNIT_SCADA,1,"2019/09/05 22:55:00",KAREEYA1,21.4775
D,DISPATCH,UNIT_SCADA,1,"2019/09/05 22:55:00",KAREEYA2,21.3475
D,DISPATCH,UNIT_SCADA,1,"2019/09/05 22:55:00",KAREEYA3,0
D,DISPATCH,UNIT_SCADA,1,"2019/09/05 22:55:00",KAREEYA4,21.49
D,DISPATCH,UNIT_SCADA,1,"2019/09/05 22:55:00",KARSF1,0
D,DISPATCH,UNIT_SCADA,1,"2019/09/05 22:55:00",KIATAWF1,28.50
D,DISPATCH,UNIT_SCADA,1,"2019/09/05 22:55:00",KPP_1,0
D,DISPATCH,UNIT_SCADA,1,"2019/09/05 22:55:00",KSP1,0
D,DISPATCH,UNIT_SCADA,1,"2019/09/05 22:55:00",LADBROK1,42.61
D,DISPATCH,UNIT_SCADA,1,"2019/09/05 22:55:00",LADBROK2,43.03
D,DISPATCH,UNIT_SCADA,1,"2019/09/05 22:55:00",LD01,419.624970
D,DISPATCH,UNIT_SCADA,1,"2019/09/05 22:55:00",LD02,399.356230
D,DISPATCH,UNIT_SCADA,1,"2019/09/05 22:55:00",LD03,422.625030
D,DISPATCH,UNIT_SCADA,1,"2019/09/05 22:55:00",LD04,381.524960
D,DISPATCH,UNIT_SCADA,1,"2019/09/05 22:55:00",LEM_WIL,85.108640
D,DISPATCH,UNIT_SCADA,1,"2019/09/05 22:55:00",LGAPWF1,34.51
D,DISPATCH,UNIT_SCADA,1,"2019/09/05 22:55:00",LILYSF1,0
D,DISPATCH,UNIT_SCADA,1,"2019/09/05 22:55:00",LI_WY_CA,138.907380
D,DISPATCH,UNIT_SCADA,1,"2019/09/05 22:55:00",LKBONNY2,34.925640
D,DISPATCH,UNIT_SCADA,1,"2019/09/05 22:55:00",LKBONNY3,6.307890
D,DISPATCH,UNIT_SCADA,1,"2019/09/05 22:55:00",LK_ECHO,0
D,DISPATCH,UNIT_SCADA,1,"2019/09/05 22:55:00",LNGS1,0
D,DISPATCH,UNIT_SCADA,1,"2019/09/05 22:55:00",LNGS2,0
D,DISPATCH,UNIT_SCADA,1,"2019/09/05 22:55:00",LONSDALE,0
D,DISPATCH,UNIT_SCADA,1,"2019/09/05 22:55:00",LOYYB1,534.960750
D,DISPATCH,UNIT_SCADA,1,"2019/09/05 22:55:00",LOYYB2,582.7063
D,DISPATCH,UNIT_SCADA,1,"2019/09/05 22:55:00",LYA1,0
D,DISPATCH,UNIT_SCADA,1,"2019/09/05 22:55:00",LYA2,0
D,DISPATCH,UNIT_SCADA,1,"2019/09/05 22:55:00",LYA3,559
D,DISPATCH,UNIT_SCADA,1,"2019/09/05 22:55:00",LYA4,539
D,DISPATCH,UNIT_SCADA,1,"2019/09/05 22:55:00",MACARTH1,15.199650
D,DISPATCH,UNIT_SCADA,1,"2019/09/05 22:55:00",MACKAYGT,0.2240
D,DISPATCH,UNIT_SCADA,1,"2019/09/05 22:55:00",MACKNTSH,88.000010
D,DISPATCH,UNIT_SCADA,1,"2019/09/05 22:55:00",MANSLR1,0
D,DISPATCH,UNIT_SCADA,1,"2019/09/05 22:55:00",MCKAY1,0.02
D,DISPATCH,UNIT_SCADA,1,"2019/09/05 22:55:00",MEADOWBK,33.638660
D,DISPATCH,UNIT_SCADA,1,"2019/09/05 22:55:00",MERCER01,3.4840
D,DISPATCH,UNIT_SCADA,1,"2019/09/05 22:55:00",MEWF1,44.605440
D,DISPATCH,UNIT_SCADA,1,"2019/09/05 22:55:00",MINTARO,0
D,DISPATCH,UNIT_SCADA,1,"2019/09/05 22:55:00",MOREESF1,0
D,DISPATCH,UNIT_SCADA,1,"2019/09/05 22:55:00",MORTLK11,260
D,DISPATCH,UNIT_SCADA,1,"2019/09/05 22:55:00",MORTLK12,0
D,DISPATCH,UNIT_SCADA,1,"2019/09/05 22:55:00",MP1,222.549990
D,DISPATCH,UNIT_SCADA,1,"2019/09/05 22:55:00",MP2,0
D,DISPATCH,UNIT_SCADA,1,"2019/09/05 22:55:00",MPP_1,400
D,DISPATCH,UNIT_SCADA,1,"2019/09/05 22:55:00",MPP_2,434.75
D,DISPATCH,UNIT_SCADA,1,"2019/09/05 22:55:00",MSTUART1,0
D,DISPATCH,UNIT_SCADA,1,"2019/09/05 22:55:00",MSTUART2,0
D,DISPATCH,UNIT_SCADA,1,"2019/09/05 22:55:00",MSTUART3,0
D,DISPATCH,UNIT_SCADA,1,"2019/09/05 22:55:00",MTGELWF1,0.135810
D,DISPATCH,UNIT_SCADA,1,"2019/09/05 22:55:00",MURRAY,0
D,DISPATCH,UNIT_SCADA,1,"2019/09/05 22:55:00",MUSSELR1,67
D,DISPATCH,UNIT_SCADA,1,"2019/09/05 22:55:00",MUWAWF1,14.13
D,DISPATCH,UNIT_SCADA,1,"2019/09/05 22:55:00",NBHWF1,110.20
D,DISPATCH,UNIT_SCADA,1,"2019/09/05 22:55:00",NPS,0
D,DISPATCH,UNIT_SCADA,1,"2019/09/05 22:55:00",NUMURSF1,0
D,DISPATCH,UNIT_SCADA,1,"2019/09/05 22:55:00",NYNGAN1,0
D,DISPATCH,UNIT_SCADA,1,"2019/09/05 22:55:00",OAKEY1,0
D,DISPATCH,UNIT_SCADA,1,"2019/09/05 22:55:00",OAKEY1SF,0
D,DISPATCH,UNIT_SCADA,1,"2019/09/05 22:55:00",OAKEY2,0
D,DISPATCH,UNIT_SCADA,1,"2019/09/05 22:55:00",OAKEY2SF,0
D,DISPATCH,UNIT_SCADA,1,"2019/09/05 22:55:00",OAKLAND1,-0.20
D,DISPATCH,UNIT_SCADA,1,"2019/09/05 22:55:00",OSB-AG,0
D,DISPATCH,UNIT_SCADA,1,"2019/09/05 22:55:00",PARSF1,0
D,DISPATCH,UNIT_SCADA,1,"2019/09/05 22:55:00",POAT110,0
D,DISPATCH,UNIT_SCADA,1,"2019/09/05 22:55:00",POAT220,0
D,DISPATCH,UNIT_SCADA,1,"2019/09/05 22:55:00",POR01,0
D,DISPATCH,UNIT_SCADA,1,"2019/09/05 22:55:00",POR03,0
D,DISPATCH,UNIT_SCADA,1,"2019/09/05 22:55:00",PPCCGT,397.701170
D,DISPATCH,UNIT_SCADA,1,"2019/09/05 22:55:00",PTSTAN1,0
D,DISPATCH,UNIT_SCADA,1,"2019/09/05 22:55:00",PUMP1,0
D,DISPATCH,UNIT_SCADA,1,"2019/09/05 22:55:00",PUMP2,0
D,DISPATCH,UNIT_SCADA,1,"2019/09/05 22:55:00",QPS1,29
D,DISPATCH,UNIT_SCADA,1,"2019/09/05 22:55:00",QPS2,0
D,DISPATCH,UNIT_SCADA,1,"2019/09/05 22:55:00",QPS3,0
D,DISPATCH,UNIT_SCADA,1,"2019/09/05 22:55:00",QPS4,0
D,DISPATCH,UNIT_SCADA,1,"2019/09/05 22:55:00",QPS5,0
D,DISPATCH,UNIT_SCADA,1,"2019/09/05 22:55:00",REECE1,114.670010
D,DISPATCH,UNIT_SCADA,1,"2019/09/05 22:55:00",REECE2,69.83
D,DISPATCH,UNIT_SCADA,1,"2019/09/05 22:55:00",ROMA_7,0
D,DISPATCH,UNIT_SCADA,1,"2019/09/05 22:55:00",ROMA_8,0
D,DISPATCH,UNIT_SCADA,1,"2019/09/05 22:55:00",RRSF1,0
D,DISPATCH,UNIT_SCADA,1,"2019/09/05 22:55:00",RT_NSW1,0
D,DISPATCH,UNIT_SCADA,1,"2019/09/05 22:55:00",RT_NSW2,0
D,DISPATCH,UNIT_SCADA,1,"2019/09/05 22:55:00",RT_NSW3,0
D,DISPATCH,UNIT_SCADA,1,"2019/09/05 22:55:00",RT_NSW4,0
D,DISPATCH,UNIT_SCADA,1,"2019/09/05 22:55:00",RT_NSW5,0
D,DISPATCH,UNIT_SCADA,1,"2019/09/05 22:55:00",RT_NSW6,0
D,DISPATCH,UNIT_SCADA,1,"2019/09/05 22:55:00",RT_QLD1,0
D,DISPATCH,UNIT_SCADA,1,"2019/09/05 22:55:00",RT_SA1,0
D,DISPATCH,UNIT_SCADA,1,"2019/09/05 22:55:00",RT_SA2,0
D,DISPATCH,UNIT_SCADA,1,"2019/09/05 22:55:00",RT_SA3,0
D,DISPATCH,UNIT_SCADA,1,"2019/09/05 22:55:00",RT_SA4,0
D,DISPATCH,UNIT_SCADA,1,"2019/09/05 22:55:00",RT_SA5,0
D,DISPATCH,UNIT_SCADA,1,"2019/09/05 22:55:00",RT_SA6,0
D,DISPATCH,UNIT_SCADA,1,"2019/09/05 22:55:00",RT_TAS1,0
D,DISPATCH,UNIT_SCADA,1,"2019/09/05 22:55:00",RT_VIC1,0
D,DISPATCH,UNIT_SCADA,1,"2019/09/05 22:55:00",RT_VIC10,0
D,DISPATCH,UNIT_SCADA,1,"2019/09/05 22:55:00",RT_VIC11,0
D,DISPATCH,UNIT_SCADA,1,"2019/09/05 22:55:00",RT_VIC12,0
D,DISPATCH,UNIT_SCADA,1,"2019/09/05 22:55:00",RT_VIC2,0
D,DISPATCH,UNIT_SCADA,1,"2019/09/05 22:55:00",RT_VIC3,0
D,DISPATCH,UNIT_SCADA,1,"2019/09/05 22:55:00",RT_VIC4,0
D,DISPATCH,UNIT_SCADA,1,"2019/09/05 22:55:00",RT_VIC5,0
D,DISPATCH,UNIT_SCADA,1,"2019/09/05 22:55:00",RT_VIC6,0
D,DISPATCH,UNIT_SCADA,1,"2019/09/05 22:55:00",RT_VIC7,0
D,DISPATCH,UNIT_SCADA,1,"2019/09/05 22:55:00",RT_VIC8,0
D,DISPATCH,UNIT_SCADA,1,"2019/09/05 22:55:00",RT_VIC9,0
D,DISPATCH,UNIT_SCADA,1,"2019/09/05 22:55:00",RUGBYR1,0
D,DISPATCH,UNIT_SCADA,1,"2019/09/05 22:55:00",SALTCRK1,-0.38
D,DISPATCH,UNIT_SCADA,1,"2019/09/05 22:55:00",SAPHWF1,81.890630
D,DISPATCH,UNIT_SCADA,1,"2019/09/05 22:55:00",SHGEN,0
D,DISPATCH,UNIT_SCADA,1,"2019/09/05 22:55:00",SHPUMP,0
D,DISPATCH,UNIT_SCADA,1,"2019/09/05 22:55:00",SITHE01,0.224190
D,DISPATCH,UNIT_SCADA,1,"2019/09/05 22:55:00",SMCSF1,0
D,DISPATCH,UNIT_SCADA,1,"2019/09/05 22:55:00",SNOWNTH1,137.100010
D,DISPATCH,UNIT_SCADA,1,"2019/09/05 22:55:00",SNOWSTH1,114
D,DISPATCH,UNIT_SCADA,1,"2019/09/05 22:55:00",SNOWTWN1,97.0737
D,DISPATCH,UNIT_SCADA,1,"2019/09/05 22:55:00",SNOWYP,0
D,DISPATCH,UNIT_SCADA,1,"2019/09/05 22:55:00",SNUG1,0.019440
D,DISPATCH,UNIT_SCADA,1,"2019/09/05 22:55:00",SRSF1,0.22
D,DISPATCH,UNIT_SCADA,1,"2019/09/05 22:55:00",STAN-1,256.432920
D,DISPATCH,UNIT_SCADA,1,"2019/09/05 22:55:00",STAN-2,301.692570
D,DISPATCH,UNIT_SCADA,1,"2019/09/05 22:55:00",STAN-3,308.178380
D,DISPATCH,UNIT_SCADA,1,"2019/09/05 22:55:00",STAN-4,318.086520
D,DISPATCH,UNIT_SCADA,1,"2019/09/05 22:55:00",STWF1,0
D,DISPATCH,UNIT_SCADA,1,"2019/09/05 22:55:00",SWAN_E,0
D,DISPATCH,UNIT_SCADA,1,"2019/09/05 22:55:00",TALWA1,414
D,DISPATCH,UNIT_SCADA,1,"2019/09/05 22:55:00",TARALGA1,30.093770
D,DISPATCH,UNIT_SCADA,1,"2019/09/05 22:55:00",TARONG#1,348
D,DISPATCH,UNIT_SCADA,1,"2019/09/05 22:55:00",TARONG#2,0
D,DISPATCH,UNIT_SCADA,1,"2019/09/05 22:55:00",TARONG#3,303.100010
D,DISPATCH,UNIT_SCADA,1,"2019/09/05 22:55:00",TARONG#4,349.399990
D,DISPATCH,UNIT_SCADA,1,"2019/09/05 22:55:00",TARRALEA,73.80
D,DISPATCH,UNIT_SCADA,1,"2019/09/05 22:55:00",TBSF1,-0.20
D,DISPATCH,UNIT_SCADA,1,"2019/09/05 22:55:00",TNPS1,397.600010
D,DISPATCH,UNIT_SCADA,1,"2019/09/05 22:55:00",TORRA1,44.407870
D,DISPATCH,UNIT_SCADA,1,"2019/09/05 22:55:00",TORRA2,0
D,DISPATCH,UNIT_SCADA,1,"2019/09/05 22:55:00",TORRA3,0
D,DISPATCH,UNIT_SCADA,1,"2019/09/05 22:55:00",TORRA4,34.878240
D,DISPATCH,UNIT_SCADA,1,"2019/09/05 22:55:00",TORRB1,70.81
D,DISPATCH,UNIT_SCADA,1,"2019/09/05 22:55:00",TORRB2,72.38
D,DISPATCH,UNIT_SCADA,1,"2019/09/05 22:55:00",TORRB3,73.81
D,DISPATCH,UNIT_SCADA,1,"2019/09/05 22:55:00",TORRB4,0
D,DISPATCH,UNIT_SCADA,1,"2019/09/05 22:55:00",TREVALLN,92.870030
D,DISPATCH,UNIT_SCADA,1,"2019/09/05 22:55:00",TRIBUTE,0
D,DISPATCH,UNIT_SCADA,1,"2019/09/05 22:55:00",TUMUT3,117.71
D,DISPATCH,UNIT_SCADA,1,"2019/09/05 22:55:00",TUNGATIN,3.60
D,DISPATCH,UNIT_SCADA,1,"2019/09/05 22:55:00",TVCC201,0
D,DISPATCH,UNIT_SCADA,1,"2019/09/05 22:55:00",TVPP104,0
D,DISPATCH,UNIT_SCADA,1,"2019/09/05 22:55:00",UPPTUMUT,345.496950
D,DISPATCH,UNIT_SCADA,1,"2019/09/05 22:55:00",URANQ11,0
D,DISPATCH,UNIT_SCADA,1,"2019/09/05 22:55:00",URANQ12,0
D,DISPATCH,UNIT_SCADA,1,"2019/09/05 22:55:00",URANQ13,0
D,DISPATCH,UNIT_SCADA,1,"2019/09/05 22:55:00",URANQ14,0
D,DISPATCH,UNIT_SCADA,1,"2019/09/05 22:55:00",VP5,408.300020
D,DISPATCH,UNIT_SCADA,1,"2019/09/05 22:55:00",VP6,0
D,DISPATCH,UNIT_SCADA,1,"2019/09/05 22:55:00",VPGS1,0
D,DISPATCH,UNIT_SCADA,1,"2019/09/05 22:55:00",VPGS2,0
D,DISPATCH,UNIT_SCADA,1,"2019/09/05 22:55:00",VPGS3,0
D,DISPATCH,UNIT_SCADA,1,"2019/09/05 22:55:00",VPGS4,0
D,DISPATCH,UNIT_SCADA,1,"2019/09/05 22:55:00",VPGS5,0
D,DISPATCH,UNIT_SCADA,1,"2019/09/05 22:55:00",VPGS6,0
D,DISPATCH,UNIT_SCADA,1,"2019/09/05 22:55:00",W/HOE#1,0
D,DISPATCH,UNIT_SCADA,1,"2019/09/05 22:55:00",W/HOE#2,0
D,DISPATCH,UNIT_SCADA,1,"2019/09/05 22:55:00",WATERLWF,121.60
D,DISPATCH,UNIT_SCADA,1,"2019/09/05 22:55:00",WEMENSF1,0
D,DISPATCH,UNIT_SCADA,1,"2019/09/05 22:55:00",WGWF1,109.70
D,DISPATCH,UNIT_SCADA,1,"2019/09/05 22:55:00",WHITSF1,0
D,DISPATCH,UNIT_SCADA,1,"2019/09/05 22:55:00",WKIEWA1,15.60
D,DISPATCH,UNIT_SCADA,1,"2019/09/05 22:55:00",WKIEWA2,15.50
D,DISPATCH,UNIT_SCADA,1,"2019/09/05 22:55:00",WOODLWN1,11.4480
D,DISPATCH,UNIT_SCADA,1,"2019/09/05 22:55:00",WRSF1,0
D,DISPATCH,UNIT_SCADA,1,"2019/09/05 22:55:00",WRWF1,23.993750
D,DISPATCH,UNIT_SCADA,1,"2019/09/05 22:55:00",YABULU,159.570010
D,DISPATCH,UNIT_SCADA,1,"2019/09/05 22:55:00",YABULU2,0
D,DISPATCH,UNIT_SCADA,1,"2019/09/05 22:55:00",YARWUN_1,166.16
D,DISPATCH,UNIT_SCADA,1,"2019/09/05 22:55:00",YENDWF1,42.08
D,DISPATCH,UNIT_SCADA,1,"2019/09/05 22:55:00",YWPS1,368.921510
D,DISPATCH,UNIT_SCADA,1,"2019/09/05 22:55:00",YWPS2,283.205080
D,DISPATCH,UNIT_SCADA,1,"2019/09/05 22:55:00",YWPS3,328.620240
D,DISPATCH,UNIT_SCADA,1,"2019/09/05 22:55:00",YWPS4,392.415190
C,"END OF REPORT",335
