C,NEMP.WORLD,DISPATCHSCADA,AEMO,PUBLIC,2019/08/20,06:50:09,0000000311775648,DISPATCHSCADA,0000000311775642
I,DISPATCH,UNIT_SCADA,1,SETTLEMENTDATE,DUID,SCADAVALUE
D,DISPATCH,UNIT_SCADA,1,"2019/08/20 06:55:00",BARCSF1,0
D,DISPATCH,UNIT_SCADA,1,"2019/08/20 06:55:00",BUTLERSG,9.799998
D,DISPATCH,UNIT_SCADA,1,"2019/08/20 06:55:00",CALL_A_4,0
D,DISPATCH,UNIT_SCADA,1,"2019/08/20 06:55:00",CAPTL_WF,108.859993
D,DISPATCH,UNIT_SCADA,1,"2019/08/20 06:55:00",CATHROCK,48.999996
D,DISPATCH,UNIT_SCADA,1,"2019/08/20 06:55:00",CHALLHWF,22.799999
D,DISPATCH,UNIT_SCADA,1,"2019/08/20 06:55:00",CLOVER,-0.01
D,DISPATCH,UNIT_SCADA,1,"2019/08/20 06:55:00",CLUNY,15.968413
D,DISPATCH,UNIT_SCADA,1,"2019/08/20 06:55:00",CNUNDAWF,39.345898
D,DISPATCH,UNIT_SCADA,1,"2019/08/20 06:55:00",CULLRGWF,30.459999
D,DISPATCH,UNIT_SCADA,1,"2019/08/20 06:55:00",ERGT01,0
D,DISPATCH,UNIT_SCADA,1,"2019/08/20 06:55:00",GB01,0.055264
D,DISPATCH,UNIT_SCADA,1,"2019/08/20 06:55:00",GERMCRK,38.700001
D,DISPATCH,UNIT_SCADA,1,"2019/08/20 06:55:00",GRIFSF1,0
D,DISPATCH,UNIT_SCADA,1,"2019/08/20 06:55:00",HUGSF1,-0.2580
D,DISPATCH,UNIT_SCADA,1,"2019/08/20 06:55:00",LKBONNY1,65.374451
D,DISPATCH,UNIT_SCADA,1,"2019/08/20 06:55:00",LRSF1,0.0710
D,DISPATCH,UNIT_SCADA,1,"2019/08/20 06:55:00",MBAHNTH,59.006256
D,DISPATCH,UNIT_SCADA,1,"2019/08/20 06:55:00",MLSP1,0.304001
D,DISPATCH,UNIT_SCADA,1,"2019/08/20 06:55:00",MLWF1,19.290001
D,DISPATCH,UNIT_SCADA,1,"2019/08/20 06:55:00",MTMILLAR,24.653065
D,DISPATCH,UNIT_SCADA,1,"2019/08/20 06:55:00",PALOONA,23.67
D,DISPATCH,UNIT_SCADA,1,"2019/08/20 06:55:00",PIONEER,9.70
D,DISPATCH,UNIT_SCADA,1,"2019/08/20 06:55:00",PORTWF,136.300003
D,DISPATCH,UNIT_SCADA,1,"2019/08/20 06:55:00",REPULSE,28.980545
D,DISPATCH,UNIT_SCADA,1,"2019/08/20 06:55:00",ROWALLAN,9.9258
D,DISPATCH,UNIT_SCADA,1,"2019/08/20 06:55:00",ROYALLA1,0.2760
D,DISPATCH,UNIT_SCADA,1,"2019/08/20 06:55:00",RPCG,15.10
D,DISPATCH,UNIT_SCADA,1,"2019/08/20 06:55:00",RUBICON,0
D,DISPATCH,UNIT_SCADA,1,"2019/08/20 06:55:00",SATGN1,0
D,DISPATCH,UNIT_SCADA,1,"2019/08/20 06:55:00",SATGS1,0
D,DISPATCH,UNIT_SCADA,1,"2019/08/20 06:55:00",STARHLWF,17.994753
D,DISPATCH,UNIT_SCADA,1,"2019/08/20 06:55:00",WAUBRAWF,94.544998
D,DISPATCH,UNIT_SCADA,1,"2019/08/20 06:55:00",WOOLNTH1,132.020020
D,DISPATCH,UNIT_SCADA,1,"2019/08/20 06:55:00",WPWF,26
D,DISPATCH,UNIT_SCADA,1,"2019/08/20 06:55:00",YAMBUKWF,15.90
D,DISPATCH,UNIT_SCADA,1,"2019/08/20 06:55:00",YSWF1,28.799999
D,DISPATCH,UNIT_SCADA,1,"2019/08/20 06:55:00",AGLHAL,0
D,DISPATCH,UNIT_SCADA,1,"2019/08/20 06:55:00",AGLSOM,0
D,DISPATCH,UNIT_SCADA,1,"2019/08/20 06:55:00",ANGAST1,0
D,DISPATCH,UNIT_SCADA,1,"2019/08/20 06:55:00",ARWF1,35.90
D,DISPATCH,UNIT_SCADA,1,"2019/08/20 06:55:00",BALBG1,0
D,DISPATCH,UNIT_SCADA,1,"2019/08/20 06:55:00",BALBL1,0
D,DISPATCH,UNIT_SCADA,1,"2019/08/20 06:55:00",BALDHWF1,102.475010
D,DISPATCH,UNIT_SCADA,1,"2019/08/20 06:55:00",BANN1,0
D,DISPATCH,UNIT_SCADA,1,"2019/08/20 06:55:00",BARCALDN,0
D,DISPATCH,UNIT_SCADA,1,"2019/08/20 06:55:00",BARRON-1,0
D,DISPATCH,UNIT_SCADA,1,"2019/08/20 06:55:00",BARRON-2,27.84
D,DISPATCH,UNIT_SCADA,1,"2019/08/20 06:55:00",BASTYAN,79.76
D,DISPATCH,UNIT_SCADA,1,"2019/08/20 06:55:00",BBTHREE1,-2.11
D,DISPATCH,UNIT_SCADA,1,"2019/08/20 06:55:00",BBTHREE2,-1.96
D,DISPATCH,UNIT_SCADA,1,"2019/08/20 06:55:00",BBTHREE3,-1.12
D,DISPATCH,UNIT_SCADA,1,"2019/08/20 06:55:00",BDL01,1.86
D,DISPATCH,UNIT_SCADA,1,"2019/08/20 06:55:00",BDL02,1.80
D,DISPATCH,UNIT_SCADA,1,"2019/08/20 06:55:00",BERYLSF1,1.650280
D,DISPATCH,UNIT_SCADA,1,"2019/08/20 06:55:00",BLOWERNG,0
D,DISPATCH,UNIT_SCADA,1,"2019/08/20 06:55:00",BLUFF1,14.20
D,DISPATCH,UNIT_SCADA,1,"2019/08/20 06:55:00",BNGSF1,0
D,DISPATCH,UNIT_SCADA,1,"2019/08/20 06:55:00",BNGSF2,0
D,DISPATCH,UNIT_SCADA,1,"2019/08/20 06:55:00",BOCORWF1,44.41
D,DISPATCH,UNIT_SCADA,1,"2019/08/20 06:55:00",BODWF1,47.7708
D,DISPATCH,UNIT_SCADA,1,"2019/08/20 06:55:00",BRAEMAR1,0
D,DISPATCH,UNIT_SCADA,1,"2019/08/20 06:55:00",BRAEMAR2,0
D,DISPATCH,UNIT_SCADA,1,"2019/08/20 06:55:00",BRAEMAR3,0
D,DISPATCH,UNIT_SCADA,1,"2019/08/20 06:55:00",BRAEMAR5,0
D,DISPATCH,UNIT_SCADA,1,"2019/08/20 06:55:00",BRAEMAR6,0
D,DISPATCH,UNIT_SCADA,1,"2019/08/20 06:55:00",BRAEMAR7,0
D,DISPATCH,UNIT_SCADA,1,"2019/08/20 06:55:00",BROKENH1,0
D,DISPATCH,UNIT_SCADA,1,"2019/08/20 06:55:00",BW01,622.574950
D,DISPATCH,UNIT_SCADA,1,"2019/08/20 06:55:00",BW02,621.049930
D,DISPATCH,UNIT_SCADA,1,"2019/08/20 06:55:00",BW03,637.675050
D,DISPATCH,UNIT_SCADA,1,"2019/08/20 06:55:00",BW04,0
D,DISPATCH,UNIT_SCADA,1,"2019/08/20 06:55:00",CALL_B_1,340
D,DISPATCH,UNIT_SCADA,1,"2019/08/20 06:55:00",CALL_B_2,290.50
D,DISPATCH,UNIT_SCADA,1,"2019/08/20 06:55:00",CETHANA,92.256870
D,DISPATCH,UNIT_SCADA,1,"2019/08/20 06:55:00",CG1,0
D,DISPATCH,UNIT_SCADA,1,"2019/08/20 06:55:00",CG2,0
D,DISPATCH,UNIT_SCADA,1,"2019/08/20 06:55:00",CG3,0
D,DISPATCH,UNIT_SCADA,1,"2019/08/20 06:55:00",CG4,0
D,DISPATCH,UNIT_SCADA,1,"2019/08/20 06:55:00",CHILDSF1,7.42
D,DISPATCH,UNIT_SCADA,1,"2019/08/20 06:55:00",CLARESF1,0
D,DISPATCH,UNIT_SCADA,1,"2019/08/20 06:55:00",CLEMGPWF,1.584770
D,DISPATCH,UNIT_SCADA,1,"2019/08/20 06:55:00",CLERMSF1,0
D,DISPATCH,UNIT_SCADA,1,"2019/08/20 06:55:00",COLEASF1,0
D,DISPATCH,UNIT_SCADA,1,"2019/08/20 06:55:00",COOPGWF1,23.766020
D,DISPATCH,UNIT_SCADA,1,"2019/08/20 06:55:00",CPP_3,405.350010
D,DISPATCH,UNIT_SCADA,1,"2019/08/20 06:55:00",CPP_4,405.6250
D,DISPATCH,UNIT_SCADA,1,"2019/08/20 06:55:00",CPSA,142.244380
D,DISPATCH,UNIT_SCADA,1,"2019/08/20 06:55:00",CROOKWF2,75.833760
D,DISPATCH,UNIT_SCADA,1,"2019/08/20 06:55:00",CROWLWF1,32.035840
D,DISPATCH,UNIT_SCADA,1,"2019/08/20 06:55:00",CSPVPS1,0.9370
D,DISPATCH,UNIT_SCADA,1,"2019/08/20 06:55:00",DALNTH01,0.077820
D,DISPATCH,UNIT_SCADA,1,"2019/08/20 06:55:00",DALNTHL1,0
D,DISPATCH,UNIT_SCADA,1,"2019/08/20 06:55:00",DARTM1,132.70
D,DISPATCH,UNIT_SCADA,1,"2019/08/20 06:55:00",DAYDSF1,6.77
D,DISPATCH,UNIT_SCADA,1,"2019/08/20 06:55:00",DDPS1,0
D,DISPATCH,UNIT_SCADA,1,"2019/08/20 06:55:00",DDSF1,7.537660
D,DISPATCH,UNIT_SCADA,1,"2019/08/20 06:55:00",DEVILS_G,59.486680
D,DISPATCH,UNIT_SCADA,1,"2019/08/20 06:55:00",DG_NSW1,0
D,DISPATCH,UNIT_SCADA,1,"2019/08/20 06:55:00",DG_QLD1,0
D,DISPATCH,UNIT_SCADA,1,"2019/08/20 06:55:00",DG_SA1,0
D,DISPATCH,UNIT_SCADA,1,"2019/08/20 06:55:00",DG_TAS1,0
D,DISPATCH,UNIT_SCADA,1,"2019/08/20 06:55:00",DG_VIC1,0
D,DISPATCH,UNIT_SCADA,1,"2019/08/20 06:55:00",DRYCGT1,0
D,DISPATCH,UNIT_SCADA,1,"2019/08/20 06:55:00",DRYCGT2,0
D,DISPATCH,UNIT_SCADA,1,"2019/08/20 06:55:00",DRYCGT3,0
D,DISPATCH,UNIT_SCADA,1,"2019/08/20 06:55:00",EILDON1,0
D,DISPATCH,UNIT_SCADA,1,"2019/08/20 06:55:00",EILDON2,0
D,DISPATCH,UNIT_SCADA,1,"2019/08/20 06:55:00",EMERASF1,0
D,DISPATCH,UNIT_SCADA,1,"2019/08/20 06:55:00",ER01,578.349980
D,DISPATCH,UNIT_SCADA,1,"2019/08/20 06:55:00",ER02,680.424930
D,DISPATCH,UNIT_SCADA,1,"2019/08/20 06:55:00",ER03,683.924930
D,DISPATCH,UNIT_SCADA,1,"2019/08/20 06:55:00",ER04,678.925050
D,DISPATCH,UNIT_SCADA,1,"2019/08/20 06:55:00",FINLYSF1,0
D,DISPATCH,UNIT_SCADA,1,"2019/08/20 06:55:00",FISHER,45.44
D,DISPATCH,UNIT_SCADA,1,"2019/08/20 06:55:00",GANNBG1,9.852090
D,DISPATCH,UNIT_SCADA,1,"2019/08/20 06:55:00",GANNBL1,0
D,DISPATCH,UNIT_SCADA,1,"2019/08/20 06:55:00",GANNSF1,0
D,DISPATCH,UNIT_SCADA,1,"2019/08/20 06:55:00",GORDON,24.22
D,DISPATCH,UNIT_SCADA,1,"2019/08/20 06:55:00",GSTONE1,188.1250
D,DISPATCH,UNIT_SCADA,1,"2019/08/20 06:55:00",GSTONE2,225.5750
D,DISPATCH,UNIT_SCADA,1,"2019/08/20 06:55:00",GSTONE3,212.6250
D,DISPATCH,UNIT_SCADA,1,"2019/08/20 06:55:00",GSTONE4,210
D,DISPATCH,UNIT_SCADA,1,"2019/08/20 06:55:00",GSTONE5,209.474990
D,DISPATCH,UNIT_SCADA,1,"2019/08/20 06:55:00",GSTONE6,0
D,DISPATCH,UNIT_SCADA,1,"2019/08/20 06:55:00",GULLRSF1,0
D,DISPATCH,UNIT_SCADA,1,"2019/08/20 06:55:00",GULLRWF1,155.151790
D,DISPATCH,UNIT_SCADA,1,"2019/08/20 06:55:00",GUNNING1,39.911040
D,DISPATCH,UNIT_SCADA,1,"2019/08/20 06:55:00",GUTHEGA,33.30
D,DISPATCH,UNIT_SCADA,1,"2019/08/20 06:55:00",HALLWF1,59.94
D,DISPATCH,UNIT_SCADA,1,"2019/08/20 06:55:00",HALLWF2,41.25
D,DISPATCH,UNIT_SCADA,1,"2019/08/20 06:55:00",HAMISF1,0
D,DISPATCH,UNIT_SCADA,1,"2019/08/20 06:55:00",HAUGHT11,4.109950
D,DISPATCH,UNIT_SCADA,1,"2019/08/20 06:55:00",HAYMSF1,2.7470
D,DISPATCH,UNIT_SCADA,1,"2019/08/20 06:55:00",HDWF1,40.50
D,DISPATCH,UNIT_SCADA,1,"2019/08/20 06:55:00",HDWF2,23.90
D,DISPATCH,UNIT_SCADA,1,"2019/08/20 06:55:00",HDWF3,40.30
D,DISPATCH,UNIT_SCADA,1,"2019/08/20 06:55:00",HPRG1,0.30
D,DISPATCH,UNIT_SCADA,1,"2019/08/20 06:55:00",HPRL1,0
D,DISPATCH,UNIT_SCADA,1,"2019/08/20 06:55:00",HUMENSW,0
D,DISPATCH,UNIT_SCADA,1,"2019/08/20 06:55:00",HUMEV,7.40
D,DISPATCH,UNIT_SCADA,1,"2019/08/20 06:55:00",HVGTS,0
D,DISPATCH,UNIT_SCADA,1,"2019/08/20 06:55:00",JBUTTERS,134.30
D,DISPATCH,UNIT_SCADA,1,"2019/08/20 06:55:00",JLA01,0.50
D,DISPATCH,UNIT_SCADA,1,"2019/08/20 06:55:00",JLA02,53.70
D,DISPATCH,UNIT_SCADA,1,"2019/08/20 06:55:00",JLA03,0.10
D,DISPATCH,UNIT_SCADA,1,"2019/08/20 06:55:00",JLA04,0.10
D,DISPATCH,UNIT_SCADA,1,"2019/08/20 06:55:00",JLB01,0
D,DISPATCH,UNIT_SCADA,1,"2019/08/20 06:55:00",JLB02,63.40
D,DISPATCH,UNIT_SCADA,1,"2019/08/20 06:55:00",JLB03,42.30
D,DISPATCH,UNIT_SCADA,1,"2019/08/20 06:55:00",KAREEYA1,21.4525
D,DISPATCH,UNIT_SCADA,1,"2019/08/20 06:55:00",KAREEYA2,21.7525
D,DISPATCH,UNIT_SCADA,1,"2019/08/20 06:55:00",KAREEYA3,0
D,DISPATCH,UNIT_SCADA,1,"2019/08/20 06:55:00",KAREEYA4,21.59
D,DISPATCH,UNIT_SCADA,1,"2019/08/20 06:55:00",KARSF1,0
D,DISPATCH,UNIT_SCADA,1,"2019/08/20 06:55:00",KIATAWF1,31
D,DISPATCH,UNIT_SCADA,1,"2019/08/20 06:55:00",KPP_1,0
D,DISPATCH,UNIT_SCADA,1,"2019/08/20 06:55:00",KSP1,0
D,DISPATCH,UNIT_SCADA,1,"2019/08/20 06:55:00",LADBROK1,42.85
D,DISPATCH,UNIT_SCADA,1,"2019/08/20 06:55:00",LADBROK2,42.87
D,DISPATCH,UNIT_SCADA,1,"2019/08/20 06:55:00",LD01,421.6875
D,DISPATCH,UNIT_SCADA,1,"2019/08/20 06:55:00",LD02,419.137450
D,DISPATCH,UNIT_SCADA,1,"2019/08/20 06:55:00",LD03,407.1937
D,DISPATCH,UNIT_SCADA,1,"2019/08/20 06:55:00",LD04,382.293760
D,DISPATCH,UNIT_SCADA,1,"2019/08/20 06:55:00",LEM_WIL,85.389650
D,DISPATCH,UNIT_SCADA,1,"2019/08/20 06:55:00",LGAPWF1,13.38
D,DISPATCH,UNIT_SCADA,1,"2019/08/20 06:55:00",LILYSF1,4.423680
D,DISPATCH,UNIT_SCADA,1,"2019/08/20 06:55:00",LI_WY_CA,148.021870
D,DISPATCH,UNIT_SCADA,1,"2019/08/20 06:55:00",LKBONNY2,146.2542
D,DISPATCH,UNIT_SCADA,1,"2019/08/20 06:55:00",LKBONNY3,37.624040
D,DISPATCH,UNIT_SCADA,1,"2019/08/20 06:55:00",LK_ECHO,0
D,DISPATCH,UNIT_SCADA,1,"2019/08/20 06:55:00",LNGS1,0
D,DISPATCH,UNIT_SCADA,1,"2019/08/20 06:55:00",LNGS2,0
D,DISPATCH,UNIT_SCADA,1,"2019/08/20 06:55:00",LONSDALE,0
D,DISPATCH,UNIT_SCADA,1,"2019/08/20 06:55:00",LOYYB1,530.073430
D,DISPATCH,UNIT_SCADA,1,"2019/08/20 06:55:00",LOYYB2,577.818970
D,DISPATCH,UNIT_SCADA,1,"2019/08/20 06:55:00",LYA1,560
D,DISPATCH,UNIT_SCADA,1,"2019/08/20 06:55:00",LYA2,0
D,DISPATCH,UNIT_SCADA,1,"2019/08/20 06:55:00",LYA3,559
D,DISPATCH,UNIT_SCADA,1,"2019/08/20 06:55:00",LYA4,540
D,DISPATCH,UNIT_SCADA,1,"2019/08/20 06:55:00",MACARTH1,316.3927
D,DISPATCH,UNIT_SCADA,1,"2019/08/20 06:55:00",MACKAYGT,0
D,DISPATCH,UNIT_SCADA,1,"2019/08/20 06:55:00",MACKNTSH,84.34
D,DISPATCH,UNIT_SCADA,1,"2019/08/20 06:55:00",MANSLR1,0
D,DISPATCH,UNIT_SCADA,1,"2019/08/20 06:55:00",MCKAY1,-0.0350
D,DISPATCH,UNIT_SCADA,1,"2019/08/20 06:55:00",MEADOWBK,34.038780
D,DISPATCH,UNIT_SCADA,1,"2019/08/20 06:55:00",MERCER01,125.8310
D,DISPATCH,UNIT_SCADA,1,"2019/08/20 06:55:00",MEWF1,18.830340
D,DISPATCH,UNIT_SCADA,1,"2019/08/20 06:55:00",MINTARO,0
D,DISPATCH,UNIT_SCADA,1,"2019/08/20 06:55:00",MOREESF1,1.34
D,DISPATCH,UNIT_SCADA,1,"2019/08/20 06:55:00",MORTLK11,259
D,DISPATCH,UNIT_SCADA,1,"2019/08/20 06:55:00",MORTLK12,0
D,DISPATCH,UNIT_SCADA,1,"2019/08/20 06:55:00",MP1,295.025020
D,DISPATCH,UNIT_SCADA,1,"2019/08/20 06:55:00",MP2,0
D,DISPATCH,UNIT_SCADA,1,"2019/08/20 06:55:00",MPP_1,431.50
D,DISPATCH,UNIT_SCADA,1,"2019/08/20 06:55:00",MPP_2,435.75
D,DISPATCH,UNIT_SCADA,1,"2019/08/20 06:55:00",MSTUART1,0
D,DISPATCH,UNIT_SCADA,1,"2019/08/20 06:55:00",MSTUART2,0
D,DISPATCH,UNIT_SCADA,1,"2019/08/20 06:55:00",MSTUART3,0
D,DISPATCH,UNIT_SCADA,1,"2019/08/20 06:55:00",MTGELWF1,64.8671
D,DISPATCH,UNIT_SCADA,1,"2019/08/20 06:55:00",MURRAY,0.58
D,DISPATCH,UNIT_SCADA,1,"2019/08/20 06:55:00",MUSSELR1,163
D,DISPATCH,UNIT_SCADA,1,"2019/08/20 06:55:00",MUWAWF1,46.11
D,DISPATCH,UNIT_SCADA,1,"2019/08/20 06:55:00",NBHWF1,52.50
D,DISPATCH,UNIT_SCADA,1,"2019/08/20 06:55:00",NPS,0
D,DISPATCH,UNIT_SCADA,1,"2019/08/20 06:55:00",NUMURSF1,0
D,DISPATCH,UNIT_SCADA,1,"2019/08/20 06:55:00",NYNGAN1,0
D,DISPATCH,UNIT_SCADA,1,"2019/08/20 06:55:00",OAKEY1,0
D,DISPATCH,UNIT_SCADA,1,"2019/08/20 06:55:00",OAKEY1SF,0.6520
D,DISPATCH,UNIT_SCADA,1,"2019/08/20 06:55:00",OAKEY2,0
D,DISPATCH,UNIT_SCADA,1,"2019/08/20 06:55:00",OAKLAND1,61.80
D,DISPATCH,UNIT_SCADA,1,"2019/08/20 06:55:00",OSB-AG,185.70
D,DISPATCH,UNIT_SCADA,1,"2019/08/20 06:55:00",PARSF1,0.50
D,DISPATCH,UNIT_SCADA,1,"2019/08/20 06:55:00",POAT110,0
D,DISPATCH,UNIT_SCADA,1,"2019/08/20 06:55:00",POAT220,1.51
D,DISPATCH,UNIT_SCADA,1,"2019/08/20 06:55:00",POR01,0
D,DISPATCH,UNIT_SCADA,1,"2019/08/20 06:55:00",POR03,0
D,DISPATCH,UNIT_SCADA,1,"2019/08/20 06:55:00",PPCCGT,65.504340
D,DISPATCH,UNIT_SCADA,1,"2019/08/20 06:55:00",PTSTAN1,0
D,DISPATCH,UNIT_SCADA,1,"2019/08/20 06:55:00",PUMP1,0
D,DISPATCH,UNIT_SCADA,1,"2019/08/20 06:55:00",PUMP2,0
D,DISPATCH,UNIT_SCADA,1,"2019/08/20 06:55:00",QPS1,29.10
D,DISPATCH,UNIT_SCADA,1,"2019/08/20 06:55:00",QPS2,0
D,DISPATCH,UNIT_SCADA,1,"2019/08/20 06:55:00",QPS3,0
D,DISPATCH,UNIT_SCADA,1,"2019/08/20 06:55:00",QPS4,0
D,DISPATCH,UNIT_SCADA,1,"2019/08/20 06:55:00",QPS5,0
D,DISPATCH,UNIT_SCADA,1,"2019/08/20 06:55:00",REECE1,115.440010
D,DISPATCH,UNIT_SCADA,1,"2019/08/20 06:55:00",REECE2,114.800010
D,DISPATCH,UNIT_SCADA,1,"2019/08/20 06:55:00",ROMA_7,0
D,DISPATCH,UNIT_SCADA,1,"2019/08/20 06:55:00",ROMA_8,0
D,DISPATCH,UNIT_SCADA,1,"2019/08/20 06:55:00",RRSF1,2.005660
D,DISPATCH,UNIT_SCADA,1,"2019/08/20 06:55:00",RT_NSW1,0
D,DISPATCH,UNIT_SCADA,1,"2019/08/20 06:55:00",RT_NSW2,0
D,DISPATCH,UNIT_SCADA,1,"2019/08/20 06:55:00",RT_NSW3,0
D,DISPATCH,UNIT_SCADA,1,"2019/08/20 06:55:00",RT_NSW4,0
D,DISPATCH,UNIT_SCADA,1,"2019/08/20 06:55:00",RT_NSW5,0
D,DISPATCH,UNIT_SCADA,1,"2019/08/20 06:55:00",RT_NSW6,0
D,DISPATCH,UNIT_SCADA,1,"2019/08/20 06:55:00",RT_QLD1,0
D,DISPATCH,UNIT_SCADA,1,"2019/08/20 06:55:00",RT_SA1,0
D,DISPATCH,UNIT_SCADA,1,"2019/08/20 06:55:00",RT_SA2,0
D,DISPATCH,UNIT_SCADA,1,"2019/08/20 06:55:00",RT_SA3,0
D,DISPATCH,UNIT_SCADA,1,"2019/08/20 06:55:00",RT_SA4,0
D,DISPATCH,UNIT_SCADA,1,"2019/08/20 06:55:00",RT_SA5,0
D,DISPATCH,UNIT_SCADA,1,"2019/08/20 06:55:00",RT_SA6,0
D,DISPATCH,UNIT_SCADA,1,"2019/08/20 06:55:00",RT_TAS1,0
D,DISPATCH,UNIT_SCADA,1,"2019/08/20 06:55:00",RT_VIC1,0
D,DISPATCH,UNIT_SCADA,1,"2019/08/20 06:55:00",RT_VIC10,0
D,DISPATCH,UNIT_SCADA,1,"2019/08/20 06:55:00",RT_VIC11,0
D,DISPATCH,UNIT_SCADA,1,"2019/08/20 06:55:00",RT_VIC12,0
D,DISPATCH,UNIT_SCADA,1,"2019/08/20 06:55:00",RT_VIC2,0
D,DISPATCH,UNIT_SCADA,1,"2019/08/20 06:55:00",RT_VIC3,0
D,DISPATCH,UNIT_SCADA,1,"2019/08/20 06:55:00",RT_VIC4,0
D,DISPATCH,UNIT_SCADA,1,"2019/08/20 06:55:00",RT_VIC5,0
D,DISPATCH,UNIT_SCADA,1,"2019/08/20 06:55:00",RT_VIC6,0
D,DISPATCH,UNIT_SCADA,1,"2019/08/20 06:55:00",RT_VIC7,0
D,DISPATCH,UNIT_SCADA,1,"2019/08/20 06:55:00",RT_VIC8,0
D,DISPATCH,UNIT_SCADA,1,"2019/08/20 06:55:00",RT_VIC9,0
D,DISPATCH,UNIT_SCADA,1,"2019/08/20 06:55:00",RUGBYR1,1.4183
D,DISPATCH,UNIT_SCADA,1,"2019/08/20 06:55:00",SALTCRK1,51.19
D,DISPATCH,UNIT_SCADA,1,"2019/08/20 06:55:00",SAPHWF1,94.621860
D,DISPATCH,UNIT_SCADA,1,"2019/08/20 06:55:00",SHGEN,195.226680
D,DISPATCH,UNIT_SCADA,1,"2019/08/20 06:55:00",SHPUMP,0
D,DISPATCH,UNIT_SCADA,1,"2019/08/20 06:55:00",SITHE01,0.005650
D,DISPATCH,UNIT_SCADA,1,"2019/08/20 06:55:00",SMCSF1,0
D,DISPATCH,UNIT_SCADA,1,"2019/08/20 06:55:00",SNOWNTH1,15
D,DISPATCH,UNIT_SCADA,1,"2019/08/20 06:55:00",SNOWSTH1,53.20
D,DISPATCH,UNIT_SCADA,1,"2019/08/20 06:55:00",SNOWTWN1,23.929840
D,DISPATCH,UNIT_SCADA,1,"2019/08/20 06:55:00",SNOWYP,0
D,DISPATCH,UNIT_SCADA,1,"2019/08/20 06:55:00",SNUG1,0.019440
D,DISPATCH,UNIT_SCADA,1,"2019/08/20 06:55:00",SRSF1,8.35
D,DISPATCH,UNIT_SCADA,1,"2019/08/20 06:55:00",STAN-1,0
D,DISPATCH,UNIT_SCADA,1,"2019/08/20 06:55:00",STAN-2,343.709320
D,DISPATCH,UNIT_SCADA,1,"2019/08/20 06:55:00",STAN-3,335.275210
D,DISPATCH,UNIT_SCADA,1,"2019/08/20 06:55:00",STAN-4,346.144680
D,DISPATCH,UNIT_SCADA,1,"2019/08/20 06:55:00",STWF1,75.183750
D,DISPATCH,UNIT_SCADA,1,"2019/08/20 06:55:00",SWAN_E,0
D,DISPATCH,UNIT_SCADA,1,"2019/08/20 06:55:00",TALWA1,420
D,DISPATCH,UNIT_SCADA,1,"2019/08/20 06:55:00",TARALGA1,104.415010
D,DISPATCH,UNIT_SCADA,1,"2019/08/20 06:55:00",TARONG#1,339.300020
D,DISPATCH,UNIT_SCADA,1,"2019/08/20 06:55:00",TARONG#2,340.200010
D,DISPATCH,UNIT_SCADA,1,"2019/08/20 06:55:00",TARONG#3,260.100010
D,DISPATCH,UNIT_SCADA,1,"2019/08/20 06:55:00",TARONG#4,350.200010
D,DISPATCH,UNIT_SCADA,1,"2019/08/20 06:55:00",TARRALEA,78.80
D,DISPATCH,UNIT_SCADA,1,"2019/08/20 06:55:00",TBSF1,-0.20
D,DISPATCH,UNIT_SCADA,1,"2019/08/20 06:55:00",TNPS1,441.700010
D,DISPATCH,UNIT_SCADA,1,"2019/08/20 06:55:00",TORRA1,81.951430
D,DISPATCH,UNIT_SCADA,1,"2019/08/20 06:55:00",TORRA2,0
D,DISPATCH,UNIT_SCADA,1,"2019/08/20 06:55:00",TORRA3,32.683760
D,DISPATCH,UNIT_SCADA,1,"2019/08/20 06:55:00",TORRA4,0
D,DISPATCH,UNIT_SCADA,1,"2019/08/20 06:55:00",TORRB1,98.63
D,DISPATCH,UNIT_SCADA,1,"2019/08/20 06:55:00",TORRB2,179.37
D,DISPATCH,UNIT_SCADA,1,"2019/08/20 06:55:00",TORRB3,0
D,DISPATCH,UNIT_SCADA,1,"2019/08/20 06:55:00",TORRB4,0
D,DISPATCH,UNIT_SCADA,1,"2019/08/20 06:55:00",TREVALLN,69.120020
D,DISPATCH,UNIT_SCADA,1,"2019/08/20 06:55:00",TRIBUTE,82.33
D,DISPATCH,UNIT_SCADA,1,"2019/08/20 06:55:00",TUMUT3,652.63
D,DISPATCH,UNIT_SCADA,1,"2019/08/20 06:55:00",TUNGATIN,132.690030
D,DISPATCH,UNIT_SCADA,1,"2019/08/20 06:55:00",TVCC201,0
D,DISPATCH,UNIT_SCADA,1,"2019/08/20 06:55:00",TVPP104,0
D,DISPATCH,UNIT_SCADA,1,"2019/08/20 06:55:00",UPPTUMUT,0
D,DISPATCH,UNIT_SCADA,1,"2019/08/20 06:55:00",URANQ11,0
D,DISPATCH,UNIT_SCADA,1,"2019/08/20 06:55:00",URANQ12,0
D,DISPATCH,UNIT_SCADA,1,"2019/08/20 06:55:00",URANQ13,0
D,DISPATCH,UNIT_SCADA,1,"2019/08/20 06:55:00",URANQ14,0
D,DISPATCH,UNIT_SCADA,1,"2019/08/20 06:55:00",VP5,626.450010
D,DISPATCH,UNIT_SCADA,1,"2019/08/20 06:55:00",VP6,590.224980
D,DISPATCH,UNIT_SCADA,1,"2019/08/20 06:55:00",VPGS1,0
D,DISPATCH,UNIT_SCADA,1,"2019/08/20 06:55:00",VPGS2,0
D,DISPATCH,UNIT_SCADA,1,"2019/08/20 06:55:00",VPGS3,0
D,DISPATCH,UNIT_SCADA,1,"2019/08/20 06:55:00",VPGS4,0
D,DISPATCH,UNIT_SCADA,1,"2019/08/20 06:55:00",VPGS5,0
D,DISPATCH,UNIT_SCADA,1,"2019/08/20 06:55:00",VPGS6,0
D,DISPATCH,UNIT_SCADA,1,"2019/08/20 06:55:00",W/HOE#1,202.75
D,DISPATCH,UNIT_SCADA,1,"2019/08/20 06:55:00",W/HOE#2,0
D,DISPATCH,UNIT_SCADA,1,"2019/08/20 06:55:00",WATERLWF,106
D,DISPATCH,UNIT_SCADA,1,"2019/08/20 06:55:00",WEMENSF1,0
D,DISPATCH,UNIT_SCADA,1,"2019/08/20 06:55:00",WGWF1,53.40
D,DISPATCH,UNIT_SCADA,1,"2019/08/20 06:55:00",WHITSF1,0
D,DISPATCH,UNIT_SCADA,1,"2019/08/20 06:55:00",WKIEWA1,0
D,DISPATCH,UNIT_SCADA,1,"2019/08/20 06:55:00",WKIEWA2,10.50
D,DISPATCH,UNIT_SCADA,1,"2019/08/20 06:55:00",WOODLWN1,45.018010
D,DISPATCH,UNIT_SCADA,1,"2019/08/20 06:55:00",WRSF1,2.02
D,DISPATCH,UNIT_SCADA,1,"2019/08/20 06:55:00",WRWF1,91.122510
D,DISPATCH,UNIT_SCADA,1,"2019/08/20 06:55:00",YABULU,0
D,DISPATCH,UNIT_SCADA,1,"2019/08/20 06:55:00",YABULU2,0
D,DISPATCH,UNIT_SCADA,1,"2019/08/20 06:55:00",YARWUN_1,0
D,DISPATCH,UNIT_SCADA,1,"2019/08/20 06:55:00",YENDWF1,41.85
D,DISPATCH,UNIT_SCADA,1,"2019/08/20 06:55:00",YWPS1,379.448090
D,DISPATCH,UNIT_SCADA,1,"2019/08/20 06:55:00",YWPS2,275.184810
D,DISPATCH,UNIT_SCADA,1,"2019/08/20 06:55:00",YWPS3,0
D,DISPATCH,UNIT_SCADA,1,"2019/08/20 06:55:00",YWPS4,387.898740
C,"END OF REPORT",334
