C,NEMP.WORLD,DISPATCHSCADA,AEMO,PUBLIC,2019/09/05,17:25:08,0000000312430707,DISPATCHSCADA,0000000312430701
I,DISPATCH,UNIT_SCADA,1,SETTLEMENTDATE,DUID,SCADAVALUE
D,DISPATCH,UNIT_SCADA,1,"2019/09/05 17:30:00",BARCSF1,3.60
D,DISPATCH,UNIT_SCADA,1,"2019/09/05 17:30:00",BUTLERSG,10.199999
D,DISPATCH,UNIT_SCADA,1,"2019/09/05 17:30:00",CALL_A_4,0
D,DISPATCH,UNIT_SCADA,1,"2019/09/05 17:30:00",CAPTL_WF,0
D,DISPATCH,UNIT_SCADA,1,"2019/09/05 17:30:00",CATHROCK,35.179996
D,DISPATCH,UNIT_SCADA,1,"2019/09/05 17:30:00",CHALLHWF,8.70
D,DISPATCH,UNIT_SCADA,1,"2019/09/05 17:30:00",CLOVER,-0.01
D,DISPATCH,UNIT_SCADA,1,"2019/09/05 17:30:00",CLUNY,18.068666
D,DISPATCH,UNIT_SCADA,1,"2019/09/05 17:30:00",CNUNDAWF,20.924410
D,DISPATCH,UNIT_SCADA,1,"2019/09/05 17:30:00",CULLRGWF,-0.06
D,DISPATCH,UNIT_SCADA,1,"2019/09/05 17:30:00",ERGT01,0
D,DISPATCH,UNIT_SCADA,1,"2019/09/05 17:30:00",GB01,0.008808
D,DISPATCH,UNIT_SCADA,1,"2019/09/05 17:30:00",GERMCRK,35.299999
D,DISPATCH,UNIT_SCADA,1,"2019/09/05 17:30:00",GRIFSF1,4.099998
D,DISPATCH,UNIT_SCADA,1,"2019/09/05 17:30:00",HUGSF1,3.1390
D,DISPATCH,UNIT_SCADA,1,"2019/09/05 17:30:00",LKBONNY1,22.059412
D,DISPATCH,UNIT_SCADA,1,"2019/09/05 17:30:00",LRSF1,4.9480
D,DISPATCH,UNIT_SCADA,1,"2019/09/05 17:30:00",MBAHNTH,48.300003
D,DISPATCH,UNIT_SCADA,1,"2019/09/05 17:30:00",MLSP1,0.460001
D,DISPATCH,UNIT_SCADA,1,"2019/09/05 17:30:00",MLWF1,7.9650
D,DISPATCH,UNIT_SCADA,1,"2019/09/05 17:30:00",MTMILLAR,42.579185
D,DISPATCH,UNIT_SCADA,1,"2019/09/05 17:30:00",PALOONA,25.57
D,DISPATCH,UNIT_SCADA,1,"2019/09/05 17:30:00",PIONEER,25.50
D,DISPATCH,UNIT_SCADA,1,"2019/09/05 17:30:00",PORTWF,46.700001
D,DISPATCH,UNIT_SCADA,1,"2019/09/05 17:30:00",REPULSE,28.917067
D,DISPATCH,UNIT_SCADA,1,"2019/09/05 17:30:00",ROWALLAN,10.3234
D,DISPATCH,UNIT_SCADA,1,"2019/09/05 17:30:00",ROYALLA1,0.1980
D,DISPATCH,UNIT_SCADA,1,"2019/09/05 17:30:00",RPCG,11.50
D,DISPATCH,UNIT_SCADA,1,"2019/09/05 17:30:00",RUBICON,0
D,DISPATCH,UNIT_SCADA,1,"2019/09/05 17:30:00",SATGN1,2.02
D,DISPATCH,UNIT_SCADA,1,"2019/09/05 17:30:00",SATGS1,0
D,DISPATCH,UNIT_SCADA,1,"2019/09/05 17:30:00",STARHLWF,30.791021
D,DISPATCH,UNIT_SCADA,1,"2019/09/05 17:30:00",WAUBRAWF,79.546997
D,DISPATCH,UNIT_SCADA,1,"2019/09/05 17:30:00",WOOLNTH1,68.630020
D,DISPATCH,UNIT_SCADA,1,"2019/09/05 17:30:00",WPWF,60
D,DISPATCH,UNIT_SCADA,1,"2019/09/05 17:30:00",YAMBUKWF,20.10
D,DISPATCH,UNIT_SCADA,1,"2019/09/05 17:30:00",YSWF1,1
D,DISPATCH,UNIT_SCADA,1,"2019/09/05 17:30:00",AGLHAL,0
D,DISPATCH,UNIT_SCADA,1,"2019/09/05 17:30:00",AGLSOM,33.10
D,DISPATCH,UNIT_SCADA,1,"2019/09/05 17:30:00",ANGAST1,0
D,DISPATCH,UNIT_SCADA,1,"2019/09/05 17:30:00",ARWF1,37.50
D,DISPATCH,UNIT_SCADA,1,"2019/09/05 17:30:00",BALBG1,12.36
D,DISPATCH,UNIT_SCADA,1,"2019/09/05 17:30:00",BALBL1,0
D,DISPATCH,UNIT_SCADA,1,"2019/09/05 17:30:00",BALDHWF1,75.4380
D,DISPATCH,UNIT_SCADA,1,"2019/09/05 17:30:00",BANN1,13.31
D,DISPATCH,UNIT_SCADA,1,"2019/09/05 17:30:00",BARCALDN,0
D,DISPATCH,UNIT_SCADA,1,"2019/09/05 17:30:00",BARRON-1,34.32
D,DISPATCH,UNIT_SCADA,1,"2019/09/05 17:30:00",BARRON-2,0
D,DISPATCH,UNIT_SCADA,1,"2019/09/05 17:30:00",BASTYAN,80.20
D,DISPATCH,UNIT_SCADA,1,"2019/09/05 17:30:00",BBTHREE1,0
D,DISPATCH,UNIT_SCADA,1,"2019/09/05 17:30:00",BBTHREE2,0
D,DISPATCH,UNIT_SCADA,1,"2019/09/05 17:30:00",BBTHREE3,0
D,DISPATCH,UNIT_SCADA,1,"2019/09/05 17:30:00",BDL01,35.16
D,DISPATCH,UNIT_SCADA,1,"2019/09/05 17:30:00",BDL02,43.62
D,DISPATCH,UNIT_SCADA,1,"2019/09/05 17:30:00",BERYLSF1,2.650780
D,DISPATCH,UNIT_SCADA,1,"2019/09/05 17:30:00",BLOWERNG,15.40
D,DISPATCH,UNIT_SCADA,1,"2019/09/05 17:30:00",BLUFF1,23.20
D,DISPATCH,UNIT_SCADA,1,"2019/09/05 17:30:00",BNGSF1,39.74
D,DISPATCH,UNIT_SCADA,1,"2019/09/05 17:30:00",BNGSF2,4.37
D,DISPATCH,UNIT_SCADA,1,"2019/09/05 17:30:00",BOCORWF1,38.86
D,DISPATCH,UNIT_SCADA,1,"2019/09/05 17:30:00",BODWF1,24.482350
D,DISPATCH,UNIT_SCADA,1,"2019/09/05 17:30:00",BRAEMAR1,0
D,DISPATCH,UNIT_SCADA,1,"2019/09/05 17:30:00",BRAEMAR2,156.600010
D,DISPATCH,UNIT_SCADA,1,"2019/09/05 17:30:00",BRAEMAR3,155
D,DISPATCH,UNIT_SCADA,1,"2019/09/05 17:30:00",BRAEMAR5,155.385470
D,DISPATCH,UNIT_SCADA,1,"2019/09/05 17:30:00",BRAEMAR6,0
D,DISPATCH,UNIT_SCADA,1,"2019/09/05 17:30:00",BRAEMAR7,153.139630
D,DISPATCH,UNIT_SCADA,1,"2019/09/05 17:30:00",BROKENH1,10.2395
D,DISPATCH,UNIT_SCADA,1,"2019/09/05 17:30:00",BW01,551.050050
D,DISPATCH,UNIT_SCADA,1,"2019/09/05 17:30:00",BW02,650.599980
D,DISPATCH,UNIT_SCADA,1,"2019/09/05 17:30:00",BW03,640.3750
D,DISPATCH,UNIT_SCADA,1,"2019/09/05 17:30:00",BW04,0
D,DISPATCH,UNIT_SCADA,1,"2019/09/05 17:30:00",CALL_B_1,338.200010
D,DISPATCH,UNIT_SCADA,1,"2019/09/05 17:30:00",CALL_B_2,289.600010
D,DISPATCH,UNIT_SCADA,1,"2019/09/05 17:30:00",CETHANA,97.525880
D,DISPATCH,UNIT_SCADA,1,"2019/09/05 17:30:00",CG1,0
D,DISPATCH,UNIT_SCADA,1,"2019/09/05 17:30:00",CG2,0
D,DISPATCH,UNIT_SCADA,1,"2019/09/05 17:30:00",CG3,0
D,DISPATCH,UNIT_SCADA,1,"2019/09/05 17:30:00",CG4,0
D,DISPATCH,UNIT_SCADA,1,"2019/09/05 17:30:00",CHILDSF1,0.53
D,DISPATCH,UNIT_SCADA,1,"2019/09/05 17:30:00",CLARESF1,6.096380
D,DISPATCH,UNIT_SCADA,1,"2019/09/05 17:30:00",CLEMGPWF,19.161310
D,DISPATCH,UNIT_SCADA,1,"2019/09/05 17:30:00",CLERMSF1,7.12
D,DISPATCH,UNIT_SCADA,1,"2019/09/05 17:30:00",COLEASF1,18.700010
D,DISPATCH,UNIT_SCADA,1,"2019/09/05 17:30:00",COOPGWF1,1.418310
D,DISPATCH,UNIT_SCADA,1,"2019/09/05 17:30:00",CPP_3,405.899990
D,DISPATCH,UNIT_SCADA,1,"2019/09/05 17:30:00",CPP_4,407.274990
D,DISPATCH,UNIT_SCADA,1,"2019/09/05 17:30:00",CPSA,120.5375
D,DISPATCH,UNIT_SCADA,1,"2019/09/05 17:30:00",CROOKWF2,0
D,DISPATCH,UNIT_SCADA,1,"2019/09/05 17:30:00",CROWLWF1,7.214590
D,DISPATCH,UNIT_SCADA,1,"2019/09/05 17:30:00",CSPVPS1,3.0220
D,DISPATCH,UNIT_SCADA,1,"2019/09/05 17:30:00",DALNTH01,0
D,DISPATCH,UNIT_SCADA,1,"2019/09/05 17:30:00",DALNTHL1,0.093080
D,DISPATCH,UNIT_SCADA,1,"2019/09/05 17:30:00",DARTM1,133.20
D,DISPATCH,UNIT_SCADA,1,"2019/09/05 17:30:00",DAYDSF1,31.0960
D,DISPATCH,UNIT_SCADA,1,"2019/09/05 17:30:00",DDPS1,496.304440
D,DISPATCH,UNIT_SCADA,1,"2019/09/05 17:30:00",DDSF1,3.522430
D,DISPATCH,UNIT_SCADA,1,"2019/09/05 17:30:00",DEVILS_G,63.854490
D,DISPATCH,UNIT_SCADA,1,"2019/09/05 17:30:00",DG_NSW1,0
D,DISPATCH,UNIT_SCADA,1,"2019/09/05 17:30:00",DG_QLD1,0
D,DISPATCH,UNIT_SCADA,1,"2019/09/05 17:30:00",DG_SA1,0
D,DISPATCH,UNIT_SCADA,1,"2019/09/05 17:30:00",DG_TAS1,0
D,DISPATCH,UNIT_SCADA,1,"2019/09/05 17:30:00",DG_VIC1,0
D,DISPATCH,UNIT_SCADA,1,"2019/09/05 17:30:00",DRYCGT1,0
D,DISPATCH,UNIT_SCADA,1,"2019/09/05 17:30:00",DRYCGT2,0
D,DISPATCH,UNIT_SCADA,1,"2019/09/05 17:30:00",DRYCGT3,0
D,DISPATCH,UNIT_SCADA,1,"2019/09/05 17:30:00",EILDON1,0
D,DISPATCH,UNIT_SCADA,1,"2019/09/05 17:30:00",EILDON2,0
D,DISPATCH,UNIT_SCADA,1,"2019/09/05 17:30:00",EMERASF1,8.61
D,DISPATCH,UNIT_SCADA,1,"2019/09/05 17:30:00",ER01,577.674930
D,DISPATCH,UNIT_SCADA,1,"2019/09/05 17:30:00",ER02,360.799930
D,DISPATCH,UNIT_SCADA,1,"2019/09/05 17:30:00",ER03,0
D,DISPATCH,UNIT_SCADA,1,"2019/09/05 17:30:00",ER04,685.6250
D,DISPATCH,UNIT_SCADA,1,"2019/09/05 17:30:00",FINLYSF1,5.3875
D,DISPATCH,UNIT_SCADA,1,"2019/09/05 17:30:00",FISHER,45.87
D,DISPATCH,UNIT_SCADA,1,"2019/09/05 17:30:00",GANNBG1,9.2309
D,DISPATCH,UNIT_SCADA,1,"2019/09/05 17:30:00",GANNBL1,0
D,DISPATCH,UNIT_SCADA,1,"2019/09/05 17:30:00",GANNSF1,2.40
D,DISPATCH,UNIT_SCADA,1,"2019/09/05 17:30:00",GORDON,19.279120
D,DISPATCH,UNIT_SCADA,1,"2019/09/05 17:30:00",GSTONE1,191.974990
D,DISPATCH,UNIT_SCADA,1,"2019/09/05 17:30:00",GSTONE2,183.224990
D,DISPATCH,UNIT_SCADA,1,"2019/09/05 17:30:00",GSTONE3,0
D,DISPATCH,UNIT_SCADA,1,"2019/09/05 17:30:00",GSTONE4,214.024990
D,DISPATCH,UNIT_SCADA,1,"2019/09/05 17:30:00",GSTONE5,196.1750
D,DISPATCH,UNIT_SCADA,1,"2019/09/05 17:30:00",GSTONE6,192.50
D,DISPATCH,UNIT_SCADA,1,"2019/09/05 17:30:00",GULLRSF1,0
D,DISPATCH,UNIT_SCADA,1,"2019/09/05 17:30:00",GULLRWF1,0
D,DISPATCH,UNIT_SCADA,1,"2019/09/05 17:30:00",GUNNING1,-0.2139
D,DISPATCH,UNIT_SCADA,1,"2019/09/05 17:30:00",GUTHEGA,31
D,DISPATCH,UNIT_SCADA,1,"2019/09/05 17:30:00",HALLWF1,57.12
D,DISPATCH,UNIT_SCADA,1,"2019/09/05 17:30:00",HALLWF2,54.34
D,DISPATCH,UNIT_SCADA,1,"2019/09/05 17:30:00",HAMISF1,9.20
D,DISPATCH,UNIT_SCADA,1,"2019/09/05 17:30:00",HAUGHT11,26.519550
D,DISPATCH,UNIT_SCADA,1,"2019/09/05 17:30:00",HAYMSF1,10.2410
D,DISPATCH,UNIT_SCADA,1,"2019/09/05 17:30:00",HDWF1,36.50
D,DISPATCH,UNIT_SCADA,1,"2019/09/05 17:30:00",HDWF2,34.80
D,DISPATCH,UNIT_SCADA,1,"2019/09/05 17:30:00",HDWF3,40.70
D,DISPATCH,UNIT_SCADA,1,"2019/09/05 17:30:00",HPRG1,10.20
D,DISPATCH,UNIT_SCADA,1,"2019/09/05 17:30:00",HPRL1,0
D,DISPATCH,UNIT_SCADA,1,"2019/09/05 17:30:00",HUMENSW,0
D,DISPATCH,UNIT_SCADA,1,"2019/09/05 17:30:00",HUMEV,25.10
D,DISPATCH,UNIT_SCADA,1,"2019/09/05 17:30:00",HVGTS,0
D,DISPATCH,UNIT_SCADA,1,"2019/09/05 17:30:00",JBUTTERS,20.03
D,DISPATCH,UNIT_SCADA,1,"2019/09/05 17:30:00",JLA01,0.10
D,DISPATCH,UNIT_SCADA,1,"2019/09/05 17:30:00",JLA02,0
D,DISPATCH,UNIT_SCADA,1,"2019/09/05 17:30:00",JLA03,0
D,DISPATCH,UNIT_SCADA,1,"2019/09/05 17:30:00",JLA04,0
D,DISPATCH,UNIT_SCADA,1,"2019/09/05 17:30:00",JLB01,0
D,DISPATCH,UNIT_SCADA,1,"2019/09/05 17:30:00",JLB02,29.50
D,DISPATCH,UNIT_SCADA,1,"2019/09/05 17:30:00",JLB03,29.60
D,DISPATCH,UNIT_SCADA,1,"2019/09/05 17:30:00",KAREEYA1,21.59
D,DISPATCH,UNIT_SCADA,1,"2019/09/05 17:30:00",KAREEYA2,21.79
D,DISPATCH,UNIT_SCADA,1,"2019/09/05 17:30:00",KAREEYA3,0
D,DISPATCH,UNIT_SCADA,1,"2019/09/05 17:30:00",KAREEYA4,21.62
D,DISPATCH,UNIT_SCADA,1,"2019/09/05 17:30:00",KARSF1,5.80
D,DISPATCH,UNIT_SCADA,1,"2019/09/05 17:30:00",KIATAWF1,10.80
D,DISPATCH,UNIT_SCADA,1,"2019/09/05 17:30:00",KPP_1,0
D,DISPATCH,UNIT_SCADA,1,"2019/09/05 17:30:00",KSP1,20.31
D,DISPATCH,UNIT_SCADA,1,"2019/09/05 17:30:00",LADBROK1,0
D,DISPATCH,UNIT_SCADA,1,"2019/09/05 17:30:00",LADBROK2,7.72
D,DISPATCH,UNIT_SCADA,1,"2019/09/05 17:30:00",LD01,422.4375
D,DISPATCH,UNIT_SCADA,1,"2019/09/05 17:30:00",LD02,398.268770
D,DISPATCH,UNIT_SCADA,1,"2019/09/05 17:30:00",LD03,420.131290
D,DISPATCH,UNIT_SCADA,1,"2019/09/05 17:30:00",LD04,379.950010
D,DISPATCH,UNIT_SCADA,1,"2019/09/05 17:30:00",LEM_WIL,84.8229
D,DISPATCH,UNIT_SCADA,1,"2019/09/05 17:30:00",LGAPWF1,7.75
D,DISPATCH,UNIT_SCADA,1,"2019/09/05 17:30:00",LILYSF1,6.717440
D,DISPATCH,UNIT_SCADA,1,"2019/09/05 17:30:00",LI_WY_CA,132.643070
D,DISPATCH,UNIT_SCADA,1,"2019/09/05 17:30:00",LKBONNY2,69.967380
D,DISPATCH,UNIT_SCADA,1,"2019/09/05 17:30:00",LKBONNY3,22.161340
D,DISPATCH,UNIT_SCADA,1,"2019/09/05 17:30:00",LK_ECHO,0
D,DISPATCH,UNIT_SCADA,1,"2019/09/05 17:30:00",LNGS1,0
D,DISPATCH,UNIT_SCADA,1,"2019/09/05 17:30:00",LNGS2,0
D,DISPATCH,UNIT_SCADA,1,"2019/09/05 17:30:00",LONSDALE,0
D,DISPATCH,UNIT_SCADA,1,"2019/09/05 17:30:00",LOYYB1,537.968380
D,DISPATCH,UNIT_SCADA,1,"2019/09/05 17:30:00",LOYYB2,582.330380
D,DISPATCH,UNIT_SCADA,1,"2019/09/05 17:30:00",LYA1,0
D,DISPATCH,UNIT_SCADA,1,"2019/09/05 17:30:00",LYA2,0
D,DISPATCH,UNIT_SCADA,1,"2019/09/05 17:30:00",LYA3,558
D,DISPATCH,UNIT_SCADA,1,"2019/09/05 17:30:00",LYA4,540
D,DISPATCH,UNIT_SCADA,1,"2019/09/05 17:30:00",MACARTH1,31.899260
D,DISPATCH,UNIT_SCADA,1,"2019/09/05 17:30:00",MACKAYGT,0.2240
D,DISPATCH,UNIT_SCADA,1,"2019/09/05 17:30:00",MACKNTSH,87.88
D,DISPATCH,UNIT_SCADA,1,"2019/09/05 17:30:00",MANSLR1,4.6140
D,DISPATCH,UNIT_SCADA,1,"2019/09/05 17:30:00",MCKAY1,10.84
D,DISPATCH,UNIT_SCADA,1,"2019/09/05 17:30:00",MEADOWBK,33.638660
D,DISPATCH,UNIT_SCADA,1,"2019/09/05 17:30:00",MERCER01,13.3850
D,DISPATCH,UNIT_SCADA,1,"2019/09/05 17:30:00",MEWF1,29.406210
D,DISPATCH,UNIT_SCADA,1,"2019/09/05 17:30:00",MINTARO,0
D,DISPATCH,UNIT_SCADA,1,"2019/09/05 17:30:00",MOREESF1,1.39
D,DISPATCH,UNIT_SCADA,1,"2019/09/05 17:30:00",MORTLK11,260
D,DISPATCH,UNIT_SCADA,1,"2019/09/05 17:30:00",MORTLK12,0
D,DISPATCH,UNIT_SCADA,1,"2019/09/05 17:30:00",MP1,221.174990
D,DISPATCH,UNIT_SCADA,1,"2019/09/05 17:30:00",MP2,0
D,DISPATCH,UNIT_SCADA,1,"2019/09/05 17:30:00",MPP_1,406.50
D,DISPATCH,UNIT_SCADA,1,"2019/09/05 17:30:00",MPP_2,434.75
D,DISPATCH,UNIT_SCADA,1,"2019/09/05 17:30:00",MSTUART1,0
D,DISPATCH,UNIT_SCADA,1,"2019/09/05 17:30:00",MSTUART2,0
D,DISPATCH,UNIT_SCADA,1,"2019/09/05 17:30:00",MSTUART3,0
D,DISPATCH,UNIT_SCADA,1,"2019/09/05 17:30:00",MTGELWF1,62.607190
D,DISPATCH,UNIT_SCADA,1,"2019/09/05 17:30:00",MURRAY,0
D,DISPATCH,UNIT_SCADA,1,"2019/09/05 17:30:00",MUSSELR1,25.30
D,DISPATCH,UNIT_SCADA,1,"2019/09/05 17:30:00",MUWAWF1,20.29
D,DISPATCH,UNIT_SCADA,1,"2019/09/05 17:30:00",NBHWF1,67.20
D,DISPATCH,UNIT_SCADA,1,"2019/09/05 17:30:00",NPS,364.50
D,DISPATCH,UNIT_SCADA,1,"2019/09/05 17:30:00",NUMURSF1,14.70
D,DISPATCH,UNIT_SCADA,1,"2019/09/05 17:30:00",NYNGAN1,7.50
D,DISPATCH,UNIT_SCADA,1,"2019/09/05 17:30:00",OAKEY1,0
D,DISPATCH,UNIT_SCADA,1,"2019/09/05 17:30:00",OAKEY1SF,0.5850
D,DISPATCH,UNIT_SCADA,1,"2019/09/05 17:30:00",OAKEY2,0
D,DISPATCH,UNIT_SCADA,1,"2019/09/05 17:30:00",OAKEY2SF,0
D,DISPATCH,UNIT_SCADA,1,"2019/09/05 17:30:00",OAKLAND1,51.40
D,DISPATCH,UNIT_SCADA,1,"2019/09/05 17:30:00",OSB-AG,178.38
D,DISPATCH,UNIT_SCADA,1,"2019/09/05 17:30:00",PARSF1,5.999990
D,DISPATCH,UNIT_SCADA,1,"2019/09/05 17:30:00",POAT110,0
D,DISPATCH,UNIT_SCADA,1,"2019/09/05 17:30:00",POAT220,0
D,DISPATCH,UNIT_SCADA,1,"2019/09/05 17:30:00",POR01,0
D,DISPATCH,UNIT_SCADA,1,"2019/09/05 17:30:00",POR03,0
D,DISPATCH,UNIT_SCADA,1,"2019/09/05 17:30:00",PPCCGT,337.972870
D,DISPATCH,UNIT_SCADA,1,"2019/09/05 17:30:00",PTSTAN1,0
D,DISPATCH,UNIT_SCADA,1,"2019/09/05 17:30:00",PUMP1,0
D,DISPATCH,UNIT_SCADA,1,"2019/09/05 17:30:00",PUMP2,0
D,DISPATCH,UNIT_SCADA,1,"2019/09/05 17:30:00",QPS1,0
D,DISPATCH,UNIT_SCADA,1,"2019/09/05 17:30:00",QPS2,0
D,DISPATCH,UNIT_SCADA,1,"2019/09/05 17:30:00",QPS3,0
D,DISPATCH,UNIT_SCADA,1,"2019/09/05 17:30:00",QPS4,0
D,DISPATCH,UNIT_SCADA,1,"2019/09/05 17:30:00",QPS5,0
D,DISPATCH,UNIT_SCADA,1,"2019/09/05 17:30:00",REECE1,117.530010
D,DISPATCH,UNIT_SCADA,1,"2019/09/05 17:30:00",REECE2,116.190010
D,DISPATCH,UNIT_SCADA,1,"2019/09/05 17:30:00",ROMA_7,0
D,DISPATCH,UNIT_SCADA,1,"2019/09/05 17:30:00",ROMA_8,0
D,DISPATCH,UNIT_SCADA,1,"2019/09/05 17:30:00",RRSF1,19.692990
D,DISPATCH,UNIT_SCADA,1,"2019/09/05 17:30:00",RT_NSW1,0
D,DISPATCH,UNIT_SCADA,1,"2019/09/05 17:30:00",RT_NSW2,0
D,DISPATCH,UNIT_SCADA,1,"2019/09/05 17:30:00",RT_NSW3,0
D,DISPATCH,UNIT_SCADA,1,"2019/09/05 17:30:00",RT_NSW4,0
D,DISPATCH,UNIT_SCADA,1,"2019/09/05 17:30:00",RT_NSW5,0
D,DISPATCH,UNIT_SCADA,1,"2019/09/05 17:30:00",RT_NSW6,0
D,DISPATCH,UNIT_SCADA,1,"2019/09/05 17:30:00",RT_QLD1,0
D,DISPATCH,UNIT_SCADA,1,"2019/09/05 17:30:00",RT_SA1,0
D,DISPATCH,UNIT_SCADA,1,"2019/09/05 17:30:00",RT_SA2,0
D,DISPATCH,UNIT_SCADA,1,"2019/09/05 17:30:00",RT_SA3,0
D,DISPATCH,UNIT_SCADA,1,"2019/09/05 17:30:00",RT_SA4,0
D,DISPATCH,UNIT_SCADA,1,"2019/09/05 17:30:00",RT_SA5,0
D,DISPATCH,UNIT_SCADA,1,"2019/09/05 17:30:00",RT_SA6,0
D,DISPATCH,UNIT_SCADA,1,"2019/09/05 17:30:00",RT_TAS1,0
D,DISPATCH,UNIT_SCADA,1,"2019/09/05 17:30:00",RT_VIC1,0
D,DISPATCH,UNIT_SCADA,1,"2019/09/05 17:30:00",RT_VIC10,0
D,DISPATCH,UNIT_SCADA,1,"2019/09/05 17:30:00",RT_VIC11,0
D,DISPATCH,UNIT_SCADA,1,"2019/09/05 17:30:00",RT_VIC12,0
D,DISPATCH,UNIT_SCADA,1,"2019/09/05 17:30:00",RT_VIC2,0
D,DISPATCH,UNIT_SCADA,1,"2019/09/05 17:30:00",RT_VIC3,0
D,DISPATCH,UNIT_SCADA,1,"2019/09/05 17:30:00",RT_VIC4,0
D,DISPATCH,UNIT_SCADA,1,"2019/09/05 17:30:00",RT_VIC5,0
D,DISPATCH,UNIT_SCADA,1,"2019/09/05 17:30:00",RT_VIC6,0
D,DISPATCH,UNIT_SCADA,1,"2019/09/05 17:30:00",RT_VIC7,0
D,DISPATCH,UNIT_SCADA,1,"2019/09/05 17:30:00",RT_VIC8,0
D,DISPATCH,UNIT_SCADA,1,"2019/09/05 17:30:00",RT_VIC9,0
D,DISPATCH,UNIT_SCADA,1,"2019/09/05 17:30:00",RUGBYR1,13.420030
D,DISPATCH,UNIT_SCADA,1,"2019/09/05 17:30:00",SALTCRK1,25.58
D,DISPATCH,UNIT_SCADA,1,"2019/09/05 17:30:00",SAPHWF1,29.315610
D,DISPATCH,UNIT_SCADA,1,"2019/09/05 17:30:00",SHGEN,0
D,DISPATCH,UNIT_SCADA,1,"2019/09/05 17:30:00",SHPUMP,0
D,DISPATCH,UNIT_SCADA,1,"2019/09/05 17:30:00",SITHE01,0.2041
D,DISPATCH,UNIT_SCADA,1,"2019/09/05 17:30:00",SMCSF1,7.979780
D,DISPATCH,UNIT_SCADA,1,"2019/09/05 17:30:00",SNOWNTH1,66
D,DISPATCH,UNIT_SCADA,1,"2019/09/05 17:30:00",SNOWSTH1,75.60
D,DISPATCH,UNIT_SCADA,1,"2019/09/05 17:30:00",SNOWTWN1,45.963280
D,DISPATCH,UNIT_SCADA,1,"2019/09/05 17:30:00",SNOWYP,0
D,DISPATCH,UNIT_SCADA,1,"2019/09/05 17:30:00",SNUG1,0.019440
D,DISPATCH,UNIT_SCADA,1,"2019/09/05 17:30:00",SRSF1,1.22
D,DISPATCH,UNIT_SCADA,1,"2019/09/05 17:30:00",STAN-1,336.095520
D,DISPATCH,UNIT_SCADA,1,"2019/09/05 17:30:00",STAN-2,341.414920
D,DISPATCH,UNIT_SCADA,1,"2019/09/05 17:30:00",STAN-3,311.716060
D,DISPATCH,UNIT_SCADA,1,"2019/09/05 17:30:00",STAN-4,296.975620
D,DISPATCH,UNIT_SCADA,1,"2019/09/05 17:30:00",STWF1,0
D,DISPATCH,UNIT_SCADA,1,"2019/09/05 17:30:00",SWAN_E,0
D,DISPATCH,UNIT_SCADA,1,"2019/09/05 17:30:00",TALWA1,414
D,DISPATCH,UNIT_SCADA,1,"2019/09/05 17:30:00",TARALGA1,0
D,DISPATCH,UNIT_SCADA,1,"2019/09/05 17:30:00",TARONG#1,349.100010
D,DISPATCH,UNIT_SCADA,1,"2019/09/05 17:30:00",TARONG#2,0
D,DISPATCH,UNIT_SCADA,1,"2019/09/05 17:30:00",TARONG#3,350.50
D,DISPATCH,UNIT_SCADA,1,"2019/09/05 17:30:00",TARONG#4,349.700010
D,DISPATCH,UNIT_SCADA,1,"2019/09/05 17:30:00",TARRALEA,74.10
D,DISPATCH,UNIT_SCADA,1,"2019/09/05 17:30:00",TBSF1,-0.20
D,DISPATCH,UNIT_SCADA,1,"2019/09/05 17:30:00",TNPS1,379.000030
D,DISPATCH,UNIT_SCADA,1,"2019/09/05 17:30:00",TORRA1,73.779630
D,DISPATCH,UNIT_SCADA,1,"2019/09/05 17:30:00",TORRA2,0
D,DISPATCH,UNIT_SCADA,1,"2019/09/05 17:30:00",TORRA3,0
D,DISPATCH,UNIT_SCADA,1,"2019/09/05 17:30:00",TORRA4,73.8186
D,DISPATCH,UNIT_SCADA,1,"2019/09/05 17:30:00",TORRB1,77.80
D,DISPATCH,UNIT_SCADA,1,"2019/09/05 17:30:00",TORRB2,78.62
D,DISPATCH,UNIT_SCADA,1,"2019/09/05 17:30:00",TORRB3,79.82
D,DISPATCH,UNIT_SCADA,1,"2019/09/05 17:30:00",TORRB4,0
D,DISPATCH,UNIT_SCADA,1,"2019/09/05 17:30:00",TREVALLN,89.820030
D,DISPATCH,UNIT_SCADA,1,"2019/09/05 17:30:00",TRIBUTE,0
D,DISPATCH,UNIT_SCADA,1,"2019/09/05 17:30:00",TUMUT3,283.28
D,DISPATCH,UNIT_SCADA,1,"2019/09/05 17:30:00",TUNGATIN,28.340030
D,DISPATCH,UNIT_SCADA,1,"2019/09/05 17:30:00",TVCC201,0
D,DISPATCH,UNIT_SCADA,1,"2019/09/05 17:30:00",TVPP104,0
D,DISPATCH,UNIT_SCADA,1,"2019/09/05 17:30:00",UPPTUMUT,509.703490
D,DISPATCH,UNIT_SCADA,1,"2019/09/05 17:30:00",URANQ11,155
D,DISPATCH,UNIT_SCADA,1,"2019/09/05 17:30:00",URANQ12,155.862490
D,DISPATCH,UNIT_SCADA,1,"2019/09/05 17:30:00",URANQ13,156.224980
D,DISPATCH,UNIT_SCADA,1,"2019/09/05 17:30:00",URANQ14,0
D,DISPATCH,UNIT_SCADA,1,"2019/09/05 17:30:00",VP5,525.325010
D,DISPATCH,UNIT_SCADA,1,"2019/09/05 17:30:00",VP6,0
D,DISPATCH,UNIT_SCADA,1,"2019/09/05 17:30:00",VPGS1,0
D,DISPATCH,UNIT_SCADA,1,"2019/09/05 17:30:00",VPGS2,0
D,DISPATCH,UNIT_SCADA,1,"2019/09/05 17:30:00",VPGS3,0
D,DISPATCH,UNIT_SCADA,1,"2019/09/05 17:30:00",VPGS4,0
D,DISPATCH,UNIT_SCADA,1,"2019/09/05 17:30:00",VPGS5,0
D,DISPATCH,UNIT_SCADA,1,"2019/09/05 17:30:00",VPGS6,0
D,DISPATCH,UNIT_SCADA,1,"2019/09/05 17:30:00",W/HOE#1,0
D,DISPATCH,UNIT_SCADA,1,"2019/09/05 17:30:00",W/HOE#2,0
D,DISPATCH,UNIT_SCADA,1,"2019/09/05 17:30:00",WATERLWF,105.60
D,DISPATCH,UNIT_SCADA,1,"2019/09/05 17:30:00",WEMENSF1,25.50
D,DISPATCH,UNIT_SCADA,1,"2019/09/05 17:30:00",WGWF1,50.10
D,DISPATCH,UNIT_SCADA,1,"2019/09/05 17:30:00",WHITSF1,7.20
D,DISPATCH,UNIT_SCADA,1,"2019/09/05 17:30:00",WKIEWA1,33.80
D,DISPATCH,UNIT_SCADA,1,"2019/09/05 17:30:00",WKIEWA2,0.10
D,DISPATCH,UNIT_SCADA,1,"2019/09/05 17:30:00",WOODLWN1,0
D,DISPATCH,UNIT_SCADA,1,"2019/09/05 17:30:00",WRSF1,0.34
D,DISPATCH,UNIT_SCADA,1,"2019/09/05 17:30:00",WRWF1,42.946250
D,DISPATCH,UNIT_SCADA,1,"2019/09/05 17:30:00",YABULU,83.160010
D,DISPATCH,UNIT_SCADA,1,"2019/09/05 17:30:00",YABULU2,0
D,DISPATCH,UNIT_SCADA,1,"2019/09/05 17:30:00",YARWUN_1,149.599990
D,DISPATCH,UNIT_SCADA,1,"2019/09/05 17:30:00",YENDWF1,10.82
D,DISPATCH,UNIT_SCADA,1,"2019/09/05 17:30:00",YWPS1,386.465820
D,DISPATCH,UNIT_SCADA,1,"2019/09/05 17:30:00",YWPS2,292.227840
D,DISPATCH,UNIT_SCADA,1,"2019/09/05 17:30:00",YWPS3,335.112670
D,DISPATCH,UNIT_SCADA,1,"2019/09/05 17:30:00",YWPS4,395.520260
C,"END OF REPORT",335
