C,NEMP.WORLD,DISPATCHSCADA,AEMO,PUBLIC,2019/08/19,16:35:07,0000000311752629,DISPATCHSCADA,0000000311752623
I,DISPATCH,UNIT_SCADA,1,SETTLEMENTDATE,DUID,SCADAVALUE
D,DISPATCH,UNIT_SCADA,1,"2019/08/19 16:40:00",BARCSF1,15.300001
D,DISPATCH,UNIT_SCADA,1,"2019/08/19 16:40:00",BUTLERSG,9.699999
D,DISPATCH,UNIT_SCADA,1,"2019/08/19 16:40:00",CALL_A_4,0
D,DISPATCH,UNIT_SCADA,1,"2019/08/19 16:40:00",CAPTL_WF,125.959999
D,DISPATCH,UNIT_SCADA,1,"2019/08/19 16:40:00",CATHROCK,18.279999
D,DISPATCH,UNIT_SCADA,1,"2019/08/19 16:40:00",CHALLHWF,14
D,DISPATCH,UNIT_SCADA,1,"2019/08/19 16:40:00",CLOVER,-0.01
D,DISPATCH,UNIT_SCADA,1,"2019/08/19 16:40:00",CLUNY,17.035019
D,DISPATCH,UNIT_SCADA,1,"2019/08/19 16:40:00",CNUNDAWF,26.931416
D,DISPATCH,UNIT_SCADA,1,"2019/08/19 16:40:00",CULLRGWF,23.809999
D,DISPATCH,UNIT_SCADA,1,"2019/08/19 16:40:00",ERGT01,0
D,DISPATCH,UNIT_SCADA,1,"2019/08/19 16:40:00",GB01,0.069168
D,DISPATCH,UNIT_SCADA,1,"2019/08/19 16:40:00",GERMCRK,33.299999
D,DISPATCH,UNIT_SCADA,1,"2019/08/19 16:40:00",GRIFSF1,18.599998
D,DISPATCH,UNIT_SCADA,1,"2019/08/19 16:40:00",HUGSF1,6.8140
D,DISPATCH,UNIT_SCADA,1,"2019/08/19 16:40:00",LKBONNY1,35.277199
D,DISPATCH,UNIT_SCADA,1,"2019/08/19 16:40:00",LRSF1,11.103001
D,DISPATCH,UNIT_SCADA,1,"2019/08/19 16:40:00",MBAHNTH,57.393753
D,DISPATCH,UNIT_SCADA,1,"2019/08/19 16:40:00",MLSP1,0.704001
D,DISPATCH,UNIT_SCADA,1,"2019/08/19 16:40:00",MLWF1,11.9550
D,DISPATCH,UNIT_SCADA,1,"2019/08/19 16:40:00",MTMILLAR,9.748118
D,DISPATCH,UNIT_SCADA,1,"2019/08/19 16:40:00",PALOONA,24.059999
D,DISPATCH,UNIT_SCADA,1,"2019/08/19 16:40:00",PIONEER,43.100002
D,DISPATCH,UNIT_SCADA,1,"2019/08/19 16:40:00",PORTWF,131.199997
D,DISPATCH,UNIT_SCADA,1,"2019/08/19 16:40:00",REPULSE,29.025711
D,DISPATCH,UNIT_SCADA,1,"2019/08/19 16:40:00",ROWALLAN,9.8264
D,DISPATCH,UNIT_SCADA,1,"2019/08/19 16:40:00",ROYALLA1,1.0770
D,DISPATCH,UNIT_SCADA,1,"2019/08/19 16:40:00",RPCG,-0.90
D,DISPATCH,UNIT_SCADA,1,"2019/08/19 16:40:00",RUBICON,0
D,DISPATCH,UNIT_SCADA,1,"2019/08/19 16:40:00",SATGN1,0
D,DISPATCH,UNIT_SCADA,1,"2019/08/19 16:40:00",SATGS1,0
D,DISPATCH,UNIT_SCADA,1,"2019/08/19 16:40:00",STARHLWF,0.999708
D,DISPATCH,UNIT_SCADA,1,"2019/08/19 16:40:00",WAUBRAWF,109.8750
D,DISPATCH,UNIT_SCADA,1,"2019/08/19 16:40:00",WOOLNTH1,99.790024
D,DISPATCH,UNIT_SCADA,1,"2019/08/19 16:40:00",WPWF,27
D,DISPATCH,UNIT_SCADA,1,"2019/08/19 16:40:00",YAMBUKWF,27.200001
D,DISPATCH,UNIT_SCADA,1,"2019/08/19 16:40:00",YSWF1,27.799999
D,DISPATCH,UNIT_SCADA,1,"2019/08/19 16:40:00",AGLHAL,0
D,DISPATCH,UNIT_SCADA,1,"2019/08/19 16:40:00",AGLSOM,0
D,DISPATCH,UNIT_SCADA,1,"2019/08/19 16:40:00",ANGAST1,0
D,DISPATCH,UNIT_SCADA,1,"2019/08/19 16:40:00",ARWF1,73.70
D,DISPATCH,UNIT_SCADA,1,"2019/08/19 16:40:00",BALBG1,1.69
D,DISPATCH,UNIT_SCADA,1,"2019/08/19 16:40:00",BALBL1,0
D,DISPATCH,UNIT_SCADA,1,"2019/08/19 16:40:00",BALDHWF1,102.92
D,DISPATCH,UNIT_SCADA,1,"2019/08/19 16:40:00",BANN1,17.79
D,DISPATCH,UNIT_SCADA,1,"2019/08/19 16:40:00",BARCALDN,0
D,DISPATCH,UNIT_SCADA,1,"2019/08/19 16:40:00",BARRON-1,0
D,DISPATCH,UNIT_SCADA,1,"2019/08/19 16:40:00",BARRON-2,26.12
D,DISPATCH,UNIT_SCADA,1,"2019/08/19 16:40:00",BASTYAN,80.960010
D,DISPATCH,UNIT_SCADA,1,"2019/08/19 16:40:00",BBTHREE1,0
D,DISPATCH,UNIT_SCADA,1,"2019/08/19 16:40:00",BBTHREE2,0
D,DISPATCH,UNIT_SCADA,1,"2019/08/19 16:40:00",BBTHREE3,0
D,DISPATCH,UNIT_SCADA,1,"2019/08/19 16:40:00",BDL01,0
D,DISPATCH,UNIT_SCADA,1,"2019/08/19 16:40:00",BDL02,0
D,DISPATCH,UNIT_SCADA,1,"2019/08/19 16:40:00",BERYLSF1,25.352350
D,DISPATCH,UNIT_SCADA,1,"2019/08/19 16:40:00",BLOWERNG,0
D,DISPATCH,UNIT_SCADA,1,"2019/08/19 16:40:00",BLUFF1,29.60
D,DISPATCH,UNIT_SCADA,1,"2019/08/19 16:40:00",BNGSF1,89.40
D,DISPATCH,UNIT_SCADA,1,"2019/08/19 16:40:00",BNGSF2,22.12
D,DISPATCH,UNIT_SCADA,1,"2019/08/19 16:40:00",BOCORWF1,110.84
D,DISPATCH,UNIT_SCADA,1,"2019/08/19 16:40:00",BODWF1,108.089260
D,DISPATCH,UNIT_SCADA,1,"2019/08/19 16:40:00",BRAEMAR1,0
D,DISPATCH,UNIT_SCADA,1,"2019/08/19 16:40:00",BRAEMAR2,0
D,DISPATCH,UNIT_SCADA,1,"2019/08/19 16:40:00",BRAEMAR3,0
D,DISPATCH,UNIT_SCADA,1,"2019/08/19 16:40:00",BRAEMAR5,0
D,DISPATCH,UNIT_SCADA,1,"2019/08/19 16:40:00",BRAEMAR6,0
D,DISPATCH,UNIT_SCADA,1,"2019/08/19 16:40:00",BRAEMAR7,0
D,DISPATCH,UNIT_SCADA,1,"2019/08/19 16:40:00",BROKENH1,14.028560
D,DISPATCH,UNIT_SCADA,1,"2019/08/19 16:40:00",BW01,656.925050
D,DISPATCH,UNIT_SCADA,1,"2019/08/19 16:40:00",BW02,657.75
D,DISPATCH,UNIT_SCADA,1,"2019/08/19 16:40:00",BW03,624.300050
D,DISPATCH,UNIT_SCADA,1,"2019/08/19 16:40:00",BW04,0
D,DISPATCH,UNIT_SCADA,1,"2019/08/19 16:40:00",CALL_B_1,347.600010
D,DISPATCH,UNIT_SCADA,1,"2019/08/19 16:40:00",CALL_B_2,280.700010
D,DISPATCH,UNIT_SCADA,1,"2019/08/19 16:40:00",CETHANA,80.521380
D,DISPATCH,UNIT_SCADA,1,"2019/08/19 16:40:00",CG1,0
D,DISPATCH,UNIT_SCADA,1,"2019/08/19 16:40:00",CG2,0
D,DISPATCH,UNIT_SCADA,1,"2019/08/19 16:40:00",CG3,0
D,DISPATCH,UNIT_SCADA,1,"2019/08/19 16:40:00",CG4,0
D,DISPATCH,UNIT_SCADA,1,"2019/08/19 16:40:00",CHILDSF1,15.23
D,DISPATCH,UNIT_SCADA,1,"2019/08/19 16:40:00",CLARESF1,31.186940
D,DISPATCH,UNIT_SCADA,1,"2019/08/19 16:40:00",CLEMGPWF,5.042450
D,DISPATCH,UNIT_SCADA,1,"2019/08/19 16:40:00",CLERMSF1,14.97
D,DISPATCH,UNIT_SCADA,1,"2019/08/19 16:40:00",COLEASF1,8.199990
D,DISPATCH,UNIT_SCADA,1,"2019/08/19 16:40:00",COOPGWF1,33.917590
D,DISPATCH,UNIT_SCADA,1,"2019/08/19 16:40:00",CPP_3,407
D,DISPATCH,UNIT_SCADA,1,"2019/08/19 16:40:00",CPP_4,407.550020
D,DISPATCH,UNIT_SCADA,1,"2019/08/19 16:40:00",CPSA,143.03
D,DISPATCH,UNIT_SCADA,1,"2019/08/19 16:40:00",CROOKWF2,80.293750
D,DISPATCH,UNIT_SCADA,1,"2019/08/19 16:40:00",CROWLWF1,15.769090
D,DISPATCH,UNIT_SCADA,1,"2019/08/19 16:40:00",CSPVPS1,12.9570
D,DISPATCH,UNIT_SCADA,1,"2019/08/19 16:40:00",DALNTH01,0
D,DISPATCH,UNIT_SCADA,1,"2019/08/19 16:40:00",DALNTHL1,0.050350
D,DISPATCH,UNIT_SCADA,1,"2019/08/19 16:40:00",DARTM1,134.70
D,DISPATCH,UNIT_SCADA,1,"2019/08/19 16:40:00",DAYDSF1,88.1890
D,DISPATCH,UNIT_SCADA,1,"2019/08/19 16:40:00",DDPS1,275.617610
D,DISPATCH,UNIT_SCADA,1,"2019/08/19 16:40:00",DDSF1,26.290180
D,DISPATCH,UNIT_SCADA,1,"2019/08/19 16:40:00",DEVILS_G,0
D,DISPATCH,UNIT_SCADA,1,"2019/08/19 16:40:00",DG_NSW1,0
D,DISPATCH,UNIT_SCADA,1,"2019/08/19 16:40:00",DG_QLD1,0
D,DISPATCH,UNIT_SCADA,1,"2019/08/19 16:40:00",DG_SA1,0
D,DISPATCH,UNIT_SCADA,1,"2019/08/19 16:40:00",DG_TAS1,0
D,DISPATCH,UNIT_SCADA,1,"2019/08/19 16:40:00",DG_VIC1,0
D,DISPATCH,UNIT_SCADA,1,"2019/08/19 16:40:00",DRYCGT1,0
D,DISPATCH,UNIT_SCADA,1,"2019/08/19 16:40:00",DRYCGT2,0
D,DISPATCH,UNIT_SCADA,1,"2019/08/19 16:40:00",DRYCGT3,0
D,DISPATCH,UNIT_SCADA,1,"2019/08/19 16:40:00",EILDON1,0
D,DISPATCH,UNIT_SCADA,1,"2019/08/19 16:40:00",EILDON2,0
D,DISPATCH,UNIT_SCADA,1,"2019/08/19 16:40:00",EMERASF1,34.05
D,DISPATCH,UNIT_SCADA,1,"2019/08/19 16:40:00",ER01,512.150020
D,DISPATCH,UNIT_SCADA,1,"2019/08/19 16:40:00",ER02,520.675050
D,DISPATCH,UNIT_SCADA,1,"2019/08/19 16:40:00",ER03,514.1250
D,DISPATCH,UNIT_SCADA,1,"2019/08/19 16:40:00",ER04,513.175050
D,DISPATCH,UNIT_SCADA,1,"2019/08/19 16:40:00",FINLYSF1,0.793130
D,DISPATCH,UNIT_SCADA,1,"2019/08/19 16:40:00",FISHER,45.93
D,DISPATCH,UNIT_SCADA,1,"2019/08/19 16:40:00",GANNBG1,0.183260
D,DISPATCH,UNIT_SCADA,1,"2019/08/19 16:40:00",GANNBL1,0
D,DISPATCH,UNIT_SCADA,1,"2019/08/19 16:40:00",GANNSF1,25.30
D,DISPATCH,UNIT_SCADA,1,"2019/08/19 16:40:00",GORDON,83.607440
D,DISPATCH,UNIT_SCADA,1,"2019/08/19 16:40:00",GSTONE1,167.8250
D,DISPATCH,UNIT_SCADA,1,"2019/08/19 16:40:00",GSTONE2,170.099990
D,DISPATCH,UNIT_SCADA,1,"2019/08/19 16:40:00",GSTONE3,174.1250
D,DISPATCH,UNIT_SCADA,1,"2019/08/19 16:40:00",GSTONE4,148.399990
D,DISPATCH,UNIT_SCADA,1,"2019/08/19 16:40:00",GSTONE5,166.774990
D,DISPATCH,UNIT_SCADA,1,"2019/08/19 16:40:00",GSTONE6,0
D,DISPATCH,UNIT_SCADA,1,"2019/08/19 16:40:00",GULLRSF1,1.945530
D,DISPATCH,UNIT_SCADA,1,"2019/08/19 16:40:00",GULLRWF1,134.8157
D,DISPATCH,UNIT_SCADA,1,"2019/08/19 16:40:00",GUNNING1,39.872160
D,DISPATCH,UNIT_SCADA,1,"2019/08/19 16:40:00",GUTHEGA,30.80
D,DISPATCH,UNIT_SCADA,1,"2019/08/19 16:40:00",HALLWF1,49.54
D,DISPATCH,UNIT_SCADA,1,"2019/08/19 16:40:00",HALLWF2,43.18
D,DISPATCH,UNIT_SCADA,1,"2019/08/19 16:40:00",HAMISF1,33.60
D,DISPATCH,UNIT_SCADA,1,"2019/08/19 16:40:00",HAUGHT11,49.948670
D,DISPATCH,UNIT_SCADA,1,"2019/08/19 16:40:00",HAYMSF1,30.4190
D,DISPATCH,UNIT_SCADA,1,"2019/08/19 16:40:00",HDWF1,28.70
D,DISPATCH,UNIT_SCADA,1,"2019/08/19 16:40:00",HDWF2,24.10
D,DISPATCH,UNIT_SCADA,1,"2019/08/19 16:40:00",HDWF3,28.20
D,DISPATCH,UNIT_SCADA,1,"2019/08/19 16:40:00",HPRG1,18.70
D,DISPATCH,UNIT_SCADA,1,"2019/08/19 16:40:00",HPRL1,0
D,DISPATCH,UNIT_SCADA,1,"2019/08/19 16:40:00",HUMENSW,0
D,DISPATCH,UNIT_SCADA,1,"2019/08/19 16:40:00",HUMEV,9.20
D,DISPATCH,UNIT_SCADA,1,"2019/08/19 16:40:00",HVGTS,0
D,DISPATCH,UNIT_SCADA,1,"2019/08/19 16:40:00",JBUTTERS,138.989990
D,DISPATCH,UNIT_SCADA,1,"2019/08/19 16:40:00",JLA01,0.50
D,DISPATCH,UNIT_SCADA,1,"2019/08/19 16:40:00",JLA02,0
D,DISPATCH,UNIT_SCADA,1,"2019/08/19 16:40:00",JLA03,0.10
D,DISPATCH,UNIT_SCADA,1,"2019/08/19 16:40:00",JLA04,0.10
D,DISPATCH,UNIT_SCADA,1,"2019/08/19 16:40:00",JLB01,0
D,DISPATCH,UNIT_SCADA,1,"2019/08/19 16:40:00",JLB02,0.10
D,DISPATCH,UNIT_SCADA,1,"2019/08/19 16:40:00",JLB03,0
D,DISPATCH,UNIT_SCADA,1,"2019/08/19 16:40:00",KAREEYA1,21.5150
D,DISPATCH,UNIT_SCADA,1,"2019/08/19 16:40:00",KAREEYA2,21.6875
D,DISPATCH,UNIT_SCADA,1,"2019/08/19 16:40:00",KAREEYA3,0
D,DISPATCH,UNIT_SCADA,1,"2019/08/19 16:40:00",KAREEYA4,21.5775
D,DISPATCH,UNIT_SCADA,1,"2019/08/19 16:40:00",KARSF1,45.50
D,DISPATCH,UNIT_SCADA,1,"2019/08/19 16:40:00",KIATAWF1,21.60
D,DISPATCH,UNIT_SCADA,1,"2019/08/19 16:40:00",KPP_1,0
D,DISPATCH,UNIT_SCADA,1,"2019/08/19 16:40:00",KSP1,39.31
D,DISPATCH,UNIT_SCADA,1,"2019/08/19 16:40:00",LADBROK1,0
D,DISPATCH,UNIT_SCADA,1,"2019/08/19 16:40:00",LADBROK2,0
D,DISPATCH,UNIT_SCADA,1,"2019/08/19 16:40:00",LD01,401.606230
D,DISPATCH,UNIT_SCADA,1,"2019/08/19 16:40:00",LD02,413.6250
D,DISPATCH,UNIT_SCADA,1,"2019/08/19 16:40:00",LD03,404.887570
D,DISPATCH,UNIT_SCADA,1,"2019/08/19 16:40:00",LD04,377.043730
D,DISPATCH,UNIT_SCADA,1,"2019/08/19 16:40:00",LEM_WIL,75.888450
D,DISPATCH,UNIT_SCADA,1,"2019/08/19 16:40:00",LGAPWF1,6.91
D,DISPATCH,UNIT_SCADA,1,"2019/08/19 16:40:00",LILYSF1,48.496640
D,DISPATCH,UNIT_SCADA,1,"2019/08/19 16:40:00",LI_WY_CA,147.613310
D,DISPATCH,UNIT_SCADA,1,"2019/08/19 16:40:00",LKBONNY2,93.148990
D,DISPATCH,UNIT_SCADA,1,"2019/08/19 16:40:00",LKBONNY3,24.617510
D,DISPATCH,UNIT_SCADA,1,"2019/08/19 16:40:00",LK_ECHO,0
D,DISPATCH,UNIT_SCADA,1,"2019/08/19 16:40:00",LNGS1,0
D,DISPATCH,UNIT_SCADA,1,"2019/08/19 16:40:00",LNGS2,0
D,DISPATCH,UNIT_SCADA,1,"2019/08/19 16:40:00",LONSDALE,0
D,DISPATCH,UNIT_SCADA,1,"2019/08/19 16:40:00",LOYYB1,531.201290
D,DISPATCH,UNIT_SCADA,1,"2019/08/19 16:40:00",LOYYB2,582.330380
D,DISPATCH,UNIT_SCADA,1,"2019/08/19 16:40:00",LYA1,559
D,DISPATCH,UNIT_SCADA,1,"2019/08/19 16:40:00",LYA2,0
D,DISPATCH,UNIT_SCADA,1,"2019/08/19 16:40:00",LYA3,561
D,DISPATCH,UNIT_SCADA,1,"2019/08/19 16:40:00",LYA4,541
D,DISPATCH,UNIT_SCADA,1,"2019/08/19 16:40:00",MACARTH1,191.495570
D,DISPATCH,UNIT_SCADA,1,"2019/08/19 16:40:00",MACKAYGT,0
D,DISPATCH,UNIT_SCADA,1,"2019/08/19 16:40:00",MACKNTSH,85.13
D,DISPATCH,UNIT_SCADA,1,"2019/08/19 16:40:00",MANSLR1,8.4610
D,DISPATCH,UNIT_SCADA,1,"2019/08/19 16:40:00",MCKAY1,0.02
D,DISPATCH,UNIT_SCADA,1,"2019/08/19 16:40:00",MEADOWBK,34.353160
D,DISPATCH,UNIT_SCADA,1,"2019/08/19 16:40:00",MERCER01,72.9230
D,DISPATCH,UNIT_SCADA,1,"2019/08/19 16:40:00",MEWF1,32.221180
D,DISPATCH,UNIT_SCADA,1,"2019/08/19 16:40:00",MINTARO,0
D,DISPATCH,UNIT_SCADA,1,"2019/08/19 16:40:00",MOREESF1,28.6780
D,DISPATCH,UNIT_SCADA,1,"2019/08/19 16:40:00",MORTLK11,149
D,DISPATCH,UNIT_SCADA,1,"2019/08/19 16:40:00",MORTLK12,0
D,DISPATCH,UNIT_SCADA,1,"2019/08/19 16:40:00",MP1,368.724980
D,DISPATCH,UNIT_SCADA,1,"2019/08/19 16:40:00",MP2,0
D,DISPATCH,UNIT_SCADA,1,"2019/08/19 16:40:00",MPP_1,419.75
D,DISPATCH,UNIT_SCADA,1,"2019/08/19 16:40:00",MPP_2,435.75
D,DISPATCH,UNIT_SCADA,1,"2019/08/19 16:40:00",MSTUART1,0
D,DISPATCH,UNIT_SCADA,1,"2019/08/19 16:40:00",MSTUART2,0
D,DISPATCH,UNIT_SCADA,1,"2019/08/19 16:40:00",MSTUART3,0
D,DISPATCH,UNIT_SCADA,1,"2019/08/19 16:40:00",MTGELWF1,64.526810
D,DISPATCH,UNIT_SCADA,1,"2019/08/19 16:40:00",MURRAY,0
D,DISPATCH,UNIT_SCADA,1,"2019/08/19 16:40:00",MUSSELR1,165.600010
D,DISPATCH,UNIT_SCADA,1,"2019/08/19 16:40:00",MUWAWF1,48.22
D,DISPATCH,UNIT_SCADA,1,"2019/08/19 16:40:00",NBHWF1,66.80
D,DISPATCH,UNIT_SCADA,1,"2019/08/19 16:40:00",NPS,321.3750
D,DISPATCH,UNIT_SCADA,1,"2019/08/19 16:40:00",NUMURSF1,46.36
D,DISPATCH,UNIT_SCADA,1,"2019/08/19 16:40:00",NYNGAN1,33.50
D,DISPATCH,UNIT_SCADA,1,"2019/08/19 16:40:00",OAKEY1,0
D,DISPATCH,UNIT_SCADA,1,"2019/08/19 16:40:00",OAKEY1SF,8.8550
D,DISPATCH,UNIT_SCADA,1,"2019/08/19 16:40:00",OAKEY2,0
D,DISPATCH,UNIT_SCADA,1,"2019/08/19 16:40:00",OAKLAND1,26
D,DISPATCH,UNIT_SCADA,1,"2019/08/19 16:40:00",OSB-AG,87.88
D,DISPATCH,UNIT_SCADA,1,"2019/08/19 16:40:00",PARSF1,10.70
D,DISPATCH,UNIT_SCADA,1,"2019/08/19 16:40:00",POAT110,42.191520
D,DISPATCH,UNIT_SCADA,1,"2019/08/19 16:40:00",POAT220,88.177840
D,DISPATCH,UNIT_SCADA,1,"2019/08/19 16:40:00",POR01,0
D,DISPATCH,UNIT_SCADA,1,"2019/08/19 16:40:00",POR03,0
D,DISPATCH,UNIT_SCADA,1,"2019/08/19 16:40:00",PPCCGT,417.834320
D,DISPATCH,UNIT_SCADA,1,"2019/08/19 16:40:00",PTSTAN1,0
D,DISPATCH,UNIT_SCADA,1,"2019/08/19 16:40:00",PUMP1,0
D,DISPATCH,UNIT_SCADA,1,"2019/08/19 16:40:00",PUMP2,0
D,DISPATCH,UNIT_SCADA,1,"2019/08/19 16:40:00",QPS1,0
D,DISPATCH,UNIT_SCADA,1,"2019/08/19 16:40:00",QPS2,0
D,DISPATCH,UNIT_SCADA,1,"2019/08/19 16:40:00",QPS3,0
D,DISPATCH,UNIT_SCADA,1,"2019/08/19 16:40:00",QPS4,0
D,DISPATCH,UNIT_SCADA,1,"2019/08/19 16:40:00",QPS5,0
D,DISPATCH,UNIT_SCADA,1,"2019/08/19 16:40:00",REECE1,113.780010
D,DISPATCH,UNIT_SCADA,1,"2019/08/19 16:40:00",REECE2,114.180010
D,DISPATCH,UNIT_SCADA,1,"2019/08/19 16:40:00",ROMA_7,0
D,DISPATCH,UNIT_SCADA,1,"2019/08/19 16:40:00",ROMA_8,0
D,DISPATCH,UNIT_SCADA,1,"2019/08/19 16:40:00",RRSF1,57.150810
D,DISPATCH,UNIT_SCADA,1,"2019/08/19 16:40:00",RT_NSW1,0
D,DISPATCH,UNIT_SCADA,1,"2019/08/19 16:40:00",RT_NSW2,0
D,DISPATCH,UNIT_SCADA,1,"2019/08/19 16:40:00",RT_NSW3,0
D,DISPATCH,UNIT_SCADA,1,"2019/08/19 16:40:00",RT_NSW4,0
D,DISPATCH,UNIT_SCADA,1,"2019/08/19 16:40:00",RT_NSW5,0
D,DISPATCH,UNIT_SCADA,1,"2019/08/19 16:40:00",RT_NSW6,0
D,DISPATCH,UNIT_SCADA,1,"2019/08/19 16:40:00",RT_QLD1,0
D,DISPATCH,UNIT_SCADA,1,"2019/08/19 16:40:00",RT_SA1,0
D,DISPATCH,UNIT_SCADA,1,"2019/08/19 16:40:00",RT_SA2,0
D,DISPATCH,UNIT_SCADA,1,"2019/08/19 16:40:00",RT_SA3,0
D,DISPATCH,UNIT_SCADA,1,"2019/08/19 16:40:00",RT_SA4,0
D,DISPATCH,UNIT_SCADA,1,"2019/08/19 16:40:00",RT_SA5,0
D,DISPATCH,UNIT_SCADA,1,"2019/08/19 16:40:00",RT_SA6,0
D,DISPATCH,UNIT_SCADA,1,"2019/08/19 16:40:00",RT_TAS1,0
D,DISPATCH,UNIT_SCADA,1,"2019/08/19 16:40:00",RT_VIC1,0
D,DISPATCH,UNIT_SCADA,1,"2019/08/19 16:40:00",RT_VIC10,0
D,DISPATCH,UNIT_SCADA,1,"2019/08/19 16:40:00",RT_VIC11,0
D,DISPATCH,UNIT_SCADA,1,"2019/08/19 16:40:00",RT_VIC12,0
D,DISPATCH,UNIT_SCADA,1,"2019/08/19 16:40:00",RT_VIC2,0
D,DISPATCH,UNIT_SCADA,1,"2019/08/19 16:40:00",RT_VIC3,0
D,DISPATCH,UNIT_SCADA,1,"2019/08/19 16:40:00",RT_VIC4,0
D,DISPATCH,UNIT_SCADA,1,"2019/08/19 16:40:00",RT_VIC5,0
D,DISPATCH,UNIT_SCADA,1,"2019/08/19 16:40:00",RT_VIC6,0
D,DISPATCH,UNIT_SCADA,1,"2019/08/19 16:40:00",RT_VIC7,0
D,DISPATCH,UNIT_SCADA,1,"2019/08/19 16:40:00",RT_VIC8,0
D,DISPATCH,UNIT_SCADA,1,"2019/08/19 16:40:00",RT_VIC9,0
D,DISPATCH,UNIT_SCADA,1,"2019/08/19 16:40:00",RUGBYR1,45.010940
D,DISPATCH,UNIT_SCADA,1,"2019/08/19 16:40:00",SALTCRK1,22.22
D,DISPATCH,UNIT_SCADA,1,"2019/08/19 16:40:00",SAPHWF1,197.353120
D,DISPATCH,UNIT_SCADA,1,"2019/08/19 16:40:00",SHGEN,0
D,DISPATCH,UNIT_SCADA,1,"2019/08/19 16:40:00",SHPUMP,0
D,DISPATCH,UNIT_SCADA,1,"2019/08/19 16:40:00",SITHE01,0.005650
D,DISPATCH,UNIT_SCADA,1,"2019/08/19 16:40:00",SMCSF1,31.973190
D,DISPATCH,UNIT_SCADA,1,"2019/08/19 16:40:00",SNOWNTH1,23.70
D,DISPATCH,UNIT_SCADA,1,"2019/08/19 16:40:00",SNOWSTH1,41.30
D,DISPATCH,UNIT_SCADA,1,"2019/08/19 16:40:00",SNOWTWN1,22.140090
D,DISPATCH,UNIT_SCADA,1,"2019/08/19 16:40:00",SNOWYP,0
D,DISPATCH,UNIT_SCADA,1,"2019/08/19 16:40:00",SNUG1,0.019440
D,DISPATCH,UNIT_SCADA,1,"2019/08/19 16:40:00",SRSF1,17.30
D,DISPATCH,UNIT_SCADA,1,"2019/08/19 16:40:00",STAN-1,0
D,DISPATCH,UNIT_SCADA,1,"2019/08/19 16:40:00",STAN-2,283.901460
D,DISPATCH,UNIT_SCADA,1,"2019/08/19 16:40:00",STAN-3,288.669680
D,DISPATCH,UNIT_SCADA,1,"2019/08/19 16:40:00",STAN-4,285.131960
D,DISPATCH,UNIT_SCADA,1,"2019/08/19 16:40:00",STWF1,16.177490
D,DISPATCH,UNIT_SCADA,1,"2019/08/19 16:40:00",SWAN_E,0
D,DISPATCH,UNIT_SCADA,1,"2019/08/19 16:40:00",TALWA1,370
D,DISPATCH,UNIT_SCADA,1,"2019/08/19 16:40:00",TARALGA1,101.328740
D,DISPATCH,UNIT_SCADA,1,"2019/08/19 16:40:00",TARONG#1,330.700010
D,DISPATCH,UNIT_SCADA,1,"2019/08/19 16:40:00",TARONG#2,328
D,DISPATCH,UNIT_SCADA,1,"2019/08/19 16:40:00",TARONG#3,259.399990
D,DISPATCH,UNIT_SCADA,1,"2019/08/19 16:40:00",TARONG#4,313.899990
D,DISPATCH,UNIT_SCADA,1,"2019/08/19 16:40:00",TARRALEA,78.80
D,DISPATCH,UNIT_SCADA,1,"2019/08/19 16:40:00",TBSF1,51.60
D,DISPATCH,UNIT_SCADA,1,"2019/08/19 16:40:00",TNPS1,442.000030
D,DISPATCH,UNIT_SCADA,1,"2019/08/19 16:40:00",TORRA1,53.700370
D,DISPATCH,UNIT_SCADA,1,"2019/08/19 16:40:00",TORRA2,0
D,DISPATCH,UNIT_SCADA,1,"2019/08/19 16:40:00",TORRA3,42.675650
D,DISPATCH,UNIT_SCADA,1,"2019/08/19 16:40:00",TORRA4,0
D,DISPATCH,UNIT_SCADA,1,"2019/08/19 16:40:00",TORRB1,58.62
D,DISPATCH,UNIT_SCADA,1,"2019/08/19 16:40:00",TORRB2,60.59
D,DISPATCH,UNIT_SCADA,1,"2019/08/19 16:40:00",TORRB3,0
D,DISPATCH,UNIT_SCADA,1,"2019/08/19 16:40:00",TORRB4,0
D,DISPATCH,UNIT_SCADA,1,"2019/08/19 16:40:00",TREVALLN,39.840020
D,DISPATCH,UNIT_SCADA,1,"2019/08/19 16:40:00",TRIBUTE,84
D,DISPATCH,UNIT_SCADA,1,"2019/08/19 16:40:00",TUMUT3,284.47
D,DISPATCH,UNIT_SCADA,1,"2019/08/19 16:40:00",TUNGATIN,122.350030
D,DISPATCH,UNIT_SCADA,1,"2019/08/19 16:40:00",TVCC201,0
D,DISPATCH,UNIT_SCADA,1,"2019/08/19 16:40:00",TVPP104,0
D,DISPATCH,UNIT_SCADA,1,"2019/08/19 16:40:00",UPPTUMUT,0
D,DISPATCH,UNIT_SCADA,1,"2019/08/19 16:40:00",URANQ11,0
D,DISPATCH,UNIT_SCADA,1,"2019/08/19 16:40:00",URANQ12,0
D,DISPATCH,UNIT_SCADA,1,"2019/08/19 16:40:00",URANQ13,0
D,DISPATCH,UNIT_SCADA,1,"2019/08/19 16:40:00",URANQ14,0
D,DISPATCH,UNIT_SCADA,1,"2019/08/19 16:40:00",VP5,483.099980
D,DISPATCH,UNIT_SCADA,1,"2019/08/19 16:40:00",VP6,446.925020
D,DISPATCH,UNIT_SCADA,1,"2019/08/19 16:40:00",VPGS1,0
D,DISPATCH,UNIT_SCADA,1,"2019/08/19 16:40:00",VPGS2,0
D,DISPATCH,UNIT_SCADA,1,"2019/08/19 16:40:00",VPGS3,0
D,DISPATCH,UNIT_SCADA,1,"2019/08/19 16:40:00",VPGS4,0
D,DISPATCH,UNIT_SCADA,1,"2019/08/19 16:40:00",VPGS5,0
D,DISPATCH,UNIT_SCADA,1,"2019/08/19 16:40:00",VPGS6,0
D,DISPATCH,UNIT_SCADA,1,"2019/08/19 16:40:00",W/HOE#1,0
D,DISPATCH,UNIT_SCADA,1,"2019/08/19 16:40:00",W/HOE#2,0
D,DISPATCH,UNIT_SCADA,1,"2019/08/19 16:40:00",WATERLWF,66.40
D,DISPATCH,UNIT_SCADA,1,"2019/08/19 16:40:00",WEMENSF1,67.60
D,DISPATCH,UNIT_SCADA,1,"2019/08/19 16:40:00",WGWF1,66.90
D,DISPATCH,UNIT_SCADA,1,"2019/08/19 16:40:00",WHITSF1,31.80
D,DISPATCH,UNIT_SCADA,1,"2019/08/19 16:40:00",WKIEWA1,0
D,DISPATCH,UNIT_SCADA,1,"2019/08/19 16:40:00",WKIEWA2,0.10
D,DISPATCH,UNIT_SCADA,1,"2019/08/19 16:40:00",WOODLWN1,44.8110
D,DISPATCH,UNIT_SCADA,1,"2019/08/19 16:40:00",WRSF1,4.62
D,DISPATCH,UNIT_SCADA,1,"2019/08/19 16:40:00",WRWF1,140.102490
D,DISPATCH,UNIT_SCADA,1,"2019/08/19 16:40:00",YABULU,0
D,DISPATCH,UNIT_SCADA,1,"2019/08/19 16:40:00",YABULU2,0
D,DISPATCH,UNIT_SCADA,1,"2019/08/19 16:40:00",YARWUN_1,0
D,DISPATCH,UNIT_SCADA,1,"2019/08/19 16:40:00",YENDWF1,42.04
D,DISPATCH,UNIT_SCADA,1,"2019/08/19 16:40:00",YWPS1,379.448090
D,DISPATCH,UNIT_SCADA,1,"2019/08/19 16:40:00",YWPS2,274.934170
D,DISPATCH,UNIT_SCADA,1,"2019/08/19 16:40:00",YWPS3,0
D,DISPATCH,UNIT_SCADA,1,"2019/08/19 16:40:00",YWPS4,400.036710
C,"END OF REPORT",334
