C,NEMP.WORLD,DISPATCHSCADA,AEMO,PUBLIC,2019/08/22,03:25:09,0000000311851039,DISPATCHSCADA,0000000311851033
I,DISPATCH,UNIT_SCADA,1,SETTLEMENTDATE,DUID,SCADAVALUE
D,DISPATCH,UNIT_SCADA,1,"2019/08/22 03:30:00",BARCSF1,0.70
D,DISPATCH,UNIT_SCADA,1,"2019/08/22 03:30:00",BUTLERSG,9.699999
D,DISPATCH,UNIT_SCADA,1,"2019/08/22 03:30:00",CALL_A_4,0
D,DISPATCH,UNIT_SCADA,1,"2019/08/22 03:30:00",CAPTL_WF,125.240005
D,DISPATCH,UNIT_SCADA,1,"2019/08/22 03:30:00",CATHROCK,13.239999
D,DISPATCH,UNIT_SCADA,1,"2019/08/22 03:30:00",CHALLHWF,41.299999
D,DISPATCH,UNIT_SCADA,1,"2019/08/22 03:30:00",CLOVER,-0.02
D,DISPATCH,UNIT_SCADA,1,"2019/08/22 03:30:00",CLUNY,19.944611
D,DISPATCH,UNIT_SCADA,1,"2019/08/22 03:30:00",CNUNDAWF,39.045547
D,DISPATCH,UNIT_SCADA,1,"2019/08/22 03:30:00",CULLRGWF,22.209999
D,DISPATCH,UNIT_SCADA,1,"2019/08/22 03:30:00",ERGT01,0
D,DISPATCH,UNIT_SCADA,1,"2019/08/22 03:30:00",GB01,0.065262
D,DISPATCH,UNIT_SCADA,1,"2019/08/22 03:30:00",GERMCRK,39.50
D,DISPATCH,UNIT_SCADA,1,"2019/08/22 03:30:00",GRIFSF1,0
D,DISPATCH,UNIT_SCADA,1,"2019/08/22 03:30:00",HUGSF1,-0.2430
D,DISPATCH,UNIT_SCADA,1,"2019/08/22 03:30:00",LKBONNY1,65.910309
D,DISPATCH,UNIT_SCADA,1,"2019/08/22 03:30:00",LRSF1,0.0390
D,DISPATCH,UNIT_SCADA,1,"2019/08/22 03:30:00",MBAHNTH,56.025009
D,DISPATCH,UNIT_SCADA,1,"2019/08/22 03:30:00",MLSP1,0.271001
D,DISPATCH,UNIT_SCADA,1,"2019/08/22 03:30:00",MLWF1,19.709999
D,DISPATCH,UNIT_SCADA,1,"2019/08/22 03:30:00",MTMILLAR,14.011990
D,DISPATCH,UNIT_SCADA,1,"2019/08/22 03:30:00",PALOONA,8.16
D,DISPATCH,UNIT_SCADA,1,"2019/08/22 03:30:00",PIONEER,46.100002
D,DISPATCH,UNIT_SCADA,1,"2019/08/22 03:30:00",PORTWF,132.899994
D,DISPATCH,UNIT_SCADA,1,"2019/08/22 03:30:00",REPULSE,0.000610
D,DISPATCH,UNIT_SCADA,1,"2019/08/22 03:30:00",ROWALLAN,10.3447
D,DISPATCH,UNIT_SCADA,1,"2019/08/22 03:30:00",ROYALLA1,0
D,DISPATCH,UNIT_SCADA,1,"2019/08/22 03:30:00",RPCG,11.90
D,DISPATCH,UNIT_SCADA,1,"2019/08/22 03:30:00",RUBICON,0
D,DISPATCH,UNIT_SCADA,1,"2019/08/22 03:30:00",SATGN1,0
D,DISPATCH,UNIT_SCADA,1,"2019/08/22 03:30:00",SATGS1,0
D,DISPATCH,UNIT_SCADA,1,"2019/08/22 03:30:00",STARHLWF,5.398426
D,DISPATCH,UNIT_SCADA,1,"2019/08/22 03:30:00",WAUBRAWF,170.087006
D,DISPATCH,UNIT_SCADA,1,"2019/08/22 03:30:00",WOOLNTH1,95.650024
D,DISPATCH,UNIT_SCADA,1,"2019/08/22 03:30:00",WPWF,28
D,DISPATCH,UNIT_SCADA,1,"2019/08/22 03:30:00",YAMBUKWF,27.200001
D,DISPATCH,UNIT_SCADA,1,"2019/08/22 03:30:00",YSWF1,28.40
D,DISPATCH,UNIT_SCADA,1,"2019/08/22 03:30:00",AGLHAL,0
D,DISPATCH,UNIT_SCADA,1,"2019/08/22 03:30:00",AGLSOM,0
D,DISPATCH,UNIT_SCADA,1,"2019/08/22 03:30:00",ANGAST1,0
D,DISPATCH,UNIT_SCADA,1,"2019/08/22 03:30:00",ARWF1,217.100010
D,DISPATCH,UNIT_SCADA,1,"2019/08/22 03:30:00",BALBG1,0
D,DISPATCH,UNIT_SCADA,1,"2019/08/22 03:30:00",BALBL1,12.24
D,DISPATCH,UNIT_SCADA,1,"2019/08/22 03:30:00",BALDHWF1,99.498990
D,DISPATCH,UNIT_SCADA,1,"2019/08/22 03:30:00",BANN1,0
D,DISPATCH,UNIT_SCADA,1,"2019/08/22 03:30:00",BARCALDN,0
D,DISPATCH,UNIT_SCADA,1,"2019/08/22 03:30:00",BARRON-1,0
D,DISPATCH,UNIT_SCADA,1,"2019/08/22 03:30:00",BARRON-2,25.52
D,DISPATCH,UNIT_SCADA,1,"2019/08/22 03:30:00",BASTYAN,78.26
D,DISPATCH,UNIT_SCADA,1,"2019/08/22 03:30:00",BBTHREE1,-1.89
D,DISPATCH,UNIT_SCADA,1,"2019/08/22 03:30:00",BBTHREE2,-1.93
D,DISPATCH,UNIT_SCADA,1,"2019/08/22 03:30:00",BBTHREE3,-1
D,DISPATCH,UNIT_SCADA,1,"2019/08/22 03:30:00",BDL01,0
D,DISPATCH,UNIT_SCADA,1,"2019/08/22 03:30:00",BDL02,0
D,DISPATCH,UNIT_SCADA,1,"2019/08/22 03:30:00",BERYLSF1,0
D,DISPATCH,UNIT_SCADA,1,"2019/08/22 03:30:00",BLOWERNG,0
D,DISPATCH,UNIT_SCADA,1,"2019/08/22 03:30:00",BLUFF1,30.40
D,DISPATCH,UNIT_SCADA,1,"2019/08/22 03:30:00",BNGSF1,0
D,DISPATCH,UNIT_SCADA,1,"2019/08/22 03:30:00",BNGSF2,0
D,DISPATCH,UNIT_SCADA,1,"2019/08/22 03:30:00",BOCORWF1,111.39
D,DISPATCH,UNIT_SCADA,1,"2019/08/22 03:30:00",BODWF1,91.321150
D,DISPATCH,UNIT_SCADA,1,"2019/08/22 03:30:00",BRAEMAR1,0
D,DISPATCH,UNIT_SCADA,1,"2019/08/22 03:30:00",BRAEMAR2,0
D,DISPATCH,UNIT_SCADA,1,"2019/08/22 03:30:00",BRAEMAR3,0
D,DISPATCH,UNIT_SCADA,1,"2019/08/22 03:30:00",BRAEMAR5,0
D,DISPATCH,UNIT_SCADA,1,"2019/08/22 03:30:00",BRAEMAR6,0
D,DISPATCH,UNIT_SCADA,1,"2019/08/22 03:30:00",BRAEMAR7,0
D,DISPATCH,UNIT_SCADA,1,"2019/08/22 03:30:00",BROKENH1,0
D,DISPATCH,UNIT_SCADA,1,"2019/08/22 03:30:00",BW01,344.674930
D,DISPATCH,UNIT_SCADA,1,"2019/08/22 03:30:00",BW02,453.425050
D,DISPATCH,UNIT_SCADA,1,"2019/08/22 03:30:00",BW03,450.300050
D,DISPATCH,UNIT_SCADA,1,"2019/08/22 03:30:00",BW04,0
D,DISPATCH,UNIT_SCADA,1,"2019/08/22 03:30:00",CALL_B_1,349.300020
D,DISPATCH,UNIT_SCADA,1,"2019/08/22 03:30:00",CALL_B_2,300.200010
D,DISPATCH,UNIT_SCADA,1,"2019/08/22 03:30:00",CETHANA,99.441870
D,DISPATCH,UNIT_SCADA,1,"2019/08/22 03:30:00",CG1,0
D,DISPATCH,UNIT_SCADA,1,"2019/08/22 03:30:00",CG2,0
D,DISPATCH,UNIT_SCADA,1,"2019/08/22 03:30:00",CG3,0
D,DISPATCH,UNIT_SCADA,1,"2019/08/22 03:30:00",CG4,0
D,DISPATCH,UNIT_SCADA,1,"2019/08/22 03:30:00",CHILDSF1,0.01
D,DISPATCH,UNIT_SCADA,1,"2019/08/22 03:30:00",CLARESF1,0
D,DISPATCH,UNIT_SCADA,1,"2019/08/22 03:30:00",CLEMGPWF,6.843330
D,DISPATCH,UNIT_SCADA,1,"2019/08/22 03:30:00",CLERMSF1,0
D,DISPATCH,UNIT_SCADA,1,"2019/08/22 03:30:00",COLEASF1,0
D,DISPATCH,UNIT_SCADA,1,"2019/08/22 03:30:00",COOPGWF1,3.255210
D,DISPATCH,UNIT_SCADA,1,"2019/08/22 03:30:00",CPP_3,272.25
D,DISPATCH,UNIT_SCADA,1,"2019/08/22 03:30:00",CPP_4,319.550020
D,DISPATCH,UNIT_SCADA,1,"2019/08/22 03:30:00",CPSA,141.948760
D,DISPATCH,UNIT_SCADA,1,"2019/08/22 03:30:00",CROOKWF2,40.7150
D,DISPATCH,UNIT_SCADA,1,"2019/08/22 03:30:00",CROWLWF1,50.110460
D,DISPATCH,UNIT_SCADA,1,"2019/08/22 03:30:00",CSPVPS1,0.0430
D,DISPATCH,UNIT_SCADA,1,"2019/08/22 03:30:00",DALNTH01,0
D,DISPATCH,UNIT_SCADA,1,"2019/08/22 03:30:00",DALNTHL1,7.075610
D,DISPATCH,UNIT_SCADA,1,"2019/08/22 03:30:00",DARTM1,0
D,DISPATCH,UNIT_SCADA,1,"2019/08/22 03:30:00",DAYDSF1,0
D,DISPATCH,UNIT_SCADA,1,"2019/08/22 03:30:00",DDPS1,0
D,DISPATCH,UNIT_SCADA,1,"2019/08/22 03:30:00",DDSF1,0
D,DISPATCH,UNIT_SCADA,1,"2019/08/22 03:30:00",DEVILS_G,0
D,DISPATCH,UNIT_SCADA,1,"2019/08/22 03:30:00",DG_NSW1,0
D,DISPATCH,UNIT_SCADA,1,"2019/08/22 03:30:00",DG_QLD1,0
D,DISPATCH,UNIT_SCADA,1,"2019/08/22 03:30:00",DG_SA1,0
D,DISPATCH,UNIT_SCADA,1,"2019/08/22 03:30:00",DG_TAS1,0
D,DISPATCH,UNIT_SCADA,1,"2019/08/22 03:30:00",DG_VIC1,0
D,DISPATCH,UNIT_SCADA,1,"2019/08/22 03:30:00",DRYCGT1,0
D,DISPATCH,UNIT_SCADA,1,"2019/08/22 03:30:00",DRYCGT2,0
D,DISPATCH,UNIT_SCADA,1,"2019/08/22 03:30:00",DRYCGT3,0
D,DISPATCH,UNIT_SCADA,1,"2019/08/22 03:30:00",EILDON1,0
D,DISPATCH,UNIT_SCADA,1,"2019/08/22 03:30:00",EILDON2,0
D,DISPATCH,UNIT_SCADA,1,"2019/08/22 03:30:00",EMERASF1,0
D,DISPATCH,UNIT_SCADA,1,"2019/08/22 03:30:00",ER01,283.425050
D,DISPATCH,UNIT_SCADA,1,"2019/08/22 03:30:00",ER02,294.474980
D,DISPATCH,UNIT_SCADA,1,"2019/08/22 03:30:00",ER03,380.099980
D,DISPATCH,UNIT_SCADA,1,"2019/08/22 03:30:00",ER04,294.550050
D,DISPATCH,UNIT_SCADA,1,"2019/08/22 03:30:00",FINLYSF1,0
D,DISPATCH,UNIT_SCADA,1,"2019/08/22 03:30:00",FISHER,45.93
D,DISPATCH,UNIT_SCADA,1,"2019/08/22 03:30:00",GANNBG1,0
D,DISPATCH,UNIT_SCADA,1,"2019/08/22 03:30:00",GANNBL1,10.008380
D,DISPATCH,UNIT_SCADA,1,"2019/08/22 03:30:00",GANNSF1,0
D,DISPATCH,UNIT_SCADA,1,"2019/08/22 03:30:00",GORDON,10.947440
D,DISPATCH,UNIT_SCADA,1,"2019/08/22 03:30:00",GSTONE1,134.224990
D,DISPATCH,UNIT_SCADA,1,"2019/08/22 03:30:00",GSTONE2,130.20
D,DISPATCH,UNIT_SCADA,1,"2019/08/22 03:30:00",GSTONE3,135.45
D,DISPATCH,UNIT_SCADA,1,"2019/08/22 03:30:00",GSTONE4,134.224990
D,DISPATCH,UNIT_SCADA,1,"2019/08/22 03:30:00",GSTONE5,133.8750
D,DISPATCH,UNIT_SCADA,1,"2019/08/22 03:30:00",GSTONE6,0
D,DISPATCH,UNIT_SCADA,1,"2019/08/22 03:30:00",GULLRSF1,0
D,DISPATCH,UNIT_SCADA,1,"2019/08/22 03:30:00",GULLRWF1,150.134280
D,DISPATCH,UNIT_SCADA,1,"2019/08/22 03:30:00",GUNNING1,46.680920
D,DISPATCH,UNIT_SCADA,1,"2019/08/22 03:30:00",GUTHEGA,0
D,DISPATCH,UNIT_SCADA,1,"2019/08/22 03:30:00",HALLWF1,85.16
D,DISPATCH,UNIT_SCADA,1,"2019/08/22 03:30:00",HALLWF2,60.60
D,DISPATCH,UNIT_SCADA,1,"2019/08/22 03:30:00",HAMISF1,0
D,DISPATCH,UNIT_SCADA,1,"2019/08/22 03:30:00",HAUGHT11,0
D,DISPATCH,UNIT_SCADA,1,"2019/08/22 03:30:00",HAYMSF1,0
D,DISPATCH,UNIT_SCADA,1,"2019/08/22 03:30:00",HDWF1,45
D,DISPATCH,UNIT_SCADA,1,"2019/08/22 03:30:00",HDWF2,22.30
D,DISPATCH,UNIT_SCADA,1,"2019/08/22 03:30:00",HDWF3,31.90
D,DISPATCH,UNIT_SCADA,1,"2019/08/22 03:30:00",HPRG1,0
D,DISPATCH,UNIT_SCADA,1,"2019/08/22 03:30:00",HPRL1,0.70
D,DISPATCH,UNIT_SCADA,1,"2019/08/22 03:30:00",HUMENSW,0
D,DISPATCH,UNIT_SCADA,1,"2019/08/22 03:30:00",HUMEV,11.30
D,DISPATCH,UNIT_SCADA,1,"2019/08/22 03:30:00",HVGTS,0
D,DISPATCH,UNIT_SCADA,1,"2019/08/22 03:30:00",JBUTTERS,78.509990
D,DISPATCH,UNIT_SCADA,1,"2019/08/22 03:30:00",JLA01,0.50
D,DISPATCH,UNIT_SCADA,1,"2019/08/22 03:30:00",JLA02,0
D,DISPATCH,UNIT_SCADA,1,"2019/08/22 03:30:00",JLA03,0.10
D,DISPATCH,UNIT_SCADA,1,"2019/08/22 03:30:00",JLA04,0.10
D,DISPATCH,UNIT_SCADA,1,"2019/08/22 03:30:00",JLB01,0
D,DISPATCH,UNIT_SCADA,1,"2019/08/22 03:30:00",JLB02,0.10
D,DISPATCH,UNIT_SCADA,1,"2019/08/22 03:30:00",JLB03,0
D,DISPATCH,UNIT_SCADA,1,"2019/08/22 03:30:00",KAREEYA1,21.5225
D,DISPATCH,UNIT_SCADA,1,"2019/08/22 03:30:00",KAREEYA2,21.6950
D,DISPATCH,UNIT_SCADA,1,"2019/08/22 03:30:00",KAREEYA3,0
D,DISPATCH,UNIT_SCADA,1,"2019/08/22 03:30:00",KAREEYA4,21.6825
D,DISPATCH,UNIT_SCADA,1,"2019/08/22 03:30:00",KARSF1,0
D,DISPATCH,UNIT_SCADA,1,"2019/08/22 03:30:00",KIATAWF1,30.90
D,DISPATCH,UNIT_SCADA,1,"2019/08/22 03:30:00",KPP_1,0
D,DISPATCH,UNIT_SCADA,1,"2019/08/22 03:30:00",KSP1,0
D,DISPATCH,UNIT_SCADA,1,"2019/08/22 03:30:00",LADBROK1,0
D,DISPATCH,UNIT_SCADA,1,"2019/08/22 03:30:00",LADBROK2,0
D,DISPATCH,UNIT_SCADA,1,"2019/08/22 03:30:00",LD01,341.6250
D,DISPATCH,UNIT_SCADA,1,"2019/08/22 03:30:00",LD02,298.275050
D,DISPATCH,UNIT_SCADA,1,"2019/08/22 03:30:00",LD03,319.706270
D,DISPATCH,UNIT_SCADA,1,"2019/08/22 03:30:00",LD04,347.081270
D,DISPATCH,UNIT_SCADA,1,"2019/08/22 03:30:00",LEM_WIL,86.1564
D,DISPATCH,UNIT_SCADA,1,"2019/08/22 03:30:00",LGAPWF1,12.06
D,DISPATCH,UNIT_SCADA,1,"2019/08/22 03:30:00",LILYSF1,0
D,DISPATCH,UNIT_SCADA,1,"2019/08/22 03:30:00",LI_WY_CA,148.485550
D,DISPATCH,UNIT_SCADA,1,"2019/08/22 03:30:00",LKBONNY2,143.402070
D,DISPATCH,UNIT_SCADA,1,"2019/08/22 03:30:00",LKBONNY3,34.721290
D,DISPATCH,UNIT_SCADA,1,"2019/08/22 03:30:00",LK_ECHO,0
D,DISPATCH,UNIT_SCADA,1,"2019/08/22 03:30:00",LNGS1,0
D,DISPATCH,UNIT_SCADA,1,"2019/08/22 03:30:00",LNGS2,0
D,DISPATCH,UNIT_SCADA,1,"2019/08/22 03:30:00",LONSDALE,0
D,DISPATCH,UNIT_SCADA,1,"2019/08/22 03:30:00",LOYYB1,536.088620
D,DISPATCH,UNIT_SCADA,1,"2019/08/22 03:30:00",LOYYB2,541.727840
D,DISPATCH,UNIT_SCADA,1,"2019/08/22 03:30:00",LYA1,532
D,DISPATCH,UNIT_SCADA,1,"2019/08/22 03:30:00",LYA2,0
D,DISPATCH,UNIT_SCADA,1,"2019/08/22 03:30:00",LYA3,532
D,DISPATCH,UNIT_SCADA,1,"2019/08/22 03:30:00",LYA4,510
D,DISPATCH,UNIT_SCADA,1,"2019/08/22 03:30:00",MACARTH1,370.191440
D,DISPATCH,UNIT_SCADA,1,"2019/08/22 03:30:00",MACKAYGT,0
D,DISPATCH,UNIT_SCADA,1,"2019/08/22 03:30:00",MACKNTSH,85.470010
D,DISPATCH,UNIT_SCADA,1,"2019/08/22 03:30:00",MANSLR1,0
D,DISPATCH,UNIT_SCADA,1,"2019/08/22 03:30:00",MCKAY1,0.02
D,DISPATCH,UNIT_SCADA,1,"2019/08/22 03:30:00",MEADOWBK,33.953040
D,DISPATCH,UNIT_SCADA,1,"2019/08/22 03:30:00",MERCER01,119.0640
D,DISPATCH,UNIT_SCADA,1,"2019/08/22 03:30:00",MEWF1,60.823550
D,DISPATCH,UNIT_SCADA,1,"2019/08/22 03:30:00",MINTARO,0
D,DISPATCH,UNIT_SCADA,1,"2019/08/22 03:30:00",MOREESF1,0
D,DISPATCH,UNIT_SCADA,1,"2019/08/22 03:30:00",MORTLK11,0
D,DISPATCH,UNIT_SCADA,1,"2019/08/22 03:30:00",MORTLK12,0
D,DISPATCH,UNIT_SCADA,1,"2019/08/22 03:30:00",MP1,279.574950
D,DISPATCH,UNIT_SCADA,1,"2019/08/22 03:30:00",MP2,0
D,DISPATCH,UNIT_SCADA,1,"2019/08/22 03:30:00",MPP_1,400.75
D,DISPATCH,UNIT_SCADA,1,"2019/08/22 03:30:00",MPP_2,410.50
D,DISPATCH,UNIT_SCADA,1,"2019/08/22 03:30:00",MSTUART1,0
D,DISPATCH,UNIT_SCADA,1,"2019/08/22 03:30:00",MSTUART2,0
D,DISPATCH,UNIT_SCADA,1,"2019/08/22 03:30:00",MSTUART3,0
D,DISPATCH,UNIT_SCADA,1,"2019/08/22 03:30:00",MTGELWF1,65.935240
D,DISPATCH,UNIT_SCADA,1,"2019/08/22 03:30:00",MURRAY,0
D,DISPATCH,UNIT_SCADA,1,"2019/08/22 03:30:00",MUSSELR1,128.20
D,DISPATCH,UNIT_SCADA,1,"2019/08/22 03:30:00",MUWAWF1,55.90
D,DISPATCH,UNIT_SCADA,1,"2019/08/22 03:30:00",NBHWF1,87.30
D,DISPATCH,UNIT_SCADA,1,"2019/08/22 03:30:00",NPS,0
D,DISPATCH,UNIT_SCADA,1,"2019/08/22 03:30:00",NUMURSF1,0
D,DISPATCH,UNIT_SCADA,1,"2019/08/22 03:30:00",NYNGAN1,0
D,DISPATCH,UNIT_SCADA,1,"2019/08/22 03:30:00",OAKEY1,0
D,DISPATCH,UNIT_SCADA,1,"2019/08/22 03:30:00",OAKEY1SF,0
D,DISPATCH,UNIT_SCADA,1,"2019/08/22 03:30:00",OAKEY2,0
D,DISPATCH,UNIT_SCADA,1,"2019/08/22 03:30:00",OAKLAND1,61.80
D,DISPATCH,UNIT_SCADA,1,"2019/08/22 03:30:00",OSB-AG,0
D,DISPATCH,UNIT_SCADA,1,"2019/08/22 03:30:00",PARSF1,0
D,DISPATCH,UNIT_SCADA,1,"2019/08/22 03:30:00",POAT110,0
D,DISPATCH,UNIT_SCADA,1,"2019/08/22 03:30:00",POAT220,1.17
D,DISPATCH,UNIT_SCADA,1,"2019/08/22 03:30:00",POR01,0
D,DISPATCH,UNIT_SCADA,1,"2019/08/22 03:30:00",POR03,0
D,DISPATCH,UNIT_SCADA,1,"2019/08/22 03:30:00",PPCCGT,173.5522
D,DISPATCH,UNIT_SCADA,1,"2019/08/22 03:30:00",PTSTAN1,0
D,DISPATCH,UNIT_SCADA,1,"2019/08/22 03:30:00",PUMP1,0
D,DISPATCH,UNIT_SCADA,1,"2019/08/22 03:30:00",PUMP2,0
D,DISPATCH,UNIT_SCADA,1,"2019/08/22 03:30:00",QPS1,0
D,DISPATCH,UNIT_SCADA,1,"2019/08/22 03:30:00",QPS2,0
D,DISPATCH,UNIT_SCADA,1,"2019/08/22 03:30:00",QPS3,0
D,DISPATCH,UNIT_SCADA,1,"2019/08/22 03:30:00",QPS4,0
D,DISPATCH,UNIT_SCADA,1,"2019/08/22 03:30:00",QPS5,0
D,DISPATCH,UNIT_SCADA,1,"2019/08/22 03:30:00",REECE1,120.210010
D,DISPATCH,UNIT_SCADA,1,"2019/08/22 03:30:00",REECE2,118.570010
D,DISPATCH,UNIT_SCADA,1,"2019/08/22 03:30:00",ROMA_7,0
D,DISPATCH,UNIT_SCADA,1,"2019/08/22 03:30:00",ROMA_8,0
D,DISPATCH,UNIT_SCADA,1,"2019/08/22 03:30:00",RRSF1,0
D,DISPATCH,UNIT_SCADA,1,"2019/08/22 03:30:00",RT_NSW1,0
D,DISPATCH,UNIT_SCADA,1,"2019/08/22 03:30:00",RT_NSW2,0
D,DISPATCH,UNIT_SCADA,1,"2019/08/22 03:30:00",RT_NSW3,0
D,DISPATCH,UNIT_SCADA,1,"2019/08/22 03:30:00",RT_NSW4,0
D,DISPATCH,UNIT_SCADA,1,"2019/08/22 03:30:00",RT_NSW5,0
D,DISPATCH,UNIT_SCADA,1,"2019/08/22 03:30:00",RT_NSW6,0
D,DISPATCH,UNIT_SCADA,1,"2019/08/22 03:30:00",RT_QLD1,0
D,DISPATCH,UNIT_SCADA,1,"2019/08/22 03:30:00",RT_SA1,0
D,DISPATCH,UNIT_SCADA,1,"2019/08/22 03:30:00",RT_SA2,0
D,DISPATCH,UNIT_SCADA,1,"2019/08/22 03:30:00",RT_SA3,0
D,DISPATCH,UNIT_SCADA,1,"2019/08/22 03:30:00",RT_SA4,0
D,DISPATCH,UNIT_SCADA,1,"2019/08/22 03:30:00",RT_SA5,0
D,DISPATCH,UNIT_SCADA,1,"2019/08/22 03:30:00",RT_SA6,0
D,DISPATCH,UNIT_SCADA,1,"2019/08/22 03:30:00",RT_TAS1,0
D,DISPATCH,UNIT_SCADA,1,"2019/08/22 03:30:00",RT_VIC1,0
D,DISPATCH,UNIT_SCADA,1,"2019/08/22 03:30:00",RT_VIC10,0
D,DISPATCH,UNIT_SCADA,1,"2019/08/22 03:30:00",RT_VIC11,0
D,DISPATCH,UNIT_SCADA,1,"2019/08/22 03:30:00",RT_VIC12,0
D,DISPATCH,UNIT_SCADA,1,"2019/08/22 03:30:00",RT_VIC2,0
D,DISPATCH,UNIT_SCADA,1,"2019/08/22 03:30:00",RT_VIC3,0
D,DISPATCH,UNIT_SCADA,1,"2019/08/22 03:30:00",RT_VIC4,0
D,DISPATCH,UNIT_SCADA,1,"2019/08/22 03:30:00",RT_VIC5,0
D,DISPATCH,UNIT_SCADA,1,"2019/08/22 03:30:00",RT_VIC6,0
D,DISPATCH,UNIT_SCADA,1,"2019/08/22 03:30:00",RT_VIC7,0
D,DISPATCH,UNIT_SCADA,1,"2019/08/22 03:30:00",RT_VIC8,0
D,DISPATCH,UNIT_SCADA,1,"2019/08/22 03:30:00",RT_VIC9,0
D,DISPATCH,UNIT_SCADA,1,"2019/08/22 03:30:00",RUGBYR1,0
D,DISPATCH,UNIT_SCADA,1,"2019/08/22 03:30:00",SALTCRK1,52.11
D,DISPATCH,UNIT_SCADA,1,"2019/08/22 03:30:00",SAPHWF1,212.231260
D,DISPATCH,UNIT_SCADA,1,"2019/08/22 03:30:00",SHGEN,0
D,DISPATCH,UNIT_SCADA,1,"2019/08/22 03:30:00",SHPUMP,121.399990
D,DISPATCH,UNIT_SCADA,1,"2019/08/22 03:30:00",SITHE01,0.1840
D,DISPATCH,UNIT_SCADA,1,"2019/08/22 03:30:00",SMCSF1,0
D,DISPATCH,UNIT_SCADA,1,"2019/08/22 03:30:00",SNOWNTH1,40.80
D,DISPATCH,UNIT_SCADA,1,"2019/08/22 03:30:00",SNOWSTH1,41.40
D,DISPATCH,UNIT_SCADA,1,"2019/08/22 03:30:00",SNOWTWN1,27.812030
D,DISPATCH,UNIT_SCADA,1,"2019/08/22 03:30:00",SNOWYP,189.80
D,DISPATCH,UNIT_SCADA,1,"2019/08/22 03:30:00",SNUG1,0.019440
D,DISPATCH,UNIT_SCADA,1,"2019/08/22 03:30:00",SRSF1,0.44
D,DISPATCH,UNIT_SCADA,1,"2019/08/22 03:30:00",STAN-1,0
D,DISPATCH,UNIT_SCADA,1,"2019/08/22 03:30:00",STAN-2,180.974520
D,DISPATCH,UNIT_SCADA,1,"2019/08/22 03:30:00",STAN-3,223.478350
D,DISPATCH,UNIT_SCADA,1,"2019/08/22 03:30:00",STAN-4,194.817750
D,DISPATCH,UNIT_SCADA,1,"2019/08/22 03:30:00",STWF1,165.6225
D,DISPATCH,UNIT_SCADA,1,"2019/08/22 03:30:00",SWAN_E,0
D,DISPATCH,UNIT_SCADA,1,"2019/08/22 03:30:00",TALWA1,192
D,DISPATCH,UNIT_SCADA,1,"2019/08/22 03:30:00",TARALGA1,35.793750
D,DISPATCH,UNIT_SCADA,1,"2019/08/22 03:30:00",TARONG#1,280
D,DISPATCH,UNIT_SCADA,1,"2019/08/22 03:30:00",TARONG#2,225.600010
D,DISPATCH,UNIT_SCADA,1,"2019/08/22 03:30:00",TARONG#3,260.399990
D,DISPATCH,UNIT_SCADA,1,"2019/08/22 03:30:00",TARONG#4,280.50
D,DISPATCH,UNIT_SCADA,1,"2019/08/22 03:30:00",TARRALEA,83.90
D,DISPATCH,UNIT_SCADA,1,"2019/08/22 03:30:00",TBSF1,-0.20
D,DISPATCH,UNIT_SCADA,1,"2019/08/22 03:30:00",TNPS1,399.400020
D,DISPATCH,UNIT_SCADA,1,"2019/08/22 03:30:00",TORRA1,48.517110
D,DISPATCH,UNIT_SCADA,1,"2019/08/22 03:30:00",TORRA2,0
D,DISPATCH,UNIT_SCADA,1,"2019/08/22 03:30:00",TORRA3,0
D,DISPATCH,UNIT_SCADA,1,"2019/08/22 03:30:00",TORRA4,0
D,DISPATCH,UNIT_SCADA,1,"2019/08/22 03:30:00",TORRB1,38.51
D,DISPATCH,UNIT_SCADA,1,"2019/08/22 03:30:00",TORRB2,39.31
D,DISPATCH,UNIT_SCADA,1,"2019/08/22 03:30:00",TORRB3,0
D,DISPATCH,UNIT_SCADA,1,"2019/08/22 03:30:00",TORRB4,0
D,DISPATCH,UNIT_SCADA,1,"2019/08/22 03:30:00",TREVALLN,1.20
D,DISPATCH,UNIT_SCADA,1,"2019/08/22 03:30:00",TRIBUTE,0
D,DISPATCH,UNIT_SCADA,1,"2019/08/22 03:30:00",TUMUT3,0
D,DISPATCH,UNIT_SCADA,1,"2019/08/22 03:30:00",TUNGATIN,2.50
D,DISPATCH,UNIT_SCADA,1,"2019/08/22 03:30:00",TVCC201,0
D,DISPATCH,UNIT_SCADA,1,"2019/08/22 03:30:00",TVPP104,0
D,DISPATCH,UNIT_SCADA,1,"2019/08/22 03:30:00",UPPTUMUT,0
D,DISPATCH,UNIT_SCADA,1,"2019/08/22 03:30:00",URANQ11,0
D,DISPATCH,UNIT_SCADA,1,"2019/08/22 03:30:00",URANQ12,0
D,DISPATCH,UNIT_SCADA,1,"2019/08/22 03:30:00",URANQ13,0
D,DISPATCH,UNIT_SCADA,1,"2019/08/22 03:30:00",URANQ14,0
D,DISPATCH,UNIT_SCADA,1,"2019/08/22 03:30:00",VP5,252.749980
D,DISPATCH,UNIT_SCADA,1,"2019/08/22 03:30:00",VP6,248.70
D,DISPATCH,UNIT_SCADA,1,"2019/08/22 03:30:00",VPGS1,0
D,DISPATCH,UNIT_SCADA,1,"2019/08/22 03:30:00",VPGS2,0
D,DISPATCH,UNIT_SCADA,1,"2019/08/22 03:30:00",VPGS3,0
D,DISPATCH,UNIT_SCADA,1,"2019/08/22 03:30:00",VPGS4,0
D,DISPATCH,UNIT_SCADA,1,"2019/08/22 03:30:00",VPGS5,0
D,DISPATCH,UNIT_SCADA,1,"2019/08/22 03:30:00",VPGS6,0
D,DISPATCH,UNIT_SCADA,1,"2019/08/22 03:30:00",W/HOE#1,0
D,DISPATCH,UNIT_SCADA,1,"2019/08/22 03:30:00",W/HOE#2,0
D,DISPATCH,UNIT_SCADA,1,"2019/08/22 03:30:00",WATERLWF,111.90
D,DISPATCH,UNIT_SCADA,1,"2019/08/22 03:30:00",WEMENSF1,0
D,DISPATCH,UNIT_SCADA,1,"2019/08/22 03:30:00",WGWF1,98.90
D,DISPATCH,UNIT_SCADA,1,"2019/08/22 03:30:00",WHITSF1,0
D,DISPATCH,UNIT_SCADA,1,"2019/08/22 03:30:00",WKIEWA1,17.20
D,DISPATCH,UNIT_SCADA,1,"2019/08/22 03:30:00",WKIEWA2,17.20
D,DISPATCH,UNIT_SCADA,1,"2019/08/22 03:30:00",WOODLWN1,44.918990
D,DISPATCH,UNIT_SCADA,1,"2019/08/22 03:30:00",WRSF1,0
D,DISPATCH,UNIT_SCADA,1,"2019/08/22 03:30:00",WRWF1,157.192490
D,DISPATCH,UNIT_SCADA,1,"2019/08/22 03:30:00",YABULU,0
D,DISPATCH,UNIT_SCADA,1,"2019/08/22 03:30:00",YABULU2,0
D,DISPATCH,UNIT_SCADA,1,"2019/08/22 03:30:00",YARWUN_1,0
D,DISPATCH,UNIT_SCADA,1,"2019/08/22 03:30:00",YENDWF1,41.84
D,DISPATCH,UNIT_SCADA,1,"2019/08/22 03:30:00",YWPS1,295.736690
D,DISPATCH,UNIT_SCADA,1,"2019/08/22 03:30:00",YWPS2,274.182280
D,DISPATCH,UNIT_SCADA,1,"2019/08/22 03:30:00",YWPS3,0
D,DISPATCH,UNIT_SCADA,1,"2019/08/22 03:30:00",YWPS4,395.520260
C,"END OF REPORT",334
