C,NEMP.WORLD,DISPATCHSCADA,AEMO,PUBLIC,2019/08/20,05:35:09,0000000311773682,DISPATCHSCADA,0000000311773676
I,DISPATCH,UNIT_SCADA,1,SETTLEMENTDATE,DUID,SCADAVALUE
D,DISPATCH,UNIT_SCADA,1,"2019/08/20 05:40:00",BARCSF1,0
D,DISPATCH,UNIT_SCADA,1,"2019/08/20 05:40:00",BUTLERSG,9.699999
D,DISPATCH,UNIT_SCADA,1,"2019/08/20 05:40:00",CALL_A_4,0
D,DISPATCH,UNIT_SCADA,1,"2019/08/20 05:40:00",CAPTL_WF,108.127998
D,DISPATCH,UNIT_SCADA,1,"2019/08/20 05:40:00",CATHROCK,45.929996
D,DISPATCH,UNIT_SCADA,1,"2019/08/20 05:40:00",CHALLHWF,21.10
D,DISPATCH,UNIT_SCADA,1,"2019/08/20 05:40:00",CLOVER,-0.01
D,DISPATCH,UNIT_SCADA,1,"2019/08/20 05:40:00",CLUNY,16.215611
D,DISPATCH,UNIT_SCADA,1,"2019/08/20 05:40:00",CNUNDAWF,36.742863
D,DISPATCH,UNIT_SCADA,1,"2019/08/20 05:40:00",CULLRGWF,30.450001
D,DISPATCH,UNIT_SCADA,1,"2019/08/20 05:40:00",ERGT01,0
D,DISPATCH,UNIT_SCADA,1,"2019/08/20 05:40:00",GB01,0.054962
D,DISPATCH,UNIT_SCADA,1,"2019/08/20 05:40:00",GERMCRK,38.599998
D,DISPATCH,UNIT_SCADA,1,"2019/08/20 05:40:00",GRIFSF1,0
D,DISPATCH,UNIT_SCADA,1,"2019/08/20 05:40:00",HUGSF1,-0.2580
D,DISPATCH,UNIT_SCADA,1,"2019/08/20 05:40:00",LKBONNY1,65.642380
D,DISPATCH,UNIT_SCADA,1,"2019/08/20 05:40:00",LRSF1,-0.03
D,DISPATCH,UNIT_SCADA,1,"2019/08/20 05:40:00",MBAHNTH,55.6875
D,DISPATCH,UNIT_SCADA,1,"2019/08/20 05:40:00",MLSP1,0.304001
D,DISPATCH,UNIT_SCADA,1,"2019/08/20 05:40:00",MLWF1,18.630001
D,DISPATCH,UNIT_SCADA,1,"2019/08/20 05:40:00",MTMILLAR,26.773838
D,DISPATCH,UNIT_SCADA,1,"2019/08/20 05:40:00",PALOONA,23.76
D,DISPATCH,UNIT_SCADA,1,"2019/08/20 05:40:00",PIONEER,9.30
D,DISPATCH,UNIT_SCADA,1,"2019/08/20 05:40:00",PORTWF,136.399994
D,DISPATCH,UNIT_SCADA,1,"2019/08/20 05:40:00",REPULSE,28.637522
D,DISPATCH,UNIT_SCADA,1,"2019/08/20 05:40:00",ROWALLAN,9.9471
D,DISPATCH,UNIT_SCADA,1,"2019/08/20 05:40:00",ROYALLA1,0
D,DISPATCH,UNIT_SCADA,1,"2019/08/20 05:40:00",RPCG,14.10
D,DISPATCH,UNIT_SCADA,1,"2019/08/20 05:40:00",RUBICON,0
D,DISPATCH,UNIT_SCADA,1,"2019/08/20 05:40:00",SATGN1,0
D,DISPATCH,UNIT_SCADA,1,"2019/08/20 05:40:00",SATGS1,0
D,DISPATCH,UNIT_SCADA,1,"2019/08/20 05:40:00",STARHLWF,14.095890
D,DISPATCH,UNIT_SCADA,1,"2019/08/20 05:40:00",WAUBRAWF,96.341003
D,DISPATCH,UNIT_SCADA,1,"2019/08/20 05:40:00",WOOLNTH1,133.340027
D,DISPATCH,UNIT_SCADA,1,"2019/08/20 05:40:00",WPWF,38
D,DISPATCH,UNIT_SCADA,1,"2019/08/20 05:40:00",YAMBUKWF,9.60
D,DISPATCH,UNIT_SCADA,1,"2019/08/20 05:40:00",YSWF1,28.40
D,DISPATCH,UNIT_SCADA,1,"2019/08/20 05:40:00",AGLHAL,0
D,DISPATCH,UNIT_SCADA,1,"2019/08/20 05:40:00",AGLSOM,0
D,DISPATCH,UNIT_SCADA,1,"2019/08/20 05:40:00",ANGAST1,0
D,DISPATCH,UNIT_SCADA,1,"2019/08/20 05:40:00",ARWF1,50.80
D,DISPATCH,UNIT_SCADA,1,"2019/08/20 05:40:00",BALBG1,0
D,DISPATCH,UNIT_SCADA,1,"2019/08/20 05:40:00",BALBL1,0
D,DISPATCH,UNIT_SCADA,1,"2019/08/20 05:40:00",BALDHWF1,101.0850
D,DISPATCH,UNIT_SCADA,1,"2019/08/20 05:40:00",BANN1,0
D,DISPATCH,UNIT_SCADA,1,"2019/08/20 05:40:00",BARCALDN,0
D,DISPATCH,UNIT_SCADA,1,"2019/08/20 05:40:00",BARRON-1,0
D,DISPATCH,UNIT_SCADA,1,"2019/08/20 05:40:00",BARRON-2,26.28
D,DISPATCH,UNIT_SCADA,1,"2019/08/20 05:40:00",BASTYAN,80.350010
D,DISPATCH,UNIT_SCADA,1,"2019/08/20 05:40:00",BBTHREE1,-2.02
D,DISPATCH,UNIT_SCADA,1,"2019/08/20 05:40:00",BBTHREE2,0
D,DISPATCH,UNIT_SCADA,1,"2019/08/20 05:40:00",BBTHREE3,0
D,DISPATCH,UNIT_SCADA,1,"2019/08/20 05:40:00",BDL01,0
D,DISPATCH,UNIT_SCADA,1,"2019/08/20 05:40:00",BDL02,0
D,DISPATCH,UNIT_SCADA,1,"2019/08/20 05:40:00",BERYLSF1,0
D,DISPATCH,UNIT_SCADA,1,"2019/08/20 05:40:00",BLOWERNG,0
D,DISPATCH,UNIT_SCADA,1,"2019/08/20 05:40:00",BLUFF1,29
D,DISPATCH,UNIT_SCADA,1,"2019/08/20 05:40:00",BNGSF1,0
D,DISPATCH,UNIT_SCADA,1,"2019/08/20 05:40:00",BNGSF2,0
D,DISPATCH,UNIT_SCADA,1,"2019/08/20 05:40:00",BOCORWF1,54.21
D,DISPATCH,UNIT_SCADA,1,"2019/08/20 05:40:00",BODWF1,56.005870
D,DISPATCH,UNIT_SCADA,1,"2019/08/20 05:40:00",BRAEMAR1,0
D,DISPATCH,UNIT_SCADA,1,"2019/08/20 05:40:00",BRAEMAR2,0
D,DISPATCH,UNIT_SCADA,1,"2019/08/20 05:40:00",BRAEMAR3,0
D,DISPATCH,UNIT_SCADA,1,"2019/08/20 05:40:00",BRAEMAR5,0
D,DISPATCH,UNIT_SCADA,1,"2019/08/20 05:40:00",BRAEMAR6,0
D,DISPATCH,UNIT_SCADA,1,"2019/08/20 05:40:00",BRAEMAR7,0
D,DISPATCH,UNIT_SCADA,1,"2019/08/20 05:40:00",BROKENH1,0
D,DISPATCH,UNIT_SCADA,1,"2019/08/20 05:40:00",BW01,486.8750
D,DISPATCH,UNIT_SCADA,1,"2019/08/20 05:40:00",BW02,574.8750
D,DISPATCH,UNIT_SCADA,1,"2019/08/20 05:40:00",BW03,578.324950
D,DISPATCH,UNIT_SCADA,1,"2019/08/20 05:40:00",BW04,0
D,DISPATCH,UNIT_SCADA,1,"2019/08/20 05:40:00",CALL_B_1,339.899990
D,DISPATCH,UNIT_SCADA,1,"2019/08/20 05:40:00",CALL_B_2,289.300020
D,DISPATCH,UNIT_SCADA,1,"2019/08/20 05:40:00",CETHANA,92.316750
D,DISPATCH,UNIT_SCADA,1,"2019/08/20 05:40:00",CG1,0
D,DISPATCH,UNIT_SCADA,1,"2019/08/20 05:40:00",CG2,0
D,DISPATCH,UNIT_SCADA,1,"2019/08/20 05:40:00",CG3,0
D,DISPATCH,UNIT_SCADA,1,"2019/08/20 05:40:00",CG4,0
D,DISPATCH,UNIT_SCADA,1,"2019/08/20 05:40:00",CHILDSF1,0
D,DISPATCH,UNIT_SCADA,1,"2019/08/20 05:40:00",CLARESF1,0
D,DISPATCH,UNIT_SCADA,1,"2019/08/20 05:40:00",CLEMGPWF,2.6653
D,DISPATCH,UNIT_SCADA,1,"2019/08/20 05:40:00",CLERMSF1,0
D,DISPATCH,UNIT_SCADA,1,"2019/08/20 05:40:00",COLEASF1,0
D,DISPATCH,UNIT_SCADA,1,"2019/08/20 05:40:00",COOPGWF1,25.154830
D,DISPATCH,UNIT_SCADA,1,"2019/08/20 05:40:00",CPP_3,407.274990
D,DISPATCH,UNIT_SCADA,1,"2019/08/20 05:40:00",CPP_4,405.6250
D,DISPATCH,UNIT_SCADA,1,"2019/08/20 05:40:00",CPSA,143.605640
D,DISPATCH,UNIT_SCADA,1,"2019/08/20 05:40:00",CROOKWF2,64.403760
D,DISPATCH,UNIT_SCADA,1,"2019/08/20 05:40:00",CROWLWF1,23.656450
D,DISPATCH,UNIT_SCADA,1,"2019/08/20 05:40:00",CSPVPS1,0
D,DISPATCH,UNIT_SCADA,1,"2019/08/20 05:40:00",DALNTH01,0
D,DISPATCH,UNIT_SCADA,1,"2019/08/20 05:40:00",DALNTHL1,0.080870
D,DISPATCH,UNIT_SCADA,1,"2019/08/20 05:40:00",DARTM1,0
D,DISPATCH,UNIT_SCADA,1,"2019/08/20 05:40:00",DAYDSF1,0
D,DISPATCH,UNIT_SCADA,1,"2019/08/20 05:40:00",DDPS1,0
D,DISPATCH,UNIT_SCADA,1,"2019/08/20 05:40:00",DDSF1,0
D,DISPATCH,UNIT_SCADA,1,"2019/08/20 05:40:00",DEVILS_G,60.665910
D,DISPATCH,UNIT_SCADA,1,"2019/08/20 05:40:00",DG_NSW1,0
D,DISPATCH,UNIT_SCADA,1,"2019/08/20 05:40:00",DG_QLD1,0
D,DISPATCH,UNIT_SCADA,1,"2019/08/20 05:40:00",DG_SA1,0
D,DISPATCH,UNIT_SCADA,1,"2019/08/20 05:40:00",DG_TAS1,0
D,DISPATCH,UNIT_SCADA,1,"2019/08/20 05:40:00",DG_VIC1,0
D,DISPATCH,UNIT_SCADA,1,"2019/08/20 05:40:00",DRYCGT1,0
D,DISPATCH,UNIT_SCADA,1,"2019/08/20 05:40:00",DRYCGT2,0
D,DISPATCH,UNIT_SCADA,1,"2019/08/20 05:40:00",DRYCGT3,0
D,DISPATCH,UNIT_SCADA,1,"2019/08/20 05:40:00",EILDON1,0
D,DISPATCH,UNIT_SCADA,1,"2019/08/20 05:40:00",EILDON2,0
D,DISPATCH,UNIT_SCADA,1,"2019/08/20 05:40:00",EMERASF1,0
D,DISPATCH,UNIT_SCADA,1,"2019/08/20 05:40:00",ER01,578.275020
D,DISPATCH,UNIT_SCADA,1,"2019/08/20 05:40:00",ER02,578.199950
D,DISPATCH,UNIT_SCADA,1,"2019/08/20 05:40:00",ER03,577.50
D,DISPATCH,UNIT_SCADA,1,"2019/08/20 05:40:00",ER04,578.349980
D,DISPATCH,UNIT_SCADA,1,"2019/08/20 05:40:00",FINLYSF1,0
D,DISPATCH,UNIT_SCADA,1,"2019/08/20 05:40:00",FISHER,45.82
D,DISPATCH,UNIT_SCADA,1,"2019/08/20 05:40:00",GANNBG1,0
D,DISPATCH,UNIT_SCADA,1,"2019/08/20 05:40:00",GANNBL1,10
D,DISPATCH,UNIT_SCADA,1,"2019/08/20 05:40:00",GANNSF1,0
D,DISPATCH,UNIT_SCADA,1,"2019/08/20 05:40:00",GORDON,0
D,DISPATCH,UNIT_SCADA,1,"2019/08/20 05:40:00",GSTONE1,172.724990
D,DISPATCH,UNIT_SCADA,1,"2019/08/20 05:40:00",GSTONE2,180.4250
D,DISPATCH,UNIT_SCADA,1,"2019/08/20 05:40:00",GSTONE3,172.55
D,DISPATCH,UNIT_SCADA,1,"2019/08/20 05:40:00",GSTONE4,180.774990
D,DISPATCH,UNIT_SCADA,1,"2019/08/20 05:40:00",GSTONE5,155.399990
D,DISPATCH,UNIT_SCADA,1,"2019/08/20 05:40:00",GSTONE6,0
D,DISPATCH,UNIT_SCADA,1,"2019/08/20 05:40:00",GULLRSF1,0
D,DISPATCH,UNIT_SCADA,1,"2019/08/20 05:40:00",GULLRWF1,154.578310
D,DISPATCH,UNIT_SCADA,1,"2019/08/20 05:40:00",GUNNING1,40.967940
D,DISPATCH,UNIT_SCADA,1,"2019/08/20 05:40:00",GUTHEGA,0
D,DISPATCH,UNIT_SCADA,1,"2019/08/20 05:40:00",HALLWF1,78.93
D,DISPATCH,UNIT_SCADA,1,"2019/08/20 05:40:00",HALLWF2,51.21
D,DISPATCH,UNIT_SCADA,1,"2019/08/20 05:40:00",HAMISF1,0
D,DISPATCH,UNIT_SCADA,1,"2019/08/20 05:40:00",HAUGHT11,0
D,DISPATCH,UNIT_SCADA,1,"2019/08/20 05:40:00",HAYMSF1,0
D,DISPATCH,UNIT_SCADA,1,"2019/08/20 05:40:00",HDWF1,49.30
D,DISPATCH,UNIT_SCADA,1,"2019/08/20 05:40:00",HDWF2,38.40
D,DISPATCH,UNIT_SCADA,1,"2019/08/20 05:40:00",HDWF3,44.10
D,DISPATCH,UNIT_SCADA,1,"2019/08/20 05:40:00",HPRG1,13.40
D,DISPATCH,UNIT_SCADA,1,"2019/08/20 05:40:00",HPRL1,0
D,DISPATCH,UNIT_SCADA,1,"2019/08/20 05:40:00",HUMENSW,0
D,DISPATCH,UNIT_SCADA,1,"2019/08/20 05:40:00",HUMEV,8.80
D,DISPATCH,UNIT_SCADA,1,"2019/08/20 05:40:00",HVGTS,0
D,DISPATCH,UNIT_SCADA,1,"2019/08/20 05:40:00",JBUTTERS,137.009990
D,DISPATCH,UNIT_SCADA,1,"2019/08/20 05:40:00",JLA01,0.50
D,DISPATCH,UNIT_SCADA,1,"2019/08/20 05:40:00",JLA02,0
D,DISPATCH,UNIT_SCADA,1,"2019/08/20 05:40:00",JLA03,0.10
D,DISPATCH,UNIT_SCADA,1,"2019/08/20 05:40:00",JLA04,0.10
D,DISPATCH,UNIT_SCADA,1,"2019/08/20 05:40:00",JLB01,0
D,DISPATCH,UNIT_SCADA,1,"2019/08/20 05:40:00",JLB02,0.10
D,DISPATCH,UNIT_SCADA,1,"2019/08/20 05:40:00",JLB03,0
D,DISPATCH,UNIT_SCADA,1,"2019/08/20 05:40:00",KAREEYA1,21.5150
D,DISPATCH,UNIT_SCADA,1,"2019/08/20 05:40:00",KAREEYA2,21.6875
D,DISPATCH,UNIT_SCADA,1,"2019/08/20 05:40:00",KAREEYA3,0
D,DISPATCH,UNIT_SCADA,1,"2019/08/20 05:40:00",KAREEYA4,21.7150
D,DISPATCH,UNIT_SCADA,1,"2019/08/20 05:40:00",KARSF1,0
D,DISPATCH,UNIT_SCADA,1,"2019/08/20 05:40:00",KIATAWF1,30.60
D,DISPATCH,UNIT_SCADA,1,"2019/08/20 05:40:00",KPP_1,0
D,DISPATCH,UNIT_SCADA,1,"2019/08/20 05:40:00",KSP1,0
D,DISPATCH,UNIT_SCADA,1,"2019/08/20 05:40:00",LADBROK1,0
D,DISPATCH,UNIT_SCADA,1,"2019/08/20 05:40:00",LADBROK2,0
D,DISPATCH,UNIT_SCADA,1,"2019/08/20 05:40:00",LD01,360.281250
D,DISPATCH,UNIT_SCADA,1,"2019/08/20 05:40:00",LD02,364.406250
D,DISPATCH,UNIT_SCADA,1,"2019/08/20 05:40:00",LD03,356.25
D,DISPATCH,UNIT_SCADA,1,"2019/08/20 05:40:00",LD04,359.550020
D,DISPATCH,UNIT_SCADA,1,"2019/08/20 05:40:00",LEM_WIL,85.475350
D,DISPATCH,UNIT_SCADA,1,"2019/08/20 05:40:00",LGAPWF1,18.25
D,DISPATCH,UNIT_SCADA,1,"2019/08/20 05:40:00",LILYSF1,0
D,DISPATCH,UNIT_SCADA,1,"2019/08/20 05:40:00",LI_WY_CA,147.578720
D,DISPATCH,UNIT_SCADA,1,"2019/08/20 05:40:00",LKBONNY2,144.133150
D,DISPATCH,UNIT_SCADA,1,"2019/08/20 05:40:00",LKBONNY3,34.944580
D,DISPATCH,UNIT_SCADA,1,"2019/08/20 05:40:00",LK_ECHO,0
D,DISPATCH,UNIT_SCADA,1,"2019/08/20 05:40:00",LNGS1,0
D,DISPATCH,UNIT_SCADA,1,"2019/08/20 05:40:00",LNGS2,0
D,DISPATCH,UNIT_SCADA,1,"2019/08/20 05:40:00",LONSDALE,0
D,DISPATCH,UNIT_SCADA,1,"2019/08/20 05:40:00",LOYYB1,536.840520
D,DISPATCH,UNIT_SCADA,1,"2019/08/20 05:40:00",LOYYB2,585.337950
D,DISPATCH,UNIT_SCADA,1,"2019/08/20 05:40:00",LYA1,560
D,DISPATCH,UNIT_SCADA,1,"2019/08/20 05:40:00",LYA2,0
D,DISPATCH,UNIT_SCADA,1,"2019/08/20 05:40:00",LYA3,561
D,DISPATCH,UNIT_SCADA,1,"2019/08/20 05:40:00",LYA4,539
D,DISPATCH,UNIT_SCADA,1,"2019/08/20 05:40:00",MACARTH1,325.392490
D,DISPATCH,UNIT_SCADA,1,"2019/08/20 05:40:00",MACKAYGT,0
D,DISPATCH,UNIT_SCADA,1,"2019/08/20 05:40:00",MACKNTSH,85.44
D,DISPATCH,UNIT_SCADA,1,"2019/08/20 05:40:00",MANSLR1,0
D,DISPATCH,UNIT_SCADA,1,"2019/08/20 05:40:00",MCKAY1,0.02
D,DISPATCH,UNIT_SCADA,1,"2019/08/20 05:40:00",MEADOWBK,33.695820
D,DISPATCH,UNIT_SCADA,1,"2019/08/20 05:40:00",MERCER01,123.723010
D,DISPATCH,UNIT_SCADA,1,"2019/08/20 05:40:00",MEWF1,38.803460
D,DISPATCH,UNIT_SCADA,1,"2019/08/20 05:40:00",MINTARO,0
D,DISPATCH,UNIT_SCADA,1,"2019/08/20 05:40:00",MOREESF1,0
D,DISPATCH,UNIT_SCADA,1,"2019/08/20 05:40:00",MORTLK11,124
D,DISPATCH,UNIT_SCADA,1,"2019/08/20 05:40:00",MORTLK12,0
D,DISPATCH,UNIT_SCADA,1,"2019/08/20 05:40:00",MP1,277
D,DISPATCH,UNIT_SCADA,1,"2019/08/20 05:40:00",MP2,0
D,DISPATCH,UNIT_SCADA,1,"2019/08/20 05:40:00",MPP_1,431.75
D,DISPATCH,UNIT_SCADA,1,"2019/08/20 05:40:00",MPP_2,435.75
D,DISPATCH,UNIT_SCADA,1,"2019/08/20 05:40:00",MSTUART1,0
D,DISPATCH,UNIT_SCADA,1,"2019/08/20 05:40:00",MSTUART2,0
D,DISPATCH,UNIT_SCADA,1,"2019/08/20 05:40:00",MSTUART3,0
D,DISPATCH,UNIT_SCADA,1,"2019/08/20 05:40:00",MTGELWF1,64.688550
D,DISPATCH,UNIT_SCADA,1,"2019/08/20 05:40:00",MURRAY,0
D,DISPATCH,UNIT_SCADA,1,"2019/08/20 05:40:00",MUSSELR1,162.80
D,DISPATCH,UNIT_SCADA,1,"2019/08/20 05:40:00",MUWAWF1,32.66
D,DISPATCH,UNIT_SCADA,1,"2019/08/20 05:40:00",NBHWF1,75.60
D,DISPATCH,UNIT_SCADA,1,"2019/08/20 05:40:00",NPS,0
D,DISPATCH,UNIT_SCADA,1,"2019/08/20 05:40:00",NUMURSF1,0
D,DISPATCH,UNIT_SCADA,1,"2019/08/20 05:40:00",NYNGAN1,0
D,DISPATCH,UNIT_SCADA,1,"2019/08/20 05:40:00",OAKEY1,0
D,DISPATCH,UNIT_SCADA,1,"2019/08/20 05:40:00",OAKEY1SF,0
D,DISPATCH,UNIT_SCADA,1,"2019/08/20 05:40:00",OAKEY2,0
D,DISPATCH,UNIT_SCADA,1,"2019/08/20 05:40:00",OAKLAND1,62.20
D,DISPATCH,UNIT_SCADA,1,"2019/08/20 05:40:00",OSB-AG,140.58
D,DISPATCH,UNIT_SCADA,1,"2019/08/20 05:40:00",PARSF1,0
D,DISPATCH,UNIT_SCADA,1,"2019/08/20 05:40:00",POAT110,0
D,DISPATCH,UNIT_SCADA,1,"2019/08/20 05:40:00",POAT220,3.11
D,DISPATCH,UNIT_SCADA,1,"2019/08/20 05:40:00",POR01,0
D,DISPATCH,UNIT_SCADA,1,"2019/08/20 05:40:00",POR03,0
D,DISPATCH,UNIT_SCADA,1,"2019/08/20 05:40:00",PPCCGT,0
D,DISPATCH,UNIT_SCADA,1,"2019/08/20 05:40:00",PTSTAN1,0
D,DISPATCH,UNIT_SCADA,1,"2019/08/20 05:40:00",PUMP1,0
D,DISPATCH,UNIT_SCADA,1,"2019/08/20 05:40:00",PUMP2,0
D,DISPATCH,UNIT_SCADA,1,"2019/08/20 05:40:00",QPS1,0
D,DISPATCH,UNIT_SCADA,1,"2019/08/20 05:40:00",QPS2,0
D,DISPATCH,UNIT_SCADA,1,"2019/08/20 05:40:00",QPS3,0
D,DISPATCH,UNIT_SCADA,1,"2019/08/20 05:40:00",QPS4,0
D,DISPATCH,UNIT_SCADA,1,"2019/08/20 05:40:00",QPS5,0
D,DISPATCH,UNIT_SCADA,1,"2019/08/20 05:40:00",REECE1,114.970010
D,DISPATCH,UNIT_SCADA,1,"2019/08/20 05:40:00",REECE2,115.140010
D,DISPATCH,UNIT_SCADA,1,"2019/08/20 05:40:00",ROMA_7,0
D,DISPATCH,UNIT_SCADA,1,"2019/08/20 05:40:00",ROMA_8,0
D,DISPATCH,UNIT_SCADA,1,"2019/08/20 05:40:00",RRSF1,0
D,DISPATCH,UNIT_SCADA,1,"2019/08/20 05:40:00",RT_NSW1,0
D,DISPATCH,UNIT_SCADA,1,"2019/08/20 05:40:00",RT_NSW2,0
D,DISPATCH,UNIT_SCADA,1,"2019/08/20 05:40:00",RT_NSW3,0
D,DISPATCH,UNIT_SCADA,1,"2019/08/20 05:40:00",RT_NSW4,0
D,DISPATCH,UNIT_SCADA,1,"2019/08/20 05:40:00",RT_NSW5,0
D,DISPATCH,UNIT_SCADA,1,"2019/08/20 05:40:00",RT_NSW6,0
D,DISPATCH,UNIT_SCADA,1,"2019/08/20 05:40:00",RT_QLD1,0
D,DISPATCH,UNIT_SCADA,1,"2019/08/20 05:40:00",RT_SA1,0
D,DISPATCH,UNIT_SCADA,1,"2019/08/20 05:40:00",RT_SA2,0
D,DISPATCH,UNIT_SCADA,1,"2019/08/20 05:40:00",RT_SA3,0
D,DISPATCH,UNIT_SCADA,1,"2019/08/20 05:40:00",RT_SA4,0
D,DISPATCH,UNIT_SCADA,1,"2019/08/20 05:40:00",RT_SA5,0
D,DISPATCH,UNIT_SCADA,1,"2019/08/20 05:40:00",RT_SA6,0
D,DISPATCH,UNIT_SCADA,1,"2019/08/20 05:40:00",RT_TAS1,0
D,DISPATCH,UNIT_SCADA,1,"2019/08/20 05:40:00",RT_VIC1,0
D,DISPATCH,UNIT_SCADA,1,"2019/08/20 05:40:00",RT_VIC10,0
D,DISPATCH,UNIT_SCADA,1,"2019/08/20 05:40:00",RT_VIC11,0
D,DISPATCH,UNIT_SCADA,1,"2019/08/20 05:40:00",RT_VIC12,0
D,DISPATCH,UNIT_SCADA,1,"2019/08/20 05:40:00",RT_VIC2,0
D,DISPATCH,UNIT_SCADA,1,"2019/08/20 05:40:00",RT_VIC3,0
D,DISPATCH,UNIT_SCADA,1,"2019/08/20 05:40:00",RT_VIC4,0
D,DISPATCH,UNIT_SCADA,1,"2019/08/20 05:40:00",RT_VIC5,0
D,DISPATCH,UNIT_SCADA,1,"2019/08/20 05:40:00",RT_VIC6,0
D,DISPATCH,UNIT_SCADA,1,"2019/08/20 05:40:00",RT_VIC7,0
D,DISPATCH,UNIT_SCADA,1,"2019/08/20 05:40:00",RT_VIC8,0
D,DISPATCH,UNIT_SCADA,1,"2019/08/20 05:40:00",RT_VIC9,0
D,DISPATCH,UNIT_SCADA,1,"2019/08/20 05:40:00",RUGBYR1,0
D,DISPATCH,UNIT_SCADA,1,"2019/08/20 05:40:00",SALTCRK1,49.97
D,DISPATCH,UNIT_SCADA,1,"2019/08/20 05:40:00",SAPHWF1,112.706240
D,DISPATCH,UNIT_SCADA,1,"2019/08/20 05:40:00",SHGEN,0
D,DISPATCH,UNIT_SCADA,1,"2019/08/20 05:40:00",SHPUMP,0
D,DISPATCH,UNIT_SCADA,1,"2019/08/20 05:40:00",SITHE01,0.083520
D,DISPATCH,UNIT_SCADA,1,"2019/08/20 05:40:00",SMCSF1,0
D,DISPATCH,UNIT_SCADA,1,"2019/08/20 05:40:00",SNOWNTH1,17.20
D,DISPATCH,UNIT_SCADA,1,"2019/08/20 05:40:00",SNOWSTH1,56.20
D,DISPATCH,UNIT_SCADA,1,"2019/08/20 05:40:00",SNOWTWN1,24.907670
D,DISPATCH,UNIT_SCADA,1,"2019/08/20 05:40:00",SNOWYP,188.900010
D,DISPATCH,UNIT_SCADA,1,"2019/08/20 05:40:00",SNUG1,0.019440
D,DISPATCH,UNIT_SCADA,1,"2019/08/20 05:40:00",SRSF1,0
D,DISPATCH,UNIT_SCADA,1,"2019/08/20 05:40:00",STAN-1,0
D,DISPATCH,UNIT_SCADA,1,"2019/08/20 05:40:00",STAN-2,223.939790
D,DISPATCH,UNIT_SCADA,1,"2019/08/20 05:40:00",STAN-3,223.952610
D,DISPATCH,UNIT_SCADA,1,"2019/08/20 05:40:00",STAN-4,218.287140
D,DISPATCH,UNIT_SCADA,1,"2019/08/20 05:40:00",STWF1,137.7450
D,DISPATCH,UNIT_SCADA,1,"2019/08/20 05:40:00",SWAN_E,0
D,DISPATCH,UNIT_SCADA,1,"2019/08/20 05:40:00",TALWA1,249
D,DISPATCH,UNIT_SCADA,1,"2019/08/20 05:40:00",TARALGA1,87.2925
D,DISPATCH,UNIT_SCADA,1,"2019/08/20 05:40:00",TARONG#1,232.30
D,DISPATCH,UNIT_SCADA,1,"2019/08/20 05:40:00",TARONG#2,233
D,DISPATCH,UNIT_SCADA,1,"2019/08/20 05:40:00",TARONG#3,192.70
D,DISPATCH,UNIT_SCADA,1,"2019/08/20 05:40:00",TARONG#4,229.70
D,DISPATCH,UNIT_SCADA,1,"2019/08/20 05:40:00",TARRALEA,79
D,DISPATCH,UNIT_SCADA,1,"2019/08/20 05:40:00",TBSF1,-0.20
D,DISPATCH,UNIT_SCADA,1,"2019/08/20 05:40:00",TNPS1,308.50
D,DISPATCH,UNIT_SCADA,1,"2019/08/20 05:40:00",TORRA1,51.225480
D,DISPATCH,UNIT_SCADA,1,"2019/08/20 05:40:00",TORRA2,0
D,DISPATCH,UNIT_SCADA,1,"2019/08/20 05:40:00",TORRA3,42.815730
D,DISPATCH,UNIT_SCADA,1,"2019/08/20 05:40:00",TORRA4,0
D,DISPATCH,UNIT_SCADA,1,"2019/08/20 05:40:00",TORRB1,57.46
D,DISPATCH,UNIT_SCADA,1,"2019/08/20 05:40:00",TORRB2,63.13
D,DISPATCH,UNIT_SCADA,1,"2019/08/20 05:40:00",TORRB3,0
D,DISPATCH,UNIT_SCADA,1,"2019/08/20 05:40:00",TORRB4,0
D,DISPATCH,UNIT_SCADA,1,"2019/08/20 05:40:00",TREVALLN,2.10
D,DISPATCH,UNIT_SCADA,1,"2019/08/20 05:40:00",TRIBUTE,84.59
D,DISPATCH,UNIT_SCADA,1,"2019/08/20 05:40:00",TUMUT3,0
D,DISPATCH,UNIT_SCADA,1,"2019/08/20 05:40:00",TUNGATIN,120.070030
D,DISPATCH,UNIT_SCADA,1,"2019/08/20 05:40:00",TVCC201,0
D,DISPATCH,UNIT_SCADA,1,"2019/08/20 05:40:00",TVPP104,0
D,DISPATCH,UNIT_SCADA,1,"2019/08/20 05:40:00",UPPTUMUT,0
D,DISPATCH,UNIT_SCADA,1,"2019/08/20 05:40:00",URANQ11,0
D,DISPATCH,UNIT_SCADA,1,"2019/08/20 05:40:00",URANQ12,0
D,DISPATCH,UNIT_SCADA,1,"2019/08/20 05:40:00",URANQ13,0
D,DISPATCH,UNIT_SCADA,1,"2019/08/20 05:40:00",URANQ14,0
D,DISPATCH,UNIT_SCADA,1,"2019/08/20 05:40:00",VP5,399.700010
D,DISPATCH,UNIT_SCADA,1,"2019/08/20 05:40:00",VP6,397.600010
D,DISPATCH,UNIT_SCADA,1,"2019/08/20 05:40:00",VPGS1,0
D,DISPATCH,UNIT_SCADA,1,"2019/08/20 05:40:00",VPGS2,0
D,DISPATCH,UNIT_SCADA,1,"2019/08/20 05:40:00",VPGS3,0
D,DISPATCH,UNIT_SCADA,1,"2019/08/20 05:40:00",VPGS4,0
D,DISPATCH,UNIT_SCADA,1,"2019/08/20 05:40:00",VPGS5,0
D,DISPATCH,UNIT_SCADA,1,"2019/08/20 05:40:00",VPGS6,0
D,DISPATCH,UNIT_SCADA,1,"2019/08/20 05:40:00",W/HOE#1,0
D,DISPATCH,UNIT_SCADA,1,"2019/08/20 05:40:00",W/HOE#2,0
D,DISPATCH,UNIT_SCADA,1,"2019/08/20 05:40:00",WATERLWF,98.50
D,DISPATCH,UNIT_SCADA,1,"2019/08/20 05:40:00",WEMENSF1,0
D,DISPATCH,UNIT_SCADA,1,"2019/08/20 05:40:00",WGWF1,61.40
D,DISPATCH,UNIT_SCADA,1,"2019/08/20 05:40:00",WHITSF1,0
D,DISPATCH,UNIT_SCADA,1,"2019/08/20 05:40:00",WKIEWA1,17
D,DISPATCH,UNIT_SCADA,1,"2019/08/20 05:40:00",WKIEWA2,17.10
D,DISPATCH,UNIT_SCADA,1,"2019/08/20 05:40:00",WOODLWN1,45.126010
D,DISPATCH,UNIT_SCADA,1,"2019/08/20 05:40:00",WRSF1,0
D,DISPATCH,UNIT_SCADA,1,"2019/08/20 05:40:00",WRWF1,77.447490
D,DISPATCH,UNIT_SCADA,1,"2019/08/20 05:40:00",YABULU,0
D,DISPATCH,UNIT_SCADA,1,"2019/08/20 05:40:00",YABULU2,0
D,DISPATCH,UNIT_SCADA,1,"2019/08/20 05:40:00",YARWUN_1,0
D,DISPATCH,UNIT_SCADA,1,"2019/08/20 05:40:00",YENDWF1,41.98
D,DISPATCH,UNIT_SCADA,1,"2019/08/20 05:40:00",YWPS1,380.701260
D,DISPATCH,UNIT_SCADA,1,"2019/08/20 05:40:00",YWPS2,277.189880
D,DISPATCH,UNIT_SCADA,1,"2019/08/20 05:40:00",YWPS3,0
D,DISPATCH,UNIT_SCADA,1,"2019/08/20 05:40:00",YWPS4,398.343050
C,"END OF REPORT",334
