C,NEMP.WORLD,DISPATCHSCADA,AEMO,PUBLIC,2019/08/22,03:45:09,0000000311851542,DISPATCHSCADA,0000000311851536
I,DISPATCH,UNIT_SCADA,1,SETTLEMENTDATE,DUID,SCADAVALUE
D,DISPATCH,UNIT_SCADA,1,"2019/08/22 03:50:00",BARCSF1,0.70
D,DISPATCH,UNIT_SCADA,1,"2019/08/22 03:50:00",BUTLERSG,9.699999
D,DISPATCH,UNIT_SCADA,1,"2019/08/22 03:50:00",CALL_A_4,0
D,DISPATCH,UNIT_SCADA,1,"2019/08/22 03:50:00",CAPTL_WF,125.560005
D,DISPATCH,UNIT_SCADA,1,"2019/08/22 03:50:00",CATHROCK,13.02
D,DISPATCH,UNIT_SCADA,1,"2019/08/22 03:50:00",CHALLHWF,48.400002
D,DISPATCH,UNIT_SCADA,1,"2019/08/22 03:50:00",CLOVER,-0.01
D,DISPATCH,UNIT_SCADA,1,"2019/08/22 03:50:00",CLUNY,19.992218
D,DISPATCH,UNIT_SCADA,1,"2019/08/22 03:50:00",CNUNDAWF,38.845314
D,DISPATCH,UNIT_SCADA,1,"2019/08/22 03:50:00",CULLRGWF,24.309999
D,DISPATCH,UNIT_SCADA,1,"2019/08/22 03:50:00",ERGT01,0
D,DISPATCH,UNIT_SCADA,1,"2019/08/22 03:50:00",GB01,0.061935
D,DISPATCH,UNIT_SCADA,1,"2019/08/22 03:50:00",GERMCRK,39.799999
D,DISPATCH,UNIT_SCADA,1,"2019/08/22 03:50:00",GRIFSF1,0
D,DISPATCH,UNIT_SCADA,1,"2019/08/22 03:50:00",HUGSF1,-0.2430
D,DISPATCH,UNIT_SCADA,1,"2019/08/22 03:50:00",LKBONNY1,67.696495
D,DISPATCH,UNIT_SCADA,1,"2019/08/22 03:50:00",LRSF1,0.0390
D,DISPATCH,UNIT_SCADA,1,"2019/08/22 03:50:00",MBAHNTH,56.025009
D,DISPATCH,UNIT_SCADA,1,"2019/08/22 03:50:00",MLSP1,0.271001
D,DISPATCH,UNIT_SCADA,1,"2019/08/22 03:50:00",MLWF1,19.665001
D,DISPATCH,UNIT_SCADA,1,"2019/08/22 03:50:00",MTMILLAR,14.562647
D,DISPATCH,UNIT_SCADA,1,"2019/08/22 03:50:00",PALOONA,8.19
D,DISPATCH,UNIT_SCADA,1,"2019/08/22 03:50:00",PIONEER,44.799999
D,DISPATCH,UNIT_SCADA,1,"2019/08/22 03:50:00",PORTWF,118.400002
D,DISPATCH,UNIT_SCADA,1,"2019/08/22 03:50:00",REPULSE,0.000610
D,DISPATCH,UNIT_SCADA,1,"2019/08/22 03:50:00",ROWALLAN,10.3731
D,DISPATCH,UNIT_SCADA,1,"2019/08/22 03:50:00",ROYALLA1,0
D,DISPATCH,UNIT_SCADA,1,"2019/08/22 03:50:00",RPCG,11.60
D,DISPATCH,UNIT_SCADA,1,"2019/08/22 03:50:00",RUBICON,0
D,DISPATCH,UNIT_SCADA,1,"2019/08/22 03:50:00",SATGN1,0
D,DISPATCH,UNIT_SCADA,1,"2019/08/22 03:50:00",SATGS1,0
D,DISPATCH,UNIT_SCADA,1,"2019/08/22 03:50:00",STARHLWF,4.298747
D,DISPATCH,UNIT_SCADA,1,"2019/08/22 03:50:00",WAUBRAWF,168.727005
D,DISPATCH,UNIT_SCADA,1,"2019/08/22 03:50:00",WOOLNTH1,102.700027
D,DISPATCH,UNIT_SCADA,1,"2019/08/22 03:50:00",WPWF,37
D,DISPATCH,UNIT_SCADA,1,"2019/08/22 03:50:00",YAMBUKWF,27.700001
D,DISPATCH,UNIT_SCADA,1,"2019/08/22 03:50:00",YSWF1,28.50
D,DISPATCH,UNIT_SCADA,1,"2019/08/22 03:50:00",AGLHAL,0
D,DISPATCH,UNIT_SCADA,1,"2019/08/22 03:50:00",AGLSOM,0
D,DISPATCH,UNIT_SCADA,1,"2019/08/22 03:50:00",ANGAST1,0
D,DISPATCH,UNIT_SCADA,1,"2019/08/22 03:50:00",ARWF1,209.700010
D,DISPATCH,UNIT_SCADA,1,"2019/08/22 03:50:00",BALBG1,0
D,DISPATCH,UNIT_SCADA,1,"2019/08/22 03:50:00",BALBL1,8.96
D,DISPATCH,UNIT_SCADA,1,"2019/08/22 03:50:00",BALDHWF1,98.3940
D,DISPATCH,UNIT_SCADA,1,"2019/08/22 03:50:00",BANN1,0
D,DISPATCH,UNIT_SCADA,1,"2019/08/22 03:50:00",BARCALDN,0
D,DISPATCH,UNIT_SCADA,1,"2019/08/22 03:50:00",BARRON-1,0
D,DISPATCH,UNIT_SCADA,1,"2019/08/22 03:50:00",BARRON-2,25.64
D,DISPATCH,UNIT_SCADA,1,"2019/08/22 03:50:00",BASTYAN,78.26
D,DISPATCH,UNIT_SCADA,1,"2019/08/22 03:50:00",BBTHREE1,-1.96
D,DISPATCH,UNIT_SCADA,1,"2019/08/22 03:50:00",BBTHREE2,-2.03
D,DISPATCH,UNIT_SCADA,1,"2019/08/22 03:50:00",BBTHREE3,-1.09
D,DISPATCH,UNIT_SCADA,1,"2019/08/22 03:50:00",BDL01,0
D,DISPATCH,UNIT_SCADA,1,"2019/08/22 03:50:00",BDL02,0
D,DISPATCH,UNIT_SCADA,1,"2019/08/22 03:50:00",BERYLSF1,0
D,DISPATCH,UNIT_SCADA,1,"2019/08/22 03:50:00",BLOWERNG,0
D,DISPATCH,UNIT_SCADA,1,"2019/08/22 03:50:00",BLUFF1,29.90
D,DISPATCH,UNIT_SCADA,1,"2019/08/22 03:50:00",BNGSF1,0
D,DISPATCH,UNIT_SCADA,1,"2019/08/22 03:50:00",BNGSF2,0
D,DISPATCH,UNIT_SCADA,1,"2019/08/22 03:50:00",BOCORWF1,111.08
D,DISPATCH,UNIT_SCADA,1,"2019/08/22 03:50:00",BODWF1,108.3186
D,DISPATCH,UNIT_SCADA,1,"2019/08/22 03:50:00",BRAEMAR1,0
D,DISPATCH,UNIT_SCADA,1,"2019/08/22 03:50:00",BRAEMAR2,0
D,DISPATCH,UNIT_SCADA,1,"2019/08/22 03:50:00",BRAEMAR3,0
D,DISPATCH,UNIT_SCADA,1,"2019/08/22 03:50:00",BRAEMAR5,0
D,DISPATCH,UNIT_SCADA,1,"2019/08/22 03:50:00",BRAEMAR6,0
D,DISPATCH,UNIT_SCADA,1,"2019/08/22 03:50:00",BRAEMAR7,0
D,DISPATCH,UNIT_SCADA,1,"2019/08/22 03:50:00",BROKENH1,0
D,DISPATCH,UNIT_SCADA,1,"2019/08/22 03:50:00",BW01,349.525020
D,DISPATCH,UNIT_SCADA,1,"2019/08/22 03:50:00",BW02,422.3750
D,DISPATCH,UNIT_SCADA,1,"2019/08/22 03:50:00",BW03,455.599980
D,DISPATCH,UNIT_SCADA,1,"2019/08/22 03:50:00",BW04,0
D,DISPATCH,UNIT_SCADA,1,"2019/08/22 03:50:00",CALL_B_1,349.300020
D,DISPATCH,UNIT_SCADA,1,"2019/08/22 03:50:00",CALL_B_2,289.50
D,DISPATCH,UNIT_SCADA,1,"2019/08/22 03:50:00",CETHANA,98.843120
D,DISPATCH,UNIT_SCADA,1,"2019/08/22 03:50:00",CG1,0
D,DISPATCH,UNIT_SCADA,1,"2019/08/22 03:50:00",CG2,0
D,DISPATCH,UNIT_SCADA,1,"2019/08/22 03:50:00",CG3,0
D,DISPATCH,UNIT_SCADA,1,"2019/08/22 03:50:00",CG4,0
D,DISPATCH,UNIT_SCADA,1,"2019/08/22 03:50:00",CHILDSF1,0.01
D,DISPATCH,UNIT_SCADA,1,"2019/08/22 03:50:00",CLARESF1,0
D,DISPATCH,UNIT_SCADA,1,"2019/08/22 03:50:00",CLEMGPWF,11.237460
D,DISPATCH,UNIT_SCADA,1,"2019/08/22 03:50:00",CLERMSF1,0
D,DISPATCH,UNIT_SCADA,1,"2019/08/22 03:50:00",COLEASF1,0
D,DISPATCH,UNIT_SCADA,1,"2019/08/22 03:50:00",COOPGWF1,3.219480
D,DISPATCH,UNIT_SCADA,1,"2019/08/22 03:50:00",CPP_3,323.399990
D,DISPATCH,UNIT_SCADA,1,"2019/08/22 03:50:00",CPP_4,330.825010
D,DISPATCH,UNIT_SCADA,1,"2019/08/22 03:50:00",CPSA,141.948760
D,DISPATCH,UNIT_SCADA,1,"2019/08/22 03:50:00",CROOKWF2,33.653750
D,DISPATCH,UNIT_SCADA,1,"2019/08/22 03:50:00",CROWLWF1,48.599040
D,DISPATCH,UNIT_SCADA,1,"2019/08/22 03:50:00",CSPVPS1,0.0430
D,DISPATCH,UNIT_SCADA,1,"2019/08/22 03:50:00",DALNTH01,0
D,DISPATCH,UNIT_SCADA,1,"2019/08/22 03:50:00",DALNTHL1,0.932330
D,DISPATCH,UNIT_SCADA,1,"2019/08/22 03:50:00",DARTM1,0
D,DISPATCH,UNIT_SCADA,1,"2019/08/22 03:50:00",DAYDSF1,0
D,DISPATCH,UNIT_SCADA,1,"2019/08/22 03:50:00",DDPS1,0
D,DISPATCH,UNIT_SCADA,1,"2019/08/22 03:50:00",DDSF1,0
D,DISPATCH,UNIT_SCADA,1,"2019/08/22 03:50:00",DEVILS_G,0
D,DISPATCH,UNIT_SCADA,1,"2019/08/22 03:50:00",DG_NSW1,0
D,DISPATCH,UNIT_SCADA,1,"2019/08/22 03:50:00",DG_QLD1,0
D,DISPATCH,UNIT_SCADA,1,"2019/08/22 03:50:00",DG_SA1,0
D,DISPATCH,UNIT_SCADA,1,"2019/08/22 03:50:00",DG_TAS1,0
D,DISPATCH,UNIT_SCADA,1,"2019/08/22 03:50:00",DG_VIC1,0
D,DISPATCH,UNIT_SCADA,1,"2019/08/22 03:50:00",DRYCGT1,0
D,DISPATCH,UNIT_SCADA,1,"2019/08/22 03:50:00",DRYCGT2,0
D,DISPATCH,UNIT_SCADA,1,"2019/08/22 03:50:00",DRYCGT3,0
D,DISPATCH,UNIT_SCADA,1,"2019/08/22 03:50:00",EILDON1,0
D,DISPATCH,UNIT_SCADA,1,"2019/08/22 03:50:00",EILDON2,0
D,DISPATCH,UNIT_SCADA,1,"2019/08/22 03:50:00",EMERASF1,0
D,DISPATCH,UNIT_SCADA,1,"2019/08/22 03:50:00",ER01,279.349980
D,DISPATCH,UNIT_SCADA,1,"2019/08/22 03:50:00",ER02,291.849980
D,DISPATCH,UNIT_SCADA,1,"2019/08/22 03:50:00",ER03,379.199950
D,DISPATCH,UNIT_SCADA,1,"2019/08/22 03:50:00",ER04,291.900020
D,DISPATCH,UNIT_SCADA,1,"2019/08/22 03:50:00",FINLYSF1,0
D,DISPATCH,UNIT_SCADA,1,"2019/08/22 03:50:00",FISHER,45.82
D,DISPATCH,UNIT_SCADA,1,"2019/08/22 03:50:00",GANNBG1,0
D,DISPATCH,UNIT_SCADA,1,"2019/08/22 03:50:00",GANNBL1,10.009910
D,DISPATCH,UNIT_SCADA,1,"2019/08/22 03:50:00",GANNSF1,0
D,DISPATCH,UNIT_SCADA,1,"2019/08/22 03:50:00",GORDON,12.885040
D,DISPATCH,UNIT_SCADA,1,"2019/08/22 03:50:00",GSTONE1,129.6750
D,DISPATCH,UNIT_SCADA,1,"2019/08/22 03:50:00",GSTONE2,130.20
D,DISPATCH,UNIT_SCADA,1,"2019/08/22 03:50:00",GSTONE3,129.849990
D,DISPATCH,UNIT_SCADA,1,"2019/08/22 03:50:00",GSTONE4,130.55
D,DISPATCH,UNIT_SCADA,1,"2019/08/22 03:50:00",GSTONE5,129.6750
D,DISPATCH,UNIT_SCADA,1,"2019/08/22 03:50:00",GSTONE6,0
D,DISPATCH,UNIT_SCADA,1,"2019/08/22 03:50:00",GULLRSF1,0
D,DISPATCH,UNIT_SCADA,1,"2019/08/22 03:50:00",GULLRWF1,150.205960
D,DISPATCH,UNIT_SCADA,1,"2019/08/22 03:50:00",GUNNING1,46.228640
D,DISPATCH,UNIT_SCADA,1,"2019/08/22 03:50:00",GUTHEGA,0
D,DISPATCH,UNIT_SCADA,1,"2019/08/22 03:50:00",HALLWF1,81.17
D,DISPATCH,UNIT_SCADA,1,"2019/08/22 03:50:00",HALLWF2,63.60
D,DISPATCH,UNIT_SCADA,1,"2019/08/22 03:50:00",HAMISF1,0
D,DISPATCH,UNIT_SCADA,1,"2019/08/22 03:50:00",HAUGHT11,0
D,DISPATCH,UNIT_SCADA,1,"2019/08/22 03:50:00",HAYMSF1,0
D,DISPATCH,UNIT_SCADA,1,"2019/08/22 03:50:00",HDWF1,48.40
D,DISPATCH,UNIT_SCADA,1,"2019/08/22 03:50:00",HDWF2,30.70
D,DISPATCH,UNIT_SCADA,1,"2019/08/22 03:50:00",HDWF3,40.40
D,DISPATCH,UNIT_SCADA,1,"2019/08/22 03:50:00",HPRG1,0
D,DISPATCH,UNIT_SCADA,1,"2019/08/22 03:50:00",HPRL1,0.10
D,DISPATCH,UNIT_SCADA,1,"2019/08/22 03:50:00",HUMENSW,0
D,DISPATCH,UNIT_SCADA,1,"2019/08/22 03:50:00",HUMEV,11
D,DISPATCH,UNIT_SCADA,1,"2019/08/22 03:50:00",HVGTS,0
D,DISPATCH,UNIT_SCADA,1,"2019/08/22 03:50:00",JBUTTERS,22.23
D,DISPATCH,UNIT_SCADA,1,"2019/08/22 03:50:00",JLA01,0.50
D,DISPATCH,UNIT_SCADA,1,"2019/08/22 03:50:00",JLA02,0
D,DISPATCH,UNIT_SCADA,1,"2019/08/22 03:50:00",JLA03,0.10
D,DISPATCH,UNIT_SCADA,1,"2019/08/22 03:50:00",JLA04,0.10
D,DISPATCH,UNIT_SCADA,1,"2019/08/22 03:50:00",JLB01,0
D,DISPATCH,UNIT_SCADA,1,"2019/08/22 03:50:00",JLB02,0.10
D,DISPATCH,UNIT_SCADA,1,"2019/08/22 03:50:00",JLB03,0
D,DISPATCH,UNIT_SCADA,1,"2019/08/22 03:50:00",KAREEYA1,21.51
D,DISPATCH,UNIT_SCADA,1,"2019/08/22 03:50:00",KAREEYA2,21.75
D,DISPATCH,UNIT_SCADA,1,"2019/08/22 03:50:00",KAREEYA3,0
D,DISPATCH,UNIT_SCADA,1,"2019/08/22 03:50:00",KAREEYA4,21.7175
D,DISPATCH,UNIT_SCADA,1,"2019/08/22 03:50:00",KARSF1,0
D,DISPATCH,UNIT_SCADA,1,"2019/08/22 03:50:00",KIATAWF1,29.70
D,DISPATCH,UNIT_SCADA,1,"2019/08/22 03:50:00",KPP_1,0
D,DISPATCH,UNIT_SCADA,1,"2019/08/22 03:50:00",KSP1,0
D,DISPATCH,UNIT_SCADA,1,"2019/08/22 03:50:00",LADBROK1,0
D,DISPATCH,UNIT_SCADA,1,"2019/08/22 03:50:00",LADBROK2,0
D,DISPATCH,UNIT_SCADA,1,"2019/08/22 03:50:00",LD01,352.743710
D,DISPATCH,UNIT_SCADA,1,"2019/08/22 03:50:00",LD02,300.731320
D,DISPATCH,UNIT_SCADA,1,"2019/08/22 03:50:00",LD03,320.831240
D,DISPATCH,UNIT_SCADA,1,"2019/08/22 03:50:00",LD04,352.912450
D,DISPATCH,UNIT_SCADA,1,"2019/08/22 03:50:00",LEM_WIL,86.0802
D,DISPATCH,UNIT_SCADA,1,"2019/08/22 03:50:00",LGAPWF1,9.79
D,DISPATCH,UNIT_SCADA,1,"2019/08/22 03:50:00",LILYSF1,0
D,DISPATCH,UNIT_SCADA,1,"2019/08/22 03:50:00",LI_WY_CA,148.425220
D,DISPATCH,UNIT_SCADA,1,"2019/08/22 03:50:00",LKBONNY2,145.724210
D,DISPATCH,UNIT_SCADA,1,"2019/08/22 03:50:00",LKBONNY3,34.274720
D,DISPATCH,UNIT_SCADA,1,"2019/08/22 03:50:00",LK_ECHO,0
D,DISPATCH,UNIT_SCADA,1,"2019/08/22 03:50:00",LNGS1,0
D,DISPATCH,UNIT_SCADA,1,"2019/08/22 03:50:00",LNGS2,0
D,DISPATCH,UNIT_SCADA,1,"2019/08/22 03:50:00",LONSDALE,0
D,DISPATCH,UNIT_SCADA,1,"2019/08/22 03:50:00",LOYYB1,534.960750
D,DISPATCH,UNIT_SCADA,1,"2019/08/22 03:50:00",LOYYB2,577.818970
D,DISPATCH,UNIT_SCADA,1,"2019/08/22 03:50:00",LYA1,518
D,DISPATCH,UNIT_SCADA,1,"2019/08/22 03:50:00",LYA2,0
D,DISPATCH,UNIT_SCADA,1,"2019/08/22 03:50:00",LYA3,519
D,DISPATCH,UNIT_SCADA,1,"2019/08/22 03:50:00",LYA4,499
D,DISPATCH,UNIT_SCADA,1,"2019/08/22 03:50:00",MACARTH1,360.991670
D,DISPATCH,UNIT_SCADA,1,"2019/08/22 03:50:00",MACKAYGT,0
D,DISPATCH,UNIT_SCADA,1,"2019/08/22 03:50:00",MACKNTSH,85.180010
D,DISPATCH,UNIT_SCADA,1,"2019/08/22 03:50:00",MANSLR1,0
D,DISPATCH,UNIT_SCADA,1,"2019/08/22 03:50:00",MCKAY1,0.02
D,DISPATCH,UNIT_SCADA,1,"2019/08/22 03:50:00",MEADOWBK,34.0102
D,DISPATCH,UNIT_SCADA,1,"2019/08/22 03:50:00",MERCER01,120.668010
D,DISPATCH,UNIT_SCADA,1,"2019/08/22 03:50:00",MEWF1,59.551740
D,DISPATCH,UNIT_SCADA,1,"2019/08/22 03:50:00",MINTARO,0
D,DISPATCH,UNIT_SCADA,1,"2019/08/22 03:50:00",MOREESF1,0
D,DISPATCH,UNIT_SCADA,1,"2019/08/22 03:50:00",MORTLK11,0
D,DISPATCH,UNIT_SCADA,1,"2019/08/22 03:50:00",MORTLK12,0
D,DISPATCH,UNIT_SCADA,1,"2019/08/22 03:50:00",MP1,280.1250
D,DISPATCH,UNIT_SCADA,1,"2019/08/22 03:50:00",MP2,0
D,DISPATCH,UNIT_SCADA,1,"2019/08/22 03:50:00",MPP_1,400.50
D,DISPATCH,UNIT_SCADA,1,"2019/08/22 03:50:00",MPP_2,410.50
D,DISPATCH,UNIT_SCADA,1,"2019/08/22 03:50:00",MSTUART1,0
D,DISPATCH,UNIT_SCADA,1,"2019/08/22 03:50:00",MSTUART2,0
D,DISPATCH,UNIT_SCADA,1,"2019/08/22 03:50:00",MSTUART3,0
D,DISPATCH,UNIT_SCADA,1,"2019/08/22 03:50:00",MTGELWF1,64.311650
D,DISPATCH,UNIT_SCADA,1,"2019/08/22 03:50:00",MURRAY,0
D,DISPATCH,UNIT_SCADA,1,"2019/08/22 03:50:00",MUSSELR1,133.600010
D,DISPATCH,UNIT_SCADA,1,"2019/08/22 03:50:00",MUWAWF1,52.50
D,DISPATCH,UNIT_SCADA,1,"2019/08/22 03:50:00",NBHWF1,99.80
D,DISPATCH,UNIT_SCADA,1,"2019/08/22 03:50:00",NPS,0
D,DISPATCH,UNIT_SCADA,1,"2019/08/22 03:50:00",NUMURSF1,0
D,DISPATCH,UNIT_SCADA,1,"2019/08/22 03:50:00",NYNGAN1,0
D,DISPATCH,UNIT_SCADA,1,"2019/08/22 03:50:00",OAKEY1,0
D,DISPATCH,UNIT_SCADA,1,"2019/08/22 03:50:00",OAKEY1SF,0
D,DISPATCH,UNIT_SCADA,1,"2019/08/22 03:50:00",OAKEY2,0
D,DISPATCH,UNIT_SCADA,1,"2019/08/22 03:50:00",OAKLAND1,62.40
D,DISPATCH,UNIT_SCADA,1,"2019/08/22 03:50:00",OSB-AG,0
D,DISPATCH,UNIT_SCADA,1,"2019/08/22 03:50:00",PARSF1,0
D,DISPATCH,UNIT_SCADA,1,"2019/08/22 03:50:00",POAT110,0
D,DISPATCH,UNIT_SCADA,1,"2019/08/22 03:50:00",POAT220,2.38
D,DISPATCH,UNIT_SCADA,1,"2019/08/22 03:50:00",POR01,0
D,DISPATCH,UNIT_SCADA,1,"2019/08/22 03:50:00",POR03,0
D,DISPATCH,UNIT_SCADA,1,"2019/08/22 03:50:00",PPCCGT,173.5522
D,DISPATCH,UNIT_SCADA,1,"2019/08/22 03:50:00",PTSTAN1,0
D,DISPATCH,UNIT_SCADA,1,"2019/08/22 03:50:00",PUMP1,0
D,DISPATCH,UNIT_SCADA,1,"2019/08/22 03:50:00",PUMP2,0
D,DISPATCH,UNIT_SCADA,1,"2019/08/22 03:50:00",QPS1,0
D,DISPATCH,UNIT_SCADA,1,"2019/08/22 03:50:00",QPS2,0
D,DISPATCH,UNIT_SCADA,1,"2019/08/22 03:50:00",QPS3,0
D,DISPATCH,UNIT_SCADA,1,"2019/08/22 03:50:00",QPS4,0
D,DISPATCH,UNIT_SCADA,1,"2019/08/22 03:50:00",QPS5,0
D,DISPATCH,UNIT_SCADA,1,"2019/08/22 03:50:00",REECE1,119.680010
D,DISPATCH,UNIT_SCADA,1,"2019/08/22 03:50:00",REECE2,118.840010
D,DISPATCH,UNIT_SCADA,1,"2019/08/22 03:50:00",ROMA_7,0
D,DISPATCH,UNIT_SCADA,1,"2019/08/22 03:50:00",ROMA_8,0
D,DISPATCH,UNIT_SCADA,1,"2019/08/22 03:50:00",RRSF1,0
D,DISPATCH,UNIT_SCADA,1,"2019/08/22 03:50:00",RT_NSW1,0
D,DISPATCH,UNIT_SCADA,1,"2019/08/22 03:50:00",RT_NSW2,0
D,DISPATCH,UNIT_SCADA,1,"2019/08/22 03:50:00",RT_NSW3,0
D,DISPATCH,UNIT_SCADA,1,"2019/08/22 03:50:00",RT_NSW4,0
D,DISPATCH,UNIT_SCADA,1,"2019/08/22 03:50:00",RT_NSW5,0
D,DISPATCH,UNIT_SCADA,1,"2019/08/22 03:50:00",RT_NSW6,0
D,DISPATCH,UNIT_SCADA,1,"2019/08/22 03:50:00",RT_QLD1,0
D,DISPATCH,UNIT_SCADA,1,"2019/08/22 03:50:00",RT_SA1,0
D,DISPATCH,UNIT_SCADA,1,"2019/08/22 03:50:00",RT_SA2,0
D,DISPATCH,UNIT_SCADA,1,"2019/08/22 03:50:00",RT_SA3,0
D,DISPATCH,UNIT_SCADA,1,"2019/08/22 03:50:00",RT_SA4,0
D,DISPATCH,UNIT_SCADA,1,"2019/08/22 03:50:00",RT_SA5,0
D,DISPATCH,UNIT_SCADA,1,"2019/08/22 03:50:00",RT_SA6,0
D,DISPATCH,UNIT_SCADA,1,"2019/08/22 03:50:00",RT_TAS1,0
D,DISPATCH,UNIT_SCADA,1,"2019/08/22 03:50:00",RT_VIC1,0
D,DISPATCH,UNIT_SCADA,1,"2019/08/22 03:50:00",RT_VIC10,0
D,DISPATCH,UNIT_SCADA,1,"2019/08/22 03:50:00",RT_VIC11,0
D,DISPATCH,UNIT_SCADA,1,"2019/08/22 03:50:00",RT_VIC12,0
D,DISPATCH,UNIT_SCADA,1,"2019/08/22 03:50:00",RT_VIC2,0
D,DISPATCH,UNIT_SCADA,1,"2019/08/22 03:50:00",RT_VIC3,0
D,DISPATCH,UNIT_SCADA,1,"2019/08/22 03:50:00",RT_VIC4,0
D,DISPATCH,UNIT_SCADA,1,"2019/08/22 03:50:00",RT_VIC5,0
D,DISPATCH,UNIT_SCADA,1,"2019/08/22 03:50:00",RT_VIC6,0
D,DISPATCH,UNIT_SCADA,1,"2019/08/22 03:50:00",RT_VIC7,0
D,DISPATCH,UNIT_SCADA,1,"2019/08/22 03:50:00",RT_VIC8,0
D,DISPATCH,UNIT_SCADA,1,"2019/08/22 03:50:00",RT_VIC9,0
D,DISPATCH,UNIT_SCADA,1,"2019/08/22 03:50:00",RUGBYR1,0
D,DISPATCH,UNIT_SCADA,1,"2019/08/22 03:50:00",SALTCRK1,51.46
D,DISPATCH,UNIT_SCADA,1,"2019/08/22 03:50:00",SAPHWF1,196.921880
D,DISPATCH,UNIT_SCADA,1,"2019/08/22 03:50:00",SHGEN,0
D,DISPATCH,UNIT_SCADA,1,"2019/08/22 03:50:00",SHPUMP,121.790620
D,DISPATCH,UNIT_SCADA,1,"2019/08/22 03:50:00",SITHE01,0.153860
D,DISPATCH,UNIT_SCADA,1,"2019/08/22 03:50:00",SMCSF1,0
D,DISPATCH,UNIT_SCADA,1,"2019/08/22 03:50:00",SNOWNTH1,45
D,DISPATCH,UNIT_SCADA,1,"2019/08/22 03:50:00",SNOWSTH1,37.30
D,DISPATCH,UNIT_SCADA,1,"2019/08/22 03:50:00",SNOWTWN1,27.985820
D,DISPATCH,UNIT_SCADA,1,"2019/08/22 03:50:00",SNOWYP,190.400010
D,DISPATCH,UNIT_SCADA,1,"2019/08/22 03:50:00",SNUG1,0.019440
D,DISPATCH,UNIT_SCADA,1,"2019/08/22 03:50:00",SRSF1,0.44
D,DISPATCH,UNIT_SCADA,1,"2019/08/22 03:50:00",STAN-1,0
D,DISPATCH,UNIT_SCADA,1,"2019/08/22 03:50:00",STAN-2,179.333850
D,DISPATCH,UNIT_SCADA,1,"2019/08/22 03:50:00",STAN-3,222.029940
D,DISPATCH,UNIT_SCADA,1,"2019/08/22 03:50:00",STAN-4,193.792310
D,DISPATCH,UNIT_SCADA,1,"2019/08/22 03:50:00",STWF1,149.006260
D,DISPATCH,UNIT_SCADA,1,"2019/08/22 03:50:00",SWAN_E,0
D,DISPATCH,UNIT_SCADA,1,"2019/08/22 03:50:00",TALWA1,190
D,DISPATCH,UNIT_SCADA,1,"2019/08/22 03:50:00",TARALGA1,45.851260
D,DISPATCH,UNIT_SCADA,1,"2019/08/22 03:50:00",TARONG#1,283.800020
D,DISPATCH,UNIT_SCADA,1,"2019/08/22 03:50:00",TARONG#2,231.100010
D,DISPATCH,UNIT_SCADA,1,"2019/08/22 03:50:00",TARONG#3,260.600010
D,DISPATCH,UNIT_SCADA,1,"2019/08/22 03:50:00",TARONG#4,281.100010
D,DISPATCH,UNIT_SCADA,1,"2019/08/22 03:50:00",TARRALEA,83.90
D,DISPATCH,UNIT_SCADA,1,"2019/08/22 03:50:00",TBSF1,-0.20
D,DISPATCH,UNIT_SCADA,1,"2019/08/22 03:50:00",TNPS1,399.400020
D,DISPATCH,UNIT_SCADA,1,"2019/08/22 03:50:00",TORRA1,41.092450
D,DISPATCH,UNIT_SCADA,1,"2019/08/22 03:50:00",TORRA2,0
D,DISPATCH,UNIT_SCADA,1,"2019/08/22 03:50:00",TORRA3,0
D,DISPATCH,UNIT_SCADA,1,"2019/08/22 03:50:00",TORRA4,0
D,DISPATCH,UNIT_SCADA,1,"2019/08/22 03:50:00",TORRB1,40.91
D,DISPATCH,UNIT_SCADA,1,"2019/08/22 03:50:00",TORRB2,40.73
D,DISPATCH,UNIT_SCADA,1,"2019/08/22 03:50:00",TORRB3,0
D,DISPATCH,UNIT_SCADA,1,"2019/08/22 03:50:00",TORRB4,0
D,DISPATCH,UNIT_SCADA,1,"2019/08/22 03:50:00",TREVALLN,1.30
D,DISPATCH,UNIT_SCADA,1,"2019/08/22 03:50:00",TRIBUTE,0
D,DISPATCH,UNIT_SCADA,1,"2019/08/22 03:50:00",TUMUT3,0
D,DISPATCH,UNIT_SCADA,1,"2019/08/22 03:50:00",TUNGATIN,4.90
D,DISPATCH,UNIT_SCADA,1,"2019/08/22 03:50:00",TVCC201,0
D,DISPATCH,UNIT_SCADA,1,"2019/08/22 03:50:00",TVPP104,0
D,DISPATCH,UNIT_SCADA,1,"2019/08/22 03:50:00",UPPTUMUT,0
D,DISPATCH,UNIT_SCADA,1,"2019/08/22 03:50:00",URANQ11,0
D,DISPATCH,UNIT_SCADA,1,"2019/08/22 03:50:00",URANQ12,0
D,DISPATCH,UNIT_SCADA,1,"2019/08/22 03:50:00",URANQ13,0
D,DISPATCH,UNIT_SCADA,1,"2019/08/22 03:50:00",URANQ14,0
D,DISPATCH,UNIT_SCADA,1,"2019/08/22 03:50:00",VP5,265.199980
D,DISPATCH,UNIT_SCADA,1,"2019/08/22 03:50:00",VP6,259.674990
D,DISPATCH,UNIT_SCADA,1,"2019/08/22 03:50:00",VPGS1,0
D,DISPATCH,UNIT_SCADA,1,"2019/08/22 03:50:00",VPGS2,0
D,DISPATCH,UNIT_SCADA,1,"2019/08/22 03:50:00",VPGS3,0
D,DISPATCH,UNIT_SCADA,1,"2019/08/22 03:50:00",VPGS4,0
D,DISPATCH,UNIT_SCADA,1,"2019/08/22 03:50:00",VPGS5,0
D,DISPATCH,UNIT_SCADA,1,"2019/08/22 03:50:00",VPGS6,0
D,DISPATCH,UNIT_SCADA,1,"2019/08/22 03:50:00",W/HOE#1,0
D,DISPATCH,UNIT_SCADA,1,"2019/08/22 03:50:00",W/HOE#2,0
D,DISPATCH,UNIT_SCADA,1,"2019/08/22 03:50:00",WATERLWF,112.60
D,DISPATCH,UNIT_SCADA,1,"2019/08/22 03:50:00",WEMENSF1,0
D,DISPATCH,UNIT_SCADA,1,"2019/08/22 03:50:00",WGWF1,89.90
D,DISPATCH,UNIT_SCADA,1,"2019/08/22 03:50:00",WHITSF1,0
D,DISPATCH,UNIT_SCADA,1,"2019/08/22 03:50:00",WKIEWA1,17.20
D,DISPATCH,UNIT_SCADA,1,"2019/08/22 03:50:00",WKIEWA2,17.30
D,DISPATCH,UNIT_SCADA,1,"2019/08/22 03:50:00",WOODLWN1,44.9640
D,DISPATCH,UNIT_SCADA,1,"2019/08/22 03:50:00",WRSF1,0
D,DISPATCH,UNIT_SCADA,1,"2019/08/22 03:50:00",WRWF1,155.897490
D,DISPATCH,UNIT_SCADA,1,"2019/08/22 03:50:00",YABULU,0
D,DISPATCH,UNIT_SCADA,1,"2019/08/22 03:50:00",YABULU2,0
D,DISPATCH,UNIT_SCADA,1,"2019/08/22 03:50:00",YARWUN_1,0
D,DISPATCH,UNIT_SCADA,1,"2019/08/22 03:50:00",YENDWF1,41.87
D,DISPATCH,UNIT_SCADA,1,"2019/08/22 03:50:00",YWPS1,301.250640
D,DISPATCH,UNIT_SCADA,1,"2019/08/22 03:50:00",YWPS2,281.9519
D,DISPATCH,UNIT_SCADA,1,"2019/08/22 03:50:00",YWPS3,0
D,DISPATCH,UNIT_SCADA,1,"2019/08/22 03:50:00",YWPS4,396.931640
C,"END OF REPORT",334
