C,NEMP.WORLD,DISPATCHSCADA,AEMO,PUBLIC,2019/09/05,19:00:08,0000000312433331,DISPATCHSCADA,0000000312433325
I,DISPATCH,UNIT_SCADA,1,SETTLEMENTDATE,DUID,SCADAVALUE
D,DISPATCH,UNIT_SCADA,1,"2019/09/05 19:05:00",BARCSF1,0.30
D,DISPATCH,UNIT_SCADA,1,"2019/09/05 19:05:00",BUTLERSG,10.199999
D,DISPATCH,UNIT_SCADA,1,"2019/09/05 19:05:00",CALL_A_4,0
D,DISPATCH,UNIT_SCADA,1,"2019/09/05 19:05:00",CAPTL_WF,0
D,DISPATCH,UNIT_SCADA,1,"2019/09/05 19:05:00",CATHROCK,0
D,DISPATCH,UNIT_SCADA,1,"2019/09/05 19:05:00",CHALLHWF,8
D,DISPATCH,UNIT_SCADA,1,"2019/09/05 19:05:00",CLOVER,-0.01
D,DISPATCH,UNIT_SCADA,1,"2019/09/05 19:05:00",CLUNY,16.835432
D,DISPATCH,UNIT_SCADA,1,"2019/09/05 19:05:00",CNUNDAWF,28.733519
D,DISPATCH,UNIT_SCADA,1,"2019/09/05 19:05:00",CULLRGWF,-0.07
D,DISPATCH,UNIT_SCADA,1,"2019/09/05 19:05:00",ERGT01,0
D,DISPATCH,UNIT_SCADA,1,"2019/09/05 19:05:00",GB01,0.005394
D,DISPATCH,UNIT_SCADA,1,"2019/09/05 19:05:00",GERMCRK,36.599998
D,DISPATCH,UNIT_SCADA,1,"2019/09/05 19:05:00",GRIFSF1,0
D,DISPATCH,UNIT_SCADA,1,"2019/09/05 19:05:00",HUGSF1,-0.1310
D,DISPATCH,UNIT_SCADA,1,"2019/09/05 19:05:00",LKBONNY1,20.898392
D,DISPATCH,UNIT_SCADA,1,"2019/09/05 19:05:00",LRSF1,-0.0010
D,DISPATCH,UNIT_SCADA,1,"2019/09/05 19:05:00",MBAHNTH,46.856247
D,DISPATCH,UNIT_SCADA,1,"2019/09/05 19:05:00",MLSP1,0
D,DISPATCH,UNIT_SCADA,1,"2019/09/05 19:05:00",MLWF1,5.58
D,DISPATCH,UNIT_SCADA,1,"2019/09/05 19:05:00",MTMILLAR,30.814470
D,DISPATCH,UNIT_SCADA,1,"2019/09/05 19:05:00",PALOONA,25.83
D,DISPATCH,UNIT_SCADA,1,"2019/09/05 19:05:00",PIONEER,44.900002
D,DISPATCH,UNIT_SCADA,1,"2019/09/05 19:05:00",PORTWF,58.400002
D,DISPATCH,UNIT_SCADA,1,"2019/09/05 19:05:00",REPULSE,32.518196
D,DISPATCH,UNIT_SCADA,1,"2019/09/05 19:05:00",ROWALLAN,10.4370
D,DISPATCH,UNIT_SCADA,1,"2019/09/05 19:05:00",ROYALLA1,0
D,DISPATCH,UNIT_SCADA,1,"2019/09/05 19:05:00",RPCG,10.20
D,DISPATCH,UNIT_SCADA,1,"2019/09/05 19:05:00",RUBICON,0
D,DISPATCH,UNIT_SCADA,1,"2019/09/05 19:05:00",SATGN1,0
D,DISPATCH,UNIT_SCADA,1,"2019/09/05 19:05:00",SATGS1,0
D,DISPATCH,UNIT_SCADA,1,"2019/09/05 19:05:00",STARHLWF,31.690760
D,DISPATCH,UNIT_SCADA,1,"2019/09/05 19:05:00",WAUBRAWF,112.566002
D,DISPATCH,UNIT_SCADA,1,"2019/09/05 19:05:00",WOOLNTH1,104.380020
D,DISPATCH,UNIT_SCADA,1,"2019/09/05 19:05:00",WPWF,29
D,DISPATCH,UNIT_SCADA,1,"2019/09/05 19:05:00",YAMBUKWF,8.20
D,DISPATCH,UNIT_SCADA,1,"2019/09/05 19:05:00",YSWF1,7.80
D,DISPATCH,UNIT_SCADA,1,"2019/09/05 19:05:00",AGLHAL,0
D,DISPATCH,UNIT_SCADA,1,"2019/09/05 19:05:00",AGLSOM,119
D,DISPATCH,UNIT_SCADA,1,"2019/09/05 19:05:00",ANGAST1,0
D,DISPATCH,UNIT_SCADA,1,"2019/09/05 19:05:00",ARWF1,46
D,DISPATCH,UNIT_SCADA,1,"2019/09/05 19:05:00",BALBG1,0
D,DISPATCH,UNIT_SCADA,1,"2019/09/05 19:05:00",BALBL1,0
D,DISPATCH,UNIT_SCADA,1,"2019/09/05 19:05:00",BALDHWF1,77.2440
D,DISPATCH,UNIT_SCADA,1,"2019/09/05 19:05:00",BANN1,0
D,DISPATCH,UNIT_SCADA,1,"2019/09/05 19:05:00",BARCALDN,0
D,DISPATCH,UNIT_SCADA,1,"2019/09/05 19:05:00",BARRON-1,32.64
D,DISPATCH,UNIT_SCADA,1,"2019/09/05 19:05:00",BARRON-2,0
D,DISPATCH,UNIT_SCADA,1,"2019/09/05 19:05:00",BASTYAN,79.680010
D,DISPATCH,UNIT_SCADA,1,"2019/09/05 19:05:00",BBTHREE1,0
D,DISPATCH,UNIT_SCADA,1,"2019/09/05 19:05:00",BBTHREE2,0
D,DISPATCH,UNIT_SCADA,1,"2019/09/05 19:05:00",BBTHREE3,0
D,DISPATCH,UNIT_SCADA,1,"2019/09/05 19:05:00",BDL01,43.62
D,DISPATCH,UNIT_SCADA,1,"2019/09/05 19:05:00",BDL02,43.86
D,DISPATCH,UNIT_SCADA,1,"2019/09/05 19:05:00",BERYLSF1,0
D,DISPATCH,UNIT_SCADA,1,"2019/09/05 19:05:00",BLOWERNG,15.20
D,DISPATCH,UNIT_SCADA,1,"2019/09/05 19:05:00",BLUFF1,23.70
D,DISPATCH,UNIT_SCADA,1,"2019/09/05 19:05:00",BNGSF1,0
D,DISPATCH,UNIT_SCADA,1,"2019/09/05 19:05:00",BNGSF2,0
D,DISPATCH,UNIT_SCADA,1,"2019/09/05 19:05:00",BOCORWF1,3.77
D,DISPATCH,UNIT_SCADA,1,"2019/09/05 19:05:00",BODWF1,16.423020
D,DISPATCH,UNIT_SCADA,1,"2019/09/05 19:05:00",BRAEMAR1,0
D,DISPATCH,UNIT_SCADA,1,"2019/09/05 19:05:00",BRAEMAR2,172.400010
D,DISPATCH,UNIT_SCADA,1,"2019/09/05 19:05:00",BRAEMAR3,172.200010
D,DISPATCH,UNIT_SCADA,1,"2019/09/05 19:05:00",BRAEMAR5,155.184040
D,DISPATCH,UNIT_SCADA,1,"2019/09/05 19:05:00",BRAEMAR6,0
D,DISPATCH,UNIT_SCADA,1,"2019/09/05 19:05:00",BRAEMAR7,150.380170
D,DISPATCH,UNIT_SCADA,1,"2019/09/05 19:05:00",BROKENH1,0
D,DISPATCH,UNIT_SCADA,1,"2019/09/05 19:05:00",BW01,543.325070
D,DISPATCH,UNIT_SCADA,1,"2019/09/05 19:05:00",BW02,619.599980
D,DISPATCH,UNIT_SCADA,1,"2019/09/05 19:05:00",BW03,634.550050
D,DISPATCH,UNIT_SCADA,1,"2019/09/05 19:05:00",BW04,0
D,DISPATCH,UNIT_SCADA,1,"2019/09/05 19:05:00",CALL_B_1,330.100010
D,DISPATCH,UNIT_SCADA,1,"2019/09/05 19:05:00",CALL_B_2,278.300020
D,DISPATCH,UNIT_SCADA,1,"2019/09/05 19:05:00",CETHANA,97.585750
D,DISPATCH,UNIT_SCADA,1,"2019/09/05 19:05:00",CG1,0
D,DISPATCH,UNIT_SCADA,1,"2019/09/05 19:05:00",CG2,0
D,DISPATCH,UNIT_SCADA,1,"2019/09/05 19:05:00",CG3,0
D,DISPATCH,UNIT_SCADA,1,"2019/09/05 19:05:00",CG4,0
D,DISPATCH,UNIT_SCADA,1,"2019/09/05 19:05:00",CHILDSF1,0
D,DISPATCH,UNIT_SCADA,1,"2019/09/05 19:05:00",CLARESF1,0
D,DISPATCH,UNIT_SCADA,1,"2019/09/05 19:05:00",CLEMGPWF,42.572690
D,DISPATCH,UNIT_SCADA,1,"2019/09/05 19:05:00",CLERMSF1,0
D,DISPATCH,UNIT_SCADA,1,"2019/09/05 19:05:00",COLEASF1,0
D,DISPATCH,UNIT_SCADA,1,"2019/09/05 19:05:00",COOPGWF1,0
D,DISPATCH,UNIT_SCADA,1,"2019/09/05 19:05:00",CPP_3,406.175020
D,DISPATCH,UNIT_SCADA,1,"2019/09/05 19:05:00",CPP_4,404.800020
D,DISPATCH,UNIT_SCADA,1,"2019/09/05 19:05:00",CPSA,142.0475
D,DISPATCH,UNIT_SCADA,1,"2019/09/05 19:05:00",CROOKWF2,8.163750
D,DISPATCH,UNIT_SCADA,1,"2019/09/05 19:05:00",CROWLWF1,24.769540
D,DISPATCH,UNIT_SCADA,1,"2019/09/05 19:05:00",CSPVPS1,0.0210
D,DISPATCH,UNIT_SCADA,1,"2019/09/05 19:05:00",DALNTH01,5.992220
D,DISPATCH,UNIT_SCADA,1,"2019/09/05 19:05:00",DALNTHL1,0
D,DISPATCH,UNIT_SCADA,1,"2019/09/05 19:05:00",DARTM1,131
D,DISPATCH,UNIT_SCADA,1,"2019/09/05 19:05:00",DAYDSF1,0
D,DISPATCH,UNIT_SCADA,1,"2019/09/05 19:05:00",DDPS1,603.640010
D,DISPATCH,UNIT_SCADA,1,"2019/09/05 19:05:00",DDSF1,0
D,DISPATCH,UNIT_SCADA,1,"2019/09/05 19:05:00",DEVILS_G,63.688470
D,DISPATCH,UNIT_SCADA,1,"2019/09/05 19:05:00",DG_NSW1,0
D,DISPATCH,UNIT_SCADA,1,"2019/09/05 19:05:00",DG_QLD1,0
D,DISPATCH,UNIT_SCADA,1,"2019/09/05 19:05:00",DG_SA1,0
D,DISPATCH,UNIT_SCADA,1,"2019/09/05 19:05:00",DG_TAS1,0
D,DISPATCH,UNIT_SCADA,1,"2019/09/05 19:05:00",DG_VIC1,0
D,DISPATCH,UNIT_SCADA,1,"2019/09/05 19:05:00",DRYCGT1,0
D,DISPATCH,UNIT_SCADA,1,"2019/09/05 19:05:00",DRYCGT2,0
D,DISPATCH,UNIT_SCADA,1,"2019/09/05 19:05:00",DRYCGT3,0
D,DISPATCH,UNIT_SCADA,1,"2019/09/05 19:05:00",EILDON1,0
D,DISPATCH,UNIT_SCADA,1,"2019/09/05 19:05:00",EILDON2,37.08
D,DISPATCH,UNIT_SCADA,1,"2019/09/05 19:05:00",EMERASF1,0
D,DISPATCH,UNIT_SCADA,1,"2019/09/05 19:05:00",ER01,571.949950
D,DISPATCH,UNIT_SCADA,1,"2019/09/05 19:05:00",ER02,351.099980
D,DISPATCH,UNIT_SCADA,1,"2019/09/05 19:05:00",ER03,0
D,DISPATCH,UNIT_SCADA,1,"2019/09/05 19:05:00",ER04,660.75
D,DISPATCH,UNIT_SCADA,1,"2019/09/05 19:05:00",FINLYSF1,0
D,DISPATCH,UNIT_SCADA,1,"2019/09/05 19:05:00",FISHER,45.44
D,DISPATCH,UNIT_SCADA,1,"2019/09/05 19:05:00",GANNBG1,0.0135
D,DISPATCH,UNIT_SCADA,1,"2019/09/05 19:05:00",GANNBL1,0
D,DISPATCH,UNIT_SCADA,1,"2019/09/05 19:05:00",GANNSF1,0
D,DISPATCH,UNIT_SCADA,1,"2019/09/05 19:05:00",GORDON,17.632160
D,DISPATCH,UNIT_SCADA,1,"2019/09/05 19:05:00",GSTONE1,207.724990
D,DISPATCH,UNIT_SCADA,1,"2019/09/05 19:05:00",GSTONE2,213.50
D,DISPATCH,UNIT_SCADA,1,"2019/09/05 19:05:00",GSTONE3,0
D,DISPATCH,UNIT_SCADA,1,"2019/09/05 19:05:00",GSTONE4,253.5750
D,DISPATCH,UNIT_SCADA,1,"2019/09/05 19:05:00",GSTONE5,207.899990
D,DISPATCH,UNIT_SCADA,1,"2019/09/05 19:05:00",GSTONE6,206.3250
D,DISPATCH,UNIT_SCADA,1,"2019/09/05 19:05:00",GULLRSF1,0
D,DISPATCH,UNIT_SCADA,1,"2019/09/05 19:05:00",GULLRWF1,7.096130
D,DISPATCH,UNIT_SCADA,1,"2019/09/05 19:05:00",GUNNING1,0.547830
D,DISPATCH,UNIT_SCADA,1,"2019/09/05 19:05:00",GUTHEGA,31.10
D,DISPATCH,UNIT_SCADA,1,"2019/09/05 19:05:00",HALLWF1,80.69
D,DISPATCH,UNIT_SCADA,1,"2019/09/05 19:05:00",HALLWF2,63.34
D,DISPATCH,UNIT_SCADA,1,"2019/09/05 19:05:00",HAMISF1,0
D,DISPATCH,UNIT_SCADA,1,"2019/09/05 19:05:00",HAUGHT11,0
D,DISPATCH,UNIT_SCADA,1,"2019/09/05 19:05:00",HAYMSF1,0
D,DISPATCH,UNIT_SCADA,1,"2019/09/05 19:05:00",HDWF1,39.50
D,DISPATCH,UNIT_SCADA,1,"2019/09/05 19:05:00",HDWF2,30.80
D,DISPATCH,UNIT_SCADA,1,"2019/09/05 19:05:00",HDWF3,39.90
D,DISPATCH,UNIT_SCADA,1,"2019/09/05 19:05:00",HPRG1,0
D,DISPATCH,UNIT_SCADA,1,"2019/09/05 19:05:00",HPRL1,0
D,DISPATCH,UNIT_SCADA,1,"2019/09/05 19:05:00",HUMENSW,0
D,DISPATCH,UNIT_SCADA,1,"2019/09/05 19:05:00",HUMEV,23.80
D,DISPATCH,UNIT_SCADA,1,"2019/09/05 19:05:00",HVGTS,0
D,DISPATCH,UNIT_SCADA,1,"2019/09/05 19:05:00",JBUTTERS,32.52
D,DISPATCH,UNIT_SCADA,1,"2019/09/05 19:05:00",JLA01,0.10
D,DISPATCH,UNIT_SCADA,1,"2019/09/05 19:05:00",JLA02,0
D,DISPATCH,UNIT_SCADA,1,"2019/09/05 19:05:00",JLA03,0
D,DISPATCH,UNIT_SCADA,1,"2019/09/05 19:05:00",JLA04,0
D,DISPATCH,UNIT_SCADA,1,"2019/09/05 19:05:00",JLB01,0
D,DISPATCH,UNIT_SCADA,1,"2019/09/05 19:05:00",JLB02,83.90
D,DISPATCH,UNIT_SCADA,1,"2019/09/05 19:05:00",JLB03,84.20
D,DISPATCH,UNIT_SCADA,1,"2019/09/05 19:05:00",KAREEYA1,21.48
D,DISPATCH,UNIT_SCADA,1,"2019/09/05 19:05:00",KAREEYA2,21.73
D,DISPATCH,UNIT_SCADA,1,"2019/09/05 19:05:00",KAREEYA3,0
D,DISPATCH,UNIT_SCADA,1,"2019/09/05 19:05:00",KAREEYA4,21.5475
D,DISPATCH,UNIT_SCADA,1,"2019/09/05 19:05:00",KARSF1,0
D,DISPATCH,UNIT_SCADA,1,"2019/09/05 19:05:00",KIATAWF1,29.80
D,DISPATCH,UNIT_SCADA,1,"2019/09/05 19:05:00",KPP_1,0
D,DISPATCH,UNIT_SCADA,1,"2019/09/05 19:05:00",KSP1,0
D,DISPATCH,UNIT_SCADA,1,"2019/09/05 19:05:00",LADBROK1,41.52
D,DISPATCH,UNIT_SCADA,1,"2019/09/05 19:05:00",LADBROK2,41.95
D,DISPATCH,UNIT_SCADA,1,"2019/09/05 19:05:00",LD01,416.437470
D,DISPATCH,UNIT_SCADA,1,"2019/09/05 19:05:00",LD02,402.449980
D,DISPATCH,UNIT_SCADA,1,"2019/09/05 19:05:00",LD03,418.050020
D,DISPATCH,UNIT_SCADA,1,"2019/09/05 19:05:00",LD04,378.881290
D,DISPATCH,UNIT_SCADA,1,"2019/09/05 19:05:00",LEM_WIL,84.8420
D,DISPATCH,UNIT_SCADA,1,"2019/09/05 19:05:00",LGAPWF1,6.77
D,DISPATCH,UNIT_SCADA,1,"2019/09/05 19:05:00",LILYSF1,0
D,DISPATCH,UNIT_SCADA,1,"2019/09/05 19:05:00",LI_WY_CA,133.182820
D,DISPATCH,UNIT_SCADA,1,"2019/09/05 19:05:00",LKBONNY2,98.876450
D,DISPATCH,UNIT_SCADA,1,"2019/09/05 19:05:00",LKBONNY3,19.481880
D,DISPATCH,UNIT_SCADA,1,"2019/09/05 19:05:00",LK_ECHO,0
D,DISPATCH,UNIT_SCADA,1,"2019/09/05 19:05:00",LNGS1,0
D,DISPATCH,UNIT_SCADA,1,"2019/09/05 19:05:00",LNGS2,0
D,DISPATCH,UNIT_SCADA,1,"2019/09/05 19:05:00",LONSDALE,0
D,DISPATCH,UNIT_SCADA,1,"2019/09/05 19:05:00",LOYYB1,533.456970
D,DISPATCH,UNIT_SCADA,1,"2019/09/05 19:05:00",LOYYB2,580.074710
D,DISPATCH,UNIT_SCADA,1,"2019/09/05 19:05:00",LYA1,0
D,DISPATCH,UNIT_SCADA,1,"2019/09/05 19:05:00",LYA2,0
D,DISPATCH,UNIT_SCADA,1,"2019/09/05 19:05:00",LYA3,559
D,DISPATCH,UNIT_SCADA,1,"2019/09/05 19:05:00",LYA4,540
D,DISPATCH,UNIT_SCADA,1,"2019/09/05 19:05:00",MACARTH1,24.999420
D,DISPATCH,UNIT_SCADA,1,"2019/09/05 19:05:00",MACKAYGT,0.2240
D,DISPATCH,UNIT_SCADA,1,"2019/09/05 19:05:00",MACKNTSH,87.23
D,DISPATCH,UNIT_SCADA,1,"2019/09/05 19:05:00",MANSLR1,0
D,DISPATCH,UNIT_SCADA,1,"2019/09/05 19:05:00",MCKAY1,258.365020
D,DISPATCH,UNIT_SCADA,1,"2019/09/05 19:05:00",MEADOWBK,33.524340
D,DISPATCH,UNIT_SCADA,1,"2019/09/05 19:05:00",MERCER01,47.8640
D,DISPATCH,UNIT_SCADA,1,"2019/09/05 19:05:00",MEWF1,21.281790
D,DISPATCH,UNIT_SCADA,1,"2019/09/05 19:05:00",MINTARO,0
D,DISPATCH,UNIT_SCADA,1,"2019/09/05 19:05:00",MOREESF1,0
D,DISPATCH,UNIT_SCADA,1,"2019/09/05 19:05:00",MORTLK11,259
D,DISPATCH,UNIT_SCADA,1,"2019/09/05 19:05:00",MORTLK12,0
D,DISPATCH,UNIT_SCADA,1,"2019/09/05 19:05:00",MP1,219.025020
D,DISPATCH,UNIT_SCADA,1,"2019/09/05 19:05:00",MP2,0
D,DISPATCH,UNIT_SCADA,1,"2019/09/05 19:05:00",MPP_1,399.25
D,DISPATCH,UNIT_SCADA,1,"2019/09/05 19:05:00",MPP_2,435.75
D,DISPATCH,UNIT_SCADA,1,"2019/09/05 19:05:00",MSTUART1,0
D,DISPATCH,UNIT_SCADA,1,"2019/09/05 19:05:00",MSTUART2,0
D,DISPATCH,UNIT_SCADA,1,"2019/09/05 19:05:00",MSTUART3,0
D,DISPATCH,UNIT_SCADA,1,"2019/09/05 19:05:00",MTGELWF1,40.122680
D,DISPATCH,UNIT_SCADA,1,"2019/09/05 19:05:00",MURRAY,0
D,DISPATCH,UNIT_SCADA,1,"2019/09/05 19:05:00",MUSSELR1,34.80
D,DISPATCH,UNIT_SCADA,1,"2019/09/05 19:05:00",MUWAWF1,30.46
D,DISPATCH,UNIT_SCADA,1,"2019/09/05 19:05:00",NBHWF1,74.30
D,DISPATCH,UNIT_SCADA,1,"2019/09/05 19:05:00",NPS,448.50
D,DISPATCH,UNIT_SCADA,1,"2019/09/05 19:05:00",NUMURSF1,0
D,DISPATCH,UNIT_SCADA,1,"2019/09/05 19:05:00",NYNGAN1,0
D,DISPATCH,UNIT_SCADA,1,"2019/09/05 19:05:00",OAKEY1,0
D,DISPATCH,UNIT_SCADA,1,"2019/09/05 19:05:00",OAKEY1SF,0
D,DISPATCH,UNIT_SCADA,1,"2019/09/05 19:05:00",OAKEY2,0
D,DISPATCH,UNIT_SCADA,1,"2019/09/05 19:05:00",OAKEY2SF,0
D,DISPATCH,UNIT_SCADA,1,"2019/09/05 19:05:00",OAKLAND1,0.80
D,DISPATCH,UNIT_SCADA,1,"2019/09/05 19:05:00",OSB-AG,180.290010
D,DISPATCH,UNIT_SCADA,1,"2019/09/05 19:05:00",PARSF1,0
D,DISPATCH,UNIT_SCADA,1,"2019/09/05 19:05:00",POAT110,0
D,DISPATCH,UNIT_SCADA,1,"2019/09/05 19:05:00",POAT220,0
D,DISPATCH,UNIT_SCADA,1,"2019/09/05 19:05:00",POR01,0
D,DISPATCH,UNIT_SCADA,1,"2019/09/05 19:05:00",POR03,0
D,DISPATCH,UNIT_SCADA,1,"2019/09/05 19:05:00",PPCCGT,456.758390
D,DISPATCH,UNIT_SCADA,1,"2019/09/05 19:05:00",PTSTAN1,0
D,DISPATCH,UNIT_SCADA,1,"2019/09/05 19:05:00",PUMP1,0
D,DISPATCH,UNIT_SCADA,1,"2019/09/05 19:05:00",PUMP2,0
D,DISPATCH,UNIT_SCADA,1,"2019/09/05 19:05:00",QPS1,29
D,DISPATCH,UNIT_SCADA,1,"2019/09/05 19:05:00",QPS2,0
D,DISPATCH,UNIT_SCADA,1,"2019/09/05 19:05:00",QPS3,0
D,DISPATCH,UNIT_SCADA,1,"2019/09/05 19:05:00",QPS4,0
D,DISPATCH,UNIT_SCADA,1,"2019/09/05 19:05:00",QPS5,97.51
D,DISPATCH,UNIT_SCADA,1,"2019/09/05 19:05:00",REECE1,117.170010
D,DISPATCH,UNIT_SCADA,1,"2019/09/05 19:05:00",REECE2,113.120010
D,DISPATCH,UNIT_SCADA,1,"2019/09/05 19:05:00",ROMA_7,0
D,DISPATCH,UNIT_SCADA,1,"2019/09/05 19:05:00",ROMA_8,0
D,DISPATCH,UNIT_SCADA,1,"2019/09/05 19:05:00",RRSF1,0
D,DISPATCH,UNIT_SCADA,1,"2019/09/05 19:05:00",RT_NSW1,0
D,DISPATCH,UNIT_SCADA,1,"2019/09/05 19:05:00",RT_NSW2,0
D,DISPATCH,UNIT_SCADA,1,"2019/09/05 19:05:00",RT_NSW3,0
D,DISPATCH,UNIT_SCADA,1,"2019/09/05 19:05:00",RT_NSW4,0
D,DISPATCH,UNIT_SCADA,1,"2019/09/05 19:05:00",RT_NSW5,0
D,DISPATCH,UNIT_SCADA,1,"2019/09/05 19:05:00",RT_NSW6,0
D,DISPATCH,UNIT_SCADA,1,"2019/09/05 19:05:00",RT_QLD1,0
D,DISPATCH,UNIT_SCADA,1,"2019/09/05 19:05:00",RT_SA1,0
D,DISPATCH,UNIT_SCADA,1,"2019/09/05 19:05:00",RT_SA2,0
D,DISPATCH,UNIT_SCADA,1,"2019/09/05 19:05:00",RT_SA3,0
D,DISPATCH,UNIT_SCADA,1,"2019/09/05 19:05:00",RT_SA4,0
D,DISPATCH,UNIT_SCADA,1,"2019/09/05 19:05:00",RT_SA5,0
D,DISPATCH,UNIT_SCADA,1,"2019/09/05 19:05:00",RT_SA6,0
D,DISPATCH,UNIT_SCADA,1,"2019/09/05 19:05:00",RT_TAS1,0
D,DISPATCH,UNIT_SCADA,1,"2019/09/05 19:05:00",RT_VIC1,0
D,DISPATCH,UNIT_SCADA,1,"2019/09/05 19:05:00",RT_VIC10,0
D,DISPATCH,UNIT_SCADA,1,"2019/09/05 19:05:00",RT_VIC11,0
D,DISPATCH,UNIT_SCADA,1,"2019/09/05 19:05:00",RT_VIC12,0
D,DISPATCH,UNIT_SCADA,1,"2019/09/05 19:05:00",RT_VIC2,0
D,DISPATCH,UNIT_SCADA,1,"2019/09/05 19:05:00",RT_VIC3,0
D,DISPATCH,UNIT_SCADA,1,"2019/09/05 19:05:00",RT_VIC4,0
D,DISPATCH,UNIT_SCADA,1,"2019/09/05 19:05:00",RT_VIC5,0
D,DISPATCH,UNIT_SCADA,1,"2019/09/05 19:05:00",RT_VIC6,0
D,DISPATCH,UNIT_SCADA,1,"2019/09/05 19:05:00",RT_VIC7,0
D,DISPATCH,UNIT_SCADA,1,"2019/09/05 19:05:00",RT_VIC8,0
D,DISPATCH,UNIT_SCADA,1,"2019/09/05 19:05:00",RT_VIC9,0
D,DISPATCH,UNIT_SCADA,1,"2019/09/05 19:05:00",RUGBYR1,0
D,DISPATCH,UNIT_SCADA,1,"2019/09/05 19:05:00",SALTCRK1,9.40
D,DISPATCH,UNIT_SCADA,1,"2019/09/05 19:05:00",SAPHWF1,17.231260
D,DISPATCH,UNIT_SCADA,1,"2019/09/05 19:05:00",SHGEN,159.589690
D,DISPATCH,UNIT_SCADA,1,"2019/09/05 19:05:00",SHPUMP,0
D,DISPATCH,UNIT_SCADA,1,"2019/09/05 19:05:00",SITHE01,38.425770
D,DISPATCH,UNIT_SCADA,1,"2019/09/05 19:05:00",SMCSF1,0
D,DISPATCH,UNIT_SCADA,1,"2019/09/05 19:05:00",SNOWNTH1,79.20
D,DISPATCH,UNIT_SCADA,1,"2019/09/05 19:05:00",SNOWSTH1,76.899990
D,DISPATCH,UNIT_SCADA,1,"2019/09/05 19:05:00",SNOWTWN1,69.977360
D,DISPATCH,UNIT_SCADA,1,"2019/09/05 19:05:00",SNOWYP,0
D,DISPATCH,UNIT_SCADA,1,"2019/09/05 19:05:00",SNUG1,0.019440
D,DISPATCH,UNIT_SCADA,1,"2019/09/05 19:05:00",SRSF1,0.22
D,DISPATCH,UNIT_SCADA,1,"2019/09/05 19:05:00",STAN-1,293.694240
D,DISPATCH,UNIT_SCADA,1,"2019/09/05 19:05:00",STAN-2,360.487820
D,DISPATCH,UNIT_SCADA,1,"2019/09/05 19:05:00",STAN-3,366.755710
D,DISPATCH,UNIT_SCADA,1,"2019/09/05 19:05:00",STAN-4,366.243010
D,DISPATCH,UNIT_SCADA,1,"2019/09/05 19:05:00",STWF1,0
D,DISPATCH,UNIT_SCADA,1,"2019/09/05 19:05:00",SWAN_E,0
D,DISPATCH,UNIT_SCADA,1,"2019/09/05 19:05:00",TALWA1,414
D,DISPATCH,UNIT_SCADA,1,"2019/09/05 19:05:00",TARALGA1,7.357510
D,DISPATCH,UNIT_SCADA,1,"2019/09/05 19:05:00",TARONG#1,349.50
D,DISPATCH,UNIT_SCADA,1,"2019/09/05 19:05:00",TARONG#2,0
D,DISPATCH,UNIT_SCADA,1,"2019/09/05 19:05:00",TARONG#3,350
D,DISPATCH,UNIT_SCADA,1,"2019/09/05 19:05:00",TARONG#4,348.600010
D,DISPATCH,UNIT_SCADA,1,"2019/09/05 19:05:00",TARRALEA,73.90
D,DISPATCH,UNIT_SCADA,1,"2019/09/05 19:05:00",TBSF1,-0.20
D,DISPATCH,UNIT_SCADA,1,"2019/09/05 19:05:00",TNPS1,397.600010
D,DISPATCH,UNIT_SCADA,1,"2019/09/05 19:05:00",TORRA1,90.590190
D,DISPATCH,UNIT_SCADA,1,"2019/09/05 19:05:00",TORRA2,0
D,DISPATCH,UNIT_SCADA,1,"2019/09/05 19:05:00",TORRA3,0
D,DISPATCH,UNIT_SCADA,1,"2019/09/05 19:05:00",TORRA4,89.226660
D,DISPATCH,UNIT_SCADA,1,"2019/09/05 19:05:00",TORRB1,139.399990
D,DISPATCH,UNIT_SCADA,1,"2019/09/05 19:05:00",TORRB2,138.740010
D,DISPATCH,UNIT_SCADA,1,"2019/09/05 19:05:00",TORRB3,139.70
D,DISPATCH,UNIT_SCADA,1,"2019/09/05 19:05:00",TORRB4,0
D,DISPATCH,UNIT_SCADA,1,"2019/09/05 19:05:00",TREVALLN,88.540020
D,DISPATCH,UNIT_SCADA,1,"2019/09/05 19:05:00",TRIBUTE,0
D,DISPATCH,UNIT_SCADA,1,"2019/09/05 19:05:00",TUMUT3,500.540040
D,DISPATCH,UNIT_SCADA,1,"2019/09/05 19:05:00",TUNGATIN,120.360030
D,DISPATCH,UNIT_SCADA,1,"2019/09/05 19:05:00",TVCC201,0
D,DISPATCH,UNIT_SCADA,1,"2019/09/05 19:05:00",TVPP104,0
D,DISPATCH,UNIT_SCADA,1,"2019/09/05 19:05:00",UPPTUMUT,563.151060
D,DISPATCH,UNIT_SCADA,1,"2019/09/05 19:05:00",URANQ11,156.168760
D,DISPATCH,UNIT_SCADA,1,"2019/09/05 19:05:00",URANQ12,157.718750
D,DISPATCH,UNIT_SCADA,1,"2019/09/05 19:05:00",URANQ13,158.643740
D,DISPATCH,UNIT_SCADA,1,"2019/09/05 19:05:00",URANQ14,0
D,DISPATCH,UNIT_SCADA,1,"2019/09/05 19:05:00",VP5,398.950010
D,DISPATCH,UNIT_SCADA,1,"2019/09/05 19:05:00",VP6,0
D,DISPATCH,UNIT_SCADA,1,"2019/09/05 19:05:00",VPGS1,0
D,DISPATCH,UNIT_SCADA,1,"2019/09/05 19:05:00",VPGS2,0
D,DISPATCH,UNIT_SCADA,1,"2019/09/05 19:05:00",VPGS3,0
D,DISPATCH,UNIT_SCADA,1,"2019/09/05 19:05:00",VPGS4,0
D,DISPATCH,UNIT_SCADA,1,"2019/09/05 19:05:00",VPGS5,0
D,DISPATCH,UNIT_SCADA,1,"2019/09/05 19:05:00",VPGS6,0
D,DISPATCH,UNIT_SCADA,1,"2019/09/05 19:05:00",W/HOE#1,0
D,DISPATCH,UNIT_SCADA,1,"2019/09/05 19:05:00",W/HOE#2,0
D,DISPATCH,UNIT_SCADA,1,"2019/09/05 19:05:00",WATERLWF,96.40
D,DISPATCH,UNIT_SCADA,1,"2019/09/05 19:05:00",WEMENSF1,0
D,DISPATCH,UNIT_SCADA,1,"2019/09/05 19:05:00",WGWF1,46.70
D,DISPATCH,UNIT_SCADA,1,"2019/09/05 19:05:00",WHITSF1,0
D,DISPATCH,UNIT_SCADA,1,"2019/09/05 19:05:00",WKIEWA1,30.80
D,DISPATCH,UNIT_SCADA,1,"2019/09/05 19:05:00",WKIEWA2,30.80
D,DISPATCH,UNIT_SCADA,1,"2019/09/05 19:05:00",WOODLWN1,0
D,DISPATCH,UNIT_SCADA,1,"2019/09/05 19:05:00",WRSF1,0
D,DISPATCH,UNIT_SCADA,1,"2019/09/05 19:05:00",WRWF1,20.9775
D,DISPATCH,UNIT_SCADA,1,"2019/09/05 19:05:00",YABULU,160.560010
D,DISPATCH,UNIT_SCADA,1,"2019/09/05 19:05:00",YABULU2,0
D,DISPATCH,UNIT_SCADA,1,"2019/09/05 19:05:00",YARWUN_1,161.16
D,DISPATCH,UNIT_SCADA,1,"2019/09/05 19:05:00",YENDWF1,42.10
D,DISPATCH,UNIT_SCADA,1,"2019/09/05 19:05:00",YWPS1,377.944310
D,DISPATCH,UNIT_SCADA,1,"2019/09/05 19:05:00",YWPS2,278.944310
D,DISPATCH,UNIT_SCADA,1,"2019/09/05 19:05:00",YWPS3,325.232910
D,DISPATCH,UNIT_SCADA,1,"2019/09/05 19:05:00",YWPS4,385.358220
C,"END OF REPORT",335
