C,NEMP.WORLD,DISPATCHSCADA,AEMO,PUBLIC,2019/09/06,07:50:09,0000000312452820,DISPATCHSCADA,0000000312452814
I,DISPATCH,UNIT_SCADA,1,SETTLEMENTDATE,DUID,SCADAVALUE
D,DISPATCH,UNIT_SCADA,1,"2019/09/06 07:55:00",BARCSF1,7.80
D,DISPATCH,UNIT_SCADA,1,"2019/09/06 07:55:00",BUTLERSG,10.199999
D,DISPATCH,UNIT_SCADA,1,"2019/09/06 07:55:00",CALL_A_4,0
D,DISPATCH,UNIT_SCADA,1,"2019/09/06 07:55:00",CAPTL_WF,0
D,DISPATCH,UNIT_SCADA,1,"2019/09/06 07:55:00",CATHROCK,0
D,DISPATCH,UNIT_SCADA,1,"2019/09/06 07:55:00",CHALLHWF,32.700001
D,DISPATCH,UNIT_SCADA,1,"2019/09/06 07:55:00",CLOVER,-0.01
D,DISPATCH,UNIT_SCADA,1,"2019/09/06 07:55:00",CLUNY,18.668344
D,DISPATCH,UNIT_SCADA,1,"2019/09/06 07:55:00",CNUNDAWF,8.810278
D,DISPATCH,UNIT_SCADA,1,"2019/09/06 07:55:00",CULLRGWF,3.54
D,DISPATCH,UNIT_SCADA,1,"2019/09/06 07:55:00",ERGT01,0
D,DISPATCH,UNIT_SCADA,1,"2019/09/06 07:55:00",GB01,0.006580
D,DISPATCH,UNIT_SCADA,1,"2019/09/06 07:55:00",GERMCRK,35.50
D,DISPATCH,UNIT_SCADA,1,"2019/09/06 07:55:00",GRIFSF1,2.600006
D,DISPATCH,UNIT_SCADA,1,"2019/09/06 07:55:00",HUGSF1,6.8270
D,DISPATCH,UNIT_SCADA,1,"2019/09/06 07:55:00",LKBONNY1,5.090634
D,DISPATCH,UNIT_SCADA,1,"2019/09/06 07:55:00",LRSF1,10.665001
D,DISPATCH,UNIT_SCADA,1,"2019/09/06 07:55:00",MBAHNTH,50.343750
D,DISPATCH,UNIT_SCADA,1,"2019/09/06 07:55:00",MLSP1,4.551001
D,DISPATCH,UNIT_SCADA,1,"2019/09/06 07:55:00",MLWF1,7.59
D,DISPATCH,UNIT_SCADA,1,"2019/09/06 07:55:00",MTMILLAR,55.861923
D,DISPATCH,UNIT_SCADA,1,"2019/09/06 07:55:00",PALOONA,25.67
D,DISPATCH,UNIT_SCADA,1,"2019/09/06 07:55:00",PIONEER,44.600002
D,DISPATCH,UNIT_SCADA,1,"2019/09/06 07:55:00",PORTWF,29.299999
D,DISPATCH,UNIT_SCADA,1,"2019/09/06 07:55:00",REPULSE,32.473030
D,DISPATCH,UNIT_SCADA,1,"2019/09/06 07:55:00",ROWALLAN,10.2737
D,DISPATCH,UNIT_SCADA,1,"2019/09/06 07:55:00",ROYALLA1,7.233001
D,DISPATCH,UNIT_SCADA,1,"2019/09/06 07:55:00",RPCG,11.70
D,DISPATCH,UNIT_SCADA,1,"2019/09/06 07:55:00",RUBICON,0
D,DISPATCH,UNIT_SCADA,1,"2019/09/06 07:55:00",SATGN1,0
D,DISPATCH,UNIT_SCADA,1,"2019/09/06 07:55:00",SATGS1,0
D,DISPATCH,UNIT_SCADA,1,"2019/09/06 07:55:00",STARHLWF,30.091225
D,DISPATCH,UNIT_SCADA,1,"2019/09/06 07:55:00",WAUBRAWF,58.0620
D,DISPATCH,UNIT_SCADA,1,"2019/09/06 07:55:00",WOOLNTH1,129.980026
D,DISPATCH,UNIT_SCADA,1,"2019/09/06 07:55:00",WPWF,86
D,DISPATCH,UNIT_SCADA,1,"2019/09/06 07:55:00",YAMBUKWF,9.60
D,DISPATCH,UNIT_SCADA,1,"2019/09/06 07:55:00",YSWF1,3.90
D,DISPATCH,UNIT_SCADA,1,"2019/09/06 07:55:00",AGLHAL,0
D,DISPATCH,UNIT_SCADA,1,"2019/09/06 07:55:00",AGLSOM,0
D,DISPATCH,UNIT_SCADA,1,"2019/09/06 07:55:00",ANGAST1,0
D,DISPATCH,UNIT_SCADA,1,"2019/09/06 07:55:00",ARWF1,43
D,DISPATCH,UNIT_SCADA,1,"2019/09/06 07:55:00",BALBG1,11.54
D,DISPATCH,UNIT_SCADA,1,"2019/09/06 07:55:00",BALBL1,0
D,DISPATCH,UNIT_SCADA,1,"2019/09/06 07:55:00",BALDHWF1,52.0590
D,DISPATCH,UNIT_SCADA,1,"2019/09/06 07:55:00",BANN1,11.11
D,DISPATCH,UNIT_SCADA,1,"2019/09/06 07:55:00",BARCALDN,0
D,DISPATCH,UNIT_SCADA,1,"2019/09/06 07:55:00",BARRON-1,26.24
D,DISPATCH,UNIT_SCADA,1,"2019/09/06 07:55:00",BARRON-2,0
D,DISPATCH,UNIT_SCADA,1,"2019/09/06 07:55:00",BASTYAN,80.140010
D,DISPATCH,UNIT_SCADA,1,"2019/09/06 07:55:00",BBTHREE1,0
D,DISPATCH,UNIT_SCADA,1,"2019/09/06 07:55:00",BBTHREE2,0
D,DISPATCH,UNIT_SCADA,1,"2019/09/06 07:55:00",BBTHREE3,0
D,DISPATCH,UNIT_SCADA,1,"2019/09/06 07:55:00",BDL01,40.98
D,DISPATCH,UNIT_SCADA,1,"2019/09/06 07:55:00",BDL02,43.68
D,DISPATCH,UNIT_SCADA,1,"2019/09/06 07:55:00",BERYLSF1,52.420210
D,DISPATCH,UNIT_SCADA,1,"2019/09/06 07:55:00",BLOWERNG,15.30
D,DISPATCH,UNIT_SCADA,1,"2019/09/06 07:55:00",BLUFF1,52.60
D,DISPATCH,UNIT_SCADA,1,"2019/09/06 07:55:00",BNGSF1,2.32
D,DISPATCH,UNIT_SCADA,1,"2019/09/06 07:55:00",BNGSF2,0.97
D,DISPATCH,UNIT_SCADA,1,"2019/09/06 07:55:00",BOCORWF1,91.05
D,DISPATCH,UNIT_SCADA,1,"2019/09/06 07:55:00",BODWF1,55.761530
D,DISPATCH,UNIT_SCADA,1,"2019/09/06 07:55:00",BRAEMAR1,0
D,DISPATCH,UNIT_SCADA,1,"2019/09/06 07:55:00",BRAEMAR2,0
D,DISPATCH,UNIT_SCADA,1,"2019/09/06 07:55:00",BRAEMAR3,0
D,DISPATCH,UNIT_SCADA,1,"2019/09/06 07:55:00",BRAEMAR5,150.722580
D,DISPATCH,UNIT_SCADA,1,"2019/09/06 07:55:00",BRAEMAR6,0
D,DISPATCH,UNIT_SCADA,1,"2019/09/06 07:55:00",BRAEMAR7,0
D,DISPATCH,UNIT_SCADA,1,"2019/09/06 07:55:00",BROKENH1,1.842770
D,DISPATCH,UNIT_SCADA,1,"2019/09/06 07:55:00",BW01,638.825070
D,DISPATCH,UNIT_SCADA,1,"2019/09/06 07:55:00",BW02,632.8750
D,DISPATCH,UNIT_SCADA,1,"2019/09/06 07:55:00",BW03,653.174930
D,DISPATCH,UNIT_SCADA,1,"2019/09/06 07:55:00",BW04,0
D,DISPATCH,UNIT_SCADA,1,"2019/09/06 07:55:00",CALL_B_1,320.100010
D,DISPATCH,UNIT_SCADA,1,"2019/09/06 07:55:00",CALL_B_2,278.100010
D,DISPATCH,UNIT_SCADA,1,"2019/09/06 07:55:00",CETHANA,97.7055
D,DISPATCH,UNIT_SCADA,1,"2019/09/06 07:55:00",CG1,0
D,DISPATCH,UNIT_SCADA,1,"2019/09/06 07:55:00",CG2,0
D,DISPATCH,UNIT_SCADA,1,"2019/09/06 07:55:00",CG3,0
D,DISPATCH,UNIT_SCADA,1,"2019/09/06 07:55:00",CG4,0
D,DISPATCH,UNIT_SCADA,1,"2019/09/06 07:55:00",CHILDSF1,54.27
D,DISPATCH,UNIT_SCADA,1,"2019/09/06 07:55:00",CLARESF1,25.912320
D,DISPATCH,UNIT_SCADA,1,"2019/09/06 07:55:00",CLEMGPWF,54.746610
D,DISPATCH,UNIT_SCADA,1,"2019/09/06 07:55:00",CLERMSF1,14.68
D,DISPATCH,UNIT_SCADA,1,"2019/09/06 07:55:00",COLEASF1,51.20
D,DISPATCH,UNIT_SCADA,1,"2019/09/06 07:55:00",COOPGWF1,18.149920
D,DISPATCH,UNIT_SCADA,1,"2019/09/06 07:55:00",CPP_3,353.100010
D,DISPATCH,UNIT_SCADA,1,"2019/09/06 07:55:00",CPP_4,350.899990
D,DISPATCH,UNIT_SCADA,1,"2019/09/06 07:55:00",CPSA,143.361250
D,DISPATCH,UNIT_SCADA,1,"2019/09/06 07:55:00",CROOKWF2,80.6150
D,DISPATCH,UNIT_SCADA,1,"2019/09/06 07:55:00",CROWLWF1,39.235580
D,DISPATCH,UNIT_SCADA,1,"2019/09/06 07:55:00",CSPVPS1,13.0020
D,DISPATCH,UNIT_SCADA,1,"2019/09/06 07:55:00",DALNTH01,0
D,DISPATCH,UNIT_SCADA,1,"2019/09/06 07:55:00",DALNTHL1,0.962840
D,DISPATCH,UNIT_SCADA,1,"2019/09/06 07:55:00",DARTM1,133.399990
D,DISPATCH,UNIT_SCADA,1,"2019/09/06 07:55:00",DAYDSF1,104.15
D,DISPATCH,UNIT_SCADA,1,"2019/09/06 07:55:00",DDPS1,0
D,DISPATCH,UNIT_SCADA,1,"2019/09/06 07:55:00",DDSF1,52.477950
D,DISPATCH,UNIT_SCADA,1,"2019/09/06 07:55:00",DEVILS_G,61.708430
D,DISPATCH,UNIT_SCADA,1,"2019/09/06 07:55:00",DG_NSW1,0
D,DISPATCH,UNIT_SCADA,1,"2019/09/06 07:55:00",DG_QLD1,0
D,DISPATCH,UNIT_SCADA,1,"2019/09/06 07:55:00",DG_SA1,0
D,DISPATCH,UNIT_SCADA,1,"2019/09/06 07:55:00",DG_TAS1,0
D,DISPATCH,UNIT_SCADA,1,"2019/09/06 07:55:00",DG_VIC1,0
D,DISPATCH,UNIT_SCADA,1,"2019/09/06 07:55:00",DRYCGT1,0
D,DISPATCH,UNIT_SCADA,1,"2019/09/06 07:55:00",DRYCGT2,0
D,DISPATCH,UNIT_SCADA,1,"2019/09/06 07:55:00",DRYCGT3,0
D,DISPATCH,UNIT_SCADA,1,"2019/09/06 07:55:00",EILDON1,0
D,DISPATCH,UNIT_SCADA,1,"2019/09/06 07:55:00",EILDON2,0
D,DISPATCH,UNIT_SCADA,1,"2019/09/06 07:55:00",EMERASF1,51.05
D,DISPATCH,UNIT_SCADA,1,"2019/09/06 07:55:00",ER01,561.050050
D,DISPATCH,UNIT_SCADA,1,"2019/09/06 07:55:00",ER02,664.724980
D,DISPATCH,UNIT_SCADA,1,"2019/09/06 07:55:00",ER03,0
D,DISPATCH,UNIT_SCADA,1,"2019/09/06 07:55:00",ER04,665.824950
D,DISPATCH,UNIT_SCADA,1,"2019/09/06 07:55:00",FINLYSF1,0
D,DISPATCH,UNIT_SCADA,1,"2019/09/06 07:55:00",FISHER,45.71
D,DISPATCH,UNIT_SCADA,1,"2019/09/06 07:55:00",GANNBG1,9.194220
D,DISPATCH,UNIT_SCADA,1,"2019/09/06 07:55:00",GANNBL1,0
D,DISPATCH,UNIT_SCADA,1,"2019/09/06 07:55:00",GANNSF1,3.10
D,DISPATCH,UNIT_SCADA,1,"2019/09/06 07:55:00",GORDON,19.8604
D,DISPATCH,UNIT_SCADA,1,"2019/09/06 07:55:00",GSTONE1,169.5750
D,DISPATCH,UNIT_SCADA,1,"2019/09/06 07:55:00",GSTONE2,164.6750
D,DISPATCH,UNIT_SCADA,1,"2019/09/06 07:55:00",GSTONE3,0
D,DISPATCH,UNIT_SCADA,1,"2019/09/06 07:55:00",GSTONE4,171.6750
D,DISPATCH,UNIT_SCADA,1,"2019/09/06 07:55:00",GSTONE5,169.224990
D,DISPATCH,UNIT_SCADA,1,"2019/09/06 07:55:00",GSTONE6,165.3750
D,DISPATCH,UNIT_SCADA,1,"2019/09/06 07:55:00",GULLRSF1,3.010470
D,DISPATCH,UNIT_SCADA,1,"2019/09/06 07:55:00",GULLRWF1,96.068730
D,DISPATCH,UNIT_SCADA,1,"2019/09/06 07:55:00",GUNNING1,29.402330
D,DISPATCH,UNIT_SCADA,1,"2019/09/06 07:55:00",GUTHEGA,30.90
D,DISPATCH,UNIT_SCADA,1,"2019/09/06 07:55:00",HALLWF1,92.01
D,DISPATCH,UNIT_SCADA,1,"2019/09/06 07:55:00",HALLWF2,21.28
D,DISPATCH,UNIT_SCADA,1,"2019/09/06 07:55:00",HAMISF1,0
D,DISPATCH,UNIT_SCADA,1,"2019/09/06 07:55:00",HAUGHT11,0
D,DISPATCH,UNIT_SCADA,1,"2019/09/06 07:55:00",HAYMSF1,0
D,DISPATCH,UNIT_SCADA,1,"2019/09/06 07:55:00",HDWF1,99.40
D,DISPATCH,UNIT_SCADA,1,"2019/09/06 07:55:00",HDWF2,98.60
D,DISPATCH,UNIT_SCADA,1,"2019/09/06 07:55:00",HDWF3,107.20
D,DISPATCH,UNIT_SCADA,1,"2019/09/06 07:55:00",HPRG1,9.30
D,DISPATCH,UNIT_SCADA,1,"2019/09/06 07:55:00",HPRL1,0
D,DISPATCH,UNIT_SCADA,1,"2019/09/06 07:55:00",HUMENSW,0
D,DISPATCH,UNIT_SCADA,1,"2019/09/06 07:55:00",HUMEV,25.20
D,DISPATCH,UNIT_SCADA,1,"2019/09/06 07:55:00",HVGTS,0
D,DISPATCH,UNIT_SCADA,1,"2019/09/06 07:55:00",JBUTTERS,104.93
D,DISPATCH,UNIT_SCADA,1,"2019/09/06 07:55:00",JLA01,0.10
D,DISPATCH,UNIT_SCADA,1,"2019/09/06 07:55:00",JLA02,0
D,DISPATCH,UNIT_SCADA,1,"2019/09/06 07:55:00",JLA03,0
D,DISPATCH,UNIT_SCADA,1,"2019/09/06 07:55:00",JLA04,0
D,DISPATCH,UNIT_SCADA,1,"2019/09/06 07:55:00",JLB01,0
D,DISPATCH,UNIT_SCADA,1,"2019/09/06 07:55:00",JLB02,0.10
D,DISPATCH,UNIT_SCADA,1,"2019/09/06 07:55:00",JLB03,0
D,DISPATCH,UNIT_SCADA,1,"2019/09/06 07:55:00",KAREEYA1,21.6575
D,DISPATCH,UNIT_SCADA,1,"2019/09/06 07:55:00",KAREEYA2,21.82
D,DISPATCH,UNIT_SCADA,1,"2019/09/06 07:55:00",KAREEYA3,0
D,DISPATCH,UNIT_SCADA,1,"2019/09/06 07:55:00",KAREEYA4,21.5725
D,DISPATCH,UNIT_SCADA,1,"2019/09/06 07:55:00",KARSF1,37.80
D,DISPATCH,UNIT_SCADA,1,"2019/09/06 07:55:00",KIATAWF1,26.90
D,DISPATCH,UNIT_SCADA,1,"2019/09/06 07:55:00",KPP_1,0
D,DISPATCH,UNIT_SCADA,1,"2019/09/06 07:55:00",KSP1,36.28
D,DISPATCH,UNIT_SCADA,1,"2019/09/06 07:55:00",LADBROK1,42.65
D,DISPATCH,UNIT_SCADA,1,"2019/09/06 07:55:00",LADBROK2,43.36
D,DISPATCH,UNIT_SCADA,1,"2019/09/06 07:55:00",LD01,377.3812
D,DISPATCH,UNIT_SCADA,1,"2019/09/06 07:55:00",LD02,380.0813
D,DISPATCH,UNIT_SCADA,1,"2019/09/06 07:55:00",LD03,378.6188
D,DISPATCH,UNIT_SCADA,1,"2019/09/06 07:55:00",LD04,375.843750
D,DISPATCH,UNIT_SCADA,1,"2019/09/06 07:55:00",LEM_WIL,84.9134
D,DISPATCH,UNIT_SCADA,1,"2019/09/06 07:55:00",LGAPWF1,34.45
D,DISPATCH,UNIT_SCADA,1,"2019/09/06 07:55:00",LILYSF1,0
D,DISPATCH,UNIT_SCADA,1,"2019/09/06 07:55:00",LI_WY_CA,142.066240
D,DISPATCH,UNIT_SCADA,1,"2019/09/06 07:55:00",LKBONNY2,23.744920
D,DISPATCH,UNIT_SCADA,1,"2019/09/06 07:55:00",LKBONNY3,5.023980
D,DISPATCH,UNIT_SCADA,1,"2019/09/06 07:55:00",LK_ECHO,0
D,DISPATCH,UNIT_SCADA,1,"2019/09/06 07:55:00",LNGS1,0
D,DISPATCH,UNIT_SCADA,1,"2019/09/06 07:55:00",LNGS2,0
D,DISPATCH,UNIT_SCADA,1,"2019/09/06 07:55:00",LONSDALE,0
D,DISPATCH,UNIT_SCADA,1,"2019/09/06 07:55:00",LOYYB1,541.351930
D,DISPATCH,UNIT_SCADA,1,"2019/09/06 07:55:00",LOYYB2,583.458250
D,DISPATCH,UNIT_SCADA,1,"2019/09/06 07:55:00",LYA1,0
D,DISPATCH,UNIT_SCADA,1,"2019/09/06 07:55:00",LYA2,0
D,DISPATCH,UNIT_SCADA,1,"2019/09/06 07:55:00",LYA3,559
D,DISPATCH,UNIT_SCADA,1,"2019/09/06 07:55:00",LYA4,540
D,DISPATCH,UNIT_SCADA,1,"2019/09/06 07:55:00",MACARTH1,137.296830
D,DISPATCH,UNIT_SCADA,1,"2019/09/06 07:55:00",MACKAYGT,0.2240
D,DISPATCH,UNIT_SCADA,1,"2019/09/06 07:55:00",MACKNTSH,88.63
D,DISPATCH,UNIT_SCADA,1,"2019/09/06 07:55:00",MANSLR1,17.9450
D,DISPATCH,UNIT_SCADA,1,"2019/09/06 07:55:00",MCKAY1,-0.0350
D,DISPATCH,UNIT_SCADA,1,"2019/09/06 07:55:00",MEADOWBK,33.8673
D,DISPATCH,UNIT_SCADA,1,"2019/09/06 07:55:00",MERCER01,19.2540
D,DISPATCH,UNIT_SCADA,1,"2019/09/06 07:55:00",MEWF1,33.935360
D,DISPATCH,UNIT_SCADA,1,"2019/09/06 07:55:00",MINTARO,0
D,DISPATCH,UNIT_SCADA,1,"2019/09/06 07:55:00",MOREESF1,50.42
D,DISPATCH,UNIT_SCADA,1,"2019/09/06 07:55:00",MORTLK11,260
D,DISPATCH,UNIT_SCADA,1,"2019/09/06 07:55:00",MORTLK12,0
D,DISPATCH,UNIT_SCADA,1,"2019/09/06 07:55:00",MP1,218.799990
D,DISPATCH,UNIT_SCADA,1,"2019/09/06 07:55:00",MP2,0
D,DISPATCH,UNIT_SCADA,1,"2019/09/06 07:55:00",MPP_1,422
D,DISPATCH,UNIT_SCADA,1,"2019/09/06 07:55:00",MPP_2,434.50
D,DISPATCH,UNIT_SCADA,1,"2019/09/06 07:55:00",MSTUART1,0
D,DISPATCH,UNIT_SCADA,1,"2019/09/06 07:55:00",MSTUART2,0
D,DISPATCH,UNIT_SCADA,1,"2019/09/06 07:55:00",MSTUART3,0
D,DISPATCH,UNIT_SCADA,1,"2019/09/06 07:55:00",MTGELWF1,-0.410470
D,DISPATCH,UNIT_SCADA,1,"2019/09/06 07:55:00",MURRAY,120.167990
D,DISPATCH,UNIT_SCADA,1,"2019/09/06 07:55:00",MUSSELR1,137.50
D,DISPATCH,UNIT_SCADA,1,"2019/09/06 07:55:00",MUWAWF1,72.25
D,DISPATCH,UNIT_SCADA,1,"2019/09/06 07:55:00",NBHWF1,119.30
D,DISPATCH,UNIT_SCADA,1,"2019/09/06 07:55:00",NPS,0
D,DISPATCH,UNIT_SCADA,1,"2019/09/06 07:55:00",NUMURSF1,5.29
D,DISPATCH,UNIT_SCADA,1,"2019/09/06 07:55:00",NYNGAN1,35.50
D,DISPATCH,UNIT_SCADA,1,"2019/09/06 07:55:00",OAKEY1,0
D,DISPATCH,UNIT_SCADA,1,"2019/09/06 07:55:00",OAKEY1SF,21.1720
D,DISPATCH,UNIT_SCADA,1,"2019/09/06 07:55:00",OAKEY2,0
D,DISPATCH,UNIT_SCADA,1,"2019/09/06 07:55:00",OAKEY2SF,0
D,DISPATCH,UNIT_SCADA,1,"2019/09/06 07:55:00",OAKLAND1,8.80
D,DISPATCH,UNIT_SCADA,1,"2019/09/06 07:55:00",OSB-AG,0
D,DISPATCH,UNIT_SCADA,1,"2019/09/06 07:55:00",PARSF1,22.899990
D,DISPATCH,UNIT_SCADA,1,"2019/09/06 07:55:00",POAT110,0
D,DISPATCH,UNIT_SCADA,1,"2019/09/06 07:55:00",POAT220,0
D,DISPATCH,UNIT_SCADA,1,"2019/09/06 07:55:00",POR01,0
D,DISPATCH,UNIT_SCADA,1,"2019/09/06 07:55:00",POR03,0
D,DISPATCH,UNIT_SCADA,1,"2019/09/06 07:55:00",PPCCGT,213.818480
D,DISPATCH,UNIT_SCADA,1,"2019/09/06 07:55:00",PTSTAN1,0
D,DISPATCH,UNIT_SCADA,1,"2019/09/06 07:55:00",PUMP1,0
D,DISPATCH,UNIT_SCADA,1,"2019/09/06 07:55:00",PUMP2,0
D,DISPATCH,UNIT_SCADA,1,"2019/09/06 07:55:00",QPS1,29
D,DISPATCH,UNIT_SCADA,1,"2019/09/06 07:55:00",QPS2,0
D,DISPATCH,UNIT_SCADA,1,"2019/09/06 07:55:00",QPS3,0
D,DISPATCH,UNIT_SCADA,1,"2019/09/06 07:55:00",QPS4,0
D,DISPATCH,UNIT_SCADA,1,"2019/09/06 07:55:00",QPS5,0
D,DISPATCH,UNIT_SCADA,1,"2019/09/06 07:55:00",REECE1,102.480010
D,DISPATCH,UNIT_SCADA,1,"2019/09/06 07:55:00",REECE2,101.23
D,DISPATCH,UNIT_SCADA,1,"2019/09/06 07:55:00",ROMA_7,0
D,DISPATCH,UNIT_SCADA,1,"2019/09/06 07:55:00",ROMA_8,0
D,DISPATCH,UNIT_SCADA,1,"2019/09/06 07:55:00",RRSF1,59.617050
D,DISPATCH,UNIT_SCADA,1,"2019/09/06 07:55:00",RT_NSW1,0
D,DISPATCH,UNIT_SCADA,1,"2019/09/06 07:55:00",RT_NSW2,0
D,DISPATCH,UNIT_SCADA,1,"2019/09/06 07:55:00",RT_NSW3,0
D,DISPATCH,UNIT_SCADA,1,"2019/09/06 07:55:00",RT_NSW4,0
D,DISPATCH,UNIT_SCADA,1,"2019/09/06 07:55:00",RT_NSW5,0
D,DISPATCH,UNIT_SCADA,1,"2019/09/06 07:55:00",RT_NSW6,0
D,DISPATCH,UNIT_SCADA,1,"2019/09/06 07:55:00",RT_QLD1,0
D,DISPATCH,UNIT_SCADA,1,"2019/09/06 07:55:00",RT_SA1,0
D,DISPATCH,UNIT_SCADA,1,"2019/09/06 07:55:00",RT_SA2,0
D,DISPATCH,UNIT_SCADA,1,"2019/09/06 07:55:00",RT_SA3,0
D,DISPATCH,UNIT_SCADA,1,"2019/09/06 07:55:00",RT_SA4,0
D,DISPATCH,UNIT_SCADA,1,"2019/09/06 07:55:00",RT_SA5,0
D,DISPATCH,UNIT_SCADA,1,"2019/09/06 07:55:00",RT_SA6,0
D,DISPATCH,UNIT_SCADA,1,"2019/09/06 07:55:00",RT_TAS1,0
D,DISPATCH,UNIT_SCADA,1,"2019/09/06 07:55:00",RT_VIC1,0
D,DISPATCH,UNIT_SCADA,1,"2019/09/06 07:55:00",RT_VIC10,0
D,DISPATCH,UNIT_SCADA,1,"2019/09/06 07:55:00",RT_VIC11,0
D,DISPATCH,UNIT_SCADA,1,"2019/09/06 07:55:00",RT_VIC12,0
D,DISPATCH,UNIT_SCADA,1,"2019/09/06 07:55:00",RT_VIC2,0
D,DISPATCH,UNIT_SCADA,1,"2019/09/06 07:55:00",RT_VIC3,0
D,DISPATCH,UNIT_SCADA,1,"2019/09/06 07:55:00",RT_VIC4,0
D,DISPATCH,UNIT_SCADA,1,"2019/09/06 07:55:00",RT_VIC5,0
D,DISPATCH,UNIT_SCADA,1,"2019/09/06 07:55:00",RT_VIC6,0
D,DISPATCH,UNIT_SCADA,1,"2019/09/06 07:55:00",RT_VIC7,0
D,DISPATCH,UNIT_SCADA,1,"2019/09/06 07:55:00",RT_VIC8,0
D,DISPATCH,UNIT_SCADA,1,"2019/09/06 07:55:00",RT_VIC9,0
D,DISPATCH,UNIT_SCADA,1,"2019/09/06 07:55:00",RUGBYR1,59.705350
D,DISPATCH,UNIT_SCADA,1,"2019/09/06 07:55:00",SALTCRK1,21.04
D,DISPATCH,UNIT_SCADA,1,"2019/09/06 07:55:00",SAPHWF1,144.825010
D,DISPATCH,UNIT_SCADA,1,"2019/09/06 07:55:00",SHGEN,158.751950
D,DISPATCH,UNIT_SCADA,1,"2019/09/06 07:55:00",SHPUMP,0
D,DISPATCH,UNIT_SCADA,1,"2019/09/06 07:55:00",SITHE01,0.214140
D,DISPATCH,UNIT_SCADA,1,"2019/09/06 07:55:00",SMCSF1,33.283230
D,DISPATCH,UNIT_SCADA,1,"2019/09/06 07:55:00",SNOWNTH1,137.100010
D,DISPATCH,UNIT_SCADA,1,"2019/09/06 07:55:00",SNOWSTH1,118.30
D,DISPATCH,UNIT_SCADA,1,"2019/09/06 07:55:00",SNOWTWN1,92.286250
D,DISPATCH,UNIT_SCADA,1,"2019/09/06 07:55:00",SNOWYP,0
D,DISPATCH,UNIT_SCADA,1,"2019/09/06 07:55:00",SNUG1,0.019440
D,DISPATCH,UNIT_SCADA,1,"2019/09/06 07:55:00",SRSF1,59.61
D,DISPATCH,UNIT_SCADA,1,"2019/09/06 07:55:00",STAN-1,264.046690
D,DISPATCH,UNIT_SCADA,1,"2019/09/06 07:55:00",STAN-2,301.474670
D,DISPATCH,UNIT_SCADA,1,"2019/09/06 07:55:00",STAN-3,302.448820
D,DISPATCH,UNIT_SCADA,1,"2019/09/06 07:55:00",STAN-4,304.550930
D,DISPATCH,UNIT_SCADA,1,"2019/09/06 07:55:00",STWF1,0
D,DISPATCH,UNIT_SCADA,1,"2019/09/06 07:55:00",SWAN_E,0
D,DISPATCH,UNIT_SCADA,1,"2019/09/06 07:55:00",TALWA1,410
D,DISPATCH,UNIT_SCADA,1,"2019/09/06 07:55:00",TARALGA1,17.583750
D,DISPATCH,UNIT_SCADA,1,"2019/09/06 07:55:00",TARONG#1,350.399990
D,DISPATCH,UNIT_SCADA,1,"2019/09/06 07:55:00",TARONG#2,0
D,DISPATCH,UNIT_SCADA,1,"2019/09/06 07:55:00",TARONG#3,283.700010
D,DISPATCH,UNIT_SCADA,1,"2019/09/06 07:55:00",TARONG#4,350.300020
D,DISPATCH,UNIT_SCADA,1,"2019/09/06 07:55:00",TARRALEA,73.80
D,DISPATCH,UNIT_SCADA,1,"2019/09/06 07:55:00",TBSF1,8.50
D,DISPATCH,UNIT_SCADA,1,"2019/09/06 07:55:00",TNPS1,399.700010
D,DISPATCH,UNIT_SCADA,1,"2019/09/06 07:55:00",TORRA1,49.077470
D,DISPATCH,UNIT_SCADA,1,"2019/09/06 07:55:00",TORRA2,0
D,DISPATCH,UNIT_SCADA,1,"2019/09/06 07:55:00",TORRA3,0
D,DISPATCH,UNIT_SCADA,1,"2019/09/06 07:55:00",TORRA4,47.905060
D,DISPATCH,UNIT_SCADA,1,"2019/09/06 07:55:00",TORRB1,123.53
D,DISPATCH,UNIT_SCADA,1,"2019/09/06 07:55:00",TORRB2,123.53
D,DISPATCH,UNIT_SCADA,1,"2019/09/06 07:55:00",TORRB3,122.33
D,DISPATCH,UNIT_SCADA,1,"2019/09/06 07:55:00",TORRB4,0
D,DISPATCH,UNIT_SCADA,1,"2019/09/06 07:55:00",TREVALLN,66.940020
D,DISPATCH,UNIT_SCADA,1,"2019/09/06 07:55:00",TRIBUTE,0
D,DISPATCH,UNIT_SCADA,1,"2019/09/06 07:55:00",TUMUT3,0
D,DISPATCH,UNIT_SCADA,1,"2019/09/06 07:55:00",TUNGATIN,29.710030
D,DISPATCH,UNIT_SCADA,1,"2019/09/06 07:55:00",TVCC201,0
D,DISPATCH,UNIT_SCADA,1,"2019/09/06 07:55:00",TVPP104,0
D,DISPATCH,UNIT_SCADA,1,"2019/09/06 07:55:00",UPPTUMUT,468.566680
D,DISPATCH,UNIT_SCADA,1,"2019/09/06 07:55:00",URANQ11,0
D,DISPATCH,UNIT_SCADA,1,"2019/09/06 07:55:00",URANQ12,0
D,DISPATCH,UNIT_SCADA,1,"2019/09/06 07:55:00",URANQ13,0
D,DISPATCH,UNIT_SCADA,1,"2019/09/06 07:55:00",URANQ14,0
D,DISPATCH,UNIT_SCADA,1,"2019/09/06 07:55:00",VP5,543.450010
D,DISPATCH,UNIT_SCADA,1,"2019/09/06 07:55:00",VP6,0
D,DISPATCH,UNIT_SCADA,1,"2019/09/06 07:55:00",VPGS1,0
D,DISPATCH,UNIT_SCADA,1,"2019/09/06 07:55:00",VPGS2,0
D,DISPATCH,UNIT_SCADA,1,"2019/09/06 07:55:00",VPGS3,0
D,DISPATCH,UNIT_SCADA,1,"2019/09/06 07:55:00",VPGS4,0
D,DISPATCH,UNIT_SCADA,1,"2019/09/06 07:55:00",VPGS5,0
D,DISPATCH,UNIT_SCADA,1,"2019/09/06 07:55:00",VPGS6,0
D,DISPATCH,UNIT_SCADA,1,"2019/09/06 07:55:00",W/HOE#1,0
D,DISPATCH,UNIT_SCADA,1,"2019/09/06 07:55:00",W/HOE#2,0
D,DISPATCH,UNIT_SCADA,1,"2019/09/06 07:55:00",WATERLWF,110
D,DISPATCH,UNIT_SCADA,1,"2019/09/06 07:55:00",WEMENSF1,6.60
D,DISPATCH,UNIT_SCADA,1,"2019/09/06 07:55:00",WGWF1,110.70
D,DISPATCH,UNIT_SCADA,1,"2019/09/06 07:55:00",WHITSF1,38.40
D,DISPATCH,UNIT_SCADA,1,"2019/09/06 07:55:00",WKIEWA1,34.10
D,DISPATCH,UNIT_SCADA,1,"2019/09/06 07:55:00",WKIEWA2,0.10
D,DISPATCH,UNIT_SCADA,1,"2019/09/06 07:55:00",WOODLWN1,6.1470
D,DISPATCH,UNIT_SCADA,1,"2019/09/06 07:55:00",WRSF1,9.25
D,DISPATCH,UNIT_SCADA,1,"2019/09/06 07:55:00",WRWF1,25.31
D,DISPATCH,UNIT_SCADA,1,"2019/09/06 07:55:00",YABULU,0
D,DISPATCH,UNIT_SCADA,1,"2019/09/06 07:55:00",YABULU2,0
D,DISPATCH,UNIT_SCADA,1,"2019/09/06 07:55:00",YARWUN_1,165.91
D,DISPATCH,UNIT_SCADA,1,"2019/09/06 07:55:00",YENDWF1,41.99
D,DISPATCH,UNIT_SCADA,1,"2019/09/06 07:55:00",YWPS1,382.455690
D,DISPATCH,UNIT_SCADA,1,"2019/09/06 07:55:00",YWPS2,284.708860
D,DISPATCH,UNIT_SCADA,1,"2019/09/06 07:55:00",YWPS3,336.241760
D,DISPATCH,UNIT_SCADA,1,"2019/09/06 07:55:00",YWPS4,392.979740
C,"END OF REPORT",335
