C,NEMP.WORLD,DISPATCHSCADA,AEMO,PUBLIC,2019/08/19,17:15:08,0000000311753783,DISPATCHSCADA,0000000311753777
I,DISPATCH,UNIT_SCADA,1,SETTLEMENTDATE,DUID,SCADAVALUE
D,DISPATCH,UNIT_SCADA,1,"2019/08/19 17:20:00",BARCSF1,7.10
D,DISPATCH,UNIT_SCADA,1,"2019/08/19 17:20:00",BUTLERSG,9.699999
D,DISPATCH,UNIT_SCADA,1,"2019/08/19 17:20:00",CALL_A_4,0
D,DISPATCH,UNIT_SCADA,1,"2019/08/19 17:20:00",CAPTL_WF,123.667999
D,DISPATCH,UNIT_SCADA,1,"2019/08/19 17:20:00",CATHROCK,20.249998
D,DISPATCH,UNIT_SCADA,1,"2019/08/19 17:20:00",CHALLHWF,10.80
D,DISPATCH,UNIT_SCADA,1,"2019/08/19 17:20:00",CLOVER,-0.01
D,DISPATCH,UNIT_SCADA,1,"2019/08/19 17:20:00",CLUNY,16.892195
D,DISPATCH,UNIT_SCADA,1,"2019/08/19 17:20:00",CNUNDAWF,18.421490
D,DISPATCH,UNIT_SCADA,1,"2019/08/19 17:20:00",CULLRGWF,30.309999
D,DISPATCH,UNIT_SCADA,1,"2019/08/19 17:20:00",ERGT01,0
D,DISPATCH,UNIT_SCADA,1,"2019/08/19 17:20:00",GB01,0.065849
D,DISPATCH,UNIT_SCADA,1,"2019/08/19 17:20:00",GERMCRK,35.200001
D,DISPATCH,UNIT_SCADA,1,"2019/08/19 17:20:00",GRIFSF1,4
D,DISPATCH,UNIT_SCADA,1,"2019/08/19 17:20:00",HUGSF1,2.59
D,DISPATCH,UNIT_SCADA,1,"2019/08/19 17:20:00",LKBONNY1,50.995647
D,DISPATCH,UNIT_SCADA,1,"2019/08/19 17:20:00",LRSF1,4.9750
D,DISPATCH,UNIT_SCADA,1,"2019/08/19 17:20:00",MBAHNTH,57.600006
D,DISPATCH,UNIT_SCADA,1,"2019/08/19 17:20:00",MLSP1,0.304001
D,DISPATCH,UNIT_SCADA,1,"2019/08/19 17:20:00",MLWF1,10.065001
D,DISPATCH,UNIT_SCADA,1,"2019/08/19 17:20:00",MTMILLAR,1.547793
D,DISPATCH,UNIT_SCADA,1,"2019/08/19 17:20:00",PALOONA,23.66
D,DISPATCH,UNIT_SCADA,1,"2019/08/19 17:20:00",PIONEER,45.50
D,DISPATCH,UNIT_SCADA,1,"2019/08/19 17:20:00",PORTWF,126.099998
D,DISPATCH,UNIT_SCADA,1,"2019/08/19 17:20:00",REPULSE,29.234455
D,DISPATCH,UNIT_SCADA,1,"2019/08/19 17:20:00",ROWALLAN,9.9187
D,DISPATCH,UNIT_SCADA,1,"2019/08/19 17:20:00",ROYALLA1,0.2010
D,DISPATCH,UNIT_SCADA,1,"2019/08/19 17:20:00",RPCG,-0.90
D,DISPATCH,UNIT_SCADA,1,"2019/08/19 17:20:00",RUBICON,0
D,DISPATCH,UNIT_SCADA,1,"2019/08/19 17:20:00",SATGN1,0
D,DISPATCH,UNIT_SCADA,1,"2019/08/19 17:20:00",SATGS1,0
D,DISPATCH,UNIT_SCADA,1,"2019/08/19 17:20:00",STARHLWF,0.099971
D,DISPATCH,UNIT_SCADA,1,"2019/08/19 17:20:00",WAUBRAWF,102.971001
D,DISPATCH,UNIT_SCADA,1,"2019/08/19 17:20:00",WOOLNTH1,108.160019
D,DISPATCH,UNIT_SCADA,1,"2019/08/19 17:20:00",WPWF,38
D,DISPATCH,UNIT_SCADA,1,"2019/08/19 17:20:00",YAMBUKWF,26.299999
D,DISPATCH,UNIT_SCADA,1,"2019/08/19 17:20:00",YSWF1,22.200001
D,DISPATCH,UNIT_SCADA,1,"2019/08/19 17:20:00",AGLHAL,0
D,DISPATCH,UNIT_SCADA,1,"2019/08/19 17:20:00",AGLSOM,-0.10
D,DISPATCH,UNIT_SCADA,1,"2019/08/19 17:20:00",ANGAST1,0
D,DISPATCH,UNIT_SCADA,1,"2019/08/19 17:20:00",ARWF1,71.40
D,DISPATCH,UNIT_SCADA,1,"2019/08/19 17:20:00",BALBG1,0
D,DISPATCH,UNIT_SCADA,1,"2019/08/19 17:20:00",BALBL1,25.86
D,DISPATCH,UNIT_SCADA,1,"2019/08/19 17:20:00",BALDHWF1,102.9530
D,DISPATCH,UNIT_SCADA,1,"2019/08/19 17:20:00",BANN1,15.23
D,DISPATCH,UNIT_SCADA,1,"2019/08/19 17:20:00",BARCALDN,0
D,DISPATCH,UNIT_SCADA,1,"2019/08/19 17:20:00",BARRON-1,0
D,DISPATCH,UNIT_SCADA,1,"2019/08/19 17:20:00",BARRON-2,26.12
D,DISPATCH,UNIT_SCADA,1,"2019/08/19 17:20:00",BASTYAN,80.850010
D,DISPATCH,UNIT_SCADA,1,"2019/08/19 17:20:00",BBTHREE1,0
D,DISPATCH,UNIT_SCADA,1,"2019/08/19 17:20:00",BBTHREE2,0
D,DISPATCH,UNIT_SCADA,1,"2019/08/19 17:20:00",BBTHREE3,0
D,DISPATCH,UNIT_SCADA,1,"2019/08/19 17:20:00",BDL01,0
D,DISPATCH,UNIT_SCADA,1,"2019/08/19 17:20:00",BDL02,-0.12
D,DISPATCH,UNIT_SCADA,1,"2019/08/19 17:20:00",BERYLSF1,2.841090
D,DISPATCH,UNIT_SCADA,1,"2019/08/19 17:20:00",BLOWERNG,0
D,DISPATCH,UNIT_SCADA,1,"2019/08/19 17:20:00",BLUFF1,22.20
D,DISPATCH,UNIT_SCADA,1,"2019/08/19 17:20:00",BNGSF1,49.08
D,DISPATCH,UNIT_SCADA,1,"2019/08/19 17:20:00",BNGSF2,15.08
D,DISPATCH,UNIT_SCADA,1,"2019/08/19 17:20:00",BOCORWF1,111
D,DISPATCH,UNIT_SCADA,1,"2019/08/19 17:20:00",BODWF1,105.9694
D,DISPATCH,UNIT_SCADA,1,"2019/08/19 17:20:00",BRAEMAR1,0
D,DISPATCH,UNIT_SCADA,1,"2019/08/19 17:20:00",BRAEMAR2,66
D,DISPATCH,UNIT_SCADA,1,"2019/08/19 17:20:00",BRAEMAR3,0
D,DISPATCH,UNIT_SCADA,1,"2019/08/19 17:20:00",BRAEMAR5,130.671220
D,DISPATCH,UNIT_SCADA,1,"2019/08/19 17:20:00",BRAEMAR6,0
D,DISPATCH,UNIT_SCADA,1,"2019/08/19 17:20:00",BRAEMAR7,129.714480
D,DISPATCH,UNIT_SCADA,1,"2019/08/19 17:20:00",BROKENH1,7.167720
D,DISPATCH,UNIT_SCADA,1,"2019/08/19 17:20:00",BW01,641.199950
D,DISPATCH,UNIT_SCADA,1,"2019/08/19 17:20:00",BW02,659.424930
D,DISPATCH,UNIT_SCADA,1,"2019/08/19 17:20:00",BW03,647.424930
D,DISPATCH,UNIT_SCADA,1,"2019/08/19 17:20:00",BW04,0
D,DISPATCH,UNIT_SCADA,1,"2019/08/19 17:20:00",CALL_B_1,343.200010
D,DISPATCH,UNIT_SCADA,1,"2019/08/19 17:20:00",CALL_B_2,279.399990
D,DISPATCH,UNIT_SCADA,1,"2019/08/19 17:20:00",CETHANA,73.7555
D,DISPATCH,UNIT_SCADA,1,"2019/08/19 17:20:00",CG1,0
D,DISPATCH,UNIT_SCADA,1,"2019/08/19 17:20:00",CG2,0
D,DISPATCH,UNIT_SCADA,1,"2019/08/19 17:20:00",CG3,0
D,DISPATCH,UNIT_SCADA,1,"2019/08/19 17:20:00",CG4,0
D,DISPATCH,UNIT_SCADA,1,"2019/08/19 17:20:00",CHILDSF1,1.05
D,DISPATCH,UNIT_SCADA,1,"2019/08/19 17:20:00",CLARESF1,10.810880
D,DISPATCH,UNIT_SCADA,1,"2019/08/19 17:20:00",CLEMGPWF,14.767180
D,DISPATCH,UNIT_SCADA,1,"2019/08/19 17:20:00",CLERMSF1,10.59
D,DISPATCH,UNIT_SCADA,1,"2019/08/19 17:20:00",COLEASF1,13.299990
D,DISPATCH,UNIT_SCADA,1,"2019/08/19 17:20:00",COOPGWF1,24.609230
D,DISPATCH,UNIT_SCADA,1,"2019/08/19 17:20:00",CPP_3,405.075010
D,DISPATCH,UNIT_SCADA,1,"2019/08/19 17:20:00",CPP_4,405.899990
D,DISPATCH,UNIT_SCADA,1,"2019/08/19 17:20:00",CPSA,143.03
D,DISPATCH,UNIT_SCADA,1,"2019/08/19 17:20:00",CROOKWF2,87.533740
D,DISPATCH,UNIT_SCADA,1,"2019/08/19 17:20:00",CROWLWF1,25.6553
D,DISPATCH,UNIT_SCADA,1,"2019/08/19 17:20:00",CSPVPS1,4.6710
D,DISPATCH,UNIT_SCADA,1,"2019/08/19 17:20:00",DALNTH01,0
D,DISPATCH,UNIT_SCADA,1,"2019/08/19 17:20:00",DALNTHL1,0.114440
D,DISPATCH,UNIT_SCADA,1,"2019/08/19 17:20:00",DARTM1,134.80
D,DISPATCH,UNIT_SCADA,1,"2019/08/19 17:20:00",DAYDSF1,35.0560
D,DISPATCH,UNIT_SCADA,1,"2019/08/19 17:20:00",DDPS1,355.229740
D,DISPATCH,UNIT_SCADA,1,"2019/08/19 17:20:00",DDSF1,4.707330
D,DISPATCH,UNIT_SCADA,1,"2019/08/19 17:20:00",DEVILS_G,0
D,DISPATCH,UNIT_SCADA,1,"2019/08/19 17:20:00",DG_NSW1,0
D,DISPATCH,UNIT_SCADA,1,"2019/08/19 17:20:00",DG_QLD1,0
D,DISPATCH,UNIT_SCADA,1,"2019/08/19 17:20:00",DG_SA1,0
D,DISPATCH,UNIT_SCADA,1,"2019/08/19 17:20:00",DG_TAS1,0
D,DISPATCH,UNIT_SCADA,1,"2019/08/19 17:20:00",DG_VIC1,0
D,DISPATCH,UNIT_SCADA,1,"2019/08/19 17:20:00",DRYCGT1,0
D,DISPATCH,UNIT_SCADA,1,"2019/08/19 17:20:00",DRYCGT2,0
D,DISPATCH,UNIT_SCADA,1,"2019/08/19 17:20:00",DRYCGT3,0
D,DISPATCH,UNIT_SCADA,1,"2019/08/19 17:20:00",EILDON1,0
D,DISPATCH,UNIT_SCADA,1,"2019/08/19 17:20:00",EILDON2,0
D,DISPATCH,UNIT_SCADA,1,"2019/08/19 17:20:00",EMERASF1,8.50
D,DISPATCH,UNIT_SCADA,1,"2019/08/19 17:20:00",ER01,579.275020
D,DISPATCH,UNIT_SCADA,1,"2019/08/19 17:20:00",ER02,618.349980
D,DISPATCH,UNIT_SCADA,1,"2019/08/19 17:20:00",ER03,604.049930
D,DISPATCH,UNIT_SCADA,1,"2019/08/19 17:20:00",ER04,605.574950
D,DISPATCH,UNIT_SCADA,1,"2019/08/19 17:20:00",FINLYSF1,0.556880
D,DISPATCH,UNIT_SCADA,1,"2019/08/19 17:20:00",FISHER,46
D,DISPATCH,UNIT_SCADA,1,"2019/08/19 17:20:00",GANNBG1,0
D,DISPATCH,UNIT_SCADA,1,"2019/08/19 17:20:00",GANNBL1,9.417860
D,DISPATCH,UNIT_SCADA,1,"2019/08/19 17:20:00",GANNSF1,9
D,DISPATCH,UNIT_SCADA,1,"2019/08/19 17:20:00",GORDON,123.812640
D,DISPATCH,UNIT_SCADA,1,"2019/08/19 17:20:00",GSTONE1,212.45
D,DISPATCH,UNIT_SCADA,1,"2019/08/19 17:20:00",GSTONE2,218.9250
D,DISPATCH,UNIT_SCADA,1,"2019/08/19 17:20:00",GSTONE3,249.3750
D,DISPATCH,UNIT_SCADA,1,"2019/08/19 17:20:00",GSTONE4,264.424990
D,DISPATCH,UNIT_SCADA,1,"2019/08/19 17:20:00",GSTONE5,253.05
D,DISPATCH,UNIT_SCADA,1,"2019/08/19 17:20:00",GSTONE6,0
D,DISPATCH,UNIT_SCADA,1,"2019/08/19 17:20:00",GULLRSF1,0
D,DISPATCH,UNIT_SCADA,1,"2019/08/19 17:20:00",GULLRWF1,147.338840
D,DISPATCH,UNIT_SCADA,1,"2019/08/19 17:20:00",GUNNING1,41.047290
D,DISPATCH,UNIT_SCADA,1,"2019/08/19 17:20:00",GUTHEGA,31
D,DISPATCH,UNIT_SCADA,1,"2019/08/19 17:20:00",HALLWF1,50.46
D,DISPATCH,UNIT_SCADA,1,"2019/08/19 17:20:00",HALLWF2,43.14
D,DISPATCH,UNIT_SCADA,1,"2019/08/19 17:20:00",HAMISF1,12
D,DISPATCH,UNIT_SCADA,1,"2019/08/19 17:20:00",HAUGHT11,33.324030
D,DISPATCH,UNIT_SCADA,1,"2019/08/19 17:20:00",HAYMSF1,11.8850
D,DISPATCH,UNIT_SCADA,1,"2019/08/19 17:20:00",HDWF1,30.30
D,DISPATCH,UNIT_SCADA,1,"2019/08/19 17:20:00",HDWF2,22.90
D,DISPATCH,UNIT_SCADA,1,"2019/08/19 17:20:00",HDWF3,30.70
D,DISPATCH,UNIT_SCADA,1,"2019/08/19 17:20:00",HPRG1,0.40
D,DISPATCH,UNIT_SCADA,1,"2019/08/19 17:20:00",HPRL1,0
D,DISPATCH,UNIT_SCADA,1,"2019/08/19 17:20:00",HUMENSW,0
D,DISPATCH,UNIT_SCADA,1,"2019/08/19 17:20:00",HUMEV,8.90
D,DISPATCH,UNIT_SCADA,1,"2019/08/19 17:20:00",HVGTS,0
D,DISPATCH,UNIT_SCADA,1,"2019/08/19 17:20:00",JBUTTERS,135.87
D,DISPATCH,UNIT_SCADA,1,"2019/08/19 17:20:00",JLA01,0.50
D,DISPATCH,UNIT_SCADA,1,"2019/08/19 17:20:00",JLA02,0
D,DISPATCH,UNIT_SCADA,1,"2019/08/19 17:20:00",JLA03,0.10
D,DISPATCH,UNIT_SCADA,1,"2019/08/19 17:20:00",JLA04,0.10
D,DISPATCH,UNIT_SCADA,1,"2019/08/19 17:20:00",JLB01,0
D,DISPATCH,UNIT_SCADA,1,"2019/08/19 17:20:00",JLB02,80.80
D,DISPATCH,UNIT_SCADA,1,"2019/08/19 17:20:00",JLB03,30
D,DISPATCH,UNIT_SCADA,1,"2019/08/19 17:20:00",KAREEYA1,21.48
D,DISPATCH,UNIT_SCADA,1,"2019/08/19 17:20:00",KAREEYA2,21.6675
D,DISPATCH,UNIT_SCADA,1,"2019/08/19 17:20:00",KAREEYA3,0
D,DISPATCH,UNIT_SCADA,1,"2019/08/19 17:20:00",KAREEYA4,21.5175
D,DISPATCH,UNIT_SCADA,1,"2019/08/19 17:20:00",KARSF1,20.10
D,DISPATCH,UNIT_SCADA,1,"2019/08/19 17:20:00",KIATAWF1,25
D,DISPATCH,UNIT_SCADA,1,"2019/08/19 17:20:00",KPP_1,0
D,DISPATCH,UNIT_SCADA,1,"2019/08/19 17:20:00",KSP1,20.66
D,DISPATCH,UNIT_SCADA,1,"2019/08/19 17:20:00",LADBROK1,0
D,DISPATCH,UNIT_SCADA,1,"2019/08/19 17:20:00",LADBROK2,0
D,DISPATCH,UNIT_SCADA,1,"2019/08/19 17:20:00",LD01,425.418730
D,DISPATCH,UNIT_SCADA,1,"2019/08/19 17:20:00",LD02,421.143680
D,DISPATCH,UNIT_SCADA,1,"2019/08/19 17:20:00",LD03,426.337490
D,DISPATCH,UNIT_SCADA,1,"2019/08/19 17:20:00",LD04,383.193790
D,DISPATCH,UNIT_SCADA,1,"2019/08/19 17:20:00",LEM_WIL,72.5976
D,DISPATCH,UNIT_SCADA,1,"2019/08/19 17:20:00",LGAPWF1,7.76
D,DISPATCH,UNIT_SCADA,1,"2019/08/19 17:20:00",LILYSF1,9.437180
D,DISPATCH,UNIT_SCADA,1,"2019/08/19 17:20:00",LI_WY_CA,147.588330
D,DISPATCH,UNIT_SCADA,1,"2019/08/19 17:20:00",LKBONNY2,66.952930
D,DISPATCH,UNIT_SCADA,1,"2019/08/19 17:20:00",LKBONNY3,26.403810
D,DISPATCH,UNIT_SCADA,1,"2019/08/19 17:20:00",LK_ECHO,0
D,DISPATCH,UNIT_SCADA,1,"2019/08/19 17:20:00",LNGS1,0
D,DISPATCH,UNIT_SCADA,1,"2019/08/19 17:20:00",LNGS2,0
D,DISPATCH,UNIT_SCADA,1,"2019/08/19 17:20:00",LONSDALE,0
D,DISPATCH,UNIT_SCADA,1,"2019/08/19 17:20:00",LOYYB1,531.577210
D,DISPATCH,UNIT_SCADA,1,"2019/08/19 17:20:00",LOYYB2,581.202510
D,DISPATCH,UNIT_SCADA,1,"2019/08/19 17:20:00",LYA1,559
D,DISPATCH,UNIT_SCADA,1,"2019/08/19 17:20:00",LYA2,0
D,DISPATCH,UNIT_SCADA,1,"2019/08/19 17:20:00",LYA3,559
D,DISPATCH,UNIT_SCADA,1,"2019/08/19 17:20:00",LYA4,540
D,DISPATCH,UNIT_SCADA,1,"2019/08/19 17:20:00",MACARTH1,136.096860
D,DISPATCH,UNIT_SCADA,1,"2019/08/19 17:20:00",MACKAYGT,0
D,DISPATCH,UNIT_SCADA,1,"2019/08/19 17:20:00",MACKNTSH,85.23
D,DISPATCH,UNIT_SCADA,1,"2019/08/19 17:20:00",MANSLR1,1.3480
D,DISPATCH,UNIT_SCADA,1,"2019/08/19 17:20:00",MCKAY1,0.02
D,DISPATCH,UNIT_SCADA,1,"2019/08/19 17:20:00",MEADOWBK,33.924460
D,DISPATCH,UNIT_SCADA,1,"2019/08/19 17:20:00",MERCER01,60.1590
D,DISPATCH,UNIT_SCADA,1,"2019/08/19 17:20:00",MEWF1,22.073340
D,DISPATCH,UNIT_SCADA,1,"2019/08/19 17:20:00",MINTARO,0
D,DISPATCH,UNIT_SCADA,1,"2019/08/19 17:20:00",MOREESF1,1.4660
D,DISPATCH,UNIT_SCADA,1,"2019/08/19 17:20:00",MORTLK11,150
D,DISPATCH,UNIT_SCADA,1,"2019/08/19 17:20:00",MORTLK12,0
D,DISPATCH,UNIT_SCADA,1,"2019/08/19 17:20:00",MP1,422.150020
D,DISPATCH,UNIT_SCADA,1,"2019/08/19 17:20:00",MP2,0
D,DISPATCH,UNIT_SCADA,1,"2019/08/19 17:20:00",MPP_1,425.50
D,DISPATCH,UNIT_SCADA,1,"2019/08/19 17:20:00",MPP_2,435.75
D,DISPATCH,UNIT_SCADA,1,"2019/08/19 17:20:00",MSTUART1,0
D,DISPATCH,UNIT_SCADA,1,"2019/08/19 17:20:00",MSTUART2,0
D,DISPATCH,UNIT_SCADA,1,"2019/08/19 17:20:00",MSTUART3,0
D,DISPATCH,UNIT_SCADA,1,"2019/08/19 17:20:00",MTGELWF1,65.181430
D,DISPATCH,UNIT_SCADA,1,"2019/08/19 17:20:00",MURRAY,336.599980
D,DISPATCH,UNIT_SCADA,1,"2019/08/19 17:20:00",MUSSELR1,165.399990
D,DISPATCH,UNIT_SCADA,1,"2019/08/19 17:20:00",MUWAWF1,48.62
D,DISPATCH,UNIT_SCADA,1,"2019/08/19 17:20:00",NBHWF1,52
D,DISPATCH,UNIT_SCADA,1,"2019/08/19 17:20:00",NPS,505.8750
D,DISPATCH,UNIT_SCADA,1,"2019/08/19 17:20:00",NUMURSF1,13.12
D,DISPATCH,UNIT_SCADA,1,"2019/08/19 17:20:00",NYNGAN1,10.50
D,DISPATCH,UNIT_SCADA,1,"2019/08/19 17:20:00",OAKEY1,0
D,DISPATCH,UNIT_SCADA,1,"2019/08/19 17:20:00",OAKEY1SF,0.7230
D,DISPATCH,UNIT_SCADA,1,"2019/08/19 17:20:00",OAKEY2,0
D,DISPATCH,UNIT_SCADA,1,"2019/08/19 17:20:00",OAKLAND1,24.10
D,DISPATCH,UNIT_SCADA,1,"2019/08/19 17:20:00",OSB-AG,145.41
D,DISPATCH,UNIT_SCADA,1,"2019/08/19 17:20:00",PARSF1,6.20
D,DISPATCH,UNIT_SCADA,1,"2019/08/19 17:20:00",POAT110,42.226160
D,DISPATCH,UNIT_SCADA,1,"2019/08/19 17:20:00",POAT220,144.318080
D,DISPATCH,UNIT_SCADA,1,"2019/08/19 17:20:00",POR01,0
D,DISPATCH,UNIT_SCADA,1,"2019/08/19 17:20:00",POR03,0
D,DISPATCH,UNIT_SCADA,1,"2019/08/19 17:20:00",PPCCGT,498.366880
D,DISPATCH,UNIT_SCADA,1,"2019/08/19 17:20:00",PTSTAN1,0
D,DISPATCH,UNIT_SCADA,1,"2019/08/19 17:20:00",PUMP1,0
D,DISPATCH,UNIT_SCADA,1,"2019/08/19 17:20:00",PUMP2,0
D,DISPATCH,UNIT_SCADA,1,"2019/08/19 17:20:00",QPS1,0
D,DISPATCH,UNIT_SCADA,1,"2019/08/19 17:20:00",QPS2,0
D,DISPATCH,UNIT_SCADA,1,"2019/08/19 17:20:00",QPS3,0
D,DISPATCH,UNIT_SCADA,1,"2019/08/19 17:20:00",QPS4,0
D,DISPATCH,UNIT_SCADA,1,"2019/08/19 17:20:00",QPS5,0
D,DISPATCH,UNIT_SCADA,1,"2019/08/19 17:20:00",REECE1,113.850010
D,DISPATCH,UNIT_SCADA,1,"2019/08/19 17:20:00",REECE2,114.280010
D,DISPATCH,UNIT_SCADA,1,"2019/08/19 17:20:00",ROMA_7,0
D,DISPATCH,UNIT_SCADA,1,"2019/08/19 17:20:00",ROMA_8,0
D,DISPATCH,UNIT_SCADA,1,"2019/08/19 17:20:00",RRSF1,22.455330
D,DISPATCH,UNIT_SCADA,1,"2019/08/19 17:20:00",RT_NSW1,0
D,DISPATCH,UNIT_SCADA,1,"2019/08/19 17:20:00",RT_NSW2,0
D,DISPATCH,UNIT_SCADA,1,"2019/08/19 17:20:00",RT_NSW3,0
D,DISPATCH,UNIT_SCADA,1,"2019/08/19 17:20:00",RT_NSW4,0
D,DISPATCH,UNIT_SCADA,1,"2019/08/19 17:20:00",RT_NSW5,0
D,DISPATCH,UNIT_SCADA,1,"2019/08/19 17:20:00",RT_NSW6,0
D,DISPATCH,UNIT_SCADA,1,"2019/08/19 17:20:00",RT_QLD1,0
D,DISPATCH,UNIT_SCADA,1,"2019/08/19 17:20:00",RT_SA1,0
D,DISPATCH,UNIT_SCADA,1,"2019/08/19 17:20:00",RT_SA2,0
D,DISPATCH,UNIT_SCADA,1,"2019/08/19 17:20:00",RT_SA3,0
D,DISPATCH,UNIT_SCADA,1,"2019/08/19 17:20:00",RT_SA4,0
D,DISPATCH,UNIT_SCADA,1,"2019/08/19 17:20:00",RT_SA5,0
D,DISPATCH,UNIT_SCADA,1,"2019/08/19 17:20:00",RT_SA6,0
D,DISPATCH,UNIT_SCADA,1,"2019/08/19 17:20:00",RT_TAS1,0
D,DISPATCH,UNIT_SCADA,1,"2019/08/19 17:20:00",RT_VIC1,0
D,DISPATCH,UNIT_SCADA,1,"2019/08/19 17:20:00",RT_VIC10,0
D,DISPATCH,UNIT_SCADA,1,"2019/08/19 17:20:00",RT_VIC11,0
D,DISPATCH,UNIT_SCADA,1,"2019/08/19 17:20:00",RT_VIC12,0
D,DISPATCH,UNIT_SCADA,1,"2019/08/19 17:20:00",RT_VIC2,0
D,DISPATCH,UNIT_SCADA,1,"2019/08/19 17:20:00",RT_VIC3,0
D,DISPATCH,UNIT_SCADA,1,"2019/08/19 17:20:00",RT_VIC4,0
D,DISPATCH,UNIT_SCADA,1,"2019/08/19 17:20:00",RT_VIC5,0
D,DISPATCH,UNIT_SCADA,1,"2019/08/19 17:20:00",RT_VIC6,0
D,DISPATCH,UNIT_SCADA,1,"2019/08/19 17:20:00",RT_VIC7,0
D,DISPATCH,UNIT_SCADA,1,"2019/08/19 17:20:00",RT_VIC8,0
D,DISPATCH,UNIT_SCADA,1,"2019/08/19 17:20:00",RT_VIC9,0
D,DISPATCH,UNIT_SCADA,1,"2019/08/19 17:20:00",RUGBYR1,16.051710
D,DISPATCH,UNIT_SCADA,1,"2019/08/19 17:20:00",SALTCRK1,15.81
D,DISPATCH,UNIT_SCADA,1,"2019/08/19 17:20:00",SAPHWF1,231.918760
D,DISPATCH,UNIT_SCADA,1,"2019/08/19 17:20:00",SHGEN,0
D,DISPATCH,UNIT_SCADA,1,"2019/08/19 17:20:00",SHPUMP,0
D,DISPATCH,UNIT_SCADA,1,"2019/08/19 17:20:00",SITHE01,0.123710
D,DISPATCH,UNIT_SCADA,1,"2019/08/19 17:20:00",SMCSF1,12.556780
D,DISPATCH,UNIT_SCADA,1,"2019/08/19 17:20:00",SNOWNTH1,40.80
D,DISPATCH,UNIT_SCADA,1,"2019/08/19 17:20:00",SNOWSTH1,49.10
D,DISPATCH,UNIT_SCADA,1,"2019/08/19 17:20:00",SNOWTWN1,36.547150
D,DISPATCH,UNIT_SCADA,1,"2019/08/19 17:20:00",SNOWYP,0
D,DISPATCH,UNIT_SCADA,1,"2019/08/19 17:20:00",SNUG1,0.019440
D,DISPATCH,UNIT_SCADA,1,"2019/08/19 17:20:00",SRSF1,1.31
D,DISPATCH,UNIT_SCADA,1,"2019/08/19 17:20:00",STAN-1,0
D,DISPATCH,UNIT_SCADA,1,"2019/08/19 17:20:00",STAN-2,340.286960
D,DISPATCH,UNIT_SCADA,1,"2019/08/19 17:20:00",STAN-3,340.8125
D,DISPATCH,UNIT_SCADA,1,"2019/08/19 17:20:00",STAN-4,327.443510
D,DISPATCH,UNIT_SCADA,1,"2019/08/19 17:20:00",STWF1,19.113740
D,DISPATCH,UNIT_SCADA,1,"2019/08/19 17:20:00",SWAN_E,0
D,DISPATCH,UNIT_SCADA,1,"2019/08/19 17:20:00",TALWA1,422
D,DISPATCH,UNIT_SCADA,1,"2019/08/19 17:20:00",TARALGA1,99.671250
D,DISPATCH,UNIT_SCADA,1,"2019/08/19 17:20:00",TARONG#1,342.100010
D,DISPATCH,UNIT_SCADA,1,"2019/08/19 17:20:00",TARONG#2,342.200010
D,DISPATCH,UNIT_SCADA,1,"2019/08/19 17:20:00",TARONG#3,258.200010
D,DISPATCH,UNIT_SCADA,1,"2019/08/19 17:20:00",TARONG#4,350.399990
D,DISPATCH,UNIT_SCADA,1,"2019/08/19 17:20:00",TARRALEA,79
D,DISPATCH,UNIT_SCADA,1,"2019/08/19 17:20:00",TBSF1,19.70
D,DISPATCH,UNIT_SCADA,1,"2019/08/19 17:20:00",TNPS1,442.000030
D,DISPATCH,UNIT_SCADA,1,"2019/08/19 17:20:00",TORRA1,83.072140
D,DISPATCH,UNIT_SCADA,1,"2019/08/19 17:20:00",TORRA2,0
D,DISPATCH,UNIT_SCADA,1,"2019/08/19 17:20:00",TORRA3,49.399170
D,DISPATCH,UNIT_SCADA,1,"2019/08/19 17:20:00",TORRA4,0
D,DISPATCH,UNIT_SCADA,1,"2019/08/19 17:20:00",TORRB1,95.93
D,DISPATCH,UNIT_SCADA,1,"2019/08/19 17:20:00",TORRB2,122.38
D,DISPATCH,UNIT_SCADA,1,"2019/08/19 17:20:00",TORRB3,0
D,DISPATCH,UNIT_SCADA,1,"2019/08/19 17:20:00",TORRB4,0
D,DISPATCH,UNIT_SCADA,1,"2019/08/19 17:20:00",TREVALLN,40.160020
D,DISPATCH,UNIT_SCADA,1,"2019/08/19 17:20:00",TRIBUTE,84.91
D,DISPATCH,UNIT_SCADA,1,"2019/08/19 17:20:00",TUMUT3,0
D,DISPATCH,UNIT_SCADA,1,"2019/08/19 17:20:00",TUNGATIN,130.270030
D,DISPATCH,UNIT_SCADA,1,"2019/08/19 17:20:00",TVCC201,0
D,DISPATCH,UNIT_SCADA,1,"2019/08/19 17:20:00",TVPP104,57.826560
D,DISPATCH,UNIT_SCADA,1,"2019/08/19 17:20:00",UPPTUMUT,0
D,DISPATCH,UNIT_SCADA,1,"2019/08/19 17:20:00",URANQ11,0
D,DISPATCH,UNIT_SCADA,1,"2019/08/19 17:20:00",URANQ12,0
D,DISPATCH,UNIT_SCADA,1,"2019/08/19 17:20:00",URANQ13,0
D,DISPATCH,UNIT_SCADA,1,"2019/08/19 17:20:00",URANQ14,0
D,DISPATCH,UNIT_SCADA,1,"2019/08/19 17:20:00",VP5,582.049990
D,DISPATCH,UNIT_SCADA,1,"2019/08/19 17:20:00",VP6,567.474980
D,DISPATCH,UNIT_SCADA,1,"2019/08/19 17:20:00",VPGS1,0
D,DISPATCH,UNIT_SCADA,1,"2019/08/19 17:20:00",VPGS2,0
D,DISPATCH,UNIT_SCADA,1,"2019/08/19 17:20:00",VPGS3,0
D,DISPATCH,UNIT_SCADA,1,"2019/08/19 17:20:00",VPGS4,0
D,DISPATCH,UNIT_SCADA,1,"2019/08/19 17:20:00",VPGS5,0
D,DISPATCH,UNIT_SCADA,1,"2019/08/19 17:20:00",VPGS6,0
D,DISPATCH,UNIT_SCADA,1,"2019/08/19 17:20:00",W/HOE#1,0
D,DISPATCH,UNIT_SCADA,1,"2019/08/19 17:20:00",W/HOE#2,0
D,DISPATCH,UNIT_SCADA,1,"2019/08/19 17:20:00",WATERLWF,49.20
D,DISPATCH,UNIT_SCADA,1,"2019/08/19 17:20:00",WEMENSF1,23.90
D,DISPATCH,UNIT_SCADA,1,"2019/08/19 17:20:00",WGWF1,43.50
D,DISPATCH,UNIT_SCADA,1,"2019/08/19 17:20:00",WHITSF1,9.90
D,DISPATCH,UNIT_SCADA,1,"2019/08/19 17:20:00",WKIEWA1,17
D,DISPATCH,UNIT_SCADA,1,"2019/08/19 17:20:00",WKIEWA2,17.10
D,DISPATCH,UNIT_SCADA,1,"2019/08/19 17:20:00",WOODLWN1,44.261990
D,DISPATCH,UNIT_SCADA,1,"2019/08/19 17:20:00",WRSF1,0.43
D,DISPATCH,UNIT_SCADA,1,"2019/08/19 17:20:00",WRWF1,151.306240
D,DISPATCH,UNIT_SCADA,1,"2019/08/19 17:20:00",YABULU,0
D,DISPATCH,UNIT_SCADA,1,"2019/08/19 17:20:00",YABULU2,0
D,DISPATCH,UNIT_SCADA,1,"2019/08/19 17:20:00",YARWUN_1,0
D,DISPATCH,UNIT_SCADA,1,"2019/08/19 17:20:00",YENDWF1,42.02
D,DISPATCH,UNIT_SCADA,1,"2019/08/19 17:20:00",YWPS1,383.458220
D,DISPATCH,UNIT_SCADA,1,"2019/08/19 17:20:00",YWPS2,282.202550
D,DISPATCH,UNIT_SCADA,1,"2019/08/19 17:20:00",YWPS3,0
D,DISPATCH,UNIT_SCADA,1,"2019/08/19 17:20:00",YWPS4,396.931640
C,"END OF REPORT",334
