C,NEMP.WORLD,DISPATCHSCADA,AEMO,PUBLIC,2019/09/05,16:05:08,0000000312428328,DISPATCHSCADA,0000000312428322
I,DISPATCH,UNIT_SCADA,1,SETTLEMENTDATE,DUID,SCADAVALUE
D,DISPATCH,UNIT_SCADA,1,"2019/09/05 16:10:00",BARCSF1,8.900001
D,DISPATCH,UNIT_SCADA,1,"2019/09/05 16:10:00",BUTLERSG,10.199999
D,DISPATCH,UNIT_SCADA,1,"2019/09/05 16:10:00",CALL_A_4,0
D,DISPATCH,UNIT_SCADA,1,"2019/09/05 16:10:00",CAPTL_WF,0
D,DISPATCH,UNIT_SCADA,1,"2019/09/05 16:10:00",CATHROCK,32.589996
D,DISPATCH,UNIT_SCADA,1,"2019/09/05 16:10:00",CHALLHWF,2.20
D,DISPATCH,UNIT_SCADA,1,"2019/09/05 16:10:00",CLOVER,-0.01
D,DISPATCH,UNIT_SCADA,1,"2019/09/05 16:10:00",CLUNY,17.968872
D,DISPATCH,UNIT_SCADA,1,"2019/09/05 16:10:00",CNUNDAWF,0
D,DISPATCH,UNIT_SCADA,1,"2019/09/05 16:10:00",CULLRGWF,0
D,DISPATCH,UNIT_SCADA,1,"2019/09/05 16:10:00",ERGT01,0
D,DISPATCH,UNIT_SCADA,1,"2019/09/05 16:10:00",GB01,0.005070
D,DISPATCH,UNIT_SCADA,1,"2019/09/05 16:10:00",GERMCRK,35.799999
D,DISPATCH,UNIT_SCADA,1,"2019/09/05 16:10:00",GRIFSF1,10.099998
D,DISPATCH,UNIT_SCADA,1,"2019/09/05 16:10:00",HUGSF1,8.945001
D,DISPATCH,UNIT_SCADA,1,"2019/09/05 16:10:00",LKBONNY1,-0.806575
D,DISPATCH,UNIT_SCADA,1,"2019/09/05 16:10:00",LRSF1,-0.0340
D,DISPATCH,UNIT_SCADA,1,"2019/09/05 16:10:00",MBAHNTH,43.087494
D,DISPATCH,UNIT_SCADA,1,"2019/09/05 16:10:00",MLSP1,4.085001
D,DISPATCH,UNIT_SCADA,1,"2019/09/05 16:10:00",MLWF1,10.05
D,DISPATCH,UNIT_SCADA,1,"2019/09/05 16:10:00",MTMILLAR,-0.167430
D,DISPATCH,UNIT_SCADA,1,"2019/09/05 16:10:00",PALOONA,25.58
D,DISPATCH,UNIT_SCADA,1,"2019/09/05 16:10:00",PIONEER,28.50
D,DISPATCH,UNIT_SCADA,1,"2019/09/05 16:10:00",PORTWF,60.799999
D,DISPATCH,UNIT_SCADA,1,"2019/09/05 16:10:00",REPULSE,28.815748
D,DISPATCH,UNIT_SCADA,1,"2019/09/05 16:10:00",ROWALLAN,10.3873
D,DISPATCH,UNIT_SCADA,1,"2019/09/05 16:10:00",ROYALLA1,5.202001
D,DISPATCH,UNIT_SCADA,1,"2019/09/05 16:10:00",RPCG,10.30
D,DISPATCH,UNIT_SCADA,1,"2019/09/05 16:10:00",RUBICON,0
D,DISPATCH,UNIT_SCADA,1,"2019/09/05 16:10:00",SATGN1,0
D,DISPATCH,UNIT_SCADA,1,"2019/09/05 16:10:00",SATGS1,0
D,DISPATCH,UNIT_SCADA,1,"2019/09/05 16:10:00",STARHLWF,25.592537
D,DISPATCH,UNIT_SCADA,1,"2019/09/05 16:10:00",WAUBRAWF,61.610001
D,DISPATCH,UNIT_SCADA,1,"2019/09/05 16:10:00",WOOLNTH1,52.420013
D,DISPATCH,UNIT_SCADA,1,"2019/09/05 16:10:00",WPWF,71
D,DISPATCH,UNIT_SCADA,1,"2019/09/05 16:10:00",YAMBUKWF,20
D,DISPATCH,UNIT_SCADA,1,"2019/09/05 16:10:00",YSWF1,0
D,DISPATCH,UNIT_SCADA,1,"2019/09/05 16:10:00",AGLHAL,0
D,DISPATCH,UNIT_SCADA,1,"2019/09/05 16:10:00",AGLSOM,0
D,DISPATCH,UNIT_SCADA,1,"2019/09/05 16:10:00",ANGAST1,0
D,DISPATCH,UNIT_SCADA,1,"2019/09/05 16:10:00",ARWF1,29.90
D,DISPATCH,UNIT_SCADA,1,"2019/09/05 16:10:00",BALBG1,14.51
D,DISPATCH,UNIT_SCADA,1,"2019/09/05 16:10:00",BALBL1,0
D,DISPATCH,UNIT_SCADA,1,"2019/09/05 16:10:00",BALDHWF1,67.06
D,DISPATCH,UNIT_SCADA,1,"2019/09/05 16:10:00",BANN1,60.01
D,DISPATCH,UNIT_SCADA,1,"2019/09/05 16:10:00",BARCALDN,0
D,DISPATCH,UNIT_SCADA,1,"2019/09/05 16:10:00",BARRON-1,25.92
D,DISPATCH,UNIT_SCADA,1,"2019/09/05 16:10:00",BARRON-2,0
D,DISPATCH,UNIT_SCADA,1,"2019/09/05 16:10:00",BASTYAN,80.05
D,DISPATCH,UNIT_SCADA,1,"2019/09/05 16:10:00",BBTHREE1,0
D,DISPATCH,UNIT_SCADA,1,"2019/09/05 16:10:00",BBTHREE2,0
D,DISPATCH,UNIT_SCADA,1,"2019/09/05 16:10:00",BBTHREE3,0
D,DISPATCH,UNIT_SCADA,1,"2019/09/05 16:10:00",BDL01,0
D,DISPATCH,UNIT_SCADA,1,"2019/09/05 16:10:00",BDL02,0
D,DISPATCH,UNIT_SCADA,1,"2019/09/05 16:10:00",BERYLSF1,51.259310
D,DISPATCH,UNIT_SCADA,1,"2019/09/05 16:10:00",BLOWERNG,15.40
D,DISPATCH,UNIT_SCADA,1,"2019/09/05 16:10:00",BLUFF1,36.50
D,DISPATCH,UNIT_SCADA,1,"2019/09/05 16:10:00",BNGSF1,95.46
D,DISPATCH,UNIT_SCADA,1,"2019/09/05 16:10:00",BNGSF2,20.03
D,DISPATCH,UNIT_SCADA,1,"2019/09/05 16:10:00",BOCORWF1,110.71
D,DISPATCH,UNIT_SCADA,1,"2019/09/05 16:10:00",BODWF1,48.5810
D,DISPATCH,UNIT_SCADA,1,"2019/09/05 16:10:00",BRAEMAR1,0
D,DISPATCH,UNIT_SCADA,1,"2019/09/05 16:10:00",BRAEMAR2,0
D,DISPATCH,UNIT_SCADA,1,"2019/09/05 16:10:00",BRAEMAR3,0
D,DISPATCH,UNIT_SCADA,1,"2019/09/05 16:10:00",BRAEMAR5,0
D,DISPATCH,UNIT_SCADA,1,"2019/09/05 16:10:00",BRAEMAR6,0
D,DISPATCH,UNIT_SCADA,1,"2019/09/05 16:10:00",BRAEMAR7,0
D,DISPATCH,UNIT_SCADA,1,"2019/09/05 16:10:00",BROKENH1,33.688480
D,DISPATCH,UNIT_SCADA,1,"2019/09/05 16:10:00",BW01,559.175050
D,DISPATCH,UNIT_SCADA,1,"2019/09/05 16:10:00",BW02,634.724980
D,DISPATCH,UNIT_SCADA,1,"2019/09/05 16:10:00",BW03,638.650020
D,DISPATCH,UNIT_SCADA,1,"2019/09/05 16:10:00",BW04,0
D,DISPATCH,UNIT_SCADA,1,"2019/09/05 16:10:00",CALL_B_1,325.600010
D,DISPATCH,UNIT_SCADA,1,"2019/09/05 16:10:00",CALL_B_2,261
D,DISPATCH,UNIT_SCADA,1,"2019/09/05 16:10:00",CETHANA,57.828750
D,DISPATCH,UNIT_SCADA,1,"2019/09/05 16:10:00",CG1,0
D,DISPATCH,UNIT_SCADA,1,"2019/09/05 16:10:00",CG2,0
D,DISPATCH,UNIT_SCADA,1,"2019/09/05 16:10:00",CG3,0
D,DISPATCH,UNIT_SCADA,1,"2019/09/05 16:10:00",CG4,0
D,DISPATCH,UNIT_SCADA,1,"2019/09/05 16:10:00",CHILDSF1,43.16
D,DISPATCH,UNIT_SCADA,1,"2019/09/05 16:10:00",CLARESF1,42.864640
D,DISPATCH,UNIT_SCADA,1,"2019/09/05 16:10:00",CLEMGPWF,26.869060
D,DISPATCH,UNIT_SCADA,1,"2019/09/05 16:10:00",CLERMSF1,14.35
D,DISPATCH,UNIT_SCADA,1,"2019/09/05 16:10:00",COLEASF1,114.999980
D,DISPATCH,UNIT_SCADA,1,"2019/09/05 16:10:00",COOPGWF1,6.671250
D,DISPATCH,UNIT_SCADA,1,"2019/09/05 16:10:00",CPP_3,308.825010
D,DISPATCH,UNIT_SCADA,1,"2019/09/05 16:10:00",CPP_4,304.425020
D,DISPATCH,UNIT_SCADA,1,"2019/09/05 16:10:00",CPSA,75.269380
D,DISPATCH,UNIT_SCADA,1,"2019/09/05 16:10:00",CROOKWF2,1.176250
D,DISPATCH,UNIT_SCADA,1,"2019/09/05 16:10:00",CROWLWF1,4.518910
D,DISPATCH,UNIT_SCADA,1,"2019/09/05 16:10:00",CSPVPS1,17.7840
D,DISPATCH,UNIT_SCADA,1,"2019/09/05 16:10:00",DALNTH01,0
D,DISPATCH,UNIT_SCADA,1,"2019/09/05 16:10:00",DALNTHL1,0.984210
D,DISPATCH,UNIT_SCADA,1,"2019/09/05 16:10:00",DARTM1,0
D,DISPATCH,UNIT_SCADA,1,"2019/09/05 16:10:00",DAYDSF1,109.057010
D,DISPATCH,UNIT_SCADA,1,"2019/09/05 16:10:00",DDPS1,291.959440
D,DISPATCH,UNIT_SCADA,1,"2019/09/05 16:10:00",DDSF1,46.917630
D,DISPATCH,UNIT_SCADA,1,"2019/09/05 16:10:00",DEVILS_G,63.624990
D,DISPATCH,UNIT_SCADA,1,"2019/09/05 16:10:00",DG_NSW1,0
D,DISPATCH,UNIT_SCADA,1,"2019/09/05 16:10:00",DG_QLD1,0
D,DISPATCH,UNIT_SCADA,1,"2019/09/05 16:10:00",DG_SA1,0
D,DISPATCH,UNIT_SCADA,1,"2019/09/05 16:10:00",DG_TAS1,0
D,DISPATCH,UNIT_SCADA,1,"2019/09/05 16:10:00",DG_VIC1,0
D,DISPATCH,UNIT_SCADA,1,"2019/09/05 16:10:00",DRYCGT1,0
D,DISPATCH,UNIT_SCADA,1,"2019/09/05 16:10:00",DRYCGT2,0
D,DISPATCH,UNIT_SCADA,1,"2019/09/05 16:10:00",DRYCGT3,0
D,DISPATCH,UNIT_SCADA,1,"2019/09/05 16:10:00",EILDON1,0
D,DISPATCH,UNIT_SCADA,1,"2019/09/05 16:10:00",EILDON2,0
D,DISPATCH,UNIT_SCADA,1,"2019/09/05 16:10:00",EMERASF1,59.72
D,DISPATCH,UNIT_SCADA,1,"2019/09/05 16:10:00",ER01,578.525020
D,DISPATCH,UNIT_SCADA,1,"2019/09/05 16:10:00",ER02,363.949950
D,DISPATCH,UNIT_SCADA,1,"2019/09/05 16:10:00",ER03,0
D,DISPATCH,UNIT_SCADA,1,"2019/09/05 16:10:00",ER04,682.275020
D,DISPATCH,UNIT_SCADA,1,"2019/09/05 16:10:00",FINLYSF1,37.400010
D,DISPATCH,UNIT_SCADA,1,"2019/09/05 16:10:00",FISHER,45.74
D,DISPATCH,UNIT_SCADA,1,"2019/09/05 16:10:00",GANNBG1,0
D,DISPATCH,UNIT_SCADA,1,"2019/09/05 16:10:00",GANNBL1,0.4516
D,DISPATCH,UNIT_SCADA,1,"2019/09/05 16:10:00",GANNSF1,41.50
D,DISPATCH,UNIT_SCADA,1,"2019/09/05 16:10:00",GORDON,18.213440
D,DISPATCH,UNIT_SCADA,1,"2019/09/05 16:10:00",GSTONE1,130.3750
D,DISPATCH,UNIT_SCADA,1,"2019/09/05 16:10:00",GSTONE2,112.8750
D,DISPATCH,UNIT_SCADA,1,"2019/09/05 16:10:00",GSTONE3,0
D,DISPATCH,UNIT_SCADA,1,"2019/09/05 16:10:00",GSTONE4,145.95
D,DISPATCH,UNIT_SCADA,1,"2019/09/05 16:10:00",GSTONE5,130.20
D,DISPATCH,UNIT_SCADA,1,"2019/09/05 16:10:00",GSTONE6,145.4250
D,DISPATCH,UNIT_SCADA,1,"2019/09/05 16:10:00",GULLRSF1,4.034450
D,DISPATCH,UNIT_SCADA,1,"2019/09/05 16:10:00",GULLRWF1,0.819150
D,DISPATCH,UNIT_SCADA,1,"2019/09/05 16:10:00",GUNNING1,-0.417030
D,DISPATCH,UNIT_SCADA,1,"2019/09/05 16:10:00",GUTHEGA,0
D,DISPATCH,UNIT_SCADA,1,"2019/09/05 16:10:00",HALLWF1,20.65
D,DISPATCH,UNIT_SCADA,1,"2019/09/05 16:10:00",HALLWF2,14.58
D,DISPATCH,UNIT_SCADA,1,"2019/09/05 16:10:00",HAMISF1,41.50
D,DISPATCH,UNIT_SCADA,1,"2019/09/05 16:10:00",HAUGHT11,86.740990
D,DISPATCH,UNIT_SCADA,1,"2019/09/05 16:10:00",HAYMSF1,37.7270
D,DISPATCH,UNIT_SCADA,1,"2019/09/05 16:10:00",HDWF1,52
D,DISPATCH,UNIT_SCADA,1,"2019/09/05 16:10:00",HDWF2,52.20
D,DISPATCH,UNIT_SCADA,1,"2019/09/05 16:10:00",HDWF3,54.40
D,DISPATCH,UNIT_SCADA,1,"2019/09/05 16:10:00",HPRG1,10.10
D,DISPATCH,UNIT_SCADA,1,"2019/09/05 16:10:00",HPRL1,0
D,DISPATCH,UNIT_SCADA,1,"2019/09/05 16:10:00",HUMENSW,0
D,DISPATCH,UNIT_SCADA,1,"2019/09/05 16:10:00",HUMEV,24.60
D,DISPATCH,UNIT_SCADA,1,"2019/09/05 16:10:00",HVGTS,0
D,DISPATCH,UNIT_SCADA,1,"2019/09/05 16:10:00",JBUTTERS,21.61
D,DISPATCH,UNIT_SCADA,1,"2019/09/05 16:10:00",JLA01,0.10
D,DISPATCH,UNIT_SCADA,1,"2019/09/05 16:10:00",JLA02,0
D,DISPATCH,UNIT_SCADA,1,"2019/09/05 16:10:00",JLA03,0
D,DISPATCH,UNIT_SCADA,1,"2019/09/05 16:10:00",JLA04,0
D,DISPATCH,UNIT_SCADA,1,"2019/09/05 16:10:00",JLB01,0
D,DISPATCH,UNIT_SCADA,1,"2019/09/05 16:10:00",JLB02,30.30
D,DISPATCH,UNIT_SCADA,1,"2019/09/05 16:10:00",JLB03,0
D,DISPATCH,UNIT_SCADA,1,"2019/09/05 16:10:00",KAREEYA1,21.5725
D,DISPATCH,UNIT_SCADA,1,"2019/09/05 16:10:00",KAREEYA2,21.73
D,DISPATCH,UNIT_SCADA,1,"2019/09/05 16:10:00",KAREEYA3,0
D,DISPATCH,UNIT_SCADA,1,"2019/09/05 16:10:00",KAREEYA4,21.5925
D,DISPATCH,UNIT_SCADA,1,"2019/09/05 16:10:00",KARSF1,77
D,DISPATCH,UNIT_SCADA,1,"2019/09/05 16:10:00",KIATAWF1,12.70
D,DISPATCH,UNIT_SCADA,1,"2019/09/05 16:10:00",KPP_1,0
D,DISPATCH,UNIT_SCADA,1,"2019/09/05 16:10:00",KSP1,46.28
D,DISPATCH,UNIT_SCADA,1,"2019/09/05 16:10:00",LADBROK1,0
D,DISPATCH,UNIT_SCADA,1,"2019/09/05 16:10:00",LADBROK2,0
D,DISPATCH,UNIT_SCADA,1,"2019/09/05 16:10:00",LD01,392.193790
D,DISPATCH,UNIT_SCADA,1,"2019/09/05 16:10:00",LD02,395.868740
D,DISPATCH,UNIT_SCADA,1,"2019/09/05 16:10:00",LD03,397.631290
D,DISPATCH,UNIT_SCADA,1,"2019/09/05 16:10:00",LD04,368.531250
D,DISPATCH,UNIT_SCADA,1,"2019/09/05 16:10:00",LEM_WIL,85.322950
D,DISPATCH,UNIT_SCADA,1,"2019/09/05 16:10:00",LGAPWF1,14.96
D,DISPATCH,UNIT_SCADA,1,"2019/09/05 16:10:00",LILYSF1,70.778870
D,DISPATCH,UNIT_SCADA,1,"2019/09/05 16:10:00",LI_WY_CA,132.802370
D,DISPATCH,UNIT_SCADA,1,"2019/09/05 16:10:00",LKBONNY2,86.619060
D,DISPATCH,UNIT_SCADA,1,"2019/09/05 16:10:00",LKBONNY3,9.043170
D,DISPATCH,UNIT_SCADA,1,"2019/09/05 16:10:00",LK_ECHO,0
D,DISPATCH,UNIT_SCADA,1,"2019/09/05 16:10:00",LNGS1,0
D,DISPATCH,UNIT_SCADA,1,"2019/09/05 16:10:00",LNGS2,0
D,DISPATCH,UNIT_SCADA,1,"2019/09/05 16:10:00",LONSDALE,0
D,DISPATCH,UNIT_SCADA,1,"2019/09/05 16:10:00",LOYYB1,535.712650
D,DISPATCH,UNIT_SCADA,1,"2019/09/05 16:10:00",LOYYB2,582.330380
D,DISPATCH,UNIT_SCADA,1,"2019/09/05 16:10:00",LYA1,0
D,DISPATCH,UNIT_SCADA,1,"2019/09/05 16:10:00",LYA2,0
D,DISPATCH,UNIT_SCADA,1,"2019/09/05 16:10:00",LYA3,557
D,DISPATCH,UNIT_SCADA,1,"2019/09/05 16:10:00",LYA4,539
D,DISPATCH,UNIT_SCADA,1,"2019/09/05 16:10:00",MACARTH1,219.494930
D,DISPATCH,UNIT_SCADA,1,"2019/09/05 16:10:00",MACKAYGT,0.2240
D,DISPATCH,UNIT_SCADA,1,"2019/09/05 16:10:00",MACKNTSH,86.960010
D,DISPATCH,UNIT_SCADA,1,"2019/09/05 16:10:00",MANSLR1,34.3860
D,DISPATCH,UNIT_SCADA,1,"2019/09/05 16:10:00",MCKAY1,-0.0350
D,DISPATCH,UNIT_SCADA,1,"2019/09/05 16:10:00",MEADOWBK,33.667240
D,DISPATCH,UNIT_SCADA,1,"2019/09/05 16:10:00",MERCER01,12.5690
D,DISPATCH,UNIT_SCADA,1,"2019/09/05 16:10:00",MEWF1,37.605370
D,DISPATCH,UNIT_SCADA,1,"2019/09/05 16:10:00",MINTARO,0
D,DISPATCH,UNIT_SCADA,1,"2019/09/05 16:10:00",MOREESF1,46.3960
D,DISPATCH,UNIT_SCADA,1,"2019/09/05 16:10:00",MORTLK11,259
D,DISPATCH,UNIT_SCADA,1,"2019/09/05 16:10:00",MORTLK12,0
D,DISPATCH,UNIT_SCADA,1,"2019/09/05 16:10:00",MP1,214.6250
D,DISPATCH,UNIT_SCADA,1,"2019/09/05 16:10:00",MP2,0
D,DISPATCH,UNIT_SCADA,1,"2019/09/05 16:10:00",MPP_1,406.50
D,DISPATCH,UNIT_SCADA,1,"2019/09/05 16:10:00",MPP_2,428.75
D,DISPATCH,UNIT_SCADA,1,"2019/09/05 16:10:00",MSTUART1,0
D,DISPATCH,UNIT_SCADA,1,"2019/09/05 16:10:00",MSTUART2,0
D,DISPATCH,UNIT_SCADA,1,"2019/09/05 16:10:00",MSTUART3,0
D,DISPATCH,UNIT_SCADA,1,"2019/09/05 16:10:00",MTGELWF1,29.4290
D,DISPATCH,UNIT_SCADA,1,"2019/09/05 16:10:00",MURRAY,0
D,DISPATCH,UNIT_SCADA,1,"2019/09/05 16:10:00",MUSSELR1,11.50
D,DISPATCH,UNIT_SCADA,1,"2019/09/05 16:10:00",MUWAWF1,11.75
D,DISPATCH,UNIT_SCADA,1,"2019/09/05 16:10:00",NBHWF1,86.80
D,DISPATCH,UNIT_SCADA,1,"2019/09/05 16:10:00",NPS,114.3750
D,DISPATCH,UNIT_SCADA,1,"2019/09/05 16:10:00",NUMURSF1,46.58
D,DISPATCH,UNIT_SCADA,1,"2019/09/05 16:10:00",NYNGAN1,48.50
D,DISPATCH,UNIT_SCADA,1,"2019/09/05 16:10:00",OAKEY1,0
D,DISPATCH,UNIT_SCADA,1,"2019/09/05 16:10:00",OAKEY1SF,19.0210
D,DISPATCH,UNIT_SCADA,1,"2019/09/05 16:10:00",OAKEY2,0
D,DISPATCH,UNIT_SCADA,1,"2019/09/05 16:10:00",OAKEY2SF,0
D,DISPATCH,UNIT_SCADA,1,"2019/09/05 16:10:00",OAKLAND1,21.50
D,DISPATCH,UNIT_SCADA,1,"2019/09/05 16:10:00",OSB-AG,138.149990
D,DISPATCH,UNIT_SCADA,1,"2019/09/05 16:10:00",PARSF1,42.100010
D,DISPATCH,UNIT_SCADA,1,"2019/09/05 16:10:00",POAT110,0
D,DISPATCH,UNIT_SCADA,1,"2019/09/05 16:10:00",POAT220,0
D,DISPATCH,UNIT_SCADA,1,"2019/09/05 16:10:00",POR01,0
D,DISPATCH,UNIT_SCADA,1,"2019/09/05 16:10:00",POR03,0
D,DISPATCH,UNIT_SCADA,1,"2019/09/05 16:10:00",PPCCGT,167.512250
D,DISPATCH,UNIT_SCADA,1,"2019/09/05 16:10:00",PTSTAN1,0
D,DISPATCH,UNIT_SCADA,1,"2019/09/05 16:10:00",PUMP1,0
D,DISPATCH,UNIT_SCADA,1,"2019/09/05 16:10:00",PUMP2,0
D,DISPATCH,UNIT_SCADA,1,"2019/09/05 16:10:00",QPS1,0
D,DISPATCH,UNIT_SCADA,1,"2019/09/05 16:10:00",QPS2,0
D,DISPATCH,UNIT_SCADA,1,"2019/09/05 16:10:00",QPS3,0
D,DISPATCH,UNIT_SCADA,1,"2019/09/05 16:10:00",QPS4,0
D,DISPATCH,UNIT_SCADA,1,"2019/09/05 16:10:00",QPS5,0
D,DISPATCH,UNIT_SCADA,1,"2019/09/05 16:10:00",REECE1,103.250010
D,DISPATCH,UNIT_SCADA,1,"2019/09/05 16:10:00",REECE2,100.52
D,DISPATCH,UNIT_SCADA,1,"2019/09/05 16:10:00",ROMA_7,0
D,DISPATCH,UNIT_SCADA,1,"2019/09/05 16:10:00",ROMA_8,0
D,DISPATCH,UNIT_SCADA,1,"2019/09/05 16:10:00",RRSF1,92.291790
D,DISPATCH,UNIT_SCADA,1,"2019/09/05 16:10:00",RT_NSW1,0
D,DISPATCH,UNIT_SCADA,1,"2019/09/05 16:10:00",RT_NSW2,0
D,DISPATCH,UNIT_SCADA,1,"2019/09/05 16:10:00",RT_NSW3,0
D,DISPATCH,UNIT_SCADA,1,"2019/09/05 16:10:00",RT_NSW4,0
D,DISPATCH,UNIT_SCADA,1,"2019/09/05 16:10:00",RT_NSW5,0
D,DISPATCH,UNIT_SCADA,1,"2019/09/05 16:10:00",RT_NSW6,0
D,DISPATCH,UNIT_SCADA,1,"2019/09/05 16:10:00",RT_QLD1,0
D,DISPATCH,UNIT_SCADA,1,"2019/09/05 16:10:00",RT_SA1,0
D,DISPATCH,UNIT_SCADA,1,"2019/09/05 16:10:00",RT_SA2,0
D,DISPATCH,UNIT_SCADA,1,"2019/09/05 16:10:00",RT_SA3,0
D,DISPATCH,UNIT_SCADA,1,"2019/09/05 16:10:00",RT_SA4,0
D,DISPATCH,UNIT_SCADA,1,"2019/09/05 16:10:00",RT_SA5,0
D,DISPATCH,UNIT_SCADA,1,"2019/09/05 16:10:00",RT_SA6,0
D,DISPATCH,UNIT_SCADA,1,"2019/09/05 16:10:00",RT_TAS1,0
D,DISPATCH,UNIT_SCADA,1,"2019/09/05 16:10:00",RT_VIC1,0
D,DISPATCH,UNIT_SCADA,1,"2019/09/05 16:10:00",RT_VIC10,0
D,DISPATCH,UNIT_SCADA,1,"2019/09/05 16:10:00",RT_VIC11,0
D,DISPATCH,UNIT_SCADA,1,"2019/09/05 16:10:00",RT_VIC12,0
D,DISPATCH,UNIT_SCADA,1,"2019/09/05 16:10:00",RT_VIC2,0
D,DISPATCH,UNIT_SCADA,1,"2019/09/05 16:10:00",RT_VIC3,0
D,DISPATCH,UNIT_SCADA,1,"2019/09/05 16:10:00",RT_VIC4,0
D,DISPATCH,UNIT_SCADA,1,"2019/09/05 16:10:00",RT_VIC5,0
D,DISPATCH,UNIT_SCADA,1,"2019/09/05 16:10:00",RT_VIC6,0
D,DISPATCH,UNIT_SCADA,1,"2019/09/05 16:10:00",RT_VIC7,0
D,DISPATCH,UNIT_SCADA,1,"2019/09/05 16:10:00",RT_VIC8,0
D,DISPATCH,UNIT_SCADA,1,"2019/09/05 16:10:00",RT_VIC9,0
D,DISPATCH,UNIT_SCADA,1,"2019/09/05 16:10:00",RUGBYR1,59.0889
D,DISPATCH,UNIT_SCADA,1,"2019/09/05 16:10:00",SALTCRK1,21.01
D,DISPATCH,UNIT_SCADA,1,"2019/09/05 16:10:00",SAPHWF1,81.037510
D,DISPATCH,UNIT_SCADA,1,"2019/09/05 16:10:00",SHGEN,0
D,DISPATCH,UNIT_SCADA,1,"2019/09/05 16:10:00",SHPUMP,0
D,DISPATCH,UNIT_SCADA,1,"2019/09/05 16:10:00",SITHE01,0.224190
D,DISPATCH,UNIT_SCADA,1,"2019/09/05 16:10:00",SMCSF1,47.145840
D,DISPATCH,UNIT_SCADA,1,"2019/09/05 16:10:00",SNOWNTH1,68.40
D,DISPATCH,UNIT_SCADA,1,"2019/09/05 16:10:00",SNOWSTH1,92.899990
D,DISPATCH,UNIT_SCADA,1,"2019/09/05 16:10:00",SNOWTWN1,51.111530
D,DISPATCH,UNIT_SCADA,1,"2019/09/05 16:10:00",SNOWYP,0
D,DISPATCH,UNIT_SCADA,1,"2019/09/05 16:10:00",SNUG1,0.019440
D,DISPATCH,UNIT_SCADA,1,"2019/09/05 16:10:00",SRSF1,44.54
D,DISPATCH,UNIT_SCADA,1,"2019/09/05 16:10:00",STAN-1,352.181880
D,DISPATCH,UNIT_SCADA,1,"2019/09/05 16:10:00",STAN-2,256.817440
D,DISPATCH,UNIT_SCADA,1,"2019/09/05 16:10:00",STAN-3,227.105770
D,DISPATCH,UNIT_SCADA,1,"2019/09/05 16:10:00",STAN-4,221.2865
D,DISPATCH,UNIT_SCADA,1,"2019/09/05 16:10:00",STWF1,0
D,DISPATCH,UNIT_SCADA,1,"2019/09/05 16:10:00",SWAN_E,0
D,DISPATCH,UNIT_SCADA,1,"2019/09/05 16:10:00",TALWA1,411
D,DISPATCH,UNIT_SCADA,1,"2019/09/05 16:10:00",TARALGA1,5.178750
D,DISPATCH,UNIT_SCADA,1,"2019/09/05 16:10:00",TARONG#1,349.50
D,DISPATCH,UNIT_SCADA,1,"2019/09/05 16:10:00",TARONG#2,0
D,DISPATCH,UNIT_SCADA,1,"2019/09/05 16:10:00",TARONG#3,296.899990
D,DISPATCH,UNIT_SCADA,1,"2019/09/05 16:10:00",TARONG#4,349
D,DISPATCH,UNIT_SCADA,1,"2019/09/05 16:10:00",TARRALEA,73.90
D,DISPATCH,UNIT_SCADA,1,"2019/09/05 16:10:00",TBSF1,0
D,DISPATCH,UNIT_SCADA,1,"2019/09/05 16:10:00",TNPS1,379.000030
D,DISPATCH,UNIT_SCADA,1,"2019/09/05 16:10:00",TORRA1,46.649280
D,DISPATCH,UNIT_SCADA,1,"2019/09/05 16:10:00",TORRA2,0
D,DISPATCH,UNIT_SCADA,1,"2019/09/05 16:10:00",TORRA3,0
D,DISPATCH,UNIT_SCADA,1,"2019/09/05 16:10:00",TORRA4,46.644390
D,DISPATCH,UNIT_SCADA,1,"2019/09/05 16:10:00",TORRB1,64.96
D,DISPATCH,UNIT_SCADA,1,"2019/09/05 16:10:00",TORRB2,65.67
D,DISPATCH,UNIT_SCADA,1,"2019/09/05 16:10:00",TORRB3,63.26
D,DISPATCH,UNIT_SCADA,1,"2019/09/05 16:10:00",TORRB4,0
D,DISPATCH,UNIT_SCADA,1,"2019/09/05 16:10:00",TREVALLN,90.530030
D,DISPATCH,UNIT_SCADA,1,"2019/09/05 16:10:00",TRIBUTE,0
D,DISPATCH,UNIT_SCADA,1,"2019/09/05 16:10:00",TUMUT3,0
D,DISPATCH,UNIT_SCADA,1,"2019/09/05 16:10:00",TUNGATIN,42.70
D,DISPATCH,UNIT_SCADA,1,"2019/09/05 16:10:00",TVCC201,0
D,DISPATCH,UNIT_SCADA,1,"2019/09/05 16:10:00",TVPP104,0
D,DISPATCH,UNIT_SCADA,1,"2019/09/05 16:10:00",UPPTUMUT,392.941890
D,DISPATCH,UNIT_SCADA,1,"2019/09/05 16:10:00",URANQ11,0
D,DISPATCH,UNIT_SCADA,1,"2019/09/05 16:10:00",URANQ12,0
D,DISPATCH,UNIT_SCADA,1,"2019/09/05 16:10:00",URANQ13,107.962490
D,DISPATCH,UNIT_SCADA,1,"2019/09/05 16:10:00",URANQ14,0
D,DISPATCH,UNIT_SCADA,1,"2019/09/05 16:10:00",VP5,517.825010
D,DISPATCH,UNIT_SCADA,1,"2019/09/05 16:10:00",VP6,0
D,DISPATCH,UNIT_SCADA,1,"2019/09/05 16:10:00",VPGS1,0
D,DISPATCH,UNIT_SCADA,1,"2019/09/05 16:10:00",VPGS2,0
D,DISPATCH,UNIT_SCADA,1,"2019/09/05 16:10:00",VPGS3,0
D,DISPATCH,UNIT_SCADA,1,"2019/09/05 16:10:00",VPGS4,0
D,DISPATCH,UNIT_SCADA,1,"2019/09/05 16:10:00",VPGS5,0
D,DISPATCH,UNIT_SCADA,1,"2019/09/05 16:10:00",VPGS6,0
D,DISPATCH,UNIT_SCADA,1,"2019/09/05 16:10:00",W/HOE#1,0
D,DISPATCH,UNIT_SCADA,1,"2019/09/05 16:10:00",W/HOE#2,0
D,DISPATCH,UNIT_SCADA,1,"2019/09/05 16:10:00",WATERLWF,114.30
D,DISPATCH,UNIT_SCADA,1,"2019/09/05 16:10:00",WEMENSF1,63.40
D,DISPATCH,UNIT_SCADA,1,"2019/09/05 16:10:00",WGWF1,64.40
D,DISPATCH,UNIT_SCADA,1,"2019/09/05 16:10:00",WHITSF1,39.90
D,DISPATCH,UNIT_SCADA,1,"2019/09/05 16:10:00",WKIEWA1,0
D,DISPATCH,UNIT_SCADA,1,"2019/09/05 16:10:00",WKIEWA2,0.10
D,DISPATCH,UNIT_SCADA,1,"2019/09/05 16:10:00",WOODLWN1,1.0170
D,DISPATCH,UNIT_SCADA,1,"2019/09/05 16:10:00",WRSF1,8.14
D,DISPATCH,UNIT_SCADA,1,"2019/09/05 16:10:00",WRWF1,99.766250
D,DISPATCH,UNIT_SCADA,1,"2019/09/05 16:10:00",YABULU,0
D,DISPATCH,UNIT_SCADA,1,"2019/09/05 16:10:00",YABULU2,0
D,DISPATCH,UNIT_SCADA,1,"2019/09/05 16:10:00",YARWUN_1,130.61
D,DISPATCH,UNIT_SCADA,1,"2019/09/05 16:10:00",YENDWF1,16.07
D,DISPATCH,UNIT_SCADA,1,"2019/09/05 16:10:00",YWPS1,379.448090
D,DISPATCH,UNIT_SCADA,1,"2019/09/05 16:10:00",YWPS2,276.6886
D,DISPATCH,UNIT_SCADA,1,"2019/09/05 16:10:00",YWPS3,334.830380
D,DISPATCH,UNIT_SCADA,1,"2019/09/05 16:10:00",YWPS4,393.544310
C,"END OF REPORT",335
