C,NEMP.WORLD,DISPATCHSCADA,AEMO,PUBLIC,2019/09/05,08:30:08,0000000312414661,DISPATCHSCADA,0000000312414655
I,DISPATCH,UNIT_SCADA,1,SETTLEMENTDATE,DUID,SCADAVALUE
D,DISPATCH,UNIT_SCADA,1,"2019/09/05 08:35:00",BARCSF1,8.80
D,DISPATCH,UNIT_SCADA,1,"2019/09/05 08:35:00",BUTLERSG,10.199999
D,DISPATCH,UNIT_SCADA,1,"2019/09/05 08:35:00",CALL_A_4,0
D,DISPATCH,UNIT_SCADA,1,"2019/09/05 08:35:00",CAPTL_WF,0
D,DISPATCH,UNIT_SCADA,1,"2019/09/05 08:35:00",CATHROCK,36.219997
D,DISPATCH,UNIT_SCADA,1,"2019/09/05 08:35:00",CHALLHWF,1.60
D,DISPATCH,UNIT_SCADA,1,"2019/09/05 08:35:00",CLOVER,-0.01
D,DISPATCH,UNIT_SCADA,1,"2019/09/05 08:35:00",CLUNY,14.034791
D,DISPATCH,UNIT_SCADA,1,"2019/09/05 08:35:00",CNUNDAWF,23.927914
D,DISPATCH,UNIT_SCADA,1,"2019/09/05 08:35:00",CULLRGWF,7.60
D,DISPATCH,UNIT_SCADA,1,"2019/09/05 08:35:00",ERGT01,0
D,DISPATCH,UNIT_SCADA,1,"2019/09/05 08:35:00",GB01,0.015625
D,DISPATCH,UNIT_SCADA,1,"2019/09/05 08:35:00",GERMCRK,36.700001
D,DISPATCH,UNIT_SCADA,1,"2019/09/05 08:35:00",GRIFSF1,23.699997
D,DISPATCH,UNIT_SCADA,1,"2019/09/05 08:35:00",HUGSF1,8.9610
D,DISPATCH,UNIT_SCADA,1,"2019/09/05 08:35:00",LKBONNY1,38.938881
D,DISPATCH,UNIT_SCADA,1,"2019/09/05 08:35:00",LRSF1,12.854001
D,DISPATCH,UNIT_SCADA,1,"2019/09/05 08:35:00",MBAHNTH,42.093750
D,DISPATCH,UNIT_SCADA,1,"2019/09/05 08:35:00",MLSP1,7.300001
D,DISPATCH,UNIT_SCADA,1,"2019/09/05 08:35:00",MLWF1,3.8850
D,DISPATCH,UNIT_SCADA,1,"2019/09/05 08:35:00",MTMILLAR,11.891215
D,DISPATCH,UNIT_SCADA,1,"2019/09/05 08:35:00",PALOONA,24.65
D,DISPATCH,UNIT_SCADA,1,"2019/09/05 08:35:00",PIONEER,47.50
D,DISPATCH,UNIT_SCADA,1,"2019/09/05 08:35:00",PORTWF,26.200001
D,DISPATCH,UNIT_SCADA,1,"2019/09/05 08:35:00",REPULSE,24.954605
D,DISPATCH,UNIT_SCADA,1,"2019/09/05 08:35:00",ROWALLAN,10.3305
D,DISPATCH,UNIT_SCADA,1,"2019/09/05 08:35:00",ROYALLA1,4.188001
D,DISPATCH,UNIT_SCADA,1,"2019/09/05 08:35:00",RPCG,10.10
D,DISPATCH,UNIT_SCADA,1,"2019/09/05 08:35:00",RUBICON,0
D,DISPATCH,UNIT_SCADA,1,"2019/09/05 08:35:00",SATGN1,0
D,DISPATCH,UNIT_SCADA,1,"2019/09/05 08:35:00",SATGS1,0
D,DISPATCH,UNIT_SCADA,1,"2019/09/05 08:35:00",STARHLWF,-0.099971
D,DISPATCH,UNIT_SCADA,1,"2019/09/05 08:35:00",WAUBRAWF,25.169001
D,DISPATCH,UNIT_SCADA,1,"2019/09/05 08:35:00",WOOLNTH1,-0.239985
D,DISPATCH,UNIT_SCADA,1,"2019/09/05 08:35:00",WPWF,12
D,DISPATCH,UNIT_SCADA,1,"2019/09/05 08:35:00",YAMBUKWF,3.60
D,DISPATCH,UNIT_SCADA,1,"2019/09/05 08:35:00",YSWF1,0
D,DISPATCH,UNIT_SCADA,1,"2019/09/05 08:35:00",AGLHAL,0
D,DISPATCH,UNIT_SCADA,1,"2019/09/05 08:35:00",AGLSOM,0
D,DISPATCH,UNIT_SCADA,1,"2019/09/05 08:35:00",ANGAST1,0
D,DISPATCH,UNIT_SCADA,1,"2019/09/05 08:35:00",ARWF1,11.20
D,DISPATCH,UNIT_SCADA,1,"2019/09/05 08:35:00",BALBG1,0
D,DISPATCH,UNIT_SCADA,1,"2019/09/05 08:35:00",BALBL1,0
D,DISPATCH,UNIT_SCADA,1,"2019/09/05 08:35:00",BALDHWF1,2.3490
D,DISPATCH,UNIT_SCADA,1,"2019/09/05 08:35:00",BANN1,11.36
D,DISPATCH,UNIT_SCADA,1,"2019/09/05 08:35:00",BARCALDN,0
D,DISPATCH,UNIT_SCADA,1,"2019/09/05 08:35:00",BARRON-1,33.04
D,DISPATCH,UNIT_SCADA,1,"2019/09/05 08:35:00",BARRON-2,0
D,DISPATCH,UNIT_SCADA,1,"2019/09/05 08:35:00",BASTYAN,80.52
D,DISPATCH,UNIT_SCADA,1,"2019/09/05 08:35:00",BBTHREE1,0
D,DISPATCH,UNIT_SCADA,1,"2019/09/05 08:35:00",BBTHREE2,0
D,DISPATCH,UNIT_SCADA,1,"2019/09/05 08:35:00",BBTHREE3,0
D,DISPATCH,UNIT_SCADA,1,"2019/09/05 08:35:00",BDL01,20.10
D,DISPATCH,UNIT_SCADA,1,"2019/09/05 08:35:00",BDL02,-0.24
D,DISPATCH,UNIT_SCADA,1,"2019/09/05 08:35:00",BERYLSF1,70.089370
D,DISPATCH,UNIT_SCADA,1,"2019/09/05 08:35:00",BLOWERNG,11.10
D,DISPATCH,UNIT_SCADA,1,"2019/09/05 08:35:00",BLUFF1,0
D,DISPATCH,UNIT_SCADA,1,"2019/09/05 08:35:00",BNGSF1,67.42
D,DISPATCH,UNIT_SCADA,1,"2019/09/05 08:35:00",BNGSF2,19.99
D,DISPATCH,UNIT_SCADA,1,"2019/09/05 08:35:00",BOCORWF1,0
D,DISPATCH,UNIT_SCADA,1,"2019/09/05 08:35:00",BODWF1,16.322280
D,DISPATCH,UNIT_SCADA,1,"2019/09/05 08:35:00",BRAEMAR1,0
D,DISPATCH,UNIT_SCADA,1,"2019/09/05 08:35:00",BRAEMAR2,0
D,DISPATCH,UNIT_SCADA,1,"2019/09/05 08:35:00",BRAEMAR3,0
D,DISPATCH,UNIT_SCADA,1,"2019/09/05 08:35:00",BRAEMAR5,0
D,DISPATCH,UNIT_SCADA,1,"2019/09/05 08:35:00",BRAEMAR6,0
D,DISPATCH,UNIT_SCADA,1,"2019/09/05 08:35:00",BRAEMAR7,0
D,DISPATCH,UNIT_SCADA,1,"2019/09/05 08:35:00",BROKENH1,24.165770
D,DISPATCH,UNIT_SCADA,1,"2019/09/05 08:35:00",BW01,559.300050
D,DISPATCH,UNIT_SCADA,1,"2019/09/05 08:35:00",BW02,649.349980
D,DISPATCH,UNIT_SCADA,1,"2019/09/05 08:35:00",BW03,647.75
D,DISPATCH,UNIT_SCADA,1,"2019/09/05 08:35:00",BW04,0
D,DISPATCH,UNIT_SCADA,1,"2019/09/05 08:35:00",CALL_B_1,295
D,DISPATCH,UNIT_SCADA,1,"2019/09/05 08:35:00",CALL_B_2,258.899990
D,DISPATCH,UNIT_SCADA,1,"2019/09/05 08:35:00",CETHANA,79.802870
D,DISPATCH,UNIT_SCADA,1,"2019/09/05 08:35:00",CG1,0
D,DISPATCH,UNIT_SCADA,1,"2019/09/05 08:35:00",CG2,0
D,DISPATCH,UNIT_SCADA,1,"2019/09/05 08:35:00",CG3,0
D,DISPATCH,UNIT_SCADA,1,"2019/09/05 08:35:00",CG4,0
D,DISPATCH,UNIT_SCADA,1,"2019/09/05 08:35:00",CHILDSF1,56.05
D,DISPATCH,UNIT_SCADA,1,"2019/09/05 08:35:00",CLARESF1,2.093380
D,DISPATCH,UNIT_SCADA,1,"2019/09/05 08:35:00",CLEMGPWF,18.224860
D,DISPATCH,UNIT_SCADA,1,"2019/09/05 08:35:00",CLERMSF1,0.24
D,DISPATCH,UNIT_SCADA,1,"2019/09/05 08:35:00",COLEASF1,30.50
D,DISPATCH,UNIT_SCADA,1,"2019/09/05 08:35:00",COOPGWF1,0.143790
D,DISPATCH,UNIT_SCADA,1,"2019/09/05 08:35:00",CPP_3,208.45
D,DISPATCH,UNIT_SCADA,1,"2019/09/05 08:35:00",CPP_4,212.575010
D,DISPATCH,UNIT_SCADA,1,"2019/09/05 08:35:00",CPSA,143.445010
D,DISPATCH,UNIT_SCADA,1,"2019/09/05 08:35:00",CROOKWF2,3.663750
D,DISPATCH,UNIT_SCADA,1,"2019/09/05 08:35:00",CROWLWF1,0.974850
D,DISPATCH,UNIT_SCADA,1,"2019/09/05 08:35:00",CSPVPS1,21.0330
D,DISPATCH,UNIT_SCADA,1,"2019/09/05 08:35:00",DALNTH01,0
D,DISPATCH,UNIT_SCADA,1,"2019/09/05 08:35:00",DALNTHL1,0.056460
D,DISPATCH,UNIT_SCADA,1,"2019/09/05 08:35:00",DARTM1,133.50
D,DISPATCH,UNIT_SCADA,1,"2019/09/05 08:35:00",DAYDSF1,114.140010
D,DISPATCH,UNIT_SCADA,1,"2019/09/05 08:35:00",DDPS1,48.401540
D,DISPATCH,UNIT_SCADA,1,"2019/09/05 08:35:00",DDSF1,71.794690
D,DISPATCH,UNIT_SCADA,1,"2019/09/05 08:35:00",DEVILS_G,56.246830
D,DISPATCH,UNIT_SCADA,1,"2019/09/05 08:35:00",DG_NSW1,0
D,DISPATCH,UNIT_SCADA,1,"2019/09/05 08:35:00",DG_QLD1,0
D,DISPATCH,UNIT_SCADA,1,"2019/09/05 08:35:00",DG_SA1,0
D,DISPATCH,UNIT_SCADA,1,"2019/09/05 08:35:00",DG_TAS1,0
D,DISPATCH,UNIT_SCADA,1,"2019/09/05 08:35:00",DG_VIC1,0
D,DISPATCH,UNIT_SCADA,1,"2019/09/05 08:35:00",DRYCGT1,0
D,DISPATCH,UNIT_SCADA,1,"2019/09/05 08:35:00",DRYCGT2,0
D,DISPATCH,UNIT_SCADA,1,"2019/09/05 08:35:00",DRYCGT3,0
D,DISPATCH,UNIT_SCADA,1,"2019/09/05 08:35:00",EILDON1,0
D,DISPATCH,UNIT_SCADA,1,"2019/09/05 08:35:00",EILDON2,0
D,DISPATCH,UNIT_SCADA,1,"2019/09/05 08:35:00",EMERASF1,0.20
D,DISPATCH,UNIT_SCADA,1,"2019/09/05 08:35:00",ER01,588.949950
D,DISPATCH,UNIT_SCADA,1,"2019/09/05 08:35:00",ER02,688.224980
D,DISPATCH,UNIT_SCADA,1,"2019/09/05 08:35:00",ER03,0
D,DISPATCH,UNIT_SCADA,1,"2019/09/05 08:35:00",ER04,694.349980
D,DISPATCH,UNIT_SCADA,1,"2019/09/05 08:35:00",FINLYSF1,4.356250
D,DISPATCH,UNIT_SCADA,1,"2019/09/05 08:35:00",FISHER,46.03
D,DISPATCH,UNIT_SCADA,1,"2019/09/05 08:35:00",GANNBG1,0.0024
D,DISPATCH,UNIT_SCADA,1,"2019/09/05 08:35:00",GANNBL1,0
D,DISPATCH,UNIT_SCADA,1,"2019/09/05 08:35:00",GANNSF1,8.60
D,DISPATCH,UNIT_SCADA,1,"2019/09/05 08:35:00",GORDON,92.714160
D,DISPATCH,UNIT_SCADA,1,"2019/09/05 08:35:00",GSTONE1,124.7750
D,DISPATCH,UNIT_SCADA,1,"2019/09/05 08:35:00",GSTONE2,110.0750
D,DISPATCH,UNIT_SCADA,1,"2019/09/05 08:35:00",GSTONE3,0
D,DISPATCH,UNIT_SCADA,1,"2019/09/05 08:35:00",GSTONE4,126.35
D,DISPATCH,UNIT_SCADA,1,"2019/09/05 08:35:00",GSTONE5,124.4250
D,DISPATCH,UNIT_SCADA,1,"2019/09/05 08:35:00",GSTONE6,125.65
D,DISPATCH,UNIT_SCADA,1,"2019/09/05 08:35:00",GULLRSF1,7.157560
D,DISPATCH,UNIT_SCADA,1,"2019/09/05 08:35:00",GULLRWF1,16.076320
D,DISPATCH,UNIT_SCADA,1,"2019/09/05 08:35:00",GUNNING1,5.025380
D,DISPATCH,UNIT_SCADA,1,"2019/09/05 08:35:00",GUTHEGA,31
D,DISPATCH,UNIT_SCADA,1,"2019/09/05 08:35:00",HALLWF1,-0.41
D,DISPATCH,UNIT_SCADA,1,"2019/09/05 08:35:00",HALLWF2,-0.31
D,DISPATCH,UNIT_SCADA,1,"2019/09/05 08:35:00",HAMISF1,45.10
D,DISPATCH,UNIT_SCADA,1,"2019/09/05 08:35:00",HAUGHT11,94.502910
D,DISPATCH,UNIT_SCADA,1,"2019/09/05 08:35:00",HAYMSF1,39.2460
D,DISPATCH,UNIT_SCADA,1,"2019/09/05 08:35:00",HDWF1,-0.70
D,DISPATCH,UNIT_SCADA,1,"2019/09/05 08:35:00",HDWF2,-0.60
D,DISPATCH,UNIT_SCADA,1,"2019/09/05 08:35:00",HDWF3,-0.60
D,DISPATCH,UNIT_SCADA,1,"2019/09/05 08:35:00",HPRG1,0
D,DISPATCH,UNIT_SCADA,1,"2019/09/05 08:35:00",HPRL1,24.30
D,DISPATCH,UNIT_SCADA,1,"2019/09/05 08:35:00",HUMENSW,0
D,DISPATCH,UNIT_SCADA,1,"2019/09/05 08:35:00",HUMEV,25.20
D,DISPATCH,UNIT_SCADA,1,"2019/09/05 08:35:00",HVGTS,0
D,DISPATCH,UNIT_SCADA,1,"2019/09/05 08:35:00",JBUTTERS,115.05
D,DISPATCH,UNIT_SCADA,1,"2019/09/05 08:35:00",JLA01,0.10
D,DISPATCH,UNIT_SCADA,1,"2019/09/05 08:35:00",JLA02,0
D,DISPATCH,UNIT_SCADA,1,"2019/09/05 08:35:00",JLA03,0
D,DISPATCH,UNIT_SCADA,1,"2019/09/05 08:35:00",JLA04,0
D,DISPATCH,UNIT_SCADA,1,"2019/09/05 08:35:00",JLB01,0
D,DISPATCH,UNIT_SCADA,1,"2019/09/05 08:35:00",JLB02,29.90
D,DISPATCH,UNIT_SCADA,1,"2019/09/05 08:35:00",JLB03,29.60
D,DISPATCH,UNIT_SCADA,1,"2019/09/05 08:35:00",KAREEYA1,21.5925
D,DISPATCH,UNIT_SCADA,1,"2019/09/05 08:35:00",KAREEYA2,21.6275
D,DISPATCH,UNIT_SCADA,1,"2019/09/05 08:35:00",KAREEYA3,0
D,DISPATCH,UNIT_SCADA,1,"2019/09/05 08:35:00",KAREEYA4,21.65
D,DISPATCH,UNIT_SCADA,1,"2019/09/05 08:35:00",KARSF1,78.20
D,DISPATCH,UNIT_SCADA,1,"2019/09/05 08:35:00",KIATAWF1,4.50
D,DISPATCH,UNIT_SCADA,1,"2019/09/05 08:35:00",KPP_1,0
D,DISPATCH,UNIT_SCADA,1,"2019/09/05 08:35:00",KSP1,0
D,DISPATCH,UNIT_SCADA,1,"2019/09/05 08:35:00",LADBROK1,42.64
D,DISPATCH,UNIT_SCADA,1,"2019/09/05 08:35:00",LADBROK2,42.79
D,DISPATCH,UNIT_SCADA,1,"2019/09/05 08:35:00",LD01,378.506290
D,DISPATCH,UNIT_SCADA,1,"2019/09/05 08:35:00",LD02,379.143770
D,DISPATCH,UNIT_SCADA,1,"2019/09/05 08:35:00",LD03,379.856230
D,DISPATCH,UNIT_SCADA,1,"2019/09/05 08:35:00",LD04,381.412450
D,DISPATCH,UNIT_SCADA,1,"2019/09/05 08:35:00",LEM_WIL,82.6512
D,DISPATCH,UNIT_SCADA,1,"2019/09/05 08:35:00",LGAPWF1,34.59
D,DISPATCH,UNIT_SCADA,1,"2019/09/05 08:35:00",LILYSF1,88.080380
D,DISPATCH,UNIT_SCADA,1,"2019/09/05 08:35:00",LI_WY_CA,162.706760
D,DISPATCH,UNIT_SCADA,1,"2019/09/05 08:35:00",LKBONNY2,40.098770
D,DISPATCH,UNIT_SCADA,1,"2019/09/05 08:35:00",LKBONNY3,18.2538
D,DISPATCH,UNIT_SCADA,1,"2019/09/05 08:35:00",LK_ECHO,0
D,DISPATCH,UNIT_SCADA,1,"2019/09/05 08:35:00",LNGS1,0
D,DISPATCH,UNIT_SCADA,1,"2019/09/05 08:35:00",LNGS2,0
D,DISPATCH,UNIT_SCADA,1,"2019/09/05 08:35:00",LONSDALE,0
D,DISPATCH,UNIT_SCADA,1,"2019/09/05 08:35:00",LOYYB1,535.336730
D,DISPATCH,UNIT_SCADA,1,"2019/09/05 08:35:00",LOYYB2,581.578490
D,DISPATCH,UNIT_SCADA,1,"2019/09/05 08:35:00",LYA1,0
D,DISPATCH,UNIT_SCADA,1,"2019/09/05 08:35:00",LYA2,0
D,DISPATCH,UNIT_SCADA,1,"2019/09/05 08:35:00",LYA3,559
D,DISPATCH,UNIT_SCADA,1,"2019/09/05 08:35:00",LYA4,539
D,DISPATCH,UNIT_SCADA,1,"2019/09/05 08:35:00",MACARTH1,0
D,DISPATCH,UNIT_SCADA,1,"2019/09/05 08:35:00",MACKAYGT,0.2240
D,DISPATCH,UNIT_SCADA,1,"2019/09/05 08:35:00",MACKNTSH,88.91
D,DISPATCH,UNIT_SCADA,1,"2019/09/05 08:35:00",MANSLR1,36.2260
D,DISPATCH,UNIT_SCADA,1,"2019/09/05 08:35:00",MCKAY1,114.939990
D,DISPATCH,UNIT_SCADA,1,"2019/09/05 08:35:00",MEADOWBK,32.123920
D,DISPATCH,UNIT_SCADA,1,"2019/09/05 08:35:00",MERCER01,19.0770
D,DISPATCH,UNIT_SCADA,1,"2019/09/05 08:35:00",MEWF1,43.544570
D,DISPATCH,UNIT_SCADA,1,"2019/09/05 08:35:00",MINTARO,0
D,DISPATCH,UNIT_SCADA,1,"2019/09/05 08:35:00",MOREESF1,51.03
D,DISPATCH,UNIT_SCADA,1,"2019/09/05 08:35:00",MORTLK11,260
D,DISPATCH,UNIT_SCADA,1,"2019/09/05 08:35:00",MORTLK12,0
D,DISPATCH,UNIT_SCADA,1,"2019/09/05 08:35:00",MP1,219.699950
D,DISPATCH,UNIT_SCADA,1,"2019/09/05 08:35:00",MP2,0
D,DISPATCH,UNIT_SCADA,1,"2019/09/05 08:35:00",MPP_1,249.50
D,DISPATCH,UNIT_SCADA,1,"2019/09/05 08:35:00",MPP_2,343.75
D,DISPATCH,UNIT_SCADA,1,"2019/09/05 08:35:00",MSTUART1,0
D,DISPATCH,UNIT_SCADA,1,"2019/09/05 08:35:00",MSTUART2,0
D,DISPATCH,UNIT_SCADA,1,"2019/09/05 08:35:00",MSTUART3,0
D,DISPATCH,UNIT_SCADA,1,"2019/09/05 08:35:00",MTGELWF1,-0.413530
D,DISPATCH,UNIT_SCADA,1,"2019/09/05 08:35:00",MURRAY,0
D,DISPATCH,UNIT_SCADA,1,"2019/09/05 08:35:00",MUSSELR1,1.50
D,DISPATCH,UNIT_SCADA,1,"2019/09/05 08:35:00",MUWAWF1,11.53
D,DISPATCH,UNIT_SCADA,1,"2019/09/05 08:35:00",NBHWF1,-0.60
D,DISPATCH,UNIT_SCADA,1,"2019/09/05 08:35:00",NPS,261
D,DISPATCH,UNIT_SCADA,1,"2019/09/05 08:35:00",NUMURSF1,14.35
D,DISPATCH,UNIT_SCADA,1,"2019/09/05 08:35:00",NYNGAN1,56.50
D,DISPATCH,UNIT_SCADA,1,"2019/09/05 08:35:00",OAKEY1,0
D,DISPATCH,UNIT_SCADA,1,"2019/09/05 08:35:00",OAKEY1SF,21.6260
D,DISPATCH,UNIT_SCADA,1,"2019/09/05 08:35:00",OAKEY2,0
D,DISPATCH,UNIT_SCADA,1,"2019/09/05 08:35:00",OAKEY2SF,0
D,DISPATCH,UNIT_SCADA,1,"2019/09/05 08:35:00",OAKLAND1,16.90
D,DISPATCH,UNIT_SCADA,1,"2019/09/05 08:35:00",OSB-AG,180.92
D,DISPATCH,UNIT_SCADA,1,"2019/09/05 08:35:00",PARSF1,45
D,DISPATCH,UNIT_SCADA,1,"2019/09/05 08:35:00",POAT110,0
D,DISPATCH,UNIT_SCADA,1,"2019/09/05 08:35:00",POAT220,50.07
D,DISPATCH,UNIT_SCADA,1,"2019/09/05 08:35:00",POR01,0
D,DISPATCH,UNIT_SCADA,1,"2019/09/05 08:35:00",POR03,0
D,DISPATCH,UNIT_SCADA,1,"2019/09/05 08:35:00",PPCCGT,486.9581
D,DISPATCH,UNIT_SCADA,1,"2019/09/05 08:35:00",PTSTAN1,0
D,DISPATCH,UNIT_SCADA,1,"2019/09/05 08:35:00",PUMP1,0
D,DISPATCH,UNIT_SCADA,1,"2019/09/05 08:35:00",PUMP2,0
D,DISPATCH,UNIT_SCADA,1,"2019/09/05 08:35:00",QPS1,29.10
D,DISPATCH,UNIT_SCADA,1,"2019/09/05 08:35:00",QPS2,0
D,DISPATCH,UNIT_SCADA,1,"2019/09/05 08:35:00",QPS3,23.30
D,DISPATCH,UNIT_SCADA,1,"2019/09/05 08:35:00",QPS4,23.60
D,DISPATCH,UNIT_SCADA,1,"2019/09/05 08:35:00",QPS5,74.80
D,DISPATCH,UNIT_SCADA,1,"2019/09/05 08:35:00",REECE1,101.140010
D,DISPATCH,UNIT_SCADA,1,"2019/09/05 08:35:00",REECE2,101.790010
D,DISPATCH,UNIT_SCADA,1,"2019/09/05 08:35:00",ROMA_7,0
D,DISPATCH,UNIT_SCADA,1,"2019/09/05 08:35:00",ROMA_8,0
D,DISPATCH,UNIT_SCADA,1,"2019/09/05 08:35:00",RRSF1,101.368310
D,DISPATCH,UNIT_SCADA,1,"2019/09/05 08:35:00",RT_NSW1,0
D,DISPATCH,UNIT_SCADA,1,"2019/09/05 08:35:00",RT_NSW2,0
D,DISPATCH,UNIT_SCADA,1,"2019/09/05 08:35:00",RT_NSW3,0
D,DISPATCH,UNIT_SCADA,1,"2019/09/05 08:35:00",RT_NSW4,0
D,DISPATCH,UNIT_SCADA,1,"2019/09/05 08:35:00",RT_NSW5,0
D,DISPATCH,UNIT_SCADA,1,"2019/09/05 08:35:00",RT_NSW6,0
D,DISPATCH,UNIT_SCADA,1,"2019/09/05 08:35:00",RT_QLD1,0
D,DISPATCH,UNIT_SCADA,1,"2019/09/05 08:35:00",RT_SA1,0
D,DISPATCH,UNIT_SCADA,1,"2019/09/05 08:35:00",RT_SA2,0
D,DISPATCH,UNIT_SCADA,1,"2019/09/05 08:35:00",RT_SA3,0
D,DISPATCH,UNIT_SCADA,1,"2019/09/05 08:35:00",RT_SA4,0
D,DISPATCH,UNIT_SCADA,1,"2019/09/05 08:35:00",RT_SA5,0
D,DISPATCH,UNIT_SCADA,1,"2019/09/05 08:35:00",RT_SA6,0
D,DISPATCH,UNIT_SCADA,1,"2019/09/05 08:35:00",RT_TAS1,0
D,DISPATCH,UNIT_SCADA,1,"2019/09/05 08:35:00",RT_VIC1,0
D,DISPATCH,UNIT_SCADA,1,"2019/09/05 08:35:00",RT_VIC10,0
D,DISPATCH,UNIT_SCADA,1,"2019/09/05 08:35:00",RT_VIC11,0
D,DISPATCH,UNIT_SCADA,1,"2019/09/05 08:35:00",RT_VIC12,0
D,DISPATCH,UNIT_SCADA,1,"2019/09/05 08:35:00",RT_VIC2,0
D,DISPATCH,UNIT_SCADA,1,"2019/09/05 08:35:00",RT_VIC3,0
D,DISPATCH,UNIT_SCADA,1,"2019/09/05 08:35:00",RT_VIC4,0
D,DISPATCH,UNIT_SCADA,1,"2019/09/05 08:35:00",RT_VIC5,0
D,DISPATCH,UNIT_SCADA,1,"2019/09/05 08:35:00",RT_VIC6,0
D,DISPATCH,UNIT_SCADA,1,"2019/09/05 08:35:00",RT_VIC7,0
D,DISPATCH,UNIT_SCADA,1,"2019/09/05 08:35:00",RT_VIC8,0
D,DISPATCH,UNIT_SCADA,1,"2019/09/05 08:35:00",RT_VIC9,0
D,DISPATCH,UNIT_SCADA,1,"2019/09/05 08:35:00",RUGBYR1,0.054120
D,DISPATCH,UNIT_SCADA,1,"2019/09/05 08:35:00",SALTCRK1,11.54
D,DISPATCH,UNIT_SCADA,1,"2019/09/05 08:35:00",SAPHWF1,4.396880
D,DISPATCH,UNIT_SCADA,1,"2019/09/05 08:35:00",SHGEN,0
D,DISPATCH,UNIT_SCADA,1,"2019/09/05 08:35:00",SHPUMP,0
D,DISPATCH,UNIT_SCADA,1,"2019/09/05 08:35:00",SITHE01,0.1639
D,DISPATCH,UNIT_SCADA,1,"2019/09/05 08:35:00",SMCSF1,52.120970
D,DISPATCH,UNIT_SCADA,1,"2019/09/05 08:35:00",SNOWNTH1,78.90
D,DISPATCH,UNIT_SCADA,1,"2019/09/05 08:35:00",SNOWSTH1,108
D,DISPATCH,UNIT_SCADA,1,"2019/09/05 08:35:00",SNOWTWN1,47.202550
D,DISPATCH,UNIT_SCADA,1,"2019/09/05 08:35:00",SNOWYP,0
D,DISPATCH,UNIT_SCADA,1,"2019/09/05 08:35:00",SNUG1,0.019440
D,DISPATCH,UNIT_SCADA,1,"2019/09/05 08:35:00",SRSF1,34.37
D,DISPATCH,UNIT_SCADA,1,"2019/09/05 08:35:00",STAN-1,291.412690
D,DISPATCH,UNIT_SCADA,1,"2019/09/05 08:35:00",STAN-2,259.662990
D,DISPATCH,UNIT_SCADA,1,"2019/09/05 08:35:00",STAN-3,297.539580
D,DISPATCH,UNIT_SCADA,1,"2019/09/05 08:35:00",STAN-4,297.321690
D,DISPATCH,UNIT_SCADA,1,"2019/09/05 08:35:00",STWF1,0
D,DISPATCH,UNIT_SCADA,1,"2019/09/05 08:35:00",SWAN_E,0
D,DISPATCH,UNIT_SCADA,1,"2019/09/05 08:35:00",TALWA1,417
D,DISPATCH,UNIT_SCADA,1,"2019/09/05 08:35:00",TARALGA1,13.5675
D,DISPATCH,UNIT_SCADA,1,"2019/09/05 08:35:00",TARONG#1,350.399990
D,DISPATCH,UNIT_SCADA,1,"2019/09/05 08:35:00",TARONG#2,0
D,DISPATCH,UNIT_SCADA,1,"2019/09/05 08:35:00",TARONG#3,280.50
D,DISPATCH,UNIT_SCADA,1,"2019/09/05 08:35:00",TARONG#4,349.399990
D,DISPATCH,UNIT_SCADA,1,"2019/09/05 08:35:00",TARRALEA,71
D,DISPATCH,UNIT_SCADA,1,"2019/09/05 08:35:00",TBSF1,11.10
D,DISPATCH,UNIT_SCADA,1,"2019/09/05 08:35:00",TNPS1,380.500030
D,DISPATCH,UNIT_SCADA,1,"2019/09/05 08:35:00",TORRA1,86.480940
D,DISPATCH,UNIT_SCADA,1,"2019/09/05 08:35:00",TORRA2,0
D,DISPATCH,UNIT_SCADA,1,"2019/09/05 08:35:00",TORRA3,0
D,DISPATCH,UNIT_SCADA,1,"2019/09/05 08:35:00",TORRA4,81.849470
D,DISPATCH,UNIT_SCADA,1,"2019/09/05 08:35:00",TORRB1,146.41
D,DISPATCH,UNIT_SCADA,1,"2019/09/05 08:35:00",TORRB2,146.36
D,DISPATCH,UNIT_SCADA,1,"2019/09/05 08:35:00",TORRB3,146.16
D,DISPATCH,UNIT_SCADA,1,"2019/09/05 08:35:00",TORRB4,0
D,DISPATCH,UNIT_SCADA,1,"2019/09/05 08:35:00",TREVALLN,62.110020
D,DISPATCH,UNIT_SCADA,1,"2019/09/05 08:35:00",TRIBUTE,0
D,DISPATCH,UNIT_SCADA,1,"2019/09/05 08:35:00",TUMUT3,222.820010
D,DISPATCH,UNIT_SCADA,1,"2019/09/05 08:35:00",TUNGATIN,121.380030
D,DISPATCH,UNIT_SCADA,1,"2019/09/05 08:35:00",TVCC201,0
D,DISPATCH,UNIT_SCADA,1,"2019/09/05 08:35:00",TVPP104,0
D,DISPATCH,UNIT_SCADA,1,"2019/09/05 08:35:00",UPPTUMUT,363.905460
D,DISPATCH,UNIT_SCADA,1,"2019/09/05 08:35:00",URANQ11,163.762510
D,DISPATCH,UNIT_SCADA,1,"2019/09/05 08:35:00",URANQ12,166.1250
D,DISPATCH,UNIT_SCADA,1,"2019/09/05 08:35:00",URANQ13,0
D,DISPATCH,UNIT_SCADA,1,"2019/09/05 08:35:00",URANQ14,0
D,DISPATCH,UNIT_SCADA,1,"2019/09/05 08:35:00",VP5,627.349980
D,DISPATCH,UNIT_SCADA,1,"2019/09/05 08:35:00",VP6,0
D,DISPATCH,UNIT_SCADA,1,"2019/09/05 08:35:00",VPGS1,0
D,DISPATCH,UNIT_SCADA,1,"2019/09/05 08:35:00",VPGS2,0
D,DISPATCH,UNIT_SCADA,1,"2019/09/05 08:35:00",VPGS3,0
D,DISPATCH,UNIT_SCADA,1,"2019/09/05 08:35:00",VPGS4,0
D,DISPATCH,UNIT_SCADA,1,"2019/09/05 08:35:00",VPGS5,0
D,DISPATCH,UNIT_SCADA,1,"2019/09/05 08:35:00",VPGS6,0
D,DISPATCH,UNIT_SCADA,1,"2019/09/05 08:35:00",W/HOE#1,0
D,DISPATCH,UNIT_SCADA,1,"2019/09/05 08:35:00",W/HOE#2,0
D,DISPATCH,UNIT_SCADA,1,"2019/09/05 08:35:00",WATERLWF,0.50
D,DISPATCH,UNIT_SCADA,1,"2019/09/05 08:35:00",WEMENSF1,6
D,DISPATCH,UNIT_SCADA,1,"2019/09/05 08:35:00",WGWF1,0
D,DISPATCH,UNIT_SCADA,1,"2019/09/05 08:35:00",WHITSF1,0
D,DISPATCH,UNIT_SCADA,1,"2019/09/05 08:35:00",WKIEWA1,33.20
D,DISPATCH,UNIT_SCADA,1,"2019/09/05 08:35:00",WKIEWA2,31.30
D,DISPATCH,UNIT_SCADA,1,"2019/09/05 08:35:00",WOODLWN1,1.566010
D,DISPATCH,UNIT_SCADA,1,"2019/09/05 08:35:00",WRSF1,13.74
D,DISPATCH,UNIT_SCADA,1,"2019/09/05 08:35:00",WRWF1,0.796250
D,DISPATCH,UNIT_SCADA,1,"2019/09/05 08:35:00",YABULU,0
D,DISPATCH,UNIT_SCADA,1,"2019/09/05 08:35:00",YABULU2,0
D,DISPATCH,UNIT_SCADA,1,"2019/09/05 08:35:00",YARWUN_1,118.39
D,DISPATCH,UNIT_SCADA,1,"2019/09/05 08:35:00",YENDWF1,22.63
D,DISPATCH,UNIT_SCADA,1,"2019/09/05 08:35:00",YWPS1,377.443020
D,DISPATCH,UNIT_SCADA,1,"2019/09/05 08:35:00",YWPS2,279.194950
D,DISPATCH,UNIT_SCADA,1,"2019/09/05 08:35:00",YWPS3,328.055690
D,DISPATCH,UNIT_SCADA,1,"2019/09/05 08:35:00",YWPS4,382.253170
C,"END OF REPORT",335
