C,NEMP.WORLD,DISPATCHSCADA,AEMO,PUBLIC,2019/08/20,12:50:08,0000000311786755,DISPATCHSCADA,0000000311786749
I,DISPATCH,UNIT_SCADA,1,SETTLEMENTDATE,DUID,SCADAVALUE
D,DISPATCH,UNIT_SCADA,1,"2019/08/20 12:55:00",BARCSF1,18.50
D,DISPATCH,UNIT_SCADA,1,"2019/08/20 12:55:00",BUTLERSG,9.799998
D,DISPATCH,UNIT_SCADA,1,"2019/08/20 12:55:00",CALL_A_4,0
D,DISPATCH,UNIT_SCADA,1,"2019/08/20 12:55:00",CAPTL_WF,135.656006
D,DISPATCH,UNIT_SCADA,1,"2019/08/20 12:55:00",CATHROCK,38.239998
D,DISPATCH,UNIT_SCADA,1,"2019/08/20 12:55:00",CHALLHWF,21.50
D,DISPATCH,UNIT_SCADA,1,"2019/08/20 12:55:00",CLOVER,-0.02
D,DISPATCH,UNIT_SCADA,1,"2019/08/20 12:55:00",CLUNY,17.168688
D,DISPATCH,UNIT_SCADA,1,"2019/08/20 12:55:00",CNUNDAWF,39.446014
D,DISPATCH,UNIT_SCADA,1,"2019/08/20 12:55:00",CULLRGWF,30.290001
D,DISPATCH,UNIT_SCADA,1,"2019/08/20 12:55:00",ERGT01,0
D,DISPATCH,UNIT_SCADA,1,"2019/08/20 12:55:00",GB01,0.072495
D,DISPATCH,UNIT_SCADA,1,"2019/08/20 12:55:00",GERMCRK,35
D,DISPATCH,UNIT_SCADA,1,"2019/08/20 12:55:00",GRIFSF1,23
D,DISPATCH,UNIT_SCADA,1,"2019/08/20 12:55:00",HUGSF1,8.9890
D,DISPATCH,UNIT_SCADA,1,"2019/08/20 12:55:00",LKBONNY1,71.715416
D,DISPATCH,UNIT_SCADA,1,"2019/08/20 12:55:00",LRSF1,8.7010
D,DISPATCH,UNIT_SCADA,1,"2019/08/20 12:55:00",MBAHNTH,16.6875
D,DISPATCH,UNIT_SCADA,1,"2019/08/20 12:55:00",MLSP1,7.104001
D,DISPATCH,UNIT_SCADA,1,"2019/08/20 12:55:00",MLWF1,19.74
D,DISPATCH,UNIT_SCADA,1,"2019/08/20 12:55:00",MTMILLAR,26.223181
D,DISPATCH,UNIT_SCADA,1,"2019/08/20 12:55:00",PALOONA,7.96
D,DISPATCH,UNIT_SCADA,1,"2019/08/20 12:55:00",PIONEER,11
D,DISPATCH,UNIT_SCADA,1,"2019/08/20 12:55:00",PORTWF,135.199997
D,DISPATCH,UNIT_SCADA,1,"2019/08/20 12:55:00",REPULSE,29.355307
D,DISPATCH,UNIT_SCADA,1,"2019/08/20 12:55:00",ROWALLAN,9.8974
D,DISPATCH,UNIT_SCADA,1,"2019/08/20 12:55:00",ROYALLA1,9.950001
D,DISPATCH,UNIT_SCADA,1,"2019/08/20 12:55:00",RPCG,10.90
D,DISPATCH,UNIT_SCADA,1,"2019/08/20 12:55:00",RUBICON,0
D,DISPATCH,UNIT_SCADA,1,"2019/08/20 12:55:00",SATGN1,0
D,DISPATCH,UNIT_SCADA,1,"2019/08/20 12:55:00",SATGS1,0
D,DISPATCH,UNIT_SCADA,1,"2019/08/20 12:55:00",STARHLWF,28.991547
D,DISPATCH,UNIT_SCADA,1,"2019/08/20 12:55:00",WAUBRAWF,79.872002
D,DISPATCH,UNIT_SCADA,1,"2019/08/20 12:55:00",WOOLNTH1,108.460022
D,DISPATCH,UNIT_SCADA,1,"2019/08/20 12:55:00",WPWF,65
D,DISPATCH,UNIT_SCADA,1,"2019/08/20 12:55:00",YAMBUKWF,29.40
D,DISPATCH,UNIT_SCADA,1,"2019/08/20 12:55:00",YSWF1,27.799999
D,DISPATCH,UNIT_SCADA,1,"2019/08/20 12:55:00",AGLHAL,0
D,DISPATCH,UNIT_SCADA,1,"2019/08/20 12:55:00",AGLSOM,0
D,DISPATCH,UNIT_SCADA,1,"2019/08/20 12:55:00",ANGAST1,0
D,DISPATCH,UNIT_SCADA,1,"2019/08/20 12:55:00",ARWF1,88.40
D,DISPATCH,UNIT_SCADA,1,"2019/08/20 12:55:00",BALBG1,1.40
D,DISPATCH,UNIT_SCADA,1,"2019/08/20 12:55:00",BALBL1,0
D,DISPATCH,UNIT_SCADA,1,"2019/08/20 12:55:00",BALDHWF1,103.03
D,DISPATCH,UNIT_SCADA,1,"2019/08/20 12:55:00",BANN1,50.48
D,DISPATCH,UNIT_SCADA,1,"2019/08/20 12:55:00",BARCALDN,0
D,DISPATCH,UNIT_SCADA,1,"2019/08/20 12:55:00",BARRON-1,0
D,DISPATCH,UNIT_SCADA,1,"2019/08/20 12:55:00",BARRON-2,0
D,DISPATCH,UNIT_SCADA,1,"2019/08/20 12:55:00",BASTYAN,80.640010
D,DISPATCH,UNIT_SCADA,1,"2019/08/20 12:55:00",BBTHREE1,-2.11
D,DISPATCH,UNIT_SCADA,1,"2019/08/20 12:55:00",BBTHREE2,-2
D,DISPATCH,UNIT_SCADA,1,"2019/08/20 12:55:00",BBTHREE3,-1.23
D,DISPATCH,UNIT_SCADA,1,"2019/08/20 12:55:00",BDL01,0
D,DISPATCH,UNIT_SCADA,1,"2019/08/20 12:55:00",BDL02,0
D,DISPATCH,UNIT_SCADA,1,"2019/08/20 12:55:00",BERYLSF1,73.669970
D,DISPATCH,UNIT_SCADA,1,"2019/08/20 12:55:00",BLOWERNG,0
D,DISPATCH,UNIT_SCADA,1,"2019/08/20 12:55:00",BLUFF1,36.80
D,DISPATCH,UNIT_SCADA,1,"2019/08/20 12:55:00",BNGSF1,72.76
D,DISPATCH,UNIT_SCADA,1,"2019/08/20 12:55:00",BNGSF2,19.99
D,DISPATCH,UNIT_SCADA,1,"2019/08/20 12:55:00",BOCORWF1,102.81
D,DISPATCH,UNIT_SCADA,1,"2019/08/20 12:55:00",BODWF1,41.166860
D,DISPATCH,UNIT_SCADA,1,"2019/08/20 12:55:00",BRAEMAR1,0
D,DISPATCH,UNIT_SCADA,1,"2019/08/20 12:55:00",BRAEMAR2,0
D,DISPATCH,UNIT_SCADA,1,"2019/08/20 12:55:00",BRAEMAR3,0
D,DISPATCH,UNIT_SCADA,1,"2019/08/20 12:55:00",BRAEMAR5,0
D,DISPATCH,UNIT_SCADA,1,"2019/08/20 12:55:00",BRAEMAR6,0
D,DISPATCH,UNIT_SCADA,1,"2019/08/20 12:55:00",BRAEMAR7,0
D,DISPATCH,UNIT_SCADA,1,"2019/08/20 12:55:00",BROKENH1,52.938960
D,DISPATCH,UNIT_SCADA,1,"2019/08/20 12:55:00",BW01,331.175050
D,DISPATCH,UNIT_SCADA,1,"2019/08/20 12:55:00",BW02,394.575070
D,DISPATCH,UNIT_SCADA,1,"2019/08/20 12:55:00",BW03,497.025020
D,DISPATCH,UNIT_SCADA,1,"2019/08/20 12:55:00",BW04,0
D,DISPATCH,UNIT_SCADA,1,"2019/08/20 12:55:00",CALL_B_1,349.399990
D,DISPATCH,UNIT_SCADA,1,"2019/08/20 12:55:00",CALL_B_2,289.700010
D,DISPATCH,UNIT_SCADA,1,"2019/08/20 12:55:00",CETHANA,93.6340
D,DISPATCH,UNIT_SCADA,1,"2019/08/20 12:55:00",CG1,0
D,DISPATCH,UNIT_SCADA,1,"2019/08/20 12:55:00",CG2,0
D,DISPATCH,UNIT_SCADA,1,"2019/08/20 12:55:00",CG3,0
D,DISPATCH,UNIT_SCADA,1,"2019/08/20 12:55:00",CG4,0
D,DISPATCH,UNIT_SCADA,1,"2019/08/20 12:55:00",CHILDSF1,40.06
D,DISPATCH,UNIT_SCADA,1,"2019/08/20 12:55:00",CLARESF1,44.685310
D,DISPATCH,UNIT_SCADA,1,"2019/08/20 12:55:00",CLEMGPWF,31.4793
D,DISPATCH,UNIT_SCADA,1,"2019/08/20 12:55:00",CLERMSF1,15.06
D,DISPATCH,UNIT_SCADA,1,"2019/08/20 12:55:00",COLEASF1,110.100010
D,DISPATCH,UNIT_SCADA,1,"2019/08/20 12:55:00",COOPGWF1,21.489160
D,DISPATCH,UNIT_SCADA,1,"2019/08/20 12:55:00",CPP_3,320.925020
D,DISPATCH,UNIT_SCADA,1,"2019/08/20 12:55:00",CPP_4,319.825010
D,DISPATCH,UNIT_SCADA,1,"2019/08/20 12:55:00",CPSA,142.389370
D,DISPATCH,UNIT_SCADA,1,"2019/08/20 12:55:00",CROOKWF2,88.823750
D,DISPATCH,UNIT_SCADA,1,"2019/08/20 12:55:00",CROWLWF1,42.731520
D,DISPATCH,UNIT_SCADA,1,"2019/08/20 12:55:00",CSPVPS1,32.0060
D,DISPATCH,UNIT_SCADA,1,"2019/08/20 12:55:00",DALNTH01,0
D,DISPATCH,UNIT_SCADA,1,"2019/08/20 12:55:00",DALNTHL1,0.193790
D,DISPATCH,UNIT_SCADA,1,"2019/08/20 12:55:00",DARTM1,0
D,DISPATCH,UNIT_SCADA,1,"2019/08/20 12:55:00",DAYDSF1,108.3660
D,DISPATCH,UNIT_SCADA,1,"2019/08/20 12:55:00",DDPS1,0
D,DISPATCH,UNIT_SCADA,1,"2019/08/20 12:55:00",DDSF1,108.457980
D,DISPATCH,UNIT_SCADA,1,"2019/08/20 12:55:00",DEVILS_G,0
D,DISPATCH,UNIT_SCADA,1,"2019/08/20 12:55:00",DG_NSW1,0
D,DISPATCH,UNIT_SCADA,1,"2019/08/20 12:55:00",DG_QLD1,0
D,DISPATCH,UNIT_SCADA,1,"2019/08/20 12:55:00",DG_SA1,0
D,DISPATCH,UNIT_SCADA,1,"2019/08/20 12:55:00",DG_TAS1,0
D,DISPATCH,UNIT_SCADA,1,"2019/08/20 12:55:00",DG_VIC1,0
D,DISPATCH,UNIT_SCADA,1,"2019/08/20 12:55:00",DRYCGT1,0
D,DISPATCH,UNIT_SCADA,1,"2019/08/20 12:55:00",DRYCGT2,0
D,DISPATCH,UNIT_SCADA,1,"2019/08/20 12:55:00",DRYCGT3,0
D,DISPATCH,UNIT_SCADA,1,"2019/08/20 12:55:00",EILDON1,0
D,DISPATCH,UNIT_SCADA,1,"2019/08/20 12:55:00",EILDON2,0
D,DISPATCH,UNIT_SCADA,1,"2019/08/20 12:55:00",EMERASF1,65.61
D,DISPATCH,UNIT_SCADA,1,"2019/08/20 12:55:00",ER01,358.699950
D,DISPATCH,UNIT_SCADA,1,"2019/08/20 12:55:00",ER02,358.800050
D,DISPATCH,UNIT_SCADA,1,"2019/08/20 12:55:00",ER03,683.8750
D,DISPATCH,UNIT_SCADA,1,"2019/08/20 12:55:00",ER04,358.800050
D,DISPATCH,UNIT_SCADA,1,"2019/08/20 12:55:00",FINLYSF1,0
D,DISPATCH,UNIT_SCADA,1,"2019/08/20 12:55:00",FISHER,45.92
D,DISPATCH,UNIT_SCADA,1,"2019/08/20 12:55:00",GANNBG1,0
D,DISPATCH,UNIT_SCADA,1,"2019/08/20 12:55:00",GANNBL1,0.035510
D,DISPATCH,UNIT_SCADA,1,"2019/08/20 12:55:00",GANNSF1,22.30
D,DISPATCH,UNIT_SCADA,1,"2019/08/20 12:55:00",GORDON,0
D,DISPATCH,UNIT_SCADA,1,"2019/08/20 12:55:00",GSTONE1,110.25
D,DISPATCH,UNIT_SCADA,1,"2019/08/20 12:55:00",GSTONE2,109.7250
D,DISPATCH,UNIT_SCADA,1,"2019/08/20 12:55:00",GSTONE3,185.149990
D,DISPATCH,UNIT_SCADA,1,"2019/08/20 12:55:00",GSTONE4,133.349990
D,DISPATCH,UNIT_SCADA,1,"2019/08/20 12:55:00",GSTONE5,135.6250
D,DISPATCH,UNIT_SCADA,1,"2019/08/20 12:55:00",GSTONE6,0
D,DISPATCH,UNIT_SCADA,1,"2019/08/20 12:55:00",GULLRSF1,4.822910
D,DISPATCH,UNIT_SCADA,1,"2019/08/20 12:55:00",GULLRWF1,157.844760
D,DISPATCH,UNIT_SCADA,1,"2019/08/20 12:55:00",GUNNING1,45.8684
D,DISPATCH,UNIT_SCADA,1,"2019/08/20 12:55:00",GUTHEGA,0
D,DISPATCH,UNIT_SCADA,1,"2019/08/20 12:55:00",HALLWF1,63.93
D,DISPATCH,UNIT_SCADA,1,"2019/08/20 12:55:00",HALLWF2,47.86
D,DISPATCH,UNIT_SCADA,1,"2019/08/20 12:55:00",HAMISF1,44.90
D,DISPATCH,UNIT_SCADA,1,"2019/08/20 12:55:00",HAUGHT11,49.942530
D,DISPATCH,UNIT_SCADA,1,"2019/08/20 12:55:00",HAYMSF1,40.4040
D,DISPATCH,UNIT_SCADA,1,"2019/08/20 12:55:00",HDWF1,68.90
D,DISPATCH,UNIT_SCADA,1,"2019/08/20 12:55:00",HDWF2,69.10
D,DISPATCH,UNIT_SCADA,1,"2019/08/20 12:55:00",HDWF3,74
D,DISPATCH,UNIT_SCADA,1,"2019/08/20 12:55:00",HPRG1,1.60
D,DISPATCH,UNIT_SCADA,1,"2019/08/20 12:55:00",HPRL1,0
D,DISPATCH,UNIT_SCADA,1,"2019/08/20 12:55:00",HUMENSW,0
D,DISPATCH,UNIT_SCADA,1,"2019/08/20 12:55:00",HUMEV,8.30
D,DISPATCH,UNIT_SCADA,1,"2019/08/20 12:55:00",HVGTS,0
D,DISPATCH,UNIT_SCADA,1,"2019/08/20 12:55:00",JBUTTERS,135.19
D,DISPATCH,UNIT_SCADA,1,"2019/08/20 12:55:00",JLA01,0.50
D,DISPATCH,UNIT_SCADA,1,"2019/08/20 12:55:00",JLA02,0
D,DISPATCH,UNIT_SCADA,1,"2019/08/20 12:55:00",JLA03,0.10
D,DISPATCH,UNIT_SCADA,1,"2019/08/20 12:55:00",JLA04,0.10
D,DISPATCH,UNIT_SCADA,1,"2019/08/20 12:55:00",JLB01,0
D,DISPATCH,UNIT_SCADA,1,"2019/08/20 12:55:00",JLB02,0.10
D,DISPATCH,UNIT_SCADA,1,"2019/08/20 12:55:00",JLB03,0
D,DISPATCH,UNIT_SCADA,1,"2019/08/20 12:55:00",KAREEYA1,21.5775
D,DISPATCH,UNIT_SCADA,1,"2019/08/20 12:55:00",KAREEYA2,21.8175
D,DISPATCH,UNIT_SCADA,1,"2019/08/20 12:55:00",KAREEYA3,0
D,DISPATCH,UNIT_SCADA,1,"2019/08/20 12:55:00",KAREEYA4,21.7475
D,DISPATCH,UNIT_SCADA,1,"2019/08/20 12:55:00",KARSF1,80.50
D,DISPATCH,UNIT_SCADA,1,"2019/08/20 12:55:00",KIATAWF1,30.30
D,DISPATCH,UNIT_SCADA,1,"2019/08/20 12:55:00",KPP_1,0
D,DISPATCH,UNIT_SCADA,1,"2019/08/20 12:55:00",KSP1,46.66
D,DISPATCH,UNIT_SCADA,1,"2019/08/20 12:55:00",LADBROK1,0
D,DISPATCH,UNIT_SCADA,1,"2019/08/20 12:55:00",LADBROK2,0
D,DISPATCH,UNIT_SCADA,1,"2019/08/20 12:55:00",LD01,378.937470
D,DISPATCH,UNIT_SCADA,1,"2019/08/20 12:55:00",LD02,380.0813
D,DISPATCH,UNIT_SCADA,1,"2019/08/20 12:55:00",LD03,378.149960
D,DISPATCH,UNIT_SCADA,1,"2019/08/20 12:55:00",LD04,349.950070
D,DISPATCH,UNIT_SCADA,1,"2019/08/20 12:55:00",LEM_WIL,85.365840
D,DISPATCH,UNIT_SCADA,1,"2019/08/20 12:55:00",LGAPWF1,0
D,DISPATCH,UNIT_SCADA,1,"2019/08/20 12:55:00",LILYSF1,92.274680
D,DISPATCH,UNIT_SCADA,1,"2019/08/20 12:55:00",LI_WY_CA,148.132660
D,DISPATCH,UNIT_SCADA,1,"2019/08/20 12:55:00",LKBONNY2,107.706350
D,DISPATCH,UNIT_SCADA,1,"2019/08/20 12:55:00",LKBONNY3,26.1247
D,DISPATCH,UNIT_SCADA,1,"2019/08/20 12:55:00",LK_ECHO,0
D,DISPATCH,UNIT_SCADA,1,"2019/08/20 12:55:00",LNGS1,0
D,DISPATCH,UNIT_SCADA,1,"2019/08/20 12:55:00",LNGS2,0
D,DISPATCH,UNIT_SCADA,1,"2019/08/20 12:55:00",LONSDALE,0
D,DISPATCH,UNIT_SCADA,1,"2019/08/20 12:55:00",LOYYB1,536.088620
D,DISPATCH,UNIT_SCADA,1,"2019/08/20 12:55:00",LOYYB2,583.082280
D,DISPATCH,UNIT_SCADA,1,"2019/08/20 12:55:00",LYA1,560
D,DISPATCH,UNIT_SCADA,1,"2019/08/20 12:55:00",LYA2,0
D,DISPATCH,UNIT_SCADA,1,"2019/08/20 12:55:00",LYA3,560
D,DISPATCH,UNIT_SCADA,1,"2019/08/20 12:55:00",LYA4,538
D,DISPATCH,UNIT_SCADA,1,"2019/08/20 12:55:00",MACARTH1,386.691070
D,DISPATCH,UNIT_SCADA,1,"2019/08/20 12:55:00",MACKAYGT,0
D,DISPATCH,UNIT_SCADA,1,"2019/08/20 12:55:00",MACKNTSH,85.560010
D,DISPATCH,UNIT_SCADA,1,"2019/08/20 12:55:00",MANSLR1,37.2860
D,DISPATCH,UNIT_SCADA,1,"2019/08/20 12:55:00",MCKAY1,0.02
D,DISPATCH,UNIT_SCADA,1,"2019/08/20 12:55:00",MEADOWBK,33.695820
D,DISPATCH,UNIT_SCADA,1,"2019/08/20 12:55:00",MERCER01,123.6320
D,DISPATCH,UNIT_SCADA,1,"2019/08/20 12:55:00",MEWF1,50.108410
D,DISPATCH,UNIT_SCADA,1,"2019/08/20 12:55:00",MINTARO,0
D,DISPATCH,UNIT_SCADA,1,"2019/08/20 12:55:00",MOREESF1,48.17
D,DISPATCH,UNIT_SCADA,1,"2019/08/20 12:55:00",MORTLK11,125
D,DISPATCH,UNIT_SCADA,1,"2019/08/20 12:55:00",MORTLK12,0
D,DISPATCH,UNIT_SCADA,1,"2019/08/20 12:55:00",MP1,280.2749
D,DISPATCH,UNIT_SCADA,1,"2019/08/20 12:55:00",MP2,0
D,DISPATCH,UNIT_SCADA,1,"2019/08/20 12:55:00",MPP_1,339.75
D,DISPATCH,UNIT_SCADA,1,"2019/08/20 12:55:00",MPP_2,379.75
D,DISPATCH,UNIT_SCADA,1,"2019/08/20 12:55:00",MSTUART1,0
D,DISPATCH,UNIT_SCADA,1,"2019/08/20 12:55:00",MSTUART2,0
D,DISPATCH,UNIT_SCADA,1,"2019/08/20 12:55:00",MSTUART3,0
D,DISPATCH,UNIT_SCADA,1,"2019/08/20 12:55:00",MTGELWF1,64.342180
D,DISPATCH,UNIT_SCADA,1,"2019/08/20 12:55:00",MURRAY,0
D,DISPATCH,UNIT_SCADA,1,"2019/08/20 12:55:00",MUSSELR1,25.40
D,DISPATCH,UNIT_SCADA,1,"2019/08/20 12:55:00",MUWAWF1,55.68
D,DISPATCH,UNIT_SCADA,1,"2019/08/20 12:55:00",NBHWF1,81.10
D,DISPATCH,UNIT_SCADA,1,"2019/08/20 12:55:00",NPS,0
D,DISPATCH,UNIT_SCADA,1,"2019/08/20 12:55:00",NUMURSF1,34.45
D,DISPATCH,UNIT_SCADA,1,"2019/08/20 12:55:00",NYNGAN1,101.75
D,DISPATCH,UNIT_SCADA,1,"2019/08/20 12:55:00",OAKEY1,0
D,DISPATCH,UNIT_SCADA,1,"2019/08/20 12:55:00",OAKEY1SF,22.2390
D,DISPATCH,UNIT_SCADA,1,"2019/08/20 12:55:00",OAKEY2,0
D,DISPATCH,UNIT_SCADA,1,"2019/08/20 12:55:00",OAKLAND1,61.60
D,DISPATCH,UNIT_SCADA,1,"2019/08/20 12:55:00",OSB-AG,139.980010
D,DISPATCH,UNIT_SCADA,1,"2019/08/20 12:55:00",PARSF1,45.603120
D,DISPATCH,UNIT_SCADA,1,"2019/08/20 12:55:00",POAT110,0
D,DISPATCH,UNIT_SCADA,1,"2019/08/20 12:55:00",POAT220,1.66
D,DISPATCH,UNIT_SCADA,1,"2019/08/20 12:55:00",POR01,0
D,DISPATCH,UNIT_SCADA,1,"2019/08/20 12:55:00",POR03,0
D,DISPATCH,UNIT_SCADA,1,"2019/08/20 12:55:00",PPCCGT,176.236620
D,DISPATCH,UNIT_SCADA,1,"2019/08/20 12:55:00",PTSTAN1,0
D,DISPATCH,UNIT_SCADA,1,"2019/08/20 12:55:00",PUMP1,242.11
D,DISPATCH,UNIT_SCADA,1,"2019/08/20 12:55:00",PUMP2,239.89
D,DISPATCH,UNIT_SCADA,1,"2019/08/20 12:55:00",QPS1,0
D,DISPATCH,UNIT_SCADA,1,"2019/08/20 12:55:00",QPS2,0
D,DISPATCH,UNIT_SCADA,1,"2019/08/20 12:55:00",QPS3,0
D,DISPATCH,UNIT_SCADA,1,"2019/08/20 12:55:00",QPS4,0
D,DISPATCH,UNIT_SCADA,1,"2019/08/20 12:55:00",QPS5,0
D,DISPATCH,UNIT_SCADA,1,"2019/08/20 12:55:00",REECE1,115.650010
D,DISPATCH,UNIT_SCADA,1,"2019/08/20 12:55:00",REECE2,115.940010
D,DISPATCH,UNIT_SCADA,1,"2019/08/20 12:55:00",ROMA_7,0
D,DISPATCH,UNIT_SCADA,1,"2019/08/20 12:55:00",ROMA_8,0
D,DISPATCH,UNIT_SCADA,1,"2019/08/20 12:55:00",RRSF1,106.9930
D,DISPATCH,UNIT_SCADA,1,"2019/08/20 12:55:00",RT_NSW1,0
D,DISPATCH,UNIT_SCADA,1,"2019/08/20 12:55:00",RT_NSW2,0
D,DISPATCH,UNIT_SCADA,1,"2019/08/20 12:55:00",RT_NSW3,0
D,DISPATCH,UNIT_SCADA,1,"2019/08/20 12:55:00",RT_NSW4,0
D,DISPATCH,UNIT_SCADA,1,"2019/08/20 12:55:00",RT_NSW5,0
D,DISPATCH,UNIT_SCADA,1,"2019/08/20 12:55:00",RT_NSW6,0
D,DISPATCH,UNIT_SCADA,1,"2019/08/20 12:55:00",RT_QLD1,0
D,DISPATCH,UNIT_SCADA,1,"2019/08/20 12:55:00",RT_SA1,0
D,DISPATCH,UNIT_SCADA,1,"2019/08/20 12:55:00",RT_SA2,0
D,DISPATCH,UNIT_SCADA,1,"2019/08/20 12:55:00",RT_SA3,0
D,DISPATCH,UNIT_SCADA,1,"2019/08/20 12:55:00",RT_SA4,0
D,DISPATCH,UNIT_SCADA,1,"2019/08/20 12:55:00",RT_SA5,0
D,DISPATCH,UNIT_SCADA,1,"2019/08/20 12:55:00",RT_SA6,0
D,DISPATCH,UNIT_SCADA,1,"2019/08/20 12:55:00",RT_TAS1,0
D,DISPATCH,UNIT_SCADA,1,"2019/08/20 12:55:00",RT_VIC1,0
D,DISPATCH,UNIT_SCADA,1,"2019/08/20 12:55:00",RT_VIC10,0
D,DISPATCH,UNIT_SCADA,1,"2019/08/20 12:55:00",RT_VIC11,0
D,DISPATCH,UNIT_SCADA,1,"2019/08/20 12:55:00",RT_VIC12,0
D,DISPATCH,UNIT_SCADA,1,"2019/08/20 12:55:00",RT_VIC2,0
D,DISPATCH,UNIT_SCADA,1,"2019/08/20 12:55:00",RT_VIC3,0
D,DISPATCH,UNIT_SCADA,1,"2019/08/20 12:55:00",RT_VIC4,0
D,DISPATCH,UNIT_SCADA,1,"2019/08/20 12:55:00",RT_VIC5,0
D,DISPATCH,UNIT_SCADA,1,"2019/08/20 12:55:00",RT_VIC6,0
D,DISPATCH,UNIT_SCADA,1,"2019/08/20 12:55:00",RT_VIC7,0
D,DISPATCH,UNIT_SCADA,1,"2019/08/20 12:55:00",RT_VIC8,0
D,DISPATCH,UNIT_SCADA,1,"2019/08/20 12:55:00",RT_VIC9,0
D,DISPATCH,UNIT_SCADA,1,"2019/08/20 12:55:00",RUGBYR1,44.6464
D,DISPATCH,UNIT_SCADA,1,"2019/08/20 12:55:00",SALTCRK1,52.64
D,DISPATCH,UNIT_SCADA,1,"2019/08/20 12:55:00",SAPHWF1,52.640660
D,DISPATCH,UNIT_SCADA,1,"2019/08/20 12:55:00",SHGEN,0
D,DISPATCH,UNIT_SCADA,1,"2019/08/20 12:55:00",SHPUMP,0
D,DISPATCH,UNIT_SCADA,1,"2019/08/20 12:55:00",SITHE01,0.005650
D,DISPATCH,UNIT_SCADA,1,"2019/08/20 12:55:00",SMCSF1,86.034920
D,DISPATCH,UNIT_SCADA,1,"2019/08/20 12:55:00",SNOWNTH1,95.399990
D,DISPATCH,UNIT_SCADA,1,"2019/08/20 12:55:00",SNOWSTH1,83.50
D,DISPATCH,UNIT_SCADA,1,"2019/08/20 12:55:00",SNOWTWN1,66.433970
D,DISPATCH,UNIT_SCADA,1,"2019/08/20 12:55:00",SNOWYP,381.900020
D,DISPATCH,UNIT_SCADA,1,"2019/08/20 12:55:00",SNUG1,0.019440
D,DISPATCH,UNIT_SCADA,1,"2019/08/20 12:55:00",SRSF1,35.25
D,DISPATCH,UNIT_SCADA,1,"2019/08/20 12:55:00",STAN-1,0
D,DISPATCH,UNIT_SCADA,1,"2019/08/20 12:55:00",STAN-2,280.953370
D,DISPATCH,UNIT_SCADA,1,"2019/08/20 12:55:00",STAN-3,280.568820
D,DISPATCH,UNIT_SCADA,1,"2019/08/20 12:55:00",STAN-4,279.3255
D,DISPATCH,UNIT_SCADA,1,"2019/08/20 12:55:00",STWF1,3.026250
D,DISPATCH,UNIT_SCADA,1,"2019/08/20 12:55:00",SWAN_E,0
D,DISPATCH,UNIT_SCADA,1,"2019/08/20 12:55:00",TALWA1,190
D,DISPATCH,UNIT_SCADA,1,"2019/08/20 12:55:00",TARALGA1,94.1590
D,DISPATCH,UNIT_SCADA,1,"2019/08/20 12:55:00",TARONG#1,279.100010
D,DISPATCH,UNIT_SCADA,1,"2019/08/20 12:55:00",TARONG#2,279.800020
D,DISPATCH,UNIT_SCADA,1,"2019/08/20 12:55:00",TARONG#3,259.200010
D,DISPATCH,UNIT_SCADA,1,"2019/08/20 12:55:00",TARONG#4,280.300020
D,DISPATCH,UNIT_SCADA,1,"2019/08/20 12:55:00",TARRALEA,86.90
D,DISPATCH,UNIT_SCADA,1,"2019/08/20 12:55:00",TBSF1,41
D,DISPATCH,UNIT_SCADA,1,"2019/08/20 12:55:00",TNPS1,441.700010
D,DISPATCH,UNIT_SCADA,1,"2019/08/20 12:55:00",TORRA1,38.2440
D,DISPATCH,UNIT_SCADA,1,"2019/08/20 12:55:00",TORRA2,0
D,DISPATCH,UNIT_SCADA,1,"2019/08/20 12:55:00",TORRA3,0
D,DISPATCH,UNIT_SCADA,1,"2019/08/20 12:55:00",TORRA4,0
D,DISPATCH,UNIT_SCADA,1,"2019/08/20 12:55:00",TORRB1,39.76
D,DISPATCH,UNIT_SCADA,1,"2019/08/20 12:55:00",TORRB2,39.30
D,DISPATCH,UNIT_SCADA,1,"2019/08/20 12:55:00",TORRB3,0
D,DISPATCH,UNIT_SCADA,1,"2019/08/20 12:55:00",TORRB4,0
D,DISPATCH,UNIT_SCADA,1,"2019/08/20 12:55:00",TREVALLN,43.680020
D,DISPATCH,UNIT_SCADA,1,"2019/08/20 12:55:00",TRIBUTE,0
D,DISPATCH,UNIT_SCADA,1,"2019/08/20 12:55:00",TUMUT3,0
D,DISPATCH,UNIT_SCADA,1,"2019/08/20 12:55:00",TUNGATIN,124.010030
D,DISPATCH,UNIT_SCADA,1,"2019/08/20 12:55:00",TVCC201,0
D,DISPATCH,UNIT_SCADA,1,"2019/08/20 12:55:00",TVPP104,0
D,DISPATCH,UNIT_SCADA,1,"2019/08/20 12:55:00",UPPTUMUT,0
D,DISPATCH,UNIT_SCADA,1,"2019/08/20 12:55:00",URANQ11,0
D,DISPATCH,UNIT_SCADA,1,"2019/08/20 12:55:00",URANQ12,0
D,DISPATCH,UNIT_SCADA,1,"2019/08/20 12:55:00",URANQ13,0
D,DISPATCH,UNIT_SCADA,1,"2019/08/20 12:55:00",URANQ14,0
D,DISPATCH,UNIT_SCADA,1,"2019/08/20 12:55:00",VP5,285.400020
D,DISPATCH,UNIT_SCADA,1,"2019/08/20 12:55:00",VP6,277.475010
D,DISPATCH,UNIT_SCADA,1,"2019/08/20 12:55:00",VPGS1,0
D,DISPATCH,UNIT_SCADA,1,"2019/08/20 12:55:00",VPGS2,0
D,DISPATCH,UNIT_SCADA,1,"2019/08/20 12:55:00",VPGS3,0
D,DISPATCH,UNIT_SCADA,1,"2019/08/20 12:55:00",VPGS4,0
D,DISPATCH,UNIT_SCADA,1,"2019/08/20 12:55:00",VPGS5,0
D,DISPATCH,UNIT_SCADA,1,"2019/08/20 12:55:00",VPGS6,0
D,DISPATCH,UNIT_SCADA,1,"2019/08/20 12:55:00",W/HOE#1,0
D,DISPATCH,UNIT_SCADA,1,"2019/08/20 12:55:00",W/HOE#2,0
D,DISPATCH,UNIT_SCADA,1,"2019/08/20 12:55:00",WATERLWF,88.30
D,DISPATCH,UNIT_SCADA,1,"2019/08/20 12:55:00",WEMENSF1,46.20
D,DISPATCH,UNIT_SCADA,1,"2019/08/20 12:55:00",WGWF1,81.50
D,DISPATCH,UNIT_SCADA,1,"2019/08/20 12:55:00",WHITSF1,42.90
D,DISPATCH,UNIT_SCADA,1,"2019/08/20 12:55:00",WKIEWA1,0
D,DISPATCH,UNIT_SCADA,1,"2019/08/20 12:55:00",WKIEWA2,0.10
D,DISPATCH,UNIT_SCADA,1,"2019/08/20 12:55:00",WOODLWN1,40.8150
D,DISPATCH,UNIT_SCADA,1,"2019/08/20 12:55:00",WRSF1,19.86
D,DISPATCH,UNIT_SCADA,1,"2019/08/20 12:55:00",WRWF1,44.403750
D,DISPATCH,UNIT_SCADA,1,"2019/08/20 12:55:00",YABULU,0
D,DISPATCH,UNIT_SCADA,1,"2019/08/20 12:55:00",YABULU2,0
D,DISPATCH,UNIT_SCADA,1,"2019/08/20 12:55:00",YARWUN_1,0
D,DISPATCH,UNIT_SCADA,1,"2019/08/20 12:55:00",YENDWF1,41.73
D,DISPATCH,UNIT_SCADA,1,"2019/08/20 12:55:00",YWPS1,369.924040
D,DISPATCH,UNIT_SCADA,1,"2019/08/20 12:55:00",YWPS2,278.192410
D,DISPATCH,UNIT_SCADA,1,"2019/08/20 12:55:00",YWPS3,0
D,DISPATCH,UNIT_SCADA,1,"2019/08/20 12:55:00",YWPS4,379.1481
C,"END OF REPORT",334
