C,NEMP.WORLD,DISPATCHSCADA,AEMO,PUBLIC,2019/08/21,07:35:09,0000000311817127,DISPATCHSCADA,0000000311817121
I,DISPATCH,UNIT_SCADA,1,SETTLEMENTDATE,DUID,SCADAVALUE
D,DISPATCH,UNIT_SCADA,1,"2019/08/21 07:40:00",BARCSF1,8.60
D,DISPATCH,UNIT_SCADA,1,"2019/08/21 07:40:00",BUTLERSG,9.699999
D,DISPATCH,UNIT_SCADA,1,"2019/08/21 07:40:00",CALL_A_4,0
D,DISPATCH,UNIT_SCADA,1,"2019/08/21 07:40:00",CAPTL_WF,133.100006
D,DISPATCH,UNIT_SCADA,1,"2019/08/21 07:40:00",CATHROCK,34.289997
D,DISPATCH,UNIT_SCADA,1,"2019/08/21 07:40:00",CHALLHWF,36.400002
D,DISPATCH,UNIT_SCADA,1,"2019/08/21 07:40:00",CLOVER,0
D,DISPATCH,UNIT_SCADA,1,"2019/08/21 07:40:00",CLUNY,20.225681
D,DISPATCH,UNIT_SCADA,1,"2019/08/21 07:40:00",CNUNDAWF,36.842979
D,DISPATCH,UNIT_SCADA,1,"2019/08/21 07:40:00",CULLRGWF,28.110001
D,DISPATCH,UNIT_SCADA,1,"2019/08/21 07:40:00",ERGT01,0
D,DISPATCH,UNIT_SCADA,1,"2019/08/21 07:40:00",GB01,0.056793
D,DISPATCH,UNIT_SCADA,1,"2019/08/21 07:40:00",GERMCRK,39.50
D,DISPATCH,UNIT_SCADA,1,"2019/08/21 07:40:00",GRIFSF1,2
D,DISPATCH,UNIT_SCADA,1,"2019/08/21 07:40:00",HUGSF1,4.11
D,DISPATCH,UNIT_SCADA,1,"2019/08/21 07:40:00",LKBONNY1,73.4123
D,DISPATCH,UNIT_SCADA,1,"2019/08/21 07:40:00",LRSF1,4.71
D,DISPATCH,UNIT_SCADA,1,"2019/08/21 07:40:00",MBAHNTH,55.856247
D,DISPATCH,UNIT_SCADA,1,"2019/08/21 07:40:00",MLSP1,2.686001
D,DISPATCH,UNIT_SCADA,1,"2019/08/21 07:40:00",MLWF1,19.2750
D,DISPATCH,UNIT_SCADA,1,"2019/08/21 07:40:00",MTMILLAR,16.690861
D,DISPATCH,UNIT_SCADA,1,"2019/08/21 07:40:00",PALOONA,26.599998
D,DISPATCH,UNIT_SCADA,1,"2019/08/21 07:40:00",PIONEER,45.900002
D,DISPATCH,UNIT_SCADA,1,"2019/08/21 07:40:00",PORTWF,135.399994
D,DISPATCH,UNIT_SCADA,1,"2019/08/21 07:40:00",REPULSE,28.510567
D,DISPATCH,UNIT_SCADA,1,"2019/08/21 07:40:00",ROWALLAN,10.3376
D,DISPATCH,UNIT_SCADA,1,"2019/08/21 07:40:00",ROYALLA1,6.723001
D,DISPATCH,UNIT_SCADA,1,"2019/08/21 07:40:00",RPCG,10.80
D,DISPATCH,UNIT_SCADA,1,"2019/08/21 07:40:00",RUBICON,0
D,DISPATCH,UNIT_SCADA,1,"2019/08/21 07:40:00",SATGN1,0
D,DISPATCH,UNIT_SCADA,1,"2019/08/21 07:40:00",SATGS1,0
D,DISPATCH,UNIT_SCADA,1,"2019/08/21 07:40:00",STARHLWF,5.498397
D,DISPATCH,UNIT_SCADA,1,"2019/08/21 07:40:00",WAUBRAWF,175.867004
D,DISPATCH,UNIT_SCADA,1,"2019/08/21 07:40:00",WOOLNTH1,51.320019
D,DISPATCH,UNIT_SCADA,1,"2019/08/21 07:40:00",WPWF,16
D,DISPATCH,UNIT_SCADA,1,"2019/08/21 07:40:00",YAMBUKWF,29.700001
D,DISPATCH,UNIT_SCADA,1,"2019/08/21 07:40:00",YSWF1,28.50
D,DISPATCH,UNIT_SCADA,1,"2019/08/21 07:40:00",AGLHAL,0
D,DISPATCH,UNIT_SCADA,1,"2019/08/21 07:40:00",AGLSOM,0
D,DISPATCH,UNIT_SCADA,1,"2019/08/21 07:40:00",ANGAST1,0
D,DISPATCH,UNIT_SCADA,1,"2019/08/21 07:40:00",ARWF1,130.099990
D,DISPATCH,UNIT_SCADA,1,"2019/08/21 07:40:00",BALBG1,0
D,DISPATCH,UNIT_SCADA,1,"2019/08/21 07:40:00",BALBL1,0
D,DISPATCH,UNIT_SCADA,1,"2019/08/21 07:40:00",BALDHWF1,100.9880
D,DISPATCH,UNIT_SCADA,1,"2019/08/21 07:40:00",BANN1,1.55
D,DISPATCH,UNIT_SCADA,1,"2019/08/21 07:40:00",BARCALDN,0
D,DISPATCH,UNIT_SCADA,1,"2019/08/21 07:40:00",BARRON-1,0
D,DISPATCH,UNIT_SCADA,1,"2019/08/21 07:40:00",BARRON-2,28.20
D,DISPATCH,UNIT_SCADA,1,"2019/08/21 07:40:00",BASTYAN,79.33
D,DISPATCH,UNIT_SCADA,1,"2019/08/21 07:40:00",BBTHREE1,-1.85
D,DISPATCH,UNIT_SCADA,1,"2019/08/21 07:40:00",BBTHREE2,-1.90
D,DISPATCH,UNIT_SCADA,1,"2019/08/21 07:40:00",BBTHREE3,0
D,DISPATCH,UNIT_SCADA,1,"2019/08/21 07:40:00",BDL01,19.98
D,DISPATCH,UNIT_SCADA,1,"2019/08/21 07:40:00",BDL02,19.80
D,DISPATCH,UNIT_SCADA,1,"2019/08/21 07:40:00",BERYLSF1,14.890590
D,DISPATCH,UNIT_SCADA,1,"2019/08/21 07:40:00",BLOWERNG,0
D,DISPATCH,UNIT_SCADA,1,"2019/08/21 07:40:00",BLUFF1,34.70
D,DISPATCH,UNIT_SCADA,1,"2019/08/21 07:40:00",BNGSF1,1.04
D,DISPATCH,UNIT_SCADA,1,"2019/08/21 07:40:00",BNGSF2,0.26
D,DISPATCH,UNIT_SCADA,1,"2019/08/21 07:40:00",BOCORWF1,97.64
D,DISPATCH,UNIT_SCADA,1,"2019/08/21 07:40:00",BODWF1,50.102850
D,DISPATCH,UNIT_SCADA,1,"2019/08/21 07:40:00",BRAEMAR1,0
D,DISPATCH,UNIT_SCADA,1,"2019/08/21 07:40:00",BRAEMAR2,0
D,DISPATCH,UNIT_SCADA,1,"2019/08/21 07:40:00",BRAEMAR3,0
D,DISPATCH,UNIT_SCADA,1,"2019/08/21 07:40:00",BRAEMAR5,0
D,DISPATCH,UNIT_SCADA,1,"2019/08/21 07:40:00",BRAEMAR6,0
D,DISPATCH,UNIT_SCADA,1,"2019/08/21 07:40:00",BRAEMAR7,0
D,DISPATCH,UNIT_SCADA,1,"2019/08/21 07:40:00",BROKENH1,4.607670
D,DISPATCH,UNIT_SCADA,1,"2019/08/21 07:40:00",BW01,618.200070
D,DISPATCH,UNIT_SCADA,1,"2019/08/21 07:40:00",BW02,671.825070
D,DISPATCH,UNIT_SCADA,1,"2019/08/21 07:40:00",BW03,664.974980
D,DISPATCH,UNIT_SCADA,1,"2019/08/21 07:40:00",BW04,0
D,DISPATCH,UNIT_SCADA,1,"2019/08/21 07:40:00",CALL_B_1,349.700010
D,DISPATCH,UNIT_SCADA,1,"2019/08/21 07:40:00",CALL_B_2,270.300020
D,DISPATCH,UNIT_SCADA,1,"2019/08/21 07:40:00",CETHANA,81.958370
D,DISPATCH,UNIT_SCADA,1,"2019/08/21 07:40:00",CG1,0
D,DISPATCH,UNIT_SCADA,1,"2019/08/21 07:40:00",CG2,0
D,DISPATCH,UNIT_SCADA,1,"2019/08/21 07:40:00",CG3,0
D,DISPATCH,UNIT_SCADA,1,"2019/08/21 07:40:00",CG4,0
D,DISPATCH,UNIT_SCADA,1,"2019/08/21 07:40:00",CHILDSF1,40.04
D,DISPATCH,UNIT_SCADA,1,"2019/08/21 07:40:00",CLARESF1,23.245820
D,DISPATCH,UNIT_SCADA,1,"2019/08/21 07:40:00",CLEMGPWF,0.216110
D,DISPATCH,UNIT_SCADA,1,"2019/08/21 07:40:00",CLERMSF1,15.04
D,DISPATCH,UNIT_SCADA,1,"2019/08/21 07:40:00",COLEASF1,16.60
D,DISPATCH,UNIT_SCADA,1,"2019/08/21 07:40:00",COOPGWF1,35.224110
D,DISPATCH,UNIT_SCADA,1,"2019/08/21 07:40:00",CPP_3,404.800020
D,DISPATCH,UNIT_SCADA,1,"2019/08/21 07:40:00",CPP_4,405.899990
D,DISPATCH,UNIT_SCADA,1,"2019/08/21 07:40:00",CPSA,143.536870
D,DISPATCH,UNIT_SCADA,1,"2019/08/21 07:40:00",CROOKWF2,88.673750
D,DISPATCH,UNIT_SCADA,1,"2019/08/21 07:40:00",CROWLWF1,43.114490
D,DISPATCH,UNIT_SCADA,1,"2019/08/21 07:40:00",CSPVPS1,9.3790
D,DISPATCH,UNIT_SCADA,1,"2019/08/21 07:40:00",DALNTH01,0
D,DISPATCH,UNIT_SCADA,1,"2019/08/21 07:40:00",DALNTHL1,0.062560
D,DISPATCH,UNIT_SCADA,1,"2019/08/21 07:40:00",DARTM1,134.70
D,DISPATCH,UNIT_SCADA,1,"2019/08/21 07:40:00",DAYDSF1,68.765010
D,DISPATCH,UNIT_SCADA,1,"2019/08/21 07:40:00",DDPS1,0
D,DISPATCH,UNIT_SCADA,1,"2019/08/21 07:40:00",DDSF1,38.295550
D,DISPATCH,UNIT_SCADA,1,"2019/08/21 07:40:00",DEVILS_G,0
D,DISPATCH,UNIT_SCADA,1,"2019/08/21 07:40:00",DG_NSW1,0
D,DISPATCH,UNIT_SCADA,1,"2019/08/21 07:40:00",DG_QLD1,0
D,DISPATCH,UNIT_SCADA,1,"2019/08/21 07:40:00",DG_SA1,0
D,DISPATCH,UNIT_SCADA,1,"2019/08/21 07:40:00",DG_TAS1,0
D,DISPATCH,UNIT_SCADA,1,"2019/08/21 07:40:00",DG_VIC1,0
D,DISPATCH,UNIT_SCADA,1,"2019/08/21 07:40:00",DRYCGT1,0
D,DISPATCH,UNIT_SCADA,1,"2019/08/21 07:40:00",DRYCGT2,0
D,DISPATCH,UNIT_SCADA,1,"2019/08/21 07:40:00",DRYCGT3,0
D,DISPATCH,UNIT_SCADA,1,"2019/08/21 07:40:00",EILDON1,0
D,DISPATCH,UNIT_SCADA,1,"2019/08/21 07:40:00",EILDON2,0
D,DISPATCH,UNIT_SCADA,1,"2019/08/21 07:40:00",EMERASF1,30.78
D,DISPATCH,UNIT_SCADA,1,"2019/08/21 07:40:00",ER01,555.724980
D,DISPATCH,UNIT_SCADA,1,"2019/08/21 07:40:00",ER02,699.8750
D,DISPATCH,UNIT_SCADA,1,"2019/08/21 07:40:00",ER03,700.074950
D,DISPATCH,UNIT_SCADA,1,"2019/08/21 07:40:00",ER04,677.3750
D,DISPATCH,UNIT_SCADA,1,"2019/08/21 07:40:00",FINLYSF1,0.5130
D,DISPATCH,UNIT_SCADA,1,"2019/08/21 07:40:00",FISHER,45.65
D,DISPATCH,UNIT_SCADA,1,"2019/08/21 07:40:00",GANNBG1,0.003180
D,DISPATCH,UNIT_SCADA,1,"2019/08/21 07:40:00",GANNBL1,0.0011
D,DISPATCH,UNIT_SCADA,1,"2019/08/21 07:40:00",GANNSF1,1.60
D,DISPATCH,UNIT_SCADA,1,"2019/08/21 07:40:00",GORDON,91.745350
D,DISPATCH,UNIT_SCADA,1,"2019/08/21 07:40:00",GSTONE1,205.099990
D,DISPATCH,UNIT_SCADA,1,"2019/08/21 07:40:00",GSTONE2,224.524990
D,DISPATCH,UNIT_SCADA,1,"2019/08/21 07:40:00",GSTONE3,189
D,DISPATCH,UNIT_SCADA,1,"2019/08/21 07:40:00",GSTONE4,200.3750
D,DISPATCH,UNIT_SCADA,1,"2019/08/21 07:40:00",GSTONE5,199.6750
D,DISPATCH,UNIT_SCADA,1,"2019/08/21 07:40:00",GSTONE6,0
D,DISPATCH,UNIT_SCADA,1,"2019/08/21 07:40:00",GULLRSF1,2.232240
D,DISPATCH,UNIT_SCADA,1,"2019/08/21 07:40:00",GULLRWF1,161.633540
D,DISPATCH,UNIT_SCADA,1,"2019/08/21 07:40:00",GUNNING1,46.167550
D,DISPATCH,UNIT_SCADA,1,"2019/08/21 07:40:00",GUTHEGA,31.20
D,DISPATCH,UNIT_SCADA,1,"2019/08/21 07:40:00",HALLWF1,68.48
D,DISPATCH,UNIT_SCADA,1,"2019/08/21 07:40:00",HALLWF2,50.40
D,DISPATCH,UNIT_SCADA,1,"2019/08/21 07:40:00",HAMISF1,27.40
D,DISPATCH,UNIT_SCADA,1,"2019/08/21 07:40:00",HAUGHT11,50.032640
D,DISPATCH,UNIT_SCADA,1,"2019/08/21 07:40:00",HAYMSF1,26.0950
D,DISPATCH,UNIT_SCADA,1,"2019/08/21 07:40:00",HDWF1,54.30
D,DISPATCH,UNIT_SCADA,1,"2019/08/21 07:40:00",HDWF2,43.70
D,DISPATCH,UNIT_SCADA,1,"2019/08/21 07:40:00",HDWF3,58.80
D,DISPATCH,UNIT_SCADA,1,"2019/08/21 07:40:00",HPRG1,18.30
D,DISPATCH,UNIT_SCADA,1,"2019/08/21 07:40:00",HPRL1,0
D,DISPATCH,UNIT_SCADA,1,"2019/08/21 07:40:00",HUMENSW,0
D,DISPATCH,UNIT_SCADA,1,"2019/08/21 07:40:00",HUMEV,8
D,DISPATCH,UNIT_SCADA,1,"2019/08/21 07:40:00",HVGTS,0
D,DISPATCH,UNIT_SCADA,1,"2019/08/21 07:40:00",JBUTTERS,50.53
D,DISPATCH,UNIT_SCADA,1,"2019/08/21 07:40:00",JLA01,0.50
D,DISPATCH,UNIT_SCADA,1,"2019/08/21 07:40:00",JLA02,0
D,DISPATCH,UNIT_SCADA,1,"2019/08/21 07:40:00",JLA03,0.10
D,DISPATCH,UNIT_SCADA,1,"2019/08/21 07:40:00",JLA04,0.10
D,DISPATCH,UNIT_SCADA,1,"2019/08/21 07:40:00",JLB01,0
D,DISPATCH,UNIT_SCADA,1,"2019/08/21 07:40:00",JLB02,84.90
D,DISPATCH,UNIT_SCADA,1,"2019/08/21 07:40:00",JLB03,84.80
D,DISPATCH,UNIT_SCADA,1,"2019/08/21 07:40:00",KAREEYA1,21.4375
D,DISPATCH,UNIT_SCADA,1,"2019/08/21 07:40:00",KAREEYA2,21.77
D,DISPATCH,UNIT_SCADA,1,"2019/08/21 07:40:00",KAREEYA3,0
D,DISPATCH,UNIT_SCADA,1,"2019/08/21 07:40:00",KAREEYA4,21.6650
D,DISPATCH,UNIT_SCADA,1,"2019/08/21 07:40:00",KARSF1,4.20
D,DISPATCH,UNIT_SCADA,1,"2019/08/21 07:40:00",KIATAWF1,30.80
D,DISPATCH,UNIT_SCADA,1,"2019/08/21 07:40:00",KPP_1,0
D,DISPATCH,UNIT_SCADA,1,"2019/08/21 07:40:00",KSP1,20.07
D,DISPATCH,UNIT_SCADA,1,"2019/08/21 07:40:00",LADBROK1,42.63
D,DISPATCH,UNIT_SCADA,1,"2019/08/21 07:40:00",LADBROK2,43.06
D,DISPATCH,UNIT_SCADA,1,"2019/08/21 07:40:00",LD01,418.950070
D,DISPATCH,UNIT_SCADA,1,"2019/08/21 07:40:00",LD02,418.518770
D,DISPATCH,UNIT_SCADA,1,"2019/08/21 07:40:00",LD03,413.381320
D,DISPATCH,UNIT_SCADA,1,"2019/08/21 07:40:00",LD04,377.437470
D,DISPATCH,UNIT_SCADA,1,"2019/08/21 07:40:00",LEM_WIL,85.746850
D,DISPATCH,UNIT_SCADA,1,"2019/08/21 07:40:00",LGAPWF1,12.60
D,DISPATCH,UNIT_SCADA,1,"2019/08/21 07:40:00",LILYSF1,55.312380
D,DISPATCH,UNIT_SCADA,1,"2019/08/21 07:40:00",LI_WY_CA,147.5414
D,DISPATCH,UNIT_SCADA,1,"2019/08/21 07:40:00",LKBONNY2,134.364960
D,DISPATCH,UNIT_SCADA,1,"2019/08/21 07:40:00",LKBONNY3,36.786710
D,DISPATCH,UNIT_SCADA,1,"2019/08/21 07:40:00",LK_ECHO,0
D,DISPATCH,UNIT_SCADA,1,"2019/08/21 07:40:00",LNGS1,0
D,DISPATCH,UNIT_SCADA,1,"2019/08/21 07:40:00",LNGS2,0
D,DISPATCH,UNIT_SCADA,1,"2019/08/21 07:40:00",LONSDALE,0
D,DISPATCH,UNIT_SCADA,1,"2019/08/21 07:40:00",LOYYB1,535.712650
D,DISPATCH,UNIT_SCADA,1,"2019/08/21 07:40:00",LOYYB2,583.458250
D,DISPATCH,UNIT_SCADA,1,"2019/08/21 07:40:00",LYA1,498
D,DISPATCH,UNIT_SCADA,1,"2019/08/21 07:40:00",LYA2,0
D,DISPATCH,UNIT_SCADA,1,"2019/08/21 07:40:00",LYA3,559
D,DISPATCH,UNIT_SCADA,1,"2019/08/21 07:40:00",LYA4,529
D,DISPATCH,UNIT_SCADA,1,"2019/08/21 07:40:00",MACARTH1,298.193120
D,DISPATCH,UNIT_SCADA,1,"2019/08/21 07:40:00",MACKAYGT,0
D,DISPATCH,UNIT_SCADA,1,"2019/08/21 07:40:00",MACKNTSH,24.06
D,DISPATCH,UNIT_SCADA,1,"2019/08/21 07:40:00",MANSLR1,1.1810
D,DISPATCH,UNIT_SCADA,1,"2019/08/21 07:40:00",MCKAY1,0.02
D,DISPATCH,UNIT_SCADA,1,"2019/08/21 07:40:00",MEADOWBK,33.981620
D,DISPATCH,UNIT_SCADA,1,"2019/08/21 07:40:00",MERCER01,128.7150
D,DISPATCH,UNIT_SCADA,1,"2019/08/21 07:40:00",MEWF1,98.086910
D,DISPATCH,UNIT_SCADA,1,"2019/08/21 07:40:00",MINTARO,0
D,DISPATCH,UNIT_SCADA,1,"2019/08/21 07:40:00",MOREESF1,32.6540
D,DISPATCH,UNIT_SCADA,1,"2019/08/21 07:40:00",MORTLK11,0
D,DISPATCH,UNIT_SCADA,1,"2019/08/21 07:40:00",MORTLK12,0
D,DISPATCH,UNIT_SCADA,1,"2019/08/21 07:40:00",MP1,283.75
D,DISPATCH,UNIT_SCADA,1,"2019/08/21 07:40:00",MP2,0
D,DISPATCH,UNIT_SCADA,1,"2019/08/21 07:40:00",MPP_1,303.75
D,DISPATCH,UNIT_SCADA,1,"2019/08/21 07:40:00",MPP_2,434
D,DISPATCH,UNIT_SCADA,1,"2019/08/21 07:40:00",MSTUART1,0
D,DISPATCH,UNIT_SCADA,1,"2019/08/21 07:40:00",MSTUART2,0
D,DISPATCH,UNIT_SCADA,1,"2019/08/21 07:40:00",MSTUART3,0
D,DISPATCH,UNIT_SCADA,1,"2019/08/21 07:40:00",MTGELWF1,64.699240
D,DISPATCH,UNIT_SCADA,1,"2019/08/21 07:40:00",MURRAY,217.072780
D,DISPATCH,UNIT_SCADA,1,"2019/08/21 07:40:00",MUSSELR1,163.399990
D,DISPATCH,UNIT_SCADA,1,"2019/08/21 07:40:00",MUWAWF1,55.28
D,DISPATCH,UNIT_SCADA,1,"2019/08/21 07:40:00",NBHWF1,58.30
D,DISPATCH,UNIT_SCADA,1,"2019/08/21 07:40:00",NPS,0
D,DISPATCH,UNIT_SCADA,1,"2019/08/21 07:40:00",NUMURSF1,3.33
D,DISPATCH,UNIT_SCADA,1,"2019/08/21 07:40:00",NYNGAN1,21.50
D,DISPATCH,UNIT_SCADA,1,"2019/08/21 07:40:00",OAKEY1,0
D,DISPATCH,UNIT_SCADA,1,"2019/08/21 07:40:00",OAKEY1SF,0.7020
D,DISPATCH,UNIT_SCADA,1,"2019/08/21 07:40:00",OAKEY2,0
D,DISPATCH,UNIT_SCADA,1,"2019/08/21 07:40:00",OAKLAND1,48.70
D,DISPATCH,UNIT_SCADA,1,"2019/08/21 07:40:00",OSB-AG,0
D,DISPATCH,UNIT_SCADA,1,"2019/08/21 07:40:00",PARSF1,1.80
D,DISPATCH,UNIT_SCADA,1,"2019/08/21 07:40:00",POAT110,44.997360
D,DISPATCH,UNIT_SCADA,1,"2019/08/21 07:40:00",POAT220,74.765050
D,DISPATCH,UNIT_SCADA,1,"2019/08/21 07:40:00",POR01,0
D,DISPATCH,UNIT_SCADA,1,"2019/08/21 07:40:00",POR03,0
D,DISPATCH,UNIT_SCADA,1,"2019/08/21 07:40:00",PPCCGT,172.8811
D,DISPATCH,UNIT_SCADA,1,"2019/08/21 07:40:00",PTSTAN1,0
D,DISPATCH,UNIT_SCADA,1,"2019/08/21 07:40:00",PUMP1,0
D,DISPATCH,UNIT_SCADA,1,"2019/08/21 07:40:00",PUMP2,0
D,DISPATCH,UNIT_SCADA,1,"2019/08/21 07:40:00",QPS1,29
D,DISPATCH,UNIT_SCADA,1,"2019/08/21 07:40:00",QPS2,0
D,DISPATCH,UNIT_SCADA,1,"2019/08/21 07:40:00",QPS3,0
D,DISPATCH,UNIT_SCADA,1,"2019/08/21 07:40:00",QPS4,0
D,DISPATCH,UNIT_SCADA,1,"2019/08/21 07:40:00",QPS5,102.37
D,DISPATCH,UNIT_SCADA,1,"2019/08/21 07:40:00",REECE1,117.240010
D,DISPATCH,UNIT_SCADA,1,"2019/08/21 07:40:00",REECE2,111.600010
D,DISPATCH,UNIT_SCADA,1,"2019/08/21 07:40:00",ROMA_7,0
D,DISPATCH,UNIT_SCADA,1,"2019/08/21 07:40:00",ROMA_8,0
D,DISPATCH,UNIT_SCADA,1,"2019/08/21 07:40:00",RRSF1,44.274080
D,DISPATCH,UNIT_SCADA,1,"2019/08/21 07:40:00",RT_NSW1,0
D,DISPATCH,UNIT_SCADA,1,"2019/08/21 07:40:00",RT_NSW2,0
D,DISPATCH,UNIT_SCADA,1,"2019/08/21 07:40:00",RT_NSW3,0
D,DISPATCH,UNIT_SCADA,1,"2019/08/21 07:40:00",RT_NSW4,0
D,DISPATCH,UNIT_SCADA,1,"2019/08/21 07:40:00",RT_NSW5,0
D,DISPATCH,UNIT_SCADA,1,"2019/08/21 07:40:00",RT_NSW6,0
D,DISPATCH,UNIT_SCADA,1,"2019/08/21 07:40:00",RT_QLD1,0
D,DISPATCH,UNIT_SCADA,1,"2019/08/21 07:40:00",RT_SA1,0
D,DISPATCH,UNIT_SCADA,1,"2019/08/21 07:40:00",RT_SA2,0
D,DISPATCH,UNIT_SCADA,1,"2019/08/21 07:40:00",RT_SA3,0
D,DISPATCH,UNIT_SCADA,1,"2019/08/21 07:40:00",RT_SA4,0
D,DISPATCH,UNIT_SCADA,1,"2019/08/21 07:40:00",RT_SA5,0
D,DISPATCH,UNIT_SCADA,1,"2019/08/21 07:40:00",RT_SA6,0
D,DISPATCH,UNIT_SCADA,1,"2019/08/21 07:40:00",RT_TAS1,0
D,DISPATCH,UNIT_SCADA,1,"2019/08/21 07:40:00",RT_VIC1,0
D,DISPATCH,UNIT_SCADA,1,"2019/08/21 07:40:00",RT_VIC10,0
D,DISPATCH,UNIT_SCADA,1,"2019/08/21 07:40:00",RT_VIC11,0
D,DISPATCH,UNIT_SCADA,1,"2019/08/21 07:40:00",RT_VIC12,0
D,DISPATCH,UNIT_SCADA,1,"2019/08/21 07:40:00",RT_VIC2,0
D,DISPATCH,UNIT_SCADA,1,"2019/08/21 07:40:00",RT_VIC3,0
D,DISPATCH,UNIT_SCADA,1,"2019/08/21 07:40:00",RT_VIC4,0
D,DISPATCH,UNIT_SCADA,1,"2019/08/21 07:40:00",RT_VIC5,0
D,DISPATCH,UNIT_SCADA,1,"2019/08/21 07:40:00",RT_VIC6,0
D,DISPATCH,UNIT_SCADA,1,"2019/08/21 07:40:00",RT_VIC7,0
D,DISPATCH,UNIT_SCADA,1,"2019/08/21 07:40:00",RT_VIC8,0
D,DISPATCH,UNIT_SCADA,1,"2019/08/21 07:40:00",RT_VIC9,0
D,DISPATCH,UNIT_SCADA,1,"2019/08/21 07:40:00",RUGBYR1,41.8857
D,DISPATCH,UNIT_SCADA,1,"2019/08/21 07:40:00",SALTCRK1,51.69
D,DISPATCH,UNIT_SCADA,1,"2019/08/21 07:40:00",SAPHWF1,151.565610
D,DISPATCH,UNIT_SCADA,1,"2019/08/21 07:40:00",SHGEN,198.8703
D,DISPATCH,UNIT_SCADA,1,"2019/08/21 07:40:00",SHPUMP,0
D,DISPATCH,UNIT_SCADA,1,"2019/08/21 07:40:00",SITHE01,0.133760
D,DISPATCH,UNIT_SCADA,1,"2019/08/21 07:40:00",SMCSF1,21.655760
D,DISPATCH,UNIT_SCADA,1,"2019/08/21 07:40:00",SNOWNTH1,39.80
D,DISPATCH,UNIT_SCADA,1,"2019/08/21 07:40:00",SNOWSTH1,67.50
D,DISPATCH,UNIT_SCADA,1,"2019/08/21 07:40:00",SNOWTWN1,30.984630
D,DISPATCH,UNIT_SCADA,1,"2019/08/21 07:40:00",SNOWYP,0
D,DISPATCH,UNIT_SCADA,1,"2019/08/21 07:40:00",SNUG1,0.019440
D,DISPATCH,UNIT_SCADA,1,"2019/08/21 07:40:00",SRSF1,35.57
D,DISPATCH,UNIT_SCADA,1,"2019/08/21 07:40:00",STAN-1,0
D,DISPATCH,UNIT_SCADA,1,"2019/08/21 07:40:00",STAN-2,344.055390
D,DISPATCH,UNIT_SCADA,1,"2019/08/21 07:40:00",STAN-3,341.812290
D,DISPATCH,UNIT_SCADA,1,"2019/08/21 07:40:00",STAN-4,363.0770
D,DISPATCH,UNIT_SCADA,1,"2019/08/21 07:40:00",STWF1,35.561250
D,DISPATCH,UNIT_SCADA,1,"2019/08/21 07:40:00",SWAN_E,0
D,DISPATCH,UNIT_SCADA,1,"2019/08/21 07:40:00",TALWA1,424
D,DISPATCH,UNIT_SCADA,1,"2019/08/21 07:40:00",TARALGA1,64.545020
D,DISPATCH,UNIT_SCADA,1,"2019/08/21 07:40:00",TARONG#1,340.899990
D,DISPATCH,UNIT_SCADA,1,"2019/08/21 07:40:00",TARONG#2,289.600010
D,DISPATCH,UNIT_SCADA,1,"2019/08/21 07:40:00",TARONG#3,259.800020
D,DISPATCH,UNIT_SCADA,1,"2019/08/21 07:40:00",TARONG#4,350.100010
D,DISPATCH,UNIT_SCADA,1,"2019/08/21 07:40:00",TARRALEA,74.80
D,DISPATCH,UNIT_SCADA,1,"2019/08/21 07:40:00",TBSF1,-0.20
D,DISPATCH,UNIT_SCADA,1,"2019/08/21 07:40:00",TNPS1,442.000030
D,DISPATCH,UNIT_SCADA,1,"2019/08/21 07:40:00",TORRA1,78.869490
D,DISPATCH,UNIT_SCADA,1,"2019/08/21 07:40:00",TORRA2,0
D,DISPATCH,UNIT_SCADA,1,"2019/08/21 07:40:00",TORRA3,0
D,DISPATCH,UNIT_SCADA,1,"2019/08/21 07:40:00",TORRA4,0
D,DISPATCH,UNIT_SCADA,1,"2019/08/21 07:40:00",TORRB1,84.79
D,DISPATCH,UNIT_SCADA,1,"2019/08/21 07:40:00",TORRB2,150.240010
D,DISPATCH,UNIT_SCADA,1,"2019/08/21 07:40:00",TORRB3,0
D,DISPATCH,UNIT_SCADA,1,"2019/08/21 07:40:00",TORRB4,0
D,DISPATCH,UNIT_SCADA,1,"2019/08/21 07:40:00",TREVALLN,68.800020
D,DISPATCH,UNIT_SCADA,1,"2019/08/21 07:40:00",TRIBUTE,22.39
D,DISPATCH,UNIT_SCADA,1,"2019/08/21 07:40:00",TUMUT3,2.64
D,DISPATCH,UNIT_SCADA,1,"2019/08/21 07:40:00",TUNGATIN,129.350040
D,DISPATCH,UNIT_SCADA,1,"2019/08/21 07:40:00",TVCC201,0
D,DISPATCH,UNIT_SCADA,1,"2019/08/21 07:40:00",TVPP104,57.865630
D,DISPATCH,UNIT_SCADA,1,"2019/08/21 07:40:00",UPPTUMUT,0
D,DISPATCH,UNIT_SCADA,1,"2019/08/21 07:40:00",URANQ11,0
D,DISPATCH,UNIT_SCADA,1,"2019/08/21 07:40:00",URANQ12,0
D,DISPATCH,UNIT_SCADA,1,"2019/08/21 07:40:00",URANQ13,0
D,DISPATCH,UNIT_SCADA,1,"2019/08/21 07:40:00",URANQ14,0
D,DISPATCH,UNIT_SCADA,1,"2019/08/21 07:40:00",VP5,598.50
D,DISPATCH,UNIT_SCADA,1,"2019/08/21 07:40:00",VP6,577.299990
D,DISPATCH,UNIT_SCADA,1,"2019/08/21 07:40:00",VPGS1,0
D,DISPATCH,UNIT_SCADA,1,"2019/08/21 07:40:00",VPGS2,0
D,DISPATCH,UNIT_SCADA,1,"2019/08/21 07:40:00",VPGS3,0
D,DISPATCH,UNIT_SCADA,1,"2019/08/21 07:40:00",VPGS4,0
D,DISPATCH,UNIT_SCADA,1,"2019/08/21 07:40:00",VPGS5,0
D,DISPATCH,UNIT_SCADA,1,"2019/08/21 07:40:00",VPGS6,0
D,DISPATCH,UNIT_SCADA,1,"2019/08/21 07:40:00",W/HOE#1,161.17
D,DISPATCH,UNIT_SCADA,1,"2019/08/21 07:40:00",W/HOE#2,0
D,DISPATCH,UNIT_SCADA,1,"2019/08/21 07:40:00",WATERLWF,77.60
D,DISPATCH,UNIT_SCADA,1,"2019/08/21 07:40:00",WEMENSF1,1.60
D,DISPATCH,UNIT_SCADA,1,"2019/08/21 07:40:00",WGWF1,79.30
D,DISPATCH,UNIT_SCADA,1,"2019/08/21 07:40:00",WHITSF1,26.10
D,DISPATCH,UNIT_SCADA,1,"2019/08/21 07:40:00",WKIEWA1,12
D,DISPATCH,UNIT_SCADA,1,"2019/08/21 07:40:00",WKIEWA2,12.10
D,DISPATCH,UNIT_SCADA,1,"2019/08/21 07:40:00",WOODLWN1,44.7930
D,DISPATCH,UNIT_SCADA,1,"2019/08/21 07:40:00",WRSF1,7.87
D,DISPATCH,UNIT_SCADA,1,"2019/08/21 07:40:00",WRWF1,147.726260
D,DISPATCH,UNIT_SCADA,1,"2019/08/21 07:40:00",YABULU,0
D,DISPATCH,UNIT_SCADA,1,"2019/08/21 07:40:00",YABULU2,0
D,DISPATCH,UNIT_SCADA,1,"2019/08/21 07:40:00",YARWUN_1,0
D,DISPATCH,UNIT_SCADA,1,"2019/08/21 07:40:00",YENDWF1,41.62
D,DISPATCH,UNIT_SCADA,1,"2019/08/21 07:40:00",YWPS1,381.954440
D,DISPATCH,UNIT_SCADA,1,"2019/08/21 07:40:00",YWPS2,280.949370
D,DISPATCH,UNIT_SCADA,1,"2019/08/21 07:40:00",YWPS3,0
D,DISPATCH,UNIT_SCADA,1,"2019/08/21 07:40:00",YWPS4,395.802520
C,"END OF REPORT",334
