C,NEMP.WORLD,DISPATCHSCADA,AEMO,PUBLIC,2019/08/22,00:10:09,0000000311846238,DISPATCHSCADA,0000000311846232
I,DISPATCH,UNIT_SCADA,1,SETTLEMENTDATE,DUID,SCADAVALUE
D,DISPATCH,UNIT_SCADA,1,"2019/08/22 00:15:00",BARCSF1,0.70
D,DISPATCH,UNIT_SCADA,1,"2019/08/22 00:15:00",BUTLERSG,9.599998
D,DISPATCH,UNIT_SCADA,1,"2019/08/22 00:15:00",CALL_A_4,0
D,DISPATCH,UNIT_SCADA,1,"2019/08/22 00:15:00",CAPTL_WF,131.067993
D,DISPATCH,UNIT_SCADA,1,"2019/08/22 00:15:00",CATHROCK,38.609997
D,DISPATCH,UNIT_SCADA,1,"2019/08/22 00:15:00",CHALLHWF,46.900002
D,DISPATCH,UNIT_SCADA,1,"2019/08/22 00:15:00",CLOVER,-0.01
D,DISPATCH,UNIT_SCADA,1,"2019/08/22 00:15:00",CLUNY,19.920805
D,DISPATCH,UNIT_SCADA,1,"2019/08/22 00:15:00",CNUNDAWF,40.647415
D,DISPATCH,UNIT_SCADA,1,"2019/08/22 00:15:00",CULLRGWF,28.459999
D,DISPATCH,UNIT_SCADA,1,"2019/08/22 00:15:00",ERGT01,0
D,DISPATCH,UNIT_SCADA,1,"2019/08/22 00:15:00",GB01,0.070431
D,DISPATCH,UNIT_SCADA,1,"2019/08/22 00:15:00",GERMCRK,40
D,DISPATCH,UNIT_SCADA,1,"2019/08/22 00:15:00",GRIFSF1,0
D,DISPATCH,UNIT_SCADA,1,"2019/08/22 00:15:00",HUGSF1,-0.2430
D,DISPATCH,UNIT_SCADA,1,"2019/08/22 00:15:00",LKBONNY1,71.894035
D,DISPATCH,UNIT_SCADA,1,"2019/08/22 00:15:00",LRSF1,0.0390
D,DISPATCH,UNIT_SCADA,1,"2019/08/22 00:15:00",MBAHNTH,55.912506
D,DISPATCH,UNIT_SCADA,1,"2019/08/22 00:15:00",MLSP1,0.271001
D,DISPATCH,UNIT_SCADA,1,"2019/08/22 00:15:00",MLWF1,19.485001
D,DISPATCH,UNIT_SCADA,1,"2019/08/22 00:15:00",MTMILLAR,11.816803
D,DISPATCH,UNIT_SCADA,1,"2019/08/22 00:15:00",PALOONA,24.549999
D,DISPATCH,UNIT_SCADA,1,"2019/08/22 00:15:00",PIONEER,33.799999
D,DISPATCH,UNIT_SCADA,1,"2019/08/22 00:15:00",PORTWF,140.199997
D,DISPATCH,UNIT_SCADA,1,"2019/08/22 00:15:00",REPULSE,28.867018
D,DISPATCH,UNIT_SCADA,1,"2019/08/22 00:15:00",ROWALLAN,10.2027
D,DISPATCH,UNIT_SCADA,1,"2019/08/22 00:15:00",ROYALLA1,0
D,DISPATCH,UNIT_SCADA,1,"2019/08/22 00:15:00",RPCG,12.80
D,DISPATCH,UNIT_SCADA,1,"2019/08/22 00:15:00",RUBICON,0
D,DISPATCH,UNIT_SCADA,1,"2019/08/22 00:15:00",SATGN1,0
D,DISPATCH,UNIT_SCADA,1,"2019/08/22 00:15:00",SATGS1,0
D,DISPATCH,UNIT_SCADA,1,"2019/08/22 00:15:00",STARHLWF,10.496939
D,DISPATCH,UNIT_SCADA,1,"2019/08/22 00:15:00",WAUBRAWF,179.315994
D,DISPATCH,UNIT_SCADA,1,"2019/08/22 00:15:00",WOOLNTH1,42.190018
D,DISPATCH,UNIT_SCADA,1,"2019/08/22 00:15:00",WPWF,10
D,DISPATCH,UNIT_SCADA,1,"2019/08/22 00:15:00",YAMBUKWF,29.700001
D,DISPATCH,UNIT_SCADA,1,"2019/08/22 00:15:00",YSWF1,28.700001
D,DISPATCH,UNIT_SCADA,1,"2019/08/22 00:15:00",AGLHAL,0
D,DISPATCH,UNIT_SCADA,1,"2019/08/22 00:15:00",AGLSOM,0
D,DISPATCH,UNIT_SCADA,1,"2019/08/22 00:15:00",ANGAST1,0
D,DISPATCH,UNIT_SCADA,1,"2019/08/22 00:15:00",ARWF1,201.099990
D,DISPATCH,UNIT_SCADA,1,"2019/08/22 00:15:00",BALBG1,0
D,DISPATCH,UNIT_SCADA,1,"2019/08/22 00:15:00",BALBL1,0
D,DISPATCH,UNIT_SCADA,1,"2019/08/22 00:15:00",BALDHWF1,99.6730
D,DISPATCH,UNIT_SCADA,1,"2019/08/22 00:15:00",BANN1,0
D,DISPATCH,UNIT_SCADA,1,"2019/08/22 00:15:00",BARCALDN,0
D,DISPATCH,UNIT_SCADA,1,"2019/08/22 00:15:00",BARRON-1,0
D,DISPATCH,UNIT_SCADA,1,"2019/08/22 00:15:00",BARRON-2,24.80
D,DISPATCH,UNIT_SCADA,1,"2019/08/22 00:15:00",BASTYAN,78.13
D,DISPATCH,UNIT_SCADA,1,"2019/08/22 00:15:00",BBTHREE1,-1.95
D,DISPATCH,UNIT_SCADA,1,"2019/08/22 00:15:00",BBTHREE2,-1.95
D,DISPATCH,UNIT_SCADA,1,"2019/08/22 00:15:00",BBTHREE3,-1.04
D,DISPATCH,UNIT_SCADA,1,"2019/08/22 00:15:00",BDL01,0
D,DISPATCH,UNIT_SCADA,1,"2019/08/22 00:15:00",BDL02,0
D,DISPATCH,UNIT_SCADA,1,"2019/08/22 00:15:00",BERYLSF1,0
D,DISPATCH,UNIT_SCADA,1,"2019/08/22 00:15:00",BLOWERNG,0
D,DISPATCH,UNIT_SCADA,1,"2019/08/22 00:15:00",BLUFF1,32.30
D,DISPATCH,UNIT_SCADA,1,"2019/08/22 00:15:00",BNGSF1,0
D,DISPATCH,UNIT_SCADA,1,"2019/08/22 00:15:00",BNGSF2,0
D,DISPATCH,UNIT_SCADA,1,"2019/08/22 00:15:00",BOCORWF1,101.21
D,DISPATCH,UNIT_SCADA,1,"2019/08/22 00:15:00",BODWF1,107.019680
D,DISPATCH,UNIT_SCADA,1,"2019/08/22 00:15:00",BRAEMAR1,0
D,DISPATCH,UNIT_SCADA,1,"2019/08/22 00:15:00",BRAEMAR2,0
D,DISPATCH,UNIT_SCADA,1,"2019/08/22 00:15:00",BRAEMAR3,0
D,DISPATCH,UNIT_SCADA,1,"2019/08/22 00:15:00",BRAEMAR5,0
D,DISPATCH,UNIT_SCADA,1,"2019/08/22 00:15:00",BRAEMAR6,0
D,DISPATCH,UNIT_SCADA,1,"2019/08/22 00:15:00",BRAEMAR7,0
D,DISPATCH,UNIT_SCADA,1,"2019/08/22 00:15:00",BROKENH1,0
D,DISPATCH,UNIT_SCADA,1,"2019/08/22 00:15:00",BW01,454.150020
D,DISPATCH,UNIT_SCADA,1,"2019/08/22 00:15:00",BW02,592.224980
D,DISPATCH,UNIT_SCADA,1,"2019/08/22 00:15:00",BW03,556.074950
D,DISPATCH,UNIT_SCADA,1,"2019/08/22 00:15:00",BW04,0
D,DISPATCH,UNIT_SCADA,1,"2019/08/22 00:15:00",CALL_B_1,342.399990
D,DISPATCH,UNIT_SCADA,1,"2019/08/22 00:15:00",CALL_B_2,307.600010
D,DISPATCH,UNIT_SCADA,1,"2019/08/22 00:15:00",CETHANA,99.3820
D,DISPATCH,UNIT_SCADA,1,"2019/08/22 00:15:00",CG1,0
D,DISPATCH,UNIT_SCADA,1,"2019/08/22 00:15:00",CG2,0
D,DISPATCH,UNIT_SCADA,1,"2019/08/22 00:15:00",CG3,0
D,DISPATCH,UNIT_SCADA,1,"2019/08/22 00:15:00",CG4,0
D,DISPATCH,UNIT_SCADA,1,"2019/08/22 00:15:00",CHILDSF1,0.01
D,DISPATCH,UNIT_SCADA,1,"2019/08/22 00:15:00",CLARESF1,0
D,DISPATCH,UNIT_SCADA,1,"2019/08/22 00:15:00",CLEMGPWF,23.915620
D,DISPATCH,UNIT_SCADA,1,"2019/08/22 00:15:00",CLERMSF1,0
D,DISPATCH,UNIT_SCADA,1,"2019/08/22 00:15:00",COLEASF1,0
D,DISPATCH,UNIT_SCADA,1,"2019/08/22 00:15:00",COOPGWF1,33.598460
D,DISPATCH,UNIT_SCADA,1,"2019/08/22 00:15:00",CPP_3,386.649990
D,DISPATCH,UNIT_SCADA,1,"2019/08/22 00:15:00",CPP_4,387.75
D,DISPATCH,UNIT_SCADA,1,"2019/08/22 00:15:00",CPSA,142.100620
D,DISPATCH,UNIT_SCADA,1,"2019/08/22 00:15:00",CROOKWF2,87.983740
D,DISPATCH,UNIT_SCADA,1,"2019/08/22 00:15:00",CROWLWF1,48.062470
D,DISPATCH,UNIT_SCADA,1,"2019/08/22 00:15:00",CSPVPS1,0.0430
D,DISPATCH,UNIT_SCADA,1,"2019/08/22 00:15:00",DALNTH01,0
D,DISPATCH,UNIT_SCADA,1,"2019/08/22 00:15:00",DALNTHL1,0.090030
D,DISPATCH,UNIT_SCADA,1,"2019/08/22 00:15:00",DARTM1,0
D,DISPATCH,UNIT_SCADA,1,"2019/08/22 00:15:00",DAYDSF1,0
D,DISPATCH,UNIT_SCADA,1,"2019/08/22 00:15:00",DDPS1,0
D,DISPATCH,UNIT_SCADA,1,"2019/08/22 00:15:00",DDSF1,0
D,DISPATCH,UNIT_SCADA,1,"2019/08/22 00:15:00",DEVILS_G,0
D,DISPATCH,UNIT_SCADA,1,"2019/08/22 00:15:00",DG_NSW1,0
D,DISPATCH,UNIT_SCADA,1,"2019/08/22 00:15:00",DG_QLD1,0
D,DISPATCH,UNIT_SCADA,1,"2019/08/22 00:15:00",DG_SA1,0
D,DISPATCH,UNIT_SCADA,1,"2019/08/22 00:15:00",DG_TAS1,0
D,DISPATCH,UNIT_SCADA,1,"2019/08/22 00:15:00",DG_VIC1,0
D,DISPATCH,UNIT_SCADA,1,"2019/08/22 00:15:00",DRYCGT1,0
D,DISPATCH,UNIT_SCADA,1,"2019/08/22 00:15:00",DRYCGT2,0
D,DISPATCH,UNIT_SCADA,1,"2019/08/22 00:15:00",DRYCGT3,0
D,DISPATCH,UNIT_SCADA,1,"2019/08/22 00:15:00",EILDON1,0
D,DISPATCH,UNIT_SCADA,1,"2019/08/22 00:15:00",EILDON2,0
D,DISPATCH,UNIT_SCADA,1,"2019/08/22 00:15:00",EMERASF1,0
D,DISPATCH,UNIT_SCADA,1,"2019/08/22 00:15:00",ER01,419.474980
D,DISPATCH,UNIT_SCADA,1,"2019/08/22 00:15:00",ER02,402.474980
D,DISPATCH,UNIT_SCADA,1,"2019/08/22 00:15:00",ER03,380.074950
D,DISPATCH,UNIT_SCADA,1,"2019/08/22 00:15:00",ER04,420.324950
D,DISPATCH,UNIT_SCADA,1,"2019/08/22 00:15:00",FINLYSF1,0
D,DISPATCH,UNIT_SCADA,1,"2019/08/22 00:15:00",FISHER,45.81
D,DISPATCH,UNIT_SCADA,1,"2019/08/22 00:15:00",GANNBG1,0
D,DISPATCH,UNIT_SCADA,1,"2019/08/22 00:15:00",GANNBL1,0.033590
D,DISPATCH,UNIT_SCADA,1,"2019/08/22 00:15:00",GANNSF1,0
D,DISPATCH,UNIT_SCADA,1,"2019/08/22 00:15:00",GORDON,10.269280
D,DISPATCH,UNIT_SCADA,1,"2019/08/22 00:15:00",GSTONE1,131.25
D,DISPATCH,UNIT_SCADA,1,"2019/08/22 00:15:00",GSTONE2,130.20
D,DISPATCH,UNIT_SCADA,1,"2019/08/22 00:15:00",GSTONE3,129.149990
D,DISPATCH,UNIT_SCADA,1,"2019/08/22 00:15:00",GSTONE4,130.024990
D,DISPATCH,UNIT_SCADA,1,"2019/08/22 00:15:00",GSTONE5,130.899990
D,DISPATCH,UNIT_SCADA,1,"2019/08/22 00:15:00",GSTONE6,0
D,DISPATCH,UNIT_SCADA,1,"2019/08/22 00:15:00",GULLRSF1,0
D,DISPATCH,UNIT_SCADA,1,"2019/08/22 00:15:00",GULLRWF1,158.244140
D,DISPATCH,UNIT_SCADA,1,"2019/08/22 00:15:00",GUNNING1,46.546030
D,DISPATCH,UNIT_SCADA,1,"2019/08/22 00:15:00",GUTHEGA,0
D,DISPATCH,UNIT_SCADA,1,"2019/08/22 00:15:00",HALLWF1,64.06
D,DISPATCH,UNIT_SCADA,1,"2019/08/22 00:15:00",HALLWF2,45.37
D,DISPATCH,UNIT_SCADA,1,"2019/08/22 00:15:00",HAMISF1,0
D,DISPATCH,UNIT_SCADA,1,"2019/08/22 00:15:00",HAUGHT11,0
D,DISPATCH,UNIT_SCADA,1,"2019/08/22 00:15:00",HAYMSF1,0
D,DISPATCH,UNIT_SCADA,1,"2019/08/22 00:15:00",HDWF1,71.30
D,DISPATCH,UNIT_SCADA,1,"2019/08/22 00:15:00",HDWF2,52.10
D,DISPATCH,UNIT_SCADA,1,"2019/08/22 00:15:00",HDWF3,63.10
D,DISPATCH,UNIT_SCADA,1,"2019/08/22 00:15:00",HPRG1,0
D,DISPATCH,UNIT_SCADA,1,"2019/08/22 00:15:00",HPRL1,23.80
D,DISPATCH,UNIT_SCADA,1,"2019/08/22 00:15:00",HUMENSW,0
D,DISPATCH,UNIT_SCADA,1,"2019/08/22 00:15:00",HUMEV,9.70
D,DISPATCH,UNIT_SCADA,1,"2019/08/22 00:15:00",HVGTS,0
D,DISPATCH,UNIT_SCADA,1,"2019/08/22 00:15:00",JBUTTERS,129.64
D,DISPATCH,UNIT_SCADA,1,"2019/08/22 00:15:00",JLA01,0.50
D,DISPATCH,UNIT_SCADA,1,"2019/08/22 00:15:00",JLA02,0
D,DISPATCH,UNIT_SCADA,1,"2019/08/22 00:15:00",JLA03,0.10
D,DISPATCH,UNIT_SCADA,1,"2019/08/22 00:15:00",JLA04,0.10
D,DISPATCH,UNIT_SCADA,1,"2019/08/22 00:15:00",JLB01,0
D,DISPATCH,UNIT_SCADA,1,"2019/08/22 00:15:00",JLB02,0.10
D,DISPATCH,UNIT_SCADA,1,"2019/08/22 00:15:00",JLB03,0
D,DISPATCH,UNIT_SCADA,1,"2019/08/22 00:15:00",KAREEYA1,21.46
D,DISPATCH,UNIT_SCADA,1,"2019/08/22 00:15:00",KAREEYA2,21.5350
D,DISPATCH,UNIT_SCADA,1,"2019/08/22 00:15:00",KAREEYA3,0
D,DISPATCH,UNIT_SCADA,1,"2019/08/22 00:15:00",KAREEYA4,21.7175
D,DISPATCH,UNIT_SCADA,1,"2019/08/22 00:15:00",KARSF1,0
D,DISPATCH,UNIT_SCADA,1,"2019/08/22 00:15:00",KIATAWF1,30.90
D,DISPATCH,UNIT_SCADA,1,"2019/08/22 00:15:00",KPP_1,0
D,DISPATCH,UNIT_SCADA,1,"2019/08/22 00:15:00",KSP1,0
D,DISPATCH,UNIT_SCADA,1,"2019/08/22 00:15:00",LADBROK1,0
D,DISPATCH,UNIT_SCADA,1,"2019/08/22 00:15:00",LADBROK2,0
D,DISPATCH,UNIT_SCADA,1,"2019/08/22 00:15:00",LD01,426.806210
D,DISPATCH,UNIT_SCADA,1,"2019/08/22 00:15:00",LD02,421.612490
D,DISPATCH,UNIT_SCADA,1,"2019/08/22 00:15:00",LD03,422.324980
D,DISPATCH,UNIT_SCADA,1,"2019/08/22 00:15:00",LD04,383.718750
D,DISPATCH,UNIT_SCADA,1,"2019/08/22 00:15:00",LEM_WIL,86.161150
D,DISPATCH,UNIT_SCADA,1,"2019/08/22 00:15:00",LGAPWF1,18.91
D,DISPATCH,UNIT_SCADA,1,"2019/08/22 00:15:00",LILYSF1,0
D,DISPATCH,UNIT_SCADA,1,"2019/08/22 00:15:00",LI_WY_CA,148.664180
D,DISPATCH,UNIT_SCADA,1,"2019/08/22 00:15:00",LKBONNY2,150.747830
D,DISPATCH,UNIT_SCADA,1,"2019/08/22 00:15:00",LKBONNY3,35.335330
D,DISPATCH,UNIT_SCADA,1,"2019/08/22 00:15:00",LK_ECHO,0
D,DISPATCH,UNIT_SCADA,1,"2019/08/22 00:15:00",LNGS1,0
D,DISPATCH,UNIT_SCADA,1,"2019/08/22 00:15:00",LNGS2,0
D,DISPATCH,UNIT_SCADA,1,"2019/08/22 00:15:00",LONSDALE,0
D,DISPATCH,UNIT_SCADA,1,"2019/08/22 00:15:00",LOYYB1,536.088620
D,DISPATCH,UNIT_SCADA,1,"2019/08/22 00:15:00",LOYYB2,578.194950
D,DISPATCH,UNIT_SCADA,1,"2019/08/22 00:15:00",LYA1,558
D,DISPATCH,UNIT_SCADA,1,"2019/08/22 00:15:00",LYA2,0
D,DISPATCH,UNIT_SCADA,1,"2019/08/22 00:15:00",LYA3,558
D,DISPATCH,UNIT_SCADA,1,"2019/08/22 00:15:00",LYA4,530
D,DISPATCH,UNIT_SCADA,1,"2019/08/22 00:15:00",MACARTH1,391.990940
D,DISPATCH,UNIT_SCADA,1,"2019/08/22 00:15:00",MACKAYGT,0
D,DISPATCH,UNIT_SCADA,1,"2019/08/22 00:15:00",MACKNTSH,84.710010
D,DISPATCH,UNIT_SCADA,1,"2019/08/22 00:15:00",MANSLR1,0
D,DISPATCH,UNIT_SCADA,1,"2019/08/22 00:15:00",MCKAY1,0.02
D,DISPATCH,UNIT_SCADA,1,"2019/08/22 00:15:00",MEADOWBK,33.8673
D,DISPATCH,UNIT_SCADA,1,"2019/08/22 00:15:00",MERCER01,125.684010
D,DISPATCH,UNIT_SCADA,1,"2019/08/22 00:15:00",MEWF1,83.783680
D,DISPATCH,UNIT_SCADA,1,"2019/08/22 00:15:00",MINTARO,0
D,DISPATCH,UNIT_SCADA,1,"2019/08/22 00:15:00",MOREESF1,0
D,DISPATCH,UNIT_SCADA,1,"2019/08/22 00:15:00",MORTLK11,0
D,DISPATCH,UNIT_SCADA,1,"2019/08/22 00:15:00",MORTLK12,0
D,DISPATCH,UNIT_SCADA,1,"2019/08/22 00:15:00",MP1,281.700070
D,DISPATCH,UNIT_SCADA,1,"2019/08/22 00:15:00",MP2,0
D,DISPATCH,UNIT_SCADA,1,"2019/08/22 00:15:00",MPP_1,405.75
D,DISPATCH,UNIT_SCADA,1,"2019/08/22 00:15:00",MPP_2,415.25
D,DISPATCH,UNIT_SCADA,1,"2019/08/22 00:15:00",MSTUART1,0
D,DISPATCH,UNIT_SCADA,1,"2019/08/22 00:15:00",MSTUART2,0
D,DISPATCH,UNIT_SCADA,1,"2019/08/22 00:15:00",MSTUART3,0
D,DISPATCH,UNIT_SCADA,1,"2019/08/22 00:15:00",MTGELWF1,64.285710
D,DISPATCH,UNIT_SCADA,1,"2019/08/22 00:15:00",MURRAY,0
D,DISPATCH,UNIT_SCADA,1,"2019/08/22 00:15:00",MUSSELR1,123.80
D,DISPATCH,UNIT_SCADA,1,"2019/08/22 00:15:00",MUWAWF1,57.6740
D,DISPATCH,UNIT_SCADA,1,"2019/08/22 00:15:00",NBHWF1,63.70
D,DISPATCH,UNIT_SCADA,1,"2019/08/22 00:15:00",NPS,0
D,DISPATCH,UNIT_SCADA,1,"2019/08/22 00:15:00",NUMURSF1,0
D,DISPATCH,UNIT_SCADA,1,"2019/08/22 00:15:00",NYNGAN1,0
D,DISPATCH,UNIT_SCADA,1,"2019/08/22 00:15:00",OAKEY1,0
D,DISPATCH,UNIT_SCADA,1,"2019/08/22 00:15:00",OAKEY1SF,0
D,DISPATCH,UNIT_SCADA,1,"2019/08/22 00:15:00",OAKEY2,0
D,DISPATCH,UNIT_SCADA,1,"2019/08/22 00:15:00",OAKLAND1,61.30
D,DISPATCH,UNIT_SCADA,1,"2019/08/22 00:15:00",OSB-AG,0
D,DISPATCH,UNIT_SCADA,1,"2019/08/22 00:15:00",PARSF1,0
D,DISPATCH,UNIT_SCADA,1,"2019/08/22 00:15:00",POAT110,0
D,DISPATCH,UNIT_SCADA,1,"2019/08/22 00:15:00",POAT220,1.28
D,DISPATCH,UNIT_SCADA,1,"2019/08/22 00:15:00",POR01,0
D,DISPATCH,UNIT_SCADA,1,"2019/08/22 00:15:00",POR03,0
D,DISPATCH,UNIT_SCADA,1,"2019/08/22 00:15:00",PPCCGT,172.209990
D,DISPATCH,UNIT_SCADA,1,"2019/08/22 00:15:00",PTSTAN1,0
D,DISPATCH,UNIT_SCADA,1,"2019/08/22 00:15:00",PUMP1,0
D,DISPATCH,UNIT_SCADA,1,"2019/08/22 00:15:00",PUMP2,0
D,DISPATCH,UNIT_SCADA,1,"2019/08/22 00:15:00",QPS1,0
D,DISPATCH,UNIT_SCADA,1,"2019/08/22 00:15:00",QPS2,0
D,DISPATCH,UNIT_SCADA,1,"2019/08/22 00:15:00",QPS3,0
D,DISPATCH,UNIT_SCADA,1,"2019/08/22 00:15:00",QPS4,0
D,DISPATCH,UNIT_SCADA,1,"2019/08/22 00:15:00",QPS5,0
D,DISPATCH,UNIT_SCADA,1,"2019/08/22 00:15:00",REECE1,119.320010
D,DISPATCH,UNIT_SCADA,1,"2019/08/22 00:15:00",REECE2,117.960010
D,DISPATCH,UNIT_SCADA,1,"2019/08/22 00:15:00",ROMA_7,0
D,DISPATCH,UNIT_SCADA,1,"2019/08/22 00:15:00",ROMA_8,0
D,DISPATCH,UNIT_SCADA,1,"2019/08/22 00:15:00",RRSF1,0
D,DISPATCH,UNIT_SCADA,1,"2019/08/22 00:15:00",RT_NSW1,0
D,DISPATCH,UNIT_SCADA,1,"2019/08/22 00:15:00",RT_NSW2,0
D,DISPATCH,UNIT_SCADA,1,"2019/08/22 00:15:00",RT_NSW3,0
D,DISPATCH,UNIT_SCADA,1,"2019/08/22 00:15:00",RT_NSW4,0
D,DISPATCH,UNIT_SCADA,1,"2019/08/22 00:15:00",RT_NSW5,0
D,DISPATCH,UNIT_SCADA,1,"2019/08/22 00:15:00",RT_NSW6,0
D,DISPATCH,UNIT_SCADA,1,"2019/08/22 00:15:00",RT_QLD1,0
D,DISPATCH,UNIT_SCADA,1,"2019/08/22 00:15:00",RT_SA1,0
D,DISPATCH,UNIT_SCADA,1,"2019/08/22 00:15:00",RT_SA2,0
D,DISPATCH,UNIT_SCADA,1,"2019/08/22 00:15:00",RT_SA3,0
D,DISPATCH,UNIT_SCADA,1,"2019/08/22 00:15:00",RT_SA4,0
D,DISPATCH,UNIT_SCADA,1,"2019/08/22 00:15:00",RT_SA5,0
D,DISPATCH,UNIT_SCADA,1,"2019/08/22 00:15:00",RT_SA6,0
D,DISPATCH,UNIT_SCADA,1,"2019/08/22 00:15:00",RT_TAS1,0
D,DISPATCH,UNIT_SCADA,1,"2019/08/22 00:15:00",RT_VIC1,0
D,DISPATCH,UNIT_SCADA,1,"2019/08/22 00:15:00",RT_VIC10,0
D,DISPATCH,UNIT_SCADA,1,"2019/08/22 00:15:00",RT_VIC11,0
D,DISPATCH,UNIT_SCADA,1,"2019/08/22 00:15:00",RT_VIC12,0
D,DISPATCH,UNIT_SCADA,1,"2019/08/22 00:15:00",RT_VIC2,0
D,DISPATCH,UNIT_SCADA,1,"2019/08/22 00:15:00",RT_VIC3,0
D,DISPATCH,UNIT_SCADA,1,"2019/08/22 00:15:00",RT_VIC4,0
D,DISPATCH,UNIT_SCADA,1,"2019/08/22 00:15:00",RT_VIC5,0
D,DISPATCH,UNIT_SCADA,1,"2019/08/22 00:15:00",RT_VIC6,0
D,DISPATCH,UNIT_SCADA,1,"2019/08/22 00:15:00",RT_VIC7,0
D,DISPATCH,UNIT_SCADA,1,"2019/08/22 00:15:00",RT_VIC8,0
D,DISPATCH,UNIT_SCADA,1,"2019/08/22 00:15:00",RT_VIC9,0
D,DISPATCH,UNIT_SCADA,1,"2019/08/22 00:15:00",RUGBYR1,0
D,DISPATCH,UNIT_SCADA,1,"2019/08/22 00:15:00",SALTCRK1,52.39
D,DISPATCH,UNIT_SCADA,1,"2019/08/22 00:15:00",SAPHWF1,227.953130
D,DISPATCH,UNIT_SCADA,1,"2019/08/22 00:15:00",SHGEN,0
D,DISPATCH,UNIT_SCADA,1,"2019/08/22 00:15:00",SHPUMP,80.443750
D,DISPATCH,UNIT_SCADA,1,"2019/08/22 00:15:00",SITHE01,0.043330
D,DISPATCH,UNIT_SCADA,1,"2019/08/22 00:15:00",SMCSF1,0
D,DISPATCH,UNIT_SCADA,1,"2019/08/22 00:15:00",SNOWNTH1,119.50
D,DISPATCH,UNIT_SCADA,1,"2019/08/22 00:15:00",SNOWSTH1,85.70
D,DISPATCH,UNIT_SCADA,1,"2019/08/22 00:15:00",SNOWTWN1,72.615170
D,DISPATCH,UNIT_SCADA,1,"2019/08/22 00:15:00",SNOWYP,0
D,DISPATCH,UNIT_SCADA,1,"2019/08/22 00:15:00",SNUG1,0.019440
D,DISPATCH,UNIT_SCADA,1,"2019/08/22 00:15:00",SRSF1,0.44
D,DISPATCH,UNIT_SCADA,1,"2019/08/22 00:15:00",STAN-1,0
D,DISPATCH,UNIT_SCADA,1,"2019/08/22 00:15:00",STAN-2,245.8454
D,DISPATCH,UNIT_SCADA,1,"2019/08/22 00:15:00",STAN-3,250.2291
D,DISPATCH,UNIT_SCADA,1,"2019/08/22 00:15:00",STAN-4,257.048160
D,DISPATCH,UNIT_SCADA,1,"2019/08/22 00:15:00",STWF1,161.606250
D,DISPATCH,UNIT_SCADA,1,"2019/08/22 00:15:00",SWAN_E,0
D,DISPATCH,UNIT_SCADA,1,"2019/08/22 00:15:00",TALWA1,190
D,DISPATCH,UNIT_SCADA,1,"2019/08/22 00:15:00",TARALGA1,97.98
D,DISPATCH,UNIT_SCADA,1,"2019/08/22 00:15:00",TARONG#1,275.899990
D,DISPATCH,UNIT_SCADA,1,"2019/08/22 00:15:00",TARONG#2,255.20
D,DISPATCH,UNIT_SCADA,1,"2019/08/22 00:15:00",TARONG#3,260.899990
D,DISPATCH,UNIT_SCADA,1,"2019/08/22 00:15:00",TARONG#4,280.600010
D,DISPATCH,UNIT_SCADA,1,"2019/08/22 00:15:00",TARRALEA,83.90
D,DISPATCH,UNIT_SCADA,1,"2019/08/22 00:15:00",TBSF1,-0.20
D,DISPATCH,UNIT_SCADA,1,"2019/08/22 00:15:00",TNPS1,410.800020
D,DISPATCH,UNIT_SCADA,1,"2019/08/22 00:15:00",TORRA1,37.0299
D,DISPATCH,UNIT_SCADA,1,"2019/08/22 00:15:00",TORRA2,0
D,DISPATCH,UNIT_SCADA,1,"2019/08/22 00:15:00",TORRA3,0
D,DISPATCH,UNIT_SCADA,1,"2019/08/22 00:15:00",TORRA4,0
D,DISPATCH,UNIT_SCADA,1,"2019/08/22 00:15:00",TORRB1,40.92
D,DISPATCH,UNIT_SCADA,1,"2019/08/22 00:15:00",TORRB2,41.11
D,DISPATCH,UNIT_SCADA,1,"2019/08/22 00:15:00",TORRB3,0
D,DISPATCH,UNIT_SCADA,1,"2019/08/22 00:15:00",TORRB4,0
D,DISPATCH,UNIT_SCADA,1,"2019/08/22 00:15:00",TREVALLN,18
D,DISPATCH,UNIT_SCADA,1,"2019/08/22 00:15:00",TRIBUTE,84.39
D,DISPATCH,UNIT_SCADA,1,"2019/08/22 00:15:00",TUMUT3,0
D,DISPATCH,UNIT_SCADA,1,"2019/08/22 00:15:00",TUNGATIN,121.740040
D,DISPATCH,UNIT_SCADA,1,"2019/08/22 00:15:00",TVCC201,0
D,DISPATCH,UNIT_SCADA,1,"2019/08/22 00:15:00",TVPP104,0
D,DISPATCH,UNIT_SCADA,1,"2019/08/22 00:15:00",UPPTUMUT,0
D,DISPATCH,UNIT_SCADA,1,"2019/08/22 00:15:00",URANQ11,0
D,DISPATCH,UNIT_SCADA,1,"2019/08/22 00:15:00",URANQ12,0
D,DISPATCH,UNIT_SCADA,1,"2019/08/22 00:15:00",URANQ13,0
D,DISPATCH,UNIT_SCADA,1,"2019/08/22 00:15:00",URANQ14,0
D,DISPATCH,UNIT_SCADA,1,"2019/08/22 00:15:00",VP5,400.075010
D,DISPATCH,UNIT_SCADA,1,"2019/08/22 00:15:00",VP6,400.925020
D,DISPATCH,UNIT_SCADA,1,"2019/08/22 00:15:00",VPGS1,0
D,DISPATCH,UNIT_SCADA,1,"2019/08/22 00:15:00",VPGS2,0
D,DISPATCH,UNIT_SCADA,1,"2019/08/22 00:15:00",VPGS3,0
D,DISPATCH,UNIT_SCADA,1,"2019/08/22 00:15:00",VPGS4,0
D,DISPATCH,UNIT_SCADA,1,"2019/08/22 00:15:00",VPGS5,0
D,DISPATCH,UNIT_SCADA,1,"2019/08/22 00:15:00",VPGS6,0
D,DISPATCH,UNIT_SCADA,1,"2019/08/22 00:15:00",W/HOE#1,0
D,DISPATCH,UNIT_SCADA,1,"2019/08/22 00:15:00",W/HOE#2,0
D,DISPATCH,UNIT_SCADA,1,"2019/08/22 00:15:00",WATERLWF,93.60
D,DISPATCH,UNIT_SCADA,1,"2019/08/22 00:15:00",WEMENSF1,0
D,DISPATCH,UNIT_SCADA,1,"2019/08/22 00:15:00",WGWF1,64.90
D,DISPATCH,UNIT_SCADA,1,"2019/08/22 00:15:00",WHITSF1,0
D,DISPATCH,UNIT_SCADA,1,"2019/08/22 00:15:00",WKIEWA1,0
D,DISPATCH,UNIT_SCADA,1,"2019/08/22 00:15:00",WKIEWA2,30.10
D,DISPATCH,UNIT_SCADA,1,"2019/08/22 00:15:00",WOODLWN1,43.083010
D,DISPATCH,UNIT_SCADA,1,"2019/08/22 00:15:00",WRSF1,0
D,DISPATCH,UNIT_SCADA,1,"2019/08/22 00:15:00",WRWF1,135.846250
D,DISPATCH,UNIT_SCADA,1,"2019/08/22 00:15:00",YABULU,0
D,DISPATCH,UNIT_SCADA,1,"2019/08/22 00:15:00",YABULU2,0
D,DISPATCH,UNIT_SCADA,1,"2019/08/22 00:15:00",YARWUN_1,100.46
D,DISPATCH,UNIT_SCADA,1,"2019/08/22 00:15:00",YENDWF1,42.10
D,DISPATCH,UNIT_SCADA,1,"2019/08/22 00:15:00",YWPS1,383.708860
D,DISPATCH,UNIT_SCADA,1,"2019/08/22 00:15:00",YWPS2,283.205080
D,DISPATCH,UNIT_SCADA,1,"2019/08/22 00:15:00",YWPS3,0
D,DISPATCH,UNIT_SCADA,1,"2019/08/22 00:15:00",YWPS4,395.237980
C,"END OF REPORT",334
