C,NEMP.WORLD,DISPATCHSCADA,AEMO,PUBLIC,2019/09/05,13:50:07,0000000312424363,DISPATCHSCADA,0000000312424357
I,DISPATCH,UNIT_SCADA,1,SETTLEMENTDATE,DUID,SCADAVALUE
D,DISPATCH,UNIT_SCADA,1,"2019/09/05 13:55:00",BARCSF1,8.900001
D,DISPATCH,UNIT_SCADA,1,"2019/09/05 13:55:00",BUTLERSG,10.199999
D,DISPATCH,UNIT_SCADA,1,"2019/09/05 13:55:00",CALL_A_4,0
D,DISPATCH,UNIT_SCADA,1,"2019/09/05 13:55:00",CAPTL_WF,0
D,DISPATCH,UNIT_SCADA,1,"2019/09/05 13:55:00",CATHROCK,28.189999
D,DISPATCH,UNIT_SCADA,1,"2019/09/05 13:55:00",CHALLHWF,10.70
D,DISPATCH,UNIT_SCADA,1,"2019/09/05 13:55:00",CLOVER,-0.01
D,DISPATCH,UNIT_SCADA,1,"2019/09/05 13:55:00",CLUNY,18.087893
D,DISPATCH,UNIT_SCADA,1,"2019/09/05 13:55:00",CNUNDAWF,38.745201
D,DISPATCH,UNIT_SCADA,1,"2019/09/05 13:55:00",CULLRGWF,7
D,DISPATCH,UNIT_SCADA,1,"2019/09/05 13:55:00",ERGT01,0
D,DISPATCH,UNIT_SCADA,1,"2019/09/05 13:55:00",GB01,-0.002239
D,DISPATCH,UNIT_SCADA,1,"2019/09/05 13:55:00",GERMCRK,33.299999
D,DISPATCH,UNIT_SCADA,1,"2019/09/05 13:55:00",GRIFSF1,25
D,DISPATCH,UNIT_SCADA,1,"2019/09/05 13:55:00",HUGSF1,8.957001
D,DISPATCH,UNIT_SCADA,1,"2019/09/05 13:55:00",LKBONNY1,49.477386
D,DISPATCH,UNIT_SCADA,1,"2019/09/05 13:55:00",LRSF1,8.10
D,DISPATCH,UNIT_SCADA,1,"2019/09/05 13:55:00",MBAHNTH,31.781250
D,DISPATCH,UNIT_SCADA,1,"2019/09/05 13:55:00",MLSP1,12.113001
D,DISPATCH,UNIT_SCADA,1,"2019/09/05 13:55:00",MLWF1,4.14
D,DISPATCH,UNIT_SCADA,1,"2019/09/05 13:55:00",MTMILLAR,24.846539
D,DISPATCH,UNIT_SCADA,1,"2019/09/05 13:55:00",PALOONA,25.269999
D,DISPATCH,UNIT_SCADA,1,"2019/09/05 13:55:00",PIONEER,14.10
D,DISPATCH,UNIT_SCADA,1,"2019/09/05 13:55:00",PORTWF,43.50
D,DISPATCH,UNIT_SCADA,1,"2019/09/05 13:55:00",REPULSE,28.821852
D,DISPATCH,UNIT_SCADA,1,"2019/09/05 13:55:00",ROWALLAN,10.4370
D,DISPATCH,UNIT_SCADA,1,"2019/09/05 13:55:00",ROYALLA1,6.676001
D,DISPATCH,UNIT_SCADA,1,"2019/09/05 13:55:00",RPCG,13.90
D,DISPATCH,UNIT_SCADA,1,"2019/09/05 13:55:00",RUBICON,0
D,DISPATCH,UNIT_SCADA,1,"2019/09/05 13:55:00",SATGN1,0
D,DISPATCH,UNIT_SCADA,1,"2019/09/05 13:55:00",SATGS1,0
D,DISPATCH,UNIT_SCADA,1,"2019/09/05 13:55:00",STARHLWF,25.992420
D,DISPATCH,UNIT_SCADA,1,"2019/09/05 13:55:00",WAUBRAWF,44.639999
D,DISPATCH,UNIT_SCADA,1,"2019/09/05 13:55:00",WOOLNTH1,13.470016
D,DISPATCH,UNIT_SCADA,1,"2019/09/05 13:55:00",WPWF,70
D,DISPATCH,UNIT_SCADA,1,"2019/09/05 13:55:00",YAMBUKWF,4.30
D,DISPATCH,UNIT_SCADA,1,"2019/09/05 13:55:00",YSWF1,0.30
D,DISPATCH,UNIT_SCADA,1,"2019/09/05 13:55:00",AGLHAL,0
D,DISPATCH,UNIT_SCADA,1,"2019/09/05 13:55:00",AGLSOM,0
D,DISPATCH,UNIT_SCADA,1,"2019/09/05 13:55:00",ANGAST1,0
D,DISPATCH,UNIT_SCADA,1,"2019/09/05 13:55:00",ARWF1,55.10
D,DISPATCH,UNIT_SCADA,1,"2019/09/05 13:55:00",BALBG1,0
D,DISPATCH,UNIT_SCADA,1,"2019/09/05 13:55:00",BALBL1,0
D,DISPATCH,UNIT_SCADA,1,"2019/09/05 13:55:00",BALDHWF1,30.66
D,DISPATCH,UNIT_SCADA,1,"2019/09/05 13:55:00",BANN1,59.99
D,DISPATCH,UNIT_SCADA,1,"2019/09/05 13:55:00",BARCALDN,0
D,DISPATCH,UNIT_SCADA,1,"2019/09/05 13:55:00",BARRON-1,4.68
D,DISPATCH,UNIT_SCADA,1,"2019/09/05 13:55:00",BARRON-2,0
D,DISPATCH,UNIT_SCADA,1,"2019/09/05 13:55:00",BASTYAN,81.080010
D,DISPATCH,UNIT_SCADA,1,"2019/09/05 13:55:00",BBTHREE1,0
D,DISPATCH,UNIT_SCADA,1,"2019/09/05 13:55:00",BBTHREE2,0
D,DISPATCH,UNIT_SCADA,1,"2019/09/05 13:55:00",BBTHREE3,0
D,DISPATCH,UNIT_SCADA,1,"2019/09/05 13:55:00",BDL01,0
D,DISPATCH,UNIT_SCADA,1,"2019/09/05 13:55:00",BDL02,0
D,DISPATCH,UNIT_SCADA,1,"2019/09/05 13:55:00",BERYLSF1,74.510060
D,DISPATCH,UNIT_SCADA,1,"2019/09/05 13:55:00",BLOWERNG,11.20
D,DISPATCH,UNIT_SCADA,1,"2019/09/05 13:55:00",BLUFF1,22.70
D,DISPATCH,UNIT_SCADA,1,"2019/09/05 13:55:00",BNGSF1,94.97
D,DISPATCH,UNIT_SCADA,1,"2019/09/05 13:55:00",BNGSF2,19.99
D,DISPATCH,UNIT_SCADA,1,"2019/09/05 13:55:00",BOCORWF1,10.83
D,DISPATCH,UNIT_SCADA,1,"2019/09/05 13:55:00",BODWF1,21.948810
D,DISPATCH,UNIT_SCADA,1,"2019/09/05 13:55:00",BRAEMAR1,0
D,DISPATCH,UNIT_SCADA,1,"2019/09/05 13:55:00",BRAEMAR2,0
D,DISPATCH,UNIT_SCADA,1,"2019/09/05 13:55:00",BRAEMAR3,0
D,DISPATCH,UNIT_SCADA,1,"2019/09/05 13:55:00",BRAEMAR5,0
D,DISPATCH,UNIT_SCADA,1,"2019/09/05 13:55:00",BRAEMAR6,0
D,DISPATCH,UNIT_SCADA,1,"2019/09/05 13:55:00",BRAEMAR7,0
D,DISPATCH,UNIT_SCADA,1,"2019/09/05 13:55:00",BROKENH1,52.836430
D,DISPATCH,UNIT_SCADA,1,"2019/09/05 13:55:00",BW01,519.1250
D,DISPATCH,UNIT_SCADA,1,"2019/09/05 13:55:00",BW02,604.924930
D,DISPATCH,UNIT_SCADA,1,"2019/09/05 13:55:00",BW03,637.924930
D,DISPATCH,UNIT_SCADA,1,"2019/09/05 13:55:00",BW04,0
D,DISPATCH,UNIT_SCADA,1,"2019/09/05 13:55:00",CALL_B_1,297.600010
D,DISPATCH,UNIT_SCADA,1,"2019/09/05 13:55:00",CALL_B_2,217.600010
D,DISPATCH,UNIT_SCADA,1,"2019/09/05 13:55:00",CETHANA,97.406130
D,DISPATCH,UNIT_SCADA,1,"2019/09/05 13:55:00",CG1,0
D,DISPATCH,UNIT_SCADA,1,"2019/09/05 13:55:00",CG2,0
D,DISPATCH,UNIT_SCADA,1,"2019/09/05 13:55:00",CG3,0
D,DISPATCH,UNIT_SCADA,1,"2019/09/05 13:55:00",CG4,0
D,DISPATCH,UNIT_SCADA,1,"2019/09/05 13:55:00",CHILDSF1,52
D,DISPATCH,UNIT_SCADA,1,"2019/09/05 13:55:00",CLARESF1,32.660480
D,DISPATCH,UNIT_SCADA,1,"2019/09/05 13:55:00",CLEMGPWF,44.805780
D,DISPATCH,UNIT_SCADA,1,"2019/09/05 13:55:00",CLERMSF1,0.16
D,DISPATCH,UNIT_SCADA,1,"2019/09/05 13:55:00",COLEASF1,123.899980
D,DISPATCH,UNIT_SCADA,1,"2019/09/05 13:55:00",COOPGWF1,2.621950
D,DISPATCH,UNIT_SCADA,1,"2019/09/05 13:55:00",CPP_3,199.650010
D,DISPATCH,UNIT_SCADA,1,"2019/09/05 13:55:00",CPP_4,179.025010
D,DISPATCH,UNIT_SCADA,1,"2019/09/05 13:55:00",CPSA,76.281880
D,DISPATCH,UNIT_SCADA,1,"2019/09/05 13:55:00",CROOKWF2,5.483750
D,DISPATCH,UNIT_SCADA,1,"2019/09/05 13:55:00",CROWLWF1,4.210430
D,DISPATCH,UNIT_SCADA,1,"2019/09/05 13:55:00",CSPVPS1,32.0430
D,DISPATCH,UNIT_SCADA,1,"2019/09/05 13:55:00",DALNTH01,0
D,DISPATCH,UNIT_SCADA,1,"2019/09/05 13:55:00",DALNTHL1,3.923090
D,DISPATCH,UNIT_SCADA,1,"2019/09/05 13:55:00",DARTM1,0
D,DISPATCH,UNIT_SCADA,1,"2019/09/05 13:55:00",DAYDSF1,7.2780
D,DISPATCH,UNIT_SCADA,1,"2019/09/05 13:55:00",DDPS1,0
D,DISPATCH,UNIT_SCADA,1,"2019/09/05 13:55:00",DDSF1,100.171780
D,DISPATCH,UNIT_SCADA,1,"2019/09/05 13:55:00",DEVILS_G,63.688470
D,DISPATCH,UNIT_SCADA,1,"2019/09/05 13:55:00",DG_NSW1,0
D,DISPATCH,UNIT_SCADA,1,"2019/09/05 13:55:00",DG_QLD1,0
D,DISPATCH,UNIT_SCADA,1,"2019/09/05 13:55:00",DG_SA1,0
D,DISPATCH,UNIT_SCADA,1,"2019/09/05 13:55:00",DG_TAS1,0
D,DISPATCH,UNIT_SCADA,1,"2019/09/05 13:55:00",DG_VIC1,0
D,DISPATCH,UNIT_SCADA,1,"2019/09/05 13:55:00",DRYCGT1,0
D,DISPATCH,UNIT_SCADA,1,"2019/09/05 13:55:00",DRYCGT2,0
D,DISPATCH,UNIT_SCADA,1,"2019/09/05 13:55:00",DRYCGT3,0
D,DISPATCH,UNIT_SCADA,1,"2019/09/05 13:55:00",EILDON1,0
D,DISPATCH,UNIT_SCADA,1,"2019/09/05 13:55:00",EILDON2,0
D,DISPATCH,UNIT_SCADA,1,"2019/09/05 13:55:00",EMERASF1,3.02
D,DISPATCH,UNIT_SCADA,1,"2019/09/05 13:55:00",ER01,556.550050
D,DISPATCH,UNIT_SCADA,1,"2019/09/05 13:55:00",ER02,350.224980
D,DISPATCH,UNIT_SCADA,1,"2019/09/05 13:55:00",ER03,0
D,DISPATCH,UNIT_SCADA,1,"2019/09/05 13:55:00",ER04,660.025020
D,DISPATCH,UNIT_SCADA,1,"2019/09/05 13:55:00",FINLYSF1,7.9375
D,DISPATCH,UNIT_SCADA,1,"2019/09/05 13:55:00",FISHER,46
D,DISPATCH,UNIT_SCADA,1,"2019/09/05 13:55:00",GANNBG1,1.608680
D,DISPATCH,UNIT_SCADA,1,"2019/09/05 13:55:00",GANNBL1,0
D,DISPATCH,UNIT_SCADA,1,"2019/09/05 13:55:00",GANNSF1,38.50
D,DISPATCH,UNIT_SCADA,1,"2019/09/05 13:55:00",GORDON,19.8604
D,DISPATCH,UNIT_SCADA,1,"2019/09/05 13:55:00",GSTONE1,147
D,DISPATCH,UNIT_SCADA,1,"2019/09/05 13:55:00",GSTONE2,110.25
D,DISPATCH,UNIT_SCADA,1,"2019/09/05 13:55:00",GSTONE3,0
D,DISPATCH,UNIT_SCADA,1,"2019/09/05 13:55:00",GSTONE4,147.349990
D,DISPATCH,UNIT_SCADA,1,"2019/09/05 13:55:00",GSTONE5,146.30
D,DISPATCH,UNIT_SCADA,1,"2019/09/05 13:55:00",GSTONE6,145.774990
D,DISPATCH,UNIT_SCADA,1,"2019/09/05 13:55:00",GULLRSF1,9.922270
D,DISPATCH,UNIT_SCADA,1,"2019/09/05 13:55:00",GULLRWF1,14.110260
D,DISPATCH,UNIT_SCADA,1,"2019/09/05 13:55:00",GUNNING1,3.835170
D,DISPATCH,UNIT_SCADA,1,"2019/09/05 13:55:00",GUTHEGA,0
D,DISPATCH,UNIT_SCADA,1,"2019/09/05 13:55:00",HALLWF1,78.35
D,DISPATCH,UNIT_SCADA,1,"2019/09/05 13:55:00",HALLWF2,60.37
D,DISPATCH,UNIT_SCADA,1,"2019/09/05 13:55:00",HAMISF1,44.40
D,DISPATCH,UNIT_SCADA,1,"2019/09/05 13:55:00",HAUGHT11,95.1255
D,DISPATCH,UNIT_SCADA,1,"2019/09/05 13:55:00",HAYMSF1,40.8420
D,DISPATCH,UNIT_SCADA,1,"2019/09/05 13:55:00",HDWF1,57.60
D,DISPATCH,UNIT_SCADA,1,"2019/09/05 13:55:00",HDWF2,48.30
D,DISPATCH,UNIT_SCADA,1,"2019/09/05 13:55:00",HDWF3,65.60
D,DISPATCH,UNIT_SCADA,1,"2019/09/05 13:55:00",HPRG1,1
D,DISPATCH,UNIT_SCADA,1,"2019/09/05 13:55:00",HPRL1,0
D,DISPATCH,UNIT_SCADA,1,"2019/09/05 13:55:00",HUMENSW,0
D,DISPATCH,UNIT_SCADA,1,"2019/09/05 13:55:00",HUMEV,25.80
D,DISPATCH,UNIT_SCADA,1,"2019/09/05 13:55:00",HVGTS,0
D,DISPATCH,UNIT_SCADA,1,"2019/09/05 13:55:00",JBUTTERS,9.35
D,DISPATCH,UNIT_SCADA,1,"2019/09/05 13:55:00",JLA01,0.10
D,DISPATCH,UNIT_SCADA,1,"2019/09/05 13:55:00",JLA02,0
D,DISPATCH,UNIT_SCADA,1,"2019/09/05 13:55:00",JLA03,0
D,DISPATCH,UNIT_SCADA,1,"2019/09/05 13:55:00",JLA04,0
D,DISPATCH,UNIT_SCADA,1,"2019/09/05 13:55:00",JLB01,0
D,DISPATCH,UNIT_SCADA,1,"2019/09/05 13:55:00",JLB02,83.30
D,DISPATCH,UNIT_SCADA,1,"2019/09/05 13:55:00",JLB03,0
D,DISPATCH,UNIT_SCADA,1,"2019/09/05 13:55:00",KAREEYA1,21.4850
D,DISPATCH,UNIT_SCADA,1,"2019/09/05 13:55:00",KAREEYA2,21.6025
D,DISPATCH,UNIT_SCADA,1,"2019/09/05 13:55:00",KAREEYA3,0
D,DISPATCH,UNIT_SCADA,1,"2019/09/05 13:55:00",KAREEYA4,21.5850
D,DISPATCH,UNIT_SCADA,1,"2019/09/05 13:55:00",KARSF1,75
D,DISPATCH,UNIT_SCADA,1,"2019/09/05 13:55:00",KIATAWF1,10.70
D,DISPATCH,UNIT_SCADA,1,"2019/09/05 13:55:00",KPP_1,0
D,DISPATCH,UNIT_SCADA,1,"2019/09/05 13:55:00",KSP1,26.16
D,DISPATCH,UNIT_SCADA,1,"2019/09/05 13:55:00",LADBROK1,0
D,DISPATCH,UNIT_SCADA,1,"2019/09/05 13:55:00",LADBROK2,0
D,DISPATCH,UNIT_SCADA,1,"2019/09/05 13:55:00",LD01,379.912510
D,DISPATCH,UNIT_SCADA,1,"2019/09/05 13:55:00",LD02,377.793730
D,DISPATCH,UNIT_SCADA,1,"2019/09/05 13:55:00",LD03,372.506290
D,DISPATCH,UNIT_SCADA,1,"2019/09/05 13:55:00",LD04,375.149960
D,DISPATCH,UNIT_SCADA,1,"2019/09/05 13:55:00",LEM_WIL,80.9510
D,DISPATCH,UNIT_SCADA,1,"2019/09/05 13:55:00",LGAPWF1,8.40
D,DISPATCH,UNIT_SCADA,1,"2019/09/05 13:55:00",LILYSF1,37.224450
D,DISPATCH,UNIT_SCADA,1,"2019/09/05 13:55:00",LI_WY_CA,143.128940
D,DISPATCH,UNIT_SCADA,1,"2019/09/05 13:55:00",LKBONNY2,3.080870
D,DISPATCH,UNIT_SCADA,1,"2019/09/05 13:55:00",LKBONNY3,5.023980
D,DISPATCH,UNIT_SCADA,1,"2019/09/05 13:55:00",LK_ECHO,0
D,DISPATCH,UNIT_SCADA,1,"2019/09/05 13:55:00",LNGS1,0
D,DISPATCH,UNIT_SCADA,1,"2019/09/05 13:55:00",LNGS2,0
D,DISPATCH,UNIT_SCADA,1,"2019/09/05 13:55:00",LONSDALE,0
D,DISPATCH,UNIT_SCADA,1,"2019/09/05 13:55:00",LOYYB1,526.689880
D,DISPATCH,UNIT_SCADA,1,"2019/09/05 13:55:00",LOYYB2,582.7063
D,DISPATCH,UNIT_SCADA,1,"2019/09/05 13:55:00",LYA1,0
D,DISPATCH,UNIT_SCADA,1,"2019/09/05 13:55:00",LYA2,0
D,DISPATCH,UNIT_SCADA,1,"2019/09/05 13:55:00",LYA3,557
D,DISPATCH,UNIT_SCADA,1,"2019/09/05 13:55:00",LYA4,538
D,DISPATCH,UNIT_SCADA,1,"2019/09/05 13:55:00",MACARTH1,131.496960
D,DISPATCH,UNIT_SCADA,1,"2019/09/05 13:55:00",MACKAYGT,0.2240
D,DISPATCH,UNIT_SCADA,1,"2019/09/05 13:55:00",MACKNTSH,88.750010
D,DISPATCH,UNIT_SCADA,1,"2019/09/05 13:55:00",MANSLR1,39.745990
D,DISPATCH,UNIT_SCADA,1,"2019/09/05 13:55:00",MCKAY1,0.02
D,DISPATCH,UNIT_SCADA,1,"2019/09/05 13:55:00",MEADOWBK,31.8667
D,DISPATCH,UNIT_SCADA,1,"2019/09/05 13:55:00",MERCER01,8.5980
D,DISPATCH,UNIT_SCADA,1,"2019/09/05 13:55:00",MEWF1,0
D,DISPATCH,UNIT_SCADA,1,"2019/09/05 13:55:00",MINTARO,0
D,DISPATCH,UNIT_SCADA,1,"2019/09/05 13:55:00",MOREESF1,48.6560
D,DISPATCH,UNIT_SCADA,1,"2019/09/05 13:55:00",MORTLK11,125
D,DISPATCH,UNIT_SCADA,1,"2019/09/05 13:55:00",MORTLK12,0
D,DISPATCH,UNIT_SCADA,1,"2019/09/05 13:55:00",MP1,217.724980
D,DISPATCH,UNIT_SCADA,1,"2019/09/05 13:55:00",MP2,0
D,DISPATCH,UNIT_SCADA,1,"2019/09/05 13:55:00",MPP_1,326
D,DISPATCH,UNIT_SCADA,1,"2019/09/05 13:55:00",MPP_2,250.25
D,DISPATCH,UNIT_SCADA,1,"2019/09/05 13:55:00",MSTUART1,0
D,DISPATCH,UNIT_SCADA,1,"2019/09/05 13:55:00",MSTUART2,0
D,DISPATCH,UNIT_SCADA,1,"2019/09/05 13:55:00",MSTUART3,0
D,DISPATCH,UNIT_SCADA,1,"2019/09/05 13:55:00",MTGELWF1,13.737910
D,DISPATCH,UNIT_SCADA,1,"2019/09/05 13:55:00",MURRAY,0
D,DISPATCH,UNIT_SCADA,1,"2019/09/05 13:55:00",MUSSELR1,0.40
D,DISPATCH,UNIT_SCADA,1,"2019/09/05 13:55:00",MUWAWF1,8.30
D,DISPATCH,UNIT_SCADA,1,"2019/09/05 13:55:00",NBHWF1,74.10
D,DISPATCH,UNIT_SCADA,1,"2019/09/05 13:55:00",NPS,0
D,DISPATCH,UNIT_SCADA,1,"2019/09/05 13:55:00",NUMURSF1,68.12
D,DISPATCH,UNIT_SCADA,1,"2019/09/05 13:55:00",NYNGAN1,97
D,DISPATCH,UNIT_SCADA,1,"2019/09/05 13:55:00",OAKEY1,0
D,DISPATCH,UNIT_SCADA,1,"2019/09/05 13:55:00",OAKEY1SF,23.2950
D,DISPATCH,UNIT_SCADA,1,"2019/09/05 13:55:00",OAKEY2,0
D,DISPATCH,UNIT_SCADA,1,"2019/09/05 13:55:00",OAKEY2SF,0
D,DISPATCH,UNIT_SCADA,1,"2019/09/05 13:55:00",OAKLAND1,15.60
D,DISPATCH,UNIT_SCADA,1,"2019/09/05 13:55:00",OSB-AG,142.16
D,DISPATCH,UNIT_SCADA,1,"2019/09/05 13:55:00",PARSF1,45.203130
D,DISPATCH,UNIT_SCADA,1,"2019/09/05 13:55:00",POAT110,0
D,DISPATCH,UNIT_SCADA,1,"2019/09/05 13:55:00",POAT220,0.74
D,DISPATCH,UNIT_SCADA,1,"2019/09/05 13:55:00",POR01,0
D,DISPATCH,UNIT_SCADA,1,"2019/09/05 13:55:00",POR03,0
D,DISPATCH,UNIT_SCADA,1,"2019/09/05 13:55:00",PPCCGT,125.232670
D,DISPATCH,UNIT_SCADA,1,"2019/09/05 13:55:00",PTSTAN1,0
D,DISPATCH,UNIT_SCADA,1,"2019/09/05 13:55:00",PUMP1,0
D,DISPATCH,UNIT_SCADA,1,"2019/09/05 13:55:00",PUMP2,0
D,DISPATCH,UNIT_SCADA,1,"2019/09/05 13:55:00",QPS1,0
D,DISPATCH,UNIT_SCADA,1,"2019/09/05 13:55:00",QPS2,0
D,DISPATCH,UNIT_SCADA,1,"2019/09/05 13:55:00",QPS3,0
D,DISPATCH,UNIT_SCADA,1,"2019/09/05 13:55:00",QPS4,0
D,DISPATCH,UNIT_SCADA,1,"2019/09/05 13:55:00",QPS5,0
D,DISPATCH,UNIT_SCADA,1,"2019/09/05 13:55:00",REECE1,102.860010
D,DISPATCH,UNIT_SCADA,1,"2019/09/05 13:55:00",REECE2,85.570010
D,DISPATCH,UNIT_SCADA,1,"2019/09/05 13:55:00",ROMA_7,0
D,DISPATCH,UNIT_SCADA,1,"2019/09/05 13:55:00",ROMA_8,0
D,DISPATCH,UNIT_SCADA,1,"2019/09/05 13:55:00",RRSF1,110.928050
D,DISPATCH,UNIT_SCADA,1,"2019/09/05 13:55:00",RT_NSW1,0
D,DISPATCH,UNIT_SCADA,1,"2019/09/05 13:55:00",RT_NSW2,0
D,DISPATCH,UNIT_SCADA,1,"2019/09/05 13:55:00",RT_NSW3,0
D,DISPATCH,UNIT_SCADA,1,"2019/09/05 13:55:00",RT_NSW4,0
D,DISPATCH,UNIT_SCADA,1,"2019/09/05 13:55:00",RT_NSW5,0
D,DISPATCH,UNIT_SCADA,1,"2019/09/05 13:55:00",RT_NSW6,0
D,DISPATCH,UNIT_SCADA,1,"2019/09/05 13:55:00",RT_QLD1,0
D,DISPATCH,UNIT_SCADA,1,"2019/09/05 13:55:00",RT_SA1,0
D,DISPATCH,UNIT_SCADA,1,"2019/09/05 13:55:00",RT_SA2,0
D,DISPATCH,UNIT_SCADA,1,"2019/09/05 13:55:00",RT_SA3,0
D,DISPATCH,UNIT_SCADA,1,"2019/09/05 13:55:00",RT_SA4,0
D,DISPATCH,UNIT_SCADA,1,"2019/09/05 13:55:00",RT_SA5,0
D,DISPATCH,UNIT_SCADA,1,"2019/09/05 13:55:00",RT_SA6,0
D,DISPATCH,UNIT_SCADA,1,"2019/09/05 13:55:00",RT_TAS1,0
D,DISPATCH,UNIT_SCADA,1,"2019/09/05 13:55:00",RT_VIC1,0
D,DISPATCH,UNIT_SCADA,1,"2019/09/05 13:55:00",RT_VIC10,0
D,DISPATCH,UNIT_SCADA,1,"2019/09/05 13:55:00",RT_VIC11,0
D,DISPATCH,UNIT_SCADA,1,"2019/09/05 13:55:00",RT_VIC12,0
D,DISPATCH,UNIT_SCADA,1,"2019/09/05 13:55:00",RT_VIC2,0
D,DISPATCH,UNIT_SCADA,1,"2019/09/05 13:55:00",RT_VIC3,0
D,DISPATCH,UNIT_SCADA,1,"2019/09/05 13:55:00",RT_VIC4,0
D,DISPATCH,UNIT_SCADA,1,"2019/09/05 13:55:00",RT_VIC5,0
D,DISPATCH,UNIT_SCADA,1,"2019/09/05 13:55:00",RT_VIC6,0
D,DISPATCH,UNIT_SCADA,1,"2019/09/05 13:55:00",RT_VIC7,0
D,DISPATCH,UNIT_SCADA,1,"2019/09/05 13:55:00",RT_VIC8,0
D,DISPATCH,UNIT_SCADA,1,"2019/09/05 13:55:00",RT_VIC9,0
D,DISPATCH,UNIT_SCADA,1,"2019/09/05 13:55:00",RUGBYR1,1.845630
D,DISPATCH,UNIT_SCADA,1,"2019/09/05 13:55:00",SALTCRK1,15.34
D,DISPATCH,UNIT_SCADA,1,"2019/09/05 13:55:00",SAPHWF1,126.787480
D,DISPATCH,UNIT_SCADA,1,"2019/09/05 13:55:00",SHGEN,0
D,DISPATCH,UNIT_SCADA,1,"2019/09/05 13:55:00",SHPUMP,158.1535
D,DISPATCH,UNIT_SCADA,1,"2019/09/05 13:55:00",SITHE01,0.194050
D,DISPATCH,UNIT_SCADA,1,"2019/09/05 13:55:00",SMCSF1,80.458620
D,DISPATCH,UNIT_SCADA,1,"2019/09/05 13:55:00",SNOWNTH1,89.40
D,DISPATCH,UNIT_SCADA,1,"2019/09/05 13:55:00",SNOWSTH1,97.30
D,DISPATCH,UNIT_SCADA,1,"2019/09/05 13:55:00",SNOWTWN1,68.103820
D,DISPATCH,UNIT_SCADA,1,"2019/09/05 13:55:00",SNOWYP,0
D,DISPATCH,UNIT_SCADA,1,"2019/09/05 13:55:00",SNUG1,0.019440
D,DISPATCH,UNIT_SCADA,1,"2019/09/05 13:55:00",SRSF1,34.42
D,DISPATCH,UNIT_SCADA,1,"2019/09/05 13:55:00",STAN-1,353.912260
D,DISPATCH,UNIT_SCADA,1,"2019/09/05 13:55:00",STAN-2,217.236070
D,DISPATCH,UNIT_SCADA,1,"2019/09/05 13:55:00",STAN-3,220.120090
D,DISPATCH,UNIT_SCADA,1,"2019/09/05 13:55:00",STAN-4,220.081620
D,DISPATCH,UNIT_SCADA,1,"2019/09/05 13:55:00",STWF1,0
D,DISPATCH,UNIT_SCADA,1,"2019/09/05 13:55:00",SWAN_E,0
D,DISPATCH,UNIT_SCADA,1,"2019/09/05 13:55:00",TALWA1,298
D,DISPATCH,UNIT_SCADA,1,"2019/09/05 13:55:00",TARALGA1,12.873760
D,DISPATCH,UNIT_SCADA,1,"2019/09/05 13:55:00",TARONG#1,349.100010
D,DISPATCH,UNIT_SCADA,1,"2019/09/05 13:55:00",TARONG#2,0
D,DISPATCH,UNIT_SCADA,1,"2019/09/05 13:55:00",TARONG#3,280.100010
D,DISPATCH,UNIT_SCADA,1,"2019/09/05 13:55:00",TARONG#4,350
D,DISPATCH,UNIT_SCADA,1,"2019/09/05 13:55:00",TARRALEA,71.90
D,DISPATCH,UNIT_SCADA,1,"2019/09/05 13:55:00",TBSF1,0
D,DISPATCH,UNIT_SCADA,1,"2019/09/05 13:55:00",TNPS1,379.000030
D,DISPATCH,UNIT_SCADA,1,"2019/09/05 13:55:00",TORRA1,39.504790
D,DISPATCH,UNIT_SCADA,1,"2019/09/05 13:55:00",TORRA2,0
D,DISPATCH,UNIT_SCADA,1,"2019/09/05 13:55:00",TORRA3,0
D,DISPATCH,UNIT_SCADA,1,"2019/09/05 13:55:00",TORRA4,42.488890
D,DISPATCH,UNIT_SCADA,1,"2019/09/05 13:55:00",TORRB1,41.53
D,DISPATCH,UNIT_SCADA,1,"2019/09/05 13:55:00",TORRB2,42.02
D,DISPATCH,UNIT_SCADA,1,"2019/09/05 13:55:00",TORRB3,41.40
D,DISPATCH,UNIT_SCADA,1,"2019/09/05 13:55:00",TORRB4,0
D,DISPATCH,UNIT_SCADA,1,"2019/09/05 13:55:00",TREVALLN,91.020030
D,DISPATCH,UNIT_SCADA,1,"2019/09/05 13:55:00",TRIBUTE,0
D,DISPATCH,UNIT_SCADA,1,"2019/09/05 13:55:00",TUMUT3,0
D,DISPATCH,UNIT_SCADA,1,"2019/09/05 13:55:00",TUNGATIN,3.70
D,DISPATCH,UNIT_SCADA,1,"2019/09/05 13:55:00",TVCC201,0
D,DISPATCH,UNIT_SCADA,1,"2019/09/05 13:55:00",TVPP104,0
D,DISPATCH,UNIT_SCADA,1,"2019/09/05 13:55:00",UPPTUMUT,139.133650
D,DISPATCH,UNIT_SCADA,1,"2019/09/05 13:55:00",URANQ11,0
D,DISPATCH,UNIT_SCADA,1,"2019/09/05 13:55:00",URANQ12,0
D,DISPATCH,UNIT_SCADA,1,"2019/09/05 13:55:00",URANQ13,155.387510
D,DISPATCH,UNIT_SCADA,1,"2019/09/05 13:55:00",URANQ14,0
D,DISPATCH,UNIT_SCADA,1,"2019/09/05 13:55:00",VP5,521.1250
D,DISPATCH,UNIT_SCADA,1,"2019/09/05 13:55:00",VP6,0
D,DISPATCH,UNIT_SCADA,1,"2019/09/05 13:55:00",VPGS1,0
D,DISPATCH,UNIT_SCADA,1,"2019/09/05 13:55:00",VPGS2,0
D,DISPATCH,UNIT_SCADA,1,"2019/09/05 13:55:00",VPGS3,0
D,DISPATCH,UNIT_SCADA,1,"2019/09/05 13:55:00",VPGS4,0
D,DISPATCH,UNIT_SCADA,1,"2019/09/05 13:55:00",VPGS5,0
D,DISPATCH,UNIT_SCADA,1,"2019/09/05 13:55:00",VPGS6,0
D,DISPATCH,UNIT_SCADA,1,"2019/09/05 13:55:00",W/HOE#1,0
D,DISPATCH,UNIT_SCADA,1,"2019/09/05 13:55:00",W/HOE#2,0
D,DISPATCH,UNIT_SCADA,1,"2019/09/05 13:55:00",WATERLWF,76
D,DISPATCH,UNIT_SCADA,1,"2019/09/05 13:55:00",WEMENSF1,72.20
D,DISPATCH,UNIT_SCADA,1,"2019/09/05 13:55:00",WGWF1,73.40
D,DISPATCH,UNIT_SCADA,1,"2019/09/05 13:55:00",WHITSF1,2.70
D,DISPATCH,UNIT_SCADA,1,"2019/09/05 13:55:00",WKIEWA1,0
D,DISPATCH,UNIT_SCADA,1,"2019/09/05 13:55:00",WKIEWA2,0.10
D,DISPATCH,UNIT_SCADA,1,"2019/09/05 13:55:00",WOODLWN1,7.136990
D,DISPATCH,UNIT_SCADA,1,"2019/09/05 13:55:00",WRSF1,18.55
D,DISPATCH,UNIT_SCADA,1,"2019/09/05 13:55:00",WRWF1,79.927510
D,DISPATCH,UNIT_SCADA,1,"2019/09/05 13:55:00",YABULU,0
D,DISPATCH,UNIT_SCADA,1,"2019/09/05 13:55:00",YABULU2,0
D,DISPATCH,UNIT_SCADA,1,"2019/09/05 13:55:00",YARWUN_1,119.75
D,DISPATCH,UNIT_SCADA,1,"2019/09/05 13:55:00",YENDWF1,17.51
D,DISPATCH,UNIT_SCADA,1,"2019/09/05 13:55:00",YWPS1,380.9519
D,DISPATCH,UNIT_SCADA,1,"2019/09/05 13:55:00",YWPS2,280.698730
D,DISPATCH,UNIT_SCADA,1,"2019/09/05 13:55:00",YWPS3,332.289890
D,DISPATCH,UNIT_SCADA,1,"2019/09/05 13:55:00",YWPS4,392.1329
C,"END OF REPORT",335
