C,NEMP.WORLD,DISPATCHSCADA,AEMO,PUBLIC,2019/09/05,23:10:09,0000000312439841,DISPATCHSCADA,0000000312439835
I,DISPATCH,UNIT_SCADA,1,SETTLEMENTDATE,DUID,SCADAVALUE
D,DISPATCH,UNIT_SCADA,1,"2019/09/05 23:15:00",BARCSF1,0.30
D,DISPATCH,UNIT_SCADA,1,"2019/09/05 23:15:00",BUTLERSG,10.199999
D,DISPATCH,UNIT_SCADA,1,"2019/09/05 23:15:00",CALL_A_4,0
D,DISPATCH,UNIT_SCADA,1,"2019/09/05 23:15:00",CAPTL_WF,7.599998
D,DISPATCH,UNIT_SCADA,1,"2019/09/05 23:15:00",CATHROCK,0
D,DISPATCH,UNIT_SCADA,1,"2019/09/05 23:15:00",CHALLHWF,0
D,DISPATCH,UNIT_SCADA,1,"2019/09/05 23:15:00",CLOVER,0
D,DISPATCH,UNIT_SCADA,1,"2019/09/05 23:15:00",CLUNY,14.396429
D,DISPATCH,UNIT_SCADA,1,"2019/09/05 23:15:00",CNUNDAWF,14.617052
D,DISPATCH,UNIT_SCADA,1,"2019/09/05 23:15:00",CULLRGWF,9.59
D,DISPATCH,UNIT_SCADA,1,"2019/09/05 23:15:00",ERGT01,0
D,DISPATCH,UNIT_SCADA,1,"2019/09/05 23:15:00",GB01,0.008286
D,DISPATCH,UNIT_SCADA,1,"2019/09/05 23:15:00",GERMCRK,37.299999
D,DISPATCH,UNIT_SCADA,1,"2019/09/05 23:15:00",GRIFSF1,0
D,DISPATCH,UNIT_SCADA,1,"2019/09/05 23:15:00",HUGSF1,-0.2330
D,DISPATCH,UNIT_SCADA,1,"2019/09/05 23:15:00",LKBONNY1,23.220434
D,DISPATCH,UNIT_SCADA,1,"2019/09/05 23:15:00",LRSF1,-0.0010
D,DISPATCH,UNIT_SCADA,1,"2019/09/05 23:15:00",MBAHNTH,46.856247
D,DISPATCH,UNIT_SCADA,1,"2019/09/05 23:15:00",MLSP1,0
D,DISPATCH,UNIT_SCADA,1,"2019/09/05 23:15:00",MLWF1,0.7950
D,DISPATCH,UNIT_SCADA,1,"2019/09/05 23:15:00",MTMILLAR,44.819019
D,DISPATCH,UNIT_SCADA,1,"2019/09/05 23:15:00",PALOONA,25.59
D,DISPATCH,UNIT_SCADA,1,"2019/09/05 23:15:00",PIONEER,44.700001
D,DISPATCH,UNIT_SCADA,1,"2019/09/05 23:15:00",PORTWF,48.700001
D,DISPATCH,UNIT_SCADA,1,"2019/09/05 23:15:00",REPULSE,32.772106
D,DISPATCH,UNIT_SCADA,1,"2019/09/05 23:15:00",ROWALLAN,10.4086
D,DISPATCH,UNIT_SCADA,1,"2019/09/05 23:15:00",ROYALLA1,0
D,DISPATCH,UNIT_SCADA,1,"2019/09/05 23:15:00",RPCG,7.70
D,DISPATCH,UNIT_SCADA,1,"2019/09/05 23:15:00",RUBICON,0
D,DISPATCH,UNIT_SCADA,1,"2019/09/05 23:15:00",SATGN1,0
D,DISPATCH,UNIT_SCADA,1,"2019/09/05 23:15:00",SATGS1,0
D,DISPATCH,UNIT_SCADA,1,"2019/09/05 23:15:00",STARHLWF,29.591372
D,DISPATCH,UNIT_SCADA,1,"2019/09/05 23:15:00",WAUBRAWF,53.029999
D,DISPATCH,UNIT_SCADA,1,"2019/09/05 23:15:00",WOOLNTH1,132.740021
D,DISPATCH,UNIT_SCADA,1,"2019/09/05 23:15:00",WPWF,64
D,DISPATCH,UNIT_SCADA,1,"2019/09/05 23:15:00",YAMBUKWF,-0.10
D,DISPATCH,UNIT_SCADA,1,"2019/09/05 23:15:00",YSWF1,1.10
D,DISPATCH,UNIT_SCADA,1,"2019/09/05 23:15:00",AGLHAL,0
D,DISPATCH,UNIT_SCADA,1,"2019/09/05 23:15:00",AGLSOM,0
D,DISPATCH,UNIT_SCADA,1,"2019/09/05 23:15:00",ANGAST1,0
D,DISPATCH,UNIT_SCADA,1,"2019/09/05 23:15:00",ARWF1,8.10
D,DISPATCH,UNIT_SCADA,1,"2019/09/05 23:15:00",BALBG1,0
D,DISPATCH,UNIT_SCADA,1,"2019/09/05 23:15:00",BALBL1,0
D,DISPATCH,UNIT_SCADA,1,"2019/09/05 23:15:00",BALDHWF1,40
D,DISPATCH,UNIT_SCADA,1,"2019/09/05 23:15:00",BANN1,0
D,DISPATCH,UNIT_SCADA,1,"2019/09/05 23:15:00",BARCALDN,0
D,DISPATCH,UNIT_SCADA,1,"2019/09/05 23:15:00",BARRON-1,33.80
D,DISPATCH,UNIT_SCADA,1,"2019/09/05 23:15:00",BARRON-2,0
D,DISPATCH,UNIT_SCADA,1,"2019/09/05 23:15:00",BASTYAN,80.900010
D,DISPATCH,UNIT_SCADA,1,"2019/09/05 23:15:00",BBTHREE1,0
D,DISPATCH,UNIT_SCADA,1,"2019/09/05 23:15:00",BBTHREE2,0
D,DISPATCH,UNIT_SCADA,1,"2019/09/05 23:15:00",BBTHREE3,0
D,DISPATCH,UNIT_SCADA,1,"2019/09/05 23:15:00",BDL01,0
D,DISPATCH,UNIT_SCADA,1,"2019/09/05 23:15:00",BDL02,-0.12
D,DISPATCH,UNIT_SCADA,1,"2019/09/05 23:15:00",BERYLSF1,0
D,DISPATCH,UNIT_SCADA,1,"2019/09/05 23:15:00",BLOWERNG,15.30
D,DISPATCH,UNIT_SCADA,1,"2019/09/05 23:15:00",BLUFF1,52.60
D,DISPATCH,UNIT_SCADA,1,"2019/09/05 23:15:00",BNGSF1,0
D,DISPATCH,UNIT_SCADA,1,"2019/09/05 23:15:00",BNGSF2,0
D,DISPATCH,UNIT_SCADA,1,"2019/09/05 23:15:00",BOCORWF1,11.73
D,DISPATCH,UNIT_SCADA,1,"2019/09/05 23:15:00",BODWF1,18.641480
D,DISPATCH,UNIT_SCADA,1,"2019/09/05 23:15:00",BRAEMAR1,0
D,DISPATCH,UNIT_SCADA,1,"2019/09/05 23:15:00",BRAEMAR2,0
D,DISPATCH,UNIT_SCADA,1,"2019/09/05 23:15:00",BRAEMAR3,0
D,DISPATCH,UNIT_SCADA,1,"2019/09/05 23:15:00",BRAEMAR5,0
D,DISPATCH,UNIT_SCADA,1,"2019/09/05 23:15:00",BRAEMAR6,0
D,DISPATCH,UNIT_SCADA,1,"2019/09/05 23:15:00",BRAEMAR7,0
D,DISPATCH,UNIT_SCADA,1,"2019/09/05 23:15:00",BROKENH1,0
D,DISPATCH,UNIT_SCADA,1,"2019/09/05 23:15:00",BW01,556.224980
D,DISPATCH,UNIT_SCADA,1,"2019/09/05 23:15:00",BW02,643.50
D,DISPATCH,UNIT_SCADA,1,"2019/09/05 23:15:00",BW03,651.349980
D,DISPATCH,UNIT_SCADA,1,"2019/09/05 23:15:00",BW04,0
D,DISPATCH,UNIT_SCADA,1,"2019/09/05 23:15:00",CALL_B_1,349.899990
D,DISPATCH,UNIT_SCADA,1,"2019/09/05 23:15:00",CALL_B_2,299.600010
D,DISPATCH,UNIT_SCADA,1,"2019/09/05 23:15:00",CETHANA,20.766120
D,DISPATCH,UNIT_SCADA,1,"2019/09/05 23:15:00",CG1,0
D,DISPATCH,UNIT_SCADA,1,"2019/09/05 23:15:00",CG2,0
D,DISPATCH,UNIT_SCADA,1,"2019/09/05 23:15:00",CG3,0
D,DISPATCH,UNIT_SCADA,1,"2019/09/05 23:15:00",CG4,0
D,DISPATCH,UNIT_SCADA,1,"2019/09/05 23:15:00",CHILDSF1,0
D,DISPATCH,UNIT_SCADA,1,"2019/09/05 23:15:00",CLARESF1,0
D,DISPATCH,UNIT_SCADA,1,"2019/09/05 23:15:00",CLEMGPWF,55.683070
D,DISPATCH,UNIT_SCADA,1,"2019/09/05 23:15:00",CLERMSF1,0
D,DISPATCH,UNIT_SCADA,1,"2019/09/05 23:15:00",COLEASF1,0
D,DISPATCH,UNIT_SCADA,1,"2019/09/05 23:15:00",COOPGWF1,17.920210
D,DISPATCH,UNIT_SCADA,1,"2019/09/05 23:15:00",CPP_3,404.524990
D,DISPATCH,UNIT_SCADA,1,"2019/09/05 23:15:00",CPP_4,405.350010
D,DISPATCH,UNIT_SCADA,1,"2019/09/05 23:15:00",CPSA,142.0475
D,DISPATCH,UNIT_SCADA,1,"2019/09/05 23:15:00",CROOKWF2,24.123750
D,DISPATCH,UNIT_SCADA,1,"2019/09/05 23:15:00",CROWLWF1,11.981820
D,DISPATCH,UNIT_SCADA,1,"2019/09/05 23:15:00",CSPVPS1,0
D,DISPATCH,UNIT_SCADA,1,"2019/09/05 23:15:00",DALNTH01,0
D,DISPATCH,UNIT_SCADA,1,"2019/09/05 23:15:00",DALNTHL1,0.132750
D,DISPATCH,UNIT_SCADA,1,"2019/09/05 23:15:00",DARTM1,133.600010
D,DISPATCH,UNIT_SCADA,1,"2019/09/05 23:15:00",DAYDSF1,0
D,DISPATCH,UNIT_SCADA,1,"2019/09/05 23:15:00",DDPS1,455.574620
D,DISPATCH,UNIT_SCADA,1,"2019/09/05 23:15:00",DDSF1,0
D,DISPATCH,UNIT_SCADA,1,"2019/09/05 23:15:00",DEVILS_G,63.295390
D,DISPATCH,UNIT_SCADA,1,"2019/09/05 23:15:00",DG_NSW1,0
D,DISPATCH,UNIT_SCADA,1,"2019/09/05 23:15:00",DG_QLD1,0
D,DISPATCH,UNIT_SCADA,1,"2019/09/05 23:15:00",DG_SA1,0
D,DISPATCH,UNIT_SCADA,1,"2019/09/05 23:15:00",DG_TAS1,0
D,DISPATCH,UNIT_SCADA,1,"2019/09/05 23:15:00",DG_VIC1,0
D,DISPATCH,UNIT_SCADA,1,"2019/09/05 23:15:00",DRYCGT1,0
D,DISPATCH,UNIT_SCADA,1,"2019/09/05 23:15:00",DRYCGT2,0
D,DISPATCH,UNIT_SCADA,1,"2019/09/05 23:15:00",DRYCGT3,0
D,DISPATCH,UNIT_SCADA,1,"2019/09/05 23:15:00",EILDON1,0
D,DISPATCH,UNIT_SCADA,1,"2019/09/05 23:15:00",EILDON2,0
D,DISPATCH,UNIT_SCADA,1,"2019/09/05 23:15:00",EMERASF1,0
D,DISPATCH,UNIT_SCADA,1,"2019/09/05 23:15:00",ER01,585.75
D,DISPATCH,UNIT_SCADA,1,"2019/09/05 23:15:00",ER02,693.3750
D,DISPATCH,UNIT_SCADA,1,"2019/09/05 23:15:00",ER03,0
D,DISPATCH,UNIT_SCADA,1,"2019/09/05 23:15:00",ER04,674.075070
D,DISPATCH,UNIT_SCADA,1,"2019/09/05 23:15:00",FINLYSF1,0
D,DISPATCH,UNIT_SCADA,1,"2019/09/05 23:15:00",FISHER,46.19
D,DISPATCH,UNIT_SCADA,1,"2019/09/05 23:15:00",GANNBG1,18.034760
D,DISPATCH,UNIT_SCADA,1,"2019/09/05 23:15:00",GANNBL1,0
D,DISPATCH,UNIT_SCADA,1,"2019/09/05 23:15:00",GANNSF1,0
D,DISPATCH,UNIT_SCADA,1,"2019/09/05 23:15:00",GORDON,28.192080
D,DISPATCH,UNIT_SCADA,1,"2019/09/05 23:15:00",GSTONE1,232.05
D,DISPATCH,UNIT_SCADA,1,"2019/09/05 23:15:00",GSTONE2,177.45
D,DISPATCH,UNIT_SCADA,1,"2019/09/05 23:15:00",GSTONE3,0
D,DISPATCH,UNIT_SCADA,1,"2019/09/05 23:15:00",GSTONE4,229.774990
D,DISPATCH,UNIT_SCADA,1,"2019/09/05 23:15:00",GSTONE5,226.80
D,DISPATCH,UNIT_SCADA,1,"2019/09/05 23:15:00",GSTONE6,235.55
D,DISPATCH,UNIT_SCADA,1,"2019/09/05 23:15:00",GULLRSF1,0
D,DISPATCH,UNIT_SCADA,1,"2019/09/05 23:15:00",GULLRWF1,51.597750
D,DISPATCH,UNIT_SCADA,1,"2019/09/05 23:15:00",GUNNING1,21.8985
D,DISPATCH,UNIT_SCADA,1,"2019/09/05 23:15:00",GUTHEGA,0
D,DISPATCH,UNIT_SCADA,1,"2019/09/05 23:15:00",HALLWF1,86.46
D,DISPATCH,UNIT_SCADA,1,"2019/09/05 23:15:00",HALLWF2,62.31
D,DISPATCH,UNIT_SCADA,1,"2019/09/05 23:15:00",HAMISF1,0
D,DISPATCH,UNIT_SCADA,1,"2019/09/05 23:15:00",HAUGHT11,0
D,DISPATCH,UNIT_SCADA,1,"2019/09/05 23:15:00",HAYMSF1,0
D,DISPATCH,UNIT_SCADA,1,"2019/09/05 23:15:00",HDWF1,75.70
D,DISPATCH,UNIT_SCADA,1,"2019/09/05 23:15:00",HDWF2,60.80
D,DISPATCH,UNIT_SCADA,1,"2019/09/05 23:15:00",HDWF3,70.70
D,DISPATCH,UNIT_SCADA,1,"2019/09/05 23:15:00",HPRG1,18.90
D,DISPATCH,UNIT_SCADA,1,"2019/09/05 23:15:00",HPRL1,0
D,DISPATCH,UNIT_SCADA,1,"2019/09/05 23:15:00",HUMENSW,0
D,DISPATCH,UNIT_SCADA,1,"2019/09/05 23:15:00",HUMEV,24.70
D,DISPATCH,UNIT_SCADA,1,"2019/09/05 23:15:00",HVGTS,0
D,DISPATCH,UNIT_SCADA,1,"2019/09/05 23:15:00",JBUTTERS,0
D,DISPATCH,UNIT_SCADA,1,"2019/09/05 23:15:00",JLA01,0.10
D,DISPATCH,UNIT_SCADA,1,"2019/09/05 23:15:00",JLA02,0
D,DISPATCH,UNIT_SCADA,1,"2019/09/05 23:15:00",JLA03,0
D,DISPATCH,UNIT_SCADA,1,"2019/09/05 23:15:00",JLA04,0
D,DISPATCH,UNIT_SCADA,1,"2019/09/05 23:15:00",JLB01,0
D,DISPATCH,UNIT_SCADA,1,"2019/09/05 23:15:00",JLB02,0.10
D,DISPATCH,UNIT_SCADA,1,"2019/09/05 23:15:00",JLB03,0
D,DISPATCH,UNIT_SCADA,1,"2019/09/05 23:15:00",KAREEYA1,21.5525
D,DISPATCH,UNIT_SCADA,1,"2019/09/05 23:15:00",KAREEYA2,21.85
D,DISPATCH,UNIT_SCADA,1,"2019/09/05 23:15:00",KAREEYA3,0
D,DISPATCH,UNIT_SCADA,1,"2019/09/05 23:15:00",KAREEYA4,21.5975
D,DISPATCH,UNIT_SCADA,1,"2019/09/05 23:15:00",KARSF1,0
D,DISPATCH,UNIT_SCADA,1,"2019/09/05 23:15:00",KIATAWF1,29.10
D,DISPATCH,UNIT_SCADA,1,"2019/09/05 23:15:00",KPP_1,0
D,DISPATCH,UNIT_SCADA,1,"2019/09/05 23:15:00",KSP1,0
D,DISPATCH,UNIT_SCADA,1,"2019/09/05 23:15:00",LADBROK1,42.34
D,DISPATCH,UNIT_SCADA,1,"2019/09/05 23:15:00",LADBROK2,43.03
D,DISPATCH,UNIT_SCADA,1,"2019/09/05 23:15:00",LD01,421.1813
D,DISPATCH,UNIT_SCADA,1,"2019/09/05 23:15:00",LD02,399.693790
D,DISPATCH,UNIT_SCADA,1,"2019/09/05 23:15:00",LD03,423.8063
D,DISPATCH,UNIT_SCADA,1,"2019/09/05 23:15:00",LD04,380.568820
D,DISPATCH,UNIT_SCADA,1,"2019/09/05 23:15:00",LEM_WIL,84.8896
D,DISPATCH,UNIT_SCADA,1,"2019/09/05 23:15:00",LGAPWF1,34.43
D,DISPATCH,UNIT_SCADA,1,"2019/09/05 23:15:00",LILYSF1,0
D,DISPATCH,UNIT_SCADA,1,"2019/09/05 23:15:00",LI_WY_CA,138.911330
D,DISPATCH,UNIT_SCADA,1,"2019/09/05 23:15:00",LKBONNY2,47.446090
D,DISPATCH,UNIT_SCADA,1,"2019/09/05 23:15:00",LKBONNY3,4.800690
D,DISPATCH,UNIT_SCADA,1,"2019/09/05 23:15:00",LK_ECHO,0
D,DISPATCH,UNIT_SCADA,1,"2019/09/05 23:15:00",LNGS1,0
D,DISPATCH,UNIT_SCADA,1,"2019/09/05 23:15:00",LNGS2,0
D,DISPATCH,UNIT_SCADA,1,"2019/09/05 23:15:00",LONSDALE,0
D,DISPATCH,UNIT_SCADA,1,"2019/09/05 23:15:00",LOYYB1,537.592410
D,DISPATCH,UNIT_SCADA,1,"2019/09/05 23:15:00",LOYYB2,583.834170
D,DISPATCH,UNIT_SCADA,1,"2019/09/05 23:15:00",LYA1,0
D,DISPATCH,UNIT_SCADA,1,"2019/09/05 23:15:00",LYA2,0
D,DISPATCH,UNIT_SCADA,1,"2019/09/05 23:15:00",LYA3,560
D,DISPATCH,UNIT_SCADA,1,"2019/09/05 23:15:00",LYA4,540
D,DISPATCH,UNIT_SCADA,1,"2019/09/05 23:15:00",MACARTH1,39.499090
D,DISPATCH,UNIT_SCADA,1,"2019/09/05 23:15:00",MACKAYGT,0.2240
D,DISPATCH,UNIT_SCADA,1,"2019/09/05 23:15:00",MACKNTSH,88.290010
D,DISPATCH,UNIT_SCADA,1,"2019/09/05 23:15:00",MANSLR1,0
D,DISPATCH,UNIT_SCADA,1,"2019/09/05 23:15:00",MCKAY1,0.0750
D,DISPATCH,UNIT_SCADA,1,"2019/09/05 23:15:00",MEADOWBK,33.810140
D,DISPATCH,UNIT_SCADA,1,"2019/09/05 23:15:00",MERCER01,6.7530
D,DISPATCH,UNIT_SCADA,1,"2019/09/05 23:15:00",MEWF1,58.124290
D,DISPATCH,UNIT_SCADA,1,"2019/09/05 23:15:00",MINTARO,0
D,DISPATCH,UNIT_SCADA,1,"2019/09/05 23:15:00",MOREESF1,0
D,DISPATCH,UNIT_SCADA,1,"2019/09/05 23:15:00",MORTLK11,260
D,DISPATCH,UNIT_SCADA,1,"2019/09/05 23:15:00",MORTLK12,0
D,DISPATCH,UNIT_SCADA,1,"2019/09/05 23:15:00",MP1,221.174990
D,DISPATCH,UNIT_SCADA,1,"2019/09/05 23:15:00",MP2,0
D,DISPATCH,UNIT_SCADA,1,"2019/09/05 23:15:00",MPP_1,401.50
D,DISPATCH,UNIT_SCADA,1,"2019/09/05 23:15:00",MPP_2,435.50
D,DISPATCH,UNIT_SCADA,1,"2019/09/05 23:15:00",MSTUART1,0
D,DISPATCH,UNIT_SCADA,1,"2019/09/05 23:15:00",MSTUART2,0
D,DISPATCH,UNIT_SCADA,1,"2019/09/05 23:15:00",MSTUART3,0
D,DISPATCH,UNIT_SCADA,1,"2019/09/05 23:15:00",MTGELWF1,10.039060
D,DISPATCH,UNIT_SCADA,1,"2019/09/05 23:15:00",MURRAY,0
D,DISPATCH,UNIT_SCADA,1,"2019/09/05 23:15:00",MUSSELR1,68
D,DISPATCH,UNIT_SCADA,1,"2019/09/05 23:15:00",MUWAWF1,10.51
D,DISPATCH,UNIT_SCADA,1,"2019/09/05 23:15:00",NBHWF1,103.90
D,DISPATCH,UNIT_SCADA,1,"2019/09/05 23:15:00",NPS,0
D,DISPATCH,UNIT_SCADA,1,"2019/09/05 23:15:00",NUMURSF1,0
D,DISPATCH,UNIT_SCADA,1,"2019/09/05 23:15:00",NYNGAN1,0
D,DISPATCH,UNIT_SCADA,1,"2019/09/05 23:15:00",OAKEY1,0
D,DISPATCH,UNIT_SCADA,1,"2019/09/05 23:15:00",OAKEY1SF,0
D,DISPATCH,UNIT_SCADA,1,"2019/09/05 23:15:00",OAKEY2,0
D,DISPATCH,UNIT_SCADA,1,"2019/09/05 23:15:00",OAKEY2SF,0
D,DISPATCH,UNIT_SCADA,1,"2019/09/05 23:15:00",OAKLAND1,-0.20
D,DISPATCH,UNIT_SCADA,1,"2019/09/05 23:15:00",OSB-AG,0
D,DISPATCH,UNIT_SCADA,1,"2019/09/05 23:15:00",PARSF1,0
D,DISPATCH,UNIT_SCADA,1,"2019/09/05 23:15:00",POAT110,0
D,DISPATCH,UNIT_SCADA,1,"2019/09/05 23:15:00",POAT220,2.73
D,DISPATCH,UNIT_SCADA,1,"2019/09/05 23:15:00",POR01,0
D,DISPATCH,UNIT_SCADA,1,"2019/09/05 23:15:00",POR03,0
D,DISPATCH,UNIT_SCADA,1,"2019/09/05 23:15:00",PPCCGT,370.185880
D,DISPATCH,UNIT_SCADA,1,"2019/09/05 23:15:00",PTSTAN1,0
D,DISPATCH,UNIT_SCADA,1,"2019/09/05 23:15:00",PUMP1,0
D,DISPATCH,UNIT_SCADA,1,"2019/09/05 23:15:00",PUMP2,0
D,DISPATCH,UNIT_SCADA,1,"2019/09/05 23:15:00",QPS1,29
D,DISPATCH,UNIT_SCADA,1,"2019/09/05 23:15:00",QPS2,0
D,DISPATCH,UNIT_SCADA,1,"2019/09/05 23:15:00",QPS3,0
D,DISPATCH,UNIT_SCADA,1,"2019/09/05 23:15:00",QPS4,0
D,DISPATCH,UNIT_SCADA,1,"2019/09/05 23:15:00",QPS5,0
D,DISPATCH,UNIT_SCADA,1,"2019/09/05 23:15:00",REECE1,117.600010
D,DISPATCH,UNIT_SCADA,1,"2019/09/05 23:15:00",REECE2,52.17
D,DISPATCH,UNIT_SCADA,1,"2019/09/05 23:15:00",ROMA_7,0
D,DISPATCH,UNIT_SCADA,1,"2019/09/05 23:15:00",ROMA_8,0
D,DISPATCH,UNIT_SCADA,1,"2019/09/05 23:15:00",RRSF1,0
D,DISPATCH,UNIT_SCADA,1,"2019/09/05 23:15:00",RT_NSW1,0
D,DISPATCH,UNIT_SCADA,1,"2019/09/05 23:15:00",RT_NSW2,0
D,DISPATCH,UNIT_SCADA,1,"2019/09/05 23:15:00",RT_NSW3,0
D,DISPATCH,UNIT_SCADA,1,"2019/09/05 23:15:00",RT_NSW4,0
D,DISPATCH,UNIT_SCADA,1,"2019/09/05 23:15:00",RT_NSW5,0
D,DISPATCH,UNIT_SCADA,1,"2019/09/05 23:15:00",RT_NSW6,0
D,DISPATCH,UNIT_SCADA,1,"2019/09/05 23:15:00",RT_QLD1,0
D,DISPATCH,UNIT_SCADA,1,"2019/09/05 23:15:00",RT_SA1,0
D,DISPATCH,UNIT_SCADA,1,"2019/09/05 23:15:00",RT_SA2,0
D,DISPATCH,UNIT_SCADA,1,"2019/09/05 23:15:00",RT_SA3,0
D,DISPATCH,UNIT_SCADA,1,"2019/09/05 23:15:00",RT_SA4,0
D,DISPATCH,UNIT_SCADA,1,"2019/09/05 23:15:00",RT_SA5,0
D,DISPATCH,UNIT_SCADA,1,"2019/09/05 23:15:00",RT_SA6,0
D,DISPATCH,UNIT_SCADA,1,"2019/09/05 23:15:00",RT_TAS1,0
D,DISPATCH,UNIT_SCADA,1,"2019/09/05 23:15:00",RT_VIC1,0
D,DISPATCH,UNIT_SCADA,1,"2019/09/05 23:15:00",RT_VIC10,0
D,DISPATCH,UNIT_SCADA,1,"2019/09/05 23:15:00",RT_VIC11,0
D,DISPATCH,UNIT_SCADA,1,"2019/09/05 23:15:00",RT_VIC12,0
D,DISPATCH,UNIT_SCADA,1,"2019/09/05 23:15:00",RT_VIC2,0
D,DISPATCH,UNIT_SCADA,1,"2019/09/05 23:15:00",RT_VIC3,0
D,DISPATCH,UNIT_SCADA,1,"2019/09/05 23:15:00",RT_VIC4,0
D,DISPATCH,UNIT_SCADA,1,"2019/09/05 23:15:00",RT_VIC5,0
D,DISPATCH,UNIT_SCADA,1,"2019/09/05 23:15:00",RT_VIC6,0
D,DISPATCH,UNIT_SCADA,1,"2019/09/05 23:15:00",RT_VIC7,0
D,DISPATCH,UNIT_SCADA,1,"2019/09/05 23:15:00",RT_VIC8,0
D,DISPATCH,UNIT_SCADA,1,"2019/09/05 23:15:00",RT_VIC9,0
D,DISPATCH,UNIT_SCADA,1,"2019/09/05 23:15:00",RUGBYR1,0
D,DISPATCH,UNIT_SCADA,1,"2019/09/05 23:15:00",SALTCRK1,-0.48
D,DISPATCH,UNIT_SCADA,1,"2019/09/05 23:15:00",SAPHWF1,73.612520
D,DISPATCH,UNIT_SCADA,1,"2019/09/05 23:15:00",SHGEN,0
D,DISPATCH,UNIT_SCADA,1,"2019/09/05 23:15:00",SHPUMP,0
D,DISPATCH,UNIT_SCADA,1,"2019/09/05 23:15:00",SITHE01,0.234240
D,DISPATCH,UNIT_SCADA,1,"2019/09/05 23:15:00",SMCSF1,0
D,DISPATCH,UNIT_SCADA,1,"2019/09/05 23:15:00",SNOWNTH1,129.20
D,DISPATCH,UNIT_SCADA,1,"2019/09/05 23:15:00",SNOWSTH1,111.40
D,DISPATCH,UNIT_SCADA,1,"2019/09/05 23:15:00",SNOWTWN1,93.826550
D,DISPATCH,UNIT_SCADA,1,"2019/09/05 23:15:00",SNOWYP,0
D,DISPATCH,UNIT_SCADA,1,"2019/09/05 23:15:00",SNUG1,0.019440
D,DISPATCH,UNIT_SCADA,1,"2019/09/05 23:15:00",SRSF1,0.22
D,DISPATCH,UNIT_SCADA,1,"2019/09/05 23:15:00",STAN-1,255.0614
D,DISPATCH,UNIT_SCADA,1,"2019/09/05 23:15:00",STAN-2,328.110050
D,DISPATCH,UNIT_SCADA,1,"2019/09/05 23:15:00",STAN-3,326.777010
D,DISPATCH,UNIT_SCADA,1,"2019/09/05 23:15:00",STAN-4,324.841490
D,DISPATCH,UNIT_SCADA,1,"2019/09/05 23:15:00",STWF1,0
D,DISPATCH,UNIT_SCADA,1,"2019/09/05 23:15:00",SWAN_E,0
D,DISPATCH,UNIT_SCADA,1,"2019/09/05 23:15:00",TALWA1,413
D,DISPATCH,UNIT_SCADA,1,"2019/09/05 23:15:00",TARALGA1,40.196240
D,DISPATCH,UNIT_SCADA,1,"2019/09/05 23:15:00",TARONG#1,349.50
D,DISPATCH,UNIT_SCADA,1,"2019/09/05 23:15:00",TARONG#2,0
D,DISPATCH,UNIT_SCADA,1,"2019/09/05 23:15:00",TARONG#3,309.300020
D,DISPATCH,UNIT_SCADA,1,"2019/09/05 23:15:00",TARONG#4,350.50
D,DISPATCH,UNIT_SCADA,1,"2019/09/05 23:15:00",TARRALEA,73.70
D,DISPATCH,UNIT_SCADA,1,"2019/09/05 23:15:00",TBSF1,-0.20
D,DISPATCH,UNIT_SCADA,1,"2019/09/05 23:15:00",TNPS1,397.600010
D,DISPATCH,UNIT_SCADA,1,"2019/09/05 23:15:00",TORRA1,71.164660
D,DISPATCH,UNIT_SCADA,1,"2019/09/05 23:15:00",TORRA2,0
D,DISPATCH,UNIT_SCADA,1,"2019/09/05 23:15:00",TORRA3,0
D,DISPATCH,UNIT_SCADA,1,"2019/09/05 23:15:00",TORRA4,44.403220
D,DISPATCH,UNIT_SCADA,1,"2019/09/05 23:15:00",TORRB1,84.29
D,DISPATCH,UNIT_SCADA,1,"2019/09/05 23:15:00",TORRB2,84.39
D,DISPATCH,UNIT_SCADA,1,"2019/09/05 23:15:00",TORRB3,83.63
D,DISPATCH,UNIT_SCADA,1,"2019/09/05 23:15:00",TORRB4,0
D,DISPATCH,UNIT_SCADA,1,"2019/09/05 23:15:00",TREVALLN,92.790020
D,DISPATCH,UNIT_SCADA,1,"2019/09/05 23:15:00",TRIBUTE,0
D,DISPATCH,UNIT_SCADA,1,"2019/09/05 23:15:00",TUMUT3,0
D,DISPATCH,UNIT_SCADA,1,"2019/09/05 23:15:00",TUNGATIN,6.20
D,DISPATCH,UNIT_SCADA,1,"2019/09/05 23:15:00",TVCC201,0
D,DISPATCH,UNIT_SCADA,1,"2019/09/05 23:15:00",TVPP104,0
D,DISPATCH,UNIT_SCADA,1,"2019/09/05 23:15:00",UPPTUMUT,243.870410
D,DISPATCH,UNIT_SCADA,1,"2019/09/05 23:15:00",URANQ11,0
D,DISPATCH,UNIT_SCADA,1,"2019/09/05 23:15:00",URANQ12,0
D,DISPATCH,UNIT_SCADA,1,"2019/09/05 23:15:00",URANQ13,0
D,DISPATCH,UNIT_SCADA,1,"2019/09/05 23:15:00",URANQ14,0
D,DISPATCH,UNIT_SCADA,1,"2019/09/05 23:15:00",VP5,408.650020
D,DISPATCH,UNIT_SCADA,1,"2019/09/05 23:15:00",VP6,0
D,DISPATCH,UNIT_SCADA,1,"2019/09/05 23:15:00",VPGS1,0
D,DISPATCH,UNIT_SCADA,1,"2019/09/05 23:15:00",VPGS2,0
D,DISPATCH,UNIT_SCADA,1,"2019/09/05 23:15:00",VPGS3,0
D,DISPATCH,UNIT_SCADA,1,"2019/09/05 23:15:00",VPGS4,0
D,DISPATCH,UNIT_SCADA,1,"2019/09/05 23:15:00",VPGS5,0
D,DISPATCH,UNIT_SCADA,1,"2019/09/05 23:15:00",VPGS6,0
D,DISPATCH,UNIT_SCADA,1,"2019/09/05 23:15:00",W/HOE#1,0
D,DISPATCH,UNIT_SCADA,1,"2019/09/05 23:15:00",W/HOE#2,0
D,DISPATCH,UNIT_SCADA,1,"2019/09/05 23:15:00",WATERLWF,119.90
D,DISPATCH,UNIT_SCADA,1,"2019/09/05 23:15:00",WEMENSF1,0
D,DISPATCH,UNIT_SCADA,1,"2019/09/05 23:15:00",WGWF1,97
D,DISPATCH,UNIT_SCADA,1,"2019/09/05 23:15:00",WHITSF1,0
D,DISPATCH,UNIT_SCADA,1,"2019/09/05 23:15:00",WKIEWA1,16.30
D,DISPATCH,UNIT_SCADA,1,"2019/09/05 23:15:00",WKIEWA2,0.30
D,DISPATCH,UNIT_SCADA,1,"2019/09/05 23:15:00",WOODLWN1,15.209990
D,DISPATCH,UNIT_SCADA,1,"2019/09/05 23:15:00",WRSF1,0
D,DISPATCH,UNIT_SCADA,1,"2019/09/05 23:15:00",WRWF1,25.2575
D,DISPATCH,UNIT_SCADA,1,"2019/09/05 23:15:00",YABULU,22.410010
D,DISPATCH,UNIT_SCADA,1,"2019/09/05 23:15:00",YABULU2,0
D,DISPATCH,UNIT_SCADA,1,"2019/09/05 23:15:00",YARWUN_1,166.009990
D,DISPATCH,UNIT_SCADA,1,"2019/09/05 23:15:00",YENDWF1,42.08
D,DISPATCH,UNIT_SCADA,1,"2019/09/05 23:15:00",YWPS1,375.187350
D,DISPATCH,UNIT_SCADA,1,"2019/09/05 23:15:00",YWPS2,279.946840
D,DISPATCH,UNIT_SCADA,1,"2019/09/05 23:15:00",YWPS3,334.830380
D,DISPATCH,UNIT_SCADA,1,"2019/09/05 23:15:00",YWPS4,400.601260
C,"END OF REPORT",335
