C,NEMP.WORLD,DISPATCHSCADA,AEMO,PUBLIC,2019/09/05,03:20:08,0000000312406849,DISPATCHSCADA,0000000312406843
I,DISPATCH,UNIT_SCADA,1,SETTLEMENTDATE,DUID,SCADAVALUE
D,DISPATCH,UNIT_SCADA,1,"2019/09/05 03:25:00",BARCSF1,0
D,DISPATCH,UNIT_SCADA,1,"2019/09/05 03:25:00",BUTLERSG,10.199999
D,DISPATCH,UNIT_SCADA,1,"2019/09/05 03:25:00",CALL_A_4,0
D,DISPATCH,UNIT_SCADA,1,"2019/09/05 03:25:00",CAPTL_WF,6.419998
D,DISPATCH,UNIT_SCADA,1,"2019/09/05 03:25:00",CATHROCK,25.249998
D,DISPATCH,UNIT_SCADA,1,"2019/09/05 03:25:00",CHALLHWF,0.10
D,DISPATCH,UNIT_SCADA,1,"2019/09/05 03:25:00",CLOVER,-0.01
D,DISPATCH,UNIT_SCADA,1,"2019/09/05 03:25:00",CLUNY,9.957885
D,DISPATCH,UNIT_SCADA,1,"2019/09/05 03:25:00",CNUNDAWF,4.905723
D,DISPATCH,UNIT_SCADA,1,"2019/09/05 03:25:00",CULLRGWF,3
D,DISPATCH,UNIT_SCADA,1,"2019/09/05 03:25:00",ERGT01,0
D,DISPATCH,UNIT_SCADA,1,"2019/09/05 03:25:00",GB01,0.015976
D,DISPATCH,UNIT_SCADA,1,"2019/09/05 03:25:00",GERMCRK,40.400002
D,DISPATCH,UNIT_SCADA,1,"2019/09/05 03:25:00",GRIFSF1,0
D,DISPATCH,UNIT_SCADA,1,"2019/09/05 03:25:00",HUGSF1,-0.19
D,DISPATCH,UNIT_SCADA,1,"2019/09/05 03:25:00",LKBONNY1,9.913340
D,DISPATCH,UNIT_SCADA,1,"2019/09/05 03:25:00",LRSF1,-0.0310
D,DISPATCH,UNIT_SCADA,1,"2019/09/05 03:25:00",MBAHNTH,26.775002
D,DISPATCH,UNIT_SCADA,1,"2019/09/05 03:25:00",MLSP1,0.366001
D,DISPATCH,UNIT_SCADA,1,"2019/09/05 03:25:00",MLWF1,3.4050
D,DISPATCH,UNIT_SCADA,1,"2019/09/05 03:25:00",MTMILLAR,10.216921
D,DISPATCH,UNIT_SCADA,1,"2019/09/05 03:25:00",PALOONA,16.82
D,DISPATCH,UNIT_SCADA,1,"2019/09/05 03:25:00",PIONEER,41.700001
D,DISPATCH,UNIT_SCADA,1,"2019/09/05 03:25:00",PORTWF,30.700001
D,DISPATCH,UNIT_SCADA,1,"2019/09/05 03:25:00",REPULSE,20.091249
D,DISPATCH,UNIT_SCADA,1,"2019/09/05 03:25:00",ROWALLAN,10.4299
D,DISPATCH,UNIT_SCADA,1,"2019/09/05 03:25:00",ROYALLA1,0
D,DISPATCH,UNIT_SCADA,1,"2019/09/05 03:25:00",RPCG,11.10
D,DISPATCH,UNIT_SCADA,1,"2019/09/05 03:25:00",RUBICON,0
D,DISPATCH,UNIT_SCADA,1,"2019/09/05 03:25:00",SATGN1,0
D,DISPATCH,UNIT_SCADA,1,"2019/09/05 03:25:00",SATGS1,0
D,DISPATCH,UNIT_SCADA,1,"2019/09/05 03:25:00",STARHLWF,-0.099971
D,DISPATCH,UNIT_SCADA,1,"2019/09/05 03:25:00",WAUBRAWF,0
D,DISPATCH,UNIT_SCADA,1,"2019/09/05 03:25:00",WOOLNTH1,-0.779985
D,DISPATCH,UNIT_SCADA,1,"2019/09/05 03:25:00",WPWF,2
D,DISPATCH,UNIT_SCADA,1,"2019/09/05 03:25:00",YAMBUKWF,5.40
D,DISPATCH,UNIT_SCADA,1,"2019/09/05 03:25:00",YSWF1,0.90
D,DISPATCH,UNIT_SCADA,1,"2019/09/05 03:25:00",AGLHAL,0
D,DISPATCH,UNIT_SCADA,1,"2019/09/05 03:25:00",AGLSOM,0
D,DISPATCH,UNIT_SCADA,1,"2019/09/05 03:25:00",ANGAST1,0
D,DISPATCH,UNIT_SCADA,1,"2019/09/05 03:25:00",ARWF1,7.10
D,DISPATCH,UNIT_SCADA,1,"2019/09/05 03:25:00",BALBG1,0
D,DISPATCH,UNIT_SCADA,1,"2019/09/05 03:25:00",BALBL1,0
D,DISPATCH,UNIT_SCADA,1,"2019/09/05 03:25:00",BALDHWF1,0
D,DISPATCH,UNIT_SCADA,1,"2019/09/05 03:25:00",BANN1,0
D,DISPATCH,UNIT_SCADA,1,"2019/09/05 03:25:00",BARCALDN,0
D,DISPATCH,UNIT_SCADA,1,"2019/09/05 03:25:00",BARRON-1,0
D,DISPATCH,UNIT_SCADA,1,"2019/09/05 03:25:00",BARRON-2,0
D,DISPATCH,UNIT_SCADA,1,"2019/09/05 03:25:00",BASTYAN,80.390010
D,DISPATCH,UNIT_SCADA,1,"2019/09/05 03:25:00",BBTHREE1,0
D,DISPATCH,UNIT_SCADA,1,"2019/09/05 03:25:00",BBTHREE2,0
D,DISPATCH,UNIT_SCADA,1,"2019/09/05 03:25:00",BBTHREE3,0
D,DISPATCH,UNIT_SCADA,1,"2019/09/05 03:25:00",BDL01,0
D,DISPATCH,UNIT_SCADA,1,"2019/09/05 03:25:00",BDL02,-0.06
D,DISPATCH,UNIT_SCADA,1,"2019/09/05 03:25:00",BERYLSF1,0
D,DISPATCH,UNIT_SCADA,1,"2019/09/05 03:25:00",BLOWERNG,11.10
D,DISPATCH,UNIT_SCADA,1,"2019/09/05 03:25:00",BLUFF1,0
D,DISPATCH,UNIT_SCADA,1,"2019/09/05 03:25:00",BNGSF1,0
D,DISPATCH,UNIT_SCADA,1,"2019/09/05 03:25:00",BNGSF2,0
D,DISPATCH,UNIT_SCADA,1,"2019/09/05 03:25:00",BOCORWF1,0
D,DISPATCH,UNIT_SCADA,1,"2019/09/05 03:25:00",BODWF1,4.852740
D,DISPATCH,UNIT_SCADA,1,"2019/09/05 03:25:00",BRAEMAR1,0
D,DISPATCH,UNIT_SCADA,1,"2019/09/05 03:25:00",BRAEMAR2,0
D,DISPATCH,UNIT_SCADA,1,"2019/09/05 03:25:00",BRAEMAR3,0
D,DISPATCH,UNIT_SCADA,1,"2019/09/05 03:25:00",BRAEMAR5,0
D,DISPATCH,UNIT_SCADA,1,"2019/09/05 03:25:00",BRAEMAR6,0
D,DISPATCH,UNIT_SCADA,1,"2019/09/05 03:25:00",BRAEMAR7,0
D,DISPATCH,UNIT_SCADA,1,"2019/09/05 03:25:00",BROKENH1,0
D,DISPATCH,UNIT_SCADA,1,"2019/09/05 03:25:00",BW01,529.450070
D,DISPATCH,UNIT_SCADA,1,"2019/09/05 03:25:00",BW02,584.550050
D,DISPATCH,UNIT_SCADA,1,"2019/09/05 03:25:00",BW03,595.275020
D,DISPATCH,UNIT_SCADA,1,"2019/09/05 03:25:00",BW04,0
D,DISPATCH,UNIT_SCADA,1,"2019/09/05 03:25:00",CALL_B_1,349.399990
D,DISPATCH,UNIT_SCADA,1,"2019/09/05 03:25:00",CALL_B_2,350.200010
D,DISPATCH,UNIT_SCADA,1,"2019/09/05 03:25:00",CETHANA,79.922620
D,DISPATCH,UNIT_SCADA,1,"2019/09/05 03:25:00",CG1,0
D,DISPATCH,UNIT_SCADA,1,"2019/09/05 03:25:00",CG2,0
D,DISPATCH,UNIT_SCADA,1,"2019/09/05 03:25:00",CG3,0
D,DISPATCH,UNIT_SCADA,1,"2019/09/05 03:25:00",CG4,0
D,DISPATCH,UNIT_SCADA,1,"2019/09/05 03:25:00",CHILDSF1,0
D,DISPATCH,UNIT_SCADA,1,"2019/09/05 03:25:00",CLARESF1,0
D,DISPATCH,UNIT_SCADA,1,"2019/09/05 03:25:00",CLEMGPWF,-0.360180
D,DISPATCH,UNIT_SCADA,1,"2019/09/05 03:25:00",CLERMSF1,0
D,DISPATCH,UNIT_SCADA,1,"2019/09/05 03:25:00",COLEASF1,0
D,DISPATCH,UNIT_SCADA,1,"2019/09/05 03:25:00",COOPGWF1,9.749690
D,DISPATCH,UNIT_SCADA,1,"2019/09/05 03:25:00",CPP_3,406.450010
D,DISPATCH,UNIT_SCADA,1,"2019/09/05 03:25:00",CPP_4,406.450010
D,DISPATCH,UNIT_SCADA,1,"2019/09/05 03:25:00",CPSA,142.28
D,DISPATCH,UNIT_SCADA,1,"2019/09/05 03:25:00",CROOKWF2,2.346250
D,DISPATCH,UNIT_SCADA,1,"2019/09/05 03:25:00",CROWLWF1,0.122790
D,DISPATCH,UNIT_SCADA,1,"2019/09/05 03:25:00",CSPVPS1,0
D,DISPATCH,UNIT_SCADA,1,"2019/09/05 03:25:00",DALNTH01,0
D,DISPATCH,UNIT_SCADA,1,"2019/09/05 03:25:00",DALNTHL1,4.985120
D,DISPATCH,UNIT_SCADA,1,"2019/09/05 03:25:00",DARTM1,133.600010
D,DISPATCH,UNIT_SCADA,1,"2019/09/05 03:25:00",DAYDSF1,0
D,DISPATCH,UNIT_SCADA,1,"2019/09/05 03:25:00",DDPS1,256.295840
D,DISPATCH,UNIT_SCADA,1,"2019/09/05 03:25:00",DDSF1,0
D,DISPATCH,UNIT_SCADA,1,"2019/09/05 03:25:00",DEVILS_G,56.080810
D,DISPATCH,UNIT_SCADA,1,"2019/09/05 03:25:00",DG_NSW1,0
D,DISPATCH,UNIT_SCADA,1,"2019/09/05 03:25:00",DG_QLD1,0
D,DISPATCH,UNIT_SCADA,1,"2019/09/05 03:25:00",DG_SA1,0
D,DISPATCH,UNIT_SCADA,1,"2019/09/05 03:25:00",DG_TAS1,0
D,DISPATCH,UNIT_SCADA,1,"2019/09/05 03:25:00",DG_VIC1,0
D,DISPATCH,UNIT_SCADA,1,"2019/09/05 03:25:00",DRYCGT1,0
D,DISPATCH,UNIT_SCADA,1,"2019/09/05 03:25:00",DRYCGT2,0
D,DISPATCH,UNIT_SCADA,1,"2019/09/05 03:25:00",DRYCGT3,0
D,DISPATCH,UNIT_SCADA,1,"2019/09/05 03:25:00",EILDON1,0
D,DISPATCH,UNIT_SCADA,1,"2019/09/05 03:25:00",EILDON2,0
D,DISPATCH,UNIT_SCADA,1,"2019/09/05 03:25:00",EMERASF1,0
D,DISPATCH,UNIT_SCADA,1,"2019/09/05 03:25:00",ER01,490.50
D,DISPATCH,UNIT_SCADA,1,"2019/09/05 03:25:00",ER02,489
D,DISPATCH,UNIT_SCADA,1,"2019/09/05 03:25:00",ER03,0
D,DISPATCH,UNIT_SCADA,1,"2019/09/05 03:25:00",ER04,349.75
D,DISPATCH,UNIT_SCADA,1,"2019/09/05 03:25:00",FINLYSF1,0
D,DISPATCH,UNIT_SCADA,1,"2019/09/05 03:25:00",FISHER,45.82
D,DISPATCH,UNIT_SCADA,1,"2019/09/05 03:25:00",GANNBG1,0
D,DISPATCH,UNIT_SCADA,1,"2019/09/05 03:25:00",GANNBL1,10.0078
D,DISPATCH,UNIT_SCADA,1,"2019/09/05 03:25:00",GANNSF1,0
D,DISPATCH,UNIT_SCADA,1,"2019/09/05 03:25:00",GORDON,19.472880
D,DISPATCH,UNIT_SCADA,1,"2019/09/05 03:25:00",GSTONE1,161.1750
D,DISPATCH,UNIT_SCADA,1,"2019/09/05 03:25:00",GSTONE2,167.649990
D,DISPATCH,UNIT_SCADA,1,"2019/09/05 03:25:00",GSTONE3,0
D,DISPATCH,UNIT_SCADA,1,"2019/09/05 03:25:00",GSTONE4,185.149990
D,DISPATCH,UNIT_SCADA,1,"2019/09/05 03:25:00",GSTONE5,161
D,DISPATCH,UNIT_SCADA,1,"2019/09/05 03:25:00",GSTONE6,160.649990
D,DISPATCH,UNIT_SCADA,1,"2019/09/05 03:25:00",GULLRSF1,0
D,DISPATCH,UNIT_SCADA,1,"2019/09/05 03:25:00",GULLRWF1,34.640840
D,DISPATCH,UNIT_SCADA,1,"2019/09/05 03:25:00",GUNNING1,6.202880
D,DISPATCH,UNIT_SCADA,1,"2019/09/05 03:25:00",GUTHEGA,0
D,DISPATCH,UNIT_SCADA,1,"2019/09/05 03:25:00",HALLWF1,0.03
D,DISPATCH,UNIT_SCADA,1,"2019/09/05 03:25:00",HALLWF2,-0.35
D,DISPATCH,UNIT_SCADA,1,"2019/09/05 03:25:00",HAMISF1,0
D,DISPATCH,UNIT_SCADA,1,"2019/09/05 03:25:00",HAUGHT11,0
D,DISPATCH,UNIT_SCADA,1,"2019/09/05 03:25:00",HAYMSF1,0
D,DISPATCH,UNIT_SCADA,1,"2019/09/05 03:25:00",HDWF1,14.60
D,DISPATCH,UNIT_SCADA,1,"2019/09/05 03:25:00",HDWF2,1.70
D,DISPATCH,UNIT_SCADA,1,"2019/09/05 03:25:00",HDWF3,5.10
D,DISPATCH,UNIT_SCADA,1,"2019/09/05 03:25:00",HPRG1,0
D,DISPATCH,UNIT_SCADA,1,"2019/09/05 03:25:00",HPRL1,0.20
D,DISPATCH,UNIT_SCADA,1,"2019/09/05 03:25:00",HUMENSW,0
D,DISPATCH,UNIT_SCADA,1,"2019/09/05 03:25:00",HUMEV,25.30
D,DISPATCH,UNIT_SCADA,1,"2019/09/05 03:25:00",HVGTS,0
D,DISPATCH,UNIT_SCADA,1,"2019/09/05 03:25:00",JBUTTERS,0
D,DISPATCH,UNIT_SCADA,1,"2019/09/05 03:25:00",JLA01,0.10
D,DISPATCH,UNIT_SCADA,1,"2019/09/05 03:25:00",JLA02,0
D,DISPATCH,UNIT_SCADA,1,"2019/09/05 03:25:00",JLA03,0
D,DISPATCH,UNIT_SCADA,1,"2019/09/05 03:25:00",JLA04,0
D,DISPATCH,UNIT_SCADA,1,"2019/09/05 03:25:00",JLB01,0
D,DISPATCH,UNIT_SCADA,1,"2019/09/05 03:25:00",JLB02,0.10
D,DISPATCH,UNIT_SCADA,1,"2019/09/05 03:25:00",JLB03,0
D,DISPATCH,UNIT_SCADA,1,"2019/09/05 03:25:00",KAREEYA1,21.5825
D,DISPATCH,UNIT_SCADA,1,"2019/09/05 03:25:00",KAREEYA2,21.5825
D,DISPATCH,UNIT_SCADA,1,"2019/09/05 03:25:00",KAREEYA3,0
D,DISPATCH,UNIT_SCADA,1,"2019/09/05 03:25:00",KAREEYA4,21.57
D,DISPATCH,UNIT_SCADA,1,"2019/09/05 03:25:00",KARSF1,0
D,DISPATCH,UNIT_SCADA,1,"2019/09/05 03:25:00",KIATAWF1,4.70
D,DISPATCH,UNIT_SCADA,1,"2019/09/05 03:25:00",KPP_1,0
D,DISPATCH,UNIT_SCADA,1,"2019/09/05 03:25:00",KSP1,0
D,DISPATCH,UNIT_SCADA,1,"2019/09/05 03:25:00",LADBROK1,0
D,DISPATCH,UNIT_SCADA,1,"2019/09/05 03:25:00",LADBROK2,0
D,DISPATCH,UNIT_SCADA,1,"2019/09/05 03:25:00",LD01,352.762480
D,DISPATCH,UNIT_SCADA,1,"2019/09/05 03:25:00",LD02,321.243710
D,DISPATCH,UNIT_SCADA,1,"2019/09/05 03:25:00",LD03,352.462460
D,DISPATCH,UNIT_SCADA,1,"2019/09/05 03:25:00",LD04,351.487430
D,DISPATCH,UNIT_SCADA,1,"2019/09/05 03:25:00",LEM_WIL,85.394390
D,DISPATCH,UNIT_SCADA,1,"2019/09/05 03:25:00",LGAPWF1,34.40
D,DISPATCH,UNIT_SCADA,1,"2019/09/05 03:25:00",LILYSF1,0
D,DISPATCH,UNIT_SCADA,1,"2019/09/05 03:25:00",LI_WY_CA,143.337890
D,DISPATCH,UNIT_SCADA,1,"2019/09/05 03:25:00",LKBONNY2,19.692490
D,DISPATCH,UNIT_SCADA,1,"2019/09/05 03:25:00",LKBONNY3,6.363710
D,DISPATCH,UNIT_SCADA,1,"2019/09/05 03:25:00",LK_ECHO,0
D,DISPATCH,UNIT_SCADA,1,"2019/09/05 03:25:00",LNGS1,0
D,DISPATCH,UNIT_SCADA,1,"2019/09/05 03:25:00",LNGS2,0
D,DISPATCH,UNIT_SCADA,1,"2019/09/05 03:25:00",LONSDALE,0
D,DISPATCH,UNIT_SCADA,1,"2019/09/05 03:25:00",LOYYB1,535.712650
D,DISPATCH,UNIT_SCADA,1,"2019/09/05 03:25:00",LOYYB2,584.210140
D,DISPATCH,UNIT_SCADA,1,"2019/09/05 03:25:00",LYA1,0
D,DISPATCH,UNIT_SCADA,1,"2019/09/05 03:25:00",LYA2,0
D,DISPATCH,UNIT_SCADA,1,"2019/09/05 03:25:00",LYA3,559
D,DISPATCH,UNIT_SCADA,1,"2019/09/05 03:25:00",LYA4,540
D,DISPATCH,UNIT_SCADA,1,"2019/09/05 03:25:00",MACARTH1,49.898850
D,DISPATCH,UNIT_SCADA,1,"2019/09/05 03:25:00",MACKAYGT,0.2240
D,DISPATCH,UNIT_SCADA,1,"2019/09/05 03:25:00",MACKNTSH,88.820010
D,DISPATCH,UNIT_SCADA,1,"2019/09/05 03:25:00",MANSLR1,0
D,DISPATCH,UNIT_SCADA,1,"2019/09/05 03:25:00",MCKAY1,0.02
D,DISPATCH,UNIT_SCADA,1,"2019/09/05 03:25:00",MEADOWBK,25.1504
D,DISPATCH,UNIT_SCADA,1,"2019/09/05 03:25:00",MERCER01,16.56
D,DISPATCH,UNIT_SCADA,1,"2019/09/05 03:25:00",MEWF1,60.745730
D,DISPATCH,UNIT_SCADA,1,"2019/09/05 03:25:00",MINTARO,0
D,DISPATCH,UNIT_SCADA,1,"2019/09/05 03:25:00",MOREESF1,0
D,DISPATCH,UNIT_SCADA,1,"2019/09/05 03:25:00",MORTLK11,133
D,DISPATCH,UNIT_SCADA,1,"2019/09/05 03:25:00",MORTLK12,0
D,DISPATCH,UNIT_SCADA,1,"2019/09/05 03:25:00",MP1,222.424990
D,DISPATCH,UNIT_SCADA,1,"2019/09/05 03:25:00",MP2,0
D,DISPATCH,UNIT_SCADA,1,"2019/09/05 03:25:00",MPP_1,398.50
D,DISPATCH,UNIT_SCADA,1,"2019/09/05 03:25:00",MPP_2,434.75
D,DISPATCH,UNIT_SCADA,1,"2019/09/05 03:25:00",MSTUART1,0
D,DISPATCH,UNIT_SCADA,1,"2019/09/05 03:25:00",MSTUART2,0
D,DISPATCH,UNIT_SCADA,1,"2019/09/05 03:25:00",MSTUART3,0
D,DISPATCH,UNIT_SCADA,1,"2019/09/05 03:25:00",MTGELWF1,13.339640
D,DISPATCH,UNIT_SCADA,1,"2019/09/05 03:25:00",MURRAY,0
D,DISPATCH,UNIT_SCADA,1,"2019/09/05 03:25:00",MUSSELR1,32.70
D,DISPATCH,UNIT_SCADA,1,"2019/09/05 03:25:00",MUWAWF1,3.59
D,DISPATCH,UNIT_SCADA,1,"2019/09/05 03:25:00",NBHWF1,3.10
D,DISPATCH,UNIT_SCADA,1,"2019/09/05 03:25:00",NPS,100.8750
D,DISPATCH,UNIT_SCADA,1,"2019/09/05 03:25:00",NUMURSF1,0
D,DISPATCH,UNIT_SCADA,1,"2019/09/05 03:25:00",NYNGAN1,0
D,DISPATCH,UNIT_SCADA,1,"2019/09/05 03:25:00",OAKEY1,0
D,DISPATCH,UNIT_SCADA,1,"2019/09/05 03:25:00",OAKEY1SF,0
D,DISPATCH,UNIT_SCADA,1,"2019/09/05 03:25:00",OAKEY2,0
D,DISPATCH,UNIT_SCADA,1,"2019/09/05 03:25:00",OAKEY2SF,0
D,DISPATCH,UNIT_SCADA,1,"2019/09/05 03:25:00",OAKLAND1,2.10
D,DISPATCH,UNIT_SCADA,1,"2019/09/05 03:25:00",OSB-AG,180.739990
D,DISPATCH,UNIT_SCADA,1,"2019/09/05 03:25:00",PARSF1,0
D,DISPATCH,UNIT_SCADA,1,"2019/09/05 03:25:00",POAT110,0
D,DISPATCH,UNIT_SCADA,1,"2019/09/05 03:25:00",POAT220,3.53
D,DISPATCH,UNIT_SCADA,1,"2019/09/05 03:25:00",POR01,0
D,DISPATCH,UNIT_SCADA,1,"2019/09/05 03:25:00",POR03,0
D,DISPATCH,UNIT_SCADA,1,"2019/09/05 03:25:00",PPCCGT,356.092680
D,DISPATCH,UNIT_SCADA,1,"2019/09/05 03:25:00",PTSTAN1,0
D,DISPATCH,UNIT_SCADA,1,"2019/09/05 03:25:00",PUMP1,0
D,DISPATCH,UNIT_SCADA,1,"2019/09/05 03:25:00",PUMP2,0
D,DISPATCH,UNIT_SCADA,1,"2019/09/05 03:25:00",QPS1,0
D,DISPATCH,UNIT_SCADA,1,"2019/09/05 03:25:00",QPS2,0
D,DISPATCH,UNIT_SCADA,1,"2019/09/05 03:25:00",QPS3,0
D,DISPATCH,UNIT_SCADA,1,"2019/09/05 03:25:00",QPS4,0
D,DISPATCH,UNIT_SCADA,1,"2019/09/05 03:25:00",QPS5,0
D,DISPATCH,UNIT_SCADA,1,"2019/09/05 03:25:00",REECE1,102.540010
D,DISPATCH,UNIT_SCADA,1,"2019/09/05 03:25:00",REECE2,101.13
D,DISPATCH,UNIT_SCADA,1,"2019/09/05 03:25:00",ROMA_7,0
D,DISPATCH,UNIT_SCADA,1,"2019/09/05 03:25:00",ROMA_8,0
D,DISPATCH,UNIT_SCADA,1,"2019/09/05 03:25:00",RRSF1,0
D,DISPATCH,UNIT_SCADA,1,"2019/09/05 03:25:00",RT_NSW1,0
D,DISPATCH,UNIT_SCADA,1,"2019/09/05 03:25:00",RT_NSW2,0
D,DISPATCH,UNIT_SCADA,1,"2019/09/05 03:25:00",RT_NSW3,0
D,DISPATCH,UNIT_SCADA,1,"2019/09/05 03:25:00",RT_NSW4,0
D,DISPATCH,UNIT_SCADA,1,"2019/09/05 03:25:00",RT_NSW5,0
D,DISPATCH,UNIT_SCADA,1,"2019/09/05 03:25:00",RT_NSW6,0
D,DISPATCH,UNIT_SCADA,1,"2019/09/05 03:25:00",RT_QLD1,0
D,DISPATCH,UNIT_SCADA,1,"2019/09/05 03:25:00",RT_SA1,0
D,DISPATCH,UNIT_SCADA,1,"2019/09/05 03:25:00",RT_SA2,0
D,DISPATCH,UNIT_SCADA,1,"2019/09/05 03:25:00",RT_SA3,0
D,DISPATCH,UNIT_SCADA,1,"2019/09/05 03:25:00",RT_SA4,0
D,DISPATCH,UNIT_SCADA,1,"2019/09/05 03:25:00",RT_SA5,0
D,DISPATCH,UNIT_SCADA,1,"2019/09/05 03:25:00",RT_SA6,0
D,DISPATCH,UNIT_SCADA,1,"2019/09/05 03:25:00",RT_TAS1,0
D,DISPATCH,UNIT_SCADA,1,"2019/09/05 03:25:00",RT_VIC1,0
D,DISPATCH,UNIT_SCADA,1,"2019/09/05 03:25:00",RT_VIC10,0
D,DISPATCH,UNIT_SCADA,1,"2019/09/05 03:25:00",RT_VIC11,0
D,DISPATCH,UNIT_SCADA,1,"2019/09/05 03:25:00",RT_VIC12,0
D,DISPATCH,UNIT_SCADA,1,"2019/09/05 03:25:00",RT_VIC2,0
D,DISPATCH,UNIT_SCADA,1,"2019/09/05 03:25:00",RT_VIC3,0
D,DISPATCH,UNIT_SCADA,1,"2019/09/05 03:25:00",RT_VIC4,0
D,DISPATCH,UNIT_SCADA,1,"2019/09/05 03:25:00",RT_VIC5,0
D,DISPATCH,UNIT_SCADA,1,"2019/09/05 03:25:00",RT_VIC6,0
D,DISPATCH,UNIT_SCADA,1,"2019/09/05 03:25:00",RT_VIC7,0
D,DISPATCH,UNIT_SCADA,1,"2019/09/05 03:25:00",RT_VIC8,0
D,DISPATCH,UNIT_SCADA,1,"2019/09/05 03:25:00",RT_VIC9,0
D,DISPATCH,UNIT_SCADA,1,"2019/09/05 03:25:00",RUGBYR1,0
D,DISPATCH,UNIT_SCADA,1,"2019/09/05 03:25:00",SALTCRK1,6.67
D,DISPATCH,UNIT_SCADA,1,"2019/09/05 03:25:00",SAPHWF1,-2.315610
D,DISPATCH,UNIT_SCADA,1,"2019/09/05 03:25:00",SHGEN,0
D,DISPATCH,UNIT_SCADA,1,"2019/09/05 03:25:00",SHPUMP,158.152070
D,DISPATCH,UNIT_SCADA,1,"2019/09/05 03:25:00",SITHE01,0.194050
D,DISPATCH,UNIT_SCADA,1,"2019/09/05 03:25:00",SMCSF1,0
D,DISPATCH,UNIT_SCADA,1,"2019/09/05 03:25:00",SNOWNTH1,7.90
D,DISPATCH,UNIT_SCADA,1,"2019/09/05 03:25:00",SNOWSTH1,14.10
D,DISPATCH,UNIT_SCADA,1,"2019/09/05 03:25:00",SNOWTWN1,0.740370
D,DISPATCH,UNIT_SCADA,1,"2019/09/05 03:25:00",SNOWYP,0
D,DISPATCH,UNIT_SCADA,1,"2019/09/05 03:25:00",SNUG1,0.019440
D,DISPATCH,UNIT_SCADA,1,"2019/09/05 03:25:00",SRSF1,0
D,DISPATCH,UNIT_SCADA,1,"2019/09/05 03:25:00",STAN-1,219.440730
D,DISPATCH,UNIT_SCADA,1,"2019/09/05 03:25:00",STAN-2,248.524320
D,DISPATCH,UNIT_SCADA,1,"2019/09/05 03:25:00",STAN-3,248.601230
D,DISPATCH,UNIT_SCADA,1,"2019/09/05 03:25:00",STAN-4,249.742020
D,DISPATCH,UNIT_SCADA,1,"2019/09/05 03:25:00",STWF1,175.140010
D,DISPATCH,UNIT_SCADA,1,"2019/09/05 03:25:00",SWAN_E,0
D,DISPATCH,UNIT_SCADA,1,"2019/09/05 03:25:00",TALWA1,409
D,DISPATCH,UNIT_SCADA,1,"2019/09/05 03:25:00",TARALGA1,47.223750
D,DISPATCH,UNIT_SCADA,1,"2019/09/05 03:25:00",TARONG#1,273.800020
D,DISPATCH,UNIT_SCADA,1,"2019/09/05 03:25:00",TARONG#2,0
D,DISPATCH,UNIT_SCADA,1,"2019/09/05 03:25:00",TARONG#3,261
D,DISPATCH,UNIT_SCADA,1,"2019/09/05 03:25:00",TARONG#4,274.800020
D,DISPATCH,UNIT_SCADA,1,"2019/09/05 03:25:00",TARRALEA,71
D,DISPATCH,UNIT_SCADA,1,"2019/09/05 03:25:00",TBSF1,-0.20
D,DISPATCH,UNIT_SCADA,1,"2019/09/05 03:25:00",TNPS1,379.600010
D,DISPATCH,UNIT_SCADA,1,"2019/09/05 03:25:00",TORRA1,41.606110
D,DISPATCH,UNIT_SCADA,1,"2019/09/05 03:25:00",TORRA2,0
D,DISPATCH,UNIT_SCADA,1,"2019/09/05 03:25:00",TORRA3,0
D,DISPATCH,UNIT_SCADA,1,"2019/09/05 03:25:00",TORRA4,41.181540
D,DISPATCH,UNIT_SCADA,1,"2019/09/05 03:25:00",TORRB1,60.99
D,DISPATCH,UNIT_SCADA,1,"2019/09/05 03:25:00",TORRB2,60.95
D,DISPATCH,UNIT_SCADA,1,"2019/09/05 03:25:00",TORRB3,60.88
D,DISPATCH,UNIT_SCADA,1,"2019/09/05 03:25:00",TORRB4,0
D,DISPATCH,UNIT_SCADA,1,"2019/09/05 03:25:00",TREVALLN,2.20
D,DISPATCH,UNIT_SCADA,1,"2019/09/05 03:25:00",TRIBUTE,0
D,DISPATCH,UNIT_SCADA,1,"2019/09/05 03:25:00",TUMUT3,0
D,DISPATCH,UNIT_SCADA,1,"2019/09/05 03:25:00",TUNGATIN,122.490030
D,DISPATCH,UNIT_SCADA,1,"2019/09/05 03:25:00",TVCC201,0
D,DISPATCH,UNIT_SCADA,1,"2019/09/05 03:25:00",TVPP104,0
D,DISPATCH,UNIT_SCADA,1,"2019/09/05 03:25:00",UPPTUMUT,0
D,DISPATCH,UNIT_SCADA,1,"2019/09/05 03:25:00",URANQ11,0
D,DISPATCH,UNIT_SCADA,1,"2019/09/05 03:25:00",URANQ12,0
D,DISPATCH,UNIT_SCADA,1,"2019/09/05 03:25:00",URANQ13,0
D,DISPATCH,UNIT_SCADA,1,"2019/09/05 03:25:00",URANQ14,0
D,DISPATCH,UNIT_SCADA,1,"2019/09/05 03:25:00",VP5,629
D,DISPATCH,UNIT_SCADA,1,"2019/09/05 03:25:00",VP6,0
D,DISPATCH,UNIT_SCADA,1,"2019/09/05 03:25:00",VPGS1,0
D,DISPATCH,UNIT_SCADA,1,"2019/09/05 03:25:00",VPGS2,0
D,DISPATCH,UNIT_SCADA,1,"2019/09/05 03:25:00",VPGS3,0
D,DISPATCH,UNIT_SCADA,1,"2019/09/05 03:25:00",VPGS4,0
D,DISPATCH,UNIT_SCADA,1,"2019/09/05 03:25:00",VPGS5,0
D,DISPATCH,UNIT_SCADA,1,"2019/09/05 03:25:00",VPGS6,0
D,DISPATCH,UNIT_SCADA,1,"2019/09/05 03:25:00",W/HOE#1,0
D,DISPATCH,UNIT_SCADA,1,"2019/09/05 03:25:00",W/HOE#2,0
D,DISPATCH,UNIT_SCADA,1,"2019/09/05 03:25:00",WATERLWF,-0.90
D,DISPATCH,UNIT_SCADA,1,"2019/09/05 03:25:00",WEMENSF1,0
D,DISPATCH,UNIT_SCADA,1,"2019/09/05 03:25:00",WGWF1,0
D,DISPATCH,UNIT_SCADA,1,"2019/09/05 03:25:00",WHITSF1,0
D,DISPATCH,UNIT_SCADA,1,"2019/09/05 03:25:00",WKIEWA1,17
D,DISPATCH,UNIT_SCADA,1,"2019/09/05 03:25:00",WKIEWA2,17.10
D,DISPATCH,UNIT_SCADA,1,"2019/09/05 03:25:00",WOODLWN1,12.1860
D,DISPATCH,UNIT_SCADA,1,"2019/09/05 03:25:00",WRSF1,0
D,DISPATCH,UNIT_SCADA,1,"2019/09/05 03:25:00",WRWF1,6.588750
D,DISPATCH,UNIT_SCADA,1,"2019/09/05 03:25:00",YABULU,0
D,DISPATCH,UNIT_SCADA,1,"2019/09/05 03:25:00",YABULU2,0
D,DISPATCH,UNIT_SCADA,1,"2019/09/05 03:25:00",YARWUN_1,167.53
D,DISPATCH,UNIT_SCADA,1,"2019/09/05 03:25:00",YENDWF1,-0.62
D,DISPATCH,UNIT_SCADA,1,"2019/09/05 03:25:00",YWPS1,380.701260
D,DISPATCH,UNIT_SCADA,1,"2019/09/05 03:25:00",YWPS2,279.445560
D,DISPATCH,UNIT_SCADA,1,"2019/09/05 03:25:00",YWPS3,319.869630
D,DISPATCH,UNIT_SCADA,1,"2019/09/05 03:25:00",YWPS4,386.487340
C,"END OF REPORT",335
