C,NEMP.WORLD,DISPATCHSCADA,AEMO,PUBLIC,2019/08/20,08:10:07,0000000311777853,DISPATCHSCADA,0000000311777847
I,DISPATCH,UNIT_SCADA,1,SETTLEMENTDATE,DUID,SCADAVALUE
D,DISPATCH,UNIT_SCADA,1,"2019/08/20 08:15:00",BARCSF1,17.400002
D,DISPATCH,UNIT_SCADA,1,"2019/08/20 08:15:00",BUTLERSG,9.699999
D,DISPATCH,UNIT_SCADA,1,"2019/08/20 08:15:00",CALL_A_4,0
D,DISPATCH,UNIT_SCADA,1,"2019/08/20 08:15:00",CAPTL_WF,128.783997
D,DISPATCH,UNIT_SCADA,1,"2019/08/20 08:15:00",CATHROCK,50.349998
D,DISPATCH,UNIT_SCADA,1,"2019/08/20 08:15:00",CHALLHWF,17.299999
D,DISPATCH,UNIT_SCADA,1,"2019/08/20 08:15:00",CLOVER,-0.01
D,DISPATCH,UNIT_SCADA,1,"2019/08/20 08:15:00",CLUNY,15.810941
D,DISPATCH,UNIT_SCADA,1,"2019/08/20 08:15:00",CNUNDAWF,39.746365
D,DISPATCH,UNIT_SCADA,1,"2019/08/20 08:15:00",CULLRGWF,30.48
D,DISPATCH,UNIT_SCADA,1,"2019/08/20 08:15:00",ERGT01,0
D,DISPATCH,UNIT_SCADA,1,"2019/08/20 08:15:00",GB01,0.054806
D,DISPATCH,UNIT_SCADA,1,"2019/08/20 08:15:00",GERMCRK,37.700001
D,DISPATCH,UNIT_SCADA,1,"2019/08/20 08:15:00",GRIFSF1,9.599998
D,DISPATCH,UNIT_SCADA,1,"2019/08/20 08:15:00",HUGSF1,8.3160
D,DISPATCH,UNIT_SCADA,1,"2019/08/20 08:15:00",LKBONNY1,70.197159
D,DISPATCH,UNIT_SCADA,1,"2019/08/20 08:15:00",LRSF1,11.9180
D,DISPATCH,UNIT_SCADA,1,"2019/08/20 08:15:00",MBAHNTH,55.762497
D,DISPATCH,UNIT_SCADA,1,"2019/08/20 08:15:00",MLSP1,4.711001
D,DISPATCH,UNIT_SCADA,1,"2019/08/20 08:15:00",MLWF1,19.619999
D,DISPATCH,UNIT_SCADA,1,"2019/08/20 08:15:00",MTMILLAR,15.262130
D,DISPATCH,UNIT_SCADA,1,"2019/08/20 08:15:00",PALOONA,23.66
D,DISPATCH,UNIT_SCADA,1,"2019/08/20 08:15:00",PIONEER,10.30
D,DISPATCH,UNIT_SCADA,1,"2019/08/20 08:15:00",PORTWF,137.199997
D,DISPATCH,UNIT_SCADA,1,"2019/08/20 08:15:00",REPULSE,28.669260
D,DISPATCH,UNIT_SCADA,1,"2019/08/20 08:15:00",ROWALLAN,9.9897
D,DISPATCH,UNIT_SCADA,1,"2019/08/20 08:15:00",ROYALLA1,9.696001
D,DISPATCH,UNIT_SCADA,1,"2019/08/20 08:15:00",RPCG,13.60
D,DISPATCH,UNIT_SCADA,1,"2019/08/20 08:15:00",RUBICON,0
D,DISPATCH,UNIT_SCADA,1,"2019/08/20 08:15:00",SATGN1,0
D,DISPATCH,UNIT_SCADA,1,"2019/08/20 08:15:00",SATGS1,0
D,DISPATCH,UNIT_SCADA,1,"2019/08/20 08:15:00",STARHLWF,15.895365
D,DISPATCH,UNIT_SCADA,1,"2019/08/20 08:15:00",WAUBRAWF,106.875999
D,DISPATCH,UNIT_SCADA,1,"2019/08/20 08:15:00",WOOLNTH1,136.510010
D,DISPATCH,UNIT_SCADA,1,"2019/08/20 08:15:00",WPWF,46
D,DISPATCH,UNIT_SCADA,1,"2019/08/20 08:15:00",YAMBUKWF,19.299999
D,DISPATCH,UNIT_SCADA,1,"2019/08/20 08:15:00",YSWF1,28.90
D,DISPATCH,UNIT_SCADA,1,"2019/08/20 08:15:00",AGLHAL,0
D,DISPATCH,UNIT_SCADA,1,"2019/08/20 08:15:00",AGLSOM,0
D,DISPATCH,UNIT_SCADA,1,"2019/08/20 08:15:00",ANGAST1,0
D,DISPATCH,UNIT_SCADA,1,"2019/08/20 08:15:00",ARWF1,46.90
D,DISPATCH,UNIT_SCADA,1,"2019/08/20 08:15:00",BALBG1,0
D,DISPATCH,UNIT_SCADA,1,"2019/08/20 08:15:00",BALBL1,0
D,DISPATCH,UNIT_SCADA,1,"2019/08/20 08:15:00",BALDHWF1,102.2720
D,DISPATCH,UNIT_SCADA,1,"2019/08/20 08:15:00",BANN1,6.43
D,DISPATCH,UNIT_SCADA,1,"2019/08/20 08:15:00",BARCALDN,0
D,DISPATCH,UNIT_SCADA,1,"2019/08/20 08:15:00",BARRON-1,0
D,DISPATCH,UNIT_SCADA,1,"2019/08/20 08:15:00",BARRON-2,27.72
D,DISPATCH,UNIT_SCADA,1,"2019/08/20 08:15:00",BASTYAN,79.970010
D,DISPATCH,UNIT_SCADA,1,"2019/08/20 08:15:00",BBTHREE1,-1.95
D,DISPATCH,UNIT_SCADA,1,"2019/08/20 08:15:00",BBTHREE2,-2
D,DISPATCH,UNIT_SCADA,1,"2019/08/20 08:15:00",BBTHREE3,-1.05
D,DISPATCH,UNIT_SCADA,1,"2019/08/20 08:15:00",BDL01,39.60
D,DISPATCH,UNIT_SCADA,1,"2019/08/20 08:15:00",BDL02,39.06
D,DISPATCH,UNIT_SCADA,1,"2019/08/20 08:15:00",BERYLSF1,53.059130
D,DISPATCH,UNIT_SCADA,1,"2019/08/20 08:15:00",BLOWERNG,0
D,DISPATCH,UNIT_SCADA,1,"2019/08/20 08:15:00",BLUFF1,16.30
D,DISPATCH,UNIT_SCADA,1,"2019/08/20 08:15:00",BNGSF1,24.55
D,DISPATCH,UNIT_SCADA,1,"2019/08/20 08:15:00",BNGSF2,8.77
D,DISPATCH,UNIT_SCADA,1,"2019/08/20 08:15:00",BOCORWF1,78.75
D,DISPATCH,UNIT_SCADA,1,"2019/08/20 08:15:00",BODWF1,19.370250
D,DISPATCH,UNIT_SCADA,1,"2019/08/20 08:15:00",BRAEMAR1,0
D,DISPATCH,UNIT_SCADA,1,"2019/08/20 08:15:00",BRAEMAR2,0
D,DISPATCH,UNIT_SCADA,1,"2019/08/20 08:15:00",BRAEMAR3,0
D,DISPATCH,UNIT_SCADA,1,"2019/08/20 08:15:00",BRAEMAR5,0
D,DISPATCH,UNIT_SCADA,1,"2019/08/20 08:15:00",BRAEMAR6,0
D,DISPATCH,UNIT_SCADA,1,"2019/08/20 08:15:00",BRAEMAR7,0
D,DISPATCH,UNIT_SCADA,1,"2019/08/20 08:15:00",BROKENH1,15.564450
D,DISPATCH,UNIT_SCADA,1,"2019/08/20 08:15:00",BW01,620.025020
D,DISPATCH,UNIT_SCADA,1,"2019/08/20 08:15:00",BW02,640.224980
D,DISPATCH,UNIT_SCADA,1,"2019/08/20 08:15:00",BW03,628.8750
D,DISPATCH,UNIT_SCADA,1,"2019/08/20 08:15:00",BW04,0
D,DISPATCH,UNIT_SCADA,1,"2019/08/20 08:15:00",CALL_B_1,350.300020
D,DISPATCH,UNIT_SCADA,1,"2019/08/20 08:15:00",CALL_B_2,289.50
D,DISPATCH,UNIT_SCADA,1,"2019/08/20 08:15:00",CETHANA,92.4365
D,DISPATCH,UNIT_SCADA,1,"2019/08/20 08:15:00",CG1,0
D,DISPATCH,UNIT_SCADA,1,"2019/08/20 08:15:00",CG2,0
D,DISPATCH,UNIT_SCADA,1,"2019/08/20 08:15:00",CG3,0
D,DISPATCH,UNIT_SCADA,1,"2019/08/20 08:15:00",CG4,0
D,DISPATCH,UNIT_SCADA,1,"2019/08/20 08:15:00",CHILDSF1,40.08
D,DISPATCH,UNIT_SCADA,1,"2019/08/20 08:15:00",CLARESF1,35.799040
D,DISPATCH,UNIT_SCADA,1,"2019/08/20 08:15:00",CLEMGPWF,2.089020
D,DISPATCH,UNIT_SCADA,1,"2019/08/20 08:15:00",CLERMSF1,15.13
D,DISPATCH,UNIT_SCADA,1,"2019/08/20 08:15:00",COLEASF1,16.10
D,DISPATCH,UNIT_SCADA,1,"2019/08/20 08:15:00",COOPGWF1,25.373540
D,DISPATCH,UNIT_SCADA,1,"2019/08/20 08:15:00",CPP_3,407.274990
D,DISPATCH,UNIT_SCADA,1,"2019/08/20 08:15:00",CPP_4,284.350010
D,DISPATCH,UNIT_SCADA,1,"2019/08/20 08:15:00",CPSA,143.143130
D,DISPATCH,UNIT_SCADA,1,"2019/08/20 08:15:00",CROOKWF2,79.5150
D,DISPATCH,UNIT_SCADA,1,"2019/08/20 08:15:00",CROWLWF1,23.8080
D,DISPATCH,UNIT_SCADA,1,"2019/08/20 08:15:00",CSPVPS1,16.2650
D,DISPATCH,UNIT_SCADA,1,"2019/08/20 08:15:00",DALNTH01,0
D,DISPATCH,UNIT_SCADA,1,"2019/08/20 08:15:00",DALNTHL1,0.001530
D,DISPATCH,UNIT_SCADA,1,"2019/08/20 08:15:00",DARTM1,134.70
D,DISPATCH,UNIT_SCADA,1,"2019/08/20 08:15:00",DAYDSF1,100.0810
D,DISPATCH,UNIT_SCADA,1,"2019/08/20 08:15:00",DDPS1,0
D,DISPATCH,UNIT_SCADA,1,"2019/08/20 08:15:00",DDSF1,60.997630
D,DISPATCH,UNIT_SCADA,1,"2019/08/20 08:15:00",DEVILS_G,0
D,DISPATCH,UNIT_SCADA,1,"2019/08/20 08:15:00",DG_NSW1,0
D,DISPATCH,UNIT_SCADA,1,"2019/08/20 08:15:00",DG_QLD1,0
D,DISPATCH,UNIT_SCADA,1,"2019/08/20 08:15:00",DG_SA1,0
D,DISPATCH,UNIT_SCADA,1,"2019/08/20 08:15:00",DG_TAS1,0
D,DISPATCH,UNIT_SCADA,1,"2019/08/20 08:15:00",DG_VIC1,0
D,DISPATCH,UNIT_SCADA,1,"2019/08/20 08:15:00",DRYCGT1,0
D,DISPATCH,UNIT_SCADA,1,"2019/08/20 08:15:00",DRYCGT2,0
D,DISPATCH,UNIT_SCADA,1,"2019/08/20 08:15:00",DRYCGT3,0
D,DISPATCH,UNIT_SCADA,1,"2019/08/20 08:15:00",EILDON1,0
D,DISPATCH,UNIT_SCADA,1,"2019/08/20 08:15:00",EILDON2,0
D,DISPATCH,UNIT_SCADA,1,"2019/08/20 08:15:00",EMERASF1,50.90
D,DISPATCH,UNIT_SCADA,1,"2019/08/20 08:15:00",ER01,581.599980
D,DISPATCH,UNIT_SCADA,1,"2019/08/20 08:15:00",ER02,687.900020
D,DISPATCH,UNIT_SCADA,1,"2019/08/20 08:15:00",ER03,686.3750
D,DISPATCH,UNIT_SCADA,1,"2019/08/20 08:15:00",ER04,687.775020
D,DISPATCH,UNIT_SCADA,1,"2019/08/20 08:15:00",FINLYSF1,0
D,DISPATCH,UNIT_SCADA,1,"2019/08/20 08:15:00",FISHER,45.82
D,DISPATCH,UNIT_SCADA,1,"2019/08/20 08:15:00",GANNBG1,0
D,DISPATCH,UNIT_SCADA,1,"2019/08/20 08:15:00",GANNBL1,0
D,DISPATCH,UNIT_SCADA,1,"2019/08/20 08:15:00",GANNSF1,5.10
D,DISPATCH,UNIT_SCADA,1,"2019/08/20 08:15:00",GORDON,108.99
D,DISPATCH,UNIT_SCADA,1,"2019/08/20 08:15:00",GSTONE1,186.55
D,DISPATCH,UNIT_SCADA,1,"2019/08/20 08:15:00",GSTONE2,222.4250
D,DISPATCH,UNIT_SCADA,1,"2019/08/20 08:15:00",GSTONE3,187.599990
D,DISPATCH,UNIT_SCADA,1,"2019/08/20 08:15:00",GSTONE4,204.5750
D,DISPATCH,UNIT_SCADA,1,"2019/08/20 08:15:00",GSTONE5,186.899990
D,DISPATCH,UNIT_SCADA,1,"2019/08/20 08:15:00",GSTONE6,0
D,DISPATCH,UNIT_SCADA,1,"2019/08/20 08:15:00",GULLRSF1,1.515470
D,DISPATCH,UNIT_SCADA,1,"2019/08/20 08:15:00",GULLRWF1,134.201320
D,DISPATCH,UNIT_SCADA,1,"2019/08/20 08:15:00",GUNNING1,45.586720
D,DISPATCH,UNIT_SCADA,1,"2019/08/20 08:15:00",GUTHEGA,0
D,DISPATCH,UNIT_SCADA,1,"2019/08/20 08:15:00",HALLWF1,83.59
D,DISPATCH,UNIT_SCADA,1,"2019/08/20 08:15:00",HALLWF2,61.83
D,DISPATCH,UNIT_SCADA,1,"2019/08/20 08:15:00",HAMISF1,38.90
D,DISPATCH,UNIT_SCADA,1,"2019/08/20 08:15:00",HAUGHT11,50.049020
D,DISPATCH,UNIT_SCADA,1,"2019/08/20 08:15:00",HAYMSF1,35.4830
D,DISPATCH,UNIT_SCADA,1,"2019/08/20 08:15:00",HDWF1,32.30
D,DISPATCH,UNIT_SCADA,1,"2019/08/20 08:15:00",HDWF2,13.60
D,DISPATCH,UNIT_SCADA,1,"2019/08/20 08:15:00",HDWF3,27.60
D,DISPATCH,UNIT_SCADA,1,"2019/08/20 08:15:00",HPRG1,0.40
D,DISPATCH,UNIT_SCADA,1,"2019/08/20 08:15:00",HPRL1,0
D,DISPATCH,UNIT_SCADA,1,"2019/08/20 08:15:00",HUMENSW,0
D,DISPATCH,UNIT_SCADA,1,"2019/08/20 08:15:00",HUMEV,7.90
D,DISPATCH,UNIT_SCADA,1,"2019/08/20 08:15:00",HVGTS,0
D,DISPATCH,UNIT_SCADA,1,"2019/08/20 08:15:00",JBUTTERS,138.67
D,DISPATCH,UNIT_SCADA,1,"2019/08/20 08:15:00",JLA01,0.50
D,DISPATCH,UNIT_SCADA,1,"2019/08/20 08:15:00",JLA02,54
D,DISPATCH,UNIT_SCADA,1,"2019/08/20 08:15:00",JLA03,0.10
D,DISPATCH,UNIT_SCADA,1,"2019/08/20 08:15:00",JLA04,0.10
D,DISPATCH,UNIT_SCADA,1,"2019/08/20 08:15:00",JLB01,0
D,DISPATCH,UNIT_SCADA,1,"2019/08/20 08:15:00",JLB02,83.60
D,DISPATCH,UNIT_SCADA,1,"2019/08/20 08:15:00",JLB03,83.80
D,DISPATCH,UNIT_SCADA,1,"2019/08/20 08:15:00",KAREEYA1,21.4525
D,DISPATCH,UNIT_SCADA,1,"2019/08/20 08:15:00",KAREEYA2,21.6075
D,DISPATCH,UNIT_SCADA,1,"2019/08/20 08:15:00",KAREEYA3,0
D,DISPATCH,UNIT_SCADA,1,"2019/08/20 08:15:00",KAREEYA4,21.7025
D,DISPATCH,UNIT_SCADA,1,"2019/08/20 08:15:00",KARSF1,35.60
D,DISPATCH,UNIT_SCADA,1,"2019/08/20 08:15:00",KIATAWF1,30.90
D,DISPATCH,UNIT_SCADA,1,"2019/08/20 08:15:00",KPP_1,0
D,DISPATCH,UNIT_SCADA,1,"2019/08/20 08:15:00",KSP1,38.96
D,DISPATCH,UNIT_SCADA,1,"2019/08/20 08:15:00",LADBROK1,42.65
D,DISPATCH,UNIT_SCADA,1,"2019/08/20 08:15:00",LADBROK2,43.35
D,DISPATCH,UNIT_SCADA,1,"2019/08/20 08:15:00",LD01,427.087460
D,DISPATCH,UNIT_SCADA,1,"2019/08/20 08:15:00",LD02,420.131290
D,DISPATCH,UNIT_SCADA,1,"2019/08/20 08:15:00",LD03,406.462550
D,DISPATCH,UNIT_SCADA,1,"2019/08/20 08:15:00",LD04,383.9812
D,DISPATCH,UNIT_SCADA,1,"2019/08/20 08:15:00",LEM_WIL,85.6087
D,DISPATCH,UNIT_SCADA,1,"2019/08/20 08:15:00",LGAPWF1,11.15
D,DISPATCH,UNIT_SCADA,1,"2019/08/20 08:15:00",LILYSF1,72.876020
D,DISPATCH,UNIT_SCADA,1,"2019/08/20 08:15:00",LI_WY_CA,147.746860
D,DISPATCH,UNIT_SCADA,1,"2019/08/20 08:15:00",LKBONNY2,149.731690
D,DISPATCH,UNIT_SCADA,1,"2019/08/20 08:15:00",LKBONNY3,38.461370
D,DISPATCH,UNIT_SCADA,1,"2019/08/20 08:15:00",LK_ECHO,0
D,DISPATCH,UNIT_SCADA,1,"2019/08/20 08:15:00",LNGS1,0
D,DISPATCH,UNIT_SCADA,1,"2019/08/20 08:15:00",LNGS2,0
D,DISPATCH,UNIT_SCADA,1,"2019/08/20 08:15:00",LONSDALE,0
D,DISPATCH,UNIT_SCADA,1,"2019/08/20 08:15:00",LOYYB1,536.088620
D,DISPATCH,UNIT_SCADA,1,"2019/08/20 08:15:00",LOYYB2,583.458250
D,DISPATCH,UNIT_SCADA,1,"2019/08/20 08:15:00",LYA1,559
D,DISPATCH,UNIT_SCADA,1,"2019/08/20 08:15:00",LYA2,0
D,DISPATCH,UNIT_SCADA,1,"2019/08/20 08:15:00",LYA3,560
D,DISPATCH,UNIT_SCADA,1,"2019/08/20 08:15:00",LYA4,541
D,DISPATCH,UNIT_SCADA,1,"2019/08/20 08:15:00",MACARTH1,363.991610
D,DISPATCH,UNIT_SCADA,1,"2019/08/20 08:15:00",MACKAYGT,0
D,DISPATCH,UNIT_SCADA,1,"2019/08/20 08:15:00",MACKNTSH,84.760010
D,DISPATCH,UNIT_SCADA,1,"2019/08/20 08:15:00",MANSLR1,26.4130
D,DISPATCH,UNIT_SCADA,1,"2019/08/20 08:15:00",MCKAY1,0.02
D,DISPATCH,UNIT_SCADA,1,"2019/08/20 08:15:00",MEADOWBK,33.895880
D,DISPATCH,UNIT_SCADA,1,"2019/08/20 08:15:00",MERCER01,122.199010
D,DISPATCH,UNIT_SCADA,1,"2019/08/20 08:15:00",MEWF1,21.523450
D,DISPATCH,UNIT_SCADA,1,"2019/08/20 08:15:00",MINTARO,0
D,DISPATCH,UNIT_SCADA,1,"2019/08/20 08:15:00",MOREESF1,51.0640
D,DISPATCH,UNIT_SCADA,1,"2019/08/20 08:15:00",MORTLK11,138
D,DISPATCH,UNIT_SCADA,1,"2019/08/20 08:15:00",MORTLK12,0
D,DISPATCH,UNIT_SCADA,1,"2019/08/20 08:15:00",MP1,333.650020
D,DISPATCH,UNIT_SCADA,1,"2019/08/20 08:15:00",MP2,0
D,DISPATCH,UNIT_SCADA,1,"2019/08/20 08:15:00",MPP_1,429.75
D,DISPATCH,UNIT_SCADA,1,"2019/08/20 08:15:00",MPP_2,434.50
D,DISPATCH,UNIT_SCADA,1,"2019/08/20 08:15:00",MSTUART1,0
D,DISPATCH,UNIT_SCADA,1,"2019/08/20 08:15:00",MSTUART2,0
D,DISPATCH,UNIT_SCADA,1,"2019/08/20 08:15:00",MSTUART3,0
D,DISPATCH,UNIT_SCADA,1,"2019/08/20 08:15:00",MTGELWF1,64.294870
D,DISPATCH,UNIT_SCADA,1,"2019/08/20 08:15:00",MURRAY,155.399990
D,DISPATCH,UNIT_SCADA,1,"2019/08/20 08:15:00",MUSSELR1,162.70
D,DISPATCH,UNIT_SCADA,1,"2019/08/20 08:15:00",MUWAWF1,42.40
D,DISPATCH,UNIT_SCADA,1,"2019/08/20 08:15:00",NBHWF1,65.50
D,DISPATCH,UNIT_SCADA,1,"2019/08/20 08:15:00",NPS,0
D,DISPATCH,UNIT_SCADA,1,"2019/08/20 08:15:00",NUMURSF1,8.11
D,DISPATCH,UNIT_SCADA,1,"2019/08/20 08:15:00",NYNGAN1,42
D,DISPATCH,UNIT_SCADA,1,"2019/08/20 08:15:00",OAKEY1,0
D,DISPATCH,UNIT_SCADA,1,"2019/08/20 08:15:00",OAKEY1SF,21.2320
D,DISPATCH,UNIT_SCADA,1,"2019/08/20 08:15:00",OAKEY2,0
D,DISPATCH,UNIT_SCADA,1,"2019/08/20 08:15:00",OAKLAND1,60.90
D,DISPATCH,UNIT_SCADA,1,"2019/08/20 08:15:00",OSB-AG,185.19
D,DISPATCH,UNIT_SCADA,1,"2019/08/20 08:15:00",PARSF1,40.600010
D,DISPATCH,UNIT_SCADA,1,"2019/08/20 08:15:00",POAT110,42.191520
D,DISPATCH,UNIT_SCADA,1,"2019/08/20 08:15:00",POAT220,120.091850
D,DISPATCH,UNIT_SCADA,1,"2019/08/20 08:15:00",POR01,0
D,DISPATCH,UNIT_SCADA,1,"2019/08/20 08:15:00",POR03,0
D,DISPATCH,UNIT_SCADA,1,"2019/08/20 08:15:00",PPCCGT,249.387040
D,DISPATCH,UNIT_SCADA,1,"2019/08/20 08:15:00",PTSTAN1,0
D,DISPATCH,UNIT_SCADA,1,"2019/08/20 08:15:00",PUMP1,0
D,DISPATCH,UNIT_SCADA,1,"2019/08/20 08:15:00",PUMP2,0
D,DISPATCH,UNIT_SCADA,1,"2019/08/20 08:15:00",QPS1,29.20
D,DISPATCH,UNIT_SCADA,1,"2019/08/20 08:15:00",QPS2,0
D,DISPATCH,UNIT_SCADA,1,"2019/08/20 08:15:00",QPS3,24
D,DISPATCH,UNIT_SCADA,1,"2019/08/20 08:15:00",QPS4,0
D,DISPATCH,UNIT_SCADA,1,"2019/08/20 08:15:00",QPS5,126.15
D,DISPATCH,UNIT_SCADA,1,"2019/08/20 08:15:00",REECE1,115.45
D,DISPATCH,UNIT_SCADA,1,"2019/08/20 08:15:00",REECE2,115.540010
D,DISPATCH,UNIT_SCADA,1,"2019/08/20 08:15:00",ROMA_7,0
D,DISPATCH,UNIT_SCADA,1,"2019/08/20 08:15:00",ROMA_8,38.737170
D,DISPATCH,UNIT_SCADA,1,"2019/08/20 08:15:00",RRSF1,74.449170
D,DISPATCH,UNIT_SCADA,1,"2019/08/20 08:15:00",RT_NSW1,0
D,DISPATCH,UNIT_SCADA,1,"2019/08/20 08:15:00",RT_NSW2,0
D,DISPATCH,UNIT_SCADA,1,"2019/08/20 08:15:00",RT_NSW3,0
D,DISPATCH,UNIT_SCADA,1,"2019/08/20 08:15:00",RT_NSW4,0
D,DISPATCH,UNIT_SCADA,1,"2019/08/20 08:15:00",RT_NSW5,0
D,DISPATCH,UNIT_SCADA,1,"2019/08/20 08:15:00",RT_NSW6,0
D,DISPATCH,UNIT_SCADA,1,"2019/08/20 08:15:00",RT_QLD1,0
D,DISPATCH,UNIT_SCADA,1,"2019/08/20 08:15:00",RT_SA1,0
D,DISPATCH,UNIT_SCADA,1,"2019/08/20 08:15:00",RT_SA2,0
D,DISPATCH,UNIT_SCADA,1,"2019/08/20 08:15:00",RT_SA3,0
D,DISPATCH,UNIT_SCADA,1,"2019/08/20 08:15:00",RT_SA4,0
D,DISPATCH,UNIT_SCADA,1,"2019/08/20 08:15:00",RT_SA5,0
D,DISPATCH,UNIT_SCADA,1,"2019/08/20 08:15:00",RT_SA6,0
D,DISPATCH,UNIT_SCADA,1,"2019/08/20 08:15:00",RT_TAS1,0
D,DISPATCH,UNIT_SCADA,1,"2019/08/20 08:15:00",RT_VIC1,0
D,DISPATCH,UNIT_SCADA,1,"2019/08/20 08:15:00",RT_VIC10,0
D,DISPATCH,UNIT_SCADA,1,"2019/08/20 08:15:00",RT_VIC11,0
D,DISPATCH,UNIT_SCADA,1,"2019/08/20 08:15:00",RT_VIC12,0
D,DISPATCH,UNIT_SCADA,1,"2019/08/20 08:15:00",RT_VIC2,0
D,DISPATCH,UNIT_SCADA,1,"2019/08/20 08:15:00",RT_VIC3,0
D,DISPATCH,UNIT_SCADA,1,"2019/08/20 08:15:00",RT_VIC4,0
D,DISPATCH,UNIT_SCADA,1,"2019/08/20 08:15:00",RT_VIC5,0
D,DISPATCH,UNIT_SCADA,1,"2019/08/20 08:15:00",RT_VIC6,0
D,DISPATCH,UNIT_SCADA,1,"2019/08/20 08:15:00",RT_VIC7,0
D,DISPATCH,UNIT_SCADA,1,"2019/08/20 08:15:00",RT_VIC8,0
D,DISPATCH,UNIT_SCADA,1,"2019/08/20 08:15:00",RT_VIC9,0
D,DISPATCH,UNIT_SCADA,1,"2019/08/20 08:15:00",RUGBYR1,45.1543
D,DISPATCH,UNIT_SCADA,1,"2019/08/20 08:15:00",SALTCRK1,52.16
D,DISPATCH,UNIT_SCADA,1,"2019/08/20 08:15:00",SAPHWF1,113.484380
D,DISPATCH,UNIT_SCADA,1,"2019/08/20 08:15:00",SHGEN,99.666110
D,DISPATCH,UNIT_SCADA,1,"2019/08/20 08:15:00",SHPUMP,0
D,DISPATCH,UNIT_SCADA,1,"2019/08/20 08:15:00",SITHE01,0.143810
D,DISPATCH,UNIT_SCADA,1,"2019/08/20 08:15:00",SMCSF1,32.793980
D,DISPATCH,UNIT_SCADA,1,"2019/08/20 08:15:00",SNOWNTH1,23.70
D,DISPATCH,UNIT_SCADA,1,"2019/08/20 08:15:00",SNOWSTH1,67.60
D,DISPATCH,UNIT_SCADA,1,"2019/08/20 08:15:00",SNOWTWN1,26.987450
D,DISPATCH,UNIT_SCADA,1,"2019/08/20 08:15:00",SNOWYP,0
D,DISPATCH,UNIT_SCADA,1,"2019/08/20 08:15:00",SNUG1,0.019440
D,DISPATCH,UNIT_SCADA,1,"2019/08/20 08:15:00",SRSF1,34.18
D,DISPATCH,UNIT_SCADA,1,"2019/08/20 08:15:00",STAN-1,0
D,DISPATCH,UNIT_SCADA,1,"2019/08/20 08:15:00",STAN-2,309.6524
D,DISPATCH,UNIT_SCADA,1,"2019/08/20 08:15:00",STAN-3,308.357820
D,DISPATCH,UNIT_SCADA,1,"2019/08/20 08:15:00",STAN-4,307.537480
D,DISPATCH,UNIT_SCADA,1,"2019/08/20 08:15:00",STWF1,9.899990
D,DISPATCH,UNIT_SCADA,1,"2019/08/20 08:15:00",SWAN_E,0
D,DISPATCH,UNIT_SCADA,1,"2019/08/20 08:15:00",TALWA1,426
D,DISPATCH,UNIT_SCADA,1,"2019/08/20 08:15:00",TARALGA1,103.4325
D,DISPATCH,UNIT_SCADA,1,"2019/08/20 08:15:00",TARONG#1,330.300020
D,DISPATCH,UNIT_SCADA,1,"2019/08/20 08:15:00",TARONG#2,350.600010
D,DISPATCH,UNIT_SCADA,1,"2019/08/20 08:15:00",TARONG#3,260.399990
D,DISPATCH,UNIT_SCADA,1,"2019/08/20 08:15:00",TARONG#4,330.700010
D,DISPATCH,UNIT_SCADA,1,"2019/08/20 08:15:00",TARRALEA,85
D,DISPATCH,UNIT_SCADA,1,"2019/08/20 08:15:00",TBSF1,6.10
D,DISPATCH,UNIT_SCADA,1,"2019/08/20 08:15:00",TNPS1,441.700010
D,DISPATCH,UNIT_SCADA,1,"2019/08/20 08:15:00",TORRA1,81.437770
D,DISPATCH,UNIT_SCADA,1,"2019/08/20 08:15:00",TORRA2,0
D,DISPATCH,UNIT_SCADA,1,"2019/08/20 08:15:00",TORRA3,49.072330
D,DISPATCH,UNIT_SCADA,1,"2019/08/20 08:15:00",TORRA4,0
D,DISPATCH,UNIT_SCADA,1,"2019/08/20 08:15:00",TORRB1,86.75
D,DISPATCH,UNIT_SCADA,1,"2019/08/20 08:15:00",TORRB2,139.53
D,DISPATCH,UNIT_SCADA,1,"2019/08/20 08:15:00",TORRB3,0
D,DISPATCH,UNIT_SCADA,1,"2019/08/20 08:15:00",TORRB4,0
D,DISPATCH,UNIT_SCADA,1,"2019/08/20 08:15:00",TREVALLN,69.680020
D,DISPATCH,UNIT_SCADA,1,"2019/08/20 08:15:00",TRIBUTE,84.71
D,DISPATCH,UNIT_SCADA,1,"2019/08/20 08:15:00",TUMUT3,0
D,DISPATCH,UNIT_SCADA,1,"2019/08/20 08:15:00",TUNGATIN,133.000030
D,DISPATCH,UNIT_SCADA,1,"2019/08/20 08:15:00",TVCC201,0
D,DISPATCH,UNIT_SCADA,1,"2019/08/20 08:15:00",TVPP104,0
D,DISPATCH,UNIT_SCADA,1,"2019/08/20 08:15:00",UPPTUMUT,0
D,DISPATCH,UNIT_SCADA,1,"2019/08/20 08:15:00",URANQ11,0
D,DISPATCH,UNIT_SCADA,1,"2019/08/20 08:15:00",URANQ12,0
D,DISPATCH,UNIT_SCADA,1,"2019/08/20 08:15:00",URANQ13,0
D,DISPATCH,UNIT_SCADA,1,"2019/08/20 08:15:00",URANQ14,0
D,DISPATCH,UNIT_SCADA,1,"2019/08/20 08:15:00",VP5,591.774960
D,DISPATCH,UNIT_SCADA,1,"2019/08/20 08:15:00",VP6,572.674990
D,DISPATCH,UNIT_SCADA,1,"2019/08/20 08:15:00",VPGS1,0
D,DISPATCH,UNIT_SCADA,1,"2019/08/20 08:15:00",VPGS2,0
D,DISPATCH,UNIT_SCADA,1,"2019/08/20 08:15:00",VPGS3,0
D,DISPATCH,UNIT_SCADA,1,"2019/08/20 08:15:00",VPGS4,0
D,DISPATCH,UNIT_SCADA,1,"2019/08/20 08:15:00",VPGS5,0
D,DISPATCH,UNIT_SCADA,1,"2019/08/20 08:15:00",VPGS6,0
D,DISPATCH,UNIT_SCADA,1,"2019/08/20 08:15:00",W/HOE#1,0
D,DISPATCH,UNIT_SCADA,1,"2019/08/20 08:15:00",W/HOE#2,0
D,DISPATCH,UNIT_SCADA,1,"2019/08/20 08:15:00",WATERLWF,104
D,DISPATCH,UNIT_SCADA,1,"2019/08/20 08:15:00",WEMENSF1,40.30
D,DISPATCH,UNIT_SCADA,1,"2019/08/20 08:15:00",WGWF1,47
D,DISPATCH,UNIT_SCADA,1,"2019/08/20 08:15:00",WHITSF1,37.40
D,DISPATCH,UNIT_SCADA,1,"2019/08/20 08:15:00",WKIEWA1,0
D,DISPATCH,UNIT_SCADA,1,"2019/08/20 08:15:00",WKIEWA2,12.20
D,DISPATCH,UNIT_SCADA,1,"2019/08/20 08:15:00",WOODLWN1,42.8490
D,DISPATCH,UNIT_SCADA,1,"2019/08/20 08:15:00",WRSF1,12.15
D,DISPATCH,UNIT_SCADA,1,"2019/08/20 08:15:00",WRWF1,62.5750
D,DISPATCH,UNIT_SCADA,1,"2019/08/20 08:15:00",YABULU,0
D,DISPATCH,UNIT_SCADA,1,"2019/08/20 08:15:00",YABULU2,0
D,DISPATCH,UNIT_SCADA,1,"2019/08/20 08:15:00",YARWUN_1,0
D,DISPATCH,UNIT_SCADA,1,"2019/08/20 08:15:00",YENDWF1,41.96
D,DISPATCH,UNIT_SCADA,1,"2019/08/20 08:15:00",YWPS1,382.205080
D,DISPATCH,UNIT_SCADA,1,"2019/08/20 08:15:00",YWPS2,281.701260
D,DISPATCH,UNIT_SCADA,1,"2019/08/20 08:15:00",YWPS3,0
D,DISPATCH,UNIT_SCADA,1,"2019/08/20 08:15:00",YWPS4,397.778470
C,"END OF REPORT",334
