C,NEMP.WORLD,DISPATCHSCADA,AEMO,PUBLIC,2019/08/22,02:00:10,0000000311848932,DISPATCHSCADA,0000000311848926
I,DISPATCH,UNIT_SCADA,1,SETTLEMENTDATE,DUID,SCADAVALUE
D,DISPATCH,UNIT_SCADA,1,"2019/08/22 02:05:00",BARCSF1,0.70
D,DISPATCH,UNIT_SCADA,1,"2019/08/22 02:05:00",BUTLERSG,9.599998
D,DISPATCH,UNIT_SCADA,1,"2019/08/22 02:05:00",CALL_A_4,0
D,DISPATCH,UNIT_SCADA,1,"2019/08/22 02:05:00",CAPTL_WF,124.920006
D,DISPATCH,UNIT_SCADA,1,"2019/08/22 02:05:00",CATHROCK,29.589998
D,DISPATCH,UNIT_SCADA,1,"2019/08/22 02:05:00",CHALLHWF,47.50
D,DISPATCH,UNIT_SCADA,1,"2019/08/22 02:05:00",CLOVER,-0.01
D,DISPATCH,UNIT_SCADA,1,"2019/08/22 02:05:00",CLUNY,19.950104
D,DISPATCH,UNIT_SCADA,1,"2019/08/22 02:05:00",CNUNDAWF,40.447182
D,DISPATCH,UNIT_SCADA,1,"2019/08/22 02:05:00",CULLRGWF,28.25
D,DISPATCH,UNIT_SCADA,1,"2019/08/22 02:05:00",ERGT01,0
D,DISPATCH,UNIT_SCADA,1,"2019/08/22 02:05:00",GB01,0.069931
D,DISPATCH,UNIT_SCADA,1,"2019/08/22 02:05:00",GERMCRK,39.400002
D,DISPATCH,UNIT_SCADA,1,"2019/08/22 02:05:00",GRIFSF1,0
D,DISPATCH,UNIT_SCADA,1,"2019/08/22 02:05:00",HUGSF1,-0.2430
D,DISPATCH,UNIT_SCADA,1,"2019/08/22 02:05:00",LKBONNY1,66.356857
D,DISPATCH,UNIT_SCADA,1,"2019/08/22 02:05:00",LRSF1,0.0390
D,DISPATCH,UNIT_SCADA,1,"2019/08/22 02:05:00",MBAHNTH,56.025009
D,DISPATCH,UNIT_SCADA,1,"2019/08/22 02:05:00",MLSP1,0.271001
D,DISPATCH,UNIT_SCADA,1,"2019/08/22 02:05:00",MLWF1,19.02
D,DISPATCH,UNIT_SCADA,1,"2019/08/22 02:05:00",MTMILLAR,14.220346
D,DISPATCH,UNIT_SCADA,1,"2019/08/22 02:05:00",PALOONA,8.05
D,DISPATCH,UNIT_SCADA,1,"2019/08/22 02:05:00",PIONEER,37.799999
D,DISPATCH,UNIT_SCADA,1,"2019/08/22 02:05:00",PORTWF,134.199997
D,DISPATCH,UNIT_SCADA,1,"2019/08/22 02:05:00",REPULSE,0.000610
D,DISPATCH,UNIT_SCADA,1,"2019/08/22 02:05:00",ROWALLAN,10.4512
D,DISPATCH,UNIT_SCADA,1,"2019/08/22 02:05:00",ROYALLA1,0
D,DISPATCH,UNIT_SCADA,1,"2019/08/22 02:05:00",RPCG,12
D,DISPATCH,UNIT_SCADA,1,"2019/08/22 02:05:00",RUBICON,0
D,DISPATCH,UNIT_SCADA,1,"2019/08/22 02:05:00",SATGN1,0
D,DISPATCH,UNIT_SCADA,1,"2019/08/22 02:05:00",SATGS1,0
D,DISPATCH,UNIT_SCADA,1,"2019/08/22 02:05:00",STARHLWF,12.696298
D,DISPATCH,UNIT_SCADA,1,"2019/08/22 02:05:00",WAUBRAWF,174.473999
D,DISPATCH,UNIT_SCADA,1,"2019/08/22 02:05:00",WOOLNTH1,82.260017
D,DISPATCH,UNIT_SCADA,1,"2019/08/22 02:05:00",WPWF,51
D,DISPATCH,UNIT_SCADA,1,"2019/08/22 02:05:00",YAMBUKWF,28.299999
D,DISPATCH,UNIT_SCADA,1,"2019/08/22 02:05:00",YSWF1,28.299999
D,DISPATCH,UNIT_SCADA,1,"2019/08/22 02:05:00",AGLHAL,0
D,DISPATCH,UNIT_SCADA,1,"2019/08/22 02:05:00",AGLSOM,0
D,DISPATCH,UNIT_SCADA,1,"2019/08/22 02:05:00",ANGAST1,0
D,DISPATCH,UNIT_SCADA,1,"2019/08/22 02:05:00",ARWF1,216
D,DISPATCH,UNIT_SCADA,1,"2019/08/22 02:05:00",BALBG1,0
D,DISPATCH,UNIT_SCADA,1,"2019/08/22 02:05:00",BALBL1,0
D,DISPATCH,UNIT_SCADA,1,"2019/08/22 02:05:00",BALDHWF1,98.6890
D,DISPATCH,UNIT_SCADA,1,"2019/08/22 02:05:00",BANN1,0
D,DISPATCH,UNIT_SCADA,1,"2019/08/22 02:05:00",BARCALDN,0
D,DISPATCH,UNIT_SCADA,1,"2019/08/22 02:05:00",BARRON-1,0
D,DISPATCH,UNIT_SCADA,1,"2019/08/22 02:05:00",BARRON-2,24.80
D,DISPATCH,UNIT_SCADA,1,"2019/08/22 02:05:00",BASTYAN,77.95
D,DISPATCH,UNIT_SCADA,1,"2019/08/22 02:05:00",BBTHREE1,-2.07
D,DISPATCH,UNIT_SCADA,1,"2019/08/22 02:05:00",BBTHREE2,-2.10
D,DISPATCH,UNIT_SCADA,1,"2019/08/22 02:05:00",BBTHREE3,-1.21
D,DISPATCH,UNIT_SCADA,1,"2019/08/22 02:05:00",BDL01,0
D,DISPATCH,UNIT_SCADA,1,"2019/08/22 02:05:00",BDL02,0
D,DISPATCH,UNIT_SCADA,1,"2019/08/22 02:05:00",BERYLSF1,0
D,DISPATCH,UNIT_SCADA,1,"2019/08/22 02:05:00",BLOWERNG,0
D,DISPATCH,UNIT_SCADA,1,"2019/08/22 02:05:00",BLUFF1,33
D,DISPATCH,UNIT_SCADA,1,"2019/08/22 02:05:00",BNGSF1,0
D,DISPATCH,UNIT_SCADA,1,"2019/08/22 02:05:00",BNGSF2,0
D,DISPATCH,UNIT_SCADA,1,"2019/08/22 02:05:00",BOCORWF1,84.79
D,DISPATCH,UNIT_SCADA,1,"2019/08/22 02:05:00",BODWF1,96.201760
D,DISPATCH,UNIT_SCADA,1,"2019/08/22 02:05:00",BRAEMAR1,0
D,DISPATCH,UNIT_SCADA,1,"2019/08/22 02:05:00",BRAEMAR2,0
D,DISPATCH,UNIT_SCADA,1,"2019/08/22 02:05:00",BRAEMAR3,0
D,DISPATCH,UNIT_SCADA,1,"2019/08/22 02:05:00",BRAEMAR5,0
D,DISPATCH,UNIT_SCADA,1,"2019/08/22 02:05:00",BRAEMAR6,0
D,DISPATCH,UNIT_SCADA,1,"2019/08/22 02:05:00",BRAEMAR7,0
D,DISPATCH,UNIT_SCADA,1,"2019/08/22 02:05:00",BROKENH1,0
D,DISPATCH,UNIT_SCADA,1,"2019/08/22 02:05:00",BW01,355.8750
D,DISPATCH,UNIT_SCADA,1,"2019/08/22 02:05:00",BW02,563.449950
D,DISPATCH,UNIT_SCADA,1,"2019/08/22 02:05:00",BW03,474.075070
D,DISPATCH,UNIT_SCADA,1,"2019/08/22 02:05:00",BW04,0
D,DISPATCH,UNIT_SCADA,1,"2019/08/22 02:05:00",CALL_B_1,338.50
D,DISPATCH,UNIT_SCADA,1,"2019/08/22 02:05:00",CALL_B_2,293
D,DISPATCH,UNIT_SCADA,1,"2019/08/22 02:05:00",CETHANA,98.244380
D,DISPATCH,UNIT_SCADA,1,"2019/08/22 02:05:00",CG1,0
D,DISPATCH,UNIT_SCADA,1,"2019/08/22 02:05:00",CG2,0
D,DISPATCH,UNIT_SCADA,1,"2019/08/22 02:05:00",CG3,0
D,DISPATCH,UNIT_SCADA,1,"2019/08/22 02:05:00",CG4,0
D,DISPATCH,UNIT_SCADA,1,"2019/08/22 02:05:00",CHILDSF1,0.01
D,DISPATCH,UNIT_SCADA,1,"2019/08/22 02:05:00",CLARESF1,0
D,DISPATCH,UNIT_SCADA,1,"2019/08/22 02:05:00",CLEMGPWF,12.317990
D,DISPATCH,UNIT_SCADA,1,"2019/08/22 02:05:00",CLERMSF1,0
D,DISPATCH,UNIT_SCADA,1,"2019/08/22 02:05:00",COLEASF1,0
D,DISPATCH,UNIT_SCADA,1,"2019/08/22 02:05:00",COOPGWF1,28.256570
D,DISPATCH,UNIT_SCADA,1,"2019/08/22 02:05:00",CPP_3,380.600010
D,DISPATCH,UNIT_SCADA,1,"2019/08/22 02:05:00",CPP_4,380.325010
D,DISPATCH,UNIT_SCADA,1,"2019/08/22 02:05:00",CPSA,142.100620
D,DISPATCH,UNIT_SCADA,1,"2019/08/22 02:05:00",CROOKWF2,65.143750
D,DISPATCH,UNIT_SCADA,1,"2019/08/22 02:05:00",CROWLWF1,49.242110
D,DISPATCH,UNIT_SCADA,1,"2019/08/22 02:05:00",CSPVPS1,0.0430
D,DISPATCH,UNIT_SCADA,1,"2019/08/22 02:05:00",DALNTH01,0.0473
D,DISPATCH,UNIT_SCADA,1,"2019/08/22 02:05:00",DALNTHL1,0
D,DISPATCH,UNIT_SCADA,1,"2019/08/22 02:05:00",DARTM1,0
D,DISPATCH,UNIT_SCADA,1,"2019/08/22 02:05:00",DAYDSF1,0
D,DISPATCH,UNIT_SCADA,1,"2019/08/22 02:05:00",DDPS1,0
D,DISPATCH,UNIT_SCADA,1,"2019/08/22 02:05:00",DDSF1,0
D,DISPATCH,UNIT_SCADA,1,"2019/08/22 02:05:00",DEVILS_G,0
D,DISPATCH,UNIT_SCADA,1,"2019/08/22 02:05:00",DG_NSW1,0
D,DISPATCH,UNIT_SCADA,1,"2019/08/22 02:05:00",DG_QLD1,0
D,DISPATCH,UNIT_SCADA,1,"2019/08/22 02:05:00",DG_SA1,0
D,DISPATCH,UNIT_SCADA,1,"2019/08/22 02:05:00",DG_TAS1,0
D,DISPATCH,UNIT_SCADA,1,"2019/08/22 02:05:00",DG_VIC1,0
D,DISPATCH,UNIT_SCADA,1,"2019/08/22 02:05:00",DRYCGT1,0
D,DISPATCH,UNIT_SCADA,1,"2019/08/22 02:05:00",DRYCGT2,0
D,DISPATCH,UNIT_SCADA,1,"2019/08/22 02:05:00",DRYCGT3,0
D,DISPATCH,UNIT_SCADA,1,"2019/08/22 02:05:00",EILDON1,0
D,DISPATCH,UNIT_SCADA,1,"2019/08/22 02:05:00",EILDON2,0
D,DISPATCH,UNIT_SCADA,1,"2019/08/22 02:05:00",EMERASF1,0
D,DISPATCH,UNIT_SCADA,1,"2019/08/22 02:05:00",ER01,341.025020
D,DISPATCH,UNIT_SCADA,1,"2019/08/22 02:05:00",ER02,407.349980
D,DISPATCH,UNIT_SCADA,1,"2019/08/22 02:05:00",ER03,377.674930
D,DISPATCH,UNIT_SCADA,1,"2019/08/22 02:05:00",ER04,350.175050
D,DISPATCH,UNIT_SCADA,1,"2019/08/22 02:05:00",FINLYSF1,0
D,DISPATCH,UNIT_SCADA,1,"2019/08/22 02:05:00",FISHER,45.77
D,DISPATCH,UNIT_SCADA,1,"2019/08/22 02:05:00",GANNBG1,0
D,DISPATCH,UNIT_SCADA,1,"2019/08/22 02:05:00",GANNBL1,10.008810
D,DISPATCH,UNIT_SCADA,1,"2019/08/22 02:05:00",GANNSF1,0
D,DISPATCH,UNIT_SCADA,1,"2019/08/22 02:05:00",GORDON,19.472880
D,DISPATCH,UNIT_SCADA,1,"2019/08/22 02:05:00",GSTONE1,131.4250
D,DISPATCH,UNIT_SCADA,1,"2019/08/22 02:05:00",GSTONE2,130.3750
D,DISPATCH,UNIT_SCADA,1,"2019/08/22 02:05:00",GSTONE3,129.50
D,DISPATCH,UNIT_SCADA,1,"2019/08/22 02:05:00",GSTONE4,130.20
D,DISPATCH,UNIT_SCADA,1,"2019/08/22 02:05:00",GSTONE5,130.20
D,DISPATCH,UNIT_SCADA,1,"2019/08/22 02:05:00",GSTONE6,0
D,DISPATCH,UNIT_SCADA,1,"2019/08/22 02:05:00",GULLRSF1,0
D,DISPATCH,UNIT_SCADA,1,"2019/08/22 02:05:00",GULLRWF1,157.179230
D,DISPATCH,UNIT_SCADA,1,"2019/08/22 02:05:00",GUNNING1,46.399240
D,DISPATCH,UNIT_SCADA,1,"2019/08/22 02:05:00",GUTHEGA,0
D,DISPATCH,UNIT_SCADA,1,"2019/08/22 02:05:00",HALLWF1,59.48
D,DISPATCH,UNIT_SCADA,1,"2019/08/22 02:05:00",HALLWF2,54.73
D,DISPATCH,UNIT_SCADA,1,"2019/08/22 02:05:00",HAMISF1,0
D,DISPATCH,UNIT_SCADA,1,"2019/08/22 02:05:00",HAUGHT11,0
D,DISPATCH,UNIT_SCADA,1,"2019/08/22 02:05:00",HAYMSF1,0
D,DISPATCH,UNIT_SCADA,1,"2019/08/22 02:05:00",HDWF1,42.20
D,DISPATCH,UNIT_SCADA,1,"2019/08/22 02:05:00",HDWF2,28.30
D,DISPATCH,UNIT_SCADA,1,"2019/08/22 02:05:00",HDWF3,34.50
D,DISPATCH,UNIT_SCADA,1,"2019/08/22 02:05:00",HPRG1,0
D,DISPATCH,UNIT_SCADA,1,"2019/08/22 02:05:00",HPRL1,39.80
D,DISPATCH,UNIT_SCADA,1,"2019/08/22 02:05:00",HUMENSW,0
D,DISPATCH,UNIT_SCADA,1,"2019/08/22 02:05:00",HUMEV,10.20
D,DISPATCH,UNIT_SCADA,1,"2019/08/22 02:05:00",HVGTS,0
D,DISPATCH,UNIT_SCADA,1,"2019/08/22 02:05:00",JBUTTERS,62.87
D,DISPATCH,UNIT_SCADA,1,"2019/08/22 02:05:00",JLA01,0.50
D,DISPATCH,UNIT_SCADA,1,"2019/08/22 02:05:00",JLA02,0
D,DISPATCH,UNIT_SCADA,1,"2019/08/22 02:05:00",JLA03,0.10
D,DISPATCH,UNIT_SCADA,1,"2019/08/22 02:05:00",JLA04,0.10
D,DISPATCH,UNIT_SCADA,1,"2019/08/22 02:05:00",JLB01,0
D,DISPATCH,UNIT_SCADA,1,"2019/08/22 02:05:00",JLB02,0.10
D,DISPATCH,UNIT_SCADA,1,"2019/08/22 02:05:00",JLB03,0
D,DISPATCH,UNIT_SCADA,1,"2019/08/22 02:05:00",KAREEYA1,21.3475
D,DISPATCH,UNIT_SCADA,1,"2019/08/22 02:05:00",KAREEYA2,21.5350
D,DISPATCH,UNIT_SCADA,1,"2019/08/22 02:05:00",KAREEYA3,0
D,DISPATCH,UNIT_SCADA,1,"2019/08/22 02:05:00",KAREEYA4,21.7525
D,DISPATCH,UNIT_SCADA,1,"2019/08/22 02:05:00",KARSF1,0
D,DISPATCH,UNIT_SCADA,1,"2019/08/22 02:05:00",KIATAWF1,30.90
D,DISPATCH,UNIT_SCADA,1,"2019/08/22 02:05:00",KPP_1,0
D,DISPATCH,UNIT_SCADA,1,"2019/08/22 02:05:00",KSP1,0
D,DISPATCH,UNIT_SCADA,1,"2019/08/22 02:05:00",LADBROK1,0
D,DISPATCH,UNIT_SCADA,1,"2019/08/22 02:05:00",LADBROK2,0
D,DISPATCH,UNIT_SCADA,1,"2019/08/22 02:05:00",LD01,349.706270
D,DISPATCH,UNIT_SCADA,1,"2019/08/22 02:05:00",LD02,339.824980
D,DISPATCH,UNIT_SCADA,1,"2019/08/22 02:05:00",LD03,339
D,DISPATCH,UNIT_SCADA,1,"2019/08/22 02:05:00",LD04,348.393770
D,DISPATCH,UNIT_SCADA,1,"2019/08/22 02:05:00",LEM_WIL,86.137340
D,DISPATCH,UNIT_SCADA,1,"2019/08/22 02:05:00",LGAPWF1,24.62
D,DISPATCH,UNIT_SCADA,1,"2019/08/22 02:05:00",LILYSF1,0
D,DISPATCH,UNIT_SCADA,1,"2019/08/22 02:05:00",LI_WY_CA,148.606690
D,DISPATCH,UNIT_SCADA,1,"2019/08/22 02:05:00",LKBONNY2,140.979770
D,DISPATCH,UNIT_SCADA,1,"2019/08/22 02:05:00",LKBONNY3,31.371970
D,DISPATCH,UNIT_SCADA,1,"2019/08/22 02:05:00",LK_ECHO,0
D,DISPATCH,UNIT_SCADA,1,"2019/08/22 02:05:00",LNGS1,0
D,DISPATCH,UNIT_SCADA,1,"2019/08/22 02:05:00",LNGS2,0
D,DISPATCH,UNIT_SCADA,1,"2019/08/22 02:05:00",LONSDALE,0
D,DISPATCH,UNIT_SCADA,1,"2019/08/22 02:05:00",LOYYB1,536.088620
D,DISPATCH,UNIT_SCADA,1,"2019/08/22 02:05:00",LOYYB2,581.202510
D,DISPATCH,UNIT_SCADA,1,"2019/08/22 02:05:00",LYA1,499
D,DISPATCH,UNIT_SCADA,1,"2019/08/22 02:05:00",LYA2,0
D,DISPATCH,UNIT_SCADA,1,"2019/08/22 02:05:00",LYA3,499
D,DISPATCH,UNIT_SCADA,1,"2019/08/22 02:05:00",LYA4,498
D,DISPATCH,UNIT_SCADA,1,"2019/08/22 02:05:00",MACARTH1,385.6911
D,DISPATCH,UNIT_SCADA,1,"2019/08/22 02:05:00",MACKAYGT,0
D,DISPATCH,UNIT_SCADA,1,"2019/08/22 02:05:00",MACKNTSH,78.63
D,DISPATCH,UNIT_SCADA,1,"2019/08/22 02:05:00",MANSLR1,0
D,DISPATCH,UNIT_SCADA,1,"2019/08/22 02:05:00",MCKAY1,0.02
D,DISPATCH,UNIT_SCADA,1,"2019/08/22 02:05:00",MEADOWBK,34.238840
D,DISPATCH,UNIT_SCADA,1,"2019/08/22 02:05:00",MERCER01,122.4240
D,DISPATCH,UNIT_SCADA,1,"2019/08/22 02:05:00",MEWF1,74.682370
D,DISPATCH,UNIT_SCADA,1,"2019/08/22 02:05:00",MINTARO,0
D,DISPATCH,UNIT_SCADA,1,"2019/08/22 02:05:00",MOREESF1,0
D,DISPATCH,UNIT_SCADA,1,"2019/08/22 02:05:00",MORTLK11,0
D,DISPATCH,UNIT_SCADA,1,"2019/08/22 02:05:00",MORTLK12,0
D,DISPATCH,UNIT_SCADA,1,"2019/08/22 02:05:00",MP1,281.200070
D,DISPATCH,UNIT_SCADA,1,"2019/08/22 02:05:00",MP2,0
D,DISPATCH,UNIT_SCADA,1,"2019/08/22 02:05:00",MPP_1,410.50
D,DISPATCH,UNIT_SCADA,1,"2019/08/22 02:05:00",MPP_2,412.75
D,DISPATCH,UNIT_SCADA,1,"2019/08/22 02:05:00",MSTUART1,0
D,DISPATCH,UNIT_SCADA,1,"2019/08/22 02:05:00",MSTUART2,0
D,DISPATCH,UNIT_SCADA,1,"2019/08/22 02:05:00",MSTUART3,0
D,DISPATCH,UNIT_SCADA,1,"2019/08/22 02:05:00",MTGELWF1,63.768420
D,DISPATCH,UNIT_SCADA,1,"2019/08/22 02:05:00",MURRAY,0
D,DISPATCH,UNIT_SCADA,1,"2019/08/22 02:05:00",MUSSELR1,156.600010
D,DISPATCH,UNIT_SCADA,1,"2019/08/22 02:05:00",MUWAWF1,56
D,DISPATCH,UNIT_SCADA,1,"2019/08/22 02:05:00",NBHWF1,66
D,DISPATCH,UNIT_SCADA,1,"2019/08/22 02:05:00",NPS,0
D,DISPATCH,UNIT_SCADA,1,"2019/08/22 02:05:00",NUMURSF1,0
D,DISPATCH,UNIT_SCADA,1,"2019/08/22 02:05:00",NYNGAN1,0
D,DISPATCH,UNIT_SCADA,1,"2019/08/22 02:05:00",OAKEY1,0
D,DISPATCH,UNIT_SCADA,1,"2019/08/22 02:05:00",OAKEY1SF,0
D,DISPATCH,UNIT_SCADA,1,"2019/08/22 02:05:00",OAKEY2,0
D,DISPATCH,UNIT_SCADA,1,"2019/08/22 02:05:00",OAKLAND1,62.10
D,DISPATCH,UNIT_SCADA,1,"2019/08/22 02:05:00",OSB-AG,0
D,DISPATCH,UNIT_SCADA,1,"2019/08/22 02:05:00",PARSF1,0
D,DISPATCH,UNIT_SCADA,1,"2019/08/22 02:05:00",POAT110,0
D,DISPATCH,UNIT_SCADA,1,"2019/08/22 02:05:00",POAT220,1.68
D,DISPATCH,UNIT_SCADA,1,"2019/08/22 02:05:00",POR01,0
D,DISPATCH,UNIT_SCADA,1,"2019/08/22 02:05:00",POR03,0
D,DISPATCH,UNIT_SCADA,1,"2019/08/22 02:05:00",PPCCGT,173.5522
D,DISPATCH,UNIT_SCADA,1,"2019/08/22 02:05:00",PTSTAN1,0
D,DISPATCH,UNIT_SCADA,1,"2019/08/22 02:05:00",PUMP1,0
D,DISPATCH,UNIT_SCADA,1,"2019/08/22 02:05:00",PUMP2,0
D,DISPATCH,UNIT_SCADA,1,"2019/08/22 02:05:00",QPS1,0
D,DISPATCH,UNIT_SCADA,1,"2019/08/22 02:05:00",QPS2,0
D,DISPATCH,UNIT_SCADA,1,"2019/08/22 02:05:00",QPS3,0
D,DISPATCH,UNIT_SCADA,1,"2019/08/22 02:05:00",QPS4,0
D,DISPATCH,UNIT_SCADA,1,"2019/08/22 02:05:00",QPS5,0
D,DISPATCH,UNIT_SCADA,1,"2019/08/22 02:05:00",REECE1,120.290010
D,DISPATCH,UNIT_SCADA,1,"2019/08/22 02:05:00",REECE2,118.220010
D,DISPATCH,UNIT_SCADA,1,"2019/08/22 02:05:00",ROMA_7,0
D,DISPATCH,UNIT_SCADA,1,"2019/08/22 02:05:00",ROMA_8,0
D,DISPATCH,UNIT_SCADA,1,"2019/08/22 02:05:00",RRSF1,0
D,DISPATCH,UNIT_SCADA,1,"2019/08/22 02:05:00",RT_NSW1,0
D,DISPATCH,UNIT_SCADA,1,"2019/08/22 02:05:00",RT_NSW2,0
D,DISPATCH,UNIT_SCADA,1,"2019/08/22 02:05:00",RT_NSW3,0
D,DISPATCH,UNIT_SCADA,1,"2019/08/22 02:05:00",RT_NSW4,0
D,DISPATCH,UNIT_SCADA,1,"2019/08/22 02:05:00",RT_NSW5,0
D,DISPATCH,UNIT_SCADA,1,"2019/08/22 02:05:00",RT_NSW6,0
D,DISPATCH,UNIT_SCADA,1,"2019/08/22 02:05:00",RT_QLD1,0
D,DISPATCH,UNIT_SCADA,1,"2019/08/22 02:05:00",RT_SA1,0
D,DISPATCH,UNIT_SCADA,1,"2019/08/22 02:05:00",RT_SA2,0
D,DISPATCH,UNIT_SCADA,1,"2019/08/22 02:05:00",RT_SA3,0
D,DISPATCH,UNIT_SCADA,1,"2019/08/22 02:05:00",RT_SA4,0
D,DISPATCH,UNIT_SCADA,1,"2019/08/22 02:05:00",RT_SA5,0
D,DISPATCH,UNIT_SCADA,1,"2019/08/22 02:05:00",RT_SA6,0
D,DISPATCH,UNIT_SCADA,1,"2019/08/22 02:05:00",RT_TAS1,0
D,DISPATCH,UNIT_SCADA,1,"2019/08/22 02:05:00",RT_VIC1,0
D,DISPATCH,UNIT_SCADA,1,"2019/08/22 02:05:00",RT_VIC10,0
D,DISPATCH,UNIT_SCADA,1,"2019/08/22 02:05:00",RT_VIC11,0
D,DISPATCH,UNIT_SCADA,1,"2019/08/22 02:05:00",RT_VIC12,0
D,DISPATCH,UNIT_SCADA,1,"2019/08/22 02:05:00",RT_VIC2,0
D,DISPATCH,UNIT_SCADA,1,"2019/08/22 02:05:00",RT_VIC3,0
D,DISPATCH,UNIT_SCADA,1,"2019/08/22 02:05:00",RT_VIC4,0
D,DISPATCH,UNIT_SCADA,1,"2019/08/22 02:05:00",RT_VIC5,0
D,DISPATCH,UNIT_SCADA,1,"2019/08/22 02:05:00",RT_VIC6,0
D,DISPATCH,UNIT_SCADA,1,"2019/08/22 02:05:00",RT_VIC7,0
D,DISPATCH,UNIT_SCADA,1,"2019/08/22 02:05:00",RT_VIC8,0
D,DISPATCH,UNIT_SCADA,1,"2019/08/22 02:05:00",RT_VIC9,0
D,DISPATCH,UNIT_SCADA,1,"2019/08/22 02:05:00",RUGBYR1,0
D,DISPATCH,UNIT_SCADA,1,"2019/08/22 02:05:00",SALTCRK1,51.56
D,DISPATCH,UNIT_SCADA,1,"2019/08/22 02:05:00",SAPHWF1,190.743740
D,DISPATCH,UNIT_SCADA,1,"2019/08/22 02:05:00",SHGEN,0
D,DISPATCH,UNIT_SCADA,1,"2019/08/22 02:05:00",SHPUMP,121.595310
D,DISPATCH,UNIT_SCADA,1,"2019/08/22 02:05:00",SITHE01,0.043330
D,DISPATCH,UNIT_SCADA,1,"2019/08/22 02:05:00",SMCSF1,0
D,DISPATCH,UNIT_SCADA,1,"2019/08/22 02:05:00",SNOWNTH1,77.100010
D,DISPATCH,UNIT_SCADA,1,"2019/08/22 02:05:00",SNOWSTH1,53.70
D,DISPATCH,UNIT_SCADA,1,"2019/08/22 02:05:00",SNOWTWN1,45.311770
D,DISPATCH,UNIT_SCADA,1,"2019/08/22 02:05:00",SNOWYP,191.30
D,DISPATCH,UNIT_SCADA,1,"2019/08/22 02:05:00",SNUG1,0.019440
D,DISPATCH,UNIT_SCADA,1,"2019/08/22 02:05:00",SRSF1,0.44
D,DISPATCH,UNIT_SCADA,1,"2019/08/22 02:05:00",STAN-1,0
D,DISPATCH,UNIT_SCADA,1,"2019/08/22 02:05:00",STAN-2,174.283630
D,DISPATCH,UNIT_SCADA,1,"2019/08/22 02:05:00",STAN-3,214.454610
D,DISPATCH,UNIT_SCADA,1,"2019/08/22 02:05:00",STAN-4,191.959380
D,DISPATCH,UNIT_SCADA,1,"2019/08/22 02:05:00",STWF1,184.488750
D,DISPATCH,UNIT_SCADA,1,"2019/08/22 02:05:00",SWAN_E,0
D,DISPATCH,UNIT_SCADA,1,"2019/08/22 02:05:00",TALWA1,190
D,DISPATCH,UNIT_SCADA,1,"2019/08/22 02:05:00",TARALGA1,27.2925
D,DISPATCH,UNIT_SCADA,1,"2019/08/22 02:05:00",TARONG#1,272.700010
D,DISPATCH,UNIT_SCADA,1,"2019/08/22 02:05:00",TARONG#2,225.50
D,DISPATCH,UNIT_SCADA,1,"2019/08/22 02:05:00",TARONG#3,259.700010
D,DISPATCH,UNIT_SCADA,1,"2019/08/22 02:05:00",TARONG#4,280
D,DISPATCH,UNIT_SCADA,1,"2019/08/22 02:05:00",TARRALEA,83.90
D,DISPATCH,UNIT_SCADA,1,"2019/08/22 02:05:00",TBSF1,-0.20
D,DISPATCH,UNIT_SCADA,1,"2019/08/22 02:05:00",TNPS1,399.400020
D,DISPATCH,UNIT_SCADA,1,"2019/08/22 02:05:00",TORRA1,39.037830
D,DISPATCH,UNIT_SCADA,1,"2019/08/22 02:05:00",TORRA2,0
D,DISPATCH,UNIT_SCADA,1,"2019/08/22 02:05:00",TORRA3,0
D,DISPATCH,UNIT_SCADA,1,"2019/08/22 02:05:00",TORRA4,0
D,DISPATCH,UNIT_SCADA,1,"2019/08/22 02:05:00",TORRB1,40.67
D,DISPATCH,UNIT_SCADA,1,"2019/08/22 02:05:00",TORRB2,40.57
D,DISPATCH,UNIT_SCADA,1,"2019/08/22 02:05:00",TORRB3,0
D,DISPATCH,UNIT_SCADA,1,"2019/08/22 02:05:00",TORRB4,0
D,DISPATCH,UNIT_SCADA,1,"2019/08/22 02:05:00",TREVALLN,0.60
D,DISPATCH,UNIT_SCADA,1,"2019/08/22 02:05:00",TRIBUTE,84.67
D,DISPATCH,UNIT_SCADA,1,"2019/08/22 02:05:00",TUMUT3,0
D,DISPATCH,UNIT_SCADA,1,"2019/08/22 02:05:00",TUNGATIN,4.40
D,DISPATCH,UNIT_SCADA,1,"2019/08/22 02:05:00",TVCC201,0
D,DISPATCH,UNIT_SCADA,1,"2019/08/22 02:05:00",TVPP104,0
D,DISPATCH,UNIT_SCADA,1,"2019/08/22 02:05:00",UPPTUMUT,0
D,DISPATCH,UNIT_SCADA,1,"2019/08/22 02:05:00",URANQ11,0
D,DISPATCH,UNIT_SCADA,1,"2019/08/22 02:05:00",URANQ12,0
D,DISPATCH,UNIT_SCADA,1,"2019/08/22 02:05:00",URANQ13,0
D,DISPATCH,UNIT_SCADA,1,"2019/08/22 02:05:00",URANQ14,0
D,DISPATCH,UNIT_SCADA,1,"2019/08/22 02:05:00",VP5,313.6250
D,DISPATCH,UNIT_SCADA,1,"2019/08/22 02:05:00",VP6,307.174990
D,DISPATCH,UNIT_SCADA,1,"2019/08/22 02:05:00",VPGS1,0
D,DISPATCH,UNIT_SCADA,1,"2019/08/22 02:05:00",VPGS2,0
D,DISPATCH,UNIT_SCADA,1,"2019/08/22 02:05:00",VPGS3,0
D,DISPATCH,UNIT_SCADA,1,"2019/08/22 02:05:00",VPGS4,0
D,DISPATCH,UNIT_SCADA,1,"2019/08/22 02:05:00",VPGS5,0
D,DISPATCH,UNIT_SCADA,1,"2019/08/22 02:05:00",VPGS6,0
D,DISPATCH,UNIT_SCADA,1,"2019/08/22 02:05:00",W/HOE#1,0
D,DISPATCH,UNIT_SCADA,1,"2019/08/22 02:05:00",W/HOE#2,0
D,DISPATCH,UNIT_SCADA,1,"2019/08/22 02:05:00",WATERLWF,112.30
D,DISPATCH,UNIT_SCADA,1,"2019/08/22 02:05:00",WEMENSF1,0
D,DISPATCH,UNIT_SCADA,1,"2019/08/22 02:05:00",WGWF1,57
D,DISPATCH,UNIT_SCADA,1,"2019/08/22 02:05:00",WHITSF1,0
D,DISPATCH,UNIT_SCADA,1,"2019/08/22 02:05:00",WKIEWA1,30
D,DISPATCH,UNIT_SCADA,1,"2019/08/22 02:05:00",WKIEWA2,30.10
D,DISPATCH,UNIT_SCADA,1,"2019/08/22 02:05:00",WOODLWN1,44.775010
D,DISPATCH,UNIT_SCADA,1,"2019/08/22 02:05:00",WRSF1,0
D,DISPATCH,UNIT_SCADA,1,"2019/08/22 02:05:00",WRWF1,144.713760
D,DISPATCH,UNIT_SCADA,1,"2019/08/22 02:05:00",YABULU,0
D,DISPATCH,UNIT_SCADA,1,"2019/08/22 02:05:00",YABULU2,0
D,DISPATCH,UNIT_SCADA,1,"2019/08/22 02:05:00",YARWUN_1,0
D,DISPATCH,UNIT_SCADA,1,"2019/08/22 02:05:00",YENDWF1,42
D,DISPATCH,UNIT_SCADA,1,"2019/08/22 02:05:00",YWPS1,380.200010
D,DISPATCH,UNIT_SCADA,1,"2019/08/22 02:05:00",YWPS2,281.9519
D,DISPATCH,UNIT_SCADA,1,"2019/08/22 02:05:00",YWPS3,0
D,DISPATCH,UNIT_SCADA,1,"2019/08/22 02:05:00",YWPS4,397.778470
C,"END OF REPORT",334
