C,NEMP.WORLD,DISPATCHSCADA,AEMO,PUBLIC,2019/09/05,15:15:08,0000000312426834,DISPATCHSCADA,0000000312426828
I,DISPATCH,UNIT_SCADA,1,SETTLEMENTDATE,DUID,SCADAVALUE
D,DISPATCH,UNIT_SCADA,1,"2019/09/05 15:20:00",BARCSF1,8.900001
D,DISPATCH,UNIT_SCADA,1,"2019/09/05 15:20:00",BUTLERSG,10.199999
D,DISPATCH,UNIT_SCADA,1,"2019/09/05 15:20:00",CALL_A_4,0
D,DISPATCH,UNIT_SCADA,1,"2019/09/05 15:20:00",CAPTL_WF,0
D,DISPATCH,UNIT_SCADA,1,"2019/09/05 15:20:00",CATHROCK,39.869999
D,DISPATCH,UNIT_SCADA,1,"2019/09/05 15:20:00",CHALLHWF,3.80
D,DISPATCH,UNIT_SCADA,1,"2019/09/05 15:20:00",CLOVER,-0.01
D,DISPATCH,UNIT_SCADA,1,"2019/09/05 15:20:00",CLUNY,18.306705
D,DISPATCH,UNIT_SCADA,1,"2019/09/05 15:20:00",CNUNDAWF,29.734688
D,DISPATCH,UNIT_SCADA,1,"2019/09/05 15:20:00",CULLRGWF,2.24
D,DISPATCH,UNIT_SCADA,1,"2019/09/05 15:20:00",ERGT01,0
D,DISPATCH,UNIT_SCADA,1,"2019/09/05 15:20:00",GB01,-0.000443
D,DISPATCH,UNIT_SCADA,1,"2019/09/05 15:20:00",GERMCRK,35
D,DISPATCH,UNIT_SCADA,1,"2019/09/05 15:20:00",GRIFSF1,26
D,DISPATCH,UNIT_SCADA,1,"2019/09/05 15:20:00",HUGSF1,8.957001
D,DISPATCH,UNIT_SCADA,1,"2019/09/05 15:20:00",LKBONNY1,14.825355
D,DISPATCH,UNIT_SCADA,1,"2019/09/05 15:20:00",LRSF1,-0.0340
D,DISPATCH,UNIT_SCADA,1,"2019/09/05 15:20:00",MBAHNTH,23.062508
D,DISPATCH,UNIT_SCADA,1,"2019/09/05 15:20:00",MLSP1,3.257001
D,DISPATCH,UNIT_SCADA,1,"2019/09/05 15:20:00",MLWF1,9.60
D,DISPATCH,UNIT_SCADA,1,"2019/09/05 15:20:00",MTMILLAR,-0.197195
D,DISPATCH,UNIT_SCADA,1,"2019/09/05 15:20:00",PALOONA,25.75
D,DISPATCH,UNIT_SCADA,1,"2019/09/05 15:20:00",PIONEER,29.60
D,DISPATCH,UNIT_SCADA,1,"2019/09/05 15:20:00",PORTWF,67.599998
D,DISPATCH,UNIT_SCADA,1,"2019/09/05 15:20:00",REPULSE,29.323568
D,DISPATCH,UNIT_SCADA,1,"2019/09/05 15:20:00",ROWALLAN,10.3802
D,DISPATCH,UNIT_SCADA,1,"2019/09/05 15:20:00",ROYALLA1,3.1710
D,DISPATCH,UNIT_SCADA,1,"2019/09/05 15:20:00",RPCG,12.60
D,DISPATCH,UNIT_SCADA,1,"2019/09/05 15:20:00",RUBICON,0
D,DISPATCH,UNIT_SCADA,1,"2019/09/05 15:20:00",SATGN1,0
D,DISPATCH,UNIT_SCADA,1,"2019/09/05 15:20:00",SATGS1,0
D,DISPATCH,UNIT_SCADA,1,"2019/09/05 15:20:00",STARHLWF,24.292915
D,DISPATCH,UNIT_SCADA,1,"2019/09/05 15:20:00",WAUBRAWF,55.594002
D,DISPATCH,UNIT_SCADA,1,"2019/09/05 15:20:00",WOOLNTH1,24.260017
D,DISPATCH,UNIT_SCADA,1,"2019/09/05 15:20:00",WPWF,65
D,DISPATCH,UNIT_SCADA,1,"2019/09/05 15:20:00",YAMBUKWF,22.60
D,DISPATCH,UNIT_SCADA,1,"2019/09/05 15:20:00",YSWF1,0
D,DISPATCH,UNIT_SCADA,1,"2019/09/05 15:20:00",AGLHAL,0
D,DISPATCH,UNIT_SCADA,1,"2019/09/05 15:20:00",AGLSOM,0
D,DISPATCH,UNIT_SCADA,1,"2019/09/05 15:20:00",ANGAST1,0
D,DISPATCH,UNIT_SCADA,1,"2019/09/05 15:20:00",ARWF1,21.60
D,DISPATCH,UNIT_SCADA,1,"2019/09/05 15:20:00",BALBG1,6.88
D,DISPATCH,UNIT_SCADA,1,"2019/09/05 15:20:00",BALBL1,0
D,DISPATCH,UNIT_SCADA,1,"2019/09/05 15:20:00",BALDHWF1,55.1130
D,DISPATCH,UNIT_SCADA,1,"2019/09/05 15:20:00",BANN1,67.30
D,DISPATCH,UNIT_SCADA,1,"2019/09/05 15:20:00",BARCALDN,0
D,DISPATCH,UNIT_SCADA,1,"2019/09/05 15:20:00",BARRON-1,25.84
D,DISPATCH,UNIT_SCADA,1,"2019/09/05 15:20:00",BARRON-2,0
D,DISPATCH,UNIT_SCADA,1,"2019/09/05 15:20:00",BASTYAN,80.560010
D,DISPATCH,UNIT_SCADA,1,"2019/09/05 15:20:00",BBTHREE1,0
D,DISPATCH,UNIT_SCADA,1,"2019/09/05 15:20:00",BBTHREE2,0
D,DISPATCH,UNIT_SCADA,1,"2019/09/05 15:20:00",BBTHREE3,0
D,DISPATCH,UNIT_SCADA,1,"2019/09/05 15:20:00",BDL01,0
D,DISPATCH,UNIT_SCADA,1,"2019/09/05 15:20:00",BDL02,0
D,DISPATCH,UNIT_SCADA,1,"2019/09/05 15:20:00",BERYLSF1,74.379560
D,DISPATCH,UNIT_SCADA,1,"2019/09/05 15:20:00",BLOWERNG,14.90
D,DISPATCH,UNIT_SCADA,1,"2019/09/05 15:20:00",BLUFF1,31.90
D,DISPATCH,UNIT_SCADA,1,"2019/09/05 15:20:00",BNGSF1,96.88
D,DISPATCH,UNIT_SCADA,1,"2019/09/05 15:20:00",BNGSF2,20.03
D,DISPATCH,UNIT_SCADA,1,"2019/09/05 15:20:00",BOCORWF1,91.08
D,DISPATCH,UNIT_SCADA,1,"2019/09/05 15:20:00",BODWF1,56.933980
D,DISPATCH,UNIT_SCADA,1,"2019/09/05 15:20:00",BRAEMAR1,0
D,DISPATCH,UNIT_SCADA,1,"2019/09/05 15:20:00",BRAEMAR2,0
D,DISPATCH,UNIT_SCADA,1,"2019/09/05 15:20:00",BRAEMAR3,0
D,DISPATCH,UNIT_SCADA,1,"2019/09/05 15:20:00",BRAEMAR5,0
D,DISPATCH,UNIT_SCADA,1,"2019/09/05 15:20:00",BRAEMAR6,0
D,DISPATCH,UNIT_SCADA,1,"2019/09/05 15:20:00",BRAEMAR7,0
D,DISPATCH,UNIT_SCADA,1,"2019/09/05 15:20:00",BROKENH1,44.2356
D,DISPATCH,UNIT_SCADA,1,"2019/09/05 15:20:00",BW01,546.450070
D,DISPATCH,UNIT_SCADA,1,"2019/09/05 15:20:00",BW02,619.925050
D,DISPATCH,UNIT_SCADA,1,"2019/09/05 15:20:00",BW03,626.775020
D,DISPATCH,UNIT_SCADA,1,"2019/09/05 15:20:00",BW04,0
D,DISPATCH,UNIT_SCADA,1,"2019/09/05 15:20:00",CALL_B_1,303.300020
D,DISPATCH,UNIT_SCADA,1,"2019/09/05 15:20:00",CALL_B_2,222.900010
D,DISPATCH,UNIT_SCADA,1,"2019/09/05 15:20:00",CETHANA,97.825250
D,DISPATCH,UNIT_SCADA,1,"2019/09/05 15:20:00",CG1,0
D,DISPATCH,UNIT_SCADA,1,"2019/09/05 15:20:00",CG2,0
D,DISPATCH,UNIT_SCADA,1,"2019/09/05 15:20:00",CG3,0
D,DISPATCH,UNIT_SCADA,1,"2019/09/05 15:20:00",CG4,0
D,DISPATCH,UNIT_SCADA,1,"2019/09/05 15:20:00",CHILDSF1,50.44
D,DISPATCH,UNIT_SCADA,1,"2019/09/05 15:20:00",CLARESF1,47.183870
D,DISPATCH,UNIT_SCADA,1,"2019/09/05 15:20:00",CLEMGPWF,27.301270
D,DISPATCH,UNIT_SCADA,1,"2019/09/05 15:20:00",CLERMSF1,14.35
D,DISPATCH,UNIT_SCADA,1,"2019/09/05 15:20:00",COLEASF1,128.50
D,DISPATCH,UNIT_SCADA,1,"2019/09/05 15:20:00",COOPGWF1,6.517470
D,DISPATCH,UNIT_SCADA,1,"2019/09/05 15:20:00",CPP_3,250.80
D,DISPATCH,UNIT_SCADA,1,"2019/09/05 15:20:00",CPP_4,249.700010
D,DISPATCH,UNIT_SCADA,1,"2019/09/05 15:20:00",CPSA,75.269380
D,DISPATCH,UNIT_SCADA,1,"2019/09/05 15:20:00",CROOKWF2,3.176250
D,DISPATCH,UNIT_SCADA,1,"2019/09/05 15:20:00",CROWLWF1,2.563330
D,DISPATCH,UNIT_SCADA,1,"2019/09/05 15:20:00",CSPVPS1,26.5150
D,DISPATCH,UNIT_SCADA,1,"2019/09/05 15:20:00",DALNTH01,0
D,DISPATCH,UNIT_SCADA,1,"2019/09/05 15:20:00",DALNTHL1,0.163270
D,DISPATCH,UNIT_SCADA,1,"2019/09/05 15:20:00",DARTM1,0
D,DISPATCH,UNIT_SCADA,1,"2019/09/05 15:20:00",DAYDSF1,115.4090
D,DISPATCH,UNIT_SCADA,1,"2019/09/05 15:20:00",DDPS1,76.8096
D,DISPATCH,UNIT_SCADA,1,"2019/09/05 15:20:00",DDSF1,71.688190
D,DISPATCH,UNIT_SCADA,1,"2019/09/05 15:20:00",DEVILS_G,63.383280
D,DISPATCH,UNIT_SCADA,1,"2019/09/05 15:20:00",DG_NSW1,0
D,DISPATCH,UNIT_SCADA,1,"2019/09/05 15:20:00",DG_QLD1,0
D,DISPATCH,UNIT_SCADA,1,"2019/09/05 15:20:00",DG_SA1,0
D,DISPATCH,UNIT_SCADA,1,"2019/09/05 15:20:00",DG_TAS1,0
D,DISPATCH,UNIT_SCADA,1,"2019/09/05 15:20:00",DG_VIC1,0
D,DISPATCH,UNIT_SCADA,1,"2019/09/05 15:20:00",DRYCGT1,0
D,DISPATCH,UNIT_SCADA,1,"2019/09/05 15:20:00",DRYCGT2,0
D,DISPATCH,UNIT_SCADA,1,"2019/09/05 15:20:00",DRYCGT3,0
D,DISPATCH,UNIT_SCADA,1,"2019/09/05 15:20:00",EILDON1,0
D,DISPATCH,UNIT_SCADA,1,"2019/09/05 15:20:00",EILDON2,0
D,DISPATCH,UNIT_SCADA,1,"2019/09/05 15:20:00",EMERASF1,64.52
D,DISPATCH,UNIT_SCADA,1,"2019/09/05 15:20:00",ER01,570.575070
D,DISPATCH,UNIT_SCADA,1,"2019/09/05 15:20:00",ER02,358.6250
D,DISPATCH,UNIT_SCADA,1,"2019/09/05 15:20:00",ER03,0
D,DISPATCH,UNIT_SCADA,1,"2019/09/05 15:20:00",ER04,676.474980
D,DISPATCH,UNIT_SCADA,1,"2019/09/05 15:20:00",FINLYSF1,3.468750
D,DISPATCH,UNIT_SCADA,1,"2019/09/05 15:20:00",FISHER,45.89
D,DISPATCH,UNIT_SCADA,1,"2019/09/05 15:20:00",GANNBG1,2.178780
D,DISPATCH,UNIT_SCADA,1,"2019/09/05 15:20:00",GANNBL1,0
D,DISPATCH,UNIT_SCADA,1,"2019/09/05 15:20:00",GANNSF1,44.10
D,DISPATCH,UNIT_SCADA,1,"2019/09/05 15:20:00",GORDON,19.472880
D,DISPATCH,UNIT_SCADA,1,"2019/09/05 15:20:00",GSTONE1,140.524990
D,DISPATCH,UNIT_SCADA,1,"2019/09/05 15:20:00",GSTONE2,110.25
D,DISPATCH,UNIT_SCADA,1,"2019/09/05 15:20:00",GSTONE3,0
D,DISPATCH,UNIT_SCADA,1,"2019/09/05 15:20:00",GSTONE4,140.1750
D,DISPATCH,UNIT_SCADA,1,"2019/09/05 15:20:00",GSTONE5,139.474990
D,DISPATCH,UNIT_SCADA,1,"2019/09/05 15:20:00",GSTONE6,140.524990
D,DISPATCH,UNIT_SCADA,1,"2019/09/05 15:20:00",GULLRSF1,6.072110
D,DISPATCH,UNIT_SCADA,1,"2019/09/05 15:20:00",GULLRWF1,2.242520
D,DISPATCH,UNIT_SCADA,1,"2019/09/05 15:20:00",GUNNING1,-0.044890
D,DISPATCH,UNIT_SCADA,1,"2019/09/05 15:20:00",GUTHEGA,0
D,DISPATCH,UNIT_SCADA,1,"2019/09/05 15:20:00",HALLWF1,10.06
D,DISPATCH,UNIT_SCADA,1,"2019/09/05 15:20:00",HALLWF2,9.95
D,DISPATCH,UNIT_SCADA,1,"2019/09/05 15:20:00",HAMISF1,44
D,DISPATCH,UNIT_SCADA,1,"2019/09/05 15:20:00",HAUGHT11,92.782590
D,DISPATCH,UNIT_SCADA,1,"2019/09/05 15:20:00",HAYMSF1,40.2540
D,DISPATCH,UNIT_SCADA,1,"2019/09/05 15:20:00",HDWF1,58.50
D,DISPATCH,UNIT_SCADA,1,"2019/09/05 15:20:00",HDWF2,54.10
D,DISPATCH,UNIT_SCADA,1,"2019/09/05 15:20:00",HDWF3,66.50
D,DISPATCH,UNIT_SCADA,1,"2019/09/05 15:20:00",HPRG1,25.20
D,DISPATCH,UNIT_SCADA,1,"2019/09/05 15:20:00",HPRL1,0
D,DISPATCH,UNIT_SCADA,1,"2019/09/05 15:20:00",HUMENSW,0
D,DISPATCH,UNIT_SCADA,1,"2019/09/05 15:20:00",HUMEV,24.10
D,DISPATCH,UNIT_SCADA,1,"2019/09/05 15:20:00",HVGTS,0
D,DISPATCH,UNIT_SCADA,1,"2019/09/05 15:20:00",JBUTTERS,19.36
D,DISPATCH,UNIT_SCADA,1,"2019/09/05 15:20:00",JLA01,0.10
D,DISPATCH,UNIT_SCADA,1,"2019/09/05 15:20:00",JLA02,0
D,DISPATCH,UNIT_SCADA,1,"2019/09/05 15:20:00",JLA03,0
D,DISPATCH,UNIT_SCADA,1,"2019/09/05 15:20:00",JLA04,0
D,DISPATCH,UNIT_SCADA,1,"2019/09/05 15:20:00",JLB01,0
D,DISPATCH,UNIT_SCADA,1,"2019/09/05 15:20:00",JLB02,83.80
D,DISPATCH,UNIT_SCADA,1,"2019/09/05 15:20:00",JLB03,0
D,DISPATCH,UNIT_SCADA,1,"2019/09/05 15:20:00",KAREEYA1,21.51
D,DISPATCH,UNIT_SCADA,1,"2019/09/05 15:20:00",KAREEYA2,21.7725
D,DISPATCH,UNIT_SCADA,1,"2019/09/05 15:20:00",KAREEYA3,0
D,DISPATCH,UNIT_SCADA,1,"2019/09/05 15:20:00",KAREEYA4,21.5275
D,DISPATCH,UNIT_SCADA,1,"2019/09/05 15:20:00",KARSF1,77.60
D,DISPATCH,UNIT_SCADA,1,"2019/09/05 15:20:00",KIATAWF1,6.40
D,DISPATCH,UNIT_SCADA,1,"2019/09/05 15:20:00",KPP_1,0
D,DISPATCH,UNIT_SCADA,1,"2019/09/05 15:20:00",KSP1,46.10
D,DISPATCH,UNIT_SCADA,1,"2019/09/05 15:20:00",LADBROK1,0
D,DISPATCH,UNIT_SCADA,1,"2019/09/05 15:20:00",LADBROK2,0
D,DISPATCH,UNIT_SCADA,1,"2019/09/05 15:20:00",LD01,373.8938
D,DISPATCH,UNIT_SCADA,1,"2019/09/05 15:20:00",LD02,378.506290
D,DISPATCH,UNIT_SCADA,1,"2019/09/05 15:20:00",LD03,376.818790
D,DISPATCH,UNIT_SCADA,1,"2019/09/05 15:20:00",LD04,377.437470
D,DISPATCH,UNIT_SCADA,1,"2019/09/05 15:20:00",LEM_WIL,85.199150
D,DISPATCH,UNIT_SCADA,1,"2019/09/05 15:20:00",LGAPWF1,8.92
D,DISPATCH,UNIT_SCADA,1,"2019/09/05 15:20:00",LILYSF1,52.166650
D,DISPATCH,UNIT_SCADA,1,"2019/09/05 15:20:00",LI_WY_CA,133.9704
D,DISPATCH,UNIT_SCADA,1,"2019/09/05 15:20:00",LKBONNY2,30.627050
D,DISPATCH,UNIT_SCADA,1,"2019/09/05 15:20:00",LKBONNY3,15.183590
D,DISPATCH,UNIT_SCADA,1,"2019/09/05 15:20:00",LK_ECHO,0
D,DISPATCH,UNIT_SCADA,1,"2019/09/05 15:20:00",LNGS1,0
D,DISPATCH,UNIT_SCADA,1,"2019/09/05 15:20:00",LNGS2,0
D,DISPATCH,UNIT_SCADA,1,"2019/09/05 15:20:00",LONSDALE,0
D,DISPATCH,UNIT_SCADA,1,"2019/09/05 15:20:00",LOYYB1,536.088620
D,DISPATCH,UNIT_SCADA,1,"2019/09/05 15:20:00",LOYYB2,551.5025
D,DISPATCH,UNIT_SCADA,1,"2019/09/05 15:20:00",LYA1,0
D,DISPATCH,UNIT_SCADA,1,"2019/09/05 15:20:00",LYA2,0
D,DISPATCH,UNIT_SCADA,1,"2019/09/05 15:20:00",LYA3,561
D,DISPATCH,UNIT_SCADA,1,"2019/09/05 15:20:00",LYA4,540
D,DISPATCH,UNIT_SCADA,1,"2019/09/05 15:20:00",MACARTH1,332.292330
D,DISPATCH,UNIT_SCADA,1,"2019/09/05 15:20:00",MACKAYGT,0.2240
D,DISPATCH,UNIT_SCADA,1,"2019/09/05 15:20:00",MACKNTSH,88.87
D,DISPATCH,UNIT_SCADA,1,"2019/09/05 15:20:00",MANSLR1,39.6960
D,DISPATCH,UNIT_SCADA,1,"2019/09/05 15:20:00",MCKAY1,0.02
D,DISPATCH,UNIT_SCADA,1,"2019/09/05 15:20:00",MEADOWBK,34.124520
D,DISPATCH,UNIT_SCADA,1,"2019/09/05 15:20:00",MERCER01,25.53
D,DISPATCH,UNIT_SCADA,1,"2019/09/05 15:20:00",MEWF1,0
D,DISPATCH,UNIT_SCADA,1,"2019/09/05 15:20:00",MINTARO,0
D,DISPATCH,UNIT_SCADA,1,"2019/09/05 15:20:00",MOREESF1,49.61
D,DISPATCH,UNIT_SCADA,1,"2019/09/05 15:20:00",MORTLK11,171
D,DISPATCH,UNIT_SCADA,1,"2019/09/05 15:20:00",MORTLK12,0
D,DISPATCH,UNIT_SCADA,1,"2019/09/05 15:20:00",MP1,218.799990
D,DISPATCH,UNIT_SCADA,1,"2019/09/05 15:20:00",MP2,0
D,DISPATCH,UNIT_SCADA,1,"2019/09/05 15:20:00",MPP_1,385
D,DISPATCH,UNIT_SCADA,1,"2019/09/05 15:20:00",MPP_2,332.75
D,DISPATCH,UNIT_SCADA,1,"2019/09/05 15:20:00",MSTUART1,0
D,DISPATCH,UNIT_SCADA,1,"2019/09/05 15:20:00",MSTUART2,0
D,DISPATCH,UNIT_SCADA,1,"2019/09/05 15:20:00",MSTUART3,0
D,DISPATCH,UNIT_SCADA,1,"2019/09/05 15:20:00",MTGELWF1,28.875090
D,DISPATCH,UNIT_SCADA,1,"2019/09/05 15:20:00",MURRAY,0
D,DISPATCH,UNIT_SCADA,1,"2019/09/05 15:20:00",MUSSELR1,2.80
D,DISPATCH,UNIT_SCADA,1,"2019/09/05 15:20:00",MUWAWF1,9.16
D,DISPATCH,UNIT_SCADA,1,"2019/09/05 15:20:00",NBHWF1,93.10
D,DISPATCH,UNIT_SCADA,1,"2019/09/05 15:20:00",NPS,0
D,DISPATCH,UNIT_SCADA,1,"2019/09/05 15:20:00",NUMURSF1,57.20
D,DISPATCH,UNIT_SCADA,1,"2019/09/05 15:20:00",NYNGAN1,71.75
D,DISPATCH,UNIT_SCADA,1,"2019/09/05 15:20:00",OAKEY1,0
D,DISPATCH,UNIT_SCADA,1,"2019/09/05 15:20:00",OAKEY1SF,23.1060
D,DISPATCH,UNIT_SCADA,1,"2019/09/05 15:20:00",OAKEY2,0
D,DISPATCH,UNIT_SCADA,1,"2019/09/05 15:20:00",OAKEY2SF,0
D,DISPATCH,UNIT_SCADA,1,"2019/09/05 15:20:00",OAKLAND1,17.60
D,DISPATCH,UNIT_SCADA,1,"2019/09/05 15:20:00",OSB-AG,140.239990
D,DISPATCH,UNIT_SCADA,1,"2019/09/05 15:20:00",PARSF1,46.399990
D,DISPATCH,UNIT_SCADA,1,"2019/09/05 15:20:00",POAT110,0
D,DISPATCH,UNIT_SCADA,1,"2019/09/05 15:20:00",POAT220,0
D,DISPATCH,UNIT_SCADA,1,"2019/09/05 15:20:00",POR01,0
D,DISPATCH,UNIT_SCADA,1,"2019/09/05 15:20:00",POR03,0
D,DISPATCH,UNIT_SCADA,1,"2019/09/05 15:20:00",PPCCGT,124.561560
D,DISPATCH,UNIT_SCADA,1,"2019/09/05 15:20:00",PTSTAN1,0
D,DISPATCH,UNIT_SCADA,1,"2019/09/05 15:20:00",PUMP1,0
D,DISPATCH,UNIT_SCADA,1,"2019/09/05 15:20:00",PUMP2,0
D,DISPATCH,UNIT_SCADA,1,"2019/09/05 15:20:00",QPS1,0
D,DISPATCH,UNIT_SCADA,1,"2019/09/05 15:20:00",QPS2,0
D,DISPATCH,UNIT_SCADA,1,"2019/09/05 15:20:00",QPS3,0
D,DISPATCH,UNIT_SCADA,1,"2019/09/05 15:20:00",QPS4,0
D,DISPATCH,UNIT_SCADA,1,"2019/09/05 15:20:00",QPS5,0
D,DISPATCH,UNIT_SCADA,1,"2019/09/05 15:20:00",REECE1,102.720010
D,DISPATCH,UNIT_SCADA,1,"2019/09/05 15:20:00",REECE2,101.550010
D,DISPATCH,UNIT_SCADA,1,"2019/09/05 15:20:00",ROMA_7,0
D,DISPATCH,UNIT_SCADA,1,"2019/09/05 15:20:00",ROMA_8,0
D,DISPATCH,UNIT_SCADA,1,"2019/09/05 15:20:00",RRSF1,113.543620
D,DISPATCH,UNIT_SCADA,1,"2019/09/05 15:20:00",RT_NSW1,0
D,DISPATCH,UNIT_SCADA,1,"2019/09/05 15:20:00",RT_NSW2,0
D,DISPATCH,UNIT_SCADA,1,"2019/09/05 15:20:00",RT_NSW3,0
D,DISPATCH,UNIT_SCADA,1,"2019/09/05 15:20:00",RT_NSW4,0
D,DISPATCH,UNIT_SCADA,1,"2019/09/05 15:20:00",RT_NSW5,0
D,DISPATCH,UNIT_SCADA,1,"2019/09/05 15:20:00",RT_NSW6,0
D,DISPATCH,UNIT_SCADA,1,"2019/09/05 15:20:00",RT_QLD1,0
D,DISPATCH,UNIT_SCADA,1,"2019/09/05 15:20:00",RT_SA1,0
D,DISPATCH,UNIT_SCADA,1,"2019/09/05 15:20:00",RT_SA2,0
D,DISPATCH,UNIT_SCADA,1,"2019/09/05 15:20:00",RT_SA3,0
D,DISPATCH,UNIT_SCADA,1,"2019/09/05 15:20:00",RT_SA4,0
D,DISPATCH,UNIT_SCADA,1,"2019/09/05 15:20:00",RT_SA5,0
D,DISPATCH,UNIT_SCADA,1,"2019/09/05 15:20:00",RT_SA6,0
D,DISPATCH,UNIT_SCADA,1,"2019/09/05 15:20:00",RT_TAS1,0
D,DISPATCH,UNIT_SCADA,1,"2019/09/05 15:20:00",RT_VIC1,0
D,DISPATCH,UNIT_SCADA,1,"2019/09/05 15:20:00",RT_VIC10,0
D,DISPATCH,UNIT_SCADA,1,"2019/09/05 15:20:00",RT_VIC11,0
D,DISPATCH,UNIT_SCADA,1,"2019/09/05 15:20:00",RT_VIC12,0
D,DISPATCH,UNIT_SCADA,1,"2019/09/05 15:20:00",RT_VIC2,0
D,DISPATCH,UNIT_SCADA,1,"2019/09/05 15:20:00",RT_VIC3,0
D,DISPATCH,UNIT_SCADA,1,"2019/09/05 15:20:00",RT_VIC4,0
D,DISPATCH,UNIT_SCADA,1,"2019/09/05 15:20:00",RT_VIC5,0
D,DISPATCH,UNIT_SCADA,1,"2019/09/05 15:20:00",RT_VIC6,0
D,DISPATCH,UNIT_SCADA,1,"2019/09/05 15:20:00",RT_VIC7,0
D,DISPATCH,UNIT_SCADA,1,"2019/09/05 15:20:00",RT_VIC8,0
D,DISPATCH,UNIT_SCADA,1,"2019/09/05 15:20:00",RT_VIC9,0
D,DISPATCH,UNIT_SCADA,1,"2019/09/05 15:20:00",RUGBYR1,51.234820
D,DISPATCH,UNIT_SCADA,1,"2019/09/05 15:20:00",SALTCRK1,19.18
D,DISPATCH,UNIT_SCADA,1,"2019/09/05 15:20:00",SAPHWF1,100.575010
D,DISPATCH,UNIT_SCADA,1,"2019/09/05 15:20:00",SHGEN,0
D,DISPATCH,UNIT_SCADA,1,"2019/09/05 15:20:00",SHPUMP,0
D,DISPATCH,UNIT_SCADA,1,"2019/09/05 15:20:00",SITHE01,0.214140
D,DISPATCH,UNIT_SCADA,1,"2019/09/05 15:20:00",SMCSF1,65.937520
D,DISPATCH,UNIT_SCADA,1,"2019/09/05 15:20:00",SNOWNTH1,76.10
D,DISPATCH,UNIT_SCADA,1,"2019/09/05 15:20:00",SNOWSTH1,88.20
D,DISPATCH,UNIT_SCADA,1,"2019/09/05 15:20:00",SNOWTWN1,33.366180
D,DISPATCH,UNIT_SCADA,1,"2019/09/05 15:20:00",SNOWYP,0
D,DISPATCH,UNIT_SCADA,1,"2019/09/05 15:20:00",SNUG1,0.019440
D,DISPATCH,UNIT_SCADA,1,"2019/09/05 15:20:00",SRSF1,34.42
D,DISPATCH,UNIT_SCADA,1,"2019/09/05 15:20:00",STAN-1,353.4252
D,DISPATCH,UNIT_SCADA,1,"2019/09/05 15:20:00",STAN-2,224.555040
D,DISPATCH,UNIT_SCADA,1,"2019/09/05 15:20:00",STAN-3,225.657360
D,DISPATCH,UNIT_SCADA,1,"2019/09/05 15:20:00",STAN-4,218.735760
D,DISPATCH,UNIT_SCADA,1,"2019/09/05 15:20:00",STWF1,0
D,DISPATCH,UNIT_SCADA,1,"2019/09/05 15:20:00",SWAN_E,0
D,DISPATCH,UNIT_SCADA,1,"2019/09/05 15:20:00",TALWA1,299
D,DISPATCH,UNIT_SCADA,1,"2019/09/05 15:20:00",TARALGA1,6.933750
D,DISPATCH,UNIT_SCADA,1,"2019/09/05 15:20:00",TARONG#1,349.300020
D,DISPATCH,UNIT_SCADA,1,"2019/09/05 15:20:00",TARONG#2,0
D,DISPATCH,UNIT_SCADA,1,"2019/09/05 15:20:00",TARONG#3,278.50
D,DISPATCH,UNIT_SCADA,1,"2019/09/05 15:20:00",TARONG#4,349.800020
D,DISPATCH,UNIT_SCADA,1,"2019/09/05 15:20:00",TARRALEA,74
D,DISPATCH,UNIT_SCADA,1,"2019/09/05 15:20:00",TBSF1,0
D,DISPATCH,UNIT_SCADA,1,"2019/09/05 15:20:00",TNPS1,379.000030
D,DISPATCH,UNIT_SCADA,1,"2019/09/05 15:20:00",TORRA1,39.598180
D,DISPATCH,UNIT_SCADA,1,"2019/09/05 15:20:00",TORRA2,0
D,DISPATCH,UNIT_SCADA,1,"2019/09/05 15:20:00",TORRA3,0
D,DISPATCH,UNIT_SCADA,1,"2019/09/05 15:20:00",TORRA4,38.7536
D,DISPATCH,UNIT_SCADA,1,"2019/09/05 15:20:00",TORRB1,39.64
D,DISPATCH,UNIT_SCADA,1,"2019/09/05 15:20:00",TORRB2,58.33
D,DISPATCH,UNIT_SCADA,1,"2019/09/05 15:20:00",TORRB3,39.43
D,DISPATCH,UNIT_SCADA,1,"2019/09/05 15:20:00",TORRB4,0
D,DISPATCH,UNIT_SCADA,1,"2019/09/05 15:20:00",TREVALLN,91.440030
D,DISPATCH,UNIT_SCADA,1,"2019/09/05 15:20:00",TRIBUTE,0
D,DISPATCH,UNIT_SCADA,1,"2019/09/05 15:20:00",TUMUT3,0
D,DISPATCH,UNIT_SCADA,1,"2019/09/05 15:20:00",TUNGATIN,28.70
D,DISPATCH,UNIT_SCADA,1,"2019/09/05 15:20:00",TVCC201,0
D,DISPATCH,UNIT_SCADA,1,"2019/09/05 15:20:00",TVPP104,0
D,DISPATCH,UNIT_SCADA,1,"2019/09/05 15:20:00",UPPTUMUT,89.442730
D,DISPATCH,UNIT_SCADA,1,"2019/09/05 15:20:00",URANQ11,0
D,DISPATCH,UNIT_SCADA,1,"2019/09/05 15:20:00",URANQ12,0
D,DISPATCH,UNIT_SCADA,1,"2019/09/05 15:20:00",URANQ13,154.924990
D,DISPATCH,UNIT_SCADA,1,"2019/09/05 15:20:00",URANQ14,0
D,DISPATCH,UNIT_SCADA,1,"2019/09/05 15:20:00",VP5,522.424990
D,DISPATCH,UNIT_SCADA,1,"2019/09/05 15:20:00",VP6,0
D,DISPATCH,UNIT_SCADA,1,"2019/09/05 15:20:00",VPGS1,0
D,DISPATCH,UNIT_SCADA,1,"2019/09/05 15:20:00",VPGS2,0
D,DISPATCH,UNIT_SCADA,1,"2019/09/05 15:20:00",VPGS3,0
D,DISPATCH,UNIT_SCADA,1,"2019/09/05 15:20:00",VPGS4,0
D,DISPATCH,UNIT_SCADA,1,"2019/09/05 15:20:00",VPGS5,0
D,DISPATCH,UNIT_SCADA,1,"2019/09/05 15:20:00",VPGS6,0
D,DISPATCH,UNIT_SCADA,1,"2019/09/05 15:20:00",W/HOE#1,0
D,DISPATCH,UNIT_SCADA,1,"2019/09/05 15:20:00",W/HOE#2,0
D,DISPATCH,UNIT_SCADA,1,"2019/09/05 15:20:00",WATERLWF,98.30
D,DISPATCH,UNIT_SCADA,1,"2019/09/05 15:20:00",WEMENSF1,69
D,DISPATCH,UNIT_SCADA,1,"2019/09/05 15:20:00",WGWF1,67.60
D,DISPATCH,UNIT_SCADA,1,"2019/09/05 15:20:00",WHITSF1,38.20
D,DISPATCH,UNIT_SCADA,1,"2019/09/05 15:20:00",WKIEWA1,0
D,DISPATCH,UNIT_SCADA,1,"2019/09/05 15:20:00",WKIEWA2,0.10
D,DISPATCH,UNIT_SCADA,1,"2019/09/05 15:20:00",WOODLWN1,1.403990
D,DISPATCH,UNIT_SCADA,1,"2019/09/05 15:20:00",WRSF1,12.90
D,DISPATCH,UNIT_SCADA,1,"2019/09/05 15:20:00",WRWF1,91.491250
D,DISPATCH,UNIT_SCADA,1,"2019/09/05 15:20:00",YABULU,0
D,DISPATCH,UNIT_SCADA,1,"2019/09/05 15:20:00",YABULU2,0
D,DISPATCH,UNIT_SCADA,1,"2019/09/05 15:20:00",YARWUN_1,119.05
D,DISPATCH,UNIT_SCADA,1,"2019/09/05 15:20:00",YENDWF1,27.40
D,DISPATCH,UNIT_SCADA,1,"2019/09/05 15:20:00",YWPS1,377.944310
D,DISPATCH,UNIT_SCADA,1,"2019/09/05 15:20:00",YWPS2,277.189880
D,DISPATCH,UNIT_SCADA,1,"2019/09/05 15:20:00",YWPS3,327.773410
D,DISPATCH,UNIT_SCADA,1,"2019/09/05 15:20:00",YWPS4,386.769620
C,"END OF REPORT",335
