C,NEMP.WORLD,DISPATCHSCADA,AEMO,PUBLIC,2019/08/21,18:00:08,0000000311835705,DISPATCHSCADA,0000000311835699
I,DISPATCH,UNIT_SCADA,1,SETTLEMENTDATE,DUID,SCADAVALUE
D,DISPATCH,UNIT_SCADA,1,"2019/08/21 18:05:00",BARCSF1,0.70
D,DISPATCH,UNIT_SCADA,1,"2019/08/21 18:05:00",BUTLERSG,9.599998
D,DISPATCH,UNIT_SCADA,1,"2019/08/21 18:05:00",CALL_A_4,0
D,DISPATCH,UNIT_SCADA,1,"2019/08/21 18:05:00",CAPTL_WF,131.987991
D,DISPATCH,UNIT_SCADA,1,"2019/08/21 18:05:00",CATHROCK,35.419998
D,DISPATCH,UNIT_SCADA,1,"2019/08/21 18:05:00",CHALLHWF,25.10
D,DISPATCH,UNIT_SCADA,1,"2019/08/21 18:05:00",CLOVER,-0.01
D,DISPATCH,UNIT_SCADA,1,"2019/08/21 18:05:00",CLUNY,20.145113
D,DISPATCH,UNIT_SCADA,1,"2019/08/21 18:05:00",CNUNDAWF,40.947769
D,DISPATCH,UNIT_SCADA,1,"2019/08/21 18:05:00",CULLRGWF,28.32
D,DISPATCH,UNIT_SCADA,1,"2019/08/21 18:05:00",ERGT01,0
D,DISPATCH,UNIT_SCADA,1,"2019/08/21 18:05:00",GB01,0.069134
D,DISPATCH,UNIT_SCADA,1,"2019/08/21 18:05:00",GERMCRK,34.299999
D,DISPATCH,UNIT_SCADA,1,"2019/08/21 18:05:00",GRIFSF1,0
D,DISPATCH,UNIT_SCADA,1,"2019/08/21 18:05:00",HUGSF1,0.0570
D,DISPATCH,UNIT_SCADA,1,"2019/08/21 18:05:00",LKBONNY1,70.107849
D,DISPATCH,UNIT_SCADA,1,"2019/08/21 18:05:00",LRSF1,0.14
D,DISPATCH,UNIT_SCADA,1,"2019/08/21 18:05:00",MBAHNTH,55.856247
D,DISPATCH,UNIT_SCADA,1,"2019/08/21 18:05:00",MLSP1,0.271001
D,DISPATCH,UNIT_SCADA,1,"2019/08/21 18:05:00",MLWF1,18.630001
D,DISPATCH,UNIT_SCADA,1,"2019/08/21 18:05:00",MTMILLAR,16.147646
D,DISPATCH,UNIT_SCADA,1,"2019/08/21 18:05:00",PALOONA,24.059999
D,DISPATCH,UNIT_SCADA,1,"2019/08/21 18:05:00",PIONEER,30.50
D,DISPATCH,UNIT_SCADA,1,"2019/08/21 18:05:00",PORTWF,140.800003
D,DISPATCH,UNIT_SCADA,1,"2019/08/21 18:05:00",REPULSE,28.853590
D,DISPATCH,UNIT_SCADA,1,"2019/08/21 18:05:00",ROWALLAN,10.2737
D,DISPATCH,UNIT_SCADA,1,"2019/08/21 18:05:00",ROYALLA1,0
D,DISPATCH,UNIT_SCADA,1,"2019/08/21 18:05:00",RPCG,10.20
D,DISPATCH,UNIT_SCADA,1,"2019/08/21 18:05:00",RUBICON,0
D,DISPATCH,UNIT_SCADA,1,"2019/08/21 18:05:00",SATGN1,0
D,DISPATCH,UNIT_SCADA,1,"2019/08/21 18:05:00",SATGS1,0
D,DISPATCH,UNIT_SCADA,1,"2019/08/21 18:05:00",STARHLWF,3.698921
D,DISPATCH,UNIT_SCADA,1,"2019/08/21 18:05:00",WAUBRAWF,149.695999
D,DISPATCH,UNIT_SCADA,1,"2019/08/21 18:05:00",WOOLNTH1,132.080017
D,DISPATCH,UNIT_SCADA,1,"2019/08/21 18:05:00",WPWF,63
D,DISPATCH,UNIT_SCADA,1,"2019/08/21 18:05:00",YAMBUKWF,29.10
D,DISPATCH,UNIT_SCADA,1,"2019/08/21 18:05:00",YSWF1,28.40
D,DISPATCH,UNIT_SCADA,1,"2019/08/21 18:05:00",AGLHAL,0
D,DISPATCH,UNIT_SCADA,1,"2019/08/21 18:05:00",AGLSOM,0
D,DISPATCH,UNIT_SCADA,1,"2019/08/21 18:05:00",ANGAST1,0
D,DISPATCH,UNIT_SCADA,1,"2019/08/21 18:05:00",ARWF1,100.599990
D,DISPATCH,UNIT_SCADA,1,"2019/08/21 18:05:00",BALBG1,0
D,DISPATCH,UNIT_SCADA,1,"2019/08/21 18:05:00",BALBL1,4.82
D,DISPATCH,UNIT_SCADA,1,"2019/08/21 18:05:00",BALDHWF1,101.3360
D,DISPATCH,UNIT_SCADA,1,"2019/08/21 18:05:00",BANN1,0.25
D,DISPATCH,UNIT_SCADA,1,"2019/08/21 18:05:00",BARCALDN,0
D,DISPATCH,UNIT_SCADA,1,"2019/08/21 18:05:00",BARRON-1,0
D,DISPATCH,UNIT_SCADA,1,"2019/08/21 18:05:00",BARRON-2,27.32
D,DISPATCH,UNIT_SCADA,1,"2019/08/21 18:05:00",BASTYAN,77.19
D,DISPATCH,UNIT_SCADA,1,"2019/08/21 18:05:00",BBTHREE1,-1.89
D,DISPATCH,UNIT_SCADA,1,"2019/08/21 18:05:00",BBTHREE2,-1.94
D,DISPATCH,UNIT_SCADA,1,"2019/08/21 18:05:00",BBTHREE3,0
D,DISPATCH,UNIT_SCADA,1,"2019/08/21 18:05:00",BDL01,42.78
D,DISPATCH,UNIT_SCADA,1,"2019/08/21 18:05:00",BDL02,0
D,DISPATCH,UNIT_SCADA,1,"2019/08/21 18:05:00",BERYLSF1,0
D,DISPATCH,UNIT_SCADA,1,"2019/08/21 18:05:00",BLOWERNG,0
D,DISPATCH,UNIT_SCADA,1,"2019/08/21 18:05:00",BLUFF1,36.20
D,DISPATCH,UNIT_SCADA,1,"2019/08/21 18:05:00",BNGSF1,3.96
D,DISPATCH,UNIT_SCADA,1,"2019/08/21 18:05:00",BNGSF2,1.29
D,DISPATCH,UNIT_SCADA,1,"2019/08/21 18:05:00",BOCORWF1,109.18
D,DISPATCH,UNIT_SCADA,1,"2019/08/21 18:05:00",BODWF1,85.133040
D,DISPATCH,UNIT_SCADA,1,"2019/08/21 18:05:00",BRAEMAR1,0
D,DISPATCH,UNIT_SCADA,1,"2019/08/21 18:05:00",BRAEMAR2,173.200010
D,DISPATCH,UNIT_SCADA,1,"2019/08/21 18:05:00",BRAEMAR3,0
D,DISPATCH,UNIT_SCADA,1,"2019/08/21 18:05:00",BRAEMAR5,0
D,DISPATCH,UNIT_SCADA,1,"2019/08/21 18:05:00",BRAEMAR6,0
D,DISPATCH,UNIT_SCADA,1,"2019/08/21 18:05:00",BRAEMAR7,0
D,DISPATCH,UNIT_SCADA,1,"2019/08/21 18:05:00",BROKENH1,0
D,DISPATCH,UNIT_SCADA,1,"2019/08/21 18:05:00",BW01,623.3750
D,DISPATCH,UNIT_SCADA,1,"2019/08/21 18:05:00",BW02,628.3750
D,DISPATCH,UNIT_SCADA,1,"2019/08/21 18:05:00",BW03,622.224980
D,DISPATCH,UNIT_SCADA,1,"2019/08/21 18:05:00",BW04,0
D,DISPATCH,UNIT_SCADA,1,"2019/08/21 18:05:00",CALL_B_1,350.100010
D,DISPATCH,UNIT_SCADA,1,"2019/08/21 18:05:00",CALL_B_2,350.300020
D,DISPATCH,UNIT_SCADA,1,"2019/08/21 18:05:00",CETHANA,98.483880
D,DISPATCH,UNIT_SCADA,1,"2019/08/21 18:05:00",CG1,0
D,DISPATCH,UNIT_SCADA,1,"2019/08/21 18:05:00",CG2,0
D,DISPATCH,UNIT_SCADA,1,"2019/08/21 18:05:00",CG3,0
D,DISPATCH,UNIT_SCADA,1,"2019/08/21 18:05:00",CG4,0
D,DISPATCH,UNIT_SCADA,1,"2019/08/21 18:05:00",CHILDSF1,0.01
D,DISPATCH,UNIT_SCADA,1,"2019/08/21 18:05:00",CLARESF1,0
D,DISPATCH,UNIT_SCADA,1,"2019/08/21 18:05:00",CLEMGPWF,18.945210
D,DISPATCH,UNIT_SCADA,1,"2019/08/21 18:05:00",CLERMSF1,0.50
D,DISPATCH,UNIT_SCADA,1,"2019/08/21 18:05:00",COLEASF1,0
D,DISPATCH,UNIT_SCADA,1,"2019/08/21 18:05:00",COOPGWF1,23.0376
D,DISPATCH,UNIT_SCADA,1,"2019/08/21 18:05:00",CPP_3,405.075010
D,DISPATCH,UNIT_SCADA,1,"2019/08/21 18:05:00",CPP_4,403.975010
D,DISPATCH,UNIT_SCADA,1,"2019/08/21 18:05:00",CPSA,141.403120
D,DISPATCH,UNIT_SCADA,1,"2019/08/21 18:05:00",CROOKWF2,91.583760
D,DISPATCH,UNIT_SCADA,1,"2019/08/21 18:05:00",CROWLWF1,27.026430
D,DISPATCH,UNIT_SCADA,1,"2019/08/21 18:05:00",CSPVPS1,0.0430
D,DISPATCH,UNIT_SCADA,1,"2019/08/21 18:05:00",DALNTH01,0.059510
D,DISPATCH,UNIT_SCADA,1,"2019/08/21 18:05:00",DALNTHL1,0
D,DISPATCH,UNIT_SCADA,1,"2019/08/21 18:05:00",DARTM1,132.30
D,DISPATCH,UNIT_SCADA,1,"2019/08/21 18:05:00",DAYDSF1,0
D,DISPATCH,UNIT_SCADA,1,"2019/08/21 18:05:00",DDPS1,349.449830
D,DISPATCH,UNIT_SCADA,1,"2019/08/21 18:05:00",DDSF1,0
D,DISPATCH,UNIT_SCADA,1,"2019/08/21 18:05:00",DEVILS_G,0
D,DISPATCH,UNIT_SCADA,1,"2019/08/21 18:05:00",DG_NSW1,0
D,DISPATCH,UNIT_SCADA,1,"2019/08/21 18:05:00",DG_QLD1,0
D,DISPATCH,UNIT_SCADA,1,"2019/08/21 18:05:00",DG_SA1,0
D,DISPATCH,UNIT_SCADA,1,"2019/08/21 18:05:00",DG_TAS1,0
D,DISPATCH,UNIT_SCADA,1,"2019/08/21 18:05:00",DG_VIC1,0
D,DISPATCH,UNIT_SCADA,1,"2019/08/21 18:05:00",DRYCGT1,0
D,DISPATCH,UNIT_SCADA,1,"2019/08/21 18:05:00",DRYCGT2,0
D,DISPATCH,UNIT_SCADA,1,"2019/08/21 18:05:00",DRYCGT3,0
D,DISPATCH,UNIT_SCADA,1,"2019/08/21 18:05:00",EILDON1,0
D,DISPATCH,UNIT_SCADA,1,"2019/08/21 18:05:00",EILDON2,0
D,DISPATCH,UNIT_SCADA,1,"2019/08/21 18:05:00",EMERASF1,0
D,DISPATCH,UNIT_SCADA,1,"2019/08/21 18:05:00",ER01,573.349980
D,DISPATCH,UNIT_SCADA,1,"2019/08/21 18:05:00",ER02,601.050050
D,DISPATCH,UNIT_SCADA,1,"2019/08/21 18:05:00",ER03,699.8750
D,DISPATCH,UNIT_SCADA,1,"2019/08/21 18:05:00",ER04,677.175050
D,DISPATCH,UNIT_SCADA,1,"2019/08/21 18:05:00",FINLYSF1,0
D,DISPATCH,UNIT_SCADA,1,"2019/08/21 18:05:00",FISHER,45.50
D,DISPATCH,UNIT_SCADA,1,"2019/08/21 18:05:00",GANNBG1,0
D,DISPATCH,UNIT_SCADA,1,"2019/08/21 18:05:00",GANNBL1,0.001370
D,DISPATCH,UNIT_SCADA,1,"2019/08/21 18:05:00",GANNSF1,0
D,DISPATCH,UNIT_SCADA,1,"2019/08/21 18:05:00",GORDON,101.239590
D,DISPATCH,UNIT_SCADA,1,"2019/08/21 18:05:00",GSTONE1,214.899990
D,DISPATCH,UNIT_SCADA,1,"2019/08/21 18:05:00",GSTONE2,220.3250
D,DISPATCH,UNIT_SCADA,1,"2019/08/21 18:05:00",GSTONE3,260.75
D,DISPATCH,UNIT_SCADA,1,"2019/08/21 18:05:00",GSTONE4,214.20
D,DISPATCH,UNIT_SCADA,1,"2019/08/21 18:05:00",GSTONE5,213.149990
D,DISPATCH,UNIT_SCADA,1,"2019/08/21 18:05:00",GSTONE6,0
D,DISPATCH,UNIT_SCADA,1,"2019/08/21 18:05:00",GULLRSF1,0
D,DISPATCH,UNIT_SCADA,1,"2019/08/21 18:05:00",GULLRWF1,155.233670
D,DISPATCH,UNIT_SCADA,1,"2019/08/21 18:05:00",GUNNING1,45.983460
D,DISPATCH,UNIT_SCADA,1,"2019/08/21 18:05:00",GUTHEGA,31
D,DISPATCH,UNIT_SCADA,1,"2019/08/21 18:05:00",HALLWF1,48.60
D,DISPATCH,UNIT_SCADA,1,"2019/08/21 18:05:00",HALLWF2,35.04
D,DISPATCH,UNIT_SCADA,1,"2019/08/21 18:05:00",HAMISF1,0
D,DISPATCH,UNIT_SCADA,1,"2019/08/21 18:05:00",HAUGHT11,0
D,DISPATCH,UNIT_SCADA,1,"2019/08/21 18:05:00",HAYMSF1,0
D,DISPATCH,UNIT_SCADA,1,"2019/08/21 18:05:00",HDWF1,49.90
D,DISPATCH,UNIT_SCADA,1,"2019/08/21 18:05:00",HDWF2,39.20
D,DISPATCH,UNIT_SCADA,1,"2019/08/21 18:05:00",HDWF3,46.80
D,DISPATCH,UNIT_SCADA,1,"2019/08/21 18:05:00",HPRG1,0
D,DISPATCH,UNIT_SCADA,1,"2019/08/21 18:05:00",HPRL1,19.40
D,DISPATCH,UNIT_SCADA,1,"2019/08/21 18:05:00",HUMENSW,0
D,DISPATCH,UNIT_SCADA,1,"2019/08/21 18:05:00",HUMEV,9.10
D,DISPATCH,UNIT_SCADA,1,"2019/08/21 18:05:00",HVGTS,0
D,DISPATCH,UNIT_SCADA,1,"2019/08/21 18:05:00",JBUTTERS,136.19
D,DISPATCH,UNIT_SCADA,1,"2019/08/21 18:05:00",JLA01,0.50
D,DISPATCH,UNIT_SCADA,1,"2019/08/21 18:05:00",JLA02,0
D,DISPATCH,UNIT_SCADA,1,"2019/08/21 18:05:00",JLA03,0.10
D,DISPATCH,UNIT_SCADA,1,"2019/08/21 18:05:00",JLA04,0.10
D,DISPATCH,UNIT_SCADA,1,"2019/08/21 18:05:00",JLB01,0
D,DISPATCH,UNIT_SCADA,1,"2019/08/21 18:05:00",JLB02,0.10
D,DISPATCH,UNIT_SCADA,1,"2019/08/21 18:05:00",JLB03,0
D,DISPATCH,UNIT_SCADA,1,"2019/08/21 18:05:00",KAREEYA1,21.4150
D,DISPATCH,UNIT_SCADA,1,"2019/08/21 18:05:00",KAREEYA2,21.5425
D,DISPATCH,UNIT_SCADA,1,"2019/08/21 18:05:00",KAREEYA3,0
D,DISPATCH,UNIT_SCADA,1,"2019/08/21 18:05:00",KAREEYA4,21.5425
D,DISPATCH,UNIT_SCADA,1,"2019/08/21 18:05:00",KARSF1,0.40
D,DISPATCH,UNIT_SCADA,1,"2019/08/21 18:05:00",KIATAWF1,30
D,DISPATCH,UNIT_SCADA,1,"2019/08/21 18:05:00",KPP_1,0
D,DISPATCH,UNIT_SCADA,1,"2019/08/21 18:05:00",KSP1,1.79
D,DISPATCH,UNIT_SCADA,1,"2019/08/21 18:05:00",LADBROK1,41.84
D,DISPATCH,UNIT_SCADA,1,"2019/08/21 18:05:00",LADBROK2,42.63
D,DISPATCH,UNIT_SCADA,1,"2019/08/21 18:05:00",LD01,419.1188
D,DISPATCH,UNIT_SCADA,1,"2019/08/21 18:05:00",LD02,418.6875
D,DISPATCH,UNIT_SCADA,1,"2019/08/21 18:05:00",LD03,417.356230
D,DISPATCH,UNIT_SCADA,1,"2019/08/21 18:05:00",LD04,377.3812
D,DISPATCH,UNIT_SCADA,1,"2019/08/21 18:05:00",LEM_WIL,85.884950
D,DISPATCH,UNIT_SCADA,1,"2019/08/21 18:05:00",LGAPWF1,11.82
D,DISPATCH,UNIT_SCADA,1,"2019/08/21 18:05:00",LILYSF1,0
D,DISPATCH,UNIT_SCADA,1,"2019/08/21 18:05:00",LI_WY_CA,149.467910
D,DISPATCH,UNIT_SCADA,1,"2019/08/21 18:05:00",LKBONNY2,151.4679
D,DISPATCH,UNIT_SCADA,1,"2019/08/21 18:05:00",LKBONNY3,35.223690
D,DISPATCH,UNIT_SCADA,1,"2019/08/21 18:05:00",LK_ECHO,0
D,DISPATCH,UNIT_SCADA,1,"2019/08/21 18:05:00",LNGS1,0
D,DISPATCH,UNIT_SCADA,1,"2019/08/21 18:05:00",LNGS2,0
D,DISPATCH,UNIT_SCADA,1,"2019/08/21 18:05:00",LONSDALE,0
D,DISPATCH,UNIT_SCADA,1,"2019/08/21 18:05:00",LOYYB1,529.697450
D,DISPATCH,UNIT_SCADA,1,"2019/08/21 18:05:00",LOYYB2,584.210140
D,DISPATCH,UNIT_SCADA,1,"2019/08/21 18:05:00",LYA1,559
D,DISPATCH,UNIT_SCADA,1,"2019/08/21 18:05:00",LYA2,0
D,DISPATCH,UNIT_SCADA,1,"2019/08/21 18:05:00",LYA3,558
D,DISPATCH,UNIT_SCADA,1,"2019/08/21 18:05:00",LYA4,529
D,DISPATCH,UNIT_SCADA,1,"2019/08/21 18:05:00",MACARTH1,345.392030
D,DISPATCH,UNIT_SCADA,1,"2019/08/21 18:05:00",MACKAYGT,0
D,DISPATCH,UNIT_SCADA,1,"2019/08/21 18:05:00",MACKNTSH,83.38
D,DISPATCH,UNIT_SCADA,1,"2019/08/21 18:05:00",MANSLR1,0
D,DISPATCH,UNIT_SCADA,1,"2019/08/21 18:05:00",MCKAY1,0.02
D,DISPATCH,UNIT_SCADA,1,"2019/08/21 18:05:00",MEADOWBK,33.495760
D,DISPATCH,UNIT_SCADA,1,"2019/08/21 18:05:00",MERCER01,118.166990
D,DISPATCH,UNIT_SCADA,1,"2019/08/21 18:05:00",MEWF1,43.638790
D,DISPATCH,UNIT_SCADA,1,"2019/08/21 18:05:00",MINTARO,0
D,DISPATCH,UNIT_SCADA,1,"2019/08/21 18:05:00",MOREESF1,0
D,DISPATCH,UNIT_SCADA,1,"2019/08/21 18:05:00",MORTLK11,0
D,DISPATCH,UNIT_SCADA,1,"2019/08/21 18:05:00",MORTLK12,0
D,DISPATCH,UNIT_SCADA,1,"2019/08/21 18:05:00",MP1,289.525020
D,DISPATCH,UNIT_SCADA,1,"2019/08/21 18:05:00",MP2,0
D,DISPATCH,UNIT_SCADA,1,"2019/08/21 18:05:00",MPP_1,299.25
D,DISPATCH,UNIT_SCADA,1,"2019/08/21 18:05:00",MPP_2,434
D,DISPATCH,UNIT_SCADA,1,"2019/08/21 18:05:00",MSTUART1,0
D,DISPATCH,UNIT_SCADA,1,"2019/08/21 18:05:00",MSTUART2,0
D,DISPATCH,UNIT_SCADA,1,"2019/08/21 18:05:00",MSTUART3,0
D,DISPATCH,UNIT_SCADA,1,"2019/08/21 18:05:00",MTGELWF1,64.322340
D,DISPATCH,UNIT_SCADA,1,"2019/08/21 18:05:00",MURRAY,0
D,DISPATCH,UNIT_SCADA,1,"2019/08/21 18:05:00",MUSSELR1,160.099990
D,DISPATCH,UNIT_SCADA,1,"2019/08/21 18:05:00",MUWAWF1,55.84
D,DISPATCH,UNIT_SCADA,1,"2019/08/21 18:05:00",NBHWF1,60.60
D,DISPATCH,UNIT_SCADA,1,"2019/08/21 18:05:00",NPS,389.6250
D,DISPATCH,UNIT_SCADA,1,"2019/08/21 18:05:00",NUMURSF1,0
D,DISPATCH,UNIT_SCADA,1,"2019/08/21 18:05:00",NYNGAN1,0
D,DISPATCH,UNIT_SCADA,1,"2019/08/21 18:05:00",OAKEY1,0
D,DISPATCH,UNIT_SCADA,1,"2019/08/21 18:05:00",OAKEY1SF,0.0510
D,DISPATCH,UNIT_SCADA,1,"2019/08/21 18:05:00",OAKEY2,0
D,DISPATCH,UNIT_SCADA,1,"2019/08/21 18:05:00",OAKLAND1,57.20
D,DISPATCH,UNIT_SCADA,1,"2019/08/21 18:05:00",OSB-AG,0
D,DISPATCH,UNIT_SCADA,1,"2019/08/21 18:05:00",PARSF1,0
D,DISPATCH,UNIT_SCADA,1,"2019/08/21 18:05:00",POAT110,42.0876
D,DISPATCH,UNIT_SCADA,1,"2019/08/21 18:05:00",POAT220,92.016560
D,DISPATCH,UNIT_SCADA,1,"2019/08/21 18:05:00",POR01,0
D,DISPATCH,UNIT_SCADA,1,"2019/08/21 18:05:00",POR03,0
D,DISPATCH,UNIT_SCADA,1,"2019/08/21 18:05:00",PPCCGT,411.794370
D,DISPATCH,UNIT_SCADA,1,"2019/08/21 18:05:00",PTSTAN1,0
D,DISPATCH,UNIT_SCADA,1,"2019/08/21 18:05:00",PUMP1,0
D,DISPATCH,UNIT_SCADA,1,"2019/08/21 18:05:00",PUMP2,0
D,DISPATCH,UNIT_SCADA,1,"2019/08/21 18:05:00",QPS1,0
D,DISPATCH,UNIT_SCADA,1,"2019/08/21 18:05:00",QPS2,0
D,DISPATCH,UNIT_SCADA,1,"2019/08/21 18:05:00",QPS3,0
D,DISPATCH,UNIT_SCADA,1,"2019/08/21 18:05:00",QPS4,0
D,DISPATCH,UNIT_SCADA,1,"2019/08/21 18:05:00",QPS5,0
D,DISPATCH,UNIT_SCADA,1,"2019/08/21 18:05:00",REECE1,117.13
D,DISPATCH,UNIT_SCADA,1,"2019/08/21 18:05:00",REECE2,113.890010
D,DISPATCH,UNIT_SCADA,1,"2019/08/21 18:05:00",ROMA_7,0
D,DISPATCH,UNIT_SCADA,1,"2019/08/21 18:05:00",ROMA_8,0
D,DISPATCH,UNIT_SCADA,1,"2019/08/21 18:05:00",RRSF1,0
D,DISPATCH,UNIT_SCADA,1,"2019/08/21 18:05:00",RT_NSW1,0
D,DISPATCH,UNIT_SCADA,1,"2019/08/21 18:05:00",RT_NSW2,0
D,DISPATCH,UNIT_SCADA,1,"2019/08/21 18:05:00",RT_NSW3,0
D,DISPATCH,UNIT_SCADA,1,"2019/08/21 18:05:00",RT_NSW4,0
D,DISPATCH,UNIT_SCADA,1,"2019/08/21 18:05:00",RT_NSW5,0
D,DISPATCH,UNIT_SCADA,1,"2019/08/21 18:05:00",RT_NSW6,0
D,DISPATCH,UNIT_SCADA,1,"2019/08/21 18:05:00",RT_QLD1,0
D,DISPATCH,UNIT_SCADA,1,"2019/08/21 18:05:00",RT_SA1,0
D,DISPATCH,UNIT_SCADA,1,"2019/08/21 18:05:00",RT_SA2,0
D,DISPATCH,UNIT_SCADA,1,"2019/08/21 18:05:00",RT_SA3,0
D,DISPATCH,UNIT_SCADA,1,"2019/08/21 18:05:00",RT_SA4,0
D,DISPATCH,UNIT_SCADA,1,"2019/08/21 18:05:00",RT_SA5,0
D,DISPATCH,UNIT_SCADA,1,"2019/08/21 18:05:00",RT_SA6,0
D,DISPATCH,UNIT_SCADA,1,"2019/08/21 18:05:00",RT_TAS1,0
D,DISPATCH,UNIT_SCADA,1,"2019/08/21 18:05:00",RT_VIC1,0
D,DISPATCH,UNIT_SCADA,1,"2019/08/21 18:05:00",RT_VIC10,0
D,DISPATCH,UNIT_SCADA,1,"2019/08/21 18:05:00",RT_VIC11,0
D,DISPATCH,UNIT_SCADA,1,"2019/08/21 18:05:00",RT_VIC12,0
D,DISPATCH,UNIT_SCADA,1,"2019/08/21 18:05:00",RT_VIC2,0
D,DISPATCH,UNIT_SCADA,1,"2019/08/21 18:05:00",RT_VIC3,0
D,DISPATCH,UNIT_SCADA,1,"2019/08/21 18:05:00",RT_VIC4,0
D,DISPATCH,UNIT_SCADA,1,"2019/08/21 18:05:00",RT_VIC5,0
D,DISPATCH,UNIT_SCADA,1,"2019/08/21 18:05:00",RT_VIC6,0
D,DISPATCH,UNIT_SCADA,1,"2019/08/21 18:05:00",RT_VIC7,0
D,DISPATCH,UNIT_SCADA,1,"2019/08/21 18:05:00",RT_VIC8,0
D,DISPATCH,UNIT_SCADA,1,"2019/08/21 18:05:00",RT_VIC9,0
D,DISPATCH,UNIT_SCADA,1,"2019/08/21 18:05:00",RUGBYR1,0
D,DISPATCH,UNIT_SCADA,1,"2019/08/21 18:05:00",SALTCRK1,48.87
D,DISPATCH,UNIT_SCADA,1,"2019/08/21 18:05:00",SAPHWF1,150.262510
D,DISPATCH,UNIT_SCADA,1,"2019/08/21 18:05:00",SHGEN,149.225480
D,DISPATCH,UNIT_SCADA,1,"2019/08/21 18:05:00",SHPUMP,0
D,DISPATCH,UNIT_SCADA,1,"2019/08/21 18:05:00",SITHE01,0.153860
D,DISPATCH,UNIT_SCADA,1,"2019/08/21 18:05:00",SMCSF1,0
D,DISPATCH,UNIT_SCADA,1,"2019/08/21 18:05:00",SNOWNTH1,55.30
D,DISPATCH,UNIT_SCADA,1,"2019/08/21 18:05:00",SNOWSTH1,76.40
D,DISPATCH,UNIT_SCADA,1,"2019/08/21 18:05:00",SNOWTWN1,34.8524
D,DISPATCH,UNIT_SCADA,1,"2019/08/21 18:05:00",SNOWYP,0
D,DISPATCH,UNIT_SCADA,1,"2019/08/21 18:05:00",SNUG1,0.019440
D,DISPATCH,UNIT_SCADA,1,"2019/08/21 18:05:00",SRSF1,0.44
D,DISPATCH,UNIT_SCADA,1,"2019/08/21 18:05:00",STAN-1,0
D,DISPATCH,UNIT_SCADA,1,"2019/08/21 18:05:00",STAN-2,345.670440
D,DISPATCH,UNIT_SCADA,1,"2019/08/21 18:05:00",STAN-3,347.464940
D,DISPATCH,UNIT_SCADA,1,"2019/08/21 18:05:00",STAN-4,362.436130
D,DISPATCH,UNIT_SCADA,1,"2019/08/21 18:05:00",STWF1,113.253740
D,DISPATCH,UNIT_SCADA,1,"2019/08/21 18:05:00",SWAN_E,0
D,DISPATCH,UNIT_SCADA,1,"2019/08/21 18:05:00",TALWA1,417
D,DISPATCH,UNIT_SCADA,1,"2019/08/21 18:05:00",TARALGA1,92.328770
D,DISPATCH,UNIT_SCADA,1,"2019/08/21 18:05:00",TARONG#1,345.300020
D,DISPATCH,UNIT_SCADA,1,"2019/08/21 18:05:00",TARONG#2,344
D,DISPATCH,UNIT_SCADA,1,"2019/08/21 18:05:00",TARONG#3,276.50
D,DISPATCH,UNIT_SCADA,1,"2019/08/21 18:05:00",TARONG#4,350.100010
D,DISPATCH,UNIT_SCADA,1,"2019/08/21 18:05:00",TARRALEA,83.90
D,DISPATCH,UNIT_SCADA,1,"2019/08/21 18:05:00",TBSF1,1.50
D,DISPATCH,UNIT_SCADA,1,"2019/08/21 18:05:00",TNPS1,442.000030
D,DISPATCH,UNIT_SCADA,1,"2019/08/21 18:05:00",TORRA1,98.108240
D,DISPATCH,UNIT_SCADA,1,"2019/08/21 18:05:00",TORRA2,0
D,DISPATCH,UNIT_SCADA,1,"2019/08/21 18:05:00",TORRA3,0
D,DISPATCH,UNIT_SCADA,1,"2019/08/21 18:05:00",TORRA4,0
D,DISPATCH,UNIT_SCADA,1,"2019/08/21 18:05:00",TORRB1,109.84
D,DISPATCH,UNIT_SCADA,1,"2019/08/21 18:05:00",TORRB2,184.42
D,DISPATCH,UNIT_SCADA,1,"2019/08/21 18:05:00",TORRB3,0
D,DISPATCH,UNIT_SCADA,1,"2019/08/21 18:05:00",TORRB4,0
D,DISPATCH,UNIT_SCADA,1,"2019/08/21 18:05:00",TREVALLN,69.890030
D,DISPATCH,UNIT_SCADA,1,"2019/08/21 18:05:00",TRIBUTE,81.91
D,DISPATCH,UNIT_SCADA,1,"2019/08/21 18:05:00",TUMUT3,999.139950
D,DISPATCH,UNIT_SCADA,1,"2019/08/21 18:05:00",TUNGATIN,131.380040
D,DISPATCH,UNIT_SCADA,1,"2019/08/21 18:05:00",TVCC201,0
D,DISPATCH,UNIT_SCADA,1,"2019/08/21 18:05:00",TVPP104,0
D,DISPATCH,UNIT_SCADA,1,"2019/08/21 18:05:00",UPPTUMUT,0
D,DISPATCH,UNIT_SCADA,1,"2019/08/21 18:05:00",URANQ11,0
D,DISPATCH,UNIT_SCADA,1,"2019/08/21 18:05:00",URANQ12,0
D,DISPATCH,UNIT_SCADA,1,"2019/08/21 18:05:00",URANQ13,0
D,DISPATCH,UNIT_SCADA,1,"2019/08/21 18:05:00",URANQ14,0
D,DISPATCH,UNIT_SCADA,1,"2019/08/21 18:05:00",VP5,624.100040
D,DISPATCH,UNIT_SCADA,1,"2019/08/21 18:05:00",VP6,623.974980
D,DISPATCH,UNIT_SCADA,1,"2019/08/21 18:05:00",VPGS1,0
D,DISPATCH,UNIT_SCADA,1,"2019/08/21 18:05:00",VPGS2,0
D,DISPATCH,UNIT_SCADA,1,"2019/08/21 18:05:00",VPGS3,0
D,DISPATCH,UNIT_SCADA,1,"2019/08/21 18:05:00",VPGS4,0
D,DISPATCH,UNIT_SCADA,1,"2019/08/21 18:05:00",VPGS5,0
D,DISPATCH,UNIT_SCADA,1,"2019/08/21 18:05:00",VPGS6,0
D,DISPATCH,UNIT_SCADA,1,"2019/08/21 18:05:00",W/HOE#1,0
D,DISPATCH,UNIT_SCADA,1,"2019/08/21 18:05:00",W/HOE#2,0
D,DISPATCH,UNIT_SCADA,1,"2019/08/21 18:05:00",WATERLWF,75.60
D,DISPATCH,UNIT_SCADA,1,"2019/08/21 18:05:00",WEMENSF1,0
D,DISPATCH,UNIT_SCADA,1,"2019/08/21 18:05:00",WGWF1,65.70
D,DISPATCH,UNIT_SCADA,1,"2019/08/21 18:05:00",WHITSF1,0
D,DISPATCH,UNIT_SCADA,1,"2019/08/21 18:05:00",WKIEWA1,0
D,DISPATCH,UNIT_SCADA,1,"2019/08/21 18:05:00",WKIEWA2,0.10
D,DISPATCH,UNIT_SCADA,1,"2019/08/21 18:05:00",WOODLWN1,43.0560
D,DISPATCH,UNIT_SCADA,1,"2019/08/21 18:05:00",WRSF1,0
D,DISPATCH,UNIT_SCADA,1,"2019/08/21 18:05:00",WRWF1,139.851240
D,DISPATCH,UNIT_SCADA,1,"2019/08/21 18:05:00",YABULU,0
D,DISPATCH,UNIT_SCADA,1,"2019/08/21 18:05:00",YABULU2,0
D,DISPATCH,UNIT_SCADA,1,"2019/08/21 18:05:00",YARWUN_1,0
D,DISPATCH,UNIT_SCADA,1,"2019/08/21 18:05:00",YENDWF1,41.98
D,DISPATCH,UNIT_SCADA,1,"2019/08/21 18:05:00",YWPS1,377.944310
D,DISPATCH,UNIT_SCADA,1,"2019/08/21 18:05:00",YWPS2,276.437990
D,DISPATCH,UNIT_SCADA,1,"2019/08/21 18:05:00",YWPS3,0
D,DISPATCH,UNIT_SCADA,1,"2019/08/21 18:05:00",YWPS4,391.003780
C,"END OF REPORT",334
