C,NEMP.WORLD,DISPATCHSCADA,AEMO,PUBLIC,2019/08/20,13:20:08,0000000311787662,DISPATCHSCADA,0000000311787656
I,DISPATCH,UNIT_SCADA,1,SETTLEMENTDATE,DUID,SCADAVALUE
D,DISPATCH,UNIT_SCADA,1,"2019/08/20 13:25:00",BARCSF1,18.50
D,DISPATCH,UNIT_SCADA,1,"2019/08/20 13:25:00",BUTLERSG,9.799998
D,DISPATCH,UNIT_SCADA,1,"2019/08/20 13:25:00",CALL_A_4,0
D,DISPATCH,UNIT_SCADA,1,"2019/08/20 13:25:00",CAPTL_WF,131.855988
D,DISPATCH,UNIT_SCADA,1,"2019/08/20 13:25:00",CATHROCK,40.009998
D,DISPATCH,UNIT_SCADA,1,"2019/08/20 13:25:00",CHALLHWF,30.60
D,DISPATCH,UNIT_SCADA,1,"2019/08/20 13:25:00",CLOVER,0
D,DISPATCH,UNIT_SCADA,1,"2019/08/20 13:25:00",CLUNY,17.182421
D,DISPATCH,UNIT_SCADA,1,"2019/08/20 13:25:00",CNUNDAWF,39.846481
D,DISPATCH,UNIT_SCADA,1,"2019/08/20 13:25:00",CULLRGWF,30.26
D,DISPATCH,UNIT_SCADA,1,"2019/08/20 13:25:00",ERGT01,0
D,DISPATCH,UNIT_SCADA,1,"2019/08/20 13:25:00",GB01,0.072708
D,DISPATCH,UNIT_SCADA,1,"2019/08/20 13:25:00",GERMCRK,35.700001
D,DISPATCH,UNIT_SCADA,1,"2019/08/20 13:25:00",GRIFSF1,11.699997
D,DISPATCH,UNIT_SCADA,1,"2019/08/20 13:25:00",HUGSF1,8.9890
D,DISPATCH,UNIT_SCADA,1,"2019/08/20 13:25:00",LKBONNY1,74.662628
D,DISPATCH,UNIT_SCADA,1,"2019/08/20 13:25:00",LRSF1,8.6630
D,DISPATCH,UNIT_SCADA,1,"2019/08/20 13:25:00",MBAHNTH,41.324997
D,DISPATCH,UNIT_SCADA,1,"2019/08/20 13:25:00",MLSP1,10.762001
D,DISPATCH,UNIT_SCADA,1,"2019/08/20 13:25:00",MLWF1,19.65
D,DISPATCH,UNIT_SCADA,1,"2019/08/20 13:25:00",MTMILLAR,29.229471
D,DISPATCH,UNIT_SCADA,1,"2019/08/20 13:25:00",PALOONA,7.96
D,DISPATCH,UNIT_SCADA,1,"2019/08/20 13:25:00",PIONEER,11.50
D,DISPATCH,UNIT_SCADA,1,"2019/08/20 13:25:00",PORTWF,135.50
D,DISPATCH,UNIT_SCADA,1,"2019/08/20 13:25:00",REPULSE,29.184404
D,DISPATCH,UNIT_SCADA,1,"2019/08/20 13:25:00",ROWALLAN,9.9187
D,DISPATCH,UNIT_SCADA,1,"2019/08/20 13:25:00",ROYALLA1,17.7910
D,DISPATCH,UNIT_SCADA,1,"2019/08/20 13:25:00",RPCG,10.90
D,DISPATCH,UNIT_SCADA,1,"2019/08/20 13:25:00",RUBICON,0
D,DISPATCH,UNIT_SCADA,1,"2019/08/20 13:25:00",SATGN1,0
D,DISPATCH,UNIT_SCADA,1,"2019/08/20 13:25:00",SATGS1,0
D,DISPATCH,UNIT_SCADA,1,"2019/08/20 13:25:00",STARHLWF,31.190905
D,DISPATCH,UNIT_SCADA,1,"2019/08/20 13:25:00",WAUBRAWF,93.348999
D,DISPATCH,UNIT_SCADA,1,"2019/08/20 13:25:00",WOOLNTH1,125.450027
D,DISPATCH,UNIT_SCADA,1,"2019/08/20 13:25:00",WPWF,62
D,DISPATCH,UNIT_SCADA,1,"2019/08/20 13:25:00",YAMBUKWF,30
D,DISPATCH,UNIT_SCADA,1,"2019/08/20 13:25:00",YSWF1,28.60
D,DISPATCH,UNIT_SCADA,1,"2019/08/20 13:25:00",AGLHAL,0
D,DISPATCH,UNIT_SCADA,1,"2019/08/20 13:25:00",AGLSOM,0
D,DISPATCH,UNIT_SCADA,1,"2019/08/20 13:25:00",ANGAST1,0
D,DISPATCH,UNIT_SCADA,1,"2019/08/20 13:25:00",ARWF1,117.50
D,DISPATCH,UNIT_SCADA,1,"2019/08/20 13:25:00",BALBG1,0
D,DISPATCH,UNIT_SCADA,1,"2019/08/20 13:25:00",BALBL1,9.64
D,DISPATCH,UNIT_SCADA,1,"2019/08/20 13:25:00",BALDHWF1,103.0920
D,DISPATCH,UNIT_SCADA,1,"2019/08/20 13:25:00",BANN1,59.60
D,DISPATCH,UNIT_SCADA,1,"2019/08/20 13:25:00",BARCALDN,0
D,DISPATCH,UNIT_SCADA,1,"2019/08/20 13:25:00",BARRON-1,0
D,DISPATCH,UNIT_SCADA,1,"2019/08/20 13:25:00",BARRON-2,4.32
D,DISPATCH,UNIT_SCADA,1,"2019/08/20 13:25:00",BASTYAN,80.170010
D,DISPATCH,UNIT_SCADA,1,"2019/08/20 13:25:00",BBTHREE1,-1.97
D,DISPATCH,UNIT_SCADA,1,"2019/08/20 13:25:00",BBTHREE2,-2.05
D,DISPATCH,UNIT_SCADA,1,"2019/08/20 13:25:00",BBTHREE3,-1.07
D,DISPATCH,UNIT_SCADA,1,"2019/08/20 13:25:00",BDL01,0
D,DISPATCH,UNIT_SCADA,1,"2019/08/20 13:25:00",BDL02,0
D,DISPATCH,UNIT_SCADA,1,"2019/08/20 13:25:00",BERYLSF1,75.9211
D,DISPATCH,UNIT_SCADA,1,"2019/08/20 13:25:00",BLOWERNG,0
D,DISPATCH,UNIT_SCADA,1,"2019/08/20 13:25:00",BLUFF1,37.80
D,DISPATCH,UNIT_SCADA,1,"2019/08/20 13:25:00",BNGSF1,61.15
D,DISPATCH,UNIT_SCADA,1,"2019/08/20 13:25:00",BNGSF2,12.15
D,DISPATCH,UNIT_SCADA,1,"2019/08/20 13:25:00",BOCORWF1,109.42
D,DISPATCH,UNIT_SCADA,1,"2019/08/20 13:25:00",BODWF1,69.091570
D,DISPATCH,UNIT_SCADA,1,"2019/08/20 13:25:00",BRAEMAR1,0
D,DISPATCH,UNIT_SCADA,1,"2019/08/20 13:25:00",BRAEMAR2,0
D,DISPATCH,UNIT_SCADA,1,"2019/08/20 13:25:00",BRAEMAR3,0
D,DISPATCH,UNIT_SCADA,1,"2019/08/20 13:25:00",BRAEMAR5,0
D,DISPATCH,UNIT_SCADA,1,"2019/08/20 13:25:00",BRAEMAR6,0
D,DISPATCH,UNIT_SCADA,1,"2019/08/20 13:25:00",BRAEMAR7,0
D,DISPATCH,UNIT_SCADA,1,"2019/08/20 13:25:00",BROKENH1,52.938960
D,DISPATCH,UNIT_SCADA,1,"2019/08/20 13:25:00",BW01,322.449950
D,DISPATCH,UNIT_SCADA,1,"2019/08/20 13:25:00",BW02,382.775020
D,DISPATCH,UNIT_SCADA,1,"2019/08/20 13:25:00",BW03,487.349980
D,DISPATCH,UNIT_SCADA,1,"2019/08/20 13:25:00",BW04,0
D,DISPATCH,UNIT_SCADA,1,"2019/08/20 13:25:00",CALL_B_1,350.399990
D,DISPATCH,UNIT_SCADA,1,"2019/08/20 13:25:00",CALL_B_2,286.600010
D,DISPATCH,UNIT_SCADA,1,"2019/08/20 13:25:00",CETHANA,93.8735
D,DISPATCH,UNIT_SCADA,1,"2019/08/20 13:25:00",CG1,0
D,DISPATCH,UNIT_SCADA,1,"2019/08/20 13:25:00",CG2,0
D,DISPATCH,UNIT_SCADA,1,"2019/08/20 13:25:00",CG3,0
D,DISPATCH,UNIT_SCADA,1,"2019/08/20 13:25:00",CG4,0
D,DISPATCH,UNIT_SCADA,1,"2019/08/20 13:25:00",CHILDSF1,40.05
D,DISPATCH,UNIT_SCADA,1,"2019/08/20 13:25:00",CLARESF1,44.193790
D,DISPATCH,UNIT_SCADA,1,"2019/08/20 13:25:00",CLEMGPWF,37.746350
D,DISPATCH,UNIT_SCADA,1,"2019/08/20 13:25:00",CLERMSF1,15.06
D,DISPATCH,UNIT_SCADA,1,"2019/08/20 13:25:00",COLEASF1,132.50
D,DISPATCH,UNIT_SCADA,1,"2019/08/20 13:25:00",COOPGWF1,30.135490
D,DISPATCH,UNIT_SCADA,1,"2019/08/20 13:25:00",CPP_3,349.524990
D,DISPATCH,UNIT_SCADA,1,"2019/08/20 13:25:00",CPP_4,342.925020
D,DISPATCH,UNIT_SCADA,1,"2019/08/20 13:25:00",CPSA,142.44
D,DISPATCH,UNIT_SCADA,1,"2019/08/20 13:25:00",CROOKWF2,88.683760
D,DISPATCH,UNIT_SCADA,1,"2019/08/20 13:25:00",CROWLWF1,61.323270
D,DISPATCH,UNIT_SCADA,1,"2019/08/20 13:25:00",CSPVPS1,32.0520
D,DISPATCH,UNIT_SCADA,1,"2019/08/20 13:25:00",DALNTH01,0
D,DISPATCH,UNIT_SCADA,1,"2019/08/20 13:25:00",DALNTHL1,0.065610
D,DISPATCH,UNIT_SCADA,1,"2019/08/20 13:25:00",DARTM1,0
D,DISPATCH,UNIT_SCADA,1,"2019/08/20 13:25:00",DAYDSF1,108.8980
D,DISPATCH,UNIT_SCADA,1,"2019/08/20 13:25:00",DDPS1,0
D,DISPATCH,UNIT_SCADA,1,"2019/08/20 13:25:00",DDSF1,108.523520
D,DISPATCH,UNIT_SCADA,1,"2019/08/20 13:25:00",DEVILS_G,0
D,DISPATCH,UNIT_SCADA,1,"2019/08/20 13:25:00",DG_NSW1,0
D,DISPATCH,UNIT_SCADA,1,"2019/08/20 13:25:00",DG_QLD1,0
D,DISPATCH,UNIT_SCADA,1,"2019/08/20 13:25:00",DG_SA1,0
D,DISPATCH,UNIT_SCADA,1,"2019/08/20 13:25:00",DG_TAS1,0
D,DISPATCH,UNIT_SCADA,1,"2019/08/20 13:25:00",DG_VIC1,0
D,DISPATCH,UNIT_SCADA,1,"2019/08/20 13:25:00",DRYCGT1,0
D,DISPATCH,UNIT_SCADA,1,"2019/08/20 13:25:00",DRYCGT2,0
D,DISPATCH,UNIT_SCADA,1,"2019/08/20 13:25:00",DRYCGT3,0
D,DISPATCH,UNIT_SCADA,1,"2019/08/20 13:25:00",EILDON1,0
D,DISPATCH,UNIT_SCADA,1,"2019/08/20 13:25:00",EILDON2,0
D,DISPATCH,UNIT_SCADA,1,"2019/08/20 13:25:00",EMERASF1,65.51
D,DISPATCH,UNIT_SCADA,1,"2019/08/20 13:25:00",ER01,355.574950
D,DISPATCH,UNIT_SCADA,1,"2019/08/20 13:25:00",ER02,357.474980
D,DISPATCH,UNIT_SCADA,1,"2019/08/20 13:25:00",ER03,698.974980
D,DISPATCH,UNIT_SCADA,1,"2019/08/20 13:25:00",ER04,357.099980
D,DISPATCH,UNIT_SCADA,1,"2019/08/20 13:25:00",FINLYSF1,0
D,DISPATCH,UNIT_SCADA,1,"2019/08/20 13:25:00",FISHER,45.84
D,DISPATCH,UNIT_SCADA,1,"2019/08/20 13:25:00",GANNBG1,0
D,DISPATCH,UNIT_SCADA,1,"2019/08/20 13:25:00",GANNBL1,0.035560
D,DISPATCH,UNIT_SCADA,1,"2019/08/20 13:25:00",GANNSF1,19.90
D,DISPATCH,UNIT_SCADA,1,"2019/08/20 13:25:00",GORDON,0
D,DISPATCH,UNIT_SCADA,1,"2019/08/20 13:25:00",GSTONE1,109.0250
D,DISPATCH,UNIT_SCADA,1,"2019/08/20 13:25:00",GSTONE2,109.7250
D,DISPATCH,UNIT_SCADA,1,"2019/08/20 13:25:00",GSTONE3,114.2750
D,DISPATCH,UNIT_SCADA,1,"2019/08/20 13:25:00",GSTONE4,122.15
D,DISPATCH,UNIT_SCADA,1,"2019/08/20 13:25:00",GSTONE5,130.024990
D,DISPATCH,UNIT_SCADA,1,"2019/08/20 13:25:00",GSTONE6,0
D,DISPATCH,UNIT_SCADA,1,"2019/08/20 13:25:00",GULLRSF1,3.798920
D,DISPATCH,UNIT_SCADA,1,"2019/08/20 13:25:00",GULLRWF1,159.974640
D,DISPATCH,UNIT_SCADA,1,"2019/08/20 13:25:00",GUNNING1,44.343360
D,DISPATCH,UNIT_SCADA,1,"2019/08/20 13:25:00",GUTHEGA,0
D,DISPATCH,UNIT_SCADA,1,"2019/08/20 13:25:00",HALLWF1,66.01
D,DISPATCH,UNIT_SCADA,1,"2019/08/20 13:25:00",HALLWF2,49.26
D,DISPATCH,UNIT_SCADA,1,"2019/08/20 13:25:00",HAMISF1,44.80
D,DISPATCH,UNIT_SCADA,1,"2019/08/20 13:25:00",HAUGHT11,50.046970
D,DISPATCH,UNIT_SCADA,1,"2019/08/20 13:25:00",HAYMSF1,38.14
D,DISPATCH,UNIT_SCADA,1,"2019/08/20 13:25:00",HDWF1,70.40
D,DISPATCH,UNIT_SCADA,1,"2019/08/20 13:25:00",HDWF2,58
D,DISPATCH,UNIT_SCADA,1,"2019/08/20 13:25:00",HDWF3,72.10
D,DISPATCH,UNIT_SCADA,1,"2019/08/20 13:25:00",HPRG1,0
D,DISPATCH,UNIT_SCADA,1,"2019/08/20 13:25:00",HPRL1,21.20
D,DISPATCH,UNIT_SCADA,1,"2019/08/20 13:25:00",HUMENSW,0
D,DISPATCH,UNIT_SCADA,1,"2019/08/20 13:25:00",HUMEV,8.10
D,DISPATCH,UNIT_SCADA,1,"2019/08/20 13:25:00",HVGTS,0
D,DISPATCH,UNIT_SCADA,1,"2019/08/20 13:25:00",JBUTTERS,122.50
D,DISPATCH,UNIT_SCADA,1,"2019/08/20 13:25:00",JLA01,0.50
D,DISPATCH,UNIT_SCADA,1,"2019/08/20 13:25:00",JLA02,0
D,DISPATCH,UNIT_SCADA,1,"2019/08/20 13:25:00",JLA03,0.10
D,DISPATCH,UNIT_SCADA,1,"2019/08/20 13:25:00",JLA04,0.10
D,DISPATCH,UNIT_SCADA,1,"2019/08/20 13:25:00",JLB01,0
D,DISPATCH,UNIT_SCADA,1,"2019/08/20 13:25:00",JLB02,0.10
D,DISPATCH,UNIT_SCADA,1,"2019/08/20 13:25:00",JLB03,0
D,DISPATCH,UNIT_SCADA,1,"2019/08/20 13:25:00",KAREEYA1,21.3775
D,DISPATCH,UNIT_SCADA,1,"2019/08/20 13:25:00",KAREEYA2,21.7775
D,DISPATCH,UNIT_SCADA,1,"2019/08/20 13:25:00",KAREEYA3,0
D,DISPATCH,UNIT_SCADA,1,"2019/08/20 13:25:00",KAREEYA4,21.6775
D,DISPATCH,UNIT_SCADA,1,"2019/08/20 13:25:00",KARSF1,58.30
D,DISPATCH,UNIT_SCADA,1,"2019/08/20 13:25:00",KIATAWF1,30.60
D,DISPATCH,UNIT_SCADA,1,"2019/08/20 13:25:00",KPP_1,0
D,DISPATCH,UNIT_SCADA,1,"2019/08/20 13:25:00",KSP1,47
D,DISPATCH,UNIT_SCADA,1,"2019/08/20 13:25:00",LADBROK1,0
D,DISPATCH,UNIT_SCADA,1,"2019/08/20 13:25:00",LADBROK2,0
D,DISPATCH,UNIT_SCADA,1,"2019/08/20 13:25:00",LD01,373.968750
D,DISPATCH,UNIT_SCADA,1,"2019/08/20 13:25:00",LD02,377.437470
D,DISPATCH,UNIT_SCADA,1,"2019/08/20 13:25:00",LD03,373.050050
D,DISPATCH,UNIT_SCADA,1,"2019/08/20 13:25:00",LD04,344.662540
D,DISPATCH,UNIT_SCADA,1,"2019/08/20 13:25:00",LEM_WIL,85.5087
D,DISPATCH,UNIT_SCADA,1,"2019/08/20 13:25:00",LGAPWF1,0
D,DISPATCH,UNIT_SCADA,1,"2019/08/20 13:25:00",LILYSF1,95.420410
D,DISPATCH,UNIT_SCADA,1,"2019/08/20 13:25:00",LI_WY_CA,148.194980
D,DISPATCH,UNIT_SCADA,1,"2019/08/20 13:25:00",LKBONNY2,109.654390
D,DISPATCH,UNIT_SCADA,1,"2019/08/20 13:25:00",LKBONNY3,27.1295
D,DISPATCH,UNIT_SCADA,1,"2019/08/20 13:25:00",LK_ECHO,0
D,DISPATCH,UNIT_SCADA,1,"2019/08/20 13:25:00",LNGS1,0
D,DISPATCH,UNIT_SCADA,1,"2019/08/20 13:25:00",LNGS2,0
D,DISPATCH,UNIT_SCADA,1,"2019/08/20 13:25:00",LONSDALE,0
D,DISPATCH,UNIT_SCADA,1,"2019/08/20 13:25:00",LOYYB1,535.336730
D,DISPATCH,UNIT_SCADA,1,"2019/08/20 13:25:00",LOYYB2,581.202510
D,DISPATCH,UNIT_SCADA,1,"2019/08/20 13:25:00",LYA1,558
D,DISPATCH,UNIT_SCADA,1,"2019/08/20 13:25:00",LYA2,0
D,DISPATCH,UNIT_SCADA,1,"2019/08/20 13:25:00",LYA3,560
D,DISPATCH,UNIT_SCADA,1,"2019/08/20 13:25:00",LYA4,539
D,DISPATCH,UNIT_SCADA,1,"2019/08/20 13:25:00",MACARTH1,383.891140
D,DISPATCH,UNIT_SCADA,1,"2019/08/20 13:25:00",MACKAYGT,0
D,DISPATCH,UNIT_SCADA,1,"2019/08/20 13:25:00",MACKNTSH,84.920010
D,DISPATCH,UNIT_SCADA,1,"2019/08/20 13:25:00",MANSLR1,41.6320
D,DISPATCH,UNIT_SCADA,1,"2019/08/20 13:25:00",MCKAY1,0.02
D,DISPATCH,UNIT_SCADA,1,"2019/08/20 13:25:00",MEADOWBK,34.038780
D,DISPATCH,UNIT_SCADA,1,"2019/08/20 13:25:00",MERCER01,121.057010
D,DISPATCH,UNIT_SCADA,1,"2019/08/20 13:25:00",MEWF1,47.413250
D,DISPATCH,UNIT_SCADA,1,"2019/08/20 13:25:00",MINTARO,0
D,DISPATCH,UNIT_SCADA,1,"2019/08/20 13:25:00",MOREESF1,48.6440
D,DISPATCH,UNIT_SCADA,1,"2019/08/20 13:25:00",MORTLK11,126
D,DISPATCH,UNIT_SCADA,1,"2019/08/20 13:25:00",MORTLK12,0
D,DISPATCH,UNIT_SCADA,1,"2019/08/20 13:25:00",MP1,274
D,DISPATCH,UNIT_SCADA,1,"2019/08/20 13:25:00",MP2,0
D,DISPATCH,UNIT_SCADA,1,"2019/08/20 13:25:00",MPP_1,356.75
D,DISPATCH,UNIT_SCADA,1,"2019/08/20 13:25:00",MPP_2,379.75
D,DISPATCH,UNIT_SCADA,1,"2019/08/20 13:25:00",MSTUART1,0
D,DISPATCH,UNIT_SCADA,1,"2019/08/20 13:25:00",MSTUART2,0
D,DISPATCH,UNIT_SCADA,1,"2019/08/20 13:25:00",MSTUART3,0
D,DISPATCH,UNIT_SCADA,1,"2019/08/20 13:25:00",MTGELWF1,64.429150
D,DISPATCH,UNIT_SCADA,1,"2019/08/20 13:25:00",MURRAY,0
D,DISPATCH,UNIT_SCADA,1,"2019/08/20 13:25:00",MUSSELR1,-0.70
D,DISPATCH,UNIT_SCADA,1,"2019/08/20 13:25:00",MUWAWF1,51.42
D,DISPATCH,UNIT_SCADA,1,"2019/08/20 13:25:00",NBHWF1,82.30
D,DISPATCH,UNIT_SCADA,1,"2019/08/20 13:25:00",NPS,0
D,DISPATCH,UNIT_SCADA,1,"2019/08/20 13:25:00",NUMURSF1,37.27
D,DISPATCH,UNIT_SCADA,1,"2019/08/20 13:25:00",NYNGAN1,101.50
D,DISPATCH,UNIT_SCADA,1,"2019/08/20 13:25:00",OAKEY1,0
D,DISPATCH,UNIT_SCADA,1,"2019/08/20 13:25:00",OAKEY1SF,22.8540
D,DISPATCH,UNIT_SCADA,1,"2019/08/20 13:25:00",OAKEY2,0
D,DISPATCH,UNIT_SCADA,1,"2019/08/20 13:25:00",OAKLAND1,59.90
D,DISPATCH,UNIT_SCADA,1,"2019/08/20 13:25:00",OSB-AG,138.350010
D,DISPATCH,UNIT_SCADA,1,"2019/08/20 13:25:00",PARSF1,35.099990
D,DISPATCH,UNIT_SCADA,1,"2019/08/20 13:25:00",POAT110,0
D,DISPATCH,UNIT_SCADA,1,"2019/08/20 13:25:00",POAT220,2.66
D,DISPATCH,UNIT_SCADA,1,"2019/08/20 13:25:00",POR01,0
D,DISPATCH,UNIT_SCADA,1,"2019/08/20 13:25:00",POR03,0
D,DISPATCH,UNIT_SCADA,1,"2019/08/20 13:25:00",PPCCGT,124.561560
D,DISPATCH,UNIT_SCADA,1,"2019/08/20 13:25:00",PTSTAN1,0
D,DISPATCH,UNIT_SCADA,1,"2019/08/20 13:25:00",PUMP1,241.75
D,DISPATCH,UNIT_SCADA,1,"2019/08/20 13:25:00",PUMP2,238.28
D,DISPATCH,UNIT_SCADA,1,"2019/08/20 13:25:00",QPS1,0
D,DISPATCH,UNIT_SCADA,1,"2019/08/20 13:25:00",QPS2,0
D,DISPATCH,UNIT_SCADA,1,"2019/08/20 13:25:00",QPS3,0
D,DISPATCH,UNIT_SCADA,1,"2019/08/20 13:25:00",QPS4,0
D,DISPATCH,UNIT_SCADA,1,"2019/08/20 13:25:00",QPS5,0
D,DISPATCH,UNIT_SCADA,1,"2019/08/20 13:25:00",REECE1,115.760010
D,DISPATCH,UNIT_SCADA,1,"2019/08/20 13:25:00",REECE2,116.120010
D,DISPATCH,UNIT_SCADA,1,"2019/08/20 13:25:00",ROMA_7,0
D,DISPATCH,UNIT_SCADA,1,"2019/08/20 13:25:00",ROMA_8,0
D,DISPATCH,UNIT_SCADA,1,"2019/08/20 13:25:00",RRSF1,109.003160
D,DISPATCH,UNIT_SCADA,1,"2019/08/20 13:25:00",RT_NSW1,0
D,DISPATCH,UNIT_SCADA,1,"2019/08/20 13:25:00",RT_NSW2,0
D,DISPATCH,UNIT_SCADA,1,"2019/08/20 13:25:00",RT_NSW3,0
D,DISPATCH,UNIT_SCADA,1,"2019/08/20 13:25:00",RT_NSW4,0
D,DISPATCH,UNIT_SCADA,1,"2019/08/20 13:25:00",RT_NSW5,0
D,DISPATCH,UNIT_SCADA,1,"2019/08/20 13:25:00",RT_NSW6,0
D,DISPATCH,UNIT_SCADA,1,"2019/08/20 13:25:00",RT_QLD1,0
D,DISPATCH,UNIT_SCADA,1,"2019/08/20 13:25:00",RT_SA1,0
D,DISPATCH,UNIT_SCADA,1,"2019/08/20 13:25:00",RT_SA2,0
D,DISPATCH,UNIT_SCADA,1,"2019/08/20 13:25:00",RT_SA3,0
D,DISPATCH,UNIT_SCADA,1,"2019/08/20 13:25:00",RT_SA4,0
D,DISPATCH,UNIT_SCADA,1,"2019/08/20 13:25:00",RT_SA5,0
D,DISPATCH,UNIT_SCADA,1,"2019/08/20 13:25:00",RT_SA6,0
D,DISPATCH,UNIT_SCADA,1,"2019/08/20 13:25:00",RT_TAS1,0
D,DISPATCH,UNIT_SCADA,1,"2019/08/20 13:25:00",RT_VIC1,0
D,DISPATCH,UNIT_SCADA,1,"2019/08/20 13:25:00",RT_VIC10,0
D,DISPATCH,UNIT_SCADA,1,"2019/08/20 13:25:00",RT_VIC11,0
D,DISPATCH,UNIT_SCADA,1,"2019/08/20 13:25:00",RT_VIC12,0
D,DISPATCH,UNIT_SCADA,1,"2019/08/20 13:25:00",RT_VIC2,0
D,DISPATCH,UNIT_SCADA,1,"2019/08/20 13:25:00",RT_VIC3,0
D,DISPATCH,UNIT_SCADA,1,"2019/08/20 13:25:00",RT_VIC4,0
D,DISPATCH,UNIT_SCADA,1,"2019/08/20 13:25:00",RT_VIC5,0
D,DISPATCH,UNIT_SCADA,1,"2019/08/20 13:25:00",RT_VIC6,0
D,DISPATCH,UNIT_SCADA,1,"2019/08/20 13:25:00",RT_VIC7,0
D,DISPATCH,UNIT_SCADA,1,"2019/08/20 13:25:00",RT_VIC8,0
D,DISPATCH,UNIT_SCADA,1,"2019/08/20 13:25:00",RT_VIC9,0
D,DISPATCH,UNIT_SCADA,1,"2019/08/20 13:25:00",RUGBYR1,44.574720
D,DISPATCH,UNIT_SCADA,1,"2019/08/20 13:25:00",SALTCRK1,52.31
D,DISPATCH,UNIT_SCADA,1,"2019/08/20 13:25:00",SAPHWF1,83.475010
D,DISPATCH,UNIT_SCADA,1,"2019/08/20 13:25:00",SHGEN,0
D,DISPATCH,UNIT_SCADA,1,"2019/08/20 13:25:00",SHPUMP,0
D,DISPATCH,UNIT_SCADA,1,"2019/08/20 13:25:00",SITHE01,0.005650
D,DISPATCH,UNIT_SCADA,1,"2019/08/20 13:25:00",SMCSF1,85.033270
D,DISPATCH,UNIT_SCADA,1,"2019/08/20 13:25:00",SNOWNTH1,95.20
D,DISPATCH,UNIT_SCADA,1,"2019/08/20 13:25:00",SNOWSTH1,85.50
D,DISPATCH,UNIT_SCADA,1,"2019/08/20 13:25:00",SNOWTWN1,67.2169
D,DISPATCH,UNIT_SCADA,1,"2019/08/20 13:25:00",SNOWYP,379.900020
D,DISPATCH,UNIT_SCADA,1,"2019/08/20 13:25:00",SNUG1,0.019440
D,DISPATCH,UNIT_SCADA,1,"2019/08/20 13:25:00",SRSF1,35.25
D,DISPATCH,UNIT_SCADA,1,"2019/08/20 13:25:00",STAN-1,0
D,DISPATCH,UNIT_SCADA,1,"2019/08/20 13:25:00",STAN-2,275.5827
D,DISPATCH,UNIT_SCADA,1,"2019/08/20 13:25:00",STAN-3,276.2236
D,DISPATCH,UNIT_SCADA,1,"2019/08/20 13:25:00",STAN-4,281.850620
D,DISPATCH,UNIT_SCADA,1,"2019/08/20 13:25:00",STWF1,7.346250
D,DISPATCH,UNIT_SCADA,1,"2019/08/20 13:25:00",SWAN_E,0
D,DISPATCH,UNIT_SCADA,1,"2019/08/20 13:25:00",TALWA1,190
D,DISPATCH,UNIT_SCADA,1,"2019/08/20 13:25:00",TARALGA1,102.1060
D,DISPATCH,UNIT_SCADA,1,"2019/08/20 13:25:00",TARONG#1,273.399990
D,DISPATCH,UNIT_SCADA,1,"2019/08/20 13:25:00",TARONG#2,272.399990
D,DISPATCH,UNIT_SCADA,1,"2019/08/20 13:25:00",TARONG#3,259.800020
D,DISPATCH,UNIT_SCADA,1,"2019/08/20 13:25:00",TARONG#4,280.399990
D,DISPATCH,UNIT_SCADA,1,"2019/08/20 13:25:00",TARRALEA,87
D,DISPATCH,UNIT_SCADA,1,"2019/08/20 13:25:00",TBSF1,29.70
D,DISPATCH,UNIT_SCADA,1,"2019/08/20 13:25:00",TNPS1,441.700010
D,DISPATCH,UNIT_SCADA,1,"2019/08/20 13:25:00",TORRA1,41.559410
D,DISPATCH,UNIT_SCADA,1,"2019/08/20 13:25:00",TORRA2,0
D,DISPATCH,UNIT_SCADA,1,"2019/08/20 13:25:00",TORRA3,0
D,DISPATCH,UNIT_SCADA,1,"2019/08/20 13:25:00",TORRA4,0
D,DISPATCH,UNIT_SCADA,1,"2019/08/20 13:25:00",TORRB1,39.26
D,DISPATCH,UNIT_SCADA,1,"2019/08/20 13:25:00",TORRB2,40.77
D,DISPATCH,UNIT_SCADA,1,"2019/08/20 13:25:00",TORRB3,0
D,DISPATCH,UNIT_SCADA,1,"2019/08/20 13:25:00",TORRB4,0
D,DISPATCH,UNIT_SCADA,1,"2019/08/20 13:25:00",TREVALLN,43.650020
D,DISPATCH,UNIT_SCADA,1,"2019/08/20 13:25:00",TRIBUTE,0
D,DISPATCH,UNIT_SCADA,1,"2019/08/20 13:25:00",TUMUT3,0
D,DISPATCH,UNIT_SCADA,1,"2019/08/20 13:25:00",TUNGATIN,123.510030
D,DISPATCH,UNIT_SCADA,1,"2019/08/20 13:25:00",TVCC201,0
D,DISPATCH,UNIT_SCADA,1,"2019/08/20 13:25:00",TVPP104,0
D,DISPATCH,UNIT_SCADA,1,"2019/08/20 13:25:00",UPPTUMUT,0
D,DISPATCH,UNIT_SCADA,1,"2019/08/20 13:25:00",URANQ11,0
D,DISPATCH,UNIT_SCADA,1,"2019/08/20 13:25:00",URANQ12,0
D,DISPATCH,UNIT_SCADA,1,"2019/08/20 13:25:00",URANQ13,0
D,DISPATCH,UNIT_SCADA,1,"2019/08/20 13:25:00",URANQ14,0
D,DISPATCH,UNIT_SCADA,1,"2019/08/20 13:25:00",VP5,327.950010
D,DISPATCH,UNIT_SCADA,1,"2019/08/20 13:25:00",VP6,296.024990
D,DISPATCH,UNIT_SCADA,1,"2019/08/20 13:25:00",VPGS1,0
D,DISPATCH,UNIT_SCADA,1,"2019/08/20 13:25:00",VPGS2,0
D,DISPATCH,UNIT_SCADA,1,"2019/08/20 13:25:00",VPGS3,0
D,DISPATCH,UNIT_SCADA,1,"2019/08/20 13:25:00",VPGS4,0
D,DISPATCH,UNIT_SCADA,1,"2019/08/20 13:25:00",VPGS5,0
D,DISPATCH,UNIT_SCADA,1,"2019/08/20 13:25:00",VPGS6,0
D,DISPATCH,UNIT_SCADA,1,"2019/08/20 13:25:00",W/HOE#1,0
D,DISPATCH,UNIT_SCADA,1,"2019/08/20 13:25:00",W/HOE#2,0
D,DISPATCH,UNIT_SCADA,1,"2019/08/20 13:25:00",WATERLWF,90.10
D,DISPATCH,UNIT_SCADA,1,"2019/08/20 13:25:00",WEMENSF1,84.10
D,DISPATCH,UNIT_SCADA,1,"2019/08/20 13:25:00",WGWF1,83.30
D,DISPATCH,UNIT_SCADA,1,"2019/08/20 13:25:00",WHITSF1,42.50
D,DISPATCH,UNIT_SCADA,1,"2019/08/20 13:25:00",WKIEWA1,0
D,DISPATCH,UNIT_SCADA,1,"2019/08/20 13:25:00",WKIEWA2,0.10
D,DISPATCH,UNIT_SCADA,1,"2019/08/20 13:25:00",WOODLWN1,40.9230
D,DISPATCH,UNIT_SCADA,1,"2019/08/20 13:25:00",WRSF1,19.82
D,DISPATCH,UNIT_SCADA,1,"2019/08/20 13:25:00",WRWF1,55.5750
D,DISPATCH,UNIT_SCADA,1,"2019/08/20 13:25:00",YABULU,0
D,DISPATCH,UNIT_SCADA,1,"2019/08/20 13:25:00",YABULU2,0
D,DISPATCH,UNIT_SCADA,1,"2019/08/20 13:25:00",YARWUN_1,0
D,DISPATCH,UNIT_SCADA,1,"2019/08/20 13:25:00",YENDWF1,42.05
D,DISPATCH,UNIT_SCADA,1,"2019/08/20 13:25:00",YWPS1,378.445560
D,DISPATCH,UNIT_SCADA,1,"2019/08/20 13:25:00",YWPS2,278.693660
D,DISPATCH,UNIT_SCADA,1,"2019/08/20 13:25:00",YWPS3,0
D,DISPATCH,UNIT_SCADA,1,"2019/08/20 13:25:00",YWPS4,395.520260
C,"END OF REPORT",334
