C,NEMP.WORLD,DISPATCHSCADA,AEMO,PUBLIC,2019/09/06,04:15:08,0000000312447458,DISPATCHSCADA,0000000312447452
I,DISPATCH,UNIT_SCADA,1,SETTLEMENTDATE,DUID,SCADAVALUE
D,DISPATCH,UNIT_SCADA,1,"2019/09/06 04:20:00",BARCSF1,0.30
D,DISPATCH,UNIT_SCADA,1,"2019/09/06 04:20:00",BUTLERSG,10.099998
D,DISPATCH,UNIT_SCADA,1,"2019/09/06 04:20:00",CALL_A_4,0
D,DISPATCH,UNIT_SCADA,1,"2019/09/06 04:20:00",CAPTL_WF,58.132004
D,DISPATCH,UNIT_SCADA,1,"2019/09/06 04:20:00",CATHROCK,0
D,DISPATCH,UNIT_SCADA,1,"2019/09/06 04:20:00",CHALLHWF,29
D,DISPATCH,UNIT_SCADA,1,"2019/09/06 04:20:00",CLOVER,-0.01
D,DISPATCH,UNIT_SCADA,1,"2019/09/06 04:20:00",CLUNY,16.796978
D,DISPATCH,UNIT_SCADA,1,"2019/09/06 04:20:00",CNUNDAWF,12.414482
D,DISPATCH,UNIT_SCADA,1,"2019/09/06 04:20:00",CULLRGWF,6.57
D,DISPATCH,UNIT_SCADA,1,"2019/09/06 04:20:00",ERGT01,0
D,DISPATCH,UNIT_SCADA,1,"2019/09/06 04:20:00",GB01,0.014961
D,DISPATCH,UNIT_SCADA,1,"2019/09/06 04:20:00",GERMCRK,35.400002
D,DISPATCH,UNIT_SCADA,1,"2019/09/06 04:20:00",GRIFSF1,0
D,DISPATCH,UNIT_SCADA,1,"2019/09/06 04:20:00",HUGSF1,-0.2330
D,DISPATCH,UNIT_SCADA,1,"2019/09/06 04:20:00",LKBONNY1,13.575024
D,DISPATCH,UNIT_SCADA,1,"2019/09/06 04:20:00",LRSF1,-0.0010
D,DISPATCH,UNIT_SCADA,1,"2019/09/06 04:20:00",MBAHNTH,50.024994
D,DISPATCH,UNIT_SCADA,1,"2019/09/06 04:20:00",MLSP1,0
D,DISPATCH,UNIT_SCADA,1,"2019/09/06 04:20:00",MLWF1,19.290001
D,DISPATCH,UNIT_SCADA,1,"2019/09/06 04:20:00",MTMILLAR,55.765186
D,DISPATCH,UNIT_SCADA,1,"2019/09/06 04:20:00",PALOONA,25.76
D,DISPATCH,UNIT_SCADA,1,"2019/09/06 04:20:00",PIONEER,48.100002
D,DISPATCH,UNIT_SCADA,1,"2019/09/06 04:20:00",PORTWF,59.200001
D,DISPATCH,UNIT_SCADA,1,"2019/09/06 04:20:00",REPULSE,32.5243
D,DISPATCH,UNIT_SCADA,1,"2019/09/06 04:20:00",ROWALLAN,10.1672
D,DISPATCH,UNIT_SCADA,1,"2019/09/06 04:20:00",ROYALLA1,0
D,DISPATCH,UNIT_SCADA,1,"2019/09/06 04:20:00",RPCG,8.90
D,DISPATCH,UNIT_SCADA,1,"2019/09/06 04:20:00",RUBICON,0
D,DISPATCH,UNIT_SCADA,1,"2019/09/06 04:20:00",SATGN1,0
D,DISPATCH,UNIT_SCADA,1,"2019/09/06 04:20:00",SATGS1,0
D,DISPATCH,UNIT_SCADA,1,"2019/09/06 04:20:00",STARHLWF,29.591372
D,DISPATCH,UNIT_SCADA,1,"2019/09/06 04:20:00",WAUBRAWF,26.184999
D,DISPATCH,UNIT_SCADA,1,"2019/09/06 04:20:00",WOOLNTH1,121.070023
D,DISPATCH,UNIT_SCADA,1,"2019/09/06 04:20:00",WPWF,74
D,DISPATCH,UNIT_SCADA,1,"2019/09/06 04:20:00",YAMBUKWF,12.70
D,DISPATCH,UNIT_SCADA,1,"2019/09/06 04:20:00",YSWF1,0
D,DISPATCH,UNIT_SCADA,1,"2019/09/06 04:20:00",AGLHAL,0
D,DISPATCH,UNIT_SCADA,1,"2019/09/06 04:20:00",AGLSOM,0
D,DISPATCH,UNIT_SCADA,1,"2019/09/06 04:20:00",ANGAST1,0
D,DISPATCH,UNIT_SCADA,1,"2019/09/06 04:20:00",ARWF1,35
D,DISPATCH,UNIT_SCADA,1,"2019/09/06 04:20:00",BALBG1,0
D,DISPATCH,UNIT_SCADA,1,"2019/09/06 04:20:00",BALBL1,0
D,DISPATCH,UNIT_SCADA,1,"2019/09/06 04:20:00",BALDHWF1,45.6330
D,DISPATCH,UNIT_SCADA,1,"2019/09/06 04:20:00",BANN1,0
D,DISPATCH,UNIT_SCADA,1,"2019/09/06 04:20:00",BARCALDN,0
D,DISPATCH,UNIT_SCADA,1,"2019/09/06 04:20:00",BARRON-1,0
D,DISPATCH,UNIT_SCADA,1,"2019/09/06 04:20:00",BARRON-2,0
D,DISPATCH,UNIT_SCADA,1,"2019/09/06 04:20:00",BASTYAN,80.01
D,DISPATCH,UNIT_SCADA,1,"2019/09/06 04:20:00",BBTHREE1,0
D,DISPATCH,UNIT_SCADA,1,"2019/09/06 04:20:00",BBTHREE2,0
D,DISPATCH,UNIT_SCADA,1,"2019/09/06 04:20:00",BBTHREE3,0
D,DISPATCH,UNIT_SCADA,1,"2019/09/06 04:20:00",BDL01,0
D,DISPATCH,UNIT_SCADA,1,"2019/09/06 04:20:00",BDL02,0
D,DISPATCH,UNIT_SCADA,1,"2019/09/06 04:20:00",BERYLSF1,0
D,DISPATCH,UNIT_SCADA,1,"2019/09/06 04:20:00",BLOWERNG,15.30
D,DISPATCH,UNIT_SCADA,1,"2019/09/06 04:20:00",BLUFF1,52.70
D,DISPATCH,UNIT_SCADA,1,"2019/09/06 04:20:00",BNGSF1,0
D,DISPATCH,UNIT_SCADA,1,"2019/09/06 04:20:00",BNGSF2,0
D,DISPATCH,UNIT_SCADA,1,"2019/09/06 04:20:00",BOCORWF1,75.76
D,DISPATCH,UNIT_SCADA,1,"2019/09/06 04:20:00",BODWF1,40.363070
D,DISPATCH,UNIT_SCADA,1,"2019/09/06 04:20:00",BRAEMAR1,0
D,DISPATCH,UNIT_SCADA,1,"2019/09/06 04:20:00",BRAEMAR2,0
D,DISPATCH,UNIT_SCADA,1,"2019/09/06 04:20:00",BRAEMAR3,0
D,DISPATCH,UNIT_SCADA,1,"2019/09/06 04:20:00",BRAEMAR5,0
D,DISPATCH,UNIT_SCADA,1,"2019/09/06 04:20:00",BRAEMAR6,0
D,DISPATCH,UNIT_SCADA,1,"2019/09/06 04:20:00",BRAEMAR7,0
D,DISPATCH,UNIT_SCADA,1,"2019/09/06 04:20:00",BROKENH1,0
D,DISPATCH,UNIT_SCADA,1,"2019/09/06 04:20:00",BW01,500.9751
D,DISPATCH,UNIT_SCADA,1,"2019/09/06 04:20:00",BW02,540.7251
D,DISPATCH,UNIT_SCADA,1,"2019/09/06 04:20:00",BW03,582.50
D,DISPATCH,UNIT_SCADA,1,"2019/09/06 04:20:00",BW04,0
D,DISPATCH,UNIT_SCADA,1,"2019/09/06 04:20:00",CALL_B_1,348.399990
D,DISPATCH,UNIT_SCADA,1,"2019/09/06 04:20:00",CALL_B_2,277
D,DISPATCH,UNIT_SCADA,1,"2019/09/06 04:20:00",CETHANA,82.8565
D,DISPATCH,UNIT_SCADA,1,"2019/09/06 04:20:00",CG1,0
D,DISPATCH,UNIT_SCADA,1,"2019/09/06 04:20:00",CG2,0
D,DISPATCH,UNIT_SCADA,1,"2019/09/06 04:20:00",CG3,0
D,DISPATCH,UNIT_SCADA,1,"2019/09/06 04:20:00",CG4,0
D,DISPATCH,UNIT_SCADA,1,"2019/09/06 04:20:00",CHILDSF1,0
D,DISPATCH,UNIT_SCADA,1,"2019/09/06 04:20:00",CLARESF1,0
D,DISPATCH,UNIT_SCADA,1,"2019/09/06 04:20:00",CLEMGPWF,55.178820
D,DISPATCH,UNIT_SCADA,1,"2019/09/06 04:20:00",CLERMSF1,0
D,DISPATCH,UNIT_SCADA,1,"2019/09/06 04:20:00",COLEASF1,0
D,DISPATCH,UNIT_SCADA,1,"2019/09/06 04:20:00",COOPGWF1,18.920060
D,DISPATCH,UNIT_SCADA,1,"2019/09/06 04:20:00",CPP_3,395.450010
D,DISPATCH,UNIT_SCADA,1,"2019/09/06 04:20:00",CPP_4,396.550020
D,DISPATCH,UNIT_SCADA,1,"2019/09/06 04:20:00",CPSA,143.361250
D,DISPATCH,UNIT_SCADA,1,"2019/09/06 04:20:00",CROOKWF2,78.783750
D,DISPATCH,UNIT_SCADA,1,"2019/09/06 04:20:00",CROWLWF1,24.681470
D,DISPATCH,UNIT_SCADA,1,"2019/09/06 04:20:00",CSPVPS1,0
D,DISPATCH,UNIT_SCADA,1,"2019/09/06 04:20:00",DALNTH01,0
D,DISPATCH,UNIT_SCADA,1,"2019/09/06 04:20:00",DALNTHL1,0.032040
D,DISPATCH,UNIT_SCADA,1,"2019/09/06 04:20:00",DARTM1,0
D,DISPATCH,UNIT_SCADA,1,"2019/09/06 04:20:00",DAYDSF1,0
D,DISPATCH,UNIT_SCADA,1,"2019/09/06 04:20:00",DDPS1,0
D,DISPATCH,UNIT_SCADA,1,"2019/09/06 04:20:00",DDSF1,0
D,DISPATCH,UNIT_SCADA,1,"2019/09/06 04:20:00",DEVILS_G,62.851040
D,DISPATCH,UNIT_SCADA,1,"2019/09/06 04:20:00",DG_NSW1,0
D,DISPATCH,UNIT_SCADA,1,"2019/09/06 04:20:00",DG_QLD1,0
D,DISPATCH,UNIT_SCADA,1,"2019/09/06 04:20:00",DG_SA1,0
D,DISPATCH,UNIT_SCADA,1,"2019/09/06 04:20:00",DG_TAS1,0
D,DISPATCH,UNIT_SCADA,1,"2019/09/06 04:20:00",DG_VIC1,0
D,DISPATCH,UNIT_SCADA,1,"2019/09/06 04:20:00",DRYCGT1,0
D,DISPATCH,UNIT_SCADA,1,"2019/09/06 04:20:00",DRYCGT2,0
D,DISPATCH,UNIT_SCADA,1,"2019/09/06 04:20:00",DRYCGT3,0
D,DISPATCH,UNIT_SCADA,1,"2019/09/06 04:20:00",EILDON1,0
D,DISPATCH,UNIT_SCADA,1,"2019/09/06 04:20:00",EILDON2,0
D,DISPATCH,UNIT_SCADA,1,"2019/09/06 04:20:00",EMERASF1,0
D,DISPATCH,UNIT_SCADA,1,"2019/09/06 04:20:00",ER01,495.049930
D,DISPATCH,UNIT_SCADA,1,"2019/09/06 04:20:00",ER02,495.3750
D,DISPATCH,UNIT_SCADA,1,"2019/09/06 04:20:00",ER03,0
D,DISPATCH,UNIT_SCADA,1,"2019/09/06 04:20:00",ER04,490.800050
D,DISPATCH,UNIT_SCADA,1,"2019/09/06 04:20:00",FINLYSF1,0
D,DISPATCH,UNIT_SCADA,1,"2019/09/06 04:20:00",FISHER,45.65
D,DISPATCH,UNIT_SCADA,1,"2019/09/06 04:20:00",GANNBG1,0
D,DISPATCH,UNIT_SCADA,1,"2019/09/06 04:20:00",GANNBL1,10.008490
D,DISPATCH,UNIT_SCADA,1,"2019/09/06 04:20:00",GANNSF1,0
D,DISPATCH,UNIT_SCADA,1,"2019/09/06 04:20:00",GORDON,20.247920
D,DISPATCH,UNIT_SCADA,1,"2019/09/06 04:20:00",GSTONE1,129.3250
D,DISPATCH,UNIT_SCADA,1,"2019/09/06 04:20:00",GSTONE2,110.7750
D,DISPATCH,UNIT_SCADA,1,"2019/09/06 04:20:00",GSTONE3,0
D,DISPATCH,UNIT_SCADA,1,"2019/09/06 04:20:00",GSTONE4,129.6750
D,DISPATCH,UNIT_SCADA,1,"2019/09/06 04:20:00",GSTONE5,130.024990
D,DISPATCH,UNIT_SCADA,1,"2019/09/06 04:20:00",GSTONE6,130.024990
D,DISPATCH,UNIT_SCADA,1,"2019/09/06 04:20:00",GULLRSF1,0
D,DISPATCH,UNIT_SCADA,1,"2019/09/06 04:20:00",GULLRWF1,55.529820
D,DISPATCH,UNIT_SCADA,1,"2019/09/06 04:20:00",GUNNING1,10.548710
D,DISPATCH,UNIT_SCADA,1,"2019/09/06 04:20:00",GUTHEGA,0
D,DISPATCH,UNIT_SCADA,1,"2019/09/06 04:20:00",HALLWF1,92.42
D,DISPATCH,UNIT_SCADA,1,"2019/09/06 04:20:00",HALLWF2,66.16
D,DISPATCH,UNIT_SCADA,1,"2019/09/06 04:20:00",HAMISF1,0
D,DISPATCH,UNIT_SCADA,1,"2019/09/06 04:20:00",HAUGHT11,0
D,DISPATCH,UNIT_SCADA,1,"2019/09/06 04:20:00",HAYMSF1,0
D,DISPATCH,UNIT_SCADA,1,"2019/09/06 04:20:00",HDWF1,72.80
D,DISPATCH,UNIT_SCADA,1,"2019/09/06 04:20:00",HDWF2,65.80
D,DISPATCH,UNIT_SCADA,1,"2019/09/06 04:20:00",HDWF3,75.90
D,DISPATCH,UNIT_SCADA,1,"2019/09/06 04:20:00",HPRG1,0
D,DISPATCH,UNIT_SCADA,1,"2019/09/06 04:20:00",HPRL1,0.60
D,DISPATCH,UNIT_SCADA,1,"2019/09/06 04:20:00",HUMENSW,0
D,DISPATCH,UNIT_SCADA,1,"2019/09/06 04:20:00",HUMEV,24.20
D,DISPATCH,UNIT_SCADA,1,"2019/09/06 04:20:00",HVGTS,0
D,DISPATCH,UNIT_SCADA,1,"2019/09/06 04:20:00",JBUTTERS,0
D,DISPATCH,UNIT_SCADA,1,"2019/09/06 04:20:00",JLA01,0.10
D,DISPATCH,UNIT_SCADA,1,"2019/09/06 04:20:00",JLA02,0
D,DISPATCH,UNIT_SCADA,1,"2019/09/06 04:20:00",JLA03,0
D,DISPATCH,UNIT_SCADA,1,"2019/09/06 04:20:00",JLA04,0
D,DISPATCH,UNIT_SCADA,1,"2019/09/06 04:20:00",JLB01,0
D,DISPATCH,UNIT_SCADA,1,"2019/09/06 04:20:00",JLB02,0.10
D,DISPATCH,UNIT_SCADA,1,"2019/09/06 04:20:00",JLB03,0
D,DISPATCH,UNIT_SCADA,1,"2019/09/06 04:20:00",KAREEYA1,21.6025
D,DISPATCH,UNIT_SCADA,1,"2019/09/06 04:20:00",KAREEYA2,21.58
D,DISPATCH,UNIT_SCADA,1,"2019/09/06 04:20:00",KAREEYA3,0
D,DISPATCH,UNIT_SCADA,1,"2019/09/06 04:20:00",KAREEYA4,21.5875
D,DISPATCH,UNIT_SCADA,1,"2019/09/06 04:20:00",KARSF1,0
D,DISPATCH,UNIT_SCADA,1,"2019/09/06 04:20:00",KIATAWF1,29.30
D,DISPATCH,UNIT_SCADA,1,"2019/09/06 04:20:00",KPP_1,0
D,DISPATCH,UNIT_SCADA,1,"2019/09/06 04:20:00",KSP1,0
D,DISPATCH,UNIT_SCADA,1,"2019/09/06 04:20:00",LADBROK1,0
D,DISPATCH,UNIT_SCADA,1,"2019/09/06 04:20:00",LADBROK2,0
D,DISPATCH,UNIT_SCADA,1,"2019/09/06 04:20:00",LD01,347.643770
D,DISPATCH,UNIT_SCADA,1,"2019/09/06 04:20:00",LD02,318.731230
D,DISPATCH,UNIT_SCADA,1,"2019/09/06 04:20:00",LD03,347.1937
D,DISPATCH,UNIT_SCADA,1,"2019/09/06 04:20:00",LD04,350.531250
D,DISPATCH,UNIT_SCADA,1,"2019/09/06 04:20:00",LEM_WIL,84.894350
D,DISPATCH,UNIT_SCADA,1,"2019/09/06 04:20:00",LGAPWF1,34.42
D,DISPATCH,UNIT_SCADA,1,"2019/09/06 04:20:00",LILYSF1,0
D,DISPATCH,UNIT_SCADA,1,"2019/09/06 04:20:00",LI_WY_CA,143.097780
D,DISPATCH,UNIT_SCADA,1,"2019/09/06 04:20:00",LKBONNY2,42.232280
D,DISPATCH,UNIT_SCADA,1,"2019/09/06 04:20:00",LKBONNY3,8.484950
D,DISPATCH,UNIT_SCADA,1,"2019/09/06 04:20:00",LK_ECHO,0
D,DISPATCH,UNIT_SCADA,1,"2019/09/06 04:20:00",LNGS1,0
D,DISPATCH,UNIT_SCADA,1,"2019/09/06 04:20:00",LNGS2,0
D,DISPATCH,UNIT_SCADA,1,"2019/09/06 04:20:00",LONSDALE,0
D,DISPATCH,UNIT_SCADA,1,"2019/09/06 04:20:00",LOYYB1,535.712650
D,DISPATCH,UNIT_SCADA,1,"2019/09/06 04:20:00",LOYYB2,583.834170
D,DISPATCH,UNIT_SCADA,1,"2019/09/06 04:20:00",LYA1,0
D,DISPATCH,UNIT_SCADA,1,"2019/09/06 04:20:00",LYA2,0
D,DISPATCH,UNIT_SCADA,1,"2019/09/06 04:20:00",LYA3,560
D,DISPATCH,UNIT_SCADA,1,"2019/09/06 04:20:00",LYA4,540
D,DISPATCH,UNIT_SCADA,1,"2019/09/06 04:20:00",MACARTH1,139.896770
D,DISPATCH,UNIT_SCADA,1,"2019/09/06 04:20:00",MACKAYGT,0.2240
D,DISPATCH,UNIT_SCADA,1,"2019/09/06 04:20:00",MACKNTSH,87.010010
D,DISPATCH,UNIT_SCADA,1,"2019/09/06 04:20:00",MANSLR1,0
D,DISPATCH,UNIT_SCADA,1,"2019/09/06 04:20:00",MCKAY1,-0.0350
D,DISPATCH,UNIT_SCADA,1,"2019/09/06 04:20:00",MEADOWBK,33.209960
D,DISPATCH,UNIT_SCADA,1,"2019/09/06 04:20:00",MERCER01,-0.1710
D,DISPATCH,UNIT_SCADA,1,"2019/09/06 04:20:00",MEWF1,39.235580
D,DISPATCH,UNIT_SCADA,1,"2019/09/06 04:20:00",MINTARO,0
D,DISPATCH,UNIT_SCADA,1,"2019/09/06 04:20:00",MOREESF1,0
D,DISPATCH,UNIT_SCADA,1,"2019/09/06 04:20:00",MORTLK11,125
D,DISPATCH,UNIT_SCADA,1,"2019/09/06 04:20:00",MORTLK12,0
D,DISPATCH,UNIT_SCADA,1,"2019/09/06 04:20:00",MP1,218.850040
D,DISPATCH,UNIT_SCADA,1,"2019/09/06 04:20:00",MP2,0
D,DISPATCH,UNIT_SCADA,1,"2019/09/06 04:20:00",MPP_1,397.25
D,DISPATCH,UNIT_SCADA,1,"2019/09/06 04:20:00",MPP_2,435.25
D,DISPATCH,UNIT_SCADA,1,"2019/09/06 04:20:00",MSTUART1,0
D,DISPATCH,UNIT_SCADA,1,"2019/09/06 04:20:00",MSTUART2,0
D,DISPATCH,UNIT_SCADA,1,"2019/09/06 04:20:00",MSTUART3,0
D,DISPATCH,UNIT_SCADA,1,"2019/09/06 04:20:00",MTGELWF1,-0.3357
D,DISPATCH,UNIT_SCADA,1,"2019/09/06 04:20:00",MURRAY,0
D,DISPATCH,UNIT_SCADA,1,"2019/09/06 04:20:00",MUSSELR1,113.30
D,DISPATCH,UNIT_SCADA,1,"2019/09/06 04:20:00",MUWAWF1,72.17
D,DISPATCH,UNIT_SCADA,1,"2019/09/06 04:20:00",NBHWF1,119
D,DISPATCH,UNIT_SCADA,1,"2019/09/06 04:20:00",NPS,0
D,DISPATCH,UNIT_SCADA,1,"2019/09/06 04:20:00",NUMURSF1,0
D,DISPATCH,UNIT_SCADA,1,"2019/09/06 04:20:00",NYNGAN1,0
D,DISPATCH,UNIT_SCADA,1,"2019/09/06 04:20:00",OAKEY1,0
D,DISPATCH,UNIT_SCADA,1,"2019/09/06 04:20:00",OAKEY1SF,0
D,DISPATCH,UNIT_SCADA,1,"2019/09/06 04:20:00",OAKEY2,0
D,DISPATCH,UNIT_SCADA,1,"2019/09/06 04:20:00",OAKEY2SF,0
D,DISPATCH,UNIT_SCADA,1,"2019/09/06 04:20:00",OAKLAND1,21.60
D,DISPATCH,UNIT_SCADA,1,"2019/09/06 04:20:00",OSB-AG,0
D,DISPATCH,UNIT_SCADA,1,"2019/09/06 04:20:00",PARSF1,0
D,DISPATCH,UNIT_SCADA,1,"2019/09/06 04:20:00",POAT110,0
D,DISPATCH,UNIT_SCADA,1,"2019/09/06 04:20:00",POAT220,1.29
D,DISPATCH,UNIT_SCADA,1,"2019/09/06 04:20:00",POR01,0
D,DISPATCH,UNIT_SCADA,1,"2019/09/06 04:20:00",POR03,0
D,DISPATCH,UNIT_SCADA,1,"2019/09/06 04:20:00",PPCCGT,173.5522
D,DISPATCH,UNIT_SCADA,1,"2019/09/06 04:20:00",PTSTAN1,0
D,DISPATCH,UNIT_SCADA,1,"2019/09/06 04:20:00",PUMP1,0
D,DISPATCH,UNIT_SCADA,1,"2019/09/06 04:20:00",PUMP2,0
D,DISPATCH,UNIT_SCADA,1,"2019/09/06 04:20:00",QPS1,0
D,DISPATCH,UNIT_SCADA,1,"2019/09/06 04:20:00",QPS2,0
D,DISPATCH,UNIT_SCADA,1,"2019/09/06 04:20:00",QPS3,0
D,DISPATCH,UNIT_SCADA,1,"2019/09/06 04:20:00",QPS4,0
D,DISPATCH,UNIT_SCADA,1,"2019/09/06 04:20:00",QPS5,0
D,DISPATCH,UNIT_SCADA,1,"2019/09/06 04:20:00",REECE1,99.350010
D,DISPATCH,UNIT_SCADA,1,"2019/09/06 04:20:00",REECE2,0
D,DISPATCH,UNIT_SCADA,1,"2019/09/06 04:20:00",ROMA_7,0
D,DISPATCH,UNIT_SCADA,1,"2019/09/06 04:20:00",ROMA_8,0
D,DISPATCH,UNIT_SCADA,1,"2019/09/06 04:20:00",RRSF1,0
D,DISPATCH,UNIT_SCADA,1,"2019/09/06 04:20:00",RT_NSW1,0
D,DISPATCH,UNIT_SCADA,1,"2019/09/06 04:20:00",RT_NSW2,0
D,DISPATCH,UNIT_SCADA,1,"2019/09/06 04:20:00",RT_NSW3,0
D,DISPATCH,UNIT_SCADA,1,"2019/09/06 04:20:00",RT_NSW4,0
D,DISPATCH,UNIT_SCADA,1,"2019/09/06 04:20:00",RT_NSW5,0
D,DISPATCH,UNIT_SCADA,1,"2019/09/06 04:20:00",RT_NSW6,0
D,DISPATCH,UNIT_SCADA,1,"2019/09/06 04:20:00",RT_QLD1,0
D,DISPATCH,UNIT_SCADA,1,"2019/09/06 04:20:00",RT_SA1,0
D,DISPATCH,UNIT_SCADA,1,"2019/09/06 04:20:00",RT_SA2,0
D,DISPATCH,UNIT_SCADA,1,"2019/09/06 04:20:00",RT_SA3,0
D,DISPATCH,UNIT_SCADA,1,"2019/09/06 04:20:00",RT_SA4,0
D,DISPATCH,UNIT_SCADA,1,"2019/09/06 04:20:00",RT_SA5,0
D,DISPATCH,UNIT_SCADA,1,"2019/09/06 04:20:00",RT_SA6,0
D,DISPATCH,UNIT_SCADA,1,"2019/09/06 04:20:00",RT_TAS1,0
D,DISPATCH,UNIT_SCADA,1,"2019/09/06 04:20:00",RT_VIC1,0
D,DISPATCH,UNIT_SCADA,1,"2019/09/06 04:20:00",RT_VIC10,0
D,DISPATCH,UNIT_SCADA,1,"2019/09/06 04:20:00",RT_VIC11,0
D,DISPATCH,UNIT_SCADA,1,"2019/09/06 04:20:00",RT_VIC12,0
D,DISPATCH,UNIT_SCADA,1,"2019/09/06 04:20:00",RT_VIC2,0
D,DISPATCH,UNIT_SCADA,1,"2019/09/06 04:20:00",RT_VIC3,0
D,DISPATCH,UNIT_SCADA,1,"2019/09/06 04:20:00",RT_VIC4,0
D,DISPATCH,UNIT_SCADA,1,"2019/09/06 04:20:00",RT_VIC5,0
D,DISPATCH,UNIT_SCADA,1,"2019/09/06 04:20:00",RT_VIC6,0
D,DISPATCH,UNIT_SCADA,1,"2019/09/06 04:20:00",RT_VIC7,0
D,DISPATCH,UNIT_SCADA,1,"2019/09/06 04:20:00",RT_VIC8,0
D,DISPATCH,UNIT_SCADA,1,"2019/09/06 04:20:00",RT_VIC9,0
D,DISPATCH,UNIT_SCADA,1,"2019/09/06 04:20:00",RUGBYR1,0
D,DISPATCH,UNIT_SCADA,1,"2019/09/06 04:20:00",SALTCRK1,11.12
D,DISPATCH,UNIT_SCADA,1,"2019/09/06 04:20:00",SAPHWF1,32.690610
D,DISPATCH,UNIT_SCADA,1,"2019/09/06 04:20:00",SHGEN,0
D,DISPATCH,UNIT_SCADA,1,"2019/09/06 04:20:00",SHPUMP,158.746980
D,DISPATCH,UNIT_SCADA,1,"2019/09/06 04:20:00",SITHE01,0.244290
D,DISPATCH,UNIT_SCADA,1,"2019/09/06 04:20:00",SMCSF1,0
D,DISPATCH,UNIT_SCADA,1,"2019/09/06 04:20:00",SNOWNTH1,135.80
D,DISPATCH,UNIT_SCADA,1,"2019/09/06 04:20:00",SNOWSTH1,120.90
D,DISPATCH,UNIT_SCADA,1,"2019/09/06 04:20:00",SNOWTWN1,95.508290
D,DISPATCH,UNIT_SCADA,1,"2019/09/06 04:20:00",SNOWYP,193.600010
D,DISPATCH,UNIT_SCADA,1,"2019/09/06 04:20:00",SNUG1,0.019440
D,DISPATCH,UNIT_SCADA,1,"2019/09/06 04:20:00",SRSF1,0.22
D,DISPATCH,UNIT_SCADA,1,"2019/09/06 04:20:00",STAN-1,258.394040
D,DISPATCH,UNIT_SCADA,1,"2019/09/06 04:20:00",STAN-2,249.101120
D,DISPATCH,UNIT_SCADA,1,"2019/09/06 04:20:00",STAN-3,250.946880
D,DISPATCH,UNIT_SCADA,1,"2019/09/06 04:20:00",STAN-4,249.716380
D,DISPATCH,UNIT_SCADA,1,"2019/09/06 04:20:00",STWF1,0
D,DISPATCH,UNIT_SCADA,1,"2019/09/06 04:20:00",SWAN_E,0
D,DISPATCH,UNIT_SCADA,1,"2019/09/06 04:20:00",TALWA1,191
D,DISPATCH,UNIT_SCADA,1,"2019/09/06 04:20:00",TARALGA1,23.996250
D,DISPATCH,UNIT_SCADA,1,"2019/09/06 04:20:00",TARONG#1,272.300020
D,DISPATCH,UNIT_SCADA,1,"2019/09/06 04:20:00",TARONG#2,0
D,DISPATCH,UNIT_SCADA,1,"2019/09/06 04:20:00",TARONG#3,260.200010
D,DISPATCH,UNIT_SCADA,1,"2019/09/06 04:20:00",TARONG#4,276.300020
D,DISPATCH,UNIT_SCADA,1,"2019/09/06 04:20:00",TARRALEA,73.90
D,DISPATCH,UNIT_SCADA,1,"2019/09/06 04:20:00",TBSF1,-0.20
D,DISPATCH,UNIT_SCADA,1,"2019/09/06 04:20:00",TNPS1,397.600010
D,DISPATCH,UNIT_SCADA,1,"2019/09/06 04:20:00",TORRA1,38.430780
D,DISPATCH,UNIT_SCADA,1,"2019/09/06 04:20:00",TORRA2,0
D,DISPATCH,UNIT_SCADA,1,"2019/09/06 04:20:00",TORRA3,0
D,DISPATCH,UNIT_SCADA,1,"2019/09/06 04:20:00",TORRA4,39.453970
D,DISPATCH,UNIT_SCADA,1,"2019/09/06 04:20:00",TORRB1,40.40
D,DISPATCH,UNIT_SCADA,1,"2019/09/06 04:20:00",TORRB2,40.86
D,DISPATCH,UNIT_SCADA,1,"2019/09/06 04:20:00",TORRB3,40.39
D,DISPATCH,UNIT_SCADA,1,"2019/09/06 04:20:00",TORRB4,0
D,DISPATCH,UNIT_SCADA,1,"2019/09/06 04:20:00",TREVALLN,15.730020
D,DISPATCH,UNIT_SCADA,1,"2019/09/06 04:20:00",TRIBUTE,0
D,DISPATCH,UNIT_SCADA,1,"2019/09/06 04:20:00",TUMUT3,0
D,DISPATCH,UNIT_SCADA,1,"2019/09/06 04:20:00",TUNGATIN,4
D,DISPATCH,UNIT_SCADA,1,"2019/09/06 04:20:00",TVCC201,0
D,DISPATCH,UNIT_SCADA,1,"2019/09/06 04:20:00",TVPP104,0
D,DISPATCH,UNIT_SCADA,1,"2019/09/06 04:20:00",UPPTUMUT,0
D,DISPATCH,UNIT_SCADA,1,"2019/09/06 04:20:00",URANQ11,0
D,DISPATCH,UNIT_SCADA,1,"2019/09/06 04:20:00",URANQ12,0
D,DISPATCH,UNIT_SCADA,1,"2019/09/06 04:20:00",URANQ13,0
D,DISPATCH,UNIT_SCADA,1,"2019/09/06 04:20:00",URANQ14,0
D,DISPATCH,UNIT_SCADA,1,"2019/09/06 04:20:00",VP5,476.324980
D,DISPATCH,UNIT_SCADA,1,"2019/09/06 04:20:00",VP6,0
D,DISPATCH,UNIT_SCADA,1,"2019/09/06 04:20:00",VPGS1,0
D,DISPATCH,UNIT_SCADA,1,"2019/09/06 04:20:00",VPGS2,0
D,DISPATCH,UNIT_SCADA,1,"2019/09/06 04:20:00",VPGS3,0
D,DISPATCH,UNIT_SCADA,1,"2019/09/06 04:20:00",VPGS4,0
D,DISPATCH,UNIT_SCADA,1,"2019/09/06 04:20:00",VPGS5,0
D,DISPATCH,UNIT_SCADA,1,"2019/09/06 04:20:00",VPGS6,0
D,DISPATCH,UNIT_SCADA,1,"2019/09/06 04:20:00",W/HOE#1,0
D,DISPATCH,UNIT_SCADA,1,"2019/09/06 04:20:00",W/HOE#2,0
D,DISPATCH,UNIT_SCADA,1,"2019/09/06 04:20:00",WATERLWF,125.10
D,DISPATCH,UNIT_SCADA,1,"2019/09/06 04:20:00",WEMENSF1,0
D,DISPATCH,UNIT_SCADA,1,"2019/09/06 04:20:00",WGWF1,110.10
D,DISPATCH,UNIT_SCADA,1,"2019/09/06 04:20:00",WHITSF1,0
D,DISPATCH,UNIT_SCADA,1,"2019/09/06 04:20:00",WKIEWA1,0
D,DISPATCH,UNIT_SCADA,1,"2019/09/06 04:20:00",WKIEWA2,0.10
D,DISPATCH,UNIT_SCADA,1,"2019/09/06 04:20:00",WOODLWN1,19.9440
D,DISPATCH,UNIT_SCADA,1,"2019/09/06 04:20:00",WRSF1,0
D,DISPATCH,UNIT_SCADA,1,"2019/09/06 04:20:00",WRWF1,11.896260
D,DISPATCH,UNIT_SCADA,1,"2019/09/06 04:20:00",YABULU,0
D,DISPATCH,UNIT_SCADA,1,"2019/09/06 04:20:00",YABULU2,0
D,DISPATCH,UNIT_SCADA,1,"2019/09/06 04:20:00",YARWUN_1,167.019990
D,DISPATCH,UNIT_SCADA,1,"2019/09/06 04:20:00",YENDWF1,2.48
D,DISPATCH,UNIT_SCADA,1,"2019/09/06 04:20:00",YWPS1,379.949370
D,DISPATCH,UNIT_SCADA,1,"2019/09/06 04:20:00",YWPS2,277.691130
D,DISPATCH,UNIT_SCADA,1,"2019/09/06 04:20:00",YWPS3,328.337980
D,DISPATCH,UNIT_SCADA,1,"2019/09/06 04:20:00",YWPS4,393.826570
C,"END OF REPORT",335
