C,NEMP.WORLD,DISPATCHSCADA,AEMO,PUBLIC,2019/08/21,15:35:09,0000000311831460,DISPATCHSCADA,0000000311831454
I,DISPATCH,UNIT_SCADA,1,SETTLEMENTDATE,DUID,SCADAVALUE
D,DISPATCH,UNIT_SCADA,1,"2019/08/21 15:40:00",BARCSF1,0.50
D,DISPATCH,UNIT_SCADA,1,"2019/08/21 15:40:00",BUTLERSG,9.599998
D,DISPATCH,UNIT_SCADA,1,"2019/08/21 15:40:00",CALL_A_4,0
D,DISPATCH,UNIT_SCADA,1,"2019/08/21 15:40:00",CAPTL_WF,135.588013
D,DISPATCH,UNIT_SCADA,1,"2019/08/21 15:40:00",CATHROCK,21.829998
D,DISPATCH,UNIT_SCADA,1,"2019/08/21 15:40:00",CHALLHWF,38.299999
D,DISPATCH,UNIT_SCADA,1,"2019/08/21 15:40:00",CLOVER,-0.02
D,DISPATCH,UNIT_SCADA,1,"2019/08/21 15:40:00",CLUNY,20.240330
D,DISPATCH,UNIT_SCADA,1,"2019/08/21 15:40:00",CNUNDAWF,39.145664
D,DISPATCH,UNIT_SCADA,1,"2019/08/21 15:40:00",CULLRGWF,30.51
D,DISPATCH,UNIT_SCADA,1,"2019/08/21 15:40:00",ERGT01,0
D,DISPATCH,UNIT_SCADA,1,"2019/08/21 15:40:00",GB01,0.068523
D,DISPATCH,UNIT_SCADA,1,"2019/08/21 15:40:00",GERMCRK,36.799999
D,DISPATCH,UNIT_SCADA,1,"2019/08/21 15:40:00",GRIFSF1,7.000008
D,DISPATCH,UNIT_SCADA,1,"2019/08/21 15:40:00",HUGSF1,9.016001
D,DISPATCH,UNIT_SCADA,1,"2019/08/21 15:40:00",LKBONNY1,59.747963
D,DISPATCH,UNIT_SCADA,1,"2019/08/21 15:40:00",LRSF1,13.130001
D,DISPATCH,UNIT_SCADA,1,"2019/08/21 15:40:00",MBAHNTH,55.856247
D,DISPATCH,UNIT_SCADA,1,"2019/08/21 15:40:00",MLSP1,3.691001
D,DISPATCH,UNIT_SCADA,1,"2019/08/21 15:40:00",MLWF1,19.485001
D,DISPATCH,UNIT_SCADA,1,"2019/08/21 15:40:00",MTMILLAR,11.474503
D,DISPATCH,UNIT_SCADA,1,"2019/08/21 15:40:00",PALOONA,24.889999
D,DISPATCH,UNIT_SCADA,1,"2019/08/21 15:40:00",PIONEER,29.40
D,DISPATCH,UNIT_SCADA,1,"2019/08/21 15:40:00",PORTWF,138.199997
D,DISPATCH,UNIT_SCADA,1,"2019/08/21 15:40:00",REPULSE,28.853590
D,DISPATCH,UNIT_SCADA,1,"2019/08/21 15:40:00",ROWALLAN,10.3305
D,DISPATCH,UNIT_SCADA,1,"2019/08/21 15:40:00",ROYALLA1,9.458001
D,DISPATCH,UNIT_SCADA,1,"2019/08/21 15:40:00",RPCG,11.30
D,DISPATCH,UNIT_SCADA,1,"2019/08/21 15:40:00",RUBICON,0
D,DISPATCH,UNIT_SCADA,1,"2019/08/21 15:40:00",SATGN1,0
D,DISPATCH,UNIT_SCADA,1,"2019/08/21 15:40:00",SATGS1,0
D,DISPATCH,UNIT_SCADA,1,"2019/08/21 15:40:00",STARHLWF,5.598368
D,DISPATCH,UNIT_SCADA,1,"2019/08/21 15:40:00",WAUBRAWF,170.585007
D,DISPATCH,UNIT_SCADA,1,"2019/08/21 15:40:00",WOOLNTH1,134.390015
D,DISPATCH,UNIT_SCADA,1,"2019/08/21 15:40:00",WPWF,67
D,DISPATCH,UNIT_SCADA,1,"2019/08/21 15:40:00",YAMBUKWF,29.60
D,DISPATCH,UNIT_SCADA,1,"2019/08/21 15:40:00",YSWF1,28.40
D,DISPATCH,UNIT_SCADA,1,"2019/08/21 15:40:00",AGLHAL,0
D,DISPATCH,UNIT_SCADA,1,"2019/08/21 15:40:00",AGLSOM,0
D,DISPATCH,UNIT_SCADA,1,"2019/08/21 15:40:00",ANGAST1,0
D,DISPATCH,UNIT_SCADA,1,"2019/08/21 15:40:00",ARWF1,132.80
D,DISPATCH,UNIT_SCADA,1,"2019/08/21 15:40:00",BALBG1,0
D,DISPATCH,UNIT_SCADA,1,"2019/08/21 15:40:00",BALBL1,0
D,DISPATCH,UNIT_SCADA,1,"2019/08/21 15:40:00",BALDHWF1,101.0220
D,DISPATCH,UNIT_SCADA,1,"2019/08/21 15:40:00",BANN1,24.35
D,DISPATCH,UNIT_SCADA,1,"2019/08/21 15:40:00",BARCALDN,0
D,DISPATCH,UNIT_SCADA,1,"2019/08/21 15:40:00",BARRON-1,0
D,DISPATCH,UNIT_SCADA,1,"2019/08/21 15:40:00",BARRON-2,25.92
D,DISPATCH,UNIT_SCADA,1,"2019/08/21 15:40:00",BASTYAN,78.27
D,DISPATCH,UNIT_SCADA,1,"2019/08/21 15:40:00",BBTHREE1,-1.95
D,DISPATCH,UNIT_SCADA,1,"2019/08/21 15:40:00",BBTHREE2,-1.99
D,DISPATCH,UNIT_SCADA,1,"2019/08/21 15:40:00",BBTHREE3,-1.08
D,DISPATCH,UNIT_SCADA,1,"2019/08/21 15:40:00",BDL01,0
D,DISPATCH,UNIT_SCADA,1,"2019/08/21 15:40:00",BDL02,0
D,DISPATCH,UNIT_SCADA,1,"2019/08/21 15:40:00",BERYLSF1,68.691940
D,DISPATCH,UNIT_SCADA,1,"2019/08/21 15:40:00",BLOWERNG,0
D,DISPATCH,UNIT_SCADA,1,"2019/08/21 15:40:00",BLUFF1,42.40
D,DISPATCH,UNIT_SCADA,1,"2019/08/21 15:40:00",BNGSF1,94.84
D,DISPATCH,UNIT_SCADA,1,"2019/08/21 15:40:00",BNGSF2,20.03
D,DISPATCH,UNIT_SCADA,1,"2019/08/21 15:40:00",BOCORWF1,109.05
D,DISPATCH,UNIT_SCADA,1,"2019/08/21 15:40:00",BODWF1,100.6108
D,DISPATCH,UNIT_SCADA,1,"2019/08/21 15:40:00",BRAEMAR1,0
D,DISPATCH,UNIT_SCADA,1,"2019/08/21 15:40:00",BRAEMAR2,0
D,DISPATCH,UNIT_SCADA,1,"2019/08/21 15:40:00",BRAEMAR3,0
D,DISPATCH,UNIT_SCADA,1,"2019/08/21 15:40:00",BRAEMAR5,0
D,DISPATCH,UNIT_SCADA,1,"2019/08/21 15:40:00",BRAEMAR6,0
D,DISPATCH,UNIT_SCADA,1,"2019/08/21 15:40:00",BRAEMAR7,0
D,DISPATCH,UNIT_SCADA,1,"2019/08/21 15:40:00",BROKENH1,18.226320
D,DISPATCH,UNIT_SCADA,1,"2019/08/21 15:40:00",BW01,423.550050
D,DISPATCH,UNIT_SCADA,1,"2019/08/21 15:40:00",BW02,444.3750
D,DISPATCH,UNIT_SCADA,1,"2019/08/21 15:40:00",BW03,448.449950
D,DISPATCH,UNIT_SCADA,1,"2019/08/21 15:40:00",BW04,0
D,DISPATCH,UNIT_SCADA,1,"2019/08/21 15:40:00",CALL_B_1,280.200010
D,DISPATCH,UNIT_SCADA,1,"2019/08/21 15:40:00",CALL_B_2,350.200010
D,DISPATCH,UNIT_SCADA,1,"2019/08/21 15:40:00",CETHANA,4.180750
D,DISPATCH,UNIT_SCADA,1,"2019/08/21 15:40:00",CG1,0
D,DISPATCH,UNIT_SCADA,1,"2019/08/21 15:40:00",CG2,0
D,DISPATCH,UNIT_SCADA,1,"2019/08/21 15:40:00",CG3,0
D,DISPATCH,UNIT_SCADA,1,"2019/08/21 15:40:00",CG4,0
D,DISPATCH,UNIT_SCADA,1,"2019/08/21 15:40:00",CHILDSF1,40.04
D,DISPATCH,UNIT_SCADA,1,"2019/08/21 15:40:00",CLARESF1,40.587270
D,DISPATCH,UNIT_SCADA,1,"2019/08/21 15:40:00",CLEMGPWF,34.504770
D,DISPATCH,UNIT_SCADA,1,"2019/08/21 15:40:00",CLERMSF1,14.77
D,DISPATCH,UNIT_SCADA,1,"2019/08/21 15:40:00",COLEASF1,43
D,DISPATCH,UNIT_SCADA,1,"2019/08/21 15:40:00",COOPGWF1,22.952120
D,DISPATCH,UNIT_SCADA,1,"2019/08/21 15:40:00",CPP_3,264.274990
D,DISPATCH,UNIT_SCADA,1,"2019/08/21 15:40:00",CPP_4,314.050020
D,DISPATCH,UNIT_SCADA,1,"2019/08/21 15:40:00",CPSA,142.558750
D,DISPATCH,UNIT_SCADA,1,"2019/08/21 15:40:00",CROOKWF2,87.993740
D,DISPATCH,UNIT_SCADA,1,"2019/08/21 15:40:00",CROWLWF1,42.6025
D,DISPATCH,UNIT_SCADA,1,"2019/08/21 15:40:00",CSPVPS1,25.9740
D,DISPATCH,UNIT_SCADA,1,"2019/08/21 15:40:00",DALNTH01,0
D,DISPATCH,UNIT_SCADA,1,"2019/08/21 15:40:00",DALNTHL1,0.074770
D,DISPATCH,UNIT_SCADA,1,"2019/08/21 15:40:00",DARTM1,0
D,DISPATCH,UNIT_SCADA,1,"2019/08/21 15:40:00",DAYDSF1,106.137010
D,DISPATCH,UNIT_SCADA,1,"2019/08/21 15:40:00",DDPS1,13.274290
D,DISPATCH,UNIT_SCADA,1,"2019/08/21 15:40:00",DDSF1,64.540670
D,DISPATCH,UNIT_SCADA,1,"2019/08/21 15:40:00",DEVILS_G,0
D,DISPATCH,UNIT_SCADA,1,"2019/08/21 15:40:00",DG_NSW1,0
D,DISPATCH,UNIT_SCADA,1,"2019/08/21 15:40:00",DG_QLD1,0
D,DISPATCH,UNIT_SCADA,1,"2019/08/21 15:40:00",DG_SA1,0
D,DISPATCH,UNIT_SCADA,1,"2019/08/21 15:40:00",DG_TAS1,0
D,DISPATCH,UNIT_SCADA,1,"2019/08/21 15:40:00",DG_VIC1,0
D,DISPATCH,UNIT_SCADA,1,"2019/08/21 15:40:00",DRYCGT1,0
D,DISPATCH,UNIT_SCADA,1,"2019/08/21 15:40:00",DRYCGT2,0
D,DISPATCH,UNIT_SCADA,1,"2019/08/21 15:40:00",DRYCGT3,0
D,DISPATCH,UNIT_SCADA,1,"2019/08/21 15:40:00",EILDON1,0
D,DISPATCH,UNIT_SCADA,1,"2019/08/21 15:40:00",EILDON2,0
D,DISPATCH,UNIT_SCADA,1,"2019/08/21 15:40:00",EMERASF1,60.81
D,DISPATCH,UNIT_SCADA,1,"2019/08/21 15:40:00",ER01,395.199950
D,DISPATCH,UNIT_SCADA,1,"2019/08/21 15:40:00",ER02,394.150020
D,DISPATCH,UNIT_SCADA,1,"2019/08/21 15:40:00",ER03,699.675050
D,DISPATCH,UNIT_SCADA,1,"2019/08/21 15:40:00",ER04,396.6250
D,DISPATCH,UNIT_SCADA,1,"2019/08/21 15:40:00",FINLYSF1,0.624370
D,DISPATCH,UNIT_SCADA,1,"2019/08/21 15:40:00",FISHER,45.87
D,DISPATCH,UNIT_SCADA,1,"2019/08/21 15:40:00",GANNBG1,0
D,DISPATCH,UNIT_SCADA,1,"2019/08/21 15:40:00",GANNBL1,10.455990
D,DISPATCH,UNIT_SCADA,1,"2019/08/21 15:40:00",GANNSF1,42.80
D,DISPATCH,UNIT_SCADA,1,"2019/08/21 15:40:00",GORDON,35.554960
D,DISPATCH,UNIT_SCADA,1,"2019/08/21 15:40:00",GSTONE1,130.20
D,DISPATCH,UNIT_SCADA,1,"2019/08/21 15:40:00",GSTONE2,122.85
D,DISPATCH,UNIT_SCADA,1,"2019/08/21 15:40:00",GSTONE3,120.5750
D,DISPATCH,UNIT_SCADA,1,"2019/08/21 15:40:00",GSTONE4,139.30
D,DISPATCH,UNIT_SCADA,1,"2019/08/21 15:40:00",GSTONE5,140.1750
D,DISPATCH,UNIT_SCADA,1,"2019/08/21 15:40:00",GSTONE6,0
D,DISPATCH,UNIT_SCADA,1,"2019/08/21 15:40:00",GULLRSF1,1.556430
D,DISPATCH,UNIT_SCADA,1,"2019/08/21 15:40:00",GULLRWF1,158.622990
D,DISPATCH,UNIT_SCADA,1,"2019/08/21 15:40:00",GUNNING1,42.388250
D,DISPATCH,UNIT_SCADA,1,"2019/08/21 15:40:00",GUTHEGA,0
D,DISPATCH,UNIT_SCADA,1,"2019/08/21 15:40:00",HALLWF1,84.21
D,DISPATCH,UNIT_SCADA,1,"2019/08/21 15:40:00",HALLWF2,37.57
D,DISPATCH,UNIT_SCADA,1,"2019/08/21 15:40:00",HAMISF1,45.30
D,DISPATCH,UNIT_SCADA,1,"2019/08/21 15:40:00",HAUGHT11,49.979390
D,DISPATCH,UNIT_SCADA,1,"2019/08/21 15:40:00",HAYMSF1,37.86
D,DISPATCH,UNIT_SCADA,1,"2019/08/21 15:40:00",HDWF1,64.30
D,DISPATCH,UNIT_SCADA,1,"2019/08/21 15:40:00",HDWF2,59.80
D,DISPATCH,UNIT_SCADA,1,"2019/08/21 15:40:00",HDWF3,73
D,DISPATCH,UNIT_SCADA,1,"2019/08/21 15:40:00",HPRG1,0.40
D,DISPATCH,UNIT_SCADA,1,"2019/08/21 15:40:00",HPRL1,0
D,DISPATCH,UNIT_SCADA,1,"2019/08/21 15:40:00",HUMENSW,0
D,DISPATCH,UNIT_SCADA,1,"2019/08/21 15:40:00",HUMEV,10.50
D,DISPATCH,UNIT_SCADA,1,"2019/08/21 15:40:00",HVGTS,0
D,DISPATCH,UNIT_SCADA,1,"2019/08/21 15:40:00",JBUTTERS,138.259990
D,DISPATCH,UNIT_SCADA,1,"2019/08/21 15:40:00",JLA01,0.50
D,DISPATCH,UNIT_SCADA,1,"2019/08/21 15:40:00",JLA02,0
D,DISPATCH,UNIT_SCADA,1,"2019/08/21 15:40:00",JLA03,0.10
D,DISPATCH,UNIT_SCADA,1,"2019/08/21 15:40:00",JLA04,0.10
D,DISPATCH,UNIT_SCADA,1,"2019/08/21 15:40:00",JLB01,0
D,DISPATCH,UNIT_SCADA,1,"2019/08/21 15:40:00",JLB02,0.10
D,DISPATCH,UNIT_SCADA,1,"2019/08/21 15:40:00",JLB03,0
D,DISPATCH,UNIT_SCADA,1,"2019/08/21 15:40:00",KAREEYA1,21.49
D,DISPATCH,UNIT_SCADA,1,"2019/08/21 15:40:00",KAREEYA2,21.5650
D,DISPATCH,UNIT_SCADA,1,"2019/08/21 15:40:00",KAREEYA3,0
D,DISPATCH,UNIT_SCADA,1,"2019/08/21 15:40:00",KAREEYA4,21.6650
D,DISPATCH,UNIT_SCADA,1,"2019/08/21 15:40:00",KARSF1,12.90
D,DISPATCH,UNIT_SCADA,1,"2019/08/21 15:40:00",KIATAWF1,27.50
D,DISPATCH,UNIT_SCADA,1,"2019/08/21 15:40:00",KPP_1,0
D,DISPATCH,UNIT_SCADA,1,"2019/08/21 15:40:00",KSP1,47.05
D,DISPATCH,UNIT_SCADA,1,"2019/08/21 15:40:00",LADBROK1,0
D,DISPATCH,UNIT_SCADA,1,"2019/08/21 15:40:00",LADBROK2,0
D,DISPATCH,UNIT_SCADA,1,"2019/08/21 15:40:00",LD01,361.574980
D,DISPATCH,UNIT_SCADA,1,"2019/08/21 15:40:00",LD02,301.012480
D,DISPATCH,UNIT_SCADA,1,"2019/08/21 15:40:00",LD03,320.306210
D,DISPATCH,UNIT_SCADA,1,"2019/08/21 15:40:00",LD04,353.606230
D,DISPATCH,UNIT_SCADA,1,"2019/08/21 15:40:00",LEM_WIL,85.923050
D,DISPATCH,UNIT_SCADA,1,"2019/08/21 15:40:00",LGAPWF1,2.78
D,DISPATCH,UNIT_SCADA,1,"2019/08/21 15:40:00",LILYSF1,87.556090
D,DISPATCH,UNIT_SCADA,1,"2019/08/21 15:40:00",LI_WY_CA,147.584410
D,DISPATCH,UNIT_SCADA,1,"2019/08/21 15:40:00",LKBONNY2,141.085720
D,DISPATCH,UNIT_SCADA,1,"2019/08/21 15:40:00",LKBONNY3,34.051430
D,DISPATCH,UNIT_SCADA,1,"2019/08/21 15:40:00",LK_ECHO,0
D,DISPATCH,UNIT_SCADA,1,"2019/08/21 15:40:00",LNGS1,0
D,DISPATCH,UNIT_SCADA,1,"2019/08/21 15:40:00",LNGS2,0
D,DISPATCH,UNIT_SCADA,1,"2019/08/21 15:40:00",LONSDALE,0
D,DISPATCH,UNIT_SCADA,1,"2019/08/21 15:40:00",LOYYB1,536.088620
D,DISPATCH,UNIT_SCADA,1,"2019/08/21 15:40:00",LOYYB2,581.578490
D,DISPATCH,UNIT_SCADA,1,"2019/08/21 15:40:00",LYA1,559
D,DISPATCH,UNIT_SCADA,1,"2019/08/21 15:40:00",LYA2,0
D,DISPATCH,UNIT_SCADA,1,"2019/08/21 15:40:00",LYA3,560
D,DISPATCH,UNIT_SCADA,1,"2019/08/21 15:40:00",LYA4,528
D,DISPATCH,UNIT_SCADA,1,"2019/08/21 15:40:00",MACARTH1,370.791440
D,DISPATCH,UNIT_SCADA,1,"2019/08/21 15:40:00",MACKAYGT,0
D,DISPATCH,UNIT_SCADA,1,"2019/08/21 15:40:00",MACKNTSH,85.16
D,DISPATCH,UNIT_SCADA,1,"2019/08/21 15:40:00",MANSLR1,3.8530
D,DISPATCH,UNIT_SCADA,1,"2019/08/21 15:40:00",MCKAY1,0.02
D,DISPATCH,UNIT_SCADA,1,"2019/08/21 15:40:00",MEADOWBK,33.781560
D,DISPATCH,UNIT_SCADA,1,"2019/08/21 15:40:00",MERCER01,124.4710
D,DISPATCH,UNIT_SCADA,1,"2019/08/21 15:40:00",MEWF1,50.294780
D,DISPATCH,UNIT_SCADA,1,"2019/08/21 15:40:00",MINTARO,0
D,DISPATCH,UNIT_SCADA,1,"2019/08/21 15:40:00",MOREESF1,48.9180
D,DISPATCH,UNIT_SCADA,1,"2019/08/21 15:40:00",MORTLK11,0
D,DISPATCH,UNIT_SCADA,1,"2019/08/21 15:40:00",MORTLK12,0
D,DISPATCH,UNIT_SCADA,1,"2019/08/21 15:40:00",MP1,283.900020
D,DISPATCH,UNIT_SCADA,1,"2019/08/21 15:40:00",MP2,0
D,DISPATCH,UNIT_SCADA,1,"2019/08/21 15:40:00",MPP_1,304
D,DISPATCH,UNIT_SCADA,1,"2019/08/21 15:40:00",MPP_2,410
D,DISPATCH,UNIT_SCADA,1,"2019/08/21 15:40:00",MSTUART1,0
D,DISPATCH,UNIT_SCADA,1,"2019/08/21 15:40:00",MSTUART2,0
D,DISPATCH,UNIT_SCADA,1,"2019/08/21 15:40:00",MSTUART3,0
D,DISPATCH,UNIT_SCADA,1,"2019/08/21 15:40:00",MTGELWF1,64.789280
D,DISPATCH,UNIT_SCADA,1,"2019/08/21 15:40:00",MURRAY,0
D,DISPATCH,UNIT_SCADA,1,"2019/08/21 15:40:00",MUSSELR1,75.10
D,DISPATCH,UNIT_SCADA,1,"2019/08/21 15:40:00",MUWAWF1,56.18
D,DISPATCH,UNIT_SCADA,1,"2019/08/21 15:40:00",NBHWF1,87.40
D,DISPATCH,UNIT_SCADA,1,"2019/08/21 15:40:00",NPS,0
D,DISPATCH,UNIT_SCADA,1,"2019/08/21 15:40:00",NUMURSF1,37.55
D,DISPATCH,UNIT_SCADA,1,"2019/08/21 15:40:00",NYNGAN1,64.50
D,DISPATCH,UNIT_SCADA,1,"2019/08/21 15:40:00",OAKEY1,0
D,DISPATCH,UNIT_SCADA,1,"2019/08/21 15:40:00",OAKEY1SF,22.9690
D,DISPATCH,UNIT_SCADA,1,"2019/08/21 15:40:00",OAKEY2,0
D,DISPATCH,UNIT_SCADA,1,"2019/08/21 15:40:00",OAKLAND1,59.40
D,DISPATCH,UNIT_SCADA,1,"2019/08/21 15:40:00",OSB-AG,0
D,DISPATCH,UNIT_SCADA,1,"2019/08/21 15:40:00",PARSF1,11.80
D,DISPATCH,UNIT_SCADA,1,"2019/08/21 15:40:00",POAT110,0
D,DISPATCH,UNIT_SCADA,1,"2019/08/21 15:40:00",POAT220,6.616240
D,DISPATCH,UNIT_SCADA,1,"2019/08/21 15:40:00",POR01,0
D,DISPATCH,UNIT_SCADA,1,"2019/08/21 15:40:00",POR03,0
D,DISPATCH,UNIT_SCADA,1,"2019/08/21 15:40:00",PPCCGT,194.356450
D,DISPATCH,UNIT_SCADA,1,"2019/08/21 15:40:00",PTSTAN1,0
D,DISPATCH,UNIT_SCADA,1,"2019/08/21 15:40:00",PUMP1,0
D,DISPATCH,UNIT_SCADA,1,"2019/08/21 15:40:00",PUMP2,0
D,DISPATCH,UNIT_SCADA,1,"2019/08/21 15:40:00",QPS1,0
D,DISPATCH,UNIT_SCADA,1,"2019/08/21 15:40:00",QPS2,0
D,DISPATCH,UNIT_SCADA,1,"2019/08/21 15:40:00",QPS3,0
D,DISPATCH,UNIT_SCADA,1,"2019/08/21 15:40:00",QPS4,0
D,DISPATCH,UNIT_SCADA,1,"2019/08/21 15:40:00",QPS5,0
D,DISPATCH,UNIT_SCADA,1,"2019/08/21 15:40:00",REECE1,116.70
D,DISPATCH,UNIT_SCADA,1,"2019/08/21 15:40:00",REECE2,116.280010
D,DISPATCH,UNIT_SCADA,1,"2019/08/21 15:40:00",ROMA_7,0
D,DISPATCH,UNIT_SCADA,1,"2019/08/21 15:40:00",ROMA_8,0
D,DISPATCH,UNIT_SCADA,1,"2019/08/21 15:40:00",RRSF1,106.684620
D,DISPATCH,UNIT_SCADA,1,"2019/08/21 15:40:00",RT_NSW1,0
D,DISPATCH,UNIT_SCADA,1,"2019/08/21 15:40:00",RT_NSW2,0
D,DISPATCH,UNIT_SCADA,1,"2019/08/21 15:40:00",RT_NSW3,0
D,DISPATCH,UNIT_SCADA,1,"2019/08/21 15:40:00",RT_NSW4,0
D,DISPATCH,UNIT_SCADA,1,"2019/08/21 15:40:00",RT_NSW5,0
D,DISPATCH,UNIT_SCADA,1,"2019/08/21 15:40:00",RT_NSW6,0
D,DISPATCH,UNIT_SCADA,1,"2019/08/21 15:40:00",RT_QLD1,0
D,DISPATCH,UNIT_SCADA,1,"2019/08/21 15:40:00",RT_SA1,0
D,DISPATCH,UNIT_SCADA,1,"2019/08/21 15:40:00",RT_SA2,0
D,DISPATCH,UNIT_SCADA,1,"2019/08/21 15:40:00",RT_SA3,0
D,DISPATCH,UNIT_SCADA,1,"2019/08/21 15:40:00",RT_SA4,0
D,DISPATCH,UNIT_SCADA,1,"2019/08/21 15:40:00",RT_SA5,0
D,DISPATCH,UNIT_SCADA,1,"2019/08/21 15:40:00",RT_SA6,0
D,DISPATCH,UNIT_SCADA,1,"2019/08/21 15:40:00",RT_TAS1,0
D,DISPATCH,UNIT_SCADA,1,"2019/08/21 15:40:00",RT_VIC1,0
D,DISPATCH,UNIT_SCADA,1,"2019/08/21 15:40:00",RT_VIC10,0
D,DISPATCH,UNIT_SCADA,1,"2019/08/21 15:40:00",RT_VIC11,0
D,DISPATCH,UNIT_SCADA,1,"2019/08/21 15:40:00",RT_VIC12,0
D,DISPATCH,UNIT_SCADA,1,"2019/08/21 15:40:00",RT_VIC2,0
D,DISPATCH,UNIT_SCADA,1,"2019/08/21 15:40:00",RT_VIC3,0
D,DISPATCH,UNIT_SCADA,1,"2019/08/21 15:40:00",RT_VIC4,0
D,DISPATCH,UNIT_SCADA,1,"2019/08/21 15:40:00",RT_VIC5,0
D,DISPATCH,UNIT_SCADA,1,"2019/08/21 15:40:00",RT_VIC6,0
D,DISPATCH,UNIT_SCADA,1,"2019/08/21 15:40:00",RT_VIC7,0
D,DISPATCH,UNIT_SCADA,1,"2019/08/21 15:40:00",RT_VIC8,0
D,DISPATCH,UNIT_SCADA,1,"2019/08/21 15:40:00",RT_VIC9,0
D,DISPATCH,UNIT_SCADA,1,"2019/08/21 15:40:00",RUGBYR1,44.597250
D,DISPATCH,UNIT_SCADA,1,"2019/08/21 15:40:00",SALTCRK1,48.70
D,DISPATCH,UNIT_SCADA,1,"2019/08/21 15:40:00",SAPHWF1,194.831270
D,DISPATCH,UNIT_SCADA,1,"2019/08/21 15:40:00",SHGEN,0
D,DISPATCH,UNIT_SCADA,1,"2019/08/21 15:40:00",SHPUMP,140
D,DISPATCH,UNIT_SCADA,1,"2019/08/21 15:40:00",SITHE01,0.123710
D,DISPATCH,UNIT_SCADA,1,"2019/08/21 15:40:00",SMCSF1,57.027150
D,DISPATCH,UNIT_SCADA,1,"2019/08/21 15:40:00",SNOWNTH1,76.30
D,DISPATCH,UNIT_SCADA,1,"2019/08/21 15:40:00",SNOWSTH1,76.50
D,DISPATCH,UNIT_SCADA,1,"2019/08/21 15:40:00",SNOWTWN1,44.927590
D,DISPATCH,UNIT_SCADA,1,"2019/08/21 15:40:00",SNOWYP,0
D,DISPATCH,UNIT_SCADA,1,"2019/08/21 15:40:00",SNUG1,0.019440
D,DISPATCH,UNIT_SCADA,1,"2019/08/21 15:40:00",SRSF1,34.55
D,DISPATCH,UNIT_SCADA,1,"2019/08/21 15:40:00",STAN-1,0
D,DISPATCH,UNIT_SCADA,1,"2019/08/21 15:40:00",STAN-2,281.9147
D,DISPATCH,UNIT_SCADA,1,"2019/08/21 15:40:00",STAN-3,281.478880
D,DISPATCH,UNIT_SCADA,1,"2019/08/21 15:40:00",STAN-4,280.2612
D,DISPATCH,UNIT_SCADA,1,"2019/08/21 15:40:00",STWF1,19.563750
D,DISPATCH,UNIT_SCADA,1,"2019/08/21 15:40:00",SWAN_E,0
D,DISPATCH,UNIT_SCADA,1,"2019/08/21 15:40:00",TALWA1,0
D,DISPATCH,UNIT_SCADA,1,"2019/08/21 15:40:00",TARALGA1,36.281250
D,DISPATCH,UNIT_SCADA,1,"2019/08/21 15:40:00",TARONG#1,285.300020
D,DISPATCH,UNIT_SCADA,1,"2019/08/21 15:40:00",TARONG#2,288.50
D,DISPATCH,UNIT_SCADA,1,"2019/08/21 15:40:00",TARONG#3,259.800020
D,DISPATCH,UNIT_SCADA,1,"2019/08/21 15:40:00",TARONG#4,279.200010
D,DISPATCH,UNIT_SCADA,1,"2019/08/21 15:40:00",TARRALEA,86.20
D,DISPATCH,UNIT_SCADA,1,"2019/08/21 15:40:00",TBSF1,67.50
D,DISPATCH,UNIT_SCADA,1,"2019/08/21 15:40:00",TNPS1,442.000030
D,DISPATCH,UNIT_SCADA,1,"2019/08/21 15:40:00",TORRA1,40.4854
D,DISPATCH,UNIT_SCADA,1,"2019/08/21 15:40:00",TORRA2,0
D,DISPATCH,UNIT_SCADA,1,"2019/08/21 15:40:00",TORRA3,0
D,DISPATCH,UNIT_SCADA,1,"2019/08/21 15:40:00",TORRA4,0
D,DISPATCH,UNIT_SCADA,1,"2019/08/21 15:40:00",TORRB1,41.31
D,DISPATCH,UNIT_SCADA,1,"2019/08/21 15:40:00",TORRB2,41.63
D,DISPATCH,UNIT_SCADA,1,"2019/08/21 15:40:00",TORRB3,0
D,DISPATCH,UNIT_SCADA,1,"2019/08/21 15:40:00",TORRB4,0
D,DISPATCH,UNIT_SCADA,1,"2019/08/21 15:40:00",TREVALLN,43.820010
D,DISPATCH,UNIT_SCADA,1,"2019/08/21 15:40:00",TRIBUTE,0
D,DISPATCH,UNIT_SCADA,1,"2019/08/21 15:40:00",TUMUT3,0
D,DISPATCH,UNIT_SCADA,1,"2019/08/21 15:40:00",TUNGATIN,119.400030
D,DISPATCH,UNIT_SCADA,1,"2019/08/21 15:40:00",TVCC201,0
D,DISPATCH,UNIT_SCADA,1,"2019/08/21 15:40:00",TVPP104,0
D,DISPATCH,UNIT_SCADA,1,"2019/08/21 15:40:00",UPPTUMUT,0
D,DISPATCH,UNIT_SCADA,1,"2019/08/21 15:40:00",URANQ11,0
D,DISPATCH,UNIT_SCADA,1,"2019/08/21 15:40:00",URANQ12,0
D,DISPATCH,UNIT_SCADA,1,"2019/08/21 15:40:00",URANQ13,0
D,DISPATCH,UNIT_SCADA,1,"2019/08/21 15:40:00",URANQ14,0
D,DISPATCH,UNIT_SCADA,1,"2019/08/21 15:40:00",VP5,351.225010
D,DISPATCH,UNIT_SCADA,1,"2019/08/21 15:40:00",VP6,346.425020
D,DISPATCH,UNIT_SCADA,1,"2019/08/21 15:40:00",VPGS1,0
D,DISPATCH,UNIT_SCADA,1,"2019/08/21 15:40:00",VPGS2,0
D,DISPATCH,UNIT_SCADA,1,"2019/08/21 15:40:00",VPGS3,0
D,DISPATCH,UNIT_SCADA,1,"2019/08/21 15:40:00",VPGS4,0
D,DISPATCH,UNIT_SCADA,1,"2019/08/21 15:40:00",VPGS5,0
D,DISPATCH,UNIT_SCADA,1,"2019/08/21 15:40:00",VPGS6,0
D,DISPATCH,UNIT_SCADA,1,"2019/08/21 15:40:00",W/HOE#1,0
D,DISPATCH,UNIT_SCADA,1,"2019/08/21 15:40:00",W/HOE#2,0
D,DISPATCH,UNIT_SCADA,1,"2019/08/21 15:40:00",WATERLWF,80
D,DISPATCH,UNIT_SCADA,1,"2019/08/21 15:40:00",WEMENSF1,27.20
D,DISPATCH,UNIT_SCADA,1,"2019/08/21 15:40:00",WGWF1,68.80
D,DISPATCH,UNIT_SCADA,1,"2019/08/21 15:40:00",WHITSF1,43.20
D,DISPATCH,UNIT_SCADA,1,"2019/08/21 15:40:00",WKIEWA1,0
D,DISPATCH,UNIT_SCADA,1,"2019/08/21 15:40:00",WKIEWA2,0.10
D,DISPATCH,UNIT_SCADA,1,"2019/08/21 15:40:00",WOODLWN1,42.9030
D,DISPATCH,UNIT_SCADA,1,"2019/08/21 15:40:00",WRSF1,9.96
D,DISPATCH,UNIT_SCADA,1,"2019/08/21 15:40:00",WRWF1,159.952510
D,DISPATCH,UNIT_SCADA,1,"2019/08/21 15:40:00",YABULU,0
D,DISPATCH,UNIT_SCADA,1,"2019/08/21 15:40:00",YABULU2,0
D,DISPATCH,UNIT_SCADA,1,"2019/08/21 15:40:00",YARWUN_1,0
D,DISPATCH,UNIT_SCADA,1,"2019/08/21 15:40:00",YENDWF1,41.93
D,DISPATCH,UNIT_SCADA,1,"2019/08/21 15:40:00",YWPS1,385.964570
D,DISPATCH,UNIT_SCADA,1,"2019/08/21 15:40:00",YWPS2,288.468350
D,DISPATCH,UNIT_SCADA,1,"2019/08/21 15:40:00",YWPS3,0
D,DISPATCH,UNIT_SCADA,1,"2019/08/21 15:40:00",YWPS4,400.883540
C,"END OF REPORT",334
