C,NEMP.WORLD,DISPATCHSCADA,AEMO,PUBLIC,2019/09/06,11:05:12,0000000312459003,DISPATCHSCADA,0000000312458997
I,DISPATCH,UNIT_SCADA,1,SETTLEMENTDATE,DUID,SCADAVALUE
D,DISPATCH,UNIT_SCADA,1,"2019/09/06 11:10:00",BARCSF1,8.900001
D,DISPATCH,UNIT_SCADA,1,"2019/09/06 11:10:00",BUTLERSG,10.199999
D,DISPATCH,UNIT_SCADA,1,"2019/09/06 11:10:00",CALL_A_4,0
D,DISPATCH,UNIT_SCADA,1,"2019/09/06 11:10:00",CAPTL_WF,119.800003
D,DISPATCH,UNIT_SCADA,1,"2019/09/06 11:10:00",CATHROCK,0
D,DISPATCH,UNIT_SCADA,1,"2019/09/06 11:10:00",CHALLHWF,24.299999
D,DISPATCH,UNIT_SCADA,1,"2019/09/06 11:10:00",CLOVER,-0.01
D,DISPATCH,UNIT_SCADA,1,"2019/09/06 11:10:00",CLUNY,18.501717
D,DISPATCH,UNIT_SCADA,1,"2019/09/06 11:10:00",CNUNDAWF,8.109461
D,DISPATCH,UNIT_SCADA,1,"2019/09/06 11:10:00",CULLRGWF,29.969999
D,DISPATCH,UNIT_SCADA,1,"2019/09/06 11:10:00",ERGT01,0
D,DISPATCH,UNIT_SCADA,1,"2019/09/06 11:10:00",GB01,0.011379
D,DISPATCH,UNIT_SCADA,1,"2019/09/06 11:10:00",GERMCRK,33.299999
D,DISPATCH,UNIT_SCADA,1,"2019/09/06 11:10:00",GRIFSF1,9.099998
D,DISPATCH,UNIT_SCADA,1,"2019/09/06 11:10:00",HUGSF1,9.04
D,DISPATCH,UNIT_SCADA,1,"2019/09/06 11:10:00",LKBONNY1,17.326017
D,DISPATCH,UNIT_SCADA,1,"2019/09/06 11:10:00",LRSF1,10.2320
D,DISPATCH,UNIT_SCADA,1,"2019/09/06 11:10:00",MBAHNTH,51.618744
D,DISPATCH,UNIT_SCADA,1,"2019/09/06 11:10:00",MLSP1,6.219001
D,DISPATCH,UNIT_SCADA,1,"2019/09/06 11:10:00",MLWF1,9.27
D,DISPATCH,UNIT_SCADA,1,"2019/09/06 11:10:00",MTMILLAR,52.342186
D,DISPATCH,UNIT_SCADA,1,"2019/09/06 11:10:00",PALOONA,25.369999
D,DISPATCH,UNIT_SCADA,1,"2019/09/06 11:10:00",PIONEER,46.799999
D,DISPATCH,UNIT_SCADA,1,"2019/09/06 11:10:00",PORTWF,48.700001
D,DISPATCH,UNIT_SCADA,1,"2019/09/06 11:10:00",REPULSE,32.562141
D,DISPATCH,UNIT_SCADA,1,"2019/09/06 11:10:00",ROWALLAN,10.3518
D,DISPATCH,UNIT_SCADA,1,"2019/09/06 11:10:00",ROYALLA1,12.189001
D,DISPATCH,UNIT_SCADA,1,"2019/09/06 11:10:00",RPCG,9.90
D,DISPATCH,UNIT_SCADA,1,"2019/09/06 11:10:00",RUBICON,0
D,DISPATCH,UNIT_SCADA,1,"2019/09/06 11:10:00",SATGN1,0
D,DISPATCH,UNIT_SCADA,1,"2019/09/06 11:10:00",SATGS1,0
D,DISPATCH,UNIT_SCADA,1,"2019/09/06 11:10:00",STARHLWF,24.992712
D,DISPATCH,UNIT_SCADA,1,"2019/09/06 11:10:00",WAUBRAWF,87.324997
D,DISPATCH,UNIT_SCADA,1,"2019/09/06 11:10:00",WOOLNTH1,11.140016
D,DISPATCH,UNIT_SCADA,1,"2019/09/06 11:10:00",WPWF,76
D,DISPATCH,UNIT_SCADA,1,"2019/09/06 11:10:00",YAMBUKWF,13.50
D,DISPATCH,UNIT_SCADA,1,"2019/09/06 11:10:00",YSWF1,14.70
D,DISPATCH,UNIT_SCADA,1,"2019/09/06 11:10:00",AGLHAL,0
D,DISPATCH,UNIT_SCADA,1,"2019/09/06 11:10:00",AGLSOM,0
D,DISPATCH,UNIT_SCADA,1,"2019/09/06 11:10:00",ANGAST1,0
D,DISPATCH,UNIT_SCADA,1,"2019/09/06 11:10:00",ARWF1,70.999990
D,DISPATCH,UNIT_SCADA,1,"2019/09/06 11:10:00",BALBG1,4.18
D,DISPATCH,UNIT_SCADA,1,"2019/09/06 11:10:00",BALBL1,0
D,DISPATCH,UNIT_SCADA,1,"2019/09/06 11:10:00",BALDHWF1,56.6940
D,DISPATCH,UNIT_SCADA,1,"2019/09/06 11:10:00",BANN1,55.57
D,DISPATCH,UNIT_SCADA,1,"2019/09/06 11:10:00",BARCALDN,0
D,DISPATCH,UNIT_SCADA,1,"2019/09/06 11:10:00",BARRON-1,0
D,DISPATCH,UNIT_SCADA,1,"2019/09/06 11:10:00",BARRON-2,0
D,DISPATCH,UNIT_SCADA,1,"2019/09/06 11:10:00",BASTYAN,80.80
D,DISPATCH,UNIT_SCADA,1,"2019/09/06 11:10:00",BBTHREE1,0
D,DISPATCH,UNIT_SCADA,1,"2019/09/06 11:10:00",BBTHREE2,0
D,DISPATCH,UNIT_SCADA,1,"2019/09/06 11:10:00",BBTHREE3,0
D,DISPATCH,UNIT_SCADA,1,"2019/09/06 11:10:00",BDL01,0
D,DISPATCH,UNIT_SCADA,1,"2019/09/06 11:10:00",BDL02,0
D,DISPATCH,UNIT_SCADA,1,"2019/09/06 11:10:00",BERYLSF1,55.579410
D,DISPATCH,UNIT_SCADA,1,"2019/09/06 11:10:00",BLOWERNG,15.30
D,DISPATCH,UNIT_SCADA,1,"2019/09/06 11:10:00",BLUFF1,52.60
D,DISPATCH,UNIT_SCADA,1,"2019/09/06 11:10:00",BNGSF1,26.41
D,DISPATCH,UNIT_SCADA,1,"2019/09/06 11:10:00",BNGSF2,10.04
D,DISPATCH,UNIT_SCADA,1,"2019/09/06 11:10:00",BOCORWF1,88.56
D,DISPATCH,UNIT_SCADA,1,"2019/09/06 11:10:00",BODWF1,108.871620
D,DISPATCH,UNIT_SCADA,1,"2019/09/06 11:10:00",BRAEMAR1,0
D,DISPATCH,UNIT_SCADA,1,"2019/09/06 11:10:00",BRAEMAR2,0
D,DISPATCH,UNIT_SCADA,1,"2019/09/06 11:10:00",BRAEMAR3,0
D,DISPATCH,UNIT_SCADA,1,"2019/09/06 11:10:00",BRAEMAR5,0
D,DISPATCH,UNIT_SCADA,1,"2019/09/06 11:10:00",BRAEMAR6,0
D,DISPATCH,UNIT_SCADA,1,"2019/09/06 11:10:00",BRAEMAR7,0
D,DISPATCH,UNIT_SCADA,1,"2019/09/06 11:10:00",BROKENH1,32.869140
D,DISPATCH,UNIT_SCADA,1,"2019/09/06 11:10:00",BW01,527.200070
D,DISPATCH,UNIT_SCADA,1,"2019/09/06 11:10:00",BW02,577.425050
D,DISPATCH,UNIT_SCADA,1,"2019/09/06 11:10:00",BW03,625.300050
D,DISPATCH,UNIT_SCADA,1,"2019/09/06 11:10:00",BW04,0
D,DISPATCH,UNIT_SCADA,1,"2019/09/06 11:10:00",CALL_B_1,284
D,DISPATCH,UNIT_SCADA,1,"2019/09/06 11:10:00",CALL_B_2,284.200010
D,DISPATCH,UNIT_SCADA,1,"2019/09/06 11:10:00",CETHANA,96.7475
D,DISPATCH,UNIT_SCADA,1,"2019/09/06 11:10:00",CG1,0
D,DISPATCH,UNIT_SCADA,1,"2019/09/06 11:10:00",CG2,0
D,DISPATCH,UNIT_SCADA,1,"2019/09/06 11:10:00",CG3,0
D,DISPATCH,UNIT_SCADA,1,"2019/09/06 11:10:00",CG4,0
D,DISPATCH,UNIT_SCADA,1,"2019/09/06 11:10:00",CHILDSF1,53.37
D,DISPATCH,UNIT_SCADA,1,"2019/09/06 11:10:00",CLARESF1,44.015620
D,DISPATCH,UNIT_SCADA,1,"2019/09/06 11:10:00",CLEMGPWF,51.000790
D,DISPATCH,UNIT_SCADA,1,"2019/09/06 11:10:00",CLERMSF1,14.72
D,DISPATCH,UNIT_SCADA,1,"2019/09/06 11:10:00",COLEASF1,23.200010
D,DISPATCH,UNIT_SCADA,1,"2019/09/06 11:10:00",COOPGWF1,33.791860
D,DISPATCH,UNIT_SCADA,1,"2019/09/06 11:10:00",CPP_3,213.400010
D,DISPATCH,UNIT_SCADA,1,"2019/09/06 11:10:00",CPP_4,258.50
D,DISPATCH,UNIT_SCADA,1,"2019/09/06 11:10:00",CPSA,74.643750
D,DISPATCH,UNIT_SCADA,1,"2019/09/06 11:10:00",CROOKWF2,81.633760
D,DISPATCH,UNIT_SCADA,1,"2019/09/06 11:10:00",CROWLWF1,38.070270
D,DISPATCH,UNIT_SCADA,1,"2019/09/06 11:10:00",CSPVPS1,31.9840
D,DISPATCH,UNIT_SCADA,1,"2019/09/06 11:10:00",DALNTH01,0
D,DISPATCH,UNIT_SCADA,1,"2019/09/06 11:10:00",DALNTHL1,0.083920
D,DISPATCH,UNIT_SCADA,1,"2019/09/06 11:10:00",DARTM1,0
D,DISPATCH,UNIT_SCADA,1,"2019/09/06 11:10:00",DAYDSF1,115.388010
D,DISPATCH,UNIT_SCADA,1,"2019/09/06 11:10:00",DDPS1,0
D,DISPATCH,UNIT_SCADA,1,"2019/09/06 11:10:00",DDSF1,106.332160
D,DISPATCH,UNIT_SCADA,1,"2019/09/06 11:10:00",DEVILS_G,0
D,DISPATCH,UNIT_SCADA,1,"2019/09/06 11:10:00",DG_NSW1,0
D,DISPATCH,UNIT_SCADA,1,"2019/09/06 11:10:00",DG_QLD1,0
D,DISPATCH,UNIT_SCADA,1,"2019/09/06 11:10:00",DG_SA1,0
D,DISPATCH,UNIT_SCADA,1,"2019/09/06 11:10:00",DG_TAS1,0
D,DISPATCH,UNIT_SCADA,1,"2019/09/06 11:10:00",DG_VIC1,0
D,DISPATCH,UNIT_SCADA,1,"2019/09/06 11:10:00",DRYCGT1,0
D,DISPATCH,UNIT_SCADA,1,"2019/09/06 11:10:00",DRYCGT2,0
D,DISPATCH,UNIT_SCADA,1,"2019/09/06 11:10:00",DRYCGT3,0
D,DISPATCH,UNIT_SCADA,1,"2019/09/06 11:10:00",EILDON1,0
D,DISPATCH,UNIT_SCADA,1,"2019/09/06 11:10:00",EILDON2,0
D,DISPATCH,UNIT_SCADA,1,"2019/09/06 11:10:00",EMERASF1,68.16
D,DISPATCH,UNIT_SCADA,1,"2019/09/06 11:10:00",ER01,470.150020
D,DISPATCH,UNIT_SCADA,1,"2019/09/06 11:10:00",ER02,575.6250
D,DISPATCH,UNIT_SCADA,1,"2019/09/06 11:10:00",ER03,0
D,DISPATCH,UNIT_SCADA,1,"2019/09/06 11:10:00",ER04,574.1250
D,DISPATCH,UNIT_SCADA,1,"2019/09/06 11:10:00",FINLYSF1,0.412510
D,DISPATCH,UNIT_SCADA,1,"2019/09/06 11:10:00",FISHER,46.03
D,DISPATCH,UNIT_SCADA,1,"2019/09/06 11:10:00",GANNBG1,1.497310
D,DISPATCH,UNIT_SCADA,1,"2019/09/06 11:10:00",GANNBL1,0
D,DISPATCH,UNIT_SCADA,1,"2019/09/06 11:10:00",GANNSF1,20.90
D,DISPATCH,UNIT_SCADA,1,"2019/09/06 11:10:00",GORDON,21.991760
D,DISPATCH,UNIT_SCADA,1,"2019/09/06 11:10:00",GSTONE1,132.1250
D,DISPATCH,UNIT_SCADA,1,"2019/09/06 11:10:00",GSTONE2,109.7250
D,DISPATCH,UNIT_SCADA,1,"2019/09/06 11:10:00",GSTONE3,0
D,DISPATCH,UNIT_SCADA,1,"2019/09/06 11:10:00",GSTONE4,131.599990
D,DISPATCH,UNIT_SCADA,1,"2019/09/06 11:10:00",GSTONE5,132.649990
D,DISPATCH,UNIT_SCADA,1,"2019/09/06 11:10:00",GSTONE6,129.6750
D,DISPATCH,UNIT_SCADA,1,"2019/09/06 11:10:00",GULLRSF1,9.912020
D,DISPATCH,UNIT_SCADA,1,"2019/09/06 11:10:00",GULLRWF1,132.839510
D,DISPATCH,UNIT_SCADA,1,"2019/09/06 11:10:00",GUNNING1,45.1154
D,DISPATCH,UNIT_SCADA,1,"2019/09/06 11:10:00",GUTHEGA,0
D,DISPATCH,UNIT_SCADA,1,"2019/09/06 11:10:00",HALLWF1,-0.48
D,DISPATCH,UNIT_SCADA,1,"2019/09/06 11:10:00",HALLWF2,-0.32
D,DISPATCH,UNIT_SCADA,1,"2019/09/06 11:10:00",HAMISF1,46.40
D,DISPATCH,UNIT_SCADA,1,"2019/09/06 11:10:00",HAUGHT11,91.693050
D,DISPATCH,UNIT_SCADA,1,"2019/09/06 11:10:00",HAYMSF1,41.1940
D,DISPATCH,UNIT_SCADA,1,"2019/09/06 11:10:00",HDWF1,99
D,DISPATCH,UNIT_SCADA,1,"2019/09/06 11:10:00",HDWF2,99.80
D,DISPATCH,UNIT_SCADA,1,"2019/09/06 11:10:00",HDWF3,108.70
D,DISPATCH,UNIT_SCADA,1,"2019/09/06 11:10:00",HPRG1,10
D,DISPATCH,UNIT_SCADA,1,"2019/09/06 11:10:00",HPRL1,0
D,DISPATCH,UNIT_SCADA,1,"2019/09/06 11:10:00",HUMENSW,0
D,DISPATCH,UNIT_SCADA,1,"2019/09/06 11:10:00",HUMEV,24.80
D,DISPATCH,UNIT_SCADA,1,"2019/09/06 11:10:00",HVGTS,0
D,DISPATCH,UNIT_SCADA,1,"2019/09/06 11:10:00",JBUTTERS,114.18
D,DISPATCH,UNIT_SCADA,1,"2019/09/06 11:10:00",JLA01,0.10
D,DISPATCH,UNIT_SCADA,1,"2019/09/06 11:10:00",JLA02,0
D,DISPATCH,UNIT_SCADA,1,"2019/09/06 11:10:00",JLA03,0
D,DISPATCH,UNIT_SCADA,1,"2019/09/06 11:10:00",JLA04,0
D,DISPATCH,UNIT_SCADA,1,"2019/09/06 11:10:00",JLB01,0
D,DISPATCH,UNIT_SCADA,1,"2019/09/06 11:10:00",JLB02,0.10
D,DISPATCH,UNIT_SCADA,1,"2019/09/06 11:10:00",JLB03,0
D,DISPATCH,UNIT_SCADA,1,"2019/09/06 11:10:00",KAREEYA1,21.5775
D,DISPATCH,UNIT_SCADA,1,"2019/09/06 11:10:00",KAREEYA2,21.63
D,DISPATCH,UNIT_SCADA,1,"2019/09/06 11:10:00",KAREEYA3,0
D,DISPATCH,UNIT_SCADA,1,"2019/09/06 11:10:00",KAREEYA4,21.5975
D,DISPATCH,UNIT_SCADA,1,"2019/09/06 11:10:00",KARSF1,31.10
D,DISPATCH,UNIT_SCADA,1,"2019/09/06 11:10:00",KIATAWF1,31.20
D,DISPATCH,UNIT_SCADA,1,"2019/09/06 11:10:00",KPP_1,0
D,DISPATCH,UNIT_SCADA,1,"2019/09/06 11:10:00",KSP1,46.61
D,DISPATCH,UNIT_SCADA,1,"2019/09/06 11:10:00",LADBROK1,0
D,DISPATCH,UNIT_SCADA,1,"2019/09/06 11:10:00",LADBROK2,0
D,DISPATCH,UNIT_SCADA,1,"2019/09/06 11:10:00",LD01,387.1312
D,DISPATCH,UNIT_SCADA,1,"2019/09/06 11:10:00",LD02,382.050020
D,DISPATCH,UNIT_SCADA,1,"2019/09/06 11:10:00",LD03,382.537540
D,DISPATCH,UNIT_SCADA,1,"2019/09/06 11:10:00",LD04,381.318790
D,DISPATCH,UNIT_SCADA,1,"2019/09/06 11:10:00",LEM_WIL,84.9515
D,DISPATCH,UNIT_SCADA,1,"2019/09/06 11:10:00",LGAPWF1,34.03
D,DISPATCH,UNIT_SCADA,1,"2019/09/06 11:10:00",LILYSF1,0
D,DISPATCH,UNIT_SCADA,1,"2019/09/06 11:10:00",LI_WY_CA,159.003140
D,DISPATCH,UNIT_SCADA,1,"2019/09/06 11:10:00",LKBONNY2,42.3598
D,DISPATCH,UNIT_SCADA,1,"2019/09/06 11:10:00",LKBONNY3,13.229820
D,DISPATCH,UNIT_SCADA,1,"2019/09/06 11:10:00",LK_ECHO,0
D,DISPATCH,UNIT_SCADA,1,"2019/09/06 11:10:00",LNGS1,0
D,DISPATCH,UNIT_SCADA,1,"2019/09/06 11:10:00",LNGS2,0
D,DISPATCH,UNIT_SCADA,1,"2019/09/06 11:10:00",LONSDALE,0
D,DISPATCH,UNIT_SCADA,1,"2019/09/06 11:10:00",LOYYB1,537.216430
D,DISPATCH,UNIT_SCADA,1,"2019/09/06 11:10:00",LOYYB2,583.082280
D,DISPATCH,UNIT_SCADA,1,"2019/09/06 11:10:00",LYA1,0
D,DISPATCH,UNIT_SCADA,1,"2019/09/06 11:10:00",LYA2,0
D,DISPATCH,UNIT_SCADA,1,"2019/09/06 11:10:00",LYA3,558
D,DISPATCH,UNIT_SCADA,1,"2019/09/06 11:10:00",LYA4,540
D,DISPATCH,UNIT_SCADA,1,"2019/09/06 11:10:00",MACARTH1,122.397170
D,DISPATCH,UNIT_SCADA,1,"2019/09/06 11:10:00",MACKAYGT,0.2240
D,DISPATCH,UNIT_SCADA,1,"2019/09/06 11:10:00",MACKNTSH,88.55
D,DISPATCH,UNIT_SCADA,1,"2019/09/06 11:10:00",MANSLR1,39.8540
D,DISPATCH,UNIT_SCADA,1,"2019/09/06 11:10:00",MCKAY1,-0.0350
D,DISPATCH,UNIT_SCADA,1,"2019/09/06 11:10:00",MEADOWBK,34.038780
D,DISPATCH,UNIT_SCADA,1,"2019/09/06 11:10:00",MERCER01,83.5570
D,DISPATCH,UNIT_SCADA,1,"2019/09/06 11:10:00",MEWF1,34.451460
D,DISPATCH,UNIT_SCADA,1,"2019/09/06 11:10:00",MINTARO,0
D,DISPATCH,UNIT_SCADA,1,"2019/09/06 11:10:00",MOREESF1,49.7960
D,DISPATCH,UNIT_SCADA,1,"2019/09/06 11:10:00",MORTLK11,125
D,DISPATCH,UNIT_SCADA,1,"2019/09/06 11:10:00",MORTLK12,0
D,DISPATCH,UNIT_SCADA,1,"2019/09/06 11:10:00",MP1,170.400020
D,DISPATCH,UNIT_SCADA,1,"2019/09/06 11:10:00",MP2,0
D,DISPATCH,UNIT_SCADA,1,"2019/09/06 11:10:00",MPP_1,384.75
D,DISPATCH,UNIT_SCADA,1,"2019/09/06 11:10:00",MPP_2,324.25
D,DISPATCH,UNIT_SCADA,1,"2019/09/06 11:10:00",MSTUART1,0
D,DISPATCH,UNIT_SCADA,1,"2019/09/06 11:10:00",MSTUART2,0
D,DISPATCH,UNIT_SCADA,1,"2019/09/06 11:10:00",MSTUART3,0
D,DISPATCH,UNIT_SCADA,1,"2019/09/06 11:10:00",MTGELWF1,48.866230
D,DISPATCH,UNIT_SCADA,1,"2019/09/06 11:10:00",MURRAY,0
D,DISPATCH,UNIT_SCADA,1,"2019/09/06 11:10:00",MUSSELR1,162.599990
D,DISPATCH,UNIT_SCADA,1,"2019/09/06 11:10:00",MUWAWF1,56.42
D,DISPATCH,UNIT_SCADA,1,"2019/09/06 11:10:00",NBHWF1,119.100010
D,DISPATCH,UNIT_SCADA,1,"2019/09/06 11:10:00",NPS,0
D,DISPATCH,UNIT_SCADA,1,"2019/09/06 11:10:00",NUMURSF1,73.18
D,DISPATCH,UNIT_SCADA,1,"2019/09/06 11:10:00",NYNGAN1,63.25
D,DISPATCH,UNIT_SCADA,1,"2019/09/06 11:10:00",OAKEY1,0
D,DISPATCH,UNIT_SCADA,1,"2019/09/06 11:10:00",OAKEY1SF,22.4840
D,DISPATCH,UNIT_SCADA,1,"2019/09/06 11:10:00",OAKEY2,0
D,DISPATCH,UNIT_SCADA,1,"2019/09/06 11:10:00",OAKEY2SF,0
D,DISPATCH,UNIT_SCADA,1,"2019/09/06 11:10:00",OAKLAND1,23.20
D,DISPATCH,UNIT_SCADA,1,"2019/09/06 11:10:00",OSB-AG,0
D,DISPATCH,UNIT_SCADA,1,"2019/09/06 11:10:00",PARSF1,32.303130
D,DISPATCH,UNIT_SCADA,1,"2019/09/06 11:10:00",POAT110,0
D,DISPATCH,UNIT_SCADA,1,"2019/09/06 11:10:00",POAT220,1.67
D,DISPATCH,UNIT_SCADA,1,"2019/09/06 11:10:00",POR01,0
D,DISPATCH,UNIT_SCADA,1,"2019/09/06 11:10:00",POR03,0
D,DISPATCH,UNIT_SCADA,1,"2019/09/06 11:10:00",PPCCGT,0
D,DISPATCH,UNIT_SCADA,1,"2019/09/06 11:10:00",PTSTAN1,0
D,DISPATCH,UNIT_SCADA,1,"2019/09/06 11:10:00",PUMP1,0
D,DISPATCH,UNIT_SCADA,1,"2019/09/06 11:10:00",PUMP2,0
D,DISPATCH,UNIT_SCADA,1,"2019/09/06 11:10:00",QPS1,0
D,DISPATCH,UNIT_SCADA,1,"2019/09/06 11:10:00",QPS2,0
D,DISPATCH,UNIT_SCADA,1,"2019/09/06 11:10:00",QPS3,0
D,DISPATCH,UNIT_SCADA,1,"2019/09/06 11:10:00",QPS4,0
D,DISPATCH,UNIT_SCADA,1,"2019/09/06 11:10:00",QPS5,0
D,DISPATCH,UNIT_SCADA,1,"2019/09/06 11:10:00",REECE1,100.010010
D,DISPATCH,UNIT_SCADA,1,"2019/09/06 11:10:00",REECE2,107.940010
D,DISPATCH,UNIT_SCADA,1,"2019/09/06 11:10:00",ROMA_7,0
D,DISPATCH,UNIT_SCADA,1,"2019/09/06 11:10:00",ROMA_8,0
D,DISPATCH,UNIT_SCADA,1,"2019/09/06 11:10:00",RRSF1,108.030720
D,DISPATCH,UNIT_SCADA,1,"2019/09/06 11:10:00",RT_NSW1,0
D,DISPATCH,UNIT_SCADA,1,"2019/09/06 11:10:00",RT_NSW2,0
D,DISPATCH,UNIT_SCADA,1,"2019/09/06 11:10:00",RT_NSW3,0
D,DISPATCH,UNIT_SCADA,1,"2019/09/06 11:10:00",RT_NSW4,0
D,DISPATCH,UNIT_SCADA,1,"2019/09/06 11:10:00",RT_NSW5,0
D,DISPATCH,UNIT_SCADA,1,"2019/09/06 11:10:00",RT_NSW6,0
D,DISPATCH,UNIT_SCADA,1,"2019/09/06 11:10:00",RT_QLD1,0
D,DISPATCH,UNIT_SCADA,1,"2019/09/06 11:10:00",RT_SA1,0
D,DISPATCH,UNIT_SCADA,1,"2019/09/06 11:10:00",RT_SA2,0
D,DISPATCH,UNIT_SCADA,1,"2019/09/06 11:10:00",RT_SA3,0
D,DISPATCH,UNIT_SCADA,1,"2019/09/06 11:10:00",RT_SA4,0
D,DISPATCH,UNIT_SCADA,1,"2019/09/06 11:10:00",RT_SA5,0
D,DISPATCH,UNIT_SCADA,1,"2019/09/06 11:10:00",RT_SA6,0
D,DISPATCH,UNIT_SCADA,1,"2019/09/06 11:10:00",RT_TAS1,0
D,DISPATCH,UNIT_SCADA,1,"2019/09/06 11:10:00",RT_VIC1,0
D,DISPATCH,UNIT_SCADA,1,"2019/09/06 11:10:00",RT_VIC10,0
D,DISPATCH,UNIT_SCADA,1,"2019/09/06 11:10:00",RT_VIC11,0
D,DISPATCH,UNIT_SCADA,1,"2019/09/06 11:10:00",RT_VIC12,0
D,DISPATCH,UNIT_SCADA,1,"2019/09/06 11:10:00",RT_VIC2,0
D,DISPATCH,UNIT_SCADA,1,"2019/09/06 11:10:00",RT_VIC3,0
D,DISPATCH,UNIT_SCADA,1,"2019/09/06 11:10:00",RT_VIC4,0
D,DISPATCH,UNIT_SCADA,1,"2019/09/06 11:10:00",RT_VIC5,0
D,DISPATCH,UNIT_SCADA,1,"2019/09/06 11:10:00",RT_VIC6,0
D,DISPATCH,UNIT_SCADA,1,"2019/09/06 11:10:00",RT_VIC7,0
D,DISPATCH,UNIT_SCADA,1,"2019/09/06 11:10:00",RT_VIC8,0
D,DISPATCH,UNIT_SCADA,1,"2019/09/06 11:10:00",RT_VIC9,0
D,DISPATCH,UNIT_SCADA,1,"2019/09/06 11:10:00",RUGBYR1,64.229380
D,DISPATCH,UNIT_SCADA,1,"2019/09/06 11:10:00",SALTCRK1,28.67
D,DISPATCH,UNIT_SCADA,1,"2019/09/06 11:10:00",SAPHWF1,181.490630
D,DISPATCH,UNIT_SCADA,1,"2019/09/06 11:10:00",SHGEN,0
D,DISPATCH,UNIT_SCADA,1,"2019/09/06 11:10:00",SHPUMP,78.596980
D,DISPATCH,UNIT_SCADA,1,"2019/09/06 11:10:00",SITHE01,0.1840
D,DISPATCH,UNIT_SCADA,1,"2019/09/06 11:10:00",SMCSF1,87.449670
D,DISPATCH,UNIT_SCADA,1,"2019/09/06 11:10:00",SNOWNTH1,138.399990
D,DISPATCH,UNIT_SCADA,1,"2019/09/06 11:10:00",SNOWSTH1,119
D,DISPATCH,UNIT_SCADA,1,"2019/09/06 11:10:00",SNOWTWN1,91.161070
D,DISPATCH,UNIT_SCADA,1,"2019/09/06 11:10:00",SNOWYP,197
D,DISPATCH,UNIT_SCADA,1,"2019/09/06 11:10:00",SNUG1,0.019440
D,DISPATCH,UNIT_SCADA,1,"2019/09/06 11:10:00",SRSF1,67.48
D,DISPATCH,UNIT_SCADA,1,"2019/09/06 11:10:00",STAN-1,223.324520
D,DISPATCH,UNIT_SCADA,1,"2019/09/06 11:10:00",STAN-2,235.219450
D,DISPATCH,UNIT_SCADA,1,"2019/09/06 11:10:00",STAN-3,236.911390
D,DISPATCH,UNIT_SCADA,1,"2019/09/06 11:10:00",STAN-4,230.207690
D,DISPATCH,UNIT_SCADA,1,"2019/09/06 11:10:00",STWF1,0
D,DISPATCH,UNIT_SCADA,1,"2019/09/06 11:10:00",SWAN_E,0
D,DISPATCH,UNIT_SCADA,1,"2019/09/06 11:10:00",TALWA1,190
D,DISPATCH,UNIT_SCADA,1,"2019/09/06 11:10:00",TARALGA1,87.3150
D,DISPATCH,UNIT_SCADA,1,"2019/09/06 11:10:00",TARONG#1,349.50
D,DISPATCH,UNIT_SCADA,1,"2019/09/06 11:10:00",TARONG#2,0
D,DISPATCH,UNIT_SCADA,1,"2019/09/06 11:10:00",TARONG#3,279.700010
D,DISPATCH,UNIT_SCADA,1,"2019/09/06 11:10:00",TARONG#4,350.700010
D,DISPATCH,UNIT_SCADA,1,"2019/09/06 11:10:00",TARRALEA,73.90
D,DISPATCH,UNIT_SCADA,1,"2019/09/06 11:10:00",TBSF1,7
D,DISPATCH,UNIT_SCADA,1,"2019/09/06 11:10:00",TNPS1,400.000030
D,DISPATCH,UNIT_SCADA,1,"2019/09/06 11:10:00",TORRA1,41.466020
D,DISPATCH,UNIT_SCADA,1,"2019/09/06 11:10:00",TORRA2,0
D,DISPATCH,UNIT_SCADA,1,"2019/09/06 11:10:00",TORRA3,0
D,DISPATCH,UNIT_SCADA,1,"2019/09/06 11:10:00",TORRA4,44.916820
D,DISPATCH,UNIT_SCADA,1,"2019/09/06 11:10:00",TORRB1,50.09
D,DISPATCH,UNIT_SCADA,1,"2019/09/06 11:10:00",TORRB2,51.25
D,DISPATCH,UNIT_SCADA,1,"2019/09/06 11:10:00",TORRB3,52.17
D,DISPATCH,UNIT_SCADA,1,"2019/09/06 11:10:00",TORRB4,0
D,DISPATCH,UNIT_SCADA,1,"2019/09/06 11:10:00",TREVALLN,67.060010
D,DISPATCH,UNIT_SCADA,1,"2019/09/06 11:10:00",TRIBUTE,0
D,DISPATCH,UNIT_SCADA,1,"2019/09/06 11:10:00",TUMUT3,0
D,DISPATCH,UNIT_SCADA,1,"2019/09/06 11:10:00",TUNGATIN,122.470030
D,DISPATCH,UNIT_SCADA,1,"2019/09/06 11:10:00",TVCC201,0
D,DISPATCH,UNIT_SCADA,1,"2019/09/06 11:10:00",TVPP104,0
D,DISPATCH,UNIT_SCADA,1,"2019/09/06 11:10:00",UPPTUMUT,0
D,DISPATCH,UNIT_SCADA,1,"2019/09/06 11:10:00",URANQ11,0
D,DISPATCH,UNIT_SCADA,1,"2019/09/06 11:10:00",URANQ12,0
D,DISPATCH,UNIT_SCADA,1,"2019/09/06 11:10:00",URANQ13,0
D,DISPATCH,UNIT_SCADA,1,"2019/09/06 11:10:00",URANQ14,0
D,DISPATCH,UNIT_SCADA,1,"2019/09/06 11:10:00",VP5,511.850040
D,DISPATCH,UNIT_SCADA,1,"2019/09/06 11:10:00",VP6,0
D,DISPATCH,UNIT_SCADA,1,"2019/09/06 11:10:00",VPGS1,0
D,DISPATCH,UNIT_SCADA,1,"2019/09/06 11:10:00",VPGS2,0
D,DISPATCH,UNIT_SCADA,1,"2019/09/06 11:10:00",VPGS3,0
D,DISPATCH,UNIT_SCADA,1,"2019/09/06 11:10:00",VPGS4,0
D,DISPATCH,UNIT_SCADA,1,"2019/09/06 11:10:00",VPGS5,0
D,DISPATCH,UNIT_SCADA,1,"2019/09/06 11:10:00",VPGS6,0
D,DISPATCH,UNIT_SCADA,1,"2019/09/06 11:10:00",W/HOE#1,0
D,DISPATCH,UNIT_SCADA,1,"2019/09/06 11:10:00",W/HOE#2,0
D,DISPATCH,UNIT_SCADA,1,"2019/09/06 11:10:00",WATERLWF,113.30
D,DISPATCH,UNIT_SCADA,1,"2019/09/06 11:10:00",WEMENSF1,24.10
D,DISPATCH,UNIT_SCADA,1,"2019/09/06 11:10:00",WGWF1,0
D,DISPATCH,UNIT_SCADA,1,"2019/09/06 11:10:00",WHITSF1,42.60
D,DISPATCH,UNIT_SCADA,1,"2019/09/06 11:10:00",WKIEWA1,33.70
D,DISPATCH,UNIT_SCADA,1,"2019/09/06 11:10:00",WKIEWA2,0.10
D,DISPATCH,UNIT_SCADA,1,"2019/09/06 11:10:00",WOODLWN1,40.2930
D,DISPATCH,UNIT_SCADA,1,"2019/09/06 11:10:00",WRSF1,14.96
D,DISPATCH,UNIT_SCADA,1,"2019/09/06 11:10:00",WRWF1,146.481260
D,DISPATCH,UNIT_SCADA,1,"2019/09/06 11:10:00",YABULU,0
D,DISPATCH,UNIT_SCADA,1,"2019/09/06 11:10:00",YABULU2,0
D,DISPATCH,UNIT_SCADA,1,"2019/09/06 11:10:00",YARWUN_1,119.45
D,DISPATCH,UNIT_SCADA,1,"2019/09/06 11:10:00",YENDWF1,42.60
D,DISPATCH,UNIT_SCADA,1,"2019/09/06 11:10:00",YWPS1,377.944310
D,DISPATCH,UNIT_SCADA,1,"2019/09/06 11:10:00",YWPS2,284.458220
D,DISPATCH,UNIT_SCADA,1,"2019/09/06 11:10:00",YWPS3,333.701260
D,DISPATCH,UNIT_SCADA,1,"2019/09/06 11:10:00",YWPS4,399.189880
C,"END OF REPORT",335
