C,NEMP.WORLD,DISPATCHSCADA,AEMO,PUBLIC,2019/09/05,07:50:08,0000000312413634,DISPATCHSCADA,0000000312413628
I,DISPATCH,UNIT_SCADA,1,SETTLEMENTDATE,DUID,SCADAVALUE
D,DISPATCH,UNIT_SCADA,1,"2019/09/05 07:55:00",BARCSF1,7.30
D,DISPATCH,UNIT_SCADA,1,"2019/09/05 07:55:00",BUTLERSG,10.199999
D,DISPATCH,UNIT_SCADA,1,"2019/09/05 07:55:00",CALL_A_4,0
D,DISPATCH,UNIT_SCADA,1,"2019/09/05 07:55:00",CAPTL_WF,0
D,DISPATCH,UNIT_SCADA,1,"2019/09/05 07:55:00",CATHROCK,48.809998
D,DISPATCH,UNIT_SCADA,1,"2019/09/05 07:55:00",CHALLHWF,0.90
D,DISPATCH,UNIT_SCADA,1,"2019/09/05 07:55:00",CLOVER,0
D,DISPATCH,UNIT_SCADA,1,"2019/09/05 07:55:00",CLUNY,13.9588
D,DISPATCH,UNIT_SCADA,1,"2019/09/05 07:55:00",CNUNDAWF,20.924410
D,DISPATCH,UNIT_SCADA,1,"2019/09/05 07:55:00",CULLRGWF,8.53
D,DISPATCH,UNIT_SCADA,1,"2019/09/05 07:55:00",ERGT01,0
D,DISPATCH,UNIT_SCADA,1,"2019/09/05 07:55:00",GB01,0.015694
D,DISPATCH,UNIT_SCADA,1,"2019/09/05 07:55:00",GERMCRK,39.400002
D,DISPATCH,UNIT_SCADA,1,"2019/09/05 07:55:00",GRIFSF1,19.299995
D,DISPATCH,UNIT_SCADA,1,"2019/09/05 07:55:00",HUGSF1,7.4290
D,DISPATCH,UNIT_SCADA,1,"2019/09/05 07:55:00",LKBONNY1,26.882118
D,DISPATCH,UNIT_SCADA,1,"2019/09/05 07:55:00",LRSF1,11.028001
D,DISPATCH,UNIT_SCADA,1,"2019/09/05 07:55:00",MBAHNTH,40.987503
D,DISPATCH,UNIT_SCADA,1,"2019/09/05 07:55:00",MLSP1,4.782001
D,DISPATCH,UNIT_SCADA,1,"2019/09/05 07:55:00",MLWF1,2.34
D,DISPATCH,UNIT_SCADA,1,"2019/09/05 07:55:00",MTMILLAR,14.317083
D,DISPATCH,UNIT_SCADA,1,"2019/09/05 07:55:00",PALOONA,24.73
D,DISPATCH,UNIT_SCADA,1,"2019/09/05 07:55:00",PIONEER,46.100002
D,DISPATCH,UNIT_SCADA,1,"2019/09/05 07:55:00",PORTWF,29.700001
D,DISPATCH,UNIT_SCADA,1,"2019/09/05 07:55:00",REPULSE,24.847181
D,DISPATCH,UNIT_SCADA,1,"2019/09/05 07:55:00",ROWALLAN,10.2027
D,DISPATCH,UNIT_SCADA,1,"2019/09/05 07:55:00",ROYALLA1,8.674001
D,DISPATCH,UNIT_SCADA,1,"2019/09/05 07:55:00",RPCG,11.70
D,DISPATCH,UNIT_SCADA,1,"2019/09/05 07:55:00",RUBICON,0
D,DISPATCH,UNIT_SCADA,1,"2019/09/05 07:55:00",SATGN1,0
D,DISPATCH,UNIT_SCADA,1,"2019/09/05 07:55:00",SATGS1,0
D,DISPATCH,UNIT_SCADA,1,"2019/09/05 07:55:00",STARHLWF,1.799475
D,DISPATCH,UNIT_SCADA,1,"2019/09/05 07:55:00",WAUBRAWF,26.563999
D,DISPATCH,UNIT_SCADA,1,"2019/09/05 07:55:00",WOOLNTH1,-0.409985
D,DISPATCH,UNIT_SCADA,1,"2019/09/05 07:55:00",WPWF,7
D,DISPATCH,UNIT_SCADA,1,"2019/09/05 07:55:00",YAMBUKWF,1.60
D,DISPATCH,UNIT_SCADA,1,"2019/09/05 07:55:00",YSWF1,0.20
D,DISPATCH,UNIT_SCADA,1,"2019/09/05 07:55:00",AGLHAL,0
D,DISPATCH,UNIT_SCADA,1,"2019/09/05 07:55:00",AGLSOM,0
D,DISPATCH,UNIT_SCADA,1,"2019/09/05 07:55:00",ANGAST1,0
D,DISPATCH,UNIT_SCADA,1,"2019/09/05 07:55:00",ARWF1,15.60
D,DISPATCH,UNIT_SCADA,1,"2019/09/05 07:55:00",BALBG1,0
D,DISPATCH,UNIT_SCADA,1,"2019/09/05 07:55:00",BALBL1,0
D,DISPATCH,UNIT_SCADA,1,"2019/09/05 07:55:00",BALDHWF1,0
D,DISPATCH,UNIT_SCADA,1,"2019/09/05 07:55:00",BANN1,4.74
D,DISPATCH,UNIT_SCADA,1,"2019/09/05 07:55:00",BARCALDN,0
D,DISPATCH,UNIT_SCADA,1,"2019/09/05 07:55:00",BARRON-1,32.84
D,DISPATCH,UNIT_SCADA,1,"2019/09/05 07:55:00",BARRON-2,0
D,DISPATCH,UNIT_SCADA,1,"2019/09/05 07:55:00",BASTYAN,80.26
D,DISPATCH,UNIT_SCADA,1,"2019/09/05 07:55:00",BBTHREE1,0
D,DISPATCH,UNIT_SCADA,1,"2019/09/05 07:55:00",BBTHREE2,0
D,DISPATCH,UNIT_SCADA,1,"2019/09/05 07:55:00",BBTHREE3,0
D,DISPATCH,UNIT_SCADA,1,"2019/09/05 07:55:00",BDL01,-0.06
D,DISPATCH,UNIT_SCADA,1,"2019/09/05 07:55:00",BDL02,-0.06
D,DISPATCH,UNIT_SCADA,1,"2019/09/05 07:55:00",BERYLSF1,47.950590
D,DISPATCH,UNIT_SCADA,1,"2019/09/05 07:55:00",BLOWERNG,11.10
D,DISPATCH,UNIT_SCADA,1,"2019/09/05 07:55:00",BLUFF1,0
D,DISPATCH,UNIT_SCADA,1,"2019/09/05 07:55:00",BNGSF1,23.50
D,DISPATCH,UNIT_SCADA,1,"2019/09/05 07:55:00",BNGSF2,8.57
D,DISPATCH,UNIT_SCADA,1,"2019/09/05 07:55:00",BOCORWF1,0.27
D,DISPATCH,UNIT_SCADA,1,"2019/09/05 07:55:00",BODWF1,20.371220
D,DISPATCH,UNIT_SCADA,1,"2019/09/05 07:55:00",BRAEMAR1,0
D,DISPATCH,UNIT_SCADA,1,"2019/09/05 07:55:00",BRAEMAR2,0
D,DISPATCH,UNIT_SCADA,1,"2019/09/05 07:55:00",BRAEMAR3,0
D,DISPATCH,UNIT_SCADA,1,"2019/09/05 07:55:00",BRAEMAR5,0
D,DISPATCH,UNIT_SCADA,1,"2019/09/05 07:55:00",BRAEMAR6,0
D,DISPATCH,UNIT_SCADA,1,"2019/09/05 07:55:00",BRAEMAR7,0
D,DISPATCH,UNIT_SCADA,1,"2019/09/05 07:55:00",BROKENH1,12.1853
D,DISPATCH,UNIT_SCADA,1,"2019/09/05 07:55:00",BW01,562.150020
D,DISPATCH,UNIT_SCADA,1,"2019/09/05 07:55:00",BW02,643.599980
D,DISPATCH,UNIT_SCADA,1,"2019/09/05 07:55:00",BW03,637.025020
D,DISPATCH,UNIT_SCADA,1,"2019/09/05 07:55:00",BW04,0
D,DISPATCH,UNIT_SCADA,1,"2019/09/05 07:55:00",CALL_B_1,298.300020
D,DISPATCH,UNIT_SCADA,1,"2019/09/05 07:55:00",CALL_B_2,295.399990
D,DISPATCH,UNIT_SCADA,1,"2019/09/05 07:55:00",CETHANA,79.563380
D,DISPATCH,UNIT_SCADA,1,"2019/09/05 07:55:00",CG1,0
D,DISPATCH,UNIT_SCADA,1,"2019/09/05 07:55:00",CG2,0
D,DISPATCH,UNIT_SCADA,1,"2019/09/05 07:55:00",CG3,0
D,DISPATCH,UNIT_SCADA,1,"2019/09/05 07:55:00",CG4,0
D,DISPATCH,UNIT_SCADA,1,"2019/09/05 07:55:00",CHILDSF1,54.98
D,DISPATCH,UNIT_SCADA,1,"2019/09/05 07:55:00",CLARESF1,15.098370
D,DISPATCH,UNIT_SCADA,1,"2019/09/05 07:55:00",CLEMGPWF,-0.504250
D,DISPATCH,UNIT_SCADA,1,"2019/09/05 07:55:00",CLERMSF1,14.89
D,DISPATCH,UNIT_SCADA,1,"2019/09/05 07:55:00",COLEASF1,21.100010
D,DISPATCH,UNIT_SCADA,1,"2019/09/05 07:55:00",COOPGWF1,0
D,DISPATCH,UNIT_SCADA,1,"2019/09/05 07:55:00",CPP_3,346.774990
D,DISPATCH,UNIT_SCADA,1,"2019/09/05 07:55:00",CPP_4,347.600010
D,DISPATCH,UNIT_SCADA,1,"2019/09/05 07:55:00",CPSA,142.1550
D,DISPATCH,UNIT_SCADA,1,"2019/09/05 07:55:00",CROOKWF2,7.243750
D,DISPATCH,UNIT_SCADA,1,"2019/09/05 07:55:00",CROWLWF1,1.797890
D,DISPATCH,UNIT_SCADA,1,"2019/09/05 07:55:00",CSPVPS1,13.0650
D,DISPATCH,UNIT_SCADA,1,"2019/09/05 07:55:00",DALNTH01,0
D,DISPATCH,UNIT_SCADA,1,"2019/09/05 07:55:00",DALNTHL1,0.102240
D,DISPATCH,UNIT_SCADA,1,"2019/09/05 07:55:00",DARTM1,133.30
D,DISPATCH,UNIT_SCADA,1,"2019/09/05 07:55:00",DAYDSF1,103.4130
D,DISPATCH,UNIT_SCADA,1,"2019/09/05 07:55:00",DDPS1,256.166170
D,DISPATCH,UNIT_SCADA,1,"2019/09/05 07:55:00",DDSF1,52.406270
D,DISPATCH,UNIT_SCADA,1,"2019/09/05 07:55:00",DEVILS_G,55.917230
D,DISPATCH,UNIT_SCADA,1,"2019/09/05 07:55:00",DG_NSW1,0
D,DISPATCH,UNIT_SCADA,1,"2019/09/05 07:55:00",DG_QLD1,0
D,DISPATCH,UNIT_SCADA,1,"2019/09/05 07:55:00",DG_SA1,0
D,DISPATCH,UNIT_SCADA,1,"2019/09/05 07:55:00",DG_TAS1,0
D,DISPATCH,UNIT_SCADA,1,"2019/09/05 07:55:00",DG_VIC1,0
D,DISPATCH,UNIT_SCADA,1,"2019/09/05 07:55:00",DRYCGT1,0
D,DISPATCH,UNIT_SCADA,1,"2019/09/05 07:55:00",DRYCGT2,0
D,DISPATCH,UNIT_SCADA,1,"2019/09/05 07:55:00",DRYCGT3,0
D,DISPATCH,UNIT_SCADA,1,"2019/09/05 07:55:00",EILDON1,0
D,DISPATCH,UNIT_SCADA,1,"2019/09/05 07:55:00",EILDON2,0
D,DISPATCH,UNIT_SCADA,1,"2019/09/05 07:55:00",EMERASF1,0.20
D,DISPATCH,UNIT_SCADA,1,"2019/09/05 07:55:00",ER01,590.425050
D,DISPATCH,UNIT_SCADA,1,"2019/09/05 07:55:00",ER02,690.900020
D,DISPATCH,UNIT_SCADA,1,"2019/09/05 07:55:00",ER03,0
D,DISPATCH,UNIT_SCADA,1,"2019/09/05 07:55:00",ER04,690.699950
D,DISPATCH,UNIT_SCADA,1,"2019/09/05 07:55:00",FINLYSF1,2.0125
D,DISPATCH,UNIT_SCADA,1,"2019/09/05 07:55:00",FISHER,45.84
D,DISPATCH,UNIT_SCADA,1,"2019/09/05 07:55:00",GANNBG1,10.007750
D,DISPATCH,UNIT_SCADA,1,"2019/09/05 07:55:00",GANNBL1,0
D,DISPATCH,UNIT_SCADA,1,"2019/09/05 07:55:00",GANNSF1,1.80
D,DISPATCH,UNIT_SCADA,1,"2019/09/05 07:55:00",GORDON,109.183750
D,DISPATCH,UNIT_SCADA,1,"2019/09/05 07:55:00",GSTONE1,136.6750
D,DISPATCH,UNIT_SCADA,1,"2019/09/05 07:55:00",GSTONE2,109.3750
D,DISPATCH,UNIT_SCADA,1,"2019/09/05 07:55:00",GSTONE3,0
D,DISPATCH,UNIT_SCADA,1,"2019/09/05 07:55:00",GSTONE4,132.30
D,DISPATCH,UNIT_SCADA,1,"2019/09/05 07:55:00",GSTONE5,152.25
D,DISPATCH,UNIT_SCADA,1,"2019/09/05 07:55:00",GSTONE6,151.024990
D,DISPATCH,UNIT_SCADA,1,"2019/09/05 07:55:00",GULLRSF1,5.181270
D,DISPATCH,UNIT_SCADA,1,"2019/09/05 07:55:00",GULLRWF1,22.435120
D,DISPATCH,UNIT_SCADA,1,"2019/09/05 07:55:00",GUNNING1,6.470280
D,DISPATCH,UNIT_SCADA,1,"2019/09/05 07:55:00",GUTHEGA,31
D,DISPATCH,UNIT_SCADA,1,"2019/09/05 07:55:00",HALLWF1,-0.41
D,DISPATCH,UNIT_SCADA,1,"2019/09/05 07:55:00",HALLWF2,-0.34
D,DISPATCH,UNIT_SCADA,1,"2019/09/05 07:55:00",HAMISF1,41.10
D,DISPATCH,UNIT_SCADA,1,"2019/09/05 07:55:00",HAUGHT11,61.278210
D,DISPATCH,UNIT_SCADA,1,"2019/09/05 07:55:00",HAYMSF1,35.2730
D,DISPATCH,UNIT_SCADA,1,"2019/09/05 07:55:00",HDWF1,0
D,DISPATCH,UNIT_SCADA,1,"2019/09/05 07:55:00",HDWF2,-0.50
D,DISPATCH,UNIT_SCADA,1,"2019/09/05 07:55:00",HDWF3,-0.60
D,DISPATCH,UNIT_SCADA,1,"2019/09/05 07:55:00",HPRG1,0
D,DISPATCH,UNIT_SCADA,1,"2019/09/05 07:55:00",HPRL1,14.70
D,DISPATCH,UNIT_SCADA,1,"2019/09/05 07:55:00",HUMENSW,0
D,DISPATCH,UNIT_SCADA,1,"2019/09/05 07:55:00",HUMEV,26
D,DISPATCH,UNIT_SCADA,1,"2019/09/05 07:55:00",HVGTS,0
D,DISPATCH,UNIT_SCADA,1,"2019/09/05 07:55:00",JBUTTERS,113.939990
D,DISPATCH,UNIT_SCADA,1,"2019/09/05 07:55:00",JLA01,0.10
D,DISPATCH,UNIT_SCADA,1,"2019/09/05 07:55:00",JLA02,54
D,DISPATCH,UNIT_SCADA,1,"2019/09/05 07:55:00",JLA03,0
D,DISPATCH,UNIT_SCADA,1,"2019/09/05 07:55:00",JLA04,0
D,DISPATCH,UNIT_SCADA,1,"2019/09/05 07:55:00",JLB01,0
D,DISPATCH,UNIT_SCADA,1,"2019/09/05 07:55:00",JLB02,84
D,DISPATCH,UNIT_SCADA,1,"2019/09/05 07:55:00",JLB03,83.90
D,DISPATCH,UNIT_SCADA,1,"2019/09/05 07:55:00",KAREEYA1,21.55
D,DISPATCH,UNIT_SCADA,1,"2019/09/05 07:55:00",KAREEYA2,21.7175
D,DISPATCH,UNIT_SCADA,1,"2019/09/05 07:55:00",KAREEYA3,0
D,DISPATCH,UNIT_SCADA,1,"2019/09/05 07:55:00",KAREEYA4,21.6175
D,DISPATCH,UNIT_SCADA,1,"2019/09/05 07:55:00",KARSF1,10.60
D,DISPATCH,UNIT_SCADA,1,"2019/09/05 07:55:00",KIATAWF1,2.10
D,DISPATCH,UNIT_SCADA,1,"2019/09/05 07:55:00",KPP_1,0
D,DISPATCH,UNIT_SCADA,1,"2019/09/05 07:55:00",KSP1,0
D,DISPATCH,UNIT_SCADA,1,"2019/09/05 07:55:00",LADBROK1,42.86
D,DISPATCH,UNIT_SCADA,1,"2019/09/05 07:55:00",LADBROK2,43.10
D,DISPATCH,UNIT_SCADA,1,"2019/09/05 07:55:00",LD01,373.293730
D,DISPATCH,UNIT_SCADA,1,"2019/09/05 07:55:00",LD02,378.806180
D,DISPATCH,UNIT_SCADA,1,"2019/09/05 07:55:00",LD03,372.206270
D,DISPATCH,UNIT_SCADA,1,"2019/09/05 07:55:00",LD04,371.493710
D,DISPATCH,UNIT_SCADA,1,"2019/09/05 07:55:00",LEM_WIL,82.494050
D,DISPATCH,UNIT_SCADA,1,"2019/09/05 07:55:00",LGAPWF1,27.35
D,DISPATCH,UNIT_SCADA,1,"2019/09/05 07:55:00",LILYSF1,72.876020
D,DISPATCH,UNIT_SCADA,1,"2019/09/05 07:55:00",LI_WY_CA,162.5842
D,DISPATCH,UNIT_SCADA,1,"2019/09/05 07:55:00",LKBONNY2,60.808160
D,DISPATCH,UNIT_SCADA,1,"2019/09/05 07:55:00",LKBONNY3,13.788040
D,DISPATCH,UNIT_SCADA,1,"2019/09/05 07:55:00",LK_ECHO,0
D,DISPATCH,UNIT_SCADA,1,"2019/09/05 07:55:00",LNGS1,0
D,DISPATCH,UNIT_SCADA,1,"2019/09/05 07:55:00",LNGS2,0
D,DISPATCH,UNIT_SCADA,1,"2019/09/05 07:55:00",LONSDALE,0
D,DISPATCH,UNIT_SCADA,1,"2019/09/05 07:55:00",LOYYB1,535.336730
D,DISPATCH,UNIT_SCADA,1,"2019/09/05 07:55:00",LOYYB2,580.8266
D,DISPATCH,UNIT_SCADA,1,"2019/09/05 07:55:00",LYA1,0
D,DISPATCH,UNIT_SCADA,1,"2019/09/05 07:55:00",LYA2,0
D,DISPATCH,UNIT_SCADA,1,"2019/09/05 07:55:00",LYA3,559
D,DISPATCH,UNIT_SCADA,1,"2019/09/05 07:55:00",LYA4,539
D,DISPATCH,UNIT_SCADA,1,"2019/09/05 07:55:00",MACARTH1,34.7992
D,DISPATCH,UNIT_SCADA,1,"2019/09/05 07:55:00",MACKAYGT,0.2240
D,DISPATCH,UNIT_SCADA,1,"2019/09/05 07:55:00",MACKNTSH,87.94
D,DISPATCH,UNIT_SCADA,1,"2019/09/05 07:55:00",MANSLR1,27.1670
D,DISPATCH,UNIT_SCADA,1,"2019/09/05 07:55:00",MCKAY1,179.879990
D,DISPATCH,UNIT_SCADA,1,"2019/09/05 07:55:00",MEADOWBK,32.038180
D,DISPATCH,UNIT_SCADA,1,"2019/09/05 07:55:00",MERCER01,14.0540
D,DISPATCH,UNIT_SCADA,1,"2019/09/05 07:55:00",MEWF1,35.889150
D,DISPATCH,UNIT_SCADA,1,"2019/09/05 07:55:00",MINTARO,0
D,DISPATCH,UNIT_SCADA,1,"2019/09/05 07:55:00",MOREESF1,48.3080
D,DISPATCH,UNIT_SCADA,1,"2019/09/05 07:55:00",MORTLK11,258
D,DISPATCH,UNIT_SCADA,1,"2019/09/05 07:55:00",MORTLK12,0
D,DISPATCH,UNIT_SCADA,1,"2019/09/05 07:55:00",MP1,218.824950
D,DISPATCH,UNIT_SCADA,1,"2019/09/05 07:55:00",MP2,0
D,DISPATCH,UNIT_SCADA,1,"2019/09/05 07:55:00",MPP_1,249.25
D,DISPATCH,UNIT_SCADA,1,"2019/09/05 07:55:00",MPP_2,339.75
D,DISPATCH,UNIT_SCADA,1,"2019/09/05 07:55:00",MSTUART1,0
D,DISPATCH,UNIT_SCADA,1,"2019/09/05 07:55:00",MSTUART2,0
D,DISPATCH,UNIT_SCADA,1,"2019/09/05 07:55:00",MSTUART3,0
D,DISPATCH,UNIT_SCADA,1,"2019/09/05 07:55:00",MTGELWF1,0.128180
D,DISPATCH,UNIT_SCADA,1,"2019/09/05 07:55:00",MURRAY,0
D,DISPATCH,UNIT_SCADA,1,"2019/09/05 07:55:00",MUSSELR1,15.10
D,DISPATCH,UNIT_SCADA,1,"2019/09/05 07:55:00",MUWAWF1,11.31
D,DISPATCH,UNIT_SCADA,1,"2019/09/05 07:55:00",NBHWF1,-0.60
D,DISPATCH,UNIT_SCADA,1,"2019/09/05 07:55:00",NPS,300.3750
D,DISPATCH,UNIT_SCADA,1,"2019/09/05 07:55:00",NUMURSF1,10.66
D,DISPATCH,UNIT_SCADA,1,"2019/09/05 07:55:00",NYNGAN1,35.25
D,DISPATCH,UNIT_SCADA,1,"2019/09/05 07:55:00",OAKEY1,0
D,DISPATCH,UNIT_SCADA,1,"2019/09/05 07:55:00",OAKEY1SF,21.1110
D,DISPATCH,UNIT_SCADA,1,"2019/09/05 07:55:00",OAKEY2,0
D,DISPATCH,UNIT_SCADA,1,"2019/09/05 07:55:00",OAKEY2SF,0
D,DISPATCH,UNIT_SCADA,1,"2019/09/05 07:55:00",OAKLAND1,13.30
D,DISPATCH,UNIT_SCADA,1,"2019/09/05 07:55:00",OSB-AG,180.84
D,DISPATCH,UNIT_SCADA,1,"2019/09/05 07:55:00",PARSF1,40.70
D,DISPATCH,UNIT_SCADA,1,"2019/09/05 07:55:00",POAT110,0
D,DISPATCH,UNIT_SCADA,1,"2019/09/05 07:55:00",POAT220,79.02
D,DISPATCH,UNIT_SCADA,1,"2019/09/05 07:55:00",POR01,0
D,DISPATCH,UNIT_SCADA,1,"2019/09/05 07:55:00",POR03,0
D,DISPATCH,UNIT_SCADA,1,"2019/09/05 07:55:00",PPCCGT,486.286990
D,DISPATCH,UNIT_SCADA,1,"2019/09/05 07:55:00",PTSTAN1,0
D,DISPATCH,UNIT_SCADA,1,"2019/09/05 07:55:00",PUMP1,0
D,DISPATCH,UNIT_SCADA,1,"2019/09/05 07:55:00",PUMP2,0
D,DISPATCH,UNIT_SCADA,1,"2019/09/05 07:55:00",QPS1,29.10
D,DISPATCH,UNIT_SCADA,1,"2019/09/05 07:55:00",QPS2,0
D,DISPATCH,UNIT_SCADA,1,"2019/09/05 07:55:00",QPS3,23.50
D,DISPATCH,UNIT_SCADA,1,"2019/09/05 07:55:00",QPS4,23.50
D,DISPATCH,UNIT_SCADA,1,"2019/09/05 07:55:00",QPS5,123.15
D,DISPATCH,UNIT_SCADA,1,"2019/09/05 07:55:00",REECE1,102.420010
D,DISPATCH,UNIT_SCADA,1,"2019/09/05 07:55:00",REECE2,101.23
D,DISPATCH,UNIT_SCADA,1,"2019/09/05 07:55:00",ROMA_7,0
D,DISPATCH,UNIT_SCADA,1,"2019/09/05 07:55:00",ROMA_8,0
D,DISPATCH,UNIT_SCADA,1,"2019/09/05 07:55:00",RRSF1,75.139370
D,DISPATCH,UNIT_SCADA,1,"2019/09/05 07:55:00",RT_NSW1,0
D,DISPATCH,UNIT_SCADA,1,"2019/09/05 07:55:00",RT_NSW2,0
D,DISPATCH,UNIT_SCADA,1,"2019/09/05 07:55:00",RT_NSW3,0
D,DISPATCH,UNIT_SCADA,1,"2019/09/05 07:55:00",RT_NSW4,0
D,DISPATCH,UNIT_SCADA,1,"2019/09/05 07:55:00",RT_NSW5,0
D,DISPATCH,UNIT_SCADA,1,"2019/09/05 07:55:00",RT_NSW6,0
D,DISPATCH,UNIT_SCADA,1,"2019/09/05 07:55:00",RT_QLD1,0
D,DISPATCH,UNIT_SCADA,1,"2019/09/05 07:55:00",RT_SA1,0
D,DISPATCH,UNIT_SCADA,1,"2019/09/05 07:55:00",RT_SA2,0
D,DISPATCH,UNIT_SCADA,1,"2019/09/05 07:55:00",RT_SA3,0
D,DISPATCH,UNIT_SCADA,1,"2019/09/05 07:55:00",RT_SA4,0
D,DISPATCH,UNIT_SCADA,1,"2019/09/05 07:55:00",RT_SA5,0
D,DISPATCH,UNIT_SCADA,1,"2019/09/05 07:55:00",RT_SA6,0
D,DISPATCH,UNIT_SCADA,1,"2019/09/05 07:55:00",RT_TAS1,0
D,DISPATCH,UNIT_SCADA,1,"2019/09/05 07:55:00",RT_VIC1,0
D,DISPATCH,UNIT_SCADA,1,"2019/09/05 07:55:00",RT_VIC10,0
D,DISPATCH,UNIT_SCADA,1,"2019/09/05 07:55:00",RT_VIC11,0
D,DISPATCH,UNIT_SCADA,1,"2019/09/05 07:55:00",RT_VIC12,0
D,DISPATCH,UNIT_SCADA,1,"2019/09/05 07:55:00",RT_VIC2,0
D,DISPATCH,UNIT_SCADA,1,"2019/09/05 07:55:00",RT_VIC3,0
D,DISPATCH,UNIT_SCADA,1,"2019/09/05 07:55:00",RT_VIC4,0
D,DISPATCH,UNIT_SCADA,1,"2019/09/05 07:55:00",RT_VIC5,0
D,DISPATCH,UNIT_SCADA,1,"2019/09/05 07:55:00",RT_VIC6,0
D,DISPATCH,UNIT_SCADA,1,"2019/09/05 07:55:00",RT_VIC7,0
D,DISPATCH,UNIT_SCADA,1,"2019/09/05 07:55:00",RT_VIC8,0
D,DISPATCH,UNIT_SCADA,1,"2019/09/05 07:55:00",RT_VIC9,0
D,DISPATCH,UNIT_SCADA,1,"2019/09/05 07:55:00",RUGBYR1,60.555260
D,DISPATCH,UNIT_SCADA,1,"2019/09/05 07:55:00",SALTCRK1,11.65
D,DISPATCH,UNIT_SCADA,1,"2019/09/05 07:55:00",SAPHWF1,0
D,DISPATCH,UNIT_SCADA,1,"2019/09/05 07:55:00",SHGEN,41.543750
D,DISPATCH,UNIT_SCADA,1,"2019/09/05 07:55:00",SHPUMP,0
D,DISPATCH,UNIT_SCADA,1,"2019/09/05 07:55:00",SITHE01,0.734110
D,DISPATCH,UNIT_SCADA,1,"2019/09/05 07:55:00",SMCSF1,34.804290
D,DISPATCH,UNIT_SCADA,1,"2019/09/05 07:55:00",SNOWNTH1,34.20
D,DISPATCH,UNIT_SCADA,1,"2019/09/05 07:55:00",SNOWSTH1,35.40
D,DISPATCH,UNIT_SCADA,1,"2019/09/05 07:55:00",SNOWTWN1,27.932820
D,DISPATCH,UNIT_SCADA,1,"2019/09/05 07:55:00",SNOWYP,0
D,DISPATCH,UNIT_SCADA,1,"2019/09/05 07:55:00",SNUG1,0.019440
D,DISPATCH,UNIT_SCADA,1,"2019/09/05 07:55:00",SRSF1,34.37
D,DISPATCH,UNIT_SCADA,1,"2019/09/05 07:55:00",STAN-1,292.271480
D,DISPATCH,UNIT_SCADA,1,"2019/09/05 07:55:00",STAN-2,256.9328
D,DISPATCH,UNIT_SCADA,1,"2019/09/05 07:55:00",STAN-3,297.513950
D,DISPATCH,UNIT_SCADA,1,"2019/09/05 07:55:00",STAN-4,300.295410
D,DISPATCH,UNIT_SCADA,1,"2019/09/05 07:55:00",STWF1,0
D,DISPATCH,UNIT_SCADA,1,"2019/09/05 07:55:00",SWAN_E,0
D,DISPATCH,UNIT_SCADA,1,"2019/09/05 07:55:00",TALWA1,417
D,DISPATCH,UNIT_SCADA,1,"2019/09/05 07:55:00",TARALGA1,20.231250
D,DISPATCH,UNIT_SCADA,1,"2019/09/05 07:55:00",TARONG#1,346.300020
D,DISPATCH,UNIT_SCADA,1,"2019/09/05 07:55:00",TARONG#2,0
D,DISPATCH,UNIT_SCADA,1,"2019/09/05 07:55:00",TARONG#3,279.399990
D,DISPATCH,UNIT_SCADA,1,"2019/09/05 07:55:00",TARONG#4,350.50
D,DISPATCH,UNIT_SCADA,1,"2019/09/05 07:55:00",TARRALEA,71.10
D,DISPATCH,UNIT_SCADA,1,"2019/09/05 07:55:00",TBSF1,5.50
D,DISPATCH,UNIT_SCADA,1,"2019/09/05 07:55:00",TNPS1,380.500030
D,DISPATCH,UNIT_SCADA,1,"2019/09/05 07:55:00",TORRA1,107.7743
D,DISPATCH,UNIT_SCADA,1,"2019/09/05 07:55:00",TORRA2,0
D,DISPATCH,UNIT_SCADA,1,"2019/09/05 07:55:00",TORRA3,0
D,DISPATCH,UNIT_SCADA,1,"2019/09/05 07:55:00",TORRA4,105.054950
D,DISPATCH,UNIT_SCADA,1,"2019/09/05 07:55:00",TORRB1,180.73
D,DISPATCH,UNIT_SCADA,1,"2019/09/05 07:55:00",TORRB2,180.87
D,DISPATCH,UNIT_SCADA,1,"2019/09/05 07:55:00",TORRB3,181.86
D,DISPATCH,UNIT_SCADA,1,"2019/09/05 07:55:00",TORRB4,0
D,DISPATCH,UNIT_SCADA,1,"2019/09/05 07:55:00",TREVALLN,62.220020
D,DISPATCH,UNIT_SCADA,1,"2019/09/05 07:55:00",TRIBUTE,0
D,DISPATCH,UNIT_SCADA,1,"2019/09/05 07:55:00",TUMUT3,457.91
D,DISPATCH,UNIT_SCADA,1,"2019/09/05 07:55:00",TUNGATIN,120.730030
D,DISPATCH,UNIT_SCADA,1,"2019/09/05 07:55:00",TVCC201,0
D,DISPATCH,UNIT_SCADA,1,"2019/09/05 07:55:00",TVPP104,0
D,DISPATCH,UNIT_SCADA,1,"2019/09/05 07:55:00",UPPTUMUT,536.962770
D,DISPATCH,UNIT_SCADA,1,"2019/09/05 07:55:00",URANQ11,163.949980
D,DISPATCH,UNIT_SCADA,1,"2019/09/05 07:55:00",URANQ12,-3.731250
D,DISPATCH,UNIT_SCADA,1,"2019/09/05 07:55:00",URANQ13,0
D,DISPATCH,UNIT_SCADA,1,"2019/09/05 07:55:00",URANQ14,0
D,DISPATCH,UNIT_SCADA,1,"2019/09/05 07:55:00",VP5,596.474980
D,DISPATCH,UNIT_SCADA,1,"2019/09/05 07:55:00",VP6,0
D,DISPATCH,UNIT_SCADA,1,"2019/09/05 07:55:00",VPGS1,0
D,DISPATCH,UNIT_SCADA,1,"2019/09/05 07:55:00",VPGS2,0
D,DISPATCH,UNIT_SCADA,1,"2019/09/05 07:55:00",VPGS3,0
D,DISPATCH,UNIT_SCADA,1,"2019/09/05 07:55:00",VPGS4,0
D,DISPATCH,UNIT_SCADA,1,"2019/09/05 07:55:00",VPGS5,0
D,DISPATCH,UNIT_SCADA,1,"2019/09/05 07:55:00",VPGS6,0
D,DISPATCH,UNIT_SCADA,1,"2019/09/05 07:55:00",W/HOE#1,0
D,DISPATCH,UNIT_SCADA,1,"2019/09/05 07:55:00",W/HOE#2,0
D,DISPATCH,UNIT_SCADA,1,"2019/09/05 07:55:00",WATERLWF,-0.90
D,DISPATCH,UNIT_SCADA,1,"2019/09/05 07:55:00",WEMENSF1,4.40
D,DISPATCH,UNIT_SCADA,1,"2019/09/05 07:55:00",WGWF1,0
D,DISPATCH,UNIT_SCADA,1,"2019/09/05 07:55:00",WHITSF1,0
D,DISPATCH,UNIT_SCADA,1,"2019/09/05 07:55:00",WKIEWA1,33.50
D,DISPATCH,UNIT_SCADA,1,"2019/09/05 07:55:00",WKIEWA2,32.80
D,DISPATCH,UNIT_SCADA,1,"2019/09/05 07:55:00",WOODLWN1,2.286010
D,DISPATCH,UNIT_SCADA,1,"2019/09/05 07:55:00",WRSF1,10.24
D,DISPATCH,UNIT_SCADA,1,"2019/09/05 07:55:00",WRWF1,-0.066250
D,DISPATCH,UNIT_SCADA,1,"2019/09/05 07:55:00",YABULU,0
D,DISPATCH,UNIT_SCADA,1,"2019/09/05 07:55:00",YABULU2,0
D,DISPATCH,UNIT_SCADA,1,"2019/09/05 07:55:00",YARWUN_1,166.87
D,DISPATCH,UNIT_SCADA,1,"2019/09/05 07:55:00",YENDWF1,16.70
D,DISPATCH,UNIT_SCADA,1,"2019/09/05 07:55:00",YWPS1,381.7038
D,DISPATCH,UNIT_SCADA,1,"2019/09/05 07:55:00",YWPS2,282.453160
D,DISPATCH,UNIT_SCADA,1,"2019/09/05 07:55:00",YWPS3,323.821530
D,DISPATCH,UNIT_SCADA,1,"2019/09/05 07:55:00",YWPS4,392.415190
C,"END OF REPORT",335
