C,NEMP.WORLD,DISPATCHSCADA,AEMO,PUBLIC,2019/08/22,15:50:07,0000000311873033,DISPATCHSCADA,0000000311873027
I,DISPATCH,UNIT_SCADA,1,SETTLEMENTDATE,DUID,SCADAVALUE
D,DISPATCH,UNIT_SCADA,1,"2019/08/22 15:55:00",BARCSF1,18.600002
D,DISPATCH,UNIT_SCADA,1,"2019/08/22 15:55:00",BUTLERSG,9.699999
D,DISPATCH,UNIT_SCADA,1,"2019/08/22 15:55:00",CALL_A_4,0
D,DISPATCH,UNIT_SCADA,1,"2019/08/22 15:55:00",CAPTL_WF,65.143997
D,DISPATCH,UNIT_SCADA,1,"2019/08/22 15:55:00",CATHROCK,0
D,DISPATCH,UNIT_SCADA,1,"2019/08/22 15:55:00",CHALLHWF,9.60
D,DISPATCH,UNIT_SCADA,1,"2019/08/22 15:55:00",CLOVER,-0.01
D,DISPATCH,UNIT_SCADA,1,"2019/08/22 15:55:00",CLUNY,20.092928
D,DISPATCH,UNIT_SCADA,1,"2019/08/22 15:55:00",CNUNDAWF,6.107124
D,DISPATCH,UNIT_SCADA,1,"2019/08/22 15:55:00",CULLRGWF,22.389999
D,DISPATCH,UNIT_SCADA,1,"2019/08/22 15:55:00",ERGT01,0
D,DISPATCH,UNIT_SCADA,1,"2019/08/22 15:55:00",GB01,0.071308
D,DISPATCH,UNIT_SCADA,1,"2019/08/22 15:55:00",GERMCRK,29.700001
D,DISPATCH,UNIT_SCADA,1,"2019/08/22 15:55:00",GRIFSF1,23.399994
D,DISPATCH,UNIT_SCADA,1,"2019/08/22 15:55:00",HUGSF1,8.973001
D,DISPATCH,UNIT_SCADA,1,"2019/08/22 15:55:00",LKBONNY1,10.627814
D,DISPATCH,UNIT_SCADA,1,"2019/08/22 15:55:00",LRSF1,-0.0180
D,DISPATCH,UNIT_SCADA,1,"2019/08/22 15:55:00",MBAHNTH,51.956253
D,DISPATCH,UNIT_SCADA,1,"2019/08/22 15:55:00",MLSP1,6.586001
D,DISPATCH,UNIT_SCADA,1,"2019/08/22 15:55:00",MLWF1,3.42
D,DISPATCH,UNIT_SCADA,1,"2019/08/22 15:55:00",MTMILLAR,2.708637
D,DISPATCH,UNIT_SCADA,1,"2019/08/22 15:55:00",PALOONA,28.879999
D,DISPATCH,UNIT_SCADA,1,"2019/08/22 15:55:00",PIONEER,29.10
D,DISPATCH,UNIT_SCADA,1,"2019/08/22 15:55:00",PORTWF,2.60
D,DISPATCH,UNIT_SCADA,1,"2019/08/22 15:55:00",REPULSE,28.948807
D,DISPATCH,UNIT_SCADA,1,"2019/08/22 15:55:00",ROWALLAN,10.3021
D,DISPATCH,UNIT_SCADA,1,"2019/08/22 15:55:00",ROYALLA1,9.425001
D,DISPATCH,UNIT_SCADA,1,"2019/08/22 15:55:00",RPCG,11.20
D,DISPATCH,UNIT_SCADA,1,"2019/08/22 15:55:00",RUBICON,0
D,DISPATCH,UNIT_SCADA,1,"2019/08/22 15:55:00",SATGN1,0
D,DISPATCH,UNIT_SCADA,1,"2019/08/22 15:55:00",SATGS1,0
D,DISPATCH,UNIT_SCADA,1,"2019/08/22 15:55:00",STARHLWF,1.499563
D,DISPATCH,UNIT_SCADA,1,"2019/08/22 15:55:00",WAUBRAWF,112.009003
D,DISPATCH,UNIT_SCADA,1,"2019/08/22 15:55:00",WOOLNTH1,78.520020
D,DISPATCH,UNIT_SCADA,1,"2019/08/22 15:55:00",WPWF,4
D,DISPATCH,UNIT_SCADA,1,"2019/08/22 15:55:00",YAMBUKWF,1.70
D,DISPATCH,UNIT_SCADA,1,"2019/08/22 15:55:00",YSWF1,8.80
D,DISPATCH,UNIT_SCADA,1,"2019/08/22 15:55:00",AGLHAL,0
D,DISPATCH,UNIT_SCADA,1,"2019/08/22 15:55:00",AGLSOM,0
D,DISPATCH,UNIT_SCADA,1,"2019/08/22 15:55:00",ANGAST1,0
D,DISPATCH,UNIT_SCADA,1,"2019/08/22 15:55:00",ARWF1,101.80
D,DISPATCH,UNIT_SCADA,1,"2019/08/22 15:55:00",BALBG1,0
D,DISPATCH,UNIT_SCADA,1,"2019/08/22 15:55:00",BALBL1,0
D,DISPATCH,UNIT_SCADA,1,"2019/08/22 15:55:00",BALDHWF1,67.240010
D,DISPATCH,UNIT_SCADA,1,"2019/08/22 15:55:00",BANN1,59.11
D,DISPATCH,UNIT_SCADA,1,"2019/08/22 15:55:00",BARCALDN,0
D,DISPATCH,UNIT_SCADA,1,"2019/08/22 15:55:00",BARRON-1,0
D,DISPATCH,UNIT_SCADA,1,"2019/08/22 15:55:00",BARRON-2,29.04
D,DISPATCH,UNIT_SCADA,1,"2019/08/22 15:55:00",BASTYAN,77.83
D,DISPATCH,UNIT_SCADA,1,"2019/08/22 15:55:00",BBTHREE1,-2.12
D,DISPATCH,UNIT_SCADA,1,"2019/08/22 15:55:00",BBTHREE2,-2.10
D,DISPATCH,UNIT_SCADA,1,"2019/08/22 15:55:00",BBTHREE3,-1.20
D,DISPATCH,UNIT_SCADA,1,"2019/08/22 15:55:00",BDL01,0
D,DISPATCH,UNIT_SCADA,1,"2019/08/22 15:55:00",BDL02,0
D,DISPATCH,UNIT_SCADA,1,"2019/08/22 15:55:00",BERYLSF1,40.332660
D,DISPATCH,UNIT_SCADA,1,"2019/08/22 15:55:00",BLOWERNG,0
D,DISPATCH,UNIT_SCADA,1,"2019/08/22 15:55:00",BLUFF1,0.10
D,DISPATCH,UNIT_SCADA,1,"2019/08/22 15:55:00",BNGSF1,97.41
D,DISPATCH,UNIT_SCADA,1,"2019/08/22 15:55:00",BNGSF2,19.98
D,DISPATCH,UNIT_SCADA,1,"2019/08/22 15:55:00",BOCORWF1,110.21
D,DISPATCH,UNIT_SCADA,1,"2019/08/22 15:55:00",BODWF1,107.512670
D,DISPATCH,UNIT_SCADA,1,"2019/08/22 15:55:00",BRAEMAR1,0
D,DISPATCH,UNIT_SCADA,1,"2019/08/22 15:55:00",BRAEMAR2,0
D,DISPATCH,UNIT_SCADA,1,"2019/08/22 15:55:00",BRAEMAR3,0
D,DISPATCH,UNIT_SCADA,1,"2019/08/22 15:55:00",BRAEMAR5,0
D,DISPATCH,UNIT_SCADA,1,"2019/08/22 15:55:00",BRAEMAR6,0
D,DISPATCH,UNIT_SCADA,1,"2019/08/22 15:55:00",BRAEMAR7,0
D,DISPATCH,UNIT_SCADA,1,"2019/08/22 15:55:00",BROKENH1,37.272220
D,DISPATCH,UNIT_SCADA,1,"2019/08/22 15:55:00",BW01,550.574950
D,DISPATCH,UNIT_SCADA,1,"2019/08/22 15:55:00",BW02,561.674930
D,DISPATCH,UNIT_SCADA,1,"2019/08/22 15:55:00",BW03,587.900020
D,DISPATCH,UNIT_SCADA,1,"2019/08/22 15:55:00",BW04,0
D,DISPATCH,UNIT_SCADA,1,"2019/08/22 15:55:00",CALL_B_1,0
D,DISPATCH,UNIT_SCADA,1,"2019/08/22 15:55:00",CALL_B_2,279.600010
D,DISPATCH,UNIT_SCADA,1,"2019/08/22 15:55:00",CETHANA,97.885120
D,DISPATCH,UNIT_SCADA,1,"2019/08/22 15:55:00",CG1,0
D,DISPATCH,UNIT_SCADA,1,"2019/08/22 15:55:00",CG2,0
D,DISPATCH,UNIT_SCADA,1,"2019/08/22 15:55:00",CG3,0
D,DISPATCH,UNIT_SCADA,1,"2019/08/22 15:55:00",CG4,0
D,DISPATCH,UNIT_SCADA,1,"2019/08/22 15:55:00",CHILDSF1,40.01
D,DISPATCH,UNIT_SCADA,1,"2019/08/22 15:55:00",CLARESF1,40.364030
D,DISPATCH,UNIT_SCADA,1,"2019/08/22 15:55:00",CLEMGPWF,0.432210
D,DISPATCH,UNIT_SCADA,1,"2019/08/22 15:55:00",CLERMSF1,14.69
D,DISPATCH,UNIT_SCADA,1,"2019/08/22 15:55:00",COLEASF1,99.90
D,DISPATCH,UNIT_SCADA,1,"2019/08/22 15:55:00",COOPGWF1,26.381330
D,DISPATCH,UNIT_SCADA,1,"2019/08/22 15:55:00",CPP_3,359.975010
D,DISPATCH,UNIT_SCADA,1,"2019/08/22 15:55:00",CPP_4,407.825010
D,DISPATCH,UNIT_SCADA,1,"2019/08/22 15:55:00",CPSA,143.359380
D,DISPATCH,UNIT_SCADA,1,"2019/08/22 15:55:00",CROOKWF2,77.343750
D,DISPATCH,UNIT_SCADA,1,"2019/08/22 15:55:00",CROWLWF1,27.065340
D,DISPATCH,UNIT_SCADA,1,"2019/08/22 15:55:00",CSPVPS1,23.3140
D,DISPATCH,UNIT_SCADA,1,"2019/08/22 15:55:00",DALNTH01,0
D,DISPATCH,UNIT_SCADA,1,"2019/08/22 15:55:00",DALNTHL1,0.013730
D,DISPATCH,UNIT_SCADA,1,"2019/08/22 15:55:00",DARTM1,134.70
D,DISPATCH,UNIT_SCADA,1,"2019/08/22 15:55:00",DAYDSF1,108.5070
D,DISPATCH,UNIT_SCADA,1,"2019/08/22 15:55:00",DDPS1,190.028240
D,DISPATCH,UNIT_SCADA,1,"2019/08/22 15:55:00",DDSF1,55.674880
D,DISPATCH,UNIT_SCADA,1,"2019/08/22 15:55:00",DEVILS_G,0
D,DISPATCH,UNIT_SCADA,1,"2019/08/22 15:55:00",DG_NSW1,0
D,DISPATCH,UNIT_SCADA,1,"2019/08/22 15:55:00",DG_QLD1,0
D,DISPATCH,UNIT_SCADA,1,"2019/08/22 15:55:00",DG_SA1,0
D,DISPATCH,UNIT_SCADA,1,"2019/08/22 15:55:00",DG_TAS1,0
D,DISPATCH,UNIT_SCADA,1,"2019/08/22 15:55:00",DG_VIC1,0
D,DISPATCH,UNIT_SCADA,1,"2019/08/22 15:55:00",DRYCGT1,0
D,DISPATCH,UNIT_SCADA,1,"2019/08/22 15:55:00",DRYCGT2,0
D,DISPATCH,UNIT_SCADA,1,"2019/08/22 15:55:00",DRYCGT3,0
D,DISPATCH,UNIT_SCADA,1,"2019/08/22 15:55:00",EILDON1,0
D,DISPATCH,UNIT_SCADA,1,"2019/08/22 15:55:00",EILDON2,0
D,DISPATCH,UNIT_SCADA,1,"2019/08/22 15:55:00",EMERASF1,56.89
D,DISPATCH,UNIT_SCADA,1,"2019/08/22 15:55:00",ER01,396.275020
D,DISPATCH,UNIT_SCADA,1,"2019/08/22 15:55:00",ER02,476.1250
D,DISPATCH,UNIT_SCADA,1,"2019/08/22 15:55:00",ER03,699.425050
D,DISPATCH,UNIT_SCADA,1,"2019/08/22 15:55:00",ER04,429.6250
D,DISPATCH,UNIT_SCADA,1,"2019/08/22 15:55:00",FINLYSF1,0.9720
D,DISPATCH,UNIT_SCADA,1,"2019/08/22 15:55:00",FISHER,46.01
D,DISPATCH,UNIT_SCADA,1,"2019/08/22 15:55:00",GANNBG1,0.055930
D,DISPATCH,UNIT_SCADA,1,"2019/08/22 15:55:00",GANNBL1,0
D,DISPATCH,UNIT_SCADA,1,"2019/08/22 15:55:00",GANNSF1,41.60
D,DISPATCH,UNIT_SCADA,1,"2019/08/22 15:55:00",GORDON,28.385840
D,DISPATCH,UNIT_SCADA,1,"2019/08/22 15:55:00",GSTONE1,149.80
D,DISPATCH,UNIT_SCADA,1,"2019/08/22 15:55:00",GSTONE2,149.80
D,DISPATCH,UNIT_SCADA,1,"2019/08/22 15:55:00",GSTONE3,160.649990
D,DISPATCH,UNIT_SCADA,1,"2019/08/22 15:55:00",GSTONE4,160.8250
D,DISPATCH,UNIT_SCADA,1,"2019/08/22 15:55:00",GSTONE5,160.30
D,DISPATCH,UNIT_SCADA,1,"2019/08/22 15:55:00",GSTONE6,0
D,DISPATCH,UNIT_SCADA,1,"2019/08/22 15:55:00",GULLRSF1,2.826170
D,DISPATCH,UNIT_SCADA,1,"2019/08/22 15:55:00",GULLRWF1,96.263340
D,DISPATCH,UNIT_SCADA,1,"2019/08/22 15:55:00",GUNNING1,31.416160
D,DISPATCH,UNIT_SCADA,1,"2019/08/22 15:55:00",GUTHEGA,0
D,DISPATCH,UNIT_SCADA,1,"2019/08/22 15:55:00",HALLWF1,0.01
D,DISPATCH,UNIT_SCADA,1,"2019/08/22 15:55:00",HALLWF2,-0.08
D,DISPATCH,UNIT_SCADA,1,"2019/08/22 15:55:00",HAMISF1,44.30
D,DISPATCH,UNIT_SCADA,1,"2019/08/22 15:55:00",HAUGHT11,49.985530
D,DISPATCH,UNIT_SCADA,1,"2019/08/22 15:55:00",HAYMSF1,37.2330
D,DISPATCH,UNIT_SCADA,1,"2019/08/22 15:55:00",HDWF1,2.70
D,DISPATCH,UNIT_SCADA,1,"2019/08/22 15:55:00",HDWF2,2.40
D,DISPATCH,UNIT_SCADA,1,"2019/08/22 15:55:00",HDWF3,2.30
D,DISPATCH,UNIT_SCADA,1,"2019/08/22 15:55:00",HPRG1,0.50
D,DISPATCH,UNIT_SCADA,1,"2019/08/22 15:55:00",HPRL1,0
D,DISPATCH,UNIT_SCADA,1,"2019/08/22 15:55:00",HUMENSW,0
D,DISPATCH,UNIT_SCADA,1,"2019/08/22 15:55:00",HUMEV,8.90
D,DISPATCH,UNIT_SCADA,1,"2019/08/22 15:55:00",HVGTS,0
D,DISPATCH,UNIT_SCADA,1,"2019/08/22 15:55:00",JBUTTERS,138.73
D,DISPATCH,UNIT_SCADA,1,"2019/08/22 15:55:00",JLA01,0.50
D,DISPATCH,UNIT_SCADA,1,"2019/08/22 15:55:00",JLA02,0
D,DISPATCH,UNIT_SCADA,1,"2019/08/22 15:55:00",JLA03,0.10
D,DISPATCH,UNIT_SCADA,1,"2019/08/22 15:55:00",JLA04,0.10
D,DISPATCH,UNIT_SCADA,1,"2019/08/22 15:55:00",JLB01,0
D,DISPATCH,UNIT_SCADA,1,"2019/08/22 15:55:00",JLB02,0.10
D,DISPATCH,UNIT_SCADA,1,"2019/08/22 15:55:00",JLB03,0
D,DISPATCH,UNIT_SCADA,1,"2019/08/22 15:55:00",KAREEYA1,21.5625
D,DISPATCH,UNIT_SCADA,1,"2019/08/22 15:55:00",KAREEYA2,21.62
D,DISPATCH,UNIT_SCADA,1,"2019/08/22 15:55:00",KAREEYA3,0
D,DISPATCH,UNIT_SCADA,1,"2019/08/22 15:55:00",KAREEYA4,21.7675
D,DISPATCH,UNIT_SCADA,1,"2019/08/22 15:55:00",KARSF1,30.90
D,DISPATCH,UNIT_SCADA,1,"2019/08/22 15:55:00",KIATAWF1,6.20
D,DISPATCH,UNIT_SCADA,1,"2019/08/22 15:55:00",KPP_1,0
D,DISPATCH,UNIT_SCADA,1,"2019/08/22 15:55:00",KSP1,46.49
D,DISPATCH,UNIT_SCADA,1,"2019/08/22 15:55:00",LADBROK1,0
D,DISPATCH,UNIT_SCADA,1,"2019/08/22 15:55:00",LADBROK2,0
D,DISPATCH,UNIT_SCADA,1,"2019/08/22 15:55:00",LD01,381.862520
D,DISPATCH,UNIT_SCADA,1,"2019/08/22 15:55:00",LD02,378.918730
D,DISPATCH,UNIT_SCADA,1,"2019/08/22 15:55:00",LD03,380.0062
D,DISPATCH,UNIT_SCADA,1,"2019/08/22 15:55:00",LD04,381.824980
D,DISPATCH,UNIT_SCADA,1,"2019/08/22 15:55:00",LEM_WIL,86.099240
D,DISPATCH,UNIT_SCADA,1,"2019/08/22 15:55:00",LGAPWF1,7.27
D,DISPATCH,UNIT_SCADA,1,"2019/08/22 15:55:00",LILYSF1,86.507510
D,DISPATCH,UNIT_SCADA,1,"2019/08/22 15:55:00",LI_WY_CA,148.543270
D,DISPATCH,UNIT_SCADA,1,"2019/08/22 15:55:00",LKBONNY2,20.423670
D,DISPATCH,UNIT_SCADA,1,"2019/08/22 15:55:00",LKBONNY3,6.698640
D,DISPATCH,UNIT_SCADA,1,"2019/08/22 15:55:00",LK_ECHO,0
D,DISPATCH,UNIT_SCADA,1,"2019/08/22 15:55:00",LNGS1,0
D,DISPATCH,UNIT_SCADA,1,"2019/08/22 15:55:00",LNGS2,0
D,DISPATCH,UNIT_SCADA,1,"2019/08/22 15:55:00",LONSDALE,0
D,DISPATCH,UNIT_SCADA,1,"2019/08/22 15:55:00",LOYYB1,536.088620
D,DISPATCH,UNIT_SCADA,1,"2019/08/22 15:55:00",LOYYB2,584.210140
D,DISPATCH,UNIT_SCADA,1,"2019/08/22 15:55:00",LYA1,560
D,DISPATCH,UNIT_SCADA,1,"2019/08/22 15:55:00",LYA2,0
D,DISPATCH,UNIT_SCADA,1,"2019/08/22 15:55:00",LYA3,559
D,DISPATCH,UNIT_SCADA,1,"2019/08/22 15:55:00",LYA4,540
D,DISPATCH,UNIT_SCADA,1,"2019/08/22 15:55:00",MACARTH1,38.099120
D,DISPATCH,UNIT_SCADA,1,"2019/08/22 15:55:00",MACKAYGT,0
D,DISPATCH,UNIT_SCADA,1,"2019/08/22 15:55:00",MACKNTSH,86.37
D,DISPATCH,UNIT_SCADA,1,"2019/08/22 15:55:00",MANSLR1,37.0010
D,DISPATCH,UNIT_SCADA,1,"2019/08/22 15:55:00",MCKAY1,0.02
D,DISPATCH,UNIT_SCADA,1,"2019/08/22 15:55:00",MEADOWBK,34.181680
D,DISPATCH,UNIT_SCADA,1,"2019/08/22 15:55:00",MERCER01,24.9920
D,DISPATCH,UNIT_SCADA,1,"2019/08/22 15:55:00",MEWF1,22.979580
D,DISPATCH,UNIT_SCADA,1,"2019/08/22 15:55:00",MINTARO,0
D,DISPATCH,UNIT_SCADA,1,"2019/08/22 15:55:00",MOREESF1,47.7680
D,DISPATCH,UNIT_SCADA,1,"2019/08/22 15:55:00",MORTLK11,259
D,DISPATCH,UNIT_SCADA,1,"2019/08/22 15:55:00",MORTLK12,0
D,DISPATCH,UNIT_SCADA,1,"2019/08/22 15:55:00",MP1,282.425050
D,DISPATCH,UNIT_SCADA,1,"2019/08/22 15:55:00",MP2,0
D,DISPATCH,UNIT_SCADA,1,"2019/08/22 15:55:00",MPP_1,343
D,DISPATCH,UNIT_SCADA,1,"2019/08/22 15:55:00",MPP_2,368.50
D,DISPATCH,UNIT_SCADA,1,"2019/08/22 15:55:00",MSTUART1,0
D,DISPATCH,UNIT_SCADA,1,"2019/08/22 15:55:00",MSTUART2,0
D,DISPATCH,UNIT_SCADA,1,"2019/08/22 15:55:00",MSTUART3,0
D,DISPATCH,UNIT_SCADA,1,"2019/08/22 15:55:00",MTGELWF1,37.250890
D,DISPATCH,UNIT_SCADA,1,"2019/08/22 15:55:00",MURRAY,0
D,DISPATCH,UNIT_SCADA,1,"2019/08/22 15:55:00",MUSSELR1,45.20
D,DISPATCH,UNIT_SCADA,1,"2019/08/22 15:55:00",MUWAWF1,19.70
D,DISPATCH,UNIT_SCADA,1,"2019/08/22 15:55:00",NBHWF1,0.30
D,DISPATCH,UNIT_SCADA,1,"2019/08/22 15:55:00",NPS,202.8750
D,DISPATCH,UNIT_SCADA,1,"2019/08/22 15:55:00",NUMURSF1,84.35
D,DISPATCH,UNIT_SCADA,1,"2019/08/22 15:55:00",NYNGAN1,53.25
D,DISPATCH,UNIT_SCADA,1,"2019/08/22 15:55:00",OAKEY1,0
D,DISPATCH,UNIT_SCADA,1,"2019/08/22 15:55:00",OAKEY1SF,21.2090
D,DISPATCH,UNIT_SCADA,1,"2019/08/22 15:55:00",OAKEY2,0
D,DISPATCH,UNIT_SCADA,1,"2019/08/22 15:55:00",OAKLAND1,9.20
D,DISPATCH,UNIT_SCADA,1,"2019/08/22 15:55:00",OSB-AG,183
D,DISPATCH,UNIT_SCADA,1,"2019/08/22 15:55:00",PARSF1,43.103120
D,DISPATCH,UNIT_SCADA,1,"2019/08/22 15:55:00",POAT110,0
D,DISPATCH,UNIT_SCADA,1,"2019/08/22 15:55:00",POAT220,20.12
D,DISPATCH,UNIT_SCADA,1,"2019/08/22 15:55:00",POR01,0
D,DISPATCH,UNIT_SCADA,1,"2019/08/22 15:55:00",POR03,0
D,DISPATCH,UNIT_SCADA,1,"2019/08/22 15:55:00",PPCCGT,492.326930
D,DISPATCH,UNIT_SCADA,1,"2019/08/22 15:55:00",PTSTAN1,0
D,DISPATCH,UNIT_SCADA,1,"2019/08/22 15:55:00",PUMP1,0
D,DISPATCH,UNIT_SCADA,1,"2019/08/22 15:55:00",PUMP2,0
D,DISPATCH,UNIT_SCADA,1,"2019/08/22 15:55:00",QPS1,0
D,DISPATCH,UNIT_SCADA,1,"2019/08/22 15:55:00",QPS2,0
D,DISPATCH,UNIT_SCADA,1,"2019/08/22 15:55:00",QPS3,0
D,DISPATCH,UNIT_SCADA,1,"2019/08/22 15:55:00",QPS4,0
D,DISPATCH,UNIT_SCADA,1,"2019/08/22 15:55:00",QPS5,0
D,DISPATCH,UNIT_SCADA,1,"2019/08/22 15:55:00",REECE1,119.510010
D,DISPATCH,UNIT_SCADA,1,"2019/08/22 15:55:00",REECE2,118.610010
D,DISPATCH,UNIT_SCADA,1,"2019/08/22 15:55:00",ROMA_7,0
D,DISPATCH,UNIT_SCADA,1,"2019/08/22 15:55:00",ROMA_8,0
D,DISPATCH,UNIT_SCADA,1,"2019/08/22 15:55:00",RRSF1,102.484020
D,DISPATCH,UNIT_SCADA,1,"2019/08/22 15:55:00",RT_NSW1,0
D,DISPATCH,UNIT_SCADA,1,"2019/08/22 15:55:00",RT_NSW2,0
D,DISPATCH,UNIT_SCADA,1,"2019/08/22 15:55:00",RT_NSW3,0
D,DISPATCH,UNIT_SCADA,1,"2019/08/22 15:55:00",RT_NSW4,0
D,DISPATCH,UNIT_SCADA,1,"2019/08/22 15:55:00",RT_NSW5,0
D,DISPATCH,UNIT_SCADA,1,"2019/08/22 15:55:00",RT_NSW6,0
D,DISPATCH,UNIT_SCADA,1,"2019/08/22 15:55:00",RT_QLD1,0
D,DISPATCH,UNIT_SCADA,1,"2019/08/22 15:55:00",RT_SA1,0
D,DISPATCH,UNIT_SCADA,1,"2019/08/22 15:55:00",RT_SA2,0
D,DISPATCH,UNIT_SCADA,1,"2019/08/22 15:55:00",RT_SA3,0
D,DISPATCH,UNIT_SCADA,1,"2019/08/22 15:55:00",RT_SA4,0
D,DISPATCH,UNIT_SCADA,1,"2019/08/22 15:55:00",RT_SA5,0
D,DISPATCH,UNIT_SCADA,1,"2019/08/22 15:55:00",RT_SA6,0
D,DISPATCH,UNIT_SCADA,1,"2019/08/22 15:55:00",RT_TAS1,0
D,DISPATCH,UNIT_SCADA,1,"2019/08/22 15:55:00",RT_VIC1,0
D,DISPATCH,UNIT_SCADA,1,"2019/08/22 15:55:00",RT_VIC10,0
D,DISPATCH,UNIT_SCADA,1,"2019/08/22 15:55:00",RT_VIC11,0
D,DISPATCH,UNIT_SCADA,1,"2019/08/22 15:55:00",RT_VIC12,0
D,DISPATCH,UNIT_SCADA,1,"2019/08/22 15:55:00",RT_VIC2,0
D,DISPATCH,UNIT_SCADA,1,"2019/08/22 15:55:00",RT_VIC3,0
D,DISPATCH,UNIT_SCADA,1,"2019/08/22 15:55:00",RT_VIC4,0
D,DISPATCH,UNIT_SCADA,1,"2019/08/22 15:55:00",RT_VIC5,0
D,DISPATCH,UNIT_SCADA,1,"2019/08/22 15:55:00",RT_VIC6,0
D,DISPATCH,UNIT_SCADA,1,"2019/08/22 15:55:00",RT_VIC7,0
D,DISPATCH,UNIT_SCADA,1,"2019/08/22 15:55:00",RT_VIC8,0
D,DISPATCH,UNIT_SCADA,1,"2019/08/22 15:55:00",RT_VIC9,0
D,DISPATCH,UNIT_SCADA,1,"2019/08/22 15:55:00",RUGBYR1,25.177090
D,DISPATCH,UNIT_SCADA,1,"2019/08/22 15:55:00",SALTCRK1,8.43
D,DISPATCH,UNIT_SCADA,1,"2019/08/22 15:55:00",SAPHWF1,256.471860
D,DISPATCH,UNIT_SCADA,1,"2019/08/22 15:55:00",SHGEN,0
D,DISPATCH,UNIT_SCADA,1,"2019/08/22 15:55:00",SHPUMP,0
D,DISPATCH,UNIT_SCADA,1,"2019/08/22 15:55:00",SITHE01,0.083520
D,DISPATCH,UNIT_SCADA,1,"2019/08/22 15:55:00",SMCSF1,54.201480
D,DISPATCH,UNIT_SCADA,1,"2019/08/22 15:55:00",SNOWNTH1,1.90
D,DISPATCH,UNIT_SCADA,1,"2019/08/22 15:55:00",SNOWSTH1,6.30
D,DISPATCH,UNIT_SCADA,1,"2019/08/22 15:55:00",SNOWTWN1,-0.682030
D,DISPATCH,UNIT_SCADA,1,"2019/08/22 15:55:00",SNOWYP,0
D,DISPATCH,UNIT_SCADA,1,"2019/08/22 15:55:00",SNUG1,0.019440
D,DISPATCH,UNIT_SCADA,1,"2019/08/22 15:55:00",SRSF1,34.91
D,DISPATCH,UNIT_SCADA,1,"2019/08/22 15:55:00",STAN-1,0
D,DISPATCH,UNIT_SCADA,1,"2019/08/22 15:55:00",STAN-2,280.427830
D,DISPATCH,UNIT_SCADA,1,"2019/08/22 15:55:00",STAN-3,279.8895
D,DISPATCH,UNIT_SCADA,1,"2019/08/22 15:55:00",STAN-4,278.235990
D,DISPATCH,UNIT_SCADA,1,"2019/08/22 15:55:00",STWF1,12.015010
D,DISPATCH,UNIT_SCADA,1,"2019/08/22 15:55:00",SWAN_E,0
D,DISPATCH,UNIT_SCADA,1,"2019/08/22 15:55:00",TALWA1,299
D,DISPATCH,UNIT_SCADA,1,"2019/08/22 15:55:00",TARALGA1,71.467510
D,DISPATCH,UNIT_SCADA,1,"2019/08/22 15:55:00",TARONG#1,281
D,DISPATCH,UNIT_SCADA,1,"2019/08/22 15:55:00",TARONG#2,280.800020
D,DISPATCH,UNIT_SCADA,1,"2019/08/22 15:55:00",TARONG#3,259.899990
D,DISPATCH,UNIT_SCADA,1,"2019/08/22 15:55:00",TARONG#4,280.899990
D,DISPATCH,UNIT_SCADA,1,"2019/08/22 15:55:00",TARRALEA,83.90
D,DISPATCH,UNIT_SCADA,1,"2019/08/22 15:55:00",TBSF1,19.20
D,DISPATCH,UNIT_SCADA,1,"2019/08/22 15:55:00",TNPS1,442.300020
D,DISPATCH,UNIT_SCADA,1,"2019/08/22 15:55:00",TORRA1,86.621030
D,DISPATCH,UNIT_SCADA,1,"2019/08/22 15:55:00",TORRA2,0
D,DISPATCH,UNIT_SCADA,1,"2019/08/22 15:55:00",TORRA3,43.9830
D,DISPATCH,UNIT_SCADA,1,"2019/08/22 15:55:00",TORRA4,81.475940
D,DISPATCH,UNIT_SCADA,1,"2019/08/22 15:55:00",TORRB1,86.70
D,DISPATCH,UNIT_SCADA,1,"2019/08/22 15:55:00",TORRB2,107.30
D,DISPATCH,UNIT_SCADA,1,"2019/08/22 15:55:00",TORRB3,0
D,DISPATCH,UNIT_SCADA,1,"2019/08/22 15:55:00",TORRB4,0
D,DISPATCH,UNIT_SCADA,1,"2019/08/22 15:55:00",TREVALLN,69.930030
D,DISPATCH,UNIT_SCADA,1,"2019/08/22 15:55:00",TRIBUTE,84.82
D,DISPATCH,UNIT_SCADA,1,"2019/08/22 15:55:00",TUMUT3,0
D,DISPATCH,UNIT_SCADA,1,"2019/08/22 15:55:00",TUNGATIN,133.120030
D,DISPATCH,UNIT_SCADA,1,"2019/08/22 15:55:00",TVCC201,0
D,DISPATCH,UNIT_SCADA,1,"2019/08/22 15:55:00",TVPP104,0
D,DISPATCH,UNIT_SCADA,1,"2019/08/22 15:55:00",UPPTUMUT,0
D,DISPATCH,UNIT_SCADA,1,"2019/08/22 15:55:00",URANQ11,0
D,DISPATCH,UNIT_SCADA,1,"2019/08/22 15:55:00",URANQ12,0
D,DISPATCH,UNIT_SCADA,1,"2019/08/22 15:55:00",URANQ13,0
D,DISPATCH,UNIT_SCADA,1,"2019/08/22 15:55:00",URANQ14,0
D,DISPATCH,UNIT_SCADA,1,"2019/08/22 15:55:00",VP5,194.9250
D,DISPATCH,UNIT_SCADA,1,"2019/08/22 15:55:00",VP6,598.549990
D,DISPATCH,UNIT_SCADA,1,"2019/08/22 15:55:00",VPGS1,0
D,DISPATCH,UNIT_SCADA,1,"2019/08/22 15:55:00",VPGS2,0
D,DISPATCH,UNIT_SCADA,1,"2019/08/22 15:55:00",VPGS3,0
D,DISPATCH,UNIT_SCADA,1,"2019/08/22 15:55:00",VPGS4,0
D,DISPATCH,UNIT_SCADA,1,"2019/08/22 15:55:00",VPGS5,0
D,DISPATCH,UNIT_SCADA,1,"2019/08/22 15:55:00",VPGS6,0
D,DISPATCH,UNIT_SCADA,1,"2019/08/22 15:55:00",W/HOE#1,0
D,DISPATCH,UNIT_SCADA,1,"2019/08/22 15:55:00",W/HOE#2,0
D,DISPATCH,UNIT_SCADA,1,"2019/08/22 15:55:00",WATERLWF,3.10
D,DISPATCH,UNIT_SCADA,1,"2019/08/22 15:55:00",WEMENSF1,75.20
D,DISPATCH,UNIT_SCADA,1,"2019/08/22 15:55:00",WGWF1,3.90
D,DISPATCH,UNIT_SCADA,1,"2019/08/22 15:55:00",WHITSF1,42.10
D,DISPATCH,UNIT_SCADA,1,"2019/08/22 15:55:00",WKIEWA1,0
D,DISPATCH,UNIT_SCADA,1,"2019/08/22 15:55:00",WKIEWA2,0.10
D,DISPATCH,UNIT_SCADA,1,"2019/08/22 15:55:00",WOODLWN1,15.6510
D,DISPATCH,UNIT_SCADA,1,"2019/08/22 15:55:00",WRSF1,6.99
D,DISPATCH,UNIT_SCADA,1,"2019/08/22 15:55:00",WRWF1,157.358730
D,DISPATCH,UNIT_SCADA,1,"2019/08/22 15:55:00",YABULU,0
D,DISPATCH,UNIT_SCADA,1,"2019/08/22 15:55:00",YABULU2,0
D,DISPATCH,UNIT_SCADA,1,"2019/08/22 15:55:00",YARWUN_1,0
D,DISPATCH,UNIT_SCADA,1,"2019/08/22 15:55:00",YENDWF1,41.97
D,DISPATCH,UNIT_SCADA,1,"2019/08/22 15:55:00",YWPS1,366.916440
D,DISPATCH,UNIT_SCADA,1,"2019/08/22 15:55:00",YWPS2,281.701260
D,DISPATCH,UNIT_SCADA,1,"2019/08/22 15:55:00",YWPS3,0
D,DISPATCH,UNIT_SCADA,1,"2019/08/22 15:55:00",YWPS4,398.343050
C,"END OF REPORT",334
