C,NEMP.WORLD,DISPATCHSCADA,AEMO,PUBLIC,2019/08/22,06:15:09,0000000311855538,DISPATCHSCADA,0000000311855532
I,DISPATCH,UNIT_SCADA,1,SETTLEMENTDATE,DUID,SCADAVALUE
D,DISPATCH,UNIT_SCADA,1,"2019/08/22 06:20:00",BARCSF1,0.70
D,DISPATCH,UNIT_SCADA,1,"2019/08/22 06:20:00",BUTLERSG,9.699999
D,DISPATCH,UNIT_SCADA,1,"2019/08/22 06:20:00",CALL_A_4,0
D,DISPATCH,UNIT_SCADA,1,"2019/08/22 06:20:00",CAPTL_WF,127.400002
D,DISPATCH,UNIT_SCADA,1,"2019/08/22 06:20:00",CATHROCK,3.15
D,DISPATCH,UNIT_SCADA,1,"2019/08/22 06:20:00",CHALLHWF,47.599998
D,DISPATCH,UNIT_SCADA,1,"2019/08/22 06:20:00",CLOVER,-0.02
D,DISPATCH,UNIT_SCADA,1,"2019/08/22 06:20:00",CLUNY,19.797207
D,DISPATCH,UNIT_SCADA,1,"2019/08/22 06:20:00",CNUNDAWF,35.841812
D,DISPATCH,UNIT_SCADA,1,"2019/08/22 06:20:00",CULLRGWF,30.549999
D,DISPATCH,UNIT_SCADA,1,"2019/08/22 06:20:00",ERGT01,0
D,DISPATCH,UNIT_SCADA,1,"2019/08/22 06:20:00",GB01,0.060799
D,DISPATCH,UNIT_SCADA,1,"2019/08/22 06:20:00",GERMCRK,37.50
D,DISPATCH,UNIT_SCADA,1,"2019/08/22 06:20:00",GRIFSF1,0
D,DISPATCH,UNIT_SCADA,1,"2019/08/22 06:20:00",HUGSF1,-0.2430
D,DISPATCH,UNIT_SCADA,1,"2019/08/22 06:20:00",LKBONNY1,64.034813
D,DISPATCH,UNIT_SCADA,1,"2019/08/22 06:20:00",LRSF1,0.0390
D,DISPATCH,UNIT_SCADA,1,"2019/08/22 06:20:00",MBAHNTH,55.968750
D,DISPATCH,UNIT_SCADA,1,"2019/08/22 06:20:00",MLSP1,0.271001
D,DISPATCH,UNIT_SCADA,1,"2019/08/22 06:20:00",MLWF1,17.459999
D,DISPATCH,UNIT_SCADA,1,"2019/08/22 06:20:00",MTMILLAR,12.285605
D,DISPATCH,UNIT_SCADA,1,"2019/08/22 06:20:00",PALOONA,28.59
D,DISPATCH,UNIT_SCADA,1,"2019/08/22 06:20:00",PIONEER,47.900002
D,DISPATCH,UNIT_SCADA,1,"2019/08/22 06:20:00",PORTWF,110.800003
D,DISPATCH,UNIT_SCADA,1,"2019/08/22 06:20:00",REPULSE,28.859694
D,DISPATCH,UNIT_SCADA,1,"2019/08/22 06:20:00",ROWALLAN,10.3447
D,DISPATCH,UNIT_SCADA,1,"2019/08/22 06:20:00",ROYALLA1,0
D,DISPATCH,UNIT_SCADA,1,"2019/08/22 06:20:00",RPCG,12.40
D,DISPATCH,UNIT_SCADA,1,"2019/08/22 06:20:00",RUBICON,0
D,DISPATCH,UNIT_SCADA,1,"2019/08/22 06:20:00",SATGN1,0
D,DISPATCH,UNIT_SCADA,1,"2019/08/22 06:20:00",SATGS1,0
D,DISPATCH,UNIT_SCADA,1,"2019/08/22 06:20:00",STARHLWF,3.199067
D,DISPATCH,UNIT_SCADA,1,"2019/08/22 06:20:00",WAUBRAWF,175.315994
D,DISPATCH,UNIT_SCADA,1,"2019/08/22 06:20:00",WOOLNTH1,99.380020
D,DISPATCH,UNIT_SCADA,1,"2019/08/22 06:20:00",WPWF,11
D,DISPATCH,UNIT_SCADA,1,"2019/08/22 06:20:00",YAMBUKWF,28.200001
D,DISPATCH,UNIT_SCADA,1,"2019/08/22 06:20:00",YSWF1,25.40
D,DISPATCH,UNIT_SCADA,1,"2019/08/22 06:20:00",AGLHAL,0
D,DISPATCH,UNIT_SCADA,1,"2019/08/22 06:20:00",AGLSOM,0
D,DISPATCH,UNIT_SCADA,1,"2019/08/22 06:20:00",ANGAST1,0
D,DISPATCH,UNIT_SCADA,1,"2019/08/22 06:20:00",ARWF1,210.099980
D,DISPATCH,UNIT_SCADA,1,"2019/08/22 06:20:00",BALBG1,0
D,DISPATCH,UNIT_SCADA,1,"2019/08/22 06:20:00",BALBL1,0
D,DISPATCH,UNIT_SCADA,1,"2019/08/22 06:20:00",BALDHWF1,99.246990
D,DISPATCH,UNIT_SCADA,1,"2019/08/22 06:20:00",BANN1,0
D,DISPATCH,UNIT_SCADA,1,"2019/08/22 06:20:00",BARCALDN,0
D,DISPATCH,UNIT_SCADA,1,"2019/08/22 06:20:00",BARRON-1,0
D,DISPATCH,UNIT_SCADA,1,"2019/08/22 06:20:00",BARRON-2,23.76
D,DISPATCH,UNIT_SCADA,1,"2019/08/22 06:20:00",BASTYAN,78.33
D,DISPATCH,UNIT_SCADA,1,"2019/08/22 06:20:00",BBTHREE1,-1.81
D,DISPATCH,UNIT_SCADA,1,"2019/08/22 06:20:00",BBTHREE2,-1.85
D,DISPATCH,UNIT_SCADA,1,"2019/08/22 06:20:00",BBTHREE3,0
D,DISPATCH,UNIT_SCADA,1,"2019/08/22 06:20:00",BDL01,0
D,DISPATCH,UNIT_SCADA,1,"2019/08/22 06:20:00",BDL02,0
D,DISPATCH,UNIT_SCADA,1,"2019/08/22 06:20:00",BERYLSF1,0
D,DISPATCH,UNIT_SCADA,1,"2019/08/22 06:20:00",BLOWERNG,0
D,DISPATCH,UNIT_SCADA,1,"2019/08/22 06:20:00",BLUFF1,26.80
D,DISPATCH,UNIT_SCADA,1,"2019/08/22 06:20:00",BNGSF1,0
D,DISPATCH,UNIT_SCADA,1,"2019/08/22 06:20:00",BNGSF2,0
D,DISPATCH,UNIT_SCADA,1,"2019/08/22 06:20:00",BOCORWF1,102.28
D,DISPATCH,UNIT_SCADA,1,"2019/08/22 06:20:00",BODWF1,101.251690
D,DISPATCH,UNIT_SCADA,1,"2019/08/22 06:20:00",BRAEMAR1,0
D,DISPATCH,UNIT_SCADA,1,"2019/08/22 06:20:00",BRAEMAR2,0
D,DISPATCH,UNIT_SCADA,1,"2019/08/22 06:20:00",BRAEMAR3,0
D,DISPATCH,UNIT_SCADA,1,"2019/08/22 06:20:00",BRAEMAR5,0
D,DISPATCH,UNIT_SCADA,1,"2019/08/22 06:20:00",BRAEMAR6,0
D,DISPATCH,UNIT_SCADA,1,"2019/08/22 06:20:00",BRAEMAR7,0
D,DISPATCH,UNIT_SCADA,1,"2019/08/22 06:20:00",BROKENH1,0
D,DISPATCH,UNIT_SCADA,1,"2019/08/22 06:20:00",BW01,461.099980
D,DISPATCH,UNIT_SCADA,1,"2019/08/22 06:20:00",BW02,625.474980
D,DISPATCH,UNIT_SCADA,1,"2019/08/22 06:20:00",BW03,606.949950
D,DISPATCH,UNIT_SCADA,1,"2019/08/22 06:20:00",BW04,0
D,DISPATCH,UNIT_SCADA,1,"2019/08/22 06:20:00",CALL_B_1,349.300020
D,DISPATCH,UNIT_SCADA,1,"2019/08/22 06:20:00",CALL_B_2,290.399990
D,DISPATCH,UNIT_SCADA,1,"2019/08/22 06:20:00",CETHANA,98.364130
D,DISPATCH,UNIT_SCADA,1,"2019/08/22 06:20:00",CG1,0
D,DISPATCH,UNIT_SCADA,1,"2019/08/22 06:20:00",CG2,0
D,DISPATCH,UNIT_SCADA,1,"2019/08/22 06:20:00",CG3,0
D,DISPATCH,UNIT_SCADA,1,"2019/08/22 06:20:00",CG4,0
D,DISPATCH,UNIT_SCADA,1,"2019/08/22 06:20:00",CHILDSF1,0.01
D,DISPATCH,UNIT_SCADA,1,"2019/08/22 06:20:00",CLARESF1,0
D,DISPATCH,UNIT_SCADA,1,"2019/08/22 06:20:00",CLEMGPWF,0.864420
D,DISPATCH,UNIT_SCADA,1,"2019/08/22 06:20:00",CLERMSF1,0
D,DISPATCH,UNIT_SCADA,1,"2019/08/22 06:20:00",COLEASF1,0
D,DISPATCH,UNIT_SCADA,1,"2019/08/22 06:20:00",COOPGWF1,35.172130
D,DISPATCH,UNIT_SCADA,1,"2019/08/22 06:20:00",CPP_3,405.075010
D,DISPATCH,UNIT_SCADA,1,"2019/08/22 06:20:00",CPP_4,406.175020
D,DISPATCH,UNIT_SCADA,1,"2019/08/22 06:20:00",CPSA,142.961260
D,DISPATCH,UNIT_SCADA,1,"2019/08/22 06:20:00",CROOKWF2,84.273750
D,DISPATCH,UNIT_SCADA,1,"2019/08/22 06:20:00",CROWLWF1,47.370240
D,DISPATCH,UNIT_SCADA,1,"2019/08/22 06:20:00",CSPVPS1,0
D,DISPATCH,UNIT_SCADA,1,"2019/08/22 06:20:00",DALNTH01,0.0473
D,DISPATCH,UNIT_SCADA,1,"2019/08/22 06:20:00",DALNTHL1,0
D,DISPATCH,UNIT_SCADA,1,"2019/08/22 06:20:00",DARTM1,0
D,DISPATCH,UNIT_SCADA,1,"2019/08/22 06:20:00",DAYDSF1,0
D,DISPATCH,UNIT_SCADA,1,"2019/08/22 06:20:00",DDPS1,0
D,DISPATCH,UNIT_SCADA,1,"2019/08/22 06:20:00",DDSF1,0
D,DISPATCH,UNIT_SCADA,1,"2019/08/22 06:20:00",DEVILS_G,0
D,DISPATCH,UNIT_SCADA,1,"2019/08/22 06:20:00",DG_NSW1,0
D,DISPATCH,UNIT_SCADA,1,"2019/08/22 06:20:00",DG_QLD1,0
D,DISPATCH,UNIT_SCADA,1,"2019/08/22 06:20:00",DG_SA1,0
D,DISPATCH,UNIT_SCADA,1,"2019/08/22 06:20:00",DG_TAS1,0
D,DISPATCH,UNIT_SCADA,1,"2019/08/22 06:20:00",DG_VIC1,0
D,DISPATCH,UNIT_SCADA,1,"2019/08/22 06:20:00",DRYCGT1,0
D,DISPATCH,UNIT_SCADA,1,"2019/08/22 06:20:00",DRYCGT2,0
D,DISPATCH,UNIT_SCADA,1,"2019/08/22 06:20:00",DRYCGT3,0
D,DISPATCH,UNIT_SCADA,1,"2019/08/22 06:20:00",EILDON1,0
D,DISPATCH,UNIT_SCADA,1,"2019/08/22 06:20:00",EILDON2,0
D,DISPATCH,UNIT_SCADA,1,"2019/08/22 06:20:00",EMERASF1,0
D,DISPATCH,UNIT_SCADA,1,"2019/08/22 06:20:00",ER01,560.525020
D,DISPATCH,UNIT_SCADA,1,"2019/08/22 06:20:00",ER02,542.6250
D,DISPATCH,UNIT_SCADA,1,"2019/08/22 06:20:00",ER03,671.1001
D,DISPATCH,UNIT_SCADA,1,"2019/08/22 06:20:00",ER04,640.800050
D,DISPATCH,UNIT_SCADA,1,"2019/08/22 06:20:00",FINLYSF1,0
D,DISPATCH,UNIT_SCADA,1,"2019/08/22 06:20:00",FISHER,45.83
D,DISPATCH,UNIT_SCADA,1,"2019/08/22 06:20:00",GANNBG1,0.523590
D,DISPATCH,UNIT_SCADA,1,"2019/08/22 06:20:00",GANNBL1,0
D,DISPATCH,UNIT_SCADA,1,"2019/08/22 06:20:00",GANNSF1,0
D,DISPATCH,UNIT_SCADA,1,"2019/08/22 06:20:00",GORDON,20.054160
D,DISPATCH,UNIT_SCADA,1,"2019/08/22 06:20:00",GSTONE1,168.70
D,DISPATCH,UNIT_SCADA,1,"2019/08/22 06:20:00",GSTONE2,169.05
D,DISPATCH,UNIT_SCADA,1,"2019/08/22 06:20:00",GSTONE3,170.099990
D,DISPATCH,UNIT_SCADA,1,"2019/08/22 06:20:00",GSTONE4,179.55
D,DISPATCH,UNIT_SCADA,1,"2019/08/22 06:20:00",GSTONE5,172.20
D,DISPATCH,UNIT_SCADA,1,"2019/08/22 06:20:00",GSTONE6,0
D,DISPATCH,UNIT_SCADA,1,"2019/08/22 06:20:00",GULLRSF1,0
D,DISPATCH,UNIT_SCADA,1,"2019/08/22 06:20:00",GULLRWF1,158.858490
D,DISPATCH,UNIT_SCADA,1,"2019/08/22 06:20:00",GUNNING1,46.100890
D,DISPATCH,UNIT_SCADA,1,"2019/08/22 06:20:00",GUTHEGA,0
D,DISPATCH,UNIT_SCADA,1,"2019/08/22 06:20:00",HALLWF1,68.04
D,DISPATCH,UNIT_SCADA,1,"2019/08/22 06:20:00",HALLWF2,57.82
D,DISPATCH,UNIT_SCADA,1,"2019/08/22 06:20:00",HAMISF1,0
D,DISPATCH,UNIT_SCADA,1,"2019/08/22 06:20:00",HAUGHT11,0
D,DISPATCH,UNIT_SCADA,1,"2019/08/22 06:20:00",HAYMSF1,0
D,DISPATCH,UNIT_SCADA,1,"2019/08/22 06:20:00",HDWF1,48
D,DISPATCH,UNIT_SCADA,1,"2019/08/22 06:20:00",HDWF2,52
D,DISPATCH,UNIT_SCADA,1,"2019/08/22 06:20:00",HDWF3,58.10
D,DISPATCH,UNIT_SCADA,1,"2019/08/22 06:20:00",HPRG1,0
D,DISPATCH,UNIT_SCADA,1,"2019/08/22 06:20:00",HPRL1,33.50
D,DISPATCH,UNIT_SCADA,1,"2019/08/22 06:20:00",HUMENSW,0
D,DISPATCH,UNIT_SCADA,1,"2019/08/22 06:20:00",HUMEV,9.20
D,DISPATCH,UNIT_SCADA,1,"2019/08/22 06:20:00",HVGTS,0
D,DISPATCH,UNIT_SCADA,1,"2019/08/22 06:20:00",JBUTTERS,130.239990
D,DISPATCH,UNIT_SCADA,1,"2019/08/22 06:20:00",JLA01,0.50
D,DISPATCH,UNIT_SCADA,1,"2019/08/22 06:20:00",JLA02,0
D,DISPATCH,UNIT_SCADA,1,"2019/08/22 06:20:00",JLA03,0.10
D,DISPATCH,UNIT_SCADA,1,"2019/08/22 06:20:00",JLA04,0.10
D,DISPATCH,UNIT_SCADA,1,"2019/08/22 06:20:00",JLB01,0
D,DISPATCH,UNIT_SCADA,1,"2019/08/22 06:20:00",JLB02,0.10
D,DISPATCH,UNIT_SCADA,1,"2019/08/22 06:20:00",JLB03,0
D,DISPATCH,UNIT_SCADA,1,"2019/08/22 06:20:00",KAREEYA1,21.5475
D,DISPATCH,UNIT_SCADA,1,"2019/08/22 06:20:00",KAREEYA2,21.62
D,DISPATCH,UNIT_SCADA,1,"2019/08/22 06:20:00",KAREEYA3,0
D,DISPATCH,UNIT_SCADA,1,"2019/08/22 06:20:00",KAREEYA4,21.7050
D,DISPATCH,UNIT_SCADA,1,"2019/08/22 06:20:00",KARSF1,0
D,DISPATCH,UNIT_SCADA,1,"2019/08/22 06:20:00",KIATAWF1,30.80
D,DISPATCH,UNIT_SCADA,1,"2019/08/22 06:20:00",KPP_1,0
D,DISPATCH,UNIT_SCADA,1,"2019/08/22 06:20:00",KSP1,0
D,DISPATCH,UNIT_SCADA,1,"2019/08/22 06:20:00",LADBROK1,0
D,DISPATCH,UNIT_SCADA,1,"2019/08/22 06:20:00",LADBROK2,0
D,DISPATCH,UNIT_SCADA,1,"2019/08/22 06:20:00",LD01,352.031250
D,DISPATCH,UNIT_SCADA,1,"2019/08/22 06:20:00",LD02,349.125030
D,DISPATCH,UNIT_SCADA,1,"2019/08/22 06:20:00",LD03,348.918730
D,DISPATCH,UNIT_SCADA,1,"2019/08/22 06:20:00",LD04,351.018770
D,DISPATCH,UNIT_SCADA,1,"2019/08/22 06:20:00",LEM_WIL,86.1945
D,DISPATCH,UNIT_SCADA,1,"2019/08/22 06:20:00",LGAPWF1,7.35
D,DISPATCH,UNIT_SCADA,1,"2019/08/22 06:20:00",LILYSF1,0
D,DISPATCH,UNIT_SCADA,1,"2019/08/22 06:20:00",LI_WY_CA,148.974350
D,DISPATCH,UNIT_SCADA,1,"2019/08/22 06:20:00",LKBONNY2,133.053070
D,DISPATCH,UNIT_SCADA,1,"2019/08/22 06:20:00",LKBONNY3,33.604850
D,DISPATCH,UNIT_SCADA,1,"2019/08/22 06:20:00",LK_ECHO,0
D,DISPATCH,UNIT_SCADA,1,"2019/08/22 06:20:00",LNGS1,0
D,DISPATCH,UNIT_SCADA,1,"2019/08/22 06:20:00",LNGS2,0
D,DISPATCH,UNIT_SCADA,1,"2019/08/22 06:20:00",LONSDALE,0
D,DISPATCH,UNIT_SCADA,1,"2019/08/22 06:20:00",LOYYB1,533.456970
D,DISPATCH,UNIT_SCADA,1,"2019/08/22 06:20:00",LOYYB2,580.8266
D,DISPATCH,UNIT_SCADA,1,"2019/08/22 06:20:00",LYA1,560
D,DISPATCH,UNIT_SCADA,1,"2019/08/22 06:20:00",LYA2,0
D,DISPATCH,UNIT_SCADA,1,"2019/08/22 06:20:00",LYA3,558
D,DISPATCH,UNIT_SCADA,1,"2019/08/22 06:20:00",LYA4,529
D,DISPATCH,UNIT_SCADA,1,"2019/08/22 06:20:00",MACARTH1,301.493040
D,DISPATCH,UNIT_SCADA,1,"2019/08/22 06:20:00",MACKAYGT,0
D,DISPATCH,UNIT_SCADA,1,"2019/08/22 06:20:00",MACKNTSH,85.650010
D,DISPATCH,UNIT_SCADA,1,"2019/08/22 06:20:00",MANSLR1,0
D,DISPATCH,UNIT_SCADA,1,"2019/08/22 06:20:00",MCKAY1,0.02
D,DISPATCH,UNIT_SCADA,1,"2019/08/22 06:20:00",MEADOWBK,33.953040
D,DISPATCH,UNIT_SCADA,1,"2019/08/22 06:20:00",MERCER01,91.2530
D,DISPATCH,UNIT_SCADA,1,"2019/08/22 06:20:00",MEWF1,61.3376
D,DISPATCH,UNIT_SCADA,1,"2019/08/22 06:20:00",MINTARO,0
D,DISPATCH,UNIT_SCADA,1,"2019/08/22 06:20:00",MOREESF1,0
D,DISPATCH,UNIT_SCADA,1,"2019/08/22 06:20:00",MORTLK11,0
D,DISPATCH,UNIT_SCADA,1,"2019/08/22 06:20:00",MORTLK12,0
D,DISPATCH,UNIT_SCADA,1,"2019/08/22 06:20:00",MP1,287.775020
D,DISPATCH,UNIT_SCADA,1,"2019/08/22 06:20:00",MP2,0
D,DISPATCH,UNIT_SCADA,1,"2019/08/22 06:20:00",MPP_1,420
D,DISPATCH,UNIT_SCADA,1,"2019/08/22 06:20:00",MPP_2,432.50
D,DISPATCH,UNIT_SCADA,1,"2019/08/22 06:20:00",MSTUART1,0
D,DISPATCH,UNIT_SCADA,1,"2019/08/22 06:20:00",MSTUART2,0
D,DISPATCH,UNIT_SCADA,1,"2019/08/22 06:20:00",MSTUART3,0
D,DISPATCH,UNIT_SCADA,1,"2019/08/22 06:20:00",MTGELWF1,64.1499
D,DISPATCH,UNIT_SCADA,1,"2019/08/22 06:20:00",MURRAY,29.90
D,DISPATCH,UNIT_SCADA,1,"2019/08/22 06:20:00",MUSSELR1,152.80
D,DISPATCH,UNIT_SCADA,1,"2019/08/22 06:20:00",MUWAWF1,55.20
D,DISPATCH,UNIT_SCADA,1,"2019/08/22 06:20:00",NBHWF1,104.30
D,DISPATCH,UNIT_SCADA,1,"2019/08/22 06:20:00",NPS,0
D,DISPATCH,UNIT_SCADA,1,"2019/08/22 06:20:00",NUMURSF1,0
D,DISPATCH,UNIT_SCADA,1,"2019/08/22 06:20:00",NYNGAN1,0
D,DISPATCH,UNIT_SCADA,1,"2019/08/22 06:20:00",OAKEY1,0
D,DISPATCH,UNIT_SCADA,1,"2019/08/22 06:20:00",OAKEY1SF,0
D,DISPATCH,UNIT_SCADA,1,"2019/08/22 06:20:00",OAKEY2,0
D,DISPATCH,UNIT_SCADA,1,"2019/08/22 06:20:00",OAKLAND1,55.80
D,DISPATCH,UNIT_SCADA,1,"2019/08/22 06:20:00",OSB-AG,0
D,DISPATCH,UNIT_SCADA,1,"2019/08/22 06:20:00",PARSF1,0
D,DISPATCH,UNIT_SCADA,1,"2019/08/22 06:20:00",POAT110,0
D,DISPATCH,UNIT_SCADA,1,"2019/08/22 06:20:00",POAT220,0
D,DISPATCH,UNIT_SCADA,1,"2019/08/22 06:20:00",POR01,0
D,DISPATCH,UNIT_SCADA,1,"2019/08/22 06:20:00",POR03,0
D,DISPATCH,UNIT_SCADA,1,"2019/08/22 06:20:00",PPCCGT,223.213940
D,DISPATCH,UNIT_SCADA,1,"2019/08/22 06:20:00",PTSTAN1,0
D,DISPATCH,UNIT_SCADA,1,"2019/08/22 06:20:00",PUMP1,0
D,DISPATCH,UNIT_SCADA,1,"2019/08/22 06:20:00",PUMP2,0
D,DISPATCH,UNIT_SCADA,1,"2019/08/22 06:20:00",QPS1,0
D,DISPATCH,UNIT_SCADA,1,"2019/08/22 06:20:00",QPS2,0
D,DISPATCH,UNIT_SCADA,1,"2019/08/22 06:20:00",QPS3,0
D,DISPATCH,UNIT_SCADA,1,"2019/08/22 06:20:00",QPS4,0
D,DISPATCH,UNIT_SCADA,1,"2019/08/22 06:20:00",QPS5,0
D,DISPATCH,UNIT_SCADA,1,"2019/08/22 06:20:00",REECE1,118.300010
D,DISPATCH,UNIT_SCADA,1,"2019/08/22 06:20:00",REECE2,117.330010
D,DISPATCH,UNIT_SCADA,1,"2019/08/22 06:20:00",ROMA_7,0
D,DISPATCH,UNIT_SCADA,1,"2019/08/22 06:20:00",ROMA_8,0
D,DISPATCH,UNIT_SCADA,1,"2019/08/22 06:20:00",RRSF1,0
D,DISPATCH,UNIT_SCADA,1,"2019/08/22 06:20:00",RT_NSW1,0
D,DISPATCH,UNIT_SCADA,1,"2019/08/22 06:20:00",RT_NSW2,0
D,DISPATCH,UNIT_SCADA,1,"2019/08/22 06:20:00",RT_NSW3,0
D,DISPATCH,UNIT_SCADA,1,"2019/08/22 06:20:00",RT_NSW4,0
D,DISPATCH,UNIT_SCADA,1,"2019/08/22 06:20:00",RT_NSW5,0
D,DISPATCH,UNIT_SCADA,1,"2019/08/22 06:20:00",RT_NSW6,0
D,DISPATCH,UNIT_SCADA,1,"2019/08/22 06:20:00",RT_QLD1,0
D,DISPATCH,UNIT_SCADA,1,"2019/08/22 06:20:00",RT_SA1,0
D,DISPATCH,UNIT_SCADA,1,"2019/08/22 06:20:00",RT_SA2,0
D,DISPATCH,UNIT_SCADA,1,"2019/08/22 06:20:00",RT_SA3,0
D,DISPATCH,UNIT_SCADA,1,"2019/08/22 06:20:00",RT_SA4,0
D,DISPATCH,UNIT_SCADA,1,"2019/08/22 06:20:00",RT_SA5,0
D,DISPATCH,UNIT_SCADA,1,"2019/08/22 06:20:00",RT_SA6,0
D,DISPATCH,UNIT_SCADA,1,"2019/08/22 06:20:00",RT_TAS1,0
D,DISPATCH,UNIT_SCADA,1,"2019/08/22 06:20:00",RT_VIC1,0
D,DISPATCH,UNIT_SCADA,1,"2019/08/22 06:20:00",RT_VIC10,0
D,DISPATCH,UNIT_SCADA,1,"2019/08/22 06:20:00",RT_VIC11,0
D,DISPATCH,UNIT_SCADA,1,"2019/08/22 06:20:00",RT_VIC12,0
D,DISPATCH,UNIT_SCADA,1,"2019/08/22 06:20:00",RT_VIC2,0
D,DISPATCH,UNIT_SCADA,1,"2019/08/22 06:20:00",RT_VIC3,0
D,DISPATCH,UNIT_SCADA,1,"2019/08/22 06:20:00",RT_VIC4,0
D,DISPATCH,UNIT_SCADA,1,"2019/08/22 06:20:00",RT_VIC5,0
D,DISPATCH,UNIT_SCADA,1,"2019/08/22 06:20:00",RT_VIC6,0
D,DISPATCH,UNIT_SCADA,1,"2019/08/22 06:20:00",RT_VIC7,0
D,DISPATCH,UNIT_SCADA,1,"2019/08/22 06:20:00",RT_VIC8,0
D,DISPATCH,UNIT_SCADA,1,"2019/08/22 06:20:00",RT_VIC9,0
D,DISPATCH,UNIT_SCADA,1,"2019/08/22 06:20:00",RUGBYR1,0
D,DISPATCH,UNIT_SCADA,1,"2019/08/22 06:20:00",SALTCRK1,43.61
D,DISPATCH,UNIT_SCADA,1,"2019/08/22 06:20:00",SAPHWF1,206.278110
D,DISPATCH,UNIT_SCADA,1,"2019/08/22 06:20:00",SHGEN,0
D,DISPATCH,UNIT_SCADA,1,"2019/08/22 06:20:00",SHPUMP,0
D,DISPATCH,UNIT_SCADA,1,"2019/08/22 06:20:00",SITHE01,0.153860
D,DISPATCH,UNIT_SCADA,1,"2019/08/22 06:20:00",SMCSF1,0
D,DISPATCH,UNIT_SCADA,1,"2019/08/22 06:20:00",SNOWNTH1,25.40
D,DISPATCH,UNIT_SCADA,1,"2019/08/22 06:20:00",SNOWSTH1,29.70
D,DISPATCH,UNIT_SCADA,1,"2019/08/22 06:20:00",SNOWTWN1,15.934880
D,DISPATCH,UNIT_SCADA,1,"2019/08/22 06:20:00",SNOWYP,0
D,DISPATCH,UNIT_SCADA,1,"2019/08/22 06:20:00",SNUG1,0.019440
D,DISPATCH,UNIT_SCADA,1,"2019/08/22 06:20:00",SRSF1,0.44
D,DISPATCH,UNIT_SCADA,1,"2019/08/22 06:20:00",STAN-1,0
D,DISPATCH,UNIT_SCADA,1,"2019/08/22 06:20:00",STAN-2,250.934070
D,DISPATCH,UNIT_SCADA,1,"2019/08/22 06:20:00",STAN-3,275.595520
D,DISPATCH,UNIT_SCADA,1,"2019/08/22 06:20:00",STAN-4,245.832580
D,DISPATCH,UNIT_SCADA,1,"2019/08/22 06:20:00",STWF1,163.856260
D,DISPATCH,UNIT_SCADA,1,"2019/08/22 06:20:00",SWAN_E,0
D,DISPATCH,UNIT_SCADA,1,"2019/08/22 06:20:00",TALWA1,413
D,DISPATCH,UNIT_SCADA,1,"2019/08/22 06:20:00",TARALGA1,64.072490
D,DISPATCH,UNIT_SCADA,1,"2019/08/22 06:20:00",TARONG#1,315.200010
D,DISPATCH,UNIT_SCADA,1,"2019/08/22 06:20:00",TARONG#2,303.600010
D,DISPATCH,UNIT_SCADA,1,"2019/08/22 06:20:00",TARONG#3,260.899990
D,DISPATCH,UNIT_SCADA,1,"2019/08/22 06:20:00",TARONG#4,315.899990
D,DISPATCH,UNIT_SCADA,1,"2019/08/22 06:20:00",TARRALEA,83.90
D,DISPATCH,UNIT_SCADA,1,"2019/08/22 06:20:00",TBSF1,-0.20
D,DISPATCH,UNIT_SCADA,1,"2019/08/22 06:20:00",TNPS1,220.000020
D,DISPATCH,UNIT_SCADA,1,"2019/08/22 06:20:00",TORRA1,53.653670
D,DISPATCH,UNIT_SCADA,1,"2019/08/22 06:20:00",TORRA2,0
D,DISPATCH,UNIT_SCADA,1,"2019/08/22 06:20:00",TORRA3,15.081220
D,DISPATCH,UNIT_SCADA,1,"2019/08/22 06:20:00",TORRA4,0
D,DISPATCH,UNIT_SCADA,1,"2019/08/22 06:20:00",TORRB1,58.81
D,DISPATCH,UNIT_SCADA,1,"2019/08/22 06:20:00",TORRB2,60.22
D,DISPATCH,UNIT_SCADA,1,"2019/08/22 06:20:00",TORRB3,0
D,DISPATCH,UNIT_SCADA,1,"2019/08/22 06:20:00",TORRB4,0
D,DISPATCH,UNIT_SCADA,1,"2019/08/22 06:20:00",TREVALLN,21.430030
D,DISPATCH,UNIT_SCADA,1,"2019/08/22 06:20:00",TRIBUTE,83.91
D,DISPATCH,UNIT_SCADA,1,"2019/08/22 06:20:00",TUMUT3,0
D,DISPATCH,UNIT_SCADA,1,"2019/08/22 06:20:00",TUNGATIN,106.770030
D,DISPATCH,UNIT_SCADA,1,"2019/08/22 06:20:00",TVCC201,0
D,DISPATCH,UNIT_SCADA,1,"2019/08/22 06:20:00",TVPP104,0
D,DISPATCH,UNIT_SCADA,1,"2019/08/22 06:20:00",UPPTUMUT,0
D,DISPATCH,UNIT_SCADA,1,"2019/08/22 06:20:00",URANQ11,0
D,DISPATCH,UNIT_SCADA,1,"2019/08/22 06:20:00",URANQ12,0
D,DISPATCH,UNIT_SCADA,1,"2019/08/22 06:20:00",URANQ13,0
D,DISPATCH,UNIT_SCADA,1,"2019/08/22 06:20:00",URANQ14,0
D,DISPATCH,UNIT_SCADA,1,"2019/08/22 06:20:00",VP5,463.024990
D,DISPATCH,UNIT_SCADA,1,"2019/08/22 06:20:00",VP6,536.75
D,DISPATCH,UNIT_SCADA,1,"2019/08/22 06:20:00",VPGS1,0
D,DISPATCH,UNIT_SCADA,1,"2019/08/22 06:20:00",VPGS2,0
D,DISPATCH,UNIT_SCADA,1,"2019/08/22 06:20:00",VPGS3,0
D,DISPATCH,UNIT_SCADA,1,"2019/08/22 06:20:00",VPGS4,0
D,DISPATCH,UNIT_SCADA,1,"2019/08/22 06:20:00",VPGS5,0
D,DISPATCH,UNIT_SCADA,1,"2019/08/22 06:20:00",VPGS6,0
D,DISPATCH,UNIT_SCADA,1,"2019/08/22 06:20:00",W/HOE#1,0
D,DISPATCH,UNIT_SCADA,1,"2019/08/22 06:20:00",W/HOE#2,0
D,DISPATCH,UNIT_SCADA,1,"2019/08/22 06:20:00",WATERLWF,95
D,DISPATCH,UNIT_SCADA,1,"2019/08/22 06:20:00",WEMENSF1,0
D,DISPATCH,UNIT_SCADA,1,"2019/08/22 06:20:00",WGWF1,97
D,DISPATCH,UNIT_SCADA,1,"2019/08/22 06:20:00",WHITSF1,0
D,DISPATCH,UNIT_SCADA,1,"2019/08/22 06:20:00",WKIEWA1,0
D,DISPATCH,UNIT_SCADA,1,"2019/08/22 06:20:00",WKIEWA2,16.40
D,DISPATCH,UNIT_SCADA,1,"2019/08/22 06:20:00",WOODLWN1,45.0990
D,DISPATCH,UNIT_SCADA,1,"2019/08/22 06:20:00",WRSF1,0
D,DISPATCH,UNIT_SCADA,1,"2019/08/22 06:20:00",WRWF1,166.421260
D,DISPATCH,UNIT_SCADA,1,"2019/08/22 06:20:00",YABULU,0
D,DISPATCH,UNIT_SCADA,1,"2019/08/22 06:20:00",YABULU2,0
D,DISPATCH,UNIT_SCADA,1,"2019/08/22 06:20:00",YARWUN_1,0
D,DISPATCH,UNIT_SCADA,1,"2019/08/22 06:20:00",YENDWF1,41.97
D,DISPATCH,UNIT_SCADA,1,"2019/08/22 06:20:00",YWPS1,338.3443
D,DISPATCH,UNIT_SCADA,1,"2019/08/22 06:20:00",YWPS2,278.693660
D,DISPATCH,UNIT_SCADA,1,"2019/08/22 06:20:00",YWPS3,0
D,DISPATCH,UNIT_SCADA,1,"2019/08/22 06:20:00",YWPS4,394.955690
C,"END OF REPORT",334
