C,NEMP.WORLD,DISPATCHSCADA,AEMO,PUBLIC,2019/08/21,15:10:10,0000000311830676,DISPATCHSCADA,0000000311830670
I,DISPATCH,UNIT_SCADA,1,SETTLEMENTDATE,DUID,SCADAVALUE
D,DISPATCH,UNIT_SCADA,1,"2019/08/21 15:15:00",BARCSF1,0.50
D,DISPATCH,UNIT_SCADA,1,"2019/08/21 15:15:00",BUTLERSG,9.599998
D,DISPATCH,UNIT_SCADA,1,"2019/08/21 15:15:00",CALL_A_4,0
D,DISPATCH,UNIT_SCADA,1,"2019/08/21 15:15:00",CAPTL_WF,133.039993
D,DISPATCH,UNIT_SCADA,1,"2019/08/21 15:15:00",CATHROCK,18.49
D,DISPATCH,UNIT_SCADA,1,"2019/08/21 15:15:00",CHALLHWF,44.900002
D,DISPATCH,UNIT_SCADA,1,"2019/08/21 15:15:00",CLOVER,-0.01
D,DISPATCH,UNIT_SCADA,1,"2019/08/21 15:15:00",CLUNY,20.035248
D,DISPATCH,UNIT_SCADA,1,"2019/08/21 15:15:00",CNUNDAWF,33.439011
D,DISPATCH,UNIT_SCADA,1,"2019/08/21 15:15:00",CULLRGWF,30.50
D,DISPATCH,UNIT_SCADA,1,"2019/08/21 15:15:00",ERGT01,0
D,DISPATCH,UNIT_SCADA,1,"2019/08/21 15:15:00",GB01,0.071041
D,DISPATCH,UNIT_SCADA,1,"2019/08/21 15:15:00",GERMCRK,34.900002
D,DISPATCH,UNIT_SCADA,1,"2019/08/21 15:15:00",GRIFSF1,18.799995
D,DISPATCH,UNIT_SCADA,1,"2019/08/21 15:15:00",HUGSF1,8.9930
D,DISPATCH,UNIT_SCADA,1,"2019/08/21 15:15:00",LKBONNY1,54.478710
D,DISPATCH,UNIT_SCADA,1,"2019/08/21 15:15:00",LRSF1,13.130001
D,DISPATCH,UNIT_SCADA,1,"2019/08/21 15:15:00",MBAHNTH,55.856247
D,DISPATCH,UNIT_SCADA,1,"2019/08/21 15:15:00",MLSP1,6.305001
D,DISPATCH,UNIT_SCADA,1,"2019/08/21 15:15:00",MLWF1,19.724998
D,DISPATCH,UNIT_SCADA,1,"2019/08/21 15:15:00",MTMILLAR,9.852297
D,DISPATCH,UNIT_SCADA,1,"2019/08/21 15:15:00",PALOONA,24.959999
D,DISPATCH,UNIT_SCADA,1,"2019/08/21 15:15:00",PIONEER,32.200001
D,DISPATCH,UNIT_SCADA,1,"2019/08/21 15:15:00",PORTWF,138.399994
D,DISPATCH,UNIT_SCADA,1,"2019/08/21 15:15:00",REPULSE,29.247883
D,DISPATCH,UNIT_SCADA,1,"2019/08/21 15:15:00",ROWALLAN,10.2524
D,DISPATCH,UNIT_SCADA,1,"2019/08/21 15:15:00",ROYALLA1,12.874001
D,DISPATCH,UNIT_SCADA,1,"2019/08/21 15:15:00",RPCG,11.30
D,DISPATCH,UNIT_SCADA,1,"2019/08/21 15:15:00",RUBICON,0
D,DISPATCH,UNIT_SCADA,1,"2019/08/21 15:15:00",SATGN1,0
D,DISPATCH,UNIT_SCADA,1,"2019/08/21 15:15:00",SATGS1,0
D,DISPATCH,UNIT_SCADA,1,"2019/08/21 15:15:00",STARHLWF,6.798018
D,DISPATCH,UNIT_SCADA,1,"2019/08/21 15:15:00",WAUBRAWF,175.936005
D,DISPATCH,UNIT_SCADA,1,"2019/08/21 15:15:00",WOOLNTH1,131.570023
D,DISPATCH,UNIT_SCADA,1,"2019/08/21 15:15:00",WPWF,70
D,DISPATCH,UNIT_SCADA,1,"2019/08/21 15:15:00",YAMBUKWF,29.200001
D,DISPATCH,UNIT_SCADA,1,"2019/08/21 15:15:00",YSWF1,28.60
D,DISPATCH,UNIT_SCADA,1,"2019/08/21 15:15:00",AGLHAL,0
D,DISPATCH,UNIT_SCADA,1,"2019/08/21 15:15:00",AGLSOM,0
D,DISPATCH,UNIT_SCADA,1,"2019/08/21 15:15:00",ANGAST1,0
D,DISPATCH,UNIT_SCADA,1,"2019/08/21 15:15:00",ARWF1,186.399990
D,DISPATCH,UNIT_SCADA,1,"2019/08/21 15:15:00",BALBG1,0
D,DISPATCH,UNIT_SCADA,1,"2019/08/21 15:15:00",BALBL1,0
D,DISPATCH,UNIT_SCADA,1,"2019/08/21 15:15:00",BALDHWF1,101.1920
D,DISPATCH,UNIT_SCADA,1,"2019/08/21 15:15:00",BANN1,21.85
D,DISPATCH,UNIT_SCADA,1,"2019/08/21 15:15:00",BARCALDN,0
D,DISPATCH,UNIT_SCADA,1,"2019/08/21 15:15:00",BARRON-1,0
D,DISPATCH,UNIT_SCADA,1,"2019/08/21 15:15:00",BARRON-2,24.84
D,DISPATCH,UNIT_SCADA,1,"2019/08/21 15:15:00",BASTYAN,78.600010
D,DISPATCH,UNIT_SCADA,1,"2019/08/21 15:15:00",BBTHREE1,-1.94
D,DISPATCH,UNIT_SCADA,1,"2019/08/21 15:15:00",BBTHREE2,-1.99
D,DISPATCH,UNIT_SCADA,1,"2019/08/21 15:15:00",BBTHREE3,-1.07
D,DISPATCH,UNIT_SCADA,1,"2019/08/21 15:15:00",BDL01,0
D,DISPATCH,UNIT_SCADA,1,"2019/08/21 15:15:00",BDL02,0
D,DISPATCH,UNIT_SCADA,1,"2019/08/21 15:15:00",BERYLSF1,45.740250
D,DISPATCH,UNIT_SCADA,1,"2019/08/21 15:15:00",BLOWERNG,0
D,DISPATCH,UNIT_SCADA,1,"2019/08/21 15:15:00",BLUFF1,20.90
D,DISPATCH,UNIT_SCADA,1,"2019/08/21 15:15:00",BNGSF1,95.09
D,DISPATCH,UNIT_SCADA,1,"2019/08/21 15:15:00",BNGSF2,20
D,DISPATCH,UNIT_SCADA,1,"2019/08/21 15:15:00",BOCORWF1,107.77
D,DISPATCH,UNIT_SCADA,1,"2019/08/21 15:15:00",BODWF1,99.050390
D,DISPATCH,UNIT_SCADA,1,"2019/08/21 15:15:00",BRAEMAR1,0
D,DISPATCH,UNIT_SCADA,1,"2019/08/21 15:15:00",BRAEMAR2,0
D,DISPATCH,UNIT_SCADA,1,"2019/08/21 15:15:00",BRAEMAR3,0
D,DISPATCH,UNIT_SCADA,1,"2019/08/21 15:15:00",BRAEMAR5,0
D,DISPATCH,UNIT_SCADA,1,"2019/08/21 15:15:00",BRAEMAR6,0
D,DISPATCH,UNIT_SCADA,1,"2019/08/21 15:15:00",BRAEMAR7,0
D,DISPATCH,UNIT_SCADA,1,"2019/08/21 15:15:00",BROKENH1,41.777830
D,DISPATCH,UNIT_SCADA,1,"2019/08/21 15:15:00",BW01,351.974980
D,DISPATCH,UNIT_SCADA,1,"2019/08/21 15:15:00",BW02,356.474980
D,DISPATCH,UNIT_SCADA,1,"2019/08/21 15:15:00",BW03,359.525020
D,DISPATCH,UNIT_SCADA,1,"2019/08/21 15:15:00",BW04,0
D,DISPATCH,UNIT_SCADA,1,"2019/08/21 15:15:00",CALL_B_1,280.300020
D,DISPATCH,UNIT_SCADA,1,"2019/08/21 15:15:00",CALL_B_2,349.200010
D,DISPATCH,UNIT_SCADA,1,"2019/08/21 15:15:00",CETHANA,0
D,DISPATCH,UNIT_SCADA,1,"2019/08/21 15:15:00",CG1,0
D,DISPATCH,UNIT_SCADA,1,"2019/08/21 15:15:00",CG2,0
D,DISPATCH,UNIT_SCADA,1,"2019/08/21 15:15:00",CG3,0
D,DISPATCH,UNIT_SCADA,1,"2019/08/21 15:15:00",CG4,0
D,DISPATCH,UNIT_SCADA,1,"2019/08/21 15:15:00",CHILDSF1,40.04
D,DISPATCH,UNIT_SCADA,1,"2019/08/21 15:15:00",CLARESF1,42.1376
D,DISPATCH,UNIT_SCADA,1,"2019/08/21 15:15:00",CLEMGPWF,26.436850
D,DISPATCH,UNIT_SCADA,1,"2019/08/21 15:15:00",CLERMSF1,14.77
D,DISPATCH,UNIT_SCADA,1,"2019/08/21 15:15:00",COLEASF1,81.70
D,DISPATCH,UNIT_SCADA,1,"2019/08/21 15:15:00",COOPGWF1,24.075880
D,DISPATCH,UNIT_SCADA,1,"2019/08/21 15:15:00",CPP_3,238.700010
D,DISPATCH,UNIT_SCADA,1,"2019/08/21 15:15:00",CPP_4,300.024990
D,DISPATCH,UNIT_SCADA,1,"2019/08/21 15:15:00",CPSA,142.558750
D,DISPATCH,UNIT_SCADA,1,"2019/08/21 15:15:00",CROOKWF2,86.853740
D,DISPATCH,UNIT_SCADA,1,"2019/08/21 15:15:00",CROWLWF1,37.056510
D,DISPATCH,UNIT_SCADA,1,"2019/08/21 15:15:00",CSPVPS1,30.3550
D,DISPATCH,UNIT_SCADA,1,"2019/08/21 15:15:00",DALNTH01,0.013730
D,DISPATCH,UNIT_SCADA,1,"2019/08/21 15:15:00",DALNTHL1,0.013730
D,DISPATCH,UNIT_SCADA,1,"2019/08/21 15:15:00",DARTM1,0
D,DISPATCH,UNIT_SCADA,1,"2019/08/21 15:15:00",DAYDSF1,109.874010
D,DISPATCH,UNIT_SCADA,1,"2019/08/21 15:15:00",DDPS1,0
D,DISPATCH,UNIT_SCADA,1,"2019/08/21 15:15:00",DDSF1,76.328960
D,DISPATCH,UNIT_SCADA,1,"2019/08/21 15:15:00",DEVILS_G,0
D,DISPATCH,UNIT_SCADA,1,"2019/08/21 15:15:00",DG_NSW1,0
D,DISPATCH,UNIT_SCADA,1,"2019/08/21 15:15:00",DG_QLD1,0
D,DISPATCH,UNIT_SCADA,1,"2019/08/21 15:15:00",DG_SA1,0
D,DISPATCH,UNIT_SCADA,1,"2019/08/21 15:15:00",DG_TAS1,0
D,DISPATCH,UNIT_SCADA,1,"2019/08/21 15:15:00",DG_VIC1,0
D,DISPATCH,UNIT_SCADA,1,"2019/08/21 15:15:00",DRYCGT1,0
D,DISPATCH,UNIT_SCADA,1,"2019/08/21 15:15:00",DRYCGT2,0
D,DISPATCH,UNIT_SCADA,1,"2019/08/21 15:15:00",DRYCGT3,0
D,DISPATCH,UNIT_SCADA,1,"2019/08/21 15:15:00",EILDON1,0
D,DISPATCH,UNIT_SCADA,1,"2019/08/21 15:15:00",EILDON2,0
D,DISPATCH,UNIT_SCADA,1,"2019/08/21 15:15:00",EMERASF1,63.22
D,DISPATCH,UNIT_SCADA,1,"2019/08/21 15:15:00",ER01,357.724980
D,DISPATCH,UNIT_SCADA,1,"2019/08/21 15:15:00",ER02,358.950070
D,DISPATCH,UNIT_SCADA,1,"2019/08/21 15:15:00",ER03,700.50
D,DISPATCH,UNIT_SCADA,1,"2019/08/21 15:15:00",ER04,358.3750
D,DISPATCH,UNIT_SCADA,1,"2019/08/21 15:15:00",FINLYSF1,0.6075
D,DISPATCH,UNIT_SCADA,1,"2019/08/21 15:15:00",FISHER,45.91
D,DISPATCH,UNIT_SCADA,1,"2019/08/21 15:15:00",GANNBG1,0
D,DISPATCH,UNIT_SCADA,1,"2019/08/21 15:15:00",GANNBL1,9.158280
D,DISPATCH,UNIT_SCADA,1,"2019/08/21 15:15:00",GANNSF1,43.50
D,DISPATCH,UNIT_SCADA,1,"2019/08/21 15:15:00",GORDON,6.394080
D,DISPATCH,UNIT_SCADA,1,"2019/08/21 15:15:00",GSTONE1,110.0750
D,DISPATCH,UNIT_SCADA,1,"2019/08/21 15:15:00",GSTONE2,110.4250
D,DISPATCH,UNIT_SCADA,1,"2019/08/21 15:15:00",GSTONE3,109.90
D,DISPATCH,UNIT_SCADA,1,"2019/08/21 15:15:00",GSTONE4,127.5750
D,DISPATCH,UNIT_SCADA,1,"2019/08/21 15:15:00",GSTONE5,125.30
D,DISPATCH,UNIT_SCADA,1,"2019/08/21 15:15:00",GSTONE6,0
D,DISPATCH,UNIT_SCADA,1,"2019/08/21 15:15:00",GULLRSF1,1.075160
D,DISPATCH,UNIT_SCADA,1,"2019/08/21 15:15:00",GULLRWF1,159.575290
D,DISPATCH,UNIT_SCADA,1,"2019/08/21 15:15:00",GUNNING1,41.253590
D,DISPATCH,UNIT_SCADA,1,"2019/08/21 15:15:00",GUTHEGA,0
D,DISPATCH,UNIT_SCADA,1,"2019/08/21 15:15:00",HALLWF1,83.29
D,DISPATCH,UNIT_SCADA,1,"2019/08/21 15:15:00",HALLWF2,35.76
D,DISPATCH,UNIT_SCADA,1,"2019/08/21 15:15:00",HAMISF1,45.40
D,DISPATCH,UNIT_SCADA,1,"2019/08/21 15:15:00",HAUGHT11,49.979390
D,DISPATCH,UNIT_SCADA,1,"2019/08/21 15:15:00",HAYMSF1,38.7120
D,DISPATCH,UNIT_SCADA,1,"2019/08/21 15:15:00",HDWF1,42.70
D,DISPATCH,UNIT_SCADA,1,"2019/08/21 15:15:00",HDWF2,38.60
D,DISPATCH,UNIT_SCADA,1,"2019/08/21 15:15:00",HDWF3,48.80
D,DISPATCH,UNIT_SCADA,1,"2019/08/21 15:15:00",HPRG1,0
D,DISPATCH,UNIT_SCADA,1,"2019/08/21 15:15:00",HPRL1,17.40
D,DISPATCH,UNIT_SCADA,1,"2019/08/21 15:15:00",HUMENSW,0
D,DISPATCH,UNIT_SCADA,1,"2019/08/21 15:15:00",HUMEV,9.80
D,DISPATCH,UNIT_SCADA,1,"2019/08/21 15:15:00",HVGTS,0
D,DISPATCH,UNIT_SCADA,1,"2019/08/21 15:15:00",JBUTTERS,135.899990
D,DISPATCH,UNIT_SCADA,1,"2019/08/21 15:15:00",JLA01,0.50
D,DISPATCH,UNIT_SCADA,1,"2019/08/21 15:15:00",JLA02,0
D,DISPATCH,UNIT_SCADA,1,"2019/08/21 15:15:00",JLA03,0.10
D,DISPATCH,UNIT_SCADA,1,"2019/08/21 15:15:00",JLA04,0.10
D,DISPATCH,UNIT_SCADA,1,"2019/08/21 15:15:00",JLB01,0
D,DISPATCH,UNIT_SCADA,1,"2019/08/21 15:15:00",JLB02,0.10
D,DISPATCH,UNIT_SCADA,1,"2019/08/21 15:15:00",JLB03,0
D,DISPATCH,UNIT_SCADA,1,"2019/08/21 15:15:00",KAREEYA1,21.4775
D,DISPATCH,UNIT_SCADA,1,"2019/08/21 15:15:00",KAREEYA2,21.5650
D,DISPATCH,UNIT_SCADA,1,"2019/08/21 15:15:00",KAREEYA3,0
D,DISPATCH,UNIT_SCADA,1,"2019/08/21 15:15:00",KAREEYA4,21.72
D,DISPATCH,UNIT_SCADA,1,"2019/08/21 15:15:00",KARSF1,80.10
D,DISPATCH,UNIT_SCADA,1,"2019/08/21 15:15:00",KIATAWF1,30.30
D,DISPATCH,UNIT_SCADA,1,"2019/08/21 15:15:00",KPP_1,0
D,DISPATCH,UNIT_SCADA,1,"2019/08/21 15:15:00",KSP1,47.57
D,DISPATCH,UNIT_SCADA,1,"2019/08/21 15:15:00",LADBROK1,0
D,DISPATCH,UNIT_SCADA,1,"2019/08/21 15:15:00",LADBROK2,0
D,DISPATCH,UNIT_SCADA,1,"2019/08/21 15:15:00",LD01,353.9437
D,DISPATCH,UNIT_SCADA,1,"2019/08/21 15:15:00",LD02,302.100040
D,DISPATCH,UNIT_SCADA,1,"2019/08/21 15:15:00",LD03,324.5062
D,DISPATCH,UNIT_SCADA,1,"2019/08/21 15:15:00",LD04,353.962460
D,DISPATCH,UNIT_SCADA,1,"2019/08/21 15:15:00",LEM_WIL,85.870650
D,DISPATCH,UNIT_SCADA,1,"2019/08/21 15:15:00",LGAPWF1,5.04
D,DISPATCH,UNIT_SCADA,1,"2019/08/21 15:15:00",LILYSF1,94.371830
D,DISPATCH,UNIT_SCADA,1,"2019/08/21 15:15:00",LI_WY_CA,147.503130
D,DISPATCH,UNIT_SCADA,1,"2019/08/21 15:15:00",LKBONNY2,127.142290
D,DISPATCH,UNIT_SCADA,1,"2019/08/21 15:15:00",LKBONNY3,30.646290
D,DISPATCH,UNIT_SCADA,1,"2019/08/21 15:15:00",LK_ECHO,0
D,DISPATCH,UNIT_SCADA,1,"2019/08/21 15:15:00",LNGS1,0
D,DISPATCH,UNIT_SCADA,1,"2019/08/21 15:15:00",LNGS2,0
D,DISPATCH,UNIT_SCADA,1,"2019/08/21 15:15:00",LONSDALE,0
D,DISPATCH,UNIT_SCADA,1,"2019/08/21 15:15:00",LOYYB1,535.712650
D,DISPATCH,UNIT_SCADA,1,"2019/08/21 15:15:00",LOYYB2,582.330380
D,DISPATCH,UNIT_SCADA,1,"2019/08/21 15:15:00",LYA1,560
D,DISPATCH,UNIT_SCADA,1,"2019/08/21 15:15:00",LYA2,0
D,DISPATCH,UNIT_SCADA,1,"2019/08/21 15:15:00",LYA3,559
D,DISPATCH,UNIT_SCADA,1,"2019/08/21 15:15:00",LYA4,530
D,DISPATCH,UNIT_SCADA,1,"2019/08/21 15:15:00",MACARTH1,324.792510
D,DISPATCH,UNIT_SCADA,1,"2019/08/21 15:15:00",MACKAYGT,0
D,DISPATCH,UNIT_SCADA,1,"2019/08/21 15:15:00",MACKNTSH,85.580010
D,DISPATCH,UNIT_SCADA,1,"2019/08/21 15:15:00",MANSLR1,18.55
D,DISPATCH,UNIT_SCADA,1,"2019/08/21 15:15:00",MCKAY1,0.02
D,DISPATCH,UNIT_SCADA,1,"2019/08/21 15:15:00",MEADOWBK,34.124520
D,DISPATCH,UNIT_SCADA,1,"2019/08/21 15:15:00",MERCER01,126.1570
D,DISPATCH,UNIT_SCADA,1,"2019/08/21 15:15:00",MEWF1,57.368580
D,DISPATCH,UNIT_SCADA,1,"2019/08/21 15:15:00",MINTARO,0
D,DISPATCH,UNIT_SCADA,1,"2019/08/21 15:15:00",MOREESF1,49.6440
D,DISPATCH,UNIT_SCADA,1,"2019/08/21 15:15:00",MORTLK11,0
D,DISPATCH,UNIT_SCADA,1,"2019/08/21 15:15:00",MORTLK12,0
D,DISPATCH,UNIT_SCADA,1,"2019/08/21 15:15:00",MP1,283.224980
D,DISPATCH,UNIT_SCADA,1,"2019/08/21 15:15:00",MP2,0
D,DISPATCH,UNIT_SCADA,1,"2019/08/21 15:15:00",MPP_1,296.25
D,DISPATCH,UNIT_SCADA,1,"2019/08/21 15:15:00",MPP_2,398.75
D,DISPATCH,UNIT_SCADA,1,"2019/08/21 15:15:00",MSTUART1,0
D,DISPATCH,UNIT_SCADA,1,"2019/08/21 15:15:00",MSTUART2,0
D,DISPATCH,UNIT_SCADA,1,"2019/08/21 15:15:00",MSTUART3,0
D,DISPATCH,UNIT_SCADA,1,"2019/08/21 15:15:00",MTGELWF1,64.880830
D,DISPATCH,UNIT_SCADA,1,"2019/08/21 15:15:00",MURRAY,0
D,DISPATCH,UNIT_SCADA,1,"2019/08/21 15:15:00",MUSSELR1,64.399990
D,DISPATCH,UNIT_SCADA,1,"2019/08/21 15:15:00",MUWAWF1,55.99
D,DISPATCH,UNIT_SCADA,1,"2019/08/21 15:15:00",NBHWF1,83.10
D,DISPATCH,UNIT_SCADA,1,"2019/08/21 15:15:00",NPS,0
D,DISPATCH,UNIT_SCADA,1,"2019/08/21 15:15:00",NUMURSF1,65.70
D,DISPATCH,UNIT_SCADA,1,"2019/08/21 15:15:00",NYNGAN1,75.25
D,DISPATCH,UNIT_SCADA,1,"2019/08/21 15:15:00",OAKEY1,0
D,DISPATCH,UNIT_SCADA,1,"2019/08/21 15:15:00",OAKEY1SF,23.5740
D,DISPATCH,UNIT_SCADA,1,"2019/08/21 15:15:00",OAKEY2,0
D,DISPATCH,UNIT_SCADA,1,"2019/08/21 15:15:00",OAKLAND1,60.30
D,DISPATCH,UNIT_SCADA,1,"2019/08/21 15:15:00",OSB-AG,0
D,DISPATCH,UNIT_SCADA,1,"2019/08/21 15:15:00",PARSF1,40.70
D,DISPATCH,UNIT_SCADA,1,"2019/08/21 15:15:00",POAT110,0
D,DISPATCH,UNIT_SCADA,1,"2019/08/21 15:15:00",POAT220,4.295360
D,DISPATCH,UNIT_SCADA,1,"2019/08/21 15:15:00",POR01,0
D,DISPATCH,UNIT_SCADA,1,"2019/08/21 15:15:00",POR03,0
D,DISPATCH,UNIT_SCADA,1,"2019/08/21 15:15:00",PPCCGT,170.867780
D,DISPATCH,UNIT_SCADA,1,"2019/08/21 15:15:00",PTSTAN1,0
D,DISPATCH,UNIT_SCADA,1,"2019/08/21 15:15:00",PUMP1,0
D,DISPATCH,UNIT_SCADA,1,"2019/08/21 15:15:00",PUMP2,0
D,DISPATCH,UNIT_SCADA,1,"2019/08/21 15:15:00",QPS1,0
D,DISPATCH,UNIT_SCADA,1,"2019/08/21 15:15:00",QPS2,0
D,DISPATCH,UNIT_SCADA,1,"2019/08/21 15:15:00",QPS3,0
D,DISPATCH,UNIT_SCADA,1,"2019/08/21 15:15:00",QPS4,0
D,DISPATCH,UNIT_SCADA,1,"2019/08/21 15:15:00",QPS5,0
D,DISPATCH,UNIT_SCADA,1,"2019/08/21 15:15:00",REECE1,116.63
D,DISPATCH,UNIT_SCADA,1,"2019/08/21 15:15:00",REECE2,116.730010
D,DISPATCH,UNIT_SCADA,1,"2019/08/21 15:15:00",ROMA_7,0
D,DISPATCH,UNIT_SCADA,1,"2019/08/21 15:15:00",ROMA_8,0
D,DISPATCH,UNIT_SCADA,1,"2019/08/21 15:15:00",RRSF1,112.721660
D,DISPATCH,UNIT_SCADA,1,"2019/08/21 15:15:00",RT_NSW1,0
D,DISPATCH,UNIT_SCADA,1,"2019/08/21 15:15:00",RT_NSW2,0
D,DISPATCH,UNIT_SCADA,1,"2019/08/21 15:15:00",RT_NSW3,0
D,DISPATCH,UNIT_SCADA,1,"2019/08/21 15:15:00",RT_NSW4,0
D,DISPATCH,UNIT_SCADA,1,"2019/08/21 15:15:00",RT_NSW5,0
D,DISPATCH,UNIT_SCADA,1,"2019/08/21 15:15:00",RT_NSW6,0
D,DISPATCH,UNIT_SCADA,1,"2019/08/21 15:15:00",RT_QLD1,0
D,DISPATCH,UNIT_SCADA,1,"2019/08/21 15:15:00",RT_SA1,0
D,DISPATCH,UNIT_SCADA,1,"2019/08/21 15:15:00",RT_SA2,0
D,DISPATCH,UNIT_SCADA,1,"2019/08/21 15:15:00",RT_SA3,0
D,DISPATCH,UNIT_SCADA,1,"2019/08/21 15:15:00",RT_SA4,0
D,DISPATCH,UNIT_SCADA,1,"2019/08/21 15:15:00",RT_SA5,0
D,DISPATCH,UNIT_SCADA,1,"2019/08/21 15:15:00",RT_SA6,0
D,DISPATCH,UNIT_SCADA,1,"2019/08/21 15:15:00",RT_TAS1,0
D,DISPATCH,UNIT_SCADA,1,"2019/08/21 15:15:00",RT_VIC1,0
D,DISPATCH,UNIT_SCADA,1,"2019/08/21 15:15:00",RT_VIC10,0
D,DISPATCH,UNIT_SCADA,1,"2019/08/21 15:15:00",RT_VIC11,0
D,DISPATCH,UNIT_SCADA,1,"2019/08/21 15:15:00",RT_VIC12,0
D,DISPATCH,UNIT_SCADA,1,"2019/08/21 15:15:00",RT_VIC2,0
D,DISPATCH,UNIT_SCADA,1,"2019/08/21 15:15:00",RT_VIC3,0
D,DISPATCH,UNIT_SCADA,1,"2019/08/21 15:15:00",RT_VIC4,0
D,DISPATCH,UNIT_SCADA,1,"2019/08/21 15:15:00",RT_VIC5,0
D,DISPATCH,UNIT_SCADA,1,"2019/08/21 15:15:00",RT_VIC6,0
D,DISPATCH,UNIT_SCADA,1,"2019/08/21 15:15:00",RT_VIC7,0
D,DISPATCH,UNIT_SCADA,1,"2019/08/21 15:15:00",RT_VIC8,0
D,DISPATCH,UNIT_SCADA,1,"2019/08/21 15:15:00",RT_VIC9,0
D,DISPATCH,UNIT_SCADA,1,"2019/08/21 15:15:00",RUGBYR1,44.707840
D,DISPATCH,UNIT_SCADA,1,"2019/08/21 15:15:00",SALTCRK1,44.54
D,DISPATCH,UNIT_SCADA,1,"2019/08/21 15:15:00",SAPHWF1,182.943760
D,DISPATCH,UNIT_SCADA,1,"2019/08/21 15:15:00",SHGEN,0
D,DISPATCH,UNIT_SCADA,1,"2019/08/21 15:15:00",SHPUMP,200
D,DISPATCH,UNIT_SCADA,1,"2019/08/21 15:15:00",SITHE01,0.005650
D,DISPATCH,UNIT_SCADA,1,"2019/08/21 15:15:00",SMCSF1,66.717170
D,DISPATCH,UNIT_SCADA,1,"2019/08/21 15:15:00",SNOWNTH1,75
D,DISPATCH,UNIT_SCADA,1,"2019/08/21 15:15:00",SNOWSTH1,83.399990
D,DISPATCH,UNIT_SCADA,1,"2019/08/21 15:15:00",SNOWTWN1,51.914170
D,DISPATCH,UNIT_SCADA,1,"2019/08/21 15:15:00",SNOWYP,0
D,DISPATCH,UNIT_SCADA,1,"2019/08/21 15:15:00",SNUG1,0.019440
D,DISPATCH,UNIT_SCADA,1,"2019/08/21 15:15:00",SRSF1,34.55
D,DISPATCH,UNIT_SCADA,1,"2019/08/21 15:15:00",STAN-1,0
D,DISPATCH,UNIT_SCADA,1,"2019/08/21 15:15:00",STAN-2,279.863860
D,DISPATCH,UNIT_SCADA,1,"2019/08/21 15:15:00",STAN-3,279.569030
D,DISPATCH,UNIT_SCADA,1,"2019/08/21 15:15:00",STAN-4,279.4024
D,DISPATCH,UNIT_SCADA,1,"2019/08/21 15:15:00",STWF1,14.546230
D,DISPATCH,UNIT_SCADA,1,"2019/08/21 15:15:00",SWAN_E,0
D,DISPATCH,UNIT_SCADA,1,"2019/08/21 15:15:00",TALWA1,0
D,DISPATCH,UNIT_SCADA,1,"2019/08/21 15:15:00",TARALGA1,49.983750
D,DISPATCH,UNIT_SCADA,1,"2019/08/21 15:15:00",TARONG#1,278.300020
D,DISPATCH,UNIT_SCADA,1,"2019/08/21 15:15:00",TARONG#2,278.50
D,DISPATCH,UNIT_SCADA,1,"2019/08/21 15:15:00",TARONG#3,260.300020
D,DISPATCH,UNIT_SCADA,1,"2019/08/21 15:15:00",TARONG#4,280
D,DISPATCH,UNIT_SCADA,1,"2019/08/21 15:15:00",TARRALEA,86.10
D,DISPATCH,UNIT_SCADA,1,"2019/08/21 15:15:00",TBSF1,71.30
D,DISPATCH,UNIT_SCADA,1,"2019/08/21 15:15:00",TNPS1,442.000030
D,DISPATCH,UNIT_SCADA,1,"2019/08/21 15:15:00",TORRA1,35.629020
D,DISPATCH,UNIT_SCADA,1,"2019/08/21 15:15:00",TORRA2,0
D,DISPATCH,UNIT_SCADA,1,"2019/08/21 15:15:00",TORRA3,0
D,DISPATCH,UNIT_SCADA,1,"2019/08/21 15:15:00",TORRA4,0
D,DISPATCH,UNIT_SCADA,1,"2019/08/21 15:15:00",TORRB1,40.28
D,DISPATCH,UNIT_SCADA,1,"2019/08/21 15:15:00",TORRB2,40.12
D,DISPATCH,UNIT_SCADA,1,"2019/08/21 15:15:00",TORRB3,0
D,DISPATCH,UNIT_SCADA,1,"2019/08/21 15:15:00",TORRB4,0
D,DISPATCH,UNIT_SCADA,1,"2019/08/21 15:15:00",TREVALLN,43.980010
D,DISPATCH,UNIT_SCADA,1,"2019/08/21 15:15:00",TRIBUTE,0
D,DISPATCH,UNIT_SCADA,1,"2019/08/21 15:15:00",TUMUT3,0
D,DISPATCH,UNIT_SCADA,1,"2019/08/21 15:15:00",TUNGATIN,120.270030
D,DISPATCH,UNIT_SCADA,1,"2019/08/21 15:15:00",TVCC201,0
D,DISPATCH,UNIT_SCADA,1,"2019/08/21 15:15:00",TVPP104,0
D,DISPATCH,UNIT_SCADA,1,"2019/08/21 15:15:00",UPPTUMUT,0
D,DISPATCH,UNIT_SCADA,1,"2019/08/21 15:15:00",URANQ11,0
D,DISPATCH,UNIT_SCADA,1,"2019/08/21 15:15:00",URANQ12,0
D,DISPATCH,UNIT_SCADA,1,"2019/08/21 15:15:00",URANQ13,0
D,DISPATCH,UNIT_SCADA,1,"2019/08/21 15:15:00",URANQ14,0
D,DISPATCH,UNIT_SCADA,1,"2019/08/21 15:15:00",VP5,260.174990
D,DISPATCH,UNIT_SCADA,1,"2019/08/21 15:15:00",VP6,266.100010
D,DISPATCH,UNIT_SCADA,1,"2019/08/21 15:15:00",VPGS1,0
D,DISPATCH,UNIT_SCADA,1,"2019/08/21 15:15:00",VPGS2,0
D,DISPATCH,UNIT_SCADA,1,"2019/08/21 15:15:00",VPGS3,0
D,DISPATCH,UNIT_SCADA,1,"2019/08/21 15:15:00",VPGS4,0
D,DISPATCH,UNIT_SCADA,1,"2019/08/21 15:15:00",VPGS5,0
D,DISPATCH,UNIT_SCADA,1,"2019/08/21 15:15:00",VPGS6,0
D,DISPATCH,UNIT_SCADA,1,"2019/08/21 15:15:00",W/HOE#1,0
D,DISPATCH,UNIT_SCADA,1,"2019/08/21 15:15:00",W/HOE#2,0
D,DISPATCH,UNIT_SCADA,1,"2019/08/21 15:15:00",WATERLWF,75.30
D,DISPATCH,UNIT_SCADA,1,"2019/08/21 15:15:00",WEMENSF1,78.80
D,DISPATCH,UNIT_SCADA,1,"2019/08/21 15:15:00",WGWF1,46.40
D,DISPATCH,UNIT_SCADA,1,"2019/08/21 15:15:00",WHITSF1,43.30
D,DISPATCH,UNIT_SCADA,1,"2019/08/21 15:15:00",WKIEWA1,0
D,DISPATCH,UNIT_SCADA,1,"2019/08/21 15:15:00",WKIEWA2,0.10
D,DISPATCH,UNIT_SCADA,1,"2019/08/21 15:15:00",WOODLWN1,45.027010
D,DISPATCH,UNIT_SCADA,1,"2019/08/21 15:15:00",WRSF1,8.13
D,DISPATCH,UNIT_SCADA,1,"2019/08/21 15:15:00",WRWF1,158.95
D,DISPATCH,UNIT_SCADA,1,"2019/08/21 15:15:00",YABULU,0
D,DISPATCH,UNIT_SCADA,1,"2019/08/21 15:15:00",YABULU2,0
D,DISPATCH,UNIT_SCADA,1,"2019/08/21 15:15:00",YARWUN_1,0
D,DISPATCH,UNIT_SCADA,1,"2019/08/21 15:15:00",YENDWF1,41.91
D,DISPATCH,UNIT_SCADA,1,"2019/08/21 15:15:00",YWPS1,381.202550
D,DISPATCH,UNIT_SCADA,1,"2019/08/21 15:15:00",YWPS2,284.708860
D,DISPATCH,UNIT_SCADA,1,"2019/08/21 15:15:00",YWPS3,0
D,DISPATCH,UNIT_SCADA,1,"2019/08/21 15:15:00",YWPS4,396.3671
C,"END OF REPORT",334
