C,NEMP.WORLD,DISPATCHSCADA,AEMO,PUBLIC,2019/08/22,11:10:08,0000000311864554,DISPATCHSCADA,0000000311864548
I,DISPATCH,UNIT_SCADA,1,SETTLEMENTDATE,DUID,SCADAVALUE
D,DISPATCH,UNIT_SCADA,1,"2019/08/22 11:15:00",BARCSF1,18
D,DISPATCH,UNIT_SCADA,1,"2019/08/22 11:15:00",BUTLERSG,9.699999
D,DISPATCH,UNIT_SCADA,1,"2019/08/22 11:15:00",CALL_A_4,0
D,DISPATCH,UNIT_SCADA,1,"2019/08/22 11:15:00",CAPTL_WF,59.768005
D,DISPATCH,UNIT_SCADA,1,"2019/08/22 11:15:00",CATHROCK,0
D,DISPATCH,UNIT_SCADA,1,"2019/08/22 11:15:00",CHALLHWF,42
D,DISPATCH,UNIT_SCADA,1,"2019/08/22 11:15:00",CLOVER,0
D,DISPATCH,UNIT_SCADA,1,"2019/08/22 11:15:00",CLUNY,20.021515
D,DISPATCH,UNIT_SCADA,1,"2019/08/22 11:15:00",CNUNDAWF,18.321373
D,DISPATCH,UNIT_SCADA,1,"2019/08/22 11:15:00",CULLRGWF,29.35
D,DISPATCH,UNIT_SCADA,1,"2019/08/22 11:15:00",ERGT01,0
D,DISPATCH,UNIT_SCADA,1,"2019/08/22 11:15:00",GB01,0.057842
D,DISPATCH,UNIT_SCADA,1,"2019/08/22 11:15:00",GERMCRK,32.299999
D,DISPATCH,UNIT_SCADA,1,"2019/08/22 11:15:00",GRIFSF1,25.300003
D,DISPATCH,UNIT_SCADA,1,"2019/08/22 11:15:00",HUGSF1,8.9930
D,DISPATCH,UNIT_SCADA,1,"2019/08/22 11:15:00",LKBONNY1,21.523556
D,DISPATCH,UNIT_SCADA,1,"2019/08/22 11:15:00",LRSF1,12.858001
D,DISPATCH,UNIT_SCADA,1,"2019/08/22 11:15:00",MBAHNTH,55.425003
D,DISPATCH,UNIT_SCADA,1,"2019/08/22 11:15:00",MLSP1,12.191001
D,DISPATCH,UNIT_SCADA,1,"2019/08/22 11:15:00",MLWF1,16.860001
D,DISPATCH,UNIT_SCADA,1,"2019/08/22 11:15:00",MTMILLAR,1.361760
D,DISPATCH,UNIT_SCADA,1,"2019/08/22 11:15:00",PALOONA,28.68
D,DISPATCH,UNIT_SCADA,1,"2019/08/22 11:15:00",PIONEER,41.700001
D,DISPATCH,UNIT_SCADA,1,"2019/08/22 11:15:00",PORTWF,51.299999
D,DISPATCH,UNIT_SCADA,1,"2019/08/22 11:15:00",REPULSE,29.031815
D,DISPATCH,UNIT_SCADA,1,"2019/08/22 11:15:00",ROWALLAN,10.3021
D,DISPATCH,UNIT_SCADA,1,"2019/08/22 11:15:00",ROYALLA1,19.844002
D,DISPATCH,UNIT_SCADA,1,"2019/08/22 11:15:00",RPCG,11.70
D,DISPATCH,UNIT_SCADA,1,"2019/08/22 11:15:00",RUBICON,0
D,DISPATCH,UNIT_SCADA,1,"2019/08/22 11:15:00",SATGN1,0
D,DISPATCH,UNIT_SCADA,1,"2019/08/22 11:15:00",SATGS1,0
D,DISPATCH,UNIT_SCADA,1,"2019/08/22 11:15:00",STARHLWF,1.699504
D,DISPATCH,UNIT_SCADA,1,"2019/08/22 11:15:00",WAUBRAWF,175.509003
D,DISPATCH,UNIT_SCADA,1,"2019/08/22 11:15:00",WOOLNTH1,118.820015
D,DISPATCH,UNIT_SCADA,1,"2019/08/22 11:15:00",WPWF,4
D,DISPATCH,UNIT_SCADA,1,"2019/08/22 11:15:00",YAMBUKWF,19.40
D,DISPATCH,UNIT_SCADA,1,"2019/08/22 11:15:00",YSWF1,23.90
D,DISPATCH,UNIT_SCADA,1,"2019/08/22 11:15:00",AGLHAL,0
D,DISPATCH,UNIT_SCADA,1,"2019/08/22 11:15:00",AGLSOM,0
D,DISPATCH,UNIT_SCADA,1,"2019/08/22 11:15:00",ANGAST1,0
D,DISPATCH,UNIT_SCADA,1,"2019/08/22 11:15:00",ARWF1,206.399980
D,DISPATCH,UNIT_SCADA,1,"2019/08/22 11:15:00",BALBG1,0
D,DISPATCH,UNIT_SCADA,1,"2019/08/22 11:15:00",BALBL1,15.13
D,DISPATCH,UNIT_SCADA,1,"2019/08/22 11:15:00",BALDHWF1,94.1130
D,DISPATCH,UNIT_SCADA,1,"2019/08/22 11:15:00",BANN1,46.11
D,DISPATCH,UNIT_SCADA,1,"2019/08/22 11:15:00",BARCALDN,0
D,DISPATCH,UNIT_SCADA,1,"2019/08/22 11:15:00",BARRON-1,0
D,DISPATCH,UNIT_SCADA,1,"2019/08/22 11:15:00",BARRON-2,25.20
D,DISPATCH,UNIT_SCADA,1,"2019/08/22 11:15:00",BASTYAN,78.180010
D,DISPATCH,UNIT_SCADA,1,"2019/08/22 11:15:00",BBTHREE1,-1.87
D,DISPATCH,UNIT_SCADA,1,"2019/08/22 11:15:00",BBTHREE2,-1.90
D,DISPATCH,UNIT_SCADA,1,"2019/08/22 11:15:00",BBTHREE3,0
D,DISPATCH,UNIT_SCADA,1,"2019/08/22 11:15:00",BDL01,0
D,DISPATCH,UNIT_SCADA,1,"2019/08/22 11:15:00",BDL02,-0.06
D,DISPATCH,UNIT_SCADA,1,"2019/08/22 11:15:00",BERYLSF1,20.382480
D,DISPATCH,UNIT_SCADA,1,"2019/08/22 11:15:00",BLOWERNG,0
D,DISPATCH,UNIT_SCADA,1,"2019/08/22 11:15:00",BLUFF1,0.10
D,DISPATCH,UNIT_SCADA,1,"2019/08/22 11:15:00",BNGSF1,102.76
D,DISPATCH,UNIT_SCADA,1,"2019/08/22 11:15:00",BNGSF2,20
D,DISPATCH,UNIT_SCADA,1,"2019/08/22 11:15:00",BOCORWF1,110.93
D,DISPATCH,UNIT_SCADA,1,"2019/08/22 11:15:00",BODWF1,109.913330
D,DISPATCH,UNIT_SCADA,1,"2019/08/22 11:15:00",BRAEMAR1,0
D,DISPATCH,UNIT_SCADA,1,"2019/08/22 11:15:00",BRAEMAR2,0
D,DISPATCH,UNIT_SCADA,1,"2019/08/22 11:15:00",BRAEMAR3,0
D,DISPATCH,UNIT_SCADA,1,"2019/08/22 11:15:00",BRAEMAR5,0
D,DISPATCH,UNIT_SCADA,1,"2019/08/22 11:15:00",BRAEMAR6,0
D,DISPATCH,UNIT_SCADA,1,"2019/08/22 11:15:00",BRAEMAR7,0
D,DISPATCH,UNIT_SCADA,1,"2019/08/22 11:15:00",BROKENH1,38.091310
D,DISPATCH,UNIT_SCADA,1,"2019/08/22 11:15:00",BW01,506.025020
D,DISPATCH,UNIT_SCADA,1,"2019/08/22 11:15:00",BW02,506.1499
D,DISPATCH,UNIT_SCADA,1,"2019/08/22 11:15:00",BW03,524.150020
D,DISPATCH,UNIT_SCADA,1,"2019/08/22 11:15:00",BW04,0
D,DISPATCH,UNIT_SCADA,1,"2019/08/22 11:15:00",CALL_B_1,275.200010
D,DISPATCH,UNIT_SCADA,1,"2019/08/22 11:15:00",CALL_B_2,279.899990
D,DISPATCH,UNIT_SCADA,1,"2019/08/22 11:15:00",CETHANA,98.4240
D,DISPATCH,UNIT_SCADA,1,"2019/08/22 11:15:00",CG1,0
D,DISPATCH,UNIT_SCADA,1,"2019/08/22 11:15:00",CG2,0
D,DISPATCH,UNIT_SCADA,1,"2019/08/22 11:15:00",CG3,0
D,DISPATCH,UNIT_SCADA,1,"2019/08/22 11:15:00",CG4,0
D,DISPATCH,UNIT_SCADA,1,"2019/08/22 11:15:00",CHILDSF1,40.12
D,DISPATCH,UNIT_SCADA,1,"2019/08/22 11:15:00",CLARESF1,0
D,DISPATCH,UNIT_SCADA,1,"2019/08/22 11:15:00",CLEMGPWF,-0.144070
D,DISPATCH,UNIT_SCADA,1,"2019/08/22 11:15:00",CLERMSF1,0
D,DISPATCH,UNIT_SCADA,1,"2019/08/22 11:15:00",COLEASF1,108.100010
D,DISPATCH,UNIT_SCADA,1,"2019/08/22 11:15:00",COOPGWF1,31.947610
D,DISPATCH,UNIT_SCADA,1,"2019/08/22 11:15:00",CPP_3,403.975010
D,DISPATCH,UNIT_SCADA,1,"2019/08/22 11:15:00",CPP_4,229.350010
D,DISPATCH,UNIT_SCADA,1,"2019/08/22 11:15:00",CPSA,88.876880
D,DISPATCH,UNIT_SCADA,1,"2019/08/22 11:15:00",CROOKWF2,80.913750
D,DISPATCH,UNIT_SCADA,1,"2019/08/22 11:15:00",CROWLWF1,46.108670
D,DISPATCH,UNIT_SCADA,1,"2019/08/22 11:15:00",CSPVPS1,22.5670
D,DISPATCH,UNIT_SCADA,1,"2019/08/22 11:15:00",DALNTH01,0
D,DISPATCH,UNIT_SCADA,1,"2019/08/22 11:15:00",DALNTHL1,0.239570
D,DISPATCH,UNIT_SCADA,1,"2019/08/22 11:15:00",DARTM1,134.50
D,DISPATCH,UNIT_SCADA,1,"2019/08/22 11:15:00",DAYDSF1,0
D,DISPATCH,UNIT_SCADA,1,"2019/08/22 11:15:00",DDPS1,0
D,DISPATCH,UNIT_SCADA,1,"2019/08/22 11:15:00",DDSF1,0
D,DISPATCH,UNIT_SCADA,1,"2019/08/22 11:15:00",DEVILS_G,0
D,DISPATCH,UNIT_SCADA,1,"2019/08/22 11:15:00",DG_NSW1,0
D,DISPATCH,UNIT_SCADA,1,"2019/08/22 11:15:00",DG_QLD1,0
D,DISPATCH,UNIT_SCADA,1,"2019/08/22 11:15:00",DG_SA1,0
D,DISPATCH,UNIT_SCADA,1,"2019/08/22 11:15:00",DG_TAS1,0
D,DISPATCH,UNIT_SCADA,1,"2019/08/22 11:15:00",DG_VIC1,0
D,DISPATCH,UNIT_SCADA,1,"2019/08/22 11:15:00",DRYCGT1,0
D,DISPATCH,UNIT_SCADA,1,"2019/08/22 11:15:00",DRYCGT2,0
D,DISPATCH,UNIT_SCADA,1,"2019/08/22 11:15:00",DRYCGT3,0
D,DISPATCH,UNIT_SCADA,1,"2019/08/22 11:15:00",EILDON1,0
D,DISPATCH,UNIT_SCADA,1,"2019/08/22 11:15:00",EILDON2,0
D,DISPATCH,UNIT_SCADA,1,"2019/08/22 11:15:00",EMERASF1,61.64
D,DISPATCH,UNIT_SCADA,1,"2019/08/22 11:15:00",ER01,334.224980
D,DISPATCH,UNIT_SCADA,1,"2019/08/22 11:15:00",ER02,374.150020
D,DISPATCH,UNIT_SCADA,1,"2019/08/22 11:15:00",ER03,698.724980
D,DISPATCH,UNIT_SCADA,1,"2019/08/22 11:15:00",ER04,369.674930
D,DISPATCH,UNIT_SCADA,1,"2019/08/22 11:15:00",FINLYSF1,3.494810
D,DISPATCH,UNIT_SCADA,1,"2019/08/22 11:15:00",FISHER,45.80
D,DISPATCH,UNIT_SCADA,1,"2019/08/22 11:15:00",GANNBG1,0
D,DISPATCH,UNIT_SCADA,1,"2019/08/22 11:15:00",GANNBL1,9.421090
D,DISPATCH,UNIT_SCADA,1,"2019/08/22 11:15:00",GANNSF1,44.70
D,DISPATCH,UNIT_SCADA,1,"2019/08/22 11:15:00",GORDON,1.162560
D,DISPATCH,UNIT_SCADA,1,"2019/08/22 11:15:00",GSTONE1,109.3750
D,DISPATCH,UNIT_SCADA,1,"2019/08/22 11:15:00",GSTONE2,110.25
D,DISPATCH,UNIT_SCADA,1,"2019/08/22 11:15:00",GSTONE3,109.20
D,DISPATCH,UNIT_SCADA,1,"2019/08/22 11:15:00",GSTONE4,125.65
D,DISPATCH,UNIT_SCADA,1,"2019/08/22 11:15:00",GSTONE5,127.40
D,DISPATCH,UNIT_SCADA,1,"2019/08/22 11:15:00",GSTONE6,0
D,DISPATCH,UNIT_SCADA,1,"2019/08/22 11:15:00",GULLRSF1,5.437260
D,DISPATCH,UNIT_SCADA,1,"2019/08/22 11:15:00",GULLRWF1,143.519470
D,DISPATCH,UNIT_SCADA,1,"2019/08/22 11:15:00",GUNNING1,41.460690
D,DISPATCH,UNIT_SCADA,1,"2019/08/22 11:15:00",GUTHEGA,0
D,DISPATCH,UNIT_SCADA,1,"2019/08/22 11:15:00",HALLWF1,-0.13
D,DISPATCH,UNIT_SCADA,1,"2019/08/22 11:15:00",HALLWF2,0.38
D,DISPATCH,UNIT_SCADA,1,"2019/08/22 11:15:00",HAMISF1,47
D,DISPATCH,UNIT_SCADA,1,"2019/08/22 11:15:00",HAUGHT11,49.958910
D,DISPATCH,UNIT_SCADA,1,"2019/08/22 11:15:00",HAYMSF1,41.3040
D,DISPATCH,UNIT_SCADA,1,"2019/08/22 11:15:00",HDWF1,5.20
D,DISPATCH,UNIT_SCADA,1,"2019/08/22 11:15:00",HDWF2,3.50
D,DISPATCH,UNIT_SCADA,1,"2019/08/22 11:15:00",HDWF3,5.70
D,DISPATCH,UNIT_SCADA,1,"2019/08/22 11:15:00",HPRG1,0
D,DISPATCH,UNIT_SCADA,1,"2019/08/22 11:15:00",HPRL1,6.70
D,DISPATCH,UNIT_SCADA,1,"2019/08/22 11:15:00",HUMENSW,0
D,DISPATCH,UNIT_SCADA,1,"2019/08/22 11:15:00",HUMEV,8.40
D,DISPATCH,UNIT_SCADA,1,"2019/08/22 11:15:00",HVGTS,0
D,DISPATCH,UNIT_SCADA,1,"2019/08/22 11:15:00",JBUTTERS,135.349990
D,DISPATCH,UNIT_SCADA,1,"2019/08/22 11:15:00",JLA01,0.50
D,DISPATCH,UNIT_SCADA,1,"2019/08/22 11:15:00",JLA02,0
D,DISPATCH,UNIT_SCADA,1,"2019/08/22 11:15:00",JLA03,0.10
D,DISPATCH,UNIT_SCADA,1,"2019/08/22 11:15:00",JLA04,0.10
D,DISPATCH,UNIT_SCADA,1,"2019/08/22 11:15:00",JLB01,0
D,DISPATCH,UNIT_SCADA,1,"2019/08/22 11:15:00",JLB02,0.10
D,DISPATCH,UNIT_SCADA,1,"2019/08/22 11:15:00",JLB03,0
D,DISPATCH,UNIT_SCADA,1,"2019/08/22 11:15:00",KAREEYA1,21.52
D,DISPATCH,UNIT_SCADA,1,"2019/08/22 11:15:00",KAREEYA2,21.5975
D,DISPATCH,UNIT_SCADA,1,"2019/08/22 11:15:00",KAREEYA3,0
D,DISPATCH,UNIT_SCADA,1,"2019/08/22 11:15:00",KAREEYA4,21.6825
D,DISPATCH,UNIT_SCADA,1,"2019/08/22 11:15:00",KARSF1,49.40
D,DISPATCH,UNIT_SCADA,1,"2019/08/22 11:15:00",KIATAWF1,22.60
D,DISPATCH,UNIT_SCADA,1,"2019/08/22 11:15:00",KPP_1,0
D,DISPATCH,UNIT_SCADA,1,"2019/08/22 11:15:00",KSP1,47.78
D,DISPATCH,UNIT_SCADA,1,"2019/08/22 11:15:00",LADBROK1,0
D,DISPATCH,UNIT_SCADA,1,"2019/08/22 11:15:00",LADBROK2,0
D,DISPATCH,UNIT_SCADA,1,"2019/08/22 11:15:00",LD01,353.268770
D,DISPATCH,UNIT_SCADA,1,"2019/08/22 11:15:00",LD02,351.206270
D,DISPATCH,UNIT_SCADA,1,"2019/08/22 11:15:00",LD03,349.612550
D,DISPATCH,UNIT_SCADA,1,"2019/08/22 11:15:00",LD04,351.618710
D,DISPATCH,UNIT_SCADA,1,"2019/08/22 11:15:00",LEM_WIL,86.237350
D,DISPATCH,UNIT_SCADA,1,"2019/08/22 11:15:00",LGAPWF1,11.75
D,DISPATCH,UNIT_SCADA,1,"2019/08/22 11:15:00",LILYSF1,94.896120
D,DISPATCH,UNIT_SCADA,1,"2019/08/22 11:15:00",LI_WY_CA,148.949450
D,DISPATCH,UNIT_SCADA,1,"2019/08/22 11:15:00",LKBONNY2,54.807750
D,DISPATCH,UNIT_SCADA,1,"2019/08/22 11:15:00",LKBONNY3,12.783240
D,DISPATCH,UNIT_SCADA,1,"2019/08/22 11:15:00",LK_ECHO,0
D,DISPATCH,UNIT_SCADA,1,"2019/08/22 11:15:00",LNGS1,0
D,DISPATCH,UNIT_SCADA,1,"2019/08/22 11:15:00",LNGS2,0
D,DISPATCH,UNIT_SCADA,1,"2019/08/22 11:15:00",LONSDALE,0
D,DISPATCH,UNIT_SCADA,1,"2019/08/22 11:15:00",LOYYB1,535.336730
D,DISPATCH,UNIT_SCADA,1,"2019/08/22 11:15:00",LOYYB2,581.578490
D,DISPATCH,UNIT_SCADA,1,"2019/08/22 11:15:00",LYA1,558
D,DISPATCH,UNIT_SCADA,1,"2019/08/22 11:15:00",LYA2,0
D,DISPATCH,UNIT_SCADA,1,"2019/08/22 11:15:00",LYA3,557
D,DISPATCH,UNIT_SCADA,1,"2019/08/22 11:15:00",LYA4,538
D,DISPATCH,UNIT_SCADA,1,"2019/08/22 11:15:00",MACARTH1,210.995130
D,DISPATCH,UNIT_SCADA,1,"2019/08/22 11:15:00",MACKAYGT,0
D,DISPATCH,UNIT_SCADA,1,"2019/08/22 11:15:00",MACKNTSH,85.790010
D,DISPATCH,UNIT_SCADA,1,"2019/08/22 11:15:00",MANSLR1,32.4690
D,DISPATCH,UNIT_SCADA,1,"2019/08/22 11:15:00",MCKAY1,0.02
D,DISPATCH,UNIT_SCADA,1,"2019/08/22 11:15:00",MEADOWBK,33.552920
D,DISPATCH,UNIT_SCADA,1,"2019/08/22 11:15:00",MERCER01,53.4660
D,DISPATCH,UNIT_SCADA,1,"2019/08/22 11:15:00",MEWF1,56.9344
D,DISPATCH,UNIT_SCADA,1,"2019/08/22 11:15:00",MINTARO,0
D,DISPATCH,UNIT_SCADA,1,"2019/08/22 11:15:00",MOREESF1,48.99
D,DISPATCH,UNIT_SCADA,1,"2019/08/22 11:15:00",MORTLK11,124
D,DISPATCH,UNIT_SCADA,1,"2019/08/22 11:15:00",MORTLK12,0
D,DISPATCH,UNIT_SCADA,1,"2019/08/22 11:15:00",MP1,281.599980
D,DISPATCH,UNIT_SCADA,1,"2019/08/22 11:15:00",MP2,0
D,DISPATCH,UNIT_SCADA,1,"2019/08/22 11:15:00",MPP_1,311.50
D,DISPATCH,UNIT_SCADA,1,"2019/08/22 11:15:00",MPP_2,380
D,DISPATCH,UNIT_SCADA,1,"2019/08/22 11:15:00",MSTUART1,0
D,DISPATCH,UNIT_SCADA,1,"2019/08/22 11:15:00",MSTUART2,0
D,DISPATCH,UNIT_SCADA,1,"2019/08/22 11:15:00",MSTUART3,0
D,DISPATCH,UNIT_SCADA,1,"2019/08/22 11:15:00",MTGELWF1,59.924620
D,DISPATCH,UNIT_SCADA,1,"2019/08/22 11:15:00",MURRAY,0
D,DISPATCH,UNIT_SCADA,1,"2019/08/22 11:15:00",MUSSELR1,103.50
D,DISPATCH,UNIT_SCADA,1,"2019/08/22 11:15:00",MUWAWF1,49.43
D,DISPATCH,UNIT_SCADA,1,"2019/08/22 11:15:00",NBHWF1,-0.40
D,DISPATCH,UNIT_SCADA,1,"2019/08/22 11:15:00",NPS,0
D,DISPATCH,UNIT_SCADA,1,"2019/08/22 11:15:00",NUMURSF1,75.80
D,DISPATCH,UNIT_SCADA,1,"2019/08/22 11:15:00",NYNGAN1,86.75
D,DISPATCH,UNIT_SCADA,1,"2019/08/22 11:15:00",OAKEY1,0
D,DISPATCH,UNIT_SCADA,1,"2019/08/22 11:15:00",OAKEY1SF,21.6430
D,DISPATCH,UNIT_SCADA,1,"2019/08/22 11:15:00",OAKEY2,0
D,DISPATCH,UNIT_SCADA,1,"2019/08/22 11:15:00",OAKLAND1,54.30
D,DISPATCH,UNIT_SCADA,1,"2019/08/22 11:15:00",OSB-AG,139.320010
D,DISPATCH,UNIT_SCADA,1,"2019/08/22 11:15:00",PARSF1,34.70
D,DISPATCH,UNIT_SCADA,1,"2019/08/22 11:15:00",POAT110,0
D,DISPATCH,UNIT_SCADA,1,"2019/08/22 11:15:00",POAT220,0
D,DISPATCH,UNIT_SCADA,1,"2019/08/22 11:15:00",POR01,0
D,DISPATCH,UNIT_SCADA,1,"2019/08/22 11:15:00",POR03,0
D,DISPATCH,UNIT_SCADA,1,"2019/08/22 11:15:00",PPCCGT,436.625240
D,DISPATCH,UNIT_SCADA,1,"2019/08/22 11:15:00",PTSTAN1,0
D,DISPATCH,UNIT_SCADA,1,"2019/08/22 11:15:00",PUMP1,0
D,DISPATCH,UNIT_SCADA,1,"2019/08/22 11:15:00",PUMP2,0
D,DISPATCH,UNIT_SCADA,1,"2019/08/22 11:15:00",QPS1,0
D,DISPATCH,UNIT_SCADA,1,"2019/08/22 11:15:00",QPS2,0
D,DISPATCH,UNIT_SCADA,1,"2019/08/22 11:15:00",QPS3,0
D,DISPATCH,UNIT_SCADA,1,"2019/08/22 11:15:00",QPS4,0
D,DISPATCH,UNIT_SCADA,1,"2019/08/22 11:15:00",QPS5,0
D,DISPATCH,UNIT_SCADA,1,"2019/08/22 11:15:00",REECE1,120.180010
D,DISPATCH,UNIT_SCADA,1,"2019/08/22 11:15:00",REECE2,118.490010
D,DISPATCH,UNIT_SCADA,1,"2019/08/22 11:15:00",ROMA_7,0
D,DISPATCH,UNIT_SCADA,1,"2019/08/22 11:15:00",ROMA_8,0
D,DISPATCH,UNIT_SCADA,1,"2019/08/22 11:15:00",RRSF1,110.518050
D,DISPATCH,UNIT_SCADA,1,"2019/08/22 11:15:00",RT_NSW1,0
D,DISPATCH,UNIT_SCADA,1,"2019/08/22 11:15:00",RT_NSW2,0
D,DISPATCH,UNIT_SCADA,1,"2019/08/22 11:15:00",RT_NSW3,0
D,DISPATCH,UNIT_SCADA,1,"2019/08/22 11:15:00",RT_NSW4,0
D,DISPATCH,UNIT_SCADA,1,"2019/08/22 11:15:00",RT_NSW5,0
D,DISPATCH,UNIT_SCADA,1,"2019/08/22 11:15:00",RT_NSW6,0
D,DISPATCH,UNIT_SCADA,1,"2019/08/22 11:15:00",RT_QLD1,0
D,DISPATCH,UNIT_SCADA,1,"2019/08/22 11:15:00",RT_SA1,0
D,DISPATCH,UNIT_SCADA,1,"2019/08/22 11:15:00",RT_SA2,0
D,DISPATCH,UNIT_SCADA,1,"2019/08/22 11:15:00",RT_SA3,0
D,DISPATCH,UNIT_SCADA,1,"2019/08/22 11:15:00",RT_SA4,0
D,DISPATCH,UNIT_SCADA,1,"2019/08/22 11:15:00",RT_SA5,0
D,DISPATCH,UNIT_SCADA,1,"2019/08/22 11:15:00",RT_SA6,0
D,DISPATCH,UNIT_SCADA,1,"2019/08/22 11:15:00",RT_TAS1,0
D,DISPATCH,UNIT_SCADA,1,"2019/08/22 11:15:00",RT_VIC1,0
D,DISPATCH,UNIT_SCADA,1,"2019/08/22 11:15:00",RT_VIC10,0
D,DISPATCH,UNIT_SCADA,1,"2019/08/22 11:15:00",RT_VIC11,0
D,DISPATCH,UNIT_SCADA,1,"2019/08/22 11:15:00",RT_VIC12,0
D,DISPATCH,UNIT_SCADA,1,"2019/08/22 11:15:00",RT_VIC2,0
D,DISPATCH,UNIT_SCADA,1,"2019/08/22 11:15:00",RT_VIC3,0
D,DISPATCH,UNIT_SCADA,1,"2019/08/22 11:15:00",RT_VIC4,0
D,DISPATCH,UNIT_SCADA,1,"2019/08/22 11:15:00",RT_VIC5,0
D,DISPATCH,UNIT_SCADA,1,"2019/08/22 11:15:00",RT_VIC6,0
D,DISPATCH,UNIT_SCADA,1,"2019/08/22 11:15:00",RT_VIC7,0
D,DISPATCH,UNIT_SCADA,1,"2019/08/22 11:15:00",RT_VIC8,0
D,DISPATCH,UNIT_SCADA,1,"2019/08/22 11:15:00",RT_VIC9,0
D,DISPATCH,UNIT_SCADA,1,"2019/08/22 11:15:00",RUGBYR1,61.329410
D,DISPATCH,UNIT_SCADA,1,"2019/08/22 11:15:00",SALTCRK1,30.94
D,DISPATCH,UNIT_SCADA,1,"2019/08/22 11:15:00",SAPHWF1,224.081240
D,DISPATCH,UNIT_SCADA,1,"2019/08/22 11:15:00",SHGEN,0
D,DISPATCH,UNIT_SCADA,1,"2019/08/22 11:15:00",SHPUMP,200.248550
D,DISPATCH,UNIT_SCADA,1,"2019/08/22 11:15:00",SITHE01,0.043330
D,DISPATCH,UNIT_SCADA,1,"2019/08/22 11:15:00",SMCSF1,0
D,DISPATCH,UNIT_SCADA,1,"2019/08/22 11:15:00",SNOWNTH1,3.20
D,DISPATCH,UNIT_SCADA,1,"2019/08/22 11:15:00",SNOWSTH1,3.20
D,DISPATCH,UNIT_SCADA,1,"2019/08/22 11:15:00",SNOWTWN1,1.222610
D,DISPATCH,UNIT_SCADA,1,"2019/08/22 11:15:00",SNOWYP,0
D,DISPATCH,UNIT_SCADA,1,"2019/08/22 11:15:00",SNUG1,0.019440
D,DISPATCH,UNIT_SCADA,1,"2019/08/22 11:15:00",SRSF1,34.91
D,DISPATCH,UNIT_SCADA,1,"2019/08/22 11:15:00",STAN-1,0
D,DISPATCH,UNIT_SCADA,1,"2019/08/22 11:15:00",STAN-2,279.210140
D,DISPATCH,UNIT_SCADA,1,"2019/08/22 11:15:00",STAN-3,276.787570
D,DISPATCH,UNIT_SCADA,1,"2019/08/22 11:15:00",STAN-4,281.004640
D,DISPATCH,UNIT_SCADA,1,"2019/08/22 11:15:00",STWF1,23.433750
D,DISPATCH,UNIT_SCADA,1,"2019/08/22 11:15:00",SWAN_E,0
D,DISPATCH,UNIT_SCADA,1,"2019/08/22 11:15:00",TALWA1,189
D,DISPATCH,UNIT_SCADA,1,"2019/08/22 11:15:00",TARALGA1,96.386230
D,DISPATCH,UNIT_SCADA,1,"2019/08/22 11:15:00",TARONG#1,278
D,DISPATCH,UNIT_SCADA,1,"2019/08/22 11:15:00",TARONG#2,278.800020
D,DISPATCH,UNIT_SCADA,1,"2019/08/22 11:15:00",TARONG#3,260.50
D,DISPATCH,UNIT_SCADA,1,"2019/08/22 11:15:00",TARONG#4,279.300020
D,DISPATCH,UNIT_SCADA,1,"2019/08/22 11:15:00",TARRALEA,84
D,DISPATCH,UNIT_SCADA,1,"2019/08/22 11:15:00",TBSF1,33.80
D,DISPATCH,UNIT_SCADA,1,"2019/08/22 11:15:00",TNPS1,220.000020
D,DISPATCH,UNIT_SCADA,1,"2019/08/22 11:15:00",TORRA1,38.851050
D,DISPATCH,UNIT_SCADA,1,"2019/08/22 11:15:00",TORRA2,0
D,DISPATCH,UNIT_SCADA,1,"2019/08/22 11:15:00",TORRA3,39.033750
D,DISPATCH,UNIT_SCADA,1,"2019/08/22 11:15:00",TORRA4,15.408060
D,DISPATCH,UNIT_SCADA,1,"2019/08/22 11:15:00",TORRB1,40.73
D,DISPATCH,UNIT_SCADA,1,"2019/08/22 11:15:00",TORRB2,40.87
D,DISPATCH,UNIT_SCADA,1,"2019/08/22 11:15:00",TORRB3,0
D,DISPATCH,UNIT_SCADA,1,"2019/08/22 11:15:00",TORRB4,0
D,DISPATCH,UNIT_SCADA,1,"2019/08/22 11:15:00",TREVALLN,43.900020
D,DISPATCH,UNIT_SCADA,1,"2019/08/22 11:15:00",TRIBUTE,83.77
D,DISPATCH,UNIT_SCADA,1,"2019/08/22 11:15:00",TUMUT3,0
D,DISPATCH,UNIT_SCADA,1,"2019/08/22 11:15:00",TUNGATIN,96.940030
D,DISPATCH,UNIT_SCADA,1,"2019/08/22 11:15:00",TVCC201,0
D,DISPATCH,UNIT_SCADA,1,"2019/08/22 11:15:00",TVPP104,0
D,DISPATCH,UNIT_SCADA,1,"2019/08/22 11:15:00",UPPTUMUT,0
D,DISPATCH,UNIT_SCADA,1,"2019/08/22 11:15:00",URANQ11,0
D,DISPATCH,UNIT_SCADA,1,"2019/08/22 11:15:00",URANQ12,0
D,DISPATCH,UNIT_SCADA,1,"2019/08/22 11:15:00",URANQ13,0
D,DISPATCH,UNIT_SCADA,1,"2019/08/22 11:15:00",URANQ14,0
D,DISPATCH,UNIT_SCADA,1,"2019/08/22 11:15:00",VP5,199.30
D,DISPATCH,UNIT_SCADA,1,"2019/08/22 11:15:00",VP6,583.650020
D,DISPATCH,UNIT_SCADA,1,"2019/08/22 11:15:00",VPGS1,0
D,DISPATCH,UNIT_SCADA,1,"2019/08/22 11:15:00",VPGS2,0
D,DISPATCH,UNIT_SCADA,1,"2019/08/22 11:15:00",VPGS3,0
D,DISPATCH,UNIT_SCADA,1,"2019/08/22 11:15:00",VPGS4,0
D,DISPATCH,UNIT_SCADA,1,"2019/08/22 11:15:00",VPGS5,0
D,DISPATCH,UNIT_SCADA,1,"2019/08/22 11:15:00",VPGS6,0
D,DISPATCH,UNIT_SCADA,1,"2019/08/22 11:15:00",W/HOE#1,0
D,DISPATCH,UNIT_SCADA,1,"2019/08/22 11:15:00",W/HOE#2,0
D,DISPATCH,UNIT_SCADA,1,"2019/08/22 11:15:00",WATERLWF,3.90
D,DISPATCH,UNIT_SCADA,1,"2019/08/22 11:15:00",WEMENSF1,66.30
D,DISPATCH,UNIT_SCADA,1,"2019/08/22 11:15:00",WGWF1,7
D,DISPATCH,UNIT_SCADA,1,"2019/08/22 11:15:00",WHITSF1,0
D,DISPATCH,UNIT_SCADA,1,"2019/08/22 11:15:00",WKIEWA1,0
D,DISPATCH,UNIT_SCADA,1,"2019/08/22 11:15:00",WKIEWA2,9
D,DISPATCH,UNIT_SCADA,1,"2019/08/22 11:15:00",WOODLWN1,36.72
D,DISPATCH,UNIT_SCADA,1,"2019/08/22 11:15:00",WRSF1,11.69
D,DISPATCH,UNIT_SCADA,1,"2019/08/22 11:15:00",WRWF1,156.425020
D,DISPATCH,UNIT_SCADA,1,"2019/08/22 11:15:00",YABULU,0
D,DISPATCH,UNIT_SCADA,1,"2019/08/22 11:15:00",YABULU2,0
D,DISPATCH,UNIT_SCADA,1,"2019/08/22 11:15:00",YARWUN_1,0
D,DISPATCH,UNIT_SCADA,1,"2019/08/22 11:15:00",YENDWF1,42.08
D,DISPATCH,UNIT_SCADA,1,"2019/08/22 11:15:00",YWPS1,353.382290
D,DISPATCH,UNIT_SCADA,1,"2019/08/22 11:15:00",YWPS2,282.202550
D,DISPATCH,UNIT_SCADA,1,"2019/08/22 11:15:00",YWPS3,0
D,DISPATCH,UNIT_SCADA,1,"2019/08/22 11:15:00",YWPS4,397.778470
C,"END OF REPORT",334
