C,NEMP.WORLD,DISPATCHSCADA,AEMO,PUBLIC,2019/08/23,08:30:08,0000000311899816,DISPATCHSCADA,0000000311899810
I,DISPATCH,UNIT_SCADA,1,SETTLEMENTDATE,DUID,SCADAVALUE
D,DISPATCH,UNIT_SCADA,1,"2019/08/23 08:35:00",BARCSF1,17.400002
D,DISPATCH,UNIT_SCADA,1,"2019/08/23 08:35:00",BUTLERSG,9.699999
D,DISPATCH,UNIT_SCADA,1,"2019/08/23 08:35:00",CALL_A_4,0
D,DISPATCH,UNIT_SCADA,1,"2019/08/23 08:35:00",CAPTL_WF,0
D,DISPATCH,UNIT_SCADA,1,"2019/08/23 08:35:00",CATHROCK,52.259998
D,DISPATCH,UNIT_SCADA,1,"2019/08/23 08:35:00",CHALLHWF,0.10
D,DISPATCH,UNIT_SCADA,1,"2019/08/23 08:35:00",CLOVER,0
D,DISPATCH,UNIT_SCADA,1,"2019/08/23 08:35:00",CLUNY,20.311741
D,DISPATCH,UNIT_SCADA,1,"2019/08/23 08:35:00",CNUNDAWF,6.207241
D,DISPATCH,UNIT_SCADA,1,"2019/08/23 08:35:00",CULLRGWF,0.58
D,DISPATCH,UNIT_SCADA,1,"2019/08/23 08:35:00",ERGT01,0
D,DISPATCH,UNIT_SCADA,1,"2019/08/23 08:35:00",GB01,0.056236
D,DISPATCH,UNIT_SCADA,1,"2019/08/23 08:35:00",GERMCRK,35.799999
D,DISPATCH,UNIT_SCADA,1,"2019/08/23 08:35:00",GRIFSF1,24
D,DISPATCH,UNIT_SCADA,1,"2019/08/23 08:35:00",HUGSF1,8.9320
D,DISPATCH,UNIT_SCADA,1,"2019/08/23 08:35:00",LKBONNY1,9.109555
D,DISPATCH,UNIT_SCADA,1,"2019/08/23 08:35:00",LRSF1,-0.0130
D,DISPATCH,UNIT_SCADA,1,"2019/08/23 08:35:00",MBAHNTH,55.724991
D,DISPATCH,UNIT_SCADA,1,"2019/08/23 08:35:00",MLSP1,6.983001
D,DISPATCH,UNIT_SCADA,1,"2019/08/23 08:35:00",MTMILLAR,34.155621
D,DISPATCH,UNIT_SCADA,1,"2019/08/23 08:35:00",PALOONA,30.23
D,DISPATCH,UNIT_SCADA,1,"2019/08/23 08:35:00",PIONEER,47.900002
D,DISPATCH,UNIT_SCADA,1,"2019/08/23 08:35:00",PORTWF,48.200001
D,DISPATCH,UNIT_SCADA,1,"2019/08/23 08:35:00",REPULSE,28.821852
D,DISPATCH,UNIT_SCADA,1,"2019/08/23 08:35:00",ROWALLAN,10.3234
D,DISPATCH,UNIT_SCADA,1,"2019/08/23 08:35:00",ROYALLA1,12.120001
D,DISPATCH,UNIT_SCADA,1,"2019/08/23 08:35:00",RPCG,9.90
D,DISPATCH,UNIT_SCADA,1,"2019/08/23 08:35:00",RUBICON,0
D,DISPATCH,UNIT_SCADA,1,"2019/08/23 08:35:00",SATGN1,0
D,DISPATCH,UNIT_SCADA,1,"2019/08/23 08:35:00",SATGS1,0
D,DISPATCH,UNIT_SCADA,1,"2019/08/23 08:35:00",STARHLWF,10.496939
D,DISPATCH,UNIT_SCADA,1,"2019/08/23 08:35:00",WAUBRAWF,0
D,DISPATCH,UNIT_SCADA,1,"2019/08/23 08:35:00",WOOLNTH1,27.470016
D,DISPATCH,UNIT_SCADA,1,"2019/08/23 08:35:00",WPWF,25
D,DISPATCH,UNIT_SCADA,1,"2019/08/23 08:35:00",YSWF1,4.10
D,DISPATCH,UNIT_SCADA,1,"2019/08/23 08:35:00",AGLHAL,15.213480
D,DISPATCH,UNIT_SCADA,1,"2019/08/23 08:35:00",AGLSOM,0
D,DISPATCH,UNIT_SCADA,1,"2019/08/23 08:35:00",ANGAST1,0
D,DISPATCH,UNIT_SCADA,1,"2019/08/23 08:35:00",ARWF1,-0.50
D,DISPATCH,UNIT_SCADA,1,"2019/08/23 08:35:00",BALBG1,0
D,DISPATCH,UNIT_SCADA,1,"2019/08/23 08:35:00",BALBL1,0
D,DISPATCH,UNIT_SCADA,1,"2019/08/23 08:35:00",BALDHWF1,20.9310
D,DISPATCH,UNIT_SCADA,1,"2019/08/23 08:35:00",BANN1,47.31
D,DISPATCH,UNIT_SCADA,1,"2019/08/23 08:35:00",BARCALDN,0
D,DISPATCH,UNIT_SCADA,1,"2019/08/23 08:35:00",BARRON-1,0
D,DISPATCH,UNIT_SCADA,1,"2019/08/23 08:35:00",BARRON-2,28.04
D,DISPATCH,UNIT_SCADA,1,"2019/08/23 08:35:00",BASTYAN,77.820010
D,DISPATCH,UNIT_SCADA,1,"2019/08/23 08:35:00",BBTHREE1,0
D,DISPATCH,UNIT_SCADA,1,"2019/08/23 08:35:00",BBTHREE2,0
D,DISPATCH,UNIT_SCADA,1,"2019/08/23 08:35:00",BBTHREE3,0
D,DISPATCH,UNIT_SCADA,1,"2019/08/23 08:35:00",BDL01,41.76
D,DISPATCH,UNIT_SCADA,1,"2019/08/23 08:35:00",BDL02,44.64
D,DISPATCH,UNIT_SCADA,1,"2019/08/23 08:35:00",BERYLSF1,65.260880
D,DISPATCH,UNIT_SCADA,1,"2019/08/23 08:35:00",BLOWERNG,0
D,DISPATCH,UNIT_SCADA,1,"2019/08/23 08:35:00",BLUFF1,24.50
D,DISPATCH,UNIT_SCADA,1,"2019/08/23 08:35:00",BNGSF1,55.86
D,DISPATCH,UNIT_SCADA,1,"2019/08/23 08:35:00",BNGSF2,19.15
D,DISPATCH,UNIT_SCADA,1,"2019/08/23 08:35:00",BOCORWF1,8.92
D,DISPATCH,UNIT_SCADA,1,"2019/08/23 08:35:00",BODWF1,50.683720
D,DISPATCH,UNIT_SCADA,1,"2019/08/23 08:35:00",BRAEMAR1,0
D,DISPATCH,UNIT_SCADA,1,"2019/08/23 08:35:00",BRAEMAR2,0
D,DISPATCH,UNIT_SCADA,1,"2019/08/23 08:35:00",BRAEMAR3,0
D,DISPATCH,UNIT_SCADA,1,"2019/08/23 08:35:00",BRAEMAR5,0
D,DISPATCH,UNIT_SCADA,1,"2019/08/23 08:35:00",BRAEMAR6,0
D,DISPATCH,UNIT_SCADA,1,"2019/08/23 08:35:00",BRAEMAR7,0
D,DISPATCH,UNIT_SCADA,1,"2019/08/23 08:35:00",BROKENH1,22.117680
D,DISPATCH,UNIT_SCADA,1,"2019/08/23 08:35:00",BW01,633.6001
D,DISPATCH,UNIT_SCADA,1,"2019/08/23 08:35:00",BW02,645.199950
D,DISPATCH,UNIT_SCADA,1,"2019/08/23 08:35:00",BW03,635.099980
D,DISPATCH,UNIT_SCADA,1,"2019/08/23 08:35:00",BW04,0
D,DISPATCH,UNIT_SCADA,1,"2019/08/23 08:35:00",CALL_B_1,340.50
D,DISPATCH,UNIT_SCADA,1,"2019/08/23 08:35:00",CALL_B_2,350
D,DISPATCH,UNIT_SCADA,1,"2019/08/23 08:35:00",CETHANA,97.765370
D,DISPATCH,UNIT_SCADA,1,"2019/08/23 08:35:00",CG1,0
D,DISPATCH,UNIT_SCADA,1,"2019/08/23 08:35:00",CG2,0
D,DISPATCH,UNIT_SCADA,1,"2019/08/23 08:35:00",CG3,0
D,DISPATCH,UNIT_SCADA,1,"2019/08/23 08:35:00",CG4,0
D,DISPATCH,UNIT_SCADA,1,"2019/08/23 08:35:00",CHILDSF1,40.07
D,DISPATCH,UNIT_SCADA,1,"2019/08/23 08:35:00",CLARESF1,17.150980
D,DISPATCH,UNIT_SCADA,1,"2019/08/23 08:35:00",CLEMGPWF,5.5467
D,DISPATCH,UNIT_SCADA,1,"2019/08/23 08:35:00",CLERMSF1,14.65
D,DISPATCH,UNIT_SCADA,1,"2019/08/23 08:35:00",COLEASF1,104.600010
D,DISPATCH,UNIT_SCADA,1,"2019/08/23 08:35:00",COOPGWF1,16.911640
D,DISPATCH,UNIT_SCADA,1,"2019/08/23 08:35:00",CPP_3,404.25
D,DISPATCH,UNIT_SCADA,1,"2019/08/23 08:35:00",CPP_4,400.399990
D,DISPATCH,UNIT_SCADA,1,"2019/08/23 08:35:00",CPSA,143.87
D,DISPATCH,UNIT_SCADA,1,"2019/08/23 08:35:00",CROOKWF2,0.5075
D,DISPATCH,UNIT_SCADA,1,"2019/08/23 08:35:00",CROWLWF1,0.627420
D,DISPATCH,UNIT_SCADA,1,"2019/08/23 08:35:00",CSPVPS1,21.9140
D,DISPATCH,UNIT_SCADA,1,"2019/08/23 08:35:00",DALNTH01,0
D,DISPATCH,UNIT_SCADA,1,"2019/08/23 08:35:00",DALNTHL1,0.090030
D,DISPATCH,UNIT_SCADA,1,"2019/08/23 08:35:00",DARTM1,134.30
D,DISPATCH,UNIT_SCADA,1,"2019/08/23 08:35:00",DAYDSF1,111.2160
D,DISPATCH,UNIT_SCADA,1,"2019/08/23 08:35:00",DDPS1,256.247380
D,DISPATCH,UNIT_SCADA,1,"2019/08/23 08:35:00",DDSF1,66.721790
D,DISPATCH,UNIT_SCADA,1,"2019/08/23 08:35:00",DEVILS_G,0
D,DISPATCH,UNIT_SCADA,1,"2019/08/23 08:35:00",DG_NSW1,0
D,DISPATCH,UNIT_SCADA,1,"2019/08/23 08:35:00",DG_QLD1,0
D,DISPATCH,UNIT_SCADA,1,"2019/08/23 08:35:00",DG_SA1,0
D,DISPATCH,UNIT_SCADA,1,"2019/08/23 08:35:00",DG_TAS1,0
D,DISPATCH,UNIT_SCADA,1,"2019/08/23 08:35:00",DG_VIC1,0
D,DISPATCH,UNIT_SCADA,1,"2019/08/23 08:35:00",DRYCGT1,0
D,DISPATCH,UNIT_SCADA,1,"2019/08/23 08:35:00",DRYCGT2,0
D,DISPATCH,UNIT_SCADA,1,"2019/08/23 08:35:00",DRYCGT3,0
D,DISPATCH,UNIT_SCADA,1,"2019/08/23 08:35:00",EILDON1,0
D,DISPATCH,UNIT_SCADA,1,"2019/08/23 08:35:00",EILDON2,0
D,DISPATCH,UNIT_SCADA,1,"2019/08/23 08:35:00",EMERASF1,54.99
D,DISPATCH,UNIT_SCADA,1,"2019/08/23 08:35:00",ER01,586.900020
D,DISPATCH,UNIT_SCADA,1,"2019/08/23 08:35:00",ER02,692.224980
D,DISPATCH,UNIT_SCADA,1,"2019/08/23 08:35:00",ER03,700.074950
D,DISPATCH,UNIT_SCADA,1,"2019/08/23 08:35:00",ER04,613.799930
D,DISPATCH,UNIT_SCADA,1,"2019/08/23 08:35:00",FINLYSF1,3.061120
D,DISPATCH,UNIT_SCADA,1,"2019/08/23 08:35:00",FISHER,45.94
D,DISPATCH,UNIT_SCADA,1,"2019/08/23 08:35:00",GANNBG1,0
D,DISPATCH,UNIT_SCADA,1,"2019/08/23 08:35:00",GANNBL1,0.005880
D,DISPATCH,UNIT_SCADA,1,"2019/08/23 08:35:00",GANNSF1,37.20
D,DISPATCH,UNIT_SCADA,1,"2019/08/23 08:35:00",GORDON,197.441440
D,DISPATCH,UNIT_SCADA,1,"2019/08/23 08:35:00",GSTONE1,198.099990
D,DISPATCH,UNIT_SCADA,1,"2019/08/23 08:35:00",GSTONE2,200.20
D,DISPATCH,UNIT_SCADA,1,"2019/08/23 08:35:00",GSTONE3,197.9250
D,DISPATCH,UNIT_SCADA,1,"2019/08/23 08:35:00",GSTONE4,197.5750
D,DISPATCH,UNIT_SCADA,1,"2019/08/23 08:35:00",GSTONE5,197.05
D,DISPATCH,UNIT_SCADA,1,"2019/08/23 08:35:00",GSTONE6,0
D,DISPATCH,UNIT_SCADA,1,"2019/08/23 08:35:00",GULLRSF1,7.362370
D,DISPATCH,UNIT_SCADA,1,"2019/08/23 08:35:00",GULLRWF1,19.148190
D,DISPATCH,UNIT_SCADA,1,"2019/08/23 08:35:00",GUNNING1,3.981960
D,DISPATCH,UNIT_SCADA,1,"2019/08/23 08:35:00",GUTHEGA,0
D,DISPATCH,UNIT_SCADA,1,"2019/08/23 08:35:00",HALLWF1,33.47
D,DISPATCH,UNIT_SCADA,1,"2019/08/23 08:35:00",HALLWF2,43.16
D,DISPATCH,UNIT_SCADA,1,"2019/08/23 08:35:00",HAMISF1,44.70
D,DISPATCH,UNIT_SCADA,1,"2019/08/23 08:35:00",HAUGHT11,49.983490
D,DISPATCH,UNIT_SCADA,1,"2019/08/23 08:35:00",HAYMSF1,38.2870
D,DISPATCH,UNIT_SCADA,1,"2019/08/23 08:35:00",HDWF1,68.90
D,DISPATCH,UNIT_SCADA,1,"2019/08/23 08:35:00",HDWF2,71.60
D,DISPATCH,UNIT_SCADA,1,"2019/08/23 08:35:00",HDWF3,64.50
D,DISPATCH,UNIT_SCADA,1,"2019/08/23 08:35:00",HPRG1,10.60
D,DISPATCH,UNIT_SCADA,1,"2019/08/23 08:35:00",HPRL1,0
D,DISPATCH,UNIT_SCADA,1,"2019/08/23 08:35:00",HUMENSW,0
D,DISPATCH,UNIT_SCADA,1,"2019/08/23 08:35:00",HUMEV,8.50
D,DISPATCH,UNIT_SCADA,1,"2019/08/23 08:35:00",HVGTS,0
D,DISPATCH,UNIT_SCADA,1,"2019/08/23 08:35:00",JBUTTERS,141.56
D,DISPATCH,UNIT_SCADA,1,"2019/08/23 08:35:00",JLA01,40.30
D,DISPATCH,UNIT_SCADA,1,"2019/08/23 08:35:00",JLA02,40.70
D,DISPATCH,UNIT_SCADA,1,"2019/08/23 08:35:00",JLA03,0.10
D,DISPATCH,UNIT_SCADA,1,"2019/08/23 08:35:00",JLA04,0.10
D,DISPATCH,UNIT_SCADA,1,"2019/08/23 08:35:00",JLB01,0
D,DISPATCH,UNIT_SCADA,1,"2019/08/23 08:35:00",JLB02,50.20
D,DISPATCH,UNIT_SCADA,1,"2019/08/23 08:35:00",JLB03,50.30
D,DISPATCH,UNIT_SCADA,1,"2019/08/23 08:35:00",KAREEYA1,21.5075
D,DISPATCH,UNIT_SCADA,1,"2019/08/23 08:35:00",KAREEYA2,21.6150
D,DISPATCH,UNIT_SCADA,1,"2019/08/23 08:35:00",KAREEYA3,0
D,DISPATCH,UNIT_SCADA,1,"2019/08/23 08:35:00",KAREEYA4,21.6550
D,DISPATCH,UNIT_SCADA,1,"2019/08/23 08:35:00",KARSF1,59.80
D,DISPATCH,UNIT_SCADA,1,"2019/08/23 08:35:00",KIATAWF1,12.20
D,DISPATCH,UNIT_SCADA,1,"2019/08/23 08:35:00",KPP_1,0
D,DISPATCH,UNIT_SCADA,1,"2019/08/23 08:35:00",KSP1,45.82
D,DISPATCH,UNIT_SCADA,1,"2019/08/23 08:35:00",LADBROK1,43.40
D,DISPATCH,UNIT_SCADA,1,"2019/08/23 08:35:00",LADBROK2,43.09
D,DISPATCH,UNIT_SCADA,1,"2019/08/23 08:35:00",LD01,420.525050
D,DISPATCH,UNIT_SCADA,1,"2019/08/23 08:35:00",LD02,298.3125
D,DISPATCH,UNIT_SCADA,1,"2019/08/23 08:35:00",LD03,420.431210
D,DISPATCH,UNIT_SCADA,1,"2019/08/23 08:35:00",LD04,379.6875
D,DISPATCH,UNIT_SCADA,1,"2019/08/23 08:35:00",LEM_WIL,86.099240
D,DISPATCH,UNIT_SCADA,1,"2019/08/23 08:35:00",LGAPWF1,27.27
D,DISPATCH,UNIT_SCADA,1,"2019/08/23 08:35:00",LILYSF1,88.080380
D,DISPATCH,UNIT_SCADA,1,"2019/08/23 08:35:00",LI_WY_CA,147.242030
D,DISPATCH,UNIT_SCADA,1,"2019/08/23 08:35:00",LKBONNY2,22.623050
D,DISPATCH,UNIT_SCADA,1,"2019/08/23 08:35:00",LKBONNY3,6.5870
D,DISPATCH,UNIT_SCADA,1,"2019/08/23 08:35:00",LK_ECHO,0
D,DISPATCH,UNIT_SCADA,1,"2019/08/23 08:35:00",LNGS1,0
D,DISPATCH,UNIT_SCADA,1,"2019/08/23 08:35:00",LNGS2,0
D,DISPATCH,UNIT_SCADA,1,"2019/08/23 08:35:00",LONSDALE,0
D,DISPATCH,UNIT_SCADA,1,"2019/08/23 08:35:00",LOYYB1,535.712650
D,DISPATCH,UNIT_SCADA,1,"2019/08/23 08:35:00",LOYYB2,581.202510
D,DISPATCH,UNIT_SCADA,1,"2019/08/23 08:35:00",LYA1,559
D,DISPATCH,UNIT_SCADA,1,"2019/08/23 08:35:00",LYA2,0
D,DISPATCH,UNIT_SCADA,1,"2019/08/23 08:35:00",LYA3,558
D,DISPATCH,UNIT_SCADA,1,"2019/08/23 08:35:00",LYA4,538
D,DISPATCH,UNIT_SCADA,1,"2019/08/23 08:35:00",MACARTH1,85.798020
D,DISPATCH,UNIT_SCADA,1,"2019/08/23 08:35:00",MACKAYGT,0
D,DISPATCH,UNIT_SCADA,1,"2019/08/23 08:35:00",MACKNTSH,87.240010
D,DISPATCH,UNIT_SCADA,1,"2019/08/23 08:35:00",MANSLR1,35.2940
D,DISPATCH,UNIT_SCADA,1,"2019/08/23 08:35:00",MCKAY1,0.02
D,DISPATCH,UNIT_SCADA,1,"2019/08/23 08:35:00",MEADOWBK,33.810140
D,DISPATCH,UNIT_SCADA,1,"2019/08/23 08:35:00",MERCER01,8.1170
D,DISPATCH,UNIT_SCADA,1,"2019/08/23 08:35:00",MEWF1,93.528060
D,DISPATCH,UNIT_SCADA,1,"2019/08/23 08:35:00",MINTARO,0
D,DISPATCH,UNIT_SCADA,1,"2019/08/23 08:35:00",MOREESF1,50.4760
D,DISPATCH,UNIT_SCADA,1,"2019/08/23 08:35:00",MORTLK11,260
D,DISPATCH,UNIT_SCADA,1,"2019/08/23 08:35:00",MORTLK12,0
D,DISPATCH,UNIT_SCADA,1,"2019/08/23 08:35:00",MP1,403.2251
D,DISPATCH,UNIT_SCADA,1,"2019/08/23 08:35:00",MP2,0
D,DISPATCH,UNIT_SCADA,1,"2019/08/23 08:35:00",MPP_1,419.75
D,DISPATCH,UNIT_SCADA,1,"2019/08/23 08:35:00",MPP_2,435.25
D,DISPATCH,UNIT_SCADA,1,"2019/08/23 08:35:00",MSTUART1,0
D,DISPATCH,UNIT_SCADA,1,"2019/08/23 08:35:00",MSTUART2,0
D,DISPATCH,UNIT_SCADA,1,"2019/08/23 08:35:00",MSTUART3,0
D,DISPATCH,UNIT_SCADA,1,"2019/08/23 08:35:00",MTGELWF1,24.686420
D,DISPATCH,UNIT_SCADA,1,"2019/08/23 08:35:00",MURRAY,518.705020
D,DISPATCH,UNIT_SCADA,1,"2019/08/23 08:35:00",MUSSELR1,102.20
D,DISPATCH,UNIT_SCADA,1,"2019/08/23 08:35:00",MUWAWF1,5.72
D,DISPATCH,UNIT_SCADA,1,"2019/08/23 08:35:00",NBHWF1,80
D,DISPATCH,UNIT_SCADA,1,"2019/08/23 08:35:00",NPS,489.75
D,DISPATCH,UNIT_SCADA,1,"2019/08/23 08:35:00",NUMURSF1,81.46
D,DISPATCH,UNIT_SCADA,1,"2019/08/23 08:35:00",NYNGAN1,53.50
D,DISPATCH,UNIT_SCADA,1,"2019/08/23 08:35:00",OAKEY1,0
D,DISPATCH,UNIT_SCADA,1,"2019/08/23 08:35:00",OAKEY1SF,19.7570
D,DISPATCH,UNIT_SCADA,1,"2019/08/23 08:35:00",OAKEY2,0
D,DISPATCH,UNIT_SCADA,1,"2019/08/23 08:35:00",OAKLAND1,3.12
D,DISPATCH,UNIT_SCADA,1,"2019/08/23 08:35:00",OSB-AG,146.209990
D,DISPATCH,UNIT_SCADA,1,"2019/08/23 08:35:00",PARSF1,43.30
D,DISPATCH,UNIT_SCADA,1,"2019/08/23 08:35:00",POAT110,42.14
D,DISPATCH,UNIT_SCADA,1,"2019/08/23 08:35:00",POAT220,140.856810
D,DISPATCH,UNIT_SCADA,1,"2019/08/23 08:35:00",POR01,0
D,DISPATCH,UNIT_SCADA,1,"2019/08/23 08:35:00",POR03,0
D,DISPATCH,UNIT_SCADA,1,"2019/08/23 08:35:00",PPCCGT,504.406830
D,DISPATCH,UNIT_SCADA,1,"2019/08/23 08:35:00",PTSTAN1,0
D,DISPATCH,UNIT_SCADA,1,"2019/08/23 08:35:00",PUMP1,0
D,DISPATCH,UNIT_SCADA,1,"2019/08/23 08:35:00",PUMP2,0
D,DISPATCH,UNIT_SCADA,1,"2019/08/23 08:35:00",QPS1,29
D,DISPATCH,UNIT_SCADA,1,"2019/08/23 08:35:00",QPS2,0
D,DISPATCH,UNIT_SCADA,1,"2019/08/23 08:35:00",QPS3,0
D,DISPATCH,UNIT_SCADA,1,"2019/08/23 08:35:00",QPS4,0
D,DISPATCH,UNIT_SCADA,1,"2019/08/23 08:35:00",QPS5,80.58
D,DISPATCH,UNIT_SCADA,1,"2019/08/23 08:35:00",REECE1,118.590010
D,DISPATCH,UNIT_SCADA,1,"2019/08/23 08:35:00",REECE2,118.750010
D,DISPATCH,UNIT_SCADA,1,"2019/08/23 08:35:00",ROMA_7,0
D,DISPATCH,UNIT_SCADA,1,"2019/08/23 08:35:00",ROMA_8,0
D,DISPATCH,UNIT_SCADA,1,"2019/08/23 08:35:00",RRSF1,103.398590
D,DISPATCH,UNIT_SCADA,1,"2019/08/23 08:35:00",RT_NSW1,0
D,DISPATCH,UNIT_SCADA,1,"2019/08/23 08:35:00",RT_NSW2,0
D,DISPATCH,UNIT_SCADA,1,"2019/08/23 08:35:00",RT_NSW3,0
D,DISPATCH,UNIT_SCADA,1,"2019/08/23 08:35:00",RT_NSW4,0
D,DISPATCH,UNIT_SCADA,1,"2019/08/23 08:35:00",RT_NSW5,0
D,DISPATCH,UNIT_SCADA,1,"2019/08/23 08:35:00",RT_NSW6,0
D,DISPATCH,UNIT_SCADA,1,"2019/08/23 08:35:00",RT_QLD1,0
D,DISPATCH,UNIT_SCADA,1,"2019/08/23 08:35:00",RT_SA1,0
D,DISPATCH,UNIT_SCADA,1,"2019/08/23 08:35:00",RT_SA2,0
D,DISPATCH,UNIT_SCADA,1,"2019/08/23 08:35:00",RT_SA3,0
D,DISPATCH,UNIT_SCADA,1,"2019/08/23 08:35:00",RT_SA4,0
D,DISPATCH,UNIT_SCADA,1,"2019/08/23 08:35:00",RT_SA5,0
D,DISPATCH,UNIT_SCADA,1,"2019/08/23 08:35:00",RT_SA6,0
D,DISPATCH,UNIT_SCADA,1,"2019/08/23 08:35:00",RT_TAS1,0
D,DISPATCH,UNIT_SCADA,1,"2019/08/23 08:35:00",RT_VIC1,0
D,DISPATCH,UNIT_SCADA,1,"2019/08/23 08:35:00",RT_VIC10,0
D,DISPATCH,UNIT_SCADA,1,"2019/08/23 08:35:00",RT_VIC11,0
D,DISPATCH,UNIT_SCADA,1,"2019/08/23 08:35:00",RT_VIC12,0
D,DISPATCH,UNIT_SCADA,1,"2019/08/23 08:35:00",RT_VIC2,0
D,DISPATCH,UNIT_SCADA,1,"2019/08/23 08:35:00",RT_VIC3,0
D,DISPATCH,UNIT_SCADA,1,"2019/08/23 08:35:00",RT_VIC4,0
D,DISPATCH,UNIT_SCADA,1,"2019/08/23 08:35:00",RT_VIC5,0
D,DISPATCH,UNIT_SCADA,1,"2019/08/23 08:35:00",RT_VIC6,0
D,DISPATCH,UNIT_SCADA,1,"2019/08/23 08:35:00",RT_VIC7,0
D,DISPATCH,UNIT_SCADA,1,"2019/08/23 08:35:00",RT_VIC8,0
D,DISPATCH,UNIT_SCADA,1,"2019/08/23 08:35:00",RT_VIC9,0
D,DISPATCH,UNIT_SCADA,1,"2019/08/23 08:35:00",RUGBYR1,63.240190
D,DISPATCH,UNIT_SCADA,1,"2019/08/23 08:35:00",SALTCRK1,8.29
D,DISPATCH,UNIT_SCADA,1,"2019/08/23 08:35:00",SAPHWF1,4.837490
D,DISPATCH,UNIT_SCADA,1,"2019/08/23 08:35:00",SHGEN,200.327480
D,DISPATCH,UNIT_SCADA,1,"2019/08/23 08:35:00",SHPUMP,0
D,DISPATCH,UNIT_SCADA,1,"2019/08/23 08:35:00",SITHE01,0.744160
D,DISPATCH,UNIT_SCADA,1,"2019/08/23 08:35:00",SMCSF1,49.3459
D,DISPATCH,UNIT_SCADA,1,"2019/08/23 08:35:00",SNOWNTH1,41.80
D,DISPATCH,UNIT_SCADA,1,"2019/08/23 08:35:00",SNOWSTH1,50.70
D,DISPATCH,UNIT_SCADA,1,"2019/08/23 08:35:00",SNOWTWN1,46.420170
D,DISPATCH,UNIT_SCADA,1,"2019/08/23 08:35:00",SNOWYP,0
D,DISPATCH,UNIT_SCADA,1,"2019/08/23 08:35:00",SNUG1,0.019440
D,DISPATCH,UNIT_SCADA,1,"2019/08/23 08:35:00",SRSF1,1.66
D,DISPATCH,UNIT_SCADA,1,"2019/08/23 08:35:00",STAN-1,0
D,DISPATCH,UNIT_SCADA,1,"2019/08/23 08:35:00",STAN-2,307.191410
D,DISPATCH,UNIT_SCADA,1,"2019/08/23 08:35:00",STAN-3,308.434720
D,DISPATCH,UNIT_SCADA,1,"2019/08/23 08:35:00",STAN-4,310.870120
D,DISPATCH,UNIT_SCADA,1,"2019/08/23 08:35:00",STWF1,18.056240
D,DISPATCH,UNIT_SCADA,1,"2019/08/23 08:35:00",SWAN_E,0
D,DISPATCH,UNIT_SCADA,1,"2019/08/23 08:35:00",TALWA1,430
D,DISPATCH,UNIT_SCADA,1,"2019/08/23 08:35:00",TARALGA1,0
D,DISPATCH,UNIT_SCADA,1,"2019/08/23 08:35:00",TARONG#1,328.100010
D,DISPATCH,UNIT_SCADA,1,"2019/08/23 08:35:00",TARONG#2,140.600010
D,DISPATCH,UNIT_SCADA,1,"2019/08/23 08:35:00",TARONG#3,260.100010
D,DISPATCH,UNIT_SCADA,1,"2019/08/23 08:35:00",TARONG#4,326.700010
D,DISPATCH,UNIT_SCADA,1,"2019/08/23 08:35:00",TARRALEA,82.10
D,DISPATCH,UNIT_SCADA,1,"2019/08/23 08:35:00",TBSF1,24.40
D,DISPATCH,UNIT_SCADA,1,"2019/08/23 08:35:00",TNPS1,441.700010
D,DISPATCH,UNIT_SCADA,1,"2019/08/23 08:35:00",TORRA1,77.188440
D,DISPATCH,UNIT_SCADA,1,"2019/08/23 08:35:00",TORRA2,52.112710
D,DISPATCH,UNIT_SCADA,1,"2019/08/23 08:35:00",TORRA3,0
D,DISPATCH,UNIT_SCADA,1,"2019/08/23 08:35:00",TORRA4,0
D,DISPATCH,UNIT_SCADA,1,"2019/08/23 08:35:00",TORRB1,0
D,DISPATCH,UNIT_SCADA,1,"2019/08/23 08:35:00",TORRB2,140.92
D,DISPATCH,UNIT_SCADA,1,"2019/08/23 08:35:00",TORRB3,0
D,DISPATCH,UNIT_SCADA,1,"2019/08/23 08:35:00",TORRB4,0
D,DISPATCH,UNIT_SCADA,1,"2019/08/23 08:35:00",TREVALLN,88.230030
D,DISPATCH,UNIT_SCADA,1,"2019/08/23 08:35:00",TRIBUTE,85.02
D,DISPATCH,UNIT_SCADA,1,"2019/08/23 08:35:00",TUMUT3,0
D,DISPATCH,UNIT_SCADA,1,"2019/08/23 08:35:00",TUNGATIN,137.480030
D,DISPATCH,UNIT_SCADA,1,"2019/08/23 08:35:00",TVCC201,0
D,DISPATCH,UNIT_SCADA,1,"2019/08/23 08:35:00",TVPP104,57.826560
D,DISPATCH,UNIT_SCADA,1,"2019/08/23 08:35:00",UPPTUMUT,0
D,DISPATCH,UNIT_SCADA,1,"2019/08/23 08:35:00",URANQ11,0
D,DISPATCH,UNIT_SCADA,1,"2019/08/23 08:35:00",URANQ12,0
D,DISPATCH,UNIT_SCADA,1,"2019/08/23 08:35:00",URANQ13,0
D,DISPATCH,UNIT_SCADA,1,"2019/08/23 08:35:00",URANQ14,0
D,DISPATCH,UNIT_SCADA,1,"2019/08/23 08:35:00",VP5,608.25
D,DISPATCH,UNIT_SCADA,1,"2019/08/23 08:35:00",VP6,507.849980
D,DISPATCH,UNIT_SCADA,1,"2019/08/23 08:35:00",VPGS1,0
D,DISPATCH,UNIT_SCADA,1,"2019/08/23 08:35:00",VPGS2,0
D,DISPATCH,UNIT_SCADA,1,"2019/08/23 08:35:00",VPGS3,0
D,DISPATCH,UNIT_SCADA,1,"2019/08/23 08:35:00",VPGS4,0
D,DISPATCH,UNIT_SCADA,1,"2019/08/23 08:35:00",VPGS5,0
D,DISPATCH,UNIT_SCADA,1,"2019/08/23 08:35:00",VPGS6,0
D,DISPATCH,UNIT_SCADA,1,"2019/08/23 08:35:00",W/HOE#1,0
D,DISPATCH,UNIT_SCADA,1,"2019/08/23 08:35:00",W/HOE#2,0
D,DISPATCH,UNIT_SCADA,1,"2019/08/23 08:35:00",WATERLWF,33.40
D,DISPATCH,UNIT_SCADA,1,"2019/08/23 08:35:00",WEMENSF1,70.40
D,DISPATCH,UNIT_SCADA,1,"2019/08/23 08:35:00",WGWF1,65.50
D,DISPATCH,UNIT_SCADA,1,"2019/08/23 08:35:00",WHITSF1,41.70
D,DISPATCH,UNIT_SCADA,1,"2019/08/23 08:35:00",WKIEWA1,0
D,DISPATCH,UNIT_SCADA,1,"2019/08/23 08:35:00",WKIEWA2,3.10
D,DISPATCH,UNIT_SCADA,1,"2019/08/23 08:35:00",WOODLWN1,0
D,DISPATCH,UNIT_SCADA,1,"2019/08/23 08:35:00",WRSF1,13.83
D,DISPATCH,UNIT_SCADA,1,"2019/08/23 08:35:00",WRWF1,16.7775
D,DISPATCH,UNIT_SCADA,1,"2019/08/23 08:35:00",YABULU,0
D,DISPATCH,UNIT_SCADA,1,"2019/08/23 08:35:00",YABULU2,0
D,DISPATCH,UNIT_SCADA,1,"2019/08/23 08:35:00",YARWUN_1,0
D,DISPATCH,UNIT_SCADA,1,"2019/08/23 08:35:00",YENDWF1,11.29
D,DISPATCH,UNIT_SCADA,1,"2019/08/23 08:35:00",YWPS1,379.949370
D,DISPATCH,UNIT_SCADA,1,"2019/08/23 08:35:00",YWPS2,281.200010
D,DISPATCH,UNIT_SCADA,1,"2019/08/23 08:35:00",YWPS3,0
D,DISPATCH,UNIT_SCADA,1,"2019/08/23 08:35:00",YWPS4,0
C,"END OF REPORT",332
