C,NEMP.WORLD,DISPATCHSCADA,AEMO,PUBLIC,2019/08/21,01:25:09,0000000311807404,DISPATCHSCADA,0000000311807398
I,DISPATCH,UNIT_SCADA,1,SETTLEMENTDATE,DUID,SCADAVALUE
D,DISPATCH,UNIT_SCADA,1,"2019/08/21 01:30:00",BARCSF1,0.50
D,DISPATCH,UNIT_SCADA,1,"2019/08/21 01:30:00",BUTLERSG,9.699999
D,DISPATCH,UNIT_SCADA,1,"2019/08/21 01:30:00",CALL_A_4,0
D,DISPATCH,UNIT_SCADA,1,"2019/08/21 01:30:00",CAPTL_WF,128.843994
D,DISPATCH,UNIT_SCADA,1,"2019/08/21 01:30:00",CATHROCK,46.649998
D,DISPATCH,UNIT_SCADA,1,"2019/08/21 01:30:00",CHALLHWF,24.200001
D,DISPATCH,UNIT_SCADA,1,"2019/08/21 01:30:00",CLOVER,0
D,DISPATCH,UNIT_SCADA,1,"2019/08/21 01:30:00",CLUNY,20.673380
D,DISPATCH,UNIT_SCADA,1,"2019/08/21 01:30:00",CNUNDAWF,41.548470
D,DISPATCH,UNIT_SCADA,1,"2019/08/21 01:30:00",CULLRGWF,30.33
D,DISPATCH,UNIT_SCADA,1,"2019/08/21 01:30:00",ERGT01,0
D,DISPATCH,UNIT_SCADA,1,"2019/08/21 01:30:00",GB01,0.064728
D,DISPATCH,UNIT_SCADA,1,"2019/08/21 01:30:00",GERMCRK,38.599998
D,DISPATCH,UNIT_SCADA,1,"2019/08/21 01:30:00",GRIFSF1,0
D,DISPATCH,UNIT_SCADA,1,"2019/08/21 01:30:00",HUGSF1,-0.2040
D,DISPATCH,UNIT_SCADA,1,"2019/08/21 01:30:00",LKBONNY1,76.180885
D,DISPATCH,UNIT_SCADA,1,"2019/08/21 01:30:00",LRSF1,0.0290
D,DISPATCH,UNIT_SCADA,1,"2019/08/21 01:30:00",MBAHNTH,55.724991
D,DISPATCH,UNIT_SCADA,1,"2019/08/21 01:30:00",MLSP1,0.283001
D,DISPATCH,UNIT_SCADA,1,"2019/08/21 01:30:00",MLWF1,19.77
D,DISPATCH,UNIT_SCADA,1,"2019/08/21 01:30:00",MTMILLAR,17.836824
D,DISPATCH,UNIT_SCADA,1,"2019/08/21 01:30:00",PALOONA,25.74
D,DISPATCH,UNIT_SCADA,1,"2019/08/21 01:30:00",PIONEER,31.60
D,DISPATCH,UNIT_SCADA,1,"2019/08/21 01:30:00",PORTWF,137.50
D,DISPATCH,UNIT_SCADA,1,"2019/08/21 01:30:00",REPULSE,28.954910
D,DISPATCH,UNIT_SCADA,1,"2019/08/21 01:30:00",ROWALLAN,10.0465
D,DISPATCH,UNIT_SCADA,1,"2019/08/21 01:30:00",ROYALLA1,0
D,DISPATCH,UNIT_SCADA,1,"2019/08/21 01:30:00",RPCG,12.60
D,DISPATCH,UNIT_SCADA,1,"2019/08/21 01:30:00",RUBICON,0
D,DISPATCH,UNIT_SCADA,1,"2019/08/21 01:30:00",SATGN1,0
D,DISPATCH,UNIT_SCADA,1,"2019/08/21 01:30:00",SATGS1,0
D,DISPATCH,UNIT_SCADA,1,"2019/08/21 01:30:00",STARHLWF,22.993296
D,DISPATCH,UNIT_SCADA,1,"2019/08/21 01:30:00",WAUBRAWF,168.531006
D,DISPATCH,UNIT_SCADA,1,"2019/08/21 01:30:00",WOOLNTH1,98.340019
D,DISPATCH,UNIT_SCADA,1,"2019/08/21 01:30:00",WPWF,56
D,DISPATCH,UNIT_SCADA,1,"2019/08/21 01:30:00",YAMBUKWF,29.50
D,DISPATCH,UNIT_SCADA,1,"2019/08/21 01:30:00",YSWF1,28.700001
D,DISPATCH,UNIT_SCADA,1,"2019/08/21 01:30:00",AGLHAL,0
D,DISPATCH,UNIT_SCADA,1,"2019/08/21 01:30:00",AGLSOM,0
D,DISPATCH,UNIT_SCADA,1,"2019/08/21 01:30:00",ANGAST1,0
D,DISPATCH,UNIT_SCADA,1,"2019/08/21 01:30:00",ARWF1,48.10
D,DISPATCH,UNIT_SCADA,1,"2019/08/21 01:30:00",BALBG1,0
D,DISPATCH,UNIT_SCADA,1,"2019/08/21 01:30:00",BALBL1,0
D,DISPATCH,UNIT_SCADA,1,"2019/08/21 01:30:00",BALDHWF1,102.5570
D,DISPATCH,UNIT_SCADA,1,"2019/08/21 01:30:00",BANN1,0
D,DISPATCH,UNIT_SCADA,1,"2019/08/21 01:30:00",BARCALDN,0
D,DISPATCH,UNIT_SCADA,1,"2019/08/21 01:30:00",BARRON-1,0
D,DISPATCH,UNIT_SCADA,1,"2019/08/21 01:30:00",BARRON-2,26.20
D,DISPATCH,UNIT_SCADA,1,"2019/08/21 01:30:00",BASTYAN,79.98
D,DISPATCH,UNIT_SCADA,1,"2019/08/21 01:30:00",BBTHREE1,-1.99
D,DISPATCH,UNIT_SCADA,1,"2019/08/21 01:30:00",BBTHREE2,-2
D,DISPATCH,UNIT_SCADA,1,"2019/08/21 01:30:00",BBTHREE3,-1.11
D,DISPATCH,UNIT_SCADA,1,"2019/08/21 01:30:00",BDL01,0
D,DISPATCH,UNIT_SCADA,1,"2019/08/21 01:30:00",BDL02,0
D,DISPATCH,UNIT_SCADA,1,"2019/08/21 01:30:00",BERYLSF1,0
D,DISPATCH,UNIT_SCADA,1,"2019/08/21 01:30:00",BLOWERNG,0
D,DISPATCH,UNIT_SCADA,1,"2019/08/21 01:30:00",BLUFF1,41.90
D,DISPATCH,UNIT_SCADA,1,"2019/08/21 01:30:00",BNGSF1,0
D,DISPATCH,UNIT_SCADA,1,"2019/08/21 01:30:00",BNGSF2,0
D,DISPATCH,UNIT_SCADA,1,"2019/08/21 01:30:00",BOCORWF1,111.21
D,DISPATCH,UNIT_SCADA,1,"2019/08/21 01:30:00",BODWF1,67.121750
D,DISPATCH,UNIT_SCADA,1,"2019/08/21 01:30:00",BRAEMAR1,0
D,DISPATCH,UNIT_SCADA,1,"2019/08/21 01:30:00",BRAEMAR2,0
D,DISPATCH,UNIT_SCADA,1,"2019/08/21 01:30:00",BRAEMAR3,0
D,DISPATCH,UNIT_SCADA,1,"2019/08/21 01:30:00",BRAEMAR5,0
D,DISPATCH,UNIT_SCADA,1,"2019/08/21 01:30:00",BRAEMAR6,0
D,DISPATCH,UNIT_SCADA,1,"2019/08/21 01:30:00",BRAEMAR7,0
D,DISPATCH,UNIT_SCADA,1,"2019/08/21 01:30:00",BROKENH1,0
D,DISPATCH,UNIT_SCADA,1,"2019/08/21 01:30:00",BW01,473.974980
D,DISPATCH,UNIT_SCADA,1,"2019/08/21 01:30:00",BW02,604.775020
D,DISPATCH,UNIT_SCADA,1,"2019/08/21 01:30:00",BW03,582.3750
D,DISPATCH,UNIT_SCADA,1,"2019/08/21 01:30:00",BW04,0
D,DISPATCH,UNIT_SCADA,1,"2019/08/21 01:30:00",CALL_B_1,349.800020
D,DISPATCH,UNIT_SCADA,1,"2019/08/21 01:30:00",CALL_B_2,299
D,DISPATCH,UNIT_SCADA,1,"2019/08/21 01:30:00",CETHANA,97.645620
D,DISPATCH,UNIT_SCADA,1,"2019/08/21 01:30:00",CG1,0
D,DISPATCH,UNIT_SCADA,1,"2019/08/21 01:30:00",CG2,0
D,DISPATCH,UNIT_SCADA,1,"2019/08/21 01:30:00",CG3,0
D,DISPATCH,UNIT_SCADA,1,"2019/08/21 01:30:00",CG4,0
D,DISPATCH,UNIT_SCADA,1,"2019/08/21 01:30:00",CHILDSF1,0
D,DISPATCH,UNIT_SCADA,1,"2019/08/21 01:30:00",CLARESF1,0
D,DISPATCH,UNIT_SCADA,1,"2019/08/21 01:30:00",CLEMGPWF,16.928230
D,DISPATCH,UNIT_SCADA,1,"2019/08/21 01:30:00",CLERMSF1,0
D,DISPATCH,UNIT_SCADA,1,"2019/08/21 01:30:00",COLEASF1,0
D,DISPATCH,UNIT_SCADA,1,"2019/08/21 01:30:00",COOPGWF1,58.191560
D,DISPATCH,UNIT_SCADA,1,"2019/08/21 01:30:00",CPP_3,407.274990
D,DISPATCH,UNIT_SCADA,1,"2019/08/21 01:30:00",CPP_4,407
D,DISPATCH,UNIT_SCADA,1,"2019/08/21 01:30:00",CPSA,143.504380
D,DISPATCH,UNIT_SCADA,1,"2019/08/21 01:30:00",CROOKWF2,89.573750
D,DISPATCH,UNIT_SCADA,1,"2019/08/21 01:30:00",CROWLWF1,51.445760
D,DISPATCH,UNIT_SCADA,1,"2019/08/21 01:30:00",CSPVPS1,0
D,DISPATCH,UNIT_SCADA,1,"2019/08/21 01:30:00",DALNTH01,0
D,DISPATCH,UNIT_SCADA,1,"2019/08/21 01:30:00",DALNTHL1,0.080870
D,DISPATCH,UNIT_SCADA,1,"2019/08/21 01:30:00",DARTM1,0
D,DISPATCH,UNIT_SCADA,1,"2019/08/21 01:30:00",DAYDSF1,0
D,DISPATCH,UNIT_SCADA,1,"2019/08/21 01:30:00",DDPS1,0
D,DISPATCH,UNIT_SCADA,1,"2019/08/21 01:30:00",DDSF1,0
D,DISPATCH,UNIT_SCADA,1,"2019/08/21 01:30:00",DEVILS_G,60.844140
D,DISPATCH,UNIT_SCADA,1,"2019/08/21 01:30:00",DG_NSW1,0
D,DISPATCH,UNIT_SCADA,1,"2019/08/21 01:30:00",DG_QLD1,0
D,DISPATCH,UNIT_SCADA,1,"2019/08/21 01:30:00",DG_SA1,0
D,DISPATCH,UNIT_SCADA,1,"2019/08/21 01:30:00",DG_TAS1,0
D,DISPATCH,UNIT_SCADA,1,"2019/08/21 01:30:00",DG_VIC1,0
D,DISPATCH,UNIT_SCADA,1,"2019/08/21 01:30:00",DRYCGT1,0
D,DISPATCH,UNIT_SCADA,1,"2019/08/21 01:30:00",DRYCGT2,0
D,DISPATCH,UNIT_SCADA,1,"2019/08/21 01:30:00",DRYCGT3,0
D,DISPATCH,UNIT_SCADA,1,"2019/08/21 01:30:00",EILDON1,0
D,DISPATCH,UNIT_SCADA,1,"2019/08/21 01:30:00",EILDON2,0
D,DISPATCH,UNIT_SCADA,1,"2019/08/21 01:30:00",EMERASF1,0
D,DISPATCH,UNIT_SCADA,1,"2019/08/21 01:30:00",ER01,500.8750
D,DISPATCH,UNIT_SCADA,1,"2019/08/21 01:30:00",ER02,360.574950
D,DISPATCH,UNIT_SCADA,1,"2019/08/21 01:30:00",ER03,379.6250
D,DISPATCH,UNIT_SCADA,1,"2019/08/21 01:30:00",ER04,501.025020
D,DISPATCH,UNIT_SCADA,1,"2019/08/21 01:30:00",FINLYSF1,0
D,DISPATCH,UNIT_SCADA,1,"2019/08/21 01:30:00",FISHER,45.93
D,DISPATCH,UNIT_SCADA,1,"2019/08/21 01:30:00",GANNBG1,0
D,DISPATCH,UNIT_SCADA,1,"2019/08/21 01:30:00",GANNBL1,10.009190
D,DISPATCH,UNIT_SCADA,1,"2019/08/21 01:30:00",GANNSF1,0
D,DISPATCH,UNIT_SCADA,1,"2019/08/21 01:30:00",GORDON,0
D,DISPATCH,UNIT_SCADA,1,"2019/08/21 01:30:00",GSTONE1,149.6250
D,DISPATCH,UNIT_SCADA,1,"2019/08/21 01:30:00",GSTONE2,139.8250
D,DISPATCH,UNIT_SCADA,1,"2019/08/21 01:30:00",GSTONE3,151.20
D,DISPATCH,UNIT_SCADA,1,"2019/08/21 01:30:00",GSTONE4,149.974990
D,DISPATCH,UNIT_SCADA,1,"2019/08/21 01:30:00",GSTONE5,149.80
D,DISPATCH,UNIT_SCADA,1,"2019/08/21 01:30:00",GSTONE6,0
D,DISPATCH,UNIT_SCADA,1,"2019/08/21 01:30:00",GULLRSF1,0
D,DISPATCH,UNIT_SCADA,1,"2019/08/21 01:30:00",GULLRWF1,160.568570
D,DISPATCH,UNIT_SCADA,1,"2019/08/21 01:30:00",GUNNING1,46.361940
D,DISPATCH,UNIT_SCADA,1,"2019/08/21 01:30:00",GUTHEGA,0
D,DISPATCH,UNIT_SCADA,1,"2019/08/21 01:30:00",HALLWF1,72.49
D,DISPATCH,UNIT_SCADA,1,"2019/08/21 01:30:00",HALLWF2,54.06
D,DISPATCH,UNIT_SCADA,1,"2019/08/21 01:30:00",HAMISF1,0
D,DISPATCH,UNIT_SCADA,1,"2019/08/21 01:30:00",HAUGHT11,0
D,DISPATCH,UNIT_SCADA,1,"2019/08/21 01:30:00",HAYMSF1,0
D,DISPATCH,UNIT_SCADA,1,"2019/08/21 01:30:00",HDWF1,81.80
D,DISPATCH,UNIT_SCADA,1,"2019/08/21 01:30:00",HDWF2,79.70
D,DISPATCH,UNIT_SCADA,1,"2019/08/21 01:30:00",HDWF3,88.10
D,DISPATCH,UNIT_SCADA,1,"2019/08/21 01:30:00",HPRG1,0
D,DISPATCH,UNIT_SCADA,1,"2019/08/21 01:30:00",HPRL1,0.40
D,DISPATCH,UNIT_SCADA,1,"2019/08/21 01:30:00",HUMENSW,0
D,DISPATCH,UNIT_SCADA,1,"2019/08/21 01:30:00",HUMEV,10.10
D,DISPATCH,UNIT_SCADA,1,"2019/08/21 01:30:00",HVGTS,0
D,DISPATCH,UNIT_SCADA,1,"2019/08/21 01:30:00",JBUTTERS,45.02
D,DISPATCH,UNIT_SCADA,1,"2019/08/21 01:30:00",JLA01,0.50
D,DISPATCH,UNIT_SCADA,1,"2019/08/21 01:30:00",JLA02,0
D,DISPATCH,UNIT_SCADA,1,"2019/08/21 01:30:00",JLA03,0.10
D,DISPATCH,UNIT_SCADA,1,"2019/08/21 01:30:00",JLA04,0.10
D,DISPATCH,UNIT_SCADA,1,"2019/08/21 01:30:00",JLB01,0
D,DISPATCH,UNIT_SCADA,1,"2019/08/21 01:30:00",JLB02,0.10
D,DISPATCH,UNIT_SCADA,1,"2019/08/21 01:30:00",JLB03,0
D,DISPATCH,UNIT_SCADA,1,"2019/08/21 01:30:00",KAREEYA1,21.57
D,DISPATCH,UNIT_SCADA,1,"2019/08/21 01:30:00",KAREEYA2,21.3975
D,DISPATCH,UNIT_SCADA,1,"2019/08/21 01:30:00",KAREEYA3,0
D,DISPATCH,UNIT_SCADA,1,"2019/08/21 01:30:00",KAREEYA4,21.6750
D,DISPATCH,UNIT_SCADA,1,"2019/08/21 01:30:00",KARSF1,0
D,DISPATCH,UNIT_SCADA,1,"2019/08/21 01:30:00",KIATAWF1,30.90
D,DISPATCH,UNIT_SCADA,1,"2019/08/21 01:30:00",KPP_1,0
D,DISPATCH,UNIT_SCADA,1,"2019/08/21 01:30:00",KSP1,0
D,DISPATCH,UNIT_SCADA,1,"2019/08/21 01:30:00",LADBROK1,0
D,DISPATCH,UNIT_SCADA,1,"2019/08/21 01:30:00",LADBROK2,0
D,DISPATCH,UNIT_SCADA,1,"2019/08/21 01:30:00",LD01,383.400090
D,DISPATCH,UNIT_SCADA,1,"2019/08/21 01:30:00",LD02,382.668730
D,DISPATCH,UNIT_SCADA,1,"2019/08/21 01:30:00",LD03,384.337550
D,DISPATCH,UNIT_SCADA,1,"2019/08/21 01:30:00",LD04,381.5625
D,DISPATCH,UNIT_SCADA,1,"2019/08/21 01:30:00",LEM_WIL,86.0135
D,DISPATCH,UNIT_SCADA,1,"2019/08/21 01:30:00",LGAPWF1,15.37
D,DISPATCH,UNIT_SCADA,1,"2019/08/21 01:30:00",LILYSF1,0
D,DISPATCH,UNIT_SCADA,1,"2019/08/21 01:30:00",LI_WY_CA,149.086070
D,DISPATCH,UNIT_SCADA,1,"2019/08/21 01:30:00",LKBONNY2,121.800450
D,DISPATCH,UNIT_SCADA,1,"2019/08/21 01:30:00",LKBONNY3,30.143890
D,DISPATCH,UNIT_SCADA,1,"2019/08/21 01:30:00",LK_ECHO,0
D,DISPATCH,UNIT_SCADA,1,"2019/08/21 01:30:00",LNGS1,0
D,DISPATCH,UNIT_SCADA,1,"2019/08/21 01:30:00",LNGS2,0
D,DISPATCH,UNIT_SCADA,1,"2019/08/21 01:30:00",LONSDALE,0
D,DISPATCH,UNIT_SCADA,1,"2019/08/21 01:30:00",LOYYB1,536.464540
D,DISPATCH,UNIT_SCADA,1,"2019/08/21 01:30:00",LOYYB2,582.330380
D,DISPATCH,UNIT_SCADA,1,"2019/08/21 01:30:00",LYA1,519
D,DISPATCH,UNIT_SCADA,1,"2019/08/21 01:30:00",LYA2,0
D,DISPATCH,UNIT_SCADA,1,"2019/08/21 01:30:00",LYA3,558
D,DISPATCH,UNIT_SCADA,1,"2019/08/21 01:30:00",LYA4,538
D,DISPATCH,UNIT_SCADA,1,"2019/08/21 01:30:00",MACARTH1,399.1908
D,DISPATCH,UNIT_SCADA,1,"2019/08/21 01:30:00",MACKAYGT,0
D,DISPATCH,UNIT_SCADA,1,"2019/08/21 01:30:00",MACKNTSH,25.17
D,DISPATCH,UNIT_SCADA,1,"2019/08/21 01:30:00",MANSLR1,0
D,DISPATCH,UNIT_SCADA,1,"2019/08/21 01:30:00",MCKAY1,0.02
D,DISPATCH,UNIT_SCADA,1,"2019/08/21 01:30:00",MEADOWBK,33.810140
D,DISPATCH,UNIT_SCADA,1,"2019/08/21 01:30:00",MERCER01,129.169010
D,DISPATCH,UNIT_SCADA,1,"2019/08/21 01:30:00",MEWF1,93.814780
D,DISPATCH,UNIT_SCADA,1,"2019/08/21 01:30:00",MINTARO,0
D,DISPATCH,UNIT_SCADA,1,"2019/08/21 01:30:00",MOREESF1,0
D,DISPATCH,UNIT_SCADA,1,"2019/08/21 01:30:00",MORTLK11,0
D,DISPATCH,UNIT_SCADA,1,"2019/08/21 01:30:00",MORTLK12,0
D,DISPATCH,UNIT_SCADA,1,"2019/08/21 01:30:00",MP1,281.949950
D,DISPATCH,UNIT_SCADA,1,"2019/08/21 01:30:00",MP2,0
D,DISPATCH,UNIT_SCADA,1,"2019/08/21 01:30:00",MPP_1,391.75
D,DISPATCH,UNIT_SCADA,1,"2019/08/21 01:30:00",MPP_2,424.25
D,DISPATCH,UNIT_SCADA,1,"2019/08/21 01:30:00",MSTUART1,0
D,DISPATCH,UNIT_SCADA,1,"2019/08/21 01:30:00",MSTUART2,0
D,DISPATCH,UNIT_SCADA,1,"2019/08/21 01:30:00",MSTUART3,0
D,DISPATCH,UNIT_SCADA,1,"2019/08/21 01:30:00",MTGELWF1,64.441360
D,DISPATCH,UNIT_SCADA,1,"2019/08/21 01:30:00",MURRAY,0
D,DISPATCH,UNIT_SCADA,1,"2019/08/21 01:30:00",MUSSELR1,163.100010
D,DISPATCH,UNIT_SCADA,1,"2019/08/21 01:30:00",MUWAWF1,51.02
D,DISPATCH,UNIT_SCADA,1,"2019/08/21 01:30:00",NBHWF1,91
D,DISPATCH,UNIT_SCADA,1,"2019/08/21 01:30:00",NPS,0
D,DISPATCH,UNIT_SCADA,1,"2019/08/21 01:30:00",NUMURSF1,0
D,DISPATCH,UNIT_SCADA,1,"2019/08/21 01:30:00",NYNGAN1,0
D,DISPATCH,UNIT_SCADA,1,"2019/08/21 01:30:00",OAKEY1,0
D,DISPATCH,UNIT_SCADA,1,"2019/08/21 01:30:00",OAKEY1SF,0.0380
D,DISPATCH,UNIT_SCADA,1,"2019/08/21 01:30:00",OAKEY2,0
D,DISPATCH,UNIT_SCADA,1,"2019/08/21 01:30:00",OAKLAND1,61.40
D,DISPATCH,UNIT_SCADA,1,"2019/08/21 01:30:00",OSB-AG,0
D,DISPATCH,UNIT_SCADA,1,"2019/08/21 01:30:00",PARSF1,0
D,DISPATCH,UNIT_SCADA,1,"2019/08/21 01:30:00",POAT110,0
D,DISPATCH,UNIT_SCADA,1,"2019/08/21 01:30:00",POAT220,26.06
D,DISPATCH,UNIT_SCADA,1,"2019/08/21 01:30:00",POR01,0
D,DISPATCH,UNIT_SCADA,1,"2019/08/21 01:30:00",POR03,0
D,DISPATCH,UNIT_SCADA,1,"2019/08/21 01:30:00",PPCCGT,180.934360
D,DISPATCH,UNIT_SCADA,1,"2019/08/21 01:30:00",PTSTAN1,0
D,DISPATCH,UNIT_SCADA,1,"2019/08/21 01:30:00",PUMP1,0
D,DISPATCH,UNIT_SCADA,1,"2019/08/21 01:30:00",PUMP2,0
D,DISPATCH,UNIT_SCADA,1,"2019/08/21 01:30:00",QPS1,0
D,DISPATCH,UNIT_SCADA,1,"2019/08/21 01:30:00",QPS2,0
D,DISPATCH,UNIT_SCADA,1,"2019/08/21 01:30:00",QPS3,0
D,DISPATCH,UNIT_SCADA,1,"2019/08/21 01:30:00",QPS4,0
D,DISPATCH,UNIT_SCADA,1,"2019/08/21 01:30:00",QPS5,0
D,DISPATCH,UNIT_SCADA,1,"2019/08/21 01:30:00",REECE1,97.98
D,DISPATCH,UNIT_SCADA,1,"2019/08/21 01:30:00",REECE2,118.550010
D,DISPATCH,UNIT_SCADA,1,"2019/08/21 01:30:00",ROMA_7,0
D,DISPATCH,UNIT_SCADA,1,"2019/08/21 01:30:00",ROMA_8,0
D,DISPATCH,UNIT_SCADA,1,"2019/08/21 01:30:00",RRSF1,0
D,DISPATCH,UNIT_SCADA,1,"2019/08/21 01:30:00",RT_NSW1,0
D,DISPATCH,UNIT_SCADA,1,"2019/08/21 01:30:00",RT_NSW2,0
D,DISPATCH,UNIT_SCADA,1,"2019/08/21 01:30:00",RT_NSW3,0
D,DISPATCH,UNIT_SCADA,1,"2019/08/21 01:30:00",RT_NSW4,0
D,DISPATCH,UNIT_SCADA,1,"2019/08/21 01:30:00",RT_NSW5,0
D,DISPATCH,UNIT_SCADA,1,"2019/08/21 01:30:00",RT_NSW6,0
D,DISPATCH,UNIT_SCADA,1,"2019/08/21 01:30:00",RT_QLD1,0
D,DISPATCH,UNIT_SCADA,1,"2019/08/21 01:30:00",RT_SA1,0
D,DISPATCH,UNIT_SCADA,1,"2019/08/21 01:30:00",RT_SA2,0
D,DISPATCH,UNIT_SCADA,1,"2019/08/21 01:30:00",RT_SA3,0
D,DISPATCH,UNIT_SCADA,1,"2019/08/21 01:30:00",RT_SA4,0
D,DISPATCH,UNIT_SCADA,1,"2019/08/21 01:30:00",RT_SA5,0
D,DISPATCH,UNIT_SCADA,1,"2019/08/21 01:30:00",RT_SA6,0
D,DISPATCH,UNIT_SCADA,1,"2019/08/21 01:30:00",RT_TAS1,0
D,DISPATCH,UNIT_SCADA,1,"2019/08/21 01:30:00",RT_VIC1,0
D,DISPATCH,UNIT_SCADA,1,"2019/08/21 01:30:00",RT_VIC10,0
D,DISPATCH,UNIT_SCADA,1,"2019/08/21 01:30:00",RT_VIC11,0
D,DISPATCH,UNIT_SCADA,1,"2019/08/21 01:30:00",RT_VIC12,0
D,DISPATCH,UNIT_SCADA,1,"2019/08/21 01:30:00",RT_VIC2,0
D,DISPATCH,UNIT_SCADA,1,"2019/08/21 01:30:00",RT_VIC3,0
D,DISPATCH,UNIT_SCADA,1,"2019/08/21 01:30:00",RT_VIC4,0
D,DISPATCH,UNIT_SCADA,1,"2019/08/21 01:30:00",RT_VIC5,0
D,DISPATCH,UNIT_SCADA,1,"2019/08/21 01:30:00",RT_VIC6,0
D,DISPATCH,UNIT_SCADA,1,"2019/08/21 01:30:00",RT_VIC7,0
D,DISPATCH,UNIT_SCADA,1,"2019/08/21 01:30:00",RT_VIC8,0
D,DISPATCH,UNIT_SCADA,1,"2019/08/21 01:30:00",RT_VIC9,0
D,DISPATCH,UNIT_SCADA,1,"2019/08/21 01:30:00",RUGBYR1,0
D,DISPATCH,UNIT_SCADA,1,"2019/08/21 01:30:00",SALTCRK1,52.16
D,DISPATCH,UNIT_SCADA,1,"2019/08/21 01:30:00",SAPHWF1,196.218750
D,DISPATCH,UNIT_SCADA,1,"2019/08/21 01:30:00",SHGEN,0
D,DISPATCH,UNIT_SCADA,1,"2019/08/21 01:30:00",SHPUMP,41.884380
D,DISPATCH,UNIT_SCADA,1,"2019/08/21 01:30:00",SITHE01,0.123710
D,DISPATCH,UNIT_SCADA,1,"2019/08/21 01:30:00",SMCSF1,0
D,DISPATCH,UNIT_SCADA,1,"2019/08/21 01:30:00",SNOWNTH1,48.70
D,DISPATCH,UNIT_SCADA,1,"2019/08/21 01:30:00",SNOWSTH1,72.40
D,DISPATCH,UNIT_SCADA,1,"2019/08/21 01:30:00",SNOWTWN1,29.070470
D,DISPATCH,UNIT_SCADA,1,"2019/08/21 01:30:00",SNOWYP,377.900020
D,DISPATCH,UNIT_SCADA,1,"2019/08/21 01:30:00",SNUG1,0.019440
D,DISPATCH,UNIT_SCADA,1,"2019/08/21 01:30:00",SRSF1,0.07
D,DISPATCH,UNIT_SCADA,1,"2019/08/21 01:30:00",STAN-1,0
D,DISPATCH,UNIT_SCADA,1,"2019/08/21 01:30:00",STAN-2,202.9955
D,DISPATCH,UNIT_SCADA,1,"2019/08/21 01:30:00",STAN-3,225.926540
D,DISPATCH,UNIT_SCADA,1,"2019/08/21 01:30:00",STAN-4,197.355670
D,DISPATCH,UNIT_SCADA,1,"2019/08/21 01:30:00",STWF1,116.7975
D,DISPATCH,UNIT_SCADA,1,"2019/08/21 01:30:00",SWAN_E,0
D,DISPATCH,UNIT_SCADA,1,"2019/08/21 01:30:00",TALWA1,190
D,DISPATCH,UNIT_SCADA,1,"2019/08/21 01:30:00",TARALGA1,49.050010
D,DISPATCH,UNIT_SCADA,1,"2019/08/21 01:30:00",TARONG#1,284.300020
D,DISPATCH,UNIT_SCADA,1,"2019/08/21 01:30:00",TARONG#2,111.40
D,DISPATCH,UNIT_SCADA,1,"2019/08/21 01:30:00",TARONG#3,260.50
D,DISPATCH,UNIT_SCADA,1,"2019/08/21 01:30:00",TARONG#4,281.50
D,DISPATCH,UNIT_SCADA,1,"2019/08/21 01:30:00",TARRALEA,85
D,DISPATCH,UNIT_SCADA,1,"2019/08/21 01:30:00",TBSF1,-0.20
D,DISPATCH,UNIT_SCADA,1,"2019/08/21 01:30:00",TNPS1,400.000030
D,DISPATCH,UNIT_SCADA,1,"2019/08/21 01:30:00",TORRA1,44.127690
D,DISPATCH,UNIT_SCADA,1,"2019/08/21 01:30:00",TORRA2,0
D,DISPATCH,UNIT_SCADA,1,"2019/08/21 01:30:00",TORRA3,0
D,DISPATCH,UNIT_SCADA,1,"2019/08/21 01:30:00",TORRA4,0
D,DISPATCH,UNIT_SCADA,1,"2019/08/21 01:30:00",TORRB1,41.07
D,DISPATCH,UNIT_SCADA,1,"2019/08/21 01:30:00",TORRB2,40.26
D,DISPATCH,UNIT_SCADA,1,"2019/08/21 01:30:00",TORRB3,0
D,DISPATCH,UNIT_SCADA,1,"2019/08/21 01:30:00",TORRB4,0
D,DISPATCH,UNIT_SCADA,1,"2019/08/21 01:30:00",TREVALLN,2.60
D,DISPATCH,UNIT_SCADA,1,"2019/08/21 01:30:00",TRIBUTE,45.03
D,DISPATCH,UNIT_SCADA,1,"2019/08/21 01:30:00",TUMUT3,0
D,DISPATCH,UNIT_SCADA,1,"2019/08/21 01:30:00",TUNGATIN,75.600010
D,DISPATCH,UNIT_SCADA,1,"2019/08/21 01:30:00",TVCC201,0
D,DISPATCH,UNIT_SCADA,1,"2019/08/21 01:30:00",TVPP104,0
D,DISPATCH,UNIT_SCADA,1,"2019/08/21 01:30:00",UPPTUMUT,0
D,DISPATCH,UNIT_SCADA,1,"2019/08/21 01:30:00",URANQ11,0
D,DISPATCH,UNIT_SCADA,1,"2019/08/21 01:30:00",URANQ12,0
D,DISPATCH,UNIT_SCADA,1,"2019/08/21 01:30:00",URANQ13,0
D,DISPATCH,UNIT_SCADA,1,"2019/08/21 01:30:00",URANQ14,0
D,DISPATCH,UNIT_SCADA,1,"2019/08/21 01:30:00",VP5,400.600010
D,DISPATCH,UNIT_SCADA,1,"2019/08/21 01:30:00",VP6,401.149990
D,DISPATCH,UNIT_SCADA,1,"2019/08/21 01:30:00",VPGS1,0
D,DISPATCH,UNIT_SCADA,1,"2019/08/21 01:30:00",VPGS2,0
D,DISPATCH,UNIT_SCADA,1,"2019/08/21 01:30:00",VPGS3,0
D,DISPATCH,UNIT_SCADA,1,"2019/08/21 01:30:00",VPGS4,0
D,DISPATCH,UNIT_SCADA,1,"2019/08/21 01:30:00",VPGS5,0
D,DISPATCH,UNIT_SCADA,1,"2019/08/21 01:30:00",VPGS6,0
D,DISPATCH,UNIT_SCADA,1,"2019/08/21 01:30:00",W/HOE#1,0
D,DISPATCH,UNIT_SCADA,1,"2019/08/21 01:30:00",W/HOE#2,0
D,DISPATCH,UNIT_SCADA,1,"2019/08/21 01:30:00",WATERLWF,95.70
D,DISPATCH,UNIT_SCADA,1,"2019/08/21 01:30:00",WEMENSF1,0
D,DISPATCH,UNIT_SCADA,1,"2019/08/21 01:30:00",WGWF1,92.40
D,DISPATCH,UNIT_SCADA,1,"2019/08/21 01:30:00",WHITSF1,0
D,DISPATCH,UNIT_SCADA,1,"2019/08/21 01:30:00",WKIEWA1,34.30
D,DISPATCH,UNIT_SCADA,1,"2019/08/21 01:30:00",WKIEWA2,17.20
D,DISPATCH,UNIT_SCADA,1,"2019/08/21 01:30:00",WOODLWN1,36.791990
D,DISPATCH,UNIT_SCADA,1,"2019/08/21 01:30:00",WRSF1,0
D,DISPATCH,UNIT_SCADA,1,"2019/08/21 01:30:00",WRWF1,141.009990
D,DISPATCH,UNIT_SCADA,1,"2019/08/21 01:30:00",YABULU,0
D,DISPATCH,UNIT_SCADA,1,"2019/08/21 01:30:00",YABULU2,0
D,DISPATCH,UNIT_SCADA,1,"2019/08/21 01:30:00",YARWUN_1,0
D,DISPATCH,UNIT_SCADA,1,"2019/08/21 01:30:00",YENDWF1,42.09
D,DISPATCH,UNIT_SCADA,1,"2019/08/21 01:30:00",YWPS1,355.136720
D,DISPATCH,UNIT_SCADA,1,"2019/08/21 01:30:00",YWPS2,280.949370
D,DISPATCH,UNIT_SCADA,1,"2019/08/21 01:30:00",YWPS3,0
D,DISPATCH,UNIT_SCADA,1,"2019/08/21 01:30:00",YWPS4,376.043030
C,"END OF REPORT",334
