C,NEMP.WORLD,DISPATCHSCADA,AEMO,PUBLIC,2019/08/21,16:00:07,0000000311832147,DISPATCHSCADA,0000000311832141
I,DISPATCH,UNIT_SCADA,1,SETTLEMENTDATE,DUID,SCADAVALUE
D,DISPATCH,UNIT_SCADA,1,"2019/08/21 16:05:00",BARCSF1,0.50
D,DISPATCH,UNIT_SCADA,1,"2019/08/21 16:05:00",BUTLERSG,9.599998
D,DISPATCH,UNIT_SCADA,1,"2019/08/21 16:05:00",CALL_A_4,0
D,DISPATCH,UNIT_SCADA,1,"2019/08/21 16:05:00",CAPTL_WF,135.3880
D,DISPATCH,UNIT_SCADA,1,"2019/08/21 16:05:00",CATHROCK,24.089998
D,DISPATCH,UNIT_SCADA,1,"2019/08/21 16:05:00",CHALLHWF,36.799999
D,DISPATCH,UNIT_SCADA,1,"2019/08/21 16:05:00",CLOVER,-0.02
D,DISPATCH,UNIT_SCADA,1,"2019/08/21 16:05:00",CLUNY,20.183565
D,DISPATCH,UNIT_SCADA,1,"2019/08/21 16:05:00",CNUNDAWF,38.745201
D,DISPATCH,UNIT_SCADA,1,"2019/08/21 16:05:00",CULLRGWF,30.469999
D,DISPATCH,UNIT_SCADA,1,"2019/08/21 16:05:00",ERGT01,0
D,DISPATCH,UNIT_SCADA,1,"2019/08/21 16:05:00",GB01,0.068523
D,DISPATCH,UNIT_SCADA,1,"2019/08/21 16:05:00",GERMCRK,32.799999
D,DISPATCH,UNIT_SCADA,1,"2019/08/21 16:05:00",GRIFSF1,3.400002
D,DISPATCH,UNIT_SCADA,1,"2019/08/21 16:05:00",HUGSF1,8.959001
D,DISPATCH,UNIT_SCADA,1,"2019/08/21 16:05:00",LKBONNY1,65.553070
D,DISPATCH,UNIT_SCADA,1,"2019/08/21 16:05:00",LRSF1,13.028001
D,DISPATCH,UNIT_SCADA,1,"2019/08/21 16:05:00",MBAHNTH,55.856247
D,DISPATCH,UNIT_SCADA,1,"2019/08/21 16:05:00",MLSP1,1.522001
D,DISPATCH,UNIT_SCADA,1,"2019/08/21 16:05:00",MLWF1,18.33
D,DISPATCH,UNIT_SCADA,1,"2019/08/21 16:05:00",MTMILLAR,9.986240
D,DISPATCH,UNIT_SCADA,1,"2019/08/21 16:05:00",PALOONA,24.719999
D,DISPATCH,UNIT_SCADA,1,"2019/08/21 16:05:00",PIONEER,25.40
D,DISPATCH,UNIT_SCADA,1,"2019/08/21 16:05:00",PORTWF,138.800003
D,DISPATCH,UNIT_SCADA,1,"2019/08/21 16:05:00",REPULSE,28.986649
D,DISPATCH,UNIT_SCADA,1,"2019/08/21 16:05:00",ROWALLAN,10.3802
D,DISPATCH,UNIT_SCADA,1,"2019/08/21 16:05:00",ROYALLA1,9.024001
D,DISPATCH,UNIT_SCADA,1,"2019/08/21 16:05:00",RPCG,10.20
D,DISPATCH,UNIT_SCADA,1,"2019/08/21 16:05:00",RUBICON,0
D,DISPATCH,UNIT_SCADA,1,"2019/08/21 16:05:00",SATGN1,0
D,DISPATCH,UNIT_SCADA,1,"2019/08/21 16:05:00",SATGS1,0
D,DISPATCH,UNIT_SCADA,1,"2019/08/21 16:05:00",STARHLWF,2.199359
D,DISPATCH,UNIT_SCADA,1,"2019/08/21 16:05:00",WAUBRAWF,174.641006
D,DISPATCH,UNIT_SCADA,1,"2019/08/21 16:05:00",WOOLNTH1,131.400024
D,DISPATCH,UNIT_SCADA,1,"2019/08/21 16:05:00",WPWF,76
D,DISPATCH,UNIT_SCADA,1,"2019/08/21 16:05:00",YAMBUKWF,29.40
D,DISPATCH,UNIT_SCADA,1,"2019/08/21 16:05:00",YSWF1,28.700001
D,DISPATCH,UNIT_SCADA,1,"2019/08/21 16:05:00",AGLHAL,0
D,DISPATCH,UNIT_SCADA,1,"2019/08/21 16:05:00",AGLSOM,0
D,DISPATCH,UNIT_SCADA,1,"2019/08/21 16:05:00",ANGAST1,0
D,DISPATCH,UNIT_SCADA,1,"2019/08/21 16:05:00",ARWF1,179.899990
D,DISPATCH,UNIT_SCADA,1,"2019/08/21 16:05:00",BALBG1,0
D,DISPATCH,UNIT_SCADA,1,"2019/08/21 16:05:00",BALBL1,0
D,DISPATCH,UNIT_SCADA,1,"2019/08/21 16:05:00",BALDHWF1,101.3840
D,DISPATCH,UNIT_SCADA,1,"2019/08/21 16:05:00",BANN1,39.87
D,DISPATCH,UNIT_SCADA,1,"2019/08/21 16:05:00",BARCALDN,0
D,DISPATCH,UNIT_SCADA,1,"2019/08/21 16:05:00",BARRON-1,0
D,DISPATCH,UNIT_SCADA,1,"2019/08/21 16:05:00",BARRON-2,25.92
D,DISPATCH,UNIT_SCADA,1,"2019/08/21 16:05:00",BASTYAN,78.600010
D,DISPATCH,UNIT_SCADA,1,"2019/08/21 16:05:00",BBTHREE1,-2.09
D,DISPATCH,UNIT_SCADA,1,"2019/08/21 16:05:00",BBTHREE2,-2.08
D,DISPATCH,UNIT_SCADA,1,"2019/08/21 16:05:00",BBTHREE3,-1.20
D,DISPATCH,UNIT_SCADA,1,"2019/08/21 16:05:00",BDL01,0
D,DISPATCH,UNIT_SCADA,1,"2019/08/21 16:05:00",BDL02,0
D,DISPATCH,UNIT_SCADA,1,"2019/08/21 16:05:00",BERYLSF1,30.262410
D,DISPATCH,UNIT_SCADA,1,"2019/08/21 16:05:00",BLOWERNG,0
D,DISPATCH,UNIT_SCADA,1,"2019/08/21 16:05:00",BLUFF1,49.50
D,DISPATCH,UNIT_SCADA,1,"2019/08/21 16:05:00",BNGSF1,94.80
D,DISPATCH,UNIT_SCADA,1,"2019/08/21 16:05:00",BNGSF2,20.02
D,DISPATCH,UNIT_SCADA,1,"2019/08/21 16:05:00",BOCORWF1,109.58
D,DISPATCH,UNIT_SCADA,1,"2019/08/21 16:05:00",BODWF1,107.881350
D,DISPATCH,UNIT_SCADA,1,"2019/08/21 16:05:00",BRAEMAR1,0
D,DISPATCH,UNIT_SCADA,1,"2019/08/21 16:05:00",BRAEMAR2,0
D,DISPATCH,UNIT_SCADA,1,"2019/08/21 16:05:00",BRAEMAR3,0
D,DISPATCH,UNIT_SCADA,1,"2019/08/21 16:05:00",BRAEMAR5,0
D,DISPATCH,UNIT_SCADA,1,"2019/08/21 16:05:00",BRAEMAR6,0
D,DISPATCH,UNIT_SCADA,1,"2019/08/21 16:05:00",BRAEMAR7,0
D,DISPATCH,UNIT_SCADA,1,"2019/08/21 16:05:00",BROKENH1,33.074220
D,DISPATCH,UNIT_SCADA,1,"2019/08/21 16:05:00",BW01,498.174930
D,DISPATCH,UNIT_SCADA,1,"2019/08/21 16:05:00",BW02,502.550050
D,DISPATCH,UNIT_SCADA,1,"2019/08/21 16:05:00",BW03,526.799930
D,DISPATCH,UNIT_SCADA,1,"2019/08/21 16:05:00",BW04,0
D,DISPATCH,UNIT_SCADA,1,"2019/08/21 16:05:00",CALL_B_1,332.800020
D,DISPATCH,UNIT_SCADA,1,"2019/08/21 16:05:00",CALL_B_2,350.300020
D,DISPATCH,UNIT_SCADA,1,"2019/08/21 16:05:00",CETHANA,39.7465
D,DISPATCH,UNIT_SCADA,1,"2019/08/21 16:05:00",CG1,0
D,DISPATCH,UNIT_SCADA,1,"2019/08/21 16:05:00",CG2,0
D,DISPATCH,UNIT_SCADA,1,"2019/08/21 16:05:00",CG3,0
D,DISPATCH,UNIT_SCADA,1,"2019/08/21 16:05:00",CG4,0
D,DISPATCH,UNIT_SCADA,1,"2019/08/21 16:05:00",CHILDSF1,40.04
D,DISPATCH,UNIT_SCADA,1,"2019/08/21 16:05:00",CLARESF1,38.359040
D,DISPATCH,UNIT_SCADA,1,"2019/08/21 16:05:00",CLEMGPWF,24.563940
D,DISPATCH,UNIT_SCADA,1,"2019/08/21 16:05:00",CLERMSF1,14.77
D,DISPATCH,UNIT_SCADA,1,"2019/08/21 16:05:00",COLEASF1,21.20
D,DISPATCH,UNIT_SCADA,1,"2019/08/21 16:05:00",COOPGWF1,24.284110
D,DISPATCH,UNIT_SCADA,1,"2019/08/21 16:05:00",CPP_3,345.399990
D,DISPATCH,UNIT_SCADA,1,"2019/08/21 16:05:00",CPP_4,381.975010
D,DISPATCH,UNIT_SCADA,1,"2019/08/21 16:05:00",CPSA,142.558750
D,DISPATCH,UNIT_SCADA,1,"2019/08/21 16:05:00",CROOKWF2,88.613750
D,DISPATCH,UNIT_SCADA,1,"2019/08/21 16:05:00",CROWLWF1,40.534020
D,DISPATCH,UNIT_SCADA,1,"2019/08/21 16:05:00",CSPVPS1,21.5410
D,DISPATCH,UNIT_SCADA,1,"2019/08/21 16:05:00",DALNTH01,0
D,DISPATCH,UNIT_SCADA,1,"2019/08/21 16:05:00",DALNTHL1,0.0351
D,DISPATCH,UNIT_SCADA,1,"2019/08/21 16:05:00",DARTM1,0
D,DISPATCH,UNIT_SCADA,1,"2019/08/21 16:05:00",DAYDSF1,104.226010
D,DISPATCH,UNIT_SCADA,1,"2019/08/21 16:05:00",DDPS1,38.033680
D,DISPATCH,UNIT_SCADA,1,"2019/08/21 16:05:00",DDSF1,50.933760
D,DISPATCH,UNIT_SCADA,1,"2019/08/21 16:05:00",DEVILS_G,0
D,DISPATCH,UNIT_SCADA,1,"2019/08/21 16:05:00",DG_NSW1,0
D,DISPATCH,UNIT_SCADA,1,"2019/08/21 16:05:00",DG_QLD1,0
D,DISPATCH,UNIT_SCADA,1,"2019/08/21 16:05:00",DG_SA1,0
D,DISPATCH,UNIT_SCADA,1,"2019/08/21 16:05:00",DG_TAS1,0
D,DISPATCH,UNIT_SCADA,1,"2019/08/21 16:05:00",DG_VIC1,0
D,DISPATCH,UNIT_SCADA,1,"2019/08/21 16:05:00",DRYCGT1,0
D,DISPATCH,UNIT_SCADA,1,"2019/08/21 16:05:00",DRYCGT2,0
D,DISPATCH,UNIT_SCADA,1,"2019/08/21 16:05:00",DRYCGT3,0
D,DISPATCH,UNIT_SCADA,1,"2019/08/21 16:05:00",EILDON1,0
D,DISPATCH,UNIT_SCADA,1,"2019/08/21 16:05:00",EILDON2,0
D,DISPATCH,UNIT_SCADA,1,"2019/08/21 16:05:00",EMERASF1,57.40
D,DISPATCH,UNIT_SCADA,1,"2019/08/21 16:05:00",ER01,438.074950
D,DISPATCH,UNIT_SCADA,1,"2019/08/21 16:05:00",ER02,439.949950
D,DISPATCH,UNIT_SCADA,1,"2019/08/21 16:05:00",ER03,699.425050
D,DISPATCH,UNIT_SCADA,1,"2019/08/21 16:05:00",ER04,437
D,DISPATCH,UNIT_SCADA,1,"2019/08/21 16:05:00",FINLYSF1,0.609190
D,DISPATCH,UNIT_SCADA,1,"2019/08/21 16:05:00",FISHER,45.87
D,DISPATCH,UNIT_SCADA,1,"2019/08/21 16:05:00",GANNBG1,0
D,DISPATCH,UNIT_SCADA,1,"2019/08/21 16:05:00",GANNBL1,5.896780
D,DISPATCH,UNIT_SCADA,1,"2019/08/21 16:05:00",GANNSF1,37.50
D,DISPATCH,UNIT_SCADA,1,"2019/08/21 16:05:00",GORDON,1.9376
D,DISPATCH,UNIT_SCADA,1,"2019/08/21 16:05:00",GSTONE1,143.149990
D,DISPATCH,UNIT_SCADA,1,"2019/08/21 16:05:00",GSTONE2,132.649990
D,DISPATCH,UNIT_SCADA,1,"2019/08/21 16:05:00",GSTONE3,144.20
D,DISPATCH,UNIT_SCADA,1,"2019/08/21 16:05:00",GSTONE4,144.724990
D,DISPATCH,UNIT_SCADA,1,"2019/08/21 16:05:00",GSTONE5,142.45
D,DISPATCH,UNIT_SCADA,1,"2019/08/21 16:05:00",GSTONE6,0
D,DISPATCH,UNIT_SCADA,1,"2019/08/21 16:05:00",GULLRSF1,4.126590
D,DISPATCH,UNIT_SCADA,1,"2019/08/21 16:05:00",GULLRWF1,154.8855
D,DISPATCH,UNIT_SCADA,1,"2019/08/21 16:05:00",GUNNING1,45.239980
D,DISPATCH,UNIT_SCADA,1,"2019/08/21 16:05:00",GUTHEGA,0
D,DISPATCH,UNIT_SCADA,1,"2019/08/21 16:05:00",HALLWF1,85.29
D,DISPATCH,UNIT_SCADA,1,"2019/08/21 16:05:00",HALLWF2,51.19
D,DISPATCH,UNIT_SCADA,1,"2019/08/21 16:05:00",HAMISF1,43.60
D,DISPATCH,UNIT_SCADA,1,"2019/08/21 16:05:00",HAUGHT11,49.979390
D,DISPATCH,UNIT_SCADA,1,"2019/08/21 16:05:00",HAYMSF1,36.3670
D,DISPATCH,UNIT_SCADA,1,"2019/08/21 16:05:00",HDWF1,56.10
D,DISPATCH,UNIT_SCADA,1,"2019/08/21 16:05:00",HDWF2,48.60
D,DISPATCH,UNIT_SCADA,1,"2019/08/21 16:05:00",HDWF3,59.90
D,DISPATCH,UNIT_SCADA,1,"2019/08/21 16:05:00",HPRG1,2.10
D,DISPATCH,UNIT_SCADA,1,"2019/08/21 16:05:00",HPRL1,0
D,DISPATCH,UNIT_SCADA,1,"2019/08/21 16:05:00",HUMENSW,0
D,DISPATCH,UNIT_SCADA,1,"2019/08/21 16:05:00",HUMEV,10.60
D,DISPATCH,UNIT_SCADA,1,"2019/08/21 16:05:00",HVGTS,0
D,DISPATCH,UNIT_SCADA,1,"2019/08/21 16:05:00",JBUTTERS,136.30
D,DISPATCH,UNIT_SCADA,1,"2019/08/21 16:05:00",JLA01,0.50
D,DISPATCH,UNIT_SCADA,1,"2019/08/21 16:05:00",JLA02,0
D,DISPATCH,UNIT_SCADA,1,"2019/08/21 16:05:00",JLA03,0.10
D,DISPATCH,UNIT_SCADA,1,"2019/08/21 16:05:00",JLA04,0.10
D,DISPATCH,UNIT_SCADA,1,"2019/08/21 16:05:00",JLB01,0
D,DISPATCH,UNIT_SCADA,1,"2019/08/21 16:05:00",JLB02,0.10
D,DISPATCH,UNIT_SCADA,1,"2019/08/21 16:05:00",JLB03,0
D,DISPATCH,UNIT_SCADA,1,"2019/08/21 16:05:00",KAREEYA1,21.5250
D,DISPATCH,UNIT_SCADA,1,"2019/08/21 16:05:00",KAREEYA2,21.5825
D,DISPATCH,UNIT_SCADA,1,"2019/08/21 16:05:00",KAREEYA3,0
D,DISPATCH,UNIT_SCADA,1,"2019/08/21 16:05:00",KAREEYA4,21.6475
D,DISPATCH,UNIT_SCADA,1,"2019/08/21 16:05:00",KARSF1,24.40
D,DISPATCH,UNIT_SCADA,1,"2019/08/21 16:05:00",KIATAWF1,30.70
D,DISPATCH,UNIT_SCADA,1,"2019/08/21 16:05:00",KPP_1,0
D,DISPATCH,UNIT_SCADA,1,"2019/08/21 16:05:00",KSP1,46.01
D,DISPATCH,UNIT_SCADA,1,"2019/08/21 16:05:00",LADBROK1,0
D,DISPATCH,UNIT_SCADA,1,"2019/08/21 16:05:00",LADBROK2,0
D,DISPATCH,UNIT_SCADA,1,"2019/08/21 16:05:00",LD01,345.862520
D,DISPATCH,UNIT_SCADA,1,"2019/08/21 16:05:00",LD02,301.237550
D,DISPATCH,UNIT_SCADA,1,"2019/08/21 16:05:00",LD03,324.018680
D,DISPATCH,UNIT_SCADA,1,"2019/08/21 16:05:00",LD04,352.725040
D,DISPATCH,UNIT_SCADA,1,"2019/08/21 16:05:00",LEM_WIL,85.9040
D,DISPATCH,UNIT_SCADA,1,"2019/08/21 16:05:00",LGAPWF1,3.54
D,DISPATCH,UNIT_SCADA,1,"2019/08/21 16:05:00",LILYSF1,82.313210
D,DISPATCH,UNIT_SCADA,1,"2019/08/21 16:05:00",LI_WY_CA,150.179720
D,DISPATCH,UNIT_SCADA,1,"2019/08/21 16:05:00",LKBONNY2,137.942960
D,DISPATCH,UNIT_SCADA,1,"2019/08/21 16:05:00",LKBONNY3,32.934990
D,DISPATCH,UNIT_SCADA,1,"2019/08/21 16:05:00",LK_ECHO,0
D,DISPATCH,UNIT_SCADA,1,"2019/08/21 16:05:00",LNGS1,0
D,DISPATCH,UNIT_SCADA,1,"2019/08/21 16:05:00",LNGS2,0
D,DISPATCH,UNIT_SCADA,1,"2019/08/21 16:05:00",LONSDALE,0
D,DISPATCH,UNIT_SCADA,1,"2019/08/21 16:05:00",LOYYB1,536.464540
D,DISPATCH,UNIT_SCADA,1,"2019/08/21 16:05:00",LOYYB2,585.337950
D,DISPATCH,UNIT_SCADA,1,"2019/08/21 16:05:00",LYA1,560
D,DISPATCH,UNIT_SCADA,1,"2019/08/21 16:05:00",LYA2,0
D,DISPATCH,UNIT_SCADA,1,"2019/08/21 16:05:00",LYA3,560
D,DISPATCH,UNIT_SCADA,1,"2019/08/21 16:05:00",LYA4,531
D,DISPATCH,UNIT_SCADA,1,"2019/08/21 16:05:00",MACARTH1,343.792050
D,DISPATCH,UNIT_SCADA,1,"2019/08/21 16:05:00",MACKAYGT,0
D,DISPATCH,UNIT_SCADA,1,"2019/08/21 16:05:00",MACKNTSH,85.860010
D,DISPATCH,UNIT_SCADA,1,"2019/08/21 16:05:00",MANSLR1,3.3640
D,DISPATCH,UNIT_SCADA,1,"2019/08/21 16:05:00",MCKAY1,0.02
D,DISPATCH,UNIT_SCADA,1,"2019/08/21 16:05:00",MEADOWBK,33.781560
D,DISPATCH,UNIT_SCADA,1,"2019/08/21 16:05:00",MERCER01,123.875990
D,DISPATCH,UNIT_SCADA,1,"2019/08/21 16:05:00",MEWF1,58.497020
D,DISPATCH,UNIT_SCADA,1,"2019/08/21 16:05:00",MINTARO,0
D,DISPATCH,UNIT_SCADA,1,"2019/08/21 16:05:00",MOREESF1,46.9620
D,DISPATCH,UNIT_SCADA,1,"2019/08/21 16:05:00",MORTLK11,0
D,DISPATCH,UNIT_SCADA,1,"2019/08/21 16:05:00",MORTLK12,0
D,DISPATCH,UNIT_SCADA,1,"2019/08/21 16:05:00",MP1,284.349980
D,DISPATCH,UNIT_SCADA,1,"2019/08/21 16:05:00",MP2,0
D,DISPATCH,UNIT_SCADA,1,"2019/08/21 16:05:00",MPP_1,301
D,DISPATCH,UNIT_SCADA,1,"2019/08/21 16:05:00",MPP_2,421.25
D,DISPATCH,UNIT_SCADA,1,"2019/08/21 16:05:00",MSTUART1,0
D,DISPATCH,UNIT_SCADA,1,"2019/08/21 16:05:00",MSTUART2,0
D,DISPATCH,UNIT_SCADA,1,"2019/08/21 16:05:00",MSTUART3,0
D,DISPATCH,UNIT_SCADA,1,"2019/08/21 16:05:00",MTGELWF1,64.317760
D,DISPATCH,UNIT_SCADA,1,"2019/08/21 16:05:00",MURRAY,0
D,DISPATCH,UNIT_SCADA,1,"2019/08/21 16:05:00",MUSSELR1,109.599990
D,DISPATCH,UNIT_SCADA,1,"2019/08/21 16:05:00",MUWAWF1,52.22
D,DISPATCH,UNIT_SCADA,1,"2019/08/21 16:05:00",NBHWF1,105
D,DISPATCH,UNIT_SCADA,1,"2019/08/21 16:05:00",NPS,50.25
D,DISPATCH,UNIT_SCADA,1,"2019/08/21 16:05:00",NUMURSF1,50.85
D,DISPATCH,UNIT_SCADA,1,"2019/08/21 16:05:00",NYNGAN1,52
D,DISPATCH,UNIT_SCADA,1,"2019/08/21 16:05:00",OAKEY1,0
D,DISPATCH,UNIT_SCADA,1,"2019/08/21 16:05:00",OAKEY1SF,18.9450
D,DISPATCH,UNIT_SCADA,1,"2019/08/21 16:05:00",OAKEY2,0
D,DISPATCH,UNIT_SCADA,1,"2019/08/21 16:05:00",OAKLAND1,54.50
D,DISPATCH,UNIT_SCADA,1,"2019/08/21 16:05:00",OSB-AG,0
D,DISPATCH,UNIT_SCADA,1,"2019/08/21 16:05:00",PARSF1,12.70
D,DISPATCH,UNIT_SCADA,1,"2019/08/21 16:05:00",POAT110,0
D,DISPATCH,UNIT_SCADA,1,"2019/08/21 16:05:00",POAT220,0.554240
D,DISPATCH,UNIT_SCADA,1,"2019/08/21 16:05:00",POR01,0
D,DISPATCH,UNIT_SCADA,1,"2019/08/21 16:05:00",POR03,0
D,DISPATCH,UNIT_SCADA,1,"2019/08/21 16:05:00",PPCCGT,174.894410
D,DISPATCH,UNIT_SCADA,1,"2019/08/21 16:05:00",PTSTAN1,0
D,DISPATCH,UNIT_SCADA,1,"2019/08/21 16:05:00",PUMP1,0
D,DISPATCH,UNIT_SCADA,1,"2019/08/21 16:05:00",PUMP2,0
D,DISPATCH,UNIT_SCADA,1,"2019/08/21 16:05:00",QPS1,0
D,DISPATCH,UNIT_SCADA,1,"2019/08/21 16:05:00",QPS2,0
D,DISPATCH,UNIT_SCADA,1,"2019/08/21 16:05:00",QPS3,0
D,DISPATCH,UNIT_SCADA,1,"2019/08/21 16:05:00",QPS4,0
D,DISPATCH,UNIT_SCADA,1,"2019/08/21 16:05:00",QPS5,0
D,DISPATCH,UNIT_SCADA,1,"2019/08/21 16:05:00",REECE1,114.750010
D,DISPATCH,UNIT_SCADA,1,"2019/08/21 16:05:00",REECE2,116.720010
D,DISPATCH,UNIT_SCADA,1,"2019/08/21 16:05:00",ROMA_7,0
D,DISPATCH,UNIT_SCADA,1,"2019/08/21 16:05:00",ROMA_8,0
D,DISPATCH,UNIT_SCADA,1,"2019/08/21 16:05:00",RRSF1,91.610020
D,DISPATCH,UNIT_SCADA,1,"2019/08/21 16:05:00",RT_NSW1,0
D,DISPATCH,UNIT_SCADA,1,"2019/08/21 16:05:00",RT_NSW2,0
D,DISPATCH,UNIT_SCADA,1,"2019/08/21 16:05:00",RT_NSW3,0
D,DISPATCH,UNIT_SCADA,1,"2019/08/21 16:05:00",RT_NSW4,0
D,DISPATCH,UNIT_SCADA,1,"2019/08/21 16:05:00",RT_NSW5,0
D,DISPATCH,UNIT_SCADA,1,"2019/08/21 16:05:00",RT_NSW6,0
D,DISPATCH,UNIT_SCADA,1,"2019/08/21 16:05:00",RT_QLD1,0
D,DISPATCH,UNIT_SCADA,1,"2019/08/21 16:05:00",RT_SA1,0
D,DISPATCH,UNIT_SCADA,1,"2019/08/21 16:05:00",RT_SA2,0
D,DISPATCH,UNIT_SCADA,1,"2019/08/21 16:05:00",RT_SA3,0
D,DISPATCH,UNIT_SCADA,1,"2019/08/21 16:05:00",RT_SA4,0
D,DISPATCH,UNIT_SCADA,1,"2019/08/21 16:05:00",RT_SA5,0
D,DISPATCH,UNIT_SCADA,1,"2019/08/21 16:05:00",RT_SA6,0
D,DISPATCH,UNIT_SCADA,1,"2019/08/21 16:05:00",RT_TAS1,0
D,DISPATCH,UNIT_SCADA,1,"2019/08/21 16:05:00",RT_VIC1,0
D,DISPATCH,UNIT_SCADA,1,"2019/08/21 16:05:00",RT_VIC10,0
D,DISPATCH,UNIT_SCADA,1,"2019/08/21 16:05:00",RT_VIC11,0
D,DISPATCH,UNIT_SCADA,1,"2019/08/21 16:05:00",RT_VIC12,0
D,DISPATCH,UNIT_SCADA,1,"2019/08/21 16:05:00",RT_VIC2,0
D,DISPATCH,UNIT_SCADA,1,"2019/08/21 16:05:00",RT_VIC3,0
D,DISPATCH,UNIT_SCADA,1,"2019/08/21 16:05:00",RT_VIC4,0
D,DISPATCH,UNIT_SCADA,1,"2019/08/21 16:05:00",RT_VIC5,0
D,DISPATCH,UNIT_SCADA,1,"2019/08/21 16:05:00",RT_VIC6,0
D,DISPATCH,UNIT_SCADA,1,"2019/08/21 16:05:00",RT_VIC7,0
D,DISPATCH,UNIT_SCADA,1,"2019/08/21 16:05:00",RT_VIC8,0
D,DISPATCH,UNIT_SCADA,1,"2019/08/21 16:05:00",RT_VIC9,0
D,DISPATCH,UNIT_SCADA,1,"2019/08/21 16:05:00",RUGBYR1,42.829820
D,DISPATCH,UNIT_SCADA,1,"2019/08/21 16:05:00",SALTCRK1,51.23
D,DISPATCH,UNIT_SCADA,1,"2019/08/21 16:05:00",SAPHWF1,200.381260
D,DISPATCH,UNIT_SCADA,1,"2019/08/21 16:05:00",SHGEN,0
D,DISPATCH,UNIT_SCADA,1,"2019/08/21 16:05:00",SHPUMP,120
D,DISPATCH,UNIT_SCADA,1,"2019/08/21 16:05:00",SITHE01,0.005650
D,DISPATCH,UNIT_SCADA,1,"2019/08/21 16:05:00",SMCSF1,47.482370
D,DISPATCH,UNIT_SCADA,1,"2019/08/21 16:05:00",SNOWNTH1,62.20
D,DISPATCH,UNIT_SCADA,1,"2019/08/21 16:05:00",SNOWSTH1,76.70
D,DISPATCH,UNIT_SCADA,1,"2019/08/21 16:05:00",SNOWTWN1,40.675160
D,DISPATCH,UNIT_SCADA,1,"2019/08/21 16:05:00",SNOWYP,0
D,DISPATCH,UNIT_SCADA,1,"2019/08/21 16:05:00",SNUG1,0.019440
D,DISPATCH,UNIT_SCADA,1,"2019/08/21 16:05:00",SRSF1,34.55
D,DISPATCH,UNIT_SCADA,1,"2019/08/21 16:05:00",STAN-1,0
D,DISPATCH,UNIT_SCADA,1,"2019/08/21 16:05:00",STAN-2,282.542760
D,DISPATCH,UNIT_SCADA,1,"2019/08/21 16:05:00",STAN-3,282.055690
D,DISPATCH,UNIT_SCADA,1,"2019/08/21 16:05:00",STAN-4,279.069150
D,DISPATCH,UNIT_SCADA,1,"2019/08/21 16:05:00",STWF1,30.4425
D,DISPATCH,UNIT_SCADA,1,"2019/08/21 16:05:00",SWAN_E,0
D,DISPATCH,UNIT_SCADA,1,"2019/08/21 16:05:00",TALWA1,6
D,DISPATCH,UNIT_SCADA,1,"2019/08/21 16:05:00",TARALGA1,56.332520
D,DISPATCH,UNIT_SCADA,1,"2019/08/21 16:05:00",TARONG#1,283.600010
D,DISPATCH,UNIT_SCADA,1,"2019/08/21 16:05:00",TARONG#2,283.700010
D,DISPATCH,UNIT_SCADA,1,"2019/08/21 16:05:00",TARONG#3,259.800020
D,DISPATCH,UNIT_SCADA,1,"2019/08/21 16:05:00",TARONG#4,280.399990
D,DISPATCH,UNIT_SCADA,1,"2019/08/21 16:05:00",TARRALEA,86.10
D,DISPATCH,UNIT_SCADA,1,"2019/08/21 16:05:00",TBSF1,43.20
D,DISPATCH,UNIT_SCADA,1,"2019/08/21 16:05:00",TNPS1,442.000030
D,DISPATCH,UNIT_SCADA,1,"2019/08/21 16:05:00",TORRA1,38.103910
D,DISPATCH,UNIT_SCADA,1,"2019/08/21 16:05:00",TORRA2,0
D,DISPATCH,UNIT_SCADA,1,"2019/08/21 16:05:00",TORRA3,0
D,DISPATCH,UNIT_SCADA,1,"2019/08/21 16:05:00",TORRA4,0
D,DISPATCH,UNIT_SCADA,1,"2019/08/21 16:05:00",TORRB1,47.66
D,DISPATCH,UNIT_SCADA,1,"2019/08/21 16:05:00",TORRB2,47.20
D,DISPATCH,UNIT_SCADA,1,"2019/08/21 16:05:00",TORRB3,0
D,DISPATCH,UNIT_SCADA,1,"2019/08/21 16:05:00",TORRB4,0
D,DISPATCH,UNIT_SCADA,1,"2019/08/21 16:05:00",TREVALLN,44.240010
D,DISPATCH,UNIT_SCADA,1,"2019/08/21 16:05:00",TRIBUTE,0
D,DISPATCH,UNIT_SCADA,1,"2019/08/21 16:05:00",TUMUT3,0
D,DISPATCH,UNIT_SCADA,1,"2019/08/21 16:05:00",TUNGATIN,121.840030
D,DISPATCH,UNIT_SCADA,1,"2019/08/21 16:05:00",TVCC201,0
D,DISPATCH,UNIT_SCADA,1,"2019/08/21 16:05:00",TVPP104,0
D,DISPATCH,UNIT_SCADA,1,"2019/08/21 16:05:00",UPPTUMUT,0
D,DISPATCH,UNIT_SCADA,1,"2019/08/21 16:05:00",URANQ11,0
D,DISPATCH,UNIT_SCADA,1,"2019/08/21 16:05:00",URANQ12,0
D,DISPATCH,UNIT_SCADA,1,"2019/08/21 16:05:00",URANQ13,0
D,DISPATCH,UNIT_SCADA,1,"2019/08/21 16:05:00",URANQ14,0
D,DISPATCH,UNIT_SCADA,1,"2019/08/21 16:05:00",VP5,421.675020
D,DISPATCH,UNIT_SCADA,1,"2019/08/21 16:05:00",VP6,411.474980
D,DISPATCH,UNIT_SCADA,1,"2019/08/21 16:05:00",VPGS1,0
D,DISPATCH,UNIT_SCADA,1,"2019/08/21 16:05:00",VPGS2,0
D,DISPATCH,UNIT_SCADA,1,"2019/08/21 16:05:00",VPGS3,0
D,DISPATCH,UNIT_SCADA,1,"2019/08/21 16:05:00",VPGS4,0
D,DISPATCH,UNIT_SCADA,1,"2019/08/21 16:05:00",VPGS5,0
D,DISPATCH,UNIT_SCADA,1,"2019/08/21 16:05:00",VPGS6,0
D,DISPATCH,UNIT_SCADA,1,"2019/08/21 16:05:00",W/HOE#1,0
D,DISPATCH,UNIT_SCADA,1,"2019/08/21 16:05:00",W/HOE#2,0
D,DISPATCH,UNIT_SCADA,1,"2019/08/21 16:05:00",WATERLWF,79.80
D,DISPATCH,UNIT_SCADA,1,"2019/08/21 16:05:00",WEMENSF1,31.50
D,DISPATCH,UNIT_SCADA,1,"2019/08/21 16:05:00",WGWF1,86.10
D,DISPATCH,UNIT_SCADA,1,"2019/08/21 16:05:00",WHITSF1,41.30
D,DISPATCH,UNIT_SCADA,1,"2019/08/21 16:05:00",WKIEWA1,0
D,DISPATCH,UNIT_SCADA,1,"2019/08/21 16:05:00",WKIEWA2,0.10
D,DISPATCH,UNIT_SCADA,1,"2019/08/21 16:05:00",WOODLWN1,42.8670
D,DISPATCH,UNIT_SCADA,1,"2019/08/21 16:05:00",WRSF1,2.96
D,DISPATCH,UNIT_SCADA,1,"2019/08/21 16:05:00",WRWF1,166.241260
D,DISPATCH,UNIT_SCADA,1,"2019/08/21 16:05:00",YABULU,0
D,DISPATCH,UNIT_SCADA,1,"2019/08/21 16:05:00",YABULU2,0
D,DISPATCH,UNIT_SCADA,1,"2019/08/21 16:05:00",YARWUN_1,0
D,DISPATCH,UNIT_SCADA,1,"2019/08/21 16:05:00",YENDWF1,41.93
D,DISPATCH,UNIT_SCADA,1,"2019/08/21 16:05:00",YWPS1,377.443020
D,DISPATCH,UNIT_SCADA,1,"2019/08/21 16:05:00",YWPS2,283.205080
D,DISPATCH,UNIT_SCADA,1,"2019/08/21 16:05:00",YWPS3,0
D,DISPATCH,UNIT_SCADA,1,"2019/08/21 16:05:00",YWPS4,396.649350
C,"END OF REPORT",334
