C,NEMP.WORLD,DISPATCHSCADA,AEMO,PUBLIC,2019/08/22,12:50:09,0000000311867501,DISPATCHSCADA,0000000311867495
I,DISPATCH,UNIT_SCADA,1,SETTLEMENTDATE,DUID,SCADAVALUE
D,DISPATCH,UNIT_SCADA,1,"2019/08/22 12:55:00",BARCSF1,18
D,DISPATCH,UNIT_SCADA,1,"2019/08/22 12:55:00",BUTLERSG,9.699999
D,DISPATCH,UNIT_SCADA,1,"2019/08/22 12:55:00",CALL_A_4,0
D,DISPATCH,UNIT_SCADA,1,"2019/08/22 12:55:00",CAPTL_WF,88.480003
D,DISPATCH,UNIT_SCADA,1,"2019/08/22 12:55:00",CATHROCK,0
D,DISPATCH,UNIT_SCADA,1,"2019/08/22 12:55:00",CHALLHWF,23.90
D,DISPATCH,UNIT_SCADA,1,"2019/08/22 12:55:00",CLOVER,-0.01
D,DISPATCH,UNIT_SCADA,1,"2019/08/22 12:55:00",CLUNY,20.040741
D,DISPATCH,UNIT_SCADA,1,"2019/08/22 12:55:00",CNUNDAWF,4.805606
D,DISPATCH,UNIT_SCADA,1,"2019/08/22 12:55:00",CULLRGWF,26.959999
D,DISPATCH,UNIT_SCADA,1,"2019/08/22 12:55:00",ERGT01,0
D,DISPATCH,UNIT_SCADA,1,"2019/08/22 12:55:00",GB01,0.066563
D,DISPATCH,UNIT_SCADA,1,"2019/08/22 12:55:00",GERMCRK,34.299999
D,DISPATCH,UNIT_SCADA,1,"2019/08/22 12:55:00",GRIFSF1,24.199997
D,DISPATCH,UNIT_SCADA,1,"2019/08/22 12:55:00",HUGSF1,8.9630
D,DISPATCH,UNIT_SCADA,1,"2019/08/22 12:55:00",LKBONNY1,9.645411
D,DISPATCH,UNIT_SCADA,1,"2019/08/22 12:55:00",LRSF1,12.295001
D,DISPATCH,UNIT_SCADA,1,"2019/08/22 12:55:00",MBAHNTH,55.425003
D,DISPATCH,UNIT_SCADA,1,"2019/08/22 12:55:00",MLSP1,12.591002
D,DISPATCH,UNIT_SCADA,1,"2019/08/22 12:55:00",MLWF1,14.5050
D,DISPATCH,UNIT_SCADA,1,"2019/08/22 12:55:00",MTMILLAR,1.785915
D,DISPATCH,UNIT_SCADA,1,"2019/08/22 12:55:00",PALOONA,28.799999
D,DISPATCH,UNIT_SCADA,1,"2019/08/22 12:55:00",PIONEER,36.700001
D,DISPATCH,UNIT_SCADA,1,"2019/08/22 12:55:00",PORTWF,22.10
D,DISPATCH,UNIT_SCADA,1,"2019/08/22 12:55:00",REPULSE,28.954910
D,DISPATCH,UNIT_SCADA,1,"2019/08/22 12:55:00",ROWALLAN,10.2453
D,DISPATCH,UNIT_SCADA,1,"2019/08/22 12:55:00",ROYALLA1,19.5270
D,DISPATCH,UNIT_SCADA,1,"2019/08/22 12:55:00",RPCG,10.80
D,DISPATCH,UNIT_SCADA,1,"2019/08/22 12:55:00",RUBICON,0
D,DISPATCH,UNIT_SCADA,1,"2019/08/22 12:55:00",SATGN1,0
D,DISPATCH,UNIT_SCADA,1,"2019/08/22 12:55:00",SATGS1,0
D,DISPATCH,UNIT_SCADA,1,"2019/08/22 12:55:00",STARHLWF,2.899155
D,DISPATCH,UNIT_SCADA,1,"2019/08/22 12:55:00",WAUBRAWF,139.639999
D,DISPATCH,UNIT_SCADA,1,"2019/08/22 12:55:00",WOOLNTH1,112.680023
D,DISPATCH,UNIT_SCADA,1,"2019/08/22 12:55:00",WPWF,4
D,DISPATCH,UNIT_SCADA,1,"2019/08/22 12:55:00",YAMBUKWF,5.10
D,DISPATCH,UNIT_SCADA,1,"2019/08/22 12:55:00",YSWF1,18.200001
D,DISPATCH,UNIT_SCADA,1,"2019/08/22 12:55:00",AGLHAL,0
D,DISPATCH,UNIT_SCADA,1,"2019/08/22 12:55:00",AGLSOM,0
D,DISPATCH,UNIT_SCADA,1,"2019/08/22 12:55:00",ANGAST1,0
D,DISPATCH,UNIT_SCADA,1,"2019/08/22 12:55:00",ARWF1,176.80
D,DISPATCH,UNIT_SCADA,1,"2019/08/22 12:55:00",BALBG1,0
D,DISPATCH,UNIT_SCADA,1,"2019/08/22 12:55:00",BALBL1,8.58
D,DISPATCH,UNIT_SCADA,1,"2019/08/22 12:55:00",BALDHWF1,87.5230
D,DISPATCH,UNIT_SCADA,1,"2019/08/22 12:55:00",BANN1,46.39
D,DISPATCH,UNIT_SCADA,1,"2019/08/22 12:55:00",BARCALDN,0
D,DISPATCH,UNIT_SCADA,1,"2019/08/22 12:55:00",BARRON-1,0
D,DISPATCH,UNIT_SCADA,1,"2019/08/22 12:55:00",BARRON-2,0
D,DISPATCH,UNIT_SCADA,1,"2019/08/22 12:55:00",BASTYAN,78.240010
D,DISPATCH,UNIT_SCADA,1,"2019/08/22 12:55:00",BBTHREE1,-1.68
D,DISPATCH,UNIT_SCADA,1,"2019/08/22 12:55:00",BBTHREE2,-1.74
D,DISPATCH,UNIT_SCADA,1,"2019/08/22 12:55:00",BBTHREE3,0
D,DISPATCH,UNIT_SCADA,1,"2019/08/22 12:55:00",BDL01,0
D,DISPATCH,UNIT_SCADA,1,"2019/08/22 12:55:00",BDL02,0
D,DISPATCH,UNIT_SCADA,1,"2019/08/22 12:55:00",BERYLSF1,65.731220
D,DISPATCH,UNIT_SCADA,1,"2019/08/22 12:55:00",BLOWERNG,0
D,DISPATCH,UNIT_SCADA,1,"2019/08/22 12:55:00",BLUFF1,0.10
D,DISPATCH,UNIT_SCADA,1,"2019/08/22 12:55:00",BNGSF1,100.12
D,DISPATCH,UNIT_SCADA,1,"2019/08/22 12:55:00",BNGSF2,19.95
D,DISPATCH,UNIT_SCADA,1,"2019/08/22 12:55:00",BOCORWF1,109.24
D,DISPATCH,UNIT_SCADA,1,"2019/08/22 12:55:00",BODWF1,108.492230
D,DISPATCH,UNIT_SCADA,1,"2019/08/22 12:55:00",BRAEMAR1,0
D,DISPATCH,UNIT_SCADA,1,"2019/08/22 12:55:00",BRAEMAR2,0
D,DISPATCH,UNIT_SCADA,1,"2019/08/22 12:55:00",BRAEMAR3,0
D,DISPATCH,UNIT_SCADA,1,"2019/08/22 12:55:00",BRAEMAR5,0
D,DISPATCH,UNIT_SCADA,1,"2019/08/22 12:55:00",BRAEMAR6,0
D,DISPATCH,UNIT_SCADA,1,"2019/08/22 12:55:00",BRAEMAR7,0
D,DISPATCH,UNIT_SCADA,1,"2019/08/22 12:55:00",BROKENH1,53.1438
D,DISPATCH,UNIT_SCADA,1,"2019/08/22 12:55:00",BW01,506.050050
D,DISPATCH,UNIT_SCADA,1,"2019/08/22 12:55:00",BW02,527.674930
D,DISPATCH,UNIT_SCADA,1,"2019/08/22 12:55:00",BW03,509.3750
D,DISPATCH,UNIT_SCADA,1,"2019/08/22 12:55:00",BW04,0
D,DISPATCH,UNIT_SCADA,1,"2019/08/22 12:55:00",CALL_B_1,249.70
D,DISPATCH,UNIT_SCADA,1,"2019/08/22 12:55:00",CALL_B_2,279.899990
D,DISPATCH,UNIT_SCADA,1,"2019/08/22 12:55:00",CETHANA,98.783250
D,DISPATCH,UNIT_SCADA,1,"2019/08/22 12:55:00",CG1,0
D,DISPATCH,UNIT_SCADA,1,"2019/08/22 12:55:00",CG2,0
D,DISPATCH,UNIT_SCADA,1,"2019/08/22 12:55:00",CG3,0
D,DISPATCH,UNIT_SCADA,1,"2019/08/22 12:55:00",CG4,0
D,DISPATCH,UNIT_SCADA,1,"2019/08/22 12:55:00",CHILDSF1,40.12
D,DISPATCH,UNIT_SCADA,1,"2019/08/22 12:55:00",CLARESF1,2.027010
D,DISPATCH,UNIT_SCADA,1,"2019/08/22 12:55:00",CLEMGPWF,-0.360180
D,DISPATCH,UNIT_SCADA,1,"2019/08/22 12:55:00",CLERMSF1,0
D,DISPATCH,UNIT_SCADA,1,"2019/08/22 12:55:00",COLEASF1,94.20
D,DISPATCH,UNIT_SCADA,1,"2019/08/22 12:55:00",COOPGWF1,32.114030
D,DISPATCH,UNIT_SCADA,1,"2019/08/22 12:55:00",CPP_3,320.925020
D,DISPATCH,UNIT_SCADA,1,"2019/08/22 12:55:00",CPP_4,292.8750
D,DISPATCH,UNIT_SCADA,1,"2019/08/22 12:55:00",CPSA,91.194370
D,DISPATCH,UNIT_SCADA,1,"2019/08/22 12:55:00",CROOKWF2,74.884990
D,DISPATCH,UNIT_SCADA,1,"2019/08/22 12:55:00",CROWLWF1,39.610370
D,DISPATCH,UNIT_SCADA,1,"2019/08/22 12:55:00",CSPVPS1,0.5840
D,DISPATCH,UNIT_SCADA,1,"2019/08/22 12:55:00",DALNTH01,0
D,DISPATCH,UNIT_SCADA,1,"2019/08/22 12:55:00",DALNTHL1,0.050350
D,DISPATCH,UNIT_SCADA,1,"2019/08/22 12:55:00",DARTM1,134.50
D,DISPATCH,UNIT_SCADA,1,"2019/08/22 12:55:00",DAYDSF1,0
D,DISPATCH,UNIT_SCADA,1,"2019/08/22 12:55:00",DDPS1,0
D,DISPATCH,UNIT_SCADA,1,"2019/08/22 12:55:00",DDSF1,41.955330
D,DISPATCH,UNIT_SCADA,1,"2019/08/22 12:55:00",DEVILS_G,0
D,DISPATCH,UNIT_SCADA,1,"2019/08/22 12:55:00",DG_NSW1,0
D,DISPATCH,UNIT_SCADA,1,"2019/08/22 12:55:00",DG_QLD1,0
D,DISPATCH,UNIT_SCADA,1,"2019/08/22 12:55:00",DG_SA1,0
D,DISPATCH,UNIT_SCADA,1,"2019/08/22 12:55:00",DG_TAS1,0
D,DISPATCH,UNIT_SCADA,1,"2019/08/22 12:55:00",DG_VIC1,0
D,DISPATCH,UNIT_SCADA,1,"2019/08/22 12:55:00",DRYCGT1,0
D,DISPATCH,UNIT_SCADA,1,"2019/08/22 12:55:00",DRYCGT2,0
D,DISPATCH,UNIT_SCADA,1,"2019/08/22 12:55:00",DRYCGT3,0
D,DISPATCH,UNIT_SCADA,1,"2019/08/22 12:55:00",EILDON1,0
D,DISPATCH,UNIT_SCADA,1,"2019/08/22 12:55:00",EILDON2,0
D,DISPATCH,UNIT_SCADA,1,"2019/08/22 12:55:00",EMERASF1,60.68
D,DISPATCH,UNIT_SCADA,1,"2019/08/22 12:55:00",ER01,296.325070
D,DISPATCH,UNIT_SCADA,1,"2019/08/22 12:55:00",ER02,361.925050
D,DISPATCH,UNIT_SCADA,1,"2019/08/22 12:55:00",ER03,699.599980
D,DISPATCH,UNIT_SCADA,1,"2019/08/22 12:55:00",ER04,365.425050
D,DISPATCH,UNIT_SCADA,1,"2019/08/22 12:55:00",FINLYSF1,3.378370
D,DISPATCH,UNIT_SCADA,1,"2019/08/22 12:55:00",FISHER,45.94
D,DISPATCH,UNIT_SCADA,1,"2019/08/22 12:55:00",GANNBG1,0
D,DISPATCH,UNIT_SCADA,1,"2019/08/22 12:55:00",GANNBL1,7.4703
D,DISPATCH,UNIT_SCADA,1,"2019/08/22 12:55:00",GANNSF1,30.30
D,DISPATCH,UNIT_SCADA,1,"2019/08/22 12:55:00",GORDON,2.4220
D,DISPATCH,UNIT_SCADA,1,"2019/08/22 12:55:00",GSTONE1,111.30
D,DISPATCH,UNIT_SCADA,1,"2019/08/22 12:55:00",GSTONE2,110.0750
D,DISPATCH,UNIT_SCADA,1,"2019/08/22 12:55:00",GSTONE3,109.90
D,DISPATCH,UNIT_SCADA,1,"2019/08/22 12:55:00",GSTONE4,131.4250
D,DISPATCH,UNIT_SCADA,1,"2019/08/22 12:55:00",GSTONE5,134.9250
D,DISPATCH,UNIT_SCADA,1,"2019/08/22 12:55:00",GSTONE6,0
D,DISPATCH,UNIT_SCADA,1,"2019/08/22 12:55:00",GULLRSF1,7.976720
D,DISPATCH,UNIT_SCADA,1,"2019/08/22 12:55:00",GULLRWF1,127.443270
D,DISPATCH,UNIT_SCADA,1,"2019/08/22 12:55:00",GUNNING1,39.038220
D,DISPATCH,UNIT_SCADA,1,"2019/08/22 12:55:00",GUTHEGA,0
D,DISPATCH,UNIT_SCADA,1,"2019/08/22 12:55:00",HALLWF1,-0.51
D,DISPATCH,UNIT_SCADA,1,"2019/08/22 12:55:00",HALLWF2,-0.25
D,DISPATCH,UNIT_SCADA,1,"2019/08/22 12:55:00",HAMISF1,46.30
D,DISPATCH,UNIT_SCADA,1,"2019/08/22 12:55:00",HAUGHT11,49.985530
D,DISPATCH,UNIT_SCADA,1,"2019/08/22 12:55:00",HAYMSF1,36.4030
D,DISPATCH,UNIT_SCADA,1,"2019/08/22 12:55:00",HDWF1,1.10
D,DISPATCH,UNIT_SCADA,1,"2019/08/22 12:55:00",HDWF2,0.30
D,DISPATCH,UNIT_SCADA,1,"2019/08/22 12:55:00",HDWF3,2.60
D,DISPATCH,UNIT_SCADA,1,"2019/08/22 12:55:00",HPRG1,0
D,DISPATCH,UNIT_SCADA,1,"2019/08/22 12:55:00",HPRL1,28.80
D,DISPATCH,UNIT_SCADA,1,"2019/08/22 12:55:00",HUMENSW,0
D,DISPATCH,UNIT_SCADA,1,"2019/08/22 12:55:00",HUMEV,9.30
D,DISPATCH,UNIT_SCADA,1,"2019/08/22 12:55:00",HVGTS,0
D,DISPATCH,UNIT_SCADA,1,"2019/08/22 12:55:00",JBUTTERS,139.64
D,DISPATCH,UNIT_SCADA,1,"2019/08/22 12:55:00",JLA01,0.50
D,DISPATCH,UNIT_SCADA,1,"2019/08/22 12:55:00",JLA02,0
D,DISPATCH,UNIT_SCADA,1,"2019/08/22 12:55:00",JLA03,0.10
D,DISPATCH,UNIT_SCADA,1,"2019/08/22 12:55:00",JLA04,0.10
D,DISPATCH,UNIT_SCADA,1,"2019/08/22 12:55:00",JLB01,0
D,DISPATCH,UNIT_SCADA,1,"2019/08/22 12:55:00",JLB02,0.10
D,DISPATCH,UNIT_SCADA,1,"2019/08/22 12:55:00",JLB03,0
D,DISPATCH,UNIT_SCADA,1,"2019/08/22 12:55:00",KAREEYA1,21.4550
D,DISPATCH,UNIT_SCADA,1,"2019/08/22 12:55:00",KAREEYA2,21.8325
D,DISPATCH,UNIT_SCADA,1,"2019/08/22 12:55:00",KAREEYA3,0
D,DISPATCH,UNIT_SCADA,1,"2019/08/22 12:55:00",KAREEYA4,21.5775
D,DISPATCH,UNIT_SCADA,1,"2019/08/22 12:55:00",KARSF1,51.90
D,DISPATCH,UNIT_SCADA,1,"2019/08/22 12:55:00",KIATAWF1,20.30
D,DISPATCH,UNIT_SCADA,1,"2019/08/22 12:55:00",KPP_1,0
D,DISPATCH,UNIT_SCADA,1,"2019/08/22 12:55:00",KSP1,47.53
D,DISPATCH,UNIT_SCADA,1,"2019/08/22 12:55:00",LADBROK1,0
D,DISPATCH,UNIT_SCADA,1,"2019/08/22 12:55:00",LADBROK2,0
D,DISPATCH,UNIT_SCADA,1,"2019/08/22 12:55:00",LD01,356.231230
D,DISPATCH,UNIT_SCADA,1,"2019/08/22 12:55:00",LD02,350.006290
D,DISPATCH,UNIT_SCADA,1,"2019/08/22 12:55:00",LD03,349.293820
D,DISPATCH,UNIT_SCADA,1,"2019/08/22 12:55:00",LD04,350.756290
D,DISPATCH,UNIT_SCADA,1,"2019/08/22 12:55:00",LEM_WIL,86.1945
D,DISPATCH,UNIT_SCADA,1,"2019/08/22 12:55:00",LGAPWF1,5.02
D,DISPATCH,UNIT_SCADA,1,"2019/08/22 12:55:00",LILYSF1,90.701810
D,DISPATCH,UNIT_SCADA,1,"2019/08/22 12:55:00",LI_WY_CA,149.619190
D,DISPATCH,UNIT_SCADA,1,"2019/08/22 12:55:00",LKBONNY2,15.2551
D,DISPATCH,UNIT_SCADA,1,"2019/08/22 12:55:00",LKBONNY3,3.851720
D,DISPATCH,UNIT_SCADA,1,"2019/08/22 12:55:00",LK_ECHO,0
D,DISPATCH,UNIT_SCADA,1,"2019/08/22 12:55:00",LNGS1,0
D,DISPATCH,UNIT_SCADA,1,"2019/08/22 12:55:00",LNGS2,0
D,DISPATCH,UNIT_SCADA,1,"2019/08/22 12:55:00",LONSDALE,0
D,DISPATCH,UNIT_SCADA,1,"2019/08/22 12:55:00",LOYYB1,536.088620
D,DISPATCH,UNIT_SCADA,1,"2019/08/22 12:55:00",LOYYB2,583.458250
D,DISPATCH,UNIT_SCADA,1,"2019/08/22 12:55:00",LYA1,559
D,DISPATCH,UNIT_SCADA,1,"2019/08/22 12:55:00",LYA2,0
D,DISPATCH,UNIT_SCADA,1,"2019/08/22 12:55:00",LYA3,520
D,DISPATCH,UNIT_SCADA,1,"2019/08/22 12:55:00",LYA4,539
D,DISPATCH,UNIT_SCADA,1,"2019/08/22 12:55:00",MACARTH1,154.196440
D,DISPATCH,UNIT_SCADA,1,"2019/08/22 12:55:00",MACKAYGT,0
D,DISPATCH,UNIT_SCADA,1,"2019/08/22 12:55:00",MACKNTSH,86.13
D,DISPATCH,UNIT_SCADA,1,"2019/08/22 12:55:00",MANSLR1,37.3030
D,DISPATCH,UNIT_SCADA,1,"2019/08/22 12:55:00",MCKAY1,0.02
D,DISPATCH,UNIT_SCADA,1,"2019/08/22 12:55:00",MEADOWBK,34.1531
D,DISPATCH,UNIT_SCADA,1,"2019/08/22 12:55:00",MERCER01,46.0130
D,DISPATCH,UNIT_SCADA,1,"2019/08/22 12:55:00",MEWF1,48.066560
D,DISPATCH,UNIT_SCADA,1,"2019/08/22 12:55:00",MINTARO,0
D,DISPATCH,UNIT_SCADA,1,"2019/08/22 12:55:00",MOREESF1,47.65
D,DISPATCH,UNIT_SCADA,1,"2019/08/22 12:55:00",MORTLK11,125
D,DISPATCH,UNIT_SCADA,1,"2019/08/22 12:55:00",MORTLK12,0
D,DISPATCH,UNIT_SCADA,1,"2019/08/22 12:55:00",MP1,278.8750
D,DISPATCH,UNIT_SCADA,1,"2019/08/22 12:55:00",MP2,0
D,DISPATCH,UNIT_SCADA,1,"2019/08/22 12:55:00",MPP_1,250.50
D,DISPATCH,UNIT_SCADA,1,"2019/08/22 12:55:00",MPP_2,281
D,DISPATCH,UNIT_SCADA,1,"2019/08/22 12:55:00",MSTUART1,0
D,DISPATCH,UNIT_SCADA,1,"2019/08/22 12:55:00",MSTUART2,0
D,DISPATCH,UNIT_SCADA,1,"2019/08/22 12:55:00",MSTUART3,0
D,DISPATCH,UNIT_SCADA,1,"2019/08/22 12:55:00",MTGELWF1,64.523760
D,DISPATCH,UNIT_SCADA,1,"2019/08/22 12:55:00",MURRAY,0
D,DISPATCH,UNIT_SCADA,1,"2019/08/22 12:55:00",MUSSELR1,69.899990
D,DISPATCH,UNIT_SCADA,1,"2019/08/22 12:55:00",MUWAWF1,27.56
D,DISPATCH,UNIT_SCADA,1,"2019/08/22 12:55:00",NBHWF1,-0.80
D,DISPATCH,UNIT_SCADA,1,"2019/08/22 12:55:00",NPS,0
D,DISPATCH,UNIT_SCADA,1,"2019/08/22 12:55:00",NUMURSF1,87.69
D,DISPATCH,UNIT_SCADA,1,"2019/08/22 12:55:00",NYNGAN1,51.75
D,DISPATCH,UNIT_SCADA,1,"2019/08/22 12:55:00",OAKEY1,0
D,DISPATCH,UNIT_SCADA,1,"2019/08/22 12:55:00",OAKEY1SF,22.3750
D,DISPATCH,UNIT_SCADA,1,"2019/08/22 12:55:00",OAKEY2,0
D,DISPATCH,UNIT_SCADA,1,"2019/08/22 12:55:00",OAKLAND1,45
D,DISPATCH,UNIT_SCADA,1,"2019/08/22 12:55:00",OSB-AG,138.66
D,DISPATCH,UNIT_SCADA,1,"2019/08/22 12:55:00",PARSF1,47.099990
D,DISPATCH,UNIT_SCADA,1,"2019/08/22 12:55:00",POAT110,0
D,DISPATCH,UNIT_SCADA,1,"2019/08/22 12:55:00",POAT220,0
D,DISPATCH,UNIT_SCADA,1,"2019/08/22 12:55:00",POR01,0
D,DISPATCH,UNIT_SCADA,1,"2019/08/22 12:55:00",POR03,0
D,DISPATCH,UNIT_SCADA,1,"2019/08/22 12:55:00",PPCCGT,426.558690
D,DISPATCH,UNIT_SCADA,1,"2019/08/22 12:55:00",PTSTAN1,0
D,DISPATCH,UNIT_SCADA,1,"2019/08/22 12:55:00",PUMP1,0
D,DISPATCH,UNIT_SCADA,1,"2019/08/22 12:55:00",PUMP2,0
D,DISPATCH,UNIT_SCADA,1,"2019/08/22 12:55:00",QPS1,0
D,DISPATCH,UNIT_SCADA,1,"2019/08/22 12:55:00",QPS2,0
D,DISPATCH,UNIT_SCADA,1,"2019/08/22 12:55:00",QPS3,0
D,DISPATCH,UNIT_SCADA,1,"2019/08/22 12:55:00",QPS4,0
D,DISPATCH,UNIT_SCADA,1,"2019/08/22 12:55:00",QPS5,0
D,DISPATCH,UNIT_SCADA,1,"2019/08/22 12:55:00",REECE1,119.900010
D,DISPATCH,UNIT_SCADA,1,"2019/08/22 12:55:00",REECE2,118.870010
D,DISPATCH,UNIT_SCADA,1,"2019/08/22 12:55:00",ROMA_7,0
D,DISPATCH,UNIT_SCADA,1,"2019/08/22 12:55:00",ROMA_8,0
D,DISPATCH,UNIT_SCADA,1,"2019/08/22 12:55:00",RRSF1,114.543310
D,DISPATCH,UNIT_SCADA,1,"2019/08/22 12:55:00",RT_NSW1,0
D,DISPATCH,UNIT_SCADA,1,"2019/08/22 12:55:00",RT_NSW2,0
D,DISPATCH,UNIT_SCADA,1,"2019/08/22 12:55:00",RT_NSW3,0
D,DISPATCH,UNIT_SCADA,1,"2019/08/22 12:55:00",RT_NSW4,0
D,DISPATCH,UNIT_SCADA,1,"2019/08/22 12:55:00",RT_NSW5,0
D,DISPATCH,UNIT_SCADA,1,"2019/08/22 12:55:00",RT_NSW6,0
D,DISPATCH,UNIT_SCADA,1,"2019/08/22 12:55:00",RT_QLD1,0
D,DISPATCH,UNIT_SCADA,1,"2019/08/22 12:55:00",RT_SA1,0
D,DISPATCH,UNIT_SCADA,1,"2019/08/22 12:55:00",RT_SA2,0
D,DISPATCH,UNIT_SCADA,1,"2019/08/22 12:55:00",RT_SA3,0
D,DISPATCH,UNIT_SCADA,1,"2019/08/22 12:55:00",RT_SA4,0
D,DISPATCH,UNIT_SCADA,1,"2019/08/22 12:55:00",RT_SA5,0
D,DISPATCH,UNIT_SCADA,1,"2019/08/22 12:55:00",RT_SA6,0
D,DISPATCH,UNIT_SCADA,1,"2019/08/22 12:55:00",RT_TAS1,0
D,DISPATCH,UNIT_SCADA,1,"2019/08/22 12:55:00",RT_VIC1,0
D,DISPATCH,UNIT_SCADA,1,"2019/08/22 12:55:00",RT_VIC10,0
D,DISPATCH,UNIT_SCADA,1,"2019/08/22 12:55:00",RT_VIC11,0
D,DISPATCH,UNIT_SCADA,1,"2019/08/22 12:55:00",RT_VIC12,0
D,DISPATCH,UNIT_SCADA,1,"2019/08/22 12:55:00",RT_VIC2,0
D,DISPATCH,UNIT_SCADA,1,"2019/08/22 12:55:00",RT_VIC3,0
D,DISPATCH,UNIT_SCADA,1,"2019/08/22 12:55:00",RT_VIC4,0
D,DISPATCH,UNIT_SCADA,1,"2019/08/22 12:55:00",RT_VIC5,0
D,DISPATCH,UNIT_SCADA,1,"2019/08/22 12:55:00",RT_VIC6,0
D,DISPATCH,UNIT_SCADA,1,"2019/08/22 12:55:00",RT_VIC7,0
D,DISPATCH,UNIT_SCADA,1,"2019/08/22 12:55:00",RT_VIC8,0
D,DISPATCH,UNIT_SCADA,1,"2019/08/22 12:55:00",RT_VIC9,0
D,DISPATCH,UNIT_SCADA,1,"2019/08/22 12:55:00",RUGBYR1,59.119620
D,DISPATCH,UNIT_SCADA,1,"2019/08/22 12:55:00",SALTCRK1,21.83
D,DISPATCH,UNIT_SCADA,1,"2019/08/22 12:55:00",SAPHWF1,224.690610
D,DISPATCH,UNIT_SCADA,1,"2019/08/22 12:55:00",SHGEN,0
D,DISPATCH,UNIT_SCADA,1,"2019/08/22 12:55:00",SHPUMP,199.136840
D,DISPATCH,UNIT_SCADA,1,"2019/08/22 12:55:00",SITHE01,0.123710
D,DISPATCH,UNIT_SCADA,1,"2019/08/22 12:55:00",SMCSF1,81.902370
D,DISPATCH,UNIT_SCADA,1,"2019/08/22 12:55:00",SNOWNTH1,0.30
D,DISPATCH,UNIT_SCADA,1,"2019/08/22 12:55:00",SNOWSTH1,1.80
D,DISPATCH,UNIT_SCADA,1,"2019/08/22 12:55:00",SNOWTWN1,-0.492140
D,DISPATCH,UNIT_SCADA,1,"2019/08/22 12:55:00",SNOWYP,0
D,DISPATCH,UNIT_SCADA,1,"2019/08/22 12:55:00",SNUG1,0.019440
D,DISPATCH,UNIT_SCADA,1,"2019/08/22 12:55:00",SRSF1,34.91
D,DISPATCH,UNIT_SCADA,1,"2019/08/22 12:55:00",STAN-1,0
D,DISPATCH,UNIT_SCADA,1,"2019/08/22 12:55:00",STAN-2,279.748470
D,DISPATCH,UNIT_SCADA,1,"2019/08/22 12:55:00",STAN-3,280.453460
D,DISPATCH,UNIT_SCADA,1,"2019/08/22 12:55:00",STAN-4,283.414370
D,DISPATCH,UNIT_SCADA,1,"2019/08/22 12:55:00",STWF1,17.538760
D,DISPATCH,UNIT_SCADA,1,"2019/08/22 12:55:00",SWAN_E,0
D,DISPATCH,UNIT_SCADA,1,"2019/08/22 12:55:00",TALWA1,191
D,DISPATCH,UNIT_SCADA,1,"2019/08/22 12:55:00",TARALGA1,94.740020
D,DISPATCH,UNIT_SCADA,1,"2019/08/22 12:55:00",TARONG#1,283.800020
D,DISPATCH,UNIT_SCADA,1,"2019/08/22 12:55:00",TARONG#2,284.300020
D,DISPATCH,UNIT_SCADA,1,"2019/08/22 12:55:00",TARONG#3,261
D,DISPATCH,UNIT_SCADA,1,"2019/08/22 12:55:00",TARONG#4,279.600010
D,DISPATCH,UNIT_SCADA,1,"2019/08/22 12:55:00",TARRALEA,84
D,DISPATCH,UNIT_SCADA,1,"2019/08/22 12:55:00",TBSF1,29.50
D,DISPATCH,UNIT_SCADA,1,"2019/08/22 12:55:00",TNPS1,443.200010
D,DISPATCH,UNIT_SCADA,1,"2019/08/22 12:55:00",TORRA1,43.520650
D,DISPATCH,UNIT_SCADA,1,"2019/08/22 12:55:00",TORRA2,0
D,DISPATCH,UNIT_SCADA,1,"2019/08/22 12:55:00",TORRA3,44.123080
D,DISPATCH,UNIT_SCADA,1,"2019/08/22 12:55:00",TORRA4,44.076390
D,DISPATCH,UNIT_SCADA,1,"2019/08/22 12:55:00",TORRB1,64.57
D,DISPATCH,UNIT_SCADA,1,"2019/08/22 12:55:00",TORRB2,64.65
D,DISPATCH,UNIT_SCADA,1,"2019/08/22 12:55:00",TORRB3,0
D,DISPATCH,UNIT_SCADA,1,"2019/08/22 12:55:00",TORRB4,0
D,DISPATCH,UNIT_SCADA,1,"2019/08/22 12:55:00",TREVALLN,43.960010
D,DISPATCH,UNIT_SCADA,1,"2019/08/22 12:55:00",TRIBUTE,84.84
D,DISPATCH,UNIT_SCADA,1,"2019/08/22 12:55:00",TUMUT3,0
D,DISPATCH,UNIT_SCADA,1,"2019/08/22 12:55:00",TUNGATIN,106.950040
D,DISPATCH,UNIT_SCADA,1,"2019/08/22 12:55:00",TVCC201,0
D,DISPATCH,UNIT_SCADA,1,"2019/08/22 12:55:00",TVPP104,0
D,DISPATCH,UNIT_SCADA,1,"2019/08/22 12:55:00",UPPTUMUT,0
D,DISPATCH,UNIT_SCADA,1,"2019/08/22 12:55:00",URANQ11,0
D,DISPATCH,UNIT_SCADA,1,"2019/08/22 12:55:00",URANQ12,0
D,DISPATCH,UNIT_SCADA,1,"2019/08/22 12:55:00",URANQ13,0
D,DISPATCH,UNIT_SCADA,1,"2019/08/22 12:55:00",URANQ14,0
D,DISPATCH,UNIT_SCADA,1,"2019/08/22 12:55:00",VP5,207.8250
D,DISPATCH,UNIT_SCADA,1,"2019/08/22 12:55:00",VP6,585.650020
D,DISPATCH,UNIT_SCADA,1,"2019/08/22 12:55:00",VPGS1,0
D,DISPATCH,UNIT_SCADA,1,"2019/08/22 12:55:00",VPGS2,0
D,DISPATCH,UNIT_SCADA,1,"2019/08/22 12:55:00",VPGS3,0
D,DISPATCH,UNIT_SCADA,1,"2019/08/22 12:55:00",VPGS4,0
D,DISPATCH,UNIT_SCADA,1,"2019/08/22 12:55:00",VPGS5,0
D,DISPATCH,UNIT_SCADA,1,"2019/08/22 12:55:00",VPGS6,0
D,DISPATCH,UNIT_SCADA,1,"2019/08/22 12:55:00",W/HOE#1,0
D,DISPATCH,UNIT_SCADA,1,"2019/08/22 12:55:00",W/HOE#2,0
D,DISPATCH,UNIT_SCADA,1,"2019/08/22 12:55:00",WATERLWF,8.90
D,DISPATCH,UNIT_SCADA,1,"2019/08/22 12:55:00",WEMENSF1,31.30
D,DISPATCH,UNIT_SCADA,1,"2019/08/22 12:55:00",WGWF1,2.10
D,DISPATCH,UNIT_SCADA,1,"2019/08/22 12:55:00",WHITSF1,0
D,DISPATCH,UNIT_SCADA,1,"2019/08/22 12:55:00",WKIEWA1,0
D,DISPATCH,UNIT_SCADA,1,"2019/08/22 12:55:00",WKIEWA2,7.40
D,DISPATCH,UNIT_SCADA,1,"2019/08/22 12:55:00",WOODLWN1,23.643010
D,DISPATCH,UNIT_SCADA,1,"2019/08/22 12:55:00",WRSF1,5.60
D,DISPATCH,UNIT_SCADA,1,"2019/08/22 12:55:00",WRWF1,159.84
D,DISPATCH,UNIT_SCADA,1,"2019/08/22 12:55:00",YABULU,0
D,DISPATCH,UNIT_SCADA,1,"2019/08/22 12:55:00",YABULU2,0
D,DISPATCH,UNIT_SCADA,1,"2019/08/22 12:55:00",YARWUN_1,0
D,DISPATCH,UNIT_SCADA,1,"2019/08/22 12:55:00",YENDWF1,42.05
D,DISPATCH,UNIT_SCADA,1,"2019/08/22 12:55:00",YWPS1,350.625310
D,DISPATCH,UNIT_SCADA,1,"2019/08/22 12:55:00",YWPS2,282.453160
D,DISPATCH,UNIT_SCADA,1,"2019/08/22 12:55:00",YWPS3,0
D,DISPATCH,UNIT_SCADA,1,"2019/08/22 12:55:00",YWPS4,342.734190
C,"END OF REPORT",334
