C,NEMP.WORLD,DISPATCHSCADA,AEMO,PUBLIC,2019/09/05,06:45:08,0000000312411978,DISPATCHSCADA,0000000312411972
I,DISPATCH,UNIT_SCADA,1,SETTLEMENTDATE,DUID,SCADAVALUE
D,DISPATCH,UNIT_SCADA,1,"2019/09/05 06:50:00",BARCSF1,0
D,DISPATCH,UNIT_SCADA,1,"2019/09/05 06:50:00",BUTLERSG,10.199999
D,DISPATCH,UNIT_SCADA,1,"2019/09/05 06:50:00",CALL_A_4,0
D,DISPATCH,UNIT_SCADA,1,"2019/09/05 06:50:00",CAPTL_WF,0
D,DISPATCH,UNIT_SCADA,1,"2019/09/05 06:50:00",CATHROCK,38.799999
D,DISPATCH,UNIT_SCADA,1,"2019/09/05 06:50:00",CHALLHWF,0
D,DISPATCH,UNIT_SCADA,1,"2019/09/05 06:50:00",CLOVER,-0.01
D,DISPATCH,UNIT_SCADA,1,"2019/09/05 06:50:00",CLUNY,17.006638
D,DISPATCH,UNIT_SCADA,1,"2019/09/05 06:50:00",CNUNDAWF,11.513431
D,DISPATCH,UNIT_SCADA,1,"2019/09/05 06:50:00",CULLRGWF,4.92
D,DISPATCH,UNIT_SCADA,1,"2019/09/05 06:50:00",ERGT01,0
D,DISPATCH,UNIT_SCADA,1,"2019/09/05 06:50:00",GB01,0.016273
D,DISPATCH,UNIT_SCADA,1,"2019/09/05 06:50:00",GERMCRK,37.200001
D,DISPATCH,UNIT_SCADA,1,"2019/09/05 06:50:00",GRIFSF1,0.699997
D,DISPATCH,UNIT_SCADA,1,"2019/09/05 06:50:00",HUGSF1,0.0140
D,DISPATCH,UNIT_SCADA,1,"2019/09/05 06:50:00",LKBONNY1,18.933584
D,DISPATCH,UNIT_SCADA,1,"2019/09/05 06:50:00",LRSF1,0.2740
D,DISPATCH,UNIT_SCADA,1,"2019/09/05 06:50:00",MBAHNTH,27.056252
D,DISPATCH,UNIT_SCADA,1,"2019/09/05 06:50:00",MLSP1,0.366001
D,DISPATCH,UNIT_SCADA,1,"2019/09/05 06:50:00",MLWF1,2.5350
D,DISPATCH,UNIT_SCADA,1,"2019/09/05 06:50:00",MTMILLAR,12.739525
D,DISPATCH,UNIT_SCADA,1,"2019/09/05 06:50:00",PALOONA,24.75
D,DISPATCH,UNIT_SCADA,1,"2019/09/05 06:50:00",PIONEER,41.400002
D,DISPATCH,UNIT_SCADA,1,"2019/09/05 06:50:00",PORTWF,20.700001
D,DISPATCH,UNIT_SCADA,1,"2019/09/05 06:50:00",REPULSE,27.901426
D,DISPATCH,UNIT_SCADA,1,"2019/09/05 06:50:00",ROWALLAN,10.4796
D,DISPATCH,UNIT_SCADA,1,"2019/09/05 06:50:00",ROYALLA1,0.4510
D,DISPATCH,UNIT_SCADA,1,"2019/09/05 06:50:00",RPCG,11
D,DISPATCH,UNIT_SCADA,1,"2019/09/05 06:50:00",RUBICON,0
D,DISPATCH,UNIT_SCADA,1,"2019/09/05 06:50:00",SATGN1,0
D,DISPATCH,UNIT_SCADA,1,"2019/09/05 06:50:00",SATGS1,0
D,DISPATCH,UNIT_SCADA,1,"2019/09/05 06:50:00",STARHLWF,1.399592
D,DISPATCH,UNIT_SCADA,1,"2019/09/05 06:50:00",WAUBRAWF,3.6490
D,DISPATCH,UNIT_SCADA,1,"2019/09/05 06:50:00",WOOLNTH1,-0.749985
D,DISPATCH,UNIT_SCADA,1,"2019/09/05 06:50:00",WPWF,22
D,DISPATCH,UNIT_SCADA,1,"2019/09/05 06:50:00",YAMBUKWF,2.20
D,DISPATCH,UNIT_SCADA,1,"2019/09/05 06:50:00",YSWF1,0.90
D,DISPATCH,UNIT_SCADA,1,"2019/09/05 06:50:00",AGLHAL,0
D,DISPATCH,UNIT_SCADA,1,"2019/09/05 06:50:00",AGLSOM,0
D,DISPATCH,UNIT_SCADA,1,"2019/09/05 06:50:00",ANGAST1,0
D,DISPATCH,UNIT_SCADA,1,"2019/09/05 06:50:00",ARWF1,5.10
D,DISPATCH,UNIT_SCADA,1,"2019/09/05 06:50:00",BALBG1,1.72
D,DISPATCH,UNIT_SCADA,1,"2019/09/05 06:50:00",BALBL1,0
D,DISPATCH,UNIT_SCADA,1,"2019/09/05 06:50:00",BALDHWF1,0
D,DISPATCH,UNIT_SCADA,1,"2019/09/05 06:50:00",BANN1,0
D,DISPATCH,UNIT_SCADA,1,"2019/09/05 06:50:00",BARCALDN,0
D,DISPATCH,UNIT_SCADA,1,"2019/09/05 06:50:00",BARRON-1,34
D,DISPATCH,UNIT_SCADA,1,"2019/09/05 06:50:00",BARRON-2,0
D,DISPATCH,UNIT_SCADA,1,"2019/09/05 06:50:00",BASTYAN,80.540010
D,DISPATCH,UNIT_SCADA,1,"2019/09/05 06:50:00",BBTHREE1,0
D,DISPATCH,UNIT_SCADA,1,"2019/09/05 06:50:00",BBTHREE2,0
D,DISPATCH,UNIT_SCADA,1,"2019/09/05 06:50:00",BBTHREE3,0
D,DISPATCH,UNIT_SCADA,1,"2019/09/05 06:50:00",BDL01,0
D,DISPATCH,UNIT_SCADA,1,"2019/09/05 06:50:00",BDL02,-0.12
D,DISPATCH,UNIT_SCADA,1,"2019/09/05 06:50:00",BERYLSF1,4.4506
D,DISPATCH,UNIT_SCADA,1,"2019/09/05 06:50:00",BLOWERNG,11.10
D,DISPATCH,UNIT_SCADA,1,"2019/09/05 06:50:00",BLUFF1,0
D,DISPATCH,UNIT_SCADA,1,"2019/09/05 06:50:00",BNGSF1,0
D,DISPATCH,UNIT_SCADA,1,"2019/09/05 06:50:00",BNGSF2,0
D,DISPATCH,UNIT_SCADA,1,"2019/09/05 06:50:00",BOCORWF1,1.96
D,DISPATCH,UNIT_SCADA,1,"2019/09/05 06:50:00",BODWF1,8.961720
D,DISPATCH,UNIT_SCADA,1,"2019/09/05 06:50:00",BRAEMAR1,0
D,DISPATCH,UNIT_SCADA,1,"2019/09/05 06:50:00",BRAEMAR2,0
D,DISPATCH,UNIT_SCADA,1,"2019/09/05 06:50:00",BRAEMAR3,0
D,DISPATCH,UNIT_SCADA,1,"2019/09/05 06:50:00",BRAEMAR5,0
D,DISPATCH,UNIT_SCADA,1,"2019/09/05 06:50:00",BRAEMAR6,0
D,DISPATCH,UNIT_SCADA,1,"2019/09/05 06:50:00",BRAEMAR7,0
D,DISPATCH,UNIT_SCADA,1,"2019/09/05 06:50:00",BROKENH1,0
D,DISPATCH,UNIT_SCADA,1,"2019/09/05 06:50:00",BW01,571.025020
D,DISPATCH,UNIT_SCADA,1,"2019/09/05 06:50:00",BW02,650.25
D,DISPATCH,UNIT_SCADA,1,"2019/09/05 06:50:00",BW03,652.324950
D,DISPATCH,UNIT_SCADA,1,"2019/09/05 06:50:00",BW04,0
D,DISPATCH,UNIT_SCADA,1,"2019/09/05 06:50:00",CALL_B_1,345.50
D,DISPATCH,UNIT_SCADA,1,"2019/09/05 06:50:00",CALL_B_2,344.200010
D,DISPATCH,UNIT_SCADA,1,"2019/09/05 06:50:00",CETHANA,79.683130
D,DISPATCH,UNIT_SCADA,1,"2019/09/05 06:50:00",CG1,0
D,DISPATCH,UNIT_SCADA,1,"2019/09/05 06:50:00",CG2,0
D,DISPATCH,UNIT_SCADA,1,"2019/09/05 06:50:00",CG3,0
D,DISPATCH,UNIT_SCADA,1,"2019/09/05 06:50:00",CG4,0
D,DISPATCH,UNIT_SCADA,1,"2019/09/05 06:50:00",CHILDSF1,16
D,DISPATCH,UNIT_SCADA,1,"2019/09/05 06:50:00",CLARESF1,4.025980
D,DISPATCH,UNIT_SCADA,1,"2019/09/05 06:50:00",CLEMGPWF,-0.360180
D,DISPATCH,UNIT_SCADA,1,"2019/09/05 06:50:00",CLERMSF1,4.22
D,DISPATCH,UNIT_SCADA,1,"2019/09/05 06:50:00",COLEASF1,0
D,DISPATCH,UNIT_SCADA,1,"2019/09/05 06:50:00",COOPGWF1,4.842570
D,DISPATCH,UNIT_SCADA,1,"2019/09/05 06:50:00",CPP_3,406.450010
D,DISPATCH,UNIT_SCADA,1,"2019/09/05 06:50:00",CPP_4,405.6250
D,DISPATCH,UNIT_SCADA,1,"2019/09/05 06:50:00",CPSA,141.213120
D,DISPATCH,UNIT_SCADA,1,"2019/09/05 06:50:00",CROOKWF2,3.983760
D,DISPATCH,UNIT_SCADA,1,"2019/09/05 06:50:00",CROWLWF1,1.029180
D,DISPATCH,UNIT_SCADA,1,"2019/09/05 06:50:00",CSPVPS1,1.6190
D,DISPATCH,UNIT_SCADA,1,"2019/09/05 06:50:00",DALNTH01,0.022890
D,DISPATCH,UNIT_SCADA,1,"2019/09/05 06:50:00",DALNTHL1,0
D,DISPATCH,UNIT_SCADA,1,"2019/09/05 06:50:00",DARTM1,133.600010
D,DISPATCH,UNIT_SCADA,1,"2019/09/05 06:50:00",DAYDSF1,11.6890
D,DISPATCH,UNIT_SCADA,1,"2019/09/05 06:50:00",DDPS1,462.107970
D,DISPATCH,UNIT_SCADA,1,"2019/09/05 06:50:00",DDSF1,12.9193
D,DISPATCH,UNIT_SCADA,1,"2019/09/05 06:50:00",DEVILS_G,55.992920
D,DISPATCH,UNIT_SCADA,1,"2019/09/05 06:50:00",DG_NSW1,0
D,DISPATCH,UNIT_SCADA,1,"2019/09/05 06:50:00",DG_QLD1,0
D,DISPATCH,UNIT_SCADA,1,"2019/09/05 06:50:00",DG_SA1,0
D,DISPATCH,UNIT_SCADA,1,"2019/09/05 06:50:00",DG_TAS1,0
D,DISPATCH,UNIT_SCADA,1,"2019/09/05 06:50:00",DG_VIC1,0
D,DISPATCH,UNIT_SCADA,1,"2019/09/05 06:50:00",DRYCGT1,0
D,DISPATCH,UNIT_SCADA,1,"2019/09/05 06:50:00",DRYCGT2,0
D,DISPATCH,UNIT_SCADA,1,"2019/09/05 06:50:00",DRYCGT3,0
D,DISPATCH,UNIT_SCADA,1,"2019/09/05 06:50:00",EILDON1,0
D,DISPATCH,UNIT_SCADA,1,"2019/09/05 06:50:00",EILDON2,0
D,DISPATCH,UNIT_SCADA,1,"2019/09/05 06:50:00",EMERASF1,0.98
D,DISPATCH,UNIT_SCADA,1,"2019/09/05 06:50:00",ER01,594.275020
D,DISPATCH,UNIT_SCADA,1,"2019/09/05 06:50:00",ER02,675
D,DISPATCH,UNIT_SCADA,1,"2019/09/05 06:50:00",ER03,0
D,DISPATCH,UNIT_SCADA,1,"2019/09/05 06:50:00",ER04,699.525020
D,DISPATCH,UNIT_SCADA,1,"2019/09/05 06:50:00",FINLYSF1,0
D,DISPATCH,UNIT_SCADA,1,"2019/09/05 06:50:00",FISHER,45.89
D,DISPATCH,UNIT_SCADA,1,"2019/09/05 06:50:00",GANNBG1,11.843780
D,DISPATCH,UNIT_SCADA,1,"2019/09/05 06:50:00",GANNBL1,0
D,DISPATCH,UNIT_SCADA,1,"2019/09/05 06:50:00",GANNSF1,0
D,DISPATCH,UNIT_SCADA,1,"2019/09/05 06:50:00",GORDON,92.907910
D,DISPATCH,UNIT_SCADA,1,"2019/09/05 06:50:00",GSTONE1,210.1750
D,DISPATCH,UNIT_SCADA,1,"2019/09/05 06:50:00",GSTONE2,210.349990
D,DISPATCH,UNIT_SCADA,1,"2019/09/05 06:50:00",GSTONE3,0
D,DISPATCH,UNIT_SCADA,1,"2019/09/05 06:50:00",GSTONE4,210.70
D,DISPATCH,UNIT_SCADA,1,"2019/09/05 06:50:00",GSTONE5,210.70
D,DISPATCH,UNIT_SCADA,1,"2019/09/05 06:50:00",GSTONE6,211.399990
D,DISPATCH,UNIT_SCADA,1,"2019/09/05 06:50:00",GULLRSF1,1.075160
D,DISPATCH,UNIT_SCADA,1,"2019/09/05 06:50:00",GULLRWF1,18.636230
D,DISPATCH,UNIT_SCADA,1,"2019/09/05 06:50:00",GUNNING1,3.148030
D,DISPATCH,UNIT_SCADA,1,"2019/09/05 06:50:00",GUTHEGA,30.90
D,DISPATCH,UNIT_SCADA,1,"2019/09/05 06:50:00",HALLWF1,-0.45
D,DISPATCH,UNIT_SCADA,1,"2019/09/05 06:50:00",HALLWF2,-0.30
D,DISPATCH,UNIT_SCADA,1,"2019/09/05 06:50:00",HAMISF1,4.50
D,DISPATCH,UNIT_SCADA,1,"2019/09/05 06:50:00",HAUGHT11,6.545660
D,DISPATCH,UNIT_SCADA,1,"2019/09/05 06:50:00",HAYMSF1,4.19
D,DISPATCH,UNIT_SCADA,1,"2019/09/05 06:50:00",HDWF1,1.60
D,DISPATCH,UNIT_SCADA,1,"2019/09/05 06:50:00",HDWF2,2.30
D,DISPATCH,UNIT_SCADA,1,"2019/09/05 06:50:00",HDWF3,0.60
D,DISPATCH,UNIT_SCADA,1,"2019/09/05 06:50:00",HPRG1,4.10
D,DISPATCH,UNIT_SCADA,1,"2019/09/05 06:50:00",HPRL1,0
D,DISPATCH,UNIT_SCADA,1,"2019/09/05 06:50:00",HUMENSW,0
D,DISPATCH,UNIT_SCADA,1,"2019/09/05 06:50:00",HUMEV,25.30
D,DISPATCH,UNIT_SCADA,1,"2019/09/05 06:50:00",HVGTS,0
D,DISPATCH,UNIT_SCADA,1,"2019/09/05 06:50:00",JBUTTERS,110.85
D,DISPATCH,UNIT_SCADA,1,"2019/09/05 06:50:00",JLA01,0.10
D,DISPATCH,UNIT_SCADA,1,"2019/09/05 06:50:00",JLA02,0
D,DISPATCH,UNIT_SCADA,1,"2019/09/05 06:50:00",JLA03,0
D,DISPATCH,UNIT_SCADA,1,"2019/09/05 06:50:00",JLA04,0
D,DISPATCH,UNIT_SCADA,1,"2019/09/05 06:50:00",JLB01,0
D,DISPATCH,UNIT_SCADA,1,"2019/09/05 06:50:00",JLB02,84.40
D,DISPATCH,UNIT_SCADA,1,"2019/09/05 06:50:00",JLB03,84.40
D,DISPATCH,UNIT_SCADA,1,"2019/09/05 06:50:00",KAREEYA1,21.51
D,DISPATCH,UNIT_SCADA,1,"2019/09/05 06:50:00",KAREEYA2,21.7750
D,DISPATCH,UNIT_SCADA,1,"2019/09/05 06:50:00",KAREEYA3,0
D,DISPATCH,UNIT_SCADA,1,"2019/09/05 06:50:00",KAREEYA4,21.5675
D,DISPATCH,UNIT_SCADA,1,"2019/09/05 06:50:00",KARSF1,0
D,DISPATCH,UNIT_SCADA,1,"2019/09/05 06:50:00",KIATAWF1,7.50
D,DISPATCH,UNIT_SCADA,1,"2019/09/05 06:50:00",KPP_1,0
D,DISPATCH,UNIT_SCADA,1,"2019/09/05 06:50:00",KSP1,0
D,DISPATCH,UNIT_SCADA,1,"2019/09/05 06:50:00",LADBROK1,43.43
D,DISPATCH,UNIT_SCADA,1,"2019/09/05 06:50:00",LADBROK2,43.08
D,DISPATCH,UNIT_SCADA,1,"2019/09/05 06:50:00",LD01,382.3688
D,DISPATCH,UNIT_SCADA,1,"2019/09/05 06:50:00",LD02,379.912510
D,DISPATCH,UNIT_SCADA,1,"2019/09/05 06:50:00",LD03,378.899960
D,DISPATCH,UNIT_SCADA,1,"2019/09/05 06:50:00",LD04,379.0687
D,DISPATCH,UNIT_SCADA,1,"2019/09/05 06:50:00",LEM_WIL,81.5844
D,DISPATCH,UNIT_SCADA,1,"2019/09/05 06:50:00",LGAPWF1,5.37
D,DISPATCH,UNIT_SCADA,1,"2019/09/05 06:50:00",LILYSF1,6.193150
D,DISPATCH,UNIT_SCADA,1,"2019/09/05 06:50:00",LI_WY_CA,161.500730
D,DISPATCH,UNIT_SCADA,1,"2019/09/05 06:50:00",LKBONNY2,43.889580
D,DISPATCH,UNIT_SCADA,1,"2019/09/05 06:50:00",LKBONNY3,12.1692
D,DISPATCH,UNIT_SCADA,1,"2019/09/05 06:50:00",LK_ECHO,0
D,DISPATCH,UNIT_SCADA,1,"2019/09/05 06:50:00",LNGS1,0
D,DISPATCH,UNIT_SCADA,1,"2019/09/05 06:50:00",LNGS2,0
D,DISPATCH,UNIT_SCADA,1,"2019/09/05 06:50:00",LONSDALE,0
D,DISPATCH,UNIT_SCADA,1,"2019/09/05 06:50:00",LOYYB1,536.088620
D,DISPATCH,UNIT_SCADA,1,"2019/09/05 06:50:00",LOYYB2,582.7063
D,DISPATCH,UNIT_SCADA,1,"2019/09/05 06:50:00",LYA1,0
D,DISPATCH,UNIT_SCADA,1,"2019/09/05 06:50:00",LYA2,0
D,DISPATCH,UNIT_SCADA,1,"2019/09/05 06:50:00",LYA3,559
D,DISPATCH,UNIT_SCADA,1,"2019/09/05 06:50:00",LYA4,540
D,DISPATCH,UNIT_SCADA,1,"2019/09/05 06:50:00",MACARTH1,59.598630
D,DISPATCH,UNIT_SCADA,1,"2019/09/05 06:50:00",MACKAYGT,0.2240
D,DISPATCH,UNIT_SCADA,1,"2019/09/05 06:50:00",MACKNTSH,89.13
D,DISPATCH,UNIT_SCADA,1,"2019/09/05 06:50:00",MANSLR1,2.7230
D,DISPATCH,UNIT_SCADA,1,"2019/09/05 06:50:00",MCKAY1,211.52
D,DISPATCH,UNIT_SCADA,1,"2019/09/05 06:50:00",MEADOWBK,31.666640
D,DISPATCH,UNIT_SCADA,1,"2019/09/05 06:50:00",MERCER01,16.9730
D,DISPATCH,UNIT_SCADA,1,"2019/09/05 06:50:00",MEWF1,28.168190
D,DISPATCH,UNIT_SCADA,1,"2019/09/05 06:50:00",MINTARO,0
D,DISPATCH,UNIT_SCADA,1,"2019/09/05 06:50:00",MOREESF1,8.7520
D,DISPATCH,UNIT_SCADA,1,"2019/09/05 06:50:00",MORTLK11,260
D,DISPATCH,UNIT_SCADA,1,"2019/09/05 06:50:00",MORTLK12,0
D,DISPATCH,UNIT_SCADA,1,"2019/09/05 06:50:00",MP1,228.824950
D,DISPATCH,UNIT_SCADA,1,"2019/09/05 06:50:00",MP2,0
D,DISPATCH,UNIT_SCADA,1,"2019/09/05 06:50:00",MPP_1,356.25
D,DISPATCH,UNIT_SCADA,1,"2019/09/05 06:50:00",MPP_2,435.75
D,DISPATCH,UNIT_SCADA,1,"2019/09/05 06:50:00",MSTUART1,0
D,DISPATCH,UNIT_SCADA,1,"2019/09/05 06:50:00",MSTUART2,0
D,DISPATCH,UNIT_SCADA,1,"2019/09/05 06:50:00",MSTUART3,0
D,DISPATCH,UNIT_SCADA,1,"2019/09/05 06:50:00",MTGELWF1,3.794980
D,DISPATCH,UNIT_SCADA,1,"2019/09/05 06:50:00",MURRAY,0
D,DISPATCH,UNIT_SCADA,1,"2019/09/05 06:50:00",MUSSELR1,12.40
D,DISPATCH,UNIT_SCADA,1,"2019/09/05 06:50:00",MUWAWF1,41.32
D,DISPATCH,UNIT_SCADA,1,"2019/09/05 06:50:00",NBHWF1,-0.60
D,DISPATCH,UNIT_SCADA,1,"2019/09/05 06:50:00",NPS,301.8750
D,DISPATCH,UNIT_SCADA,1,"2019/09/05 06:50:00",NUMURSF1,0
D,DISPATCH,UNIT_SCADA,1,"2019/09/05 06:50:00",NYNGAN1,3.25
D,DISPATCH,UNIT_SCADA,1,"2019/09/05 06:50:00",OAKEY1,0
D,DISPATCH,UNIT_SCADA,1,"2019/09/05 06:50:00",OAKEY1SF,5.5070
D,DISPATCH,UNIT_SCADA,1,"2019/09/05 06:50:00",OAKEY2,0
D,DISPATCH,UNIT_SCADA,1,"2019/09/05 06:50:00",OAKEY2SF,0
D,DISPATCH,UNIT_SCADA,1,"2019/09/05 06:50:00",OAKLAND1,1.80
D,DISPATCH,UNIT_SCADA,1,"2019/09/05 06:50:00",OSB-AG,180.84
D,DISPATCH,UNIT_SCADA,1,"2019/09/05 06:50:00",PARSF1,2.20
D,DISPATCH,UNIT_SCADA,1,"2019/09/05 06:50:00",POAT110,0
D,DISPATCH,UNIT_SCADA,1,"2019/09/05 06:50:00",POAT220,27.29
D,DISPATCH,UNIT_SCADA,1,"2019/09/05 06:50:00",POR01,0
D,DISPATCH,UNIT_SCADA,1,"2019/09/05 06:50:00",POR03,0
D,DISPATCH,UNIT_SCADA,1,"2019/09/05 06:50:00",PPCCGT,490.984740
D,DISPATCH,UNIT_SCADA,1,"2019/09/05 06:50:00",PTSTAN1,0
D,DISPATCH,UNIT_SCADA,1,"2019/09/05 06:50:00",PUMP1,0
D,DISPATCH,UNIT_SCADA,1,"2019/09/05 06:50:00",PUMP2,0
D,DISPATCH,UNIT_SCADA,1,"2019/09/05 06:50:00",QPS1,29.10
D,DISPATCH,UNIT_SCADA,1,"2019/09/05 06:50:00",QPS2,0
D,DISPATCH,UNIT_SCADA,1,"2019/09/05 06:50:00",QPS3,23.60
D,DISPATCH,UNIT_SCADA,1,"2019/09/05 06:50:00",QPS4,0
D,DISPATCH,UNIT_SCADA,1,"2019/09/05 06:50:00",QPS5,124.71
D,DISPATCH,UNIT_SCADA,1,"2019/09/05 06:50:00",REECE1,102.280010
D,DISPATCH,UNIT_SCADA,1,"2019/09/05 06:50:00",REECE2,101.560010
D,DISPATCH,UNIT_SCADA,1,"2019/09/05 06:50:00",ROMA_7,0
D,DISPATCH,UNIT_SCADA,1,"2019/09/05 06:50:00",ROMA_8,0
D,DISPATCH,UNIT_SCADA,1,"2019/09/05 06:50:00",RRSF1,4.284570
D,DISPATCH,UNIT_SCADA,1,"2019/09/05 06:50:00",RT_NSW1,0
D,DISPATCH,UNIT_SCADA,1,"2019/09/05 06:50:00",RT_NSW2,0
D,DISPATCH,UNIT_SCADA,1,"2019/09/05 06:50:00",RT_NSW3,0
D,DISPATCH,UNIT_SCADA,1,"2019/09/05 06:50:00",RT_NSW4,0
D,DISPATCH,UNIT_SCADA,1,"2019/09/05 06:50:00",RT_NSW5,0
D,DISPATCH,UNIT_SCADA,1,"2019/09/05 06:50:00",RT_NSW6,0
D,DISPATCH,UNIT_SCADA,1,"2019/09/05 06:50:00",RT_QLD1,0
D,DISPATCH,UNIT_SCADA,1,"2019/09/05 06:50:00",RT_SA1,0
D,DISPATCH,UNIT_SCADA,1,"2019/09/05 06:50:00",RT_SA2,0
D,DISPATCH,UNIT_SCADA,1,"2019/09/05 06:50:00",RT_SA3,0
D,DISPATCH,UNIT_SCADA,1,"2019/09/05 06:50:00",RT_SA4,0
D,DISPATCH,UNIT_SCADA,1,"2019/09/05 06:50:00",RT_SA5,0
D,DISPATCH,UNIT_SCADA,1,"2019/09/05 06:50:00",RT_SA6,0
D,DISPATCH,UNIT_SCADA,1,"2019/09/05 06:50:00",RT_TAS1,0
D,DISPATCH,UNIT_SCADA,1,"2019/09/05 06:50:00",RT_VIC1,0
D,DISPATCH,UNIT_SCADA,1,"2019/09/05 06:50:00",RT_VIC10,0
D,DISPATCH,UNIT_SCADA,1,"2019/09/05 06:50:00",RT_VIC11,0
D,DISPATCH,UNIT_SCADA,1,"2019/09/05 06:50:00",RT_VIC12,0
D,DISPATCH,UNIT_SCADA,1,"2019/09/05 06:50:00",RT_VIC2,0
D,DISPATCH,UNIT_SCADA,1,"2019/09/05 06:50:00",RT_VIC3,0
D,DISPATCH,UNIT_SCADA,1,"2019/09/05 06:50:00",RT_VIC4,0
D,DISPATCH,UNIT_SCADA,1,"2019/09/05 06:50:00",RT_VIC5,0
D,DISPATCH,UNIT_SCADA,1,"2019/09/05 06:50:00",RT_VIC6,0
D,DISPATCH,UNIT_SCADA,1,"2019/09/05 06:50:00",RT_VIC7,0
D,DISPATCH,UNIT_SCADA,1,"2019/09/05 06:50:00",RT_VIC8,0
D,DISPATCH,UNIT_SCADA,1,"2019/09/05 06:50:00",RT_VIC9,0
D,DISPATCH,UNIT_SCADA,1,"2019/09/05 06:50:00",RUGBYR1,6.093060
D,DISPATCH,UNIT_SCADA,1,"2019/09/05 06:50:00",SALTCRK1,7.33
D,DISPATCH,UNIT_SCADA,1,"2019/09/05 06:50:00",SAPHWF1,-2.034360
D,DISPATCH,UNIT_SCADA,1,"2019/09/05 06:50:00",SHGEN,161.608990
D,DISPATCH,UNIT_SCADA,1,"2019/09/05 06:50:00",SHPUMP,0
D,DISPATCH,UNIT_SCADA,1,"2019/09/05 06:50:00",SITHE01,117.968860
D,DISPATCH,UNIT_SCADA,1,"2019/09/05 06:50:00",SMCSF1,4.046350
D,DISPATCH,UNIT_SCADA,1,"2019/09/05 06:50:00",SNOWNTH1,0
D,DISPATCH,UNIT_SCADA,1,"2019/09/05 06:50:00",SNOWSTH1,7.60
D,DISPATCH,UNIT_SCADA,1,"2019/09/05 06:50:00",SNOWTWN1,0.073450
D,DISPATCH,UNIT_SCADA,1,"2019/09/05 06:50:00",SNOWYP,0
D,DISPATCH,UNIT_SCADA,1,"2019/09/05 06:50:00",SNUG1,0.019440
D,DISPATCH,UNIT_SCADA,1,"2019/09/05 06:50:00",SRSF1,16.88
D,DISPATCH,UNIT_SCADA,1,"2019/09/05 06:50:00",STAN-1,292.258670
D,DISPATCH,UNIT_SCADA,1,"2019/09/05 06:50:00",STAN-2,259.163090
D,DISPATCH,UNIT_SCADA,1,"2019/09/05 06:50:00",STAN-3,335.659730
D,DISPATCH,UNIT_SCADA,1,"2019/09/05 06:50:00",STAN-4,331.224760
D,DISPATCH,UNIT_SCADA,1,"2019/09/05 06:50:00",STWF1,0
D,DISPATCH,UNIT_SCADA,1,"2019/09/05 06:50:00",SWAN_E,0
D,DISPATCH,UNIT_SCADA,1,"2019/09/05 06:50:00",TALWA1,420
D,DISPATCH,UNIT_SCADA,1,"2019/09/05 06:50:00",TARALGA1,20.077510
D,DISPATCH,UNIT_SCADA,1,"2019/09/05 06:50:00",TARONG#1,348.700010
D,DISPATCH,UNIT_SCADA,1,"2019/09/05 06:50:00",TARONG#2,0
D,DISPATCH,UNIT_SCADA,1,"2019/09/05 06:50:00",TARONG#3,296.399990
D,DISPATCH,UNIT_SCADA,1,"2019/09/05 06:50:00",TARONG#4,349.50
D,DISPATCH,UNIT_SCADA,1,"2019/09/05 06:50:00",TARRALEA,71
D,DISPATCH,UNIT_SCADA,1,"2019/09/05 06:50:00",TBSF1,-0.20
D,DISPATCH,UNIT_SCADA,1,"2019/09/05 06:50:00",TNPS1,379.600010
D,DISPATCH,UNIT_SCADA,1,"2019/09/05 06:50:00",TORRA1,116.739930
D,DISPATCH,UNIT_SCADA,1,"2019/09/05 06:50:00",TORRA2,0
D,DISPATCH,UNIT_SCADA,1,"2019/09/05 06:50:00",TORRA3,0
D,DISPATCH,UNIT_SCADA,1,"2019/09/05 06:50:00",TORRA4,112.432140
D,DISPATCH,UNIT_SCADA,1,"2019/09/05 06:50:00",TORRB1,194.539990
D,DISPATCH,UNIT_SCADA,1,"2019/09/05 06:50:00",TORRB2,194.259990
D,DISPATCH,UNIT_SCADA,1,"2019/09/05 06:50:00",TORRB3,195.03
D,DISPATCH,UNIT_SCADA,1,"2019/09/05 06:50:00",TORRB4,0
D,DISPATCH,UNIT_SCADA,1,"2019/09/05 06:50:00",TREVALLN,43.920010
D,DISPATCH,UNIT_SCADA,1,"2019/09/05 06:50:00",TRIBUTE,0
D,DISPATCH,UNIT_SCADA,1,"2019/09/05 06:50:00",TUMUT3,120.30
D,DISPATCH,UNIT_SCADA,1,"2019/09/05 06:50:00",TUNGATIN,121.670030
D,DISPATCH,UNIT_SCADA,1,"2019/09/05 06:50:00",TVCC201,0
D,DISPATCH,UNIT_SCADA,1,"2019/09/05 06:50:00",TVPP104,0
D,DISPATCH,UNIT_SCADA,1,"2019/09/05 06:50:00",UPPTUMUT,555.077090
D,DISPATCH,UNIT_SCADA,1,"2019/09/05 06:50:00",URANQ11,-3.774990
D,DISPATCH,UNIT_SCADA,1,"2019/09/05 06:50:00",URANQ12,0
D,DISPATCH,UNIT_SCADA,1,"2019/09/05 06:50:00",URANQ13,0
D,DISPATCH,UNIT_SCADA,1,"2019/09/05 06:50:00",URANQ14,0
D,DISPATCH,UNIT_SCADA,1,"2019/09/05 06:50:00",VP5,575.825010
D,DISPATCH,UNIT_SCADA,1,"2019/09/05 06:50:00",VP6,0
D,DISPATCH,UNIT_SCADA,1,"2019/09/05 06:50:00",VPGS1,0
D,DISPATCH,UNIT_SCADA,1,"2019/09/05 06:50:00",VPGS2,0
D,DISPATCH,UNIT_SCADA,1,"2019/09/05 06:50:00",VPGS3,0
D,DISPATCH,UNIT_SCADA,1,"2019/09/05 06:50:00",VPGS4,0
D,DISPATCH,UNIT_SCADA,1,"2019/09/05 06:50:00",VPGS5,0
D,DISPATCH,UNIT_SCADA,1,"2019/09/05 06:50:00",VPGS6,0
D,DISPATCH,UNIT_SCADA,1,"2019/09/05 06:50:00",W/HOE#1,0
D,DISPATCH,UNIT_SCADA,1,"2019/09/05 06:50:00",W/HOE#2,0
D,DISPATCH,UNIT_SCADA,1,"2019/09/05 06:50:00",WATERLWF,-0.90
D,DISPATCH,UNIT_SCADA,1,"2019/09/05 06:50:00",WEMENSF1,0
D,DISPATCH,UNIT_SCADA,1,"2019/09/05 06:50:00",WGWF1,0
D,DISPATCH,UNIT_SCADA,1,"2019/09/05 06:50:00",WHITSF1,4.80
D,DISPATCH,UNIT_SCADA,1,"2019/09/05 06:50:00",WKIEWA1,34.10
D,DISPATCH,UNIT_SCADA,1,"2019/09/05 06:50:00",WKIEWA2,32.10
D,DISPATCH,UNIT_SCADA,1,"2019/09/05 06:50:00",WOODLWN1,4.527010
D,DISPATCH,UNIT_SCADA,1,"2019/09/05 06:50:00",WRSF1,2.85
D,DISPATCH,UNIT_SCADA,1,"2019/09/05 06:50:00",WRWF1,0.076250
D,DISPATCH,UNIT_SCADA,1,"2019/09/05 06:50:00",YABULU,0
D,DISPATCH,UNIT_SCADA,1,"2019/09/05 06:50:00",YABULU2,0
D,DISPATCH,UNIT_SCADA,1,"2019/09/05 06:50:00",YARWUN_1,168.84
D,DISPATCH,UNIT_SCADA,1,"2019/09/05 06:50:00",YENDWF1,2.91
D,DISPATCH,UNIT_SCADA,1,"2019/09/05 06:50:00",YWPS1,381.453160
D,DISPATCH,UNIT_SCADA,1,"2019/09/05 06:50:00",YWPS2,281.450620
D,DISPATCH,UNIT_SCADA,1,"2019/09/05 06:50:00",YWPS3,320.998750
D,DISPATCH,UNIT_SCADA,1,"2019/09/05 06:50:00",YWPS4,392.979740
C,"END OF REPORT",335
