C,NEMP.WORLD,DISPATCHSCADA,AEMO,PUBLIC,2019/09/05,05:55:09,0000000312410673,DISPATCHSCADA,0000000312410667
I,DISPATCH,UNIT_SCADA,1,SETTLEMENTDATE,DUID,SCADAVALUE
D,DISPATCH,UNIT_SCADA,1,"2019/09/05 06:00:00",BARCSF1,0
D,DISPATCH,UNIT_SCADA,1,"2019/09/05 06:00:00",BUTLERSG,10.199999
D,DISPATCH,UNIT_SCADA,1,"2019/09/05 06:00:00",CALL_A_4,0
D,DISPATCH,UNIT_SCADA,1,"2019/09/05 06:00:00",CAPTL_WF,1.839996
D,DISPATCH,UNIT_SCADA,1,"2019/09/05 06:00:00",CATHROCK,21.679998
D,DISPATCH,UNIT_SCADA,1,"2019/09/05 06:00:00",CHALLHWF,0.10
D,DISPATCH,UNIT_SCADA,1,"2019/09/05 06:00:00",CLOVER,-0.01
D,DISPATCH,UNIT_SCADA,1,"2019/09/05 06:00:00",CLUNY,12.077363
D,DISPATCH,UNIT_SCADA,1,"2019/09/05 06:00:00",CNUNDAWF,8.309693
D,DISPATCH,UNIT_SCADA,1,"2019/09/05 06:00:00",CULLRGWF,3.67
D,DISPATCH,UNIT_SCADA,1,"2019/09/05 06:00:00",ERGT01,0
D,DISPATCH,UNIT_SCADA,1,"2019/09/05 06:00:00",GB01,0.014114
D,DISPATCH,UNIT_SCADA,1,"2019/09/05 06:00:00",GERMCRK,37
D,DISPATCH,UNIT_SCADA,1,"2019/09/05 06:00:00",GRIFSF1,0
D,DISPATCH,UNIT_SCADA,1,"2019/09/05 06:00:00",HUGSF1,-0.19
D,DISPATCH,UNIT_SCADA,1,"2019/09/05 06:00:00",LKBONNY1,9.020246
D,DISPATCH,UNIT_SCADA,1,"2019/09/05 06:00:00",LRSF1,-0.0310
D,DISPATCH,UNIT_SCADA,1,"2019/09/05 06:00:00",MBAHNTH,27.356247
D,DISPATCH,UNIT_SCADA,1,"2019/09/05 06:00:00",MLSP1,0.366001
D,DISPATCH,UNIT_SCADA,1,"2019/09/05 06:00:00",MLWF1,0.9450
D,DISPATCH,UNIT_SCADA,1,"2019/09/05 06:00:00",MTMILLAR,22.800179
D,DISPATCH,UNIT_SCADA,1,"2019/09/05 06:00:00",PALOONA,17.879999
D,DISPATCH,UNIT_SCADA,1,"2019/09/05 06:00:00",PIONEER,46.100002
D,DISPATCH,UNIT_SCADA,1,"2019/09/05 06:00:00",PORTWF,22
D,DISPATCH,UNIT_SCADA,1,"2019/09/05 06:00:00",REPULSE,19.950867
D,DISPATCH,UNIT_SCADA,1,"2019/09/05 06:00:00",ROWALLAN,10.3660
D,DISPATCH,UNIT_SCADA,1,"2019/09/05 06:00:00",ROYALLA1,0
D,DISPATCH,UNIT_SCADA,1,"2019/09/05 06:00:00",RPCG,10.80
D,DISPATCH,UNIT_SCADA,1,"2019/09/05 06:00:00",RUBICON,0
D,DISPATCH,UNIT_SCADA,1,"2019/09/05 06:00:00",SATGN1,0
D,DISPATCH,UNIT_SCADA,1,"2019/09/05 06:00:00",SATGS1,0
D,DISPATCH,UNIT_SCADA,1,"2019/09/05 06:00:00",STARHLWF,3.798892
D,DISPATCH,UNIT_SCADA,1,"2019/09/05 06:00:00",WAUBRAWF,2.7140
D,DISPATCH,UNIT_SCADA,1,"2019/09/05 06:00:00",WOOLNTH1,-0.759985
D,DISPATCH,UNIT_SCADA,1,"2019/09/05 06:00:00",WPWF,11
D,DISPATCH,UNIT_SCADA,1,"2019/09/05 06:00:00",YAMBUKWF,5.60
D,DISPATCH,UNIT_SCADA,1,"2019/09/05 06:00:00",YSWF1,0.10
D,DISPATCH,UNIT_SCADA,1,"2019/09/05 06:00:00",AGLHAL,0
D,DISPATCH,UNIT_SCADA,1,"2019/09/05 06:00:00",AGLSOM,0
D,DISPATCH,UNIT_SCADA,1,"2019/09/05 06:00:00",ANGAST1,0
D,DISPATCH,UNIT_SCADA,1,"2019/09/05 06:00:00",ARWF1,3.30
D,DISPATCH,UNIT_SCADA,1,"2019/09/05 06:00:00",BALBG1,0
D,DISPATCH,UNIT_SCADA,1,"2019/09/05 06:00:00",BALBL1,0
D,DISPATCH,UNIT_SCADA,1,"2019/09/05 06:00:00",BALDHWF1,0
D,DISPATCH,UNIT_SCADA,1,"2019/09/05 06:00:00",BANN1,0
D,DISPATCH,UNIT_SCADA,1,"2019/09/05 06:00:00",BARCALDN,0
D,DISPATCH,UNIT_SCADA,1,"2019/09/05 06:00:00",BARRON-1,33.52
D,DISPATCH,UNIT_SCADA,1,"2019/09/05 06:00:00",BARRON-2,0
D,DISPATCH,UNIT_SCADA,1,"2019/09/05 06:00:00",BASTYAN,80.44
D,DISPATCH,UNIT_SCADA,1,"2019/09/05 06:00:00",BBTHREE1,0
D,DISPATCH,UNIT_SCADA,1,"2019/09/05 06:00:00",BBTHREE2,0
D,DISPATCH,UNIT_SCADA,1,"2019/09/05 06:00:00",BBTHREE3,0
D,DISPATCH,UNIT_SCADA,1,"2019/09/05 06:00:00",BDL01,0
D,DISPATCH,UNIT_SCADA,1,"2019/09/05 06:00:00",BDL02,-0.06
D,DISPATCH,UNIT_SCADA,1,"2019/09/05 06:00:00",BERYLSF1,0
D,DISPATCH,UNIT_SCADA,1,"2019/09/05 06:00:00",BLOWERNG,11.10
D,DISPATCH,UNIT_SCADA,1,"2019/09/05 06:00:00",BLUFF1,0
D,DISPATCH,UNIT_SCADA,1,"2019/09/05 06:00:00",BNGSF1,0
D,DISPATCH,UNIT_SCADA,1,"2019/09/05 06:00:00",BNGSF2,0
D,DISPATCH,UNIT_SCADA,1,"2019/09/05 06:00:00",BOCORWF1,10.13
D,DISPATCH,UNIT_SCADA,1,"2019/09/05 06:00:00",BODWF1,6.042350
D,DISPATCH,UNIT_SCADA,1,"2019/09/05 06:00:00",BRAEMAR1,0
D,DISPATCH,UNIT_SCADA,1,"2019/09/05 06:00:00",BRAEMAR2,0
D,DISPATCH,UNIT_SCADA,1,"2019/09/05 06:00:00",BRAEMAR3,0
D,DISPATCH,UNIT_SCADA,1,"2019/09/05 06:00:00",BRAEMAR5,0
D,DISPATCH,UNIT_SCADA,1,"2019/09/05 06:00:00",BRAEMAR6,0
D,DISPATCH,UNIT_SCADA,1,"2019/09/05 06:00:00",BRAEMAR7,0
D,DISPATCH,UNIT_SCADA,1,"2019/09/05 06:00:00",BROKENH1,0
D,DISPATCH,UNIT_SCADA,1,"2019/09/05 06:00:00",BW01,570.8999
D,DISPATCH,UNIT_SCADA,1,"2019/09/05 06:00:00",BW02,659.025020
D,DISPATCH,UNIT_SCADA,1,"2019/09/05 06:00:00",BW03,653.674930
D,DISPATCH,UNIT_SCADA,1,"2019/09/05 06:00:00",BW04,0
D,DISPATCH,UNIT_SCADA,1,"2019/09/05 06:00:00",CALL_B_1,349.200010
D,DISPATCH,UNIT_SCADA,1,"2019/09/05 06:00:00",CALL_B_2,350.100010
D,DISPATCH,UNIT_SCADA,1,"2019/09/05 06:00:00",CETHANA,79.802870
D,DISPATCH,UNIT_SCADA,1,"2019/09/05 06:00:00",CG1,0
D,DISPATCH,UNIT_SCADA,1,"2019/09/05 06:00:00",CG2,0
D,DISPATCH,UNIT_SCADA,1,"2019/09/05 06:00:00",CG3,0
D,DISPATCH,UNIT_SCADA,1,"2019/09/05 06:00:00",CG4,0
D,DISPATCH,UNIT_SCADA,1,"2019/09/05 06:00:00",CHILDSF1,0
D,DISPATCH,UNIT_SCADA,1,"2019/09/05 06:00:00",CLARESF1,0
D,DISPATCH,UNIT_SCADA,1,"2019/09/05 06:00:00",CLEMGPWF,-0.360180
D,DISPATCH,UNIT_SCADA,1,"2019/09/05 06:00:00",CLERMSF1,0
D,DISPATCH,UNIT_SCADA,1,"2019/09/05 06:00:00",COLEASF1,0
D,DISPATCH,UNIT_SCADA,1,"2019/09/05 06:00:00",COOPGWF1,4.240680
D,DISPATCH,UNIT_SCADA,1,"2019/09/05 06:00:00",CPP_3,405.6250
D,DISPATCH,UNIT_SCADA,1,"2019/09/05 06:00:00",CPP_4,406.725010
D,DISPATCH,UNIT_SCADA,1,"2019/09/05 06:00:00",CPSA,143.337510
D,DISPATCH,UNIT_SCADA,1,"2019/09/05 06:00:00",CROOKWF2,12.433750
D,DISPATCH,UNIT_SCADA,1,"2019/09/05 06:00:00",CROWLWF1,0.134420
D,DISPATCH,UNIT_SCADA,1,"2019/09/05 06:00:00",CSPVPS1,0
D,DISPATCH,UNIT_SCADA,1,"2019/09/05 06:00:00",DALNTH01,0
D,DISPATCH,UNIT_SCADA,1,"2019/09/05 06:00:00",DALNTHL1,0.065610
D,DISPATCH,UNIT_SCADA,1,"2019/09/05 06:00:00",DARTM1,133.50
D,DISPATCH,UNIT_SCADA,1,"2019/09/05 06:00:00",DAYDSF1,0
D,DISPATCH,UNIT_SCADA,1,"2019/09/05 06:00:00",DDPS1,349.694520
D,DISPATCH,UNIT_SCADA,1,"2019/09/05 06:00:00",DDSF1,0
D,DISPATCH,UNIT_SCADA,1,"2019/09/05 06:00:00",DEVILS_G,56.144290
D,DISPATCH,UNIT_SCADA,1,"2019/09/05 06:00:00",DG_NSW1,0
D,DISPATCH,UNIT_SCADA,1,"2019/09/05 06:00:00",DG_QLD1,0
D,DISPATCH,UNIT_SCADA,1,"2019/09/05 06:00:00",DG_SA1,0
D,DISPATCH,UNIT_SCADA,1,"2019/09/05 06:00:00",DG_TAS1,0
D,DISPATCH,UNIT_SCADA,1,"2019/09/05 06:00:00",DG_VIC1,0
D,DISPATCH,UNIT_SCADA,1,"2019/09/05 06:00:00",DRYCGT1,0
D,DISPATCH,UNIT_SCADA,1,"2019/09/05 06:00:00",DRYCGT2,0
D,DISPATCH,UNIT_SCADA,1,"2019/09/05 06:00:00",DRYCGT3,0
D,DISPATCH,UNIT_SCADA,1,"2019/09/05 06:00:00",EILDON1,0
D,DISPATCH,UNIT_SCADA,1,"2019/09/05 06:00:00",EILDON2,0
D,DISPATCH,UNIT_SCADA,1,"2019/09/05 06:00:00",EMERASF1,0
D,DISPATCH,UNIT_SCADA,1,"2019/09/05 06:00:00",ER01,592.474980
D,DISPATCH,UNIT_SCADA,1,"2019/09/05 06:00:00",ER02,466.199950
D,DISPATCH,UNIT_SCADA,1,"2019/09/05 06:00:00",ER03,0
D,DISPATCH,UNIT_SCADA,1,"2019/09/05 06:00:00",ER04,699.474980
D,DISPATCH,UNIT_SCADA,1,"2019/09/05 06:00:00",FINLYSF1,0
D,DISPATCH,UNIT_SCADA,1,"2019/09/05 06:00:00",FISHER,46
D,DISPATCH,UNIT_SCADA,1,"2019/09/05 06:00:00",GANNBG1,0
D,DISPATCH,UNIT_SCADA,1,"2019/09/05 06:00:00",GANNBL1,7.962650
D,DISPATCH,UNIT_SCADA,1,"2019/09/05 06:00:00",GANNSF1,0
D,DISPATCH,UNIT_SCADA,1,"2019/09/05 06:00:00",GORDON,19.472880
D,DISPATCH,UNIT_SCADA,1,"2019/09/05 06:00:00",GSTONE1,240.099990
D,DISPATCH,UNIT_SCADA,1,"2019/09/05 06:00:00",GSTONE2,230.1250
D,DISPATCH,UNIT_SCADA,1,"2019/09/05 06:00:00",GSTONE3,0
D,DISPATCH,UNIT_SCADA,1,"2019/09/05 06:00:00",GSTONE4,240.45
D,DISPATCH,UNIT_SCADA,1,"2019/09/05 06:00:00",GSTONE5,239.9250
D,DISPATCH,UNIT_SCADA,1,"2019/09/05 06:00:00",GSTONE6,242.024990
D,DISPATCH,UNIT_SCADA,1,"2019/09/05 06:00:00",GULLRSF1,0
D,DISPATCH,UNIT_SCADA,1,"2019/09/05 06:00:00",GULLRWF1,27.595920
D,DISPATCH,UNIT_SCADA,1,"2019/09/05 06:00:00",GUNNING1,3.785180
D,DISPATCH,UNIT_SCADA,1,"2019/09/05 06:00:00",GUTHEGA,0
D,DISPATCH,UNIT_SCADA,1,"2019/09/05 06:00:00",HALLWF1,-0.46
D,DISPATCH,UNIT_SCADA,1,"2019/09/05 06:00:00",HALLWF2,-0.31
D,DISPATCH,UNIT_SCADA,1,"2019/09/05 06:00:00",HAMISF1,0
D,DISPATCH,UNIT_SCADA,1,"2019/09/05 06:00:00",HAUGHT11,0
D,DISPATCH,UNIT_SCADA,1,"2019/09/05 06:00:00",HAYMSF1,0
D,DISPATCH,UNIT_SCADA,1,"2019/09/05 06:00:00",HDWF1,4.40
D,DISPATCH,UNIT_SCADA,1,"2019/09/05 06:00:00",HDWF2,1.20
D,DISPATCH,UNIT_SCADA,1,"2019/09/05 06:00:00",HDWF3,2.30
D,DISPATCH,UNIT_SCADA,1,"2019/09/05 06:00:00",HPRG1,0
D,DISPATCH,UNIT_SCADA,1,"2019/09/05 06:00:00",HPRL1,25.70
D,DISPATCH,UNIT_SCADA,1,"2019/09/05 06:00:00",HUMENSW,0
D,DISPATCH,UNIT_SCADA,1,"2019/09/05 06:00:00",HUMEV,25.80
D,DISPATCH,UNIT_SCADA,1,"2019/09/05 06:00:00",HVGTS,0
D,DISPATCH,UNIT_SCADA,1,"2019/09/05 06:00:00",JBUTTERS,111.61
D,DISPATCH,UNIT_SCADA,1,"2019/09/05 06:00:00",JLA01,0.10
D,DISPATCH,UNIT_SCADA,1,"2019/09/05 06:00:00",JLA02,0
D,DISPATCH,UNIT_SCADA,1,"2019/09/05 06:00:00",JLA03,0
D,DISPATCH,UNIT_SCADA,1,"2019/09/05 06:00:00",JLA04,0
D,DISPATCH,UNIT_SCADA,1,"2019/09/05 06:00:00",JLB01,0
D,DISPATCH,UNIT_SCADA,1,"2019/09/05 06:00:00",JLB02,0.10
D,DISPATCH,UNIT_SCADA,1,"2019/09/05 06:00:00",JLB03,0
D,DISPATCH,UNIT_SCADA,1,"2019/09/05 06:00:00",KAREEYA1,21.5525
D,DISPATCH,UNIT_SCADA,1,"2019/09/05 06:00:00",KAREEYA2,21.7725
D,DISPATCH,UNIT_SCADA,1,"2019/09/05 06:00:00",KAREEYA3,0
D,DISPATCH,UNIT_SCADA,1,"2019/09/05 06:00:00",KAREEYA4,21.6650
D,DISPATCH,UNIT_SCADA,1,"2019/09/05 06:00:00",KARSF1,0
D,DISPATCH,UNIT_SCADA,1,"2019/09/05 06:00:00",KIATAWF1,11.90
D,DISPATCH,UNIT_SCADA,1,"2019/09/05 06:00:00",KPP_1,0
D,DISPATCH,UNIT_SCADA,1,"2019/09/05 06:00:00",KSP1,0
D,DISPATCH,UNIT_SCADA,1,"2019/09/05 06:00:00",LADBROK1,43.19
D,DISPATCH,UNIT_SCADA,1,"2019/09/05 06:00:00",LADBROK2,43.18
D,DISPATCH,UNIT_SCADA,1,"2019/09/05 06:00:00",LD01,351.693790
D,DISPATCH,UNIT_SCADA,1,"2019/09/05 06:00:00",LD02,361.537540
D,DISPATCH,UNIT_SCADA,1,"2019/09/05 06:00:00",LD03,349.143680
D,DISPATCH,UNIT_SCADA,1,"2019/09/05 06:00:00",LD04,350.812470
D,DISPATCH,UNIT_SCADA,1,"2019/09/05 06:00:00",LEM_WIL,82.936950
D,DISPATCH,UNIT_SCADA,1,"2019/09/05 06:00:00",LGAPWF1,13.17
D,DISPATCH,UNIT_SCADA,1,"2019/09/05 06:00:00",LILYSF1,0
D,DISPATCH,UNIT_SCADA,1,"2019/09/05 06:00:00",LI_WY_CA,156.260760
D,DISPATCH,UNIT_SCADA,1,"2019/09/05 06:00:00",LKBONNY2,27.953420
D,DISPATCH,UNIT_SCADA,1,"2019/09/05 06:00:00",LKBONNY3,9.545560
D,DISPATCH,UNIT_SCADA,1,"2019/09/05 06:00:00",LK_ECHO,0
D,DISPATCH,UNIT_SCADA,1,"2019/09/05 06:00:00",LNGS1,0
D,DISPATCH,UNIT_SCADA,1,"2019/09/05 06:00:00",LNGS2,0
D,DISPATCH,UNIT_SCADA,1,"2019/09/05 06:00:00",LONSDALE,0
D,DISPATCH,UNIT_SCADA,1,"2019/09/05 06:00:00",LOYYB1,535.336730
D,DISPATCH,UNIT_SCADA,1,"2019/09/05 06:00:00",LOYYB2,582.330380
D,DISPATCH,UNIT_SCADA,1,"2019/09/05 06:00:00",LYA1,0
D,DISPATCH,UNIT_SCADA,1,"2019/09/05 06:00:00",LYA2,0
D,DISPATCH,UNIT_SCADA,1,"2019/09/05 06:00:00",LYA3,559
D,DISPATCH,UNIT_SCADA,1,"2019/09/05 06:00:00",LYA4,539
D,DISPATCH,UNIT_SCADA,1,"2019/09/05 06:00:00",MACARTH1,47.6989
D,DISPATCH,UNIT_SCADA,1,"2019/09/05 06:00:00",MACKAYGT,0.2240
D,DISPATCH,UNIT_SCADA,1,"2019/09/05 06:00:00",MACKNTSH,89.000010
D,DISPATCH,UNIT_SCADA,1,"2019/09/05 06:00:00",MANSLR1,0
D,DISPATCH,UNIT_SCADA,1,"2019/09/05 06:00:00",MCKAY1,0.0750
D,DISPATCH,UNIT_SCADA,1,"2019/09/05 06:00:00",MEADOWBK,31.666640
D,DISPATCH,UNIT_SCADA,1,"2019/09/05 06:00:00",MERCER01,2.5620
D,DISPATCH,UNIT_SCADA,1,"2019/09/05 06:00:00",MEWF1,51.552260
D,DISPATCH,UNIT_SCADA,1,"2019/09/05 06:00:00",MINTARO,0
D,DISPATCH,UNIT_SCADA,1,"2019/09/05 06:00:00",MOREESF1,0
D,DISPATCH,UNIT_SCADA,1,"2019/09/05 06:00:00",MORTLK11,259
D,DISPATCH,UNIT_SCADA,1,"2019/09/05 06:00:00",MORTLK12,0
D,DISPATCH,UNIT_SCADA,1,"2019/09/05 06:00:00",MP1,240.174930
D,DISPATCH,UNIT_SCADA,1,"2019/09/05 06:00:00",MP2,0
D,DISPATCH,UNIT_SCADA,1,"2019/09/05 06:00:00",MPP_1,398.25
D,DISPATCH,UNIT_SCADA,1,"2019/09/05 06:00:00",MPP_2,435.75
D,DISPATCH,UNIT_SCADA,1,"2019/09/05 06:00:00",MSTUART1,0
D,DISPATCH,UNIT_SCADA,1,"2019/09/05 06:00:00",MSTUART2,0
D,DISPATCH,UNIT_SCADA,1,"2019/09/05 06:00:00",MSTUART3,0
D,DISPATCH,UNIT_SCADA,1,"2019/09/05 06:00:00",MTGELWF1,7.618950
D,DISPATCH,UNIT_SCADA,1,"2019/09/05 06:00:00",MURRAY,0
D,DISPATCH,UNIT_SCADA,1,"2019/09/05 06:00:00",MUSSELR1,20.30
D,DISPATCH,UNIT_SCADA,1,"2019/09/05 06:00:00",MUWAWF1,23.50
D,DISPATCH,UNIT_SCADA,1,"2019/09/05 06:00:00",NBHWF1,0.80
D,DISPATCH,UNIT_SCADA,1,"2019/09/05 06:00:00",NPS,301.8750
D,DISPATCH,UNIT_SCADA,1,"2019/09/05 06:00:00",NUMURSF1,0
D,DISPATCH,UNIT_SCADA,1,"2019/09/05 06:00:00",NYNGAN1,0
D,DISPATCH,UNIT_SCADA,1,"2019/09/05 06:00:00",OAKEY1,0
D,DISPATCH,UNIT_SCADA,1,"2019/09/05 06:00:00",OAKEY1SF,0
D,DISPATCH,UNIT_SCADA,1,"2019/09/05 06:00:00",OAKEY2,0
D,DISPATCH,UNIT_SCADA,1,"2019/09/05 06:00:00",OAKEY2SF,0
D,DISPATCH,UNIT_SCADA,1,"2019/09/05 06:00:00",OAKLAND1,0.30
D,DISPATCH,UNIT_SCADA,1,"2019/09/05 06:00:00",OSB-AG,180.94
D,DISPATCH,UNIT_SCADA,1,"2019/09/05 06:00:00",PARSF1,0
D,DISPATCH,UNIT_SCADA,1,"2019/09/05 06:00:00",POAT110,0
D,DISPATCH,UNIT_SCADA,1,"2019/09/05 06:00:00",POAT220,1.30
D,DISPATCH,UNIT_SCADA,1,"2019/09/05 06:00:00",POR01,0
D,DISPATCH,UNIT_SCADA,1,"2019/09/05 06:00:00",POR03,0
D,DISPATCH,UNIT_SCADA,1,"2019/09/05 06:00:00",PPCCGT,399.714480
D,DISPATCH,UNIT_SCADA,1,"2019/09/05 06:00:00",PTSTAN1,0
D,DISPATCH,UNIT_SCADA,1,"2019/09/05 06:00:00",PUMP1,0
D,DISPATCH,UNIT_SCADA,1,"2019/09/05 06:00:00",PUMP2,0
D,DISPATCH,UNIT_SCADA,1,"2019/09/05 06:00:00",QPS1,29.10
D,DISPATCH,UNIT_SCADA,1,"2019/09/05 06:00:00",QPS2,0
D,DISPATCH,UNIT_SCADA,1,"2019/09/05 06:00:00",QPS3,0
D,DISPATCH,UNIT_SCADA,1,"2019/09/05 06:00:00",QPS4,0
D,DISPATCH,UNIT_SCADA,1,"2019/09/05 06:00:00",QPS5,0
D,DISPATCH,UNIT_SCADA,1,"2019/09/05 06:00:00",REECE1,102.290010
D,DISPATCH,UNIT_SCADA,1,"2019/09/05 06:00:00",REECE2,101.250010
D,DISPATCH,UNIT_SCADA,1,"2019/09/05 06:00:00",ROMA_7,0
D,DISPATCH,UNIT_SCADA,1,"2019/09/05 06:00:00",ROMA_8,0
D,DISPATCH,UNIT_SCADA,1,"2019/09/05 06:00:00",RRSF1,0
D,DISPATCH,UNIT_SCADA,1,"2019/09/05 06:00:00",RT_NSW1,0
D,DISPATCH,UNIT_SCADA,1,"2019/09/05 06:00:00",RT_NSW2,0
D,DISPATCH,UNIT_SCADA,1,"2019/09/05 06:00:00",RT_NSW3,0
D,DISPATCH,UNIT_SCADA,1,"2019/09/05 06:00:00",RT_NSW4,0
D,DISPATCH,UNIT_SCADA,1,"2019/09/05 06:00:00",RT_NSW5,0
D,DISPATCH,UNIT_SCADA,1,"2019/09/05 06:00:00",RT_NSW6,0
D,DISPATCH,UNIT_SCADA,1,"2019/09/05 06:00:00",RT_QLD1,0
D,DISPATCH,UNIT_SCADA,1,"2019/09/05 06:00:00",RT_SA1,0
D,DISPATCH,UNIT_SCADA,1,"2019/09/05 06:00:00",RT_SA2,0
D,DISPATCH,UNIT_SCADA,1,"2019/09/05 06:00:00",RT_SA3,0
D,DISPATCH,UNIT_SCADA,1,"2019/09/05 06:00:00",RT_SA4,0
D,DISPATCH,UNIT_SCADA,1,"2019/09/05 06:00:00",RT_SA5,0
D,DISPATCH,UNIT_SCADA,1,"2019/09/05 06:00:00",RT_SA6,0
D,DISPATCH,UNIT_SCADA,1,"2019/09/05 06:00:00",RT_TAS1,0
D,DISPATCH,UNIT_SCADA,1,"2019/09/05 06:00:00",RT_VIC1,0
D,DISPATCH,UNIT_SCADA,1,"2019/09/05 06:00:00",RT_VIC10,0
D,DISPATCH,UNIT_SCADA,1,"2019/09/05 06:00:00",RT_VIC11,0
D,DISPATCH,UNIT_SCADA,1,"2019/09/05 06:00:00",RT_VIC12,0
D,DISPATCH,UNIT_SCADA,1,"2019/09/05 06:00:00",RT_VIC2,0
D,DISPATCH,UNIT_SCADA,1,"2019/09/05 06:00:00",RT_VIC3,0
D,DISPATCH,UNIT_SCADA,1,"2019/09/05 06:00:00",RT_VIC4,0
D,DISPATCH,UNIT_SCADA,1,"2019/09/05 06:00:00",RT_VIC5,0
D,DISPATCH,UNIT_SCADA,1,"2019/09/05 06:00:00",RT_VIC6,0
D,DISPATCH,UNIT_SCADA,1,"2019/09/05 06:00:00",RT_VIC7,0
D,DISPATCH,UNIT_SCADA,1,"2019/09/05 06:00:00",RT_VIC8,0
D,DISPATCH,UNIT_SCADA,1,"2019/09/05 06:00:00",RT_VIC9,0
D,DISPATCH,UNIT_SCADA,1,"2019/09/05 06:00:00",RUGBYR1,0
D,DISPATCH,UNIT_SCADA,1,"2019/09/05 06:00:00",SALTCRK1,6.02
D,DISPATCH,UNIT_SCADA,1,"2019/09/05 06:00:00",SAPHWF1,-1.350010
D,DISPATCH,UNIT_SCADA,1,"2019/09/05 06:00:00",SHGEN,0
D,DISPATCH,UNIT_SCADA,1,"2019/09/05 06:00:00",SHPUMP,0
D,DISPATCH,UNIT_SCADA,1,"2019/09/05 06:00:00",SITHE01,0.214140
D,DISPATCH,UNIT_SCADA,1,"2019/09/05 06:00:00",SMCSF1,0
D,DISPATCH,UNIT_SCADA,1,"2019/09/05 06:00:00",SNOWNTH1,0
D,DISPATCH,UNIT_SCADA,1,"2019/09/05 06:00:00",SNOWSTH1,0
D,DISPATCH,UNIT_SCADA,1,"2019/09/05 06:00:00",SNOWTWN1,-0.498140
D,DISPATCH,UNIT_SCADA,1,"2019/09/05 06:00:00",SNOWYP,0
D,DISPATCH,UNIT_SCADA,1,"2019/09/05 06:00:00",SNUG1,0.019440
D,DISPATCH,UNIT_SCADA,1,"2019/09/05 06:00:00",SRSF1,0
D,DISPATCH,UNIT_SCADA,1,"2019/09/05 06:00:00",STAN-1,291.2717
D,DISPATCH,UNIT_SCADA,1,"2019/09/05 06:00:00",STAN-2,252.587570
D,DISPATCH,UNIT_SCADA,1,"2019/09/05 06:00:00",STAN-3,271.609190
D,DISPATCH,UNIT_SCADA,1,"2019/09/05 06:00:00",STAN-4,266.097530
D,DISPATCH,UNIT_SCADA,1,"2019/09/05 06:00:00",STWF1,0
D,DISPATCH,UNIT_SCADA,1,"2019/09/05 06:00:00",SWAN_E,0
D,DISPATCH,UNIT_SCADA,1,"2019/09/05 06:00:00",TALWA1,418
D,DISPATCH,UNIT_SCADA,1,"2019/09/05 06:00:00",TARALGA1,26.516250
D,DISPATCH,UNIT_SCADA,1,"2019/09/05 06:00:00",TARONG#1,339.700010
D,DISPATCH,UNIT_SCADA,1,"2019/09/05 06:00:00",TARONG#2,0
D,DISPATCH,UNIT_SCADA,1,"2019/09/05 06:00:00",TARONG#3,261.300020
D,DISPATCH,UNIT_SCADA,1,"2019/09/05 06:00:00",TARONG#4,351
D,DISPATCH,UNIT_SCADA,1,"2019/09/05 06:00:00",TARRALEA,71.10
D,DISPATCH,UNIT_SCADA,1,"2019/09/05 06:00:00",TBSF1,-0.20
D,DISPATCH,UNIT_SCADA,1,"2019/09/05 06:00:00",TNPS1,379.600010
D,DISPATCH,UNIT_SCADA,1,"2019/09/05 06:00:00",TORRA1,78.215750
D,DISPATCH,UNIT_SCADA,1,"2019/09/05 06:00:00",TORRA2,0
D,DISPATCH,UNIT_SCADA,1,"2019/09/05 06:00:00",TORRA3,0
D,DISPATCH,UNIT_SCADA,1,"2019/09/05 06:00:00",TORRA4,70.456850
D,DISPATCH,UNIT_SCADA,1,"2019/09/05 06:00:00",TORRB1,111.76
D,DISPATCH,UNIT_SCADA,1,"2019/09/05 06:00:00",TORRB2,110.35
D,DISPATCH,UNIT_SCADA,1,"2019/09/05 06:00:00",TORRB3,110.84
D,DISPATCH,UNIT_SCADA,1,"2019/09/05 06:00:00",TORRB4,0
D,DISPATCH,UNIT_SCADA,1,"2019/09/05 06:00:00",TREVALLN,17.60
D,DISPATCH,UNIT_SCADA,1,"2019/09/05 06:00:00",TRIBUTE,0
D,DISPATCH,UNIT_SCADA,1,"2019/09/05 06:00:00",TUMUT3,0
D,DISPATCH,UNIT_SCADA,1,"2019/09/05 06:00:00",TUNGATIN,122.430040
D,DISPATCH,UNIT_SCADA,1,"2019/09/05 06:00:00",TVCC201,0
D,DISPATCH,UNIT_SCADA,1,"2019/09/05 06:00:00",TVPP104,0
D,DISPATCH,UNIT_SCADA,1,"2019/09/05 06:00:00",UPPTUMUT,147.747890
D,DISPATCH,UNIT_SCADA,1,"2019/09/05 06:00:00",URANQ11,0
D,DISPATCH,UNIT_SCADA,1,"2019/09/05 06:00:00",URANQ12,0
D,DISPATCH,UNIT_SCADA,1,"2019/09/05 06:00:00",URANQ13,0
D,DISPATCH,UNIT_SCADA,1,"2019/09/05 06:00:00",URANQ14,0
D,DISPATCH,UNIT_SCADA,1,"2019/09/05 06:00:00",VP5,632.799990
D,DISPATCH,UNIT_SCADA,1,"2019/09/05 06:00:00",VP6,0
D,DISPATCH,UNIT_SCADA,1,"2019/09/05 06:00:00",VPGS1,0
D,DISPATCH,UNIT_SCADA,1,"2019/09/05 06:00:00",VPGS2,0
D,DISPATCH,UNIT_SCADA,1,"2019/09/05 06:00:00",VPGS3,0
D,DISPATCH,UNIT_SCADA,1,"2019/09/05 06:00:00",VPGS4,0
D,DISPATCH,UNIT_SCADA,1,"2019/09/05 06:00:00",VPGS5,0
D,DISPATCH,UNIT_SCADA,1,"2019/09/05 06:00:00",VPGS6,0
D,DISPATCH,UNIT_SCADA,1,"2019/09/05 06:00:00",W/HOE#1,0
D,DISPATCH,UNIT_SCADA,1,"2019/09/05 06:00:00",W/HOE#2,0
D,DISPATCH,UNIT_SCADA,1,"2019/09/05 06:00:00",WATERLWF,-0.50
D,DISPATCH,UNIT_SCADA,1,"2019/09/05 06:00:00",WEMENSF1,0
D,DISPATCH,UNIT_SCADA,1,"2019/09/05 06:00:00",WGWF1,0
D,DISPATCH,UNIT_SCADA,1,"2019/09/05 06:00:00",WHITSF1,0
D,DISPATCH,UNIT_SCADA,1,"2019/09/05 06:00:00",WKIEWA1,26.10
D,DISPATCH,UNIT_SCADA,1,"2019/09/05 06:00:00",WKIEWA2,17.20
D,DISPATCH,UNIT_SCADA,1,"2019/09/05 06:00:00",WOODLWN1,0
D,DISPATCH,UNIT_SCADA,1,"2019/09/05 06:00:00",WRSF1,0
D,DISPATCH,UNIT_SCADA,1,"2019/09/05 06:00:00",WRWF1,0.318750
D,DISPATCH,UNIT_SCADA,1,"2019/09/05 06:00:00",YABULU,0
D,DISPATCH,UNIT_SCADA,1,"2019/09/05 06:00:00",YABULU2,0
D,DISPATCH,UNIT_SCADA,1,"2019/09/05 06:00:00",YARWUN_1,166.92
D,DISPATCH,UNIT_SCADA,1,"2019/09/05 06:00:00",YENDWF1,2.45
D,DISPATCH,UNIT_SCADA,1,"2019/09/05 06:00:00",YWPS1,383.458220
D,DISPATCH,UNIT_SCADA,1,"2019/09/05 06:00:00",YWPS2,282.7038
D,DISPATCH,UNIT_SCADA,1,"2019/09/05 06:00:00",YWPS3,323.256960
D,DISPATCH,UNIT_SCADA,1,"2019/09/05 06:00:00",YWPS4,390.721530
C,"END OF REPORT",335
