C,NEMP.WORLD,DISPATCHSCADA,AEMO,PUBLIC,2019/08/19,22:45:07,0000000311763141,DISPATCHSCADA,0000000311763135
I,DISPATCH,UNIT_SCADA,1,SETTLEMENTDATE,DUID,SCADAVALUE
D,DISPATCH,UNIT_SCADA,1,"2019/08/19 22:50:00",BARCSF1,0
D,DISPATCH,UNIT_SCADA,1,"2019/08/19 22:50:00",BUTLERSG,9.699999
D,DISPATCH,UNIT_SCADA,1,"2019/08/19 22:50:00",CALL_A_4,0
D,DISPATCH,UNIT_SCADA,1,"2019/08/19 22:50:00",CAPTL_WF,130.683990
D,DISPATCH,UNIT_SCADA,1,"2019/08/19 22:50:00",CATHROCK,42.649998
D,DISPATCH,UNIT_SCADA,1,"2019/08/19 22:50:00",CHALLHWF,18.10
D,DISPATCH,UNIT_SCADA,1,"2019/08/19 22:50:00",CLOVER,-0.01
D,DISPATCH,UNIT_SCADA,1,"2019/08/19 22:50:00",CLUNY,12.182651
D,DISPATCH,UNIT_SCADA,1,"2019/08/19 22:50:00",CNUNDAWF,35.741695
D,DISPATCH,UNIT_SCADA,1,"2019/08/19 22:50:00",CULLRGWF,30.379999
D,DISPATCH,UNIT_SCADA,1,"2019/08/19 22:50:00",ERGT01,0
D,DISPATCH,UNIT_SCADA,1,"2019/08/19 22:50:00",GB01,0.065681
D,DISPATCH,UNIT_SCADA,1,"2019/08/19 22:50:00",GERMCRK,37.599998
D,DISPATCH,UNIT_SCADA,1,"2019/08/19 22:50:00",GRIFSF1,0
D,DISPATCH,UNIT_SCADA,1,"2019/08/19 22:50:00",HUGSF1,-0.2580
D,DISPATCH,UNIT_SCADA,1,"2019/08/19 22:50:00",LKBONNY1,66.892715
D,DISPATCH,UNIT_SCADA,1,"2019/08/19 22:50:00",LRSF1,-0.03
D,DISPATCH,UNIT_SCADA,1,"2019/08/19 22:50:00",MBAHNTH,52.8750
D,DISPATCH,UNIT_SCADA,1,"2019/08/19 22:50:00",MLSP1,0.304001
D,DISPATCH,UNIT_SCADA,1,"2019/08/19 22:50:00",MLWF1,17.849998
D,DISPATCH,UNIT_SCADA,1,"2019/08/19 22:50:00",MTMILLAR,20.820789
D,DISPATCH,UNIT_SCADA,1,"2019/08/19 22:50:00",PALOONA,23.59
D,DISPATCH,UNIT_SCADA,1,"2019/08/19 22:50:00",PIONEER,38.100002
D,DISPATCH,UNIT_SCADA,1,"2019/08/19 22:50:00",PORTWF,138.899994
D,DISPATCH,UNIT_SCADA,1,"2019/08/19 22:50:00",REPULSE,28.962234
D,DISPATCH,UNIT_SCADA,1,"2019/08/19 22:50:00",ROWALLAN,9.9613
D,DISPATCH,UNIT_SCADA,1,"2019/08/19 22:50:00",ROYALLA1,0
D,DISPATCH,UNIT_SCADA,1,"2019/08/19 22:50:00",RPCG,-3.20
D,DISPATCH,UNIT_SCADA,1,"2019/08/19 22:50:00",RUBICON,0
D,DISPATCH,UNIT_SCADA,1,"2019/08/19 22:50:00",SATGN1,0
D,DISPATCH,UNIT_SCADA,1,"2019/08/19 22:50:00",SATGS1,0
D,DISPATCH,UNIT_SCADA,1,"2019/08/19 22:50:00",STARHLWF,9.697172
D,DISPATCH,UNIT_SCADA,1,"2019/08/19 22:50:00",WAUBRAWF,98.462997
D,DISPATCH,UNIT_SCADA,1,"2019/08/19 22:50:00",WOOLNTH1,124.870018
D,DISPATCH,UNIT_SCADA,1,"2019/08/19 22:50:00",WPWF,24
D,DISPATCH,UNIT_SCADA,1,"2019/08/19 22:50:00",YAMBUKWF,12.80
D,DISPATCH,UNIT_SCADA,1,"2019/08/19 22:50:00",YSWF1,28.50
D,DISPATCH,UNIT_SCADA,1,"2019/08/19 22:50:00",AGLHAL,0
D,DISPATCH,UNIT_SCADA,1,"2019/08/19 22:50:00",AGLSOM,0
D,DISPATCH,UNIT_SCADA,1,"2019/08/19 22:50:00",ANGAST1,0
D,DISPATCH,UNIT_SCADA,1,"2019/08/19 22:50:00",ARWF1,17.20
D,DISPATCH,UNIT_SCADA,1,"2019/08/19 22:50:00",BALBG1,0
D,DISPATCH,UNIT_SCADA,1,"2019/08/19 22:50:00",BALBL1,0
D,DISPATCH,UNIT_SCADA,1,"2019/08/19 22:50:00",BALDHWF1,102.7080
D,DISPATCH,UNIT_SCADA,1,"2019/08/19 22:50:00",BANN1,0
D,DISPATCH,UNIT_SCADA,1,"2019/08/19 22:50:00",BARCALDN,0
D,DISPATCH,UNIT_SCADA,1,"2019/08/19 22:50:00",BARRON-1,0
D,DISPATCH,UNIT_SCADA,1,"2019/08/19 22:50:00",BARRON-2,24.92
D,DISPATCH,UNIT_SCADA,1,"2019/08/19 22:50:00",BASTYAN,80.55
D,DISPATCH,UNIT_SCADA,1,"2019/08/19 22:50:00",BBTHREE1,0
D,DISPATCH,UNIT_SCADA,1,"2019/08/19 22:50:00",BBTHREE2,0
D,DISPATCH,UNIT_SCADA,1,"2019/08/19 22:50:00",BBTHREE3,0
D,DISPATCH,UNIT_SCADA,1,"2019/08/19 22:50:00",BDL01,-0.06
D,DISPATCH,UNIT_SCADA,1,"2019/08/19 22:50:00",BDL02,-0.12
D,DISPATCH,UNIT_SCADA,1,"2019/08/19 22:50:00",BERYLSF1,0
D,DISPATCH,UNIT_SCADA,1,"2019/08/19 22:50:00",BLOWERNG,0
D,DISPATCH,UNIT_SCADA,1,"2019/08/19 22:50:00",BLUFF1,27.70
D,DISPATCH,UNIT_SCADA,1,"2019/08/19 22:50:00",BNGSF1,0
D,DISPATCH,UNIT_SCADA,1,"2019/08/19 22:50:00",BNGSF2,0
D,DISPATCH,UNIT_SCADA,1,"2019/08/19 22:50:00",BOCORWF1,94.91
D,DISPATCH,UNIT_SCADA,1,"2019/08/19 22:50:00",BODWF1,59.154590
D,DISPATCH,UNIT_SCADA,1,"2019/08/19 22:50:00",BRAEMAR1,0
D,DISPATCH,UNIT_SCADA,1,"2019/08/19 22:50:00",BRAEMAR2,0
D,DISPATCH,UNIT_SCADA,1,"2019/08/19 22:50:00",BRAEMAR3,0
D,DISPATCH,UNIT_SCADA,1,"2019/08/19 22:50:00",BRAEMAR5,0
D,DISPATCH,UNIT_SCADA,1,"2019/08/19 22:50:00",BRAEMAR6,0
D,DISPATCH,UNIT_SCADA,1,"2019/08/19 22:50:00",BRAEMAR7,0
D,DISPATCH,UNIT_SCADA,1,"2019/08/19 22:50:00",BROKENH1,0
D,DISPATCH,UNIT_SCADA,1,"2019/08/19 22:50:00",BW01,653.525020
D,DISPATCH,UNIT_SCADA,1,"2019/08/19 22:50:00",BW02,660.1499
D,DISPATCH,UNIT_SCADA,1,"2019/08/19 22:50:00",BW03,635.75
D,DISPATCH,UNIT_SCADA,1,"2019/08/19 22:50:00",BW04,0
D,DISPATCH,UNIT_SCADA,1,"2019/08/19 22:50:00",CALL_B_1,339.399990
D,DISPATCH,UNIT_SCADA,1,"2019/08/19 22:50:00",CALL_B_2,279.300020
D,DISPATCH,UNIT_SCADA,1,"2019/08/19 22:50:00",CETHANA,80.2220
D,DISPATCH,UNIT_SCADA,1,"2019/08/19 22:50:00",CG1,0
D,DISPATCH,UNIT_SCADA,1,"2019/08/19 22:50:00",CG2,0
D,DISPATCH,UNIT_SCADA,1,"2019/08/19 22:50:00",CG3,0
D,DISPATCH,UNIT_SCADA,1,"2019/08/19 22:50:00",CG4,0
D,DISPATCH,UNIT_SCADA,1,"2019/08/19 22:50:00",CHILDSF1,0
D,DISPATCH,UNIT_SCADA,1,"2019/08/19 22:50:00",CLARESF1,0
D,DISPATCH,UNIT_SCADA,1,"2019/08/19 22:50:00",CLEMGPWF,0.504250
D,DISPATCH,UNIT_SCADA,1,"2019/08/19 22:50:00",CLERMSF1,0
D,DISPATCH,UNIT_SCADA,1,"2019/08/19 22:50:00",COLEASF1,0
D,DISPATCH,UNIT_SCADA,1,"2019/08/19 22:50:00",COOPGWF1,36.049470
D,DISPATCH,UNIT_SCADA,1,"2019/08/19 22:50:00",CPP_3,403.700010
D,DISPATCH,UNIT_SCADA,1,"2019/08/19 22:50:00",CPP_4,407
D,DISPATCH,UNIT_SCADA,1,"2019/08/19 22:50:00",CPSA,142.174380
D,DISPATCH,UNIT_SCADA,1,"2019/08/19 22:50:00",CROOKWF2,77.243750
D,DISPATCH,UNIT_SCADA,1,"2019/08/19 22:50:00",CROWLWF1,34.879490
D,DISPATCH,UNIT_SCADA,1,"2019/08/19 22:50:00",CSPVPS1,0
D,DISPATCH,UNIT_SCADA,1,"2019/08/19 22:50:00",DALNTH01,0
D,DISPATCH,UNIT_SCADA,1,"2019/08/19 22:50:00",DALNTHL1,0.065610
D,DISPATCH,UNIT_SCADA,1,"2019/08/19 22:50:00",DARTM1,134.70
D,DISPATCH,UNIT_SCADA,1,"2019/08/19 22:50:00",DAYDSF1,0
D,DISPATCH,UNIT_SCADA,1,"2019/08/19 22:50:00",DDPS1,0
D,DISPATCH,UNIT_SCADA,1,"2019/08/19 22:50:00",DDSF1,0
D,DISPATCH,UNIT_SCADA,1,"2019/08/19 22:50:00",DEVILS_G,60.324110
D,DISPATCH,UNIT_SCADA,1,"2019/08/19 22:50:00",DG_NSW1,0
D,DISPATCH,UNIT_SCADA,1,"2019/08/19 22:50:00",DG_QLD1,0
D,DISPATCH,UNIT_SCADA,1,"2019/08/19 22:50:00",DG_SA1,0
D,DISPATCH,UNIT_SCADA,1,"2019/08/19 22:50:00",DG_TAS1,0
D,DISPATCH,UNIT_SCADA,1,"2019/08/19 22:50:00",DG_VIC1,0
D,DISPATCH,UNIT_SCADA,1,"2019/08/19 22:50:00",DRYCGT1,0
D,DISPATCH,UNIT_SCADA,1,"2019/08/19 22:50:00",DRYCGT2,0
D,DISPATCH,UNIT_SCADA,1,"2019/08/19 22:50:00",DRYCGT3,0
D,DISPATCH,UNIT_SCADA,1,"2019/08/19 22:50:00",EILDON1,0
D,DISPATCH,UNIT_SCADA,1,"2019/08/19 22:50:00",EILDON2,0
D,DISPATCH,UNIT_SCADA,1,"2019/08/19 22:50:00",EMERASF1,0
D,DISPATCH,UNIT_SCADA,1,"2019/08/19 22:50:00",ER01,575.8750
D,DISPATCH,UNIT_SCADA,1,"2019/08/19 22:50:00",ER02,680.574950
D,DISPATCH,UNIT_SCADA,1,"2019/08/19 22:50:00",ER03,680.1250
D,DISPATCH,UNIT_SCADA,1,"2019/08/19 22:50:00",ER04,680.6250
D,DISPATCH,UNIT_SCADA,1,"2019/08/19 22:50:00",FINLYSF1,0
D,DISPATCH,UNIT_SCADA,1,"2019/08/19 22:50:00",FISHER,45.85
D,DISPATCH,UNIT_SCADA,1,"2019/08/19 22:50:00",GANNBG1,0
D,DISPATCH,UNIT_SCADA,1,"2019/08/19 22:50:00",GANNBL1,1.513280
D,DISPATCH,UNIT_SCADA,1,"2019/08/19 22:50:00",GANNSF1,0
D,DISPATCH,UNIT_SCADA,1,"2019/08/19 22:50:00",GORDON,18.8916
D,DISPATCH,UNIT_SCADA,1,"2019/08/19 22:50:00",GSTONE1,196.524990
D,DISPATCH,UNIT_SCADA,1,"2019/08/19 22:50:00",GSTONE2,200.55
D,DISPATCH,UNIT_SCADA,1,"2019/08/19 22:50:00",GSTONE3,196.8750
D,DISPATCH,UNIT_SCADA,1,"2019/08/19 22:50:00",GSTONE4,191.80
D,DISPATCH,UNIT_SCADA,1,"2019/08/19 22:50:00",GSTONE5,196.349990
D,DISPATCH,UNIT_SCADA,1,"2019/08/19 22:50:00",GSTONE6,0
D,DISPATCH,UNIT_SCADA,1,"2019/08/19 22:50:00",GULLRSF1,0
D,DISPATCH,UNIT_SCADA,1,"2019/08/19 22:50:00",GULLRWF1,156.503360
D,DISPATCH,UNIT_SCADA,1,"2019/08/19 22:50:00",GUNNING1,45.294730
D,DISPATCH,UNIT_SCADA,1,"2019/08/19 22:50:00",GUTHEGA,0
D,DISPATCH,UNIT_SCADA,1,"2019/08/19 22:50:00",HALLWF1,66.59
D,DISPATCH,UNIT_SCADA,1,"2019/08/19 22:50:00",HALLWF2,55.23
D,DISPATCH,UNIT_SCADA,1,"2019/08/19 22:50:00",HAMISF1,0
D,DISPATCH,UNIT_SCADA,1,"2019/08/19 22:50:00",HAUGHT11,0
D,DISPATCH,UNIT_SCADA,1,"2019/08/19 22:50:00",HAYMSF1,0
D,DISPATCH,UNIT_SCADA,1,"2019/08/19 22:50:00",HDWF1,29.10
D,DISPATCH,UNIT_SCADA,1,"2019/08/19 22:50:00",HDWF2,20.50
D,DISPATCH,UNIT_SCADA,1,"2019/08/19 22:50:00",HDWF3,27.90
D,DISPATCH,UNIT_SCADA,1,"2019/08/19 22:50:00",HPRG1,0.20
D,DISPATCH,UNIT_SCADA,1,"2019/08/19 22:50:00",HPRL1,0
D,DISPATCH,UNIT_SCADA,1,"2019/08/19 22:50:00",HUMENSW,0
D,DISPATCH,UNIT_SCADA,1,"2019/08/19 22:50:00",HUMEV,8.20
D,DISPATCH,UNIT_SCADA,1,"2019/08/19 22:50:00",HVGTS,0
D,DISPATCH,UNIT_SCADA,1,"2019/08/19 22:50:00",JBUTTERS,134.629990
D,DISPATCH,UNIT_SCADA,1,"2019/08/19 22:50:00",JLA01,0.50
D,DISPATCH,UNIT_SCADA,1,"2019/08/19 22:50:00",JLA02,0
D,DISPATCH,UNIT_SCADA,1,"2019/08/19 22:50:00",JLA03,0.10
D,DISPATCH,UNIT_SCADA,1,"2019/08/19 22:50:00",JLA04,0.10
D,DISPATCH,UNIT_SCADA,1,"2019/08/19 22:50:00",JLB01,0
D,DISPATCH,UNIT_SCADA,1,"2019/08/19 22:50:00",JLB02,0.10
D,DISPATCH,UNIT_SCADA,1,"2019/08/19 22:50:00",JLB03,0
D,DISPATCH,UNIT_SCADA,1,"2019/08/19 22:50:00",KAREEYA1,21.4875
D,DISPATCH,UNIT_SCADA,1,"2019/08/19 22:50:00",KAREEYA2,21.7325
D,DISPATCH,UNIT_SCADA,1,"2019/08/19 22:50:00",KAREEYA3,0
D,DISPATCH,UNIT_SCADA,1,"2019/08/19 22:50:00",KAREEYA4,21.6450
D,DISPATCH,UNIT_SCADA,1,"2019/08/19 22:50:00",KARSF1,0
D,DISPATCH,UNIT_SCADA,1,"2019/08/19 22:50:00",KIATAWF1,29.90
D,DISPATCH,UNIT_SCADA,1,"2019/08/19 22:50:00",KPP_1,0
D,DISPATCH,UNIT_SCADA,1,"2019/08/19 22:50:00",KSP1,0
D,DISPATCH,UNIT_SCADA,1,"2019/08/19 22:50:00",LADBROK1,0
D,DISPATCH,UNIT_SCADA,1,"2019/08/19 22:50:00",LADBROK2,0
D,DISPATCH,UNIT_SCADA,1,"2019/08/19 22:50:00",LD01,420.093750
D,DISPATCH,UNIT_SCADA,1,"2019/08/19 22:50:00",LD02,419.362520
D,DISPATCH,UNIT_SCADA,1,"2019/08/19 22:50:00",LD03,419.925050
D,DISPATCH,UNIT_SCADA,1,"2019/08/19 22:50:00",LD04,378.6937
D,DISPATCH,UNIT_SCADA,1,"2019/08/19 22:50:00",LEM_WIL,80.9510
D,DISPATCH,UNIT_SCADA,1,"2019/08/19 22:50:00",LGAPWF1,6.37
D,DISPATCH,UNIT_SCADA,1,"2019/08/19 22:50:00",LILYSF1,0
D,DISPATCH,UNIT_SCADA,1,"2019/08/19 22:50:00",LI_WY_CA,142.651750
D,DISPATCH,UNIT_SCADA,1,"2019/08/19 22:50:00",LKBONNY2,134.493360
D,DISPATCH,UNIT_SCADA,1,"2019/08/19 22:50:00",LKBONNY3,35.614440
D,DISPATCH,UNIT_SCADA,1,"2019/08/19 22:50:00",LK_ECHO,0
D,DISPATCH,UNIT_SCADA,1,"2019/08/19 22:50:00",LNGS1,0
D,DISPATCH,UNIT_SCADA,1,"2019/08/19 22:50:00",LNGS2,0
D,DISPATCH,UNIT_SCADA,1,"2019/08/19 22:50:00",LONSDALE,0
D,DISPATCH,UNIT_SCADA,1,"2019/08/19 22:50:00",LOYYB1,535.336730
D,DISPATCH,UNIT_SCADA,1,"2019/08/19 22:50:00",LOYYB2,582.7063
D,DISPATCH,UNIT_SCADA,1,"2019/08/19 22:50:00",LYA1,561
D,DISPATCH,UNIT_SCADA,1,"2019/08/19 22:50:00",LYA2,0
D,DISPATCH,UNIT_SCADA,1,"2019/08/19 22:50:00",LYA3,561
D,DISPATCH,UNIT_SCADA,1,"2019/08/19 22:50:00",LYA4,540
D,DISPATCH,UNIT_SCADA,1,"2019/08/19 22:50:00",MACARTH1,236.494540
D,DISPATCH,UNIT_SCADA,1,"2019/08/19 22:50:00",MACKAYGT,0
D,DISPATCH,UNIT_SCADA,1,"2019/08/19 22:50:00",MACKNTSH,85.310010
D,DISPATCH,UNIT_SCADA,1,"2019/08/19 22:50:00",MANSLR1,0
D,DISPATCH,UNIT_SCADA,1,"2019/08/19 22:50:00",MCKAY1,0.02
D,DISPATCH,UNIT_SCADA,1,"2019/08/19 22:50:00",MEADOWBK,34.2960
D,DISPATCH,UNIT_SCADA,1,"2019/08/19 22:50:00",MERCER01,121.1220
D,DISPATCH,UNIT_SCADA,1,"2019/08/19 22:50:00",MEWF1,124.243970
D,DISPATCH,UNIT_SCADA,1,"2019/08/19 22:50:00",MINTARO,0
D,DISPATCH,UNIT_SCADA,1,"2019/08/19 22:50:00",MOREESF1,0
D,DISPATCH,UNIT_SCADA,1,"2019/08/19 22:50:00",MORTLK11,125
D,DISPATCH,UNIT_SCADA,1,"2019/08/19 22:50:00",MORTLK12,0
D,DISPATCH,UNIT_SCADA,1,"2019/08/19 22:50:00",MP1,280.525020
D,DISPATCH,UNIT_SCADA,1,"2019/08/19 22:50:00",MP2,0
D,DISPATCH,UNIT_SCADA,1,"2019/08/19 22:50:00",MPP_1,432
D,DISPATCH,UNIT_SCADA,1,"2019/08/19 22:50:00",MPP_2,434.75
D,DISPATCH,UNIT_SCADA,1,"2019/08/19 22:50:00",MSTUART1,0
D,DISPATCH,UNIT_SCADA,1,"2019/08/19 22:50:00",MSTUART2,0
D,DISPATCH,UNIT_SCADA,1,"2019/08/19 22:50:00",MSTUART3,0
D,DISPATCH,UNIT_SCADA,1,"2019/08/19 22:50:00",MTGELWF1,64.566480
D,DISPATCH,UNIT_SCADA,1,"2019/08/19 22:50:00",MURRAY,0
D,DISPATCH,UNIT_SCADA,1,"2019/08/19 22:50:00",MUSSELR1,166.100010
D,DISPATCH,UNIT_SCADA,1,"2019/08/19 22:50:00",MUWAWF1,37.74
D,DISPATCH,UNIT_SCADA,1,"2019/08/19 22:50:00",NBHWF1,48.40
D,DISPATCH,UNIT_SCADA,1,"2019/08/19 22:50:00",NPS,0
D,DISPATCH,UNIT_SCADA,1,"2019/08/19 22:50:00",NUMURSF1,0
D,DISPATCH,UNIT_SCADA,1,"2019/08/19 22:50:00",NYNGAN1,0
D,DISPATCH,UNIT_SCADA,1,"2019/08/19 22:50:00",OAKEY1,0
D,DISPATCH,UNIT_SCADA,1,"2019/08/19 22:50:00",OAKEY1SF,0
D,DISPATCH,UNIT_SCADA,1,"2019/08/19 22:50:00",OAKEY2,0
D,DISPATCH,UNIT_SCADA,1,"2019/08/19 22:50:00",OAKLAND1,60.40
D,DISPATCH,UNIT_SCADA,1,"2019/08/19 22:50:00",OSB-AG,140.38
D,DISPATCH,UNIT_SCADA,1,"2019/08/19 22:50:00",PARSF1,0
D,DISPATCH,UNIT_SCADA,1,"2019/08/19 22:50:00",POAT110,0
D,DISPATCH,UNIT_SCADA,1,"2019/08/19 22:50:00",POAT220,50.180160
D,DISPATCH,UNIT_SCADA,1,"2019/08/19 22:50:00",POR01,0
D,DISPATCH,UNIT_SCADA,1,"2019/08/19 22:50:00",POR03,0
D,DISPATCH,UNIT_SCADA,1,"2019/08/19 22:50:00",PPCCGT,356.092680
D,DISPATCH,UNIT_SCADA,1,"2019/08/19 22:50:00",PTSTAN1,0
D,DISPATCH,UNIT_SCADA,1,"2019/08/19 22:50:00",PUMP1,0
D,DISPATCH,UNIT_SCADA,1,"2019/08/19 22:50:00",PUMP2,0
D,DISPATCH,UNIT_SCADA,1,"2019/08/19 22:50:00",QPS1,0
D,DISPATCH,UNIT_SCADA,1,"2019/08/19 22:50:00",QPS2,0
D,DISPATCH,UNIT_SCADA,1,"2019/08/19 22:50:00",QPS3,0
D,DISPATCH,UNIT_SCADA,1,"2019/08/19 22:50:00",QPS4,0
D,DISPATCH,UNIT_SCADA,1,"2019/08/19 22:50:00",QPS5,0
D,DISPATCH,UNIT_SCADA,1,"2019/08/19 22:50:00",REECE1,112.95
D,DISPATCH,UNIT_SCADA,1,"2019/08/19 22:50:00",REECE2,112.550010
D,DISPATCH,UNIT_SCADA,1,"2019/08/19 22:50:00",ROMA_7,0
D,DISPATCH,UNIT_SCADA,1,"2019/08/19 22:50:00",ROMA_8,0
D,DISPATCH,UNIT_SCADA,1,"2019/08/19 22:50:00",RRSF1,0
D,DISPATCH,UNIT_SCADA,1,"2019/08/19 22:50:00",RT_NSW1,0
D,DISPATCH,UNIT_SCADA,1,"2019/08/19 22:50:00",RT_NSW2,0
D,DISPATCH,UNIT_SCADA,1,"2019/08/19 22:50:00",RT_NSW3,0
D,DISPATCH,UNIT_SCADA,1,"2019/08/19 22:50:00",RT_NSW4,0
D,DISPATCH,UNIT_SCADA,1,"2019/08/19 22:50:00",RT_NSW5,0
D,DISPATCH,UNIT_SCADA,1,"2019/08/19 22:50:00",RT_NSW6,0
D,DISPATCH,UNIT_SCADA,1,"2019/08/19 22:50:00",RT_QLD1,0
D,DISPATCH,UNIT_SCADA,1,"2019/08/19 22:50:00",RT_SA1,0
D,DISPATCH,UNIT_SCADA,1,"2019/08/19 22:50:00",RT_SA2,0
D,DISPATCH,UNIT_SCADA,1,"2019/08/19 22:50:00",RT_SA3,0
D,DISPATCH,UNIT_SCADA,1,"2019/08/19 22:50:00",RT_SA4,0
D,DISPATCH,UNIT_SCADA,1,"2019/08/19 22:50:00",RT_SA5,0
D,DISPATCH,UNIT_SCADA,1,"2019/08/19 22:50:00",RT_SA6,0
D,DISPATCH,UNIT_SCADA,1,"2019/08/19 22:50:00",RT_TAS1,0
D,DISPATCH,UNIT_SCADA,1,"2019/08/19 22:50:00",RT_VIC1,0
D,DISPATCH,UNIT_SCADA,1,"2019/08/19 22:50:00",RT_VIC10,0
D,DISPATCH,UNIT_SCADA,1,"2019/08/19 22:50:00",RT_VIC11,0
D,DISPATCH,UNIT_SCADA,1,"2019/08/19 22:50:00",RT_VIC12,0
D,DISPATCH,UNIT_SCADA,1,"2019/08/19 22:50:00",RT_VIC2,0
D,DISPATCH,UNIT_SCADA,1,"2019/08/19 22:50:00",RT_VIC3,0
D,DISPATCH,UNIT_SCADA,1,"2019/08/19 22:50:00",RT_VIC4,0
D,DISPATCH,UNIT_SCADA,1,"2019/08/19 22:50:00",RT_VIC5,0
D,DISPATCH,UNIT_SCADA,1,"2019/08/19 22:50:00",RT_VIC6,0
D,DISPATCH,UNIT_SCADA,1,"2019/08/19 22:50:00",RT_VIC7,0
D,DISPATCH,UNIT_SCADA,1,"2019/08/19 22:50:00",RT_VIC8,0
D,DISPATCH,UNIT_SCADA,1,"2019/08/19 22:50:00",RT_VIC9,0
D,DISPATCH,UNIT_SCADA,1,"2019/08/19 22:50:00",RUGBYR1,0
D,DISPATCH,UNIT_SCADA,1,"2019/08/19 22:50:00",SALTCRK1,45.15
D,DISPATCH,UNIT_SCADA,1,"2019/08/19 22:50:00",SAPHWF1,237.918760
D,DISPATCH,UNIT_SCADA,1,"2019/08/19 22:50:00",SHGEN,0
D,DISPATCH,UNIT_SCADA,1,"2019/08/19 22:50:00",SHPUMP,0
D,DISPATCH,UNIT_SCADA,1,"2019/08/19 22:50:00",SITHE01,0.123710
D,DISPATCH,UNIT_SCADA,1,"2019/08/19 22:50:00",SMCSF1,0
D,DISPATCH,UNIT_SCADA,1,"2019/08/19 22:50:00",SNOWNTH1,23.10
D,DISPATCH,UNIT_SCADA,1,"2019/08/19 22:50:00",SNOWSTH1,46.90
D,DISPATCH,UNIT_SCADA,1,"2019/08/19 22:50:00",SNOWTWN1,20.539340
D,DISPATCH,UNIT_SCADA,1,"2019/08/19 22:50:00",SNOWYP,0
D,DISPATCH,UNIT_SCADA,1,"2019/08/19 22:50:00",SNUG1,0.019440
D,DISPATCH,UNIT_SCADA,1,"2019/08/19 22:50:00",SRSF1,0
D,DISPATCH,UNIT_SCADA,1,"2019/08/19 22:50:00",STAN-1,0
D,DISPATCH,UNIT_SCADA,1,"2019/08/19 22:50:00",STAN-2,283.029850
D,DISPATCH,UNIT_SCADA,1,"2019/08/19 22:50:00",STAN-3,284.016820
D,DISPATCH,UNIT_SCADA,1,"2019/08/19 22:50:00",STAN-4,306.999110
D,DISPATCH,UNIT_SCADA,1,"2019/08/19 22:50:00",STWF1,89.763760
D,DISPATCH,UNIT_SCADA,1,"2019/08/19 22:50:00",SWAN_E,0
D,DISPATCH,UNIT_SCADA,1,"2019/08/19 22:50:00",TALWA1,424
D,DISPATCH,UNIT_SCADA,1,"2019/08/19 22:50:00",TARALGA1,73.946260
D,DISPATCH,UNIT_SCADA,1,"2019/08/19 22:50:00",TARONG#1,313.100010
D,DISPATCH,UNIT_SCADA,1,"2019/08/19 22:50:00",TARONG#2,312.600010
D,DISPATCH,UNIT_SCADA,1,"2019/08/19 22:50:00",TARONG#3,260.399990
D,DISPATCH,UNIT_SCADA,1,"2019/08/19 22:50:00",TARONG#4,314.50
D,DISPATCH,UNIT_SCADA,1,"2019/08/19 22:50:00",TARRALEA,79
D,DISPATCH,UNIT_SCADA,1,"2019/08/19 22:50:00",TBSF1,-0.20
D,DISPATCH,UNIT_SCADA,1,"2019/08/19 22:50:00",TNPS1,399.400020
D,DISPATCH,UNIT_SCADA,1,"2019/08/19 22:50:00",TORRA1,47.769980
D,DISPATCH,UNIT_SCADA,1,"2019/08/19 22:50:00",TORRA2,0
D,DISPATCH,UNIT_SCADA,1,"2019/08/19 22:50:00",TORRA3,47.764980
D,DISPATCH,UNIT_SCADA,1,"2019/08/19 22:50:00",TORRA4,0
D,DISPATCH,UNIT_SCADA,1,"2019/08/19 22:50:00",TORRB1,57.40
D,DISPATCH,UNIT_SCADA,1,"2019/08/19 22:50:00",TORRB2,55.24
D,DISPATCH,UNIT_SCADA,1,"2019/08/19 22:50:00",TORRB3,0
D,DISPATCH,UNIT_SCADA,1,"2019/08/19 22:50:00",TORRB4,0
D,DISPATCH,UNIT_SCADA,1,"2019/08/19 22:50:00",TREVALLN,16.620020
D,DISPATCH,UNIT_SCADA,1,"2019/08/19 22:50:00",TRIBUTE,44.79
D,DISPATCH,UNIT_SCADA,1,"2019/08/19 22:50:00",TUMUT3,0
D,DISPATCH,UNIT_SCADA,1,"2019/08/19 22:50:00",TUNGATIN,119.210030
D,DISPATCH,UNIT_SCADA,1,"2019/08/19 22:50:00",TVCC201,0
D,DISPATCH,UNIT_SCADA,1,"2019/08/19 22:50:00",TVPP104,0
D,DISPATCH,UNIT_SCADA,1,"2019/08/19 22:50:00",UPPTUMUT,0
D,DISPATCH,UNIT_SCADA,1,"2019/08/19 22:50:00",URANQ11,0
D,DISPATCH,UNIT_SCADA,1,"2019/08/19 22:50:00",URANQ12,0
D,DISPATCH,UNIT_SCADA,1,"2019/08/19 22:50:00",URANQ13,0
D,DISPATCH,UNIT_SCADA,1,"2019/08/19 22:50:00",URANQ14,0
D,DISPATCH,UNIT_SCADA,1,"2019/08/19 22:50:00",VP5,501.225010
D,DISPATCH,UNIT_SCADA,1,"2019/08/19 22:50:00",VP6,500.3750
D,DISPATCH,UNIT_SCADA,1,"2019/08/19 22:50:00",VPGS1,0
D,DISPATCH,UNIT_SCADA,1,"2019/08/19 22:50:00",VPGS2,0
D,DISPATCH,UNIT_SCADA,1,"2019/08/19 22:50:00",VPGS3,0
D,DISPATCH,UNIT_SCADA,1,"2019/08/19 22:50:00",VPGS4,0
D,DISPATCH,UNIT_SCADA,1,"2019/08/19 22:50:00",VPGS5,0
D,DISPATCH,UNIT_SCADA,1,"2019/08/19 22:50:00",VPGS6,0
D,DISPATCH,UNIT_SCADA,1,"2019/08/19 22:50:00",W/HOE#1,0
D,DISPATCH,UNIT_SCADA,1,"2019/08/19 22:50:00",W/HOE#2,0
D,DISPATCH,UNIT_SCADA,1,"2019/08/19 22:50:00",WATERLWF,91.60
D,DISPATCH,UNIT_SCADA,1,"2019/08/19 22:50:00",WEMENSF1,0
D,DISPATCH,UNIT_SCADA,1,"2019/08/19 22:50:00",WGWF1,43.50
D,DISPATCH,UNIT_SCADA,1,"2019/08/19 22:50:00",WHITSF1,0
D,DISPATCH,UNIT_SCADA,1,"2019/08/19 22:50:00",WKIEWA1,14.60
D,DISPATCH,UNIT_SCADA,1,"2019/08/19 22:50:00",WKIEWA2,14.80
D,DISPATCH,UNIT_SCADA,1,"2019/08/19 22:50:00",WOODLWN1,44.91
D,DISPATCH,UNIT_SCADA,1,"2019/08/19 22:50:00",WRSF1,0
D,DISPATCH,UNIT_SCADA,1,"2019/08/19 22:50:00",WRWF1,133.9325
D,DISPATCH,UNIT_SCADA,1,"2019/08/19 22:50:00",YABULU,0
D,DISPATCH,UNIT_SCADA,1,"2019/08/19 22:50:00",YABULU2,0
D,DISPATCH,UNIT_SCADA,1,"2019/08/19 22:50:00",YARWUN_1,0
D,DISPATCH,UNIT_SCADA,1,"2019/08/19 22:50:00",YENDWF1,42.25
D,DISPATCH,UNIT_SCADA,1,"2019/08/19 22:50:00",YWPS1,378.445560
D,DISPATCH,UNIT_SCADA,1,"2019/08/19 22:50:00",YWPS2,281.200010
D,DISPATCH,UNIT_SCADA,1,"2019/08/19 22:50:00",YWPS3,0
D,DISPATCH,UNIT_SCADA,1,"2019/08/19 22:50:00",YWPS4,395.802520
C,"END OF REPORT",334
