C,NEMP.WORLD,DISPATCHSCADA,AEMO,PUBLIC,2019/08/21,18:10:07,0000000311836041,DISPATCHSCADA,0000000311836035
I,DISPATCH,UNIT_SCADA,1,SETTLEMENTDATE,DUID,SCADAVALUE
D,DISPATCH,UNIT_SCADA,1,"2019/08/21 18:15:00",BARCSF1,0.70
D,DISPATCH,UNIT_SCADA,1,"2019/08/21 18:15:00",BUTLERSG,9.599998
D,DISPATCH,UNIT_SCADA,1,"2019/08/21 18:15:00",CALL_A_4,0
D,DISPATCH,UNIT_SCADA,1,"2019/08/21 18:15:00",CAPTL_WF,122.948006
D,DISPATCH,UNIT_SCADA,1,"2019/08/21 18:15:00",CATHROCK,35.529999
D,DISPATCH,UNIT_SCADA,1,"2019/08/21 18:15:00",CHALLHWF,25.799999
D,DISPATCH,UNIT_SCADA,1,"2019/08/21 18:15:00",CLOVER,-0.01
D,DISPATCH,UNIT_SCADA,1,"2019/08/21 18:15:00",CLUNY,20.225681
D,DISPATCH,UNIT_SCADA,1,"2019/08/21 18:15:00",CNUNDAWF,41.248116
D,DISPATCH,UNIT_SCADA,1,"2019/08/21 18:15:00",CULLRGWF,28.33
D,DISPATCH,UNIT_SCADA,1,"2019/08/21 18:15:00",ERGT01,0
D,DISPATCH,UNIT_SCADA,1,"2019/08/21 18:15:00",GB01,0.069134
D,DISPATCH,UNIT_SCADA,1,"2019/08/21 18:15:00",GERMCRK,33.599998
D,DISPATCH,UNIT_SCADA,1,"2019/08/21 18:15:00",GRIFSF1,0
D,DISPATCH,UNIT_SCADA,1,"2019/08/21 18:15:00",HUGSF1,0.0570
D,DISPATCH,UNIT_SCADA,1,"2019/08/21 18:15:00",LKBONNY1,66.982025
D,DISPATCH,UNIT_SCADA,1,"2019/08/21 18:15:00",LRSF1,0.0390
D,DISPATCH,UNIT_SCADA,1,"2019/08/21 18:15:00",MBAHNTH,55.856247
D,DISPATCH,UNIT_SCADA,1,"2019/08/21 18:15:00",MLSP1,0.271001
D,DISPATCH,UNIT_SCADA,1,"2019/08/21 18:15:00",MLWF1,17.3850
D,DISPATCH,UNIT_SCADA,1,"2019/08/21 18:15:00",MTMILLAR,17.487082
D,DISPATCH,UNIT_SCADA,1,"2019/08/21 18:15:00",PALOONA,24.019999
D,DISPATCH,UNIT_SCADA,1,"2019/08/21 18:15:00",PIONEER,29
D,DISPATCH,UNIT_SCADA,1,"2019/08/21 18:15:00",PORTWF,141.199997
D,DISPATCH,UNIT_SCADA,1,"2019/08/21 18:15:00",REPULSE,28.542305
D,DISPATCH,UNIT_SCADA,1,"2019/08/21 18:15:00",ROWALLAN,10.3802
D,DISPATCH,UNIT_SCADA,1,"2019/08/21 18:15:00",ROYALLA1,0
D,DISPATCH,UNIT_SCADA,1,"2019/08/21 18:15:00",RPCG,11.40
D,DISPATCH,UNIT_SCADA,1,"2019/08/21 18:15:00",RUBICON,0
D,DISPATCH,UNIT_SCADA,1,"2019/08/21 18:15:00",SATGN1,0
D,DISPATCH,UNIT_SCADA,1,"2019/08/21 18:15:00",SATGS1,0
D,DISPATCH,UNIT_SCADA,1,"2019/08/21 18:15:00",STARHLWF,3.798892
D,DISPATCH,UNIT_SCADA,1,"2019/08/21 18:15:00",WAUBRAWF,131.080002
D,DISPATCH,UNIT_SCADA,1,"2019/08/21 18:15:00",WOOLNTH1,131.190018
D,DISPATCH,UNIT_SCADA,1,"2019/08/21 18:15:00",WPWF,60
D,DISPATCH,UNIT_SCADA,1,"2019/08/21 18:15:00",YAMBUKWF,29.60
D,DISPATCH,UNIT_SCADA,1,"2019/08/21 18:15:00",YSWF1,28.50
D,DISPATCH,UNIT_SCADA,1,"2019/08/21 18:15:00",AGLHAL,0
D,DISPATCH,UNIT_SCADA,1,"2019/08/21 18:15:00",AGLSOM,0
D,DISPATCH,UNIT_SCADA,1,"2019/08/21 18:15:00",ANGAST1,0
D,DISPATCH,UNIT_SCADA,1,"2019/08/21 18:15:00",ARWF1,86
D,DISPATCH,UNIT_SCADA,1,"2019/08/21 18:15:00",BALBG1,0
D,DISPATCH,UNIT_SCADA,1,"2019/08/21 18:15:00",BALBL1,7.31
D,DISPATCH,UNIT_SCADA,1,"2019/08/21 18:15:00",BALDHWF1,101.1950
D,DISPATCH,UNIT_SCADA,1,"2019/08/21 18:15:00",BANN1,0
D,DISPATCH,UNIT_SCADA,1,"2019/08/21 18:15:00",BARCALDN,0
D,DISPATCH,UNIT_SCADA,1,"2019/08/21 18:15:00",BARRON-1,0
D,DISPATCH,UNIT_SCADA,1,"2019/08/21 18:15:00",BARRON-2,27.60
D,DISPATCH,UNIT_SCADA,1,"2019/08/21 18:15:00",BASTYAN,77.34
D,DISPATCH,UNIT_SCADA,1,"2019/08/21 18:15:00",BBTHREE1,-1.95
D,DISPATCH,UNIT_SCADA,1,"2019/08/21 18:15:00",BBTHREE2,-1.94
D,DISPATCH,UNIT_SCADA,1,"2019/08/21 18:15:00",BBTHREE3,-1.03
D,DISPATCH,UNIT_SCADA,1,"2019/08/21 18:15:00",BDL01,42.60
D,DISPATCH,UNIT_SCADA,1,"2019/08/21 18:15:00",BDL02,0
D,DISPATCH,UNIT_SCADA,1,"2019/08/21 18:15:00",BERYLSF1,0
D,DISPATCH,UNIT_SCADA,1,"2019/08/21 18:15:00",BLOWERNG,0
D,DISPATCH,UNIT_SCADA,1,"2019/08/21 18:15:00",BLUFF1,33.90
D,DISPATCH,UNIT_SCADA,1,"2019/08/21 18:15:00",BNGSF1,1.62
D,DISPATCH,UNIT_SCADA,1,"2019/08/21 18:15:00",BNGSF2,0.51
D,DISPATCH,UNIT_SCADA,1,"2019/08/21 18:15:00",BOCORWF1,107.63
D,DISPATCH,UNIT_SCADA,1,"2019/08/21 18:15:00",BODWF1,79.892340
D,DISPATCH,UNIT_SCADA,1,"2019/08/21 18:15:00",BRAEMAR1,0
D,DISPATCH,UNIT_SCADA,1,"2019/08/21 18:15:00",BRAEMAR2,174
D,DISPATCH,UNIT_SCADA,1,"2019/08/21 18:15:00",BRAEMAR3,0
D,DISPATCH,UNIT_SCADA,1,"2019/08/21 18:15:00",BRAEMAR5,0
D,DISPATCH,UNIT_SCADA,1,"2019/08/21 18:15:00",BRAEMAR6,0
D,DISPATCH,UNIT_SCADA,1,"2019/08/21 18:15:00",BRAEMAR7,0
D,DISPATCH,UNIT_SCADA,1,"2019/08/21 18:15:00",BROKENH1,0
D,DISPATCH,UNIT_SCADA,1,"2019/08/21 18:15:00",BW01,629.50
D,DISPATCH,UNIT_SCADA,1,"2019/08/21 18:15:00",BW02,623.425050
D,DISPATCH,UNIT_SCADA,1,"2019/08/21 18:15:00",BW03,631.175050
D,DISPATCH,UNIT_SCADA,1,"2019/08/21 18:15:00",BW04,0
D,DISPATCH,UNIT_SCADA,1,"2019/08/21 18:15:00",CALL_B_1,349.100010
D,DISPATCH,UNIT_SCADA,1,"2019/08/21 18:15:00",CALL_B_2,350.399990
D,DISPATCH,UNIT_SCADA,1,"2019/08/21 18:15:00",CETHANA,98.4240
D,DISPATCH,UNIT_SCADA,1,"2019/08/21 18:15:00",CG1,0
D,DISPATCH,UNIT_SCADA,1,"2019/08/21 18:15:00",CG2,0
D,DISPATCH,UNIT_SCADA,1,"2019/08/21 18:15:00",CG3,0
D,DISPATCH,UNIT_SCADA,1,"2019/08/21 18:15:00",CG4,0
D,DISPATCH,UNIT_SCADA,1,"2019/08/21 18:15:00",CHILDSF1,0.01
D,DISPATCH,UNIT_SCADA,1,"2019/08/21 18:15:00",CLARESF1,0
D,DISPATCH,UNIT_SCADA,1,"2019/08/21 18:15:00",CLEMGPWF,15.559560
D,DISPATCH,UNIT_SCADA,1,"2019/08/21 18:15:00",CLERMSF1,0
D,DISPATCH,UNIT_SCADA,1,"2019/08/21 18:15:00",COLEASF1,0
D,DISPATCH,UNIT_SCADA,1,"2019/08/21 18:15:00",COOPGWF1,22.718640
D,DISPATCH,UNIT_SCADA,1,"2019/08/21 18:15:00",CPP_3,404.524990
D,DISPATCH,UNIT_SCADA,1,"2019/08/21 18:15:00",CPP_4,404.25
D,DISPATCH,UNIT_SCADA,1,"2019/08/21 18:15:00",CPSA,141.403120
D,DISPATCH,UNIT_SCADA,1,"2019/08/21 18:15:00",CROOKWF2,91.643750
D,DISPATCH,UNIT_SCADA,1,"2019/08/21 18:15:00",CROWLWF1,33.566720
D,DISPATCH,UNIT_SCADA,1,"2019/08/21 18:15:00",CSPVPS1,0.0430
D,DISPATCH,UNIT_SCADA,1,"2019/08/21 18:15:00",DALNTH01,5.851830
D,DISPATCH,UNIT_SCADA,1,"2019/08/21 18:15:00",DALNTHL1,0
D,DISPATCH,UNIT_SCADA,1,"2019/08/21 18:15:00",DARTM1,132.100010
D,DISPATCH,UNIT_SCADA,1,"2019/08/21 18:15:00",DAYDSF1,0
D,DISPATCH,UNIT_SCADA,1,"2019/08/21 18:15:00",DDPS1,350.042360
D,DISPATCH,UNIT_SCADA,1,"2019/08/21 18:15:00",DDSF1,0
D,DISPATCH,UNIT_SCADA,1,"2019/08/21 18:15:00",DEVILS_G,0
D,DISPATCH,UNIT_SCADA,1,"2019/08/21 18:15:00",DG_NSW1,0
D,DISPATCH,UNIT_SCADA,1,"2019/08/21 18:15:00",DG_QLD1,0
D,DISPATCH,UNIT_SCADA,1,"2019/08/21 18:15:00",DG_SA1,0
D,DISPATCH,UNIT_SCADA,1,"2019/08/21 18:15:00",DG_TAS1,0
D,DISPATCH,UNIT_SCADA,1,"2019/08/21 18:15:00",DG_VIC1,0
D,DISPATCH,UNIT_SCADA,1,"2019/08/21 18:15:00",DRYCGT1,0
D,DISPATCH,UNIT_SCADA,1,"2019/08/21 18:15:00",DRYCGT2,0
D,DISPATCH,UNIT_SCADA,1,"2019/08/21 18:15:00",DRYCGT3,0
D,DISPATCH,UNIT_SCADA,1,"2019/08/21 18:15:00",EILDON1,0
D,DISPATCH,UNIT_SCADA,1,"2019/08/21 18:15:00",EILDON2,0
D,DISPATCH,UNIT_SCADA,1,"2019/08/21 18:15:00",EMERASF1,0
D,DISPATCH,UNIT_SCADA,1,"2019/08/21 18:15:00",ER01,569.800050
D,DISPATCH,UNIT_SCADA,1,"2019/08/21 18:15:00",ER02,587.25
D,DISPATCH,UNIT_SCADA,1,"2019/08/21 18:15:00",ER03,694.75
D,DISPATCH,UNIT_SCADA,1,"2019/08/21 18:15:00",ER04,666.775020
D,DISPATCH,UNIT_SCADA,1,"2019/08/21 18:15:00",FINLYSF1,0
D,DISPATCH,UNIT_SCADA,1,"2019/08/21 18:15:00",FISHER,45.25
D,DISPATCH,UNIT_SCADA,1,"2019/08/21 18:15:00",GANNBG1,0.066120
D,DISPATCH,UNIT_SCADA,1,"2019/08/21 18:15:00",GANNBL1,0
D,DISPATCH,UNIT_SCADA,1,"2019/08/21 18:15:00",GANNSF1,0
D,DISPATCH,UNIT_SCADA,1,"2019/08/21 18:15:00",GORDON,96.686230
D,DISPATCH,UNIT_SCADA,1,"2019/08/21 18:15:00",GSTONE1,212.45
D,DISPATCH,UNIT_SCADA,1,"2019/08/21 18:15:00",GSTONE2,220.149990
D,DISPATCH,UNIT_SCADA,1,"2019/08/21 18:15:00",GSTONE3,236.25
D,DISPATCH,UNIT_SCADA,1,"2019/08/21 18:15:00",GSTONE4,212.6250
D,DISPATCH,UNIT_SCADA,1,"2019/08/21 18:15:00",GSTONE5,211.5750
D,DISPATCH,UNIT_SCADA,1,"2019/08/21 18:15:00",GSTONE6,0
D,DISPATCH,UNIT_SCADA,1,"2019/08/21 18:15:00",GULLRSF1,0
D,DISPATCH,UNIT_SCADA,1,"2019/08/21 18:15:00",GULLRWF1,155.622740
D,DISPATCH,UNIT_SCADA,1,"2019/08/21 18:15:00",GUNNING1,46.284980
D,DISPATCH,UNIT_SCADA,1,"2019/08/21 18:15:00",GUTHEGA,30.60
D,DISPATCH,UNIT_SCADA,1,"2019/08/21 18:15:00",HALLWF1,52.49
D,DISPATCH,UNIT_SCADA,1,"2019/08/21 18:15:00",HALLWF2,45.47
D,DISPATCH,UNIT_SCADA,1,"2019/08/21 18:15:00",HAMISF1,0
D,DISPATCH,UNIT_SCADA,1,"2019/08/21 18:15:00",HAUGHT11,0
D,DISPATCH,UNIT_SCADA,1,"2019/08/21 18:15:00",HAYMSF1,0
D,DISPATCH,UNIT_SCADA,1,"2019/08/21 18:15:00",HDWF1,52.10
D,DISPATCH,UNIT_SCADA,1,"2019/08/21 18:15:00",HDWF2,37.60
D,DISPATCH,UNIT_SCADA,1,"2019/08/21 18:15:00",HDWF3,43.30
D,DISPATCH,UNIT_SCADA,1,"2019/08/21 18:15:00",HPRG1,0
D,DISPATCH,UNIT_SCADA,1,"2019/08/21 18:15:00",HPRL1,13.60
D,DISPATCH,UNIT_SCADA,1,"2019/08/21 18:15:00",HUMENSW,0
D,DISPATCH,UNIT_SCADA,1,"2019/08/21 18:15:00",HUMEV,8.80
D,DISPATCH,UNIT_SCADA,1,"2019/08/21 18:15:00",HVGTS,0
D,DISPATCH,UNIT_SCADA,1,"2019/08/21 18:15:00",JBUTTERS,137.149990
D,DISPATCH,UNIT_SCADA,1,"2019/08/21 18:15:00",JLA01,0.50
D,DISPATCH,UNIT_SCADA,1,"2019/08/21 18:15:00",JLA02,0
D,DISPATCH,UNIT_SCADA,1,"2019/08/21 18:15:00",JLA03,0.10
D,DISPATCH,UNIT_SCADA,1,"2019/08/21 18:15:00",JLA04,0.10
D,DISPATCH,UNIT_SCADA,1,"2019/08/21 18:15:00",JLB01,0
D,DISPATCH,UNIT_SCADA,1,"2019/08/21 18:15:00",JLB02,0.10
D,DISPATCH,UNIT_SCADA,1,"2019/08/21 18:15:00",JLB03,0
D,DISPATCH,UNIT_SCADA,1,"2019/08/21 18:15:00",KAREEYA1,21.3725
D,DISPATCH,UNIT_SCADA,1,"2019/08/21 18:15:00",KAREEYA2,21.7775
D,DISPATCH,UNIT_SCADA,1,"2019/08/21 18:15:00",KAREEYA3,0
D,DISPATCH,UNIT_SCADA,1,"2019/08/21 18:15:00",KAREEYA4,21.5875
D,DISPATCH,UNIT_SCADA,1,"2019/08/21 18:15:00",KARSF1,0
D,DISPATCH,UNIT_SCADA,1,"2019/08/21 18:15:00",KIATAWF1,28.80
D,DISPATCH,UNIT_SCADA,1,"2019/08/21 18:15:00",KPP_1,0
D,DISPATCH,UNIT_SCADA,1,"2019/08/21 18:15:00",KSP1,0
D,DISPATCH,UNIT_SCADA,1,"2019/08/21 18:15:00",LADBROK1,42.11
D,DISPATCH,UNIT_SCADA,1,"2019/08/21 18:15:00",LADBROK2,42.82
D,DISPATCH,UNIT_SCADA,1,"2019/08/21 18:15:00",LD01,418.612520
D,DISPATCH,UNIT_SCADA,1,"2019/08/21 18:15:00",LD02,419.849950
D,DISPATCH,UNIT_SCADA,1,"2019/08/21 18:15:00",LD03,419.287540
D,DISPATCH,UNIT_SCADA,1,"2019/08/21 18:15:00",LD04,381.487520
D,DISPATCH,UNIT_SCADA,1,"2019/08/21 18:15:00",LEM_WIL,85.923050
D,DISPATCH,UNIT_SCADA,1,"2019/08/21 18:15:00",LGAPWF1,16.03
D,DISPATCH,UNIT_SCADA,1,"2019/08/21 18:15:00",LILYSF1,0
D,DISPATCH,UNIT_SCADA,1,"2019/08/21 18:15:00",LI_WY_CA,149.103580
D,DISPATCH,UNIT_SCADA,1,"2019/08/21 18:15:00",LKBONNY2,150.161770
D,DISPATCH,UNIT_SCADA,1,"2019/08/21 18:15:00",LKBONNY3,35.0004
D,DISPATCH,UNIT_SCADA,1,"2019/08/21 18:15:00",LK_ECHO,0
D,DISPATCH,UNIT_SCADA,1,"2019/08/21 18:15:00",LNGS1,0
D,DISPATCH,UNIT_SCADA,1,"2019/08/21 18:15:00",LNGS2,0
D,DISPATCH,UNIT_SCADA,1,"2019/08/21 18:15:00",LONSDALE,0
D,DISPATCH,UNIT_SCADA,1,"2019/08/21 18:15:00",LOYYB1,524.058230
D,DISPATCH,UNIT_SCADA,1,"2019/08/21 18:15:00",LOYYB2,580.8266
D,DISPATCH,UNIT_SCADA,1,"2019/08/21 18:15:00",LYA1,554
D,DISPATCH,UNIT_SCADA,1,"2019/08/21 18:15:00",LYA2,0
D,DISPATCH,UNIT_SCADA,1,"2019/08/21 18:15:00",LYA3,558
D,DISPATCH,UNIT_SCADA,1,"2019/08/21 18:15:00",LYA4,526
D,DISPATCH,UNIT_SCADA,1,"2019/08/21 18:15:00",MACARTH1,385.791080
D,DISPATCH,UNIT_SCADA,1,"2019/08/21 18:15:00",MACKAYGT,0
D,DISPATCH,UNIT_SCADA,1,"2019/08/21 18:15:00",MACKNTSH,83.560010
D,DISPATCH,UNIT_SCADA,1,"2019/08/21 18:15:00",MANSLR1,0
D,DISPATCH,UNIT_SCADA,1,"2019/08/21 18:15:00",MCKAY1,0.02
D,DISPATCH,UNIT_SCADA,1,"2019/08/21 18:15:00",MEADOWBK,33.752980
D,DISPATCH,UNIT_SCADA,1,"2019/08/21 18:15:00",MERCER01,120.1440
D,DISPATCH,UNIT_SCADA,1,"2019/08/21 18:15:00",MEWF1,43.995140
D,DISPATCH,UNIT_SCADA,1,"2019/08/21 18:15:00",MINTARO,0
D,DISPATCH,UNIT_SCADA,1,"2019/08/21 18:15:00",MOREESF1,0
D,DISPATCH,UNIT_SCADA,1,"2019/08/21 18:15:00",MORTLK11,0
D,DISPATCH,UNIT_SCADA,1,"2019/08/21 18:15:00",MORTLK12,0
D,DISPATCH,UNIT_SCADA,1,"2019/08/21 18:15:00",MP1,276.949950
D,DISPATCH,UNIT_SCADA,1,"2019/08/21 18:15:00",MP2,0
D,DISPATCH,UNIT_SCADA,1,"2019/08/21 18:15:00",MPP_1,299.50
D,DISPATCH,UNIT_SCADA,1,"2019/08/21 18:15:00",MPP_2,434
D,DISPATCH,UNIT_SCADA,1,"2019/08/21 18:15:00",MSTUART1,0
D,DISPATCH,UNIT_SCADA,1,"2019/08/21 18:15:00",MSTUART2,0
D,DISPATCH,UNIT_SCADA,1,"2019/08/21 18:15:00",MSTUART3,0
D,DISPATCH,UNIT_SCADA,1,"2019/08/21 18:15:00",MTGELWF1,64.114810
D,DISPATCH,UNIT_SCADA,1,"2019/08/21 18:15:00",MURRAY,0
D,DISPATCH,UNIT_SCADA,1,"2019/08/21 18:15:00",MUSSELR1,163.100010
D,DISPATCH,UNIT_SCADA,1,"2019/08/21 18:15:00",MUWAWF1,58.14
D,DISPATCH,UNIT_SCADA,1,"2019/08/21 18:15:00",NBHWF1,50.80
D,DISPATCH,UNIT_SCADA,1,"2019/08/21 18:15:00",NPS,445.8750
D,DISPATCH,UNIT_SCADA,1,"2019/08/21 18:15:00",NUMURSF1,0
D,DISPATCH,UNIT_SCADA,1,"2019/08/21 18:15:00",NYNGAN1,0
D,DISPATCH,UNIT_SCADA,1,"2019/08/21 18:15:00",OAKEY1,0
D,DISPATCH,UNIT_SCADA,1,"2019/08/21 18:15:00",OAKEY1SF,0.0510
D,DISPATCH,UNIT_SCADA,1,"2019/08/21 18:15:00",OAKEY2,0
D,DISPATCH,UNIT_SCADA,1,"2019/08/21 18:15:00",OAKLAND1,53.90
D,DISPATCH,UNIT_SCADA,1,"2019/08/21 18:15:00",OSB-AG,0
D,DISPATCH,UNIT_SCADA,1,"2019/08/21 18:15:00",PARSF1,0
D,DISPATCH,UNIT_SCADA,1,"2019/08/21 18:15:00",POAT110,42.156880
D,DISPATCH,UNIT_SCADA,1,"2019/08/21 18:15:00",POAT220,91.286560
D,DISPATCH,UNIT_SCADA,1,"2019/08/21 18:15:00",POR01,0
D,DISPATCH,UNIT_SCADA,1,"2019/08/21 18:15:00",POR03,0
D,DISPATCH,UNIT_SCADA,1,"2019/08/21 18:15:00",PPCCGT,446.691830
D,DISPATCH,UNIT_SCADA,1,"2019/08/21 18:15:00",PTSTAN1,0
D,DISPATCH,UNIT_SCADA,1,"2019/08/21 18:15:00",PUMP1,0
D,DISPATCH,UNIT_SCADA,1,"2019/08/21 18:15:00",PUMP2,0
D,DISPATCH,UNIT_SCADA,1,"2019/08/21 18:15:00",QPS1,0
D,DISPATCH,UNIT_SCADA,1,"2019/08/21 18:15:00",QPS2,0
D,DISPATCH,UNIT_SCADA,1,"2019/08/21 18:15:00",QPS3,0
D,DISPATCH,UNIT_SCADA,1,"2019/08/21 18:15:00",QPS4,0
D,DISPATCH,UNIT_SCADA,1,"2019/08/21 18:15:00",QPS5,0
D,DISPATCH,UNIT_SCADA,1,"2019/08/21 18:15:00",REECE1,117.370010
D,DISPATCH,UNIT_SCADA,1,"2019/08/21 18:15:00",REECE2,113.340010
D,DISPATCH,UNIT_SCADA,1,"2019/08/21 18:15:00",ROMA_7,0
D,DISPATCH,UNIT_SCADA,1,"2019/08/21 18:15:00",ROMA_8,0
D,DISPATCH,UNIT_SCADA,1,"2019/08/21 18:15:00",RRSF1,0
D,DISPATCH,UNIT_SCADA,1,"2019/08/21 18:15:00",RT_NSW1,0
D,DISPATCH,UNIT_SCADA,1,"2019/08/21 18:15:00",RT_NSW2,0
D,DISPATCH,UNIT_SCADA,1,"2019/08/21 18:15:00",RT_NSW3,0
D,DISPATCH,UNIT_SCADA,1,"2019/08/21 18:15:00",RT_NSW4,0
D,DISPATCH,UNIT_SCADA,1,"2019/08/21 18:15:00",RT_NSW5,0
D,DISPATCH,UNIT_SCADA,1,"2019/08/21 18:15:00",RT_NSW6,0
D,DISPATCH,UNIT_SCADA,1,"2019/08/21 18:15:00",RT_QLD1,0
D,DISPATCH,UNIT_SCADA,1,"2019/08/21 18:15:00",RT_SA1,0
D,DISPATCH,UNIT_SCADA,1,"2019/08/21 18:15:00",RT_SA2,0
D,DISPATCH,UNIT_SCADA,1,"2019/08/21 18:15:00",RT_SA3,0
D,DISPATCH,UNIT_SCADA,1,"2019/08/21 18:15:00",RT_SA4,0
D,DISPATCH,UNIT_SCADA,1,"2019/08/21 18:15:00",RT_SA5,0
D,DISPATCH,UNIT_SCADA,1,"2019/08/21 18:15:00",RT_SA6,0
D,DISPATCH,UNIT_SCADA,1,"2019/08/21 18:15:00",RT_TAS1,0
D,DISPATCH,UNIT_SCADA,1,"2019/08/21 18:15:00",RT_VIC1,0
D,DISPATCH,UNIT_SCADA,1,"2019/08/21 18:15:00",RT_VIC10,0
D,DISPATCH,UNIT_SCADA,1,"2019/08/21 18:15:00",RT_VIC11,0
D,DISPATCH,UNIT_SCADA,1,"2019/08/21 18:15:00",RT_VIC12,0
D,DISPATCH,UNIT_SCADA,1,"2019/08/21 18:15:00",RT_VIC2,0
D,DISPATCH,UNIT_SCADA,1,"2019/08/21 18:15:00",RT_VIC3,0
D,DISPATCH,UNIT_SCADA,1,"2019/08/21 18:15:00",RT_VIC4,0
D,DISPATCH,UNIT_SCADA,1,"2019/08/21 18:15:00",RT_VIC5,0
D,DISPATCH,UNIT_SCADA,1,"2019/08/21 18:15:00",RT_VIC6,0
D,DISPATCH,UNIT_SCADA,1,"2019/08/21 18:15:00",RT_VIC7,0
D,DISPATCH,UNIT_SCADA,1,"2019/08/21 18:15:00",RT_VIC8,0
D,DISPATCH,UNIT_SCADA,1,"2019/08/21 18:15:00",RT_VIC9,0
D,DISPATCH,UNIT_SCADA,1,"2019/08/21 18:15:00",RUGBYR1,0
D,DISPATCH,UNIT_SCADA,1,"2019/08/21 18:15:00",SALTCRK1,52.39
D,DISPATCH,UNIT_SCADA,1,"2019/08/21 18:15:00",SAPHWF1,158.362490
D,DISPATCH,UNIT_SCADA,1,"2019/08/21 18:15:00",SHGEN,193.915860
D,DISPATCH,UNIT_SCADA,1,"2019/08/21 18:15:00",SHPUMP,0
D,DISPATCH,UNIT_SCADA,1,"2019/08/21 18:15:00",SITHE01,0.083520
D,DISPATCH,UNIT_SCADA,1,"2019/08/21 18:15:00",SMCSF1,0
D,DISPATCH,UNIT_SCADA,1,"2019/08/21 18:15:00",SNOWNTH1,60.90
D,DISPATCH,UNIT_SCADA,1,"2019/08/21 18:15:00",SNOWSTH1,78.20
D,DISPATCH,UNIT_SCADA,1,"2019/08/21 18:15:00",SNOWTWN1,40.690340
D,DISPATCH,UNIT_SCADA,1,"2019/08/21 18:15:00",SNOWYP,0
D,DISPATCH,UNIT_SCADA,1,"2019/08/21 18:15:00",SNUG1,0.019440
D,DISPATCH,UNIT_SCADA,1,"2019/08/21 18:15:00",SRSF1,0.44
D,DISPATCH,UNIT_SCADA,1,"2019/08/21 18:15:00",STAN-1,0
D,DISPATCH,UNIT_SCADA,1,"2019/08/21 18:15:00",STAN-2,343.170960
D,DISPATCH,UNIT_SCADA,1,"2019/08/21 18:15:00",STAN-3,339.979340
D,DISPATCH,UNIT_SCADA,1,"2019/08/21 18:15:00",STAN-4,366.0379
D,DISPATCH,UNIT_SCADA,1,"2019/08/21 18:15:00",STWF1,123.086240
D,DISPATCH,UNIT_SCADA,1,"2019/08/21 18:15:00",SWAN_E,0
D,DISPATCH,UNIT_SCADA,1,"2019/08/21 18:15:00",TALWA1,418
D,DISPATCH,UNIT_SCADA,1,"2019/08/21 18:15:00",TARALGA1,88.496260
D,DISPATCH,UNIT_SCADA,1,"2019/08/21 18:15:00",TARONG#1,339.200010
D,DISPATCH,UNIT_SCADA,1,"2019/08/21 18:15:00",TARONG#2,340.50
D,DISPATCH,UNIT_SCADA,1,"2019/08/21 18:15:00",TARONG#3,259.700010
D,DISPATCH,UNIT_SCADA,1,"2019/08/21 18:15:00",TARONG#4,349.899990
D,DISPATCH,UNIT_SCADA,1,"2019/08/21 18:15:00",TARRALEA,83.70
D,DISPATCH,UNIT_SCADA,1,"2019/08/21 18:15:00",TBSF1,0.20
D,DISPATCH,UNIT_SCADA,1,"2019/08/21 18:15:00",TNPS1,442.000030
D,DISPATCH,UNIT_SCADA,1,"2019/08/21 18:15:00",TORRA1,105.859760
D,DISPATCH,UNIT_SCADA,1,"2019/08/21 18:15:00",TORRA2,0
D,DISPATCH,UNIT_SCADA,1,"2019/08/21 18:15:00",TORRA3,0
D,DISPATCH,UNIT_SCADA,1,"2019/08/21 18:15:00",TORRA4,0
D,DISPATCH,UNIT_SCADA,1,"2019/08/21 18:15:00",TORRB1,111.01
D,DISPATCH,UNIT_SCADA,1,"2019/08/21 18:15:00",TORRB2,182.61
D,DISPATCH,UNIT_SCADA,1,"2019/08/21 18:15:00",TORRB3,0
D,DISPATCH,UNIT_SCADA,1,"2019/08/21 18:15:00",TORRB4,0
D,DISPATCH,UNIT_SCADA,1,"2019/08/21 18:15:00",TREVALLN,69.800030
D,DISPATCH,UNIT_SCADA,1,"2019/08/21 18:15:00",TRIBUTE,81.66
D,DISPATCH,UNIT_SCADA,1,"2019/08/21 18:15:00",TUMUT3,768.010010
D,DISPATCH,UNIT_SCADA,1,"2019/08/21 18:15:00",TUNGATIN,130.860030
D,DISPATCH,UNIT_SCADA,1,"2019/08/21 18:15:00",TVCC201,0
D,DISPATCH,UNIT_SCADA,1,"2019/08/21 18:15:00",TVPP104,0
D,DISPATCH,UNIT_SCADA,1,"2019/08/21 18:15:00",UPPTUMUT,0
D,DISPATCH,UNIT_SCADA,1,"2019/08/21 18:15:00",URANQ11,0
D,DISPATCH,UNIT_SCADA,1,"2019/08/21 18:15:00",URANQ12,0
D,DISPATCH,UNIT_SCADA,1,"2019/08/21 18:15:00",URANQ13,0
D,DISPATCH,UNIT_SCADA,1,"2019/08/21 18:15:00",URANQ14,0
D,DISPATCH,UNIT_SCADA,1,"2019/08/21 18:15:00",VP5,624.049990
D,DISPATCH,UNIT_SCADA,1,"2019/08/21 18:15:00",VP6,613.825010
D,DISPATCH,UNIT_SCADA,1,"2019/08/21 18:15:00",VPGS1,0
D,DISPATCH,UNIT_SCADA,1,"2019/08/21 18:15:00",VPGS2,0
D,DISPATCH,UNIT_SCADA,1,"2019/08/21 18:15:00",VPGS3,0
D,DISPATCH,UNIT_SCADA,1,"2019/08/21 18:15:00",VPGS4,0
D,DISPATCH,UNIT_SCADA,1,"2019/08/21 18:15:00",VPGS5,0
D,DISPATCH,UNIT_SCADA,1,"2019/08/21 18:15:00",VPGS6,0
D,DISPATCH,UNIT_SCADA,1,"2019/08/21 18:15:00",W/HOE#1,0
D,DISPATCH,UNIT_SCADA,1,"2019/08/21 18:15:00",W/HOE#2,0
D,DISPATCH,UNIT_SCADA,1,"2019/08/21 18:15:00",WATERLWF,74.40
D,DISPATCH,UNIT_SCADA,1,"2019/08/21 18:15:00",WEMENSF1,0
D,DISPATCH,UNIT_SCADA,1,"2019/08/21 18:15:00",WGWF1,54.50
D,DISPATCH,UNIT_SCADA,1,"2019/08/21 18:15:00",WHITSF1,0
D,DISPATCH,UNIT_SCADA,1,"2019/08/21 18:15:00",WKIEWA1,0
D,DISPATCH,UNIT_SCADA,1,"2019/08/21 18:15:00",WKIEWA2,16.20
D,DISPATCH,UNIT_SCADA,1,"2019/08/21 18:15:00",WOODLWN1,44.972990
D,DISPATCH,UNIT_SCADA,1,"2019/08/21 18:15:00",WRSF1,0
D,DISPATCH,UNIT_SCADA,1,"2019/08/21 18:15:00",WRWF1,134.266250
D,DISPATCH,UNIT_SCADA,1,"2019/08/21 18:15:00",YABULU,0
D,DISPATCH,UNIT_SCADA,1,"2019/08/21 18:15:00",YABULU2,0
D,DISPATCH,UNIT_SCADA,1,"2019/08/21 18:15:00",YARWUN_1,0
D,DISPATCH,UNIT_SCADA,1,"2019/08/21 18:15:00",YENDWF1,41.98
D,DISPATCH,UNIT_SCADA,1,"2019/08/21 18:15:00",YWPS1,373.182280
D,DISPATCH,UNIT_SCADA,1,"2019/08/21 18:15:00",YWPS2,275.686070
D,DISPATCH,UNIT_SCADA,1,"2019/08/21 18:15:00",YWPS3,0
D,DISPATCH,UNIT_SCADA,1,"2019/08/21 18:15:00",YWPS4,381.406340
C,"END OF REPORT",334
