C,NEMP.WORLD,DISPATCHSCADA,AEMO,PUBLIC,2019/09/04,14:20:07,0000000312385324,DISPATCHSCADA,0000000312385318
I,DISPATCH,UNIT_SCADA,1,SETTLEMENTDATE,DUID,SCADAVALUE
D,DISPATCH,UNIT_SCADA,1,"2019/09/04 14:25:00",BARCSF1,0.60
D,DISPATCH,UNIT_SCADA,1,"2019/09/04 14:25:00",BUTLERSG,-0.000002
D,DISPATCH,UNIT_SCADA,1,"2019/09/04 14:25:00",CALL_A_4,0
D,DISPATCH,UNIT_SCADA,1,"2019/09/04 14:25:00",CAPTL_WF,124.260002
D,DISPATCH,UNIT_SCADA,1,"2019/09/04 14:25:00",CATHROCK,0
D,DISPATCH,UNIT_SCADA,1,"2019/09/04 14:25:00",CHALLHWF,0
D,DISPATCH,UNIT_SCADA,1,"2019/09/04 14:25:00",CLOVER,-0.01
D,DISPATCH,UNIT_SCADA,1,"2019/09/04 14:25:00",CLUNY,11.920806
D,DISPATCH,UNIT_SCADA,1,"2019/09/04 14:25:00",CNUNDAWF,3.904555
D,DISPATCH,UNIT_SCADA,1,"2019/09/04 14:25:00",CULLRGWF,28.16
D,DISPATCH,UNIT_SCADA,1,"2019/09/04 14:25:00",ERGT01,0
D,DISPATCH,UNIT_SCADA,1,"2019/09/04 14:25:00",GB01,0.005852
D,DISPATCH,UNIT_SCADA,1,"2019/09/04 14:25:00",GERMCRK,32.799999
D,DISPATCH,UNIT_SCADA,1,"2019/09/04 14:25:00",GRIFSF1,25.300003
D,DISPATCH,UNIT_SCADA,1,"2019/09/04 14:25:00",HUGSF1,9.0010
D,DISPATCH,UNIT_SCADA,1,"2019/09/04 14:25:00",LKBONNY1,5.090634
D,DISPATCH,UNIT_SCADA,1,"2019/09/04 14:25:00",LRSF1,12.8830
D,DISPATCH,UNIT_SCADA,1,"2019/09/04 14:25:00",MBAHNTH,26.362495
D,DISPATCH,UNIT_SCADA,1,"2019/09/04 14:25:00",MLSP1,3.253001
D,DISPATCH,UNIT_SCADA,1,"2019/09/04 14:25:00",MLWF1,3.4350
D,DISPATCH,UNIT_SCADA,1,"2019/09/04 14:25:00",MTMILLAR,-0.137664
D,DISPATCH,UNIT_SCADA,1,"2019/09/04 14:25:00",PALOONA,24.459999
D,DISPATCH,UNIT_SCADA,1,"2019/09/04 14:25:00",PIONEER,10.400001
D,DISPATCH,UNIT_SCADA,1,"2019/09/04 14:25:00",PORTWF,11.60
D,DISPATCH,UNIT_SCADA,1,"2019/09/04 14:25:00",REPULSE,19.817808
D,DISPATCH,UNIT_SCADA,1,"2019/09/04 14:25:00",ROWALLAN,10.3447
D,DISPATCH,UNIT_SCADA,1,"2019/09/04 14:25:00",ROYALLA1,6.242001
D,DISPATCH,UNIT_SCADA,1,"2019/09/04 14:25:00",RPCG,-0.40
D,DISPATCH,UNIT_SCADA,1,"2019/09/04 14:25:00",RUBICON,0
D,DISPATCH,UNIT_SCADA,1,"2019/09/04 14:25:00",SATGN1,0
D,DISPATCH,UNIT_SCADA,1,"2019/09/04 14:25:00",SATGS1,0
D,DISPATCH,UNIT_SCADA,1,"2019/09/04 14:25:00",STARHLWF,0.499854
D,DISPATCH,UNIT_SCADA,1,"2019/09/04 14:25:00",WAUBRAWF,23.816999
D,DISPATCH,UNIT_SCADA,1,"2019/09/04 14:25:00",WOOLNTH1,85.300018
D,DISPATCH,UNIT_SCADA,1,"2019/09/04 14:25:00",WPWF,2
D,DISPATCH,UNIT_SCADA,1,"2019/09/04 14:25:00",YAMBUKWF,3
D,DISPATCH,UNIT_SCADA,1,"2019/09/04 14:25:00",YSWF1,15.50
D,DISPATCH,UNIT_SCADA,1,"2019/09/04 14:25:00",AGLHAL,0
D,DISPATCH,UNIT_SCADA,1,"2019/09/04 14:25:00",AGLSOM,0
D,DISPATCH,UNIT_SCADA,1,"2019/09/04 14:25:00",ANGAST1,0
D,DISPATCH,UNIT_SCADA,1,"2019/09/04 14:25:00",ARWF1,30.20
D,DISPATCH,UNIT_SCADA,1,"2019/09/04 14:25:00",BALBG1,0
D,DISPATCH,UNIT_SCADA,1,"2019/09/04 14:25:00",BALBL1,2.03
D,DISPATCH,UNIT_SCADA,1,"2019/09/04 14:25:00",BALDHWF1,41.3580
D,DISPATCH,UNIT_SCADA,1,"2019/09/04 14:25:00",BANN1,33.89
D,DISPATCH,UNIT_SCADA,1,"2019/09/04 14:25:00",BARCALDN,0
D,DISPATCH,UNIT_SCADA,1,"2019/09/04 14:25:00",BARRON-1,26.44
D,DISPATCH,UNIT_SCADA,1,"2019/09/04 14:25:00",BARRON-2,0
D,DISPATCH,UNIT_SCADA,1,"2019/09/04 14:25:00",BASTYAN,79.66
D,DISPATCH,UNIT_SCADA,1,"2019/09/04 14:25:00",BBTHREE1,0
D,DISPATCH,UNIT_SCADA,1,"2019/09/04 14:25:00",BBTHREE2,0
D,DISPATCH,UNIT_SCADA,1,"2019/09/04 14:25:00",BBTHREE3,0
D,DISPATCH,UNIT_SCADA,1,"2019/09/04 14:25:00",BDL01,0
D,DISPATCH,UNIT_SCADA,1,"2019/09/04 14:25:00",BDL02,0
D,DISPATCH,UNIT_SCADA,1,"2019/09/04 14:25:00",BERYLSF1,77.160840
D,DISPATCH,UNIT_SCADA,1,"2019/09/04 14:25:00",BLOWERNG,11.10
D,DISPATCH,UNIT_SCADA,1,"2019/09/04 14:25:00",BLUFF1,0
D,DISPATCH,UNIT_SCADA,1,"2019/09/04 14:25:00",BNGSF1,92.10
D,DISPATCH,UNIT_SCADA,1,"2019/09/04 14:25:00",BNGSF2,20.03
D,DISPATCH,UNIT_SCADA,1,"2019/09/04 14:25:00",BOCORWF1,72.38
D,DISPATCH,UNIT_SCADA,1,"2019/09/04 14:25:00",BODWF1,76.321370
D,DISPATCH,UNIT_SCADA,1,"2019/09/04 14:25:00",BRAEMAR1,0
D,DISPATCH,UNIT_SCADA,1,"2019/09/04 14:25:00",BRAEMAR2,0
D,DISPATCH,UNIT_SCADA,1,"2019/09/04 14:25:00",BRAEMAR3,0
D,DISPATCH,UNIT_SCADA,1,"2019/09/04 14:25:00",BRAEMAR5,0
D,DISPATCH,UNIT_SCADA,1,"2019/09/04 14:25:00",BRAEMAR6,0
D,DISPATCH,UNIT_SCADA,1,"2019/09/04 14:25:00",BRAEMAR7,0
D,DISPATCH,UNIT_SCADA,1,"2019/09/04 14:25:00",BROKENH1,28.569090
D,DISPATCH,UNIT_SCADA,1,"2019/09/04 14:25:00",BW01,594.150020
D,DISPATCH,UNIT_SCADA,1,"2019/09/04 14:25:00",BW02,570.174930
D,DISPATCH,UNIT_SCADA,1,"2019/09/04 14:25:00",BW03,584.574950
D,DISPATCH,UNIT_SCADA,1,"2019/09/04 14:25:00",BW04,0
D,DISPATCH,UNIT_SCADA,1,"2019/09/04 14:25:00",CALL_B_1,159
D,DISPATCH,UNIT_SCADA,1,"2019/09/04 14:25:00",CALL_B_2,159.400010
D,DISPATCH,UNIT_SCADA,1,"2019/09/04 14:25:00",CETHANA,37.5910
D,DISPATCH,UNIT_SCADA,1,"2019/09/04 14:25:00",CG1,0
D,DISPATCH,UNIT_SCADA,1,"2019/09/04 14:25:00",CG2,0
D,DISPATCH,UNIT_SCADA,1,"2019/09/04 14:25:00",CG3,0
D,DISPATCH,UNIT_SCADA,1,"2019/09/04 14:25:00",CG4,0
D,DISPATCH,UNIT_SCADA,1,"2019/09/04 14:25:00",CHILDSF1,50.72
D,DISPATCH,UNIT_SCADA,1,"2019/09/04 14:25:00",CLARESF1,17.474560
D,DISPATCH,UNIT_SCADA,1,"2019/09/04 14:25:00",CLEMGPWF,0.144070
D,DISPATCH,UNIT_SCADA,1,"2019/09/04 14:25:00",CLERMSF1,0.18
D,DISPATCH,UNIT_SCADA,1,"2019/09/04 14:25:00",COLEASF1,79.30
D,DISPATCH,UNIT_SCADA,1,"2019/09/04 14:25:00",COOPGWF1,0
D,DISPATCH,UNIT_SCADA,1,"2019/09/04 14:25:00",CPP_3,200.20
D,DISPATCH,UNIT_SCADA,1,"2019/09/04 14:25:00",CPP_4,169.1250
D,DISPATCH,UNIT_SCADA,1,"2019/09/04 14:25:00",CPSA,75.393130
D,DISPATCH,UNIT_SCADA,1,"2019/09/04 14:25:00",CROOKWF2,86.913760
D,DISPATCH,UNIT_SCADA,1,"2019/09/04 14:25:00",CROWLWF1,10.813950
D,DISPATCH,UNIT_SCADA,1,"2019/09/04 14:25:00",CSPVPS1,31.9160
D,DISPATCH,UNIT_SCADA,1,"2019/09/04 14:25:00",DALNTH01,0
D,DISPATCH,UNIT_SCADA,1,"2019/09/04 14:25:00",DALNTHL1,0.083920
D,DISPATCH,UNIT_SCADA,1,"2019/09/04 14:25:00",DARTM1,0
D,DISPATCH,UNIT_SCADA,1,"2019/09/04 14:25:00",DAYDSF1,0
D,DISPATCH,UNIT_SCADA,1,"2019/09/04 14:25:00",DDPS1,0
D,DISPATCH,UNIT_SCADA,1,"2019/09/04 14:25:00",DDSF1,93.736960
D,DISPATCH,UNIT_SCADA,1,"2019/09/04 14:25:00",DEVILS_G,55.472890
D,DISPATCH,UNIT_SCADA,1,"2019/09/04 14:25:00",DG_NSW1,0
D,DISPATCH,UNIT_SCADA,1,"2019/09/04 14:25:00",DG_QLD1,0
D,DISPATCH,UNIT_SCADA,1,"2019/09/04 14:25:00",DG_SA1,0
D,DISPATCH,UNIT_SCADA,1,"2019/09/04 14:25:00",DG_TAS1,0
D,DISPATCH,UNIT_SCADA,1,"2019/09/04 14:25:00",DG_VIC1,0
D,DISPATCH,UNIT_SCADA,1,"2019/09/04 14:25:00",DRYCGT1,0
D,DISPATCH,UNIT_SCADA,1,"2019/09/04 14:25:00",DRYCGT2,0
D,DISPATCH,UNIT_SCADA,1,"2019/09/04 14:25:00",DRYCGT3,0
D,DISPATCH,UNIT_SCADA,1,"2019/09/04 14:25:00",EILDON1,0
D,DISPATCH,UNIT_SCADA,1,"2019/09/04 14:25:00",EILDON2,0
D,DISPATCH,UNIT_SCADA,1,"2019/09/04 14:25:00",EMERASF1,0.16
D,DISPATCH,UNIT_SCADA,1,"2019/09/04 14:25:00",ER01,593.599980
D,DISPATCH,UNIT_SCADA,1,"2019/09/04 14:25:00",ER02,700.424930
D,DISPATCH,UNIT_SCADA,1,"2019/09/04 14:25:00",ER03,0
D,DISPATCH,UNIT_SCADA,1,"2019/09/04 14:25:00",ER04,699.699950
D,DISPATCH,UNIT_SCADA,1,"2019/09/04 14:25:00",FINLYSF1,10.168750
D,DISPATCH,UNIT_SCADA,1,"2019/09/04 14:25:00",FISHER,4.54
D,DISPATCH,UNIT_SCADA,1,"2019/09/04 14:25:00",GANNBG1,2.108240
D,DISPATCH,UNIT_SCADA,1,"2019/09/04 14:25:00",GANNBL1,0
D,DISPATCH,UNIT_SCADA,1,"2019/09/04 14:25:00",GANNSF1,12.70
D,DISPATCH,UNIT_SCADA,1,"2019/09/04 14:25:00",GORDON,17.050880
D,DISPATCH,UNIT_SCADA,1,"2019/09/04 14:25:00",GSTONE1,139.8250
D,DISPATCH,UNIT_SCADA,1,"2019/09/04 14:25:00",GSTONE2,109.90
D,DISPATCH,UNIT_SCADA,1,"2019/09/04 14:25:00",GSTONE3,0
D,DISPATCH,UNIT_SCADA,1,"2019/09/04 14:25:00",GSTONE4,140
D,DISPATCH,UNIT_SCADA,1,"2019/09/04 14:25:00",GSTONE5,140
D,DISPATCH,UNIT_SCADA,1,"2019/09/04 14:25:00",GSTONE6,141.399990
D,DISPATCH,UNIT_SCADA,1,"2019/09/04 14:25:00",GULLRSF1,8.724210
D,DISPATCH,UNIT_SCADA,1,"2019/09/04 14:25:00",GULLRWF1,143.396610
D,DISPATCH,UNIT_SCADA,1,"2019/09/04 14:25:00",GUNNING1,40.020540
D,DISPATCH,UNIT_SCADA,1,"2019/09/04 14:25:00",GUTHEGA,0
D,DISPATCH,UNIT_SCADA,1,"2019/09/04 14:25:00",HALLWF1,-0.57
D,DISPATCH,UNIT_SCADA,1,"2019/09/04 14:25:00",HALLWF2,-0.33
D,DISPATCH,UNIT_SCADA,1,"2019/09/04 14:25:00",HAMISF1,43.80
D,DISPATCH,UNIT_SCADA,1,"2019/09/04 14:25:00",HAUGHT11,95.629310
D,DISPATCH,UNIT_SCADA,1,"2019/09/04 14:25:00",HAYMSF1,33.4730
D,DISPATCH,UNIT_SCADA,1,"2019/09/04 14:25:00",HDWF1,4.40
D,DISPATCH,UNIT_SCADA,1,"2019/09/04 14:25:00",HDWF2,4.80
D,DISPATCH,UNIT_SCADA,1,"2019/09/04 14:25:00",HDWF3,4.60
D,DISPATCH,UNIT_SCADA,1,"2019/09/04 14:25:00",HPRG1,0
D,DISPATCH,UNIT_SCADA,1,"2019/09/04 14:25:00",HPRL1,0
D,DISPATCH,UNIT_SCADA,1,"2019/09/04 14:25:00",HUMENSW,0
D,DISPATCH,UNIT_SCADA,1,"2019/09/04 14:25:00",HUMEV,25.70
D,DISPATCH,UNIT_SCADA,1,"2019/09/04 14:25:00",HVGTS,0
D,DISPATCH,UNIT_SCADA,1,"2019/09/04 14:25:00",JBUTTERS,18.43
D,DISPATCH,UNIT_SCADA,1,"2019/09/04 14:25:00",JLA01,52.20
D,DISPATCH,UNIT_SCADA,1,"2019/09/04 14:25:00",JLA02,0
D,DISPATCH,UNIT_SCADA,1,"2019/09/04 14:25:00",JLA03,0
D,DISPATCH,UNIT_SCADA,1,"2019/09/04 14:25:00",JLA04,0
D,DISPATCH,UNIT_SCADA,1,"2019/09/04 14:25:00",JLB01,0
D,DISPATCH,UNIT_SCADA,1,"2019/09/04 14:25:00",JLB02,0.10
D,DISPATCH,UNIT_SCADA,1,"2019/09/04 14:25:00",JLB03,0
D,DISPATCH,UNIT_SCADA,1,"2019/09/04 14:25:00",KAREEYA1,21.5875
D,DISPATCH,UNIT_SCADA,1,"2019/09/04 14:25:00",KAREEYA2,21.6075
D,DISPATCH,UNIT_SCADA,1,"2019/09/04 14:25:00",KAREEYA3,0
D,DISPATCH,UNIT_SCADA,1,"2019/09/04 14:25:00",KAREEYA4,21.6550
D,DISPATCH,UNIT_SCADA,1,"2019/09/04 14:25:00",KARSF1,87.50
D,DISPATCH,UNIT_SCADA,1,"2019/09/04 14:25:00",KIATAWF1,2.90
D,DISPATCH,UNIT_SCADA,1,"2019/09/04 14:25:00",KPP_1,0
D,DISPATCH,UNIT_SCADA,1,"2019/09/04 14:25:00",KSP1,13.19
D,DISPATCH,UNIT_SCADA,1,"2019/09/04 14:25:00",LADBROK1,0
D,DISPATCH,UNIT_SCADA,1,"2019/09/04 14:25:00",LADBROK2,0
D,DISPATCH,UNIT_SCADA,1,"2019/09/04 14:25:00",LD01,371.962550
D,DISPATCH,UNIT_SCADA,1,"2019/09/04 14:25:00",LD02,379.931210
D,DISPATCH,UNIT_SCADA,1,"2019/09/04 14:25:00",LD03,380.699980
D,DISPATCH,UNIT_SCADA,1,"2019/09/04 14:25:00",LD04,349.293820
D,DISPATCH,UNIT_SCADA,1,"2019/09/04 14:25:00",LEM_WIL,85.4563
D,DISPATCH,UNIT_SCADA,1,"2019/09/04 14:25:00",LGAPWF1,3.99
D,DISPATCH,UNIT_SCADA,1,"2019/09/04 14:25:00",LILYSF1,88.080380
D,DISPATCH,UNIT_SCADA,1,"2019/09/04 14:25:00",LI_WY_CA,100.310490
D,DISPATCH,UNIT_SCADA,1,"2019/09/04 14:25:00",LKBONNY2,11.900370
D,DISPATCH,UNIT_SCADA,1,"2019/09/04 14:25:00",LKBONNY3,3.070210
D,DISPATCH,UNIT_SCADA,1,"2019/09/04 14:25:00",LK_ECHO,0
D,DISPATCH,UNIT_SCADA,1,"2019/09/04 14:25:00",LNGS1,0
D,DISPATCH,UNIT_SCADA,1,"2019/09/04 14:25:00",LNGS2,0
D,DISPATCH,UNIT_SCADA,1,"2019/09/04 14:25:00",LONSDALE,0
D,DISPATCH,UNIT_SCADA,1,"2019/09/04 14:25:00",LOYYB1,535.712650
D,DISPATCH,UNIT_SCADA,1,"2019/09/04 14:25:00",LOYYB2,581.954410
D,DISPATCH,UNIT_SCADA,1,"2019/09/04 14:25:00",LYA1,0
D,DISPATCH,UNIT_SCADA,1,"2019/09/04 14:25:00",LYA2,0
D,DISPATCH,UNIT_SCADA,1,"2019/09/04 14:25:00",LYA3,561
D,DISPATCH,UNIT_SCADA,1,"2019/09/04 14:25:00",LYA4,541
D,DISPATCH,UNIT_SCADA,1,"2019/09/04 14:25:00",MACARTH1,0
D,DISPATCH,UNIT_SCADA,1,"2019/09/04 14:25:00",MACKAYGT,0.2240
D,DISPATCH,UNIT_SCADA,1,"2019/09/04 14:25:00",MACKNTSH,85.850010
D,DISPATCH,UNIT_SCADA,1,"2019/09/04 14:25:00",MANSLR1,40.8040
D,DISPATCH,UNIT_SCADA,1,"2019/09/04 14:25:00",MCKAY1,0.0750
D,DISPATCH,UNIT_SCADA,1,"2019/09/04 14:25:00",MEADOWBK,24.893180
D,DISPATCH,UNIT_SCADA,1,"2019/09/04 14:25:00",MERCER01,60.0890
D,DISPATCH,UNIT_SCADA,1,"2019/09/04 14:25:00",MEWF1,61.126660
D,DISPATCH,UNIT_SCADA,1,"2019/09/04 14:25:00",MINTARO,0
D,DISPATCH,UNIT_SCADA,1,"2019/09/04 14:25:00",MOREESF1,49.5540
D,DISPATCH,UNIT_SCADA,1,"2019/09/04 14:25:00",MORTLK11,260
D,DISPATCH,UNIT_SCADA,1,"2019/09/04 14:25:00",MORTLK12,0
D,DISPATCH,UNIT_SCADA,1,"2019/09/04 14:25:00",MP1,221.049990
D,DISPATCH,UNIT_SCADA,1,"2019/09/04 14:25:00",MP2,0
D,DISPATCH,UNIT_SCADA,1,"2019/09/04 14:25:00",MPP_1,292.75
D,DISPATCH,UNIT_SCADA,1,"2019/09/04 14:25:00",MPP_2,290
D,DISPATCH,UNIT_SCADA,1,"2019/09/04 14:25:00",MSTUART1,0
D,DISPATCH,UNIT_SCADA,1,"2019/09/04 14:25:00",MSTUART2,0
D,DISPATCH,UNIT_SCADA,1,"2019/09/04 14:25:00",MSTUART3,0
D,DISPATCH,UNIT_SCADA,1,"2019/09/04 14:25:00",MTGELWF1,64.774020
D,DISPATCH,UNIT_SCADA,1,"2019/09/04 14:25:00",MURRAY,0
D,DISPATCH,UNIT_SCADA,1,"2019/09/04 14:25:00",MUSSELR1,159.599990
D,DISPATCH,UNIT_SCADA,1,"2019/09/04 14:25:00",MUWAWF1,12.18
D,DISPATCH,UNIT_SCADA,1,"2019/09/04 14:25:00",NBHWF1,-0.40
D,DISPATCH,UNIT_SCADA,1,"2019/09/04 14:25:00",NPS,86.25
D,DISPATCH,UNIT_SCADA,1,"2019/09/04 14:25:00",NUMURSF1,31.97
D,DISPATCH,UNIT_SCADA,1,"2019/09/04 14:25:00",NYNGAN1,88.75
D,DISPATCH,UNIT_SCADA,1,"2019/09/04 14:25:00",OAKEY1,0
D,DISPATCH,UNIT_SCADA,1,"2019/09/04 14:25:00",OAKEY1SF,24.1620
D,DISPATCH,UNIT_SCADA,1,"2019/09/04 14:25:00",OAKEY2,0
D,DISPATCH,UNIT_SCADA,1,"2019/09/04 14:25:00",OAKEY2SF,0
D,DISPATCH,UNIT_SCADA,1,"2019/09/04 14:25:00",OAKLAND1,5.90
D,DISPATCH,UNIT_SCADA,1,"2019/09/04 14:25:00",OSB-AG,178.290010
D,DISPATCH,UNIT_SCADA,1,"2019/09/04 14:25:00",PARSF1,45.799990
D,DISPATCH,UNIT_SCADA,1,"2019/09/04 14:25:00",POAT110,0
D,DISPATCH,UNIT_SCADA,1,"2019/09/04 14:25:00",POAT220,14.19
D,DISPATCH,UNIT_SCADA,1,"2019/09/04 14:25:00",POR01,0
D,DISPATCH,UNIT_SCADA,1,"2019/09/04 14:25:00",POR03,0
D,DISPATCH,UNIT_SCADA,1,"2019/09/04 14:25:00",PPCCGT,482.931490
D,DISPATCH,UNIT_SCADA,1,"2019/09/04 14:25:00",PTSTAN1,0
D,DISPATCH,UNIT_SCADA,1,"2019/09/04 14:25:00",PUMP1,0
D,DISPATCH,UNIT_SCADA,1,"2019/09/04 14:25:00",PUMP2,0
D,DISPATCH,UNIT_SCADA,1,"2019/09/04 14:25:00",QPS1,0
D,DISPATCH,UNIT_SCADA,1,"2019/09/04 14:25:00",QPS2,0
D,DISPATCH,UNIT_SCADA,1,"2019/09/04 14:25:00",QPS3,0
D,DISPATCH,UNIT_SCADA,1,"2019/09/04 14:25:00",QPS4,0
D,DISPATCH,UNIT_SCADA,1,"2019/09/04 14:25:00",QPS5,0
D,DISPATCH,UNIT_SCADA,1,"2019/09/04 14:25:00",REECE1,118.030010
D,DISPATCH,UNIT_SCADA,1,"2019/09/04 14:25:00",REECE2,99.300010
D,DISPATCH,UNIT_SCADA,1,"2019/09/04 14:25:00",ROMA_7,0
D,DISPATCH,UNIT_SCADA,1,"2019/09/04 14:25:00",ROMA_8,0
D,DISPATCH,UNIT_SCADA,1,"2019/09/04 14:25:00",RRSF1,115.076260
D,DISPATCH,UNIT_SCADA,1,"2019/09/04 14:25:00",RT_NSW1,0
D,DISPATCH,UNIT_SCADA,1,"2019/09/04 14:25:00",RT_NSW2,0
D,DISPATCH,UNIT_SCADA,1,"2019/09/04 14:25:00",RT_NSW3,0
D,DISPATCH,UNIT_SCADA,1,"2019/09/04 14:25:00",RT_NSW4,0
D,DISPATCH,UNIT_SCADA,1,"2019/09/04 14:25:00",RT_NSW5,0
D,DISPATCH,UNIT_SCADA,1,"2019/09/04 14:25:00",RT_NSW6,0
D,DISPATCH,UNIT_SCADA,1,"2019/09/04 14:25:00",RT_QLD1,0
D,DISPATCH,UNIT_SCADA,1,"2019/09/04 14:25:00",RT_SA1,0
D,DISPATCH,UNIT_SCADA,1,"2019/09/04 14:25:00",RT_SA2,0
D,DISPATCH,UNIT_SCADA,1,"2019/09/04 14:25:00",RT_SA3,0
D,DISPATCH,UNIT_SCADA,1,"2019/09/04 14:25:00",RT_SA4,0
D,DISPATCH,UNIT_SCADA,1,"2019/09/04 14:25:00",RT_SA5,0
D,DISPATCH,UNIT_SCADA,1,"2019/09/04 14:25:00",RT_SA6,0
D,DISPATCH,UNIT_SCADA,1,"2019/09/04 14:25:00",RT_TAS1,0
D,DISPATCH,UNIT_SCADA,1,"2019/09/04 14:25:00",RT_VIC1,0
D,DISPATCH,UNIT_SCADA,1,"2019/09/04 14:25:00",RT_VIC10,0
D,DISPATCH,UNIT_SCADA,1,"2019/09/04 14:25:00",RT_VIC11,0
D,DISPATCH,UNIT_SCADA,1,"2019/09/04 14:25:00",RT_VIC12,0
D,DISPATCH,UNIT_SCADA,1,"2019/09/04 14:25:00",RT_VIC2,0
D,DISPATCH,UNIT_SCADA,1,"2019/09/04 14:25:00",RT_VIC3,0
D,DISPATCH,UNIT_SCADA,1,"2019/09/04 14:25:00",RT_VIC4,0
D,DISPATCH,UNIT_SCADA,1,"2019/09/04 14:25:00",RT_VIC5,0
D,DISPATCH,UNIT_SCADA,1,"2019/09/04 14:25:00",RT_VIC6,0
D,DISPATCH,UNIT_SCADA,1,"2019/09/04 14:25:00",RT_VIC7,0
D,DISPATCH,UNIT_SCADA,1,"2019/09/04 14:25:00",RT_VIC8,0
D,DISPATCH,UNIT_SCADA,1,"2019/09/04 14:25:00",RT_VIC9,0
D,DISPATCH,UNIT_SCADA,1,"2019/09/04 14:25:00",RUGBYR1,61.804540
D,DISPATCH,UNIT_SCADA,1,"2019/09/04 14:25:00",SALTCRK1,8.75
D,DISPATCH,UNIT_SCADA,1,"2019/09/04 14:25:00",SAPHWF1,183.243770
D,DISPATCH,UNIT_SCADA,1,"2019/09/04 14:25:00",SHGEN,0
D,DISPATCH,UNIT_SCADA,1,"2019/09/04 14:25:00",SHPUMP,158.6501
D,DISPATCH,UNIT_SCADA,1,"2019/09/04 14:25:00",SITHE01,0.194050
D,DISPATCH,UNIT_SCADA,1,"2019/09/04 14:25:00",SMCSF1,45.096830
D,DISPATCH,UNIT_SCADA,1,"2019/09/04 14:25:00",SNOWNTH1,0.70
D,DISPATCH,UNIT_SCADA,1,"2019/09/04 14:25:00",SNOWSTH1,1.30
D,DISPATCH,UNIT_SCADA,1,"2019/09/04 14:25:00",SNOWTWN1,-0.498140
D,DISPATCH,UNIT_SCADA,1,"2019/09/04 14:25:00",SNOWYP,0
D,DISPATCH,UNIT_SCADA,1,"2019/09/04 14:25:00",SNUG1,0.019440
D,DISPATCH,UNIT_SCADA,1,"2019/09/04 14:25:00",SRSF1,34.61
D,DISPATCH,UNIT_SCADA,1,"2019/09/04 14:25:00",STAN-1,366.781340
D,DISPATCH,UNIT_SCADA,1,"2019/09/04 14:25:00",STAN-2,250.908430
D,DISPATCH,UNIT_SCADA,1,"2019/09/04 14:25:00",STAN-3,250.741810
D,DISPATCH,UNIT_SCADA,1,"2019/09/04 14:25:00",STAN-4,248.844770
D,DISPATCH,UNIT_SCADA,1,"2019/09/04 14:25:00",STWF1,37.383760
D,DISPATCH,UNIT_SCADA,1,"2019/09/04 14:25:00",SWAN_E,0
D,DISPATCH,UNIT_SCADA,1,"2019/09/04 14:25:00",TALWA1,411
D,DISPATCH,UNIT_SCADA,1,"2019/09/04 14:25:00",TARALGA1,92.3250
D,DISPATCH,UNIT_SCADA,1,"2019/09/04 14:25:00",TARONG#1,348.800020
D,DISPATCH,UNIT_SCADA,1,"2019/09/04 14:25:00",TARONG#2,0
D,DISPATCH,UNIT_SCADA,1,"2019/09/04 14:25:00",TARONG#3,278.600010
D,DISPATCH,UNIT_SCADA,1,"2019/09/04 14:25:00",TARONG#4,349.399990
D,DISPATCH,UNIT_SCADA,1,"2019/09/04 14:25:00",TARRALEA,76
D,DISPATCH,UNIT_SCADA,1,"2019/09/04 14:25:00",TBSF1,15.80
D,DISPATCH,UNIT_SCADA,1,"2019/09/04 14:25:00",TNPS1,442.000030
D,DISPATCH,UNIT_SCADA,1,"2019/09/04 14:25:00",TORRA1,76.628090
D,DISPATCH,UNIT_SCADA,1,"2019/09/04 14:25:00",TORRA2,0
D,DISPATCH,UNIT_SCADA,1,"2019/09/04 14:25:00",TORRA3,0
D,DISPATCH,UNIT_SCADA,1,"2019/09/04 14:25:00",TORRA4,70.363460
D,DISPATCH,UNIT_SCADA,1,"2019/09/04 14:25:00",TORRB1,105.59
D,DISPATCH,UNIT_SCADA,1,"2019/09/04 14:25:00",TORRB2,105.34
D,DISPATCH,UNIT_SCADA,1,"2019/09/04 14:25:00",TORRB3,104.53
D,DISPATCH,UNIT_SCADA,1,"2019/09/04 14:25:00",TORRB4,0
D,DISPATCH,UNIT_SCADA,1,"2019/09/04 14:25:00",TREVALLN,0
D,DISPATCH,UNIT_SCADA,1,"2019/09/04 14:25:00",TRIBUTE,0
D,DISPATCH,UNIT_SCADA,1,"2019/09/04 14:25:00",TUMUT3,0
D,DISPATCH,UNIT_SCADA,1,"2019/09/04 14:25:00",TUNGATIN,15.20
D,DISPATCH,UNIT_SCADA,1,"2019/09/04 14:25:00",TVCC201,0
D,DISPATCH,UNIT_SCADA,1,"2019/09/04 14:25:00",TVPP104,0
D,DISPATCH,UNIT_SCADA,1,"2019/09/04 14:25:00",UPPTUMUT,126.214790
D,DISPATCH,UNIT_SCADA,1,"2019/09/04 14:25:00",URANQ11,0
D,DISPATCH,UNIT_SCADA,1,"2019/09/04 14:25:00",URANQ12,0
D,DISPATCH,UNIT_SCADA,1,"2019/09/04 14:25:00",URANQ13,159.800020
D,DISPATCH,UNIT_SCADA,1,"2019/09/04 14:25:00",URANQ14,0
D,DISPATCH,UNIT_SCADA,1,"2019/09/04 14:25:00",VP5,495.725010
D,DISPATCH,UNIT_SCADA,1,"2019/09/04 14:25:00",VP6,0
D,DISPATCH,UNIT_SCADA,1,"2019/09/04 14:25:00",VPGS1,0
D,DISPATCH,UNIT_SCADA,1,"2019/09/04 14:25:00",VPGS2,0
D,DISPATCH,UNIT_SCADA,1,"2019/09/04 14:25:00",VPGS3,0
D,DISPATCH,UNIT_SCADA,1,"2019/09/04 14:25:00",VPGS4,0
D,DISPATCH,UNIT_SCADA,1,"2019/09/04 14:25:00",VPGS5,0
D,DISPATCH,UNIT_SCADA,1,"2019/09/04 14:25:00",VPGS6,0
D,DISPATCH,UNIT_SCADA,1,"2019/09/04 14:25:00",W/HOE#1,0
D,DISPATCH,UNIT_SCADA,1,"2019/09/04 14:25:00",W/HOE#2,0
D,DISPATCH,UNIT_SCADA,1,"2019/09/04 14:25:00",WATERLWF,0.60
D,DISPATCH,UNIT_SCADA,1,"2019/09/04 14:25:00",WEMENSF1,34.30
D,DISPATCH,UNIT_SCADA,1,"2019/09/04 14:25:00",WGWF1,3.30
D,DISPATCH,UNIT_SCADA,1,"2019/09/04 14:25:00",WHITSF1,0
D,DISPATCH,UNIT_SCADA,1,"2019/09/04 14:25:00",WKIEWA1,0
D,DISPATCH,UNIT_SCADA,1,"2019/09/04 14:25:00",WKIEWA2,0.10
D,DISPATCH,UNIT_SCADA,1,"2019/09/04 14:25:00",WOODLWN1,44.2260
D,DISPATCH,UNIT_SCADA,1,"2019/09/04 14:25:00",WRSF1,17.32
D,DISPATCH,UNIT_SCADA,1,"2019/09/04 14:25:00",WRWF1,139.668750
D,DISPATCH,UNIT_SCADA,1,"2019/09/04 14:25:00",YABULU,0
D,DISPATCH,UNIT_SCADA,1,"2019/09/04 14:25:00",YABULU2,0
D,DISPATCH,UNIT_SCADA,1,"2019/09/04 14:25:00",YARWUN_1,116.219990
D,DISPATCH,UNIT_SCADA,1,"2019/09/04 14:25:00",YENDWF1,35.43
D,DISPATCH,UNIT_SCADA,1,"2019/09/04 14:25:00",YWPS1,376.440520
D,DISPATCH,UNIT_SCADA,1,"2019/09/04 14:25:00",YWPS2,280.448090
D,DISPATCH,UNIT_SCADA,1,"2019/09/04 14:25:00",YWPS3,355.436710
D,DISPATCH,UNIT_SCADA,1,"2019/09/04 14:25:00",YWPS4,340.193660
C,"END OF REPORT",335
