C,NEMP.WORLD,DISPATCHSCADA,AEMO,PUBLIC,2019/09/06,08:25:09,0000000312453796,DISPATCHSCADA,0000000312453790
I,DISPATCH,UNIT_SCADA,1,SETTLEMENTDATE,DUID,SCADAVALUE
D,DISPATCH,UNIT_SCADA,1,"2019/09/06 08:30:00",BARCSF1,8.900001
D,DISPATCH,UNIT_SCADA,1,"2019/09/06 08:30:00",BUTLERSG,10.199999
D,DISPATCH,UNIT_SCADA,1,"2019/09/06 08:30:00",CALL_A_4,0
D,DISPATCH,UNIT_SCADA,1,"2019/09/06 08:30:00",CAPTL_WF,12.32
D,DISPATCH,UNIT_SCADA,1,"2019/09/06 08:30:00",CATHROCK,0
D,DISPATCH,UNIT_SCADA,1,"2019/09/06 08:30:00",CHALLHWF,38.50
D,DISPATCH,UNIT_SCADA,1,"2019/09/06 08:30:00",CLOVER,0
D,DISPATCH,UNIT_SCADA,1,"2019/09/06 08:30:00",CLUNY,18.663767
D,DISPATCH,UNIT_SCADA,1,"2019/09/06 08:30:00",CNUNDAWF,4.305022
D,DISPATCH,UNIT_SCADA,1,"2019/09/06 08:30:00",CULLRGWF,1.49
D,DISPATCH,UNIT_SCADA,1,"2019/09/06 08:30:00",ERGT01,0
D,DISPATCH,UNIT_SCADA,1,"2019/09/06 08:30:00",GB01,0.008553
D,DISPATCH,UNIT_SCADA,1,"2019/09/06 08:30:00",GERMCRK,34.599998
D,DISPATCH,UNIT_SCADA,1,"2019/09/06 08:30:00",GRIFSF1,2.800003
D,DISPATCH,UNIT_SCADA,1,"2019/09/06 08:30:00",HUGSF1,8.9860
D,DISPATCH,UNIT_SCADA,1,"2019/09/06 08:30:00",LKBONNY1,7.234058
D,DISPATCH,UNIT_SCADA,1,"2019/09/06 08:30:00",LRSF1,12.363001
D,DISPATCH,UNIT_SCADA,1,"2019/09/06 08:30:00",MBAHNTH,50.343750
D,DISPATCH,UNIT_SCADA,1,"2019/09/06 08:30:00",MLSP1,7.044001
D,DISPATCH,UNIT_SCADA,1,"2019/09/06 08:30:00",MLWF1,13.17
D,DISPATCH,UNIT_SCADA,1,"2019/09/06 08:30:00",MTMILLAR,54.433193
D,DISPATCH,UNIT_SCADA,1,"2019/09/06 08:30:00",PALOONA,25.83
D,DISPATCH,UNIT_SCADA,1,"2019/09/06 08:30:00",PIONEER,42.600002
D,DISPATCH,UNIT_SCADA,1,"2019/09/06 08:30:00",PORTWF,33.299999
D,DISPATCH,UNIT_SCADA,1,"2019/09/06 08:30:00",REPULSE,32.879532
D,DISPATCH,UNIT_SCADA,1,"2019/09/06 08:30:00",ROWALLAN,10.259501
D,DISPATCH,UNIT_SCADA,1,"2019/09/06 08:30:00",ROYALLA1,12.011001
D,DISPATCH,UNIT_SCADA,1,"2019/09/06 08:30:00",RPCG,11.70
D,DISPATCH,UNIT_SCADA,1,"2019/09/06 08:30:00",RUBICON,0
D,DISPATCH,UNIT_SCADA,1,"2019/09/06 08:30:00",SATGN1,0
D,DISPATCH,UNIT_SCADA,1,"2019/09/06 08:30:00",SATGS1,0
D,DISPATCH,UNIT_SCADA,1,"2019/09/06 08:30:00",STARHLWF,29.591372
D,DISPATCH,UNIT_SCADA,1,"2019/09/06 08:30:00",WAUBRAWF,80.848999
D,DISPATCH,UNIT_SCADA,1,"2019/09/06 08:30:00",WOOLNTH1,20.770016
D,DISPATCH,UNIT_SCADA,1,"2019/09/06 08:30:00",WPWF,84
D,DISPATCH,UNIT_SCADA,1,"2019/09/06 08:30:00",YAMBUKWF,12.60
D,DISPATCH,UNIT_SCADA,1,"2019/09/06 08:30:00",YSWF1,8.30
D,DISPATCH,UNIT_SCADA,1,"2019/09/06 08:30:00",AGLHAL,0
D,DISPATCH,UNIT_SCADA,1,"2019/09/06 08:30:00",AGLSOM,0
D,DISPATCH,UNIT_SCADA,1,"2019/09/06 08:30:00",ANGAST1,0
D,DISPATCH,UNIT_SCADA,1,"2019/09/06 08:30:00",ARWF1,40.400010
D,DISPATCH,UNIT_SCADA,1,"2019/09/06 08:30:00",BALBG1,1.27
D,DISPATCH,UNIT_SCADA,1,"2019/09/06 08:30:00",BALBL1,0
D,DISPATCH,UNIT_SCADA,1,"2019/09/06 08:30:00",BALDHWF1,69.4940
D,DISPATCH,UNIT_SCADA,1,"2019/09/06 08:30:00",BANN1,57.49
D,DISPATCH,UNIT_SCADA,1,"2019/09/06 08:30:00",BARCALDN,0
D,DISPATCH,UNIT_SCADA,1,"2019/09/06 08:30:00",BARRON-1,26.20
D,DISPATCH,UNIT_SCADA,1,"2019/09/06 08:30:00",BARRON-2,0
D,DISPATCH,UNIT_SCADA,1,"2019/09/06 08:30:00",BASTYAN,80.990010
D,DISPATCH,UNIT_SCADA,1,"2019/09/06 08:30:00",BBTHREE1,0
D,DISPATCH,UNIT_SCADA,1,"2019/09/06 08:30:00",BBTHREE2,0
D,DISPATCH,UNIT_SCADA,1,"2019/09/06 08:30:00",BBTHREE3,0
D,DISPATCH,UNIT_SCADA,1,"2019/09/06 08:30:00",BDL01,40.92
D,DISPATCH,UNIT_SCADA,1,"2019/09/06 08:30:00",BDL02,42.78
D,DISPATCH,UNIT_SCADA,1,"2019/09/06 08:30:00",BERYLSF1,70.320480
D,DISPATCH,UNIT_SCADA,1,"2019/09/06 08:30:00",BLOWERNG,15.30
D,DISPATCH,UNIT_SCADA,1,"2019/09/06 08:30:00",BLUFF1,52.80
D,DISPATCH,UNIT_SCADA,1,"2019/09/06 08:30:00",BNGSF1,6.21
D,DISPATCH,UNIT_SCADA,1,"2019/09/06 08:30:00",BNGSF2,1.85
D,DISPATCH,UNIT_SCADA,1,"2019/09/06 08:30:00",BOCORWF1,95.55
D,DISPATCH,UNIT_SCADA,1,"2019/09/06 08:30:00",BODWF1,66.5623
D,DISPATCH,UNIT_SCADA,1,"2019/09/06 08:30:00",BRAEMAR1,0
D,DISPATCH,UNIT_SCADA,1,"2019/09/06 08:30:00",BRAEMAR2,0
D,DISPATCH,UNIT_SCADA,1,"2019/09/06 08:30:00",BRAEMAR3,0
D,DISPATCH,UNIT_SCADA,1,"2019/09/06 08:30:00",BRAEMAR5,152.2836
D,DISPATCH,UNIT_SCADA,1,"2019/09/06 08:30:00",BRAEMAR6,0
D,DISPATCH,UNIT_SCADA,1,"2019/09/06 08:30:00",BRAEMAR7,0
D,DISPATCH,UNIT_SCADA,1,"2019/09/06 08:30:00",BROKENH1,23.755860
D,DISPATCH,UNIT_SCADA,1,"2019/09/06 08:30:00",BW01,654.224980
D,DISPATCH,UNIT_SCADA,1,"2019/09/06 08:30:00",BW02,647.974980
D,DISPATCH,UNIT_SCADA,1,"2019/09/06 08:30:00",BW03,659.025020
D,DISPATCH,UNIT_SCADA,1,"2019/09/06 08:30:00",BW04,0
D,DISPATCH,UNIT_SCADA,1,"2019/09/06 08:30:00",CALL_B_1,334.399990
D,DISPATCH,UNIT_SCADA,1,"2019/09/06 08:30:00",CALL_B_2,279.100010
D,DISPATCH,UNIT_SCADA,1,"2019/09/06 08:30:00",CETHANA,97.166630
D,DISPATCH,UNIT_SCADA,1,"2019/09/06 08:30:00",CG1,0
D,DISPATCH,UNIT_SCADA,1,"2019/09/06 08:30:00",CG2,0
D,DISPATCH,UNIT_SCADA,1,"2019/09/06 08:30:00",CG3,0
D,DISPATCH,UNIT_SCADA,1,"2019/09/06 08:30:00",CG4,0
D,DISPATCH,UNIT_SCADA,1,"2019/09/06 08:30:00",CHILDSF1,45.54
D,DISPATCH,UNIT_SCADA,1,"2019/09/06 08:30:00",CLARESF1,31.913980
D,DISPATCH,UNIT_SCADA,1,"2019/09/06 08:30:00",CLEMGPWF,54.098290
D,DISPATCH,UNIT_SCADA,1,"2019/09/06 08:30:00",CLERMSF1,14.68
D,DISPATCH,UNIT_SCADA,1,"2019/09/06 08:30:00",COLEASF1,11.50
D,DISPATCH,UNIT_SCADA,1,"2019/09/06 08:30:00",COOPGWF1,18.134510
D,DISPATCH,UNIT_SCADA,1,"2019/09/06 08:30:00",CPP_3,374.825010
D,DISPATCH,UNIT_SCADA,1,"2019/09/06 08:30:00",CPP_4,372.899990
D,DISPATCH,UNIT_SCADA,1,"2019/09/06 08:30:00",CPSA,143.293750
D,DISPATCH,UNIT_SCADA,1,"2019/09/06 08:30:00",CROOKWF2,77.4250
D,DISPATCH,UNIT_SCADA,1,"2019/09/06 08:30:00",CROWLWF1,39.337980
D,DISPATCH,UNIT_SCADA,1,"2019/09/06 08:30:00",CSPVPS1,19.7520
D,DISPATCH,UNIT_SCADA,1,"2019/09/06 08:30:00",DALNTH01,0.007630
D,DISPATCH,UNIT_SCADA,1,"2019/09/06 08:30:00",DALNTHL1,0
D,DISPATCH,UNIT_SCADA,1,"2019/09/06 08:30:00",DARTM1,133.50
D,DISPATCH,UNIT_SCADA,1,"2019/09/06 08:30:00",DAYDSF1,111.3660
D,DISPATCH,UNIT_SCADA,1,"2019/09/06 08:30:00",DDPS1,0
D,DISPATCH,UNIT_SCADA,1,"2019/09/06 08:30:00",DDSF1,69.783550
D,DISPATCH,UNIT_SCADA,1,"2019/09/06 08:30:00",DEVILS_G,63.512680
D,DISPATCH,UNIT_SCADA,1,"2019/09/06 08:30:00",DG_NSW1,0
D,DISPATCH,UNIT_SCADA,1,"2019/09/06 08:30:00",DG_QLD1,0
D,DISPATCH,UNIT_SCADA,1,"2019/09/06 08:30:00",DG_SA1,0
D,DISPATCH,UNIT_SCADA,1,"2019/09/06 08:30:00",DG_TAS1,0
D,DISPATCH,UNIT_SCADA,1,"2019/09/06 08:30:00",DG_VIC1,0
D,DISPATCH,UNIT_SCADA,1,"2019/09/06 08:30:00",DRYCGT1,0
D,DISPATCH,UNIT_SCADA,1,"2019/09/06 08:30:00",DRYCGT2,0
D,DISPATCH,UNIT_SCADA,1,"2019/09/06 08:30:00",DRYCGT3,0
D,DISPATCH,UNIT_SCADA,1,"2019/09/06 08:30:00",EILDON1,0
D,DISPATCH,UNIT_SCADA,1,"2019/09/06 08:30:00",EILDON2,0
D,DISPATCH,UNIT_SCADA,1,"2019/09/06 08:30:00",EMERASF1,62.60
D,DISPATCH,UNIT_SCADA,1,"2019/09/06 08:30:00",ER01,567
D,DISPATCH,UNIT_SCADA,1,"2019/09/06 08:30:00",ER02,675.349980
D,DISPATCH,UNIT_SCADA,1,"2019/09/06 08:30:00",ER03,0
D,DISPATCH,UNIT_SCADA,1,"2019/09/06 08:30:00",ER04,656.550050
D,DISPATCH,UNIT_SCADA,1,"2019/09/06 08:30:00",FINLYSF1,0
D,DISPATCH,UNIT_SCADA,1,"2019/09/06 08:30:00",FISHER,32.59
D,DISPATCH,UNIT_SCADA,1,"2019/09/06 08:30:00",GANNBG1,1.710140
D,DISPATCH,UNIT_SCADA,1,"2019/09/06 08:30:00",GANNBL1,0
D,DISPATCH,UNIT_SCADA,1,"2019/09/06 08:30:00",GANNSF1,43
D,DISPATCH,UNIT_SCADA,1,"2019/09/06 08:30:00",GORDON,22.476160
D,DISPATCH,UNIT_SCADA,1,"2019/09/06 08:30:00",GSTONE1,134.224990
D,DISPATCH,UNIT_SCADA,1,"2019/09/06 08:30:00",GSTONE2,110.4250
D,DISPATCH,UNIT_SCADA,1,"2019/09/06 08:30:00",GSTONE3,0
D,DISPATCH,UNIT_SCADA,1,"2019/09/06 08:30:00",GSTONE4,130.899990
D,DISPATCH,UNIT_SCADA,1,"2019/09/06 08:30:00",GSTONE5,129.6750
D,DISPATCH,UNIT_SCADA,1,"2019/09/06 08:30:00",GSTONE6,135.274990
D,DISPATCH,UNIT_SCADA,1,"2019/09/06 08:30:00",GULLRSF1,7.321380
D,DISPATCH,UNIT_SCADA,1,"2019/09/06 08:30:00",GULLRWF1,104.854340
D,DISPATCH,UNIT_SCADA,1,"2019/09/06 08:30:00",GUNNING1,15.315080
D,DISPATCH,UNIT_SCADA,1,"2019/09/06 08:30:00",GUTHEGA,31.20
D,DISPATCH,UNIT_SCADA,1,"2019/09/06 08:30:00",HALLWF1,89.22
D,DISPATCH,UNIT_SCADA,1,"2019/09/06 08:30:00",HALLWF2,38.44
D,DISPATCH,UNIT_SCADA,1,"2019/09/06 08:30:00",HAMISF1,0
D,DISPATCH,UNIT_SCADA,1,"2019/09/06 08:30:00",HAUGHT11,0
D,DISPATCH,UNIT_SCADA,1,"2019/09/06 08:30:00",HAYMSF1,0
D,DISPATCH,UNIT_SCADA,1,"2019/09/06 08:30:00",HDWF1,99.70
D,DISPATCH,UNIT_SCADA,1,"2019/09/06 08:30:00",HDWF2,99.80
D,DISPATCH,UNIT_SCADA,1,"2019/09/06 08:30:00",HDWF3,109
D,DISPATCH,UNIT_SCADA,1,"2019/09/06 08:30:00",HPRG1,7.10
D,DISPATCH,UNIT_SCADA,1,"2019/09/06 08:30:00",HPRL1,0
D,DISPATCH,UNIT_SCADA,1,"2019/09/06 08:30:00",HUMENSW,0
D,DISPATCH,UNIT_SCADA,1,"2019/09/06 08:30:00",HUMEV,24.20
D,DISPATCH,UNIT_SCADA,1,"2019/09/06 08:30:00",HVGTS,0
D,DISPATCH,UNIT_SCADA,1,"2019/09/06 08:30:00",JBUTTERS,115.99
D,DISPATCH,UNIT_SCADA,1,"2019/09/06 08:30:00",JLA01,0.10
D,DISPATCH,UNIT_SCADA,1,"2019/09/06 08:30:00",JLA02,0
D,DISPATCH,UNIT_SCADA,1,"2019/09/06 08:30:00",JLA03,0
D,DISPATCH,UNIT_SCADA,1,"2019/09/06 08:30:00",JLA04,0
D,DISPATCH,UNIT_SCADA,1,"2019/09/06 08:30:00",JLB01,0
D,DISPATCH,UNIT_SCADA,1,"2019/09/06 08:30:00",JLB02,0.10
D,DISPATCH,UNIT_SCADA,1,"2019/09/06 08:30:00",JLB03,0
D,DISPATCH,UNIT_SCADA,1,"2019/09/06 08:30:00",KAREEYA1,21.6075
D,DISPATCH,UNIT_SCADA,1,"2019/09/06 08:30:00",KAREEYA2,21.76
D,DISPATCH,UNIT_SCADA,1,"2019/09/06 08:30:00",KAREEYA3,0
D,DISPATCH,UNIT_SCADA,1,"2019/09/06 08:30:00",KAREEYA4,21.6425
D,DISPATCH,UNIT_SCADA,1,"2019/09/06 08:30:00",KARSF1,72.70
D,DISPATCH,UNIT_SCADA,1,"2019/09/06 08:30:00",KIATAWF1,28.20
D,DISPATCH,UNIT_SCADA,1,"2019/09/06 08:30:00",KPP_1,0
D,DISPATCH,UNIT_SCADA,1,"2019/09/06 08:30:00",KSP1,44.30
D,DISPATCH,UNIT_SCADA,1,"2019/09/06 08:30:00",LADBROK1,42.36
D,DISPATCH,UNIT_SCADA,1,"2019/09/06 08:30:00",LADBROK2,43.07
D,DISPATCH,UNIT_SCADA,1,"2019/09/06 08:30:00",LD01,387.262480
D,DISPATCH,UNIT_SCADA,1,"2019/09/06 08:30:00",LD02,381.524960
D,DISPATCH,UNIT_SCADA,1,"2019/09/06 08:30:00",LD03,385.199980
D,DISPATCH,UNIT_SCADA,1,"2019/09/06 08:30:00",LD04,386.737520
D,DISPATCH,UNIT_SCADA,1,"2019/09/06 08:30:00",LEM_WIL,84.832440
D,DISPATCH,UNIT_SCADA,1,"2019/09/06 08:30:00",LGAPWF1,34.42
D,DISPATCH,UNIT_SCADA,1,"2019/09/06 08:30:00",LILYSF1,0
D,DISPATCH,UNIT_SCADA,1,"2019/09/06 08:30:00",LI_WY_CA,142.474520
D,DISPATCH,UNIT_SCADA,1,"2019/09/06 08:30:00",LKBONNY2,24.604430
D,DISPATCH,UNIT_SCADA,1,"2019/09/06 08:30:00",LKBONNY3,6.196240
D,DISPATCH,UNIT_SCADA,1,"2019/09/06 08:30:00",LK_ECHO,0
D,DISPATCH,UNIT_SCADA,1,"2019/09/06 08:30:00",LNGS1,0
D,DISPATCH,UNIT_SCADA,1,"2019/09/06 08:30:00",LNGS2,0
D,DISPATCH,UNIT_SCADA,1,"2019/09/06 08:30:00",LONSDALE,0
D,DISPATCH,UNIT_SCADA,1,"2019/09/06 08:30:00",LOYYB1,536.464540
D,DISPATCH,UNIT_SCADA,1,"2019/09/06 08:30:00",LOYYB2,582.7063
D,DISPATCH,UNIT_SCADA,1,"2019/09/06 08:30:00",LYA1,0
D,DISPATCH,UNIT_SCADA,1,"2019/09/06 08:30:00",LYA2,0
D,DISPATCH,UNIT_SCADA,1,"2019/09/06 08:30:00",LYA3,561
D,DISPATCH,UNIT_SCADA,1,"2019/09/06 08:30:00",LYA4,539
D,DISPATCH,UNIT_SCADA,1,"2019/09/06 08:30:00",MACARTH1,109.697460
D,DISPATCH,UNIT_SCADA,1,"2019/09/06 08:30:00",MACKAYGT,0.2240
D,DISPATCH,UNIT_SCADA,1,"2019/09/06 08:30:00",MACKNTSH,88.220010
D,DISPATCH,UNIT_SCADA,1,"2019/09/06 08:30:00",MANSLR1,34.8370
D,DISPATCH,UNIT_SCADA,1,"2019/09/06 08:30:00",MCKAY1,-0.0350
D,DISPATCH,UNIT_SCADA,1,"2019/09/06 08:30:00",MEADOWBK,34.210260
D,DISPATCH,UNIT_SCADA,1,"2019/09/06 08:30:00",MERCER01,19.5850
D,DISPATCH,UNIT_SCADA,1,"2019/09/06 08:30:00",MEWF1,36.784130
D,DISPATCH,UNIT_SCADA,1,"2019/09/06 08:30:00",MINTARO,0
D,DISPATCH,UNIT_SCADA,1,"2019/09/06 08:30:00",MOREESF1,52.8020
D,DISPATCH,UNIT_SCADA,1,"2019/09/06 08:30:00",MORTLK11,258
D,DISPATCH,UNIT_SCADA,1,"2019/09/06 08:30:00",MORTLK12,0
D,DISPATCH,UNIT_SCADA,1,"2019/09/06 08:30:00",MP1,225.275020
D,DISPATCH,UNIT_SCADA,1,"2019/09/06 08:30:00",MP2,0
D,DISPATCH,UNIT_SCADA,1,"2019/09/06 08:30:00",MPP_1,425
D,DISPATCH,UNIT_SCADA,1,"2019/09/06 08:30:00",MPP_2,434.50
D,DISPATCH,UNIT_SCADA,1,"2019/09/06 08:30:00",MSTUART1,0
D,DISPATCH,UNIT_SCADA,1,"2019/09/06 08:30:00",MSTUART2,0
D,DISPATCH,UNIT_SCADA,1,"2019/09/06 08:30:00",MSTUART3,0
D,DISPATCH,UNIT_SCADA,1,"2019/09/06 08:30:00",MTGELWF1,-0.325020
D,DISPATCH,UNIT_SCADA,1,"2019/09/06 08:30:00",MURRAY,0
D,DISPATCH,UNIT_SCADA,1,"2019/09/06 08:30:00",MUSSELR1,141.70
D,DISPATCH,UNIT_SCADA,1,"2019/09/06 08:30:00",MUWAWF1,72.24
D,DISPATCH,UNIT_SCADA,1,"2019/09/06 08:30:00",NBHWF1,118.80
D,DISPATCH,UNIT_SCADA,1,"2019/09/06 08:30:00",NPS,0
D,DISPATCH,UNIT_SCADA,1,"2019/09/06 08:30:00",NUMURSF1,9.30
D,DISPATCH,UNIT_SCADA,1,"2019/09/06 08:30:00",NYNGAN1,54
D,DISPATCH,UNIT_SCADA,1,"2019/09/06 08:30:00",OAKEY1,0
D,DISPATCH,UNIT_SCADA,1,"2019/09/06 08:30:00",OAKEY1SF,22.2420
D,DISPATCH,UNIT_SCADA,1,"2019/09/06 08:30:00",OAKEY2,0
D,DISPATCH,UNIT_SCADA,1,"2019/09/06 08:30:00",OAKEY2SF,0
D,DISPATCH,UNIT_SCADA,1,"2019/09/06 08:30:00",OAKLAND1,3.20
D,DISPATCH,UNIT_SCADA,1,"2019/09/06 08:30:00",OSB-AG,0
D,DISPATCH,UNIT_SCADA,1,"2019/09/06 08:30:00",PARSF1,24.30
D,DISPATCH,UNIT_SCADA,1,"2019/09/06 08:30:00",POAT110,0
D,DISPATCH,UNIT_SCADA,1,"2019/09/06 08:30:00",POAT220,2.54
D,DISPATCH,UNIT_SCADA,1,"2019/09/06 08:30:00",POR01,0
D,DISPATCH,UNIT_SCADA,1,"2019/09/06 08:30:00",POR03,0
D,DISPATCH,UNIT_SCADA,1,"2019/09/06 08:30:00",PPCCGT,193.685350
D,DISPATCH,UNIT_SCADA,1,"2019/09/06 08:30:00",PTSTAN1,0
D,DISPATCH,UNIT_SCADA,1,"2019/09/06 08:30:00",PUMP1,0
D,DISPATCH,UNIT_SCADA,1,"2019/09/06 08:30:00",PUMP2,0
D,DISPATCH,UNIT_SCADA,1,"2019/09/06 08:30:00",QPS1,29
D,DISPATCH,UNIT_SCADA,1,"2019/09/06 08:30:00",QPS2,0
D,DISPATCH,UNIT_SCADA,1,"2019/09/06 08:30:00",QPS3,0
D,DISPATCH,UNIT_SCADA,1,"2019/09/06 08:30:00",QPS4,0
D,DISPATCH,UNIT_SCADA,1,"2019/09/06 08:30:00",QPS5,0
D,DISPATCH,UNIT_SCADA,1,"2019/09/06 08:30:00",REECE1,102.190010
D,DISPATCH,UNIT_SCADA,1,"2019/09/06 08:30:00",REECE2,101.600010
D,DISPATCH,UNIT_SCADA,1,"2019/09/06 08:30:00",ROMA_7,0
D,DISPATCH,UNIT_SCADA,1,"2019/09/06 08:30:00",ROMA_8,0
D,DISPATCH,UNIT_SCADA,1,"2019/09/06 08:30:00",RRSF1,89.448270
D,DISPATCH,UNIT_SCADA,1,"2019/09/06 08:30:00",RT_NSW1,0
D,DISPATCH,UNIT_SCADA,1,"2019/09/06 08:30:00",RT_NSW2,0
D,DISPATCH,UNIT_SCADA,1,"2019/09/06 08:30:00",RT_NSW3,0
D,DISPATCH,UNIT_SCADA,1,"2019/09/06 08:30:00",RT_NSW4,0
D,DISPATCH,UNIT_SCADA,1,"2019/09/06 08:30:00",RT_NSW5,0
D,DISPATCH,UNIT_SCADA,1,"2019/09/06 08:30:00",RT_NSW6,0
D,DISPATCH,UNIT_SCADA,1,"2019/09/06 08:30:00",RT_QLD1,0
D,DISPATCH,UNIT_SCADA,1,"2019/09/06 08:30:00",RT_SA1,0
D,DISPATCH,UNIT_SCADA,1,"2019/09/06 08:30:00",RT_SA2,0
D,DISPATCH,UNIT_SCADA,1,"2019/09/06 08:30:00",RT_SA3,0
D,DISPATCH,UNIT_SCADA,1,"2019/09/06 08:30:00",RT_SA4,0
D,DISPATCH,UNIT_SCADA,1,"2019/09/06 08:30:00",RT_SA5,0
D,DISPATCH,UNIT_SCADA,1,"2019/09/06 08:30:00",RT_SA6,0
D,DISPATCH,UNIT_SCADA,1,"2019/09/06 08:30:00",RT_TAS1,0
D,DISPATCH,UNIT_SCADA,1,"2019/09/06 08:30:00",RT_VIC1,0
D,DISPATCH,UNIT_SCADA,1,"2019/09/06 08:30:00",RT_VIC10,0
D,DISPATCH,UNIT_SCADA,1,"2019/09/06 08:30:00",RT_VIC11,0
D,DISPATCH,UNIT_SCADA,1,"2019/09/06 08:30:00",RT_VIC12,0
D,DISPATCH,UNIT_SCADA,1,"2019/09/06 08:30:00",RT_VIC2,0
D,DISPATCH,UNIT_SCADA,1,"2019/09/06 08:30:00",RT_VIC3,0
D,DISPATCH,UNIT_SCADA,1,"2019/09/06 08:30:00",RT_VIC4,0
D,DISPATCH,UNIT_SCADA,1,"2019/09/06 08:30:00",RT_VIC5,0
D,DISPATCH,UNIT_SCADA,1,"2019/09/06 08:30:00",RT_VIC6,0
D,DISPATCH,UNIT_SCADA,1,"2019/09/06 08:30:00",RT_VIC7,0
D,DISPATCH,UNIT_SCADA,1,"2019/09/06 08:30:00",RT_VIC8,0
D,DISPATCH,UNIT_SCADA,1,"2019/09/06 08:30:00",RT_VIC9,0
D,DISPATCH,UNIT_SCADA,1,"2019/09/06 08:30:00",RUGBYR1,63.614970
D,DISPATCH,UNIT_SCADA,1,"2019/09/06 08:30:00",SALTCRK1,17.77
D,DISPATCH,UNIT_SCADA,1,"2019/09/06 08:30:00",SAPHWF1,67.528110
D,DISPATCH,UNIT_SCADA,1,"2019/09/06 08:30:00",SHGEN,0
D,DISPATCH,UNIT_SCADA,1,"2019/09/06 08:30:00",SHPUMP,0
D,DISPATCH,UNIT_SCADA,1,"2019/09/06 08:30:00",SITHE01,0.1840
D,DISPATCH,UNIT_SCADA,1,"2019/09/06 08:30:00",SMCSF1,49.322120
D,DISPATCH,UNIT_SCADA,1,"2019/09/06 08:30:00",SNOWNTH1,139
D,DISPATCH,UNIT_SCADA,1,"2019/09/06 08:30:00",SNOWSTH1,116
D,DISPATCH,UNIT_SCADA,1,"2019/09/06 08:30:00",SNOWTWN1,86.726860
D,DISPATCH,UNIT_SCADA,1,"2019/09/06 08:30:00",SNOWYP,0
D,DISPATCH,UNIT_SCADA,1,"2019/09/06 08:30:00",SNUG1,0.019440
D,DISPATCH,UNIT_SCADA,1,"2019/09/06 08:30:00",SRSF1,67.46
D,DISPATCH,UNIT_SCADA,1,"2019/09/06 08:30:00",STAN-1,262.8418
D,DISPATCH,UNIT_SCADA,1,"2019/09/06 08:30:00",STAN-2,304.192020
D,DISPATCH,UNIT_SCADA,1,"2019/09/06 08:30:00",STAN-3,305.063630
D,DISPATCH,UNIT_SCADA,1,"2019/09/06 08:30:00",STAN-4,301.3721
D,DISPATCH,UNIT_SCADA,1,"2019/09/06 08:30:00",STWF1,0
D,DISPATCH,UNIT_SCADA,1,"2019/09/06 08:30:00",SWAN_E,0
D,DISPATCH,UNIT_SCADA,1,"2019/09/06 08:30:00",TALWA1,405
D,DISPATCH,UNIT_SCADA,1,"2019/09/06 08:30:00",TARALGA1,12.412510
D,DISPATCH,UNIT_SCADA,1,"2019/09/06 08:30:00",TARONG#1,348.50
D,DISPATCH,UNIT_SCADA,1,"2019/09/06 08:30:00",TARONG#2,0
D,DISPATCH,UNIT_SCADA,1,"2019/09/06 08:30:00",TARONG#3,279.50
D,DISPATCH,UNIT_SCADA,1,"2019/09/06 08:30:00",TARONG#4,350.100010
D,DISPATCH,UNIT_SCADA,1,"2019/09/06 08:30:00",TARRALEA,74.10
D,DISPATCH,UNIT_SCADA,1,"2019/09/06 08:30:00",TBSF1,29.80
D,DISPATCH,UNIT_SCADA,1,"2019/09/06 08:30:00",TNPS1,399.700010
D,DISPATCH,UNIT_SCADA,1,"2019/09/06 08:30:00",TORRA1,39.971750
D,DISPATCH,UNIT_SCADA,1,"2019/09/06 08:30:00",TORRA2,0
D,DISPATCH,UNIT_SCADA,1,"2019/09/06 08:30:00",TORRA3,0
D,DISPATCH,UNIT_SCADA,1,"2019/09/06 08:30:00",TORRA4,42.909110
D,DISPATCH,UNIT_SCADA,1,"2019/09/06 08:30:00",TORRB1,101.46
D,DISPATCH,UNIT_SCADA,1,"2019/09/06 08:30:00",TORRB2,102.17
D,DISPATCH,UNIT_SCADA,1,"2019/09/06 08:30:00",TORRB3,102.82
D,DISPATCH,UNIT_SCADA,1,"2019/09/06 08:30:00",TORRB4,0
D,DISPATCH,UNIT_SCADA,1,"2019/09/06 08:30:00",TREVALLN,67.170010
D,DISPATCH,UNIT_SCADA,1,"2019/09/06 08:30:00",TRIBUTE,0
D,DISPATCH,UNIT_SCADA,1,"2019/09/06 08:30:00",TUMUT3,0
D,DISPATCH,UNIT_SCADA,1,"2019/09/06 08:30:00",TUNGATIN,98.660030
D,DISPATCH,UNIT_SCADA,1,"2019/09/06 08:30:00",TVCC201,0
D,DISPATCH,UNIT_SCADA,1,"2019/09/06 08:30:00",TVPP104,0
D,DISPATCH,UNIT_SCADA,1,"2019/09/06 08:30:00",UPPTUMUT,247.568420
D,DISPATCH,UNIT_SCADA,1,"2019/09/06 08:30:00",URANQ11,0
D,DISPATCH,UNIT_SCADA,1,"2019/09/06 08:30:00",URANQ12,0
D,DISPATCH,UNIT_SCADA,1,"2019/09/06 08:30:00",URANQ13,0
D,DISPATCH,UNIT_SCADA,1,"2019/09/06 08:30:00",URANQ14,0
D,DISPATCH,UNIT_SCADA,1,"2019/09/06 08:30:00",VP5,544.899960
D,DISPATCH,UNIT_SCADA,1,"2019/09/06 08:30:00",VP6,0
D,DISPATCH,UNIT_SCADA,1,"2019/09/06 08:30:00",VPGS1,0
D,DISPATCH,UNIT_SCADA,1,"2019/09/06 08:30:00",VPGS2,0
D,DISPATCH,UNIT_SCADA,1,"2019/09/06 08:30:00",VPGS3,0
D,DISPATCH,UNIT_SCADA,1,"2019/09/06 08:30:00",VPGS4,0
D,DISPATCH,UNIT_SCADA,1,"2019/09/06 08:30:00",VPGS5,0
D,DISPATCH,UNIT_SCADA,1,"2019/09/06 08:30:00",VPGS6,0
D,DISPATCH,UNIT_SCADA,1,"2019/09/06 08:30:00",W/HOE#1,0
D,DISPATCH,UNIT_SCADA,1,"2019/09/06 08:30:00",W/HOE#2,0
D,DISPATCH,UNIT_SCADA,1,"2019/09/06 08:30:00",WATERLWF,105.80
D,DISPATCH,UNIT_SCADA,1,"2019/09/06 08:30:00",WEMENSF1,77.80
D,DISPATCH,UNIT_SCADA,1,"2019/09/06 08:30:00",WGWF1,99.80
D,DISPATCH,UNIT_SCADA,1,"2019/09/06 08:30:00",WHITSF1,41.20
D,DISPATCH,UNIT_SCADA,1,"2019/09/06 08:30:00",WKIEWA1,33.20
D,DISPATCH,UNIT_SCADA,1,"2019/09/06 08:30:00",WKIEWA2,0.10
D,DISPATCH,UNIT_SCADA,1,"2019/09/06 08:30:00",WOODLWN1,11.9520
D,DISPATCH,UNIT_SCADA,1,"2019/09/06 08:30:00",WRSF1,10.93
D,DISPATCH,UNIT_SCADA,1,"2019/09/06 08:30:00",WRWF1,18.953750
D,DISPATCH,UNIT_SCADA,1,"2019/09/06 08:30:00",YABULU,0
D,DISPATCH,UNIT_SCADA,1,"2019/09/06 08:30:00",YABULU2,0
D,DISPATCH,UNIT_SCADA,1,"2019/09/06 08:30:00",YARWUN_1,164.399990
D,DISPATCH,UNIT_SCADA,1,"2019/09/06 08:30:00",YENDWF1,29.79
D,DISPATCH,UNIT_SCADA,1,"2019/09/06 08:30:00",YWPS1,384.210110
D,DISPATCH,UNIT_SCADA,1,"2019/09/06 08:30:00",YWPS2,285.210110
D,DISPATCH,UNIT_SCADA,1,"2019/09/06 08:30:00",YWPS3,332.0076
D,DISPATCH,UNIT_SCADA,1,"2019/09/06 08:30:00",YWPS4,397.496220
C,"END OF REPORT",335
