C,NEMP.WORLD,DISPATCHSCADA,AEMO,PUBLIC,2019/08/23,04:10:07,0000000311893000,DISPATCHSCADA,0000000311892994
I,DISPATCH,UNIT_SCADA,1,SETTLEMENTDATE,DUID,SCADAVALUE
D,DISPATCH,UNIT_SCADA,1,"2019/08/23 04:15:00",BARCSF1,0
D,DISPATCH,UNIT_SCADA,1,"2019/08/23 04:15:00",BUTLERSG,9.699999
D,DISPATCH,UNIT_SCADA,1,"2019/08/23 04:15:00",CALL_A_4,0
D,DISPATCH,UNIT_SCADA,1,"2019/08/23 04:15:00",CAPTL_WF,0
D,DISPATCH,UNIT_SCADA,1,"2019/08/23 04:15:00",CATHROCK,50.539997
D,DISPATCH,UNIT_SCADA,1,"2019/08/23 04:15:00",CHALLHWF,0
D,DISPATCH,UNIT_SCADA,1,"2019/08/23 04:15:00",CLOVER,-0.01
D,DISPATCH,UNIT_SCADA,1,"2019/08/23 04:15:00",CLUNY,20.335546
D,DISPATCH,UNIT_SCADA,1,"2019/08/23 04:15:00",CNUNDAWF,3.403971
D,DISPATCH,UNIT_SCADA,1,"2019/08/23 04:15:00",CULLRGWF,4.26
D,DISPATCH,UNIT_SCADA,1,"2019/08/23 04:15:00",ERGT01,0
D,DISPATCH,UNIT_SCADA,1,"2019/08/23 04:15:00",GB01,0.061951
D,DISPATCH,UNIT_SCADA,1,"2019/08/23 04:15:00",GERMCRK,38.50
D,DISPATCH,UNIT_SCADA,1,"2019/08/23 04:15:00",GRIFSF1,0
D,DISPATCH,UNIT_SCADA,1,"2019/08/23 04:15:00",HUGSF1,-0.2370
D,DISPATCH,UNIT_SCADA,1,"2019/08/23 04:15:00",LKBONNY1,5.805109
D,DISPATCH,UNIT_SCADA,1,"2019/08/23 04:15:00",LRSF1,-0.0130
D,DISPATCH,UNIT_SCADA,1,"2019/08/23 04:15:00",MBAHNTH,55.631256
D,DISPATCH,UNIT_SCADA,1,"2019/08/23 04:15:00",MLSP1,0.180001
D,DISPATCH,UNIT_SCADA,1,"2019/08/23 04:15:00",MLWF1,0.8250
D,DISPATCH,UNIT_SCADA,1,"2019/08/23 04:15:00",MTMILLAR,11.854009
D,DISPATCH,UNIT_SCADA,1,"2019/08/23 04:15:00",PALOONA,30.369999
D,DISPATCH,UNIT_SCADA,1,"2019/08/23 04:15:00",PIONEER,49
D,DISPATCH,UNIT_SCADA,1,"2019/08/23 04:15:00",PORTWF,24.10
D,DISPATCH,UNIT_SCADA,1,"2019/08/23 04:15:00",REPULSE,29.006180
D,DISPATCH,UNIT_SCADA,1,"2019/08/23 04:15:00",ROWALLAN,10.3660
D,DISPATCH,UNIT_SCADA,1,"2019/08/23 04:15:00",ROYALLA1,0
D,DISPATCH,UNIT_SCADA,1,"2019/08/23 04:15:00",RPCG,11.70
D,DISPATCH,UNIT_SCADA,1,"2019/08/23 04:15:00",RUBICON,0
D,DISPATCH,UNIT_SCADA,1,"2019/08/23 04:15:00",SATGN1,0
D,DISPATCH,UNIT_SCADA,1,"2019/08/23 04:15:00",SATGS1,0
D,DISPATCH,UNIT_SCADA,1,"2019/08/23 04:15:00",STARHLWF,3.498980
D,DISPATCH,UNIT_SCADA,1,"2019/08/23 04:15:00",WAUBRAWF,1.5040
D,DISPATCH,UNIT_SCADA,1,"2019/08/23 04:15:00",WOOLNTH1,26.250015
D,DISPATCH,UNIT_SCADA,1,"2019/08/23 04:15:00",WPWF,6
D,DISPATCH,UNIT_SCADA,1,"2019/08/23 04:15:00",YAMBUKWF,2.60
D,DISPATCH,UNIT_SCADA,1,"2019/08/23 04:15:00",YSWF1,0
D,DISPATCH,UNIT_SCADA,1,"2019/08/23 04:15:00",AGLHAL,0
D,DISPATCH,UNIT_SCADA,1,"2019/08/23 04:15:00",AGLSOM,0
D,DISPATCH,UNIT_SCADA,1,"2019/08/23 04:15:00",ANGAST1,0
D,DISPATCH,UNIT_SCADA,1,"2019/08/23 04:15:00",ARWF1,-0.50
D,DISPATCH,UNIT_SCADA,1,"2019/08/23 04:15:00",BALBG1,0
D,DISPATCH,UNIT_SCADA,1,"2019/08/23 04:15:00",BALBL1,6.83
D,DISPATCH,UNIT_SCADA,1,"2019/08/23 04:15:00",BALDHWF1,8.3250
D,DISPATCH,UNIT_SCADA,1,"2019/08/23 04:15:00",BANN1,0
D,DISPATCH,UNIT_SCADA,1,"2019/08/23 04:15:00",BARCALDN,0
D,DISPATCH,UNIT_SCADA,1,"2019/08/23 04:15:00",BARRON-1,0
D,DISPATCH,UNIT_SCADA,1,"2019/08/23 04:15:00",BARRON-2,0
D,DISPATCH,UNIT_SCADA,1,"2019/08/23 04:15:00",BASTYAN,77.990010
D,DISPATCH,UNIT_SCADA,1,"2019/08/23 04:15:00",BBTHREE1,-1.89
D,DISPATCH,UNIT_SCADA,1,"2019/08/23 04:15:00",BBTHREE2,-1.95
D,DISPATCH,UNIT_SCADA,1,"2019/08/23 04:15:00",BBTHREE3,0
D,DISPATCH,UNIT_SCADA,1,"2019/08/23 04:15:00",BDL01,0
D,DISPATCH,UNIT_SCADA,1,"2019/08/23 04:15:00",BDL02,0
D,DISPATCH,UNIT_SCADA,1,"2019/08/23 04:15:00",BERYLSF1,-0.179440
D,DISPATCH,UNIT_SCADA,1,"2019/08/23 04:15:00",BLOWERNG,0
D,DISPATCH,UNIT_SCADA,1,"2019/08/23 04:15:00",BLUFF1,5.90
D,DISPATCH,UNIT_SCADA,1,"2019/08/23 04:15:00",BNGSF1,0
D,DISPATCH,UNIT_SCADA,1,"2019/08/23 04:15:00",BNGSF2,0
D,DISPATCH,UNIT_SCADA,1,"2019/08/23 04:15:00",BOCORWF1,14.70
D,DISPATCH,UNIT_SCADA,1,"2019/08/23 04:15:00",BODWF1,71.2157
D,DISPATCH,UNIT_SCADA,1,"2019/08/23 04:15:00",BRAEMAR1,0
D,DISPATCH,UNIT_SCADA,1,"2019/08/23 04:15:00",BRAEMAR2,0
D,DISPATCH,UNIT_SCADA,1,"2019/08/23 04:15:00",BRAEMAR3,0
D,DISPATCH,UNIT_SCADA,1,"2019/08/23 04:15:00",BRAEMAR5,0
D,DISPATCH,UNIT_SCADA,1,"2019/08/23 04:15:00",BRAEMAR6,0
D,DISPATCH,UNIT_SCADA,1,"2019/08/23 04:15:00",BRAEMAR7,0
D,DISPATCH,UNIT_SCADA,1,"2019/08/23 04:15:00",BROKENH1,0
D,DISPATCH,UNIT_SCADA,1,"2019/08/23 04:15:00",BW01,584.599980
D,DISPATCH,UNIT_SCADA,1,"2019/08/23 04:15:00",BW02,613.924930
D,DISPATCH,UNIT_SCADA,1,"2019/08/23 04:15:00",BW03,624.724980
D,DISPATCH,UNIT_SCADA,1,"2019/08/23 04:15:00",BW04,0
D,DISPATCH,UNIT_SCADA,1,"2019/08/23 04:15:00",CALL_B_1,340.800020
D,DISPATCH,UNIT_SCADA,1,"2019/08/23 04:15:00",CALL_B_2,347.899990
D,DISPATCH,UNIT_SCADA,1,"2019/08/23 04:15:00",CETHANA,98.1845
D,DISPATCH,UNIT_SCADA,1,"2019/08/23 04:15:00",CG1,0
D,DISPATCH,UNIT_SCADA,1,"2019/08/23 04:15:00",CG2,0
D,DISPATCH,UNIT_SCADA,1,"2019/08/23 04:15:00",CG3,0
D,DISPATCH,UNIT_SCADA,1,"2019/08/23 04:15:00",CG4,0
D,DISPATCH,UNIT_SCADA,1,"2019/08/23 04:15:00",CHILDSF1,0
D,DISPATCH,UNIT_SCADA,1,"2019/08/23 04:15:00",CLARESF1,0
D,DISPATCH,UNIT_SCADA,1,"2019/08/23 04:15:00",CLEMGPWF,28.165690
D,DISPATCH,UNIT_SCADA,1,"2019/08/23 04:15:00",CLERMSF1,0
D,DISPATCH,UNIT_SCADA,1,"2019/08/23 04:15:00",COLEASF1,0
D,DISPATCH,UNIT_SCADA,1,"2019/08/23 04:15:00",COOPGWF1,5.328250
D,DISPATCH,UNIT_SCADA,1,"2019/08/23 04:15:00",CPP_3,405.6250
D,DISPATCH,UNIT_SCADA,1,"2019/08/23 04:15:00",CPP_4,407.274990
D,DISPATCH,UNIT_SCADA,1,"2019/08/23 04:15:00",CPSA,142.526250
D,DISPATCH,UNIT_SCADA,1,"2019/08/23 04:15:00",CROOKWF2,4.583750
D,DISPATCH,UNIT_SCADA,1,"2019/08/23 04:15:00",CROWLWF1,2.548860
D,DISPATCH,UNIT_SCADA,1,"2019/08/23 04:15:00",CSPVPS1,0
D,DISPATCH,UNIT_SCADA,1,"2019/08/23 04:15:00",DALNTH01,0
D,DISPATCH,UNIT_SCADA,1,"2019/08/23 04:15:00",DALNTHL1,0.068670
D,DISPATCH,UNIT_SCADA,1,"2019/08/23 04:15:00",DARTM1,0
D,DISPATCH,UNIT_SCADA,1,"2019/08/23 04:15:00",DAYDSF1,0
D,DISPATCH,UNIT_SCADA,1,"2019/08/23 04:15:00",DDPS1,257.679690
D,DISPATCH,UNIT_SCADA,1,"2019/08/23 04:15:00",DDSF1,0
D,DISPATCH,UNIT_SCADA,1,"2019/08/23 04:15:00",DEVILS_G,0
D,DISPATCH,UNIT_SCADA,1,"2019/08/23 04:15:00",DG_NSW1,0
D,DISPATCH,UNIT_SCADA,1,"2019/08/23 04:15:00",DG_QLD1,0
D,DISPATCH,UNIT_SCADA,1,"2019/08/23 04:15:00",DG_SA1,0
D,DISPATCH,UNIT_SCADA,1,"2019/08/23 04:15:00",DG_TAS1,0
D,DISPATCH,UNIT_SCADA,1,"2019/08/23 04:15:00",DG_VIC1,0
D,DISPATCH,UNIT_SCADA,1,"2019/08/23 04:15:00",DRYCGT1,0
D,DISPATCH,UNIT_SCADA,1,"2019/08/23 04:15:00",DRYCGT2,0
D,DISPATCH,UNIT_SCADA,1,"2019/08/23 04:15:00",DRYCGT3,0
D,DISPATCH,UNIT_SCADA,1,"2019/08/23 04:15:00",EILDON1,0
D,DISPATCH,UNIT_SCADA,1,"2019/08/23 04:15:00",EILDON2,0
D,DISPATCH,UNIT_SCADA,1,"2019/08/23 04:15:00",EMERASF1,0
D,DISPATCH,UNIT_SCADA,1,"2019/08/23 04:15:00",ER01,489.599980
D,DISPATCH,UNIT_SCADA,1,"2019/08/23 04:15:00",ER02,351.275020
D,DISPATCH,UNIT_SCADA,1,"2019/08/23 04:15:00",ER03,380.099980
D,DISPATCH,UNIT_SCADA,1,"2019/08/23 04:15:00",ER04,490.150020
D,DISPATCH,UNIT_SCADA,1,"2019/08/23 04:15:00",FINLYSF1,0
D,DISPATCH,UNIT_SCADA,1,"2019/08/23 04:15:00",FISHER,45.96
D,DISPATCH,UNIT_SCADA,1,"2019/08/23 04:15:00",GANNBG1,0
D,DISPATCH,UNIT_SCADA,1,"2019/08/23 04:15:00",GANNBL1,7.694180
D,DISPATCH,UNIT_SCADA,1,"2019/08/23 04:15:00",GANNSF1,0
D,DISPATCH,UNIT_SCADA,1,"2019/08/23 04:15:00",GORDON,102.983440
D,DISPATCH,UNIT_SCADA,1,"2019/08/23 04:15:00",GSTONE1,168.1750
D,DISPATCH,UNIT_SCADA,1,"2019/08/23 04:15:00",GSTONE2,161.70
D,DISPATCH,UNIT_SCADA,1,"2019/08/23 04:15:00",GSTONE3,207.20
D,DISPATCH,UNIT_SCADA,1,"2019/08/23 04:15:00",GSTONE4,186.55
D,DISPATCH,UNIT_SCADA,1,"2019/08/23 04:15:00",GSTONE5,206.50
D,DISPATCH,UNIT_SCADA,1,"2019/08/23 04:15:00",GSTONE6,0
D,DISPATCH,UNIT_SCADA,1,"2019/08/23 04:15:00",GULLRSF1,0
D,DISPATCH,UNIT_SCADA,1,"2019/08/23 04:15:00",GULLRWF1,8.7652
D,DISPATCH,UNIT_SCADA,1,"2019/08/23 04:15:00",GUNNING1,7.224080
D,DISPATCH,UNIT_SCADA,1,"2019/08/23 04:15:00",GUTHEGA,0
D,DISPATCH,UNIT_SCADA,1,"2019/08/23 04:15:00",HALLWF1,27.11
D,DISPATCH,UNIT_SCADA,1,"2019/08/23 04:15:00",HALLWF2,10.54
D,DISPATCH,UNIT_SCADA,1,"2019/08/23 04:15:00",HAMISF1,0
D,DISPATCH,UNIT_SCADA,1,"2019/08/23 04:15:00",HAUGHT11,0
D,DISPATCH,UNIT_SCADA,1,"2019/08/23 04:15:00",HAYMSF1,0
D,DISPATCH,UNIT_SCADA,1,"2019/08/23 04:15:00",HDWF1,45.20
D,DISPATCH,UNIT_SCADA,1,"2019/08/23 04:15:00",HDWF2,51.30
D,DISPATCH,UNIT_SCADA,1,"2019/08/23 04:15:00",HDWF3,49.20
D,DISPATCH,UNIT_SCADA,1,"2019/08/23 04:15:00",HPRG1,0
D,DISPATCH,UNIT_SCADA,1,"2019/08/23 04:15:00",HPRL1,26.60
D,DISPATCH,UNIT_SCADA,1,"2019/08/23 04:15:00",HUMENSW,0
D,DISPATCH,UNIT_SCADA,1,"2019/08/23 04:15:00",HUMEV,9.10
D,DISPATCH,UNIT_SCADA,1,"2019/08/23 04:15:00",HVGTS,0
D,DISPATCH,UNIT_SCADA,1,"2019/08/23 04:15:00",JBUTTERS,141.989990
D,DISPATCH,UNIT_SCADA,1,"2019/08/23 04:15:00",JLA01,0.10
D,DISPATCH,UNIT_SCADA,1,"2019/08/23 04:15:00",JLA02,0
D,DISPATCH,UNIT_SCADA,1,"2019/08/23 04:15:00",JLA03,0.10
D,DISPATCH,UNIT_SCADA,1,"2019/08/23 04:15:00",JLA04,0.10
D,DISPATCH,UNIT_SCADA,1,"2019/08/23 04:15:00",JLB01,0
D,DISPATCH,UNIT_SCADA,1,"2019/08/23 04:15:00",JLB02,0.10
D,DISPATCH,UNIT_SCADA,1,"2019/08/23 04:15:00",JLB03,0
D,DISPATCH,UNIT_SCADA,1,"2019/08/23 04:15:00",KAREEYA1,21.58
D,DISPATCH,UNIT_SCADA,1,"2019/08/23 04:15:00",KAREEYA2,21.7625
D,DISPATCH,UNIT_SCADA,1,"2019/08/23 04:15:00",KAREEYA3,0
D,DISPATCH,UNIT_SCADA,1,"2019/08/23 04:15:00",KAREEYA4,21.7725
D,DISPATCH,UNIT_SCADA,1,"2019/08/23 04:15:00",KARSF1,0
D,DISPATCH,UNIT_SCADA,1,"2019/08/23 04:15:00",KIATAWF1,-0.20
D,DISPATCH,UNIT_SCADA,1,"2019/08/23 04:15:00",KPP_1,0
D,DISPATCH,UNIT_SCADA,1,"2019/08/23 04:15:00",KSP1,0
D,DISPATCH,UNIT_SCADA,1,"2019/08/23 04:15:00",LADBROK1,0
D,DISPATCH,UNIT_SCADA,1,"2019/08/23 04:15:00",LADBROK2,0
D,DISPATCH,UNIT_SCADA,1,"2019/08/23 04:15:00",LD01,355.443790
D,DISPATCH,UNIT_SCADA,1,"2019/08/23 04:15:00",LD02,303.506290
D,DISPATCH,UNIT_SCADA,1,"2019/08/23 04:15:00",LD03,356.25
D,DISPATCH,UNIT_SCADA,1,"2019/08/23 04:15:00",LD04,354.112520
D,DISPATCH,UNIT_SCADA,1,"2019/08/23 04:15:00",LEM_WIL,86.0945
D,DISPATCH,UNIT_SCADA,1,"2019/08/23 04:15:00",LGAPWF1,3.07
D,DISPATCH,UNIT_SCADA,1,"2019/08/23 04:15:00",LILYSF1,0
D,DISPATCH,UNIT_SCADA,1,"2019/08/23 04:15:00",LI_WY_CA,149.925950
D,DISPATCH,UNIT_SCADA,1,"2019/08/23 04:15:00",LKBONNY2,6.313050
D,DISPATCH,UNIT_SCADA,1,"2019/08/23 04:15:00",LKBONNY3,1.507190
D,DISPATCH,UNIT_SCADA,1,"2019/08/23 04:15:00",LK_ECHO,0
D,DISPATCH,UNIT_SCADA,1,"2019/08/23 04:15:00",LNGS1,0
D,DISPATCH,UNIT_SCADA,1,"2019/08/23 04:15:00",LNGS2,0
D,DISPATCH,UNIT_SCADA,1,"2019/08/23 04:15:00",LONSDALE,0
D,DISPATCH,UNIT_SCADA,1,"2019/08/23 04:15:00",LOYYB1,536.088620
D,DISPATCH,UNIT_SCADA,1,"2019/08/23 04:15:00",LOYYB2,582.330380
D,DISPATCH,UNIT_SCADA,1,"2019/08/23 04:15:00",LYA1,561
D,DISPATCH,UNIT_SCADA,1,"2019/08/23 04:15:00",LYA2,0
D,DISPATCH,UNIT_SCADA,1,"2019/08/23 04:15:00",LYA3,559
D,DISPATCH,UNIT_SCADA,1,"2019/08/23 04:15:00",LYA4,499
D,DISPATCH,UNIT_SCADA,1,"2019/08/23 04:15:00",MACARTH1,24.299440
D,DISPATCH,UNIT_SCADA,1,"2019/08/23 04:15:00",MACKAYGT,0
D,DISPATCH,UNIT_SCADA,1,"2019/08/23 04:15:00",MACKNTSH,87.48
D,DISPATCH,UNIT_SCADA,1,"2019/08/23 04:15:00",MANSLR1,0
D,DISPATCH,UNIT_SCADA,1,"2019/08/23 04:15:00",MCKAY1,0.02
D,DISPATCH,UNIT_SCADA,1,"2019/08/23 04:15:00",MEADOWBK,33.7244
D,DISPATCH,UNIT_SCADA,1,"2019/08/23 04:15:00",MERCER01,-0.0870
D,DISPATCH,UNIT_SCADA,1,"2019/08/23 04:15:00",MEWF1,65.6814
D,DISPATCH,UNIT_SCADA,1,"2019/08/23 04:15:00",MINTARO,0
D,DISPATCH,UNIT_SCADA,1,"2019/08/23 04:15:00",MOREESF1,0
D,DISPATCH,UNIT_SCADA,1,"2019/08/23 04:15:00",MORTLK11,198
D,DISPATCH,UNIT_SCADA,1,"2019/08/23 04:15:00",MORTLK12,0
D,DISPATCH,UNIT_SCADA,1,"2019/08/23 04:15:00",MP1,283.50
D,DISPATCH,UNIT_SCADA,1,"2019/08/23 04:15:00",MP2,0
D,DISPATCH,UNIT_SCADA,1,"2019/08/23 04:15:00",MPP_1,374.50
D,DISPATCH,UNIT_SCADA,1,"2019/08/23 04:15:00",MPP_2,425
D,DISPATCH,UNIT_SCADA,1,"2019/08/23 04:15:00",MSTUART1,0
D,DISPATCH,UNIT_SCADA,1,"2019/08/23 04:15:00",MSTUART2,0
D,DISPATCH,UNIT_SCADA,1,"2019/08/23 04:15:00",MSTUART3,0
D,DISPATCH,UNIT_SCADA,1,"2019/08/23 04:15:00",MTGELWF1,4.094060
D,DISPATCH,UNIT_SCADA,1,"2019/08/23 04:15:00",MURRAY,0
D,DISPATCH,UNIT_SCADA,1,"2019/08/23 04:15:00",MUSSELR1,10.50
D,DISPATCH,UNIT_SCADA,1,"2019/08/23 04:15:00",MUWAWF1,-0.08
D,DISPATCH,UNIT_SCADA,1,"2019/08/23 04:15:00",NBHWF1,27.80
D,DISPATCH,UNIT_SCADA,1,"2019/08/23 04:15:00",NPS,204
D,DISPATCH,UNIT_SCADA,1,"2019/08/23 04:15:00",NUMURSF1,0
D,DISPATCH,UNIT_SCADA,1,"2019/08/23 04:15:00",NYNGAN1,0
D,DISPATCH,UNIT_SCADA,1,"2019/08/23 04:15:00",OAKEY1,0
D,DISPATCH,UNIT_SCADA,1,"2019/08/23 04:15:00",OAKEY1SF,0
D,DISPATCH,UNIT_SCADA,1,"2019/08/23 04:15:00",OAKEY2,0
D,DISPATCH,UNIT_SCADA,1,"2019/08/23 04:15:00",OAKLAND1,-0.40
D,DISPATCH,UNIT_SCADA,1,"2019/08/23 04:15:00",OSB-AG,142.86
D,DISPATCH,UNIT_SCADA,1,"2019/08/23 04:15:00",PARSF1,0
D,DISPATCH,UNIT_SCADA,1,"2019/08/23 04:15:00",POAT110,0
D,DISPATCH,UNIT_SCADA,1,"2019/08/23 04:15:00",POAT220,2.07
D,DISPATCH,UNIT_SCADA,1,"2019/08/23 04:15:00",POR01,0
D,DISPATCH,UNIT_SCADA,1,"2019/08/23 04:15:00",POR03,0
D,DISPATCH,UNIT_SCADA,1,"2019/08/23 04:15:00",PPCCGT,497.024660
D,DISPATCH,UNIT_SCADA,1,"2019/08/23 04:15:00",PTSTAN1,0
D,DISPATCH,UNIT_SCADA,1,"2019/08/23 04:15:00",PUMP1,0
D,DISPATCH,UNIT_SCADA,1,"2019/08/23 04:15:00",PUMP2,0
D,DISPATCH,UNIT_SCADA,1,"2019/08/23 04:15:00",QPS1,0
D,DISPATCH,UNIT_SCADA,1,"2019/08/23 04:15:00",QPS2,0
D,DISPATCH,UNIT_SCADA,1,"2019/08/23 04:15:00",QPS3,0
D,DISPATCH,UNIT_SCADA,1,"2019/08/23 04:15:00",QPS4,0
D,DISPATCH,UNIT_SCADA,1,"2019/08/23 04:15:00",QPS5,0
D,DISPATCH,UNIT_SCADA,1,"2019/08/23 04:15:00",REECE1,119.720010
D,DISPATCH,UNIT_SCADA,1,"2019/08/23 04:15:00",REECE2,118.910010
D,DISPATCH,UNIT_SCADA,1,"2019/08/23 04:15:00",ROMA_7,0
D,DISPATCH,UNIT_SCADA,1,"2019/08/23 04:15:00",ROMA_8,0
D,DISPATCH,UNIT_SCADA,1,"2019/08/23 04:15:00",RRSF1,0
D,DISPATCH,UNIT_SCADA,1,"2019/08/23 04:15:00",RT_NSW1,0
D,DISPATCH,UNIT_SCADA,1,"2019/08/23 04:15:00",RT_NSW2,0
D,DISPATCH,UNIT_SCADA,1,"2019/08/23 04:15:00",RT_NSW3,0
D,DISPATCH,UNIT_SCADA,1,"2019/08/23 04:15:00",RT_NSW4,0
D,DISPATCH,UNIT_SCADA,1,"2019/08/23 04:15:00",RT_NSW5,0
D,DISPATCH,UNIT_SCADA,1,"2019/08/23 04:15:00",RT_NSW6,0
D,DISPATCH,UNIT_SCADA,1,"2019/08/23 04:15:00",RT_QLD1,0
D,DISPATCH,UNIT_SCADA,1,"2019/08/23 04:15:00",RT_SA1,0
D,DISPATCH,UNIT_SCADA,1,"2019/08/23 04:15:00",RT_SA2,0
D,DISPATCH,UNIT_SCADA,1,"2019/08/23 04:15:00",RT_SA3,0
D,DISPATCH,UNIT_SCADA,1,"2019/08/23 04:15:00",RT_SA4,0
D,DISPATCH,UNIT_SCADA,1,"2019/08/23 04:15:00",RT_SA5,0
D,DISPATCH,UNIT_SCADA,1,"2019/08/23 04:15:00",RT_SA6,0
D,DISPATCH,UNIT_SCADA,1,"2019/08/23 04:15:00",RT_TAS1,0
D,DISPATCH,UNIT_SCADA,1,"2019/08/23 04:15:00",RT_VIC1,0
D,DISPATCH,UNIT_SCADA,1,"2019/08/23 04:15:00",RT_VIC10,0
D,DISPATCH,UNIT_SCADA,1,"2019/08/23 04:15:00",RT_VIC11,0
D,DISPATCH,UNIT_SCADA,1,"2019/08/23 04:15:00",RT_VIC12,0
D,DISPATCH,UNIT_SCADA,1,"2019/08/23 04:15:00",RT_VIC2,0
D,DISPATCH,UNIT_SCADA,1,"2019/08/23 04:15:00",RT_VIC3,0
D,DISPATCH,UNIT_SCADA,1,"2019/08/23 04:15:00",RT_VIC4,0
D,DISPATCH,UNIT_SCADA,1,"2019/08/23 04:15:00",RT_VIC5,0
D,DISPATCH,UNIT_SCADA,1,"2019/08/23 04:15:00",RT_VIC6,0
D,DISPATCH,UNIT_SCADA,1,"2019/08/23 04:15:00",RT_VIC7,0
D,DISPATCH,UNIT_SCADA,1,"2019/08/23 04:15:00",RT_VIC8,0
D,DISPATCH,UNIT_SCADA,1,"2019/08/23 04:15:00",RT_VIC9,0
D,DISPATCH,UNIT_SCADA,1,"2019/08/23 04:15:00",RUGBYR1,0
D,DISPATCH,UNIT_SCADA,1,"2019/08/23 04:15:00",SALTCRK1,2.06
D,DISPATCH,UNIT_SCADA,1,"2019/08/23 04:15:00",SAPHWF1,72.065610
D,DISPATCH,UNIT_SCADA,1,"2019/08/23 04:15:00",SHGEN,0
D,DISPATCH,UNIT_SCADA,1,"2019/08/23 04:15:00",SHPUMP,0
D,DISPATCH,UNIT_SCADA,1,"2019/08/23 04:15:00",SITHE01,0.214140
D,DISPATCH,UNIT_SCADA,1,"2019/08/23 04:15:00",SMCSF1,0
D,DISPATCH,UNIT_SCADA,1,"2019/08/23 04:15:00",SNOWNTH1,12.60
D,DISPATCH,UNIT_SCADA,1,"2019/08/23 04:15:00",SNOWSTH1,33.40
D,DISPATCH,UNIT_SCADA,1,"2019/08/23 04:15:00",SNOWTWN1,16.059120
D,DISPATCH,UNIT_SCADA,1,"2019/08/23 04:15:00",SNOWYP,0
D,DISPATCH,UNIT_SCADA,1,"2019/08/23 04:15:00",SNUG1,0.019440
D,DISPATCH,UNIT_SCADA,1,"2019/08/23 04:15:00",SRSF1,0
D,DISPATCH,UNIT_SCADA,1,"2019/08/23 04:15:00",STAN-1,0
D,DISPATCH,UNIT_SCADA,1,"2019/08/23 04:15:00",STAN-2,220.3508
D,DISPATCH,UNIT_SCADA,1,"2019/08/23 04:15:00",STAN-3,221.427490
D,DISPATCH,UNIT_SCADA,1,"2019/08/23 04:15:00",STAN-4,222.094020
D,DISPATCH,UNIT_SCADA,1,"2019/08/23 04:15:00",STWF1,182.745010
D,DISPATCH,UNIT_SCADA,1,"2019/08/23 04:15:00",SWAN_E,0
D,DISPATCH,UNIT_SCADA,1,"2019/08/23 04:15:00",TALWA1,420
D,DISPATCH,UNIT_SCADA,1,"2019/08/23 04:15:00",TARALGA1,4.661250
D,DISPATCH,UNIT_SCADA,1,"2019/08/23 04:15:00",TARONG#1,237.30
D,DISPATCH,UNIT_SCADA,1,"2019/08/23 04:15:00",TARONG#2,237.20
D,DISPATCH,UNIT_SCADA,1,"2019/08/23 04:15:00",TARONG#3,181.400010
D,DISPATCH,UNIT_SCADA,1,"2019/08/23 04:15:00",TARONG#4,224.900010
D,DISPATCH,UNIT_SCADA,1,"2019/08/23 04:15:00",TARRALEA,83.80
D,DISPATCH,UNIT_SCADA,1,"2019/08/23 04:15:00",TBSF1,-0.20
D,DISPATCH,UNIT_SCADA,1,"2019/08/23 04:15:00",TNPS1,398.800020
D,DISPATCH,UNIT_SCADA,1,"2019/08/23 04:15:00",TORRA1,51.178780
D,DISPATCH,UNIT_SCADA,1,"2019/08/23 04:15:00",TORRA2,0
D,DISPATCH,UNIT_SCADA,1,"2019/08/23 04:15:00",TORRA3,0
D,DISPATCH,UNIT_SCADA,1,"2019/08/23 04:15:00",TORRA4,0
D,DISPATCH,UNIT_SCADA,1,"2019/08/23 04:15:00",TORRB1,0
D,DISPATCH,UNIT_SCADA,1,"2019/08/23 04:15:00",TORRB2,65.54
D,DISPATCH,UNIT_SCADA,1,"2019/08/23 04:15:00",TORRB3,0
D,DISPATCH,UNIT_SCADA,1,"2019/08/23 04:15:00",TORRB4,0
D,DISPATCH,UNIT_SCADA,1,"2019/08/23 04:15:00",TREVALLN,44.180020
D,DISPATCH,UNIT_SCADA,1,"2019/08/23 04:15:00",TRIBUTE,84.60
D,DISPATCH,UNIT_SCADA,1,"2019/08/23 04:15:00",TUMUT3,0
D,DISPATCH,UNIT_SCADA,1,"2019/08/23 04:15:00",TUNGATIN,140.000030
D,DISPATCH,UNIT_SCADA,1,"2019/08/23 04:15:00",TVCC201,0
D,DISPATCH,UNIT_SCADA,1,"2019/08/23 04:15:00",TVPP104,0
D,DISPATCH,UNIT_SCADA,1,"2019/08/23 04:15:00",UPPTUMUT,0
D,DISPATCH,UNIT_SCADA,1,"2019/08/23 04:15:00",URANQ11,0
D,DISPATCH,UNIT_SCADA,1,"2019/08/23 04:15:00",URANQ12,0
D,DISPATCH,UNIT_SCADA,1,"2019/08/23 04:15:00",URANQ13,0
D,DISPATCH,UNIT_SCADA,1,"2019/08/23 04:15:00",URANQ14,0
D,DISPATCH,UNIT_SCADA,1,"2019/08/23 04:15:00",VP5,455.499970
D,DISPATCH,UNIT_SCADA,1,"2019/08/23 04:15:00",VP6,417.425020
D,DISPATCH,UNIT_SCADA,1,"2019/08/23 04:15:00",VPGS1,0
D,DISPATCH,UNIT_SCADA,1,"2019/08/23 04:15:00",VPGS2,0
D,DISPATCH,UNIT_SCADA,1,"2019/08/23 04:15:00",VPGS3,0
D,DISPATCH,UNIT_SCADA,1,"2019/08/23 04:15:00",VPGS4,0
D,DISPATCH,UNIT_SCADA,1,"2019/08/23 04:15:00",VPGS5,0
D,DISPATCH,UNIT_SCADA,1,"2019/08/23 04:15:00",VPGS6,0
D,DISPATCH,UNIT_SCADA,1,"2019/08/23 04:15:00",W/HOE#1,0
D,DISPATCH,UNIT_SCADA,1,"2019/08/23 04:15:00",W/HOE#2,0
D,DISPATCH,UNIT_SCADA,1,"2019/08/23 04:15:00",WATERLWF,17.50
D,DISPATCH,UNIT_SCADA,1,"2019/08/23 04:15:00",WEMENSF1,0
D,DISPATCH,UNIT_SCADA,1,"2019/08/23 04:15:00",WGWF1,26.20
D,DISPATCH,UNIT_SCADA,1,"2019/08/23 04:15:00",WHITSF1,0
D,DISPATCH,UNIT_SCADA,1,"2019/08/23 04:15:00",WKIEWA1,32.50
D,DISPATCH,UNIT_SCADA,1,"2019/08/23 04:15:00",WKIEWA2,16.30
D,DISPATCH,UNIT_SCADA,1,"2019/08/23 04:15:00",WOODLWN1,0
D,DISPATCH,UNIT_SCADA,1,"2019/08/23 04:15:00",WRSF1,0
D,DISPATCH,UNIT_SCADA,1,"2019/08/23 04:15:00",WRWF1,26.523760
D,DISPATCH,UNIT_SCADA,1,"2019/08/23 04:15:00",YABULU,0
D,DISPATCH,UNIT_SCADA,1,"2019/08/23 04:15:00",YABULU2,0
D,DISPATCH,UNIT_SCADA,1,"2019/08/23 04:15:00",YARWUN_1,0
D,DISPATCH,UNIT_SCADA,1,"2019/08/23 04:15:00",YENDWF1,-1.30
D,DISPATCH,UNIT_SCADA,1,"2019/08/23 04:15:00",YWPS1,360.901280
D,DISPATCH,UNIT_SCADA,1,"2019/08/23 04:15:00",YWPS2,283.956970
D,DISPATCH,UNIT_SCADA,1,"2019/08/23 04:15:00",YWPS3,0
D,DISPATCH,UNIT_SCADA,1,"2019/08/23 04:15:00",YWPS4,0
C,"END OF REPORT",334
