C,NEMP.WORLD,DISPATCHSCADA,AEMO,PUBLIC,2019/08/19,19:20:08,0000000311757707,DISPATCHSCADA,0000000311757701
I,DISPATCH,UNIT_SCADA,1,SETTLEMENTDATE,DUID,SCADAVALUE
D,DISPATCH,UNIT_SCADA,1,"2019/08/19 19:25:00",BARCSF1,1.10
D,DISPATCH,UNIT_SCADA,1,"2019/08/19 19:25:00",BUTLERSG,9.699999
D,DISPATCH,UNIT_SCADA,1,"2019/08/19 19:25:00",CALL_A_4,0
D,DISPATCH,UNIT_SCADA,1,"2019/08/19 19:25:00",CAPTL_WF,124.384003
D,DISPATCH,UNIT_SCADA,1,"2019/08/19 19:25:00",CATHROCK,33.969997
D,DISPATCH,UNIT_SCADA,1,"2019/08/19 19:25:00",CHALLHWF,16.90
D,DISPATCH,UNIT_SCADA,1,"2019/08/19 19:25:00",CLOVER,-0.01
D,DISPATCH,UNIT_SCADA,1,"2019/08/19 19:25:00",CLUNY,12.272373
D,DISPATCH,UNIT_SCADA,1,"2019/08/19 19:25:00",CNUNDAWF,32.938423
D,DISPATCH,UNIT_SCADA,1,"2019/08/19 19:25:00",CULLRGWF,28.450001
D,DISPATCH,UNIT_SCADA,1,"2019/08/19 19:25:00",ERGT01,0
D,DISPATCH,UNIT_SCADA,1,"2019/08/19 19:25:00",GB01,0.065773
D,DISPATCH,UNIT_SCADA,1,"2019/08/19 19:25:00",GERMCRK,36.700001
D,DISPATCH,UNIT_SCADA,1,"2019/08/19 19:25:00",GRIFSF1,0
D,DISPATCH,UNIT_SCADA,1,"2019/08/19 19:25:00",HUGSF1,-0.1880
D,DISPATCH,UNIT_SCADA,1,"2019/08/19 19:25:00",LKBONNY1,48.673603
D,DISPATCH,UNIT_SCADA,1,"2019/08/19 19:25:00",LRSF1,0.0240
D,DISPATCH,UNIT_SCADA,1,"2019/08/19 19:25:00",MBAHNTH,56.718750
D,DISPATCH,UNIT_SCADA,1,"2019/08/19 19:25:00",MLSP1,0.304001
D,DISPATCH,UNIT_SCADA,1,"2019/08/19 19:25:00",MLWF1,10.6950
D,DISPATCH,UNIT_SCADA,1,"2019/08/19 19:25:00",MTMILLAR,5.134505
D,DISPATCH,UNIT_SCADA,1,"2019/08/19 19:25:00",PALOONA,12.99
D,DISPATCH,UNIT_SCADA,1,"2019/08/19 19:25:00",PIONEER,42
D,DISPATCH,UNIT_SCADA,1,"2019/08/19 19:25:00",PORTWF,131.600006
D,DISPATCH,UNIT_SCADA,1,"2019/08/19 19:25:00",REPULSE,29.190510
D,DISPATCH,UNIT_SCADA,1,"2019/08/19 19:25:00",ROWALLAN,9.7838
D,DISPATCH,UNIT_SCADA,1,"2019/08/19 19:25:00",ROYALLA1,0
D,DISPATCH,UNIT_SCADA,1,"2019/08/19 19:25:00",RPCG,-2.10
D,DISPATCH,UNIT_SCADA,1,"2019/08/19 19:25:00",RUBICON,0
D,DISPATCH,UNIT_SCADA,1,"2019/08/19 19:25:00",SATGN1,0
D,DISPATCH,UNIT_SCADA,1,"2019/08/19 19:25:00",SATGS1,0
D,DISPATCH,UNIT_SCADA,1,"2019/08/19 19:25:00",STARHLWF,10.696880
D,DISPATCH,UNIT_SCADA,1,"2019/08/19 19:25:00",WAUBRAWF,83.522003
D,DISPATCH,UNIT_SCADA,1,"2019/08/19 19:25:00",WOOLNTH1,119.010010
D,DISPATCH,UNIT_SCADA,1,"2019/08/19 19:25:00",WPWF,19
D,DISPATCH,UNIT_SCADA,1,"2019/08/19 19:25:00",YAMBUKWF,27.700001
D,DISPATCH,UNIT_SCADA,1,"2019/08/19 19:25:00",YSWF1,28.10
D,DISPATCH,UNIT_SCADA,1,"2019/08/19 19:25:00",AGLHAL,0
D,DISPATCH,UNIT_SCADA,1,"2019/08/19 19:25:00",AGLSOM,39.80
D,DISPATCH,UNIT_SCADA,1,"2019/08/19 19:25:00",ANGAST1,0
D,DISPATCH,UNIT_SCADA,1,"2019/08/19 19:25:00",ARWF1,15.50
D,DISPATCH,UNIT_SCADA,1,"2019/08/19 19:25:00",BALBG1,5.83
D,DISPATCH,UNIT_SCADA,1,"2019/08/19 19:25:00",BALBL1,0
D,DISPATCH,UNIT_SCADA,1,"2019/08/19 19:25:00",BALDHWF1,103.2620
D,DISPATCH,UNIT_SCADA,1,"2019/08/19 19:25:00",BANN1,0
D,DISPATCH,UNIT_SCADA,1,"2019/08/19 19:25:00",BARCALDN,0
D,DISPATCH,UNIT_SCADA,1,"2019/08/19 19:25:00",BARRON-1,0
D,DISPATCH,UNIT_SCADA,1,"2019/08/19 19:25:00",BARRON-2,27.96
D,DISPATCH,UNIT_SCADA,1,"2019/08/19 19:25:00",BASTYAN,80.540010
D,DISPATCH,UNIT_SCADA,1,"2019/08/19 19:25:00",BBTHREE1,0
D,DISPATCH,UNIT_SCADA,1,"2019/08/19 19:25:00",BBTHREE2,0
D,DISPATCH,UNIT_SCADA,1,"2019/08/19 19:25:00",BBTHREE3,0
D,DISPATCH,UNIT_SCADA,1,"2019/08/19 19:25:00",BDL01,42.72
D,DISPATCH,UNIT_SCADA,1,"2019/08/19 19:25:00",BDL02,44.64
D,DISPATCH,UNIT_SCADA,1,"2019/08/19 19:25:00",BERYLSF1,0
D,DISPATCH,UNIT_SCADA,1,"2019/08/19 19:25:00",BLOWERNG,0
D,DISPATCH,UNIT_SCADA,1,"2019/08/19 19:25:00",BLUFF1,19.80
D,DISPATCH,UNIT_SCADA,1,"2019/08/19 19:25:00",BNGSF1,0
D,DISPATCH,UNIT_SCADA,1,"2019/08/19 19:25:00",BNGSF2,0
D,DISPATCH,UNIT_SCADA,1,"2019/08/19 19:25:00",BOCORWF1,108.96
D,DISPATCH,UNIT_SCADA,1,"2019/08/19 19:25:00",BODWF1,65.962150
D,DISPATCH,UNIT_SCADA,1,"2019/08/19 19:25:00",BRAEMAR1,0
D,DISPATCH,UNIT_SCADA,1,"2019/08/19 19:25:00",BRAEMAR2,173.200010
D,DISPATCH,UNIT_SCADA,1,"2019/08/19 19:25:00",BRAEMAR3,138
D,DISPATCH,UNIT_SCADA,1,"2019/08/19 19:25:00",BRAEMAR5,130.2281
D,DISPATCH,UNIT_SCADA,1,"2019/08/19 19:25:00",BRAEMAR6,0
D,DISPATCH,UNIT_SCADA,1,"2019/08/19 19:25:00",BRAEMAR7,130.530230
D,DISPATCH,UNIT_SCADA,1,"2019/08/19 19:25:00",BROKENH1,0
D,DISPATCH,UNIT_SCADA,1,"2019/08/19 19:25:00",BW01,641
D,DISPATCH,UNIT_SCADA,1,"2019/08/19 19:25:00",BW02,635.900020
D,DISPATCH,UNIT_SCADA,1,"2019/08/19 19:25:00",BW03,636
D,DISPATCH,UNIT_SCADA,1,"2019/08/19 19:25:00",BW04,0
D,DISPATCH,UNIT_SCADA,1,"2019/08/19 19:25:00",CALL_B_1,339.600010
D,DISPATCH,UNIT_SCADA,1,"2019/08/19 19:25:00",CALL_B_2,280.200010
D,DISPATCH,UNIT_SCADA,1,"2019/08/19 19:25:00",CETHANA,73.216630
D,DISPATCH,UNIT_SCADA,1,"2019/08/19 19:25:00",CG1,0
D,DISPATCH,UNIT_SCADA,1,"2019/08/19 19:25:00",CG2,0
D,DISPATCH,UNIT_SCADA,1,"2019/08/19 19:25:00",CG3,0
D,DISPATCH,UNIT_SCADA,1,"2019/08/19 19:25:00",CG4,0
D,DISPATCH,UNIT_SCADA,1,"2019/08/19 19:25:00",CHILDSF1,0
D,DISPATCH,UNIT_SCADA,1,"2019/08/19 19:25:00",CLARESF1,0
D,DISPATCH,UNIT_SCADA,1,"2019/08/19 19:25:00",CLEMGPWF,7.2035
D,DISPATCH,UNIT_SCADA,1,"2019/08/19 19:25:00",CLERMSF1,0
D,DISPATCH,UNIT_SCADA,1,"2019/08/19 19:25:00",COLEASF1,0
D,DISPATCH,UNIT_SCADA,1,"2019/08/19 19:25:00",COOPGWF1,31.632420
D,DISPATCH,UNIT_SCADA,1,"2019/08/19 19:25:00",CPP_3,403.975010
D,DISPATCH,UNIT_SCADA,1,"2019/08/19 19:25:00",CPP_4,405.075010
D,DISPATCH,UNIT_SCADA,1,"2019/08/19 19:25:00",CPSA,141.888120
D,DISPATCH,UNIT_SCADA,1,"2019/08/19 19:25:00",CROOKWF2,77.543760
D,DISPATCH,UNIT_SCADA,1,"2019/08/19 19:25:00",CROWLWF1,34.478080
D,DISPATCH,UNIT_SCADA,1,"2019/08/19 19:25:00",CSPVPS1,0
D,DISPATCH,UNIT_SCADA,1,"2019/08/19 19:25:00",DALNTH01,6.095980
D,DISPATCH,UNIT_SCADA,1,"2019/08/19 19:25:00",DALNTHL1,0
D,DISPATCH,UNIT_SCADA,1,"2019/08/19 19:25:00",DARTM1,134.50
D,DISPATCH,UNIT_SCADA,1,"2019/08/19 19:25:00",DAYDSF1,0
D,DISPATCH,UNIT_SCADA,1,"2019/08/19 19:25:00",DDPS1,591.6593
D,DISPATCH,UNIT_SCADA,1,"2019/08/19 19:25:00",DDSF1,0
D,DISPATCH,UNIT_SCADA,1,"2019/08/19 19:25:00",DEVILS_G,60.3119
D,DISPATCH,UNIT_SCADA,1,"2019/08/19 19:25:00",DG_NSW1,0
D,DISPATCH,UNIT_SCADA,1,"2019/08/19 19:25:00",DG_QLD1,0
D,DISPATCH,UNIT_SCADA,1,"2019/08/19 19:25:00",DG_SA1,0
D,DISPATCH,UNIT_SCADA,1,"2019/08/19 19:25:00",DG_TAS1,0
D,DISPATCH,UNIT_SCADA,1,"2019/08/19 19:25:00",DG_VIC1,0
D,DISPATCH,UNIT_SCADA,1,"2019/08/19 19:25:00",DRYCGT1,0
D,DISPATCH,UNIT_SCADA,1,"2019/08/19 19:25:00",DRYCGT2,0
D,DISPATCH,UNIT_SCADA,1,"2019/08/19 19:25:00",DRYCGT3,0
D,DISPATCH,UNIT_SCADA,1,"2019/08/19 19:25:00",EILDON1,0
D,DISPATCH,UNIT_SCADA,1,"2019/08/19 19:25:00",EILDON2,37.16
D,DISPATCH,UNIT_SCADA,1,"2019/08/19 19:25:00",EMERASF1,0
D,DISPATCH,UNIT_SCADA,1,"2019/08/19 19:25:00",ER01,585.6250
D,DISPATCH,UNIT_SCADA,1,"2019/08/19 19:25:00",ER02,685.3501
D,DISPATCH,UNIT_SCADA,1,"2019/08/19 19:25:00",ER03,688.1250
D,DISPATCH,UNIT_SCADA,1,"2019/08/19 19:25:00",ER04,688.675050
D,DISPATCH,UNIT_SCADA,1,"2019/08/19 19:25:00",FINLYSF1,0
D,DISPATCH,UNIT_SCADA,1,"2019/08/19 19:25:00",FISHER,45.86
D,DISPATCH,UNIT_SCADA,1,"2019/08/19 19:25:00",GANNBG1,5.405590
D,DISPATCH,UNIT_SCADA,1,"2019/08/19 19:25:00",GANNBL1,0
D,DISPATCH,UNIT_SCADA,1,"2019/08/19 19:25:00",GANNSF1,0
D,DISPATCH,UNIT_SCADA,1,"2019/08/19 19:25:00",GORDON,108.118070
D,DISPATCH,UNIT_SCADA,1,"2019/08/19 19:25:00",GSTONE1,194.4250
D,DISPATCH,UNIT_SCADA,1,"2019/08/19 19:25:00",GSTONE2,219.80
D,DISPATCH,UNIT_SCADA,1,"2019/08/19 19:25:00",GSTONE3,225.399990
D,DISPATCH,UNIT_SCADA,1,"2019/08/19 19:25:00",GSTONE4,219.6250
D,DISPATCH,UNIT_SCADA,1,"2019/08/19 19:25:00",GSTONE5,220.50
D,DISPATCH,UNIT_SCADA,1,"2019/08/19 19:25:00",GSTONE6,0
D,DISPATCH,UNIT_SCADA,1,"2019/08/19 19:25:00",GULLRSF1,0
D,DISPATCH,UNIT_SCADA,1,"2019/08/19 19:25:00",GULLRWF1,115.974670
D,DISPATCH,UNIT_SCADA,1,"2019/08/19 19:25:00",GUNNING1,42.040710
D,DISPATCH,UNIT_SCADA,1,"2019/08/19 19:25:00",GUTHEGA,30.90
D,DISPATCH,UNIT_SCADA,1,"2019/08/19 19:25:00",HALLWF1,36.64
D,DISPATCH,UNIT_SCADA,1,"2019/08/19 19:25:00",HALLWF2,28.47
D,DISPATCH,UNIT_SCADA,1,"2019/08/19 19:25:00",HAMISF1,0
D,DISPATCH,UNIT_SCADA,1,"2019/08/19 19:25:00",HAUGHT11,0
D,DISPATCH,UNIT_SCADA,1,"2019/08/19 19:25:00",HAYMSF1,0
D,DISPATCH,UNIT_SCADA,1,"2019/08/19 19:25:00",HDWF1,38.20
D,DISPATCH,UNIT_SCADA,1,"2019/08/19 19:25:00",HDWF2,31.50
D,DISPATCH,UNIT_SCADA,1,"2019/08/19 19:25:00",HDWF3,31.60
D,DISPATCH,UNIT_SCADA,1,"2019/08/19 19:25:00",HPRG1,4.70
D,DISPATCH,UNIT_SCADA,1,"2019/08/19 19:25:00",HPRL1,0
D,DISPATCH,UNIT_SCADA,1,"2019/08/19 19:25:00",HUMENSW,0
D,DISPATCH,UNIT_SCADA,1,"2019/08/19 19:25:00",HUMEV,8.80
D,DISPATCH,UNIT_SCADA,1,"2019/08/19 19:25:00",HVGTS,0
D,DISPATCH,UNIT_SCADA,1,"2019/08/19 19:25:00",JBUTTERS,138.739990
D,DISPATCH,UNIT_SCADA,1,"2019/08/19 19:25:00",JLA01,0.50
D,DISPATCH,UNIT_SCADA,1,"2019/08/19 19:25:00",JLA02,53.70
D,DISPATCH,UNIT_SCADA,1,"2019/08/19 19:25:00",JLA03,0.10
D,DISPATCH,UNIT_SCADA,1,"2019/08/19 19:25:00",JLA04,0.10
D,DISPATCH,UNIT_SCADA,1,"2019/08/19 19:25:00",JLB01,0
D,DISPATCH,UNIT_SCADA,1,"2019/08/19 19:25:00",JLB02,79.50
D,DISPATCH,UNIT_SCADA,1,"2019/08/19 19:25:00",JLB03,78.90
D,DISPATCH,UNIT_SCADA,1,"2019/08/19 19:25:00",KAREEYA1,21.4925
D,DISPATCH,UNIT_SCADA,1,"2019/08/19 19:25:00",KAREEYA2,21.7525
D,DISPATCH,UNIT_SCADA,1,"2019/08/19 19:25:00",KAREEYA3,0
D,DISPATCH,UNIT_SCADA,1,"2019/08/19 19:25:00",KAREEYA4,21.54
D,DISPATCH,UNIT_SCADA,1,"2019/08/19 19:25:00",KARSF1,0
D,DISPATCH,UNIT_SCADA,1,"2019/08/19 19:25:00",KIATAWF1,24.50
D,DISPATCH,UNIT_SCADA,1,"2019/08/19 19:25:00",KPP_1,0
D,DISPATCH,UNIT_SCADA,1,"2019/08/19 19:25:00",KSP1,0
D,DISPATCH,UNIT_SCADA,1,"2019/08/19 19:25:00",LADBROK1,43.15
D,DISPATCH,UNIT_SCADA,1,"2019/08/19 19:25:00",LADBROK2,42.54
D,DISPATCH,UNIT_SCADA,1,"2019/08/19 19:25:00",LD01,415.031250
D,DISPATCH,UNIT_SCADA,1,"2019/08/19 19:25:00",LD02,418.2937
D,DISPATCH,UNIT_SCADA,1,"2019/08/19 19:25:00",LD03,417.8063
D,DISPATCH,UNIT_SCADA,1,"2019/08/19 19:25:00",LD04,374.193790
D,DISPATCH,UNIT_SCADA,1,"2019/08/19 19:25:00",LEM_WIL,67.0921
D,DISPATCH,UNIT_SCADA,1,"2019/08/19 19:25:00",LGAPWF1,7.10
D,DISPATCH,UNIT_SCADA,1,"2019/08/19 19:25:00",LILYSF1,0
D,DISPATCH,UNIT_SCADA,1,"2019/08/19 19:25:00",LI_WY_CA,143.505810
D,DISPATCH,UNIT_SCADA,1,"2019/08/19 19:25:00",LKBONNY2,120.800950
D,DISPATCH,UNIT_SCADA,1,"2019/08/19 19:25:00",LKBONNY3,34.944580
D,DISPATCH,UNIT_SCADA,1,"2019/08/19 19:25:00",LK_ECHO,0
D,DISPATCH,UNIT_SCADA,1,"2019/08/19 19:25:00",LNGS1,0
D,DISPATCH,UNIT_SCADA,1,"2019/08/19 19:25:00",LNGS2,0
D,DISPATCH,UNIT_SCADA,1,"2019/08/19 19:25:00",LONSDALE,0
D,DISPATCH,UNIT_SCADA,1,"2019/08/19 19:25:00",LOYYB1,530.073430
D,DISPATCH,UNIT_SCADA,1,"2019/08/19 19:25:00",LOYYB2,580.8266
D,DISPATCH,UNIT_SCADA,1,"2019/08/19 19:25:00",LYA1,531
D,DISPATCH,UNIT_SCADA,1,"2019/08/19 19:25:00",LYA2,0
D,DISPATCH,UNIT_SCADA,1,"2019/08/19 19:25:00",LYA3,560
D,DISPATCH,UNIT_SCADA,1,"2019/08/19 19:25:00",LYA4,539
D,DISPATCH,UNIT_SCADA,1,"2019/08/19 19:25:00",MACARTH1,167.096150
D,DISPATCH,UNIT_SCADA,1,"2019/08/19 19:25:00",MACKAYGT,0
D,DISPATCH,UNIT_SCADA,1,"2019/08/19 19:25:00",MACKNTSH,85.100010
D,DISPATCH,UNIT_SCADA,1,"2019/08/19 19:25:00",MANSLR1,0
D,DISPATCH,UNIT_SCADA,1,"2019/08/19 19:25:00",MCKAY1,0.02
D,DISPATCH,UNIT_SCADA,1,"2019/08/19 19:25:00",MEADOWBK,34.038780
D,DISPATCH,UNIT_SCADA,1,"2019/08/19 19:25:00",MERCER01,64.62
D,DISPATCH,UNIT_SCADA,1,"2019/08/19 19:25:00",MEWF1,137.994230
D,DISPATCH,UNIT_SCADA,1,"2019/08/19 19:25:00",MINTARO,0
D,DISPATCH,UNIT_SCADA,1,"2019/08/19 19:25:00",MOREESF1,0
D,DISPATCH,UNIT_SCADA,1,"2019/08/19 19:25:00",MORTLK11,260
D,DISPATCH,UNIT_SCADA,1,"2019/08/19 19:25:00",MORTLK12,0
D,DISPATCH,UNIT_SCADA,1,"2019/08/19 19:25:00",MP1,357.425050
D,DISPATCH,UNIT_SCADA,1,"2019/08/19 19:25:00",MP2,0
D,DISPATCH,UNIT_SCADA,1,"2019/08/19 19:25:00",MPP_1,424.75
D,DISPATCH,UNIT_SCADA,1,"2019/08/19 19:25:00",MPP_2,434.75
D,DISPATCH,UNIT_SCADA,1,"2019/08/19 19:25:00",MSTUART1,0
D,DISPATCH,UNIT_SCADA,1,"2019/08/19 19:25:00",MSTUART2,0
D,DISPATCH,UNIT_SCADA,1,"2019/08/19 19:25:00",MSTUART3,0
D,DISPATCH,UNIT_SCADA,1,"2019/08/19 19:25:00",MTGELWF1,65.129550
D,DISPATCH,UNIT_SCADA,1,"2019/08/19 19:25:00",MURRAY,67.50
D,DISPATCH,UNIT_SCADA,1,"2019/08/19 19:25:00",MUSSELR1,162.70
D,DISPATCH,UNIT_SCADA,1,"2019/08/19 19:25:00",MUWAWF1,58.59
D,DISPATCH,UNIT_SCADA,1,"2019/08/19 19:25:00",NBHWF1,37.90
D,DISPATCH,UNIT_SCADA,1,"2019/08/19 19:25:00",NPS,508.8750
D,DISPATCH,UNIT_SCADA,1,"2019/08/19 19:25:00",NUMURSF1,0
D,DISPATCH,UNIT_SCADA,1,"2019/08/19 19:25:00",NYNGAN1,0
D,DISPATCH,UNIT_SCADA,1,"2019/08/19 19:25:00",OAKEY1,0
D,DISPATCH,UNIT_SCADA,1,"2019/08/19 19:25:00",OAKEY1SF,0.05
D,DISPATCH,UNIT_SCADA,1,"2019/08/19 19:25:00",OAKEY2,0
D,DISPATCH,UNIT_SCADA,1,"2019/08/19 19:25:00",OAKLAND1,48.80
D,DISPATCH,UNIT_SCADA,1,"2019/08/19 19:25:00",OSB-AG,183.350010
D,DISPATCH,UNIT_SCADA,1,"2019/08/19 19:25:00",PARSF1,0
D,DISPATCH,UNIT_SCADA,1,"2019/08/19 19:25:00",POAT110,42.2608
D,DISPATCH,UNIT_SCADA,1,"2019/08/19 19:25:00",POAT220,143.610260
D,DISPATCH,UNIT_SCADA,1,"2019/08/19 19:25:00",POR01,0
D,DISPATCH,UNIT_SCADA,1,"2019/08/19 19:25:00",POR03,0
D,DISPATCH,UNIT_SCADA,1,"2019/08/19 19:25:00",PPCCGT,498.366880
D,DISPATCH,UNIT_SCADA,1,"2019/08/19 19:25:00",PTSTAN1,0
D,DISPATCH,UNIT_SCADA,1,"2019/08/19 19:25:00",PUMP1,0
D,DISPATCH,UNIT_SCADA,1,"2019/08/19 19:25:00",PUMP2,0
D,DISPATCH,UNIT_SCADA,1,"2019/08/19 19:25:00",QPS1,29
D,DISPATCH,UNIT_SCADA,1,"2019/08/19 19:25:00",QPS2,0
D,DISPATCH,UNIT_SCADA,1,"2019/08/19 19:25:00",QPS3,23.90
D,DISPATCH,UNIT_SCADA,1,"2019/08/19 19:25:00",QPS4,23.90
D,DISPATCH,UNIT_SCADA,1,"2019/08/19 19:25:00",QPS5,0
D,DISPATCH,UNIT_SCADA,1,"2019/08/19 19:25:00",REECE1,114.000010
D,DISPATCH,UNIT_SCADA,1,"2019/08/19 19:25:00",REECE2,112.690010
D,DISPATCH,UNIT_SCADA,1,"2019/08/19 19:25:00",ROMA_7,0
D,DISPATCH,UNIT_SCADA,1,"2019/08/19 19:25:00",ROMA_8,0
D,DISPATCH,UNIT_SCADA,1,"2019/08/19 19:25:00",RRSF1,0
D,DISPATCH,UNIT_SCADA,1,"2019/08/19 19:25:00",RT_NSW1,0
D,DISPATCH,UNIT_SCADA,1,"2019/08/19 19:25:00",RT_NSW2,0
D,DISPATCH,UNIT_SCADA,1,"2019/08/19 19:25:00",RT_NSW3,0
D,DISPATCH,UNIT_SCADA,1,"2019/08/19 19:25:00",RT_NSW4,0
D,DISPATCH,UNIT_SCADA,1,"2019/08/19 19:25:00",RT_NSW5,0
D,DISPATCH,UNIT_SCADA,1,"2019/08/19 19:25:00",RT_NSW6,0
D,DISPATCH,UNIT_SCADA,1,"2019/08/19 19:25:00",RT_QLD1,0
D,DISPATCH,UNIT_SCADA,1,"2019/08/19 19:25:00",RT_SA1,0
D,DISPATCH,UNIT_SCADA,1,"2019/08/19 19:25:00",RT_SA2,0
D,DISPATCH,UNIT_SCADA,1,"2019/08/19 19:25:00",RT_SA3,0
D,DISPATCH,UNIT_SCADA,1,"2019/08/19 19:25:00",RT_SA4,0
D,DISPATCH,UNIT_SCADA,1,"2019/08/19 19:25:00",RT_SA5,0
D,DISPATCH,UNIT_SCADA,1,"2019/08/19 19:25:00",RT_SA6,0
D,DISPATCH,UNIT_SCADA,1,"2019/08/19 19:25:00",RT_TAS1,0
D,DISPATCH,UNIT_SCADA,1,"2019/08/19 19:25:00",RT_VIC1,0
D,DISPATCH,UNIT_SCADA,1,"2019/08/19 19:25:00",RT_VIC10,0
D,DISPATCH,UNIT_SCADA,1,"2019/08/19 19:25:00",RT_VIC11,0
D,DISPATCH,UNIT_SCADA,1,"2019/08/19 19:25:00",RT_VIC12,0
D,DISPATCH,UNIT_SCADA,1,"2019/08/19 19:25:00",RT_VIC2,0
D,DISPATCH,UNIT_SCADA,1,"2019/08/19 19:25:00",RT_VIC3,0
D,DISPATCH,UNIT_SCADA,1,"2019/08/19 19:25:00",RT_VIC4,0
D,DISPATCH,UNIT_SCADA,1,"2019/08/19 19:25:00",RT_VIC5,0
D,DISPATCH,UNIT_SCADA,1,"2019/08/19 19:25:00",RT_VIC6,0
D,DISPATCH,UNIT_SCADA,1,"2019/08/19 19:25:00",RT_VIC7,0
D,DISPATCH,UNIT_SCADA,1,"2019/08/19 19:25:00",RT_VIC8,0
D,DISPATCH,UNIT_SCADA,1,"2019/08/19 19:25:00",RT_VIC9,0
D,DISPATCH,UNIT_SCADA,1,"2019/08/19 19:25:00",RUGBYR1,0
D,DISPATCH,UNIT_SCADA,1,"2019/08/19 19:25:00",SALTCRK1,42.47
D,DISPATCH,UNIT_SCADA,1,"2019/08/19 19:25:00",SAPHWF1,236.887510
D,DISPATCH,UNIT_SCADA,1,"2019/08/19 19:25:00",SHGEN,203.197390
D,DISPATCH,UNIT_SCADA,1,"2019/08/19 19:25:00",SHPUMP,0
D,DISPATCH,UNIT_SCADA,1,"2019/08/19 19:25:00",SITHE01,0.123710
D,DISPATCH,UNIT_SCADA,1,"2019/08/19 19:25:00",SMCSF1,0
D,DISPATCH,UNIT_SCADA,1,"2019/08/19 19:25:00",SNOWNTH1,31.10
D,DISPATCH,UNIT_SCADA,1,"2019/08/19 19:25:00",SNOWSTH1,41.30
D,DISPATCH,UNIT_SCADA,1,"2019/08/19 19:25:00",SNOWTWN1,20.933930
D,DISPATCH,UNIT_SCADA,1,"2019/08/19 19:25:00",SNOWYP,0
D,DISPATCH,UNIT_SCADA,1,"2019/08/19 19:25:00",SNUG1,0.019440
D,DISPATCH,UNIT_SCADA,1,"2019/08/19 19:25:00",SRSF1,0.30
D,DISPATCH,UNIT_SCADA,1,"2019/08/19 19:25:00",STAN-1,0
D,DISPATCH,UNIT_SCADA,1,"2019/08/19 19:25:00",STAN-2,317.958340
D,DISPATCH,UNIT_SCADA,1,"2019/08/19 19:25:00",STAN-3,317.343080
D,DISPATCH,UNIT_SCADA,1,"2019/08/19 19:25:00",STAN-4,345.260250
D,DISPATCH,UNIT_SCADA,1,"2019/08/19 19:25:00",STWF1,29.9025
D,DISPATCH,UNIT_SCADA,1,"2019/08/19 19:25:00",SWAN_E,0
D,DISPATCH,UNIT_SCADA,1,"2019/08/19 19:25:00",TALWA1,423
D,DISPATCH,UNIT_SCADA,1,"2019/08/19 19:25:00",TARALGA1,106.413740
D,DISPATCH,UNIT_SCADA,1,"2019/08/19 19:25:00",TARONG#1,335
D,DISPATCH,UNIT_SCADA,1,"2019/08/19 19:25:00",TARONG#2,334.899990
D,DISPATCH,UNIT_SCADA,1,"2019/08/19 19:25:00",TARONG#3,260.300020
D,DISPATCH,UNIT_SCADA,1,"2019/08/19 19:25:00",TARONG#4,345
D,DISPATCH,UNIT_SCADA,1,"2019/08/19 19:25:00",TARRALEA,79
D,DISPATCH,UNIT_SCADA,1,"2019/08/19 19:25:00",TBSF1,-0.20
D,DISPATCH,UNIT_SCADA,1,"2019/08/19 19:25:00",TNPS1,442.000030
D,DISPATCH,UNIT_SCADA,1,"2019/08/19 19:25:00",TORRA1,98.621890
D,DISPATCH,UNIT_SCADA,1,"2019/08/19 19:25:00",TORRA2,0
D,DISPATCH,UNIT_SCADA,1,"2019/08/19 19:25:00",TORRA3,49.7727
D,DISPATCH,UNIT_SCADA,1,"2019/08/19 19:25:00",TORRA4,0
D,DISPATCH,UNIT_SCADA,1,"2019/08/19 19:25:00",TORRB1,111.37
D,DISPATCH,UNIT_SCADA,1,"2019/08/19 19:25:00",TORRB2,189.59
D,DISPATCH,UNIT_SCADA,1,"2019/08/19 19:25:00",TORRB3,0
D,DISPATCH,UNIT_SCADA,1,"2019/08/19 19:25:00",TORRB4,0
D,DISPATCH,UNIT_SCADA,1,"2019/08/19 19:25:00",TREVALLN,40.270010
D,DISPATCH,UNIT_SCADA,1,"2019/08/19 19:25:00",TRIBUTE,83.97
D,DISPATCH,UNIT_SCADA,1,"2019/08/19 19:25:00",TUMUT3,992.38
D,DISPATCH,UNIT_SCADA,1,"2019/08/19 19:25:00",TUNGATIN,119.690030
D,DISPATCH,UNIT_SCADA,1,"2019/08/19 19:25:00",TVCC201,0
D,DISPATCH,UNIT_SCADA,1,"2019/08/19 19:25:00",TVPP104,57.767950
D,DISPATCH,UNIT_SCADA,1,"2019/08/19 19:25:00",UPPTUMUT,0
D,DISPATCH,UNIT_SCADA,1,"2019/08/19 19:25:00",URANQ11,166.018740
D,DISPATCH,UNIT_SCADA,1,"2019/08/19 19:25:00",URANQ12,165.893740
D,DISPATCH,UNIT_SCADA,1,"2019/08/19 19:25:00",URANQ13,0
D,DISPATCH,UNIT_SCADA,1,"2019/08/19 19:25:00",URANQ14,0
D,DISPATCH,UNIT_SCADA,1,"2019/08/19 19:25:00",VP5,634.399960
D,DISPATCH,UNIT_SCADA,1,"2019/08/19 19:25:00",VP6,625.775020
D,DISPATCH,UNIT_SCADA,1,"2019/08/19 19:25:00",VPGS1,0
D,DISPATCH,UNIT_SCADA,1,"2019/08/19 19:25:00",VPGS2,0
D,DISPATCH,UNIT_SCADA,1,"2019/08/19 19:25:00",VPGS3,0
D,DISPATCH,UNIT_SCADA,1,"2019/08/19 19:25:00",VPGS4,0
D,DISPATCH,UNIT_SCADA,1,"2019/08/19 19:25:00",VPGS5,0
D,DISPATCH,UNIT_SCADA,1,"2019/08/19 19:25:00",VPGS6,0
D,DISPATCH,UNIT_SCADA,1,"2019/08/19 19:25:00",W/HOE#1,202.53
D,DISPATCH,UNIT_SCADA,1,"2019/08/19 19:25:00",W/HOE#2,0
D,DISPATCH,UNIT_SCADA,1,"2019/08/19 19:25:00",WATERLWF,41.90
D,DISPATCH,UNIT_SCADA,1,"2019/08/19 19:25:00",WEMENSF1,0
D,DISPATCH,UNIT_SCADA,1,"2019/08/19 19:25:00",WGWF1,28.80
D,DISPATCH,UNIT_SCADA,1,"2019/08/19 19:25:00",WHITSF1,0
D,DISPATCH,UNIT_SCADA,1,"2019/08/19 19:25:00",WKIEWA1,16.90
D,DISPATCH,UNIT_SCADA,1,"2019/08/19 19:25:00",WKIEWA2,17.10
D,DISPATCH,UNIT_SCADA,1,"2019/08/19 19:25:00",WOODLWN1,44.414990
D,DISPATCH,UNIT_SCADA,1,"2019/08/19 19:25:00",WRSF1,0
D,DISPATCH,UNIT_SCADA,1,"2019/08/19 19:25:00",WRWF1,151.78
D,DISPATCH,UNIT_SCADA,1,"2019/08/19 19:25:00",YABULU,0
D,DISPATCH,UNIT_SCADA,1,"2019/08/19 19:25:00",YABULU2,0
D,DISPATCH,UNIT_SCADA,1,"2019/08/19 19:25:00",YARWUN_1,0
D,DISPATCH,UNIT_SCADA,1,"2019/08/19 19:25:00",YENDWF1,42.16
D,DISPATCH,UNIT_SCADA,1,"2019/08/19 19:25:00",YWPS1,377.192410
D,DISPATCH,UNIT_SCADA,1,"2019/08/19 19:25:00",YWPS2,275.435460
D,DISPATCH,UNIT_SCADA,1,"2019/08/19 19:25:00",YWPS3,0
D,DISPATCH,UNIT_SCADA,1,"2019/08/19 19:25:00",YWPS4,396.649350
C,"END OF REPORT",334
