C,NEMP.WORLD,DISPATCHSCADA,AEMO,PUBLIC,2019/08/19,14:45:08,0000000311749400,DISPATCHSCADA,0000000311749394
I,DISPATCH,UNIT_SCADA,1,SETTLEMENTDATE,DUID,SCADAVALUE
D,DISPATCH,UNIT_SCADA,1,"2019/08/19 14:50:00",BARCSF1,17.400002
D,DISPATCH,UNIT_SCADA,1,"2019/08/19 14:50:00",BUTLERSG,9.699999
D,DISPATCH,UNIT_SCADA,1,"2019/08/19 14:50:00",CALL_A_4,0
D,DISPATCH,UNIT_SCADA,1,"2019/08/19 14:50:00",CAPTL_WF,133.040009
D,DISPATCH,UNIT_SCADA,1,"2019/08/19 14:50:00",CATHROCK,33.099998
D,DISPATCH,UNIT_SCADA,1,"2019/08/19 14:50:00",CHALLHWF,19.10
D,DISPATCH,UNIT_SCADA,1,"2019/08/19 14:50:00",CLOVER,-0.02
D,DISPATCH,UNIT_SCADA,1,"2019/08/19 14:50:00",CLUNY,17.387503
D,DISPATCH,UNIT_SCADA,1,"2019/08/19 14:50:00",CNUNDAWF,29.133987
D,DISPATCH,UNIT_SCADA,1,"2019/08/19 14:50:00",CULLRGWF,30.389999
D,DISPATCH,UNIT_SCADA,1,"2019/08/19 14:50:00",ERGT01,0
D,DISPATCH,UNIT_SCADA,1,"2019/08/19 14:50:00",GB01,0.064842
D,DISPATCH,UNIT_SCADA,1,"2019/08/19 14:50:00",GERMCRK,35.099998
D,DISPATCH,UNIT_SCADA,1,"2019/08/19 14:50:00",GRIFSF1,25.199997
D,DISPATCH,UNIT_SCADA,1,"2019/08/19 14:50:00",HUGSF1,8.8970
D,DISPATCH,UNIT_SCADA,1,"2019/08/19 14:50:00",LKBONNY1,47.244652
D,DISPATCH,UNIT_SCADA,1,"2019/08/19 14:50:00",LRSF1,9.820001
D,DISPATCH,UNIT_SCADA,1,"2019/08/19 14:50:00",MBAHNTH,54.618744
D,DISPATCH,UNIT_SCADA,1,"2019/08/19 14:50:00",MLSP1,1.720001
D,DISPATCH,UNIT_SCADA,1,"2019/08/19 14:50:00",MLWF1,16.619999
D,DISPATCH,UNIT_SCADA,1,"2019/08/19 14:50:00",MTMILLAR,6.131640
D,DISPATCH,UNIT_SCADA,1,"2019/08/19 14:50:00",PALOONA,25.389999
D,DISPATCH,UNIT_SCADA,1,"2019/08/19 14:50:00",PIONEER,38.799999
D,DISPATCH,UNIT_SCADA,1,"2019/08/19 14:50:00",PORTWF,117.400002
D,DISPATCH,UNIT_SCADA,1,"2019/08/19 14:50:00",REPULSE,28.910963
D,DISPATCH,UNIT_SCADA,1,"2019/08/19 14:50:00",ROWALLAN,9.9684
D,DISPATCH,UNIT_SCADA,1,"2019/08/19 14:50:00",ROYALLA1,15.665001
D,DISPATCH,UNIT_SCADA,1,"2019/08/19 14:50:00",RPCG,-0.90
D,DISPATCH,UNIT_SCADA,1,"2019/08/19 14:50:00",RUBICON,0
D,DISPATCH,UNIT_SCADA,1,"2019/08/19 14:50:00",SATGN1,0
D,DISPATCH,UNIT_SCADA,1,"2019/08/19 14:50:00",SATGS1,0
D,DISPATCH,UNIT_SCADA,1,"2019/08/19 14:50:00",STARHLWF,7.097930
D,DISPATCH,UNIT_SCADA,1,"2019/08/19 14:50:00",WAUBRAWF,159.257004
D,DISPATCH,UNIT_SCADA,1,"2019/08/19 14:50:00",WOOLNTH1,129.590027
D,DISPATCH,UNIT_SCADA,1,"2019/08/19 14:50:00",WPWF,34
D,DISPATCH,UNIT_SCADA,1,"2019/08/19 14:50:00",YAMBUKWF,22.200001
D,DISPATCH,UNIT_SCADA,1,"2019/08/19 14:50:00",YSWF1,22
D,DISPATCH,UNIT_SCADA,1,"2019/08/19 14:50:00",AGLHAL,0
D,DISPATCH,UNIT_SCADA,1,"2019/08/19 14:50:00",AGLSOM,0
D,DISPATCH,UNIT_SCADA,1,"2019/08/19 14:50:00",ANGAST1,0
D,DISPATCH,UNIT_SCADA,1,"2019/08/19 14:50:00",ARWF1,116.699990
D,DISPATCH,UNIT_SCADA,1,"2019/08/19 14:50:00",BALBG1,10.21
D,DISPATCH,UNIT_SCADA,1,"2019/08/19 14:50:00",BALBL1,0
D,DISPATCH,UNIT_SCADA,1,"2019/08/19 14:50:00",BALDHWF1,103.0890
D,DISPATCH,UNIT_SCADA,1,"2019/08/19 14:50:00",BANN1,0
D,DISPATCH,UNIT_SCADA,1,"2019/08/19 14:50:00",BARCALDN,0
D,DISPATCH,UNIT_SCADA,1,"2019/08/19 14:50:00",BARRON-1,0
D,DISPATCH,UNIT_SCADA,1,"2019/08/19 14:50:00",BARRON-2,26.24
D,DISPATCH,UNIT_SCADA,1,"2019/08/19 14:50:00",BASTYAN,80.77
D,DISPATCH,UNIT_SCADA,1,"2019/08/19 14:50:00",BBTHREE1,0
D,DISPATCH,UNIT_SCADA,1,"2019/08/19 14:50:00",BBTHREE2,0
D,DISPATCH,UNIT_SCADA,1,"2019/08/19 14:50:00",BBTHREE3,0
D,DISPATCH,UNIT_SCADA,1,"2019/08/19 14:50:00",BDL01,0
D,DISPATCH,UNIT_SCADA,1,"2019/08/19 14:50:00",BDL02,0
D,DISPATCH,UNIT_SCADA,1,"2019/08/19 14:50:00",BERYLSF1,71.530320
D,DISPATCH,UNIT_SCADA,1,"2019/08/19 14:50:00",BLOWERNG,0
D,DISPATCH,UNIT_SCADA,1,"2019/08/19 14:50:00",BLUFF1,33.20
D,DISPATCH,UNIT_SCADA,1,"2019/08/19 14:50:00",BNGSF1,98.69
D,DISPATCH,UNIT_SCADA,1,"2019/08/19 14:50:00",BNGSF2,19.98
D,DISPATCH,UNIT_SCADA,1,"2019/08/19 14:50:00",BOCORWF1,111.48
D,DISPATCH,UNIT_SCADA,1,"2019/08/19 14:50:00",BODWF1,108.2350
D,DISPATCH,UNIT_SCADA,1,"2019/08/19 14:50:00",BRAEMAR1,0
D,DISPATCH,UNIT_SCADA,1,"2019/08/19 14:50:00",BRAEMAR2,0
D,DISPATCH,UNIT_SCADA,1,"2019/08/19 14:50:00",BRAEMAR3,0
D,DISPATCH,UNIT_SCADA,1,"2019/08/19 14:50:00",BRAEMAR5,0
D,DISPATCH,UNIT_SCADA,1,"2019/08/19 14:50:00",BRAEMAR6,0
D,DISPATCH,UNIT_SCADA,1,"2019/08/19 14:50:00",BRAEMAR7,0
D,DISPATCH,UNIT_SCADA,1,"2019/08/19 14:50:00",BROKENH1,26.828130
D,DISPATCH,UNIT_SCADA,1,"2019/08/19 14:50:00",BW01,572.799930
D,DISPATCH,UNIT_SCADA,1,"2019/08/19 14:50:00",BW02,628.050050
D,DISPATCH,UNIT_SCADA,1,"2019/08/19 14:50:00",BW03,627.449950
D,DISPATCH,UNIT_SCADA,1,"2019/08/19 14:50:00",BW04,0
D,DISPATCH,UNIT_SCADA,1,"2019/08/19 14:50:00",CALL_B_1,347.50
D,DISPATCH,UNIT_SCADA,1,"2019/08/19 14:50:00",CALL_B_2,279.300020
D,DISPATCH,UNIT_SCADA,1,"2019/08/19 14:50:00",CETHANA,80.2220
D,DISPATCH,UNIT_SCADA,1,"2019/08/19 14:50:00",CG1,0
D,DISPATCH,UNIT_SCADA,1,"2019/08/19 14:50:00",CG2,0
D,DISPATCH,UNIT_SCADA,1,"2019/08/19 14:50:00",CG3,0
D,DISPATCH,UNIT_SCADA,1,"2019/08/19 14:50:00",CG4,0
D,DISPATCH,UNIT_SCADA,1,"2019/08/19 14:50:00",CHILDSF1,40.06
D,DISPATCH,UNIT_SCADA,1,"2019/08/19 14:50:00",CLARESF1,42.3895
D,DISPATCH,UNIT_SCADA,1,"2019/08/19 14:50:00",CLEMGPWF,8.500130
D,DISPATCH,UNIT_SCADA,1,"2019/08/19 14:50:00",CLERMSF1,14.97
D,DISPATCH,UNIT_SCADA,1,"2019/08/19 14:50:00",COLEASF1,90.10
D,DISPATCH,UNIT_SCADA,1,"2019/08/19 14:50:00",COOPGWF1,35.905940
D,DISPATCH,UNIT_SCADA,1,"2019/08/19 14:50:00",CPP_3,363.274990
D,DISPATCH,UNIT_SCADA,1,"2019/08/19 14:50:00",CPP_4,364.3750
D,DISPATCH,UNIT_SCADA,1,"2019/08/19 14:50:00",CPSA,144.024380
D,DISPATCH,UNIT_SCADA,1,"2019/08/19 14:50:00",CROOKWF2,91.813750
D,DISPATCH,UNIT_SCADA,1,"2019/08/19 14:50:00",CROWLWF1,24.778750
D,DISPATCH,UNIT_SCADA,1,"2019/08/19 14:50:00",CSPVPS1,32.0360
D,DISPATCH,UNIT_SCADA,1,"2019/08/19 14:50:00",DALNTH01,0
D,DISPATCH,UNIT_SCADA,1,"2019/08/19 14:50:00",DALNTHL1,0.068670
D,DISPATCH,UNIT_SCADA,1,"2019/08/19 14:50:00",DARTM1,0
D,DISPATCH,UNIT_SCADA,1,"2019/08/19 14:50:00",DAYDSF1,109.031010
D,DISPATCH,UNIT_SCADA,1,"2019/08/19 14:50:00",DDPS1,9.336540
D,DISPATCH,UNIT_SCADA,1,"2019/08/19 14:50:00",DDSF1,81.9159
D,DISPATCH,UNIT_SCADA,1,"2019/08/19 14:50:00",DEVILS_G,0
D,DISPATCH,UNIT_SCADA,1,"2019/08/19 14:50:00",DG_NSW1,0
D,DISPATCH,UNIT_SCADA,1,"2019/08/19 14:50:00",DG_QLD1,0
D,DISPATCH,UNIT_SCADA,1,"2019/08/19 14:50:00",DG_SA1,0
D,DISPATCH,UNIT_SCADA,1,"2019/08/19 14:50:00",DG_TAS1,0
D,DISPATCH,UNIT_SCADA,1,"2019/08/19 14:50:00",DG_VIC1,0
D,DISPATCH,UNIT_SCADA,1,"2019/08/19 14:50:00",DRYCGT1,0
D,DISPATCH,UNIT_SCADA,1,"2019/08/19 14:50:00",DRYCGT2,0
D,DISPATCH,UNIT_SCADA,1,"2019/08/19 14:50:00",DRYCGT3,0
D,DISPATCH,UNIT_SCADA,1,"2019/08/19 14:50:00",EILDON1,0
D,DISPATCH,UNIT_SCADA,1,"2019/08/19 14:50:00",EILDON2,0
D,DISPATCH,UNIT_SCADA,1,"2019/08/19 14:50:00",EMERASF1,60.63
D,DISPATCH,UNIT_SCADA,1,"2019/08/19 14:50:00",ER01,351.849980
D,DISPATCH,UNIT_SCADA,1,"2019/08/19 14:50:00",ER02,351.325070
D,DISPATCH,UNIT_SCADA,1,"2019/08/19 14:50:00",ER03,351.074950
D,DISPATCH,UNIT_SCADA,1,"2019/08/19 14:50:00",ER04,374.724980
D,DISPATCH,UNIT_SCADA,1,"2019/08/19 14:50:00",FINLYSF1,0.366180
D,DISPATCH,UNIT_SCADA,1,"2019/08/19 14:50:00",FISHER,45.91
D,DISPATCH,UNIT_SCADA,1,"2019/08/19 14:50:00",GANNBG1,0
D,DISPATCH,UNIT_SCADA,1,"2019/08/19 14:50:00",GANNBL1,3.817450
D,DISPATCH,UNIT_SCADA,1,"2019/08/19 14:50:00",GANNSF1,26.10
D,DISPATCH,UNIT_SCADA,1,"2019/08/19 14:50:00",GORDON,20.8292
D,DISPATCH,UNIT_SCADA,1,"2019/08/19 14:50:00",GSTONE1,110.4250
D,DISPATCH,UNIT_SCADA,1,"2019/08/19 14:50:00",GSTONE2,109.7250
D,DISPATCH,UNIT_SCADA,1,"2019/08/19 14:50:00",GSTONE3,109.7250
D,DISPATCH,UNIT_SCADA,1,"2019/08/19 14:50:00",GSTONE4,142.974990
D,DISPATCH,UNIT_SCADA,1,"2019/08/19 14:50:00",GSTONE5,142.45
D,DISPATCH,UNIT_SCADA,1,"2019/08/19 14:50:00",GSTONE6,0
D,DISPATCH,UNIT_SCADA,1,"2019/08/19 14:50:00",GULLRSF1,8.345340
D,DISPATCH,UNIT_SCADA,1,"2019/08/19 14:50:00",GULLRWF1,150.154820
D,DISPATCH,UNIT_SCADA,1,"2019/08/19 14:50:00",GUNNING1,44.251320
D,DISPATCH,UNIT_SCADA,1,"2019/08/19 14:50:00",GUTHEGA,30.90
D,DISPATCH,UNIT_SCADA,1,"2019/08/19 14:50:00",HALLWF1,52.35
D,DISPATCH,UNIT_SCADA,1,"2019/08/19 14:50:00",HALLWF2,54.17
D,DISPATCH,UNIT_SCADA,1,"2019/08/19 14:50:00",HAMISF1,44.80
D,DISPATCH,UNIT_SCADA,1,"2019/08/19 14:50:00",HAUGHT11,50.059270
D,DISPATCH,UNIT_SCADA,1,"2019/08/19 14:50:00",HAYMSF1,38.2750
D,DISPATCH,UNIT_SCADA,1,"2019/08/19 14:50:00",HDWF1,36.90
D,DISPATCH,UNIT_SCADA,1,"2019/08/19 14:50:00",HDWF2,49.90
D,DISPATCH,UNIT_SCADA,1,"2019/08/19 14:50:00",HDWF3,35.60
D,DISPATCH,UNIT_SCADA,1,"2019/08/19 14:50:00",HPRG1,0
D,DISPATCH,UNIT_SCADA,1,"2019/08/19 14:50:00",HPRL1,0
D,DISPATCH,UNIT_SCADA,1,"2019/08/19 14:50:00",HUMENSW,0
D,DISPATCH,UNIT_SCADA,1,"2019/08/19 14:50:00",HUMEV,9.10
D,DISPATCH,UNIT_SCADA,1,"2019/08/19 14:50:00",HVGTS,0
D,DISPATCH,UNIT_SCADA,1,"2019/08/19 14:50:00",JBUTTERS,137
D,DISPATCH,UNIT_SCADA,1,"2019/08/19 14:50:00",JLA01,0.50
D,DISPATCH,UNIT_SCADA,1,"2019/08/19 14:50:00",JLA02,0
D,DISPATCH,UNIT_SCADA,1,"2019/08/19 14:50:00",JLA03,0.10
D,DISPATCH,UNIT_SCADA,1,"2019/08/19 14:50:00",JLA04,0.10
D,DISPATCH,UNIT_SCADA,1,"2019/08/19 14:50:00",JLB01,0
D,DISPATCH,UNIT_SCADA,1,"2019/08/19 14:50:00",JLB02,0.10
D,DISPATCH,UNIT_SCADA,1,"2019/08/19 14:50:00",JLB03,0
D,DISPATCH,UNIT_SCADA,1,"2019/08/19 14:50:00",KAREEYA1,21.5325
D,DISPATCH,UNIT_SCADA,1,"2019/08/19 14:50:00",KAREEYA2,21.6425
D,DISPATCH,UNIT_SCADA,1,"2019/08/19 14:50:00",KAREEYA3,0
D,DISPATCH,UNIT_SCADA,1,"2019/08/19 14:50:00",KAREEYA4,21.4450
D,DISPATCH,UNIT_SCADA,1,"2019/08/19 14:50:00",KARSF1,21.70
D,DISPATCH,UNIT_SCADA,1,"2019/08/19 14:50:00",KIATAWF1,25.50
D,DISPATCH,UNIT_SCADA,1,"2019/08/19 14:50:00",KPP_1,0
D,DISPATCH,UNIT_SCADA,1,"2019/08/19 14:50:00",KSP1,44.43
D,DISPATCH,UNIT_SCADA,1,"2019/08/19 14:50:00",LADBROK1,0
D,DISPATCH,UNIT_SCADA,1,"2019/08/19 14:50:00",LADBROK2,0
D,DISPATCH,UNIT_SCADA,1,"2019/08/19 14:50:00",LD01,340.387480
D,DISPATCH,UNIT_SCADA,1,"2019/08/19 14:50:00",LD02,349.237520
D,DISPATCH,UNIT_SCADA,1,"2019/08/19 14:50:00",LD03,346.837550
D,DISPATCH,UNIT_SCADA,1,"2019/08/19 14:50:00",LD04,345.693790
D,DISPATCH,UNIT_SCADA,1,"2019/08/19 14:50:00",LEM_WIL,74.5455
D,DISPATCH,UNIT_SCADA,1,"2019/08/19 14:50:00",LGAPWF1,11.83
D,DISPATCH,UNIT_SCADA,1,"2019/08/19 14:50:00",LILYSF1,84.934650
D,DISPATCH,UNIT_SCADA,1,"2019/08/19 14:50:00",LI_WY_CA,147.727080
D,DISPATCH,UNIT_SCADA,1,"2019/08/19 14:50:00",LKBONNY2,90.312670
D,DISPATCH,UNIT_SCADA,1,"2019/08/19 14:50:00",LKBONNY3,31.4278
D,DISPATCH,UNIT_SCADA,1,"2019/08/19 14:50:00",LK_ECHO,0
D,DISPATCH,UNIT_SCADA,1,"2019/08/19 14:50:00",LNGS1,0
D,DISPATCH,UNIT_SCADA,1,"2019/08/19 14:50:00",LNGS2,0
D,DISPATCH,UNIT_SCADA,1,"2019/08/19 14:50:00",LONSDALE,0
D,DISPATCH,UNIT_SCADA,1,"2019/08/19 14:50:00",LOYYB1,531.577210
D,DISPATCH,UNIT_SCADA,1,"2019/08/19 14:50:00",LOYYB2,581.578490
D,DISPATCH,UNIT_SCADA,1,"2019/08/19 14:50:00",LYA1,469
D,DISPATCH,UNIT_SCADA,1,"2019/08/19 14:50:00",LYA2,0
D,DISPATCH,UNIT_SCADA,1,"2019/08/19 14:50:00",LYA3,561
D,DISPATCH,UNIT_SCADA,1,"2019/08/19 14:50:00",LYA4,540
D,DISPATCH,UNIT_SCADA,1,"2019/08/19 14:50:00",MACARTH1,249.294240
D,DISPATCH,UNIT_SCADA,1,"2019/08/19 14:50:00",MACKAYGT,0
D,DISPATCH,UNIT_SCADA,1,"2019/08/19 14:50:00",MACKNTSH,85.280010
D,DISPATCH,UNIT_SCADA,1,"2019/08/19 14:50:00",MANSLR1,35.6350
D,DISPATCH,UNIT_SCADA,1,"2019/08/19 14:50:00",MCKAY1,0.02
D,DISPATCH,UNIT_SCADA,1,"2019/08/19 14:50:00",MEADOWBK,34.181680
D,DISPATCH,UNIT_SCADA,1,"2019/08/19 14:50:00",MERCER01,70.1330
D,DISPATCH,UNIT_SCADA,1,"2019/08/19 14:50:00",MEWF1,64.696320
D,DISPATCH,UNIT_SCADA,1,"2019/08/19 14:50:00",MINTARO,0
D,DISPATCH,UNIT_SCADA,1,"2019/08/19 14:50:00",MOREESF1,50.25
D,DISPATCH,UNIT_SCADA,1,"2019/08/19 14:50:00",MORTLK11,150
D,DISPATCH,UNIT_SCADA,1,"2019/08/19 14:50:00",MORTLK12,0
D,DISPATCH,UNIT_SCADA,1,"2019/08/19 14:50:00",MP1,279.50
D,DISPATCH,UNIT_SCADA,1,"2019/08/19 14:50:00",MP2,0
D,DISPATCH,UNIT_SCADA,1,"2019/08/19 14:50:00",MPP_1,342
D,DISPATCH,UNIT_SCADA,1,"2019/08/19 14:50:00",MPP_2,410.50
D,DISPATCH,UNIT_SCADA,1,"2019/08/19 14:50:00",MSTUART1,0
D,DISPATCH,UNIT_SCADA,1,"2019/08/19 14:50:00",MSTUART2,0
D,DISPATCH,UNIT_SCADA,1,"2019/08/19 14:50:00",MSTUART3,0
D,DISPATCH,UNIT_SCADA,1,"2019/08/19 14:50:00",MTGELWF1,63.667720
D,DISPATCH,UNIT_SCADA,1,"2019/08/19 14:50:00",MURRAY,0
D,DISPATCH,UNIT_SCADA,1,"2019/08/19 14:50:00",MUSSELR1,126
D,DISPATCH,UNIT_SCADA,1,"2019/08/19 14:50:00",MUWAWF1,27.72
D,DISPATCH,UNIT_SCADA,1,"2019/08/19 14:50:00",NBHWF1,97.20
D,DISPATCH,UNIT_SCADA,1,"2019/08/19 14:50:00",NPS,41.25
D,DISPATCH,UNIT_SCADA,1,"2019/08/19 14:50:00",NUMURSF1,87.89
D,DISPATCH,UNIT_SCADA,1,"2019/08/19 14:50:00",NYNGAN1,87.75
D,DISPATCH,UNIT_SCADA,1,"2019/08/19 14:50:00",OAKEY1,0
D,DISPATCH,UNIT_SCADA,1,"2019/08/19 14:50:00",OAKEY1SF,22.57
D,DISPATCH,UNIT_SCADA,1,"2019/08/19 14:50:00",OAKEY2,0
D,DISPATCH,UNIT_SCADA,1,"2019/08/19 14:50:00",OAKLAND1,53.20
D,DISPATCH,UNIT_SCADA,1,"2019/08/19 14:50:00",OSB-AG,15.87
D,DISPATCH,UNIT_SCADA,1,"2019/08/19 14:50:00",PARSF1,47.20
D,DISPATCH,UNIT_SCADA,1,"2019/08/19 14:50:00",POAT110,42.2608
D,DISPATCH,UNIT_SCADA,1,"2019/08/19 14:50:00",POAT220,2.960240
D,DISPATCH,UNIT_SCADA,1,"2019/08/19 14:50:00",POR01,0
D,DISPATCH,UNIT_SCADA,1,"2019/08/19 14:50:00",POR03,0
D,DISPATCH,UNIT_SCADA,1,"2019/08/19 14:50:00",PPCCGT,258.111390
D,DISPATCH,UNIT_SCADA,1,"2019/08/19 14:50:00",PTSTAN1,0
D,DISPATCH,UNIT_SCADA,1,"2019/08/19 14:50:00",PUMP1,0
D,DISPATCH,UNIT_SCADA,1,"2019/08/19 14:50:00",PUMP2,0
D,DISPATCH,UNIT_SCADA,1,"2019/08/19 14:50:00",QPS1,0
D,DISPATCH,UNIT_SCADA,1,"2019/08/19 14:50:00",QPS2,0
D,DISPATCH,UNIT_SCADA,1,"2019/08/19 14:50:00",QPS3,0
D,DISPATCH,UNIT_SCADA,1,"2019/08/19 14:50:00",QPS4,0
D,DISPATCH,UNIT_SCADA,1,"2019/08/19 14:50:00",QPS5,0
D,DISPATCH,UNIT_SCADA,1,"2019/08/19 14:50:00",REECE1,113.640010
D,DISPATCH,UNIT_SCADA,1,"2019/08/19 14:50:00",REECE2,114.080010
D,DISPATCH,UNIT_SCADA,1,"2019/08/19 14:50:00",ROMA_7,0
D,DISPATCH,UNIT_SCADA,1,"2019/08/19 14:50:00",ROMA_8,0
D,DISPATCH,UNIT_SCADA,1,"2019/08/19 14:50:00",RRSF1,109.538930
D,DISPATCH,UNIT_SCADA,1,"2019/08/19 14:50:00",RT_NSW1,0
D,DISPATCH,UNIT_SCADA,1,"2019/08/19 14:50:00",RT_NSW2,0
D,DISPATCH,UNIT_SCADA,1,"2019/08/19 14:50:00",RT_NSW3,0
D,DISPATCH,UNIT_SCADA,1,"2019/08/19 14:50:00",RT_NSW4,0
D,DISPATCH,UNIT_SCADA,1,"2019/08/19 14:50:00",RT_NSW5,0
D,DISPATCH,UNIT_SCADA,1,"2019/08/19 14:50:00",RT_NSW6,0
D,DISPATCH,UNIT_SCADA,1,"2019/08/19 14:50:00",RT_QLD1,0
D,DISPATCH,UNIT_SCADA,1,"2019/08/19 14:50:00",RT_SA1,0
D,DISPATCH,UNIT_SCADA,1,"2019/08/19 14:50:00",RT_SA2,0
D,DISPATCH,UNIT_SCADA,1,"2019/08/19 14:50:00",RT_SA3,0
D,DISPATCH,UNIT_SCADA,1,"2019/08/19 14:50:00",RT_SA4,0
D,DISPATCH,UNIT_SCADA,1,"2019/08/19 14:50:00",RT_SA5,0
D,DISPATCH,UNIT_SCADA,1,"2019/08/19 14:50:00",RT_SA6,0
D,DISPATCH,UNIT_SCADA,1,"2019/08/19 14:50:00",RT_TAS1,0
D,DISPATCH,UNIT_SCADA,1,"2019/08/19 14:50:00",RT_VIC1,0
D,DISPATCH,UNIT_SCADA,1,"2019/08/19 14:50:00",RT_VIC10,0
D,DISPATCH,UNIT_SCADA,1,"2019/08/19 14:50:00",RT_VIC11,0
D,DISPATCH,UNIT_SCADA,1,"2019/08/19 14:50:00",RT_VIC12,0
D,DISPATCH,UNIT_SCADA,1,"2019/08/19 14:50:00",RT_VIC2,0
D,DISPATCH,UNIT_SCADA,1,"2019/08/19 14:50:00",RT_VIC3,0
D,DISPATCH,UNIT_SCADA,1,"2019/08/19 14:50:00",RT_VIC4,0
D,DISPATCH,UNIT_SCADA,1,"2019/08/19 14:50:00",RT_VIC5,0
D,DISPATCH,UNIT_SCADA,1,"2019/08/19 14:50:00",RT_VIC6,0
D,DISPATCH,UNIT_SCADA,1,"2019/08/19 14:50:00",RT_VIC7,0
D,DISPATCH,UNIT_SCADA,1,"2019/08/19 14:50:00",RT_VIC8,0
D,DISPATCH,UNIT_SCADA,1,"2019/08/19 14:50:00",RT_VIC9,0
D,DISPATCH,UNIT_SCADA,1,"2019/08/19 14:50:00",RUGBYR1,42.5513
D,DISPATCH,UNIT_SCADA,1,"2019/08/19 14:50:00",SALTCRK1,50.12
D,DISPATCH,UNIT_SCADA,1,"2019/08/19 14:50:00",SAPHWF1,183.346860
D,DISPATCH,UNIT_SCADA,1,"2019/08/19 14:50:00",SHGEN,0
D,DISPATCH,UNIT_SCADA,1,"2019/08/19 14:50:00",SHPUMP,123.309370
D,DISPATCH,UNIT_SCADA,1,"2019/08/19 14:50:00",SITHE01,0.043330
D,DISPATCH,UNIT_SCADA,1,"2019/08/19 14:50:00",SMCSF1,72.201390
D,DISPATCH,UNIT_SCADA,1,"2019/08/19 14:50:00",SNOWNTH1,55.10
D,DISPATCH,UNIT_SCADA,1,"2019/08/19 14:50:00",SNOWSTH1,55.20
D,DISPATCH,UNIT_SCADA,1,"2019/08/19 14:50:00",SNOWTWN1,30.851770
D,DISPATCH,UNIT_SCADA,1,"2019/08/19 14:50:00",SNOWYP,187.30
D,DISPATCH,UNIT_SCADA,1,"2019/08/19 14:50:00",SNUG1,0.019440
D,DISPATCH,UNIT_SCADA,1,"2019/08/19 14:50:00",SRSF1,35.46
D,DISPATCH,UNIT_SCADA,1,"2019/08/19 14:50:00",STAN-1,0
D,DISPATCH,UNIT_SCADA,1,"2019/08/19 14:50:00",STAN-2,285.067870
D,DISPATCH,UNIT_SCADA,1,"2019/08/19 14:50:00",STAN-3,285.990750
D,DISPATCH,UNIT_SCADA,1,"2019/08/19 14:50:00",STAN-4,280.017670
D,DISPATCH,UNIT_SCADA,1,"2019/08/19 14:50:00",STWF1,20.992490
D,DISPATCH,UNIT_SCADA,1,"2019/08/19 14:50:00",SWAN_E,0
D,DISPATCH,UNIT_SCADA,1,"2019/08/19 14:50:00",TALWA1,190
D,DISPATCH,UNIT_SCADA,1,"2019/08/19 14:50:00",TARALGA1,90.0690
D,DISPATCH,UNIT_SCADA,1,"2019/08/19 14:50:00",TARONG#1,286.200010
D,DISPATCH,UNIT_SCADA,1,"2019/08/19 14:50:00",TARONG#2,285.50
D,DISPATCH,UNIT_SCADA,1,"2019/08/19 14:50:00",TARONG#3,259
D,DISPATCH,UNIT_SCADA,1,"2019/08/19 14:50:00",TARONG#4,281.700010
D,DISPATCH,UNIT_SCADA,1,"2019/08/19 14:50:00",TARRALEA,78.90
D,DISPATCH,UNIT_SCADA,1,"2019/08/19 14:50:00",TBSF1,0
D,DISPATCH,UNIT_SCADA,1,"2019/08/19 14:50:00",TNPS1,442.000030
D,DISPATCH,UNIT_SCADA,1,"2019/08/19 14:50:00",TORRA1,16.997330
D,DISPATCH,UNIT_SCADA,1,"2019/08/19 14:50:00",TORRA2,0
D,DISPATCH,UNIT_SCADA,1,"2019/08/19 14:50:00",TORRA3,39.173820
D,DISPATCH,UNIT_SCADA,1,"2019/08/19 14:50:00",TORRA4,0
D,DISPATCH,UNIT_SCADA,1,"2019/08/19 14:50:00",TORRB1,39.28
D,DISPATCH,UNIT_SCADA,1,"2019/08/19 14:50:00",TORRB2,68.09
D,DISPATCH,UNIT_SCADA,1,"2019/08/19 14:50:00",TORRB3,0
D,DISPATCH,UNIT_SCADA,1,"2019/08/19 14:50:00",TORRB4,0
D,DISPATCH,UNIT_SCADA,1,"2019/08/19 14:50:00",TREVALLN,40.290020
D,DISPATCH,UNIT_SCADA,1,"2019/08/19 14:50:00",TRIBUTE,0
D,DISPATCH,UNIT_SCADA,1,"2019/08/19 14:50:00",TUMUT3,0
D,DISPATCH,UNIT_SCADA,1,"2019/08/19 14:50:00",TUNGATIN,122.570030
D,DISPATCH,UNIT_SCADA,1,"2019/08/19 14:50:00",TVCC201,0
D,DISPATCH,UNIT_SCADA,1,"2019/08/19 14:50:00",TVPP104,0
D,DISPATCH,UNIT_SCADA,1,"2019/08/19 14:50:00",UPPTUMUT,0
D,DISPATCH,UNIT_SCADA,1,"2019/08/19 14:50:00",URANQ11,0
D,DISPATCH,UNIT_SCADA,1,"2019/08/19 14:50:00",URANQ12,0
D,DISPATCH,UNIT_SCADA,1,"2019/08/19 14:50:00",URANQ13,0
D,DISPATCH,UNIT_SCADA,1,"2019/08/19 14:50:00",URANQ14,0
D,DISPATCH,UNIT_SCADA,1,"2019/08/19 14:50:00",VP5,360.299990
D,DISPATCH,UNIT_SCADA,1,"2019/08/19 14:50:00",VP6,358.649990
D,DISPATCH,UNIT_SCADA,1,"2019/08/19 14:50:00",VPGS1,0
D,DISPATCH,UNIT_SCADA,1,"2019/08/19 14:50:00",VPGS2,0
D,DISPATCH,UNIT_SCADA,1,"2019/08/19 14:50:00",VPGS3,0
D,DISPATCH,UNIT_SCADA,1,"2019/08/19 14:50:00",VPGS4,0
D,DISPATCH,UNIT_SCADA,1,"2019/08/19 14:50:00",VPGS5,0
D,DISPATCH,UNIT_SCADA,1,"2019/08/19 14:50:00",VPGS6,0
D,DISPATCH,UNIT_SCADA,1,"2019/08/19 14:50:00",W/HOE#1,0
D,DISPATCH,UNIT_SCADA,1,"2019/08/19 14:50:00",W/HOE#2,0
D,DISPATCH,UNIT_SCADA,1,"2019/08/19 14:50:00",WATERLWF,83.30
D,DISPATCH,UNIT_SCADA,1,"2019/08/19 14:50:00",WEMENSF1,0.10
D,DISPATCH,UNIT_SCADA,1,"2019/08/19 14:50:00",WGWF1,65.60
D,DISPATCH,UNIT_SCADA,1,"2019/08/19 14:50:00",WHITSF1,42.80
D,DISPATCH,UNIT_SCADA,1,"2019/08/19 14:50:00",WKIEWA1,0
D,DISPATCH,UNIT_SCADA,1,"2019/08/19 14:50:00",WKIEWA2,0.10
D,DISPATCH,UNIT_SCADA,1,"2019/08/19 14:50:00",WOODLWN1,40.275010
D,DISPATCH,UNIT_SCADA,1,"2019/08/19 14:50:00",WRSF1,13.93
D,DISPATCH,UNIT_SCADA,1,"2019/08/19 14:50:00",WRWF1,147.968750
D,DISPATCH,UNIT_SCADA,1,"2019/08/19 14:50:00",YABULU,0
D,DISPATCH,UNIT_SCADA,1,"2019/08/19 14:50:00",YABULU2,0
D,DISPATCH,UNIT_SCADA,1,"2019/08/19 14:50:00",YARWUN_1,0
D,DISPATCH,UNIT_SCADA,1,"2019/08/19 14:50:00",YENDWF1,42.08
D,DISPATCH,UNIT_SCADA,1,"2019/08/19 14:50:00",YWPS1,371.427860
D,DISPATCH,UNIT_SCADA,1,"2019/08/19 14:50:00",YWPS2,275.184810
D,DISPATCH,UNIT_SCADA,1,"2019/08/19 14:50:00",YWPS3,0
D,DISPATCH,UNIT_SCADA,1,"2019/08/19 14:50:00",YWPS4,394.955690
C,"END OF REPORT",334
