C,NEMP.WORLD,DISPATCHSCADA,AEMO,PUBLIC,2019/08/20,03:10:09,0000000311769717,DISPATCHSCADA,0000000311769711
I,DISPATCH,UNIT_SCADA,1,SETTLEMENTDATE,DUID,SCADAVALUE
D,DISPATCH,UNIT_SCADA,1,"2019/08/20 03:15:00",BARCSF1,0
D,DISPATCH,UNIT_SCADA,1,"2019/08/20 03:15:00",BUTLERSG,9.799998
D,DISPATCH,UNIT_SCADA,1,"2019/08/20 03:15:00",CALL_A_4,0
D,DISPATCH,UNIT_SCADA,1,"2019/08/20 03:15:00",CAPTL_WF,128.783997
D,DISPATCH,UNIT_SCADA,1,"2019/08/20 03:15:00",CATHROCK,48.379997
D,DISPATCH,UNIT_SCADA,1,"2019/08/20 03:15:00",CHALLHWF,30.50
D,DISPATCH,UNIT_SCADA,1,"2019/08/20 03:15:00",CLOVER,-0.01
D,DISPATCH,UNIT_SCADA,1,"2019/08/20 03:15:00",CLUNY,16.582743
D,DISPATCH,UNIT_SCADA,1,"2019/08/20 03:15:00",CNUNDAWF,39.546131
D,DISPATCH,UNIT_SCADA,1,"2019/08/20 03:15:00",CULLRGWF,30.42
D,DISPATCH,UNIT_SCADA,1,"2019/08/20 03:15:00",ERGT01,0
D,DISPATCH,UNIT_SCADA,1,"2019/08/20 03:15:00",GB01,0.060413
D,DISPATCH,UNIT_SCADA,1,"2019/08/20 03:15:00",GERMCRK,36.599998
D,DISPATCH,UNIT_SCADA,1,"2019/08/20 03:15:00",GRIFSF1,0
D,DISPATCH,UNIT_SCADA,1,"2019/08/20 03:15:00",HUGSF1,-0.2580
D,DISPATCH,UNIT_SCADA,1,"2019/08/20 03:15:00",LKBONNY1,70.018539
D,DISPATCH,UNIT_SCADA,1,"2019/08/20 03:15:00",LRSF1,-0.03
D,DISPATCH,UNIT_SCADA,1,"2019/08/20 03:15:00",MBAHNTH,55.462494
D,DISPATCH,UNIT_SCADA,1,"2019/08/20 03:15:00",MLSP1,0.304001
D,DISPATCH,UNIT_SCADA,1,"2019/08/20 03:15:00",MLWF1,18.315001
D,DISPATCH,UNIT_SCADA,1,"2019/08/20 03:15:00",MTMILLAR,17.196871
D,DISPATCH,UNIT_SCADA,1,"2019/08/20 03:15:00",PALOONA,23.50
D,DISPATCH,UNIT_SCADA,1,"2019/08/20 03:15:00",PIONEER,10.70
D,DISPATCH,UNIT_SCADA,1,"2019/08/20 03:15:00",PORTWF,136.300003
D,DISPATCH,UNIT_SCADA,1,"2019/08/20 03:15:00",REPULSE,29.000076
D,DISPATCH,UNIT_SCADA,1,"2019/08/20 03:15:00",ROWALLAN,9.9826
D,DISPATCH,UNIT_SCADA,1,"2019/08/20 03:15:00",ROYALLA1,0
D,DISPATCH,UNIT_SCADA,1,"2019/08/20 03:15:00",RPCG,4.80
D,DISPATCH,UNIT_SCADA,1,"2019/08/20 03:15:00",RUBICON,0
D,DISPATCH,UNIT_SCADA,1,"2019/08/20 03:15:00",SATGN1,0
D,DISPATCH,UNIT_SCADA,1,"2019/08/20 03:15:00",SATGS1,0
D,DISPATCH,UNIT_SCADA,1,"2019/08/20 03:15:00",STARHLWF,15.995336
D,DISPATCH,UNIT_SCADA,1,"2019/08/20 03:15:00",WAUBRAWF,130.0970
D,DISPATCH,UNIT_SCADA,1,"2019/08/20 03:15:00",WOOLNTH1,127.370018
D,DISPATCH,UNIT_SCADA,1,"2019/08/20 03:15:00",WPWF,25
D,DISPATCH,UNIT_SCADA,1,"2019/08/20 03:15:00",YAMBUKWF,13.60
D,DISPATCH,UNIT_SCADA,1,"2019/08/20 03:15:00",YSWF1,28.799999
D,DISPATCH,UNIT_SCADA,1,"2019/08/20 03:15:00",AGLHAL,0
D,DISPATCH,UNIT_SCADA,1,"2019/08/20 03:15:00",AGLSOM,0
D,DISPATCH,UNIT_SCADA,1,"2019/08/20 03:15:00",ANGAST1,0
D,DISPATCH,UNIT_SCADA,1,"2019/08/20 03:15:00",ARWF1,32.70
D,DISPATCH,UNIT_SCADA,1,"2019/08/20 03:15:00",BALBG1,0
D,DISPATCH,UNIT_SCADA,1,"2019/08/20 03:15:00",BALBL1,0
D,DISPATCH,UNIT_SCADA,1,"2019/08/20 03:15:00",BALDHWF1,101.8970
D,DISPATCH,UNIT_SCADA,1,"2019/08/20 03:15:00",BANN1,0
D,DISPATCH,UNIT_SCADA,1,"2019/08/20 03:15:00",BARCALDN,0
D,DISPATCH,UNIT_SCADA,1,"2019/08/20 03:15:00",BARRON-1,0
D,DISPATCH,UNIT_SCADA,1,"2019/08/20 03:15:00",BARRON-2,25.52
D,DISPATCH,UNIT_SCADA,1,"2019/08/20 03:15:00",BASTYAN,80.780010
D,DISPATCH,UNIT_SCADA,1,"2019/08/20 03:15:00",BBTHREE1,0
D,DISPATCH,UNIT_SCADA,1,"2019/08/20 03:15:00",BBTHREE2,0
D,DISPATCH,UNIT_SCADA,1,"2019/08/20 03:15:00",BBTHREE3,0
D,DISPATCH,UNIT_SCADA,1,"2019/08/20 03:15:00",BDL01,0
D,DISPATCH,UNIT_SCADA,1,"2019/08/20 03:15:00",BDL02,0
D,DISPATCH,UNIT_SCADA,1,"2019/08/20 03:15:00",BERYLSF1,0
D,DISPATCH,UNIT_SCADA,1,"2019/08/20 03:15:00",BLOWERNG,0
D,DISPATCH,UNIT_SCADA,1,"2019/08/20 03:15:00",BLUFF1,40.90
D,DISPATCH,UNIT_SCADA,1,"2019/08/20 03:15:00",BNGSF1,0
D,DISPATCH,UNIT_SCADA,1,"2019/08/20 03:15:00",BNGSF2,0
D,DISPATCH,UNIT_SCADA,1,"2019/08/20 03:15:00",BOCORWF1,64.22
D,DISPATCH,UNIT_SCADA,1,"2019/08/20 03:15:00",BODWF1,51.6890
D,DISPATCH,UNIT_SCADA,1,"2019/08/20 03:15:00",BRAEMAR1,0
D,DISPATCH,UNIT_SCADA,1,"2019/08/20 03:15:00",BRAEMAR2,0
D,DISPATCH,UNIT_SCADA,1,"2019/08/20 03:15:00",BRAEMAR3,0
D,DISPATCH,UNIT_SCADA,1,"2019/08/20 03:15:00",BRAEMAR5,0
D,DISPATCH,UNIT_SCADA,1,"2019/08/20 03:15:00",BRAEMAR6,0
D,DISPATCH,UNIT_SCADA,1,"2019/08/20 03:15:00",BRAEMAR7,0
D,DISPATCH,UNIT_SCADA,1,"2019/08/20 03:15:00",BROKENH1,0
D,DISPATCH,UNIT_SCADA,1,"2019/08/20 03:15:00",BW01,374.275020
D,DISPATCH,UNIT_SCADA,1,"2019/08/20 03:15:00",BW02,454.599980
D,DISPATCH,UNIT_SCADA,1,"2019/08/20 03:15:00",BW03,541.675050
D,DISPATCH,UNIT_SCADA,1,"2019/08/20 03:15:00",BW04,0
D,DISPATCH,UNIT_SCADA,1,"2019/08/20 03:15:00",CALL_B_1,339.899990
D,DISPATCH,UNIT_SCADA,1,"2019/08/20 03:15:00",CALL_B_2,290.200010
D,DISPATCH,UNIT_SCADA,1,"2019/08/20 03:15:00",CETHANA,92.376630
D,DISPATCH,UNIT_SCADA,1,"2019/08/20 03:15:00",CG1,0
D,DISPATCH,UNIT_SCADA,1,"2019/08/20 03:15:00",CG2,0
D,DISPATCH,UNIT_SCADA,1,"2019/08/20 03:15:00",CG3,0
D,DISPATCH,UNIT_SCADA,1,"2019/08/20 03:15:00",CG4,0
D,DISPATCH,UNIT_SCADA,1,"2019/08/20 03:15:00",CHILDSF1,0
D,DISPATCH,UNIT_SCADA,1,"2019/08/20 03:15:00",CLARESF1,0
D,DISPATCH,UNIT_SCADA,1,"2019/08/20 03:15:00",CLEMGPWF,2.8814
D,DISPATCH,UNIT_SCADA,1,"2019/08/20 03:15:00",CLERMSF1,0
D,DISPATCH,UNIT_SCADA,1,"2019/08/20 03:15:00",COLEASF1,0
D,DISPATCH,UNIT_SCADA,1,"2019/08/20 03:15:00",COOPGWF1,28.527410
D,DISPATCH,UNIT_SCADA,1,"2019/08/20 03:15:00",CPP_3,404.25
D,DISPATCH,UNIT_SCADA,1,"2019/08/20 03:15:00",CPP_4,405.899990
D,DISPATCH,UNIT_SCADA,1,"2019/08/20 03:15:00",CPSA,143.420620
D,DISPATCH,UNIT_SCADA,1,"2019/08/20 03:15:00",CROOKWF2,64.243740
D,DISPATCH,UNIT_SCADA,1,"2019/08/20 03:15:00",CROWLWF1,27.330560
D,DISPATCH,UNIT_SCADA,1,"2019/08/20 03:15:00",CSPVPS1,0
D,DISPATCH,UNIT_SCADA,1,"2019/08/20 03:15:00",DALNTH01,0
D,DISPATCH,UNIT_SCADA,1,"2019/08/20 03:15:00",DALNTHL1,6.071560
D,DISPATCH,UNIT_SCADA,1,"2019/08/20 03:15:00",DARTM1,0
D,DISPATCH,UNIT_SCADA,1,"2019/08/20 03:15:00",DAYDSF1,0
D,DISPATCH,UNIT_SCADA,1,"2019/08/20 03:15:00",DDPS1,0
D,DISPATCH,UNIT_SCADA,1,"2019/08/20 03:15:00",DDSF1,0
D,DISPATCH,UNIT_SCADA,1,"2019/08/20 03:15:00",DEVILS_G,60.9711
D,DISPATCH,UNIT_SCADA,1,"2019/08/20 03:15:00",DG_NSW1,0
D,DISPATCH,UNIT_SCADA,1,"2019/08/20 03:15:00",DG_QLD1,0
D,DISPATCH,UNIT_SCADA,1,"2019/08/20 03:15:00",DG_SA1,0
D,DISPATCH,UNIT_SCADA,1,"2019/08/20 03:15:00",DG_TAS1,0
D,DISPATCH,UNIT_SCADA,1,"2019/08/20 03:15:00",DG_VIC1,0
D,DISPATCH,UNIT_SCADA,1,"2019/08/20 03:15:00",DRYCGT1,0
D,DISPATCH,UNIT_SCADA,1,"2019/08/20 03:15:00",DRYCGT2,0
D,DISPATCH,UNIT_SCADA,1,"2019/08/20 03:15:00",DRYCGT3,0
D,DISPATCH,UNIT_SCADA,1,"2019/08/20 03:15:00",EILDON1,0
D,DISPATCH,UNIT_SCADA,1,"2019/08/20 03:15:00",EILDON2,0
D,DISPATCH,UNIT_SCADA,1,"2019/08/20 03:15:00",EMERASF1,0
D,DISPATCH,UNIT_SCADA,1,"2019/08/20 03:15:00",ER01,352.50
D,DISPATCH,UNIT_SCADA,1,"2019/08/20 03:15:00",ER02,383.6001
D,DISPATCH,UNIT_SCADA,1,"2019/08/20 03:15:00",ER03,380.550050
D,DISPATCH,UNIT_SCADA,1,"2019/08/20 03:15:00",ER04,381
D,DISPATCH,UNIT_SCADA,1,"2019/08/20 03:15:00",FINLYSF1,0
D,DISPATCH,UNIT_SCADA,1,"2019/08/20 03:15:00",FISHER,45.87
D,DISPATCH,UNIT_SCADA,1,"2019/08/20 03:15:00",GANNBG1,0
D,DISPATCH,UNIT_SCADA,1,"2019/08/20 03:15:00",GANNBL1,10
D,DISPATCH,UNIT_SCADA,1,"2019/08/20 03:15:00",GANNSF1,0
D,DISPATCH,UNIT_SCADA,1,"2019/08/20 03:15:00",GORDON,0
D,DISPATCH,UNIT_SCADA,1,"2019/08/20 03:15:00",GSTONE1,149.974990
D,DISPATCH,UNIT_SCADA,1,"2019/08/20 03:15:00",GSTONE2,145.599990
D,DISPATCH,UNIT_SCADA,1,"2019/08/20 03:15:00",GSTONE3,148.399990
D,DISPATCH,UNIT_SCADA,1,"2019/08/20 03:15:00",GSTONE4,148.399990
D,DISPATCH,UNIT_SCADA,1,"2019/08/20 03:15:00",GSTONE5,149.6250
D,DISPATCH,UNIT_SCADA,1,"2019/08/20 03:15:00",GSTONE6,0
D,DISPATCH,UNIT_SCADA,1,"2019/08/20 03:15:00",GULLRSF1,0
D,DISPATCH,UNIT_SCADA,1,"2019/08/20 03:15:00",GULLRWF1,147.646150
D,DISPATCH,UNIT_SCADA,1,"2019/08/20 03:15:00",GUNNING1,46.572210
D,DISPATCH,UNIT_SCADA,1,"2019/08/20 03:15:00",GUTHEGA,0
D,DISPATCH,UNIT_SCADA,1,"2019/08/20 03:15:00",HALLWF1,87.89
D,DISPATCH,UNIT_SCADA,1,"2019/08/20 03:15:00",HALLWF2,56.44
D,DISPATCH,UNIT_SCADA,1,"2019/08/20 03:15:00",HAMISF1,0
D,DISPATCH,UNIT_SCADA,1,"2019/08/20 03:15:00",HAUGHT11,0
D,DISPATCH,UNIT_SCADA,1,"2019/08/20 03:15:00",HAYMSF1,0
D,DISPATCH,UNIT_SCADA,1,"2019/08/20 03:15:00",HDWF1,69.30
D,DISPATCH,UNIT_SCADA,1,"2019/08/20 03:15:00",HDWF2,43.50
D,DISPATCH,UNIT_SCADA,1,"2019/08/20 03:15:00",HDWF3,63.80
D,DISPATCH,UNIT_SCADA,1,"2019/08/20 03:15:00",HPRG1,0
D,DISPATCH,UNIT_SCADA,1,"2019/08/20 03:15:00",HPRL1,29.90
D,DISPATCH,UNIT_SCADA,1,"2019/08/20 03:15:00",HUMENSW,0
D,DISPATCH,UNIT_SCADA,1,"2019/08/20 03:15:00",HUMEV,9.70
D,DISPATCH,UNIT_SCADA,1,"2019/08/20 03:15:00",HVGTS,0
D,DISPATCH,UNIT_SCADA,1,"2019/08/20 03:15:00",JBUTTERS,133.94
D,DISPATCH,UNIT_SCADA,1,"2019/08/20 03:15:00",JLA01,0.50
D,DISPATCH,UNIT_SCADA,1,"2019/08/20 03:15:00",JLA02,0
D,DISPATCH,UNIT_SCADA,1,"2019/08/20 03:15:00",JLA03,0.10
D,DISPATCH,UNIT_SCADA,1,"2019/08/20 03:15:00",JLA04,0.10
D,DISPATCH,UNIT_SCADA,1,"2019/08/20 03:15:00",JLB01,0
D,DISPATCH,UNIT_SCADA,1,"2019/08/20 03:15:00",JLB02,0.10
D,DISPATCH,UNIT_SCADA,1,"2019/08/20 03:15:00",JLB03,0
D,DISPATCH,UNIT_SCADA,1,"2019/08/20 03:15:00",KAREEYA1,21.4250
D,DISPATCH,UNIT_SCADA,1,"2019/08/20 03:15:00",KAREEYA2,21.9675
D,DISPATCH,UNIT_SCADA,1,"2019/08/20 03:15:00",KAREEYA3,0
D,DISPATCH,UNIT_SCADA,1,"2019/08/20 03:15:00",KAREEYA4,21.66
D,DISPATCH,UNIT_SCADA,1,"2019/08/20 03:15:00",KARSF1,0
D,DISPATCH,UNIT_SCADA,1,"2019/08/20 03:15:00",KIATAWF1,29.20
D,DISPATCH,UNIT_SCADA,1,"2019/08/20 03:15:00",KPP_1,0
D,DISPATCH,UNIT_SCADA,1,"2019/08/20 03:15:00",KSP1,0
D,DISPATCH,UNIT_SCADA,1,"2019/08/20 03:15:00",LADBROK1,0
D,DISPATCH,UNIT_SCADA,1,"2019/08/20 03:15:00",LADBROK2,0
D,DISPATCH,UNIT_SCADA,1,"2019/08/20 03:15:00",LD01,353.174930
D,DISPATCH,UNIT_SCADA,1,"2019/08/20 03:15:00",LD02,351.9563
D,DISPATCH,UNIT_SCADA,1,"2019/08/20 03:15:00",LD03,353.793730
D,DISPATCH,UNIT_SCADA,1,"2019/08/20 03:15:00",LD04,350.606230
D,DISPATCH,UNIT_SCADA,1,"2019/08/20 03:15:00",LEM_WIL,85.3801
D,DISPATCH,UNIT_SCADA,1,"2019/08/20 03:15:00",LGAPWF1,22.59
D,DISPATCH,UNIT_SCADA,1,"2019/08/20 03:15:00",LILYSF1,0
D,DISPATCH,UNIT_SCADA,1,"2019/08/20 03:15:00",LI_WY_CA,145.813870
D,DISPATCH,UNIT_SCADA,1,"2019/08/20 03:15:00",LKBONNY2,153.320950
D,DISPATCH,UNIT_SCADA,1,"2019/08/20 03:15:00",LKBONNY3,37.847330
D,DISPATCH,UNIT_SCADA,1,"2019/08/20 03:15:00",LK_ECHO,0
D,DISPATCH,UNIT_SCADA,1,"2019/08/20 03:15:00",LNGS1,0
D,DISPATCH,UNIT_SCADA,1,"2019/08/20 03:15:00",LNGS2,0
D,DISPATCH,UNIT_SCADA,1,"2019/08/20 03:15:00",LONSDALE,0
D,DISPATCH,UNIT_SCADA,1,"2019/08/20 03:15:00",LOYYB1,536.088620
D,DISPATCH,UNIT_SCADA,1,"2019/08/20 03:15:00",LOYYB2,583.458250
D,DISPATCH,UNIT_SCADA,1,"2019/08/20 03:15:00",LYA1,559
D,DISPATCH,UNIT_SCADA,1,"2019/08/20 03:15:00",LYA2,0
D,DISPATCH,UNIT_SCADA,1,"2019/08/20 03:15:00",LYA3,559
D,DISPATCH,UNIT_SCADA,1,"2019/08/20 03:15:00",LYA4,540
D,DISPATCH,UNIT_SCADA,1,"2019/08/20 03:15:00",MACARTH1,301.893040
D,DISPATCH,UNIT_SCADA,1,"2019/08/20 03:15:00",MACKAYGT,0
D,DISPATCH,UNIT_SCADA,1,"2019/08/20 03:15:00",MACKNTSH,85.570010
D,DISPATCH,UNIT_SCADA,1,"2019/08/20 03:15:00",MANSLR1,0
D,DISPATCH,UNIT_SCADA,1,"2019/08/20 03:15:00",MCKAY1,0.02
D,DISPATCH,UNIT_SCADA,1,"2019/08/20 03:15:00",MEADOWBK,33.953040
D,DISPATCH,UNIT_SCADA,1,"2019/08/20 03:15:00",MERCER01,121.85
D,DISPATCH,UNIT_SCADA,1,"2019/08/20 03:15:00",MEWF1,45.361150
D,DISPATCH,UNIT_SCADA,1,"2019/08/20 03:15:00",MINTARO,0
D,DISPATCH,UNIT_SCADA,1,"2019/08/20 03:15:00",MOREESF1,0
D,DISPATCH,UNIT_SCADA,1,"2019/08/20 03:15:00",MORTLK11,124
D,DISPATCH,UNIT_SCADA,1,"2019/08/20 03:15:00",MORTLK12,0
D,DISPATCH,UNIT_SCADA,1,"2019/08/20 03:15:00",MP1,280.025020
D,DISPATCH,UNIT_SCADA,1,"2019/08/20 03:15:00",MP2,0
D,DISPATCH,UNIT_SCADA,1,"2019/08/20 03:15:00",MPP_1,424.75
D,DISPATCH,UNIT_SCADA,1,"2019/08/20 03:15:00",MPP_2,436
D,DISPATCH,UNIT_SCADA,1,"2019/08/20 03:15:00",MSTUART1,0
D,DISPATCH,UNIT_SCADA,1,"2019/08/20 03:15:00",MSTUART2,0
D,DISPATCH,UNIT_SCADA,1,"2019/08/20 03:15:00",MSTUART3,0
D,DISPATCH,UNIT_SCADA,1,"2019/08/20 03:15:00",MTGELWF1,64.578690
D,DISPATCH,UNIT_SCADA,1,"2019/08/20 03:15:00",MURRAY,0
D,DISPATCH,UNIT_SCADA,1,"2019/08/20 03:15:00",MUSSELR1,139.299990
D,DISPATCH,UNIT_SCADA,1,"2019/08/20 03:15:00",MUWAWF1,27.11
D,DISPATCH,UNIT_SCADA,1,"2019/08/20 03:15:00",NBHWF1,99.40
D,DISPATCH,UNIT_SCADA,1,"2019/08/20 03:15:00",NPS,0
D,DISPATCH,UNIT_SCADA,1,"2019/08/20 03:15:00",NUMURSF1,0
D,DISPATCH,UNIT_SCADA,1,"2019/08/20 03:15:00",NYNGAN1,0
D,DISPATCH,UNIT_SCADA,1,"2019/08/20 03:15:00",OAKEY1,0
D,DISPATCH,UNIT_SCADA,1,"2019/08/20 03:15:00",OAKEY1SF,0
D,DISPATCH,UNIT_SCADA,1,"2019/08/20 03:15:00",OAKEY2,0
D,DISPATCH,UNIT_SCADA,1,"2019/08/20 03:15:00",OAKLAND1,60.10
D,DISPATCH,UNIT_SCADA,1,"2019/08/20 03:15:00",OSB-AG,141.13
D,DISPATCH,UNIT_SCADA,1,"2019/08/20 03:15:00",PARSF1,0
D,DISPATCH,UNIT_SCADA,1,"2019/08/20 03:15:00",POAT110,0
D,DISPATCH,UNIT_SCADA,1,"2019/08/20 03:15:00",POAT220,14.32
D,DISPATCH,UNIT_SCADA,1,"2019/08/20 03:15:00",POR01,0
D,DISPATCH,UNIT_SCADA,1,"2019/08/20 03:15:00",POR03,0
D,DISPATCH,UNIT_SCADA,1,"2019/08/20 03:15:00",PPCCGT,0
D,DISPATCH,UNIT_SCADA,1,"2019/08/20 03:15:00",PTSTAN1,0
D,DISPATCH,UNIT_SCADA,1,"2019/08/20 03:15:00",PUMP1,0
D,DISPATCH,UNIT_SCADA,1,"2019/08/20 03:15:00",PUMP2,0
D,DISPATCH,UNIT_SCADA,1,"2019/08/20 03:15:00",QPS1,0
D,DISPATCH,UNIT_SCADA,1,"2019/08/20 03:15:00",QPS2,0
D,DISPATCH,UNIT_SCADA,1,"2019/08/20 03:15:00",QPS3,0
D,DISPATCH,UNIT_SCADA,1,"2019/08/20 03:15:00",QPS4,0
D,DISPATCH,UNIT_SCADA,1,"2019/08/20 03:15:00",QPS5,0
D,DISPATCH,UNIT_SCADA,1,"2019/08/20 03:15:00",REECE1,114.600010
D,DISPATCH,UNIT_SCADA,1,"2019/08/20 03:15:00",REECE2,114.840010
D,DISPATCH,UNIT_SCADA,1,"2019/08/20 03:15:00",ROMA_7,0
D,DISPATCH,UNIT_SCADA,1,"2019/08/20 03:15:00",ROMA_8,0
D,DISPATCH,UNIT_SCADA,1,"2019/08/20 03:15:00",RRSF1,0
D,DISPATCH,UNIT_SCADA,1,"2019/08/20 03:15:00",RT_NSW1,0
D,DISPATCH,UNIT_SCADA,1,"2019/08/20 03:15:00",RT_NSW2,0
D,DISPATCH,UNIT_SCADA,1,"2019/08/20 03:15:00",RT_NSW3,0
D,DISPATCH,UNIT_SCADA,1,"2019/08/20 03:15:00",RT_NSW4,0
D,DISPATCH,UNIT_SCADA,1,"2019/08/20 03:15:00",RT_NSW5,0
D,DISPATCH,UNIT_SCADA,1,"2019/08/20 03:15:00",RT_NSW6,0
D,DISPATCH,UNIT_SCADA,1,"2019/08/20 03:15:00",RT_QLD1,0
D,DISPATCH,UNIT_SCADA,1,"2019/08/20 03:15:00",RT_SA1,0
D,DISPATCH,UNIT_SCADA,1,"2019/08/20 03:15:00",RT_SA2,0
D,DISPATCH,UNIT_SCADA,1,"2019/08/20 03:15:00",RT_SA3,0
D,DISPATCH,UNIT_SCADA,1,"2019/08/20 03:15:00",RT_SA4,0
D,DISPATCH,UNIT_SCADA,1,"2019/08/20 03:15:00",RT_SA5,0
D,DISPATCH,UNIT_SCADA,1,"2019/08/20 03:15:00",RT_SA6,0
D,DISPATCH,UNIT_SCADA,1,"2019/08/20 03:15:00",RT_TAS1,0
D,DISPATCH,UNIT_SCADA,1,"2019/08/20 03:15:00",RT_VIC1,0
D,DISPATCH,UNIT_SCADA,1,"2019/08/20 03:15:00",RT_VIC10,0
D,DISPATCH,UNIT_SCADA,1,"2019/08/20 03:15:00",RT_VIC11,0
D,DISPATCH,UNIT_SCADA,1,"2019/08/20 03:15:00",RT_VIC12,0
D,DISPATCH,UNIT_SCADA,1,"2019/08/20 03:15:00",RT_VIC2,0
D,DISPATCH,UNIT_SCADA,1,"2019/08/20 03:15:00",RT_VIC3,0
D,DISPATCH,UNIT_SCADA,1,"2019/08/20 03:15:00",RT_VIC4,0
D,DISPATCH,UNIT_SCADA,1,"2019/08/20 03:15:00",RT_VIC5,0
D,DISPATCH,UNIT_SCADA,1,"2019/08/20 03:15:00",RT_VIC6,0
D,DISPATCH,UNIT_SCADA,1,"2019/08/20 03:15:00",RT_VIC7,0
D,DISPATCH,UNIT_SCADA,1,"2019/08/20 03:15:00",RT_VIC8,0
D,DISPATCH,UNIT_SCADA,1,"2019/08/20 03:15:00",RT_VIC9,0
D,DISPATCH,UNIT_SCADA,1,"2019/08/20 03:15:00",RUGBYR1,0
D,DISPATCH,UNIT_SCADA,1,"2019/08/20 03:15:00",SALTCRK1,49.93
D,DISPATCH,UNIT_SCADA,1,"2019/08/20 03:15:00",SAPHWF1,197.765630
D,DISPATCH,UNIT_SCADA,1,"2019/08/20 03:15:00",SHGEN,0
D,DISPATCH,UNIT_SCADA,1,"2019/08/20 03:15:00",SHPUMP,0
D,DISPATCH,UNIT_SCADA,1,"2019/08/20 03:15:00",SITHE01,0.153860
D,DISPATCH,UNIT_SCADA,1,"2019/08/20 03:15:00",SMCSF1,0
D,DISPATCH,UNIT_SCADA,1,"2019/08/20 03:15:00",SNOWNTH1,15
D,DISPATCH,UNIT_SCADA,1,"2019/08/20 03:15:00",SNOWSTH1,45.10
D,DISPATCH,UNIT_SCADA,1,"2019/08/20 03:15:00",SNOWTWN1,21.292820
D,DISPATCH,UNIT_SCADA,1,"2019/08/20 03:15:00",SNOWYP,398.200010
D,DISPATCH,UNIT_SCADA,1,"2019/08/20 03:15:00",SNUG1,0.019440
D,DISPATCH,UNIT_SCADA,1,"2019/08/20 03:15:00",SRSF1,0
D,DISPATCH,UNIT_SCADA,1,"2019/08/20 03:15:00",STAN-1,0
D,DISPATCH,UNIT_SCADA,1,"2019/08/20 03:15:00",STAN-2,181.000150
D,DISPATCH,UNIT_SCADA,1,"2019/08/20 03:15:00",STAN-3,220.594350
D,DISPATCH,UNIT_SCADA,1,"2019/08/20 03:15:00",STAN-4,192.356720
D,DISPATCH,UNIT_SCADA,1,"2019/08/20 03:15:00",STWF1,114.693740
D,DISPATCH,UNIT_SCADA,1,"2019/08/20 03:15:00",SWAN_E,0
D,DISPATCH,UNIT_SCADA,1,"2019/08/20 03:15:00",TALWA1,202
D,DISPATCH,UNIT_SCADA,1,"2019/08/20 03:15:00",TARALGA1,95.118760
D,DISPATCH,UNIT_SCADA,1,"2019/08/20 03:15:00",TARONG#1,225.20
D,DISPATCH,UNIT_SCADA,1,"2019/08/20 03:15:00",TARONG#2,232.20
D,DISPATCH,UNIT_SCADA,1,"2019/08/20 03:15:00",TARONG#3,179.70
D,DISPATCH,UNIT_SCADA,1,"2019/08/20 03:15:00",TARONG#4,224.70
D,DISPATCH,UNIT_SCADA,1,"2019/08/20 03:15:00",TARRALEA,79
D,DISPATCH,UNIT_SCADA,1,"2019/08/20 03:15:00",TBSF1,-0.20
D,DISPATCH,UNIT_SCADA,1,"2019/08/20 03:15:00",TNPS1,299.50
D,DISPATCH,UNIT_SCADA,1,"2019/08/20 03:15:00",TORRA1,43.473950
D,DISPATCH,UNIT_SCADA,1,"2019/08/20 03:15:00",TORRA2,0
D,DISPATCH,UNIT_SCADA,1,"2019/08/20 03:15:00",TORRA3,44.449910
D,DISPATCH,UNIT_SCADA,1,"2019/08/20 03:15:00",TORRA4,0
D,DISPATCH,UNIT_SCADA,1,"2019/08/20 03:15:00",TORRB1,41.04
D,DISPATCH,UNIT_SCADA,1,"2019/08/20 03:15:00",TORRB2,40.38
D,DISPATCH,UNIT_SCADA,1,"2019/08/20 03:15:00",TORRB3,0
D,DISPATCH,UNIT_SCADA,1,"2019/08/20 03:15:00",TORRB4,0
D,DISPATCH,UNIT_SCADA,1,"2019/08/20 03:15:00",TREVALLN,2
D,DISPATCH,UNIT_SCADA,1,"2019/08/20 03:15:00",TRIBUTE,70.81
D,DISPATCH,UNIT_SCADA,1,"2019/08/20 03:15:00",TUMUT3,0
D,DISPATCH,UNIT_SCADA,1,"2019/08/20 03:15:00",TUNGATIN,14.90
D,DISPATCH,UNIT_SCADA,1,"2019/08/20 03:15:00",TVCC201,0
D,DISPATCH,UNIT_SCADA,1,"2019/08/20 03:15:00",TVPP104,0
D,DISPATCH,UNIT_SCADA,1,"2019/08/20 03:15:00",UPPTUMUT,0
D,DISPATCH,UNIT_SCADA,1,"2019/08/20 03:15:00",URANQ11,0
D,DISPATCH,UNIT_SCADA,1,"2019/08/20 03:15:00",URANQ12,0
D,DISPATCH,UNIT_SCADA,1,"2019/08/20 03:15:00",URANQ13,0
D,DISPATCH,UNIT_SCADA,1,"2019/08/20 03:15:00",URANQ14,0
D,DISPATCH,UNIT_SCADA,1,"2019/08/20 03:15:00",VP5,308.600010
D,DISPATCH,UNIT_SCADA,1,"2019/08/20 03:15:00",VP6,308.975010
D,DISPATCH,UNIT_SCADA,1,"2019/08/20 03:15:00",VPGS1,0
D,DISPATCH,UNIT_SCADA,1,"2019/08/20 03:15:00",VPGS2,0
D,DISPATCH,UNIT_SCADA,1,"2019/08/20 03:15:00",VPGS3,0
D,DISPATCH,UNIT_SCADA,1,"2019/08/20 03:15:00",VPGS4,0
D,DISPATCH,UNIT_SCADA,1,"2019/08/20 03:15:00",VPGS5,0
D,DISPATCH,UNIT_SCADA,1,"2019/08/20 03:15:00",VPGS6,0
D,DISPATCH,UNIT_SCADA,1,"2019/08/20 03:15:00",W/HOE#1,0
D,DISPATCH,UNIT_SCADA,1,"2019/08/20 03:15:00",W/HOE#2,0
D,DISPATCH,UNIT_SCADA,1,"2019/08/20 03:15:00",WATERLWF,86.40
D,DISPATCH,UNIT_SCADA,1,"2019/08/20 03:15:00",WEMENSF1,0
D,DISPATCH,UNIT_SCADA,1,"2019/08/20 03:15:00",WGWF1,75.40
D,DISPATCH,UNIT_SCADA,1,"2019/08/20 03:15:00",WHITSF1,0
D,DISPATCH,UNIT_SCADA,1,"2019/08/20 03:15:00",WKIEWA1,0
D,DISPATCH,UNIT_SCADA,1,"2019/08/20 03:15:00",WKIEWA2,15.20
D,DISPATCH,UNIT_SCADA,1,"2019/08/20 03:15:00",WOODLWN1,44.7840
D,DISPATCH,UNIT_SCADA,1,"2019/08/20 03:15:00",WRSF1,0
D,DISPATCH,UNIT_SCADA,1,"2019/08/20 03:15:00",WRWF1,130.663740
D,DISPATCH,UNIT_SCADA,1,"2019/08/20 03:15:00",YABULU,0
D,DISPATCH,UNIT_SCADA,1,"2019/08/20 03:15:00",YABULU2,0
D,DISPATCH,UNIT_SCADA,1,"2019/08/20 03:15:00",YARWUN_1,0
D,DISPATCH,UNIT_SCADA,1,"2019/08/20 03:15:00",YENDWF1,42.06
D,DISPATCH,UNIT_SCADA,1,"2019/08/20 03:15:00",YWPS1,361.903810
D,DISPATCH,UNIT_SCADA,1,"2019/08/20 03:15:00",YWPS2,279.946840
D,DISPATCH,UNIT_SCADA,1,"2019/08/20 03:15:00",YWPS3,0
D,DISPATCH,UNIT_SCADA,1,"2019/08/20 03:15:00",YWPS4,392.1329
C,"END OF REPORT",334
