C,NEMP.WORLD,DISPATCHSCADA,AEMO,PUBLIC,2019/08/20,07:05:08,0000000311776078,DISPATCHSCADA,0000000311776072
I,DISPATCH,UNIT_SCADA,1,SETTLEMENTDATE,DUID,SCADAVALUE
D,DISPATCH,UNIT_SCADA,1,"2019/08/20 07:10:00",BARCSF1,0
D,DISPATCH,UNIT_SCADA,1,"2019/08/20 07:10:00",BUTLERSG,9.699999
D,DISPATCH,UNIT_SCADA,1,"2019/08/20 07:10:00",CALL_A_4,0
D,DISPATCH,UNIT_SCADA,1,"2019/08/20 07:10:00",CAPTL_WF,119.271996
D,DISPATCH,UNIT_SCADA,1,"2019/08/20 07:10:00",CATHROCK,50.549995
D,DISPATCH,UNIT_SCADA,1,"2019/08/20 07:10:00",CHALLHWF,23
D,DISPATCH,UNIT_SCADA,1,"2019/08/20 07:10:00",CLOVER,0
D,DISPATCH,UNIT_SCADA,1,"2019/08/20 07:10:00",CLUNY,15.844816
D,DISPATCH,UNIT_SCADA,1,"2019/08/20 07:10:00",CNUNDAWF,34.840645
D,DISPATCH,UNIT_SCADA,1,"2019/08/20 07:10:00",CULLRGWF,30.42
D,DISPATCH,UNIT_SCADA,1,"2019/08/20 07:10:00",ERGT01,0
D,DISPATCH,UNIT_SCADA,1,"2019/08/20 07:10:00",GB01,0.055264
D,DISPATCH,UNIT_SCADA,1,"2019/08/20 07:10:00",GERMCRK,39.099998
D,DISPATCH,UNIT_SCADA,1,"2019/08/20 07:10:00",GRIFSF1,0.600006
D,DISPATCH,UNIT_SCADA,1,"2019/08/20 07:10:00",HUGSF1,0.2170
D,DISPATCH,UNIT_SCADA,1,"2019/08/20 07:10:00",LKBONNY1,63.052410
D,DISPATCH,UNIT_SCADA,1,"2019/08/20 07:10:00",LRSF1,0.1370
D,DISPATCH,UNIT_SCADA,1,"2019/08/20 07:10:00",MBAHNTH,59.006256
D,DISPATCH,UNIT_SCADA,1,"2019/08/20 07:10:00",MLSP1,0.304001
D,DISPATCH,UNIT_SCADA,1,"2019/08/20 07:10:00",MLWF1,19.424999
D,DISPATCH,UNIT_SCADA,1,"2019/08/20 07:10:00",MTMILLAR,23.879168
D,DISPATCH,UNIT_SCADA,1,"2019/08/20 07:10:00",PALOONA,23.60
D,DISPATCH,UNIT_SCADA,1,"2019/08/20 07:10:00",PIONEER,10.60
D,DISPATCH,UNIT_SCADA,1,"2019/08/20 07:10:00",PORTWF,134.600006
D,DISPATCH,UNIT_SCADA,1,"2019/08/20 07:10:00",REPULSE,28.948807
D,DISPATCH,UNIT_SCADA,1,"2019/08/20 07:10:00",ROWALLAN,9.940001
D,DISPATCH,UNIT_SCADA,1,"2019/08/20 07:10:00",ROYALLA1,1.5460
D,DISPATCH,UNIT_SCADA,1,"2019/08/20 07:10:00",RPCG,14
D,DISPATCH,UNIT_SCADA,1,"2019/08/20 07:10:00",RUBICON,0
D,DISPATCH,UNIT_SCADA,1,"2019/08/20 07:10:00",SATGN1,0
D,DISPATCH,UNIT_SCADA,1,"2019/08/20 07:10:00",SATGS1,0
D,DISPATCH,UNIT_SCADA,1,"2019/08/20 07:10:00",STARHLWF,14.395802
D,DISPATCH,UNIT_SCADA,1,"2019/08/20 07:10:00",WAUBRAWF,91.903999
D,DISPATCH,UNIT_SCADA,1,"2019/08/20 07:10:00",WOOLNTH1,128.690018
D,DISPATCH,UNIT_SCADA,1,"2019/08/20 07:10:00",WPWF,36
D,DISPATCH,UNIT_SCADA,1,"2019/08/20 07:10:00",YAMBUKWF,16.10
D,DISPATCH,UNIT_SCADA,1,"2019/08/20 07:10:00",YSWF1,28.60
D,DISPATCH,UNIT_SCADA,1,"2019/08/20 07:10:00",AGLHAL,0
D,DISPATCH,UNIT_SCADA,1,"2019/08/20 07:10:00",AGLSOM,0
D,DISPATCH,UNIT_SCADA,1,"2019/08/20 07:10:00",ANGAST1,0
D,DISPATCH,UNIT_SCADA,1,"2019/08/20 07:10:00",ARWF1,36.70
D,DISPATCH,UNIT_SCADA,1,"2019/08/20 07:10:00",BALBG1,0
D,DISPATCH,UNIT_SCADA,1,"2019/08/20 07:10:00",BALBL1,0
D,DISPATCH,UNIT_SCADA,1,"2019/08/20 07:10:00",BALDHWF1,102.8190
D,DISPATCH,UNIT_SCADA,1,"2019/08/20 07:10:00",BANN1,0
D,DISPATCH,UNIT_SCADA,1,"2019/08/20 07:10:00",BARCALDN,0
D,DISPATCH,UNIT_SCADA,1,"2019/08/20 07:10:00",BARRON-1,0
D,DISPATCH,UNIT_SCADA,1,"2019/08/20 07:10:00",BARRON-2,27.76
D,DISPATCH,UNIT_SCADA,1,"2019/08/20 07:10:00",BASTYAN,79.70
D,DISPATCH,UNIT_SCADA,1,"2019/08/20 07:10:00",BBTHREE1,-1.88
D,DISPATCH,UNIT_SCADA,1,"2019/08/20 07:10:00",BBTHREE2,-2.06
D,DISPATCH,UNIT_SCADA,1,"2019/08/20 07:10:00",BBTHREE3,0
D,DISPATCH,UNIT_SCADA,1,"2019/08/20 07:10:00",BDL01,19.92
D,DISPATCH,UNIT_SCADA,1,"2019/08/20 07:10:00",BDL02,19.92
D,DISPATCH,UNIT_SCADA,1,"2019/08/20 07:10:00",BERYLSF1,7.060590
D,DISPATCH,UNIT_SCADA,1,"2019/08/20 07:10:00",BLOWERNG,0
D,DISPATCH,UNIT_SCADA,1,"2019/08/20 07:10:00",BLUFF1,16.90
D,DISPATCH,UNIT_SCADA,1,"2019/08/20 07:10:00",BNGSF1,0
D,DISPATCH,UNIT_SCADA,1,"2019/08/20 07:10:00",BNGSF2,0
D,DISPATCH,UNIT_SCADA,1,"2019/08/20 07:10:00",BOCORWF1,62.93
D,DISPATCH,UNIT_SCADA,1,"2019/08/20 07:10:00",BODWF1,43.749690
D,DISPATCH,UNIT_SCADA,1,"2019/08/20 07:10:00",BRAEMAR1,0
D,DISPATCH,UNIT_SCADA,1,"2019/08/20 07:10:00",BRAEMAR2,0
D,DISPATCH,UNIT_SCADA,1,"2019/08/20 07:10:00",BRAEMAR3,0
D,DISPATCH,UNIT_SCADA,1,"2019/08/20 07:10:00",BRAEMAR5,0
D,DISPATCH,UNIT_SCADA,1,"2019/08/20 07:10:00",BRAEMAR6,0
D,DISPATCH,UNIT_SCADA,1,"2019/08/20 07:10:00",BRAEMAR7,0
D,DISPATCH,UNIT_SCADA,1,"2019/08/20 07:10:00",BROKENH1,0
D,DISPATCH,UNIT_SCADA,1,"2019/08/20 07:10:00",BW01,623.25
D,DISPATCH,UNIT_SCADA,1,"2019/08/20 07:10:00",BW02,601.275020
D,DISPATCH,UNIT_SCADA,1,"2019/08/20 07:10:00",BW03,627.50
D,DISPATCH,UNIT_SCADA,1,"2019/08/20 07:10:00",BW04,0
D,DISPATCH,UNIT_SCADA,1,"2019/08/20 07:10:00",CALL_B_1,340
D,DISPATCH,UNIT_SCADA,1,"2019/08/20 07:10:00",CALL_B_2,290.399990
D,DISPATCH,UNIT_SCADA,1,"2019/08/20 07:10:00",CETHANA,92.077250
D,DISPATCH,UNIT_SCADA,1,"2019/08/20 07:10:00",CG1,0
D,DISPATCH,UNIT_SCADA,1,"2019/08/20 07:10:00",CG2,0
D,DISPATCH,UNIT_SCADA,1,"2019/08/20 07:10:00",CG3,0
D,DISPATCH,UNIT_SCADA,1,"2019/08/20 07:10:00",CG4,0
D,DISPATCH,UNIT_SCADA,1,"2019/08/20 07:10:00",CHILDSF1,16.64
D,DISPATCH,UNIT_SCADA,1,"2019/08/20 07:10:00",CLARESF1,6.277630
D,DISPATCH,UNIT_SCADA,1,"2019/08/20 07:10:00",CLEMGPWF,0.936460
D,DISPATCH,UNIT_SCADA,1,"2019/08/20 07:10:00",CLERMSF1,6.91
D,DISPATCH,UNIT_SCADA,1,"2019/08/20 07:10:00",COLEASF1,0
D,DISPATCH,UNIT_SCADA,1,"2019/08/20 07:10:00",COOPGWF1,27.996610
D,DISPATCH,UNIT_SCADA,1,"2019/08/20 07:10:00",CPP_3,404.25
D,DISPATCH,UNIT_SCADA,1,"2019/08/20 07:10:00",CPP_4,405.350010
D,DISPATCH,UNIT_SCADA,1,"2019/08/20 07:10:00",CPSA,142.244380
D,DISPATCH,UNIT_SCADA,1,"2019/08/20 07:10:00",CROOKWF2,69.713760
D,DISPATCH,UNIT_SCADA,1,"2019/08/20 07:10:00",CROWLWF1,30.130180
D,DISPATCH,UNIT_SCADA,1,"2019/08/20 07:10:00",CSPVPS1,2.88
D,DISPATCH,UNIT_SCADA,1,"2019/08/20 07:10:00",DALNTH01,0
D,DISPATCH,UNIT_SCADA,1,"2019/08/20 07:10:00",DALNTHL1,0.065610
D,DISPATCH,UNIT_SCADA,1,"2019/08/20 07:10:00",DARTM1,134.600010
D,DISPATCH,UNIT_SCADA,1,"2019/08/20 07:10:00",DAYDSF1,24.7090
D,DISPATCH,UNIT_SCADA,1,"2019/08/20 07:10:00",DDPS1,0
D,DISPATCH,UNIT_SCADA,1,"2019/08/20 07:10:00",DDSF1,18.941950
D,DISPATCH,UNIT_SCADA,1,"2019/08/20 07:10:00",DEVILS_G,59.967650
D,DISPATCH,UNIT_SCADA,1,"2019/08/20 07:10:00",DG_NSW1,0
D,DISPATCH,UNIT_SCADA,1,"2019/08/20 07:10:00",DG_QLD1,0
D,DISPATCH,UNIT_SCADA,1,"2019/08/20 07:10:00",DG_SA1,0
D,DISPATCH,UNIT_SCADA,1,"2019/08/20 07:10:00",DG_TAS1,0
D,DISPATCH,UNIT_SCADA,1,"2019/08/20 07:10:00",DG_VIC1,0
D,DISPATCH,UNIT_SCADA,1,"2019/08/20 07:10:00",DRYCGT1,0
D,DISPATCH,UNIT_SCADA,1,"2019/08/20 07:10:00",DRYCGT2,0
D,DISPATCH,UNIT_SCADA,1,"2019/08/20 07:10:00",DRYCGT3,0
D,DISPATCH,UNIT_SCADA,1,"2019/08/20 07:10:00",EILDON1,0
D,DISPATCH,UNIT_SCADA,1,"2019/08/20 07:10:00",EILDON2,0
D,DISPATCH,UNIT_SCADA,1,"2019/08/20 07:10:00",EMERASF1,8.39
D,DISPATCH,UNIT_SCADA,1,"2019/08/20 07:10:00",ER01,586.925050
D,DISPATCH,UNIT_SCADA,1,"2019/08/20 07:10:00",ER02,691.50
D,DISPATCH,UNIT_SCADA,1,"2019/08/20 07:10:00",ER03,687.275020
D,DISPATCH,UNIT_SCADA,1,"2019/08/20 07:10:00",ER04,690.200070
D,DISPATCH,UNIT_SCADA,1,"2019/08/20 07:10:00",FINLYSF1,0
D,DISPATCH,UNIT_SCADA,1,"2019/08/20 07:10:00",FISHER,45.71
D,DISPATCH,UNIT_SCADA,1,"2019/08/20 07:10:00",GANNBG1,0.079190
D,DISPATCH,UNIT_SCADA,1,"2019/08/20 07:10:00",GANNBL1,0
D,DISPATCH,UNIT_SCADA,1,"2019/08/20 07:10:00",GANNSF1,0.20
D,DISPATCH,UNIT_SCADA,1,"2019/08/20 07:10:00",GORDON,100.077030
D,DISPATCH,UNIT_SCADA,1,"2019/08/20 07:10:00",GSTONE1,209.474990
D,DISPATCH,UNIT_SCADA,1,"2019/08/20 07:10:00",GSTONE2,224.70
D,DISPATCH,UNIT_SCADA,1,"2019/08/20 07:10:00",GSTONE3,214.55
D,DISPATCH,UNIT_SCADA,1,"2019/08/20 07:10:00",GSTONE4,204.75
D,DISPATCH,UNIT_SCADA,1,"2019/08/20 07:10:00",GSTONE5,204.399990
D,DISPATCH,UNIT_SCADA,1,"2019/08/20 07:10:00",GSTONE6,0
D,DISPATCH,UNIT_SCADA,1,"2019/08/20 07:10:00",GULLRSF1,0.440310
D,DISPATCH,UNIT_SCADA,1,"2019/08/20 07:10:00",GULLRWF1,153.6568
D,DISPATCH,UNIT_SCADA,1,"2019/08/20 07:10:00",GUNNING1,44.633770
D,DISPATCH,UNIT_SCADA,1,"2019/08/20 07:10:00",GUTHEGA,33.70
D,DISPATCH,UNIT_SCADA,1,"2019/08/20 07:10:00",HALLWF1,59.62
D,DISPATCH,UNIT_SCADA,1,"2019/08/20 07:10:00",HALLWF2,44.72
D,DISPATCH,UNIT_SCADA,1,"2019/08/20 07:10:00",HAMISF1,6.70
D,DISPATCH,UNIT_SCADA,1,"2019/08/20 07:10:00",HAUGHT11,16.808960
D,DISPATCH,UNIT_SCADA,1,"2019/08/20 07:10:00",HAYMSF1,8.7630
D,DISPATCH,UNIT_SCADA,1,"2019/08/20 07:10:00",HDWF1,36.50
D,DISPATCH,UNIT_SCADA,1,"2019/08/20 07:10:00",HDWF2,22
D,DISPATCH,UNIT_SCADA,1,"2019/08/20 07:10:00",HDWF3,39
D,DISPATCH,UNIT_SCADA,1,"2019/08/20 07:10:00",HPRG1,0.20
D,DISPATCH,UNIT_SCADA,1,"2019/08/20 07:10:00",HPRL1,0
D,DISPATCH,UNIT_SCADA,1,"2019/08/20 07:10:00",HUMENSW,0
D,DISPATCH,UNIT_SCADA,1,"2019/08/20 07:10:00",HUMEV,7.70
D,DISPATCH,UNIT_SCADA,1,"2019/08/20 07:10:00",HVGTS,0
D,DISPATCH,UNIT_SCADA,1,"2019/08/20 07:10:00",JBUTTERS,133.69
D,DISPATCH,UNIT_SCADA,1,"2019/08/20 07:10:00",JLA01,0.50
D,DISPATCH,UNIT_SCADA,1,"2019/08/20 07:10:00",JLA02,54.10
D,DISPATCH,UNIT_SCADA,1,"2019/08/20 07:10:00",JLA03,0.10
D,DISPATCH,UNIT_SCADA,1,"2019/08/20 07:10:00",JLA04,0.10
D,DISPATCH,UNIT_SCADA,1,"2019/08/20 07:10:00",JLB01,0
D,DISPATCH,UNIT_SCADA,1,"2019/08/20 07:10:00",JLB02,83.90
D,DISPATCH,UNIT_SCADA,1,"2019/08/20 07:10:00",JLB03,84.30
D,DISPATCH,UNIT_SCADA,1,"2019/08/20 07:10:00",KAREEYA1,21.4925
D,DISPATCH,UNIT_SCADA,1,"2019/08/20 07:10:00",KAREEYA2,21.7275
D,DISPATCH,UNIT_SCADA,1,"2019/08/20 07:10:00",KAREEYA3,0
D,DISPATCH,UNIT_SCADA,1,"2019/08/20 07:10:00",KAREEYA4,21.7025
D,DISPATCH,UNIT_SCADA,1,"2019/08/20 07:10:00",KARSF1,0
D,DISPATCH,UNIT_SCADA,1,"2019/08/20 07:10:00",KIATAWF1,30.80
D,DISPATCH,UNIT_SCADA,1,"2019/08/20 07:10:00",KPP_1,0
D,DISPATCH,UNIT_SCADA,1,"2019/08/20 07:10:00",KSP1,4.14
D,DISPATCH,UNIT_SCADA,1,"2019/08/20 07:10:00",LADBROK1,42.89
D,DISPATCH,UNIT_SCADA,1,"2019/08/20 07:10:00",LADBROK2,43.11
D,DISPATCH,UNIT_SCADA,1,"2019/08/20 07:10:00",LD01,416.212590
D,DISPATCH,UNIT_SCADA,1,"2019/08/20 07:10:00",LD02,419.681210
D,DISPATCH,UNIT_SCADA,1,"2019/08/20 07:10:00",LD03,396.449980
D,DISPATCH,UNIT_SCADA,1,"2019/08/20 07:10:00",LD04,374.4375
D,DISPATCH,UNIT_SCADA,1,"2019/08/20 07:10:00",LEM_WIL,85.375350
D,DISPATCH,UNIT_SCADA,1,"2019/08/20 07:10:00",LGAPWF1,11.56
D,DISPATCH,UNIT_SCADA,1,"2019/08/20 07:10:00",LILYSF1,14.811140
D,DISPATCH,UNIT_SCADA,1,"2019/08/20 07:10:00",LI_WY_CA,147.804530
D,DISPATCH,UNIT_SCADA,1,"2019/08/20 07:10:00",LKBONNY2,131.250430
D,DISPATCH,UNIT_SCADA,1,"2019/08/20 07:10:00",LKBONNY3,32.488410
D,DISPATCH,UNIT_SCADA,1,"2019/08/20 07:10:00",LK_ECHO,0
D,DISPATCH,UNIT_SCADA,1,"2019/08/20 07:10:00",LNGS1,0
D,DISPATCH,UNIT_SCADA,1,"2019/08/20 07:10:00",LNGS2,0
D,DISPATCH,UNIT_SCADA,1,"2019/08/20 07:10:00",LONSDALE,0
D,DISPATCH,UNIT_SCADA,1,"2019/08/20 07:10:00",LOYYB1,535.336730
D,DISPATCH,UNIT_SCADA,1,"2019/08/20 07:10:00",LOYYB2,582.330380
D,DISPATCH,UNIT_SCADA,1,"2019/08/20 07:10:00",LYA1,559
D,DISPATCH,UNIT_SCADA,1,"2019/08/20 07:10:00",LYA2,0
D,DISPATCH,UNIT_SCADA,1,"2019/08/20 07:10:00",LYA3,559
D,DISPATCH,UNIT_SCADA,1,"2019/08/20 07:10:00",LYA4,540
D,DISPATCH,UNIT_SCADA,1,"2019/08/20 07:10:00",MACARTH1,310.392820
D,DISPATCH,UNIT_SCADA,1,"2019/08/20 07:10:00",MACKAYGT,0
D,DISPATCH,UNIT_SCADA,1,"2019/08/20 07:10:00",MACKNTSH,84.420010
D,DISPATCH,UNIT_SCADA,1,"2019/08/20 07:10:00",MANSLR1,1.5490
D,DISPATCH,UNIT_SCADA,1,"2019/08/20 07:10:00",MCKAY1,0.02
D,DISPATCH,UNIT_SCADA,1,"2019/08/20 07:10:00",MEADOWBK,33.8673
D,DISPATCH,UNIT_SCADA,1,"2019/08/20 07:10:00",MERCER01,123.9390
D,DISPATCH,UNIT_SCADA,1,"2019/08/20 07:10:00",MEWF1,14.971390
D,DISPATCH,UNIT_SCADA,1,"2019/08/20 07:10:00",MINTARO,0
D,DISPATCH,UNIT_SCADA,1,"2019/08/20 07:10:00",MOREESF1,11.6680
D,DISPATCH,UNIT_SCADA,1,"2019/08/20 07:10:00",MORTLK11,260
D,DISPATCH,UNIT_SCADA,1,"2019/08/20 07:10:00",MORTLK12,0
D,DISPATCH,UNIT_SCADA,1,"2019/08/20 07:10:00",MP1,280.849980
D,DISPATCH,UNIT_SCADA,1,"2019/08/20 07:10:00",MP2,0
D,DISPATCH,UNIT_SCADA,1,"2019/08/20 07:10:00",MPP_1,428.50
D,DISPATCH,UNIT_SCADA,1,"2019/08/20 07:10:00",MPP_2,431.75
D,DISPATCH,UNIT_SCADA,1,"2019/08/20 07:10:00",MSTUART1,0
D,DISPATCH,UNIT_SCADA,1,"2019/08/20 07:10:00",MSTUART2,0
D,DISPATCH,UNIT_SCADA,1,"2019/08/20 07:10:00",MSTUART3,0
D,DISPATCH,UNIT_SCADA,1,"2019/08/20 07:10:00",MTGELWF1,64.630580
D,DISPATCH,UNIT_SCADA,1,"2019/08/20 07:10:00",MURRAY,0
D,DISPATCH,UNIT_SCADA,1,"2019/08/20 07:10:00",MUSSELR1,163
D,DISPATCH,UNIT_SCADA,1,"2019/08/20 07:10:00",MUWAWF1,39.90
D,DISPATCH,UNIT_SCADA,1,"2019/08/20 07:10:00",NBHWF1,51.20
D,DISPATCH,UNIT_SCADA,1,"2019/08/20 07:10:00",NPS,0
D,DISPATCH,UNIT_SCADA,1,"2019/08/20 07:10:00",NUMURSF1,0
D,DISPATCH,UNIT_SCADA,1,"2019/08/20 07:10:00",NYNGAN1,4.75
D,DISPATCH,UNIT_SCADA,1,"2019/08/20 07:10:00",OAKEY1,0
D,DISPATCH,UNIT_SCADA,1,"2019/08/20 07:10:00",OAKEY1SF,0.72
D,DISPATCH,UNIT_SCADA,1,"2019/08/20 07:10:00",OAKEY2,0
D,DISPATCH,UNIT_SCADA,1,"2019/08/20 07:10:00",OAKLAND1,61.70
D,DISPATCH,UNIT_SCADA,1,"2019/08/20 07:10:00",OSB-AG,185.959990
D,DISPATCH,UNIT_SCADA,1,"2019/08/20 07:10:00",PARSF1,4.80
D,DISPATCH,UNIT_SCADA,1,"2019/08/20 07:10:00",POAT110,0
D,DISPATCH,UNIT_SCADA,1,"2019/08/20 07:10:00",POAT220,2.96
D,DISPATCH,UNIT_SCADA,1,"2019/08/20 07:10:00",POR01,0
D,DISPATCH,UNIT_SCADA,1,"2019/08/20 07:10:00",POR03,0
D,DISPATCH,UNIT_SCADA,1,"2019/08/20 07:10:00",PPCCGT,160.130110
D,DISPATCH,UNIT_SCADA,1,"2019/08/20 07:10:00",PTSTAN1,0
D,DISPATCH,UNIT_SCADA,1,"2019/08/20 07:10:00",PUMP1,0
D,DISPATCH,UNIT_SCADA,1,"2019/08/20 07:10:00",PUMP2,0
D,DISPATCH,UNIT_SCADA,1,"2019/08/20 07:10:00",QPS1,29.10
D,DISPATCH,UNIT_SCADA,1,"2019/08/20 07:10:00",QPS2,0
D,DISPATCH,UNIT_SCADA,1,"2019/08/20 07:10:00",QPS3,0
D,DISPATCH,UNIT_SCADA,1,"2019/08/20 07:10:00",QPS4,0
D,DISPATCH,UNIT_SCADA,1,"2019/08/20 07:10:00",QPS5,0
D,DISPATCH,UNIT_SCADA,1,"2019/08/20 07:10:00",REECE1,114.960010
D,DISPATCH,UNIT_SCADA,1,"2019/08/20 07:10:00",REECE2,115.210010
D,DISPATCH,UNIT_SCADA,1,"2019/08/20 07:10:00",ROMA_7,0
D,DISPATCH,UNIT_SCADA,1,"2019/08/20 07:10:00",ROMA_8,17.568430
D,DISPATCH,UNIT_SCADA,1,"2019/08/20 07:10:00",RRSF1,10.057710
D,DISPATCH,UNIT_SCADA,1,"2019/08/20 07:10:00",RT_NSW1,0
D,DISPATCH,UNIT_SCADA,1,"2019/08/20 07:10:00",RT_NSW2,0
D,DISPATCH,UNIT_SCADA,1,"2019/08/20 07:10:00",RT_NSW3,0
D,DISPATCH,UNIT_SCADA,1,"2019/08/20 07:10:00",RT_NSW4,0
D,DISPATCH,UNIT_SCADA,1,"2019/08/20 07:10:00",RT_NSW5,0
D,DISPATCH,UNIT_SCADA,1,"2019/08/20 07:10:00",RT_NSW6,0
D,DISPATCH,UNIT_SCADA,1,"2019/08/20 07:10:00",RT_QLD1,0
D,DISPATCH,UNIT_SCADA,1,"2019/08/20 07:10:00",RT_SA1,0
D,DISPATCH,UNIT_SCADA,1,"2019/08/20 07:10:00",RT_SA2,0
D,DISPATCH,UNIT_SCADA,1,"2019/08/20 07:10:00",RT_SA3,0
D,DISPATCH,UNIT_SCADA,1,"2019/08/20 07:10:00",RT_SA4,0
D,DISPATCH,UNIT_SCADA,1,"2019/08/20 07:10:00",RT_SA5,0
D,DISPATCH,UNIT_SCADA,1,"2019/08/20 07:10:00",RT_SA6,0
D,DISPATCH,UNIT_SCADA,1,"2019/08/20 07:10:00",RT_TAS1,0
D,DISPATCH,UNIT_SCADA,1,"2019/08/20 07:10:00",RT_VIC1,0
D,DISPATCH,UNIT_SCADA,1,"2019/08/20 07:10:00",RT_VIC10,0
D,DISPATCH,UNIT_SCADA,1,"2019/08/20 07:10:00",RT_VIC11,0
D,DISPATCH,UNIT_SCADA,1,"2019/08/20 07:10:00",RT_VIC12,0
D,DISPATCH,UNIT_SCADA,1,"2019/08/20 07:10:00",RT_VIC2,0
D,DISPATCH,UNIT_SCADA,1,"2019/08/20 07:10:00",RT_VIC3,0
D,DISPATCH,UNIT_SCADA,1,"2019/08/20 07:10:00",RT_VIC4,0
D,DISPATCH,UNIT_SCADA,1,"2019/08/20 07:10:00",RT_VIC5,0
D,DISPATCH,UNIT_SCADA,1,"2019/08/20 07:10:00",RT_VIC6,0
D,DISPATCH,UNIT_SCADA,1,"2019/08/20 07:10:00",RT_VIC7,0
D,DISPATCH,UNIT_SCADA,1,"2019/08/20 07:10:00",RT_VIC8,0
D,DISPATCH,UNIT_SCADA,1,"2019/08/20 07:10:00",RT_VIC9,0
D,DISPATCH,UNIT_SCADA,1,"2019/08/20 07:10:00",RUGBYR1,7.6713
D,DISPATCH,UNIT_SCADA,1,"2019/08/20 07:10:00",SALTCRK1,50.22
D,DISPATCH,UNIT_SCADA,1,"2019/08/20 07:10:00",SAPHWF1,117.825010
D,DISPATCH,UNIT_SCADA,1,"2019/08/20 07:10:00",SHGEN,198.929030
D,DISPATCH,UNIT_SCADA,1,"2019/08/20 07:10:00",SHPUMP,0
D,DISPATCH,UNIT_SCADA,1,"2019/08/20 07:10:00",SITHE01,0.005650
D,DISPATCH,UNIT_SCADA,1,"2019/08/20 07:10:00",SMCSF1,6.066530
D,DISPATCH,UNIT_SCADA,1,"2019/08/20 07:10:00",SNOWNTH1,20.50
D,DISPATCH,UNIT_SCADA,1,"2019/08/20 07:10:00",SNOWSTH1,52.30
D,DISPATCH,UNIT_SCADA,1,"2019/08/20 07:10:00",SNOWTWN1,22.745780
D,DISPATCH,UNIT_SCADA,1,"2019/08/20 07:10:00",SNOWYP,0
D,DISPATCH,UNIT_SCADA,1,"2019/08/20 07:10:00",SNUG1,0.019440
D,DISPATCH,UNIT_SCADA,1,"2019/08/20 07:10:00",SRSF1,16.59
D,DISPATCH,UNIT_SCADA,1,"2019/08/20 07:10:00",STAN-1,0
D,DISPATCH,UNIT_SCADA,1,"2019/08/20 07:10:00",STAN-2,343.542660
D,DISPATCH,UNIT_SCADA,1,"2019/08/20 07:10:00",STAN-3,346.1575
D,DISPATCH,UNIT_SCADA,1,"2019/08/20 07:10:00",STAN-4,357.052640
D,DISPATCH,UNIT_SCADA,1,"2019/08/20 07:10:00",STWF1,30.296260
D,DISPATCH,UNIT_SCADA,1,"2019/08/20 07:10:00",SWAN_E,0
D,DISPATCH,UNIT_SCADA,1,"2019/08/20 07:10:00",TALWA1,419
D,DISPATCH,UNIT_SCADA,1,"2019/08/20 07:10:00",TARALGA1,102.697490
D,DISPATCH,UNIT_SCADA,1,"2019/08/20 07:10:00",TARONG#1,346
D,DISPATCH,UNIT_SCADA,1,"2019/08/20 07:10:00",TARONG#2,349.899990
D,DISPATCH,UNIT_SCADA,1,"2019/08/20 07:10:00",TARONG#3,260.100010
D,DISPATCH,UNIT_SCADA,1,"2019/08/20 07:10:00",TARONG#4,349.100010
D,DISPATCH,UNIT_SCADA,1,"2019/08/20 07:10:00",TARRALEA,79
D,DISPATCH,UNIT_SCADA,1,"2019/08/20 07:10:00",TBSF1,-0.20
D,DISPATCH,UNIT_SCADA,1,"2019/08/20 07:10:00",TNPS1,441.700010
D,DISPATCH,UNIT_SCADA,1,"2019/08/20 07:10:00",TORRA1,97.034230
D,DISPATCH,UNIT_SCADA,1,"2019/08/20 07:10:00",TORRA2,0
D,DISPATCH,UNIT_SCADA,1,"2019/08/20 07:10:00",TORRA3,45.5705
D,DISPATCH,UNIT_SCADA,1,"2019/08/20 07:10:00",TORRA4,0
D,DISPATCH,UNIT_SCADA,1,"2019/08/20 07:10:00",TORRB1,94.65
D,DISPATCH,UNIT_SCADA,1,"2019/08/20 07:10:00",TORRB2,166.13
D,DISPATCH,UNIT_SCADA,1,"2019/08/20 07:10:00",TORRB3,0
D,DISPATCH,UNIT_SCADA,1,"2019/08/20 07:10:00",TORRB4,0
D,DISPATCH,UNIT_SCADA,1,"2019/08/20 07:10:00",TREVALLN,69.560010
D,DISPATCH,UNIT_SCADA,1,"2019/08/20 07:10:00",TRIBUTE,84.259990
D,DISPATCH,UNIT_SCADA,1,"2019/08/20 07:10:00",TUMUT3,500.980010
D,DISPATCH,UNIT_SCADA,1,"2019/08/20 07:10:00",TUNGATIN,132.800030
D,DISPATCH,UNIT_SCADA,1,"2019/08/20 07:10:00",TVCC201,0
D,DISPATCH,UNIT_SCADA,1,"2019/08/20 07:10:00",TVPP104,0
D,DISPATCH,UNIT_SCADA,1,"2019/08/20 07:10:00",UPPTUMUT,0
D,DISPATCH,UNIT_SCADA,1,"2019/08/20 07:10:00",URANQ11,0
D,DISPATCH,UNIT_SCADA,1,"2019/08/20 07:10:00",URANQ12,0
D,DISPATCH,UNIT_SCADA,1,"2019/08/20 07:10:00",URANQ13,0
D,DISPATCH,UNIT_SCADA,1,"2019/08/20 07:10:00",URANQ14,0
D,DISPATCH,UNIT_SCADA,1,"2019/08/20 07:10:00",VP5,628.149960
D,DISPATCH,UNIT_SCADA,1,"2019/08/20 07:10:00",VP6,616.25
D,DISPATCH,UNIT_SCADA,1,"2019/08/20 07:10:00",VPGS1,0
D,DISPATCH,UNIT_SCADA,1,"2019/08/20 07:10:00",VPGS2,0
D,DISPATCH,UNIT_SCADA,1,"2019/08/20 07:10:00",VPGS3,0
D,DISPATCH,UNIT_SCADA,1,"2019/08/20 07:10:00",VPGS4,0
D,DISPATCH,UNIT_SCADA,1,"2019/08/20 07:10:00",VPGS5,0
D,DISPATCH,UNIT_SCADA,1,"2019/08/20 07:10:00",VPGS6,0
D,DISPATCH,UNIT_SCADA,1,"2019/08/20 07:10:00",W/HOE#1,199.989990
D,DISPATCH,UNIT_SCADA,1,"2019/08/20 07:10:00",W/HOE#2,0
D,DISPATCH,UNIT_SCADA,1,"2019/08/20 07:10:00",WATERLWF,110.80
D,DISPATCH,UNIT_SCADA,1,"2019/08/20 07:10:00",WEMENSF1,0
D,DISPATCH,UNIT_SCADA,1,"2019/08/20 07:10:00",WGWF1,58.90
D,DISPATCH,UNIT_SCADA,1,"2019/08/20 07:10:00",WHITSF1,6.80
D,DISPATCH,UNIT_SCADA,1,"2019/08/20 07:10:00",WKIEWA1,0
D,DISPATCH,UNIT_SCADA,1,"2019/08/20 07:10:00",WKIEWA2,13.90
D,DISPATCH,UNIT_SCADA,1,"2019/08/20 07:10:00",WOODLWN1,45.027010
D,DISPATCH,UNIT_SCADA,1,"2019/08/20 07:10:00",WRSF1,4.32
D,DISPATCH,UNIT_SCADA,1,"2019/08/20 07:10:00",WRWF1,93.318740
D,DISPATCH,UNIT_SCADA,1,"2019/08/20 07:10:00",YABULU,0
D,DISPATCH,UNIT_SCADA,1,"2019/08/20 07:10:00",YABULU2,0
D,DISPATCH,UNIT_SCADA,1,"2019/08/20 07:10:00",YARWUN_1,0
D,DISPATCH,UNIT_SCADA,1,"2019/08/20 07:10:00",YENDWF1,42.10
D,DISPATCH,UNIT_SCADA,1,"2019/08/20 07:10:00",YWPS1,380.9519
D,DISPATCH,UNIT_SCADA,1,"2019/08/20 07:10:00",YWPS2,278.443020
D,DISPATCH,UNIT_SCADA,1,"2019/08/20 07:10:00",YWPS3,0
D,DISPATCH,UNIT_SCADA,1,"2019/08/20 07:10:00",YWPS4,396.931640
C,"END OF REPORT",334
