C,NEMP.WORLD,DISPATCHSCADA,AEMO,PUBLIC,2019/08/22,08:10:08,0000000311858580,DISPATCHSCADA,0000000311858574
I,DISPATCH,UNIT_SCADA,1,SETTLEMENTDATE,DUID,SCADAVALUE
D,DISPATCH,UNIT_SCADA,1,"2019/08/22 08:15:00",BARCSF1,16.799999
D,DISPATCH,UNIT_SCADA,1,"2019/08/22 08:15:00",BUTLERSG,9.699999
D,DISPATCH,UNIT_SCADA,1,"2019/08/22 08:15:00",CALL_A_4,0
D,DISPATCH,UNIT_SCADA,1,"2019/08/22 08:15:00",CAPTL_WF,128.968002
D,DISPATCH,UNIT_SCADA,1,"2019/08/22 08:15:00",CATHROCK,0
D,DISPATCH,UNIT_SCADA,1,"2019/08/22 08:15:00",CHALLHWF,32.200001
D,DISPATCH,UNIT_SCADA,1,"2019/08/22 08:15:00",CLOVER,-0.01
D,DISPATCH,UNIT_SCADA,1,"2019/08/22 08:15:00",CLUNY,19.712063
D,DISPATCH,UNIT_SCADA,1,"2019/08/22 08:15:00",CNUNDAWF,31.737022
D,DISPATCH,UNIT_SCADA,1,"2019/08/22 08:15:00",CULLRGWF,30.190001
D,DISPATCH,UNIT_SCADA,1,"2019/08/22 08:15:00",ERGT01,0
D,DISPATCH,UNIT_SCADA,1,"2019/08/22 08:15:00",GB01,0.053745
D,DISPATCH,UNIT_SCADA,1,"2019/08/22 08:15:00",GERMCRK,39.200001
D,DISPATCH,UNIT_SCADA,1,"2019/08/22 08:15:00",GRIFSF1,17.900002
D,DISPATCH,UNIT_SCADA,1,"2019/08/22 08:15:00",HUGSF1,8.6890
D,DISPATCH,UNIT_SCADA,1,"2019/08/22 08:15:00",LKBONNY1,53.139072
D,DISPATCH,UNIT_SCADA,1,"2019/08/22 08:15:00",LRSF1,0.0390
D,DISPATCH,UNIT_SCADA,1,"2019/08/22 08:15:00",MBAHNTH,55.968750
D,DISPATCH,UNIT_SCADA,1,"2019/08/22 08:15:00",MLSP1,5.124001
D,DISPATCH,UNIT_SCADA,1,"2019/08/22 08:15:00",MLWF1,11.2050
D,DISPATCH,UNIT_SCADA,1,"2019/08/22 08:15:00",MTMILLAR,5.179153
D,DISPATCH,UNIT_SCADA,1,"2019/08/22 08:15:00",PALOONA,28.809999
D,DISPATCH,UNIT_SCADA,1,"2019/08/22 08:15:00",PIONEER,46.900002
D,DISPATCH,UNIT_SCADA,1,"2019/08/22 08:15:00",PORTWF,80.599998
D,DISPATCH,UNIT_SCADA,1,"2019/08/22 08:15:00",REPULSE,29.463951
D,DISPATCH,UNIT_SCADA,1,"2019/08/22 08:15:00",ROWALLAN,10.2240
D,DISPATCH,UNIT_SCADA,1,"2019/08/22 08:15:00",ROYALLA1,9.7370
D,DISPATCH,UNIT_SCADA,1,"2019/08/22 08:15:00",RPCG,15.80
D,DISPATCH,UNIT_SCADA,1,"2019/08/22 08:15:00",RUBICON,0
D,DISPATCH,UNIT_SCADA,1,"2019/08/22 08:15:00",SATGN1,0
D,DISPATCH,UNIT_SCADA,1,"2019/08/22 08:15:00",SATGS1,0
D,DISPATCH,UNIT_SCADA,1,"2019/08/22 08:15:00",STARHLWF,1.399592
D,DISPATCH,UNIT_SCADA,1,"2019/08/22 08:15:00",WAUBRAWF,173.792007
D,DISPATCH,UNIT_SCADA,1,"2019/08/22 08:15:00",WOOLNTH1,124.380020
D,DISPATCH,UNIT_SCADA,1,"2019/08/22 08:15:00",WPWF,9
D,DISPATCH,UNIT_SCADA,1,"2019/08/22 08:15:00",YAMBUKWF,27.40
D,DISPATCH,UNIT_SCADA,1,"2019/08/22 08:15:00",YSWF1,23.40
D,DISPATCH,UNIT_SCADA,1,"2019/08/22 08:15:00",AGLHAL,0
D,DISPATCH,UNIT_SCADA,1,"2019/08/22 08:15:00",AGLSOM,0
D,DISPATCH,UNIT_SCADA,1,"2019/08/22 08:15:00",ANGAST1,0
D,DISPATCH,UNIT_SCADA,1,"2019/08/22 08:15:00",ARWF1,202.20
D,DISPATCH,UNIT_SCADA,1,"2019/08/22 08:15:00",BALBG1,14.93
D,DISPATCH,UNIT_SCADA,1,"2019/08/22 08:15:00",BALBL1,0
D,DISPATCH,UNIT_SCADA,1,"2019/08/22 08:15:00",BALDHWF1,98.1960
D,DISPATCH,UNIT_SCADA,1,"2019/08/22 08:15:00",BANN1,31.19
D,DISPATCH,UNIT_SCADA,1,"2019/08/22 08:15:00",BARCALDN,0
D,DISPATCH,UNIT_SCADA,1,"2019/08/22 08:15:00",BARRON-1,0
D,DISPATCH,UNIT_SCADA,1,"2019/08/22 08:15:00",BARRON-2,29.24
D,DISPATCH,UNIT_SCADA,1,"2019/08/22 08:15:00",BASTYAN,78.180010
D,DISPATCH,UNIT_SCADA,1,"2019/08/22 08:15:00",BBTHREE1,-1.85
D,DISPATCH,UNIT_SCADA,1,"2019/08/22 08:15:00",BBTHREE2,-1.87
D,DISPATCH,UNIT_SCADA,1,"2019/08/22 08:15:00",BBTHREE3,0
D,DISPATCH,UNIT_SCADA,1,"2019/08/22 08:15:00",BDL01,0
D,DISPATCH,UNIT_SCADA,1,"2019/08/22 08:15:00",BDL02,19.92
D,DISPATCH,UNIT_SCADA,1,"2019/08/22 08:15:00",BERYLSF1,10.7309
D,DISPATCH,UNIT_SCADA,1,"2019/08/22 08:15:00",BLOWERNG,0
D,DISPATCH,UNIT_SCADA,1,"2019/08/22 08:15:00",BLUFF1,23.10
D,DISPATCH,UNIT_SCADA,1,"2019/08/22 08:15:00",BNGSF1,26.05
D,DISPATCH,UNIT_SCADA,1,"2019/08/22 08:15:00",BNGSF2,9.06
D,DISPATCH,UNIT_SCADA,1,"2019/08/22 08:15:00",BOCORWF1,28.90
D,DISPATCH,UNIT_SCADA,1,"2019/08/22 08:15:00",BODWF1,93.771090
D,DISPATCH,UNIT_SCADA,1,"2019/08/22 08:15:00",BRAEMAR1,0
D,DISPATCH,UNIT_SCADA,1,"2019/08/22 08:15:00",BRAEMAR2,0
D,DISPATCH,UNIT_SCADA,1,"2019/08/22 08:15:00",BRAEMAR3,0
D,DISPATCH,UNIT_SCADA,1,"2019/08/22 08:15:00",BRAEMAR5,0
D,DISPATCH,UNIT_SCADA,1,"2019/08/22 08:15:00",BRAEMAR6,0
D,DISPATCH,UNIT_SCADA,1,"2019/08/22 08:15:00",BRAEMAR7,0
D,DISPATCH,UNIT_SCADA,1,"2019/08/22 08:15:00",BROKENH1,6.041260
D,DISPATCH,UNIT_SCADA,1,"2019/08/22 08:15:00",BW01,650.424930
D,DISPATCH,UNIT_SCADA,1,"2019/08/22 08:15:00",BW02,643.675050
D,DISPATCH,UNIT_SCADA,1,"2019/08/22 08:15:00",BW03,660.1250
D,DISPATCH,UNIT_SCADA,1,"2019/08/22 08:15:00",BW04,0
D,DISPATCH,UNIT_SCADA,1,"2019/08/22 08:15:00",CALL_B_1,350.300020
D,DISPATCH,UNIT_SCADA,1,"2019/08/22 08:15:00",CALL_B_2,289.700010
D,DISPATCH,UNIT_SCADA,1,"2019/08/22 08:15:00",CETHANA,98.244380
D,DISPATCH,UNIT_SCADA,1,"2019/08/22 08:15:00",CG1,0
D,DISPATCH,UNIT_SCADA,1,"2019/08/22 08:15:00",CG2,0
D,DISPATCH,UNIT_SCADA,1,"2019/08/22 08:15:00",CG3,0
D,DISPATCH,UNIT_SCADA,1,"2019/08/22 08:15:00",CG4,0
D,DISPATCH,UNIT_SCADA,1,"2019/08/22 08:15:00",CHILDSF1,40.12
D,DISPATCH,UNIT_SCADA,1,"2019/08/22 08:15:00",CLARESF1,39.636990
D,DISPATCH,UNIT_SCADA,1,"2019/08/22 08:15:00",CLEMGPWF,9.580660
D,DISPATCH,UNIT_SCADA,1,"2019/08/22 08:15:00",CLERMSF1,15.17
D,DISPATCH,UNIT_SCADA,1,"2019/08/22 08:15:00",COLEASF1,47.50
D,DISPATCH,UNIT_SCADA,1,"2019/08/22 08:15:00",COOPGWF1,35.189960
D,DISPATCH,UNIT_SCADA,1,"2019/08/22 08:15:00",CPP_3,404.524990
D,DISPATCH,UNIT_SCADA,1,"2019/08/22 08:15:00",CPP_4,381.149990
D,DISPATCH,UNIT_SCADA,1,"2019/08/22 08:15:00",CPSA,143.036880
D,DISPATCH,UNIT_SCADA,1,"2019/08/22 08:15:00",CROOKWF2,85.193760
D,DISPATCH,UNIT_SCADA,1,"2019/08/22 08:15:00",CROWLWF1,49.297410
D,DISPATCH,UNIT_SCADA,1,"2019/08/22 08:15:00",CSPVPS1,17.8350
D,DISPATCH,UNIT_SCADA,1,"2019/08/22 08:15:00",DALNTH01,0.077820
D,DISPATCH,UNIT_SCADA,1,"2019/08/22 08:15:00",DALNTHL1,0
D,DISPATCH,UNIT_SCADA,1,"2019/08/22 08:15:00",DARTM1,134.70
D,DISPATCH,UNIT_SCADA,1,"2019/08/22 08:15:00",DAYDSF1,105.471010
D,DISPATCH,UNIT_SCADA,1,"2019/08/22 08:15:00",DDPS1,0
D,DISPATCH,UNIT_SCADA,1,"2019/08/22 08:15:00",DDSF1,58.861570
D,DISPATCH,UNIT_SCADA,1,"2019/08/22 08:15:00",DEVILS_G,0
D,DISPATCH,UNIT_SCADA,1,"2019/08/22 08:15:00",DG_NSW1,0
D,DISPATCH,UNIT_SCADA,1,"2019/08/22 08:15:00",DG_QLD1,0
D,DISPATCH,UNIT_SCADA,1,"2019/08/22 08:15:00",DG_SA1,0
D,DISPATCH,UNIT_SCADA,1,"2019/08/22 08:15:00",DG_TAS1,0
D,DISPATCH,UNIT_SCADA,1,"2019/08/22 08:15:00",DG_VIC1,0
D,DISPATCH,UNIT_SCADA,1,"2019/08/22 08:15:00",DRYCGT1,0
D,DISPATCH,UNIT_SCADA,1,"2019/08/22 08:15:00",DRYCGT2,0
D,DISPATCH,UNIT_SCADA,1,"2019/08/22 08:15:00",DRYCGT3,0
D,DISPATCH,UNIT_SCADA,1,"2019/08/22 08:15:00",EILDON1,0
D,DISPATCH,UNIT_SCADA,1,"2019/08/22 08:15:00",EILDON2,0
D,DISPATCH,UNIT_SCADA,1,"2019/08/22 08:15:00",EMERASF1,55.32
D,DISPATCH,UNIT_SCADA,1,"2019/08/22 08:15:00",ER01,593.400020
D,DISPATCH,UNIT_SCADA,1,"2019/08/22 08:15:00",ER02,620.525020
D,DISPATCH,UNIT_SCADA,1,"2019/08/22 08:15:00",ER03,698.575070
D,DISPATCH,UNIT_SCADA,1,"2019/08/22 08:15:00",ER04,699.099980
D,DISPATCH,UNIT_SCADA,1,"2019/08/22 08:15:00",FINLYSF1,0.735750
D,DISPATCH,UNIT_SCADA,1,"2019/08/22 08:15:00",FISHER,46.28
D,DISPATCH,UNIT_SCADA,1,"2019/08/22 08:15:00",GANNBG1,24.189410
D,DISPATCH,UNIT_SCADA,1,"2019/08/22 08:15:00",GANNBL1,0
D,DISPATCH,UNIT_SCADA,1,"2019/08/22 08:15:00",GANNSF1,25.90
D,DISPATCH,UNIT_SCADA,1,"2019/08/22 08:15:00",GORDON,116.159120
D,DISPATCH,UNIT_SCADA,1,"2019/08/22 08:15:00",GSTONE1,173.95
D,DISPATCH,UNIT_SCADA,1,"2019/08/22 08:15:00",GSTONE2,182.524990
D,DISPATCH,UNIT_SCADA,1,"2019/08/22 08:15:00",GSTONE3,196.349990
D,DISPATCH,UNIT_SCADA,1,"2019/08/22 08:15:00",GSTONE4,194.95
D,DISPATCH,UNIT_SCADA,1,"2019/08/22 08:15:00",GSTONE5,197.399990
D,DISPATCH,UNIT_SCADA,1,"2019/08/22 08:15:00",GSTONE6,0
D,DISPATCH,UNIT_SCADA,1,"2019/08/22 08:15:00",GULLRSF1,0.911350
D,DISPATCH,UNIT_SCADA,1,"2019/08/22 08:15:00",GULLRWF1,152.458740
D,DISPATCH,UNIT_SCADA,1,"2019/08/22 08:15:00",GUNNING1,46.386540
D,DISPATCH,UNIT_SCADA,1,"2019/08/22 08:15:00",GUTHEGA,0
D,DISPATCH,UNIT_SCADA,1,"2019/08/22 08:15:00",HALLWF1,68.65
D,DISPATCH,UNIT_SCADA,1,"2019/08/22 08:15:00",HALLWF2,40.85
D,DISPATCH,UNIT_SCADA,1,"2019/08/22 08:15:00",HAMISF1,42.70
D,DISPATCH,UNIT_SCADA,1,"2019/08/22 08:15:00",HAUGHT11,50.038780
D,DISPATCH,UNIT_SCADA,1,"2019/08/22 08:15:00",HAYMSF1,37.7170
D,DISPATCH,UNIT_SCADA,1,"2019/08/22 08:15:00",HDWF1,36.30
D,DISPATCH,UNIT_SCADA,1,"2019/08/22 08:15:00",HDWF2,20.40
D,DISPATCH,UNIT_SCADA,1,"2019/08/22 08:15:00",HDWF3,31.70
D,DISPATCH,UNIT_SCADA,1,"2019/08/22 08:15:00",HPRG1,26.50
D,DISPATCH,UNIT_SCADA,1,"2019/08/22 08:15:00",HPRL1,0
D,DISPATCH,UNIT_SCADA,1,"2019/08/22 08:15:00",HUMENSW,0
D,DISPATCH,UNIT_SCADA,1,"2019/08/22 08:15:00",HUMEV,11.50
D,DISPATCH,UNIT_SCADA,1,"2019/08/22 08:15:00",HVGTS,0
D,DISPATCH,UNIT_SCADA,1,"2019/08/22 08:15:00",JBUTTERS,139.66
D,DISPATCH,UNIT_SCADA,1,"2019/08/22 08:15:00",JLA01,0.50
D,DISPATCH,UNIT_SCADA,1,"2019/08/22 08:15:00",JLA02,0
D,DISPATCH,UNIT_SCADA,1,"2019/08/22 08:15:00",JLA03,0.10
D,DISPATCH,UNIT_SCADA,1,"2019/08/22 08:15:00",JLA04,0.10
D,DISPATCH,UNIT_SCADA,1,"2019/08/22 08:15:00",JLB01,0
D,DISPATCH,UNIT_SCADA,1,"2019/08/22 08:15:00",JLB02,0.10
D,DISPATCH,UNIT_SCADA,1,"2019/08/22 08:15:00",JLB03,0
D,DISPATCH,UNIT_SCADA,1,"2019/08/22 08:15:00",KAREEYA1,21.7250
D,DISPATCH,UNIT_SCADA,1,"2019/08/22 08:15:00",KAREEYA2,21.7675
D,DISPATCH,UNIT_SCADA,1,"2019/08/22 08:15:00",KAREEYA3,0
D,DISPATCH,UNIT_SCADA,1,"2019/08/22 08:15:00",KAREEYA4,22.0025
D,DISPATCH,UNIT_SCADA,1,"2019/08/22 08:15:00",KARSF1,35.50
D,DISPATCH,UNIT_SCADA,1,"2019/08/22 08:15:00",KIATAWF1,30.40
D,DISPATCH,UNIT_SCADA,1,"2019/08/22 08:15:00",KPP_1,0
D,DISPATCH,UNIT_SCADA,1,"2019/08/22 08:15:00",KSP1,43.77
D,DISPATCH,UNIT_SCADA,1,"2019/08/22 08:15:00",LADBROK1,42.64
D,DISPATCH,UNIT_SCADA,1,"2019/08/22 08:15:00",LADBROK2,43.35
D,DISPATCH,UNIT_SCADA,1,"2019/08/22 08:15:00",LD01,354.637570
D,DISPATCH,UNIT_SCADA,1,"2019/08/22 08:15:00",LD02,349.6875
D,DISPATCH,UNIT_SCADA,1,"2019/08/22 08:15:00",LD03,352.574980
D,DISPATCH,UNIT_SCADA,1,"2019/08/22 08:15:00",LD04,353.5687
D,DISPATCH,UNIT_SCADA,1,"2019/08/22 08:15:00",LEM_WIL,86.1802
D,DISPATCH,UNIT_SCADA,1,"2019/08/22 08:15:00",LGAPWF1,10.89
D,DISPATCH,UNIT_SCADA,1,"2019/08/22 08:15:00",LILYSF1,87.556090
D,DISPATCH,UNIT_SCADA,1,"2019/08/22 08:15:00",LI_WY_CA,149.308150
D,DISPATCH,UNIT_SCADA,1,"2019/08/22 08:15:00",LKBONNY2,94.289430
D,DISPATCH,UNIT_SCADA,1,"2019/08/22 08:15:00",LKBONNY3,0
D,DISPATCH,UNIT_SCADA,1,"2019/08/22 08:15:00",LK_ECHO,0
D,DISPATCH,UNIT_SCADA,1,"2019/08/22 08:15:00",LNGS1,0
D,DISPATCH,UNIT_SCADA,1,"2019/08/22 08:15:00",LNGS2,0
D,DISPATCH,UNIT_SCADA,1,"2019/08/22 08:15:00",LONSDALE,0
D,DISPATCH,UNIT_SCADA,1,"2019/08/22 08:15:00",LOYYB1,535.336730
D,DISPATCH,UNIT_SCADA,1,"2019/08/22 08:15:00",LOYYB2,583.458250
D,DISPATCH,UNIT_SCADA,1,"2019/08/22 08:15:00",LYA1,560
D,DISPATCH,UNIT_SCADA,1,"2019/08/22 08:15:00",LYA2,0
D,DISPATCH,UNIT_SCADA,1,"2019/08/22 08:15:00",LYA3,560
D,DISPATCH,UNIT_SCADA,1,"2019/08/22 08:15:00",LYA4,530
D,DISPATCH,UNIT_SCADA,1,"2019/08/22 08:15:00",MACARTH1,142.596710
D,DISPATCH,UNIT_SCADA,1,"2019/08/22 08:15:00",MACKAYGT,0
D,DISPATCH,UNIT_SCADA,1,"2019/08/22 08:15:00",MACKNTSH,86.490010
D,DISPATCH,UNIT_SCADA,1,"2019/08/22 08:15:00",MANSLR1,3.2470
D,DISPATCH,UNIT_SCADA,1,"2019/08/22 08:15:00",MCKAY1,0.02
D,DISPATCH,UNIT_SCADA,1,"2019/08/22 08:15:00",MEADOWBK,34.124520
D,DISPATCH,UNIT_SCADA,1,"2019/08/22 08:15:00",MERCER01,61.2680
D,DISPATCH,UNIT_SCADA,1,"2019/08/22 08:15:00",MEWF1,51.245060
D,DISPATCH,UNIT_SCADA,1,"2019/08/22 08:15:00",MINTARO,0
D,DISPATCH,UNIT_SCADA,1,"2019/08/22 08:15:00",MOREESF1,48.8820
D,DISPATCH,UNIT_SCADA,1,"2019/08/22 08:15:00",MORTLK11,259
D,DISPATCH,UNIT_SCADA,1,"2019/08/22 08:15:00",MORTLK12,0
D,DISPATCH,UNIT_SCADA,1,"2019/08/22 08:15:00",MP1,281.724980
D,DISPATCH,UNIT_SCADA,1,"2019/08/22 08:15:00",MP2,0
D,DISPATCH,UNIT_SCADA,1,"2019/08/22 08:15:00",MPP_1,424.75
D,DISPATCH,UNIT_SCADA,1,"2019/08/22 08:15:00",MPP_2,434
D,DISPATCH,UNIT_SCADA,1,"2019/08/22 08:15:00",MSTUART1,0
D,DISPATCH,UNIT_SCADA,1,"2019/08/22 08:15:00",MSTUART2,0
D,DISPATCH,UNIT_SCADA,1,"2019/08/22 08:15:00",MSTUART3,0
D,DISPATCH,UNIT_SCADA,1,"2019/08/22 08:15:00",MTGELWF1,36.893830
D,DISPATCH,UNIT_SCADA,1,"2019/08/22 08:15:00",MURRAY,63.32
D,DISPATCH,UNIT_SCADA,1,"2019/08/22 08:15:00",MUSSELR1,139.600010
D,DISPATCH,UNIT_SCADA,1,"2019/08/22 08:15:00",MUWAWF1,54.80
D,DISPATCH,UNIT_SCADA,1,"2019/08/22 08:15:00",NBHWF1,74.20
D,DISPATCH,UNIT_SCADA,1,"2019/08/22 08:15:00",NPS,0
D,DISPATCH,UNIT_SCADA,1,"2019/08/22 08:15:00",NUMURSF1,12.99
D,DISPATCH,UNIT_SCADA,1,"2019/08/22 08:15:00",NYNGAN1,36.50
D,DISPATCH,UNIT_SCADA,1,"2019/08/22 08:15:00",OAKEY1,0
D,DISPATCH,UNIT_SCADA,1,"2019/08/22 08:15:00",OAKEY1SF,21.0370
D,DISPATCH,UNIT_SCADA,1,"2019/08/22 08:15:00",OAKEY2,0
D,DISPATCH,UNIT_SCADA,1,"2019/08/22 08:15:00",OAKLAND1,16.40
D,DISPATCH,UNIT_SCADA,1,"2019/08/22 08:15:00",OSB-AG,16.17
D,DISPATCH,UNIT_SCADA,1,"2019/08/22 08:15:00",PARSF1,2.80
D,DISPATCH,UNIT_SCADA,1,"2019/08/22 08:15:00",POAT110,0
D,DISPATCH,UNIT_SCADA,1,"2019/08/22 08:15:00",POAT220,21.68
D,DISPATCH,UNIT_SCADA,1,"2019/08/22 08:15:00",POR01,0
D,DISPATCH,UNIT_SCADA,1,"2019/08/22 08:15:00",POR03,0
D,DISPATCH,UNIT_SCADA,1,"2019/08/22 08:15:00",PPCCGT,500.380190
D,DISPATCH,UNIT_SCADA,1,"2019/08/22 08:15:00",PTSTAN1,0
D,DISPATCH,UNIT_SCADA,1,"2019/08/22 08:15:00",PUMP1,0
D,DISPATCH,UNIT_SCADA,1,"2019/08/22 08:15:00",PUMP2,0
D,DISPATCH,UNIT_SCADA,1,"2019/08/22 08:15:00",QPS1,28.90
D,DISPATCH,UNIT_SCADA,1,"2019/08/22 08:15:00",QPS2,0
D,DISPATCH,UNIT_SCADA,1,"2019/08/22 08:15:00",QPS3,0
D,DISPATCH,UNIT_SCADA,1,"2019/08/22 08:15:00",QPS4,0
D,DISPATCH,UNIT_SCADA,1,"2019/08/22 08:15:00",QPS5,0
D,DISPATCH,UNIT_SCADA,1,"2019/08/22 08:15:00",REECE1,120.060010
D,DISPATCH,UNIT_SCADA,1,"2019/08/22 08:15:00",REECE2,120.190010
D,DISPATCH,UNIT_SCADA,1,"2019/08/22 08:15:00",ROMA_7,0
D,DISPATCH,UNIT_SCADA,1,"2019/08/22 08:15:00",ROMA_8,0
D,DISPATCH,UNIT_SCADA,1,"2019/08/22 08:15:00",RRSF1,86.397390
D,DISPATCH,UNIT_SCADA,1,"2019/08/22 08:15:00",RT_NSW1,0
D,DISPATCH,UNIT_SCADA,1,"2019/08/22 08:15:00",RT_NSW2,0
D,DISPATCH,UNIT_SCADA,1,"2019/08/22 08:15:00",RT_NSW3,0
D,DISPATCH,UNIT_SCADA,1,"2019/08/22 08:15:00",RT_NSW4,0
D,DISPATCH,UNIT_SCADA,1,"2019/08/22 08:15:00",RT_NSW5,0
D,DISPATCH,UNIT_SCADA,1,"2019/08/22 08:15:00",RT_NSW6,0
D,DISPATCH,UNIT_SCADA,1,"2019/08/22 08:15:00",RT_QLD1,0
D,DISPATCH,UNIT_SCADA,1,"2019/08/22 08:15:00",RT_SA1,0
D,DISPATCH,UNIT_SCADA,1,"2019/08/22 08:15:00",RT_SA2,0
D,DISPATCH,UNIT_SCADA,1,"2019/08/22 08:15:00",RT_SA3,0
D,DISPATCH,UNIT_SCADA,1,"2019/08/22 08:15:00",RT_SA4,0
D,DISPATCH,UNIT_SCADA,1,"2019/08/22 08:15:00",RT_SA5,0
D,DISPATCH,UNIT_SCADA,1,"2019/08/22 08:15:00",RT_SA6,0
D,DISPATCH,UNIT_SCADA,1,"2019/08/22 08:15:00",RT_TAS1,0
D,DISPATCH,UNIT_SCADA,1,"2019/08/22 08:15:00",RT_VIC1,0
D,DISPATCH,UNIT_SCADA,1,"2019/08/22 08:15:00",RT_VIC10,0
D,DISPATCH,UNIT_SCADA,1,"2019/08/22 08:15:00",RT_VIC11,0
D,DISPATCH,UNIT_SCADA,1,"2019/08/22 08:15:00",RT_VIC12,0
D,DISPATCH,UNIT_SCADA,1,"2019/08/22 08:15:00",RT_VIC2,0
D,DISPATCH,UNIT_SCADA,1,"2019/08/22 08:15:00",RT_VIC3,0
D,DISPATCH,UNIT_SCADA,1,"2019/08/22 08:15:00",RT_VIC4,0
D,DISPATCH,UNIT_SCADA,1,"2019/08/22 08:15:00",RT_VIC5,0
D,DISPATCH,UNIT_SCADA,1,"2019/08/22 08:15:00",RT_VIC6,0
D,DISPATCH,UNIT_SCADA,1,"2019/08/22 08:15:00",RT_VIC7,0
D,DISPATCH,UNIT_SCADA,1,"2019/08/22 08:15:00",RT_VIC8,0
D,DISPATCH,UNIT_SCADA,1,"2019/08/22 08:15:00",RT_VIC9,0
D,DISPATCH,UNIT_SCADA,1,"2019/08/22 08:15:00",RUGBYR1,45.2096
D,DISPATCH,UNIT_SCADA,1,"2019/08/22 08:15:00",SALTCRK1,24.72
D,DISPATCH,UNIT_SCADA,1,"2019/08/22 08:15:00",SAPHWF1,185.568730
D,DISPATCH,UNIT_SCADA,1,"2019/08/22 08:15:00",SHGEN,35.310070
D,DISPATCH,UNIT_SCADA,1,"2019/08/22 08:15:00",SHPUMP,0
D,DISPATCH,UNIT_SCADA,1,"2019/08/22 08:15:00",SITHE01,0.194050
D,DISPATCH,UNIT_SCADA,1,"2019/08/22 08:15:00",SMCSF1,38.725290
D,DISPATCH,UNIT_SCADA,1,"2019/08/22 08:15:00",SNOWNTH1,14.10
D,DISPATCH,UNIT_SCADA,1,"2019/08/22 08:15:00",SNOWSTH1,11.90
D,DISPATCH,UNIT_SCADA,1,"2019/08/22 08:15:00",SNOWTWN1,11.011770
D,DISPATCH,UNIT_SCADA,1,"2019/08/22 08:15:00",SNOWYP,0
D,DISPATCH,UNIT_SCADA,1,"2019/08/22 08:15:00",SNUG1,0.019440
D,DISPATCH,UNIT_SCADA,1,"2019/08/22 08:15:00",SRSF1,34.54
D,DISPATCH,UNIT_SCADA,1,"2019/08/22 08:15:00",STAN-1,0
D,DISPATCH,UNIT_SCADA,1,"2019/08/22 08:15:00",STAN-2,285.170410
D,DISPATCH,UNIT_SCADA,1,"2019/08/22 08:15:00",STAN-3,280.799560
D,DISPATCH,UNIT_SCADA,1,"2019/08/22 08:15:00",STAN-4,276.992650
D,DISPATCH,UNIT_SCADA,1,"2019/08/22 08:15:00",STWF1,39.734990
D,DISPATCH,UNIT_SCADA,1,"2019/08/22 08:15:00",SWAN_E,0
D,DISPATCH,UNIT_SCADA,1,"2019/08/22 08:15:00",TALWA1,301
D,DISPATCH,UNIT_SCADA,1,"2019/08/22 08:15:00",TARALGA1,88.92
D,DISPATCH,UNIT_SCADA,1,"2019/08/22 08:15:00",TARONG#1,280
D,DISPATCH,UNIT_SCADA,1,"2019/08/22 08:15:00",TARONG#2,280.100010
D,DISPATCH,UNIT_SCADA,1,"2019/08/22 08:15:00",TARONG#3,261.399990
D,DISPATCH,UNIT_SCADA,1,"2019/08/22 08:15:00",TARONG#4,279.899990
D,DISPATCH,UNIT_SCADA,1,"2019/08/22 08:15:00",TARRALEA,83.90
D,DISPATCH,UNIT_SCADA,1,"2019/08/22 08:15:00",TBSF1,8.10
D,DISPATCH,UNIT_SCADA,1,"2019/08/22 08:15:00",TNPS1,220.000020
D,DISPATCH,UNIT_SCADA,1,"2019/08/22 08:15:00",TORRA1,102.264180
D,DISPATCH,UNIT_SCADA,1,"2019/08/22 08:15:00",TORRA2,0
D,DISPATCH,UNIT_SCADA,1,"2019/08/22 08:15:00",TORRA3,50.753210
D,DISPATCH,UNIT_SCADA,1,"2019/08/22 08:15:00",TORRA4,0
D,DISPATCH,UNIT_SCADA,1,"2019/08/22 08:15:00",TORRB1,103.35
D,DISPATCH,UNIT_SCADA,1,"2019/08/22 08:15:00",TORRB2,133.56
D,DISPATCH,UNIT_SCADA,1,"2019/08/22 08:15:00",TORRB3,0
D,DISPATCH,UNIT_SCADA,1,"2019/08/22 08:15:00",TORRB4,0
D,DISPATCH,UNIT_SCADA,1,"2019/08/22 08:15:00",TREVALLN,85.150020
D,DISPATCH,UNIT_SCADA,1,"2019/08/22 08:15:00",TRIBUTE,84.64
D,DISPATCH,UNIT_SCADA,1,"2019/08/22 08:15:00",TUMUT3,54.51
D,DISPATCH,UNIT_SCADA,1,"2019/08/22 08:15:00",TUNGATIN,135.100020
D,DISPATCH,UNIT_SCADA,1,"2019/08/22 08:15:00",TVCC201,0
D,DISPATCH,UNIT_SCADA,1,"2019/08/22 08:15:00",TVPP104,57.904710
D,DISPATCH,UNIT_SCADA,1,"2019/08/22 08:15:00",UPPTUMUT,0
D,DISPATCH,UNIT_SCADA,1,"2019/08/22 08:15:00",URANQ11,0
D,DISPATCH,UNIT_SCADA,1,"2019/08/22 08:15:00",URANQ12,0
D,DISPATCH,UNIT_SCADA,1,"2019/08/22 08:15:00",URANQ13,0
D,DISPATCH,UNIT_SCADA,1,"2019/08/22 08:15:00",URANQ14,0
D,DISPATCH,UNIT_SCADA,1,"2019/08/22 08:15:00",VP5,486.924990
D,DISPATCH,UNIT_SCADA,1,"2019/08/22 08:15:00",VP6,596.299990
D,DISPATCH,UNIT_SCADA,1,"2019/08/22 08:15:00",VPGS1,0
D,DISPATCH,UNIT_SCADA,1,"2019/08/22 08:15:00",VPGS2,0
D,DISPATCH,UNIT_SCADA,1,"2019/08/22 08:15:00",VPGS3,0
D,DISPATCH,UNIT_SCADA,1,"2019/08/22 08:15:00",VPGS4,0
D,DISPATCH,UNIT_SCADA,1,"2019/08/22 08:15:00",VPGS5,0
D,DISPATCH,UNIT_SCADA,1,"2019/08/22 08:15:00",VPGS6,0
D,DISPATCH,UNIT_SCADA,1,"2019/08/22 08:15:00",W/HOE#1,0
D,DISPATCH,UNIT_SCADA,1,"2019/08/22 08:15:00",W/HOE#2,0
D,DISPATCH,UNIT_SCADA,1,"2019/08/22 08:15:00",WATERLWF,33.30
D,DISPATCH,UNIT_SCADA,1,"2019/08/22 08:15:00",WEMENSF1,41.60
D,DISPATCH,UNIT_SCADA,1,"2019/08/22 08:15:00",WGWF1,53.20
D,DISPATCH,UNIT_SCADA,1,"2019/08/22 08:15:00",WHITSF1,40.40
D,DISPATCH,UNIT_SCADA,1,"2019/08/22 08:15:00",WKIEWA1,0
D,DISPATCH,UNIT_SCADA,1,"2019/08/22 08:15:00",WKIEWA2,17.20
D,DISPATCH,UNIT_SCADA,1,"2019/08/22 08:15:00",WOODLWN1,42.7590
D,DISPATCH,UNIT_SCADA,1,"2019/08/22 08:15:00",WRSF1,5.62
D,DISPATCH,UNIT_SCADA,1,"2019/08/22 08:15:00",WRWF1,154.364990
D,DISPATCH,UNIT_SCADA,1,"2019/08/22 08:15:00",YABULU,0
D,DISPATCH,UNIT_SCADA,1,"2019/08/22 08:15:00",YABULU2,0
D,DISPATCH,UNIT_SCADA,1,"2019/08/22 08:15:00",YARWUN_1,0
D,DISPATCH,UNIT_SCADA,1,"2019/08/22 08:15:00",YENDWF1,42.04
D,DISPATCH,UNIT_SCADA,1,"2019/08/22 08:15:00",YWPS1,382.205080
D,DISPATCH,UNIT_SCADA,1,"2019/08/22 08:15:00",YWPS2,273.430390
D,DISPATCH,UNIT_SCADA,1,"2019/08/22 08:15:00",YWPS3,0
D,DISPATCH,UNIT_SCADA,1,"2019/08/22 08:15:00",YWPS4,392.979740
C,"END OF REPORT",334
