C,NEMP.WORLD,DISPATCHSCADA,AEMO,PUBLIC,2019/09/06,07:35:09,0000000312452452,DISPATCHSCADA,0000000312452446
I,DISPATCH,UNIT_SCADA,1,SETTLEMENTDATE,DUID,SCADAVALUE
D,DISPATCH,UNIT_SCADA,1,"2019/09/06 07:40:00",BARCSF1,5.20
D,DISPATCH,UNIT_SCADA,1,"2019/09/06 07:40:00",BUTLERSG,10.199999
D,DISPATCH,UNIT_SCADA,1,"2019/09/06 07:40:00",CALL_A_4,0
D,DISPATCH,UNIT_SCADA,1,"2019/09/06 07:40:00",CAPTL_WF,0
D,DISPATCH,UNIT_SCADA,1,"2019/09/06 07:40:00",CATHROCK,0
D,DISPATCH,UNIT_SCADA,1,"2019/09/06 07:40:00",CHALLHWF,24.799999
D,DISPATCH,UNIT_SCADA,1,"2019/09/06 07:40:00",CLOVER,-0.01
D,DISPATCH,UNIT_SCADA,1,"2019/09/06 07:40:00",CLUNY,18.739758
D,DISPATCH,UNIT_SCADA,1,"2019/09/06 07:40:00",CNUNDAWF,1.501752
D,DISPATCH,UNIT_SCADA,1,"2019/09/06 07:40:00",CULLRGWF,3.47
D,DISPATCH,UNIT_SCADA,1,"2019/09/06 07:40:00",ERGT01,0
D,DISPATCH,UNIT_SCADA,1,"2019/09/06 07:40:00",GB01,0.006580
D,DISPATCH,UNIT_SCADA,1,"2019/09/06 07:40:00",GERMCRK,35.50
D,DISPATCH,UNIT_SCADA,1,"2019/09/06 07:40:00",GRIFSF1,3
D,DISPATCH,UNIT_SCADA,1,"2019/09/06 07:40:00",HUGSF1,5.1620
D,DISPATCH,UNIT_SCADA,1,"2019/09/06 07:40:00",LKBONNY1,4.822706
D,DISPATCH,UNIT_SCADA,1,"2019/09/06 07:40:00",LRSF1,8.325001
D,DISPATCH,UNIT_SCADA,1,"2019/09/06 07:40:00",MBAHNTH,50.343750
D,DISPATCH,UNIT_SCADA,1,"2019/09/06 07:40:00",MLSP1,3.691001
D,DISPATCH,UNIT_SCADA,1,"2019/09/06 07:40:00",MLWF1,4.92
D,DISPATCH,UNIT_SCADA,1,"2019/09/06 07:40:00",MTMILLAR,56.062840
D,DISPATCH,UNIT_SCADA,1,"2019/09/06 07:40:00",PALOONA,25.309999
D,DISPATCH,UNIT_SCADA,1,"2019/09/06 07:40:00",PIONEER,47.700001
D,DISPATCH,UNIT_SCADA,1,"2019/09/06 07:40:00",PORTWF,33.700001
D,DISPATCH,UNIT_SCADA,1,"2019/09/06 07:40:00",REPULSE,32.359501
D,DISPATCH,UNIT_SCADA,1,"2019/09/06 07:40:00",ROWALLAN,10.3447
D,DISPATCH,UNIT_SCADA,1,"2019/09/06 07:40:00",ROYALLA1,7.345001
D,DISPATCH,UNIT_SCADA,1,"2019/09/06 07:40:00",RPCG,11.70
D,DISPATCH,UNIT_SCADA,1,"2019/09/06 07:40:00",RUBICON,0
D,DISPATCH,UNIT_SCADA,1,"2019/09/06 07:40:00",SATGN1,0
D,DISPATCH,UNIT_SCADA,1,"2019/09/06 07:40:00",SATGS1,0
D,DISPATCH,UNIT_SCADA,1,"2019/09/06 07:40:00",STARHLWF,26.492275
D,DISPATCH,UNIT_SCADA,1,"2019/09/06 07:40:00",WAUBRAWF,45.4790
D,DISPATCH,UNIT_SCADA,1,"2019/09/06 07:40:00",WOOLNTH1,135.010025
D,DISPATCH,UNIT_SCADA,1,"2019/09/06 07:40:00",WPWF,81
D,DISPATCH,UNIT_SCADA,1,"2019/09/06 07:40:00",YAMBUKWF,4.90
D,DISPATCH,UNIT_SCADA,1,"2019/09/06 07:40:00",YSWF1,4
D,DISPATCH,UNIT_SCADA,1,"2019/09/06 07:40:00",AGLHAL,0
D,DISPATCH,UNIT_SCADA,1,"2019/09/06 07:40:00",AGLSOM,0
D,DISPATCH,UNIT_SCADA,1,"2019/09/06 07:40:00",ANGAST1,0
D,DISPATCH,UNIT_SCADA,1,"2019/09/06 07:40:00",ARWF1,37.40
D,DISPATCH,UNIT_SCADA,1,"2019/09/06 07:40:00",BALBG1,2.16
D,DISPATCH,UNIT_SCADA,1,"2019/09/06 07:40:00",BALBL1,0
D,DISPATCH,UNIT_SCADA,1,"2019/09/06 07:40:00",BALDHWF1,41.5460
D,DISPATCH,UNIT_SCADA,1,"2019/09/06 07:40:00",BANN1,8.66
D,DISPATCH,UNIT_SCADA,1,"2019/09/06 07:40:00",BARCALDN,0
D,DISPATCH,UNIT_SCADA,1,"2019/09/06 07:40:00",BARRON-1,26.24
D,DISPATCH,UNIT_SCADA,1,"2019/09/06 07:40:00",BARRON-2,0
D,DISPATCH,UNIT_SCADA,1,"2019/09/06 07:40:00",BASTYAN,78.16
D,DISPATCH,UNIT_SCADA,1,"2019/09/06 07:40:00",BBTHREE1,0
D,DISPATCH,UNIT_SCADA,1,"2019/09/06 07:40:00",BBTHREE2,0
D,DISPATCH,UNIT_SCADA,1,"2019/09/06 07:40:00",BBTHREE3,0
D,DISPATCH,UNIT_SCADA,1,"2019/09/06 07:40:00",BDL01,40.68
D,DISPATCH,UNIT_SCADA,1,"2019/09/06 07:40:00",BDL02,43.98
D,DISPATCH,UNIT_SCADA,1,"2019/09/06 07:40:00",BERYLSF1,40.210310
D,DISPATCH,UNIT_SCADA,1,"2019/09/06 07:40:00",BLOWERNG,15.30
D,DISPATCH,UNIT_SCADA,1,"2019/09/06 07:40:00",BLUFF1,50.70
D,DISPATCH,UNIT_SCADA,1,"2019/09/06 07:40:00",BNGSF1,0.68
D,DISPATCH,UNIT_SCADA,1,"2019/09/06 07:40:00",BNGSF2,0.18
D,DISPATCH,UNIT_SCADA,1,"2019/09/06 07:40:00",BOCORWF1,90.72
D,DISPATCH,UNIT_SCADA,1,"2019/09/06 07:40:00",BODWF1,56.419550
D,DISPATCH,UNIT_SCADA,1,"2019/09/06 07:40:00",BRAEMAR1,0
D,DISPATCH,UNIT_SCADA,1,"2019/09/06 07:40:00",BRAEMAR2,0
D,DISPATCH,UNIT_SCADA,1,"2019/09/06 07:40:00",BRAEMAR3,0
D,DISPATCH,UNIT_SCADA,1,"2019/09/06 07:40:00",BRAEMAR5,152.837490
D,DISPATCH,UNIT_SCADA,1,"2019/09/06 07:40:00",BRAEMAR6,0
D,DISPATCH,UNIT_SCADA,1,"2019/09/06 07:40:00",BRAEMAR7,0
D,DISPATCH,UNIT_SCADA,1,"2019/09/06 07:40:00",BROKENH1,0
D,DISPATCH,UNIT_SCADA,1,"2019/09/06 07:40:00",BW01,650.724980
D,DISPATCH,UNIT_SCADA,1,"2019/09/06 07:40:00",BW02,644.8750
D,DISPATCH,UNIT_SCADA,1,"2019/09/06 07:40:00",BW03,646.7749
D,DISPATCH,UNIT_SCADA,1,"2019/09/06 07:40:00",BW04,0
D,DISPATCH,UNIT_SCADA,1,"2019/09/06 07:40:00",CALL_B_1,323.600010
D,DISPATCH,UNIT_SCADA,1,"2019/09/06 07:40:00",CALL_B_2,278.300020
D,DISPATCH,UNIT_SCADA,1,"2019/09/06 07:40:00",CETHANA,95.370380
D,DISPATCH,UNIT_SCADA,1,"2019/09/06 07:40:00",CG1,0
D,DISPATCH,UNIT_SCADA,1,"2019/09/06 07:40:00",CG2,0
D,DISPATCH,UNIT_SCADA,1,"2019/09/06 07:40:00",CG3,0
D,DISPATCH,UNIT_SCADA,1,"2019/09/06 07:40:00",CG4,0
D,DISPATCH,UNIT_SCADA,1,"2019/09/06 07:40:00",CHILDSF1,47.02
D,DISPATCH,UNIT_SCADA,1,"2019/09/06 07:40:00",CLARESF1,21.024770
D,DISPATCH,UNIT_SCADA,1,"2019/09/06 07:40:00",CLEMGPWF,53.305910
D,DISPATCH,UNIT_SCADA,1,"2019/09/06 07:40:00",CLERMSF1,14.68
D,DISPATCH,UNIT_SCADA,1,"2019/09/06 07:40:00",COLEASF1,7.899990
D,DISPATCH,UNIT_SCADA,1,"2019/09/06 07:40:00",COOPGWF1,18.047030
D,DISPATCH,UNIT_SCADA,1,"2019/09/06 07:40:00",CPP_3,377.024990
D,DISPATCH,UNIT_SCADA,1,"2019/09/06 07:40:00",CPP_4,378.675020
D,DISPATCH,UNIT_SCADA,1,"2019/09/06 07:40:00",CPSA,143.361250
D,DISPATCH,UNIT_SCADA,1,"2019/09/06 07:40:00",CROOKWF2,82.503750
D,DISPATCH,UNIT_SCADA,1,"2019/09/06 07:40:00",CROWLWF1,38.055930
D,DISPATCH,UNIT_SCADA,1,"2019/09/06 07:40:00",CSPVPS1,9.9930
D,DISPATCH,UNIT_SCADA,1,"2019/09/06 07:40:00",DALNTH01,0
D,DISPATCH,UNIT_SCADA,1,"2019/09/06 07:40:00",DALNTHL1,1.081860
D,DISPATCH,UNIT_SCADA,1,"2019/09/06 07:40:00",DARTM1,133.70
D,DISPATCH,UNIT_SCADA,1,"2019/09/06 07:40:00",DAYDSF1,89.014010
D,DISPATCH,UNIT_SCADA,1,"2019/09/06 07:40:00",DDPS1,0
D,DISPATCH,UNIT_SCADA,1,"2019/09/06 07:40:00",DDSF1,44.152830
D,DISPATCH,UNIT_SCADA,1,"2019/09/06 07:40:00",DEVILS_G,61.950130
D,DISPATCH,UNIT_SCADA,1,"2019/09/06 07:40:00",DG_NSW1,0
D,DISPATCH,UNIT_SCADA,1,"2019/09/06 07:40:00",DG_QLD1,0
D,DISPATCH,UNIT_SCADA,1,"2019/09/06 07:40:00",DG_SA1,0
D,DISPATCH,UNIT_SCADA,1,"2019/09/06 07:40:00",DG_TAS1,0
D,DISPATCH,UNIT_SCADA,1,"2019/09/06 07:40:00",DG_VIC1,0
D,DISPATCH,UNIT_SCADA,1,"2019/09/06 07:40:00",DRYCGT1,0
D,DISPATCH,UNIT_SCADA,1,"2019/09/06 07:40:00",DRYCGT2,0
D,DISPATCH,UNIT_SCADA,1,"2019/09/06 07:40:00",DRYCGT3,0
D,DISPATCH,UNIT_SCADA,1,"2019/09/06 07:40:00",EILDON1,0
D,DISPATCH,UNIT_SCADA,1,"2019/09/06 07:40:00",EILDON2,0
D,DISPATCH,UNIT_SCADA,1,"2019/09/06 07:40:00",EMERASF1,40.04
D,DISPATCH,UNIT_SCADA,1,"2019/09/06 07:40:00",ER01,580.925050
D,DISPATCH,UNIT_SCADA,1,"2019/09/06 07:40:00",ER02,687.349980
D,DISPATCH,UNIT_SCADA,1,"2019/09/06 07:40:00",ER03,0
D,DISPATCH,UNIT_SCADA,1,"2019/09/06 07:40:00",ER04,673.824950
D,DISPATCH,UNIT_SCADA,1,"2019/09/06 07:40:00",FINLYSF1,0
D,DISPATCH,UNIT_SCADA,1,"2019/09/06 07:40:00",FISHER,44.62
D,DISPATCH,UNIT_SCADA,1,"2019/09/06 07:40:00",GANNBG1,8.985490
D,DISPATCH,UNIT_SCADA,1,"2019/09/06 07:40:00",GANNBL1,0
D,DISPATCH,UNIT_SCADA,1,"2019/09/06 07:40:00",GANNSF1,1.80
D,DISPATCH,UNIT_SCADA,1,"2019/09/06 07:40:00",GORDON,14.241360
D,DISPATCH,UNIT_SCADA,1,"2019/09/06 07:40:00",GSTONE1,195.30
D,DISPATCH,UNIT_SCADA,1,"2019/09/06 07:40:00",GSTONE2,180.4250
D,DISPATCH,UNIT_SCADA,1,"2019/09/06 07:40:00",GSTONE3,0
D,DISPATCH,UNIT_SCADA,1,"2019/09/06 07:40:00",GSTONE4,190.224990
D,DISPATCH,UNIT_SCADA,1,"2019/09/06 07:40:00",GSTONE5,194.95
D,DISPATCH,UNIT_SCADA,1,"2019/09/06 07:40:00",GSTONE6,194.4250
D,DISPATCH,UNIT_SCADA,1,"2019/09/06 07:40:00",GULLRSF1,4.669310
D,DISPATCH,UNIT_SCADA,1,"2019/09/06 07:40:00",GULLRWF1,92.2493
D,DISPATCH,UNIT_SCADA,1,"2019/09/06 07:40:00",GUNNING1,29.507070
D,DISPATCH,UNIT_SCADA,1,"2019/09/06 07:40:00",GUTHEGA,30.90
D,DISPATCH,UNIT_SCADA,1,"2019/09/06 07:40:00",HALLWF1,91.58
D,DISPATCH,UNIT_SCADA,1,"2019/09/06 07:40:00",HALLWF2,52.24
D,DISPATCH,UNIT_SCADA,1,"2019/09/06 07:40:00",HAMISF1,0
D,DISPATCH,UNIT_SCADA,1,"2019/09/06 07:40:00",HAUGHT11,0
D,DISPATCH,UNIT_SCADA,1,"2019/09/06 07:40:00",HAYMSF1,0
D,DISPATCH,UNIT_SCADA,1,"2019/09/06 07:40:00",HDWF1,99
D,DISPATCH,UNIT_SCADA,1,"2019/09/06 07:40:00",HDWF2,93.70
D,DISPATCH,UNIT_SCADA,1,"2019/09/06 07:40:00",HDWF3,106.70
D,DISPATCH,UNIT_SCADA,1,"2019/09/06 07:40:00",HPRG1,8
D,DISPATCH,UNIT_SCADA,1,"2019/09/06 07:40:00",HPRL1,0
D,DISPATCH,UNIT_SCADA,1,"2019/09/06 07:40:00",HUMENSW,0
D,DISPATCH,UNIT_SCADA,1,"2019/09/06 07:40:00",HUMEV,24.30
D,DISPATCH,UNIT_SCADA,1,"2019/09/06 07:40:00",HVGTS,0
D,DISPATCH,UNIT_SCADA,1,"2019/09/06 07:40:00",JBUTTERS,112.35
D,DISPATCH,UNIT_SCADA,1,"2019/09/06 07:40:00",JLA01,0.10
D,DISPATCH,UNIT_SCADA,1,"2019/09/06 07:40:00",JLA02,0
D,DISPATCH,UNIT_SCADA,1,"2019/09/06 07:40:00",JLA03,0
D,DISPATCH,UNIT_SCADA,1,"2019/09/06 07:40:00",JLA04,0
D,DISPATCH,UNIT_SCADA,1,"2019/09/06 07:40:00",JLB01,0
D,DISPATCH,UNIT_SCADA,1,"2019/09/06 07:40:00",JLB02,0.10
D,DISPATCH,UNIT_SCADA,1,"2019/09/06 07:40:00",JLB03,0
D,DISPATCH,UNIT_SCADA,1,"2019/09/06 07:40:00",KAREEYA1,21.49
D,DISPATCH,UNIT_SCADA,1,"2019/09/06 07:40:00",KAREEYA2,21.70
D,DISPATCH,UNIT_SCADA,1,"2019/09/06 07:40:00",KAREEYA3,0
D,DISPATCH,UNIT_SCADA,1,"2019/09/06 07:40:00",KAREEYA4,21.5475
D,DISPATCH,UNIT_SCADA,1,"2019/09/06 07:40:00",KARSF1,3.10
D,DISPATCH,UNIT_SCADA,1,"2019/09/06 07:40:00",KIATAWF1,28.70
D,DISPATCH,UNIT_SCADA,1,"2019/09/06 07:40:00",KPP_1,0
D,DISPATCH,UNIT_SCADA,1,"2019/09/06 07:40:00",KSP1,29.39
D,DISPATCH,UNIT_SCADA,1,"2019/09/06 07:40:00",LADBROK1,42.64
D,DISPATCH,UNIT_SCADA,1,"2019/09/06 07:40:00",LADBROK2,42.80
D,DISPATCH,UNIT_SCADA,1,"2019/09/06 07:40:00",LD01,375.5625
D,DISPATCH,UNIT_SCADA,1,"2019/09/06 07:40:00",LD02,378.506290
D,DISPATCH,UNIT_SCADA,1,"2019/09/06 07:40:00",LD03,378.6937
D,DISPATCH,UNIT_SCADA,1,"2019/09/06 07:40:00",LD04,377.924930
D,DISPATCH,UNIT_SCADA,1,"2019/09/06 07:40:00",LEM_WIL,84.8753
D,DISPATCH,UNIT_SCADA,1,"2019/09/06 07:40:00",LGAPWF1,34.47
D,DISPATCH,UNIT_SCADA,1,"2019/09/06 07:40:00",LILYSF1,0
D,DISPATCH,UNIT_SCADA,1,"2019/09/06 07:40:00",LI_WY_CA,141.135860
D,DISPATCH,UNIT_SCADA,1,"2019/09/06 07:40:00",LKBONNY2,10.962210
D,DISPATCH,UNIT_SCADA,1,"2019/09/06 07:40:00",LKBONNY3,7.535970
D,DISPATCH,UNIT_SCADA,1,"2019/09/06 07:40:00",LK_ECHO,0
D,DISPATCH,UNIT_SCADA,1,"2019/09/06 07:40:00",LNGS1,0
D,DISPATCH,UNIT_SCADA,1,"2019/09/06 07:40:00",LNGS2,0
D,DISPATCH,UNIT_SCADA,1,"2019/09/06 07:40:00",LONSDALE,0
D,DISPATCH,UNIT_SCADA,1,"2019/09/06 07:40:00",LOYYB1,536.840520
D,DISPATCH,UNIT_SCADA,1,"2019/09/06 07:40:00",LOYYB2,584.962040
D,DISPATCH,UNIT_SCADA,1,"2019/09/06 07:40:00",LYA1,0
D,DISPATCH,UNIT_SCADA,1,"2019/09/06 07:40:00",LYA2,0
D,DISPATCH,UNIT_SCADA,1,"2019/09/06 07:40:00",LYA3,559
D,DISPATCH,UNIT_SCADA,1,"2019/09/06 07:40:00",LYA4,540
D,DISPATCH,UNIT_SCADA,1,"2019/09/06 07:40:00",MACARTH1,165.296190
D,DISPATCH,UNIT_SCADA,1,"2019/09/06 07:40:00",MACKAYGT,0.2240
D,DISPATCH,UNIT_SCADA,1,"2019/09/06 07:40:00",MACKNTSH,80.600010
D,DISPATCH,UNIT_SCADA,1,"2019/09/06 07:40:00",MANSLR1,5.4120
D,DISPATCH,UNIT_SCADA,1,"2019/09/06 07:40:00",MCKAY1,-0.0350
D,DISPATCH,UNIT_SCADA,1,"2019/09/06 07:40:00",MEADOWBK,33.495760
D,DISPATCH,UNIT_SCADA,1,"2019/09/06 07:40:00",MERCER01,25.76
D,DISPATCH,UNIT_SCADA,1,"2019/09/06 07:40:00",MEWF1,33.794050
D,DISPATCH,UNIT_SCADA,1,"2019/09/06 07:40:00",MINTARO,0
D,DISPATCH,UNIT_SCADA,1,"2019/09/06 07:40:00",MOREESF1,45.5640
D,DISPATCH,UNIT_SCADA,1,"2019/09/06 07:40:00",MORTLK11,259
D,DISPATCH,UNIT_SCADA,1,"2019/09/06 07:40:00",MORTLK12,0
D,DISPATCH,UNIT_SCADA,1,"2019/09/06 07:40:00",MP1,218.424990
D,DISPATCH,UNIT_SCADA,1,"2019/09/06 07:40:00",MP2,0
D,DISPATCH,UNIT_SCADA,1,"2019/09/06 07:40:00",MPP_1,411
D,DISPATCH,UNIT_SCADA,1,"2019/09/06 07:40:00",MPP_2,435.50
D,DISPATCH,UNIT_SCADA,1,"2019/09/06 07:40:00",MSTUART1,0
D,DISPATCH,UNIT_SCADA,1,"2019/09/06 07:40:00",MSTUART2,0
D,DISPATCH,UNIT_SCADA,1,"2019/09/06 07:40:00",MSTUART3,0
D,DISPATCH,UNIT_SCADA,1,"2019/09/06 07:40:00",MTGELWF1,-0.103760
D,DISPATCH,UNIT_SCADA,1,"2019/09/06 07:40:00",MURRAY,138.138370
D,DISPATCH,UNIT_SCADA,1,"2019/09/06 07:40:00",MUSSELR1,126.399990
D,DISPATCH,UNIT_SCADA,1,"2019/09/06 07:40:00",MUWAWF1,72.26
D,DISPATCH,UNIT_SCADA,1,"2019/09/06 07:40:00",NBHWF1,118
D,DISPATCH,UNIT_SCADA,1,"2019/09/06 07:40:00",NPS,0
D,DISPATCH,UNIT_SCADA,1,"2019/09/06 07:40:00",NUMURSF1,2.63
D,DISPATCH,UNIT_SCADA,1,"2019/09/06 07:40:00",NYNGAN1,18.50
D,DISPATCH,UNIT_SCADA,1,"2019/09/06 07:40:00",OAKEY1,0
D,DISPATCH,UNIT_SCADA,1,"2019/09/06 07:40:00",OAKEY1SF,18.5580
D,DISPATCH,UNIT_SCADA,1,"2019/09/06 07:40:00",OAKEY2,0
D,DISPATCH,UNIT_SCADA,1,"2019/09/06 07:40:00",OAKEY2SF,0
D,DISPATCH,UNIT_SCADA,1,"2019/09/06 07:40:00",OAKLAND1,6.50
D,DISPATCH,UNIT_SCADA,1,"2019/09/06 07:40:00",OSB-AG,0
D,DISPATCH,UNIT_SCADA,1,"2019/09/06 07:40:00",PARSF1,17.70
D,DISPATCH,UNIT_SCADA,1,"2019/09/06 07:40:00",POAT110,0
D,DISPATCH,UNIT_SCADA,1,"2019/09/06 07:40:00",POAT220,0.53
D,DISPATCH,UNIT_SCADA,1,"2019/09/06 07:40:00",POR01,0
D,DISPATCH,UNIT_SCADA,1,"2019/09/06 07:40:00",POR03,0
D,DISPATCH,UNIT_SCADA,1,"2019/09/06 07:40:00",PPCCGT,242.004880
D,DISPATCH,UNIT_SCADA,1,"2019/09/06 07:40:00",PTSTAN1,0
D,DISPATCH,UNIT_SCADA,1,"2019/09/06 07:40:00",PUMP1,0
D,DISPATCH,UNIT_SCADA,1,"2019/09/06 07:40:00",PUMP2,0
D,DISPATCH,UNIT_SCADA,1,"2019/09/06 07:40:00",QPS1,29
D,DISPATCH,UNIT_SCADA,1,"2019/09/06 07:40:00",QPS2,0
D,DISPATCH,UNIT_SCADA,1,"2019/09/06 07:40:00",QPS3,0
D,DISPATCH,UNIT_SCADA,1,"2019/09/06 07:40:00",QPS4,0
D,DISPATCH,UNIT_SCADA,1,"2019/09/06 07:40:00",QPS5,0
D,DISPATCH,UNIT_SCADA,1,"2019/09/06 07:40:00",REECE1,94.77
D,DISPATCH,UNIT_SCADA,1,"2019/09/06 07:40:00",REECE2,96.850010
D,DISPATCH,UNIT_SCADA,1,"2019/09/06 07:40:00",ROMA_7,0
D,DISPATCH,UNIT_SCADA,1,"2019/09/06 07:40:00",ROMA_8,0
D,DISPATCH,UNIT_SCADA,1,"2019/09/06 07:40:00",RRSF1,46.2552
D,DISPATCH,UNIT_SCADA,1,"2019/09/06 07:40:00",RT_NSW1,0
D,DISPATCH,UNIT_SCADA,1,"2019/09/06 07:40:00",RT_NSW2,0
D,DISPATCH,UNIT_SCADA,1,"2019/09/06 07:40:00",RT_NSW3,0
D,DISPATCH,UNIT_SCADA,1,"2019/09/06 07:40:00",RT_NSW4,0
D,DISPATCH,UNIT_SCADA,1,"2019/09/06 07:40:00",RT_NSW5,0
D,DISPATCH,UNIT_SCADA,1,"2019/09/06 07:40:00",RT_NSW6,0
D,DISPATCH,UNIT_SCADA,1,"2019/09/06 07:40:00",RT_QLD1,0
D,DISPATCH,UNIT_SCADA,1,"2019/09/06 07:40:00",RT_SA1,0
D,DISPATCH,UNIT_SCADA,1,"2019/09/06 07:40:00",RT_SA2,0
D,DISPATCH,UNIT_SCADA,1,"2019/09/06 07:40:00",RT_SA3,0
D,DISPATCH,UNIT_SCADA,1,"2019/09/06 07:40:00",RT_SA4,0
D,DISPATCH,UNIT_SCADA,1,"2019/09/06 07:40:00",RT_SA5,0
D,DISPATCH,UNIT_SCADA,1,"2019/09/06 07:40:00",RT_SA6,0
D,DISPATCH,UNIT_SCADA,1,"2019/09/06 07:40:00",RT_TAS1,0
D,DISPATCH,UNIT_SCADA,1,"2019/09/06 07:40:00",RT_VIC1,0
D,DISPATCH,UNIT_SCADA,1,"2019/09/06 07:40:00",RT_VIC10,0
D,DISPATCH,UNIT_SCADA,1,"2019/09/06 07:40:00",RT_VIC11,0
D,DISPATCH,UNIT_SCADA,1,"2019/09/06 07:40:00",RT_VIC12,0
D,DISPATCH,UNIT_SCADA,1,"2019/09/06 07:40:00",RT_VIC2,0
D,DISPATCH,UNIT_SCADA,1,"2019/09/06 07:40:00",RT_VIC3,0
D,DISPATCH,UNIT_SCADA,1,"2019/09/06 07:40:00",RT_VIC4,0
D,DISPATCH,UNIT_SCADA,1,"2019/09/06 07:40:00",RT_VIC5,0
D,DISPATCH,UNIT_SCADA,1,"2019/09/06 07:40:00",RT_VIC6,0
D,DISPATCH,UNIT_SCADA,1,"2019/09/06 07:40:00",RT_VIC7,0
D,DISPATCH,UNIT_SCADA,1,"2019/09/06 07:40:00",RT_VIC8,0
D,DISPATCH,UNIT_SCADA,1,"2019/09/06 07:40:00",RT_VIC9,0
D,DISPATCH,UNIT_SCADA,1,"2019/09/06 07:40:00",RUGBYR1,49.895420
D,DISPATCH,UNIT_SCADA,1,"2019/09/06 07:40:00",SALTCRK1,24.37
D,DISPATCH,UNIT_SCADA,1,"2019/09/06 07:40:00",SAPHWF1,165.140660
D,DISPATCH,UNIT_SCADA,1,"2019/09/06 07:40:00",SHGEN,162.908360
D,DISPATCH,UNIT_SCADA,1,"2019/09/06 07:40:00",SHPUMP,0
D,DISPATCH,UNIT_SCADA,1,"2019/09/06 07:40:00",SITHE01,0.214140
D,DISPATCH,UNIT_SCADA,1,"2019/09/06 07:40:00",SMCSF1,25.354250
D,DISPATCH,UNIT_SCADA,1,"2019/09/06 07:40:00",SNOWNTH1,135.70
D,DISPATCH,UNIT_SCADA,1,"2019/09/06 07:40:00",SNOWSTH1,117.50
D,DISPATCH,UNIT_SCADA,1,"2019/09/06 07:40:00",SNOWTWN1,94.851820
D,DISPATCH,UNIT_SCADA,1,"2019/09/06 07:40:00",SNOWYP,0
D,DISPATCH,UNIT_SCADA,1,"2019/09/06 07:40:00",SNUG1,0.019440
D,DISPATCH,UNIT_SCADA,1,"2019/09/06 07:40:00",SRSF1,38.33
D,DISPATCH,UNIT_SCADA,1,"2019/09/06 07:40:00",STAN-1,260.009060
D,DISPATCH,UNIT_SCADA,1,"2019/09/06 07:40:00",STAN-2,302.500090
D,DISPATCH,UNIT_SCADA,1,"2019/09/06 07:40:00",STAN-3,304.935460
D,DISPATCH,UNIT_SCADA,1,"2019/09/06 07:40:00",STAN-4,297.308870
D,DISPATCH,UNIT_SCADA,1,"2019/09/06 07:40:00",STWF1,0
D,DISPATCH,UNIT_SCADA,1,"2019/09/06 07:40:00",SWAN_E,0
D,DISPATCH,UNIT_SCADA,1,"2019/09/06 07:40:00",TALWA1,409
D,DISPATCH,UNIT_SCADA,1,"2019/09/06 07:40:00",TARALGA1,17.212490
D,DISPATCH,UNIT_SCADA,1,"2019/09/06 07:40:00",TARONG#1,349.399990
D,DISPATCH,UNIT_SCADA,1,"2019/09/06 07:40:00",TARONG#2,0
D,DISPATCH,UNIT_SCADA,1,"2019/09/06 07:40:00",TARONG#3,296.200010
D,DISPATCH,UNIT_SCADA,1,"2019/09/06 07:40:00",TARONG#4,348.600010
D,DISPATCH,UNIT_SCADA,1,"2019/09/06 07:40:00",TARRALEA,74
D,DISPATCH,UNIT_SCADA,1,"2019/09/06 07:40:00",TBSF1,5.30
D,DISPATCH,UNIT_SCADA,1,"2019/09/06 07:40:00",TNPS1,399.700010
D,DISPATCH,UNIT_SCADA,1,"2019/09/06 07:40:00",TORRA1,40.718890
D,DISPATCH,UNIT_SCADA,1,"2019/09/06 07:40:00",TORRA2,0
D,DISPATCH,UNIT_SCADA,1,"2019/09/06 07:40:00",TORRA3,0
D,DISPATCH,UNIT_SCADA,1,"2019/09/06 07:40:00",TORRA4,40.621250
D,DISPATCH,UNIT_SCADA,1,"2019/09/06 07:40:00",TORRB1,106.01
D,DISPATCH,UNIT_SCADA,1,"2019/09/06 07:40:00",TORRB2,118
D,DISPATCH,UNIT_SCADA,1,"2019/09/06 07:40:00",TORRB3,117.41
D,DISPATCH,UNIT_SCADA,1,"2019/09/06 07:40:00",TORRB4,0
D,DISPATCH,UNIT_SCADA,1,"2019/09/06 07:40:00",TREVALLN,66.380020
D,DISPATCH,UNIT_SCADA,1,"2019/09/06 07:40:00",TRIBUTE,0
D,DISPATCH,UNIT_SCADA,1,"2019/09/06 07:40:00",TUMUT3,-0.83
D,DISPATCH,UNIT_SCADA,1,"2019/09/06 07:40:00",TUNGATIN,54.30
D,DISPATCH,UNIT_SCADA,1,"2019/09/06 07:40:00",TVCC201,0
D,DISPATCH,UNIT_SCADA,1,"2019/09/06 07:40:00",TVPP104,0
D,DISPATCH,UNIT_SCADA,1,"2019/09/06 07:40:00",UPPTUMUT,544.8739
D,DISPATCH,UNIT_SCADA,1,"2019/09/06 07:40:00",URANQ11,0
D,DISPATCH,UNIT_SCADA,1,"2019/09/06 07:40:00",URANQ12,0
D,DISPATCH,UNIT_SCADA,1,"2019/09/06 07:40:00",URANQ13,0
D,DISPATCH,UNIT_SCADA,1,"2019/09/06 07:40:00",URANQ14,0
D,DISPATCH,UNIT_SCADA,1,"2019/09/06 07:40:00",VP5,538
D,DISPATCH,UNIT_SCADA,1,"2019/09/06 07:40:00",VP6,0
D,DISPATCH,UNIT_SCADA,1,"2019/09/06 07:40:00",VPGS1,0
D,DISPATCH,UNIT_SCADA,1,"2019/09/06 07:40:00",VPGS2,0
D,DISPATCH,UNIT_SCADA,1,"2019/09/06 07:40:00",VPGS3,0
D,DISPATCH,UNIT_SCADA,1,"2019/09/06 07:40:00",VPGS4,0
D,DISPATCH,UNIT_SCADA,1,"2019/09/06 07:40:00",VPGS5,0
D,DISPATCH,UNIT_SCADA,1,"2019/09/06 07:40:00",VPGS6,0
D,DISPATCH,UNIT_SCADA,1,"2019/09/06 07:40:00",W/HOE#1,0
D,DISPATCH,UNIT_SCADA,1,"2019/09/06 07:40:00",W/HOE#2,0
D,DISPATCH,UNIT_SCADA,1,"2019/09/06 07:40:00",WATERLWF,108.40
D,DISPATCH,UNIT_SCADA,1,"2019/09/06 07:40:00",WEMENSF1,4.80
D,DISPATCH,UNIT_SCADA,1,"2019/09/06 07:40:00",WGWF1,106.90
D,DISPATCH,UNIT_SCADA,1,"2019/09/06 07:40:00",WHITSF1,32.70
D,DISPATCH,UNIT_SCADA,1,"2019/09/06 07:40:00",WKIEWA1,33
D,DISPATCH,UNIT_SCADA,1,"2019/09/06 07:40:00",WKIEWA2,0.10
D,DISPATCH,UNIT_SCADA,1,"2019/09/06 07:40:00",WOODLWN1,6.669010
D,DISPATCH,UNIT_SCADA,1,"2019/09/06 07:40:00",WRSF1,7.92
D,DISPATCH,UNIT_SCADA,1,"2019/09/06 07:40:00",WRWF1,25.981240
D,DISPATCH,UNIT_SCADA,1,"2019/09/06 07:40:00",YABULU,0
D,DISPATCH,UNIT_SCADA,1,"2019/09/06 07:40:00",YABULU2,0
D,DISPATCH,UNIT_SCADA,1,"2019/09/06 07:40:00",YARWUN_1,166.819990
D,DISPATCH,UNIT_SCADA,1,"2019/09/06 07:40:00",YENDWF1,32.81
D,DISPATCH,UNIT_SCADA,1,"2019/09/06 07:40:00",YWPS1,377.944310
D,DISPATCH,UNIT_SCADA,1,"2019/09/06 07:40:00",YWPS2,274.934170
D,DISPATCH,UNIT_SCADA,1,"2019/09/06 07:40:00",YWPS3,325.232910
D,DISPATCH,UNIT_SCADA,1,"2019/09/06 07:40:00",YWPS4,392.415190
C,"END OF REPORT",335
