C,NEMP.WORLD,DISPATCHSCADA,AEMO,PUBLIC,2019/09/06,12:55:09,0000000312463036,DISPATCHSCADA,0000000312463030
I,DISPATCH,UNIT_SCADA,1,SETTLEMENTDATE,DUID,SCADAVALUE
D,DISPATCH,UNIT_SCADA,1,"2019/09/06 13:00:00",BARCSF1,8.900001
D,DISPATCH,UNIT_SCADA,1,"2019/09/06 13:00:00",BUTLERSG,10.199999
D,DISPATCH,UNIT_SCADA,1,"2019/09/06 13:00:00",CALL_A_4,0
D,DISPATCH,UNIT_SCADA,1,"2019/09/06 13:00:00",CAPTL_WF,122.940002
D,DISPATCH,UNIT_SCADA,1,"2019/09/06 13:00:00",CATHROCK,0
D,DISPATCH,UNIT_SCADA,1,"2019/09/06 13:00:00",CHALLHWF,6.50
D,DISPATCH,UNIT_SCADA,1,"2019/09/06 13:00:00",CLOVER,-0.01
D,DISPATCH,UNIT_SCADA,1,"2019/09/06 13:00:00",CLUNY,18.220646
D,DISPATCH,UNIT_SCADA,1,"2019/09/06 13:00:00",CNUNDAWF,40.747536
D,DISPATCH,UNIT_SCADA,1,"2019/09/06 13:00:00",CULLRGWF,28.40
D,DISPATCH,UNIT_SCADA,1,"2019/09/06 13:00:00",ERGT01,0
D,DISPATCH,UNIT_SCADA,1,"2019/09/06 13:00:00",GB01,0.012867
D,DISPATCH,UNIT_SCADA,1,"2019/09/06 13:00:00",GERMCRK,32.400002
D,DISPATCH,UNIT_SCADA,1,"2019/09/06 13:00:00",GRIFSF1,1
D,DISPATCH,UNIT_SCADA,1,"2019/09/06 13:00:00",HUGSF1,9.04
D,DISPATCH,UNIT_SCADA,1,"2019/09/06 13:00:00",LKBONNY1,72.876442
D,DISPATCH,UNIT_SCADA,1,"2019/09/06 13:00:00",LRSF1,11.2840
D,DISPATCH,UNIT_SCADA,1,"2019/09/06 13:00:00",MBAHNTH,51.618744
D,DISPATCH,UNIT_SCADA,1,"2019/09/06 13:00:00",MLSP1,4.123001
D,DISPATCH,UNIT_SCADA,1,"2019/09/06 13:00:00",MLWF1,9.2550
D,DISPATCH,UNIT_SCADA,1,"2019/09/06 13:00:00",MTMILLAR,56.152138
D,DISPATCH,UNIT_SCADA,1,"2019/09/06 13:00:00",PALOONA,24.269999
D,DISPATCH,UNIT_SCADA,1,"2019/09/06 13:00:00",PIONEER,38.50
D,DISPATCH,UNIT_SCADA,1,"2019/09/06 13:00:00",PORTWF,38.599998
D,DISPATCH,UNIT_SCADA,1,"2019/09/06 13:00:00",REPULSE,32.296024
D,DISPATCH,UNIT_SCADA,1,"2019/09/06 13:00:00",ROWALLAN,10.4157
D,DISPATCH,UNIT_SCADA,1,"2019/09/06 13:00:00",ROYALLA1,5.510001
D,DISPATCH,UNIT_SCADA,1,"2019/09/06 13:00:00",RPCG,12.90
D,DISPATCH,UNIT_SCADA,1,"2019/09/06 13:00:00",RUBICON,0
D,DISPATCH,UNIT_SCADA,1,"2019/09/06 13:00:00",SATGN1,0
D,DISPATCH,UNIT_SCADA,1,"2019/09/06 13:00:00",SATGS1,0
D,DISPATCH,UNIT_SCADA,1,"2019/09/06 13:00:00",STARHLWF,25.892450
D,DISPATCH,UNIT_SCADA,1,"2019/09/06 13:00:00",WAUBRAWF,44.626999
D,DISPATCH,UNIT_SCADA,1,"2019/09/06 13:00:00",WOOLNTH1,27.140015
D,DISPATCH,UNIT_SCADA,1,"2019/09/06 13:00:00",WPWF,83
D,DISPATCH,UNIT_SCADA,1,"2019/09/06 13:00:00",YAMBUKWF,20.90
D,DISPATCH,UNIT_SCADA,1,"2019/09/06 13:00:00",YSWF1,16.799999
D,DISPATCH,UNIT_SCADA,1,"2019/09/06 13:00:00",AGLHAL,0
D,DISPATCH,UNIT_SCADA,1,"2019/09/06 13:00:00",AGLSOM,0
D,DISPATCH,UNIT_SCADA,1,"2019/09/06 13:00:00",ANGAST1,0
D,DISPATCH,UNIT_SCADA,1,"2019/09/06 13:00:00",ARWF1,31.10
D,DISPATCH,UNIT_SCADA,1,"2019/09/06 13:00:00",BALBG1,20.34
D,DISPATCH,UNIT_SCADA,1,"2019/09/06 13:00:00",BALBL1,0
D,DISPATCH,UNIT_SCADA,1,"2019/09/06 13:00:00",BALDHWF1,74.6380
D,DISPATCH,UNIT_SCADA,1,"2019/09/06 13:00:00",BANN1,60.39
D,DISPATCH,UNIT_SCADA,1,"2019/09/06 13:00:00",BARCALDN,0
D,DISPATCH,UNIT_SCADA,1,"2019/09/06 13:00:00",BARRON-1,0
D,DISPATCH,UNIT_SCADA,1,"2019/09/06 13:00:00",BARRON-2,0
D,DISPATCH,UNIT_SCADA,1,"2019/09/06 13:00:00",BASTYAN,79.560010
D,DISPATCH,UNIT_SCADA,1,"2019/09/06 13:00:00",BBTHREE1,0
D,DISPATCH,UNIT_SCADA,1,"2019/09/06 13:00:00",BBTHREE2,0
D,DISPATCH,UNIT_SCADA,1,"2019/09/06 13:00:00",BBTHREE3,0
D,DISPATCH,UNIT_SCADA,1,"2019/09/06 13:00:00",BDL01,0
D,DISPATCH,UNIT_SCADA,1,"2019/09/06 13:00:00",BDL02,0
D,DISPATCH,UNIT_SCADA,1,"2019/09/06 13:00:00",BERYLSF1,42.330930
D,DISPATCH,UNIT_SCADA,1,"2019/09/06 13:00:00",BLOWERNG,15.30
D,DISPATCH,UNIT_SCADA,1,"2019/09/06 13:00:00",BLUFF1,26.70
D,DISPATCH,UNIT_SCADA,1,"2019/09/06 13:00:00",BNGSF1,97.05
D,DISPATCH,UNIT_SCADA,1,"2019/09/06 13:00:00",BNGSF2,19.87
D,DISPATCH,UNIT_SCADA,1,"2019/09/06 13:00:00",BOCORWF1,110.98
D,DISPATCH,UNIT_SCADA,1,"2019/09/06 13:00:00",BODWF1,112.491870
D,DISPATCH,UNIT_SCADA,1,"2019/09/06 13:00:00",BRAEMAR1,0
D,DISPATCH,UNIT_SCADA,1,"2019/09/06 13:00:00",BRAEMAR2,0
D,DISPATCH,UNIT_SCADA,1,"2019/09/06 13:00:00",BRAEMAR3,0
D,DISPATCH,UNIT_SCADA,1,"2019/09/06 13:00:00",BRAEMAR5,0
D,DISPATCH,UNIT_SCADA,1,"2019/09/06 13:00:00",BRAEMAR6,0
D,DISPATCH,UNIT_SCADA,1,"2019/09/06 13:00:00",BRAEMAR7,0
D,DISPATCH,UNIT_SCADA,1,"2019/09/06 13:00:00",BROKENH1,27.544920
D,DISPATCH,UNIT_SCADA,1,"2019/09/06 13:00:00",BW01,585.425050
D,DISPATCH,UNIT_SCADA,1,"2019/09/06 13:00:00",BW02,591.6001
D,DISPATCH,UNIT_SCADA,1,"2019/09/06 13:00:00",BW03,639.200070
D,DISPATCH,UNIT_SCADA,1,"2019/09/06 13:00:00",BW04,0
D,DISPATCH,UNIT_SCADA,1,"2019/09/06 13:00:00",CALL_B_1,335.800020
D,DISPATCH,UNIT_SCADA,1,"2019/09/06 13:00:00",CALL_B_2,341.600010
D,DISPATCH,UNIT_SCADA,1,"2019/09/06 13:00:00",CETHANA,96.7475
D,DISPATCH,UNIT_SCADA,1,"2019/09/06 13:00:00",CG1,0
D,DISPATCH,UNIT_SCADA,1,"2019/09/06 13:00:00",CG2,0
D,DISPATCH,UNIT_SCADA,1,"2019/09/06 13:00:00",CG3,0
D,DISPATCH,UNIT_SCADA,1,"2019/09/06 13:00:00",CG4,0
D,DISPATCH,UNIT_SCADA,1,"2019/09/06 13:00:00",CHILDSF1,45.05
D,DISPATCH,UNIT_SCADA,1,"2019/09/06 13:00:00",CLARESF1,46.022660
D,DISPATCH,UNIT_SCADA,1,"2019/09/06 13:00:00",CLEMGPWF,26.580920
D,DISPATCH,UNIT_SCADA,1,"2019/09/06 13:00:00",CLERMSF1,14.72
D,DISPATCH,UNIT_SCADA,1,"2019/09/06 13:00:00",COLEASF1,39.10
D,DISPATCH,UNIT_SCADA,1,"2019/09/06 13:00:00",COOPGWF1,47.986790
D,DISPATCH,UNIT_SCADA,1,"2019/09/06 13:00:00",CPP_3,328.075010
D,DISPATCH,UNIT_SCADA,1,"2019/09/06 13:00:00",CPP_4,249.975010
D,DISPATCH,UNIT_SCADA,1,"2019/09/06 13:00:00",CPSA,75.003750
D,DISPATCH,UNIT_SCADA,1,"2019/09/06 13:00:00",CROOKWF2,78.153760
D,DISPATCH,UNIT_SCADA,1,"2019/09/06 13:00:00",CROWLWF1,14.603260
D,DISPATCH,UNIT_SCADA,1,"2019/09/06 13:00:00",CSPVPS1,31.9990
D,DISPATCH,UNIT_SCADA,1,"2019/09/06 13:00:00",DALNTH01,0
D,DISPATCH,UNIT_SCADA,1,"2019/09/06 13:00:00",DALNTHL1,1.002520
D,DISPATCH,UNIT_SCADA,1,"2019/09/06 13:00:00",DARTM1,0
D,DISPATCH,UNIT_SCADA,1,"2019/09/06 13:00:00",DAYDSF1,113.7460
D,DISPATCH,UNIT_SCADA,1,"2019/09/06 13:00:00",DDPS1,0
D,DISPATCH,UNIT_SCADA,1,"2019/09/06 13:00:00",DDSF1,105.848830
D,DISPATCH,UNIT_SCADA,1,"2019/09/06 13:00:00",DEVILS_G,0
D,DISPATCH,UNIT_SCADA,1,"2019/09/06 13:00:00",DG_NSW1,0
D,DISPATCH,UNIT_SCADA,1,"2019/09/06 13:00:00",DG_QLD1,0
D,DISPATCH,UNIT_SCADA,1,"2019/09/06 13:00:00",DG_SA1,0
D,DISPATCH,UNIT_SCADA,1,"2019/09/06 13:00:00",DG_TAS1,0
D,DISPATCH,UNIT_SCADA,1,"2019/09/06 13:00:00",DG_VIC1,0
D,DISPATCH,UNIT_SCADA,1,"2019/09/06 13:00:00",DRYCGT1,0
D,DISPATCH,UNIT_SCADA,1,"2019/09/06 13:00:00",DRYCGT2,0
D,DISPATCH,UNIT_SCADA,1,"2019/09/06 13:00:00",DRYCGT3,0
D,DISPATCH,UNIT_SCADA,1,"2019/09/06 13:00:00",EILDON1,0
D,DISPATCH,UNIT_SCADA,1,"2019/09/06 13:00:00",EILDON2,0
D,DISPATCH,UNIT_SCADA,1,"2019/09/06 13:00:00",EMERASF1,66.93
D,DISPATCH,UNIT_SCADA,1,"2019/09/06 13:00:00",ER01,549.575070
D,DISPATCH,UNIT_SCADA,1,"2019/09/06 13:00:00",ER02,660.700070
D,DISPATCH,UNIT_SCADA,1,"2019/09/06 13:00:00",ER03,0
D,DISPATCH,UNIT_SCADA,1,"2019/09/06 13:00:00",ER04,648.599980
D,DISPATCH,UNIT_SCADA,1,"2019/09/06 13:00:00",FINLYSF1,1.181240
D,DISPATCH,UNIT_SCADA,1,"2019/09/06 13:00:00",FISHER,45.71
D,DISPATCH,UNIT_SCADA,1,"2019/09/06 13:00:00",GANNBG1,10.942420
D,DISPATCH,UNIT_SCADA,1,"2019/09/06 13:00:00",GANNBL1,0
D,DISPATCH,UNIT_SCADA,1,"2019/09/06 13:00:00",GANNSF1,14.90
D,DISPATCH,UNIT_SCADA,1,"2019/09/06 13:00:00",GORDON,17.632160
D,DISPATCH,UNIT_SCADA,1,"2019/09/06 13:00:00",GSTONE1,140.524990
D,DISPATCH,UNIT_SCADA,1,"2019/09/06 13:00:00",GSTONE2,110.60
D,DISPATCH,UNIT_SCADA,1,"2019/09/06 13:00:00",GSTONE3,0
D,DISPATCH,UNIT_SCADA,1,"2019/09/06 13:00:00",GSTONE4,140.524990
D,DISPATCH,UNIT_SCADA,1,"2019/09/06 13:00:00",GSTONE5,139.30
D,DISPATCH,UNIT_SCADA,1,"2019/09/06 13:00:00",GSTONE6,139.30
D,DISPATCH,UNIT_SCADA,1,"2019/09/06 13:00:00",GULLRSF1,4.577120
D,DISPATCH,UNIT_SCADA,1,"2019/09/06 13:00:00",GULLRWF1,125.354220
D,DISPATCH,UNIT_SCADA,1,"2019/09/06 13:00:00",GUNNING1,32.412760
D,DISPATCH,UNIT_SCADA,1,"2019/09/06 13:00:00",GUTHEGA,0
D,DISPATCH,UNIT_SCADA,1,"2019/09/06 13:00:00",HALLWF1,-0.43
D,DISPATCH,UNIT_SCADA,1,"2019/09/06 13:00:00",HALLWF2,1.86
D,DISPATCH,UNIT_SCADA,1,"2019/09/06 13:00:00",HAMISF1,45.80
D,DISPATCH,UNIT_SCADA,1,"2019/09/06 13:00:00",HAUGHT11,0
D,DISPATCH,UNIT_SCADA,1,"2019/09/06 13:00:00",HAYMSF1,40.7560
D,DISPATCH,UNIT_SCADA,1,"2019/09/06 13:00:00",HDWF1,65.70
D,DISPATCH,UNIT_SCADA,1,"2019/09/06 13:00:00",HDWF2,65.60
D,DISPATCH,UNIT_SCADA,1,"2019/09/06 13:00:00",HDWF3,68.90
D,DISPATCH,UNIT_SCADA,1,"2019/09/06 13:00:00",HPRG1,23
D,DISPATCH,UNIT_SCADA,1,"2019/09/06 13:00:00",HPRL1,0
D,DISPATCH,UNIT_SCADA,1,"2019/09/06 13:00:00",HUMENSW,0
D,DISPATCH,UNIT_SCADA,1,"2019/09/06 13:00:00",HUMEV,25
D,DISPATCH,UNIT_SCADA,1,"2019/09/06 13:00:00",HVGTS,0
D,DISPATCH,UNIT_SCADA,1,"2019/09/06 13:00:00",JBUTTERS,113.66
D,DISPATCH,UNIT_SCADA,1,"2019/09/06 13:00:00",JLA01,0.10
D,DISPATCH,UNIT_SCADA,1,"2019/09/06 13:00:00",JLA02,0
D,DISPATCH,UNIT_SCADA,1,"2019/09/06 13:00:00",JLA03,0
D,DISPATCH,UNIT_SCADA,1,"2019/09/06 13:00:00",JLA04,0
D,DISPATCH,UNIT_SCADA,1,"2019/09/06 13:00:00",JLB01,0
D,DISPATCH,UNIT_SCADA,1,"2019/09/06 13:00:00",JLB02,0.10
D,DISPATCH,UNIT_SCADA,1,"2019/09/06 13:00:00",JLB03,0
D,DISPATCH,UNIT_SCADA,1,"2019/09/06 13:00:00",KAREEYA1,21.5250
D,DISPATCH,UNIT_SCADA,1,"2019/09/06 13:00:00",KAREEYA2,21.72
D,DISPATCH,UNIT_SCADA,1,"2019/09/06 13:00:00",KAREEYA3,0
D,DISPATCH,UNIT_SCADA,1,"2019/09/06 13:00:00",KAREEYA4,21.5225
D,DISPATCH,UNIT_SCADA,1,"2019/09/06 13:00:00",KARSF1,10.70
D,DISPATCH,UNIT_SCADA,1,"2019/09/06 13:00:00",KIATAWF1,30.70
D,DISPATCH,UNIT_SCADA,1,"2019/09/06 13:00:00",KPP_1,0
D,DISPATCH,UNIT_SCADA,1,"2019/09/06 13:00:00",KSP1,46.09
D,DISPATCH,UNIT_SCADA,1,"2019/09/06 13:00:00",LADBROK1,0
D,DISPATCH,UNIT_SCADA,1,"2019/09/06 13:00:00",LADBROK2,0
D,DISPATCH,UNIT_SCADA,1,"2019/09/06 13:00:00",LD01,382.743710
D,DISPATCH,UNIT_SCADA,1,"2019/09/06 13:00:00",LD02,380.6813
D,DISPATCH,UNIT_SCADA,1,"2019/09/06 13:00:00",LD03,384.337550
D,DISPATCH,UNIT_SCADA,1,"2019/09/06 13:00:00",LD04,380.943790
D,DISPATCH,UNIT_SCADA,1,"2019/09/06 13:00:00",LEM_WIL,84.8372
D,DISPATCH,UNIT_SCADA,1,"2019/09/06 13:00:00",LGAPWF1,34.64
D,DISPATCH,UNIT_SCADA,1,"2019/09/06 13:00:00",LILYSF1,0
D,DISPATCH,UNIT_SCADA,1,"2019/09/06 13:00:00",LI_WY_CA,163.062710
D,DISPATCH,UNIT_SCADA,1,"2019/09/06 13:00:00",LKBONNY2,130.781830
D,DISPATCH,UNIT_SCADA,1,"2019/09/06 13:00:00",LKBONNY3,28.301760
D,DISPATCH,UNIT_SCADA,1,"2019/09/06 13:00:00",LK_ECHO,0
D,DISPATCH,UNIT_SCADA,1,"2019/09/06 13:00:00",LNGS1,0
D,DISPATCH,UNIT_SCADA,1,"2019/09/06 13:00:00",LNGS2,0
D,DISPATCH,UNIT_SCADA,1,"2019/09/06 13:00:00",LONSDALE,0
D,DISPATCH,UNIT_SCADA,1,"2019/09/06 13:00:00",LOYYB1,538.720280
D,DISPATCH,UNIT_SCADA,1,"2019/09/06 13:00:00",LOYYB2,583.458250
D,DISPATCH,UNIT_SCADA,1,"2019/09/06 13:00:00",LYA1,0
D,DISPATCH,UNIT_SCADA,1,"2019/09/06 13:00:00",LYA2,0
D,DISPATCH,UNIT_SCADA,1,"2019/09/06 13:00:00",LYA3,559
D,DISPATCH,UNIT_SCADA,1,"2019/09/06 13:00:00",LYA4,540
D,DISPATCH,UNIT_SCADA,1,"2019/09/06 13:00:00",MACARTH1,116.6973
D,DISPATCH,UNIT_SCADA,1,"2019/09/06 13:00:00",MACKAYGT,0.2240
D,DISPATCH,UNIT_SCADA,1,"2019/09/06 13:00:00",MACKNTSH,85.220010
D,DISPATCH,UNIT_SCADA,1,"2019/09/06 13:00:00",MANSLR1,17.1320
D,DISPATCH,UNIT_SCADA,1,"2019/09/06 13:00:00",MCKAY1,-0.0350
D,DISPATCH,UNIT_SCADA,1,"2019/09/06 13:00:00",MEADOWBK,33.781560
D,DISPATCH,UNIT_SCADA,1,"2019/09/06 13:00:00",MERCER01,62.0840
D,DISPATCH,UNIT_SCADA,1,"2019/09/06 13:00:00",MEWF1,12.488190
D,DISPATCH,UNIT_SCADA,1,"2019/09/06 13:00:00",MINTARO,0
D,DISPATCH,UNIT_SCADA,1,"2019/09/06 13:00:00",MOREESF1,47.1760
D,DISPATCH,UNIT_SCADA,1,"2019/09/06 13:00:00",MORTLK11,125
D,DISPATCH,UNIT_SCADA,1,"2019/09/06 13:00:00",MORTLK12,0
D,DISPATCH,UNIT_SCADA,1,"2019/09/06 13:00:00",MP1,151.624940
D,DISPATCH,UNIT_SCADA,1,"2019/09/06 13:00:00",MP2,0
D,DISPATCH,UNIT_SCADA,1,"2019/09/06 13:00:00",MPP_1,368.25
D,DISPATCH,UNIT_SCADA,1,"2019/09/06 13:00:00",MPP_2,370
D,DISPATCH,UNIT_SCADA,1,"2019/09/06 13:00:00",MSTUART1,0
D,DISPATCH,UNIT_SCADA,1,"2019/09/06 13:00:00",MSTUART2,0
D,DISPATCH,UNIT_SCADA,1,"2019/09/06 13:00:00",MSTUART3,0
D,DISPATCH,UNIT_SCADA,1,"2019/09/06 13:00:00",MTGELWF1,64.143810
D,DISPATCH,UNIT_SCADA,1,"2019/09/06 13:00:00",MURRAY,0
D,DISPATCH,UNIT_SCADA,1,"2019/09/06 13:00:00",MUSSELR1,160.20
D,DISPATCH,UNIT_SCADA,1,"2019/09/06 13:00:00",MUWAWF1,72.11
D,DISPATCH,UNIT_SCADA,1,"2019/09/06 13:00:00",NBHWF1,69.30
D,DISPATCH,UNIT_SCADA,1,"2019/09/06 13:00:00",NPS,0
D,DISPATCH,UNIT_SCADA,1,"2019/09/06 13:00:00",NUMURSF1,38.40
D,DISPATCH,UNIT_SCADA,1,"2019/09/06 13:00:00",NYNGAN1,44.25
D,DISPATCH,UNIT_SCADA,1,"2019/09/06 13:00:00",OAKEY1,0
D,DISPATCH,UNIT_SCADA,1,"2019/09/06 13:00:00",OAKEY1SF,23.2870
D,DISPATCH,UNIT_SCADA,1,"2019/09/06 13:00:00",OAKEY2,0
D,DISPATCH,UNIT_SCADA,1,"2019/09/06 13:00:00",OAKEY2SF,0
D,DISPATCH,UNIT_SCADA,1,"2019/09/06 13:00:00",OAKLAND1,18.80
D,DISPATCH,UNIT_SCADA,1,"2019/09/06 13:00:00",OSB-AG,0
D,DISPATCH,UNIT_SCADA,1,"2019/09/06 13:00:00",PARSF1,16.803120
D,DISPATCH,UNIT_SCADA,1,"2019/09/06 13:00:00",POAT110,0
D,DISPATCH,UNIT_SCADA,1,"2019/09/06 13:00:00",POAT220,0
D,DISPATCH,UNIT_SCADA,1,"2019/09/06 13:00:00",POR01,0
D,DISPATCH,UNIT_SCADA,1,"2019/09/06 13:00:00",POR03,0
D,DISPATCH,UNIT_SCADA,1,"2019/09/06 13:00:00",PPCCGT,0
D,DISPATCH,UNIT_SCADA,1,"2019/09/06 13:00:00",PTSTAN1,0
D,DISPATCH,UNIT_SCADA,1,"2019/09/06 13:00:00",PUMP1,0
D,DISPATCH,UNIT_SCADA,1,"2019/09/06 13:00:00",PUMP2,0
D,DISPATCH,UNIT_SCADA,1,"2019/09/06 13:00:00",QPS1,0
D,DISPATCH,UNIT_SCADA,1,"2019/09/06 13:00:00",QPS2,0
D,DISPATCH,UNIT_SCADA,1,"2019/09/06 13:00:00",QPS3,0
D,DISPATCH,UNIT_SCADA,1,"2019/09/06 13:00:00",QPS4,0
D,DISPATCH,UNIT_SCADA,1,"2019/09/06 13:00:00",QPS5,0
D,DISPATCH,UNIT_SCADA,1,"2019/09/06 13:00:00",REECE1,101.780010
D,DISPATCH,UNIT_SCADA,1,"2019/09/06 13:00:00",REECE2,98.98
D,DISPATCH,UNIT_SCADA,1,"2019/09/06 13:00:00",ROMA_7,0
D,DISPATCH,UNIT_SCADA,1,"2019/09/06 13:00:00",ROMA_8,0
D,DISPATCH,UNIT_SCADA,1,"2019/09/06 13:00:00",RRSF1,111.046550
D,DISPATCH,UNIT_SCADA,1,"2019/09/06 13:00:00",RT_NSW1,0
D,DISPATCH,UNIT_SCADA,1,"2019/09/06 13:00:00",RT_NSW2,0
D,DISPATCH,UNIT_SCADA,1,"2019/09/06 13:00:00",RT_NSW3,0
D,DISPATCH,UNIT_SCADA,1,"2019/09/06 13:00:00",RT_NSW4,0
D,DISPATCH,UNIT_SCADA,1,"2019/09/06 13:00:00",RT_NSW5,0
D,DISPATCH,UNIT_SCADA,1,"2019/09/06 13:00:00",RT_NSW6,0
D,DISPATCH,UNIT_SCADA,1,"2019/09/06 13:00:00",RT_QLD1,0
D,DISPATCH,UNIT_SCADA,1,"2019/09/06 13:00:00",RT_SA1,0
D,DISPATCH,UNIT_SCADA,1,"2019/09/06 13:00:00",RT_SA2,0
D,DISPATCH,UNIT_SCADA,1,"2019/09/06 13:00:00",RT_SA3,0
D,DISPATCH,UNIT_SCADA,1,"2019/09/06 13:00:00",RT_SA4,0
D,DISPATCH,UNIT_SCADA,1,"2019/09/06 13:00:00",RT_SA5,0
D,DISPATCH,UNIT_SCADA,1,"2019/09/06 13:00:00",RT_SA6,0
D,DISPATCH,UNIT_SCADA,1,"2019/09/06 13:00:00",RT_TAS1,0
D,DISPATCH,UNIT_SCADA,1,"2019/09/06 13:00:00",RT_VIC1,0
D,DISPATCH,UNIT_SCADA,1,"2019/09/06 13:00:00",RT_VIC10,0
D,DISPATCH,UNIT_SCADA,1,"2019/09/06 13:00:00",RT_VIC11,0
D,DISPATCH,UNIT_SCADA,1,"2019/09/06 13:00:00",RT_VIC12,0
D,DISPATCH,UNIT_SCADA,1,"2019/09/06 13:00:00",RT_VIC2,0
D,DISPATCH,UNIT_SCADA,1,"2019/09/06 13:00:00",RT_VIC3,0
D,DISPATCH,UNIT_SCADA,1,"2019/09/06 13:00:00",RT_VIC4,0
D,DISPATCH,UNIT_SCADA,1,"2019/09/06 13:00:00",RT_VIC5,0
D,DISPATCH,UNIT_SCADA,1,"2019/09/06 13:00:00",RT_VIC6,0
D,DISPATCH,UNIT_SCADA,1,"2019/09/06 13:00:00",RT_VIC7,0
D,DISPATCH,UNIT_SCADA,1,"2019/09/06 13:00:00",RT_VIC8,0
D,DISPATCH,UNIT_SCADA,1,"2019/09/06 13:00:00",RT_VIC9,0
D,DISPATCH,UNIT_SCADA,1,"2019/09/06 13:00:00",RUGBYR1,62.625790
D,DISPATCH,UNIT_SCADA,1,"2019/09/06 13:00:00",SALTCRK1,9.37
D,DISPATCH,UNIT_SCADA,1,"2019/09/06 13:00:00",SAPHWF1,243.281250
D,DISPATCH,UNIT_SCADA,1,"2019/09/06 13:00:00",SHGEN,0
D,DISPATCH,UNIT_SCADA,1,"2019/09/06 13:00:00",SHPUMP,78.596980
D,DISPATCH,UNIT_SCADA,1,"2019/09/06 13:00:00",SITHE01,0.1840
D,DISPATCH,UNIT_SCADA,1,"2019/09/06 13:00:00",SMCSF1,87.296530
D,DISPATCH,UNIT_SCADA,1,"2019/09/06 13:00:00",SNOWNTH1,131.899990
D,DISPATCH,UNIT_SCADA,1,"2019/09/06 13:00:00",SNOWSTH1,106.50
D,DISPATCH,UNIT_SCADA,1,"2019/09/06 13:00:00",SNOWTWN1,46.973450
D,DISPATCH,UNIT_SCADA,1,"2019/09/06 13:00:00",SNOWYP,197.50
D,DISPATCH,UNIT_SCADA,1,"2019/09/06 13:00:00",SNUG1,0.019440
D,DISPATCH,UNIT_SCADA,1,"2019/09/06 13:00:00",SRSF1,69.439990
D,DISPATCH,UNIT_SCADA,1,"2019/09/06 13:00:00",STAN-1,186.088820
D,DISPATCH,UNIT_SCADA,1,"2019/09/06 13:00:00",STAN-2,238.526440
D,DISPATCH,UNIT_SCADA,1,"2019/09/06 13:00:00",STAN-3,238.0650
D,DISPATCH,UNIT_SCADA,1,"2019/09/06 13:00:00",STAN-4,232.425170
D,DISPATCH,UNIT_SCADA,1,"2019/09/06 13:00:00",STWF1,0
D,DISPATCH,UNIT_SCADA,1,"2019/09/06 13:00:00",SWAN_E,0
D,DISPATCH,UNIT_SCADA,1,"2019/09/06 13:00:00",TALWA1,191
D,DISPATCH,UNIT_SCADA,1,"2019/09/06 13:00:00",TARALGA1,95.808750
D,DISPATCH,UNIT_SCADA,1,"2019/09/06 13:00:00",TARONG#1,350.100010
D,DISPATCH,UNIT_SCADA,1,"2019/09/06 13:00:00",TARONG#2,0
D,DISPATCH,UNIT_SCADA,1,"2019/09/06 13:00:00",TARONG#3,279.300020
D,DISPATCH,UNIT_SCADA,1,"2019/09/06 13:00:00",TARONG#4,351.399990
D,DISPATCH,UNIT_SCADA,1,"2019/09/06 13:00:00",TARRALEA,73.90
D,DISPATCH,UNIT_SCADA,1,"2019/09/06 13:00:00",TBSF1,89
D,DISPATCH,UNIT_SCADA,1,"2019/09/06 13:00:00",TNPS1,398.500030
D,DISPATCH,UNIT_SCADA,1,"2019/09/06 13:00:00",TORRA1,45.248390
D,DISPATCH,UNIT_SCADA,1,"2019/09/06 13:00:00",TORRA2,0
D,DISPATCH,UNIT_SCADA,1,"2019/09/06 13:00:00",TORRA3,0
D,DISPATCH,UNIT_SCADA,1,"2019/09/06 13:00:00",TORRA4,45.757260
D,DISPATCH,UNIT_SCADA,1,"2019/09/06 13:00:00",TORRB1,40.65
D,DISPATCH,UNIT_SCADA,1,"2019/09/06 13:00:00",TORRB2,40.86
D,DISPATCH,UNIT_SCADA,1,"2019/09/06 13:00:00",TORRB3,41.03
D,DISPATCH,UNIT_SCADA,1,"2019/09/06 13:00:00",TORRB4,0
D,DISPATCH,UNIT_SCADA,1,"2019/09/06 13:00:00",TREVALLN,87.650020
D,DISPATCH,UNIT_SCADA,1,"2019/09/06 13:00:00",TRIBUTE,0
D,DISPATCH,UNIT_SCADA,1,"2019/09/06 13:00:00",TUMUT3,0
D,DISPATCH,UNIT_SCADA,1,"2019/09/06 13:00:00",TUNGATIN,74.890030
D,DISPATCH,UNIT_SCADA,1,"2019/09/06 13:00:00",TVCC201,0
D,DISPATCH,UNIT_SCADA,1,"2019/09/06 13:00:00",TVPP104,0
D,DISPATCH,UNIT_SCADA,1,"2019/09/06 13:00:00",UPPTUMUT,27.906580
D,DISPATCH,UNIT_SCADA,1,"2019/09/06 13:00:00",URANQ11,0
D,DISPATCH,UNIT_SCADA,1,"2019/09/06 13:00:00",URANQ12,0
D,DISPATCH,UNIT_SCADA,1,"2019/09/06 13:00:00",URANQ13,0
D,DISPATCH,UNIT_SCADA,1,"2019/09/06 13:00:00",URANQ14,0
D,DISPATCH,UNIT_SCADA,1,"2019/09/06 13:00:00",VP5,401.074980
D,DISPATCH,UNIT_SCADA,1,"2019/09/06 13:00:00",VP6,0
D,DISPATCH,UNIT_SCADA,1,"2019/09/06 13:00:00",VPGS1,0
D,DISPATCH,UNIT_SCADA,1,"2019/09/06 13:00:00",VPGS2,0
D,DISPATCH,UNIT_SCADA,1,"2019/09/06 13:00:00",VPGS3,0
D,DISPATCH,UNIT_SCADA,1,"2019/09/06 13:00:00",VPGS4,0
D,DISPATCH,UNIT_SCADA,1,"2019/09/06 13:00:00",VPGS5,0
D,DISPATCH,UNIT_SCADA,1,"2019/09/06 13:00:00",VPGS6,0
D,DISPATCH,UNIT_SCADA,1,"2019/09/06 13:00:00",W/HOE#1,0
D,DISPATCH,UNIT_SCADA,1,"2019/09/06 13:00:00",W/HOE#2,0
D,DISPATCH,UNIT_SCADA,1,"2019/09/06 13:00:00",WATERLWF,68.90
D,DISPATCH,UNIT_SCADA,1,"2019/09/06 13:00:00",WEMENSF1,44.10
D,DISPATCH,UNIT_SCADA,1,"2019/09/06 13:00:00",WGWF1,0
D,DISPATCH,UNIT_SCADA,1,"2019/09/06 13:00:00",WHITSF1,42.30
D,DISPATCH,UNIT_SCADA,1,"2019/09/06 13:00:00",WKIEWA1,0
D,DISPATCH,UNIT_SCADA,1,"2019/09/06 13:00:00",WKIEWA2,0.10
D,DISPATCH,UNIT_SCADA,1,"2019/09/06 13:00:00",WOODLWN1,43.7220
D,DISPATCH,UNIT_SCADA,1,"2019/09/06 13:00:00",WRSF1,15.97
D,DISPATCH,UNIT_SCADA,1,"2019/09/06 13:00:00",WRWF1,149.896270
D,DISPATCH,UNIT_SCADA,1,"2019/09/06 13:00:00",YABULU,0
D,DISPATCH,UNIT_SCADA,1,"2019/09/06 13:00:00",YABULU2,0
D,DISPATCH,UNIT_SCADA,1,"2019/09/06 13:00:00",YARWUN_1,120.06
D,DISPATCH,UNIT_SCADA,1,"2019/09/06 13:00:00",YENDWF1,42.24
D,DISPATCH,UNIT_SCADA,1,"2019/09/06 13:00:00",YWPS1,374.435460
D,DISPATCH,UNIT_SCADA,1,"2019/09/06 13:00:00",YWPS2,280.448090
D,DISPATCH,UNIT_SCADA,1,"2019/09/06 13:00:00",YWPS3,333.983550
D,DISPATCH,UNIT_SCADA,1,"2019/09/06 13:00:00",YWPS4,391.568360
C,"END OF REPORT",335
