C,NEMP.WORLD,DISPATCHSCADA,AEMO,PUBLIC,2019/08/19,15:20:07,0000000311750438,DISPATCHSCADA,0000000311750432
I,DISPATCH,UNIT_SCADA,1,SETTLEMENTDATE,DUID,SCADAVALUE
D,DISPATCH,UNIT_SCADA,1,"2019/08/19 15:25:00",BARCSF1,17.400002
D,DISPATCH,UNIT_SCADA,1,"2019/08/19 15:25:00",BUTLERSG,9.699999
D,DISPATCH,UNIT_SCADA,1,"2019/08/19 15:25:00",CALL_A_4,0
D,DISPATCH,UNIT_SCADA,1,"2019/08/19 15:25:00",CAPTL_WF,133.559998
D,DISPATCH,UNIT_SCADA,1,"2019/08/19 15:25:00",CATHROCK,17.15
D,DISPATCH,UNIT_SCADA,1,"2019/08/19 15:25:00",CHALLHWF,17.099998
D,DISPATCH,UNIT_SCADA,1,"2019/08/19 15:25:00",CLOVER,-0.02
D,DISPATCH,UNIT_SCADA,1,"2019/08/19 15:25:00",CLUNY,17.249256
D,DISPATCH,UNIT_SCADA,1,"2019/08/19 15:25:00",CNUNDAWF,26.731182
D,DISPATCH,UNIT_SCADA,1,"2019/08/19 15:25:00",CULLRGWF,30.02
D,DISPATCH,UNIT_SCADA,1,"2019/08/19 15:25:00",ERGT01,0
D,DISPATCH,UNIT_SCADA,1,"2019/08/19 15:25:00",GB01,0.065208
D,DISPATCH,UNIT_SCADA,1,"2019/08/19 15:25:00",GERMCRK,34.700001
D,DISPATCH,UNIT_SCADA,1,"2019/08/19 15:25:00",GRIFSF1,22.800003
D,DISPATCH,UNIT_SCADA,1,"2019/08/19 15:25:00",HUGSF1,8.822001
D,DISPATCH,UNIT_SCADA,1,"2019/08/19 15:25:00",LKBONNY1,32.776535
D,DISPATCH,UNIT_SCADA,1,"2019/08/19 15:25:00",LRSF1,10.6540
D,DISPATCH,UNIT_SCADA,1,"2019/08/19 15:25:00",MBAHNTH,55.368744
D,DISPATCH,UNIT_SCADA,1,"2019/08/19 15:25:00",MLSP1,7.461001
D,DISPATCH,UNIT_SCADA,1,"2019/08/19 15:25:00",MLWF1,15.24
D,DISPATCH,UNIT_SCADA,1,"2019/08/19 15:25:00",MTMILLAR,2.329130
D,DISPATCH,UNIT_SCADA,1,"2019/08/19 15:25:00",PALOONA,24.939999
D,DISPATCH,UNIT_SCADA,1,"2019/08/19 15:25:00",PIONEER,44.200001
D,DISPATCH,UNIT_SCADA,1,"2019/08/19 15:25:00",PORTWF,105.50
D,DISPATCH,UNIT_SCADA,1,"2019/08/19 15:25:00",REPULSE,29.158770
D,DISPATCH,UNIT_SCADA,1,"2019/08/19 15:25:00",ROWALLAN,9.9329
D,DISPATCH,UNIT_SCADA,1,"2019/08/19 15:25:00",ROYALLA1,4.5590
D,DISPATCH,UNIT_SCADA,1,"2019/08/19 15:25:00",RPCG,-0.90
D,DISPATCH,UNIT_SCADA,1,"2019/08/19 15:25:00",RUBICON,0
D,DISPATCH,UNIT_SCADA,1,"2019/08/19 15:25:00",SATGN1,0
D,DISPATCH,UNIT_SCADA,1,"2019/08/19 15:25:00",SATGS1,0
D,DISPATCH,UNIT_SCADA,1,"2019/08/19 15:25:00",STARHLWF,8.797435
D,DISPATCH,UNIT_SCADA,1,"2019/08/19 15:25:00",WAUBRAWF,146.925995
D,DISPATCH,UNIT_SCADA,1,"2019/08/19 15:25:00",WOOLNTH1,131.890015
D,DISPATCH,UNIT_SCADA,1,"2019/08/19 15:25:00",WPWF,33
D,DISPATCH,UNIT_SCADA,1,"2019/08/19 15:25:00",YAMBUKWF,29.799999
D,DISPATCH,UNIT_SCADA,1,"2019/08/19 15:25:00",YSWF1,23.40
D,DISPATCH,UNIT_SCADA,1,"2019/08/19 15:25:00",AGLHAL,0
D,DISPATCH,UNIT_SCADA,1,"2019/08/19 15:25:00",AGLSOM,0
D,DISPATCH,UNIT_SCADA,1,"2019/08/19 15:25:00",ANGAST1,0
D,DISPATCH,UNIT_SCADA,1,"2019/08/19 15:25:00",ARWF1,78.50
D,DISPATCH,UNIT_SCADA,1,"2019/08/19 15:25:00",BALBG1,0
D,DISPATCH,UNIT_SCADA,1,"2019/08/19 15:25:00",BALBL1,0
D,DISPATCH,UNIT_SCADA,1,"2019/08/19 15:25:00",BALDHWF1,103.2540
D,DISPATCH,UNIT_SCADA,1,"2019/08/19 15:25:00",BANN1,0
D,DISPATCH,UNIT_SCADA,1,"2019/08/19 15:25:00",BARCALDN,0
D,DISPATCH,UNIT_SCADA,1,"2019/08/19 15:25:00",BARRON-1,0
D,DISPATCH,UNIT_SCADA,1,"2019/08/19 15:25:00",BARRON-2,25.44
D,DISPATCH,UNIT_SCADA,1,"2019/08/19 15:25:00",BASTYAN,80.990010
D,DISPATCH,UNIT_SCADA,1,"2019/08/19 15:25:00",BBTHREE1,0
D,DISPATCH,UNIT_SCADA,1,"2019/08/19 15:25:00",BBTHREE2,0
D,DISPATCH,UNIT_SCADA,1,"2019/08/19 15:25:00",BBTHREE3,0
D,DISPATCH,UNIT_SCADA,1,"2019/08/19 15:25:00",BDL01,0
D,DISPATCH,UNIT_SCADA,1,"2019/08/19 15:25:00",BDL02,0
D,DISPATCH,UNIT_SCADA,1,"2019/08/19 15:25:00",BERYLSF1,35.1915
D,DISPATCH,UNIT_SCADA,1,"2019/08/19 15:25:00",BLOWERNG,0
D,DISPATCH,UNIT_SCADA,1,"2019/08/19 15:25:00",BLUFF1,17.70
D,DISPATCH,UNIT_SCADA,1,"2019/08/19 15:25:00",BNGSF1,94.50
D,DISPATCH,UNIT_SCADA,1,"2019/08/19 15:25:00",BNGSF2,19.98
D,DISPATCH,UNIT_SCADA,1,"2019/08/19 15:25:00",BOCORWF1,110.61
D,DISPATCH,UNIT_SCADA,1,"2019/08/19 15:25:00",BODWF1,100.632240
D,DISPATCH,UNIT_SCADA,1,"2019/08/19 15:25:00",BRAEMAR1,0
D,DISPATCH,UNIT_SCADA,1,"2019/08/19 15:25:00",BRAEMAR2,0
D,DISPATCH,UNIT_SCADA,1,"2019/08/19 15:25:00",BRAEMAR3,0
D,DISPATCH,UNIT_SCADA,1,"2019/08/19 15:25:00",BRAEMAR5,0
D,DISPATCH,UNIT_SCADA,1,"2019/08/19 15:25:00",BRAEMAR6,0
D,DISPATCH,UNIT_SCADA,1,"2019/08/19 15:25:00",BRAEMAR7,0
D,DISPATCH,UNIT_SCADA,1,"2019/08/19 15:25:00",BROKENH1,24.165770
D,DISPATCH,UNIT_SCADA,1,"2019/08/19 15:25:00",BW01,632.099980
D,DISPATCH,UNIT_SCADA,1,"2019/08/19 15:25:00",BW02,634.224980
D,DISPATCH,UNIT_SCADA,1,"2019/08/19 15:25:00",BW03,633.275020
D,DISPATCH,UNIT_SCADA,1,"2019/08/19 15:25:00",BW04,0
D,DISPATCH,UNIT_SCADA,1,"2019/08/19 15:25:00",CALL_B_1,349.399990
D,DISPATCH,UNIT_SCADA,1,"2019/08/19 15:25:00",CALL_B_2,279.200010
D,DISPATCH,UNIT_SCADA,1,"2019/08/19 15:25:00",CETHANA,79.922620
D,DISPATCH,UNIT_SCADA,1,"2019/08/19 15:25:00",CG1,0
D,DISPATCH,UNIT_SCADA,1,"2019/08/19 15:25:00",CG2,0
D,DISPATCH,UNIT_SCADA,1,"2019/08/19 15:25:00",CG3,0
D,DISPATCH,UNIT_SCADA,1,"2019/08/19 15:25:00",CG4,0
D,DISPATCH,UNIT_SCADA,1,"2019/08/19 15:25:00",CHILDSF1,40.06
D,DISPATCH,UNIT_SCADA,1,"2019/08/19 15:25:00",CLARESF1,40.968190
D,DISPATCH,UNIT_SCADA,1,"2019/08/19 15:25:00",CLEMGPWF,12.9663
D,DISPATCH,UNIT_SCADA,1,"2019/08/19 15:25:00",CLERMSF1,14.97
D,DISPATCH,UNIT_SCADA,1,"2019/08/19 15:25:00",COLEASF1,41.30
D,DISPATCH,UNIT_SCADA,1,"2019/08/19 15:25:00",COOPGWF1,32.5817
D,DISPATCH,UNIT_SCADA,1,"2019/08/19 15:25:00",CPP_3,381.975010
D,DISPATCH,UNIT_SCADA,1,"2019/08/19 15:25:00",CPP_4,382.524990
D,DISPATCH,UNIT_SCADA,1,"2019/08/19 15:25:00",CPSA,144.051250
D,DISPATCH,UNIT_SCADA,1,"2019/08/19 15:25:00",CROOKWF2,87.823750
D,DISPATCH,UNIT_SCADA,1,"2019/08/19 15:25:00",CROWLWF1,21.600260
D,DISPATCH,UNIT_SCADA,1,"2019/08/19 15:25:00",CSPVPS1,27.3490
D,DISPATCH,UNIT_SCADA,1,"2019/08/19 15:25:00",DALNTH01,0
D,DISPATCH,UNIT_SCADA,1,"2019/08/19 15:25:00",DALNTHL1,0.010680
D,DISPATCH,UNIT_SCADA,1,"2019/08/19 15:25:00",DARTM1,0
D,DISPATCH,UNIT_SCADA,1,"2019/08/19 15:25:00",DAYDSF1,105.3820
D,DISPATCH,UNIT_SCADA,1,"2019/08/19 15:25:00",DDPS1,157.861660
D,DISPATCH,UNIT_SCADA,1,"2019/08/19 15:25:00",DDSF1,67.444730
D,DISPATCH,UNIT_SCADA,1,"2019/08/19 15:25:00",DEVILS_G,0
D,DISPATCH,UNIT_SCADA,1,"2019/08/19 15:25:00",DG_NSW1,0
D,DISPATCH,UNIT_SCADA,1,"2019/08/19 15:25:00",DG_QLD1,0
D,DISPATCH,UNIT_SCADA,1,"2019/08/19 15:25:00",DG_SA1,0
D,DISPATCH,UNIT_SCADA,1,"2019/08/19 15:25:00",DG_TAS1,0
D,DISPATCH,UNIT_SCADA,1,"2019/08/19 15:25:00",DG_VIC1,0
D,DISPATCH,UNIT_SCADA,1,"2019/08/19 15:25:00",DRYCGT1,0
D,DISPATCH,UNIT_SCADA,1,"2019/08/19 15:25:00",DRYCGT2,0
D,DISPATCH,UNIT_SCADA,1,"2019/08/19 15:25:00",DRYCGT3,0
D,DISPATCH,UNIT_SCADA,1,"2019/08/19 15:25:00",EILDON1,0
D,DISPATCH,UNIT_SCADA,1,"2019/08/19 15:25:00",EILDON2,0
D,DISPATCH,UNIT_SCADA,1,"2019/08/19 15:25:00",EMERASF1,58.44
D,DISPATCH,UNIT_SCADA,1,"2019/08/19 15:25:00",ER01,399.2251
D,DISPATCH,UNIT_SCADA,1,"2019/08/19 15:25:00",ER02,399.150020
D,DISPATCH,UNIT_SCADA,1,"2019/08/19 15:25:00",ER03,396.675050
D,DISPATCH,UNIT_SCADA,1,"2019/08/19 15:25:00",ER04,396.699950
D,DISPATCH,UNIT_SCADA,1,"2019/08/19 15:25:00",FINLYSF1,1.289250
D,DISPATCH,UNIT_SCADA,1,"2019/08/19 15:25:00",FISHER,45.93
D,DISPATCH,UNIT_SCADA,1,"2019/08/19 15:25:00",GANNBG1,0
D,DISPATCH,UNIT_SCADA,1,"2019/08/19 15:25:00",GANNBL1,6.210510
D,DISPATCH,UNIT_SCADA,1,"2019/08/19 15:25:00",GANNSF1,43.70
D,DISPATCH,UNIT_SCADA,1,"2019/08/19 15:25:00",GORDON,66.459680
D,DISPATCH,UNIT_SCADA,1,"2019/08/19 15:25:00",GSTONE1,138.25
D,DISPATCH,UNIT_SCADA,1,"2019/08/19 15:25:00",GSTONE2,130.20
D,DISPATCH,UNIT_SCADA,1,"2019/08/19 15:25:00",GSTONE3,137.55
D,DISPATCH,UNIT_SCADA,1,"2019/08/19 15:25:00",GSTONE4,136.3250
D,DISPATCH,UNIT_SCADA,1,"2019/08/19 15:25:00",GSTONE5,135.274990
D,DISPATCH,UNIT_SCADA,1,"2019/08/19 15:25:00",GSTONE6,0
D,DISPATCH,UNIT_SCADA,1,"2019/08/19 15:25:00",GULLRSF1,6.706970
D,DISPATCH,UNIT_SCADA,1,"2019/08/19 15:25:00",GULLRWF1,152.315310
D,DISPATCH,UNIT_SCADA,1,"2019/08/19 15:25:00",GUNNING1,44.6417
D,DISPATCH,UNIT_SCADA,1,"2019/08/19 15:25:00",GUTHEGA,30.80
D,DISPATCH,UNIT_SCADA,1,"2019/08/19 15:25:00",HALLWF1,41.12
D,DISPATCH,UNIT_SCADA,1,"2019/08/19 15:25:00",HALLWF2,50.05
D,DISPATCH,UNIT_SCADA,1,"2019/08/19 15:25:00",HAMISF1,44.10
D,DISPATCH,UNIT_SCADA,1,"2019/08/19 15:25:00",HAUGHT11,49.950720
D,DISPATCH,UNIT_SCADA,1,"2019/08/19 15:25:00",HAYMSF1,37.1360
D,DISPATCH,UNIT_SCADA,1,"2019/08/19 15:25:00",HDWF1,28
D,DISPATCH,UNIT_SCADA,1,"2019/08/19 15:25:00",HDWF2,40.90
D,DISPATCH,UNIT_SCADA,1,"2019/08/19 15:25:00",HDWF3,34.20
D,DISPATCH,UNIT_SCADA,1,"2019/08/19 15:25:00",HPRG1,2.30
D,DISPATCH,UNIT_SCADA,1,"2019/08/19 15:25:00",HPRL1,0
D,DISPATCH,UNIT_SCADA,1,"2019/08/19 15:25:00",HUMENSW,0
D,DISPATCH,UNIT_SCADA,1,"2019/08/19 15:25:00",HUMEV,8.80
D,DISPATCH,UNIT_SCADA,1,"2019/08/19 15:25:00",HVGTS,0
D,DISPATCH,UNIT_SCADA,1,"2019/08/19 15:25:00",JBUTTERS,137.91
D,DISPATCH,UNIT_SCADA,1,"2019/08/19 15:25:00",JLA01,0.50
D,DISPATCH,UNIT_SCADA,1,"2019/08/19 15:25:00",JLA02,0
D,DISPATCH,UNIT_SCADA,1,"2019/08/19 15:25:00",JLA03,0.10
D,DISPATCH,UNIT_SCADA,1,"2019/08/19 15:25:00",JLA04,0.10
D,DISPATCH,UNIT_SCADA,1,"2019/08/19 15:25:00",JLB01,0
D,DISPATCH,UNIT_SCADA,1,"2019/08/19 15:25:00",JLB02,0.10
D,DISPATCH,UNIT_SCADA,1,"2019/08/19 15:25:00",JLB03,0
D,DISPATCH,UNIT_SCADA,1,"2019/08/19 15:25:00",KAREEYA1,21.57
D,DISPATCH,UNIT_SCADA,1,"2019/08/19 15:25:00",KAREEYA2,21.69
D,DISPATCH,UNIT_SCADA,1,"2019/08/19 15:25:00",KAREEYA3,0
D,DISPATCH,UNIT_SCADA,1,"2019/08/19 15:25:00",KAREEYA4,21.5875
D,DISPATCH,UNIT_SCADA,1,"2019/08/19 15:25:00",KARSF1,8.30
D,DISPATCH,UNIT_SCADA,1,"2019/08/19 15:25:00",KIATAWF1,25.60
D,DISPATCH,UNIT_SCADA,1,"2019/08/19 15:25:00",KPP_1,0
D,DISPATCH,UNIT_SCADA,1,"2019/08/19 15:25:00",KSP1,20.61
D,DISPATCH,UNIT_SCADA,1,"2019/08/19 15:25:00",LADBROK1,0
D,DISPATCH,UNIT_SCADA,1,"2019/08/19 15:25:00",LADBROK2,0
D,DISPATCH,UNIT_SCADA,1,"2019/08/19 15:25:00",LD01,339.1875
D,DISPATCH,UNIT_SCADA,1,"2019/08/19 15:25:00",LD02,352.162540
D,DISPATCH,UNIT_SCADA,1,"2019/08/19 15:25:00",LD03,346.3125
D,DISPATCH,UNIT_SCADA,1,"2019/08/19 15:25:00",LD04,347.8688
D,DISPATCH,UNIT_SCADA,1,"2019/08/19 15:25:00",LEM_WIL,84.156140
D,DISPATCH,UNIT_SCADA,1,"2019/08/19 15:25:00",LGAPWF1,15.61
D,DISPATCH,UNIT_SCADA,1,"2019/08/19 15:25:00",LILYSF1,82.837490
D,DISPATCH,UNIT_SCADA,1,"2019/08/19 15:25:00",LI_WY_CA,147.475130
D,DISPATCH,UNIT_SCADA,1,"2019/08/19 15:25:00",LKBONNY2,89.263760
D,DISPATCH,UNIT_SCADA,1,"2019/08/19 15:25:00",LKBONNY3,26.236350
D,DISPATCH,UNIT_SCADA,1,"2019/08/19 15:25:00",LK_ECHO,0
D,DISPATCH,UNIT_SCADA,1,"2019/08/19 15:25:00",LNGS1,0
D,DISPATCH,UNIT_SCADA,1,"2019/08/19 15:25:00",LNGS2,0
D,DISPATCH,UNIT_SCADA,1,"2019/08/19 15:25:00",LONSDALE,0
D,DISPATCH,UNIT_SCADA,1,"2019/08/19 15:25:00",LOYYB1,531.577210
D,DISPATCH,UNIT_SCADA,1,"2019/08/19 15:25:00",LOYYB2,581.578490
D,DISPATCH,UNIT_SCADA,1,"2019/08/19 15:25:00",LYA1,560
D,DISPATCH,UNIT_SCADA,1,"2019/08/19 15:25:00",LYA2,0
D,DISPATCH,UNIT_SCADA,1,"2019/08/19 15:25:00",LYA3,560
D,DISPATCH,UNIT_SCADA,1,"2019/08/19 15:25:00",LYA4,540
D,DISPATCH,UNIT_SCADA,1,"2019/08/19 15:25:00",MACARTH1,104.997570
D,DISPATCH,UNIT_SCADA,1,"2019/08/19 15:25:00",MACKAYGT,0
D,DISPATCH,UNIT_SCADA,1,"2019/08/19 15:25:00",MACKNTSH,84.990010
D,DISPATCH,UNIT_SCADA,1,"2019/08/19 15:25:00",MANSLR1,41.4060
D,DISPATCH,UNIT_SCADA,1,"2019/08/19 15:25:00",MCKAY1,0.02
D,DISPATCH,UNIT_SCADA,1,"2019/08/19 15:25:00",MEADOWBK,33.895880
D,DISPATCH,UNIT_SCADA,1,"2019/08/19 15:25:00",MERCER01,91.8580
D,DISPATCH,UNIT_SCADA,1,"2019/08/19 15:25:00",MEWF1,65.241090
D,DISPATCH,UNIT_SCADA,1,"2019/08/19 15:25:00",MINTARO,0
D,DISPATCH,UNIT_SCADA,1,"2019/08/19 15:25:00",MOREESF1,50.1520
D,DISPATCH,UNIT_SCADA,1,"2019/08/19 15:25:00",MORTLK11,150
D,DISPATCH,UNIT_SCADA,1,"2019/08/19 15:25:00",MORTLK12,0
D,DISPATCH,UNIT_SCADA,1,"2019/08/19 15:25:00",MP1,278.8750
D,DISPATCH,UNIT_SCADA,1,"2019/08/19 15:25:00",MP2,0
D,DISPATCH,UNIT_SCADA,1,"2019/08/19 15:25:00",MPP_1,369.50
D,DISPATCH,UNIT_SCADA,1,"2019/08/19 15:25:00",MPP_2,412.75
D,DISPATCH,UNIT_SCADA,1,"2019/08/19 15:25:00",MSTUART1,0
D,DISPATCH,UNIT_SCADA,1,"2019/08/19 15:25:00",MSTUART2,0
D,DISPATCH,UNIT_SCADA,1,"2019/08/19 15:25:00",MSTUART3,0
D,DISPATCH,UNIT_SCADA,1,"2019/08/19 15:25:00",MTGELWF1,64.763330
D,DISPATCH,UNIT_SCADA,1,"2019/08/19 15:25:00",MURRAY,0
D,DISPATCH,UNIT_SCADA,1,"2019/08/19 15:25:00",MUSSELR1,165.50
D,DISPATCH,UNIT_SCADA,1,"2019/08/19 15:25:00",MUWAWF1,40.08
D,DISPATCH,UNIT_SCADA,1,"2019/08/19 15:25:00",NBHWF1,45.60
D,DISPATCH,UNIT_SCADA,1,"2019/08/19 15:25:00",NPS,143.25
D,DISPATCH,UNIT_SCADA,1,"2019/08/19 15:25:00",NUMURSF1,51.66
D,DISPATCH,UNIT_SCADA,1,"2019/08/19 15:25:00",NYNGAN1,73.75
D,DISPATCH,UNIT_SCADA,1,"2019/08/19 15:25:00",OAKEY1,0
D,DISPATCH,UNIT_SCADA,1,"2019/08/19 15:25:00",OAKEY1SF,21.5580
D,DISPATCH,UNIT_SCADA,1,"2019/08/19 15:25:00",OAKEY2,0
D,DISPATCH,UNIT_SCADA,1,"2019/08/19 15:25:00",OAKLAND1,25.60
D,DISPATCH,UNIT_SCADA,1,"2019/08/19 15:25:00",OSB-AG,15.22
D,DISPATCH,UNIT_SCADA,1,"2019/08/19 15:25:00",PARSF1,46.80
D,DISPATCH,UNIT_SCADA,1,"2019/08/19 15:25:00",POAT110,1.177760
D,DISPATCH,UNIT_SCADA,1,"2019/08/19 15:25:00",POAT220,46.907280
D,DISPATCH,UNIT_SCADA,1,"2019/08/19 15:25:00",POR01,0
D,DISPATCH,UNIT_SCADA,1,"2019/08/19 15:25:00",POR03,0
D,DISPATCH,UNIT_SCADA,1,"2019/08/19 15:25:00",PPCCGT,258.111390
D,DISPATCH,UNIT_SCADA,1,"2019/08/19 15:25:00",PTSTAN1,0
D,DISPATCH,UNIT_SCADA,1,"2019/08/19 15:25:00",PUMP1,0
D,DISPATCH,UNIT_SCADA,1,"2019/08/19 15:25:00",PUMP2,0
D,DISPATCH,UNIT_SCADA,1,"2019/08/19 15:25:00",QPS1,0
D,DISPATCH,UNIT_SCADA,1,"2019/08/19 15:25:00",QPS2,0
D,DISPATCH,UNIT_SCADA,1,"2019/08/19 15:25:00",QPS3,0
D,DISPATCH,UNIT_SCADA,1,"2019/08/19 15:25:00",QPS4,0
D,DISPATCH,UNIT_SCADA,1,"2019/08/19 15:25:00",QPS5,0
D,DISPATCH,UNIT_SCADA,1,"2019/08/19 15:25:00",REECE1,113.730010
D,DISPATCH,UNIT_SCADA,1,"2019/08/19 15:25:00",REECE2,113.460010
D,DISPATCH,UNIT_SCADA,1,"2019/08/19 15:25:00",ROMA_7,0
D,DISPATCH,UNIT_SCADA,1,"2019/08/19 15:25:00",ROMA_8,0
D,DISPATCH,UNIT_SCADA,1,"2019/08/19 15:25:00",RRSF1,107.518490
D,DISPATCH,UNIT_SCADA,1,"2019/08/19 15:25:00",RT_NSW1,0
D,DISPATCH,UNIT_SCADA,1,"2019/08/19 15:25:00",RT_NSW2,0
D,DISPATCH,UNIT_SCADA,1,"2019/08/19 15:25:00",RT_NSW3,0
D,DISPATCH,UNIT_SCADA,1,"2019/08/19 15:25:00",RT_NSW4,0
D,DISPATCH,UNIT_SCADA,1,"2019/08/19 15:25:00",RT_NSW5,0
D,DISPATCH,UNIT_SCADA,1,"2019/08/19 15:25:00",RT_NSW6,0
D,DISPATCH,UNIT_SCADA,1,"2019/08/19 15:25:00",RT_QLD1,0
D,DISPATCH,UNIT_SCADA,1,"2019/08/19 15:25:00",RT_SA1,0
D,DISPATCH,UNIT_SCADA,1,"2019/08/19 15:25:00",RT_SA2,0
D,DISPATCH,UNIT_SCADA,1,"2019/08/19 15:25:00",RT_SA3,0
D,DISPATCH,UNIT_SCADA,1,"2019/08/19 15:25:00",RT_SA4,0
D,DISPATCH,UNIT_SCADA,1,"2019/08/19 15:25:00",RT_SA5,0
D,DISPATCH,UNIT_SCADA,1,"2019/08/19 15:25:00",RT_SA6,0
D,DISPATCH,UNIT_SCADA,1,"2019/08/19 15:25:00",RT_TAS1,0
D,DISPATCH,UNIT_SCADA,1,"2019/08/19 15:25:00",RT_VIC1,0
D,DISPATCH,UNIT_SCADA,1,"2019/08/19 15:25:00",RT_VIC10,0
D,DISPATCH,UNIT_SCADA,1,"2019/08/19 15:25:00",RT_VIC11,0
D,DISPATCH,UNIT_SCADA,1,"2019/08/19 15:25:00",RT_VIC12,0
D,DISPATCH,UNIT_SCADA,1,"2019/08/19 15:25:00",RT_VIC2,0
D,DISPATCH,UNIT_SCADA,1,"2019/08/19 15:25:00",RT_VIC3,0
D,DISPATCH,UNIT_SCADA,1,"2019/08/19 15:25:00",RT_VIC4,0
D,DISPATCH,UNIT_SCADA,1,"2019/08/19 15:25:00",RT_VIC5,0
D,DISPATCH,UNIT_SCADA,1,"2019/08/19 15:25:00",RT_VIC6,0
D,DISPATCH,UNIT_SCADA,1,"2019/08/19 15:25:00",RT_VIC7,0
D,DISPATCH,UNIT_SCADA,1,"2019/08/19 15:25:00",RT_VIC8,0
D,DISPATCH,UNIT_SCADA,1,"2019/08/19 15:25:00",RT_VIC9,0
D,DISPATCH,UNIT_SCADA,1,"2019/08/19 15:25:00",RUGBYR1,44.984320
D,DISPATCH,UNIT_SCADA,1,"2019/08/19 15:25:00",SALTCRK1,40.71
D,DISPATCH,UNIT_SCADA,1,"2019/08/19 15:25:00",SAPHWF1,172.790620
D,DISPATCH,UNIT_SCADA,1,"2019/08/19 15:25:00",SHGEN,0
D,DISPATCH,UNIT_SCADA,1,"2019/08/19 15:25:00",SHPUMP,122.526570
D,DISPATCH,UNIT_SCADA,1,"2019/08/19 15:25:00",SITHE01,0.005650
D,DISPATCH,UNIT_SCADA,1,"2019/08/19 15:25:00",SMCSF1,61.910780
D,DISPATCH,UNIT_SCADA,1,"2019/08/19 15:25:00",SNOWNTH1,30.80
D,DISPATCH,UNIT_SCADA,1,"2019/08/19 15:25:00",SNOWSTH1,48.50
D,DISPATCH,UNIT_SCADA,1,"2019/08/19 15:25:00",SNOWTWN1,27.534370
D,DISPATCH,UNIT_SCADA,1,"2019/08/19 15:25:00",SNOWYP,188.600010
D,DISPATCH,UNIT_SCADA,1,"2019/08/19 15:25:00",SNUG1,0.019440
D,DISPATCH,UNIT_SCADA,1,"2019/08/19 15:25:00",SRSF1,35.46
D,DISPATCH,UNIT_SCADA,1,"2019/08/19 15:25:00",STAN-1,0
D,DISPATCH,UNIT_SCADA,1,"2019/08/19 15:25:00",STAN-2,282.517120
D,DISPATCH,UNIT_SCADA,1,"2019/08/19 15:25:00",STAN-3,284.183440
D,DISPATCH,UNIT_SCADA,1,"2019/08/19 15:25:00",STAN-4,285.439580
D,DISPATCH,UNIT_SCADA,1,"2019/08/19 15:25:00",STWF1,26.325010
D,DISPATCH,UNIT_SCADA,1,"2019/08/19 15:25:00",SWAN_E,0
D,DISPATCH,UNIT_SCADA,1,"2019/08/19 15:25:00",TALWA1,190
D,DISPATCH,UNIT_SCADA,1,"2019/08/19 15:25:00",TARALGA1,94.8450
D,DISPATCH,UNIT_SCADA,1,"2019/08/19 15:25:00",TARONG#1,285.200010
D,DISPATCH,UNIT_SCADA,1,"2019/08/19 15:25:00",TARONG#2,284.700010
D,DISPATCH,UNIT_SCADA,1,"2019/08/19 15:25:00",TARONG#3,259
D,DISPATCH,UNIT_SCADA,1,"2019/08/19 15:25:00",TARONG#4,280.700010
D,DISPATCH,UNIT_SCADA,1,"2019/08/19 15:25:00",TARRALEA,79
D,DISPATCH,UNIT_SCADA,1,"2019/08/19 15:25:00",TBSF1,0
D,DISPATCH,UNIT_SCADA,1,"2019/08/19 15:25:00",TNPS1,442.000030
D,DISPATCH,UNIT_SCADA,1,"2019/08/19 15:25:00",TORRA1,39.784970
D,DISPATCH,UNIT_SCADA,1,"2019/08/19 15:25:00",TORRA2,0
D,DISPATCH,UNIT_SCADA,1,"2019/08/19 15:25:00",TORRA3,37.586320
D,DISPATCH,UNIT_SCADA,1,"2019/08/19 15:25:00",TORRA4,0
D,DISPATCH,UNIT_SCADA,1,"2019/08/19 15:25:00",TORRB1,39.11
D,DISPATCH,UNIT_SCADA,1,"2019/08/19 15:25:00",TORRB2,38.70
D,DISPATCH,UNIT_SCADA,1,"2019/08/19 15:25:00",TORRB3,0
D,DISPATCH,UNIT_SCADA,1,"2019/08/19 15:25:00",TORRB4,0
D,DISPATCH,UNIT_SCADA,1,"2019/08/19 15:25:00",TREVALLN,39.560010
D,DISPATCH,UNIT_SCADA,1,"2019/08/19 15:25:00",TRIBUTE,62.32
D,DISPATCH,UNIT_SCADA,1,"2019/08/19 15:25:00",TUMUT3,171.86
D,DISPATCH,UNIT_SCADA,1,"2019/08/19 15:25:00",TUNGATIN,121.340030
D,DISPATCH,UNIT_SCADA,1,"2019/08/19 15:25:00",TVCC201,0
D,DISPATCH,UNIT_SCADA,1,"2019/08/19 15:25:00",TVPP104,0
D,DISPATCH,UNIT_SCADA,1,"2019/08/19 15:25:00",UPPTUMUT,0
D,DISPATCH,UNIT_SCADA,1,"2019/08/19 15:25:00",URANQ11,0
D,DISPATCH,UNIT_SCADA,1,"2019/08/19 15:25:00",URANQ12,0
D,DISPATCH,UNIT_SCADA,1,"2019/08/19 15:25:00",URANQ13,0
D,DISPATCH,UNIT_SCADA,1,"2019/08/19 15:25:00",URANQ14,0
D,DISPATCH,UNIT_SCADA,1,"2019/08/19 15:25:00",VP5,405.000030
D,DISPATCH,UNIT_SCADA,1,"2019/08/19 15:25:00",VP6,399.200010
D,DISPATCH,UNIT_SCADA,1,"2019/08/19 15:25:00",VPGS1,0
D,DISPATCH,UNIT_SCADA,1,"2019/08/19 15:25:00",VPGS2,0
D,DISPATCH,UNIT_SCADA,1,"2019/08/19 15:25:00",VPGS3,0
D,DISPATCH,UNIT_SCADA,1,"2019/08/19 15:25:00",VPGS4,0
D,DISPATCH,UNIT_SCADA,1,"2019/08/19 15:25:00",VPGS5,0
D,DISPATCH,UNIT_SCADA,1,"2019/08/19 15:25:00",VPGS6,0
D,DISPATCH,UNIT_SCADA,1,"2019/08/19 15:25:00",W/HOE#1,0
D,DISPATCH,UNIT_SCADA,1,"2019/08/19 15:25:00",W/HOE#2,0
D,DISPATCH,UNIT_SCADA,1,"2019/08/19 15:25:00",WATERLWF,93.50
D,DISPATCH,UNIT_SCADA,1,"2019/08/19 15:25:00",WEMENSF1,0
D,DISPATCH,UNIT_SCADA,1,"2019/08/19 15:25:00",WGWF1,42
D,DISPATCH,UNIT_SCADA,1,"2019/08/19 15:25:00",WHITSF1,41.90
D,DISPATCH,UNIT_SCADA,1,"2019/08/19 15:25:00",WKIEWA1,0
D,DISPATCH,UNIT_SCADA,1,"2019/08/19 15:25:00",WKIEWA2,0.10
D,DISPATCH,UNIT_SCADA,1,"2019/08/19 15:25:00",WOODLWN1,44.775010
D,DISPATCH,UNIT_SCADA,1,"2019/08/19 15:25:00",WRSF1,12.91
D,DISPATCH,UNIT_SCADA,1,"2019/08/19 15:25:00",WRWF1,150.288760
D,DISPATCH,UNIT_SCADA,1,"2019/08/19 15:25:00",YABULU,0
D,DISPATCH,UNIT_SCADA,1,"2019/08/19 15:25:00",YABULU2,0
D,DISPATCH,UNIT_SCADA,1,"2019/08/19 15:25:00",YARWUN_1,0
D,DISPATCH,UNIT_SCADA,1,"2019/08/19 15:25:00",YENDWF1,41.98
D,DISPATCH,UNIT_SCADA,1,"2019/08/19 15:25:00",YWPS1,358.896210
D,DISPATCH,UNIT_SCADA,1,"2019/08/19 15:25:00",YWPS2,276.187350
D,DISPATCH,UNIT_SCADA,1,"2019/08/19 15:25:00",YWPS3,0
D,DISPATCH,UNIT_SCADA,1,"2019/08/19 15:25:00",YWPS4,396.3671
C,"END OF REPORT",334
