C,NEMP.WORLD,DISPATCHSCADA,AEMO,PUBLIC,2019/09/04,15:20:08,0000000312387230,DISPATCHSCADA,0000000312387224
I,DISPATCH,UNIT_SCADA,1,SETTLEMENTDATE,DUID,SCADAVALUE
D,DISPATCH,UNIT_SCADA,1,"2019/09/04 15:25:00",BARCSF1,10.10
D,DISPATCH,UNIT_SCADA,1,"2019/09/04 15:25:00",BUTLERSG,10.199999
D,DISPATCH,UNIT_SCADA,1,"2019/09/04 15:25:00",CALL_A_4,0
D,DISPATCH,UNIT_SCADA,1,"2019/09/04 15:25:00",CAPTL_WF,132.9720
D,DISPATCH,UNIT_SCADA,1,"2019/09/04 15:25:00",CATHROCK,0
D,DISPATCH,UNIT_SCADA,1,"2019/09/04 15:25:00",CHALLHWF,0
D,DISPATCH,UNIT_SCADA,1,"2019/09/04 15:25:00",CLOVER,-0.01
D,DISPATCH,UNIT_SCADA,1,"2019/09/04 15:25:00",CLUNY,12.377661
D,DISPATCH,UNIT_SCADA,1,"2019/09/04 15:25:00",CNUNDAWF,0.200234
D,DISPATCH,UNIT_SCADA,1,"2019/09/04 15:25:00",CULLRGWF,30.23
D,DISPATCH,UNIT_SCADA,1,"2019/09/04 15:25:00",ERGT01,0
D,DISPATCH,UNIT_SCADA,1,"2019/09/04 15:25:00",GB01,0.007187
D,DISPATCH,UNIT_SCADA,1,"2019/09/04 15:25:00",GERMCRK,32.200001
D,DISPATCH,UNIT_SCADA,1,"2019/09/04 15:25:00",GRIFSF1,26
D,DISPATCH,UNIT_SCADA,1,"2019/09/04 15:25:00",HUGSF1,9.0010
D,DISPATCH,UNIT_SCADA,1,"2019/09/04 15:25:00",LKBONNY1,0.803784
D,DISPATCH,UNIT_SCADA,1,"2019/09/04 15:25:00",LRSF1,12.7980
D,DISPATCH,UNIT_SCADA,1,"2019/09/04 15:25:00",MBAHNTH,26.512505
D,DISPATCH,UNIT_SCADA,1,"2019/09/04 15:25:00",MLSP1,2.053001
D,DISPATCH,UNIT_SCADA,1,"2019/09/04 15:25:00",MLWF1,2.8050
D,DISPATCH,UNIT_SCADA,1,"2019/09/04 15:25:00",MTMILLAR,-0.063251
D,DISPATCH,UNIT_SCADA,1,"2019/09/04 15:25:00",PALOONA,24.539999
D,DISPATCH,UNIT_SCADA,1,"2019/09/04 15:25:00",PIONEER,32.799999
D,DISPATCH,UNIT_SCADA,1,"2019/09/04 15:25:00",PORTWF,6.70
D,DISPATCH,UNIT_SCADA,1,"2019/09/04 15:25:00",REPULSE,20.135195
D,DISPATCH,UNIT_SCADA,1,"2019/09/04 15:25:00",ROWALLAN,10.3092
D,DISPATCH,UNIT_SCADA,1,"2019/09/04 15:25:00",ROYALLA1,4.078001
D,DISPATCH,UNIT_SCADA,1,"2019/09/04 15:25:00",RPCG,-0.40
D,DISPATCH,UNIT_SCADA,1,"2019/09/04 15:25:00",RUBICON,0
D,DISPATCH,UNIT_SCADA,1,"2019/09/04 15:25:00",SATGN1,0
D,DISPATCH,UNIT_SCADA,1,"2019/09/04 15:25:00",SATGS1,0
D,DISPATCH,UNIT_SCADA,1,"2019/09/04 15:25:00",STARHLWF,1.499563
D,DISPATCH,UNIT_SCADA,1,"2019/09/04 15:25:00",WAUBRAWF,17.448999
D,DISPATCH,UNIT_SCADA,1,"2019/09/04 15:25:00",WOOLNTH1,68.460014
D,DISPATCH,UNIT_SCADA,1,"2019/09/04 15:25:00",WPWF,0
D,DISPATCH,UNIT_SCADA,1,"2019/09/04 15:25:00",YAMBUKWF,4.10
D,DISPATCH,UNIT_SCADA,1,"2019/09/04 15:25:00",YSWF1,5.80
D,DISPATCH,UNIT_SCADA,1,"2019/09/04 15:25:00",AGLHAL,0
D,DISPATCH,UNIT_SCADA,1,"2019/09/04 15:25:00",AGLSOM,0
D,DISPATCH,UNIT_SCADA,1,"2019/09/04 15:25:00",ANGAST1,0
D,DISPATCH,UNIT_SCADA,1,"2019/09/04 15:25:00",ARWF1,32.70
D,DISPATCH,UNIT_SCADA,1,"2019/09/04 15:25:00",BALBG1,0
D,DISPATCH,UNIT_SCADA,1,"2019/09/04 15:25:00",BALBL1,0
D,DISPATCH,UNIT_SCADA,1,"2019/09/04 15:25:00",BALDHWF1,50.0010
D,DISPATCH,UNIT_SCADA,1,"2019/09/04 15:25:00",BANN1,60.10
D,DISPATCH,UNIT_SCADA,1,"2019/09/04 15:25:00",BARCALDN,0
D,DISPATCH,UNIT_SCADA,1,"2019/09/04 15:25:00",BARRON-1,26.12
D,DISPATCH,UNIT_SCADA,1,"2019/09/04 15:25:00",BARRON-2,0
D,DISPATCH,UNIT_SCADA,1,"2019/09/04 15:25:00",BASTYAN,80.680010
D,DISPATCH,UNIT_SCADA,1,"2019/09/04 15:25:00",BBTHREE1,0
D,DISPATCH,UNIT_SCADA,1,"2019/09/04 15:25:00",BBTHREE2,0
D,DISPATCH,UNIT_SCADA,1,"2019/09/04 15:25:00",BBTHREE3,0
D,DISPATCH,UNIT_SCADA,1,"2019/09/04 15:25:00",BDL01,0
D,DISPATCH,UNIT_SCADA,1,"2019/09/04 15:25:00",BDL02,0
D,DISPATCH,UNIT_SCADA,1,"2019/09/04 15:25:00",BERYLSF1,75.320250
D,DISPATCH,UNIT_SCADA,1,"2019/09/04 15:25:00",BLOWERNG,11.10
D,DISPATCH,UNIT_SCADA,1,"2019/09/04 15:25:00",BLUFF1,0
D,DISPATCH,UNIT_SCADA,1,"2019/09/04 15:25:00",BNGSF1,97.99
D,DISPATCH,UNIT_SCADA,1,"2019/09/04 15:25:00",BNGSF2,20.02
D,DISPATCH,UNIT_SCADA,1,"2019/09/04 15:25:00",BOCORWF1,80.97
D,DISPATCH,UNIT_SCADA,1,"2019/09/04 15:25:00",BODWF1,84.865110
D,DISPATCH,UNIT_SCADA,1,"2019/09/04 15:25:00",BRAEMAR1,0
D,DISPATCH,UNIT_SCADA,1,"2019/09/04 15:25:00",BRAEMAR2,0
D,DISPATCH,UNIT_SCADA,1,"2019/09/04 15:25:00",BRAEMAR3,0
D,DISPATCH,UNIT_SCADA,1,"2019/09/04 15:25:00",BRAEMAR5,0
D,DISPATCH,UNIT_SCADA,1,"2019/09/04 15:25:00",BRAEMAR6,0
D,DISPATCH,UNIT_SCADA,1,"2019/09/04 15:25:00",BRAEMAR7,0
D,DISPATCH,UNIT_SCADA,1,"2019/09/04 15:25:00",BROKENH1,43.416260
D,DISPATCH,UNIT_SCADA,1,"2019/09/04 15:25:00",BW01,628.199950
D,DISPATCH,UNIT_SCADA,1,"2019/09/04 15:25:00",BW02,616
D,DISPATCH,UNIT_SCADA,1,"2019/09/04 15:25:00",BW03,633.525020
D,DISPATCH,UNIT_SCADA,1,"2019/09/04 15:25:00",BW04,0
D,DISPATCH,UNIT_SCADA,1,"2019/09/04 15:25:00",CALL_B_1,160.100010
D,DISPATCH,UNIT_SCADA,1,"2019/09/04 15:25:00",CALL_B_2,159.70
D,DISPATCH,UNIT_SCADA,1,"2019/09/04 15:25:00",CETHANA,67.588380
D,DISPATCH,UNIT_SCADA,1,"2019/09/04 15:25:00",CG1,0
D,DISPATCH,UNIT_SCADA,1,"2019/09/04 15:25:00",CG2,0
D,DISPATCH,UNIT_SCADA,1,"2019/09/04 15:25:00",CG3,0
D,DISPATCH,UNIT_SCADA,1,"2019/09/04 15:25:00",CG4,0
D,DISPATCH,UNIT_SCADA,1,"2019/09/04 15:25:00",CHILDSF1,47.96
D,DISPATCH,UNIT_SCADA,1,"2019/09/04 15:25:00",CLARESF1,47.3641
D,DISPATCH,UNIT_SCADA,1,"2019/09/04 15:25:00",CLEMGPWF,-0.288140
D,DISPATCH,UNIT_SCADA,1,"2019/09/04 15:25:00",CLERMSF1,15.07
D,DISPATCH,UNIT_SCADA,1,"2019/09/04 15:25:00",COLEASF1,118.80
D,DISPATCH,UNIT_SCADA,1,"2019/09/04 15:25:00",COOPGWF1,8.901520
D,DISPATCH,UNIT_SCADA,1,"2019/09/04 15:25:00",CPP_3,243.100010
D,DISPATCH,UNIT_SCADA,1,"2019/09/04 15:25:00",CPP_4,169.1250
D,DISPATCH,UNIT_SCADA,1,"2019/09/04 15:25:00",CPSA,73.345630
D,DISPATCH,UNIT_SCADA,1,"2019/09/04 15:25:00",CROOKWF2,87.123750
D,DISPATCH,UNIT_SCADA,1,"2019/09/04 15:25:00",CROWLWF1,9.547780
D,DISPATCH,UNIT_SCADA,1,"2019/09/04 15:25:00",CSPVPS1,25.8550
D,DISPATCH,UNIT_SCADA,1,"2019/09/04 15:25:00",DALNTH01,0
D,DISPATCH,UNIT_SCADA,1,"2019/09/04 15:25:00",DALNTHL1,0.032040
D,DISPATCH,UNIT_SCADA,1,"2019/09/04 15:25:00",DARTM1,0
D,DISPATCH,UNIT_SCADA,1,"2019/09/04 15:25:00",DAYDSF1,119.486010
D,DISPATCH,UNIT_SCADA,1,"2019/09/04 15:25:00",DDPS1,142.610690
D,DISPATCH,UNIT_SCADA,1,"2019/09/04 15:25:00",DDSF1,70.819840
D,DISPATCH,UNIT_SCADA,1,"2019/09/04 15:25:00",DEVILS_G,56.246830
D,DISPATCH,UNIT_SCADA,1,"2019/09/04 15:25:00",DG_NSW1,0
D,DISPATCH,UNIT_SCADA,1,"2019/09/04 15:25:00",DG_QLD1,0
D,DISPATCH,UNIT_SCADA,1,"2019/09/04 15:25:00",DG_SA1,0
D,DISPATCH,UNIT_SCADA,1,"2019/09/04 15:25:00",DG_TAS1,0
D,DISPATCH,UNIT_SCADA,1,"2019/09/04 15:25:00",DG_VIC1,0
D,DISPATCH,UNIT_SCADA,1,"2019/09/04 15:25:00",DRYCGT1,0
D,DISPATCH,UNIT_SCADA,1,"2019/09/04 15:25:00",DRYCGT2,0
D,DISPATCH,UNIT_SCADA,1,"2019/09/04 15:25:00",DRYCGT3,0
D,DISPATCH,UNIT_SCADA,1,"2019/09/04 15:25:00",EILDON1,0
D,DISPATCH,UNIT_SCADA,1,"2019/09/04 15:25:00",EILDON2,0
D,DISPATCH,UNIT_SCADA,1,"2019/09/04 15:25:00",EMERASF1,24.76
D,DISPATCH,UNIT_SCADA,1,"2019/09/04 15:25:00",ER01,588.2749
D,DISPATCH,UNIT_SCADA,1,"2019/09/04 15:25:00",ER02,693.299930
D,DISPATCH,UNIT_SCADA,1,"2019/09/04 15:25:00",ER03,0
D,DISPATCH,UNIT_SCADA,1,"2019/09/04 15:25:00",ER04,690
D,DISPATCH,UNIT_SCADA,1,"2019/09/04 15:25:00",FINLYSF1,5.537510
D,DISPATCH,UNIT_SCADA,1,"2019/09/04 15:25:00",FISHER,45.82
D,DISPATCH,UNIT_SCADA,1,"2019/09/04 15:25:00",GANNBG1,0
D,DISPATCH,UNIT_SCADA,1,"2019/09/04 15:25:00",GANNBL1,2.866120
D,DISPATCH,UNIT_SCADA,1,"2019/09/04 15:25:00",GANNSF1,15.90
D,DISPATCH,UNIT_SCADA,1,"2019/09/04 15:25:00",GORDON,19.085360
D,DISPATCH,UNIT_SCADA,1,"2019/09/04 15:25:00",GSTONE1,137.024990
D,DISPATCH,UNIT_SCADA,1,"2019/09/04 15:25:00",GSTONE2,109.90
D,DISPATCH,UNIT_SCADA,1,"2019/09/04 15:25:00",GSTONE3,0
D,DISPATCH,UNIT_SCADA,1,"2019/09/04 15:25:00",GSTONE4,134.399990
D,DISPATCH,UNIT_SCADA,1,"2019/09/04 15:25:00",GSTONE5,138.25
D,DISPATCH,UNIT_SCADA,1,"2019/09/04 15:25:00",GSTONE6,135.974990
D,DISPATCH,UNIT_SCADA,1,"2019/09/04 15:25:00",GULLRSF1,1.402860
D,DISPATCH,UNIT_SCADA,1,"2019/09/04 15:25:00",GULLRWF1,147.011140
D,DISPATCH,UNIT_SCADA,1,"2019/09/04 15:25:00",GUNNING1,33.977480
D,DISPATCH,UNIT_SCADA,1,"2019/09/04 15:25:00",GUTHEGA,0
D,DISPATCH,UNIT_SCADA,1,"2019/09/04 15:25:00",HALLWF1,-0.57
D,DISPATCH,UNIT_SCADA,1,"2019/09/04 15:25:00",HALLWF2,-0.35
D,DISPATCH,UNIT_SCADA,1,"2019/09/04 15:25:00",HAMISF1,43.10
D,DISPATCH,UNIT_SCADA,1,"2019/09/04 15:25:00",HAUGHT11,50.024450
D,DISPATCH,UNIT_SCADA,1,"2019/09/04 15:25:00",HAYMSF1,35.3850
D,DISPATCH,UNIT_SCADA,1,"2019/09/04 15:25:00",HDWF1,4.40
D,DISPATCH,UNIT_SCADA,1,"2019/09/04 15:25:00",HDWF2,4.20
D,DISPATCH,UNIT_SCADA,1,"2019/09/04 15:25:00",HDWF3,3.30
D,DISPATCH,UNIT_SCADA,1,"2019/09/04 15:25:00",HPRG1,0
D,DISPATCH,UNIT_SCADA,1,"2019/09/04 15:25:00",HPRL1,38.10
D,DISPATCH,UNIT_SCADA,1,"2019/09/04 15:25:00",HUMENSW,0
D,DISPATCH,UNIT_SCADA,1,"2019/09/04 15:25:00",HUMEV,25.90
D,DISPATCH,UNIT_SCADA,1,"2019/09/04 15:25:00",HVGTS,0
D,DISPATCH,UNIT_SCADA,1,"2019/09/04 15:25:00",JBUTTERS,25.96
D,DISPATCH,UNIT_SCADA,1,"2019/09/04 15:25:00",JLA01,40.40
D,DISPATCH,UNIT_SCADA,1,"2019/09/04 15:25:00",JLA02,0
D,DISPATCH,UNIT_SCADA,1,"2019/09/04 15:25:00",JLA03,0
D,DISPATCH,UNIT_SCADA,1,"2019/09/04 15:25:00",JLA04,0
D,DISPATCH,UNIT_SCADA,1,"2019/09/04 15:25:00",JLB01,0
D,DISPATCH,UNIT_SCADA,1,"2019/09/04 15:25:00",JLB02,0.10
D,DISPATCH,UNIT_SCADA,1,"2019/09/04 15:25:00",JLB03,0
D,DISPATCH,UNIT_SCADA,1,"2019/09/04 15:25:00",KAREEYA1,21.5350
D,DISPATCH,UNIT_SCADA,1,"2019/09/04 15:25:00",KAREEYA2,21.7950
D,DISPATCH,UNIT_SCADA,1,"2019/09/04 15:25:00",KAREEYA3,0
D,DISPATCH,UNIT_SCADA,1,"2019/09/04 15:25:00",KAREEYA4,21.7525
D,DISPATCH,UNIT_SCADA,1,"2019/09/04 15:25:00",KARSF1,62.40
D,DISPATCH,UNIT_SCADA,1,"2019/09/04 15:25:00",KIATAWF1,0.90
D,DISPATCH,UNIT_SCADA,1,"2019/09/04 15:25:00",KPP_1,0
D,DISPATCH,UNIT_SCADA,1,"2019/09/04 15:25:00",KSP1,46.50
D,DISPATCH,UNIT_SCADA,1,"2019/09/04 15:25:00",LADBROK1,0
D,DISPATCH,UNIT_SCADA,1,"2019/09/04 15:25:00",LADBROK2,0
D,DISPATCH,UNIT_SCADA,1,"2019/09/04 15:25:00",LD01,386.25
D,DISPATCH,UNIT_SCADA,1,"2019/09/04 15:25:00",LD02,384.0563
D,DISPATCH,UNIT_SCADA,1,"2019/09/04 15:25:00",LD03,384.843750
D,DISPATCH,UNIT_SCADA,1,"2019/09/04 15:25:00",LD04,355.818790
D,DISPATCH,UNIT_SCADA,1,"2019/09/04 15:25:00",LEM_WIL,85.351550
D,DISPATCH,UNIT_SCADA,1,"2019/09/04 15:25:00",LGAPWF1,0.34
D,DISPATCH,UNIT_SCADA,1,"2019/09/04 15:25:00",LILYSF1,87.556090
D,DISPATCH,UNIT_SCADA,1,"2019/09/04 15:25:00",LI_WY_CA,99.630390
D,DISPATCH,UNIT_SCADA,1,"2019/09/04 15:25:00",LKBONNY2,0.535830
D,DISPATCH,UNIT_SCADA,1,"2019/09/04 15:25:00",LKBONNY3,0.5024
D,DISPATCH,UNIT_SCADA,1,"2019/09/04 15:25:00",LK_ECHO,0
D,DISPATCH,UNIT_SCADA,1,"2019/09/04 15:25:00",LNGS1,0
D,DISPATCH,UNIT_SCADA,1,"2019/09/04 15:25:00",LNGS2,0
D,DISPATCH,UNIT_SCADA,1,"2019/09/04 15:25:00",LONSDALE,0
D,DISPATCH,UNIT_SCADA,1,"2019/09/04 15:25:00",LOYYB1,536.088620
D,DISPATCH,UNIT_SCADA,1,"2019/09/04 15:25:00",LOYYB2,580.450620
D,DISPATCH,UNIT_SCADA,1,"2019/09/04 15:25:00",LYA1,0
D,DISPATCH,UNIT_SCADA,1,"2019/09/04 15:25:00",LYA2,0
D,DISPATCH,UNIT_SCADA,1,"2019/09/04 15:25:00",LYA3,559
D,DISPATCH,UNIT_SCADA,1,"2019/09/04 15:25:00",LYA4,540
D,DISPATCH,UNIT_SCADA,1,"2019/09/04 15:25:00",MACARTH1,0
D,DISPATCH,UNIT_SCADA,1,"2019/09/04 15:25:00",MACKAYGT,0.2240
D,DISPATCH,UNIT_SCADA,1,"2019/09/04 15:25:00",MACKNTSH,89.12
D,DISPATCH,UNIT_SCADA,1,"2019/09/04 15:25:00",MANSLR1,39.9230
D,DISPATCH,UNIT_SCADA,1,"2019/09/04 15:25:00",MCKAY1,-0.0350
D,DISPATCH,UNIT_SCADA,1,"2019/09/04 15:25:00",MEADOWBK,25.1504
D,DISPATCH,UNIT_SCADA,1,"2019/09/04 15:25:00",MERCER01,16.6530
D,DISPATCH,UNIT_SCADA,1,"2019/09/04 15:25:00",MEWF1,43.6736
D,DISPATCH,UNIT_SCADA,1,"2019/09/04 15:25:00",MINTARO,0
D,DISPATCH,UNIT_SCADA,1,"2019/09/04 15:25:00",MOREESF1,48.8820
D,DISPATCH,UNIT_SCADA,1,"2019/09/04 15:25:00",MORTLK11,235
D,DISPATCH,UNIT_SCADA,1,"2019/09/04 15:25:00",MORTLK12,0
D,DISPATCH,UNIT_SCADA,1,"2019/09/04 15:25:00",MP1,223.824950
D,DISPATCH,UNIT_SCADA,1,"2019/09/04 15:25:00",MP2,0
D,DISPATCH,UNIT_SCADA,1,"2019/09/04 15:25:00",MPP_1,322.75
D,DISPATCH,UNIT_SCADA,1,"2019/09/04 15:25:00",MPP_2,313.25
D,DISPATCH,UNIT_SCADA,1,"2019/09/04 15:25:00",MSTUART1,0
D,DISPATCH,UNIT_SCADA,1,"2019/09/04 15:25:00",MSTUART2,0
D,DISPATCH,UNIT_SCADA,1,"2019/09/04 15:25:00",MSTUART3,0
D,DISPATCH,UNIT_SCADA,1,"2019/09/04 15:25:00",MTGELWF1,47.8103
D,DISPATCH,UNIT_SCADA,1,"2019/09/04 15:25:00",MURRAY,0
D,DISPATCH,UNIT_SCADA,1,"2019/09/04 15:25:00",MUSSELR1,164.099990
D,DISPATCH,UNIT_SCADA,1,"2019/09/04 15:25:00",MUWAWF1,1.48
D,DISPATCH,UNIT_SCADA,1,"2019/09/04 15:25:00",NBHWF1,0
D,DISPATCH,UNIT_SCADA,1,"2019/09/04 15:25:00",NPS,202.1250
D,DISPATCH,UNIT_SCADA,1,"2019/09/04 15:25:00",NUMURSF1,58.49
D,DISPATCH,UNIT_SCADA,1,"2019/09/04 15:25:00",NYNGAN1,69
D,DISPATCH,UNIT_SCADA,1,"2019/09/04 15:25:00",OAKEY1,0
D,DISPATCH,UNIT_SCADA,1,"2019/09/04 15:25:00",OAKEY1SF,23.8150
D,DISPATCH,UNIT_SCADA,1,"2019/09/04 15:25:00",OAKEY2,0
D,DISPATCH,UNIT_SCADA,1,"2019/09/04 15:25:00",OAKEY2SF,0
D,DISPATCH,UNIT_SCADA,1,"2019/09/04 15:25:00",OAKLAND1,27.90
D,DISPATCH,UNIT_SCADA,1,"2019/09/04 15:25:00",OSB-AG,176.91
D,DISPATCH,UNIT_SCADA,1,"2019/09/04 15:25:00",PARSF1,45.799990
D,DISPATCH,UNIT_SCADA,1,"2019/09/04 15:25:00",POAT110,0
D,DISPATCH,UNIT_SCADA,1,"2019/09/04 15:25:00",POAT220,7.45
D,DISPATCH,UNIT_SCADA,1,"2019/09/04 15:25:00",POR01,0
D,DISPATCH,UNIT_SCADA,1,"2019/09/04 15:25:00",POR03,0
D,DISPATCH,UNIT_SCADA,1,"2019/09/04 15:25:00",PPCCGT,443.3363
D,DISPATCH,UNIT_SCADA,1,"2019/09/04 15:25:00",PTSTAN1,0
D,DISPATCH,UNIT_SCADA,1,"2019/09/04 15:25:00",PUMP1,0
D,DISPATCH,UNIT_SCADA,1,"2019/09/04 15:25:00",PUMP2,0
D,DISPATCH,UNIT_SCADA,1,"2019/09/04 15:25:00",QPS1,28.90
D,DISPATCH,UNIT_SCADA,1,"2019/09/04 15:25:00",QPS2,0
D,DISPATCH,UNIT_SCADA,1,"2019/09/04 15:25:00",QPS3,0
D,DISPATCH,UNIT_SCADA,1,"2019/09/04 15:25:00",QPS4,0
D,DISPATCH,UNIT_SCADA,1,"2019/09/04 15:25:00",QPS5,0
D,DISPATCH,UNIT_SCADA,1,"2019/09/04 15:25:00",REECE1,117.790010
D,DISPATCH,UNIT_SCADA,1,"2019/09/04 15:25:00",REECE2,101.09
D,DISPATCH,UNIT_SCADA,1,"2019/09/04 15:25:00",ROMA_7,0
D,DISPATCH,UNIT_SCADA,1,"2019/09/04 15:25:00",ROMA_8,0
D,DISPATCH,UNIT_SCADA,1,"2019/09/04 15:25:00",RRSF1,114.091120
D,DISPATCH,UNIT_SCADA,1,"2019/09/04 15:25:00",RT_NSW1,0
D,DISPATCH,UNIT_SCADA,1,"2019/09/04 15:25:00",RT_NSW2,0
D,DISPATCH,UNIT_SCADA,1,"2019/09/04 15:25:00",RT_NSW3,0
D,DISPATCH,UNIT_SCADA,1,"2019/09/04 15:25:00",RT_NSW4,0
D,DISPATCH,UNIT_SCADA,1,"2019/09/04 15:25:00",RT_NSW5,0
D,DISPATCH,UNIT_SCADA,1,"2019/09/04 15:25:00",RT_NSW6,0
D,DISPATCH,UNIT_SCADA,1,"2019/09/04 15:25:00",RT_QLD1,0
D,DISPATCH,UNIT_SCADA,1,"2019/09/04 15:25:00",RT_SA1,0
D,DISPATCH,UNIT_SCADA,1,"2019/09/04 15:25:00",RT_SA2,0
D,DISPATCH,UNIT_SCADA,1,"2019/09/04 15:25:00",RT_SA3,0
D,DISPATCH,UNIT_SCADA,1,"2019/09/04 15:25:00",RT_SA4,0
D,DISPATCH,UNIT_SCADA,1,"2019/09/04 15:25:00",RT_SA5,0
D,DISPATCH,UNIT_SCADA,1,"2019/09/04 15:25:00",RT_SA6,0
D,DISPATCH,UNIT_SCADA,1,"2019/09/04 15:25:00",RT_TAS1,0
D,DISPATCH,UNIT_SCADA,1,"2019/09/04 15:25:00",RT_VIC1,0
D,DISPATCH,UNIT_SCADA,1,"2019/09/04 15:25:00",RT_VIC10,0
D,DISPATCH,UNIT_SCADA,1,"2019/09/04 15:25:00",RT_VIC11,0
D,DISPATCH,UNIT_SCADA,1,"2019/09/04 15:25:00",RT_VIC12,0
D,DISPATCH,UNIT_SCADA,1,"2019/09/04 15:25:00",RT_VIC2,0
D,DISPATCH,UNIT_SCADA,1,"2019/09/04 15:25:00",RT_VIC3,0
D,DISPATCH,UNIT_SCADA,1,"2019/09/04 15:25:00",RT_VIC4,0
D,DISPATCH,UNIT_SCADA,1,"2019/09/04 15:25:00",RT_VIC5,0
D,DISPATCH,UNIT_SCADA,1,"2019/09/04 15:25:00",RT_VIC6,0
D,DISPATCH,UNIT_SCADA,1,"2019/09/04 15:25:00",RT_VIC7,0
D,DISPATCH,UNIT_SCADA,1,"2019/09/04 15:25:00",RT_VIC8,0
D,DISPATCH,UNIT_SCADA,1,"2019/09/04 15:25:00",RT_VIC9,0
D,DISPATCH,UNIT_SCADA,1,"2019/09/04 15:25:00",RUGBYR1,61.929470
D,DISPATCH,UNIT_SCADA,1,"2019/09/04 15:25:00",SALTCRK1,6.31
D,DISPATCH,UNIT_SCADA,1,"2019/09/04 15:25:00",SAPHWF1,190.790650
D,DISPATCH,UNIT_SCADA,1,"2019/09/04 15:25:00",SHGEN,0
D,DISPATCH,UNIT_SCADA,1,"2019/09/04 15:25:00",SHPUMP,78.495550
D,DISPATCH,UNIT_SCADA,1,"2019/09/04 15:25:00",SITHE01,0.1840
D,DISPATCH,UNIT_SCADA,1,"2019/09/04 15:25:00",SMCSF1,63.771020
D,DISPATCH,UNIT_SCADA,1,"2019/09/04 15:25:00",SNOWNTH1,3.60
D,DISPATCH,UNIT_SCADA,1,"2019/09/04 15:25:00",SNOWSTH1,16.10
D,DISPATCH,UNIT_SCADA,1,"2019/09/04 15:25:00",SNOWTWN1,0.765370
D,DISPATCH,UNIT_SCADA,1,"2019/09/04 15:25:00",SNOWYP,0
D,DISPATCH,UNIT_SCADA,1,"2019/09/04 15:25:00",SNUG1,0.019440
D,DISPATCH,UNIT_SCADA,1,"2019/09/04 15:25:00",SRSF1,34.61
D,DISPATCH,UNIT_SCADA,1,"2019/09/04 15:25:00",STAN-1,319.240140
D,DISPATCH,UNIT_SCADA,1,"2019/09/04 15:25:00",STAN-2,249.165220
D,DISPATCH,UNIT_SCADA,1,"2019/09/04 15:25:00",STAN-3,249.639480
D,DISPATCH,UNIT_SCADA,1,"2019/09/04 15:25:00",STAN-4,248.857590
D,DISPATCH,UNIT_SCADA,1,"2019/09/04 15:25:00",STWF1,36.978760
D,DISPATCH,UNIT_SCADA,1,"2019/09/04 15:25:00",SWAN_E,0
D,DISPATCH,UNIT_SCADA,1,"2019/09/04 15:25:00",TALWA1,407
D,DISPATCH,UNIT_SCADA,1,"2019/09/04 15:25:00",TARALGA1,98.718750
D,DISPATCH,UNIT_SCADA,1,"2019/09/04 15:25:00",TARONG#1,347.399990
D,DISPATCH,UNIT_SCADA,1,"2019/09/04 15:25:00",TARONG#2,0
D,DISPATCH,UNIT_SCADA,1,"2019/09/04 15:25:00",TARONG#3,279
D,DISPATCH,UNIT_SCADA,1,"2019/09/04 15:25:00",TARONG#4,349.50
D,DISPATCH,UNIT_SCADA,1,"2019/09/04 15:25:00",TARRALEA,75.80
D,DISPATCH,UNIT_SCADA,1,"2019/09/04 15:25:00",TBSF1,10.80
D,DISPATCH,UNIT_SCADA,1,"2019/09/04 15:25:00",TNPS1,397.600010
D,DISPATCH,UNIT_SCADA,1,"2019/09/04 15:25:00",TORRA1,64.9074
D,DISPATCH,UNIT_SCADA,1,"2019/09/04 15:25:00",TORRA2,0
D,DISPATCH,UNIT_SCADA,1,"2019/09/04 15:25:00",TORRA3,0
D,DISPATCH,UNIT_SCADA,1,"2019/09/04 15:25:00",TORRA4,65.180760
D,DISPATCH,UNIT_SCADA,1,"2019/09/04 15:25:00",TORRB1,76.89
D,DISPATCH,UNIT_SCADA,1,"2019/09/04 15:25:00",TORRB2,77.03
D,DISPATCH,UNIT_SCADA,1,"2019/09/04 15:25:00",TORRB3,77.47
D,DISPATCH,UNIT_SCADA,1,"2019/09/04 15:25:00",TORRB4,0
D,DISPATCH,UNIT_SCADA,1,"2019/09/04 15:25:00",TREVALLN,0
D,DISPATCH,UNIT_SCADA,1,"2019/09/04 15:25:00",TRIBUTE,0
D,DISPATCH,UNIT_SCADA,1,"2019/09/04 15:25:00",TUMUT3,0
D,DISPATCH,UNIT_SCADA,1,"2019/09/04 15:25:00",TUNGATIN,18.60
D,DISPATCH,UNIT_SCADA,1,"2019/09/04 15:25:00",TVCC201,0
D,DISPATCH,UNIT_SCADA,1,"2019/09/04 15:25:00",TVPP104,0
D,DISPATCH,UNIT_SCADA,1,"2019/09/04 15:25:00",UPPTUMUT,302.576810
D,DISPATCH,UNIT_SCADA,1,"2019/09/04 15:25:00",URANQ11,0
D,DISPATCH,UNIT_SCADA,1,"2019/09/04 15:25:00",URANQ12,0
D,DISPATCH,UNIT_SCADA,1,"2019/09/04 15:25:00",URANQ13,159.149990
D,DISPATCH,UNIT_SCADA,1,"2019/09/04 15:25:00",URANQ14,0
D,DISPATCH,UNIT_SCADA,1,"2019/09/04 15:25:00",VP5,482.175020
D,DISPATCH,UNIT_SCADA,1,"2019/09/04 15:25:00",VP6,0
D,DISPATCH,UNIT_SCADA,1,"2019/09/04 15:25:00",VPGS1,0
D,DISPATCH,UNIT_SCADA,1,"2019/09/04 15:25:00",VPGS2,0
D,DISPATCH,UNIT_SCADA,1,"2019/09/04 15:25:00",VPGS3,0
D,DISPATCH,UNIT_SCADA,1,"2019/09/04 15:25:00",VPGS4,0
D,DISPATCH,UNIT_SCADA,1,"2019/09/04 15:25:00",VPGS5,0
D,DISPATCH,UNIT_SCADA,1,"2019/09/04 15:25:00",VPGS6,0
D,DISPATCH,UNIT_SCADA,1,"2019/09/04 15:25:00",W/HOE#1,0
D,DISPATCH,UNIT_SCADA,1,"2019/09/04 15:25:00",W/HOE#2,0
D,DISPATCH,UNIT_SCADA,1,"2019/09/04 15:25:00",WATERLWF,4.70
D,DISPATCH,UNIT_SCADA,1,"2019/09/04 15:25:00",WEMENSF1,37.10
D,DISPATCH,UNIT_SCADA,1,"2019/09/04 15:25:00",WGWF1,0.40
D,DISPATCH,UNIT_SCADA,1,"2019/09/04 15:25:00",WHITSF1,18
D,DISPATCH,UNIT_SCADA,1,"2019/09/04 15:25:00",WKIEWA1,13
D,DISPATCH,UNIT_SCADA,1,"2019/09/04 15:25:00",WKIEWA2,0.10
D,DISPATCH,UNIT_SCADA,1,"2019/09/04 15:25:00",WOODLWN1,44.9010
D,DISPATCH,UNIT_SCADA,1,"2019/09/04 15:25:00",WRSF1,12.70
D,DISPATCH,UNIT_SCADA,1,"2019/09/04 15:25:00",WRWF1,128.838750
D,DISPATCH,UNIT_SCADA,1,"2019/09/04 15:25:00",YABULU,0
D,DISPATCH,UNIT_SCADA,1,"2019/09/04 15:25:00",YABULU2,0
D,DISPATCH,UNIT_SCADA,1,"2019/09/04 15:25:00",YARWUN_1,113.29
D,DISPATCH,UNIT_SCADA,1,"2019/09/04 15:25:00",YENDWF1,28.73
D,DISPATCH,UNIT_SCADA,1,"2019/09/04 15:25:00",YWPS1,386.215180
D,DISPATCH,UNIT_SCADA,1,"2019/09/04 15:25:00",YWPS2,283.956970
D,DISPATCH,UNIT_SCADA,1,"2019/09/04 15:25:00",YWPS3,362.775940
D,DISPATCH,UNIT_SCADA,1,"2019/09/04 15:25:00",YWPS4,372.6557
C,"END OF REPORT",335
