C,NEMP.WORLD,DISPATCHSCADA,AEMO,PUBLIC,2019/08/22,18:45:08,0000000311878207,DISPATCHSCADA,0000000311878201
I,DISPATCH,UNIT_SCADA,1,SETTLEMENTDATE,DUID,SCADAVALUE
D,DISPATCH,UNIT_SCADA,1,"2019/08/22 18:50:00",BARCSF1,0.40
D,DISPATCH,UNIT_SCADA,1,"2019/08/22 18:50:00",BUTLERSG,9.699999
D,DISPATCH,UNIT_SCADA,1,"2019/08/22 18:50:00",CALL_A_4,0
D,DISPATCH,UNIT_SCADA,1,"2019/08/22 18:50:00",CAPTL_WF,56.627998
D,DISPATCH,UNIT_SCADA,1,"2019/08/22 18:50:00",CATHROCK,0
D,DISPATCH,UNIT_SCADA,1,"2019/08/22 18:50:00",CHALLHWF,5.20
D,DISPATCH,UNIT_SCADA,1,"2019/08/22 18:50:00",CLOVER,-0.02
D,DISPATCH,UNIT_SCADA,1,"2019/08/22 18:50:00",CLUNY,20.159761
D,DISPATCH,UNIT_SCADA,1,"2019/08/22 18:50:00",CNUNDAWF,1.701985
D,DISPATCH,UNIT_SCADA,1,"2019/08/22 18:50:00",CULLRGWF,0.83
D,DISPATCH,UNIT_SCADA,1,"2019/08/22 18:50:00",ERGT01,0
D,DISPATCH,UNIT_SCADA,1,"2019/08/22 18:50:00",GB01,0.070213
D,DISPATCH,UNIT_SCADA,1,"2019/08/22 18:50:00",GERMCRK,34.400002
D,DISPATCH,UNIT_SCADA,1,"2019/08/22 18:50:00",GRIFSF1,0
D,DISPATCH,UNIT_SCADA,1,"2019/08/22 18:50:00",HUGSF1,-0.1010
D,DISPATCH,UNIT_SCADA,1,"2019/08/22 18:50:00",LKBONNY1,3.483065
D,DISPATCH,UNIT_SCADA,1,"2019/08/22 18:50:00",LRSF1,-0.0180
D,DISPATCH,UNIT_SCADA,1,"2019/08/22 18:50:00",MBAHNTH,46.481247
D,DISPATCH,UNIT_SCADA,1,"2019/08/22 18:50:00",MLSP1,0.180001
D,DISPATCH,UNIT_SCADA,1,"2019/08/22 18:50:00",MLWF1,0.5850
D,DISPATCH,UNIT_SCADA,1,"2019/08/22 18:50:00",MTMILLAR,3.147675
D,DISPATCH,UNIT_SCADA,1,"2019/08/22 18:50:00",PALOONA,29.039999
D,DISPATCH,UNIT_SCADA,1,"2019/08/22 18:50:00",PIONEER,44.400002
D,DISPATCH,UNIT_SCADA,1,"2019/08/22 18:50:00",PORTWF,0.30
D,DISPATCH,UNIT_SCADA,1,"2019/08/22 18:50:00",REPULSE,28.910963
D,DISPATCH,UNIT_SCADA,1,"2019/08/22 18:50:00",ROWALLAN,10.3021
D,DISPATCH,UNIT_SCADA,1,"2019/08/22 18:50:00",ROYALLA1,0
D,DISPATCH,UNIT_SCADA,1,"2019/08/22 18:50:00",RPCG,11.30
D,DISPATCH,UNIT_SCADA,1,"2019/08/22 18:50:00",RUBICON,0
D,DISPATCH,UNIT_SCADA,1,"2019/08/22 18:50:00",SATGN1,0
D,DISPATCH,UNIT_SCADA,1,"2019/08/22 18:50:00",SATGS1,0
D,DISPATCH,UNIT_SCADA,1,"2019/08/22 18:50:00",STARHLWF,0
D,DISPATCH,UNIT_SCADA,1,"2019/08/22 18:50:00",WAUBRAWF,76.360001
D,DISPATCH,UNIT_SCADA,1,"2019/08/22 18:50:00",WOOLNTH1,60.350018
D,DISPATCH,UNIT_SCADA,1,"2019/08/22 18:50:00",WPWF,0
D,DISPATCH,UNIT_SCADA,1,"2019/08/22 18:50:00",YAMBUKWF,0.50
D,DISPATCH,UNIT_SCADA,1,"2019/08/22 18:50:00",YSWF1,3.60
D,DISPATCH,UNIT_SCADA,1,"2019/08/22 18:50:00",AGLHAL,52.011170
D,DISPATCH,UNIT_SCADA,1,"2019/08/22 18:50:00",AGLSOM,81.30
D,DISPATCH,UNIT_SCADA,1,"2019/08/22 18:50:00",ANGAST1,0
D,DISPATCH,UNIT_SCADA,1,"2019/08/22 18:50:00",ARWF1,40.20
D,DISPATCH,UNIT_SCADA,1,"2019/08/22 18:50:00",BALBG1,9
D,DISPATCH,UNIT_SCADA,1,"2019/08/22 18:50:00",BALBL1,0
D,DISPATCH,UNIT_SCADA,1,"2019/08/22 18:50:00",BALDHWF1,55.8630
D,DISPATCH,UNIT_SCADA,1,"2019/08/22 18:50:00",BANN1,0
D,DISPATCH,UNIT_SCADA,1,"2019/08/22 18:50:00",BARCALDN,0
D,DISPATCH,UNIT_SCADA,1,"2019/08/22 18:50:00",BARRON-1,0
D,DISPATCH,UNIT_SCADA,1,"2019/08/22 18:50:00",BARRON-2,28.32
D,DISPATCH,UNIT_SCADA,1,"2019/08/22 18:50:00",BASTYAN,77.80
D,DISPATCH,UNIT_SCADA,1,"2019/08/22 18:50:00",BBTHREE1,-1.88
D,DISPATCH,UNIT_SCADA,1,"2019/08/22 18:50:00",BBTHREE2,-1.89
D,DISPATCH,UNIT_SCADA,1,"2019/08/22 18:50:00",BBTHREE3,0
D,DISPATCH,UNIT_SCADA,1,"2019/08/22 18:50:00",BDL01,44.70
D,DISPATCH,UNIT_SCADA,1,"2019/08/22 18:50:00",BDL02,44.52
D,DISPATCH,UNIT_SCADA,1,"2019/08/22 18:50:00",BERYLSF1,-0.179440
D,DISPATCH,UNIT_SCADA,1,"2019/08/22 18:50:00",BLOWERNG,0
D,DISPATCH,UNIT_SCADA,1,"2019/08/22 18:50:00",BLUFF1,1.90
D,DISPATCH,UNIT_SCADA,1,"2019/08/22 18:50:00",BNGSF1,0
D,DISPATCH,UNIT_SCADA,1,"2019/08/22 18:50:00",BNGSF2,0
D,DISPATCH,UNIT_SCADA,1,"2019/08/22 18:50:00",BOCORWF1,62.22
D,DISPATCH,UNIT_SCADA,1,"2019/08/22 18:50:00",BODWF1,74.132920
D,DISPATCH,UNIT_SCADA,1,"2019/08/22 18:50:00",BRAEMAR1,154.200010
D,DISPATCH,UNIT_SCADA,1,"2019/08/22 18:50:00",BRAEMAR2,173
D,DISPATCH,UNIT_SCADA,1,"2019/08/22 18:50:00",BRAEMAR3,168.600010
D,DISPATCH,UNIT_SCADA,1,"2019/08/22 18:50:00",BRAEMAR5,0
D,DISPATCH,UNIT_SCADA,1,"2019/08/22 18:50:00",BRAEMAR6,160.400820
D,DISPATCH,UNIT_SCADA,1,"2019/08/22 18:50:00",BRAEMAR7,164.832060
D,DISPATCH,UNIT_SCADA,1,"2019/08/22 18:50:00",BROKENH1,0
D,DISPATCH,UNIT_SCADA,1,"2019/08/22 18:50:00",BW01,655.199950
D,DISPATCH,UNIT_SCADA,1,"2019/08/22 18:50:00",BW02,660.700070
D,DISPATCH,UNIT_SCADA,1,"2019/08/22 18:50:00",BW03,660.949950
D,DISPATCH,UNIT_SCADA,1,"2019/08/22 18:50:00",BW04,0
D,DISPATCH,UNIT_SCADA,1,"2019/08/22 18:50:00",CALL_B_1,118.80
D,DISPATCH,UNIT_SCADA,1,"2019/08/22 18:50:00",CALL_B_2,349.700010
D,DISPATCH,UNIT_SCADA,1,"2019/08/22 18:50:00",CETHANA,98.244380
D,DISPATCH,UNIT_SCADA,1,"2019/08/22 18:50:00",CG1,0
D,DISPATCH,UNIT_SCADA,1,"2019/08/22 18:50:00",CG2,0
D,DISPATCH,UNIT_SCADA,1,"2019/08/22 18:50:00",CG3,0
D,DISPATCH,UNIT_SCADA,1,"2019/08/22 18:50:00",CG4,0
D,DISPATCH,UNIT_SCADA,1,"2019/08/22 18:50:00",CHILDSF1,0
D,DISPATCH,UNIT_SCADA,1,"2019/08/22 18:50:00",CLARESF1,0
D,DISPATCH,UNIT_SCADA,1,"2019/08/22 18:50:00",CLEMGPWF,-0.360180
D,DISPATCH,UNIT_SCADA,1,"2019/08/22 18:50:00",CLERMSF1,0
D,DISPATCH,UNIT_SCADA,1,"2019/08/22 18:50:00",COLEASF1,0
D,DISPATCH,UNIT_SCADA,1,"2019/08/22 18:50:00",COOPGWF1,33.885960
D,DISPATCH,UNIT_SCADA,1,"2019/08/22 18:50:00",CPP_3,404.25
D,DISPATCH,UNIT_SCADA,1,"2019/08/22 18:50:00",CPP_4,405.899990
D,DISPATCH,UNIT_SCADA,1,"2019/08/22 18:50:00",CPSA,142.195010
D,DISPATCH,UNIT_SCADA,1,"2019/08/22 18:50:00",CROOKWF2,29.363750
D,DISPATCH,UNIT_SCADA,1,"2019/08/22 18:50:00",CROWLWF1,11.731460
D,DISPATCH,UNIT_SCADA,1,"2019/08/22 18:50:00",CSPVPS1,0
D,DISPATCH,UNIT_SCADA,1,"2019/08/22 18:50:00",DALNTH01,5.995270
D,DISPATCH,UNIT_SCADA,1,"2019/08/22 18:50:00",DALNTHL1,0
D,DISPATCH,UNIT_SCADA,1,"2019/08/22 18:50:00",DARTM1,134.70
D,DISPATCH,UNIT_SCADA,1,"2019/08/22 18:50:00",DAYDSF1,0
D,DISPATCH,UNIT_SCADA,1,"2019/08/22 18:50:00",DDPS1,626.345150
D,DISPATCH,UNIT_SCADA,1,"2019/08/22 18:50:00",DDSF1,0
D,DISPATCH,UNIT_SCADA,1,"2019/08/22 18:50:00",DEVILS_G,0
D,DISPATCH,UNIT_SCADA,1,"2019/08/22 18:50:00",DG_NSW1,0
D,DISPATCH,UNIT_SCADA,1,"2019/08/22 18:50:00",DG_QLD1,0
D,DISPATCH,UNIT_SCADA,1,"2019/08/22 18:50:00",DG_SA1,0
D,DISPATCH,UNIT_SCADA,1,"2019/08/22 18:50:00",DG_TAS1,0
D,DISPATCH,UNIT_SCADA,1,"2019/08/22 18:50:00",DG_VIC1,0
D,DISPATCH,UNIT_SCADA,1,"2019/08/22 18:50:00",DRYCGT1,0
D,DISPATCH,UNIT_SCADA,1,"2019/08/22 18:50:00",DRYCGT2,0
D,DISPATCH,UNIT_SCADA,1,"2019/08/22 18:50:00",DRYCGT3,0
D,DISPATCH,UNIT_SCADA,1,"2019/08/22 18:50:00",EILDON1,0
D,DISPATCH,UNIT_SCADA,1,"2019/08/22 18:50:00",EILDON2,37
D,DISPATCH,UNIT_SCADA,1,"2019/08/22 18:50:00",EMERASF1,0
D,DISPATCH,UNIT_SCADA,1,"2019/08/22 18:50:00",ER01,592.675050
D,DISPATCH,UNIT_SCADA,1,"2019/08/22 18:50:00",ER02,697
D,DISPATCH,UNIT_SCADA,1,"2019/08/22 18:50:00",ER03,698.800050
D,DISPATCH,UNIT_SCADA,1,"2019/08/22 18:50:00",ER04,697.275020
D,DISPATCH,UNIT_SCADA,1,"2019/08/22 18:50:00",FINLYSF1,0
D,DISPATCH,UNIT_SCADA,1,"2019/08/22 18:50:00",FISHER,45.95
D,DISPATCH,UNIT_SCADA,1,"2019/08/22 18:50:00",GANNBG1,13.974360
D,DISPATCH,UNIT_SCADA,1,"2019/08/22 18:50:00",GANNBL1,0
D,DISPATCH,UNIT_SCADA,1,"2019/08/22 18:50:00",GANNSF1,0
D,DISPATCH,UNIT_SCADA,1,"2019/08/22 18:50:00",GORDON,168.183670
D,DISPATCH,UNIT_SCADA,1,"2019/08/22 18:50:00",GSTONE1,248.149990
D,DISPATCH,UNIT_SCADA,1,"2019/08/22 18:50:00",GSTONE2,230.1250
D,DISPATCH,UNIT_SCADA,1,"2019/08/22 18:50:00",GSTONE3,246.05
D,DISPATCH,UNIT_SCADA,1,"2019/08/22 18:50:00",GSTONE4,254.974990
D,DISPATCH,UNIT_SCADA,1,"2019/08/22 18:50:00",GSTONE5,249.3750
D,DISPATCH,UNIT_SCADA,1,"2019/08/22 18:50:00",GSTONE6,0
D,DISPATCH,UNIT_SCADA,1,"2019/08/22 18:50:00",GULLRSF1,0
D,DISPATCH,UNIT_SCADA,1,"2019/08/22 18:50:00",GULLRWF1,21.759340
D,DISPATCH,UNIT_SCADA,1,"2019/08/22 18:50:00",GUNNING1,3.1155
D,DISPATCH,UNIT_SCADA,1,"2019/08/22 18:50:00",GUTHEGA,30.80
D,DISPATCH,UNIT_SCADA,1,"2019/08/22 18:50:00",HALLWF1,0.77
D,DISPATCH,UNIT_SCADA,1,"2019/08/22 18:50:00",HALLWF2,-0.40
D,DISPATCH,UNIT_SCADA,1,"2019/08/22 18:50:00",HAMISF1,0
D,DISPATCH,UNIT_SCADA,1,"2019/08/22 18:50:00",HAUGHT11,0
D,DISPATCH,UNIT_SCADA,1,"2019/08/22 18:50:00",HAYMSF1,0
D,DISPATCH,UNIT_SCADA,1,"2019/08/22 18:50:00",HDWF1,6.60
D,DISPATCH,UNIT_SCADA,1,"2019/08/22 18:50:00",HDWF2,5.80
D,DISPATCH,UNIT_SCADA,1,"2019/08/22 18:50:00",HDWF3,6.40
D,DISPATCH,UNIT_SCADA,1,"2019/08/22 18:50:00",HPRG1,30
D,DISPATCH,UNIT_SCADA,1,"2019/08/22 18:50:00",HPRL1,0
D,DISPATCH,UNIT_SCADA,1,"2019/08/22 18:50:00",HUMENSW,0
D,DISPATCH,UNIT_SCADA,1,"2019/08/22 18:50:00",HUMEV,9.10
D,DISPATCH,UNIT_SCADA,1,"2019/08/22 18:50:00",HVGTS,0
D,DISPATCH,UNIT_SCADA,1,"2019/08/22 18:50:00",JBUTTERS,141.149990
D,DISPATCH,UNIT_SCADA,1,"2019/08/22 18:50:00",JLA01,53.80
D,DISPATCH,UNIT_SCADA,1,"2019/08/22 18:50:00",JLA02,54.10
D,DISPATCH,UNIT_SCADA,1,"2019/08/22 18:50:00",JLA03,0.10
D,DISPATCH,UNIT_SCADA,1,"2019/08/22 18:50:00",JLA04,0.10
D,DISPATCH,UNIT_SCADA,1,"2019/08/22 18:50:00",JLB01,0
D,DISPATCH,UNIT_SCADA,1,"2019/08/22 18:50:00",JLB02,83.40
D,DISPATCH,UNIT_SCADA,1,"2019/08/22 18:50:00",JLB03,83.80
D,DISPATCH,UNIT_SCADA,1,"2019/08/22 18:50:00",KAREEYA1,21.4725
D,DISPATCH,UNIT_SCADA,1,"2019/08/22 18:50:00",KAREEYA2,21.7750
D,DISPATCH,UNIT_SCADA,1,"2019/08/22 18:50:00",KAREEYA3,0
D,DISPATCH,UNIT_SCADA,1,"2019/08/22 18:50:00",KAREEYA4,21.6875
D,DISPATCH,UNIT_SCADA,1,"2019/08/22 18:50:00",KARSF1,0
D,DISPATCH,UNIT_SCADA,1,"2019/08/22 18:50:00",KIATAWF1,9.20
D,DISPATCH,UNIT_SCADA,1,"2019/08/22 18:50:00",KPP_1,0
D,DISPATCH,UNIT_SCADA,1,"2019/08/22 18:50:00",KSP1,0
D,DISPATCH,UNIT_SCADA,1,"2019/08/22 18:50:00",LADBROK1,42.69
D,DISPATCH,UNIT_SCADA,1,"2019/08/22 18:50:00",LADBROK2,42.75
D,DISPATCH,UNIT_SCADA,1,"2019/08/22 18:50:00",LD01,419.306240
D,DISPATCH,UNIT_SCADA,1,"2019/08/22 18:50:00",LD02,419.306240
D,DISPATCH,UNIT_SCADA,1,"2019/08/22 18:50:00",LD03,417.074980
D,DISPATCH,UNIT_SCADA,1,"2019/08/22 18:50:00",LD04,377.399960
D,DISPATCH,UNIT_SCADA,1,"2019/08/22 18:50:00",LEM_WIL,86.099240
D,DISPATCH,UNIT_SCADA,1,"2019/08/22 18:50:00",LGAPWF1,10.47
D,DISPATCH,UNIT_SCADA,1,"2019/08/22 18:50:00",LILYSF1,0
D,DISPATCH,UNIT_SCADA,1,"2019/08/22 18:50:00",LI_WY_CA,149.482560
D,DISPATCH,UNIT_SCADA,1,"2019/08/22 18:50:00",LKBONNY2,7.563390
D,DISPATCH,UNIT_SCADA,1,"2019/08/22 18:50:00",LKBONNY3,1.228080
D,DISPATCH,UNIT_SCADA,1,"2019/08/22 18:50:00",LK_ECHO,0
D,DISPATCH,UNIT_SCADA,1,"2019/08/22 18:50:00",LNGS1,0
D,DISPATCH,UNIT_SCADA,1,"2019/08/22 18:50:00",LNGS2,0
D,DISPATCH,UNIT_SCADA,1,"2019/08/22 18:50:00",LONSDALE,0
D,DISPATCH,UNIT_SCADA,1,"2019/08/22 18:50:00",LOYYB1,536.088620
D,DISPATCH,UNIT_SCADA,1,"2019/08/22 18:50:00",LOYYB2,580.8266
D,DISPATCH,UNIT_SCADA,1,"2019/08/22 18:50:00",LYA1,559
D,DISPATCH,UNIT_SCADA,1,"2019/08/22 18:50:00",LYA2,0
D,DISPATCH,UNIT_SCADA,1,"2019/08/22 18:50:00",LYA3,560
D,DISPATCH,UNIT_SCADA,1,"2019/08/22 18:50:00",LYA4,540
D,DISPATCH,UNIT_SCADA,1,"2019/08/22 18:50:00",MACARTH1,0
D,DISPATCH,UNIT_SCADA,1,"2019/08/22 18:50:00",MACKAYGT,0
D,DISPATCH,UNIT_SCADA,1,"2019/08/22 18:50:00",MACKNTSH,86.45
D,DISPATCH,UNIT_SCADA,1,"2019/08/22 18:50:00",MANSLR1,0
D,DISPATCH,UNIT_SCADA,1,"2019/08/22 18:50:00",MCKAY1,178.524990
D,DISPATCH,UNIT_SCADA,1,"2019/08/22 18:50:00",MEADOWBK,34.267420
D,DISPATCH,UNIT_SCADA,1,"2019/08/22 18:50:00",MERCER01,8.81
D,DISPATCH,UNIT_SCADA,1,"2019/08/22 18:50:00",MEWF1,9.255940
D,DISPATCH,UNIT_SCADA,1,"2019/08/22 18:50:00",MINTARO,0
D,DISPATCH,UNIT_SCADA,1,"2019/08/22 18:50:00",MOREESF1,0
D,DISPATCH,UNIT_SCADA,1,"2019/08/22 18:50:00",MORTLK11,259
D,DISPATCH,UNIT_SCADA,1,"2019/08/22 18:50:00",MORTLK12,0
D,DISPATCH,UNIT_SCADA,1,"2019/08/22 18:50:00",MP1,261.5249
D,DISPATCH,UNIT_SCADA,1,"2019/08/22 18:50:00",MP2,0
D,DISPATCH,UNIT_SCADA,1,"2019/08/22 18:50:00",MPP_1,412
D,DISPATCH,UNIT_SCADA,1,"2019/08/22 18:50:00",MPP_2,435.25
D,DISPATCH,UNIT_SCADA,1,"2019/08/22 18:50:00",MSTUART1,0
D,DISPATCH,UNIT_SCADA,1,"2019/08/22 18:50:00",MSTUART2,0
D,DISPATCH,UNIT_SCADA,1,"2019/08/22 18:50:00",MSTUART3,0
D,DISPATCH,UNIT_SCADA,1,"2019/08/22 18:50:00",MTGELWF1,10.252690
D,DISPATCH,UNIT_SCADA,1,"2019/08/22 18:50:00",MURRAY,916.302250
D,DISPATCH,UNIT_SCADA,1,"2019/08/22 18:50:00",MUSSELR1,25.30
D,DISPATCH,UNIT_SCADA,1,"2019/08/22 18:50:00",MUWAWF1,5.44
D,DISPATCH,UNIT_SCADA,1,"2019/08/22 18:50:00",NBHWF1,0.10
D,DISPATCH,UNIT_SCADA,1,"2019/08/22 18:50:00",NPS,511.50
D,DISPATCH,UNIT_SCADA,1,"2019/08/22 18:50:00",NUMURSF1,0
D,DISPATCH,UNIT_SCADA,1,"2019/08/22 18:50:00",NYNGAN1,0
D,DISPATCH,UNIT_SCADA,1,"2019/08/22 18:50:00",OAKEY1,0
D,DISPATCH,UNIT_SCADA,1,"2019/08/22 18:50:00",OAKEY1SF,0.02
D,DISPATCH,UNIT_SCADA,1,"2019/08/22 18:50:00",OAKEY2,0
D,DISPATCH,UNIT_SCADA,1,"2019/08/22 18:50:00",OAKLAND1,4.40
D,DISPATCH,UNIT_SCADA,1,"2019/08/22 18:50:00",OSB-AG,182.98
D,DISPATCH,UNIT_SCADA,1,"2019/08/22 18:50:00",PARSF1,0
D,DISPATCH,UNIT_SCADA,1,"2019/08/22 18:50:00",POAT110,84.580080
D,DISPATCH,UNIT_SCADA,1,"2019/08/22 18:50:00",POAT220,141.191930
D,DISPATCH,UNIT_SCADA,1,"2019/08/22 18:50:00",POR01,0
D,DISPATCH,UNIT_SCADA,1,"2019/08/22 18:50:00",POR03,0
D,DISPATCH,UNIT_SCADA,1,"2019/08/22 18:50:00",PPCCGT,493.669160
D,DISPATCH,UNIT_SCADA,1,"2019/08/22 18:50:00",PTSTAN1,0
D,DISPATCH,UNIT_SCADA,1,"2019/08/22 18:50:00",PUMP1,0
D,DISPATCH,UNIT_SCADA,1,"2019/08/22 18:50:00",PUMP2,0
D,DISPATCH,UNIT_SCADA,1,"2019/08/22 18:50:00",QPS1,29.10
D,DISPATCH,UNIT_SCADA,1,"2019/08/22 18:50:00",QPS2,0
D,DISPATCH,UNIT_SCADA,1,"2019/08/22 18:50:00",QPS3,0
D,DISPATCH,UNIT_SCADA,1,"2019/08/22 18:50:00",QPS4,0
D,DISPATCH,UNIT_SCADA,1,"2019/08/22 18:50:00",QPS5,124.92
D,DISPATCH,UNIT_SCADA,1,"2019/08/22 18:50:00",REECE1,120.030010
D,DISPATCH,UNIT_SCADA,1,"2019/08/22 18:50:00",REECE2,118.640010
D,DISPATCH,UNIT_SCADA,1,"2019/08/22 18:50:00",ROMA_7,0
D,DISPATCH,UNIT_SCADA,1,"2019/08/22 18:50:00",ROMA_8,0
D,DISPATCH,UNIT_SCADA,1,"2019/08/22 18:50:00",RRSF1,0
D,DISPATCH,UNIT_SCADA,1,"2019/08/22 18:50:00",RT_NSW1,0
D,DISPATCH,UNIT_SCADA,1,"2019/08/22 18:50:00",RT_NSW2,0
D,DISPATCH,UNIT_SCADA,1,"2019/08/22 18:50:00",RT_NSW3,0
D,DISPATCH,UNIT_SCADA,1,"2019/08/22 18:50:00",RT_NSW4,0
D,DISPATCH,UNIT_SCADA,1,"2019/08/22 18:50:00",RT_NSW5,0
D,DISPATCH,UNIT_SCADA,1,"2019/08/22 18:50:00",RT_NSW6,0
D,DISPATCH,UNIT_SCADA,1,"2019/08/22 18:50:00",RT_QLD1,0
D,DISPATCH,UNIT_SCADA,1,"2019/08/22 18:50:00",RT_SA1,0
D,DISPATCH,UNIT_SCADA,1,"2019/08/22 18:50:00",RT_SA2,0
D,DISPATCH,UNIT_SCADA,1,"2019/08/22 18:50:00",RT_SA3,0
D,DISPATCH,UNIT_SCADA,1,"2019/08/22 18:50:00",RT_SA4,0
D,DISPATCH,UNIT_SCADA,1,"2019/08/22 18:50:00",RT_SA5,0
D,DISPATCH,UNIT_SCADA,1,"2019/08/22 18:50:00",RT_SA6,0
D,DISPATCH,UNIT_SCADA,1,"2019/08/22 18:50:00",RT_TAS1,0
D,DISPATCH,UNIT_SCADA,1,"2019/08/22 18:50:00",RT_VIC1,0
D,DISPATCH,UNIT_SCADA,1,"2019/08/22 18:50:00",RT_VIC10,0
D,DISPATCH,UNIT_SCADA,1,"2019/08/22 18:50:00",RT_VIC11,0
D,DISPATCH,UNIT_SCADA,1,"2019/08/22 18:50:00",RT_VIC12,0
D,DISPATCH,UNIT_SCADA,1,"2019/08/22 18:50:00",RT_VIC2,0
D,DISPATCH,UNIT_SCADA,1,"2019/08/22 18:50:00",RT_VIC3,0
D,DISPATCH,UNIT_SCADA,1,"2019/08/22 18:50:00",RT_VIC4,0
D,DISPATCH,UNIT_SCADA,1,"2019/08/22 18:50:00",RT_VIC5,0
D,DISPATCH,UNIT_SCADA,1,"2019/08/22 18:50:00",RT_VIC6,0
D,DISPATCH,UNIT_SCADA,1,"2019/08/22 18:50:00",RT_VIC7,0
D,DISPATCH,UNIT_SCADA,1,"2019/08/22 18:50:00",RT_VIC8,0
D,DISPATCH,UNIT_SCADA,1,"2019/08/22 18:50:00",RT_VIC9,0
D,DISPATCH,UNIT_SCADA,1,"2019/08/22 18:50:00",RUGBYR1,0
D,DISPATCH,UNIT_SCADA,1,"2019/08/22 18:50:00",SALTCRK1,3.80
D,DISPATCH,UNIT_SCADA,1,"2019/08/22 18:50:00",SAPHWF1,172.003110
D,DISPATCH,UNIT_SCADA,1,"2019/08/22 18:50:00",SHGEN,200.011580
D,DISPATCH,UNIT_SCADA,1,"2019/08/22 18:50:00",SHPUMP,0
D,DISPATCH,UNIT_SCADA,1,"2019/08/22 18:50:00",SITHE01,80.437970
D,DISPATCH,UNIT_SCADA,1,"2019/08/22 18:50:00",SMCSF1,0
D,DISPATCH,UNIT_SCADA,1,"2019/08/22 18:50:00",SNOWNTH1,7.30
D,DISPATCH,UNIT_SCADA,1,"2019/08/22 18:50:00",SNOWSTH1,15.10
D,DISPATCH,UNIT_SCADA,1,"2019/08/22 18:50:00",SNOWTWN1,6.223970
D,DISPATCH,UNIT_SCADA,1,"2019/08/22 18:50:00",SNOWYP,0
D,DISPATCH,UNIT_SCADA,1,"2019/08/22 18:50:00",SNUG1,0.019440
D,DISPATCH,UNIT_SCADA,1,"2019/08/22 18:50:00",SRSF1,0.43
D,DISPATCH,UNIT_SCADA,1,"2019/08/22 18:50:00",STAN-1,0
D,DISPATCH,UNIT_SCADA,1,"2019/08/22 18:50:00",STAN-2,345.849880
D,DISPATCH,UNIT_SCADA,1,"2019/08/22 18:50:00",STAN-3,340.5433
D,DISPATCH,UNIT_SCADA,1,"2019/08/22 18:50:00",STAN-4,366.345550
D,DISPATCH,UNIT_SCADA,1,"2019/08/22 18:50:00",STWF1,82.304990
D,DISPATCH,UNIT_SCADA,1,"2019/08/22 18:50:00",SWAN_E,0
D,DISPATCH,UNIT_SCADA,1,"2019/08/22 18:50:00",TALWA1,422
D,DISPATCH,UNIT_SCADA,1,"2019/08/22 18:50:00",TARALGA1,12.622510
D,DISPATCH,UNIT_SCADA,1,"2019/08/22 18:50:00",TARONG#1,335.800020
D,DISPATCH,UNIT_SCADA,1,"2019/08/22 18:50:00",TARONG#2,335.700010
D,DISPATCH,UNIT_SCADA,1,"2019/08/22 18:50:00",TARONG#3,279.399990
D,DISPATCH,UNIT_SCADA,1,"2019/08/22 18:50:00",TARONG#4,348.899990
D,DISPATCH,UNIT_SCADA,1,"2019/08/22 18:50:00",TARRALEA,83.90
D,DISPATCH,UNIT_SCADA,1,"2019/08/22 18:50:00",TBSF1,-0.20
D,DISPATCH,UNIT_SCADA,1,"2019/08/22 18:50:00",TNPS1,442.300020
D,DISPATCH,UNIT_SCADA,1,"2019/08/22 18:50:00",TORRA1,118.607770
D,DISPATCH,UNIT_SCADA,1,"2019/08/22 18:50:00",TORRA2,0
D,DISPATCH,UNIT_SCADA,1,"2019/08/22 18:50:00",TORRA3,46.784470
D,DISPATCH,UNIT_SCADA,1,"2019/08/22 18:50:00",TORRA4,112.198680
D,DISPATCH,UNIT_SCADA,1,"2019/08/22 18:50:00",TORRB1,125.80
D,DISPATCH,UNIT_SCADA,1,"2019/08/22 18:50:00",TORRB2,191.240010
D,DISPATCH,UNIT_SCADA,1,"2019/08/22 18:50:00",TORRB3,0
D,DISPATCH,UNIT_SCADA,1,"2019/08/22 18:50:00",TORRB4,0
D,DISPATCH,UNIT_SCADA,1,"2019/08/22 18:50:00",TREVALLN,87.110030
D,DISPATCH,UNIT_SCADA,1,"2019/08/22 18:50:00",TRIBUTE,85.05
D,DISPATCH,UNIT_SCADA,1,"2019/08/22 18:50:00",TUMUT3,0
D,DISPATCH,UNIT_SCADA,1,"2019/08/22 18:50:00",TUNGATIN,139.510040
D,DISPATCH,UNIT_SCADA,1,"2019/08/22 18:50:00",TVCC201,0
D,DISPATCH,UNIT_SCADA,1,"2019/08/22 18:50:00",TVPP104,57.924240
D,DISPATCH,UNIT_SCADA,1,"2019/08/22 18:50:00",UPPTUMUT,413.989870
D,DISPATCH,UNIT_SCADA,1,"2019/08/22 18:50:00",URANQ11,165.9375
D,DISPATCH,UNIT_SCADA,1,"2019/08/22 18:50:00",URANQ12,166.0625
D,DISPATCH,UNIT_SCADA,1,"2019/08/22 18:50:00",URANQ13,0
D,DISPATCH,UNIT_SCADA,1,"2019/08/22 18:50:00",URANQ14,0
D,DISPATCH,UNIT_SCADA,1,"2019/08/22 18:50:00",VP5,636.174990
D,DISPATCH,UNIT_SCADA,1,"2019/08/22 18:50:00",VP6,629.325010
D,DISPATCH,UNIT_SCADA,1,"2019/08/22 18:50:00",VPGS1,0
D,DISPATCH,UNIT_SCADA,1,"2019/08/22 18:50:00",VPGS2,0
D,DISPATCH,UNIT_SCADA,1,"2019/08/22 18:50:00",VPGS3,0
D,DISPATCH,UNIT_SCADA,1,"2019/08/22 18:50:00",VPGS4,0
D,DISPATCH,UNIT_SCADA,1,"2019/08/22 18:50:00",VPGS5,0
D,DISPATCH,UNIT_SCADA,1,"2019/08/22 18:50:00",VPGS6,0
D,DISPATCH,UNIT_SCADA,1,"2019/08/22 18:50:00",W/HOE#1,160.629990
D,DISPATCH,UNIT_SCADA,1,"2019/08/22 18:50:00",W/HOE#2,0
D,DISPATCH,UNIT_SCADA,1,"2019/08/22 18:50:00",WATERLWF,-0.90
D,DISPATCH,UNIT_SCADA,1,"2019/08/22 18:50:00",WEMENSF1,0
D,DISPATCH,UNIT_SCADA,1,"2019/08/22 18:50:00",WGWF1,3.70
D,DISPATCH,UNIT_SCADA,1,"2019/08/22 18:50:00",WHITSF1,0
D,DISPATCH,UNIT_SCADA,1,"2019/08/22 18:50:00",WKIEWA1,0
D,DISPATCH,UNIT_SCADA,1,"2019/08/22 18:50:00",WKIEWA2,0.10
D,DISPATCH,UNIT_SCADA,1,"2019/08/22 18:50:00",WOODLWN1,8.1720
D,DISPATCH,UNIT_SCADA,1,"2019/08/22 18:50:00",WRSF1,0
D,DISPATCH,UNIT_SCADA,1,"2019/08/22 18:50:00",WRWF1,89.023740
D,DISPATCH,UNIT_SCADA,1,"2019/08/22 18:50:00",YABULU,0
D,DISPATCH,UNIT_SCADA,1,"2019/08/22 18:50:00",YABULU2,0
D,DISPATCH,UNIT_SCADA,1,"2019/08/22 18:50:00",YARWUN_1,0
D,DISPATCH,UNIT_SCADA,1,"2019/08/22 18:50:00",YENDWF1,14.36
D,DISPATCH,UNIT_SCADA,1,"2019/08/22 18:50:00",YWPS1,372.6810
D,DISPATCH,UNIT_SCADA,1,"2019/08/22 18:50:00",YWPS2,279.946840
D,DISPATCH,UNIT_SCADA,1,"2019/08/22 18:50:00",YWPS3,0
D,DISPATCH,UNIT_SCADA,1,"2019/08/22 18:50:00",YWPS4,398.060760
C,"END OF REPORT",334
