C,NEMP.WORLD,DISPATCHSCADA,AEMO,PUBLIC,2019/08/22,02:25:12,0000000311849553,DISPATCHSCADA,0000000311849547
I,DISPATCH,UNIT_SCADA,1,SETTLEMENTDATE,DUID,SCADAVALUE
D,DISPATCH,UNIT_SCADA,1,"2019/08/22 02:30:00",BARCSF1,0.70
D,DISPATCH,UNIT_SCADA,1,"2019/08/22 02:30:00",BUTLERSG,9.699999
D,DISPATCH,UNIT_SCADA,1,"2019/08/22 02:30:00",CALL_A_4,0
D,DISPATCH,UNIT_SCADA,1,"2019/08/22 02:30:00",CAPTL_WF,126.031998
D,DISPATCH,UNIT_SCADA,1,"2019/08/22 02:30:00",CATHROCK,15.829999
D,DISPATCH,UNIT_SCADA,1,"2019/08/22 02:30:00",CHALLHWF,50.699997
D,DISPATCH,UNIT_SCADA,1,"2019/08/22 02:30:00",CLOVER,-0.01
D,DISPATCH,UNIT_SCADA,1,"2019/08/22 02:30:00",CLUNY,20.030670
D,DISPATCH,UNIT_SCADA,1,"2019/08/22 02:30:00",CNUNDAWF,39.245781
D,DISPATCH,UNIT_SCADA,1,"2019/08/22 02:30:00",CULLRGWF,26.450001
D,DISPATCH,UNIT_SCADA,1,"2019/08/22 02:30:00",ERGT01,0
D,DISPATCH,UNIT_SCADA,1,"2019/08/22 02:30:00",GB01,0.066643
D,DISPATCH,UNIT_SCADA,1,"2019/08/22 02:30:00",GERMCRK,39.099998
D,DISPATCH,UNIT_SCADA,1,"2019/08/22 02:30:00",GRIFSF1,0
D,DISPATCH,UNIT_SCADA,1,"2019/08/22 02:30:00",HUGSF1,-0.2430
D,DISPATCH,UNIT_SCADA,1,"2019/08/22 02:30:00",LKBONNY1,67.964424
D,DISPATCH,UNIT_SCADA,1,"2019/08/22 02:30:00",LRSF1,0.0390
D,DISPATCH,UNIT_SCADA,1,"2019/08/22 02:30:00",MBAHNTH,56.025009
D,DISPATCH,UNIT_SCADA,1,"2019/08/22 02:30:00",MLSP1,0.271001
D,DISPATCH,UNIT_SCADA,1,"2019/08/22 02:30:00",MLWF1,19.665001
D,DISPATCH,UNIT_SCADA,1,"2019/08/22 02:30:00",MTMILLAR,14.279877
D,DISPATCH,UNIT_SCADA,1,"2019/08/22 02:30:00",PALOONA,8.05
D,DISPATCH,UNIT_SCADA,1,"2019/08/22 02:30:00",PIONEER,47.200001
D,DISPATCH,UNIT_SCADA,1,"2019/08/22 02:30:00",PORTWF,137.199997
D,DISPATCH,UNIT_SCADA,1,"2019/08/22 02:30:00",REPULSE,0.000610
D,DISPATCH,UNIT_SCADA,1,"2019/08/22 02:30:00",ROWALLAN,10.3092
D,DISPATCH,UNIT_SCADA,1,"2019/08/22 02:30:00",ROYALLA1,0
D,DISPATCH,UNIT_SCADA,1,"2019/08/22 02:30:00",RPCG,10.80
D,DISPATCH,UNIT_SCADA,1,"2019/08/22 02:30:00",RUBICON,0
D,DISPATCH,UNIT_SCADA,1,"2019/08/22 02:30:00",SATGN1,0
D,DISPATCH,UNIT_SCADA,1,"2019/08/22 02:30:00",SATGS1,0
D,DISPATCH,UNIT_SCADA,1,"2019/08/22 02:30:00",STARHLWF,10.996794
D,DISPATCH,UNIT_SCADA,1,"2019/08/22 02:30:00",WAUBRAWF,175.231003
D,DISPATCH,UNIT_SCADA,1,"2019/08/22 02:30:00",WOOLNTH1,109.090019
D,DISPATCH,UNIT_SCADA,1,"2019/08/22 02:30:00",WPWF,43
D,DISPATCH,UNIT_SCADA,1,"2019/08/22 02:30:00",YAMBUKWF,27.90
D,DISPATCH,UNIT_SCADA,1,"2019/08/22 02:30:00",YSWF1,28.90
D,DISPATCH,UNIT_SCADA,1,"2019/08/22 02:30:00",AGLHAL,0
D,DISPATCH,UNIT_SCADA,1,"2019/08/22 02:30:00",AGLSOM,0
D,DISPATCH,UNIT_SCADA,1,"2019/08/22 02:30:00",ANGAST1,0
D,DISPATCH,UNIT_SCADA,1,"2019/08/22 02:30:00",ARWF1,222.400020
D,DISPATCH,UNIT_SCADA,1,"2019/08/22 02:30:00",BALBG1,0
D,DISPATCH,UNIT_SCADA,1,"2019/08/22 02:30:00",BALBL1,0
D,DISPATCH,UNIT_SCADA,1,"2019/08/22 02:30:00",BALDHWF1,99.1160
D,DISPATCH,UNIT_SCADA,1,"2019/08/22 02:30:00",BANN1,0
D,DISPATCH,UNIT_SCADA,1,"2019/08/22 02:30:00",BARCALDN,0
D,DISPATCH,UNIT_SCADA,1,"2019/08/22 02:30:00",BARRON-1,0
D,DISPATCH,UNIT_SCADA,1,"2019/08/22 02:30:00",BARRON-2,26.12
D,DISPATCH,UNIT_SCADA,1,"2019/08/22 02:30:00",BASTYAN,78.320010
D,DISPATCH,UNIT_SCADA,1,"2019/08/22 02:30:00",BBTHREE1,-1.83
D,DISPATCH,UNIT_SCADA,1,"2019/08/22 02:30:00",BBTHREE2,-1.87
D,DISPATCH,UNIT_SCADA,1,"2019/08/22 02:30:00",BBTHREE3,0
D,DISPATCH,UNIT_SCADA,1,"2019/08/22 02:30:00",BDL01,0
D,DISPATCH,UNIT_SCADA,1,"2019/08/22 02:30:00",BDL02,0
D,DISPATCH,UNIT_SCADA,1,"2019/08/22 02:30:00",BERYLSF1,0
D,DISPATCH,UNIT_SCADA,1,"2019/08/22 02:30:00",BLOWERNG,0
D,DISPATCH,UNIT_SCADA,1,"2019/08/22 02:30:00",BLUFF1,32.70
D,DISPATCH,UNIT_SCADA,1,"2019/08/22 02:30:00",BNGSF1,0
D,DISPATCH,UNIT_SCADA,1,"2019/08/22 02:30:00",BNGSF2,0
D,DISPATCH,UNIT_SCADA,1,"2019/08/22 02:30:00",BOCORWF1,91.16
D,DISPATCH,UNIT_SCADA,1,"2019/08/22 02:30:00",BODWF1,97.618570
D,DISPATCH,UNIT_SCADA,1,"2019/08/22 02:30:00",BRAEMAR1,0
D,DISPATCH,UNIT_SCADA,1,"2019/08/22 02:30:00",BRAEMAR2,0
D,DISPATCH,UNIT_SCADA,1,"2019/08/22 02:30:00",BRAEMAR3,0
D,DISPATCH,UNIT_SCADA,1,"2019/08/22 02:30:00",BRAEMAR5,0
D,DISPATCH,UNIT_SCADA,1,"2019/08/22 02:30:00",BRAEMAR6,0
D,DISPATCH,UNIT_SCADA,1,"2019/08/22 02:30:00",BRAEMAR7,0
D,DISPATCH,UNIT_SCADA,1,"2019/08/22 02:30:00",BROKENH1,0
D,DISPATCH,UNIT_SCADA,1,"2019/08/22 02:30:00",BW01,357.50
D,DISPATCH,UNIT_SCADA,1,"2019/08/22 02:30:00",BW02,560.8750
D,DISPATCH,UNIT_SCADA,1,"2019/08/22 02:30:00",BW03,462.800050
D,DISPATCH,UNIT_SCADA,1,"2019/08/22 02:30:00",BW04,0
D,DISPATCH,UNIT_SCADA,1,"2019/08/22 02:30:00",CALL_B_1,349.50
D,DISPATCH,UNIT_SCADA,1,"2019/08/22 02:30:00",CALL_B_2,298.899990
D,DISPATCH,UNIT_SCADA,1,"2019/08/22 02:30:00",CETHANA,99.501750
D,DISPATCH,UNIT_SCADA,1,"2019/08/22 02:30:00",CG1,0
D,DISPATCH,UNIT_SCADA,1,"2019/08/22 02:30:00",CG2,0
D,DISPATCH,UNIT_SCADA,1,"2019/08/22 02:30:00",CG3,0
D,DISPATCH,UNIT_SCADA,1,"2019/08/22 02:30:00",CG4,0
D,DISPATCH,UNIT_SCADA,1,"2019/08/22 02:30:00",CHILDSF1,0.01
D,DISPATCH,UNIT_SCADA,1,"2019/08/22 02:30:00",CLARESF1,0
D,DISPATCH,UNIT_SCADA,1,"2019/08/22 02:30:00",CLEMGPWF,11.237460
D,DISPATCH,UNIT_SCADA,1,"2019/08/22 02:30:00",CLERMSF1,0
D,DISPATCH,UNIT_SCADA,1,"2019/08/22 02:30:00",COLEASF1,0
D,DISPATCH,UNIT_SCADA,1,"2019/08/22 02:30:00",COOPGWF1,6.783520
D,DISPATCH,UNIT_SCADA,1,"2019/08/22 02:30:00",CPP_3,350.350010
D,DISPATCH,UNIT_SCADA,1,"2019/08/22 02:30:00",CPP_4,351.175020
D,DISPATCH,UNIT_SCADA,1,"2019/08/22 02:30:00",CPSA,142.100620
D,DISPATCH,UNIT_SCADA,1,"2019/08/22 02:30:00",CROOKWF2,22.6750
D,DISPATCH,UNIT_SCADA,1,"2019/08/22 02:30:00",CROWLWF1,48.394240
D,DISPATCH,UNIT_SCADA,1,"2019/08/22 02:30:00",CSPVPS1,0.0430
D,DISPATCH,UNIT_SCADA,1,"2019/08/22 02:30:00",DALNTH01,0
D,DISPATCH,UNIT_SCADA,1,"2019/08/22 02:30:00",DALNTHL1,6.919970
D,DISPATCH,UNIT_SCADA,1,"2019/08/22 02:30:00",DARTM1,0
D,DISPATCH,UNIT_SCADA,1,"2019/08/22 02:30:00",DAYDSF1,0
D,DISPATCH,UNIT_SCADA,1,"2019/08/22 02:30:00",DDPS1,0
D,DISPATCH,UNIT_SCADA,1,"2019/08/22 02:30:00",DDSF1,0
D,DISPATCH,UNIT_SCADA,1,"2019/08/22 02:30:00",DEVILS_G,0
D,DISPATCH,UNIT_SCADA,1,"2019/08/22 02:30:00",DG_NSW1,0
D,DISPATCH,UNIT_SCADA,1,"2019/08/22 02:30:00",DG_QLD1,0
D,DISPATCH,UNIT_SCADA,1,"2019/08/22 02:30:00",DG_SA1,0
D,DISPATCH,UNIT_SCADA,1,"2019/08/22 02:30:00",DG_TAS1,0
D,DISPATCH,UNIT_SCADA,1,"2019/08/22 02:30:00",DG_VIC1,0
D,DISPATCH,UNIT_SCADA,1,"2019/08/22 02:30:00",DRYCGT1,0
D,DISPATCH,UNIT_SCADA,1,"2019/08/22 02:30:00",DRYCGT2,0
D,DISPATCH,UNIT_SCADA,1,"2019/08/22 02:30:00",DRYCGT3,0
D,DISPATCH,UNIT_SCADA,1,"2019/08/22 02:30:00",EILDON1,0
D,DISPATCH,UNIT_SCADA,1,"2019/08/22 02:30:00",EILDON2,0
D,DISPATCH,UNIT_SCADA,1,"2019/08/22 02:30:00",EMERASF1,0
D,DISPATCH,UNIT_SCADA,1,"2019/08/22 02:30:00",ER01,317.049930
D,DISPATCH,UNIT_SCADA,1,"2019/08/22 02:30:00",ER02,385.799930
D,DISPATCH,UNIT_SCADA,1,"2019/08/22 02:30:00",ER03,379.450070
D,DISPATCH,UNIT_SCADA,1,"2019/08/22 02:30:00",ER04,340.650020
D,DISPATCH,UNIT_SCADA,1,"2019/08/22 02:30:00",FINLYSF1,0
D,DISPATCH,UNIT_SCADA,1,"2019/08/22 02:30:00",FISHER,45.96
D,DISPATCH,UNIT_SCADA,1,"2019/08/22 02:30:00",GANNBG1,0
D,DISPATCH,UNIT_SCADA,1,"2019/08/22 02:30:00",GANNBL1,10.008760
D,DISPATCH,UNIT_SCADA,1,"2019/08/22 02:30:00",GANNSF1,0
D,DISPATCH,UNIT_SCADA,1,"2019/08/22 02:30:00",GORDON,15.694560
D,DISPATCH,UNIT_SCADA,1,"2019/08/22 02:30:00",GSTONE1,135.80
D,DISPATCH,UNIT_SCADA,1,"2019/08/22 02:30:00",GSTONE2,130.3750
D,DISPATCH,UNIT_SCADA,1,"2019/08/22 02:30:00",GSTONE3,133.8750
D,DISPATCH,UNIT_SCADA,1,"2019/08/22 02:30:00",GSTONE4,134.399990
D,DISPATCH,UNIT_SCADA,1,"2019/08/22 02:30:00",GSTONE5,136.3250
D,DISPATCH,UNIT_SCADA,1,"2019/08/22 02:30:00",GSTONE6,0
D,DISPATCH,UNIT_SCADA,1,"2019/08/22 02:30:00",GULLRSF1,0
D,DISPATCH,UNIT_SCADA,1,"2019/08/22 02:30:00",GULLRWF1,154.906010
D,DISPATCH,UNIT_SCADA,1,"2019/08/22 02:30:00",GUNNING1,46.006470
D,DISPATCH,UNIT_SCADA,1,"2019/08/22 02:30:00",GUTHEGA,0
D,DISPATCH,UNIT_SCADA,1,"2019/08/22 02:30:00",HALLWF1,76.44
D,DISPATCH,UNIT_SCADA,1,"2019/08/22 02:30:00",HALLWF2,51.38
D,DISPATCH,UNIT_SCADA,1,"2019/08/22 02:30:00",HAMISF1,0
D,DISPATCH,UNIT_SCADA,1,"2019/08/22 02:30:00",HAUGHT11,0
D,DISPATCH,UNIT_SCADA,1,"2019/08/22 02:30:00",HAYMSF1,0
D,DISPATCH,UNIT_SCADA,1,"2019/08/22 02:30:00",HDWF1,47.30
D,DISPATCH,UNIT_SCADA,1,"2019/08/22 02:30:00",HDWF2,34.60
D,DISPATCH,UNIT_SCADA,1,"2019/08/22 02:30:00",HDWF3,32.40
D,DISPATCH,UNIT_SCADA,1,"2019/08/22 02:30:00",HPRG1,0
D,DISPATCH,UNIT_SCADA,1,"2019/08/22 02:30:00",HPRL1,40
D,DISPATCH,UNIT_SCADA,1,"2019/08/22 02:30:00",HUMENSW,0
D,DISPATCH,UNIT_SCADA,1,"2019/08/22 02:30:00",HUMEV,11.30
D,DISPATCH,UNIT_SCADA,1,"2019/08/22 02:30:00",HVGTS,0
D,DISPATCH,UNIT_SCADA,1,"2019/08/22 02:30:00",JBUTTERS,13.23
D,DISPATCH,UNIT_SCADA,1,"2019/08/22 02:30:00",JLA01,0.50
D,DISPATCH,UNIT_SCADA,1,"2019/08/22 02:30:00",JLA02,0
D,DISPATCH,UNIT_SCADA,1,"2019/08/22 02:30:00",JLA03,0.10
D,DISPATCH,UNIT_SCADA,1,"2019/08/22 02:30:00",JLA04,0.10
D,DISPATCH,UNIT_SCADA,1,"2019/08/22 02:30:00",JLB01,0
D,DISPATCH,UNIT_SCADA,1,"2019/08/22 02:30:00",JLB02,0.10
D,DISPATCH,UNIT_SCADA,1,"2019/08/22 02:30:00",JLB03,0
D,DISPATCH,UNIT_SCADA,1,"2019/08/22 02:30:00",KAREEYA1,21.5350
D,DISPATCH,UNIT_SCADA,1,"2019/08/22 02:30:00",KAREEYA2,21.8575
D,DISPATCH,UNIT_SCADA,1,"2019/08/22 02:30:00",KAREEYA3,0
D,DISPATCH,UNIT_SCADA,1,"2019/08/22 02:30:00",KAREEYA4,21.6925
D,DISPATCH,UNIT_SCADA,1,"2019/08/22 02:30:00",KARSF1,0
D,DISPATCH,UNIT_SCADA,1,"2019/08/22 02:30:00",KIATAWF1,3.50
D,DISPATCH,UNIT_SCADA,1,"2019/08/22 02:30:00",KPP_1,0
D,DISPATCH,UNIT_SCADA,1,"2019/08/22 02:30:00",KSP1,0
D,DISPATCH,UNIT_SCADA,1,"2019/08/22 02:30:00",LADBROK1,0
D,DISPATCH,UNIT_SCADA,1,"2019/08/22 02:30:00",LADBROK2,0
D,DISPATCH,UNIT_SCADA,1,"2019/08/22 02:30:00",LD01,351.150050
D,DISPATCH,UNIT_SCADA,1,"2019/08/22 02:30:00",LD02,303.056210
D,DISPATCH,UNIT_SCADA,1,"2019/08/22 02:30:00",LD03,325.425020
D,DISPATCH,UNIT_SCADA,1,"2019/08/22 02:30:00",LD04,354.112520
D,DISPATCH,UNIT_SCADA,1,"2019/08/22 02:30:00",LEM_WIL,86.237350
D,DISPATCH,UNIT_SCADA,1,"2019/08/22 02:30:00",LGAPWF1,24.58
D,DISPATCH,UNIT_SCADA,1,"2019/08/22 02:30:00",LILYSF1,0
D,DISPATCH,UNIT_SCADA,1,"2019/08/22 02:30:00",LI_WY_CA,148.747440
D,DISPATCH,UNIT_SCADA,1,"2019/08/22 02:30:00",LKBONNY2,144.334350
D,DISPATCH,UNIT_SCADA,1,"2019/08/22 02:30:00",LKBONNY3,33.939790
D,DISPATCH,UNIT_SCADA,1,"2019/08/22 02:30:00",LK_ECHO,0
D,DISPATCH,UNIT_SCADA,1,"2019/08/22 02:30:00",LNGS1,0
D,DISPATCH,UNIT_SCADA,1,"2019/08/22 02:30:00",LNGS2,0
D,DISPATCH,UNIT_SCADA,1,"2019/08/22 02:30:00",LONSDALE,0
D,DISPATCH,UNIT_SCADA,1,"2019/08/22 02:30:00",LOYYB1,535.336730
D,DISPATCH,UNIT_SCADA,1,"2019/08/22 02:30:00",LOYYB2,582.7063
D,DISPATCH,UNIT_SCADA,1,"2019/08/22 02:30:00",LYA1,500
D,DISPATCH,UNIT_SCADA,1,"2019/08/22 02:30:00",LYA2,0
D,DISPATCH,UNIT_SCADA,1,"2019/08/22 02:30:00",LYA3,499
D,DISPATCH,UNIT_SCADA,1,"2019/08/22 02:30:00",LYA4,502
D,DISPATCH,UNIT_SCADA,1,"2019/08/22 02:30:00",MACARTH1,360.191680
D,DISPATCH,UNIT_SCADA,1,"2019/08/22 02:30:00",MACKAYGT,0
D,DISPATCH,UNIT_SCADA,1,"2019/08/22 02:30:00",MACKNTSH,75.600010
D,DISPATCH,UNIT_SCADA,1,"2019/08/22 02:30:00",MANSLR1,0
D,DISPATCH,UNIT_SCADA,1,"2019/08/22 02:30:00",MCKAY1,0.02
D,DISPATCH,UNIT_SCADA,1,"2019/08/22 02:30:00",MEADOWBK,34.124520
D,DISPATCH,UNIT_SCADA,1,"2019/08/22 02:30:00",MERCER01,124.4930
D,DISPATCH,UNIT_SCADA,1,"2019/08/22 02:30:00",MEWF1,73.4249
D,DISPATCH,UNIT_SCADA,1,"2019/08/22 02:30:00",MINTARO,0
D,DISPATCH,UNIT_SCADA,1,"2019/08/22 02:30:00",MOREESF1,0
D,DISPATCH,UNIT_SCADA,1,"2019/08/22 02:30:00",MORTLK11,0
D,DISPATCH,UNIT_SCADA,1,"2019/08/22 02:30:00",MORTLK12,0
D,DISPATCH,UNIT_SCADA,1,"2019/08/22 02:30:00",MP1,284.224980
D,DISPATCH,UNIT_SCADA,1,"2019/08/22 02:30:00",MP2,0
D,DISPATCH,UNIT_SCADA,1,"2019/08/22 02:30:00",MPP_1,410.50
D,DISPATCH,UNIT_SCADA,1,"2019/08/22 02:30:00",MPP_2,410.25
D,DISPATCH,UNIT_SCADA,1,"2019/08/22 02:30:00",MSTUART1,0
D,DISPATCH,UNIT_SCADA,1,"2019/08/22 02:30:00",MSTUART2,0
D,DISPATCH,UNIT_SCADA,1,"2019/08/22 02:30:00",MSTUART3,0
D,DISPATCH,UNIT_SCADA,1,"2019/08/22 02:30:00",MTGELWF1,64.015630
D,DISPATCH,UNIT_SCADA,1,"2019/08/22 02:30:00",MURRAY,0
D,DISPATCH,UNIT_SCADA,1,"2019/08/22 02:30:00",MUSSELR1,156.600010
D,DISPATCH,UNIT_SCADA,1,"2019/08/22 02:30:00",MUWAWF1,55.60
D,DISPATCH,UNIT_SCADA,1,"2019/08/22 02:30:00",NBHWF1,72.20
D,DISPATCH,UNIT_SCADA,1,"2019/08/22 02:30:00",NPS,0
D,DISPATCH,UNIT_SCADA,1,"2019/08/22 02:30:00",NUMURSF1,0
D,DISPATCH,UNIT_SCADA,1,"2019/08/22 02:30:00",NYNGAN1,0
D,DISPATCH,UNIT_SCADA,1,"2019/08/22 02:30:00",OAKEY1,0
D,DISPATCH,UNIT_SCADA,1,"2019/08/22 02:30:00",OAKEY1SF,0
D,DISPATCH,UNIT_SCADA,1,"2019/08/22 02:30:00",OAKEY2,0
D,DISPATCH,UNIT_SCADA,1,"2019/08/22 02:30:00",OAKLAND1,61.90
D,DISPATCH,UNIT_SCADA,1,"2019/08/22 02:30:00",OSB-AG,0
D,DISPATCH,UNIT_SCADA,1,"2019/08/22 02:30:00",PARSF1,0
D,DISPATCH,UNIT_SCADA,1,"2019/08/22 02:30:00",POAT110,0
D,DISPATCH,UNIT_SCADA,1,"2019/08/22 02:30:00",POAT220,3.81
D,DISPATCH,UNIT_SCADA,1,"2019/08/22 02:30:00",POR01,0
D,DISPATCH,UNIT_SCADA,1,"2019/08/22 02:30:00",POR03,0
D,DISPATCH,UNIT_SCADA,1,"2019/08/22 02:30:00",PPCCGT,173.5522
D,DISPATCH,UNIT_SCADA,1,"2019/08/22 02:30:00",PTSTAN1,0
D,DISPATCH,UNIT_SCADA,1,"2019/08/22 02:30:00",PUMP1,0
D,DISPATCH,UNIT_SCADA,1,"2019/08/22 02:30:00",PUMP2,0
D,DISPATCH,UNIT_SCADA,1,"2019/08/22 02:30:00",QPS1,0
D,DISPATCH,UNIT_SCADA,1,"2019/08/22 02:30:00",QPS2,0
D,DISPATCH,UNIT_SCADA,1,"2019/08/22 02:30:00",QPS3,0
D,DISPATCH,UNIT_SCADA,1,"2019/08/22 02:30:00",QPS4,0
D,DISPATCH,UNIT_SCADA,1,"2019/08/22 02:30:00",QPS5,0
D,DISPATCH,UNIT_SCADA,1,"2019/08/22 02:30:00",REECE1,119.510010
D,DISPATCH,UNIT_SCADA,1,"2019/08/22 02:30:00",REECE2,118.760010
D,DISPATCH,UNIT_SCADA,1,"2019/08/22 02:30:00",ROMA_7,0
D,DISPATCH,UNIT_SCADA,1,"2019/08/22 02:30:00",ROMA_8,0
D,DISPATCH,UNIT_SCADA,1,"2019/08/22 02:30:00",RRSF1,0
D,DISPATCH,UNIT_SCADA,1,"2019/08/22 02:30:00",RT_NSW1,0
D,DISPATCH,UNIT_SCADA,1,"2019/08/22 02:30:00",RT_NSW2,0
D,DISPATCH,UNIT_SCADA,1,"2019/08/22 02:30:00",RT_NSW3,0
D,DISPATCH,UNIT_SCADA,1,"2019/08/22 02:30:00",RT_NSW4,0
D,DISPATCH,UNIT_SCADA,1,"2019/08/22 02:30:00",RT_NSW5,0
D,DISPATCH,UNIT_SCADA,1,"2019/08/22 02:30:00",RT_NSW6,0
D,DISPATCH,UNIT_SCADA,1,"2019/08/22 02:30:00",RT_QLD1,0
D,DISPATCH,UNIT_SCADA,1,"2019/08/22 02:30:00",RT_SA1,0
D,DISPATCH,UNIT_SCADA,1,"2019/08/22 02:30:00",RT_SA2,0
D,DISPATCH,UNIT_SCADA,1,"2019/08/22 02:30:00",RT_SA3,0
D,DISPATCH,UNIT_SCADA,1,"2019/08/22 02:30:00",RT_SA4,0
D,DISPATCH,UNIT_SCADA,1,"2019/08/22 02:30:00",RT_SA5,0
D,DISPATCH,UNIT_SCADA,1,"2019/08/22 02:30:00",RT_SA6,0
D,DISPATCH,UNIT_SCADA,1,"2019/08/22 02:30:00",RT_TAS1,0
D,DISPATCH,UNIT_SCADA,1,"2019/08/22 02:30:00",RT_VIC1,0
D,DISPATCH,UNIT_SCADA,1,"2019/08/22 02:30:00",RT_VIC10,0
D,DISPATCH,UNIT_SCADA,1,"2019/08/22 02:30:00",RT_VIC11,0
D,DISPATCH,UNIT_SCADA,1,"2019/08/22 02:30:00",RT_VIC12,0
D,DISPATCH,UNIT_SCADA,1,"2019/08/22 02:30:00",RT_VIC2,0
D,DISPATCH,UNIT_SCADA,1,"2019/08/22 02:30:00",RT_VIC3,0
D,DISPATCH,UNIT_SCADA,1,"2019/08/22 02:30:00",RT_VIC4,0
D,DISPATCH,UNIT_SCADA,1,"2019/08/22 02:30:00",RT_VIC5,0
D,DISPATCH,UNIT_SCADA,1,"2019/08/22 02:30:00",RT_VIC6,0
D,DISPATCH,UNIT_SCADA,1,"2019/08/22 02:30:00",RT_VIC7,0
D,DISPATCH,UNIT_SCADA,1,"2019/08/22 02:30:00",RT_VIC8,0
D,DISPATCH,UNIT_SCADA,1,"2019/08/22 02:30:00",RT_VIC9,0
D,DISPATCH,UNIT_SCADA,1,"2019/08/22 02:30:00",RUGBYR1,0
D,DISPATCH,UNIT_SCADA,1,"2019/08/22 02:30:00",SALTCRK1,51.38
D,DISPATCH,UNIT_SCADA,1,"2019/08/22 02:30:00",SAPHWF1,206.634370
D,DISPATCH,UNIT_SCADA,1,"2019/08/22 02:30:00",SHGEN,0
D,DISPATCH,UNIT_SCADA,1,"2019/08/22 02:30:00",SHPUMP,121.742190
D,DISPATCH,UNIT_SCADA,1,"2019/08/22 02:30:00",SITHE01,0.123710
D,DISPATCH,UNIT_SCADA,1,"2019/08/22 02:30:00",SMCSF1,0
D,DISPATCH,UNIT_SCADA,1,"2019/08/22 02:30:00",SNOWNTH1,83.70
D,DISPATCH,UNIT_SCADA,1,"2019/08/22 02:30:00",SNOWSTH1,46.20
D,DISPATCH,UNIT_SCADA,1,"2019/08/22 02:30:00",SNOWTWN1,48.219140
D,DISPATCH,UNIT_SCADA,1,"2019/08/22 02:30:00",SNOWYP,189.70
D,DISPATCH,UNIT_SCADA,1,"2019/08/22 02:30:00",SNUG1,0.019440
D,DISPATCH,UNIT_SCADA,1,"2019/08/22 02:30:00",SRSF1,0.44
D,DISPATCH,UNIT_SCADA,1,"2019/08/22 02:30:00",STAN-1,0
D,DISPATCH,UNIT_SCADA,1,"2019/08/22 02:30:00",STAN-2,180.974520
D,DISPATCH,UNIT_SCADA,1,"2019/08/22 02:30:00",STAN-3,222.068390
D,DISPATCH,UNIT_SCADA,1,"2019/08/22 02:30:00",STAN-4,192.959170
D,DISPATCH,UNIT_SCADA,1,"2019/08/22 02:30:00",STWF1,189.0675
D,DISPATCH,UNIT_SCADA,1,"2019/08/22 02:30:00",SWAN_E,0
D,DISPATCH,UNIT_SCADA,1,"2019/08/22 02:30:00",TALWA1,190
D,DISPATCH,UNIT_SCADA,1,"2019/08/22 02:30:00",TARALGA1,23.156250
D,DISPATCH,UNIT_SCADA,1,"2019/08/22 02:30:00",TARONG#1,281.200010
D,DISPATCH,UNIT_SCADA,1,"2019/08/22 02:30:00",TARONG#2,225
D,DISPATCH,UNIT_SCADA,1,"2019/08/22 02:30:00",TARONG#3,261.50
D,DISPATCH,UNIT_SCADA,1,"2019/08/22 02:30:00",TARONG#4,280.600010
D,DISPATCH,UNIT_SCADA,1,"2019/08/22 02:30:00",TARRALEA,83.80
D,DISPATCH,UNIT_SCADA,1,"2019/08/22 02:30:00",TBSF1,-0.20
D,DISPATCH,UNIT_SCADA,1,"2019/08/22 02:30:00",TNPS1,399.400020
D,DISPATCH,UNIT_SCADA,1,"2019/08/22 02:30:00",TORRA1,42.166460
D,DISPATCH,UNIT_SCADA,1,"2019/08/22 02:30:00",TORRA2,0
D,DISPATCH,UNIT_SCADA,1,"2019/08/22 02:30:00",TORRA3,0
D,DISPATCH,UNIT_SCADA,1,"2019/08/22 02:30:00",TORRA4,0
D,DISPATCH,UNIT_SCADA,1,"2019/08/22 02:30:00",TORRB1,41.49
D,DISPATCH,UNIT_SCADA,1,"2019/08/22 02:30:00",TORRB2,40.16
D,DISPATCH,UNIT_SCADA,1,"2019/08/22 02:30:00",TORRB3,0
D,DISPATCH,UNIT_SCADA,1,"2019/08/22 02:30:00",TORRB4,0
D,DISPATCH,UNIT_SCADA,1,"2019/08/22 02:30:00",TREVALLN,1.30
D,DISPATCH,UNIT_SCADA,1,"2019/08/22 02:30:00",TRIBUTE,45.18
D,DISPATCH,UNIT_SCADA,1,"2019/08/22 02:30:00",TUMUT3,0
D,DISPATCH,UNIT_SCADA,1,"2019/08/22 02:30:00",TUNGATIN,4.30
D,DISPATCH,UNIT_SCADA,1,"2019/08/22 02:30:00",TVCC201,0
D,DISPATCH,UNIT_SCADA,1,"2019/08/22 02:30:00",TVPP104,0
D,DISPATCH,UNIT_SCADA,1,"2019/08/22 02:30:00",UPPTUMUT,0
D,DISPATCH,UNIT_SCADA,1,"2019/08/22 02:30:00",URANQ11,0
D,DISPATCH,UNIT_SCADA,1,"2019/08/22 02:30:00",URANQ12,0
D,DISPATCH,UNIT_SCADA,1,"2019/08/22 02:30:00",URANQ13,0
D,DISPATCH,UNIT_SCADA,1,"2019/08/22 02:30:00",URANQ14,0
D,DISPATCH,UNIT_SCADA,1,"2019/08/22 02:30:00",VP5,292.024990
D,DISPATCH,UNIT_SCADA,1,"2019/08/22 02:30:00",VP6,284.600010
D,DISPATCH,UNIT_SCADA,1,"2019/08/22 02:30:00",VPGS1,0
D,DISPATCH,UNIT_SCADA,1,"2019/08/22 02:30:00",VPGS2,0
D,DISPATCH,UNIT_SCADA,1,"2019/08/22 02:30:00",VPGS3,0
D,DISPATCH,UNIT_SCADA,1,"2019/08/22 02:30:00",VPGS4,0
D,DISPATCH,UNIT_SCADA,1,"2019/08/22 02:30:00",VPGS5,0
D,DISPATCH,UNIT_SCADA,1,"2019/08/22 02:30:00",VPGS6,0
D,DISPATCH,UNIT_SCADA,1,"2019/08/22 02:30:00",W/HOE#1,0
D,DISPATCH,UNIT_SCADA,1,"2019/08/22 02:30:00",W/HOE#2,0
D,DISPATCH,UNIT_SCADA,1,"2019/08/22 02:30:00",WATERLWF,111.40
D,DISPATCH,UNIT_SCADA,1,"2019/08/22 02:30:00",WEMENSF1,0
D,DISPATCH,UNIT_SCADA,1,"2019/08/22 02:30:00",WGWF1,68.70
D,DISPATCH,UNIT_SCADA,1,"2019/08/22 02:30:00",WHITSF1,0
D,DISPATCH,UNIT_SCADA,1,"2019/08/22 02:30:00",WKIEWA1,30.50
D,DISPATCH,UNIT_SCADA,1,"2019/08/22 02:30:00",WKIEWA2,30.70
D,DISPATCH,UNIT_SCADA,1,"2019/08/22 02:30:00",WOODLWN1,44.639980
D,DISPATCH,UNIT_SCADA,1,"2019/08/22 02:30:00",WRSF1,0
D,DISPATCH,UNIT_SCADA,1,"2019/08/22 02:30:00",WRWF1,149.069990
D,DISPATCH,UNIT_SCADA,1,"2019/08/22 02:30:00",YABULU,0
D,DISPATCH,UNIT_SCADA,1,"2019/08/22 02:30:00",YABULU2,0
D,DISPATCH,UNIT_SCADA,1,"2019/08/22 02:30:00",YARWUN_1,0
D,DISPATCH,UNIT_SCADA,1,"2019/08/22 02:30:00",YENDWF1,42.18
D,DISPATCH,UNIT_SCADA,1,"2019/08/22 02:30:00",YWPS1,379.698730
D,DISPATCH,UNIT_SCADA,1,"2019/08/22 02:30:00",YWPS2,284.207580
D,DISPATCH,UNIT_SCADA,1,"2019/08/22 02:30:00",YWPS3,0
D,DISPATCH,UNIT_SCADA,1,"2019/08/22 02:30:00",YWPS4,396.931640
C,"END OF REPORT",334
