C,NEMP.WORLD,DISPATCHSCADA,AEMO,PUBLIC,2019/08/23,05:55:08,0000000311895548,DISPATCHSCADA,0000000311895542
I,DISPATCH,UNIT_SCADA,1,SETTLEMENTDATE,DUID,SCADAVALUE
D,DISPATCH,UNIT_SCADA,1,"2019/08/23 06:00:00",BARCSF1,0
D,DISPATCH,UNIT_SCADA,1,"2019/08/23 06:00:00",BUTLERSG,9.699999
D,DISPATCH,UNIT_SCADA,1,"2019/08/23 06:00:00",CALL_A_4,0
D,DISPATCH,UNIT_SCADA,1,"2019/08/23 06:00:00",CAPTL_WF,0
D,DISPATCH,UNIT_SCADA,1,"2019/08/23 06:00:00",CATHROCK,52.529999
D,DISPATCH,UNIT_SCADA,1,"2019/08/23 06:00:00",CHALLHWF,0
D,DISPATCH,UNIT_SCADA,1,"2019/08/23 06:00:00",CLOVER,-0.01
D,DISPATCH,UNIT_SCADA,1,"2019/08/23 06:00:00",CLUNY,20.273289
D,DISPATCH,UNIT_SCADA,1,"2019/08/23 06:00:00",CNUNDAWF,5.206073
D,DISPATCH,UNIT_SCADA,1,"2019/08/23 06:00:00",CULLRGWF,6.11
D,DISPATCH,UNIT_SCADA,1,"2019/08/23 06:00:00",ERGT01,0
D,DISPATCH,UNIT_SCADA,1,"2019/08/23 06:00:00",GB01,0.060093
D,DISPATCH,UNIT_SCADA,1,"2019/08/23 06:00:00",GERMCRK,37.50
D,DISPATCH,UNIT_SCADA,1,"2019/08/23 06:00:00",GRIFSF1,0
D,DISPATCH,UNIT_SCADA,1,"2019/08/23 06:00:00",HUGSF1,-0.2370
D,DISPATCH,UNIT_SCADA,1,"2019/08/23 06:00:00",LKBONNY1,5.715799
D,DISPATCH,UNIT_SCADA,1,"2019/08/23 06:00:00",LRSF1,-0.0130
D,DISPATCH,UNIT_SCADA,1,"2019/08/23 06:00:00",MBAHNTH,55.631256
D,DISPATCH,UNIT_SCADA,1,"2019/08/23 06:00:00",MLSP1,0.180001
D,DISPATCH,UNIT_SCADA,1,"2019/08/23 06:00:00",MLWF1,1.74
D,DISPATCH,UNIT_SCADA,1,"2019/08/23 06:00:00",MTMILLAR,18.893490
D,DISPATCH,UNIT_SCADA,1,"2019/08/23 06:00:00",PALOONA,23.789999
D,DISPATCH,UNIT_SCADA,1,"2019/08/23 06:00:00",PIONEER,48.799999
D,DISPATCH,UNIT_SCADA,1,"2019/08/23 06:00:00",PORTWF,38.099998
D,DISPATCH,UNIT_SCADA,1,"2019/08/23 06:00:00",REPULSE,28.669260
D,DISPATCH,UNIT_SCADA,1,"2019/08/23 06:00:00",ROWALLAN,10.3731
D,DISPATCH,UNIT_SCADA,1,"2019/08/23 06:00:00",ROYALLA1,0
D,DISPATCH,UNIT_SCADA,1,"2019/08/23 06:00:00",RPCG,12.60
D,DISPATCH,UNIT_SCADA,1,"2019/08/23 06:00:00",RUBICON,0
D,DISPATCH,UNIT_SCADA,1,"2019/08/23 06:00:00",SATGN1,0
D,DISPATCH,UNIT_SCADA,1,"2019/08/23 06:00:00",SATGS1,0
D,DISPATCH,UNIT_SCADA,1,"2019/08/23 06:00:00",STARHLWF,3.798892
D,DISPATCH,UNIT_SCADA,1,"2019/08/23 06:00:00",WAUBRAWF,0
D,DISPATCH,UNIT_SCADA,1,"2019/08/23 06:00:00",WOOLNTH1,34.440018
D,DISPATCH,UNIT_SCADA,1,"2019/08/23 06:00:00",WPWF,15
D,DISPATCH,UNIT_SCADA,1,"2019/08/23 06:00:00",YAMBUKWF,2.70
D,DISPATCH,UNIT_SCADA,1,"2019/08/23 06:00:00",YSWF1,1.30
D,DISPATCH,UNIT_SCADA,1,"2019/08/23 06:00:00",AGLHAL,0
D,DISPATCH,UNIT_SCADA,1,"2019/08/23 06:00:00",AGLSOM,0
D,DISPATCH,UNIT_SCADA,1,"2019/08/23 06:00:00",ANGAST1,0
D,DISPATCH,UNIT_SCADA,1,"2019/08/23 06:00:00",ARWF1,-1.40
D,DISPATCH,UNIT_SCADA,1,"2019/08/23 06:00:00",BALBG1,0
D,DISPATCH,UNIT_SCADA,1,"2019/08/23 06:00:00",BALBL1,0
D,DISPATCH,UNIT_SCADA,1,"2019/08/23 06:00:00",BALDHWF1,12.3830
D,DISPATCH,UNIT_SCADA,1,"2019/08/23 06:00:00",BANN1,0
D,DISPATCH,UNIT_SCADA,1,"2019/08/23 06:00:00",BARCALDN,0
D,DISPATCH,UNIT_SCADA,1,"2019/08/23 06:00:00",BARRON-1,0
D,DISPATCH,UNIT_SCADA,1,"2019/08/23 06:00:00",BARRON-2,16.12
D,DISPATCH,UNIT_SCADA,1,"2019/08/23 06:00:00",BASTYAN,77.88
D,DISPATCH,UNIT_SCADA,1,"2019/08/23 06:00:00",BBTHREE1,-1.87
D,DISPATCH,UNIT_SCADA,1,"2019/08/23 06:00:00",BBTHREE2,-1.91
D,DISPATCH,UNIT_SCADA,1,"2019/08/23 06:00:00",BBTHREE3,0
D,DISPATCH,UNIT_SCADA,1,"2019/08/23 06:00:00",BDL01,0
D,DISPATCH,UNIT_SCADA,1,"2019/08/23 06:00:00",BDL02,0
D,DISPATCH,UNIT_SCADA,1,"2019/08/23 06:00:00",BERYLSF1,-0.179440
D,DISPATCH,UNIT_SCADA,1,"2019/08/23 06:00:00",BLOWERNG,0
D,DISPATCH,UNIT_SCADA,1,"2019/08/23 06:00:00",BLUFF1,4.80
D,DISPATCH,UNIT_SCADA,1,"2019/08/23 06:00:00",BNGSF1,0
D,DISPATCH,UNIT_SCADA,1,"2019/08/23 06:00:00",BNGSF2,0
D,DISPATCH,UNIT_SCADA,1,"2019/08/23 06:00:00",BOCORWF1,3.73
D,DISPATCH,UNIT_SCADA,1,"2019/08/23 06:00:00",BODWF1,42.341460
D,DISPATCH,UNIT_SCADA,1,"2019/08/23 06:00:00",BRAEMAR1,0
D,DISPATCH,UNIT_SCADA,1,"2019/08/23 06:00:00",BRAEMAR2,0
D,DISPATCH,UNIT_SCADA,1,"2019/08/23 06:00:00",BRAEMAR3,0
D,DISPATCH,UNIT_SCADA,1,"2019/08/23 06:00:00",BRAEMAR5,0
D,DISPATCH,UNIT_SCADA,1,"2019/08/23 06:00:00",BRAEMAR6,109.753760
D,DISPATCH,UNIT_SCADA,1,"2019/08/23 06:00:00",BRAEMAR7,0
D,DISPATCH,UNIT_SCADA,1,"2019/08/23 06:00:00",BROKENH1,0
D,DISPATCH,UNIT_SCADA,1,"2019/08/23 06:00:00",BW01,646.424930
D,DISPATCH,UNIT_SCADA,1,"2019/08/23 06:00:00",BW02,652.6250
D,DISPATCH,UNIT_SCADA,1,"2019/08/23 06:00:00",BW03,650.6250
D,DISPATCH,UNIT_SCADA,1,"2019/08/23 06:00:00",BW04,0
D,DISPATCH,UNIT_SCADA,1,"2019/08/23 06:00:00",CALL_B_1,350.200010
D,DISPATCH,UNIT_SCADA,1,"2019/08/23 06:00:00",CALL_B_2,348.50
D,DISPATCH,UNIT_SCADA,1,"2019/08/23 06:00:00",CETHANA,96.9870
D,DISPATCH,UNIT_SCADA,1,"2019/08/23 06:00:00",CG1,0
D,DISPATCH,UNIT_SCADA,1,"2019/08/23 06:00:00",CG2,0
D,DISPATCH,UNIT_SCADA,1,"2019/08/23 06:00:00",CG3,0
D,DISPATCH,UNIT_SCADA,1,"2019/08/23 06:00:00",CG4,0
D,DISPATCH,UNIT_SCADA,1,"2019/08/23 06:00:00",CHILDSF1,0
D,DISPATCH,UNIT_SCADA,1,"2019/08/23 06:00:00",CLARESF1,0
D,DISPATCH,UNIT_SCADA,1,"2019/08/23 06:00:00",CLEMGPWF,27.445340
D,DISPATCH,UNIT_SCADA,1,"2019/08/23 06:00:00",CLERMSF1,0
D,DISPATCH,UNIT_SCADA,1,"2019/08/23 06:00:00",COLEASF1,0
D,DISPATCH,UNIT_SCADA,1,"2019/08/23 06:00:00",COOPGWF1,22.394330
D,DISPATCH,UNIT_SCADA,1,"2019/08/23 06:00:00",CPP_3,404.800020
D,DISPATCH,UNIT_SCADA,1,"2019/08/23 06:00:00",CPP_4,407
D,DISPATCH,UNIT_SCADA,1,"2019/08/23 06:00:00",CPSA,142.445630
D,DISPATCH,UNIT_SCADA,1,"2019/08/23 06:00:00",CROOKWF2,0.9150
D,DISPATCH,UNIT_SCADA,1,"2019/08/23 06:00:00",CROWLWF1,-0.202590
D,DISPATCH,UNIT_SCADA,1,"2019/08/23 06:00:00",CSPVPS1,0
D,DISPATCH,UNIT_SCADA,1,"2019/08/23 06:00:00",DALNTH01,0
D,DISPATCH,UNIT_SCADA,1,"2019/08/23 06:00:00",DALNTHL1,0.062560
D,DISPATCH,UNIT_SCADA,1,"2019/08/23 06:00:00",DARTM1,134.30
D,DISPATCH,UNIT_SCADA,1,"2019/08/23 06:00:00",DAYDSF1,0
D,DISPATCH,UNIT_SCADA,1,"2019/08/23 06:00:00",DDPS1,287.2663
D,DISPATCH,UNIT_SCADA,1,"2019/08/23 06:00:00",DDSF1,0
D,DISPATCH,UNIT_SCADA,1,"2019/08/23 06:00:00",DEVILS_G,0
D,DISPATCH,UNIT_SCADA,1,"2019/08/23 06:00:00",DG_NSW1,0
D,DISPATCH,UNIT_SCADA,1,"2019/08/23 06:00:00",DG_QLD1,0
D,DISPATCH,UNIT_SCADA,1,"2019/08/23 06:00:00",DG_SA1,0
D,DISPATCH,UNIT_SCADA,1,"2019/08/23 06:00:00",DG_TAS1,0
D,DISPATCH,UNIT_SCADA,1,"2019/08/23 06:00:00",DG_VIC1,0
D,DISPATCH,UNIT_SCADA,1,"2019/08/23 06:00:00",DRYCGT1,0
D,DISPATCH,UNIT_SCADA,1,"2019/08/23 06:00:00",DRYCGT2,0
D,DISPATCH,UNIT_SCADA,1,"2019/08/23 06:00:00",DRYCGT3,0
D,DISPATCH,UNIT_SCADA,1,"2019/08/23 06:00:00",EILDON1,0
D,DISPATCH,UNIT_SCADA,1,"2019/08/23 06:00:00",EILDON2,0
D,DISPATCH,UNIT_SCADA,1,"2019/08/23 06:00:00",EMERASF1,0
D,DISPATCH,UNIT_SCADA,1,"2019/08/23 06:00:00",ER01,592.675050
D,DISPATCH,UNIT_SCADA,1,"2019/08/23 06:00:00",ER02,697.449950
D,DISPATCH,UNIT_SCADA,1,"2019/08/23 06:00:00",ER03,672.424930
D,DISPATCH,UNIT_SCADA,1,"2019/08/23 06:00:00",ER04,699.275020
D,DISPATCH,UNIT_SCADA,1,"2019/08/23 06:00:00",FINLYSF1,0
D,DISPATCH,UNIT_SCADA,1,"2019/08/23 06:00:00",FISHER,45.87
D,DISPATCH,UNIT_SCADA,1,"2019/08/23 06:00:00",GANNBG1,0
D,DISPATCH,UNIT_SCADA,1,"2019/08/23 06:00:00",GANNBL1,0.027760
D,DISPATCH,UNIT_SCADA,1,"2019/08/23 06:00:00",GANNSF1,0
D,DISPATCH,UNIT_SCADA,1,"2019/08/23 06:00:00",GORDON,200.347840
D,DISPATCH,UNIT_SCADA,1,"2019/08/23 06:00:00",GSTONE1,240.6250
D,DISPATCH,UNIT_SCADA,1,"2019/08/23 06:00:00",GSTONE2,226.274990
D,DISPATCH,UNIT_SCADA,1,"2019/08/23 06:00:00",GSTONE3,242.724990
D,DISPATCH,UNIT_SCADA,1,"2019/08/23 06:00:00",GSTONE4,242.20
D,DISPATCH,UNIT_SCADA,1,"2019/08/23 06:00:00",GSTONE5,239.9250
D,DISPATCH,UNIT_SCADA,1,"2019/08/23 06:00:00",GSTONE6,0
D,DISPATCH,UNIT_SCADA,1,"2019/08/23 06:00:00",GULLRSF1,0
D,DISPATCH,UNIT_SCADA,1,"2019/08/23 06:00:00",GULLRWF1,30.340180
D,DISPATCH,UNIT_SCADA,1,"2019/08/23 06:00:00",GUNNING1,10.411440
D,DISPATCH,UNIT_SCADA,1,"2019/08/23 06:00:00",GUTHEGA,0
D,DISPATCH,UNIT_SCADA,1,"2019/08/23 06:00:00",HALLWF1,23.25
D,DISPATCH,UNIT_SCADA,1,"2019/08/23 06:00:00",HALLWF2,13.94
D,DISPATCH,UNIT_SCADA,1,"2019/08/23 06:00:00",HAMISF1,0
D,DISPATCH,UNIT_SCADA,1,"2019/08/23 06:00:00",HAUGHT11,0
D,DISPATCH,UNIT_SCADA,1,"2019/08/23 06:00:00",HAYMSF1,0
D,DISPATCH,UNIT_SCADA,1,"2019/08/23 06:00:00",HDWF1,37.70
D,DISPATCH,UNIT_SCADA,1,"2019/08/23 06:00:00",HDWF2,44.20
D,DISPATCH,UNIT_SCADA,1,"2019/08/23 06:00:00",HDWF3,35.50
D,DISPATCH,UNIT_SCADA,1,"2019/08/23 06:00:00",HPRG1,1
D,DISPATCH,UNIT_SCADA,1,"2019/08/23 06:00:00",HPRL1,0
D,DISPATCH,UNIT_SCADA,1,"2019/08/23 06:00:00",HUMENSW,0
D,DISPATCH,UNIT_SCADA,1,"2019/08/23 06:00:00",HUMEV,8.70
D,DISPATCH,UNIT_SCADA,1,"2019/08/23 06:00:00",HVGTS,0
D,DISPATCH,UNIT_SCADA,1,"2019/08/23 06:00:00",JBUTTERS,141.03
D,DISPATCH,UNIT_SCADA,1,"2019/08/23 06:00:00",JLA01,0.10
D,DISPATCH,UNIT_SCADA,1,"2019/08/23 06:00:00",JLA02,0
D,DISPATCH,UNIT_SCADA,1,"2019/08/23 06:00:00",JLA03,0.10
D,DISPATCH,UNIT_SCADA,1,"2019/08/23 06:00:00",JLA04,0.10
D,DISPATCH,UNIT_SCADA,1,"2019/08/23 06:00:00",JLB01,0
D,DISPATCH,UNIT_SCADA,1,"2019/08/23 06:00:00",JLB02,0.10
D,DISPATCH,UNIT_SCADA,1,"2019/08/23 06:00:00",JLB03,0
D,DISPATCH,UNIT_SCADA,1,"2019/08/23 06:00:00",KAREEYA1,21.51
D,DISPATCH,UNIT_SCADA,1,"2019/08/23 06:00:00",KAREEYA2,21.6975
D,DISPATCH,UNIT_SCADA,1,"2019/08/23 06:00:00",KAREEYA3,0
D,DISPATCH,UNIT_SCADA,1,"2019/08/23 06:00:00",KAREEYA4,21.6950
D,DISPATCH,UNIT_SCADA,1,"2019/08/23 06:00:00",KARSF1,0
D,DISPATCH,UNIT_SCADA,1,"2019/08/23 06:00:00",KIATAWF1,3.10
D,DISPATCH,UNIT_SCADA,1,"2019/08/23 06:00:00",KPP_1,0
D,DISPATCH,UNIT_SCADA,1,"2019/08/23 06:00:00",KSP1,0
D,DISPATCH,UNIT_SCADA,1,"2019/08/23 06:00:00",LADBROK1,0
D,DISPATCH,UNIT_SCADA,1,"2019/08/23 06:00:00",LADBROK2,0
D,DISPATCH,UNIT_SCADA,1,"2019/08/23 06:00:00",LD01,352.237520
D,DISPATCH,UNIT_SCADA,1,"2019/08/23 06:00:00",LD02,300.487520
D,DISPATCH,UNIT_SCADA,1,"2019/08/23 06:00:00",LD03,370.6312
D,DISPATCH,UNIT_SCADA,1,"2019/08/23 06:00:00",LD04,350.531250
D,DISPATCH,UNIT_SCADA,1,"2019/08/23 06:00:00",LEM_WIL,86.061140
D,DISPATCH,UNIT_SCADA,1,"2019/08/23 06:00:00",LGAPWF1,11.48
D,DISPATCH,UNIT_SCADA,1,"2019/08/23 06:00:00",LILYSF1,0
D,DISPATCH,UNIT_SCADA,1,"2019/08/23 06:00:00",LI_WY_CA,149.920840
D,DISPATCH,UNIT_SCADA,1,"2019/08/23 06:00:00",LKBONNY2,14.646730
D,DISPATCH,UNIT_SCADA,1,"2019/08/23 06:00:00",LKBONNY3,2.623630
D,DISPATCH,UNIT_SCADA,1,"2019/08/23 06:00:00",LK_ECHO,0
D,DISPATCH,UNIT_SCADA,1,"2019/08/23 06:00:00",LNGS1,0
D,DISPATCH,UNIT_SCADA,1,"2019/08/23 06:00:00",LNGS2,0
D,DISPATCH,UNIT_SCADA,1,"2019/08/23 06:00:00",LONSDALE,0
D,DISPATCH,UNIT_SCADA,1,"2019/08/23 06:00:00",LOYYB1,535.712650
D,DISPATCH,UNIT_SCADA,1,"2019/08/23 06:00:00",LOYYB2,583.458250
D,DISPATCH,UNIT_SCADA,1,"2019/08/23 06:00:00",LYA1,560
D,DISPATCH,UNIT_SCADA,1,"2019/08/23 06:00:00",LYA2,0
D,DISPATCH,UNIT_SCADA,1,"2019/08/23 06:00:00",LYA3,560
D,DISPATCH,UNIT_SCADA,1,"2019/08/23 06:00:00",LYA4,540
D,DISPATCH,UNIT_SCADA,1,"2019/08/23 06:00:00",MACARTH1,34.7992
D,DISPATCH,UNIT_SCADA,1,"2019/08/23 06:00:00",MACKAYGT,0
D,DISPATCH,UNIT_SCADA,1,"2019/08/23 06:00:00",MACKNTSH,87.34
D,DISPATCH,UNIT_SCADA,1,"2019/08/23 06:00:00",MANSLR1,0
D,DISPATCH,UNIT_SCADA,1,"2019/08/23 06:00:00",MCKAY1,0.02
D,DISPATCH,UNIT_SCADA,1,"2019/08/23 06:00:00",MEADOWBK,33.895880
D,DISPATCH,UNIT_SCADA,1,"2019/08/23 06:00:00",MERCER01,5.16
D,DISPATCH,UNIT_SCADA,1,"2019/08/23 06:00:00",MEWF1,64.749570
D,DISPATCH,UNIT_SCADA,1,"2019/08/23 06:00:00",MINTARO,0
D,DISPATCH,UNIT_SCADA,1,"2019/08/23 06:00:00",MOREESF1,0
D,DISPATCH,UNIT_SCADA,1,"2019/08/23 06:00:00",MORTLK11,259
D,DISPATCH,UNIT_SCADA,1,"2019/08/23 06:00:00",MORTLK12,0
D,DISPATCH,UNIT_SCADA,1,"2019/08/23 06:00:00",MP1,278.3750
D,DISPATCH,UNIT_SCADA,1,"2019/08/23 06:00:00",MP2,0
D,DISPATCH,UNIT_SCADA,1,"2019/08/23 06:00:00",MPP_1,375.50
D,DISPATCH,UNIT_SCADA,1,"2019/08/23 06:00:00",MPP_2,435.25
D,DISPATCH,UNIT_SCADA,1,"2019/08/23 06:00:00",MSTUART1,0
D,DISPATCH,UNIT_SCADA,1,"2019/08/23 06:00:00",MSTUART2,0
D,DISPATCH,UNIT_SCADA,1,"2019/08/23 06:00:00",MSTUART3,0
D,DISPATCH,UNIT_SCADA,1,"2019/08/23 06:00:00",MTGELWF1,4.434340
D,DISPATCH,UNIT_SCADA,1,"2019/08/23 06:00:00",MURRAY,241.245510
D,DISPATCH,UNIT_SCADA,1,"2019/08/23 06:00:00",MUSSELR1,69.10
D,DISPATCH,UNIT_SCADA,1,"2019/08/23 06:00:00",MUWAWF1,-0.11
D,DISPATCH,UNIT_SCADA,1,"2019/08/23 06:00:00",NBHWF1,29.60
D,DISPATCH,UNIT_SCADA,1,"2019/08/23 06:00:00",NPS,204.75
D,DISPATCH,UNIT_SCADA,1,"2019/08/23 06:00:00",NUMURSF1,0
D,DISPATCH,UNIT_SCADA,1,"2019/08/23 06:00:00",NYNGAN1,0
D,DISPATCH,UNIT_SCADA,1,"2019/08/23 06:00:00",OAKEY1,0
D,DISPATCH,UNIT_SCADA,1,"2019/08/23 06:00:00",OAKEY1SF,0
D,DISPATCH,UNIT_SCADA,1,"2019/08/23 06:00:00",OAKEY2,0
D,DISPATCH,UNIT_SCADA,1,"2019/08/23 06:00:00",OAKLAND1,-0.30
D,DISPATCH,UNIT_SCADA,1,"2019/08/23 06:00:00",OSB-AG,163.61
D,DISPATCH,UNIT_SCADA,1,"2019/08/23 06:00:00",PARSF1,0
D,DISPATCH,UNIT_SCADA,1,"2019/08/23 06:00:00",POAT110,0
D,DISPATCH,UNIT_SCADA,1,"2019/08/23 06:00:00",POAT220,66.80
D,DISPATCH,UNIT_SCADA,1,"2019/08/23 06:00:00",POR01,0
D,DISPATCH,UNIT_SCADA,1,"2019/08/23 06:00:00",POR03,0
D,DISPATCH,UNIT_SCADA,1,"2019/08/23 06:00:00",PPCCGT,497.024660
D,DISPATCH,UNIT_SCADA,1,"2019/08/23 06:00:00",PTSTAN1,0
D,DISPATCH,UNIT_SCADA,1,"2019/08/23 06:00:00",PUMP1,0
D,DISPATCH,UNIT_SCADA,1,"2019/08/23 06:00:00",PUMP2,0
D,DISPATCH,UNIT_SCADA,1,"2019/08/23 06:00:00",QPS1,0
D,DISPATCH,UNIT_SCADA,1,"2019/08/23 06:00:00",QPS2,0
D,DISPATCH,UNIT_SCADA,1,"2019/08/23 06:00:00",QPS3,0
D,DISPATCH,UNIT_SCADA,1,"2019/08/23 06:00:00",QPS4,0
D,DISPATCH,UNIT_SCADA,1,"2019/08/23 06:00:00",QPS5,0
D,DISPATCH,UNIT_SCADA,1,"2019/08/23 06:00:00",REECE1,118.780010
D,DISPATCH,UNIT_SCADA,1,"2019/08/23 06:00:00",REECE2,118.500010
D,DISPATCH,UNIT_SCADA,1,"2019/08/23 06:00:00",ROMA_7,0
D,DISPATCH,UNIT_SCADA,1,"2019/08/23 06:00:00",ROMA_8,0
D,DISPATCH,UNIT_SCADA,1,"2019/08/23 06:00:00",RRSF1,0
D,DISPATCH,UNIT_SCADA,1,"2019/08/23 06:00:00",RT_NSW1,0
D,DISPATCH,UNIT_SCADA,1,"2019/08/23 06:00:00",RT_NSW2,0
D,DISPATCH,UNIT_SCADA,1,"2019/08/23 06:00:00",RT_NSW3,0
D,DISPATCH,UNIT_SCADA,1,"2019/08/23 06:00:00",RT_NSW4,0
D,DISPATCH,UNIT_SCADA,1,"2019/08/23 06:00:00",RT_NSW5,0
D,DISPATCH,UNIT_SCADA,1,"2019/08/23 06:00:00",RT_NSW6,0
D,DISPATCH,UNIT_SCADA,1,"2019/08/23 06:00:00",RT_QLD1,0
D,DISPATCH,UNIT_SCADA,1,"2019/08/23 06:00:00",RT_SA1,0
D,DISPATCH,UNIT_SCADA,1,"2019/08/23 06:00:00",RT_SA2,0
D,DISPATCH,UNIT_SCADA,1,"2019/08/23 06:00:00",RT_SA3,0
D,DISPATCH,UNIT_SCADA,1,"2019/08/23 06:00:00",RT_SA4,0
D,DISPATCH,UNIT_SCADA,1,"2019/08/23 06:00:00",RT_SA5,0
D,DISPATCH,UNIT_SCADA,1,"2019/08/23 06:00:00",RT_SA6,0
D,DISPATCH,UNIT_SCADA,1,"2019/08/23 06:00:00",RT_TAS1,0
D,DISPATCH,UNIT_SCADA,1,"2019/08/23 06:00:00",RT_VIC1,0
D,DISPATCH,UNIT_SCADA,1,"2019/08/23 06:00:00",RT_VIC10,0
D,DISPATCH,UNIT_SCADA,1,"2019/08/23 06:00:00",RT_VIC11,0
D,DISPATCH,UNIT_SCADA,1,"2019/08/23 06:00:00",RT_VIC12,0
D,DISPATCH,UNIT_SCADA,1,"2019/08/23 06:00:00",RT_VIC2,0
D,DISPATCH,UNIT_SCADA,1,"2019/08/23 06:00:00",RT_VIC3,0
D,DISPATCH,UNIT_SCADA,1,"2019/08/23 06:00:00",RT_VIC4,0
D,DISPATCH,UNIT_SCADA,1,"2019/08/23 06:00:00",RT_VIC5,0
D,DISPATCH,UNIT_SCADA,1,"2019/08/23 06:00:00",RT_VIC6,0
D,DISPATCH,UNIT_SCADA,1,"2019/08/23 06:00:00",RT_VIC7,0
D,DISPATCH,UNIT_SCADA,1,"2019/08/23 06:00:00",RT_VIC8,0
D,DISPATCH,UNIT_SCADA,1,"2019/08/23 06:00:00",RT_VIC9,0
D,DISPATCH,UNIT_SCADA,1,"2019/08/23 06:00:00",RUGBYR1,0
D,DISPATCH,UNIT_SCADA,1,"2019/08/23 06:00:00",SALTCRK1,2.55
D,DISPATCH,UNIT_SCADA,1,"2019/08/23 06:00:00",SAPHWF1,44.259370
D,DISPATCH,UNIT_SCADA,1,"2019/08/23 06:00:00",SHGEN,0
D,DISPATCH,UNIT_SCADA,1,"2019/08/23 06:00:00",SHPUMP,0
D,DISPATCH,UNIT_SCADA,1,"2019/08/23 06:00:00",SITHE01,0.244290
D,DISPATCH,UNIT_SCADA,1,"2019/08/23 06:00:00",SMCSF1,0
D,DISPATCH,UNIT_SCADA,1,"2019/08/23 06:00:00",SNOWNTH1,80
D,DISPATCH,UNIT_SCADA,1,"2019/08/23 06:00:00",SNOWSTH1,22.30
D,DISPATCH,UNIT_SCADA,1,"2019/08/23 06:00:00",SNOWTWN1,61.579090
D,DISPATCH,UNIT_SCADA,1,"2019/08/23 06:00:00",SNOWYP,0
D,DISPATCH,UNIT_SCADA,1,"2019/08/23 06:00:00",SNUG1,0.019440
D,DISPATCH,UNIT_SCADA,1,"2019/08/23 06:00:00",SRSF1,0
D,DISPATCH,UNIT_SCADA,1,"2019/08/23 06:00:00",STAN-1,0
D,DISPATCH,UNIT_SCADA,1,"2019/08/23 06:00:00",STAN-2,228.6311
D,DISPATCH,UNIT_SCADA,1,"2019/08/23 06:00:00",STAN-3,228.836180
D,DISPATCH,UNIT_SCADA,1,"2019/08/23 06:00:00",STAN-4,228.1953
D,DISPATCH,UNIT_SCADA,1,"2019/08/23 06:00:00",STWF1,153.0675
D,DISPATCH,UNIT_SCADA,1,"2019/08/23 06:00:00",SWAN_E,0
D,DISPATCH,UNIT_SCADA,1,"2019/08/23 06:00:00",TALWA1,419
D,DISPATCH,UNIT_SCADA,1,"2019/08/23 06:00:00",TARALGA1,0
D,DISPATCH,UNIT_SCADA,1,"2019/08/23 06:00:00",TARONG#1,275.800020
D,DISPATCH,UNIT_SCADA,1,"2019/08/23 06:00:00",TARONG#2,180.70
D,DISPATCH,UNIT_SCADA,1,"2019/08/23 06:00:00",TARONG#3,246.20
D,DISPATCH,UNIT_SCADA,1,"2019/08/23 06:00:00",TARONG#4,276.600010
D,DISPATCH,UNIT_SCADA,1,"2019/08/23 06:00:00",TARRALEA,83.90
D,DISPATCH,UNIT_SCADA,1,"2019/08/23 06:00:00",TBSF1,-0.20
D,DISPATCH,UNIT_SCADA,1,"2019/08/23 06:00:00",TNPS1,400.000030
D,DISPATCH,UNIT_SCADA,1,"2019/08/23 06:00:00",TORRA1,102.964610
D,DISPATCH,UNIT_SCADA,1,"2019/08/23 06:00:00",TORRA2,16.577070
D,DISPATCH,UNIT_SCADA,1,"2019/08/23 06:00:00",TORRA3,0
D,DISPATCH,UNIT_SCADA,1,"2019/08/23 06:00:00",TORRA4,0
D,DISPATCH,UNIT_SCADA,1,"2019/08/23 06:00:00",TORRB1,0
D,DISPATCH,UNIT_SCADA,1,"2019/08/23 06:00:00",TORRB2,184.19
D,DISPATCH,UNIT_SCADA,1,"2019/08/23 06:00:00",TORRB3,0
D,DISPATCH,UNIT_SCADA,1,"2019/08/23 06:00:00",TORRB4,0
D,DISPATCH,UNIT_SCADA,1,"2019/08/23 06:00:00",TREVALLN,43.900020
D,DISPATCH,UNIT_SCADA,1,"2019/08/23 06:00:00",TRIBUTE,84.73
D,DISPATCH,UNIT_SCADA,1,"2019/08/23 06:00:00",TUMUT3,0
D,DISPATCH,UNIT_SCADA,1,"2019/08/23 06:00:00",TUNGATIN,140.070040
D,DISPATCH,UNIT_SCADA,1,"2019/08/23 06:00:00",TVCC201,0
D,DISPATCH,UNIT_SCADA,1,"2019/08/23 06:00:00",TVPP104,0
D,DISPATCH,UNIT_SCADA,1,"2019/08/23 06:00:00",UPPTUMUT,0
D,DISPATCH,UNIT_SCADA,1,"2019/08/23 06:00:00",URANQ11,0
D,DISPATCH,UNIT_SCADA,1,"2019/08/23 06:00:00",URANQ12,0
D,DISPATCH,UNIT_SCADA,1,"2019/08/23 06:00:00",URANQ13,0
D,DISPATCH,UNIT_SCADA,1,"2019/08/23 06:00:00",URANQ14,0
D,DISPATCH,UNIT_SCADA,1,"2019/08/23 06:00:00",VP5,537.424990
D,DISPATCH,UNIT_SCADA,1,"2019/08/23 06:00:00",VP6,397.199980
D,DISPATCH,UNIT_SCADA,1,"2019/08/23 06:00:00",VPGS1,0
D,DISPATCH,UNIT_SCADA,1,"2019/08/23 06:00:00",VPGS2,0
D,DISPATCH,UNIT_SCADA,1,"2019/08/23 06:00:00",VPGS3,0
D,DISPATCH,UNIT_SCADA,1,"2019/08/23 06:00:00",VPGS4,0
D,DISPATCH,UNIT_SCADA,1,"2019/08/23 06:00:00",VPGS5,0
D,DISPATCH,UNIT_SCADA,1,"2019/08/23 06:00:00",VPGS6,0
D,DISPATCH,UNIT_SCADA,1,"2019/08/23 06:00:00",W/HOE#1,0
D,DISPATCH,UNIT_SCADA,1,"2019/08/23 06:00:00",W/HOE#2,0
D,DISPATCH,UNIT_SCADA,1,"2019/08/23 06:00:00",WATERLWF,37.80
D,DISPATCH,UNIT_SCADA,1,"2019/08/23 06:00:00",WEMENSF1,0
D,DISPATCH,UNIT_SCADA,1,"2019/08/23 06:00:00",WGWF1,27.70
D,DISPATCH,UNIT_SCADA,1,"2019/08/23 06:00:00",WHITSF1,0
D,DISPATCH,UNIT_SCADA,1,"2019/08/23 06:00:00",WKIEWA1,31.90
D,DISPATCH,UNIT_SCADA,1,"2019/08/23 06:00:00",WKIEWA2,16
D,DISPATCH,UNIT_SCADA,1,"2019/08/23 06:00:00",WOODLWN1,0
D,DISPATCH,UNIT_SCADA,1,"2019/08/23 06:00:00",WRSF1,0
D,DISPATCH,UNIT_SCADA,1,"2019/08/23 06:00:00",WRWF1,49.581250
D,DISPATCH,UNIT_SCADA,1,"2019/08/23 06:00:00",YABULU,0
D,DISPATCH,UNIT_SCADA,1,"2019/08/23 06:00:00",YABULU2,0
D,DISPATCH,UNIT_SCADA,1,"2019/08/23 06:00:00",YARWUN_1,0
D,DISPATCH,UNIT_SCADA,1,"2019/08/23 06:00:00",YENDWF1,2.53
D,DISPATCH,UNIT_SCADA,1,"2019/08/23 06:00:00",YWPS1,380.450620
D,DISPATCH,UNIT_SCADA,1,"2019/08/23 06:00:00",YWPS2,279.6962
D,DISPATCH,UNIT_SCADA,1,"2019/08/23 06:00:00",YWPS3,0
D,DISPATCH,UNIT_SCADA,1,"2019/08/23 06:00:00",YWPS4,0
C,"END OF REPORT",334
