C,NEMP.WORLD,DISPATCHSCADA,AEMO,PUBLIC,2019/09/04,22:10:08,0000000312398669,DISPATCHSCADA,0000000312398663
I,DISPATCH,UNIT_SCADA,1,SETTLEMENTDATE,DUID,SCADAVALUE
D,DISPATCH,UNIT_SCADA,1,"2019/09/04 22:15:00",BARCSF1,0
D,DISPATCH,UNIT_SCADA,1,"2019/09/04 22:15:00",BUTLERSG,10.199999
D,DISPATCH,UNIT_SCADA,1,"2019/09/04 22:15:00",CALL_A_4,0
D,DISPATCH,UNIT_SCADA,1,"2019/09/04 22:15:00",CAPTL_WF,63.307999
D,DISPATCH,UNIT_SCADA,1,"2019/09/04 22:15:00",CATHROCK,0
D,DISPATCH,UNIT_SCADA,1,"2019/09/04 22:15:00",CHALLHWF,0
D,DISPATCH,UNIT_SCADA,1,"2019/09/04 22:15:00",CLOVER,-0.01
D,DISPATCH,UNIT_SCADA,1,"2019/09/04 22:15:00",CLUNY,10.086976
D,DISPATCH,UNIT_SCADA,1,"2019/09/04 22:15:00",CNUNDAWF,1.701985
D,DISPATCH,UNIT_SCADA,1,"2019/09/04 22:15:00",CULLRGWF,15.25
D,DISPATCH,UNIT_SCADA,1,"2019/09/04 22:15:00",ERGT01,0
D,DISPATCH,UNIT_SCADA,1,"2019/09/04 22:15:00",GB01,0.016678
D,DISPATCH,UNIT_SCADA,1,"2019/09/04 22:15:00",GERMCRK,38.200001
D,DISPATCH,UNIT_SCADA,1,"2019/09/04 22:15:00",GRIFSF1,0
D,DISPATCH,UNIT_SCADA,1,"2019/09/04 22:15:00",HUGSF1,-0.19
D,DISPATCH,UNIT_SCADA,1,"2019/09/04 22:15:00",LKBONNY1,0.893094
D,DISPATCH,UNIT_SCADA,1,"2019/09/04 22:15:00",LRSF1,-0.0310
D,DISPATCH,UNIT_SCADA,1,"2019/09/04 22:15:00",MBAHNTH,27.112495
D,DISPATCH,UNIT_SCADA,1,"2019/09/04 22:15:00",MLSP1,0.366001
D,DISPATCH,UNIT_SCADA,1,"2019/09/04 22:15:00",MLWF1,1.38
D,DISPATCH,UNIT_SCADA,1,"2019/09/04 22:15:00",MTMILLAR,3.028614
D,DISPATCH,UNIT_SCADA,1,"2019/09/04 22:15:00",PALOONA,16.83
D,DISPATCH,UNIT_SCADA,1,"2019/09/04 22:15:00",PIONEER,45.200001
D,DISPATCH,UNIT_SCADA,1,"2019/09/04 22:15:00",PORTWF,-0.30
D,DISPATCH,UNIT_SCADA,1,"2019/09/04 22:15:00",REPULSE,20.262150
D,DISPATCH,UNIT_SCADA,1,"2019/09/04 22:15:00",ROWALLAN,10.3802
D,DISPATCH,UNIT_SCADA,1,"2019/09/04 22:15:00",ROYALLA1,0
D,DISPATCH,UNIT_SCADA,1,"2019/09/04 22:15:00",RPCG,6.20
D,DISPATCH,UNIT_SCADA,1,"2019/09/04 22:15:00",RUBICON,0
D,DISPATCH,UNIT_SCADA,1,"2019/09/04 22:15:00",SATGN1,0
D,DISPATCH,UNIT_SCADA,1,"2019/09/04 22:15:00",SATGS1,0
D,DISPATCH,UNIT_SCADA,1,"2019/09/04 22:15:00",STARHLWF,-0.099971
D,DISPATCH,UNIT_SCADA,1,"2019/09/04 22:15:00",WAUBRAWF,0
D,DISPATCH,UNIT_SCADA,1,"2019/09/04 22:15:00",WOOLNTH1,10.960016
D,DISPATCH,UNIT_SCADA,1,"2019/09/04 22:15:00",WPWF,0
D,DISPATCH,UNIT_SCADA,1,"2019/09/04 22:15:00",YAMBUKWF,-0.10
D,DISPATCH,UNIT_SCADA,1,"2019/09/04 22:15:00",YSWF1,0
D,DISPATCH,UNIT_SCADA,1,"2019/09/04 22:15:00",AGLHAL,0
D,DISPATCH,UNIT_SCADA,1,"2019/09/04 22:15:00",AGLSOM,120.30
D,DISPATCH,UNIT_SCADA,1,"2019/09/04 22:15:00",ANGAST1,0
D,DISPATCH,UNIT_SCADA,1,"2019/09/04 22:15:00",ARWF1,-1.50
D,DISPATCH,UNIT_SCADA,1,"2019/09/04 22:15:00",BALBG1,0
D,DISPATCH,UNIT_SCADA,1,"2019/09/04 22:15:00",BALBL1,0
D,DISPATCH,UNIT_SCADA,1,"2019/09/04 22:15:00",BALDHWF1,4.3870
D,DISPATCH,UNIT_SCADA,1,"2019/09/04 22:15:00",BANN1,0
D,DISPATCH,UNIT_SCADA,1,"2019/09/04 22:15:00",BARCALDN,0
D,DISPATCH,UNIT_SCADA,1,"2019/09/04 22:15:00",BARRON-1,33.72
D,DISPATCH,UNIT_SCADA,1,"2019/09/04 22:15:00",BARRON-2,0
D,DISPATCH,UNIT_SCADA,1,"2019/09/04 22:15:00",BASTYAN,80.740010
D,DISPATCH,UNIT_SCADA,1,"2019/09/04 22:15:00",BBTHREE1,0
D,DISPATCH,UNIT_SCADA,1,"2019/09/04 22:15:00",BBTHREE2,0
D,DISPATCH,UNIT_SCADA,1,"2019/09/04 22:15:00",BBTHREE3,0
D,DISPATCH,UNIT_SCADA,1,"2019/09/04 22:15:00",BDL01,44.16
D,DISPATCH,UNIT_SCADA,1,"2019/09/04 22:15:00",BDL02,44.22
D,DISPATCH,UNIT_SCADA,1,"2019/09/04 22:15:00",BERYLSF1,0
D,DISPATCH,UNIT_SCADA,1,"2019/09/04 22:15:00",BLOWERNG,11.10
D,DISPATCH,UNIT_SCADA,1,"2019/09/04 22:15:00",BLUFF1,9.50
D,DISPATCH,UNIT_SCADA,1,"2019/09/04 22:15:00",BNGSF1,0
D,DISPATCH,UNIT_SCADA,1,"2019/09/04 22:15:00",BNGSF2,0
D,DISPATCH,UNIT_SCADA,1,"2019/09/04 22:15:00",BOCORWF1,3.71
D,DISPATCH,UNIT_SCADA,1,"2019/09/04 22:15:00",BODWF1,51.669720
D,DISPATCH,UNIT_SCADA,1,"2019/09/04 22:15:00",BRAEMAR1,0
D,DISPATCH,UNIT_SCADA,1,"2019/09/04 22:15:00",BRAEMAR2,0
D,DISPATCH,UNIT_SCADA,1,"2019/09/04 22:15:00",BRAEMAR3,0
D,DISPATCH,UNIT_SCADA,1,"2019/09/04 22:15:00",BRAEMAR5,0
D,DISPATCH,UNIT_SCADA,1,"2019/09/04 22:15:00",BRAEMAR6,0
D,DISPATCH,UNIT_SCADA,1,"2019/09/04 22:15:00",BRAEMAR7,0
D,DISPATCH,UNIT_SCADA,1,"2019/09/04 22:15:00",BROKENH1,0
D,DISPATCH,UNIT_SCADA,1,"2019/09/04 22:15:00",BW01,566.425050
D,DISPATCH,UNIT_SCADA,1,"2019/09/04 22:15:00",BW02,641.574950
D,DISPATCH,UNIT_SCADA,1,"2019/09/04 22:15:00",BW03,643.925050
D,DISPATCH,UNIT_SCADA,1,"2019/09/04 22:15:00",BW04,0
D,DISPATCH,UNIT_SCADA,1,"2019/09/04 22:15:00",CALL_B_1,349.200010
D,DISPATCH,UNIT_SCADA,1,"2019/09/04 22:15:00",CALL_B_2,350
D,DISPATCH,UNIT_SCADA,1,"2019/09/04 22:15:00",CETHANA,81.060250
D,DISPATCH,UNIT_SCADA,1,"2019/09/04 22:15:00",CG1,0
D,DISPATCH,UNIT_SCADA,1,"2019/09/04 22:15:00",CG2,0
D,DISPATCH,UNIT_SCADA,1,"2019/09/04 22:15:00",CG3,0
D,DISPATCH,UNIT_SCADA,1,"2019/09/04 22:15:00",CG4,0
D,DISPATCH,UNIT_SCADA,1,"2019/09/04 22:15:00",CHILDSF1,0
D,DISPATCH,UNIT_SCADA,1,"2019/09/04 22:15:00",CLARESF1,0
D,DISPATCH,UNIT_SCADA,1,"2019/09/04 22:15:00",CLEMGPWF,3.169540
D,DISPATCH,UNIT_SCADA,1,"2019/09/04 22:15:00",CLERMSF1,0
D,DISPATCH,UNIT_SCADA,1,"2019/09/04 22:15:00",COLEASF1,0
D,DISPATCH,UNIT_SCADA,1,"2019/09/04 22:15:00",COOPGWF1,25.0330
D,DISPATCH,UNIT_SCADA,1,"2019/09/04 22:15:00",CPP_3,404.800020
D,DISPATCH,UNIT_SCADA,1,"2019/09/04 22:15:00",CPP_4,407.550020
D,DISPATCH,UNIT_SCADA,1,"2019/09/04 22:15:00",CPSA,143.173130
D,DISPATCH,UNIT_SCADA,1,"2019/09/04 22:15:00",CROOKWF2,70.293750
D,DISPATCH,UNIT_SCADA,1,"2019/09/04 22:15:00",CROWLWF1,-0.021720
D,DISPATCH,UNIT_SCADA,1,"2019/09/04 22:15:00",CSPVPS1,0
D,DISPATCH,UNIT_SCADA,1,"2019/09/04 22:15:00",DALNTH01,0
D,DISPATCH,UNIT_SCADA,1,"2019/09/04 22:15:00",DALNTHL1,0.028990
D,DISPATCH,UNIT_SCADA,1,"2019/09/04 22:15:00",DARTM1,133.80
D,DISPATCH,UNIT_SCADA,1,"2019/09/04 22:15:00",DAYDSF1,0
D,DISPATCH,UNIT_SCADA,1,"2019/09/04 22:15:00",DDPS1,560.328740
D,DISPATCH,UNIT_SCADA,1,"2019/09/04 22:15:00",DDSF1,0
D,DISPATCH,UNIT_SCADA,1,"2019/09/04 22:15:00",DEVILS_G,57.655570
D,DISPATCH,UNIT_SCADA,1,"2019/09/04 22:15:00",DG_NSW1,0
D,DISPATCH,UNIT_SCADA,1,"2019/09/04 22:15:00",DG_QLD1,0
D,DISPATCH,UNIT_SCADA,1,"2019/09/04 22:15:00",DG_SA1,0
D,DISPATCH,UNIT_SCADA,1,"2019/09/04 22:15:00",DG_TAS1,0
D,DISPATCH,UNIT_SCADA,1,"2019/09/04 22:15:00",DG_VIC1,0
D,DISPATCH,UNIT_SCADA,1,"2019/09/04 22:15:00",DRYCGT1,0
D,DISPATCH,UNIT_SCADA,1,"2019/09/04 22:15:00",DRYCGT2,0
D,DISPATCH,UNIT_SCADA,1,"2019/09/04 22:15:00",DRYCGT3,0
D,DISPATCH,UNIT_SCADA,1,"2019/09/04 22:15:00",EILDON1,0
D,DISPATCH,UNIT_SCADA,1,"2019/09/04 22:15:00",EILDON2,0
D,DISPATCH,UNIT_SCADA,1,"2019/09/04 22:15:00",EMERASF1,0
D,DISPATCH,UNIT_SCADA,1,"2019/09/04 22:15:00",ER01,572.299930
D,DISPATCH,UNIT_SCADA,1,"2019/09/04 22:15:00",ER02,671.75
D,DISPATCH,UNIT_SCADA,1,"2019/09/04 22:15:00",ER03,0
D,DISPATCH,UNIT_SCADA,1,"2019/09/04 22:15:00",ER04,674.8999
D,DISPATCH,UNIT_SCADA,1,"2019/09/04 22:15:00",FINLYSF1,0
D,DISPATCH,UNIT_SCADA,1,"2019/09/04 22:15:00",FISHER,46.01
D,DISPATCH,UNIT_SCADA,1,"2019/09/04 22:15:00",GANNBG1,0
D,DISPATCH,UNIT_SCADA,1,"2019/09/04 22:15:00",GANNBL1,0.113940
D,DISPATCH,UNIT_SCADA,1,"2019/09/04 22:15:00",GANNSF1,0
D,DISPATCH,UNIT_SCADA,1,"2019/09/04 22:15:00",GORDON,23.2512
D,DISPATCH,UNIT_SCADA,1,"2019/09/04 22:15:00",GSTONE1,215.599990
D,DISPATCH,UNIT_SCADA,1,"2019/09/04 22:15:00",GSTONE2,210.8750
D,DISPATCH,UNIT_SCADA,1,"2019/09/04 22:15:00",GSTONE3,0
D,DISPATCH,UNIT_SCADA,1,"2019/09/04 22:15:00",GSTONE4,216.649990
D,DISPATCH,UNIT_SCADA,1,"2019/09/04 22:15:00",GSTONE5,215.4250
D,DISPATCH,UNIT_SCADA,1,"2019/09/04 22:15:00",GSTONE6,215.774990
D,DISPATCH,UNIT_SCADA,1,"2019/09/04 22:15:00",GULLRSF1,0
D,DISPATCH,UNIT_SCADA,1,"2019/09/04 22:15:00",GULLRWF1,133.269560
D,DISPATCH,UNIT_SCADA,1,"2019/09/04 22:15:00",GUNNING1,26.075320
D,DISPATCH,UNIT_SCADA,1,"2019/09/04 22:15:00",GUTHEGA,30.70
D,DISPATCH,UNIT_SCADA,1,"2019/09/04 22:15:00",HALLWF1,28.80
D,DISPATCH,UNIT_SCADA,1,"2019/09/04 22:15:00",HALLWF2,12.32
D,DISPATCH,UNIT_SCADA,1,"2019/09/04 22:15:00",HAMISF1,0
D,DISPATCH,UNIT_SCADA,1,"2019/09/04 22:15:00",HAUGHT11,0
D,DISPATCH,UNIT_SCADA,1,"2019/09/04 22:15:00",HAYMSF1,0
D,DISPATCH,UNIT_SCADA,1,"2019/09/04 22:15:00",HDWF1,85
D,DISPATCH,UNIT_SCADA,1,"2019/09/04 22:15:00",HDWF2,72.30
D,DISPATCH,UNIT_SCADA,1,"2019/09/04 22:15:00",HDWF3,70.20
D,DISPATCH,UNIT_SCADA,1,"2019/09/04 22:15:00",HPRG1,4.70
D,DISPATCH,UNIT_SCADA,1,"2019/09/04 22:15:00",HPRL1,0
D,DISPATCH,UNIT_SCADA,1,"2019/09/04 22:15:00",HUMENSW,0
D,DISPATCH,UNIT_SCADA,1,"2019/09/04 22:15:00",HUMEV,25.40
D,DISPATCH,UNIT_SCADA,1,"2019/09/04 22:15:00",HVGTS,0
D,DISPATCH,UNIT_SCADA,1,"2019/09/04 22:15:00",JBUTTERS,58.91
D,DISPATCH,UNIT_SCADA,1,"2019/09/04 22:15:00",JLA01,0.10
D,DISPATCH,UNIT_SCADA,1,"2019/09/04 22:15:00",JLA02,0
D,DISPATCH,UNIT_SCADA,1,"2019/09/04 22:15:00",JLA03,0
D,DISPATCH,UNIT_SCADA,1,"2019/09/04 22:15:00",JLA04,0
D,DISPATCH,UNIT_SCADA,1,"2019/09/04 22:15:00",JLB01,0
D,DISPATCH,UNIT_SCADA,1,"2019/09/04 22:15:00",JLB02,83.60
D,DISPATCH,UNIT_SCADA,1,"2019/09/04 22:15:00",JLB03,84.20
D,DISPATCH,UNIT_SCADA,1,"2019/09/04 22:15:00",KAREEYA1,21.49
D,DISPATCH,UNIT_SCADA,1,"2019/09/04 22:15:00",KAREEYA2,21.6575
D,DISPATCH,UNIT_SCADA,1,"2019/09/04 22:15:00",KAREEYA3,0
D,DISPATCH,UNIT_SCADA,1,"2019/09/04 22:15:00",KAREEYA4,21.5925
D,DISPATCH,UNIT_SCADA,1,"2019/09/04 22:15:00",KARSF1,0
D,DISPATCH,UNIT_SCADA,1,"2019/09/04 22:15:00",KIATAWF1,-0.20
D,DISPATCH,UNIT_SCADA,1,"2019/09/04 22:15:00",KPP_1,0
D,DISPATCH,UNIT_SCADA,1,"2019/09/04 22:15:00",KSP1,0
D,DISPATCH,UNIT_SCADA,1,"2019/09/04 22:15:00",LADBROK1,42.32
D,DISPATCH,UNIT_SCADA,1,"2019/09/04 22:15:00",LADBROK2,42.71
D,DISPATCH,UNIT_SCADA,1,"2019/09/04 22:15:00",LD01,416.024960
D,DISPATCH,UNIT_SCADA,1,"2019/09/04 22:15:00",LD02,398.362430
D,DISPATCH,UNIT_SCADA,1,"2019/09/04 22:15:00",LD03,418.087460
D,DISPATCH,UNIT_SCADA,1,"2019/09/04 22:15:00",LD04,377.156250
D,DISPATCH,UNIT_SCADA,1,"2019/09/04 22:15:00",LEM_WIL,81.908250
D,DISPATCH,UNIT_SCADA,1,"2019/09/04 22:15:00",LGAPWF1,14.54
D,DISPATCH,UNIT_SCADA,1,"2019/09/04 22:15:00",LILYSF1,0
D,DISPATCH,UNIT_SCADA,1,"2019/09/04 22:15:00",LI_WY_CA,164.468020
D,DISPATCH,UNIT_SCADA,1,"2019/09/04 22:15:00",LKBONNY2,4.856160
D,DISPATCH,UNIT_SCADA,1,"2019/09/04 22:15:00",LKBONNY3,0.948970
D,DISPATCH,UNIT_SCADA,1,"2019/09/04 22:15:00",LK_ECHO,0
D,DISPATCH,UNIT_SCADA,1,"2019/09/04 22:15:00",LNGS1,0
D,DISPATCH,UNIT_SCADA,1,"2019/09/04 22:15:00",LNGS2,0
D,DISPATCH,UNIT_SCADA,1,"2019/09/04 22:15:00",LONSDALE,0
D,DISPATCH,UNIT_SCADA,1,"2019/09/04 22:15:00",LOYYB1,536.088620
D,DISPATCH,UNIT_SCADA,1,"2019/09/04 22:15:00",LOYYB2,581.954410
D,DISPATCH,UNIT_SCADA,1,"2019/09/04 22:15:00",LYA1,0
D,DISPATCH,UNIT_SCADA,1,"2019/09/04 22:15:00",LYA2,0
D,DISPATCH,UNIT_SCADA,1,"2019/09/04 22:15:00",LYA3,561
D,DISPATCH,UNIT_SCADA,1,"2019/09/04 22:15:00",LYA4,541
D,DISPATCH,UNIT_SCADA,1,"2019/09/04 22:15:00",MACARTH1,0
D,DISPATCH,UNIT_SCADA,1,"2019/09/04 22:15:00",MACKAYGT,0.2240
D,DISPATCH,UNIT_SCADA,1,"2019/09/04 22:15:00",MACKNTSH,89.250010
D,DISPATCH,UNIT_SCADA,1,"2019/09/04 22:15:00",MANSLR1,0
D,DISPATCH,UNIT_SCADA,1,"2019/09/04 22:15:00",MCKAY1,129.62
D,DISPATCH,UNIT_SCADA,1,"2019/09/04 22:15:00",MEADOWBK,24.664540
D,DISPATCH,UNIT_SCADA,1,"2019/09/04 22:15:00",MERCER01,-0.1660
D,DISPATCH,UNIT_SCADA,1,"2019/09/04 22:15:00",MEWF1,69.570560
D,DISPATCH,UNIT_SCADA,1,"2019/09/04 22:15:00",MINTARO,0
D,DISPATCH,UNIT_SCADA,1,"2019/09/04 22:15:00",MOREESF1,0
D,DISPATCH,UNIT_SCADA,1,"2019/09/04 22:15:00",MORTLK11,260
D,DISPATCH,UNIT_SCADA,1,"2019/09/04 22:15:00",MORTLK12,0
D,DISPATCH,UNIT_SCADA,1,"2019/09/04 22:15:00",MP1,210.649960
D,DISPATCH,UNIT_SCADA,1,"2019/09/04 22:15:00",MP2,0
D,DISPATCH,UNIT_SCADA,1,"2019/09/04 22:15:00",MPP_1,400.25
D,DISPATCH,UNIT_SCADA,1,"2019/09/04 22:15:00",MPP_2,434.75
D,DISPATCH,UNIT_SCADA,1,"2019/09/04 22:15:00",MSTUART1,0
D,DISPATCH,UNIT_SCADA,1,"2019/09/04 22:15:00",MSTUART2,0
D,DISPATCH,UNIT_SCADA,1,"2019/09/04 22:15:00",MSTUART3,0
D,DISPATCH,UNIT_SCADA,1,"2019/09/04 22:15:00",MTGELWF1,-0.161750
D,DISPATCH,UNIT_SCADA,1,"2019/09/04 22:15:00",MURRAY,125.399990
D,DISPATCH,UNIT_SCADA,1,"2019/09/04 22:15:00",MUSSELR1,101.80
D,DISPATCH,UNIT_SCADA,1,"2019/09/04 22:15:00",MUWAWF1,-0.04
D,DISPATCH,UNIT_SCADA,1,"2019/09/04 22:15:00",NBHWF1,81.50
D,DISPATCH,UNIT_SCADA,1,"2019/09/04 22:15:00",NPS,302.6250
D,DISPATCH,UNIT_SCADA,1,"2019/09/04 22:15:00",NUMURSF1,0
D,DISPATCH,UNIT_SCADA,1,"2019/09/04 22:15:00",NYNGAN1,0
D,DISPATCH,UNIT_SCADA,1,"2019/09/04 22:15:00",OAKEY1,0
D,DISPATCH,UNIT_SCADA,1,"2019/09/04 22:15:00",OAKEY1SF,0
D,DISPATCH,UNIT_SCADA,1,"2019/09/04 22:15:00",OAKEY2,0
D,DISPATCH,UNIT_SCADA,1,"2019/09/04 22:15:00",OAKEY2SF,0
D,DISPATCH,UNIT_SCADA,1,"2019/09/04 22:15:00",OAKLAND1,0.40
D,DISPATCH,UNIT_SCADA,1,"2019/09/04 22:15:00",OSB-AG,178.78
D,DISPATCH,UNIT_SCADA,1,"2019/09/04 22:15:00",PARSF1,0
D,DISPATCH,UNIT_SCADA,1,"2019/09/04 22:15:00",POAT110,0
D,DISPATCH,UNIT_SCADA,1,"2019/09/04 22:15:00",POAT220,2.13
D,DISPATCH,UNIT_SCADA,1,"2019/09/04 22:15:00",POR01,0
D,DISPATCH,UNIT_SCADA,1,"2019/09/04 22:15:00",POR03,0
D,DISPATCH,UNIT_SCADA,1,"2019/09/04 22:15:00",PPCCGT,483.602570
D,DISPATCH,UNIT_SCADA,1,"2019/09/04 22:15:00",PTSTAN1,0
D,DISPATCH,UNIT_SCADA,1,"2019/09/04 22:15:00",PUMP1,0
D,DISPATCH,UNIT_SCADA,1,"2019/09/04 22:15:00",PUMP2,0
D,DISPATCH,UNIT_SCADA,1,"2019/09/04 22:15:00",QPS1,29
D,DISPATCH,UNIT_SCADA,1,"2019/09/04 22:15:00",QPS2,0
D,DISPATCH,UNIT_SCADA,1,"2019/09/04 22:15:00",QPS3,0
D,DISPATCH,UNIT_SCADA,1,"2019/09/04 22:15:00",QPS4,3
D,DISPATCH,UNIT_SCADA,1,"2019/09/04 22:15:00",QPS5,123.42
D,DISPATCH,UNIT_SCADA,1,"2019/09/04 22:15:00",REECE1,103.420010
D,DISPATCH,UNIT_SCADA,1,"2019/09/04 22:15:00",REECE2,103.040010
D,DISPATCH,UNIT_SCADA,1,"2019/09/04 22:15:00",ROMA_7,0
D,DISPATCH,UNIT_SCADA,1,"2019/09/04 22:15:00",ROMA_8,0
D,DISPATCH,UNIT_SCADA,1,"2019/09/04 22:15:00",RRSF1,0
D,DISPATCH,UNIT_SCADA,1,"2019/09/04 22:15:00",RT_NSW1,0
D,DISPATCH,UNIT_SCADA,1,"2019/09/04 22:15:00",RT_NSW2,0
D,DISPATCH,UNIT_SCADA,1,"2019/09/04 22:15:00",RT_NSW3,0
D,DISPATCH,UNIT_SCADA,1,"2019/09/04 22:15:00",RT_NSW4,0
D,DISPATCH,UNIT_SCADA,1,"2019/09/04 22:15:00",RT_NSW5,0
D,DISPATCH,UNIT_SCADA,1,"2019/09/04 22:15:00",RT_NSW6,0
D,DISPATCH,UNIT_SCADA,1,"2019/09/04 22:15:00",RT_QLD1,0
D,DISPATCH,UNIT_SCADA,1,"2019/09/04 22:15:00",RT_SA1,0
D,DISPATCH,UNIT_SCADA,1,"2019/09/04 22:15:00",RT_SA2,0
D,DISPATCH,UNIT_SCADA,1,"2019/09/04 22:15:00",RT_SA3,0
D,DISPATCH,UNIT_SCADA,1,"2019/09/04 22:15:00",RT_SA4,0
D,DISPATCH,UNIT_SCADA,1,"2019/09/04 22:15:00",RT_SA5,0
D,DISPATCH,UNIT_SCADA,1,"2019/09/04 22:15:00",RT_SA6,0
D,DISPATCH,UNIT_SCADA,1,"2019/09/04 22:15:00",RT_TAS1,0
D,DISPATCH,UNIT_SCADA,1,"2019/09/04 22:15:00",RT_VIC1,0
D,DISPATCH,UNIT_SCADA,1,"2019/09/04 22:15:00",RT_VIC10,0
D,DISPATCH,UNIT_SCADA,1,"2019/09/04 22:15:00",RT_VIC11,0
D,DISPATCH,UNIT_SCADA,1,"2019/09/04 22:15:00",RT_VIC12,0
D,DISPATCH,UNIT_SCADA,1,"2019/09/04 22:15:00",RT_VIC2,0
D,DISPATCH,UNIT_SCADA,1,"2019/09/04 22:15:00",RT_VIC3,0
D,DISPATCH,UNIT_SCADA,1,"2019/09/04 22:15:00",RT_VIC4,0
D,DISPATCH,UNIT_SCADA,1,"2019/09/04 22:15:00",RT_VIC5,0
D,DISPATCH,UNIT_SCADA,1,"2019/09/04 22:15:00",RT_VIC6,0
D,DISPATCH,UNIT_SCADA,1,"2019/09/04 22:15:00",RT_VIC7,0
D,DISPATCH,UNIT_SCADA,1,"2019/09/04 22:15:00",RT_VIC8,0
D,DISPATCH,UNIT_SCADA,1,"2019/09/04 22:15:00",RT_VIC9,0
D,DISPATCH,UNIT_SCADA,1,"2019/09/04 22:15:00",RUGBYR1,0
D,DISPATCH,UNIT_SCADA,1,"2019/09/04 22:15:00",SALTCRK1,3.32
D,DISPATCH,UNIT_SCADA,1,"2019/09/04 22:15:00",SAPHWF1,77.212490
D,DISPATCH,UNIT_SCADA,1,"2019/09/04 22:15:00",SHGEN,0
D,DISPATCH,UNIT_SCADA,1,"2019/09/04 22:15:00",SHPUMP,0
D,DISPATCH,UNIT_SCADA,1,"2019/09/04 22:15:00",SITHE01,0.194050
D,DISPATCH,UNIT_SCADA,1,"2019/09/04 22:15:00",SMCSF1,0
D,DISPATCH,UNIT_SCADA,1,"2019/09/04 22:15:00",SNOWNTH1,0
D,DISPATCH,UNIT_SCADA,1,"2019/09/04 22:15:00",SNOWSTH1,0
D,DISPATCH,UNIT_SCADA,1,"2019/09/04 22:15:00",SNOWTWN1,-0.500140
D,DISPATCH,UNIT_SCADA,1,"2019/09/04 22:15:00",SNOWYP,0
D,DISPATCH,UNIT_SCADA,1,"2019/09/04 22:15:00",SNUG1,0.019440
D,DISPATCH,UNIT_SCADA,1,"2019/09/04 22:15:00",SRSF1,0
D,DISPATCH,UNIT_SCADA,1,"2019/09/04 22:15:00",STAN-1,221.299320
D,DISPATCH,UNIT_SCADA,1,"2019/09/04 22:15:00",STAN-2,328.879120
D,DISPATCH,UNIT_SCADA,1,"2019/09/04 22:15:00",STAN-3,328.7894
D,DISPATCH,UNIT_SCADA,1,"2019/09/04 22:15:00",STAN-4,322.483030
D,DISPATCH,UNIT_SCADA,1,"2019/09/04 22:15:00",STWF1,162.27
D,DISPATCH,UNIT_SCADA,1,"2019/09/04 22:15:00",SWAN_E,0
D,DISPATCH,UNIT_SCADA,1,"2019/09/04 22:15:00",TALWA1,409
D,DISPATCH,UNIT_SCADA,1,"2019/09/04 22:15:00",TARALGA1,95.219990
D,DISPATCH,UNIT_SCADA,1,"2019/09/04 22:15:00",TARONG#1,350.899990
D,DISPATCH,UNIT_SCADA,1,"2019/09/04 22:15:00",TARONG#2,0
D,DISPATCH,UNIT_SCADA,1,"2019/09/04 22:15:00",TARONG#3,314.100010
D,DISPATCH,UNIT_SCADA,1,"2019/09/04 22:15:00",TARONG#4,349.600010
D,DISPATCH,UNIT_SCADA,1,"2019/09/04 22:15:00",TARRALEA,71.20
D,DISPATCH,UNIT_SCADA,1,"2019/09/04 22:15:00",TBSF1,-0.20
D,DISPATCH,UNIT_SCADA,1,"2019/09/04 22:15:00",TNPS1,379.600010
D,DISPATCH,UNIT_SCADA,1,"2019/09/04 22:15:00",TORRA1,84.099440
D,DISPATCH,UNIT_SCADA,1,"2019/09/04 22:15:00",TORRA2,0
D,DISPATCH,UNIT_SCADA,1,"2019/09/04 22:15:00",TORRA3,0
D,DISPATCH,UNIT_SCADA,1,"2019/09/04 22:15:00",TORRA4,75.919710
D,DISPATCH,UNIT_SCADA,1,"2019/09/04 22:15:00",TORRB1,155.08
D,DISPATCH,UNIT_SCADA,1,"2019/09/04 22:15:00",TORRB2,166.399990
D,DISPATCH,UNIT_SCADA,1,"2019/09/04 22:15:00",TORRB3,165.37
D,DISPATCH,UNIT_SCADA,1,"2019/09/04 22:15:00",TORRB4,0
D,DISPATCH,UNIT_SCADA,1,"2019/09/04 22:15:00",TREVALLN,18.870020
D,DISPATCH,UNIT_SCADA,1,"2019/09/04 22:15:00",TRIBUTE,0
D,DISPATCH,UNIT_SCADA,1,"2019/09/04 22:15:00",TUMUT3,0
D,DISPATCH,UNIT_SCADA,1,"2019/09/04 22:15:00",TUNGATIN,124.940030
D,DISPATCH,UNIT_SCADA,1,"2019/09/04 22:15:00",TVCC201,0
D,DISPATCH,UNIT_SCADA,1,"2019/09/04 22:15:00",TVPP104,0
D,DISPATCH,UNIT_SCADA,1,"2019/09/04 22:15:00",UPPTUMUT,0
D,DISPATCH,UNIT_SCADA,1,"2019/09/04 22:15:00",URANQ11,0
D,DISPATCH,UNIT_SCADA,1,"2019/09/04 22:15:00",URANQ12,0
D,DISPATCH,UNIT_SCADA,1,"2019/09/04 22:15:00",URANQ13,0
D,DISPATCH,UNIT_SCADA,1,"2019/09/04 22:15:00",URANQ14,0
D,DISPATCH,UNIT_SCADA,1,"2019/09/04 22:15:00",VP5,619.974980
D,DISPATCH,UNIT_SCADA,1,"2019/09/04 22:15:00",VP6,0
D,DISPATCH,UNIT_SCADA,1,"2019/09/04 22:15:00",VPGS1,0
D,DISPATCH,UNIT_SCADA,1,"2019/09/04 22:15:00",VPGS2,0
D,DISPATCH,UNIT_SCADA,1,"2019/09/04 22:15:00",VPGS3,0
D,DISPATCH,UNIT_SCADA,1,"2019/09/04 22:15:00",VPGS4,0
D,DISPATCH,UNIT_SCADA,1,"2019/09/04 22:15:00",VPGS5,0
D,DISPATCH,UNIT_SCADA,1,"2019/09/04 22:15:00",VPGS6,0
D,DISPATCH,UNIT_SCADA,1,"2019/09/04 22:15:00",W/HOE#1,0
D,DISPATCH,UNIT_SCADA,1,"2019/09/04 22:15:00",W/HOE#2,0
D,DISPATCH,UNIT_SCADA,1,"2019/09/04 22:15:00",WATERLWF,0.70
D,DISPATCH,UNIT_SCADA,1,"2019/09/04 22:15:00",WEMENSF1,0
D,DISPATCH,UNIT_SCADA,1,"2019/09/04 22:15:00",WGWF1,16.60
D,DISPATCH,UNIT_SCADA,1,"2019/09/04 22:15:00",WHITSF1,0
D,DISPATCH,UNIT_SCADA,1,"2019/09/04 22:15:00",WKIEWA1,13.80
D,DISPATCH,UNIT_SCADA,1,"2019/09/04 22:15:00",WKIEWA2,13.90
D,DISPATCH,UNIT_SCADA,1,"2019/09/04 22:15:00",WOODLWN1,36.396010
D,DISPATCH,UNIT_SCADA,1,"2019/09/04 22:15:00",WRSF1,0
D,DISPATCH,UNIT_SCADA,1,"2019/09/04 22:15:00",WRWF1,72.1525
D,DISPATCH,UNIT_SCADA,1,"2019/09/04 22:15:00",YABULU,159.930010
D,DISPATCH,UNIT_SCADA,1,"2019/09/04 22:15:00",YABULU2,0
D,DISPATCH,UNIT_SCADA,1,"2019/09/04 22:15:00",YARWUN_1,159.25
D,DISPATCH,UNIT_SCADA,1,"2019/09/04 22:15:00",YENDWF1,-1.41
D,DISPATCH,UNIT_SCADA,1,"2019/09/04 22:15:00",YWPS1,379.448090
D,DISPATCH,UNIT_SCADA,1,"2019/09/04 22:15:00",YWPS2,275.936710
D,DISPATCH,UNIT_SCADA,1,"2019/09/04 22:15:00",YWPS3,5.693670
D,DISPATCH,UNIT_SCADA,1,"2019/09/04 22:15:00",YWPS4,384.511380
C,"END OF REPORT",335
