C,NEMP.WORLD,DISPATCHSCADA,AEMO,PUBLIC,2019/08/22,20:30:07,0000000311881337,DISPATCHSCADA,0000000311881331
I,DISPATCH,UNIT_SCADA,1,SETTLEMENTDATE,DUID,SCADAVALUE
D,DISPATCH,UNIT_SCADA,1,"2019/08/22 20:35:00",BARCSF1,0.40
D,DISPATCH,UNIT_SCADA,1,"2019/08/22 20:35:00",BUTLERSG,9.699999
D,DISPATCH,UNIT_SCADA,1,"2019/08/22 20:35:00",CALL_A_4,0
D,DISPATCH,UNIT_SCADA,1,"2019/08/22 20:35:00",CAPTL_WF,74.580002
D,DISPATCH,UNIT_SCADA,1,"2019/08/22 20:35:00",CATHROCK,2.91
D,DISPATCH,UNIT_SCADA,1,"2019/08/22 20:35:00",CHALLHWF,4.90
D,DISPATCH,UNIT_SCADA,1,"2019/08/22 20:35:00",CLOVER,-0.01
D,DISPATCH,UNIT_SCADA,1,"2019/08/22 20:35:00",CLUNY,20.235752
D,DISPATCH,UNIT_SCADA,1,"2019/08/22 20:35:00",CNUNDAWF,0.500584
D,DISPATCH,UNIT_SCADA,1,"2019/08/22 20:35:00",CULLRGWF,9.53
D,DISPATCH,UNIT_SCADA,1,"2019/08/22 20:35:00",ERGT01,0
D,DISPATCH,UNIT_SCADA,1,"2019/08/22 20:35:00",GB01,0.068310
D,DISPATCH,UNIT_SCADA,1,"2019/08/22 20:35:00",GERMCRK,33
D,DISPATCH,UNIT_SCADA,1,"2019/08/22 20:35:00",GRIFSF1,0
D,DISPATCH,UNIT_SCADA,1,"2019/08/22 20:35:00",HUGSF1,-0.2070
D,DISPATCH,UNIT_SCADA,1,"2019/08/22 20:35:00",LKBONNY1,-0.0921
D,DISPATCH,UNIT_SCADA,1,"2019/08/22 20:35:00",LRSF1,-0.0180
D,DISPATCH,UNIT_SCADA,1,"2019/08/22 20:35:00",MBAHNTH,45.693756
D,DISPATCH,UNIT_SCADA,1,"2019/08/22 20:35:00",MLSP1,0.180001
D,DISPATCH,UNIT_SCADA,1,"2019/08/22 20:35:00",MLWF1,1.68
D,DISPATCH,UNIT_SCADA,1,"2019/08/22 20:35:00",MTMILLAR,4.338284
D,DISPATCH,UNIT_SCADA,1,"2019/08/22 20:35:00",PALOONA,28.65
D,DISPATCH,UNIT_SCADA,1,"2019/08/22 20:35:00",PIONEER,46.600002
D,DISPATCH,UNIT_SCADA,1,"2019/08/22 20:35:00",PORTWF,-0.30
D,DISPATCH,UNIT_SCADA,1,"2019/08/22 20:35:00",REPULSE,28.974442
D,DISPATCH,UNIT_SCADA,1,"2019/08/22 20:35:00",ROWALLAN,10.4299
D,DISPATCH,UNIT_SCADA,1,"2019/08/22 20:35:00",ROYALLA1,0
D,DISPATCH,UNIT_SCADA,1,"2019/08/22 20:35:00",RPCG,11.20
D,DISPATCH,UNIT_SCADA,1,"2019/08/22 20:35:00",RUBICON,0
D,DISPATCH,UNIT_SCADA,1,"2019/08/22 20:35:00",SATGN1,0
D,DISPATCH,UNIT_SCADA,1,"2019/08/22 20:35:00",SATGS1,0
D,DISPATCH,UNIT_SCADA,1,"2019/08/22 20:35:00",STARHLWF,-0.099971
D,DISPATCH,UNIT_SCADA,1,"2019/08/22 20:35:00",WAUBRAWF,89.882004
D,DISPATCH,UNIT_SCADA,1,"2019/08/22 20:35:00",WOOLNTH1,54.340019
D,DISPATCH,UNIT_SCADA,1,"2019/08/22 20:35:00",WPWF,0
D,DISPATCH,UNIT_SCADA,1,"2019/08/22 20:35:00",YAMBUKWF,1.70
D,DISPATCH,UNIT_SCADA,1,"2019/08/22 20:35:00",YSWF1,2.80
D,DISPATCH,UNIT_SCADA,1,"2019/08/22 20:35:00",AGLHAL,65.843680
D,DISPATCH,UNIT_SCADA,1,"2019/08/22 20:35:00",AGLSOM,81.40
D,DISPATCH,UNIT_SCADA,1,"2019/08/22 20:35:00",ANGAST1,0
D,DISPATCH,UNIT_SCADA,1,"2019/08/22 20:35:00",ARWF1,62.000010
D,DISPATCH,UNIT_SCADA,1,"2019/08/22 20:35:00",BALBG1,0
D,DISPATCH,UNIT_SCADA,1,"2019/08/22 20:35:00",BALBL1,0
D,DISPATCH,UNIT_SCADA,1,"2019/08/22 20:35:00",BALDHWF1,42.74
D,DISPATCH,UNIT_SCADA,1,"2019/08/22 20:35:00",BANN1,0
D,DISPATCH,UNIT_SCADA,1,"2019/08/22 20:35:00",BARCALDN,0
D,DISPATCH,UNIT_SCADA,1,"2019/08/22 20:35:00",BARRON-1,0
D,DISPATCH,UNIT_SCADA,1,"2019/08/22 20:35:00",BARRON-2,28.40
D,DISPATCH,UNIT_SCADA,1,"2019/08/22 20:35:00",BASTYAN,77.720010
D,DISPATCH,UNIT_SCADA,1,"2019/08/22 20:35:00",BBTHREE1,-2.14
D,DISPATCH,UNIT_SCADA,1,"2019/08/22 20:35:00",BBTHREE2,-2.24
D,DISPATCH,UNIT_SCADA,1,"2019/08/22 20:35:00",BBTHREE3,-1.26
D,DISPATCH,UNIT_SCADA,1,"2019/08/22 20:35:00",BDL01,42.66
D,DISPATCH,UNIT_SCADA,1,"2019/08/22 20:35:00",BDL02,44.88
D,DISPATCH,UNIT_SCADA,1,"2019/08/22 20:35:00",BERYLSF1,-0.190320
D,DISPATCH,UNIT_SCADA,1,"2019/08/22 20:35:00",BLOWERNG,0
D,DISPATCH,UNIT_SCADA,1,"2019/08/22 20:35:00",BLUFF1,-0.10
D,DISPATCH,UNIT_SCADA,1,"2019/08/22 20:35:00",BNGSF1,0
D,DISPATCH,UNIT_SCADA,1,"2019/08/22 20:35:00",BNGSF2,0
D,DISPATCH,UNIT_SCADA,1,"2019/08/22 20:35:00",BOCORWF1,38.46
D,DISPATCH,UNIT_SCADA,1,"2019/08/22 20:35:00",BODWF1,79.062840
D,DISPATCH,UNIT_SCADA,1,"2019/08/22 20:35:00",BRAEMAR1,150.400010
D,DISPATCH,UNIT_SCADA,1,"2019/08/22 20:35:00",BRAEMAR2,164.400010
D,DISPATCH,UNIT_SCADA,1,"2019/08/22 20:35:00",BRAEMAR3,146.400010
D,DISPATCH,UNIT_SCADA,1,"2019/08/22 20:35:00",BRAEMAR5,0
D,DISPATCH,UNIT_SCADA,1,"2019/08/22 20:35:00",BRAEMAR6,159.564930
D,DISPATCH,UNIT_SCADA,1,"2019/08/22 20:35:00",BRAEMAR7,160.300110
D,DISPATCH,UNIT_SCADA,1,"2019/08/22 20:35:00",BROKENH1,0
D,DISPATCH,UNIT_SCADA,1,"2019/08/22 20:35:00",BW01,657.050050
D,DISPATCH,UNIT_SCADA,1,"2019/08/22 20:35:00",BW02,666.549930
D,DISPATCH,UNIT_SCADA,1,"2019/08/22 20:35:00",BW03,660.650020
D,DISPATCH,UNIT_SCADA,1,"2019/08/22 20:35:00",BW04,0
D,DISPATCH,UNIT_SCADA,1,"2019/08/22 20:35:00",CALL_B_1,104.50
D,DISPATCH,UNIT_SCADA,1,"2019/08/22 20:35:00",CALL_B_2,349.50
D,DISPATCH,UNIT_SCADA,1,"2019/08/22 20:35:00",CETHANA,98.543750
D,DISPATCH,UNIT_SCADA,1,"2019/08/22 20:35:00",CG1,0
D,DISPATCH,UNIT_SCADA,1,"2019/08/22 20:35:00",CG2,0
D,DISPATCH,UNIT_SCADA,1,"2019/08/22 20:35:00",CG3,0
D,DISPATCH,UNIT_SCADA,1,"2019/08/22 20:35:00",CG4,0
D,DISPATCH,UNIT_SCADA,1,"2019/08/22 20:35:00",CHILDSF1,0
D,DISPATCH,UNIT_SCADA,1,"2019/08/22 20:35:00",CLARESF1,0
D,DISPATCH,UNIT_SCADA,1,"2019/08/22 20:35:00",CLEMGPWF,-0.288140
D,DISPATCH,UNIT_SCADA,1,"2019/08/22 20:35:00",CLERMSF1,0
D,DISPATCH,UNIT_SCADA,1,"2019/08/22 20:35:00",COLEASF1,0
D,DISPATCH,UNIT_SCADA,1,"2019/08/22 20:35:00",COOPGWF1,27.473910
D,DISPATCH,UNIT_SCADA,1,"2019/08/22 20:35:00",CPP_3,406.725010
D,DISPATCH,UNIT_SCADA,1,"2019/08/22 20:35:00",CPP_4,406.725010
D,DISPATCH,UNIT_SCADA,1,"2019/08/22 20:35:00",CPSA,143.288120
D,DISPATCH,UNIT_SCADA,1,"2019/08/22 20:35:00",CROOKWF2,1.0850
D,DISPATCH,UNIT_SCADA,1,"2019/08/22 20:35:00",CROWLWF1,18.257920
D,DISPATCH,UNIT_SCADA,1,"2019/08/22 20:35:00",CSPVPS1,0
D,DISPATCH,UNIT_SCADA,1,"2019/08/22 20:35:00",DALNTH01,0
D,DISPATCH,UNIT_SCADA,1,"2019/08/22 20:35:00",DALNTHL1,0.157170
D,DISPATCH,UNIT_SCADA,1,"2019/08/22 20:35:00",DARTM1,134.50
D,DISPATCH,UNIT_SCADA,1,"2019/08/22 20:35:00",DAYDSF1,0
D,DISPATCH,UNIT_SCADA,1,"2019/08/22 20:35:00",DDPS1,608.250180
D,DISPATCH,UNIT_SCADA,1,"2019/08/22 20:35:00",DDSF1,0
D,DISPATCH,UNIT_SCADA,1,"2019/08/22 20:35:00",DEVILS_G,0
D,DISPATCH,UNIT_SCADA,1,"2019/08/22 20:35:00",DG_NSW1,0
D,DISPATCH,UNIT_SCADA,1,"2019/08/22 20:35:00",DG_QLD1,0
D,DISPATCH,UNIT_SCADA,1,"2019/08/22 20:35:00",DG_SA1,0
D,DISPATCH,UNIT_SCADA,1,"2019/08/22 20:35:00",DG_TAS1,0
D,DISPATCH,UNIT_SCADA,1,"2019/08/22 20:35:00",DG_VIC1,0
D,DISPATCH,UNIT_SCADA,1,"2019/08/22 20:35:00",DRYCGT1,0
D,DISPATCH,UNIT_SCADA,1,"2019/08/22 20:35:00",DRYCGT2,0
D,DISPATCH,UNIT_SCADA,1,"2019/08/22 20:35:00",DRYCGT3,0
D,DISPATCH,UNIT_SCADA,1,"2019/08/22 20:35:00",EILDON1,0
D,DISPATCH,UNIT_SCADA,1,"2019/08/22 20:35:00",EILDON2,36.96
D,DISPATCH,UNIT_SCADA,1,"2019/08/22 20:35:00",EMERASF1,0
D,DISPATCH,UNIT_SCADA,1,"2019/08/22 20:35:00",ER01,594.050050
D,DISPATCH,UNIT_SCADA,1,"2019/08/22 20:35:00",ER02,699.275020
D,DISPATCH,UNIT_SCADA,1,"2019/08/22 20:35:00",ER03,700.049930
D,DISPATCH,UNIT_SCADA,1,"2019/08/22 20:35:00",ER04,699.275020
D,DISPATCH,UNIT_SCADA,1,"2019/08/22 20:35:00",FINLYSF1,0
D,DISPATCH,UNIT_SCADA,1,"2019/08/22 20:35:00",FISHER,45.80
D,DISPATCH,UNIT_SCADA,1,"2019/08/22 20:35:00",GANNBG1,1.088020
D,DISPATCH,UNIT_SCADA,1,"2019/08/22 20:35:00",GANNBL1,0
D,DISPATCH,UNIT_SCADA,1,"2019/08/22 20:35:00",GANNSF1,0
D,DISPATCH,UNIT_SCADA,1,"2019/08/22 20:35:00",GORDON,110.830720
D,DISPATCH,UNIT_SCADA,1,"2019/08/22 20:35:00",GSTONE1,260.399990
D,DISPATCH,UNIT_SCADA,1,"2019/08/22 20:35:00",GSTONE2,230.1250
D,DISPATCH,UNIT_SCADA,1,"2019/08/22 20:35:00",GSTONE3,249.55
D,DISPATCH,UNIT_SCADA,1,"2019/08/22 20:35:00",GSTONE4,255.50
D,DISPATCH,UNIT_SCADA,1,"2019/08/22 20:35:00",GSTONE5,259.8750
D,DISPATCH,UNIT_SCADA,1,"2019/08/22 20:35:00",GSTONE6,0
D,DISPATCH,UNIT_SCADA,1,"2019/08/22 20:35:00",GULLRSF1,0
D,DISPATCH,UNIT_SCADA,1,"2019/08/22 20:35:00",GULLRWF1,13.280940
D,DISPATCH,UNIT_SCADA,1,"2019/08/22 20:35:00",GUNNING1,1.648370
D,DISPATCH,UNIT_SCADA,1,"2019/08/22 20:35:00",GUTHEGA,30.80
D,DISPATCH,UNIT_SCADA,1,"2019/08/22 20:35:00",HALLWF1,3.04
D,DISPATCH,UNIT_SCADA,1,"2019/08/22 20:35:00",HALLWF2,-0.39
D,DISPATCH,UNIT_SCADA,1,"2019/08/22 20:35:00",HAMISF1,0
D,DISPATCH,UNIT_SCADA,1,"2019/08/22 20:35:00",HAUGHT11,0
D,DISPATCH,UNIT_SCADA,1,"2019/08/22 20:35:00",HAYMSF1,0
D,DISPATCH,UNIT_SCADA,1,"2019/08/22 20:35:00",HDWF1,13.10
D,DISPATCH,UNIT_SCADA,1,"2019/08/22 20:35:00",HDWF2,5.90
D,DISPATCH,UNIT_SCADA,1,"2019/08/22 20:35:00",HDWF3,7.40
D,DISPATCH,UNIT_SCADA,1,"2019/08/22 20:35:00",HPRG1,5.40
D,DISPATCH,UNIT_SCADA,1,"2019/08/22 20:35:00",HPRL1,0
D,DISPATCH,UNIT_SCADA,1,"2019/08/22 20:35:00",HUMENSW,0
D,DISPATCH,UNIT_SCADA,1,"2019/08/22 20:35:00",HUMEV,9
D,DISPATCH,UNIT_SCADA,1,"2019/08/22 20:35:00",HVGTS,0
D,DISPATCH,UNIT_SCADA,1,"2019/08/22 20:35:00",JBUTTERS,140.289990
D,DISPATCH,UNIT_SCADA,1,"2019/08/22 20:35:00",JLA01,54.20
D,DISPATCH,UNIT_SCADA,1,"2019/08/22 20:35:00",JLA02,53.70
D,DISPATCH,UNIT_SCADA,1,"2019/08/22 20:35:00",JLA03,0.10
D,DISPATCH,UNIT_SCADA,1,"2019/08/22 20:35:00",JLA04,0.10
D,DISPATCH,UNIT_SCADA,1,"2019/08/22 20:35:00",JLB01,0
D,DISPATCH,UNIT_SCADA,1,"2019/08/22 20:35:00",JLB02,83.20
D,DISPATCH,UNIT_SCADA,1,"2019/08/22 20:35:00",JLB03,83.60
D,DISPATCH,UNIT_SCADA,1,"2019/08/22 20:35:00",KAREEYA1,21.4775
D,DISPATCH,UNIT_SCADA,1,"2019/08/22 20:35:00",KAREEYA2,21.62
D,DISPATCH,UNIT_SCADA,1,"2019/08/22 20:35:00",KAREEYA3,0
D,DISPATCH,UNIT_SCADA,1,"2019/08/22 20:35:00",KAREEYA4,21.6825
D,DISPATCH,UNIT_SCADA,1,"2019/08/22 20:35:00",KARSF1,0
D,DISPATCH,UNIT_SCADA,1,"2019/08/22 20:35:00",KIATAWF1,9
D,DISPATCH,UNIT_SCADA,1,"2019/08/22 20:35:00",KPP_1,0
D,DISPATCH,UNIT_SCADA,1,"2019/08/22 20:35:00",KSP1,0
D,DISPATCH,UNIT_SCADA,1,"2019/08/22 20:35:00",LADBROK1,42.83
D,DISPATCH,UNIT_SCADA,1,"2019/08/22 20:35:00",LADBROK2,42.73
D,DISPATCH,UNIT_SCADA,1,"2019/08/22 20:35:00",LD01,417.431210
D,DISPATCH,UNIT_SCADA,1,"2019/08/22 20:35:00",LD02,419.156250
D,DISPATCH,UNIT_SCADA,1,"2019/08/22 20:35:00",LD03,414.1875
D,DISPATCH,UNIT_SCADA,1,"2019/08/22 20:35:00",LD04,375.281250
D,DISPATCH,UNIT_SCADA,1,"2019/08/22 20:35:00",LEM_WIL,86.1802
D,DISPATCH,UNIT_SCADA,1,"2019/08/22 20:35:00",LGAPWF1,13.04
D,DISPATCH,UNIT_SCADA,1,"2019/08/22 20:35:00",LILYSF1,0
D,DISPATCH,UNIT_SCADA,1,"2019/08/22 20:35:00",LI_WY_CA,149.2944
D,DISPATCH,UNIT_SCADA,1,"2019/08/22 20:35:00",LKBONNY2,-0.251210
D,DISPATCH,UNIT_SCADA,1,"2019/08/22 20:35:00",LKBONNY3,0.390750
D,DISPATCH,UNIT_SCADA,1,"2019/08/22 20:35:00",LK_ECHO,0
D,DISPATCH,UNIT_SCADA,1,"2019/08/22 20:35:00",LNGS1,0
D,DISPATCH,UNIT_SCADA,1,"2019/08/22 20:35:00",LNGS2,0
D,DISPATCH,UNIT_SCADA,1,"2019/08/22 20:35:00",LONSDALE,0
D,DISPATCH,UNIT_SCADA,1,"2019/08/22 20:35:00",LOYYB1,535.336730
D,DISPATCH,UNIT_SCADA,1,"2019/08/22 20:35:00",LOYYB2,582.7063
D,DISPATCH,UNIT_SCADA,1,"2019/08/22 20:35:00",LYA1,561
D,DISPATCH,UNIT_SCADA,1,"2019/08/22 20:35:00",LYA2,0
D,DISPATCH,UNIT_SCADA,1,"2019/08/22 20:35:00",LYA3,560
D,DISPATCH,UNIT_SCADA,1,"2019/08/22 20:35:00",LYA4,540
D,DISPATCH,UNIT_SCADA,1,"2019/08/22 20:35:00",MACARTH1,0
D,DISPATCH,UNIT_SCADA,1,"2019/08/22 20:35:00",MACKAYGT,0
D,DISPATCH,UNIT_SCADA,1,"2019/08/22 20:35:00",MACKNTSH,86.350010
D,DISPATCH,UNIT_SCADA,1,"2019/08/22 20:35:00",MANSLR1,0
D,DISPATCH,UNIT_SCADA,1,"2019/08/22 20:35:00",MCKAY1,123.849990
D,DISPATCH,UNIT_SCADA,1,"2019/08/22 20:35:00",MEADOWBK,33.781560
D,DISPATCH,UNIT_SCADA,1,"2019/08/22 20:35:00",MERCER01,4.9160
D,DISPATCH,UNIT_SCADA,1,"2019/08/22 20:35:00",MEWF1,0
D,DISPATCH,UNIT_SCADA,1,"2019/08/22 20:35:00",MINTARO,0
D,DISPATCH,UNIT_SCADA,1,"2019/08/22 20:35:00",MOREESF1,0
D,DISPATCH,UNIT_SCADA,1,"2019/08/22 20:35:00",MORTLK11,260
D,DISPATCH,UNIT_SCADA,1,"2019/08/22 20:35:00",MORTLK12,0
D,DISPATCH,UNIT_SCADA,1,"2019/08/22 20:35:00",MP1,279.525020
D,DISPATCH,UNIT_SCADA,1,"2019/08/22 20:35:00",MP2,0
D,DISPATCH,UNIT_SCADA,1,"2019/08/22 20:35:00",MPP_1,409.75
D,DISPATCH,UNIT_SCADA,1,"2019/08/22 20:35:00",MPP_2,419.25
D,DISPATCH,UNIT_SCADA,1,"2019/08/22 20:35:00",MSTUART1,0
D,DISPATCH,UNIT_SCADA,1,"2019/08/22 20:35:00",MSTUART2,0
D,DISPATCH,UNIT_SCADA,1,"2019/08/22 20:35:00",MSTUART3,0
D,DISPATCH,UNIT_SCADA,1,"2019/08/22 20:35:00",MTGELWF1,2.618490
D,DISPATCH,UNIT_SCADA,1,"2019/08/22 20:35:00",MURRAY,792.599730
D,DISPATCH,UNIT_SCADA,1,"2019/08/22 20:35:00",MUSSELR1,14.20
D,DISPATCH,UNIT_SCADA,1,"2019/08/22 20:35:00",MUWAWF1,10.89
D,DISPATCH,UNIT_SCADA,1,"2019/08/22 20:35:00",NBHWF1,5.60
D,DISPATCH,UNIT_SCADA,1,"2019/08/22 20:35:00",NPS,511.50
D,DISPATCH,UNIT_SCADA,1,"2019/08/22 20:35:00",NUMURSF1,0
D,DISPATCH,UNIT_SCADA,1,"2019/08/22 20:35:00",NYNGAN1,0
D,DISPATCH,UNIT_SCADA,1,"2019/08/22 20:35:00",OAKEY1,0
D,DISPATCH,UNIT_SCADA,1,"2019/08/22 20:35:00",OAKEY1SF,0.02
D,DISPATCH,UNIT_SCADA,1,"2019/08/22 20:35:00",OAKEY2,0
D,DISPATCH,UNIT_SCADA,1,"2019/08/22 20:35:00",OAKLAND1,8.80
D,DISPATCH,UNIT_SCADA,1,"2019/08/22 20:35:00",OSB-AG,183.48
D,DISPATCH,UNIT_SCADA,1,"2019/08/22 20:35:00",PARSF1,0
D,DISPATCH,UNIT_SCADA,1,"2019/08/22 20:35:00",POAT110,19.949280
D,DISPATCH,UNIT_SCADA,1,"2019/08/22 20:35:00",POAT220,40.199120
D,DISPATCH,UNIT_SCADA,1,"2019/08/22 20:35:00",POR01,0
D,DISPATCH,UNIT_SCADA,1,"2019/08/22 20:35:00",POR03,0
D,DISPATCH,UNIT_SCADA,1,"2019/08/22 20:35:00",PPCCGT,492.998050
D,DISPATCH,UNIT_SCADA,1,"2019/08/22 20:35:00",PTSTAN1,0
D,DISPATCH,UNIT_SCADA,1,"2019/08/22 20:35:00",PUMP1,0
D,DISPATCH,UNIT_SCADA,1,"2019/08/22 20:35:00",PUMP2,0
D,DISPATCH,UNIT_SCADA,1,"2019/08/22 20:35:00",QPS1,29.10
D,DISPATCH,UNIT_SCADA,1,"2019/08/22 20:35:00",QPS2,0
D,DISPATCH,UNIT_SCADA,1,"2019/08/22 20:35:00",QPS3,0
D,DISPATCH,UNIT_SCADA,1,"2019/08/22 20:35:00",QPS4,0
D,DISPATCH,UNIT_SCADA,1,"2019/08/22 20:35:00",QPS5,126.05
D,DISPATCH,UNIT_SCADA,1,"2019/08/22 20:35:00",REECE1,119.38
D,DISPATCH,UNIT_SCADA,1,"2019/08/22 20:35:00",REECE2,118.820010
D,DISPATCH,UNIT_SCADA,1,"2019/08/22 20:35:00",ROMA_7,0
D,DISPATCH,UNIT_SCADA,1,"2019/08/22 20:35:00",ROMA_8,0
D,DISPATCH,UNIT_SCADA,1,"2019/08/22 20:35:00",RRSF1,0
D,DISPATCH,UNIT_SCADA,1,"2019/08/22 20:35:00",RT_NSW1,0
D,DISPATCH,UNIT_SCADA,1,"2019/08/22 20:35:00",RT_NSW2,0
D,DISPATCH,UNIT_SCADA,1,"2019/08/22 20:35:00",RT_NSW3,0
D,DISPATCH,UNIT_SCADA,1,"2019/08/22 20:35:00",RT_NSW4,0
D,DISPATCH,UNIT_SCADA,1,"2019/08/22 20:35:00",RT_NSW5,0
D,DISPATCH,UNIT_SCADA,1,"2019/08/22 20:35:00",RT_NSW6,0
D,DISPATCH,UNIT_SCADA,1,"2019/08/22 20:35:00",RT_QLD1,0
D,DISPATCH,UNIT_SCADA,1,"2019/08/22 20:35:00",RT_SA1,0
D,DISPATCH,UNIT_SCADA,1,"2019/08/22 20:35:00",RT_SA2,0
D,DISPATCH,UNIT_SCADA,1,"2019/08/22 20:35:00",RT_SA3,0
D,DISPATCH,UNIT_SCADA,1,"2019/08/22 20:35:00",RT_SA4,0
D,DISPATCH,UNIT_SCADA,1,"2019/08/22 20:35:00",RT_SA5,0
D,DISPATCH,UNIT_SCADA,1,"2019/08/22 20:35:00",RT_SA6,0
D,DISPATCH,UNIT_SCADA,1,"2019/08/22 20:35:00",RT_TAS1,0
D,DISPATCH,UNIT_SCADA,1,"2019/08/22 20:35:00",RT_VIC1,0
D,DISPATCH,UNIT_SCADA,1,"2019/08/22 20:35:00",RT_VIC10,0
D,DISPATCH,UNIT_SCADA,1,"2019/08/22 20:35:00",RT_VIC11,0
D,DISPATCH,UNIT_SCADA,1,"2019/08/22 20:35:00",RT_VIC12,0
D,DISPATCH,UNIT_SCADA,1,"2019/08/22 20:35:00",RT_VIC2,0
D,DISPATCH,UNIT_SCADA,1,"2019/08/22 20:35:00",RT_VIC3,0
D,DISPATCH,UNIT_SCADA,1,"2019/08/22 20:35:00",RT_VIC4,0
D,DISPATCH,UNIT_SCADA,1,"2019/08/22 20:35:00",RT_VIC5,0
D,DISPATCH,UNIT_SCADA,1,"2019/08/22 20:35:00",RT_VIC6,0
D,DISPATCH,UNIT_SCADA,1,"2019/08/22 20:35:00",RT_VIC7,0
D,DISPATCH,UNIT_SCADA,1,"2019/08/22 20:35:00",RT_VIC8,0
D,DISPATCH,UNIT_SCADA,1,"2019/08/22 20:35:00",RT_VIC9,0
D,DISPATCH,UNIT_SCADA,1,"2019/08/22 20:35:00",RUGBYR1,0
D,DISPATCH,UNIT_SCADA,1,"2019/08/22 20:35:00",SALTCRK1,0.26
D,DISPATCH,UNIT_SCADA,1,"2019/08/22 20:35:00",SAPHWF1,73.040620
D,DISPATCH,UNIT_SCADA,1,"2019/08/22 20:35:00",SHGEN,200.899990
D,DISPATCH,UNIT_SCADA,1,"2019/08/22 20:35:00",SHPUMP,0
D,DISPATCH,UNIT_SCADA,1,"2019/08/22 20:35:00",SITHE01,0.784350
D,DISPATCH,UNIT_SCADA,1,"2019/08/22 20:35:00",SMCSF1,0
D,DISPATCH,UNIT_SCADA,1,"2019/08/22 20:35:00",SNOWNTH1,7
D,DISPATCH,UNIT_SCADA,1,"2019/08/22 20:35:00",SNOWSTH1,15.60
D,DISPATCH,UNIT_SCADA,1,"2019/08/22 20:35:00",SNOWTWN1,4.166320
D,DISPATCH,UNIT_SCADA,1,"2019/08/22 20:35:00",SNOWYP,0
D,DISPATCH,UNIT_SCADA,1,"2019/08/22 20:35:00",SNUG1,0.019440
D,DISPATCH,UNIT_SCADA,1,"2019/08/22 20:35:00",SRSF1,0.43
D,DISPATCH,UNIT_SCADA,1,"2019/08/22 20:35:00",STAN-1,0
D,DISPATCH,UNIT_SCADA,1,"2019/08/22 20:35:00",STAN-2,343.593930
D,DISPATCH,UNIT_SCADA,1,"2019/08/22 20:35:00",STAN-3,348.656980
D,DISPATCH,UNIT_SCADA,1,"2019/08/22 20:35:00",STAN-4,364.384430
D,DISPATCH,UNIT_SCADA,1,"2019/08/22 20:35:00",STWF1,125.358750
D,DISPATCH,UNIT_SCADA,1,"2019/08/22 20:35:00",SWAN_E,0
D,DISPATCH,UNIT_SCADA,1,"2019/08/22 20:35:00",TALWA1,424
D,DISPATCH,UNIT_SCADA,1,"2019/08/22 20:35:00",TARALGA1,11.7820
D,DISPATCH,UNIT_SCADA,1,"2019/08/22 20:35:00",TARONG#1,349.100010
D,DISPATCH,UNIT_SCADA,1,"2019/08/22 20:35:00",TARONG#2,349.200010
D,DISPATCH,UNIT_SCADA,1,"2019/08/22 20:35:00",TARONG#3,260.600010
D,DISPATCH,UNIT_SCADA,1,"2019/08/22 20:35:00",TARONG#4,348.300020
D,DISPATCH,UNIT_SCADA,1,"2019/08/22 20:35:00",TARRALEA,83.90
D,DISPATCH,UNIT_SCADA,1,"2019/08/22 20:35:00",TBSF1,-0.20
D,DISPATCH,UNIT_SCADA,1,"2019/08/22 20:35:00",TNPS1,442.300020
D,DISPATCH,UNIT_SCADA,1,"2019/08/22 20:35:00",TORRA1,118.747860
D,DISPATCH,UNIT_SCADA,1,"2019/08/22 20:35:00",TORRA2,0
D,DISPATCH,UNIT_SCADA,1,"2019/08/22 20:35:00",TORRA3,46.924540
D,DISPATCH,UNIT_SCADA,1,"2019/08/22 20:35:00",TORRA4,112.198680
D,DISPATCH,UNIT_SCADA,1,"2019/08/22 20:35:00",TORRB1,133.94
D,DISPATCH,UNIT_SCADA,1,"2019/08/22 20:35:00",TORRB2,199.47
D,DISPATCH,UNIT_SCADA,1,"2019/08/22 20:35:00",TORRB3,0
D,DISPATCH,UNIT_SCADA,1,"2019/08/22 20:35:00",TORRB4,0
D,DISPATCH,UNIT_SCADA,1,"2019/08/22 20:35:00",TREVALLN,88.210030
D,DISPATCH,UNIT_SCADA,1,"2019/08/22 20:35:00",TRIBUTE,85.06
D,DISPATCH,UNIT_SCADA,1,"2019/08/22 20:35:00",TUMUT3,0
D,DISPATCH,UNIT_SCADA,1,"2019/08/22 20:35:00",TUNGATIN,139.560030
D,DISPATCH,UNIT_SCADA,1,"2019/08/22 20:35:00",TVCC201,0
D,DISPATCH,UNIT_SCADA,1,"2019/08/22 20:35:00",TVPP104,57.865630
D,DISPATCH,UNIT_SCADA,1,"2019/08/22 20:35:00",UPPTUMUT,270.545750
D,DISPATCH,UNIT_SCADA,1,"2019/08/22 20:35:00",URANQ11,0
D,DISPATCH,UNIT_SCADA,1,"2019/08/22 20:35:00",URANQ12,0
D,DISPATCH,UNIT_SCADA,1,"2019/08/22 20:35:00",URANQ13,0
D,DISPATCH,UNIT_SCADA,1,"2019/08/22 20:35:00",URANQ14,0
D,DISPATCH,UNIT_SCADA,1,"2019/08/22 20:35:00",VP5,629.300050
D,DISPATCH,UNIT_SCADA,1,"2019/08/22 20:35:00",VP6,632.50
D,DISPATCH,UNIT_SCADA,1,"2019/08/22 20:35:00",VPGS1,0
D,DISPATCH,UNIT_SCADA,1,"2019/08/22 20:35:00",VPGS2,0
D,DISPATCH,UNIT_SCADA,1,"2019/08/22 20:35:00",VPGS3,0
D,DISPATCH,UNIT_SCADA,1,"2019/08/22 20:35:00",VPGS4,0
D,DISPATCH,UNIT_SCADA,1,"2019/08/22 20:35:00",VPGS5,0
D,DISPATCH,UNIT_SCADA,1,"2019/08/22 20:35:00",VPGS6,0
D,DISPATCH,UNIT_SCADA,1,"2019/08/22 20:35:00",W/HOE#1,0
D,DISPATCH,UNIT_SCADA,1,"2019/08/22 20:35:00",W/HOE#2,0
D,DISPATCH,UNIT_SCADA,1,"2019/08/22 20:35:00",WATERLWF,-0.90
D,DISPATCH,UNIT_SCADA,1,"2019/08/22 20:35:00",WEMENSF1,0
D,DISPATCH,UNIT_SCADA,1,"2019/08/22 20:35:00",WGWF1,7.40
D,DISPATCH,UNIT_SCADA,1,"2019/08/22 20:35:00",WHITSF1,0
D,DISPATCH,UNIT_SCADA,1,"2019/08/22 20:35:00",WKIEWA1,32
D,DISPATCH,UNIT_SCADA,1,"2019/08/22 20:35:00",WKIEWA2,32
D,DISPATCH,UNIT_SCADA,1,"2019/08/22 20:35:00",WOODLWN1,6.605990
D,DISPATCH,UNIT_SCADA,1,"2019/08/22 20:35:00",WRSF1,0
D,DISPATCH,UNIT_SCADA,1,"2019/08/22 20:35:00",WRWF1,32.001240
D,DISPATCH,UNIT_SCADA,1,"2019/08/22 20:35:00",YABULU,0
D,DISPATCH,UNIT_SCADA,1,"2019/08/22 20:35:00",YABULU2,0
D,DISPATCH,UNIT_SCADA,1,"2019/08/22 20:35:00",YARWUN_1,0
D,DISPATCH,UNIT_SCADA,1,"2019/08/22 20:35:00",YENDWF1,10.55
D,DISPATCH,UNIT_SCADA,1,"2019/08/22 20:35:00",YWPS1,368.921510
D,DISPATCH,UNIT_SCADA,1,"2019/08/22 20:35:00",YWPS2,280.197480
D,DISPATCH,UNIT_SCADA,1,"2019/08/22 20:35:00",YWPS3,0
D,DISPATCH,UNIT_SCADA,1,"2019/08/22 20:35:00",YWPS4,395.802520
C,"END OF REPORT",334
