C,NEMP.WORLD,DISPATCHSCADA,AEMO,PUBLIC,2019/08/21,16:15:08,0000000311832600,DISPATCHSCADA,0000000311832594
I,DISPATCH,UNIT_SCADA,1,SETTLEMENTDATE,DUID,SCADAVALUE
D,DISPATCH,UNIT_SCADA,1,"2019/08/21 16:20:00",BARCSF1,7
D,DISPATCH,UNIT_SCADA,1,"2019/08/21 16:20:00",BUTLERSG,9.599998
D,DISPATCH,UNIT_SCADA,1,"2019/08/21 16:20:00",CALL_A_4,0
D,DISPATCH,UNIT_SCADA,1,"2019/08/21 16:20:00",CAPTL_WF,133.040009
D,DISPATCH,UNIT_SCADA,1,"2019/08/21 16:20:00",CATHROCK,22.959999
D,DISPATCH,UNIT_SCADA,1,"2019/08/21 16:20:00",CHALLHWF,28.099998
D,DISPATCH,UNIT_SCADA,1,"2019/08/21 16:20:00",CLOVER,0
D,DISPATCH,UNIT_SCADA,1,"2019/08/21 16:20:00",CLUNY,20.149691
D,DISPATCH,UNIT_SCADA,1,"2019/08/21 16:20:00",CNUNDAWF,37.944263
D,DISPATCH,UNIT_SCADA,1,"2019/08/21 16:20:00",CULLRGWF,30.51
D,DISPATCH,UNIT_SCADA,1,"2019/08/21 16:20:00",ERGT01,0
D,DISPATCH,UNIT_SCADA,1,"2019/08/21 16:20:00",GB01,0.068523
D,DISPATCH,UNIT_SCADA,1,"2019/08/21 16:20:00",GERMCRK,37.400002
D,DISPATCH,UNIT_SCADA,1,"2019/08/21 16:20:00",GRIFSF1,23.300003
D,DISPATCH,UNIT_SCADA,1,"2019/08/21 16:20:00",HUGSF1,8.919001
D,DISPATCH,UNIT_SCADA,1,"2019/08/21 16:20:00",LKBONNY1,64.392052
D,DISPATCH,UNIT_SCADA,1,"2019/08/21 16:20:00",LRSF1,12.722001
D,DISPATCH,UNIT_SCADA,1,"2019/08/21 16:20:00",MBAHNTH,55.856247
D,DISPATCH,UNIT_SCADA,1,"2019/08/21 16:20:00",MLSP1,1.083001
D,DISPATCH,UNIT_SCADA,1,"2019/08/21 16:20:00",MLWF1,19.380001
D,DISPATCH,UNIT_SCADA,1,"2019/08/21 16:20:00",MTMILLAR,8.125912
D,DISPATCH,UNIT_SCADA,1,"2019/08/21 16:20:00",PALOONA,24.709999
D,DISPATCH,UNIT_SCADA,1,"2019/08/21 16:20:00",PIONEER,25.10
D,DISPATCH,UNIT_SCADA,1,"2019/08/21 16:20:00",PORTWF,140.199997
D,DISPATCH,UNIT_SCADA,1,"2019/08/21 16:20:00",REPULSE,28.803539
D,DISPATCH,UNIT_SCADA,1,"2019/08/21 16:20:00",ROWALLAN,10.2666
D,DISPATCH,UNIT_SCADA,1,"2019/08/21 16:20:00",ROYALLA1,5.662001
D,DISPATCH,UNIT_SCADA,1,"2019/08/21 16:20:00",RPCG,11.50
D,DISPATCH,UNIT_SCADA,1,"2019/08/21 16:20:00",RUBICON,0
D,DISPATCH,UNIT_SCADA,1,"2019/08/21 16:20:00",SATGN1,0
D,DISPATCH,UNIT_SCADA,1,"2019/08/21 16:20:00",SATGS1,0
D,DISPATCH,UNIT_SCADA,1,"2019/08/21 16:20:00",STARHLWF,3.598951
D,DISPATCH,UNIT_SCADA,1,"2019/08/21 16:20:00",WAUBRAWF,177.929001
D,DISPATCH,UNIT_SCADA,1,"2019/08/21 16:20:00",WOOLNTH1,133.780014
D,DISPATCH,UNIT_SCADA,1,"2019/08/21 16:20:00",WPWF,74
D,DISPATCH,UNIT_SCADA,1,"2019/08/21 16:20:00",YAMBUKWF,28.200001
D,DISPATCH,UNIT_SCADA,1,"2019/08/21 16:20:00",YSWF1,28.799999
D,DISPATCH,UNIT_SCADA,1,"2019/08/21 16:20:00",AGLHAL,0
D,DISPATCH,UNIT_SCADA,1,"2019/08/21 16:20:00",AGLSOM,0
D,DISPATCH,UNIT_SCADA,1,"2019/08/21 16:20:00",ANGAST1,0
D,DISPATCH,UNIT_SCADA,1,"2019/08/21 16:20:00",ARWF1,159.899990
D,DISPATCH,UNIT_SCADA,1,"2019/08/21 16:20:00",BALBG1,12.49
D,DISPATCH,UNIT_SCADA,1,"2019/08/21 16:20:00",BALBL1,0
D,DISPATCH,UNIT_SCADA,1,"2019/08/21 16:20:00",BALDHWF1,101.1680
D,DISPATCH,UNIT_SCADA,1,"2019/08/21 16:20:00",BANN1,27.36
D,DISPATCH,UNIT_SCADA,1,"2019/08/21 16:20:00",BARCALDN,0
D,DISPATCH,UNIT_SCADA,1,"2019/08/21 16:20:00",BARRON-1,0
D,DISPATCH,UNIT_SCADA,1,"2019/08/21 16:20:00",BARRON-2,25.92
D,DISPATCH,UNIT_SCADA,1,"2019/08/21 16:20:00",BASTYAN,78.51
D,DISPATCH,UNIT_SCADA,1,"2019/08/21 16:20:00",BBTHREE1,-2.01
D,DISPATCH,UNIT_SCADA,1,"2019/08/21 16:20:00",BBTHREE2,-1.99
D,DISPATCH,UNIT_SCADA,1,"2019/08/21 16:20:00",BBTHREE3,-1.14
D,DISPATCH,UNIT_SCADA,1,"2019/08/21 16:20:00",BDL01,0
D,DISPATCH,UNIT_SCADA,1,"2019/08/21 16:20:00",BDL02,0
D,DISPATCH,UNIT_SCADA,1,"2019/08/21 16:20:00",BERYLSF1,30.759930
D,DISPATCH,UNIT_SCADA,1,"2019/08/21 16:20:00",BLOWERNG,0
D,DISPATCH,UNIT_SCADA,1,"2019/08/21 16:20:00",BLUFF1,46.60
D,DISPATCH,UNIT_SCADA,1,"2019/08/21 16:20:00",BNGSF1,93.93
D,DISPATCH,UNIT_SCADA,1,"2019/08/21 16:20:00",BNGSF2,20
D,DISPATCH,UNIT_SCADA,1,"2019/08/21 16:20:00",BOCORWF1,111.51
D,DISPATCH,UNIT_SCADA,1,"2019/08/21 16:20:00",BODWF1,103.671640
D,DISPATCH,UNIT_SCADA,1,"2019/08/21 16:20:00",BRAEMAR1,0
D,DISPATCH,UNIT_SCADA,1,"2019/08/21 16:20:00",BRAEMAR2,0
D,DISPATCH,UNIT_SCADA,1,"2019/08/21 16:20:00",BRAEMAR3,0
D,DISPATCH,UNIT_SCADA,1,"2019/08/21 16:20:00",BRAEMAR5,0
D,DISPATCH,UNIT_SCADA,1,"2019/08/21 16:20:00",BRAEMAR6,0
D,DISPATCH,UNIT_SCADA,1,"2019/08/21 16:20:00",BRAEMAR7,0
D,DISPATCH,UNIT_SCADA,1,"2019/08/21 16:20:00",BROKENH1,11.673340
D,DISPATCH,UNIT_SCADA,1,"2019/08/21 16:20:00",BW01,503.674930
D,DISPATCH,UNIT_SCADA,1,"2019/08/21 16:20:00",BW02,523.224980
D,DISPATCH,UNIT_SCADA,1,"2019/08/21 16:20:00",BW03,529.50
D,DISPATCH,UNIT_SCADA,1,"2019/08/21 16:20:00",BW04,0
D,DISPATCH,UNIT_SCADA,1,"2019/08/21 16:20:00",CALL_B_1,347.100010
D,DISPATCH,UNIT_SCADA,1,"2019/08/21 16:20:00",CALL_B_2,350.300020
D,DISPATCH,UNIT_SCADA,1,"2019/08/21 16:20:00",CETHANA,40.105750
D,DISPATCH,UNIT_SCADA,1,"2019/08/21 16:20:00",CG1,0
D,DISPATCH,UNIT_SCADA,1,"2019/08/21 16:20:00",CG2,0
D,DISPATCH,UNIT_SCADA,1,"2019/08/21 16:20:00",CG3,0
D,DISPATCH,UNIT_SCADA,1,"2019/08/21 16:20:00",CG4,0
D,DISPATCH,UNIT_SCADA,1,"2019/08/21 16:20:00",CHILDSF1,34.48
D,DISPATCH,UNIT_SCADA,1,"2019/08/21 16:20:00",CLARESF1,36.6039
D,DISPATCH,UNIT_SCADA,1,"2019/08/21 16:20:00",CLEMGPWF,22.907140
D,DISPATCH,UNIT_SCADA,1,"2019/08/21 16:20:00",CLERMSF1,14.77
D,DISPATCH,UNIT_SCADA,1,"2019/08/21 16:20:00",COLEASF1,75
D,DISPATCH,UNIT_SCADA,1,"2019/08/21 16:20:00",COOPGWF1,25.697730
D,DISPATCH,UNIT_SCADA,1,"2019/08/21 16:20:00",CPP_3,398.75
D,DISPATCH,UNIT_SCADA,1,"2019/08/21 16:20:00",CPP_4,403.975010
D,DISPATCH,UNIT_SCADA,1,"2019/08/21 16:20:00",CPSA,142.558750
D,DISPATCH,UNIT_SCADA,1,"2019/08/21 16:20:00",CROOKWF2,91.155010
D,DISPATCH,UNIT_SCADA,1,"2019/08/21 16:20:00",CROWLWF1,47.702010
D,DISPATCH,UNIT_SCADA,1,"2019/08/21 16:20:00",CSPVPS1,18.2720
D,DISPATCH,UNIT_SCADA,1,"2019/08/21 16:20:00",DALNTH01,0
D,DISPATCH,UNIT_SCADA,1,"2019/08/21 16:20:00",DALNTHL1,0.086980
D,DISPATCH,UNIT_SCADA,1,"2019/08/21 16:20:00",DARTM1,0
D,DISPATCH,UNIT_SCADA,1,"2019/08/21 16:20:00",DAYDSF1,100.656010
D,DISPATCH,UNIT_SCADA,1,"2019/08/21 16:20:00",DDPS1,150.095550
D,DISPATCH,UNIT_SCADA,1,"2019/08/21 16:20:00",DDSF1,42.078210
D,DISPATCH,UNIT_SCADA,1,"2019/08/21 16:20:00",DEVILS_G,0
D,DISPATCH,UNIT_SCADA,1,"2019/08/21 16:20:00",DG_NSW1,0
D,DISPATCH,UNIT_SCADA,1,"2019/08/21 16:20:00",DG_QLD1,0
D,DISPATCH,UNIT_SCADA,1,"2019/08/21 16:20:00",DG_SA1,0
D,DISPATCH,UNIT_SCADA,1,"2019/08/21 16:20:00",DG_TAS1,0
D,DISPATCH,UNIT_SCADA,1,"2019/08/21 16:20:00",DG_VIC1,0
D,DISPATCH,UNIT_SCADA,1,"2019/08/21 16:20:00",DRYCGT1,0
D,DISPATCH,UNIT_SCADA,1,"2019/08/21 16:20:00",DRYCGT2,0
D,DISPATCH,UNIT_SCADA,1,"2019/08/21 16:20:00",DRYCGT3,0
D,DISPATCH,UNIT_SCADA,1,"2019/08/21 16:20:00",EILDON1,0
D,DISPATCH,UNIT_SCADA,1,"2019/08/21 16:20:00",EILDON2,0
D,DISPATCH,UNIT_SCADA,1,"2019/08/21 16:20:00",EMERASF1,52.45
D,DISPATCH,UNIT_SCADA,1,"2019/08/21 16:20:00",ER01,468.6250
D,DISPATCH,UNIT_SCADA,1,"2019/08/21 16:20:00",ER02,472.150020
D,DISPATCH,UNIT_SCADA,1,"2019/08/21 16:20:00",ER03,698.349980
D,DISPATCH,UNIT_SCADA,1,"2019/08/21 16:20:00",ER04,471.599980
D,DISPATCH,UNIT_SCADA,1,"2019/08/21 16:20:00",FINLYSF1,0.369560
D,DISPATCH,UNIT_SCADA,1,"2019/08/21 16:20:00",FISHER,45.89
D,DISPATCH,UNIT_SCADA,1,"2019/08/21 16:20:00",GANNBG1,5.598320
D,DISPATCH,UNIT_SCADA,1,"2019/08/21 16:20:00",GANNBL1,0
D,DISPATCH,UNIT_SCADA,1,"2019/08/21 16:20:00",GANNSF1,12
D,DISPATCH,UNIT_SCADA,1,"2019/08/21 16:20:00",GORDON,1.9376
D,DISPATCH,UNIT_SCADA,1,"2019/08/21 16:20:00",GSTONE1,139.8250
D,DISPATCH,UNIT_SCADA,1,"2019/08/21 16:20:00",GSTONE2,128.6250
D,DISPATCH,UNIT_SCADA,1,"2019/08/21 16:20:00",GSTONE3,138.0750
D,DISPATCH,UNIT_SCADA,1,"2019/08/21 16:20:00",GSTONE4,137.899990
D,DISPATCH,UNIT_SCADA,1,"2019/08/21 16:20:00",GSTONE5,138.25
D,DISPATCH,UNIT_SCADA,1,"2019/08/21 16:20:00",GSTONE6,0
D,DISPATCH,UNIT_SCADA,1,"2019/08/21 16:20:00",GULLRSF1,0.716770
D,DISPATCH,UNIT_SCADA,1,"2019/08/21 16:20:00",GULLRWF1,159.575260
D,DISPATCH,UNIT_SCADA,1,"2019/08/21 16:20:00",GUNNING1,44.719460
D,DISPATCH,UNIT_SCADA,1,"2019/08/21 16:20:00",GUTHEGA,0
D,DISPATCH,UNIT_SCADA,1,"2019/08/21 16:20:00",HALLWF1,86.58
D,DISPATCH,UNIT_SCADA,1,"2019/08/21 16:20:00",HALLWF2,44.60
D,DISPATCH,UNIT_SCADA,1,"2019/08/21 16:20:00",HAMISF1,42.10
D,DISPATCH,UNIT_SCADA,1,"2019/08/21 16:20:00",HAUGHT11,49.979390
D,DISPATCH,UNIT_SCADA,1,"2019/08/21 16:20:00",HAYMSF1,35.3210
D,DISPATCH,UNIT_SCADA,1,"2019/08/21 16:20:00",HDWF1,54
D,DISPATCH,UNIT_SCADA,1,"2019/08/21 16:20:00",HDWF2,52.80
D,DISPATCH,UNIT_SCADA,1,"2019/08/21 16:20:00",HDWF3,58.60
D,DISPATCH,UNIT_SCADA,1,"2019/08/21 16:20:00",HPRG1,12.60
D,DISPATCH,UNIT_SCADA,1,"2019/08/21 16:20:00",HPRL1,0
D,DISPATCH,UNIT_SCADA,1,"2019/08/21 16:20:00",HUMENSW,0
D,DISPATCH,UNIT_SCADA,1,"2019/08/21 16:20:00",HUMEV,11.10
D,DISPATCH,UNIT_SCADA,1,"2019/08/21 16:20:00",HVGTS,0
D,DISPATCH,UNIT_SCADA,1,"2019/08/21 16:20:00",JBUTTERS,137.53
D,DISPATCH,UNIT_SCADA,1,"2019/08/21 16:20:00",JLA01,0.50
D,DISPATCH,UNIT_SCADA,1,"2019/08/21 16:20:00",JLA02,0
D,DISPATCH,UNIT_SCADA,1,"2019/08/21 16:20:00",JLA03,0.10
D,DISPATCH,UNIT_SCADA,1,"2019/08/21 16:20:00",JLA04,0.10
D,DISPATCH,UNIT_SCADA,1,"2019/08/21 16:20:00",JLB01,0
D,DISPATCH,UNIT_SCADA,1,"2019/08/21 16:20:00",JLB02,0.10
D,DISPATCH,UNIT_SCADA,1,"2019/08/21 16:20:00",JLB03,0
D,DISPATCH,UNIT_SCADA,1,"2019/08/21 16:20:00",KAREEYA1,21.4925
D,DISPATCH,UNIT_SCADA,1,"2019/08/21 16:20:00",KAREEYA2,21.7550
D,DISPATCH,UNIT_SCADA,1,"2019/08/21 16:20:00",KAREEYA3,0
D,DISPATCH,UNIT_SCADA,1,"2019/08/21 16:20:00",KAREEYA4,21.6550
D,DISPATCH,UNIT_SCADA,1,"2019/08/21 16:20:00",KARSF1,10.20
D,DISPATCH,UNIT_SCADA,1,"2019/08/21 16:20:00",KIATAWF1,26.60
D,DISPATCH,UNIT_SCADA,1,"2019/08/21 16:20:00",KPP_1,0
D,DISPATCH,UNIT_SCADA,1,"2019/08/21 16:20:00",KSP1,44.98
D,DISPATCH,UNIT_SCADA,1,"2019/08/21 16:20:00",LADBROK1,0
D,DISPATCH,UNIT_SCADA,1,"2019/08/21 16:20:00",LADBROK2,0
D,DISPATCH,UNIT_SCADA,1,"2019/08/21 16:20:00",LD01,353.456270
D,DISPATCH,UNIT_SCADA,1,"2019/08/21 16:20:00",LD02,339.449950
D,DISPATCH,UNIT_SCADA,1,"2019/08/21 16:20:00",LD03,334.274930
D,DISPATCH,UNIT_SCADA,1,"2019/08/21 16:20:00",LD04,349.218750
D,DISPATCH,UNIT_SCADA,1,"2019/08/21 16:20:00",LEM_WIL,85.984950
D,DISPATCH,UNIT_SCADA,1,"2019/08/21 16:20:00",LGAPWF1,5.42
D,DISPATCH,UNIT_SCADA,1,"2019/08/21 16:20:00",LILYSF1,73.400310
D,DISPATCH,UNIT_SCADA,1,"2019/08/21 16:20:00",LI_WY_CA,149.435990
D,DISPATCH,UNIT_SCADA,1,"2019/08/21 16:20:00",LKBONNY2,142.291350
D,DISPATCH,UNIT_SCADA,1,"2019/08/21 16:20:00",LKBONNY3,33.604850
D,DISPATCH,UNIT_SCADA,1,"2019/08/21 16:20:00",LK_ECHO,0
D,DISPATCH,UNIT_SCADA,1,"2019/08/21 16:20:00",LNGS1,0
D,DISPATCH,UNIT_SCADA,1,"2019/08/21 16:20:00",LNGS2,0
D,DISPATCH,UNIT_SCADA,1,"2019/08/21 16:20:00",LONSDALE,0
D,DISPATCH,UNIT_SCADA,1,"2019/08/21 16:20:00",LOYYB1,538.720280
D,DISPATCH,UNIT_SCADA,1,"2019/08/21 16:20:00",LOYYB2,584.210140
D,DISPATCH,UNIT_SCADA,1,"2019/08/21 16:20:00",LYA1,552
D,DISPATCH,UNIT_SCADA,1,"2019/08/21 16:20:00",LYA2,0
D,DISPATCH,UNIT_SCADA,1,"2019/08/21 16:20:00",LYA3,559
D,DISPATCH,UNIT_SCADA,1,"2019/08/21 16:20:00",LYA4,521
D,DISPATCH,UNIT_SCADA,1,"2019/08/21 16:20:00",MACARTH1,280.693510
D,DISPATCH,UNIT_SCADA,1,"2019/08/21 16:20:00",MACKAYGT,0
D,DISPATCH,UNIT_SCADA,1,"2019/08/21 16:20:00",MACKNTSH,85.720010
D,DISPATCH,UNIT_SCADA,1,"2019/08/21 16:20:00",MANSLR1,2.95
D,DISPATCH,UNIT_SCADA,1,"2019/08/21 16:20:00",MCKAY1,0.02
D,DISPATCH,UNIT_SCADA,1,"2019/08/21 16:20:00",MEADOWBK,33.552920
D,DISPATCH,UNIT_SCADA,1,"2019/08/21 16:20:00",MERCER01,124.207990
D,DISPATCH,UNIT_SCADA,1,"2019/08/21 16:20:00",MEWF1,47.759360
D,DISPATCH,UNIT_SCADA,1,"2019/08/21 16:20:00",MINTARO,0
D,DISPATCH,UNIT_SCADA,1,"2019/08/21 16:20:00",MOREESF1,42.2620
D,DISPATCH,UNIT_SCADA,1,"2019/08/21 16:20:00",MORTLK11,0
D,DISPATCH,UNIT_SCADA,1,"2019/08/21 16:20:00",MORTLK12,0
D,DISPATCH,UNIT_SCADA,1,"2019/08/21 16:20:00",MP1,277.925050
D,DISPATCH,UNIT_SCADA,1,"2019/08/21 16:20:00",MP2,0
D,DISPATCH,UNIT_SCADA,1,"2019/08/21 16:20:00",MPP_1,301
D,DISPATCH,UNIT_SCADA,1,"2019/08/21 16:20:00",MPP_2,423.75
D,DISPATCH,UNIT_SCADA,1,"2019/08/21 16:20:00",MSTUART1,0
D,DISPATCH,UNIT_SCADA,1,"2019/08/21 16:20:00",MSTUART2,0
D,DISPATCH,UNIT_SCADA,1,"2019/08/21 16:20:00",MSTUART3,0
D,DISPATCH,UNIT_SCADA,1,"2019/08/21 16:20:00",MTGELWF1,63.998840
D,DISPATCH,UNIT_SCADA,1,"2019/08/21 16:20:00",MURRAY,0
D,DISPATCH,UNIT_SCADA,1,"2019/08/21 16:20:00",MUSSELR1,142.100010
D,DISPATCH,UNIT_SCADA,1,"2019/08/21 16:20:00",MUWAWF1,52.21
D,DISPATCH,UNIT_SCADA,1,"2019/08/21 16:20:00",NBHWF1,102.20
D,DISPATCH,UNIT_SCADA,1,"2019/08/21 16:20:00",NPS,99
D,DISPATCH,UNIT_SCADA,1,"2019/08/21 16:20:00",NUMURSF1,77.55
D,DISPATCH,UNIT_SCADA,1,"2019/08/21 16:20:00",NYNGAN1,43.75
D,DISPATCH,UNIT_SCADA,1,"2019/08/21 16:20:00",OAKEY1,0
D,DISPATCH,UNIT_SCADA,1,"2019/08/21 16:20:00",OAKEY1SF,15.3050
D,DISPATCH,UNIT_SCADA,1,"2019/08/21 16:20:00",OAKEY2,0
D,DISPATCH,UNIT_SCADA,1,"2019/08/21 16:20:00",OAKLAND1,59.60
D,DISPATCH,UNIT_SCADA,1,"2019/08/21 16:20:00",OSB-AG,0
D,DISPATCH,UNIT_SCADA,1,"2019/08/21 16:20:00",PARSF1,7.500010
D,DISPATCH,UNIT_SCADA,1,"2019/08/21 16:20:00",POAT110,0
D,DISPATCH,UNIT_SCADA,1,"2019/08/21 16:20:00",POAT220,0.554240
D,DISPATCH,UNIT_SCADA,1,"2019/08/21 16:20:00",POR01,0
D,DISPATCH,UNIT_SCADA,1,"2019/08/21 16:20:00",POR03,0
D,DISPATCH,UNIT_SCADA,1,"2019/08/21 16:20:00",PPCCGT,174.894410
D,DISPATCH,UNIT_SCADA,1,"2019/08/21 16:20:00",PTSTAN1,0
D,DISPATCH,UNIT_SCADA,1,"2019/08/21 16:20:00",PUMP1,0
D,DISPATCH,UNIT_SCADA,1,"2019/08/21 16:20:00",PUMP2,0
D,DISPATCH,UNIT_SCADA,1,"2019/08/21 16:20:00",QPS1,0
D,DISPATCH,UNIT_SCADA,1,"2019/08/21 16:20:00",QPS2,0
D,DISPATCH,UNIT_SCADA,1,"2019/08/21 16:20:00",QPS3,0
D,DISPATCH,UNIT_SCADA,1,"2019/08/21 16:20:00",QPS4,0
D,DISPATCH,UNIT_SCADA,1,"2019/08/21 16:20:00",QPS5,0
D,DISPATCH,UNIT_SCADA,1,"2019/08/21 16:20:00",REECE1,118.530010
D,DISPATCH,UNIT_SCADA,1,"2019/08/21 16:20:00",REECE2,116.840010
D,DISPATCH,UNIT_SCADA,1,"2019/08/21 16:20:00",ROMA_7,0
D,DISPATCH,UNIT_SCADA,1,"2019/08/21 16:20:00",ROMA_8,0
D,DISPATCH,UNIT_SCADA,1,"2019/08/21 16:20:00",RRSF1,80.526680
D,DISPATCH,UNIT_SCADA,1,"2019/08/21 16:20:00",RT_NSW1,0
D,DISPATCH,UNIT_SCADA,1,"2019/08/21 16:20:00",RT_NSW2,0
D,DISPATCH,UNIT_SCADA,1,"2019/08/21 16:20:00",RT_NSW3,0
D,DISPATCH,UNIT_SCADA,1,"2019/08/21 16:20:00",RT_NSW4,0
D,DISPATCH,UNIT_SCADA,1,"2019/08/21 16:20:00",RT_NSW5,0
D,DISPATCH,UNIT_SCADA,1,"2019/08/21 16:20:00",RT_NSW6,0
D,DISPATCH,UNIT_SCADA,1,"2019/08/21 16:20:00",RT_QLD1,0
D,DISPATCH,UNIT_SCADA,1,"2019/08/21 16:20:00",RT_SA1,0
D,DISPATCH,UNIT_SCADA,1,"2019/08/21 16:20:00",RT_SA2,0
D,DISPATCH,UNIT_SCADA,1,"2019/08/21 16:20:00",RT_SA3,0
D,DISPATCH,UNIT_SCADA,1,"2019/08/21 16:20:00",RT_SA4,0
D,DISPATCH,UNIT_SCADA,1,"2019/08/21 16:20:00",RT_SA5,0
D,DISPATCH,UNIT_SCADA,1,"2019/08/21 16:20:00",RT_SA6,0
D,DISPATCH,UNIT_SCADA,1,"2019/08/21 16:20:00",RT_TAS1,0
D,DISPATCH,UNIT_SCADA,1,"2019/08/21 16:20:00",RT_VIC1,0
D,DISPATCH,UNIT_SCADA,1,"2019/08/21 16:20:00",RT_VIC10,0
D,DISPATCH,UNIT_SCADA,1,"2019/08/21 16:20:00",RT_VIC11,0
D,DISPATCH,UNIT_SCADA,1,"2019/08/21 16:20:00",RT_VIC12,0
D,DISPATCH,UNIT_SCADA,1,"2019/08/21 16:20:00",RT_VIC2,0
D,DISPATCH,UNIT_SCADA,1,"2019/08/21 16:20:00",RT_VIC3,0
D,DISPATCH,UNIT_SCADA,1,"2019/08/21 16:20:00",RT_VIC4,0
D,DISPATCH,UNIT_SCADA,1,"2019/08/21 16:20:00",RT_VIC5,0
D,DISPATCH,UNIT_SCADA,1,"2019/08/21 16:20:00",RT_VIC6,0
D,DISPATCH,UNIT_SCADA,1,"2019/08/21 16:20:00",RT_VIC7,0
D,DISPATCH,UNIT_SCADA,1,"2019/08/21 16:20:00",RT_VIC8,0
D,DISPATCH,UNIT_SCADA,1,"2019/08/21 16:20:00",RT_VIC9,0
D,DISPATCH,UNIT_SCADA,1,"2019/08/21 16:20:00",RUGBYR1,42.846210
D,DISPATCH,UNIT_SCADA,1,"2019/08/21 16:20:00",SALTCRK1,51.07
D,DISPATCH,UNIT_SCADA,1,"2019/08/21 16:20:00",SAPHWF1,187.378110
D,DISPATCH,UNIT_SCADA,1,"2019/08/21 16:20:00",SHGEN,0
D,DISPATCH,UNIT_SCADA,1,"2019/08/21 16:20:00",SHPUMP,0
D,DISPATCH,UNIT_SCADA,1,"2019/08/21 16:20:00",SITHE01,0.005650
D,DISPATCH,UNIT_SCADA,1,"2019/08/21 16:20:00",SMCSF1,41.318260
D,DISPATCH,UNIT_SCADA,1,"2019/08/21 16:20:00",SNOWNTH1,55.50
D,DISPATCH,UNIT_SCADA,1,"2019/08/21 16:20:00",SNOWSTH1,79.100010
D,DISPATCH,UNIT_SCADA,1,"2019/08/21 16:20:00",SNOWTWN1,40.228550
D,DISPATCH,UNIT_SCADA,1,"2019/08/21 16:20:00",SNOWYP,0
D,DISPATCH,UNIT_SCADA,1,"2019/08/21 16:20:00",SNUG1,0.019440
D,DISPATCH,UNIT_SCADA,1,"2019/08/21 16:20:00",SRSF1,34.55
D,DISPATCH,UNIT_SCADA,1,"2019/08/21 16:20:00",STAN-1,0
D,DISPATCH,UNIT_SCADA,1,"2019/08/21 16:20:00",STAN-2,282.2095
D,DISPATCH,UNIT_SCADA,1,"2019/08/21 16:20:00",STAN-3,284.260350
D,DISPATCH,UNIT_SCADA,1,"2019/08/21 16:20:00",STAN-4,282.952940
D,DISPATCH,UNIT_SCADA,1,"2019/08/21 16:20:00",STWF1,27.281250
D,DISPATCH,UNIT_SCADA,1,"2019/08/21 16:20:00",SWAN_E,0
D,DISPATCH,UNIT_SCADA,1,"2019/08/21 16:20:00",TALWA1,52
D,DISPATCH,UNIT_SCADA,1,"2019/08/21 16:20:00",TARALGA1,69.8250
D,DISPATCH,UNIT_SCADA,1,"2019/08/21 16:20:00",TARONG#1,285.899990
D,DISPATCH,UNIT_SCADA,1,"2019/08/21 16:20:00",TARONG#2,286.300020
D,DISPATCH,UNIT_SCADA,1,"2019/08/21 16:20:00",TARONG#3,259.700010
D,DISPATCH,UNIT_SCADA,1,"2019/08/21 16:20:00",TARONG#4,279.399990
D,DISPATCH,UNIT_SCADA,1,"2019/08/21 16:20:00",TARRALEA,86.30
D,DISPATCH,UNIT_SCADA,1,"2019/08/21 16:20:00",TBSF1,57.60
D,DISPATCH,UNIT_SCADA,1,"2019/08/21 16:20:00",TNPS1,442.000030
D,DISPATCH,UNIT_SCADA,1,"2019/08/21 16:20:00",TORRA1,45.061610
D,DISPATCH,UNIT_SCADA,1,"2019/08/21 16:20:00",TORRA2,0
D,DISPATCH,UNIT_SCADA,1,"2019/08/21 16:20:00",TORRA3,0
D,DISPATCH,UNIT_SCADA,1,"2019/08/21 16:20:00",TORRA4,0
D,DISPATCH,UNIT_SCADA,1,"2019/08/21 16:20:00",TORRB1,41.54
D,DISPATCH,UNIT_SCADA,1,"2019/08/21 16:20:00",TORRB2,53.39
D,DISPATCH,UNIT_SCADA,1,"2019/08/21 16:20:00",TORRB3,0
D,DISPATCH,UNIT_SCADA,1,"2019/08/21 16:20:00",TORRB4,0
D,DISPATCH,UNIT_SCADA,1,"2019/08/21 16:20:00",TREVALLN,44.160020
D,DISPATCH,UNIT_SCADA,1,"2019/08/21 16:20:00",TRIBUTE,0
D,DISPATCH,UNIT_SCADA,1,"2019/08/21 16:20:00",TUMUT3,0
D,DISPATCH,UNIT_SCADA,1,"2019/08/21 16:20:00",TUNGATIN,120.200030
D,DISPATCH,UNIT_SCADA,1,"2019/08/21 16:20:00",TVCC201,0
D,DISPATCH,UNIT_SCADA,1,"2019/08/21 16:20:00",TVPP104,0
D,DISPATCH,UNIT_SCADA,1,"2019/08/21 16:20:00",UPPTUMUT,0
D,DISPATCH,UNIT_SCADA,1,"2019/08/21 16:20:00",URANQ11,0
D,DISPATCH,UNIT_SCADA,1,"2019/08/21 16:20:00",URANQ12,0
D,DISPATCH,UNIT_SCADA,1,"2019/08/21 16:20:00",URANQ13,0
D,DISPATCH,UNIT_SCADA,1,"2019/08/21 16:20:00",URANQ14,0
D,DISPATCH,UNIT_SCADA,1,"2019/08/21 16:20:00",VP5,375.075010
D,DISPATCH,UNIT_SCADA,1,"2019/08/21 16:20:00",VP6,383.325010
D,DISPATCH,UNIT_SCADA,1,"2019/08/21 16:20:00",VPGS1,0
D,DISPATCH,UNIT_SCADA,1,"2019/08/21 16:20:00",VPGS2,0
D,DISPATCH,UNIT_SCADA,1,"2019/08/21 16:20:00",VPGS3,0
D,DISPATCH,UNIT_SCADA,1,"2019/08/21 16:20:00",VPGS4,0
D,DISPATCH,UNIT_SCADA,1,"2019/08/21 16:20:00",VPGS5,0
D,DISPATCH,UNIT_SCADA,1,"2019/08/21 16:20:00",VPGS6,0
D,DISPATCH,UNIT_SCADA,1,"2019/08/21 16:20:00",W/HOE#1,0
D,DISPATCH,UNIT_SCADA,1,"2019/08/21 16:20:00",W/HOE#2,0
D,DISPATCH,UNIT_SCADA,1,"2019/08/21 16:20:00",WATERLWF,72
D,DISPATCH,UNIT_SCADA,1,"2019/08/21 16:20:00",WEMENSF1,42.40
D,DISPATCH,UNIT_SCADA,1,"2019/08/21 16:20:00",WGWF1,86.90
D,DISPATCH,UNIT_SCADA,1,"2019/08/21 16:20:00",WHITSF1,40.30
D,DISPATCH,UNIT_SCADA,1,"2019/08/21 16:20:00",WKIEWA1,0
D,DISPATCH,UNIT_SCADA,1,"2019/08/21 16:20:00",WKIEWA2,0.10
D,DISPATCH,UNIT_SCADA,1,"2019/08/21 16:20:00",WOODLWN1,44.9370
D,DISPATCH,UNIT_SCADA,1,"2019/08/21 16:20:00",WRSF1,7.11
D,DISPATCH,UNIT_SCADA,1,"2019/08/21 16:20:00",WRWF1,159.836260
D,DISPATCH,UNIT_SCADA,1,"2019/08/21 16:20:00",YABULU,0
D,DISPATCH,UNIT_SCADA,1,"2019/08/21 16:20:00",YABULU2,0
D,DISPATCH,UNIT_SCADA,1,"2019/08/21 16:20:00",YARWUN_1,0
D,DISPATCH,UNIT_SCADA,1,"2019/08/21 16:20:00",YENDWF1,42.15
D,DISPATCH,UNIT_SCADA,1,"2019/08/21 16:20:00",YWPS1,382.706330
D,DISPATCH,UNIT_SCADA,1,"2019/08/21 16:20:00",YWPS2,283.706330
D,DISPATCH,UNIT_SCADA,1,"2019/08/21 16:20:00",YWPS3,0
D,DISPATCH,UNIT_SCADA,1,"2019/08/21 16:20:00",YWPS4,400.036710
C,"END OF REPORT",334
