C,NEMP.WORLD,DISPATCHSCADA,AEMO,PUBLIC,2019/08/23,01:05:09,0000000311888254,DISPATCHSCADA,0000000311888248
I,DISPATCH,UNIT_SCADA,1,SETTLEMENTDATE,DUID,SCADAVALUE
D,DISPATCH,UNIT_SCADA,1,"2019/08/23 01:10:00",BARCSF1,0
D,DISPATCH,UNIT_SCADA,1,"2019/08/23 01:10:00",BUTLERSG,9.699999
D,DISPATCH,UNIT_SCADA,1,"2019/08/23 01:10:00",CALL_A_4,0
D,DISPATCH,UNIT_SCADA,1,"2019/08/23 01:10:00",CAPTL_WF,0
D,DISPATCH,UNIT_SCADA,1,"2019/08/23 01:10:00",CATHROCK,20.799999
D,DISPATCH,UNIT_SCADA,1,"2019/08/23 01:10:00",CHALLHWF,0.20
D,DISPATCH,UNIT_SCADA,1,"2019/08/23 01:10:00",CLOVER,-0.01
D,DISPATCH,UNIT_SCADA,1,"2019/08/23 01:10:00",CLUNY,20.254978
D,DISPATCH,UNIT_SCADA,1,"2019/08/23 01:10:00",CNUNDAWF,1.902219
D,DISPATCH,UNIT_SCADA,1,"2019/08/23 01:10:00",CULLRGWF,3.76
D,DISPATCH,UNIT_SCADA,1,"2019/08/23 01:10:00",ERGT01,0
D,DISPATCH,UNIT_SCADA,1,"2019/08/23 01:10:00",GB01,0.068047
D,DISPATCH,UNIT_SCADA,1,"2019/08/23 01:10:00",GERMCRK,37.400002
D,DISPATCH,UNIT_SCADA,1,"2019/08/23 01:10:00",GRIFSF1,0
D,DISPATCH,UNIT_SCADA,1,"2019/08/23 01:10:00",HUGSF1,-0.2370
D,DISPATCH,UNIT_SCADA,1,"2019/08/23 01:10:00",LKBONNY1,2.232734
D,DISPATCH,UNIT_SCADA,1,"2019/08/23 01:10:00",LRSF1,-0.0130
D,DISPATCH,UNIT_SCADA,1,"2019/08/23 01:10:00",MBAHNTH,55.743744
D,DISPATCH,UNIT_SCADA,1,"2019/08/23 01:10:00",MLSP1,0.180001
D,DISPATCH,UNIT_SCADA,1,"2019/08/23 01:10:00",MLWF1,1.2450
D,DISPATCH,UNIT_SCADA,1,"2019/08/23 01:10:00",MTMILLAR,6.109317
D,DISPATCH,UNIT_SCADA,1,"2019/08/23 01:10:00",PALOONA,28.689999
D,DISPATCH,UNIT_SCADA,1,"2019/08/23 01:10:00",PIONEER,46.799999
D,DISPATCH,UNIT_SCADA,1,"2019/08/23 01:10:00",PORTWF,3.30
D,DISPATCH,UNIT_SCADA,1,"2019/08/23 01:10:00",REPULSE,28.740063
D,DISPATCH,UNIT_SCADA,1,"2019/08/23 01:10:00",ROWALLAN,10.3873
D,DISPATCH,UNIT_SCADA,1,"2019/08/23 01:10:00",ROYALLA1,0
D,DISPATCH,UNIT_SCADA,1,"2019/08/23 01:10:00",RPCG,11.20
D,DISPATCH,UNIT_SCADA,1,"2019/08/23 01:10:00",RUBICON,0
D,DISPATCH,UNIT_SCADA,1,"2019/08/23 01:10:00",SATGN1,0
D,DISPATCH,UNIT_SCADA,1,"2019/08/23 01:10:00",SATGS1,0
D,DISPATCH,UNIT_SCADA,1,"2019/08/23 01:10:00",STARHLWF,-0.099971
D,DISPATCH,UNIT_SCADA,1,"2019/08/23 01:10:00",WAUBRAWF,30.610001
D,DISPATCH,UNIT_SCADA,1,"2019/08/23 01:10:00",WOOLNTH1,27.190018
D,DISPATCH,UNIT_SCADA,1,"2019/08/23 01:10:00",WPWF,0
D,DISPATCH,UNIT_SCADA,1,"2019/08/23 01:10:00",YAMBUKWF,0.70
D,DISPATCH,UNIT_SCADA,1,"2019/08/23 01:10:00",YSWF1,0.80
D,DISPATCH,UNIT_SCADA,1,"2019/08/23 01:10:00",AGLHAL,0
D,DISPATCH,UNIT_SCADA,1,"2019/08/23 01:10:00",AGLSOM,0
D,DISPATCH,UNIT_SCADA,1,"2019/08/23 01:10:00",ANGAST1,0
D,DISPATCH,UNIT_SCADA,1,"2019/08/23 01:10:00",ARWF1,10.10
D,DISPATCH,UNIT_SCADA,1,"2019/08/23 01:10:00",BALBG1,0
D,DISPATCH,UNIT_SCADA,1,"2019/08/23 01:10:00",BALBL1,0
D,DISPATCH,UNIT_SCADA,1,"2019/08/23 01:10:00",BALDHWF1,10.08
D,DISPATCH,UNIT_SCADA,1,"2019/08/23 01:10:00",BANN1,0
D,DISPATCH,UNIT_SCADA,1,"2019/08/23 01:10:00",BARCALDN,0
D,DISPATCH,UNIT_SCADA,1,"2019/08/23 01:10:00",BARRON-1,0
D,DISPATCH,UNIT_SCADA,1,"2019/08/23 01:10:00",BARRON-2,0
D,DISPATCH,UNIT_SCADA,1,"2019/08/23 01:10:00",BASTYAN,77.98
D,DISPATCH,UNIT_SCADA,1,"2019/08/23 01:10:00",BBTHREE1,-1.86
D,DISPATCH,UNIT_SCADA,1,"2019/08/23 01:10:00",BBTHREE2,-1.92
D,DISPATCH,UNIT_SCADA,1,"2019/08/23 01:10:00",BBTHREE3,0
D,DISPATCH,UNIT_SCADA,1,"2019/08/23 01:10:00",BDL01,0
D,DISPATCH,UNIT_SCADA,1,"2019/08/23 01:10:00",BDL02,0
D,DISPATCH,UNIT_SCADA,1,"2019/08/23 01:10:00",BERYLSF1,-0.179440
D,DISPATCH,UNIT_SCADA,1,"2019/08/23 01:10:00",BLOWERNG,0
D,DISPATCH,UNIT_SCADA,1,"2019/08/23 01:10:00",BLUFF1,2.60
D,DISPATCH,UNIT_SCADA,1,"2019/08/23 01:10:00",BNGSF1,0
D,DISPATCH,UNIT_SCADA,1,"2019/08/23 01:10:00",BNGSF2,0
D,DISPATCH,UNIT_SCADA,1,"2019/08/23 01:10:00",BOCORWF1,29.97
D,DISPATCH,UNIT_SCADA,1,"2019/08/23 01:10:00",BODWF1,91.842020
D,DISPATCH,UNIT_SCADA,1,"2019/08/23 01:10:00",BRAEMAR1,0
D,DISPATCH,UNIT_SCADA,1,"2019/08/23 01:10:00",BRAEMAR2,0
D,DISPATCH,UNIT_SCADA,1,"2019/08/23 01:10:00",BRAEMAR3,0
D,DISPATCH,UNIT_SCADA,1,"2019/08/23 01:10:00",BRAEMAR5,0
D,DISPATCH,UNIT_SCADA,1,"2019/08/23 01:10:00",BRAEMAR6,0
D,DISPATCH,UNIT_SCADA,1,"2019/08/23 01:10:00",BRAEMAR7,0
D,DISPATCH,UNIT_SCADA,1,"2019/08/23 01:10:00",BROKENH1,0
D,DISPATCH,UNIT_SCADA,1,"2019/08/23 01:10:00",BW01,645.824950
D,DISPATCH,UNIT_SCADA,1,"2019/08/23 01:10:00",BW02,649.974980
D,DISPATCH,UNIT_SCADA,1,"2019/08/23 01:10:00",BW03,647.199950
D,DISPATCH,UNIT_SCADA,1,"2019/08/23 01:10:00",BW04,0
D,DISPATCH,UNIT_SCADA,1,"2019/08/23 01:10:00",CALL_B_1,166.400010
D,DISPATCH,UNIT_SCADA,1,"2019/08/23 01:10:00",CALL_B_2,349.399990
D,DISPATCH,UNIT_SCADA,1,"2019/08/23 01:10:00",CETHANA,97.7055
D,DISPATCH,UNIT_SCADA,1,"2019/08/23 01:10:00",CG1,0
D,DISPATCH,UNIT_SCADA,1,"2019/08/23 01:10:00",CG2,0
D,DISPATCH,UNIT_SCADA,1,"2019/08/23 01:10:00",CG3,0
D,DISPATCH,UNIT_SCADA,1,"2019/08/23 01:10:00",CG4,0
D,DISPATCH,UNIT_SCADA,1,"2019/08/23 01:10:00",CHILDSF1,0
D,DISPATCH,UNIT_SCADA,1,"2019/08/23 01:10:00",CLARESF1,0
D,DISPATCH,UNIT_SCADA,1,"2019/08/23 01:10:00",CLEMGPWF,23.555450
D,DISPATCH,UNIT_SCADA,1,"2019/08/23 01:10:00",CLERMSF1,0
D,DISPATCH,UNIT_SCADA,1,"2019/08/23 01:10:00",COLEASF1,0
D,DISPATCH,UNIT_SCADA,1,"2019/08/23 01:10:00",COOPGWF1,35.278480
D,DISPATCH,UNIT_SCADA,1,"2019/08/23 01:10:00",CPP_3,405.350010
D,DISPATCH,UNIT_SCADA,1,"2019/08/23 01:10:00",CPP_4,405.350010
D,DISPATCH,UNIT_SCADA,1,"2019/08/23 01:10:00",CPSA,141.522510
D,DISPATCH,UNIT_SCADA,1,"2019/08/23 01:10:00",CROOKWF2,0.258750
D,DISPATCH,UNIT_SCADA,1,"2019/08/23 01:10:00",CROWLWF1,8.951810
D,DISPATCH,UNIT_SCADA,1,"2019/08/23 01:10:00",CSPVPS1,0
D,DISPATCH,UNIT_SCADA,1,"2019/08/23 01:10:00",DALNTH01,0
D,DISPATCH,UNIT_SCADA,1,"2019/08/23 01:10:00",DALNTHL1,0.111390
D,DISPATCH,UNIT_SCADA,1,"2019/08/23 01:10:00",DARTM1,134.399990
D,DISPATCH,UNIT_SCADA,1,"2019/08/23 01:10:00",DAYDSF1,0
D,DISPATCH,UNIT_SCADA,1,"2019/08/23 01:10:00",DDPS1,254.686490
D,DISPATCH,UNIT_SCADA,1,"2019/08/23 01:10:00",DDSF1,0
D,DISPATCH,UNIT_SCADA,1,"2019/08/23 01:10:00",DEVILS_G,0
D,DISPATCH,UNIT_SCADA,1,"2019/08/23 01:10:00",DG_NSW1,0
D,DISPATCH,UNIT_SCADA,1,"2019/08/23 01:10:00",DG_QLD1,0
D,DISPATCH,UNIT_SCADA,1,"2019/08/23 01:10:00",DG_SA1,0
D,DISPATCH,UNIT_SCADA,1,"2019/08/23 01:10:00",DG_TAS1,0
D,DISPATCH,UNIT_SCADA,1,"2019/08/23 01:10:00",DG_VIC1,0
D,DISPATCH,UNIT_SCADA,1,"2019/08/23 01:10:00",DRYCGT1,0
D,DISPATCH,UNIT_SCADA,1,"2019/08/23 01:10:00",DRYCGT2,0
D,DISPATCH,UNIT_SCADA,1,"2019/08/23 01:10:00",DRYCGT3,0
D,DISPATCH,UNIT_SCADA,1,"2019/08/23 01:10:00",EILDON1,0
D,DISPATCH,UNIT_SCADA,1,"2019/08/23 01:10:00",EILDON2,0
D,DISPATCH,UNIT_SCADA,1,"2019/08/23 01:10:00",EMERASF1,0
D,DISPATCH,UNIT_SCADA,1,"2019/08/23 01:10:00",ER01,498.425050
D,DISPATCH,UNIT_SCADA,1,"2019/08/23 01:10:00",ER02,463.300050
D,DISPATCH,UNIT_SCADA,1,"2019/08/23 01:10:00",ER03,380.349980
D,DISPATCH,UNIT_SCADA,1,"2019/08/23 01:10:00",ER04,580
D,DISPATCH,UNIT_SCADA,1,"2019/08/23 01:10:00",FINLYSF1,0
D,DISPATCH,UNIT_SCADA,1,"2019/08/23 01:10:00",FISHER,45.99
D,DISPATCH,UNIT_SCADA,1,"2019/08/23 01:10:00",GANNBG1,0
D,DISPATCH,UNIT_SCADA,1,"2019/08/23 01:10:00",GANNBL1,0.034080
D,DISPATCH,UNIT_SCADA,1,"2019/08/23 01:10:00",GANNSF1,0
D,DISPATCH,UNIT_SCADA,1,"2019/08/23 01:10:00",GORDON,115.577840
D,DISPATCH,UNIT_SCADA,1,"2019/08/23 01:10:00",GSTONE1,267.225010
D,DISPATCH,UNIT_SCADA,1,"2019/08/23 01:10:00",GSTONE2,229.95
D,DISPATCH,UNIT_SCADA,1,"2019/08/23 01:10:00",GSTONE3,249.20
D,DISPATCH,UNIT_SCADA,1,"2019/08/23 01:10:00",GSTONE4,266.174990
D,DISPATCH,UNIT_SCADA,1,"2019/08/23 01:10:00",GSTONE5,267.924990
D,DISPATCH,UNIT_SCADA,1,"2019/08/23 01:10:00",GSTONE6,0
D,DISPATCH,UNIT_SCADA,1,"2019/08/23 01:10:00",GULLRSF1,0
D,DISPATCH,UNIT_SCADA,1,"2019/08/23 01:10:00",GULLRWF1,4.689790
D,DISPATCH,UNIT_SCADA,1,"2019/08/23 01:10:00",GUNNING1,1.703910
D,DISPATCH,UNIT_SCADA,1,"2019/08/23 01:10:00",GUTHEGA,0
D,DISPATCH,UNIT_SCADA,1,"2019/08/23 01:10:00",HALLWF1,23.02
D,DISPATCH,UNIT_SCADA,1,"2019/08/23 01:10:00",HALLWF2,15.71
D,DISPATCH,UNIT_SCADA,1,"2019/08/23 01:10:00",HAMISF1,0
D,DISPATCH,UNIT_SCADA,1,"2019/08/23 01:10:00",HAUGHT11,0
D,DISPATCH,UNIT_SCADA,1,"2019/08/23 01:10:00",HAYMSF1,0
D,DISPATCH,UNIT_SCADA,1,"2019/08/23 01:10:00",HDWF1,40.70
D,DISPATCH,UNIT_SCADA,1,"2019/08/23 01:10:00",HDWF2,38.70
D,DISPATCH,UNIT_SCADA,1,"2019/08/23 01:10:00",HDWF3,49.60
D,DISPATCH,UNIT_SCADA,1,"2019/08/23 01:10:00",HPRG1,0
D,DISPATCH,UNIT_SCADA,1,"2019/08/23 01:10:00",HPRL1,0.30
D,DISPATCH,UNIT_SCADA,1,"2019/08/23 01:10:00",HUMENSW,0
D,DISPATCH,UNIT_SCADA,1,"2019/08/23 01:10:00",HUMEV,8.80
D,DISPATCH,UNIT_SCADA,1,"2019/08/23 01:10:00",HVGTS,0
D,DISPATCH,UNIT_SCADA,1,"2019/08/23 01:10:00",JBUTTERS,138.899990
D,DISPATCH,UNIT_SCADA,1,"2019/08/23 01:10:00",JLA01,0.10
D,DISPATCH,UNIT_SCADA,1,"2019/08/23 01:10:00",JLA02,0
D,DISPATCH,UNIT_SCADA,1,"2019/08/23 01:10:00",JLA03,0.10
D,DISPATCH,UNIT_SCADA,1,"2019/08/23 01:10:00",JLA04,0.10
D,DISPATCH,UNIT_SCADA,1,"2019/08/23 01:10:00",JLB01,0
D,DISPATCH,UNIT_SCADA,1,"2019/08/23 01:10:00",JLB02,0.10
D,DISPATCH,UNIT_SCADA,1,"2019/08/23 01:10:00",JLB03,0
D,DISPATCH,UNIT_SCADA,1,"2019/08/23 01:10:00",KAREEYA1,21.58
D,DISPATCH,UNIT_SCADA,1,"2019/08/23 01:10:00",KAREEYA2,21.8425
D,DISPATCH,UNIT_SCADA,1,"2019/08/23 01:10:00",KAREEYA3,0
D,DISPATCH,UNIT_SCADA,1,"2019/08/23 01:10:00",KAREEYA4,21.6750
D,DISPATCH,UNIT_SCADA,1,"2019/08/23 01:10:00",KARSF1,0
D,DISPATCH,UNIT_SCADA,1,"2019/08/23 01:10:00",KIATAWF1,0.40
D,DISPATCH,UNIT_SCADA,1,"2019/08/23 01:10:00",KPP_1,0
D,DISPATCH,UNIT_SCADA,1,"2019/08/23 01:10:00",KSP1,0
D,DISPATCH,UNIT_SCADA,1,"2019/08/23 01:10:00",LADBROK1,0
D,DISPATCH,UNIT_SCADA,1,"2019/08/23 01:10:00",LADBROK2,0
D,DISPATCH,UNIT_SCADA,1,"2019/08/23 01:10:00",LD01,361.612520
D,DISPATCH,UNIT_SCADA,1,"2019/08/23 01:10:00",LD02,297.956270
D,DISPATCH,UNIT_SCADA,1,"2019/08/23 01:10:00",LD03,364.6312
D,DISPATCH,UNIT_SCADA,1,"2019/08/23 01:10:00",LD04,356.756290
D,DISPATCH,UNIT_SCADA,1,"2019/08/23 01:10:00",LEM_WIL,86.1564
D,DISPATCH,UNIT_SCADA,1,"2019/08/23 01:10:00",LGAPWF1,1.17
D,DISPATCH,UNIT_SCADA,1,"2019/08/23 01:10:00",LILYSF1,0
D,DISPATCH,UNIT_SCADA,1,"2019/08/23 01:10:00",LI_WY_CA,149.012480
D,DISPATCH,UNIT_SCADA,1,"2019/08/23 01:10:00",LKBONNY2,5.844120
D,DISPATCH,UNIT_SCADA,1,"2019/08/23 01:10:00",LKBONNY3,1.674660
D,DISPATCH,UNIT_SCADA,1,"2019/08/23 01:10:00",LK_ECHO,0
D,DISPATCH,UNIT_SCADA,1,"2019/08/23 01:10:00",LNGS1,0
D,DISPATCH,UNIT_SCADA,1,"2019/08/23 01:10:00",LNGS2,0
D,DISPATCH,UNIT_SCADA,1,"2019/08/23 01:10:00",LONSDALE,0
D,DISPATCH,UNIT_SCADA,1,"2019/08/23 01:10:00",LOYYB1,536.088620
D,DISPATCH,UNIT_SCADA,1,"2019/08/23 01:10:00",LOYYB2,584.210140
D,DISPATCH,UNIT_SCADA,1,"2019/08/23 01:10:00",LYA1,561
D,DISPATCH,UNIT_SCADA,1,"2019/08/23 01:10:00",LYA2,0
D,DISPATCH,UNIT_SCADA,1,"2019/08/23 01:10:00",LYA3,558
D,DISPATCH,UNIT_SCADA,1,"2019/08/23 01:10:00",LYA4,541
D,DISPATCH,UNIT_SCADA,1,"2019/08/23 01:10:00",MACARTH1,0
D,DISPATCH,UNIT_SCADA,1,"2019/08/23 01:10:00",MACKAYGT,0
D,DISPATCH,UNIT_SCADA,1,"2019/08/23 01:10:00",MACKNTSH,86.420010
D,DISPATCH,UNIT_SCADA,1,"2019/08/23 01:10:00",MANSLR1,0
D,DISPATCH,UNIT_SCADA,1,"2019/08/23 01:10:00",MCKAY1,0.02
D,DISPATCH,UNIT_SCADA,1,"2019/08/23 01:10:00",MEADOWBK,34.0102
D,DISPATCH,UNIT_SCADA,1,"2019/08/23 01:10:00",MERCER01,-0.3610
D,DISPATCH,UNIT_SCADA,1,"2019/08/23 01:10:00",MEWF1,9.295870
D,DISPATCH,UNIT_SCADA,1,"2019/08/23 01:10:00",MINTARO,0
D,DISPATCH,UNIT_SCADA,1,"2019/08/23 01:10:00",MOREESF1,0
D,DISPATCH,UNIT_SCADA,1,"2019/08/23 01:10:00",MORTLK11,206
D,DISPATCH,UNIT_SCADA,1,"2019/08/23 01:10:00",MORTLK12,0
D,DISPATCH,UNIT_SCADA,1,"2019/08/23 01:10:00",MP1,277.299930
D,DISPATCH,UNIT_SCADA,1,"2019/08/23 01:10:00",MP2,0
D,DISPATCH,UNIT_SCADA,1,"2019/08/23 01:10:00",MPP_1,374.50
D,DISPATCH,UNIT_SCADA,1,"2019/08/23 01:10:00",MPP_2,400
D,DISPATCH,UNIT_SCADA,1,"2019/08/23 01:10:00",MSTUART1,0
D,DISPATCH,UNIT_SCADA,1,"2019/08/23 01:10:00",MSTUART2,0
D,DISPATCH,UNIT_SCADA,1,"2019/08/23 01:10:00",MSTUART3,0
D,DISPATCH,UNIT_SCADA,1,"2019/08/23 01:10:00",MTGELWF1,-0.360120
D,DISPATCH,UNIT_SCADA,1,"2019/08/23 01:10:00",MURRAY,271.290010
D,DISPATCH,UNIT_SCADA,1,"2019/08/23 01:10:00",MUSSELR1,3.10
D,DISPATCH,UNIT_SCADA,1,"2019/08/23 01:10:00",MUWAWF1,-0.09
D,DISPATCH,UNIT_SCADA,1,"2019/08/23 01:10:00",NBHWF1,50.90
D,DISPATCH,UNIT_SCADA,1,"2019/08/23 01:10:00",NPS,293.6250
D,DISPATCH,UNIT_SCADA,1,"2019/08/23 01:10:00",NUMURSF1,0
D,DISPATCH,UNIT_SCADA,1,"2019/08/23 01:10:00",NYNGAN1,0
D,DISPATCH,UNIT_SCADA,1,"2019/08/23 01:10:00",OAKEY1,0
D,DISPATCH,UNIT_SCADA,1,"2019/08/23 01:10:00",OAKEY1SF,0
D,DISPATCH,UNIT_SCADA,1,"2019/08/23 01:10:00",OAKEY2,0
D,DISPATCH,UNIT_SCADA,1,"2019/08/23 01:10:00",OAKLAND1,3.80
D,DISPATCH,UNIT_SCADA,1,"2019/08/23 01:10:00",OSB-AG,184.30
D,DISPATCH,UNIT_SCADA,1,"2019/08/23 01:10:00",PARSF1,0
D,DISPATCH,UNIT_SCADA,1,"2019/08/23 01:10:00",POAT110,0
D,DISPATCH,UNIT_SCADA,1,"2019/08/23 01:10:00",POAT220,29.07
D,DISPATCH,UNIT_SCADA,1,"2019/08/23 01:10:00",POR01,0
D,DISPATCH,UNIT_SCADA,1,"2019/08/23 01:10:00",POR03,0
D,DISPATCH,UNIT_SCADA,1,"2019/08/23 01:10:00",PPCCGT,495.011350
D,DISPATCH,UNIT_SCADA,1,"2019/08/23 01:10:00",PTSTAN1,0
D,DISPATCH,UNIT_SCADA,1,"2019/08/23 01:10:00",PUMP1,0
D,DISPATCH,UNIT_SCADA,1,"2019/08/23 01:10:00",PUMP2,0
D,DISPATCH,UNIT_SCADA,1,"2019/08/23 01:10:00",QPS1,4.40
D,DISPATCH,UNIT_SCADA,1,"2019/08/23 01:10:00",QPS2,0
D,DISPATCH,UNIT_SCADA,1,"2019/08/23 01:10:00",QPS3,0
D,DISPATCH,UNIT_SCADA,1,"2019/08/23 01:10:00",QPS4,0
D,DISPATCH,UNIT_SCADA,1,"2019/08/23 01:10:00",QPS5,0
D,DISPATCH,UNIT_SCADA,1,"2019/08/23 01:10:00",REECE1,118.570010
D,DISPATCH,UNIT_SCADA,1,"2019/08/23 01:10:00",REECE2,118.980010
D,DISPATCH,UNIT_SCADA,1,"2019/08/23 01:10:00",ROMA_7,0
D,DISPATCH,UNIT_SCADA,1,"2019/08/23 01:10:00",ROMA_8,0
D,DISPATCH,UNIT_SCADA,1,"2019/08/23 01:10:00",RRSF1,0
D,DISPATCH,UNIT_SCADA,1,"2019/08/23 01:10:00",RT_NSW1,0
D,DISPATCH,UNIT_SCADA,1,"2019/08/23 01:10:00",RT_NSW2,0
D,DISPATCH,UNIT_SCADA,1,"2019/08/23 01:10:00",RT_NSW3,0
D,DISPATCH,UNIT_SCADA,1,"2019/08/23 01:10:00",RT_NSW4,0
D,DISPATCH,UNIT_SCADA,1,"2019/08/23 01:10:00",RT_NSW5,0
D,DISPATCH,UNIT_SCADA,1,"2019/08/23 01:10:00",RT_NSW6,0
D,DISPATCH,UNIT_SCADA,1,"2019/08/23 01:10:00",RT_QLD1,0
D,DISPATCH,UNIT_SCADA,1,"2019/08/23 01:10:00",RT_SA1,0
D,DISPATCH,UNIT_SCADA,1,"2019/08/23 01:10:00",RT_SA2,0
D,DISPATCH,UNIT_SCADA,1,"2019/08/23 01:10:00",RT_SA3,0
D,DISPATCH,UNIT_SCADA,1,"2019/08/23 01:10:00",RT_SA4,0
D,DISPATCH,UNIT_SCADA,1,"2019/08/23 01:10:00",RT_SA5,0
D,DISPATCH,UNIT_SCADA,1,"2019/08/23 01:10:00",RT_SA6,0
D,DISPATCH,UNIT_SCADA,1,"2019/08/23 01:10:00",RT_TAS1,0
D,DISPATCH,UNIT_SCADA,1,"2019/08/23 01:10:00",RT_VIC1,0
D,DISPATCH,UNIT_SCADA,1,"2019/08/23 01:10:00",RT_VIC10,0
D,DISPATCH,UNIT_SCADA,1,"2019/08/23 01:10:00",RT_VIC11,0
D,DISPATCH,UNIT_SCADA,1,"2019/08/23 01:10:00",RT_VIC12,0
D,DISPATCH,UNIT_SCADA,1,"2019/08/23 01:10:00",RT_VIC2,0
D,DISPATCH,UNIT_SCADA,1,"2019/08/23 01:10:00",RT_VIC3,0
D,DISPATCH,UNIT_SCADA,1,"2019/08/23 01:10:00",RT_VIC4,0
D,DISPATCH,UNIT_SCADA,1,"2019/08/23 01:10:00",RT_VIC5,0
D,DISPATCH,UNIT_SCADA,1,"2019/08/23 01:10:00",RT_VIC6,0
D,DISPATCH,UNIT_SCADA,1,"2019/08/23 01:10:00",RT_VIC7,0
D,DISPATCH,UNIT_SCADA,1,"2019/08/23 01:10:00",RT_VIC8,0
D,DISPATCH,UNIT_SCADA,1,"2019/08/23 01:10:00",RT_VIC9,0
D,DISPATCH,UNIT_SCADA,1,"2019/08/23 01:10:00",RUGBYR1,0
D,DISPATCH,UNIT_SCADA,1,"2019/08/23 01:10:00",SALTCRK1,-0.40
D,DISPATCH,UNIT_SCADA,1,"2019/08/23 01:10:00",SAPHWF1,39.450010
D,DISPATCH,UNIT_SCADA,1,"2019/08/23 01:10:00",SHGEN,0
D,DISPATCH,UNIT_SCADA,1,"2019/08/23 01:10:00",SHPUMP,0
D,DISPATCH,UNIT_SCADA,1,"2019/08/23 01:10:00",SITHE01,0.2041
D,DISPATCH,UNIT_SCADA,1,"2019/08/23 01:10:00",SMCSF1,0
D,DISPATCH,UNIT_SCADA,1,"2019/08/23 01:10:00",SNOWNTH1,14.60
D,DISPATCH,UNIT_SCADA,1,"2019/08/23 01:10:00",SNOWSTH1,17.10
D,DISPATCH,UNIT_SCADA,1,"2019/08/23 01:10:00",SNOWTWN1,21.151610
D,DISPATCH,UNIT_SCADA,1,"2019/08/23 01:10:00",SNOWYP,0
D,DISPATCH,UNIT_SCADA,1,"2019/08/23 01:10:00",SNUG1,0.019440
D,DISPATCH,UNIT_SCADA,1,"2019/08/23 01:10:00",SRSF1,0
D,DISPATCH,UNIT_SCADA,1,"2019/08/23 01:10:00",STAN-1,0
D,DISPATCH,UNIT_SCADA,1,"2019/08/23 01:10:00",STAN-2,223.260440
D,DISPATCH,UNIT_SCADA,1,"2019/08/23 01:10:00",STAN-3,224.208950
D,DISPATCH,UNIT_SCADA,1,"2019/08/23 01:10:00",STAN-4,221.260860
D,DISPATCH,UNIT_SCADA,1,"2019/08/23 01:10:00",STWF1,138.1050
D,DISPATCH,UNIT_SCADA,1,"2019/08/23 01:10:00",SWAN_E,0
D,DISPATCH,UNIT_SCADA,1,"2019/08/23 01:10:00",TALWA1,426
D,DISPATCH,UNIT_SCADA,1,"2019/08/23 01:10:00",TARALGA1,0
D,DISPATCH,UNIT_SCADA,1,"2019/08/23 01:10:00",TARONG#1,296
D,DISPATCH,UNIT_SCADA,1,"2019/08/23 01:10:00",TARONG#2,296.200010
D,DISPATCH,UNIT_SCADA,1,"2019/08/23 01:10:00",TARONG#3,258.300020
D,DISPATCH,UNIT_SCADA,1,"2019/08/23 01:10:00",TARONG#4,294
D,DISPATCH,UNIT_SCADA,1,"2019/08/23 01:10:00",TARRALEA,83.90
D,DISPATCH,UNIT_SCADA,1,"2019/08/23 01:10:00",TBSF1,-0.20
D,DISPATCH,UNIT_SCADA,1,"2019/08/23 01:10:00",TNPS1,400.000030
D,DISPATCH,UNIT_SCADA,1,"2019/08/23 01:10:00",TORRA1,116.459750
D,DISPATCH,UNIT_SCADA,1,"2019/08/23 01:10:00",TORRA2,0
D,DISPATCH,UNIT_SCADA,1,"2019/08/23 01:10:00",TORRA3,37.119410
D,DISPATCH,UNIT_SCADA,1,"2019/08/23 01:10:00",TORRA4,108.276630
D,DISPATCH,UNIT_SCADA,1,"2019/08/23 01:10:00",TORRB1,107.48
D,DISPATCH,UNIT_SCADA,1,"2019/08/23 01:10:00",TORRB2,199.210010
D,DISPATCH,UNIT_SCADA,1,"2019/08/23 01:10:00",TORRB3,0
D,DISPATCH,UNIT_SCADA,1,"2019/08/23 01:10:00",TORRB4,0
D,DISPATCH,UNIT_SCADA,1,"2019/08/23 01:10:00",TREVALLN,44.240020
D,DISPATCH,UNIT_SCADA,1,"2019/08/23 01:10:00",TRIBUTE,84.92
D,DISPATCH,UNIT_SCADA,1,"2019/08/23 01:10:00",TUMUT3,0
D,DISPATCH,UNIT_SCADA,1,"2019/08/23 01:10:00",TUNGATIN,139.570040
D,DISPATCH,UNIT_SCADA,1,"2019/08/23 01:10:00",TVCC201,0
D,DISPATCH,UNIT_SCADA,1,"2019/08/23 01:10:00",TVPP104,57.8461
D,DISPATCH,UNIT_SCADA,1,"2019/08/23 01:10:00",UPPTUMUT,0
D,DISPATCH,UNIT_SCADA,1,"2019/08/23 01:10:00",URANQ11,0
D,DISPATCH,UNIT_SCADA,1,"2019/08/23 01:10:00",URANQ12,0
D,DISPATCH,UNIT_SCADA,1,"2019/08/23 01:10:00",URANQ13,0
D,DISPATCH,UNIT_SCADA,1,"2019/08/23 01:10:00",URANQ14,0
D,DISPATCH,UNIT_SCADA,1,"2019/08/23 01:10:00",VP5,605.399960
D,DISPATCH,UNIT_SCADA,1,"2019/08/23 01:10:00",VP6,604.150020
D,DISPATCH,UNIT_SCADA,1,"2019/08/23 01:10:00",VPGS1,0
D,DISPATCH,UNIT_SCADA,1,"2019/08/23 01:10:00",VPGS2,0
D,DISPATCH,UNIT_SCADA,1,"2019/08/23 01:10:00",VPGS3,0
D,DISPATCH,UNIT_SCADA,1,"2019/08/23 01:10:00",VPGS4,0
D,DISPATCH,UNIT_SCADA,1,"2019/08/23 01:10:00",VPGS5,0
D,DISPATCH,UNIT_SCADA,1,"2019/08/23 01:10:00",VPGS6,0
D,DISPATCH,UNIT_SCADA,1,"2019/08/23 01:10:00",W/HOE#1,0
D,DISPATCH,UNIT_SCADA,1,"2019/08/23 01:10:00",W/HOE#2,0
D,DISPATCH,UNIT_SCADA,1,"2019/08/23 01:10:00",WATERLWF,9.90
D,DISPATCH,UNIT_SCADA,1,"2019/08/23 01:10:00",WEMENSF1,0
D,DISPATCH,UNIT_SCADA,1,"2019/08/23 01:10:00",WGWF1,17.60
D,DISPATCH,UNIT_SCADA,1,"2019/08/23 01:10:00",WHITSF1,0
D,DISPATCH,UNIT_SCADA,1,"2019/08/23 01:10:00",WKIEWA1,27.90
D,DISPATCH,UNIT_SCADA,1,"2019/08/23 01:10:00",WKIEWA2,17.10
D,DISPATCH,UNIT_SCADA,1,"2019/08/23 01:10:00",WOODLWN1,0
D,DISPATCH,UNIT_SCADA,1,"2019/08/23 01:10:00",WRSF1,0
D,DISPATCH,UNIT_SCADA,1,"2019/08/23 01:10:00",WRWF1,53.8075
D,DISPATCH,UNIT_SCADA,1,"2019/08/23 01:10:00",YABULU,0
D,DISPATCH,UNIT_SCADA,1,"2019/08/23 01:10:00",YABULU2,0
D,DISPATCH,UNIT_SCADA,1,"2019/08/23 01:10:00",YARWUN_1,0
D,DISPATCH,UNIT_SCADA,1,"2019/08/23 01:10:00",YENDWF1,1.76
D,DISPATCH,UNIT_SCADA,1,"2019/08/23 01:10:00",YWPS1,319.2962
D,DISPATCH,UNIT_SCADA,1,"2019/08/23 01:10:00",YWPS2,277.941770
D,DISPATCH,UNIT_SCADA,1,"2019/08/23 01:10:00",YWPS3,0
D,DISPATCH,UNIT_SCADA,1,"2019/08/23 01:10:00",YWPS4,74.569620
C,"END OF REPORT",334
