C,NEMP.WORLD,DISPATCHSCADA,AEMO,PUBLIC,2019/08/20,10:30:07,0000000311781950,DISPATCHSCADA,0000000311781944
I,DISPATCH,UNIT_SCADA,1,SETTLEMENTDATE,DUID,SCADAVALUE
D,DISPATCH,UNIT_SCADA,1,"2019/08/20 10:35:00",BARCSF1,18.50
D,DISPATCH,UNIT_SCADA,1,"2019/08/20 10:35:00",BUTLERSG,9.799998
D,DISPATCH,UNIT_SCADA,1,"2019/08/20 10:35:00",CALL_A_4,0
D,DISPATCH,UNIT_SCADA,1,"2019/08/20 10:35:00",CAPTL_WF,131.791992
D,DISPATCH,UNIT_SCADA,1,"2019/08/20 10:35:00",CATHROCK,46.359997
D,DISPATCH,UNIT_SCADA,1,"2019/08/20 10:35:00",CHALLHWF,12
D,DISPATCH,UNIT_SCADA,1,"2019/08/20 10:35:00",CLOVER,-0.01
D,DISPATCH,UNIT_SCADA,1,"2019/08/20 10:35:00",CLUNY,15.034562
D,DISPATCH,UNIT_SCADA,1,"2019/08/20 10:35:00",CNUNDAWF,39.446014
D,DISPATCH,UNIT_SCADA,1,"2019/08/20 10:35:00",CULLRGWF,30.34
D,DISPATCH,UNIT_SCADA,1,"2019/08/20 10:35:00",ERGT01,0
D,DISPATCH,UNIT_SCADA,1,"2019/08/20 10:35:00",GB01,0.058681
D,DISPATCH,UNIT_SCADA,1,"2019/08/20 10:35:00",GERMCRK,36.599998
D,DISPATCH,UNIT_SCADA,1,"2019/08/20 10:35:00",GRIFSF1,10.800003
D,DISPATCH,UNIT_SCADA,1,"2019/08/20 10:35:00",HUGSF1,8.9890
D,DISPATCH,UNIT_SCADA,1,"2019/08/20 10:35:00",LKBONNY1,73.769531
D,DISPATCH,UNIT_SCADA,1,"2019/08/20 10:35:00",LRSF1,9.398001
D,DISPATCH,UNIT_SCADA,1,"2019/08/20 10:35:00",MBAHNTH,54.806244
D,DISPATCH,UNIT_SCADA,1,"2019/08/20 10:35:00",MLSP1,10.313001
D,DISPATCH,UNIT_SCADA,1,"2019/08/20 10:35:00",MLWF1,19.724998
D,DISPATCH,UNIT_SCADA,1,"2019/08/20 10:35:00",MTMILLAR,13.364595
D,DISPATCH,UNIT_SCADA,1,"2019/08/20 10:35:00",PALOONA,14.719999
D,DISPATCH,UNIT_SCADA,1,"2019/08/20 10:35:00",PIONEER,10.80
D,DISPATCH,UNIT_SCADA,1,"2019/08/20 10:35:00",PORTWF,136.399994
D,DISPATCH,UNIT_SCADA,1,"2019/08/20 10:35:00",REPULSE,28.954910
D,DISPATCH,UNIT_SCADA,1,"2019/08/20 10:35:00",ROWALLAN,9.9329
D,DISPATCH,UNIT_SCADA,1,"2019/08/20 10:35:00",ROYALLA1,18.200001
D,DISPATCH,UNIT_SCADA,1,"2019/08/20 10:35:00",RPCG,10.20
D,DISPATCH,UNIT_SCADA,1,"2019/08/20 10:35:00",RUBICON,0
D,DISPATCH,UNIT_SCADA,1,"2019/08/20 10:35:00",SATGN1,0
D,DISPATCH,UNIT_SCADA,1,"2019/08/20 10:35:00",SATGS1,0
D,DISPATCH,UNIT_SCADA,1,"2019/08/20 10:35:00",STARHLWF,8.397552
D,DISPATCH,UNIT_SCADA,1,"2019/08/20 10:35:00",WAUBRAWF,79.205002
D,DISPATCH,UNIT_SCADA,1,"2019/08/20 10:35:00",WOOLNTH1,115.490021
D,DISPATCH,UNIT_SCADA,1,"2019/08/20 10:35:00",WPWF,23
D,DISPATCH,UNIT_SCADA,1,"2019/08/20 10:35:00",YAMBUKWF,25.299999
D,DISPATCH,UNIT_SCADA,1,"2019/08/20 10:35:00",YSWF1,28.60
D,DISPATCH,UNIT_SCADA,1,"2019/08/20 10:35:00",AGLHAL,0
D,DISPATCH,UNIT_SCADA,1,"2019/08/20 10:35:00",AGLSOM,0
D,DISPATCH,UNIT_SCADA,1,"2019/08/20 10:35:00",ANGAST1,0
D,DISPATCH,UNIT_SCADA,1,"2019/08/20 10:35:00",ARWF1,56.90
D,DISPATCH,UNIT_SCADA,1,"2019/08/20 10:35:00",BALBG1,0
D,DISPATCH,UNIT_SCADA,1,"2019/08/20 10:35:00",BALBL1,0
D,DISPATCH,UNIT_SCADA,1,"2019/08/20 10:35:00",BALDHWF1,102.7860
D,DISPATCH,UNIT_SCADA,1,"2019/08/20 10:35:00",BANN1,59.83
D,DISPATCH,UNIT_SCADA,1,"2019/08/20 10:35:00",BARCALDN,0
D,DISPATCH,UNIT_SCADA,1,"2019/08/20 10:35:00",BARRON-1,0
D,DISPATCH,UNIT_SCADA,1,"2019/08/20 10:35:00",BARRON-2,0
D,DISPATCH,UNIT_SCADA,1,"2019/08/20 10:35:00",BASTYAN,80.69
D,DISPATCH,UNIT_SCADA,1,"2019/08/20 10:35:00",BBTHREE1,-1.73
D,DISPATCH,UNIT_SCADA,1,"2019/08/20 10:35:00",BBTHREE2,-2.03
D,DISPATCH,UNIT_SCADA,1,"2019/08/20 10:35:00",BBTHREE3,0
D,DISPATCH,UNIT_SCADA,1,"2019/08/20 10:35:00",BDL01,0
D,DISPATCH,UNIT_SCADA,1,"2019/08/20 10:35:00",BDL02,-0.06
D,DISPATCH,UNIT_SCADA,1,"2019/08/20 10:35:00",BERYLSF1,69.608150
D,DISPATCH,UNIT_SCADA,1,"2019/08/20 10:35:00",BLOWERNG,0
D,DISPATCH,UNIT_SCADA,1,"2019/08/20 10:35:00",BLUFF1,43.20
D,DISPATCH,UNIT_SCADA,1,"2019/08/20 10:35:00",BNGSF1,60.94
D,DISPATCH,UNIT_SCADA,1,"2019/08/20 10:35:00",BNGSF2,18.39
D,DISPATCH,UNIT_SCADA,1,"2019/08/20 10:35:00",BOCORWF1,107.34
D,DISPATCH,UNIT_SCADA,1,"2019/08/20 10:35:00",BODWF1,34.479340
D,DISPATCH,UNIT_SCADA,1,"2019/08/20 10:35:00",BRAEMAR1,0
D,DISPATCH,UNIT_SCADA,1,"2019/08/20 10:35:00",BRAEMAR2,0
D,DISPATCH,UNIT_SCADA,1,"2019/08/20 10:35:00",BRAEMAR3,0
D,DISPATCH,UNIT_SCADA,1,"2019/08/20 10:35:00",BRAEMAR5,0
D,DISPATCH,UNIT_SCADA,1,"2019/08/20 10:35:00",BRAEMAR6,0
D,DISPATCH,UNIT_SCADA,1,"2019/08/20 10:35:00",BRAEMAR7,0
D,DISPATCH,UNIT_SCADA,1,"2019/08/20 10:35:00",BROKENH1,50.174560
D,DISPATCH,UNIT_SCADA,1,"2019/08/20 10:35:00",BW01,511.800050
D,DISPATCH,UNIT_SCADA,1,"2019/08/20 10:35:00",BW02,566.6250
D,DISPATCH,UNIT_SCADA,1,"2019/08/20 10:35:00",BW03,621.9751
D,DISPATCH,UNIT_SCADA,1,"2019/08/20 10:35:00",BW04,0
D,DISPATCH,UNIT_SCADA,1,"2019/08/20 10:35:00",CALL_B_1,350.300020
D,DISPATCH,UNIT_SCADA,1,"2019/08/20 10:35:00",CALL_B_2,289.399990
D,DISPATCH,UNIT_SCADA,1,"2019/08/20 10:35:00",CETHANA,93.1550
D,DISPATCH,UNIT_SCADA,1,"2019/08/20 10:35:00",CG1,0
D,DISPATCH,UNIT_SCADA,1,"2019/08/20 10:35:00",CG2,0
D,DISPATCH,UNIT_SCADA,1,"2019/08/20 10:35:00",CG3,0
D,DISPATCH,UNIT_SCADA,1,"2019/08/20 10:35:00",CG4,0
D,DISPATCH,UNIT_SCADA,1,"2019/08/20 10:35:00",CHILDSF1,40.08
D,DISPATCH,UNIT_SCADA,1,"2019/08/20 10:35:00",CLARESF1,44.775420
D,DISPATCH,UNIT_SCADA,1,"2019/08/20 10:35:00",CLEMGPWF,5.330590
D,DISPATCH,UNIT_SCADA,1,"2019/08/20 10:35:00",CLERMSF1,15.13
D,DISPATCH,UNIT_SCADA,1,"2019/08/20 10:35:00",COLEASF1,44.10
D,DISPATCH,UNIT_SCADA,1,"2019/08/20 10:35:00",COOPGWF1,20.372290
D,DISPATCH,UNIT_SCADA,1,"2019/08/20 10:35:00",CPP_3,269.225010
D,DISPATCH,UNIT_SCADA,1,"2019/08/20 10:35:00",CPP_4,378.399990
D,DISPATCH,UNIT_SCADA,1,"2019/08/20 10:35:00",CPSA,142.223750
D,DISPATCH,UNIT_SCADA,1,"2019/08/20 10:35:00",CROOKWF2,85.4050
D,DISPATCH,UNIT_SCADA,1,"2019/08/20 10:35:00",CROWLWF1,34.5559
D,DISPATCH,UNIT_SCADA,1,"2019/08/20 10:35:00",CSPVPS1,31.9820
D,DISPATCH,UNIT_SCADA,1,"2019/08/20 10:35:00",DALNTH01,0
D,DISPATCH,UNIT_SCADA,1,"2019/08/20 10:35:00",DALNTHL1,0.0473
D,DISPATCH,UNIT_SCADA,1,"2019/08/20 10:35:00",DARTM1,134.30
D,DISPATCH,UNIT_SCADA,1,"2019/08/20 10:35:00",DAYDSF1,115.4110
D,DISPATCH,UNIT_SCADA,1,"2019/08/20 10:35:00",DDPS1,0
D,DISPATCH,UNIT_SCADA,1,"2019/08/20 10:35:00",DDSF1,108.273670
D,DISPATCH,UNIT_SCADA,1,"2019/08/20 10:35:00",DEVILS_G,0
D,DISPATCH,UNIT_SCADA,1,"2019/08/20 10:35:00",DG_NSW1,0
D,DISPATCH,UNIT_SCADA,1,"2019/08/20 10:35:00",DG_QLD1,0
D,DISPATCH,UNIT_SCADA,1,"2019/08/20 10:35:00",DG_SA1,0
D,DISPATCH,UNIT_SCADA,1,"2019/08/20 10:35:00",DG_TAS1,0
D,DISPATCH,UNIT_SCADA,1,"2019/08/20 10:35:00",DG_VIC1,0
D,DISPATCH,UNIT_SCADA,1,"2019/08/20 10:35:00",DRYCGT1,0
D,DISPATCH,UNIT_SCADA,1,"2019/08/20 10:35:00",DRYCGT2,0
D,DISPATCH,UNIT_SCADA,1,"2019/08/20 10:35:00",DRYCGT3,0
D,DISPATCH,UNIT_SCADA,1,"2019/08/20 10:35:00",EILDON1,0
D,DISPATCH,UNIT_SCADA,1,"2019/08/20 10:35:00",EILDON2,0
D,DISPATCH,UNIT_SCADA,1,"2019/08/20 10:35:00",EMERASF1,64.67
D,DISPATCH,UNIT_SCADA,1,"2019/08/20 10:35:00",ER01,507.900020
D,DISPATCH,UNIT_SCADA,1,"2019/08/20 10:35:00",ER02,510.200070
D,DISPATCH,UNIT_SCADA,1,"2019/08/20 10:35:00",ER03,507.724980
D,DISPATCH,UNIT_SCADA,1,"2019/08/20 10:35:00",ER04,508.950070
D,DISPATCH,UNIT_SCADA,1,"2019/08/20 10:35:00",FINLYSF1,0
D,DISPATCH,UNIT_SCADA,1,"2019/08/20 10:35:00",FISHER,45.93
D,DISPATCH,UNIT_SCADA,1,"2019/08/20 10:35:00",GANNBG1,0
D,DISPATCH,UNIT_SCADA,1,"2019/08/20 10:35:00",GANNBL1,24.609110
D,DISPATCH,UNIT_SCADA,1,"2019/08/20 10:35:00",GANNSF1,33.20
D,DISPATCH,UNIT_SCADA,1,"2019/08/20 10:35:00",GORDON,0
D,DISPATCH,UNIT_SCADA,1,"2019/08/20 10:35:00",GSTONE1,109.20
D,DISPATCH,UNIT_SCADA,1,"2019/08/20 10:35:00",GSTONE2,109.3750
D,DISPATCH,UNIT_SCADA,1,"2019/08/20 10:35:00",GSTONE3,110.0750
D,DISPATCH,UNIT_SCADA,1,"2019/08/20 10:35:00",GSTONE4,129.3250
D,DISPATCH,UNIT_SCADA,1,"2019/08/20 10:35:00",GSTONE5,129.149990
D,DISPATCH,UNIT_SCADA,1,"2019/08/20 10:35:00",GSTONE6,0
D,DISPATCH,UNIT_SCADA,1,"2019/08/20 10:35:00",GULLRSF1,4.0242
D,DISPATCH,UNIT_SCADA,1,"2019/08/20 10:35:00",GULLRWF1,147.3696
D,DISPATCH,UNIT_SCADA,1,"2019/08/20 10:35:00",GUNNING1,41.344040
D,DISPATCH,UNIT_SCADA,1,"2019/08/20 10:35:00",GUTHEGA,0
D,DISPATCH,UNIT_SCADA,1,"2019/08/20 10:35:00",HALLWF1,76.24
D,DISPATCH,UNIT_SCADA,1,"2019/08/20 10:35:00",HALLWF2,64.06
D,DISPATCH,UNIT_SCADA,1,"2019/08/20 10:35:00",HAMISF1,46.60
D,DISPATCH,UNIT_SCADA,1,"2019/08/20 10:35:00",HAUGHT11,50.051070
D,DISPATCH,UNIT_SCADA,1,"2019/08/20 10:35:00",HAYMSF1,41.6770
D,DISPATCH,UNIT_SCADA,1,"2019/08/20 10:35:00",HDWF1,43.40
D,DISPATCH,UNIT_SCADA,1,"2019/08/20 10:35:00",HDWF2,26.60
D,DISPATCH,UNIT_SCADA,1,"2019/08/20 10:35:00",HDWF3,38.30
D,DISPATCH,UNIT_SCADA,1,"2019/08/20 10:35:00",HPRG1,0.50
D,DISPATCH,UNIT_SCADA,1,"2019/08/20 10:35:00",HPRL1,0
D,DISPATCH,UNIT_SCADA,1,"2019/08/20 10:35:00",HUMENSW,0
D,DISPATCH,UNIT_SCADA,1,"2019/08/20 10:35:00",HUMEV,8.80
D,DISPATCH,UNIT_SCADA,1,"2019/08/20 10:35:00",HVGTS,0
D,DISPATCH,UNIT_SCADA,1,"2019/08/20 10:35:00",JBUTTERS,140.42
D,DISPATCH,UNIT_SCADA,1,"2019/08/20 10:35:00",JLA01,0.50
D,DISPATCH,UNIT_SCADA,1,"2019/08/20 10:35:00",JLA02,0
D,DISPATCH,UNIT_SCADA,1,"2019/08/20 10:35:00",JLA03,0.10
D,DISPATCH,UNIT_SCADA,1,"2019/08/20 10:35:00",JLA04,0.10
D,DISPATCH,UNIT_SCADA,1,"2019/08/20 10:35:00",JLB01,0
D,DISPATCH,UNIT_SCADA,1,"2019/08/20 10:35:00",JLB02,0.10
D,DISPATCH,UNIT_SCADA,1,"2019/08/20 10:35:00",JLB03,0
D,DISPATCH,UNIT_SCADA,1,"2019/08/20 10:35:00",KAREEYA1,21.58
D,DISPATCH,UNIT_SCADA,1,"2019/08/20 10:35:00",KAREEYA2,21.65
D,DISPATCH,UNIT_SCADA,1,"2019/08/20 10:35:00",KAREEYA3,0
D,DISPATCH,UNIT_SCADA,1,"2019/08/20 10:35:00",KAREEYA4,21.7025
D,DISPATCH,UNIT_SCADA,1,"2019/08/20 10:35:00",KARSF1,78.90
D,DISPATCH,UNIT_SCADA,1,"2019/08/20 10:35:00",KIATAWF1,31
D,DISPATCH,UNIT_SCADA,1,"2019/08/20 10:35:00",KPP_1,0
D,DISPATCH,UNIT_SCADA,1,"2019/08/20 10:35:00",KSP1,47.02
D,DISPATCH,UNIT_SCADA,1,"2019/08/20 10:35:00",LADBROK1,0
D,DISPATCH,UNIT_SCADA,1,"2019/08/20 10:35:00",LADBROK2,0
D,DISPATCH,UNIT_SCADA,1,"2019/08/20 10:35:00",LD01,383.324980
D,DISPATCH,UNIT_SCADA,1,"2019/08/20 10:35:00",LD02,380.475040
D,DISPATCH,UNIT_SCADA,1,"2019/08/20 10:35:00",LD03,379.837460
D,DISPATCH,UNIT_SCADA,1,"2019/08/20 10:35:00",LD04,371.231230
D,DISPATCH,UNIT_SCADA,1,"2019/08/20 10:35:00",LEM_WIL,85.4087
D,DISPATCH,UNIT_SCADA,1,"2019/08/20 10:35:00",LGAPWF1,3.09
D,DISPATCH,UNIT_SCADA,1,"2019/08/20 10:35:00",LILYSF1,94.371830
D,DISPATCH,UNIT_SCADA,1,"2019/08/20 10:35:00",LI_WY_CA,147.928390
D,DISPATCH,UNIT_SCADA,1,"2019/08/20 10:35:00",LKBONNY2,146.577880
D,DISPATCH,UNIT_SCADA,1,"2019/08/20 10:35:00",LKBONNY3,37.847330
D,DISPATCH,UNIT_SCADA,1,"2019/08/20 10:35:00",LK_ECHO,0
D,DISPATCH,UNIT_SCADA,1,"2019/08/20 10:35:00",LNGS1,0
D,DISPATCH,UNIT_SCADA,1,"2019/08/20 10:35:00",LNGS2,0
D,DISPATCH,UNIT_SCADA,1,"2019/08/20 10:35:00",LONSDALE,0
D,DISPATCH,UNIT_SCADA,1,"2019/08/20 10:35:00",LOYYB1,532.3291
D,DISPATCH,UNIT_SCADA,1,"2019/08/20 10:35:00",LOYYB2,583.082280
D,DISPATCH,UNIT_SCADA,1,"2019/08/20 10:35:00",LYA1,559
D,DISPATCH,UNIT_SCADA,1,"2019/08/20 10:35:00",LYA2,0
D,DISPATCH,UNIT_SCADA,1,"2019/08/20 10:35:00",LYA3,559
D,DISPATCH,UNIT_SCADA,1,"2019/08/20 10:35:00",LYA4,538
D,DISPATCH,UNIT_SCADA,1,"2019/08/20 10:35:00",MACARTH1,324.892490
D,DISPATCH,UNIT_SCADA,1,"2019/08/20 10:35:00",MACKAYGT,0
D,DISPATCH,UNIT_SCADA,1,"2019/08/20 10:35:00",MACKNTSH,85.570010
D,DISPATCH,UNIT_SCADA,1,"2019/08/20 10:35:00",MANSLR1,37.2250
D,DISPATCH,UNIT_SCADA,1,"2019/08/20 10:35:00",MCKAY1,0.02
D,DISPATCH,UNIT_SCADA,1,"2019/08/20 10:35:00",MEADOWBK,33.8673
D,DISPATCH,UNIT_SCADA,1,"2019/08/20 10:35:00",MERCER01,123.649010
D,DISPATCH,UNIT_SCADA,1,"2019/08/20 10:35:00",MEWF1,43.094020
D,DISPATCH,UNIT_SCADA,1,"2019/08/20 10:35:00",MINTARO,0
D,DISPATCH,UNIT_SCADA,1,"2019/08/20 10:35:00",MOREESF1,51.0580
D,DISPATCH,UNIT_SCADA,1,"2019/08/20 10:35:00",MORTLK11,129
D,DISPATCH,UNIT_SCADA,1,"2019/08/20 10:35:00",MORTLK12,0
D,DISPATCH,UNIT_SCADA,1,"2019/08/20 10:35:00",MP1,282.800050
D,DISPATCH,UNIT_SCADA,1,"2019/08/20 10:35:00",MP2,0
D,DISPATCH,UNIT_SCADA,1,"2019/08/20 10:35:00",MPP_1,354.75
D,DISPATCH,UNIT_SCADA,1,"2019/08/20 10:35:00",MPP_2,354.25
D,DISPATCH,UNIT_SCADA,1,"2019/08/20 10:35:00",MSTUART1,0
D,DISPATCH,UNIT_SCADA,1,"2019/08/20 10:35:00",MSTUART2,0
D,DISPATCH,UNIT_SCADA,1,"2019/08/20 10:35:00",MSTUART3,0
D,DISPATCH,UNIT_SCADA,1,"2019/08/20 10:35:00",MTGELWF1,64.4734
D,DISPATCH,UNIT_SCADA,1,"2019/08/20 10:35:00",MURRAY,0
D,DISPATCH,UNIT_SCADA,1,"2019/08/20 10:35:00",MUSSELR1,163
D,DISPATCH,UNIT_SCADA,1,"2019/08/20 10:35:00",MUWAWF1,28.24
D,DISPATCH,UNIT_SCADA,1,"2019/08/20 10:35:00",NBHWF1,74.90
D,DISPATCH,UNIT_SCADA,1,"2019/08/20 10:35:00",NPS,0
D,DISPATCH,UNIT_SCADA,1,"2019/08/20 10:35:00",NUMURSF1,68.34
D,DISPATCH,UNIT_SCADA,1,"2019/08/20 10:35:00",NYNGAN1,99
D,DISPATCH,UNIT_SCADA,1,"2019/08/20 10:35:00",OAKEY1,0
D,DISPATCH,UNIT_SCADA,1,"2019/08/20 10:35:00",OAKEY1SF,21.1020
D,DISPATCH,UNIT_SCADA,1,"2019/08/20 10:35:00",OAKEY2,0
D,DISPATCH,UNIT_SCADA,1,"2019/08/20 10:35:00",OAKLAND1,61.60
D,DISPATCH,UNIT_SCADA,1,"2019/08/20 10:35:00",OSB-AG,140.72
D,DISPATCH,UNIT_SCADA,1,"2019/08/20 10:35:00",PARSF1,40
D,DISPATCH,UNIT_SCADA,1,"2019/08/20 10:35:00",POAT110,0
D,DISPATCH,UNIT_SCADA,1,"2019/08/20 10:35:00",POAT220,2.617440
D,DISPATCH,UNIT_SCADA,1,"2019/08/20 10:35:00",POR01,0
D,DISPATCH,UNIT_SCADA,1,"2019/08/20 10:35:00",POR03,0
D,DISPATCH,UNIT_SCADA,1,"2019/08/20 10:35:00",PPCCGT,174.223310
D,DISPATCH,UNIT_SCADA,1,"2019/08/20 10:35:00",PTSTAN1,0
D,DISPATCH,UNIT_SCADA,1,"2019/08/20 10:35:00",PUMP1,0
D,DISPATCH,UNIT_SCADA,1,"2019/08/20 10:35:00",PUMP2,237.87
D,DISPATCH,UNIT_SCADA,1,"2019/08/20 10:35:00",QPS1,0
D,DISPATCH,UNIT_SCADA,1,"2019/08/20 10:35:00",QPS2,0
D,DISPATCH,UNIT_SCADA,1,"2019/08/20 10:35:00",QPS3,0
D,DISPATCH,UNIT_SCADA,1,"2019/08/20 10:35:00",QPS4,0
D,DISPATCH,UNIT_SCADA,1,"2019/08/20 10:35:00",QPS5,0
D,DISPATCH,UNIT_SCADA,1,"2019/08/20 10:35:00",REECE1,115.740010
D,DISPATCH,UNIT_SCADA,1,"2019/08/20 10:35:00",REECE2,116.050010
D,DISPATCH,UNIT_SCADA,1,"2019/08/20 10:35:00",ROMA_7,0
D,DISPATCH,UNIT_SCADA,1,"2019/08/20 10:35:00",ROMA_8,0
D,DISPATCH,UNIT_SCADA,1,"2019/08/20 10:35:00",RRSF1,103.555520
D,DISPATCH,UNIT_SCADA,1,"2019/08/20 10:35:00",RT_NSW1,0
D,DISPATCH,UNIT_SCADA,1,"2019/08/20 10:35:00",RT_NSW2,0
D,DISPATCH,UNIT_SCADA,1,"2019/08/20 10:35:00",RT_NSW3,0
D,DISPATCH,UNIT_SCADA,1,"2019/08/20 10:35:00",RT_NSW4,0
D,DISPATCH,UNIT_SCADA,1,"2019/08/20 10:35:00",RT_NSW5,0
D,DISPATCH,UNIT_SCADA,1,"2019/08/20 10:35:00",RT_NSW6,0
D,DISPATCH,UNIT_SCADA,1,"2019/08/20 10:35:00",RT_QLD1,0
D,DISPATCH,UNIT_SCADA,1,"2019/08/20 10:35:00",RT_SA1,0
D,DISPATCH,UNIT_SCADA,1,"2019/08/20 10:35:00",RT_SA2,0
D,DISPATCH,UNIT_SCADA,1,"2019/08/20 10:35:00",RT_SA3,0
D,DISPATCH,UNIT_SCADA,1,"2019/08/20 10:35:00",RT_SA4,0
D,DISPATCH,UNIT_SCADA,1,"2019/08/20 10:35:00",RT_SA5,0
D,DISPATCH,UNIT_SCADA,1,"2019/08/20 10:35:00",RT_SA6,0
D,DISPATCH,UNIT_SCADA,1,"2019/08/20 10:35:00",RT_TAS1,0
D,DISPATCH,UNIT_SCADA,1,"2019/08/20 10:35:00",RT_VIC1,0
D,DISPATCH,UNIT_SCADA,1,"2019/08/20 10:35:00",RT_VIC10,0
D,DISPATCH,UNIT_SCADA,1,"2019/08/20 10:35:00",RT_VIC11,0
D,DISPATCH,UNIT_SCADA,1,"2019/08/20 10:35:00",RT_VIC12,0
D,DISPATCH,UNIT_SCADA,1,"2019/08/20 10:35:00",RT_VIC2,0
D,DISPATCH,UNIT_SCADA,1,"2019/08/20 10:35:00",RT_VIC3,0
D,DISPATCH,UNIT_SCADA,1,"2019/08/20 10:35:00",RT_VIC4,0
D,DISPATCH,UNIT_SCADA,1,"2019/08/20 10:35:00",RT_VIC5,0
D,DISPATCH,UNIT_SCADA,1,"2019/08/20 10:35:00",RT_VIC6,0
D,DISPATCH,UNIT_SCADA,1,"2019/08/20 10:35:00",RT_VIC7,0
D,DISPATCH,UNIT_SCADA,1,"2019/08/20 10:35:00",RT_VIC8,0
D,DISPATCH,UNIT_SCADA,1,"2019/08/20 10:35:00",RT_VIC9,0
D,DISPATCH,UNIT_SCADA,1,"2019/08/20 10:35:00",RUGBYR1,45.086720
D,DISPATCH,UNIT_SCADA,1,"2019/08/20 10:35:00",SALTCRK1,51.40
D,DISPATCH,UNIT_SCADA,1,"2019/08/20 10:35:00",SAPHWF1,32.615630
D,DISPATCH,UNIT_SCADA,1,"2019/08/20 10:35:00",SHGEN,0
D,DISPATCH,UNIT_SCADA,1,"2019/08/20 10:35:00",SHPUMP,0
D,DISPATCH,UNIT_SCADA,1,"2019/08/20 10:35:00",SITHE01,0.005650
D,DISPATCH,UNIT_SCADA,1,"2019/08/20 10:35:00",SMCSF1,80.460970
D,DISPATCH,UNIT_SCADA,1,"2019/08/20 10:35:00",SNOWNTH1,33.50
D,DISPATCH,UNIT_SCADA,1,"2019/08/20 10:35:00",SNOWSTH1,72.60
D,DISPATCH,UNIT_SCADA,1,"2019/08/20 10:35:00",SNOWTWN1,39.306280
D,DISPATCH,UNIT_SCADA,1,"2019/08/20 10:35:00",SNOWYP,189.100010
D,DISPATCH,UNIT_SCADA,1,"2019/08/20 10:35:00",SNUG1,0.019440
D,DISPATCH,UNIT_SCADA,1,"2019/08/20 10:35:00",SRSF1,35.25
D,DISPATCH,UNIT_SCADA,1,"2019/08/20 10:35:00",STAN-1,0
D,DISPATCH,UNIT_SCADA,1,"2019/08/20 10:35:00",STAN-2,279.415220
D,DISPATCH,UNIT_SCADA,1,"2019/08/20 10:35:00",STAN-3,278.530790
D,DISPATCH,UNIT_SCADA,1,"2019/08/20 10:35:00",STAN-4,283.158020
D,DISPATCH,UNIT_SCADA,1,"2019/08/20 10:35:00",STWF1,2.396240
D,DISPATCH,UNIT_SCADA,1,"2019/08/20 10:35:00",SWAN_E,0
D,DISPATCH,UNIT_SCADA,1,"2019/08/20 10:35:00",TALWA1,190
D,DISPATCH,UNIT_SCADA,1,"2019/08/20 10:35:00",TARALGA1,100.368760
D,DISPATCH,UNIT_SCADA,1,"2019/08/20 10:35:00",TARONG#1,286.50
D,DISPATCH,UNIT_SCADA,1,"2019/08/20 10:35:00",TARONG#2,286.200010
D,DISPATCH,UNIT_SCADA,1,"2019/08/20 10:35:00",TARONG#3,260.600010
D,DISPATCH,UNIT_SCADA,1,"2019/08/20 10:35:00",TARONG#4,279.700010
D,DISPATCH,UNIT_SCADA,1,"2019/08/20 10:35:00",TARRALEA,87.10
D,DISPATCH,UNIT_SCADA,1,"2019/08/20 10:35:00",TBSF1,50
D,DISPATCH,UNIT_SCADA,1,"2019/08/20 10:35:00",TNPS1,441.700010
D,DISPATCH,UNIT_SCADA,1,"2019/08/20 10:35:00",TORRA1,42.8669
D,DISPATCH,UNIT_SCADA,1,"2019/08/20 10:35:00",TORRA2,0
D,DISPATCH,UNIT_SCADA,1,"2019/08/20 10:35:00",TORRA3,0
D,DISPATCH,UNIT_SCADA,1,"2019/08/20 10:35:00",TORRA4,0
D,DISPATCH,UNIT_SCADA,1,"2019/08/20 10:35:00",TORRB1,41.59
D,DISPATCH,UNIT_SCADA,1,"2019/08/20 10:35:00",TORRB2,41.41
D,DISPATCH,UNIT_SCADA,1,"2019/08/20 10:35:00",TORRB3,0
D,DISPATCH,UNIT_SCADA,1,"2019/08/20 10:35:00",TORRB4,0
D,DISPATCH,UNIT_SCADA,1,"2019/08/20 10:35:00",TREVALLN,43.940020
D,DISPATCH,UNIT_SCADA,1,"2019/08/20 10:35:00",TRIBUTE,84.93
D,DISPATCH,UNIT_SCADA,1,"2019/08/20 10:35:00",TUMUT3,0
D,DISPATCH,UNIT_SCADA,1,"2019/08/20 10:35:00",TUNGATIN,121.330030
D,DISPATCH,UNIT_SCADA,1,"2019/08/20 10:35:00",TVCC201,0
D,DISPATCH,UNIT_SCADA,1,"2019/08/20 10:35:00",TVPP104,0
D,DISPATCH,UNIT_SCADA,1,"2019/08/20 10:35:00",UPPTUMUT,0
D,DISPATCH,UNIT_SCADA,1,"2019/08/20 10:35:00",URANQ11,0
D,DISPATCH,UNIT_SCADA,1,"2019/08/20 10:35:00",URANQ12,0
D,DISPATCH,UNIT_SCADA,1,"2019/08/20 10:35:00",URANQ13,0
D,DISPATCH,UNIT_SCADA,1,"2019/08/20 10:35:00",URANQ14,0
D,DISPATCH,UNIT_SCADA,1,"2019/08/20 10:35:00",VP5,421.850010
D,DISPATCH,UNIT_SCADA,1,"2019/08/20 10:35:00",VP6,419.150020
D,DISPATCH,UNIT_SCADA,1,"2019/08/20 10:35:00",VPGS1,0
D,DISPATCH,UNIT_SCADA,1,"2019/08/20 10:35:00",VPGS2,0
D,DISPATCH,UNIT_SCADA,1,"2019/08/20 10:35:00",VPGS3,0
D,DISPATCH,UNIT_SCADA,1,"2019/08/20 10:35:00",VPGS4,0
D,DISPATCH,UNIT_SCADA,1,"2019/08/20 10:35:00",VPGS5,0
D,DISPATCH,UNIT_SCADA,1,"2019/08/20 10:35:00",VPGS6,0
D,DISPATCH,UNIT_SCADA,1,"2019/08/20 10:35:00",W/HOE#1,0
D,DISPATCH,UNIT_SCADA,1,"2019/08/20 10:35:00",W/HOE#2,0
D,DISPATCH,UNIT_SCADA,1,"2019/08/20 10:35:00",WATERLWF,121.40
D,DISPATCH,UNIT_SCADA,1,"2019/08/20 10:35:00",WEMENSF1,50.50
D,DISPATCH,UNIT_SCADA,1,"2019/08/20 10:35:00",WGWF1,99.70
D,DISPATCH,UNIT_SCADA,1,"2019/08/20 10:35:00",WHITSF1,44.40
D,DISPATCH,UNIT_SCADA,1,"2019/08/20 10:35:00",WKIEWA1,0
D,DISPATCH,UNIT_SCADA,1,"2019/08/20 10:35:00",WKIEWA2,9.60
D,DISPATCH,UNIT_SCADA,1,"2019/08/20 10:35:00",WOODLWN1,42.9660
D,DISPATCH,UNIT_SCADA,1,"2019/08/20 10:35:00",WRSF1,19.84
D,DISPATCH,UNIT_SCADA,1,"2019/08/20 10:35:00",WRWF1,25.393750
D,DISPATCH,UNIT_SCADA,1,"2019/08/20 10:35:00",YABULU,0
D,DISPATCH,UNIT_SCADA,1,"2019/08/20 10:35:00",YABULU2,0
D,DISPATCH,UNIT_SCADA,1,"2019/08/20 10:35:00",YARWUN_1,0
D,DISPATCH,UNIT_SCADA,1,"2019/08/20 10:35:00",YENDWF1,41.92
D,DISPATCH,UNIT_SCADA,1,"2019/08/20 10:35:00",YWPS1,383.9595
D,DISPATCH,UNIT_SCADA,1,"2019/08/20 10:35:00",YWPS2,284.458220
D,DISPATCH,UNIT_SCADA,1,"2019/08/20 10:35:00",YWPS3,0
D,DISPATCH,UNIT_SCADA,1,"2019/08/20 10:35:00",YWPS4,400.883540
C,"END OF REPORT",334
