C,NEMP.WORLD,DISPATCHSCADA,AEMO,PUBLIC,2019/08/23,07:20:08,0000000311897762,DISPATCHSCADA,0000000311897756
I,DISPATCH,UNIT_SCADA,1,SETTLEMENTDATE,DUID,SCADAVALUE
D,DISPATCH,UNIT_SCADA,1,"2019/08/23 07:25:00",BARCSF1,3.90
D,DISPATCH,UNIT_SCADA,1,"2019/08/23 07:25:00",BUTLERSG,9.699999
D,DISPATCH,UNIT_SCADA,1,"2019/08/23 07:25:00",CALL_A_4,0
D,DISPATCH,UNIT_SCADA,1,"2019/08/23 07:25:00",CAPTL_WF,0
D,DISPATCH,UNIT_SCADA,1,"2019/08/23 07:25:00",CATHROCK,52.889996
D,DISPATCH,UNIT_SCADA,1,"2019/08/23 07:25:00",CHALLHWF,0
D,DISPATCH,UNIT_SCADA,1,"2019/08/23 07:25:00",CLOVER,0
D,DISPATCH,UNIT_SCADA,1,"2019/08/23 07:25:00",CLUNY,20.330969
D,DISPATCH,UNIT_SCADA,1,"2019/08/23 07:25:00",CNUNDAWF,4.505256
D,DISPATCH,UNIT_SCADA,1,"2019/08/23 07:25:00",CULLRGWF,0.52
D,DISPATCH,UNIT_SCADA,1,"2019/08/23 07:25:00",ERGT01,0
D,DISPATCH,UNIT_SCADA,1,"2019/08/23 07:25:00",GB01,0.055931
D,DISPATCH,UNIT_SCADA,1,"2019/08/23 07:25:00",GERMCRK,38
D,DISPATCH,UNIT_SCADA,1,"2019/08/23 07:25:00",GRIFSF1,4.799995
D,DISPATCH,UNIT_SCADA,1,"2019/08/23 07:25:00",HUGSF1,2.2150
D,DISPATCH,UNIT_SCADA,1,"2019/08/23 07:25:00",LKBONNY1,5.894418
D,DISPATCH,UNIT_SCADA,1,"2019/08/23 07:25:00",LRSF1,-0.0130
D,DISPATCH,UNIT_SCADA,1,"2019/08/23 07:25:00",MBAHNTH,55.724991
D,DISPATCH,UNIT_SCADA,1,"2019/08/23 07:25:00",MLSP1,2.181001
D,DISPATCH,UNIT_SCADA,1,"2019/08/23 07:25:00",MLWF1,3.90
D,DISPATCH,UNIT_SCADA,1,"2019/08/23 07:25:00",MTMILLAR,23.0383
D,DISPATCH,UNIT_SCADA,1,"2019/08/23 07:25:00",PALOONA,30.08
D,DISPATCH,UNIT_SCADA,1,"2019/08/23 07:25:00",PIONEER,45.200001
D,DISPATCH,UNIT_SCADA,1,"2019/08/23 07:25:00",PORTWF,48.299999
D,DISPATCH,UNIT_SCADA,1,"2019/08/23 07:25:00",REPULSE,29.000076
D,DISPATCH,UNIT_SCADA,1,"2019/08/23 07:25:00",ROWALLAN,10.4725
D,DISPATCH,UNIT_SCADA,1,"2019/08/23 07:25:00",ROYALLA1,4.3430
D,DISPATCH,UNIT_SCADA,1,"2019/08/23 07:25:00",RPCG,10.20
D,DISPATCH,UNIT_SCADA,1,"2019/08/23 07:25:00",RUBICON,0
D,DISPATCH,UNIT_SCADA,1,"2019/08/23 07:25:00",SATGN1,0
D,DISPATCH,UNIT_SCADA,1,"2019/08/23 07:25:00",SATGS1,0
D,DISPATCH,UNIT_SCADA,1,"2019/08/23 07:25:00",STARHLWF,10.996794
D,DISPATCH,UNIT_SCADA,1,"2019/08/23 07:25:00",WAUBRAWF,0
D,DISPATCH,UNIT_SCADA,1,"2019/08/23 07:25:00",WOOLNTH1,34.740017
D,DISPATCH,UNIT_SCADA,1,"2019/08/23 07:25:00",WPWF,23
D,DISPATCH,UNIT_SCADA,1,"2019/08/23 07:25:00",YAMBUKWF,3.80
D,DISPATCH,UNIT_SCADA,1,"2019/08/23 07:25:00",YSWF1,3.10
D,DISPATCH,UNIT_SCADA,1,"2019/08/23 07:25:00",AGLHAL,0
D,DISPATCH,UNIT_SCADA,1,"2019/08/23 07:25:00",AGLSOM,0
D,DISPATCH,UNIT_SCADA,1,"2019/08/23 07:25:00",ANGAST1,0
D,DISPATCH,UNIT_SCADA,1,"2019/08/23 07:25:00",ARWF1,-0.20
D,DISPATCH,UNIT_SCADA,1,"2019/08/23 07:25:00",BALBG1,0
D,DISPATCH,UNIT_SCADA,1,"2019/08/23 07:25:00",BALBL1,0
D,DISPATCH,UNIT_SCADA,1,"2019/08/23 07:25:00",BALDHWF1,28.4050
D,DISPATCH,UNIT_SCADA,1,"2019/08/23 07:25:00",BANN1,1.91
D,DISPATCH,UNIT_SCADA,1,"2019/08/23 07:25:00",BARCALDN,0
D,DISPATCH,UNIT_SCADA,1,"2019/08/23 07:25:00",BARRON-1,0
D,DISPATCH,UNIT_SCADA,1,"2019/08/23 07:25:00",BARRON-2,28.52
D,DISPATCH,UNIT_SCADA,1,"2019/08/23 07:25:00",BASTYAN,78.05
D,DISPATCH,UNIT_SCADA,1,"2019/08/23 07:25:00",BBTHREE1,0
D,DISPATCH,UNIT_SCADA,1,"2019/08/23 07:25:00",BBTHREE2,-1.92
D,DISPATCH,UNIT_SCADA,1,"2019/08/23 07:25:00",BBTHREE3,0
D,DISPATCH,UNIT_SCADA,1,"2019/08/23 07:25:00",BDL01,41.04
D,DISPATCH,UNIT_SCADA,1,"2019/08/23 07:25:00",BDL02,42.90
D,DISPATCH,UNIT_SCADA,1,"2019/08/23 07:25:00",BERYLSF1,16.731190
D,DISPATCH,UNIT_SCADA,1,"2019/08/23 07:25:00",BLOWERNG,0
D,DISPATCH,UNIT_SCADA,1,"2019/08/23 07:25:00",BLUFF1,10.70
D,DISPATCH,UNIT_SCADA,1,"2019/08/23 07:25:00",BNGSF1,0.32
D,DISPATCH,UNIT_SCADA,1,"2019/08/23 07:25:00",BNGSF2,0.09
D,DISPATCH,UNIT_SCADA,1,"2019/08/23 07:25:00",BOCORWF1,3.82
D,DISPATCH,UNIT_SCADA,1,"2019/08/23 07:25:00",BODWF1,66.060750
D,DISPATCH,UNIT_SCADA,1,"2019/08/23 07:25:00",BRAEMAR1,0
D,DISPATCH,UNIT_SCADA,1,"2019/08/23 07:25:00",BRAEMAR2,173
D,DISPATCH,UNIT_SCADA,1,"2019/08/23 07:25:00",BRAEMAR3,0
D,DISPATCH,UNIT_SCADA,1,"2019/08/23 07:25:00",BRAEMAR5,0
D,DISPATCH,UNIT_SCADA,1,"2019/08/23 07:25:00",BRAEMAR6,159.595140
D,DISPATCH,UNIT_SCADA,1,"2019/08/23 07:25:00",BRAEMAR7,0
D,DISPATCH,UNIT_SCADA,1,"2019/08/23 07:25:00",BROKENH1,1.535890
D,DISPATCH,UNIT_SCADA,1,"2019/08/23 07:25:00",BW01,650.8750
D,DISPATCH,UNIT_SCADA,1,"2019/08/23 07:25:00",BW02,662.3999
D,DISPATCH,UNIT_SCADA,1,"2019/08/23 07:25:00",BW03,667.199950
D,DISPATCH,UNIT_SCADA,1,"2019/08/23 07:25:00",BW04,0
D,DISPATCH,UNIT_SCADA,1,"2019/08/23 07:25:00",CALL_B_1,349.800020
D,DISPATCH,UNIT_SCADA,1,"2019/08/23 07:25:00",CALL_B_2,348.600010
D,DISPATCH,UNIT_SCADA,1,"2019/08/23 07:25:00",CETHANA,97.765370
D,DISPATCH,UNIT_SCADA,1,"2019/08/23 07:25:00",CG1,0
D,DISPATCH,UNIT_SCADA,1,"2019/08/23 07:25:00",CG2,0
D,DISPATCH,UNIT_SCADA,1,"2019/08/23 07:25:00",CG3,0
D,DISPATCH,UNIT_SCADA,1,"2019/08/23 07:25:00",CG4,0
D,DISPATCH,UNIT_SCADA,1,"2019/08/23 07:25:00",CHILDSF1,23.32
D,DISPATCH,UNIT_SCADA,1,"2019/08/23 07:25:00",CLARESF1,0
D,DISPATCH,UNIT_SCADA,1,"2019/08/23 07:25:00",CLEMGPWF,14.839210
D,DISPATCH,UNIT_SCADA,1,"2019/08/23 07:25:00",CLERMSF1,14.65
D,DISPATCH,UNIT_SCADA,1,"2019/08/23 07:25:00",COLEASF1,13
D,DISPATCH,UNIT_SCADA,1,"2019/08/23 07:25:00",COOPGWF1,21.950730
D,DISPATCH,UNIT_SCADA,1,"2019/08/23 07:25:00",CPP_3,405.075010
D,DISPATCH,UNIT_SCADA,1,"2019/08/23 07:25:00",CPP_4,406.450010
D,DISPATCH,UNIT_SCADA,1,"2019/08/23 07:25:00",CPSA,141.585630
D,DISPATCH,UNIT_SCADA,1,"2019/08/23 07:25:00",CROOKWF2,-0.151250
D,DISPATCH,UNIT_SCADA,1,"2019/08/23 07:25:00",CROWLWF1,-0.256890
D,DISPATCH,UNIT_SCADA,1,"2019/08/23 07:25:00",CSPVPS1,7.31
D,DISPATCH,UNIT_SCADA,1,"2019/08/23 07:25:00",DALNTH01,0
D,DISPATCH,UNIT_SCADA,1,"2019/08/23 07:25:00",DALNTHL1,0.068670
D,DISPATCH,UNIT_SCADA,1,"2019/08/23 07:25:00",DARTM1,134.30
D,DISPATCH,UNIT_SCADA,1,"2019/08/23 07:25:00",DAYDSF1,54.1810
D,DISPATCH,UNIT_SCADA,1,"2019/08/23 07:25:00",DDPS1,483.745850
D,DISPATCH,UNIT_SCADA,1,"2019/08/23 07:25:00",DDSF1,26.250240
D,DISPATCH,UNIT_SCADA,1,"2019/08/23 07:25:00",DEVILS_G,0
D,DISPATCH,UNIT_SCADA,1,"2019/08/23 07:25:00",DG_NSW1,0
D,DISPATCH,UNIT_SCADA,1,"2019/08/23 07:25:00",DG_QLD1,0
D,DISPATCH,UNIT_SCADA,1,"2019/08/23 07:25:00",DG_SA1,0
D,DISPATCH,UNIT_SCADA,1,"2019/08/23 07:25:00",DG_TAS1,0
D,DISPATCH,UNIT_SCADA,1,"2019/08/23 07:25:00",DG_VIC1,0
D,DISPATCH,UNIT_SCADA,1,"2019/08/23 07:25:00",DRYCGT1,0
D,DISPATCH,UNIT_SCADA,1,"2019/08/23 07:25:00",DRYCGT2,0
D,DISPATCH,UNIT_SCADA,1,"2019/08/23 07:25:00",DRYCGT3,0
D,DISPATCH,UNIT_SCADA,1,"2019/08/23 07:25:00",EILDON1,0
D,DISPATCH,UNIT_SCADA,1,"2019/08/23 07:25:00",EILDON2,0
D,DISPATCH,UNIT_SCADA,1,"2019/08/23 07:25:00",EMERASF1,22.52
D,DISPATCH,UNIT_SCADA,1,"2019/08/23 07:25:00",ER01,585.574950
D,DISPATCH,UNIT_SCADA,1,"2019/08/23 07:25:00",ER02,701.224980
D,DISPATCH,UNIT_SCADA,1,"2019/08/23 07:25:00",ER03,699.650020
D,DISPATCH,UNIT_SCADA,1,"2019/08/23 07:25:00",ER04,611.449950
D,DISPATCH,UNIT_SCADA,1,"2019/08/23 07:25:00",FINLYSF1,0.163690
D,DISPATCH,UNIT_SCADA,1,"2019/08/23 07:25:00",FISHER,45.87
D,DISPATCH,UNIT_SCADA,1,"2019/08/23 07:25:00",GANNBG1,25.313460
D,DISPATCH,UNIT_SCADA,1,"2019/08/23 07:25:00",GANNBL1,0
D,DISPATCH,UNIT_SCADA,1,"2019/08/23 07:25:00",GANNSF1,2.70
D,DISPATCH,UNIT_SCADA,1,"2019/08/23 07:25:00",GORDON,195.503830
D,DISPATCH,UNIT_SCADA,1,"2019/08/23 07:25:00",GSTONE1,239.224990
D,DISPATCH,UNIT_SCADA,1,"2019/08/23 07:25:00",GSTONE2,230.30
D,DISPATCH,UNIT_SCADA,1,"2019/08/23 07:25:00",GSTONE3,219.099990
D,DISPATCH,UNIT_SCADA,1,"2019/08/23 07:25:00",GSTONE4,224
D,DISPATCH,UNIT_SCADA,1,"2019/08/23 07:25:00",GSTONE5,238
D,DISPATCH,UNIT_SCADA,1,"2019/08/23 07:25:00",GSTONE6,0
D,DISPATCH,UNIT_SCADA,1,"2019/08/23 07:25:00",GULLRSF1,2.856870
D,DISPATCH,UNIT_SCADA,1,"2019/08/23 07:25:00",GULLRWF1,19.199460
D,DISPATCH,UNIT_SCADA,1,"2019/08/23 07:25:00",GUNNING1,4.506450
D,DISPATCH,UNIT_SCADA,1,"2019/08/23 07:25:00",GUTHEGA,0
D,DISPATCH,UNIT_SCADA,1,"2019/08/23 07:25:00",HALLWF1,31.73
D,DISPATCH,UNIT_SCADA,1,"2019/08/23 07:25:00",HALLWF2,27.05
D,DISPATCH,UNIT_SCADA,1,"2019/08/23 07:25:00",HAMISF1,19.60
D,DISPATCH,UNIT_SCADA,1,"2019/08/23 07:25:00",HAUGHT11,50.239490
D,DISPATCH,UNIT_SCADA,1,"2019/08/23 07:25:00",HAYMSF1,19.6110
D,DISPATCH,UNIT_SCADA,1,"2019/08/23 07:25:00",HDWF1,52.10
D,DISPATCH,UNIT_SCADA,1,"2019/08/23 07:25:00",HDWF2,52.80
D,DISPATCH,UNIT_SCADA,1,"2019/08/23 07:25:00",HDWF3,46.60
D,DISPATCH,UNIT_SCADA,1,"2019/08/23 07:25:00",HPRG1,30
D,DISPATCH,UNIT_SCADA,1,"2019/08/23 07:25:00",HPRL1,0
D,DISPATCH,UNIT_SCADA,1,"2019/08/23 07:25:00",HUMENSW,0
D,DISPATCH,UNIT_SCADA,1,"2019/08/23 07:25:00",HUMEV,8.10
D,DISPATCH,UNIT_SCADA,1,"2019/08/23 07:25:00",HVGTS,0
D,DISPATCH,UNIT_SCADA,1,"2019/08/23 07:25:00",JBUTTERS,141.72
D,DISPATCH,UNIT_SCADA,1,"2019/08/23 07:25:00",JLA01,53.80
D,DISPATCH,UNIT_SCADA,1,"2019/08/23 07:25:00",JLA02,53.70
D,DISPATCH,UNIT_SCADA,1,"2019/08/23 07:25:00",JLA03,0.10
D,DISPATCH,UNIT_SCADA,1,"2019/08/23 07:25:00",JLA04,0.10
D,DISPATCH,UNIT_SCADA,1,"2019/08/23 07:25:00",JLB01,0
D,DISPATCH,UNIT_SCADA,1,"2019/08/23 07:25:00",JLB02,83.30
D,DISPATCH,UNIT_SCADA,1,"2019/08/23 07:25:00",JLB03,83.30
D,DISPATCH,UNIT_SCADA,1,"2019/08/23 07:25:00",KAREEYA1,21.5450
D,DISPATCH,UNIT_SCADA,1,"2019/08/23 07:25:00",KAREEYA2,21.7725
D,DISPATCH,UNIT_SCADA,1,"2019/08/23 07:25:00",KAREEYA3,0
D,DISPATCH,UNIT_SCADA,1,"2019/08/23 07:25:00",KAREEYA4,21.6850
D,DISPATCH,UNIT_SCADA,1,"2019/08/23 07:25:00",KARSF1,1.90
D,DISPATCH,UNIT_SCADA,1,"2019/08/23 07:25:00",KIATAWF1,9.70
D,DISPATCH,UNIT_SCADA,1,"2019/08/23 07:25:00",KPP_1,0
D,DISPATCH,UNIT_SCADA,1,"2019/08/23 07:25:00",KSP1,16.82
D,DISPATCH,UNIT_SCADA,1,"2019/08/23 07:25:00",LADBROK1,43.43
D,DISPATCH,UNIT_SCADA,1,"2019/08/23 07:25:00",LADBROK2,43.67
D,DISPATCH,UNIT_SCADA,1,"2019/08/23 07:25:00",LD01,424.068790
D,DISPATCH,UNIT_SCADA,1,"2019/08/23 07:25:00",LD02,301.668730
D,DISPATCH,UNIT_SCADA,1,"2019/08/23 07:25:00",LD03,414.675020
D,DISPATCH,UNIT_SCADA,1,"2019/08/23 07:25:00",LD04,383.606230
D,DISPATCH,UNIT_SCADA,1,"2019/08/23 07:25:00",LEM_WIL,86.275450
D,DISPATCH,UNIT_SCADA,1,"2019/08/23 07:25:00",LGAPWF1,25.20
D,DISPATCH,UNIT_SCADA,1,"2019/08/23 07:25:00",LILYSF1,36.438010
D,DISPATCH,UNIT_SCADA,1,"2019/08/23 07:25:00",LI_WY_CA,149.659730
D,DISPATCH,UNIT_SCADA,1,"2019/08/23 07:25:00",LKBONNY2,10.856430
D,DISPATCH,UNIT_SCADA,1,"2019/08/23 07:25:00",LKBONNY3,5.805490
D,DISPATCH,UNIT_SCADA,1,"2019/08/23 07:25:00",LK_ECHO,0
D,DISPATCH,UNIT_SCADA,1,"2019/08/23 07:25:00",LNGS1,0
D,DISPATCH,UNIT_SCADA,1,"2019/08/23 07:25:00",LNGS2,0
D,DISPATCH,UNIT_SCADA,1,"2019/08/23 07:25:00",LONSDALE,0
D,DISPATCH,UNIT_SCADA,1,"2019/08/23 07:25:00",LOYYB1,536.088620
D,DISPATCH,UNIT_SCADA,1,"2019/08/23 07:25:00",LOYYB2,581.954410
D,DISPATCH,UNIT_SCADA,1,"2019/08/23 07:25:00",LYA1,558
D,DISPATCH,UNIT_SCADA,1,"2019/08/23 07:25:00",LYA2,0
D,DISPATCH,UNIT_SCADA,1,"2019/08/23 07:25:00",LYA3,559
D,DISPATCH,UNIT_SCADA,1,"2019/08/23 07:25:00",LYA4,538
D,DISPATCH,UNIT_SCADA,1,"2019/08/23 07:25:00",MACARTH1,82.098110
D,DISPATCH,UNIT_SCADA,1,"2019/08/23 07:25:00",MACKAYGT,0
D,DISPATCH,UNIT_SCADA,1,"2019/08/23 07:25:00",MACKNTSH,86.95
D,DISPATCH,UNIT_SCADA,1,"2019/08/23 07:25:00",MANSLR1,9.4260
D,DISPATCH,UNIT_SCADA,1,"2019/08/23 07:25:00",MCKAY1,0.02
D,DISPATCH,UNIT_SCADA,1,"2019/08/23 07:25:00",MEADOWBK,33.638660
D,DISPATCH,UNIT_SCADA,1,"2019/08/23 07:25:00",MERCER01,9.11
D,DISPATCH,UNIT_SCADA,1,"2019/08/23 07:25:00",MEWF1,95.555590
D,DISPATCH,UNIT_SCADA,1,"2019/08/23 07:25:00",MINTARO,0
D,DISPATCH,UNIT_SCADA,1,"2019/08/23 07:25:00",MOREESF1,22.9360
D,DISPATCH,UNIT_SCADA,1,"2019/08/23 07:25:00",MORTLK11,259
D,DISPATCH,UNIT_SCADA,1,"2019/08/23 07:25:00",MORTLK12,0
D,DISPATCH,UNIT_SCADA,1,"2019/08/23 07:25:00",MP1,389.25
D,DISPATCH,UNIT_SCADA,1,"2019/08/23 07:25:00",MP2,0
D,DISPATCH,UNIT_SCADA,1,"2019/08/23 07:25:00",MPP_1,400.25
D,DISPATCH,UNIT_SCADA,1,"2019/08/23 07:25:00",MPP_2,436.50
D,DISPATCH,UNIT_SCADA,1,"2019/08/23 07:25:00",MSTUART1,0
D,DISPATCH,UNIT_SCADA,1,"2019/08/23 07:25:00",MSTUART2,0
D,DISPATCH,UNIT_SCADA,1,"2019/08/23 07:25:00",MSTUART3,0
D,DISPATCH,UNIT_SCADA,1,"2019/08/23 07:25:00",MTGELWF1,12.776570
D,DISPATCH,UNIT_SCADA,1,"2019/08/23 07:25:00",MURRAY,901.750550
D,DISPATCH,UNIT_SCADA,1,"2019/08/23 07:25:00",MUSSELR1,95.899990
D,DISPATCH,UNIT_SCADA,1,"2019/08/23 07:25:00",MUWAWF1,3.19
D,DISPATCH,UNIT_SCADA,1,"2019/08/23 07:25:00",NBHWF1,54.30
D,DISPATCH,UNIT_SCADA,1,"2019/08/23 07:25:00",NPS,510.75
D,DISPATCH,UNIT_SCADA,1,"2019/08/23 07:25:00",NUMURSF1,7.03
D,DISPATCH,UNIT_SCADA,1,"2019/08/23 07:25:00",NYNGAN1,13.25
D,DISPATCH,UNIT_SCADA,1,"2019/08/23 07:25:00",OAKEY1,0
D,DISPATCH,UNIT_SCADA,1,"2019/08/23 07:25:00",OAKEY1SF,10.07
D,DISPATCH,UNIT_SCADA,1,"2019/08/23 07:25:00",OAKEY2,0
D,DISPATCH,UNIT_SCADA,1,"2019/08/23 07:25:00",OAKLAND1,1.60
D,DISPATCH,UNIT_SCADA,1,"2019/08/23 07:25:00",OSB-AG,187.069990
D,DISPATCH,UNIT_SCADA,1,"2019/08/23 07:25:00",PARSF1,16.60
D,DISPATCH,UNIT_SCADA,1,"2019/08/23 07:25:00",POAT110,16.96
D,DISPATCH,UNIT_SCADA,1,"2019/08/23 07:25:00",POAT220,139.713680
D,DISPATCH,UNIT_SCADA,1,"2019/08/23 07:25:00",POR01,0
D,DISPATCH,UNIT_SCADA,1,"2019/08/23 07:25:00",POR03,0
D,DISPATCH,UNIT_SCADA,1,"2019/08/23 07:25:00",PPCCGT,503.735720
D,DISPATCH,UNIT_SCADA,1,"2019/08/23 07:25:00",PTSTAN1,0
D,DISPATCH,UNIT_SCADA,1,"2019/08/23 07:25:00",PUMP1,0
D,DISPATCH,UNIT_SCADA,1,"2019/08/23 07:25:00",PUMP2,0
D,DISPATCH,UNIT_SCADA,1,"2019/08/23 07:25:00",QPS1,29
D,DISPATCH,UNIT_SCADA,1,"2019/08/23 07:25:00",QPS2,0
D,DISPATCH,UNIT_SCADA,1,"2019/08/23 07:25:00",QPS3,0
D,DISPATCH,UNIT_SCADA,1,"2019/08/23 07:25:00",QPS4,0
D,DISPATCH,UNIT_SCADA,1,"2019/08/23 07:25:00",QPS5,128.899990
D,DISPATCH,UNIT_SCADA,1,"2019/08/23 07:25:00",REECE1,118.440010
D,DISPATCH,UNIT_SCADA,1,"2019/08/23 07:25:00",REECE2,117.980010
D,DISPATCH,UNIT_SCADA,1,"2019/08/23 07:25:00",ROMA_7,0
D,DISPATCH,UNIT_SCADA,1,"2019/08/23 07:25:00",ROMA_8,0
D,DISPATCH,UNIT_SCADA,1,"2019/08/23 07:25:00",RRSF1,34.171880
D,DISPATCH,UNIT_SCADA,1,"2019/08/23 07:25:00",RT_NSW1,0
D,DISPATCH,UNIT_SCADA,1,"2019/08/23 07:25:00",RT_NSW2,0
D,DISPATCH,UNIT_SCADA,1,"2019/08/23 07:25:00",RT_NSW3,0
D,DISPATCH,UNIT_SCADA,1,"2019/08/23 07:25:00",RT_NSW4,0
D,DISPATCH,UNIT_SCADA,1,"2019/08/23 07:25:00",RT_NSW5,0
D,DISPATCH,UNIT_SCADA,1,"2019/08/23 07:25:00",RT_NSW6,0
D,DISPATCH,UNIT_SCADA,1,"2019/08/23 07:25:00",RT_QLD1,0
D,DISPATCH,UNIT_SCADA,1,"2019/08/23 07:25:00",RT_SA1,0
D,DISPATCH,UNIT_SCADA,1,"2019/08/23 07:25:00",RT_SA2,0
D,DISPATCH,UNIT_SCADA,1,"2019/08/23 07:25:00",RT_SA3,0
D,DISPATCH,UNIT_SCADA,1,"2019/08/23 07:25:00",RT_SA4,0
D,DISPATCH,UNIT_SCADA,1,"2019/08/23 07:25:00",RT_SA5,0
D,DISPATCH,UNIT_SCADA,1,"2019/08/23 07:25:00",RT_SA6,0
D,DISPATCH,UNIT_SCADA,1,"2019/08/23 07:25:00",RT_TAS1,0
D,DISPATCH,UNIT_SCADA,1,"2019/08/23 07:25:00",RT_VIC1,0
D,DISPATCH,UNIT_SCADA,1,"2019/08/23 07:25:00",RT_VIC10,0
D,DISPATCH,UNIT_SCADA,1,"2019/08/23 07:25:00",RT_VIC11,0
D,DISPATCH,UNIT_SCADA,1,"2019/08/23 07:25:00",RT_VIC12,0
D,DISPATCH,UNIT_SCADA,1,"2019/08/23 07:25:00",RT_VIC2,0
D,DISPATCH,UNIT_SCADA,1,"2019/08/23 07:25:00",RT_VIC3,0
D,DISPATCH,UNIT_SCADA,1,"2019/08/23 07:25:00",RT_VIC4,0
D,DISPATCH,UNIT_SCADA,1,"2019/08/23 07:25:00",RT_VIC5,0
D,DISPATCH,UNIT_SCADA,1,"2019/08/23 07:25:00",RT_VIC6,0
D,DISPATCH,UNIT_SCADA,1,"2019/08/23 07:25:00",RT_VIC7,0
D,DISPATCH,UNIT_SCADA,1,"2019/08/23 07:25:00",RT_VIC8,0
D,DISPATCH,UNIT_SCADA,1,"2019/08/23 07:25:00",RT_VIC9,0
D,DISPATCH,UNIT_SCADA,1,"2019/08/23 07:25:00",RUGBYR1,28.0832
D,DISPATCH,UNIT_SCADA,1,"2019/08/23 07:25:00",SALTCRK1,4.85
D,DISPATCH,UNIT_SCADA,1,"2019/08/23 07:25:00",SAPHWF1,7.443730
D,DISPATCH,UNIT_SCADA,1,"2019/08/23 07:25:00",SHGEN,201.490230
D,DISPATCH,UNIT_SCADA,1,"2019/08/23 07:25:00",SHPUMP,0
D,DISPATCH,UNIT_SCADA,1,"2019/08/23 07:25:00",SITHE01,122.980190
D,DISPATCH,UNIT_SCADA,1,"2019/08/23 07:25:00",SMCSF1,16.400550
D,DISPATCH,UNIT_SCADA,1,"2019/08/23 07:25:00",SNOWNTH1,88.50
D,DISPATCH,UNIT_SCADA,1,"2019/08/23 07:25:00",SNOWSTH1,57
D,DISPATCH,UNIT_SCADA,1,"2019/08/23 07:25:00",SNOWTWN1,60.908060
D,DISPATCH,UNIT_SCADA,1,"2019/08/23 07:25:00",SNOWYP,0
D,DISPATCH,UNIT_SCADA,1,"2019/08/23 07:25:00",SNUG1,0.019440
D,DISPATCH,UNIT_SCADA,1,"2019/08/23 07:25:00",SRSF1,0.96
D,DISPATCH,UNIT_SCADA,1,"2019/08/23 07:25:00",STAN-1,0
D,DISPATCH,UNIT_SCADA,1,"2019/08/23 07:25:00",STAN-2,342.068630
D,DISPATCH,UNIT_SCADA,1,"2019/08/23 07:25:00",STAN-3,338.620640
D,DISPATCH,UNIT_SCADA,1,"2019/08/23 07:25:00",STAN-4,363.1539
D,DISPATCH,UNIT_SCADA,1,"2019/08/23 07:25:00",STWF1,19.608760
D,DISPATCH,UNIT_SCADA,1,"2019/08/23 07:25:00",SWAN_E,0
D,DISPATCH,UNIT_SCADA,1,"2019/08/23 07:25:00",TALWA1,430
D,DISPATCH,UNIT_SCADA,1,"2019/08/23 07:25:00",TARALGA1,0
D,DISPATCH,UNIT_SCADA,1,"2019/08/23 07:25:00",TARONG#1,340
D,DISPATCH,UNIT_SCADA,1,"2019/08/23 07:25:00",TARONG#2,139.80
D,DISPATCH,UNIT_SCADA,1,"2019/08/23 07:25:00",TARONG#3,279.50
D,DISPATCH,UNIT_SCADA,1,"2019/08/23 07:25:00",TARONG#4,350.50
D,DISPATCH,UNIT_SCADA,1,"2019/08/23 07:25:00",TARRALEA,82.30
D,DISPATCH,UNIT_SCADA,1,"2019/08/23 07:25:00",TBSF1,-0.20
D,DISPATCH,UNIT_SCADA,1,"2019/08/23 07:25:00",TNPS1,441.700010
D,DISPATCH,UNIT_SCADA,1,"2019/08/23 07:25:00",TORRA1,116.833320
D,DISPATCH,UNIT_SCADA,1,"2019/08/23 07:25:00",TORRA2,54.634280
D,DISPATCH,UNIT_SCADA,1,"2019/08/23 07:25:00",TORRA3,0
D,DISPATCH,UNIT_SCADA,1,"2019/08/23 07:25:00",TORRA4,0
D,DISPATCH,UNIT_SCADA,1,"2019/08/23 07:25:00",TORRB1,0
D,DISPATCH,UNIT_SCADA,1,"2019/08/23 07:25:00",TORRB2,197.649990
D,DISPATCH,UNIT_SCADA,1,"2019/08/23 07:25:00",TORRB3,0
D,DISPATCH,UNIT_SCADA,1,"2019/08/23 07:25:00",TORRB4,0
D,DISPATCH,UNIT_SCADA,1,"2019/08/23 07:25:00",TREVALLN,86.560030
D,DISPATCH,UNIT_SCADA,1,"2019/08/23 07:25:00",TRIBUTE,83.439990
D,DISPATCH,UNIT_SCADA,1,"2019/08/23 07:25:00",TUMUT3,248.86
D,DISPATCH,UNIT_SCADA,1,"2019/08/23 07:25:00",TUNGATIN,136.390030
D,DISPATCH,UNIT_SCADA,1,"2019/08/23 07:25:00",TVCC201,0
D,DISPATCH,UNIT_SCADA,1,"2019/08/23 07:25:00",TVPP104,57.904710
D,DISPATCH,UNIT_SCADA,1,"2019/08/23 07:25:00",UPPTUMUT,0
D,DISPATCH,UNIT_SCADA,1,"2019/08/23 07:25:00",URANQ11,0
D,DISPATCH,UNIT_SCADA,1,"2019/08/23 07:25:00",URANQ12,0
D,DISPATCH,UNIT_SCADA,1,"2019/08/23 07:25:00",URANQ13,0
D,DISPATCH,UNIT_SCADA,1,"2019/08/23 07:25:00",URANQ14,0
D,DISPATCH,UNIT_SCADA,1,"2019/08/23 07:25:00",VP5,627.475040
D,DISPATCH,UNIT_SCADA,1,"2019/08/23 07:25:00",VP6,405.674990
D,DISPATCH,UNIT_SCADA,1,"2019/08/23 07:25:00",VPGS1,0
D,DISPATCH,UNIT_SCADA,1,"2019/08/23 07:25:00",VPGS2,0
D,DISPATCH,UNIT_SCADA,1,"2019/08/23 07:25:00",VPGS3,0
D,DISPATCH,UNIT_SCADA,1,"2019/08/23 07:25:00",VPGS4,0
D,DISPATCH,UNIT_SCADA,1,"2019/08/23 07:25:00",VPGS5,0
D,DISPATCH,UNIT_SCADA,1,"2019/08/23 07:25:00",VPGS6,0
D,DISPATCH,UNIT_SCADA,1,"2019/08/23 07:25:00",W/HOE#1,0
D,DISPATCH,UNIT_SCADA,1,"2019/08/23 07:25:00",W/HOE#2,0
D,DISPATCH,UNIT_SCADA,1,"2019/08/23 07:25:00",WATERLWF,27.70
D,DISPATCH,UNIT_SCADA,1,"2019/08/23 07:25:00",WEMENSF1,1.60
D,DISPATCH,UNIT_SCADA,1,"2019/08/23 07:25:00",WGWF1,45.20
D,DISPATCH,UNIT_SCADA,1,"2019/08/23 07:25:00",WHITSF1,19.70
D,DISPATCH,UNIT_SCADA,1,"2019/08/23 07:25:00",WKIEWA1,32.30
D,DISPATCH,UNIT_SCADA,1,"2019/08/23 07:25:00",WKIEWA2,16.20
D,DISPATCH,UNIT_SCADA,1,"2019/08/23 07:25:00",WOODLWN1,0
D,DISPATCH,UNIT_SCADA,1,"2019/08/23 07:25:00",WRSF1,6.17
D,DISPATCH,UNIT_SCADA,1,"2019/08/23 07:25:00",WRWF1,20.118750
D,DISPATCH,UNIT_SCADA,1,"2019/08/23 07:25:00",YABULU,0
D,DISPATCH,UNIT_SCADA,1,"2019/08/23 07:25:00",YABULU2,0
D,DISPATCH,UNIT_SCADA,1,"2019/08/23 07:25:00",YARWUN_1,0
D,DISPATCH,UNIT_SCADA,1,"2019/08/23 07:25:00",YENDWF1,6.71
D,DISPATCH,UNIT_SCADA,1,"2019/08/23 07:25:00",YWPS1,383.708860
D,DISPATCH,UNIT_SCADA,1,"2019/08/23 07:25:00",YWPS2,281.701260
D,DISPATCH,UNIT_SCADA,1,"2019/08/23 07:25:00",YWPS3,0
D,DISPATCH,UNIT_SCADA,1,"2019/08/23 07:25:00",YWPS4,0
C,"END OF REPORT",334
