C,NEMP.WORLD,DISPATCHSCADA,AEMO,PUBLIC,2019/09/06,00:35:09,0000000312441905,DISPATCHSCADA,0000000312441899
I,DISPATCH,UNIT_SCADA,1,SETTLEMENTDATE,DUID,SCADAVALUE
D,DISPATCH,UNIT_SCADA,1,"2019/09/06 00:40:00",BARCSF1,0.30
D,DISPATCH,UNIT_SCADA,1,"2019/09/06 00:40:00",BUTLERSG,10.199999
D,DISPATCH,UNIT_SCADA,1,"2019/09/06 00:40:00",CALL_A_4,0
D,DISPATCH,UNIT_SCADA,1,"2019/09/06 00:40:00",CAPTL_WF,23.468002
D,DISPATCH,UNIT_SCADA,1,"2019/09/06 00:40:00",CATHROCK,0
D,DISPATCH,UNIT_SCADA,1,"2019/09/06 00:40:00",CHALLHWF,0
D,DISPATCH,UNIT_SCADA,1,"2019/09/06 00:40:00",CLOVER,-0.02
D,DISPATCH,UNIT_SCADA,1,"2019/09/06 00:40:00",CLUNY,14.268253
D,DISPATCH,UNIT_SCADA,1,"2019/09/06 00:40:00",CNUNDAWF,16.319036
D,DISPATCH,UNIT_SCADA,1,"2019/09/06 00:40:00",CULLRGWF,10.05
D,DISPATCH,UNIT_SCADA,1,"2019/09/06 00:40:00",ERGT01,0
D,DISPATCH,UNIT_SCADA,1,"2019/09/06 00:40:00",GB01,0.005733
D,DISPATCH,UNIT_SCADA,1,"2019/09/06 00:40:00",GERMCRK,35.599998
D,DISPATCH,UNIT_SCADA,1,"2019/09/06 00:40:00",GRIFSF1,0
D,DISPATCH,UNIT_SCADA,1,"2019/09/06 00:40:00",HUGSF1,-0.2330
D,DISPATCH,UNIT_SCADA,1,"2019/09/06 00:40:00",LKBONNY1,28.846924
D,DISPATCH,UNIT_SCADA,1,"2019/09/06 00:40:00",LRSF1,-0.0010
D,DISPATCH,UNIT_SCADA,1,"2019/09/06 00:40:00",MBAHNTH,50.024994
D,DISPATCH,UNIT_SCADA,1,"2019/09/06 00:40:00",MLSP1,0
D,DISPATCH,UNIT_SCADA,1,"2019/09/06 00:40:00",MLWF1,4.05
D,DISPATCH,UNIT_SCADA,1,"2019/09/06 00:40:00",MTMILLAR,55.534508
D,DISPATCH,UNIT_SCADA,1,"2019/09/06 00:40:00",PALOONA,25.709999
D,DISPATCH,UNIT_SCADA,1,"2019/09/06 00:40:00",PIONEER,43.299999
D,DISPATCH,UNIT_SCADA,1,"2019/09/06 00:40:00",PORTWF,60.599998
D,DISPATCH,UNIT_SCADA,1,"2019/09/06 00:40:00",REPULSE,32.701305
D,DISPATCH,UNIT_SCADA,1,"2019/09/06 00:40:00",ROWALLAN,10.3163
D,DISPATCH,UNIT_SCADA,1,"2019/09/06 00:40:00",ROYALLA1,0
D,DISPATCH,UNIT_SCADA,1,"2019/09/06 00:40:00",RPCG,9.20
D,DISPATCH,UNIT_SCADA,1,"2019/09/06 00:40:00",RUBICON,0
D,DISPATCH,UNIT_SCADA,1,"2019/09/06 00:40:00",SATGN1,0
D,DISPATCH,UNIT_SCADA,1,"2019/09/06 00:40:00",SATGS1,0
D,DISPATCH,UNIT_SCADA,1,"2019/09/06 00:40:00",STARHLWF,28.291750
D,DISPATCH,UNIT_SCADA,1,"2019/09/06 00:40:00",WAUBRAWF,10.5170
D,DISPATCH,UNIT_SCADA,1,"2019/09/06 00:40:00",WOOLNTH1,114.430016
D,DISPATCH,UNIT_SCADA,1,"2019/09/06 00:40:00",WPWF,80
D,DISPATCH,UNIT_SCADA,1,"2019/09/06 00:40:00",YAMBUKWF,1.80
D,DISPATCH,UNIT_SCADA,1,"2019/09/06 00:40:00",YSWF1,8
D,DISPATCH,UNIT_SCADA,1,"2019/09/06 00:40:00",AGLHAL,0
D,DISPATCH,UNIT_SCADA,1,"2019/09/06 00:40:00",AGLSOM,0
D,DISPATCH,UNIT_SCADA,1,"2019/09/06 00:40:00",ANGAST1,0
D,DISPATCH,UNIT_SCADA,1,"2019/09/06 00:40:00",ARWF1,4.30
D,DISPATCH,UNIT_SCADA,1,"2019/09/06 00:40:00",BALBG1,0
D,DISPATCH,UNIT_SCADA,1,"2019/09/06 00:40:00",BALBL1,0
D,DISPATCH,UNIT_SCADA,1,"2019/09/06 00:40:00",BALDHWF1,42.1650
D,DISPATCH,UNIT_SCADA,1,"2019/09/06 00:40:00",BANN1,0
D,DISPATCH,UNIT_SCADA,1,"2019/09/06 00:40:00",BARCALDN,0
D,DISPATCH,UNIT_SCADA,1,"2019/09/06 00:40:00",BARRON-1,33.52
D,DISPATCH,UNIT_SCADA,1,"2019/09/06 00:40:00",BARRON-2,0
D,DISPATCH,UNIT_SCADA,1,"2019/09/06 00:40:00",BASTYAN,80.530010
D,DISPATCH,UNIT_SCADA,1,"2019/09/06 00:40:00",BBTHREE1,0
D,DISPATCH,UNIT_SCADA,1,"2019/09/06 00:40:00",BBTHREE2,0
D,DISPATCH,UNIT_SCADA,1,"2019/09/06 00:40:00",BBTHREE3,0
D,DISPATCH,UNIT_SCADA,1,"2019/09/06 00:40:00",BDL01,0
D,DISPATCH,UNIT_SCADA,1,"2019/09/06 00:40:00",BDL02,-0.06
D,DISPATCH,UNIT_SCADA,1,"2019/09/06 00:40:00",BERYLSF1,0
D,DISPATCH,UNIT_SCADA,1,"2019/09/06 00:40:00",BLOWERNG,15.30
D,DISPATCH,UNIT_SCADA,1,"2019/09/06 00:40:00",BLUFF1,51.50
D,DISPATCH,UNIT_SCADA,1,"2019/09/06 00:40:00",BNGSF1,0
D,DISPATCH,UNIT_SCADA,1,"2019/09/06 00:40:00",BNGSF2,0
D,DISPATCH,UNIT_SCADA,1,"2019/09/06 00:40:00",BOCORWF1,32.32
D,DISPATCH,UNIT_SCADA,1,"2019/09/06 00:40:00",BODWF1,30.563270
D,DISPATCH,UNIT_SCADA,1,"2019/09/06 00:40:00",BRAEMAR1,0
D,DISPATCH,UNIT_SCADA,1,"2019/09/06 00:40:00",BRAEMAR2,0
D,DISPATCH,UNIT_SCADA,1,"2019/09/06 00:40:00",BRAEMAR3,0
D,DISPATCH,UNIT_SCADA,1,"2019/09/06 00:40:00",BRAEMAR5,0
D,DISPATCH,UNIT_SCADA,1,"2019/09/06 00:40:00",BRAEMAR6,0
D,DISPATCH,UNIT_SCADA,1,"2019/09/06 00:40:00",BRAEMAR7,0
D,DISPATCH,UNIT_SCADA,1,"2019/09/06 00:40:00",BROKENH1,0
D,DISPATCH,UNIT_SCADA,1,"2019/09/06 00:40:00",BW01,618.8750
D,DISPATCH,UNIT_SCADA,1,"2019/09/06 00:40:00",BW02,641.924930
D,DISPATCH,UNIT_SCADA,1,"2019/09/06 00:40:00",BW03,651.424930
D,DISPATCH,UNIT_SCADA,1,"2019/09/06 00:40:00",BW04,0
D,DISPATCH,UNIT_SCADA,1,"2019/09/06 00:40:00",CALL_B_1,349.600010
D,DISPATCH,UNIT_SCADA,1,"2019/09/06 00:40:00",CALL_B_2,289
D,DISPATCH,UNIT_SCADA,1,"2019/09/06 00:40:00",CETHANA,17.053870
D,DISPATCH,UNIT_SCADA,1,"2019/09/06 00:40:00",CG1,0
D,DISPATCH,UNIT_SCADA,1,"2019/09/06 00:40:00",CG2,0
D,DISPATCH,UNIT_SCADA,1,"2019/09/06 00:40:00",CG3,0
D,DISPATCH,UNIT_SCADA,1,"2019/09/06 00:40:00",CG4,0
D,DISPATCH,UNIT_SCADA,1,"2019/09/06 00:40:00",CHILDSF1,0
D,DISPATCH,UNIT_SCADA,1,"2019/09/06 00:40:00",CLARESF1,0
D,DISPATCH,UNIT_SCADA,1,"2019/09/06 00:40:00",CLEMGPWF,55.250850
D,DISPATCH,UNIT_SCADA,1,"2019/09/06 00:40:00",CLERMSF1,0
D,DISPATCH,UNIT_SCADA,1,"2019/09/06 00:40:00",COLEASF1,0
D,DISPATCH,UNIT_SCADA,1,"2019/09/06 00:40:00",COOPGWF1,12.480850
D,DISPATCH,UNIT_SCADA,1,"2019/09/06 00:40:00",CPP_3,405.075010
D,DISPATCH,UNIT_SCADA,1,"2019/09/06 00:40:00",CPP_4,409.200010
D,DISPATCH,UNIT_SCADA,1,"2019/09/06 00:40:00",CPSA,143.3075
D,DISPATCH,UNIT_SCADA,1,"2019/09/06 00:40:00",CROOKWF2,42.333750
D,DISPATCH,UNIT_SCADA,1,"2019/09/06 00:40:00",CROWLWF1,9.554430
D,DISPATCH,UNIT_SCADA,1,"2019/09/06 00:40:00",CSPVPS1,0
D,DISPATCH,UNIT_SCADA,1,"2019/09/06 00:40:00",DALNTH01,0
D,DISPATCH,UNIT_SCADA,1,"2019/09/06 00:40:00",DALNTHL1,0.050350
D,DISPATCH,UNIT_SCADA,1,"2019/09/06 00:40:00",DARTM1,2.40
D,DISPATCH,UNIT_SCADA,1,"2019/09/06 00:40:00",DAYDSF1,0
D,DISPATCH,UNIT_SCADA,1,"2019/09/06 00:40:00",DDPS1,58.558440
D,DISPATCH,UNIT_SCADA,1,"2019/09/06 00:40:00",DDSF1,0
D,DISPATCH,UNIT_SCADA,1,"2019/09/06 00:40:00",DEVILS_G,63.854490
D,DISPATCH,UNIT_SCADA,1,"2019/09/06 00:40:00",DG_NSW1,0
D,DISPATCH,UNIT_SCADA,1,"2019/09/06 00:40:00",DG_QLD1,0
D,DISPATCH,UNIT_SCADA,1,"2019/09/06 00:40:00",DG_SA1,0
D,DISPATCH,UNIT_SCADA,1,"2019/09/06 00:40:00",DG_TAS1,0
D,DISPATCH,UNIT_SCADA,1,"2019/09/06 00:40:00",DG_VIC1,0
D,DISPATCH,UNIT_SCADA,1,"2019/09/06 00:40:00",DRYCGT1,0
D,DISPATCH,UNIT_SCADA,1,"2019/09/06 00:40:00",DRYCGT2,0
D,DISPATCH,UNIT_SCADA,1,"2019/09/06 00:40:00",DRYCGT3,0
D,DISPATCH,UNIT_SCADA,1,"2019/09/06 00:40:00",EILDON1,0
D,DISPATCH,UNIT_SCADA,1,"2019/09/06 00:40:00",EILDON2,0
D,DISPATCH,UNIT_SCADA,1,"2019/09/06 00:40:00",EMERASF1,0
D,DISPATCH,UNIT_SCADA,1,"2019/09/06 00:40:00",ER01,584.349980
D,DISPATCH,UNIT_SCADA,1,"2019/09/06 00:40:00",ER02,690.3750
D,DISPATCH,UNIT_SCADA,1,"2019/09/06 00:40:00",ER03,0
D,DISPATCH,UNIT_SCADA,1,"2019/09/06 00:40:00",ER04,677.425050
D,DISPATCH,UNIT_SCADA,1,"2019/09/06 00:40:00",FINLYSF1,0
D,DISPATCH,UNIT_SCADA,1,"2019/09/06 00:40:00",FISHER,45.81
D,DISPATCH,UNIT_SCADA,1,"2019/09/06 00:40:00",GANNBG1,0
D,DISPATCH,UNIT_SCADA,1,"2019/09/06 00:40:00",GANNBL1,0.963610
D,DISPATCH,UNIT_SCADA,1,"2019/09/06 00:40:00",GANNSF1,0
D,DISPATCH,UNIT_SCADA,1,"2019/09/06 00:40:00",GORDON,20.441680
D,DISPATCH,UNIT_SCADA,1,"2019/09/06 00:40:00",GSTONE1,201.25
D,DISPATCH,UNIT_SCADA,1,"2019/09/06 00:40:00",GSTONE2,198.974990
D,DISPATCH,UNIT_SCADA,1,"2019/09/06 00:40:00",GSTONE3,0
D,DISPATCH,UNIT_SCADA,1,"2019/09/06 00:40:00",GSTONE4,208.4250
D,DISPATCH,UNIT_SCADA,1,"2019/09/06 00:40:00",GSTONE5,200.3750
D,DISPATCH,UNIT_SCADA,1,"2019/09/06 00:40:00",GSTONE6,199.6750
D,DISPATCH,UNIT_SCADA,1,"2019/09/06 00:40:00",GULLRSF1,0
D,DISPATCH,UNIT_SCADA,1,"2019/09/06 00:40:00",GULLRWF1,56.287570
D,DISPATCH,UNIT_SCADA,1,"2019/09/06 00:40:00",GUNNING1,23.484640
D,DISPATCH,UNIT_SCADA,1,"2019/09/06 00:40:00",GUTHEGA,0
D,DISPATCH,UNIT_SCADA,1,"2019/09/06 00:40:00",HALLWF1,90.37
D,DISPATCH,UNIT_SCADA,1,"2019/09/06 00:40:00",HALLWF2,66.24
D,DISPATCH,UNIT_SCADA,1,"2019/09/06 00:40:00",HAMISF1,0
D,DISPATCH,UNIT_SCADA,1,"2019/09/06 00:40:00",HAUGHT11,0
D,DISPATCH,UNIT_SCADA,1,"2019/09/06 00:40:00",HAYMSF1,0
D,DISPATCH,UNIT_SCADA,1,"2019/09/06 00:40:00",HDWF1,96.90
D,DISPATCH,UNIT_SCADA,1,"2019/09/06 00:40:00",HDWF2,67.70
D,DISPATCH,UNIT_SCADA,1,"2019/09/06 00:40:00",HDWF3,93.10
D,DISPATCH,UNIT_SCADA,1,"2019/09/06 00:40:00",HPRG1,29.80
D,DISPATCH,UNIT_SCADA,1,"2019/09/06 00:40:00",HPRL1,0
D,DISPATCH,UNIT_SCADA,1,"2019/09/06 00:40:00",HUMENSW,0
D,DISPATCH,UNIT_SCADA,1,"2019/09/06 00:40:00",HUMEV,24.50
D,DISPATCH,UNIT_SCADA,1,"2019/09/06 00:40:00",HVGTS,0
D,DISPATCH,UNIT_SCADA,1,"2019/09/06 00:40:00",JBUTTERS,0
D,DISPATCH,UNIT_SCADA,1,"2019/09/06 00:40:00",JLA01,0.10
D,DISPATCH,UNIT_SCADA,1,"2019/09/06 00:40:00",JLA02,0
D,DISPATCH,UNIT_SCADA,1,"2019/09/06 00:40:00",JLA03,0
D,DISPATCH,UNIT_SCADA,1,"2019/09/06 00:40:00",JLA04,0
D,DISPATCH,UNIT_SCADA,1,"2019/09/06 00:40:00",JLB01,0
D,DISPATCH,UNIT_SCADA,1,"2019/09/06 00:40:00",JLB02,0.10
D,DISPATCH,UNIT_SCADA,1,"2019/09/06 00:40:00",JLB03,0
D,DISPATCH,UNIT_SCADA,1,"2019/09/06 00:40:00",KAREEYA1,21.5025
D,DISPATCH,UNIT_SCADA,1,"2019/09/06 00:40:00",KAREEYA2,21.7950
D,DISPATCH,UNIT_SCADA,1,"2019/09/06 00:40:00",KAREEYA3,0
D,DISPATCH,UNIT_SCADA,1,"2019/09/06 00:40:00",KAREEYA4,21.5725
D,DISPATCH,UNIT_SCADA,1,"2019/09/06 00:40:00",KARSF1,0
D,DISPATCH,UNIT_SCADA,1,"2019/09/06 00:40:00",KIATAWF1,26.60
D,DISPATCH,UNIT_SCADA,1,"2019/09/06 00:40:00",KPP_1,0
D,DISPATCH,UNIT_SCADA,1,"2019/09/06 00:40:00",KSP1,0
D,DISPATCH,UNIT_SCADA,1,"2019/09/06 00:40:00",LADBROK1,0
D,DISPATCH,UNIT_SCADA,1,"2019/09/06 00:40:00",LADBROK2,0
D,DISPATCH,UNIT_SCADA,1,"2019/09/06 00:40:00",LD01,401.550020
D,DISPATCH,UNIT_SCADA,1,"2019/09/06 00:40:00",LD02,384.356230
D,DISPATCH,UNIT_SCADA,1,"2019/09/06 00:40:00",LD03,404.175020
D,DISPATCH,UNIT_SCADA,1,"2019/09/06 00:40:00",LD04,380.0062
D,DISPATCH,UNIT_SCADA,1,"2019/09/06 00:40:00",LEM_WIL,85.046750
D,DISPATCH,UNIT_SCADA,1,"2019/09/06 00:40:00",LGAPWF1,34.35
D,DISPATCH,UNIT_SCADA,1,"2019/09/06 00:40:00",LILYSF1,0
D,DISPATCH,UNIT_SCADA,1,"2019/09/06 00:40:00",LI_WY_CA,138.942080
D,DISPATCH,UNIT_SCADA,1,"2019/09/06 00:40:00",LKBONNY2,62.577670
D,DISPATCH,UNIT_SCADA,1,"2019/09/06 00:40:00",LKBONNY3,16.690780
D,DISPATCH,UNIT_SCADA,1,"2019/09/06 00:40:00",LK_ECHO,0
D,DISPATCH,UNIT_SCADA,1,"2019/09/06 00:40:00",LNGS1,0
D,DISPATCH,UNIT_SCADA,1,"2019/09/06 00:40:00",LNGS2,0
D,DISPATCH,UNIT_SCADA,1,"2019/09/06 00:40:00",LONSDALE,0
D,DISPATCH,UNIT_SCADA,1,"2019/09/06 00:40:00",LOYYB1,537.216430
D,DISPATCH,UNIT_SCADA,1,"2019/09/06 00:40:00",LOYYB2,584.210140
D,DISPATCH,UNIT_SCADA,1,"2019/09/06 00:40:00",LYA1,0
D,DISPATCH,UNIT_SCADA,1,"2019/09/06 00:40:00",LYA2,0
D,DISPATCH,UNIT_SCADA,1,"2019/09/06 00:40:00",LYA3,559
D,DISPATCH,UNIT_SCADA,1,"2019/09/06 00:40:00",LYA4,540
D,DISPATCH,UNIT_SCADA,1,"2019/09/06 00:40:00",MACARTH1,28.199350
D,DISPATCH,UNIT_SCADA,1,"2019/09/06 00:40:00",MACKAYGT,0.2240
D,DISPATCH,UNIT_SCADA,1,"2019/09/06 00:40:00",MACKNTSH,87.59
D,DISPATCH,UNIT_SCADA,1,"2019/09/06 00:40:00",MANSLR1,0
D,DISPATCH,UNIT_SCADA,1,"2019/09/06 00:40:00",MCKAY1,0.02
D,DISPATCH,UNIT_SCADA,1,"2019/09/06 00:40:00",MEADOWBK,33.810140
D,DISPATCH,UNIT_SCADA,1,"2019/09/06 00:40:00",MERCER01,7.2030
D,DISPATCH,UNIT_SCADA,1,"2019/09/06 00:40:00",MEWF1,63.311870
D,DISPATCH,UNIT_SCADA,1,"2019/09/06 00:40:00",MINTARO,0
D,DISPATCH,UNIT_SCADA,1,"2019/09/06 00:40:00",MOREESF1,0
D,DISPATCH,UNIT_SCADA,1,"2019/09/06 00:40:00",MORTLK11,259
D,DISPATCH,UNIT_SCADA,1,"2019/09/06 00:40:00",MORTLK12,0
D,DISPATCH,UNIT_SCADA,1,"2019/09/06 00:40:00",MP1,221.450070
D,DISPATCH,UNIT_SCADA,1,"2019/09/06 00:40:00",MP2,0
D,DISPATCH,UNIT_SCADA,1,"2019/09/06 00:40:00",MPP_1,390.75
D,DISPATCH,UNIT_SCADA,1,"2019/09/06 00:40:00",MPP_2,435.50
D,DISPATCH,UNIT_SCADA,1,"2019/09/06 00:40:00",MSTUART1,0
D,DISPATCH,UNIT_SCADA,1,"2019/09/06 00:40:00",MSTUART2,0
D,DISPATCH,UNIT_SCADA,1,"2019/09/06 00:40:00",MSTUART3,0
D,DISPATCH,UNIT_SCADA,1,"2019/09/06 00:40:00",MTGELWF1,0.810270
D,DISPATCH,UNIT_SCADA,1,"2019/09/06 00:40:00",MURRAY,0
D,DISPATCH,UNIT_SCADA,1,"2019/09/06 00:40:00",MUSSELR1,63.70
D,DISPATCH,UNIT_SCADA,1,"2019/09/06 00:40:00",MUWAWF1,72.33
D,DISPATCH,UNIT_SCADA,1,"2019/09/06 00:40:00",NBHWF1,99.70
D,DISPATCH,UNIT_SCADA,1,"2019/09/06 00:40:00",NPS,0
D,DISPATCH,UNIT_SCADA,1,"2019/09/06 00:40:00",NUMURSF1,0
D,DISPATCH,UNIT_SCADA,1,"2019/09/06 00:40:00",NYNGAN1,0
D,DISPATCH,UNIT_SCADA,1,"2019/09/06 00:40:00",OAKEY1,0
D,DISPATCH,UNIT_SCADA,1,"2019/09/06 00:40:00",OAKEY1SF,0
D,DISPATCH,UNIT_SCADA,1,"2019/09/06 00:40:00",OAKEY2,0
D,DISPATCH,UNIT_SCADA,1,"2019/09/06 00:40:00",OAKEY2SF,0
D,DISPATCH,UNIT_SCADA,1,"2019/09/06 00:40:00",OAKLAND1,9.70
D,DISPATCH,UNIT_SCADA,1,"2019/09/06 00:40:00",OSB-AG,0
D,DISPATCH,UNIT_SCADA,1,"2019/09/06 00:40:00",PARSF1,0
D,DISPATCH,UNIT_SCADA,1,"2019/09/06 00:40:00",POAT110,0
D,DISPATCH,UNIT_SCADA,1,"2019/09/06 00:40:00",POAT220,1.95
D,DISPATCH,UNIT_SCADA,1,"2019/09/06 00:40:00",POR01,0
D,DISPATCH,UNIT_SCADA,1,"2019/09/06 00:40:00",POR03,0
D,DISPATCH,UNIT_SCADA,1,"2019/09/06 00:40:00",PPCCGT,388.976810
D,DISPATCH,UNIT_SCADA,1,"2019/09/06 00:40:00",PTSTAN1,0
D,DISPATCH,UNIT_SCADA,1,"2019/09/06 00:40:00",PUMP1,0
D,DISPATCH,UNIT_SCADA,1,"2019/09/06 00:40:00",PUMP2,0
D,DISPATCH,UNIT_SCADA,1,"2019/09/06 00:40:00",QPS1,14.20
D,DISPATCH,UNIT_SCADA,1,"2019/09/06 00:40:00",QPS2,0
D,DISPATCH,UNIT_SCADA,1,"2019/09/06 00:40:00",QPS3,0
D,DISPATCH,UNIT_SCADA,1,"2019/09/06 00:40:00",QPS4,0
D,DISPATCH,UNIT_SCADA,1,"2019/09/06 00:40:00",QPS5,0
D,DISPATCH,UNIT_SCADA,1,"2019/09/06 00:40:00",REECE1,117.820010
D,DISPATCH,UNIT_SCADA,1,"2019/09/06 00:40:00",REECE2,88.150010
D,DISPATCH,UNIT_SCADA,1,"2019/09/06 00:40:00",ROMA_7,0
D,DISPATCH,UNIT_SCADA,1,"2019/09/06 00:40:00",ROMA_8,0
D,DISPATCH,UNIT_SCADA,1,"2019/09/06 00:40:00",RRSF1,0
D,DISPATCH,UNIT_SCADA,1,"2019/09/06 00:40:00",RT_NSW1,0
D,DISPATCH,UNIT_SCADA,1,"2019/09/06 00:40:00",RT_NSW2,0
D,DISPATCH,UNIT_SCADA,1,"2019/09/06 00:40:00",RT_NSW3,0
D,DISPATCH,UNIT_SCADA,1,"2019/09/06 00:40:00",RT_NSW4,0
D,DISPATCH,UNIT_SCADA,1,"2019/09/06 00:40:00",RT_NSW5,0
D,DISPATCH,UNIT_SCADA,1,"2019/09/06 00:40:00",RT_NSW6,0
D,DISPATCH,UNIT_SCADA,1,"2019/09/06 00:40:00",RT_QLD1,0
D,DISPATCH,UNIT_SCADA,1,"2019/09/06 00:40:00",RT_SA1,0
D,DISPATCH,UNIT_SCADA,1,"2019/09/06 00:40:00",RT_SA2,0
D,DISPATCH,UNIT_SCADA,1,"2019/09/06 00:40:00",RT_SA3,0
D,DISPATCH,UNIT_SCADA,1,"2019/09/06 00:40:00",RT_SA4,0
D,DISPATCH,UNIT_SCADA,1,"2019/09/06 00:40:00",RT_SA5,0
D,DISPATCH,UNIT_SCADA,1,"2019/09/06 00:40:00",RT_SA6,0
D,DISPATCH,UNIT_SCADA,1,"2019/09/06 00:40:00",RT_TAS1,0
D,DISPATCH,UNIT_SCADA,1,"2019/09/06 00:40:00",RT_VIC1,0
D,DISPATCH,UNIT_SCADA,1,"2019/09/06 00:40:00",RT_VIC10,0
D,DISPATCH,UNIT_SCADA,1,"2019/09/06 00:40:00",RT_VIC11,0
D,DISPATCH,UNIT_SCADA,1,"2019/09/06 00:40:00",RT_VIC12,0
D,DISPATCH,UNIT_SCADA,1,"2019/09/06 00:40:00",RT_VIC2,0
D,DISPATCH,UNIT_SCADA,1,"2019/09/06 00:40:00",RT_VIC3,0
D,DISPATCH,UNIT_SCADA,1,"2019/09/06 00:40:00",RT_VIC4,0
D,DISPATCH,UNIT_SCADA,1,"2019/09/06 00:40:00",RT_VIC5,0
D,DISPATCH,UNIT_SCADA,1,"2019/09/06 00:40:00",RT_VIC6,0
D,DISPATCH,UNIT_SCADA,1,"2019/09/06 00:40:00",RT_VIC7,0
D,DISPATCH,UNIT_SCADA,1,"2019/09/06 00:40:00",RT_VIC8,0
D,DISPATCH,UNIT_SCADA,1,"2019/09/06 00:40:00",RT_VIC9,0
D,DISPATCH,UNIT_SCADA,1,"2019/09/06 00:40:00",RUGBYR1,0
D,DISPATCH,UNIT_SCADA,1,"2019/09/06 00:40:00",SALTCRK1,-0.50
D,DISPATCH,UNIT_SCADA,1,"2019/09/06 00:40:00",SAPHWF1,49.087490
D,DISPATCH,UNIT_SCADA,1,"2019/09/06 00:40:00",SHGEN,0
D,DISPATCH,UNIT_SCADA,1,"2019/09/06 00:40:00",SHPUMP,0
D,DISPATCH,UNIT_SCADA,1,"2019/09/06 00:40:00",SITHE01,0.2041
D,DISPATCH,UNIT_SCADA,1,"2019/09/06 00:40:00",SMCSF1,0
D,DISPATCH,UNIT_SCADA,1,"2019/09/06 00:40:00",SNOWNTH1,128.799990
D,DISPATCH,UNIT_SCADA,1,"2019/09/06 00:40:00",SNOWSTH1,117.60
D,DISPATCH,UNIT_SCADA,1,"2019/09/06 00:40:00",SNOWTWN1,94.169340
D,DISPATCH,UNIT_SCADA,1,"2019/09/06 00:40:00",SNOWYP,0
D,DISPATCH,UNIT_SCADA,1,"2019/09/06 00:40:00",SNUG1,0.019440
D,DISPATCH,UNIT_SCADA,1,"2019/09/06 00:40:00",SRSF1,0.22
D,DISPATCH,UNIT_SCADA,1,"2019/09/06 00:40:00",STAN-1,253.523270
D,DISPATCH,UNIT_SCADA,1,"2019/09/06 00:40:00",STAN-2,259.086180
D,DISPATCH,UNIT_SCADA,1,"2019/09/06 00:40:00",STAN-3,256.343170
D,DISPATCH,UNIT_SCADA,1,"2019/09/06 00:40:00",STAN-4,248.203870
D,DISPATCH,UNIT_SCADA,1,"2019/09/06 00:40:00",STWF1,0
D,DISPATCH,UNIT_SCADA,1,"2019/09/06 00:40:00",SWAN_E,0
D,DISPATCH,UNIT_SCADA,1,"2019/09/06 00:40:00",TALWA1,306
D,DISPATCH,UNIT_SCADA,1,"2019/09/06 00:40:00",TARALGA1,43.601260
D,DISPATCH,UNIT_SCADA,1,"2019/09/06 00:40:00",TARONG#1,303.200010
D,DISPATCH,UNIT_SCADA,1,"2019/09/06 00:40:00",TARONG#2,0
D,DISPATCH,UNIT_SCADA,1,"2019/09/06 00:40:00",TARONG#3,259.899990
D,DISPATCH,UNIT_SCADA,1,"2019/09/06 00:40:00",TARONG#4,296.800020
D,DISPATCH,UNIT_SCADA,1,"2019/09/06 00:40:00",TARRALEA,73.90
D,DISPATCH,UNIT_SCADA,1,"2019/09/06 00:40:00",TBSF1,-0.20
D,DISPATCH,UNIT_SCADA,1,"2019/09/06 00:40:00",TNPS1,397.600010
D,DISPATCH,UNIT_SCADA,1,"2019/09/06 00:40:00",TORRA1,45.435180
D,DISPATCH,UNIT_SCADA,1,"2019/09/06 00:40:00",TORRA2,0
D,DISPATCH,UNIT_SCADA,1,"2019/09/06 00:40:00",TORRA3,0
D,DISPATCH,UNIT_SCADA,1,"2019/09/06 00:40:00",TORRA4,44.029690
D,DISPATCH,UNIT_SCADA,1,"2019/09/06 00:40:00",TORRB1,78.45
D,DISPATCH,UNIT_SCADA,1,"2019/09/06 00:40:00",TORRB2,78.93
D,DISPATCH,UNIT_SCADA,1,"2019/09/06 00:40:00",TORRB3,78.64
D,DISPATCH,UNIT_SCADA,1,"2019/09/06 00:40:00",TORRB4,0
D,DISPATCH,UNIT_SCADA,1,"2019/09/06 00:40:00",TREVALLN,32.440030
D,DISPATCH,UNIT_SCADA,1,"2019/09/06 00:40:00",TRIBUTE,0
D,DISPATCH,UNIT_SCADA,1,"2019/09/06 00:40:00",TUMUT3,0
D,DISPATCH,UNIT_SCADA,1,"2019/09/06 00:40:00",TUNGATIN,3.10
D,DISPATCH,UNIT_SCADA,1,"2019/09/06 00:40:00",TVCC201,0
D,DISPATCH,UNIT_SCADA,1,"2019/09/06 00:40:00",TVPP104,0
D,DISPATCH,UNIT_SCADA,1,"2019/09/06 00:40:00",UPPTUMUT,119.660320
D,DISPATCH,UNIT_SCADA,1,"2019/09/06 00:40:00",URANQ11,0
D,DISPATCH,UNIT_SCADA,1,"2019/09/06 00:40:00",URANQ12,0
D,DISPATCH,UNIT_SCADA,1,"2019/09/06 00:40:00",URANQ13,0
D,DISPATCH,UNIT_SCADA,1,"2019/09/06 00:40:00",URANQ14,0
D,DISPATCH,UNIT_SCADA,1,"2019/09/06 00:40:00",VP5,447.975010
D,DISPATCH,UNIT_SCADA,1,"2019/09/06 00:40:00",VP6,0
D,DISPATCH,UNIT_SCADA,1,"2019/09/06 00:40:00",VPGS1,0
D,DISPATCH,UNIT_SCADA,1,"2019/09/06 00:40:00",VPGS2,0
D,DISPATCH,UNIT_SCADA,1,"2019/09/06 00:40:00",VPGS3,0
D,DISPATCH,UNIT_SCADA,1,"2019/09/06 00:40:00",VPGS4,0
D,DISPATCH,UNIT_SCADA,1,"2019/09/06 00:40:00",VPGS5,0
D,DISPATCH,UNIT_SCADA,1,"2019/09/06 00:40:00",VPGS6,0
D,DISPATCH,UNIT_SCADA,1,"2019/09/06 00:40:00",W/HOE#1,0
D,DISPATCH,UNIT_SCADA,1,"2019/09/06 00:40:00",W/HOE#2,0
D,DISPATCH,UNIT_SCADA,1,"2019/09/06 00:40:00",WATERLWF,113.70
D,DISPATCH,UNIT_SCADA,1,"2019/09/06 00:40:00",WEMENSF1,0
D,DISPATCH,UNIT_SCADA,1,"2019/09/06 00:40:00",WGWF1,108.40
D,DISPATCH,UNIT_SCADA,1,"2019/09/06 00:40:00",WHITSF1,0
D,DISPATCH,UNIT_SCADA,1,"2019/09/06 00:40:00",WKIEWA1,16.30
D,DISPATCH,UNIT_SCADA,1,"2019/09/06 00:40:00",WKIEWA2,0
D,DISPATCH,UNIT_SCADA,1,"2019/09/06 00:40:00",WOODLWN1,16.955990
D,DISPATCH,UNIT_SCADA,1,"2019/09/06 00:40:00",WRSF1,0
D,DISPATCH,UNIT_SCADA,1,"2019/09/06 00:40:00",WRWF1,23.461240
D,DISPATCH,UNIT_SCADA,1,"2019/09/06 00:40:00",YABULU,0
D,DISPATCH,UNIT_SCADA,1,"2019/09/06 00:40:00",YABULU2,0
D,DISPATCH,UNIT_SCADA,1,"2019/09/06 00:40:00",YARWUN_1,165.86
D,DISPATCH,UNIT_SCADA,1,"2019/09/06 00:40:00",YENDWF1,27
D,DISPATCH,UNIT_SCADA,1,"2019/09/06 00:40:00",YWPS1,376.941770
D,DISPATCH,UNIT_SCADA,1,"2019/09/06 00:40:00",YWPS2,278.443020
D,DISPATCH,UNIT_SCADA,1,"2019/09/06 00:40:00",YWPS3,331.160770
D,DISPATCH,UNIT_SCADA,1,"2019/09/06 00:40:00",YWPS4,393.826570
C,"END OF REPORT",335
