C,NEMP.WORLD,DISPATCHSCADA,AEMO,PUBLIC,2019/08/21,10:55:12,0000000311822797,DISPATCHSCADA,0000000311822791
I,DISPATCH,UNIT_SCADA,1,SETTLEMENTDATE,DUID,SCADAVALUE
D,DISPATCH,UNIT_SCADA,1,"2019/08/21 11:00:00",BARCSF1,17.800001
D,DISPATCH,UNIT_SCADA,1,"2019/08/21 11:00:00",BUTLERSG,9.599998
D,DISPATCH,UNIT_SCADA,1,"2019/08/21 11:00:00",CALL_A_4,0
D,DISPATCH,UNIT_SCADA,1,"2019/08/21 11:00:00",CAPTL_WF,133.688004
D,DISPATCH,UNIT_SCADA,1,"2019/08/21 11:00:00",CATHROCK,23.579998
D,DISPATCH,UNIT_SCADA,1,"2019/08/21 11:00:00",CHALLHWF,34.50
D,DISPATCH,UNIT_SCADA,1,"2019/08/21 11:00:00",CLOVER,-0.02
D,DISPATCH,UNIT_SCADA,1,"2019/08/21 11:00:00",CLUNY,20.297092
D,DISPATCH,UNIT_SCADA,1,"2019/08/21 11:00:00",CNUNDAWF,35.941929
D,DISPATCH,UNIT_SCADA,1,"2019/08/21 11:00:00",CULLRGWF,30.309999
D,DISPATCH,UNIT_SCADA,1,"2019/08/21 11:00:00",ERGT01,0
D,DISPATCH,UNIT_SCADA,1,"2019/08/21 11:00:00",GB01,0.060753
D,DISPATCH,UNIT_SCADA,1,"2019/08/21 11:00:00",GERMCRK,34.599998
D,DISPATCH,UNIT_SCADA,1,"2019/08/21 11:00:00",GRIFSF1,16.799995
D,DISPATCH,UNIT_SCADA,1,"2019/08/21 11:00:00",HUGSF1,8.9490
D,DISPATCH,UNIT_SCADA,1,"2019/08/21 11:00:00",LKBONNY1,60.819675
D,DISPATCH,UNIT_SCADA,1,"2019/08/21 11:00:00",LRSF1,12.886001
D,DISPATCH,UNIT_SCADA,1,"2019/08/21 11:00:00",MBAHNTH,55.856247
D,DISPATCH,UNIT_SCADA,1,"2019/08/21 11:00:00",MLSP1,10.772001
D,DISPATCH,UNIT_SCADA,1,"2019/08/21 11:00:00",MLWF1,19.049999
D,DISPATCH,UNIT_SCADA,1,"2019/08/21 11:00:00",MTMILLAR,9.212343
D,DISPATCH,UNIT_SCADA,1,"2019/08/21 11:00:00",PALOONA,26.16
D,DISPATCH,UNIT_SCADA,1,"2019/08/21 11:00:00",PIONEER,47.900002
D,DISPATCH,UNIT_SCADA,1,"2019/08/21 11:00:00",PORTWF,108.599998
D,DISPATCH,UNIT_SCADA,1,"2019/08/21 11:00:00",REPULSE,28.936598
D,DISPATCH,UNIT_SCADA,1,"2019/08/21 11:00:00",ROWALLAN,10.2524
D,DISPATCH,UNIT_SCADA,1,"2019/08/21 11:00:00",ROYALLA1,19.591002
D,DISPATCH,UNIT_SCADA,1,"2019/08/21 11:00:00",RPCG,15.60
D,DISPATCH,UNIT_SCADA,1,"2019/08/21 11:00:00",RUBICON,0
D,DISPATCH,UNIT_SCADA,1,"2019/08/21 11:00:00",SATGN1,0
D,DISPATCH,UNIT_SCADA,1,"2019/08/21 11:00:00",SATGS1,0
D,DISPATCH,UNIT_SCADA,1,"2019/08/21 11:00:00",STARHLWF,6.298163
D,DISPATCH,UNIT_SCADA,1,"2019/08/21 11:00:00",WAUBRAWF,172.8060
D,DISPATCH,UNIT_SCADA,1,"2019/08/21 11:00:00",WOOLNTH1,108.120018
D,DISPATCH,UNIT_SCADA,1,"2019/08/21 11:00:00",WPWF,48
D,DISPATCH,UNIT_SCADA,1,"2019/08/21 11:00:00",YAMBUKWF,29.299999
D,DISPATCH,UNIT_SCADA,1,"2019/08/21 11:00:00",YSWF1,28.700001
D,DISPATCH,UNIT_SCADA,1,"2019/08/21 11:00:00",AGLHAL,0
D,DISPATCH,UNIT_SCADA,1,"2019/08/21 11:00:00",AGLSOM,0
D,DISPATCH,UNIT_SCADA,1,"2019/08/21 11:00:00",ANGAST1,0
D,DISPATCH,UNIT_SCADA,1,"2019/08/21 11:00:00",ARWF1,170.700010
D,DISPATCH,UNIT_SCADA,1,"2019/08/21 11:00:00",BALBG1,0
D,DISPATCH,UNIT_SCADA,1,"2019/08/21 11:00:00",BALBL1,0
D,DISPATCH,UNIT_SCADA,1,"2019/08/21 11:00:00",BALDHWF1,101.240010
D,DISPATCH,UNIT_SCADA,1,"2019/08/21 11:00:00",BANN1,37.78
D,DISPATCH,UNIT_SCADA,1,"2019/08/21 11:00:00",BARCALDN,0
D,DISPATCH,UNIT_SCADA,1,"2019/08/21 11:00:00",BARRON-1,0
D,DISPATCH,UNIT_SCADA,1,"2019/08/21 11:00:00",BARRON-2,0
D,DISPATCH,UNIT_SCADA,1,"2019/08/21 11:00:00",BASTYAN,78.930010
D,DISPATCH,UNIT_SCADA,1,"2019/08/21 11:00:00",BBTHREE1,-1.94
D,DISPATCH,UNIT_SCADA,1,"2019/08/21 11:00:00",BBTHREE2,-1.95
D,DISPATCH,UNIT_SCADA,1,"2019/08/21 11:00:00",BBTHREE3,-1.06
D,DISPATCH,UNIT_SCADA,1,"2019/08/21 11:00:00",BDL01,0
D,DISPATCH,UNIT_SCADA,1,"2019/08/21 11:00:00",BDL02,-0.06
D,DISPATCH,UNIT_SCADA,1,"2019/08/21 11:00:00",BERYLSF1,46.990880
D,DISPATCH,UNIT_SCADA,1,"2019/08/21 11:00:00",BLOWERNG,0
D,DISPATCH,UNIT_SCADA,1,"2019/08/21 11:00:00",BLUFF1,26.70
D,DISPATCH,UNIT_SCADA,1,"2019/08/21 11:00:00",BNGSF1,84.20
D,DISPATCH,UNIT_SCADA,1,"2019/08/21 11:00:00",BNGSF2,20
D,DISPATCH,UNIT_SCADA,1,"2019/08/21 11:00:00",BOCORWF1,71.24
D,DISPATCH,UNIT_SCADA,1,"2019/08/21 11:00:00",BODWF1,74.981710
D,DISPATCH,UNIT_SCADA,1,"2019/08/21 11:00:00",BRAEMAR1,0
D,DISPATCH,UNIT_SCADA,1,"2019/08/21 11:00:00",BRAEMAR2,0
D,DISPATCH,UNIT_SCADA,1,"2019/08/21 11:00:00",BRAEMAR3,0
D,DISPATCH,UNIT_SCADA,1,"2019/08/21 11:00:00",BRAEMAR5,0
D,DISPATCH,UNIT_SCADA,1,"2019/08/21 11:00:00",BRAEMAR6,0
D,DISPATCH,UNIT_SCADA,1,"2019/08/21 11:00:00",BRAEMAR7,0
D,DISPATCH,UNIT_SCADA,1,"2019/08/21 11:00:00",BROKENH1,52.119870
D,DISPATCH,UNIT_SCADA,1,"2019/08/21 11:00:00",BW01,454.224980
D,DISPATCH,UNIT_SCADA,1,"2019/08/21 11:00:00",BW02,595.50
D,DISPATCH,UNIT_SCADA,1,"2019/08/21 11:00:00",BW03,516.775020
D,DISPATCH,UNIT_SCADA,1,"2019/08/21 11:00:00",BW04,0
D,DISPATCH,UNIT_SCADA,1,"2019/08/21 11:00:00",CALL_B_1,280.399990
D,DISPATCH,UNIT_SCADA,1,"2019/08/21 11:00:00",CALL_B_2,199.600010
D,DISPATCH,UNIT_SCADA,1,"2019/08/21 11:00:00",CETHANA,75.132620
D,DISPATCH,UNIT_SCADA,1,"2019/08/21 11:00:00",CG1,0
D,DISPATCH,UNIT_SCADA,1,"2019/08/21 11:00:00",CG2,0
D,DISPATCH,UNIT_SCADA,1,"2019/08/21 11:00:00",CG3,0
D,DISPATCH,UNIT_SCADA,1,"2019/08/21 11:00:00",CG4,0
D,DISPATCH,UNIT_SCADA,1,"2019/08/21 11:00:00",CHILDSF1,40.04
D,DISPATCH,UNIT_SCADA,1,"2019/08/21 11:00:00",CLARESF1,46.6432
D,DISPATCH,UNIT_SCADA,1,"2019/08/21 11:00:00",CLEMGPWF,5.834840
D,DISPATCH,UNIT_SCADA,1,"2019/08/21 11:00:00",CLERMSF1,0.71
D,DISPATCH,UNIT_SCADA,1,"2019/08/21 11:00:00",COLEASF1,51.699990
D,DISPATCH,UNIT_SCADA,1,"2019/08/21 11:00:00",COOPGWF1,35.375310
D,DISPATCH,UNIT_SCADA,1,"2019/08/21 11:00:00",CPP_3,295.6250
D,DISPATCH,UNIT_SCADA,1,"2019/08/21 11:00:00",CPP_4,300.024990
D,DISPATCH,UNIT_SCADA,1,"2019/08/21 11:00:00",CPSA,142.781880
D,DISPATCH,UNIT_SCADA,1,"2019/08/21 11:00:00",CROOKWF2,84.033750
D,DISPATCH,UNIT_SCADA,1,"2019/08/21 11:00:00",CROWLWF1,43.845630
D,DISPATCH,UNIT_SCADA,1,"2019/08/21 11:00:00",CSPVPS1,32.0410
D,DISPATCH,UNIT_SCADA,1,"2019/08/21 11:00:00",DALNTH01,0.010680
D,DISPATCH,UNIT_SCADA,1,"2019/08/21 11:00:00",DALNTHL1,0.071720
D,DISPATCH,UNIT_SCADA,1,"2019/08/21 11:00:00",DARTM1,0
D,DISPATCH,UNIT_SCADA,1,"2019/08/21 11:00:00",DAYDSF1,115.4410
D,DISPATCH,UNIT_SCADA,1,"2019/08/21 11:00:00",DDPS1,0
D,DISPATCH,UNIT_SCADA,1,"2019/08/21 11:00:00",DDSF1,108.335110
D,DISPATCH,UNIT_SCADA,1,"2019/08/21 11:00:00",DEVILS_G,0
D,DISPATCH,UNIT_SCADA,1,"2019/08/21 11:00:00",DG_NSW1,0
D,DISPATCH,UNIT_SCADA,1,"2019/08/21 11:00:00",DG_QLD1,0
D,DISPATCH,UNIT_SCADA,1,"2019/08/21 11:00:00",DG_SA1,0
D,DISPATCH,UNIT_SCADA,1,"2019/08/21 11:00:00",DG_TAS1,0
D,DISPATCH,UNIT_SCADA,1,"2019/08/21 11:00:00",DG_VIC1,0
D,DISPATCH,UNIT_SCADA,1,"2019/08/21 11:00:00",DRYCGT1,0
D,DISPATCH,UNIT_SCADA,1,"2019/08/21 11:00:00",DRYCGT2,0
D,DISPATCH,UNIT_SCADA,1,"2019/08/21 11:00:00",DRYCGT3,0
D,DISPATCH,UNIT_SCADA,1,"2019/08/21 11:00:00",EILDON1,0
D,DISPATCH,UNIT_SCADA,1,"2019/08/21 11:00:00",EILDON2,0
D,DISPATCH,UNIT_SCADA,1,"2019/08/21 11:00:00",EMERASF1,65.81
D,DISPATCH,UNIT_SCADA,1,"2019/08/21 11:00:00",ER01,369.074950
D,DISPATCH,UNIT_SCADA,1,"2019/08/21 11:00:00",ER02,419.849980
D,DISPATCH,UNIT_SCADA,1,"2019/08/21 11:00:00",ER03,701.025020
D,DISPATCH,UNIT_SCADA,1,"2019/08/21 11:00:00",ER04,372.150020
D,DISPATCH,UNIT_SCADA,1,"2019/08/21 11:00:00",FINLYSF1,0.290250
D,DISPATCH,UNIT_SCADA,1,"2019/08/21 11:00:00",FISHER,45.89
D,DISPATCH,UNIT_SCADA,1,"2019/08/21 11:00:00",GANNBG1,0.003510
D,DISPATCH,UNIT_SCADA,1,"2019/08/21 11:00:00",GANNBL1,0
D,DISPATCH,UNIT_SCADA,1,"2019/08/21 11:00:00",GANNSF1,26.70
D,DISPATCH,UNIT_SCADA,1,"2019/08/21 11:00:00",GORDON,0
D,DISPATCH,UNIT_SCADA,1,"2019/08/21 11:00:00",GSTONE1,109.7250
D,DISPATCH,UNIT_SCADA,1,"2019/08/21 11:00:00",GSTONE2,109.7250
D,DISPATCH,UNIT_SCADA,1,"2019/08/21 11:00:00",GSTONE3,110.4250
D,DISPATCH,UNIT_SCADA,1,"2019/08/21 11:00:00",GSTONE4,122.6750
D,DISPATCH,UNIT_SCADA,1,"2019/08/21 11:00:00",GSTONE5,123.55
D,DISPATCH,UNIT_SCADA,1,"2019/08/21 11:00:00",GSTONE6,0
D,DISPATCH,UNIT_SCADA,1,"2019/08/21 11:00:00",GULLRSF1,3.174320
D,DISPATCH,UNIT_SCADA,1,"2019/08/21 11:00:00",GULLRWF1,156.3703
D,DISPATCH,UNIT_SCADA,1,"2019/08/21 11:00:00",GUNNING1,42.342230
D,DISPATCH,UNIT_SCADA,1,"2019/08/21 11:00:00",GUTHEGA,0
D,DISPATCH,UNIT_SCADA,1,"2019/08/21 11:00:00",HALLWF1,45.81
D,DISPATCH,UNIT_SCADA,1,"2019/08/21 11:00:00",HALLWF2,47.09
D,DISPATCH,UNIT_SCADA,1,"2019/08/21 11:00:00",HAMISF1,46.10
D,DISPATCH,UNIT_SCADA,1,"2019/08/21 11:00:00",HAUGHT11,49.952770
D,DISPATCH,UNIT_SCADA,1,"2019/08/21 11:00:00",HAYMSF1,41.4460
D,DISPATCH,UNIT_SCADA,1,"2019/08/21 11:00:00",HDWF1,27.20
D,DISPATCH,UNIT_SCADA,1,"2019/08/21 11:00:00",HDWF2,17.70
D,DISPATCH,UNIT_SCADA,1,"2019/08/21 11:00:00",HDWF3,25
D,DISPATCH,UNIT_SCADA,1,"2019/08/21 11:00:00",HPRG1,0
D,DISPATCH,UNIT_SCADA,1,"2019/08/21 11:00:00",HPRL1,8.40
D,DISPATCH,UNIT_SCADA,1,"2019/08/21 11:00:00",HUMENSW,0
D,DISPATCH,UNIT_SCADA,1,"2019/08/21 11:00:00",HUMEV,8.10
D,DISPATCH,UNIT_SCADA,1,"2019/08/21 11:00:00",HVGTS,0
D,DISPATCH,UNIT_SCADA,1,"2019/08/21 11:00:00",JBUTTERS,122.36
D,DISPATCH,UNIT_SCADA,1,"2019/08/21 11:00:00",JLA01,0.50
D,DISPATCH,UNIT_SCADA,1,"2019/08/21 11:00:00",JLA02,0
D,DISPATCH,UNIT_SCADA,1,"2019/08/21 11:00:00",JLA03,0.10
D,DISPATCH,UNIT_SCADA,1,"2019/08/21 11:00:00",JLA04,0.10
D,DISPATCH,UNIT_SCADA,1,"2019/08/21 11:00:00",JLB01,0
D,DISPATCH,UNIT_SCADA,1,"2019/08/21 11:00:00",JLB02,0.10
D,DISPATCH,UNIT_SCADA,1,"2019/08/21 11:00:00",JLB03,0
D,DISPATCH,UNIT_SCADA,1,"2019/08/21 11:00:00",KAREEYA1,21.4725
D,DISPATCH,UNIT_SCADA,1,"2019/08/21 11:00:00",KAREEYA2,21.7150
D,DISPATCH,UNIT_SCADA,1,"2019/08/21 11:00:00",KAREEYA3,0
D,DISPATCH,UNIT_SCADA,1,"2019/08/21 11:00:00",KAREEYA4,21.6475
D,DISPATCH,UNIT_SCADA,1,"2019/08/21 11:00:00",KARSF1,35.50
D,DISPATCH,UNIT_SCADA,1,"2019/08/21 11:00:00",KIATAWF1,29.20
D,DISPATCH,UNIT_SCADA,1,"2019/08/21 11:00:00",KPP_1,0
D,DISPATCH,UNIT_SCADA,1,"2019/08/21 11:00:00",KSP1,47.77
D,DISPATCH,UNIT_SCADA,1,"2019/08/21 11:00:00",LADBROK1,41.95
D,DISPATCH,UNIT_SCADA,1,"2019/08/21 11:00:00",LADBROK2,42.47
D,DISPATCH,UNIT_SCADA,1,"2019/08/21 11:00:00",LD01,379.181210
D,DISPATCH,UNIT_SCADA,1,"2019/08/21 11:00:00",LD02,377.981230
D,DISPATCH,UNIT_SCADA,1,"2019/08/21 11:00:00",LD03,379.818790
D,DISPATCH,UNIT_SCADA,1,"2019/08/21 11:00:00",LD04,379.3125
D,DISPATCH,UNIT_SCADA,1,"2019/08/21 11:00:00",LEM_WIL,86.008750
D,DISPATCH,UNIT_SCADA,1,"2019/08/21 11:00:00",LGAPWF1,1.39
D,DISPATCH,UNIT_SCADA,1,"2019/08/21 11:00:00",LILYSF1,94.896120
D,DISPATCH,UNIT_SCADA,1,"2019/08/21 11:00:00",LI_WY_CA,147.998410
D,DISPATCH,UNIT_SCADA,1,"2019/08/21 11:00:00",LKBONNY2,115.426040
D,DISPATCH,UNIT_SCADA,1,"2019/08/21 11:00:00",LKBONNY3,28.1343
D,DISPATCH,UNIT_SCADA,1,"2019/08/21 11:00:00",LK_ECHO,0
D,DISPATCH,UNIT_SCADA,1,"2019/08/21 11:00:00",LNGS1,0
D,DISPATCH,UNIT_SCADA,1,"2019/08/21 11:00:00",LNGS2,0
D,DISPATCH,UNIT_SCADA,1,"2019/08/21 11:00:00",LONSDALE,0
D,DISPATCH,UNIT_SCADA,1,"2019/08/21 11:00:00",LOYYB1,536.088620
D,DISPATCH,UNIT_SCADA,1,"2019/08/21 11:00:00",LOYYB2,581.202510
D,DISPATCH,UNIT_SCADA,1,"2019/08/21 11:00:00",LYA1,500
D,DISPATCH,UNIT_SCADA,1,"2019/08/21 11:00:00",LYA2,0
D,DISPATCH,UNIT_SCADA,1,"2019/08/21 11:00:00",LYA3,560
D,DISPATCH,UNIT_SCADA,1,"2019/08/21 11:00:00",LYA4,530
D,DISPATCH,UNIT_SCADA,1,"2019/08/21 11:00:00",MACARTH1,273.693660
D,DISPATCH,UNIT_SCADA,1,"2019/08/21 11:00:00",MACKAYGT,0
D,DISPATCH,UNIT_SCADA,1,"2019/08/21 11:00:00",MACKNTSH,85.13
D,DISPATCH,UNIT_SCADA,1,"2019/08/21 11:00:00",MANSLR1,7.3460
D,DISPATCH,UNIT_SCADA,1,"2019/08/21 11:00:00",MCKAY1,0.02
D,DISPATCH,UNIT_SCADA,1,"2019/08/21 11:00:00",MEADOWBK,34.095940
D,DISPATCH,UNIT_SCADA,1,"2019/08/21 11:00:00",MERCER01,122.7440
D,DISPATCH,UNIT_SCADA,1,"2019/08/21 11:00:00",MEWF1,74.387450
D,DISPATCH,UNIT_SCADA,1,"2019/08/21 11:00:00",MINTARO,0
D,DISPATCH,UNIT_SCADA,1,"2019/08/21 11:00:00",MOREESF1,49.2260
D,DISPATCH,UNIT_SCADA,1,"2019/08/21 11:00:00",MORTLK11,0
D,DISPATCH,UNIT_SCADA,1,"2019/08/21 11:00:00",MORTLK12,0
D,DISPATCH,UNIT_SCADA,1,"2019/08/21 11:00:00",MP1,279.275020
D,DISPATCH,UNIT_SCADA,1,"2019/08/21 11:00:00",MP2,0
D,DISPATCH,UNIT_SCADA,1,"2019/08/21 11:00:00",MPP_1,254.25
D,DISPATCH,UNIT_SCADA,1,"2019/08/21 11:00:00",MPP_2,379.75
D,DISPATCH,UNIT_SCADA,1,"2019/08/21 11:00:00",MSTUART1,0
D,DISPATCH,UNIT_SCADA,1,"2019/08/21 11:00:00",MSTUART2,0
D,DISPATCH,UNIT_SCADA,1,"2019/08/21 11:00:00",MSTUART3,0
D,DISPATCH,UNIT_SCADA,1,"2019/08/21 11:00:00",MTGELWF1,64.804530
D,DISPATCH,UNIT_SCADA,1,"2019/08/21 11:00:00",MURRAY,0
D,DISPATCH,UNIT_SCADA,1,"2019/08/21 11:00:00",MUSSELR1,155.899990
D,DISPATCH,UNIT_SCADA,1,"2019/08/21 11:00:00",MUWAWF1,52.06
D,DISPATCH,UNIT_SCADA,1,"2019/08/21 11:00:00",NBHWF1,26.50
D,DISPATCH,UNIT_SCADA,1,"2019/08/21 11:00:00",NPS,0
D,DISPATCH,UNIT_SCADA,1,"2019/08/21 11:00:00",NUMURSF1,82.06
D,DISPATCH,UNIT_SCADA,1,"2019/08/21 11:00:00",NYNGAN1,100.75
D,DISPATCH,UNIT_SCADA,1,"2019/08/21 11:00:00",OAKEY1,0
D,DISPATCH,UNIT_SCADA,1,"2019/08/21 11:00:00",OAKEY1SF,20.9820
D,DISPATCH,UNIT_SCADA,1,"2019/08/21 11:00:00",OAKEY2,0
D,DISPATCH,UNIT_SCADA,1,"2019/08/21 11:00:00",OAKLAND1,53.40
D,DISPATCH,UNIT_SCADA,1,"2019/08/21 11:00:00",OSB-AG,0
D,DISPATCH,UNIT_SCADA,1,"2019/08/21 11:00:00",PARSF1,46.70
D,DISPATCH,UNIT_SCADA,1,"2019/08/21 11:00:00",POAT110,0
D,DISPATCH,UNIT_SCADA,1,"2019/08/21 11:00:00",POAT220,1.704160
D,DISPATCH,UNIT_SCADA,1,"2019/08/21 11:00:00",POR01,0
D,DISPATCH,UNIT_SCADA,1,"2019/08/21 11:00:00",POR03,0
D,DISPATCH,UNIT_SCADA,1,"2019/08/21 11:00:00",PPCCGT,173.5522
D,DISPATCH,UNIT_SCADA,1,"2019/08/21 11:00:00",PTSTAN1,0
D,DISPATCH,UNIT_SCADA,1,"2019/08/21 11:00:00",PUMP1,0
D,DISPATCH,UNIT_SCADA,1,"2019/08/21 11:00:00",PUMP2,0
D,DISPATCH,UNIT_SCADA,1,"2019/08/21 11:00:00",QPS1,29
D,DISPATCH,UNIT_SCADA,1,"2019/08/21 11:00:00",QPS2,0
D,DISPATCH,UNIT_SCADA,1,"2019/08/21 11:00:00",QPS3,0
D,DISPATCH,UNIT_SCADA,1,"2019/08/21 11:00:00",QPS4,0
D,DISPATCH,UNIT_SCADA,1,"2019/08/21 11:00:00",QPS5,0
D,DISPATCH,UNIT_SCADA,1,"2019/08/21 11:00:00",REECE1,118.560010
D,DISPATCH,UNIT_SCADA,1,"2019/08/21 11:00:00",REECE2,116.440010
D,DISPATCH,UNIT_SCADA,1,"2019/08/21 11:00:00",ROMA_7,0
D,DISPATCH,UNIT_SCADA,1,"2019/08/21 11:00:00",ROMA_8,0
D,DISPATCH,UNIT_SCADA,1,"2019/08/21 11:00:00",RRSF1,103.589040
D,DISPATCH,UNIT_SCADA,1,"2019/08/21 11:00:00",RT_NSW1,0
D,DISPATCH,UNIT_SCADA,1,"2019/08/21 11:00:00",RT_NSW2,0
D,DISPATCH,UNIT_SCADA,1,"2019/08/21 11:00:00",RT_NSW3,0
D,DISPATCH,UNIT_SCADA,1,"2019/08/21 11:00:00",RT_NSW4,0
D,DISPATCH,UNIT_SCADA,1,"2019/08/21 11:00:00",RT_NSW5,0
D,DISPATCH,UNIT_SCADA,1,"2019/08/21 11:00:00",RT_NSW6,0
D,DISPATCH,UNIT_SCADA,1,"2019/08/21 11:00:00",RT_QLD1,0
D,DISPATCH,UNIT_SCADA,1,"2019/08/21 11:00:00",RT_SA1,0
D,DISPATCH,UNIT_SCADA,1,"2019/08/21 11:00:00",RT_SA2,0
D,DISPATCH,UNIT_SCADA,1,"2019/08/21 11:00:00",RT_SA3,0
D,DISPATCH,UNIT_SCADA,1,"2019/08/21 11:00:00",RT_SA4,0
D,DISPATCH,UNIT_SCADA,1,"2019/08/21 11:00:00",RT_SA5,0
D,DISPATCH,UNIT_SCADA,1,"2019/08/21 11:00:00",RT_SA6,0
D,DISPATCH,UNIT_SCADA,1,"2019/08/21 11:00:00",RT_TAS1,0
D,DISPATCH,UNIT_SCADA,1,"2019/08/21 11:00:00",RT_VIC1,0
D,DISPATCH,UNIT_SCADA,1,"2019/08/21 11:00:00",RT_VIC10,0
D,DISPATCH,UNIT_SCADA,1,"2019/08/21 11:00:00",RT_VIC11,0
D,DISPATCH,UNIT_SCADA,1,"2019/08/21 11:00:00",RT_VIC12,0
D,DISPATCH,UNIT_SCADA,1,"2019/08/21 11:00:00",RT_VIC2,0
D,DISPATCH,UNIT_SCADA,1,"2019/08/21 11:00:00",RT_VIC3,0
D,DISPATCH,UNIT_SCADA,1,"2019/08/21 11:00:00",RT_VIC4,0
D,DISPATCH,UNIT_SCADA,1,"2019/08/21 11:00:00",RT_VIC5,0
D,DISPATCH,UNIT_SCADA,1,"2019/08/21 11:00:00",RT_VIC6,0
D,DISPATCH,UNIT_SCADA,1,"2019/08/21 11:00:00",RT_VIC7,0
D,DISPATCH,UNIT_SCADA,1,"2019/08/21 11:00:00",RT_VIC8,0
D,DISPATCH,UNIT_SCADA,1,"2019/08/21 11:00:00",RT_VIC9,0
D,DISPATCH,UNIT_SCADA,1,"2019/08/21 11:00:00",RUGBYR1,45.139970
D,DISPATCH,UNIT_SCADA,1,"2019/08/21 11:00:00",SALTCRK1,52.39
D,DISPATCH,UNIT_SCADA,1,"2019/08/21 11:00:00",SAPHWF1,96.918760
D,DISPATCH,UNIT_SCADA,1,"2019/08/21 11:00:00",SHGEN,0
D,DISPATCH,UNIT_SCADA,1,"2019/08/21 11:00:00",SHPUMP,200.3876
D,DISPATCH,UNIT_SCADA,1,"2019/08/21 11:00:00",SITHE01,0.043330
D,DISPATCH,UNIT_SCADA,1,"2019/08/21 11:00:00",SMCSF1,86.263520
D,DISPATCH,UNIT_SCADA,1,"2019/08/21 11:00:00",SNOWNTH1,8.70
D,DISPATCH,UNIT_SCADA,1,"2019/08/21 11:00:00",SNOWSTH1,48.70
D,DISPATCH,UNIT_SCADA,1,"2019/08/21 11:00:00",SNOWTWN1,9.147330
D,DISPATCH,UNIT_SCADA,1,"2019/08/21 11:00:00",SNOWYP,191.20
D,DISPATCH,UNIT_SCADA,1,"2019/08/21 11:00:00",SNUG1,0.019440
D,DISPATCH,UNIT_SCADA,1,"2019/08/21 11:00:00",SRSF1,34.55
D,DISPATCH,UNIT_SCADA,1,"2019/08/21 11:00:00",STAN-1,0
D,DISPATCH,UNIT_SCADA,1,"2019/08/21 11:00:00",STAN-2,274.211180
D,DISPATCH,UNIT_SCADA,1,"2019/08/21 11:00:00",STAN-3,275.5827
D,DISPATCH,UNIT_SCADA,1,"2019/08/21 11:00:00",STAN-4,275.659610
D,DISPATCH,UNIT_SCADA,1,"2019/08/21 11:00:00",STWF1,6.322510
D,DISPATCH,UNIT_SCADA,1,"2019/08/21 11:00:00",SWAN_E,0
D,DISPATCH,UNIT_SCADA,1,"2019/08/21 11:00:00",TALWA1,0
D,DISPATCH,UNIT_SCADA,1,"2019/08/21 11:00:00",TARALGA1,51.236240
D,DISPATCH,UNIT_SCADA,1,"2019/08/21 11:00:00",TARONG#1,273
D,DISPATCH,UNIT_SCADA,1,"2019/08/21 11:00:00",TARONG#2,273.899990
D,DISPATCH,UNIT_SCADA,1,"2019/08/21 11:00:00",TARONG#3,260.600010
D,DISPATCH,UNIT_SCADA,1,"2019/08/21 11:00:00",TARONG#4,280.50
D,DISPATCH,UNIT_SCADA,1,"2019/08/21 11:00:00",TARRALEA,74.90
D,DISPATCH,UNIT_SCADA,1,"2019/08/21 11:00:00",TBSF1,56.70
D,DISPATCH,UNIT_SCADA,1,"2019/08/21 11:00:00",TNPS1,442.000030
D,DISPATCH,UNIT_SCADA,1,"2019/08/21 11:00:00",TORRA1,54.167330
D,DISPATCH,UNIT_SCADA,1,"2019/08/21 11:00:00",TORRA2,0
D,DISPATCH,UNIT_SCADA,1,"2019/08/21 11:00:00",TORRA3,0
D,DISPATCH,UNIT_SCADA,1,"2019/08/21 11:00:00",TORRA4,0
D,DISPATCH,UNIT_SCADA,1,"2019/08/21 11:00:00",TORRB1,63.01
D,DISPATCH,UNIT_SCADA,1,"2019/08/21 11:00:00",TORRB2,62.04
D,DISPATCH,UNIT_SCADA,1,"2019/08/21 11:00:00",TORRB3,0
D,DISPATCH,UNIT_SCADA,1,"2019/08/21 11:00:00",TORRB4,0
D,DISPATCH,UNIT_SCADA,1,"2019/08/21 11:00:00",TREVALLN,43.910020
D,DISPATCH,UNIT_SCADA,1,"2019/08/21 11:00:00",TRIBUTE,44.98
D,DISPATCH,UNIT_SCADA,1,"2019/08/21 11:00:00",TUMUT3,0
D,DISPATCH,UNIT_SCADA,1,"2019/08/21 11:00:00",TUNGATIN,105.920030
D,DISPATCH,UNIT_SCADA,1,"2019/08/21 11:00:00",TVCC201,0
D,DISPATCH,UNIT_SCADA,1,"2019/08/21 11:00:00",TVPP104,0
D,DISPATCH,UNIT_SCADA,1,"2019/08/21 11:00:00",UPPTUMUT,0
D,DISPATCH,UNIT_SCADA,1,"2019/08/21 11:00:00",URANQ11,0
D,DISPATCH,UNIT_SCADA,1,"2019/08/21 11:00:00",URANQ12,0
D,DISPATCH,UNIT_SCADA,1,"2019/08/21 11:00:00",URANQ13,0
D,DISPATCH,UNIT_SCADA,1,"2019/08/21 11:00:00",URANQ14,0
D,DISPATCH,UNIT_SCADA,1,"2019/08/21 11:00:00",VP5,372.524990
D,DISPATCH,UNIT_SCADA,1,"2019/08/21 11:00:00",VP6,363.3750
D,DISPATCH,UNIT_SCADA,1,"2019/08/21 11:00:00",VPGS1,0
D,DISPATCH,UNIT_SCADA,1,"2019/08/21 11:00:00",VPGS2,0
D,DISPATCH,UNIT_SCADA,1,"2019/08/21 11:00:00",VPGS3,0
D,DISPATCH,UNIT_SCADA,1,"2019/08/21 11:00:00",VPGS4,0
D,DISPATCH,UNIT_SCADA,1,"2019/08/21 11:00:00",VPGS5,0
D,DISPATCH,UNIT_SCADA,1,"2019/08/21 11:00:00",VPGS6,0
D,DISPATCH,UNIT_SCADA,1,"2019/08/21 11:00:00",W/HOE#1,0
D,DISPATCH,UNIT_SCADA,1,"2019/08/21 11:00:00",W/HOE#2,0
D,DISPATCH,UNIT_SCADA,1,"2019/08/21 11:00:00",WATERLWF,90.40
D,DISPATCH,UNIT_SCADA,1,"2019/08/21 11:00:00",WEMENSF1,24.10
D,DISPATCH,UNIT_SCADA,1,"2019/08/21 11:00:00",WGWF1,52
D,DISPATCH,UNIT_SCADA,1,"2019/08/21 11:00:00",WHITSF1,0
D,DISPATCH,UNIT_SCADA,1,"2019/08/21 11:00:00",WKIEWA1,0
D,DISPATCH,UNIT_SCADA,1,"2019/08/21 11:00:00",WKIEWA2,7.20
D,DISPATCH,UNIT_SCADA,1,"2019/08/21 11:00:00",WOODLWN1,44.9550
D,DISPATCH,UNIT_SCADA,1,"2019/08/21 11:00:00",WRSF1,19.78
D,DISPATCH,UNIT_SCADA,1,"2019/08/21 11:00:00",WRWF1,141.0325
D,DISPATCH,UNIT_SCADA,1,"2019/08/21 11:00:00",YABULU,0
D,DISPATCH,UNIT_SCADA,1,"2019/08/21 11:00:00",YABULU2,0
D,DISPATCH,UNIT_SCADA,1,"2019/08/21 11:00:00",YARWUN_1,0
D,DISPATCH,UNIT_SCADA,1,"2019/08/21 11:00:00",YENDWF1,41.94
D,DISPATCH,UNIT_SCADA,1,"2019/08/21 11:00:00",YWPS1,368.6709
D,DISPATCH,UNIT_SCADA,1,"2019/08/21 11:00:00",YWPS2,279.445560
D,DISPATCH,UNIT_SCADA,1,"2019/08/21 11:00:00",YWPS3,0
D,DISPATCH,UNIT_SCADA,1,"2019/08/21 11:00:00",YWPS4,356.283540
C,"END OF REPORT",334
