C,NEMP.WORLD,DISPATCHSCADA,AEMO,PUBLIC,2019/08/20,08:50:16,0000000311779049,DISPATCHSCADA,0000000311779043
I,DISPATCH,UNIT_SCADA,1,SETTLEMENTDATE,DUID,SCADAVALUE
D,DISPATCH,UNIT_SCADA,1,"2019/08/20 08:55:00",BARCSF1,18.50
D,DISPATCH,UNIT_SCADA,1,"2019/08/20 08:55:00",BUTLERSG,9.799998
D,DISPATCH,UNIT_SCADA,1,"2019/08/20 08:55:00",CALL_A_4,0
D,DISPATCH,UNIT_SCADA,1,"2019/08/20 08:55:00",CAPTL_WF,133.488007
D,DISPATCH,UNIT_SCADA,1,"2019/08/20 08:55:00",CATHROCK,50.389996
D,DISPATCH,UNIT_SCADA,1,"2019/08/20 08:55:00",CHALLHWF,14.299999
D,DISPATCH,UNIT_SCADA,1,"2019/08/20 08:55:00",CLOVER,0
D,DISPATCH,UNIT_SCADA,1,"2019/08/20 08:55:00",CLUNY,9.157702
D,DISPATCH,UNIT_SCADA,1,"2019/08/20 08:55:00",CNUNDAWF,40.146835
D,DISPATCH,UNIT_SCADA,1,"2019/08/20 08:55:00",CULLRGWF,30.25
D,DISPATCH,UNIT_SCADA,1,"2019/08/20 08:55:00",ERGT01,0
D,DISPATCH,UNIT_SCADA,1,"2019/08/20 08:55:00",GB01,0.054256
D,DISPATCH,UNIT_SCADA,1,"2019/08/20 08:55:00",GERMCRK,38.799999
D,DISPATCH,UNIT_SCADA,1,"2019/08/20 08:55:00",GRIFSF1,4.799995
D,DISPATCH,UNIT_SCADA,1,"2019/08/20 08:55:00",HUGSF1,8.9890
D,DISPATCH,UNIT_SCADA,1,"2019/08/20 08:55:00",LKBONNY1,68.768211
D,DISPATCH,UNIT_SCADA,1,"2019/08/20 08:55:00",LRSF1,12.5170
D,DISPATCH,UNIT_SCADA,1,"2019/08/20 08:55:00",MBAHNTH,54.318756
D,DISPATCH,UNIT_SCADA,1,"2019/08/20 08:55:00",MLSP1,7.112001
D,DISPATCH,UNIT_SCADA,1,"2019/08/20 08:55:00",MLWF1,19.650002
D,DISPATCH,UNIT_SCADA,1,"2019/08/20 08:55:00",MTMILLAR,12.412107
D,DISPATCH,UNIT_SCADA,1,"2019/08/20 08:55:00",PALOONA,23.619999
D,DISPATCH,UNIT_SCADA,1,"2019/08/20 08:55:00",PIONEER,10
D,DISPATCH,UNIT_SCADA,1,"2019/08/20 08:55:00",PORTWF,137.199997
D,DISPATCH,UNIT_SCADA,1,"2019/08/20 08:55:00",REPULSE,28.885328
D,DISPATCH,UNIT_SCADA,1,"2019/08/20 08:55:00",ROWALLAN,10.003901
D,DISPATCH,UNIT_SCADA,1,"2019/08/20 08:55:00",ROYALLA1,13.179001
D,DISPATCH,UNIT_SCADA,1,"2019/08/20 08:55:00",RPCG,11.20
D,DISPATCH,UNIT_SCADA,1,"2019/08/20 08:55:00",RUBICON,0
D,DISPATCH,UNIT_SCADA,1,"2019/08/20 08:55:00",SATGN1,0
D,DISPATCH,UNIT_SCADA,1,"2019/08/20 08:55:00",SATGS1,0
D,DISPATCH,UNIT_SCADA,1,"2019/08/20 08:55:00",STARHLWF,17.494898
D,DISPATCH,UNIT_SCADA,1,"2019/08/20 08:55:00",WAUBRAWF,118.403999
D,DISPATCH,UNIT_SCADA,1,"2019/08/20 08:55:00",WOOLNTH1,128.390015
D,DISPATCH,UNIT_SCADA,1,"2019/08/20 08:55:00",WPWF,28
D,DISPATCH,UNIT_SCADA,1,"2019/08/20 08:55:00",YAMBUKWF,19
D,DISPATCH,UNIT_SCADA,1,"2019/08/20 08:55:00",YSWF1,28.50
D,DISPATCH,UNIT_SCADA,1,"2019/08/20 08:55:00",AGLHAL,0
D,DISPATCH,UNIT_SCADA,1,"2019/08/20 08:55:00",AGLSOM,0
D,DISPATCH,UNIT_SCADA,1,"2019/08/20 08:55:00",ANGAST1,0
D,DISPATCH,UNIT_SCADA,1,"2019/08/20 08:55:00",ARWF1,43.30
D,DISPATCH,UNIT_SCADA,1,"2019/08/20 08:55:00",BALBG1,0
D,DISPATCH,UNIT_SCADA,1,"2019/08/20 08:55:00",BALBL1,0
D,DISPATCH,UNIT_SCADA,1,"2019/08/20 08:55:00",BALDHWF1,103.1340
D,DISPATCH,UNIT_SCADA,1,"2019/08/20 08:55:00",BANN1,57.88
D,DISPATCH,UNIT_SCADA,1,"2019/08/20 08:55:00",BARCALDN,0
D,DISPATCH,UNIT_SCADA,1,"2019/08/20 08:55:00",BARRON-1,0
D,DISPATCH,UNIT_SCADA,1,"2019/08/20 08:55:00",BARRON-2,29.04
D,DISPATCH,UNIT_SCADA,1,"2019/08/20 08:55:00",BASTYAN,80.790010
D,DISPATCH,UNIT_SCADA,1,"2019/08/20 08:55:00",BBTHREE1,-1.94
D,DISPATCH,UNIT_SCADA,1,"2019/08/20 08:55:00",BBTHREE2,-2.05
D,DISPATCH,UNIT_SCADA,1,"2019/08/20 08:55:00",BBTHREE3,-1.09
D,DISPATCH,UNIT_SCADA,1,"2019/08/20 08:55:00",BDL01,23.94
D,DISPATCH,UNIT_SCADA,1,"2019/08/20 08:55:00",BDL02,24
D,DISPATCH,UNIT_SCADA,1,"2019/08/20 08:55:00",BERYLSF1,70.249790
D,DISPATCH,UNIT_SCADA,1,"2019/08/20 08:55:00",BLOWERNG,0
D,DISPATCH,UNIT_SCADA,1,"2019/08/20 08:55:00",BLUFF1,25.60
D,DISPATCH,UNIT_SCADA,1,"2019/08/20 08:55:00",BNGSF1,73.04
D,DISPATCH,UNIT_SCADA,1,"2019/08/20 08:55:00",BNGSF2,19.99
D,DISPATCH,UNIT_SCADA,1,"2019/08/20 08:55:00",BOCORWF1,57.38
D,DISPATCH,UNIT_SCADA,1,"2019/08/20 08:55:00",BODWF1,23.329170
D,DISPATCH,UNIT_SCADA,1,"2019/08/20 08:55:00",BRAEMAR1,0
D,DISPATCH,UNIT_SCADA,1,"2019/08/20 08:55:00",BRAEMAR2,0
D,DISPATCH,UNIT_SCADA,1,"2019/08/20 08:55:00",BRAEMAR3,0
D,DISPATCH,UNIT_SCADA,1,"2019/08/20 08:55:00",BRAEMAR5,0
D,DISPATCH,UNIT_SCADA,1,"2019/08/20 08:55:00",BRAEMAR6,0
D,DISPATCH,UNIT_SCADA,1,"2019/08/20 08:55:00",BRAEMAR7,0
D,DISPATCH,UNIT_SCADA,1,"2019/08/20 08:55:00",BROKENH1,27.032710
D,DISPATCH,UNIT_SCADA,1,"2019/08/20 08:55:00",BW01,609.6250
D,DISPATCH,UNIT_SCADA,1,"2019/08/20 08:55:00",BW02,622.8750
D,DISPATCH,UNIT_SCADA,1,"2019/08/20 08:55:00",BW03,622.474980
D,DISPATCH,UNIT_SCADA,1,"2019/08/20 08:55:00",BW04,0
D,DISPATCH,UNIT_SCADA,1,"2019/08/20 08:55:00",CALL_B_1,350.300020
D,DISPATCH,UNIT_SCADA,1,"2019/08/20 08:55:00",CALL_B_2,289.600010
D,DISPATCH,UNIT_SCADA,1,"2019/08/20 08:55:00",CETHANA,92.6760
D,DISPATCH,UNIT_SCADA,1,"2019/08/20 08:55:00",CG1,0
D,DISPATCH,UNIT_SCADA,1,"2019/08/20 08:55:00",CG2,0
D,DISPATCH,UNIT_SCADA,1,"2019/08/20 08:55:00",CG3,0
D,DISPATCH,UNIT_SCADA,1,"2019/08/20 08:55:00",CG4,0
D,DISPATCH,UNIT_SCADA,1,"2019/08/20 08:55:00",CHILDSF1,40.08
D,DISPATCH,UNIT_SCADA,1,"2019/08/20 08:55:00",CLARESF1,41.652230
D,DISPATCH,UNIT_SCADA,1,"2019/08/20 08:55:00",CLEMGPWF,0.936460
D,DISPATCH,UNIT_SCADA,1,"2019/08/20 08:55:00",CLERMSF1,15.13
D,DISPATCH,UNIT_SCADA,1,"2019/08/20 08:55:00",COLEASF1,29
D,DISPATCH,UNIT_SCADA,1,"2019/08/20 08:55:00",COOPGWF1,8.545190
D,DISPATCH,UNIT_SCADA,1,"2019/08/20 08:55:00",CPP_3,381.149990
D,DISPATCH,UNIT_SCADA,1,"2019/08/20 08:55:00",CPP_4,278.024990
D,DISPATCH,UNIT_SCADA,1,"2019/08/20 08:55:00",CPSA,143.106870
D,DISPATCH,UNIT_SCADA,1,"2019/08/20 08:55:00",CROOKWF2,79.453750
D,DISPATCH,UNIT_SCADA,1,"2019/08/20 08:55:00",CROWLWF1,21.607420
D,DISPATCH,UNIT_SCADA,1,"2019/08/20 08:55:00",CSPVPS1,24.5560
D,DISPATCH,UNIT_SCADA,1,"2019/08/20 08:55:00",DALNTH01,0.019840
D,DISPATCH,UNIT_SCADA,1,"2019/08/20 08:55:00",DALNTHL1,0
D,DISPATCH,UNIT_SCADA,1,"2019/08/20 08:55:00",DARTM1,134.899990
D,DISPATCH,UNIT_SCADA,1,"2019/08/20 08:55:00",DAYDSF1,111.101010
D,DISPATCH,UNIT_SCADA,1,"2019/08/20 08:55:00",DDPS1,0
D,DISPATCH,UNIT_SCADA,1,"2019/08/20 08:55:00",DDSF1,81.395710
D,DISPATCH,UNIT_SCADA,1,"2019/08/20 08:55:00",DEVILS_G,0
D,DISPATCH,UNIT_SCADA,1,"2019/08/20 08:55:00",DG_NSW1,0
D,DISPATCH,UNIT_SCADA,1,"2019/08/20 08:55:00",DG_QLD1,0
D,DISPATCH,UNIT_SCADA,1,"2019/08/20 08:55:00",DG_SA1,0
D,DISPATCH,UNIT_SCADA,1,"2019/08/20 08:55:00",DG_TAS1,0
D,DISPATCH,UNIT_SCADA,1,"2019/08/20 08:55:00",DG_VIC1,0
D,DISPATCH,UNIT_SCADA,1,"2019/08/20 08:55:00",DRYCGT1,0
D,DISPATCH,UNIT_SCADA,1,"2019/08/20 08:55:00",DRYCGT2,0
D,DISPATCH,UNIT_SCADA,1,"2019/08/20 08:55:00",DRYCGT3,0
D,DISPATCH,UNIT_SCADA,1,"2019/08/20 08:55:00",EILDON1,0
D,DISPATCH,UNIT_SCADA,1,"2019/08/20 08:55:00",EILDON2,0
D,DISPATCH,UNIT_SCADA,1,"2019/08/20 08:55:00",EMERASF1,59.39
D,DISPATCH,UNIT_SCADA,1,"2019/08/20 08:55:00",ER01,580.300050
D,DISPATCH,UNIT_SCADA,1,"2019/08/20 08:55:00",ER02,675.724980
D,DISPATCH,UNIT_SCADA,1,"2019/08/20 08:55:00",ER03,670.349980
D,DISPATCH,UNIT_SCADA,1,"2019/08/20 08:55:00",ER04,669.599980
D,DISPATCH,UNIT_SCADA,1,"2019/08/20 08:55:00",FINLYSF1,0
D,DISPATCH,UNIT_SCADA,1,"2019/08/20 08:55:00",FISHER,45.94
D,DISPATCH,UNIT_SCADA,1,"2019/08/20 08:55:00",GANNBG1,0
D,DISPATCH,UNIT_SCADA,1,"2019/08/20 08:55:00",GANNBL1,0
D,DISPATCH,UNIT_SCADA,1,"2019/08/20 08:55:00",GANNSF1,7.20
D,DISPATCH,UNIT_SCADA,1,"2019/08/20 08:55:00",GORDON,111.605760
D,DISPATCH,UNIT_SCADA,1,"2019/08/20 08:55:00",GSTONE1,159.774990
D,DISPATCH,UNIT_SCADA,1,"2019/08/20 08:55:00",GSTONE2,148.9250
D,DISPATCH,UNIT_SCADA,1,"2019/08/20 08:55:00",GSTONE3,161.1750
D,DISPATCH,UNIT_SCADA,1,"2019/08/20 08:55:00",GSTONE4,161.1750
D,DISPATCH,UNIT_SCADA,1,"2019/08/20 08:55:00",GSTONE5,159.599990
D,DISPATCH,UNIT_SCADA,1,"2019/08/20 08:55:00",GSTONE6,0
D,DISPATCH,UNIT_SCADA,1,"2019/08/20 08:55:00",GULLRSF1,2.160550
D,DISPATCH,UNIT_SCADA,1,"2019/08/20 08:55:00",GULLRWF1,140.949310
D,DISPATCH,UNIT_SCADA,1,"2019/08/20 08:55:00",GUNNING1,43.140460
D,DISPATCH,UNIT_SCADA,1,"2019/08/20 08:55:00",GUTHEGA,0
D,DISPATCH,UNIT_SCADA,1,"2019/08/20 08:55:00",HALLWF1,85.43
D,DISPATCH,UNIT_SCADA,1,"2019/08/20 08:55:00",HALLWF2,62.48
D,DISPATCH,UNIT_SCADA,1,"2019/08/20 08:55:00",HAMISF1,44.30
D,DISPATCH,UNIT_SCADA,1,"2019/08/20 08:55:00",HAUGHT11,50.049020
D,DISPATCH,UNIT_SCADA,1,"2019/08/20 08:55:00",HAYMSF1,40.1470
D,DISPATCH,UNIT_SCADA,1,"2019/08/20 08:55:00",HDWF1,23.53
D,DISPATCH,UNIT_SCADA,1,"2019/08/20 08:55:00",HDWF2,12.50
D,DISPATCH,UNIT_SCADA,1,"2019/08/20 08:55:00",HDWF3,22.90
D,DISPATCH,UNIT_SCADA,1,"2019/08/20 08:55:00",HPRG1,3.20
D,DISPATCH,UNIT_SCADA,1,"2019/08/20 08:55:00",HPRL1,0
D,DISPATCH,UNIT_SCADA,1,"2019/08/20 08:55:00",HUMENSW,0
D,DISPATCH,UNIT_SCADA,1,"2019/08/20 08:55:00",HUMEV,8.90
D,DISPATCH,UNIT_SCADA,1,"2019/08/20 08:55:00",HVGTS,0
D,DISPATCH,UNIT_SCADA,1,"2019/08/20 08:55:00",JBUTTERS,136.16
D,DISPATCH,UNIT_SCADA,1,"2019/08/20 08:55:00",JLA01,0.50
D,DISPATCH,UNIT_SCADA,1,"2019/08/20 08:55:00",JLA02,0
D,DISPATCH,UNIT_SCADA,1,"2019/08/20 08:55:00",JLA03,0.10
D,DISPATCH,UNIT_SCADA,1,"2019/08/20 08:55:00",JLA04,0.10
D,DISPATCH,UNIT_SCADA,1,"2019/08/20 08:55:00",JLB01,0
D,DISPATCH,UNIT_SCADA,1,"2019/08/20 08:55:00",JLB02,30.10
D,DISPATCH,UNIT_SCADA,1,"2019/08/20 08:55:00",JLB03,30.20
D,DISPATCH,UNIT_SCADA,1,"2019/08/20 08:55:00",KAREEYA1,21.4750
D,DISPATCH,UNIT_SCADA,1,"2019/08/20 08:55:00",KAREEYA2,21.34
D,DISPATCH,UNIT_SCADA,1,"2019/08/20 08:55:00",KAREEYA3,0
D,DISPATCH,UNIT_SCADA,1,"2019/08/20 08:55:00",KAREEYA4,21.6250
D,DISPATCH,UNIT_SCADA,1,"2019/08/20 08:55:00",KARSF1,74.30
D,DISPATCH,UNIT_SCADA,1,"2019/08/20 08:55:00",KIATAWF1,29.60
D,DISPATCH,UNIT_SCADA,1,"2019/08/20 08:55:00",KPP_1,0
D,DISPATCH,UNIT_SCADA,1,"2019/08/20 08:55:00",KSP1,44.12
D,DISPATCH,UNIT_SCADA,1,"2019/08/20 08:55:00",LADBROK1,42.63
D,DISPATCH,UNIT_SCADA,1,"2019/08/20 08:55:00",LADBROK2,43.34
D,DISPATCH,UNIT_SCADA,1,"2019/08/20 08:55:00",LD01,413.925020
D,DISPATCH,UNIT_SCADA,1,"2019/08/20 08:55:00",LD02,419.0625
D,DISPATCH,UNIT_SCADA,1,"2019/08/20 08:55:00",LD03,398.775050
D,DISPATCH,UNIT_SCADA,1,"2019/08/20 08:55:00",LD04,377.287540
D,DISPATCH,UNIT_SCADA,1,"2019/08/20 08:55:00",LEM_WIL,85.5087
D,DISPATCH,UNIT_SCADA,1,"2019/08/20 08:55:00",LGAPWF1,7.78
D,DISPATCH,UNIT_SCADA,1,"2019/08/20 08:55:00",LILYSF1,85.458940
D,DISPATCH,UNIT_SCADA,1,"2019/08/20 08:55:00",LI_WY_CA,148.097230
D,DISPATCH,UNIT_SCADA,1,"2019/08/20 08:55:00",LKBONNY2,137.038830
D,DISPATCH,UNIT_SCADA,1,"2019/08/20 08:55:00",LKBONNY3,32.823350
D,DISPATCH,UNIT_SCADA,1,"2019/08/20 08:55:00",LK_ECHO,0
D,DISPATCH,UNIT_SCADA,1,"2019/08/20 08:55:00",LNGS1,0
D,DISPATCH,UNIT_SCADA,1,"2019/08/20 08:55:00",LNGS2,0
D,DISPATCH,UNIT_SCADA,1,"2019/08/20 08:55:00",LONSDALE,0
D,DISPATCH,UNIT_SCADA,1,"2019/08/20 08:55:00",LOYYB1,536.088620
D,DISPATCH,UNIT_SCADA,1,"2019/08/20 08:55:00",LOYYB2,583.458250
D,DISPATCH,UNIT_SCADA,1,"2019/08/20 08:55:00",LYA1,561
D,DISPATCH,UNIT_SCADA,1,"2019/08/20 08:55:00",LYA2,0
D,DISPATCH,UNIT_SCADA,1,"2019/08/20 08:55:00",LYA3,561
D,DISPATCH,UNIT_SCADA,1,"2019/08/20 08:55:00",LYA4,523
D,DISPATCH,UNIT_SCADA,1,"2019/08/20 08:55:00",MACARTH1,307.292910
D,DISPATCH,UNIT_SCADA,1,"2019/08/20 08:55:00",MACKAYGT,0
D,DISPATCH,UNIT_SCADA,1,"2019/08/20 08:55:00",MACKNTSH,85.640010
D,DISPATCH,UNIT_SCADA,1,"2019/08/20 08:55:00",MANSLR1,34.63
D,DISPATCH,UNIT_SCADA,1,"2019/08/20 08:55:00",MCKAY1,0.02
D,DISPATCH,UNIT_SCADA,1,"2019/08/20 08:55:00",MEADOWBK,33.752980
D,DISPATCH,UNIT_SCADA,1,"2019/08/20 08:55:00",MERCER01,126.6410
D,DISPATCH,UNIT_SCADA,1,"2019/08/20 08:55:00",MEWF1,25.430020
D,DISPATCH,UNIT_SCADA,1,"2019/08/20 08:55:00",MINTARO,0
D,DISPATCH,UNIT_SCADA,1,"2019/08/20 08:55:00",MOREESF1,53.1980
D,DISPATCH,UNIT_SCADA,1,"2019/08/20 08:55:00",MORTLK11,125
D,DISPATCH,UNIT_SCADA,1,"2019/08/20 08:55:00",MORTLK12,0
D,DISPATCH,UNIT_SCADA,1,"2019/08/20 08:55:00",MP1,280
D,DISPATCH,UNIT_SCADA,1,"2019/08/20 08:55:00",MP2,0
D,DISPATCH,UNIT_SCADA,1,"2019/08/20 08:55:00",MPP_1,415.25
D,DISPATCH,UNIT_SCADA,1,"2019/08/20 08:55:00",MPP_2,420.25
D,DISPATCH,UNIT_SCADA,1,"2019/08/20 08:55:00",MSTUART1,0
D,DISPATCH,UNIT_SCADA,1,"2019/08/20 08:55:00",MSTUART2,0
D,DISPATCH,UNIT_SCADA,1,"2019/08/20 08:55:00",MSTUART3,0
D,DISPATCH,UNIT_SCADA,1,"2019/08/20 08:55:00",MTGELWF1,64.233830
D,DISPATCH,UNIT_SCADA,1,"2019/08/20 08:55:00",MURRAY,0
D,DISPATCH,UNIT_SCADA,1,"2019/08/20 08:55:00",MUSSELR1,162.899990
D,DISPATCH,UNIT_SCADA,1,"2019/08/20 08:55:00",MUWAWF1,22
D,DISPATCH,UNIT_SCADA,1,"2019/08/20 08:55:00",NBHWF1,81.60
D,DISPATCH,UNIT_SCADA,1,"2019/08/20 08:55:00",NPS,0
D,DISPATCH,UNIT_SCADA,1,"2019/08/20 08:55:00",NUMURSF1,13.01
D,DISPATCH,UNIT_SCADA,1,"2019/08/20 08:55:00",NYNGAN1,63.25
D,DISPATCH,UNIT_SCADA,1,"2019/08/20 08:55:00",OAKEY1,0
D,DISPATCH,UNIT_SCADA,1,"2019/08/20 08:55:00",OAKEY1SF,21.67
D,DISPATCH,UNIT_SCADA,1,"2019/08/20 08:55:00",OAKEY2,0
D,DISPATCH,UNIT_SCADA,1,"2019/08/20 08:55:00",OAKLAND1,59.20
D,DISPATCH,UNIT_SCADA,1,"2019/08/20 08:55:00",OSB-AG,138.92
D,DISPATCH,UNIT_SCADA,1,"2019/08/20 08:55:00",PARSF1,45
D,DISPATCH,UNIT_SCADA,1,"2019/08/20 08:55:00",POAT110,42.226160
D,DISPATCH,UNIT_SCADA,1,"2019/08/20 08:55:00",POAT220,114.201850
D,DISPATCH,UNIT_SCADA,1,"2019/08/20 08:55:00",POR01,0
D,DISPATCH,UNIT_SCADA,1,"2019/08/20 08:55:00",POR03,0
D,DISPATCH,UNIT_SCADA,1,"2019/08/20 08:55:00",PPCCGT,249.387040
D,DISPATCH,UNIT_SCADA,1,"2019/08/20 08:55:00",PTSTAN1,0
D,DISPATCH,UNIT_SCADA,1,"2019/08/20 08:55:00",PUMP1,0
D,DISPATCH,UNIT_SCADA,1,"2019/08/20 08:55:00",PUMP2,0
D,DISPATCH,UNIT_SCADA,1,"2019/08/20 08:55:00",QPS1,29.20
D,DISPATCH,UNIT_SCADA,1,"2019/08/20 08:55:00",QPS2,0
D,DISPATCH,UNIT_SCADA,1,"2019/08/20 08:55:00",QPS3,23.90
D,DISPATCH,UNIT_SCADA,1,"2019/08/20 08:55:00",QPS4,0
D,DISPATCH,UNIT_SCADA,1,"2019/08/20 08:55:00",QPS5,126.10
D,DISPATCH,UNIT_SCADA,1,"2019/08/20 08:55:00",REECE1,115.650010
D,DISPATCH,UNIT_SCADA,1,"2019/08/20 08:55:00",REECE2,115.580010
D,DISPATCH,UNIT_SCADA,1,"2019/08/20 08:55:00",ROMA_7,0
D,DISPATCH,UNIT_SCADA,1,"2019/08/20 08:55:00",ROMA_8,0
D,DISPATCH,UNIT_SCADA,1,"2019/08/20 08:55:00",RRSF1,97.536560
D,DISPATCH,UNIT_SCADA,1,"2019/08/20 08:55:00",RT_NSW1,0
D,DISPATCH,UNIT_SCADA,1,"2019/08/20 08:55:00",RT_NSW2,0
D,DISPATCH,UNIT_SCADA,1,"2019/08/20 08:55:00",RT_NSW3,0
D,DISPATCH,UNIT_SCADA,1,"2019/08/20 08:55:00",RT_NSW4,0
D,DISPATCH,UNIT_SCADA,1,"2019/08/20 08:55:00",RT_NSW5,0
D,DISPATCH,UNIT_SCADA,1,"2019/08/20 08:55:00",RT_NSW6,0
D,DISPATCH,UNIT_SCADA,1,"2019/08/20 08:55:00",RT_QLD1,0
D,DISPATCH,UNIT_SCADA,1,"2019/08/20 08:55:00",RT_SA1,0
D,DISPATCH,UNIT_SCADA,1,"2019/08/20 08:55:00",RT_SA2,0
D,DISPATCH,UNIT_SCADA,1,"2019/08/20 08:55:00",RT_SA3,0
D,DISPATCH,UNIT_SCADA,1,"2019/08/20 08:55:00",RT_SA4,0
D,DISPATCH,UNIT_SCADA,1,"2019/08/20 08:55:00",RT_SA5,0
D,DISPATCH,UNIT_SCADA,1,"2019/08/20 08:55:00",RT_SA6,0
D,DISPATCH,UNIT_SCADA,1,"2019/08/20 08:55:00",RT_TAS1,0
D,DISPATCH,UNIT_SCADA,1,"2019/08/20 08:55:00",RT_VIC1,0
D,DISPATCH,UNIT_SCADA,1,"2019/08/20 08:55:00",RT_VIC10,0
D,DISPATCH,UNIT_SCADA,1,"2019/08/20 08:55:00",RT_VIC11,0
D,DISPATCH,UNIT_SCADA,1,"2019/08/20 08:55:00",RT_VIC12,0
D,DISPATCH,UNIT_SCADA,1,"2019/08/20 08:55:00",RT_VIC2,0
D,DISPATCH,UNIT_SCADA,1,"2019/08/20 08:55:00",RT_VIC3,0
D,DISPATCH,UNIT_SCADA,1,"2019/08/20 08:55:00",RT_VIC4,0
D,DISPATCH,UNIT_SCADA,1,"2019/08/20 08:55:00",RT_VIC5,0
D,DISPATCH,UNIT_SCADA,1,"2019/08/20 08:55:00",RT_VIC6,0
D,DISPATCH,UNIT_SCADA,1,"2019/08/20 08:55:00",RT_VIC7,0
D,DISPATCH,UNIT_SCADA,1,"2019/08/20 08:55:00",RT_VIC8,0
D,DISPATCH,UNIT_SCADA,1,"2019/08/20 08:55:00",RT_VIC9,0
D,DISPATCH,UNIT_SCADA,1,"2019/08/20 08:55:00",RUGBYR1,45.172740
D,DISPATCH,UNIT_SCADA,1,"2019/08/20 08:55:00",SALTCRK1,52.02
D,DISPATCH,UNIT_SCADA,1,"2019/08/20 08:55:00",SAPHWF1,53.428130
D,DISPATCH,UNIT_SCADA,1,"2019/08/20 08:55:00",SHGEN,0
D,DISPATCH,UNIT_SCADA,1,"2019/08/20 08:55:00",SHPUMP,0
D,DISPATCH,UNIT_SCADA,1,"2019/08/20 08:55:00",SITHE01,0.043330
D,DISPATCH,UNIT_SCADA,1,"2019/08/20 08:55:00",SMCSF1,52.358860
D,DISPATCH,UNIT_SCADA,1,"2019/08/20 08:55:00",SNOWNTH1,19.20
D,DISPATCH,UNIT_SCADA,1,"2019/08/20 08:55:00",SNOWSTH1,72.70
D,DISPATCH,UNIT_SCADA,1,"2019/08/20 08:55:00",SNOWTWN1,27.506130
D,DISPATCH,UNIT_SCADA,1,"2019/08/20 08:55:00",SNOWYP,0
D,DISPATCH,UNIT_SCADA,1,"2019/08/20 08:55:00",SNUG1,0.019440
D,DISPATCH,UNIT_SCADA,1,"2019/08/20 08:55:00",SRSF1,34.18
D,DISPATCH,UNIT_SCADA,1,"2019/08/20 08:55:00",STAN-1,0
D,DISPATCH,UNIT_SCADA,1,"2019/08/20 08:55:00",STAN-2,280.658540
D,DISPATCH,UNIT_SCADA,1,"2019/08/20 08:55:00",STAN-3,279.710020
D,DISPATCH,UNIT_SCADA,1,"2019/08/20 08:55:00",STAN-4,275.864690
D,DISPATCH,UNIT_SCADA,1,"2019/08/20 08:55:00",STWF1,3.644990
D,DISPATCH,UNIT_SCADA,1,"2019/08/20 08:55:00",SWAN_E,0
D,DISPATCH,UNIT_SCADA,1,"2019/08/20 08:55:00",TALWA1,301
D,DISPATCH,UNIT_SCADA,1,"2019/08/20 08:55:00",TARALGA1,103.964980
D,DISPATCH,UNIT_SCADA,1,"2019/08/20 08:55:00",TARONG#1,279.50
D,DISPATCH,UNIT_SCADA,1,"2019/08/20 08:55:00",TARONG#2,349.600010
D,DISPATCH,UNIT_SCADA,1,"2019/08/20 08:55:00",TARONG#3,259.300020
D,DISPATCH,UNIT_SCADA,1,"2019/08/20 08:55:00",TARONG#4,279.399990
D,DISPATCH,UNIT_SCADA,1,"2019/08/20 08:55:00",TARRALEA,85
D,DISPATCH,UNIT_SCADA,1,"2019/08/20 08:55:00",TBSF1,33
D,DISPATCH,UNIT_SCADA,1,"2019/08/20 08:55:00",TNPS1,441.700010
D,DISPATCH,UNIT_SCADA,1,"2019/08/20 08:55:00",TORRA1,76.161130
D,DISPATCH,UNIT_SCADA,1,"2019/08/20 08:55:00",TORRA2,0
D,DISPATCH,UNIT_SCADA,1,"2019/08/20 08:55:00",TORRA3,0
D,DISPATCH,UNIT_SCADA,1,"2019/08/20 08:55:00",TORRA4,0
D,DISPATCH,UNIT_SCADA,1,"2019/08/20 08:55:00",TORRB1,85.46
D,DISPATCH,UNIT_SCADA,1,"2019/08/20 08:55:00",TORRB2,115.68
D,DISPATCH,UNIT_SCADA,1,"2019/08/20 08:55:00",TORRB3,0
D,DISPATCH,UNIT_SCADA,1,"2019/08/20 08:55:00",TORRB4,0
D,DISPATCH,UNIT_SCADA,1,"2019/08/20 08:55:00",TREVALLN,71.320010
D,DISPATCH,UNIT_SCADA,1,"2019/08/20 08:55:00",TRIBUTE,84.759990
D,DISPATCH,UNIT_SCADA,1,"2019/08/20 08:55:00",TUMUT3,0
D,DISPATCH,UNIT_SCADA,1,"2019/08/20 08:55:00",TUNGATIN,133.460040
D,DISPATCH,UNIT_SCADA,1,"2019/08/20 08:55:00",TVCC201,0
D,DISPATCH,UNIT_SCADA,1,"2019/08/20 08:55:00",TVPP104,0
D,DISPATCH,UNIT_SCADA,1,"2019/08/20 08:55:00",UPPTUMUT,0
D,DISPATCH,UNIT_SCADA,1,"2019/08/20 08:55:00",URANQ11,0
D,DISPATCH,UNIT_SCADA,1,"2019/08/20 08:55:00",URANQ12,0
D,DISPATCH,UNIT_SCADA,1,"2019/08/20 08:55:00",URANQ13,0
D,DISPATCH,UNIT_SCADA,1,"2019/08/20 08:55:00",URANQ14,0
D,DISPATCH,UNIT_SCADA,1,"2019/08/20 08:55:00",VP5,422.949980
D,DISPATCH,UNIT_SCADA,1,"2019/08/20 08:55:00",VP6,460.300020
D,DISPATCH,UNIT_SCADA,1,"2019/08/20 08:55:00",VPGS1,0
D,DISPATCH,UNIT_SCADA,1,"2019/08/20 08:55:00",VPGS2,0
D,DISPATCH,UNIT_SCADA,1,"2019/08/20 08:55:00",VPGS3,0
D,DISPATCH,UNIT_SCADA,1,"2019/08/20 08:55:00",VPGS4,0
D,DISPATCH,UNIT_SCADA,1,"2019/08/20 08:55:00",VPGS5,0
D,DISPATCH,UNIT_SCADA,1,"2019/08/20 08:55:00",VPGS6,0
D,DISPATCH,UNIT_SCADA,1,"2019/08/20 08:55:00",W/HOE#1,0
D,DISPATCH,UNIT_SCADA,1,"2019/08/20 08:55:00",W/HOE#2,0
D,DISPATCH,UNIT_SCADA,1,"2019/08/20 08:55:00",WATERLWF,99.60
D,DISPATCH,UNIT_SCADA,1,"2019/08/20 08:55:00",WEMENSF1,73
D,DISPATCH,UNIT_SCADA,1,"2019/08/20 08:55:00",WGWF1,72.20
D,DISPATCH,UNIT_SCADA,1,"2019/08/20 08:55:00",WHITSF1,42.80
D,DISPATCH,UNIT_SCADA,1,"2019/08/20 08:55:00",WKIEWA1,0
D,DISPATCH,UNIT_SCADA,1,"2019/08/20 08:55:00",WKIEWA2,13.90
D,DISPATCH,UNIT_SCADA,1,"2019/08/20 08:55:00",WOODLWN1,45.1170
D,DISPATCH,UNIT_SCADA,1,"2019/08/20 08:55:00",WRSF1,15.63
D,DISPATCH,UNIT_SCADA,1,"2019/08/20 08:55:00",WRWF1,38.303750
D,DISPATCH,UNIT_SCADA,1,"2019/08/20 08:55:00",YABULU,0
D,DISPATCH,UNIT_SCADA,1,"2019/08/20 08:55:00",YABULU2,0
D,DISPATCH,UNIT_SCADA,1,"2019/08/20 08:55:00",YARWUN_1,0
D,DISPATCH,UNIT_SCADA,1,"2019/08/20 08:55:00",YENDWF1,41.86
D,DISPATCH,UNIT_SCADA,1,"2019/08/20 08:55:00",YWPS1,375.437990
D,DISPATCH,UNIT_SCADA,1,"2019/08/20 08:55:00",YWPS2,277.440520
D,DISPATCH,UNIT_SCADA,1,"2019/08/20 08:55:00",YWPS3,0
D,DISPATCH,UNIT_SCADA,1,"2019/08/20 08:55:00",YWPS4,391.850650
C,"END OF REPORT",334
