C,NEMP.WORLD,DISPATCHSCADA,AEMO,PUBLIC,2019/09/04,23:00:07,0000000312399880,DISPATCHSCADA,0000000312399874
I,DISPATCH,UNIT_SCADA,1,SETTLEMENTDATE,DUID,SCADAVALUE
D,DISPATCH,UNIT_SCADA,1,"2019/09/04 23:05:00",BARCSF1,0
D,DISPATCH,UNIT_SCADA,1,"2019/09/04 23:05:00",BUTLERSG,10.199999
D,DISPATCH,UNIT_SCADA,1,"2019/09/04 23:05:00",CALL_A_4,0
D,DISPATCH,UNIT_SCADA,1,"2019/09/04 23:05:00",CAPTL_WF,41.872002
D,DISPATCH,UNIT_SCADA,1,"2019/09/04 23:05:00",CATHROCK,0
D,DISPATCH,UNIT_SCADA,1,"2019/09/04 23:05:00",CHALLHWF,0
D,DISPATCH,UNIT_SCADA,1,"2019/09/04 23:05:00",CLOVER,0
D,DISPATCH,UNIT_SCADA,1,"2019/09/04 23:05:00",CLUNY,10.000916
D,DISPATCH,UNIT_SCADA,1,"2019/09/04 23:05:00",CNUNDAWF,3.604205
D,DISPATCH,UNIT_SCADA,1,"2019/09/04 23:05:00",CULLRGWF,14.67
D,DISPATCH,UNIT_SCADA,1,"2019/09/04 23:05:00",ERGT01,0
D,DISPATCH,UNIT_SCADA,1,"2019/09/04 23:05:00",GB01,0.015366
D,DISPATCH,UNIT_SCADA,1,"2019/09/04 23:05:00",GERMCRK,38.900002
D,DISPATCH,UNIT_SCADA,1,"2019/09/04 23:05:00",GRIFSF1,0
D,DISPATCH,UNIT_SCADA,1,"2019/09/04 23:05:00",HUGSF1,-0.19
D,DISPATCH,UNIT_SCADA,1,"2019/09/04 23:05:00",LKBONNY1,6.698202
D,DISPATCH,UNIT_SCADA,1,"2019/09/04 23:05:00",LRSF1,-0.0310
D,DISPATCH,UNIT_SCADA,1,"2019/09/04 23:05:00",MBAHNTH,26.943748
D,DISPATCH,UNIT_SCADA,1,"2019/09/04 23:05:00",MLSP1,0.366001
D,DISPATCH,UNIT_SCADA,1,"2019/09/04 23:05:00",MLWF1,1.92
D,DISPATCH,UNIT_SCADA,1,"2019/09/04 23:05:00",MTMILLAR,0.193474
D,DISPATCH,UNIT_SCADA,1,"2019/09/04 23:05:00",PALOONA,16.639999
D,DISPATCH,UNIT_SCADA,1,"2019/09/04 23:05:00",PIONEER,14.10
D,DISPATCH,UNIT_SCADA,1,"2019/09/04 23:05:00",PORTWF,-0.40
D,DISPATCH,UNIT_SCADA,1,"2019/09/04 23:05:00",REPULSE,19.982605
D,DISPATCH,UNIT_SCADA,1,"2019/09/04 23:05:00",ROWALLAN,10.4015
D,DISPATCH,UNIT_SCADA,1,"2019/09/04 23:05:00",ROYALLA1,0
D,DISPATCH,UNIT_SCADA,1,"2019/09/04 23:05:00",RPCG,13.10
D,DISPATCH,UNIT_SCADA,1,"2019/09/04 23:05:00",RUBICON,0
D,DISPATCH,UNIT_SCADA,1,"2019/09/04 23:05:00",SATGN1,0
D,DISPATCH,UNIT_SCADA,1,"2019/09/04 23:05:00",SATGS1,0
D,DISPATCH,UNIT_SCADA,1,"2019/09/04 23:05:00",STARHLWF,-0.099971
D,DISPATCH,UNIT_SCADA,1,"2019/09/04 23:05:00",WAUBRAWF,0
D,DISPATCH,UNIT_SCADA,1,"2019/09/04 23:05:00",WOOLNTH1,6.240016
D,DISPATCH,UNIT_SCADA,1,"2019/09/04 23:05:00",WPWF,0
D,DISPATCH,UNIT_SCADA,1,"2019/09/04 23:05:00",YAMBUKWF,0.40
D,DISPATCH,UNIT_SCADA,1,"2019/09/04 23:05:00",YSWF1,0
D,DISPATCH,UNIT_SCADA,1,"2019/09/04 23:05:00",AGLHAL,0
D,DISPATCH,UNIT_SCADA,1,"2019/09/04 23:05:00",AGLSOM,120.50
D,DISPATCH,UNIT_SCADA,1,"2019/09/04 23:05:00",ANGAST1,0
D,DISPATCH,UNIT_SCADA,1,"2019/09/04 23:05:00",ARWF1,-0.80
D,DISPATCH,UNIT_SCADA,1,"2019/09/04 23:05:00",BALBG1,0
D,DISPATCH,UNIT_SCADA,1,"2019/09/04 23:05:00",BALBL1,0
D,DISPATCH,UNIT_SCADA,1,"2019/09/04 23:05:00",BALDHWF1,2.7360
D,DISPATCH,UNIT_SCADA,1,"2019/09/04 23:05:00",BANN1,0
D,DISPATCH,UNIT_SCADA,1,"2019/09/04 23:05:00",BARCALDN,0
D,DISPATCH,UNIT_SCADA,1,"2019/09/04 23:05:00",BARRON-1,32.92
D,DISPATCH,UNIT_SCADA,1,"2019/09/04 23:05:00",BARRON-2,0
D,DISPATCH,UNIT_SCADA,1,"2019/09/04 23:05:00",BASTYAN,80.720010
D,DISPATCH,UNIT_SCADA,1,"2019/09/04 23:05:00",BBTHREE1,0
D,DISPATCH,UNIT_SCADA,1,"2019/09/04 23:05:00",BBTHREE2,0
D,DISPATCH,UNIT_SCADA,1,"2019/09/04 23:05:00",BBTHREE3,0
D,DISPATCH,UNIT_SCADA,1,"2019/09/04 23:05:00",BDL01,44.22
D,DISPATCH,UNIT_SCADA,1,"2019/09/04 23:05:00",BDL02,44.40
D,DISPATCH,UNIT_SCADA,1,"2019/09/04 23:05:00",BERYLSF1,0
D,DISPATCH,UNIT_SCADA,1,"2019/09/04 23:05:00",BLOWERNG,11.10
D,DISPATCH,UNIT_SCADA,1,"2019/09/04 23:05:00",BLUFF1,3.50
D,DISPATCH,UNIT_SCADA,1,"2019/09/04 23:05:00",BNGSF1,0
D,DISPATCH,UNIT_SCADA,1,"2019/09/04 23:05:00",BNGSF2,0
D,DISPATCH,UNIT_SCADA,1,"2019/09/04 23:05:00",BOCORWF1,0
D,DISPATCH,UNIT_SCADA,1,"2019/09/04 23:05:00",BODWF1,31.819320
D,DISPATCH,UNIT_SCADA,1,"2019/09/04 23:05:00",BRAEMAR1,0
D,DISPATCH,UNIT_SCADA,1,"2019/09/04 23:05:00",BRAEMAR2,0
D,DISPATCH,UNIT_SCADA,1,"2019/09/04 23:05:00",BRAEMAR3,0
D,DISPATCH,UNIT_SCADA,1,"2019/09/04 23:05:00",BRAEMAR5,0
D,DISPATCH,UNIT_SCADA,1,"2019/09/04 23:05:00",BRAEMAR6,0
D,DISPATCH,UNIT_SCADA,1,"2019/09/04 23:05:00",BRAEMAR7,0
D,DISPATCH,UNIT_SCADA,1,"2019/09/04 23:05:00",BROKENH1,0
D,DISPATCH,UNIT_SCADA,1,"2019/09/04 23:05:00",BW01,551.150020
D,DISPATCH,UNIT_SCADA,1,"2019/09/04 23:05:00",BW02,620.650020
D,DISPATCH,UNIT_SCADA,1,"2019/09/04 23:05:00",BW03,628.549930
D,DISPATCH,UNIT_SCADA,1,"2019/09/04 23:05:00",BW04,0
D,DISPATCH,UNIT_SCADA,1,"2019/09/04 23:05:00",CALL_B_1,348.800020
D,DISPATCH,UNIT_SCADA,1,"2019/09/04 23:05:00",CALL_B_2,349.200010
D,DISPATCH,UNIT_SCADA,1,"2019/09/04 23:05:00",CETHANA,81.718870
D,DISPATCH,UNIT_SCADA,1,"2019/09/04 23:05:00",CG1,0
D,DISPATCH,UNIT_SCADA,1,"2019/09/04 23:05:00",CG2,0
D,DISPATCH,UNIT_SCADA,1,"2019/09/04 23:05:00",CG3,0
D,DISPATCH,UNIT_SCADA,1,"2019/09/04 23:05:00",CG4,0
D,DISPATCH,UNIT_SCADA,1,"2019/09/04 23:05:00",CHILDSF1,0
D,DISPATCH,UNIT_SCADA,1,"2019/09/04 23:05:00",CLARESF1,0
D,DISPATCH,UNIT_SCADA,1,"2019/09/04 23:05:00",CLEMGPWF,12.317990
D,DISPATCH,UNIT_SCADA,1,"2019/09/04 23:05:00",CLERMSF1,0
D,DISPATCH,UNIT_SCADA,1,"2019/09/04 23:05:00",COLEASF1,0
D,DISPATCH,UNIT_SCADA,1,"2019/09/04 23:05:00",COOPGWF1,20.731440
D,DISPATCH,UNIT_SCADA,1,"2019/09/04 23:05:00",CPP_3,405.6250
D,DISPATCH,UNIT_SCADA,1,"2019/09/04 23:05:00",CPP_4,406.175020
D,DISPATCH,UNIT_SCADA,1,"2019/09/04 23:05:00",CPSA,142.151890
D,DISPATCH,UNIT_SCADA,1,"2019/09/04 23:05:00",CROOKWF2,59.043740
D,DISPATCH,UNIT_SCADA,1,"2019/09/04 23:05:00",CROWLWF1,-0.239640
D,DISPATCH,UNIT_SCADA,1,"2019/09/04 23:05:00",CSPVPS1,0
D,DISPATCH,UNIT_SCADA,1,"2019/09/04 23:05:00",DALNTH01,0
D,DISPATCH,UNIT_SCADA,1,"2019/09/04 23:05:00",DALNTHL1,2.006560
D,DISPATCH,UNIT_SCADA,1,"2019/09/04 23:05:00",DARTM1,133.600010
D,DISPATCH,UNIT_SCADA,1,"2019/09/04 23:05:00",DAYDSF1,0
D,DISPATCH,UNIT_SCADA,1,"2019/09/04 23:05:00",DDPS1,391.6456
D,DISPATCH,UNIT_SCADA,1,"2019/09/04 23:05:00",DDSF1,0
D,DISPATCH,UNIT_SCADA,1,"2019/09/04 23:05:00",DEVILS_G,58.0755
D,DISPATCH,UNIT_SCADA,1,"2019/09/04 23:05:00",DG_NSW1,0
D,DISPATCH,UNIT_SCADA,1,"2019/09/04 23:05:00",DG_QLD1,0
D,DISPATCH,UNIT_SCADA,1,"2019/09/04 23:05:00",DG_SA1,0
D,DISPATCH,UNIT_SCADA,1,"2019/09/04 23:05:00",DG_TAS1,0
D,DISPATCH,UNIT_SCADA,1,"2019/09/04 23:05:00",DG_VIC1,0
D,DISPATCH,UNIT_SCADA,1,"2019/09/04 23:05:00",DRYCGT1,0
D,DISPATCH,UNIT_SCADA,1,"2019/09/04 23:05:00",DRYCGT2,0
D,DISPATCH,UNIT_SCADA,1,"2019/09/04 23:05:00",DRYCGT3,0
D,DISPATCH,UNIT_SCADA,1,"2019/09/04 23:05:00",EILDON1,0
D,DISPATCH,UNIT_SCADA,1,"2019/09/04 23:05:00",EILDON2,0
D,DISPATCH,UNIT_SCADA,1,"2019/09/04 23:05:00",EMERASF1,0
D,DISPATCH,UNIT_SCADA,1,"2019/09/04 23:05:00",ER01,557.150020
D,DISPATCH,UNIT_SCADA,1,"2019/09/04 23:05:00",ER02,663.150020
D,DISPATCH,UNIT_SCADA,1,"2019/09/04 23:05:00",ER03,0
D,DISPATCH,UNIT_SCADA,1,"2019/09/04 23:05:00",ER04,663.799930
D,DISPATCH,UNIT_SCADA,1,"2019/09/04 23:05:00",FINLYSF1,0
D,DISPATCH,UNIT_SCADA,1,"2019/09/04 23:05:00",FISHER,46.17
D,DISPATCH,UNIT_SCADA,1,"2019/09/04 23:05:00",GANNBG1,0
D,DISPATCH,UNIT_SCADA,1,"2019/09/04 23:05:00",GANNBL1,0.034480
D,DISPATCH,UNIT_SCADA,1,"2019/09/04 23:05:00",GANNSF1,0
D,DISPATCH,UNIT_SCADA,1,"2019/09/04 23:05:00",GORDON,0
D,DISPATCH,UNIT_SCADA,1,"2019/09/04 23:05:00",GSTONE1,169.399990
D,DISPATCH,UNIT_SCADA,1,"2019/09/04 23:05:00",GSTONE2,173.25
D,DISPATCH,UNIT_SCADA,1,"2019/09/04 23:05:00",GSTONE3,0
D,DISPATCH,UNIT_SCADA,1,"2019/09/04 23:05:00",GSTONE4,205.45
D,DISPATCH,UNIT_SCADA,1,"2019/09/04 23:05:00",GSTONE5,172.55
D,DISPATCH,UNIT_SCADA,1,"2019/09/04 23:05:00",GSTONE6,173.599990
D,DISPATCH,UNIT_SCADA,1,"2019/09/04 23:05:00",GULLRSF1,0
D,DISPATCH,UNIT_SCADA,1,"2019/09/04 23:05:00",GULLRWF1,112.319120
D,DISPATCH,UNIT_SCADA,1,"2019/09/04 23:05:00",GUNNING1,18.323920
D,DISPATCH,UNIT_SCADA,1,"2019/09/04 23:05:00",GUTHEGA,30.60
D,DISPATCH,UNIT_SCADA,1,"2019/09/04 23:05:00",HALLWF1,11.52
D,DISPATCH,UNIT_SCADA,1,"2019/09/04 23:05:00",HALLWF2,10.22
D,DISPATCH,UNIT_SCADA,1,"2019/09/04 23:05:00",HAMISF1,0
D,DISPATCH,UNIT_SCADA,1,"2019/09/04 23:05:00",HAUGHT11,0
D,DISPATCH,UNIT_SCADA,1,"2019/09/04 23:05:00",HAYMSF1,0
D,DISPATCH,UNIT_SCADA,1,"2019/09/04 23:05:00",HDWF1,76.20
D,DISPATCH,UNIT_SCADA,1,"2019/09/04 23:05:00",HDWF2,44.70
D,DISPATCH,UNIT_SCADA,1,"2019/09/04 23:05:00",HDWF3,47.40
D,DISPATCH,UNIT_SCADA,1,"2019/09/04 23:05:00",HPRG1,18.20
D,DISPATCH,UNIT_SCADA,1,"2019/09/04 23:05:00",HPRL1,0
D,DISPATCH,UNIT_SCADA,1,"2019/09/04 23:05:00",HUMENSW,0
D,DISPATCH,UNIT_SCADA,1,"2019/09/04 23:05:00",HUMEV,25.70
D,DISPATCH,UNIT_SCADA,1,"2019/09/04 23:05:00",HVGTS,0
D,DISPATCH,UNIT_SCADA,1,"2019/09/04 23:05:00",JBUTTERS,18.22
D,DISPATCH,UNIT_SCADA,1,"2019/09/04 23:05:00",JLA01,0.10
D,DISPATCH,UNIT_SCADA,1,"2019/09/04 23:05:00",JLA02,0
D,DISPATCH,UNIT_SCADA,1,"2019/09/04 23:05:00",JLA03,0
D,DISPATCH,UNIT_SCADA,1,"2019/09/04 23:05:00",JLA04,0
D,DISPATCH,UNIT_SCADA,1,"2019/09/04 23:05:00",JLB01,0
D,DISPATCH,UNIT_SCADA,1,"2019/09/04 23:05:00",JLB02,83.70
D,DISPATCH,UNIT_SCADA,1,"2019/09/04 23:05:00",JLB03,83.60
D,DISPATCH,UNIT_SCADA,1,"2019/09/04 23:05:00",KAREEYA1,21.5125
D,DISPATCH,UNIT_SCADA,1,"2019/09/04 23:05:00",KAREEYA2,21.6775
D,DISPATCH,UNIT_SCADA,1,"2019/09/04 23:05:00",KAREEYA3,0
D,DISPATCH,UNIT_SCADA,1,"2019/09/04 23:05:00",KAREEYA4,21.5775
D,DISPATCH,UNIT_SCADA,1,"2019/09/04 23:05:00",KARSF1,0
D,DISPATCH,UNIT_SCADA,1,"2019/09/04 23:05:00",KIATAWF1,-0.30
D,DISPATCH,UNIT_SCADA,1,"2019/09/04 23:05:00",KPP_1,0
D,DISPATCH,UNIT_SCADA,1,"2019/09/04 23:05:00",KSP1,0
D,DISPATCH,UNIT_SCADA,1,"2019/09/04 23:05:00",LADBROK1,42.57
D,DISPATCH,UNIT_SCADA,1,"2019/09/04 23:05:00",LADBROK2,43.30
D,DISPATCH,UNIT_SCADA,1,"2019/09/04 23:05:00",LD01,415.8750
D,DISPATCH,UNIT_SCADA,1,"2019/09/04 23:05:00",LD02,399.037540
D,DISPATCH,UNIT_SCADA,1,"2019/09/04 23:05:00",LD03,419.681210
D,DISPATCH,UNIT_SCADA,1,"2019/09/04 23:05:00",LD04,377.512480
D,DISPATCH,UNIT_SCADA,1,"2019/09/04 23:05:00",LEM_WIL,83.475150
D,DISPATCH,UNIT_SCADA,1,"2019/09/04 23:05:00",LGAPWF1,14.16
D,DISPATCH,UNIT_SCADA,1,"2019/09/04 23:05:00",LILYSF1,0
D,DISPATCH,UNIT_SCADA,1,"2019/09/04 23:05:00",LI_WY_CA,165.0174
D,DISPATCH,UNIT_SCADA,1,"2019/09/04 23:05:00",LKBONNY2,16.650570
D,DISPATCH,UNIT_SCADA,1,"2019/09/04 23:05:00",LKBONNY3,3.516790
D,DISPATCH,UNIT_SCADA,1,"2019/09/04 23:05:00",LK_ECHO,0
D,DISPATCH,UNIT_SCADA,1,"2019/09/04 23:05:00",LNGS1,0
D,DISPATCH,UNIT_SCADA,1,"2019/09/04 23:05:00",LNGS2,0
D,DISPATCH,UNIT_SCADA,1,"2019/09/04 23:05:00",LONSDALE,0
D,DISPATCH,UNIT_SCADA,1,"2019/09/04 23:05:00",LOYYB1,536.088620
D,DISPATCH,UNIT_SCADA,1,"2019/09/04 23:05:00",LOYYB2,582.330380
D,DISPATCH,UNIT_SCADA,1,"2019/09/04 23:05:00",LYA1,0
D,DISPATCH,UNIT_SCADA,1,"2019/09/04 23:05:00",LYA2,0
D,DISPATCH,UNIT_SCADA,1,"2019/09/04 23:05:00",LYA3,559
D,DISPATCH,UNIT_SCADA,1,"2019/09/04 23:05:00",LYA4,540
D,DISPATCH,UNIT_SCADA,1,"2019/09/04 23:05:00",MACARTH1,0
D,DISPATCH,UNIT_SCADA,1,"2019/09/04 23:05:00",MACKAYGT,0.2240
D,DISPATCH,UNIT_SCADA,1,"2019/09/04 23:05:00",MACKNTSH,88.88
D,DISPATCH,UNIT_SCADA,1,"2019/09/04 23:05:00",MANSLR1,0
D,DISPATCH,UNIT_SCADA,1,"2019/09/04 23:05:00",MCKAY1,123.0050
D,DISPATCH,UNIT_SCADA,1,"2019/09/04 23:05:00",MEADOWBK,25.379040
D,DISPATCH,UNIT_SCADA,1,"2019/09/04 23:05:00",MERCER01,-0.2830
D,DISPATCH,UNIT_SCADA,1,"2019/09/04 23:05:00",MEWF1,71.262210
D,DISPATCH,UNIT_SCADA,1,"2019/09/04 23:05:00",MINTARO,0
D,DISPATCH,UNIT_SCADA,1,"2019/09/04 23:05:00",MOREESF1,0
D,DISPATCH,UNIT_SCADA,1,"2019/09/04 23:05:00",MORTLK11,260
D,DISPATCH,UNIT_SCADA,1,"2019/09/04 23:05:00",MORTLK12,0
D,DISPATCH,UNIT_SCADA,1,"2019/09/04 23:05:00",MP1,214.950010
D,DISPATCH,UNIT_SCADA,1,"2019/09/04 23:05:00",MP2,0
D,DISPATCH,UNIT_SCADA,1,"2019/09/04 23:05:00",MPP_1,399.25
D,DISPATCH,UNIT_SCADA,1,"2019/09/04 23:05:00",MPP_2,434.75
D,DISPATCH,UNIT_SCADA,1,"2019/09/04 23:05:00",MSTUART1,0
D,DISPATCH,UNIT_SCADA,1,"2019/09/04 23:05:00",MSTUART2,0
D,DISPATCH,UNIT_SCADA,1,"2019/09/04 23:05:00",MSTUART3,0
D,DISPATCH,UNIT_SCADA,1,"2019/09/04 23:05:00",MTGELWF1,0.3708
D,DISPATCH,UNIT_SCADA,1,"2019/09/04 23:05:00",MURRAY,122.80
D,DISPATCH,UNIT_SCADA,1,"2019/09/04 23:05:00",MUSSELR1,91.70
D,DISPATCH,UNIT_SCADA,1,"2019/09/04 23:05:00",MUWAWF1,-0.05
D,DISPATCH,UNIT_SCADA,1,"2019/09/04 23:05:00",NBHWF1,55.60
D,DISPATCH,UNIT_SCADA,1,"2019/09/04 23:05:00",NPS,302.25
D,DISPATCH,UNIT_SCADA,1,"2019/09/04 23:05:00",NUMURSF1,0
D,DISPATCH,UNIT_SCADA,1,"2019/09/04 23:05:00",NYNGAN1,0
D,DISPATCH,UNIT_SCADA,1,"2019/09/04 23:05:00",OAKEY1,0
D,DISPATCH,UNIT_SCADA,1,"2019/09/04 23:05:00",OAKEY1SF,0
D,DISPATCH,UNIT_SCADA,1,"2019/09/04 23:05:00",OAKEY2,0
D,DISPATCH,UNIT_SCADA,1,"2019/09/04 23:05:00",OAKEY2SF,0
D,DISPATCH,UNIT_SCADA,1,"2019/09/04 23:05:00",OAKLAND1,-0.30
D,DISPATCH,UNIT_SCADA,1,"2019/09/04 23:05:00",OSB-AG,179.42
D,DISPATCH,UNIT_SCADA,1,"2019/09/04 23:05:00",PARSF1,0
D,DISPATCH,UNIT_SCADA,1,"2019/09/04 23:05:00",POAT110,0
D,DISPATCH,UNIT_SCADA,1,"2019/09/04 23:05:00",POAT220,2.75
D,DISPATCH,UNIT_SCADA,1,"2019/09/04 23:05:00",POR01,0
D,DISPATCH,UNIT_SCADA,1,"2019/09/04 23:05:00",POR03,0
D,DISPATCH,UNIT_SCADA,1,"2019/09/04 23:05:00",PPCCGT,456.758390
D,DISPATCH,UNIT_SCADA,1,"2019/09/04 23:05:00",PTSTAN1,0
D,DISPATCH,UNIT_SCADA,1,"2019/09/04 23:05:00",PUMP1,0
D,DISPATCH,UNIT_SCADA,1,"2019/09/04 23:05:00",PUMP2,0
D,DISPATCH,UNIT_SCADA,1,"2019/09/04 23:05:00",QPS1,29
D,DISPATCH,UNIT_SCADA,1,"2019/09/04 23:05:00",QPS2,0
D,DISPATCH,UNIT_SCADA,1,"2019/09/04 23:05:00",QPS3,0
D,DISPATCH,UNIT_SCADA,1,"2019/09/04 23:05:00",QPS4,0
D,DISPATCH,UNIT_SCADA,1,"2019/09/04 23:05:00",QPS5,112.74
D,DISPATCH,UNIT_SCADA,1,"2019/09/04 23:05:00",REECE1,102.050010
D,DISPATCH,UNIT_SCADA,1,"2019/09/04 23:05:00",REECE2,103.800010
D,DISPATCH,UNIT_SCADA,1,"2019/09/04 23:05:00",ROMA_7,0
D,DISPATCH,UNIT_SCADA,1,"2019/09/04 23:05:00",ROMA_8,0
D,DISPATCH,UNIT_SCADA,1,"2019/09/04 23:05:00",RRSF1,0
D,DISPATCH,UNIT_SCADA,1,"2019/09/04 23:05:00",RT_NSW1,0
D,DISPATCH,UNIT_SCADA,1,"2019/09/04 23:05:00",RT_NSW2,0
D,DISPATCH,UNIT_SCADA,1,"2019/09/04 23:05:00",RT_NSW3,0
D,DISPATCH,UNIT_SCADA,1,"2019/09/04 23:05:00",RT_NSW4,0
D,DISPATCH,UNIT_SCADA,1,"2019/09/04 23:05:00",RT_NSW5,0
D,DISPATCH,UNIT_SCADA,1,"2019/09/04 23:05:00",RT_NSW6,0
D,DISPATCH,UNIT_SCADA,1,"2019/09/04 23:05:00",RT_QLD1,0
D,DISPATCH,UNIT_SCADA,1,"2019/09/04 23:05:00",RT_SA1,0
D,DISPATCH,UNIT_SCADA,1,"2019/09/04 23:05:00",RT_SA2,0
D,DISPATCH,UNIT_SCADA,1,"2019/09/04 23:05:00",RT_SA3,0
D,DISPATCH,UNIT_SCADA,1,"2019/09/04 23:05:00",RT_SA4,0
D,DISPATCH,UNIT_SCADA,1,"2019/09/04 23:05:00",RT_SA5,0
D,DISPATCH,UNIT_SCADA,1,"2019/09/04 23:05:00",RT_SA6,0
D,DISPATCH,UNIT_SCADA,1,"2019/09/04 23:05:00",RT_TAS1,0
D,DISPATCH,UNIT_SCADA,1,"2019/09/04 23:05:00",RT_VIC1,0
D,DISPATCH,UNIT_SCADA,1,"2019/09/04 23:05:00",RT_VIC10,0
D,DISPATCH,UNIT_SCADA,1,"2019/09/04 23:05:00",RT_VIC11,0
D,DISPATCH,UNIT_SCADA,1,"2019/09/04 23:05:00",RT_VIC12,0
D,DISPATCH,UNIT_SCADA,1,"2019/09/04 23:05:00",RT_VIC2,0
D,DISPATCH,UNIT_SCADA,1,"2019/09/04 23:05:00",RT_VIC3,0
D,DISPATCH,UNIT_SCADA,1,"2019/09/04 23:05:00",RT_VIC4,0
D,DISPATCH,UNIT_SCADA,1,"2019/09/04 23:05:00",RT_VIC5,0
D,DISPATCH,UNIT_SCADA,1,"2019/09/04 23:05:00",RT_VIC6,0
D,DISPATCH,UNIT_SCADA,1,"2019/09/04 23:05:00",RT_VIC7,0
D,DISPATCH,UNIT_SCADA,1,"2019/09/04 23:05:00",RT_VIC8,0
D,DISPATCH,UNIT_SCADA,1,"2019/09/04 23:05:00",RT_VIC9,0
D,DISPATCH,UNIT_SCADA,1,"2019/09/04 23:05:00",RUGBYR1,0
D,DISPATCH,UNIT_SCADA,1,"2019/09/04 23:05:00",SALTCRK1,2.53
D,DISPATCH,UNIT_SCADA,1,"2019/09/04 23:05:00",SAPHWF1,56.793730
D,DISPATCH,UNIT_SCADA,1,"2019/09/04 23:05:00",SHGEN,0
D,DISPATCH,UNIT_SCADA,1,"2019/09/04 23:05:00",SHPUMP,0
D,DISPATCH,UNIT_SCADA,1,"2019/09/04 23:05:00",SITHE01,0.194050
D,DISPATCH,UNIT_SCADA,1,"2019/09/04 23:05:00",SMCSF1,0
D,DISPATCH,UNIT_SCADA,1,"2019/09/04 23:05:00",SNOWNTH1,0.10
D,DISPATCH,UNIT_SCADA,1,"2019/09/04 23:05:00",SNOWSTH1,0.10
D,DISPATCH,UNIT_SCADA,1,"2019/09/04 23:05:00",SNOWTWN1,-0.500140
D,DISPATCH,UNIT_SCADA,1,"2019/09/04 23:05:00",SNOWYP,0
D,DISPATCH,UNIT_SCADA,1,"2019/09/04 23:05:00",SNUG1,0.019440
D,DISPATCH,UNIT_SCADA,1,"2019/09/04 23:05:00",SRSF1,0
D,DISPATCH,UNIT_SCADA,1,"2019/09/04 23:05:00",STAN-1,220.453340
D,DISPATCH,UNIT_SCADA,1,"2019/09/04 23:05:00",STAN-2,300.910680
D,DISPATCH,UNIT_SCADA,1,"2019/09/04 23:05:00",STAN-3,302.487270
D,DISPATCH,UNIT_SCADA,1,"2019/09/04 23:05:00",STAN-4,300.615880
D,DISPATCH,UNIT_SCADA,1,"2019/09/04 23:05:00",STWF1,168.423750
D,DISPATCH,UNIT_SCADA,1,"2019/09/04 23:05:00",SWAN_E,0
D,DISPATCH,UNIT_SCADA,1,"2019/09/04 23:05:00",TALWA1,407
D,DISPATCH,UNIT_SCADA,1,"2019/09/04 23:05:00",TARALGA1,88.473740
D,DISPATCH,UNIT_SCADA,1,"2019/09/04 23:05:00",TARONG#1,347.700010
D,DISPATCH,UNIT_SCADA,1,"2019/09/04 23:05:00",TARONG#2,0
D,DISPATCH,UNIT_SCADA,1,"2019/09/04 23:05:00",TARONG#3,279.800020
D,DISPATCH,UNIT_SCADA,1,"2019/09/04 23:05:00",TARONG#4,348.899990
D,DISPATCH,UNIT_SCADA,1,"2019/09/04 23:05:00",TARRALEA,71.10
D,DISPATCH,UNIT_SCADA,1,"2019/09/04 23:05:00",TBSF1,-0.20
D,DISPATCH,UNIT_SCADA,1,"2019/09/04 23:05:00",TNPS1,379.600010
D,DISPATCH,UNIT_SCADA,1,"2019/09/04 23:05:00",TORRA1,66.728550
D,DISPATCH,UNIT_SCADA,1,"2019/09/04 23:05:00",TORRA2,0
D,DISPATCH,UNIT_SCADA,1,"2019/09/04 23:05:00",TORRA3,0
D,DISPATCH,UNIT_SCADA,1,"2019/09/04 23:05:00",TORRA4,65.227450
D,DISPATCH,UNIT_SCADA,1,"2019/09/04 23:05:00",TORRB1,93.38
D,DISPATCH,UNIT_SCADA,1,"2019/09/04 23:05:00",TORRB2,90.82
D,DISPATCH,UNIT_SCADA,1,"2019/09/04 23:05:00",TORRB3,90.58
D,DISPATCH,UNIT_SCADA,1,"2019/09/04 23:05:00",TORRB4,0
D,DISPATCH,UNIT_SCADA,1,"2019/09/04 23:05:00",TREVALLN,18.30
D,DISPATCH,UNIT_SCADA,1,"2019/09/04 23:05:00",TRIBUTE,0
D,DISPATCH,UNIT_SCADA,1,"2019/09/04 23:05:00",TUMUT3,0
D,DISPATCH,UNIT_SCADA,1,"2019/09/04 23:05:00",TUNGATIN,118.080030
D,DISPATCH,UNIT_SCADA,1,"2019/09/04 23:05:00",TVCC201,0
D,DISPATCH,UNIT_SCADA,1,"2019/09/04 23:05:00",TVPP104,0
D,DISPATCH,UNIT_SCADA,1,"2019/09/04 23:05:00",UPPTUMUT,0
D,DISPATCH,UNIT_SCADA,1,"2019/09/04 23:05:00",URANQ11,0
D,DISPATCH,UNIT_SCADA,1,"2019/09/04 23:05:00",URANQ12,0
D,DISPATCH,UNIT_SCADA,1,"2019/09/04 23:05:00",URANQ13,0
D,DISPATCH,UNIT_SCADA,1,"2019/09/04 23:05:00",URANQ14,0
D,DISPATCH,UNIT_SCADA,1,"2019/09/04 23:05:00",VP5,624.900020
D,DISPATCH,UNIT_SCADA,1,"2019/09/04 23:05:00",VP6,0
D,DISPATCH,UNIT_SCADA,1,"2019/09/04 23:05:00",VPGS1,0
D,DISPATCH,UNIT_SCADA,1,"2019/09/04 23:05:00",VPGS2,0
D,DISPATCH,UNIT_SCADA,1,"2019/09/04 23:05:00",VPGS3,0
D,DISPATCH,UNIT_SCADA,1,"2019/09/04 23:05:00",VPGS4,0
D,DISPATCH,UNIT_SCADA,1,"2019/09/04 23:05:00",VPGS5,0
D,DISPATCH,UNIT_SCADA,1,"2019/09/04 23:05:00",VPGS6,0
D,DISPATCH,UNIT_SCADA,1,"2019/09/04 23:05:00",W/HOE#1,0
D,DISPATCH,UNIT_SCADA,1,"2019/09/04 23:05:00",W/HOE#2,0
D,DISPATCH,UNIT_SCADA,1,"2019/09/04 23:05:00",WATERLWF,2.80
D,DISPATCH,UNIT_SCADA,1,"2019/09/04 23:05:00",WEMENSF1,0
D,DISPATCH,UNIT_SCADA,1,"2019/09/04 23:05:00",WGWF1,16.60
D,DISPATCH,UNIT_SCADA,1,"2019/09/04 23:05:00",WHITSF1,0
D,DISPATCH,UNIT_SCADA,1,"2019/09/04 23:05:00",WKIEWA1,14
D,DISPATCH,UNIT_SCADA,1,"2019/09/04 23:05:00",WKIEWA2,14.20
D,DISPATCH,UNIT_SCADA,1,"2019/09/04 23:05:00",WOODLWN1,25.7580
D,DISPATCH,UNIT_SCADA,1,"2019/09/04 23:05:00",WRSF1,0
D,DISPATCH,UNIT_SCADA,1,"2019/09/04 23:05:00",WRWF1,56.9075
D,DISPATCH,UNIT_SCADA,1,"2019/09/04 23:05:00",YABULU,159.750020
D,DISPATCH,UNIT_SCADA,1,"2019/09/04 23:05:00",YABULU2,0
D,DISPATCH,UNIT_SCADA,1,"2019/09/04 23:05:00",YARWUN_1,159.899990
D,DISPATCH,UNIT_SCADA,1,"2019/09/04 23:05:00",YENDWF1,-1.24
D,DISPATCH,UNIT_SCADA,1,"2019/09/04 23:05:00",YWPS1,379.448090
D,DISPATCH,UNIT_SCADA,1,"2019/09/04 23:05:00",YWPS2,278.192410
D,DISPATCH,UNIT_SCADA,1,"2019/09/04 23:05:00",YWPS3,61.020250
D,DISPATCH,UNIT_SCADA,1,"2019/09/04 23:05:00",YWPS4,383.664550
C,"END OF REPORT",335
