C,NEMP.WORLD,DISPATCHSCADA,AEMO,PUBLIC,2019/08/20,22:25:07,0000000311802902,DISPATCHSCADA,0000000311802896
I,DISPATCH,UNIT_SCADA,1,SETTLEMENTDATE,DUID,SCADAVALUE
D,DISPATCH,UNIT_SCADA,1,"2019/08/20 22:30:00",BARCSF1,0.50
D,DISPATCH,UNIT_SCADA,1,"2019/08/20 22:30:00",BUTLERSG,9.699999
D,DISPATCH,UNIT_SCADA,1,"2019/08/20 22:30:00",CALL_A_4,0
D,DISPATCH,UNIT_SCADA,1,"2019/08/20 22:30:00",CAPTL_WF,133.428009
D,DISPATCH,UNIT_SCADA,1,"2019/08/20 22:30:00",CATHROCK,44.689999
D,DISPATCH,UNIT_SCADA,1,"2019/08/20 22:30:00",CHALLHWF,33.300003
D,DISPATCH,UNIT_SCADA,1,"2019/08/20 22:30:00",CLOVER,-0.01
D,DISPATCH,UNIT_SCADA,1,"2019/08/20 22:30:00",CLUNY,20.340124
D,DISPATCH,UNIT_SCADA,1,"2019/08/20 22:30:00",CNUNDAWF,41.548470
D,DISPATCH,UNIT_SCADA,1,"2019/08/20 22:30:00",CULLRGWF,30.48
D,DISPATCH,UNIT_SCADA,1,"2019/08/20 22:30:00",ERGT01,0
D,DISPATCH,UNIT_SCADA,1,"2019/08/20 22:30:00",GB01,0.068787
D,DISPATCH,UNIT_SCADA,1,"2019/08/20 22:30:00",GERMCRK,38.200001
D,DISPATCH,UNIT_SCADA,1,"2019/08/20 22:30:00",GRIFSF1,0
D,DISPATCH,UNIT_SCADA,1,"2019/08/20 22:30:00",HUGSF1,-0.2040
D,DISPATCH,UNIT_SCADA,1,"2019/08/20 22:30:00",LKBONNY1,75.912956
D,DISPATCH,UNIT_SCADA,1,"2019/08/20 22:30:00",LRSF1,0.0290
D,DISPATCH,UNIT_SCADA,1,"2019/08/20 22:30:00",MBAHNTH,56.043747
D,DISPATCH,UNIT_SCADA,1,"2019/08/20 22:30:00",MLSP1,0.283001
D,DISPATCH,UNIT_SCADA,1,"2019/08/20 22:30:00",MLWF1,17.4450
D,DISPATCH,UNIT_SCADA,1,"2019/08/20 22:30:00",MTMILLAR,22.256962
D,DISPATCH,UNIT_SCADA,1,"2019/08/20 22:30:00",PALOONA,23.84
D,DISPATCH,UNIT_SCADA,1,"2019/08/20 22:30:00",PIONEER,35.200001
D,DISPATCH,UNIT_SCADA,1,"2019/08/20 22:30:00",PORTWF,137.399994
D,DISPATCH,UNIT_SCADA,1,"2019/08/20 22:30:00",REPULSE,28.974442
D,DISPATCH,UNIT_SCADA,1,"2019/08/20 22:30:00",ROWALLAN,10.0465
D,DISPATCH,UNIT_SCADA,1,"2019/08/20 22:30:00",ROYALLA1,0
D,DISPATCH,UNIT_SCADA,1,"2019/08/20 22:30:00",RPCG,12.60
D,DISPATCH,UNIT_SCADA,1,"2019/08/20 22:30:00",RUBICON,0
D,DISPATCH,UNIT_SCADA,1,"2019/08/20 22:30:00",SATGN1,0
D,DISPATCH,UNIT_SCADA,1,"2019/08/20 22:30:00",SATGS1,0
D,DISPATCH,UNIT_SCADA,1,"2019/08/20 22:30:00",STARHLWF,8.497522
D,DISPATCH,UNIT_SCADA,1,"2019/08/20 22:30:00",WAUBRAWF,150.882004
D,DISPATCH,UNIT_SCADA,1,"2019/08/20 22:30:00",WOOLNTH1,100.590019
D,DISPATCH,UNIT_SCADA,1,"2019/08/20 22:30:00",WPWF,32
D,DISPATCH,UNIT_SCADA,1,"2019/08/20 22:30:00",YAMBUKWF,29.50
D,DISPATCH,UNIT_SCADA,1,"2019/08/20 22:30:00",YSWF1,27.700001
D,DISPATCH,UNIT_SCADA,1,"2019/08/20 22:30:00",AGLHAL,0
D,DISPATCH,UNIT_SCADA,1,"2019/08/20 22:30:00",AGLSOM,0
D,DISPATCH,UNIT_SCADA,1,"2019/08/20 22:30:00",ANGAST1,0
D,DISPATCH,UNIT_SCADA,1,"2019/08/20 22:30:00",ARWF1,45.90
D,DISPATCH,UNIT_SCADA,1,"2019/08/20 22:30:00",BALBG1,0
D,DISPATCH,UNIT_SCADA,1,"2019/08/20 22:30:00",BALBL1,0
D,DISPATCH,UNIT_SCADA,1,"2019/08/20 22:30:00",BALDHWF1,103.218990
D,DISPATCH,UNIT_SCADA,1,"2019/08/20 22:30:00",BANN1,0
D,DISPATCH,UNIT_SCADA,1,"2019/08/20 22:30:00",BARCALDN,0
D,DISPATCH,UNIT_SCADA,1,"2019/08/20 22:30:00",BARRON-1,0
D,DISPATCH,UNIT_SCADA,1,"2019/08/20 22:30:00",BARRON-2,28.04
D,DISPATCH,UNIT_SCADA,1,"2019/08/20 22:30:00",BASTYAN,80.070010
D,DISPATCH,UNIT_SCADA,1,"2019/08/20 22:30:00",BBTHREE1,-1.86
D,DISPATCH,UNIT_SCADA,1,"2019/08/20 22:30:00",BBTHREE2,-1.87
D,DISPATCH,UNIT_SCADA,1,"2019/08/20 22:30:00",BBTHREE3,0
D,DISPATCH,UNIT_SCADA,1,"2019/08/20 22:30:00",BDL01,0
D,DISPATCH,UNIT_SCADA,1,"2019/08/20 22:30:00",BDL02,0
D,DISPATCH,UNIT_SCADA,1,"2019/08/20 22:30:00",BERYLSF1,0
D,DISPATCH,UNIT_SCADA,1,"2019/08/20 22:30:00",BLOWERNG,0
D,DISPATCH,UNIT_SCADA,1,"2019/08/20 22:30:00",BLUFF1,44.10
D,DISPATCH,UNIT_SCADA,1,"2019/08/20 22:30:00",BNGSF1,0
D,DISPATCH,UNIT_SCADA,1,"2019/08/20 22:30:00",BNGSF2,0
D,DISPATCH,UNIT_SCADA,1,"2019/08/20 22:30:00",BOCORWF1,83.06
D,DISPATCH,UNIT_SCADA,1,"2019/08/20 22:30:00",BODWF1,43.788280
D,DISPATCH,UNIT_SCADA,1,"2019/08/20 22:30:00",BRAEMAR1,0
D,DISPATCH,UNIT_SCADA,1,"2019/08/20 22:30:00",BRAEMAR2,0
D,DISPATCH,UNIT_SCADA,1,"2019/08/20 22:30:00",BRAEMAR3,0
D,DISPATCH,UNIT_SCADA,1,"2019/08/20 22:30:00",BRAEMAR5,0
D,DISPATCH,UNIT_SCADA,1,"2019/08/20 22:30:00",BRAEMAR6,0
D,DISPATCH,UNIT_SCADA,1,"2019/08/20 22:30:00",BRAEMAR7,0
D,DISPATCH,UNIT_SCADA,1,"2019/08/20 22:30:00",BROKENH1,0
D,DISPATCH,UNIT_SCADA,1,"2019/08/20 22:30:00",BW01,635.050050
D,DISPATCH,UNIT_SCADA,1,"2019/08/20 22:30:00",BW02,622.550050
D,DISPATCH,UNIT_SCADA,1,"2019/08/20 22:30:00",BW03,636.7251
D,DISPATCH,UNIT_SCADA,1,"2019/08/20 22:30:00",BW04,0
D,DISPATCH,UNIT_SCADA,1,"2019/08/20 22:30:00",CALL_B_1,350.200010
D,DISPATCH,UNIT_SCADA,1,"2019/08/20 22:30:00",CALL_B_2,300
D,DISPATCH,UNIT_SCADA,1,"2019/08/20 22:30:00",CETHANA,96.2685
D,DISPATCH,UNIT_SCADA,1,"2019/08/20 22:30:00",CG1,0
D,DISPATCH,UNIT_SCADA,1,"2019/08/20 22:30:00",CG2,0
D,DISPATCH,UNIT_SCADA,1,"2019/08/20 22:30:00",CG3,0
D,DISPATCH,UNIT_SCADA,1,"2019/08/20 22:30:00",CG4,0
D,DISPATCH,UNIT_SCADA,1,"2019/08/20 22:30:00",CHILDSF1,0
D,DISPATCH,UNIT_SCADA,1,"2019/08/20 22:30:00",CLARESF1,0
D,DISPATCH,UNIT_SCADA,1,"2019/08/20 22:30:00",CLEMGPWF,40.987920
D,DISPATCH,UNIT_SCADA,1,"2019/08/20 22:30:00",CLERMSF1,0
D,DISPATCH,UNIT_SCADA,1,"2019/08/20 22:30:00",COLEASF1,0
D,DISPATCH,UNIT_SCADA,1,"2019/08/20 22:30:00",COOPGWF1,40.321740
D,DISPATCH,UNIT_SCADA,1,"2019/08/20 22:30:00",CPP_3,405.350010
D,DISPATCH,UNIT_SCADA,1,"2019/08/20 22:30:00",CPP_4,405.899990
D,DISPATCH,UNIT_SCADA,1,"2019/08/20 22:30:00",CPSA,141.434370
D,DISPATCH,UNIT_SCADA,1,"2019/08/20 22:30:00",CROOKWF2,91.513750
D,DISPATCH,UNIT_SCADA,1,"2019/08/20 22:30:00",CROWLWF1,58.750980
D,DISPATCH,UNIT_SCADA,1,"2019/08/20 22:30:00",CSPVPS1,0
D,DISPATCH,UNIT_SCADA,1,"2019/08/20 22:30:00",DALNTH01,0.065610
D,DISPATCH,UNIT_SCADA,1,"2019/08/20 22:30:00",DALNTHL1,0
D,DISPATCH,UNIT_SCADA,1,"2019/08/20 22:30:00",DARTM1,133.399990
D,DISPATCH,UNIT_SCADA,1,"2019/08/20 22:30:00",DAYDSF1,0
D,DISPATCH,UNIT_SCADA,1,"2019/08/20 22:30:00",DDPS1,0
D,DISPATCH,UNIT_SCADA,1,"2019/08/20 22:30:00",DDSF1,0
D,DISPATCH,UNIT_SCADA,1,"2019/08/20 22:30:00",DEVILS_G,59.816280
D,DISPATCH,UNIT_SCADA,1,"2019/08/20 22:30:00",DG_NSW1,0
D,DISPATCH,UNIT_SCADA,1,"2019/08/20 22:30:00",DG_QLD1,0
D,DISPATCH,UNIT_SCADA,1,"2019/08/20 22:30:00",DG_SA1,0
D,DISPATCH,UNIT_SCADA,1,"2019/08/20 22:30:00",DG_TAS1,0
D,DISPATCH,UNIT_SCADA,1,"2019/08/20 22:30:00",DG_VIC1,0
D,DISPATCH,UNIT_SCADA,1,"2019/08/20 22:30:00",DRYCGT1,0
D,DISPATCH,UNIT_SCADA,1,"2019/08/20 22:30:00",DRYCGT2,0
D,DISPATCH,UNIT_SCADA,1,"2019/08/20 22:30:00",DRYCGT3,0
D,DISPATCH,UNIT_SCADA,1,"2019/08/20 22:30:00",EILDON1,0
D,DISPATCH,UNIT_SCADA,1,"2019/08/20 22:30:00",EILDON2,0
D,DISPATCH,UNIT_SCADA,1,"2019/08/20 22:30:00",EMERASF1,0
D,DISPATCH,UNIT_SCADA,1,"2019/08/20 22:30:00",ER01,584.724980
D,DISPATCH,UNIT_SCADA,1,"2019/08/20 22:30:00",ER02,684.1250
D,DISPATCH,UNIT_SCADA,1,"2019/08/20 22:30:00",ER03,684.3750
D,DISPATCH,UNIT_SCADA,1,"2019/08/20 22:30:00",ER04,686.425050
D,DISPATCH,UNIT_SCADA,1,"2019/08/20 22:30:00",FINLYSF1,0
D,DISPATCH,UNIT_SCADA,1,"2019/08/20 22:30:00",FISHER,45.81
D,DISPATCH,UNIT_SCADA,1,"2019/08/20 22:30:00",GANNBG1,0
D,DISPATCH,UNIT_SCADA,1,"2019/08/20 22:30:00",GANNBL1,0.104980
D,DISPATCH,UNIT_SCADA,1,"2019/08/20 22:30:00",GANNSF1,0
D,DISPATCH,UNIT_SCADA,1,"2019/08/20 22:30:00",GORDON,0
D,DISPATCH,UNIT_SCADA,1,"2019/08/20 22:30:00",GSTONE1,195.649990
D,DISPATCH,UNIT_SCADA,1,"2019/08/20 22:30:00",GSTONE2,197.224990
D,DISPATCH,UNIT_SCADA,1,"2019/08/20 22:30:00",GSTONE3,198.274990
D,DISPATCH,UNIT_SCADA,1,"2019/08/20 22:30:00",GSTONE4,196.1750
D,DISPATCH,UNIT_SCADA,1,"2019/08/20 22:30:00",GSTONE5,193.3750
D,DISPATCH,UNIT_SCADA,1,"2019/08/20 22:30:00",GSTONE6,0
D,DISPATCH,UNIT_SCADA,1,"2019/08/20 22:30:00",GULLRSF1,0
D,DISPATCH,UNIT_SCADA,1,"2019/08/20 22:30:00",GULLRWF1,160.496860
D,DISPATCH,UNIT_SCADA,1,"2019/08/20 22:30:00",GUNNING1,46.298470
D,DISPATCH,UNIT_SCADA,1,"2019/08/20 22:30:00",GUTHEGA,0
D,DISPATCH,UNIT_SCADA,1,"2019/08/20 22:30:00",HALLWF1,77.76
D,DISPATCH,UNIT_SCADA,1,"2019/08/20 22:30:00",HALLWF2,58.12
D,DISPATCH,UNIT_SCADA,1,"2019/08/20 22:30:00",HAMISF1,0
D,DISPATCH,UNIT_SCADA,1,"2019/08/20 22:30:00",HAUGHT11,0
D,DISPATCH,UNIT_SCADA,1,"2019/08/20 22:30:00",HAYMSF1,0
D,DISPATCH,UNIT_SCADA,1,"2019/08/20 22:30:00",HDWF1,82.70
D,DISPATCH,UNIT_SCADA,1,"2019/08/20 22:30:00",HDWF2,79.60
D,DISPATCH,UNIT_SCADA,1,"2019/08/20 22:30:00",HDWF3,88.70
D,DISPATCH,UNIT_SCADA,1,"2019/08/20 22:30:00",HPRG1,0
D,DISPATCH,UNIT_SCADA,1,"2019/08/20 22:30:00",HPRL1,12
D,DISPATCH,UNIT_SCADA,1,"2019/08/20 22:30:00",HUMENSW,0
D,DISPATCH,UNIT_SCADA,1,"2019/08/20 22:30:00",HUMEV,7.70
D,DISPATCH,UNIT_SCADA,1,"2019/08/20 22:30:00",HVGTS,0
D,DISPATCH,UNIT_SCADA,1,"2019/08/20 22:30:00",JBUTTERS,136.87
D,DISPATCH,UNIT_SCADA,1,"2019/08/20 22:30:00",JLA01,0.50
D,DISPATCH,UNIT_SCADA,1,"2019/08/20 22:30:00",JLA02,0
D,DISPATCH,UNIT_SCADA,1,"2019/08/20 22:30:00",JLA03,0.10
D,DISPATCH,UNIT_SCADA,1,"2019/08/20 22:30:00",JLA04,0.10
D,DISPATCH,UNIT_SCADA,1,"2019/08/20 22:30:00",JLB01,0
D,DISPATCH,UNIT_SCADA,1,"2019/08/20 22:30:00",JLB02,0.10
D,DISPATCH,UNIT_SCADA,1,"2019/08/20 22:30:00",JLB03,0
D,DISPATCH,UNIT_SCADA,1,"2019/08/20 22:30:00",KAREEYA1,21.4525
D,DISPATCH,UNIT_SCADA,1,"2019/08/20 22:30:00",KAREEYA2,21.7425
D,DISPATCH,UNIT_SCADA,1,"2019/08/20 22:30:00",KAREEYA3,0
D,DISPATCH,UNIT_SCADA,1,"2019/08/20 22:30:00",KAREEYA4,21.6950
D,DISPATCH,UNIT_SCADA,1,"2019/08/20 22:30:00",KARSF1,0
D,DISPATCH,UNIT_SCADA,1,"2019/08/20 22:30:00",KIATAWF1,30.90
D,DISPATCH,UNIT_SCADA,1,"2019/08/20 22:30:00",KPP_1,0
D,DISPATCH,UNIT_SCADA,1,"2019/08/20 22:30:00",KSP1,0
D,DISPATCH,UNIT_SCADA,1,"2019/08/20 22:30:00",LADBROK1,0
D,DISPATCH,UNIT_SCADA,1,"2019/08/20 22:30:00",LADBROK2,0
D,DISPATCH,UNIT_SCADA,1,"2019/08/20 22:30:00",LD01,420.581270
D,DISPATCH,UNIT_SCADA,1,"2019/08/20 22:30:00",LD02,419.0625
D,DISPATCH,UNIT_SCADA,1,"2019/08/20 22:30:00",LD03,423.768770
D,DISPATCH,UNIT_SCADA,1,"2019/08/20 22:30:00",LD04,381.600040
D,DISPATCH,UNIT_SCADA,1,"2019/08/20 22:30:00",LEM_WIL,85.6992
D,DISPATCH,UNIT_SCADA,1,"2019/08/20 22:30:00",LGAPWF1,16.81
D,DISPATCH,UNIT_SCADA,1,"2019/08/20 22:30:00",LILYSF1,0
D,DISPATCH,UNIT_SCADA,1,"2019/08/20 22:30:00",LI_WY_CA,149.614410
D,DISPATCH,UNIT_SCADA,1,"2019/08/20 22:30:00",LKBONNY2,129.553510
D,DISPATCH,UNIT_SCADA,1,"2019/08/20 22:30:00",LKBONNY3,32.097660
D,DISPATCH,UNIT_SCADA,1,"2019/08/20 22:30:00",LK_ECHO,0
D,DISPATCH,UNIT_SCADA,1,"2019/08/20 22:30:00",LNGS1,0
D,DISPATCH,UNIT_SCADA,1,"2019/08/20 22:30:00",LNGS2,0
D,DISPATCH,UNIT_SCADA,1,"2019/08/20 22:30:00",LONSDALE,0
D,DISPATCH,UNIT_SCADA,1,"2019/08/20 22:30:00",LOYYB1,534.208860
D,DISPATCH,UNIT_SCADA,1,"2019/08/20 22:30:00",LOYYB2,579.698730
D,DISPATCH,UNIT_SCADA,1,"2019/08/20 22:30:00",LYA1,520
D,DISPATCH,UNIT_SCADA,1,"2019/08/20 22:30:00",LYA2,0
D,DISPATCH,UNIT_SCADA,1,"2019/08/20 22:30:00",LYA3,560
D,DISPATCH,UNIT_SCADA,1,"2019/08/20 22:30:00",LYA4,538
D,DISPATCH,UNIT_SCADA,1,"2019/08/20 22:30:00",MACARTH1,364.891570
D,DISPATCH,UNIT_SCADA,1,"2019/08/20 22:30:00",MACKAYGT,0
D,DISPATCH,UNIT_SCADA,1,"2019/08/20 22:30:00",MACKNTSH,84.91
D,DISPATCH,UNIT_SCADA,1,"2019/08/20 22:30:00",MANSLR1,0
D,DISPATCH,UNIT_SCADA,1,"2019/08/20 22:30:00",MCKAY1,0.02
D,DISPATCH,UNIT_SCADA,1,"2019/08/20 22:30:00",MEADOWBK,33.8673
D,DISPATCH,UNIT_SCADA,1,"2019/08/20 22:30:00",MERCER01,129.003010
D,DISPATCH,UNIT_SCADA,1,"2019/08/20 22:30:00",MEWF1,58.384380
D,DISPATCH,UNIT_SCADA,1,"2019/08/20 22:30:00",MINTARO,0
D,DISPATCH,UNIT_SCADA,1,"2019/08/20 22:30:00",MOREESF1,0
D,DISPATCH,UNIT_SCADA,1,"2019/08/20 22:30:00",MORTLK11,115
D,DISPATCH,UNIT_SCADA,1,"2019/08/20 22:30:00",MORTLK12,0
D,DISPATCH,UNIT_SCADA,1,"2019/08/20 22:30:00",MP1,281.525020
D,DISPATCH,UNIT_SCADA,1,"2019/08/20 22:30:00",MP2,0
D,DISPATCH,UNIT_SCADA,1,"2019/08/20 22:30:00",MPP_1,394
D,DISPATCH,UNIT_SCADA,1,"2019/08/20 22:30:00",MPP_2,434.50
D,DISPATCH,UNIT_SCADA,1,"2019/08/20 22:30:00",MSTUART1,0
D,DISPATCH,UNIT_SCADA,1,"2019/08/20 22:30:00",MSTUART2,0
D,DISPATCH,UNIT_SCADA,1,"2019/08/20 22:30:00",MSTUART3,0
D,DISPATCH,UNIT_SCADA,1,"2019/08/20 22:30:00",MTGELWF1,63.994260
D,DISPATCH,UNIT_SCADA,1,"2019/08/20 22:30:00",MURRAY,0
D,DISPATCH,UNIT_SCADA,1,"2019/08/20 22:30:00",MUSSELR1,144.50
D,DISPATCH,UNIT_SCADA,1,"2019/08/20 22:30:00",MUWAWF1,52.09
D,DISPATCH,UNIT_SCADA,1,"2019/08/20 22:30:00",NBHWF1,96.90
D,DISPATCH,UNIT_SCADA,1,"2019/08/20 22:30:00",NPS,0
D,DISPATCH,UNIT_SCADA,1,"2019/08/20 22:30:00",NUMURSF1,0
D,DISPATCH,UNIT_SCADA,1,"2019/08/20 22:30:00",NYNGAN1,0
D,DISPATCH,UNIT_SCADA,1,"2019/08/20 22:30:00",OAKEY1,0
D,DISPATCH,UNIT_SCADA,1,"2019/08/20 22:30:00",OAKEY1SF,0.0380
D,DISPATCH,UNIT_SCADA,1,"2019/08/20 22:30:00",OAKEY2,0
D,DISPATCH,UNIT_SCADA,1,"2019/08/20 22:30:00",OAKLAND1,62.60
D,DISPATCH,UNIT_SCADA,1,"2019/08/20 22:30:00",OSB-AG,0
D,DISPATCH,UNIT_SCADA,1,"2019/08/20 22:30:00",PARSF1,0
D,DISPATCH,UNIT_SCADA,1,"2019/08/20 22:30:00",POAT110,0
D,DISPATCH,UNIT_SCADA,1,"2019/08/20 22:30:00",POAT220,1.45
D,DISPATCH,UNIT_SCADA,1,"2019/08/20 22:30:00",POR01,0
D,DISPATCH,UNIT_SCADA,1,"2019/08/20 22:30:00",POR03,0
D,DISPATCH,UNIT_SCADA,1,"2019/08/20 22:30:00",PPCCGT,354.750490
D,DISPATCH,UNIT_SCADA,1,"2019/08/20 22:30:00",PTSTAN1,0
D,DISPATCH,UNIT_SCADA,1,"2019/08/20 22:30:00",PUMP1,0
D,DISPATCH,UNIT_SCADA,1,"2019/08/20 22:30:00",PUMP2,0
D,DISPATCH,UNIT_SCADA,1,"2019/08/20 22:30:00",QPS1,0
D,DISPATCH,UNIT_SCADA,1,"2019/08/20 22:30:00",QPS2,0
D,DISPATCH,UNIT_SCADA,1,"2019/08/20 22:30:00",QPS3,0
D,DISPATCH,UNIT_SCADA,1,"2019/08/20 22:30:00",QPS4,0
D,DISPATCH,UNIT_SCADA,1,"2019/08/20 22:30:00",QPS5,0
D,DISPATCH,UNIT_SCADA,1,"2019/08/20 22:30:00",REECE1,117.580010
D,DISPATCH,UNIT_SCADA,1,"2019/08/20 22:30:00",REECE2,116.750010
D,DISPATCH,UNIT_SCADA,1,"2019/08/20 22:30:00",ROMA_7,0
D,DISPATCH,UNIT_SCADA,1,"2019/08/20 22:30:00",ROMA_8,0
D,DISPATCH,UNIT_SCADA,1,"2019/08/20 22:30:00",RRSF1,0
D,DISPATCH,UNIT_SCADA,1,"2019/08/20 22:30:00",RT_NSW1,0
D,DISPATCH,UNIT_SCADA,1,"2019/08/20 22:30:00",RT_NSW2,0
D,DISPATCH,UNIT_SCADA,1,"2019/08/20 22:30:00",RT_NSW3,0
D,DISPATCH,UNIT_SCADA,1,"2019/08/20 22:30:00",RT_NSW4,0
D,DISPATCH,UNIT_SCADA,1,"2019/08/20 22:30:00",RT_NSW5,0
D,DISPATCH,UNIT_SCADA,1,"2019/08/20 22:30:00",RT_NSW6,0
D,DISPATCH,UNIT_SCADA,1,"2019/08/20 22:30:00",RT_QLD1,0
D,DISPATCH,UNIT_SCADA,1,"2019/08/20 22:30:00",RT_SA1,0
D,DISPATCH,UNIT_SCADA,1,"2019/08/20 22:30:00",RT_SA2,0
D,DISPATCH,UNIT_SCADA,1,"2019/08/20 22:30:00",RT_SA3,0
D,DISPATCH,UNIT_SCADA,1,"2019/08/20 22:30:00",RT_SA4,0
D,DISPATCH,UNIT_SCADA,1,"2019/08/20 22:30:00",RT_SA5,0
D,DISPATCH,UNIT_SCADA,1,"2019/08/20 22:30:00",RT_SA6,0
D,DISPATCH,UNIT_SCADA,1,"2019/08/20 22:30:00",RT_TAS1,0
D,DISPATCH,UNIT_SCADA,1,"2019/08/20 22:30:00",RT_VIC1,0
D,DISPATCH,UNIT_SCADA,1,"2019/08/20 22:30:00",RT_VIC10,0
D,DISPATCH,UNIT_SCADA,1,"2019/08/20 22:30:00",RT_VIC11,0
D,DISPATCH,UNIT_SCADA,1,"2019/08/20 22:30:00",RT_VIC12,0
D,DISPATCH,UNIT_SCADA,1,"2019/08/20 22:30:00",RT_VIC2,0
D,DISPATCH,UNIT_SCADA,1,"2019/08/20 22:30:00",RT_VIC3,0
D,DISPATCH,UNIT_SCADA,1,"2019/08/20 22:30:00",RT_VIC4,0
D,DISPATCH,UNIT_SCADA,1,"2019/08/20 22:30:00",RT_VIC5,0
D,DISPATCH,UNIT_SCADA,1,"2019/08/20 22:30:00",RT_VIC6,0
D,DISPATCH,UNIT_SCADA,1,"2019/08/20 22:30:00",RT_VIC7,0
D,DISPATCH,UNIT_SCADA,1,"2019/08/20 22:30:00",RT_VIC8,0
D,DISPATCH,UNIT_SCADA,1,"2019/08/20 22:30:00",RT_VIC9,0
D,DISPATCH,UNIT_SCADA,1,"2019/08/20 22:30:00",RUGBYR1,0
D,DISPATCH,UNIT_SCADA,1,"2019/08/20 22:30:00",SALTCRK1,50.85
D,DISPATCH,UNIT_SCADA,1,"2019/08/20 22:30:00",SAPHWF1,219.890630
D,DISPATCH,UNIT_SCADA,1,"2019/08/20 22:30:00",SHGEN,0
D,DISPATCH,UNIT_SCADA,1,"2019/08/20 22:30:00",SHPUMP,0
D,DISPATCH,UNIT_SCADA,1,"2019/08/20 22:30:00",SITHE01,0.153860
D,DISPATCH,UNIT_SCADA,1,"2019/08/20 22:30:00",SMCSF1,0
D,DISPATCH,UNIT_SCADA,1,"2019/08/20 22:30:00",SNOWNTH1,89.10
D,DISPATCH,UNIT_SCADA,1,"2019/08/20 22:30:00",SNOWSTH1,95
D,DISPATCH,UNIT_SCADA,1,"2019/08/20 22:30:00",SNOWTWN1,76.253570
D,DISPATCH,UNIT_SCADA,1,"2019/08/20 22:30:00",SNOWYP,0
D,DISPATCH,UNIT_SCADA,1,"2019/08/20 22:30:00",SNUG1,0.019440
D,DISPATCH,UNIT_SCADA,1,"2019/08/20 22:30:00",SRSF1,0.07
D,DISPATCH,UNIT_SCADA,1,"2019/08/20 22:30:00",STAN-1,0
D,DISPATCH,UNIT_SCADA,1,"2019/08/20 22:30:00",STAN-2,278.3129
D,DISPATCH,UNIT_SCADA,1,"2019/08/20 22:30:00",STAN-3,275.595520
D,DISPATCH,UNIT_SCADA,1,"2019/08/20 22:30:00",STAN-4,277.864260
D,DISPATCH,UNIT_SCADA,1,"2019/08/20 22:30:00",STWF1,189.8775
D,DISPATCH,UNIT_SCADA,1,"2019/08/20 22:30:00",SWAN_E,0
D,DISPATCH,UNIT_SCADA,1,"2019/08/20 22:30:00",TALWA1,301
D,DISPATCH,UNIT_SCADA,1,"2019/08/20 22:30:00",TARALGA1,66.719990
D,DISPATCH,UNIT_SCADA,1,"2019/08/20 22:30:00",TARONG#1,309.300020
D,DISPATCH,UNIT_SCADA,1,"2019/08/20 22:30:00",TARONG#2,268.300020
D,DISPATCH,UNIT_SCADA,1,"2019/08/20 22:30:00",TARONG#3,259.50
D,DISPATCH,UNIT_SCADA,1,"2019/08/20 22:30:00",TARONG#4,310.700010
D,DISPATCH,UNIT_SCADA,1,"2019/08/20 22:30:00",TARRALEA,85.20
D,DISPATCH,UNIT_SCADA,1,"2019/08/20 22:30:00",TBSF1,-0.20
D,DISPATCH,UNIT_SCADA,1,"2019/08/20 22:30:00",TNPS1,441.700010
D,DISPATCH,UNIT_SCADA,1,"2019/08/20 22:30:00",TORRA1,43.100380
D,DISPATCH,UNIT_SCADA,1,"2019/08/20 22:30:00",TORRA2,0
D,DISPATCH,UNIT_SCADA,1,"2019/08/20 22:30:00",TORRA3,0
D,DISPATCH,UNIT_SCADA,1,"2019/08/20 22:30:00",TORRA4,0
D,DISPATCH,UNIT_SCADA,1,"2019/08/20 22:30:00",TORRB1,60.73
D,DISPATCH,UNIT_SCADA,1,"2019/08/20 22:30:00",TORRB2,60.76
D,DISPATCH,UNIT_SCADA,1,"2019/08/20 22:30:00",TORRB3,0
D,DISPATCH,UNIT_SCADA,1,"2019/08/20 22:30:00",TORRB4,0
D,DISPATCH,UNIT_SCADA,1,"2019/08/20 22:30:00",TREVALLN,17.60
D,DISPATCH,UNIT_SCADA,1,"2019/08/20 22:30:00",TRIBUTE,84.30
D,DISPATCH,UNIT_SCADA,1,"2019/08/20 22:30:00",TUMUT3,0
D,DISPATCH,UNIT_SCADA,1,"2019/08/20 22:30:00",TUNGATIN,119.850040
D,DISPATCH,UNIT_SCADA,1,"2019/08/20 22:30:00",TVCC201,0
D,DISPATCH,UNIT_SCADA,1,"2019/08/20 22:30:00",TVPP104,0
D,DISPATCH,UNIT_SCADA,1,"2019/08/20 22:30:00",UPPTUMUT,0
D,DISPATCH,UNIT_SCADA,1,"2019/08/20 22:30:00",URANQ11,0
D,DISPATCH,UNIT_SCADA,1,"2019/08/20 22:30:00",URANQ12,0
D,DISPATCH,UNIT_SCADA,1,"2019/08/20 22:30:00",URANQ13,0
D,DISPATCH,UNIT_SCADA,1,"2019/08/20 22:30:00",URANQ14,0
D,DISPATCH,UNIT_SCADA,1,"2019/08/20 22:30:00",VP5,419.299990
D,DISPATCH,UNIT_SCADA,1,"2019/08/20 22:30:00",VP6,399.924990
D,DISPATCH,UNIT_SCADA,1,"2019/08/20 22:30:00",VPGS1,0
D,DISPATCH,UNIT_SCADA,1,"2019/08/20 22:30:00",VPGS2,0
D,DISPATCH,UNIT_SCADA,1,"2019/08/20 22:30:00",VPGS3,0
D,DISPATCH,UNIT_SCADA,1,"2019/08/20 22:30:00",VPGS4,0
D,DISPATCH,UNIT_SCADA,1,"2019/08/20 22:30:00",VPGS5,0
D,DISPATCH,UNIT_SCADA,1,"2019/08/20 22:30:00",VPGS6,0
D,DISPATCH,UNIT_SCADA,1,"2019/08/20 22:30:00",W/HOE#1,0
D,DISPATCH,UNIT_SCADA,1,"2019/08/20 22:30:00",W/HOE#2,0
D,DISPATCH,UNIT_SCADA,1,"2019/08/20 22:30:00",WATERLWF,106
D,DISPATCH,UNIT_SCADA,1,"2019/08/20 22:30:00",WEMENSF1,0
D,DISPATCH,UNIT_SCADA,1,"2019/08/20 22:30:00",WGWF1,98.60
D,DISPATCH,UNIT_SCADA,1,"2019/08/20 22:30:00",WHITSF1,0
D,DISPATCH,UNIT_SCADA,1,"2019/08/20 22:30:00",WKIEWA1,16.40
D,DISPATCH,UNIT_SCADA,1,"2019/08/20 22:30:00",WKIEWA2,16.50
D,DISPATCH,UNIT_SCADA,1,"2019/08/20 22:30:00",WOODLWN1,44.8380
D,DISPATCH,UNIT_SCADA,1,"2019/08/20 22:30:00",WRSF1,0
D,DISPATCH,UNIT_SCADA,1,"2019/08/20 22:30:00",WRWF1,152.968750
D,DISPATCH,UNIT_SCADA,1,"2019/08/20 22:30:00",YABULU,0
D,DISPATCH,UNIT_SCADA,1,"2019/08/20 22:30:00",YABULU2,0
D,DISPATCH,UNIT_SCADA,1,"2019/08/20 22:30:00",YARWUN_1,0
D,DISPATCH,UNIT_SCADA,1,"2019/08/20 22:30:00",YENDWF1,42.32
D,DISPATCH,UNIT_SCADA,1,"2019/08/20 22:30:00",YWPS1,379.448090
D,DISPATCH,UNIT_SCADA,1,"2019/08/20 22:30:00",YWPS2,278.944310
D,DISPATCH,UNIT_SCADA,1,"2019/08/20 22:30:00",YWPS3,0
D,DISPATCH,UNIT_SCADA,1,"2019/08/20 22:30:00",YWPS4,391.003780
C,"END OF REPORT",334
