C,NEMP.WORLD,DISPATCHSCADA,AEMO,PUBLIC,2019/08/21,22:30:08,0000000311843648,DISPATCHSCADA,0000000311843642
I,DISPATCH,UNIT_SCADA,1,SETTLEMENTDATE,DUID,SCADAVALUE
D,DISPATCH,UNIT_SCADA,1,"2019/08/21 22:35:00",BARCSF1,0.70
D,DISPATCH,UNIT_SCADA,1,"2019/08/21 22:35:00",BUTLERSG,9.599998
D,DISPATCH,UNIT_SCADA,1,"2019/08/21 22:35:00",CALL_A_4,0
D,DISPATCH,UNIT_SCADA,1,"2019/08/21 22:35:00",CAPTL_WF,128.579987
D,DISPATCH,UNIT_SCADA,1,"2019/08/21 22:35:00",CATHROCK,13.98
D,DISPATCH,UNIT_SCADA,1,"2019/08/21 22:35:00",CHALLHWF,47.599998
D,DISPATCH,UNIT_SCADA,1,"2019/08/21 22:35:00",CLOVER,-0.01
D,DISPATCH,UNIT_SCADA,1,"2019/08/21 22:35:00",CLUNY,20.006866
D,DISPATCH,UNIT_SCADA,1,"2019/08/21 22:35:00",CNUNDAWF,41.348236
D,DISPATCH,UNIT_SCADA,1,"2019/08/21 22:35:00",CULLRGWF,30.280001
D,DISPATCH,UNIT_SCADA,1,"2019/08/21 22:35:00",ERGT01,0
D,DISPATCH,UNIT_SCADA,1,"2019/08/21 22:35:00",GB01,0.073135
D,DISPATCH,UNIT_SCADA,1,"2019/08/21 22:35:00",GERMCRK,39.299999
D,DISPATCH,UNIT_SCADA,1,"2019/08/21 22:35:00",GRIFSF1,0
D,DISPATCH,UNIT_SCADA,1,"2019/08/21 22:35:00",HUGSF1,-0.2430
D,DISPATCH,UNIT_SCADA,1,"2019/08/21 22:35:00",LKBONNY1,72.519203
D,DISPATCH,UNIT_SCADA,1,"2019/08/21 22:35:00",LRSF1,0.0390
D,DISPATCH,UNIT_SCADA,1,"2019/08/21 22:35:00",MBAHNTH,55.912506
D,DISPATCH,UNIT_SCADA,1,"2019/08/21 22:35:00",MLSP1,0.271001
D,DISPATCH,UNIT_SCADA,1,"2019/08/21 22:35:00",MLWF1,19.334999
D,DISPATCH,UNIT_SCADA,1,"2019/08/21 22:35:00",MTMILLAR,7.225513
D,DISPATCH,UNIT_SCADA,1,"2019/08/21 22:35:00",PALOONA,24.279999
D,DISPATCH,UNIT_SCADA,1,"2019/08/21 22:35:00",PIONEER,31.700001
D,DISPATCH,UNIT_SCADA,1,"2019/08/21 22:35:00",PORTWF,141.300003
D,DISPATCH,UNIT_SCADA,1,"2019/08/21 22:35:00",REPULSE,28.835279
D,DISPATCH,UNIT_SCADA,1,"2019/08/21 22:35:00",ROWALLAN,10.2737
D,DISPATCH,UNIT_SCADA,1,"2019/08/21 22:35:00",ROYALLA1,0
D,DISPATCH,UNIT_SCADA,1,"2019/08/21 22:35:00",RPCG,11.80
D,DISPATCH,UNIT_SCADA,1,"2019/08/21 22:35:00",RUBICON,0
D,DISPATCH,UNIT_SCADA,1,"2019/08/21 22:35:00",SATGN1,0
D,DISPATCH,UNIT_SCADA,1,"2019/08/21 22:35:00",SATGS1,0
D,DISPATCH,UNIT_SCADA,1,"2019/08/21 22:35:00",STARHLWF,11.496648
D,DISPATCH,UNIT_SCADA,1,"2019/08/21 22:35:00",WAUBRAWF,179.417999
D,DISPATCH,UNIT_SCADA,1,"2019/08/21 22:35:00",WOOLNTH1,7.880016
D,DISPATCH,UNIT_SCADA,1,"2019/08/21 22:35:00",WPWF,15
D,DISPATCH,UNIT_SCADA,1,"2019/08/21 22:35:00",YAMBUKWF,29.799999
D,DISPATCH,UNIT_SCADA,1,"2019/08/21 22:35:00",YSWF1,26.40
D,DISPATCH,UNIT_SCADA,1,"2019/08/21 22:35:00",AGLHAL,0
D,DISPATCH,UNIT_SCADA,1,"2019/08/21 22:35:00",AGLSOM,0
D,DISPATCH,UNIT_SCADA,1,"2019/08/21 22:35:00",ANGAST1,0
D,DISPATCH,UNIT_SCADA,1,"2019/08/21 22:35:00",ARWF1,187.899990
D,DISPATCH,UNIT_SCADA,1,"2019/08/21 22:35:00",BALBG1,0
D,DISPATCH,UNIT_SCADA,1,"2019/08/21 22:35:00",BALBL1,0
D,DISPATCH,UNIT_SCADA,1,"2019/08/21 22:35:00",BALDHWF1,69.1050
D,DISPATCH,UNIT_SCADA,1,"2019/08/21 22:35:00",BANN1,0
D,DISPATCH,UNIT_SCADA,1,"2019/08/21 22:35:00",BARCALDN,0
D,DISPATCH,UNIT_SCADA,1,"2019/08/21 22:35:00",BARRON-1,0
D,DISPATCH,UNIT_SCADA,1,"2019/08/21 22:35:00",BARRON-2,28.48
D,DISPATCH,UNIT_SCADA,1,"2019/08/21 22:35:00",BASTYAN,78.460010
D,DISPATCH,UNIT_SCADA,1,"2019/08/21 22:35:00",BBTHREE1,-2.03
D,DISPATCH,UNIT_SCADA,1,"2019/08/21 22:35:00",BBTHREE2,-2.04
D,DISPATCH,UNIT_SCADA,1,"2019/08/21 22:35:00",BBTHREE3,-1.14
D,DISPATCH,UNIT_SCADA,1,"2019/08/21 22:35:00",BDL01,0
D,DISPATCH,UNIT_SCADA,1,"2019/08/21 22:35:00",BDL02,0
D,DISPATCH,UNIT_SCADA,1,"2019/08/21 22:35:00",BERYLSF1,0
D,DISPATCH,UNIT_SCADA,1,"2019/08/21 22:35:00",BLOWERNG,0
D,DISPATCH,UNIT_SCADA,1,"2019/08/21 22:35:00",BLUFF1,15.90
D,DISPATCH,UNIT_SCADA,1,"2019/08/21 22:35:00",BNGSF1,0
D,DISPATCH,UNIT_SCADA,1,"2019/08/21 22:35:00",BNGSF2,0
D,DISPATCH,UNIT_SCADA,1,"2019/08/21 22:35:00",BOCORWF1,109.95
D,DISPATCH,UNIT_SCADA,1,"2019/08/21 22:35:00",BODWF1,85.701050
D,DISPATCH,UNIT_SCADA,1,"2019/08/21 22:35:00",BRAEMAR1,0
D,DISPATCH,UNIT_SCADA,1,"2019/08/21 22:35:00",BRAEMAR2,0
D,DISPATCH,UNIT_SCADA,1,"2019/08/21 22:35:00",BRAEMAR3,0
D,DISPATCH,UNIT_SCADA,1,"2019/08/21 22:35:00",BRAEMAR5,0
D,DISPATCH,UNIT_SCADA,1,"2019/08/21 22:35:00",BRAEMAR6,0
D,DISPATCH,UNIT_SCADA,1,"2019/08/21 22:35:00",BRAEMAR7,0
D,DISPATCH,UNIT_SCADA,1,"2019/08/21 22:35:00",BROKENH1,0
D,DISPATCH,UNIT_SCADA,1,"2019/08/21 22:35:00",BW01,611.699950
D,DISPATCH,UNIT_SCADA,1,"2019/08/21 22:35:00",BW02,633.1250
D,DISPATCH,UNIT_SCADA,1,"2019/08/21 22:35:00",BW03,632.849980
D,DISPATCH,UNIT_SCADA,1,"2019/08/21 22:35:00",BW04,0
D,DISPATCH,UNIT_SCADA,1,"2019/08/21 22:35:00",CALL_B_1,349
D,DISPATCH,UNIT_SCADA,1,"2019/08/21 22:35:00",CALL_B_2,349
D,DISPATCH,UNIT_SCADA,1,"2019/08/21 22:35:00",CETHANA,98.6635
D,DISPATCH,UNIT_SCADA,1,"2019/08/21 22:35:00",CG1,0
D,DISPATCH,UNIT_SCADA,1,"2019/08/21 22:35:00",CG2,0
D,DISPATCH,UNIT_SCADA,1,"2019/08/21 22:35:00",CG3,0
D,DISPATCH,UNIT_SCADA,1,"2019/08/21 22:35:00",CG4,0
D,DISPATCH,UNIT_SCADA,1,"2019/08/21 22:35:00",CHILDSF1,0.01
D,DISPATCH,UNIT_SCADA,1,"2019/08/21 22:35:00",CLARESF1,0
D,DISPATCH,UNIT_SCADA,1,"2019/08/21 22:35:00",CLEMGPWF,40.699780
D,DISPATCH,UNIT_SCADA,1,"2019/08/21 22:35:00",CLERMSF1,0
D,DISPATCH,UNIT_SCADA,1,"2019/08/21 22:35:00",COLEASF1,0
D,DISPATCH,UNIT_SCADA,1,"2019/08/21 22:35:00",COOPGWF1,28.0518
D,DISPATCH,UNIT_SCADA,1,"2019/08/21 22:35:00",CPP_3,390.225010
D,DISPATCH,UNIT_SCADA,1,"2019/08/21 22:35:00",CPP_4,386.925020
D,DISPATCH,UNIT_SCADA,1,"2019/08/21 22:35:00",CPSA,142.288740
D,DISPATCH,UNIT_SCADA,1,"2019/08/21 22:35:00",CROOKWF2,90.053740
D,DISPATCH,UNIT_SCADA,1,"2019/08/21 22:35:00",CROWLWF1,44.146690
D,DISPATCH,UNIT_SCADA,1,"2019/08/21 22:35:00",CSPVPS1,0.0430
D,DISPATCH,UNIT_SCADA,1,"2019/08/21 22:35:00",DALNTH01,0
D,DISPATCH,UNIT_SCADA,1,"2019/08/21 22:35:00",DALNTHL1,0.022890
D,DISPATCH,UNIT_SCADA,1,"2019/08/21 22:35:00",DARTM1,0
D,DISPATCH,UNIT_SCADA,1,"2019/08/21 22:35:00",DAYDSF1,0
D,DISPATCH,UNIT_SCADA,1,"2019/08/21 22:35:00",DDPS1,354.913940
D,DISPATCH,UNIT_SCADA,1,"2019/08/21 22:35:00",DDSF1,0
D,DISPATCH,UNIT_SCADA,1,"2019/08/21 22:35:00",DEVILS_G,0
D,DISPATCH,UNIT_SCADA,1,"2019/08/21 22:35:00",DG_NSW1,0
D,DISPATCH,UNIT_SCADA,1,"2019/08/21 22:35:00",DG_QLD1,0
D,DISPATCH,UNIT_SCADA,1,"2019/08/21 22:35:00",DG_SA1,0
D,DISPATCH,UNIT_SCADA,1,"2019/08/21 22:35:00",DG_TAS1,0
D,DISPATCH,UNIT_SCADA,1,"2019/08/21 22:35:00",DG_VIC1,0
D,DISPATCH,UNIT_SCADA,1,"2019/08/21 22:35:00",DRYCGT1,0
D,DISPATCH,UNIT_SCADA,1,"2019/08/21 22:35:00",DRYCGT2,0
D,DISPATCH,UNIT_SCADA,1,"2019/08/21 22:35:00",DRYCGT3,0
D,DISPATCH,UNIT_SCADA,1,"2019/08/21 22:35:00",EILDON1,0
D,DISPATCH,UNIT_SCADA,1,"2019/08/21 22:35:00",EILDON2,0
D,DISPATCH,UNIT_SCADA,1,"2019/08/21 22:35:00",EMERASF1,0
D,DISPATCH,UNIT_SCADA,1,"2019/08/21 22:35:00",ER01,553.925050
D,DISPATCH,UNIT_SCADA,1,"2019/08/21 22:35:00",ER02,583.8750
D,DISPATCH,UNIT_SCADA,1,"2019/08/21 22:35:00",ER03,448.900020
D,DISPATCH,UNIT_SCADA,1,"2019/08/21 22:35:00",ER04,584.75
D,DISPATCH,UNIT_SCADA,1,"2019/08/21 22:35:00",FINLYSF1,0
D,DISPATCH,UNIT_SCADA,1,"2019/08/21 22:35:00",FISHER,45.91
D,DISPATCH,UNIT_SCADA,1,"2019/08/21 22:35:00",GANNBG1,4.682350
D,DISPATCH,UNIT_SCADA,1,"2019/08/21 22:35:00",GANNBL1,0
D,DISPATCH,UNIT_SCADA,1,"2019/08/21 22:35:00",GANNSF1,0
D,DISPATCH,UNIT_SCADA,1,"2019/08/21 22:35:00",GORDON,21.216720
D,DISPATCH,UNIT_SCADA,1,"2019/08/21 22:35:00",GSTONE1,150.50
D,DISPATCH,UNIT_SCADA,1,"2019/08/21 22:35:00",GSTONE2,155.05
D,DISPATCH,UNIT_SCADA,1,"2019/08/21 22:35:00",GSTONE3,154.349990
D,DISPATCH,UNIT_SCADA,1,"2019/08/21 22:35:00",GSTONE4,154
D,DISPATCH,UNIT_SCADA,1,"2019/08/21 22:35:00",GSTONE5,149.6250
D,DISPATCH,UNIT_SCADA,1,"2019/08/21 22:35:00",GSTONE6,0
D,DISPATCH,UNIT_SCADA,1,"2019/08/21 22:35:00",GULLRSF1,0
D,DISPATCH,UNIT_SCADA,1,"2019/08/21 22:35:00",GULLRWF1,157.322570
D,DISPATCH,UNIT_SCADA,1,"2019/08/21 22:35:00",GUNNING1,46.248480
D,DISPATCH,UNIT_SCADA,1,"2019/08/21 22:35:00",GUTHEGA,0
D,DISPATCH,UNIT_SCADA,1,"2019/08/21 22:35:00",HALLWF1,34.52
D,DISPATCH,UNIT_SCADA,1,"2019/08/21 22:35:00",HALLWF2,46.81
D,DISPATCH,UNIT_SCADA,1,"2019/08/21 22:35:00",HAMISF1,0
D,DISPATCH,UNIT_SCADA,1,"2019/08/21 22:35:00",HAUGHT11,0
D,DISPATCH,UNIT_SCADA,1,"2019/08/21 22:35:00",HAYMSF1,0
D,DISPATCH,UNIT_SCADA,1,"2019/08/21 22:35:00",HDWF1,43
D,DISPATCH,UNIT_SCADA,1,"2019/08/21 22:35:00",HDWF2,27.10
D,DISPATCH,UNIT_SCADA,1,"2019/08/21 22:35:00",HDWF3,30.90
D,DISPATCH,UNIT_SCADA,1,"2019/08/21 22:35:00",HPRG1,10
D,DISPATCH,UNIT_SCADA,1,"2019/08/21 22:35:00",HPRL1,0
D,DISPATCH,UNIT_SCADA,1,"2019/08/21 22:35:00",HUMENSW,0
D,DISPATCH,UNIT_SCADA,1,"2019/08/21 22:35:00",HUMEV,11.10
D,DISPATCH,UNIT_SCADA,1,"2019/08/21 22:35:00",HVGTS,0
D,DISPATCH,UNIT_SCADA,1,"2019/08/21 22:35:00",JBUTTERS,139.37
D,DISPATCH,UNIT_SCADA,1,"2019/08/21 22:35:00",JLA01,0.50
D,DISPATCH,UNIT_SCADA,1,"2019/08/21 22:35:00",JLA02,0
D,DISPATCH,UNIT_SCADA,1,"2019/08/21 22:35:00",JLA03,0.10
D,DISPATCH,UNIT_SCADA,1,"2019/08/21 22:35:00",JLA04,0.10
D,DISPATCH,UNIT_SCADA,1,"2019/08/21 22:35:00",JLB01,0
D,DISPATCH,UNIT_SCADA,1,"2019/08/21 22:35:00",JLB02,0.10
D,DISPATCH,UNIT_SCADA,1,"2019/08/21 22:35:00",JLB03,0
D,DISPATCH,UNIT_SCADA,1,"2019/08/21 22:35:00",KAREEYA1,21.5425
D,DISPATCH,UNIT_SCADA,1,"2019/08/21 22:35:00",KAREEYA2,21.7475
D,DISPATCH,UNIT_SCADA,1,"2019/08/21 22:35:00",KAREEYA3,0
D,DISPATCH,UNIT_SCADA,1,"2019/08/21 22:35:00",KAREEYA4,21.6825
D,DISPATCH,UNIT_SCADA,1,"2019/08/21 22:35:00",KARSF1,0
D,DISPATCH,UNIT_SCADA,1,"2019/08/21 22:35:00",KIATAWF1,30.80
D,DISPATCH,UNIT_SCADA,1,"2019/08/21 22:35:00",KPP_1,0
D,DISPATCH,UNIT_SCADA,1,"2019/08/21 22:35:00",KSP1,0
D,DISPATCH,UNIT_SCADA,1,"2019/08/21 22:35:00",LADBROK1,0
D,DISPATCH,UNIT_SCADA,1,"2019/08/21 22:35:00",LADBROK2,0
D,DISPATCH,UNIT_SCADA,1,"2019/08/21 22:35:00",LD01,415.087460
D,DISPATCH,UNIT_SCADA,1,"2019/08/21 22:35:00",LD02,417.675020
D,DISPATCH,UNIT_SCADA,1,"2019/08/21 22:35:00",LD03,415.368710
D,DISPATCH,UNIT_SCADA,1,"2019/08/21 22:35:00",LD04,374.850040
D,DISPATCH,UNIT_SCADA,1,"2019/08/21 22:35:00",LEM_WIL,86.123050
D,DISPATCH,UNIT_SCADA,1,"2019/08/21 22:35:00",LGAPWF1,26.29
D,DISPATCH,UNIT_SCADA,1,"2019/08/21 22:35:00",LILYSF1,0
D,DISPATCH,UNIT_SCADA,1,"2019/08/21 22:35:00",LI_WY_CA,148.683580
D,DISPATCH,UNIT_SCADA,1,"2019/08/21 22:35:00",LKBONNY2,152.176880
D,DISPATCH,UNIT_SCADA,1,"2019/08/21 22:35:00",LKBONNY3,35.056220
D,DISPATCH,UNIT_SCADA,1,"2019/08/21 22:35:00",LK_ECHO,0
D,DISPATCH,UNIT_SCADA,1,"2019/08/21 22:35:00",LNGS1,0
D,DISPATCH,UNIT_SCADA,1,"2019/08/21 22:35:00",LNGS2,0
D,DISPATCH,UNIT_SCADA,1,"2019/08/21 22:35:00",LONSDALE,0
D,DISPATCH,UNIT_SCADA,1,"2019/08/21 22:35:00",LOYYB1,536.088620
D,DISPATCH,UNIT_SCADA,1,"2019/08/21 22:35:00",LOYYB2,580.8266
D,DISPATCH,UNIT_SCADA,1,"2019/08/21 22:35:00",LYA1,559
D,DISPATCH,UNIT_SCADA,1,"2019/08/21 22:35:00",LYA2,0
D,DISPATCH,UNIT_SCADA,1,"2019/08/21 22:35:00",LYA3,563
D,DISPATCH,UNIT_SCADA,1,"2019/08/21 22:35:00",LYA4,530
D,DISPATCH,UNIT_SCADA,1,"2019/08/21 22:35:00",MACARTH1,394.790890
D,DISPATCH,UNIT_SCADA,1,"2019/08/21 22:35:00",MACKAYGT,0
D,DISPATCH,UNIT_SCADA,1,"2019/08/21 22:35:00",MACKNTSH,85.210010
D,DISPATCH,UNIT_SCADA,1,"2019/08/21 22:35:00",MANSLR1,0
D,DISPATCH,UNIT_SCADA,1,"2019/08/21 22:35:00",MCKAY1,0.02
D,DISPATCH,UNIT_SCADA,1,"2019/08/21 22:35:00",MEADOWBK,34.095940
D,DISPATCH,UNIT_SCADA,1,"2019/08/21 22:35:00",MERCER01,125.2990
D,DISPATCH,UNIT_SCADA,1,"2019/08/21 22:35:00",MEWF1,61.3335
D,DISPATCH,UNIT_SCADA,1,"2019/08/21 22:35:00",MINTARO,0
D,DISPATCH,UNIT_SCADA,1,"2019/08/21 22:35:00",MOREESF1,0
D,DISPATCH,UNIT_SCADA,1,"2019/08/21 22:35:00",MORTLK11,0
D,DISPATCH,UNIT_SCADA,1,"2019/08/21 22:35:00",MORTLK12,0
D,DISPATCH,UNIT_SCADA,1,"2019/08/21 22:35:00",MP1,276.424930
D,DISPATCH,UNIT_SCADA,1,"2019/08/21 22:35:00",MP2,0
D,DISPATCH,UNIT_SCADA,1,"2019/08/21 22:35:00",MPP_1,338.50
D,DISPATCH,UNIT_SCADA,1,"2019/08/21 22:35:00",MPP_2,422.75
D,DISPATCH,UNIT_SCADA,1,"2019/08/21 22:35:00",MSTUART1,0
D,DISPATCH,UNIT_SCADA,1,"2019/08/21 22:35:00",MSTUART2,0
D,DISPATCH,UNIT_SCADA,1,"2019/08/21 22:35:00",MSTUART3,0
D,DISPATCH,UNIT_SCADA,1,"2019/08/21 22:35:00",MTGELWF1,64.746540
D,DISPATCH,UNIT_SCADA,1,"2019/08/21 22:35:00",MURRAY,0
D,DISPATCH,UNIT_SCADA,1,"2019/08/21 22:35:00",MUSSELR1,160.100010
D,DISPATCH,UNIT_SCADA,1,"2019/08/21 22:35:00",MUWAWF1,50.72
D,DISPATCH,UNIT_SCADA,1,"2019/08/21 22:35:00",NBHWF1,44.40
D,DISPATCH,UNIT_SCADA,1,"2019/08/21 22:35:00",NPS,0
D,DISPATCH,UNIT_SCADA,1,"2019/08/21 22:35:00",NUMURSF1,0
D,DISPATCH,UNIT_SCADA,1,"2019/08/21 22:35:00",NYNGAN1,0
D,DISPATCH,UNIT_SCADA,1,"2019/08/21 22:35:00",OAKEY1,0
D,DISPATCH,UNIT_SCADA,1,"2019/08/21 22:35:00",OAKEY1SF,0
D,DISPATCH,UNIT_SCADA,1,"2019/08/21 22:35:00",OAKEY2,0
D,DISPATCH,UNIT_SCADA,1,"2019/08/21 22:35:00",OAKLAND1,61.60
D,DISPATCH,UNIT_SCADA,1,"2019/08/21 22:35:00",OSB-AG,0
D,DISPATCH,UNIT_SCADA,1,"2019/08/21 22:35:00",PARSF1,0
D,DISPATCH,UNIT_SCADA,1,"2019/08/21 22:35:00",POAT110,0
D,DISPATCH,UNIT_SCADA,1,"2019/08/21 22:35:00",POAT220,1.13
D,DISPATCH,UNIT_SCADA,1,"2019/08/21 22:35:00",POR01,0
D,DISPATCH,UNIT_SCADA,1,"2019/08/21 22:35:00",POR03,0
D,DISPATCH,UNIT_SCADA,1,"2019/08/21 22:35:00",PPCCGT,354.079380
D,DISPATCH,UNIT_SCADA,1,"2019/08/21 22:35:00",PTSTAN1,0
D,DISPATCH,UNIT_SCADA,1,"2019/08/21 22:35:00",PUMP1,0
D,DISPATCH,UNIT_SCADA,1,"2019/08/21 22:35:00",PUMP2,0
D,DISPATCH,UNIT_SCADA,1,"2019/08/21 22:35:00",QPS1,0
D,DISPATCH,UNIT_SCADA,1,"2019/08/21 22:35:00",QPS2,0
D,DISPATCH,UNIT_SCADA,1,"2019/08/21 22:35:00",QPS3,0
D,DISPATCH,UNIT_SCADA,1,"2019/08/21 22:35:00",QPS4,0
D,DISPATCH,UNIT_SCADA,1,"2019/08/21 22:35:00",QPS5,0
D,DISPATCH,UNIT_SCADA,1,"2019/08/21 22:35:00",REECE1,117.810010
D,DISPATCH,UNIT_SCADA,1,"2019/08/21 22:35:00",REECE2,118.720010
D,DISPATCH,UNIT_SCADA,1,"2019/08/21 22:35:00",ROMA_7,0
D,DISPATCH,UNIT_SCADA,1,"2019/08/21 22:35:00",ROMA_8,0
D,DISPATCH,UNIT_SCADA,1,"2019/08/21 22:35:00",RRSF1,0
D,DISPATCH,UNIT_SCADA,1,"2019/08/21 22:35:00",RT_NSW1,0
D,DISPATCH,UNIT_SCADA,1,"2019/08/21 22:35:00",RT_NSW2,0
D,DISPATCH,UNIT_SCADA,1,"2019/08/21 22:35:00",RT_NSW3,0
D,DISPATCH,UNIT_SCADA,1,"2019/08/21 22:35:00",RT_NSW4,0
D,DISPATCH,UNIT_SCADA,1,"2019/08/21 22:35:00",RT_NSW5,0
D,DISPATCH,UNIT_SCADA,1,"2019/08/21 22:35:00",RT_NSW6,0
D,DISPATCH,UNIT_SCADA,1,"2019/08/21 22:35:00",RT_QLD1,0
D,DISPATCH,UNIT_SCADA,1,"2019/08/21 22:35:00",RT_SA1,0
D,DISPATCH,UNIT_SCADA,1,"2019/08/21 22:35:00",RT_SA2,0
D,DISPATCH,UNIT_SCADA,1,"2019/08/21 22:35:00",RT_SA3,0
D,DISPATCH,UNIT_SCADA,1,"2019/08/21 22:35:00",RT_SA4,0
D,DISPATCH,UNIT_SCADA,1,"2019/08/21 22:35:00",RT_SA5,0
D,DISPATCH,UNIT_SCADA,1,"2019/08/21 22:35:00",RT_SA6,0
D,DISPATCH,UNIT_SCADA,1,"2019/08/21 22:35:00",RT_TAS1,0
D,DISPATCH,UNIT_SCADA,1,"2019/08/21 22:35:00",RT_VIC1,0
D,DISPATCH,UNIT_SCADA,1,"2019/08/21 22:35:00",RT_VIC10,0
D,DISPATCH,UNIT_SCADA,1,"2019/08/21 22:35:00",RT_VIC11,0
D,DISPATCH,UNIT_SCADA,1,"2019/08/21 22:35:00",RT_VIC12,0
D,DISPATCH,UNIT_SCADA,1,"2019/08/21 22:35:00",RT_VIC2,0
D,DISPATCH,UNIT_SCADA,1,"2019/08/21 22:35:00",RT_VIC3,0
D,DISPATCH,UNIT_SCADA,1,"2019/08/21 22:35:00",RT_VIC4,0
D,DISPATCH,UNIT_SCADA,1,"2019/08/21 22:35:00",RT_VIC5,0
D,DISPATCH,UNIT_SCADA,1,"2019/08/21 22:35:00",RT_VIC6,0
D,DISPATCH,UNIT_SCADA,1,"2019/08/21 22:35:00",RT_VIC7,0
D,DISPATCH,UNIT_SCADA,1,"2019/08/21 22:35:00",RT_VIC8,0
D,DISPATCH,UNIT_SCADA,1,"2019/08/21 22:35:00",RT_VIC9,0
D,DISPATCH,UNIT_SCADA,1,"2019/08/21 22:35:00",RUGBYR1,0
D,DISPATCH,UNIT_SCADA,1,"2019/08/21 22:35:00",SALTCRK1,49.92
D,DISPATCH,UNIT_SCADA,1,"2019/08/21 22:35:00",SAPHWF1,251.231260
D,DISPATCH,UNIT_SCADA,1,"2019/08/21 22:35:00",SHGEN,0
D,DISPATCH,UNIT_SCADA,1,"2019/08/21 22:35:00",SHPUMP,80.346880
D,DISPATCH,UNIT_SCADA,1,"2019/08/21 22:35:00",SITHE01,0.043330
D,DISPATCH,UNIT_SCADA,1,"2019/08/21 22:35:00",SMCSF1,0
D,DISPATCH,UNIT_SCADA,1,"2019/08/21 22:35:00",SNOWNTH1,127.20
D,DISPATCH,UNIT_SCADA,1,"2019/08/21 22:35:00",SNOWSTH1,94.70
D,DISPATCH,UNIT_SCADA,1,"2019/08/21 22:35:00",SNOWTWN1,84.339940
D,DISPATCH,UNIT_SCADA,1,"2019/08/21 22:35:00",SNOWYP,0
D,DISPATCH,UNIT_SCADA,1,"2019/08/21 22:35:00",SNUG1,0.019440
D,DISPATCH,UNIT_SCADA,1,"2019/08/21 22:35:00",SRSF1,0.44
D,DISPATCH,UNIT_SCADA,1,"2019/08/21 22:35:00",STAN-1,0
D,DISPATCH,UNIT_SCADA,1,"2019/08/21 22:35:00",STAN-2,281.017460
D,DISPATCH,UNIT_SCADA,1,"2019/08/21 22:35:00",STAN-3,282.222320
D,DISPATCH,UNIT_SCADA,1,"2019/08/21 22:35:00",STAN-4,281.363530
D,DISPATCH,UNIT_SCADA,1,"2019/08/21 22:35:00",STWF1,154.091260
D,DISPATCH,UNIT_SCADA,1,"2019/08/21 22:35:00",SWAN_E,0
D,DISPATCH,UNIT_SCADA,1,"2019/08/21 22:35:00",TALWA1,190
D,DISPATCH,UNIT_SCADA,1,"2019/08/21 22:35:00",TARALGA1,98.433760
D,DISPATCH,UNIT_SCADA,1,"2019/08/21 22:35:00",TARONG#1,281.700010
D,DISPATCH,UNIT_SCADA,1,"2019/08/21 22:35:00",TARONG#2,282.300020
D,DISPATCH,UNIT_SCADA,1,"2019/08/21 22:35:00",TARONG#3,260.399990
D,DISPATCH,UNIT_SCADA,1,"2019/08/21 22:35:00",TARONG#4,280.100010
D,DISPATCH,UNIT_SCADA,1,"2019/08/21 22:35:00",TARRALEA,84
D,DISPATCH,UNIT_SCADA,1,"2019/08/21 22:35:00",TBSF1,-0.20
D,DISPATCH,UNIT_SCADA,1,"2019/08/21 22:35:00",TNPS1,442.000030
D,DISPATCH,UNIT_SCADA,1,"2019/08/21 22:35:00",TORRA1,50.384950
D,DISPATCH,UNIT_SCADA,1,"2019/08/21 22:35:00",TORRA2,0
D,DISPATCH,UNIT_SCADA,1,"2019/08/21 22:35:00",TORRA3,0
D,DISPATCH,UNIT_SCADA,1,"2019/08/21 22:35:00",TORRA4,0
D,DISPATCH,UNIT_SCADA,1,"2019/08/21 22:35:00",TORRB1,58.57
D,DISPATCH,UNIT_SCADA,1,"2019/08/21 22:35:00",TORRB2,59.08
D,DISPATCH,UNIT_SCADA,1,"2019/08/21 22:35:00",TORRB3,0
D,DISPATCH,UNIT_SCADA,1,"2019/08/21 22:35:00",TORRB4,0
D,DISPATCH,UNIT_SCADA,1,"2019/08/21 22:35:00",TREVALLN,69.790020
D,DISPATCH,UNIT_SCADA,1,"2019/08/21 22:35:00",TRIBUTE,84.66
D,DISPATCH,UNIT_SCADA,1,"2019/08/21 22:35:00",TUMUT3,0
D,DISPATCH,UNIT_SCADA,1,"2019/08/21 22:35:00",TUNGATIN,124.060040
D,DISPATCH,UNIT_SCADA,1,"2019/08/21 22:35:00",TVCC201,0
D,DISPATCH,UNIT_SCADA,1,"2019/08/21 22:35:00",TVPP104,0
D,DISPATCH,UNIT_SCADA,1,"2019/08/21 22:35:00",UPPTUMUT,0
D,DISPATCH,UNIT_SCADA,1,"2019/08/21 22:35:00",URANQ11,0
D,DISPATCH,UNIT_SCADA,1,"2019/08/21 22:35:00",URANQ12,0
D,DISPATCH,UNIT_SCADA,1,"2019/08/21 22:35:00",URANQ13,0
D,DISPATCH,UNIT_SCADA,1,"2019/08/21 22:35:00",URANQ14,0
D,DISPATCH,UNIT_SCADA,1,"2019/08/21 22:35:00",VP5,397.449980
D,DISPATCH,UNIT_SCADA,1,"2019/08/21 22:35:00",VP6,396.50
D,DISPATCH,UNIT_SCADA,1,"2019/08/21 22:35:00",VPGS1,0
D,DISPATCH,UNIT_SCADA,1,"2019/08/21 22:35:00",VPGS2,0
D,DISPATCH,UNIT_SCADA,1,"2019/08/21 22:35:00",VPGS3,0
D,DISPATCH,UNIT_SCADA,1,"2019/08/21 22:35:00",VPGS4,0
D,DISPATCH,UNIT_SCADA,1,"2019/08/21 22:35:00",VPGS5,0
D,DISPATCH,UNIT_SCADA,1,"2019/08/21 22:35:00",VPGS6,0
D,DISPATCH,UNIT_SCADA,1,"2019/08/21 22:35:00",W/HOE#1,0
D,DISPATCH,UNIT_SCADA,1,"2019/08/21 22:35:00",W/HOE#2,0
D,DISPATCH,UNIT_SCADA,1,"2019/08/21 22:35:00",WATERLWF,94.70
D,DISPATCH,UNIT_SCADA,1,"2019/08/21 22:35:00",WEMENSF1,0
D,DISPATCH,UNIT_SCADA,1,"2019/08/21 22:35:00",WGWF1,53
D,DISPATCH,UNIT_SCADA,1,"2019/08/21 22:35:00",WHITSF1,0
D,DISPATCH,UNIT_SCADA,1,"2019/08/21 22:35:00",WKIEWA1,29.80
D,DISPATCH,UNIT_SCADA,1,"2019/08/21 22:35:00",WKIEWA2,30
D,DISPATCH,UNIT_SCADA,1,"2019/08/21 22:35:00",WOODLWN1,45.1980
D,DISPATCH,UNIT_SCADA,1,"2019/08/21 22:35:00",WRSF1,0
D,DISPATCH,UNIT_SCADA,1,"2019/08/21 22:35:00",WRWF1,156.378750
D,DISPATCH,UNIT_SCADA,1,"2019/08/21 22:35:00",YABULU,0
D,DISPATCH,UNIT_SCADA,1,"2019/08/21 22:35:00",YABULU2,0
D,DISPATCH,UNIT_SCADA,1,"2019/08/21 22:35:00",YARWUN_1,0
D,DISPATCH,UNIT_SCADA,1,"2019/08/21 22:35:00",YENDWF1,41.93
D,DISPATCH,UNIT_SCADA,1,"2019/08/21 22:35:00",YWPS1,375.6886
D,DISPATCH,UNIT_SCADA,1,"2019/08/21 22:35:00",YWPS2,278.693660
D,DISPATCH,UNIT_SCADA,1,"2019/08/21 22:35:00",YWPS3,0
D,DISPATCH,UNIT_SCADA,1,"2019/08/21 22:35:00",YWPS4,392.415190
C,"END OF REPORT",334
