C,NEMP.WORLD,DISPATCHSCADA,AEMO,PUBLIC,2019/08/21,08:30:10,0000000311818600,DISPATCHSCADA,0000000311818594
I,DISPATCH,UNIT_SCADA,1,SETTLEMENTDATE,DUID,SCADAVALUE
D,DISPATCH,UNIT_SCADA,1,"2019/08/21 08:35:00",BARCSF1,17.800001
D,DISPATCH,UNIT_SCADA,1,"2019/08/21 08:35:00",BUTLERSG,9.699999
D,DISPATCH,UNIT_SCADA,1,"2019/08/21 08:35:00",CALL_A_4,0
D,DISPATCH,UNIT_SCADA,1,"2019/08/21 08:35:00",CAPTL_WF,131.268005
D,DISPATCH,UNIT_SCADA,1,"2019/08/21 08:35:00",CATHROCK,35.809998
D,DISPATCH,UNIT_SCADA,1,"2019/08/21 08:35:00",CHALLHWF,26.299999
D,DISPATCH,UNIT_SCADA,1,"2019/08/21 08:35:00",CLOVER,-0.01
D,DISPATCH,UNIT_SCADA,1,"2019/08/21 08:35:00",CLUNY,20.216526
D,DISPATCH,UNIT_SCADA,1,"2019/08/21 08:35:00",CNUNDAWF,37.543797
D,DISPATCH,UNIT_SCADA,1,"2019/08/21 08:35:00",CULLRGWF,30.50
D,DISPATCH,UNIT_SCADA,1,"2019/08/21 08:35:00",ERGT01,0
D,DISPATCH,UNIT_SCADA,1,"2019/08/21 08:35:00",GB01,0.057713
D,DISPATCH,UNIT_SCADA,1,"2019/08/21 08:35:00",GERMCRK,39
D,DISPATCH,UNIT_SCADA,1,"2019/08/21 08:35:00",GRIFSF1,23.699997
D,DISPATCH,UNIT_SCADA,1,"2019/08/21 08:35:00",HUGSF1,8.9490
D,DISPATCH,UNIT_SCADA,1,"2019/08/21 08:35:00",LKBONNY1,68.053734
D,DISPATCH,UNIT_SCADA,1,"2019/08/21 08:35:00",LRSF1,12.990001
D,DISPATCH,UNIT_SCADA,1,"2019/08/21 08:35:00",MBAHNTH,55.856247
D,DISPATCH,UNIT_SCADA,1,"2019/08/21 08:35:00",MLSP1,5.888001
D,DISPATCH,UNIT_SCADA,1,"2019/08/21 08:35:00",MLWF1,19.65
D,DISPATCH,UNIT_SCADA,1,"2019/08/21 08:35:00",MTMILLAR,17.241518
D,DISPATCH,UNIT_SCADA,1,"2019/08/21 08:35:00",PALOONA,26.809999
D,DISPATCH,UNIT_SCADA,1,"2019/08/21 08:35:00",PIONEER,49.299999
D,DISPATCH,UNIT_SCADA,1,"2019/08/21 08:35:00",PORTWF,129.800003
D,DISPATCH,UNIT_SCADA,1,"2019/08/21 08:35:00",REPULSE,28.867018
D,DISPATCH,UNIT_SCADA,1,"2019/08/21 08:35:00",ROWALLAN,10.2666
D,DISPATCH,UNIT_SCADA,1,"2019/08/21 08:35:00",ROYALLA1,4.1390
D,DISPATCH,UNIT_SCADA,1,"2019/08/21 08:35:00",RPCG,10.70
D,DISPATCH,UNIT_SCADA,1,"2019/08/21 08:35:00",RUBICON,0
D,DISPATCH,UNIT_SCADA,1,"2019/08/21 08:35:00",SATGN1,0
D,DISPATCH,UNIT_SCADA,1,"2019/08/21 08:35:00",SATGS1,0
D,DISPATCH,UNIT_SCADA,1,"2019/08/21 08:35:00",STARHLWF,5.398426
D,DISPATCH,UNIT_SCADA,1,"2019/08/21 08:35:00",WAUBRAWF,180.955994
D,DISPATCH,UNIT_SCADA,1,"2019/08/21 08:35:00",WOOLNTH1,69.540016
D,DISPATCH,UNIT_SCADA,1,"2019/08/21 08:35:00",WPWF,22
D,DISPATCH,UNIT_SCADA,1,"2019/08/21 08:35:00",YAMBUKWF,29.60
D,DISPATCH,UNIT_SCADA,1,"2019/08/21 08:35:00",YSWF1,28.60
D,DISPATCH,UNIT_SCADA,1,"2019/08/21 08:35:00",AGLHAL,0
D,DISPATCH,UNIT_SCADA,1,"2019/08/21 08:35:00",AGLSOM,0
D,DISPATCH,UNIT_SCADA,1,"2019/08/21 08:35:00",ANGAST1,0
D,DISPATCH,UNIT_SCADA,1,"2019/08/21 08:35:00",ARWF1,132
D,DISPATCH,UNIT_SCADA,1,"2019/08/21 08:35:00",BALBG1,4.53
D,DISPATCH,UNIT_SCADA,1,"2019/08/21 08:35:00",BALBL1,0
D,DISPATCH,UNIT_SCADA,1,"2019/08/21 08:35:00",BALDHWF1,100.705990
D,DISPATCH,UNIT_SCADA,1,"2019/08/21 08:35:00",BANN1,14.46
D,DISPATCH,UNIT_SCADA,1,"2019/08/21 08:35:00",BARCALDN,0
D,DISPATCH,UNIT_SCADA,1,"2019/08/21 08:35:00",BARRON-1,0
D,DISPATCH,UNIT_SCADA,1,"2019/08/21 08:35:00",BARRON-2,28.76
D,DISPATCH,UNIT_SCADA,1,"2019/08/21 08:35:00",BASTYAN,79.320010
D,DISPATCH,UNIT_SCADA,1,"2019/08/21 08:35:00",BBTHREE1,-1.86
D,DISPATCH,UNIT_SCADA,1,"2019/08/21 08:35:00",BBTHREE2,-1.91
D,DISPATCH,UNIT_SCADA,1,"2019/08/21 08:35:00",BBTHREE3,-1.02
D,DISPATCH,UNIT_SCADA,1,"2019/08/21 08:35:00",BDL01,42.72
D,DISPATCH,UNIT_SCADA,1,"2019/08/21 08:35:00",BDL02,42.66
D,DISPATCH,UNIT_SCADA,1,"2019/08/21 08:35:00",BERYLSF1,7.691340
D,DISPATCH,UNIT_SCADA,1,"2019/08/21 08:35:00",BLOWERNG,0
D,DISPATCH,UNIT_SCADA,1,"2019/08/21 08:35:00",BLUFF1,27.60
D,DISPATCH,UNIT_SCADA,1,"2019/08/21 08:35:00",BNGSF1,42.17
D,DISPATCH,UNIT_SCADA,1,"2019/08/21 08:35:00",BNGSF2,13.49
D,DISPATCH,UNIT_SCADA,1,"2019/08/21 08:35:00",BOCORWF1,37.51
D,DISPATCH,UNIT_SCADA,1,"2019/08/21 08:35:00",BODWF1,65.990010
D,DISPATCH,UNIT_SCADA,1,"2019/08/21 08:35:00",BRAEMAR1,0
D,DISPATCH,UNIT_SCADA,1,"2019/08/21 08:35:00",BRAEMAR2,0
D,DISPATCH,UNIT_SCADA,1,"2019/08/21 08:35:00",BRAEMAR3,0
D,DISPATCH,UNIT_SCADA,1,"2019/08/21 08:35:00",BRAEMAR5,0
D,DISPATCH,UNIT_SCADA,1,"2019/08/21 08:35:00",BRAEMAR6,0
D,DISPATCH,UNIT_SCADA,1,"2019/08/21 08:35:00",BRAEMAR7,0
D,DISPATCH,UNIT_SCADA,1,"2019/08/21 08:35:00",BROKENH1,21.196290
D,DISPATCH,UNIT_SCADA,1,"2019/08/21 08:35:00",BW01,643.6250
D,DISPATCH,UNIT_SCADA,1,"2019/08/21 08:35:00",BW02,636.1250
D,DISPATCH,UNIT_SCADA,1,"2019/08/21 08:35:00",BW03,650.949950
D,DISPATCH,UNIT_SCADA,1,"2019/08/21 08:35:00",BW04,0
D,DISPATCH,UNIT_SCADA,1,"2019/08/21 08:35:00",CALL_B_1,349.800020
D,DISPATCH,UNIT_SCADA,1,"2019/08/21 08:35:00",CALL_B_2,284.800020
D,DISPATCH,UNIT_SCADA,1,"2019/08/21 08:35:00",CETHANA,80.9405
D,DISPATCH,UNIT_SCADA,1,"2019/08/21 08:35:00",CG1,0
D,DISPATCH,UNIT_SCADA,1,"2019/08/21 08:35:00",CG2,0
D,DISPATCH,UNIT_SCADA,1,"2019/08/21 08:35:00",CG3,0
D,DISPATCH,UNIT_SCADA,1,"2019/08/21 08:35:00",CG4,0
D,DISPATCH,UNIT_SCADA,1,"2019/08/21 08:35:00",CHILDSF1,40.04
D,DISPATCH,UNIT_SCADA,1,"2019/08/21 08:35:00",CLARESF1,41.179130
D,DISPATCH,UNIT_SCADA,1,"2019/08/21 08:35:00",CLEMGPWF,0.216110
D,DISPATCH,UNIT_SCADA,1,"2019/08/21 08:35:00",CLERMSF1,15.04
D,DISPATCH,UNIT_SCADA,1,"2019/08/21 08:35:00",COLEASF1,95
D,DISPATCH,UNIT_SCADA,1,"2019/08/21 08:35:00",COOPGWF1,34.935350
D,DISPATCH,UNIT_SCADA,1,"2019/08/21 08:35:00",CPP_3,393.25
D,DISPATCH,UNIT_SCADA,1,"2019/08/21 08:35:00",CPP_4,407.274990
D,DISPATCH,UNIT_SCADA,1,"2019/08/21 08:35:00",CPSA,143.7375
D,DISPATCH,UNIT_SCADA,1,"2019/08/21 08:35:00",CROOKWF2,87.003750
D,DISPATCH,UNIT_SCADA,1,"2019/08/21 08:35:00",CROWLWF1,34.732030
D,DISPATCH,UNIT_SCADA,1,"2019/08/21 08:35:00",CSPVPS1,21.6590
D,DISPATCH,UNIT_SCADA,1,"2019/08/21 08:35:00",DALNTH01,0
D,DISPATCH,UNIT_SCADA,1,"2019/08/21 08:35:00",DALNTHL1,0.080870
D,DISPATCH,UNIT_SCADA,1,"2019/08/21 08:35:00",DARTM1,134.50
D,DISPATCH,UNIT_SCADA,1,"2019/08/21 08:35:00",DAYDSF1,111.664010
D,DISPATCH,UNIT_SCADA,1,"2019/08/21 08:35:00",DDPS1,0
D,DISPATCH,UNIT_SCADA,1,"2019/08/21 08:35:00",DDSF1,69.914630
D,DISPATCH,UNIT_SCADA,1,"2019/08/21 08:35:00",DEVILS_G,0
D,DISPATCH,UNIT_SCADA,1,"2019/08/21 08:35:00",DG_NSW1,0
D,DISPATCH,UNIT_SCADA,1,"2019/08/21 08:35:00",DG_QLD1,0
D,DISPATCH,UNIT_SCADA,1,"2019/08/21 08:35:00",DG_SA1,0
D,DISPATCH,UNIT_SCADA,1,"2019/08/21 08:35:00",DG_TAS1,0
D,DISPATCH,UNIT_SCADA,1,"2019/08/21 08:35:00",DG_VIC1,0
D,DISPATCH,UNIT_SCADA,1,"2019/08/21 08:35:00",DRYCGT1,0
D,DISPATCH,UNIT_SCADA,1,"2019/08/21 08:35:00",DRYCGT2,0
D,DISPATCH,UNIT_SCADA,1,"2019/08/21 08:35:00",DRYCGT3,0
D,DISPATCH,UNIT_SCADA,1,"2019/08/21 08:35:00",EILDON1,0
D,DISPATCH,UNIT_SCADA,1,"2019/08/21 08:35:00",EILDON2,0
D,DISPATCH,UNIT_SCADA,1,"2019/08/21 08:35:00",EMERASF1,56.88
D,DISPATCH,UNIT_SCADA,1,"2019/08/21 08:35:00",ER01,588.099980
D,DISPATCH,UNIT_SCADA,1,"2019/08/21 08:35:00",ER02,663.2749
D,DISPATCH,UNIT_SCADA,1,"2019/08/21 08:35:00",ER03,697.900020
D,DISPATCH,UNIT_SCADA,1,"2019/08/21 08:35:00",ER04,662.075070
D,DISPATCH,UNIT_SCADA,1,"2019/08/21 08:35:00",FINLYSF1,0.285190
D,DISPATCH,UNIT_SCADA,1,"2019/08/21 08:35:00",FISHER,45.94
D,DISPATCH,UNIT_SCADA,1,"2019/08/21 08:35:00",GANNBG1,18.707810
D,DISPATCH,UNIT_SCADA,1,"2019/08/21 08:35:00",GANNBL1,0
D,DISPATCH,UNIT_SCADA,1,"2019/08/21 08:35:00",GANNSF1,10
D,DISPATCH,UNIT_SCADA,1,"2019/08/21 08:35:00",GORDON,124.103280
D,DISPATCH,UNIT_SCADA,1,"2019/08/21 08:35:00",GSTONE1,207.3750
D,DISPATCH,UNIT_SCADA,1,"2019/08/21 08:35:00",GSTONE2,179.724990
D,DISPATCH,UNIT_SCADA,1,"2019/08/21 08:35:00",GSTONE3,207.724990
D,DISPATCH,UNIT_SCADA,1,"2019/08/21 08:35:00",GSTONE4,208.774990
D,DISPATCH,UNIT_SCADA,1,"2019/08/21 08:35:00",GSTONE5,207.20
D,DISPATCH,UNIT_SCADA,1,"2019/08/21 08:35:00",GSTONE6,0
D,DISPATCH,UNIT_SCADA,1,"2019/08/21 08:35:00",GULLRSF1,3.655550
D,DISPATCH,UNIT_SCADA,1,"2019/08/21 08:35:00",GULLRWF1,161.551480
D,DISPATCH,UNIT_SCADA,1,"2019/08/21 08:35:00",GUNNING1,45.017810
D,DISPATCH,UNIT_SCADA,1,"2019/08/21 08:35:00",GUTHEGA,0
D,DISPATCH,UNIT_SCADA,1,"2019/08/21 08:35:00",HALLWF1,60.25
D,DISPATCH,UNIT_SCADA,1,"2019/08/21 08:35:00",HALLWF2,47.37
D,DISPATCH,UNIT_SCADA,1,"2019/08/21 08:35:00",HAMISF1,45.20
D,DISPATCH,UNIT_SCADA,1,"2019/08/21 08:35:00",HAUGHT11,50.032640
D,DISPATCH,UNIT_SCADA,1,"2019/08/21 08:35:00",HAYMSF1,40.4430
D,DISPATCH,UNIT_SCADA,1,"2019/08/21 08:35:00",HDWF1,51.30
D,DISPATCH,UNIT_SCADA,1,"2019/08/21 08:35:00",HDWF2,33.30
D,DISPATCH,UNIT_SCADA,1,"2019/08/21 08:35:00",HDWF3,51.50
D,DISPATCH,UNIT_SCADA,1,"2019/08/21 08:35:00",HPRG1,30
D,DISPATCH,UNIT_SCADA,1,"2019/08/21 08:35:00",HPRL1,0
D,DISPATCH,UNIT_SCADA,1,"2019/08/21 08:35:00",HUMENSW,0
D,DISPATCH,UNIT_SCADA,1,"2019/08/21 08:35:00",HUMEV,9.30
D,DISPATCH,UNIT_SCADA,1,"2019/08/21 08:35:00",HVGTS,0
D,DISPATCH,UNIT_SCADA,1,"2019/08/21 08:35:00",JBUTTERS,46.65
D,DISPATCH,UNIT_SCADA,1,"2019/08/21 08:35:00",JLA01,0.50
D,DISPATCH,UNIT_SCADA,1,"2019/08/21 08:35:00",JLA02,0
D,DISPATCH,UNIT_SCADA,1,"2019/08/21 08:35:00",JLA03,0.10
D,DISPATCH,UNIT_SCADA,1,"2019/08/21 08:35:00",JLA04,0.10
D,DISPATCH,UNIT_SCADA,1,"2019/08/21 08:35:00",JLB01,0
D,DISPATCH,UNIT_SCADA,1,"2019/08/21 08:35:00",JLB02,84.70
D,DISPATCH,UNIT_SCADA,1,"2019/08/21 08:35:00",JLB03,0
D,DISPATCH,UNIT_SCADA,1,"2019/08/21 08:35:00",KAREEYA1,21.4875
D,DISPATCH,UNIT_SCADA,1,"2019/08/21 08:35:00",KAREEYA2,21.6525
D,DISPATCH,UNIT_SCADA,1,"2019/08/21 08:35:00",KAREEYA3,0
D,DISPATCH,UNIT_SCADA,1,"2019/08/21 08:35:00",KAREEYA4,21.7025
D,DISPATCH,UNIT_SCADA,1,"2019/08/21 08:35:00",KARSF1,12.50
D,DISPATCH,UNIT_SCADA,1,"2019/08/21 08:35:00",KIATAWF1,30.60
D,DISPATCH,UNIT_SCADA,1,"2019/08/21 08:35:00",KPP_1,0
D,DISPATCH,UNIT_SCADA,1,"2019/08/21 08:35:00",KSP1,43.86
D,DISPATCH,UNIT_SCADA,1,"2019/08/21 08:35:00",LADBROK1,42.36
D,DISPATCH,UNIT_SCADA,1,"2019/08/21 08:35:00",LADBROK2,43.05
D,DISPATCH,UNIT_SCADA,1,"2019/08/21 08:35:00",LD01,416.6250
D,DISPATCH,UNIT_SCADA,1,"2019/08/21 08:35:00",LD02,416.681210
D,DISPATCH,UNIT_SCADA,1,"2019/08/21 08:35:00",LD03,419.9437
D,DISPATCH,UNIT_SCADA,1,"2019/08/21 08:35:00",LD04,380.606230
D,DISPATCH,UNIT_SCADA,1,"2019/08/21 08:35:00",LEM_WIL,86.108750
D,DISPATCH,UNIT_SCADA,1,"2019/08/21 08:35:00",LGAPWF1,8.45
D,DISPATCH,UNIT_SCADA,1,"2019/08/21 08:35:00",LILYSF1,92.798970
D,DISPATCH,UNIT_SCADA,1,"2019/08/21 08:35:00",LI_WY_CA,147.925310
D,DISPATCH,UNIT_SCADA,1,"2019/08/21 08:35:00",LKBONNY2,112.467510
D,DISPATCH,UNIT_SCADA,1,"2019/08/21 08:35:00",LKBONNY3,31.651080
D,DISPATCH,UNIT_SCADA,1,"2019/08/21 08:35:00",LK_ECHO,0
D,DISPATCH,UNIT_SCADA,1,"2019/08/21 08:35:00",LNGS1,0
D,DISPATCH,UNIT_SCADA,1,"2019/08/21 08:35:00",LNGS2,0
D,DISPATCH,UNIT_SCADA,1,"2019/08/21 08:35:00",LONSDALE,0
D,DISPATCH,UNIT_SCADA,1,"2019/08/21 08:35:00",LOYYB1,536.088620
D,DISPATCH,UNIT_SCADA,1,"2019/08/21 08:35:00",LOYYB2,582.330380
D,DISPATCH,UNIT_SCADA,1,"2019/08/21 08:35:00",LYA1,500
D,DISPATCH,UNIT_SCADA,1,"2019/08/21 08:35:00",LYA2,0
D,DISPATCH,UNIT_SCADA,1,"2019/08/21 08:35:00",LYA3,561
D,DISPATCH,UNIT_SCADA,1,"2019/08/21 08:35:00",LYA4,531
D,DISPATCH,UNIT_SCADA,1,"2019/08/21 08:35:00",MACARTH1,277.993590
D,DISPATCH,UNIT_SCADA,1,"2019/08/21 08:35:00",MACKAYGT,0
D,DISPATCH,UNIT_SCADA,1,"2019/08/21 08:35:00",MACKNTSH,25.71
D,DISPATCH,UNIT_SCADA,1,"2019/08/21 08:35:00",MANSLR1,2.8850
D,DISPATCH,UNIT_SCADA,1,"2019/08/21 08:35:00",MCKAY1,0.02
D,DISPATCH,UNIT_SCADA,1,"2019/08/21 08:35:00",MEADOWBK,33.924460
D,DISPATCH,UNIT_SCADA,1,"2019/08/21 08:35:00",MERCER01,127.625990
D,DISPATCH,UNIT_SCADA,1,"2019/08/21 08:35:00",MEWF1,98.070530
D,DISPATCH,UNIT_SCADA,1,"2019/08/21 08:35:00",MINTARO,0
D,DISPATCH,UNIT_SCADA,1,"2019/08/21 08:35:00",MOREESF1,50.2580
D,DISPATCH,UNIT_SCADA,1,"2019/08/21 08:35:00",MORTLK11,0
D,DISPATCH,UNIT_SCADA,1,"2019/08/21 08:35:00",MORTLK12,0
D,DISPATCH,UNIT_SCADA,1,"2019/08/21 08:35:00",MP1,278.974980
D,DISPATCH,UNIT_SCADA,1,"2019/08/21 08:35:00",MP2,0
D,DISPATCH,UNIT_SCADA,1,"2019/08/21 08:35:00",MPP_1,249.50
D,DISPATCH,UNIT_SCADA,1,"2019/08/21 08:35:00",MPP_2,432.75
D,DISPATCH,UNIT_SCADA,1,"2019/08/21 08:35:00",MSTUART1,0
D,DISPATCH,UNIT_SCADA,1,"2019/08/21 08:35:00",MSTUART2,0
D,DISPATCH,UNIT_SCADA,1,"2019/08/21 08:35:00",MSTUART3,0
D,DISPATCH,UNIT_SCADA,1,"2019/08/21 08:35:00",MTGELWF1,64.4734
D,DISPATCH,UNIT_SCADA,1,"2019/08/21 08:35:00",MURRAY,12.047020
D,DISPATCH,UNIT_SCADA,1,"2019/08/21 08:35:00",MUSSELR1,144.899990
D,DISPATCH,UNIT_SCADA,1,"2019/08/21 08:35:00",MUWAWF1,56.22
D,DISPATCH,UNIT_SCADA,1,"2019/08/21 08:35:00",NBHWF1,64.50
D,DISPATCH,UNIT_SCADA,1,"2019/08/21 08:35:00",NPS,0
D,DISPATCH,UNIT_SCADA,1,"2019/08/21 08:35:00",NUMURSF1,21.61
D,DISPATCH,UNIT_SCADA,1,"2019/08/21 08:35:00",NYNGAN1,52
D,DISPATCH,UNIT_SCADA,1,"2019/08/21 08:35:00",OAKEY1,0
D,DISPATCH,UNIT_SCADA,1,"2019/08/21 08:35:00",OAKEY1SF,0.71
D,DISPATCH,UNIT_SCADA,1,"2019/08/21 08:35:00",OAKEY2,0
D,DISPATCH,UNIT_SCADA,1,"2019/08/21 08:35:00",OAKLAND1,61
D,DISPATCH,UNIT_SCADA,1,"2019/08/21 08:35:00",OSB-AG,0
D,DISPATCH,UNIT_SCADA,1,"2019/08/21 08:35:00",PARSF1,4.60
D,DISPATCH,UNIT_SCADA,1,"2019/08/21 08:35:00",POAT110,42.330080
D,DISPATCH,UNIT_SCADA,1,"2019/08/21 08:35:00",POAT220,171.671450
D,DISPATCH,UNIT_SCADA,1,"2019/08/21 08:35:00",POR01,0
D,DISPATCH,UNIT_SCADA,1,"2019/08/21 08:35:00",POR03,0
D,DISPATCH,UNIT_SCADA,1,"2019/08/21 08:35:00",PPCCGT,176.907730
D,DISPATCH,UNIT_SCADA,1,"2019/08/21 08:35:00",PTSTAN1,0
D,DISPATCH,UNIT_SCADA,1,"2019/08/21 08:35:00",PUMP1,0
D,DISPATCH,UNIT_SCADA,1,"2019/08/21 08:35:00",PUMP2,0
D,DISPATCH,UNIT_SCADA,1,"2019/08/21 08:35:00",QPS1,29
D,DISPATCH,UNIT_SCADA,1,"2019/08/21 08:35:00",QPS2,0
D,DISPATCH,UNIT_SCADA,1,"2019/08/21 08:35:00",QPS3,0
D,DISPATCH,UNIT_SCADA,1,"2019/08/21 08:35:00",QPS4,0
D,DISPATCH,UNIT_SCADA,1,"2019/08/21 08:35:00",QPS5,125.07
D,DISPATCH,UNIT_SCADA,1,"2019/08/21 08:35:00",REECE1,117.610010
D,DISPATCH,UNIT_SCADA,1,"2019/08/21 08:35:00",REECE2,117.110010
D,DISPATCH,UNIT_SCADA,1,"2019/08/21 08:35:00",ROMA_7,0
D,DISPATCH,UNIT_SCADA,1,"2019/08/21 08:35:00",ROMA_8,0
D,DISPATCH,UNIT_SCADA,1,"2019/08/21 08:35:00",RRSF1,97.552040
D,DISPATCH,UNIT_SCADA,1,"2019/08/21 08:35:00",RT_NSW1,0
D,DISPATCH,UNIT_SCADA,1,"2019/08/21 08:35:00",RT_NSW2,0
D,DISPATCH,UNIT_SCADA,1,"2019/08/21 08:35:00",RT_NSW3,0
D,DISPATCH,UNIT_SCADA,1,"2019/08/21 08:35:00",RT_NSW4,0
D,DISPATCH,UNIT_SCADA,1,"2019/08/21 08:35:00",RT_NSW5,0
D,DISPATCH,UNIT_SCADA,1,"2019/08/21 08:35:00",RT_NSW6,0
D,DISPATCH,UNIT_SCADA,1,"2019/08/21 08:35:00",RT_QLD1,0
D,DISPATCH,UNIT_SCADA,1,"2019/08/21 08:35:00",RT_SA1,0
D,DISPATCH,UNIT_SCADA,1,"2019/08/21 08:35:00",RT_SA2,0
D,DISPATCH,UNIT_SCADA,1,"2019/08/21 08:35:00",RT_SA3,0
D,DISPATCH,UNIT_SCADA,1,"2019/08/21 08:35:00",RT_SA4,0
D,DISPATCH,UNIT_SCADA,1,"2019/08/21 08:35:00",RT_SA5,0
D,DISPATCH,UNIT_SCADA,1,"2019/08/21 08:35:00",RT_SA6,0
D,DISPATCH,UNIT_SCADA,1,"2019/08/21 08:35:00",RT_TAS1,0
D,DISPATCH,UNIT_SCADA,1,"2019/08/21 08:35:00",RT_VIC1,0
D,DISPATCH,UNIT_SCADA,1,"2019/08/21 08:35:00",RT_VIC10,0
D,DISPATCH,UNIT_SCADA,1,"2019/08/21 08:35:00",RT_VIC11,0
D,DISPATCH,UNIT_SCADA,1,"2019/08/21 08:35:00",RT_VIC12,0
D,DISPATCH,UNIT_SCADA,1,"2019/08/21 08:35:00",RT_VIC2,0
D,DISPATCH,UNIT_SCADA,1,"2019/08/21 08:35:00",RT_VIC3,0
D,DISPATCH,UNIT_SCADA,1,"2019/08/21 08:35:00",RT_VIC4,0
D,DISPATCH,UNIT_SCADA,1,"2019/08/21 08:35:00",RT_VIC5,0
D,DISPATCH,UNIT_SCADA,1,"2019/08/21 08:35:00",RT_VIC6,0
D,DISPATCH,UNIT_SCADA,1,"2019/08/21 08:35:00",RT_VIC7,0
D,DISPATCH,UNIT_SCADA,1,"2019/08/21 08:35:00",RT_VIC8,0
D,DISPATCH,UNIT_SCADA,1,"2019/08/21 08:35:00",RT_VIC9,0
D,DISPATCH,UNIT_SCADA,1,"2019/08/21 08:35:00",RUGBYR1,45.180930
D,DISPATCH,UNIT_SCADA,1,"2019/08/21 08:35:00",SALTCRK1,52.41
D,DISPATCH,UNIT_SCADA,1,"2019/08/21 08:35:00",SAPHWF1,128.8031
D,DISPATCH,UNIT_SCADA,1,"2019/08/21 08:35:00",SHGEN,0
D,DISPATCH,UNIT_SCADA,1,"2019/08/21 08:35:00",SHPUMP,0
D,DISPATCH,UNIT_SCADA,1,"2019/08/21 08:35:00",SITHE01,0.043330
D,DISPATCH,UNIT_SCADA,1,"2019/08/21 08:35:00",SMCSF1,48.333110
D,DISPATCH,UNIT_SCADA,1,"2019/08/21 08:35:00",SNOWNTH1,46.50
D,DISPATCH,UNIT_SCADA,1,"2019/08/21 08:35:00",SNOWSTH1,56.20
D,DISPATCH,UNIT_SCADA,1,"2019/08/21 08:35:00",SNOWTWN1,32.190040
D,DISPATCH,UNIT_SCADA,1,"2019/08/21 08:35:00",SNOWYP,0
D,DISPATCH,UNIT_SCADA,1,"2019/08/21 08:35:00",SNUG1,0.019440
D,DISPATCH,UNIT_SCADA,1,"2019/08/21 08:35:00",SRSF1,35.57
D,DISPATCH,UNIT_SCADA,1,"2019/08/21 08:35:00",STAN-1,0
D,DISPATCH,UNIT_SCADA,1,"2019/08/21 08:35:00",STAN-2,282.171050
D,DISPATCH,UNIT_SCADA,1,"2019/08/21 08:35:00",STAN-3,280.5560
D,DISPATCH,UNIT_SCADA,1,"2019/08/21 08:35:00",STAN-4,278.415440
D,DISPATCH,UNIT_SCADA,1,"2019/08/21 08:35:00",STWF1,17.246250
D,DISPATCH,UNIT_SCADA,1,"2019/08/21 08:35:00",SWAN_E,0
D,DISPATCH,UNIT_SCADA,1,"2019/08/21 08:35:00",TALWA1,301
D,DISPATCH,UNIT_SCADA,1,"2019/08/21 08:35:00",TARALGA1,36.224990
D,DISPATCH,UNIT_SCADA,1,"2019/08/21 08:35:00",TARONG#1,286.100010
D,DISPATCH,UNIT_SCADA,1,"2019/08/21 08:35:00",TARONG#2,285.899990
D,DISPATCH,UNIT_SCADA,1,"2019/08/21 08:35:00",TARONG#3,259.300020
D,DISPATCH,UNIT_SCADA,1,"2019/08/21 08:35:00",TARONG#4,285.399990
D,DISPATCH,UNIT_SCADA,1,"2019/08/21 08:35:00",TARRALEA,75
D,DISPATCH,UNIT_SCADA,1,"2019/08/21 08:35:00",TBSF1,17.50
D,DISPATCH,UNIT_SCADA,1,"2019/08/21 08:35:00",TNPS1,442.000030
D,DISPATCH,UNIT_SCADA,1,"2019/08/21 08:35:00",TORRA1,77.235140
D,DISPATCH,UNIT_SCADA,1,"2019/08/21 08:35:00",TORRA2,0
D,DISPATCH,UNIT_SCADA,1,"2019/08/21 08:35:00",TORRA3,0
D,DISPATCH,UNIT_SCADA,1,"2019/08/21 08:35:00",TORRA4,0
D,DISPATCH,UNIT_SCADA,1,"2019/08/21 08:35:00",TORRB1,75.54
D,DISPATCH,UNIT_SCADA,1,"2019/08/21 08:35:00",TORRB2,97.30
D,DISPATCH,UNIT_SCADA,1,"2019/08/21 08:35:00",TORRB3,0
D,DISPATCH,UNIT_SCADA,1,"2019/08/21 08:35:00",TORRB4,0
D,DISPATCH,UNIT_SCADA,1,"2019/08/21 08:35:00",TREVALLN,69.950010
D,DISPATCH,UNIT_SCADA,1,"2019/08/21 08:35:00",TRIBUTE,22.60
D,DISPATCH,UNIT_SCADA,1,"2019/08/21 08:35:00",TUMUT3,0
D,DISPATCH,UNIT_SCADA,1,"2019/08/21 08:35:00",TUNGATIN,132.270030
D,DISPATCH,UNIT_SCADA,1,"2019/08/21 08:35:00",TVCC201,0
D,DISPATCH,UNIT_SCADA,1,"2019/08/21 08:35:00",TVPP104,57.807020
D,DISPATCH,UNIT_SCADA,1,"2019/08/21 08:35:00",UPPTUMUT,0
D,DISPATCH,UNIT_SCADA,1,"2019/08/21 08:35:00",URANQ11,0
D,DISPATCH,UNIT_SCADA,1,"2019/08/21 08:35:00",URANQ12,0
D,DISPATCH,UNIT_SCADA,1,"2019/08/21 08:35:00",URANQ13,0
D,DISPATCH,UNIT_SCADA,1,"2019/08/21 08:35:00",URANQ14,0
D,DISPATCH,UNIT_SCADA,1,"2019/08/21 08:35:00",VP5,419.999970
D,DISPATCH,UNIT_SCADA,1,"2019/08/21 08:35:00",VP6,459.475010
D,DISPATCH,UNIT_SCADA,1,"2019/08/21 08:35:00",VPGS1,0
D,DISPATCH,UNIT_SCADA,1,"2019/08/21 08:35:00",VPGS2,0
D,DISPATCH,UNIT_SCADA,1,"2019/08/21 08:35:00",VPGS3,0
D,DISPATCH,UNIT_SCADA,1,"2019/08/21 08:35:00",VPGS4,0
D,DISPATCH,UNIT_SCADA,1,"2019/08/21 08:35:00",VPGS5,0
D,DISPATCH,UNIT_SCADA,1,"2019/08/21 08:35:00",VPGS6,0
D,DISPATCH,UNIT_SCADA,1,"2019/08/21 08:35:00",W/HOE#1,0
D,DISPATCH,UNIT_SCADA,1,"2019/08/21 08:35:00",W/HOE#2,0
D,DISPATCH,UNIT_SCADA,1,"2019/08/21 08:35:00",WATERLWF,67.90
D,DISPATCH,UNIT_SCADA,1,"2019/08/21 08:35:00",WEMENSF1,7.90
D,DISPATCH,UNIT_SCADA,1,"2019/08/21 08:35:00",WGWF1,57.20
D,DISPATCH,UNIT_SCADA,1,"2019/08/21 08:35:00",WHITSF1,43.50
D,DISPATCH,UNIT_SCADA,1,"2019/08/21 08:35:00",WKIEWA1,12
D,DISPATCH,UNIT_SCADA,1,"2019/08/21 08:35:00",WKIEWA2,12.10
D,DISPATCH,UNIT_SCADA,1,"2019/08/21 08:35:00",WOODLWN1,44.918990
D,DISPATCH,UNIT_SCADA,1,"2019/08/21 08:35:00",WRSF1,13.92
D,DISPATCH,UNIT_SCADA,1,"2019/08/21 08:35:00",WRWF1,145.017520
D,DISPATCH,UNIT_SCADA,1,"2019/08/21 08:35:00",YABULU,0
D,DISPATCH,UNIT_SCADA,1,"2019/08/21 08:35:00",YABULU2,0
D,DISPATCH,UNIT_SCADA,1,"2019/08/21 08:35:00",YARWUN_1,0
D,DISPATCH,UNIT_SCADA,1,"2019/08/21 08:35:00",YENDWF1,41.76
D,DISPATCH,UNIT_SCADA,1,"2019/08/21 08:35:00",YWPS1,377.443020
D,DISPATCH,UNIT_SCADA,1,"2019/08/21 08:35:00",YWPS2,277.941770
D,DISPATCH,UNIT_SCADA,1,"2019/08/21 08:35:00",YWPS3,0
D,DISPATCH,UNIT_SCADA,1,"2019/08/21 08:35:00",YWPS4,393.544310
C,"END OF REPORT",334
