C,NEMP.WORLD,DISPATCHSCADA,AEMO,PUBLIC,2019/08/21,09:20:10,0000000311820087,DISPATCHSCADA,0000000311820081
I,DISPATCH,UNIT_SCADA,1,SETTLEMENTDATE,DUID,SCADAVALUE
D,DISPATCH,UNIT_SCADA,1,"2019/08/21 09:25:00",BARCSF1,17.800001
D,DISPATCH,UNIT_SCADA,1,"2019/08/21 09:25:00",BUTLERSG,9.699999
D,DISPATCH,UNIT_SCADA,1,"2019/08/21 09:25:00",CALL_A_4,0
D,DISPATCH,UNIT_SCADA,1,"2019/08/21 09:25:00",CAPTL_WF,131.011993
D,DISPATCH,UNIT_SCADA,1,"2019/08/21 09:25:00",CATHROCK,29.929998
D,DISPATCH,UNIT_SCADA,1,"2019/08/21 09:25:00",CHALLHWF,45.099998
D,DISPATCH,UNIT_SCADA,1,"2019/08/21 09:25:00",CLOVER,0
D,DISPATCH,UNIT_SCADA,1,"2019/08/21 09:25:00",CLUNY,20.178072
D,DISPATCH,UNIT_SCADA,1,"2019/08/21 09:25:00",CNUNDAWF,26.931417
D,DISPATCH,UNIT_SCADA,1,"2019/08/21 09:25:00",CULLRGWF,30.33
D,DISPATCH,UNIT_SCADA,1,"2019/08/21 09:25:00",ERGT01,0
D,DISPATCH,UNIT_SCADA,1,"2019/08/21 09:25:00",GB01,0.058857
D,DISPATCH,UNIT_SCADA,1,"2019/08/21 09:25:00",GERMCRK,39
D,DISPATCH,UNIT_SCADA,1,"2019/08/21 09:25:00",GRIFSF1,11.899994
D,DISPATCH,UNIT_SCADA,1,"2019/08/21 09:25:00",HUGSF1,8.9490
D,DISPATCH,UNIT_SCADA,1,"2019/08/21 09:25:00",LKBONNY1,61.534153
D,DISPATCH,UNIT_SCADA,1,"2019/08/21 09:25:00",LRSF1,13.60
D,DISPATCH,UNIT_SCADA,1,"2019/08/21 09:25:00",MBAHNTH,55.856247
D,DISPATCH,UNIT_SCADA,1,"2019/08/21 09:25:00",MLSP1,9.161001
D,DISPATCH,UNIT_SCADA,1,"2019/08/21 09:25:00",MLWF1,15.690001
D,DISPATCH,UNIT_SCADA,1,"2019/08/21 09:25:00",MTMILLAR,10.722930
D,DISPATCH,UNIT_SCADA,1,"2019/08/21 09:25:00",PALOONA,26.93
D,DISPATCH,UNIT_SCADA,1,"2019/08/21 09:25:00",PIONEER,48.400002
D,DISPATCH,UNIT_SCADA,1,"2019/08/21 09:25:00",PORTWF,132.699997
D,DISPATCH,UNIT_SCADA,1,"2019/08/21 09:25:00",REPULSE,28.771801
D,DISPATCH,UNIT_SCADA,1,"2019/08/21 09:25:00",ROWALLAN,10.195601
D,DISPATCH,UNIT_SCADA,1,"2019/08/21 09:25:00",ROYALLA1,10.252001
D,DISPATCH,UNIT_SCADA,1,"2019/08/21 09:25:00",RPCG,11.70
D,DISPATCH,UNIT_SCADA,1,"2019/08/21 09:25:00",RUBICON,0
D,DISPATCH,UNIT_SCADA,1,"2019/08/21 09:25:00",SATGN1,0
D,DISPATCH,UNIT_SCADA,1,"2019/08/21 09:25:00",SATGS1,0
D,DISPATCH,UNIT_SCADA,1,"2019/08/21 09:25:00",STARHLWF,9.397260
D,DISPATCH,UNIT_SCADA,1,"2019/08/21 09:25:00",WAUBRAWF,183.130005
D,DISPATCH,UNIT_SCADA,1,"2019/08/21 09:25:00",WOOLNTH1,93.020020
D,DISPATCH,UNIT_SCADA,1,"2019/08/21 09:25:00",WPWF,16
D,DISPATCH,UNIT_SCADA,1,"2019/08/21 09:25:00",YAMBUKWF,29.10
D,DISPATCH,UNIT_SCADA,1,"2019/08/21 09:25:00",YSWF1,28.50
D,DISPATCH,UNIT_SCADA,1,"2019/08/21 09:25:00",AGLHAL,0
D,DISPATCH,UNIT_SCADA,1,"2019/08/21 09:25:00",AGLSOM,0
D,DISPATCH,UNIT_SCADA,1,"2019/08/21 09:25:00",ANGAST1,-0.155540
D,DISPATCH,UNIT_SCADA,1,"2019/08/21 09:25:00",ARWF1,205
D,DISPATCH,UNIT_SCADA,1,"2019/08/21 09:25:00",BALBG1,7.23
D,DISPATCH,UNIT_SCADA,1,"2019/08/21 09:25:00",BALBL1,0
D,DISPATCH,UNIT_SCADA,1,"2019/08/21 09:25:00",BALDHWF1,101.5030
D,DISPATCH,UNIT_SCADA,1,"2019/08/21 09:25:00",BANN1,10.27
D,DISPATCH,UNIT_SCADA,1,"2019/08/21 09:25:00",BARCALDN,0
D,DISPATCH,UNIT_SCADA,1,"2019/08/21 09:25:00",BARRON-1,0
D,DISPATCH,UNIT_SCADA,1,"2019/08/21 09:25:00",BARRON-2,29.20
D,DISPATCH,UNIT_SCADA,1,"2019/08/21 09:25:00",BASTYAN,79.170010
D,DISPATCH,UNIT_SCADA,1,"2019/08/21 09:25:00",BBTHREE1,-1.98
D,DISPATCH,UNIT_SCADA,1,"2019/08/21 09:25:00",BBTHREE2,-2
D,DISPATCH,UNIT_SCADA,1,"2019/08/21 09:25:00",BBTHREE3,-1.10
D,DISPATCH,UNIT_SCADA,1,"2019/08/21 09:25:00",BDL01,-0.18
D,DISPATCH,UNIT_SCADA,1,"2019/08/21 09:25:00",BDL02,-0.24
D,DISPATCH,UNIT_SCADA,1,"2019/08/21 09:25:00",BERYLSF1,29.762150
D,DISPATCH,UNIT_SCADA,1,"2019/08/21 09:25:00",BLOWERNG,0
D,DISPATCH,UNIT_SCADA,1,"2019/08/21 09:25:00",BLUFF1,15.60
D,DISPATCH,UNIT_SCADA,1,"2019/08/21 09:25:00",BNGSF1,95.90
D,DISPATCH,UNIT_SCADA,1,"2019/08/21 09:25:00",BNGSF2,20
D,DISPATCH,UNIT_SCADA,1,"2019/08/21 09:25:00",BOCORWF1,42.70
D,DISPATCH,UNIT_SCADA,1,"2019/08/21 09:25:00",BODWF1,89.4392
D,DISPATCH,UNIT_SCADA,1,"2019/08/21 09:25:00",BRAEMAR1,0
D,DISPATCH,UNIT_SCADA,1,"2019/08/21 09:25:00",BRAEMAR2,0
D,DISPATCH,UNIT_SCADA,1,"2019/08/21 09:25:00",BRAEMAR3,0
D,DISPATCH,UNIT_SCADA,1,"2019/08/21 09:25:00",BRAEMAR5,0
D,DISPATCH,UNIT_SCADA,1,"2019/08/21 09:25:00",BRAEMAR6,0
D,DISPATCH,UNIT_SCADA,1,"2019/08/21 09:25:00",BRAEMAR7,0
D,DISPATCH,UNIT_SCADA,1,"2019/08/21 09:25:00",BROKENH1,35.122070
D,DISPATCH,UNIT_SCADA,1,"2019/08/21 09:25:00",BW01,585.599980
D,DISPATCH,UNIT_SCADA,1,"2019/08/21 09:25:00",BW02,629.675050
D,DISPATCH,UNIT_SCADA,1,"2019/08/21 09:25:00",BW03,612.574950
D,DISPATCH,UNIT_SCADA,1,"2019/08/21 09:25:00",BW04,0
D,DISPATCH,UNIT_SCADA,1,"2019/08/21 09:25:00",CALL_B_1,349.800020
D,DISPATCH,UNIT_SCADA,1,"2019/08/21 09:25:00",CALL_B_2,285.300020
D,DISPATCH,UNIT_SCADA,1,"2019/08/21 09:25:00",CETHANA,80.102250
D,DISPATCH,UNIT_SCADA,1,"2019/08/21 09:25:00",CG1,0
D,DISPATCH,UNIT_SCADA,1,"2019/08/21 09:25:00",CG2,0
D,DISPATCH,UNIT_SCADA,1,"2019/08/21 09:25:00",CG3,0
D,DISPATCH,UNIT_SCADA,1,"2019/08/21 09:25:00",CG4,0
D,DISPATCH,UNIT_SCADA,1,"2019/08/21 09:25:00",CHILDSF1,40.04
D,DISPATCH,UNIT_SCADA,1,"2019/08/21 09:25:00",CLARESF1,44.982270
D,DISPATCH,UNIT_SCADA,1,"2019/08/21 09:25:00",CLEMGPWF,0.504250
D,DISPATCH,UNIT_SCADA,1,"2019/08/21 09:25:00",CLERMSF1,15.04
D,DISPATCH,UNIT_SCADA,1,"2019/08/21 09:25:00",COLEASF1,72.400010
D,DISPATCH,UNIT_SCADA,1,"2019/08/21 09:25:00",COOPGWF1,25.579120
D,DISPATCH,UNIT_SCADA,1,"2019/08/21 09:25:00",CPP_3,279.950010
D,DISPATCH,UNIT_SCADA,1,"2019/08/21 09:25:00",CPP_4,406.175020
D,DISPATCH,UNIT_SCADA,1,"2019/08/21 09:25:00",CPSA,143.736880
D,DISPATCH,UNIT_SCADA,1,"2019/08/21 09:25:00",CROOKWF2,85.083750
D,DISPATCH,UNIT_SCADA,1,"2019/08/21 09:25:00",CROWLWF1,46.622720
D,DISPATCH,UNIT_SCADA,1,"2019/08/21 09:25:00",CSPVPS1,31.0330
D,DISPATCH,UNIT_SCADA,1,"2019/08/21 09:25:00",DALNTH01,0
D,DISPATCH,UNIT_SCADA,1,"2019/08/21 09:25:00",DALNTHL1,0.117490
D,DISPATCH,UNIT_SCADA,1,"2019/08/21 09:25:00",DARTM1,134.600010
D,DISPATCH,UNIT_SCADA,1,"2019/08/21 09:25:00",DAYDSF1,116.949010
D,DISPATCH,UNIT_SCADA,1,"2019/08/21 09:25:00",DDPS1,0
D,DISPATCH,UNIT_SCADA,1,"2019/08/21 09:25:00",DDSF1,93.024250
D,DISPATCH,UNIT_SCADA,1,"2019/08/21 09:25:00",DEVILS_G,0
D,DISPATCH,UNIT_SCADA,1,"2019/08/21 09:25:00",DG_NSW1,0
D,DISPATCH,UNIT_SCADA,1,"2019/08/21 09:25:00",DG_QLD1,0
D,DISPATCH,UNIT_SCADA,1,"2019/08/21 09:25:00",DG_SA1,0
D,DISPATCH,UNIT_SCADA,1,"2019/08/21 09:25:00",DG_TAS1,0
D,DISPATCH,UNIT_SCADA,1,"2019/08/21 09:25:00",DG_VIC1,0
D,DISPATCH,UNIT_SCADA,1,"2019/08/21 09:25:00",DRYCGT1,0
D,DISPATCH,UNIT_SCADA,1,"2019/08/21 09:25:00",DRYCGT2,0
D,DISPATCH,UNIT_SCADA,1,"2019/08/21 09:25:00",DRYCGT3,0
D,DISPATCH,UNIT_SCADA,1,"2019/08/21 09:25:00",EILDON1,0
D,DISPATCH,UNIT_SCADA,1,"2019/08/21 09:25:00",EILDON2,0
D,DISPATCH,UNIT_SCADA,1,"2019/08/21 09:25:00",EMERASF1,60.33
D,DISPATCH,UNIT_SCADA,1,"2019/08/21 09:25:00",ER01,543.550050
D,DISPATCH,UNIT_SCADA,1,"2019/08/21 09:25:00",ER02,602.425050
D,DISPATCH,UNIT_SCADA,1,"2019/08/21 09:25:00",ER03,699.425050
D,DISPATCH,UNIT_SCADA,1,"2019/08/21 09:25:00",ER04,601.6250
D,DISPATCH,UNIT_SCADA,1,"2019/08/21 09:25:00",FINLYSF1,1.172810
D,DISPATCH,UNIT_SCADA,1,"2019/08/21 09:25:00",FISHER,45.87
D,DISPATCH,UNIT_SCADA,1,"2019/08/21 09:25:00",GANNBG1,20.848840
D,DISPATCH,UNIT_SCADA,1,"2019/08/21 09:25:00",GANNBL1,0
D,DISPATCH,UNIT_SCADA,1,"2019/08/21 09:25:00",GANNSF1,19.40
D,DISPATCH,UNIT_SCADA,1,"2019/08/21 09:25:00",GORDON,5.522160
D,DISPATCH,UNIT_SCADA,1,"2019/08/21 09:25:00",GSTONE1,128.974990
D,DISPATCH,UNIT_SCADA,1,"2019/08/21 09:25:00",GSTONE2,130.3750
D,DISPATCH,UNIT_SCADA,1,"2019/08/21 09:25:00",GSTONE3,148.5750
D,DISPATCH,UNIT_SCADA,1,"2019/08/21 09:25:00",GSTONE4,146.474990
D,DISPATCH,UNIT_SCADA,1,"2019/08/21 09:25:00",GSTONE5,132.8250
D,DISPATCH,UNIT_SCADA,1,"2019/08/21 09:25:00",GSTONE6,0
D,DISPATCH,UNIT_SCADA,1,"2019/08/21 09:25:00",GULLRSF1,3.839870
D,DISPATCH,UNIT_SCADA,1,"2019/08/21 09:25:00",GULLRWF1,155.407810
D,DISPATCH,UNIT_SCADA,1,"2019/08/21 09:25:00",GUNNING1,44.947980
D,DISPATCH,UNIT_SCADA,1,"2019/08/21 09:25:00",GUTHEGA,0
D,DISPATCH,UNIT_SCADA,1,"2019/08/21 09:25:00",HALLWF1,45.04
D,DISPATCH,UNIT_SCADA,1,"2019/08/21 09:25:00",HALLWF2,36.77
D,DISPATCH,UNIT_SCADA,1,"2019/08/21 09:25:00",HAMISF1,47.10
D,DISPATCH,UNIT_SCADA,1,"2019/08/21 09:25:00",HAUGHT11,50.032640
D,DISPATCH,UNIT_SCADA,1,"2019/08/21 09:25:00",HAYMSF1,42.0530
D,DISPATCH,UNIT_SCADA,1,"2019/08/21 09:25:00",HDWF1,45
D,DISPATCH,UNIT_SCADA,1,"2019/08/21 09:25:00",HDWF2,29.50
D,DISPATCH,UNIT_SCADA,1,"2019/08/21 09:25:00",HDWF3,42.60
D,DISPATCH,UNIT_SCADA,1,"2019/08/21 09:25:00",HPRG1,29.80
D,DISPATCH,UNIT_SCADA,1,"2019/08/21 09:25:00",HPRL1,0
D,DISPATCH,UNIT_SCADA,1,"2019/08/21 09:25:00",HUMENSW,0
D,DISPATCH,UNIT_SCADA,1,"2019/08/21 09:25:00",HUMEV,9.10
D,DISPATCH,UNIT_SCADA,1,"2019/08/21 09:25:00",HVGTS,0
D,DISPATCH,UNIT_SCADA,1,"2019/08/21 09:25:00",JBUTTERS,139.209990
D,DISPATCH,UNIT_SCADA,1,"2019/08/21 09:25:00",JLA01,0.50
D,DISPATCH,UNIT_SCADA,1,"2019/08/21 09:25:00",JLA02,0
D,DISPATCH,UNIT_SCADA,1,"2019/08/21 09:25:00",JLA03,0.10
D,DISPATCH,UNIT_SCADA,1,"2019/08/21 09:25:00",JLA04,0.10
D,DISPATCH,UNIT_SCADA,1,"2019/08/21 09:25:00",JLB01,0
D,DISPATCH,UNIT_SCADA,1,"2019/08/21 09:25:00",JLB02,0.10
D,DISPATCH,UNIT_SCADA,1,"2019/08/21 09:25:00",JLB03,0
D,DISPATCH,UNIT_SCADA,1,"2019/08/21 09:25:00",KAREEYA1,21.4250
D,DISPATCH,UNIT_SCADA,1,"2019/08/21 09:25:00",KAREEYA2,21.6425
D,DISPATCH,UNIT_SCADA,1,"2019/08/21 09:25:00",KAREEYA3,0
D,DISPATCH,UNIT_SCADA,1,"2019/08/21 09:25:00",KAREEYA4,21.6950
D,DISPATCH,UNIT_SCADA,1,"2019/08/21 09:25:00",KARSF1,14.40
D,DISPATCH,UNIT_SCADA,1,"2019/08/21 09:25:00",KIATAWF1,29.50
D,DISPATCH,UNIT_SCADA,1,"2019/08/21 09:25:00",KPP_1,0
D,DISPATCH,UNIT_SCADA,1,"2019/08/21 09:25:00",KSP1,47.15
D,DISPATCH,UNIT_SCADA,1,"2019/08/21 09:25:00",LADBROK1,42.34
D,DISPATCH,UNIT_SCADA,1,"2019/08/21 09:25:00",LADBROK2,42.78
D,DISPATCH,UNIT_SCADA,1,"2019/08/21 09:25:00",LD01,371.718750
D,DISPATCH,UNIT_SCADA,1,"2019/08/21 09:25:00",LD02,378.168730
D,DISPATCH,UNIT_SCADA,1,"2019/08/21 09:25:00",LD03,376.650050
D,DISPATCH,UNIT_SCADA,1,"2019/08/21 09:25:00",LD04,373.612520
D,DISPATCH,UNIT_SCADA,1,"2019/08/21 09:25:00",LEM_WIL,86.0278
D,DISPATCH,UNIT_SCADA,1,"2019/08/21 09:25:00",LGAPWF1,14.75
D,DISPATCH,UNIT_SCADA,1,"2019/08/21 09:25:00",LILYSF1,95.420410
D,DISPATCH,UNIT_SCADA,1,"2019/08/21 09:25:00",LI_WY_CA,147.7859
D,DISPATCH,UNIT_SCADA,1,"2019/08/21 09:25:00",LKBONNY2,98.217590
D,DISPATCH,UNIT_SCADA,1,"2019/08/21 09:25:00",LKBONNY3,20.486680
D,DISPATCH,UNIT_SCADA,1,"2019/08/21 09:25:00",LK_ECHO,0
D,DISPATCH,UNIT_SCADA,1,"2019/08/21 09:25:00",LNGS1,0
D,DISPATCH,UNIT_SCADA,1,"2019/08/21 09:25:00",LNGS2,0
D,DISPATCH,UNIT_SCADA,1,"2019/08/21 09:25:00",LONSDALE,0
D,DISPATCH,UNIT_SCADA,1,"2019/08/21 09:25:00",LOYYB1,536.088620
D,DISPATCH,UNIT_SCADA,1,"2019/08/21 09:25:00",LOYYB2,584.210140
D,DISPATCH,UNIT_SCADA,1,"2019/08/21 09:25:00",LYA1,500
D,DISPATCH,UNIT_SCADA,1,"2019/08/21 09:25:00",LYA2,0
D,DISPATCH,UNIT_SCADA,1,"2019/08/21 09:25:00",LYA3,559
D,DISPATCH,UNIT_SCADA,1,"2019/08/21 09:25:00",LYA4,531
D,DISPATCH,UNIT_SCADA,1,"2019/08/21 09:25:00",MACARTH1,217.794970
D,DISPATCH,UNIT_SCADA,1,"2019/08/21 09:25:00",MACKAYGT,0
D,DISPATCH,UNIT_SCADA,1,"2019/08/21 09:25:00",MACKNTSH,85.320010
D,DISPATCH,UNIT_SCADA,1,"2019/08/21 09:25:00",MANSLR1,4.7780
D,DISPATCH,UNIT_SCADA,1,"2019/08/21 09:25:00",MCKAY1,0.02
D,DISPATCH,UNIT_SCADA,1,"2019/08/21 09:25:00",MEADOWBK,34.067360
D,DISPATCH,UNIT_SCADA,1,"2019/08/21 09:25:00",MERCER01,124.5240
D,DISPATCH,UNIT_SCADA,1,"2019/08/21 09:25:00",MEWF1,97.861630
D,DISPATCH,UNIT_SCADA,1,"2019/08/21 09:25:00",MINTARO,0
D,DISPATCH,UNIT_SCADA,1,"2019/08/21 09:25:00",MOREESF1,51.57
D,DISPATCH,UNIT_SCADA,1,"2019/08/21 09:25:00",MORTLK11,0
D,DISPATCH,UNIT_SCADA,1,"2019/08/21 09:25:00",MORTLK12,0
D,DISPATCH,UNIT_SCADA,1,"2019/08/21 09:25:00",MP1,275.724980
D,DISPATCH,UNIT_SCADA,1,"2019/08/21 09:25:00",MP2,0
D,DISPATCH,UNIT_SCADA,1,"2019/08/21 09:25:00",MPP_1,251.75
D,DISPATCH,UNIT_SCADA,1,"2019/08/21 09:25:00",MPP_2,396.25
D,DISPATCH,UNIT_SCADA,1,"2019/08/21 09:25:00",MSTUART1,0
D,DISPATCH,UNIT_SCADA,1,"2019/08/21 09:25:00",MSTUART2,0
D,DISPATCH,UNIT_SCADA,1,"2019/08/21 09:25:00",MSTUART3,0
D,DISPATCH,UNIT_SCADA,1,"2019/08/21 09:25:00",MTGELWF1,64.633620
D,DISPATCH,UNIT_SCADA,1,"2019/08/21 09:25:00",MURRAY,223.70
D,DISPATCH,UNIT_SCADA,1,"2019/08/21 09:25:00",MUSSELR1,138.899990
D,DISPATCH,UNIT_SCADA,1,"2019/08/21 09:25:00",MUWAWF1,55.46
D,DISPATCH,UNIT_SCADA,1,"2019/08/21 09:25:00",NBHWF1,52.80
D,DISPATCH,UNIT_SCADA,1,"2019/08/21 09:25:00",NPS,0
D,DISPATCH,UNIT_SCADA,1,"2019/08/21 09:25:00",NUMURSF1,10.10
D,DISPATCH,UNIT_SCADA,1,"2019/08/21 09:25:00",NYNGAN1,75.50
D,DISPATCH,UNIT_SCADA,1,"2019/08/21 09:25:00",OAKEY1,0
D,DISPATCH,UNIT_SCADA,1,"2019/08/21 09:25:00",OAKEY1SF,0.7540
D,DISPATCH,UNIT_SCADA,1,"2019/08/21 09:25:00",OAKEY2,0
D,DISPATCH,UNIT_SCADA,1,"2019/08/21 09:25:00",OAKLAND1,61
D,DISPATCH,UNIT_SCADA,1,"2019/08/21 09:25:00",OSB-AG,0
D,DISPATCH,UNIT_SCADA,1,"2019/08/21 09:25:00",PARSF1,10.399990
D,DISPATCH,UNIT_SCADA,1,"2019/08/21 09:25:00",POAT110,0
D,DISPATCH,UNIT_SCADA,1,"2019/08/21 09:25:00",POAT220,7.622560
D,DISPATCH,UNIT_SCADA,1,"2019/08/21 09:25:00",POR01,0
D,DISPATCH,UNIT_SCADA,1,"2019/08/21 09:25:00",POR03,0
D,DISPATCH,UNIT_SCADA,1,"2019/08/21 09:25:00",PPCCGT,173.5522
D,DISPATCH,UNIT_SCADA,1,"2019/08/21 09:25:00",PTSTAN1,0
D,DISPATCH,UNIT_SCADA,1,"2019/08/21 09:25:00",PUMP1,0
D,DISPATCH,UNIT_SCADA,1,"2019/08/21 09:25:00",PUMP2,0
D,DISPATCH,UNIT_SCADA,1,"2019/08/21 09:25:00",QPS1,29
D,DISPATCH,UNIT_SCADA,1,"2019/08/21 09:25:00",QPS2,0
D,DISPATCH,UNIT_SCADA,1,"2019/08/21 09:25:00",QPS3,0
D,DISPATCH,UNIT_SCADA,1,"2019/08/21 09:25:00",QPS4,0
D,DISPATCH,UNIT_SCADA,1,"2019/08/21 09:25:00",QPS5,123.58
D,DISPATCH,UNIT_SCADA,1,"2019/08/21 09:25:00",REECE1,117.680010
D,DISPATCH,UNIT_SCADA,1,"2019/08/21 09:25:00",REECE2,116.770010
D,DISPATCH,UNIT_SCADA,1,"2019/08/21 09:25:00",ROMA_7,0
D,DISPATCH,UNIT_SCADA,1,"2019/08/21 09:25:00",ROMA_8,0
D,DISPATCH,UNIT_SCADA,1,"2019/08/21 09:25:00",RRSF1,105.609990
D,DISPATCH,UNIT_SCADA,1,"2019/08/21 09:25:00",RT_NSW1,0
D,DISPATCH,UNIT_SCADA,1,"2019/08/21 09:25:00",RT_NSW2,0
D,DISPATCH,UNIT_SCADA,1,"2019/08/21 09:25:00",RT_NSW3,0
D,DISPATCH,UNIT_SCADA,1,"2019/08/21 09:25:00",RT_NSW4,0
D,DISPATCH,UNIT_SCADA,1,"2019/08/21 09:25:00",RT_NSW5,0
D,DISPATCH,UNIT_SCADA,1,"2019/08/21 09:25:00",RT_NSW6,0
D,DISPATCH,UNIT_SCADA,1,"2019/08/21 09:25:00",RT_QLD1,0
D,DISPATCH,UNIT_SCADA,1,"2019/08/21 09:25:00",RT_SA1,0
D,DISPATCH,UNIT_SCADA,1,"2019/08/21 09:25:00",RT_SA2,0
D,DISPATCH,UNIT_SCADA,1,"2019/08/21 09:25:00",RT_SA3,0
D,DISPATCH,UNIT_SCADA,1,"2019/08/21 09:25:00",RT_SA4,0
D,DISPATCH,UNIT_SCADA,1,"2019/08/21 09:25:00",RT_SA5,0
D,DISPATCH,UNIT_SCADA,1,"2019/08/21 09:25:00",RT_SA6,0
D,DISPATCH,UNIT_SCADA,1,"2019/08/21 09:25:00",RT_TAS1,0
D,DISPATCH,UNIT_SCADA,1,"2019/08/21 09:25:00",RT_VIC1,0
D,DISPATCH,UNIT_SCADA,1,"2019/08/21 09:25:00",RT_VIC10,0
D,DISPATCH,UNIT_SCADA,1,"2019/08/21 09:25:00",RT_VIC11,0
D,DISPATCH,UNIT_SCADA,1,"2019/08/21 09:25:00",RT_VIC12,0
D,DISPATCH,UNIT_SCADA,1,"2019/08/21 09:25:00",RT_VIC2,0
D,DISPATCH,UNIT_SCADA,1,"2019/08/21 09:25:00",RT_VIC3,0
D,DISPATCH,UNIT_SCADA,1,"2019/08/21 09:25:00",RT_VIC4,0
D,DISPATCH,UNIT_SCADA,1,"2019/08/21 09:25:00",RT_VIC5,0
D,DISPATCH,UNIT_SCADA,1,"2019/08/21 09:25:00",RT_VIC6,0
D,DISPATCH,UNIT_SCADA,1,"2019/08/21 09:25:00",RT_VIC7,0
D,DISPATCH,UNIT_SCADA,1,"2019/08/21 09:25:00",RT_VIC8,0
D,DISPATCH,UNIT_SCADA,1,"2019/08/21 09:25:00",RT_VIC9,0
D,DISPATCH,UNIT_SCADA,1,"2019/08/21 09:25:00",RUGBYR1,45.178880
D,DISPATCH,UNIT_SCADA,1,"2019/08/21 09:25:00",SALTCRK1,48.61
D,DISPATCH,UNIT_SCADA,1,"2019/08/21 09:25:00",SAPHWF1,107.718780
D,DISPATCH,UNIT_SCADA,1,"2019/08/21 09:25:00",SHGEN,0
D,DISPATCH,UNIT_SCADA,1,"2019/08/21 09:25:00",SHPUMP,0
D,DISPATCH,UNIT_SCADA,1,"2019/08/21 09:25:00",SITHE01,0.535670
D,DISPATCH,UNIT_SCADA,1,"2019/08/21 09:25:00",SMCSF1,61.418330
D,DISPATCH,UNIT_SCADA,1,"2019/08/21 09:25:00",SNOWNTH1,31.50
D,DISPATCH,UNIT_SCADA,1,"2019/08/21 09:25:00",SNOWSTH1,61.20
D,DISPATCH,UNIT_SCADA,1,"2019/08/21 09:25:00",SNOWTWN1,25.582490
D,DISPATCH,UNIT_SCADA,1,"2019/08/21 09:25:00",SNOWYP,0
D,DISPATCH,UNIT_SCADA,1,"2019/08/21 09:25:00",SNUG1,0.019440
D,DISPATCH,UNIT_SCADA,1,"2019/08/21 09:25:00",SRSF1,35.57
D,DISPATCH,UNIT_SCADA,1,"2019/08/21 09:25:00",STAN-1,0
D,DISPATCH,UNIT_SCADA,1,"2019/08/21 09:25:00",STAN-2,279.556210
D,DISPATCH,UNIT_SCADA,1,"2019/08/21 09:25:00",STAN-3,282.606840
D,DISPATCH,UNIT_SCADA,1,"2019/08/21 09:25:00",STAN-4,281.748080
D,DISPATCH,UNIT_SCADA,1,"2019/08/21 09:25:00",STWF1,12.195010
D,DISPATCH,UNIT_SCADA,1,"2019/08/21 09:25:00",SWAN_E,0
D,DISPATCH,UNIT_SCADA,1,"2019/08/21 09:25:00",TALWA1,0
D,DISPATCH,UNIT_SCADA,1,"2019/08/21 09:25:00",TARALGA1,21.446270
D,DISPATCH,UNIT_SCADA,1,"2019/08/21 09:25:00",TARONG#1,283.300020
D,DISPATCH,UNIT_SCADA,1,"2019/08/21 09:25:00",TARONG#2,281.899990
D,DISPATCH,UNIT_SCADA,1,"2019/08/21 09:25:00",TARONG#3,259.50
D,DISPATCH,UNIT_SCADA,1,"2019/08/21 09:25:00",TARONG#4,280.50
D,DISPATCH,UNIT_SCADA,1,"2019/08/21 09:25:00",TARRALEA,75.20
D,DISPATCH,UNIT_SCADA,1,"2019/08/21 09:25:00",TBSF1,23.20
D,DISPATCH,UNIT_SCADA,1,"2019/08/21 09:25:00",TNPS1,442.000030
D,DISPATCH,UNIT_SCADA,1,"2019/08/21 09:25:00",TORRA1,63.7867
D,DISPATCH,UNIT_SCADA,1,"2019/08/21 09:25:00",TORRA2,0
D,DISPATCH,UNIT_SCADA,1,"2019/08/21 09:25:00",TORRA3,0
D,DISPATCH,UNIT_SCADA,1,"2019/08/21 09:25:00",TORRA4,0
D,DISPATCH,UNIT_SCADA,1,"2019/08/21 09:25:00",TORRB1,58.40
D,DISPATCH,UNIT_SCADA,1,"2019/08/21 09:25:00",TORRB2,67.11
D,DISPATCH,UNIT_SCADA,1,"2019/08/21 09:25:00",TORRB3,0
D,DISPATCH,UNIT_SCADA,1,"2019/08/21 09:25:00",TORRB4,0
D,DISPATCH,UNIT_SCADA,1,"2019/08/21 09:25:00",TREVALLN,69.280010
D,DISPATCH,UNIT_SCADA,1,"2019/08/21 09:25:00",TRIBUTE,69.16
D,DISPATCH,UNIT_SCADA,1,"2019/08/21 09:25:00",TUMUT3,0
D,DISPATCH,UNIT_SCADA,1,"2019/08/21 09:25:00",TUNGATIN,128.050030
D,DISPATCH,UNIT_SCADA,1,"2019/08/21 09:25:00",TVCC201,0
D,DISPATCH,UNIT_SCADA,1,"2019/08/21 09:25:00",TVPP104,57.904710
D,DISPATCH,UNIT_SCADA,1,"2019/08/21 09:25:00",UPPTUMUT,0
D,DISPATCH,UNIT_SCADA,1,"2019/08/21 09:25:00",URANQ11,0
D,DISPATCH,UNIT_SCADA,1,"2019/08/21 09:25:00",URANQ12,0
D,DISPATCH,UNIT_SCADA,1,"2019/08/21 09:25:00",URANQ13,0
D,DISPATCH,UNIT_SCADA,1,"2019/08/21 09:25:00",URANQ14,0
D,DISPATCH,UNIT_SCADA,1,"2019/08/21 09:25:00",VP5,394.8750
D,DISPATCH,UNIT_SCADA,1,"2019/08/21 09:25:00",VP6,396.100010
D,DISPATCH,UNIT_SCADA,1,"2019/08/21 09:25:00",VPGS1,0
D,DISPATCH,UNIT_SCADA,1,"2019/08/21 09:25:00",VPGS2,0
D,DISPATCH,UNIT_SCADA,1,"2019/08/21 09:25:00",VPGS3,0
D,DISPATCH,UNIT_SCADA,1,"2019/08/21 09:25:00",VPGS4,0
D,DISPATCH,UNIT_SCADA,1,"2019/08/21 09:25:00",VPGS5,0
D,DISPATCH,UNIT_SCADA,1,"2019/08/21 09:25:00",VPGS6,0
D,DISPATCH,UNIT_SCADA,1,"2019/08/21 09:25:00",W/HOE#1,0
D,DISPATCH,UNIT_SCADA,1,"2019/08/21 09:25:00",W/HOE#2,0
D,DISPATCH,UNIT_SCADA,1,"2019/08/21 09:25:00",WATERLWF,87.90
D,DISPATCH,UNIT_SCADA,1,"2019/08/21 09:25:00",WEMENSF1,15
D,DISPATCH,UNIT_SCADA,1,"2019/08/21 09:25:00",WGWF1,43
D,DISPATCH,UNIT_SCADA,1,"2019/08/21 09:25:00",WHITSF1,44.90
D,DISPATCH,UNIT_SCADA,1,"2019/08/21 09:25:00",WKIEWA1,0
D,DISPATCH,UNIT_SCADA,1,"2019/08/21 09:25:00",WKIEWA2,12.20
D,DISPATCH,UNIT_SCADA,1,"2019/08/21 09:25:00",WOODLWN1,44.928010
D,DISPATCH,UNIT_SCADA,1,"2019/08/21 09:25:00",WRSF1,17.79
D,DISPATCH,UNIT_SCADA,1,"2019/08/21 09:25:00",WRWF1,137.018740
D,DISPATCH,UNIT_SCADA,1,"2019/08/21 09:25:00",YABULU,0
D,DISPATCH,UNIT_SCADA,1,"2019/08/21 09:25:00",YABULU2,0
D,DISPATCH,UNIT_SCADA,1,"2019/08/21 09:25:00",YARWUN_1,0
D,DISPATCH,UNIT_SCADA,1,"2019/08/21 09:25:00",YENDWF1,41.88
D,DISPATCH,UNIT_SCADA,1,"2019/08/21 09:25:00",YWPS1,377.693660
D,DISPATCH,UNIT_SCADA,1,"2019/08/21 09:25:00",YWPS2,277.189880
D,DISPATCH,UNIT_SCADA,1,"2019/08/21 09:25:00",YWPS3,0
D,DISPATCH,UNIT_SCADA,1,"2019/08/21 09:25:00",YWPS4,394.955690
C,"END OF REPORT",334
