C,NEMP.WORLD,DISPATCHSCADA,AEMO,PUBLIC,2019/08/22,11:40:08,0000000311865419,DISPATCHSCADA,0000000311865413
I,DISPATCH,UNIT_SCADA,1,SETTLEMENTDATE,DUID,SCADAVALUE
D,DISPATCH,UNIT_SCADA,1,"2019/08/22 11:45:00",BARCSF1,18
D,DISPATCH,UNIT_SCADA,1,"2019/08/22 11:45:00",BUTLERSG,9.699999
D,DISPATCH,UNIT_SCADA,1,"2019/08/22 11:45:00",CALL_A_4,0
D,DISPATCH,UNIT_SCADA,1,"2019/08/22 11:45:00",CAPTL_WF,43.0560
D,DISPATCH,UNIT_SCADA,1,"2019/08/22 11:45:00",CATHROCK,0
D,DISPATCH,UNIT_SCADA,1,"2019/08/22 11:45:00",CHALLHWF,33.599998
D,DISPATCH,UNIT_SCADA,1,"2019/08/22 11:45:00",CLOVER,-0.01
D,DISPATCH,UNIT_SCADA,1,"2019/08/22 11:45:00",CLUNY,19.916227
D,DISPATCH,UNIT_SCADA,1,"2019/08/22 11:45:00",CNUNDAWF,6.807941
D,DISPATCH,UNIT_SCADA,1,"2019/08/22 11:45:00",CULLRGWF,24.77
D,DISPATCH,UNIT_SCADA,1,"2019/08/22 11:45:00",ERGT01,0
D,DISPATCH,UNIT_SCADA,1,"2019/08/22 11:45:00",GB01,0.057842
D,DISPATCH,UNIT_SCADA,1,"2019/08/22 11:45:00",GERMCRK,34.299999
D,DISPATCH,UNIT_SCADA,1,"2019/08/22 11:45:00",GRIFSF1,24.699997
D,DISPATCH,UNIT_SCADA,1,"2019/08/22 11:45:00",HUGSF1,8.9930
D,DISPATCH,UNIT_SCADA,1,"2019/08/22 11:45:00",LKBONNY1,13.664332
D,DISPATCH,UNIT_SCADA,1,"2019/08/22 11:45:00",LRSF1,12.599001
D,DISPATCH,UNIT_SCADA,1,"2019/08/22 11:45:00",MBAHNTH,55.425003
D,DISPATCH,UNIT_SCADA,1,"2019/08/22 11:45:00",MLSP1,12.591002
D,DISPATCH,UNIT_SCADA,1,"2019/08/22 11:45:00",MLWF1,17.924999
D,DISPATCH,UNIT_SCADA,1,"2019/08/22 11:45:00",MTMILLAR,2.083567
D,DISPATCH,UNIT_SCADA,1,"2019/08/22 11:45:00",PALOONA,28.76
D,DISPATCH,UNIT_SCADA,1,"2019/08/22 11:45:00",PIONEER,43
D,DISPATCH,UNIT_SCADA,1,"2019/08/22 11:45:00",PORTWF,46.200001
D,DISPATCH,UNIT_SCADA,1,"2019/08/22 11:45:00",REPULSE,29.164873
D,DISPATCH,UNIT_SCADA,1,"2019/08/22 11:45:00",ROWALLAN,10.3092
D,DISPATCH,UNIT_SCADA,1,"2019/08/22 11:45:00",ROYALLA1,19.889002
D,DISPATCH,UNIT_SCADA,1,"2019/08/22 11:45:00",RPCG,10.40
D,DISPATCH,UNIT_SCADA,1,"2019/08/22 11:45:00",RUBICON,0
D,DISPATCH,UNIT_SCADA,1,"2019/08/22 11:45:00",SATGN1,0
D,DISPATCH,UNIT_SCADA,1,"2019/08/22 11:45:00",SATGS1,0
D,DISPATCH,UNIT_SCADA,1,"2019/08/22 11:45:00",STARHLWF,1.599534
D,DISPATCH,UNIT_SCADA,1,"2019/08/22 11:45:00",WAUBRAWF,174.798004
D,DISPATCH,UNIT_SCADA,1,"2019/08/22 11:45:00",WOOLNTH1,108.830017
D,DISPATCH,UNIT_SCADA,1,"2019/08/22 11:45:00",WPWF,3
D,DISPATCH,UNIT_SCADA,1,"2019/08/22 11:45:00",YAMBUKWF,15.40
D,DISPATCH,UNIT_SCADA,1,"2019/08/22 11:45:00",YSWF1,23
D,DISPATCH,UNIT_SCADA,1,"2019/08/22 11:45:00",AGLHAL,0
D,DISPATCH,UNIT_SCADA,1,"2019/08/22 11:45:00",AGLSOM,0
D,DISPATCH,UNIT_SCADA,1,"2019/08/22 11:45:00",ANGAST1,0
D,DISPATCH,UNIT_SCADA,1,"2019/08/22 11:45:00",ARWF1,206.400010
D,DISPATCH,UNIT_SCADA,1,"2019/08/22 11:45:00",BALBG1,0
D,DISPATCH,UNIT_SCADA,1,"2019/08/22 11:45:00",BALBL1,18.91
D,DISPATCH,UNIT_SCADA,1,"2019/08/22 11:45:00",BALDHWF1,90.1120
D,DISPATCH,UNIT_SCADA,1,"2019/08/22 11:45:00",BANN1,60.51
D,DISPATCH,UNIT_SCADA,1,"2019/08/22 11:45:00",BARCALDN,0
D,DISPATCH,UNIT_SCADA,1,"2019/08/22 11:45:00",BARRON-1,0
D,DISPATCH,UNIT_SCADA,1,"2019/08/22 11:45:00",BARRON-2,25.40
D,DISPATCH,UNIT_SCADA,1,"2019/08/22 11:45:00",BASTYAN,77.920010
D,DISPATCH,UNIT_SCADA,1,"2019/08/22 11:45:00",BBTHREE1,-1.93
D,DISPATCH,UNIT_SCADA,1,"2019/08/22 11:45:00",BBTHREE2,-1.97
D,DISPATCH,UNIT_SCADA,1,"2019/08/22 11:45:00",BBTHREE3,-1.04
D,DISPATCH,UNIT_SCADA,1,"2019/08/22 11:45:00",BDL01,0
D,DISPATCH,UNIT_SCADA,1,"2019/08/22 11:45:00",BDL02,0
D,DISPATCH,UNIT_SCADA,1,"2019/08/22 11:45:00",BERYLSF1,47.681430
D,DISPATCH,UNIT_SCADA,1,"2019/08/22 11:45:00",BLOWERNG,0
D,DISPATCH,UNIT_SCADA,1,"2019/08/22 11:45:00",BLUFF1,0.10
D,DISPATCH,UNIT_SCADA,1,"2019/08/22 11:45:00",BNGSF1,45.75
D,DISPATCH,UNIT_SCADA,1,"2019/08/22 11:45:00",BNGSF2,16.03
D,DISPATCH,UNIT_SCADA,1,"2019/08/22 11:45:00",BOCORWF1,63.04
D,DISPATCH,UNIT_SCADA,1,"2019/08/22 11:45:00",BODWF1,109.9519
D,DISPATCH,UNIT_SCADA,1,"2019/08/22 11:45:00",BRAEMAR1,0
D,DISPATCH,UNIT_SCADA,1,"2019/08/22 11:45:00",BRAEMAR2,0
D,DISPATCH,UNIT_SCADA,1,"2019/08/22 11:45:00",BRAEMAR3,0
D,DISPATCH,UNIT_SCADA,1,"2019/08/22 11:45:00",BRAEMAR5,0
D,DISPATCH,UNIT_SCADA,1,"2019/08/22 11:45:00",BRAEMAR6,0
D,DISPATCH,UNIT_SCADA,1,"2019/08/22 11:45:00",BRAEMAR7,0
D,DISPATCH,UNIT_SCADA,1,"2019/08/22 11:45:00",BROKENH1,50.686280
D,DISPATCH,UNIT_SCADA,1,"2019/08/22 11:45:00",BW01,539.574950
D,DISPATCH,UNIT_SCADA,1,"2019/08/22 11:45:00",BW02,531.925050
D,DISPATCH,UNIT_SCADA,1,"2019/08/22 11:45:00",BW03,542.699950
D,DISPATCH,UNIT_SCADA,1,"2019/08/22 11:45:00",BW04,0
D,DISPATCH,UNIT_SCADA,1,"2019/08/22 11:45:00",CALL_B_1,249.70
D,DISPATCH,UNIT_SCADA,1,"2019/08/22 11:45:00",CALL_B_2,279.899990
D,DISPATCH,UNIT_SCADA,1,"2019/08/22 11:45:00",CETHANA,98.483880
D,DISPATCH,UNIT_SCADA,1,"2019/08/22 11:45:00",CG1,0
D,DISPATCH,UNIT_SCADA,1,"2019/08/22 11:45:00",CG2,0
D,DISPATCH,UNIT_SCADA,1,"2019/08/22 11:45:00",CG3,0
D,DISPATCH,UNIT_SCADA,1,"2019/08/22 11:45:00",CG4,0
D,DISPATCH,UNIT_SCADA,1,"2019/08/22 11:45:00",CHILDSF1,40.12
D,DISPATCH,UNIT_SCADA,1,"2019/08/22 11:45:00",CLARESF1,0
D,DISPATCH,UNIT_SCADA,1,"2019/08/22 11:45:00",CLEMGPWF,-0.288140
D,DISPATCH,UNIT_SCADA,1,"2019/08/22 11:45:00",CLERMSF1,0
D,DISPATCH,UNIT_SCADA,1,"2019/08/22 11:45:00",COLEASF1,78.70
D,DISPATCH,UNIT_SCADA,1,"2019/08/22 11:45:00",COOPGWF1,32.888260
D,DISPATCH,UNIT_SCADA,1,"2019/08/22 11:45:00",CPP_3,405.075010
D,DISPATCH,UNIT_SCADA,1,"2019/08/22 11:45:00",CPP_4,229.900010
D,DISPATCH,UNIT_SCADA,1,"2019/08/22 11:45:00",CPSA,87.279380
D,DISPATCH,UNIT_SCADA,1,"2019/08/22 11:45:00",CROOKWF2,81.243760
D,DISPATCH,UNIT_SCADA,1,"2019/08/22 11:45:00",CROWLWF1,44.879870
D,DISPATCH,UNIT_SCADA,1,"2019/08/22 11:45:00",CSPVPS1,0.5610
D,DISPATCH,UNIT_SCADA,1,"2019/08/22 11:45:00",DALNTH01,0.007630
D,DISPATCH,UNIT_SCADA,1,"2019/08/22 11:45:00",DALNTHL1,0.199890
D,DISPATCH,UNIT_SCADA,1,"2019/08/22 11:45:00",DARTM1,134.600010
D,DISPATCH,UNIT_SCADA,1,"2019/08/22 11:45:00",DAYDSF1,0
D,DISPATCH,UNIT_SCADA,1,"2019/08/22 11:45:00",DDPS1,0
D,DISPATCH,UNIT_SCADA,1,"2019/08/22 11:45:00",DDSF1,0
D,DISPATCH,UNIT_SCADA,1,"2019/08/22 11:45:00",DEVILS_G,0
D,DISPATCH,UNIT_SCADA,1,"2019/08/22 11:45:00",DG_NSW1,0
D,DISPATCH,UNIT_SCADA,1,"2019/08/22 11:45:00",DG_QLD1,0
D,DISPATCH,UNIT_SCADA,1,"2019/08/22 11:45:00",DG_SA1,0
D,DISPATCH,UNIT_SCADA,1,"2019/08/22 11:45:00",DG_TAS1,0
D,DISPATCH,UNIT_SCADA,1,"2019/08/22 11:45:00",DG_VIC1,0
D,DISPATCH,UNIT_SCADA,1,"2019/08/22 11:45:00",DRYCGT1,0
D,DISPATCH,UNIT_SCADA,1,"2019/08/22 11:45:00",DRYCGT2,0
D,DISPATCH,UNIT_SCADA,1,"2019/08/22 11:45:00",DRYCGT3,0
D,DISPATCH,UNIT_SCADA,1,"2019/08/22 11:45:00",EILDON1,0
D,DISPATCH,UNIT_SCADA,1,"2019/08/22 11:45:00",EILDON2,0
D,DISPATCH,UNIT_SCADA,1,"2019/08/22 11:45:00",EMERASF1,62.08
D,DISPATCH,UNIT_SCADA,1,"2019/08/22 11:45:00",ER01,324.0249
D,DISPATCH,UNIT_SCADA,1,"2019/08/22 11:45:00",ER02,379.025020
D,DISPATCH,UNIT_SCADA,1,"2019/08/22 11:45:00",ER03,652.775020
D,DISPATCH,UNIT_SCADA,1,"2019/08/22 11:45:00",ER04,377.599980
D,DISPATCH,UNIT_SCADA,1,"2019/08/22 11:45:00",FINLYSF1,3.353060
D,DISPATCH,UNIT_SCADA,1,"2019/08/22 11:45:00",FISHER,45.83
D,DISPATCH,UNIT_SCADA,1,"2019/08/22 11:45:00",GANNBG1,0
D,DISPATCH,UNIT_SCADA,1,"2019/08/22 11:45:00",GANNBL1,9.480640
D,DISPATCH,UNIT_SCADA,1,"2019/08/22 11:45:00",GANNSF1,44.50
D,DISPATCH,UNIT_SCADA,1,"2019/08/22 11:45:00",GORDON,2.615760
D,DISPATCH,UNIT_SCADA,1,"2019/08/22 11:45:00",GSTONE1,108.3250
D,DISPATCH,UNIT_SCADA,1,"2019/08/22 11:45:00",GSTONE2,110.25
D,DISPATCH,UNIT_SCADA,1,"2019/08/22 11:45:00",GSTONE3,108.6750
D,DISPATCH,UNIT_SCADA,1,"2019/08/22 11:45:00",GSTONE4,150.50
D,DISPATCH,UNIT_SCADA,1,"2019/08/22 11:45:00",GSTONE5,148.05
D,DISPATCH,UNIT_SCADA,1,"2019/08/22 11:45:00",GSTONE6,0
D,DISPATCH,UNIT_SCADA,1,"2019/08/22 11:45:00",GULLRSF1,2.8876
D,DISPATCH,UNIT_SCADA,1,"2019/08/22 11:45:00",GULLRWF1,137.0582
D,DISPATCH,UNIT_SCADA,1,"2019/08/22 11:45:00",GUNNING1,42.001830
D,DISPATCH,UNIT_SCADA,1,"2019/08/22 11:45:00",GUTHEGA,0
D,DISPATCH,UNIT_SCADA,1,"2019/08/22 11:45:00",HALLWF1,-0.48
D,DISPATCH,UNIT_SCADA,1,"2019/08/22 11:45:00",HALLWF2,-0.40
D,DISPATCH,UNIT_SCADA,1,"2019/08/22 11:45:00",HAMISF1,46.60
D,DISPATCH,UNIT_SCADA,1,"2019/08/22 11:45:00",HAUGHT11,50.055170
D,DISPATCH,UNIT_SCADA,1,"2019/08/22 11:45:00",HAYMSF1,0
D,DISPATCH,UNIT_SCADA,1,"2019/08/22 11:45:00",HDWF1,3.30
D,DISPATCH,UNIT_SCADA,1,"2019/08/22 11:45:00",HDWF2,3.40
D,DISPATCH,UNIT_SCADA,1,"2019/08/22 11:45:00",HDWF3,3.20
D,DISPATCH,UNIT_SCADA,1,"2019/08/22 11:45:00",HPRG1,0
D,DISPATCH,UNIT_SCADA,1,"2019/08/22 11:45:00",HPRL1,4
D,DISPATCH,UNIT_SCADA,1,"2019/08/22 11:45:00",HUMENSW,0
D,DISPATCH,UNIT_SCADA,1,"2019/08/22 11:45:00",HUMEV,9.30
D,DISPATCH,UNIT_SCADA,1,"2019/08/22 11:45:00",HVGTS,0
D,DISPATCH,UNIT_SCADA,1,"2019/08/22 11:45:00",JBUTTERS,134.42
D,DISPATCH,UNIT_SCADA,1,"2019/08/22 11:45:00",JLA01,0.50
D,DISPATCH,UNIT_SCADA,1,"2019/08/22 11:45:00",JLA02,0
D,DISPATCH,UNIT_SCADA,1,"2019/08/22 11:45:00",JLA03,0.10
D,DISPATCH,UNIT_SCADA,1,"2019/08/22 11:45:00",JLA04,0.10
D,DISPATCH,UNIT_SCADA,1,"2019/08/22 11:45:00",JLB01,0
D,DISPATCH,UNIT_SCADA,1,"2019/08/22 11:45:00",JLB02,0.10
D,DISPATCH,UNIT_SCADA,1,"2019/08/22 11:45:00",JLB03,0
D,DISPATCH,UNIT_SCADA,1,"2019/08/22 11:45:00",KAREEYA1,21.4925
D,DISPATCH,UNIT_SCADA,1,"2019/08/22 11:45:00",KAREEYA2,21.6375
D,DISPATCH,UNIT_SCADA,1,"2019/08/22 11:45:00",KAREEYA3,0
D,DISPATCH,UNIT_SCADA,1,"2019/08/22 11:45:00",KAREEYA4,21.7550
D,DISPATCH,UNIT_SCADA,1,"2019/08/22 11:45:00",KARSF1,68.40
D,DISPATCH,UNIT_SCADA,1,"2019/08/22 11:45:00",KIATAWF1,18.20
D,DISPATCH,UNIT_SCADA,1,"2019/08/22 11:45:00",KPP_1,0
D,DISPATCH,UNIT_SCADA,1,"2019/08/22 11:45:00",KSP1,47.62
D,DISPATCH,UNIT_SCADA,1,"2019/08/22 11:45:00",LADBROK1,0
D,DISPATCH,UNIT_SCADA,1,"2019/08/22 11:45:00",LADBROK2,0
D,DISPATCH,UNIT_SCADA,1,"2019/08/22 11:45:00",LD01,351.618710
D,DISPATCH,UNIT_SCADA,1,"2019/08/22 11:45:00",LD02,353.512450
D,DISPATCH,UNIT_SCADA,1,"2019/08/22 11:45:00",LD03,361.237520
D,DISPATCH,UNIT_SCADA,1,"2019/08/22 11:45:00",LD04,354.918730
D,DISPATCH,UNIT_SCADA,1,"2019/08/22 11:45:00",LEM_WIL,85.961150
D,DISPATCH,UNIT_SCADA,1,"2019/08/22 11:45:00",LGAPWF1,10.13
D,DISPATCH,UNIT_SCADA,1,"2019/08/22 11:45:00",LILYSF1,91.750390
D,DISPATCH,UNIT_SCADA,1,"2019/08/22 11:45:00",LI_WY_CA,148.420720
D,DISPATCH,UNIT_SCADA,1,"2019/08/22 11:45:00",LKBONNY2,27.200020
D,DISPATCH,UNIT_SCADA,1,"2019/08/22 11:45:00",LKBONNY3,6.531180
D,DISPATCH,UNIT_SCADA,1,"2019/08/22 11:45:00",LK_ECHO,0
D,DISPATCH,UNIT_SCADA,1,"2019/08/22 11:45:00",LNGS1,0
D,DISPATCH,UNIT_SCADA,1,"2019/08/22 11:45:00",LNGS2,0
D,DISPATCH,UNIT_SCADA,1,"2019/08/22 11:45:00",LONSDALE,0
D,DISPATCH,UNIT_SCADA,1,"2019/08/22 11:45:00",LOYYB1,534.960750
D,DISPATCH,UNIT_SCADA,1,"2019/08/22 11:45:00",LOYYB2,583.834170
D,DISPATCH,UNIT_SCADA,1,"2019/08/22 11:45:00",LYA1,559
D,DISPATCH,UNIT_SCADA,1,"2019/08/22 11:45:00",LYA2,0
D,DISPATCH,UNIT_SCADA,1,"2019/08/22 11:45:00",LYA3,560
D,DISPATCH,UNIT_SCADA,1,"2019/08/22 11:45:00",LYA4,540
D,DISPATCH,UNIT_SCADA,1,"2019/08/22 11:45:00",MACARTH1,250.094220
D,DISPATCH,UNIT_SCADA,1,"2019/08/22 11:45:00",MACKAYGT,0
D,DISPATCH,UNIT_SCADA,1,"2019/08/22 11:45:00",MACKNTSH,86.20
D,DISPATCH,UNIT_SCADA,1,"2019/08/22 11:45:00",MANSLR1,31.9880
D,DISPATCH,UNIT_SCADA,1,"2019/08/22 11:45:00",MCKAY1,0.02
D,DISPATCH,UNIT_SCADA,1,"2019/08/22 11:45:00",MEADOWBK,33.953040
D,DISPATCH,UNIT_SCADA,1,"2019/08/22 11:45:00",MERCER01,66.1660
D,DISPATCH,UNIT_SCADA,1,"2019/08/22 11:45:00",MEWF1,45.252610
D,DISPATCH,UNIT_SCADA,1,"2019/08/22 11:45:00",MINTARO,0
D,DISPATCH,UNIT_SCADA,1,"2019/08/22 11:45:00",MOREESF1,48.5340
D,DISPATCH,UNIT_SCADA,1,"2019/08/22 11:45:00",MORTLK11,125
D,DISPATCH,UNIT_SCADA,1,"2019/08/22 11:45:00",MORTLK12,0
D,DISPATCH,UNIT_SCADA,1,"2019/08/22 11:45:00",MP1,282.800050
D,DISPATCH,UNIT_SCADA,1,"2019/08/22 11:45:00",MP2,0
D,DISPATCH,UNIT_SCADA,1,"2019/08/22 11:45:00",MPP_1,291.25
D,DISPATCH,UNIT_SCADA,1,"2019/08/22 11:45:00",MPP_2,380
D,DISPATCH,UNIT_SCADA,1,"2019/08/22 11:45:00",MSTUART1,0
D,DISPATCH,UNIT_SCADA,1,"2019/08/22 11:45:00",MSTUART2,0
D,DISPATCH,UNIT_SCADA,1,"2019/08/22 11:45:00",MSTUART3,0
D,DISPATCH,UNIT_SCADA,1,"2019/08/22 11:45:00",MTGELWF1,63.821830
D,DISPATCH,UNIT_SCADA,1,"2019/08/22 11:45:00",MURRAY,0
D,DISPATCH,UNIT_SCADA,1,"2019/08/22 11:45:00",MUSSELR1,91.60
D,DISPATCH,UNIT_SCADA,1,"2019/08/22 11:45:00",MUWAWF1,39.19
D,DISPATCH,UNIT_SCADA,1,"2019/08/22 11:45:00",NBHWF1,-0.10
D,DISPATCH,UNIT_SCADA,1,"2019/08/22 11:45:00",NPS,0
D,DISPATCH,UNIT_SCADA,1,"2019/08/22 11:45:00",NUMURSF1,79.96
D,DISPATCH,UNIT_SCADA,1,"2019/08/22 11:45:00",NYNGAN1,101.25
D,DISPATCH,UNIT_SCADA,1,"2019/08/22 11:45:00",OAKEY1,0
D,DISPATCH,UNIT_SCADA,1,"2019/08/22 11:45:00",OAKEY1SF,21.6430
D,DISPATCH,UNIT_SCADA,1,"2019/08/22 11:45:00",OAKEY2,0
D,DISPATCH,UNIT_SCADA,1,"2019/08/22 11:45:00",OAKLAND1,56.60
D,DISPATCH,UNIT_SCADA,1,"2019/08/22 11:45:00",OSB-AG,138.56
D,DISPATCH,UNIT_SCADA,1,"2019/08/22 11:45:00",PARSF1,31.50
D,DISPATCH,UNIT_SCADA,1,"2019/08/22 11:45:00",POAT110,0
D,DISPATCH,UNIT_SCADA,1,"2019/08/22 11:45:00",POAT220,0
D,DISPATCH,UNIT_SCADA,1,"2019/08/22 11:45:00",POR01,0
D,DISPATCH,UNIT_SCADA,1,"2019/08/22 11:45:00",POR03,0
D,DISPATCH,UNIT_SCADA,1,"2019/08/22 11:45:00",PPCCGT,435.283050
D,DISPATCH,UNIT_SCADA,1,"2019/08/22 11:45:00",PTSTAN1,0
D,DISPATCH,UNIT_SCADA,1,"2019/08/22 11:45:00",PUMP1,0
D,DISPATCH,UNIT_SCADA,1,"2019/08/22 11:45:00",PUMP2,0
D,DISPATCH,UNIT_SCADA,1,"2019/08/22 11:45:00",QPS1,0
D,DISPATCH,UNIT_SCADA,1,"2019/08/22 11:45:00",QPS2,0
D,DISPATCH,UNIT_SCADA,1,"2019/08/22 11:45:00",QPS3,0
D,DISPATCH,UNIT_SCADA,1,"2019/08/22 11:45:00",QPS4,0
D,DISPATCH,UNIT_SCADA,1,"2019/08/22 11:45:00",QPS5,0
D,DISPATCH,UNIT_SCADA,1,"2019/08/22 11:45:00",REECE1,115.560010
D,DISPATCH,UNIT_SCADA,1,"2019/08/22 11:45:00",REECE2,118.010010
D,DISPATCH,UNIT_SCADA,1,"2019/08/22 11:45:00",ROMA_7,0
D,DISPATCH,UNIT_SCADA,1,"2019/08/22 11:45:00",ROMA_8,0
D,DISPATCH,UNIT_SCADA,1,"2019/08/22 11:45:00",RRSF1,110.518050
D,DISPATCH,UNIT_SCADA,1,"2019/08/22 11:45:00",RT_NSW1,0
D,DISPATCH,UNIT_SCADA,1,"2019/08/22 11:45:00",RT_NSW2,0
D,DISPATCH,UNIT_SCADA,1,"2019/08/22 11:45:00",RT_NSW3,0
D,DISPATCH,UNIT_SCADA,1,"2019/08/22 11:45:00",RT_NSW4,0
D,DISPATCH,UNIT_SCADA,1,"2019/08/22 11:45:00",RT_NSW5,0
D,DISPATCH,UNIT_SCADA,1,"2019/08/22 11:45:00",RT_NSW6,0
D,DISPATCH,UNIT_SCADA,1,"2019/08/22 11:45:00",RT_QLD1,0
D,DISPATCH,UNIT_SCADA,1,"2019/08/22 11:45:00",RT_SA1,0
D,DISPATCH,UNIT_SCADA,1,"2019/08/22 11:45:00",RT_SA2,0
D,DISPATCH,UNIT_SCADA,1,"2019/08/22 11:45:00",RT_SA3,0
D,DISPATCH,UNIT_SCADA,1,"2019/08/22 11:45:00",RT_SA4,0
D,DISPATCH,UNIT_SCADA,1,"2019/08/22 11:45:00",RT_SA5,0
D,DISPATCH,UNIT_SCADA,1,"2019/08/22 11:45:00",RT_SA6,0
D,DISPATCH,UNIT_SCADA,1,"2019/08/22 11:45:00",RT_TAS1,0
D,DISPATCH,UNIT_SCADA,1,"2019/08/22 11:45:00",RT_VIC1,0
D,DISPATCH,UNIT_SCADA,1,"2019/08/22 11:45:00",RT_VIC10,0
D,DISPATCH,UNIT_SCADA,1,"2019/08/22 11:45:00",RT_VIC11,0
D,DISPATCH,UNIT_SCADA,1,"2019/08/22 11:45:00",RT_VIC12,0
D,DISPATCH,UNIT_SCADA,1,"2019/08/22 11:45:00",RT_VIC2,0
D,DISPATCH,UNIT_SCADA,1,"2019/08/22 11:45:00",RT_VIC3,0
D,DISPATCH,UNIT_SCADA,1,"2019/08/22 11:45:00",RT_VIC4,0
D,DISPATCH,UNIT_SCADA,1,"2019/08/22 11:45:00",RT_VIC5,0
D,DISPATCH,UNIT_SCADA,1,"2019/08/22 11:45:00",RT_VIC6,0
D,DISPATCH,UNIT_SCADA,1,"2019/08/22 11:45:00",RT_VIC7,0
D,DISPATCH,UNIT_SCADA,1,"2019/08/22 11:45:00",RT_VIC8,0
D,DISPATCH,UNIT_SCADA,1,"2019/08/22 11:45:00",RT_VIC9,0
D,DISPATCH,UNIT_SCADA,1,"2019/08/22 11:45:00",RUGBYR1,28.451840
D,DISPATCH,UNIT_SCADA,1,"2019/08/22 11:45:00",SALTCRK1,27.05
D,DISPATCH,UNIT_SCADA,1,"2019/08/22 11:45:00",SAPHWF1,223.087520
D,DISPATCH,UNIT_SCADA,1,"2019/08/22 11:45:00",SHGEN,0
D,DISPATCH,UNIT_SCADA,1,"2019/08/22 11:45:00",SHPUMP,202.373020
D,DISPATCH,UNIT_SCADA,1,"2019/08/22 11:45:00",SITHE01,0.123710
D,DISPATCH,UNIT_SCADA,1,"2019/08/22 11:45:00",SMCSF1,0
D,DISPATCH,UNIT_SCADA,1,"2019/08/22 11:45:00",SNOWNTH1,1.10
D,DISPATCH,UNIT_SCADA,1,"2019/08/22 11:45:00",SNOWSTH1,2.60
D,DISPATCH,UNIT_SCADA,1,"2019/08/22 11:45:00",SNOWTWN1,-0.643030
D,DISPATCH,UNIT_SCADA,1,"2019/08/22 11:45:00",SNOWYP,0
D,DISPATCH,UNIT_SCADA,1,"2019/08/22 11:45:00",SNUG1,0.019440
D,DISPATCH,UNIT_SCADA,1,"2019/08/22 11:45:00",SRSF1,34.91
D,DISPATCH,UNIT_SCADA,1,"2019/08/22 11:45:00",STAN-1,0
D,DISPATCH,UNIT_SCADA,1,"2019/08/22 11:45:00",STAN-2,286.324010
D,DISPATCH,UNIT_SCADA,1,"2019/08/22 11:45:00",STAN-3,285.170410
D,DISPATCH,UNIT_SCADA,1,"2019/08/22 11:45:00",STAN-4,278.133450
D,DISPATCH,UNIT_SCADA,1,"2019/08/22 11:45:00",STWF1,21.802490
D,DISPATCH,UNIT_SCADA,1,"2019/08/22 11:45:00",SWAN_E,0
D,DISPATCH,UNIT_SCADA,1,"2019/08/22 11:45:00",TALWA1,190
D,DISPATCH,UNIT_SCADA,1,"2019/08/22 11:45:00",TARALGA1,96.423750
D,DISPATCH,UNIT_SCADA,1,"2019/08/22 11:45:00",TARONG#1,286.800020
D,DISPATCH,UNIT_SCADA,1,"2019/08/22 11:45:00",TARONG#2,288.100010
D,DISPATCH,UNIT_SCADA,1,"2019/08/22 11:45:00",TARONG#3,260.800020
D,DISPATCH,UNIT_SCADA,1,"2019/08/22 11:45:00",TARONG#4,280.300020
D,DISPATCH,UNIT_SCADA,1,"2019/08/22 11:45:00",TARRALEA,84.20
D,DISPATCH,UNIT_SCADA,1,"2019/08/22 11:45:00",TBSF1,23.70
D,DISPATCH,UNIT_SCADA,1,"2019/08/22 11:45:00",TNPS1,245.500020
D,DISPATCH,UNIT_SCADA,1,"2019/08/22 11:45:00",TORRA1,35.255460
D,DISPATCH,UNIT_SCADA,1,"2019/08/22 11:45:00",TORRA2,0
D,DISPATCH,UNIT_SCADA,1,"2019/08/22 11:45:00",TORRA3,35.858750
D,DISPATCH,UNIT_SCADA,1,"2019/08/22 11:45:00",TORRA4,17.229010
D,DISPATCH,UNIT_SCADA,1,"2019/08/22 11:45:00",TORRB1,65.30
D,DISPATCH,UNIT_SCADA,1,"2019/08/22 11:45:00",TORRB2,66.73
D,DISPATCH,UNIT_SCADA,1,"2019/08/22 11:45:00",TORRB3,0
D,DISPATCH,UNIT_SCADA,1,"2019/08/22 11:45:00",TORRB4,0
D,DISPATCH,UNIT_SCADA,1,"2019/08/22 11:45:00",TREVALLN,43.990010
D,DISPATCH,UNIT_SCADA,1,"2019/08/22 11:45:00",TRIBUTE,84.03
D,DISPATCH,UNIT_SCADA,1,"2019/08/22 11:45:00",TUMUT3,0
D,DISPATCH,UNIT_SCADA,1,"2019/08/22 11:45:00",TUNGATIN,107.490030
D,DISPATCH,UNIT_SCADA,1,"2019/08/22 11:45:00",TVCC201,0
D,DISPATCH,UNIT_SCADA,1,"2019/08/22 11:45:00",TVPP104,0
D,DISPATCH,UNIT_SCADA,1,"2019/08/22 11:45:00",UPPTUMUT,0
D,DISPATCH,UNIT_SCADA,1,"2019/08/22 11:45:00",URANQ11,0
D,DISPATCH,UNIT_SCADA,1,"2019/08/22 11:45:00",URANQ12,0
D,DISPATCH,UNIT_SCADA,1,"2019/08/22 11:45:00",URANQ13,0
D,DISPATCH,UNIT_SCADA,1,"2019/08/22 11:45:00",URANQ14,0
D,DISPATCH,UNIT_SCADA,1,"2019/08/22 11:45:00",VP5,204.725010
D,DISPATCH,UNIT_SCADA,1,"2019/08/22 11:45:00",VP6,601.049990
D,DISPATCH,UNIT_SCADA,1,"2019/08/22 11:45:00",VPGS1,0
D,DISPATCH,UNIT_SCADA,1,"2019/08/22 11:45:00",VPGS2,0
D,DISPATCH,UNIT_SCADA,1,"2019/08/22 11:45:00",VPGS3,0
D,DISPATCH,UNIT_SCADA,1,"2019/08/22 11:45:00",VPGS4,0
D,DISPATCH,UNIT_SCADA,1,"2019/08/22 11:45:00",VPGS5,0
D,DISPATCH,UNIT_SCADA,1,"2019/08/22 11:45:00",VPGS6,0
D,DISPATCH,UNIT_SCADA,1,"2019/08/22 11:45:00",W/HOE#1,0
D,DISPATCH,UNIT_SCADA,1,"2019/08/22 11:45:00",W/HOE#2,0
D,DISPATCH,UNIT_SCADA,1,"2019/08/22 11:45:00",WATERLWF,3
D,DISPATCH,UNIT_SCADA,1,"2019/08/22 11:45:00",WEMENSF1,63.30
D,DISPATCH,UNIT_SCADA,1,"2019/08/22 11:45:00",WGWF1,4
D,DISPATCH,UNIT_SCADA,1,"2019/08/22 11:45:00",WHITSF1,0
D,DISPATCH,UNIT_SCADA,1,"2019/08/22 11:45:00",WKIEWA1,0
D,DISPATCH,UNIT_SCADA,1,"2019/08/22 11:45:00",WKIEWA2,6.40
D,DISPATCH,UNIT_SCADA,1,"2019/08/22 11:45:00",WOODLWN1,30.608980
D,DISPATCH,UNIT_SCADA,1,"2019/08/22 11:45:00",WRSF1,4.60
D,DISPATCH,UNIT_SCADA,1,"2019/08/22 11:45:00",WRWF1,162.09
D,DISPATCH,UNIT_SCADA,1,"2019/08/22 11:45:00",YABULU,0
D,DISPATCH,UNIT_SCADA,1,"2019/08/22 11:45:00",YABULU2,0
D,DISPATCH,UNIT_SCADA,1,"2019/08/22 11:45:00",YARWUN_1,0
D,DISPATCH,UNIT_SCADA,1,"2019/08/22 11:45:00",YENDWF1,41.86
D,DISPATCH,UNIT_SCADA,1,"2019/08/22 11:45:00",YWPS1,350.625310
D,DISPATCH,UNIT_SCADA,1,"2019/08/22 11:45:00",YWPS2,281.701260
D,DISPATCH,UNIT_SCADA,1,"2019/08/22 11:45:00",YWPS3,0
D,DISPATCH,UNIT_SCADA,1,"2019/08/22 11:45:00",YWPS4,391.568360
C,"END OF REPORT",334
