C,NEMP.WORLD,DISPATCHSCADA,AEMO,PUBLIC,2019/08/19,20:30:08,0000000311759643,DISPATCHSCADA,0000000311759637
I,DISPATCH,UNIT_SCADA,1,SETTLEMENTDATE,DUID,SCADAVALUE
D,DISPATCH,UNIT_SCADA,1,"2019/08/19 20:35:00",BARCSF1,1.10
D,DISPATCH,UNIT_SCADA,1,"2019/08/19 20:35:00",BUTLERSG,9.699999
D,DISPATCH,UNIT_SCADA,1,"2019/08/19 20:35:00",CALL_A_4,0
D,DISPATCH,UNIT_SCADA,1,"2019/08/19 20:35:00",CAPTL_WF,133.699997
D,DISPATCH,UNIT_SCADA,1,"2019/08/19 20:35:00",CATHROCK,30.239998
D,DISPATCH,UNIT_SCADA,1,"2019/08/19 20:35:00",CHALLHWF,14.80
D,DISPATCH,UNIT_SCADA,1,"2019/08/19 20:35:00",CLOVER,0
D,DISPATCH,UNIT_SCADA,1,"2019/08/19 20:35:00",CLUNY,12.053559
D,DISPATCH,UNIT_SCADA,1,"2019/08/19 20:35:00",CNUNDAWF,36.842979
D,DISPATCH,UNIT_SCADA,1,"2019/08/19 20:35:00",CULLRGWF,30.209999
D,DISPATCH,UNIT_SCADA,1,"2019/08/19 20:35:00",ERGT01,0
D,DISPATCH,UNIT_SCADA,1,"2019/08/19 20:35:00",GB01,0.068871
D,DISPATCH,UNIT_SCADA,1,"2019/08/19 20:35:00",GERMCRK,36.50
D,DISPATCH,UNIT_SCADA,1,"2019/08/19 20:35:00",GRIFSF1,0
D,DISPATCH,UNIT_SCADA,1,"2019/08/19 20:35:00",HUGSF1,-0.1880
D,DISPATCH,UNIT_SCADA,1,"2019/08/19 20:35:00",LKBONNY1,62.337936
D,DISPATCH,UNIT_SCADA,1,"2019/08/19 20:35:00",LRSF1,0.0240
D,DISPATCH,UNIT_SCADA,1,"2019/08/19 20:35:00",MBAHNTH,58.031250
D,DISPATCH,UNIT_SCADA,1,"2019/08/19 20:35:00",MLSP1,0.304001
D,DISPATCH,UNIT_SCADA,1,"2019/08/19 20:35:00",MLWF1,14.639999
D,DISPATCH,UNIT_SCADA,1,"2019/08/19 20:35:00",MTMILLAR,4.435021
D,DISPATCH,UNIT_SCADA,1,"2019/08/19 20:35:00",PALOONA,12.639999
D,DISPATCH,UNIT_SCADA,1,"2019/08/19 20:35:00",PIONEER,41.100002
D,DISPATCH,UNIT_SCADA,1,"2019/08/19 20:35:00",PORTWF,134.699997
D,DISPATCH,UNIT_SCADA,1,"2019/08/19 20:35:00",REPULSE,29.190510
D,DISPATCH,UNIT_SCADA,1,"2019/08/19 20:35:00",ROWALLAN,9.8122
D,DISPATCH,UNIT_SCADA,1,"2019/08/19 20:35:00",ROYALLA1,0
D,DISPATCH,UNIT_SCADA,1,"2019/08/19 20:35:00",RPCG,-2.10
D,DISPATCH,UNIT_SCADA,1,"2019/08/19 20:35:00",RUBICON,0
D,DISPATCH,UNIT_SCADA,1,"2019/08/19 20:35:00",SATGN1,0
D,DISPATCH,UNIT_SCADA,1,"2019/08/19 20:35:00",SATGS1,0
D,DISPATCH,UNIT_SCADA,1,"2019/08/19 20:35:00",STARHLWF,9.897114
D,DISPATCH,UNIT_SCADA,1,"2019/08/19 20:35:00",WAUBRAWF,106.897003
D,DISPATCH,UNIT_SCADA,1,"2019/08/19 20:35:00",WOOLNTH1,126.000023
D,DISPATCH,UNIT_SCADA,1,"2019/08/19 20:35:00",WPWF,10
D,DISPATCH,UNIT_SCADA,1,"2019/08/19 20:35:00",YAMBUKWF,18.299999
D,DISPATCH,UNIT_SCADA,1,"2019/08/19 20:35:00",YSWF1,28.60
D,DISPATCH,UNIT_SCADA,1,"2019/08/19 20:35:00",AGLHAL,0
D,DISPATCH,UNIT_SCADA,1,"2019/08/19 20:35:00",AGLSOM,39.90
D,DISPATCH,UNIT_SCADA,1,"2019/08/19 20:35:00",ANGAST1,0
D,DISPATCH,UNIT_SCADA,1,"2019/08/19 20:35:00",ARWF1,22.70
D,DISPATCH,UNIT_SCADA,1,"2019/08/19 20:35:00",BALBG1,0.28
D,DISPATCH,UNIT_SCADA,1,"2019/08/19 20:35:00",BALBL1,0
D,DISPATCH,UNIT_SCADA,1,"2019/08/19 20:35:00",BALDHWF1,103.1190
D,DISPATCH,UNIT_SCADA,1,"2019/08/19 20:35:00",BANN1,0
D,DISPATCH,UNIT_SCADA,1,"2019/08/19 20:35:00",BARCALDN,0
D,DISPATCH,UNIT_SCADA,1,"2019/08/19 20:35:00",BARRON-1,0
D,DISPATCH,UNIT_SCADA,1,"2019/08/19 20:35:00",BARRON-2,29.16
D,DISPATCH,UNIT_SCADA,1,"2019/08/19 20:35:00",BASTYAN,80.30
D,DISPATCH,UNIT_SCADA,1,"2019/08/19 20:35:00",BBTHREE1,0
D,DISPATCH,UNIT_SCADA,1,"2019/08/19 20:35:00",BBTHREE2,0
D,DISPATCH,UNIT_SCADA,1,"2019/08/19 20:35:00",BBTHREE3,0
D,DISPATCH,UNIT_SCADA,1,"2019/08/19 20:35:00",BDL01,42.78
D,DISPATCH,UNIT_SCADA,1,"2019/08/19 20:35:00",BDL02,44.70
D,DISPATCH,UNIT_SCADA,1,"2019/08/19 20:35:00",BERYLSF1,0
D,DISPATCH,UNIT_SCADA,1,"2019/08/19 20:35:00",BLOWERNG,0
D,DISPATCH,UNIT_SCADA,1,"2019/08/19 20:35:00",BLUFF1,13.10
D,DISPATCH,UNIT_SCADA,1,"2019/08/19 20:35:00",BNGSF1,0
D,DISPATCH,UNIT_SCADA,1,"2019/08/19 20:35:00",BNGSF2,0
D,DISPATCH,UNIT_SCADA,1,"2019/08/19 20:35:00",BOCORWF1,102.06
D,DISPATCH,UNIT_SCADA,1,"2019/08/19 20:35:00",BODWF1,44.439880
D,DISPATCH,UNIT_SCADA,1,"2019/08/19 20:35:00",BRAEMAR1,0
D,DISPATCH,UNIT_SCADA,1,"2019/08/19 20:35:00",BRAEMAR2,38.40
D,DISPATCH,UNIT_SCADA,1,"2019/08/19 20:35:00",BRAEMAR3,0
D,DISPATCH,UNIT_SCADA,1,"2019/08/19 20:35:00",BRAEMAR5,130.600720
D,DISPATCH,UNIT_SCADA,1,"2019/08/19 20:35:00",BRAEMAR6,0
D,DISPATCH,UNIT_SCADA,1,"2019/08/19 20:35:00",BRAEMAR7,130.691360
D,DISPATCH,UNIT_SCADA,1,"2019/08/19 20:35:00",BROKENH1,0
D,DISPATCH,UNIT_SCADA,1,"2019/08/19 20:35:00",BW01,656.175050
D,DISPATCH,UNIT_SCADA,1,"2019/08/19 20:35:00",BW02,658.450070
D,DISPATCH,UNIT_SCADA,1,"2019/08/19 20:35:00",BW03,631.75
D,DISPATCH,UNIT_SCADA,1,"2019/08/19 20:35:00",BW04,0
D,DISPATCH,UNIT_SCADA,1,"2019/08/19 20:35:00",CALL_B_1,340
D,DISPATCH,UNIT_SCADA,1,"2019/08/19 20:35:00",CALL_B_2,280.100010
D,DISPATCH,UNIT_SCADA,1,"2019/08/19 20:35:00",CETHANA,69.803750
D,DISPATCH,UNIT_SCADA,1,"2019/08/19 20:35:00",CG1,0
D,DISPATCH,UNIT_SCADA,1,"2019/08/19 20:35:00",CG2,0
D,DISPATCH,UNIT_SCADA,1,"2019/08/19 20:35:00",CG3,0
D,DISPATCH,UNIT_SCADA,1,"2019/08/19 20:35:00",CG4,0
D,DISPATCH,UNIT_SCADA,1,"2019/08/19 20:35:00",CHILDSF1,0
D,DISPATCH,UNIT_SCADA,1,"2019/08/19 20:35:00",CLARESF1,0
D,DISPATCH,UNIT_SCADA,1,"2019/08/19 20:35:00",CLEMGPWF,8.932340
D,DISPATCH,UNIT_SCADA,1,"2019/08/19 20:35:00",CLERMSF1,0
D,DISPATCH,UNIT_SCADA,1,"2019/08/19 20:35:00",COLEASF1,0
D,DISPATCH,UNIT_SCADA,1,"2019/08/19 20:35:00",COOPGWF1,35.160290
D,DISPATCH,UNIT_SCADA,1,"2019/08/19 20:35:00",CPP_3,406.175020
D,DISPATCH,UNIT_SCADA,1,"2019/08/19 20:35:00",CPP_4,405.350010
D,DISPATCH,UNIT_SCADA,1,"2019/08/19 20:35:00",CPSA,142.146880
D,DISPATCH,UNIT_SCADA,1,"2019/08/19 20:35:00",CROOKWF2,52.463750
D,DISPATCH,UNIT_SCADA,1,"2019/08/19 20:35:00",CROWLWF1,28.590080
D,DISPATCH,UNIT_SCADA,1,"2019/08/19 20:35:00",CSPVPS1,0
D,DISPATCH,UNIT_SCADA,1,"2019/08/19 20:35:00",DALNTH01,0
D,DISPATCH,UNIT_SCADA,1,"2019/08/19 20:35:00",DALNTHL1,0.1236
D,DISPATCH,UNIT_SCADA,1,"2019/08/19 20:35:00",DARTM1,132.50
D,DISPATCH,UNIT_SCADA,1,"2019/08/19 20:35:00",DAYDSF1,0
D,DISPATCH,UNIT_SCADA,1,"2019/08/19 20:35:00",DDPS1,584.585020
D,DISPATCH,UNIT_SCADA,1,"2019/08/19 20:35:00",DDSF1,0
D,DISPATCH,UNIT_SCADA,1,"2019/08/19 20:35:00",DEVILS_G,60.792870
D,DISPATCH,UNIT_SCADA,1,"2019/08/19 20:35:00",DG_NSW1,0
D,DISPATCH,UNIT_SCADA,1,"2019/08/19 20:35:00",DG_QLD1,0
D,DISPATCH,UNIT_SCADA,1,"2019/08/19 20:35:00",DG_SA1,0
D,DISPATCH,UNIT_SCADA,1,"2019/08/19 20:35:00",DG_TAS1,0
D,DISPATCH,UNIT_SCADA,1,"2019/08/19 20:35:00",DG_VIC1,0
D,DISPATCH,UNIT_SCADA,1,"2019/08/19 20:35:00",DRYCGT1,0
D,DISPATCH,UNIT_SCADA,1,"2019/08/19 20:35:00",DRYCGT2,0
D,DISPATCH,UNIT_SCADA,1,"2019/08/19 20:35:00",DRYCGT3,0
D,DISPATCH,UNIT_SCADA,1,"2019/08/19 20:35:00",EILDON1,0
D,DISPATCH,UNIT_SCADA,1,"2019/08/19 20:35:00",EILDON2,0
D,DISPATCH,UNIT_SCADA,1,"2019/08/19 20:35:00",EMERASF1,0
D,DISPATCH,UNIT_SCADA,1,"2019/08/19 20:35:00",ER01,592.924930
D,DISPATCH,UNIT_SCADA,1,"2019/08/19 20:35:00",ER02,697.900020
D,DISPATCH,UNIT_SCADA,1,"2019/08/19 20:35:00",ER03,697.400020
D,DISPATCH,UNIT_SCADA,1,"2019/08/19 20:35:00",ER04,695.25
D,DISPATCH,UNIT_SCADA,1,"2019/08/19 20:35:00",FINLYSF1,0
D,DISPATCH,UNIT_SCADA,1,"2019/08/19 20:35:00",FISHER,45.78
D,DISPATCH,UNIT_SCADA,1,"2019/08/19 20:35:00",GANNBG1,0.276070
D,DISPATCH,UNIT_SCADA,1,"2019/08/19 20:35:00",GANNBL1,0.061070
D,DISPATCH,UNIT_SCADA,1,"2019/08/19 20:35:00",GANNSF1,0
D,DISPATCH,UNIT_SCADA,1,"2019/08/19 20:35:00",GORDON,109.377520
D,DISPATCH,UNIT_SCADA,1,"2019/08/19 20:35:00",GSTONE1,210
D,DISPATCH,UNIT_SCADA,1,"2019/08/19 20:35:00",GSTONE2,219.80
D,DISPATCH,UNIT_SCADA,1,"2019/08/19 20:35:00",GSTONE3,226.45
D,DISPATCH,UNIT_SCADA,1,"2019/08/19 20:35:00",GSTONE4,226.099990
D,DISPATCH,UNIT_SCADA,1,"2019/08/19 20:35:00",GSTONE5,225.399990
D,DISPATCH,UNIT_SCADA,1,"2019/08/19 20:35:00",GSTONE6,0
D,DISPATCH,UNIT_SCADA,1,"2019/08/19 20:35:00",GULLRSF1,0
D,DISPATCH,UNIT_SCADA,1,"2019/08/19 20:35:00",GULLRWF1,108.1106
D,DISPATCH,UNIT_SCADA,1,"2019/08/19 20:35:00",GUNNING1,40.916370
D,DISPATCH,UNIT_SCADA,1,"2019/08/19 20:35:00",GUTHEGA,0
D,DISPATCH,UNIT_SCADA,1,"2019/08/19 20:35:00",HALLWF1,57.61
D,DISPATCH,UNIT_SCADA,1,"2019/08/19 20:35:00",HALLWF2,16.17
D,DISPATCH,UNIT_SCADA,1,"2019/08/19 20:35:00",HAMISF1,0
D,DISPATCH,UNIT_SCADA,1,"2019/08/19 20:35:00",HAUGHT11,0
D,DISPATCH,UNIT_SCADA,1,"2019/08/19 20:35:00",HAYMSF1,0
D,DISPATCH,UNIT_SCADA,1,"2019/08/19 20:35:00",HDWF1,26.70
D,DISPATCH,UNIT_SCADA,1,"2019/08/19 20:35:00",HDWF2,21.50
D,DISPATCH,UNIT_SCADA,1,"2019/08/19 20:35:00",HDWF3,25.60
D,DISPATCH,UNIT_SCADA,1,"2019/08/19 20:35:00",HPRG1,7.20
D,DISPATCH,UNIT_SCADA,1,"2019/08/19 20:35:00",HPRL1,0
D,DISPATCH,UNIT_SCADA,1,"2019/08/19 20:35:00",HUMENSW,0
D,DISPATCH,UNIT_SCADA,1,"2019/08/19 20:35:00",HUMEV,8.50
D,DISPATCH,UNIT_SCADA,1,"2019/08/19 20:35:00",HVGTS,0
D,DISPATCH,UNIT_SCADA,1,"2019/08/19 20:35:00",JBUTTERS,137.759990
D,DISPATCH,UNIT_SCADA,1,"2019/08/19 20:35:00",JLA01,0.50
D,DISPATCH,UNIT_SCADA,1,"2019/08/19 20:35:00",JLA02,0
D,DISPATCH,UNIT_SCADA,1,"2019/08/19 20:35:00",JLA03,0.10
D,DISPATCH,UNIT_SCADA,1,"2019/08/19 20:35:00",JLA04,0.10
D,DISPATCH,UNIT_SCADA,1,"2019/08/19 20:35:00",JLB01,0
D,DISPATCH,UNIT_SCADA,1,"2019/08/19 20:35:00",JLB02,84.10
D,DISPATCH,UNIT_SCADA,1,"2019/08/19 20:35:00",JLB03,83.60
D,DISPATCH,UNIT_SCADA,1,"2019/08/19 20:35:00",KAREEYA1,21.4725
D,DISPATCH,UNIT_SCADA,1,"2019/08/19 20:35:00",KAREEYA2,21.43
D,DISPATCH,UNIT_SCADA,1,"2019/08/19 20:35:00",KAREEYA3,0
D,DISPATCH,UNIT_SCADA,1,"2019/08/19 20:35:00",KAREEYA4,21.5925
D,DISPATCH,UNIT_SCADA,1,"2019/08/19 20:35:00",KARSF1,0
D,DISPATCH,UNIT_SCADA,1,"2019/08/19 20:35:00",KIATAWF1,28.70
D,DISPATCH,UNIT_SCADA,1,"2019/08/19 20:35:00",KPP_1,0
D,DISPATCH,UNIT_SCADA,1,"2019/08/19 20:35:00",KSP1,0
D,DISPATCH,UNIT_SCADA,1,"2019/08/19 20:35:00",LADBROK1,42.62
D,DISPATCH,UNIT_SCADA,1,"2019/08/19 20:35:00",LADBROK2,42.23
D,DISPATCH,UNIT_SCADA,1,"2019/08/19 20:35:00",LD01,411.543730
D,DISPATCH,UNIT_SCADA,1,"2019/08/19 20:35:00",LD02,418.406250
D,DISPATCH,UNIT_SCADA,1,"2019/08/19 20:35:00",LD03,416.212590
D,DISPATCH,UNIT_SCADA,1,"2019/08/19 20:35:00",LD04,374.718750
D,DISPATCH,UNIT_SCADA,1,"2019/08/19 20:35:00",LEM_WIL,78.8412
D,DISPATCH,UNIT_SCADA,1,"2019/08/19 20:35:00",LGAPWF1,3.90
D,DISPATCH,UNIT_SCADA,1,"2019/08/19 20:35:00",LILYSF1,0
D,DISPATCH,UNIT_SCADA,1,"2019/08/19 20:35:00",LI_WY_CA,142.294650
D,DISPATCH,UNIT_SCADA,1,"2019/08/19 20:35:00",LKBONNY2,137.083370
D,DISPATCH,UNIT_SCADA,1,"2019/08/19 20:35:00",LKBONNY3,35.167870
D,DISPATCH,UNIT_SCADA,1,"2019/08/19 20:35:00",LK_ECHO,0
D,DISPATCH,UNIT_SCADA,1,"2019/08/19 20:35:00",LNGS1,0
D,DISPATCH,UNIT_SCADA,1,"2019/08/19 20:35:00",LNGS2,0
D,DISPATCH,UNIT_SCADA,1,"2019/08/19 20:35:00",LONSDALE,0
D,DISPATCH,UNIT_SCADA,1,"2019/08/19 20:35:00",LOYYB1,530.825320
D,DISPATCH,UNIT_SCADA,1,"2019/08/19 20:35:00",LOYYB2,581.202510
D,DISPATCH,UNIT_SCADA,1,"2019/08/19 20:35:00",LYA1,561
D,DISPATCH,UNIT_SCADA,1,"2019/08/19 20:35:00",LYA2,0
D,DISPATCH,UNIT_SCADA,1,"2019/08/19 20:35:00",LYA3,562
D,DISPATCH,UNIT_SCADA,1,"2019/08/19 20:35:00",LYA4,541
D,DISPATCH,UNIT_SCADA,1,"2019/08/19 20:35:00",MACARTH1,146.796620
D,DISPATCH,UNIT_SCADA,1,"2019/08/19 20:35:00",MACKAYGT,0
D,DISPATCH,UNIT_SCADA,1,"2019/08/19 20:35:00",MACKNTSH,85.040010
D,DISPATCH,UNIT_SCADA,1,"2019/08/19 20:35:00",MANSLR1,0
D,DISPATCH,UNIT_SCADA,1,"2019/08/19 20:35:00",MCKAY1,0.02
D,DISPATCH,UNIT_SCADA,1,"2019/08/19 20:35:00",MEADOWBK,33.695820
D,DISPATCH,UNIT_SCADA,1,"2019/08/19 20:35:00",MERCER01,115.1720
D,DISPATCH,UNIT_SCADA,1,"2019/08/19 20:35:00",MEWF1,150.962170
D,DISPATCH,UNIT_SCADA,1,"2019/08/19 20:35:00",MINTARO,0
D,DISPATCH,UNIT_SCADA,1,"2019/08/19 20:35:00",MOREESF1,0
D,DISPATCH,UNIT_SCADA,1,"2019/08/19 20:35:00",MORTLK11,124
D,DISPATCH,UNIT_SCADA,1,"2019/08/19 20:35:00",MORTLK12,0
D,DISPATCH,UNIT_SCADA,1,"2019/08/19 20:35:00",MP1,276.849980
D,DISPATCH,UNIT_SCADA,1,"2019/08/19 20:35:00",MP2,0
D,DISPATCH,UNIT_SCADA,1,"2019/08/19 20:35:00",MPP_1,428.50
D,DISPATCH,UNIT_SCADA,1,"2019/08/19 20:35:00",MPP_2,434.75
D,DISPATCH,UNIT_SCADA,1,"2019/08/19 20:35:00",MSTUART1,0
D,DISPATCH,UNIT_SCADA,1,"2019/08/19 20:35:00",MSTUART2,0
D,DISPATCH,UNIT_SCADA,1,"2019/08/19 20:35:00",MSTUART3,0
D,DISPATCH,UNIT_SCADA,1,"2019/08/19 20:35:00",MTGELWF1,63.881340
D,DISPATCH,UNIT_SCADA,1,"2019/08/19 20:35:00",MURRAY,54.90
D,DISPATCH,UNIT_SCADA,1,"2019/08/19 20:35:00",MUSSELR1,163
D,DISPATCH,UNIT_SCADA,1,"2019/08/19 20:35:00",MUWAWF1,57.70
D,DISPATCH,UNIT_SCADA,1,"2019/08/19 20:35:00",NBHWF1,57.40
D,DISPATCH,UNIT_SCADA,1,"2019/08/19 20:35:00",NPS,508.50
D,DISPATCH,UNIT_SCADA,1,"2019/08/19 20:35:00",NUMURSF1,0
D,DISPATCH,UNIT_SCADA,1,"2019/08/19 20:35:00",NYNGAN1,0
D,DISPATCH,UNIT_SCADA,1,"2019/08/19 20:35:00",OAKEY1,0
D,DISPATCH,UNIT_SCADA,1,"2019/08/19 20:35:00",OAKEY1SF,0.05
D,DISPATCH,UNIT_SCADA,1,"2019/08/19 20:35:00",OAKEY2,0
D,DISPATCH,UNIT_SCADA,1,"2019/08/19 20:35:00",OAKLAND1,51
D,DISPATCH,UNIT_SCADA,1,"2019/08/19 20:35:00",OSB-AG,184.649990
D,DISPATCH,UNIT_SCADA,1,"2019/08/19 20:35:00",PARSF1,0
D,DISPATCH,UNIT_SCADA,1,"2019/08/19 20:35:00",POAT110,1.316320
D,DISPATCH,UNIT_SCADA,1,"2019/08/19 20:35:00",POAT220,97.673760
D,DISPATCH,UNIT_SCADA,1,"2019/08/19 20:35:00",POR01,0
D,DISPATCH,UNIT_SCADA,1,"2019/08/19 20:35:00",POR03,0
D,DISPATCH,UNIT_SCADA,1,"2019/08/19 20:35:00",PPCCGT,497.695770
D,DISPATCH,UNIT_SCADA,1,"2019/08/19 20:35:00",PTSTAN1,0
D,DISPATCH,UNIT_SCADA,1,"2019/08/19 20:35:00",PUMP1,0
D,DISPATCH,UNIT_SCADA,1,"2019/08/19 20:35:00",PUMP2,0
D,DISPATCH,UNIT_SCADA,1,"2019/08/19 20:35:00",QPS1,29
D,DISPATCH,UNIT_SCADA,1,"2019/08/19 20:35:00",QPS2,0
D,DISPATCH,UNIT_SCADA,1,"2019/08/19 20:35:00",QPS3,24
D,DISPATCH,UNIT_SCADA,1,"2019/08/19 20:35:00",QPS4,24.10
D,DISPATCH,UNIT_SCADA,1,"2019/08/19 20:35:00",QPS5,0
D,DISPATCH,UNIT_SCADA,1,"2019/08/19 20:35:00",REECE1,113.77
D,DISPATCH,UNIT_SCADA,1,"2019/08/19 20:35:00",REECE2,112.680010
D,DISPATCH,UNIT_SCADA,1,"2019/08/19 20:35:00",ROMA_7,0
D,DISPATCH,UNIT_SCADA,1,"2019/08/19 20:35:00",ROMA_8,0
D,DISPATCH,UNIT_SCADA,1,"2019/08/19 20:35:00",RRSF1,0
D,DISPATCH,UNIT_SCADA,1,"2019/08/19 20:35:00",RT_NSW1,0
D,DISPATCH,UNIT_SCADA,1,"2019/08/19 20:35:00",RT_NSW2,0
D,DISPATCH,UNIT_SCADA,1,"2019/08/19 20:35:00",RT_NSW3,0
D,DISPATCH,UNIT_SCADA,1,"2019/08/19 20:35:00",RT_NSW4,0
D,DISPATCH,UNIT_SCADA,1,"2019/08/19 20:35:00",RT_NSW5,0
D,DISPATCH,UNIT_SCADA,1,"2019/08/19 20:35:00",RT_NSW6,0
D,DISPATCH,UNIT_SCADA,1,"2019/08/19 20:35:00",RT_QLD1,0
D,DISPATCH,UNIT_SCADA,1,"2019/08/19 20:35:00",RT_SA1,0
D,DISPATCH,UNIT_SCADA,1,"2019/08/19 20:35:00",RT_SA2,0
D,DISPATCH,UNIT_SCADA,1,"2019/08/19 20:35:00",RT_SA3,0
D,DISPATCH,UNIT_SCADA,1,"2019/08/19 20:35:00",RT_SA4,0
D,DISPATCH,UNIT_SCADA,1,"2019/08/19 20:35:00",RT_SA5,0
D,DISPATCH,UNIT_SCADA,1,"2019/08/19 20:35:00",RT_SA6,0
D,DISPATCH,UNIT_SCADA,1,"2019/08/19 20:35:00",RT_TAS1,0
D,DISPATCH,UNIT_SCADA,1,"2019/08/19 20:35:00",RT_VIC1,0
D,DISPATCH,UNIT_SCADA,1,"2019/08/19 20:35:00",RT_VIC10,0
D,DISPATCH,UNIT_SCADA,1,"2019/08/19 20:35:00",RT_VIC11,0
D,DISPATCH,UNIT_SCADA,1,"2019/08/19 20:35:00",RT_VIC12,0
D,DISPATCH,UNIT_SCADA,1,"2019/08/19 20:35:00",RT_VIC2,0
D,DISPATCH,UNIT_SCADA,1,"2019/08/19 20:35:00",RT_VIC3,0
D,DISPATCH,UNIT_SCADA,1,"2019/08/19 20:35:00",RT_VIC4,0
D,DISPATCH,UNIT_SCADA,1,"2019/08/19 20:35:00",RT_VIC5,0
D,DISPATCH,UNIT_SCADA,1,"2019/08/19 20:35:00",RT_VIC6,0
D,DISPATCH,UNIT_SCADA,1,"2019/08/19 20:35:00",RT_VIC7,0
D,DISPATCH,UNIT_SCADA,1,"2019/08/19 20:35:00",RT_VIC8,0
D,DISPATCH,UNIT_SCADA,1,"2019/08/19 20:35:00",RT_VIC9,0
D,DISPATCH,UNIT_SCADA,1,"2019/08/19 20:35:00",RUGBYR1,0
D,DISPATCH,UNIT_SCADA,1,"2019/08/19 20:35:00",SALTCRK1,38.42
D,DISPATCH,UNIT_SCADA,1,"2019/08/19 20:35:00",SAPHWF1,245.118770
D,DISPATCH,UNIT_SCADA,1,"2019/08/19 20:35:00",SHGEN,199.858060
D,DISPATCH,UNIT_SCADA,1,"2019/08/19 20:35:00",SHPUMP,0
D,DISPATCH,UNIT_SCADA,1,"2019/08/19 20:35:00",SITHE01,0.043330
D,DISPATCH,UNIT_SCADA,1,"2019/08/19 20:35:00",SMCSF1,0
D,DISPATCH,UNIT_SCADA,1,"2019/08/19 20:35:00",SNOWNTH1,25.60
D,DISPATCH,UNIT_SCADA,1,"2019/08/19 20:35:00",SNOWSTH1,28.70
D,DISPATCH,UNIT_SCADA,1,"2019/08/19 20:35:00",SNOWTWN1,19.696310
D,DISPATCH,UNIT_SCADA,1,"2019/08/19 20:35:00",SNOWYP,0
D,DISPATCH,UNIT_SCADA,1,"2019/08/19 20:35:00",SNUG1,0.019440
D,DISPATCH,UNIT_SCADA,1,"2019/08/19 20:35:00",SRSF1,0.30
D,DISPATCH,UNIT_SCADA,1,"2019/08/19 20:35:00",STAN-1,0
D,DISPATCH,UNIT_SCADA,1,"2019/08/19 20:35:00",STAN-2,311.254640
D,DISPATCH,UNIT_SCADA,1,"2019/08/19 20:35:00",STAN-3,310.703460
D,DISPATCH,UNIT_SCADA,1,"2019/08/19 20:35:00",STAN-4,307.037570
D,DISPATCH,UNIT_SCADA,1,"2019/08/19 20:35:00",STWF1,37.473750
D,DISPATCH,UNIT_SCADA,1,"2019/08/19 20:35:00",SWAN_E,0
D,DISPATCH,UNIT_SCADA,1,"2019/08/19 20:35:00",TALWA1,422
D,DISPATCH,UNIT_SCADA,1,"2019/08/19 20:35:00",TARALGA1,88.631240
D,DISPATCH,UNIT_SCADA,1,"2019/08/19 20:35:00",TARONG#1,332.700010
D,DISPATCH,UNIT_SCADA,1,"2019/08/19 20:35:00",TARONG#2,333
D,DISPATCH,UNIT_SCADA,1,"2019/08/19 20:35:00",TARONG#3,260.300020
D,DISPATCH,UNIT_SCADA,1,"2019/08/19 20:35:00",TARONG#4,330.300020
D,DISPATCH,UNIT_SCADA,1,"2019/08/19 20:35:00",TARRALEA,79
D,DISPATCH,UNIT_SCADA,1,"2019/08/19 20:35:00",TBSF1,-0.20
D,DISPATCH,UNIT_SCADA,1,"2019/08/19 20:35:00",TNPS1,442.000030
D,DISPATCH,UNIT_SCADA,1,"2019/08/19 20:35:00",TORRA1,96.380490
D,DISPATCH,UNIT_SCADA,1,"2019/08/19 20:35:00",TORRA2,0
D,DISPATCH,UNIT_SCADA,1,"2019/08/19 20:35:00",TORRA3,47.858360
D,DISPATCH,UNIT_SCADA,1,"2019/08/19 20:35:00",TORRA4,0
D,DISPATCH,UNIT_SCADA,1,"2019/08/19 20:35:00",TORRB1,112.88
D,DISPATCH,UNIT_SCADA,1,"2019/08/19 20:35:00",TORRB2,193.399990
D,DISPATCH,UNIT_SCADA,1,"2019/08/19 20:35:00",TORRB3,0
D,DISPATCH,UNIT_SCADA,1,"2019/08/19 20:35:00",TORRB4,0
D,DISPATCH,UNIT_SCADA,1,"2019/08/19 20:35:00",TREVALLN,39.730010
D,DISPATCH,UNIT_SCADA,1,"2019/08/19 20:35:00",TRIBUTE,83.75
D,DISPATCH,UNIT_SCADA,1,"2019/08/19 20:35:00",TUMUT3,431.099980
D,DISPATCH,UNIT_SCADA,1,"2019/08/19 20:35:00",TUNGATIN,120.090030
D,DISPATCH,UNIT_SCADA,1,"2019/08/19 20:35:00",TVCC201,0
D,DISPATCH,UNIT_SCADA,1,"2019/08/19 20:35:00",TVPP104,57.885170
D,DISPATCH,UNIT_SCADA,1,"2019/08/19 20:35:00",UPPTUMUT,187.956920
D,DISPATCH,UNIT_SCADA,1,"2019/08/19 20:35:00",URANQ11,0
D,DISPATCH,UNIT_SCADA,1,"2019/08/19 20:35:00",URANQ12,0
D,DISPATCH,UNIT_SCADA,1,"2019/08/19 20:35:00",URANQ13,0
D,DISPATCH,UNIT_SCADA,1,"2019/08/19 20:35:00",URANQ14,0
D,DISPATCH,UNIT_SCADA,1,"2019/08/19 20:35:00",VP5,630.424990
D,DISPATCH,UNIT_SCADA,1,"2019/08/19 20:35:00",VP6,626.900020
D,DISPATCH,UNIT_SCADA,1,"2019/08/19 20:35:00",VPGS1,0
D,DISPATCH,UNIT_SCADA,1,"2019/08/19 20:35:00",VPGS2,0
D,DISPATCH,UNIT_SCADA,1,"2019/08/19 20:35:00",VPGS3,0
D,DISPATCH,UNIT_SCADA,1,"2019/08/19 20:35:00",VPGS4,0
D,DISPATCH,UNIT_SCADA,1,"2019/08/19 20:35:00",VPGS5,0
D,DISPATCH,UNIT_SCADA,1,"2019/08/19 20:35:00",VPGS6,0
D,DISPATCH,UNIT_SCADA,1,"2019/08/19 20:35:00",W/HOE#1,201.25
D,DISPATCH,UNIT_SCADA,1,"2019/08/19 20:35:00",W/HOE#2,0
D,DISPATCH,UNIT_SCADA,1,"2019/08/19 20:35:00",WATERLWF,60.60
D,DISPATCH,UNIT_SCADA,1,"2019/08/19 20:35:00",WEMENSF1,0
D,DISPATCH,UNIT_SCADA,1,"2019/08/19 20:35:00",WGWF1,39.10
D,DISPATCH,UNIT_SCADA,1,"2019/08/19 20:35:00",WHITSF1,0
D,DISPATCH,UNIT_SCADA,1,"2019/08/19 20:35:00",WKIEWA1,16.60
D,DISPATCH,UNIT_SCADA,1,"2019/08/19 20:35:00",WKIEWA2,16.70
D,DISPATCH,UNIT_SCADA,1,"2019/08/19 20:35:00",WOODLWN1,44.892010
D,DISPATCH,UNIT_SCADA,1,"2019/08/19 20:35:00",WRSF1,0
D,DISPATCH,UNIT_SCADA,1,"2019/08/19 20:35:00",WRWF1,153.257490
D,DISPATCH,UNIT_SCADA,1,"2019/08/19 20:35:00",YABULU,0
D,DISPATCH,UNIT_SCADA,1,"2019/08/19 20:35:00",YABULU2,0
D,DISPATCH,UNIT_SCADA,1,"2019/08/19 20:35:00",YARWUN_1,0
D,DISPATCH,UNIT_SCADA,1,"2019/08/19 20:35:00",YENDWF1,42.09
D,DISPATCH,UNIT_SCADA,1,"2019/08/19 20:35:00",YWPS1,375.939240
D,DISPATCH,UNIT_SCADA,1,"2019/08/19 20:35:00",YWPS2,275.184810
D,DISPATCH,UNIT_SCADA,1,"2019/08/19 20:35:00",YWPS3,0
D,DISPATCH,UNIT_SCADA,1,"2019/08/19 20:35:00",YWPS4,394.673430
C,"END OF REPORT",334
