C,NEMP.WORLD,DISPATCHSCADA,AEMO,PUBLIC,2019/09/05,21:05:07,0000000312436800,DISPATCHSCADA,0000000312436794
I,DISPATCH,UNIT_SCADA,1,SETTLEMENTDATE,DUID,SCADAVALUE
D,DISPATCH,UNIT_SCADA,1,"2019/09/05 21:10:00",BARCSF1,0.30
D,DISPATCH,UNIT_SCADA,1,"2019/09/05 21:10:00",BUTLERSG,10.199999
D,DISPATCH,UNIT_SCADA,1,"2019/09/05 21:10:00",CALL_A_4,0
D,DISPATCH,UNIT_SCADA,1,"2019/09/05 21:10:00",CAPTL_WF,34.608002
D,DISPATCH,UNIT_SCADA,1,"2019/09/05 21:10:00",CATHROCK,0
D,DISPATCH,UNIT_SCADA,1,"2019/09/05 21:10:00",CHALLHWF,13.10
D,DISPATCH,UNIT_SCADA,1,"2019/09/05 21:10:00",CLOVER,-0.01
D,DISPATCH,UNIT_SCADA,1,"2019/09/05 21:10:00",CLUNY,17.149462
D,DISPATCH,UNIT_SCADA,1,"2019/09/05 21:10:00",CNUNDAWF,1.001168
D,DISPATCH,UNIT_SCADA,1,"2019/09/05 21:10:00",CULLRGWF,11.73
D,DISPATCH,UNIT_SCADA,1,"2019/09/05 21:10:00",ERGT01,0
D,DISPATCH,UNIT_SCADA,1,"2019/09/05 21:10:00",GB01,0.018784
D,DISPATCH,UNIT_SCADA,1,"2019/09/05 21:10:00",GERMCRK,36.799999
D,DISPATCH,UNIT_SCADA,1,"2019/09/05 21:10:00",GRIFSF1,0
D,DISPATCH,UNIT_SCADA,1,"2019/09/05 21:10:00",HUGSF1,-0.1310
D,DISPATCH,UNIT_SCADA,1,"2019/09/05 21:10:00",LKBONNY1,2.143425
D,DISPATCH,UNIT_SCADA,1,"2019/09/05 21:10:00",LRSF1,-0.0010
D,DISPATCH,UNIT_SCADA,1,"2019/09/05 21:10:00",MBAHNTH,46.856247
D,DISPATCH,UNIT_SCADA,1,"2019/09/05 21:10:00",MLSP1,0
D,DISPATCH,UNIT_SCADA,1,"2019/09/05 21:10:00",MLWF1,-0.0150
D,DISPATCH,UNIT_SCADA,1,"2019/09/05 21:10:00",MTMILLAR,23.774990
D,DISPATCH,UNIT_SCADA,1,"2019/09/05 21:10:00",PALOONA,25.529999
D,DISPATCH,UNIT_SCADA,1,"2019/09/05 21:10:00",PIONEER,45.900002
D,DISPATCH,UNIT_SCADA,1,"2019/09/05 21:10:00",PORTWF,33.299999
D,DISPATCH,UNIT_SCADA,1,"2019/09/05 21:10:00",REPULSE,32.943008
D,DISPATCH,UNIT_SCADA,1,"2019/09/05 21:10:00",ROWALLAN,10.3376
D,DISPATCH,UNIT_SCADA,1,"2019/09/05 21:10:00",ROYALLA1,0
D,DISPATCH,UNIT_SCADA,1,"2019/09/05 21:10:00",RPCG,10.10
D,DISPATCH,UNIT_SCADA,1,"2019/09/05 21:10:00",RUBICON,0
D,DISPATCH,UNIT_SCADA,1,"2019/09/05 21:10:00",SATGN1,0
D,DISPATCH,UNIT_SCADA,1,"2019/09/05 21:10:00",SATGS1,0
D,DISPATCH,UNIT_SCADA,1,"2019/09/05 21:10:00",STARHLWF,30.591080
D,DISPATCH,UNIT_SCADA,1,"2019/09/05 21:10:00",WAUBRAWF,48.990002
D,DISPATCH,UNIT_SCADA,1,"2019/09/05 21:10:00",WOOLNTH1,115.810013
D,DISPATCH,UNIT_SCADA,1,"2019/09/05 21:10:00",WPWF,38
D,DISPATCH,UNIT_SCADA,1,"2019/09/05 21:10:00",YAMBUKWF,2.90
D,DISPATCH,UNIT_SCADA,1,"2019/09/05 21:10:00",YSWF1,6.10
D,DISPATCH,UNIT_SCADA,1,"2019/09/05 21:10:00",AGLHAL,0
D,DISPATCH,UNIT_SCADA,1,"2019/09/05 21:10:00",AGLSOM,118.80
D,DISPATCH,UNIT_SCADA,1,"2019/09/05 21:10:00",ANGAST1,0
D,DISPATCH,UNIT_SCADA,1,"2019/09/05 21:10:00",ARWF1,29.40
D,DISPATCH,UNIT_SCADA,1,"2019/09/05 21:10:00",BALBG1,0
D,DISPATCH,UNIT_SCADA,1,"2019/09/05 21:10:00",BALBL1,0
D,DISPATCH,UNIT_SCADA,1,"2019/09/05 21:10:00",BALDHWF1,66.5290
D,DISPATCH,UNIT_SCADA,1,"2019/09/05 21:10:00",BANN1,0
D,DISPATCH,UNIT_SCADA,1,"2019/09/05 21:10:00",BARCALDN,0
D,DISPATCH,UNIT_SCADA,1,"2019/09/05 21:10:00",BARRON-1,32.40
D,DISPATCH,UNIT_SCADA,1,"2019/09/05 21:10:00",BARRON-2,0
D,DISPATCH,UNIT_SCADA,1,"2019/09/05 21:10:00",BASTYAN,81.23
D,DISPATCH,UNIT_SCADA,1,"2019/09/05 21:10:00",BBTHREE1,0
D,DISPATCH,UNIT_SCADA,1,"2019/09/05 21:10:00",BBTHREE2,0
D,DISPATCH,UNIT_SCADA,1,"2019/09/05 21:10:00",BBTHREE3,0
D,DISPATCH,UNIT_SCADA,1,"2019/09/05 21:10:00",BDL01,43.92
D,DISPATCH,UNIT_SCADA,1,"2019/09/05 21:10:00",BDL02,43.92
D,DISPATCH,UNIT_SCADA,1,"2019/09/05 21:10:00",BERYLSF1,0
D,DISPATCH,UNIT_SCADA,1,"2019/09/05 21:10:00",BLOWERNG,15.40
D,DISPATCH,UNIT_SCADA,1,"2019/09/05 21:10:00",BLUFF1,40.70
D,DISPATCH,UNIT_SCADA,1,"2019/09/05 21:10:00",BNGSF1,0
D,DISPATCH,UNIT_SCADA,1,"2019/09/05 21:10:00",BNGSF2,0
D,DISPATCH,UNIT_SCADA,1,"2019/09/05 21:10:00",BOCORWF1,0
D,DISPATCH,UNIT_SCADA,1,"2019/09/05 21:10:00",BODWF1,7.450590
D,DISPATCH,UNIT_SCADA,1,"2019/09/05 21:10:00",BRAEMAR1,0
D,DISPATCH,UNIT_SCADA,1,"2019/09/05 21:10:00",BRAEMAR2,0
D,DISPATCH,UNIT_SCADA,1,"2019/09/05 21:10:00",BRAEMAR3,173.400010
D,DISPATCH,UNIT_SCADA,1,"2019/09/05 21:10:00",BRAEMAR5,89.470760
D,DISPATCH,UNIT_SCADA,1,"2019/09/05 21:10:00",BRAEMAR6,0
D,DISPATCH,UNIT_SCADA,1,"2019/09/05 21:10:00",BRAEMAR7,0
D,DISPATCH,UNIT_SCADA,1,"2019/09/05 21:10:00",BROKENH1,0
D,DISPATCH,UNIT_SCADA,1,"2019/09/05 21:10:00",BW01,543.349980
D,DISPATCH,UNIT_SCADA,1,"2019/09/05 21:10:00",BW02,622.474980
D,DISPATCH,UNIT_SCADA,1,"2019/09/05 21:10:00",BW03,631.200070
D,DISPATCH,UNIT_SCADA,1,"2019/09/05 21:10:00",BW04,0
D,DISPATCH,UNIT_SCADA,1,"2019/09/05 21:10:00",CALL_B_1,342.600010
D,DISPATCH,UNIT_SCADA,1,"2019/09/05 21:10:00",CALL_B_2,291.800020
D,DISPATCH,UNIT_SCADA,1,"2019/09/05 21:10:00",CETHANA,96.927120
D,DISPATCH,UNIT_SCADA,1,"2019/09/05 21:10:00",CG1,0
D,DISPATCH,UNIT_SCADA,1,"2019/09/05 21:10:00",CG2,0
D,DISPATCH,UNIT_SCADA,1,"2019/09/05 21:10:00",CG3,0
D,DISPATCH,UNIT_SCADA,1,"2019/09/05 21:10:00",CG4,0
D,DISPATCH,UNIT_SCADA,1,"2019/09/05 21:10:00",CHILDSF1,0
D,DISPATCH,UNIT_SCADA,1,"2019/09/05 21:10:00",CLARESF1,0
D,DISPATCH,UNIT_SCADA,1,"2019/09/05 21:10:00",CLEMGPWF,22.546960
D,DISPATCH,UNIT_SCADA,1,"2019/09/05 21:10:00",CLERMSF1,0
D,DISPATCH,UNIT_SCADA,1,"2019/09/05 21:10:00",COLEASF1,0
D,DISPATCH,UNIT_SCADA,1,"2019/09/05 21:10:00",COOPGWF1,13.147250
D,DISPATCH,UNIT_SCADA,1,"2019/09/05 21:10:00",CPP_3,405.6250
D,DISPATCH,UNIT_SCADA,1,"2019/09/05 21:10:00",CPP_4,403.425020
D,DISPATCH,UNIT_SCADA,1,"2019/09/05 21:10:00",CPSA,142.0475
D,DISPATCH,UNIT_SCADA,1,"2019/09/05 21:10:00",CROOKWF2,31.213750
D,DISPATCH,UNIT_SCADA,1,"2019/09/05 21:10:00",CROWLWF1,23.070720
D,DISPATCH,UNIT_SCADA,1,"2019/09/05 21:10:00",CSPVPS1,0
D,DISPATCH,UNIT_SCADA,1,"2019/09/05 21:10:00",DALNTH01,0
D,DISPATCH,UNIT_SCADA,1,"2019/09/05 21:10:00",DALNTHL1,0.0473
D,DISPATCH,UNIT_SCADA,1,"2019/09/05 21:10:00",DARTM1,131.899990
D,DISPATCH,UNIT_SCADA,1,"2019/09/05 21:10:00",DAYDSF1,0
D,DISPATCH,UNIT_SCADA,1,"2019/09/05 21:10:00",DDPS1,606.9693
D,DISPATCH,UNIT_SCADA,1,"2019/09/05 21:10:00",DDSF1,0
D,DISPATCH,UNIT_SCADA,1,"2019/09/05 21:10:00",DEVILS_G,64.032710
D,DISPATCH,UNIT_SCADA,1,"2019/09/05 21:10:00",DG_NSW1,0
D,DISPATCH,UNIT_SCADA,1,"2019/09/05 21:10:00",DG_QLD1,0
D,DISPATCH,UNIT_SCADA,1,"2019/09/05 21:10:00",DG_SA1,0
D,DISPATCH,UNIT_SCADA,1,"2019/09/05 21:10:00",DG_TAS1,0
D,DISPATCH,UNIT_SCADA,1,"2019/09/05 21:10:00",DG_VIC1,0
D,DISPATCH,UNIT_SCADA,1,"2019/09/05 21:10:00",DRYCGT1,0
D,DISPATCH,UNIT_SCADA,1,"2019/09/05 21:10:00",DRYCGT2,0
D,DISPATCH,UNIT_SCADA,1,"2019/09/05 21:10:00",DRYCGT3,0
D,DISPATCH,UNIT_SCADA,1,"2019/09/05 21:10:00",EILDON1,0
D,DISPATCH,UNIT_SCADA,1,"2019/09/05 21:10:00",EILDON2,0
D,DISPATCH,UNIT_SCADA,1,"2019/09/05 21:10:00",EMERASF1,0
D,DISPATCH,UNIT_SCADA,1,"2019/09/05 21:10:00",ER01,575.8750
D,DISPATCH,UNIT_SCADA,1,"2019/09/05 21:10:00",ER02,682.650020
D,DISPATCH,UNIT_SCADA,1,"2019/09/05 21:10:00",ER03,0
D,DISPATCH,UNIT_SCADA,1,"2019/09/05 21:10:00",ER04,661.775020
D,DISPATCH,UNIT_SCADA,1,"2019/09/05 21:10:00",FINLYSF1,0
D,DISPATCH,UNIT_SCADA,1,"2019/09/05 21:10:00",FISHER,46.06
D,DISPATCH,UNIT_SCADA,1,"2019/09/05 21:10:00",GANNBG1,1.509180
D,DISPATCH,UNIT_SCADA,1,"2019/09/05 21:10:00",GANNBL1,0
D,DISPATCH,UNIT_SCADA,1,"2019/09/05 21:10:00",GANNSF1,0
D,DISPATCH,UNIT_SCADA,1,"2019/09/05 21:10:00",GORDON,23.638720
D,DISPATCH,UNIT_SCADA,1,"2019/09/05 21:10:00",GSTONE1,200.3750
D,DISPATCH,UNIT_SCADA,1,"2019/09/05 21:10:00",GSTONE2,203.524990
D,DISPATCH,UNIT_SCADA,1,"2019/09/05 21:10:00",GSTONE3,0
D,DISPATCH,UNIT_SCADA,1,"2019/09/05 21:10:00",GSTONE4,201.599990
D,DISPATCH,UNIT_SCADA,1,"2019/09/05 21:10:00",GSTONE5,200.20
D,DISPATCH,UNIT_SCADA,1,"2019/09/05 21:10:00",GSTONE6,199.149990
D,DISPATCH,UNIT_SCADA,1,"2019/09/05 21:10:00",GULLRSF1,0
D,DISPATCH,UNIT_SCADA,1,"2019/09/05 21:10:00",GULLRWF1,37.5592
D,DISPATCH,UNIT_SCADA,1,"2019/09/05 21:10:00",GUNNING1,27.163160
D,DISPATCH,UNIT_SCADA,1,"2019/09/05 21:10:00",GUTHEGA,31.10
D,DISPATCH,UNIT_SCADA,1,"2019/09/05 21:10:00",HALLWF1,86.23
D,DISPATCH,UNIT_SCADA,1,"2019/09/05 21:10:00",HALLWF2,58.94
D,DISPATCH,UNIT_SCADA,1,"2019/09/05 21:10:00",HAMISF1,0
D,DISPATCH,UNIT_SCADA,1,"2019/09/05 21:10:00",HAUGHT11,0
D,DISPATCH,UNIT_SCADA,1,"2019/09/05 21:10:00",HAYMSF1,0
D,DISPATCH,UNIT_SCADA,1,"2019/09/05 21:10:00",HDWF1,74.10
D,DISPATCH,UNIT_SCADA,1,"2019/09/05 21:10:00",HDWF2,55.90
D,DISPATCH,UNIT_SCADA,1,"2019/09/05 21:10:00",HDWF3,65.80
D,DISPATCH,UNIT_SCADA,1,"2019/09/05 21:10:00",HPRG1,0
D,DISPATCH,UNIT_SCADA,1,"2019/09/05 21:10:00",HPRL1,14.10
D,DISPATCH,UNIT_SCADA,1,"2019/09/05 21:10:00",HUMENSW,0
D,DISPATCH,UNIT_SCADA,1,"2019/09/05 21:10:00",HUMEV,23.60
D,DISPATCH,UNIT_SCADA,1,"2019/09/05 21:10:00",HVGTS,0
D,DISPATCH,UNIT_SCADA,1,"2019/09/05 21:10:00",JBUTTERS,23.64
D,DISPATCH,UNIT_SCADA,1,"2019/09/05 21:10:00",JLA01,0.10
D,DISPATCH,UNIT_SCADA,1,"2019/09/05 21:10:00",JLA02,0
D,DISPATCH,UNIT_SCADA,1,"2019/09/05 21:10:00",JLA03,0
D,DISPATCH,UNIT_SCADA,1,"2019/09/05 21:10:00",JLA04,0
D,DISPATCH,UNIT_SCADA,1,"2019/09/05 21:10:00",JLB01,0
D,DISPATCH,UNIT_SCADA,1,"2019/09/05 21:10:00",JLB02,0.10
D,DISPATCH,UNIT_SCADA,1,"2019/09/05 21:10:00",JLB03,0
D,DISPATCH,UNIT_SCADA,1,"2019/09/05 21:10:00",KAREEYA1,21.4625
D,DISPATCH,UNIT_SCADA,1,"2019/09/05 21:10:00",KAREEYA2,21.7275
D,DISPATCH,UNIT_SCADA,1,"2019/09/05 21:10:00",KAREEYA3,0
D,DISPATCH,UNIT_SCADA,1,"2019/09/05 21:10:00",KAREEYA4,21.5275
D,DISPATCH,UNIT_SCADA,1,"2019/09/05 21:10:00",KARSF1,0
D,DISPATCH,UNIT_SCADA,1,"2019/09/05 21:10:00",KIATAWF1,23.90
D,DISPATCH,UNIT_SCADA,1,"2019/09/05 21:10:00",KPP_1,0
D,DISPATCH,UNIT_SCADA,1,"2019/09/05 21:10:00",KSP1,0
D,DISPATCH,UNIT_SCADA,1,"2019/09/05 21:10:00",LADBROK1,41.86
D,DISPATCH,UNIT_SCADA,1,"2019/09/05 21:10:00",LADBROK2,42.69
D,DISPATCH,UNIT_SCADA,1,"2019/09/05 21:10:00",LD01,424.6312
D,DISPATCH,UNIT_SCADA,1,"2019/09/05 21:10:00",LD02,399.693790
D,DISPATCH,UNIT_SCADA,1,"2019/09/05 21:10:00",LD03,422.831270
D,DISPATCH,UNIT_SCADA,1,"2019/09/05 21:10:00",LD04,384.862520
D,DISPATCH,UNIT_SCADA,1,"2019/09/05 21:10:00",LEM_WIL,85.3420
D,DISPATCH,UNIT_SCADA,1,"2019/09/05 21:10:00",LGAPWF1,15.79
D,DISPATCH,UNIT_SCADA,1,"2019/09/05 21:10:00",LILYSF1,0
D,DISPATCH,UNIT_SCADA,1,"2019/09/05 21:10:00",LI_WY_CA,139.134960
D,DISPATCH,UNIT_SCADA,1,"2019/09/05 21:10:00",LKBONNY2,8.003870
D,DISPATCH,UNIT_SCADA,1,"2019/09/05 21:10:00",LKBONNY3,7.480150
D,DISPATCH,UNIT_SCADA,1,"2019/09/05 21:10:00",LK_ECHO,0
D,DISPATCH,UNIT_SCADA,1,"2019/09/05 21:10:00",LNGS1,0
D,DISPATCH,UNIT_SCADA,1,"2019/09/05 21:10:00",LNGS2,0
D,DISPATCH,UNIT_SCADA,1,"2019/09/05 21:10:00",LONSDALE,0
D,DISPATCH,UNIT_SCADA,1,"2019/09/05 21:10:00",LOYYB1,531.577210
D,DISPATCH,UNIT_SCADA,1,"2019/09/05 21:10:00",LOYYB2,578.946840
D,DISPATCH,UNIT_SCADA,1,"2019/09/05 21:10:00",LYA1,0
D,DISPATCH,UNIT_SCADA,1,"2019/09/05 21:10:00",LYA2,0
D,DISPATCH,UNIT_SCADA,1,"2019/09/05 21:10:00",LYA3,559
D,DISPATCH,UNIT_SCADA,1,"2019/09/05 21:10:00",LYA4,539
D,DISPATCH,UNIT_SCADA,1,"2019/09/05 21:10:00",MACARTH1,0
D,DISPATCH,UNIT_SCADA,1,"2019/09/05 21:10:00",MACKAYGT,0.2240
D,DISPATCH,UNIT_SCADA,1,"2019/09/05 21:10:00",MACKNTSH,88.670010
D,DISPATCH,UNIT_SCADA,1,"2019/09/05 21:10:00",MANSLR1,0
D,DISPATCH,UNIT_SCADA,1,"2019/09/05 21:10:00",MCKAY1,0.0750
D,DISPATCH,UNIT_SCADA,1,"2019/09/05 21:10:00",MEADOWBK,34.181680
D,DISPATCH,UNIT_SCADA,1,"2019/09/05 21:10:00",MERCER01,76.3320
D,DISPATCH,UNIT_SCADA,1,"2019/09/05 21:10:00",MEWF1,23.852030
D,DISPATCH,UNIT_SCADA,1,"2019/09/05 21:10:00",MINTARO,0
D,DISPATCH,UNIT_SCADA,1,"2019/09/05 21:10:00",MOREESF1,0
D,DISPATCH,UNIT_SCADA,1,"2019/09/05 21:10:00",MORTLK11,260
D,DISPATCH,UNIT_SCADA,1,"2019/09/05 21:10:00",MORTLK12,0
D,DISPATCH,UNIT_SCADA,1,"2019/09/05 21:10:00",MP1,222.400020
D,DISPATCH,UNIT_SCADA,1,"2019/09/05 21:10:00",MP2,0
D,DISPATCH,UNIT_SCADA,1,"2019/09/05 21:10:00",MPP_1,399.25
D,DISPATCH,UNIT_SCADA,1,"2019/09/05 21:10:00",MPP_2,434.75
D,DISPATCH,UNIT_SCADA,1,"2019/09/05 21:10:00",MSTUART1,0
D,DISPATCH,UNIT_SCADA,1,"2019/09/05 21:10:00",MSTUART2,0
D,DISPATCH,UNIT_SCADA,1,"2019/09/05 21:10:00",MSTUART3,0
D,DISPATCH,UNIT_SCADA,1,"2019/09/05 21:10:00",MTGELWF1,-0.408950
D,DISPATCH,UNIT_SCADA,1,"2019/09/05 21:10:00",MURRAY,0
D,DISPATCH,UNIT_SCADA,1,"2019/09/05 21:10:00",MUSSELR1,41
D,DISPATCH,UNIT_SCADA,1,"2019/09/05 21:10:00",MUWAWF1,30.27
D,DISPATCH,UNIT_SCADA,1,"2019/09/05 21:10:00",NBHWF1,103.20
D,DISPATCH,UNIT_SCADA,1,"2019/09/05 21:10:00",NPS,511.1250
D,DISPATCH,UNIT_SCADA,1,"2019/09/05 21:10:00",NUMURSF1,0
D,DISPATCH,UNIT_SCADA,1,"2019/09/05 21:10:00",NYNGAN1,0
D,DISPATCH,UNIT_SCADA,1,"2019/09/05 21:10:00",OAKEY1,0
D,DISPATCH,UNIT_SCADA,1,"2019/09/05 21:10:00",OAKEY1SF,0
D,DISPATCH,UNIT_SCADA,1,"2019/09/05 21:10:00",OAKEY2,0
D,DISPATCH,UNIT_SCADA,1,"2019/09/05 21:10:00",OAKEY2SF,0
D,DISPATCH,UNIT_SCADA,1,"2019/09/05 21:10:00",OAKLAND1,-0.30
D,DISPATCH,UNIT_SCADA,1,"2019/09/05 21:10:00",OSB-AG,160.049990
D,DISPATCH,UNIT_SCADA,1,"2019/09/05 21:10:00",PARSF1,0
D,DISPATCH,UNIT_SCADA,1,"2019/09/05 21:10:00",POAT110,0
D,DISPATCH,UNIT_SCADA,1,"2019/09/05 21:10:00",POAT220,0
D,DISPATCH,UNIT_SCADA,1,"2019/09/05 21:10:00",POR01,0
D,DISPATCH,UNIT_SCADA,1,"2019/09/05 21:10:00",POR03,0
D,DISPATCH,UNIT_SCADA,1,"2019/09/05 21:10:00",PPCCGT,478.233730
D,DISPATCH,UNIT_SCADA,1,"2019/09/05 21:10:00",PTSTAN1,0
D,DISPATCH,UNIT_SCADA,1,"2019/09/05 21:10:00",PUMP1,0
D,DISPATCH,UNIT_SCADA,1,"2019/09/05 21:10:00",PUMP2,0
D,DISPATCH,UNIT_SCADA,1,"2019/09/05 21:10:00",QPS1,29
D,DISPATCH,UNIT_SCADA,1,"2019/09/05 21:10:00",QPS2,0
D,DISPATCH,UNIT_SCADA,1,"2019/09/05 21:10:00",QPS3,0
D,DISPATCH,UNIT_SCADA,1,"2019/09/05 21:10:00",QPS4,0
D,DISPATCH,UNIT_SCADA,1,"2019/09/05 21:10:00",QPS5,0
D,DISPATCH,UNIT_SCADA,1,"2019/09/05 21:10:00",REECE1,117.040010
D,DISPATCH,UNIT_SCADA,1,"2019/09/05 21:10:00",REECE2,117.400010
D,DISPATCH,UNIT_SCADA,1,"2019/09/05 21:10:00",ROMA_7,0
D,DISPATCH,UNIT_SCADA,1,"2019/09/05 21:10:00",ROMA_8,0
D,DISPATCH,UNIT_SCADA,1,"2019/09/05 21:10:00",RRSF1,0
D,DISPATCH,UNIT_SCADA,1,"2019/09/05 21:10:00",RT_NSW1,0
D,DISPATCH,UNIT_SCADA,1,"2019/09/05 21:10:00",RT_NSW2,0
D,DISPATCH,UNIT_SCADA,1,"2019/09/05 21:10:00",RT_NSW3,0
D,DISPATCH,UNIT_SCADA,1,"2019/09/05 21:10:00",RT_NSW4,0
D,DISPATCH,UNIT_SCADA,1,"2019/09/05 21:10:00",RT_NSW5,0
D,DISPATCH,UNIT_SCADA,1,"2019/09/05 21:10:00",RT_NSW6,0
D,DISPATCH,UNIT_SCADA,1,"2019/09/05 21:10:00",RT_QLD1,0
D,DISPATCH,UNIT_SCADA,1,"2019/09/05 21:10:00",RT_SA1,0
D,DISPATCH,UNIT_SCADA,1,"2019/09/05 21:10:00",RT_SA2,0
D,DISPATCH,UNIT_SCADA,1,"2019/09/05 21:10:00",RT_SA3,0
D,DISPATCH,UNIT_SCADA,1,"2019/09/05 21:10:00",RT_SA4,0
D,DISPATCH,UNIT_SCADA,1,"2019/09/05 21:10:00",RT_SA5,0
D,DISPATCH,UNIT_SCADA,1,"2019/09/05 21:10:00",RT_SA6,0
D,DISPATCH,UNIT_SCADA,1,"2019/09/05 21:10:00",RT_TAS1,0
D,DISPATCH,UNIT_SCADA,1,"2019/09/05 21:10:00",RT_VIC1,0
D,DISPATCH,UNIT_SCADA,1,"2019/09/05 21:10:00",RT_VIC10,0
D,DISPATCH,UNIT_SCADA,1,"2019/09/05 21:10:00",RT_VIC11,0
D,DISPATCH,UNIT_SCADA,1,"2019/09/05 21:10:00",RT_VIC12,0
D,DISPATCH,UNIT_SCADA,1,"2019/09/05 21:10:00",RT_VIC2,0
D,DISPATCH,UNIT_SCADA,1,"2019/09/05 21:10:00",RT_VIC3,0
D,DISPATCH,UNIT_SCADA,1,"2019/09/05 21:10:00",RT_VIC4,0
D,DISPATCH,UNIT_SCADA,1,"2019/09/05 21:10:00",RT_VIC5,0
D,DISPATCH,UNIT_SCADA,1,"2019/09/05 21:10:00",RT_VIC6,0
D,DISPATCH,UNIT_SCADA,1,"2019/09/05 21:10:00",RT_VIC7,0
D,DISPATCH,UNIT_SCADA,1,"2019/09/05 21:10:00",RT_VIC8,0
D,DISPATCH,UNIT_SCADA,1,"2019/09/05 21:10:00",RT_VIC9,0
D,DISPATCH,UNIT_SCADA,1,"2019/09/05 21:10:00",RUGBYR1,0
D,DISPATCH,UNIT_SCADA,1,"2019/09/05 21:10:00",SALTCRK1,1.08
D,DISPATCH,UNIT_SCADA,1,"2019/09/05 21:10:00",SAPHWF1,43.284390
D,DISPATCH,UNIT_SCADA,1,"2019/09/05 21:10:00",SHGEN,78.884370
D,DISPATCH,UNIT_SCADA,1,"2019/09/05 21:10:00",SHPUMP,0
D,DISPATCH,UNIT_SCADA,1,"2019/09/05 21:10:00",SITHE01,0.1840
D,DISPATCH,UNIT_SCADA,1,"2019/09/05 21:10:00",SMCSF1,0
D,DISPATCH,UNIT_SCADA,1,"2019/09/05 21:10:00",SNOWNTH1,85.80
D,DISPATCH,UNIT_SCADA,1,"2019/09/05 21:10:00",SNOWSTH1,89.80
D,DISPATCH,UNIT_SCADA,1,"2019/09/05 21:10:00",SNOWTWN1,76.827490
D,DISPATCH,UNIT_SCADA,1,"2019/09/05 21:10:00",SNOWYP,0
D,DISPATCH,UNIT_SCADA,1,"2019/09/05 21:10:00",SNUG1,0.019440
D,DISPATCH,UNIT_SCADA,1,"2019/09/05 21:10:00",SRSF1,0.22
D,DISPATCH,UNIT_SCADA,1,"2019/09/05 21:10:00",STAN-1,265.302830
D,DISPATCH,UNIT_SCADA,1,"2019/09/05 21:10:00",STAN-2,357.924260
D,DISPATCH,UNIT_SCADA,1,"2019/09/05 21:10:00",STAN-3,367.511960
D,DISPATCH,UNIT_SCADA,1,"2019/09/05 21:10:00",STAN-4,364.602330
D,DISPATCH,UNIT_SCADA,1,"2019/09/05 21:10:00",STWF1,0
D,DISPATCH,UNIT_SCADA,1,"2019/09/05 21:10:00",SWAN_E,0
D,DISPATCH,UNIT_SCADA,1,"2019/09/05 21:10:00",TALWA1,415
D,DISPATCH,UNIT_SCADA,1,"2019/09/05 21:10:00",TARALGA1,19.826260
D,DISPATCH,UNIT_SCADA,1,"2019/09/05 21:10:00",TARONG#1,349.200010
D,DISPATCH,UNIT_SCADA,1,"2019/09/05 21:10:00",TARONG#2,0
D,DISPATCH,UNIT_SCADA,1,"2019/09/05 21:10:00",TARONG#3,349.800020
D,DISPATCH,UNIT_SCADA,1,"2019/09/05 21:10:00",TARONG#4,349.50
D,DISPATCH,UNIT_SCADA,1,"2019/09/05 21:10:00",TARRALEA,73.90
D,DISPATCH,UNIT_SCADA,1,"2019/09/05 21:10:00",TBSF1,-0.20
D,DISPATCH,UNIT_SCADA,1,"2019/09/05 21:10:00",TNPS1,397.600010
D,DISPATCH,UNIT_SCADA,1,"2019/09/05 21:10:00",TORRA1,53.2801
D,DISPATCH,UNIT_SCADA,1,"2019/09/05 21:10:00",TORRA2,0
D,DISPATCH,UNIT_SCADA,1,"2019/09/05 21:10:00",TORRA3,0
D,DISPATCH,UNIT_SCADA,1,"2019/09/05 21:10:00",TORRA4,53.087760
D,DISPATCH,UNIT_SCADA,1,"2019/09/05 21:10:00",TORRB1,76.45
D,DISPATCH,UNIT_SCADA,1,"2019/09/05 21:10:00",TORRB2,76.64
D,DISPATCH,UNIT_SCADA,1,"2019/09/05 21:10:00",TORRB3,76.94
D,DISPATCH,UNIT_SCADA,1,"2019/09/05 21:10:00",TORRB4,0
D,DISPATCH,UNIT_SCADA,1,"2019/09/05 21:10:00",TREVALLN,92.330030
D,DISPATCH,UNIT_SCADA,1,"2019/09/05 21:10:00",TRIBUTE,0
D,DISPATCH,UNIT_SCADA,1,"2019/09/05 21:10:00",TUMUT3,266.31
D,DISPATCH,UNIT_SCADA,1,"2019/09/05 21:10:00",TUNGATIN,45.650030
D,DISPATCH,UNIT_SCADA,1,"2019/09/05 21:10:00",TVCC201,0
D,DISPATCH,UNIT_SCADA,1,"2019/09/05 21:10:00",TVPP104,0
D,DISPATCH,UNIT_SCADA,1,"2019/09/05 21:10:00",UPPTUMUT,555.716130
D,DISPATCH,UNIT_SCADA,1,"2019/09/05 21:10:00",URANQ11,0
D,DISPATCH,UNIT_SCADA,1,"2019/09/05 21:10:00",URANQ12,0
D,DISPATCH,UNIT_SCADA,1,"2019/09/05 21:10:00",URANQ13,0
D,DISPATCH,UNIT_SCADA,1,"2019/09/05 21:10:00",URANQ14,0
D,DISPATCH,UNIT_SCADA,1,"2019/09/05 21:10:00",VP5,411.499970
D,DISPATCH,UNIT_SCADA,1,"2019/09/05 21:10:00",VP6,0
D,DISPATCH,UNIT_SCADA,1,"2019/09/05 21:10:00",VPGS1,0
D,DISPATCH,UNIT_SCADA,1,"2019/09/05 21:10:00",VPGS2,0
D,DISPATCH,UNIT_SCADA,1,"2019/09/05 21:10:00",VPGS3,0
D,DISPATCH,UNIT_SCADA,1,"2019/09/05 21:10:00",VPGS4,0
D,DISPATCH,UNIT_SCADA,1,"2019/09/05 21:10:00",VPGS5,0
D,DISPATCH,UNIT_SCADA,1,"2019/09/05 21:10:00",VPGS6,0
D,DISPATCH,UNIT_SCADA,1,"2019/09/05 21:10:00",W/HOE#1,0
D,DISPATCH,UNIT_SCADA,1,"2019/09/05 21:10:00",W/HOE#2,0
D,DISPATCH,UNIT_SCADA,1,"2019/09/05 21:10:00",WATERLWF,109.40
D,DISPATCH,UNIT_SCADA,1,"2019/09/05 21:10:00",WEMENSF1,0
D,DISPATCH,UNIT_SCADA,1,"2019/09/05 21:10:00",WGWF1,66
D,DISPATCH,UNIT_SCADA,1,"2019/09/05 21:10:00",WHITSF1,0
D,DISPATCH,UNIT_SCADA,1,"2019/09/05 21:10:00",WKIEWA1,15.30
D,DISPATCH,UNIT_SCADA,1,"2019/09/05 21:10:00",WKIEWA2,15.30
D,DISPATCH,UNIT_SCADA,1,"2019/09/05 21:10:00",WOODLWN1,9.080990
D,DISPATCH,UNIT_SCADA,1,"2019/09/05 21:10:00",WRSF1,0
D,DISPATCH,UNIT_SCADA,1,"2019/09/05 21:10:00",WRWF1,19.386250
D,DISPATCH,UNIT_SCADA,1,"2019/09/05 21:10:00",YABULU,160.470020
D,DISPATCH,UNIT_SCADA,1,"2019/09/05 21:10:00",YABULU2,0
D,DISPATCH,UNIT_SCADA,1,"2019/09/05 21:10:00",YARWUN_1,164.849990
D,DISPATCH,UNIT_SCADA,1,"2019/09/05 21:10:00",YENDWF1,42.20
D,DISPATCH,UNIT_SCADA,1,"2019/09/05 21:10:00",YWPS1,379.949370
D,DISPATCH,UNIT_SCADA,1,"2019/09/05 21:10:00",YWPS2,278.192410
D,DISPATCH,UNIT_SCADA,1,"2019/09/05 21:10:00",YWPS3,322.692410
D,DISPATCH,UNIT_SCADA,1,"2019/09/05 21:10:00",YWPS4,388.463290
C,"END OF REPORT",335
