C,NEMP.WORLD,DISPATCHSCADA,AEMO,PUBLIC,2019/08/21,19:30:07,0000000311838422,DISPATCHSCADA,0000000311838416
I,DISPATCH,UNIT_SCADA,1,SETTLEMENTDATE,DUID,SCADAVALUE
D,DISPATCH,UNIT_SCADA,1,"2019/08/21 19:35:00",BARCSF1,0.70
D,DISPATCH,UNIT_SCADA,1,"2019/08/21 19:35:00",BUTLERSG,9.599998
D,DISPATCH,UNIT_SCADA,1,"2019/08/21 19:35:00",CALL_A_4,0
D,DISPATCH,UNIT_SCADA,1,"2019/08/21 19:35:00",CAPTL_WF,130.279999
D,DISPATCH,UNIT_SCADA,1,"2019/08/21 19:35:00",CATHROCK,35.879997
D,DISPATCH,UNIT_SCADA,1,"2019/08/21 19:35:00",CHALLHWF,37.400002
D,DISPATCH,UNIT_SCADA,1,"2019/08/21 19:35:00",CLOVER,-0.01
D,DISPATCH,UNIT_SCADA,1,"2019/08/21 19:35:00",CLUNY,20.1973
D,DISPATCH,UNIT_SCADA,1,"2019/08/21 19:35:00",CNUNDAWF,41.047882
D,DISPATCH,UNIT_SCADA,1,"2019/08/21 19:35:00",CULLRGWF,30.379999
D,DISPATCH,UNIT_SCADA,1,"2019/08/21 19:35:00",ERGT01,0
D,DISPATCH,UNIT_SCADA,1,"2019/08/21 19:35:00",GB01,0.069134
D,DISPATCH,UNIT_SCADA,1,"2019/08/21 19:35:00",GERMCRK,37.400002
D,DISPATCH,UNIT_SCADA,1,"2019/08/21 19:35:00",GRIFSF1,0
D,DISPATCH,UNIT_SCADA,1,"2019/08/21 19:35:00",HUGSF1,-0.2430
D,DISPATCH,UNIT_SCADA,1,"2019/08/21 19:35:00",LKBONNY1,68.500282
D,DISPATCH,UNIT_SCADA,1,"2019/08/21 19:35:00",LRSF1,0.0390
D,DISPATCH,UNIT_SCADA,1,"2019/08/21 19:35:00",MBAHNTH,55.856247
D,DISPATCH,UNIT_SCADA,1,"2019/08/21 19:35:00",MLSP1,0.271001
D,DISPATCH,UNIT_SCADA,1,"2019/08/21 19:35:00",MLWF1,19.02
D,DISPATCH,UNIT_SCADA,1,"2019/08/21 19:35:00",MTMILLAR,19.302761
D,DISPATCH,UNIT_SCADA,1,"2019/08/21 19:35:00",PALOONA,23.619999
D,DISPATCH,UNIT_SCADA,1,"2019/08/21 19:35:00",PIONEER,32.700001
D,DISPATCH,UNIT_SCADA,1,"2019/08/21 19:35:00",PORTWF,141.199997
D,DISPATCH,UNIT_SCADA,1,"2019/08/21 19:35:00",REPULSE,28.859694
D,DISPATCH,UNIT_SCADA,1,"2019/08/21 19:35:00",ROWALLAN,10.1885
D,DISPATCH,UNIT_SCADA,1,"2019/08/21 19:35:00",ROYALLA1,0
D,DISPATCH,UNIT_SCADA,1,"2019/08/21 19:35:00",RPCG,10.80
D,DISPATCH,UNIT_SCADA,1,"2019/08/21 19:35:00",RUBICON,0
D,DISPATCH,UNIT_SCADA,1,"2019/08/21 19:35:00",SATGN1,0
D,DISPATCH,UNIT_SCADA,1,"2019/08/21 19:35:00",SATGS1,0
D,DISPATCH,UNIT_SCADA,1,"2019/08/21 19:35:00",STARHLWF,11.496648
D,DISPATCH,UNIT_SCADA,1,"2019/08/21 19:35:00",WAUBRAWF,176.550003
D,DISPATCH,UNIT_SCADA,1,"2019/08/21 19:35:00",WOOLNTH1,125.000023
D,DISPATCH,UNIT_SCADA,1,"2019/08/21 19:35:00",WPWF,39
D,DISPATCH,UNIT_SCADA,1,"2019/08/21 19:35:00",YAMBUKWF,29.40
D,DISPATCH,UNIT_SCADA,1,"2019/08/21 19:35:00",YSWF1,28.799999
D,DISPATCH,UNIT_SCADA,1,"2019/08/21 19:35:00",AGLHAL,0
D,DISPATCH,UNIT_SCADA,1,"2019/08/21 19:35:00",AGLSOM,0
D,DISPATCH,UNIT_SCADA,1,"2019/08/21 19:35:00",ANGAST1,0
D,DISPATCH,UNIT_SCADA,1,"2019/08/21 19:35:00",ARWF1,152.900010
D,DISPATCH,UNIT_SCADA,1,"2019/08/21 19:35:00",BALBG1,0
D,DISPATCH,UNIT_SCADA,1,"2019/08/21 19:35:00",BALBL1,0
D,DISPATCH,UNIT_SCADA,1,"2019/08/21 19:35:00",BALDHWF1,101.0810
D,DISPATCH,UNIT_SCADA,1,"2019/08/21 19:35:00",BANN1,0
D,DISPATCH,UNIT_SCADA,1,"2019/08/21 19:35:00",BARCALDN,0
D,DISPATCH,UNIT_SCADA,1,"2019/08/21 19:35:00",BARRON-1,0
D,DISPATCH,UNIT_SCADA,1,"2019/08/21 19:35:00",BARRON-2,28.60
D,DISPATCH,UNIT_SCADA,1,"2019/08/21 19:35:00",BASTYAN,78.470010
D,DISPATCH,UNIT_SCADA,1,"2019/08/21 19:35:00",BBTHREE1,-2.09
D,DISPATCH,UNIT_SCADA,1,"2019/08/21 19:35:00",BBTHREE2,-2.10
D,DISPATCH,UNIT_SCADA,1,"2019/08/21 19:35:00",BBTHREE3,-1.17
D,DISPATCH,UNIT_SCADA,1,"2019/08/21 19:35:00",BDL01,42.66
D,DISPATCH,UNIT_SCADA,1,"2019/08/21 19:35:00",BDL02,0
D,DISPATCH,UNIT_SCADA,1,"2019/08/21 19:35:00",BERYLSF1,0
D,DISPATCH,UNIT_SCADA,1,"2019/08/21 19:35:00",BLOWERNG,0
D,DISPATCH,UNIT_SCADA,1,"2019/08/21 19:35:00",BLUFF1,23
D,DISPATCH,UNIT_SCADA,1,"2019/08/21 19:35:00",BNGSF1,0
D,DISPATCH,UNIT_SCADA,1,"2019/08/21 19:35:00",BNGSF2,0
D,DISPATCH,UNIT_SCADA,1,"2019/08/21 19:35:00",BOCORWF1,106.93
D,DISPATCH,UNIT_SCADA,1,"2019/08/21 19:35:00",BODWF1,58.440830
D,DISPATCH,UNIT_SCADA,1,"2019/08/21 19:35:00",BRAEMAR1,0
D,DISPATCH,UNIT_SCADA,1,"2019/08/21 19:35:00",BRAEMAR2,172.80
D,DISPATCH,UNIT_SCADA,1,"2019/08/21 19:35:00",BRAEMAR3,0
D,DISPATCH,UNIT_SCADA,1,"2019/08/21 19:35:00",BRAEMAR5,0
D,DISPATCH,UNIT_SCADA,1,"2019/08/21 19:35:00",BRAEMAR6,0
D,DISPATCH,UNIT_SCADA,1,"2019/08/21 19:35:00",BRAEMAR7,0
D,DISPATCH,UNIT_SCADA,1,"2019/08/21 19:35:00",BROKENH1,0
D,DISPATCH,UNIT_SCADA,1,"2019/08/21 19:35:00",BW01,655.025020
D,DISPATCH,UNIT_SCADA,1,"2019/08/21 19:35:00",BW02,652.849980
D,DISPATCH,UNIT_SCADA,1,"2019/08/21 19:35:00",BW03,656.849980
D,DISPATCH,UNIT_SCADA,1,"2019/08/21 19:35:00",BW04,0
D,DISPATCH,UNIT_SCADA,1,"2019/08/21 19:35:00",CALL_B_1,349.300020
D,DISPATCH,UNIT_SCADA,1,"2019/08/21 19:35:00",CALL_B_2,348.399990
D,DISPATCH,UNIT_SCADA,1,"2019/08/21 19:35:00",CETHANA,99.681370
D,DISPATCH,UNIT_SCADA,1,"2019/08/21 19:35:00",CG1,0
D,DISPATCH,UNIT_SCADA,1,"2019/08/21 19:35:00",CG2,0
D,DISPATCH,UNIT_SCADA,1,"2019/08/21 19:35:00",CG3,0
D,DISPATCH,UNIT_SCADA,1,"2019/08/21 19:35:00",CG4,0
D,DISPATCH,UNIT_SCADA,1,"2019/08/21 19:35:00",CHILDSF1,0.01
D,DISPATCH,UNIT_SCADA,1,"2019/08/21 19:35:00",CLARESF1,0
D,DISPATCH,UNIT_SCADA,1,"2019/08/21 19:35:00",CLEMGPWF,25.212260
D,DISPATCH,UNIT_SCADA,1,"2019/08/21 19:35:00",CLERMSF1,0
D,DISPATCH,UNIT_SCADA,1,"2019/08/21 19:35:00",COLEASF1,0
D,DISPATCH,UNIT_SCADA,1,"2019/08/21 19:35:00",COOPGWF1,30.693020
D,DISPATCH,UNIT_SCADA,1,"2019/08/21 19:35:00",CPP_3,405.6250
D,DISPATCH,UNIT_SCADA,1,"2019/08/21 19:35:00",CPP_4,406.450010
D,DISPATCH,UNIT_SCADA,1,"2019/08/21 19:35:00",CPSA,142.415620
D,DISPATCH,UNIT_SCADA,1,"2019/08/21 19:35:00",CROOKWF2,91.1550
D,DISPATCH,UNIT_SCADA,1,"2019/08/21 19:35:00",CROWLWF1,35.069950
D,DISPATCH,UNIT_SCADA,1,"2019/08/21 19:35:00",CSPVPS1,0.0430
D,DISPATCH,UNIT_SCADA,1,"2019/08/21 19:35:00",DALNTH01,0
D,DISPATCH,UNIT_SCADA,1,"2019/08/21 19:35:00",DALNTHL1,0.071720
D,DISPATCH,UNIT_SCADA,1,"2019/08/21 19:35:00",DARTM1,132.20
D,DISPATCH,UNIT_SCADA,1,"2019/08/21 19:35:00",DAYDSF1,0
D,DISPATCH,UNIT_SCADA,1,"2019/08/21 19:35:00",DDPS1,621.8634
D,DISPATCH,UNIT_SCADA,1,"2019/08/21 19:35:00",DDSF1,0
D,DISPATCH,UNIT_SCADA,1,"2019/08/21 19:35:00",DEVILS_G,0
D,DISPATCH,UNIT_SCADA,1,"2019/08/21 19:35:00",DG_NSW1,0
D,DISPATCH,UNIT_SCADA,1,"2019/08/21 19:35:00",DG_QLD1,0
D,DISPATCH,UNIT_SCADA,1,"2019/08/21 19:35:00",DG_SA1,0
D,DISPATCH,UNIT_SCADA,1,"2019/08/21 19:35:00",DG_TAS1,0
D,DISPATCH,UNIT_SCADA,1,"2019/08/21 19:35:00",DG_VIC1,0
D,DISPATCH,UNIT_SCADA,1,"2019/08/21 19:35:00",DRYCGT1,0
D,DISPATCH,UNIT_SCADA,1,"2019/08/21 19:35:00",DRYCGT2,0
D,DISPATCH,UNIT_SCADA,1,"2019/08/21 19:35:00",DRYCGT3,0
D,DISPATCH,UNIT_SCADA,1,"2019/08/21 19:35:00",EILDON1,0
D,DISPATCH,UNIT_SCADA,1,"2019/08/21 19:35:00",EILDON2,0
D,DISPATCH,UNIT_SCADA,1,"2019/08/21 19:35:00",EMERASF1,0
D,DISPATCH,UNIT_SCADA,1,"2019/08/21 19:35:00",ER01,587.824950
D,DISPATCH,UNIT_SCADA,1,"2019/08/21 19:35:00",ER02,613.049930
D,DISPATCH,UNIT_SCADA,1,"2019/08/21 19:35:00",ER03,699.425050
D,DISPATCH,UNIT_SCADA,1,"2019/08/21 19:35:00",ER04,692.450070
D,DISPATCH,UNIT_SCADA,1,"2019/08/21 19:35:00",FINLYSF1,0
D,DISPATCH,UNIT_SCADA,1,"2019/08/21 19:35:00",FISHER,45.71
D,DISPATCH,UNIT_SCADA,1,"2019/08/21 19:35:00",GANNBG1,4.421120
D,DISPATCH,UNIT_SCADA,1,"2019/08/21 19:35:00",GANNBL1,0
D,DISPATCH,UNIT_SCADA,1,"2019/08/21 19:35:00",GANNSF1,0
D,DISPATCH,UNIT_SCADA,1,"2019/08/21 19:35:00",GORDON,1.162560
D,DISPATCH,UNIT_SCADA,1,"2019/08/21 19:35:00",GSTONE1,220.50
D,DISPATCH,UNIT_SCADA,1,"2019/08/21 19:35:00",GSTONE2,220.149990
D,DISPATCH,UNIT_SCADA,1,"2019/08/21 19:35:00",GSTONE3,222.25
D,DISPATCH,UNIT_SCADA,1,"2019/08/21 19:35:00",GSTONE4,219.45
D,DISPATCH,UNIT_SCADA,1,"2019/08/21 19:35:00",GSTONE5,219.6250
D,DISPATCH,UNIT_SCADA,1,"2019/08/21 19:35:00",GSTONE6,0
D,DISPATCH,UNIT_SCADA,1,"2019/08/21 19:35:00",GULLRSF1,0
D,DISPATCH,UNIT_SCADA,1,"2019/08/21 19:35:00",GULLRWF1,158.039340
D,DISPATCH,UNIT_SCADA,1,"2019/08/21 19:35:00",GUNNING1,46.624580
D,DISPATCH,UNIT_SCADA,1,"2019/08/21 19:35:00",GUTHEGA,30.80
D,DISPATCH,UNIT_SCADA,1,"2019/08/21 19:35:00",HALLWF1,32.61
D,DISPATCH,UNIT_SCADA,1,"2019/08/21 19:35:00",HALLWF2,23.24
D,DISPATCH,UNIT_SCADA,1,"2019/08/21 19:35:00",HAMISF1,0
D,DISPATCH,UNIT_SCADA,1,"2019/08/21 19:35:00",HAUGHT11,0
D,DISPATCH,UNIT_SCADA,1,"2019/08/21 19:35:00",HAYMSF1,0
D,DISPATCH,UNIT_SCADA,1,"2019/08/21 19:35:00",HDWF1,25.80
D,DISPATCH,UNIT_SCADA,1,"2019/08/21 19:35:00",HDWF2,26.30
D,DISPATCH,UNIT_SCADA,1,"2019/08/21 19:35:00",HDWF3,32.20
D,DISPATCH,UNIT_SCADA,1,"2019/08/21 19:35:00",HPRG1,2.50
D,DISPATCH,UNIT_SCADA,1,"2019/08/21 19:35:00",HPRL1,0
D,DISPATCH,UNIT_SCADA,1,"2019/08/21 19:35:00",HUMENSW,0
D,DISPATCH,UNIT_SCADA,1,"2019/08/21 19:35:00",HUMEV,9.90
D,DISPATCH,UNIT_SCADA,1,"2019/08/21 19:35:00",HVGTS,0
D,DISPATCH,UNIT_SCADA,1,"2019/08/21 19:35:00",JBUTTERS,137.679990
D,DISPATCH,UNIT_SCADA,1,"2019/08/21 19:35:00",JLA01,0.50
D,DISPATCH,UNIT_SCADA,1,"2019/08/21 19:35:00",JLA02,0
D,DISPATCH,UNIT_SCADA,1,"2019/08/21 19:35:00",JLA03,0.10
D,DISPATCH,UNIT_SCADA,1,"2019/08/21 19:35:00",JLA04,0.10
D,DISPATCH,UNIT_SCADA,1,"2019/08/21 19:35:00",JLB01,0
D,DISPATCH,UNIT_SCADA,1,"2019/08/21 19:35:00",JLB02,0.10
D,DISPATCH,UNIT_SCADA,1,"2019/08/21 19:35:00",JLB03,0
D,DISPATCH,UNIT_SCADA,1,"2019/08/21 19:35:00",KAREEYA1,21.4150
D,DISPATCH,UNIT_SCADA,1,"2019/08/21 19:35:00",KAREEYA2,21.7725
D,DISPATCH,UNIT_SCADA,1,"2019/08/21 19:35:00",KAREEYA3,0
D,DISPATCH,UNIT_SCADA,1,"2019/08/21 19:35:00",KAREEYA4,21.6150
D,DISPATCH,UNIT_SCADA,1,"2019/08/21 19:35:00",KARSF1,0
D,DISPATCH,UNIT_SCADA,1,"2019/08/21 19:35:00",KIATAWF1,30
D,DISPATCH,UNIT_SCADA,1,"2019/08/21 19:35:00",KPP_1,0
D,DISPATCH,UNIT_SCADA,1,"2019/08/21 19:35:00",KSP1,0
D,DISPATCH,UNIT_SCADA,1,"2019/08/21 19:35:00",LADBROK1,42.14
D,DISPATCH,UNIT_SCADA,1,"2019/08/21 19:35:00",LADBROK2,42.75
D,DISPATCH,UNIT_SCADA,1,"2019/08/21 19:35:00",LD01,415.556210
D,DISPATCH,UNIT_SCADA,1,"2019/08/21 19:35:00",LD02,417.637480
D,DISPATCH,UNIT_SCADA,1,"2019/08/21 19:35:00",LD03,418.068820
D,DISPATCH,UNIT_SCADA,1,"2019/08/21 19:35:00",LD04,378.75
D,DISPATCH,UNIT_SCADA,1,"2019/08/21 19:35:00",LEM_WIL,86.1040
D,DISPATCH,UNIT_SCADA,1,"2019/08/21 19:35:00",LGAPWF1,20.59
D,DISPATCH,UNIT_SCADA,1,"2019/08/21 19:35:00",LILYSF1,0
D,DISPATCH,UNIT_SCADA,1,"2019/08/21 19:35:00",LI_WY_CA,149.125440
D,DISPATCH,UNIT_SCADA,1,"2019/08/21 19:35:00",LKBONNY2,150.921140
D,DISPATCH,UNIT_SCADA,1,"2019/08/21 19:35:00",LKBONNY3,31.371970
D,DISPATCH,UNIT_SCADA,1,"2019/08/21 19:35:00",LK_ECHO,0
D,DISPATCH,UNIT_SCADA,1,"2019/08/21 19:35:00",LNGS1,0
D,DISPATCH,UNIT_SCADA,1,"2019/08/21 19:35:00",LNGS2,0
D,DISPATCH,UNIT_SCADA,1,"2019/08/21 19:35:00",LONSDALE,0
D,DISPATCH,UNIT_SCADA,1,"2019/08/21 19:35:00",LOYYB1,532.3291
D,DISPATCH,UNIT_SCADA,1,"2019/08/21 19:35:00",LOYYB2,585.337950
D,DISPATCH,UNIT_SCADA,1,"2019/08/21 19:35:00",LYA1,559
D,DISPATCH,UNIT_SCADA,1,"2019/08/21 19:35:00",LYA2,0
D,DISPATCH,UNIT_SCADA,1,"2019/08/21 19:35:00",LYA3,561
D,DISPATCH,UNIT_SCADA,1,"2019/08/21 19:35:00",LYA4,531
D,DISPATCH,UNIT_SCADA,1,"2019/08/21 19:35:00",MACARTH1,368.991490
D,DISPATCH,UNIT_SCADA,1,"2019/08/21 19:35:00",MACKAYGT,0
D,DISPATCH,UNIT_SCADA,1,"2019/08/21 19:35:00",MACKNTSH,84.94
D,DISPATCH,UNIT_SCADA,1,"2019/08/21 19:35:00",MANSLR1,0
D,DISPATCH,UNIT_SCADA,1,"2019/08/21 19:35:00",MCKAY1,0.02
D,DISPATCH,UNIT_SCADA,1,"2019/08/21 19:35:00",MEADOWBK,33.810140
D,DISPATCH,UNIT_SCADA,1,"2019/08/21 19:35:00",MERCER01,125.097990
D,DISPATCH,UNIT_SCADA,1,"2019/08/21 19:35:00",MEWF1,76.853250
D,DISPATCH,UNIT_SCADA,1,"2019/08/21 19:35:00",MINTARO,0
D,DISPATCH,UNIT_SCADA,1,"2019/08/21 19:35:00",MOREESF1,0
D,DISPATCH,UNIT_SCADA,1,"2019/08/21 19:35:00",MORTLK11,0
D,DISPATCH,UNIT_SCADA,1,"2019/08/21 19:35:00",MORTLK12,0
D,DISPATCH,UNIT_SCADA,1,"2019/08/21 19:35:00",MP1,276.25
D,DISPATCH,UNIT_SCADA,1,"2019/08/21 19:35:00",MP2,0
D,DISPATCH,UNIT_SCADA,1,"2019/08/21 19:35:00",MPP_1,300.50
D,DISPATCH,UNIT_SCADA,1,"2019/08/21 19:35:00",MPP_2,435.25
D,DISPATCH,UNIT_SCADA,1,"2019/08/21 19:35:00",MSTUART1,0
D,DISPATCH,UNIT_SCADA,1,"2019/08/21 19:35:00",MSTUART2,0
D,DISPATCH,UNIT_SCADA,1,"2019/08/21 19:35:00",MSTUART3,0
D,DISPATCH,UNIT_SCADA,1,"2019/08/21 19:35:00",MTGELWF1,64.766380
D,DISPATCH,UNIT_SCADA,1,"2019/08/21 19:35:00",MURRAY,0
D,DISPATCH,UNIT_SCADA,1,"2019/08/21 19:35:00",MUSSELR1,161.600010
D,DISPATCH,UNIT_SCADA,1,"2019/08/21 19:35:00",MUWAWF1,53.82
D,DISPATCH,UNIT_SCADA,1,"2019/08/21 19:35:00",NBHWF1,25.60
D,DISPATCH,UNIT_SCADA,1,"2019/08/21 19:35:00",NPS,303
D,DISPATCH,UNIT_SCADA,1,"2019/08/21 19:35:00",NUMURSF1,0
D,DISPATCH,UNIT_SCADA,1,"2019/08/21 19:35:00",NYNGAN1,0
D,DISPATCH,UNIT_SCADA,1,"2019/08/21 19:35:00",OAKEY1,0
D,DISPATCH,UNIT_SCADA,1,"2019/08/21 19:35:00",OAKEY1SF,0.0510
D,DISPATCH,UNIT_SCADA,1,"2019/08/21 19:35:00",OAKEY2,0
D,DISPATCH,UNIT_SCADA,1,"2019/08/21 19:35:00",OAKLAND1,59.30
D,DISPATCH,UNIT_SCADA,1,"2019/08/21 19:35:00",OSB-AG,0
D,DISPATCH,UNIT_SCADA,1,"2019/08/21 19:35:00",PARSF1,0
D,DISPATCH,UNIT_SCADA,1,"2019/08/21 19:35:00",POAT110,1.316320
D,DISPATCH,UNIT_SCADA,1,"2019/08/21 19:35:00",POAT220,37.956240
D,DISPATCH,UNIT_SCADA,1,"2019/08/21 19:35:00",POR01,0
D,DISPATCH,UNIT_SCADA,1,"2019/08/21 19:35:00",POR03,0
D,DISPATCH,UNIT_SCADA,1,"2019/08/21 19:35:00",PPCCGT,492.326930
D,DISPATCH,UNIT_SCADA,1,"2019/08/21 19:35:00",PTSTAN1,0
D,DISPATCH,UNIT_SCADA,1,"2019/08/21 19:35:00",PUMP1,0
D,DISPATCH,UNIT_SCADA,1,"2019/08/21 19:35:00",PUMP2,0
D,DISPATCH,UNIT_SCADA,1,"2019/08/21 19:35:00",QPS1,0
D,DISPATCH,UNIT_SCADA,1,"2019/08/21 19:35:00",QPS2,0
D,DISPATCH,UNIT_SCADA,1,"2019/08/21 19:35:00",QPS3,0
D,DISPATCH,UNIT_SCADA,1,"2019/08/21 19:35:00",QPS4,0
D,DISPATCH,UNIT_SCADA,1,"2019/08/21 19:35:00",QPS5,0
D,DISPATCH,UNIT_SCADA,1,"2019/08/21 19:35:00",REECE1,116.480010
D,DISPATCH,UNIT_SCADA,1,"2019/08/21 19:35:00",REECE2,111.690010
D,DISPATCH,UNIT_SCADA,1,"2019/08/21 19:35:00",ROMA_7,0
D,DISPATCH,UNIT_SCADA,1,"2019/08/21 19:35:00",ROMA_8,0
D,DISPATCH,UNIT_SCADA,1,"2019/08/21 19:35:00",RRSF1,0
D,DISPATCH,UNIT_SCADA,1,"2019/08/21 19:35:00",RT_NSW1,0
D,DISPATCH,UNIT_SCADA,1,"2019/08/21 19:35:00",RT_NSW2,0
D,DISPATCH,UNIT_SCADA,1,"2019/08/21 19:35:00",RT_NSW3,0
D,DISPATCH,UNIT_SCADA,1,"2019/08/21 19:35:00",RT_NSW4,0
D,DISPATCH,UNIT_SCADA,1,"2019/08/21 19:35:00",RT_NSW5,0
D,DISPATCH,UNIT_SCADA,1,"2019/08/21 19:35:00",RT_NSW6,0
D,DISPATCH,UNIT_SCADA,1,"2019/08/21 19:35:00",RT_QLD1,0
D,DISPATCH,UNIT_SCADA,1,"2019/08/21 19:35:00",RT_SA1,0
D,DISPATCH,UNIT_SCADA,1,"2019/08/21 19:35:00",RT_SA2,0
D,DISPATCH,UNIT_SCADA,1,"2019/08/21 19:35:00",RT_SA3,0
D,DISPATCH,UNIT_SCADA,1,"2019/08/21 19:35:00",RT_SA4,0
D,DISPATCH,UNIT_SCADA,1,"2019/08/21 19:35:00",RT_SA5,0
D,DISPATCH,UNIT_SCADA,1,"2019/08/21 19:35:00",RT_SA6,0
D,DISPATCH,UNIT_SCADA,1,"2019/08/21 19:35:00",RT_TAS1,0
D,DISPATCH,UNIT_SCADA,1,"2019/08/21 19:35:00",RT_VIC1,0
D,DISPATCH,UNIT_SCADA,1,"2019/08/21 19:35:00",RT_VIC10,0
D,DISPATCH,UNIT_SCADA,1,"2019/08/21 19:35:00",RT_VIC11,0
D,DISPATCH,UNIT_SCADA,1,"2019/08/21 19:35:00",RT_VIC12,0
D,DISPATCH,UNIT_SCADA,1,"2019/08/21 19:35:00",RT_VIC2,0
D,DISPATCH,UNIT_SCADA,1,"2019/08/21 19:35:00",RT_VIC3,0
D,DISPATCH,UNIT_SCADA,1,"2019/08/21 19:35:00",RT_VIC4,0
D,DISPATCH,UNIT_SCADA,1,"2019/08/21 19:35:00",RT_VIC5,0
D,DISPATCH,UNIT_SCADA,1,"2019/08/21 19:35:00",RT_VIC6,0
D,DISPATCH,UNIT_SCADA,1,"2019/08/21 19:35:00",RT_VIC7,0
D,DISPATCH,UNIT_SCADA,1,"2019/08/21 19:35:00",RT_VIC8,0
D,DISPATCH,UNIT_SCADA,1,"2019/08/21 19:35:00",RT_VIC9,0
D,DISPATCH,UNIT_SCADA,1,"2019/08/21 19:35:00",RUGBYR1,0
D,DISPATCH,UNIT_SCADA,1,"2019/08/21 19:35:00",SALTCRK1,51.06
D,DISPATCH,UNIT_SCADA,1,"2019/08/21 19:35:00",SAPHWF1,198.984380
D,DISPATCH,UNIT_SCADA,1,"2019/08/21 19:35:00",SHGEN,198.994260
D,DISPATCH,UNIT_SCADA,1,"2019/08/21 19:35:00",SHPUMP,0
D,DISPATCH,UNIT_SCADA,1,"2019/08/21 19:35:00",SITHE01,0.153860
D,DISPATCH,UNIT_SCADA,1,"2019/08/21 19:35:00",SMCSF1,0
D,DISPATCH,UNIT_SCADA,1,"2019/08/21 19:35:00",SNOWNTH1,101.70
D,DISPATCH,UNIT_SCADA,1,"2019/08/21 19:35:00",SNOWSTH1,87.10
D,DISPATCH,UNIT_SCADA,1,"2019/08/21 19:35:00",SNOWTWN1,67.299960
D,DISPATCH,UNIT_SCADA,1,"2019/08/21 19:35:00",SNOWYP,0
D,DISPATCH,UNIT_SCADA,1,"2019/08/21 19:35:00",SNUG1,0.019440
D,DISPATCH,UNIT_SCADA,1,"2019/08/21 19:35:00",SRSF1,0.44
D,DISPATCH,UNIT_SCADA,1,"2019/08/21 19:35:00",STAN-1,0
D,DISPATCH,UNIT_SCADA,1,"2019/08/21 19:35:00",STAN-2,345.5679
D,DISPATCH,UNIT_SCADA,1,"2019/08/21 19:35:00",STAN-3,343.017150
D,DISPATCH,UNIT_SCADA,1,"2019/08/21 19:35:00",STAN-4,365.717470
D,DISPATCH,UNIT_SCADA,1,"2019/08/21 19:35:00",STWF1,129.8475
D,DISPATCH,UNIT_SCADA,1,"2019/08/21 19:35:00",SWAN_E,0
D,DISPATCH,UNIT_SCADA,1,"2019/08/21 19:35:00",TALWA1,419
D,DISPATCH,UNIT_SCADA,1,"2019/08/21 19:35:00",TARALGA1,97.586240
D,DISPATCH,UNIT_SCADA,1,"2019/08/21 19:35:00",TARONG#1,346.800020
D,DISPATCH,UNIT_SCADA,1,"2019/08/21 19:35:00",TARONG#2,347.200010
D,DISPATCH,UNIT_SCADA,1,"2019/08/21 19:35:00",TARONG#3,261.399990
D,DISPATCH,UNIT_SCADA,1,"2019/08/21 19:35:00",TARONG#4,349.700010
D,DISPATCH,UNIT_SCADA,1,"2019/08/21 19:35:00",TARRALEA,84.20
D,DISPATCH,UNIT_SCADA,1,"2019/08/21 19:35:00",TBSF1,-0.20
D,DISPATCH,UNIT_SCADA,1,"2019/08/21 19:35:00",TNPS1,442.000030
D,DISPATCH,UNIT_SCADA,1,"2019/08/21 19:35:00",TORRA1,113.331120
D,DISPATCH,UNIT_SCADA,1,"2019/08/21 19:35:00",TORRA2,0
D,DISPATCH,UNIT_SCADA,1,"2019/08/21 19:35:00",TORRA3,0
D,DISPATCH,UNIT_SCADA,1,"2019/08/21 19:35:00",TORRA4,0
D,DISPATCH,UNIT_SCADA,1,"2019/08/21 19:35:00",TORRB1,133.22
D,DISPATCH,UNIT_SCADA,1,"2019/08/21 19:35:00",TORRB2,189.87
D,DISPATCH,UNIT_SCADA,1,"2019/08/21 19:35:00",TORRB3,0
D,DISPATCH,UNIT_SCADA,1,"2019/08/21 19:35:00",TORRB4,0
D,DISPATCH,UNIT_SCADA,1,"2019/08/21 19:35:00",TREVALLN,70.200030
D,DISPATCH,UNIT_SCADA,1,"2019/08/21 19:35:00",TRIBUTE,83.14
D,DISPATCH,UNIT_SCADA,1,"2019/08/21 19:35:00",TUMUT3,334.390010
D,DISPATCH,UNIT_SCADA,1,"2019/08/21 19:35:00",TUNGATIN,127.120030
D,DISPATCH,UNIT_SCADA,1,"2019/08/21 19:35:00",TVCC201,0
D,DISPATCH,UNIT_SCADA,1,"2019/08/21 19:35:00",TVPP104,0
D,DISPATCH,UNIT_SCADA,1,"2019/08/21 19:35:00",UPPTUMUT,0
D,DISPATCH,UNIT_SCADA,1,"2019/08/21 19:35:00",URANQ11,0
D,DISPATCH,UNIT_SCADA,1,"2019/08/21 19:35:00",URANQ12,0
D,DISPATCH,UNIT_SCADA,1,"2019/08/21 19:35:00",URANQ13,0
D,DISPATCH,UNIT_SCADA,1,"2019/08/21 19:35:00",URANQ14,0
D,DISPATCH,UNIT_SCADA,1,"2019/08/21 19:35:00",VP5,602.8750
D,DISPATCH,UNIT_SCADA,1,"2019/08/21 19:35:00",VP6,600.349980
D,DISPATCH,UNIT_SCADA,1,"2019/08/21 19:35:00",VPGS1,0
D,DISPATCH,UNIT_SCADA,1,"2019/08/21 19:35:00",VPGS2,0
D,DISPATCH,UNIT_SCADA,1,"2019/08/21 19:35:00",VPGS3,0
D,DISPATCH,UNIT_SCADA,1,"2019/08/21 19:35:00",VPGS4,0
D,DISPATCH,UNIT_SCADA,1,"2019/08/21 19:35:00",VPGS5,0
D,DISPATCH,UNIT_SCADA,1,"2019/08/21 19:35:00",VPGS6,0
D,DISPATCH,UNIT_SCADA,1,"2019/08/21 19:35:00",W/HOE#1,0
D,DISPATCH,UNIT_SCADA,1,"2019/08/21 19:35:00",W/HOE#2,0
D,DISPATCH,UNIT_SCADA,1,"2019/08/21 19:35:00",WATERLWF,58.80
D,DISPATCH,UNIT_SCADA,1,"2019/08/21 19:35:00",WEMENSF1,0
D,DISPATCH,UNIT_SCADA,1,"2019/08/21 19:35:00",WGWF1,35.40
D,DISPATCH,UNIT_SCADA,1,"2019/08/21 19:35:00",WHITSF1,0
D,DISPATCH,UNIT_SCADA,1,"2019/08/21 19:35:00",WKIEWA1,0
D,DISPATCH,UNIT_SCADA,1,"2019/08/21 19:35:00",WKIEWA2,16.40
D,DISPATCH,UNIT_SCADA,1,"2019/08/21 19:35:00",WOODLWN1,44.9910
D,DISPATCH,UNIT_SCADA,1,"2019/08/21 19:35:00",WRSF1,0
D,DISPATCH,UNIT_SCADA,1,"2019/08/21 19:35:00",WRWF1,159.415010
D,DISPATCH,UNIT_SCADA,1,"2019/08/21 19:35:00",YABULU,0
D,DISPATCH,UNIT_SCADA,1,"2019/08/21 19:35:00",YABULU2,0
D,DISPATCH,UNIT_SCADA,1,"2019/08/21 19:35:00",YARWUN_1,0
D,DISPATCH,UNIT_SCADA,1,"2019/08/21 19:35:00",YENDWF1,41.92
D,DISPATCH,UNIT_SCADA,1,"2019/08/21 19:35:00",YWPS1,376.440520
D,DISPATCH,UNIT_SCADA,1,"2019/08/21 19:35:00",YWPS2,275.936710
D,DISPATCH,UNIT_SCADA,1,"2019/08/21 19:35:00",YWPS3,0
D,DISPATCH,UNIT_SCADA,1,"2019/08/21 19:35:00",YWPS4,392.697480
C,"END OF REPORT",334
