C,NEMP.WORLD,DISPATCHSCADA,AEMO,PUBLIC,2019/08/21,09:00:09,0000000311819463,DISPATCHSCADA,0000000311819457
I,DISPATCH,UNIT_SCADA,1,SETTLEMENTDATE,DUID,SCADAVALUE
D,DISPATCH,UNIT_SCADA,1,"2019/08/21 09:05:00",BARCSF1,17.800001
D,DISPATCH,UNIT_SCADA,1,"2019/08/21 09:05:00",BUTLERSG,9.699999
D,DISPATCH,UNIT_SCADA,1,"2019/08/21 09:05:00",CALL_A_4,0
D,DISPATCH,UNIT_SCADA,1,"2019/08/21 09:05:00",CAPTL_WF,131.399994
D,DISPATCH,UNIT_SCADA,1,"2019/08/21 09:05:00",CATHROCK,35.059998
D,DISPATCH,UNIT_SCADA,1,"2019/08/21 09:05:00",CHALLHWF,34.50
D,DISPATCH,UNIT_SCADA,1,"2019/08/21 09:05:00",CLOVER,-0.01
D,DISPATCH,UNIT_SCADA,1,"2019/08/21 09:05:00",CLUNY,20.216526
D,DISPATCH,UNIT_SCADA,1,"2019/08/21 09:05:00",CNUNDAWF,33.539124
D,DISPATCH,UNIT_SCADA,1,"2019/08/21 09:05:00",CULLRGWF,30.370001
D,DISPATCH,UNIT_SCADA,1,"2019/08/21 09:05:00",ERGT01,0
D,DISPATCH,UNIT_SCADA,1,"2019/08/21 09:05:00",GB01,0.058857
D,DISPATCH,UNIT_SCADA,1,"2019/08/21 09:05:00",GERMCRK,38.299999
D,DISPATCH,UNIT_SCADA,1,"2019/08/21 09:05:00",GRIFSF1,5.999992
D,DISPATCH,UNIT_SCADA,1,"2019/08/21 09:05:00",HUGSF1,8.9490
D,DISPATCH,UNIT_SCADA,1,"2019/08/21 09:05:00",LKBONNY1,56.2649
D,DISPATCH,UNIT_SCADA,1,"2019/08/21 09:05:00",LRSF1,13.499001
D,DISPATCH,UNIT_SCADA,1,"2019/08/21 09:05:00",MBAHNTH,55.856247
D,DISPATCH,UNIT_SCADA,1,"2019/08/21 09:05:00",MLSP1,6.982001
D,DISPATCH,UNIT_SCADA,1,"2019/08/21 09:05:00",MLWF1,17.5350
D,DISPATCH,UNIT_SCADA,1,"2019/08/21 09:05:00",MTMILLAR,11.452178
D,DISPATCH,UNIT_SCADA,1,"2019/08/21 09:05:00",PALOONA,26.65
D,DISPATCH,UNIT_SCADA,1,"2019/08/21 09:05:00",PIONEER,45.600002
D,DISPATCH,UNIT_SCADA,1,"2019/08/21 09:05:00",PORTWF,131.100006
D,DISPATCH,UNIT_SCADA,1,"2019/08/21 09:05:00",REPULSE,28.841383
D,DISPATCH,UNIT_SCADA,1,"2019/08/21 09:05:00",ROWALLAN,10.195601
D,DISPATCH,UNIT_SCADA,1,"2019/08/21 09:05:00",ROYALLA1,10.774001
D,DISPATCH,UNIT_SCADA,1,"2019/08/21 09:05:00",RPCG,10.70
D,DISPATCH,UNIT_SCADA,1,"2019/08/21 09:05:00",RUBICON,0
D,DISPATCH,UNIT_SCADA,1,"2019/08/21 09:05:00",SATGN1,0
D,DISPATCH,UNIT_SCADA,1,"2019/08/21 09:05:00",SATGS1,0
D,DISPATCH,UNIT_SCADA,1,"2019/08/21 09:05:00",STARHLWF,6.498105
D,DISPATCH,UNIT_SCADA,1,"2019/08/21 09:05:00",WAUBRAWF,181.485992
D,DISPATCH,UNIT_SCADA,1,"2019/08/21 09:05:00",WOOLNTH1,91.680023
D,DISPATCH,UNIT_SCADA,1,"2019/08/21 09:05:00",WPWF,21
D,DISPATCH,UNIT_SCADA,1,"2019/08/21 09:05:00",YAMBUKWF,29.299999
D,DISPATCH,UNIT_SCADA,1,"2019/08/21 09:05:00",YSWF1,28.90
D,DISPATCH,UNIT_SCADA,1,"2019/08/21 09:05:00",AGLHAL,0
D,DISPATCH,UNIT_SCADA,1,"2019/08/21 09:05:00",AGLSOM,0
D,DISPATCH,UNIT_SCADA,1,"2019/08/21 09:05:00",ANGAST1,0
D,DISPATCH,UNIT_SCADA,1,"2019/08/21 09:05:00",ARWF1,202.600010
D,DISPATCH,UNIT_SCADA,1,"2019/08/21 09:05:00",BALBG1,0
D,DISPATCH,UNIT_SCADA,1,"2019/08/21 09:05:00",BALBL1,0
D,DISPATCH,UNIT_SCADA,1,"2019/08/21 09:05:00",BALDHWF1,101.3230
D,DISPATCH,UNIT_SCADA,1,"2019/08/21 09:05:00",BANN1,13.31
D,DISPATCH,UNIT_SCADA,1,"2019/08/21 09:05:00",BARCALDN,0
D,DISPATCH,UNIT_SCADA,1,"2019/08/21 09:05:00",BARRON-1,0
D,DISPATCH,UNIT_SCADA,1,"2019/08/21 09:05:00",BARRON-2,27.80
D,DISPATCH,UNIT_SCADA,1,"2019/08/21 09:05:00",BASTYAN,79.19
D,DISPATCH,UNIT_SCADA,1,"2019/08/21 09:05:00",BBTHREE1,-1.91
D,DISPATCH,UNIT_SCADA,1,"2019/08/21 09:05:00",BBTHREE2,-1.94
D,DISPATCH,UNIT_SCADA,1,"2019/08/21 09:05:00",BBTHREE3,-1.07
D,DISPATCH,UNIT_SCADA,1,"2019/08/21 09:05:00",BDL01,19.92
D,DISPATCH,UNIT_SCADA,1,"2019/08/21 09:05:00",BDL02,19.86
D,DISPATCH,UNIT_SCADA,1,"2019/08/21 09:05:00",BERYLSF1,16.611560
D,DISPATCH,UNIT_SCADA,1,"2019/08/21 09:05:00",BLOWERNG,0
D,DISPATCH,UNIT_SCADA,1,"2019/08/21 09:05:00",BLUFF1,22.20
D,DISPATCH,UNIT_SCADA,1,"2019/08/21 09:05:00",BNGSF1,72.94
D,DISPATCH,UNIT_SCADA,1,"2019/08/21 09:05:00",BNGSF2,19.98
D,DISPATCH,UNIT_SCADA,1,"2019/08/21 09:05:00",BOCORWF1,25.07
D,DISPATCH,UNIT_SCADA,1,"2019/08/21 09:05:00",BODWF1,82.850270
D,DISPATCH,UNIT_SCADA,1,"2019/08/21 09:05:00",BRAEMAR1,0
D,DISPATCH,UNIT_SCADA,1,"2019/08/21 09:05:00",BRAEMAR2,0
D,DISPATCH,UNIT_SCADA,1,"2019/08/21 09:05:00",BRAEMAR3,0
D,DISPATCH,UNIT_SCADA,1,"2019/08/21 09:05:00",BRAEMAR5,0
D,DISPATCH,UNIT_SCADA,1,"2019/08/21 09:05:00",BRAEMAR6,0
D,DISPATCH,UNIT_SCADA,1,"2019/08/21 09:05:00",BRAEMAR7,0
D,DISPATCH,UNIT_SCADA,1,"2019/08/21 09:05:00",BROKENH1,30.0022
D,DISPATCH,UNIT_SCADA,1,"2019/08/21 09:05:00",BW01,608.049930
D,DISPATCH,UNIT_SCADA,1,"2019/08/21 09:05:00",BW02,613.525020
D,DISPATCH,UNIT_SCADA,1,"2019/08/21 09:05:00",BW03,610.8750
D,DISPATCH,UNIT_SCADA,1,"2019/08/21 09:05:00",BW04,0
D,DISPATCH,UNIT_SCADA,1,"2019/08/21 09:05:00",CALL_B_1,349.800020
D,DISPATCH,UNIT_SCADA,1,"2019/08/21 09:05:00",CALL_B_2,285.300020
D,DISPATCH,UNIT_SCADA,1,"2019/08/21 09:05:00",CETHANA,79.802870
D,DISPATCH,UNIT_SCADA,1,"2019/08/21 09:05:00",CG1,0
D,DISPATCH,UNIT_SCADA,1,"2019/08/21 09:05:00",CG2,0
D,DISPATCH,UNIT_SCADA,1,"2019/08/21 09:05:00",CG3,0
D,DISPATCH,UNIT_SCADA,1,"2019/08/21 09:05:00",CG4,0
D,DISPATCH,UNIT_SCADA,1,"2019/08/21 09:05:00",CHILDSF1,40.04
D,DISPATCH,UNIT_SCADA,1,"2019/08/21 09:05:00",CLARESF1,44.021760
D,DISPATCH,UNIT_SCADA,1,"2019/08/21 09:05:00",CLEMGPWF,0.072040
D,DISPATCH,UNIT_SCADA,1,"2019/08/21 09:05:00",CLERMSF1,15.04
D,DISPATCH,UNIT_SCADA,1,"2019/08/21 09:05:00",COLEASF1,103.50
D,DISPATCH,UNIT_SCADA,1,"2019/08/21 09:05:00",COOPGWF1,32.398140
D,DISPATCH,UNIT_SCADA,1,"2019/08/21 09:05:00",CPP_3,287.925020
D,DISPATCH,UNIT_SCADA,1,"2019/08/21 09:05:00",CPP_4,406.450010
D,DISPATCH,UNIT_SCADA,1,"2019/08/21 09:05:00",CPSA,142.634990
D,DISPATCH,UNIT_SCADA,1,"2019/08/21 09:05:00",CROOKWF2,80.503750
D,DISPATCH,UNIT_SCADA,1,"2019/08/21 09:05:00",CROWLWF1,39.415810
D,DISPATCH,UNIT_SCADA,1,"2019/08/21 09:05:00",CSPVPS1,27.6090
D,DISPATCH,UNIT_SCADA,1,"2019/08/21 09:05:00",DALNTH01,0
D,DISPATCH,UNIT_SCADA,1,"2019/08/21 09:05:00",DALNTHL1,0.022890
D,DISPATCH,UNIT_SCADA,1,"2019/08/21 09:05:00",DARTM1,133.80
D,DISPATCH,UNIT_SCADA,1,"2019/08/21 09:05:00",DAYDSF1,114.198010
D,DISPATCH,UNIT_SCADA,1,"2019/08/21 09:05:00",DDPS1,0
D,DISPATCH,UNIT_SCADA,1,"2019/08/21 09:05:00",DDSF1,84.611070
D,DISPATCH,UNIT_SCADA,1,"2019/08/21 09:05:00",DEVILS_G,0
D,DISPATCH,UNIT_SCADA,1,"2019/08/21 09:05:00",DG_NSW1,0
D,DISPATCH,UNIT_SCADA,1,"2019/08/21 09:05:00",DG_QLD1,0
D,DISPATCH,UNIT_SCADA,1,"2019/08/21 09:05:00",DG_SA1,0
D,DISPATCH,UNIT_SCADA,1,"2019/08/21 09:05:00",DG_TAS1,0
D,DISPATCH,UNIT_SCADA,1,"2019/08/21 09:05:00",DG_VIC1,0
D,DISPATCH,UNIT_SCADA,1,"2019/08/21 09:05:00",DRYCGT1,0
D,DISPATCH,UNIT_SCADA,1,"2019/08/21 09:05:00",DRYCGT2,0
D,DISPATCH,UNIT_SCADA,1,"2019/08/21 09:05:00",DRYCGT3,0
D,DISPATCH,UNIT_SCADA,1,"2019/08/21 09:05:00",EILDON1,0
D,DISPATCH,UNIT_SCADA,1,"2019/08/21 09:05:00",EILDON2,0
D,DISPATCH,UNIT_SCADA,1,"2019/08/21 09:05:00",EMERASF1,58.49
D,DISPATCH,UNIT_SCADA,1,"2019/08/21 09:05:00",ER01,557.75
D,DISPATCH,UNIT_SCADA,1,"2019/08/21 09:05:00",ER02,642.699950
D,DISPATCH,UNIT_SCADA,1,"2019/08/21 09:05:00",ER03,699.174930
D,DISPATCH,UNIT_SCADA,1,"2019/08/21 09:05:00",ER04,642.325070
D,DISPATCH,UNIT_SCADA,1,"2019/08/21 09:05:00",FINLYSF1,0.8910
D,DISPATCH,UNIT_SCADA,1,"2019/08/21 09:05:00",FISHER,45.86
D,DISPATCH,UNIT_SCADA,1,"2019/08/21 09:05:00",GANNBG1,2.336480
D,DISPATCH,UNIT_SCADA,1,"2019/08/21 09:05:00",GANNBL1,0
D,DISPATCH,UNIT_SCADA,1,"2019/08/21 09:05:00",GANNSF1,13.90
D,DISPATCH,UNIT_SCADA,1,"2019/08/21 09:05:00",GORDON,115.577840
D,DISPATCH,UNIT_SCADA,1,"2019/08/21 09:05:00",GSTONE1,149.274990
D,DISPATCH,UNIT_SCADA,1,"2019/08/21 09:05:00",GSTONE2,130.20
D,DISPATCH,UNIT_SCADA,1,"2019/08/21 09:05:00",GSTONE3,151.724990
D,DISPATCH,UNIT_SCADA,1,"2019/08/21 09:05:00",GSTONE4,151.899990
D,DISPATCH,UNIT_SCADA,1,"2019/08/21 09:05:00",GSTONE5,148.05
D,DISPATCH,UNIT_SCADA,1,"2019/08/21 09:05:00",GSTONE6,0
D,DISPATCH,UNIT_SCADA,1,"2019/08/21 09:05:00",GULLRSF1,2.969510
D,DISPATCH,UNIT_SCADA,1,"2019/08/21 09:05:00",GULLRWF1,155.295070
D,DISPATCH,UNIT_SCADA,1,"2019/08/21 09:05:00",GUNNING1,44.160070
D,DISPATCH,UNIT_SCADA,1,"2019/08/21 09:05:00",GUTHEGA,0
D,DISPATCH,UNIT_SCADA,1,"2019/08/21 09:05:00",HALLWF1,46.07
D,DISPATCH,UNIT_SCADA,1,"2019/08/21 09:05:00",HALLWF2,38.82
D,DISPATCH,UNIT_SCADA,1,"2019/08/21 09:05:00",HAMISF1,46.80
D,DISPATCH,UNIT_SCADA,1,"2019/08/21 09:05:00",HAUGHT11,50.032640
D,DISPATCH,UNIT_SCADA,1,"2019/08/21 09:05:00",HAYMSF1,41.7480
D,DISPATCH,UNIT_SCADA,1,"2019/08/21 09:05:00",HDWF1,43
D,DISPATCH,UNIT_SCADA,1,"2019/08/21 09:05:00",HDWF2,33.40
D,DISPATCH,UNIT_SCADA,1,"2019/08/21 09:05:00",HDWF3,43
D,DISPATCH,UNIT_SCADA,1,"2019/08/21 09:05:00",HPRG1,0
D,DISPATCH,UNIT_SCADA,1,"2019/08/21 09:05:00",HPRL1,4.30
D,DISPATCH,UNIT_SCADA,1,"2019/08/21 09:05:00",HUMENSW,0
D,DISPATCH,UNIT_SCADA,1,"2019/08/21 09:05:00",HUMEV,8
D,DISPATCH,UNIT_SCADA,1,"2019/08/21 09:05:00",HVGTS,0
D,DISPATCH,UNIT_SCADA,1,"2019/08/21 09:05:00",JBUTTERS,132.789990
D,DISPATCH,UNIT_SCADA,1,"2019/08/21 09:05:00",JLA01,0.50
D,DISPATCH,UNIT_SCADA,1,"2019/08/21 09:05:00",JLA02,0
D,DISPATCH,UNIT_SCADA,1,"2019/08/21 09:05:00",JLA03,0.10
D,DISPATCH,UNIT_SCADA,1,"2019/08/21 09:05:00",JLA04,0.10
D,DISPATCH,UNIT_SCADA,1,"2019/08/21 09:05:00",JLB01,0
D,DISPATCH,UNIT_SCADA,1,"2019/08/21 09:05:00",JLB02,84.40
D,DISPATCH,UNIT_SCADA,1,"2019/08/21 09:05:00",JLB03,0
D,DISPATCH,UNIT_SCADA,1,"2019/08/21 09:05:00",KAREEYA1,21.5050
D,DISPATCH,UNIT_SCADA,1,"2019/08/21 09:05:00",KAREEYA2,21.72
D,DISPATCH,UNIT_SCADA,1,"2019/08/21 09:05:00",KAREEYA3,0
D,DISPATCH,UNIT_SCADA,1,"2019/08/21 09:05:00",KAREEYA4,21.63
D,DISPATCH,UNIT_SCADA,1,"2019/08/21 09:05:00",KARSF1,19.50
D,DISPATCH,UNIT_SCADA,1,"2019/08/21 09:05:00",KIATAWF1,30.60
D,DISPATCH,UNIT_SCADA,1,"2019/08/21 09:05:00",KPP_1,0
D,DISPATCH,UNIT_SCADA,1,"2019/08/21 09:05:00",KSP1,46.21
D,DISPATCH,UNIT_SCADA,1,"2019/08/21 09:05:00",LADBROK1,42.34
D,DISPATCH,UNIT_SCADA,1,"2019/08/21 09:05:00",LADBROK2,43.06
D,DISPATCH,UNIT_SCADA,1,"2019/08/21 09:05:00",LD01,417.918820
D,DISPATCH,UNIT_SCADA,1,"2019/08/21 09:05:00",LD02,418.518770
D,DISPATCH,UNIT_SCADA,1,"2019/08/21 09:05:00",LD03,420.131290
D,DISPATCH,UNIT_SCADA,1,"2019/08/21 09:05:00",LD04,382.218750
D,DISPATCH,UNIT_SCADA,1,"2019/08/21 09:05:00",LEM_WIL,86.084950
D,DISPATCH,UNIT_SCADA,1,"2019/08/21 09:05:00",LGAPWF1,16.26
D,DISPATCH,UNIT_SCADA,1,"2019/08/21 09:05:00",LILYSF1,95.420410
D,DISPATCH,UNIT_SCADA,1,"2019/08/21 09:05:00",LI_WY_CA,147.810040
D,DISPATCH,UNIT_SCADA,1,"2019/08/21 09:05:00",LKBONNY2,102.068770
D,DISPATCH,UNIT_SCADA,1,"2019/08/21 09:05:00",LKBONNY3,27.185320
D,DISPATCH,UNIT_SCADA,1,"2019/08/21 09:05:00",LK_ECHO,0
D,DISPATCH,UNIT_SCADA,1,"2019/08/21 09:05:00",LNGS1,0
D,DISPATCH,UNIT_SCADA,1,"2019/08/21 09:05:00",LNGS2,0
D,DISPATCH,UNIT_SCADA,1,"2019/08/21 09:05:00",LONSDALE,0
D,DISPATCH,UNIT_SCADA,1,"2019/08/21 09:05:00",LOYYB1,534.584840
D,DISPATCH,UNIT_SCADA,1,"2019/08/21 09:05:00",LOYYB2,582.330380
D,DISPATCH,UNIT_SCADA,1,"2019/08/21 09:05:00",LYA1,499
D,DISPATCH,UNIT_SCADA,1,"2019/08/21 09:05:00",LYA2,0
D,DISPATCH,UNIT_SCADA,1,"2019/08/21 09:05:00",LYA3,560
D,DISPATCH,UNIT_SCADA,1,"2019/08/21 09:05:00",LYA4,531
D,DISPATCH,UNIT_SCADA,1,"2019/08/21 09:05:00",MACARTH1,260.393980
D,DISPATCH,UNIT_SCADA,1,"2019/08/21 09:05:00",MACKAYGT,0
D,DISPATCH,UNIT_SCADA,1,"2019/08/21 09:05:00",MACKNTSH,85.30
D,DISPATCH,UNIT_SCADA,1,"2019/08/21 09:05:00",MANSLR1,2.9910
D,DISPATCH,UNIT_SCADA,1,"2019/08/21 09:05:00",MCKAY1,0.02
D,DISPATCH,UNIT_SCADA,1,"2019/08/21 09:05:00",MEADOWBK,33.953040
D,DISPATCH,UNIT_SCADA,1,"2019/08/21 09:05:00",MERCER01,128.7890
D,DISPATCH,UNIT_SCADA,1,"2019/08/21 09:05:00",MEWF1,98.025470
D,DISPATCH,UNIT_SCADA,1,"2019/08/21 09:05:00",MINTARO,0
D,DISPATCH,UNIT_SCADA,1,"2019/08/21 09:05:00",MOREESF1,51.2860
D,DISPATCH,UNIT_SCADA,1,"2019/08/21 09:05:00",MORTLK11,0
D,DISPATCH,UNIT_SCADA,1,"2019/08/21 09:05:00",MORTLK12,0
D,DISPATCH,UNIT_SCADA,1,"2019/08/21 09:05:00",MP1,279.8750
D,DISPATCH,UNIT_SCADA,1,"2019/08/21 09:05:00",MP2,0
D,DISPATCH,UNIT_SCADA,1,"2019/08/21 09:05:00",MPP_1,257.50
D,DISPATCH,UNIT_SCADA,1,"2019/08/21 09:05:00",MPP_2,411.25
D,DISPATCH,UNIT_SCADA,1,"2019/08/21 09:05:00",MSTUART1,0
D,DISPATCH,UNIT_SCADA,1,"2019/08/21 09:05:00",MSTUART2,0
D,DISPATCH,UNIT_SCADA,1,"2019/08/21 09:05:00",MSTUART3,0
D,DISPATCH,UNIT_SCADA,1,"2019/08/21 09:05:00",MTGELWF1,64.340650
D,DISPATCH,UNIT_SCADA,1,"2019/08/21 09:05:00",MURRAY,121.30
D,DISPATCH,UNIT_SCADA,1,"2019/08/21 09:05:00",MUSSELR1,145.599990
D,DISPATCH,UNIT_SCADA,1,"2019/08/21 09:05:00",MUWAWF1,55.91
D,DISPATCH,UNIT_SCADA,1,"2019/08/21 09:05:00",NBHWF1,56.90
D,DISPATCH,UNIT_SCADA,1,"2019/08/21 09:05:00",NPS,0
D,DISPATCH,UNIT_SCADA,1,"2019/08/21 09:05:00",NUMURSF1,21.57
D,DISPATCH,UNIT_SCADA,1,"2019/08/21 09:05:00",NYNGAN1,66
D,DISPATCH,UNIT_SCADA,1,"2019/08/21 09:05:00",OAKEY1,0
D,DISPATCH,UNIT_SCADA,1,"2019/08/21 09:05:00",OAKEY1SF,0.7370
D,DISPATCH,UNIT_SCADA,1,"2019/08/21 09:05:00",OAKEY2,0
D,DISPATCH,UNIT_SCADA,1,"2019/08/21 09:05:00",OAKLAND1,55.90
D,DISPATCH,UNIT_SCADA,1,"2019/08/21 09:05:00",OSB-AG,0
D,DISPATCH,UNIT_SCADA,1,"2019/08/21 09:05:00",PARSF1,8.10
D,DISPATCH,UNIT_SCADA,1,"2019/08/21 09:05:00",POAT110,1.247040
D,DISPATCH,UNIT_SCADA,1,"2019/08/21 09:05:00",POAT220,104.1296
D,DISPATCH,UNIT_SCADA,1,"2019/08/21 09:05:00",POR01,0
D,DISPATCH,UNIT_SCADA,1,"2019/08/21 09:05:00",POR03,0
D,DISPATCH,UNIT_SCADA,1,"2019/08/21 09:05:00",PPCCGT,174.894410
D,DISPATCH,UNIT_SCADA,1,"2019/08/21 09:05:00",PTSTAN1,0
D,DISPATCH,UNIT_SCADA,1,"2019/08/21 09:05:00",PUMP1,0
D,DISPATCH,UNIT_SCADA,1,"2019/08/21 09:05:00",PUMP2,0
D,DISPATCH,UNIT_SCADA,1,"2019/08/21 09:05:00",QPS1,29
D,DISPATCH,UNIT_SCADA,1,"2019/08/21 09:05:00",QPS2,0
D,DISPATCH,UNIT_SCADA,1,"2019/08/21 09:05:00",QPS3,0
D,DISPATCH,UNIT_SCADA,1,"2019/08/21 09:05:00",QPS4,0
D,DISPATCH,UNIT_SCADA,1,"2019/08/21 09:05:00",QPS5,75.10
D,DISPATCH,UNIT_SCADA,1,"2019/08/21 09:05:00",REECE1,115.920010
D,DISPATCH,UNIT_SCADA,1,"2019/08/21 09:05:00",REECE2,116.250010
D,DISPATCH,UNIT_SCADA,1,"2019/08/21 09:05:00",ROMA_7,0
D,DISPATCH,UNIT_SCADA,1,"2019/08/21 09:05:00",ROMA_8,0
D,DISPATCH,UNIT_SCADA,1,"2019/08/21 09:05:00",RRSF1,103.598110
D,DISPATCH,UNIT_SCADA,1,"2019/08/21 09:05:00",RT_NSW1,0
D,DISPATCH,UNIT_SCADA,1,"2019/08/21 09:05:00",RT_NSW2,0
D,DISPATCH,UNIT_SCADA,1,"2019/08/21 09:05:00",RT_NSW3,0
D,DISPATCH,UNIT_SCADA,1,"2019/08/21 09:05:00",RT_NSW4,0
D,DISPATCH,UNIT_SCADA,1,"2019/08/21 09:05:00",RT_NSW5,0
D,DISPATCH,UNIT_SCADA,1,"2019/08/21 09:05:00",RT_NSW6,0
D,DISPATCH,UNIT_SCADA,1,"2019/08/21 09:05:00",RT_QLD1,0
D,DISPATCH,UNIT_SCADA,1,"2019/08/21 09:05:00",RT_SA1,0
D,DISPATCH,UNIT_SCADA,1,"2019/08/21 09:05:00",RT_SA2,0
D,DISPATCH,UNIT_SCADA,1,"2019/08/21 09:05:00",RT_SA3,0
D,DISPATCH,UNIT_SCADA,1,"2019/08/21 09:05:00",RT_SA4,0
D,DISPATCH,UNIT_SCADA,1,"2019/08/21 09:05:00",RT_SA5,0
D,DISPATCH,UNIT_SCADA,1,"2019/08/21 09:05:00",RT_SA6,0
D,DISPATCH,UNIT_SCADA,1,"2019/08/21 09:05:00",RT_TAS1,0
D,DISPATCH,UNIT_SCADA,1,"2019/08/21 09:05:00",RT_VIC1,0
D,DISPATCH,UNIT_SCADA,1,"2019/08/21 09:05:00",RT_VIC10,0
D,DISPATCH,UNIT_SCADA,1,"2019/08/21 09:05:00",RT_VIC11,0
D,DISPATCH,UNIT_SCADA,1,"2019/08/21 09:05:00",RT_VIC12,0
D,DISPATCH,UNIT_SCADA,1,"2019/08/21 09:05:00",RT_VIC2,0
D,DISPATCH,UNIT_SCADA,1,"2019/08/21 09:05:00",RT_VIC3,0
D,DISPATCH,UNIT_SCADA,1,"2019/08/21 09:05:00",RT_VIC4,0
D,DISPATCH,UNIT_SCADA,1,"2019/08/21 09:05:00",RT_VIC5,0
D,DISPATCH,UNIT_SCADA,1,"2019/08/21 09:05:00",RT_VIC6,0
D,DISPATCH,UNIT_SCADA,1,"2019/08/21 09:05:00",RT_VIC7,0
D,DISPATCH,UNIT_SCADA,1,"2019/08/21 09:05:00",RT_VIC8,0
D,DISPATCH,UNIT_SCADA,1,"2019/08/21 09:05:00",RT_VIC9,0
D,DISPATCH,UNIT_SCADA,1,"2019/08/21 09:05:00",RUGBYR1,45.164540
D,DISPATCH,UNIT_SCADA,1,"2019/08/21 09:05:00",SALTCRK1,50.09
D,DISPATCH,UNIT_SCADA,1,"2019/08/21 09:05:00",SAPHWF1,85.800020
D,DISPATCH,UNIT_SCADA,1,"2019/08/21 09:05:00",SHGEN,0
D,DISPATCH,UNIT_SCADA,1,"2019/08/21 09:05:00",SHPUMP,0
D,DISPATCH,UNIT_SCADA,1,"2019/08/21 09:05:00",SITHE01,0.515580
D,DISPATCH,UNIT_SCADA,1,"2019/08/21 09:05:00",SMCSF1,60.552640
D,DISPATCH,UNIT_SCADA,1,"2019/08/21 09:05:00",SNOWNTH1,25.30
D,DISPATCH,UNIT_SCADA,1,"2019/08/21 09:05:00",SNOWSTH1,58.40
D,DISPATCH,UNIT_SCADA,1,"2019/08/21 09:05:00",SNOWTWN1,21.428720
D,DISPATCH,UNIT_SCADA,1,"2019/08/21 09:05:00",SNOWYP,0
D,DISPATCH,UNIT_SCADA,1,"2019/08/21 09:05:00",SNUG1,0.019440
D,DISPATCH,UNIT_SCADA,1,"2019/08/21 09:05:00",SRSF1,35.57
D,DISPATCH,UNIT_SCADA,1,"2019/08/21 09:05:00",STAN-1,0
D,DISPATCH,UNIT_SCADA,1,"2019/08/21 09:05:00",STAN-2,280.222750
D,DISPATCH,UNIT_SCADA,1,"2019/08/21 09:05:00",STAN-3,278.876860
D,DISPATCH,UNIT_SCADA,1,"2019/08/21 09:05:00",STAN-4,277.0824
D,DISPATCH,UNIT_SCADA,1,"2019/08/21 09:05:00",STWF1,16.706270
D,DISPATCH,UNIT_SCADA,1,"2019/08/21 09:05:00",SWAN_E,0
D,DISPATCH,UNIT_SCADA,1,"2019/08/21 09:05:00",TALWA1,190
D,DISPATCH,UNIT_SCADA,1,"2019/08/21 09:05:00",TARALGA1,7.7550
D,DISPATCH,UNIT_SCADA,1,"2019/08/21 09:05:00",TARONG#1,279.200010
D,DISPATCH,UNIT_SCADA,1,"2019/08/21 09:05:00",TARONG#2,280.200010
D,DISPATCH,UNIT_SCADA,1,"2019/08/21 09:05:00",TARONG#3,260.600010
D,DISPATCH,UNIT_SCADA,1,"2019/08/21 09:05:00",TARONG#4,281.399990
D,DISPATCH,UNIT_SCADA,1,"2019/08/21 09:05:00",TARRALEA,74.80
D,DISPATCH,UNIT_SCADA,1,"2019/08/21 09:05:00",TBSF1,42.60
D,DISPATCH,UNIT_SCADA,1,"2019/08/21 09:05:00",TNPS1,442.000030
D,DISPATCH,UNIT_SCADA,1,"2019/08/21 09:05:00",TORRA1,44.641350
D,DISPATCH,UNIT_SCADA,1,"2019/08/21 09:05:00",TORRA2,0
D,DISPATCH,UNIT_SCADA,1,"2019/08/21 09:05:00",TORRA3,0
D,DISPATCH,UNIT_SCADA,1,"2019/08/21 09:05:00",TORRA4,0
D,DISPATCH,UNIT_SCADA,1,"2019/08/21 09:05:00",TORRB1,39.80
D,DISPATCH,UNIT_SCADA,1,"2019/08/21 09:05:00",TORRB2,40.93
D,DISPATCH,UNIT_SCADA,1,"2019/08/21 09:05:00",TORRB3,0
D,DISPATCH,UNIT_SCADA,1,"2019/08/21 09:05:00",TORRB4,0
D,DISPATCH,UNIT_SCADA,1,"2019/08/21 09:05:00",TREVALLN,69.180020
D,DISPATCH,UNIT_SCADA,1,"2019/08/21 09:05:00",TRIBUTE,83.55
D,DISPATCH,UNIT_SCADA,1,"2019/08/21 09:05:00",TUMUT3,0
D,DISPATCH,UNIT_SCADA,1,"2019/08/21 09:05:00",TUNGATIN,120.130030
D,DISPATCH,UNIT_SCADA,1,"2019/08/21 09:05:00",TVCC201,0
D,DISPATCH,UNIT_SCADA,1,"2019/08/21 09:05:00",TVPP104,57.807020
D,DISPATCH,UNIT_SCADA,1,"2019/08/21 09:05:00",UPPTUMUT,0
D,DISPATCH,UNIT_SCADA,1,"2019/08/21 09:05:00",URANQ11,0
D,DISPATCH,UNIT_SCADA,1,"2019/08/21 09:05:00",URANQ12,0
D,DISPATCH,UNIT_SCADA,1,"2019/08/21 09:05:00",URANQ13,0
D,DISPATCH,UNIT_SCADA,1,"2019/08/21 09:05:00",URANQ14,0
D,DISPATCH,UNIT_SCADA,1,"2019/08/21 09:05:00",VP5,402.075010
D,DISPATCH,UNIT_SCADA,1,"2019/08/21 09:05:00",VP6,397.225010
D,DISPATCH,UNIT_SCADA,1,"2019/08/21 09:05:00",VPGS1,0
D,DISPATCH,UNIT_SCADA,1,"2019/08/21 09:05:00",VPGS2,0
D,DISPATCH,UNIT_SCADA,1,"2019/08/21 09:05:00",VPGS3,0
D,DISPATCH,UNIT_SCADA,1,"2019/08/21 09:05:00",VPGS4,0
D,DISPATCH,UNIT_SCADA,1,"2019/08/21 09:05:00",VPGS5,0
D,DISPATCH,UNIT_SCADA,1,"2019/08/21 09:05:00",VPGS6,0
D,DISPATCH,UNIT_SCADA,1,"2019/08/21 09:05:00",W/HOE#1,0
D,DISPATCH,UNIT_SCADA,1,"2019/08/21 09:05:00",W/HOE#2,0
D,DISPATCH,UNIT_SCADA,1,"2019/08/21 09:05:00",WATERLWF,68.90
D,DISPATCH,UNIT_SCADA,1,"2019/08/21 09:05:00",WEMENSF1,10
D,DISPATCH,UNIT_SCADA,1,"2019/08/21 09:05:00",WGWF1,46.20
D,DISPATCH,UNIT_SCADA,1,"2019/08/21 09:05:00",WHITSF1,44.60
D,DISPATCH,UNIT_SCADA,1,"2019/08/21 09:05:00",WKIEWA1,0
D,DISPATCH,UNIT_SCADA,1,"2019/08/21 09:05:00",WKIEWA2,10.60
D,DISPATCH,UNIT_SCADA,1,"2019/08/21 09:05:00",WOODLWN1,45.1620
D,DISPATCH,UNIT_SCADA,1,"2019/08/21 09:05:00",WRSF1,16.43
D,DISPATCH,UNIT_SCADA,1,"2019/08/21 09:05:00",WRWF1,132.5775
D,DISPATCH,UNIT_SCADA,1,"2019/08/21 09:05:00",YABULU,0
D,DISPATCH,UNIT_SCADA,1,"2019/08/21 09:05:00",YABULU2,0
D,DISPATCH,UNIT_SCADA,1,"2019/08/21 09:05:00",YARWUN_1,0
D,DISPATCH,UNIT_SCADA,1,"2019/08/21 09:05:00",YENDWF1,41.98
D,DISPATCH,UNIT_SCADA,1,"2019/08/21 09:05:00",YWPS1,378.6962
D,DISPATCH,UNIT_SCADA,1,"2019/08/21 09:05:00",YWPS2,278.693660
D,DISPATCH,UNIT_SCADA,1,"2019/08/21 09:05:00",YWPS3,0
D,DISPATCH,UNIT_SCADA,1,"2019/08/21 09:05:00",YWPS4,392.415190
C,"END OF REPORT",334
