C,NEMP.WORLD,DISPATCHSCADA,AEMO,PUBLIC,2019/08/23,08:25:08,0000000311899704,DISPATCHSCADA,0000000311899698
I,DISPATCH,UNIT_SCADA,1,SETTLEMENTDATE,DUID,SCADAVALUE
D,DISPATCH,UNIT_SCADA,1,"2019/08/23 08:30:00",BARCSF1,17.400002
D,DISPATCH,UNIT_SCADA,1,"2019/08/23 08:30:00",BUTLERSG,9.699999
D,DISPATCH,UNIT_SCADA,1,"2019/08/23 08:30:00",CALL_A_4,0
D,DISPATCH,UNIT_SCADA,1,"2019/08/23 08:30:00",CAPTL_WF,0
D,DISPATCH,UNIT_SCADA,1,"2019/08/23 08:30:00",CATHROCK,54.379997
D,DISPATCH,UNIT_SCADA,1,"2019/08/23 08:30:00",CHALLHWF,0
D,DISPATCH,UNIT_SCADA,1,"2019/08/23 08:30:00",CLOVER,0
D,DISPATCH,UNIT_SCADA,1,"2019/08/23 08:30:00",CLUNY,20.340124
D,DISPATCH,UNIT_SCADA,1,"2019/08/23 08:30:00",CNUNDAWF,6.407475
D,DISPATCH,UNIT_SCADA,1,"2019/08/23 08:30:00",CULLRGWF,0.77
D,DISPATCH,UNIT_SCADA,1,"2019/08/23 08:30:00",ERGT01,0
D,DISPATCH,UNIT_SCADA,1,"2019/08/23 08:30:00",GB01,0.056236
D,DISPATCH,UNIT_SCADA,1,"2019/08/23 08:30:00",GERMCRK,38.099998
D,DISPATCH,UNIT_SCADA,1,"2019/08/23 08:30:00",GRIFSF1,23.800003
D,DISPATCH,UNIT_SCADA,1,"2019/08/23 08:30:00",HUGSF1,8.9320
D,DISPATCH,UNIT_SCADA,1,"2019/08/23 08:30:00",LKBONNY1,9.556102
D,DISPATCH,UNIT_SCADA,1,"2019/08/23 08:30:00",LRSF1,-0.0130
D,DISPATCH,UNIT_SCADA,1,"2019/08/23 08:30:00",MBAHNTH,55.724991
D,DISPATCH,UNIT_SCADA,1,"2019/08/23 08:30:00",MLSP1,6.583001
D,DISPATCH,UNIT_SCADA,1,"2019/08/23 08:30:00",MTMILLAR,30.501936
D,DISPATCH,UNIT_SCADA,1,"2019/08/23 08:30:00",PALOONA,30.349998
D,DISPATCH,UNIT_SCADA,1,"2019/08/23 08:30:00",PIONEER,46.900002
D,DISPATCH,UNIT_SCADA,1,"2019/08/23 08:30:00",PORTWF,48.299999
D,DISPATCH,UNIT_SCADA,1,"2019/08/23 08:30:00",REPULSE,29.095293
D,DISPATCH,UNIT_SCADA,1,"2019/08/23 08:30:00",ROWALLAN,10.5293
D,DISPATCH,UNIT_SCADA,1,"2019/08/23 08:30:00",ROYALLA1,11.655001
D,DISPATCH,UNIT_SCADA,1,"2019/08/23 08:30:00",RPCG,10.30
D,DISPATCH,UNIT_SCADA,1,"2019/08/23 08:30:00",RUBICON,0
D,DISPATCH,UNIT_SCADA,1,"2019/08/23 08:30:00",SATGN1,0
D,DISPATCH,UNIT_SCADA,1,"2019/08/23 08:30:00",SATGS1,0
D,DISPATCH,UNIT_SCADA,1,"2019/08/23 08:30:00",STARHLWF,9.897114
D,DISPATCH,UNIT_SCADA,1,"2019/08/23 08:30:00",WAUBRAWF,0
D,DISPATCH,UNIT_SCADA,1,"2019/08/23 08:30:00",WOOLNTH1,29.790016
D,DISPATCH,UNIT_SCADA,1,"2019/08/23 08:30:00",WPWF,24
D,DISPATCH,UNIT_SCADA,1,"2019/08/23 08:30:00",YSWF1,3.80
D,DISPATCH,UNIT_SCADA,1,"2019/08/23 08:30:00",AGLHAL,15.2440
D,DISPATCH,UNIT_SCADA,1,"2019/08/23 08:30:00",AGLSOM,0
D,DISPATCH,UNIT_SCADA,1,"2019/08/23 08:30:00",ANGAST1,0
D,DISPATCH,UNIT_SCADA,1,"2019/08/23 08:30:00",ARWF1,-0.30
D,DISPATCH,UNIT_SCADA,1,"2019/08/23 08:30:00",BALBG1,0
D,DISPATCH,UNIT_SCADA,1,"2019/08/23 08:30:00",BALBL1,0
D,DISPATCH,UNIT_SCADA,1,"2019/08/23 08:30:00",BALDHWF1,19.8710
D,DISPATCH,UNIT_SCADA,1,"2019/08/23 08:30:00",BANN1,43.60
D,DISPATCH,UNIT_SCADA,1,"2019/08/23 08:30:00",BARCALDN,0
D,DISPATCH,UNIT_SCADA,1,"2019/08/23 08:30:00",BARRON-1,0
D,DISPATCH,UNIT_SCADA,1,"2019/08/23 08:30:00",BARRON-2,28.04
D,DISPATCH,UNIT_SCADA,1,"2019/08/23 08:30:00",BASTYAN,77.98
D,DISPATCH,UNIT_SCADA,1,"2019/08/23 08:30:00",BBTHREE1,0
D,DISPATCH,UNIT_SCADA,1,"2019/08/23 08:30:00",BBTHREE2,0
D,DISPATCH,UNIT_SCADA,1,"2019/08/23 08:30:00",BBTHREE3,0
D,DISPATCH,UNIT_SCADA,1,"2019/08/23 08:30:00",BDL01,42
D,DISPATCH,UNIT_SCADA,1,"2019/08/23 08:30:00",BDL02,44.76
D,DISPATCH,UNIT_SCADA,1,"2019/08/23 08:30:00",BERYLSF1,63.099470
D,DISPATCH,UNIT_SCADA,1,"2019/08/23 08:30:00",BLOWERNG,0
D,DISPATCH,UNIT_SCADA,1,"2019/08/23 08:30:00",BLUFF1,24.60
D,DISPATCH,UNIT_SCADA,1,"2019/08/23 08:30:00",BNGSF1,50.57
D,DISPATCH,UNIT_SCADA,1,"2019/08/23 08:30:00",BNGSF2,17.24
D,DISPATCH,UNIT_SCADA,1,"2019/08/23 08:30:00",BOCORWF1,9.34
D,DISPATCH,UNIT_SCADA,1,"2019/08/23 08:30:00",BODWF1,50.692310
D,DISPATCH,UNIT_SCADA,1,"2019/08/23 08:30:00",BRAEMAR1,0
D,DISPATCH,UNIT_SCADA,1,"2019/08/23 08:30:00",BRAEMAR2,0
D,DISPATCH,UNIT_SCADA,1,"2019/08/23 08:30:00",BRAEMAR3,0
D,DISPATCH,UNIT_SCADA,1,"2019/08/23 08:30:00",BRAEMAR5,0
D,DISPATCH,UNIT_SCADA,1,"2019/08/23 08:30:00",BRAEMAR6,0
D,DISPATCH,UNIT_SCADA,1,"2019/08/23 08:30:00",BRAEMAR7,0
D,DISPATCH,UNIT_SCADA,1,"2019/08/23 08:30:00",BROKENH1,20.581790
D,DISPATCH,UNIT_SCADA,1,"2019/08/23 08:30:00",BW01,646.9751
D,DISPATCH,UNIT_SCADA,1,"2019/08/23 08:30:00",BW02,655.675050
D,DISPATCH,UNIT_SCADA,1,"2019/08/23 08:30:00",BW03,644.074950
D,DISPATCH,UNIT_SCADA,1,"2019/08/23 08:30:00",BW04,0
D,DISPATCH,UNIT_SCADA,1,"2019/08/23 08:30:00",CALL_B_1,331.50
D,DISPATCH,UNIT_SCADA,1,"2019/08/23 08:30:00",CALL_B_2,341.399990
D,DISPATCH,UNIT_SCADA,1,"2019/08/23 08:30:00",CETHANA,97.765370
D,DISPATCH,UNIT_SCADA,1,"2019/08/23 08:30:00",CG1,0
D,DISPATCH,UNIT_SCADA,1,"2019/08/23 08:30:00",CG2,0
D,DISPATCH,UNIT_SCADA,1,"2019/08/23 08:30:00",CG3,0
D,DISPATCH,UNIT_SCADA,1,"2019/08/23 08:30:00",CG4,0
D,DISPATCH,UNIT_SCADA,1,"2019/08/23 08:30:00",CHILDSF1,40.07
D,DISPATCH,UNIT_SCADA,1,"2019/08/23 08:30:00",CLARESF1,0
D,DISPATCH,UNIT_SCADA,1,"2019/08/23 08:30:00",CLEMGPWF,5.474660
D,DISPATCH,UNIT_SCADA,1,"2019/08/23 08:30:00",CLERMSF1,14.65
D,DISPATCH,UNIT_SCADA,1,"2019/08/23 08:30:00",COLEASF1,100.80
D,DISPATCH,UNIT_SCADA,1,"2019/08/23 08:30:00",COOPGWF1,22.202790
D,DISPATCH,UNIT_SCADA,1,"2019/08/23 08:30:00",CPP_3,406.175020
D,DISPATCH,UNIT_SCADA,1,"2019/08/23 08:30:00",CPP_4,392.975010
D,DISPATCH,UNIT_SCADA,1,"2019/08/23 08:30:00",CPSA,142.714390
D,DISPATCH,UNIT_SCADA,1,"2019/08/23 08:30:00",CROOKWF2,0.6775
D,DISPATCH,UNIT_SCADA,1,"2019/08/23 08:30:00",CROWLWF1,0.802620
D,DISPATCH,UNIT_SCADA,1,"2019/08/23 08:30:00",CSPVPS1,20.7710
D,DISPATCH,UNIT_SCADA,1,"2019/08/23 08:30:00",DALNTH01,0
D,DISPATCH,UNIT_SCADA,1,"2019/08/23 08:30:00",DALNTHL1,0.083920
D,DISPATCH,UNIT_SCADA,1,"2019/08/23 08:30:00",DARTM1,134.30
D,DISPATCH,UNIT_SCADA,1,"2019/08/23 08:30:00",DAYDSF1,110.587010
D,DISPATCH,UNIT_SCADA,1,"2019/08/23 08:30:00",DDPS1,255.001710
D,DISPATCH,UNIT_SCADA,1,"2019/08/23 08:30:00",DDSF1,64.264190
D,DISPATCH,UNIT_SCADA,1,"2019/08/23 08:30:00",DEVILS_G,0
D,DISPATCH,UNIT_SCADA,1,"2019/08/23 08:30:00",DG_NSW1,0
D,DISPATCH,UNIT_SCADA,1,"2019/08/23 08:30:00",DG_QLD1,0
D,DISPATCH,UNIT_SCADA,1,"2019/08/23 08:30:00",DG_SA1,0
D,DISPATCH,UNIT_SCADA,1,"2019/08/23 08:30:00",DG_TAS1,0
D,DISPATCH,UNIT_SCADA,1,"2019/08/23 08:30:00",DG_VIC1,0
D,DISPATCH,UNIT_SCADA,1,"2019/08/23 08:30:00",DRYCGT1,0
D,DISPATCH,UNIT_SCADA,1,"2019/08/23 08:30:00",DRYCGT2,0
D,DISPATCH,UNIT_SCADA,1,"2019/08/23 08:30:00",DRYCGT3,0
D,DISPATCH,UNIT_SCADA,1,"2019/08/23 08:30:00",EILDON1,0
D,DISPATCH,UNIT_SCADA,1,"2019/08/23 08:30:00",EILDON2,0
D,DISPATCH,UNIT_SCADA,1,"2019/08/23 08:30:00",EMERASF1,56.25
D,DISPATCH,UNIT_SCADA,1,"2019/08/23 08:30:00",ER01,582.474980
D,DISPATCH,UNIT_SCADA,1,"2019/08/23 08:30:00",ER02,689.25
D,DISPATCH,UNIT_SCADA,1,"2019/08/23 08:30:00",ER03,698.775020
D,DISPATCH,UNIT_SCADA,1,"2019/08/23 08:30:00",ER04,609.574950
D,DISPATCH,UNIT_SCADA,1,"2019/08/23 08:30:00",FINLYSF1,3.056060
D,DISPATCH,UNIT_SCADA,1,"2019/08/23 08:30:00",FISHER,45.98
D,DISPATCH,UNIT_SCADA,1,"2019/08/23 08:30:00",GANNBG1,0
D,DISPATCH,UNIT_SCADA,1,"2019/08/23 08:30:00",GANNBL1,0.000740
D,DISPATCH,UNIT_SCADA,1,"2019/08/23 08:30:00",GANNSF1,34.80
D,DISPATCH,UNIT_SCADA,1,"2019/08/23 08:30:00",GORDON,197.5383
D,DISPATCH,UNIT_SCADA,1,"2019/08/23 08:30:00",GSTONE1,191.974990
D,DISPATCH,UNIT_SCADA,1,"2019/08/23 08:30:00",GSTONE2,195.474990
D,DISPATCH,UNIT_SCADA,1,"2019/08/23 08:30:00",GSTONE3,191.80
D,DISPATCH,UNIT_SCADA,1,"2019/08/23 08:30:00",GSTONE4,191.45
D,DISPATCH,UNIT_SCADA,1,"2019/08/23 08:30:00",GSTONE5,191.80
D,DISPATCH,UNIT_SCADA,1,"2019/08/23 08:30:00",GSTONE6,0
D,DISPATCH,UNIT_SCADA,1,"2019/08/23 08:30:00",GULLRSF1,7.137050
D,DISPATCH,UNIT_SCADA,1,"2019/08/23 08:30:00",GULLRWF1,19.660160
D,DISPATCH,UNIT_SCADA,1,"2019/08/23 08:30:00",GUNNING1,4.921430
D,DISPATCH,UNIT_SCADA,1,"2019/08/23 08:30:00",GUTHEGA,0
D,DISPATCH,UNIT_SCADA,1,"2019/08/23 08:30:00",HALLWF1,33.59
D,DISPATCH,UNIT_SCADA,1,"2019/08/23 08:30:00",HALLWF2,43.48
D,DISPATCH,UNIT_SCADA,1,"2019/08/23 08:30:00",HAMISF1,44.20
D,DISPATCH,UNIT_SCADA,1,"2019/08/23 08:30:00",HAUGHT11,49.983490
D,DISPATCH,UNIT_SCADA,1,"2019/08/23 08:30:00",HAYMSF1,37.8690
D,DISPATCH,UNIT_SCADA,1,"2019/08/23 08:30:00",HDWF1,69.50
D,DISPATCH,UNIT_SCADA,1,"2019/08/23 08:30:00",HDWF2,65.50
D,DISPATCH,UNIT_SCADA,1,"2019/08/23 08:30:00",HDWF3,62.70
D,DISPATCH,UNIT_SCADA,1,"2019/08/23 08:30:00",HPRG1,29.90
D,DISPATCH,UNIT_SCADA,1,"2019/08/23 08:30:00",HPRL1,0
D,DISPATCH,UNIT_SCADA,1,"2019/08/23 08:30:00",HUMENSW,0
D,DISPATCH,UNIT_SCADA,1,"2019/08/23 08:30:00",HUMEV,8.30
D,DISPATCH,UNIT_SCADA,1,"2019/08/23 08:30:00",HVGTS,0
D,DISPATCH,UNIT_SCADA,1,"2019/08/23 08:30:00",JBUTTERS,140.41
D,DISPATCH,UNIT_SCADA,1,"2019/08/23 08:30:00",JLA01,40.30
D,DISPATCH,UNIT_SCADA,1,"2019/08/23 08:30:00",JLA02,40.20
D,DISPATCH,UNIT_SCADA,1,"2019/08/23 08:30:00",JLA03,0.10
D,DISPATCH,UNIT_SCADA,1,"2019/08/23 08:30:00",JLA04,0.10
D,DISPATCH,UNIT_SCADA,1,"2019/08/23 08:30:00",JLB01,0
D,DISPATCH,UNIT_SCADA,1,"2019/08/23 08:30:00",JLB02,61.90
D,DISPATCH,UNIT_SCADA,1,"2019/08/23 08:30:00",JLB03,59.90
D,DISPATCH,UNIT_SCADA,1,"2019/08/23 08:30:00",KAREEYA1,21.5625
D,DISPATCH,UNIT_SCADA,1,"2019/08/23 08:30:00",KAREEYA2,21.7825
D,DISPATCH,UNIT_SCADA,1,"2019/08/23 08:30:00",KAREEYA3,0
D,DISPATCH,UNIT_SCADA,1,"2019/08/23 08:30:00",KAREEYA4,21.73
D,DISPATCH,UNIT_SCADA,1,"2019/08/23 08:30:00",KARSF1,55.50
D,DISPATCH,UNIT_SCADA,1,"2019/08/23 08:30:00",KIATAWF1,14.50
D,DISPATCH,UNIT_SCADA,1,"2019/08/23 08:30:00",KPP_1,0
D,DISPATCH,UNIT_SCADA,1,"2019/08/23 08:30:00",KSP1,45.42
D,DISPATCH,UNIT_SCADA,1,"2019/08/23 08:30:00",LADBROK1,43.42
D,DISPATCH,UNIT_SCADA,1,"2019/08/23 08:30:00",LADBROK2,43.36
D,DISPATCH,UNIT_SCADA,1,"2019/08/23 08:30:00",LD01,420.131290
D,DISPATCH,UNIT_SCADA,1,"2019/08/23 08:30:00",LD02,297.9375
D,DISPATCH,UNIT_SCADA,1,"2019/08/23 08:30:00",LD03,418.50
D,DISPATCH,UNIT_SCADA,1,"2019/08/23 08:30:00",LD04,377.137480
D,DISPATCH,UNIT_SCADA,1,"2019/08/23 08:30:00",LEM_WIL,86.1564
D,DISPATCH,UNIT_SCADA,1,"2019/08/23 08:30:00",LGAPWF1,27.33
D,DISPATCH,UNIT_SCADA,1,"2019/08/23 08:30:00",LILYSF1,89.653240
D,DISPATCH,UNIT_SCADA,1,"2019/08/23 08:30:00",LI_WY_CA,147.099820
D,DISPATCH,UNIT_SCADA,1,"2019/08/23 08:30:00",LKBONNY2,24.543420
D,DISPATCH,UNIT_SCADA,1,"2019/08/23 08:30:00",LKBONNY3,4.912340
D,DISPATCH,UNIT_SCADA,1,"2019/08/23 08:30:00",LK_ECHO,0
D,DISPATCH,UNIT_SCADA,1,"2019/08/23 08:30:00",LNGS1,0
D,DISPATCH,UNIT_SCADA,1,"2019/08/23 08:30:00",LNGS2,0
D,DISPATCH,UNIT_SCADA,1,"2019/08/23 08:30:00",LONSDALE,0
D,DISPATCH,UNIT_SCADA,1,"2019/08/23 08:30:00",LOYYB1,534.584840
D,DISPATCH,UNIT_SCADA,1,"2019/08/23 08:30:00",LOYYB2,581.202510
D,DISPATCH,UNIT_SCADA,1,"2019/08/23 08:30:00",LYA1,559
D,DISPATCH,UNIT_SCADA,1,"2019/08/23 08:30:00",LYA2,0
D,DISPATCH,UNIT_SCADA,1,"2019/08/23 08:30:00",LYA3,559
D,DISPATCH,UNIT_SCADA,1,"2019/08/23 08:30:00",LYA4,539
D,DISPATCH,UNIT_SCADA,1,"2019/08/23 08:30:00",MACARTH1,90.597910
D,DISPATCH,UNIT_SCADA,1,"2019/08/23 08:30:00",MACKAYGT,0
D,DISPATCH,UNIT_SCADA,1,"2019/08/23 08:30:00",MACKNTSH,87.19
D,DISPATCH,UNIT_SCADA,1,"2019/08/23 08:30:00",MANSLR1,32.7120
D,DISPATCH,UNIT_SCADA,1,"2019/08/23 08:30:00",MCKAY1,0.02
D,DISPATCH,UNIT_SCADA,1,"2019/08/23 08:30:00",MEADOWBK,33.838720
D,DISPATCH,UNIT_SCADA,1,"2019/08/23 08:30:00",MERCER01,8.4270
D,DISPATCH,UNIT_SCADA,1,"2019/08/23 08:30:00",MEWF1,99.438590
D,DISPATCH,UNIT_SCADA,1,"2019/08/23 08:30:00",MINTARO,0
D,DISPATCH,UNIT_SCADA,1,"2019/08/23 08:30:00",MOREESF1,50.3220
D,DISPATCH,UNIT_SCADA,1,"2019/08/23 08:30:00",MORTLK11,259
D,DISPATCH,UNIT_SCADA,1,"2019/08/23 08:30:00",MORTLK12,0
D,DISPATCH,UNIT_SCADA,1,"2019/08/23 08:30:00",MP1,417.3750
D,DISPATCH,UNIT_SCADA,1,"2019/08/23 08:30:00",MP2,0
D,DISPATCH,UNIT_SCADA,1,"2019/08/23 08:30:00",MPP_1,419.75
D,DISPATCH,UNIT_SCADA,1,"2019/08/23 08:30:00",MPP_2,435.25
D,DISPATCH,UNIT_SCADA,1,"2019/08/23 08:30:00",MSTUART1,0
D,DISPATCH,UNIT_SCADA,1,"2019/08/23 08:30:00",MSTUART2,0
D,DISPATCH,UNIT_SCADA,1,"2019/08/23 08:30:00",MSTUART3,0
D,DISPATCH,UNIT_SCADA,1,"2019/08/23 08:30:00",MTGELWF1,21.481980
D,DISPATCH,UNIT_SCADA,1,"2019/08/23 08:30:00",MURRAY,659.491820
D,DISPATCH,UNIT_SCADA,1,"2019/08/23 08:30:00",MUSSELR1,91.50
D,DISPATCH,UNIT_SCADA,1,"2019/08/23 08:30:00",MUWAWF1,8.31
D,DISPATCH,UNIT_SCADA,1,"2019/08/23 08:30:00",NBHWF1,78.70
D,DISPATCH,UNIT_SCADA,1,"2019/08/23 08:30:00",NPS,501.3750
D,DISPATCH,UNIT_SCADA,1,"2019/08/23 08:30:00",NUMURSF1,80.16
D,DISPATCH,UNIT_SCADA,1,"2019/08/23 08:30:00",NYNGAN1,50.75
D,DISPATCH,UNIT_SCADA,1,"2019/08/23 08:30:00",OAKEY1,0
D,DISPATCH,UNIT_SCADA,1,"2019/08/23 08:30:00",OAKEY1SF,19.7570
D,DISPATCH,UNIT_SCADA,1,"2019/08/23 08:30:00",OAKEY2,0
D,DISPATCH,UNIT_SCADA,1,"2019/08/23 08:30:00",OAKLAND1,3.9470
D,DISPATCH,UNIT_SCADA,1,"2019/08/23 08:30:00",OSB-AG,170.100010
D,DISPATCH,UNIT_SCADA,1,"2019/08/23 08:30:00",PARSF1,42.900010
D,DISPATCH,UNIT_SCADA,1,"2019/08/23 08:30:00",POAT110,41.70
D,DISPATCH,UNIT_SCADA,1,"2019/08/23 08:30:00",POAT220,140.611450
D,DISPATCH,UNIT_SCADA,1,"2019/08/23 08:30:00",POR01,0
D,DISPATCH,UNIT_SCADA,1,"2019/08/23 08:30:00",POR03,0
D,DISPATCH,UNIT_SCADA,1,"2019/08/23 08:30:00",PPCCGT,503.064610
D,DISPATCH,UNIT_SCADA,1,"2019/08/23 08:30:00",PTSTAN1,0
D,DISPATCH,UNIT_SCADA,1,"2019/08/23 08:30:00",PUMP1,0
D,DISPATCH,UNIT_SCADA,1,"2019/08/23 08:30:00",PUMP2,0
D,DISPATCH,UNIT_SCADA,1,"2019/08/23 08:30:00",QPS1,29
D,DISPATCH,UNIT_SCADA,1,"2019/08/23 08:30:00",QPS2,0
D,DISPATCH,UNIT_SCADA,1,"2019/08/23 08:30:00",QPS3,0
D,DISPATCH,UNIT_SCADA,1,"2019/08/23 08:30:00",QPS4,0
D,DISPATCH,UNIT_SCADA,1,"2019/08/23 08:30:00",QPS5,87.23
D,DISPATCH,UNIT_SCADA,1,"2019/08/23 08:30:00",REECE1,119.110010
D,DISPATCH,UNIT_SCADA,1,"2019/08/23 08:30:00",REECE2,118.560010
D,DISPATCH,UNIT_SCADA,1,"2019/08/23 08:30:00",ROMA_7,0
D,DISPATCH,UNIT_SCADA,1,"2019/08/23 08:30:00",ROMA_8,0
D,DISPATCH,UNIT_SCADA,1,"2019/08/23 08:30:00",RRSF1,102.395940
D,DISPATCH,UNIT_SCADA,1,"2019/08/23 08:30:00",RT_NSW1,0
D,DISPATCH,UNIT_SCADA,1,"2019/08/23 08:30:00",RT_NSW2,0
D,DISPATCH,UNIT_SCADA,1,"2019/08/23 08:30:00",RT_NSW3,0
D,DISPATCH,UNIT_SCADA,1,"2019/08/23 08:30:00",RT_NSW4,0
D,DISPATCH,UNIT_SCADA,1,"2019/08/23 08:30:00",RT_NSW5,0
D,DISPATCH,UNIT_SCADA,1,"2019/08/23 08:30:00",RT_NSW6,0
D,DISPATCH,UNIT_SCADA,1,"2019/08/23 08:30:00",RT_QLD1,0
D,DISPATCH,UNIT_SCADA,1,"2019/08/23 08:30:00",RT_SA1,0
D,DISPATCH,UNIT_SCADA,1,"2019/08/23 08:30:00",RT_SA2,0
D,DISPATCH,UNIT_SCADA,1,"2019/08/23 08:30:00",RT_SA3,0
D,DISPATCH,UNIT_SCADA,1,"2019/08/23 08:30:00",RT_SA4,0
D,DISPATCH,UNIT_SCADA,1,"2019/08/23 08:30:00",RT_SA5,0
D,DISPATCH,UNIT_SCADA,1,"2019/08/23 08:30:00",RT_SA6,0
D,DISPATCH,UNIT_SCADA,1,"2019/08/23 08:30:00",RT_TAS1,0
D,DISPATCH,UNIT_SCADA,1,"2019/08/23 08:30:00",RT_VIC1,0
D,DISPATCH,UNIT_SCADA,1,"2019/08/23 08:30:00",RT_VIC10,0
D,DISPATCH,UNIT_SCADA,1,"2019/08/23 08:30:00",RT_VIC11,0
D,DISPATCH,UNIT_SCADA,1,"2019/08/23 08:30:00",RT_VIC12,0
D,DISPATCH,UNIT_SCADA,1,"2019/08/23 08:30:00",RT_VIC2,0
D,DISPATCH,UNIT_SCADA,1,"2019/08/23 08:30:00",RT_VIC3,0
D,DISPATCH,UNIT_SCADA,1,"2019/08/23 08:30:00",RT_VIC4,0
D,DISPATCH,UNIT_SCADA,1,"2019/08/23 08:30:00",RT_VIC5,0
D,DISPATCH,UNIT_SCADA,1,"2019/08/23 08:30:00",RT_VIC6,0
D,DISPATCH,UNIT_SCADA,1,"2019/08/23 08:30:00",RT_VIC7,0
D,DISPATCH,UNIT_SCADA,1,"2019/08/23 08:30:00",RT_VIC8,0
D,DISPATCH,UNIT_SCADA,1,"2019/08/23 08:30:00",RT_VIC9,0
D,DISPATCH,UNIT_SCADA,1,"2019/08/23 08:30:00",RUGBYR1,62.660610
D,DISPATCH,UNIT_SCADA,1,"2019/08/23 08:30:00",SALTCRK1,8.57
D,DISPATCH,UNIT_SCADA,1,"2019/08/23 08:30:00",SAPHWF1,4.462520
D,DISPATCH,UNIT_SCADA,1,"2019/08/23 08:30:00",SHGEN,199.738570
D,DISPATCH,UNIT_SCADA,1,"2019/08/23 08:30:00",SHPUMP,0
D,DISPATCH,UNIT_SCADA,1,"2019/08/23 08:30:00",SITHE01,0.734110
D,DISPATCH,UNIT_SCADA,1,"2019/08/23 08:30:00",SMCSF1,47.122690
D,DISPATCH,UNIT_SCADA,1,"2019/08/23 08:30:00",SNOWNTH1,44.60
D,DISPATCH,UNIT_SCADA,1,"2019/08/23 08:30:00",SNOWSTH1,53.40
D,DISPATCH,UNIT_SCADA,1,"2019/08/23 08:30:00",SNOWTWN1,50.186260
D,DISPATCH,UNIT_SCADA,1,"2019/08/23 08:30:00",SNOWYP,0
D,DISPATCH,UNIT_SCADA,1,"2019/08/23 08:30:00",SNUG1,0.019440
D,DISPATCH,UNIT_SCADA,1,"2019/08/23 08:30:00",SRSF1,1.66
D,DISPATCH,UNIT_SCADA,1,"2019/08/23 08:30:00",STAN-1,0
D,DISPATCH,UNIT_SCADA,1,"2019/08/23 08:30:00",STAN-2,322.931640
D,DISPATCH,UNIT_SCADA,1,"2019/08/23 08:30:00",STAN-3,323.662260
D,DISPATCH,UNIT_SCADA,1,"2019/08/23 08:30:00",STAN-4,323.354640
D,DISPATCH,UNIT_SCADA,1,"2019/08/23 08:30:00",STWF1,19.079990
D,DISPATCH,UNIT_SCADA,1,"2019/08/23 08:30:00",SWAN_E,0
D,DISPATCH,UNIT_SCADA,1,"2019/08/23 08:30:00",TALWA1,429
D,DISPATCH,UNIT_SCADA,1,"2019/08/23 08:30:00",TARALGA1,0
D,DISPATCH,UNIT_SCADA,1,"2019/08/23 08:30:00",TARONG#1,318
D,DISPATCH,UNIT_SCADA,1,"2019/08/23 08:30:00",TARONG#2,139.600010
D,DISPATCH,UNIT_SCADA,1,"2019/08/23 08:30:00",TARONG#3,260.100010
D,DISPATCH,UNIT_SCADA,1,"2019/08/23 08:30:00",TARONG#4,314.600010
D,DISPATCH,UNIT_SCADA,1,"2019/08/23 08:30:00",TARRALEA,82
D,DISPATCH,UNIT_SCADA,1,"2019/08/23 08:30:00",TBSF1,21.70
D,DISPATCH,UNIT_SCADA,1,"2019/08/23 08:30:00",TNPS1,441.700010
D,DISPATCH,UNIT_SCADA,1,"2019/08/23 08:30:00",TORRA1,99.602510
D,DISPATCH,UNIT_SCADA,1,"2019/08/23 08:30:00",TORRA2,50.104780
D,DISPATCH,UNIT_SCADA,1,"2019/08/23 08:30:00",TORRA3,0
D,DISPATCH,UNIT_SCADA,1,"2019/08/23 08:30:00",TORRA4,0
D,DISPATCH,UNIT_SCADA,1,"2019/08/23 08:30:00",TORRB1,0
D,DISPATCH,UNIT_SCADA,1,"2019/08/23 08:30:00",TORRB2,158.960010
D,DISPATCH,UNIT_SCADA,1,"2019/08/23 08:30:00",TORRB3,0
D,DISPATCH,UNIT_SCADA,1,"2019/08/23 08:30:00",TORRB4,0
D,DISPATCH,UNIT_SCADA,1,"2019/08/23 08:30:00",TREVALLN,88.260030
D,DISPATCH,UNIT_SCADA,1,"2019/08/23 08:30:00",TRIBUTE,84.61
D,DISPATCH,UNIT_SCADA,1,"2019/08/23 08:30:00",TUMUT3,0
D,DISPATCH,UNIT_SCADA,1,"2019/08/23 08:30:00",TUNGATIN,137.370030
D,DISPATCH,UNIT_SCADA,1,"2019/08/23 08:30:00",TVCC201,0
D,DISPATCH,UNIT_SCADA,1,"2019/08/23 08:30:00",TVPP104,57.826560
D,DISPATCH,UNIT_SCADA,1,"2019/08/23 08:30:00",UPPTUMUT,0
D,DISPATCH,UNIT_SCADA,1,"2019/08/23 08:30:00",URANQ11,0
D,DISPATCH,UNIT_SCADA,1,"2019/08/23 08:30:00",URANQ12,0
D,DISPATCH,UNIT_SCADA,1,"2019/08/23 08:30:00",URANQ13,0
D,DISPATCH,UNIT_SCADA,1,"2019/08/23 08:30:00",URANQ14,0
D,DISPATCH,UNIT_SCADA,1,"2019/08/23 08:30:00",VP5,621.674990
D,DISPATCH,UNIT_SCADA,1,"2019/08/23 08:30:00",VP6,487.375030
D,DISPATCH,UNIT_SCADA,1,"2019/08/23 08:30:00",VPGS1,0
D,DISPATCH,UNIT_SCADA,1,"2019/08/23 08:30:00",VPGS2,0
D,DISPATCH,UNIT_SCADA,1,"2019/08/23 08:30:00",VPGS3,0
D,DISPATCH,UNIT_SCADA,1,"2019/08/23 08:30:00",VPGS4,0
D,DISPATCH,UNIT_SCADA,1,"2019/08/23 08:30:00",VPGS5,0
D,DISPATCH,UNIT_SCADA,1,"2019/08/23 08:30:00",VPGS6,0
D,DISPATCH,UNIT_SCADA,1,"2019/08/23 08:30:00",W/HOE#1,0
D,DISPATCH,UNIT_SCADA,1,"2019/08/23 08:30:00",W/HOE#2,0
D,DISPATCH,UNIT_SCADA,1,"2019/08/23 08:30:00",WATERLWF,30.90
D,DISPATCH,UNIT_SCADA,1,"2019/08/23 08:30:00",WEMENSF1,66.10
D,DISPATCH,UNIT_SCADA,1,"2019/08/23 08:30:00",WGWF1,63.90
D,DISPATCH,UNIT_SCADA,1,"2019/08/23 08:30:00",WHITSF1,41.20
D,DISPATCH,UNIT_SCADA,1,"2019/08/23 08:30:00",WKIEWA1,0
D,DISPATCH,UNIT_SCADA,1,"2019/08/23 08:30:00",WKIEWA2,3.10
D,DISPATCH,UNIT_SCADA,1,"2019/08/23 08:30:00",WOODLWN1,0
D,DISPATCH,UNIT_SCADA,1,"2019/08/23 08:30:00",WRSF1,13.34
D,DISPATCH,UNIT_SCADA,1,"2019/08/23 08:30:00",WRWF1,14.208750
D,DISPATCH,UNIT_SCADA,1,"2019/08/23 08:30:00",YABULU,0
D,DISPATCH,UNIT_SCADA,1,"2019/08/23 08:30:00",YABULU2,0
D,DISPATCH,UNIT_SCADA,1,"2019/08/23 08:30:00",YARWUN_1,0
D,DISPATCH,UNIT_SCADA,1,"2019/08/23 08:30:00",YENDWF1,13.18
D,DISPATCH,UNIT_SCADA,1,"2019/08/23 08:30:00",YWPS1,383.458220
D,DISPATCH,UNIT_SCADA,1,"2019/08/23 08:30:00",YWPS2,279.445560
D,DISPATCH,UNIT_SCADA,1,"2019/08/23 08:30:00",YWPS3,0
D,DISPATCH,UNIT_SCADA,1,"2019/08/23 08:30:00",YWPS4,0
C,"END OF REPORT",332
