C,NEMP.WORLD,DISPATCHSCADA,AEMO,PUBLIC,2019/08/20,01:45:09,0000000311767658,DISPATCHSCADA,0000000311767652
I,DISPATCH,UNIT_SCADA,1,SETTLEMENTDATE,DUID,SCADAVALUE
D,DISPATCH,UNIT_SCADA,1,"2019/08/20 01:50:00",BARCSF1,0
D,DISPATCH,UNIT_SCADA,1,"2019/08/20 01:50:00",BUTLERSG,9.799998
D,DISPATCH,UNIT_SCADA,1,"2019/08/20 01:50:00",CALL_A_4,0
D,DISPATCH,UNIT_SCADA,1,"2019/08/20 01:50:00",CAPTL_WF,128.115997
D,DISPATCH,UNIT_SCADA,1,"2019/08/20 01:50:00",CATHROCK,47.289997
D,DISPATCH,UNIT_SCADA,1,"2019/08/20 01:50:00",CHALLHWF,15.60
D,DISPATCH,UNIT_SCADA,1,"2019/08/20 01:50:00",CLOVER,-0.02
D,DISPATCH,UNIT_SCADA,1,"2019/08/20 01:50:00",CLUNY,16.787823
D,DISPATCH,UNIT_SCADA,1,"2019/08/20 01:50:00",CNUNDAWF,39.446014
D,DISPATCH,UNIT_SCADA,1,"2019/08/20 01:50:00",CULLRGWF,29.870001
D,DISPATCH,UNIT_SCADA,1,"2019/08/20 01:50:00",ERGT01,0
D,DISPATCH,UNIT_SCADA,1,"2019/08/20 01:50:00",GB01,0.062992
D,DISPATCH,UNIT_SCADA,1,"2019/08/20 01:50:00",GERMCRK,38.299999
D,DISPATCH,UNIT_SCADA,1,"2019/08/20 01:50:00",GRIFSF1,0
D,DISPATCH,UNIT_SCADA,1,"2019/08/20 01:50:00",HUGSF1,-0.2580
D,DISPATCH,UNIT_SCADA,1,"2019/08/20 01:50:00",LKBONNY1,72.876442
D,DISPATCH,UNIT_SCADA,1,"2019/08/20 01:50:00",LRSF1,-0.03
D,DISPATCH,UNIT_SCADA,1,"2019/08/20 01:50:00",MBAHNTH,55.8750
D,DISPATCH,UNIT_SCADA,1,"2019/08/20 01:50:00",MLSP1,0.304001
D,DISPATCH,UNIT_SCADA,1,"2019/08/20 01:50:00",MLWF1,18.869999
D,DISPATCH,UNIT_SCADA,1,"2019/08/20 01:50:00",MTMILLAR,11.787037
D,DISPATCH,UNIT_SCADA,1,"2019/08/20 01:50:00",PALOONA,23.719999
D,DISPATCH,UNIT_SCADA,1,"2019/08/20 01:50:00",PIONEER,9.60
D,DISPATCH,UNIT_SCADA,1,"2019/08/20 01:50:00",PORTWF,136.100006
D,DISPATCH,UNIT_SCADA,1,"2019/08/20 01:50:00",REPULSE,29.133135
D,DISPATCH,UNIT_SCADA,1,"2019/08/20 01:50:00",ROWALLAN,9.9471
D,DISPATCH,UNIT_SCADA,1,"2019/08/20 01:50:00",ROYALLA1,0
D,DISPATCH,UNIT_SCADA,1,"2019/08/20 01:50:00",RPCG,-1.10
D,DISPATCH,UNIT_SCADA,1,"2019/08/20 01:50:00",RUBICON,0
D,DISPATCH,UNIT_SCADA,1,"2019/08/20 01:50:00",SATGN1,0
D,DISPATCH,UNIT_SCADA,1,"2019/08/20 01:50:00",SATGS1,0
D,DISPATCH,UNIT_SCADA,1,"2019/08/20 01:50:00",STARHLWF,19.194403
D,DISPATCH,UNIT_SCADA,1,"2019/08/20 01:50:00",WAUBRAWF,116.5840
D,DISPATCH,UNIT_SCADA,1,"2019/08/20 01:50:00",WOOLNTH1,130.100021
D,DISPATCH,UNIT_SCADA,1,"2019/08/20 01:50:00",WPWF,39
D,DISPATCH,UNIT_SCADA,1,"2019/08/20 01:50:00",YAMBUKWF,16.10
D,DISPATCH,UNIT_SCADA,1,"2019/08/20 01:50:00",YSWF1,28.299999
D,DISPATCH,UNIT_SCADA,1,"2019/08/20 01:50:00",AGLHAL,0
D,DISPATCH,UNIT_SCADA,1,"2019/08/20 01:50:00",AGLSOM,0
D,DISPATCH,UNIT_SCADA,1,"2019/08/20 01:50:00",ANGAST1,0
D,DISPATCH,UNIT_SCADA,1,"2019/08/20 01:50:00",ARWF1,20.20
D,DISPATCH,UNIT_SCADA,1,"2019/08/20 01:50:00",BALBG1,0
D,DISPATCH,UNIT_SCADA,1,"2019/08/20 01:50:00",BALBL1,0
D,DISPATCH,UNIT_SCADA,1,"2019/08/20 01:50:00",BALDHWF1,100.2190
D,DISPATCH,UNIT_SCADA,1,"2019/08/20 01:50:00",BANN1,0
D,DISPATCH,UNIT_SCADA,1,"2019/08/20 01:50:00",BARCALDN,0
D,DISPATCH,UNIT_SCADA,1,"2019/08/20 01:50:00",BARRON-1,0
D,DISPATCH,UNIT_SCADA,1,"2019/08/20 01:50:00",BARRON-2,24.92
D,DISPATCH,UNIT_SCADA,1,"2019/08/20 01:50:00",BASTYAN,80.710010
D,DISPATCH,UNIT_SCADA,1,"2019/08/20 01:50:00",BBTHREE1,0
D,DISPATCH,UNIT_SCADA,1,"2019/08/20 01:50:00",BBTHREE2,0
D,DISPATCH,UNIT_SCADA,1,"2019/08/20 01:50:00",BBTHREE3,0
D,DISPATCH,UNIT_SCADA,1,"2019/08/20 01:50:00",BDL01,0
D,DISPATCH,UNIT_SCADA,1,"2019/08/20 01:50:00",BDL02,0
D,DISPATCH,UNIT_SCADA,1,"2019/08/20 01:50:00",BERYLSF1,0
D,DISPATCH,UNIT_SCADA,1,"2019/08/20 01:50:00",BLOWERNG,0
D,DISPATCH,UNIT_SCADA,1,"2019/08/20 01:50:00",BLUFF1,29.30
D,DISPATCH,UNIT_SCADA,1,"2019/08/20 01:50:00",BNGSF1,0
D,DISPATCH,UNIT_SCADA,1,"2019/08/20 01:50:00",BNGSF2,0
D,DISPATCH,UNIT_SCADA,1,"2019/08/20 01:50:00",BOCORWF1,85.35
D,DISPATCH,UNIT_SCADA,1,"2019/08/20 01:50:00",BODWF1,31.849330
D,DISPATCH,UNIT_SCADA,1,"2019/08/20 01:50:00",BRAEMAR1,0
D,DISPATCH,UNIT_SCADA,1,"2019/08/20 01:50:00",BRAEMAR2,0
D,DISPATCH,UNIT_SCADA,1,"2019/08/20 01:50:00",BRAEMAR3,0
D,DISPATCH,UNIT_SCADA,1,"2019/08/20 01:50:00",BRAEMAR5,0
D,DISPATCH,UNIT_SCADA,1,"2019/08/20 01:50:00",BRAEMAR6,0
D,DISPATCH,UNIT_SCADA,1,"2019/08/20 01:50:00",BRAEMAR7,0
D,DISPATCH,UNIT_SCADA,1,"2019/08/20 01:50:00",BROKENH1,0
D,DISPATCH,UNIT_SCADA,1,"2019/08/20 01:50:00",BW01,534.449950
D,DISPATCH,UNIT_SCADA,1,"2019/08/20 01:50:00",BW02,537.574950
D,DISPATCH,UNIT_SCADA,1,"2019/08/20 01:50:00",BW03,599.525020
D,DISPATCH,UNIT_SCADA,1,"2019/08/20 01:50:00",BW04,0
D,DISPATCH,UNIT_SCADA,1,"2019/08/20 01:50:00",CALL_B_1,340.200010
D,DISPATCH,UNIT_SCADA,1,"2019/08/20 01:50:00",CALL_B_2,289.50
D,DISPATCH,UNIT_SCADA,1,"2019/08/20 01:50:00",CETHANA,84.592870
D,DISPATCH,UNIT_SCADA,1,"2019/08/20 01:50:00",CG1,0
D,DISPATCH,UNIT_SCADA,1,"2019/08/20 01:50:00",CG2,0
D,DISPATCH,UNIT_SCADA,1,"2019/08/20 01:50:00",CG3,0
D,DISPATCH,UNIT_SCADA,1,"2019/08/20 01:50:00",CG4,0
D,DISPATCH,UNIT_SCADA,1,"2019/08/20 01:50:00",CHILDSF1,0
D,DISPATCH,UNIT_SCADA,1,"2019/08/20 01:50:00",CLARESF1,0
D,DISPATCH,UNIT_SCADA,1,"2019/08/20 01:50:00",CLEMGPWF,13.614620
D,DISPATCH,UNIT_SCADA,1,"2019/08/20 01:50:00",CLERMSF1,0
D,DISPATCH,UNIT_SCADA,1,"2019/08/20 01:50:00",COLEASF1,0
D,DISPATCH,UNIT_SCADA,1,"2019/08/20 01:50:00",COOPGWF1,35.463070
D,DISPATCH,UNIT_SCADA,1,"2019/08/20 01:50:00",CPP_3,405.075010
D,DISPATCH,UNIT_SCADA,1,"2019/08/20 01:50:00",CPP_4,405.6250
D,DISPATCH,UNIT_SCADA,1,"2019/08/20 01:50:00",CPSA,142.3275
D,DISPATCH,UNIT_SCADA,1,"2019/08/20 01:50:00",CROOKWF2,54.183750
D,DISPATCH,UNIT_SCADA,1,"2019/08/20 01:50:00",CROWLWF1,28.617730
D,DISPATCH,UNIT_SCADA,1,"2019/08/20 01:50:00",CSPVPS1,0
D,DISPATCH,UNIT_SCADA,1,"2019/08/20 01:50:00",DALNTH01,0
D,DISPATCH,UNIT_SCADA,1,"2019/08/20 01:50:00",DALNTHL1,0.080870
D,DISPATCH,UNIT_SCADA,1,"2019/08/20 01:50:00",DARTM1,134.600010
D,DISPATCH,UNIT_SCADA,1,"2019/08/20 01:50:00",DAYDSF1,0
D,DISPATCH,UNIT_SCADA,1,"2019/08/20 01:50:00",DDPS1,0
D,DISPATCH,UNIT_SCADA,1,"2019/08/20 01:50:00",DDSF1,0
D,DISPATCH,UNIT_SCADA,1,"2019/08/20 01:50:00",DEVILS_G,60.831940
D,DISPATCH,UNIT_SCADA,1,"2019/08/20 01:50:00",DG_NSW1,0
D,DISPATCH,UNIT_SCADA,1,"2019/08/20 01:50:00",DG_QLD1,0
D,DISPATCH,UNIT_SCADA,1,"2019/08/20 01:50:00",DG_SA1,0
D,DISPATCH,UNIT_SCADA,1,"2019/08/20 01:50:00",DG_TAS1,0
D,DISPATCH,UNIT_SCADA,1,"2019/08/20 01:50:00",DG_VIC1,0
D,DISPATCH,UNIT_SCADA,1,"2019/08/20 01:50:00",DRYCGT1,0
D,DISPATCH,UNIT_SCADA,1,"2019/08/20 01:50:00",DRYCGT2,0
D,DISPATCH,UNIT_SCADA,1,"2019/08/20 01:50:00",DRYCGT3,0
D,DISPATCH,UNIT_SCADA,1,"2019/08/20 01:50:00",EILDON1,0
D,DISPATCH,UNIT_SCADA,1,"2019/08/20 01:50:00",EILDON2,0
D,DISPATCH,UNIT_SCADA,1,"2019/08/20 01:50:00",EMERASF1,0
D,DISPATCH,UNIT_SCADA,1,"2019/08/20 01:50:00",ER01,444.275020
D,DISPATCH,UNIT_SCADA,1,"2019/08/20 01:50:00",ER02,517.099980
D,DISPATCH,UNIT_SCADA,1,"2019/08/20 01:50:00",ER03,518.349980
D,DISPATCH,UNIT_SCADA,1,"2019/08/20 01:50:00",ER04,516.724980
D,DISPATCH,UNIT_SCADA,1,"2019/08/20 01:50:00",FINLYSF1,0
D,DISPATCH,UNIT_SCADA,1,"2019/08/20 01:50:00",FISHER,43.95
D,DISPATCH,UNIT_SCADA,1,"2019/08/20 01:50:00",GANNBG1,0
D,DISPATCH,UNIT_SCADA,1,"2019/08/20 01:50:00",GANNBL1,0
D,DISPATCH,UNIT_SCADA,1,"2019/08/20 01:50:00",GANNSF1,0
D,DISPATCH,UNIT_SCADA,1,"2019/08/20 01:50:00",GORDON,0
D,DISPATCH,UNIT_SCADA,1,"2019/08/20 01:50:00",GSTONE1,146.649990
D,DISPATCH,UNIT_SCADA,1,"2019/08/20 01:50:00",GSTONE2,150.149990
D,DISPATCH,UNIT_SCADA,1,"2019/08/20 01:50:00",GSTONE3,156.80
D,DISPATCH,UNIT_SCADA,1,"2019/08/20 01:50:00",GSTONE4,154.8750
D,DISPATCH,UNIT_SCADA,1,"2019/08/20 01:50:00",GSTONE5,146.474990
D,DISPATCH,UNIT_SCADA,1,"2019/08/20 01:50:00",GSTONE6,0
D,DISPATCH,UNIT_SCADA,1,"2019/08/20 01:50:00",GULLRSF1,0
D,DISPATCH,UNIT_SCADA,1,"2019/08/20 01:50:00",GULLRWF1,161.275090
D,DISPATCH,UNIT_SCADA,1,"2019/08/20 01:50:00",GUNNING1,45.001940
D,DISPATCH,UNIT_SCADA,1,"2019/08/20 01:50:00",GUTHEGA,0
D,DISPATCH,UNIT_SCADA,1,"2019/08/20 01:50:00",HALLWF1,83.42
D,DISPATCH,UNIT_SCADA,1,"2019/08/20 01:50:00",HALLWF2,66.21
D,DISPATCH,UNIT_SCADA,1,"2019/08/20 01:50:00",HAMISF1,0
D,DISPATCH,UNIT_SCADA,1,"2019/08/20 01:50:00",HAUGHT11,0
D,DISPATCH,UNIT_SCADA,1,"2019/08/20 01:50:00",HAYMSF1,0
D,DISPATCH,UNIT_SCADA,1,"2019/08/20 01:50:00",HDWF1,48.50
D,DISPATCH,UNIT_SCADA,1,"2019/08/20 01:50:00",HDWF2,32.70
D,DISPATCH,UNIT_SCADA,1,"2019/08/20 01:50:00",HDWF3,44.70
D,DISPATCH,UNIT_SCADA,1,"2019/08/20 01:50:00",HPRG1,0
D,DISPATCH,UNIT_SCADA,1,"2019/08/20 01:50:00",HPRL1,24.10
D,DISPATCH,UNIT_SCADA,1,"2019/08/20 01:50:00",HUMENSW,0
D,DISPATCH,UNIT_SCADA,1,"2019/08/20 01:50:00",HUMEV,8.10
D,DISPATCH,UNIT_SCADA,1,"2019/08/20 01:50:00",HVGTS,0
D,DISPATCH,UNIT_SCADA,1,"2019/08/20 01:50:00",JBUTTERS,130.209990
D,DISPATCH,UNIT_SCADA,1,"2019/08/20 01:50:00",JLA01,0.50
D,DISPATCH,UNIT_SCADA,1,"2019/08/20 01:50:00",JLA02,0
D,DISPATCH,UNIT_SCADA,1,"2019/08/20 01:50:00",JLA03,0.10
D,DISPATCH,UNIT_SCADA,1,"2019/08/20 01:50:00",JLA04,0.10
D,DISPATCH,UNIT_SCADA,1,"2019/08/20 01:50:00",JLB01,0
D,DISPATCH,UNIT_SCADA,1,"2019/08/20 01:50:00",JLB02,0.10
D,DISPATCH,UNIT_SCADA,1,"2019/08/20 01:50:00",JLB03,0
D,DISPATCH,UNIT_SCADA,1,"2019/08/20 01:50:00",KAREEYA1,21.5050
D,DISPATCH,UNIT_SCADA,1,"2019/08/20 01:50:00",KAREEYA2,21.73
D,DISPATCH,UNIT_SCADA,1,"2019/08/20 01:50:00",KAREEYA3,0
D,DISPATCH,UNIT_SCADA,1,"2019/08/20 01:50:00",KAREEYA4,21.7525
D,DISPATCH,UNIT_SCADA,1,"2019/08/20 01:50:00",KARSF1,0
D,DISPATCH,UNIT_SCADA,1,"2019/08/20 01:50:00",KIATAWF1,30.60
D,DISPATCH,UNIT_SCADA,1,"2019/08/20 01:50:00",KPP_1,0
D,DISPATCH,UNIT_SCADA,1,"2019/08/20 01:50:00",KSP1,0
D,DISPATCH,UNIT_SCADA,1,"2019/08/20 01:50:00",LADBROK1,0
D,DISPATCH,UNIT_SCADA,1,"2019/08/20 01:50:00",LADBROK2,0
D,DISPATCH,UNIT_SCADA,1,"2019/08/20 01:50:00",LD01,346.331270
D,DISPATCH,UNIT_SCADA,1,"2019/08/20 01:50:00",LD02,350.287450
D,DISPATCH,UNIT_SCADA,1,"2019/08/20 01:50:00",LD03,350.737520
D,DISPATCH,UNIT_SCADA,1,"2019/08/20 01:50:00",LD04,349.799930
D,DISPATCH,UNIT_SCADA,1,"2019/08/20 01:50:00",LEM_WIL,85.0658
D,DISPATCH,UNIT_SCADA,1,"2019/08/20 01:50:00",LGAPWF1,17.49
D,DISPATCH,UNIT_SCADA,1,"2019/08/20 01:50:00",LILYSF1,0
D,DISPATCH,UNIT_SCADA,1,"2019/08/20 01:50:00",LI_WY_CA,143.831760
D,DISPATCH,UNIT_SCADA,1,"2019/08/20 01:50:00",LKBONNY2,152.7404
D,DISPATCH,UNIT_SCADA,1,"2019/08/20 01:50:00",LKBONNY3,37.958970
D,DISPATCH,UNIT_SCADA,1,"2019/08/20 01:50:00",LK_ECHO,0
D,DISPATCH,UNIT_SCADA,1,"2019/08/20 01:50:00",LNGS1,0
D,DISPATCH,UNIT_SCADA,1,"2019/08/20 01:50:00",LNGS2,0
D,DISPATCH,UNIT_SCADA,1,"2019/08/20 01:50:00",LONSDALE,0
D,DISPATCH,UNIT_SCADA,1,"2019/08/20 01:50:00",LOYYB1,534.960750
D,DISPATCH,UNIT_SCADA,1,"2019/08/20 01:50:00",LOYYB2,581.954410
D,DISPATCH,UNIT_SCADA,1,"2019/08/20 01:50:00",LYA1,560
D,DISPATCH,UNIT_SCADA,1,"2019/08/20 01:50:00",LYA2,0
D,DISPATCH,UNIT_SCADA,1,"2019/08/20 01:50:00",LYA3,561
D,DISPATCH,UNIT_SCADA,1,"2019/08/20 01:50:00",LYA4,540
D,DISPATCH,UNIT_SCADA,1,"2019/08/20 01:50:00",MACARTH1,289.6933
D,DISPATCH,UNIT_SCADA,1,"2019/08/20 01:50:00",MACKAYGT,0
D,DISPATCH,UNIT_SCADA,1,"2019/08/20 01:50:00",MACKNTSH,85.560010
D,DISPATCH,UNIT_SCADA,1,"2019/08/20 01:50:00",MANSLR1,0
D,DISPATCH,UNIT_SCADA,1,"2019/08/20 01:50:00",MCKAY1,0.02
D,DISPATCH,UNIT_SCADA,1,"2019/08/20 01:50:00",MEADOWBK,33.953040
D,DISPATCH,UNIT_SCADA,1,"2019/08/20 01:50:00",MERCER01,126.101990
D,DISPATCH,UNIT_SCADA,1,"2019/08/20 01:50:00",MEWF1,95.834110
D,DISPATCH,UNIT_SCADA,1,"2019/08/20 01:50:00",MINTARO,0
D,DISPATCH,UNIT_SCADA,1,"2019/08/20 01:50:00",MOREESF1,0
D,DISPATCH,UNIT_SCADA,1,"2019/08/20 01:50:00",MORTLK11,126
D,DISPATCH,UNIT_SCADA,1,"2019/08/20 01:50:00",MORTLK12,0
D,DISPATCH,UNIT_SCADA,1,"2019/08/20 01:50:00",MP1,277.800050
D,DISPATCH,UNIT_SCADA,1,"2019/08/20 01:50:00",MP2,0
D,DISPATCH,UNIT_SCADA,1,"2019/08/20 01:50:00",MPP_1,424.75
D,DISPATCH,UNIT_SCADA,1,"2019/08/20 01:50:00",MPP_2,434.75
D,DISPATCH,UNIT_SCADA,1,"2019/08/20 01:50:00",MSTUART1,0
D,DISPATCH,UNIT_SCADA,1,"2019/08/20 01:50:00",MSTUART2,0
D,DISPATCH,UNIT_SCADA,1,"2019/08/20 01:50:00",MSTUART3,0
D,DISPATCH,UNIT_SCADA,1,"2019/08/20 01:50:00",MTGELWF1,63.859980
D,DISPATCH,UNIT_SCADA,1,"2019/08/20 01:50:00",MURRAY,0
D,DISPATCH,UNIT_SCADA,1,"2019/08/20 01:50:00",MUSSELR1,157
D,DISPATCH,UNIT_SCADA,1,"2019/08/20 01:50:00",MUWAWF1,48.65
D,DISPATCH,UNIT_SCADA,1,"2019/08/20 01:50:00",NBHWF1,74.80
D,DISPATCH,UNIT_SCADA,1,"2019/08/20 01:50:00",NPS,0
D,DISPATCH,UNIT_SCADA,1,"2019/08/20 01:50:00",NUMURSF1,0
D,DISPATCH,UNIT_SCADA,1,"2019/08/20 01:50:00",NYNGAN1,0
D,DISPATCH,UNIT_SCADA,1,"2019/08/20 01:50:00",OAKEY1,0
D,DISPATCH,UNIT_SCADA,1,"2019/08/20 01:50:00",OAKEY1SF,0
D,DISPATCH,UNIT_SCADA,1,"2019/08/20 01:50:00",OAKEY2,0
D,DISPATCH,UNIT_SCADA,1,"2019/08/20 01:50:00",OAKLAND1,62.30
D,DISPATCH,UNIT_SCADA,1,"2019/08/20 01:50:00",OSB-AG,139.53
D,DISPATCH,UNIT_SCADA,1,"2019/08/20 01:50:00",PARSF1,0
D,DISPATCH,UNIT_SCADA,1,"2019/08/20 01:50:00",POAT110,0
D,DISPATCH,UNIT_SCADA,1,"2019/08/20 01:50:00",POAT220,2.15
D,DISPATCH,UNIT_SCADA,1,"2019/08/20 01:50:00",POR01,0
D,DISPATCH,UNIT_SCADA,1,"2019/08/20 01:50:00",POR03,0
D,DISPATCH,UNIT_SCADA,1,"2019/08/20 01:50:00",PPCCGT,0
D,DISPATCH,UNIT_SCADA,1,"2019/08/20 01:50:00",PTSTAN1,0
D,DISPATCH,UNIT_SCADA,1,"2019/08/20 01:50:00",PUMP1,0
D,DISPATCH,UNIT_SCADA,1,"2019/08/20 01:50:00",PUMP2,0
D,DISPATCH,UNIT_SCADA,1,"2019/08/20 01:50:00",QPS1,0
D,DISPATCH,UNIT_SCADA,1,"2019/08/20 01:50:00",QPS2,0
D,DISPATCH,UNIT_SCADA,1,"2019/08/20 01:50:00",QPS3,0
D,DISPATCH,UNIT_SCADA,1,"2019/08/20 01:50:00",QPS4,0
D,DISPATCH,UNIT_SCADA,1,"2019/08/20 01:50:00",QPS5,0
D,DISPATCH,UNIT_SCADA,1,"2019/08/20 01:50:00",REECE1,114.540010
D,DISPATCH,UNIT_SCADA,1,"2019/08/20 01:50:00",REECE2,114.840010
D,DISPATCH,UNIT_SCADA,1,"2019/08/20 01:50:00",ROMA_7,0
D,DISPATCH,UNIT_SCADA,1,"2019/08/20 01:50:00",ROMA_8,0
D,DISPATCH,UNIT_SCADA,1,"2019/08/20 01:50:00",RRSF1,0
D,DISPATCH,UNIT_SCADA,1,"2019/08/20 01:50:00",RT_NSW1,0
D,DISPATCH,UNIT_SCADA,1,"2019/08/20 01:50:00",RT_NSW2,0
D,DISPATCH,UNIT_SCADA,1,"2019/08/20 01:50:00",RT_NSW3,0
D,DISPATCH,UNIT_SCADA,1,"2019/08/20 01:50:00",RT_NSW4,0
D,DISPATCH,UNIT_SCADA,1,"2019/08/20 01:50:00",RT_NSW5,0
D,DISPATCH,UNIT_SCADA,1,"2019/08/20 01:50:00",RT_NSW6,0
D,DISPATCH,UNIT_SCADA,1,"2019/08/20 01:50:00",RT_QLD1,0
D,DISPATCH,UNIT_SCADA,1,"2019/08/20 01:50:00",RT_SA1,0
D,DISPATCH,UNIT_SCADA,1,"2019/08/20 01:50:00",RT_SA2,0
D,DISPATCH,UNIT_SCADA,1,"2019/08/20 01:50:00",RT_SA3,0
D,DISPATCH,UNIT_SCADA,1,"2019/08/20 01:50:00",RT_SA4,0
D,DISPATCH,UNIT_SCADA,1,"2019/08/20 01:50:00",RT_SA5,0
D,DISPATCH,UNIT_SCADA,1,"2019/08/20 01:50:00",RT_SA6,0
D,DISPATCH,UNIT_SCADA,1,"2019/08/20 01:50:00",RT_TAS1,0
D,DISPATCH,UNIT_SCADA,1,"2019/08/20 01:50:00",RT_VIC1,0
D,DISPATCH,UNIT_SCADA,1,"2019/08/20 01:50:00",RT_VIC10,0
D,DISPATCH,UNIT_SCADA,1,"2019/08/20 01:50:00",RT_VIC11,0
D,DISPATCH,UNIT_SCADA,1,"2019/08/20 01:50:00",RT_VIC12,0
D,DISPATCH,UNIT_SCADA,1,"2019/08/20 01:50:00",RT_VIC2,0
D,DISPATCH,UNIT_SCADA,1,"2019/08/20 01:50:00",RT_VIC3,0
D,DISPATCH,UNIT_SCADA,1,"2019/08/20 01:50:00",RT_VIC4,0
D,DISPATCH,UNIT_SCADA,1,"2019/08/20 01:50:00",RT_VIC5,0
D,DISPATCH,UNIT_SCADA,1,"2019/08/20 01:50:00",RT_VIC6,0
D,DISPATCH,UNIT_SCADA,1,"2019/08/20 01:50:00",RT_VIC7,0
D,DISPATCH,UNIT_SCADA,1,"2019/08/20 01:50:00",RT_VIC8,0
D,DISPATCH,UNIT_SCADA,1,"2019/08/20 01:50:00",RT_VIC9,0
D,DISPATCH,UNIT_SCADA,1,"2019/08/20 01:50:00",RUGBYR1,0
D,DISPATCH,UNIT_SCADA,1,"2019/08/20 01:50:00",SALTCRK1,50.73
D,DISPATCH,UNIT_SCADA,1,"2019/08/20 01:50:00",SAPHWF1,215.953130
D,DISPATCH,UNIT_SCADA,1,"2019/08/20 01:50:00",SHGEN,0
D,DISPATCH,UNIT_SCADA,1,"2019/08/20 01:50:00",SHPUMP,159.445160
D,DISPATCH,UNIT_SCADA,1,"2019/08/20 01:50:00",SITHE01,0.083520
D,DISPATCH,UNIT_SCADA,1,"2019/08/20 01:50:00",SMCSF1,0
D,DISPATCH,UNIT_SCADA,1,"2019/08/20 01:50:00",SNOWNTH1,23.70
D,DISPATCH,UNIT_SCADA,1,"2019/08/20 01:50:00",SNOWSTH1,46.10
D,DISPATCH,UNIT_SCADA,1,"2019/08/20 01:50:00",SNOWTWN1,28.827540
D,DISPATCH,UNIT_SCADA,1,"2019/08/20 01:50:00",SNOWYP,192.30
D,DISPATCH,UNIT_SCADA,1,"2019/08/20 01:50:00",SNUG1,0.019440
D,DISPATCH,UNIT_SCADA,1,"2019/08/20 01:50:00",SRSF1,0
D,DISPATCH,UNIT_SCADA,1,"2019/08/20 01:50:00",STAN-1,0
D,DISPATCH,UNIT_SCADA,1,"2019/08/20 01:50:00",STAN-2,181.871770
D,DISPATCH,UNIT_SCADA,1,"2019/08/20 01:50:00",STAN-3,216.851550
D,DISPATCH,UNIT_SCADA,1,"2019/08/20 01:50:00",STAN-4,193.510330
D,DISPATCH,UNIT_SCADA,1,"2019/08/20 01:50:00",STWF1,149.3775
D,DISPATCH,UNIT_SCADA,1,"2019/08/20 01:50:00",SWAN_E,0
D,DISPATCH,UNIT_SCADA,1,"2019/08/20 01:50:00",TALWA1,300
D,DISPATCH,UNIT_SCADA,1,"2019/08/20 01:50:00",TARALGA1,94.098740
D,DISPATCH,UNIT_SCADA,1,"2019/08/20 01:50:00",TARONG#1,225.80
D,DISPATCH,UNIT_SCADA,1,"2019/08/20 01:50:00",TARONG#2,225
D,DISPATCH,UNIT_SCADA,1,"2019/08/20 01:50:00",TARONG#3,179.600010
D,DISPATCH,UNIT_SCADA,1,"2019/08/20 01:50:00",TARONG#4,226.20
D,DISPATCH,UNIT_SCADA,1,"2019/08/20 01:50:00",TARRALEA,79
D,DISPATCH,UNIT_SCADA,1,"2019/08/20 01:50:00",TBSF1,-0.20
D,DISPATCH,UNIT_SCADA,1,"2019/08/20 01:50:00",TNPS1,299.50
D,DISPATCH,UNIT_SCADA,1,"2019/08/20 01:50:00",TORRA1,37.263390
D,DISPATCH,UNIT_SCADA,1,"2019/08/20 01:50:00",TORRA2,0
D,DISPATCH,UNIT_SCADA,1,"2019/08/20 01:50:00",TORRA3,36.745880
D,DISPATCH,UNIT_SCADA,1,"2019/08/20 01:50:00",TORRA4,0
D,DISPATCH,UNIT_SCADA,1,"2019/08/20 01:50:00",TORRB1,39.32
D,DISPATCH,UNIT_SCADA,1,"2019/08/20 01:50:00",TORRB2,39.69
D,DISPATCH,UNIT_SCADA,1,"2019/08/20 01:50:00",TORRB3,0
D,DISPATCH,UNIT_SCADA,1,"2019/08/20 01:50:00",TORRB4,0
D,DISPATCH,UNIT_SCADA,1,"2019/08/20 01:50:00",TREVALLN,1.90
D,DISPATCH,UNIT_SCADA,1,"2019/08/20 01:50:00",TRIBUTE,70.87
D,DISPATCH,UNIT_SCADA,1,"2019/08/20 01:50:00",TUMUT3,0
D,DISPATCH,UNIT_SCADA,1,"2019/08/20 01:50:00",TUNGATIN,1.10
D,DISPATCH,UNIT_SCADA,1,"2019/08/20 01:50:00",TVCC201,0
D,DISPATCH,UNIT_SCADA,1,"2019/08/20 01:50:00",TVPP104,0
D,DISPATCH,UNIT_SCADA,1,"2019/08/20 01:50:00",UPPTUMUT,0
D,DISPATCH,UNIT_SCADA,1,"2019/08/20 01:50:00",URANQ11,0
D,DISPATCH,UNIT_SCADA,1,"2019/08/20 01:50:00",URANQ12,0
D,DISPATCH,UNIT_SCADA,1,"2019/08/20 01:50:00",URANQ13,0
D,DISPATCH,UNIT_SCADA,1,"2019/08/20 01:50:00",URANQ14,0
D,DISPATCH,UNIT_SCADA,1,"2019/08/20 01:50:00",VP5,323.024990
D,DISPATCH,UNIT_SCADA,1,"2019/08/20 01:50:00",VP6,334.299990
D,DISPATCH,UNIT_SCADA,1,"2019/08/20 01:50:00",VPGS1,0
D,DISPATCH,UNIT_SCADA,1,"2019/08/20 01:50:00",VPGS2,0
D,DISPATCH,UNIT_SCADA,1,"2019/08/20 01:50:00",VPGS3,0
D,DISPATCH,UNIT_SCADA,1,"2019/08/20 01:50:00",VPGS4,0
D,DISPATCH,UNIT_SCADA,1,"2019/08/20 01:50:00",VPGS5,0
D,DISPATCH,UNIT_SCADA,1,"2019/08/20 01:50:00",VPGS6,0
D,DISPATCH,UNIT_SCADA,1,"2019/08/20 01:50:00",W/HOE#1,0
D,DISPATCH,UNIT_SCADA,1,"2019/08/20 01:50:00",W/HOE#2,0
D,DISPATCH,UNIT_SCADA,1,"2019/08/20 01:50:00",WATERLWF,54.90
D,DISPATCH,UNIT_SCADA,1,"2019/08/20 01:50:00",WEMENSF1,0
D,DISPATCH,UNIT_SCADA,1,"2019/08/20 01:50:00",WGWF1,89.20
D,DISPATCH,UNIT_SCADA,1,"2019/08/20 01:50:00",WHITSF1,0
D,DISPATCH,UNIT_SCADA,1,"2019/08/20 01:50:00",WKIEWA1,0
D,DISPATCH,UNIT_SCADA,1,"2019/08/20 01:50:00",WKIEWA2,14.80
D,DISPATCH,UNIT_SCADA,1,"2019/08/20 01:50:00",WOODLWN1,42.983990
D,DISPATCH,UNIT_SCADA,1,"2019/08/20 01:50:00",WRSF1,0
D,DISPATCH,UNIT_SCADA,1,"2019/08/20 01:50:00",WRWF1,136.194990
D,DISPATCH,UNIT_SCADA,1,"2019/08/20 01:50:00",YABULU,0
D,DISPATCH,UNIT_SCADA,1,"2019/08/20 01:50:00",YABULU2,0
D,DISPATCH,UNIT_SCADA,1,"2019/08/20 01:50:00",YARWUN_1,0
D,DISPATCH,UNIT_SCADA,1,"2019/08/20 01:50:00",YENDWF1,41.96
D,DISPATCH,UNIT_SCADA,1,"2019/08/20 01:50:00",YWPS1,375.6886
D,DISPATCH,UNIT_SCADA,1,"2019/08/20 01:50:00",YWPS2,276.187350
D,DISPATCH,UNIT_SCADA,1,"2019/08/20 01:50:00",YWPS3,0
D,DISPATCH,UNIT_SCADA,1,"2019/08/20 01:50:00",YWPS4,392.1329
C,"END OF REPORT",334
