C,NEMP.WORLD,DISPATCHSCADA,AEMO,PUBLIC,2019/09/04,15:05:09,0000000312386748,DISPATCHSCADA,0000000312386742
I,DISPATCH,UNIT_SCADA,1,SETTLEMENTDATE,DUID,SCADAVALUE
D,DISPATCH,UNIT_SCADA,1,"2019/09/04 15:10:00",BARCSF1,10.10
D,DISPATCH,UNIT_SCADA,1,"2019/09/04 15:10:00",BUTLERSG,10.199999
D,DISPATCH,UNIT_SCADA,1,"2019/09/04 15:10:00",CALL_A_4,0
D,DISPATCH,UNIT_SCADA,1,"2019/09/04 15:10:00",CAPTL_WF,133.295990
D,DISPATCH,UNIT_SCADA,1,"2019/09/04 15:10:00",CATHROCK,0
D,DISPATCH,UNIT_SCADA,1,"2019/09/04 15:10:00",CHALLHWF,0
D,DISPATCH,UNIT_SCADA,1,"2019/09/04 15:10:00",CLOVER,-0.01
D,DISPATCH,UNIT_SCADA,1,"2019/09/04 15:10:00",CLUNY,12.148775
D,DISPATCH,UNIT_SCADA,1,"2019/09/04 15:10:00",CNUNDAWF,0.600701
D,DISPATCH,UNIT_SCADA,1,"2019/09/04 15:10:00",CULLRGWF,30.209999
D,DISPATCH,UNIT_SCADA,1,"2019/09/04 15:10:00",ERGT01,0
D,DISPATCH,UNIT_SCADA,1,"2019/09/04 15:10:00",GB01,0.007187
D,DISPATCH,UNIT_SCADA,1,"2019/09/04 15:10:00",GERMCRK,33.099998
D,DISPATCH,UNIT_SCADA,1,"2019/09/04 15:10:00",GRIFSF1,25.399994
D,DISPATCH,UNIT_SCADA,1,"2019/09/04 15:10:00",HUGSF1,9.0010
D,DISPATCH,UNIT_SCADA,1,"2019/09/04 15:10:00",LKBONNY1,1.339640
D,DISPATCH,UNIT_SCADA,1,"2019/09/04 15:10:00",LRSF1,12.7980
D,DISPATCH,UNIT_SCADA,1,"2019/09/04 15:10:00",MBAHNTH,52.706253
D,DISPATCH,UNIT_SCADA,1,"2019/09/04 15:10:00",MLSP1,2.453001
D,DISPATCH,UNIT_SCADA,1,"2019/09/04 15:10:00",MLWF1,5.1150
D,DISPATCH,UNIT_SCADA,1,"2019/09/04 15:10:00",MTMILLAR,-0.115340
D,DISPATCH,UNIT_SCADA,1,"2019/09/04 15:10:00",PALOONA,24.539999
D,DISPATCH,UNIT_SCADA,1,"2019/09/04 15:10:00",PIONEER,28.200001
D,DISPATCH,UNIT_SCADA,1,"2019/09/04 15:10:00",PORTWF,7.70
D,DISPATCH,UNIT_SCADA,1,"2019/09/04 15:10:00",REPULSE,20.402533
D,DISPATCH,UNIT_SCADA,1,"2019/09/04 15:10:00",ROWALLAN,10.4157
D,DISPATCH,UNIT_SCADA,1,"2019/09/04 15:10:00",ROYALLA1,4.530001
D,DISPATCH,UNIT_SCADA,1,"2019/09/04 15:10:00",RPCG,-0.40
D,DISPATCH,UNIT_SCADA,1,"2019/09/04 15:10:00",RUBICON,0
D,DISPATCH,UNIT_SCADA,1,"2019/09/04 15:10:00",SATGN1,0
D,DISPATCH,UNIT_SCADA,1,"2019/09/04 15:10:00",SATGS1,0
D,DISPATCH,UNIT_SCADA,1,"2019/09/04 15:10:00",STARHLWF,2.799184
D,DISPATCH,UNIT_SCADA,1,"2019/09/04 15:10:00",WAUBRAWF,17.3570
D,DISPATCH,UNIT_SCADA,1,"2019/09/04 15:10:00",WOOLNTH1,65.050018
D,DISPATCH,UNIT_SCADA,1,"2019/09/04 15:10:00",WPWF,0
D,DISPATCH,UNIT_SCADA,1,"2019/09/04 15:10:00",YAMBUKWF,3.90
D,DISPATCH,UNIT_SCADA,1,"2019/09/04 15:10:00",YSWF1,12.50
D,DISPATCH,UNIT_SCADA,1,"2019/09/04 15:10:00",AGLHAL,0
D,DISPATCH,UNIT_SCADA,1,"2019/09/04 15:10:00",AGLSOM,0
D,DISPATCH,UNIT_SCADA,1,"2019/09/04 15:10:00",ANGAST1,0
D,DISPATCH,UNIT_SCADA,1,"2019/09/04 15:10:00",ARWF1,30.70
D,DISPATCH,UNIT_SCADA,1,"2019/09/04 15:10:00",BALBG1,0
D,DISPATCH,UNIT_SCADA,1,"2019/09/04 15:10:00",BALBL1,0
D,DISPATCH,UNIT_SCADA,1,"2019/09/04 15:10:00",BALDHWF1,61.42
D,DISPATCH,UNIT_SCADA,1,"2019/09/04 15:10:00",BANN1,60.34
D,DISPATCH,UNIT_SCADA,1,"2019/09/04 15:10:00",BARCALDN,0
D,DISPATCH,UNIT_SCADA,1,"2019/09/04 15:10:00",BARRON-1,25.40
D,DISPATCH,UNIT_SCADA,1,"2019/09/04 15:10:00",BARRON-2,0
D,DISPATCH,UNIT_SCADA,1,"2019/09/04 15:10:00",BASTYAN,80.62
D,DISPATCH,UNIT_SCADA,1,"2019/09/04 15:10:00",BBTHREE1,0
D,DISPATCH,UNIT_SCADA,1,"2019/09/04 15:10:00",BBTHREE2,0
D,DISPATCH,UNIT_SCADA,1,"2019/09/04 15:10:00",BBTHREE3,0
D,DISPATCH,UNIT_SCADA,1,"2019/09/04 15:10:00",BDL01,0
D,DISPATCH,UNIT_SCADA,1,"2019/09/04 15:10:00",BDL02,0
D,DISPATCH,UNIT_SCADA,1,"2019/09/04 15:10:00",BERYLSF1,76.4295
D,DISPATCH,UNIT_SCADA,1,"2019/09/04 15:10:00",BLOWERNG,11.10
D,DISPATCH,UNIT_SCADA,1,"2019/09/04 15:10:00",BLUFF1,0
D,DISPATCH,UNIT_SCADA,1,"2019/09/04 15:10:00",BNGSF1,97.99
D,DISPATCH,UNIT_SCADA,1,"2019/09/04 15:10:00",BNGSF2,20
D,DISPATCH,UNIT_SCADA,1,"2019/09/04 15:10:00",BOCORWF1,62.43
D,DISPATCH,UNIT_SCADA,1,"2019/09/04 15:10:00",BODWF1,75.620480
D,DISPATCH,UNIT_SCADA,1,"2019/09/04 15:10:00",BRAEMAR1,0
D,DISPATCH,UNIT_SCADA,1,"2019/09/04 15:10:00",BRAEMAR2,0
D,DISPATCH,UNIT_SCADA,1,"2019/09/04 15:10:00",BRAEMAR3,0
D,DISPATCH,UNIT_SCADA,1,"2019/09/04 15:10:00",BRAEMAR5,0
D,DISPATCH,UNIT_SCADA,1,"2019/09/04 15:10:00",BRAEMAR6,0
D,DISPATCH,UNIT_SCADA,1,"2019/09/04 15:10:00",BRAEMAR7,0
D,DISPATCH,UNIT_SCADA,1,"2019/09/04 15:10:00",BROKENH1,46.2832
D,DISPATCH,UNIT_SCADA,1,"2019/09/04 15:10:00",BW01,616.549930
D,DISPATCH,UNIT_SCADA,1,"2019/09/04 15:10:00",BW02,620.8750
D,DISPATCH,UNIT_SCADA,1,"2019/09/04 15:10:00",BW03,614.724980
D,DISPATCH,UNIT_SCADA,1,"2019/09/04 15:10:00",BW04,0
D,DISPATCH,UNIT_SCADA,1,"2019/09/04 15:10:00",CALL_B_1,159.30
D,DISPATCH,UNIT_SCADA,1,"2019/09/04 15:10:00",CALL_B_2,159.50
D,DISPATCH,UNIT_SCADA,1,"2019/09/04 15:10:00",CETHANA,44.476620
D,DISPATCH,UNIT_SCADA,1,"2019/09/04 15:10:00",CG1,0
D,DISPATCH,UNIT_SCADA,1,"2019/09/04 15:10:00",CG2,0
D,DISPATCH,UNIT_SCADA,1,"2019/09/04 15:10:00",CG3,0
D,DISPATCH,UNIT_SCADA,1,"2019/09/04 15:10:00",CG4,0
D,DISPATCH,UNIT_SCADA,1,"2019/09/04 15:10:00",CHILDSF1,51.87
D,DISPATCH,UNIT_SCADA,1,"2019/09/04 15:10:00",CLARESF1,48.236550
D,DISPATCH,UNIT_SCADA,1,"2019/09/04 15:10:00",CLEMGPWF,-0.360180
D,DISPATCH,UNIT_SCADA,1,"2019/09/04 15:10:00",CLERMSF1,15.07
D,DISPATCH,UNIT_SCADA,1,"2019/09/04 15:10:00",COLEASF1,58.40
D,DISPATCH,UNIT_SCADA,1,"2019/09/04 15:10:00",COOPGWF1,0
D,DISPATCH,UNIT_SCADA,1,"2019/09/04 15:10:00",CPP_3,212.850010
D,DISPATCH,UNIT_SCADA,1,"2019/09/04 15:10:00",CPP_4,169.1250
D,DISPATCH,UNIT_SCADA,1,"2019/09/04 15:10:00",CPSA,75.618130
D,DISPATCH,UNIT_SCADA,1,"2019/09/04 15:10:00",CROOKWF2,91.253750
D,DISPATCH,UNIT_SCADA,1,"2019/09/04 15:10:00",CROWLWF1,9.5529
D,DISPATCH,UNIT_SCADA,1,"2019/09/04 15:10:00",CSPVPS1,28.1820
D,DISPATCH,UNIT_SCADA,1,"2019/09/04 15:10:00",DALNTH01,0
D,DISPATCH,UNIT_SCADA,1,"2019/09/04 15:10:00",DALNTHL1,0.080870
D,DISPATCH,UNIT_SCADA,1,"2019/09/04 15:10:00",DARTM1,0
D,DISPATCH,UNIT_SCADA,1,"2019/09/04 15:10:00",DAYDSF1,120.233010
D,DISPATCH,UNIT_SCADA,1,"2019/09/04 15:10:00",DDPS1,37.853980
D,DISPATCH,UNIT_SCADA,1,"2019/09/04 15:10:00",DDSF1,77.787130
D,DISPATCH,UNIT_SCADA,1,"2019/09/04 15:10:00",DEVILS_G,56.412850
D,DISPATCH,UNIT_SCADA,1,"2019/09/04 15:10:00",DG_NSW1,0
D,DISPATCH,UNIT_SCADA,1,"2019/09/04 15:10:00",DG_QLD1,0
D,DISPATCH,UNIT_SCADA,1,"2019/09/04 15:10:00",DG_SA1,0
D,DISPATCH,UNIT_SCADA,1,"2019/09/04 15:10:00",DG_TAS1,0
D,DISPATCH,UNIT_SCADA,1,"2019/09/04 15:10:00",DG_VIC1,0
D,DISPATCH,UNIT_SCADA,1,"2019/09/04 15:10:00",DRYCGT1,0
D,DISPATCH,UNIT_SCADA,1,"2019/09/04 15:10:00",DRYCGT2,0
D,DISPATCH,UNIT_SCADA,1,"2019/09/04 15:10:00",DRYCGT3,0
D,DISPATCH,UNIT_SCADA,1,"2019/09/04 15:10:00",EILDON1,0
D,DISPATCH,UNIT_SCADA,1,"2019/09/04 15:10:00",EILDON2,0
D,DISPATCH,UNIT_SCADA,1,"2019/09/04 15:10:00",EMERASF1,12.01
D,DISPATCH,UNIT_SCADA,1,"2019/09/04 15:10:00",ER01,580.949950
D,DISPATCH,UNIT_SCADA,1,"2019/09/04 15:10:00",ER02,689.074950
D,DISPATCH,UNIT_SCADA,1,"2019/09/04 15:10:00",ER03,0
D,DISPATCH,UNIT_SCADA,1,"2019/09/04 15:10:00",ER04,698.8750
D,DISPATCH,UNIT_SCADA,1,"2019/09/04 15:10:00",FINLYSF1,8.9875
D,DISPATCH,UNIT_SCADA,1,"2019/09/04 15:10:00",FISHER,45.28
D,DISPATCH,UNIT_SCADA,1,"2019/09/04 15:10:00",GANNBG1,0
D,DISPATCH,UNIT_SCADA,1,"2019/09/04 15:10:00",GANNBL1,8.955090
D,DISPATCH,UNIT_SCADA,1,"2019/09/04 15:10:00",GANNSF1,35.90
D,DISPATCH,UNIT_SCADA,1,"2019/09/04 15:10:00",GORDON,20.441680
D,DISPATCH,UNIT_SCADA,1,"2019/09/04 15:10:00",GSTONE1,134.224990
D,DISPATCH,UNIT_SCADA,1,"2019/09/04 15:10:00",GSTONE2,109.90
D,DISPATCH,UNIT_SCADA,1,"2019/09/04 15:10:00",GSTONE3,0
D,DISPATCH,UNIT_SCADA,1,"2019/09/04 15:10:00",GSTONE4,134.5750
D,DISPATCH,UNIT_SCADA,1,"2019/09/04 15:10:00",GSTONE5,134.05
D,DISPATCH,UNIT_SCADA,1,"2019/09/04 15:10:00",GSTONE6,133.8750
D,DISPATCH,UNIT_SCADA,1,"2019/09/04 15:10:00",GULLRSF1,1.198060
D,DISPATCH,UNIT_SCADA,1,"2019/09/04 15:10:00",GULLRWF1,153.380340
D,DISPATCH,UNIT_SCADA,1,"2019/09/04 15:10:00",GUNNING1,43.9736
D,DISPATCH,UNIT_SCADA,1,"2019/09/04 15:10:00",GUTHEGA,0
D,DISPATCH,UNIT_SCADA,1,"2019/09/04 15:10:00",HALLWF1,-0.57
D,DISPATCH,UNIT_SCADA,1,"2019/09/04 15:10:00",HALLWF2,-0.32
D,DISPATCH,UNIT_SCADA,1,"2019/09/04 15:10:00",HAMISF1,43.60
D,DISPATCH,UNIT_SCADA,1,"2019/09/04 15:10:00",HAUGHT11,50.012160
D,DISPATCH,UNIT_SCADA,1,"2019/09/04 15:10:00",HAYMSF1,33.8690
D,DISPATCH,UNIT_SCADA,1,"2019/09/04 15:10:00",HDWF1,4.30
D,DISPATCH,UNIT_SCADA,1,"2019/09/04 15:10:00",HDWF2,2.90
D,DISPATCH,UNIT_SCADA,1,"2019/09/04 15:10:00",HDWF3,3.30
D,DISPATCH,UNIT_SCADA,1,"2019/09/04 15:10:00",HPRG1,0
D,DISPATCH,UNIT_SCADA,1,"2019/09/04 15:10:00",HPRL1,0.80
D,DISPATCH,UNIT_SCADA,1,"2019/09/04 15:10:00",HUMENSW,0
D,DISPATCH,UNIT_SCADA,1,"2019/09/04 15:10:00",HUMEV,24.90
D,DISPATCH,UNIT_SCADA,1,"2019/09/04 15:10:00",HVGTS,0
D,DISPATCH,UNIT_SCADA,1,"2019/09/04 15:10:00",JBUTTERS,29.45
D,DISPATCH,UNIT_SCADA,1,"2019/09/04 15:10:00",JLA01,39.90
D,DISPATCH,UNIT_SCADA,1,"2019/09/04 15:10:00",JLA02,0
D,DISPATCH,UNIT_SCADA,1,"2019/09/04 15:10:00",JLA03,0
D,DISPATCH,UNIT_SCADA,1,"2019/09/04 15:10:00",JLA04,0
D,DISPATCH,UNIT_SCADA,1,"2019/09/04 15:10:00",JLB01,0
D,DISPATCH,UNIT_SCADA,1,"2019/09/04 15:10:00",JLB02,0.10
D,DISPATCH,UNIT_SCADA,1,"2019/09/04 15:10:00",JLB03,0
D,DISPATCH,UNIT_SCADA,1,"2019/09/04 15:10:00",KAREEYA1,21.49
D,DISPATCH,UNIT_SCADA,1,"2019/09/04 15:10:00",KAREEYA2,21.7725
D,DISPATCH,UNIT_SCADA,1,"2019/09/04 15:10:00",KAREEYA3,0
D,DISPATCH,UNIT_SCADA,1,"2019/09/04 15:10:00",KAREEYA4,21.67
D,DISPATCH,UNIT_SCADA,1,"2019/09/04 15:10:00",KARSF1,66.30
D,DISPATCH,UNIT_SCADA,1,"2019/09/04 15:10:00",KIATAWF1,2.40
D,DISPATCH,UNIT_SCADA,1,"2019/09/04 15:10:00",KPP_1,0
D,DISPATCH,UNIT_SCADA,1,"2019/09/04 15:10:00",KSP1,46.45
D,DISPATCH,UNIT_SCADA,1,"2019/09/04 15:10:00",LADBROK1,0
D,DISPATCH,UNIT_SCADA,1,"2019/09/04 15:10:00",LADBROK2,0
D,DISPATCH,UNIT_SCADA,1,"2019/09/04 15:10:00",LD01,383.774960
D,DISPATCH,UNIT_SCADA,1,"2019/09/04 15:10:00",LD02,380.287540
D,DISPATCH,UNIT_SCADA,1,"2019/09/04 15:10:00",LD03,374.081270
D,DISPATCH,UNIT_SCADA,1,"2019/09/04 15:10:00",LD04,341.681210
D,DISPATCH,UNIT_SCADA,1,"2019/09/04 15:10:00",LEM_WIL,85.199150
D,DISPATCH,UNIT_SCADA,1,"2019/09/04 15:10:00",LGAPWF1,0.63
D,DISPATCH,UNIT_SCADA,1,"2019/09/04 15:10:00",LILYSF1,87.556090
D,DISPATCH,UNIT_SCADA,1,"2019/09/04 15:10:00",LI_WY_CA,99.619840
D,DISPATCH,UNIT_SCADA,1,"2019/09/04 15:10:00",LKBONNY2,1.261460
D,DISPATCH,UNIT_SCADA,1,"2019/09/04 15:10:00",LKBONNY3,0.669860
D,DISPATCH,UNIT_SCADA,1,"2019/09/04 15:10:00",LK_ECHO,0
D,DISPATCH,UNIT_SCADA,1,"2019/09/04 15:10:00",LNGS1,0
D,DISPATCH,UNIT_SCADA,1,"2019/09/04 15:10:00",LNGS2,0
D,DISPATCH,UNIT_SCADA,1,"2019/09/04 15:10:00",LONSDALE,0
D,DISPATCH,UNIT_SCADA,1,"2019/09/04 15:10:00",LOYYB1,535.336730
D,DISPATCH,UNIT_SCADA,1,"2019/09/04 15:10:00",LOYYB2,578.946840
D,DISPATCH,UNIT_SCADA,1,"2019/09/04 15:10:00",LYA1,0
D,DISPATCH,UNIT_SCADA,1,"2019/09/04 15:10:00",LYA2,0
D,DISPATCH,UNIT_SCADA,1,"2019/09/04 15:10:00",LYA3,559
D,DISPATCH,UNIT_SCADA,1,"2019/09/04 15:10:00",LYA4,538
D,DISPATCH,UNIT_SCADA,1,"2019/09/04 15:10:00",MACARTH1,0
D,DISPATCH,UNIT_SCADA,1,"2019/09/04 15:10:00",MACKAYGT,0.2240
D,DISPATCH,UNIT_SCADA,1,"2019/09/04 15:10:00",MACKNTSH,89.16
D,DISPATCH,UNIT_SCADA,1,"2019/09/04 15:10:00",MANSLR1,40.3460
D,DISPATCH,UNIT_SCADA,1,"2019/09/04 15:10:00",MCKAY1,0.02
D,DISPATCH,UNIT_SCADA,1,"2019/09/04 15:10:00",MEADOWBK,25.178980
D,DISPATCH,UNIT_SCADA,1,"2019/09/04 15:10:00",MERCER01,28.9450
D,DISPATCH,UNIT_SCADA,1,"2019/09/04 15:10:00",MEWF1,46.700540
D,DISPATCH,UNIT_SCADA,1,"2019/09/04 15:10:00",MINTARO,0
D,DISPATCH,UNIT_SCADA,1,"2019/09/04 15:10:00",MOREESF1,49.2580
D,DISPATCH,UNIT_SCADA,1,"2019/09/04 15:10:00",MORTLK11,234
D,DISPATCH,UNIT_SCADA,1,"2019/09/04 15:10:00",MORTLK12,0
D,DISPATCH,UNIT_SCADA,1,"2019/09/04 15:10:00",MP1,219.474980
D,DISPATCH,UNIT_SCADA,1,"2019/09/04 15:10:00",MP2,0
D,DISPATCH,UNIT_SCADA,1,"2019/09/04 15:10:00",MPP_1,320
D,DISPATCH,UNIT_SCADA,1,"2019/09/04 15:10:00",MPP_2,290
D,DISPATCH,UNIT_SCADA,1,"2019/09/04 15:10:00",MSTUART1,0
D,DISPATCH,UNIT_SCADA,1,"2019/09/04 15:10:00",MSTUART2,0
D,DISPATCH,UNIT_SCADA,1,"2019/09/04 15:10:00",MSTUART3,0
D,DISPATCH,UNIT_SCADA,1,"2019/09/04 15:10:00",MTGELWF1,48.596150
D,DISPATCH,UNIT_SCADA,1,"2019/09/04 15:10:00",MURRAY,0
D,DISPATCH,UNIT_SCADA,1,"2019/09/04 15:10:00",MUSSELR1,161.100010
D,DISPATCH,UNIT_SCADA,1,"2019/09/04 15:10:00",MUWAWF1,7.29
D,DISPATCH,UNIT_SCADA,1,"2019/09/04 15:10:00",NBHWF1,-0.40
D,DISPATCH,UNIT_SCADA,1,"2019/09/04 15:10:00",NPS,158.25
D,DISPATCH,UNIT_SCADA,1,"2019/09/04 15:10:00",NUMURSF1,69.14
D,DISPATCH,UNIT_SCADA,1,"2019/09/04 15:10:00",NYNGAN1,75
D,DISPATCH,UNIT_SCADA,1,"2019/09/04 15:10:00",OAKEY1,0
D,DISPATCH,UNIT_SCADA,1,"2019/09/04 15:10:00",OAKEY1SF,23.8150
D,DISPATCH,UNIT_SCADA,1,"2019/09/04 15:10:00",OAKEY2,0
D,DISPATCH,UNIT_SCADA,1,"2019/09/04 15:10:00",OAKEY2SF,0
D,DISPATCH,UNIT_SCADA,1,"2019/09/04 15:10:00",OAKLAND1,17.10
D,DISPATCH,UNIT_SCADA,1,"2019/09/04 15:10:00",OSB-AG,177.41
D,DISPATCH,UNIT_SCADA,1,"2019/09/04 15:10:00",PARSF1,46.103120
D,DISPATCH,UNIT_SCADA,1,"2019/09/04 15:10:00",POAT110,0
D,DISPATCH,UNIT_SCADA,1,"2019/09/04 15:10:00",POAT220,7.93
D,DISPATCH,UNIT_SCADA,1,"2019/09/04 15:10:00",POR01,0
D,DISPATCH,UNIT_SCADA,1,"2019/09/04 15:10:00",POR03,0
D,DISPATCH,UNIT_SCADA,1,"2019/09/04 15:10:00",PPCCGT,480.918150
D,DISPATCH,UNIT_SCADA,1,"2019/09/04 15:10:00",PTSTAN1,0
D,DISPATCH,UNIT_SCADA,1,"2019/09/04 15:10:00",PUMP1,0
D,DISPATCH,UNIT_SCADA,1,"2019/09/04 15:10:00",PUMP2,0
D,DISPATCH,UNIT_SCADA,1,"2019/09/04 15:10:00",QPS1,28.90
D,DISPATCH,UNIT_SCADA,1,"2019/09/04 15:10:00",QPS2,0
D,DISPATCH,UNIT_SCADA,1,"2019/09/04 15:10:00",QPS3,0
D,DISPATCH,UNIT_SCADA,1,"2019/09/04 15:10:00",QPS4,0
D,DISPATCH,UNIT_SCADA,1,"2019/09/04 15:10:00",QPS5,0
D,DISPATCH,UNIT_SCADA,1,"2019/09/04 15:10:00",REECE1,117.890010
D,DISPATCH,UNIT_SCADA,1,"2019/09/04 15:10:00",REECE2,101.870010
D,DISPATCH,UNIT_SCADA,1,"2019/09/04 15:10:00",ROMA_7,0
D,DISPATCH,UNIT_SCADA,1,"2019/09/04 15:10:00",ROMA_8,0
D,DISPATCH,UNIT_SCADA,1,"2019/09/04 15:10:00",RRSF1,115.092560
D,DISPATCH,UNIT_SCADA,1,"2019/09/04 15:10:00",RT_NSW1,0
D,DISPATCH,UNIT_SCADA,1,"2019/09/04 15:10:00",RT_NSW2,0
D,DISPATCH,UNIT_SCADA,1,"2019/09/04 15:10:00",RT_NSW3,0
D,DISPATCH,UNIT_SCADA,1,"2019/09/04 15:10:00",RT_NSW4,0
D,DISPATCH,UNIT_SCADA,1,"2019/09/04 15:10:00",RT_NSW5,0
D,DISPATCH,UNIT_SCADA,1,"2019/09/04 15:10:00",RT_NSW6,0
D,DISPATCH,UNIT_SCADA,1,"2019/09/04 15:10:00",RT_QLD1,0
D,DISPATCH,UNIT_SCADA,1,"2019/09/04 15:10:00",RT_SA1,0
D,DISPATCH,UNIT_SCADA,1,"2019/09/04 15:10:00",RT_SA2,0
D,DISPATCH,UNIT_SCADA,1,"2019/09/04 15:10:00",RT_SA3,0
D,DISPATCH,UNIT_SCADA,1,"2019/09/04 15:10:00",RT_SA4,0
D,DISPATCH,UNIT_SCADA,1,"2019/09/04 15:10:00",RT_SA5,0
D,DISPATCH,UNIT_SCADA,1,"2019/09/04 15:10:00",RT_SA6,0
D,DISPATCH,UNIT_SCADA,1,"2019/09/04 15:10:00",RT_TAS1,0
D,DISPATCH,UNIT_SCADA,1,"2019/09/04 15:10:00",RT_VIC1,0
D,DISPATCH,UNIT_SCADA,1,"2019/09/04 15:10:00",RT_VIC10,0
D,DISPATCH,UNIT_SCADA,1,"2019/09/04 15:10:00",RT_VIC11,0
D,DISPATCH,UNIT_SCADA,1,"2019/09/04 15:10:00",RT_VIC12,0
D,DISPATCH,UNIT_SCADA,1,"2019/09/04 15:10:00",RT_VIC2,0
D,DISPATCH,UNIT_SCADA,1,"2019/09/04 15:10:00",RT_VIC3,0
D,DISPATCH,UNIT_SCADA,1,"2019/09/04 15:10:00",RT_VIC4,0
D,DISPATCH,UNIT_SCADA,1,"2019/09/04 15:10:00",RT_VIC5,0
D,DISPATCH,UNIT_SCADA,1,"2019/09/04 15:10:00",RT_VIC6,0
D,DISPATCH,UNIT_SCADA,1,"2019/09/04 15:10:00",RT_VIC7,0
D,DISPATCH,UNIT_SCADA,1,"2019/09/04 15:10:00",RT_VIC8,0
D,DISPATCH,UNIT_SCADA,1,"2019/09/04 15:10:00",RT_VIC9,0
D,DISPATCH,UNIT_SCADA,1,"2019/09/04 15:10:00",RUGBYR1,62.3145
D,DISPATCH,UNIT_SCADA,1,"2019/09/04 15:10:00",SALTCRK1,8.44
D,DISPATCH,UNIT_SCADA,1,"2019/09/04 15:10:00",SAPHWF1,203.981230
D,DISPATCH,UNIT_SCADA,1,"2019/09/04 15:10:00",SHGEN,0
D,DISPATCH,UNIT_SCADA,1,"2019/09/04 15:10:00",SHPUMP,79.212090
D,DISPATCH,UNIT_SCADA,1,"2019/09/04 15:10:00",SITHE01,0.1840
D,DISPATCH,UNIT_SCADA,1,"2019/09/04 15:10:00",SMCSF1,67.924210
D,DISPATCH,UNIT_SCADA,1,"2019/09/04 15:10:00",SNOWNTH1,4.50
D,DISPATCH,UNIT_SCADA,1,"2019/09/04 15:10:00",SNOWSTH1,8.60
D,DISPATCH,UNIT_SCADA,1,"2019/09/04 15:10:00",SNOWTWN1,1.003720
D,DISPATCH,UNIT_SCADA,1,"2019/09/04 15:10:00",SNOWYP,0
D,DISPATCH,UNIT_SCADA,1,"2019/09/04 15:10:00",SNUG1,0.019440
D,DISPATCH,UNIT_SCADA,1,"2019/09/04 15:10:00",SRSF1,34.61
D,DISPATCH,UNIT_SCADA,1,"2019/09/04 15:10:00",STAN-1,342.888980
D,DISPATCH,UNIT_SCADA,1,"2019/09/04 15:10:00",STAN-2,249.254940
D,DISPATCH,UNIT_SCADA,1,"2019/09/04 15:10:00",STAN-3,246.691380
D,DISPATCH,UNIT_SCADA,1,"2019/09/04 15:10:00",STAN-4,247.165630
D,DISPATCH,UNIT_SCADA,1,"2019/09/04 15:10:00",STWF1,30.69
D,DISPATCH,UNIT_SCADA,1,"2019/09/04 15:10:00",SWAN_E,0
D,DISPATCH,UNIT_SCADA,1,"2019/09/04 15:10:00",TALWA1,398
D,DISPATCH,UNIT_SCADA,1,"2019/09/04 15:10:00",TARALGA1,102.108750
D,DISPATCH,UNIT_SCADA,1,"2019/09/04 15:10:00",TARONG#1,348.50
D,DISPATCH,UNIT_SCADA,1,"2019/09/04 15:10:00",TARONG#2,0
D,DISPATCH,UNIT_SCADA,1,"2019/09/04 15:10:00",TARONG#3,278.899990
D,DISPATCH,UNIT_SCADA,1,"2019/09/04 15:10:00",TARONG#4,350.50
D,DISPATCH,UNIT_SCADA,1,"2019/09/04 15:10:00",TARRALEA,75.80
D,DISPATCH,UNIT_SCADA,1,"2019/09/04 15:10:00",TBSF1,13.40
D,DISPATCH,UNIT_SCADA,1,"2019/09/04 15:10:00",TNPS1,442.000030
D,DISPATCH,UNIT_SCADA,1,"2019/09/04 15:10:00",TORRA1,60.471280
D,DISPATCH,UNIT_SCADA,1,"2019/09/04 15:10:00",TORRA2,0
D,DISPATCH,UNIT_SCADA,1,"2019/09/04 15:10:00",TORRA3,0
D,DISPATCH,UNIT_SCADA,1,"2019/09/04 15:10:00",TORRA4,61.678920
D,DISPATCH,UNIT_SCADA,1,"2019/09/04 15:10:00",TORRB1,76.82
D,DISPATCH,UNIT_SCADA,1,"2019/09/04 15:10:00",TORRB2,75.94
D,DISPATCH,UNIT_SCADA,1,"2019/09/04 15:10:00",TORRB3,78.27
D,DISPATCH,UNIT_SCADA,1,"2019/09/04 15:10:00",TORRB4,0
D,DISPATCH,UNIT_SCADA,1,"2019/09/04 15:10:00",TREVALLN,0
D,DISPATCH,UNIT_SCADA,1,"2019/09/04 15:10:00",TRIBUTE,0
D,DISPATCH,UNIT_SCADA,1,"2019/09/04 15:10:00",TUMUT3,0
D,DISPATCH,UNIT_SCADA,1,"2019/09/04 15:10:00",TUNGATIN,19.60
D,DISPATCH,UNIT_SCADA,1,"2019/09/04 15:10:00",TVCC201,0
D,DISPATCH,UNIT_SCADA,1,"2019/09/04 15:10:00",TVPP104,0
D,DISPATCH,UNIT_SCADA,1,"2019/09/04 15:10:00",UPPTUMUT,299.5318
D,DISPATCH,UNIT_SCADA,1,"2019/09/04 15:10:00",URANQ11,0
D,DISPATCH,UNIT_SCADA,1,"2019/09/04 15:10:00",URANQ12,0
D,DISPATCH,UNIT_SCADA,1,"2019/09/04 15:10:00",URANQ13,158.743740
D,DISPATCH,UNIT_SCADA,1,"2019/09/04 15:10:00",URANQ14,0
D,DISPATCH,UNIT_SCADA,1,"2019/09/04 15:10:00",VP5,483.400020
D,DISPATCH,UNIT_SCADA,1,"2019/09/04 15:10:00",VP6,0
D,DISPATCH,UNIT_SCADA,1,"2019/09/04 15:10:00",VPGS1,0
D,DISPATCH,UNIT_SCADA,1,"2019/09/04 15:10:00",VPGS2,0
D,DISPATCH,UNIT_SCADA,1,"2019/09/04 15:10:00",VPGS3,0
D,DISPATCH,UNIT_SCADA,1,"2019/09/04 15:10:00",VPGS4,0
D,DISPATCH,UNIT_SCADA,1,"2019/09/04 15:10:00",VPGS5,0
D,DISPATCH,UNIT_SCADA,1,"2019/09/04 15:10:00",VPGS6,0
D,DISPATCH,UNIT_SCADA,1,"2019/09/04 15:10:00",W/HOE#1,0
D,DISPATCH,UNIT_SCADA,1,"2019/09/04 15:10:00",W/HOE#2,0
D,DISPATCH,UNIT_SCADA,1,"2019/09/04 15:10:00",WATERLWF,4.70
D,DISPATCH,UNIT_SCADA,1,"2019/09/04 15:10:00",WEMENSF1,24
D,DISPATCH,UNIT_SCADA,1,"2019/09/04 15:10:00",WGWF1,1.90
D,DISPATCH,UNIT_SCADA,1,"2019/09/04 15:10:00",WHITSF1,9.60
D,DISPATCH,UNIT_SCADA,1,"2019/09/04 15:10:00",WKIEWA1,13
D,DISPATCH,UNIT_SCADA,1,"2019/09/04 15:10:00",WKIEWA2,0.10
D,DISPATCH,UNIT_SCADA,1,"2019/09/04 15:10:00",WOODLWN1,44.9640
D,DISPATCH,UNIT_SCADA,1,"2019/09/04 15:10:00",WRSF1,14
D,DISPATCH,UNIT_SCADA,1,"2019/09/04 15:10:00",WRWF1,126.026250
D,DISPATCH,UNIT_SCADA,1,"2019/09/04 15:10:00",YABULU,0
D,DISPATCH,UNIT_SCADA,1,"2019/09/04 15:10:00",YABULU2,0
D,DISPATCH,UNIT_SCADA,1,"2019/09/04 15:10:00",YARWUN_1,113.689990
D,DISPATCH,UNIT_SCADA,1,"2019/09/04 15:10:00",YENDWF1,21.32
D,DISPATCH,UNIT_SCADA,1,"2019/09/04 15:10:00",YWPS1,381.7038
D,DISPATCH,UNIT_SCADA,1,"2019/09/04 15:10:00",YWPS2,281.701260
D,DISPATCH,UNIT_SCADA,1,"2019/09/04 15:10:00",YWPS3,358.541780
D,DISPATCH,UNIT_SCADA,1,"2019/09/04 15:10:00",YWPS4,343.581020
C,"END OF REPORT",335
