C,NEMP.WORLD,DISPATCHSCADA,AEMO,PUBLIC,2019/08/19,21:20:09,0000000311760952,DISPATCHSCADA,0000000311760946
I,DISPATCH,UNIT_SCADA,1,SETTLEMENTDATE,DUID,SCADAVALUE
D,DISPATCH,UNIT_SCADA,1,"2019/08/19 21:25:00",BARCSF1,1.10
D,DISPATCH,UNIT_SCADA,1,"2019/08/19 21:25:00",BUTLERSG,9.699999
D,DISPATCH,UNIT_SCADA,1,"2019/08/19 21:25:00",CALL_A_4,0
D,DISPATCH,UNIT_SCADA,1,"2019/08/19 21:25:00",CAPTL_WF,135.467987
D,DISPATCH,UNIT_SCADA,1,"2019/08/19 21:25:00",CATHROCK,40.329998
D,DISPATCH,UNIT_SCADA,1,"2019/08/19 21:25:00",CHALLHWF,14.10
D,DISPATCH,UNIT_SCADA,1,"2019/08/19 21:25:00",CLOVER,-0.01
D,DISPATCH,UNIT_SCADA,1,"2019/08/19 21:25:00",CLUNY,12.087434
D,DISPATCH,UNIT_SCADA,1,"2019/08/19 21:25:00",CNUNDAWF,31.236439
D,DISPATCH,UNIT_SCADA,1,"2019/08/19 21:25:00",CULLRGWF,30.42
D,DISPATCH,UNIT_SCADA,1,"2019/08/19 21:25:00",ERGT01,0
D,DISPATCH,UNIT_SCADA,1,"2019/08/19 21:25:00",GB01,0.068443
D,DISPATCH,UNIT_SCADA,1,"2019/08/19 21:25:00",GERMCRK,36
D,DISPATCH,UNIT_SCADA,1,"2019/08/19 21:25:00",GRIFSF1,0
D,DISPATCH,UNIT_SCADA,1,"2019/08/19 21:25:00",HUGSF1,-0.1880
D,DISPATCH,UNIT_SCADA,1,"2019/08/19 21:25:00",LKBONNY1,32.240681
D,DISPATCH,UNIT_SCADA,1,"2019/08/19 21:25:00",LRSF1,0.0240
D,DISPATCH,UNIT_SCADA,1,"2019/08/19 21:25:00",MBAHNTH,58.462509
D,DISPATCH,UNIT_SCADA,1,"2019/08/19 21:25:00",MLSP1,0.304001
D,DISPATCH,UNIT_SCADA,1,"2019/08/19 21:25:00",MLWF1,16.41
D,DISPATCH,UNIT_SCADA,1,"2019/08/19 21:25:00",MTMILLAR,11.310793
D,DISPATCH,UNIT_SCADA,1,"2019/08/19 21:25:00",PALOONA,12.73
D,DISPATCH,UNIT_SCADA,1,"2019/08/19 21:25:00",PIONEER,36.400002
D,DISPATCH,UNIT_SCADA,1,"2019/08/19 21:25:00",PORTWF,136.199997
D,DISPATCH,UNIT_SCADA,1,"2019/08/19 21:25:00",REPULSE,28.821852
D,DISPATCH,UNIT_SCADA,1,"2019/08/19 21:25:00",ROWALLAN,10.0820
D,DISPATCH,UNIT_SCADA,1,"2019/08/19 21:25:00",ROYALLA1,0
D,DISPATCH,UNIT_SCADA,1,"2019/08/19 21:25:00",RPCG,-2.10
D,DISPATCH,UNIT_SCADA,1,"2019/08/19 21:25:00",RUBICON,0
D,DISPATCH,UNIT_SCADA,1,"2019/08/19 21:25:00",SATGN1,0
D,DISPATCH,UNIT_SCADA,1,"2019/08/19 21:25:00",SATGS1,0
D,DISPATCH,UNIT_SCADA,1,"2019/08/19 21:25:00",STARHLWF,6.098222
D,DISPATCH,UNIT_SCADA,1,"2019/08/19 21:25:00",WAUBRAWF,116.8470
D,DISPATCH,UNIT_SCADA,1,"2019/08/19 21:25:00",WOOLNTH1,133.290009
D,DISPATCH,UNIT_SCADA,1,"2019/08/19 21:25:00",WPWF,12
D,DISPATCH,UNIT_SCADA,1,"2019/08/19 21:25:00",YAMBUKWF,18.700001
D,DISPATCH,UNIT_SCADA,1,"2019/08/19 21:25:00",YSWF1,28.299999
D,DISPATCH,UNIT_SCADA,1,"2019/08/19 21:25:00",AGLHAL,0
D,DISPATCH,UNIT_SCADA,1,"2019/08/19 21:25:00",AGLSOM,40.10
D,DISPATCH,UNIT_SCADA,1,"2019/08/19 21:25:00",ANGAST1,0
D,DISPATCH,UNIT_SCADA,1,"2019/08/19 21:25:00",ARWF1,18.50
D,DISPATCH,UNIT_SCADA,1,"2019/08/19 21:25:00",BALBG1,0
D,DISPATCH,UNIT_SCADA,1,"2019/08/19 21:25:00",BALBL1,6.94
D,DISPATCH,UNIT_SCADA,1,"2019/08/19 21:25:00",BALDHWF1,103.2510
D,DISPATCH,UNIT_SCADA,1,"2019/08/19 21:25:00",BANN1,0
D,DISPATCH,UNIT_SCADA,1,"2019/08/19 21:25:00",BARCALDN,0
D,DISPATCH,UNIT_SCADA,1,"2019/08/19 21:25:00",BARRON-1,0
D,DISPATCH,UNIT_SCADA,1,"2019/08/19 21:25:00",BARRON-2,28.80
D,DISPATCH,UNIT_SCADA,1,"2019/08/19 21:25:00",BASTYAN,80.790010
D,DISPATCH,UNIT_SCADA,1,"2019/08/19 21:25:00",BBTHREE1,0
D,DISPATCH,UNIT_SCADA,1,"2019/08/19 21:25:00",BBTHREE2,0
D,DISPATCH,UNIT_SCADA,1,"2019/08/19 21:25:00",BBTHREE3,0
D,DISPATCH,UNIT_SCADA,1,"2019/08/19 21:25:00",BDL01,-0.12
D,DISPATCH,UNIT_SCADA,1,"2019/08/19 21:25:00",BDL02,-0.18
D,DISPATCH,UNIT_SCADA,1,"2019/08/19 21:25:00",BERYLSF1,0
D,DISPATCH,UNIT_SCADA,1,"2019/08/19 21:25:00",BLOWERNG,0
D,DISPATCH,UNIT_SCADA,1,"2019/08/19 21:25:00",BLUFF1,23.70
D,DISPATCH,UNIT_SCADA,1,"2019/08/19 21:25:00",BNGSF1,0
D,DISPATCH,UNIT_SCADA,1,"2019/08/19 21:25:00",BNGSF2,0
D,DISPATCH,UNIT_SCADA,1,"2019/08/19 21:25:00",BOCORWF1,104.55
D,DISPATCH,UNIT_SCADA,1,"2019/08/19 21:25:00",BODWF1,76.681470
D,DISPATCH,UNIT_SCADA,1,"2019/08/19 21:25:00",BRAEMAR1,0
D,DISPATCH,UNIT_SCADA,1,"2019/08/19 21:25:00",BRAEMAR2,0
D,DISPATCH,UNIT_SCADA,1,"2019/08/19 21:25:00",BRAEMAR3,0
D,DISPATCH,UNIT_SCADA,1,"2019/08/19 21:25:00",BRAEMAR5,0
D,DISPATCH,UNIT_SCADA,1,"2019/08/19 21:25:00",BRAEMAR6,0
D,DISPATCH,UNIT_SCADA,1,"2019/08/19 21:25:00",BRAEMAR7,0
D,DISPATCH,UNIT_SCADA,1,"2019/08/19 21:25:00",BROKENH1,0
D,DISPATCH,UNIT_SCADA,1,"2019/08/19 21:25:00",BW01,657.150020
D,DISPATCH,UNIT_SCADA,1,"2019/08/19 21:25:00",BW02,662.574950
D,DISPATCH,UNIT_SCADA,1,"2019/08/19 21:25:00",BW03,643.25
D,DISPATCH,UNIT_SCADA,1,"2019/08/19 21:25:00",BW04,0
D,DISPATCH,UNIT_SCADA,1,"2019/08/19 21:25:00",CALL_B_1,340.399990
D,DISPATCH,UNIT_SCADA,1,"2019/08/19 21:25:00",CALL_B_2,279.200010
D,DISPATCH,UNIT_SCADA,1,"2019/08/19 21:25:00",CETHANA,70.222880
D,DISPATCH,UNIT_SCADA,1,"2019/08/19 21:25:00",CG1,0
D,DISPATCH,UNIT_SCADA,1,"2019/08/19 21:25:00",CG2,0
D,DISPATCH,UNIT_SCADA,1,"2019/08/19 21:25:00",CG3,0
D,DISPATCH,UNIT_SCADA,1,"2019/08/19 21:25:00",CG4,0
D,DISPATCH,UNIT_SCADA,1,"2019/08/19 21:25:00",CHILDSF1,0
D,DISPATCH,UNIT_SCADA,1,"2019/08/19 21:25:00",CLARESF1,0
D,DISPATCH,UNIT_SCADA,1,"2019/08/19 21:25:00",CLEMGPWF,7.2035
D,DISPATCH,UNIT_SCADA,1,"2019/08/19 21:25:00",CLERMSF1,0
D,DISPATCH,UNIT_SCADA,1,"2019/08/19 21:25:00",COLEASF1,0
D,DISPATCH,UNIT_SCADA,1,"2019/08/19 21:25:00",COOPGWF1,35.599850
D,DISPATCH,UNIT_SCADA,1,"2019/08/19 21:25:00",CPP_3,404.25
D,DISPATCH,UNIT_SCADA,1,"2019/08/19 21:25:00",CPP_4,406.175020
D,DISPATCH,UNIT_SCADA,1,"2019/08/19 21:25:00",CPSA,142.146880
D,DISPATCH,UNIT_SCADA,1,"2019/08/19 21:25:00",CROOKWF2,88.023740
D,DISPATCH,UNIT_SCADA,1,"2019/08/19 21:25:00",CROWLWF1,16.756220
D,DISPATCH,UNIT_SCADA,1,"2019/08/19 21:25:00",CSPVPS1,0
D,DISPATCH,UNIT_SCADA,1,"2019/08/19 21:25:00",DALNTH01,0
D,DISPATCH,UNIT_SCADA,1,"2019/08/19 21:25:00",DALNTHL1,0.0351
D,DISPATCH,UNIT_SCADA,1,"2019/08/19 21:25:00",DARTM1,134.80
D,DISPATCH,UNIT_SCADA,1,"2019/08/19 21:25:00",DAYDSF1,0
D,DISPATCH,UNIT_SCADA,1,"2019/08/19 21:25:00",DDPS1,301.271940
D,DISPATCH,UNIT_SCADA,1,"2019/08/19 21:25:00",DDSF1,0
D,DISPATCH,UNIT_SCADA,1,"2019/08/19 21:25:00",DEVILS_G,59.916380
D,DISPATCH,UNIT_SCADA,1,"2019/08/19 21:25:00",DG_NSW1,0
D,DISPATCH,UNIT_SCADA,1,"2019/08/19 21:25:00",DG_QLD1,0
D,DISPATCH,UNIT_SCADA,1,"2019/08/19 21:25:00",DG_SA1,0
D,DISPATCH,UNIT_SCADA,1,"2019/08/19 21:25:00",DG_TAS1,0
D,DISPATCH,UNIT_SCADA,1,"2019/08/19 21:25:00",DG_VIC1,0
D,DISPATCH,UNIT_SCADA,1,"2019/08/19 21:25:00",DRYCGT1,0
D,DISPATCH,UNIT_SCADA,1,"2019/08/19 21:25:00",DRYCGT2,0
D,DISPATCH,UNIT_SCADA,1,"2019/08/19 21:25:00",DRYCGT3,0
D,DISPATCH,UNIT_SCADA,1,"2019/08/19 21:25:00",EILDON1,0
D,DISPATCH,UNIT_SCADA,1,"2019/08/19 21:25:00",EILDON2,0
D,DISPATCH,UNIT_SCADA,1,"2019/08/19 21:25:00",EMERASF1,0
D,DISPATCH,UNIT_SCADA,1,"2019/08/19 21:25:00",ER01,594.224980
D,DISPATCH,UNIT_SCADA,1,"2019/08/19 21:25:00",ER02,696.800050
D,DISPATCH,UNIT_SCADA,1,"2019/08/19 21:25:00",ER03,696.724980
D,DISPATCH,UNIT_SCADA,1,"2019/08/19 21:25:00",ER04,696.349980
D,DISPATCH,UNIT_SCADA,1,"2019/08/19 21:25:00",FINLYSF1,0
D,DISPATCH,UNIT_SCADA,1,"2019/08/19 21:25:00",FISHER,46.03
D,DISPATCH,UNIT_SCADA,1,"2019/08/19 21:25:00",GANNBG1,10.501110
D,DISPATCH,UNIT_SCADA,1,"2019/08/19 21:25:00",GANNBL1,0
D,DISPATCH,UNIT_SCADA,1,"2019/08/19 21:25:00",GANNSF1,0
D,DISPATCH,UNIT_SCADA,1,"2019/08/19 21:25:00",GORDON,43.886640
D,DISPATCH,UNIT_SCADA,1,"2019/08/19 21:25:00",GSTONE1,203.70
D,DISPATCH,UNIT_SCADA,1,"2019/08/19 21:25:00",GSTONE2,219.80
D,DISPATCH,UNIT_SCADA,1,"2019/08/19 21:25:00",GSTONE3,220.3250
D,DISPATCH,UNIT_SCADA,1,"2019/08/19 21:25:00",GSTONE4,221.20
D,DISPATCH,UNIT_SCADA,1,"2019/08/19 21:25:00",GSTONE5,219.974990
D,DISPATCH,UNIT_SCADA,1,"2019/08/19 21:25:00",GSTONE6,0
D,DISPATCH,UNIT_SCADA,1,"2019/08/19 21:25:00",GULLRSF1,0
D,DISPATCH,UNIT_SCADA,1,"2019/08/19 21:25:00",GULLRWF1,152.694210
D,DISPATCH,UNIT_SCADA,1,"2019/08/19 21:25:00",GUNNING1,43.173790
D,DISPATCH,UNIT_SCADA,1,"2019/08/19 21:25:00",GUTHEGA,0
D,DISPATCH,UNIT_SCADA,1,"2019/08/19 21:25:00",HALLWF1,56.85
D,DISPATCH,UNIT_SCADA,1,"2019/08/19 21:25:00",HALLWF2,40.63
D,DISPATCH,UNIT_SCADA,1,"2019/08/19 21:25:00",HAMISF1,0
D,DISPATCH,UNIT_SCADA,1,"2019/08/19 21:25:00",HAUGHT11,0
D,DISPATCH,UNIT_SCADA,1,"2019/08/19 21:25:00",HAYMSF1,0
D,DISPATCH,UNIT_SCADA,1,"2019/08/19 21:25:00",HDWF1,34
D,DISPATCH,UNIT_SCADA,1,"2019/08/19 21:25:00",HDWF2,27.50
D,DISPATCH,UNIT_SCADA,1,"2019/08/19 21:25:00",HDWF3,33.80
D,DISPATCH,UNIT_SCADA,1,"2019/08/19 21:25:00",HPRG1,0
D,DISPATCH,UNIT_SCADA,1,"2019/08/19 21:25:00",HPRL1,15.60
D,DISPATCH,UNIT_SCADA,1,"2019/08/19 21:25:00",HUMENSW,0
D,DISPATCH,UNIT_SCADA,1,"2019/08/19 21:25:00",HUMEV,8.40
D,DISPATCH,UNIT_SCADA,1,"2019/08/19 21:25:00",HVGTS,0
D,DISPATCH,UNIT_SCADA,1,"2019/08/19 21:25:00",JBUTTERS,136.47
D,DISPATCH,UNIT_SCADA,1,"2019/08/19 21:25:00",JLA01,0.50
D,DISPATCH,UNIT_SCADA,1,"2019/08/19 21:25:00",JLA02,0
D,DISPATCH,UNIT_SCADA,1,"2019/08/19 21:25:00",JLA03,0.10
D,DISPATCH,UNIT_SCADA,1,"2019/08/19 21:25:00",JLA04,0.10
D,DISPATCH,UNIT_SCADA,1,"2019/08/19 21:25:00",JLB01,0
D,DISPATCH,UNIT_SCADA,1,"2019/08/19 21:25:00",JLB02,0.10
D,DISPATCH,UNIT_SCADA,1,"2019/08/19 21:25:00",JLB03,0
D,DISPATCH,UNIT_SCADA,1,"2019/08/19 21:25:00",KAREEYA1,21.5725
D,DISPATCH,UNIT_SCADA,1,"2019/08/19 21:25:00",KAREEYA2,21.6675
D,DISPATCH,UNIT_SCADA,1,"2019/08/19 21:25:00",KAREEYA3,0
D,DISPATCH,UNIT_SCADA,1,"2019/08/19 21:25:00",KAREEYA4,21.6575
D,DISPATCH,UNIT_SCADA,1,"2019/08/19 21:25:00",KARSF1,0
D,DISPATCH,UNIT_SCADA,1,"2019/08/19 21:25:00",KIATAWF1,30.60
D,DISPATCH,UNIT_SCADA,1,"2019/08/19 21:25:00",KPP_1,0
D,DISPATCH,UNIT_SCADA,1,"2019/08/19 21:25:00",KSP1,0
D,DISPATCH,UNIT_SCADA,1,"2019/08/19 21:25:00",LADBROK1,43.14
D,DISPATCH,UNIT_SCADA,1,"2019/08/19 21:25:00",LADBROK2,43.61
D,DISPATCH,UNIT_SCADA,1,"2019/08/19 21:25:00",LD01,418.856230
D,DISPATCH,UNIT_SCADA,1,"2019/08/19 21:25:00",LD02,417.656250
D,DISPATCH,UNIT_SCADA,1,"2019/08/19 21:25:00",LD03,417.975040
D,DISPATCH,UNIT_SCADA,1,"2019/08/19 21:25:00",LD04,380.662410
D,DISPATCH,UNIT_SCADA,1,"2019/08/19 21:25:00",LEM_WIL,78.574490
D,DISPATCH,UNIT_SCADA,1,"2019/08/19 21:25:00",LGAPWF1,2.13
D,DISPATCH,UNIT_SCADA,1,"2019/08/19 21:25:00",LILYSF1,0
D,DISPATCH,UNIT_SCADA,1,"2019/08/19 21:25:00",LI_WY_CA,142.755420
D,DISPATCH,UNIT_SCADA,1,"2019/08/19 21:25:00",LKBONNY2,115.442090
D,DISPATCH,UNIT_SCADA,1,"2019/08/19 21:25:00",LKBONNY3,34.107250
D,DISPATCH,UNIT_SCADA,1,"2019/08/19 21:25:00",LK_ECHO,0
D,DISPATCH,UNIT_SCADA,1,"2019/08/19 21:25:00",LNGS1,0
D,DISPATCH,UNIT_SCADA,1,"2019/08/19 21:25:00",LNGS2,0
D,DISPATCH,UNIT_SCADA,1,"2019/08/19 21:25:00",LONSDALE,0
D,DISPATCH,UNIT_SCADA,1,"2019/08/19 21:25:00",LOYYB1,529.321530
D,DISPATCH,UNIT_SCADA,1,"2019/08/19 21:25:00",LOYYB2,581.954410
D,DISPATCH,UNIT_SCADA,1,"2019/08/19 21:25:00",LYA1,558
D,DISPATCH,UNIT_SCADA,1,"2019/08/19 21:25:00",LYA2,0
D,DISPATCH,UNIT_SCADA,1,"2019/08/19 21:25:00",LYA3,561
D,DISPATCH,UNIT_SCADA,1,"2019/08/19 21:25:00",LYA4,540
D,DISPATCH,UNIT_SCADA,1,"2019/08/19 21:25:00",MACARTH1,195.695480
D,DISPATCH,UNIT_SCADA,1,"2019/08/19 21:25:00",MACKAYGT,0
D,DISPATCH,UNIT_SCADA,1,"2019/08/19 21:25:00",MACKNTSH,85.080010
D,DISPATCH,UNIT_SCADA,1,"2019/08/19 21:25:00",MANSLR1,0
D,DISPATCH,UNIT_SCADA,1,"2019/08/19 21:25:00",MCKAY1,0.02
D,DISPATCH,UNIT_SCADA,1,"2019/08/19 21:25:00",MEADOWBK,33.810140
D,DISPATCH,UNIT_SCADA,1,"2019/08/19 21:25:00",MERCER01,119.6260
D,DISPATCH,UNIT_SCADA,1,"2019/08/19 21:25:00",MEWF1,152.453130
D,DISPATCH,UNIT_SCADA,1,"2019/08/19 21:25:00",MINTARO,0
D,DISPATCH,UNIT_SCADA,1,"2019/08/19 21:25:00",MOREESF1,0
D,DISPATCH,UNIT_SCADA,1,"2019/08/19 21:25:00",MORTLK11,124
D,DISPATCH,UNIT_SCADA,1,"2019/08/19 21:25:00",MORTLK12,0
D,DISPATCH,UNIT_SCADA,1,"2019/08/19 21:25:00",MP1,283.349980
D,DISPATCH,UNIT_SCADA,1,"2019/08/19 21:25:00",MP2,0
D,DISPATCH,UNIT_SCADA,1,"2019/08/19 21:25:00",MPP_1,429.75
D,DISPATCH,UNIT_SCADA,1,"2019/08/19 21:25:00",MPP_2,434.75
D,DISPATCH,UNIT_SCADA,1,"2019/08/19 21:25:00",MSTUART1,0
D,DISPATCH,UNIT_SCADA,1,"2019/08/19 21:25:00",MSTUART2,0
D,DISPATCH,UNIT_SCADA,1,"2019/08/19 21:25:00",MSTUART3,0
D,DISPATCH,UNIT_SCADA,1,"2019/08/19 21:25:00",MTGELWF1,63.806570
D,DISPATCH,UNIT_SCADA,1,"2019/08/19 21:25:00",MURRAY,0
D,DISPATCH,UNIT_SCADA,1,"2019/08/19 21:25:00",MUSSELR1,163.299990
D,DISPATCH,UNIT_SCADA,1,"2019/08/19 21:25:00",MUWAWF1,44.23
D,DISPATCH,UNIT_SCADA,1,"2019/08/19 21:25:00",NBHWF1,45
D,DISPATCH,UNIT_SCADA,1,"2019/08/19 21:25:00",NPS,374.25
D,DISPATCH,UNIT_SCADA,1,"2019/08/19 21:25:00",NUMURSF1,0
D,DISPATCH,UNIT_SCADA,1,"2019/08/19 21:25:00",NYNGAN1,0
D,DISPATCH,UNIT_SCADA,1,"2019/08/19 21:25:00",OAKEY1,0
D,DISPATCH,UNIT_SCADA,1,"2019/08/19 21:25:00",OAKEY1SF,0.05
D,DISPATCH,UNIT_SCADA,1,"2019/08/19 21:25:00",OAKEY2,0
D,DISPATCH,UNIT_SCADA,1,"2019/08/19 21:25:00",OAKLAND1,54
D,DISPATCH,UNIT_SCADA,1,"2019/08/19 21:25:00",OSB-AG,185.290010
D,DISPATCH,UNIT_SCADA,1,"2019/08/19 21:25:00",PARSF1,0
D,DISPATCH,UNIT_SCADA,1,"2019/08/19 21:25:00",POAT110,1.281680
D,DISPATCH,UNIT_SCADA,1,"2019/08/19 21:25:00",POAT220,65.026960
D,DISPATCH,UNIT_SCADA,1,"2019/08/19 21:25:00",POR01,0
D,DISPATCH,UNIT_SCADA,1,"2019/08/19 21:25:00",POR03,0
D,DISPATCH,UNIT_SCADA,1,"2019/08/19 21:25:00",PPCCGT,498.366880
D,DISPATCH,UNIT_SCADA,1,"2019/08/19 21:25:00",PTSTAN1,0
D,DISPATCH,UNIT_SCADA,1,"2019/08/19 21:25:00",PUMP1,0
D,DISPATCH,UNIT_SCADA,1,"2019/08/19 21:25:00",PUMP2,0
D,DISPATCH,UNIT_SCADA,1,"2019/08/19 21:25:00",QPS1,29
D,DISPATCH,UNIT_SCADA,1,"2019/08/19 21:25:00",QPS2,0
D,DISPATCH,UNIT_SCADA,1,"2019/08/19 21:25:00",QPS3,24
D,DISPATCH,UNIT_SCADA,1,"2019/08/19 21:25:00",QPS4,24.20
D,DISPATCH,UNIT_SCADA,1,"2019/08/19 21:25:00",QPS5,0
D,DISPATCH,UNIT_SCADA,1,"2019/08/19 21:25:00",REECE1,114.310010
D,DISPATCH,UNIT_SCADA,1,"2019/08/19 21:25:00",REECE2,113.340010
D,DISPATCH,UNIT_SCADA,1,"2019/08/19 21:25:00",ROMA_7,0
D,DISPATCH,UNIT_SCADA,1,"2019/08/19 21:25:00",ROMA_8,0
D,DISPATCH,UNIT_SCADA,1,"2019/08/19 21:25:00",RRSF1,0
D,DISPATCH,UNIT_SCADA,1,"2019/08/19 21:25:00",RT_NSW1,0
D,DISPATCH,UNIT_SCADA,1,"2019/08/19 21:25:00",RT_NSW2,0
D,DISPATCH,UNIT_SCADA,1,"2019/08/19 21:25:00",RT_NSW3,0
D,DISPATCH,UNIT_SCADA,1,"2019/08/19 21:25:00",RT_NSW4,0
D,DISPATCH,UNIT_SCADA,1,"2019/08/19 21:25:00",RT_NSW5,0
D,DISPATCH,UNIT_SCADA,1,"2019/08/19 21:25:00",RT_NSW6,0
D,DISPATCH,UNIT_SCADA,1,"2019/08/19 21:25:00",RT_QLD1,0
D,DISPATCH,UNIT_SCADA,1,"2019/08/19 21:25:00",RT_SA1,0
D,DISPATCH,UNIT_SCADA,1,"2019/08/19 21:25:00",RT_SA2,0
D,DISPATCH,UNIT_SCADA,1,"2019/08/19 21:25:00",RT_SA3,0
D,DISPATCH,UNIT_SCADA,1,"2019/08/19 21:25:00",RT_SA4,0
D,DISPATCH,UNIT_SCADA,1,"2019/08/19 21:25:00",RT_SA5,0
D,DISPATCH,UNIT_SCADA,1,"2019/08/19 21:25:00",RT_SA6,0
D,DISPATCH,UNIT_SCADA,1,"2019/08/19 21:25:00",RT_TAS1,0
D,DISPATCH,UNIT_SCADA,1,"2019/08/19 21:25:00",RT_VIC1,0
D,DISPATCH,UNIT_SCADA,1,"2019/08/19 21:25:00",RT_VIC10,0
D,DISPATCH,UNIT_SCADA,1,"2019/08/19 21:25:00",RT_VIC11,0
D,DISPATCH,UNIT_SCADA,1,"2019/08/19 21:25:00",RT_VIC12,0
D,DISPATCH,UNIT_SCADA,1,"2019/08/19 21:25:00",RT_VIC2,0
D,DISPATCH,UNIT_SCADA,1,"2019/08/19 21:25:00",RT_VIC3,0
D,DISPATCH,UNIT_SCADA,1,"2019/08/19 21:25:00",RT_VIC4,0
D,DISPATCH,UNIT_SCADA,1,"2019/08/19 21:25:00",RT_VIC5,0
D,DISPATCH,UNIT_SCADA,1,"2019/08/19 21:25:00",RT_VIC6,0
D,DISPATCH,UNIT_SCADA,1,"2019/08/19 21:25:00",RT_VIC7,0
D,DISPATCH,UNIT_SCADA,1,"2019/08/19 21:25:00",RT_VIC8,0
D,DISPATCH,UNIT_SCADA,1,"2019/08/19 21:25:00",RT_VIC9,0
D,DISPATCH,UNIT_SCADA,1,"2019/08/19 21:25:00",RUGBYR1,0
D,DISPATCH,UNIT_SCADA,1,"2019/08/19 21:25:00",SALTCRK1,38.90
D,DISPATCH,UNIT_SCADA,1,"2019/08/19 21:25:00",SAPHWF1,230.943730
D,DISPATCH,UNIT_SCADA,1,"2019/08/19 21:25:00",SHGEN,0
D,DISPATCH,UNIT_SCADA,1,"2019/08/19 21:25:00",SHPUMP,0
D,DISPATCH,UNIT_SCADA,1,"2019/08/19 21:25:00",SITHE01,0.123710
D,DISPATCH,UNIT_SCADA,1,"2019/08/19 21:25:00",SMCSF1,0
D,DISPATCH,UNIT_SCADA,1,"2019/08/19 21:25:00",SNOWNTH1,19.90
D,DISPATCH,UNIT_SCADA,1,"2019/08/19 21:25:00",SNOWSTH1,26.70
D,DISPATCH,UNIT_SCADA,1,"2019/08/19 21:25:00",SNOWTWN1,17.237190
D,DISPATCH,UNIT_SCADA,1,"2019/08/19 21:25:00",SNOWYP,0
D,DISPATCH,UNIT_SCADA,1,"2019/08/19 21:25:00",SNUG1,0.019440
D,DISPATCH,UNIT_SCADA,1,"2019/08/19 21:25:00",SRSF1,0.30
D,DISPATCH,UNIT_SCADA,1,"2019/08/19 21:25:00",STAN-1,0
D,DISPATCH,UNIT_SCADA,1,"2019/08/19 21:25:00",STAN-2,346.349760
D,DISPATCH,UNIT_SCADA,1,"2019/08/19 21:25:00",STAN-3,345.580720
D,DISPATCH,UNIT_SCADA,1,"2019/08/19 21:25:00",STAN-4,347.4393
D,DISPATCH,UNIT_SCADA,1,"2019/08/19 21:25:00",STWF1,45.697510
D,DISPATCH,UNIT_SCADA,1,"2019/08/19 21:25:00",SWAN_E,0
D,DISPATCH,UNIT_SCADA,1,"2019/08/19 21:25:00",TALWA1,423
D,DISPATCH,UNIT_SCADA,1,"2019/08/19 21:25:00",TARALGA1,70.451230
D,DISPATCH,UNIT_SCADA,1,"2019/08/19 21:25:00",TARONG#1,345.899990
D,DISPATCH,UNIT_SCADA,1,"2019/08/19 21:25:00",TARONG#2,345.100010
D,DISPATCH,UNIT_SCADA,1,"2019/08/19 21:25:00",TARONG#3,260.200010
D,DISPATCH,UNIT_SCADA,1,"2019/08/19 21:25:00",TARONG#4,349.50
D,DISPATCH,UNIT_SCADA,1,"2019/08/19 21:25:00",TARRALEA,79.10
D,DISPATCH,UNIT_SCADA,1,"2019/08/19 21:25:00",TBSF1,-0.20
D,DISPATCH,UNIT_SCADA,1,"2019/08/19 21:25:00",TNPS1,442.000030
D,DISPATCH,UNIT_SCADA,1,"2019/08/19 21:25:00",TORRA1,96.613960
D,DISPATCH,UNIT_SCADA,1,"2019/08/19 21:25:00",TORRA2,0
D,DISPATCH,UNIT_SCADA,1,"2019/08/19 21:25:00",TORRA3,48.792180
D,DISPATCH,UNIT_SCADA,1,"2019/08/19 21:25:00",TORRA4,0
D,DISPATCH,UNIT_SCADA,1,"2019/08/19 21:25:00",TORRB1,108.68
D,DISPATCH,UNIT_SCADA,1,"2019/08/19 21:25:00",TORRB2,187.70
D,DISPATCH,UNIT_SCADA,1,"2019/08/19 21:25:00",TORRB3,0
D,DISPATCH,UNIT_SCADA,1,"2019/08/19 21:25:00",TORRB4,0
D,DISPATCH,UNIT_SCADA,1,"2019/08/19 21:25:00",TREVALLN,39.780010
D,DISPATCH,UNIT_SCADA,1,"2019/08/19 21:25:00",TRIBUTE,44.93
D,DISPATCH,UNIT_SCADA,1,"2019/08/19 21:25:00",TUMUT3,533.089970
D,DISPATCH,UNIT_SCADA,1,"2019/08/19 21:25:00",TUNGATIN,118.390040
D,DISPATCH,UNIT_SCADA,1,"2019/08/19 21:25:00",TVCC201,0
D,DISPATCH,UNIT_SCADA,1,"2019/08/19 21:25:00",TVPP104,57.885170
D,DISPATCH,UNIT_SCADA,1,"2019/08/19 21:25:00",UPPTUMUT,0
D,DISPATCH,UNIT_SCADA,1,"2019/08/19 21:25:00",URANQ11,0
D,DISPATCH,UNIT_SCADA,1,"2019/08/19 21:25:00",URANQ12,0
D,DISPATCH,UNIT_SCADA,1,"2019/08/19 21:25:00",URANQ13,0
D,DISPATCH,UNIT_SCADA,1,"2019/08/19 21:25:00",URANQ14,0
D,DISPATCH,UNIT_SCADA,1,"2019/08/19 21:25:00",VP5,589.849980
D,DISPATCH,UNIT_SCADA,1,"2019/08/19 21:25:00",VP6,546.549990
D,DISPATCH,UNIT_SCADA,1,"2019/08/19 21:25:00",VPGS1,0
D,DISPATCH,UNIT_SCADA,1,"2019/08/19 21:25:00",VPGS2,0
D,DISPATCH,UNIT_SCADA,1,"2019/08/19 21:25:00",VPGS3,0
D,DISPATCH,UNIT_SCADA,1,"2019/08/19 21:25:00",VPGS4,0
D,DISPATCH,UNIT_SCADA,1,"2019/08/19 21:25:00",VPGS5,0
D,DISPATCH,UNIT_SCADA,1,"2019/08/19 21:25:00",VPGS6,0
D,DISPATCH,UNIT_SCADA,1,"2019/08/19 21:25:00",W/HOE#1,203.239990
D,DISPATCH,UNIT_SCADA,1,"2019/08/19 21:25:00",W/HOE#2,0
D,DISPATCH,UNIT_SCADA,1,"2019/08/19 21:25:00",WATERLWF,77.10
D,DISPATCH,UNIT_SCADA,1,"2019/08/19 21:25:00",WEMENSF1,0
D,DISPATCH,UNIT_SCADA,1,"2019/08/19 21:25:00",WGWF1,48.30
D,DISPATCH,UNIT_SCADA,1,"2019/08/19 21:25:00",WHITSF1,0
D,DISPATCH,UNIT_SCADA,1,"2019/08/19 21:25:00",WKIEWA1,0
D,DISPATCH,UNIT_SCADA,1,"2019/08/19 21:25:00",WKIEWA2,15.10
D,DISPATCH,UNIT_SCADA,1,"2019/08/19 21:25:00",WOODLWN1,44.73
D,DISPATCH,UNIT_SCADA,1,"2019/08/19 21:25:00",WRSF1,0
D,DISPATCH,UNIT_SCADA,1,"2019/08/19 21:25:00",WRWF1,140.489990
D,DISPATCH,UNIT_SCADA,1,"2019/08/19 21:25:00",YABULU,0
D,DISPATCH,UNIT_SCADA,1,"2019/08/19 21:25:00",YABULU2,0
D,DISPATCH,UNIT_SCADA,1,"2019/08/19 21:25:00",YARWUN_1,0
D,DISPATCH,UNIT_SCADA,1,"2019/08/19 21:25:00",YENDWF1,41.90
D,DISPATCH,UNIT_SCADA,1,"2019/08/19 21:25:00",YWPS1,360.650630
D,DISPATCH,UNIT_SCADA,1,"2019/08/19 21:25:00",YWPS2,279.194950
D,DISPATCH,UNIT_SCADA,1,"2019/08/19 21:25:00",YWPS3,0
D,DISPATCH,UNIT_SCADA,1,"2019/08/19 21:25:00",YWPS4,394.108860
C,"END OF REPORT",334
