C,NEMP.WORLD,DISPATCHSCADA,AEMO,PUBLIC,2019/08/20,17:20:08,0000000311794567,DISPATCHSCADA,0000000311794561
I,DISPATCH,UNIT_SCADA,1,SETTLEMENTDATE,DUID,SCADAVALUE
D,DISPATCH,UNIT_SCADA,1,"2019/08/20 17:25:00",BARCSF1,7.40
D,DISPATCH,UNIT_SCADA,1,"2019/08/20 17:25:00",BUTLERSG,9.699999
D,DISPATCH,UNIT_SCADA,1,"2019/08/20 17:25:00",CALL_A_4,0
D,DISPATCH,UNIT_SCADA,1,"2019/08/20 17:25:00",CAPTL_WF,122.676003
D,DISPATCH,UNIT_SCADA,1,"2019/08/20 17:25:00",CATHROCK,50.419998
D,DISPATCH,UNIT_SCADA,1,"2019/08/20 17:25:00",CHALLHWF,46.800003
D,DISPATCH,UNIT_SCADA,1,"2019/08/20 17:25:00",CLOVER,0
D,DISPATCH,UNIT_SCADA,1,"2019/08/20 17:25:00",CLUNY,18.097048
D,DISPATCH,UNIT_SCADA,1,"2019/08/20 17:25:00",CNUNDAWF,41.748703
D,DISPATCH,UNIT_SCADA,1,"2019/08/20 17:25:00",CULLRGWF,22.32
D,DISPATCH,UNIT_SCADA,1,"2019/08/20 17:25:00",ERGT01,0
D,DISPATCH,UNIT_SCADA,1,"2019/08/20 17:25:00",GB01,0.068146
D,DISPATCH,UNIT_SCADA,1,"2019/08/20 17:25:00",GERMCRK,24.700001
D,DISPATCH,UNIT_SCADA,1,"2019/08/20 17:25:00",GRIFSF1,1.50
D,DISPATCH,UNIT_SCADA,1,"2019/08/20 17:25:00",HUGSF1,3.1140
D,DISPATCH,UNIT_SCADA,1,"2019/08/20 17:25:00",LKBONNY1,75.019867
D,DISPATCH,UNIT_SCADA,1,"2019/08/20 17:25:00",LRSF1,4.9590
D,DISPATCH,UNIT_SCADA,1,"2019/08/20 17:25:00",MBAHNTH,52.425003
D,DISPATCH,UNIT_SCADA,1,"2019/08/20 17:25:00",MLSP1,0.283001
D,DISPATCH,UNIT_SCADA,1,"2019/08/20 17:25:00",MLWF1,19.754999
D,DISPATCH,UNIT_SCADA,1,"2019/08/20 17:25:00",MTMILLAR,34.393742
D,DISPATCH,UNIT_SCADA,1,"2019/08/20 17:25:00",PALOONA,12.29
D,DISPATCH,UNIT_SCADA,1,"2019/08/20 17:25:00",PIONEER,10.80
D,DISPATCH,UNIT_SCADA,1,"2019/08/20 17:25:00",PORTWF,133.100006
D,DISPATCH,UNIT_SCADA,1,"2019/08/20 17:25:00",REPULSE,29.216145
D,DISPATCH,UNIT_SCADA,1,"2019/08/20 17:25:00",ROWALLAN,9.9471
D,DISPATCH,UNIT_SCADA,1,"2019/08/20 17:25:00",ROYALLA1,0.2050
D,DISPATCH,UNIT_SCADA,1,"2019/08/20 17:25:00",RPCG,11.70
D,DISPATCH,UNIT_SCADA,1,"2019/08/20 17:25:00",RUBICON,0
D,DISPATCH,UNIT_SCADA,1,"2019/08/20 17:25:00",SATGN1,0
D,DISPATCH,UNIT_SCADA,1,"2019/08/20 17:25:00",SATGS1,0
D,DISPATCH,UNIT_SCADA,1,"2019/08/20 17:25:00",STARHLWF,30.491108
D,DISPATCH,UNIT_SCADA,1,"2019/08/20 17:25:00",WAUBRAWF,164.770004
D,DISPATCH,UNIT_SCADA,1,"2019/08/20 17:25:00",WOOLNTH1,65.290016
D,DISPATCH,UNIT_SCADA,1,"2019/08/20 17:25:00",WPWF,45
D,DISPATCH,UNIT_SCADA,1,"2019/08/20 17:25:00",YAMBUKWF,29
D,DISPATCH,UNIT_SCADA,1,"2019/08/20 17:25:00",YSWF1,28.40
D,DISPATCH,UNIT_SCADA,1,"2019/08/20 17:25:00",AGLHAL,0
D,DISPATCH,UNIT_SCADA,1,"2019/08/20 17:25:00",AGLSOM,40.10
D,DISPATCH,UNIT_SCADA,1,"2019/08/20 17:25:00",ANGAST1,0
D,DISPATCH,UNIT_SCADA,1,"2019/08/20 17:25:00",ARWF1,92.60
D,DISPATCH,UNIT_SCADA,1,"2019/08/20 17:25:00",BALBG1,0
D,DISPATCH,UNIT_SCADA,1,"2019/08/20 17:25:00",BALBL1,27.84
D,DISPATCH,UNIT_SCADA,1,"2019/08/20 17:25:00",BALDHWF1,103.0720
D,DISPATCH,UNIT_SCADA,1,"2019/08/20 17:25:00",BANN1,3.80
D,DISPATCH,UNIT_SCADA,1,"2019/08/20 17:25:00",BARCALDN,0
D,DISPATCH,UNIT_SCADA,1,"2019/08/20 17:25:00",BARRON-1,0
D,DISPATCH,UNIT_SCADA,1,"2019/08/20 17:25:00",BARRON-2,25.44
D,DISPATCH,UNIT_SCADA,1,"2019/08/20 17:25:00",BASTYAN,80.750010
D,DISPATCH,UNIT_SCADA,1,"2019/08/20 17:25:00",BBTHREE1,-1.70
D,DISPATCH,UNIT_SCADA,1,"2019/08/20 17:25:00",BBTHREE2,-1.97
D,DISPATCH,UNIT_SCADA,1,"2019/08/20 17:25:00",BBTHREE3,0
D,DISPATCH,UNIT_SCADA,1,"2019/08/20 17:25:00",BDL01,0
D,DISPATCH,UNIT_SCADA,1,"2019/08/20 17:25:00",BDL02,1.74
D,DISPATCH,UNIT_SCADA,1,"2019/08/20 17:25:00",BERYLSF1,1.601350
D,DISPATCH,UNIT_SCADA,1,"2019/08/20 17:25:00",BLOWERNG,0
D,DISPATCH,UNIT_SCADA,1,"2019/08/20 17:25:00",BLUFF1,47.70
D,DISPATCH,UNIT_SCADA,1,"2019/08/20 17:25:00",BNGSF1,49.07
D,DISPATCH,UNIT_SCADA,1,"2019/08/20 17:25:00",BNGSF2,10.65
D,DISPATCH,UNIT_SCADA,1,"2019/08/20 17:25:00",BOCORWF1,109.31
D,DISPATCH,UNIT_SCADA,1,"2019/08/20 17:25:00",BODWF1,70.0218
D,DISPATCH,UNIT_SCADA,1,"2019/08/20 17:25:00",BRAEMAR1,0
D,DISPATCH,UNIT_SCADA,1,"2019/08/20 17:25:00",BRAEMAR2,173
D,DISPATCH,UNIT_SCADA,1,"2019/08/20 17:25:00",BRAEMAR3,0
D,DISPATCH,UNIT_SCADA,1,"2019/08/20 17:25:00",BRAEMAR5,0
D,DISPATCH,UNIT_SCADA,1,"2019/08/20 17:25:00",BRAEMAR6,160.1994
D,DISPATCH,UNIT_SCADA,1,"2019/08/20 17:25:00",BRAEMAR7,0
D,DISPATCH,UNIT_SCADA,1,"2019/08/20 17:25:00",BROKENH1,11.775390
D,DISPATCH,UNIT_SCADA,1,"2019/08/20 17:25:00",BW01,642.150020
D,DISPATCH,UNIT_SCADA,1,"2019/08/20 17:25:00",BW02,666.075070
D,DISPATCH,UNIT_SCADA,1,"2019/08/20 17:25:00",BW03,661.275020
D,DISPATCH,UNIT_SCADA,1,"2019/08/20 17:25:00",BW04,0
D,DISPATCH,UNIT_SCADA,1,"2019/08/20 17:25:00",CALL_B_1,349.899990
D,DISPATCH,UNIT_SCADA,1,"2019/08/20 17:25:00",CALL_B_2,295.399990
D,DISPATCH,UNIT_SCADA,1,"2019/08/20 17:25:00",CETHANA,94.651880
D,DISPATCH,UNIT_SCADA,1,"2019/08/20 17:25:00",CG1,0
D,DISPATCH,UNIT_SCADA,1,"2019/08/20 17:25:00",CG2,0
D,DISPATCH,UNIT_SCADA,1,"2019/08/20 17:25:00",CG3,0
D,DISPATCH,UNIT_SCADA,1,"2019/08/20 17:25:00",CG4,0
D,DISPATCH,UNIT_SCADA,1,"2019/08/20 17:25:00",CHILDSF1,0.62
D,DISPATCH,UNIT_SCADA,1,"2019/08/20 17:25:00",CLARESF1,7.404540
D,DISPATCH,UNIT_SCADA,1,"2019/08/20 17:25:00",CLEMGPWF,14.695140
D,DISPATCH,UNIT_SCADA,1,"2019/08/20 17:25:00",CLERMSF1,11.94
D,DISPATCH,UNIT_SCADA,1,"2019/08/20 17:25:00",COLEASF1,7.199990
D,DISPATCH,UNIT_SCADA,1,"2019/08/20 17:25:00",COOPGWF1,24.349180
D,DISPATCH,UNIT_SCADA,1,"2019/08/20 17:25:00",CPP_3,405.899990
D,DISPATCH,UNIT_SCADA,1,"2019/08/20 17:25:00",CPP_4,405.899990
D,DISPATCH,UNIT_SCADA,1,"2019/08/20 17:25:00",CPSA,143.703130
D,DISPATCH,UNIT_SCADA,1,"2019/08/20 17:25:00",CROOKWF2,53.403750
D,DISPATCH,UNIT_SCADA,1,"2019/08/20 17:25:00",CROWLWF1,47.437820
D,DISPATCH,UNIT_SCADA,1,"2019/08/20 17:25:00",CSPVPS1,3.8190
D,DISPATCH,UNIT_SCADA,1,"2019/08/20 17:25:00",DALNTH01,0
D,DISPATCH,UNIT_SCADA,1,"2019/08/20 17:25:00",DALNTHL1,0.083920
D,DISPATCH,UNIT_SCADA,1,"2019/08/20 17:25:00",DARTM1,134.50
D,DISPATCH,UNIT_SCADA,1,"2019/08/20 17:25:00",DAYDSF1,27.6650
D,DISPATCH,UNIT_SCADA,1,"2019/08/20 17:25:00",DDPS1,343.5105
D,DISPATCH,UNIT_SCADA,1,"2019/08/20 17:25:00",DDSF1,3.4441
D,DISPATCH,UNIT_SCADA,1,"2019/08/20 17:25:00",DEVILS_G,60.792870
D,DISPATCH,UNIT_SCADA,1,"2019/08/20 17:25:00",DG_NSW1,0
D,DISPATCH,UNIT_SCADA,1,"2019/08/20 17:25:00",DG_QLD1,0
D,DISPATCH,UNIT_SCADA,1,"2019/08/20 17:25:00",DG_SA1,0
D,DISPATCH,UNIT_SCADA,1,"2019/08/20 17:25:00",DG_TAS1,0
D,DISPATCH,UNIT_SCADA,1,"2019/08/20 17:25:00",DG_VIC1,0
D,DISPATCH,UNIT_SCADA,1,"2019/08/20 17:25:00",DRYCGT1,0
D,DISPATCH,UNIT_SCADA,1,"2019/08/20 17:25:00",DRYCGT2,0
D,DISPATCH,UNIT_SCADA,1,"2019/08/20 17:25:00",DRYCGT3,0
D,DISPATCH,UNIT_SCADA,1,"2019/08/20 17:25:00",EILDON1,0
D,DISPATCH,UNIT_SCADA,1,"2019/08/20 17:25:00",EILDON2,0
D,DISPATCH,UNIT_SCADA,1,"2019/08/20 17:25:00",EMERASF1,8.35
D,DISPATCH,UNIT_SCADA,1,"2019/08/20 17:25:00",ER01,500.199950
D,DISPATCH,UNIT_SCADA,1,"2019/08/20 17:25:00",ER02,499.300050
D,DISPATCH,UNIT_SCADA,1,"2019/08/20 17:25:00",ER03,698.324950
D,DISPATCH,UNIT_SCADA,1,"2019/08/20 17:25:00",ER04,502.275020
D,DISPATCH,UNIT_SCADA,1,"2019/08/20 17:25:00",FINLYSF1,0
D,DISPATCH,UNIT_SCADA,1,"2019/08/20 17:25:00",FISHER,46.01
D,DISPATCH,UNIT_SCADA,1,"2019/08/20 17:25:00",GANNBG1,0.997820
D,DISPATCH,UNIT_SCADA,1,"2019/08/20 17:25:00",GANNBL1,0
D,DISPATCH,UNIT_SCADA,1,"2019/08/20 17:25:00",GANNSF1,1.10
D,DISPATCH,UNIT_SCADA,1,"2019/08/20 17:25:00",GORDON,10.269280
D,DISPATCH,UNIT_SCADA,1,"2019/08/20 17:25:00",GSTONE1,259.524990
D,DISPATCH,UNIT_SCADA,1,"2019/08/20 17:25:00",GSTONE2,229.599990
D,DISPATCH,UNIT_SCADA,1,"2019/08/20 17:25:00",GSTONE3,203
D,DISPATCH,UNIT_SCADA,1,"2019/08/20 17:25:00",GSTONE4,220.50
D,DISPATCH,UNIT_SCADA,1,"2019/08/20 17:25:00",GSTONE5,208.4250
D,DISPATCH,UNIT_SCADA,1,"2019/08/20 17:25:00",GSTONE6,0
D,DISPATCH,UNIT_SCADA,1,"2019/08/20 17:25:00",GULLRSF1,0
D,DISPATCH,UNIT_SCADA,1,"2019/08/20 17:25:00",GULLRWF1,143.949520
D,DISPATCH,UNIT_SCADA,1,"2019/08/20 17:25:00",GUNNING1,46.565070
D,DISPATCH,UNIT_SCADA,1,"2019/08/20 17:25:00",GUTHEGA,0
D,DISPATCH,UNIT_SCADA,1,"2019/08/20 17:25:00",HALLWF1,91.62
D,DISPATCH,UNIT_SCADA,1,"2019/08/20 17:25:00",HALLWF2,66.06
D,DISPATCH,UNIT_SCADA,1,"2019/08/20 17:25:00",HAMISF1,9.20
D,DISPATCH,UNIT_SCADA,1,"2019/08/20 17:25:00",HAUGHT11,21.707780
D,DISPATCH,UNIT_SCADA,1,"2019/08/20 17:25:00",HAYMSF1,9.4550
D,DISPATCH,UNIT_SCADA,1,"2019/08/20 17:25:00",HDWF1,61.50
D,DISPATCH,UNIT_SCADA,1,"2019/08/20 17:25:00",HDWF2,42.50
D,DISPATCH,UNIT_SCADA,1,"2019/08/20 17:25:00",HDWF3,56.40
D,DISPATCH,UNIT_SCADA,1,"2019/08/20 17:25:00",HPRG1,0
D,DISPATCH,UNIT_SCADA,1,"2019/08/20 17:25:00",HPRL1,3
D,DISPATCH,UNIT_SCADA,1,"2019/08/20 17:25:00",HUMENSW,0
D,DISPATCH,UNIT_SCADA,1,"2019/08/20 17:25:00",HUMEV,8.40
D,DISPATCH,UNIT_SCADA,1,"2019/08/20 17:25:00",HVGTS,0
D,DISPATCH,UNIT_SCADA,1,"2019/08/20 17:25:00",JBUTTERS,133.08
D,DISPATCH,UNIT_SCADA,1,"2019/08/20 17:25:00",JLA01,0.50
D,DISPATCH,UNIT_SCADA,1,"2019/08/20 17:25:00",JLA02,0
D,DISPATCH,UNIT_SCADA,1,"2019/08/20 17:25:00",JLA03,0.10
D,DISPATCH,UNIT_SCADA,1,"2019/08/20 17:25:00",JLA04,0.10
D,DISPATCH,UNIT_SCADA,1,"2019/08/20 17:25:00",JLB01,0
D,DISPATCH,UNIT_SCADA,1,"2019/08/20 17:25:00",JLB02,0.10
D,DISPATCH,UNIT_SCADA,1,"2019/08/20 17:25:00",JLB03,0
D,DISPATCH,UNIT_SCADA,1,"2019/08/20 17:25:00",KAREEYA1,21.5825
D,DISPATCH,UNIT_SCADA,1,"2019/08/20 17:25:00",KAREEYA2,21.7925
D,DISPATCH,UNIT_SCADA,1,"2019/08/20 17:25:00",KAREEYA3,0
D,DISPATCH,UNIT_SCADA,1,"2019/08/20 17:25:00",KAREEYA4,21.6325
D,DISPATCH,UNIT_SCADA,1,"2019/08/20 17:25:00",KARSF1,4.80
D,DISPATCH,UNIT_SCADA,1,"2019/08/20 17:25:00",KIATAWF1,30.90
D,DISPATCH,UNIT_SCADA,1,"2019/08/20 17:25:00",KPP_1,0
D,DISPATCH,UNIT_SCADA,1,"2019/08/20 17:25:00",KSP1,19.07
D,DISPATCH,UNIT_SCADA,1,"2019/08/20 17:25:00",LADBROK1,0
D,DISPATCH,UNIT_SCADA,1,"2019/08/20 17:25:00",LADBROK2,0
D,DISPATCH,UNIT_SCADA,1,"2019/08/20 17:25:00",LD01,418.912450
D,DISPATCH,UNIT_SCADA,1,"2019/08/20 17:25:00",LD02,418.443790
D,DISPATCH,UNIT_SCADA,1,"2019/08/20 17:25:00",LD03,422.287450
D,DISPATCH,UNIT_SCADA,1,"2019/08/20 17:25:00",LD04,379.3688
D,DISPATCH,UNIT_SCADA,1,"2019/08/20 17:25:00",LEM_WIL,85.503950
D,DISPATCH,UNIT_SCADA,1,"2019/08/20 17:25:00",LGAPWF1,27.78
D,DISPATCH,UNIT_SCADA,1,"2019/08/20 17:25:00",LILYSF1,9.1095
D,DISPATCH,UNIT_SCADA,1,"2019/08/20 17:25:00",LI_WY_CA,148.741270
D,DISPATCH,UNIT_SCADA,1,"2019/08/20 17:25:00",LKBONNY2,153.058560
D,DISPATCH,UNIT_SCADA,1,"2019/08/20 17:25:00",LKBONNY3,37.847330
D,DISPATCH,UNIT_SCADA,1,"2019/08/20 17:25:00",LK_ECHO,0
D,DISPATCH,UNIT_SCADA,1,"2019/08/20 17:25:00",LNGS1,0
D,DISPATCH,UNIT_SCADA,1,"2019/08/20 17:25:00",LNGS2,0
D,DISPATCH,UNIT_SCADA,1,"2019/08/20 17:25:00",LONSDALE,0
D,DISPATCH,UNIT_SCADA,1,"2019/08/20 17:25:00",LOYYB1,535.712650
D,DISPATCH,UNIT_SCADA,1,"2019/08/20 17:25:00",LOYYB2,582.330380
D,DISPATCH,UNIT_SCADA,1,"2019/08/20 17:25:00",LYA1,559
D,DISPATCH,UNIT_SCADA,1,"2019/08/20 17:25:00",LYA2,0
D,DISPATCH,UNIT_SCADA,1,"2019/08/20 17:25:00",LYA3,561
D,DISPATCH,UNIT_SCADA,1,"2019/08/20 17:25:00",LYA4,539
D,DISPATCH,UNIT_SCADA,1,"2019/08/20 17:25:00",MACARTH1,312.692780
D,DISPATCH,UNIT_SCADA,1,"2019/08/20 17:25:00",MACKAYGT,0
D,DISPATCH,UNIT_SCADA,1,"2019/08/20 17:25:00",MACKNTSH,85.500010
D,DISPATCH,UNIT_SCADA,1,"2019/08/20 17:25:00",MANSLR1,3.4610
D,DISPATCH,UNIT_SCADA,1,"2019/08/20 17:25:00",MCKAY1,0.02
D,DISPATCH,UNIT_SCADA,1,"2019/08/20 17:25:00",MEADOWBK,34.095940
D,DISPATCH,UNIT_SCADA,1,"2019/08/20 17:25:00",MERCER01,122.4270
D,DISPATCH,UNIT_SCADA,1,"2019/08/20 17:25:00",MEWF1,25.274370
D,DISPATCH,UNIT_SCADA,1,"2019/08/20 17:25:00",MINTARO,0
D,DISPATCH,UNIT_SCADA,1,"2019/08/20 17:25:00",MOREESF1,0.9840
D,DISPATCH,UNIT_SCADA,1,"2019/08/20 17:25:00",MORTLK11,260
D,DISPATCH,UNIT_SCADA,1,"2019/08/20 17:25:00",MORTLK12,0
D,DISPATCH,UNIT_SCADA,1,"2019/08/20 17:25:00",MP1,276.849980
D,DISPATCH,UNIT_SCADA,1,"2019/08/20 17:25:00",MP2,0
D,DISPATCH,UNIT_SCADA,1,"2019/08/20 17:25:00",MPP_1,412.25
D,DISPATCH,UNIT_SCADA,1,"2019/08/20 17:25:00",MPP_2,434.50
D,DISPATCH,UNIT_SCADA,1,"2019/08/20 17:25:00",MSTUART1,0
D,DISPATCH,UNIT_SCADA,1,"2019/08/20 17:25:00",MSTUART2,0
D,DISPATCH,UNIT_SCADA,1,"2019/08/20 17:25:00",MSTUART3,0
D,DISPATCH,UNIT_SCADA,1,"2019/08/20 17:25:00",MTGELWF1,64.789270
D,DISPATCH,UNIT_SCADA,1,"2019/08/20 17:25:00",MURRAY,0
D,DISPATCH,UNIT_SCADA,1,"2019/08/20 17:25:00",MUSSELR1,103.30
D,DISPATCH,UNIT_SCADA,1,"2019/08/20 17:25:00",MUWAWF1,54.89
D,DISPATCH,UNIT_SCADA,1,"2019/08/20 17:25:00",NBHWF1,106.50
D,DISPATCH,UNIT_SCADA,1,"2019/08/20 17:25:00",NPS,292.1250
D,DISPATCH,UNIT_SCADA,1,"2019/08/20 17:25:00",NUMURSF1,0.81
D,DISPATCH,UNIT_SCADA,1,"2019/08/20 17:25:00",NYNGAN1,7.75
D,DISPATCH,UNIT_SCADA,1,"2019/08/20 17:25:00",OAKEY1,0
D,DISPATCH,UNIT_SCADA,1,"2019/08/20 17:25:00",OAKEY1SF,0.4890
D,DISPATCH,UNIT_SCADA,1,"2019/08/20 17:25:00",OAKEY2,0
D,DISPATCH,UNIT_SCADA,1,"2019/08/20 17:25:00",OAKLAND1,62.10
D,DISPATCH,UNIT_SCADA,1,"2019/08/20 17:25:00",OSB-AG,183.42
D,DISPATCH,UNIT_SCADA,1,"2019/08/20 17:25:00",PARSF1,4
D,DISPATCH,UNIT_SCADA,1,"2019/08/20 17:25:00",POAT110,0
D,DISPATCH,UNIT_SCADA,1,"2019/08/20 17:25:00",POAT220,0.76
D,DISPATCH,UNIT_SCADA,1,"2019/08/20 17:25:00",POR01,0
D,DISPATCH,UNIT_SCADA,1,"2019/08/20 17:25:00",POR03,0
D,DISPATCH,UNIT_SCADA,1,"2019/08/20 17:25:00",PPCCGT,399.0434
D,DISPATCH,UNIT_SCADA,1,"2019/08/20 17:25:00",PTSTAN1,0
D,DISPATCH,UNIT_SCADA,1,"2019/08/20 17:25:00",PUMP1,0
D,DISPATCH,UNIT_SCADA,1,"2019/08/20 17:25:00",PUMP2,0
D,DISPATCH,UNIT_SCADA,1,"2019/08/20 17:25:00",QPS1,0
D,DISPATCH,UNIT_SCADA,1,"2019/08/20 17:25:00",QPS2,0
D,DISPATCH,UNIT_SCADA,1,"2019/08/20 17:25:00",QPS3,0
D,DISPATCH,UNIT_SCADA,1,"2019/08/20 17:25:00",QPS4,0
D,DISPATCH,UNIT_SCADA,1,"2019/08/20 17:25:00",QPS5,0
D,DISPATCH,UNIT_SCADA,1,"2019/08/20 17:25:00",REECE1,116.520010
D,DISPATCH,UNIT_SCADA,1,"2019/08/20 17:25:00",REECE2,116.870010
D,DISPATCH,UNIT_SCADA,1,"2019/08/20 17:25:00",ROMA_7,0
D,DISPATCH,UNIT_SCADA,1,"2019/08/20 17:25:00",ROMA_8,0
D,DISPATCH,UNIT_SCADA,1,"2019/08/20 17:25:00",RRSF1,16.546250
D,DISPATCH,UNIT_SCADA,1,"2019/08/20 17:25:00",RT_NSW1,0
D,DISPATCH,UNIT_SCADA,1,"2019/08/20 17:25:00",RT_NSW2,0
D,DISPATCH,UNIT_SCADA,1,"2019/08/20 17:25:00",RT_NSW3,0
D,DISPATCH,UNIT_SCADA,1,"2019/08/20 17:25:00",RT_NSW4,0
D,DISPATCH,UNIT_SCADA,1,"2019/08/20 17:25:00",RT_NSW5,0
D,DISPATCH,UNIT_SCADA,1,"2019/08/20 17:25:00",RT_NSW6,0
D,DISPATCH,UNIT_SCADA,1,"2019/08/20 17:25:00",RT_QLD1,0
D,DISPATCH,UNIT_SCADA,1,"2019/08/20 17:25:00",RT_SA1,0
D,DISPATCH,UNIT_SCADA,1,"2019/08/20 17:25:00",RT_SA2,0
D,DISPATCH,UNIT_SCADA,1,"2019/08/20 17:25:00",RT_SA3,0
D,DISPATCH,UNIT_SCADA,1,"2019/08/20 17:25:00",RT_SA4,0
D,DISPATCH,UNIT_SCADA,1,"2019/08/20 17:25:00",RT_SA5,0
D,DISPATCH,UNIT_SCADA,1,"2019/08/20 17:25:00",RT_SA6,0
D,DISPATCH,UNIT_SCADA,1,"2019/08/20 17:25:00",RT_TAS1,0
D,DISPATCH,UNIT_SCADA,1,"2019/08/20 17:25:00",RT_VIC1,0
D,DISPATCH,UNIT_SCADA,1,"2019/08/20 17:25:00",RT_VIC10,0
D,DISPATCH,UNIT_SCADA,1,"2019/08/20 17:25:00",RT_VIC11,0
D,DISPATCH,UNIT_SCADA,1,"2019/08/20 17:25:00",RT_VIC12,0
D,DISPATCH,UNIT_SCADA,1,"2019/08/20 17:25:00",RT_VIC2,0
D,DISPATCH,UNIT_SCADA,1,"2019/08/20 17:25:00",RT_VIC3,0
D,DISPATCH,UNIT_SCADA,1,"2019/08/20 17:25:00",RT_VIC4,0
D,DISPATCH,UNIT_SCADA,1,"2019/08/20 17:25:00",RT_VIC5,0
D,DISPATCH,UNIT_SCADA,1,"2019/08/20 17:25:00",RT_VIC6,0
D,DISPATCH,UNIT_SCADA,1,"2019/08/20 17:25:00",RT_VIC7,0
D,DISPATCH,UNIT_SCADA,1,"2019/08/20 17:25:00",RT_VIC8,0
D,DISPATCH,UNIT_SCADA,1,"2019/08/20 17:25:00",RT_VIC9,0
D,DISPATCH,UNIT_SCADA,1,"2019/08/20 17:25:00",RUGBYR1,12.446210
D,DISPATCH,UNIT_SCADA,1,"2019/08/20 17:25:00",SALTCRK1,52.34
D,DISPATCH,UNIT_SCADA,1,"2019/08/20 17:25:00",SAPHWF1,133.228120
D,DISPATCH,UNIT_SCADA,1,"2019/08/20 17:25:00",SHGEN,0
D,DISPATCH,UNIT_SCADA,1,"2019/08/20 17:25:00",SHPUMP,0
D,DISPATCH,UNIT_SCADA,1,"2019/08/20 17:25:00",SITHE01,0.005650
D,DISPATCH,UNIT_SCADA,1,"2019/08/20 17:25:00",SMCSF1,9.610090
D,DISPATCH,UNIT_SCADA,1,"2019/08/20 17:25:00",SNOWNTH1,95.50
D,DISPATCH,UNIT_SCADA,1,"2019/08/20 17:25:00",SNOWSTH1,117.600010
D,DISPATCH,UNIT_SCADA,1,"2019/08/20 17:25:00",SNOWTWN1,81.998190
D,DISPATCH,UNIT_SCADA,1,"2019/08/20 17:25:00",SNOWYP,0
D,DISPATCH,UNIT_SCADA,1,"2019/08/20 17:25:00",SNUG1,0.019440
D,DISPATCH,UNIT_SCADA,1,"2019/08/20 17:25:00",SRSF1,1.08
D,DISPATCH,UNIT_SCADA,1,"2019/08/20 17:25:00",STAN-1,0
D,DISPATCH,UNIT_SCADA,1,"2019/08/20 17:25:00",STAN-2,326.9180
D,DISPATCH,UNIT_SCADA,1,"2019/08/20 17:25:00",STAN-3,326.482180
D,DISPATCH,UNIT_SCADA,1,"2019/08/20 17:25:00",STAN-4,324.905610
D,DISPATCH,UNIT_SCADA,1,"2019/08/20 17:25:00",STWF1,16.368740
D,DISPATCH,UNIT_SCADA,1,"2019/08/20 17:25:00",SWAN_E,0
D,DISPATCH,UNIT_SCADA,1,"2019/08/20 17:25:00",TALWA1,415
D,DISPATCH,UNIT_SCADA,1,"2019/08/20 17:25:00",TARALGA1,99.356230
D,DISPATCH,UNIT_SCADA,1,"2019/08/20 17:25:00",TARONG#1,338.50
D,DISPATCH,UNIT_SCADA,1,"2019/08/20 17:25:00",TARONG#2,339.700010
D,DISPATCH,UNIT_SCADA,1,"2019/08/20 17:25:00",TARONG#3,259.300020
D,DISPATCH,UNIT_SCADA,1,"2019/08/20 17:25:00",TARONG#4,348.600010
D,DISPATCH,UNIT_SCADA,1,"2019/08/20 17:25:00",TARRALEA,85.10
D,DISPATCH,UNIT_SCADA,1,"2019/08/20 17:25:00",TBSF1,7.40
D,DISPATCH,UNIT_SCADA,1,"2019/08/20 17:25:00",TNPS1,441.700010
D,DISPATCH,UNIT_SCADA,1,"2019/08/20 17:25:00",TORRA1,60.144410
D,DISPATCH,UNIT_SCADA,1,"2019/08/20 17:25:00",TORRA2,0
D,DISPATCH,UNIT_SCADA,1,"2019/08/20 17:25:00",TORRA3,0
D,DISPATCH,UNIT_SCADA,1,"2019/08/20 17:25:00",TORRA4,0
D,DISPATCH,UNIT_SCADA,1,"2019/08/20 17:25:00",TORRB1,61.03
D,DISPATCH,UNIT_SCADA,1,"2019/08/20 17:25:00",TORRB2,60.66
D,DISPATCH,UNIT_SCADA,1,"2019/08/20 17:25:00",TORRB3,0
D,DISPATCH,UNIT_SCADA,1,"2019/08/20 17:25:00",TORRB4,0
D,DISPATCH,UNIT_SCADA,1,"2019/08/20 17:25:00",TREVALLN,68.560010
D,DISPATCH,UNIT_SCADA,1,"2019/08/20 17:25:00",TRIBUTE,71.01
D,DISPATCH,UNIT_SCADA,1,"2019/08/20 17:25:00",TUMUT3,301.22
D,DISPATCH,UNIT_SCADA,1,"2019/08/20 17:25:00",TUNGATIN,121.890040
D,DISPATCH,UNIT_SCADA,1,"2019/08/20 17:25:00",TVCC201,0
D,DISPATCH,UNIT_SCADA,1,"2019/08/20 17:25:00",TVPP104,0
D,DISPATCH,UNIT_SCADA,1,"2019/08/20 17:25:00",UPPTUMUT,0
D,DISPATCH,UNIT_SCADA,1,"2019/08/20 17:25:00",URANQ11,0
D,DISPATCH,UNIT_SCADA,1,"2019/08/20 17:25:00",URANQ12,0
D,DISPATCH,UNIT_SCADA,1,"2019/08/20 17:25:00",URANQ13,0
D,DISPATCH,UNIT_SCADA,1,"2019/08/20 17:25:00",URANQ14,0
D,DISPATCH,UNIT_SCADA,1,"2019/08/20 17:25:00",VP5,584.775020
D,DISPATCH,UNIT_SCADA,1,"2019/08/20 17:25:00",VP6,564.274960
D,DISPATCH,UNIT_SCADA,1,"2019/08/20 17:25:00",VPGS1,0
D,DISPATCH,UNIT_SCADA,1,"2019/08/20 17:25:00",VPGS2,0
D,DISPATCH,UNIT_SCADA,1,"2019/08/20 17:25:00",VPGS3,0
D,DISPATCH,UNIT_SCADA,1,"2019/08/20 17:25:00",VPGS4,0
D,DISPATCH,UNIT_SCADA,1,"2019/08/20 17:25:00",VPGS5,0
D,DISPATCH,UNIT_SCADA,1,"2019/08/20 17:25:00",VPGS6,0
D,DISPATCH,UNIT_SCADA,1,"2019/08/20 17:25:00",W/HOE#1,0
D,DISPATCH,UNIT_SCADA,1,"2019/08/20 17:25:00",W/HOE#2,0
D,DISPATCH,UNIT_SCADA,1,"2019/08/20 17:25:00",WATERLWF,122.10
D,DISPATCH,UNIT_SCADA,1,"2019/08/20 17:25:00",WEMENSF1,2.20
D,DISPATCH,UNIT_SCADA,1,"2019/08/20 17:25:00",WGWF1,107
D,DISPATCH,UNIT_SCADA,1,"2019/08/20 17:25:00",WHITSF1,7.70
D,DISPATCH,UNIT_SCADA,1,"2019/08/20 17:25:00",WKIEWA1,0
D,DISPATCH,UNIT_SCADA,1,"2019/08/20 17:25:00",WKIEWA2,0.10
D,DISPATCH,UNIT_SCADA,1,"2019/08/20 17:25:00",WOODLWN1,43.4160
D,DISPATCH,UNIT_SCADA,1,"2019/08/20 17:25:00",WRSF1,0.20
D,DISPATCH,UNIT_SCADA,1,"2019/08/20 17:25:00",WRWF1,89.77
D,DISPATCH,UNIT_SCADA,1,"2019/08/20 17:25:00",YABULU,0
D,DISPATCH,UNIT_SCADA,1,"2019/08/20 17:25:00",YABULU2,0
D,DISPATCH,UNIT_SCADA,1,"2019/08/20 17:25:00",YARWUN_1,0
D,DISPATCH,UNIT_SCADA,1,"2019/08/20 17:25:00",YENDWF1,42.10
D,DISPATCH,UNIT_SCADA,1,"2019/08/20 17:25:00",YWPS1,383.458220
D,DISPATCH,UNIT_SCADA,1,"2019/08/20 17:25:00",YWPS2,281.701260
D,DISPATCH,UNIT_SCADA,1,"2019/08/20 17:25:00",YWPS3,0
D,DISPATCH,UNIT_SCADA,1,"2019/08/20 17:25:00",YWPS4,399.754430
C,"END OF REPORT",334
