C,NEMP.WORLD,DISPATCHSCADA,AEMO,PUBLIC,2019/08/20,11:50:08,0000000311784361,DISPATCHSCADA,0000000311784355
I,DISPATCH,UNIT_SCADA,1,SETTLEMENTDATE,DUID,SCADAVALUE
D,DISPATCH,UNIT_SCADA,1,"2019/08/20 11:55:00",BARCSF1,18.50
D,DISPATCH,UNIT_SCADA,1,"2019/08/20 11:55:00",BUTLERSG,9.799998
D,DISPATCH,UNIT_SCADA,1,"2019/08/20 11:55:00",CALL_A_4,0
D,DISPATCH,UNIT_SCADA,1,"2019/08/20 11:55:00",CAPTL_WF,124.919998
D,DISPATCH,UNIT_SCADA,1,"2019/08/20 11:55:00",CATHROCK,48.579998
D,DISPATCH,UNIT_SCADA,1,"2019/08/20 11:55:00",CHALLHWF,21.90
D,DISPATCH,UNIT_SCADA,1,"2019/08/20 11:55:00",CLOVER,-0.01
D,DISPATCH,UNIT_SCADA,1,"2019/08/20 11:55:00",CLUNY,15.178302
D,DISPATCH,UNIT_SCADA,1,"2019/08/20 11:55:00",CNUNDAWF,38.845314
D,DISPATCH,UNIT_SCADA,1,"2019/08/20 11:55:00",CULLRGWF,30.360001
D,DISPATCH,UNIT_SCADA,1,"2019/08/20 11:55:00",ERGT01,0
D,DISPATCH,UNIT_SCADA,1,"2019/08/20 11:55:00",GB01,0.067589
D,DISPATCH,UNIT_SCADA,1,"2019/08/20 11:55:00",GERMCRK,38.400002
D,DISPATCH,UNIT_SCADA,1,"2019/08/20 11:55:00",GRIFSF1,13.900009
D,DISPATCH,UNIT_SCADA,1,"2019/08/20 11:55:00",HUGSF1,8.9890
D,DISPATCH,UNIT_SCADA,1,"2019/08/20 11:55:00",LKBONNY1,71.983345
D,DISPATCH,UNIT_SCADA,1,"2019/08/20 11:55:00",LRSF1,8.7370
D,DISPATCH,UNIT_SCADA,1,"2019/08/20 11:55:00",MBAHNTH,54.337494
D,DISPATCH,UNIT_SCADA,1,"2019/08/20 11:55:00",MLSP1,11.114001
D,DISPATCH,UNIT_SCADA,1,"2019/08/20 11:55:00",MLWF1,19.6950
D,DISPATCH,UNIT_SCADA,1,"2019/08/20 11:55:00",MTMILLAR,18.685133
D,DISPATCH,UNIT_SCADA,1,"2019/08/20 11:55:00",PALOONA,7.97
D,DISPATCH,UNIT_SCADA,1,"2019/08/20 11:55:00",PIONEER,11
D,DISPATCH,UNIT_SCADA,1,"2019/08/20 11:55:00",PORTWF,133.899994
D,DISPATCH,UNIT_SCADA,1,"2019/08/20 11:55:00",REPULSE,28.847486
D,DISPATCH,UNIT_SCADA,1,"2019/08/20 11:55:00",ROWALLAN,9.7909
D,DISPATCH,UNIT_SCADA,1,"2019/08/20 11:55:00",ROYALLA1,19.404001
D,DISPATCH,UNIT_SCADA,1,"2019/08/20 11:55:00",RPCG,12.10
D,DISPATCH,UNIT_SCADA,1,"2019/08/20 11:55:00",RUBICON,0
D,DISPATCH,UNIT_SCADA,1,"2019/08/20 11:55:00",SATGN1,0
D,DISPATCH,UNIT_SCADA,1,"2019/08/20 11:55:00",SATGS1,0
D,DISPATCH,UNIT_SCADA,1,"2019/08/20 11:55:00",STARHLWF,19.294374
D,DISPATCH,UNIT_SCADA,1,"2019/08/20 11:55:00",WAUBRAWF,50.296001
D,DISPATCH,UNIT_SCADA,1,"2019/08/20 11:55:00",WOOLNTH1,123.480011
D,DISPATCH,UNIT_SCADA,1,"2019/08/20 11:55:00",WPWF,50
D,DISPATCH,UNIT_SCADA,1,"2019/08/20 11:55:00",YAMBUKWF,29.90
D,DISPATCH,UNIT_SCADA,1,"2019/08/20 11:55:00",YSWF1,28.60
D,DISPATCH,UNIT_SCADA,1,"2019/08/20 11:55:00",AGLHAL,0
D,DISPATCH,UNIT_SCADA,1,"2019/08/20 11:55:00",AGLSOM,-0.10
D,DISPATCH,UNIT_SCADA,1,"2019/08/20 11:55:00",ANGAST1,0
D,DISPATCH,UNIT_SCADA,1,"2019/08/20 11:55:00",ARWF1,84.40
D,DISPATCH,UNIT_SCADA,1,"2019/08/20 11:55:00",BALBG1,0
D,DISPATCH,UNIT_SCADA,1,"2019/08/20 11:55:00",BALBL1,4.24
D,DISPATCH,UNIT_SCADA,1,"2019/08/20 11:55:00",BALDHWF1,103.3190
D,DISPATCH,UNIT_SCADA,1,"2019/08/20 11:55:00",BANN1,58.02
D,DISPATCH,UNIT_SCADA,1,"2019/08/20 11:55:00",BARCALDN,0
D,DISPATCH,UNIT_SCADA,1,"2019/08/20 11:55:00",BARRON-1,0
D,DISPATCH,UNIT_SCADA,1,"2019/08/20 11:55:00",BARRON-2,0
D,DISPATCH,UNIT_SCADA,1,"2019/08/20 11:55:00",BASTYAN,80.570010
D,DISPATCH,UNIT_SCADA,1,"2019/08/20 11:55:00",BBTHREE1,-1.90
D,DISPATCH,UNIT_SCADA,1,"2019/08/20 11:55:00",BBTHREE2,-2
D,DISPATCH,UNIT_SCADA,1,"2019/08/20 11:55:00",BBTHREE3,-1.01
D,DISPATCH,UNIT_SCADA,1,"2019/08/20 11:55:00",BDL01,0
D,DISPATCH,UNIT_SCADA,1,"2019/08/20 11:55:00",BDL02,0
D,DISPATCH,UNIT_SCADA,1,"2019/08/20 11:55:00",BERYLSF1,70.331340
D,DISPATCH,UNIT_SCADA,1,"2019/08/20 11:55:00",BLOWERNG,0
D,DISPATCH,UNIT_SCADA,1,"2019/08/20 11:55:00",BLUFF1,42
D,DISPATCH,UNIT_SCADA,1,"2019/08/20 11:55:00",BNGSF1,61.66
D,DISPATCH,UNIT_SCADA,1,"2019/08/20 11:55:00",BNGSF2,20.10
D,DISPATCH,UNIT_SCADA,1,"2019/08/20 11:55:00",BOCORWF1,109.11
D,DISPATCH,UNIT_SCADA,1,"2019/08/20 11:55:00",BODWF1,49.543410
D,DISPATCH,UNIT_SCADA,1,"2019/08/20 11:55:00",BRAEMAR1,0
D,DISPATCH,UNIT_SCADA,1,"2019/08/20 11:55:00",BRAEMAR2,0
D,DISPATCH,UNIT_SCADA,1,"2019/08/20 11:55:00",BRAEMAR3,0
D,DISPATCH,UNIT_SCADA,1,"2019/08/20 11:55:00",BRAEMAR5,0
D,DISPATCH,UNIT_SCADA,1,"2019/08/20 11:55:00",BRAEMAR6,0
D,DISPATCH,UNIT_SCADA,1,"2019/08/20 11:55:00",BRAEMAR7,0
D,DISPATCH,UNIT_SCADA,1,"2019/08/20 11:55:00",BROKENH1,52.938960
D,DISPATCH,UNIT_SCADA,1,"2019/08/20 11:55:00",BW01,348.650020
D,DISPATCH,UNIT_SCADA,1,"2019/08/20 11:55:00",BW02,427.849980
D,DISPATCH,UNIT_SCADA,1,"2019/08/20 11:55:00",BW03,563.525020
D,DISPATCH,UNIT_SCADA,1,"2019/08/20 11:55:00",BW04,0
D,DISPATCH,UNIT_SCADA,1,"2019/08/20 11:55:00",CALL_B_1,350.700010
D,DISPATCH,UNIT_SCADA,1,"2019/08/20 11:55:00",CALL_B_2,279.100010
D,DISPATCH,UNIT_SCADA,1,"2019/08/20 11:55:00",CETHANA,93.1550
D,DISPATCH,UNIT_SCADA,1,"2019/08/20 11:55:00",CG1,0
D,DISPATCH,UNIT_SCADA,1,"2019/08/20 11:55:00",CG2,0
D,DISPATCH,UNIT_SCADA,1,"2019/08/20 11:55:00",CG3,0
D,DISPATCH,UNIT_SCADA,1,"2019/08/20 11:55:00",CG4,0
D,DISPATCH,UNIT_SCADA,1,"2019/08/20 11:55:00",CHILDSF1,40.03
D,DISPATCH,UNIT_SCADA,1,"2019/08/20 11:55:00",CLARESF1,9.072130
D,DISPATCH,UNIT_SCADA,1,"2019/08/20 11:55:00",CLEMGPWF,25.500390
D,DISPATCH,UNIT_SCADA,1,"2019/08/20 11:55:00",CLERMSF1,15.13
D,DISPATCH,UNIT_SCADA,1,"2019/08/20 11:55:00",COLEASF1,70.899990
D,DISPATCH,UNIT_SCADA,1,"2019/08/20 11:55:00",COOPGWF1,22.567760
D,DISPATCH,UNIT_SCADA,1,"2019/08/20 11:55:00",CPP_3,231
D,DISPATCH,UNIT_SCADA,1,"2019/08/20 11:55:00",CPP_4,292.050020
D,DISPATCH,UNIT_SCADA,1,"2019/08/20 11:55:00",CPSA,143.513750
D,DISPATCH,UNIT_SCADA,1,"2019/08/20 11:55:00",CROOKWF2,88.263750
D,DISPATCH,UNIT_SCADA,1,"2019/08/20 11:55:00",CROWLWF1,36.153340
D,DISPATCH,UNIT_SCADA,1,"2019/08/20 11:55:00",CSPVPS1,31.9960
D,DISPATCH,UNIT_SCADA,1,"2019/08/20 11:55:00",DALNTH01,0
D,DISPATCH,UNIT_SCADA,1,"2019/08/20 11:55:00",DALNTHL1,0.074770
D,DISPATCH,UNIT_SCADA,1,"2019/08/20 11:55:00",DARTM1,0
D,DISPATCH,UNIT_SCADA,1,"2019/08/20 11:55:00",DAYDSF1,112.915010
D,DISPATCH,UNIT_SCADA,1,"2019/08/20 11:55:00",DDPS1,0
D,DISPATCH,UNIT_SCADA,1,"2019/08/20 11:55:00",DDSF1,108.331010
D,DISPATCH,UNIT_SCADA,1,"2019/08/20 11:55:00",DEVILS_G,0
D,DISPATCH,UNIT_SCADA,1,"2019/08/20 11:55:00",DG_NSW1,0
D,DISPATCH,UNIT_SCADA,1,"2019/08/20 11:55:00",DG_QLD1,0
D,DISPATCH,UNIT_SCADA,1,"2019/08/20 11:55:00",DG_SA1,0
D,DISPATCH,UNIT_SCADA,1,"2019/08/20 11:55:00",DG_TAS1,0
D,DISPATCH,UNIT_SCADA,1,"2019/08/20 11:55:00",DG_VIC1,0
D,DISPATCH,UNIT_SCADA,1,"2019/08/20 11:55:00",DRYCGT1,0
D,DISPATCH,UNIT_SCADA,1,"2019/08/20 11:55:00",DRYCGT2,0
D,DISPATCH,UNIT_SCADA,1,"2019/08/20 11:55:00",DRYCGT3,0
D,DISPATCH,UNIT_SCADA,1,"2019/08/20 11:55:00",EILDON1,0
D,DISPATCH,UNIT_SCADA,1,"2019/08/20 11:55:00",EILDON2,0
D,DISPATCH,UNIT_SCADA,1,"2019/08/20 11:55:00",EMERASF1,61.11
D,DISPATCH,UNIT_SCADA,1,"2019/08/20 11:55:00",ER01,408.224980
D,DISPATCH,UNIT_SCADA,1,"2019/08/20 11:55:00",ER02,409.75
D,DISPATCH,UNIT_SCADA,1,"2019/08/20 11:55:00",ER03,435.650020
D,DISPATCH,UNIT_SCADA,1,"2019/08/20 11:55:00",ER04,412.3999
D,DISPATCH,UNIT_SCADA,1,"2019/08/20 11:55:00",FINLYSF1,0
D,DISPATCH,UNIT_SCADA,1,"2019/08/20 11:55:00",FISHER,45.95
D,DISPATCH,UNIT_SCADA,1,"2019/08/20 11:55:00",GANNBG1,0
D,DISPATCH,UNIT_SCADA,1,"2019/08/20 11:55:00",GANNBL1,0.0421
D,DISPATCH,UNIT_SCADA,1,"2019/08/20 11:55:00",GANNSF1,41.70
D,DISPATCH,UNIT_SCADA,1,"2019/08/20 11:55:00",GORDON,0
D,DISPATCH,UNIT_SCADA,1,"2019/08/20 11:55:00",GSTONE1,109.90
D,DISPATCH,UNIT_SCADA,1,"2019/08/20 11:55:00",GSTONE2,109.55
D,DISPATCH,UNIT_SCADA,1,"2019/08/20 11:55:00",GSTONE3,159.0750
D,DISPATCH,UNIT_SCADA,1,"2019/08/20 11:55:00",GSTONE4,132.1250
D,DISPATCH,UNIT_SCADA,1,"2019/08/20 11:55:00",GSTONE5,133
D,DISPATCH,UNIT_SCADA,1,"2019/08/20 11:55:00",GSTONE6,0
D,DISPATCH,UNIT_SCADA,1,"2019/08/20 11:55:00",GULLRSF1,7.290680
D,DISPATCH,UNIT_SCADA,1,"2019/08/20 11:55:00",GULLRWF1,154.394070
D,DISPATCH,UNIT_SCADA,1,"2019/08/20 11:55:00",GUNNING1,46.248480
D,DISPATCH,UNIT_SCADA,1,"2019/08/20 11:55:00",GUTHEGA,0
D,DISPATCH,UNIT_SCADA,1,"2019/08/20 11:55:00",HALLWF1,69.80
D,DISPATCH,UNIT_SCADA,1,"2019/08/20 11:55:00",HALLWF2,55.37
D,DISPATCH,UNIT_SCADA,1,"2019/08/20 11:55:00",HAMISF1,45.30
D,DISPATCH,UNIT_SCADA,1,"2019/08/20 11:55:00",HAUGHT11,50.057220
D,DISPATCH,UNIT_SCADA,1,"2019/08/20 11:55:00",HAYMSF1,40.9320
D,DISPATCH,UNIT_SCADA,1,"2019/08/20 11:55:00",HDWF1,67.90
D,DISPATCH,UNIT_SCADA,1,"2019/08/20 11:55:00",HDWF2,58.10
D,DISPATCH,UNIT_SCADA,1,"2019/08/20 11:55:00",HDWF3,69.60
D,DISPATCH,UNIT_SCADA,1,"2019/08/20 11:55:00",HPRG1,9.50
D,DISPATCH,UNIT_SCADA,1,"2019/08/20 11:55:00",HPRL1,0
D,DISPATCH,UNIT_SCADA,1,"2019/08/20 11:55:00",HUMENSW,0
D,DISPATCH,UNIT_SCADA,1,"2019/08/20 11:55:00",HUMEV,8.80
D,DISPATCH,UNIT_SCADA,1,"2019/08/20 11:55:00",HVGTS,0
D,DISPATCH,UNIT_SCADA,1,"2019/08/20 11:55:00",JBUTTERS,139.56
D,DISPATCH,UNIT_SCADA,1,"2019/08/20 11:55:00",JLA01,0.50
D,DISPATCH,UNIT_SCADA,1,"2019/08/20 11:55:00",JLA02,0
D,DISPATCH,UNIT_SCADA,1,"2019/08/20 11:55:00",JLA03,0.10
D,DISPATCH,UNIT_SCADA,1,"2019/08/20 11:55:00",JLA04,0.10
D,DISPATCH,UNIT_SCADA,1,"2019/08/20 11:55:00",JLB01,0
D,DISPATCH,UNIT_SCADA,1,"2019/08/20 11:55:00",JLB02,0.10
D,DISPATCH,UNIT_SCADA,1,"2019/08/20 11:55:00",JLB03,0
D,DISPATCH,UNIT_SCADA,1,"2019/08/20 11:55:00",KAREEYA1,21.51
D,DISPATCH,UNIT_SCADA,1,"2019/08/20 11:55:00",KAREEYA2,21.8675
D,DISPATCH,UNIT_SCADA,1,"2019/08/20 11:55:00",KAREEYA3,0
D,DISPATCH,UNIT_SCADA,1,"2019/08/20 11:55:00",KAREEYA4,21.7375
D,DISPATCH,UNIT_SCADA,1,"2019/08/20 11:55:00",KARSF1,42.10
D,DISPATCH,UNIT_SCADA,1,"2019/08/20 11:55:00",KIATAWF1,30.40
D,DISPATCH,UNIT_SCADA,1,"2019/08/20 11:55:00",KPP_1,0
D,DISPATCH,UNIT_SCADA,1,"2019/08/20 11:55:00",KSP1,46.58
D,DISPATCH,UNIT_SCADA,1,"2019/08/20 11:55:00",LADBROK1,0
D,DISPATCH,UNIT_SCADA,1,"2019/08/20 11:55:00",LADBROK2,0
D,DISPATCH,UNIT_SCADA,1,"2019/08/20 11:55:00",LD01,374.343750
D,DISPATCH,UNIT_SCADA,1,"2019/08/20 11:55:00",LD02,377.362520
D,DISPATCH,UNIT_SCADA,1,"2019/08/20 11:55:00",LD03,374.268680
D,DISPATCH,UNIT_SCADA,1,"2019/08/20 11:55:00",LD04,372.168730
D,DISPATCH,UNIT_SCADA,1,"2019/08/20 11:55:00",LEM_WIL,86.161090
D,DISPATCH,UNIT_SCADA,1,"2019/08/20 11:55:00",LGAPWF1,0
D,DISPATCH,UNIT_SCADA,1,"2019/08/20 11:55:00",LILYSF1,92.274680
D,DISPATCH,UNIT_SCADA,1,"2019/08/20 11:55:00",LI_WY_CA,148.037550
D,DISPATCH,UNIT_SCADA,1,"2019/08/20 11:55:00",LKBONNY2,122.799570
D,DISPATCH,UNIT_SCADA,1,"2019/08/20 11:55:00",LKBONNY3,30.088070
D,DISPATCH,UNIT_SCADA,1,"2019/08/20 11:55:00",LK_ECHO,0
D,DISPATCH,UNIT_SCADA,1,"2019/08/20 11:55:00",LNGS1,0
D,DISPATCH,UNIT_SCADA,1,"2019/08/20 11:55:00",LNGS2,0
D,DISPATCH,UNIT_SCADA,1,"2019/08/20 11:55:00",LONSDALE,0
D,DISPATCH,UNIT_SCADA,1,"2019/08/20 11:55:00",LOYYB1,536.088620
D,DISPATCH,UNIT_SCADA,1,"2019/08/20 11:55:00",LOYYB2,581.202510
D,DISPATCH,UNIT_SCADA,1,"2019/08/20 11:55:00",LYA1,559
D,DISPATCH,UNIT_SCADA,1,"2019/08/20 11:55:00",LYA2,0
D,DISPATCH,UNIT_SCADA,1,"2019/08/20 11:55:00",LYA3,560
D,DISPATCH,UNIT_SCADA,1,"2019/08/20 11:55:00",LYA4,540
D,DISPATCH,UNIT_SCADA,1,"2019/08/20 11:55:00",MACARTH1,371.291410
D,DISPATCH,UNIT_SCADA,1,"2019/08/20 11:55:00",MACKAYGT,0
D,DISPATCH,UNIT_SCADA,1,"2019/08/20 11:55:00",MACKNTSH,85.400010
D,DISPATCH,UNIT_SCADA,1,"2019/08/20 11:55:00",MANSLR1,36.24
D,DISPATCH,UNIT_SCADA,1,"2019/08/20 11:55:00",MCKAY1,0.02
D,DISPATCH,UNIT_SCADA,1,"2019/08/20 11:55:00",MEADOWBK,33.5815
D,DISPATCH,UNIT_SCADA,1,"2019/08/20 11:55:00",MERCER01,126.8880
D,DISPATCH,UNIT_SCADA,1,"2019/08/20 11:55:00",MEWF1,30.106620
D,DISPATCH,UNIT_SCADA,1,"2019/08/20 11:55:00",MINTARO,0
D,DISPATCH,UNIT_SCADA,1,"2019/08/20 11:55:00",MOREESF1,48.5940
D,DISPATCH,UNIT_SCADA,1,"2019/08/20 11:55:00",MORTLK11,125
D,DISPATCH,UNIT_SCADA,1,"2019/08/20 11:55:00",MORTLK12,0
D,DISPATCH,UNIT_SCADA,1,"2019/08/20 11:55:00",MP1,276.775020
D,DISPATCH,UNIT_SCADA,1,"2019/08/20 11:55:00",MP2,0
D,DISPATCH,UNIT_SCADA,1,"2019/08/20 11:55:00",MPP_1,328.75
D,DISPATCH,UNIT_SCADA,1,"2019/08/20 11:55:00",MPP_2,365.50
D,DISPATCH,UNIT_SCADA,1,"2019/08/20 11:55:00",MSTUART1,0
D,DISPATCH,UNIT_SCADA,1,"2019/08/20 11:55:00",MSTUART2,0
D,DISPATCH,UNIT_SCADA,1,"2019/08/20 11:55:00",MSTUART3,0
D,DISPATCH,UNIT_SCADA,1,"2019/08/20 11:55:00",MTGELWF1,64.719080
D,DISPATCH,UNIT_SCADA,1,"2019/08/20 11:55:00",MURRAY,0
D,DISPATCH,UNIT_SCADA,1,"2019/08/20 11:55:00",MUSSELR1,166.20
D,DISPATCH,UNIT_SCADA,1,"2019/08/20 11:55:00",MUWAWF1,49.60
D,DISPATCH,UNIT_SCADA,1,"2019/08/20 11:55:00",NBHWF1,92.30
D,DISPATCH,UNIT_SCADA,1,"2019/08/20 11:55:00",NPS,0
D,DISPATCH,UNIT_SCADA,1,"2019/08/20 11:55:00",NUMURSF1,33.22
D,DISPATCH,UNIT_SCADA,1,"2019/08/20 11:55:00",NYNGAN1,101.50
D,DISPATCH,UNIT_SCADA,1,"2019/08/20 11:55:00",OAKEY1,0
D,DISPATCH,UNIT_SCADA,1,"2019/08/20 11:55:00",OAKEY1SF,21.53
D,DISPATCH,UNIT_SCADA,1,"2019/08/20 11:55:00",OAKEY2,0
D,DISPATCH,UNIT_SCADA,1,"2019/08/20 11:55:00",OAKLAND1,58
D,DISPATCH,UNIT_SCADA,1,"2019/08/20 11:55:00",OSB-AG,139.56
D,DISPATCH,UNIT_SCADA,1,"2019/08/20 11:55:00",PARSF1,43.20
D,DISPATCH,UNIT_SCADA,1,"2019/08/20 11:55:00",POAT110,0
D,DISPATCH,UNIT_SCADA,1,"2019/08/20 11:55:00",POAT220,0.881840
D,DISPATCH,UNIT_SCADA,1,"2019/08/20 11:55:00",POR01,0
D,DISPATCH,UNIT_SCADA,1,"2019/08/20 11:55:00",POR03,0
D,DISPATCH,UNIT_SCADA,1,"2019/08/20 11:55:00",PPCCGT,175.565520
D,DISPATCH,UNIT_SCADA,1,"2019/08/20 11:55:00",PTSTAN1,0
D,DISPATCH,UNIT_SCADA,1,"2019/08/20 11:55:00",PUMP1,0
D,DISPATCH,UNIT_SCADA,1,"2019/08/20 11:55:00",PUMP2,238.899990
D,DISPATCH,UNIT_SCADA,1,"2019/08/20 11:55:00",QPS1,0
D,DISPATCH,UNIT_SCADA,1,"2019/08/20 11:55:00",QPS2,0
D,DISPATCH,UNIT_SCADA,1,"2019/08/20 11:55:00",QPS3,0
D,DISPATCH,UNIT_SCADA,1,"2019/08/20 11:55:00",QPS4,0
D,DISPATCH,UNIT_SCADA,1,"2019/08/20 11:55:00",QPS5,0
D,DISPATCH,UNIT_SCADA,1,"2019/08/20 11:55:00",REECE1,115.460010
D,DISPATCH,UNIT_SCADA,1,"2019/08/20 11:55:00",REECE2,115.910010
D,DISPATCH,UNIT_SCADA,1,"2019/08/20 11:55:00",ROMA_7,0
D,DISPATCH,UNIT_SCADA,1,"2019/08/20 11:55:00",ROMA_8,0
D,DISPATCH,UNIT_SCADA,1,"2019/08/20 11:55:00",RRSF1,102.967660
D,DISPATCH,UNIT_SCADA,1,"2019/08/20 11:55:00",RT_NSW1,0
D,DISPATCH,UNIT_SCADA,1,"2019/08/20 11:55:00",RT_NSW2,0
D,DISPATCH,UNIT_SCADA,1,"2019/08/20 11:55:00",RT_NSW3,0
D,DISPATCH,UNIT_SCADA,1,"2019/08/20 11:55:00",RT_NSW4,0
D,DISPATCH,UNIT_SCADA,1,"2019/08/20 11:55:00",RT_NSW5,0
D,DISPATCH,UNIT_SCADA,1,"2019/08/20 11:55:00",RT_NSW6,0
D,DISPATCH,UNIT_SCADA,1,"2019/08/20 11:55:00",RT_QLD1,0
D,DISPATCH,UNIT_SCADA,1,"2019/08/20 11:55:00",RT_SA1,0
D,DISPATCH,UNIT_SCADA,1,"2019/08/20 11:55:00",RT_SA2,0
D,DISPATCH,UNIT_SCADA,1,"2019/08/20 11:55:00",RT_SA3,0
D,DISPATCH,UNIT_SCADA,1,"2019/08/20 11:55:00",RT_SA4,0
D,DISPATCH,UNIT_SCADA,1,"2019/08/20 11:55:00",RT_SA5,0
D,DISPATCH,UNIT_SCADA,1,"2019/08/20 11:55:00",RT_SA6,0
D,DISPATCH,UNIT_SCADA,1,"2019/08/20 11:55:00",RT_TAS1,0
D,DISPATCH,UNIT_SCADA,1,"2019/08/20 11:55:00",RT_VIC1,0
D,DISPATCH,UNIT_SCADA,1,"2019/08/20 11:55:00",RT_VIC10,0
D,DISPATCH,UNIT_SCADA,1,"2019/08/20 11:55:00",RT_VIC11,0
D,DISPATCH,UNIT_SCADA,1,"2019/08/20 11:55:00",RT_VIC12,0
D,DISPATCH,UNIT_SCADA,1,"2019/08/20 11:55:00",RT_VIC2,0
D,DISPATCH,UNIT_SCADA,1,"2019/08/20 11:55:00",RT_VIC3,0
D,DISPATCH,UNIT_SCADA,1,"2019/08/20 11:55:00",RT_VIC4,0
D,DISPATCH,UNIT_SCADA,1,"2019/08/20 11:55:00",RT_VIC5,0
D,DISPATCH,UNIT_SCADA,1,"2019/08/20 11:55:00",RT_VIC6,0
D,DISPATCH,UNIT_SCADA,1,"2019/08/20 11:55:00",RT_VIC7,0
D,DISPATCH,UNIT_SCADA,1,"2019/08/20 11:55:00",RT_VIC8,0
D,DISPATCH,UNIT_SCADA,1,"2019/08/20 11:55:00",RT_VIC9,0
D,DISPATCH,UNIT_SCADA,1,"2019/08/20 11:55:00",RUGBYR1,44.765180
D,DISPATCH,UNIT_SCADA,1,"2019/08/20 11:55:00",SALTCRK1,51.88
D,DISPATCH,UNIT_SCADA,1,"2019/08/20 11:55:00",SAPHWF1,59.343780
D,DISPATCH,UNIT_SCADA,1,"2019/08/20 11:55:00",SHGEN,0
D,DISPATCH,UNIT_SCADA,1,"2019/08/20 11:55:00",SHPUMP,0
D,DISPATCH,UNIT_SCADA,1,"2019/08/20 11:55:00",SITHE01,0.005650
D,DISPATCH,UNIT_SCADA,1,"2019/08/20 11:55:00",SMCSF1,84.996030
D,DISPATCH,UNIT_SCADA,1,"2019/08/20 11:55:00",SNOWNTH1,59.80
D,DISPATCH,UNIT_SCADA,1,"2019/08/20 11:55:00",SNOWSTH1,71.40
D,DISPATCH,UNIT_SCADA,1,"2019/08/20 11:55:00",SNOWTWN1,63.089260
D,DISPATCH,UNIT_SCADA,1,"2019/08/20 11:55:00",SNOWYP,379.100010
D,DISPATCH,UNIT_SCADA,1,"2019/08/20 11:55:00",SNUG1,0.019440
D,DISPATCH,UNIT_SCADA,1,"2019/08/20 11:55:00",SRSF1,35.25
D,DISPATCH,UNIT_SCADA,1,"2019/08/20 11:55:00",STAN-1,0
D,DISPATCH,UNIT_SCADA,1,"2019/08/20 11:55:00",STAN-2,279.517760
D,DISPATCH,UNIT_SCADA,1,"2019/08/20 11:55:00",STAN-3,278.428250
D,DISPATCH,UNIT_SCADA,1,"2019/08/20 11:55:00",STAN-4,282.068510
D,DISPATCH,UNIT_SCADA,1,"2019/08/20 11:55:00",STWF1,0
D,DISPATCH,UNIT_SCADA,1,"2019/08/20 11:55:00",SWAN_E,0
D,DISPATCH,UNIT_SCADA,1,"2019/08/20 11:55:00",TALWA1,191
D,DISPATCH,UNIT_SCADA,1,"2019/08/20 11:55:00",TARALGA1,99.8240
D,DISPATCH,UNIT_SCADA,1,"2019/08/20 11:55:00",TARONG#1,279.300020
D,DISPATCH,UNIT_SCADA,1,"2019/08/20 11:55:00",TARONG#2,281.300020
D,DISPATCH,UNIT_SCADA,1,"2019/08/20 11:55:00",TARONG#3,260.700010
D,DISPATCH,UNIT_SCADA,1,"2019/08/20 11:55:00",TARONG#4,280.50
D,DISPATCH,UNIT_SCADA,1,"2019/08/20 11:55:00",TARRALEA,86.90
D,DISPATCH,UNIT_SCADA,1,"2019/08/20 11:55:00",TBSF1,68
D,DISPATCH,UNIT_SCADA,1,"2019/08/20 11:55:00",TNPS1,441.700010
D,DISPATCH,UNIT_SCADA,1,"2019/08/20 11:55:00",TORRA1,43.240470
D,DISPATCH,UNIT_SCADA,1,"2019/08/20 11:55:00",TORRA2,0
D,DISPATCH,UNIT_SCADA,1,"2019/08/20 11:55:00",TORRA3,0
D,DISPATCH,UNIT_SCADA,1,"2019/08/20 11:55:00",TORRA4,0
D,DISPATCH,UNIT_SCADA,1,"2019/08/20 11:55:00",TORRB1,39.79
D,DISPATCH,UNIT_SCADA,1,"2019/08/20 11:55:00",TORRB2,40.50
D,DISPATCH,UNIT_SCADA,1,"2019/08/20 11:55:00",TORRB3,0
D,DISPATCH,UNIT_SCADA,1,"2019/08/20 11:55:00",TORRB4,0
D,DISPATCH,UNIT_SCADA,1,"2019/08/20 11:55:00",TREVALLN,43.410020
D,DISPATCH,UNIT_SCADA,1,"2019/08/20 11:55:00",TRIBUTE,70.98
D,DISPATCH,UNIT_SCADA,1,"2019/08/20 11:55:00",TUMUT3,0
D,DISPATCH,UNIT_SCADA,1,"2019/08/20 11:55:00",TUNGATIN,124.060030
D,DISPATCH,UNIT_SCADA,1,"2019/08/20 11:55:00",TVCC201,0
D,DISPATCH,UNIT_SCADA,1,"2019/08/20 11:55:00",TVPP104,0
D,DISPATCH,UNIT_SCADA,1,"2019/08/20 11:55:00",UPPTUMUT,0
D,DISPATCH,UNIT_SCADA,1,"2019/08/20 11:55:00",URANQ11,0
D,DISPATCH,UNIT_SCADA,1,"2019/08/20 11:55:00",URANQ12,0
D,DISPATCH,UNIT_SCADA,1,"2019/08/20 11:55:00",URANQ13,0
D,DISPATCH,UNIT_SCADA,1,"2019/08/20 11:55:00",URANQ14,0
D,DISPATCH,UNIT_SCADA,1,"2019/08/20 11:55:00",VP5,341.3750
D,DISPATCH,UNIT_SCADA,1,"2019/08/20 11:55:00",VP6,340.149990
D,DISPATCH,UNIT_SCADA,1,"2019/08/20 11:55:00",VPGS1,0
D,DISPATCH,UNIT_SCADA,1,"2019/08/20 11:55:00",VPGS2,0
D,DISPATCH,UNIT_SCADA,1,"2019/08/20 11:55:00",VPGS3,0
D,DISPATCH,UNIT_SCADA,1,"2019/08/20 11:55:00",VPGS4,0
D,DISPATCH,UNIT_SCADA,1,"2019/08/20 11:55:00",VPGS5,0
D,DISPATCH,UNIT_SCADA,1,"2019/08/20 11:55:00",VPGS6,0
D,DISPATCH,UNIT_SCADA,1,"2019/08/20 11:55:00",W/HOE#1,0
D,DISPATCH,UNIT_SCADA,1,"2019/08/20 11:55:00",W/HOE#2,0
D,DISPATCH,UNIT_SCADA,1,"2019/08/20 11:55:00",WATERLWF,100.40
D,DISPATCH,UNIT_SCADA,1,"2019/08/20 11:55:00",WEMENSF1,47.60
D,DISPATCH,UNIT_SCADA,1,"2019/08/20 11:55:00",WGWF1,93.20
D,DISPATCH,UNIT_SCADA,1,"2019/08/20 11:55:00",WHITSF1,5.10
D,DISPATCH,UNIT_SCADA,1,"2019/08/20 11:55:00",WKIEWA1,0
D,DISPATCH,UNIT_SCADA,1,"2019/08/20 11:55:00",WKIEWA2,0.10
D,DISPATCH,UNIT_SCADA,1,"2019/08/20 11:55:00",WOODLWN1,40.940990
D,DISPATCH,UNIT_SCADA,1,"2019/08/20 11:55:00",WRSF1,19.86
D,DISPATCH,UNIT_SCADA,1,"2019/08/20 11:55:00",WRWF1,51.8125
D,DISPATCH,UNIT_SCADA,1,"2019/08/20 11:55:00",YABULU,0
D,DISPATCH,UNIT_SCADA,1,"2019/08/20 11:55:00",YABULU2,0
D,DISPATCH,UNIT_SCADA,1,"2019/08/20 11:55:00",YARWUN_1,0
D,DISPATCH,UNIT_SCADA,1,"2019/08/20 11:55:00",YENDWF1,41.99
D,DISPATCH,UNIT_SCADA,1,"2019/08/20 11:55:00",YWPS1,363.407590
D,DISPATCH,UNIT_SCADA,1,"2019/08/20 11:55:00",YWPS2,277.440520
D,DISPATCH,UNIT_SCADA,1,"2019/08/20 11:55:00",YWPS3,0
D,DISPATCH,UNIT_SCADA,1,"2019/08/20 11:55:00",YWPS4,396.084810
C,"END OF REPORT",334
