C,NEMP.WORLD,DISPATCHSCADA,AEMO,PUBLIC,2019/09/05,22:40:09,0000000312439126,DISPATCHSCADA,0000000312439120
I,DISPATCH,UNIT_SCADA,1,SETTLEMENTDATE,DUID,SCADAVALUE
D,DISPATCH,UNIT_SCADA,1,"2019/09/05 22:45:00",BARCSF1,0.30
D,DISPATCH,UNIT_SCADA,1,"2019/09/05 22:45:00",BUTLERSG,10.199999
D,DISPATCH,UNIT_SCADA,1,"2019/09/05 22:45:00",CALL_A_4,0
D,DISPATCH,UNIT_SCADA,1,"2019/09/05 22:45:00",CAPTL_WF,21.699997
D,DISPATCH,UNIT_SCADA,1,"2019/09/05 22:45:00",CATHROCK,0
D,DISPATCH,UNIT_SCADA,1,"2019/09/05 22:45:00",CHALLHWF,0
D,DISPATCH,UNIT_SCADA,1,"2019/09/05 22:45:00",CLOVER,-0.01
D,DISPATCH,UNIT_SCADA,1,"2019/09/05 22:45:00",CLUNY,14.097048
D,DISPATCH,UNIT_SCADA,1,"2019/09/05 22:45:00",CNUNDAWF,9.811445
D,DISPATCH,UNIT_SCADA,1,"2019/09/05 22:45:00",CULLRGWF,12.43
D,DISPATCH,UNIT_SCADA,1,"2019/09/05 22:45:00",ERGT01,0
D,DISPATCH,UNIT_SCADA,1,"2019/09/05 22:45:00",GB01,0.008663
D,DISPATCH,UNIT_SCADA,1,"2019/09/05 22:45:00",GERMCRK,35.599998
D,DISPATCH,UNIT_SCADA,1,"2019/09/05 22:45:00",GRIFSF1,0
D,DISPATCH,UNIT_SCADA,1,"2019/09/05 22:45:00",HUGSF1,-0.2330
D,DISPATCH,UNIT_SCADA,1,"2019/09/05 22:45:00",LKBONNY1,15.361211
D,DISPATCH,UNIT_SCADA,1,"2019/09/05 22:45:00",LRSF1,-0.0010
D,DISPATCH,UNIT_SCADA,1,"2019/09/05 22:45:00",MBAHNTH,46.856247
D,DISPATCH,UNIT_SCADA,1,"2019/09/05 22:45:00",MLSP1,0
D,DISPATCH,UNIT_SCADA,1,"2019/09/05 22:45:00",MLWF1,-0.0150
D,DISPATCH,UNIT_SCADA,1,"2019/09/05 22:45:00",MTMILLAR,42.445240
D,DISPATCH,UNIT_SCADA,1,"2019/09/05 22:45:00",PALOONA,25.529999
D,DISPATCH,UNIT_SCADA,1,"2019/09/05 22:45:00",PIONEER,41.200001
D,DISPATCH,UNIT_SCADA,1,"2019/09/05 22:45:00",PORTWF,30.700001
D,DISPATCH,UNIT_SCADA,1,"2019/09/05 22:45:00",REPULSE,32.689098
D,DISPATCH,UNIT_SCADA,1,"2019/09/05 22:45:00",ROWALLAN,10.2453
D,DISPATCH,UNIT_SCADA,1,"2019/09/05 22:45:00",ROYALLA1,0
D,DISPATCH,UNIT_SCADA,1,"2019/09/05 22:45:00",RPCG,11.10
D,DISPATCH,UNIT_SCADA,1,"2019/09/05 22:45:00",RUBICON,0
D,DISPATCH,UNIT_SCADA,1,"2019/09/05 22:45:00",SATGN1,0
D,DISPATCH,UNIT_SCADA,1,"2019/09/05 22:45:00",SATGS1,0
D,DISPATCH,UNIT_SCADA,1,"2019/09/05 22:45:00",STARHLWF,30.591080
D,DISPATCH,UNIT_SCADA,1,"2019/09/05 22:45:00",WAUBRAWF,41.7010
D,DISPATCH,UNIT_SCADA,1,"2019/09/05 22:45:00",WOOLNTH1,131.490021
D,DISPATCH,UNIT_SCADA,1,"2019/09/05 22:45:00",WPWF,59
D,DISPATCH,UNIT_SCADA,1,"2019/09/05 22:45:00",YAMBUKWF,0
D,DISPATCH,UNIT_SCADA,1,"2019/09/05 22:45:00",YSWF1,8.70
D,DISPATCH,UNIT_SCADA,1,"2019/09/05 22:45:00",AGLHAL,0
D,DISPATCH,UNIT_SCADA,1,"2019/09/05 22:45:00",AGLSOM,37.30
D,DISPATCH,UNIT_SCADA,1,"2019/09/05 22:45:00",ANGAST1,0
D,DISPATCH,UNIT_SCADA,1,"2019/09/05 22:45:00",ARWF1,10.30
D,DISPATCH,UNIT_SCADA,1,"2019/09/05 22:45:00",BALBG1,0
D,DISPATCH,UNIT_SCADA,1,"2019/09/05 22:45:00",BALBL1,0
D,DISPATCH,UNIT_SCADA,1,"2019/09/05 22:45:00",BALDHWF1,35.2380
D,DISPATCH,UNIT_SCADA,1,"2019/09/05 22:45:00",BANN1,0
D,DISPATCH,UNIT_SCADA,1,"2019/09/05 22:45:00",BARCALDN,0
D,DISPATCH,UNIT_SCADA,1,"2019/09/05 22:45:00",BARRON-1,32.52
D,DISPATCH,UNIT_SCADA,1,"2019/09/05 22:45:00",BARRON-2,0
D,DISPATCH,UNIT_SCADA,1,"2019/09/05 22:45:00",BASTYAN,81.170010
D,DISPATCH,UNIT_SCADA,1,"2019/09/05 22:45:00",BBTHREE1,0
D,DISPATCH,UNIT_SCADA,1,"2019/09/05 22:45:00",BBTHREE2,0
D,DISPATCH,UNIT_SCADA,1,"2019/09/05 22:45:00",BBTHREE3,0
D,DISPATCH,UNIT_SCADA,1,"2019/09/05 22:45:00",BDL01,-0.18
D,DISPATCH,UNIT_SCADA,1,"2019/09/05 22:45:00",BDL02,-0.24
D,DISPATCH,UNIT_SCADA,1,"2019/09/05 22:45:00",BERYLSF1,0
D,DISPATCH,UNIT_SCADA,1,"2019/09/05 22:45:00",BLOWERNG,15.20
D,DISPATCH,UNIT_SCADA,1,"2019/09/05 22:45:00",BLUFF1,52.60
D,DISPATCH,UNIT_SCADA,1,"2019/09/05 22:45:00",BNGSF1,0
D,DISPATCH,UNIT_SCADA,1,"2019/09/05 22:45:00",BNGSF2,0
D,DISPATCH,UNIT_SCADA,1,"2019/09/05 22:45:00",BOCORWF1,11.75
D,DISPATCH,UNIT_SCADA,1,"2019/09/05 22:45:00",BODWF1,13.810170
D,DISPATCH,UNIT_SCADA,1,"2019/09/05 22:45:00",BRAEMAR1,0
D,DISPATCH,UNIT_SCADA,1,"2019/09/05 22:45:00",BRAEMAR2,0
D,DISPATCH,UNIT_SCADA,1,"2019/09/05 22:45:00",BRAEMAR3,0
D,DISPATCH,UNIT_SCADA,1,"2019/09/05 22:45:00",BRAEMAR5,0
D,DISPATCH,UNIT_SCADA,1,"2019/09/05 22:45:00",BRAEMAR6,0
D,DISPATCH,UNIT_SCADA,1,"2019/09/05 22:45:00",BRAEMAR7,0
D,DISPATCH,UNIT_SCADA,1,"2019/09/05 22:45:00",BROKENH1,0
D,DISPATCH,UNIT_SCADA,1,"2019/09/05 22:45:00",BW01,538.699950
D,DISPATCH,UNIT_SCADA,1,"2019/09/05 22:45:00",BW02,620.800050
D,DISPATCH,UNIT_SCADA,1,"2019/09/05 22:45:00",BW03,625.275020
D,DISPATCH,UNIT_SCADA,1,"2019/09/05 22:45:00",BW04,0
D,DISPATCH,UNIT_SCADA,1,"2019/09/05 22:45:00",CALL_B_1,341.600010
D,DISPATCH,UNIT_SCADA,1,"2019/09/05 22:45:00",CALL_B_2,288.600010
D,DISPATCH,UNIT_SCADA,1,"2019/09/05 22:45:00",CETHANA,18.371120
D,DISPATCH,UNIT_SCADA,1,"2019/09/05 22:45:00",CG1,0
D,DISPATCH,UNIT_SCADA,1,"2019/09/05 22:45:00",CG2,0
D,DISPATCH,UNIT_SCADA,1,"2019/09/05 22:45:00",CG3,0
D,DISPATCH,UNIT_SCADA,1,"2019/09/05 22:45:00",CG4,0
D,DISPATCH,UNIT_SCADA,1,"2019/09/05 22:45:00",CHILDSF1,0
D,DISPATCH,UNIT_SCADA,1,"2019/09/05 22:45:00",CLARESF1,0
D,DISPATCH,UNIT_SCADA,1,"2019/09/05 22:45:00",CLEMGPWF,45.093920
D,DISPATCH,UNIT_SCADA,1,"2019/09/05 22:45:00",CLERMSF1,0
D,DISPATCH,UNIT_SCADA,1,"2019/09/05 22:45:00",COLEASF1,0
D,DISPATCH,UNIT_SCADA,1,"2019/09/05 22:45:00",COOPGWF1,16.085350
D,DISPATCH,UNIT_SCADA,1,"2019/09/05 22:45:00",CPP_3,398.475010
D,DISPATCH,UNIT_SCADA,1,"2019/09/05 22:45:00",CPP_4,397.100010
D,DISPATCH,UNIT_SCADA,1,"2019/09/05 22:45:00",CPSA,140.999370
D,DISPATCH,UNIT_SCADA,1,"2019/09/05 22:45:00",CROOKWF2,27.983750
D,DISPATCH,UNIT_SCADA,1,"2019/09/05 22:45:00",CROWLWF1,14.841860
D,DISPATCH,UNIT_SCADA,1,"2019/09/05 22:45:00",CSPVPS1,0
D,DISPATCH,UNIT_SCADA,1,"2019/09/05 22:45:00",DALNTH01,0
D,DISPATCH,UNIT_SCADA,1,"2019/09/05 22:45:00",DALNTHL1,0.093080
D,DISPATCH,UNIT_SCADA,1,"2019/09/05 22:45:00",DARTM1,131.399990
D,DISPATCH,UNIT_SCADA,1,"2019/09/05 22:45:00",DAYDSF1,0
D,DISPATCH,UNIT_SCADA,1,"2019/09/05 22:45:00",DDPS1,589.706910
D,DISPATCH,UNIT_SCADA,1,"2019/09/05 22:45:00",DDSF1,0
D,DISPATCH,UNIT_SCADA,1,"2019/09/05 22:45:00",DEVILS_G,64.032710
D,DISPATCH,UNIT_SCADA,1,"2019/09/05 22:45:00",DG_NSW1,0
D,DISPATCH,UNIT_SCADA,1,"2019/09/05 22:45:00",DG_QLD1,0
D,DISPATCH,UNIT_SCADA,1,"2019/09/05 22:45:00",DG_SA1,0
D,DISPATCH,UNIT_SCADA,1,"2019/09/05 22:45:00",DG_TAS1,0
D,DISPATCH,UNIT_SCADA,1,"2019/09/05 22:45:00",DG_VIC1,0
D,DISPATCH,UNIT_SCADA,1,"2019/09/05 22:45:00",DRYCGT1,0
D,DISPATCH,UNIT_SCADA,1,"2019/09/05 22:45:00",DRYCGT2,0
D,DISPATCH,UNIT_SCADA,1,"2019/09/05 22:45:00",DRYCGT3,0
D,DISPATCH,UNIT_SCADA,1,"2019/09/05 22:45:00",EILDON1,0
D,DISPATCH,UNIT_SCADA,1,"2019/09/05 22:45:00",EILDON2,0
D,DISPATCH,UNIT_SCADA,1,"2019/09/05 22:45:00",EMERASF1,0
D,DISPATCH,UNIT_SCADA,1,"2019/09/05 22:45:00",ER01,572.574950
D,DISPATCH,UNIT_SCADA,1,"2019/09/05 22:45:00",ER02,679.775020
D,DISPATCH,UNIT_SCADA,1,"2019/09/05 22:45:00",ER03,0
D,DISPATCH,UNIT_SCADA,1,"2019/09/05 22:45:00",ER04,659.424930
D,DISPATCH,UNIT_SCADA,1,"2019/09/05 22:45:00",FINLYSF1,0
D,DISPATCH,UNIT_SCADA,1,"2019/09/05 22:45:00",FISHER,46.21
D,DISPATCH,UNIT_SCADA,1,"2019/09/05 22:45:00",GANNBG1,0
D,DISPATCH,UNIT_SCADA,1,"2019/09/05 22:45:00",GANNBL1,0.0052
D,DISPATCH,UNIT_SCADA,1,"2019/09/05 22:45:00",GANNSF1,0
D,DISPATCH,UNIT_SCADA,1,"2019/09/05 22:45:00",GORDON,24.026240
D,DISPATCH,UNIT_SCADA,1,"2019/09/05 22:45:00",GSTONE1,184.099990
D,DISPATCH,UNIT_SCADA,1,"2019/09/05 22:45:00",GSTONE2,165.899990
D,DISPATCH,UNIT_SCADA,1,"2019/09/05 22:45:00",GSTONE3,0
D,DISPATCH,UNIT_SCADA,1,"2019/09/05 22:45:00",GSTONE4,194.599990
D,DISPATCH,UNIT_SCADA,1,"2019/09/05 22:45:00",GSTONE5,183.9250
D,DISPATCH,UNIT_SCADA,1,"2019/09/05 22:45:00",GSTONE6,185.50
D,DISPATCH,UNIT_SCADA,1,"2019/09/05 22:45:00",GULLRSF1,0
D,DISPATCH,UNIT_SCADA,1,"2019/09/05 22:45:00",GULLRWF1,48.024110
D,DISPATCH,UNIT_SCADA,1,"2019/09/05 22:45:00",GUNNING1,25.352470
D,DISPATCH,UNIT_SCADA,1,"2019/09/05 22:45:00",GUTHEGA,0
D,DISPATCH,UNIT_SCADA,1,"2019/09/05 22:45:00",HALLWF1,92.17
D,DISPATCH,UNIT_SCADA,1,"2019/09/05 22:45:00",HALLWF2,53.63
D,DISPATCH,UNIT_SCADA,1,"2019/09/05 22:45:00",HAMISF1,0
D,DISPATCH,UNIT_SCADA,1,"2019/09/05 22:45:00",HAUGHT11,0
D,DISPATCH,UNIT_SCADA,1,"2019/09/05 22:45:00",HAYMSF1,0
D,DISPATCH,UNIT_SCADA,1,"2019/09/05 22:45:00",HDWF1,69.70
D,DISPATCH,UNIT_SCADA,1,"2019/09/05 22:45:00",HDWF2,39.50
D,DISPATCH,UNIT_SCADA,1,"2019/09/05 22:45:00",HDWF3,54.30
D,DISPATCH,UNIT_SCADA,1,"2019/09/05 22:45:00",HPRG1,0.10
D,DISPATCH,UNIT_SCADA,1,"2019/09/05 22:45:00",HPRL1,0
D,DISPATCH,UNIT_SCADA,1,"2019/09/05 22:45:00",HUMENSW,0
D,DISPATCH,UNIT_SCADA,1,"2019/09/05 22:45:00",HUMEV,23.10
D,DISPATCH,UNIT_SCADA,1,"2019/09/05 22:45:00",HVGTS,0
D,DISPATCH,UNIT_SCADA,1,"2019/09/05 22:45:00",JBUTTERS,23.46
D,DISPATCH,UNIT_SCADA,1,"2019/09/05 22:45:00",JLA01,0.10
D,DISPATCH,UNIT_SCADA,1,"2019/09/05 22:45:00",JLA02,0
D,DISPATCH,UNIT_SCADA,1,"2019/09/05 22:45:00",JLA03,0
D,DISPATCH,UNIT_SCADA,1,"2019/09/05 22:45:00",JLA04,0
D,DISPATCH,UNIT_SCADA,1,"2019/09/05 22:45:00",JLB01,0
D,DISPATCH,UNIT_SCADA,1,"2019/09/05 22:45:00",JLB02,0.10
D,DISPATCH,UNIT_SCADA,1,"2019/09/05 22:45:00",JLB03,0
D,DISPATCH,UNIT_SCADA,1,"2019/09/05 22:45:00",KAREEYA1,21.4450
D,DISPATCH,UNIT_SCADA,1,"2019/09/05 22:45:00",KAREEYA2,21.6550
D,DISPATCH,UNIT_SCADA,1,"2019/09/05 22:45:00",KAREEYA3,0
D,DISPATCH,UNIT_SCADA,1,"2019/09/05 22:45:00",KAREEYA4,21.43
D,DISPATCH,UNIT_SCADA,1,"2019/09/05 22:45:00",KARSF1,0
D,DISPATCH,UNIT_SCADA,1,"2019/09/05 22:45:00",KIATAWF1,30.60
D,DISPATCH,UNIT_SCADA,1,"2019/09/05 22:45:00",KPP_1,0
D,DISPATCH,UNIT_SCADA,1,"2019/09/05 22:45:00",KSP1,0
D,DISPATCH,UNIT_SCADA,1,"2019/09/05 22:45:00",LADBROK1,42.61
D,DISPATCH,UNIT_SCADA,1,"2019/09/05 22:45:00",LADBROK2,43.30
D,DISPATCH,UNIT_SCADA,1,"2019/09/05 22:45:00",LD01,420.300020
D,DISPATCH,UNIT_SCADA,1,"2019/09/05 22:45:00",LD02,399.412410
D,DISPATCH,UNIT_SCADA,1,"2019/09/05 22:45:00",LD03,419.793760
D,DISPATCH,UNIT_SCADA,1,"2019/09/05 22:45:00",LD04,382.031250
D,DISPATCH,UNIT_SCADA,1,"2019/09/05 22:45:00",LEM_WIL,84.9658
D,DISPATCH,UNIT_SCADA,1,"2019/09/05 22:45:00",LGAPWF1,34.47
D,DISPATCH,UNIT_SCADA,1,"2019/09/05 22:45:00",LILYSF1,0
D,DISPATCH,UNIT_SCADA,1,"2019/09/05 22:45:00",LI_WY_CA,139.225620
D,DISPATCH,UNIT_SCADA,1,"2019/09/05 22:45:00",LKBONNY2,24.041010
D,DISPATCH,UNIT_SCADA,1,"2019/09/05 22:45:00",LKBONNY3,4.968160
D,DISPATCH,UNIT_SCADA,1,"2019/09/05 22:45:00",LK_ECHO,0
D,DISPATCH,UNIT_SCADA,1,"2019/09/05 22:45:00",LNGS1,0
D,DISPATCH,UNIT_SCADA,1,"2019/09/05 22:45:00",LNGS2,0
D,DISPATCH,UNIT_SCADA,1,"2019/09/05 22:45:00",LONSDALE,0
D,DISPATCH,UNIT_SCADA,1,"2019/09/05 22:45:00",LOYYB1,529.321530
D,DISPATCH,UNIT_SCADA,1,"2019/09/05 22:45:00",LOYYB2,577.067080
D,DISPATCH,UNIT_SCADA,1,"2019/09/05 22:45:00",LYA1,0
D,DISPATCH,UNIT_SCADA,1,"2019/09/05 22:45:00",LYA2,0
D,DISPATCH,UNIT_SCADA,1,"2019/09/05 22:45:00",LYA3,557
D,DISPATCH,UNIT_SCADA,1,"2019/09/05 22:45:00",LYA4,539
D,DISPATCH,UNIT_SCADA,1,"2019/09/05 22:45:00",MACARTH1,12.699710
D,DISPATCH,UNIT_SCADA,1,"2019/09/05 22:45:00",MACKAYGT,0.2240
D,DISPATCH,UNIT_SCADA,1,"2019/09/05 22:45:00",MACKNTSH,88.850010
D,DISPATCH,UNIT_SCADA,1,"2019/09/05 22:45:00",MANSLR1,0
D,DISPATCH,UNIT_SCADA,1,"2019/09/05 22:45:00",MCKAY1,0.0750
D,DISPATCH,UNIT_SCADA,1,"2019/09/05 22:45:00",MEADOWBK,34.095940
D,DISPATCH,UNIT_SCADA,1,"2019/09/05 22:45:00",MERCER01,5.8190
D,DISPATCH,UNIT_SCADA,1,"2019/09/05 22:45:00",MEWF1,39.282690
D,DISPATCH,UNIT_SCADA,1,"2019/09/05 22:45:00",MINTARO,0
D,DISPATCH,UNIT_SCADA,1,"2019/09/05 22:45:00",MOREESF1,0
D,DISPATCH,UNIT_SCADA,1,"2019/09/05 22:45:00",MORTLK11,260
D,DISPATCH,UNIT_SCADA,1,"2019/09/05 22:45:00",MORTLK12,0
D,DISPATCH,UNIT_SCADA,1,"2019/09/05 22:45:00",MP1,223.575010
D,DISPATCH,UNIT_SCADA,1,"2019/09/05 22:45:00",MP2,0
D,DISPATCH,UNIT_SCADA,1,"2019/09/05 22:45:00",MPP_1,400
D,DISPATCH,UNIT_SCADA,1,"2019/09/05 22:45:00",MPP_2,434.75
D,DISPATCH,UNIT_SCADA,1,"2019/09/05 22:45:00",MSTUART1,0
D,DISPATCH,UNIT_SCADA,1,"2019/09/05 22:45:00",MSTUART2,0
D,DISPATCH,UNIT_SCADA,1,"2019/09/05 22:45:00",MSTUART3,0
D,DISPATCH,UNIT_SCADA,1,"2019/09/05 22:45:00",MTGELWF1,-0.457780
D,DISPATCH,UNIT_SCADA,1,"2019/09/05 22:45:00",MURRAY,0
D,DISPATCH,UNIT_SCADA,1,"2019/09/05 22:45:00",MUSSELR1,65.70
D,DISPATCH,UNIT_SCADA,1,"2019/09/05 22:45:00",MUWAWF1,18.38
D,DISPATCH,UNIT_SCADA,1,"2019/09/05 22:45:00",NBHWF1,118.20
D,DISPATCH,UNIT_SCADA,1,"2019/09/05 22:45:00",NPS,0
D,DISPATCH,UNIT_SCADA,1,"2019/09/05 22:45:00",NUMURSF1,0
D,DISPATCH,UNIT_SCADA,1,"2019/09/05 22:45:00",NYNGAN1,0
D,DISPATCH,UNIT_SCADA,1,"2019/09/05 22:45:00",OAKEY1,0
D,DISPATCH,UNIT_SCADA,1,"2019/09/05 22:45:00",OAKEY1SF,0
D,DISPATCH,UNIT_SCADA,1,"2019/09/05 22:45:00",OAKEY2,0
D,DISPATCH,UNIT_SCADA,1,"2019/09/05 22:45:00",OAKEY2SF,0
D,DISPATCH,UNIT_SCADA,1,"2019/09/05 22:45:00",OAKLAND1,-0.20
D,DISPATCH,UNIT_SCADA,1,"2019/09/05 22:45:00",OSB-AG,0
D,DISPATCH,UNIT_SCADA,1,"2019/09/05 22:45:00",PARSF1,0
D,DISPATCH,UNIT_SCADA,1,"2019/09/05 22:45:00",POAT110,0
D,DISPATCH,UNIT_SCADA,1,"2019/09/05 22:45:00",POAT220,0
D,DISPATCH,UNIT_SCADA,1,"2019/09/05 22:45:00",POR01,0
D,DISPATCH,UNIT_SCADA,1,"2019/09/05 22:45:00",POR03,0
D,DISPATCH,UNIT_SCADA,1,"2019/09/05 22:45:00",PPCCGT,433.940830
D,DISPATCH,UNIT_SCADA,1,"2019/09/05 22:45:00",PTSTAN1,0
D,DISPATCH,UNIT_SCADA,1,"2019/09/05 22:45:00",PUMP1,0
D,DISPATCH,UNIT_SCADA,1,"2019/09/05 22:45:00",PUMP2,0
D,DISPATCH,UNIT_SCADA,1,"2019/09/05 22:45:00",QPS1,29
D,DISPATCH,UNIT_SCADA,1,"2019/09/05 22:45:00",QPS2,0
D,DISPATCH,UNIT_SCADA,1,"2019/09/05 22:45:00",QPS3,0
D,DISPATCH,UNIT_SCADA,1,"2019/09/05 22:45:00",QPS4,0
D,DISPATCH,UNIT_SCADA,1,"2019/09/05 22:45:00",QPS5,0
D,DISPATCH,UNIT_SCADA,1,"2019/09/05 22:45:00",REECE1,113.77
D,DISPATCH,UNIT_SCADA,1,"2019/09/05 22:45:00",REECE2,78.30
D,DISPATCH,UNIT_SCADA,1,"2019/09/05 22:45:00",ROMA_7,0
D,DISPATCH,UNIT_SCADA,1,"2019/09/05 22:45:00",ROMA_8,0
D,DISPATCH,UNIT_SCADA,1,"2019/09/05 22:45:00",RRSF1,0
D,DISPATCH,UNIT_SCADA,1,"2019/09/05 22:45:00",RT_NSW1,0
D,DISPATCH,UNIT_SCADA,1,"2019/09/05 22:45:00",RT_NSW2,0
D,DISPATCH,UNIT_SCADA,1,"2019/09/05 22:45:00",RT_NSW3,0
D,DISPATCH,UNIT_SCADA,1,"2019/09/05 22:45:00",RT_NSW4,0
D,DISPATCH,UNIT_SCADA,1,"2019/09/05 22:45:00",RT_NSW5,0
D,DISPATCH,UNIT_SCADA,1,"2019/09/05 22:45:00",RT_NSW6,0
D,DISPATCH,UNIT_SCADA,1,"2019/09/05 22:45:00",RT_QLD1,0
D,DISPATCH,UNIT_SCADA,1,"2019/09/05 22:45:00",RT_SA1,0
D,DISPATCH,UNIT_SCADA,1,"2019/09/05 22:45:00",RT_SA2,0
D,DISPATCH,UNIT_SCADA,1,"2019/09/05 22:45:00",RT_SA3,0
D,DISPATCH,UNIT_SCADA,1,"2019/09/05 22:45:00",RT_SA4,0
D,DISPATCH,UNIT_SCADA,1,"2019/09/05 22:45:00",RT_SA5,0
D,DISPATCH,UNIT_SCADA,1,"2019/09/05 22:45:00",RT_SA6,0
D,DISPATCH,UNIT_SCADA,1,"2019/09/05 22:45:00",RT_TAS1,0
D,DISPATCH,UNIT_SCADA,1,"2019/09/05 22:45:00",RT_VIC1,0
D,DISPATCH,UNIT_SCADA,1,"2019/09/05 22:45:00",RT_VIC10,0
D,DISPATCH,UNIT_SCADA,1,"2019/09/05 22:45:00",RT_VIC11,0
D,DISPATCH,UNIT_SCADA,1,"2019/09/05 22:45:00",RT_VIC12,0
D,DISPATCH,UNIT_SCADA,1,"2019/09/05 22:45:00",RT_VIC2,0
D,DISPATCH,UNIT_SCADA,1,"2019/09/05 22:45:00",RT_VIC3,0
D,DISPATCH,UNIT_SCADA,1,"2019/09/05 22:45:00",RT_VIC4,0
D,DISPATCH,UNIT_SCADA,1,"2019/09/05 22:45:00",RT_VIC5,0
D,DISPATCH,UNIT_SCADA,1,"2019/09/05 22:45:00",RT_VIC6,0
D,DISPATCH,UNIT_SCADA,1,"2019/09/05 22:45:00",RT_VIC7,0
D,DISPATCH,UNIT_SCADA,1,"2019/09/05 22:45:00",RT_VIC8,0
D,DISPATCH,UNIT_SCADA,1,"2019/09/05 22:45:00",RT_VIC9,0
D,DISPATCH,UNIT_SCADA,1,"2019/09/05 22:45:00",RUGBYR1,0
D,DISPATCH,UNIT_SCADA,1,"2019/09/05 22:45:00",SALTCRK1,-0.35
D,DISPATCH,UNIT_SCADA,1,"2019/09/05 22:45:00",SAPHWF1,86.737490
D,DISPATCH,UNIT_SCADA,1,"2019/09/05 22:45:00",SHGEN,0
D,DISPATCH,UNIT_SCADA,1,"2019/09/05 22:45:00",SHPUMP,0
D,DISPATCH,UNIT_SCADA,1,"2019/09/05 22:45:00",SITHE01,0.224190
D,DISPATCH,UNIT_SCADA,1,"2019/09/05 22:45:00",SMCSF1,0
D,DISPATCH,UNIT_SCADA,1,"2019/09/05 22:45:00",SNOWNTH1,137.799990
D,DISPATCH,UNIT_SCADA,1,"2019/09/05 22:45:00",SNOWSTH1,110.100010
D,DISPATCH,UNIT_SCADA,1,"2019/09/05 22:45:00",SNOWTWN1,96.948810
D,DISPATCH,UNIT_SCADA,1,"2019/09/05 22:45:00",SNOWYP,0
D,DISPATCH,UNIT_SCADA,1,"2019/09/05 22:45:00",SNUG1,0.019440
D,DISPATCH,UNIT_SCADA,1,"2019/09/05 22:45:00",SRSF1,0.22
D,DISPATCH,UNIT_SCADA,1,"2019/09/05 22:45:00",STAN-1,254.202610
D,DISPATCH,UNIT_SCADA,1,"2019/09/05 22:45:00",STAN-2,330.071170
D,DISPATCH,UNIT_SCADA,1,"2019/09/05 22:45:00",STAN-3,341.363650
D,DISPATCH,UNIT_SCADA,1,"2019/09/05 22:45:00",STAN-4,342.209630
D,DISPATCH,UNIT_SCADA,1,"2019/09/05 22:45:00",STWF1,0
D,DISPATCH,UNIT_SCADA,1,"2019/09/05 22:45:00",SWAN_E,0
D,DISPATCH,UNIT_SCADA,1,"2019/09/05 22:45:00",TALWA1,414
D,DISPATCH,UNIT_SCADA,1,"2019/09/05 22:45:00",TARALGA1,32.966240
D,DISPATCH,UNIT_SCADA,1,"2019/09/05 22:45:00",TARONG#1,349.399990
D,DISPATCH,UNIT_SCADA,1,"2019/09/05 22:45:00",TARONG#2,0
D,DISPATCH,UNIT_SCADA,1,"2019/09/05 22:45:00",TARONG#3,319.399990
D,DISPATCH,UNIT_SCADA,1,"2019/09/05 22:45:00",TARONG#4,350.300020
D,DISPATCH,UNIT_SCADA,1,"2019/09/05 22:45:00",TARRALEA,74
D,DISPATCH,UNIT_SCADA,1,"2019/09/05 22:45:00",TBSF1,-0.20
D,DISPATCH,UNIT_SCADA,1,"2019/09/05 22:45:00",TNPS1,397.600010
D,DISPATCH,UNIT_SCADA,1,"2019/09/05 22:45:00",TORRA1,55.147940
D,DISPATCH,UNIT_SCADA,1,"2019/09/05 22:45:00",TORRA2,0
D,DISPATCH,UNIT_SCADA,1,"2019/09/05 22:45:00",TORRA3,0
D,DISPATCH,UNIT_SCADA,1,"2019/09/05 22:45:00",TORRA4,33.0106
D,DISPATCH,UNIT_SCADA,1,"2019/09/05 22:45:00",TORRB1,101.52
D,DISPATCH,UNIT_SCADA,1,"2019/09/05 22:45:00",TORRB2,107.66
D,DISPATCH,UNIT_SCADA,1,"2019/09/05 22:45:00",TORRB3,107.09
D,DISPATCH,UNIT_SCADA,1,"2019/09/05 22:45:00",TORRB4,0
D,DISPATCH,UNIT_SCADA,1,"2019/09/05 22:45:00",TREVALLN,92.660030
D,DISPATCH,UNIT_SCADA,1,"2019/09/05 22:45:00",TRIBUTE,0
D,DISPATCH,UNIT_SCADA,1,"2019/09/05 22:45:00",TUMUT3,96.65
D,DISPATCH,UNIT_SCADA,1,"2019/09/05 22:45:00",TUNGATIN,6.20
D,DISPATCH,UNIT_SCADA,1,"2019/09/05 22:45:00",TVCC201,0
D,DISPATCH,UNIT_SCADA,1,"2019/09/05 22:45:00",TVPP104,0
D,DISPATCH,UNIT_SCADA,1,"2019/09/05 22:45:00",UPPTUMUT,481.141240
D,DISPATCH,UNIT_SCADA,1,"2019/09/05 22:45:00",URANQ11,0
D,DISPATCH,UNIT_SCADA,1,"2019/09/05 22:45:00",URANQ12,0
D,DISPATCH,UNIT_SCADA,1,"2019/09/05 22:45:00",URANQ13,0
D,DISPATCH,UNIT_SCADA,1,"2019/09/05 22:45:00",URANQ14,0
D,DISPATCH,UNIT_SCADA,1,"2019/09/05 22:45:00",VP5,413.250030
D,DISPATCH,UNIT_SCADA,1,"2019/09/05 22:45:00",VP6,0
D,DISPATCH,UNIT_SCADA,1,"2019/09/05 22:45:00",VPGS1,0
D,DISPATCH,UNIT_SCADA,1,"2019/09/05 22:45:00",VPGS2,0
D,DISPATCH,UNIT_SCADA,1,"2019/09/05 22:45:00",VPGS3,0
D,DISPATCH,UNIT_SCADA,1,"2019/09/05 22:45:00",VPGS4,0
D,DISPATCH,UNIT_SCADA,1,"2019/09/05 22:45:00",VPGS5,0
D,DISPATCH,UNIT_SCADA,1,"2019/09/05 22:45:00",VPGS6,0
D,DISPATCH,UNIT_SCADA,1,"2019/09/05 22:45:00",W/HOE#1,0
D,DISPATCH,UNIT_SCADA,1,"2019/09/05 22:45:00",W/HOE#2,0
D,DISPATCH,UNIT_SCADA,1,"2019/09/05 22:45:00",WATERLWF,122
D,DISPATCH,UNIT_SCADA,1,"2019/09/05 22:45:00",WEMENSF1,0
D,DISPATCH,UNIT_SCADA,1,"2019/09/05 22:45:00",WGWF1,80
D,DISPATCH,UNIT_SCADA,1,"2019/09/05 22:45:00",WHITSF1,0
D,DISPATCH,UNIT_SCADA,1,"2019/09/05 22:45:00",WKIEWA1,15.30
D,DISPATCH,UNIT_SCADA,1,"2019/09/05 22:45:00",WKIEWA2,15.30
D,DISPATCH,UNIT_SCADA,1,"2019/09/05 22:45:00",WOODLWN1,13.419010
D,DISPATCH,UNIT_SCADA,1,"2019/09/05 22:45:00",WRSF1,0
D,DISPATCH,UNIT_SCADA,1,"2019/09/05 22:45:00",WRWF1,22.058750
D,DISPATCH,UNIT_SCADA,1,"2019/09/05 22:45:00",YABULU,160.470020
D,DISPATCH,UNIT_SCADA,1,"2019/09/05 22:45:00",YABULU2,0
D,DISPATCH,UNIT_SCADA,1,"2019/09/05 22:45:00",YARWUN_1,166.16
D,DISPATCH,UNIT_SCADA,1,"2019/09/05 22:45:00",YENDWF1,41.99
D,DISPATCH,UNIT_SCADA,1,"2019/09/05 22:45:00",YWPS1,356.389860
D,DISPATCH,UNIT_SCADA,1,"2019/09/05 22:45:00",YWPS2,280.448090
D,DISPATCH,UNIT_SCADA,1,"2019/09/05 22:45:00",YWPS3,321.563290
D,DISPATCH,UNIT_SCADA,1,"2019/09/05 22:45:00",YWPS4,387.616460
C,"END OF REPORT",335
