C,NEMP.WORLD,DISPATCHSCADA,AEMO,PUBLIC,2019/08/22,06:20:07,0000000311855690,DISPATCHSCADA,0000000311855684
I,DISPATCH,UNIT_SCADA,1,SETTLEMENTDATE,DUID,SCADAVALUE
D,DISPATCH,UNIT_SCADA,1,"2019/08/22 06:25:00",BARCSF1,0.70
D,DISPATCH,UNIT_SCADA,1,"2019/08/22 06:25:00",BUTLERSG,9.699999
D,DISPATCH,UNIT_SCADA,1,"2019/08/22 06:25:00",CALL_A_4,0
D,DISPATCH,UNIT_SCADA,1,"2019/08/22 06:25:00",CAPTL_WF,127.4720
D,DISPATCH,UNIT_SCADA,1,"2019/08/22 06:25:00",CATHROCK,4.02
D,DISPATCH,UNIT_SCADA,1,"2019/08/22 06:25:00",CHALLHWF,46.800003
D,DISPATCH,UNIT_SCADA,1,"2019/08/22 06:25:00",CLOVER,-0.01
D,DISPATCH,UNIT_SCADA,1,"2019/08/22 06:25:00",CLUNY,19.754177
D,DISPATCH,UNIT_SCADA,1,"2019/08/22 06:25:00",CNUNDAWF,39.746368
D,DISPATCH,UNIT_SCADA,1,"2019/08/22 06:25:00",CULLRGWF,30.450001
D,DISPATCH,UNIT_SCADA,1,"2019/08/22 06:25:00",ERGT01,0
D,DISPATCH,UNIT_SCADA,1,"2019/08/22 06:25:00",GB01,0.060799
D,DISPATCH,UNIT_SCADA,1,"2019/08/22 06:25:00",GERMCRK,37.799999
D,DISPATCH,UNIT_SCADA,1,"2019/08/22 06:25:00",GRIFSF1,0
D,DISPATCH,UNIT_SCADA,1,"2019/08/22 06:25:00",HUGSF1,-0.2430
D,DISPATCH,UNIT_SCADA,1,"2019/08/22 06:25:00",LKBONNY1,65.017220
D,DISPATCH,UNIT_SCADA,1,"2019/08/22 06:25:00",LRSF1,0.0390
D,DISPATCH,UNIT_SCADA,1,"2019/08/22 06:25:00",MBAHNTH,55.968750
D,DISPATCH,UNIT_SCADA,1,"2019/08/22 06:25:00",MLSP1,0.271001
D,DISPATCH,UNIT_SCADA,1,"2019/08/22 06:25:00",MLWF1,16.950001
D,DISPATCH,UNIT_SCADA,1,"2019/08/22 06:25:00",MTMILLAR,11.876333
D,DISPATCH,UNIT_SCADA,1,"2019/08/22 06:25:00",PALOONA,28.51
D,DISPATCH,UNIT_SCADA,1,"2019/08/22 06:25:00",PIONEER,48.200001
D,DISPATCH,UNIT_SCADA,1,"2019/08/22 06:25:00",PORTWF,106.800003
D,DISPATCH,UNIT_SCADA,1,"2019/08/22 06:25:00",REPULSE,28.948807
D,DISPATCH,UNIT_SCADA,1,"2019/08/22 06:25:00",ROWALLAN,10.2524
D,DISPATCH,UNIT_SCADA,1,"2019/08/22 06:25:00",ROYALLA1,0
D,DISPATCH,UNIT_SCADA,1,"2019/08/22 06:25:00",RPCG,11.30
D,DISPATCH,UNIT_SCADA,1,"2019/08/22 06:25:00",RUBICON,0
D,DISPATCH,UNIT_SCADA,1,"2019/08/22 06:25:00",SATGN1,0
D,DISPATCH,UNIT_SCADA,1,"2019/08/22 06:25:00",SATGS1,0
D,DISPATCH,UNIT_SCADA,1,"2019/08/22 06:25:00",STARHLWF,3.299038
D,DISPATCH,UNIT_SCADA,1,"2019/08/22 06:25:00",WAUBRAWF,174.929001
D,DISPATCH,UNIT_SCADA,1,"2019/08/22 06:25:00",WOOLNTH1,97.990021
D,DISPATCH,UNIT_SCADA,1,"2019/08/22 06:25:00",WPWF,10
D,DISPATCH,UNIT_SCADA,1,"2019/08/22 06:25:00",YAMBUKWF,27.700001
D,DISPATCH,UNIT_SCADA,1,"2019/08/22 06:25:00",YSWF1,26
D,DISPATCH,UNIT_SCADA,1,"2019/08/22 06:25:00",AGLHAL,0
D,DISPATCH,UNIT_SCADA,1,"2019/08/22 06:25:00",AGLSOM,0
D,DISPATCH,UNIT_SCADA,1,"2019/08/22 06:25:00",ANGAST1,0
D,DISPATCH,UNIT_SCADA,1,"2019/08/22 06:25:00",ARWF1,208.50
D,DISPATCH,UNIT_SCADA,1,"2019/08/22 06:25:00",BALBG1,1.24
D,DISPATCH,UNIT_SCADA,1,"2019/08/22 06:25:00",BALBL1,0
D,DISPATCH,UNIT_SCADA,1,"2019/08/22 06:25:00",BALDHWF1,99.3850
D,DISPATCH,UNIT_SCADA,1,"2019/08/22 06:25:00",BANN1,0
D,DISPATCH,UNIT_SCADA,1,"2019/08/22 06:25:00",BARCALDN,0
D,DISPATCH,UNIT_SCADA,1,"2019/08/22 06:25:00",BARRON-1,0
D,DISPATCH,UNIT_SCADA,1,"2019/08/22 06:25:00",BARRON-2,26.20
D,DISPATCH,UNIT_SCADA,1,"2019/08/22 06:25:00",BASTYAN,78.490010
D,DISPATCH,UNIT_SCADA,1,"2019/08/22 06:25:00",BBTHREE1,-1.83
D,DISPATCH,UNIT_SCADA,1,"2019/08/22 06:25:00",BBTHREE2,-1.90
D,DISPATCH,UNIT_SCADA,1,"2019/08/22 06:25:00",BBTHREE3,-1.03
D,DISPATCH,UNIT_SCADA,1,"2019/08/22 06:25:00",BDL01,0
D,DISPATCH,UNIT_SCADA,1,"2019/08/22 06:25:00",BDL02,0
D,DISPATCH,UNIT_SCADA,1,"2019/08/22 06:25:00",BERYLSF1,0
D,DISPATCH,UNIT_SCADA,1,"2019/08/22 06:25:00",BLOWERNG,0
D,DISPATCH,UNIT_SCADA,1,"2019/08/22 06:25:00",BLUFF1,26.20
D,DISPATCH,UNIT_SCADA,1,"2019/08/22 06:25:00",BNGSF1,0
D,DISPATCH,UNIT_SCADA,1,"2019/08/22 06:25:00",BNGSF2,0
D,DISPATCH,UNIT_SCADA,1,"2019/08/22 06:25:00",BOCORWF1,109.76
D,DISPATCH,UNIT_SCADA,1,"2019/08/22 06:25:00",BODWF1,106.1816
D,DISPATCH,UNIT_SCADA,1,"2019/08/22 06:25:00",BRAEMAR1,0
D,DISPATCH,UNIT_SCADA,1,"2019/08/22 06:25:00",BRAEMAR2,0
D,DISPATCH,UNIT_SCADA,1,"2019/08/22 06:25:00",BRAEMAR3,0
D,DISPATCH,UNIT_SCADA,1,"2019/08/22 06:25:00",BRAEMAR5,0
D,DISPATCH,UNIT_SCADA,1,"2019/08/22 06:25:00",BRAEMAR6,0
D,DISPATCH,UNIT_SCADA,1,"2019/08/22 06:25:00",BRAEMAR7,0
D,DISPATCH,UNIT_SCADA,1,"2019/08/22 06:25:00",BROKENH1,0
D,DISPATCH,UNIT_SCADA,1,"2019/08/22 06:25:00",BW01,480.449950
D,DISPATCH,UNIT_SCADA,1,"2019/08/22 06:25:00",BW02,623.1250
D,DISPATCH,UNIT_SCADA,1,"2019/08/22 06:25:00",BW03,629.424930
D,DISPATCH,UNIT_SCADA,1,"2019/08/22 06:25:00",BW04,0
D,DISPATCH,UNIT_SCADA,1,"2019/08/22 06:25:00",CALL_B_1,350.300020
D,DISPATCH,UNIT_SCADA,1,"2019/08/22 06:25:00",CALL_B_2,290.300020
D,DISPATCH,UNIT_SCADA,1,"2019/08/22 06:25:00",CETHANA,98.4240
D,DISPATCH,UNIT_SCADA,1,"2019/08/22 06:25:00",CG1,0
D,DISPATCH,UNIT_SCADA,1,"2019/08/22 06:25:00",CG2,0
D,DISPATCH,UNIT_SCADA,1,"2019/08/22 06:25:00",CG3,0
D,DISPATCH,UNIT_SCADA,1,"2019/08/22 06:25:00",CG4,0
D,DISPATCH,UNIT_SCADA,1,"2019/08/22 06:25:00",CHILDSF1,0.01
D,DISPATCH,UNIT_SCADA,1,"2019/08/22 06:25:00",CLARESF1,0
D,DISPATCH,UNIT_SCADA,1,"2019/08/22 06:25:00",CLEMGPWF,0.288140
D,DISPATCH,UNIT_SCADA,1,"2019/08/22 06:25:00",CLERMSF1,0
D,DISPATCH,UNIT_SCADA,1,"2019/08/22 06:25:00",COLEASF1,0
D,DISPATCH,UNIT_SCADA,1,"2019/08/22 06:25:00",COOPGWF1,35.292050
D,DISPATCH,UNIT_SCADA,1,"2019/08/22 06:25:00",CPP_3,406.450010
D,DISPATCH,UNIT_SCADA,1,"2019/08/22 06:25:00",CPP_4,407.550020
D,DISPATCH,UNIT_SCADA,1,"2019/08/22 06:25:00",CPSA,143.041890
D,DISPATCH,UNIT_SCADA,1,"2019/08/22 06:25:00",CROOKWF2,85.293750
D,DISPATCH,UNIT_SCADA,1,"2019/08/22 06:25:00",CROWLWF1,46.4425
D,DISPATCH,UNIT_SCADA,1,"2019/08/22 06:25:00",CSPVPS1,0
D,DISPATCH,UNIT_SCADA,1,"2019/08/22 06:25:00",DALNTH01,0.010680
D,DISPATCH,UNIT_SCADA,1,"2019/08/22 06:25:00",DALNTHL1,0
D,DISPATCH,UNIT_SCADA,1,"2019/08/22 06:25:00",DARTM1,0
D,DISPATCH,UNIT_SCADA,1,"2019/08/22 06:25:00",DAYDSF1,0
D,DISPATCH,UNIT_SCADA,1,"2019/08/22 06:25:00",DDPS1,0
D,DISPATCH,UNIT_SCADA,1,"2019/08/22 06:25:00",DDSF1,0
D,DISPATCH,UNIT_SCADA,1,"2019/08/22 06:25:00",DEVILS_G,0
D,DISPATCH,UNIT_SCADA,1,"2019/08/22 06:25:00",DG_NSW1,0
D,DISPATCH,UNIT_SCADA,1,"2019/08/22 06:25:00",DG_QLD1,0
D,DISPATCH,UNIT_SCADA,1,"2019/08/22 06:25:00",DG_SA1,0
D,DISPATCH,UNIT_SCADA,1,"2019/08/22 06:25:00",DG_TAS1,0
D,DISPATCH,UNIT_SCADA,1,"2019/08/22 06:25:00",DG_VIC1,0
D,DISPATCH,UNIT_SCADA,1,"2019/08/22 06:25:00",DRYCGT1,0
D,DISPATCH,UNIT_SCADA,1,"2019/08/22 06:25:00",DRYCGT2,0
D,DISPATCH,UNIT_SCADA,1,"2019/08/22 06:25:00",DRYCGT3,0
D,DISPATCH,UNIT_SCADA,1,"2019/08/22 06:25:00",EILDON1,0
D,DISPATCH,UNIT_SCADA,1,"2019/08/22 06:25:00",EILDON2,0
D,DISPATCH,UNIT_SCADA,1,"2019/08/22 06:25:00",EMERASF1,0
D,DISPATCH,UNIT_SCADA,1,"2019/08/22 06:25:00",ER01,561.425050
D,DISPATCH,UNIT_SCADA,1,"2019/08/22 06:25:00",ER02,552.1499
D,DISPATCH,UNIT_SCADA,1,"2019/08/22 06:25:00",ER03,694.449950
D,DISPATCH,UNIT_SCADA,1,"2019/08/22 06:25:00",ER04,658.224980
D,DISPATCH,UNIT_SCADA,1,"2019/08/22 06:25:00",FINLYSF1,0
D,DISPATCH,UNIT_SCADA,1,"2019/08/22 06:25:00",FISHER,45.99
D,DISPATCH,UNIT_SCADA,1,"2019/08/22 06:25:00",GANNBG1,4.764860
D,DISPATCH,UNIT_SCADA,1,"2019/08/22 06:25:00",GANNBL1,0
D,DISPATCH,UNIT_SCADA,1,"2019/08/22 06:25:00",GANNSF1,0
D,DISPATCH,UNIT_SCADA,1,"2019/08/22 06:25:00",GORDON,21.7980
D,DISPATCH,UNIT_SCADA,1,"2019/08/22 06:25:00",GSTONE1,183.75
D,DISPATCH,UNIT_SCADA,1,"2019/08/22 06:25:00",GSTONE2,181.30
D,DISPATCH,UNIT_SCADA,1,"2019/08/22 06:25:00",GSTONE3,187.0750
D,DISPATCH,UNIT_SCADA,1,"2019/08/22 06:25:00",GSTONE4,194.25
D,DISPATCH,UNIT_SCADA,1,"2019/08/22 06:25:00",GSTONE5,186.20
D,DISPATCH,UNIT_SCADA,1,"2019/08/22 06:25:00",GSTONE6,0
D,DISPATCH,UNIT_SCADA,1,"2019/08/22 06:25:00",GULLRSF1,0
D,DISPATCH,UNIT_SCADA,1,"2019/08/22 06:25:00",GULLRWF1,158.346590
D,DISPATCH,UNIT_SCADA,1,"2019/08/22 06:25:00",GUNNING1,46.384960
D,DISPATCH,UNIT_SCADA,1,"2019/08/22 06:25:00",GUTHEGA,0
D,DISPATCH,UNIT_SCADA,1,"2019/08/22 06:25:00",HALLWF1,69.74
D,DISPATCH,UNIT_SCADA,1,"2019/08/22 06:25:00",HALLWF2,55.97
D,DISPATCH,UNIT_SCADA,1,"2019/08/22 06:25:00",HAMISF1,0
D,DISPATCH,UNIT_SCADA,1,"2019/08/22 06:25:00",HAUGHT11,0
D,DISPATCH,UNIT_SCADA,1,"2019/08/22 06:25:00",HAYMSF1,0
D,DISPATCH,UNIT_SCADA,1,"2019/08/22 06:25:00",HDWF1,50.70
D,DISPATCH,UNIT_SCADA,1,"2019/08/22 06:25:00",HDWF2,48.80
D,DISPATCH,UNIT_SCADA,1,"2019/08/22 06:25:00",HDWF3,55.70
D,DISPATCH,UNIT_SCADA,1,"2019/08/22 06:25:00",HPRG1,2.90
D,DISPATCH,UNIT_SCADA,1,"2019/08/22 06:25:00",HPRL1,0
D,DISPATCH,UNIT_SCADA,1,"2019/08/22 06:25:00",HUMENSW,0
D,DISPATCH,UNIT_SCADA,1,"2019/08/22 06:25:00",HUMEV,10.40
D,DISPATCH,UNIT_SCADA,1,"2019/08/22 06:25:00",HVGTS,0
D,DISPATCH,UNIT_SCADA,1,"2019/08/22 06:25:00",JBUTTERS,134.319990
D,DISPATCH,UNIT_SCADA,1,"2019/08/22 06:25:00",JLA01,0.50
D,DISPATCH,UNIT_SCADA,1,"2019/08/22 06:25:00",JLA02,0
D,DISPATCH,UNIT_SCADA,1,"2019/08/22 06:25:00",JLA03,0.10
D,DISPATCH,UNIT_SCADA,1,"2019/08/22 06:25:00",JLA04,0.10
D,DISPATCH,UNIT_SCADA,1,"2019/08/22 06:25:00",JLB01,0
D,DISPATCH,UNIT_SCADA,1,"2019/08/22 06:25:00",JLB02,0.10
D,DISPATCH,UNIT_SCADA,1,"2019/08/22 06:25:00",JLB03,0
D,DISPATCH,UNIT_SCADA,1,"2019/08/22 06:25:00",KAREEYA1,21.5050
D,DISPATCH,UNIT_SCADA,1,"2019/08/22 06:25:00",KAREEYA2,21.8375
D,DISPATCH,UNIT_SCADA,1,"2019/08/22 06:25:00",KAREEYA3,0
D,DISPATCH,UNIT_SCADA,1,"2019/08/22 06:25:00",KAREEYA4,21.7650
D,DISPATCH,UNIT_SCADA,1,"2019/08/22 06:25:00",KARSF1,0
D,DISPATCH,UNIT_SCADA,1,"2019/08/22 06:25:00",KIATAWF1,30.90
D,DISPATCH,UNIT_SCADA,1,"2019/08/22 06:25:00",KPP_1,0
D,DISPATCH,UNIT_SCADA,1,"2019/08/22 06:25:00",KSP1,0
D,DISPATCH,UNIT_SCADA,1,"2019/08/22 06:25:00",LADBROK1,0
D,DISPATCH,UNIT_SCADA,1,"2019/08/22 06:25:00",LADBROK2,0
D,DISPATCH,UNIT_SCADA,1,"2019/08/22 06:25:00",LD01,353.850040
D,DISPATCH,UNIT_SCADA,1,"2019/08/22 06:25:00",LD02,353.381290
D,DISPATCH,UNIT_SCADA,1,"2019/08/22 06:25:00",LD03,354.768770
D,DISPATCH,UNIT_SCADA,1,"2019/08/22 06:25:00",LD04,353.306210
D,DISPATCH,UNIT_SCADA,1,"2019/08/22 06:25:00",LEM_WIL,86.237350
D,DISPATCH,UNIT_SCADA,1,"2019/08/22 06:25:00",LGAPWF1,8.34
D,DISPATCH,UNIT_SCADA,1,"2019/08/22 06:25:00",LILYSF1,0
D,DISPATCH,UNIT_SCADA,1,"2019/08/22 06:25:00",LI_WY_CA,149.011020
D,DISPATCH,UNIT_SCADA,1,"2019/08/22 06:25:00",LKBONNY2,141.018690
D,DISPATCH,UNIT_SCADA,1,"2019/08/22 06:25:00",LKBONNY3,31.818550
D,DISPATCH,UNIT_SCADA,1,"2019/08/22 06:25:00",LK_ECHO,0
D,DISPATCH,UNIT_SCADA,1,"2019/08/22 06:25:00",LNGS1,0
D,DISPATCH,UNIT_SCADA,1,"2019/08/22 06:25:00",LNGS2,0
D,DISPATCH,UNIT_SCADA,1,"2019/08/22 06:25:00",LONSDALE,0
D,DISPATCH,UNIT_SCADA,1,"2019/08/22 06:25:00",LOYYB1,535.712650
D,DISPATCH,UNIT_SCADA,1,"2019/08/22 06:25:00",LOYYB2,583.458250
D,DISPATCH,UNIT_SCADA,1,"2019/08/22 06:25:00",LYA1,559
D,DISPATCH,UNIT_SCADA,1,"2019/08/22 06:25:00",LYA2,0
D,DISPATCH,UNIT_SCADA,1,"2019/08/22 06:25:00",LYA3,560
D,DISPATCH,UNIT_SCADA,1,"2019/08/22 06:25:00",LYA4,529
D,DISPATCH,UNIT_SCADA,1,"2019/08/22 06:25:00",MACARTH1,285.993410
D,DISPATCH,UNIT_SCADA,1,"2019/08/22 06:25:00",MACKAYGT,0
D,DISPATCH,UNIT_SCADA,1,"2019/08/22 06:25:00",MACKNTSH,86.69
D,DISPATCH,UNIT_SCADA,1,"2019/08/22 06:25:00",MANSLR1,0
D,DISPATCH,UNIT_SCADA,1,"2019/08/22 06:25:00",MCKAY1,0.02
D,DISPATCH,UNIT_SCADA,1,"2019/08/22 06:25:00",MEADOWBK,33.895880
D,DISPATCH,UNIT_SCADA,1,"2019/08/22 06:25:00",MERCER01,97.2880
D,DISPATCH,UNIT_SCADA,1,"2019/08/22 06:25:00",MEWF1,61.788160
D,DISPATCH,UNIT_SCADA,1,"2019/08/22 06:25:00",MINTARO,0
D,DISPATCH,UNIT_SCADA,1,"2019/08/22 06:25:00",MOREESF1,0
D,DISPATCH,UNIT_SCADA,1,"2019/08/22 06:25:00",MORTLK11,0
D,DISPATCH,UNIT_SCADA,1,"2019/08/22 06:25:00",MORTLK12,0
D,DISPATCH,UNIT_SCADA,1,"2019/08/22 06:25:00",MP1,283
D,DISPATCH,UNIT_SCADA,1,"2019/08/22 06:25:00",MP2,0
D,DISPATCH,UNIT_SCADA,1,"2019/08/22 06:25:00",MPP_1,421.50
D,DISPATCH,UNIT_SCADA,1,"2019/08/22 06:25:00",MPP_2,435
D,DISPATCH,UNIT_SCADA,1,"2019/08/22 06:25:00",MSTUART1,0
D,DISPATCH,UNIT_SCADA,1,"2019/08/22 06:25:00",MSTUART2,0
D,DISPATCH,UNIT_SCADA,1,"2019/08/22 06:25:00",MSTUART3,0
D,DISPATCH,UNIT_SCADA,1,"2019/08/22 06:25:00",MTGELWF1,64.0614
D,DISPATCH,UNIT_SCADA,1,"2019/08/22 06:25:00",MURRAY,0.60
D,DISPATCH,UNIT_SCADA,1,"2019/08/22 06:25:00",MUSSELR1,153.80
D,DISPATCH,UNIT_SCADA,1,"2019/08/22 06:25:00",MUWAWF1,54.90
D,DISPATCH,UNIT_SCADA,1,"2019/08/22 06:25:00",NBHWF1,90.50
D,DISPATCH,UNIT_SCADA,1,"2019/08/22 06:25:00",NPS,0
D,DISPATCH,UNIT_SCADA,1,"2019/08/22 06:25:00",NUMURSF1,0
D,DISPATCH,UNIT_SCADA,1,"2019/08/22 06:25:00",NYNGAN1,0
D,DISPATCH,UNIT_SCADA,1,"2019/08/22 06:25:00",OAKEY1,0
D,DISPATCH,UNIT_SCADA,1,"2019/08/22 06:25:00",OAKEY1SF,0
D,DISPATCH,UNIT_SCADA,1,"2019/08/22 06:25:00",OAKEY2,0
D,DISPATCH,UNIT_SCADA,1,"2019/08/22 06:25:00",OAKLAND1,57.60
D,DISPATCH,UNIT_SCADA,1,"2019/08/22 06:25:00",OSB-AG,0
D,DISPATCH,UNIT_SCADA,1,"2019/08/22 06:25:00",PARSF1,0
D,DISPATCH,UNIT_SCADA,1,"2019/08/22 06:25:00",POAT110,0
D,DISPATCH,UNIT_SCADA,1,"2019/08/22 06:25:00",POAT220,0
D,DISPATCH,UNIT_SCADA,1,"2019/08/22 06:25:00",POR01,0
D,DISPATCH,UNIT_SCADA,1,"2019/08/22 06:25:00",POR03,0
D,DISPATCH,UNIT_SCADA,1,"2019/08/22 06:25:00",PPCCGT,184.960980
D,DISPATCH,UNIT_SCADA,1,"2019/08/22 06:25:00",PTSTAN1,0
D,DISPATCH,UNIT_SCADA,1,"2019/08/22 06:25:00",PUMP1,0
D,DISPATCH,UNIT_SCADA,1,"2019/08/22 06:25:00",PUMP2,0
D,DISPATCH,UNIT_SCADA,1,"2019/08/22 06:25:00",QPS1,0
D,DISPATCH,UNIT_SCADA,1,"2019/08/22 06:25:00",QPS2,0
D,DISPATCH,UNIT_SCADA,1,"2019/08/22 06:25:00",QPS3,0
D,DISPATCH,UNIT_SCADA,1,"2019/08/22 06:25:00",QPS4,0
D,DISPATCH,UNIT_SCADA,1,"2019/08/22 06:25:00",QPS5,0
D,DISPATCH,UNIT_SCADA,1,"2019/08/22 06:25:00",REECE1,118.170010
D,DISPATCH,UNIT_SCADA,1,"2019/08/22 06:25:00",REECE2,119.020010
D,DISPATCH,UNIT_SCADA,1,"2019/08/22 06:25:00",ROMA_7,0
D,DISPATCH,UNIT_SCADA,1,"2019/08/22 06:25:00",ROMA_8,0
D,DISPATCH,UNIT_SCADA,1,"2019/08/22 06:25:00",RRSF1,0
D,DISPATCH,UNIT_SCADA,1,"2019/08/22 06:25:00",RT_NSW1,0
D,DISPATCH,UNIT_SCADA,1,"2019/08/22 06:25:00",RT_NSW2,0
D,DISPATCH,UNIT_SCADA,1,"2019/08/22 06:25:00",RT_NSW3,0
D,DISPATCH,UNIT_SCADA,1,"2019/08/22 06:25:00",RT_NSW4,0
D,DISPATCH,UNIT_SCADA,1,"2019/08/22 06:25:00",RT_NSW5,0
D,DISPATCH,UNIT_SCADA,1,"2019/08/22 06:25:00",RT_NSW6,0
D,DISPATCH,UNIT_SCADA,1,"2019/08/22 06:25:00",RT_QLD1,0
D,DISPATCH,UNIT_SCADA,1,"2019/08/22 06:25:00",RT_SA1,0
D,DISPATCH,UNIT_SCADA,1,"2019/08/22 06:25:00",RT_SA2,0
D,DISPATCH,UNIT_SCADA,1,"2019/08/22 06:25:00",RT_SA3,0
D,DISPATCH,UNIT_SCADA,1,"2019/08/22 06:25:00",RT_SA4,0
D,DISPATCH,UNIT_SCADA,1,"2019/08/22 06:25:00",RT_SA5,0
D,DISPATCH,UNIT_SCADA,1,"2019/08/22 06:25:00",RT_SA6,0
D,DISPATCH,UNIT_SCADA,1,"2019/08/22 06:25:00",RT_TAS1,0
D,DISPATCH,UNIT_SCADA,1,"2019/08/22 06:25:00",RT_VIC1,0
D,DISPATCH,UNIT_SCADA,1,"2019/08/22 06:25:00",RT_VIC10,0
D,DISPATCH,UNIT_SCADA,1,"2019/08/22 06:25:00",RT_VIC11,0
D,DISPATCH,UNIT_SCADA,1,"2019/08/22 06:25:00",RT_VIC12,0
D,DISPATCH,UNIT_SCADA,1,"2019/08/22 06:25:00",RT_VIC2,0
D,DISPATCH,UNIT_SCADA,1,"2019/08/22 06:25:00",RT_VIC3,0
D,DISPATCH,UNIT_SCADA,1,"2019/08/22 06:25:00",RT_VIC4,0
D,DISPATCH,UNIT_SCADA,1,"2019/08/22 06:25:00",RT_VIC5,0
D,DISPATCH,UNIT_SCADA,1,"2019/08/22 06:25:00",RT_VIC6,0
D,DISPATCH,UNIT_SCADA,1,"2019/08/22 06:25:00",RT_VIC7,0
D,DISPATCH,UNIT_SCADA,1,"2019/08/22 06:25:00",RT_VIC8,0
D,DISPATCH,UNIT_SCADA,1,"2019/08/22 06:25:00",RT_VIC9,0
D,DISPATCH,UNIT_SCADA,1,"2019/08/22 06:25:00",RUGBYR1,0
D,DISPATCH,UNIT_SCADA,1,"2019/08/22 06:25:00",SALTCRK1,43.23
D,DISPATCH,UNIT_SCADA,1,"2019/08/22 06:25:00",SAPHWF1,217.912480
D,DISPATCH,UNIT_SCADA,1,"2019/08/22 06:25:00",SHGEN,0
D,DISPATCH,UNIT_SCADA,1,"2019/08/22 06:25:00",SHPUMP,0
D,DISPATCH,UNIT_SCADA,1,"2019/08/22 06:25:00",SITHE01,0.083520
D,DISPATCH,UNIT_SCADA,1,"2019/08/22 06:25:00",SMCSF1,0
D,DISPATCH,UNIT_SCADA,1,"2019/08/22 06:25:00",SNOWNTH1,20
D,DISPATCH,UNIT_SCADA,1,"2019/08/22 06:25:00",SNOWSTH1,32.60
D,DISPATCH,UNIT_SCADA,1,"2019/08/22 06:25:00",SNOWTWN1,18.876040
D,DISPATCH,UNIT_SCADA,1,"2019/08/22 06:25:00",SNOWYP,0
D,DISPATCH,UNIT_SCADA,1,"2019/08/22 06:25:00",SNUG1,0.019440
D,DISPATCH,UNIT_SCADA,1,"2019/08/22 06:25:00",SRSF1,0.44
D,DISPATCH,UNIT_SCADA,1,"2019/08/22 06:25:00",STAN-1,0
D,DISPATCH,UNIT_SCADA,1,"2019/08/22 06:25:00",STAN-2,269.4686
D,DISPATCH,UNIT_SCADA,1,"2019/08/22 06:25:00",STAN-3,284.068080
D,DISPATCH,UNIT_SCADA,1,"2019/08/22 06:25:00",STAN-4,259.534820
D,DISPATCH,UNIT_SCADA,1,"2019/08/22 06:25:00",STWF1,163.226260
D,DISPATCH,UNIT_SCADA,1,"2019/08/22 06:25:00",SWAN_E,0
D,DISPATCH,UNIT_SCADA,1,"2019/08/22 06:25:00",TALWA1,383
D,DISPATCH,UNIT_SCADA,1,"2019/08/22 06:25:00",TARALGA1,65.512510
D,DISPATCH,UNIT_SCADA,1,"2019/08/22 06:25:00",TARONG#1,329.50
D,DISPATCH,UNIT_SCADA,1,"2019/08/22 06:25:00",TARONG#2,318.300020
D,DISPATCH,UNIT_SCADA,1,"2019/08/22 06:25:00",TARONG#3,261.100010
D,DISPATCH,UNIT_SCADA,1,"2019/08/22 06:25:00",TARONG#4,330.600010
D,DISPATCH,UNIT_SCADA,1,"2019/08/22 06:25:00",TARRALEA,84
D,DISPATCH,UNIT_SCADA,1,"2019/08/22 06:25:00",TBSF1,-0.20
D,DISPATCH,UNIT_SCADA,1,"2019/08/22 06:25:00",TNPS1,220.000020
D,DISPATCH,UNIT_SCADA,1,"2019/08/22 06:25:00",TORRA1,46.695970
D,DISPATCH,UNIT_SCADA,1,"2019/08/22 06:25:00",TORRA2,0
D,DISPATCH,UNIT_SCADA,1,"2019/08/22 06:25:00",TORRA3,14.334160
D,DISPATCH,UNIT_SCADA,1,"2019/08/22 06:25:00",TORRA4,0
D,DISPATCH,UNIT_SCADA,1,"2019/08/22 06:25:00",TORRB1,63.36
D,DISPATCH,UNIT_SCADA,1,"2019/08/22 06:25:00",TORRB2,62.97
D,DISPATCH,UNIT_SCADA,1,"2019/08/22 06:25:00",TORRB3,0
D,DISPATCH,UNIT_SCADA,1,"2019/08/22 06:25:00",TORRB4,0
D,DISPATCH,UNIT_SCADA,1,"2019/08/22 06:25:00",TREVALLN,24.560030
D,DISPATCH,UNIT_SCADA,1,"2019/08/22 06:25:00",TRIBUTE,84.02
D,DISPATCH,UNIT_SCADA,1,"2019/08/22 06:25:00",TUMUT3,0
D,DISPATCH,UNIT_SCADA,1,"2019/08/22 06:25:00",TUNGATIN,124.800030
D,DISPATCH,UNIT_SCADA,1,"2019/08/22 06:25:00",TVCC201,0
D,DISPATCH,UNIT_SCADA,1,"2019/08/22 06:25:00",TVPP104,0
D,DISPATCH,UNIT_SCADA,1,"2019/08/22 06:25:00",UPPTUMUT,0
D,DISPATCH,UNIT_SCADA,1,"2019/08/22 06:25:00",URANQ11,0
D,DISPATCH,UNIT_SCADA,1,"2019/08/22 06:25:00",URANQ12,0
D,DISPATCH,UNIT_SCADA,1,"2019/08/22 06:25:00",URANQ13,0
D,DISPATCH,UNIT_SCADA,1,"2019/08/22 06:25:00",URANQ14,0
D,DISPATCH,UNIT_SCADA,1,"2019/08/22 06:25:00",VP5,490.175020
D,DISPATCH,UNIT_SCADA,1,"2019/08/22 06:25:00",VP6,558.775020
D,DISPATCH,UNIT_SCADA,1,"2019/08/22 06:25:00",VPGS1,0
D,DISPATCH,UNIT_SCADA,1,"2019/08/22 06:25:00",VPGS2,0
D,DISPATCH,UNIT_SCADA,1,"2019/08/22 06:25:00",VPGS3,0
D,DISPATCH,UNIT_SCADA,1,"2019/08/22 06:25:00",VPGS4,0
D,DISPATCH,UNIT_SCADA,1,"2019/08/22 06:25:00",VPGS5,0
D,DISPATCH,UNIT_SCADA,1,"2019/08/22 06:25:00",VPGS6,0
D,DISPATCH,UNIT_SCADA,1,"2019/08/22 06:25:00",W/HOE#1,0
D,DISPATCH,UNIT_SCADA,1,"2019/08/22 06:25:00",W/HOE#2,0
D,DISPATCH,UNIT_SCADA,1,"2019/08/22 06:25:00",WATERLWF,92.60
D,DISPATCH,UNIT_SCADA,1,"2019/08/22 06:25:00",WEMENSF1,0
D,DISPATCH,UNIT_SCADA,1,"2019/08/22 06:25:00",WGWF1,97
D,DISPATCH,UNIT_SCADA,1,"2019/08/22 06:25:00",WHITSF1,0
D,DISPATCH,UNIT_SCADA,1,"2019/08/22 06:25:00",WKIEWA1,0
D,DISPATCH,UNIT_SCADA,1,"2019/08/22 06:25:00",WKIEWA2,17
D,DISPATCH,UNIT_SCADA,1,"2019/08/22 06:25:00",WOODLWN1,44.928010
D,DISPATCH,UNIT_SCADA,1,"2019/08/22 06:25:00",WRSF1,0
D,DISPATCH,UNIT_SCADA,1,"2019/08/22 06:25:00",WRWF1,168.516240
D,DISPATCH,UNIT_SCADA,1,"2019/08/22 06:25:00",YABULU,0
D,DISPATCH,UNIT_SCADA,1,"2019/08/22 06:25:00",YABULU2,0
D,DISPATCH,UNIT_SCADA,1,"2019/08/22 06:25:00",YARWUN_1,0
D,DISPATCH,UNIT_SCADA,1,"2019/08/22 06:25:00",YENDWF1,42
D,DISPATCH,UNIT_SCADA,1,"2019/08/22 06:25:00",YWPS1,348.620240
D,DISPATCH,UNIT_SCADA,1,"2019/08/22 06:25:00",YWPS2,281.9519
D,DISPATCH,UNIT_SCADA,1,"2019/08/22 06:25:00",YWPS3,0
D,DISPATCH,UNIT_SCADA,1,"2019/08/22 06:25:00",YWPS4,395.520260
C,"END OF REPORT",334
