C,NEMP.WORLD,DISPATCHSCADA,AEMO,PUBLIC,2019/09/05,09:25:08,0000000312416360,DISPATCHSCADA,0000000312416354
I,DISPATCH,UNIT_SCADA,1,SETTLEMENTDATE,DUID,SCADAVALUE
D,DISPATCH,UNIT_SCADA,1,"2019/09/05 09:30:00",BARCSF1,8.80
D,DISPATCH,UNIT_SCADA,1,"2019/09/05 09:30:00",BUTLERSG,10.199999
D,DISPATCH,UNIT_SCADA,1,"2019/09/05 09:30:00",CALL_A_4,0
D,DISPATCH,UNIT_SCADA,1,"2019/09/05 09:30:00",CAPTL_WF,0
D,DISPATCH,UNIT_SCADA,1,"2019/09/05 09:30:00",CATHROCK,40.509998
D,DISPATCH,UNIT_SCADA,1,"2019/09/05 09:30:00",CHALLHWF,0.40
D,DISPATCH,UNIT_SCADA,1,"2019/09/05 09:30:00",CLOVER,-0.01
D,DISPATCH,UNIT_SCADA,1,"2019/09/05 09:30:00",CLUNY,8.005951
D,DISPATCH,UNIT_SCADA,1,"2019/09/05 09:30:00",CNUNDAWF,21.424994
D,DISPATCH,UNIT_SCADA,1,"2019/09/05 09:30:00",CULLRGWF,2.68
D,DISPATCH,UNIT_SCADA,1,"2019/09/05 09:30:00",ERGT01,0
D,DISPATCH,UNIT_SCADA,1,"2019/09/05 09:30:00",GB01,0.017967
D,DISPATCH,UNIT_SCADA,1,"2019/09/05 09:30:00",GERMCRK,37
D,DISPATCH,UNIT_SCADA,1,"2019/09/05 09:30:00",GRIFSF1,25.199997
D,DISPATCH,UNIT_SCADA,1,"2019/09/05 09:30:00",HUGSF1,8.9610
D,DISPATCH,UNIT_SCADA,1,"2019/09/05 09:30:00",LKBONNY1,45.011921
D,DISPATCH,UNIT_SCADA,1,"2019/09/05 09:30:00",LRSF1,11.2740
D,DISPATCH,UNIT_SCADA,1,"2019/09/05 09:30:00",MBAHNTH,43.031250
D,DISPATCH,UNIT_SCADA,1,"2019/09/05 09:30:00",MLSP1,5.809001
D,DISPATCH,UNIT_SCADA,1,"2019/09/05 09:30:00",MLWF1,1.3950
D,DISPATCH,UNIT_SCADA,1,"2019/09/05 09:30:00",MTMILLAR,7.798494
D,DISPATCH,UNIT_SCADA,1,"2019/09/05 09:30:00",PALOONA,24.40
D,DISPATCH,UNIT_SCADA,1,"2019/09/05 09:30:00",PIONEER,39.900002
D,DISPATCH,UNIT_SCADA,1,"2019/09/05 09:30:00",PORTWF,30.60
D,DISPATCH,UNIT_SCADA,1,"2019/09/05 09:30:00",REPULSE,24.668955
D,DISPATCH,UNIT_SCADA,1,"2019/09/05 09:30:00",ROWALLAN,10.2311
D,DISPATCH,UNIT_SCADA,1,"2019/09/05 09:30:00",ROYALLA1,5.669001
D,DISPATCH,UNIT_SCADA,1,"2019/09/05 09:30:00",RPCG,12.60
D,DISPATCH,UNIT_SCADA,1,"2019/09/05 09:30:00",RUBICON,0
D,DISPATCH,UNIT_SCADA,1,"2019/09/05 09:30:00",SATGN1,0
D,DISPATCH,UNIT_SCADA,1,"2019/09/05 09:30:00",SATGS1,0
D,DISPATCH,UNIT_SCADA,1,"2019/09/05 09:30:00",STARHLWF,1.599534
D,DISPATCH,UNIT_SCADA,1,"2019/09/05 09:30:00",WAUBRAWF,18.8850
D,DISPATCH,UNIT_SCADA,1,"2019/09/05 09:30:00",WOOLNTH1,-0.219985
D,DISPATCH,UNIT_SCADA,1,"2019/09/05 09:30:00",WPWF,9
D,DISPATCH,UNIT_SCADA,1,"2019/09/05 09:30:00",YAMBUKWF,2
D,DISPATCH,UNIT_SCADA,1,"2019/09/05 09:30:00",YSWF1,0
D,DISPATCH,UNIT_SCADA,1,"2019/09/05 09:30:00",AGLHAL,0
D,DISPATCH,UNIT_SCADA,1,"2019/09/05 09:30:00",AGLSOM,0
D,DISPATCH,UNIT_SCADA,1,"2019/09/05 09:30:00",ANGAST1,0
D,DISPATCH,UNIT_SCADA,1,"2019/09/05 09:30:00",ARWF1,17.30
D,DISPATCH,UNIT_SCADA,1,"2019/09/05 09:30:00",BALBG1,0
D,DISPATCH,UNIT_SCADA,1,"2019/09/05 09:30:00",BALBL1,0
D,DISPATCH,UNIT_SCADA,1,"2019/09/05 09:30:00",BALDHWF1,6.5260
D,DISPATCH,UNIT_SCADA,1,"2019/09/05 09:30:00",BANN1,24.62
D,DISPATCH,UNIT_SCADA,1,"2019/09/05 09:30:00",BARCALDN,0
D,DISPATCH,UNIT_SCADA,1,"2019/09/05 09:30:00",BARRON-1,33.12
D,DISPATCH,UNIT_SCADA,1,"2019/09/05 09:30:00",BARRON-2,0
D,DISPATCH,UNIT_SCADA,1,"2019/09/05 09:30:00",BASTYAN,80.610010
D,DISPATCH,UNIT_SCADA,1,"2019/09/05 09:30:00",BBTHREE1,0
D,DISPATCH,UNIT_SCADA,1,"2019/09/05 09:30:00",BBTHREE2,0
D,DISPATCH,UNIT_SCADA,1,"2019/09/05 09:30:00",BBTHREE3,0
D,DISPATCH,UNIT_SCADA,1,"2019/09/05 09:30:00",BDL01,43.56
D,DISPATCH,UNIT_SCADA,1,"2019/09/05 09:30:00",BDL02,-0.12
D,DISPATCH,UNIT_SCADA,1,"2019/09/05 09:30:00",BERYLSF1,70.711960
D,DISPATCH,UNIT_SCADA,1,"2019/09/05 09:30:00",BLOWERNG,11
D,DISPATCH,UNIT_SCADA,1,"2019/09/05 09:30:00",BLUFF1,0
D,DISPATCH,UNIT_SCADA,1,"2019/09/05 09:30:00",BNGSF1,97.46
D,DISPATCH,UNIT_SCADA,1,"2019/09/05 09:30:00",BNGSF2,20
D,DISPATCH,UNIT_SCADA,1,"2019/09/05 09:30:00",BOCORWF1,0
D,DISPATCH,UNIT_SCADA,1,"2019/09/05 09:30:00",BODWF1,12.232590
D,DISPATCH,UNIT_SCADA,1,"2019/09/05 09:30:00",BRAEMAR1,0
D,DISPATCH,UNIT_SCADA,1,"2019/09/05 09:30:00",BRAEMAR2,0
D,DISPATCH,UNIT_SCADA,1,"2019/09/05 09:30:00",BRAEMAR3,0
D,DISPATCH,UNIT_SCADA,1,"2019/09/05 09:30:00",BRAEMAR5,0
D,DISPATCH,UNIT_SCADA,1,"2019/09/05 09:30:00",BRAEMAR6,0
D,DISPATCH,UNIT_SCADA,1,"2019/09/05 09:30:00",BRAEMAR7,0
D,DISPATCH,UNIT_SCADA,1,"2019/09/05 09:30:00",BROKENH1,38.398930
D,DISPATCH,UNIT_SCADA,1,"2019/09/05 09:30:00",BW01,562.675050
D,DISPATCH,UNIT_SCADA,1,"2019/09/05 09:30:00",BW02,655.3750
D,DISPATCH,UNIT_SCADA,1,"2019/09/05 09:30:00",BW03,647.824950
D,DISPATCH,UNIT_SCADA,1,"2019/09/05 09:30:00",BW04,0
D,DISPATCH,UNIT_SCADA,1,"2019/09/05 09:30:00",CALL_B_1,294.300020
D,DISPATCH,UNIT_SCADA,1,"2019/09/05 09:30:00",CALL_B_2,214.30
D,DISPATCH,UNIT_SCADA,1,"2019/09/05 09:30:00",CETHANA,79.922620
D,DISPATCH,UNIT_SCADA,1,"2019/09/05 09:30:00",CG1,0
D,DISPATCH,UNIT_SCADA,1,"2019/09/05 09:30:00",CG2,0
D,DISPATCH,UNIT_SCADA,1,"2019/09/05 09:30:00",CG3,0
D,DISPATCH,UNIT_SCADA,1,"2019/09/05 09:30:00",CG4,0
D,DISPATCH,UNIT_SCADA,1,"2019/09/05 09:30:00",CHILDSF1,55.59
D,DISPATCH,UNIT_SCADA,1,"2019/09/05 09:30:00",CLARESF1,48.009220
D,DISPATCH,UNIT_SCADA,1,"2019/09/05 09:30:00",CLEMGPWF,35.513260
D,DISPATCH,UNIT_SCADA,1,"2019/09/05 09:30:00",CLERMSF1,15.17
D,DISPATCH,UNIT_SCADA,1,"2019/09/05 09:30:00",COLEASF1,141
D,DISPATCH,UNIT_SCADA,1,"2019/09/05 09:30:00",COOPGWF1,0
D,DISPATCH,UNIT_SCADA,1,"2019/09/05 09:30:00",CPP_3,199.100010
D,DISPATCH,UNIT_SCADA,1,"2019/09/05 09:30:00",CPP_4,179.5750
D,DISPATCH,UNIT_SCADA,1,"2019/09/05 09:30:00",CPSA,74.414380
D,DISPATCH,UNIT_SCADA,1,"2019/09/05 09:30:00",CROOKWF2,6.704990
D,DISPATCH,UNIT_SCADA,1,"2019/09/05 09:30:00",CROWLWF1,2.489220
D,DISPATCH,UNIT_SCADA,1,"2019/09/05 09:30:00",CSPVPS1,29.6380
D,DISPATCH,UNIT_SCADA,1,"2019/09/05 09:30:00",DALNTH01,0.028990
D,DISPATCH,UNIT_SCADA,1,"2019/09/05 09:30:00",DALNTHL1,0
D,DISPATCH,UNIT_SCADA,1,"2019/09/05 09:30:00",DARTM1,133.70
D,DISPATCH,UNIT_SCADA,1,"2019/09/05 09:30:00",DAYDSF1,6.6280
D,DISPATCH,UNIT_SCADA,1,"2019/09/05 09:30:00",DDPS1,0
D,DISPATCH,UNIT_SCADA,1,"2019/09/05 09:30:00",DDSF1,91.664380
D,DISPATCH,UNIT_SCADA,1,"2019/09/05 09:30:00",DEVILS_G,56.437270
D,DISPATCH,UNIT_SCADA,1,"2019/09/05 09:30:00",DG_NSW1,0
D,DISPATCH,UNIT_SCADA,1,"2019/09/05 09:30:00",DG_QLD1,0
D,DISPATCH,UNIT_SCADA,1,"2019/09/05 09:30:00",DG_SA1,0
D,DISPATCH,UNIT_SCADA,1,"2019/09/05 09:30:00",DG_TAS1,0
D,DISPATCH,UNIT_SCADA,1,"2019/09/05 09:30:00",DG_VIC1,0
D,DISPATCH,UNIT_SCADA,1,"2019/09/05 09:30:00",DRYCGT1,0
D,DISPATCH,UNIT_SCADA,1,"2019/09/05 09:30:00",DRYCGT2,0
D,DISPATCH,UNIT_SCADA,1,"2019/09/05 09:30:00",DRYCGT3,0
D,DISPATCH,UNIT_SCADA,1,"2019/09/05 09:30:00",EILDON1,0
D,DISPATCH,UNIT_SCADA,1,"2019/09/05 09:30:00",EILDON2,0
D,DISPATCH,UNIT_SCADA,1,"2019/09/05 09:30:00",EMERASF1,2.97
D,DISPATCH,UNIT_SCADA,1,"2019/09/05 09:30:00",ER01,587.8750
D,DISPATCH,UNIT_SCADA,1,"2019/09/05 09:30:00",ER02,484.825070
D,DISPATCH,UNIT_SCADA,1,"2019/09/05 09:30:00",ER03,0
D,DISPATCH,UNIT_SCADA,1,"2019/09/05 09:30:00",ER04,690.8750
D,DISPATCH,UNIT_SCADA,1,"2019/09/05 09:30:00",FINLYSF1,8.331250
D,DISPATCH,UNIT_SCADA,1,"2019/09/05 09:30:00",FISHER,45.95
D,DISPATCH,UNIT_SCADA,1,"2019/09/05 09:30:00",GANNBG1,0.003560
D,DISPATCH,UNIT_SCADA,1,"2019/09/05 09:30:00",GANNBL1,0.006290
D,DISPATCH,UNIT_SCADA,1,"2019/09/05 09:30:00",GANNSF1,9.20
D,DISPATCH,UNIT_SCADA,1,"2019/09/05 09:30:00",GORDON,30.323440
D,DISPATCH,UNIT_SCADA,1,"2019/09/05 09:30:00",GSTONE1,129.6750
D,DISPATCH,UNIT_SCADA,1,"2019/09/05 09:30:00",GSTONE2,110.0750
D,DISPATCH,UNIT_SCADA,1,"2019/09/05 09:30:00",GSTONE3,0
D,DISPATCH,UNIT_SCADA,1,"2019/09/05 09:30:00",GSTONE4,130.3750
D,DISPATCH,UNIT_SCADA,1,"2019/09/05 09:30:00",GSTONE5,128.974990
D,DISPATCH,UNIT_SCADA,1,"2019/09/05 09:30:00",GSTONE6,129.3250
D,DISPATCH,UNIT_SCADA,1,"2019/09/05 09:30:00",GULLRSF1,4.689790
D,DISPATCH,UNIT_SCADA,1,"2019/09/05 09:30:00",GULLRWF1,19.834230
D,DISPATCH,UNIT_SCADA,1,"2019/09/05 09:30:00",GUNNING1,3.382890
D,DISPATCH,UNIT_SCADA,1,"2019/09/05 09:30:00",GUTHEGA,0
D,DISPATCH,UNIT_SCADA,1,"2019/09/05 09:30:00",HALLWF1,-0.41
D,DISPATCH,UNIT_SCADA,1,"2019/09/05 09:30:00",HALLWF2,-0.31
D,DISPATCH,UNIT_SCADA,1,"2019/09/05 09:30:00",HAMISF1,46.30
D,DISPATCH,UNIT_SCADA,1,"2019/09/05 09:30:00",HAUGHT11,98.6030
D,DISPATCH,UNIT_SCADA,1,"2019/09/05 09:30:00",HAYMSF1,40.6210
D,DISPATCH,UNIT_SCADA,1,"2019/09/05 09:30:00",HDWF1,2.30
D,DISPATCH,UNIT_SCADA,1,"2019/09/05 09:30:00",HDWF2,1
D,DISPATCH,UNIT_SCADA,1,"2019/09/05 09:30:00",HDWF3,2.10
D,DISPATCH,UNIT_SCADA,1,"2019/09/05 09:30:00",HPRG1,1.20
D,DISPATCH,UNIT_SCADA,1,"2019/09/05 09:30:00",HPRL1,0
D,DISPATCH,UNIT_SCADA,1,"2019/09/05 09:30:00",HUMENSW,0
D,DISPATCH,UNIT_SCADA,1,"2019/09/05 09:30:00",HUMEV,25.50
D,DISPATCH,UNIT_SCADA,1,"2019/09/05 09:30:00",HVGTS,0
D,DISPATCH,UNIT_SCADA,1,"2019/09/05 09:30:00",JBUTTERS,112.24
D,DISPATCH,UNIT_SCADA,1,"2019/09/05 09:30:00",JLA01,0.10
D,DISPATCH,UNIT_SCADA,1,"2019/09/05 09:30:00",JLA02,0
D,DISPATCH,UNIT_SCADA,1,"2019/09/05 09:30:00",JLA03,0
D,DISPATCH,UNIT_SCADA,1,"2019/09/05 09:30:00",JLA04,0
D,DISPATCH,UNIT_SCADA,1,"2019/09/05 09:30:00",JLB01,0
D,DISPATCH,UNIT_SCADA,1,"2019/09/05 09:30:00",JLB02,39.70
D,DISPATCH,UNIT_SCADA,1,"2019/09/05 09:30:00",JLB03,0
D,DISPATCH,UNIT_SCADA,1,"2019/09/05 09:30:00",KAREEYA1,21.4750
D,DISPATCH,UNIT_SCADA,1,"2019/09/05 09:30:00",KAREEYA2,21.68
D,DISPATCH,UNIT_SCADA,1,"2019/09/05 09:30:00",KAREEYA3,0
D,DISPATCH,UNIT_SCADA,1,"2019/09/05 09:30:00",KAREEYA4,21.5225
D,DISPATCH,UNIT_SCADA,1,"2019/09/05 09:30:00",KARSF1,80.20
D,DISPATCH,UNIT_SCADA,1,"2019/09/05 09:30:00",KIATAWF1,8.60
D,DISPATCH,UNIT_SCADA,1,"2019/09/05 09:30:00",KPP_1,0
D,DISPATCH,UNIT_SCADA,1,"2019/09/05 09:30:00",KSP1,47.50
D,DISPATCH,UNIT_SCADA,1,"2019/09/05 09:30:00",LADBROK1,41.05
D,DISPATCH,UNIT_SCADA,1,"2019/09/05 09:30:00",LADBROK2,41.93
D,DISPATCH,UNIT_SCADA,1,"2019/09/05 09:30:00",LD01,378.524960
D,DISPATCH,UNIT_SCADA,1,"2019/09/05 09:30:00",LD02,379.256290
D,DISPATCH,UNIT_SCADA,1,"2019/09/05 09:30:00",LD03,381.731230
D,DISPATCH,UNIT_SCADA,1,"2019/09/05 09:30:00",LD04,382.631290
D,DISPATCH,UNIT_SCADA,1,"2019/09/05 09:30:00",LEM_WIL,82.1940
D,DISPATCH,UNIT_SCADA,1,"2019/09/05 09:30:00",LGAPWF1,28.75
D,DISPATCH,UNIT_SCADA,1,"2019/09/05 09:30:00",LILYSF1,88.080380
D,DISPATCH,UNIT_SCADA,1,"2019/09/05 09:30:00",LI_WY_CA,160.214570
D,DISPATCH,UNIT_SCADA,1,"2019/09/05 09:30:00",LKBONNY2,40.991890
D,DISPATCH,UNIT_SCADA,1,"2019/09/05 09:30:00",LKBONNY3,18.700370
D,DISPATCH,UNIT_SCADA,1,"2019/09/05 09:30:00",LK_ECHO,0
D,DISPATCH,UNIT_SCADA,1,"2019/09/05 09:30:00",LNGS1,0
D,DISPATCH,UNIT_SCADA,1,"2019/09/05 09:30:00",LNGS2,0
D,DISPATCH,UNIT_SCADA,1,"2019/09/05 09:30:00",LONSDALE,0
D,DISPATCH,UNIT_SCADA,1,"2019/09/05 09:30:00",LOYYB1,535.336730
D,DISPATCH,UNIT_SCADA,1,"2019/09/05 09:30:00",LOYYB2,583.082280
D,DISPATCH,UNIT_SCADA,1,"2019/09/05 09:30:00",LYA1,0
D,DISPATCH,UNIT_SCADA,1,"2019/09/05 09:30:00",LYA2,0
D,DISPATCH,UNIT_SCADA,1,"2019/09/05 09:30:00",LYA3,560
D,DISPATCH,UNIT_SCADA,1,"2019/09/05 09:30:00",LYA4,541
D,DISPATCH,UNIT_SCADA,1,"2019/09/05 09:30:00",MACARTH1,0
D,DISPATCH,UNIT_SCADA,1,"2019/09/05 09:30:00",MACKAYGT,0.2240
D,DISPATCH,UNIT_SCADA,1,"2019/09/05 09:30:00",MACKNTSH,89.05
D,DISPATCH,UNIT_SCADA,1,"2019/09/05 09:30:00",MANSLR1,36.9730
D,DISPATCH,UNIT_SCADA,1,"2019/09/05 09:30:00",MCKAY1,0.0750
D,DISPATCH,UNIT_SCADA,1,"2019/09/05 09:30:00",MEADOWBK,12.0036
D,DISPATCH,UNIT_SCADA,1,"2019/09/05 09:30:00",MERCER01,28.0220
D,DISPATCH,UNIT_SCADA,1,"2019/09/05 09:30:00",MEWF1,24.941570
D,DISPATCH,UNIT_SCADA,1,"2019/09/05 09:30:00",MINTARO,0
D,DISPATCH,UNIT_SCADA,1,"2019/09/05 09:30:00",MOREESF1,51.3280
D,DISPATCH,UNIT_SCADA,1,"2019/09/05 09:30:00",MORTLK11,260
D,DISPATCH,UNIT_SCADA,1,"2019/09/05 09:30:00",MORTLK12,0
D,DISPATCH,UNIT_SCADA,1,"2019/09/05 09:30:00",MP1,220.024960
D,DISPATCH,UNIT_SCADA,1,"2019/09/05 09:30:00",MP2,0
D,DISPATCH,UNIT_SCADA,1,"2019/09/05 09:30:00",MPP_1,251
D,DISPATCH,UNIT_SCADA,1,"2019/09/05 09:30:00",MPP_2,341.25
D,DISPATCH,UNIT_SCADA,1,"2019/09/05 09:30:00",MSTUART1,0
D,DISPATCH,UNIT_SCADA,1,"2019/09/05 09:30:00",MSTUART2,0
D,DISPATCH,UNIT_SCADA,1,"2019/09/05 09:30:00",MSTUART3,0
D,DISPATCH,UNIT_SCADA,1,"2019/09/05 09:30:00",MTGELWF1,3.662220
D,DISPATCH,UNIT_SCADA,1,"2019/09/05 09:30:00",MURRAY,0
D,DISPATCH,UNIT_SCADA,1,"2019/09/05 09:30:00",MUSSELR1,1
D,DISPATCH,UNIT_SCADA,1,"2019/09/05 09:30:00",MUWAWF1,15.50
D,DISPATCH,UNIT_SCADA,1,"2019/09/05 09:30:00",NBHWF1,-0.50
D,DISPATCH,UNIT_SCADA,1,"2019/09/05 09:30:00",NPS,98.25
D,DISPATCH,UNIT_SCADA,1,"2019/09/05 09:30:00",NUMURSF1,8.80
D,DISPATCH,UNIT_SCADA,1,"2019/09/05 09:30:00",NYNGAN1,80.50
D,DISPATCH,UNIT_SCADA,1,"2019/09/05 09:30:00",OAKEY1,0
D,DISPATCH,UNIT_SCADA,1,"2019/09/05 09:30:00",OAKEY1SF,21.4130
D,DISPATCH,UNIT_SCADA,1,"2019/09/05 09:30:00",OAKEY2,0
D,DISPATCH,UNIT_SCADA,1,"2019/09/05 09:30:00",OAKEY2SF,0
D,DISPATCH,UNIT_SCADA,1,"2019/09/05 09:30:00",OAKLAND1,10.40
D,DISPATCH,UNIT_SCADA,1,"2019/09/05 09:30:00",OSB-AG,180.59
D,DISPATCH,UNIT_SCADA,1,"2019/09/05 09:30:00",PARSF1,47.099990
D,DISPATCH,UNIT_SCADA,1,"2019/09/05 09:30:00",POAT110,0
D,DISPATCH,UNIT_SCADA,1,"2019/09/05 09:30:00",POAT220,40
D,DISPATCH,UNIT_SCADA,1,"2019/09/05 09:30:00",POR01,0
D,DISPATCH,UNIT_SCADA,1,"2019/09/05 09:30:00",POR03,0
D,DISPATCH,UNIT_SCADA,1,"2019/09/05 09:30:00",PPCCGT,486.9581
D,DISPATCH,UNIT_SCADA,1,"2019/09/05 09:30:00",PTSTAN1,0
D,DISPATCH,UNIT_SCADA,1,"2019/09/05 09:30:00",PUMP1,0
D,DISPATCH,UNIT_SCADA,1,"2019/09/05 09:30:00",PUMP2,0
D,DISPATCH,UNIT_SCADA,1,"2019/09/05 09:30:00",QPS1,29.10
D,DISPATCH,UNIT_SCADA,1,"2019/09/05 09:30:00",QPS2,0
D,DISPATCH,UNIT_SCADA,1,"2019/09/05 09:30:00",QPS3,0
D,DISPATCH,UNIT_SCADA,1,"2019/09/05 09:30:00",QPS4,0
D,DISPATCH,UNIT_SCADA,1,"2019/09/05 09:30:00",QPS5,0
D,DISPATCH,UNIT_SCADA,1,"2019/09/05 09:30:00",REECE1,103.280010
D,DISPATCH,UNIT_SCADA,1,"2019/09/05 09:30:00",REECE2,101.920010
D,DISPATCH,UNIT_SCADA,1,"2019/09/05 09:30:00",ROMA_7,0
D,DISPATCH,UNIT_SCADA,1,"2019/09/05 09:30:00",ROMA_8,0
D,DISPATCH,UNIT_SCADA,1,"2019/09/05 09:30:00",RRSF1,108.424350
D,DISPATCH,UNIT_SCADA,1,"2019/09/05 09:30:00",RT_NSW1,0
D,DISPATCH,UNIT_SCADA,1,"2019/09/05 09:30:00",RT_NSW2,0
D,DISPATCH,UNIT_SCADA,1,"2019/09/05 09:30:00",RT_NSW3,0
D,DISPATCH,UNIT_SCADA,1,"2019/09/05 09:30:00",RT_NSW4,0
D,DISPATCH,UNIT_SCADA,1,"2019/09/05 09:30:00",RT_NSW5,0
D,DISPATCH,UNIT_SCADA,1,"2019/09/05 09:30:00",RT_NSW6,0
D,DISPATCH,UNIT_SCADA,1,"2019/09/05 09:30:00",RT_QLD1,0
D,DISPATCH,UNIT_SCADA,1,"2019/09/05 09:30:00",RT_SA1,0
D,DISPATCH,UNIT_SCADA,1,"2019/09/05 09:30:00",RT_SA2,0
D,DISPATCH,UNIT_SCADA,1,"2019/09/05 09:30:00",RT_SA3,0
D,DISPATCH,UNIT_SCADA,1,"2019/09/05 09:30:00",RT_SA4,0
D,DISPATCH,UNIT_SCADA,1,"2019/09/05 09:30:00",RT_SA5,0
D,DISPATCH,UNIT_SCADA,1,"2019/09/05 09:30:00",RT_SA6,0
D,DISPATCH,UNIT_SCADA,1,"2019/09/05 09:30:00",RT_TAS1,0
D,DISPATCH,UNIT_SCADA,1,"2019/09/05 09:30:00",RT_VIC1,0
D,DISPATCH,UNIT_SCADA,1,"2019/09/05 09:30:00",RT_VIC10,0
D,DISPATCH,UNIT_SCADA,1,"2019/09/05 09:30:00",RT_VIC11,0
D,DISPATCH,UNIT_SCADA,1,"2019/09/05 09:30:00",RT_VIC12,0
D,DISPATCH,UNIT_SCADA,1,"2019/09/05 09:30:00",RT_VIC2,0
D,DISPATCH,UNIT_SCADA,1,"2019/09/05 09:30:00",RT_VIC3,0
D,DISPATCH,UNIT_SCADA,1,"2019/09/05 09:30:00",RT_VIC4,0
D,DISPATCH,UNIT_SCADA,1,"2019/09/05 09:30:00",RT_VIC5,0
D,DISPATCH,UNIT_SCADA,1,"2019/09/05 09:30:00",RT_VIC6,0
D,DISPATCH,UNIT_SCADA,1,"2019/09/05 09:30:00",RT_VIC7,0
D,DISPATCH,UNIT_SCADA,1,"2019/09/05 09:30:00",RT_VIC8,0
D,DISPATCH,UNIT_SCADA,1,"2019/09/05 09:30:00",RT_VIC9,0
D,DISPATCH,UNIT_SCADA,1,"2019/09/05 09:30:00",RUGBYR1,64.837630
D,DISPATCH,UNIT_SCADA,1,"2019/09/05 09:30:00",SALTCRK1,14.93
D,DISPATCH,UNIT_SCADA,1,"2019/09/05 09:30:00",SAPHWF1,24.206270
D,DISPATCH,UNIT_SCADA,1,"2019/09/05 09:30:00",SHGEN,0
D,DISPATCH,UNIT_SCADA,1,"2019/09/05 09:30:00",SHPUMP,0
D,DISPATCH,UNIT_SCADA,1,"2019/09/05 09:30:00",SITHE01,0.1639
D,DISPATCH,UNIT_SCADA,1,"2019/09/05 09:30:00",SMCSF1,70.497760
D,DISPATCH,UNIT_SCADA,1,"2019/09/05 09:30:00",SNOWNTH1,127.10
D,DISPATCH,UNIT_SCADA,1,"2019/09/05 09:30:00",SNOWSTH1,105.20
D,DISPATCH,UNIT_SCADA,1,"2019/09/05 09:30:00",SNOWTWN1,65.850930
D,DISPATCH,UNIT_SCADA,1,"2019/09/05 09:30:00",SNOWYP,0
D,DISPATCH,UNIT_SCADA,1,"2019/09/05 09:30:00",SNUG1,0.019440
D,DISPATCH,UNIT_SCADA,1,"2019/09/05 09:30:00",SRSF1,34.37
D,DISPATCH,UNIT_SCADA,1,"2019/09/05 09:30:00",STAN-1,218.940840
D,DISPATCH,UNIT_SCADA,1,"2019/09/05 09:30:00",STAN-2,215.159590
D,DISPATCH,UNIT_SCADA,1,"2019/09/05 09:30:00",STAN-3,239.398060
D,DISPATCH,UNIT_SCADA,1,"2019/09/05 09:30:00",STAN-4,247.357910
D,DISPATCH,UNIT_SCADA,1,"2019/09/05 09:30:00",STWF1,0
D,DISPATCH,UNIT_SCADA,1,"2019/09/05 09:30:00",SWAN_E,0
D,DISPATCH,UNIT_SCADA,1,"2019/09/05 09:30:00",TALWA1,416
D,DISPATCH,UNIT_SCADA,1,"2019/09/05 09:30:00",TARALGA1,13.094990
D,DISPATCH,UNIT_SCADA,1,"2019/09/05 09:30:00",TARONG#1,279.600010
D,DISPATCH,UNIT_SCADA,1,"2019/09/05 09:30:00",TARONG#2,0
D,DISPATCH,UNIT_SCADA,1,"2019/09/05 09:30:00",TARONG#3,279.899990
D,DISPATCH,UNIT_SCADA,1,"2019/09/05 09:30:00",TARONG#4,349.300020
D,DISPATCH,UNIT_SCADA,1,"2019/09/05 09:30:00",TARRALEA,71.10
D,DISPATCH,UNIT_SCADA,1,"2019/09/05 09:30:00",TBSF1,24.70
D,DISPATCH,UNIT_SCADA,1,"2019/09/05 09:30:00",TNPS1,379.600010
D,DISPATCH,UNIT_SCADA,1,"2019/09/05 09:30:00",TORRA1,56.922390
D,DISPATCH,UNIT_SCADA,1,"2019/09/05 09:30:00",TORRA2,0
D,DISPATCH,UNIT_SCADA,1,"2019/09/05 09:30:00",TORRA3,0
D,DISPATCH,UNIT_SCADA,1,"2019/09/05 09:30:00",TORRA4,54.628570
D,DISPATCH,UNIT_SCADA,1,"2019/09/05 09:30:00",TORRB1,81.61
D,DISPATCH,UNIT_SCADA,1,"2019/09/05 09:30:00",TORRB2,81.90
D,DISPATCH,UNIT_SCADA,1,"2019/09/05 09:30:00",TORRB3,81.25
D,DISPATCH,UNIT_SCADA,1,"2019/09/05 09:30:00",TORRB4,0
D,DISPATCH,UNIT_SCADA,1,"2019/09/05 09:30:00",TREVALLN,62.610020
D,DISPATCH,UNIT_SCADA,1,"2019/09/05 09:30:00",TRIBUTE,0
D,DISPATCH,UNIT_SCADA,1,"2019/09/05 09:30:00",TUMUT3,167.84
D,DISPATCH,UNIT_SCADA,1,"2019/09/05 09:30:00",TUNGATIN,122.990040
D,DISPATCH,UNIT_SCADA,1,"2019/09/05 09:30:00",TVCC201,0
D,DISPATCH,UNIT_SCADA,1,"2019/09/05 09:30:00",TVPP104,0
D,DISPATCH,UNIT_SCADA,1,"2019/09/05 09:30:00",UPPTUMUT,363.295470
D,DISPATCH,UNIT_SCADA,1,"2019/09/05 09:30:00",URANQ11,0
D,DISPATCH,UNIT_SCADA,1,"2019/09/05 09:30:00",URANQ12,163.6250
D,DISPATCH,UNIT_SCADA,1,"2019/09/05 09:30:00",URANQ13,0
D,DISPATCH,UNIT_SCADA,1,"2019/09/05 09:30:00",URANQ14,0
D,DISPATCH,UNIT_SCADA,1,"2019/09/05 09:30:00",VP5,631.049990
D,DISPATCH,UNIT_SCADA,1,"2019/09/05 09:30:00",VP6,0
D,DISPATCH,UNIT_SCADA,1,"2019/09/05 09:30:00",VPGS1,0
D,DISPATCH,UNIT_SCADA,1,"2019/09/05 09:30:00",VPGS2,0
D,DISPATCH,UNIT_SCADA,1,"2019/09/05 09:30:00",VPGS3,0
D,DISPATCH,UNIT_SCADA,1,"2019/09/05 09:30:00",VPGS4,0
D,DISPATCH,UNIT_SCADA,1,"2019/09/05 09:30:00",VPGS5,0
D,DISPATCH,UNIT_SCADA,1,"2019/09/05 09:30:00",VPGS6,0
D,DISPATCH,UNIT_SCADA,1,"2019/09/05 09:30:00",W/HOE#1,0
D,DISPATCH,UNIT_SCADA,1,"2019/09/05 09:30:00",W/HOE#2,0
D,DISPATCH,UNIT_SCADA,1,"2019/09/05 09:30:00",WATERLWF,9.80
D,DISPATCH,UNIT_SCADA,1,"2019/09/05 09:30:00",WEMENSF1,41.90
D,DISPATCH,UNIT_SCADA,1,"2019/09/05 09:30:00",WGWF1,0
D,DISPATCH,UNIT_SCADA,1,"2019/09/05 09:30:00",WHITSF1,2.40
D,DISPATCH,UNIT_SCADA,1,"2019/09/05 09:30:00",WKIEWA1,33.60
D,DISPATCH,UNIT_SCADA,1,"2019/09/05 09:30:00",WKIEWA2,0.10
D,DISPATCH,UNIT_SCADA,1,"2019/09/05 09:30:00",WOODLWN1,0
D,DISPATCH,UNIT_SCADA,1,"2019/09/05 09:30:00",WRSF1,17.32
D,DISPATCH,UNIT_SCADA,1,"2019/09/05 09:30:00",WRWF1,12.9375
D,DISPATCH,UNIT_SCADA,1,"2019/09/05 09:30:00",YABULU,0
D,DISPATCH,UNIT_SCADA,1,"2019/09/05 09:30:00",YABULU2,0
D,DISPATCH,UNIT_SCADA,1,"2019/09/05 09:30:00",YARWUN_1,120.36
D,DISPATCH,UNIT_SCADA,1,"2019/09/05 09:30:00",YENDWF1,10.48
D,DISPATCH,UNIT_SCADA,1,"2019/09/05 09:30:00",YWPS1,377.443020
D,DISPATCH,UNIT_SCADA,1,"2019/09/05 09:30:00",YWPS2,278.693660
D,DISPATCH,UNIT_SCADA,1,"2019/09/05 09:30:00",YWPS3,327.491150
D,DISPATCH,UNIT_SCADA,1,"2019/09/05 09:30:00",YWPS4,386.205080
C,"END OF REPORT",335
