C,NEMP.WORLD,DISPATCHSCADA,AEMO,PUBLIC,2019/09/05,22:10:07,0000000312438383,DISPATCHSCADA,0000000312438377
I,DISPATCH,UNIT_SCADA,1,SETTLEMENTDATE,DUID,SCADAVALUE
D,DISPATCH,UNIT_SCADA,1,"2019/09/05 22:15:00",BARCSF1,0.30
D,DISPATCH,UNIT_SCADA,1,"2019/09/05 22:15:00",BUTLERSG,10.199999
D,DISPATCH,UNIT_SCADA,1,"2019/09/05 22:15:00",CALL_A_4,0
D,DISPATCH,UNIT_SCADA,1,"2019/09/05 22:15:00",CAPTL_WF,34.468002
D,DISPATCH,UNIT_SCADA,1,"2019/09/05 22:15:00",CATHROCK,0
D,DISPATCH,UNIT_SCADA,1,"2019/09/05 22:15:00",CHALLHWF,0.70
D,DISPATCH,UNIT_SCADA,1,"2019/09/05 22:15:00",CLOVER,0
D,DISPATCH,UNIT_SCADA,1,"2019/09/05 22:15:00",CLUNY,17.039597
D,DISPATCH,UNIT_SCADA,1,"2019/09/05 22:15:00",CNUNDAWF,7.208409
D,DISPATCH,UNIT_SCADA,1,"2019/09/05 22:15:00",CULLRGWF,14.84
D,DISPATCH,UNIT_SCADA,1,"2019/09/05 22:15:00",ERGT01,0
D,DISPATCH,UNIT_SCADA,1,"2019/09/05 22:15:00",GB01,0.013638
D,DISPATCH,UNIT_SCADA,1,"2019/09/05 22:15:00",GERMCRK,35.700001
D,DISPATCH,UNIT_SCADA,1,"2019/09/05 22:15:00",GRIFSF1,0
D,DISPATCH,UNIT_SCADA,1,"2019/09/05 22:15:00",HUGSF1,-0.1310
D,DISPATCH,UNIT_SCADA,1,"2019/09/05 22:15:00",LKBONNY1,12.949858
D,DISPATCH,UNIT_SCADA,1,"2019/09/05 22:15:00",LRSF1,-0.0010
D,DISPATCH,UNIT_SCADA,1,"2019/09/05 22:15:00",MBAHNTH,46.856247
D,DISPATCH,UNIT_SCADA,1,"2019/09/05 22:15:00",MLSP1,0
D,DISPATCH,UNIT_SCADA,1,"2019/09/05 22:15:00",MLWF1,-0.0150
D,DISPATCH,UNIT_SCADA,1,"2019/09/05 22:15:00",MTMILLAR,37.533974
D,DISPATCH,UNIT_SCADA,1,"2019/09/05 22:15:00",PALOONA,25.439999
D,DISPATCH,UNIT_SCADA,1,"2019/09/05 22:15:00",PIONEER,43.799999
D,DISPATCH,UNIT_SCADA,1,"2019/09/05 22:15:00",PORTWF,30.799999
D,DISPATCH,UNIT_SCADA,1,"2019/09/05 22:15:00",REPULSE,33.171284
D,DISPATCH,UNIT_SCADA,1,"2019/09/05 22:15:00",ROWALLAN,10.4441
D,DISPATCH,UNIT_SCADA,1,"2019/09/05 22:15:00",ROYALLA1,0
D,DISPATCH,UNIT_SCADA,1,"2019/09/05 22:15:00",RPCG,8.80
D,DISPATCH,UNIT_SCADA,1,"2019/09/05 22:15:00",RUBICON,0
D,DISPATCH,UNIT_SCADA,1,"2019/09/05 22:15:00",SATGN1,0
D,DISPATCH,UNIT_SCADA,1,"2019/09/05 22:15:00",SATGS1,0
D,DISPATCH,UNIT_SCADA,1,"2019/09/05 22:15:00",STARHLWF,30.291166
D,DISPATCH,UNIT_SCADA,1,"2019/09/05 22:15:00",WAUBRAWF,41.7360
D,DISPATCH,UNIT_SCADA,1,"2019/09/05 22:15:00",WOOLNTH1,124.080017
D,DISPATCH,UNIT_SCADA,1,"2019/09/05 22:15:00",WPWF,56
D,DISPATCH,UNIT_SCADA,1,"2019/09/05 22:15:00",YAMBUKWF,1.70
D,DISPATCH,UNIT_SCADA,1,"2019/09/05 22:15:00",YSWF1,12.80
D,DISPATCH,UNIT_SCADA,1,"2019/09/05 22:15:00",AGLHAL,0
D,DISPATCH,UNIT_SCADA,1,"2019/09/05 22:15:00",AGLSOM,118.600010
D,DISPATCH,UNIT_SCADA,1,"2019/09/05 22:15:00",ANGAST1,0
D,DISPATCH,UNIT_SCADA,1,"2019/09/05 22:15:00",ARWF1,25
D,DISPATCH,UNIT_SCADA,1,"2019/09/05 22:15:00",BALBG1,0
D,DISPATCH,UNIT_SCADA,1,"2019/09/05 22:15:00",BALBL1,0
D,DISPATCH,UNIT_SCADA,1,"2019/09/05 22:15:00",BALDHWF1,35.3050
D,DISPATCH,UNIT_SCADA,1,"2019/09/05 22:15:00",BANN1,0
D,DISPATCH,UNIT_SCADA,1,"2019/09/05 22:15:00",BARCALDN,0
D,DISPATCH,UNIT_SCADA,1,"2019/09/05 22:15:00",BARRON-1,32.52
D,DISPATCH,UNIT_SCADA,1,"2019/09/05 22:15:00",BARRON-2,0
D,DISPATCH,UNIT_SCADA,1,"2019/09/05 22:15:00",BASTYAN,80.250010
D,DISPATCH,UNIT_SCADA,1,"2019/09/05 22:15:00",BBTHREE1,0
D,DISPATCH,UNIT_SCADA,1,"2019/09/05 22:15:00",BBTHREE2,0
D,DISPATCH,UNIT_SCADA,1,"2019/09/05 22:15:00",BBTHREE3,0
D,DISPATCH,UNIT_SCADA,1,"2019/09/05 22:15:00",BDL01,42.72
D,DISPATCH,UNIT_SCADA,1,"2019/09/05 22:15:00",BDL02,42.60
D,DISPATCH,UNIT_SCADA,1,"2019/09/05 22:15:00",BERYLSF1,0
D,DISPATCH,UNIT_SCADA,1,"2019/09/05 22:15:00",BLOWERNG,15.40
D,DISPATCH,UNIT_SCADA,1,"2019/09/05 22:15:00",BLUFF1,52
D,DISPATCH,UNIT_SCADA,1,"2019/09/05 22:15:00",BNGSF1,0
D,DISPATCH,UNIT_SCADA,1,"2019/09/05 22:15:00",BNGSF2,0
D,DISPATCH,UNIT_SCADA,1,"2019/09/05 22:15:00",BOCORWF1,7.15
D,DISPATCH,UNIT_SCADA,1,"2019/09/05 22:15:00",BODWF1,11.681720
D,DISPATCH,UNIT_SCADA,1,"2019/09/05 22:15:00",BRAEMAR1,0
D,DISPATCH,UNIT_SCADA,1,"2019/09/05 22:15:00",BRAEMAR2,0
D,DISPATCH,UNIT_SCADA,1,"2019/09/05 22:15:00",BRAEMAR3,0
D,DISPATCH,UNIT_SCADA,1,"2019/09/05 22:15:00",BRAEMAR5,0
D,DISPATCH,UNIT_SCADA,1,"2019/09/05 22:15:00",BRAEMAR6,0
D,DISPATCH,UNIT_SCADA,1,"2019/09/05 22:15:00",BRAEMAR7,0
D,DISPATCH,UNIT_SCADA,1,"2019/09/05 22:15:00",BROKENH1,0
D,DISPATCH,UNIT_SCADA,1,"2019/09/05 22:15:00",BW01,544.674930
D,DISPATCH,UNIT_SCADA,1,"2019/09/05 22:15:00",BW02,616
D,DISPATCH,UNIT_SCADA,1,"2019/09/05 22:15:00",BW03,626.8750
D,DISPATCH,UNIT_SCADA,1,"2019/09/05 22:15:00",BW04,0
D,DISPATCH,UNIT_SCADA,1,"2019/09/05 22:15:00",CALL_B_1,345.200010
D,DISPATCH,UNIT_SCADA,1,"2019/09/05 22:15:00",CALL_B_2,295
D,DISPATCH,UNIT_SCADA,1,"2019/09/05 22:15:00",CETHANA,37.471250
D,DISPATCH,UNIT_SCADA,1,"2019/09/05 22:15:00",CG1,0
D,DISPATCH,UNIT_SCADA,1,"2019/09/05 22:15:00",CG2,0
D,DISPATCH,UNIT_SCADA,1,"2019/09/05 22:15:00",CG3,0
D,DISPATCH,UNIT_SCADA,1,"2019/09/05 22:15:00",CG4,0
D,DISPATCH,UNIT_SCADA,1,"2019/09/05 22:15:00",CHILDSF1,0
D,DISPATCH,UNIT_SCADA,1,"2019/09/05 22:15:00",CLARESF1,0
D,DISPATCH,UNIT_SCADA,1,"2019/09/05 22:15:00",CLEMGPWF,45.021880
D,DISPATCH,UNIT_SCADA,1,"2019/09/05 22:15:00",CLERMSF1,0
D,DISPATCH,UNIT_SCADA,1,"2019/09/05 22:15:00",COLEASF1,0
D,DISPATCH,UNIT_SCADA,1,"2019/09/05 22:15:00",COOPGWF1,24.971820
D,DISPATCH,UNIT_SCADA,1,"2019/09/05 22:15:00",CPP_3,405.6250
D,DISPATCH,UNIT_SCADA,1,"2019/09/05 22:15:00",CPP_4,405.899990
D,DISPATCH,UNIT_SCADA,1,"2019/09/05 22:15:00",CPSA,142.0475
D,DISPATCH,UNIT_SCADA,1,"2019/09/05 22:15:00",CROOKWF2,27.513750
D,DISPATCH,UNIT_SCADA,1,"2019/09/05 22:15:00",CROWLWF1,22.141950
D,DISPATCH,UNIT_SCADA,1,"2019/09/05 22:15:00",CSPVPS1,0
D,DISPATCH,UNIT_SCADA,1,"2019/09/05 22:15:00",DALNTH01,0
D,DISPATCH,UNIT_SCADA,1,"2019/09/05 22:15:00",DALNTHL1,0.108340
D,DISPATCH,UNIT_SCADA,1,"2019/09/05 22:15:00",DARTM1,131.50
D,DISPATCH,UNIT_SCADA,1,"2019/09/05 22:15:00",DAYDSF1,0
D,DISPATCH,UNIT_SCADA,1,"2019/09/05 22:15:00",DDPS1,560.385860
D,DISPATCH,UNIT_SCADA,1,"2019/09/05 22:15:00",DDSF1,0
D,DISPATCH,UNIT_SCADA,1,"2019/09/05 22:15:00",DEVILS_G,64.096190
D,DISPATCH,UNIT_SCADA,1,"2019/09/05 22:15:00",DG_NSW1,0
D,DISPATCH,UNIT_SCADA,1,"2019/09/05 22:15:00",DG_QLD1,0
D,DISPATCH,UNIT_SCADA,1,"2019/09/05 22:15:00",DG_SA1,0
D,DISPATCH,UNIT_SCADA,1,"2019/09/05 22:15:00",DG_TAS1,0
D,DISPATCH,UNIT_SCADA,1,"2019/09/05 22:15:00",DG_VIC1,0
D,DISPATCH,UNIT_SCADA,1,"2019/09/05 22:15:00",DRYCGT1,0
D,DISPATCH,UNIT_SCADA,1,"2019/09/05 22:15:00",DRYCGT2,0
D,DISPATCH,UNIT_SCADA,1,"2019/09/05 22:15:00",DRYCGT3,0
D,DISPATCH,UNIT_SCADA,1,"2019/09/05 22:15:00",EILDON1,0
D,DISPATCH,UNIT_SCADA,1,"2019/09/05 22:15:00",EILDON2,0
D,DISPATCH,UNIT_SCADA,1,"2019/09/05 22:15:00",EMERASF1,0
D,DISPATCH,UNIT_SCADA,1,"2019/09/05 22:15:00",ER01,578.099980
D,DISPATCH,UNIT_SCADA,1,"2019/09/05 22:15:00",ER02,684.6250
D,DISPATCH,UNIT_SCADA,1,"2019/09/05 22:15:00",ER03,0
D,DISPATCH,UNIT_SCADA,1,"2019/09/05 22:15:00",ER04,664.449950
D,DISPATCH,UNIT_SCADA,1,"2019/09/05 22:15:00",FINLYSF1,0
D,DISPATCH,UNIT_SCADA,1,"2019/09/05 22:15:00",FISHER,45.80
D,DISPATCH,UNIT_SCADA,1,"2019/09/05 22:15:00",GANNBG1,2.272710
D,DISPATCH,UNIT_SCADA,1,"2019/09/05 22:15:00",GANNBL1,0
D,DISPATCH,UNIT_SCADA,1,"2019/09/05 22:15:00",GANNSF1,0
D,DISPATCH,UNIT_SCADA,1,"2019/09/05 22:15:00",GORDON,21.604240
D,DISPATCH,UNIT_SCADA,1,"2019/09/05 22:15:00",GSTONE1,186.724990
D,DISPATCH,UNIT_SCADA,1,"2019/09/05 22:15:00",GSTONE2,185.3250
D,DISPATCH,UNIT_SCADA,1,"2019/09/05 22:15:00",GSTONE3,0
D,DISPATCH,UNIT_SCADA,1,"2019/09/05 22:15:00",GSTONE4,198.45
D,DISPATCH,UNIT_SCADA,1,"2019/09/05 22:15:00",GSTONE5,182.70
D,DISPATCH,UNIT_SCADA,1,"2019/09/05 22:15:00",GSTONE6,182.524990
D,DISPATCH,UNIT_SCADA,1,"2019/09/05 22:15:00",GULLRSF1,0
D,DISPATCH,UNIT_SCADA,1,"2019/09/05 22:15:00",GULLRWF1,46.385830
D,DISPATCH,UNIT_SCADA,1,"2019/09/05 22:15:00",GUNNING1,20.936020
D,DISPATCH,UNIT_SCADA,1,"2019/09/05 22:15:00",GUTHEGA,0
D,DISPATCH,UNIT_SCADA,1,"2019/09/05 22:15:00",HALLWF1,89.86
D,DISPATCH,UNIT_SCADA,1,"2019/09/05 22:15:00",HALLWF2,53.19
D,DISPATCH,UNIT_SCADA,1,"2019/09/05 22:15:00",HAMISF1,0
D,DISPATCH,UNIT_SCADA,1,"2019/09/05 22:15:00",HAUGHT11,0
D,DISPATCH,UNIT_SCADA,1,"2019/09/05 22:15:00",HAYMSF1,0
D,DISPATCH,UNIT_SCADA,1,"2019/09/05 22:15:00",HDWF1,72
D,DISPATCH,UNIT_SCADA,1,"2019/09/05 22:15:00",HDWF2,47.30
D,DISPATCH,UNIT_SCADA,1,"2019/09/05 22:15:00",HDWF3,60.80
D,DISPATCH,UNIT_SCADA,1,"2019/09/05 22:15:00",HPRG1,0.70
D,DISPATCH,UNIT_SCADA,1,"2019/09/05 22:15:00",HPRL1,0
D,DISPATCH,UNIT_SCADA,1,"2019/09/05 22:15:00",HUMENSW,0
D,DISPATCH,UNIT_SCADA,1,"2019/09/05 22:15:00",HUMEV,24.50
D,DISPATCH,UNIT_SCADA,1,"2019/09/05 22:15:00",HVGTS,0
D,DISPATCH,UNIT_SCADA,1,"2019/09/05 22:15:00",JBUTTERS,18.38
D,DISPATCH,UNIT_SCADA,1,"2019/09/05 22:15:00",JLA01,0.10
D,DISPATCH,UNIT_SCADA,1,"2019/09/05 22:15:00",JLA02,0
D,DISPATCH,UNIT_SCADA,1,"2019/09/05 22:15:00",JLA03,0
D,DISPATCH,UNIT_SCADA,1,"2019/09/05 22:15:00",JLA04,0
D,DISPATCH,UNIT_SCADA,1,"2019/09/05 22:15:00",JLB01,0
D,DISPATCH,UNIT_SCADA,1,"2019/09/05 22:15:00",JLB02,0.10
D,DISPATCH,UNIT_SCADA,1,"2019/09/05 22:15:00",JLB03,0
D,DISPATCH,UNIT_SCADA,1,"2019/09/05 22:15:00",KAREEYA1,21.4975
D,DISPATCH,UNIT_SCADA,1,"2019/09/05 22:15:00",KAREEYA2,21.7275
D,DISPATCH,UNIT_SCADA,1,"2019/09/05 22:15:00",KAREEYA3,0
D,DISPATCH,UNIT_SCADA,1,"2019/09/05 22:15:00",KAREEYA4,21.5475
D,DISPATCH,UNIT_SCADA,1,"2019/09/05 22:15:00",KARSF1,0
D,DISPATCH,UNIT_SCADA,1,"2019/09/05 22:15:00",KIATAWF1,30.80
D,DISPATCH,UNIT_SCADA,1,"2019/09/05 22:15:00",KPP_1,0
D,DISPATCH,UNIT_SCADA,1,"2019/09/05 22:15:00",KSP1,0
D,DISPATCH,UNIT_SCADA,1,"2019/09/05 22:15:00",LADBROK1,42.33
D,DISPATCH,UNIT_SCADA,1,"2019/09/05 22:15:00",LADBROK2,42.75
D,DISPATCH,UNIT_SCADA,1,"2019/09/05 22:15:00",LD01,418.2562
D,DISPATCH,UNIT_SCADA,1,"2019/09/05 22:15:00",LD02,397.031250
D,DISPATCH,UNIT_SCADA,1,"2019/09/05 22:15:00",LD03,418.8750
D,DISPATCH,UNIT_SCADA,1,"2019/09/05 22:15:00",LD04,381
D,DISPATCH,UNIT_SCADA,1,"2019/09/05 22:15:00",LEM_WIL,85.046750
D,DISPATCH,UNIT_SCADA,1,"2019/09/05 22:15:00",LGAPWF1,33.40
D,DISPATCH,UNIT_SCADA,1,"2019/09/05 22:15:00",LILYSF1,0
D,DISPATCH,UNIT_SCADA,1,"2019/09/05 22:15:00",LI_WY_CA,138.7066
D,DISPATCH,UNIT_SCADA,1,"2019/09/05 22:15:00",LKBONNY2,35.650760
D,DISPATCH,UNIT_SCADA,1,"2019/09/05 22:15:00",LKBONNY3,10.996940
D,DISPATCH,UNIT_SCADA,1,"2019/09/05 22:15:00",LK_ECHO,0
D,DISPATCH,UNIT_SCADA,1,"2019/09/05 22:15:00",LNGS1,0
D,DISPATCH,UNIT_SCADA,1,"2019/09/05 22:15:00",LNGS2,0
D,DISPATCH,UNIT_SCADA,1,"2019/09/05 22:15:00",LONSDALE,0
D,DISPATCH,UNIT_SCADA,1,"2019/09/05 22:15:00",LOYYB1,535.712650
D,DISPATCH,UNIT_SCADA,1,"2019/09/05 22:15:00",LOYYB2,582.330380
D,DISPATCH,UNIT_SCADA,1,"2019/09/05 22:15:00",LYA1,0
D,DISPATCH,UNIT_SCADA,1,"2019/09/05 22:15:00",LYA2,0
D,DISPATCH,UNIT_SCADA,1,"2019/09/05 22:15:00",LYA3,559
D,DISPATCH,UNIT_SCADA,1,"2019/09/05 22:15:00",LYA4,540
D,DISPATCH,UNIT_SCADA,1,"2019/09/05 22:15:00",MACARTH1,0
D,DISPATCH,UNIT_SCADA,1,"2019/09/05 22:15:00",MACKAYGT,0.2240
D,DISPATCH,UNIT_SCADA,1,"2019/09/05 22:15:00",MACKNTSH,88.390010
D,DISPATCH,UNIT_SCADA,1,"2019/09/05 22:15:00",MANSLR1,0
D,DISPATCH,UNIT_SCADA,1,"2019/09/05 22:15:00",MCKAY1,0.0750
D,DISPATCH,UNIT_SCADA,1,"2019/09/05 22:15:00",MEADOWBK,33.810140
D,DISPATCH,UNIT_SCADA,1,"2019/09/05 22:15:00",MERCER01,23.6150
D,DISPATCH,UNIT_SCADA,1,"2019/09/05 22:15:00",MEWF1,26.097660
D,DISPATCH,UNIT_SCADA,1,"2019/09/05 22:15:00",MINTARO,0
D,DISPATCH,UNIT_SCADA,1,"2019/09/05 22:15:00",MOREESF1,0
D,DISPATCH,UNIT_SCADA,1,"2019/09/05 22:15:00",MORTLK11,259
D,DISPATCH,UNIT_SCADA,1,"2019/09/05 22:15:00",MORTLK12,0
D,DISPATCH,UNIT_SCADA,1,"2019/09/05 22:15:00",MP1,221.50
D,DISPATCH,UNIT_SCADA,1,"2019/09/05 22:15:00",MP2,0
D,DISPATCH,UNIT_SCADA,1,"2019/09/05 22:15:00",MPP_1,400
D,DISPATCH,UNIT_SCADA,1,"2019/09/05 22:15:00",MPP_2,434.75
D,DISPATCH,UNIT_SCADA,1,"2019/09/05 22:15:00",MSTUART1,0
D,DISPATCH,UNIT_SCADA,1,"2019/09/05 22:15:00",MSTUART2,0
D,DISPATCH,UNIT_SCADA,1,"2019/09/05 22:15:00",MSTUART3,0
D,DISPATCH,UNIT_SCADA,1,"2019/09/05 22:15:00",MTGELWF1,-0.231940
D,DISPATCH,UNIT_SCADA,1,"2019/09/05 22:15:00",MURRAY,0
D,DISPATCH,UNIT_SCADA,1,"2019/09/05 22:15:00",MUSSELR1,58.50
D,DISPATCH,UNIT_SCADA,1,"2019/09/05 22:15:00",MUWAWF1,34.91
D,DISPATCH,UNIT_SCADA,1,"2019/09/05 22:15:00",NBHWF1,99.30
D,DISPATCH,UNIT_SCADA,1,"2019/09/05 22:15:00",NPS,194.6250
D,DISPATCH,UNIT_SCADA,1,"2019/09/05 22:15:00",NUMURSF1,0
D,DISPATCH,UNIT_SCADA,1,"2019/09/05 22:15:00",NYNGAN1,0
D,DISPATCH,UNIT_SCADA,1,"2019/09/05 22:15:00",OAKEY1,0
D,DISPATCH,UNIT_SCADA,1,"2019/09/05 22:15:00",OAKEY1SF,0
D,DISPATCH,UNIT_SCADA,1,"2019/09/05 22:15:00",OAKEY2,0
D,DISPATCH,UNIT_SCADA,1,"2019/09/05 22:15:00",OAKEY2SF,0
D,DISPATCH,UNIT_SCADA,1,"2019/09/05 22:15:00",OAKLAND1,-0.20
D,DISPATCH,UNIT_SCADA,1,"2019/09/05 22:15:00",OSB-AG,0
D,DISPATCH,UNIT_SCADA,1,"2019/09/05 22:15:00",PARSF1,0
D,DISPATCH,UNIT_SCADA,1,"2019/09/05 22:15:00",POAT110,0
D,DISPATCH,UNIT_SCADA,1,"2019/09/05 22:15:00",POAT220,0
D,DISPATCH,UNIT_SCADA,1,"2019/09/05 22:15:00",POR01,0
D,DISPATCH,UNIT_SCADA,1,"2019/09/05 22:15:00",POR03,0
D,DISPATCH,UNIT_SCADA,1,"2019/09/05 22:15:00",PPCCGT,431.927520
D,DISPATCH,UNIT_SCADA,1,"2019/09/05 22:15:00",PTSTAN1,0
D,DISPATCH,UNIT_SCADA,1,"2019/09/05 22:15:00",PUMP1,0
D,DISPATCH,UNIT_SCADA,1,"2019/09/05 22:15:00",PUMP2,0
D,DISPATCH,UNIT_SCADA,1,"2019/09/05 22:15:00",QPS1,28.90
D,DISPATCH,UNIT_SCADA,1,"2019/09/05 22:15:00",QPS2,0
D,DISPATCH,UNIT_SCADA,1,"2019/09/05 22:15:00",QPS3,0
D,DISPATCH,UNIT_SCADA,1,"2019/09/05 22:15:00",QPS4,0
D,DISPATCH,UNIT_SCADA,1,"2019/09/05 22:15:00",QPS5,0
D,DISPATCH,UNIT_SCADA,1,"2019/09/05 22:15:00",REECE1,116.930010
D,DISPATCH,UNIT_SCADA,1,"2019/09/05 22:15:00",REECE2,116.820010
D,DISPATCH,UNIT_SCADA,1,"2019/09/05 22:15:00",ROMA_7,0
D,DISPATCH,UNIT_SCADA,1,"2019/09/05 22:15:00",ROMA_8,0
D,DISPATCH,UNIT_SCADA,1,"2019/09/05 22:15:00",RRSF1,0
D,DISPATCH,UNIT_SCADA,1,"2019/09/05 22:15:00",RT_NSW1,0
D,DISPATCH,UNIT_SCADA,1,"2019/09/05 22:15:00",RT_NSW2,0
D,DISPATCH,UNIT_SCADA,1,"2019/09/05 22:15:00",RT_NSW3,0
D,DISPATCH,UNIT_SCADA,1,"2019/09/05 22:15:00",RT_NSW4,0
D,DISPATCH,UNIT_SCADA,1,"2019/09/05 22:15:00",RT_NSW5,0
D,DISPATCH,UNIT_SCADA,1,"2019/09/05 22:15:00",RT_NSW6,0
D,DISPATCH,UNIT_SCADA,1,"2019/09/05 22:15:00",RT_QLD1,0
D,DISPATCH,UNIT_SCADA,1,"2019/09/05 22:15:00",RT_SA1,0
D,DISPATCH,UNIT_SCADA,1,"2019/09/05 22:15:00",RT_SA2,0
D,DISPATCH,UNIT_SCADA,1,"2019/09/05 22:15:00",RT_SA3,0
D,DISPATCH,UNIT_SCADA,1,"2019/09/05 22:15:00",RT_SA4,0
D,DISPATCH,UNIT_SCADA,1,"2019/09/05 22:15:00",RT_SA5,0
D,DISPATCH,UNIT_SCADA,1,"2019/09/05 22:15:00",RT_SA6,0
D,DISPATCH,UNIT_SCADA,1,"2019/09/05 22:15:00",RT_TAS1,0
D,DISPATCH,UNIT_SCADA,1,"2019/09/05 22:15:00",RT_VIC1,0
D,DISPATCH,UNIT_SCADA,1,"2019/09/05 22:15:00",RT_VIC10,0
D,DISPATCH,UNIT_SCADA,1,"2019/09/05 22:15:00",RT_VIC11,0
D,DISPATCH,UNIT_SCADA,1,"2019/09/05 22:15:00",RT_VIC12,0
D,DISPATCH,UNIT_SCADA,1,"2019/09/05 22:15:00",RT_VIC2,0
D,DISPATCH,UNIT_SCADA,1,"2019/09/05 22:15:00",RT_VIC3,0
D,DISPATCH,UNIT_SCADA,1,"2019/09/05 22:15:00",RT_VIC4,0
D,DISPATCH,UNIT_SCADA,1,"2019/09/05 22:15:00",RT_VIC5,0
D,DISPATCH,UNIT_SCADA,1,"2019/09/05 22:15:00",RT_VIC6,0
D,DISPATCH,UNIT_SCADA,1,"2019/09/05 22:15:00",RT_VIC7,0
D,DISPATCH,UNIT_SCADA,1,"2019/09/05 22:15:00",RT_VIC8,0
D,DISPATCH,UNIT_SCADA,1,"2019/09/05 22:15:00",RT_VIC9,0
D,DISPATCH,UNIT_SCADA,1,"2019/09/05 22:15:00",RUGBYR1,0
D,DISPATCH,UNIT_SCADA,1,"2019/09/05 22:15:00",SALTCRK1,-0.48
D,DISPATCH,UNIT_SCADA,1,"2019/09/05 22:15:00",SAPHWF1,62.165620
D,DISPATCH,UNIT_SCADA,1,"2019/09/05 22:15:00",SHGEN,0
D,DISPATCH,UNIT_SCADA,1,"2019/09/05 22:15:00",SHPUMP,0
D,DISPATCH,UNIT_SCADA,1,"2019/09/05 22:15:00",SITHE01,0.214140
D,DISPATCH,UNIT_SCADA,1,"2019/09/05 22:15:00",SMCSF1,0
D,DISPATCH,UNIT_SCADA,1,"2019/09/05 22:15:00",SNOWNTH1,123
D,DISPATCH,UNIT_SCADA,1,"2019/09/05 22:15:00",SNOWSTH1,118.90
D,DISPATCH,UNIT_SCADA,1,"2019/09/05 22:15:00",SNOWTWN1,94.169340
D,DISPATCH,UNIT_SCADA,1,"2019/09/05 22:15:00",SNOWYP,0
D,DISPATCH,UNIT_SCADA,1,"2019/09/05 22:15:00",SNUG1,0.019440
D,DISPATCH,UNIT_SCADA,1,"2019/09/05 22:15:00",SRSF1,0.22
D,DISPATCH,UNIT_SCADA,1,"2019/09/05 22:15:00",STAN-1,255.6382
D,DISPATCH,UNIT_SCADA,1,"2019/09/05 22:15:00",STAN-2,356.783480
D,DISPATCH,UNIT_SCADA,1,"2019/09/05 22:15:00",STAN-3,367.999050
D,DISPATCH,UNIT_SCADA,1,"2019/09/05 22:15:00",STAN-4,366.922330
D,DISPATCH,UNIT_SCADA,1,"2019/09/05 22:15:00",STWF1,0
D,DISPATCH,UNIT_SCADA,1,"2019/09/05 22:15:00",SWAN_E,0
D,DISPATCH,UNIT_SCADA,1,"2019/09/05 22:15:00",TALWA1,414
D,DISPATCH,UNIT_SCADA,1,"2019/09/05 22:15:00",TARALGA1,28.792490
D,DISPATCH,UNIT_SCADA,1,"2019/09/05 22:15:00",TARONG#1,350.200010
D,DISPATCH,UNIT_SCADA,1,"2019/09/05 22:15:00",TARONG#2,0
D,DISPATCH,UNIT_SCADA,1,"2019/09/05 22:15:00",TARONG#3,349.50
D,DISPATCH,UNIT_SCADA,1,"2019/09/05 22:15:00",TARONG#4,350.200010
D,DISPATCH,UNIT_SCADA,1,"2019/09/05 22:15:00",TARRALEA,73.90
D,DISPATCH,UNIT_SCADA,1,"2019/09/05 22:15:00",TBSF1,-0.20
D,DISPATCH,UNIT_SCADA,1,"2019/09/05 22:15:00",TNPS1,397.600010
D,DISPATCH,UNIT_SCADA,1,"2019/09/05 22:15:00",TORRA1,53.933850
D,DISPATCH,UNIT_SCADA,1,"2019/09/05 22:15:00",TORRA2,0
D,DISPATCH,UNIT_SCADA,1,"2019/09/05 22:15:00",TORRA3,0
D,DISPATCH,UNIT_SCADA,1,"2019/09/05 22:15:00",TORRA4,62.005760
D,DISPATCH,UNIT_SCADA,1,"2019/09/05 22:15:00",TORRB1,92.91
D,DISPATCH,UNIT_SCADA,1,"2019/09/05 22:15:00",TORRB2,90.94
D,DISPATCH,UNIT_SCADA,1,"2019/09/05 22:15:00",TORRB3,91.68
D,DISPATCH,UNIT_SCADA,1,"2019/09/05 22:15:00",TORRB4,0
D,DISPATCH,UNIT_SCADA,1,"2019/09/05 22:15:00",TREVALLN,92.910030
D,DISPATCH,UNIT_SCADA,1,"2019/09/05 22:15:00",TRIBUTE,0
D,DISPATCH,UNIT_SCADA,1,"2019/09/05 22:15:00",TUMUT3,119.36
D,DISPATCH,UNIT_SCADA,1,"2019/09/05 22:15:00",TUNGATIN,3.50
D,DISPATCH,UNIT_SCADA,1,"2019/09/05 22:15:00",TVCC201,0
D,DISPATCH,UNIT_SCADA,1,"2019/09/05 22:15:00",TVPP104,0
D,DISPATCH,UNIT_SCADA,1,"2019/09/05 22:15:00",UPPTUMUT,488.227510
D,DISPATCH,UNIT_SCADA,1,"2019/09/05 22:15:00",URANQ11,0
D,DISPATCH,UNIT_SCADA,1,"2019/09/05 22:15:00",URANQ12,0
D,DISPATCH,UNIT_SCADA,1,"2019/09/05 22:15:00",URANQ13,0
D,DISPATCH,UNIT_SCADA,1,"2019/09/05 22:15:00",URANQ14,0
D,DISPATCH,UNIT_SCADA,1,"2019/09/05 22:15:00",VP5,414.424990
D,DISPATCH,UNIT_SCADA,1,"2019/09/05 22:15:00",VP6,0
D,DISPATCH,UNIT_SCADA,1,"2019/09/05 22:15:00",VPGS1,0
D,DISPATCH,UNIT_SCADA,1,"2019/09/05 22:15:00",VPGS2,0
D,DISPATCH,UNIT_SCADA,1,"2019/09/05 22:15:00",VPGS3,0
D,DISPATCH,UNIT_SCADA,1,"2019/09/05 22:15:00",VPGS4,0
D,DISPATCH,UNIT_SCADA,1,"2019/09/05 22:15:00",VPGS5,0
D,DISPATCH,UNIT_SCADA,1,"2019/09/05 22:15:00",VPGS6,0
D,DISPATCH,UNIT_SCADA,1,"2019/09/05 22:15:00",W/HOE#1,0
D,DISPATCH,UNIT_SCADA,1,"2019/09/05 22:15:00",W/HOE#2,0
D,DISPATCH,UNIT_SCADA,1,"2019/09/05 22:15:00",WATERLWF,119.10
D,DISPATCH,UNIT_SCADA,1,"2019/09/05 22:15:00",WEMENSF1,0
D,DISPATCH,UNIT_SCADA,1,"2019/09/05 22:15:00",WGWF1,39.90
D,DISPATCH,UNIT_SCADA,1,"2019/09/05 22:15:00",WHITSF1,0
D,DISPATCH,UNIT_SCADA,1,"2019/09/05 22:15:00",WKIEWA1,15.50
D,DISPATCH,UNIT_SCADA,1,"2019/09/05 22:15:00",WKIEWA2,15.40
D,DISPATCH,UNIT_SCADA,1,"2019/09/05 22:15:00",WOODLWN1,9.333010
D,DISPATCH,UNIT_SCADA,1,"2019/09/05 22:15:00",WRSF1,0
D,DISPATCH,UNIT_SCADA,1,"2019/09/05 22:15:00",WRWF1,14.276250
D,DISPATCH,UNIT_SCADA,1,"2019/09/05 22:15:00",YABULU,160.290010
D,DISPATCH,UNIT_SCADA,1,"2019/09/05 22:15:00",YABULU2,0
D,DISPATCH,UNIT_SCADA,1,"2019/09/05 22:15:00",YARWUN_1,165.81
D,DISPATCH,UNIT_SCADA,1,"2019/09/05 22:15:00",YENDWF1,41.93
D,DISPATCH,UNIT_SCADA,1,"2019/09/05 22:15:00",YWPS1,318.794920
D,DISPATCH,UNIT_SCADA,1,"2019/09/05 22:15:00",YWPS2,279.946840
D,DISPATCH,UNIT_SCADA,1,"2019/09/05 22:15:00",YWPS3,326.644320
D,DISPATCH,UNIT_SCADA,1,"2019/09/05 22:15:00",YWPS4,393.826570
C,"END OF REPORT",335
