C,NEMP.WORLD,DISPATCHSCADA,AEMO,PUBLIC,2019/09/05,19:50:07,0000000312434695,DISPATCHSCADA,0000000312434689
I,DISPATCH,UNIT_SCADA,1,SETTLEMENTDATE,DUID,SCADAVALUE
D,DISPATCH,UNIT_SCADA,1,"2019/09/05 19:55:00",BARCSF1,0.30
D,DISPATCH,UNIT_SCADA,1,"2019/09/05 19:55:00",BUTLERSG,10.199999
D,DISPATCH,UNIT_SCADA,1,"2019/09/05 19:55:00",CALL_A_4,0
D,DISPATCH,UNIT_SCADA,1,"2019/09/05 19:55:00",CAPTL_WF,6.0280
D,DISPATCH,UNIT_SCADA,1,"2019/09/05 19:55:00",CATHROCK,0
D,DISPATCH,UNIT_SCADA,1,"2019/09/05 19:55:00",CHALLHWF,1.50
D,DISPATCH,UNIT_SCADA,1,"2019/09/05 19:55:00",CLOVER,-0.01
D,DISPATCH,UNIT_SCADA,1,"2019/09/05 19:55:00",CLUNY,17.253834
D,DISPATCH,UNIT_SCADA,1,"2019/09/05 19:55:00",CNUNDAWF,4.705489
D,DISPATCH,UNIT_SCADA,1,"2019/09/05 19:55:00",CULLRGWF,9.37
D,DISPATCH,UNIT_SCADA,1,"2019/09/05 19:55:00",ERGT01,0
D,DISPATCH,UNIT_SCADA,1,"2019/09/05 19:55:00",GB01,0.017281
D,DISPATCH,UNIT_SCADA,1,"2019/09/05 19:55:00",GERMCRK,37.900002
D,DISPATCH,UNIT_SCADA,1,"2019/09/05 19:55:00",GRIFSF1,0
D,DISPATCH,UNIT_SCADA,1,"2019/09/05 19:55:00",HUGSF1,-0.1310
D,DISPATCH,UNIT_SCADA,1,"2019/09/05 19:55:00",LKBONNY1,6.966130
D,DISPATCH,UNIT_SCADA,1,"2019/09/05 19:55:00",LRSF1,-0.0010
D,DISPATCH,UNIT_SCADA,1,"2019/09/05 19:55:00",MBAHNTH,46.856247
D,DISPATCH,UNIT_SCADA,1,"2019/09/05 19:55:00",MLSP1,0
D,DISPATCH,UNIT_SCADA,1,"2019/09/05 19:55:00",MLWF1,0.9750
D,DISPATCH,UNIT_SCADA,1,"2019/09/05 19:55:00",MTMILLAR,26.788721
D,DISPATCH,UNIT_SCADA,1,"2019/09/05 19:55:00",PALOONA,25.599998
D,DISPATCH,UNIT_SCADA,1,"2019/09/05 19:55:00",PIONEER,48.700001
D,DISPATCH,UNIT_SCADA,1,"2019/09/05 19:55:00",PORTWF,57.700001
D,DISPATCH,UNIT_SCADA,1,"2019/09/05 19:55:00",REPULSE,32.924698
D,DISPATCH,UNIT_SCADA,1,"2019/09/05 19:55:00",ROWALLAN,10.3447
D,DISPATCH,UNIT_SCADA,1,"2019/09/05 19:55:00",ROYALLA1,0
D,DISPATCH,UNIT_SCADA,1,"2019/09/05 19:55:00",RPCG,10
D,DISPATCH,UNIT_SCADA,1,"2019/09/05 19:55:00",RUBICON,0
D,DISPATCH,UNIT_SCADA,1,"2019/09/05 19:55:00",SATGN1,0
D,DISPATCH,UNIT_SCADA,1,"2019/09/05 19:55:00",SATGS1,0
D,DISPATCH,UNIT_SCADA,1,"2019/09/05 19:55:00",STARHLWF,30.691050
D,DISPATCH,UNIT_SCADA,1,"2019/09/05 19:55:00",WAUBRAWF,75.698997
D,DISPATCH,UNIT_SCADA,1,"2019/09/05 19:55:00",WOOLNTH1,122.950020
D,DISPATCH,UNIT_SCADA,1,"2019/09/05 19:55:00",WPWF,39
D,DISPATCH,UNIT_SCADA,1,"2019/09/05 19:55:00",YAMBUKWF,2.90
D,DISPATCH,UNIT_SCADA,1,"2019/09/05 19:55:00",YSWF1,2.30
D,DISPATCH,UNIT_SCADA,1,"2019/09/05 19:55:00",AGLHAL,0
D,DISPATCH,UNIT_SCADA,1,"2019/09/05 19:55:00",AGLSOM,119.399990
D,DISPATCH,UNIT_SCADA,1,"2019/09/05 19:55:00",ANGAST1,0
D,DISPATCH,UNIT_SCADA,1,"2019/09/05 19:55:00",ARWF1,33.90
D,DISPATCH,UNIT_SCADA,1,"2019/09/05 19:55:00",BALBG1,0
D,DISPATCH,UNIT_SCADA,1,"2019/09/05 19:55:00",BALBL1,22.73
D,DISPATCH,UNIT_SCADA,1,"2019/09/05 19:55:00",BALDHWF1,99.9640
D,DISPATCH,UNIT_SCADA,1,"2019/09/05 19:55:00",BANN1,0
D,DISPATCH,UNIT_SCADA,1,"2019/09/05 19:55:00",BARCALDN,0
D,DISPATCH,UNIT_SCADA,1,"2019/09/05 19:55:00",BARRON-1,32.76
D,DISPATCH,UNIT_SCADA,1,"2019/09/05 19:55:00",BARRON-2,0
D,DISPATCH,UNIT_SCADA,1,"2019/09/05 19:55:00",BASTYAN,80.77
D,DISPATCH,UNIT_SCADA,1,"2019/09/05 19:55:00",BBTHREE1,0
D,DISPATCH,UNIT_SCADA,1,"2019/09/05 19:55:00",BBTHREE2,0
D,DISPATCH,UNIT_SCADA,1,"2019/09/05 19:55:00",BBTHREE3,0
D,DISPATCH,UNIT_SCADA,1,"2019/09/05 19:55:00",BDL01,43.62
D,DISPATCH,UNIT_SCADA,1,"2019/09/05 19:55:00",BDL02,43.86
D,DISPATCH,UNIT_SCADA,1,"2019/09/05 19:55:00",BERYLSF1,0
D,DISPATCH,UNIT_SCADA,1,"2019/09/05 19:55:00",BLOWERNG,15.40
D,DISPATCH,UNIT_SCADA,1,"2019/09/05 19:55:00",BLUFF1,45.60
D,DISPATCH,UNIT_SCADA,1,"2019/09/05 19:55:00",BNGSF1,0
D,DISPATCH,UNIT_SCADA,1,"2019/09/05 19:55:00",BNGSF2,0
D,DISPATCH,UNIT_SCADA,1,"2019/09/05 19:55:00",BOCORWF1,5.28
D,DISPATCH,UNIT_SCADA,1,"2019/09/05 19:55:00",BODWF1,7.720660
D,DISPATCH,UNIT_SCADA,1,"2019/09/05 19:55:00",BRAEMAR1,0
D,DISPATCH,UNIT_SCADA,1,"2019/09/05 19:55:00",BRAEMAR2,173.400010
D,DISPATCH,UNIT_SCADA,1,"2019/09/05 19:55:00",BRAEMAR3,173.400010
D,DISPATCH,UNIT_SCADA,1,"2019/09/05 19:55:00",BRAEMAR5,139.543780
D,DISPATCH,UNIT_SCADA,1,"2019/09/05 19:55:00",BRAEMAR6,0
D,DISPATCH,UNIT_SCADA,1,"2019/09/05 19:55:00",BRAEMAR7,0
D,DISPATCH,UNIT_SCADA,1,"2019/09/05 19:55:00",BROKENH1,0
D,DISPATCH,UNIT_SCADA,1,"2019/09/05 19:55:00",BW01,549.849980
D,DISPATCH,UNIT_SCADA,1,"2019/09/05 19:55:00",BW02,629.3750
D,DISPATCH,UNIT_SCADA,1,"2019/09/05 19:55:00",BW03,633.275020
D,DISPATCH,UNIT_SCADA,1,"2019/09/05 19:55:00",BW04,0
D,DISPATCH,UNIT_SCADA,1,"2019/09/05 19:55:00",CALL_B_1,330.300020
D,DISPATCH,UNIT_SCADA,1,"2019/09/05 19:55:00",CALL_B_2,279.899990
D,DISPATCH,UNIT_SCADA,1,"2019/09/05 19:55:00",CETHANA,97.046880
D,DISPATCH,UNIT_SCADA,1,"2019/09/05 19:55:00",CG1,0
D,DISPATCH,UNIT_SCADA,1,"2019/09/05 19:55:00",CG2,0
D,DISPATCH,UNIT_SCADA,1,"2019/09/05 19:55:00",CG3,0
D,DISPATCH,UNIT_SCADA,1,"2019/09/05 19:55:00",CG4,0
D,DISPATCH,UNIT_SCADA,1,"2019/09/05 19:55:00",CHILDSF1,0
D,DISPATCH,UNIT_SCADA,1,"2019/09/05 19:55:00",CLARESF1,0
D,DISPATCH,UNIT_SCADA,1,"2019/09/05 19:55:00",CLEMGPWF,31.119130
D,DISPATCH,UNIT_SCADA,1,"2019/09/05 19:55:00",CLERMSF1,0
D,DISPATCH,UNIT_SCADA,1,"2019/09/05 19:55:00",COLEASF1,0
D,DISPATCH,UNIT_SCADA,1,"2019/09/05 19:55:00",COOPGWF1,5.782160
D,DISPATCH,UNIT_SCADA,1,"2019/09/05 19:55:00",CPP_3,404.800020
D,DISPATCH,UNIT_SCADA,1,"2019/09/05 19:55:00",CPP_4,405.6250
D,DISPATCH,UNIT_SCADA,1,"2019/09/05 19:55:00",CPSA,142.0475
D,DISPATCH,UNIT_SCADA,1,"2019/09/05 19:55:00",CROOKWF2,20.873750
D,DISPATCH,UNIT_SCADA,1,"2019/09/05 19:55:00",CROWLWF1,23.8889
D,DISPATCH,UNIT_SCADA,1,"2019/09/05 19:55:00",CSPVPS1,0.0210
D,DISPATCH,UNIT_SCADA,1,"2019/09/05 19:55:00",DALNTH01,0
D,DISPATCH,UNIT_SCADA,1,"2019/09/05 19:55:00",DALNTHL1,0.096130
D,DISPATCH,UNIT_SCADA,1,"2019/09/05 19:55:00",DARTM1,133.30
D,DISPATCH,UNIT_SCADA,1,"2019/09/05 19:55:00",DAYDSF1,0
D,DISPATCH,UNIT_SCADA,1,"2019/09/05 19:55:00",DDPS1,604.7290
D,DISPATCH,UNIT_SCADA,1,"2019/09/05 19:55:00",DDSF1,0
D,DISPATCH,UNIT_SCADA,1,"2019/09/05 19:55:00",DEVILS_G,63.8667
D,DISPATCH,UNIT_SCADA,1,"2019/09/05 19:55:00",DG_NSW1,0
D,DISPATCH,UNIT_SCADA,1,"2019/09/05 19:55:00",DG_QLD1,0
D,DISPATCH,UNIT_SCADA,1,"2019/09/05 19:55:00",DG_SA1,0
D,DISPATCH,UNIT_SCADA,1,"2019/09/05 19:55:00",DG_TAS1,0
D,DISPATCH,UNIT_SCADA,1,"2019/09/05 19:55:00",DG_VIC1,0
D,DISPATCH,UNIT_SCADA,1,"2019/09/05 19:55:00",DRYCGT1,0
D,DISPATCH,UNIT_SCADA,1,"2019/09/05 19:55:00",DRYCGT2,0
D,DISPATCH,UNIT_SCADA,1,"2019/09/05 19:55:00",DRYCGT3,0
D,DISPATCH,UNIT_SCADA,1,"2019/09/05 19:55:00",EILDON1,0
D,DISPATCH,UNIT_SCADA,1,"2019/09/05 19:55:00",EILDON2,0
D,DISPATCH,UNIT_SCADA,1,"2019/09/05 19:55:00",EMERASF1,0
D,DISPATCH,UNIT_SCADA,1,"2019/09/05 19:55:00",ER01,579.424930
D,DISPATCH,UNIT_SCADA,1,"2019/09/05 19:55:00",ER02,568.6250
D,DISPATCH,UNIT_SCADA,1,"2019/09/05 19:55:00",ER03,0
D,DISPATCH,UNIT_SCADA,1,"2019/09/05 19:55:00",ER04,667.325070
D,DISPATCH,UNIT_SCADA,1,"2019/09/05 19:55:00",FINLYSF1,0
D,DISPATCH,UNIT_SCADA,1,"2019/09/05 19:55:00",FISHER,46.07
D,DISPATCH,UNIT_SCADA,1,"2019/09/05 19:55:00",GANNBG1,2.262780
D,DISPATCH,UNIT_SCADA,1,"2019/09/05 19:55:00",GANNBL1,0
D,DISPATCH,UNIT_SCADA,1,"2019/09/05 19:55:00",GANNSF1,0
D,DISPATCH,UNIT_SCADA,1,"2019/09/05 19:55:00",GORDON,21.604240
D,DISPATCH,UNIT_SCADA,1,"2019/09/05 19:55:00",GSTONE1,215.95
D,DISPATCH,UNIT_SCADA,1,"2019/09/05 19:55:00",GSTONE2,214.20
D,DISPATCH,UNIT_SCADA,1,"2019/09/05 19:55:00",GSTONE3,0
D,DISPATCH,UNIT_SCADA,1,"2019/09/05 19:55:00",GSTONE4,260.225010
D,DISPATCH,UNIT_SCADA,1,"2019/09/05 19:55:00",GSTONE5,214.3750
D,DISPATCH,UNIT_SCADA,1,"2019/09/05 19:55:00",GSTONE6,215.95
D,DISPATCH,UNIT_SCADA,1,"2019/09/05 19:55:00",GULLRSF1,0
D,DISPATCH,UNIT_SCADA,1,"2019/09/05 19:55:00",GULLRWF1,27.944030
D,DISPATCH,UNIT_SCADA,1,"2019/09/05 19:55:00",GUNNING1,9.3601
D,DISPATCH,UNIT_SCADA,1,"2019/09/05 19:55:00",GUTHEGA,31.10
D,DISPATCH,UNIT_SCADA,1,"2019/09/05 19:55:00",HALLWF1,92.05
D,DISPATCH,UNIT_SCADA,1,"2019/09/05 19:55:00",HALLWF2,61.92
D,DISPATCH,UNIT_SCADA,1,"2019/09/05 19:55:00",HAMISF1,0
D,DISPATCH,UNIT_SCADA,1,"2019/09/05 19:55:00",HAUGHT11,0
D,DISPATCH,UNIT_SCADA,1,"2019/09/05 19:55:00",HAYMSF1,0
D,DISPATCH,UNIT_SCADA,1,"2019/09/05 19:55:00",HDWF1,73
D,DISPATCH,UNIT_SCADA,1,"2019/09/05 19:55:00",HDWF2,64.60
D,DISPATCH,UNIT_SCADA,1,"2019/09/05 19:55:00",HDWF3,70.80
D,DISPATCH,UNIT_SCADA,1,"2019/09/05 19:55:00",HPRG1,3.80
D,DISPATCH,UNIT_SCADA,1,"2019/09/05 19:55:00",HPRL1,0
D,DISPATCH,UNIT_SCADA,1,"2019/09/05 19:55:00",HUMENSW,0
D,DISPATCH,UNIT_SCADA,1,"2019/09/05 19:55:00",HUMEV,24.30
D,DISPATCH,UNIT_SCADA,1,"2019/09/05 19:55:00",HVGTS,0
D,DISPATCH,UNIT_SCADA,1,"2019/09/05 19:55:00",JBUTTERS,22.34
D,DISPATCH,UNIT_SCADA,1,"2019/09/05 19:55:00",JLA01,0.10
D,DISPATCH,UNIT_SCADA,1,"2019/09/05 19:55:00",JLA02,0
D,DISPATCH,UNIT_SCADA,1,"2019/09/05 19:55:00",JLA03,0
D,DISPATCH,UNIT_SCADA,1,"2019/09/05 19:55:00",JLA04,0
D,DISPATCH,UNIT_SCADA,1,"2019/09/05 19:55:00",JLB01,0
D,DISPATCH,UNIT_SCADA,1,"2019/09/05 19:55:00",JLB02,83.60
D,DISPATCH,UNIT_SCADA,1,"2019/09/05 19:55:00",JLB03,84
D,DISPATCH,UNIT_SCADA,1,"2019/09/05 19:55:00",KAREEYA1,21.5050
D,DISPATCH,UNIT_SCADA,1,"2019/09/05 19:55:00",KAREEYA2,21.6475
D,DISPATCH,UNIT_SCADA,1,"2019/09/05 19:55:00",KAREEYA3,0
D,DISPATCH,UNIT_SCADA,1,"2019/09/05 19:55:00",KAREEYA4,21.58
D,DISPATCH,UNIT_SCADA,1,"2019/09/05 19:55:00",KARSF1,0
D,DISPATCH,UNIT_SCADA,1,"2019/09/05 19:55:00",KIATAWF1,30.40
D,DISPATCH,UNIT_SCADA,1,"2019/09/05 19:55:00",KPP_1,0
D,DISPATCH,UNIT_SCADA,1,"2019/09/05 19:55:00",KSP1,0
D,DISPATCH,UNIT_SCADA,1,"2019/09/05 19:55:00",LADBROK1,41.80
D,DISPATCH,UNIT_SCADA,1,"2019/09/05 19:55:00",LADBROK2,42.48
D,DISPATCH,UNIT_SCADA,1,"2019/09/05 19:55:00",LD01,419.324980
D,DISPATCH,UNIT_SCADA,1,"2019/09/05 19:55:00",LD02,397.8187
D,DISPATCH,UNIT_SCADA,1,"2019/09/05 19:55:00",LD03,419.587460
D,DISPATCH,UNIT_SCADA,1,"2019/09/05 19:55:00",LD04,379.481230
D,DISPATCH,UNIT_SCADA,1,"2019/09/05 19:55:00",LEM_WIL,85.222950
D,DISPATCH,UNIT_SCADA,1,"2019/09/05 19:55:00",LGAPWF1,12.65
D,DISPATCH,UNIT_SCADA,1,"2019/09/05 19:55:00",LILYSF1,0
D,DISPATCH,UNIT_SCADA,1,"2019/09/05 19:55:00",LI_WY_CA,136.126570
D,DISPATCH,UNIT_SCADA,1,"2019/09/05 19:55:00",LKBONNY2,41.494750
D,DISPATCH,UNIT_SCADA,1,"2019/09/05 19:55:00",LKBONNY3,13.843860
D,DISPATCH,UNIT_SCADA,1,"2019/09/05 19:55:00",LK_ECHO,0
D,DISPATCH,UNIT_SCADA,1,"2019/09/05 19:55:00",LNGS1,0
D,DISPATCH,UNIT_SCADA,1,"2019/09/05 19:55:00",LNGS2,0
D,DISPATCH,UNIT_SCADA,1,"2019/09/05 19:55:00",LONSDALE,0
D,DISPATCH,UNIT_SCADA,1,"2019/09/05 19:55:00",LOYYB1,535.712650
D,DISPATCH,UNIT_SCADA,1,"2019/09/05 19:55:00",LOYYB2,581.954410
D,DISPATCH,UNIT_SCADA,1,"2019/09/05 19:55:00",LYA1,0
D,DISPATCH,UNIT_SCADA,1,"2019/09/05 19:55:00",LYA2,0
D,DISPATCH,UNIT_SCADA,1,"2019/09/05 19:55:00",LYA3,558
D,DISPATCH,UNIT_SCADA,1,"2019/09/05 19:55:00",LYA4,540
D,DISPATCH,UNIT_SCADA,1,"2019/09/05 19:55:00",MACARTH1,15.799630
D,DISPATCH,UNIT_SCADA,1,"2019/09/05 19:55:00",MACKAYGT,0.2240
D,DISPATCH,UNIT_SCADA,1,"2019/09/05 19:55:00",MACKNTSH,88.740010
D,DISPATCH,UNIT_SCADA,1,"2019/09/05 19:55:00",MANSLR1,0
D,DISPATCH,UNIT_SCADA,1,"2019/09/05 19:55:00",MCKAY1,122.384990
D,DISPATCH,UNIT_SCADA,1,"2019/09/05 19:55:00",MEADOWBK,33.953040
D,DISPATCH,UNIT_SCADA,1,"2019/09/05 19:55:00",MERCER01,73.5150
D,DISPATCH,UNIT_SCADA,1,"2019/09/05 19:55:00",MEWF1,24.354820
D,DISPATCH,UNIT_SCADA,1,"2019/09/05 19:55:00",MINTARO,0
D,DISPATCH,UNIT_SCADA,1,"2019/09/05 19:55:00",MOREESF1,0
D,DISPATCH,UNIT_SCADA,1,"2019/09/05 19:55:00",MORTLK11,259
D,DISPATCH,UNIT_SCADA,1,"2019/09/05 19:55:00",MORTLK12,0
D,DISPATCH,UNIT_SCADA,1,"2019/09/05 19:55:00",MP1,218.474980
D,DISPATCH,UNIT_SCADA,1,"2019/09/05 19:55:00",MP2,0
D,DISPATCH,UNIT_SCADA,1,"2019/09/05 19:55:00",MPP_1,399.25
D,DISPATCH,UNIT_SCADA,1,"2019/09/05 19:55:00",MPP_2,434.75
D,DISPATCH,UNIT_SCADA,1,"2019/09/05 19:55:00",MSTUART1,0
D,DISPATCH,UNIT_SCADA,1,"2019/09/05 19:55:00",MSTUART2,0
D,DISPATCH,UNIT_SCADA,1,"2019/09/05 19:55:00",MSTUART3,0
D,DISPATCH,UNIT_SCADA,1,"2019/09/05 19:55:00",MTGELWF1,27.718440
D,DISPATCH,UNIT_SCADA,1,"2019/09/05 19:55:00",MURRAY,0
D,DISPATCH,UNIT_SCADA,1,"2019/09/05 19:55:00",MUSSELR1,37.40
D,DISPATCH,UNIT_SCADA,1,"2019/09/05 19:55:00",MUWAWF1,45.32
D,DISPATCH,UNIT_SCADA,1,"2019/09/05 19:55:00",NBHWF1,113.100010
D,DISPATCH,UNIT_SCADA,1,"2019/09/05 19:55:00",NPS,493.50
D,DISPATCH,UNIT_SCADA,1,"2019/09/05 19:55:00",NUMURSF1,0
D,DISPATCH,UNIT_SCADA,1,"2019/09/05 19:55:00",NYNGAN1,0
D,DISPATCH,UNIT_SCADA,1,"2019/09/05 19:55:00",OAKEY1,0
D,DISPATCH,UNIT_SCADA,1,"2019/09/05 19:55:00",OAKEY1SF,0
D,DISPATCH,UNIT_SCADA,1,"2019/09/05 19:55:00",OAKEY2,0
D,DISPATCH,UNIT_SCADA,1,"2019/09/05 19:55:00",OAKEY2SF,0
D,DISPATCH,UNIT_SCADA,1,"2019/09/05 19:55:00",OAKLAND1,9
D,DISPATCH,UNIT_SCADA,1,"2019/09/05 19:55:00",OSB-AG,180.87
D,DISPATCH,UNIT_SCADA,1,"2019/09/05 19:55:00",PARSF1,0
D,DISPATCH,UNIT_SCADA,1,"2019/09/05 19:55:00",POAT110,0
D,DISPATCH,UNIT_SCADA,1,"2019/09/05 19:55:00",POAT220,0.96
D,DISPATCH,UNIT_SCADA,1,"2019/09/05 19:55:00",POR01,0
D,DISPATCH,UNIT_SCADA,1,"2019/09/05 19:55:00",POR03,0
D,DISPATCH,UNIT_SCADA,1,"2019/09/05 19:55:00",PPCCGT,476.891540
D,DISPATCH,UNIT_SCADA,1,"2019/09/05 19:55:00",PTSTAN1,0
D,DISPATCH,UNIT_SCADA,1,"2019/09/05 19:55:00",PUMP1,0
D,DISPATCH,UNIT_SCADA,1,"2019/09/05 19:55:00",PUMP2,0
D,DISPATCH,UNIT_SCADA,1,"2019/09/05 19:55:00",QPS1,29
D,DISPATCH,UNIT_SCADA,1,"2019/09/05 19:55:00",QPS2,0
D,DISPATCH,UNIT_SCADA,1,"2019/09/05 19:55:00",QPS3,0
D,DISPATCH,UNIT_SCADA,1,"2019/09/05 19:55:00",QPS4,0
D,DISPATCH,UNIT_SCADA,1,"2019/09/05 19:55:00",QPS5,107.43
D,DISPATCH,UNIT_SCADA,1,"2019/09/05 19:55:00",REECE1,117.45
D,DISPATCH,UNIT_SCADA,1,"2019/09/05 19:55:00",REECE2,117.360010
D,DISPATCH,UNIT_SCADA,1,"2019/09/05 19:55:00",ROMA_7,0
D,DISPATCH,UNIT_SCADA,1,"2019/09/05 19:55:00",ROMA_8,0
D,DISPATCH,UNIT_SCADA,1,"2019/09/05 19:55:00",RRSF1,0
D,DISPATCH,UNIT_SCADA,1,"2019/09/05 19:55:00",RT_NSW1,0
D,DISPATCH,UNIT_SCADA,1,"2019/09/05 19:55:00",RT_NSW2,0
D,DISPATCH,UNIT_SCADA,1,"2019/09/05 19:55:00",RT_NSW3,0
D,DISPATCH,UNIT_SCADA,1,"2019/09/05 19:55:00",RT_NSW4,0
D,DISPATCH,UNIT_SCADA,1,"2019/09/05 19:55:00",RT_NSW5,0
D,DISPATCH,UNIT_SCADA,1,"2019/09/05 19:55:00",RT_NSW6,0
D,DISPATCH,UNIT_SCADA,1,"2019/09/05 19:55:00",RT_QLD1,0
D,DISPATCH,UNIT_SCADA,1,"2019/09/05 19:55:00",RT_SA1,0
D,DISPATCH,UNIT_SCADA,1,"2019/09/05 19:55:00",RT_SA2,0
D,DISPATCH,UNIT_SCADA,1,"2019/09/05 19:55:00",RT_SA3,0
D,DISPATCH,UNIT_SCADA,1,"2019/09/05 19:55:00",RT_SA4,0
D,DISPATCH,UNIT_SCADA,1,"2019/09/05 19:55:00",RT_SA5,0
D,DISPATCH,UNIT_SCADA,1,"2019/09/05 19:55:00",RT_SA6,0
D,DISPATCH,UNIT_SCADA,1,"2019/09/05 19:55:00",RT_TAS1,0
D,DISPATCH,UNIT_SCADA,1,"2019/09/05 19:55:00",RT_VIC1,0
D,DISPATCH,UNIT_SCADA,1,"2019/09/05 19:55:00",RT_VIC10,0
D,DISPATCH,UNIT_SCADA,1,"2019/09/05 19:55:00",RT_VIC11,0
D,DISPATCH,UNIT_SCADA,1,"2019/09/05 19:55:00",RT_VIC12,0
D,DISPATCH,UNIT_SCADA,1,"2019/09/05 19:55:00",RT_VIC2,0
D,DISPATCH,UNIT_SCADA,1,"2019/09/05 19:55:00",RT_VIC3,0
D,DISPATCH,UNIT_SCADA,1,"2019/09/05 19:55:00",RT_VIC4,0
D,DISPATCH,UNIT_SCADA,1,"2019/09/05 19:55:00",RT_VIC5,0
D,DISPATCH,UNIT_SCADA,1,"2019/09/05 19:55:00",RT_VIC6,0
D,DISPATCH,UNIT_SCADA,1,"2019/09/05 19:55:00",RT_VIC7,0
D,DISPATCH,UNIT_SCADA,1,"2019/09/05 19:55:00",RT_VIC8,0
D,DISPATCH,UNIT_SCADA,1,"2019/09/05 19:55:00",RT_VIC9,0
D,DISPATCH,UNIT_SCADA,1,"2019/09/05 19:55:00",RUGBYR1,0
D,DISPATCH,UNIT_SCADA,1,"2019/09/05 19:55:00",SALTCRK1,4.52
D,DISPATCH,UNIT_SCADA,1,"2019/09/05 19:55:00",SAPHWF1,45.853120
D,DISPATCH,UNIT_SCADA,1,"2019/09/05 19:55:00",SHGEN,161.053910
D,DISPATCH,UNIT_SCADA,1,"2019/09/05 19:55:00",SHPUMP,0
D,DISPATCH,UNIT_SCADA,1,"2019/09/05 19:55:00",SITHE01,0.214140
D,DISPATCH,UNIT_SCADA,1,"2019/09/05 19:55:00",SMCSF1,0
D,DISPATCH,UNIT_SCADA,1,"2019/09/05 19:55:00",SNOWNTH1,83.70
D,DISPATCH,UNIT_SCADA,1,"2019/09/05 19:55:00",SNOWSTH1,87
D,DISPATCH,UNIT_SCADA,1,"2019/09/05 19:55:00",SNOWTWN1,66.200310
D,DISPATCH,UNIT_SCADA,1,"2019/09/05 19:55:00",SNOWYP,0
D,DISPATCH,UNIT_SCADA,1,"2019/09/05 19:55:00",SNUG1,0.019440
D,DISPATCH,UNIT_SCADA,1,"2019/09/05 19:55:00",SRSF1,0.22
D,DISPATCH,UNIT_SCADA,1,"2019/09/05 19:55:00",STAN-1,258.470950
D,DISPATCH,UNIT_SCADA,1,"2019/09/05 19:55:00",STAN-2,356.886020
D,DISPATCH,UNIT_SCADA,1,"2019/09/05 19:55:00",STAN-3,364.538240
D,DISPATCH,UNIT_SCADA,1,"2019/09/05 19:55:00",STAN-4,365.384220
D,DISPATCH,UNIT_SCADA,1,"2019/09/05 19:55:00",STWF1,0
D,DISPATCH,UNIT_SCADA,1,"2019/09/05 19:55:00",SWAN_E,0
D,DISPATCH,UNIT_SCADA,1,"2019/09/05 19:55:00",TALWA1,415
D,DISPATCH,UNIT_SCADA,1,"2019/09/05 19:55:00",TARALGA1,11.047510
D,DISPATCH,UNIT_SCADA,1,"2019/09/05 19:55:00",TARONG#1,349.399990
D,DISPATCH,UNIT_SCADA,1,"2019/09/05 19:55:00",TARONG#2,0
D,DISPATCH,UNIT_SCADA,1,"2019/09/05 19:55:00",TARONG#3,349.600010
D,DISPATCH,UNIT_SCADA,1,"2019/09/05 19:55:00",TARONG#4,348.50
D,DISPATCH,UNIT_SCADA,1,"2019/09/05 19:55:00",TARRALEA,74.10
D,DISPATCH,UNIT_SCADA,1,"2019/09/05 19:55:00",TBSF1,-0.20
D,DISPATCH,UNIT_SCADA,1,"2019/09/05 19:55:00",TNPS1,397.600010
D,DISPATCH,UNIT_SCADA,1,"2019/09/05 19:55:00",TORRA1,59.864230
D,DISPATCH,UNIT_SCADA,1,"2019/09/05 19:55:00",TORRA2,0
D,DISPATCH,UNIT_SCADA,1,"2019/09/05 19:55:00",TORRA3,0
D,DISPATCH,UNIT_SCADA,1,"2019/09/05 19:55:00",TORRA4,61.492160
D,DISPATCH,UNIT_SCADA,1,"2019/09/05 19:55:00",TORRB1,79.76
D,DISPATCH,UNIT_SCADA,1,"2019/09/05 19:55:00",TORRB2,78.69
D,DISPATCH,UNIT_SCADA,1,"2019/09/05 19:55:00",TORRB3,81.09
D,DISPATCH,UNIT_SCADA,1,"2019/09/05 19:55:00",TORRB4,0
D,DISPATCH,UNIT_SCADA,1,"2019/09/05 19:55:00",TREVALLN,89.400020
D,DISPATCH,UNIT_SCADA,1,"2019/09/05 19:55:00",TRIBUTE,0
D,DISPATCH,UNIT_SCADA,1,"2019/09/05 19:55:00",TUMUT3,202.400010
D,DISPATCH,UNIT_SCADA,1,"2019/09/05 19:55:00",TUNGATIN,97.800030
D,DISPATCH,UNIT_SCADA,1,"2019/09/05 19:55:00",TVCC201,0
D,DISPATCH,UNIT_SCADA,1,"2019/09/05 19:55:00",TVPP104,0
D,DISPATCH,UNIT_SCADA,1,"2019/09/05 19:55:00",UPPTUMUT,568.839050
D,DISPATCH,UNIT_SCADA,1,"2019/09/05 19:55:00",URANQ11,67.399990
D,DISPATCH,UNIT_SCADA,1,"2019/09/05 19:55:00",URANQ12,69.899990
D,DISPATCH,UNIT_SCADA,1,"2019/09/05 19:55:00",URANQ13,75.918730
D,DISPATCH,UNIT_SCADA,1,"2019/09/05 19:55:00",URANQ14,0
D,DISPATCH,UNIT_SCADA,1,"2019/09/05 19:55:00",VP5,408.099980
D,DISPATCH,UNIT_SCADA,1,"2019/09/05 19:55:00",VP6,0
D,DISPATCH,UNIT_SCADA,1,"2019/09/05 19:55:00",VPGS1,0
D,DISPATCH,UNIT_SCADA,1,"2019/09/05 19:55:00",VPGS2,0
D,DISPATCH,UNIT_SCADA,1,"2019/09/05 19:55:00",VPGS3,0
D,DISPATCH,UNIT_SCADA,1,"2019/09/05 19:55:00",VPGS4,0
D,DISPATCH,UNIT_SCADA,1,"2019/09/05 19:55:00",VPGS5,0
D,DISPATCH,UNIT_SCADA,1,"2019/09/05 19:55:00",VPGS6,0
D,DISPATCH,UNIT_SCADA,1,"2019/09/05 19:55:00",W/HOE#1,0
D,DISPATCH,UNIT_SCADA,1,"2019/09/05 19:55:00",W/HOE#2,0
D,DISPATCH,UNIT_SCADA,1,"2019/09/05 19:55:00",WATERLWF,109.30
D,DISPATCH,UNIT_SCADA,1,"2019/09/05 19:55:00",WEMENSF1,0
D,DISPATCH,UNIT_SCADA,1,"2019/09/05 19:55:00",WGWF1,70.70
D,DISPATCH,UNIT_SCADA,1,"2019/09/05 19:55:00",WHITSF1,0
D,DISPATCH,UNIT_SCADA,1,"2019/09/05 19:55:00",WKIEWA1,32
D,DISPATCH,UNIT_SCADA,1,"2019/09/05 19:55:00",WKIEWA2,32
D,DISPATCH,UNIT_SCADA,1,"2019/09/05 19:55:00",WOODLWN1,4.175990
D,DISPATCH,UNIT_SCADA,1,"2019/09/05 19:55:00",WRSF1,0
D,DISPATCH,UNIT_SCADA,1,"2019/09/05 19:55:00",WRWF1,17.581260
D,DISPATCH,UNIT_SCADA,1,"2019/09/05 19:55:00",YABULU,161.100010
D,DISPATCH,UNIT_SCADA,1,"2019/09/05 19:55:00",YABULU2,0
D,DISPATCH,UNIT_SCADA,1,"2019/09/05 19:55:00",YARWUN_1,162.379990
D,DISPATCH,UNIT_SCADA,1,"2019/09/05 19:55:00",YENDWF1,41.86
D,DISPATCH,UNIT_SCADA,1,"2019/09/05 19:55:00",YWPS1,378.946840
D,DISPATCH,UNIT_SCADA,1,"2019/09/05 19:55:00",YWPS2,278.944310
D,DISPATCH,UNIT_SCADA,1,"2019/09/05 19:55:00",YWPS3,331.160770
D,DISPATCH,UNIT_SCADA,1,"2019/09/05 19:55:00",YWPS4,396.649350
C,"END OF REPORT",335
