C,NEMP.WORLD,DISPATCHSCADA,AEMO,PUBLIC,2019/08/20,10:40:07,0000000311782267,DISPATCHSCADA,0000000311782261
I,DISPATCH,UNIT_SCADA,1,SETTLEMENTDATE,DUID,SCADAVALUE
D,DISPATCH,UNIT_SCADA,1,"2019/08/20 10:45:00",BARCSF1,18.50
D,DISPATCH,UNIT_SCADA,1,"2019/08/20 10:45:00",BUTLERSG,9.799998
D,DISPATCH,UNIT_SCADA,1,"2019/08/20 10:45:00",CALL_A_4,0
D,DISPATCH,UNIT_SCADA,1,"2019/08/20 10:45:00",CAPTL_WF,132.712006
D,DISPATCH,UNIT_SCADA,1,"2019/08/20 10:45:00",CATHROCK,46.079998
D,DISPATCH,UNIT_SCADA,1,"2019/08/20 10:45:00",CHALLHWF,11.80
D,DISPATCH,UNIT_SCADA,1,"2019/08/20 10:45:00",CLOVER,-0.01
D,DISPATCH,UNIT_SCADA,1,"2019/08/20 10:45:00",CLUNY,15.040055
D,DISPATCH,UNIT_SCADA,1,"2019/08/20 10:45:00",CNUNDAWF,39.546131
D,DISPATCH,UNIT_SCADA,1,"2019/08/20 10:45:00",CULLRGWF,30.50
D,DISPATCH,UNIT_SCADA,1,"2019/08/20 10:45:00",ERGT01,0
D,DISPATCH,UNIT_SCADA,1,"2019/08/20 10:45:00",GB01,0.058681
D,DISPATCH,UNIT_SCADA,1,"2019/08/20 10:45:00",GERMCRK,37.900002
D,DISPATCH,UNIT_SCADA,1,"2019/08/20 10:45:00",GRIFSF1,6.500008
D,DISPATCH,UNIT_SCADA,1,"2019/08/20 10:45:00",HUGSF1,8.9890
D,DISPATCH,UNIT_SCADA,1,"2019/08/20 10:45:00",LKBONNY1,74.841248
D,DISPATCH,UNIT_SCADA,1,"2019/08/20 10:45:00",LRSF1,9.1370
D,DISPATCH,UNIT_SCADA,1,"2019/08/20 10:45:00",MBAHNTH,54.806244
D,DISPATCH,UNIT_SCADA,1,"2019/08/20 10:45:00",MLSP1,10.313001
D,DISPATCH,UNIT_SCADA,1,"2019/08/20 10:45:00",MLWF1,19.650002
D,DISPATCH,UNIT_SCADA,1,"2019/08/20 10:45:00",MTMILLAR,16.214617
D,DISPATCH,UNIT_SCADA,1,"2019/08/20 10:45:00",PALOONA,14.82
D,DISPATCH,UNIT_SCADA,1,"2019/08/20 10:45:00",PIONEER,10.80
D,DISPATCH,UNIT_SCADA,1,"2019/08/20 10:45:00",PORTWF,134.600006
D,DISPATCH,UNIT_SCADA,1,"2019/08/20 10:45:00",REPULSE,28.809643
D,DISPATCH,UNIT_SCADA,1,"2019/08/20 10:45:00",ROWALLAN,9.9471
D,DISPATCH,UNIT_SCADA,1,"2019/08/20 10:45:00",ROYALLA1,18.515001
D,DISPATCH,UNIT_SCADA,1,"2019/08/20 10:45:00",RPCG,10.20
D,DISPATCH,UNIT_SCADA,1,"2019/08/20 10:45:00",RUBICON,0
D,DISPATCH,UNIT_SCADA,1,"2019/08/20 10:45:00",SATGN1,0
D,DISPATCH,UNIT_SCADA,1,"2019/08/20 10:45:00",SATGS1,0
D,DISPATCH,UNIT_SCADA,1,"2019/08/20 10:45:00",STARHLWF,7.997668
D,DISPATCH,UNIT_SCADA,1,"2019/08/20 10:45:00",WAUBRAWF,64.967003
D,DISPATCH,UNIT_SCADA,1,"2019/08/20 10:45:00",WOOLNTH1,111.460022
D,DISPATCH,UNIT_SCADA,1,"2019/08/20 10:45:00",WPWF,33
D,DISPATCH,UNIT_SCADA,1,"2019/08/20 10:45:00",YAMBUKWF,27.10
D,DISPATCH,UNIT_SCADA,1,"2019/08/20 10:45:00",YSWF1,28.60
D,DISPATCH,UNIT_SCADA,1,"2019/08/20 10:45:00",AGLHAL,0
D,DISPATCH,UNIT_SCADA,1,"2019/08/20 10:45:00",AGLSOM,0
D,DISPATCH,UNIT_SCADA,1,"2019/08/20 10:45:00",ANGAST1,0
D,DISPATCH,UNIT_SCADA,1,"2019/08/20 10:45:00",ARWF1,59.40
D,DISPATCH,UNIT_SCADA,1,"2019/08/20 10:45:00",BALBG1,0
D,DISPATCH,UNIT_SCADA,1,"2019/08/20 10:45:00",BALBL1,0
D,DISPATCH,UNIT_SCADA,1,"2019/08/20 10:45:00",BALDHWF1,103.2790
D,DISPATCH,UNIT_SCADA,1,"2019/08/20 10:45:00",BANN1,56.97
D,DISPATCH,UNIT_SCADA,1,"2019/08/20 10:45:00",BARCALDN,0
D,DISPATCH,UNIT_SCADA,1,"2019/08/20 10:45:00",BARRON-1,0
D,DISPATCH,UNIT_SCADA,1,"2019/08/20 10:45:00",BARRON-2,0
D,DISPATCH,UNIT_SCADA,1,"2019/08/20 10:45:00",BASTYAN,80.23
D,DISPATCH,UNIT_SCADA,1,"2019/08/20 10:45:00",BBTHREE1,-1.82
D,DISPATCH,UNIT_SCADA,1,"2019/08/20 10:45:00",BBTHREE2,-2.04
D,DISPATCH,UNIT_SCADA,1,"2019/08/20 10:45:00",BBTHREE3,0
D,DISPATCH,UNIT_SCADA,1,"2019/08/20 10:45:00",BDL01,0
D,DISPATCH,UNIT_SCADA,1,"2019/08/20 10:45:00",BDL02,-0.06
D,DISPATCH,UNIT_SCADA,1,"2019/08/20 10:45:00",BERYLSF1,69.5701
D,DISPATCH,UNIT_SCADA,1,"2019/08/20 10:45:00",BLOWERNG,0
D,DISPATCH,UNIT_SCADA,1,"2019/08/20 10:45:00",BLUFF1,44.90
D,DISPATCH,UNIT_SCADA,1,"2019/08/20 10:45:00",BNGSF1,66.81
D,DISPATCH,UNIT_SCADA,1,"2019/08/20 10:45:00",BNGSF2,20.08
D,DISPATCH,UNIT_SCADA,1,"2019/08/20 10:45:00",BOCORWF1,102.90
D,DISPATCH,UNIT_SCADA,1,"2019/08/20 10:45:00",BODWF1,32.539530
D,DISPATCH,UNIT_SCADA,1,"2019/08/20 10:45:00",BRAEMAR1,0
D,DISPATCH,UNIT_SCADA,1,"2019/08/20 10:45:00",BRAEMAR2,0
D,DISPATCH,UNIT_SCADA,1,"2019/08/20 10:45:00",BRAEMAR3,0
D,DISPATCH,UNIT_SCADA,1,"2019/08/20 10:45:00",BRAEMAR5,0
D,DISPATCH,UNIT_SCADA,1,"2019/08/20 10:45:00",BRAEMAR6,0
D,DISPATCH,UNIT_SCADA,1,"2019/08/20 10:45:00",BRAEMAR7,0
D,DISPATCH,UNIT_SCADA,1,"2019/08/20 10:45:00",BROKENH1,50.993410
D,DISPATCH,UNIT_SCADA,1,"2019/08/20 10:45:00",BW01,481.474980
D,DISPATCH,UNIT_SCADA,1,"2019/08/20 10:45:00",BW02,542.550050
D,DISPATCH,UNIT_SCADA,1,"2019/08/20 10:45:00",BW03,617.424930
D,DISPATCH,UNIT_SCADA,1,"2019/08/20 10:45:00",BW04,0
D,DISPATCH,UNIT_SCADA,1,"2019/08/20 10:45:00",CALL_B_1,350.300020
D,DISPATCH,UNIT_SCADA,1,"2019/08/20 10:45:00",CALL_B_2,280.200010
D,DISPATCH,UNIT_SCADA,1,"2019/08/20 10:45:00",CETHANA,93.214870
D,DISPATCH,UNIT_SCADA,1,"2019/08/20 10:45:00",CG1,0
D,DISPATCH,UNIT_SCADA,1,"2019/08/20 10:45:00",CG2,0
D,DISPATCH,UNIT_SCADA,1,"2019/08/20 10:45:00",CG3,0
D,DISPATCH,UNIT_SCADA,1,"2019/08/20 10:45:00",CG4,0
D,DISPATCH,UNIT_SCADA,1,"2019/08/20 10:45:00",CHILDSF1,40.08
D,DISPATCH,UNIT_SCADA,1,"2019/08/20 10:45:00",CLARESF1,44.836860
D,DISPATCH,UNIT_SCADA,1,"2019/08/20 10:45:00",CLEMGPWF,5.906870
D,DISPATCH,UNIT_SCADA,1,"2019/08/20 10:45:00",CLERMSF1,15.13
D,DISPATCH,UNIT_SCADA,1,"2019/08/20 10:45:00",COLEASF1,73.40
D,DISPATCH,UNIT_SCADA,1,"2019/08/20 10:45:00",COOPGWF1,21.463930
D,DISPATCH,UNIT_SCADA,1,"2019/08/20 10:45:00",CPP_3,246.400010
D,DISPATCH,UNIT_SCADA,1,"2019/08/20 10:45:00",CPP_4,350.075010
D,DISPATCH,UNIT_SCADA,1,"2019/08/20 10:45:00",CPSA,142.223750
D,DISPATCH,UNIT_SCADA,1,"2019/08/20 10:45:00",CROOKWF2,81.803750
D,DISPATCH,UNIT_SCADA,1,"2019/08/20 10:45:00",CROWLWF1,28.194820
D,DISPATCH,UNIT_SCADA,1,"2019/08/20 10:45:00",CSPVPS1,31.9830
D,DISPATCH,UNIT_SCADA,1,"2019/08/20 10:45:00",DALNTH01,0
D,DISPATCH,UNIT_SCADA,1,"2019/08/20 10:45:00",DALNTHL1,0.090030
D,DISPATCH,UNIT_SCADA,1,"2019/08/20 10:45:00",DARTM1,0.20
D,DISPATCH,UNIT_SCADA,1,"2019/08/20 10:45:00",DAYDSF1,115.1890
D,DISPATCH,UNIT_SCADA,1,"2019/08/20 10:45:00",DDPS1,0
D,DISPATCH,UNIT_SCADA,1,"2019/08/20 10:45:00",DDSF1,108.277760
D,DISPATCH,UNIT_SCADA,1,"2019/08/20 10:45:00",DEVILS_G,0
D,DISPATCH,UNIT_SCADA,1,"2019/08/20 10:45:00",DG_NSW1,0
D,DISPATCH,UNIT_SCADA,1,"2019/08/20 10:45:00",DG_QLD1,0
D,DISPATCH,UNIT_SCADA,1,"2019/08/20 10:45:00",DG_SA1,0
D,DISPATCH,UNIT_SCADA,1,"2019/08/20 10:45:00",DG_TAS1,0
D,DISPATCH,UNIT_SCADA,1,"2019/08/20 10:45:00",DG_VIC1,0
D,DISPATCH,UNIT_SCADA,1,"2019/08/20 10:45:00",DRYCGT1,0
D,DISPATCH,UNIT_SCADA,1,"2019/08/20 10:45:00",DRYCGT2,0
D,DISPATCH,UNIT_SCADA,1,"2019/08/20 10:45:00",DRYCGT3,0
D,DISPATCH,UNIT_SCADA,1,"2019/08/20 10:45:00",EILDON1,0
D,DISPATCH,UNIT_SCADA,1,"2019/08/20 10:45:00",EILDON2,0
D,DISPATCH,UNIT_SCADA,1,"2019/08/20 10:45:00",EMERASF1,64.32
D,DISPATCH,UNIT_SCADA,1,"2019/08/20 10:45:00",ER01,501.50
D,DISPATCH,UNIT_SCADA,1,"2019/08/20 10:45:00",ER02,502.50
D,DISPATCH,UNIT_SCADA,1,"2019/08/20 10:45:00",ER03,505.949950
D,DISPATCH,UNIT_SCADA,1,"2019/08/20 10:45:00",ER04,501.8750
D,DISPATCH,UNIT_SCADA,1,"2019/08/20 10:45:00",FINLYSF1,0
D,DISPATCH,UNIT_SCADA,1,"2019/08/20 10:45:00",FISHER,45.82
D,DISPATCH,UNIT_SCADA,1,"2019/08/20 10:45:00",GANNBG1,0
D,DISPATCH,UNIT_SCADA,1,"2019/08/20 10:45:00",GANNBL1,0.372930
D,DISPATCH,UNIT_SCADA,1,"2019/08/20 10:45:00",GANNSF1,31.60
D,DISPATCH,UNIT_SCADA,1,"2019/08/20 10:45:00",GORDON,0
D,DISPATCH,UNIT_SCADA,1,"2019/08/20 10:45:00",GSTONE1,109.7250
D,DISPATCH,UNIT_SCADA,1,"2019/08/20 10:45:00",GSTONE2,109.3750
D,DISPATCH,UNIT_SCADA,1,"2019/08/20 10:45:00",GSTONE3,110.7750
D,DISPATCH,UNIT_SCADA,1,"2019/08/20 10:45:00",GSTONE4,123.90
D,DISPATCH,UNIT_SCADA,1,"2019/08/20 10:45:00",GSTONE5,122.15
D,DISPATCH,UNIT_SCADA,1,"2019/08/20 10:45:00",GSTONE6,0
D,DISPATCH,UNIT_SCADA,1,"2019/08/20 10:45:00",GULLRSF1,4.167570
D,DISPATCH,UNIT_SCADA,1,"2019/08/20 10:45:00",GULLRWF1,140.887820
D,DISPATCH,UNIT_SCADA,1,"2019/08/20 10:45:00",GUNNING1,42.738960
D,DISPATCH,UNIT_SCADA,1,"2019/08/20 10:45:00",GUTHEGA,0
D,DISPATCH,UNIT_SCADA,1,"2019/08/20 10:45:00",HALLWF1,84.65
D,DISPATCH,UNIT_SCADA,1,"2019/08/20 10:45:00",HALLWF2,63.59
D,DISPATCH,UNIT_SCADA,1,"2019/08/20 10:45:00",HAMISF1,46.40
D,DISPATCH,UNIT_SCADA,1,"2019/08/20 10:45:00",HAUGHT11,50.051070
D,DISPATCH,UNIT_SCADA,1,"2019/08/20 10:45:00",HAYMSF1,41.5590
D,DISPATCH,UNIT_SCADA,1,"2019/08/20 10:45:00",HDWF1,40
D,DISPATCH,UNIT_SCADA,1,"2019/08/20 10:45:00",HDWF2,25.90
D,DISPATCH,UNIT_SCADA,1,"2019/08/20 10:45:00",HDWF3,45.90
D,DISPATCH,UNIT_SCADA,1,"2019/08/20 10:45:00",HPRG1,0.30
D,DISPATCH,UNIT_SCADA,1,"2019/08/20 10:45:00",HPRL1,0
D,DISPATCH,UNIT_SCADA,1,"2019/08/20 10:45:00",HUMENSW,0
D,DISPATCH,UNIT_SCADA,1,"2019/08/20 10:45:00",HUMEV,8.20
D,DISPATCH,UNIT_SCADA,1,"2019/08/20 10:45:00",HVGTS,0
D,DISPATCH,UNIT_SCADA,1,"2019/08/20 10:45:00",JBUTTERS,134.569990
D,DISPATCH,UNIT_SCADA,1,"2019/08/20 10:45:00",JLA01,0.50
D,DISPATCH,UNIT_SCADA,1,"2019/08/20 10:45:00",JLA02,0
D,DISPATCH,UNIT_SCADA,1,"2019/08/20 10:45:00",JLA03,0.10
D,DISPATCH,UNIT_SCADA,1,"2019/08/20 10:45:00",JLA04,0.10
D,DISPATCH,UNIT_SCADA,1,"2019/08/20 10:45:00",JLB01,0
D,DISPATCH,UNIT_SCADA,1,"2019/08/20 10:45:00",JLB02,0.10
D,DISPATCH,UNIT_SCADA,1,"2019/08/20 10:45:00",JLB03,0
D,DISPATCH,UNIT_SCADA,1,"2019/08/20 10:45:00",KAREEYA1,21.5575
D,DISPATCH,UNIT_SCADA,1,"2019/08/20 10:45:00",KAREEYA2,21.8175
D,DISPATCH,UNIT_SCADA,1,"2019/08/20 10:45:00",KAREEYA3,0
D,DISPATCH,UNIT_SCADA,1,"2019/08/20 10:45:00",KAREEYA4,21.6950
D,DISPATCH,UNIT_SCADA,1,"2019/08/20 10:45:00",KARSF1,78.40
D,DISPATCH,UNIT_SCADA,1,"2019/08/20 10:45:00",KIATAWF1,29.40
D,DISPATCH,UNIT_SCADA,1,"2019/08/20 10:45:00",KPP_1,0
D,DISPATCH,UNIT_SCADA,1,"2019/08/20 10:45:00",KSP1,47.02
D,DISPATCH,UNIT_SCADA,1,"2019/08/20 10:45:00",LADBROK1,0
D,DISPATCH,UNIT_SCADA,1,"2019/08/20 10:45:00",LADBROK2,0
D,DISPATCH,UNIT_SCADA,1,"2019/08/20 10:45:00",LD01,384.018770
D,DISPATCH,UNIT_SCADA,1,"2019/08/20 10:45:00",LD02,380.212460
D,DISPATCH,UNIT_SCADA,1,"2019/08/20 10:45:00",LD03,380.943790
D,DISPATCH,UNIT_SCADA,1,"2019/08/20 10:45:00",LD04,376.537540
D,DISPATCH,UNIT_SCADA,1,"2019/08/20 10:45:00",LEM_WIL,85.389650
D,DISPATCH,UNIT_SCADA,1,"2019/08/20 10:45:00",LGAPWF1,2.08
D,DISPATCH,UNIT_SCADA,1,"2019/08/20 10:45:00",LILYSF1,94.371830
D,DISPATCH,UNIT_SCADA,1,"2019/08/20 10:45:00",LI_WY_CA,147.928330
D,DISPATCH,UNIT_SCADA,1,"2019/08/20 10:45:00",LKBONNY2,145.757390
D,DISPATCH,UNIT_SCADA,1,"2019/08/20 10:45:00",LKBONNY3,38.182260
D,DISPATCH,UNIT_SCADA,1,"2019/08/20 10:45:00",LK_ECHO,0
D,DISPATCH,UNIT_SCADA,1,"2019/08/20 10:45:00",LNGS1,0
D,DISPATCH,UNIT_SCADA,1,"2019/08/20 10:45:00",LNGS2,0
D,DISPATCH,UNIT_SCADA,1,"2019/08/20 10:45:00",LONSDALE,0
D,DISPATCH,UNIT_SCADA,1,"2019/08/20 10:45:00",LOYYB1,530.073430
D,DISPATCH,UNIT_SCADA,1,"2019/08/20 10:45:00",LOYYB2,582.7063
D,DISPATCH,UNIT_SCADA,1,"2019/08/20 10:45:00",LYA1,559
D,DISPATCH,UNIT_SCADA,1,"2019/08/20 10:45:00",LYA2,0
D,DISPATCH,UNIT_SCADA,1,"2019/08/20 10:45:00",LYA3,560
D,DISPATCH,UNIT_SCADA,1,"2019/08/20 10:45:00",LYA4,540
D,DISPATCH,UNIT_SCADA,1,"2019/08/20 10:45:00",MACARTH1,302.593020
D,DISPATCH,UNIT_SCADA,1,"2019/08/20 10:45:00",MACKAYGT,0
D,DISPATCH,UNIT_SCADA,1,"2019/08/20 10:45:00",MACKNTSH,85.010010
D,DISPATCH,UNIT_SCADA,1,"2019/08/20 10:45:00",MANSLR1,36.97
D,DISPATCH,UNIT_SCADA,1,"2019/08/20 10:45:00",MCKAY1,0.02
D,DISPATCH,UNIT_SCADA,1,"2019/08/20 10:45:00",MEADOWBK,33.924460
D,DISPATCH,UNIT_SCADA,1,"2019/08/20 10:45:00",MERCER01,123.506990
D,DISPATCH,UNIT_SCADA,1,"2019/08/20 10:45:00",MEWF1,36.491260
D,DISPATCH,UNIT_SCADA,1,"2019/08/20 10:45:00",MINTARO,0
D,DISPATCH,UNIT_SCADA,1,"2019/08/20 10:45:00",MOREESF1,50.5140
D,DISPATCH,UNIT_SCADA,1,"2019/08/20 10:45:00",MORTLK11,137
D,DISPATCH,UNIT_SCADA,1,"2019/08/20 10:45:00",MORTLK12,0
D,DISPATCH,UNIT_SCADA,1,"2019/08/20 10:45:00",MP1,278.599980
D,DISPATCH,UNIT_SCADA,1,"2019/08/20 10:45:00",MP2,0
D,DISPATCH,UNIT_SCADA,1,"2019/08/20 10:45:00",MPP_1,353.25
D,DISPATCH,UNIT_SCADA,1,"2019/08/20 10:45:00",MPP_2,354.25
D,DISPATCH,UNIT_SCADA,1,"2019/08/20 10:45:00",MSTUART1,0
D,DISPATCH,UNIT_SCADA,1,"2019/08/20 10:45:00",MSTUART2,0
D,DISPATCH,UNIT_SCADA,1,"2019/08/20 10:45:00",MSTUART3,0
D,DISPATCH,UNIT_SCADA,1,"2019/08/20 10:45:00",MTGELWF1,64.609210
D,DISPATCH,UNIT_SCADA,1,"2019/08/20 10:45:00",MURRAY,0
D,DISPATCH,UNIT_SCADA,1,"2019/08/20 10:45:00",MUSSELR1,162.899990
D,DISPATCH,UNIT_SCADA,1,"2019/08/20 10:45:00",MUWAWF1,37.30
D,DISPATCH,UNIT_SCADA,1,"2019/08/20 10:45:00",NBHWF1,89.600010
D,DISPATCH,UNIT_SCADA,1,"2019/08/20 10:45:00",NPS,0
D,DISPATCH,UNIT_SCADA,1,"2019/08/20 10:45:00",NUMURSF1,45.39
D,DISPATCH,UNIT_SCADA,1,"2019/08/20 10:45:00",NYNGAN1,100
D,DISPATCH,UNIT_SCADA,1,"2019/08/20 10:45:00",OAKEY1,0
D,DISPATCH,UNIT_SCADA,1,"2019/08/20 10:45:00",OAKEY1SF,21.1020
D,DISPATCH,UNIT_SCADA,1,"2019/08/20 10:45:00",OAKEY2,0
D,DISPATCH,UNIT_SCADA,1,"2019/08/20 10:45:00",OAKLAND1,61.30
D,DISPATCH,UNIT_SCADA,1,"2019/08/20 10:45:00",OSB-AG,140.30
D,DISPATCH,UNIT_SCADA,1,"2019/08/20 10:45:00",PARSF1,43.30
D,DISPATCH,UNIT_SCADA,1,"2019/08/20 10:45:00",POAT110,0
D,DISPATCH,UNIT_SCADA,1,"2019/08/20 10:45:00",POAT220,2.83
D,DISPATCH,UNIT_SCADA,1,"2019/08/20 10:45:00",POR01,0
D,DISPATCH,UNIT_SCADA,1,"2019/08/20 10:45:00",POR03,0
D,DISPATCH,UNIT_SCADA,1,"2019/08/20 10:45:00",PPCCGT,172.8811
D,DISPATCH,UNIT_SCADA,1,"2019/08/20 10:45:00",PTSTAN1,0
D,DISPATCH,UNIT_SCADA,1,"2019/08/20 10:45:00",PUMP1,0
D,DISPATCH,UNIT_SCADA,1,"2019/08/20 10:45:00",PUMP2,239.179990
D,DISPATCH,UNIT_SCADA,1,"2019/08/20 10:45:00",QPS1,0
D,DISPATCH,UNIT_SCADA,1,"2019/08/20 10:45:00",QPS2,0
D,DISPATCH,UNIT_SCADA,1,"2019/08/20 10:45:00",QPS3,0
D,DISPATCH,UNIT_SCADA,1,"2019/08/20 10:45:00",QPS4,0
D,DISPATCH,UNIT_SCADA,1,"2019/08/20 10:45:00",QPS5,0
D,DISPATCH,UNIT_SCADA,1,"2019/08/20 10:45:00",REECE1,115.600010
D,DISPATCH,UNIT_SCADA,1,"2019/08/20 10:45:00",REECE2,115.760010
D,DISPATCH,UNIT_SCADA,1,"2019/08/20 10:45:00",ROMA_7,0
D,DISPATCH,UNIT_SCADA,1,"2019/08/20 10:45:00",ROMA_8,0
D,DISPATCH,UNIT_SCADA,1,"2019/08/20 10:45:00",RRSF1,103.555520
D,DISPATCH,UNIT_SCADA,1,"2019/08/20 10:45:00",RT_NSW1,0
D,DISPATCH,UNIT_SCADA,1,"2019/08/20 10:45:00",RT_NSW2,0
D,DISPATCH,UNIT_SCADA,1,"2019/08/20 10:45:00",RT_NSW3,0
D,DISPATCH,UNIT_SCADA,1,"2019/08/20 10:45:00",RT_NSW4,0
D,DISPATCH,UNIT_SCADA,1,"2019/08/20 10:45:00",RT_NSW5,0
D,DISPATCH,UNIT_SCADA,1,"2019/08/20 10:45:00",RT_NSW6,0
D,DISPATCH,UNIT_SCADA,1,"2019/08/20 10:45:00",RT_QLD1,0
D,DISPATCH,UNIT_SCADA,1,"2019/08/20 10:45:00",RT_SA1,0
D,DISPATCH,UNIT_SCADA,1,"2019/08/20 10:45:00",RT_SA2,0
D,DISPATCH,UNIT_SCADA,1,"2019/08/20 10:45:00",RT_SA3,0
D,DISPATCH,UNIT_SCADA,1,"2019/08/20 10:45:00",RT_SA4,0
D,DISPATCH,UNIT_SCADA,1,"2019/08/20 10:45:00",RT_SA5,0
D,DISPATCH,UNIT_SCADA,1,"2019/08/20 10:45:00",RT_SA6,0
D,DISPATCH,UNIT_SCADA,1,"2019/08/20 10:45:00",RT_TAS1,0
D,DISPATCH,UNIT_SCADA,1,"2019/08/20 10:45:00",RT_VIC1,0
D,DISPATCH,UNIT_SCADA,1,"2019/08/20 10:45:00",RT_VIC10,0
D,DISPATCH,UNIT_SCADA,1,"2019/08/20 10:45:00",RT_VIC11,0
D,DISPATCH,UNIT_SCADA,1,"2019/08/20 10:45:00",RT_VIC12,0
D,DISPATCH,UNIT_SCADA,1,"2019/08/20 10:45:00",RT_VIC2,0
D,DISPATCH,UNIT_SCADA,1,"2019/08/20 10:45:00",RT_VIC3,0
D,DISPATCH,UNIT_SCADA,1,"2019/08/20 10:45:00",RT_VIC4,0
D,DISPATCH,UNIT_SCADA,1,"2019/08/20 10:45:00",RT_VIC5,0
D,DISPATCH,UNIT_SCADA,1,"2019/08/20 10:45:00",RT_VIC6,0
D,DISPATCH,UNIT_SCADA,1,"2019/08/20 10:45:00",RT_VIC7,0
D,DISPATCH,UNIT_SCADA,1,"2019/08/20 10:45:00",RT_VIC8,0
D,DISPATCH,UNIT_SCADA,1,"2019/08/20 10:45:00",RT_VIC9,0
D,DISPATCH,UNIT_SCADA,1,"2019/08/20 10:45:00",RUGBYR1,45.086720
D,DISPATCH,UNIT_SCADA,1,"2019/08/20 10:45:00",SALTCRK1,51.76
D,DISPATCH,UNIT_SCADA,1,"2019/08/20 10:45:00",SAPHWF1,27.740630
D,DISPATCH,UNIT_SCADA,1,"2019/08/20 10:45:00",SHGEN,0
D,DISPATCH,UNIT_SCADA,1,"2019/08/20 10:45:00",SHPUMP,0
D,DISPATCH,UNIT_SCADA,1,"2019/08/20 10:45:00",SITHE01,0.005650
D,DISPATCH,UNIT_SCADA,1,"2019/08/20 10:45:00",SMCSF1,81.537480
D,DISPATCH,UNIT_SCADA,1,"2019/08/20 10:45:00",SNOWNTH1,42.70
D,DISPATCH,UNIT_SCADA,1,"2019/08/20 10:45:00",SNOWSTH1,77.20
D,DISPATCH,UNIT_SCADA,1,"2019/08/20 10:45:00",SNOWTWN1,42.501220
D,DISPATCH,UNIT_SCADA,1,"2019/08/20 10:45:00",SNOWYP,190.70
D,DISPATCH,UNIT_SCADA,1,"2019/08/20 10:45:00",SNUG1,0.019440
D,DISPATCH,UNIT_SCADA,1,"2019/08/20 10:45:00",SRSF1,35.25
D,DISPATCH,UNIT_SCADA,1,"2019/08/20 10:45:00",STAN-1,0
D,DISPATCH,UNIT_SCADA,1,"2019/08/20 10:45:00",STAN-2,275.492980
D,DISPATCH,UNIT_SCADA,1,"2019/08/20 10:45:00",STAN-3,275.864690
D,DISPATCH,UNIT_SCADA,1,"2019/08/20 10:45:00",STAN-4,281.260990
D,DISPATCH,UNIT_SCADA,1,"2019/08/20 10:45:00",STWF1,1.0350
D,DISPATCH,UNIT_SCADA,1,"2019/08/20 10:45:00",SWAN_E,0
D,DISPATCH,UNIT_SCADA,1,"2019/08/20 10:45:00",TALWA1,191
D,DISPATCH,UNIT_SCADA,1,"2019/08/20 10:45:00",TARALGA1,101.493740
D,DISPATCH,UNIT_SCADA,1,"2019/08/20 10:45:00",TARONG#1,275.800020
D,DISPATCH,UNIT_SCADA,1,"2019/08/20 10:45:00",TARONG#2,275.300020
D,DISPATCH,UNIT_SCADA,1,"2019/08/20 10:45:00",TARONG#3,259.600010
D,DISPATCH,UNIT_SCADA,1,"2019/08/20 10:45:00",TARONG#4,279.800020
D,DISPATCH,UNIT_SCADA,1,"2019/08/20 10:45:00",TARRALEA,87.10
D,DISPATCH,UNIT_SCADA,1,"2019/08/20 10:45:00",TBSF1,65.70
D,DISPATCH,UNIT_SCADA,1,"2019/08/20 10:45:00",TNPS1,441.700010
D,DISPATCH,UNIT_SCADA,1,"2019/08/20 10:45:00",TORRA1,38.384090
D,DISPATCH,UNIT_SCADA,1,"2019/08/20 10:45:00",TORRA2,0
D,DISPATCH,UNIT_SCADA,1,"2019/08/20 10:45:00",TORRA3,0
D,DISPATCH,UNIT_SCADA,1,"2019/08/20 10:45:00",TORRA4,0
D,DISPATCH,UNIT_SCADA,1,"2019/08/20 10:45:00",TORRB1,41.17
D,DISPATCH,UNIT_SCADA,1,"2019/08/20 10:45:00",TORRB2,41.09
D,DISPATCH,UNIT_SCADA,1,"2019/08/20 10:45:00",TORRB3,0
D,DISPATCH,UNIT_SCADA,1,"2019/08/20 10:45:00",TORRB4,0
D,DISPATCH,UNIT_SCADA,1,"2019/08/20 10:45:00",TREVALLN,43.660020
D,DISPATCH,UNIT_SCADA,1,"2019/08/20 10:45:00",TRIBUTE,70.689990
D,DISPATCH,UNIT_SCADA,1,"2019/08/20 10:45:00",TUMUT3,0
D,DISPATCH,UNIT_SCADA,1,"2019/08/20 10:45:00",TUNGATIN,121.690030
D,DISPATCH,UNIT_SCADA,1,"2019/08/20 10:45:00",TVCC201,0
D,DISPATCH,UNIT_SCADA,1,"2019/08/20 10:45:00",TVPP104,0
D,DISPATCH,UNIT_SCADA,1,"2019/08/20 10:45:00",UPPTUMUT,0
D,DISPATCH,UNIT_SCADA,1,"2019/08/20 10:45:00",URANQ11,0
D,DISPATCH,UNIT_SCADA,1,"2019/08/20 10:45:00",URANQ12,0
D,DISPATCH,UNIT_SCADA,1,"2019/08/20 10:45:00",URANQ13,0
D,DISPATCH,UNIT_SCADA,1,"2019/08/20 10:45:00",URANQ14,0
D,DISPATCH,UNIT_SCADA,1,"2019/08/20 10:45:00",VP5,409.600010
D,DISPATCH,UNIT_SCADA,1,"2019/08/20 10:45:00",VP6,412.974980
D,DISPATCH,UNIT_SCADA,1,"2019/08/20 10:45:00",VPGS1,0
D,DISPATCH,UNIT_SCADA,1,"2019/08/20 10:45:00",VPGS2,0
D,DISPATCH,UNIT_SCADA,1,"2019/08/20 10:45:00",VPGS3,0
D,DISPATCH,UNIT_SCADA,1,"2019/08/20 10:45:00",VPGS4,0
D,DISPATCH,UNIT_SCADA,1,"2019/08/20 10:45:00",VPGS5,0
D,DISPATCH,UNIT_SCADA,1,"2019/08/20 10:45:00",VPGS6,0
D,DISPATCH,UNIT_SCADA,1,"2019/08/20 10:45:00",W/HOE#1,0
D,DISPATCH,UNIT_SCADA,1,"2019/08/20 10:45:00",W/HOE#2,0
D,DISPATCH,UNIT_SCADA,1,"2019/08/20 10:45:00",WATERLWF,120.20
D,DISPATCH,UNIT_SCADA,1,"2019/08/20 10:45:00",WEMENSF1,39.60
D,DISPATCH,UNIT_SCADA,1,"2019/08/20 10:45:00",WGWF1,100.70
D,DISPATCH,UNIT_SCADA,1,"2019/08/20 10:45:00",WHITSF1,42.70
D,DISPATCH,UNIT_SCADA,1,"2019/08/20 10:45:00",WKIEWA1,0
D,DISPATCH,UNIT_SCADA,1,"2019/08/20 10:45:00",WKIEWA2,9.10
D,DISPATCH,UNIT_SCADA,1,"2019/08/20 10:45:00",WOODLWN1,43.2090
D,DISPATCH,UNIT_SCADA,1,"2019/08/20 10:45:00",WRSF1,19.81
D,DISPATCH,UNIT_SCADA,1,"2019/08/20 10:45:00",WRWF1,29.6750
D,DISPATCH,UNIT_SCADA,1,"2019/08/20 10:45:00",YABULU,0
D,DISPATCH,UNIT_SCADA,1,"2019/08/20 10:45:00",YABULU2,0
D,DISPATCH,UNIT_SCADA,1,"2019/08/20 10:45:00",YARWUN_1,0
D,DISPATCH,UNIT_SCADA,1,"2019/08/20 10:45:00",YENDWF1,41.96
D,DISPATCH,UNIT_SCADA,1,"2019/08/20 10:45:00",YWPS1,380.9519
D,DISPATCH,UNIT_SCADA,1,"2019/08/20 10:45:00",YWPS2,279.6962
D,DISPATCH,UNIT_SCADA,1,"2019/08/20 10:45:00",YWPS3,0
D,DISPATCH,UNIT_SCADA,1,"2019/08/20 10:45:00",YWPS4,396.931640
C,"END OF REPORT",334
