C,NEMP.WORLD,DISPATCHSCADA,AEMO,PUBLIC,2019/08/21,12:10:11,0000000311825327,DISPATCHSCADA,0000000311825321
I,DISPATCH,UNIT_SCADA,1,SETTLEMENTDATE,DUID,SCADAVALUE
D,DISPATCH,UNIT_SCADA,1,"2019/08/21 12:15:00",BARCSF1,17.800001
D,DISPATCH,UNIT_SCADA,1,"2019/08/21 12:15:00",BUTLERSG,9.599998
D,DISPATCH,UNIT_SCADA,1,"2019/08/21 12:15:00",CALL_A_4,0
D,DISPATCH,UNIT_SCADA,1,"2019/08/21 12:15:00",CAPTL_WF,130.220001
D,DISPATCH,UNIT_SCADA,1,"2019/08/21 12:15:00",CATHROCK,22.40
D,DISPATCH,UNIT_SCADA,1,"2019/08/21 12:15:00",CHALLHWF,26
D,DISPATCH,UNIT_SCADA,1,"2019/08/21 12:15:00",CLOVER,-0.01
D,DISPATCH,UNIT_SCADA,1,"2019/08/21 12:15:00",CLUNY,20.178072
D,DISPATCH,UNIT_SCADA,1,"2019/08/21 12:15:00",CNUNDAWF,24.728848
D,DISPATCH,UNIT_SCADA,1,"2019/08/21 12:15:00",CULLRGWF,30.66
D,DISPATCH,UNIT_SCADA,1,"2019/08/21 12:15:00",ERGT01,0
D,DISPATCH,UNIT_SCADA,1,"2019/08/21 12:15:00",GB01,0.066833
D,DISPATCH,UNIT_SCADA,1,"2019/08/21 12:15:00",GERMCRK,33.599998
D,DISPATCH,UNIT_SCADA,1,"2019/08/21 12:15:00",GRIFSF1,8.599998
D,DISPATCH,UNIT_SCADA,1,"2019/08/21 12:15:00",HUGSF1,8.9490
D,DISPATCH,UNIT_SCADA,1,"2019/08/21 12:15:00",LKBONNY1,33.223083
D,DISPATCH,UNIT_SCADA,1,"2019/08/21 12:15:00",LRSF1,12.532001
D,DISPATCH,UNIT_SCADA,1,"2019/08/21 12:15:00",MBAHNTH,55.856247
D,DISPATCH,UNIT_SCADA,1,"2019/08/21 12:15:00",MLSP1,11.172001
D,DISPATCH,UNIT_SCADA,1,"2019/08/21 12:15:00",MLWF1,19.154999
D,DISPATCH,UNIT_SCADA,1,"2019/08/21 12:15:00",MTMILLAR,10.283893
D,DISPATCH,UNIT_SCADA,1,"2019/08/21 12:15:00",PALOONA,25.74
D,DISPATCH,UNIT_SCADA,1,"2019/08/21 12:15:00",PIONEER,41.299999
D,DISPATCH,UNIT_SCADA,1,"2019/08/21 12:15:00",PORTWF,127.800003
D,DISPATCH,UNIT_SCADA,1,"2019/08/21 12:15:00",REPULSE,28.904860
D,DISPATCH,UNIT_SCADA,1,"2019/08/21 12:15:00",ROWALLAN,10.195601
D,DISPATCH,UNIT_SCADA,1,"2019/08/21 12:15:00",ROYALLA1,13.704001
D,DISPATCH,UNIT_SCADA,1,"2019/08/21 12:15:00",RPCG,10.90
D,DISPATCH,UNIT_SCADA,1,"2019/08/21 12:15:00",RUBICON,0
D,DISPATCH,UNIT_SCADA,1,"2019/08/21 12:15:00",SATGN1,0
D,DISPATCH,UNIT_SCADA,1,"2019/08/21 12:15:00",SATGS1,0
D,DISPATCH,UNIT_SCADA,1,"2019/08/21 12:15:00",STARHLWF,4.598659
D,DISPATCH,UNIT_SCADA,1,"2019/08/21 12:15:00",WAUBRAWF,175.688004
D,DISPATCH,UNIT_SCADA,1,"2019/08/21 12:15:00",WOOLNTH1,126.030014
D,DISPATCH,UNIT_SCADA,1,"2019/08/21 12:15:00",WPWF,46
D,DISPATCH,UNIT_SCADA,1,"2019/08/21 12:15:00",YAMBUKWF,28.10
D,DISPATCH,UNIT_SCADA,1,"2019/08/21 12:15:00",YSWF1,28.40
D,DISPATCH,UNIT_SCADA,1,"2019/08/21 12:15:00",AGLHAL,0
D,DISPATCH,UNIT_SCADA,1,"2019/08/21 12:15:00",AGLSOM,0
D,DISPATCH,UNIT_SCADA,1,"2019/08/21 12:15:00",ANGAST1,0
D,DISPATCH,UNIT_SCADA,1,"2019/08/21 12:15:00",ARWF1,194.000020
D,DISPATCH,UNIT_SCADA,1,"2019/08/21 12:15:00",BALBG1,0
D,DISPATCH,UNIT_SCADA,1,"2019/08/21 12:15:00",BALBL1,10.28
D,DISPATCH,UNIT_SCADA,1,"2019/08/21 12:15:00",BALDHWF1,101.296010
D,DISPATCH,UNIT_SCADA,1,"2019/08/21 12:15:00",BANN1,49.70
D,DISPATCH,UNIT_SCADA,1,"2019/08/21 12:15:00",BARCALDN,0
D,DISPATCH,UNIT_SCADA,1,"2019/08/21 12:15:00",BARRON-1,0
D,DISPATCH,UNIT_SCADA,1,"2019/08/21 12:15:00",BARRON-2,0
D,DISPATCH,UNIT_SCADA,1,"2019/08/21 12:15:00",BASTYAN,78.59
D,DISPATCH,UNIT_SCADA,1,"2019/08/21 12:15:00",BBTHREE1,-1.94
D,DISPATCH,UNIT_SCADA,1,"2019/08/21 12:15:00",BBTHREE2,-1.95
D,DISPATCH,UNIT_SCADA,1,"2019/08/21 12:15:00",BBTHREE3,-1.09
D,DISPATCH,UNIT_SCADA,1,"2019/08/21 12:15:00",BDL01,0
D,DISPATCH,UNIT_SCADA,1,"2019/08/21 12:15:00",BDL02,0
D,DISPATCH,UNIT_SCADA,1,"2019/08/21 12:15:00",BERYLSF1,57.588560
D,DISPATCH,UNIT_SCADA,1,"2019/08/21 12:15:00",BLOWERNG,0
D,DISPATCH,UNIT_SCADA,1,"2019/08/21 12:15:00",BLUFF1,21.60
D,DISPATCH,UNIT_SCADA,1,"2019/08/21 12:15:00",BNGSF1,97.23
D,DISPATCH,UNIT_SCADA,1,"2019/08/21 12:15:00",BNGSF2,20.15
D,DISPATCH,UNIT_SCADA,1,"2019/08/21 12:15:00",BOCORWF1,25.83
D,DISPATCH,UNIT_SCADA,1,"2019/08/21 12:15:00",BODWF1,87.773770
D,DISPATCH,UNIT_SCADA,1,"2019/08/21 12:15:00",BRAEMAR1,0
D,DISPATCH,UNIT_SCADA,1,"2019/08/21 12:15:00",BRAEMAR2,0
D,DISPATCH,UNIT_SCADA,1,"2019/08/21 12:15:00",BRAEMAR3,0
D,DISPATCH,UNIT_SCADA,1,"2019/08/21 12:15:00",BRAEMAR5,0
D,DISPATCH,UNIT_SCADA,1,"2019/08/21 12:15:00",BRAEMAR6,0
D,DISPATCH,UNIT_SCADA,1,"2019/08/21 12:15:00",BRAEMAR7,0
D,DISPATCH,UNIT_SCADA,1,"2019/08/21 12:15:00",BROKENH1,52.938960
D,DISPATCH,UNIT_SCADA,1,"2019/08/21 12:15:00",BW01,324.824950
D,DISPATCH,UNIT_SCADA,1,"2019/08/21 12:15:00",BW02,467.1250
D,DISPATCH,UNIT_SCADA,1,"2019/08/21 12:15:00",BW03,446.474980
D,DISPATCH,UNIT_SCADA,1,"2019/08/21 12:15:00",BW04,0
D,DISPATCH,UNIT_SCADA,1,"2019/08/21 12:15:00",CALL_B_1,280.399990
D,DISPATCH,UNIT_SCADA,1,"2019/08/21 12:15:00",CALL_B_2,200
D,DISPATCH,UNIT_SCADA,1,"2019/08/21 12:15:00",CETHANA,74.833250
D,DISPATCH,UNIT_SCADA,1,"2019/08/21 12:15:00",CG1,0
D,DISPATCH,UNIT_SCADA,1,"2019/08/21 12:15:00",CG2,0
D,DISPATCH,UNIT_SCADA,1,"2019/08/21 12:15:00",CG3,0
D,DISPATCH,UNIT_SCADA,1,"2019/08/21 12:15:00",CG4,0
D,DISPATCH,UNIT_SCADA,1,"2019/08/21 12:15:00",CHILDSF1,40.04
D,DISPATCH,UNIT_SCADA,1,"2019/08/21 12:15:00",CLARESF1,0
D,DISPATCH,UNIT_SCADA,1,"2019/08/21 12:15:00",CLEMGPWF,10.877290
D,DISPATCH,UNIT_SCADA,1,"2019/08/21 12:15:00",CLERMSF1,0.59
D,DISPATCH,UNIT_SCADA,1,"2019/08/21 12:15:00",COLEASF1,90.40
D,DISPATCH,UNIT_SCADA,1,"2019/08/21 12:15:00",COOPGWF1,23.041050
D,DISPATCH,UNIT_SCADA,1,"2019/08/21 12:15:00",CPP_3,291.50
D,DISPATCH,UNIT_SCADA,1,"2019/08/21 12:15:00",CPP_4,300.575010
D,DISPATCH,UNIT_SCADA,1,"2019/08/21 12:15:00",CPSA,142.819370
D,DISPATCH,UNIT_SCADA,1,"2019/08/21 12:15:00",CROOKWF2,87.923750
D,DISPATCH,UNIT_SCADA,1,"2019/08/21 12:15:00",CROWLWF1,47.2617
D,DISPATCH,UNIT_SCADA,1,"2019/08/21 12:15:00",CSPVPS1,0.5160
D,DISPATCH,UNIT_SCADA,1,"2019/08/21 12:15:00",DALNTH01,0
D,DISPATCH,UNIT_SCADA,1,"2019/08/21 12:15:00",DALNTHL1,0.099180
D,DISPATCH,UNIT_SCADA,1,"2019/08/21 12:15:00",DARTM1,0
D,DISPATCH,UNIT_SCADA,1,"2019/08/21 12:15:00",DAYDSF1,110.6210
D,DISPATCH,UNIT_SCADA,1,"2019/08/21 12:15:00",DDPS1,0
D,DISPATCH,UNIT_SCADA,1,"2019/08/21 12:15:00",DDSF1,0
D,DISPATCH,UNIT_SCADA,1,"2019/08/21 12:15:00",DEVILS_G,0
D,DISPATCH,UNIT_SCADA,1,"2019/08/21 12:15:00",DG_NSW1,0
D,DISPATCH,UNIT_SCADA,1,"2019/08/21 12:15:00",DG_QLD1,0
D,DISPATCH,UNIT_SCADA,1,"2019/08/21 12:15:00",DG_SA1,0
D,DISPATCH,UNIT_SCADA,1,"2019/08/21 12:15:00",DG_TAS1,0
D,DISPATCH,UNIT_SCADA,1,"2019/08/21 12:15:00",DG_VIC1,0
D,DISPATCH,UNIT_SCADA,1,"2019/08/21 12:15:00",DRYCGT1,0
D,DISPATCH,UNIT_SCADA,1,"2019/08/21 12:15:00",DRYCGT2,0
D,DISPATCH,UNIT_SCADA,1,"2019/08/21 12:15:00",DRYCGT3,0
D,DISPATCH,UNIT_SCADA,1,"2019/08/21 12:15:00",EILDON1,0
D,DISPATCH,UNIT_SCADA,1,"2019/08/21 12:15:00",EILDON2,0
D,DISPATCH,UNIT_SCADA,1,"2019/08/21 12:15:00",EMERASF1,61.99
D,DISPATCH,UNIT_SCADA,1,"2019/08/21 12:15:00",ER01,349.425050
D,DISPATCH,UNIT_SCADA,1,"2019/08/21 12:15:00",ER02,419.599980
D,DISPATCH,UNIT_SCADA,1,"2019/08/21 12:15:00",ER03,648.949950
D,DISPATCH,UNIT_SCADA,1,"2019/08/21 12:15:00",ER04,349.75
D,DISPATCH,UNIT_SCADA,1,"2019/08/21 12:15:00",FINLYSF1,0.541690
D,DISPATCH,UNIT_SCADA,1,"2019/08/21 12:15:00",FISHER,45.87
D,DISPATCH,UNIT_SCADA,1,"2019/08/21 12:15:00",GANNBG1,0
D,DISPATCH,UNIT_SCADA,1,"2019/08/21 12:15:00",GANNBL1,9.0126
D,DISPATCH,UNIT_SCADA,1,"2019/08/21 12:15:00",GANNSF1,30.40
D,DISPATCH,UNIT_SCADA,1,"2019/08/21 12:15:00",GORDON,0
D,DISPATCH,UNIT_SCADA,1,"2019/08/21 12:15:00",GSTONE1,109.90
D,DISPATCH,UNIT_SCADA,1,"2019/08/21 12:15:00",GSTONE2,110.7750
D,DISPATCH,UNIT_SCADA,1,"2019/08/21 12:15:00",GSTONE3,110.60
D,DISPATCH,UNIT_SCADA,1,"2019/08/21 12:15:00",GSTONE4,123.0250
D,DISPATCH,UNIT_SCADA,1,"2019/08/21 12:15:00",GSTONE5,125.65
D,DISPATCH,UNIT_SCADA,1,"2019/08/21 12:15:00",GSTONE6,0
D,DISPATCH,UNIT_SCADA,1,"2019/08/21 12:15:00",GULLRSF1,3.225490
D,DISPATCH,UNIT_SCADA,1,"2019/08/21 12:15:00",GULLRWF1,159.124730
D,DISPATCH,UNIT_SCADA,1,"2019/08/21 12:15:00",GUNNING1,44.431430
D,DISPATCH,UNIT_SCADA,1,"2019/08/21 12:15:00",GUTHEGA,0
D,DISPATCH,UNIT_SCADA,1,"2019/08/21 12:15:00",HALLWF1,55.11
D,DISPATCH,UNIT_SCADA,1,"2019/08/21 12:15:00",HALLWF2,41.31
D,DISPATCH,UNIT_SCADA,1,"2019/08/21 12:15:00",HAMISF1,45.20
D,DISPATCH,UNIT_SCADA,1,"2019/08/21 12:15:00",HAUGHT11,50.055170
D,DISPATCH,UNIT_SCADA,1,"2019/08/21 12:15:00",HAYMSF1,40.5070
D,DISPATCH,UNIT_SCADA,1,"2019/08/21 12:15:00",HDWF1,35.40
D,DISPATCH,UNIT_SCADA,1,"2019/08/21 12:15:00",HDWF2,29.20
D,DISPATCH,UNIT_SCADA,1,"2019/08/21 12:15:00",HDWF3,36.10
D,DISPATCH,UNIT_SCADA,1,"2019/08/21 12:15:00",HPRG1,0
D,DISPATCH,UNIT_SCADA,1,"2019/08/21 12:15:00",HPRL1,15.60
D,DISPATCH,UNIT_SCADA,1,"2019/08/21 12:15:00",HUMENSW,0
D,DISPATCH,UNIT_SCADA,1,"2019/08/21 12:15:00",HUMEV,8.30
D,DISPATCH,UNIT_SCADA,1,"2019/08/21 12:15:00",HVGTS,0
D,DISPATCH,UNIT_SCADA,1,"2019/08/21 12:15:00",JBUTTERS,134.42
D,DISPATCH,UNIT_SCADA,1,"2019/08/21 12:15:00",JLA01,0.50
D,DISPATCH,UNIT_SCADA,1,"2019/08/21 12:15:00",JLA02,0
D,DISPATCH,UNIT_SCADA,1,"2019/08/21 12:15:00",JLA03,0.10
D,DISPATCH,UNIT_SCADA,1,"2019/08/21 12:15:00",JLA04,0.10
D,DISPATCH,UNIT_SCADA,1,"2019/08/21 12:15:00",JLB01,0
D,DISPATCH,UNIT_SCADA,1,"2019/08/21 12:15:00",JLB02,0.10
D,DISPATCH,UNIT_SCADA,1,"2019/08/21 12:15:00",JLB03,0
D,DISPATCH,UNIT_SCADA,1,"2019/08/21 12:15:00",KAREEYA1,21.57
D,DISPATCH,UNIT_SCADA,1,"2019/08/21 12:15:00",KAREEYA2,21.9125
D,DISPATCH,UNIT_SCADA,1,"2019/08/21 12:15:00",KAREEYA3,0
D,DISPATCH,UNIT_SCADA,1,"2019/08/21 12:15:00",KAREEYA4,21.69
D,DISPATCH,UNIT_SCADA,1,"2019/08/21 12:15:00",KARSF1,46.60
D,DISPATCH,UNIT_SCADA,1,"2019/08/21 12:15:00",KIATAWF1,27.30
D,DISPATCH,UNIT_SCADA,1,"2019/08/21 12:15:00",KPP_1,0
D,DISPATCH,UNIT_SCADA,1,"2019/08/21 12:15:00",KSP1,47.42
D,DISPATCH,UNIT_SCADA,1,"2019/08/21 12:15:00",LADBROK1,0
D,DISPATCH,UNIT_SCADA,1,"2019/08/21 12:15:00",LADBROK2,0
D,DISPATCH,UNIT_SCADA,1,"2019/08/21 12:15:00",LD01,379.762570
D,DISPATCH,UNIT_SCADA,1,"2019/08/21 12:15:00",LD02,377.662450
D,DISPATCH,UNIT_SCADA,1,"2019/08/21 12:15:00",LD03,378.243710
D,DISPATCH,UNIT_SCADA,1,"2019/08/21 12:15:00",LD04,377.0062
D,DISPATCH,UNIT_SCADA,1,"2019/08/21 12:15:00",LEM_WIL,85.9659
D,DISPATCH,UNIT_SCADA,1,"2019/08/21 12:15:00",LGAPWF1,3.55
D,DISPATCH,UNIT_SCADA,1,"2019/08/21 12:15:00",LILYSF1,93.847540
D,DISPATCH,UNIT_SCADA,1,"2019/08/21 12:15:00",LI_WY_CA,147.578490
D,DISPATCH,UNIT_SCADA,1,"2019/08/21 12:15:00",LKBONNY2,95.325490
D,DISPATCH,UNIT_SCADA,1,"2019/08/21 12:15:00",LKBONNY3,27.1295
D,DISPATCH,UNIT_SCADA,1,"2019/08/21 12:15:00",LK_ECHO,0
D,DISPATCH,UNIT_SCADA,1,"2019/08/21 12:15:00",LNGS1,0
D,DISPATCH,UNIT_SCADA,1,"2019/08/21 12:15:00",LNGS2,0
D,DISPATCH,UNIT_SCADA,1,"2019/08/21 12:15:00",LONSDALE,0
D,DISPATCH,UNIT_SCADA,1,"2019/08/21 12:15:00",LOYYB1,534.960750
D,DISPATCH,UNIT_SCADA,1,"2019/08/21 12:15:00",LOYYB2,582.330380
D,DISPATCH,UNIT_SCADA,1,"2019/08/21 12:15:00",LYA1,498
D,DISPATCH,UNIT_SCADA,1,"2019/08/21 12:15:00",LYA2,0
D,DISPATCH,UNIT_SCADA,1,"2019/08/21 12:15:00",LYA3,559
D,DISPATCH,UNIT_SCADA,1,"2019/08/21 12:15:00",LYA4,528
D,DISPATCH,UNIT_SCADA,1,"2019/08/21 12:15:00",MACARTH1,285.3934
D,DISPATCH,UNIT_SCADA,1,"2019/08/21 12:15:00",MACKAYGT,0
D,DISPATCH,UNIT_SCADA,1,"2019/08/21 12:15:00",MACKNTSH,85.150010
D,DISPATCH,UNIT_SCADA,1,"2019/08/21 12:15:00",MANSLR1,22.3990
D,DISPATCH,UNIT_SCADA,1,"2019/08/21 12:15:00",MCKAY1,0.02
D,DISPATCH,UNIT_SCADA,1,"2019/08/21 12:15:00",MEADOWBK,33.810140
D,DISPATCH,UNIT_SCADA,1,"2019/08/21 12:15:00",MERCER01,121.5060
D,DISPATCH,UNIT_SCADA,1,"2019/08/21 12:15:00",MEWF1,70.877190
D,DISPATCH,UNIT_SCADA,1,"2019/08/21 12:15:00",MINTARO,0
D,DISPATCH,UNIT_SCADA,1,"2019/08/21 12:15:00",MOREESF1,47.2140
D,DISPATCH,UNIT_SCADA,1,"2019/08/21 12:15:00",MORTLK11,0
D,DISPATCH,UNIT_SCADA,1,"2019/08/21 12:15:00",MORTLK12,0
D,DISPATCH,UNIT_SCADA,1,"2019/08/21 12:15:00",MP1,277.175050
D,DISPATCH,UNIT_SCADA,1,"2019/08/21 12:15:00",MP2,0
D,DISPATCH,UNIT_SCADA,1,"2019/08/21 12:15:00",MPP_1,286.25
D,DISPATCH,UNIT_SCADA,1,"2019/08/21 12:15:00",MPP_2,379.75
D,DISPATCH,UNIT_SCADA,1,"2019/08/21 12:15:00",MSTUART1,0
D,DISPATCH,UNIT_SCADA,1,"2019/08/21 12:15:00",MSTUART2,0
D,DISPATCH,UNIT_SCADA,1,"2019/08/21 12:15:00",MSTUART3,0
D,DISPATCH,UNIT_SCADA,1,"2019/08/21 12:15:00",MTGELWF1,63.863040
D,DISPATCH,UNIT_SCADA,1,"2019/08/21 12:15:00",MURRAY,0
D,DISPATCH,UNIT_SCADA,1,"2019/08/21 12:15:00",MUSSELR1,159.899990
D,DISPATCH,UNIT_SCADA,1,"2019/08/21 12:15:00",MUWAWF1,53.39
D,DISPATCH,UNIT_SCADA,1,"2019/08/21 12:15:00",NBHWF1,50.70
D,DISPATCH,UNIT_SCADA,1,"2019/08/21 12:15:00",NPS,0
D,DISPATCH,UNIT_SCADA,1,"2019/08/21 12:15:00",NUMURSF1,48.30
D,DISPATCH,UNIT_SCADA,1,"2019/08/21 12:15:00",NYNGAN1,100.25
D,DISPATCH,UNIT_SCADA,1,"2019/08/21 12:15:00",OAKEY1,0
D,DISPATCH,UNIT_SCADA,1,"2019/08/21 12:15:00",OAKEY1SF,21.0120
D,DISPATCH,UNIT_SCADA,1,"2019/08/21 12:15:00",OAKEY2,0
D,DISPATCH,UNIT_SCADA,1,"2019/08/21 12:15:00",OAKLAND1,58.80
D,DISPATCH,UNIT_SCADA,1,"2019/08/21 12:15:00",OSB-AG,0
D,DISPATCH,UNIT_SCADA,1,"2019/08/21 12:15:00",PARSF1,26.400010
D,DISPATCH,UNIT_SCADA,1,"2019/08/21 12:15:00",POAT110,0
D,DISPATCH,UNIT_SCADA,1,"2019/08/21 12:15:00",POAT220,0
D,DISPATCH,UNIT_SCADA,1,"2019/08/21 12:15:00",POR01,0
D,DISPATCH,UNIT_SCADA,1,"2019/08/21 12:15:00",POR03,0
D,DISPATCH,UNIT_SCADA,1,"2019/08/21 12:15:00",PPCCGT,173.5522
D,DISPATCH,UNIT_SCADA,1,"2019/08/21 12:15:00",PTSTAN1,0
D,DISPATCH,UNIT_SCADA,1,"2019/08/21 12:15:00",PUMP1,0
D,DISPATCH,UNIT_SCADA,1,"2019/08/21 12:15:00",PUMP2,0
D,DISPATCH,UNIT_SCADA,1,"2019/08/21 12:15:00",QPS1,0
D,DISPATCH,UNIT_SCADA,1,"2019/08/21 12:15:00",QPS2,0
D,DISPATCH,UNIT_SCADA,1,"2019/08/21 12:15:00",QPS3,0
D,DISPATCH,UNIT_SCADA,1,"2019/08/21 12:15:00",QPS4,0
D,DISPATCH,UNIT_SCADA,1,"2019/08/21 12:15:00",QPS5,0
D,DISPATCH,UNIT_SCADA,1,"2019/08/21 12:15:00",REECE1,117.790010
D,DISPATCH,UNIT_SCADA,1,"2019/08/21 12:15:00",REECE2,116.160010
D,DISPATCH,UNIT_SCADA,1,"2019/08/21 12:15:00",ROMA_7,0
D,DISPATCH,UNIT_SCADA,1,"2019/08/21 12:15:00",ROMA_8,0
D,DISPATCH,UNIT_SCADA,1,"2019/08/21 12:15:00",RRSF1,107.580690
D,DISPATCH,UNIT_SCADA,1,"2019/08/21 12:15:00",RT_NSW1,0
D,DISPATCH,UNIT_SCADA,1,"2019/08/21 12:15:00",RT_NSW2,0
D,DISPATCH,UNIT_SCADA,1,"2019/08/21 12:15:00",RT_NSW3,0
D,DISPATCH,UNIT_SCADA,1,"2019/08/21 12:15:00",RT_NSW4,0
D,DISPATCH,UNIT_SCADA,1,"2019/08/21 12:15:00",RT_NSW5,0
D,DISPATCH,UNIT_SCADA,1,"2019/08/21 12:15:00",RT_NSW6,0
D,DISPATCH,UNIT_SCADA,1,"2019/08/21 12:15:00",RT_QLD1,0
D,DISPATCH,UNIT_SCADA,1,"2019/08/21 12:15:00",RT_SA1,0
D,DISPATCH,UNIT_SCADA,1,"2019/08/21 12:15:00",RT_SA2,0
D,DISPATCH,UNIT_SCADA,1,"2019/08/21 12:15:00",RT_SA3,0
D,DISPATCH,UNIT_SCADA,1,"2019/08/21 12:15:00",RT_SA4,0
D,DISPATCH,UNIT_SCADA,1,"2019/08/21 12:15:00",RT_SA5,0
D,DISPATCH,UNIT_SCADA,1,"2019/08/21 12:15:00",RT_SA6,0
D,DISPATCH,UNIT_SCADA,1,"2019/08/21 12:15:00",RT_TAS1,0
D,DISPATCH,UNIT_SCADA,1,"2019/08/21 12:15:00",RT_VIC1,0
D,DISPATCH,UNIT_SCADA,1,"2019/08/21 12:15:00",RT_VIC10,0
D,DISPATCH,UNIT_SCADA,1,"2019/08/21 12:15:00",RT_VIC11,0
D,DISPATCH,UNIT_SCADA,1,"2019/08/21 12:15:00",RT_VIC12,0
D,DISPATCH,UNIT_SCADA,1,"2019/08/21 12:15:00",RT_VIC2,0
D,DISPATCH,UNIT_SCADA,1,"2019/08/21 12:15:00",RT_VIC3,0
D,DISPATCH,UNIT_SCADA,1,"2019/08/21 12:15:00",RT_VIC4,0
D,DISPATCH,UNIT_SCADA,1,"2019/08/21 12:15:00",RT_VIC5,0
D,DISPATCH,UNIT_SCADA,1,"2019/08/21 12:15:00",RT_VIC6,0
D,DISPATCH,UNIT_SCADA,1,"2019/08/21 12:15:00",RT_VIC7,0
D,DISPATCH,UNIT_SCADA,1,"2019/08/21 12:15:00",RT_VIC8,0
D,DISPATCH,UNIT_SCADA,1,"2019/08/21 12:15:00",RT_VIC9,0
D,DISPATCH,UNIT_SCADA,1,"2019/08/21 12:15:00",RUGBYR1,0.0410
D,DISPATCH,UNIT_SCADA,1,"2019/08/21 12:15:00",SALTCRK1,47.72
D,DISPATCH,UNIT_SCADA,1,"2019/08/21 12:15:00",SAPHWF1,112.115630
D,DISPATCH,UNIT_SCADA,1,"2019/08/21 12:15:00",SHGEN,0
D,DISPATCH,UNIT_SCADA,1,"2019/08/21 12:15:00",SHPUMP,199.356630
D,DISPATCH,UNIT_SCADA,1,"2019/08/21 12:15:00",SITHE01,0.005650
D,DISPATCH,UNIT_SCADA,1,"2019/08/21 12:15:00",SMCSF1,69.245160
D,DISPATCH,UNIT_SCADA,1,"2019/08/21 12:15:00",SNOWNTH1,12.90
D,DISPATCH,UNIT_SCADA,1,"2019/08/21 12:15:00",SNOWSTH1,30.80
D,DISPATCH,UNIT_SCADA,1,"2019/08/21 12:15:00",SNOWTWN1,12.046040
D,DISPATCH,UNIT_SCADA,1,"2019/08/21 12:15:00",SNOWYP,376.400020
D,DISPATCH,UNIT_SCADA,1,"2019/08/21 12:15:00",SNUG1,0.019440
D,DISPATCH,UNIT_SCADA,1,"2019/08/21 12:15:00",SRSF1,34.55
D,DISPATCH,UNIT_SCADA,1,"2019/08/21 12:15:00",STAN-1,0
D,DISPATCH,UNIT_SCADA,1,"2019/08/21 12:15:00",STAN-2,276.172330
D,DISPATCH,UNIT_SCADA,1,"2019/08/21 12:15:00",STAN-3,276.210780
D,DISPATCH,UNIT_SCADA,1,"2019/08/21 12:15:00",STAN-4,282.735050
D,DISPATCH,UNIT_SCADA,1,"2019/08/21 12:15:00",STWF1,9.045010
D,DISPATCH,UNIT_SCADA,1,"2019/08/21 12:15:00",SWAN_E,0
D,DISPATCH,UNIT_SCADA,1,"2019/08/21 12:15:00",TALWA1,0
D,DISPATCH,UNIT_SCADA,1,"2019/08/21 12:15:00",TARALGA1,45.7275
D,DISPATCH,UNIT_SCADA,1,"2019/08/21 12:15:00",TARONG#1,278.50
D,DISPATCH,UNIT_SCADA,1,"2019/08/21 12:15:00",TARONG#2,279
D,DISPATCH,UNIT_SCADA,1,"2019/08/21 12:15:00",TARONG#3,260.50
D,DISPATCH,UNIT_SCADA,1,"2019/08/21 12:15:00",TARONG#4,280.200010
D,DISPATCH,UNIT_SCADA,1,"2019/08/21 12:15:00",TARRALEA,74.90
D,DISPATCH,UNIT_SCADA,1,"2019/08/21 12:15:00",TBSF1,74.60
D,DISPATCH,UNIT_SCADA,1,"2019/08/21 12:15:00",TNPS1,442.000030
D,DISPATCH,UNIT_SCADA,1,"2019/08/21 12:15:00",TORRA1,41.139150
D,DISPATCH,UNIT_SCADA,1,"2019/08/21 12:15:00",TORRA2,0
D,DISPATCH,UNIT_SCADA,1,"2019/08/21 12:15:00",TORRA3,0
D,DISPATCH,UNIT_SCADA,1,"2019/08/21 12:15:00",TORRA4,0
D,DISPATCH,UNIT_SCADA,1,"2019/08/21 12:15:00",TORRB1,40.80
D,DISPATCH,UNIT_SCADA,1,"2019/08/21 12:15:00",TORRB2,41.22
D,DISPATCH,UNIT_SCADA,1,"2019/08/21 12:15:00",TORRB3,0
D,DISPATCH,UNIT_SCADA,1,"2019/08/21 12:15:00",TORRB4,0
D,DISPATCH,UNIT_SCADA,1,"2019/08/21 12:15:00",TREVALLN,43.890010
D,DISPATCH,UNIT_SCADA,1,"2019/08/21 12:15:00",TRIBUTE,0
D,DISPATCH,UNIT_SCADA,1,"2019/08/21 12:15:00",TUMUT3,0
D,DISPATCH,UNIT_SCADA,1,"2019/08/21 12:15:00",TUNGATIN,118.910030
D,DISPATCH,UNIT_SCADA,1,"2019/08/21 12:15:00",TVCC201,0
D,DISPATCH,UNIT_SCADA,1,"2019/08/21 12:15:00",TVPP104,0
D,DISPATCH,UNIT_SCADA,1,"2019/08/21 12:15:00",UPPTUMUT,0
D,DISPATCH,UNIT_SCADA,1,"2019/08/21 12:15:00",URANQ11,0
D,DISPATCH,UNIT_SCADA,1,"2019/08/21 12:15:00",URANQ12,0
D,DISPATCH,UNIT_SCADA,1,"2019/08/21 12:15:00",URANQ13,0
D,DISPATCH,UNIT_SCADA,1,"2019/08/21 12:15:00",URANQ14,0
D,DISPATCH,UNIT_SCADA,1,"2019/08/21 12:15:00",VP5,367.1250
D,DISPATCH,UNIT_SCADA,1,"2019/08/21 12:15:00",VP6,370.50
D,DISPATCH,UNIT_SCADA,1,"2019/08/21 12:15:00",VPGS1,0
D,DISPATCH,UNIT_SCADA,1,"2019/08/21 12:15:00",VPGS2,0
D,DISPATCH,UNIT_SCADA,1,"2019/08/21 12:15:00",VPGS3,0
D,DISPATCH,UNIT_SCADA,1,"2019/08/21 12:15:00",VPGS4,0
D,DISPATCH,UNIT_SCADA,1,"2019/08/21 12:15:00",VPGS5,0
D,DISPATCH,UNIT_SCADA,1,"2019/08/21 12:15:00",VPGS6,0
D,DISPATCH,UNIT_SCADA,1,"2019/08/21 12:15:00",W/HOE#1,0
D,DISPATCH,UNIT_SCADA,1,"2019/08/21 12:15:00",W/HOE#2,0
D,DISPATCH,UNIT_SCADA,1,"2019/08/21 12:15:00",WATERLWF,85.20
D,DISPATCH,UNIT_SCADA,1,"2019/08/21 12:15:00",WEMENSF1,35.50
D,DISPATCH,UNIT_SCADA,1,"2019/08/21 12:15:00",WGWF1,56.30
D,DISPATCH,UNIT_SCADA,1,"2019/08/21 12:15:00",WHITSF1,0
D,DISPATCH,UNIT_SCADA,1,"2019/08/21 12:15:00",WKIEWA1,0
D,DISPATCH,UNIT_SCADA,1,"2019/08/21 12:15:00",WKIEWA2,7.40
D,DISPATCH,UNIT_SCADA,1,"2019/08/21 12:15:00",WOODLWN1,42.930010
D,DISPATCH,UNIT_SCADA,1,"2019/08/21 12:15:00",WRSF1,9.85
D,DISPATCH,UNIT_SCADA,1,"2019/08/21 12:15:00",WRWF1,157.601260
D,DISPATCH,UNIT_SCADA,1,"2019/08/21 12:15:00",YABULU,0
D,DISPATCH,UNIT_SCADA,1,"2019/08/21 12:15:00",YABULU2,0
D,DISPATCH,UNIT_SCADA,1,"2019/08/21 12:15:00",YARWUN_1,0
D,DISPATCH,UNIT_SCADA,1,"2019/08/21 12:15:00",YENDWF1,42.10
D,DISPATCH,UNIT_SCADA,1,"2019/08/21 12:15:00",YWPS1,380.450620
D,DISPATCH,UNIT_SCADA,1,"2019/08/21 12:15:00",YWPS2,279.946840
D,DISPATCH,UNIT_SCADA,1,"2019/08/21 12:15:00",YWPS3,0
D,DISPATCH,UNIT_SCADA,1,"2019/08/21 12:15:00",YWPS4,380.559480
C,"END OF REPORT",334
