C,NEMP.WORLD,DISPATCHSCADA,AEMO,PUBLIC,2019/09/05,02:10:08,0000000312405158,DISPATCHSCADA,0000000312405152
I,DISPATCH,UNIT_SCADA,1,SETTLEMENTDATE,DUID,SCADAVALUE
D,DISPATCH,UNIT_SCADA,1,"2019/09/05 02:15:00",BARCSF1,0
D,DISPATCH,UNIT_SCADA,1,"2019/09/05 02:15:00",BUTLERSG,10.199999
D,DISPATCH,UNIT_SCADA,1,"2019/09/05 02:15:00",CALL_A_4,0
D,DISPATCH,UNIT_SCADA,1,"2019/09/05 02:15:00",CAPTL_WF,0
D,DISPATCH,UNIT_SCADA,1,"2019/09/05 02:15:00",CATHROCK,13.48
D,DISPATCH,UNIT_SCADA,1,"2019/09/05 02:15:00",CHALLHWF,0
D,DISPATCH,UNIT_SCADA,1,"2019/09/05 02:15:00",CLOVER,0
D,DISPATCH,UNIT_SCADA,1,"2019/09/05 02:15:00",CLUNY,9.948730
D,DISPATCH,UNIT_SCADA,1,"2019/09/05 02:15:00",CNUNDAWF,3.504088
D,DISPATCH,UNIT_SCADA,1,"2019/09/05 02:15:00",CULLRGWF,5.86
D,DISPATCH,UNIT_SCADA,1,"2019/09/05 02:15:00",ERGT01,0
D,DISPATCH,UNIT_SCADA,1,"2019/09/05 02:15:00",GB01,0.013535
D,DISPATCH,UNIT_SCADA,1,"2019/09/05 02:15:00",GERMCRK,36.299999
D,DISPATCH,UNIT_SCADA,1,"2019/09/05 02:15:00",GRIFSF1,0
D,DISPATCH,UNIT_SCADA,1,"2019/09/05 02:15:00",HUGSF1,-0.19
D,DISPATCH,UNIT_SCADA,1,"2019/09/05 02:15:00",LKBONNY1,9.824030
D,DISPATCH,UNIT_SCADA,1,"2019/09/05 02:15:00",LRSF1,-0.0310
D,DISPATCH,UNIT_SCADA,1,"2019/09/05 02:15:00",MBAHNTH,27.768753
D,DISPATCH,UNIT_SCADA,1,"2019/09/05 02:15:00",MLSP1,0.366001
D,DISPATCH,UNIT_SCADA,1,"2019/09/05 02:15:00",MLWF1,2.94
D,DISPATCH,UNIT_SCADA,1,"2019/09/05 02:15:00",MTMILLAR,7.768729
D,DISPATCH,UNIT_SCADA,1,"2019/09/05 02:15:00",PALOONA,16.779999
D,DISPATCH,UNIT_SCADA,1,"2019/09/05 02:15:00",PIONEER,47.700001
D,DISPATCH,UNIT_SCADA,1,"2019/09/05 02:15:00",PORTWF,26.40
D,DISPATCH,UNIT_SCADA,1,"2019/09/05 02:15:00",REPULSE,20.160830
D,DISPATCH,UNIT_SCADA,1,"2019/09/05 02:15:00",ROWALLAN,10.3234
D,DISPATCH,UNIT_SCADA,1,"2019/09/05 02:15:00",ROYALLA1,0
D,DISPATCH,UNIT_SCADA,1,"2019/09/05 02:15:00",RPCG,11.50
D,DISPATCH,UNIT_SCADA,1,"2019/09/05 02:15:00",RUBICON,0
D,DISPATCH,UNIT_SCADA,1,"2019/09/05 02:15:00",SATGN1,0
D,DISPATCH,UNIT_SCADA,1,"2019/09/05 02:15:00",SATGS1,0
D,DISPATCH,UNIT_SCADA,1,"2019/09/05 02:15:00",STARHLWF,-0.099971
D,DISPATCH,UNIT_SCADA,1,"2019/09/05 02:15:00",WAUBRAWF,0
D,DISPATCH,UNIT_SCADA,1,"2019/09/05 02:15:00",WOOLNTH1,-0.739985
D,DISPATCH,UNIT_SCADA,1,"2019/09/05 02:15:00",WPWF,0
D,DISPATCH,UNIT_SCADA,1,"2019/09/05 02:15:00",YAMBUKWF,5.50
D,DISPATCH,UNIT_SCADA,1,"2019/09/05 02:15:00",YSWF1,0.20
D,DISPATCH,UNIT_SCADA,1,"2019/09/05 02:15:00",AGLHAL,0
D,DISPATCH,UNIT_SCADA,1,"2019/09/05 02:15:00",AGLSOM,0
D,DISPATCH,UNIT_SCADA,1,"2019/09/05 02:15:00",ANGAST1,0
D,DISPATCH,UNIT_SCADA,1,"2019/09/05 02:15:00",ARWF1,-1.10
D,DISPATCH,UNIT_SCADA,1,"2019/09/05 02:15:00",BALBG1,0
D,DISPATCH,UNIT_SCADA,1,"2019/09/05 02:15:00",BALBL1,0
D,DISPATCH,UNIT_SCADA,1,"2019/09/05 02:15:00",BALDHWF1,0
D,DISPATCH,UNIT_SCADA,1,"2019/09/05 02:15:00",BANN1,0
D,DISPATCH,UNIT_SCADA,1,"2019/09/05 02:15:00",BARCALDN,0
D,DISPATCH,UNIT_SCADA,1,"2019/09/05 02:15:00",BARRON-1,0
D,DISPATCH,UNIT_SCADA,1,"2019/09/05 02:15:00",BARRON-2,0
D,DISPATCH,UNIT_SCADA,1,"2019/09/05 02:15:00",BASTYAN,80.470010
D,DISPATCH,UNIT_SCADA,1,"2019/09/05 02:15:00",BBTHREE1,0
D,DISPATCH,UNIT_SCADA,1,"2019/09/05 02:15:00",BBTHREE2,0
D,DISPATCH,UNIT_SCADA,1,"2019/09/05 02:15:00",BBTHREE3,0
D,DISPATCH,UNIT_SCADA,1,"2019/09/05 02:15:00",BDL01,0
D,DISPATCH,UNIT_SCADA,1,"2019/09/05 02:15:00",BDL02,-0.06
D,DISPATCH,UNIT_SCADA,1,"2019/09/05 02:15:00",BERYLSF1,0
D,DISPATCH,UNIT_SCADA,1,"2019/09/05 02:15:00",BLOWERNG,11.10
D,DISPATCH,UNIT_SCADA,1,"2019/09/05 02:15:00",BLUFF1,2.10
D,DISPATCH,UNIT_SCADA,1,"2019/09/05 02:15:00",BNGSF1,0
D,DISPATCH,UNIT_SCADA,1,"2019/09/05 02:15:00",BNGSF2,0
D,DISPATCH,UNIT_SCADA,1,"2019/09/05 02:15:00",BOCORWF1,0
D,DISPATCH,UNIT_SCADA,1,"2019/09/05 02:15:00",BODWF1,11.313060
D,DISPATCH,UNIT_SCADA,1,"2019/09/05 02:15:00",BRAEMAR1,0
D,DISPATCH,UNIT_SCADA,1,"2019/09/05 02:15:00",BRAEMAR2,0
D,DISPATCH,UNIT_SCADA,1,"2019/09/05 02:15:00",BRAEMAR3,0
D,DISPATCH,UNIT_SCADA,1,"2019/09/05 02:15:00",BRAEMAR5,0
D,DISPATCH,UNIT_SCADA,1,"2019/09/05 02:15:00",BRAEMAR6,0
D,DISPATCH,UNIT_SCADA,1,"2019/09/05 02:15:00",BRAEMAR7,0
D,DISPATCH,UNIT_SCADA,1,"2019/09/05 02:15:00",BROKENH1,0
D,DISPATCH,UNIT_SCADA,1,"2019/09/05 02:15:00",BW01,554.525020
D,DISPATCH,UNIT_SCADA,1,"2019/09/05 02:15:00",BW02,581.824950
D,DISPATCH,UNIT_SCADA,1,"2019/09/05 02:15:00",BW03,618.099980
D,DISPATCH,UNIT_SCADA,1,"2019/09/05 02:15:00",BW04,0
D,DISPATCH,UNIT_SCADA,1,"2019/09/05 02:15:00",CALL_B_1,349.300020
D,DISPATCH,UNIT_SCADA,1,"2019/09/05 02:15:00",CALL_B_2,349.800020
D,DISPATCH,UNIT_SCADA,1,"2019/09/05 02:15:00",CETHANA,80.102250
D,DISPATCH,UNIT_SCADA,1,"2019/09/05 02:15:00",CG1,0
D,DISPATCH,UNIT_SCADA,1,"2019/09/05 02:15:00",CG2,0
D,DISPATCH,UNIT_SCADA,1,"2019/09/05 02:15:00",CG3,0
D,DISPATCH,UNIT_SCADA,1,"2019/09/05 02:15:00",CG4,0
D,DISPATCH,UNIT_SCADA,1,"2019/09/05 02:15:00",CHILDSF1,0
D,DISPATCH,UNIT_SCADA,1,"2019/09/05 02:15:00",CLARESF1,0
D,DISPATCH,UNIT_SCADA,1,"2019/09/05 02:15:00",CLEMGPWF,-0.144070
D,DISPATCH,UNIT_SCADA,1,"2019/09/05 02:15:00",CLERMSF1,0
D,DISPATCH,UNIT_SCADA,1,"2019/09/05 02:15:00",COLEASF1,0
D,DISPATCH,UNIT_SCADA,1,"2019/09/05 02:15:00",COOPGWF1,12.636970
D,DISPATCH,UNIT_SCADA,1,"2019/09/05 02:15:00",CPP_3,406.450010
D,DISPATCH,UNIT_SCADA,1,"2019/09/05 02:15:00",CPP_4,405.6250
D,DISPATCH,UNIT_SCADA,1,"2019/09/05 02:15:00",CPSA,143.361250
D,DISPATCH,UNIT_SCADA,1,"2019/09/05 02:15:00",CROOKWF2,33.073750
D,DISPATCH,UNIT_SCADA,1,"2019/09/05 02:15:00",CROWLWF1,-0.229760
D,DISPATCH,UNIT_SCADA,1,"2019/09/05 02:15:00",CSPVPS1,0
D,DISPATCH,UNIT_SCADA,1,"2019/09/05 02:15:00",DALNTH01,0
D,DISPATCH,UNIT_SCADA,1,"2019/09/05 02:15:00",DALNTHL1,6.990160
D,DISPATCH,UNIT_SCADA,1,"2019/09/05 02:15:00",DARTM1,131.30
D,DISPATCH,UNIT_SCADA,1,"2019/09/05 02:15:00",DAYDSF1,0
D,DISPATCH,UNIT_SCADA,1,"2019/09/05 02:15:00",DDPS1,251.046430
D,DISPATCH,UNIT_SCADA,1,"2019/09/05 02:15:00",DDSF1,0
D,DISPATCH,UNIT_SCADA,1,"2019/09/05 02:15:00",DEVILS_G,56.144290
D,DISPATCH,UNIT_SCADA,1,"2019/09/05 02:15:00",DG_NSW1,0
D,DISPATCH,UNIT_SCADA,1,"2019/09/05 02:15:00",DG_QLD1,0
D,DISPATCH,UNIT_SCADA,1,"2019/09/05 02:15:00",DG_SA1,0
D,DISPATCH,UNIT_SCADA,1,"2019/09/05 02:15:00",DG_TAS1,0
D,DISPATCH,UNIT_SCADA,1,"2019/09/05 02:15:00",DG_VIC1,0
D,DISPATCH,UNIT_SCADA,1,"2019/09/05 02:15:00",DRYCGT1,0
D,DISPATCH,UNIT_SCADA,1,"2019/09/05 02:15:00",DRYCGT2,0
D,DISPATCH,UNIT_SCADA,1,"2019/09/05 02:15:00",DRYCGT3,0
D,DISPATCH,UNIT_SCADA,1,"2019/09/05 02:15:00",EILDON1,0
D,DISPATCH,UNIT_SCADA,1,"2019/09/05 02:15:00",EILDON2,0
D,DISPATCH,UNIT_SCADA,1,"2019/09/05 02:15:00",EMERASF1,0
D,DISPATCH,UNIT_SCADA,1,"2019/09/05 02:15:00",ER01,592.699950
D,DISPATCH,UNIT_SCADA,1,"2019/09/05 02:15:00",ER02,647.599980
D,DISPATCH,UNIT_SCADA,1,"2019/09/05 02:15:00",ER03,0
D,DISPATCH,UNIT_SCADA,1,"2019/09/05 02:15:00",ER04,428.974980
D,DISPATCH,UNIT_SCADA,1,"2019/09/05 02:15:00",FINLYSF1,0
D,DISPATCH,UNIT_SCADA,1,"2019/09/05 02:15:00",FISHER,45.82
D,DISPATCH,UNIT_SCADA,1,"2019/09/05 02:15:00",GANNBG1,0
D,DISPATCH,UNIT_SCADA,1,"2019/09/05 02:15:00",GANNBL1,6.697090
D,DISPATCH,UNIT_SCADA,1,"2019/09/05 02:15:00",GANNSF1,0
D,DISPATCH,UNIT_SCADA,1,"2019/09/05 02:15:00",GORDON,19.279120
D,DISPATCH,UNIT_SCADA,1,"2019/09/05 02:15:00",GSTONE1,162.75
D,DISPATCH,UNIT_SCADA,1,"2019/09/05 02:15:00",GSTONE2,160.474990
D,DISPATCH,UNIT_SCADA,1,"2019/09/05 02:15:00",GSTONE3,0
D,DISPATCH,UNIT_SCADA,1,"2019/09/05 02:15:00",GSTONE4,196.70
D,DISPATCH,UNIT_SCADA,1,"2019/09/05 02:15:00",GSTONE5,158.024990
D,DISPATCH,UNIT_SCADA,1,"2019/09/05 02:15:00",GSTONE6,158.55
D,DISPATCH,UNIT_SCADA,1,"2019/09/05 02:15:00",GULLRSF1,0
D,DISPATCH,UNIT_SCADA,1,"2019/09/05 02:15:00",GULLRWF1,79.644350
D,DISPATCH,UNIT_SCADA,1,"2019/09/05 02:15:00",GUNNING1,10.968460
D,DISPATCH,UNIT_SCADA,1,"2019/09/05 02:15:00",GUTHEGA,0
D,DISPATCH,UNIT_SCADA,1,"2019/09/05 02:15:00",HALLWF1,3.73
D,DISPATCH,UNIT_SCADA,1,"2019/09/05 02:15:00",HALLWF2,3.69
D,DISPATCH,UNIT_SCADA,1,"2019/09/05 02:15:00",HAMISF1,0
D,DISPATCH,UNIT_SCADA,1,"2019/09/05 02:15:00",HAUGHT11,0
D,DISPATCH,UNIT_SCADA,1,"2019/09/05 02:15:00",HAYMSF1,0
D,DISPATCH,UNIT_SCADA,1,"2019/09/05 02:15:00",HDWF1,25.10
D,DISPATCH,UNIT_SCADA,1,"2019/09/05 02:15:00",HDWF2,15.10
D,DISPATCH,UNIT_SCADA,1,"2019/09/05 02:15:00",HDWF3,17.40
D,DISPATCH,UNIT_SCADA,1,"2019/09/05 02:15:00",HPRG1,7.30
D,DISPATCH,UNIT_SCADA,1,"2019/09/05 02:15:00",HPRL1,0
D,DISPATCH,UNIT_SCADA,1,"2019/09/05 02:15:00",HUMENSW,0
D,DISPATCH,UNIT_SCADA,1,"2019/09/05 02:15:00",HUMEV,25.50
D,DISPATCH,UNIT_SCADA,1,"2019/09/05 02:15:00",HVGTS,0
D,DISPATCH,UNIT_SCADA,1,"2019/09/05 02:15:00",JBUTTERS,0
D,DISPATCH,UNIT_SCADA,1,"2019/09/05 02:15:00",JLA01,0.10
D,DISPATCH,UNIT_SCADA,1,"2019/09/05 02:15:00",JLA02,0
D,DISPATCH,UNIT_SCADA,1,"2019/09/05 02:15:00",JLA03,0
D,DISPATCH,UNIT_SCADA,1,"2019/09/05 02:15:00",JLA04,0
D,DISPATCH,UNIT_SCADA,1,"2019/09/05 02:15:00",JLB01,0
D,DISPATCH,UNIT_SCADA,1,"2019/09/05 02:15:00",JLB02,0.10
D,DISPATCH,UNIT_SCADA,1,"2019/09/05 02:15:00",JLB03,0
D,DISPATCH,UNIT_SCADA,1,"2019/09/05 02:15:00",KAREEYA1,21.5350
D,DISPATCH,UNIT_SCADA,1,"2019/09/05 02:15:00",KAREEYA2,22.0925
D,DISPATCH,UNIT_SCADA,1,"2019/09/05 02:15:00",KAREEYA3,0
D,DISPATCH,UNIT_SCADA,1,"2019/09/05 02:15:00",KAREEYA4,21.6425
D,DISPATCH,UNIT_SCADA,1,"2019/09/05 02:15:00",KARSF1,0
D,DISPATCH,UNIT_SCADA,1,"2019/09/05 02:15:00",KIATAWF1,2.70
D,DISPATCH,UNIT_SCADA,1,"2019/09/05 02:15:00",KPP_1,0
D,DISPATCH,UNIT_SCADA,1,"2019/09/05 02:15:00",KSP1,0
D,DISPATCH,UNIT_SCADA,1,"2019/09/05 02:15:00",LADBROK1,0
D,DISPATCH,UNIT_SCADA,1,"2019/09/05 02:15:00",LADBROK2,0
D,DISPATCH,UNIT_SCADA,1,"2019/09/05 02:15:00",LD01,339.1875
D,DISPATCH,UNIT_SCADA,1,"2019/09/05 02:15:00",LD02,320.081270
D,DISPATCH,UNIT_SCADA,1,"2019/09/05 02:15:00",LD03,350.981320
D,DISPATCH,UNIT_SCADA,1,"2019/09/05 02:15:00",LD04,349.481260
D,DISPATCH,UNIT_SCADA,1,"2019/09/05 02:15:00",LEM_WIL,82.003490
D,DISPATCH,UNIT_SCADA,1,"2019/09/05 02:15:00",LGAPWF1,34.42
D,DISPATCH,UNIT_SCADA,1,"2019/09/05 02:15:00",LILYSF1,0
D,DISPATCH,UNIT_SCADA,1,"2019/09/05 02:15:00",LI_WY_CA,143.394990
D,DISPATCH,UNIT_SCADA,1,"2019/09/05 02:15:00",LKBONNY2,15.690310
D,DISPATCH,UNIT_SCADA,1,"2019/09/05 02:15:00",LKBONNY3,6.0846
D,DISPATCH,UNIT_SCADA,1,"2019/09/05 02:15:00",LK_ECHO,0
D,DISPATCH,UNIT_SCADA,1,"2019/09/05 02:15:00",LNGS1,0
D,DISPATCH,UNIT_SCADA,1,"2019/09/05 02:15:00",LNGS2,0
D,DISPATCH,UNIT_SCADA,1,"2019/09/05 02:15:00",LONSDALE,0
D,DISPATCH,UNIT_SCADA,1,"2019/09/05 02:15:00",LOYYB1,534.584840
D,DISPATCH,UNIT_SCADA,1,"2019/09/05 02:15:00",LOYYB2,582.330380
D,DISPATCH,UNIT_SCADA,1,"2019/09/05 02:15:00",LYA1,0
D,DISPATCH,UNIT_SCADA,1,"2019/09/05 02:15:00",LYA2,0
D,DISPATCH,UNIT_SCADA,1,"2019/09/05 02:15:00",LYA3,560
D,DISPATCH,UNIT_SCADA,1,"2019/09/05 02:15:00",LYA4,542
D,DISPATCH,UNIT_SCADA,1,"2019/09/05 02:15:00",MACARTH1,35.599180
D,DISPATCH,UNIT_SCADA,1,"2019/09/05 02:15:00",MACKAYGT,0.2240
D,DISPATCH,UNIT_SCADA,1,"2019/09/05 02:15:00",MACKNTSH,88.48
D,DISPATCH,UNIT_SCADA,1,"2019/09/05 02:15:00",MANSLR1,0
D,DISPATCH,UNIT_SCADA,1,"2019/09/05 02:15:00",MCKAY1,0.0750
D,DISPATCH,UNIT_SCADA,1,"2019/09/05 02:15:00",MEADOWBK,25.207560
D,DISPATCH,UNIT_SCADA,1,"2019/09/05 02:15:00",MERCER01,15.86
D,DISPATCH,UNIT_SCADA,1,"2019/09/05 02:15:00",MEWF1,57.901050
D,DISPATCH,UNIT_SCADA,1,"2019/09/05 02:15:00",MINTARO,0
D,DISPATCH,UNIT_SCADA,1,"2019/09/05 02:15:00",MOREESF1,0
D,DISPATCH,UNIT_SCADA,1,"2019/09/05 02:15:00",MORTLK11,260
D,DISPATCH,UNIT_SCADA,1,"2019/09/05 02:15:00",MORTLK12,0
D,DISPATCH,UNIT_SCADA,1,"2019/09/05 02:15:00",MP1,218.75
D,DISPATCH,UNIT_SCADA,1,"2019/09/05 02:15:00",MP2,0
D,DISPATCH,UNIT_SCADA,1,"2019/09/05 02:15:00",MPP_1,401
D,DISPATCH,UNIT_SCADA,1,"2019/09/05 02:15:00",MPP_2,434.75
D,DISPATCH,UNIT_SCADA,1,"2019/09/05 02:15:00",MSTUART1,0
D,DISPATCH,UNIT_SCADA,1,"2019/09/05 02:15:00",MSTUART2,0
D,DISPATCH,UNIT_SCADA,1,"2019/09/05 02:15:00",MSTUART3,0
D,DISPATCH,UNIT_SCADA,1,"2019/09/05 02:15:00",MTGELWF1,4.843290
D,DISPATCH,UNIT_SCADA,1,"2019/09/05 02:15:00",MURRAY,0
D,DISPATCH,UNIT_SCADA,1,"2019/09/05 02:15:00",MUSSELR1,34.60
D,DISPATCH,UNIT_SCADA,1,"2019/09/05 02:15:00",MUWAWF1,2.23
D,DISPATCH,UNIT_SCADA,1,"2019/09/05 02:15:00",NBHWF1,17
D,DISPATCH,UNIT_SCADA,1,"2019/09/05 02:15:00",NPS,101.6250
D,DISPATCH,UNIT_SCADA,1,"2019/09/05 02:15:00",NUMURSF1,0
D,DISPATCH,UNIT_SCADA,1,"2019/09/05 02:15:00",NYNGAN1,0
D,DISPATCH,UNIT_SCADA,1,"2019/09/05 02:15:00",OAKEY1,0
D,DISPATCH,UNIT_SCADA,1,"2019/09/05 02:15:00",OAKEY1SF,0
D,DISPATCH,UNIT_SCADA,1,"2019/09/05 02:15:00",OAKEY2,0
D,DISPATCH,UNIT_SCADA,1,"2019/09/05 02:15:00",OAKEY2SF,0
D,DISPATCH,UNIT_SCADA,1,"2019/09/05 02:15:00",OAKLAND1,8.90
D,DISPATCH,UNIT_SCADA,1,"2019/09/05 02:15:00",OSB-AG,180.72
D,DISPATCH,UNIT_SCADA,1,"2019/09/05 02:15:00",PARSF1,0
D,DISPATCH,UNIT_SCADA,1,"2019/09/05 02:15:00",POAT110,0
D,DISPATCH,UNIT_SCADA,1,"2019/09/05 02:15:00",POAT220,1.25
D,DISPATCH,UNIT_SCADA,1,"2019/09/05 02:15:00",POR01,0
D,DISPATCH,UNIT_SCADA,1,"2019/09/05 02:15:00",POR03,0
D,DISPATCH,UNIT_SCADA,1,"2019/09/05 02:15:00",PPCCGT,488.300320
D,DISPATCH,UNIT_SCADA,1,"2019/09/05 02:15:00",PTSTAN1,0
D,DISPATCH,UNIT_SCADA,1,"2019/09/05 02:15:00",PUMP1,0
D,DISPATCH,UNIT_SCADA,1,"2019/09/05 02:15:00",PUMP2,0
D,DISPATCH,UNIT_SCADA,1,"2019/09/05 02:15:00",QPS1,0
D,DISPATCH,UNIT_SCADA,1,"2019/09/05 02:15:00",QPS2,0
D,DISPATCH,UNIT_SCADA,1,"2019/09/05 02:15:00",QPS3,0
D,DISPATCH,UNIT_SCADA,1,"2019/09/05 02:15:00",QPS4,0
D,DISPATCH,UNIT_SCADA,1,"2019/09/05 02:15:00",QPS5,0
D,DISPATCH,UNIT_SCADA,1,"2019/09/05 02:15:00",REECE1,100.750010
D,DISPATCH,UNIT_SCADA,1,"2019/09/05 02:15:00",REECE2,101.45
D,DISPATCH,UNIT_SCADA,1,"2019/09/05 02:15:00",ROMA_7,0
D,DISPATCH,UNIT_SCADA,1,"2019/09/05 02:15:00",ROMA_8,0
D,DISPATCH,UNIT_SCADA,1,"2019/09/05 02:15:00",RRSF1,0
D,DISPATCH,UNIT_SCADA,1,"2019/09/05 02:15:00",RT_NSW1,0
D,DISPATCH,UNIT_SCADA,1,"2019/09/05 02:15:00",RT_NSW2,0
D,DISPATCH,UNIT_SCADA,1,"2019/09/05 02:15:00",RT_NSW3,0
D,DISPATCH,UNIT_SCADA,1,"2019/09/05 02:15:00",RT_NSW4,0
D,DISPATCH,UNIT_SCADA,1,"2019/09/05 02:15:00",RT_NSW5,0
D,DISPATCH,UNIT_SCADA,1,"2019/09/05 02:15:00",RT_NSW6,0
D,DISPATCH,UNIT_SCADA,1,"2019/09/05 02:15:00",RT_QLD1,0
D,DISPATCH,UNIT_SCADA,1,"2019/09/05 02:15:00",RT_SA1,0
D,DISPATCH,UNIT_SCADA,1,"2019/09/05 02:15:00",RT_SA2,0
D,DISPATCH,UNIT_SCADA,1,"2019/09/05 02:15:00",RT_SA3,0
D,DISPATCH,UNIT_SCADA,1,"2019/09/05 02:15:00",RT_SA4,0
D,DISPATCH,UNIT_SCADA,1,"2019/09/05 02:15:00",RT_SA5,0
D,DISPATCH,UNIT_SCADA,1,"2019/09/05 02:15:00",RT_SA6,0
D,DISPATCH,UNIT_SCADA,1,"2019/09/05 02:15:00",RT_TAS1,0
D,DISPATCH,UNIT_SCADA,1,"2019/09/05 02:15:00",RT_VIC1,0
D,DISPATCH,UNIT_SCADA,1,"2019/09/05 02:15:00",RT_VIC10,0
D,DISPATCH,UNIT_SCADA,1,"2019/09/05 02:15:00",RT_VIC11,0
D,DISPATCH,UNIT_SCADA,1,"2019/09/05 02:15:00",RT_VIC12,0
D,DISPATCH,UNIT_SCADA,1,"2019/09/05 02:15:00",RT_VIC2,0
D,DISPATCH,UNIT_SCADA,1,"2019/09/05 02:15:00",RT_VIC3,0
D,DISPATCH,UNIT_SCADA,1,"2019/09/05 02:15:00",RT_VIC4,0
D,DISPATCH,UNIT_SCADA,1,"2019/09/05 02:15:00",RT_VIC5,0
D,DISPATCH,UNIT_SCADA,1,"2019/09/05 02:15:00",RT_VIC6,0
D,DISPATCH,UNIT_SCADA,1,"2019/09/05 02:15:00",RT_VIC7,0
D,DISPATCH,UNIT_SCADA,1,"2019/09/05 02:15:00",RT_VIC8,0
D,DISPATCH,UNIT_SCADA,1,"2019/09/05 02:15:00",RT_VIC9,0
D,DISPATCH,UNIT_SCADA,1,"2019/09/05 02:15:00",RUGBYR1,0
D,DISPATCH,UNIT_SCADA,1,"2019/09/05 02:15:00",SALTCRK1,4.98
D,DISPATCH,UNIT_SCADA,1,"2019/09/05 02:15:00",SAPHWF1,14.681270
D,DISPATCH,UNIT_SCADA,1,"2019/09/05 02:15:00",SHGEN,0
D,DISPATCH,UNIT_SCADA,1,"2019/09/05 02:15:00",SHPUMP,159.4621
D,DISPATCH,UNIT_SCADA,1,"2019/09/05 02:15:00",SITHE01,0.1840
D,DISPATCH,UNIT_SCADA,1,"2019/09/05 02:15:00",SMCSF1,0
D,DISPATCH,UNIT_SCADA,1,"2019/09/05 02:15:00",SNOWNTH1,0
D,DISPATCH,UNIT_SCADA,1,"2019/09/05 02:15:00",SNOWSTH1,0
D,DISPATCH,UNIT_SCADA,1,"2019/09/05 02:15:00",SNOWTWN1,-0.426690
D,DISPATCH,UNIT_SCADA,1,"2019/09/05 02:15:00",SNOWYP,0
D,DISPATCH,UNIT_SCADA,1,"2019/09/05 02:15:00",SNUG1,0.019440
D,DISPATCH,UNIT_SCADA,1,"2019/09/05 02:15:00",SRSF1,0
D,DISPATCH,UNIT_SCADA,1,"2019/09/05 02:15:00",STAN-1,219.543270
D,DISPATCH,UNIT_SCADA,1,"2019/09/05 02:15:00",STAN-2,251.946670
D,DISPATCH,UNIT_SCADA,1,"2019/09/05 02:15:00",STAN-3,250.934070
D,DISPATCH,UNIT_SCADA,1,"2019/09/05 02:15:00",STAN-4,247.832170
D,DISPATCH,UNIT_SCADA,1,"2019/09/05 02:15:00",STWF1,167.703750
D,DISPATCH,UNIT_SCADA,1,"2019/09/05 02:15:00",SWAN_E,0
D,DISPATCH,UNIT_SCADA,1,"2019/09/05 02:15:00",TALWA1,409
D,DISPATCH,UNIT_SCADA,1,"2019/09/05 02:15:00",TARALGA1,61.593730
D,DISPATCH,UNIT_SCADA,1,"2019/09/05 02:15:00",TARONG#1,278.700010
D,DISPATCH,UNIT_SCADA,1,"2019/09/05 02:15:00",TARONG#2,0
D,DISPATCH,UNIT_SCADA,1,"2019/09/05 02:15:00",TARONG#3,260.800020
D,DISPATCH,UNIT_SCADA,1,"2019/09/05 02:15:00",TARONG#4,275.800020
D,DISPATCH,UNIT_SCADA,1,"2019/09/05 02:15:00",TARRALEA,71
D,DISPATCH,UNIT_SCADA,1,"2019/09/05 02:15:00",TBSF1,-0.20
D,DISPATCH,UNIT_SCADA,1,"2019/09/05 02:15:00",TNPS1,379.600010
D,DISPATCH,UNIT_SCADA,1,"2019/09/05 02:15:00",TORRA1,59.817540
D,DISPATCH,UNIT_SCADA,1,"2019/09/05 02:15:00",TORRA2,0
D,DISPATCH,UNIT_SCADA,1,"2019/09/05 02:15:00",TORRA3,0
D,DISPATCH,UNIT_SCADA,1,"2019/09/05 02:15:00",TORRA4,57.476730
D,DISPATCH,UNIT_SCADA,1,"2019/09/05 02:15:00",TORRB1,86.09
D,DISPATCH,UNIT_SCADA,1,"2019/09/05 02:15:00",TORRB2,86.09
D,DISPATCH,UNIT_SCADA,1,"2019/09/05 02:15:00",TORRB3,84.51
D,DISPATCH,UNIT_SCADA,1,"2019/09/05 02:15:00",TORRB4,0
D,DISPATCH,UNIT_SCADA,1,"2019/09/05 02:15:00",TREVALLN,2.10
D,DISPATCH,UNIT_SCADA,1,"2019/09/05 02:15:00",TRIBUTE,0
D,DISPATCH,UNIT_SCADA,1,"2019/09/05 02:15:00",TUMUT3,0
D,DISPATCH,UNIT_SCADA,1,"2019/09/05 02:15:00",TUNGATIN,123.110020
D,DISPATCH,UNIT_SCADA,1,"2019/09/05 02:15:00",TVCC201,0
D,DISPATCH,UNIT_SCADA,1,"2019/09/05 02:15:00",TVPP104,0
D,DISPATCH,UNIT_SCADA,1,"2019/09/05 02:15:00",UPPTUMUT,-1.873760
D,DISPATCH,UNIT_SCADA,1,"2019/09/05 02:15:00",URANQ11,0
D,DISPATCH,UNIT_SCADA,1,"2019/09/05 02:15:00",URANQ12,0
D,DISPATCH,UNIT_SCADA,1,"2019/09/05 02:15:00",URANQ13,0
D,DISPATCH,UNIT_SCADA,1,"2019/09/05 02:15:00",URANQ14,0
D,DISPATCH,UNIT_SCADA,1,"2019/09/05 02:15:00",VP5,623.50
D,DISPATCH,UNIT_SCADA,1,"2019/09/05 02:15:00",VP6,0
D,DISPATCH,UNIT_SCADA,1,"2019/09/05 02:15:00",VPGS1,0
D,DISPATCH,UNIT_SCADA,1,"2019/09/05 02:15:00",VPGS2,0
D,DISPATCH,UNIT_SCADA,1,"2019/09/05 02:15:00",VPGS3,0
D,DISPATCH,UNIT_SCADA,1,"2019/09/05 02:15:00",VPGS4,0
D,DISPATCH,UNIT_SCADA,1,"2019/09/05 02:15:00",VPGS5,0
D,DISPATCH,UNIT_SCADA,1,"2019/09/05 02:15:00",VPGS6,0
D,DISPATCH,UNIT_SCADA,1,"2019/09/05 02:15:00",W/HOE#1,0
D,DISPATCH,UNIT_SCADA,1,"2019/09/05 02:15:00",W/HOE#2,0
D,DISPATCH,UNIT_SCADA,1,"2019/09/05 02:15:00",WATERLWF,-0.90
D,DISPATCH,UNIT_SCADA,1,"2019/09/05 02:15:00",WEMENSF1,0
D,DISPATCH,UNIT_SCADA,1,"2019/09/05 02:15:00",WGWF1,15.40
D,DISPATCH,UNIT_SCADA,1,"2019/09/05 02:15:00",WHITSF1,0
D,DISPATCH,UNIT_SCADA,1,"2019/09/05 02:15:00",WKIEWA1,13.30
D,DISPATCH,UNIT_SCADA,1,"2019/09/05 02:15:00",WKIEWA2,13.50
D,DISPATCH,UNIT_SCADA,1,"2019/09/05 02:15:00",WOODLWN1,6.3540
D,DISPATCH,UNIT_SCADA,1,"2019/09/05 02:15:00",WRSF1,0
D,DISPATCH,UNIT_SCADA,1,"2019/09/05 02:15:00",WRWF1,10.052490
D,DISPATCH,UNIT_SCADA,1,"2019/09/05 02:15:00",YABULU,0
D,DISPATCH,UNIT_SCADA,1,"2019/09/05 02:15:00",YABULU2,0
D,DISPATCH,UNIT_SCADA,1,"2019/09/05 02:15:00",YARWUN_1,164.599990
D,DISPATCH,UNIT_SCADA,1,"2019/09/05 02:15:00",YENDWF1,-1.38
D,DISPATCH,UNIT_SCADA,1,"2019/09/05 02:15:00",YWPS1,374.435460
D,DISPATCH,UNIT_SCADA,1,"2019/09/05 02:15:00",YWPS2,276.187350
D,DISPATCH,UNIT_SCADA,1,"2019/09/05 02:15:00",YWPS3,292.206330
D,DISPATCH,UNIT_SCADA,1,"2019/09/05 02:15:00",YWPS4,377.172150
C,"END OF REPORT",335
