C,NEMP.WORLD,DISPATCHSCADA,AEMO,PUBLIC,2019/09/04,19:40:08,0000000312394887,DISPATCHSCADA,0000000312394881
I,DISPATCH,UNIT_SCADA,1,SETTLEMENTDATE,DUID,SCADAVALUE
D,DISPATCH,UNIT_SCADA,1,"2019/09/04 19:45:00",BARCSF1,0.80
D,DISPATCH,UNIT_SCADA,1,"2019/09/04 19:45:00",BUTLERSG,10.199999
D,DISPATCH,UNIT_SCADA,1,"2019/09/04 19:45:00",CALL_A_4,0
D,DISPATCH,UNIT_SCADA,1,"2019/09/04 19:45:00",CAPTL_WF,63.699997
D,DISPATCH,UNIT_SCADA,1,"2019/09/04 19:45:00",CATHROCK,0
D,DISPATCH,UNIT_SCADA,1,"2019/09/04 19:45:00",CHALLHWF,0
D,DISPATCH,UNIT_SCADA,1,"2019/09/04 19:45:00",CLOVER,-0.01
D,DISPATCH,UNIT_SCADA,1,"2019/09/04 19:45:00",CLUNY,12.096590
D,DISPATCH,UNIT_SCADA,1,"2019/09/04 19:45:00",CNUNDAWF,0
D,DISPATCH,UNIT_SCADA,1,"2019/09/04 19:45:00",CULLRGWF,17.01
D,DISPATCH,UNIT_SCADA,1,"2019/09/04 19:45:00",ERGT01,0
D,DISPATCH,UNIT_SCADA,1,"2019/09/04 19:45:00",GB01,0.014633
D,DISPATCH,UNIT_SCADA,1,"2019/09/04 19:45:00",GERMCRK,39.599998
D,DISPATCH,UNIT_SCADA,1,"2019/09/04 19:45:00",GRIFSF1,0
D,DISPATCH,UNIT_SCADA,1,"2019/09/04 19:45:00",HUGSF1,-0.0870
D,DISPATCH,UNIT_SCADA,1,"2019/09/04 19:45:00",LKBONNY1,-0.449338
D,DISPATCH,UNIT_SCADA,1,"2019/09/04 19:45:00",LRSF1,-0.02
D,DISPATCH,UNIT_SCADA,1,"2019/09/04 19:45:00",MBAHNTH,30.918747
D,DISPATCH,UNIT_SCADA,1,"2019/09/04 19:45:00",MLSP1,0.366001
D,DISPATCH,UNIT_SCADA,1,"2019/09/04 19:45:00",MLWF1,0.7950
D,DISPATCH,UNIT_SCADA,1,"2019/09/04 19:45:00",MTMILLAR,7.099011
D,DISPATCH,UNIT_SCADA,1,"2019/09/04 19:45:00",PALOONA,23.93
D,DISPATCH,UNIT_SCADA,1,"2019/09/04 19:45:00",PIONEER,45.400002
D,DISPATCH,UNIT_SCADA,1,"2019/09/04 19:45:00",PORTWF,-0.40
D,DISPATCH,UNIT_SCADA,1,"2019/09/04 19:45:00",REPULSE,19.830015
D,DISPATCH,UNIT_SCADA,1,"2019/09/04 19:45:00",ROWALLAN,10.4157
D,DISPATCH,UNIT_SCADA,1,"2019/09/04 19:45:00",ROYALLA1,0
D,DISPATCH,UNIT_SCADA,1,"2019/09/04 19:45:00",RPCG,-1.80
D,DISPATCH,UNIT_SCADA,1,"2019/09/04 19:45:00",RUBICON,0
D,DISPATCH,UNIT_SCADA,1,"2019/09/04 19:45:00",SATGN1,0
D,DISPATCH,UNIT_SCADA,1,"2019/09/04 19:45:00",SATGS1,0
D,DISPATCH,UNIT_SCADA,1,"2019/09/04 19:45:00",STARHLWF,-0.099971
D,DISPATCH,UNIT_SCADA,1,"2019/09/04 19:45:00",WAUBRAWF,4.7060
D,DISPATCH,UNIT_SCADA,1,"2019/09/04 19:45:00",WOOLNTH1,27.230015
D,DISPATCH,UNIT_SCADA,1,"2019/09/04 19:45:00",WPWF,0
D,DISPATCH,UNIT_SCADA,1,"2019/09/04 19:45:00",YAMBUKWF,-0.20
D,DISPATCH,UNIT_SCADA,1,"2019/09/04 19:45:00",YSWF1,0
D,DISPATCH,UNIT_SCADA,1,"2019/09/04 19:45:00",AGLHAL,119.129010
D,DISPATCH,UNIT_SCADA,1,"2019/09/04 19:45:00",AGLSOM,120
D,DISPATCH,UNIT_SCADA,1,"2019/09/04 19:45:00",ANGAST1,0
D,DISPATCH,UNIT_SCADA,1,"2019/09/04 19:45:00",ARWF1,28.80
D,DISPATCH,UNIT_SCADA,1,"2019/09/04 19:45:00",BALBG1,0
D,DISPATCH,UNIT_SCADA,1,"2019/09/04 19:45:00",BALBL1,0
D,DISPATCH,UNIT_SCADA,1,"2019/09/04 19:45:00",BALDHWF1,7.1850
D,DISPATCH,UNIT_SCADA,1,"2019/09/04 19:45:00",BANN1,0
D,DISPATCH,UNIT_SCADA,1,"2019/09/04 19:45:00",BARCALDN,0
D,DISPATCH,UNIT_SCADA,1,"2019/09/04 19:45:00",BARRON-1,33.04
D,DISPATCH,UNIT_SCADA,1,"2019/09/04 19:45:00",BARRON-2,0
D,DISPATCH,UNIT_SCADA,1,"2019/09/04 19:45:00",BASTYAN,80.390010
D,DISPATCH,UNIT_SCADA,1,"2019/09/04 19:45:00",BBTHREE1,0
D,DISPATCH,UNIT_SCADA,1,"2019/09/04 19:45:00",BBTHREE2,0
D,DISPATCH,UNIT_SCADA,1,"2019/09/04 19:45:00",BBTHREE3,0
D,DISPATCH,UNIT_SCADA,1,"2019/09/04 19:45:00",BDL01,44.10
D,DISPATCH,UNIT_SCADA,1,"2019/09/04 19:45:00",BDL02,44.34
D,DISPATCH,UNIT_SCADA,1,"2019/09/04 19:45:00",BERYLSF1,0
D,DISPATCH,UNIT_SCADA,1,"2019/09/04 19:45:00",BLOWERNG,11.10
D,DISPATCH,UNIT_SCADA,1,"2019/09/04 19:45:00",BLUFF1,15.40
D,DISPATCH,UNIT_SCADA,1,"2019/09/04 19:45:00",BNGSF1,0
D,DISPATCH,UNIT_SCADA,1,"2019/09/04 19:45:00",BNGSF2,0
D,DISPATCH,UNIT_SCADA,1,"2019/09/04 19:45:00",BOCORWF1,46.50
D,DISPATCH,UNIT_SCADA,1,"2019/09/04 19:45:00",BODWF1,66.341510
D,DISPATCH,UNIT_SCADA,1,"2019/09/04 19:45:00",BRAEMAR1,160.600010
D,DISPATCH,UNIT_SCADA,1,"2019/09/04 19:45:00",BRAEMAR2,0
D,DISPATCH,UNIT_SCADA,1,"2019/09/04 19:45:00",BRAEMAR3,169.600010
D,DISPATCH,UNIT_SCADA,1,"2019/09/04 19:45:00",BRAEMAR5,159.887190
D,DISPATCH,UNIT_SCADA,1,"2019/09/04 19:45:00",BRAEMAR6,0
D,DISPATCH,UNIT_SCADA,1,"2019/09/04 19:45:00",BRAEMAR7,0
D,DISPATCH,UNIT_SCADA,1,"2019/09/04 19:45:00",BROKENH1,0
D,DISPATCH,UNIT_SCADA,1,"2019/09/04 19:45:00",BW01,641.525020
D,DISPATCH,UNIT_SCADA,1,"2019/09/04 19:45:00",BW02,651.299930
D,DISPATCH,UNIT_SCADA,1,"2019/09/04 19:45:00",BW03,621.1250
D,DISPATCH,UNIT_SCADA,1,"2019/09/04 19:45:00",BW04,0
D,DISPATCH,UNIT_SCADA,1,"2019/09/04 19:45:00",CALL_B_1,348.50
D,DISPATCH,UNIT_SCADA,1,"2019/09/04 19:45:00",CALL_B_2,262
D,DISPATCH,UNIT_SCADA,1,"2019/09/04 19:45:00",CETHANA,80.401630
D,DISPATCH,UNIT_SCADA,1,"2019/09/04 19:45:00",CG1,0
D,DISPATCH,UNIT_SCADA,1,"2019/09/04 19:45:00",CG2,0
D,DISPATCH,UNIT_SCADA,1,"2019/09/04 19:45:00",CG3,0
D,DISPATCH,UNIT_SCADA,1,"2019/09/04 19:45:00",CG4,0
D,DISPATCH,UNIT_SCADA,1,"2019/09/04 19:45:00",CHILDSF1,0
D,DISPATCH,UNIT_SCADA,1,"2019/09/04 19:45:00",CLARESF1,0
D,DISPATCH,UNIT_SCADA,1,"2019/09/04 19:45:00",CLEMGPWF,27.589410
D,DISPATCH,UNIT_SCADA,1,"2019/09/04 19:45:00",CLERMSF1,0.18
D,DISPATCH,UNIT_SCADA,1,"2019/09/04 19:45:00",COLEASF1,0
D,DISPATCH,UNIT_SCADA,1,"2019/09/04 19:45:00",COOPGWF1,23.896140
D,DISPATCH,UNIT_SCADA,1,"2019/09/04 19:45:00",CPP_3,330.825010
D,DISPATCH,UNIT_SCADA,1,"2019/09/04 19:45:00",CPP_4,404.800020
D,DISPATCH,UNIT_SCADA,1,"2019/09/04 19:45:00",CPSA,141.125630
D,DISPATCH,UNIT_SCADA,1,"2019/09/04 19:45:00",CROOKWF2,75.333740
D,DISPATCH,UNIT_SCADA,1,"2019/09/04 19:45:00",CROWLWF1,18.083840
D,DISPATCH,UNIT_SCADA,1,"2019/09/04 19:45:00",CSPVPS1,0
D,DISPATCH,UNIT_SCADA,1,"2019/09/04 19:45:00",DALNTH01,0
D,DISPATCH,UNIT_SCADA,1,"2019/09/04 19:45:00",DALNTHL1,0.010680
D,DISPATCH,UNIT_SCADA,1,"2019/09/04 19:45:00",DARTM1,131.50
D,DISPATCH,UNIT_SCADA,1,"2019/09/04 19:45:00",DAYDSF1,0
D,DISPATCH,UNIT_SCADA,1,"2019/09/04 19:45:00",DDPS1,602.094360
D,DISPATCH,UNIT_SCADA,1,"2019/09/04 19:45:00",DDSF1,0
D,DISPATCH,UNIT_SCADA,1,"2019/09/04 19:45:00",DEVILS_G,56.207770
D,DISPATCH,UNIT_SCADA,1,"2019/09/04 19:45:00",DG_NSW1,0
D,DISPATCH,UNIT_SCADA,1,"2019/09/04 19:45:00",DG_QLD1,0
D,DISPATCH,UNIT_SCADA,1,"2019/09/04 19:45:00",DG_SA1,0
D,DISPATCH,UNIT_SCADA,1,"2019/09/04 19:45:00",DG_TAS1,0
D,DISPATCH,UNIT_SCADA,1,"2019/09/04 19:45:00",DG_VIC1,0
D,DISPATCH,UNIT_SCADA,1,"2019/09/04 19:45:00",DRYCGT1,0
D,DISPATCH,UNIT_SCADA,1,"2019/09/04 19:45:00",DRYCGT2,0
D,DISPATCH,UNIT_SCADA,1,"2019/09/04 19:45:00",DRYCGT3,0
D,DISPATCH,UNIT_SCADA,1,"2019/09/04 19:45:00",EILDON1,0
D,DISPATCH,UNIT_SCADA,1,"2019/09/04 19:45:00",EILDON2,0
D,DISPATCH,UNIT_SCADA,1,"2019/09/04 19:45:00",EMERASF1,0
D,DISPATCH,UNIT_SCADA,1,"2019/09/04 19:45:00",ER01,575
D,DISPATCH,UNIT_SCADA,1,"2019/09/04 19:45:00",ER02,681.775020
D,DISPATCH,UNIT_SCADA,1,"2019/09/04 19:45:00",ER03,0
D,DISPATCH,UNIT_SCADA,1,"2019/09/04 19:45:00",ER04,680.925050
D,DISPATCH,UNIT_SCADA,1,"2019/09/04 19:45:00",FINLYSF1,0
D,DISPATCH,UNIT_SCADA,1,"2019/09/04 19:45:00",FISHER,45.96
D,DISPATCH,UNIT_SCADA,1,"2019/09/04 19:45:00",GANNBG1,0.001790
D,DISPATCH,UNIT_SCADA,1,"2019/09/04 19:45:00",GANNBL1,0
D,DISPATCH,UNIT_SCADA,1,"2019/09/04 19:45:00",GANNSF1,0
D,DISPATCH,UNIT_SCADA,1,"2019/09/04 19:45:00",GORDON,19.472880
D,DISPATCH,UNIT_SCADA,1,"2019/09/04 19:45:00",GSTONE1,225.224990
D,DISPATCH,UNIT_SCADA,1,"2019/09/04 19:45:00",GSTONE2,230.30
D,DISPATCH,UNIT_SCADA,1,"2019/09/04 19:45:00",GSTONE3,0
D,DISPATCH,UNIT_SCADA,1,"2019/09/04 19:45:00",GSTONE4,249.20
D,DISPATCH,UNIT_SCADA,1,"2019/09/04 19:45:00",GSTONE5,224.1750
D,DISPATCH,UNIT_SCADA,1,"2019/09/04 19:45:00",GSTONE6,226.099990
D,DISPATCH,UNIT_SCADA,1,"2019/09/04 19:45:00",GULLRSF1,0
D,DISPATCH,UNIT_SCADA,1,"2019/09/04 19:45:00",GULLRWF1,103.768950
D,DISPATCH,UNIT_SCADA,1,"2019/09/04 19:45:00",GUNNING1,21.956420
D,DISPATCH,UNIT_SCADA,1,"2019/09/04 19:45:00",GUTHEGA,31.20
D,DISPATCH,UNIT_SCADA,1,"2019/09/04 19:45:00",HALLWF1,33.44
D,DISPATCH,UNIT_SCADA,1,"2019/09/04 19:45:00",HALLWF2,3.35
D,DISPATCH,UNIT_SCADA,1,"2019/09/04 19:45:00",HAMISF1,0
D,DISPATCH,UNIT_SCADA,1,"2019/09/04 19:45:00",HAUGHT11,0
D,DISPATCH,UNIT_SCADA,1,"2019/09/04 19:45:00",HAYMSF1,0
D,DISPATCH,UNIT_SCADA,1,"2019/09/04 19:45:00",HDWF1,46.10
D,DISPATCH,UNIT_SCADA,1,"2019/09/04 19:45:00",HDWF2,54.70
D,DISPATCH,UNIT_SCADA,1,"2019/09/04 19:45:00",HDWF3,70.70
D,DISPATCH,UNIT_SCADA,1,"2019/09/04 19:45:00",HPRG1,0
D,DISPATCH,UNIT_SCADA,1,"2019/09/04 19:45:00",HPRL1,31.20
D,DISPATCH,UNIT_SCADA,1,"2019/09/04 19:45:00",HUMENSW,0
D,DISPATCH,UNIT_SCADA,1,"2019/09/04 19:45:00",HUMEV,25
D,DISPATCH,UNIT_SCADA,1,"2019/09/04 19:45:00",HVGTS,0
D,DISPATCH,UNIT_SCADA,1,"2019/09/04 19:45:00",JBUTTERS,112.82
D,DISPATCH,UNIT_SCADA,1,"2019/09/04 19:45:00",JLA01,52.10
D,DISPATCH,UNIT_SCADA,1,"2019/09/04 19:45:00",JLA02,53.60
D,DISPATCH,UNIT_SCADA,1,"2019/09/04 19:45:00",JLA03,0
D,DISPATCH,UNIT_SCADA,1,"2019/09/04 19:45:00",JLA04,0
D,DISPATCH,UNIT_SCADA,1,"2019/09/04 19:45:00",JLB01,0
D,DISPATCH,UNIT_SCADA,1,"2019/09/04 19:45:00",JLB02,83.80
D,DISPATCH,UNIT_SCADA,1,"2019/09/04 19:45:00",JLB03,83.90
D,DISPATCH,UNIT_SCADA,1,"2019/09/04 19:45:00",KAREEYA1,21.4550
D,DISPATCH,UNIT_SCADA,1,"2019/09/04 19:45:00",KAREEYA2,21.6425
D,DISPATCH,UNIT_SCADA,1,"2019/09/04 19:45:00",KAREEYA3,0
D,DISPATCH,UNIT_SCADA,1,"2019/09/04 19:45:00",KAREEYA4,21.5350
D,DISPATCH,UNIT_SCADA,1,"2019/09/04 19:45:00",KARSF1,0
D,DISPATCH,UNIT_SCADA,1,"2019/09/04 19:45:00",KIATAWF1,-0.40
D,DISPATCH,UNIT_SCADA,1,"2019/09/04 19:45:00",KPP_1,0
D,DISPATCH,UNIT_SCADA,1,"2019/09/04 19:45:00",KSP1,0
D,DISPATCH,UNIT_SCADA,1,"2019/09/04 19:45:00",LADBROK1,42.03
D,DISPATCH,UNIT_SCADA,1,"2019/09/04 19:45:00",LADBROK2,42.42
D,DISPATCH,UNIT_SCADA,1,"2019/09/04 19:45:00",LD01,418.743710
D,DISPATCH,UNIT_SCADA,1,"2019/09/04 19:45:00",LD02,398.174990
D,DISPATCH,UNIT_SCADA,1,"2019/09/04 19:45:00",LD03,423.918730
D,DISPATCH,UNIT_SCADA,1,"2019/09/04 19:45:00",LD04,380.156250
D,DISPATCH,UNIT_SCADA,1,"2019/09/04 19:45:00",LEM_WIL,82.4750
D,DISPATCH,UNIT_SCADA,1,"2019/09/04 19:45:00",LGAPWF1,31.27
D,DISPATCH,UNIT_SCADA,1,"2019/09/04 19:45:00",LILYSF1,0
D,DISPATCH,UNIT_SCADA,1,"2019/09/04 19:45:00",LI_WY_CA,164.357210
D,DISPATCH,UNIT_SCADA,1,"2019/09/04 19:45:00",LKBONNY2,-1.076420
D,DISPATCH,UNIT_SCADA,1,"2019/09/04 19:45:00",LKBONNY3,-0.169210
D,DISPATCH,UNIT_SCADA,1,"2019/09/04 19:45:00",LK_ECHO,0
D,DISPATCH,UNIT_SCADA,1,"2019/09/04 19:45:00",LNGS1,0
D,DISPATCH,UNIT_SCADA,1,"2019/09/04 19:45:00",LNGS2,0
D,DISPATCH,UNIT_SCADA,1,"2019/09/04 19:45:00",LONSDALE,0
D,DISPATCH,UNIT_SCADA,1,"2019/09/04 19:45:00",LOYYB1,532.3291
D,DISPATCH,UNIT_SCADA,1,"2019/09/04 19:45:00",LOYYB2,581.954410
D,DISPATCH,UNIT_SCADA,1,"2019/09/04 19:45:00",LYA1,0
D,DISPATCH,UNIT_SCADA,1,"2019/09/04 19:45:00",LYA2,0
D,DISPATCH,UNIT_SCADA,1,"2019/09/04 19:45:00",LYA3,558
D,DISPATCH,UNIT_SCADA,1,"2019/09/04 19:45:00",LYA4,540
D,DISPATCH,UNIT_SCADA,1,"2019/09/04 19:45:00",MACARTH1,0
D,DISPATCH,UNIT_SCADA,1,"2019/09/04 19:45:00",MACKAYGT,0.2240
D,DISPATCH,UNIT_SCADA,1,"2019/09/04 19:45:00",MACKNTSH,88.990010
D,DISPATCH,UNIT_SCADA,1,"2019/09/04 19:45:00",MANSLR1,0
D,DISPATCH,UNIT_SCADA,1,"2019/09/04 19:45:00",MCKAY1,136.094990
D,DISPATCH,UNIT_SCADA,1,"2019/09/04 19:45:00",MEADOWBK,24.893180
D,DISPATCH,UNIT_SCADA,1,"2019/09/04 19:45:00",MERCER01,-0.1920
D,DISPATCH,UNIT_SCADA,1,"2019/09/04 19:45:00",MEWF1,25.477120
D,DISPATCH,UNIT_SCADA,1,"2019/09/04 19:45:00",MINTARO,0
D,DISPATCH,UNIT_SCADA,1,"2019/09/04 19:45:00",MOREESF1,0
D,DISPATCH,UNIT_SCADA,1,"2019/09/04 19:45:00",MORTLK11,259
D,DISPATCH,UNIT_SCADA,1,"2019/09/04 19:45:00",MORTLK12,0
D,DISPATCH,UNIT_SCADA,1,"2019/09/04 19:45:00",MP1,222.025020
D,DISPATCH,UNIT_SCADA,1,"2019/09/04 19:45:00",MP2,0
D,DISPATCH,UNIT_SCADA,1,"2019/09/04 19:45:00",MPP_1,426
D,DISPATCH,UNIT_SCADA,1,"2019/09/04 19:45:00",MPP_2,434.75
D,DISPATCH,UNIT_SCADA,1,"2019/09/04 19:45:00",MSTUART1,0
D,DISPATCH,UNIT_SCADA,1,"2019/09/04 19:45:00",MSTUART2,0
D,DISPATCH,UNIT_SCADA,1,"2019/09/04 19:45:00",MSTUART3,0
D,DISPATCH,UNIT_SCADA,1,"2019/09/04 19:45:00",MTGELWF1,-0.392160
D,DISPATCH,UNIT_SCADA,1,"2019/09/04 19:45:00",MURRAY,1082.468510
D,DISPATCH,UNIT_SCADA,1,"2019/09/04 19:45:00",MUSSELR1,165.799990
D,DISPATCH,UNIT_SCADA,1,"2019/09/04 19:45:00",MUWAWF1,0.01
D,DISPATCH,UNIT_SCADA,1,"2019/09/04 19:45:00",NBHWF1,62.50
D,DISPATCH,UNIT_SCADA,1,"2019/09/04 19:45:00",NPS,302.25
D,DISPATCH,UNIT_SCADA,1,"2019/09/04 19:45:00",NUMURSF1,0
D,DISPATCH,UNIT_SCADA,1,"2019/09/04 19:45:00",NYNGAN1,0
D,DISPATCH,UNIT_SCADA,1,"2019/09/04 19:45:00",OAKEY1,0
D,DISPATCH,UNIT_SCADA,1,"2019/09/04 19:45:00",OAKEY1SF,0.03
D,DISPATCH,UNIT_SCADA,1,"2019/09/04 19:45:00",OAKEY2,0
D,DISPATCH,UNIT_SCADA,1,"2019/09/04 19:45:00",OAKEY2SF,0
D,DISPATCH,UNIT_SCADA,1,"2019/09/04 19:45:00",OAKLAND1,-0.30
D,DISPATCH,UNIT_SCADA,1,"2019/09/04 19:45:00",OSB-AG,179.22
D,DISPATCH,UNIT_SCADA,1,"2019/09/04 19:45:00",PARSF1,0
D,DISPATCH,UNIT_SCADA,1,"2019/09/04 19:45:00",POAT110,0
D,DISPATCH,UNIT_SCADA,1,"2019/09/04 19:45:00",POAT220,2.80
D,DISPATCH,UNIT_SCADA,1,"2019/09/04 19:45:00",POR01,0
D,DISPATCH,UNIT_SCADA,1,"2019/09/04 19:45:00",POR03,0
D,DISPATCH,UNIT_SCADA,1,"2019/09/04 19:45:00",PPCCGT,474.207120
D,DISPATCH,UNIT_SCADA,1,"2019/09/04 19:45:00",PTSTAN1,0
D,DISPATCH,UNIT_SCADA,1,"2019/09/04 19:45:00",PUMP1,0
D,DISPATCH,UNIT_SCADA,1,"2019/09/04 19:45:00",PUMP2,0
D,DISPATCH,UNIT_SCADA,1,"2019/09/04 19:45:00",QPS1,29
D,DISPATCH,UNIT_SCADA,1,"2019/09/04 19:45:00",QPS2,23.50
D,DISPATCH,UNIT_SCADA,1,"2019/09/04 19:45:00",QPS3,23.10
D,DISPATCH,UNIT_SCADA,1,"2019/09/04 19:45:00",QPS4,23.60
D,DISPATCH,UNIT_SCADA,1,"2019/09/04 19:45:00",QPS5,122.61
D,DISPATCH,UNIT_SCADA,1,"2019/09/04 19:45:00",REECE1,102.120010
D,DISPATCH,UNIT_SCADA,1,"2019/09/04 19:45:00",REECE2,101.640010
D,DISPATCH,UNIT_SCADA,1,"2019/09/04 19:45:00",ROMA_7,0
D,DISPATCH,UNIT_SCADA,1,"2019/09/04 19:45:00",ROMA_8,0
D,DISPATCH,UNIT_SCADA,1,"2019/09/04 19:45:00",RRSF1,0
D,DISPATCH,UNIT_SCADA,1,"2019/09/04 19:45:00",RT_NSW1,0
D,DISPATCH,UNIT_SCADA,1,"2019/09/04 19:45:00",RT_NSW2,0
D,DISPATCH,UNIT_SCADA,1,"2019/09/04 19:45:00",RT_NSW3,0
D,DISPATCH,UNIT_SCADA,1,"2019/09/04 19:45:00",RT_NSW4,0
D,DISPATCH,UNIT_SCADA,1,"2019/09/04 19:45:00",RT_NSW5,0
D,DISPATCH,UNIT_SCADA,1,"2019/09/04 19:45:00",RT_NSW6,0
D,DISPATCH,UNIT_SCADA,1,"2019/09/04 19:45:00",RT_QLD1,0
D,DISPATCH,UNIT_SCADA,1,"2019/09/04 19:45:00",RT_SA1,0
D,DISPATCH,UNIT_SCADA,1,"2019/09/04 19:45:00",RT_SA2,0
D,DISPATCH,UNIT_SCADA,1,"2019/09/04 19:45:00",RT_SA3,0
D,DISPATCH,UNIT_SCADA,1,"2019/09/04 19:45:00",RT_SA4,0
D,DISPATCH,UNIT_SCADA,1,"2019/09/04 19:45:00",RT_SA5,0
D,DISPATCH,UNIT_SCADA,1,"2019/09/04 19:45:00",RT_SA6,0
D,DISPATCH,UNIT_SCADA,1,"2019/09/04 19:45:00",RT_TAS1,0
D,DISPATCH,UNIT_SCADA,1,"2019/09/04 19:45:00",RT_VIC1,0
D,DISPATCH,UNIT_SCADA,1,"2019/09/04 19:45:00",RT_VIC10,0
D,DISPATCH,UNIT_SCADA,1,"2019/09/04 19:45:00",RT_VIC11,0
D,DISPATCH,UNIT_SCADA,1,"2019/09/04 19:45:00",RT_VIC12,0
D,DISPATCH,UNIT_SCADA,1,"2019/09/04 19:45:00",RT_VIC2,0
D,DISPATCH,UNIT_SCADA,1,"2019/09/04 19:45:00",RT_VIC3,0
D,DISPATCH,UNIT_SCADA,1,"2019/09/04 19:45:00",RT_VIC4,0
D,DISPATCH,UNIT_SCADA,1,"2019/09/04 19:45:00",RT_VIC5,0
D,DISPATCH,UNIT_SCADA,1,"2019/09/04 19:45:00",RT_VIC6,0
D,DISPATCH,UNIT_SCADA,1,"2019/09/04 19:45:00",RT_VIC7,0
D,DISPATCH,UNIT_SCADA,1,"2019/09/04 19:45:00",RT_VIC8,0
D,DISPATCH,UNIT_SCADA,1,"2019/09/04 19:45:00",RT_VIC9,0
D,DISPATCH,UNIT_SCADA,1,"2019/09/04 19:45:00",RUGBYR1,0
D,DISPATCH,UNIT_SCADA,1,"2019/09/04 19:45:00",SALTCRK1,0.24
D,DISPATCH,UNIT_SCADA,1,"2019/09/04 19:45:00",SAPHWF1,159.975010
D,DISPATCH,UNIT_SCADA,1,"2019/09/04 19:45:00",SHGEN,158.375140
D,DISPATCH,UNIT_SCADA,1,"2019/09/04 19:45:00",SHPUMP,0
D,DISPATCH,UNIT_SCADA,1,"2019/09/04 19:45:00",SITHE01,0.7944
D,DISPATCH,UNIT_SCADA,1,"2019/09/04 19:45:00",SMCSF1,0
D,DISPATCH,UNIT_SCADA,1,"2019/09/04 19:45:00",SNOWNTH1,3
D,DISPATCH,UNIT_SCADA,1,"2019/09/04 19:45:00",SNOWSTH1,0.60
D,DISPATCH,UNIT_SCADA,1,"2019/09/04 19:45:00",SNOWTWN1,1.584650
D,DISPATCH,UNIT_SCADA,1,"2019/09/04 19:45:00",SNOWYP,0
D,DISPATCH,UNIT_SCADA,1,"2019/09/04 19:45:00",SNUG1,0.019440
D,DISPATCH,UNIT_SCADA,1,"2019/09/04 19:45:00",SRSF1,0.06
D,DISPATCH,UNIT_SCADA,1,"2019/09/04 19:45:00",STAN-1,218.825490
D,DISPATCH,UNIT_SCADA,1,"2019/09/04 19:45:00",STAN-2,358.052430
D,DISPATCH,UNIT_SCADA,1,"2019/09/04 19:45:00",STAN-3,365.922550
D,DISPATCH,UNIT_SCADA,1,"2019/09/04 19:45:00",STAN-4,363.769170
D,DISPATCH,UNIT_SCADA,1,"2019/09/04 19:45:00",STWF1,42.637510
D,DISPATCH,UNIT_SCADA,1,"2019/09/04 19:45:00",SWAN_E,0
D,DISPATCH,UNIT_SCADA,1,"2019/09/04 19:45:00",TALWA1,435
D,DISPATCH,UNIT_SCADA,1,"2019/09/04 19:45:00",TARALGA1,82.650010
D,DISPATCH,UNIT_SCADA,1,"2019/09/04 19:45:00",TARONG#1,343.200010
D,DISPATCH,UNIT_SCADA,1,"2019/09/04 19:45:00",TARONG#2,0
D,DISPATCH,UNIT_SCADA,1,"2019/09/04 19:45:00",TARONG#3,349.800020
D,DISPATCH,UNIT_SCADA,1,"2019/09/04 19:45:00",TARONG#4,349.600010
D,DISPATCH,UNIT_SCADA,1,"2019/09/04 19:45:00",TARRALEA,71.10
D,DISPATCH,UNIT_SCADA,1,"2019/09/04 19:45:00",TBSF1,-0.20
D,DISPATCH,UNIT_SCADA,1,"2019/09/04 19:45:00",TNPS1,380.500030
D,DISPATCH,UNIT_SCADA,1,"2019/09/04 19:45:00",TORRA1,94.372560
D,DISPATCH,UNIT_SCADA,1,"2019/09/04 19:45:00",TORRA2,0
D,DISPATCH,UNIT_SCADA,1,"2019/09/04 19:45:00",TORRA3,0
D,DISPATCH,UNIT_SCADA,1,"2019/09/04 19:45:00",TORRA4,84.464170
D,DISPATCH,UNIT_SCADA,1,"2019/09/04 19:45:00",TORRB1,174.92
D,DISPATCH,UNIT_SCADA,1,"2019/09/04 19:45:00",TORRB2,174.88
D,DISPATCH,UNIT_SCADA,1,"2019/09/04 19:45:00",TORRB3,175.11
D,DISPATCH,UNIT_SCADA,1,"2019/09/04 19:45:00",TORRB4,0
D,DISPATCH,UNIT_SCADA,1,"2019/09/04 19:45:00",TREVALLN,43.830020
D,DISPATCH,UNIT_SCADA,1,"2019/09/04 19:45:00",TRIBUTE,0
D,DISPATCH,UNIT_SCADA,1,"2019/09/04 19:45:00",TUMUT3,0
D,DISPATCH,UNIT_SCADA,1,"2019/09/04 19:45:00",TUNGATIN,122.990040
D,DISPATCH,UNIT_SCADA,1,"2019/09/04 19:45:00",TVCC201,0
D,DISPATCH,UNIT_SCADA,1,"2019/09/04 19:45:00",TVPP104,0
D,DISPATCH,UNIT_SCADA,1,"2019/09/04 19:45:00",UPPTUMUT,0
D,DISPATCH,UNIT_SCADA,1,"2019/09/04 19:45:00",URANQ11,90.156250
D,DISPATCH,UNIT_SCADA,1,"2019/09/04 19:45:00",URANQ12,93.593750
D,DISPATCH,UNIT_SCADA,1,"2019/09/04 19:45:00",URANQ13,0
D,DISPATCH,UNIT_SCADA,1,"2019/09/04 19:45:00",URANQ14,0
D,DISPATCH,UNIT_SCADA,1,"2019/09/04 19:45:00",VP5,621.3750
D,DISPATCH,UNIT_SCADA,1,"2019/09/04 19:45:00",VP6,0
D,DISPATCH,UNIT_SCADA,1,"2019/09/04 19:45:00",VPGS1,0
D,DISPATCH,UNIT_SCADA,1,"2019/09/04 19:45:00",VPGS2,0
D,DISPATCH,UNIT_SCADA,1,"2019/09/04 19:45:00",VPGS3,0
D,DISPATCH,UNIT_SCADA,1,"2019/09/04 19:45:00",VPGS4,0
D,DISPATCH,UNIT_SCADA,1,"2019/09/04 19:45:00",VPGS5,0
D,DISPATCH,UNIT_SCADA,1,"2019/09/04 19:45:00",VPGS6,0
D,DISPATCH,UNIT_SCADA,1,"2019/09/04 19:45:00",W/HOE#1,0
D,DISPATCH,UNIT_SCADA,1,"2019/09/04 19:45:00",W/HOE#2,0
D,DISPATCH,UNIT_SCADA,1,"2019/09/04 19:45:00",WATERLWF,-1
D,DISPATCH,UNIT_SCADA,1,"2019/09/04 19:45:00",WEMENSF1,0
D,DISPATCH,UNIT_SCADA,1,"2019/09/04 19:45:00",WGWF1,28.20
D,DISPATCH,UNIT_SCADA,1,"2019/09/04 19:45:00",WHITSF1,0
D,DISPATCH,UNIT_SCADA,1,"2019/09/04 19:45:00",WKIEWA1,13.30
D,DISPATCH,UNIT_SCADA,1,"2019/09/04 19:45:00",WKIEWA2,13.30
D,DISPATCH,UNIT_SCADA,1,"2019/09/04 19:45:00",WOODLWN1,23.282990
D,DISPATCH,UNIT_SCADA,1,"2019/09/04 19:45:00",WRSF1,0
D,DISPATCH,UNIT_SCADA,1,"2019/09/04 19:45:00",WRWF1,51.986240
D,DISPATCH,UNIT_SCADA,1,"2019/09/04 19:45:00",YABULU,160.290010
D,DISPATCH,UNIT_SCADA,1,"2019/09/04 19:45:00",YABULU2,0
D,DISPATCH,UNIT_SCADA,1,"2019/09/04 19:45:00",YARWUN_1,159.30
D,DISPATCH,UNIT_SCADA,1,"2019/09/04 19:45:00",YENDWF1,-1.44
D,DISPATCH,UNIT_SCADA,1,"2019/09/04 19:45:00",YWPS1,378.194950
D,DISPATCH,UNIT_SCADA,1,"2019/09/04 19:45:00",YWPS2,279.946840
D,DISPATCH,UNIT_SCADA,1,"2019/09/04 19:45:00",YWPS3,0
D,DISPATCH,UNIT_SCADA,1,"2019/09/04 19:45:00",YWPS4,378.865810
C,"END OF REPORT",335
