C,NEMP.WORLD,DISPATCHSCADA,AEMO,PUBLIC,2019/09/04,13:50:08,0000000312384533,DISPATCHSCADA,0000000312384527
I,DISPATCH,UNIT_SCADA,1,SETTLEMENTDATE,DUID,SCADAVALUE
D,DISPATCH,UNIT_SCADA,1,"2019/09/04 13:55:00",BARCSF1,0.60
D,DISPATCH,UNIT_SCADA,1,"2019/09/04 13:55:00",BUTLERSG,10.199999
D,DISPATCH,UNIT_SCADA,1,"2019/09/04 13:55:00",CALL_A_4,0
D,DISPATCH,UNIT_SCADA,1,"2019/09/04 13:55:00",CAPTL_WF,110.427994
D,DISPATCH,UNIT_SCADA,1,"2019/09/04 13:55:00",CATHROCK,0
D,DISPATCH,UNIT_SCADA,1,"2019/09/04 13:55:00",CHALLHWF,0
D,DISPATCH,UNIT_SCADA,1,"2019/09/04 13:55:00",CLOVER,-0.01
D,DISPATCH,UNIT_SCADA,1,"2019/09/04 13:55:00",CLUNY,11.824674
D,DISPATCH,UNIT_SCADA,1,"2019/09/04 13:55:00",CNUNDAWF,4.104789
D,DISPATCH,UNIT_SCADA,1,"2019/09/04 13:55:00",CULLRGWF,28.90
D,DISPATCH,UNIT_SCADA,1,"2019/09/04 13:55:00",ERGT01,0
D,DISPATCH,UNIT_SCADA,1,"2019/09/04 13:55:00",GB01,0.005009
D,DISPATCH,UNIT_SCADA,1,"2019/09/04 13:55:00",GERMCRK,29.799999
D,DISPATCH,UNIT_SCADA,1,"2019/09/04 13:55:00",GRIFSF1,22.699997
D,DISPATCH,UNIT_SCADA,1,"2019/09/04 13:55:00",HUGSF1,9.0010
D,DISPATCH,UNIT_SCADA,1,"2019/09/04 13:55:00",LKBONNY1,3.929612
D,DISPATCH,UNIT_SCADA,1,"2019/09/04 13:55:00",LRSF1,12.8830
D,DISPATCH,UNIT_SCADA,1,"2019/09/04 13:55:00",MBAHNTH,48.956253
D,DISPATCH,UNIT_SCADA,1,"2019/09/04 13:55:00",MLSP1,4.052001
D,DISPATCH,UNIT_SCADA,1,"2019/09/04 13:55:00",MLWF1,4.83
D,DISPATCH,UNIT_SCADA,1,"2019/09/04 13:55:00",MTMILLAR,0.684601
D,DISPATCH,UNIT_SCADA,1,"2019/09/04 13:55:00",PALOONA,24.32
D,DISPATCH,UNIT_SCADA,1,"2019/09/04 13:55:00",PIONEER,1.40
D,DISPATCH,UNIT_SCADA,1,"2019/09/04 13:55:00",PORTWF,14
D,DISPATCH,UNIT_SCADA,1,"2019/09/04 13:55:00",REPULSE,19.823912
D,DISPATCH,UNIT_SCADA,1,"2019/09/04 13:55:00",ROWALLAN,10.4654
D,DISPATCH,UNIT_SCADA,1,"2019/09/04 13:55:00",ROYALLA1,8.815001
D,DISPATCH,UNIT_SCADA,1,"2019/09/04 13:55:00",RPCG,-0.40
D,DISPATCH,UNIT_SCADA,1,"2019/09/04 13:55:00",RUBICON,0
D,DISPATCH,UNIT_SCADA,1,"2019/09/04 13:55:00",SATGN1,0
D,DISPATCH,UNIT_SCADA,1,"2019/09/04 13:55:00",SATGS1,0
D,DISPATCH,UNIT_SCADA,1,"2019/09/04 13:55:00",STARHLWF,0.299913
D,DISPATCH,UNIT_SCADA,1,"2019/09/04 13:55:00",WAUBRAWF,26.4020
D,DISPATCH,UNIT_SCADA,1,"2019/09/04 13:55:00",WOOLNTH1,71.140015
D,DISPATCH,UNIT_SCADA,1,"2019/09/04 13:55:00",WPWF,11
D,DISPATCH,UNIT_SCADA,1,"2019/09/04 13:55:00",YAMBUKWF,4.50
D,DISPATCH,UNIT_SCADA,1,"2019/09/04 13:55:00",YSWF1,19.90
D,DISPATCH,UNIT_SCADA,1,"2019/09/04 13:55:00",AGLHAL,0
D,DISPATCH,UNIT_SCADA,1,"2019/09/04 13:55:00",AGLSOM,0
D,DISPATCH,UNIT_SCADA,1,"2019/09/04 13:55:00",ANGAST1,0
D,DISPATCH,UNIT_SCADA,1,"2019/09/04 13:55:00",ARWF1,14.40
D,DISPATCH,UNIT_SCADA,1,"2019/09/04 13:55:00",BALBG1,0
D,DISPATCH,UNIT_SCADA,1,"2019/09/04 13:55:00",BALBL1,5.59
D,DISPATCH,UNIT_SCADA,1,"2019/09/04 13:55:00",BALDHWF1,57.3720
D,DISPATCH,UNIT_SCADA,1,"2019/09/04 13:55:00",BANN1,32.19
D,DISPATCH,UNIT_SCADA,1,"2019/09/04 13:55:00",BARCALDN,0
D,DISPATCH,UNIT_SCADA,1,"2019/09/04 13:55:00",BARRON-1,4.24
D,DISPATCH,UNIT_SCADA,1,"2019/09/04 13:55:00",BARRON-2,0
D,DISPATCH,UNIT_SCADA,1,"2019/09/04 13:55:00",BASTYAN,76.460010
D,DISPATCH,UNIT_SCADA,1,"2019/09/04 13:55:00",BBTHREE1,0
D,DISPATCH,UNIT_SCADA,1,"2019/09/04 13:55:00",BBTHREE2,0
D,DISPATCH,UNIT_SCADA,1,"2019/09/04 13:55:00",BBTHREE3,0
D,DISPATCH,UNIT_SCADA,1,"2019/09/04 13:55:00",BDL01,0
D,DISPATCH,UNIT_SCADA,1,"2019/09/04 13:55:00",BDL02,-0.06
D,DISPATCH,UNIT_SCADA,1,"2019/09/04 13:55:00",BERYLSF1,76.350660
D,DISPATCH,UNIT_SCADA,1,"2019/09/04 13:55:00",BLOWERNG,11.20
D,DISPATCH,UNIT_SCADA,1,"2019/09/04 13:55:00",BLUFF1,0
D,DISPATCH,UNIT_SCADA,1,"2019/09/04 13:55:00",BNGSF1,94.93
D,DISPATCH,UNIT_SCADA,1,"2019/09/04 13:55:00",BNGSF2,20.01
D,DISPATCH,UNIT_SCADA,1,"2019/09/04 13:55:00",BOCORWF1,66.12
D,DISPATCH,UNIT_SCADA,1,"2019/09/04 13:55:00",BODWF1,82.539490
D,DISPATCH,UNIT_SCADA,1,"2019/09/04 13:55:00",BRAEMAR1,0
D,DISPATCH,UNIT_SCADA,1,"2019/09/04 13:55:00",BRAEMAR2,0
D,DISPATCH,UNIT_SCADA,1,"2019/09/04 13:55:00",BRAEMAR3,0
D,DISPATCH,UNIT_SCADA,1,"2019/09/04 13:55:00",BRAEMAR5,0
D,DISPATCH,UNIT_SCADA,1,"2019/09/04 13:55:00",BRAEMAR6,0
D,DISPATCH,UNIT_SCADA,1,"2019/09/04 13:55:00",BRAEMAR7,0
D,DISPATCH,UNIT_SCADA,1,"2019/09/04 13:55:00",BROKENH1,29.080570
D,DISPATCH,UNIT_SCADA,1,"2019/09/04 13:55:00",BW01,581.799930
D,DISPATCH,UNIT_SCADA,1,"2019/09/04 13:55:00",BW02,577.200070
D,DISPATCH,UNIT_SCADA,1,"2019/09/04 13:55:00",BW03,590.474980
D,DISPATCH,UNIT_SCADA,1,"2019/09/04 13:55:00",BW04,0
D,DISPATCH,UNIT_SCADA,1,"2019/09/04 13:55:00",CALL_B_1,160.20
D,DISPATCH,UNIT_SCADA,1,"2019/09/04 13:55:00",CALL_B_2,160.30
D,DISPATCH,UNIT_SCADA,1,"2019/09/04 13:55:00",CETHANA,52.799250
D,DISPATCH,UNIT_SCADA,1,"2019/09/04 13:55:00",CG1,0
D,DISPATCH,UNIT_SCADA,1,"2019/09/04 13:55:00",CG2,0
D,DISPATCH,UNIT_SCADA,1,"2019/09/04 13:55:00",CG3,0
D,DISPATCH,UNIT_SCADA,1,"2019/09/04 13:55:00",CG4,0
D,DISPATCH,UNIT_SCADA,1,"2019/09/04 13:55:00",CHILDSF1,48.75
D,DISPATCH,UNIT_SCADA,1,"2019/09/04 13:55:00",CLARESF1,0
D,DISPATCH,UNIT_SCADA,1,"2019/09/04 13:55:00",CLEMGPWF,-0.360180
D,DISPATCH,UNIT_SCADA,1,"2019/09/04 13:55:00",CLERMSF1,0
D,DISPATCH,UNIT_SCADA,1,"2019/09/04 13:55:00",COLEASF1,79.50
D,DISPATCH,UNIT_SCADA,1,"2019/09/04 13:55:00",COOPGWF1,0
D,DISPATCH,UNIT_SCADA,1,"2019/09/04 13:55:00",CPP_3,198.275010
D,DISPATCH,UNIT_SCADA,1,"2019/09/04 13:55:00",CPP_4,168.850010
D,DISPATCH,UNIT_SCADA,1,"2019/09/04 13:55:00",CPSA,73.130630
D,DISPATCH,UNIT_SCADA,1,"2019/09/04 13:55:00",CROOKWF2,81.063740
D,DISPATCH,UNIT_SCADA,1,"2019/09/04 13:55:00",CROWLWF1,6.795780
D,DISPATCH,UNIT_SCADA,1,"2019/09/04 13:55:00",CSPVPS1,31.9880
D,DISPATCH,UNIT_SCADA,1,"2019/09/04 13:55:00",DALNTH01,0
D,DISPATCH,UNIT_SCADA,1,"2019/09/04 13:55:00",DALNTHL1,0.062560
D,DISPATCH,UNIT_SCADA,1,"2019/09/04 13:55:00",DARTM1,0
D,DISPATCH,UNIT_SCADA,1,"2019/09/04 13:55:00",DAYDSF1,0
D,DISPATCH,UNIT_SCADA,1,"2019/09/04 13:55:00",DDPS1,0
D,DISPATCH,UNIT_SCADA,1,"2019/09/04 13:55:00",DDSF1,101.851140
D,DISPATCH,UNIT_SCADA,1,"2019/09/04 13:55:00",DEVILS_G,56.068610
D,DISPATCH,UNIT_SCADA,1,"2019/09/04 13:55:00",DG_NSW1,0
D,DISPATCH,UNIT_SCADA,1,"2019/09/04 13:55:00",DG_QLD1,0
D,DISPATCH,UNIT_SCADA,1,"2019/09/04 13:55:00",DG_SA1,0
D,DISPATCH,UNIT_SCADA,1,"2019/09/04 13:55:00",DG_TAS1,0
D,DISPATCH,UNIT_SCADA,1,"2019/09/04 13:55:00",DG_VIC1,0
D,DISPATCH,UNIT_SCADA,1,"2019/09/04 13:55:00",DRYCGT1,0
D,DISPATCH,UNIT_SCADA,1,"2019/09/04 13:55:00",DRYCGT2,0
D,DISPATCH,UNIT_SCADA,1,"2019/09/04 13:55:00",DRYCGT3,0
D,DISPATCH,UNIT_SCADA,1,"2019/09/04 13:55:00",EILDON1,0
D,DISPATCH,UNIT_SCADA,1,"2019/09/04 13:55:00",EILDON2,0
D,DISPATCH,UNIT_SCADA,1,"2019/09/04 13:55:00",EMERASF1,17.74
D,DISPATCH,UNIT_SCADA,1,"2019/09/04 13:55:00",ER01,587.425050
D,DISPATCH,UNIT_SCADA,1,"2019/09/04 13:55:00",ER02,690
D,DISPATCH,UNIT_SCADA,1,"2019/09/04 13:55:00",ER03,0
D,DISPATCH,UNIT_SCADA,1,"2019/09/04 13:55:00",ER04,689.325070
D,DISPATCH,UNIT_SCADA,1,"2019/09/04 13:55:00",FINLYSF1,4.887510
D,DISPATCH,UNIT_SCADA,1,"2019/09/04 13:55:00",FISHER,0
D,DISPATCH,UNIT_SCADA,1,"2019/09/04 13:55:00",GANNBG1,0
D,DISPATCH,UNIT_SCADA,1,"2019/09/04 13:55:00",GANNBL1,8.738730
D,DISPATCH,UNIT_SCADA,1,"2019/09/04 13:55:00",GANNSF1,6.70
D,DISPATCH,UNIT_SCADA,1,"2019/09/04 13:55:00",GORDON,19.279120
D,DISPATCH,UNIT_SCADA,1,"2019/09/04 13:55:00",GSTONE1,135.099990
D,DISPATCH,UNIT_SCADA,1,"2019/09/04 13:55:00",GSTONE2,109.90
D,DISPATCH,UNIT_SCADA,1,"2019/09/04 13:55:00",GSTONE3,0
D,DISPATCH,UNIT_SCADA,1,"2019/09/04 13:55:00",GSTONE4,134.5750
D,DISPATCH,UNIT_SCADA,1,"2019/09/04 13:55:00",GSTONE5,134.75
D,DISPATCH,UNIT_SCADA,1,"2019/09/04 13:55:00",GSTONE6,132.1250
D,DISPATCH,UNIT_SCADA,1,"2019/09/04 13:55:00",GULLRSF1,9.696960
D,DISPATCH,UNIT_SCADA,1,"2019/09/04 13:55:00",GULLRWF1,142.014280
D,DISPATCH,UNIT_SCADA,1,"2019/09/04 13:55:00",GUNNING1,33.059430
D,DISPATCH,UNIT_SCADA,1,"2019/09/04 13:55:00",GUTHEGA,0
D,DISPATCH,UNIT_SCADA,1,"2019/09/04 13:55:00",HALLWF1,-0.57
D,DISPATCH,UNIT_SCADA,1,"2019/09/04 13:55:00",HALLWF2,-0.34
D,DISPATCH,UNIT_SCADA,1,"2019/09/04 13:55:00",HAMISF1,43.40
D,DISPATCH,UNIT_SCADA,1,"2019/09/04 13:55:00",HAUGHT11,95.653880
D,DISPATCH,UNIT_SCADA,1,"2019/09/04 13:55:00",HAYMSF1,40.6230
D,DISPATCH,UNIT_SCADA,1,"2019/09/04 13:55:00",HDWF1,0.10
D,DISPATCH,UNIT_SCADA,1,"2019/09/04 13:55:00",HDWF2,1.80
D,DISPATCH,UNIT_SCADA,1,"2019/09/04 13:55:00",HDWF3,4
D,DISPATCH,UNIT_SCADA,1,"2019/09/04 13:55:00",HPRG1,0
D,DISPATCH,UNIT_SCADA,1,"2019/09/04 13:55:00",HPRL1,21.10
D,DISPATCH,UNIT_SCADA,1,"2019/09/04 13:55:00",HUMENSW,0
D,DISPATCH,UNIT_SCADA,1,"2019/09/04 13:55:00",HUMEV,24.50
D,DISPATCH,UNIT_SCADA,1,"2019/09/04 13:55:00",HVGTS,0
D,DISPATCH,UNIT_SCADA,1,"2019/09/04 13:55:00",JBUTTERS,17.40
D,DISPATCH,UNIT_SCADA,1,"2019/09/04 13:55:00",JLA01,52.20
D,DISPATCH,UNIT_SCADA,1,"2019/09/04 13:55:00",JLA02,0
D,DISPATCH,UNIT_SCADA,1,"2019/09/04 13:55:00",JLA03,0
D,DISPATCH,UNIT_SCADA,1,"2019/09/04 13:55:00",JLA04,0
D,DISPATCH,UNIT_SCADA,1,"2019/09/04 13:55:00",JLB01,0
D,DISPATCH,UNIT_SCADA,1,"2019/09/04 13:55:00",JLB02,0.10
D,DISPATCH,UNIT_SCADA,1,"2019/09/04 13:55:00",JLB03,0
D,DISPATCH,UNIT_SCADA,1,"2019/09/04 13:55:00",KAREEYA1,21.4975
D,DISPATCH,UNIT_SCADA,1,"2019/09/04 13:55:00",KAREEYA2,21.6775
D,DISPATCH,UNIT_SCADA,1,"2019/09/04 13:55:00",KAREEYA3,0
D,DISPATCH,UNIT_SCADA,1,"2019/09/04 13:55:00",KAREEYA4,21.6825
D,DISPATCH,UNIT_SCADA,1,"2019/09/04 13:55:00",KARSF1,23.10
D,DISPATCH,UNIT_SCADA,1,"2019/09/04 13:55:00",KIATAWF1,5.20
D,DISPATCH,UNIT_SCADA,1,"2019/09/04 13:55:00",KPP_1,0
D,DISPATCH,UNIT_SCADA,1,"2019/09/04 13:55:00",KSP1,0
D,DISPATCH,UNIT_SCADA,1,"2019/09/04 13:55:00",LADBROK1,0
D,DISPATCH,UNIT_SCADA,1,"2019/09/04 13:55:00",LADBROK2,0
D,DISPATCH,UNIT_SCADA,1,"2019/09/04 13:55:00",LD01,385.087460
D,DISPATCH,UNIT_SCADA,1,"2019/09/04 13:55:00",LD02,383.550020
D,DISPATCH,UNIT_SCADA,1,"2019/09/04 13:55:00",LD03,383.587460
D,DISPATCH,UNIT_SCADA,1,"2019/09/04 13:55:00",LD04,354.2438
D,DISPATCH,UNIT_SCADA,1,"2019/09/04 13:55:00",LEM_WIL,85.413440
D,DISPATCH,UNIT_SCADA,1,"2019/09/04 13:55:00",LGAPWF1,6.81
D,DISPATCH,UNIT_SCADA,1,"2019/09/04 13:55:00",LILYSF1,87.556090
D,DISPATCH,UNIT_SCADA,1,"2019/09/04 13:55:00",LI_WY_CA,99.961980
D,DISPATCH,UNIT_SCADA,1,"2019/09/04 13:55:00",LKBONNY2,12.6930
D,DISPATCH,UNIT_SCADA,1,"2019/09/04 13:55:00",LKBONNY3,3.2935
D,DISPATCH,UNIT_SCADA,1,"2019/09/04 13:55:00",LK_ECHO,0
D,DISPATCH,UNIT_SCADA,1,"2019/09/04 13:55:00",LNGS1,0
D,DISPATCH,UNIT_SCADA,1,"2019/09/04 13:55:00",LNGS2,0
D,DISPATCH,UNIT_SCADA,1,"2019/09/04 13:55:00",LONSDALE,0
D,DISPATCH,UNIT_SCADA,1,"2019/09/04 13:55:00",LOYYB1,534.960750
D,DISPATCH,UNIT_SCADA,1,"2019/09/04 13:55:00",LOYYB2,581.578490
D,DISPATCH,UNIT_SCADA,1,"2019/09/04 13:55:00",LYA1,0
D,DISPATCH,UNIT_SCADA,1,"2019/09/04 13:55:00",LYA2,0
D,DISPATCH,UNIT_SCADA,1,"2019/09/04 13:55:00",LYA3,559
D,DISPATCH,UNIT_SCADA,1,"2019/09/04 13:55:00",LYA4,540
D,DISPATCH,UNIT_SCADA,1,"2019/09/04 13:55:00",MACARTH1,0
D,DISPATCH,UNIT_SCADA,1,"2019/09/04 13:55:00",MACKAYGT,0.2240
D,DISPATCH,UNIT_SCADA,1,"2019/09/04 13:55:00",MACKNTSH,86.650010
D,DISPATCH,UNIT_SCADA,1,"2019/09/04 13:55:00",MANSLR1,40.5050
D,DISPATCH,UNIT_SCADA,1,"2019/09/04 13:55:00",MCKAY1,-0.0350
D,DISPATCH,UNIT_SCADA,1,"2019/09/04 13:55:00",MEADOWBK,24.978920
D,DISPATCH,UNIT_SCADA,1,"2019/09/04 13:55:00",MERCER01,65.5020
D,DISPATCH,UNIT_SCADA,1,"2019/09/04 13:55:00",MEWF1,82.264060
D,DISPATCH,UNIT_SCADA,1,"2019/09/04 13:55:00",MINTARO,0
D,DISPATCH,UNIT_SCADA,1,"2019/09/04 13:55:00",MOREESF1,49.2740
D,DISPATCH,UNIT_SCADA,1,"2019/09/04 13:55:00",MORTLK11,260
D,DISPATCH,UNIT_SCADA,1,"2019/09/04 13:55:00",MORTLK12,0
D,DISPATCH,UNIT_SCADA,1,"2019/09/04 13:55:00",MP1,232.6250
D,DISPATCH,UNIT_SCADA,1,"2019/09/04 13:55:00",MP2,0
D,DISPATCH,UNIT_SCADA,1,"2019/09/04 13:55:00",MPP_1,275.25
D,DISPATCH,UNIT_SCADA,1,"2019/09/04 13:55:00",MPP_2,320.25
D,DISPATCH,UNIT_SCADA,1,"2019/09/04 13:55:00",MSTUART1,0
D,DISPATCH,UNIT_SCADA,1,"2019/09/04 13:55:00",MSTUART2,0
D,DISPATCH,UNIT_SCADA,1,"2019/09/04 13:55:00",MSTUART3,0
D,DISPATCH,UNIT_SCADA,1,"2019/09/04 13:55:00",MTGELWF1,64.613780
D,DISPATCH,UNIT_SCADA,1,"2019/09/04 13:55:00",MURRAY,0
D,DISPATCH,UNIT_SCADA,1,"2019/09/04 13:55:00",MUSSELR1,159.80
D,DISPATCH,UNIT_SCADA,1,"2019/09/04 13:55:00",MUWAWF1,6.49
D,DISPATCH,UNIT_SCADA,1,"2019/09/04 13:55:00",NBHWF1,-0.40
D,DISPATCH,UNIT_SCADA,1,"2019/09/04 13:55:00",NPS,0
D,DISPATCH,UNIT_SCADA,1,"2019/09/04 13:55:00",NUMURSF1,64.66
D,DISPATCH,UNIT_SCADA,1,"2019/09/04 13:55:00",NYNGAN1,97
D,DISPATCH,UNIT_SCADA,1,"2019/09/04 13:55:00",OAKEY1,0
D,DISPATCH,UNIT_SCADA,1,"2019/09/04 13:55:00",OAKEY1SF,23.9380
D,DISPATCH,UNIT_SCADA,1,"2019/09/04 13:55:00",OAKEY2,0
D,DISPATCH,UNIT_SCADA,1,"2019/09/04 13:55:00",OAKEY2SF,0
D,DISPATCH,UNIT_SCADA,1,"2019/09/04 13:55:00",OAKLAND1,11.40
D,DISPATCH,UNIT_SCADA,1,"2019/09/04 13:55:00",OSB-AG,179.240010
D,DISPATCH,UNIT_SCADA,1,"2019/09/04 13:55:00",PARSF1,40.600010
D,DISPATCH,UNIT_SCADA,1,"2019/09/04 13:55:00",POAT110,0
D,DISPATCH,UNIT_SCADA,1,"2019/09/04 13:55:00",POAT220,0
D,DISPATCH,UNIT_SCADA,1,"2019/09/04 13:55:00",POR01,0
D,DISPATCH,UNIT_SCADA,1,"2019/09/04 13:55:00",POR03,0
D,DISPATCH,UNIT_SCADA,1,"2019/09/04 13:55:00",PPCCGT,486.9581
D,DISPATCH,UNIT_SCADA,1,"2019/09/04 13:55:00",PTSTAN1,0
D,DISPATCH,UNIT_SCADA,1,"2019/09/04 13:55:00",PUMP1,0
D,DISPATCH,UNIT_SCADA,1,"2019/09/04 13:55:00",PUMP2,0
D,DISPATCH,UNIT_SCADA,1,"2019/09/04 13:55:00",QPS1,0
D,DISPATCH,UNIT_SCADA,1,"2019/09/04 13:55:00",QPS2,0
D,DISPATCH,UNIT_SCADA,1,"2019/09/04 13:55:00",QPS3,0
D,DISPATCH,UNIT_SCADA,1,"2019/09/04 13:55:00",QPS4,0
D,DISPATCH,UNIT_SCADA,1,"2019/09/04 13:55:00",QPS5,0
D,DISPATCH,UNIT_SCADA,1,"2019/09/04 13:55:00",REECE1,118.050010
D,DISPATCH,UNIT_SCADA,1,"2019/09/04 13:55:00",REECE2,100.800010
D,DISPATCH,UNIT_SCADA,1,"2019/09/04 13:55:00",ROMA_7,0
D,DISPATCH,UNIT_SCADA,1,"2019/09/04 13:55:00",ROMA_8,0
D,DISPATCH,UNIT_SCADA,1,"2019/09/04 13:55:00",RRSF1,115.076260
D,DISPATCH,UNIT_SCADA,1,"2019/09/04 13:55:00",RT_NSW1,0
D,DISPATCH,UNIT_SCADA,1,"2019/09/04 13:55:00",RT_NSW2,0
D,DISPATCH,UNIT_SCADA,1,"2019/09/04 13:55:00",RT_NSW3,0
D,DISPATCH,UNIT_SCADA,1,"2019/09/04 13:55:00",RT_NSW4,0
D,DISPATCH,UNIT_SCADA,1,"2019/09/04 13:55:00",RT_NSW5,0
D,DISPATCH,UNIT_SCADA,1,"2019/09/04 13:55:00",RT_NSW6,0
D,DISPATCH,UNIT_SCADA,1,"2019/09/04 13:55:00",RT_QLD1,0
D,DISPATCH,UNIT_SCADA,1,"2019/09/04 13:55:00",RT_SA1,0
D,DISPATCH,UNIT_SCADA,1,"2019/09/04 13:55:00",RT_SA2,0
D,DISPATCH,UNIT_SCADA,1,"2019/09/04 13:55:00",RT_SA3,0
D,DISPATCH,UNIT_SCADA,1,"2019/09/04 13:55:00",RT_SA4,0
D,DISPATCH,UNIT_SCADA,1,"2019/09/04 13:55:00",RT_SA5,0
D,DISPATCH,UNIT_SCADA,1,"2019/09/04 13:55:00",RT_SA6,0
D,DISPATCH,UNIT_SCADA,1,"2019/09/04 13:55:00",RT_TAS1,0
D,DISPATCH,UNIT_SCADA,1,"2019/09/04 13:55:00",RT_VIC1,0
D,DISPATCH,UNIT_SCADA,1,"2019/09/04 13:55:00",RT_VIC10,0
D,DISPATCH,UNIT_SCADA,1,"2019/09/04 13:55:00",RT_VIC11,0
D,DISPATCH,UNIT_SCADA,1,"2019/09/04 13:55:00",RT_VIC12,0
D,DISPATCH,UNIT_SCADA,1,"2019/09/04 13:55:00",RT_VIC2,0
D,DISPATCH,UNIT_SCADA,1,"2019/09/04 13:55:00",RT_VIC3,0
D,DISPATCH,UNIT_SCADA,1,"2019/09/04 13:55:00",RT_VIC4,0
D,DISPATCH,UNIT_SCADA,1,"2019/09/04 13:55:00",RT_VIC5,0
D,DISPATCH,UNIT_SCADA,1,"2019/09/04 13:55:00",RT_VIC6,0
D,DISPATCH,UNIT_SCADA,1,"2019/09/04 13:55:00",RT_VIC7,0
D,DISPATCH,UNIT_SCADA,1,"2019/09/04 13:55:00",RT_VIC8,0
D,DISPATCH,UNIT_SCADA,1,"2019/09/04 13:55:00",RT_VIC9,0
D,DISPATCH,UNIT_SCADA,1,"2019/09/04 13:55:00",RUGBYR1,34.025470
D,DISPATCH,UNIT_SCADA,1,"2019/09/04 13:55:00",SALTCRK1,8.54
D,DISPATCH,UNIT_SCADA,1,"2019/09/04 13:55:00",SAPHWF1,170.034390
D,DISPATCH,UNIT_SCADA,1,"2019/09/04 13:55:00",SHGEN,0
D,DISPATCH,UNIT_SCADA,1,"2019/09/04 13:55:00",SHPUMP,159.651290
D,DISPATCH,UNIT_SCADA,1,"2019/09/04 13:55:00",SITHE01,0.1840
D,DISPATCH,UNIT_SCADA,1,"2019/09/04 13:55:00",SMCSF1,0
D,DISPATCH,UNIT_SCADA,1,"2019/09/04 13:55:00",SNOWNTH1,0.50
D,DISPATCH,UNIT_SCADA,1,"2019/09/04 13:55:00",SNOWSTH1,0
D,DISPATCH,UNIT_SCADA,1,"2019/09/04 13:55:00",SNOWTWN1,-0.498140
D,DISPATCH,UNIT_SCADA,1,"2019/09/04 13:55:00",SNOWYP,0
D,DISPATCH,UNIT_SCADA,1,"2019/09/04 13:55:00",SNUG1,0.019440
D,DISPATCH,UNIT_SCADA,1,"2019/09/04 13:55:00",SRSF1,34.61
D,DISPATCH,UNIT_SCADA,1,"2019/09/04 13:55:00",STAN-1,365.973820
D,DISPATCH,UNIT_SCADA,1,"2019/09/04 13:55:00",STAN-2,247.332280
D,DISPATCH,UNIT_SCADA,1,"2019/09/04 13:55:00",STAN-3,243.640750
D,DISPATCH,UNIT_SCADA,1,"2019/09/04 13:55:00",STAN-4,246.255570
D,DISPATCH,UNIT_SCADA,1,"2019/09/04 13:55:00",STWF1,36.09
D,DISPATCH,UNIT_SCADA,1,"2019/09/04 13:55:00",SWAN_E,0
D,DISPATCH,UNIT_SCADA,1,"2019/09/04 13:55:00",TALWA1,376
D,DISPATCH,UNIT_SCADA,1,"2019/09/04 13:55:00",TARALGA1,91.623750
D,DISPATCH,UNIT_SCADA,1,"2019/09/04 13:55:00",TARONG#1,351.800020
D,DISPATCH,UNIT_SCADA,1,"2019/09/04 13:55:00",TARONG#2,0
D,DISPATCH,UNIT_SCADA,1,"2019/09/04 13:55:00",TARONG#3,278.399990
D,DISPATCH,UNIT_SCADA,1,"2019/09/04 13:55:00",TARONG#4,351.300020
D,DISPATCH,UNIT_SCADA,1,"2019/09/04 13:55:00",TARRALEA,75.70
D,DISPATCH,UNIT_SCADA,1,"2019/09/04 13:55:00",TBSF1,17.50
D,DISPATCH,UNIT_SCADA,1,"2019/09/04 13:55:00",TNPS1,442.000030
D,DISPATCH,UNIT_SCADA,1,"2019/09/04 13:55:00",TORRA1,83.772580
D,DISPATCH,UNIT_SCADA,1,"2019/09/04 13:55:00",TORRA2,0
D,DISPATCH,UNIT_SCADA,1,"2019/09/04 13:55:00",TORRA3,0
D,DISPATCH,UNIT_SCADA,1,"2019/09/04 13:55:00",TORRA4,80.635510
D,DISPATCH,UNIT_SCADA,1,"2019/09/04 13:55:00",TORRB1,139.38
D,DISPATCH,UNIT_SCADA,1,"2019/09/04 13:55:00",TORRB2,139.509990
D,DISPATCH,UNIT_SCADA,1,"2019/09/04 13:55:00",TORRB3,141.86
D,DISPATCH,UNIT_SCADA,1,"2019/09/04 13:55:00",TORRB4,0
D,DISPATCH,UNIT_SCADA,1,"2019/09/04 13:55:00",TREVALLN,0
D,DISPATCH,UNIT_SCADA,1,"2019/09/04 13:55:00",TRIBUTE,0
D,DISPATCH,UNIT_SCADA,1,"2019/09/04 13:55:00",TUMUT3,0
D,DISPATCH,UNIT_SCADA,1,"2019/09/04 13:55:00",TUNGATIN,20.70
D,DISPATCH,UNIT_SCADA,1,"2019/09/04 13:55:00",TVCC201,0
D,DISPATCH,UNIT_SCADA,1,"2019/09/04 13:55:00",TVPP104,0
D,DISPATCH,UNIT_SCADA,1,"2019/09/04 13:55:00",UPPTUMUT,112.730570
D,DISPATCH,UNIT_SCADA,1,"2019/09/04 13:55:00",URANQ11,0
D,DISPATCH,UNIT_SCADA,1,"2019/09/04 13:55:00",URANQ12,0
D,DISPATCH,UNIT_SCADA,1,"2019/09/04 13:55:00",URANQ13,94.450010
D,DISPATCH,UNIT_SCADA,1,"2019/09/04 13:55:00",URANQ14,0
D,DISPATCH,UNIT_SCADA,1,"2019/09/04 13:55:00",VP5,480.175020
D,DISPATCH,UNIT_SCADA,1,"2019/09/04 13:55:00",VP6,0
D,DISPATCH,UNIT_SCADA,1,"2019/09/04 13:55:00",VPGS1,0
D,DISPATCH,UNIT_SCADA,1,"2019/09/04 13:55:00",VPGS2,0
D,DISPATCH,UNIT_SCADA,1,"2019/09/04 13:55:00",VPGS3,0
D,DISPATCH,UNIT_SCADA,1,"2019/09/04 13:55:00",VPGS4,0
D,DISPATCH,UNIT_SCADA,1,"2019/09/04 13:55:00",VPGS5,0
D,DISPATCH,UNIT_SCADA,1,"2019/09/04 13:55:00",VPGS6,0
D,DISPATCH,UNIT_SCADA,1,"2019/09/04 13:55:00",W/HOE#1,0
D,DISPATCH,UNIT_SCADA,1,"2019/09/04 13:55:00",W/HOE#2,0
D,DISPATCH,UNIT_SCADA,1,"2019/09/04 13:55:00",WATERLWF,0.20
D,DISPATCH,UNIT_SCADA,1,"2019/09/04 13:55:00",WEMENSF1,19.90
D,DISPATCH,UNIT_SCADA,1,"2019/09/04 13:55:00",WGWF1,0
D,DISPATCH,UNIT_SCADA,1,"2019/09/04 13:55:00",WHITSF1,0
D,DISPATCH,UNIT_SCADA,1,"2019/09/04 13:55:00",WKIEWA1,0
D,DISPATCH,UNIT_SCADA,1,"2019/09/04 13:55:00",WKIEWA2,0.10
D,DISPATCH,UNIT_SCADA,1,"2019/09/04 13:55:00",WOODLWN1,46.251010
D,DISPATCH,UNIT_SCADA,1,"2019/09/04 13:55:00",WRSF1,12.75
D,DISPATCH,UNIT_SCADA,1,"2019/09/04 13:55:00",WRWF1,150.321240
D,DISPATCH,UNIT_SCADA,1,"2019/09/04 13:55:00",YABULU,0
D,DISPATCH,UNIT_SCADA,1,"2019/09/04 13:55:00",YABULU2,0
D,DISPATCH,UNIT_SCADA,1,"2019/09/04 13:55:00",YARWUN_1,112.579990
D,DISPATCH,UNIT_SCADA,1,"2019/09/04 13:55:00",YENDWF1,41.98
D,DISPATCH,UNIT_SCADA,1,"2019/09/04 13:55:00",YWPS1,382.455690
D,DISPATCH,UNIT_SCADA,1,"2019/09/04 13:55:00",YWPS2,280.698730
D,DISPATCH,UNIT_SCADA,1,"2019/09/04 13:55:00",YWPS3,350.920260
D,DISPATCH,UNIT_SCADA,1,"2019/09/04 13:55:00",YWPS4,334.5481
C,"END OF REPORT",335
