C,NEMP.WORLD,DISPATCHSCADA,AEMO,PUBLIC,2019/09/06,12:00:09,0000000312460952,DISPATCHSCADA,0000000312460946
I,DISPATCH,UNIT_SCADA,1,SETTLEMENTDATE,DUID,SCADAVALUE
D,DISPATCH,UNIT_SCADA,1,"2019/09/06 12:05:00",BARCSF1,8.900001
D,DISPATCH,UNIT_SCADA,1,"2019/09/06 12:05:00",BUTLERSG,10.199999
D,DISPATCH,UNIT_SCADA,1,"2019/09/06 12:05:00",CALL_A_4,0
D,DISPATCH,UNIT_SCADA,1,"2019/09/06 12:05:00",CAPTL_WF,118.952003
D,DISPATCH,UNIT_SCADA,1,"2019/09/06 12:05:00",CATHROCK,0
D,DISPATCH,UNIT_SCADA,1,"2019/09/06 12:05:00",CHALLHWF,15
D,DISPATCH,UNIT_SCADA,1,"2019/09/06 12:05:00",CLOVER,-0.01
D,DISPATCH,UNIT_SCADA,1,"2019/09/06 12:05:00",CLUNY,18.368963
D,DISPATCH,UNIT_SCADA,1,"2019/09/06 12:05:00",CNUNDAWF,32.838306
D,DISPATCH,UNIT_SCADA,1,"2019/09/06 12:05:00",CULLRGWF,29.809999
D,DISPATCH,UNIT_SCADA,1,"2019/09/06 12:05:00",ERGT01,0
D,DISPATCH,UNIT_SCADA,1,"2019/09/06 12:05:00",GB01,0.011856
D,DISPATCH,UNIT_SCADA,1,"2019/09/06 12:05:00",GERMCRK,31.200001
D,DISPATCH,UNIT_SCADA,1,"2019/09/06 12:05:00",GRIFSF1,3.900002
D,DISPATCH,UNIT_SCADA,1,"2019/09/06 12:05:00",HUGSF1,9.04
D,DISPATCH,UNIT_SCADA,1,"2019/09/06 12:05:00",LKBONNY1,64.8386
D,DISPATCH,UNIT_SCADA,1,"2019/09/06 12:05:00",LRSF1,10.73
D,DISPATCH,UNIT_SCADA,1,"2019/09/06 12:05:00",MBAHNTH,51.618744
D,DISPATCH,UNIT_SCADA,1,"2019/09/06 12:05:00",MLSP1,6.923001
D,DISPATCH,UNIT_SCADA,1,"2019/09/06 12:05:00",MLWF1,6.18
D,DISPATCH,UNIT_SCADA,1,"2019/09/06 12:05:00",MTMILLAR,47.840191
D,DISPATCH,UNIT_SCADA,1,"2019/09/06 12:05:00",PALOONA,24.73
D,DISPATCH,UNIT_SCADA,1,"2019/09/06 12:05:00",PIONEER,30.40
D,DISPATCH,UNIT_SCADA,1,"2019/09/06 12:05:00",PORTWF,57.200001
D,DISPATCH,UNIT_SCADA,1,"2019/09/06 12:05:00",REPULSE,32.422981
D,DISPATCH,UNIT_SCADA,1,"2019/09/06 12:05:00",ROWALLAN,10.3802
D,DISPATCH,UNIT_SCADA,1,"2019/09/06 12:05:00",ROYALLA1,10.615001
D,DISPATCH,UNIT_SCADA,1,"2019/09/06 12:05:00",RPCG,13
D,DISPATCH,UNIT_SCADA,1,"2019/09/06 12:05:00",RUBICON,0
D,DISPATCH,UNIT_SCADA,1,"2019/09/06 12:05:00",SATGN1,0
D,DISPATCH,UNIT_SCADA,1,"2019/09/06 12:05:00",SATGS1,0
D,DISPATCH,UNIT_SCADA,1,"2019/09/06 12:05:00",STARHLWF,23.193237
D,DISPATCH,UNIT_SCADA,1,"2019/09/06 12:05:00",WAUBRAWF,86.616997
D,DISPATCH,UNIT_SCADA,1,"2019/09/06 12:05:00",WOOLNTH1,4.780015
D,DISPATCH,UNIT_SCADA,1,"2019/09/06 12:05:00",WPWF,82
D,DISPATCH,UNIT_SCADA,1,"2019/09/06 12:05:00",YAMBUKWF,12.70
D,DISPATCH,UNIT_SCADA,1,"2019/09/06 12:05:00",YSWF1,19.50
D,DISPATCH,UNIT_SCADA,1,"2019/09/06 12:05:00",AGLHAL,0
D,DISPATCH,UNIT_SCADA,1,"2019/09/06 12:05:00",AGLSOM,0
D,DISPATCH,UNIT_SCADA,1,"2019/09/06 12:05:00",ANGAST1,0
D,DISPATCH,UNIT_SCADA,1,"2019/09/06 12:05:00",ARWF1,35.50
D,DISPATCH,UNIT_SCADA,1,"2019/09/06 12:05:00",BALBG1,0
D,DISPATCH,UNIT_SCADA,1,"2019/09/06 12:05:00",BALBL1,7.25
D,DISPATCH,UNIT_SCADA,1,"2019/09/06 12:05:00",BALDHWF1,85.7590
D,DISPATCH,UNIT_SCADA,1,"2019/09/06 12:05:00",BANN1,32.43
D,DISPATCH,UNIT_SCADA,1,"2019/09/06 12:05:00",BARCALDN,0
D,DISPATCH,UNIT_SCADA,1,"2019/09/06 12:05:00",BARRON-1,0
D,DISPATCH,UNIT_SCADA,1,"2019/09/06 12:05:00",BARRON-2,0
D,DISPATCH,UNIT_SCADA,1,"2019/09/06 12:05:00",BASTYAN,80.850010
D,DISPATCH,UNIT_SCADA,1,"2019/09/06 12:05:00",BBTHREE1,0
D,DISPATCH,UNIT_SCADA,1,"2019/09/06 12:05:00",BBTHREE2,0
D,DISPATCH,UNIT_SCADA,1,"2019/09/06 12:05:00",BBTHREE3,0
D,DISPATCH,UNIT_SCADA,1,"2019/09/06 12:05:00",BDL01,0
D,DISPATCH,UNIT_SCADA,1,"2019/09/06 12:05:00",BDL02,0
D,DISPATCH,UNIT_SCADA,1,"2019/09/06 12:05:00",BERYLSF1,63.838960
D,DISPATCH,UNIT_SCADA,1,"2019/09/06 12:05:00",BLOWERNG,15.30
D,DISPATCH,UNIT_SCADA,1,"2019/09/06 12:05:00",BLUFF1,52.60
D,DISPATCH,UNIT_SCADA,1,"2019/09/06 12:05:00",BNGSF1,67.98
D,DISPATCH,UNIT_SCADA,1,"2019/09/06 12:05:00",BNGSF2,19.63
D,DISPATCH,UNIT_SCADA,1,"2019/09/06 12:05:00",BOCORWF1,106.28
D,DISPATCH,UNIT_SCADA,1,"2019/09/06 12:05:00",BODWF1,107.013260
D,DISPATCH,UNIT_SCADA,1,"2019/09/06 12:05:00",BRAEMAR1,0
D,DISPATCH,UNIT_SCADA,1,"2019/09/06 12:05:00",BRAEMAR2,0
D,DISPATCH,UNIT_SCADA,1,"2019/09/06 12:05:00",BRAEMAR3,0
D,DISPATCH,UNIT_SCADA,1,"2019/09/06 12:05:00",BRAEMAR5,0
D,DISPATCH,UNIT_SCADA,1,"2019/09/06 12:05:00",BRAEMAR6,0
D,DISPATCH,UNIT_SCADA,1,"2019/09/06 12:05:00",BRAEMAR7,0
D,DISPATCH,UNIT_SCADA,1,"2019/09/06 12:05:00",BROKENH1,40.549070
D,DISPATCH,UNIT_SCADA,1,"2019/09/06 12:05:00",BW01,556.974980
D,DISPATCH,UNIT_SCADA,1,"2019/09/06 12:05:00",BW02,580.6250
D,DISPATCH,UNIT_SCADA,1,"2019/09/06 12:05:00",BW03,588.300050
D,DISPATCH,UNIT_SCADA,1,"2019/09/06 12:05:00",BW04,0
D,DISPATCH,UNIT_SCADA,1,"2019/09/06 12:05:00",CALL_B_1,349
D,DISPATCH,UNIT_SCADA,1,"2019/09/06 12:05:00",CALL_B_2,349.399990
D,DISPATCH,UNIT_SCADA,1,"2019/09/06 12:05:00",CETHANA,96.9870
D,DISPATCH,UNIT_SCADA,1,"2019/09/06 12:05:00",CG1,0
D,DISPATCH,UNIT_SCADA,1,"2019/09/06 12:05:00",CG2,0
D,DISPATCH,UNIT_SCADA,1,"2019/09/06 12:05:00",CG3,0
D,DISPATCH,UNIT_SCADA,1,"2019/09/06 12:05:00",CG4,0
D,DISPATCH,UNIT_SCADA,1,"2019/09/06 12:05:00",CHILDSF1,28.07
D,DISPATCH,UNIT_SCADA,1,"2019/09/06 12:05:00",CLARESF1,47.370240
D,DISPATCH,UNIT_SCADA,1,"2019/09/06 12:05:00",CLEMGPWF,49.704160
D,DISPATCH,UNIT_SCADA,1,"2019/09/06 12:05:00",CLERMSF1,14.72
D,DISPATCH,UNIT_SCADA,1,"2019/09/06 12:05:00",COLEASF1,7.599990
D,DISPATCH,UNIT_SCADA,1,"2019/09/06 12:05:00",COOPGWF1,53.271920
D,DISPATCH,UNIT_SCADA,1,"2019/09/06 12:05:00",CPP_3,279.675020
D,DISPATCH,UNIT_SCADA,1,"2019/09/06 12:05:00",CPP_4,375.3750
D,DISPATCH,UNIT_SCADA,1,"2019/09/06 12:05:00",CPSA,75.341260
D,DISPATCH,UNIT_SCADA,1,"2019/09/06 12:05:00",CROOKWF2,79.6450
D,DISPATCH,UNIT_SCADA,1,"2019/09/06 12:05:00",CROWLWF1,26.462210
D,DISPATCH,UNIT_SCADA,1,"2019/09/06 12:05:00",CSPVPS1,32.0020
D,DISPATCH,UNIT_SCADA,1,"2019/09/06 12:05:00",DALNTH01,0
D,DISPATCH,UNIT_SCADA,1,"2019/09/06 12:05:00",DALNTHL1,0.950640
D,DISPATCH,UNIT_SCADA,1,"2019/09/06 12:05:00",DARTM1,0
D,DISPATCH,UNIT_SCADA,1,"2019/09/06 12:05:00",DAYDSF1,111.724010
D,DISPATCH,UNIT_SCADA,1,"2019/09/06 12:05:00",DDPS1,0
D,DISPATCH,UNIT_SCADA,1,"2019/09/06 12:05:00",DDSF1,106.164220
D,DISPATCH,UNIT_SCADA,1,"2019/09/06 12:05:00",DEVILS_G,0
D,DISPATCH,UNIT_SCADA,1,"2019/09/06 12:05:00",DG_NSW1,0
D,DISPATCH,UNIT_SCADA,1,"2019/09/06 12:05:00",DG_QLD1,0
D,DISPATCH,UNIT_SCADA,1,"2019/09/06 12:05:00",DG_SA1,0
D,DISPATCH,UNIT_SCADA,1,"2019/09/06 12:05:00",DG_TAS1,0
D,DISPATCH,UNIT_SCADA,1,"2019/09/06 12:05:00",DG_VIC1,0
D,DISPATCH,UNIT_SCADA,1,"2019/09/06 12:05:00",DRYCGT1,0
D,DISPATCH,UNIT_SCADA,1,"2019/09/06 12:05:00",DRYCGT2,0
D,DISPATCH,UNIT_SCADA,1,"2019/09/06 12:05:00",DRYCGT3,0
D,DISPATCH,UNIT_SCADA,1,"2019/09/06 12:05:00",EILDON1,0
D,DISPATCH,UNIT_SCADA,1,"2019/09/06 12:05:00",EILDON2,0
D,DISPATCH,UNIT_SCADA,1,"2019/09/06 12:05:00",EMERASF1,67.73
D,DISPATCH,UNIT_SCADA,1,"2019/09/06 12:05:00",ER01,505.300050
D,DISPATCH,UNIT_SCADA,1,"2019/09/06 12:05:00",ER02,587.549930
D,DISPATCH,UNIT_SCADA,1,"2019/09/06 12:05:00",ER03,0
D,DISPATCH,UNIT_SCADA,1,"2019/09/06 12:05:00",ER04,588.074950
D,DISPATCH,UNIT_SCADA,1,"2019/09/06 12:05:00",FINLYSF1,0.981260
D,DISPATCH,UNIT_SCADA,1,"2019/09/06 12:05:00",FISHER,45.92
D,DISPATCH,UNIT_SCADA,1,"2019/09/06 12:05:00",GANNBG1,0
D,DISPATCH,UNIT_SCADA,1,"2019/09/06 12:05:00",GANNBL1,1.470390
D,DISPATCH,UNIT_SCADA,1,"2019/09/06 12:05:00",GANNSF1,16.70
D,DISPATCH,UNIT_SCADA,1,"2019/09/06 12:05:00",GORDON,23.057440
D,DISPATCH,UNIT_SCADA,1,"2019/09/06 12:05:00",GSTONE1,130.55
D,DISPATCH,UNIT_SCADA,1,"2019/09/06 12:05:00",GSTONE2,109.7250
D,DISPATCH,UNIT_SCADA,1,"2019/09/06 12:05:00",GSTONE3,0
D,DISPATCH,UNIT_SCADA,1,"2019/09/06 12:05:00",GSTONE4,131.599990
D,DISPATCH,UNIT_SCADA,1,"2019/09/06 12:05:00",GSTONE5,130.899990
D,DISPATCH,UNIT_SCADA,1,"2019/09/06 12:05:00",GSTONE6,130.20
D,DISPATCH,UNIT_SCADA,1,"2019/09/06 12:05:00",GULLRSF1,5.0072
D,DISPATCH,UNIT_SCADA,1,"2019/09/06 12:05:00",GULLRWF1,145.618560
D,DISPATCH,UNIT_SCADA,1,"2019/09/06 12:05:00",GUNNING1,36.395970
D,DISPATCH,UNIT_SCADA,1,"2019/09/06 12:05:00",GUTHEGA,0
D,DISPATCH,UNIT_SCADA,1,"2019/09/06 12:05:00",HALLWF1,-0.45
D,DISPATCH,UNIT_SCADA,1,"2019/09/06 12:05:00",HALLWF2,-0.30
D,DISPATCH,UNIT_SCADA,1,"2019/09/06 12:05:00",HAMISF1,45.70
D,DISPATCH,UNIT_SCADA,1,"2019/09/06 12:05:00",HAUGHT11,95.711240
D,DISPATCH,UNIT_SCADA,1,"2019/09/06 12:05:00",HAYMSF1,40.5680
D,DISPATCH,UNIT_SCADA,1,"2019/09/06 12:05:00",HDWF1,70.90
D,DISPATCH,UNIT_SCADA,1,"2019/09/06 12:05:00",HDWF2,71
D,DISPATCH,UNIT_SCADA,1,"2019/09/06 12:05:00",HDWF3,75.70
D,DISPATCH,UNIT_SCADA,1,"2019/09/06 12:05:00",HPRG1,6.50
D,DISPATCH,UNIT_SCADA,1,"2019/09/06 12:05:00",HPRL1,0
D,DISPATCH,UNIT_SCADA,1,"2019/09/06 12:05:00",HUMENSW,0
D,DISPATCH,UNIT_SCADA,1,"2019/09/06 12:05:00",HUMEV,24.10
D,DISPATCH,UNIT_SCADA,1,"2019/09/06 12:05:00",HVGTS,0
D,DISPATCH,UNIT_SCADA,1,"2019/09/06 12:05:00",JBUTTERS,122.829990
D,DISPATCH,UNIT_SCADA,1,"2019/09/06 12:05:00",JLA01,0.10
D,DISPATCH,UNIT_SCADA,1,"2019/09/06 12:05:00",JLA02,0
D,DISPATCH,UNIT_SCADA,1,"2019/09/06 12:05:00",JLA03,0
D,DISPATCH,UNIT_SCADA,1,"2019/09/06 12:05:00",JLA04,0
D,DISPATCH,UNIT_SCADA,1,"2019/09/06 12:05:00",JLB01,0
D,DISPATCH,UNIT_SCADA,1,"2019/09/06 12:05:00",JLB02,0.10
D,DISPATCH,UNIT_SCADA,1,"2019/09/06 12:05:00",JLB03,0
D,DISPATCH,UNIT_SCADA,1,"2019/09/06 12:05:00",KAREEYA1,21.4675
D,DISPATCH,UNIT_SCADA,1,"2019/09/06 12:05:00",KAREEYA2,21.7150
D,DISPATCH,UNIT_SCADA,1,"2019/09/06 12:05:00",KAREEYA3,0
D,DISPATCH,UNIT_SCADA,1,"2019/09/06 12:05:00",KAREEYA4,21.5550
D,DISPATCH,UNIT_SCADA,1,"2019/09/06 12:05:00",KARSF1,63.50
D,DISPATCH,UNIT_SCADA,1,"2019/09/06 12:05:00",KIATAWF1,30.80
D,DISPATCH,UNIT_SCADA,1,"2019/09/06 12:05:00",KPP_1,0
D,DISPATCH,UNIT_SCADA,1,"2019/09/06 12:05:00",KSP1,46.44
D,DISPATCH,UNIT_SCADA,1,"2019/09/06 12:05:00",LADBROK1,0
D,DISPATCH,UNIT_SCADA,1,"2019/09/06 12:05:00",LADBROK2,0
D,DISPATCH,UNIT_SCADA,1,"2019/09/06 12:05:00",LD01,371.962550
D,DISPATCH,UNIT_SCADA,1,"2019/09/06 12:05:00",LD02,378.843750
D,DISPATCH,UNIT_SCADA,1,"2019/09/06 12:05:00",LD03,375.412450
D,DISPATCH,UNIT_SCADA,1,"2019/09/06 12:05:00",LD04,372.093750
D,DISPATCH,UNIT_SCADA,1,"2019/09/06 12:05:00",LEM_WIL,84.8134
D,DISPATCH,UNIT_SCADA,1,"2019/09/06 12:05:00",LGAPWF1,34.29
D,DISPATCH,UNIT_SCADA,1,"2019/09/06 12:05:00",LILYSF1,0
D,DISPATCH,UNIT_SCADA,1,"2019/09/06 12:05:00",LI_WY_CA,163.235050
D,DISPATCH,UNIT_SCADA,1,"2019/09/06 12:05:00",LKBONNY2,96.347290
D,DISPATCH,UNIT_SCADA,1,"2019/09/06 12:05:00",LKBONNY3,25.733950
D,DISPATCH,UNIT_SCADA,1,"2019/09/06 12:05:00",LK_ECHO,0
D,DISPATCH,UNIT_SCADA,1,"2019/09/06 12:05:00",LNGS1,0
D,DISPATCH,UNIT_SCADA,1,"2019/09/06 12:05:00",LNGS2,0
D,DISPATCH,UNIT_SCADA,1,"2019/09/06 12:05:00",LONSDALE,0
D,DISPATCH,UNIT_SCADA,1,"2019/09/06 12:05:00",LOYYB1,536.840520
D,DISPATCH,UNIT_SCADA,1,"2019/09/06 12:05:00",LOYYB2,582.7063
D,DISPATCH,UNIT_SCADA,1,"2019/09/06 12:05:00",LYA1,0
D,DISPATCH,UNIT_SCADA,1,"2019/09/06 12:05:00",LYA2,0
D,DISPATCH,UNIT_SCADA,1,"2019/09/06 12:05:00",LYA3,559
D,DISPATCH,UNIT_SCADA,1,"2019/09/06 12:05:00",LYA4,541
D,DISPATCH,UNIT_SCADA,1,"2019/09/06 12:05:00",MACARTH1,133.396910
D,DISPATCH,UNIT_SCADA,1,"2019/09/06 12:05:00",MACKAYGT,0.2240
D,DISPATCH,UNIT_SCADA,1,"2019/09/06 12:05:00",MACKNTSH,88.390010
D,DISPATCH,UNIT_SCADA,1,"2019/09/06 12:05:00",MANSLR1,27.1930
D,DISPATCH,UNIT_SCADA,1,"2019/09/06 12:05:00",MCKAY1,-0.0350
D,DISPATCH,UNIT_SCADA,1,"2019/09/06 12:05:00",MEADOWBK,33.781560
D,DISPATCH,UNIT_SCADA,1,"2019/09/06 12:05:00",MERCER01,85.312990
D,DISPATCH,UNIT_SCADA,1,"2019/09/06 12:05:00",MEWF1,15.070210
D,DISPATCH,UNIT_SCADA,1,"2019/09/06 12:05:00",MINTARO,0
D,DISPATCH,UNIT_SCADA,1,"2019/09/06 12:05:00",MOREESF1,48.1040
D,DISPATCH,UNIT_SCADA,1,"2019/09/06 12:05:00",MORTLK11,125
D,DISPATCH,UNIT_SCADA,1,"2019/09/06 12:05:00",MORTLK12,0
D,DISPATCH,UNIT_SCADA,1,"2019/09/06 12:05:00",MP1,142.774960
D,DISPATCH,UNIT_SCADA,1,"2019/09/06 12:05:00",MP2,0
D,DISPATCH,UNIT_SCADA,1,"2019/09/06 12:05:00",MPP_1,379.75
D,DISPATCH,UNIT_SCADA,1,"2019/09/06 12:05:00",MPP_2,220.25
D,DISPATCH,UNIT_SCADA,1,"2019/09/06 12:05:00",MSTUART1,0
D,DISPATCH,UNIT_SCADA,1,"2019/09/06 12:05:00",MSTUART2,0
D,DISPATCH,UNIT_SCADA,1,"2019/09/06 12:05:00",MSTUART3,0
D,DISPATCH,UNIT_SCADA,1,"2019/09/06 12:05:00",MTGELWF1,64.792320
D,DISPATCH,UNIT_SCADA,1,"2019/09/06 12:05:00",MURRAY,0
D,DISPATCH,UNIT_SCADA,1,"2019/09/06 12:05:00",MUSSELR1,162.600010
D,DISPATCH,UNIT_SCADA,1,"2019/09/06 12:05:00",MUWAWF1,72.25
D,DISPATCH,UNIT_SCADA,1,"2019/09/06 12:05:00",NBHWF1,118.70
D,DISPATCH,UNIT_SCADA,1,"2019/09/06 12:05:00",NPS,0
D,DISPATCH,UNIT_SCADA,1,"2019/09/06 12:05:00",NUMURSF1,61.23
D,DISPATCH,UNIT_SCADA,1,"2019/09/06 12:05:00",NYNGAN1,79.25
D,DISPATCH,UNIT_SCADA,1,"2019/09/06 12:05:00",OAKEY1,0
D,DISPATCH,UNIT_SCADA,1,"2019/09/06 12:05:00",OAKEY1SF,21.3790
D,DISPATCH,UNIT_SCADA,1,"2019/09/06 12:05:00",OAKEY2,0
D,DISPATCH,UNIT_SCADA,1,"2019/09/06 12:05:00",OAKEY2SF,0
D,DISPATCH,UNIT_SCADA,1,"2019/09/06 12:05:00",OAKLAND1,13.90
D,DISPATCH,UNIT_SCADA,1,"2019/09/06 12:05:00",OSB-AG,0
D,DISPATCH,UNIT_SCADA,1,"2019/09/06 12:05:00",PARSF1,22.20
D,DISPATCH,UNIT_SCADA,1,"2019/09/06 12:05:00",POAT110,0
D,DISPATCH,UNIT_SCADA,1,"2019/09/06 12:05:00",POAT220,4.60
D,DISPATCH,UNIT_SCADA,1,"2019/09/06 12:05:00",POR01,0
D,DISPATCH,UNIT_SCADA,1,"2019/09/06 12:05:00",POR03,0
D,DISPATCH,UNIT_SCADA,1,"2019/09/06 12:05:00",PPCCGT,0
D,DISPATCH,UNIT_SCADA,1,"2019/09/06 12:05:00",PTSTAN1,0
D,DISPATCH,UNIT_SCADA,1,"2019/09/06 12:05:00",PUMP1,0
D,DISPATCH,UNIT_SCADA,1,"2019/09/06 12:05:00",PUMP2,0
D,DISPATCH,UNIT_SCADA,1,"2019/09/06 12:05:00",QPS1,0
D,DISPATCH,UNIT_SCADA,1,"2019/09/06 12:05:00",QPS2,0
D,DISPATCH,UNIT_SCADA,1,"2019/09/06 12:05:00",QPS3,0
D,DISPATCH,UNIT_SCADA,1,"2019/09/06 12:05:00",QPS4,0
D,DISPATCH,UNIT_SCADA,1,"2019/09/06 12:05:00",QPS5,0
D,DISPATCH,UNIT_SCADA,1,"2019/09/06 12:05:00",REECE1,107.410010
D,DISPATCH,UNIT_SCADA,1,"2019/09/06 12:05:00",REECE2,107.540010
D,DISPATCH,UNIT_SCADA,1,"2019/09/06 12:05:00",ROMA_7,0
D,DISPATCH,UNIT_SCADA,1,"2019/09/06 12:05:00",ROMA_8,0
D,DISPATCH,UNIT_SCADA,1,"2019/09/06 12:05:00",RRSF1,110.037780
D,DISPATCH,UNIT_SCADA,1,"2019/09/06 12:05:00",RT_NSW1,0
D,DISPATCH,UNIT_SCADA,1,"2019/09/06 12:05:00",RT_NSW2,0
D,DISPATCH,UNIT_SCADA,1,"2019/09/06 12:05:00",RT_NSW3,0
D,DISPATCH,UNIT_SCADA,1,"2019/09/06 12:05:00",RT_NSW4,0
D,DISPATCH,UNIT_SCADA,1,"2019/09/06 12:05:00",RT_NSW5,0
D,DISPATCH,UNIT_SCADA,1,"2019/09/06 12:05:00",RT_NSW6,0
D,DISPATCH,UNIT_SCADA,1,"2019/09/06 12:05:00",RT_QLD1,0
D,DISPATCH,UNIT_SCADA,1,"2019/09/06 12:05:00",RT_SA1,0
D,DISPATCH,UNIT_SCADA,1,"2019/09/06 12:05:00",RT_SA2,0
D,DISPATCH,UNIT_SCADA,1,"2019/09/06 12:05:00",RT_SA3,0
D,DISPATCH,UNIT_SCADA,1,"2019/09/06 12:05:00",RT_SA4,0
D,DISPATCH,UNIT_SCADA,1,"2019/09/06 12:05:00",RT_SA5,0
D,DISPATCH,UNIT_SCADA,1,"2019/09/06 12:05:00",RT_SA6,0
D,DISPATCH,UNIT_SCADA,1,"2019/09/06 12:05:00",RT_TAS1,0
D,DISPATCH,UNIT_SCADA,1,"2019/09/06 12:05:00",RT_VIC1,0
D,DISPATCH,UNIT_SCADA,1,"2019/09/06 12:05:00",RT_VIC10,0
D,DISPATCH,UNIT_SCADA,1,"2019/09/06 12:05:00",RT_VIC11,0
D,DISPATCH,UNIT_SCADA,1,"2019/09/06 12:05:00",RT_VIC12,0
D,DISPATCH,UNIT_SCADA,1,"2019/09/06 12:05:00",RT_VIC2,0
D,DISPATCH,UNIT_SCADA,1,"2019/09/06 12:05:00",RT_VIC3,0
D,DISPATCH,UNIT_SCADA,1,"2019/09/06 12:05:00",RT_VIC4,0
D,DISPATCH,UNIT_SCADA,1,"2019/09/06 12:05:00",RT_VIC5,0
D,DISPATCH,UNIT_SCADA,1,"2019/09/06 12:05:00",RT_VIC6,0
D,DISPATCH,UNIT_SCADA,1,"2019/09/06 12:05:00",RT_VIC7,0
D,DISPATCH,UNIT_SCADA,1,"2019/09/06 12:05:00",RT_VIC8,0
D,DISPATCH,UNIT_SCADA,1,"2019/09/06 12:05:00",RT_VIC9,0
D,DISPATCH,UNIT_SCADA,1,"2019/09/06 12:05:00",RUGBYR1,63.899650
D,DISPATCH,UNIT_SCADA,1,"2019/09/06 12:05:00",SALTCRK1,26.48
D,DISPATCH,UNIT_SCADA,1,"2019/09/06 12:05:00",SAPHWF1,214.265630
D,DISPATCH,UNIT_SCADA,1,"2019/09/06 12:05:00",SHGEN,0
D,DISPATCH,UNIT_SCADA,1,"2019/09/06 12:05:00",SHPUMP,79.7225
D,DISPATCH,UNIT_SCADA,1,"2019/09/06 12:05:00",SITHE01,0.2041
D,DISPATCH,UNIT_SCADA,1,"2019/09/06 12:05:00",SMCSF1,87.347310
D,DISPATCH,UNIT_SCADA,1,"2019/09/06 12:05:00",SNOWNTH1,136.70
D,DISPATCH,UNIT_SCADA,1,"2019/09/06 12:05:00",SNOWSTH1,118.40
D,DISPATCH,UNIT_SCADA,1,"2019/09/06 12:05:00",SNOWTWN1,91.216970
D,DISPATCH,UNIT_SCADA,1,"2019/09/06 12:05:00",SNOWYP,393.200010
D,DISPATCH,UNIT_SCADA,1,"2019/09/06 12:05:00",SNUG1,0.019440
D,DISPATCH,UNIT_SCADA,1,"2019/09/06 12:05:00",SRSF1,69.439990
D,DISPATCH,UNIT_SCADA,1,"2019/09/06 12:05:00",STAN-1,190.613510
D,DISPATCH,UNIT_SCADA,1,"2019/09/06 12:05:00",STAN-2,231.4382
D,DISPATCH,UNIT_SCADA,1,"2019/09/06 12:05:00",STAN-3,231.502290
D,DISPATCH,UNIT_SCADA,1,"2019/09/06 12:05:00",STAN-4,230.835750
D,DISPATCH,UNIT_SCADA,1,"2019/09/06 12:05:00",STWF1,0
D,DISPATCH,UNIT_SCADA,1,"2019/09/06 12:05:00",SWAN_E,0
D,DISPATCH,UNIT_SCADA,1,"2019/09/06 12:05:00",TALWA1,190
D,DISPATCH,UNIT_SCADA,1,"2019/09/06 12:05:00",TARALGA1,95.6250
D,DISPATCH,UNIT_SCADA,1,"2019/09/06 12:05:00",TARONG#1,348.50
D,DISPATCH,UNIT_SCADA,1,"2019/09/06 12:05:00",TARONG#2,0
D,DISPATCH,UNIT_SCADA,1,"2019/09/06 12:05:00",TARONG#3,280.200010
D,DISPATCH,UNIT_SCADA,1,"2019/09/06 12:05:00",TARONG#4,349.50
D,DISPATCH,UNIT_SCADA,1,"2019/09/06 12:05:00",TARRALEA,73.80
D,DISPATCH,UNIT_SCADA,1,"2019/09/06 12:05:00",TBSF1,20.70
D,DISPATCH,UNIT_SCADA,1,"2019/09/06 12:05:00",TNPS1,399.700010
D,DISPATCH,UNIT_SCADA,1,"2019/09/06 12:05:00",TORRA1,40.718890
D,DISPATCH,UNIT_SCADA,1,"2019/09/06 12:05:00",TORRA2,0
D,DISPATCH,UNIT_SCADA,1,"2019/09/06 12:05:00",TORRA3,0
D,DISPATCH,UNIT_SCADA,1,"2019/09/06 12:05:00",TORRA4,39.033750
D,DISPATCH,UNIT_SCADA,1,"2019/09/06 12:05:00",TORRB1,62.76
D,DISPATCH,UNIT_SCADA,1,"2019/09/06 12:05:00",TORRB2,62.31
D,DISPATCH,UNIT_SCADA,1,"2019/09/06 12:05:00",TORRB3,38
D,DISPATCH,UNIT_SCADA,1,"2019/09/06 12:05:00",TORRB4,0
D,DISPATCH,UNIT_SCADA,1,"2019/09/06 12:05:00",TREVALLN,66.990020
D,DISPATCH,UNIT_SCADA,1,"2019/09/06 12:05:00",TRIBUTE,0
D,DISPATCH,UNIT_SCADA,1,"2019/09/06 12:05:00",TUMUT3,0
D,DISPATCH,UNIT_SCADA,1,"2019/09/06 12:05:00",TUNGATIN,102.540020
D,DISPATCH,UNIT_SCADA,1,"2019/09/06 12:05:00",TVCC201,0
D,DISPATCH,UNIT_SCADA,1,"2019/09/06 12:05:00",TVPP104,0
D,DISPATCH,UNIT_SCADA,1,"2019/09/06 12:05:00",UPPTUMUT,36.679510
D,DISPATCH,UNIT_SCADA,1,"2019/09/06 12:05:00",URANQ11,0
D,DISPATCH,UNIT_SCADA,1,"2019/09/06 12:05:00",URANQ12,0
D,DISPATCH,UNIT_SCADA,1,"2019/09/06 12:05:00",URANQ13,0
D,DISPATCH,UNIT_SCADA,1,"2019/09/06 12:05:00",URANQ14,0
D,DISPATCH,UNIT_SCADA,1,"2019/09/06 12:05:00",VP5,398.100010
D,DISPATCH,UNIT_SCADA,1,"2019/09/06 12:05:00",VP6,0
D,DISPATCH,UNIT_SCADA,1,"2019/09/06 12:05:00",VPGS1,0
D,DISPATCH,UNIT_SCADA,1,"2019/09/06 12:05:00",VPGS2,0
D,DISPATCH,UNIT_SCADA,1,"2019/09/06 12:05:00",VPGS3,0
D,DISPATCH,UNIT_SCADA,1,"2019/09/06 12:05:00",VPGS4,0
D,DISPATCH,UNIT_SCADA,1,"2019/09/06 12:05:00",VPGS5,0
D,DISPATCH,UNIT_SCADA,1,"2019/09/06 12:05:00",VPGS6,0
D,DISPATCH,UNIT_SCADA,1,"2019/09/06 12:05:00",W/HOE#1,0
D,DISPATCH,UNIT_SCADA,1,"2019/09/06 12:05:00",W/HOE#2,0
D,DISPATCH,UNIT_SCADA,1,"2019/09/06 12:05:00",WATERLWF,111.30
D,DISPATCH,UNIT_SCADA,1,"2019/09/06 12:05:00",WEMENSF1,84.20
D,DISPATCH,UNIT_SCADA,1,"2019/09/06 12:05:00",WGWF1,0.50
D,DISPATCH,UNIT_SCADA,1,"2019/09/06 12:05:00",WHITSF1,42.10
D,DISPATCH,UNIT_SCADA,1,"2019/09/06 12:05:00",WKIEWA1,16.70
D,DISPATCH,UNIT_SCADA,1,"2019/09/06 12:05:00",WKIEWA2,0.10
D,DISPATCH,UNIT_SCADA,1,"2019/09/06 12:05:00",WOODLWN1,44.9370
D,DISPATCH,UNIT_SCADA,1,"2019/09/06 12:05:00",WRSF1,17.37
D,DISPATCH,UNIT_SCADA,1,"2019/09/06 12:05:00",WRWF1,150.037510
D,DISPATCH,UNIT_SCADA,1,"2019/09/06 12:05:00",YABULU,0
D,DISPATCH,UNIT_SCADA,1,"2019/09/06 12:05:00",YABULU2,0
D,DISPATCH,UNIT_SCADA,1,"2019/09/06 12:05:00",YARWUN_1,120.16
D,DISPATCH,UNIT_SCADA,1,"2019/09/06 12:05:00",YENDWF1,42.13
D,DISPATCH,UNIT_SCADA,1,"2019/09/06 12:05:00",YWPS1,378.194950
D,DISPATCH,UNIT_SCADA,1,"2019/09/06 12:05:00",YWPS2,276.939240
D,DISPATCH,UNIT_SCADA,1,"2019/09/06 12:05:00",YWPS3,328.337980
D,DISPATCH,UNIT_SCADA,1,"2019/09/06 12:05:00",YWPS4,394.673430
C,"END OF REPORT",335
