C,NEMP.WORLD,DISPATCHSCADA,AEMO,PUBLIC,2019/09/06,13:30:10,0000000312464103,DISPATCHSCADA,0000000312464097
I,DISPATCH,UNIT_SCADA,1,SETTLEMENTDATE,DUID,SCADAVALUE
D,DISPATCH,UNIT_SCADA,1,"2019/09/06 13:35:00",BARCSF1,8.900001
D,DISPATCH,UNIT_SCADA,1,"2019/09/06 13:35:00",BUTLERSG,10.199999
D,DISPATCH,UNIT_SCADA,1,"2019/09/06 13:35:00",CALL_A_4,0
D,DISPATCH,UNIT_SCADA,1,"2019/09/06 13:35:00",CAPTL_WF,124.379997
D,DISPATCH,UNIT_SCADA,1,"2019/09/06 13:35:00",CATHROCK,0
D,DISPATCH,UNIT_SCADA,1,"2019/09/06 13:35:00",CHALLHWF,1.90
D,DISPATCH,UNIT_SCADA,1,"2019/09/06 13:35:00",CLOVER,-0.01
D,DISPATCH,UNIT_SCADA,1,"2019/09/06 13:35:00",CLUNY,18.259098
D,DISPATCH,UNIT_SCADA,1,"2019/09/06 13:35:00",CNUNDAWF,41.248116
D,DISPATCH,UNIT_SCADA,1,"2019/09/06 13:35:00",CULLRGWF,30.219999
D,DISPATCH,UNIT_SCADA,1,"2019/09/06 13:35:00",ERGT01,0
D,DISPATCH,UNIT_SCADA,1,"2019/09/06 13:35:00",GB01,0.012226
D,DISPATCH,UNIT_SCADA,1,"2019/09/06 13:35:00",GERMCRK,32.599998
D,DISPATCH,UNIT_SCADA,1,"2019/09/06 13:35:00",GRIFSF1,5.599998
D,DISPATCH,UNIT_SCADA,1,"2019/09/06 13:35:00",HUGSF1,9.04
D,DISPATCH,UNIT_SCADA,1,"2019/09/06 13:35:00",LKBONNY1,75.377106
D,DISPATCH,UNIT_SCADA,1,"2019/09/06 13:35:00",LRSF1,11.7460
D,DISPATCH,UNIT_SCADA,1,"2019/09/06 13:35:00",MBAHNTH,51.618744
D,DISPATCH,UNIT_SCADA,1,"2019/09/06 13:35:00",MLSP1,4.198001
D,DISPATCH,UNIT_SCADA,1,"2019/09/06 13:35:00",MLWF1,5.34
D,DISPATCH,UNIT_SCADA,1,"2019/09/06 13:35:00",MTMILLAR,53.942066
D,DISPATCH,UNIT_SCADA,1,"2019/09/06 13:35:00",PALOONA,23.67
D,DISPATCH,UNIT_SCADA,1,"2019/09/06 13:35:00",PIONEER,34
D,DISPATCH,UNIT_SCADA,1,"2019/09/06 13:35:00",PORTWF,83.599998
D,DISPATCH,UNIT_SCADA,1,"2019/09/06 13:35:00",REPULSE,32.403450
D,DISPATCH,UNIT_SCADA,1,"2019/09/06 13:35:00",ROWALLAN,10.2737
D,DISPATCH,UNIT_SCADA,1,"2019/09/06 13:35:00",ROYALLA1,6.890001
D,DISPATCH,UNIT_SCADA,1,"2019/09/06 13:35:00",RPCG,12.50
D,DISPATCH,UNIT_SCADA,1,"2019/09/06 13:35:00",RUBICON,0
D,DISPATCH,UNIT_SCADA,1,"2019/09/06 13:35:00",SATGN1,0
D,DISPATCH,UNIT_SCADA,1,"2019/09/06 13:35:00",SATGS1,0
D,DISPATCH,UNIT_SCADA,1,"2019/09/06 13:35:00",STARHLWF,24.392887
D,DISPATCH,UNIT_SCADA,1,"2019/09/06 13:35:00",WAUBRAWF,35.8820
D,DISPATCH,UNIT_SCADA,1,"2019/09/06 13:35:00",WOOLNTH1,65.410019
D,DISPATCH,UNIT_SCADA,1,"2019/09/06 13:35:00",WPWF,74
D,DISPATCH,UNIT_SCADA,1,"2019/09/06 13:35:00",YAMBUKWF,20.299999
D,DISPATCH,UNIT_SCADA,1,"2019/09/06 13:35:00",YSWF1,24
D,DISPATCH,UNIT_SCADA,1,"2019/09/06 13:35:00",AGLHAL,0
D,DISPATCH,UNIT_SCADA,1,"2019/09/06 13:35:00",AGLSOM,0
D,DISPATCH,UNIT_SCADA,1,"2019/09/06 13:35:00",ANGAST1,0
D,DISPATCH,UNIT_SCADA,1,"2019/09/06 13:35:00",ARWF1,30.40
D,DISPATCH,UNIT_SCADA,1,"2019/09/06 13:35:00",BALBG1,0
D,DISPATCH,UNIT_SCADA,1,"2019/09/06 13:35:00",BALBL1,14.06
D,DISPATCH,UNIT_SCADA,1,"2019/09/06 13:35:00",BALDHWF1,86.0910
D,DISPATCH,UNIT_SCADA,1,"2019/09/06 13:35:00",BANN1,4.43
D,DISPATCH,UNIT_SCADA,1,"2019/09/06 13:35:00",BARCALDN,0
D,DISPATCH,UNIT_SCADA,1,"2019/09/06 13:35:00",BARRON-1,0
D,DISPATCH,UNIT_SCADA,1,"2019/09/06 13:35:00",BARRON-2,0
D,DISPATCH,UNIT_SCADA,1,"2019/09/06 13:35:00",BASTYAN,78.51
D,DISPATCH,UNIT_SCADA,1,"2019/09/06 13:35:00",BBTHREE1,0
D,DISPATCH,UNIT_SCADA,1,"2019/09/06 13:35:00",BBTHREE2,0
D,DISPATCH,UNIT_SCADA,1,"2019/09/06 13:35:00",BBTHREE3,0
D,DISPATCH,UNIT_SCADA,1,"2019/09/06 13:35:00",BDL01,0
D,DISPATCH,UNIT_SCADA,1,"2019/09/06 13:35:00",BDL02,-0.24
D,DISPATCH,UNIT_SCADA,1,"2019/09/06 13:35:00",BERYLSF1,57.800610
D,DISPATCH,UNIT_SCADA,1,"2019/09/06 13:35:00",BLOWERNG,15.30
D,DISPATCH,UNIT_SCADA,1,"2019/09/06 13:35:00",BLUFF1,29.10
D,DISPATCH,UNIT_SCADA,1,"2019/09/06 13:35:00",BNGSF1,103.51
D,DISPATCH,UNIT_SCADA,1,"2019/09/06 13:35:00",BNGSF2,19.87
D,DISPATCH,UNIT_SCADA,1,"2019/09/06 13:35:00",BOCORWF1,98.49
D,DISPATCH,UNIT_SCADA,1,"2019/09/06 13:35:00",BODWF1,94.2941
D,DISPATCH,UNIT_SCADA,1,"2019/09/06 13:35:00",BRAEMAR1,0
D,DISPATCH,UNIT_SCADA,1,"2019/09/06 13:35:00",BRAEMAR2,0
D,DISPATCH,UNIT_SCADA,1,"2019/09/06 13:35:00",BRAEMAR3,0
D,DISPATCH,UNIT_SCADA,1,"2019/09/06 13:35:00",BRAEMAR5,0
D,DISPATCH,UNIT_SCADA,1,"2019/09/06 13:35:00",BRAEMAR6,0
D,DISPATCH,UNIT_SCADA,1,"2019/09/06 13:35:00",BRAEMAR7,0
D,DISPATCH,UNIT_SCADA,1,"2019/09/06 13:35:00",BROKENH1,21.503170
D,DISPATCH,UNIT_SCADA,1,"2019/09/06 13:35:00",BW01,572.449950
D,DISPATCH,UNIT_SCADA,1,"2019/09/06 13:35:00",BW02,569.200070
D,DISPATCH,UNIT_SCADA,1,"2019/09/06 13:35:00",BW03,623.900020
D,DISPATCH,UNIT_SCADA,1,"2019/09/06 13:35:00",BW04,0
D,DISPATCH,UNIT_SCADA,1,"2019/09/06 13:35:00",CALL_B_1,330.800020
D,DISPATCH,UNIT_SCADA,1,"2019/09/06 13:35:00",CALL_B_2,330.399990
D,DISPATCH,UNIT_SCADA,1,"2019/09/06 13:35:00",CETHANA,96.567880
D,DISPATCH,UNIT_SCADA,1,"2019/09/06 13:35:00",CG1,0
D,DISPATCH,UNIT_SCADA,1,"2019/09/06 13:35:00",CG2,0
D,DISPATCH,UNIT_SCADA,1,"2019/09/06 13:35:00",CG3,0
D,DISPATCH,UNIT_SCADA,1,"2019/09/06 13:35:00",CG4,0
D,DISPATCH,UNIT_SCADA,1,"2019/09/06 13:35:00",CHILDSF1,52.24
D,DISPATCH,UNIT_SCADA,1,"2019/09/06 13:35:00",CLARESF1,44.208130
D,DISPATCH,UNIT_SCADA,1,"2019/09/06 13:35:00",CLEMGPWF,36.809890
D,DISPATCH,UNIT_SCADA,1,"2019/09/06 13:35:00",CLERMSF1,14.72
D,DISPATCH,UNIT_SCADA,1,"2019/09/06 13:35:00",COLEASF1,95.700010
D,DISPATCH,UNIT_SCADA,1,"2019/09/06 13:35:00",COOPGWF1,51.545460
D,DISPATCH,UNIT_SCADA,1,"2019/09/06 13:35:00",CPP_3,341
D,DISPATCH,UNIT_SCADA,1,"2019/09/06 13:35:00",CPP_4,261.800020
D,DISPATCH,UNIT_SCADA,1,"2019/09/06 13:35:00",CPSA,74.193750
D,DISPATCH,UNIT_SCADA,1,"2019/09/06 13:35:00",CROOKWF2,73.773760
D,DISPATCH,UNIT_SCADA,1,"2019/09/06 13:35:00",CROWLWF1,11.5415
D,DISPATCH,UNIT_SCADA,1,"2019/09/06 13:35:00",CSPVPS1,31.9990
D,DISPATCH,UNIT_SCADA,1,"2019/09/06 13:35:00",DALNTH01,0
D,DISPATCH,UNIT_SCADA,1,"2019/09/06 13:35:00",DALNTHL1,1.045240
D,DISPATCH,UNIT_SCADA,1,"2019/09/06 13:35:00",DARTM1,0
D,DISPATCH,UNIT_SCADA,1,"2019/09/06 13:35:00",DAYDSF1,113.3020
D,DISPATCH,UNIT_SCADA,1,"2019/09/06 13:35:00",DDPS1,0
D,DISPATCH,UNIT_SCADA,1,"2019/09/06 13:35:00",DDSF1,106.020870
D,DISPATCH,UNIT_SCADA,1,"2019/09/06 13:35:00",DEVILS_G,0
D,DISPATCH,UNIT_SCADA,1,"2019/09/06 13:35:00",DG_NSW1,0
D,DISPATCH,UNIT_SCADA,1,"2019/09/06 13:35:00",DG_QLD1,0
D,DISPATCH,UNIT_SCADA,1,"2019/09/06 13:35:00",DG_SA1,0
D,DISPATCH,UNIT_SCADA,1,"2019/09/06 13:35:00",DG_TAS1,0
D,DISPATCH,UNIT_SCADA,1,"2019/09/06 13:35:00",DG_VIC1,0
D,DISPATCH,UNIT_SCADA,1,"2019/09/06 13:35:00",DRYCGT1,0
D,DISPATCH,UNIT_SCADA,1,"2019/09/06 13:35:00",DRYCGT2,0
D,DISPATCH,UNIT_SCADA,1,"2019/09/06 13:35:00",DRYCGT3,0
D,DISPATCH,UNIT_SCADA,1,"2019/09/06 13:35:00",EILDON1,0
D,DISPATCH,UNIT_SCADA,1,"2019/09/06 13:35:00",EILDON2,0
D,DISPATCH,UNIT_SCADA,1,"2019/09/06 13:35:00",EMERASF1,67.40
D,DISPATCH,UNIT_SCADA,1,"2019/09/06 13:35:00",ER01,528.549930
D,DISPATCH,UNIT_SCADA,1,"2019/09/06 13:35:00",ER02,636.699950
D,DISPATCH,UNIT_SCADA,1,"2019/09/06 13:35:00",ER03,0
D,DISPATCH,UNIT_SCADA,1,"2019/09/06 13:35:00",ER04,636.1250
D,DISPATCH,UNIT_SCADA,1,"2019/09/06 13:35:00",FINLYSF1,0.8125
D,DISPATCH,UNIT_SCADA,1,"2019/09/06 13:35:00",FISHER,45.86
D,DISPATCH,UNIT_SCADA,1,"2019/09/06 13:35:00",GANNBG1,0
D,DISPATCH,UNIT_SCADA,1,"2019/09/06 13:35:00",GANNBL1,6.137880
D,DISPATCH,UNIT_SCADA,1,"2019/09/06 13:35:00",GANNSF1,6.20
D,DISPATCH,UNIT_SCADA,1,"2019/09/06 13:35:00",GORDON,19.279120
D,DISPATCH,UNIT_SCADA,1,"2019/09/06 13:35:00",GSTONE1,130.024990
D,DISPATCH,UNIT_SCADA,1,"2019/09/06 13:35:00",GSTONE2,110.4250
D,DISPATCH,UNIT_SCADA,1,"2019/09/06 13:35:00",GSTONE3,0
D,DISPATCH,UNIT_SCADA,1,"2019/09/06 13:35:00",GSTONE4,130.55
D,DISPATCH,UNIT_SCADA,1,"2019/09/06 13:35:00",GSTONE5,128.099990
D,DISPATCH,UNIT_SCADA,1,"2019/09/06 13:35:00",GSTONE6,128.6250
D,DISPATCH,UNIT_SCADA,1,"2019/09/06 13:35:00",GULLRSF1,4.925290
D,DISPATCH,UNIT_SCADA,1,"2019/09/06 13:35:00",GULLRWF1,123.050290
D,DISPATCH,UNIT_SCADA,1,"2019/09/06 13:35:00",GUNNING1,41.273430
D,DISPATCH,UNIT_SCADA,1,"2019/09/06 13:35:00",GUTHEGA,0
D,DISPATCH,UNIT_SCADA,1,"2019/09/06 13:35:00",HALLWF1,-0.56
D,DISPATCH,UNIT_SCADA,1,"2019/09/06 13:35:00",HALLWF2,-0.32
D,DISPATCH,UNIT_SCADA,1,"2019/09/06 13:35:00",HAMISF1,45.60
D,DISPATCH,UNIT_SCADA,1,"2019/09/06 13:35:00",HAUGHT11,95.395840
D,DISPATCH,UNIT_SCADA,1,"2019/09/06 13:35:00",HAYMSF1,41.1080
D,DISPATCH,UNIT_SCADA,1,"2019/09/06 13:35:00",HDWF1,70.30
D,DISPATCH,UNIT_SCADA,1,"2019/09/06 13:35:00",HDWF2,70.90
D,DISPATCH,UNIT_SCADA,1,"2019/09/06 13:35:00",HDWF3,75.50
D,DISPATCH,UNIT_SCADA,1,"2019/09/06 13:35:00",HPRG1,0
D,DISPATCH,UNIT_SCADA,1,"2019/09/06 13:35:00",HPRL1,0.60
D,DISPATCH,UNIT_SCADA,1,"2019/09/06 13:35:00",HUMENSW,0
D,DISPATCH,UNIT_SCADA,1,"2019/09/06 13:35:00",HUMEV,24.30
D,DISPATCH,UNIT_SCADA,1,"2019/09/06 13:35:00",HVGTS,0
D,DISPATCH,UNIT_SCADA,1,"2019/09/06 13:35:00",JBUTTERS,106.60
D,DISPATCH,UNIT_SCADA,1,"2019/09/06 13:35:00",JLA01,0.10
D,DISPATCH,UNIT_SCADA,1,"2019/09/06 13:35:00",JLA02,0
D,DISPATCH,UNIT_SCADA,1,"2019/09/06 13:35:00",JLA03,0
D,DISPATCH,UNIT_SCADA,1,"2019/09/06 13:35:00",JLA04,0
D,DISPATCH,UNIT_SCADA,1,"2019/09/06 13:35:00",JLB01,0
D,DISPATCH,UNIT_SCADA,1,"2019/09/06 13:35:00",JLB02,0.10
D,DISPATCH,UNIT_SCADA,1,"2019/09/06 13:35:00",JLB03,0
D,DISPATCH,UNIT_SCADA,1,"2019/09/06 13:35:00",KAREEYA1,21.5425
D,DISPATCH,UNIT_SCADA,1,"2019/09/06 13:35:00",KAREEYA2,21.69
D,DISPATCH,UNIT_SCADA,1,"2019/09/06 13:35:00",KAREEYA3,0
D,DISPATCH,UNIT_SCADA,1,"2019/09/06 13:35:00",KAREEYA4,21.5225
D,DISPATCH,UNIT_SCADA,1,"2019/09/06 13:35:00",KARSF1,26.90
D,DISPATCH,UNIT_SCADA,1,"2019/09/06 13:35:00",KIATAWF1,30.90
D,DISPATCH,UNIT_SCADA,1,"2019/09/06 13:35:00",KPP_1,0
D,DISPATCH,UNIT_SCADA,1,"2019/09/06 13:35:00",KSP1,45.97
D,DISPATCH,UNIT_SCADA,1,"2019/09/06 13:35:00",LADBROK1,0
D,DISPATCH,UNIT_SCADA,1,"2019/09/06 13:35:00",LADBROK2,0
D,DISPATCH,UNIT_SCADA,1,"2019/09/06 13:35:00",LD01,381.656250
D,DISPATCH,UNIT_SCADA,1,"2019/09/06 13:35:00",LD02,381.6937
D,DISPATCH,UNIT_SCADA,1,"2019/09/06 13:35:00",LD03,383.025050
D,DISPATCH,UNIT_SCADA,1,"2019/09/06 13:35:00",LD04,381.956180
D,DISPATCH,UNIT_SCADA,1,"2019/09/06 13:35:00",LEM_WIL,84.8134
D,DISPATCH,UNIT_SCADA,1,"2019/09/06 13:35:00",LGAPWF1,34.16
D,DISPATCH,UNIT_SCADA,1,"2019/09/06 13:35:00",LILYSF1,0
D,DISPATCH,UNIT_SCADA,1,"2019/09/06 13:35:00",LI_WY_CA,163.029590
D,DISPATCH,UNIT_SCADA,1,"2019/09/06 13:35:00",LKBONNY2,145.528750
D,DISPATCH,UNIT_SCADA,1,"2019/09/06 13:35:00",LKBONNY3,35.335330
D,DISPATCH,UNIT_SCADA,1,"2019/09/06 13:35:00",LK_ECHO,0
D,DISPATCH,UNIT_SCADA,1,"2019/09/06 13:35:00",LNGS1,0
D,DISPATCH,UNIT_SCADA,1,"2019/09/06 13:35:00",LNGS2,0
D,DISPATCH,UNIT_SCADA,1,"2019/09/06 13:35:00",LONSDALE,0
D,DISPATCH,UNIT_SCADA,1,"2019/09/06 13:35:00",LOYYB1,535.336730
D,DISPATCH,UNIT_SCADA,1,"2019/09/06 13:35:00",LOYYB2,583.458250
D,DISPATCH,UNIT_SCADA,1,"2019/09/06 13:35:00",LYA1,0
D,DISPATCH,UNIT_SCADA,1,"2019/09/06 13:35:00",LYA2,0
D,DISPATCH,UNIT_SCADA,1,"2019/09/06 13:35:00",LYA3,557
D,DISPATCH,UNIT_SCADA,1,"2019/09/06 13:35:00",LYA4,541
D,DISPATCH,UNIT_SCADA,1,"2019/09/06 13:35:00",MACARTH1,130.796980
D,DISPATCH,UNIT_SCADA,1,"2019/09/06 13:35:00",MACKAYGT,0.2240
D,DISPATCH,UNIT_SCADA,1,"2019/09/06 13:35:00",MACKNTSH,85.890010
D,DISPATCH,UNIT_SCADA,1,"2019/09/06 13:35:00",MANSLR1,14.1230
D,DISPATCH,UNIT_SCADA,1,"2019/09/06 13:35:00",MCKAY1,-0.0350
D,DISPATCH,UNIT_SCADA,1,"2019/09/06 13:35:00",MEADOWBK,33.781560
D,DISPATCH,UNIT_SCADA,1,"2019/09/06 13:35:00",MERCER01,32.3810
D,DISPATCH,UNIT_SCADA,1,"2019/09/06 13:35:00",MEWF1,14.105090
D,DISPATCH,UNIT_SCADA,1,"2019/09/06 13:35:00",MINTARO,0
D,DISPATCH,UNIT_SCADA,1,"2019/09/06 13:35:00",MOREESF1,47.2560
D,DISPATCH,UNIT_SCADA,1,"2019/09/06 13:35:00",MORTLK11,260
D,DISPATCH,UNIT_SCADA,1,"2019/09/06 13:35:00",MORTLK12,0
D,DISPATCH,UNIT_SCADA,1,"2019/09/06 13:35:00",MP1,157.199950
D,DISPATCH,UNIT_SCADA,1,"2019/09/06 13:35:00",MP2,0
D,DISPATCH,UNIT_SCADA,1,"2019/09/06 13:35:00",MPP_1,370.75
D,DISPATCH,UNIT_SCADA,1,"2019/09/06 13:35:00",MPP_2,420.75
D,DISPATCH,UNIT_SCADA,1,"2019/09/06 13:35:00",MSTUART1,0
D,DISPATCH,UNIT_SCADA,1,"2019/09/06 13:35:00",MSTUART2,0
D,DISPATCH,UNIT_SCADA,1,"2019/09/06 13:35:00",MSTUART3,0
D,DISPATCH,UNIT_SCADA,1,"2019/09/06 13:35:00",MTGELWF1,63.167210
D,DISPATCH,UNIT_SCADA,1,"2019/09/06 13:35:00",MURRAY,0
D,DISPATCH,UNIT_SCADA,1,"2019/09/06 13:35:00",MUSSELR1,162.50
D,DISPATCH,UNIT_SCADA,1,"2019/09/06 13:35:00",MUWAWF1,72.19
D,DISPATCH,UNIT_SCADA,1,"2019/09/06 13:35:00",NBHWF1,114
D,DISPATCH,UNIT_SCADA,1,"2019/09/06 13:35:00",NPS,0
D,DISPATCH,UNIT_SCADA,1,"2019/09/06 13:35:00",NUMURSF1,26.01
D,DISPATCH,UNIT_SCADA,1,"2019/09/06 13:35:00",NYNGAN1,52.25
D,DISPATCH,UNIT_SCADA,1,"2019/09/06 13:35:00",OAKEY1,0
D,DISPATCH,UNIT_SCADA,1,"2019/09/06 13:35:00",OAKEY1SF,23.6880
D,DISPATCH,UNIT_SCADA,1,"2019/09/06 13:35:00",OAKEY2,0
D,DISPATCH,UNIT_SCADA,1,"2019/09/06 13:35:00",OAKEY2SF,0
D,DISPATCH,UNIT_SCADA,1,"2019/09/06 13:35:00",OAKLAND1,13.30
D,DISPATCH,UNIT_SCADA,1,"2019/09/06 13:35:00",OSB-AG,0
D,DISPATCH,UNIT_SCADA,1,"2019/09/06 13:35:00",PARSF1,26.20
D,DISPATCH,UNIT_SCADA,1,"2019/09/06 13:35:00",POAT110,0
D,DISPATCH,UNIT_SCADA,1,"2019/09/06 13:35:00",POAT220,0
D,DISPATCH,UNIT_SCADA,1,"2019/09/06 13:35:00",POR01,0
D,DISPATCH,UNIT_SCADA,1,"2019/09/06 13:35:00",POR03,0
D,DISPATCH,UNIT_SCADA,1,"2019/09/06 13:35:00",PPCCGT,0
D,DISPATCH,UNIT_SCADA,1,"2019/09/06 13:35:00",PTSTAN1,0
D,DISPATCH,UNIT_SCADA,1,"2019/09/06 13:35:00",PUMP1,0
D,DISPATCH,UNIT_SCADA,1,"2019/09/06 13:35:00",PUMP2,0
D,DISPATCH,UNIT_SCADA,1,"2019/09/06 13:35:00",QPS1,0
D,DISPATCH,UNIT_SCADA,1,"2019/09/06 13:35:00",QPS2,0
D,DISPATCH,UNIT_SCADA,1,"2019/09/06 13:35:00",QPS3,0
D,DISPATCH,UNIT_SCADA,1,"2019/09/06 13:35:00",QPS4,0
D,DISPATCH,UNIT_SCADA,1,"2019/09/06 13:35:00",QPS5,0
D,DISPATCH,UNIT_SCADA,1,"2019/09/06 13:35:00",REECE1,100.780010
D,DISPATCH,UNIT_SCADA,1,"2019/09/06 13:35:00",REECE2,101.120010
D,DISPATCH,UNIT_SCADA,1,"2019/09/06 13:35:00",ROMA_7,0
D,DISPATCH,UNIT_SCADA,1,"2019/09/06 13:35:00",ROMA_8,0
D,DISPATCH,UNIT_SCADA,1,"2019/09/06 13:35:00",RRSF1,115.084580
D,DISPATCH,UNIT_SCADA,1,"2019/09/06 13:35:00",RT_NSW1,0
D,DISPATCH,UNIT_SCADA,1,"2019/09/06 13:35:00",RT_NSW2,0
D,DISPATCH,UNIT_SCADA,1,"2019/09/06 13:35:00",RT_NSW3,0
D,DISPATCH,UNIT_SCADA,1,"2019/09/06 13:35:00",RT_NSW4,0
D,DISPATCH,UNIT_SCADA,1,"2019/09/06 13:35:00",RT_NSW5,0
D,DISPATCH,UNIT_SCADA,1,"2019/09/06 13:35:00",RT_NSW6,0
D,DISPATCH,UNIT_SCADA,1,"2019/09/06 13:35:00",RT_QLD1,0
D,DISPATCH,UNIT_SCADA,1,"2019/09/06 13:35:00",RT_SA1,0
D,DISPATCH,UNIT_SCADA,1,"2019/09/06 13:35:00",RT_SA2,0
D,DISPATCH,UNIT_SCADA,1,"2019/09/06 13:35:00",RT_SA3,0
D,DISPATCH,UNIT_SCADA,1,"2019/09/06 13:35:00",RT_SA4,0
D,DISPATCH,UNIT_SCADA,1,"2019/09/06 13:35:00",RT_SA5,0
D,DISPATCH,UNIT_SCADA,1,"2019/09/06 13:35:00",RT_SA6,0
D,DISPATCH,UNIT_SCADA,1,"2019/09/06 13:35:00",RT_TAS1,0
D,DISPATCH,UNIT_SCADA,1,"2019/09/06 13:35:00",RT_VIC1,0
D,DISPATCH,UNIT_SCADA,1,"2019/09/06 13:35:00",RT_VIC10,0
D,DISPATCH,UNIT_SCADA,1,"2019/09/06 13:35:00",RT_VIC11,0
D,DISPATCH,UNIT_SCADA,1,"2019/09/06 13:35:00",RT_VIC12,0
D,DISPATCH,UNIT_SCADA,1,"2019/09/06 13:35:00",RT_VIC2,0
D,DISPATCH,UNIT_SCADA,1,"2019/09/06 13:35:00",RT_VIC3,0
D,DISPATCH,UNIT_SCADA,1,"2019/09/06 13:35:00",RT_VIC4,0
D,DISPATCH,UNIT_SCADA,1,"2019/09/06 13:35:00",RT_VIC5,0
D,DISPATCH,UNIT_SCADA,1,"2019/09/06 13:35:00",RT_VIC6,0
D,DISPATCH,UNIT_SCADA,1,"2019/09/06 13:35:00",RT_VIC7,0
D,DISPATCH,UNIT_SCADA,1,"2019/09/06 13:35:00",RT_VIC8,0
D,DISPATCH,UNIT_SCADA,1,"2019/09/06 13:35:00",RT_VIC9,0
D,DISPATCH,UNIT_SCADA,1,"2019/09/06 13:35:00",RUGBYR1,62.998530
D,DISPATCH,UNIT_SCADA,1,"2019/09/06 13:35:00",SALTCRK1,43.51
D,DISPATCH,UNIT_SCADA,1,"2019/09/06 13:35:00",SAPHWF1,236.165650
D,DISPATCH,UNIT_SCADA,1,"2019/09/06 13:35:00",SHGEN,0
D,DISPATCH,UNIT_SCADA,1,"2019/09/06 13:35:00",SHPUMP,0
D,DISPATCH,UNIT_SCADA,1,"2019/09/06 13:35:00",SITHE01,0.234240
D,DISPATCH,UNIT_SCADA,1,"2019/09/06 13:35:00",SMCSF1,84.047470
D,DISPATCH,UNIT_SCADA,1,"2019/09/06 13:35:00",SNOWNTH1,138.70
D,DISPATCH,UNIT_SCADA,1,"2019/09/06 13:35:00",SNOWSTH1,118.40
D,DISPATCH,UNIT_SCADA,1,"2019/09/06 13:35:00",SNOWTWN1,41.296890
D,DISPATCH,UNIT_SCADA,1,"2019/09/06 13:35:00",SNOWYP,199.80
D,DISPATCH,UNIT_SCADA,1,"2019/09/06 13:35:00",SNUG1,0.019440
D,DISPATCH,UNIT_SCADA,1,"2019/09/06 13:35:00",SRSF1,69.47
D,DISPATCH,UNIT_SCADA,1,"2019/09/06 13:35:00",STAN-1,264.841370
D,DISPATCH,UNIT_SCADA,1,"2019/09/06 13:35:00",STAN-2,231.809920
D,DISPATCH,UNIT_SCADA,1,"2019/09/06 13:35:00",STAN-3,232.412350
D,DISPATCH,UNIT_SCADA,1,"2019/09/06 13:35:00",STAN-4,228.169660
D,DISPATCH,UNIT_SCADA,1,"2019/09/06 13:35:00",STWF1,0
D,DISPATCH,UNIT_SCADA,1,"2019/09/06 13:35:00",SWAN_E,0
D,DISPATCH,UNIT_SCADA,1,"2019/09/06 13:35:00",TALWA1,191
D,DISPATCH,UNIT_SCADA,1,"2019/09/06 13:35:00",TARALGA1,99.161250
D,DISPATCH,UNIT_SCADA,1,"2019/09/06 13:35:00",TARONG#1,349.300020
D,DISPATCH,UNIT_SCADA,1,"2019/09/06 13:35:00",TARONG#2,0
D,DISPATCH,UNIT_SCADA,1,"2019/09/06 13:35:00",TARONG#3,280.100010
D,DISPATCH,UNIT_SCADA,1,"2019/09/06 13:35:00",TARONG#4,348.50
D,DISPATCH,UNIT_SCADA,1,"2019/09/06 13:35:00",TARRALEA,73.90
D,DISPATCH,UNIT_SCADA,1,"2019/09/06 13:35:00",TBSF1,24
D,DISPATCH,UNIT_SCADA,1,"2019/09/06 13:35:00",TNPS1,400.000030
D,DISPATCH,UNIT_SCADA,1,"2019/09/06 13:35:00",TORRA1,35.862510
D,DISPATCH,UNIT_SCADA,1,"2019/09/06 13:35:00",TORRA2,0
D,DISPATCH,UNIT_SCADA,1,"2019/09/06 13:35:00",TORRA3,0
D,DISPATCH,UNIT_SCADA,1,"2019/09/06 13:35:00",TORRA4,35.205080
D,DISPATCH,UNIT_SCADA,1,"2019/09/06 13:35:00",TORRB1,72.82
D,DISPATCH,UNIT_SCADA,1,"2019/09/06 13:35:00",TORRB2,87.89
D,DISPATCH,UNIT_SCADA,1,"2019/09/06 13:35:00",TORRB3,65.17
D,DISPATCH,UNIT_SCADA,1,"2019/09/06 13:35:00",TORRB4,0
D,DISPATCH,UNIT_SCADA,1,"2019/09/06 13:35:00",TREVALLN,87.850030
D,DISPATCH,UNIT_SCADA,1,"2019/09/06 13:35:00",TRIBUTE,0
D,DISPATCH,UNIT_SCADA,1,"2019/09/06 13:35:00",TUMUT3,0
D,DISPATCH,UNIT_SCADA,1,"2019/09/06 13:35:00",TUNGATIN,31.640030
D,DISPATCH,UNIT_SCADA,1,"2019/09/06 13:35:00",TVCC201,0
D,DISPATCH,UNIT_SCADA,1,"2019/09/06 13:35:00",TVPP104,0
D,DISPATCH,UNIT_SCADA,1,"2019/09/06 13:35:00",UPPTUMUT,0
D,DISPATCH,UNIT_SCADA,1,"2019/09/06 13:35:00",URANQ11,0
D,DISPATCH,UNIT_SCADA,1,"2019/09/06 13:35:00",URANQ12,0
D,DISPATCH,UNIT_SCADA,1,"2019/09/06 13:35:00",URANQ13,0
D,DISPATCH,UNIT_SCADA,1,"2019/09/06 13:35:00",URANQ14,0
D,DISPATCH,UNIT_SCADA,1,"2019/09/06 13:35:00",VP5,403.350010
D,DISPATCH,UNIT_SCADA,1,"2019/09/06 13:35:00",VP6,0
D,DISPATCH,UNIT_SCADA,1,"2019/09/06 13:35:00",VPGS1,0
D,DISPATCH,UNIT_SCADA,1,"2019/09/06 13:35:00",VPGS2,0
D,DISPATCH,UNIT_SCADA,1,"2019/09/06 13:35:00",VPGS3,0
D,DISPATCH,UNIT_SCADA,1,"2019/09/06 13:35:00",VPGS4,0
D,DISPATCH,UNIT_SCADA,1,"2019/09/06 13:35:00",VPGS5,0
D,DISPATCH,UNIT_SCADA,1,"2019/09/06 13:35:00",VPGS6,0
D,DISPATCH,UNIT_SCADA,1,"2019/09/06 13:35:00",W/HOE#1,0
D,DISPATCH,UNIT_SCADA,1,"2019/09/06 13:35:00",W/HOE#2,0
D,DISPATCH,UNIT_SCADA,1,"2019/09/06 13:35:00",WATERLWF,84.20
D,DISPATCH,UNIT_SCADA,1,"2019/09/06 13:35:00",WEMENSF1,0
D,DISPATCH,UNIT_SCADA,1,"2019/09/06 13:35:00",WGWF1,3
D,DISPATCH,UNIT_SCADA,1,"2019/09/06 13:35:00",WHITSF1,41.90
D,DISPATCH,UNIT_SCADA,1,"2019/09/06 13:35:00",WKIEWA1,0
D,DISPATCH,UNIT_SCADA,1,"2019/09/06 13:35:00",WKIEWA2,0.10
D,DISPATCH,UNIT_SCADA,1,"2019/09/06 13:35:00",WOODLWN1,43.5330
D,DISPATCH,UNIT_SCADA,1,"2019/09/06 13:35:00",WRSF1,10.66
D,DISPATCH,UNIT_SCADA,1,"2019/09/06 13:35:00",WRWF1,143.794980
D,DISPATCH,UNIT_SCADA,1,"2019/09/06 13:35:00",YABULU,0
D,DISPATCH,UNIT_SCADA,1,"2019/09/06 13:35:00",YABULU2,0
D,DISPATCH,UNIT_SCADA,1,"2019/09/06 13:35:00",YARWUN_1,120.06
D,DISPATCH,UNIT_SCADA,1,"2019/09/06 13:35:00",YENDWF1,41.91
D,DISPATCH,UNIT_SCADA,1,"2019/09/06 13:35:00",YWPS1,378.946840
D,DISPATCH,UNIT_SCADA,1,"2019/09/06 13:35:00",YWPS2,280.698730
D,DISPATCH,UNIT_SCADA,1,"2019/09/06 13:35:00",YWPS3,330.031650
D,DISPATCH,UNIT_SCADA,1,"2019/09/06 13:35:00",YWPS4,395.237980
C,"END OF REPORT",335
