C,NEMP.WORLD,DISPATCHSCADA,AEMO,PUBLIC,2019/08/23,00:50:09,0000000311887846,DISPATCHSCADA,0000000311887840
I,DISPATCH,UNIT_SCADA,1,SETTLEMENTDATE,DUID,SCADAVALUE
D,DISPATCH,UNIT_SCADA,1,"2019/08/23 00:55:00",BARCSF1,0
D,DISPATCH,UNIT_SCADA,1,"2019/08/23 00:55:00",BUTLERSG,9.699999
D,DISPATCH,UNIT_SCADA,1,"2019/08/23 00:55:00",CALL_A_4,0
D,DISPATCH,UNIT_SCADA,1,"2019/08/23 00:55:00",CAPTL_WF,0
D,DISPATCH,UNIT_SCADA,1,"2019/08/23 00:55:00",CATHROCK,16.07
D,DISPATCH,UNIT_SCADA,1,"2019/08/23 00:55:00",CHALLHWF,0
D,DISPATCH,UNIT_SCADA,1,"2019/08/23 00:55:00",CLOVER,-0.01
D,DISPATCH,UNIT_SCADA,1,"2019/08/23 00:55:00",CLUNY,20.378576
D,DISPATCH,UNIT_SCADA,1,"2019/08/23 00:55:00",CNUNDAWF,2.502920
D,DISPATCH,UNIT_SCADA,1,"2019/08/23 00:55:00",CULLRGWF,1.47
D,DISPATCH,UNIT_SCADA,1,"2019/08/23 00:55:00",ERGT01,0
D,DISPATCH,UNIT_SCADA,1,"2019/08/23 00:55:00",GB01,0.068047
D,DISPATCH,UNIT_SCADA,1,"2019/08/23 00:55:00",GERMCRK,36.900002
D,DISPATCH,UNIT_SCADA,1,"2019/08/23 00:55:00",GRIFSF1,0
D,DISPATCH,UNIT_SCADA,1,"2019/08/23 00:55:00",HUGSF1,-0.2370
D,DISPATCH,UNIT_SCADA,1,"2019/08/23 00:55:00",LKBONNY1,1.071712
D,DISPATCH,UNIT_SCADA,1,"2019/08/23 00:55:00",LRSF1,-0.0130
D,DISPATCH,UNIT_SCADA,1,"2019/08/23 00:55:00",MBAHNTH,55.743744
D,DISPATCH,UNIT_SCADA,1,"2019/08/23 00:55:00",MLSP1,0.180001
D,DISPATCH,UNIT_SCADA,1,"2019/08/23 00:55:00",MLWF1,2.16
D,DISPATCH,UNIT_SCADA,1,"2019/08/23 00:55:00",MTMILLAR,5.588425
D,DISPATCH,UNIT_SCADA,1,"2019/08/23 00:55:00",PALOONA,28.43
D,DISPATCH,UNIT_SCADA,1,"2019/08/23 00:55:00",PIONEER,49.200001
D,DISPATCH,UNIT_SCADA,1,"2019/08/23 00:55:00",PORTWF,1.10
D,DISPATCH,UNIT_SCADA,1,"2019/08/23 00:55:00",REPULSE,28.942703
D,DISPATCH,UNIT_SCADA,1,"2019/08/23 00:55:00",ROWALLAN,10.4512
D,DISPATCH,UNIT_SCADA,1,"2019/08/23 00:55:00",ROYALLA1,0
D,DISPATCH,UNIT_SCADA,1,"2019/08/23 00:55:00",RPCG,11.20
D,DISPATCH,UNIT_SCADA,1,"2019/08/23 00:55:00",RUBICON,0
D,DISPATCH,UNIT_SCADA,1,"2019/08/23 00:55:00",SATGN1,0
D,DISPATCH,UNIT_SCADA,1,"2019/08/23 00:55:00",SATGS1,0
D,DISPATCH,UNIT_SCADA,1,"2019/08/23 00:55:00",STARHLWF,-0.099971
D,DISPATCH,UNIT_SCADA,1,"2019/08/23 00:55:00",WAUBRAWF,30.870001
D,DISPATCH,UNIT_SCADA,1,"2019/08/23 00:55:00",WOOLNTH1,26.940018
D,DISPATCH,UNIT_SCADA,1,"2019/08/23 00:55:00",WPWF,0
D,DISPATCH,UNIT_SCADA,1,"2019/08/23 00:55:00",YAMBUKWF,0.80
D,DISPATCH,UNIT_SCADA,1,"2019/08/23 00:55:00",YSWF1,0.80
D,DISPATCH,UNIT_SCADA,1,"2019/08/23 00:55:00",AGLHAL,0
D,DISPATCH,UNIT_SCADA,1,"2019/08/23 00:55:00",AGLSOM,-0.10
D,DISPATCH,UNIT_SCADA,1,"2019/08/23 00:55:00",ANGAST1,0
D,DISPATCH,UNIT_SCADA,1,"2019/08/23 00:55:00",ARWF1,16.80
D,DISPATCH,UNIT_SCADA,1,"2019/08/23 00:55:00",BALBG1,0
D,DISPATCH,UNIT_SCADA,1,"2019/08/23 00:55:00",BALBL1,0
D,DISPATCH,UNIT_SCADA,1,"2019/08/23 00:55:00",BALDHWF1,20.2920
D,DISPATCH,UNIT_SCADA,1,"2019/08/23 00:55:00",BANN1,0
D,DISPATCH,UNIT_SCADA,1,"2019/08/23 00:55:00",BARCALDN,0
D,DISPATCH,UNIT_SCADA,1,"2019/08/23 00:55:00",BARRON-1,0
D,DISPATCH,UNIT_SCADA,1,"2019/08/23 00:55:00",BARRON-2,0
D,DISPATCH,UNIT_SCADA,1,"2019/08/23 00:55:00",BASTYAN,78.01
D,DISPATCH,UNIT_SCADA,1,"2019/08/23 00:55:00",BBTHREE1,-1.96
D,DISPATCH,UNIT_SCADA,1,"2019/08/23 00:55:00",BBTHREE2,-1.98
D,DISPATCH,UNIT_SCADA,1,"2019/08/23 00:55:00",BBTHREE3,-1.01
D,DISPATCH,UNIT_SCADA,1,"2019/08/23 00:55:00",BDL01,0
D,DISPATCH,UNIT_SCADA,1,"2019/08/23 00:55:00",BDL02,0
D,DISPATCH,UNIT_SCADA,1,"2019/08/23 00:55:00",BERYLSF1,0
D,DISPATCH,UNIT_SCADA,1,"2019/08/23 00:55:00",BLOWERNG,0
D,DISPATCH,UNIT_SCADA,1,"2019/08/23 00:55:00",BLUFF1,3.70
D,DISPATCH,UNIT_SCADA,1,"2019/08/23 00:55:00",BNGSF1,0
D,DISPATCH,UNIT_SCADA,1,"2019/08/23 00:55:00",BNGSF2,0
D,DISPATCH,UNIT_SCADA,1,"2019/08/23 00:55:00",BOCORWF1,43.93
D,DISPATCH,UNIT_SCADA,1,"2019/08/23 00:55:00",BODWF1,96.060280
D,DISPATCH,UNIT_SCADA,1,"2019/08/23 00:55:00",BRAEMAR1,0
D,DISPATCH,UNIT_SCADA,1,"2019/08/23 00:55:00",BRAEMAR2,0
D,DISPATCH,UNIT_SCADA,1,"2019/08/23 00:55:00",BRAEMAR3,0
D,DISPATCH,UNIT_SCADA,1,"2019/08/23 00:55:00",BRAEMAR5,0
D,DISPATCH,UNIT_SCADA,1,"2019/08/23 00:55:00",BRAEMAR6,0
D,DISPATCH,UNIT_SCADA,1,"2019/08/23 00:55:00",BRAEMAR7,0
D,DISPATCH,UNIT_SCADA,1,"2019/08/23 00:55:00",BROKENH1,0
D,DISPATCH,UNIT_SCADA,1,"2019/08/23 00:55:00",BW01,635.949950
D,DISPATCH,UNIT_SCADA,1,"2019/08/23 00:55:00",BW02,647.325070
D,DISPATCH,UNIT_SCADA,1,"2019/08/23 00:55:00",BW03,655.175050
D,DISPATCH,UNIT_SCADA,1,"2019/08/23 00:55:00",BW04,0
D,DISPATCH,UNIT_SCADA,1,"2019/08/23 00:55:00",CALL_B_1,150.20
D,DISPATCH,UNIT_SCADA,1,"2019/08/23 00:55:00",CALL_B_2,350.50
D,DISPATCH,UNIT_SCADA,1,"2019/08/23 00:55:00",CETHANA,97.166630
D,DISPATCH,UNIT_SCADA,1,"2019/08/23 00:55:00",CG1,0
D,DISPATCH,UNIT_SCADA,1,"2019/08/23 00:55:00",CG2,0
D,DISPATCH,UNIT_SCADA,1,"2019/08/23 00:55:00",CG3,0
D,DISPATCH,UNIT_SCADA,1,"2019/08/23 00:55:00",CG4,0
D,DISPATCH,UNIT_SCADA,1,"2019/08/23 00:55:00",CHILDSF1,0
D,DISPATCH,UNIT_SCADA,1,"2019/08/23 00:55:00",CLARESF1,0
D,DISPATCH,UNIT_SCADA,1,"2019/08/23 00:55:00",CLEMGPWF,20.962190
D,DISPATCH,UNIT_SCADA,1,"2019/08/23 00:55:00",CLERMSF1,0
D,DISPATCH,UNIT_SCADA,1,"2019/08/23 00:55:00",COLEASF1,0
D,DISPATCH,UNIT_SCADA,1,"2019/08/23 00:55:00",COOPGWF1,35.262840
D,DISPATCH,UNIT_SCADA,1,"2019/08/23 00:55:00",CPP_3,404.800020
D,DISPATCH,UNIT_SCADA,1,"2019/08/23 00:55:00",CPP_4,405.6250
D,DISPATCH,UNIT_SCADA,1,"2019/08/23 00:55:00",CPSA,141.522510
D,DISPATCH,UNIT_SCADA,1,"2019/08/23 00:55:00",CROOKWF2,0
D,DISPATCH,UNIT_SCADA,1,"2019/08/23 00:55:00",CROWLWF1,8.058370
D,DISPATCH,UNIT_SCADA,1,"2019/08/23 00:55:00",CSPVPS1,0
D,DISPATCH,UNIT_SCADA,1,"2019/08/23 00:55:00",DALNTH01,0
D,DISPATCH,UNIT_SCADA,1,"2019/08/23 00:55:00",DALNTHL1,0.0412
D,DISPATCH,UNIT_SCADA,1,"2019/08/23 00:55:00",DARTM1,134.399990
D,DISPATCH,UNIT_SCADA,1,"2019/08/23 00:55:00",DAYDSF1,0
D,DISPATCH,UNIT_SCADA,1,"2019/08/23 00:55:00",DDPS1,258.314360
D,DISPATCH,UNIT_SCADA,1,"2019/08/23 00:55:00",DDSF1,0
D,DISPATCH,UNIT_SCADA,1,"2019/08/23 00:55:00",DEVILS_G,0
D,DISPATCH,UNIT_SCADA,1,"2019/08/23 00:55:00",DG_NSW1,0
D,DISPATCH,UNIT_SCADA,1,"2019/08/23 00:55:00",DG_QLD1,0
D,DISPATCH,UNIT_SCADA,1,"2019/08/23 00:55:00",DG_SA1,0
D,DISPATCH,UNIT_SCADA,1,"2019/08/23 00:55:00",DG_TAS1,0
D,DISPATCH,UNIT_SCADA,1,"2019/08/23 00:55:00",DG_VIC1,0
D,DISPATCH,UNIT_SCADA,1,"2019/08/23 00:55:00",DRYCGT1,0
D,DISPATCH,UNIT_SCADA,1,"2019/08/23 00:55:00",DRYCGT2,0
D,DISPATCH,UNIT_SCADA,1,"2019/08/23 00:55:00",DRYCGT3,0
D,DISPATCH,UNIT_SCADA,1,"2019/08/23 00:55:00",EILDON1,0
D,DISPATCH,UNIT_SCADA,1,"2019/08/23 00:55:00",EILDON2,0
D,DISPATCH,UNIT_SCADA,1,"2019/08/23 00:55:00",EMERASF1,0
D,DISPATCH,UNIT_SCADA,1,"2019/08/23 00:55:00",ER01,521.450070
D,DISPATCH,UNIT_SCADA,1,"2019/08/23 00:55:00",ER02,514
D,DISPATCH,UNIT_SCADA,1,"2019/08/23 00:55:00",ER03,380.099980
D,DISPATCH,UNIT_SCADA,1,"2019/08/23 00:55:00",ER04,630.825070
D,DISPATCH,UNIT_SCADA,1,"2019/08/23 00:55:00",FINLYSF1,0
D,DISPATCH,UNIT_SCADA,1,"2019/08/23 00:55:00",FISHER,45.89
D,DISPATCH,UNIT_SCADA,1,"2019/08/23 00:55:00",GANNBG1,0
D,DISPATCH,UNIT_SCADA,1,"2019/08/23 00:55:00",GANNBL1,0.034550
D,DISPATCH,UNIT_SCADA,1,"2019/08/23 00:55:00",GANNSF1,0
D,DISPATCH,UNIT_SCADA,1,"2019/08/23 00:55:00",GORDON,95.717440
D,DISPATCH,UNIT_SCADA,1,"2019/08/23 00:55:00",GSTONE1,256.199980
D,DISPATCH,UNIT_SCADA,1,"2019/08/23 00:55:00",GSTONE2,229.95
D,DISPATCH,UNIT_SCADA,1,"2019/08/23 00:55:00",GSTONE3,241.6750
D,DISPATCH,UNIT_SCADA,1,"2019/08/23 00:55:00",GSTONE4,248.50
D,DISPATCH,UNIT_SCADA,1,"2019/08/23 00:55:00",GSTONE5,256.549990
D,DISPATCH,UNIT_SCADA,1,"2019/08/23 00:55:00",GSTONE6,0
D,DISPATCH,UNIT_SCADA,1,"2019/08/23 00:55:00",GULLRSF1,0
D,DISPATCH,UNIT_SCADA,1,"2019/08/23 00:55:00",GULLRWF1,3.532680
D,DISPATCH,UNIT_SCADA,1,"2019/08/23 00:55:00",GUNNING1,0.170930
D,DISPATCH,UNIT_SCADA,1,"2019/08/23 00:55:00",GUTHEGA,0
D,DISPATCH,UNIT_SCADA,1,"2019/08/23 00:55:00",HALLWF1,30.84
D,DISPATCH,UNIT_SCADA,1,"2019/08/23 00:55:00",HALLWF2,17.38
D,DISPATCH,UNIT_SCADA,1,"2019/08/23 00:55:00",HAMISF1,0
D,DISPATCH,UNIT_SCADA,1,"2019/08/23 00:55:00",HAUGHT11,0
D,DISPATCH,UNIT_SCADA,1,"2019/08/23 00:55:00",HAYMSF1,0
D,DISPATCH,UNIT_SCADA,1,"2019/08/23 00:55:00",HDWF1,48
D,DISPATCH,UNIT_SCADA,1,"2019/08/23 00:55:00",HDWF2,44.80
D,DISPATCH,UNIT_SCADA,1,"2019/08/23 00:55:00",HDWF3,59.40
D,DISPATCH,UNIT_SCADA,1,"2019/08/23 00:55:00",HPRG1,0
D,DISPATCH,UNIT_SCADA,1,"2019/08/23 00:55:00",HPRL1,14.40
D,DISPATCH,UNIT_SCADA,1,"2019/08/23 00:55:00",HUMENSW,0
D,DISPATCH,UNIT_SCADA,1,"2019/08/23 00:55:00",HUMEV,8.30
D,DISPATCH,UNIT_SCADA,1,"2019/08/23 00:55:00",HVGTS,0
D,DISPATCH,UNIT_SCADA,1,"2019/08/23 00:55:00",JBUTTERS,136.87
D,DISPATCH,UNIT_SCADA,1,"2019/08/23 00:55:00",JLA01,0.10
D,DISPATCH,UNIT_SCADA,1,"2019/08/23 00:55:00",JLA02,0
D,DISPATCH,UNIT_SCADA,1,"2019/08/23 00:55:00",JLA03,0.10
D,DISPATCH,UNIT_SCADA,1,"2019/08/23 00:55:00",JLA04,0.10
D,DISPATCH,UNIT_SCADA,1,"2019/08/23 00:55:00",JLB01,0
D,DISPATCH,UNIT_SCADA,1,"2019/08/23 00:55:00",JLB02,0.10
D,DISPATCH,UNIT_SCADA,1,"2019/08/23 00:55:00",JLB03,0
D,DISPATCH,UNIT_SCADA,1,"2019/08/23 00:55:00",KAREEYA1,21.60
D,DISPATCH,UNIT_SCADA,1,"2019/08/23 00:55:00",KAREEYA2,21.8325
D,DISPATCH,UNIT_SCADA,1,"2019/08/23 00:55:00",KAREEYA3,0
D,DISPATCH,UNIT_SCADA,1,"2019/08/23 00:55:00",KAREEYA4,21.64
D,DISPATCH,UNIT_SCADA,1,"2019/08/23 00:55:00",KARSF1,0
D,DISPATCH,UNIT_SCADA,1,"2019/08/23 00:55:00",KIATAWF1,1.10
D,DISPATCH,UNIT_SCADA,1,"2019/08/23 00:55:00",KPP_1,0
D,DISPATCH,UNIT_SCADA,1,"2019/08/23 00:55:00",KSP1,0
D,DISPATCH,UNIT_SCADA,1,"2019/08/23 00:55:00",LADBROK1,0
D,DISPATCH,UNIT_SCADA,1,"2019/08/23 00:55:00",LADBROK2,0
D,DISPATCH,UNIT_SCADA,1,"2019/08/23 00:55:00",LD01,390.543730
D,DISPATCH,UNIT_SCADA,1,"2019/08/23 00:55:00",LD02,302.868710
D,DISPATCH,UNIT_SCADA,1,"2019/08/23 00:55:00",LD03,384.618710
D,DISPATCH,UNIT_SCADA,1,"2019/08/23 00:55:00",LD04,386.118710
D,DISPATCH,UNIT_SCADA,1,"2019/08/23 00:55:00",LEM_WIL,86.1183
D,DISPATCH,UNIT_SCADA,1,"2019/08/23 00:55:00",LGAPWF1,1.26
D,DISPATCH,UNIT_SCADA,1,"2019/08/23 00:55:00",LILYSF1,0
D,DISPATCH,UNIT_SCADA,1,"2019/08/23 00:55:00",LI_WY_CA,149.342250
D,DISPATCH,UNIT_SCADA,1,"2019/08/23 00:55:00",LKBONNY2,5.911030
D,DISPATCH,UNIT_SCADA,1,"2019/08/23 00:55:00",LKBONNY3,2.400350
D,DISPATCH,UNIT_SCADA,1,"2019/08/23 00:55:00",LK_ECHO,0
D,DISPATCH,UNIT_SCADA,1,"2019/08/23 00:55:00",LNGS1,0
D,DISPATCH,UNIT_SCADA,1,"2019/08/23 00:55:00",LNGS2,0
D,DISPATCH,UNIT_SCADA,1,"2019/08/23 00:55:00",LONSDALE,0
D,DISPATCH,UNIT_SCADA,1,"2019/08/23 00:55:00",LOYYB1,536.840520
D,DISPATCH,UNIT_SCADA,1,"2019/08/23 00:55:00",LOYYB2,582.330380
D,DISPATCH,UNIT_SCADA,1,"2019/08/23 00:55:00",LYA1,558
D,DISPATCH,UNIT_SCADA,1,"2019/08/23 00:55:00",LYA2,0
D,DISPATCH,UNIT_SCADA,1,"2019/08/23 00:55:00",LYA3,560
D,DISPATCH,UNIT_SCADA,1,"2019/08/23 00:55:00",LYA4,539
D,DISPATCH,UNIT_SCADA,1,"2019/08/23 00:55:00",MACARTH1,9.199790
D,DISPATCH,UNIT_SCADA,1,"2019/08/23 00:55:00",MACKAYGT,0
D,DISPATCH,UNIT_SCADA,1,"2019/08/23 00:55:00",MACKNTSH,85.98
D,DISPATCH,UNIT_SCADA,1,"2019/08/23 00:55:00",MANSLR1,0
D,DISPATCH,UNIT_SCADA,1,"2019/08/23 00:55:00",MCKAY1,0.02
D,DISPATCH,UNIT_SCADA,1,"2019/08/23 00:55:00",MEADOWBK,33.638660
D,DISPATCH,UNIT_SCADA,1,"2019/08/23 00:55:00",MERCER01,-0.3740
D,DISPATCH,UNIT_SCADA,1,"2019/08/23 00:55:00",MEWF1,15.174140
D,DISPATCH,UNIT_SCADA,1,"2019/08/23 00:55:00",MINTARO,0
D,DISPATCH,UNIT_SCADA,1,"2019/08/23 00:55:00",MOREESF1,0
D,DISPATCH,UNIT_SCADA,1,"2019/08/23 00:55:00",MORTLK11,150
D,DISPATCH,UNIT_SCADA,1,"2019/08/23 00:55:00",MORTLK12,0
D,DISPATCH,UNIT_SCADA,1,"2019/08/23 00:55:00",MP1,284.150020
D,DISPATCH,UNIT_SCADA,1,"2019/08/23 00:55:00",MP2,0
D,DISPATCH,UNIT_SCADA,1,"2019/08/23 00:55:00",MPP_1,374.50
D,DISPATCH,UNIT_SCADA,1,"2019/08/23 00:55:00",MPP_2,400
D,DISPATCH,UNIT_SCADA,1,"2019/08/23 00:55:00",MSTUART1,0
D,DISPATCH,UNIT_SCADA,1,"2019/08/23 00:55:00",MSTUART2,0
D,DISPATCH,UNIT_SCADA,1,"2019/08/23 00:55:00",MSTUART3,0
D,DISPATCH,UNIT_SCADA,1,"2019/08/23 00:55:00",MTGELWF1,-0.056460
D,DISPATCH,UNIT_SCADA,1,"2019/08/23 00:55:00",MURRAY,282.419980
D,DISPATCH,UNIT_SCADA,1,"2019/08/23 00:55:00",MUSSELR1,0.60
D,DISPATCH,UNIT_SCADA,1,"2019/08/23 00:55:00",MUWAWF1,-0.08
D,DISPATCH,UNIT_SCADA,1,"2019/08/23 00:55:00",NBHWF1,63.10
D,DISPATCH,UNIT_SCADA,1,"2019/08/23 00:55:00",NPS,360
D,DISPATCH,UNIT_SCADA,1,"2019/08/23 00:55:00",NUMURSF1,0
D,DISPATCH,UNIT_SCADA,1,"2019/08/23 00:55:00",NYNGAN1,0
D,DISPATCH,UNIT_SCADA,1,"2019/08/23 00:55:00",OAKEY1,0
D,DISPATCH,UNIT_SCADA,1,"2019/08/23 00:55:00",OAKEY1SF,0
D,DISPATCH,UNIT_SCADA,1,"2019/08/23 00:55:00",OAKEY2,0
D,DISPATCH,UNIT_SCADA,1,"2019/08/23 00:55:00",OAKLAND1,3.50
D,DISPATCH,UNIT_SCADA,1,"2019/08/23 00:55:00",OSB-AG,184.679990
D,DISPATCH,UNIT_SCADA,1,"2019/08/23 00:55:00",PARSF1,0
D,DISPATCH,UNIT_SCADA,1,"2019/08/23 00:55:00",POAT110,0
D,DISPATCH,UNIT_SCADA,1,"2019/08/23 00:55:00",POAT220,1.31
D,DISPATCH,UNIT_SCADA,1,"2019/08/23 00:55:00",POR01,0
D,DISPATCH,UNIT_SCADA,1,"2019/08/23 00:55:00",POR03,0
D,DISPATCH,UNIT_SCADA,1,"2019/08/23 00:55:00",PPCCGT,495.682460
D,DISPATCH,UNIT_SCADA,1,"2019/08/23 00:55:00",PTSTAN1,0
D,DISPATCH,UNIT_SCADA,1,"2019/08/23 00:55:00",PUMP1,0
D,DISPATCH,UNIT_SCADA,1,"2019/08/23 00:55:00",PUMP2,0
D,DISPATCH,UNIT_SCADA,1,"2019/08/23 00:55:00",QPS1,29.10
D,DISPATCH,UNIT_SCADA,1,"2019/08/23 00:55:00",QPS2,0
D,DISPATCH,UNIT_SCADA,1,"2019/08/23 00:55:00",QPS3,0
D,DISPATCH,UNIT_SCADA,1,"2019/08/23 00:55:00",QPS4,0
D,DISPATCH,UNIT_SCADA,1,"2019/08/23 00:55:00",QPS5,0
D,DISPATCH,UNIT_SCADA,1,"2019/08/23 00:55:00",REECE1,118.680010
D,DISPATCH,UNIT_SCADA,1,"2019/08/23 00:55:00",REECE2,118.240010
D,DISPATCH,UNIT_SCADA,1,"2019/08/23 00:55:00",ROMA_7,0
D,DISPATCH,UNIT_SCADA,1,"2019/08/23 00:55:00",ROMA_8,0
D,DISPATCH,UNIT_SCADA,1,"2019/08/23 00:55:00",RRSF1,0
D,DISPATCH,UNIT_SCADA,1,"2019/08/23 00:55:00",RT_NSW1,0
D,DISPATCH,UNIT_SCADA,1,"2019/08/23 00:55:00",RT_NSW2,0
D,DISPATCH,UNIT_SCADA,1,"2019/08/23 00:55:00",RT_NSW3,0
D,DISPATCH,UNIT_SCADA,1,"2019/08/23 00:55:00",RT_NSW4,0
D,DISPATCH,UNIT_SCADA,1,"2019/08/23 00:55:00",RT_NSW5,0
D,DISPATCH,UNIT_SCADA,1,"2019/08/23 00:55:00",RT_NSW6,0
D,DISPATCH,UNIT_SCADA,1,"2019/08/23 00:55:00",RT_QLD1,0
D,DISPATCH,UNIT_SCADA,1,"2019/08/23 00:55:00",RT_SA1,0
D,DISPATCH,UNIT_SCADA,1,"2019/08/23 00:55:00",RT_SA2,0
D,DISPATCH,UNIT_SCADA,1,"2019/08/23 00:55:00",RT_SA3,0
D,DISPATCH,UNIT_SCADA,1,"2019/08/23 00:55:00",RT_SA4,0
D,DISPATCH,UNIT_SCADA,1,"2019/08/23 00:55:00",RT_SA5,0
D,DISPATCH,UNIT_SCADA,1,"2019/08/23 00:55:00",RT_SA6,0
D,DISPATCH,UNIT_SCADA,1,"2019/08/23 00:55:00",RT_TAS1,0
D,DISPATCH,UNIT_SCADA,1,"2019/08/23 00:55:00",RT_VIC1,0
D,DISPATCH,UNIT_SCADA,1,"2019/08/23 00:55:00",RT_VIC10,0
D,DISPATCH,UNIT_SCADA,1,"2019/08/23 00:55:00",RT_VIC11,0
D,DISPATCH,UNIT_SCADA,1,"2019/08/23 00:55:00",RT_VIC12,0
D,DISPATCH,UNIT_SCADA,1,"2019/08/23 00:55:00",RT_VIC2,0
D,DISPATCH,UNIT_SCADA,1,"2019/08/23 00:55:00",RT_VIC3,0
D,DISPATCH,UNIT_SCADA,1,"2019/08/23 00:55:00",RT_VIC4,0
D,DISPATCH,UNIT_SCADA,1,"2019/08/23 00:55:00",RT_VIC5,0
D,DISPATCH,UNIT_SCADA,1,"2019/08/23 00:55:00",RT_VIC6,0
D,DISPATCH,UNIT_SCADA,1,"2019/08/23 00:55:00",RT_VIC7,0
D,DISPATCH,UNIT_SCADA,1,"2019/08/23 00:55:00",RT_VIC8,0
D,DISPATCH,UNIT_SCADA,1,"2019/08/23 00:55:00",RT_VIC9,0
D,DISPATCH,UNIT_SCADA,1,"2019/08/23 00:55:00",RUGBYR1,0
D,DISPATCH,UNIT_SCADA,1,"2019/08/23 00:55:00",SALTCRK1,-0.42
D,DISPATCH,UNIT_SCADA,1,"2019/08/23 00:55:00",SAPHWF1,39.712490
D,DISPATCH,UNIT_SCADA,1,"2019/08/23 00:55:00",SHGEN,0
D,DISPATCH,UNIT_SCADA,1,"2019/08/23 00:55:00",SHPUMP,0
D,DISPATCH,UNIT_SCADA,1,"2019/08/23 00:55:00",SITHE01,0.1840
D,DISPATCH,UNIT_SCADA,1,"2019/08/23 00:55:00",SMCSF1,0
D,DISPATCH,UNIT_SCADA,1,"2019/08/23 00:55:00",SNOWNTH1,15.50
D,DISPATCH,UNIT_SCADA,1,"2019/08/23 00:55:00",SNOWSTH1,15.90
D,DISPATCH,UNIT_SCADA,1,"2019/08/23 00:55:00",SNOWTWN1,24.074080
D,DISPATCH,UNIT_SCADA,1,"2019/08/23 00:55:00",SNOWYP,0
D,DISPATCH,UNIT_SCADA,1,"2019/08/23 00:55:00",SNUG1,0.019440
D,DISPATCH,UNIT_SCADA,1,"2019/08/23 00:55:00",SRSF1,0
D,DISPATCH,UNIT_SCADA,1,"2019/08/23 00:55:00",STAN-1,0
D,DISPATCH,UNIT_SCADA,1,"2019/08/23 00:55:00",STAN-2,217.953870
D,DISPATCH,UNIT_SCADA,1,"2019/08/23 00:55:00",STAN-3,219.633010
D,DISPATCH,UNIT_SCADA,1,"2019/08/23 00:55:00",STAN-4,217.248890
D,DISPATCH,UNIT_SCADA,1,"2019/08/23 00:55:00",STWF1,136.5750
D,DISPATCH,UNIT_SCADA,1,"2019/08/23 00:55:00",SWAN_E,0
D,DISPATCH,UNIT_SCADA,1,"2019/08/23 00:55:00",TALWA1,426
D,DISPATCH,UNIT_SCADA,1,"2019/08/23 00:55:00",TARALGA1,0
D,DISPATCH,UNIT_SCADA,1,"2019/08/23 00:55:00",TARONG#1,277.600010
D,DISPATCH,UNIT_SCADA,1,"2019/08/23 00:55:00",TARONG#2,277.300020
D,DISPATCH,UNIT_SCADA,1,"2019/08/23 00:55:00",TARONG#3,246
D,DISPATCH,UNIT_SCADA,1,"2019/08/23 00:55:00",TARONG#4,280.399990
D,DISPATCH,UNIT_SCADA,1,"2019/08/23 00:55:00",TARRALEA,83.90
D,DISPATCH,UNIT_SCADA,1,"2019/08/23 00:55:00",TBSF1,-0.20
D,DISPATCH,UNIT_SCADA,1,"2019/08/23 00:55:00",TNPS1,400.000030
D,DISPATCH,UNIT_SCADA,1,"2019/08/23 00:55:00",TORRA1,109.128490
D,DISPATCH,UNIT_SCADA,1,"2019/08/23 00:55:00",TORRA2,0
D,DISPATCH,UNIT_SCADA,1,"2019/08/23 00:55:00",TORRA3,45.010210
D,DISPATCH,UNIT_SCADA,1,"2019/08/23 00:55:00",TORRA4,102.206790
D,DISPATCH,UNIT_SCADA,1,"2019/08/23 00:55:00",TORRB1,127.70
D,DISPATCH,UNIT_SCADA,1,"2019/08/23 00:55:00",TORRB2,177.87
D,DISPATCH,UNIT_SCADA,1,"2019/08/23 00:55:00",TORRB3,0
D,DISPATCH,UNIT_SCADA,1,"2019/08/23 00:55:00",TORRB4,0
D,DISPATCH,UNIT_SCADA,1,"2019/08/23 00:55:00",TREVALLN,43.850010
D,DISPATCH,UNIT_SCADA,1,"2019/08/23 00:55:00",TRIBUTE,84.59
D,DISPATCH,UNIT_SCADA,1,"2019/08/23 00:55:00",TUMUT3,0
D,DISPATCH,UNIT_SCADA,1,"2019/08/23 00:55:00",TUNGATIN,139.600020
D,DISPATCH,UNIT_SCADA,1,"2019/08/23 00:55:00",TVCC201,0
D,DISPATCH,UNIT_SCADA,1,"2019/08/23 00:55:00",TVPP104,57.904710
D,DISPATCH,UNIT_SCADA,1,"2019/08/23 00:55:00",UPPTUMUT,0
D,DISPATCH,UNIT_SCADA,1,"2019/08/23 00:55:00",URANQ11,0
D,DISPATCH,UNIT_SCADA,1,"2019/08/23 00:55:00",URANQ12,0
D,DISPATCH,UNIT_SCADA,1,"2019/08/23 00:55:00",URANQ13,0
D,DISPATCH,UNIT_SCADA,1,"2019/08/23 00:55:00",URANQ14,0
D,DISPATCH,UNIT_SCADA,1,"2019/08/23 00:55:00",VP5,604.349980
D,DISPATCH,UNIT_SCADA,1,"2019/08/23 00:55:00",VP6,604.075010
D,DISPATCH,UNIT_SCADA,1,"2019/08/23 00:55:00",VPGS1,0
D,DISPATCH,UNIT_SCADA,1,"2019/08/23 00:55:00",VPGS2,0
D,DISPATCH,UNIT_SCADA,1,"2019/08/23 00:55:00",VPGS3,0
D,DISPATCH,UNIT_SCADA,1,"2019/08/23 00:55:00",VPGS4,0
D,DISPATCH,UNIT_SCADA,1,"2019/08/23 00:55:00",VPGS5,0
D,DISPATCH,UNIT_SCADA,1,"2019/08/23 00:55:00",VPGS6,0
D,DISPATCH,UNIT_SCADA,1,"2019/08/23 00:55:00",W/HOE#1,0
D,DISPATCH,UNIT_SCADA,1,"2019/08/23 00:55:00",W/HOE#2,0
D,DISPATCH,UNIT_SCADA,1,"2019/08/23 00:55:00",WATERLWF,7.50
D,DISPATCH,UNIT_SCADA,1,"2019/08/23 00:55:00",WEMENSF1,0
D,DISPATCH,UNIT_SCADA,1,"2019/08/23 00:55:00",WGWF1,20.30
D,DISPATCH,UNIT_SCADA,1,"2019/08/23 00:55:00",WHITSF1,0
D,DISPATCH,UNIT_SCADA,1,"2019/08/23 00:55:00",WKIEWA1,28.10
D,DISPATCH,UNIT_SCADA,1,"2019/08/23 00:55:00",WKIEWA2,17.10
D,DISPATCH,UNIT_SCADA,1,"2019/08/23 00:55:00",WOODLWN1,0
D,DISPATCH,UNIT_SCADA,1,"2019/08/23 00:55:00",WRSF1,0
D,DISPATCH,UNIT_SCADA,1,"2019/08/23 00:55:00",WRWF1,38.303750
D,DISPATCH,UNIT_SCADA,1,"2019/08/23 00:55:00",YABULU,0
D,DISPATCH,UNIT_SCADA,1,"2019/08/23 00:55:00",YABULU2,0
D,DISPATCH,UNIT_SCADA,1,"2019/08/23 00:55:00",YARWUN_1,0
D,DISPATCH,UNIT_SCADA,1,"2019/08/23 00:55:00",YENDWF1,1.52
D,DISPATCH,UNIT_SCADA,1,"2019/08/23 00:55:00",YWPS1,291.225310
D,DISPATCH,UNIT_SCADA,1,"2019/08/23 00:55:00",YWPS2,264.658230
D,DISPATCH,UNIT_SCADA,1,"2019/08/23 00:55:00",YWPS3,0
D,DISPATCH,UNIT_SCADA,1,"2019/08/23 00:55:00",YWPS4,114.370890
C,"END OF REPORT",334
