C,NEMP.WORLD,DISPATCHSCADA,AEMO,PUBLIC,2019/08/21,21:30:09,0000000311842166,DISPATCHSCADA,0000000311842160
I,DISPATCH,UNIT_SCADA,1,SETTLEMENTDATE,DUID,SCADAVALUE
D,DISPATCH,UNIT_SCADA,1,"2019/08/21 21:35:00",BARCSF1,0.70
D,DISPATCH,UNIT_SCADA,1,"2019/08/21 21:35:00",BUTLERSG,9.599998
D,DISPATCH,UNIT_SCADA,1,"2019/08/21 21:35:00",CALL_A_4,0
D,DISPATCH,UNIT_SCADA,1,"2019/08/21 21:35:00",CAPTL_WF,126.547997
D,DISPATCH,UNIT_SCADA,1,"2019/08/21 21:35:00",CATHROCK,28.709999
D,DISPATCH,UNIT_SCADA,1,"2019/08/21 21:35:00",CHALLHWF,45.799999
D,DISPATCH,UNIT_SCADA,1,"2019/08/21 21:35:00",CLOVER,-0.01
D,DISPATCH,UNIT_SCADA,1,"2019/08/21 21:35:00",CLUNY,20.102083
D,DISPATCH,UNIT_SCADA,1,"2019/08/21 21:35:00",CNUNDAWF,41.248116
D,DISPATCH,UNIT_SCADA,1,"2019/08/21 21:35:00",CULLRGWF,30.43
D,DISPATCH,UNIT_SCADA,1,"2019/08/21 21:35:00",ERGT01,0
D,DISPATCH,UNIT_SCADA,1,"2019/08/21 21:35:00",GB01,0.072701
D,DISPATCH,UNIT_SCADA,1,"2019/08/21 21:35:00",GERMCRK,39.700001
D,DISPATCH,UNIT_SCADA,1,"2019/08/21 21:35:00",GRIFSF1,0
D,DISPATCH,UNIT_SCADA,1,"2019/08/21 21:35:00",HUGSF1,-0.2430
D,DISPATCH,UNIT_SCADA,1,"2019/08/21 21:35:00",LKBONNY1,72.697823
D,DISPATCH,UNIT_SCADA,1,"2019/08/21 21:35:00",LRSF1,0.0390
D,DISPATCH,UNIT_SCADA,1,"2019/08/21 21:35:00",MBAHNTH,55.856247
D,DISPATCH,UNIT_SCADA,1,"2019/08/21 21:35:00",MLSP1,0.271001
D,DISPATCH,UNIT_SCADA,1,"2019/08/21 21:35:00",MLWF1,19.634998
D,DISPATCH,UNIT_SCADA,1,"2019/08/21 21:35:00",MTMILLAR,13.997107
D,DISPATCH,UNIT_SCADA,1,"2019/08/21 21:35:00",PALOONA,24.209999
D,DISPATCH,UNIT_SCADA,1,"2019/08/21 21:35:00",PIONEER,31.10
D,DISPATCH,UNIT_SCADA,1,"2019/08/21 21:35:00",PORTWF,141.199997
D,DISPATCH,UNIT_SCADA,1,"2019/08/21 21:35:00",REPULSE,28.853590
D,DISPATCH,UNIT_SCADA,1,"2019/08/21 21:35:00",ROWALLAN,10.4796
D,DISPATCH,UNIT_SCADA,1,"2019/08/21 21:35:00",ROYALLA1,0
D,DISPATCH,UNIT_SCADA,1,"2019/08/21 21:35:00",RPCG,11.70
D,DISPATCH,UNIT_SCADA,1,"2019/08/21 21:35:00",RUBICON,0
D,DISPATCH,UNIT_SCADA,1,"2019/08/21 21:35:00",SATGN1,0
D,DISPATCH,UNIT_SCADA,1,"2019/08/21 21:35:00",SATGS1,0
D,DISPATCH,UNIT_SCADA,1,"2019/08/21 21:35:00",STARHLWF,14.495773
D,DISPATCH,UNIT_SCADA,1,"2019/08/21 21:35:00",WAUBRAWF,178.600998
D,DISPATCH,UNIT_SCADA,1,"2019/08/21 21:35:00",WOOLNTH1,74.060020
D,DISPATCH,UNIT_SCADA,1,"2019/08/21 21:35:00",WPWF,25
D,DISPATCH,UNIT_SCADA,1,"2019/08/21 21:35:00",YAMBUKWF,29.60
D,DISPATCH,UNIT_SCADA,1,"2019/08/21 21:35:00",YSWF1,28.700001
D,DISPATCH,UNIT_SCADA,1,"2019/08/21 21:35:00",AGLHAL,0
D,DISPATCH,UNIT_SCADA,1,"2019/08/21 21:35:00",AGLSOM,0
D,DISPATCH,UNIT_SCADA,1,"2019/08/21 21:35:00",ANGAST1,0
D,DISPATCH,UNIT_SCADA,1,"2019/08/21 21:35:00",ARWF1,170.20
D,DISPATCH,UNIT_SCADA,1,"2019/08/21 21:35:00",BALBG1,0
D,DISPATCH,UNIT_SCADA,1,"2019/08/21 21:35:00",BALBL1,0
D,DISPATCH,UNIT_SCADA,1,"2019/08/21 21:35:00",BALDHWF1,86.6910
D,DISPATCH,UNIT_SCADA,1,"2019/08/21 21:35:00",BANN1,0
D,DISPATCH,UNIT_SCADA,1,"2019/08/21 21:35:00",BARCALDN,0
D,DISPATCH,UNIT_SCADA,1,"2019/08/21 21:35:00",BARRON-1,0
D,DISPATCH,UNIT_SCADA,1,"2019/08/21 21:35:00",BARRON-2,28.12
D,DISPATCH,UNIT_SCADA,1,"2019/08/21 21:35:00",BASTYAN,78.62
D,DISPATCH,UNIT_SCADA,1,"2019/08/21 21:35:00",BBTHREE1,-1.89
D,DISPATCH,UNIT_SCADA,1,"2019/08/21 21:35:00",BBTHREE2,-1.90
D,DISPATCH,UNIT_SCADA,1,"2019/08/21 21:35:00",BBTHREE3,-1
D,DISPATCH,UNIT_SCADA,1,"2019/08/21 21:35:00",BDL01,-0.06
D,DISPATCH,UNIT_SCADA,1,"2019/08/21 21:35:00",BDL02,0
D,DISPATCH,UNIT_SCADA,1,"2019/08/21 21:35:00",BERYLSF1,0
D,DISPATCH,UNIT_SCADA,1,"2019/08/21 21:35:00",BLOWERNG,0
D,DISPATCH,UNIT_SCADA,1,"2019/08/21 21:35:00",BLUFF1,12.50
D,DISPATCH,UNIT_SCADA,1,"2019/08/21 21:35:00",BNGSF1,0
D,DISPATCH,UNIT_SCADA,1,"2019/08/21 21:35:00",BNGSF2,0
D,DISPATCH,UNIT_SCADA,1,"2019/08/21 21:35:00",BOCORWF1,94.62
D,DISPATCH,UNIT_SCADA,1,"2019/08/21 21:35:00",BODWF1,85.010860
D,DISPATCH,UNIT_SCADA,1,"2019/08/21 21:35:00",BRAEMAR1,0
D,DISPATCH,UNIT_SCADA,1,"2019/08/21 21:35:00",BRAEMAR2,0
D,DISPATCH,UNIT_SCADA,1,"2019/08/21 21:35:00",BRAEMAR3,0
D,DISPATCH,UNIT_SCADA,1,"2019/08/21 21:35:00",BRAEMAR5,0
D,DISPATCH,UNIT_SCADA,1,"2019/08/21 21:35:00",BRAEMAR6,0
D,DISPATCH,UNIT_SCADA,1,"2019/08/21 21:35:00",BRAEMAR7,0
D,DISPATCH,UNIT_SCADA,1,"2019/08/21 21:35:00",BROKENH1,0
D,DISPATCH,UNIT_SCADA,1,"2019/08/21 21:35:00",BW01,654.599980
D,DISPATCH,UNIT_SCADA,1,"2019/08/21 21:35:00",BW02,649.724980
D,DISPATCH,UNIT_SCADA,1,"2019/08/21 21:35:00",BW03,654.8750
D,DISPATCH,UNIT_SCADA,1,"2019/08/21 21:35:00",BW04,0
D,DISPATCH,UNIT_SCADA,1,"2019/08/21 21:35:00",CALL_B_1,348.800020
D,DISPATCH,UNIT_SCADA,1,"2019/08/21 21:35:00",CALL_B_2,349.899990
D,DISPATCH,UNIT_SCADA,1,"2019/08/21 21:35:00",CETHANA,98.843120
D,DISPATCH,UNIT_SCADA,1,"2019/08/21 21:35:00",CG1,0
D,DISPATCH,UNIT_SCADA,1,"2019/08/21 21:35:00",CG2,0
D,DISPATCH,UNIT_SCADA,1,"2019/08/21 21:35:00",CG3,0
D,DISPATCH,UNIT_SCADA,1,"2019/08/21 21:35:00",CG4,0
D,DISPATCH,UNIT_SCADA,1,"2019/08/21 21:35:00",CHILDSF1,0.01
D,DISPATCH,UNIT_SCADA,1,"2019/08/21 21:35:00",CLARESF1,0
D,DISPATCH,UNIT_SCADA,1,"2019/08/21 21:35:00",CLEMGPWF,42.500660
D,DISPATCH,UNIT_SCADA,1,"2019/08/21 21:35:00",CLERMSF1,0
D,DISPATCH,UNIT_SCADA,1,"2019/08/21 21:35:00",COLEASF1,0
D,DISPATCH,UNIT_SCADA,1,"2019/08/21 21:35:00",COOPGWF1,26.472410
D,DISPATCH,UNIT_SCADA,1,"2019/08/21 21:35:00",CPP_3,404.524990
D,DISPATCH,UNIT_SCADA,1,"2019/08/21 21:35:00",CPP_4,406.450010
D,DISPATCH,UNIT_SCADA,1,"2019/08/21 21:35:00",CPSA,142.378130
D,DISPATCH,UNIT_SCADA,1,"2019/08/21 21:35:00",CROOKWF2,87.503750
D,DISPATCH,UNIT_SCADA,1,"2019/08/21 21:35:00",CROWLWF1,39.757820
D,DISPATCH,UNIT_SCADA,1,"2019/08/21 21:35:00",CSPVPS1,0.0430
D,DISPATCH,UNIT_SCADA,1,"2019/08/21 21:35:00",DALNTH01,0
D,DISPATCH,UNIT_SCADA,1,"2019/08/21 21:35:00",DALNTHL1,0.059510
D,DISPATCH,UNIT_SCADA,1,"2019/08/21 21:35:00",DARTM1,0
D,DISPATCH,UNIT_SCADA,1,"2019/08/21 21:35:00",DAYDSF1,0
D,DISPATCH,UNIT_SCADA,1,"2019/08/21 21:35:00",DDPS1,450.621550
D,DISPATCH,UNIT_SCADA,1,"2019/08/21 21:35:00",DDSF1,0
D,DISPATCH,UNIT_SCADA,1,"2019/08/21 21:35:00",DEVILS_G,0
D,DISPATCH,UNIT_SCADA,1,"2019/08/21 21:35:00",DG_NSW1,0
D,DISPATCH,UNIT_SCADA,1,"2019/08/21 21:35:00",DG_QLD1,0
D,DISPATCH,UNIT_SCADA,1,"2019/08/21 21:35:00",DG_SA1,0
D,DISPATCH,UNIT_SCADA,1,"2019/08/21 21:35:00",DG_TAS1,0
D,DISPATCH,UNIT_SCADA,1,"2019/08/21 21:35:00",DG_VIC1,0
D,DISPATCH,UNIT_SCADA,1,"2019/08/21 21:35:00",DRYCGT1,0
D,DISPATCH,UNIT_SCADA,1,"2019/08/21 21:35:00",DRYCGT2,0
D,DISPATCH,UNIT_SCADA,1,"2019/08/21 21:35:00",DRYCGT3,0
D,DISPATCH,UNIT_SCADA,1,"2019/08/21 21:35:00",EILDON1,0
D,DISPATCH,UNIT_SCADA,1,"2019/08/21 21:35:00",EILDON2,0
D,DISPATCH,UNIT_SCADA,1,"2019/08/21 21:35:00",EMERASF1,0
D,DISPATCH,UNIT_SCADA,1,"2019/08/21 21:35:00",ER01,584.300050
D,DISPATCH,UNIT_SCADA,1,"2019/08/21 21:35:00",ER02,610.099980
D,DISPATCH,UNIT_SCADA,1,"2019/08/21 21:35:00",ER03,698.949950
D,DISPATCH,UNIT_SCADA,1,"2019/08/21 21:35:00",ER04,688.224980
D,DISPATCH,UNIT_SCADA,1,"2019/08/21 21:35:00",FINLYSF1,0
D,DISPATCH,UNIT_SCADA,1,"2019/08/21 21:35:00",FISHER,45.87
D,DISPATCH,UNIT_SCADA,1,"2019/08/21 21:35:00",GANNBG1,2.209990
D,DISPATCH,UNIT_SCADA,1,"2019/08/21 21:35:00",GANNBL1,0
D,DISPATCH,UNIT_SCADA,1,"2019/08/21 21:35:00",GANNSF1,0
D,DISPATCH,UNIT_SCADA,1,"2019/08/21 21:35:00",GORDON,28.967120
D,DISPATCH,UNIT_SCADA,1,"2019/08/21 21:35:00",GSTONE1,205.80
D,DISPATCH,UNIT_SCADA,1,"2019/08/21 21:35:00",GSTONE2,200.20
D,DISPATCH,UNIT_SCADA,1,"2019/08/21 21:35:00",GSTONE3,206.149990
D,DISPATCH,UNIT_SCADA,1,"2019/08/21 21:35:00",GSTONE4,205.80
D,DISPATCH,UNIT_SCADA,1,"2019/08/21 21:35:00",GSTONE5,206.3250
D,DISPATCH,UNIT_SCADA,1,"2019/08/21 21:35:00",GSTONE6,0
D,DISPATCH,UNIT_SCADA,1,"2019/08/21 21:35:00",GULLRSF1,0
D,DISPATCH,UNIT_SCADA,1,"2019/08/21 21:35:00",GULLRWF1,158.878970
D,DISPATCH,UNIT_SCADA,1,"2019/08/21 21:35:00",GUNNING1,40.7545
D,DISPATCH,UNIT_SCADA,1,"2019/08/21 21:35:00",GUTHEGA,31
D,DISPATCH,UNIT_SCADA,1,"2019/08/21 21:35:00",HALLWF1,31.89
D,DISPATCH,UNIT_SCADA,1,"2019/08/21 21:35:00",HALLWF2,26.11
D,DISPATCH,UNIT_SCADA,1,"2019/08/21 21:35:00",HAMISF1,0
D,DISPATCH,UNIT_SCADA,1,"2019/08/21 21:35:00",HAUGHT11,0
D,DISPATCH,UNIT_SCADA,1,"2019/08/21 21:35:00",HAYMSF1,0
D,DISPATCH,UNIT_SCADA,1,"2019/08/21 21:35:00",HDWF1,23
D,DISPATCH,UNIT_SCADA,1,"2019/08/21 21:35:00",HDWF2,14.40
D,DISPATCH,UNIT_SCADA,1,"2019/08/21 21:35:00",HDWF3,20.80
D,DISPATCH,UNIT_SCADA,1,"2019/08/21 21:35:00",HPRG1,2.40
D,DISPATCH,UNIT_SCADA,1,"2019/08/21 21:35:00",HPRL1,0
D,DISPATCH,UNIT_SCADA,1,"2019/08/21 21:35:00",HUMENSW,0
D,DISPATCH,UNIT_SCADA,1,"2019/08/21 21:35:00",HUMEV,10.70
D,DISPATCH,UNIT_SCADA,1,"2019/08/21 21:35:00",HVGTS,0
D,DISPATCH,UNIT_SCADA,1,"2019/08/21 21:35:00",JBUTTERS,138.87
D,DISPATCH,UNIT_SCADA,1,"2019/08/21 21:35:00",JLA01,0.50
D,DISPATCH,UNIT_SCADA,1,"2019/08/21 21:35:00",JLA02,0
D,DISPATCH,UNIT_SCADA,1,"2019/08/21 21:35:00",JLA03,0.10
D,DISPATCH,UNIT_SCADA,1,"2019/08/21 21:35:00",JLA04,0.10
D,DISPATCH,UNIT_SCADA,1,"2019/08/21 21:35:00",JLB01,0
D,DISPATCH,UNIT_SCADA,1,"2019/08/21 21:35:00",JLB02,0.10
D,DISPATCH,UNIT_SCADA,1,"2019/08/21 21:35:00",JLB03,0
D,DISPATCH,UNIT_SCADA,1,"2019/08/21 21:35:00",KAREEYA1,21.52
D,DISPATCH,UNIT_SCADA,1,"2019/08/21 21:35:00",KAREEYA2,21.6125
D,DISPATCH,UNIT_SCADA,1,"2019/08/21 21:35:00",KAREEYA3,0
D,DISPATCH,UNIT_SCADA,1,"2019/08/21 21:35:00",KAREEYA4,21.7225
D,DISPATCH,UNIT_SCADA,1,"2019/08/21 21:35:00",KARSF1,0
D,DISPATCH,UNIT_SCADA,1,"2019/08/21 21:35:00",KIATAWF1,30.80
D,DISPATCH,UNIT_SCADA,1,"2019/08/21 21:35:00",KPP_1,0
D,DISPATCH,UNIT_SCADA,1,"2019/08/21 21:35:00",KSP1,0
D,DISPATCH,UNIT_SCADA,1,"2019/08/21 21:35:00",LADBROK1,0
D,DISPATCH,UNIT_SCADA,1,"2019/08/21 21:35:00",LADBROK2,0
D,DISPATCH,UNIT_SCADA,1,"2019/08/21 21:35:00",LD01,419.793760
D,DISPATCH,UNIT_SCADA,1,"2019/08/21 21:35:00",LD02,417.993710
D,DISPATCH,UNIT_SCADA,1,"2019/08/21 21:35:00",LD03,422.381290
D,DISPATCH,UNIT_SCADA,1,"2019/08/21 21:35:00",LD04,382.462460
D,DISPATCH,UNIT_SCADA,1,"2019/08/21 21:35:00",LEM_WIL,86.199250
D,DISPATCH,UNIT_SCADA,1,"2019/08/21 21:35:00",LGAPWF1,34.06
D,DISPATCH,UNIT_SCADA,1,"2019/08/21 21:35:00",LILYSF1,0
D,DISPATCH,UNIT_SCADA,1,"2019/08/21 21:35:00",LI_WY_CA,148.954120
D,DISPATCH,UNIT_SCADA,1,"2019/08/21 21:35:00",LKBONNY2,153.3269
D,DISPATCH,UNIT_SCADA,1,"2019/08/21 21:35:00",LKBONNY3,32.265130
D,DISPATCH,UNIT_SCADA,1,"2019/08/21 21:35:00",LK_ECHO,0
D,DISPATCH,UNIT_SCADA,1,"2019/08/21 21:35:00",LNGS1,0
D,DISPATCH,UNIT_SCADA,1,"2019/08/21 21:35:00",LNGS2,0
D,DISPATCH,UNIT_SCADA,1,"2019/08/21 21:35:00",LONSDALE,0
D,DISPATCH,UNIT_SCADA,1,"2019/08/21 21:35:00",LOYYB1,535.336730
D,DISPATCH,UNIT_SCADA,1,"2019/08/21 21:35:00",LOYYB2,581.202510
D,DISPATCH,UNIT_SCADA,1,"2019/08/21 21:35:00",LYA1,560
D,DISPATCH,UNIT_SCADA,1,"2019/08/21 21:35:00",LYA2,0
D,DISPATCH,UNIT_SCADA,1,"2019/08/21 21:35:00",LYA3,561
D,DISPATCH,UNIT_SCADA,1,"2019/08/21 21:35:00",LYA4,530
D,DISPATCH,UNIT_SCADA,1,"2019/08/21 21:35:00",MACARTH1,330.092380
D,DISPATCH,UNIT_SCADA,1,"2019/08/21 21:35:00",MACKAYGT,0
D,DISPATCH,UNIT_SCADA,1,"2019/08/21 21:35:00",MACKNTSH,85.470010
D,DISPATCH,UNIT_SCADA,1,"2019/08/21 21:35:00",MANSLR1,0
D,DISPATCH,UNIT_SCADA,1,"2019/08/21 21:35:00",MCKAY1,0.02
D,DISPATCH,UNIT_SCADA,1,"2019/08/21 21:35:00",MEADOWBK,34.238840
D,DISPATCH,UNIT_SCADA,1,"2019/08/21 21:35:00",MERCER01,125.31
D,DISPATCH,UNIT_SCADA,1,"2019/08/21 21:35:00",MEWF1,90.005510
D,DISPATCH,UNIT_SCADA,1,"2019/08/21 21:35:00",MINTARO,0
D,DISPATCH,UNIT_SCADA,1,"2019/08/21 21:35:00",MOREESF1,0
D,DISPATCH,UNIT_SCADA,1,"2019/08/21 21:35:00",MORTLK11,0
D,DISPATCH,UNIT_SCADA,1,"2019/08/21 21:35:00",MORTLK12,0
D,DISPATCH,UNIT_SCADA,1,"2019/08/21 21:35:00",MP1,282.50
D,DISPATCH,UNIT_SCADA,1,"2019/08/21 21:35:00",MP2,0
D,DISPATCH,UNIT_SCADA,1,"2019/08/21 21:35:00",MPP_1,300
D,DISPATCH,UNIT_SCADA,1,"2019/08/21 21:35:00",MPP_2,425.25
D,DISPATCH,UNIT_SCADA,1,"2019/08/21 21:35:00",MSTUART1,0
D,DISPATCH,UNIT_SCADA,1,"2019/08/21 21:35:00",MSTUART2,0
D,DISPATCH,UNIT_SCADA,1,"2019/08/21 21:35:00",MSTUART3,0
D,DISPATCH,UNIT_SCADA,1,"2019/08/21 21:35:00",MTGELWF1,64.177370
D,DISPATCH,UNIT_SCADA,1,"2019/08/21 21:35:00",MURRAY,0
D,DISPATCH,UNIT_SCADA,1,"2019/08/21 21:35:00",MUSSELR1,156.70
D,DISPATCH,UNIT_SCADA,1,"2019/08/21 21:35:00",MUWAWF1,55.58
D,DISPATCH,UNIT_SCADA,1,"2019/08/21 21:35:00",NBHWF1,32.80
D,DISPATCH,UNIT_SCADA,1,"2019/08/21 21:35:00",NPS,99.75
D,DISPATCH,UNIT_SCADA,1,"2019/08/21 21:35:00",NUMURSF1,0
D,DISPATCH,UNIT_SCADA,1,"2019/08/21 21:35:00",NYNGAN1,0
D,DISPATCH,UNIT_SCADA,1,"2019/08/21 21:35:00",OAKEY1,0
D,DISPATCH,UNIT_SCADA,1,"2019/08/21 21:35:00",OAKEY1SF,0
D,DISPATCH,UNIT_SCADA,1,"2019/08/21 21:35:00",OAKEY2,0
D,DISPATCH,UNIT_SCADA,1,"2019/08/21 21:35:00",OAKLAND1,62.70
D,DISPATCH,UNIT_SCADA,1,"2019/08/21 21:35:00",OSB-AG,0
D,DISPATCH,UNIT_SCADA,1,"2019/08/21 21:35:00",PARSF1,0
D,DISPATCH,UNIT_SCADA,1,"2019/08/21 21:35:00",POAT110,0
D,DISPATCH,UNIT_SCADA,1,"2019/08/21 21:35:00",POAT220,7.16
D,DISPATCH,UNIT_SCADA,1,"2019/08/21 21:35:00",POR01,0
D,DISPATCH,UNIT_SCADA,1,"2019/08/21 21:35:00",POR03,0
D,DISPATCH,UNIT_SCADA,1,"2019/08/21 21:35:00",PPCCGT,359.448210
D,DISPATCH,UNIT_SCADA,1,"2019/08/21 21:35:00",PTSTAN1,0
D,DISPATCH,UNIT_SCADA,1,"2019/08/21 21:35:00",PUMP1,0
D,DISPATCH,UNIT_SCADA,1,"2019/08/21 21:35:00",PUMP2,0
D,DISPATCH,UNIT_SCADA,1,"2019/08/21 21:35:00",QPS1,0
D,DISPATCH,UNIT_SCADA,1,"2019/08/21 21:35:00",QPS2,0
D,DISPATCH,UNIT_SCADA,1,"2019/08/21 21:35:00",QPS3,0
D,DISPATCH,UNIT_SCADA,1,"2019/08/21 21:35:00",QPS4,0
D,DISPATCH,UNIT_SCADA,1,"2019/08/21 21:35:00",QPS5,0
D,DISPATCH,UNIT_SCADA,1,"2019/08/21 21:35:00",REECE1,119.300010
D,DISPATCH,UNIT_SCADA,1,"2019/08/21 21:35:00",REECE2,118.760010
D,DISPATCH,UNIT_SCADA,1,"2019/08/21 21:35:00",ROMA_7,0
D,DISPATCH,UNIT_SCADA,1,"2019/08/21 21:35:00",ROMA_8,0
D,DISPATCH,UNIT_SCADA,1,"2019/08/21 21:35:00",RRSF1,0
D,DISPATCH,UNIT_SCADA,1,"2019/08/21 21:35:00",RT_NSW1,0
D,DISPATCH,UNIT_SCADA,1,"2019/08/21 21:35:00",RT_NSW2,0
D,DISPATCH,UNIT_SCADA,1,"2019/08/21 21:35:00",RT_NSW3,0
D,DISPATCH,UNIT_SCADA,1,"2019/08/21 21:35:00",RT_NSW4,0
D,DISPATCH,UNIT_SCADA,1,"2019/08/21 21:35:00",RT_NSW5,0
D,DISPATCH,UNIT_SCADA,1,"2019/08/21 21:35:00",RT_NSW6,0
D,DISPATCH,UNIT_SCADA,1,"2019/08/21 21:35:00",RT_QLD1,0
D,DISPATCH,UNIT_SCADA,1,"2019/08/21 21:35:00",RT_SA1,0
D,DISPATCH,UNIT_SCADA,1,"2019/08/21 21:35:00",RT_SA2,0
D,DISPATCH,UNIT_SCADA,1,"2019/08/21 21:35:00",RT_SA3,0
D,DISPATCH,UNIT_SCADA,1,"2019/08/21 21:35:00",RT_SA4,0
D,DISPATCH,UNIT_SCADA,1,"2019/08/21 21:35:00",RT_SA5,0
D,DISPATCH,UNIT_SCADA,1,"2019/08/21 21:35:00",RT_SA6,0
D,DISPATCH,UNIT_SCADA,1,"2019/08/21 21:35:00",RT_TAS1,0
D,DISPATCH,UNIT_SCADA,1,"2019/08/21 21:35:00",RT_VIC1,0
D,DISPATCH,UNIT_SCADA,1,"2019/08/21 21:35:00",RT_VIC10,0
D,DISPATCH,UNIT_SCADA,1,"2019/08/21 21:35:00",RT_VIC11,0
D,DISPATCH,UNIT_SCADA,1,"2019/08/21 21:35:00",RT_VIC12,0
D,DISPATCH,UNIT_SCADA,1,"2019/08/21 21:35:00",RT_VIC2,0
D,DISPATCH,UNIT_SCADA,1,"2019/08/21 21:35:00",RT_VIC3,0
D,DISPATCH,UNIT_SCADA,1,"2019/08/21 21:35:00",RT_VIC4,0
D,DISPATCH,UNIT_SCADA,1,"2019/08/21 21:35:00",RT_VIC5,0
D,DISPATCH,UNIT_SCADA,1,"2019/08/21 21:35:00",RT_VIC6,0
D,DISPATCH,UNIT_SCADA,1,"2019/08/21 21:35:00",RT_VIC7,0
D,DISPATCH,UNIT_SCADA,1,"2019/08/21 21:35:00",RT_VIC8,0
D,DISPATCH,UNIT_SCADA,1,"2019/08/21 21:35:00",RT_VIC9,0
D,DISPATCH,UNIT_SCADA,1,"2019/08/21 21:35:00",RUGBYR1,0
D,DISPATCH,UNIT_SCADA,1,"2019/08/21 21:35:00",SALTCRK1,50.44
D,DISPATCH,UNIT_SCADA,1,"2019/08/21 21:35:00",SAPHWF1,249.5625
D,DISPATCH,UNIT_SCADA,1,"2019/08/21 21:35:00",SHGEN,0
D,DISPATCH,UNIT_SCADA,1,"2019/08/21 21:35:00",SHPUMP,0
D,DISPATCH,UNIT_SCADA,1,"2019/08/21 21:35:00",SITHE01,0.123710
D,DISPATCH,UNIT_SCADA,1,"2019/08/21 21:35:00",SMCSF1,0
D,DISPATCH,UNIT_SCADA,1,"2019/08/21 21:35:00",SNOWNTH1,132.899990
D,DISPATCH,UNIT_SCADA,1,"2019/08/21 21:35:00",SNOWSTH1,87.70
D,DISPATCH,UNIT_SCADA,1,"2019/08/21 21:35:00",SNOWTWN1,81.598820
D,DISPATCH,UNIT_SCADA,1,"2019/08/21 21:35:00",SNOWYP,0
D,DISPATCH,UNIT_SCADA,1,"2019/08/21 21:35:00",SNUG1,0.019440
D,DISPATCH,UNIT_SCADA,1,"2019/08/21 21:35:00",SRSF1,0.44
D,DISPATCH,UNIT_SCADA,1,"2019/08/21 21:35:00",STAN-1,0
D,DISPATCH,UNIT_SCADA,1,"2019/08/21 21:35:00",STAN-2,280.248380
D,DISPATCH,UNIT_SCADA,1,"2019/08/21 21:35:00",STAN-3,275.659610
D,DISPATCH,UNIT_SCADA,1,"2019/08/21 21:35:00",STAN-4,276.915740
D,DISPATCH,UNIT_SCADA,1,"2019/08/21 21:35:00",STWF1,152.921250
D,DISPATCH,UNIT_SCADA,1,"2019/08/21 21:35:00",SWAN_E,0
D,DISPATCH,UNIT_SCADA,1,"2019/08/21 21:35:00",TALWA1,327
D,DISPATCH,UNIT_SCADA,1,"2019/08/21 21:35:00",TARALGA1,92.763760
D,DISPATCH,UNIT_SCADA,1,"2019/08/21 21:35:00",TARONG#1,329.800020
D,DISPATCH,UNIT_SCADA,1,"2019/08/21 21:35:00",TARONG#2,330.300020
D,DISPATCH,UNIT_SCADA,1,"2019/08/21 21:35:00",TARONG#3,260.600010
D,DISPATCH,UNIT_SCADA,1,"2019/08/21 21:35:00",TARONG#4,330.399990
D,DISPATCH,UNIT_SCADA,1,"2019/08/21 21:35:00",TARRALEA,84.10
D,DISPATCH,UNIT_SCADA,1,"2019/08/21 21:35:00",TBSF1,-0.20
D,DISPATCH,UNIT_SCADA,1,"2019/08/21 21:35:00",TNPS1,442.000030
D,DISPATCH,UNIT_SCADA,1,"2019/08/21 21:35:00",TORRA1,55.568210
D,DISPATCH,UNIT_SCADA,1,"2019/08/21 21:35:00",TORRA2,0
D,DISPATCH,UNIT_SCADA,1,"2019/08/21 21:35:00",TORRA3,0
D,DISPATCH,UNIT_SCADA,1,"2019/08/21 21:35:00",TORRA4,0
D,DISPATCH,UNIT_SCADA,1,"2019/08/21 21:35:00",TORRB1,72.02
D,DISPATCH,UNIT_SCADA,1,"2019/08/21 21:35:00",TORRB2,66.40
D,DISPATCH,UNIT_SCADA,1,"2019/08/21 21:35:00",TORRB3,0
D,DISPATCH,UNIT_SCADA,1,"2019/08/21 21:35:00",TORRB4,0
D,DISPATCH,UNIT_SCADA,1,"2019/08/21 21:35:00",TREVALLN,70.260030
D,DISPATCH,UNIT_SCADA,1,"2019/08/21 21:35:00",TRIBUTE,85.06
D,DISPATCH,UNIT_SCADA,1,"2019/08/21 21:35:00",TUMUT3,0
D,DISPATCH,UNIT_SCADA,1,"2019/08/21 21:35:00",TUNGATIN,133.520020
D,DISPATCH,UNIT_SCADA,1,"2019/08/21 21:35:00",TVCC201,0
D,DISPATCH,UNIT_SCADA,1,"2019/08/21 21:35:00",TVPP104,0
D,DISPATCH,UNIT_SCADA,1,"2019/08/21 21:35:00",UPPTUMUT,0
D,DISPATCH,UNIT_SCADA,1,"2019/08/21 21:35:00",URANQ11,0
D,DISPATCH,UNIT_SCADA,1,"2019/08/21 21:35:00",URANQ12,0
D,DISPATCH,UNIT_SCADA,1,"2019/08/21 21:35:00",URANQ13,0
D,DISPATCH,UNIT_SCADA,1,"2019/08/21 21:35:00",URANQ14,0
D,DISPATCH,UNIT_SCADA,1,"2019/08/21 21:35:00",VP5,506.899960
D,DISPATCH,UNIT_SCADA,1,"2019/08/21 21:35:00",VP6,500.524990
D,DISPATCH,UNIT_SCADA,1,"2019/08/21 21:35:00",VPGS1,0
D,DISPATCH,UNIT_SCADA,1,"2019/08/21 21:35:00",VPGS2,0
D,DISPATCH,UNIT_SCADA,1,"2019/08/21 21:35:00",VPGS3,0
D,DISPATCH,UNIT_SCADA,1,"2019/08/21 21:35:00",VPGS4,0
D,DISPATCH,UNIT_SCADA,1,"2019/08/21 21:35:00",VPGS5,0
D,DISPATCH,UNIT_SCADA,1,"2019/08/21 21:35:00",VPGS6,0
D,DISPATCH,UNIT_SCADA,1,"2019/08/21 21:35:00",W/HOE#1,0
D,DISPATCH,UNIT_SCADA,1,"2019/08/21 21:35:00",W/HOE#2,0
D,DISPATCH,UNIT_SCADA,1,"2019/08/21 21:35:00",WATERLWF,78.90
D,DISPATCH,UNIT_SCADA,1,"2019/08/21 21:35:00",WEMENSF1,0
D,DISPATCH,UNIT_SCADA,1,"2019/08/21 21:35:00",WGWF1,28.50
D,DISPATCH,UNIT_SCADA,1,"2019/08/21 21:35:00",WHITSF1,0
D,DISPATCH,UNIT_SCADA,1,"2019/08/21 21:35:00",WKIEWA1,29.90
D,DISPATCH,UNIT_SCADA,1,"2019/08/21 21:35:00",WKIEWA2,30
D,DISPATCH,UNIT_SCADA,1,"2019/08/21 21:35:00",WOODLWN1,44.9640
D,DISPATCH,UNIT_SCADA,1,"2019/08/21 21:35:00",WRSF1,0
D,DISPATCH,UNIT_SCADA,1,"2019/08/21 21:35:00",WRWF1,157.396240
D,DISPATCH,UNIT_SCADA,1,"2019/08/21 21:35:00",YABULU,0
D,DISPATCH,UNIT_SCADA,1,"2019/08/21 21:35:00",YABULU2,0
D,DISPATCH,UNIT_SCADA,1,"2019/08/21 21:35:00",YARWUN_1,0
D,DISPATCH,UNIT_SCADA,1,"2019/08/21 21:35:00",YENDWF1,42.36
D,DISPATCH,UNIT_SCADA,1,"2019/08/21 21:35:00",YWPS1,380.450620
D,DISPATCH,UNIT_SCADA,1,"2019/08/21 21:35:00",YWPS2,282.453160
D,DISPATCH,UNIT_SCADA,1,"2019/08/21 21:35:00",YWPS3,0
D,DISPATCH,UNIT_SCADA,1,"2019/08/21 21:35:00",YWPS4,396.649350
C,"END OF REPORT",334
