C,NEMP.WORLD,DISPATCHSCADA,AEMO,PUBLIC,2019/08/20,07:20:08,0000000311776496,DISPATCHSCADA,0000000311776490
I,DISPATCH,UNIT_SCADA,1,SETTLEMENTDATE,DUID,SCADAVALUE
D,DISPATCH,UNIT_SCADA,1,"2019/08/20 07:25:00",BARCSF1,3.20
D,DISPATCH,UNIT_SCADA,1,"2019/08/20 07:25:00",BUTLERSG,9.799998
D,DISPATCH,UNIT_SCADA,1,"2019/08/20 07:25:00",CALL_A_4,0
D,DISPATCH,UNIT_SCADA,1,"2019/08/20 07:25:00",CAPTL_WF,126.3480
D,DISPATCH,UNIT_SCADA,1,"2019/08/20 07:25:00",CATHROCK,50.129997
D,DISPATCH,UNIT_SCADA,1,"2019/08/20 07:25:00",CHALLHWF,16.799999
D,DISPATCH,UNIT_SCADA,1,"2019/08/20 07:25:00",CLOVER,-0.01
D,DISPATCH,UNIT_SCADA,1,"2019/08/20 07:25:00",CLUNY,15.806363
D,DISPATCH,UNIT_SCADA,1,"2019/08/20 07:25:00",CNUNDAWF,39.646248
D,DISPATCH,UNIT_SCADA,1,"2019/08/20 07:25:00",CULLRGWF,30.209999
D,DISPATCH,UNIT_SCADA,1,"2019/08/20 07:25:00",ERGT01,0
D,DISPATCH,UNIT_SCADA,1,"2019/08/20 07:25:00",GB01,0.0550
D,DISPATCH,UNIT_SCADA,1,"2019/08/20 07:25:00",GERMCRK,39.599998
D,DISPATCH,UNIT_SCADA,1,"2019/08/20 07:25:00",GRIFSF1,2.699997
D,DISPATCH,UNIT_SCADA,1,"2019/08/20 07:25:00",HUGSF1,1.2780
D,DISPATCH,UNIT_SCADA,1,"2019/08/20 07:25:00",LKBONNY1,63.231030
D,DISPATCH,UNIT_SCADA,1,"2019/08/20 07:25:00",LRSF1,2.9350
D,DISPATCH,UNIT_SCADA,1,"2019/08/20 07:25:00",MBAHNTH,59.006256
D,DISPATCH,UNIT_SCADA,1,"2019/08/20 07:25:00",MLSP1,0.704001
D,DISPATCH,UNIT_SCADA,1,"2019/08/20 07:25:00",MLWF1,19.110001
D,DISPATCH,UNIT_SCADA,1,"2019/08/20 07:25:00",MTMILLAR,16.646214
D,DISPATCH,UNIT_SCADA,1,"2019/08/20 07:25:00",PALOONA,23.60
D,DISPATCH,UNIT_SCADA,1,"2019/08/20 07:25:00",PIONEER,10.50
D,DISPATCH,UNIT_SCADA,1,"2019/08/20 07:25:00",PORTWF,138.100006
D,DISPATCH,UNIT_SCADA,1,"2019/08/20 07:25:00",REPULSE,28.930494
D,DISPATCH,UNIT_SCADA,1,"2019/08/20 07:25:00",ROWALLAN,9.7909
D,DISPATCH,UNIT_SCADA,1,"2019/08/20 07:25:00",ROYALLA1,3.3990
D,DISPATCH,UNIT_SCADA,1,"2019/08/20 07:25:00",RPCG,15.20
D,DISPATCH,UNIT_SCADA,1,"2019/08/20 07:25:00",RUBICON,0
D,DISPATCH,UNIT_SCADA,1,"2019/08/20 07:25:00",SATGN1,0
D,DISPATCH,UNIT_SCADA,1,"2019/08/20 07:25:00",SATGS1,0
D,DISPATCH,UNIT_SCADA,1,"2019/08/20 07:25:00",STARHLWF,10.696880
D,DISPATCH,UNIT_SCADA,1,"2019/08/20 07:25:00",WAUBRAWF,101.0130
D,DISPATCH,UNIT_SCADA,1,"2019/08/20 07:25:00",WOOLNTH1,133.820023
D,DISPATCH,UNIT_SCADA,1,"2019/08/20 07:25:00",WPWF,44
D,DISPATCH,UNIT_SCADA,1,"2019/08/20 07:25:00",YAMBUKWF,16.799999
D,DISPATCH,UNIT_SCADA,1,"2019/08/20 07:25:00",YSWF1,28.700001
D,DISPATCH,UNIT_SCADA,1,"2019/08/20 07:25:00",AGLHAL,0
D,DISPATCH,UNIT_SCADA,1,"2019/08/20 07:25:00",AGLSOM,0
D,DISPATCH,UNIT_SCADA,1,"2019/08/20 07:25:00",ANGAST1,0
D,DISPATCH,UNIT_SCADA,1,"2019/08/20 07:25:00",ARWF1,33.90
D,DISPATCH,UNIT_SCADA,1,"2019/08/20 07:25:00",BALBG1,0
D,DISPATCH,UNIT_SCADA,1,"2019/08/20 07:25:00",BALBL1,0
D,DISPATCH,UNIT_SCADA,1,"2019/08/20 07:25:00",BALDHWF1,102.671010
D,DISPATCH,UNIT_SCADA,1,"2019/08/20 07:25:00",BANN1,0.74
D,DISPATCH,UNIT_SCADA,1,"2019/08/20 07:25:00",BARCALDN,0
D,DISPATCH,UNIT_SCADA,1,"2019/08/20 07:25:00",BARRON-1,0
D,DISPATCH,UNIT_SCADA,1,"2019/08/20 07:25:00",BARRON-2,27.80
D,DISPATCH,UNIT_SCADA,1,"2019/08/20 07:25:00",BASTYAN,79.810010
D,DISPATCH,UNIT_SCADA,1,"2019/08/20 07:25:00",BBTHREE1,-1.97
D,DISPATCH,UNIT_SCADA,1,"2019/08/20 07:25:00",BBTHREE2,-2.04
D,DISPATCH,UNIT_SCADA,1,"2019/08/20 07:25:00",BBTHREE3,-1.06
D,DISPATCH,UNIT_SCADA,1,"2019/08/20 07:25:00",BDL01,44.64
D,DISPATCH,UNIT_SCADA,1,"2019/08/20 07:25:00",BDL02,44.64
D,DISPATCH,UNIT_SCADA,1,"2019/08/20 07:25:00",BERYLSF1,14.341410
D,DISPATCH,UNIT_SCADA,1,"2019/08/20 07:25:00",BLOWERNG,0
D,DISPATCH,UNIT_SCADA,1,"2019/08/20 07:25:00",BLUFF1,14.90
D,DISPATCH,UNIT_SCADA,1,"2019/08/20 07:25:00",BNGSF1,0.09
D,DISPATCH,UNIT_SCADA,1,"2019/08/20 07:25:00",BNGSF2,0
D,DISPATCH,UNIT_SCADA,1,"2019/08/20 07:25:00",BOCORWF1,69.35
D,DISPATCH,UNIT_SCADA,1,"2019/08/20 07:25:00",BODWF1,43.162410
D,DISPATCH,UNIT_SCADA,1,"2019/08/20 07:25:00",BRAEMAR1,0
D,DISPATCH,UNIT_SCADA,1,"2019/08/20 07:25:00",BRAEMAR2,0
D,DISPATCH,UNIT_SCADA,1,"2019/08/20 07:25:00",BRAEMAR3,0
D,DISPATCH,UNIT_SCADA,1,"2019/08/20 07:25:00",BRAEMAR5,0
D,DISPATCH,UNIT_SCADA,1,"2019/08/20 07:25:00",BRAEMAR6,0
D,DISPATCH,UNIT_SCADA,1,"2019/08/20 07:25:00",BRAEMAR7,0
D,DISPATCH,UNIT_SCADA,1,"2019/08/20 07:25:00",BROKENH1,1.024410
D,DISPATCH,UNIT_SCADA,1,"2019/08/20 07:25:00",BW01,649.425050
D,DISPATCH,UNIT_SCADA,1,"2019/08/20 07:25:00",BW02,646.550050
D,DISPATCH,UNIT_SCADA,1,"2019/08/20 07:25:00",BW03,633.3750
D,DISPATCH,UNIT_SCADA,1,"2019/08/20 07:25:00",BW04,0
D,DISPATCH,UNIT_SCADA,1,"2019/08/20 07:25:00",CALL_B_1,350.300020
D,DISPATCH,UNIT_SCADA,1,"2019/08/20 07:25:00",CALL_B_2,290.399990
D,DISPATCH,UNIT_SCADA,1,"2019/08/20 07:25:00",CETHANA,92.1970
D,DISPATCH,UNIT_SCADA,1,"2019/08/20 07:25:00",CG1,0
D,DISPATCH,UNIT_SCADA,1,"2019/08/20 07:25:00",CG2,0
D,DISPATCH,UNIT_SCADA,1,"2019/08/20 07:25:00",CG3,0
D,DISPATCH,UNIT_SCADA,1,"2019/08/20 07:25:00",CG4,0
D,DISPATCH,UNIT_SCADA,1,"2019/08/20 07:25:00",CHILDSF1,25.51
D,DISPATCH,UNIT_SCADA,1,"2019/08/20 07:25:00",CLARESF1,13.450240
D,DISPATCH,UNIT_SCADA,1,"2019/08/20 07:25:00",CLEMGPWF,2.737330
D,DISPATCH,UNIT_SCADA,1,"2019/08/20 07:25:00",CLERMSF1,15.13
D,DISPATCH,UNIT_SCADA,1,"2019/08/20 07:25:00",COLEASF1,6.099990
D,DISPATCH,UNIT_SCADA,1,"2019/08/20 07:25:00",COOPGWF1,31.9706
D,DISPATCH,UNIT_SCADA,1,"2019/08/20 07:25:00",CPP_3,405.075010
D,DISPATCH,UNIT_SCADA,1,"2019/08/20 07:25:00",CPP_4,406.725010
D,DISPATCH,UNIT_SCADA,1,"2019/08/20 07:25:00",CPSA,142.244380
D,DISPATCH,UNIT_SCADA,1,"2019/08/20 07:25:00",CROOKWF2,67.703750
D,DISPATCH,UNIT_SCADA,1,"2019/08/20 07:25:00",CROWLWF1,30.907390
D,DISPATCH,UNIT_SCADA,1,"2019/08/20 07:25:00",CSPVPS1,5.6250
D,DISPATCH,UNIT_SCADA,1,"2019/08/20 07:25:00",DALNTH01,0
D,DISPATCH,UNIT_SCADA,1,"2019/08/20 07:25:00",DALNTHL1,0.1297
D,DISPATCH,UNIT_SCADA,1,"2019/08/20 07:25:00",DARTM1,134.30
D,DISPATCH,UNIT_SCADA,1,"2019/08/20 07:25:00",DAYDSF1,44.2120
D,DISPATCH,UNIT_SCADA,1,"2019/08/20 07:25:00",DDPS1,0
D,DISPATCH,UNIT_SCADA,1,"2019/08/20 07:25:00",DDSF1,29.241340
D,DISPATCH,UNIT_SCADA,1,"2019/08/20 07:25:00",DEVILS_G,60.221570
D,DISPATCH,UNIT_SCADA,1,"2019/08/20 07:25:00",DG_NSW1,0
D,DISPATCH,UNIT_SCADA,1,"2019/08/20 07:25:00",DG_QLD1,0
D,DISPATCH,UNIT_SCADA,1,"2019/08/20 07:25:00",DG_SA1,0
D,DISPATCH,UNIT_SCADA,1,"2019/08/20 07:25:00",DG_TAS1,0
D,DISPATCH,UNIT_SCADA,1,"2019/08/20 07:25:00",DG_VIC1,0
D,DISPATCH,UNIT_SCADA,1,"2019/08/20 07:25:00",DRYCGT1,0
D,DISPATCH,UNIT_SCADA,1,"2019/08/20 07:25:00",DRYCGT2,0
D,DISPATCH,UNIT_SCADA,1,"2019/08/20 07:25:00",DRYCGT3,0
D,DISPATCH,UNIT_SCADA,1,"2019/08/20 07:25:00",EILDON1,0
D,DISPATCH,UNIT_SCADA,1,"2019/08/20 07:25:00",EILDON2,0
D,DISPATCH,UNIT_SCADA,1,"2019/08/20 07:25:00",EMERASF1,18.82
D,DISPATCH,UNIT_SCADA,1,"2019/08/20 07:25:00",ER01,587.6001
D,DISPATCH,UNIT_SCADA,1,"2019/08/20 07:25:00",ER02,695.1250
D,DISPATCH,UNIT_SCADA,1,"2019/08/20 07:25:00",ER03,693.200070
D,DISPATCH,UNIT_SCADA,1,"2019/08/20 07:25:00",ER04,694
D,DISPATCH,UNIT_SCADA,1,"2019/08/20 07:25:00",FINLYSF1,0
D,DISPATCH,UNIT_SCADA,1,"2019/08/20 07:25:00",FISHER,45.74
D,DISPATCH,UNIT_SCADA,1,"2019/08/20 07:25:00",GANNBG1,0
D,DISPATCH,UNIT_SCADA,1,"2019/08/20 07:25:00",GANNBL1,0
D,DISPATCH,UNIT_SCADA,1,"2019/08/20 07:25:00",GANNSF1,1.40
D,DISPATCH,UNIT_SCADA,1,"2019/08/20 07:25:00",GORDON,97.848790
D,DISPATCH,UNIT_SCADA,1,"2019/08/20 07:25:00",GSTONE1,218.5750
D,DISPATCH,UNIT_SCADA,1,"2019/08/20 07:25:00",GSTONE2,225.75
D,DISPATCH,UNIT_SCADA,1,"2019/08/20 07:25:00",GSTONE3,218.5750
D,DISPATCH,UNIT_SCADA,1,"2019/08/20 07:25:00",GSTONE4,218.5750
D,DISPATCH,UNIT_SCADA,1,"2019/08/20 07:25:00",GSTONE5,216.1250
D,DISPATCH,UNIT_SCADA,1,"2019/08/20 07:25:00",GSTONE6,0
D,DISPATCH,UNIT_SCADA,1,"2019/08/20 07:25:00",GULLRSF1,1.863620
D,DISPATCH,UNIT_SCADA,1,"2019/08/20 07:25:00",GULLRWF1,136.525760
D,DISPATCH,UNIT_SCADA,1,"2019/08/20 07:25:00",GUNNING1,45.402640
D,DISPATCH,UNIT_SCADA,1,"2019/08/20 07:25:00",GUTHEGA,33.60
D,DISPATCH,UNIT_SCADA,1,"2019/08/20 07:25:00",HALLWF1,69.19
D,DISPATCH,UNIT_SCADA,1,"2019/08/20 07:25:00",HALLWF2,48.09
D,DISPATCH,UNIT_SCADA,1,"2019/08/20 07:25:00",HAMISF1,14.50
D,DISPATCH,UNIT_SCADA,1,"2019/08/20 07:25:00",HAUGHT11,35.444740
D,DISPATCH,UNIT_SCADA,1,"2019/08/20 07:25:00",HAYMSF1,15.8030
D,DISPATCH,UNIT_SCADA,1,"2019/08/20 07:25:00",HDWF1,36.80
D,DISPATCH,UNIT_SCADA,1,"2019/08/20 07:25:00",HDWF2,22.70
D,DISPATCH,UNIT_SCADA,1,"2019/08/20 07:25:00",HDWF3,40.60
D,DISPATCH,UNIT_SCADA,1,"2019/08/20 07:25:00",HPRG1,0
D,DISPATCH,UNIT_SCADA,1,"2019/08/20 07:25:00",HPRL1,28.10
D,DISPATCH,UNIT_SCADA,1,"2019/08/20 07:25:00",HUMENSW,0
D,DISPATCH,UNIT_SCADA,1,"2019/08/20 07:25:00",HUMEV,7.70
D,DISPATCH,UNIT_SCADA,1,"2019/08/20 07:25:00",HVGTS,0
D,DISPATCH,UNIT_SCADA,1,"2019/08/20 07:25:00",JBUTTERS,133.879990
D,DISPATCH,UNIT_SCADA,1,"2019/08/20 07:25:00",JLA01,0.50
D,DISPATCH,UNIT_SCADA,1,"2019/08/20 07:25:00",JLA02,53.80
D,DISPATCH,UNIT_SCADA,1,"2019/08/20 07:25:00",JLA03,0.10
D,DISPATCH,UNIT_SCADA,1,"2019/08/20 07:25:00",JLA04,0.10
D,DISPATCH,UNIT_SCADA,1,"2019/08/20 07:25:00",JLB01,0
D,DISPATCH,UNIT_SCADA,1,"2019/08/20 07:25:00",JLB02,83.70
D,DISPATCH,UNIT_SCADA,1,"2019/08/20 07:25:00",JLB03,83.30
D,DISPATCH,UNIT_SCADA,1,"2019/08/20 07:25:00",KAREEYA1,21.60
D,DISPATCH,UNIT_SCADA,1,"2019/08/20 07:25:00",KAREEYA2,21.9650
D,DISPATCH,UNIT_SCADA,1,"2019/08/20 07:25:00",KAREEYA3,0
D,DISPATCH,UNIT_SCADA,1,"2019/08/20 07:25:00",KAREEYA4,21.7250
D,DISPATCH,UNIT_SCADA,1,"2019/08/20 07:25:00",KARSF1,0.70
D,DISPATCH,UNIT_SCADA,1,"2019/08/20 07:25:00",KIATAWF1,30.70
D,DISPATCH,UNIT_SCADA,1,"2019/08/20 07:25:00",KPP_1,0
D,DISPATCH,UNIT_SCADA,1,"2019/08/20 07:25:00",KSP1,11.59
D,DISPATCH,UNIT_SCADA,1,"2019/08/20 07:25:00",LADBROK1,42.89
D,DISPATCH,UNIT_SCADA,1,"2019/08/20 07:25:00",LADBROK2,42.80
D,DISPATCH,UNIT_SCADA,1,"2019/08/20 07:25:00",LD01,417.450010
D,DISPATCH,UNIT_SCADA,1,"2019/08/20 07:25:00",LD02,418.518770
D,DISPATCH,UNIT_SCADA,1,"2019/08/20 07:25:00",LD03,396.5062
D,DISPATCH,UNIT_SCADA,1,"2019/08/20 07:25:00",LD04,382.706270
D,DISPATCH,UNIT_SCADA,1,"2019/08/20 07:25:00",LEM_WIL,85.3325
D,DISPATCH,UNIT_SCADA,1,"2019/08/20 07:25:00",LGAPWF1,11.44
D,DISPATCH,UNIT_SCADA,1,"2019/08/20 07:25:00",LILYSF1,29.884410
D,DISPATCH,UNIT_SCADA,1,"2019/08/20 07:25:00",LI_WY_CA,147.863040
D,DISPATCH,UNIT_SCADA,1,"2019/08/20 07:25:00",LKBONNY2,138.361510
D,DISPATCH,UNIT_SCADA,1,"2019/08/20 07:25:00",LKBONNY3,36.730890
D,DISPATCH,UNIT_SCADA,1,"2019/08/20 07:25:00",LK_ECHO,0
D,DISPATCH,UNIT_SCADA,1,"2019/08/20 07:25:00",LNGS1,0
D,DISPATCH,UNIT_SCADA,1,"2019/08/20 07:25:00",LNGS2,0
D,DISPATCH,UNIT_SCADA,1,"2019/08/20 07:25:00",LONSDALE,0
D,DISPATCH,UNIT_SCADA,1,"2019/08/20 07:25:00",LOYYB1,535.336730
D,DISPATCH,UNIT_SCADA,1,"2019/08/20 07:25:00",LOYYB2,582.330380
D,DISPATCH,UNIT_SCADA,1,"2019/08/20 07:25:00",LYA1,559
D,DISPATCH,UNIT_SCADA,1,"2019/08/20 07:25:00",LYA2,0
D,DISPATCH,UNIT_SCADA,1,"2019/08/20 07:25:00",LYA3,560
D,DISPATCH,UNIT_SCADA,1,"2019/08/20 07:25:00",LYA4,539
D,DISPATCH,UNIT_SCADA,1,"2019/08/20 07:25:00",MACARTH1,298.3931
D,DISPATCH,UNIT_SCADA,1,"2019/08/20 07:25:00",MACKAYGT,0
D,DISPATCH,UNIT_SCADA,1,"2019/08/20 07:25:00",MACKNTSH,84.62
D,DISPATCH,UNIT_SCADA,1,"2019/08/20 07:25:00",MANSLR1,7.7220
D,DISPATCH,UNIT_SCADA,1,"2019/08/20 07:25:00",MCKAY1,0.02
D,DISPATCH,UNIT_SCADA,1,"2019/08/20 07:25:00",MEADOWBK,33.810140
D,DISPATCH,UNIT_SCADA,1,"2019/08/20 07:25:00",MERCER01,120.55
D,DISPATCH,UNIT_SCADA,1,"2019/08/20 07:25:00",MEWF1,15.285760
D,DISPATCH,UNIT_SCADA,1,"2019/08/20 07:25:00",MINTARO,0
D,DISPATCH,UNIT_SCADA,1,"2019/08/20 07:25:00",MOREESF1,21.6680
D,DISPATCH,UNIT_SCADA,1,"2019/08/20 07:25:00",MORTLK11,261
D,DISPATCH,UNIT_SCADA,1,"2019/08/20 07:25:00",MORTLK12,0
D,DISPATCH,UNIT_SCADA,1,"2019/08/20 07:25:00",MP1,297.8750
D,DISPATCH,UNIT_SCADA,1,"2019/08/20 07:25:00",MP2,0
D,DISPATCH,UNIT_SCADA,1,"2019/08/20 07:25:00",MPP_1,425.75
D,DISPATCH,UNIT_SCADA,1,"2019/08/20 07:25:00",MPP_2,434.25
D,DISPATCH,UNIT_SCADA,1,"2019/08/20 07:25:00",MSTUART1,0
D,DISPATCH,UNIT_SCADA,1,"2019/08/20 07:25:00",MSTUART2,0
D,DISPATCH,UNIT_SCADA,1,"2019/08/20 07:25:00",MSTUART3,0
D,DISPATCH,UNIT_SCADA,1,"2019/08/20 07:25:00",MTGELWF1,64.072080
D,DISPATCH,UNIT_SCADA,1,"2019/08/20 07:25:00",MURRAY,0
D,DISPATCH,UNIT_SCADA,1,"2019/08/20 07:25:00",MUSSELR1,163.200010
D,DISPATCH,UNIT_SCADA,1,"2019/08/20 07:25:00",MUWAWF1,35.30
D,DISPATCH,UNIT_SCADA,1,"2019/08/20 07:25:00",NBHWF1,59.40
D,DISPATCH,UNIT_SCADA,1,"2019/08/20 07:25:00",NPS,0
D,DISPATCH,UNIT_SCADA,1,"2019/08/20 07:25:00",NUMURSF1,4.78
D,DISPATCH,UNIT_SCADA,1,"2019/08/20 07:25:00",NYNGAN1,13
D,DISPATCH,UNIT_SCADA,1,"2019/08/20 07:25:00",OAKEY1,0
D,DISPATCH,UNIT_SCADA,1,"2019/08/20 07:25:00",OAKEY1SF,11.2050
D,DISPATCH,UNIT_SCADA,1,"2019/08/20 07:25:00",OAKEY2,0
D,DISPATCH,UNIT_SCADA,1,"2019/08/20 07:25:00",OAKLAND1,60
D,DISPATCH,UNIT_SCADA,1,"2019/08/20 07:25:00",OSB-AG,185.540010
D,DISPATCH,UNIT_SCADA,1,"2019/08/20 07:25:00",PARSF1,13.50
D,DISPATCH,UNIT_SCADA,1,"2019/08/20 07:25:00",POAT110,0
D,DISPATCH,UNIT_SCADA,1,"2019/08/20 07:25:00",POAT220,3.12
D,DISPATCH,UNIT_SCADA,1,"2019/08/20 07:25:00",POR01,0
D,DISPATCH,UNIT_SCADA,1,"2019/08/20 07:25:00",POR03,0
D,DISPATCH,UNIT_SCADA,1,"2019/08/20 07:25:00",PPCCGT,221.200640
D,DISPATCH,UNIT_SCADA,1,"2019/08/20 07:25:00",PTSTAN1,0
D,DISPATCH,UNIT_SCADA,1,"2019/08/20 07:25:00",PUMP1,0
D,DISPATCH,UNIT_SCADA,1,"2019/08/20 07:25:00",PUMP2,0
D,DISPATCH,UNIT_SCADA,1,"2019/08/20 07:25:00",QPS1,29.10
D,DISPATCH,UNIT_SCADA,1,"2019/08/20 07:25:00",QPS2,0
D,DISPATCH,UNIT_SCADA,1,"2019/08/20 07:25:00",QPS3,0
D,DISPATCH,UNIT_SCADA,1,"2019/08/20 07:25:00",QPS4,0
D,DISPATCH,UNIT_SCADA,1,"2019/08/20 07:25:00",QPS5,0
D,DISPATCH,UNIT_SCADA,1,"2019/08/20 07:25:00",REECE1,115.140010
D,DISPATCH,UNIT_SCADA,1,"2019/08/20 07:25:00",REECE2,115.470010
D,DISPATCH,UNIT_SCADA,1,"2019/08/20 07:25:00",ROMA_7,0
D,DISPATCH,UNIT_SCADA,1,"2019/08/20 07:25:00",ROMA_8,39.765830
D,DISPATCH,UNIT_SCADA,1,"2019/08/20 07:25:00",RRSF1,22.116860
D,DISPATCH,UNIT_SCADA,1,"2019/08/20 07:25:00",RT_NSW1,0
D,DISPATCH,UNIT_SCADA,1,"2019/08/20 07:25:00",RT_NSW2,0
D,DISPATCH,UNIT_SCADA,1,"2019/08/20 07:25:00",RT_NSW3,0
D,DISPATCH,UNIT_SCADA,1,"2019/08/20 07:25:00",RT_NSW4,0
D,DISPATCH,UNIT_SCADA,1,"2019/08/20 07:25:00",RT_NSW5,0
D,DISPATCH,UNIT_SCADA,1,"2019/08/20 07:25:00",RT_NSW6,0
D,DISPATCH,UNIT_SCADA,1,"2019/08/20 07:25:00",RT_QLD1,0
D,DISPATCH,UNIT_SCADA,1,"2019/08/20 07:25:00",RT_SA1,0
D,DISPATCH,UNIT_SCADA,1,"2019/08/20 07:25:00",RT_SA2,0
D,DISPATCH,UNIT_SCADA,1,"2019/08/20 07:25:00",RT_SA3,0
D,DISPATCH,UNIT_SCADA,1,"2019/08/20 07:25:00",RT_SA4,0
D,DISPATCH,UNIT_SCADA,1,"2019/08/20 07:25:00",RT_SA5,0
D,DISPATCH,UNIT_SCADA,1,"2019/08/20 07:25:00",RT_SA6,0
D,DISPATCH,UNIT_SCADA,1,"2019/08/20 07:25:00",RT_TAS1,0
D,DISPATCH,UNIT_SCADA,1,"2019/08/20 07:25:00",RT_VIC1,0
D,DISPATCH,UNIT_SCADA,1,"2019/08/20 07:25:00",RT_VIC10,0
D,DISPATCH,UNIT_SCADA,1,"2019/08/20 07:25:00",RT_VIC11,0
D,DISPATCH,UNIT_SCADA,1,"2019/08/20 07:25:00",RT_VIC12,0
D,DISPATCH,UNIT_SCADA,1,"2019/08/20 07:25:00",RT_VIC2,0
D,DISPATCH,UNIT_SCADA,1,"2019/08/20 07:25:00",RT_VIC3,0
D,DISPATCH,UNIT_SCADA,1,"2019/08/20 07:25:00",RT_VIC4,0
D,DISPATCH,UNIT_SCADA,1,"2019/08/20 07:25:00",RT_VIC5,0
D,DISPATCH,UNIT_SCADA,1,"2019/08/20 07:25:00",RT_VIC6,0
D,DISPATCH,UNIT_SCADA,1,"2019/08/20 07:25:00",RT_VIC7,0
D,DISPATCH,UNIT_SCADA,1,"2019/08/20 07:25:00",RT_VIC8,0
D,DISPATCH,UNIT_SCADA,1,"2019/08/20 07:25:00",RT_VIC9,0
D,DISPATCH,UNIT_SCADA,1,"2019/08/20 07:25:00",RUGBYR1,18.7433
D,DISPATCH,UNIT_SCADA,1,"2019/08/20 07:25:00",SALTCRK1,51.44
D,DISPATCH,UNIT_SCADA,1,"2019/08/20 07:25:00",SAPHWF1,144.600010
D,DISPATCH,UNIT_SCADA,1,"2019/08/20 07:25:00",SHGEN,199.965240
D,DISPATCH,UNIT_SCADA,1,"2019/08/20 07:25:00",SHPUMP,0
D,DISPATCH,UNIT_SCADA,1,"2019/08/20 07:25:00",SITHE01,0.123710
D,DISPATCH,UNIT_SCADA,1,"2019/08/20 07:25:00",SMCSF1,11.160660
D,DISPATCH,UNIT_SCADA,1,"2019/08/20 07:25:00",SNOWNTH1,23.10
D,DISPATCH,UNIT_SCADA,1,"2019/08/20 07:25:00",SNOWSTH1,53.80
D,DISPATCH,UNIT_SCADA,1,"2019/08/20 07:25:00",SNOWTWN1,24.867220
D,DISPATCH,UNIT_SCADA,1,"2019/08/20 07:25:00",SNOWYP,0
D,DISPATCH,UNIT_SCADA,1,"2019/08/20 07:25:00",SNUG1,0.019440
D,DISPATCH,UNIT_SCADA,1,"2019/08/20 07:25:00",SRSF1,27.05
D,DISPATCH,UNIT_SCADA,1,"2019/08/20 07:25:00",STAN-1,0
D,DISPATCH,UNIT_SCADA,1,"2019/08/20 07:25:00",STAN-2,343.427310
D,DISPATCH,UNIT_SCADA,1,"2019/08/20 07:25:00",STAN-3,343.542660
D,DISPATCH,UNIT_SCADA,1,"2019/08/20 07:25:00",STAN-4,364.345980
D,DISPATCH,UNIT_SCADA,1,"2019/08/20 07:25:00",STWF1,9.0675
D,DISPATCH,UNIT_SCADA,1,"2019/08/20 07:25:00",SWAN_E,0
D,DISPATCH,UNIT_SCADA,1,"2019/08/20 07:25:00",TALWA1,426
D,DISPATCH,UNIT_SCADA,1,"2019/08/20 07:25:00",TARALGA1,100.406250
D,DISPATCH,UNIT_SCADA,1,"2019/08/20 07:25:00",TARONG#1,345.899990
D,DISPATCH,UNIT_SCADA,1,"2019/08/20 07:25:00",TARONG#2,349.899990
D,DISPATCH,UNIT_SCADA,1,"2019/08/20 07:25:00",TARONG#3,260.200010
D,DISPATCH,UNIT_SCADA,1,"2019/08/20 07:25:00",TARONG#4,348
D,DISPATCH,UNIT_SCADA,1,"2019/08/20 07:25:00",TARRALEA,79.30
D,DISPATCH,UNIT_SCADA,1,"2019/08/20 07:25:00",TBSF1,-0.20
D,DISPATCH,UNIT_SCADA,1,"2019/08/20 07:25:00",TNPS1,441.700010
D,DISPATCH,UNIT_SCADA,1,"2019/08/20 07:25:00",TORRA1,80.503850
D,DISPATCH,UNIT_SCADA,1,"2019/08/20 07:25:00",TORRA2,0
D,DISPATCH,UNIT_SCADA,1,"2019/08/20 07:25:00",TORRA3,32.123470
D,DISPATCH,UNIT_SCADA,1,"2019/08/20 07:25:00",TORRA4,0
D,DISPATCH,UNIT_SCADA,1,"2019/08/20 07:25:00",TORRB1,103.51
D,DISPATCH,UNIT_SCADA,1,"2019/08/20 07:25:00",TORRB2,179.679990
D,DISPATCH,UNIT_SCADA,1,"2019/08/20 07:25:00",TORRB3,0
D,DISPATCH,UNIT_SCADA,1,"2019/08/20 07:25:00",TORRB4,0
D,DISPATCH,UNIT_SCADA,1,"2019/08/20 07:25:00",TREVALLN,69.280020
D,DISPATCH,UNIT_SCADA,1,"2019/08/20 07:25:00",TRIBUTE,84.31
D,DISPATCH,UNIT_SCADA,1,"2019/08/20 07:25:00",TUMUT3,593.320010
D,DISPATCH,UNIT_SCADA,1,"2019/08/20 07:25:00",TUNGATIN,132.980030
D,DISPATCH,UNIT_SCADA,1,"2019/08/20 07:25:00",TVCC201,0
D,DISPATCH,UNIT_SCADA,1,"2019/08/20 07:25:00",TVPP104,0
D,DISPATCH,UNIT_SCADA,1,"2019/08/20 07:25:00",UPPTUMUT,0
D,DISPATCH,UNIT_SCADA,1,"2019/08/20 07:25:00",URANQ11,0
D,DISPATCH,UNIT_SCADA,1,"2019/08/20 07:25:00",URANQ12,0
D,DISPATCH,UNIT_SCADA,1,"2019/08/20 07:25:00",URANQ13,0
D,DISPATCH,UNIT_SCADA,1,"2019/08/20 07:25:00",URANQ14,0
D,DISPATCH,UNIT_SCADA,1,"2019/08/20 07:25:00",VP5,632.224980
D,DISPATCH,UNIT_SCADA,1,"2019/08/20 07:25:00",VP6,626.25
D,DISPATCH,UNIT_SCADA,1,"2019/08/20 07:25:00",VPGS1,0
D,DISPATCH,UNIT_SCADA,1,"2019/08/20 07:25:00",VPGS2,0
D,DISPATCH,UNIT_SCADA,1,"2019/08/20 07:25:00",VPGS3,0
D,DISPATCH,UNIT_SCADA,1,"2019/08/20 07:25:00",VPGS4,0
D,DISPATCH,UNIT_SCADA,1,"2019/08/20 07:25:00",VPGS5,0
D,DISPATCH,UNIT_SCADA,1,"2019/08/20 07:25:00",VPGS6,0
D,DISPATCH,UNIT_SCADA,1,"2019/08/20 07:25:00",W/HOE#1,201.159990
D,DISPATCH,UNIT_SCADA,1,"2019/08/20 07:25:00",W/HOE#2,0
D,DISPATCH,UNIT_SCADA,1,"2019/08/20 07:25:00",WATERLWF,109.70
D,DISPATCH,UNIT_SCADA,1,"2019/08/20 07:25:00",WEMENSF1,0.20
D,DISPATCH,UNIT_SCADA,1,"2019/08/20 07:25:00",WGWF1,43.80
D,DISPATCH,UNIT_SCADA,1,"2019/08/20 07:25:00",WHITSF1,14.60
D,DISPATCH,UNIT_SCADA,1,"2019/08/20 07:25:00",WKIEWA1,0
D,DISPATCH,UNIT_SCADA,1,"2019/08/20 07:25:00",WKIEWA2,13.80
D,DISPATCH,UNIT_SCADA,1,"2019/08/20 07:25:00",WOODLWN1,44.7480
D,DISPATCH,UNIT_SCADA,1,"2019/08/20 07:25:00",WRSF1,6.30
D,DISPATCH,UNIT_SCADA,1,"2019/08/20 07:25:00",WRWF1,92.114990
D,DISPATCH,UNIT_SCADA,1,"2019/08/20 07:25:00",YABULU,0
D,DISPATCH,UNIT_SCADA,1,"2019/08/20 07:25:00",YABULU2,0
D,DISPATCH,UNIT_SCADA,1,"2019/08/20 07:25:00",YARWUN_1,0
D,DISPATCH,UNIT_SCADA,1,"2019/08/20 07:25:00",YENDWF1,41.98
D,DISPATCH,UNIT_SCADA,1,"2019/08/20 07:25:00",YWPS1,376.691130
D,DISPATCH,UNIT_SCADA,1,"2019/08/20 07:25:00",YWPS2,279.445560
D,DISPATCH,UNIT_SCADA,1,"2019/08/20 07:25:00",YWPS3,0
D,DISPATCH,UNIT_SCADA,1,"2019/08/20 07:25:00",YWPS4,394.673430
C,"END OF REPORT",334
