C,NEMP.WORLD,DISPATCHSCADA,AEMO,PUBLIC,2019/09/05,12:05:08,0000000312421305,DISPATCHSCADA,0000000312421299
I,DISPATCH,UNIT_SCADA,1,SETTLEMENTDATE,DUID,SCADAVALUE
D,DISPATCH,UNIT_SCADA,1,"2019/09/05 12:10:00",BARCSF1,0.30
D,DISPATCH,UNIT_SCADA,1,"2019/09/05 12:10:00",BUTLERSG,10.199999
D,DISPATCH,UNIT_SCADA,1,"2019/09/05 12:10:00",CALL_A_4,0
D,DISPATCH,UNIT_SCADA,1,"2019/09/05 12:10:00",CAPTL_WF,0
D,DISPATCH,UNIT_SCADA,1,"2019/09/05 12:10:00",CATHROCK,33.139999
D,DISPATCH,UNIT_SCADA,1,"2019/09/05 12:10:00",CHALLHWF,3.50
D,DISPATCH,UNIT_SCADA,1,"2019/09/05 12:10:00",CLOVER,-0.01
D,DISPATCH,UNIT_SCADA,1,"2019/09/05 12:10:00",CLUNY,18.140078
D,DISPATCH,UNIT_SCADA,1,"2019/09/05 12:10:00",CNUNDAWF,21.625227
D,DISPATCH,UNIT_SCADA,1,"2019/09/05 12:10:00",CULLRGWF,1.68
D,DISPATCH,UNIT_SCADA,1,"2019/09/05 12:10:00",ERGT01,0
D,DISPATCH,UNIT_SCADA,1,"2019/09/05 12:10:00",GB01,-0.001175
D,DISPATCH,UNIT_SCADA,1,"2019/09/05 12:10:00",GERMCRK,32.599998
D,DISPATCH,UNIT_SCADA,1,"2019/09/05 12:10:00",GRIFSF1,24
D,DISPATCH,UNIT_SCADA,1,"2019/09/05 12:10:00",HUGSF1,8.9020
D,DISPATCH,UNIT_SCADA,1,"2019/09/05 12:10:00",LKBONNY1,30.365183
D,DISPATCH,UNIT_SCADA,1,"2019/09/05 12:10:00",LRSF1,13.0340
D,DISPATCH,UNIT_SCADA,1,"2019/09/05 12:10:00",MBAHNTH,25.931252
D,DISPATCH,UNIT_SCADA,1,"2019/09/05 12:10:00",MLSP1,4.172001
D,DISPATCH,UNIT_SCADA,1,"2019/09/05 12:10:00",MLWF1,2.85
D,DISPATCH,UNIT_SCADA,1,"2019/09/05 12:10:00",MTMILLAR,26.342243
D,DISPATCH,UNIT_SCADA,1,"2019/09/05 12:10:00",PALOONA,25.48
D,DISPATCH,UNIT_SCADA,1,"2019/09/05 12:10:00",PIONEER,14.70
D,DISPATCH,UNIT_SCADA,1,"2019/09/05 12:10:00",PORTWF,40.099998
D,DISPATCH,UNIT_SCADA,1,"2019/09/05 12:10:00",REPULSE,28.917067
D,DISPATCH,UNIT_SCADA,1,"2019/09/05 12:10:00",ROWALLAN,10.4086
D,DISPATCH,UNIT_SCADA,1,"2019/09/05 12:10:00",ROYALLA1,14.582001
D,DISPATCH,UNIT_SCADA,1,"2019/09/05 12:10:00",RPCG,10.90
D,DISPATCH,UNIT_SCADA,1,"2019/09/05 12:10:00",RUBICON,0
D,DISPATCH,UNIT_SCADA,1,"2019/09/05 12:10:00",SATGN1,0
D,DISPATCH,UNIT_SCADA,1,"2019/09/05 12:10:00",SATGS1,0
D,DISPATCH,UNIT_SCADA,1,"2019/09/05 12:10:00",STARHLWF,9.697172
D,DISPATCH,UNIT_SCADA,1,"2019/09/05 12:10:00",WAUBRAWF,38.825001
D,DISPATCH,UNIT_SCADA,1,"2019/09/05 12:10:00",WOOLNTH1,2.720016
D,DISPATCH,UNIT_SCADA,1,"2019/09/05 12:10:00",WPWF,72
D,DISPATCH,UNIT_SCADA,1,"2019/09/05 12:10:00",YAMBUKWF,1.20
D,DISPATCH,UNIT_SCADA,1,"2019/09/05 12:10:00",YSWF1,0
D,DISPATCH,UNIT_SCADA,1,"2019/09/05 12:10:00",AGLHAL,0
D,DISPATCH,UNIT_SCADA,1,"2019/09/05 12:10:00",AGLSOM,0
D,DISPATCH,UNIT_SCADA,1,"2019/09/05 12:10:00",ANGAST1,0
D,DISPATCH,UNIT_SCADA,1,"2019/09/05 12:10:00",ARWF1,31.20
D,DISPATCH,UNIT_SCADA,1,"2019/09/05 12:10:00",BALBG1,0
D,DISPATCH,UNIT_SCADA,1,"2019/09/05 12:10:00",BALBL1,0
D,DISPATCH,UNIT_SCADA,1,"2019/09/05 12:10:00",BALDHWF1,7.2940
D,DISPATCH,UNIT_SCADA,1,"2019/09/05 12:10:00",BANN1,60.03
D,DISPATCH,UNIT_SCADA,1,"2019/09/05 12:10:00",BARCALDN,0
D,DISPATCH,UNIT_SCADA,1,"2019/09/05 12:10:00",BARRON-1,0
D,DISPATCH,UNIT_SCADA,1,"2019/09/05 12:10:00",BARRON-2,0
D,DISPATCH,UNIT_SCADA,1,"2019/09/05 12:10:00",BASTYAN,80.250010
D,DISPATCH,UNIT_SCADA,1,"2019/09/05 12:10:00",BBTHREE1,0
D,DISPATCH,UNIT_SCADA,1,"2019/09/05 12:10:00",BBTHREE2,0
D,DISPATCH,UNIT_SCADA,1,"2019/09/05 12:10:00",BBTHREE3,0
D,DISPATCH,UNIT_SCADA,1,"2019/09/05 12:10:00",BDL01,-0.06
D,DISPATCH,UNIT_SCADA,1,"2019/09/05 12:10:00",BDL02,0
D,DISPATCH,UNIT_SCADA,1,"2019/09/05 12:10:00",BERYLSF1,68.749020
D,DISPATCH,UNIT_SCADA,1,"2019/09/05 12:10:00",BLOWERNG,11.20
D,DISPATCH,UNIT_SCADA,1,"2019/09/05 12:10:00",BLUFF1,29.60
D,DISPATCH,UNIT_SCADA,1,"2019/09/05 12:10:00",BNGSF1,107.2340
D,DISPATCH,UNIT_SCADA,1,"2019/09/05 12:10:00",BNGSF2,20.03
D,DISPATCH,UNIT_SCADA,1,"2019/09/05 12:10:00",BOCORWF1,16.90
D,DISPATCH,UNIT_SCADA,1,"2019/09/05 12:10:00",BODWF1,0.793060
D,DISPATCH,UNIT_SCADA,1,"2019/09/05 12:10:00",BRAEMAR1,0
D,DISPATCH,UNIT_SCADA,1,"2019/09/05 12:10:00",BRAEMAR2,0
D,DISPATCH,UNIT_SCADA,1,"2019/09/05 12:10:00",BRAEMAR3,0
D,DISPATCH,UNIT_SCADA,1,"2019/09/05 12:10:00",BRAEMAR5,0
D,DISPATCH,UNIT_SCADA,1,"2019/09/05 12:10:00",BRAEMAR6,0
D,DISPATCH,UNIT_SCADA,1,"2019/09/05 12:10:00",BRAEMAR7,0
D,DISPATCH,UNIT_SCADA,1,"2019/09/05 12:10:00",BROKENH1,52.836430
D,DISPATCH,UNIT_SCADA,1,"2019/09/05 12:10:00",BW01,547.025020
D,DISPATCH,UNIT_SCADA,1,"2019/09/05 12:10:00",BW02,609.574950
D,DISPATCH,UNIT_SCADA,1,"2019/09/05 12:10:00",BW03,630.799930
D,DISPATCH,UNIT_SCADA,1,"2019/09/05 12:10:00",BW04,0
D,DISPATCH,UNIT_SCADA,1,"2019/09/05 12:10:00",CALL_B_1,298.100010
D,DISPATCH,UNIT_SCADA,1,"2019/09/05 12:10:00",CALL_B_2,216.70
D,DISPATCH,UNIT_SCADA,1,"2019/09/05 12:10:00",CETHANA,94.3525
D,DISPATCH,UNIT_SCADA,1,"2019/09/05 12:10:00",CG1,0
D,DISPATCH,UNIT_SCADA,1,"2019/09/05 12:10:00",CG2,0
D,DISPATCH,UNIT_SCADA,1,"2019/09/05 12:10:00",CG3,0
D,DISPATCH,UNIT_SCADA,1,"2019/09/05 12:10:00",CG4,0
D,DISPATCH,UNIT_SCADA,1,"2019/09/05 12:10:00",CHILDSF1,52.66
D,DISPATCH,UNIT_SCADA,1,"2019/09/05 12:10:00",CLARESF1,2.0313
D,DISPATCH,UNIT_SCADA,1,"2019/09/05 12:10:00",CLEMGPWF,22.402890
D,DISPATCH,UNIT_SCADA,1,"2019/09/05 12:10:00",CLERMSF1,0.30
D,DISPATCH,UNIT_SCADA,1,"2019/09/05 12:10:00",COLEASF1,88.70
D,DISPATCH,UNIT_SCADA,1,"2019/09/05 12:10:00",COOPGWF1,3.474950
D,DISPATCH,UNIT_SCADA,1,"2019/09/05 12:10:00",CPP_3,329.450010
D,DISPATCH,UNIT_SCADA,1,"2019/09/05 12:10:00",CPP_4,179.850010
D,DISPATCH,UNIT_SCADA,1,"2019/09/05 12:10:00",CPSA,73.806880
D,DISPATCH,UNIT_SCADA,1,"2019/09/05 12:10:00",CROOKWF2,14.363750
D,DISPATCH,UNIT_SCADA,1,"2019/09/05 12:10:00",CROWLWF1,2.989950
D,DISPATCH,UNIT_SCADA,1,"2019/09/05 12:10:00",CSPVPS1,0.5590
D,DISPATCH,UNIT_SCADA,1,"2019/09/05 12:10:00",DALNTH01,0
D,DISPATCH,UNIT_SCADA,1,"2019/09/05 12:10:00",DALNTHL1,0.975050
D,DISPATCH,UNIT_SCADA,1,"2019/09/05 12:10:00",DARTM1,0
D,DISPATCH,UNIT_SCADA,1,"2019/09/05 12:10:00",DAYDSF1,0
D,DISPATCH,UNIT_SCADA,1,"2019/09/05 12:10:00",DDPS1,0
D,DISPATCH,UNIT_SCADA,1,"2019/09/05 12:10:00",DDSF1,0
D,DISPATCH,UNIT_SCADA,1,"2019/09/05 12:10:00",DEVILS_G,62.902310
D,DISPATCH,UNIT_SCADA,1,"2019/09/05 12:10:00",DG_NSW1,0
D,DISPATCH,UNIT_SCADA,1,"2019/09/05 12:10:00",DG_QLD1,0
D,DISPATCH,UNIT_SCADA,1,"2019/09/05 12:10:00",DG_SA1,0
D,DISPATCH,UNIT_SCADA,1,"2019/09/05 12:10:00",DG_TAS1,0
D,DISPATCH,UNIT_SCADA,1,"2019/09/05 12:10:00",DG_VIC1,0
D,DISPATCH,UNIT_SCADA,1,"2019/09/05 12:10:00",DRYCGT1,0
D,DISPATCH,UNIT_SCADA,1,"2019/09/05 12:10:00",DRYCGT2,0
D,DISPATCH,UNIT_SCADA,1,"2019/09/05 12:10:00",DRYCGT3,0
D,DISPATCH,UNIT_SCADA,1,"2019/09/05 12:10:00",EILDON1,0
D,DISPATCH,UNIT_SCADA,1,"2019/09/05 12:10:00",EILDON2,0
D,DISPATCH,UNIT_SCADA,1,"2019/09/05 12:10:00",EMERASF1,0.12
D,DISPATCH,UNIT_SCADA,1,"2019/09/05 12:10:00",ER01,556.849980
D,DISPATCH,UNIT_SCADA,1,"2019/09/05 12:10:00",ER02,351.325070
D,DISPATCH,UNIT_SCADA,1,"2019/09/05 12:10:00",ER03,0
D,DISPATCH,UNIT_SCADA,1,"2019/09/05 12:10:00",ER04,663.849980
D,DISPATCH,UNIT_SCADA,1,"2019/09/05 12:10:00",FINLYSF1,13.231250
D,DISPATCH,UNIT_SCADA,1,"2019/09/05 12:10:00",FISHER,45.85
D,DISPATCH,UNIT_SCADA,1,"2019/09/05 12:10:00",GANNBG1,0
D,DISPATCH,UNIT_SCADA,1,"2019/09/05 12:10:00",GANNBL1,18.138850
D,DISPATCH,UNIT_SCADA,1,"2019/09/05 12:10:00",GANNSF1,18.50
D,DISPATCH,UNIT_SCADA,1,"2019/09/05 12:10:00",GORDON,18.8916
D,DISPATCH,UNIT_SCADA,1,"2019/09/05 12:10:00",GSTONE1,146.8250
D,DISPATCH,UNIT_SCADA,1,"2019/09/05 12:10:00",GSTONE2,150.149990
D,DISPATCH,UNIT_SCADA,1,"2019/09/05 12:10:00",GSTONE3,0
D,DISPATCH,UNIT_SCADA,1,"2019/09/05 12:10:00",GSTONE4,147.524990
D,DISPATCH,UNIT_SCADA,1,"2019/09/05 12:10:00",GSTONE5,145.4250
D,DISPATCH,UNIT_SCADA,1,"2019/09/05 12:10:00",GSTONE6,146.1250
D,DISPATCH,UNIT_SCADA,1,"2019/09/05 12:10:00",GULLRSF1,9.973450
D,DISPATCH,UNIT_SCADA,1,"2019/09/05 12:10:00",GULLRWF1,16.793090
D,DISPATCH,UNIT_SCADA,1,"2019/09/05 12:10:00",GUNNING1,5.620480
D,DISPATCH,UNIT_SCADA,1,"2019/09/05 12:10:00",GUTHEGA,0
D,DISPATCH,UNIT_SCADA,1,"2019/09/05 12:10:00",HALLWF1,61.93
D,DISPATCH,UNIT_SCADA,1,"2019/09/05 12:10:00",HALLWF2,47.82
D,DISPATCH,UNIT_SCADA,1,"2019/09/05 12:10:00",HAMISF1,0
D,DISPATCH,UNIT_SCADA,1,"2019/09/05 12:10:00",HAUGHT11,95.678470
D,DISPATCH,UNIT_SCADA,1,"2019/09/05 12:10:00",HAYMSF1,0
D,DISPATCH,UNIT_SCADA,1,"2019/09/05 12:10:00",HDWF1,45.60
D,DISPATCH,UNIT_SCADA,1,"2019/09/05 12:10:00",HDWF2,35
D,DISPATCH,UNIT_SCADA,1,"2019/09/05 12:10:00",HDWF3,54
D,DISPATCH,UNIT_SCADA,1,"2019/09/05 12:10:00",HPRG1,0
D,DISPATCH,UNIT_SCADA,1,"2019/09/05 12:10:00",HPRL1,39.90
D,DISPATCH,UNIT_SCADA,1,"2019/09/05 12:10:00",HUMENSW,0
D,DISPATCH,UNIT_SCADA,1,"2019/09/05 12:10:00",HUMEV,24.90
D,DISPATCH,UNIT_SCADA,1,"2019/09/05 12:10:00",HVGTS,0
D,DISPATCH,UNIT_SCADA,1,"2019/09/05 12:10:00",JBUTTERS,23.30
D,DISPATCH,UNIT_SCADA,1,"2019/09/05 12:10:00",JLA01,0.10
D,DISPATCH,UNIT_SCADA,1,"2019/09/05 12:10:00",JLA02,0
D,DISPATCH,UNIT_SCADA,1,"2019/09/05 12:10:00",JLA03,0
D,DISPATCH,UNIT_SCADA,1,"2019/09/05 12:10:00",JLA04,0
D,DISPATCH,UNIT_SCADA,1,"2019/09/05 12:10:00",JLB01,0
D,DISPATCH,UNIT_SCADA,1,"2019/09/05 12:10:00",JLB02,83.50
D,DISPATCH,UNIT_SCADA,1,"2019/09/05 12:10:00",JLB03,0
D,DISPATCH,UNIT_SCADA,1,"2019/09/05 12:10:00",KAREEYA1,21.5250
D,DISPATCH,UNIT_SCADA,1,"2019/09/05 12:10:00",KAREEYA2,21.7075
D,DISPATCH,UNIT_SCADA,1,"2019/09/05 12:10:00",KAREEYA3,0
D,DISPATCH,UNIT_SCADA,1,"2019/09/05 12:10:00",KAREEYA4,21.5625
D,DISPATCH,UNIT_SCADA,1,"2019/09/05 12:10:00",KARSF1,75.10
D,DISPATCH,UNIT_SCADA,1,"2019/09/05 12:10:00",KIATAWF1,11.10
D,DISPATCH,UNIT_SCADA,1,"2019/09/05 12:10:00",KPP_1,0
D,DISPATCH,UNIT_SCADA,1,"2019/09/05 12:10:00",KSP1,0
D,DISPATCH,UNIT_SCADA,1,"2019/09/05 12:10:00",LADBROK1,0
D,DISPATCH,UNIT_SCADA,1,"2019/09/05 12:10:00",LADBROK2,0
D,DISPATCH,UNIT_SCADA,1,"2019/09/05 12:10:00",LD01,386.400050
D,DISPATCH,UNIT_SCADA,1,"2019/09/05 12:10:00",LD02,379.762570
D,DISPATCH,UNIT_SCADA,1,"2019/09/05 12:10:00",LD03,385.612550
D,DISPATCH,UNIT_SCADA,1,"2019/09/05 12:10:00",LD04,385.4812
D,DISPATCH,UNIT_SCADA,1,"2019/09/05 12:10:00",LEM_WIL,82.294050
D,DISPATCH,UNIT_SCADA,1,"2019/09/05 12:10:00",LGAPWF1,13.86
D,DISPATCH,UNIT_SCADA,1,"2019/09/05 12:10:00",LILYSF1,88.080380
D,DISPATCH,UNIT_SCADA,1,"2019/09/05 12:10:00",LI_WY_CA,131.398640
D,DISPATCH,UNIT_SCADA,1,"2019/09/05 12:10:00",LKBONNY2,73.813960
D,DISPATCH,UNIT_SCADA,1,"2019/09/05 12:10:00",LKBONNY3,13.397280
D,DISPATCH,UNIT_SCADA,1,"2019/09/05 12:10:00",LK_ECHO,0
D,DISPATCH,UNIT_SCADA,1,"2019/09/05 12:10:00",LNGS1,0
D,DISPATCH,UNIT_SCADA,1,"2019/09/05 12:10:00",LNGS2,0
D,DISPATCH,UNIT_SCADA,1,"2019/09/05 12:10:00",LONSDALE,0
D,DISPATCH,UNIT_SCADA,1,"2019/09/05 12:10:00",LOYYB1,536.088620
D,DISPATCH,UNIT_SCADA,1,"2019/09/05 12:10:00",LOYYB2,582.7063
D,DISPATCH,UNIT_SCADA,1,"2019/09/05 12:10:00",LYA1,0
D,DISPATCH,UNIT_SCADA,1,"2019/09/05 12:10:00",LYA2,0
D,DISPATCH,UNIT_SCADA,1,"2019/09/05 12:10:00",LYA3,560
D,DISPATCH,UNIT_SCADA,1,"2019/09/05 12:10:00",LYA4,540
D,DISPATCH,UNIT_SCADA,1,"2019/09/05 12:10:00",MACARTH1,85.698020
D,DISPATCH,UNIT_SCADA,1,"2019/09/05 12:10:00",MACKAYGT,0.2240
D,DISPATCH,UNIT_SCADA,1,"2019/09/05 12:10:00",MACKNTSH,88.63
D,DISPATCH,UNIT_SCADA,1,"2019/09/05 12:10:00",MANSLR1,37.3860
D,DISPATCH,UNIT_SCADA,1,"2019/09/05 12:10:00",MCKAY1,0.0750
D,DISPATCH,UNIT_SCADA,1,"2019/09/05 12:10:00",MEADOWBK,31.523740
D,DISPATCH,UNIT_SCADA,1,"2019/09/05 12:10:00",MERCER01,7.8410
D,DISPATCH,UNIT_SCADA,1,"2019/09/05 12:10:00",MEWF1,44.593150
D,DISPATCH,UNIT_SCADA,1,"2019/09/05 12:10:00",MINTARO,0
D,DISPATCH,UNIT_SCADA,1,"2019/09/05 12:10:00",MOREESF1,47.9340
D,DISPATCH,UNIT_SCADA,1,"2019/09/05 12:10:00",MORTLK11,125
D,DISPATCH,UNIT_SCADA,1,"2019/09/05 12:10:00",MORTLK12,0
D,DISPATCH,UNIT_SCADA,1,"2019/09/05 12:10:00",MP1,219.025020
D,DISPATCH,UNIT_SCADA,1,"2019/09/05 12:10:00",MP2,0
D,DISPATCH,UNIT_SCADA,1,"2019/09/05 12:10:00",MPP_1,317.50
D,DISPATCH,UNIT_SCADA,1,"2019/09/05 12:10:00",MPP_2,298
D,DISPATCH,UNIT_SCADA,1,"2019/09/05 12:10:00",MSTUART1,0
D,DISPATCH,UNIT_SCADA,1,"2019/09/05 12:10:00",MSTUART2,0
D,DISPATCH,UNIT_SCADA,1,"2019/09/05 12:10:00",MSTUART3,0
D,DISPATCH,UNIT_SCADA,1,"2019/09/05 12:10:00",MTGELWF1,5.537580
D,DISPATCH,UNIT_SCADA,1,"2019/09/05 12:10:00",MURRAY,0
D,DISPATCH,UNIT_SCADA,1,"2019/09/05 12:10:00",MUSSELR1,3.60
D,DISPATCH,UNIT_SCADA,1,"2019/09/05 12:10:00",MUWAWF1,4.48
D,DISPATCH,UNIT_SCADA,1,"2019/09/05 12:10:00",NBHWF1,62.20
D,DISPATCH,UNIT_SCADA,1,"2019/09/05 12:10:00",NPS,0
D,DISPATCH,UNIT_SCADA,1,"2019/09/05 12:10:00",NUMURSF1,93.33
D,DISPATCH,UNIT_SCADA,1,"2019/09/05 12:10:00",NYNGAN1,101.25
D,DISPATCH,UNIT_SCADA,1,"2019/09/05 12:10:00",OAKEY1,0
D,DISPATCH,UNIT_SCADA,1,"2019/09/05 12:10:00",OAKEY1SF,22.0280
D,DISPATCH,UNIT_SCADA,1,"2019/09/05 12:10:00",OAKEY2,0
D,DISPATCH,UNIT_SCADA,1,"2019/09/05 12:10:00",OAKEY2SF,0
D,DISPATCH,UNIT_SCADA,1,"2019/09/05 12:10:00",OAKLAND1,10.70
D,DISPATCH,UNIT_SCADA,1,"2019/09/05 12:10:00",OSB-AG,141.210010
D,DISPATCH,UNIT_SCADA,1,"2019/09/05 12:10:00",PARSF1,43.80
D,DISPATCH,UNIT_SCADA,1,"2019/09/05 12:10:00",POAT110,0
D,DISPATCH,UNIT_SCADA,1,"2019/09/05 12:10:00",POAT220,0
D,DISPATCH,UNIT_SCADA,1,"2019/09/05 12:10:00",POR01,0
D,DISPATCH,UNIT_SCADA,1,"2019/09/05 12:10:00",POR03,0
D,DISPATCH,UNIT_SCADA,1,"2019/09/05 12:10:00",PPCCGT,172.209990
D,DISPATCH,UNIT_SCADA,1,"2019/09/05 12:10:00",PTSTAN1,0
D,DISPATCH,UNIT_SCADA,1,"2019/09/05 12:10:00",PUMP1,0
D,DISPATCH,UNIT_SCADA,1,"2019/09/05 12:10:00",PUMP2,0
D,DISPATCH,UNIT_SCADA,1,"2019/09/05 12:10:00",QPS1,0
D,DISPATCH,UNIT_SCADA,1,"2019/09/05 12:10:00",QPS2,0
D,DISPATCH,UNIT_SCADA,1,"2019/09/05 12:10:00",QPS3,0
D,DISPATCH,UNIT_SCADA,1,"2019/09/05 12:10:00",QPS4,0
D,DISPATCH,UNIT_SCADA,1,"2019/09/05 12:10:00",QPS5,0
D,DISPATCH,UNIT_SCADA,1,"2019/09/05 12:10:00",REECE1,101.27
D,DISPATCH,UNIT_SCADA,1,"2019/09/05 12:10:00",REECE2,101.310010
D,DISPATCH,UNIT_SCADA,1,"2019/09/05 12:10:00",ROMA_7,0
D,DISPATCH,UNIT_SCADA,1,"2019/09/05 12:10:00",ROMA_8,0
D,DISPATCH,UNIT_SCADA,1,"2019/09/05 12:10:00",RRSF1,0
D,DISPATCH,UNIT_SCADA,1,"2019/09/05 12:10:00",RT_NSW1,0
D,DISPATCH,UNIT_SCADA,1,"2019/09/05 12:10:00",RT_NSW2,0
D,DISPATCH,UNIT_SCADA,1,"2019/09/05 12:10:00",RT_NSW3,0
D,DISPATCH,UNIT_SCADA,1,"2019/09/05 12:10:00",RT_NSW4,0
D,DISPATCH,UNIT_SCADA,1,"2019/09/05 12:10:00",RT_NSW5,0
D,DISPATCH,UNIT_SCADA,1,"2019/09/05 12:10:00",RT_NSW6,0
D,DISPATCH,UNIT_SCADA,1,"2019/09/05 12:10:00",RT_QLD1,0
D,DISPATCH,UNIT_SCADA,1,"2019/09/05 12:10:00",RT_SA1,0
D,DISPATCH,UNIT_SCADA,1,"2019/09/05 12:10:00",RT_SA2,0
D,DISPATCH,UNIT_SCADA,1,"2019/09/05 12:10:00",RT_SA3,0
D,DISPATCH,UNIT_SCADA,1,"2019/09/05 12:10:00",RT_SA4,0
D,DISPATCH,UNIT_SCADA,1,"2019/09/05 12:10:00",RT_SA5,0
D,DISPATCH,UNIT_SCADA,1,"2019/09/05 12:10:00",RT_SA6,0
D,DISPATCH,UNIT_SCADA,1,"2019/09/05 12:10:00",RT_TAS1,0
D,DISPATCH,UNIT_SCADA,1,"2019/09/05 12:10:00",RT_VIC1,0
D,DISPATCH,UNIT_SCADA,1,"2019/09/05 12:10:00",RT_VIC10,0
D,DISPATCH,UNIT_SCADA,1,"2019/09/05 12:10:00",RT_VIC11,0
D,DISPATCH,UNIT_SCADA,1,"2019/09/05 12:10:00",RT_VIC12,0
D,DISPATCH,UNIT_SCADA,1,"2019/09/05 12:10:00",RT_VIC2,0
D,DISPATCH,UNIT_SCADA,1,"2019/09/05 12:10:00",RT_VIC3,0
D,DISPATCH,UNIT_SCADA,1,"2019/09/05 12:10:00",RT_VIC4,0
D,DISPATCH,UNIT_SCADA,1,"2019/09/05 12:10:00",RT_VIC5,0
D,DISPATCH,UNIT_SCADA,1,"2019/09/05 12:10:00",RT_VIC6,0
D,DISPATCH,UNIT_SCADA,1,"2019/09/05 12:10:00",RT_VIC7,0
D,DISPATCH,UNIT_SCADA,1,"2019/09/05 12:10:00",RT_VIC8,0
D,DISPATCH,UNIT_SCADA,1,"2019/09/05 12:10:00",RT_VIC9,0
D,DISPATCH,UNIT_SCADA,1,"2019/09/05 12:10:00",RUGBYR1,0.046940
D,DISPATCH,UNIT_SCADA,1,"2019/09/05 12:10:00",SALTCRK1,10.21
D,DISPATCH,UNIT_SCADA,1,"2019/09/05 12:10:00",SAPHWF1,97.284360
D,DISPATCH,UNIT_SCADA,1,"2019/09/05 12:10:00",SHGEN,0
D,DISPATCH,UNIT_SCADA,1,"2019/09/05 12:10:00",SHPUMP,0
D,DISPATCH,UNIT_SCADA,1,"2019/09/05 12:10:00",SITHE01,0.224190
D,DISPATCH,UNIT_SCADA,1,"2019/09/05 12:10:00",SMCSF1,0
D,DISPATCH,UNIT_SCADA,1,"2019/09/05 12:10:00",SNOWNTH1,59.50
D,DISPATCH,UNIT_SCADA,1,"2019/09/05 12:10:00",SNOWSTH1,82.40
D,DISPATCH,UNIT_SCADA,1,"2019/09/05 12:10:00",SNOWTWN1,43.267940
D,DISPATCH,UNIT_SCADA,1,"2019/09/05 12:10:00",SNOWYP,0
D,DISPATCH,UNIT_SCADA,1,"2019/09/05 12:10:00",SNUG1,0.019440
D,DISPATCH,UNIT_SCADA,1,"2019/09/05 12:10:00",SRSF1,1.65
D,DISPATCH,UNIT_SCADA,1,"2019/09/05 12:10:00",STAN-1,364.704860
D,DISPATCH,UNIT_SCADA,1,"2019/09/05 12:10:00",STAN-2,218.415310
D,DISPATCH,UNIT_SCADA,1,"2019/09/05 12:10:00",STAN-3,218.146130
D,DISPATCH,UNIT_SCADA,1,"2019/09/05 12:10:00",STAN-4,219.440730
D,DISPATCH,UNIT_SCADA,1,"2019/09/05 12:10:00",STWF1,0
D,DISPATCH,UNIT_SCADA,1,"2019/09/05 12:10:00",SWAN_E,0
D,DISPATCH,UNIT_SCADA,1,"2019/09/05 12:10:00",TALWA1,302
D,DISPATCH,UNIT_SCADA,1,"2019/09/05 12:10:00",TARALGA1,13.0125
D,DISPATCH,UNIT_SCADA,1,"2019/09/05 12:10:00",TARONG#1,337.399990
D,DISPATCH,UNIT_SCADA,1,"2019/09/05 12:10:00",TARONG#2,0
D,DISPATCH,UNIT_SCADA,1,"2019/09/05 12:10:00",TARONG#3,280.399990
D,DISPATCH,UNIT_SCADA,1,"2019/09/05 12:10:00",TARONG#4,349.300020
D,DISPATCH,UNIT_SCADA,1,"2019/09/05 12:10:00",TARRALEA,71
D,DISPATCH,UNIT_SCADA,1,"2019/09/05 12:10:00",TBSF1,50.70
D,DISPATCH,UNIT_SCADA,1,"2019/09/05 12:10:00",TNPS1,379.300020
D,DISPATCH,UNIT_SCADA,1,"2019/09/05 12:10:00",TORRA1,35.302150
D,DISPATCH,UNIT_SCADA,1,"2019/09/05 12:10:00",TORRA2,0
D,DISPATCH,UNIT_SCADA,1,"2019/09/05 12:10:00",TORRA3,0
D,DISPATCH,UNIT_SCADA,1,"2019/09/05 12:10:00",TORRA4,35.671990
D,DISPATCH,UNIT_SCADA,1,"2019/09/05 12:10:00",TORRB1,40.34
D,DISPATCH,UNIT_SCADA,1,"2019/09/05 12:10:00",TORRB2,40.18
D,DISPATCH,UNIT_SCADA,1,"2019/09/05 12:10:00",TORRB3,40.49
D,DISPATCH,UNIT_SCADA,1,"2019/09/05 12:10:00",TORRB4,0
D,DISPATCH,UNIT_SCADA,1,"2019/09/05 12:10:00",TREVALLN,2.30
D,DISPATCH,UNIT_SCADA,1,"2019/09/05 12:10:00",TRIBUTE,0
D,DISPATCH,UNIT_SCADA,1,"2019/09/05 12:10:00",TUMUT3,0
D,DISPATCH,UNIT_SCADA,1,"2019/09/05 12:10:00",TUNGATIN,117.330030
D,DISPATCH,UNIT_SCADA,1,"2019/09/05 12:10:00",TVCC201,0
D,DISPATCH,UNIT_SCADA,1,"2019/09/05 12:10:00",TVPP104,0
D,DISPATCH,UNIT_SCADA,1,"2019/09/05 12:10:00",UPPTUMUT,187.835250
D,DISPATCH,UNIT_SCADA,1,"2019/09/05 12:10:00",URANQ11,0
D,DISPATCH,UNIT_SCADA,1,"2019/09/05 12:10:00",URANQ12,0
D,DISPATCH,UNIT_SCADA,1,"2019/09/05 12:10:00",URANQ13,0
D,DISPATCH,UNIT_SCADA,1,"2019/09/05 12:10:00",URANQ14,0
D,DISPATCH,UNIT_SCADA,1,"2019/09/05 12:10:00",VP5,511.600010
D,DISPATCH,UNIT_SCADA,1,"2019/09/05 12:10:00",VP6,0
D,DISPATCH,UNIT_SCADA,1,"2019/09/05 12:10:00",VPGS1,0
D,DISPATCH,UNIT_SCADA,1,"2019/09/05 12:10:00",VPGS2,0
D,DISPATCH,UNIT_SCADA,1,"2019/09/05 12:10:00",VPGS3,0
D,DISPATCH,UNIT_SCADA,1,"2019/09/05 12:10:00",VPGS4,0
D,DISPATCH,UNIT_SCADA,1,"2019/09/05 12:10:00",VPGS5,0
D,DISPATCH,UNIT_SCADA,1,"2019/09/05 12:10:00",VPGS6,0
D,DISPATCH,UNIT_SCADA,1,"2019/09/05 12:10:00",W/HOE#1,0
D,DISPATCH,UNIT_SCADA,1,"2019/09/05 12:10:00",W/HOE#2,0
D,DISPATCH,UNIT_SCADA,1,"2019/09/05 12:10:00",WATERLWF,51.70
D,DISPATCH,UNIT_SCADA,1,"2019/09/05 12:10:00",WEMENSF1,33.10
D,DISPATCH,UNIT_SCADA,1,"2019/09/05 12:10:00",WGWF1,58.20
D,DISPATCH,UNIT_SCADA,1,"2019/09/05 12:10:00",WHITSF1,0
D,DISPATCH,UNIT_SCADA,1,"2019/09/05 12:10:00",WKIEWA1,0
D,DISPATCH,UNIT_SCADA,1,"2019/09/05 12:10:00",WKIEWA2,0
D,DISPATCH,UNIT_SCADA,1,"2019/09/05 12:10:00",WOODLWN1,0
D,DISPATCH,UNIT_SCADA,1,"2019/09/05 12:10:00",WRSF1,19.90
D,DISPATCH,UNIT_SCADA,1,"2019/09/05 12:10:00",WRWF1,96.001250
D,DISPATCH,UNIT_SCADA,1,"2019/09/05 12:10:00",YABULU,0
D,DISPATCH,UNIT_SCADA,1,"2019/09/05 12:10:00",YABULU2,0
D,DISPATCH,UNIT_SCADA,1,"2019/09/05 12:10:00",YARWUN_1,120.36
D,DISPATCH,UNIT_SCADA,1,"2019/09/05 12:10:00",YENDWF1,6.84
D,DISPATCH,UNIT_SCADA,1,"2019/09/05 12:10:00",YWPS1,378.946840
D,DISPATCH,UNIT_SCADA,1,"2019/09/05 12:10:00",YWPS2,281.701260
D,DISPATCH,UNIT_SCADA,1,"2019/09/05 12:10:00",YWPS3,332.0076
D,DISPATCH,UNIT_SCADA,1,"2019/09/05 12:10:00",YWPS4,385.922790
C,"END OF REPORT",335
