C,NEMP.WORLD,DISPATCHSCADA,AEMO,PUBLIC,2019/08/21,01:05:09,0000000311806900,DISPATCHSCADA,0000000311806894
I,DISPATCH,UNIT_SCADA,1,SETTLEMENTDATE,DUID,SCADAVALUE
D,DISPATCH,UNIT_SCADA,1,"2019/08/21 01:10:00",BARCSF1,0.50
D,DISPATCH,UNIT_SCADA,1,"2019/08/21 01:10:00",BUTLERSG,9.699999
D,DISPATCH,UNIT_SCADA,1,"2019/08/21 01:10:00",CALL_A_4,0
D,DISPATCH,UNIT_SCADA,1,"2019/08/21 01:10:00",CAPTL_WF,130.868011
D,DISPATCH,UNIT_SCADA,1,"2019/08/21 01:10:00",CATHROCK,48.729996
D,DISPATCH,UNIT_SCADA,1,"2019/08/21 01:10:00",CHALLHWF,27.400002
D,DISPATCH,UNIT_SCADA,1,"2019/08/21 01:10:00",CLOVER,-0.02
D,DISPATCH,UNIT_SCADA,1,"2019/08/21 01:10:00",CLUNY,20.731060
D,DISPATCH,UNIT_SCADA,1,"2019/08/21 01:10:00",CNUNDAWF,41.548470
D,DISPATCH,UNIT_SCADA,1,"2019/08/21 01:10:00",CULLRGWF,30.32
D,DISPATCH,UNIT_SCADA,1,"2019/08/21 01:10:00",ERGT01,0
D,DISPATCH,UNIT_SCADA,1,"2019/08/21 01:10:00",GB01,0.061501
D,DISPATCH,UNIT_SCADA,1,"2019/08/21 01:10:00",GERMCRK,37.599998
D,DISPATCH,UNIT_SCADA,1,"2019/08/21 01:10:00",GRIFSF1,0
D,DISPATCH,UNIT_SCADA,1,"2019/08/21 01:10:00",HUGSF1,-0.2040
D,DISPATCH,UNIT_SCADA,1,"2019/08/21 01:10:00",LKBONNY1,74.573318
D,DISPATCH,UNIT_SCADA,1,"2019/08/21 01:10:00",LRSF1,0.0290
D,DISPATCH,UNIT_SCADA,1,"2019/08/21 01:10:00",MBAHNTH,55.724991
D,DISPATCH,UNIT_SCADA,1,"2019/08/21 01:10:00",MLSP1,0.283001
D,DISPATCH,UNIT_SCADA,1,"2019/08/21 01:10:00",MLWF1,19.724998
D,DISPATCH,UNIT_SCADA,1,"2019/08/21 01:10:00",MTMILLAR,22.472761
D,DISPATCH,UNIT_SCADA,1,"2019/08/21 01:10:00",PALOONA,25.74
D,DISPATCH,UNIT_SCADA,1,"2019/08/21 01:10:00",PIONEER,33.400002
D,DISPATCH,UNIT_SCADA,1,"2019/08/21 01:10:00",PORTWF,137.399994
D,DISPATCH,UNIT_SCADA,1,"2019/08/21 01:10:00",REPULSE,28.746166
D,DISPATCH,UNIT_SCADA,1,"2019/08/21 01:10:00",ROWALLAN,10.1459
D,DISPATCH,UNIT_SCADA,1,"2019/08/21 01:10:00",ROYALLA1,0
D,DISPATCH,UNIT_SCADA,1,"2019/08/21 01:10:00",RPCG,12.40
D,DISPATCH,UNIT_SCADA,1,"2019/08/21 01:10:00",RUBICON,0
D,DISPATCH,UNIT_SCADA,1,"2019/08/21 01:10:00",SATGN1,0
D,DISPATCH,UNIT_SCADA,1,"2019/08/21 01:10:00",SATGS1,0
D,DISPATCH,UNIT_SCADA,1,"2019/08/21 01:10:00",STARHLWF,24.092974
D,DISPATCH,UNIT_SCADA,1,"2019/08/21 01:10:00",WAUBRAWF,159.126999
D,DISPATCH,UNIT_SCADA,1,"2019/08/21 01:10:00",WOOLNTH1,122.950027
D,DISPATCH,UNIT_SCADA,1,"2019/08/21 01:10:00",WPWF,61
D,DISPATCH,UNIT_SCADA,1,"2019/08/21 01:10:00",YAMBUKWF,29.200001
D,DISPATCH,UNIT_SCADA,1,"2019/08/21 01:10:00",YSWF1,28.50
D,DISPATCH,UNIT_SCADA,1,"2019/08/21 01:10:00",AGLHAL,0
D,DISPATCH,UNIT_SCADA,1,"2019/08/21 01:10:00",AGLSOM,0
D,DISPATCH,UNIT_SCADA,1,"2019/08/21 01:10:00",ANGAST1,0
D,DISPATCH,UNIT_SCADA,1,"2019/08/21 01:10:00",ARWF1,47.80
D,DISPATCH,UNIT_SCADA,1,"2019/08/21 01:10:00",BALBG1,0
D,DISPATCH,UNIT_SCADA,1,"2019/08/21 01:10:00",BALBL1,0
D,DISPATCH,UNIT_SCADA,1,"2019/08/21 01:10:00",BALDHWF1,102.6880
D,DISPATCH,UNIT_SCADA,1,"2019/08/21 01:10:00",BANN1,0
D,DISPATCH,UNIT_SCADA,1,"2019/08/21 01:10:00",BARCALDN,0
D,DISPATCH,UNIT_SCADA,1,"2019/08/21 01:10:00",BARRON-1,0
D,DISPATCH,UNIT_SCADA,1,"2019/08/21 01:10:00",BARRON-2,25.60
D,DISPATCH,UNIT_SCADA,1,"2019/08/21 01:10:00",BASTYAN,80.30
D,DISPATCH,UNIT_SCADA,1,"2019/08/21 01:10:00",BBTHREE1,-1.88
D,DISPATCH,UNIT_SCADA,1,"2019/08/21 01:10:00",BBTHREE2,-1.89
D,DISPATCH,UNIT_SCADA,1,"2019/08/21 01:10:00",BBTHREE3,-1
D,DISPATCH,UNIT_SCADA,1,"2019/08/21 01:10:00",BDL01,0
D,DISPATCH,UNIT_SCADA,1,"2019/08/21 01:10:00",BDL02,0
D,DISPATCH,UNIT_SCADA,1,"2019/08/21 01:10:00",BERYLSF1,0
D,DISPATCH,UNIT_SCADA,1,"2019/08/21 01:10:00",BLOWERNG,0
D,DISPATCH,UNIT_SCADA,1,"2019/08/21 01:10:00",BLUFF1,43.40
D,DISPATCH,UNIT_SCADA,1,"2019/08/21 01:10:00",BNGSF1,0
D,DISPATCH,UNIT_SCADA,1,"2019/08/21 01:10:00",BNGSF2,0
D,DISPATCH,UNIT_SCADA,1,"2019/08/21 01:10:00",BOCORWF1,111.13
D,DISPATCH,UNIT_SCADA,1,"2019/08/21 01:10:00",BODWF1,62.093230
D,DISPATCH,UNIT_SCADA,1,"2019/08/21 01:10:00",BRAEMAR1,0
D,DISPATCH,UNIT_SCADA,1,"2019/08/21 01:10:00",BRAEMAR2,0
D,DISPATCH,UNIT_SCADA,1,"2019/08/21 01:10:00",BRAEMAR3,0
D,DISPATCH,UNIT_SCADA,1,"2019/08/21 01:10:00",BRAEMAR5,0
D,DISPATCH,UNIT_SCADA,1,"2019/08/21 01:10:00",BRAEMAR6,0
D,DISPATCH,UNIT_SCADA,1,"2019/08/21 01:10:00",BRAEMAR7,0
D,DISPATCH,UNIT_SCADA,1,"2019/08/21 01:10:00",BROKENH1,0
D,DISPATCH,UNIT_SCADA,1,"2019/08/21 01:10:00",BW01,405.925050
D,DISPATCH,UNIT_SCADA,1,"2019/08/21 01:10:00",BW02,574.549930
D,DISPATCH,UNIT_SCADA,1,"2019/08/21 01:10:00",BW03,502.299930
D,DISPATCH,UNIT_SCADA,1,"2019/08/21 01:10:00",BW04,0
D,DISPATCH,UNIT_SCADA,1,"2019/08/21 01:10:00",CALL_B_1,349.50
D,DISPATCH,UNIT_SCADA,1,"2019/08/21 01:10:00",CALL_B_2,297.700010
D,DISPATCH,UNIT_SCADA,1,"2019/08/21 01:10:00",CETHANA,98.064750
D,DISPATCH,UNIT_SCADA,1,"2019/08/21 01:10:00",CG1,0
D,DISPATCH,UNIT_SCADA,1,"2019/08/21 01:10:00",CG2,0
D,DISPATCH,UNIT_SCADA,1,"2019/08/21 01:10:00",CG3,0
D,DISPATCH,UNIT_SCADA,1,"2019/08/21 01:10:00",CG4,0
D,DISPATCH,UNIT_SCADA,1,"2019/08/21 01:10:00",CHILDSF1,0
D,DISPATCH,UNIT_SCADA,1,"2019/08/21 01:10:00",CLARESF1,0
D,DISPATCH,UNIT_SCADA,1,"2019/08/21 01:10:00",CLEMGPWF,17.576540
D,DISPATCH,UNIT_SCADA,1,"2019/08/21 01:10:00",CLERMSF1,0
D,DISPATCH,UNIT_SCADA,1,"2019/08/21 01:10:00",COLEASF1,0
D,DISPATCH,UNIT_SCADA,1,"2019/08/21 01:10:00",COOPGWF1,57.643820
D,DISPATCH,UNIT_SCADA,1,"2019/08/21 01:10:00",CPP_3,406.450010
D,DISPATCH,UNIT_SCADA,1,"2019/08/21 01:10:00",CPP_4,405.899990
D,DISPATCH,UNIT_SCADA,1,"2019/08/21 01:10:00",CPSA,143.504380
D,DISPATCH,UNIT_SCADA,1,"2019/08/21 01:10:00",CROOKWF2,91.083740
D,DISPATCH,UNIT_SCADA,1,"2019/08/21 01:10:00",CROWLWF1,57.821180
D,DISPATCH,UNIT_SCADA,1,"2019/08/21 01:10:00",CSPVPS1,0
D,DISPATCH,UNIT_SCADA,1,"2019/08/21 01:10:00",DALNTH01,0.019840
D,DISPATCH,UNIT_SCADA,1,"2019/08/21 01:10:00",DALNTHL1,0
D,DISPATCH,UNIT_SCADA,1,"2019/08/21 01:10:00",DARTM1,0
D,DISPATCH,UNIT_SCADA,1,"2019/08/21 01:10:00",DAYDSF1,0
D,DISPATCH,UNIT_SCADA,1,"2019/08/21 01:10:00",DDPS1,0
D,DISPATCH,UNIT_SCADA,1,"2019/08/21 01:10:00",DDSF1,0
D,DISPATCH,UNIT_SCADA,1,"2019/08/21 01:10:00",DEVILS_G,60.184940
D,DISPATCH,UNIT_SCADA,1,"2019/08/21 01:10:00",DG_NSW1,0
D,DISPATCH,UNIT_SCADA,1,"2019/08/21 01:10:00",DG_QLD1,0
D,DISPATCH,UNIT_SCADA,1,"2019/08/21 01:10:00",DG_SA1,0
D,DISPATCH,UNIT_SCADA,1,"2019/08/21 01:10:00",DG_TAS1,0
D,DISPATCH,UNIT_SCADA,1,"2019/08/21 01:10:00",DG_VIC1,0
D,DISPATCH,UNIT_SCADA,1,"2019/08/21 01:10:00",DRYCGT1,0
D,DISPATCH,UNIT_SCADA,1,"2019/08/21 01:10:00",DRYCGT2,0
D,DISPATCH,UNIT_SCADA,1,"2019/08/21 01:10:00",DRYCGT3,0
D,DISPATCH,UNIT_SCADA,1,"2019/08/21 01:10:00",EILDON1,0
D,DISPATCH,UNIT_SCADA,1,"2019/08/21 01:10:00",EILDON2,0
D,DISPATCH,UNIT_SCADA,1,"2019/08/21 01:10:00",EMERASF1,0
D,DISPATCH,UNIT_SCADA,1,"2019/08/21 01:10:00",ER01,481.449950
D,DISPATCH,UNIT_SCADA,1,"2019/08/21 01:10:00",ER02,384.074950
D,DISPATCH,UNIT_SCADA,1,"2019/08/21 01:10:00",ER03,379.924930
D,DISPATCH,UNIT_SCADA,1,"2019/08/21 01:10:00",ER04,484.424930
D,DISPATCH,UNIT_SCADA,1,"2019/08/21 01:10:00",FINLYSF1,0
D,DISPATCH,UNIT_SCADA,1,"2019/08/21 01:10:00",FISHER,45.86
D,DISPATCH,UNIT_SCADA,1,"2019/08/21 01:10:00",GANNBG1,0
D,DISPATCH,UNIT_SCADA,1,"2019/08/21 01:10:00",GANNBL1,10.008440
D,DISPATCH,UNIT_SCADA,1,"2019/08/21 01:10:00",GANNSF1,0
D,DISPATCH,UNIT_SCADA,1,"2019/08/21 01:10:00",GORDON,0
D,DISPATCH,UNIT_SCADA,1,"2019/08/21 01:10:00",GSTONE1,146.1250
D,DISPATCH,UNIT_SCADA,1,"2019/08/21 01:10:00",GSTONE2,149.6250
D,DISPATCH,UNIT_SCADA,1,"2019/08/21 01:10:00",GSTONE3,142.45
D,DISPATCH,UNIT_SCADA,1,"2019/08/21 01:10:00",GSTONE4,145.0750
D,DISPATCH,UNIT_SCADA,1,"2019/08/21 01:10:00",GSTONE5,144.899990
D,DISPATCH,UNIT_SCADA,1,"2019/08/21 01:10:00",GSTONE6,0
D,DISPATCH,UNIT_SCADA,1,"2019/08/21 01:10:00",GULLRSF1,0
D,DISPATCH,UNIT_SCADA,1,"2019/08/21 01:10:00",GULLRWF1,160.374020
D,DISPATCH,UNIT_SCADA,1,"2019/08/21 01:10:00",GUNNING1,46.4159
D,DISPATCH,UNIT_SCADA,1,"2019/08/21 01:10:00",GUTHEGA,0
D,DISPATCH,UNIT_SCADA,1,"2019/08/21 01:10:00",HALLWF1,74.99
D,DISPATCH,UNIT_SCADA,1,"2019/08/21 01:10:00",HALLWF2,56.03
D,DISPATCH,UNIT_SCADA,1,"2019/08/21 01:10:00",HAMISF1,0
D,DISPATCH,UNIT_SCADA,1,"2019/08/21 01:10:00",HAUGHT11,0
D,DISPATCH,UNIT_SCADA,1,"2019/08/21 01:10:00",HAYMSF1,0
D,DISPATCH,UNIT_SCADA,1,"2019/08/21 01:10:00",HDWF1,79.40
D,DISPATCH,UNIT_SCADA,1,"2019/08/21 01:10:00",HDWF2,79.40
D,DISPATCH,UNIT_SCADA,1,"2019/08/21 01:10:00",HDWF3,69
D,DISPATCH,UNIT_SCADA,1,"2019/08/21 01:10:00",HPRG1,0
D,DISPATCH,UNIT_SCADA,1,"2019/08/21 01:10:00",HPRL1,18.30
D,DISPATCH,UNIT_SCADA,1,"2019/08/21 01:10:00",HUMENSW,0
D,DISPATCH,UNIT_SCADA,1,"2019/08/21 01:10:00",HUMEV,8.40
D,DISPATCH,UNIT_SCADA,1,"2019/08/21 01:10:00",HVGTS,0
D,DISPATCH,UNIT_SCADA,1,"2019/08/21 01:10:00",JBUTTERS,131.41
D,DISPATCH,UNIT_SCADA,1,"2019/08/21 01:10:00",JLA01,0.50
D,DISPATCH,UNIT_SCADA,1,"2019/08/21 01:10:00",JLA02,0
D,DISPATCH,UNIT_SCADA,1,"2019/08/21 01:10:00",JLA03,0.10
D,DISPATCH,UNIT_SCADA,1,"2019/08/21 01:10:00",JLA04,0.10
D,DISPATCH,UNIT_SCADA,1,"2019/08/21 01:10:00",JLB01,0
D,DISPATCH,UNIT_SCADA,1,"2019/08/21 01:10:00",JLB02,0.10
D,DISPATCH,UNIT_SCADA,1,"2019/08/21 01:10:00",JLB03,0
D,DISPATCH,UNIT_SCADA,1,"2019/08/21 01:10:00",KAREEYA1,21.46
D,DISPATCH,UNIT_SCADA,1,"2019/08/21 01:10:00",KAREEYA2,21.61
D,DISPATCH,UNIT_SCADA,1,"2019/08/21 01:10:00",KAREEYA3,0
D,DISPATCH,UNIT_SCADA,1,"2019/08/21 01:10:00",KAREEYA4,21.6950
D,DISPATCH,UNIT_SCADA,1,"2019/08/21 01:10:00",KARSF1,0
D,DISPATCH,UNIT_SCADA,1,"2019/08/21 01:10:00",KIATAWF1,30.90
D,DISPATCH,UNIT_SCADA,1,"2019/08/21 01:10:00",KPP_1,0
D,DISPATCH,UNIT_SCADA,1,"2019/08/21 01:10:00",KSP1,0
D,DISPATCH,UNIT_SCADA,1,"2019/08/21 01:10:00",LADBROK1,0
D,DISPATCH,UNIT_SCADA,1,"2019/08/21 01:10:00",LADBROK2,0
D,DISPATCH,UNIT_SCADA,1,"2019/08/21 01:10:00",LD01,406.462550
D,DISPATCH,UNIT_SCADA,1,"2019/08/21 01:10:00",LD02,401.681210
D,DISPATCH,UNIT_SCADA,1,"2019/08/21 01:10:00",LD03,408.4313
D,DISPATCH,UNIT_SCADA,1,"2019/08/21 01:10:00",LD04,385.143770
D,DISPATCH,UNIT_SCADA,1,"2019/08/21 01:10:00",LEM_WIL,85.932550
D,DISPATCH,UNIT_SCADA,1,"2019/08/21 01:10:00",LGAPWF1,13.08
D,DISPATCH,UNIT_SCADA,1,"2019/08/21 01:10:00",LILYSF1,0
D,DISPATCH,UNIT_SCADA,1,"2019/08/21 01:10:00",LI_WY_CA,149.594380
D,DISPATCH,UNIT_SCADA,1,"2019/08/21 01:10:00",LKBONNY2,124.719730
D,DISPATCH,UNIT_SCADA,1,"2019/08/21 01:10:00",LKBONNY3,31.148690
D,DISPATCH,UNIT_SCADA,1,"2019/08/21 01:10:00",LK_ECHO,0
D,DISPATCH,UNIT_SCADA,1,"2019/08/21 01:10:00",LNGS1,0
D,DISPATCH,UNIT_SCADA,1,"2019/08/21 01:10:00",LNGS2,0
D,DISPATCH,UNIT_SCADA,1,"2019/08/21 01:10:00",LONSDALE,0
D,DISPATCH,UNIT_SCADA,1,"2019/08/21 01:10:00",LOYYB1,536.464540
D,DISPATCH,UNIT_SCADA,1,"2019/08/21 01:10:00",LOYYB2,580.8266
D,DISPATCH,UNIT_SCADA,1,"2019/08/21 01:10:00",LYA1,508
D,DISPATCH,UNIT_SCADA,1,"2019/08/21 01:10:00",LYA2,0
D,DISPATCH,UNIT_SCADA,1,"2019/08/21 01:10:00",LYA3,540
D,DISPATCH,UNIT_SCADA,1,"2019/08/21 01:10:00",LYA4,521
D,DISPATCH,UNIT_SCADA,1,"2019/08/21 01:10:00",MACARTH1,396.990840
D,DISPATCH,UNIT_SCADA,1,"2019/08/21 01:10:00",MACKAYGT,0
D,DISPATCH,UNIT_SCADA,1,"2019/08/21 01:10:00",MACKNTSH,85.030010
D,DISPATCH,UNIT_SCADA,1,"2019/08/21 01:10:00",MANSLR1,0
D,DISPATCH,UNIT_SCADA,1,"2019/08/21 01:10:00",MCKAY1,0.02
D,DISPATCH,UNIT_SCADA,1,"2019/08/21 01:10:00",MEADOWBK,33.838720
D,DISPATCH,UNIT_SCADA,1,"2019/08/21 01:10:00",MERCER01,129.1140
D,DISPATCH,UNIT_SCADA,1,"2019/08/21 01:10:00",MEWF1,93.929470
D,DISPATCH,UNIT_SCADA,1,"2019/08/21 01:10:00",MINTARO,0
D,DISPATCH,UNIT_SCADA,1,"2019/08/21 01:10:00",MOREESF1,0
D,DISPATCH,UNIT_SCADA,1,"2019/08/21 01:10:00",MORTLK11,0
D,DISPATCH,UNIT_SCADA,1,"2019/08/21 01:10:00",MORTLK12,0
D,DISPATCH,UNIT_SCADA,1,"2019/08/21 01:10:00",MP1,282.824950
D,DISPATCH,UNIT_SCADA,1,"2019/08/21 01:10:00",MP2,0
D,DISPATCH,UNIT_SCADA,1,"2019/08/21 01:10:00",MPP_1,389.25
D,DISPATCH,UNIT_SCADA,1,"2019/08/21 01:10:00",MPP_2,425.50
D,DISPATCH,UNIT_SCADA,1,"2019/08/21 01:10:00",MSTUART1,0
D,DISPATCH,UNIT_SCADA,1,"2019/08/21 01:10:00",MSTUART2,0
D,DISPATCH,UNIT_SCADA,1,"2019/08/21 01:10:00",MSTUART3,0
D,DISPATCH,UNIT_SCADA,1,"2019/08/21 01:10:00",MTGELWF1,64.320820
D,DISPATCH,UNIT_SCADA,1,"2019/08/21 01:10:00",MURRAY,0
D,DISPATCH,UNIT_SCADA,1,"2019/08/21 01:10:00",MUSSELR1,162.70
D,DISPATCH,UNIT_SCADA,1,"2019/08/21 01:10:00",MUWAWF1,50.92
D,DISPATCH,UNIT_SCADA,1,"2019/08/21 01:10:00",NBHWF1,92.60
D,DISPATCH,UNIT_SCADA,1,"2019/08/21 01:10:00",NPS,0
D,DISPATCH,UNIT_SCADA,1,"2019/08/21 01:10:00",NUMURSF1,0
D,DISPATCH,UNIT_SCADA,1,"2019/08/21 01:10:00",NYNGAN1,0
D,DISPATCH,UNIT_SCADA,1,"2019/08/21 01:10:00",OAKEY1,0
D,DISPATCH,UNIT_SCADA,1,"2019/08/21 01:10:00",OAKEY1SF,0.0380
D,DISPATCH,UNIT_SCADA,1,"2019/08/21 01:10:00",OAKEY2,0
D,DISPATCH,UNIT_SCADA,1,"2019/08/21 01:10:00",OAKLAND1,62.30
D,DISPATCH,UNIT_SCADA,1,"2019/08/21 01:10:00",OSB-AG,0
D,DISPATCH,UNIT_SCADA,1,"2019/08/21 01:10:00",PARSF1,0
D,DISPATCH,UNIT_SCADA,1,"2019/08/21 01:10:00",POAT110,0
D,DISPATCH,UNIT_SCADA,1,"2019/08/21 01:10:00",POAT220,0
D,DISPATCH,UNIT_SCADA,1,"2019/08/21 01:10:00",POR01,0
D,DISPATCH,UNIT_SCADA,1,"2019/08/21 01:10:00",POR03,0
D,DISPATCH,UNIT_SCADA,1,"2019/08/21 01:10:00",PPCCGT,173.5522
D,DISPATCH,UNIT_SCADA,1,"2019/08/21 01:10:00",PTSTAN1,0
D,DISPATCH,UNIT_SCADA,1,"2019/08/21 01:10:00",PUMP1,0
D,DISPATCH,UNIT_SCADA,1,"2019/08/21 01:10:00",PUMP2,0
D,DISPATCH,UNIT_SCADA,1,"2019/08/21 01:10:00",QPS1,0
D,DISPATCH,UNIT_SCADA,1,"2019/08/21 01:10:00",QPS2,0
D,DISPATCH,UNIT_SCADA,1,"2019/08/21 01:10:00",QPS3,0
D,DISPATCH,UNIT_SCADA,1,"2019/08/21 01:10:00",QPS4,0
D,DISPATCH,UNIT_SCADA,1,"2019/08/21 01:10:00",QPS5,0
D,DISPATCH,UNIT_SCADA,1,"2019/08/21 01:10:00",REECE1,118.290010
D,DISPATCH,UNIT_SCADA,1,"2019/08/21 01:10:00",REECE2,117.090010
D,DISPATCH,UNIT_SCADA,1,"2019/08/21 01:10:00",ROMA_7,0
D,DISPATCH,UNIT_SCADA,1,"2019/08/21 01:10:00",ROMA_8,0
D,DISPATCH,UNIT_SCADA,1,"2019/08/21 01:10:00",RRSF1,0
D,DISPATCH,UNIT_SCADA,1,"2019/08/21 01:10:00",RT_NSW1,0
D,DISPATCH,UNIT_SCADA,1,"2019/08/21 01:10:00",RT_NSW2,0
D,DISPATCH,UNIT_SCADA,1,"2019/08/21 01:10:00",RT_NSW3,0
D,DISPATCH,UNIT_SCADA,1,"2019/08/21 01:10:00",RT_NSW4,0
D,DISPATCH,UNIT_SCADA,1,"2019/08/21 01:10:00",RT_NSW5,0
D,DISPATCH,UNIT_SCADA,1,"2019/08/21 01:10:00",RT_NSW6,0
D,DISPATCH,UNIT_SCADA,1,"2019/08/21 01:10:00",RT_QLD1,0
D,DISPATCH,UNIT_SCADA,1,"2019/08/21 01:10:00",RT_SA1,0
D,DISPATCH,UNIT_SCADA,1,"2019/08/21 01:10:00",RT_SA2,0
D,DISPATCH,UNIT_SCADA,1,"2019/08/21 01:10:00",RT_SA3,0
D,DISPATCH,UNIT_SCADA,1,"2019/08/21 01:10:00",RT_SA4,0
D,DISPATCH,UNIT_SCADA,1,"2019/08/21 01:10:00",RT_SA5,0
D,DISPATCH,UNIT_SCADA,1,"2019/08/21 01:10:00",RT_SA6,0
D,DISPATCH,UNIT_SCADA,1,"2019/08/21 01:10:00",RT_TAS1,0
D,DISPATCH,UNIT_SCADA,1,"2019/08/21 01:10:00",RT_VIC1,0
D,DISPATCH,UNIT_SCADA,1,"2019/08/21 01:10:00",RT_VIC10,0
D,DISPATCH,UNIT_SCADA,1,"2019/08/21 01:10:00",RT_VIC11,0
D,DISPATCH,UNIT_SCADA,1,"2019/08/21 01:10:00",RT_VIC12,0
D,DISPATCH,UNIT_SCADA,1,"2019/08/21 01:10:00",RT_VIC2,0
D,DISPATCH,UNIT_SCADA,1,"2019/08/21 01:10:00",RT_VIC3,0
D,DISPATCH,UNIT_SCADA,1,"2019/08/21 01:10:00",RT_VIC4,0
D,DISPATCH,UNIT_SCADA,1,"2019/08/21 01:10:00",RT_VIC5,0
D,DISPATCH,UNIT_SCADA,1,"2019/08/21 01:10:00",RT_VIC6,0
D,DISPATCH,UNIT_SCADA,1,"2019/08/21 01:10:00",RT_VIC7,0
D,DISPATCH,UNIT_SCADA,1,"2019/08/21 01:10:00",RT_VIC8,0
D,DISPATCH,UNIT_SCADA,1,"2019/08/21 01:10:00",RT_VIC9,0
D,DISPATCH,UNIT_SCADA,1,"2019/08/21 01:10:00",RUGBYR1,0
D,DISPATCH,UNIT_SCADA,1,"2019/08/21 01:10:00",SALTCRK1,52.49
D,DISPATCH,UNIT_SCADA,1,"2019/08/21 01:10:00",SAPHWF1,186
D,DISPATCH,UNIT_SCADA,1,"2019/08/21 01:10:00",SHGEN,0
D,DISPATCH,UNIT_SCADA,1,"2019/08/21 01:10:00",SHPUMP,42.129690
D,DISPATCH,UNIT_SCADA,1,"2019/08/21 01:10:00",SITHE01,0.043330
D,DISPATCH,UNIT_SCADA,1,"2019/08/21 01:10:00",SMCSF1,0
D,DISPATCH,UNIT_SCADA,1,"2019/08/21 01:10:00",SNOWNTH1,35.40
D,DISPATCH,UNIT_SCADA,1,"2019/08/21 01:10:00",SNOWSTH1,82.30
D,DISPATCH,UNIT_SCADA,1,"2019/08/21 01:10:00",SNOWTWN1,30.603430
D,DISPATCH,UNIT_SCADA,1,"2019/08/21 01:10:00",SNOWYP,267.600010
D,DISPATCH,UNIT_SCADA,1,"2019/08/21 01:10:00",SNUG1,0.019440
D,DISPATCH,UNIT_SCADA,1,"2019/08/21 01:10:00",SRSF1,0.07
D,DISPATCH,UNIT_SCADA,1,"2019/08/21 01:10:00",STAN-1,0
D,DISPATCH,UNIT_SCADA,1,"2019/08/21 01:10:00",STAN-2,193.100160
D,DISPATCH,UNIT_SCADA,1,"2019/08/21 01:10:00",STAN-3,220.402070
D,DISPATCH,UNIT_SCADA,1,"2019/08/21 01:10:00",STAN-4,200.931840
D,DISPATCH,UNIT_SCADA,1,"2019/08/21 01:10:00",STWF1,129.453750
D,DISPATCH,UNIT_SCADA,1,"2019/08/21 01:10:00",SWAN_E,0
D,DISPATCH,UNIT_SCADA,1,"2019/08/21 01:10:00",TALWA1,253
D,DISPATCH,UNIT_SCADA,1,"2019/08/21 01:10:00",TARALGA1,68.504990
D,DISPATCH,UNIT_SCADA,1,"2019/08/21 01:10:00",TARONG#1,289.600010
D,DISPATCH,UNIT_SCADA,1,"2019/08/21 01:10:00",TARONG#2,111.30
D,DISPATCH,UNIT_SCADA,1,"2019/08/21 01:10:00",TARONG#3,260.50
D,DISPATCH,UNIT_SCADA,1,"2019/08/21 01:10:00",TARONG#4,293.800020
D,DISPATCH,UNIT_SCADA,1,"2019/08/21 01:10:00",TARRALEA,84.90
D,DISPATCH,UNIT_SCADA,1,"2019/08/21 01:10:00",TBSF1,-0.20
D,DISPATCH,UNIT_SCADA,1,"2019/08/21 01:10:00",TNPS1,400.000030
D,DISPATCH,UNIT_SCADA,1,"2019/08/21 01:10:00",TORRA1,36.236070
D,DISPATCH,UNIT_SCADA,1,"2019/08/21 01:10:00",TORRA2,0
D,DISPATCH,UNIT_SCADA,1,"2019/08/21 01:10:00",TORRA3,0
D,DISPATCH,UNIT_SCADA,1,"2019/08/21 01:10:00",TORRA4,0
D,DISPATCH,UNIT_SCADA,1,"2019/08/21 01:10:00",TORRB1,40.66
D,DISPATCH,UNIT_SCADA,1,"2019/08/21 01:10:00",TORRB2,40.26
D,DISPATCH,UNIT_SCADA,1,"2019/08/21 01:10:00",TORRB3,0
D,DISPATCH,UNIT_SCADA,1,"2019/08/21 01:10:00",TORRB4,0
D,DISPATCH,UNIT_SCADA,1,"2019/08/21 01:10:00",TREVALLN,1.90
D,DISPATCH,UNIT_SCADA,1,"2019/08/21 01:10:00",TRIBUTE,84.42
D,DISPATCH,UNIT_SCADA,1,"2019/08/21 01:10:00",TUMUT3,0
D,DISPATCH,UNIT_SCADA,1,"2019/08/21 01:10:00",TUNGATIN,57.20
D,DISPATCH,UNIT_SCADA,1,"2019/08/21 01:10:00",TVCC201,0
D,DISPATCH,UNIT_SCADA,1,"2019/08/21 01:10:00",TVPP104,0
D,DISPATCH,UNIT_SCADA,1,"2019/08/21 01:10:00",UPPTUMUT,0
D,DISPATCH,UNIT_SCADA,1,"2019/08/21 01:10:00",URANQ11,0
D,DISPATCH,UNIT_SCADA,1,"2019/08/21 01:10:00",URANQ12,0
D,DISPATCH,UNIT_SCADA,1,"2019/08/21 01:10:00",URANQ13,0
D,DISPATCH,UNIT_SCADA,1,"2019/08/21 01:10:00",URANQ14,0
D,DISPATCH,UNIT_SCADA,1,"2019/08/21 01:10:00",VP5,404.549990
D,DISPATCH,UNIT_SCADA,1,"2019/08/21 01:10:00",VP6,403.1250
D,DISPATCH,UNIT_SCADA,1,"2019/08/21 01:10:00",VPGS1,0
D,DISPATCH,UNIT_SCADA,1,"2019/08/21 01:10:00",VPGS2,0
D,DISPATCH,UNIT_SCADA,1,"2019/08/21 01:10:00",VPGS3,0
D,DISPATCH,UNIT_SCADA,1,"2019/08/21 01:10:00",VPGS4,0
D,DISPATCH,UNIT_SCADA,1,"2019/08/21 01:10:00",VPGS5,0
D,DISPATCH,UNIT_SCADA,1,"2019/08/21 01:10:00",VPGS6,0
D,DISPATCH,UNIT_SCADA,1,"2019/08/21 01:10:00",W/HOE#1,0
D,DISPATCH,UNIT_SCADA,1,"2019/08/21 01:10:00",W/HOE#2,0
D,DISPATCH,UNIT_SCADA,1,"2019/08/21 01:10:00",WATERLWF,97.70
D,DISPATCH,UNIT_SCADA,1,"2019/08/21 01:10:00",WEMENSF1,0
D,DISPATCH,UNIT_SCADA,1,"2019/08/21 01:10:00",WGWF1,94.30
D,DISPATCH,UNIT_SCADA,1,"2019/08/21 01:10:00",WHITSF1,0
D,DISPATCH,UNIT_SCADA,1,"2019/08/21 01:10:00",WKIEWA1,33.70
D,DISPATCH,UNIT_SCADA,1,"2019/08/21 01:10:00",WKIEWA2,17
D,DISPATCH,UNIT_SCADA,1,"2019/08/21 01:10:00",WOODLWN1,43.0560
D,DISPATCH,UNIT_SCADA,1,"2019/08/21 01:10:00",WRSF1,0
D,DISPATCH,UNIT_SCADA,1,"2019/08/21 01:10:00",WRWF1,132.653750
D,DISPATCH,UNIT_SCADA,1,"2019/08/21 01:10:00",YABULU,0
D,DISPATCH,UNIT_SCADA,1,"2019/08/21 01:10:00",YABULU2,0
D,DISPATCH,UNIT_SCADA,1,"2019/08/21 01:10:00",YARWUN_1,0
D,DISPATCH,UNIT_SCADA,1,"2019/08/21 01:10:00",YENDWF1,41.98
D,DISPATCH,UNIT_SCADA,1,"2019/08/21 01:10:00",YWPS1,361.653170
D,DISPATCH,UNIT_SCADA,1,"2019/08/21 01:10:00",YWPS2,282.7038
D,DISPATCH,UNIT_SCADA,1,"2019/08/21 01:10:00",YWPS3,0
D,DISPATCH,UNIT_SCADA,1,"2019/08/21 01:10:00",YWPS4,379.994930
C,"END OF REPORT",334
