C,NEMP.WORLD,DISPATCHSCADA,AEMO,PUBLIC,2019/08/21,18:25:07,0000000311836433,DISPATCHSCADA,0000000311836427
I,DISPATCH,UNIT_SCADA,1,SETTLEMENTDATE,DUID,SCADAVALUE
D,DISPATCH,UNIT_SCADA,1,"2019/08/21 18:30:00",BARCSF1,0.70
D,DISPATCH,UNIT_SCADA,1,"2019/08/21 18:30:00",BUTLERSG,9.599998
D,DISPATCH,UNIT_SCADA,1,"2019/08/21 18:30:00",CALL_A_4,0
D,DISPATCH,UNIT_SCADA,1,"2019/08/21 18:30:00",CAPTL_WF,132.380005
D,DISPATCH,UNIT_SCADA,1,"2019/08/21 18:30:00",CATHROCK,42.769997
D,DISPATCH,UNIT_SCADA,1,"2019/08/21 18:30:00",CHALLHWF,30.700001
D,DISPATCH,UNIT_SCADA,1,"2019/08/21 18:30:00",CLOVER,-0.01
D,DISPATCH,UNIT_SCADA,1,"2019/08/21 18:30:00",CLUNY,20.159761
D,DISPATCH,UNIT_SCADA,1,"2019/08/21 18:30:00",CNUNDAWF,40.547302
D,DISPATCH,UNIT_SCADA,1,"2019/08/21 18:30:00",CULLRGWF,30.59
D,DISPATCH,UNIT_SCADA,1,"2019/08/21 18:30:00",ERGT01,0
D,DISPATCH,UNIT_SCADA,1,"2019/08/21 18:30:00",GB01,0.069134
D,DISPATCH,UNIT_SCADA,1,"2019/08/21 18:30:00",GERMCRK,34.700001
D,DISPATCH,UNIT_SCADA,1,"2019/08/21 18:30:00",GRIFSF1,0
D,DISPATCH,UNIT_SCADA,1,"2019/08/21 18:30:00",HUGSF1,-0.1430
D,DISPATCH,UNIT_SCADA,1,"2019/08/21 18:30:00",LKBONNY1,69.571991
D,DISPATCH,UNIT_SCADA,1,"2019/08/21 18:30:00",LRSF1,0.0390
D,DISPATCH,UNIT_SCADA,1,"2019/08/21 18:30:00",MBAHNTH,55.856247
D,DISPATCH,UNIT_SCADA,1,"2019/08/21 18:30:00",MLSP1,0.271001
D,DISPATCH,UNIT_SCADA,1,"2019/08/21 18:30:00",MLWF1,17.744999
D,DISPATCH,UNIT_SCADA,1,"2019/08/21 18:30:00",MTMILLAR,16.311356
D,DISPATCH,UNIT_SCADA,1,"2019/08/21 18:30:00",PALOONA,23.769999
D,DISPATCH,UNIT_SCADA,1,"2019/08/21 18:30:00",PIONEER,29.90
D,DISPATCH,UNIT_SCADA,1,"2019/08/21 18:30:00",PORTWF,141.100006
D,DISPATCH,UNIT_SCADA,1,"2019/08/21 18:30:00",REPULSE,28.942703
D,DISPATCH,UNIT_SCADA,1,"2019/08/21 18:30:00",ROWALLAN,10.3234
D,DISPATCH,UNIT_SCADA,1,"2019/08/21 18:30:00",ROYALLA1,0
D,DISPATCH,UNIT_SCADA,1,"2019/08/21 18:30:00",RPCG,10.30
D,DISPATCH,UNIT_SCADA,1,"2019/08/21 18:30:00",RUBICON,0
D,DISPATCH,UNIT_SCADA,1,"2019/08/21 18:30:00",SATGN1,0
D,DISPATCH,UNIT_SCADA,1,"2019/08/21 18:30:00",SATGS1,0
D,DISPATCH,UNIT_SCADA,1,"2019/08/21 18:30:00",STARHLWF,3.798892
D,DISPATCH,UNIT_SCADA,1,"2019/08/21 18:30:00",WAUBRAWF,164.261002
D,DISPATCH,UNIT_SCADA,1,"2019/08/21 18:30:00",WOOLNTH1,135.200012
D,DISPATCH,UNIT_SCADA,1,"2019/08/21 18:30:00",WPWF,62
D,DISPATCH,UNIT_SCADA,1,"2019/08/21 18:30:00",YAMBUKWF,29.60
D,DISPATCH,UNIT_SCADA,1,"2019/08/21 18:30:00",YSWF1,28.60
D,DISPATCH,UNIT_SCADA,1,"2019/08/21 18:30:00",AGLHAL,0
D,DISPATCH,UNIT_SCADA,1,"2019/08/21 18:30:00",AGLSOM,0
D,DISPATCH,UNIT_SCADA,1,"2019/08/21 18:30:00",ANGAST1,0
D,DISPATCH,UNIT_SCADA,1,"2019/08/21 18:30:00",ARWF1,107
D,DISPATCH,UNIT_SCADA,1,"2019/08/21 18:30:00",BALBG1,0
D,DISPATCH,UNIT_SCADA,1,"2019/08/21 18:30:00",BALBL1,0.65
D,DISPATCH,UNIT_SCADA,1,"2019/08/21 18:30:00",BALDHWF1,100.5010
D,DISPATCH,UNIT_SCADA,1,"2019/08/21 18:30:00",BANN1,0
D,DISPATCH,UNIT_SCADA,1,"2019/08/21 18:30:00",BARCALDN,0
D,DISPATCH,UNIT_SCADA,1,"2019/08/21 18:30:00",BARRON-1,0
D,DISPATCH,UNIT_SCADA,1,"2019/08/21 18:30:00",BARRON-2,27.48
D,DISPATCH,UNIT_SCADA,1,"2019/08/21 18:30:00",BASTYAN,78.20
D,DISPATCH,UNIT_SCADA,1,"2019/08/21 18:30:00",BBTHREE1,-1.92
D,DISPATCH,UNIT_SCADA,1,"2019/08/21 18:30:00",BBTHREE2,-1.96
D,DISPATCH,UNIT_SCADA,1,"2019/08/21 18:30:00",BBTHREE3,-1.07
D,DISPATCH,UNIT_SCADA,1,"2019/08/21 18:30:00",BDL01,34.86
D,DISPATCH,UNIT_SCADA,1,"2019/08/21 18:30:00",BDL02,0
D,DISPATCH,UNIT_SCADA,1,"2019/08/21 18:30:00",BERYLSF1,0
D,DISPATCH,UNIT_SCADA,1,"2019/08/21 18:30:00",BLOWERNG,0
D,DISPATCH,UNIT_SCADA,1,"2019/08/21 18:30:00",BLUFF1,29.80
D,DISPATCH,UNIT_SCADA,1,"2019/08/21 18:30:00",BNGSF1,0.05
D,DISPATCH,UNIT_SCADA,1,"2019/08/21 18:30:00",BNGSF2,0
D,DISPATCH,UNIT_SCADA,1,"2019/08/21 18:30:00",BOCORWF1,111.18
D,DISPATCH,UNIT_SCADA,1,"2019/08/21 18:30:00",BODWF1,85.304510
D,DISPATCH,UNIT_SCADA,1,"2019/08/21 18:30:00",BRAEMAR1,0
D,DISPATCH,UNIT_SCADA,1,"2019/08/21 18:30:00",BRAEMAR2,172.80
D,DISPATCH,UNIT_SCADA,1,"2019/08/21 18:30:00",BRAEMAR3,0
D,DISPATCH,UNIT_SCADA,1,"2019/08/21 18:30:00",BRAEMAR5,0
D,DISPATCH,UNIT_SCADA,1,"2019/08/21 18:30:00",BRAEMAR6,0
D,DISPATCH,UNIT_SCADA,1,"2019/08/21 18:30:00",BRAEMAR7,0
D,DISPATCH,UNIT_SCADA,1,"2019/08/21 18:30:00",BROKENH1,0
D,DISPATCH,UNIT_SCADA,1,"2019/08/21 18:30:00",BW01,636.950070
D,DISPATCH,UNIT_SCADA,1,"2019/08/21 18:30:00",BW02,632.25
D,DISPATCH,UNIT_SCADA,1,"2019/08/21 18:30:00",BW03,640.400020
D,DISPATCH,UNIT_SCADA,1,"2019/08/21 18:30:00",BW04,0
D,DISPATCH,UNIT_SCADA,1,"2019/08/21 18:30:00",CALL_B_1,350.200010
D,DISPATCH,UNIT_SCADA,1,"2019/08/21 18:30:00",CALL_B_2,350.399990
D,DISPATCH,UNIT_SCADA,1,"2019/08/21 18:30:00",CETHANA,99.801120
D,DISPATCH,UNIT_SCADA,1,"2019/08/21 18:30:00",CG1,0
D,DISPATCH,UNIT_SCADA,1,"2019/08/21 18:30:00",CG2,0
D,DISPATCH,UNIT_SCADA,1,"2019/08/21 18:30:00",CG3,0
D,DISPATCH,UNIT_SCADA,1,"2019/08/21 18:30:00",CG4,0
D,DISPATCH,UNIT_SCADA,1,"2019/08/21 18:30:00",CHILDSF1,0.01
D,DISPATCH,UNIT_SCADA,1,"2019/08/21 18:30:00",CLARESF1,0
D,DISPATCH,UNIT_SCADA,1,"2019/08/21 18:30:00",CLEMGPWF,21.970680
D,DISPATCH,UNIT_SCADA,1,"2019/08/21 18:30:00",CLERMSF1,0
D,DISPATCH,UNIT_SCADA,1,"2019/08/21 18:30:00",COLEASF1,0
D,DISPATCH,UNIT_SCADA,1,"2019/08/21 18:30:00",COOPGWF1,31.9245
D,DISPATCH,UNIT_SCADA,1,"2019/08/21 18:30:00",CPP_3,405.899990
D,DISPATCH,UNIT_SCADA,1,"2019/08/21 18:30:00",CPP_4,404.800020
D,DISPATCH,UNIT_SCADA,1,"2019/08/21 18:30:00",CPSA,141.403120
D,DISPATCH,UNIT_SCADA,1,"2019/08/21 18:30:00",CROOKWF2,91.7450
D,DISPATCH,UNIT_SCADA,1,"2019/08/21 18:30:00",CROWLWF1,29.718530
D,DISPATCH,UNIT_SCADA,1,"2019/08/21 18:30:00",CSPVPS1,0.0430
D,DISPATCH,UNIT_SCADA,1,"2019/08/21 18:30:00",DALNTH01,5.897610
D,DISPATCH,UNIT_SCADA,1,"2019/08/21 18:30:00",DALNTHL1,0
D,DISPATCH,UNIT_SCADA,1,"2019/08/21 18:30:00",DARTM1,134.70
D,DISPATCH,UNIT_SCADA,1,"2019/08/21 18:30:00",DAYDSF1,0
D,DISPATCH,UNIT_SCADA,1,"2019/08/21 18:30:00",DDPS1,441.084590
D,DISPATCH,UNIT_SCADA,1,"2019/08/21 18:30:00",DDSF1,0
D,DISPATCH,UNIT_SCADA,1,"2019/08/21 18:30:00",DEVILS_G,0
D,DISPATCH,UNIT_SCADA,1,"2019/08/21 18:30:00",DG_NSW1,0
D,DISPATCH,UNIT_SCADA,1,"2019/08/21 18:30:00",DG_QLD1,0
D,DISPATCH,UNIT_SCADA,1,"2019/08/21 18:30:00",DG_SA1,0
D,DISPATCH,UNIT_SCADA,1,"2019/08/21 18:30:00",DG_TAS1,0
D,DISPATCH,UNIT_SCADA,1,"2019/08/21 18:30:00",DG_VIC1,0
D,DISPATCH,UNIT_SCADA,1,"2019/08/21 18:30:00",DRYCGT1,0
D,DISPATCH,UNIT_SCADA,1,"2019/08/21 18:30:00",DRYCGT2,0
D,DISPATCH,UNIT_SCADA,1,"2019/08/21 18:30:00",DRYCGT3,0
D,DISPATCH,UNIT_SCADA,1,"2019/08/21 18:30:00",EILDON1,0
D,DISPATCH,UNIT_SCADA,1,"2019/08/21 18:30:00",EILDON2,0
D,DISPATCH,UNIT_SCADA,1,"2019/08/21 18:30:00",EMERASF1,0
D,DISPATCH,UNIT_SCADA,1,"2019/08/21 18:30:00",ER01,573.1250
D,DISPATCH,UNIT_SCADA,1,"2019/08/21 18:30:00",ER02,597.900020
D,DISPATCH,UNIT_SCADA,1,"2019/08/21 18:30:00",ER03,698.775020
D,DISPATCH,UNIT_SCADA,1,"2019/08/21 18:30:00",ER04,676.675050
D,DISPATCH,UNIT_SCADA,1,"2019/08/21 18:30:00",FINLYSF1,0
D,DISPATCH,UNIT_SCADA,1,"2019/08/21 18:30:00",FISHER,45.74
D,DISPATCH,UNIT_SCADA,1,"2019/08/21 18:30:00",GANNBG1,1.366580
D,DISPATCH,UNIT_SCADA,1,"2019/08/21 18:30:00",GANNBL1,0
D,DISPATCH,UNIT_SCADA,1,"2019/08/21 18:30:00",GANNSF1,0
D,DISPATCH,UNIT_SCADA,1,"2019/08/21 18:30:00",GORDON,107.149280
D,DISPATCH,UNIT_SCADA,1,"2019/08/21 18:30:00",GSTONE1,220.50
D,DISPATCH,UNIT_SCADA,1,"2019/08/21 18:30:00",GSTONE2,220.149990
D,DISPATCH,UNIT_SCADA,1,"2019/08/21 18:30:00",GSTONE3,220.149990
D,DISPATCH,UNIT_SCADA,1,"2019/08/21 18:30:00",GSTONE4,220.149990
D,DISPATCH,UNIT_SCADA,1,"2019/08/21 18:30:00",GSTONE5,220.149990
D,DISPATCH,UNIT_SCADA,1,"2019/08/21 18:30:00",GSTONE6,0
D,DISPATCH,UNIT_SCADA,1,"2019/08/21 18:30:00",GULLRSF1,0
D,DISPATCH,UNIT_SCADA,1,"2019/08/21 18:30:00",GULLRWF1,157.179140
D,DISPATCH,UNIT_SCADA,1,"2019/08/21 18:30:00",GUNNING1,46.542060
D,DISPATCH,UNIT_SCADA,1,"2019/08/21 18:30:00",GUTHEGA,31.10
D,DISPATCH,UNIT_SCADA,1,"2019/08/21 18:30:00",HALLWF1,43.67
D,DISPATCH,UNIT_SCADA,1,"2019/08/21 18:30:00",HALLWF2,34.42
D,DISPATCH,UNIT_SCADA,1,"2019/08/21 18:30:00",HAMISF1,0
D,DISPATCH,UNIT_SCADA,1,"2019/08/21 18:30:00",HAUGHT11,0
D,DISPATCH,UNIT_SCADA,1,"2019/08/21 18:30:00",HAYMSF1,0
D,DISPATCH,UNIT_SCADA,1,"2019/08/21 18:30:00",HDWF1,37.60
D,DISPATCH,UNIT_SCADA,1,"2019/08/21 18:30:00",HDWF2,40.80
D,DISPATCH,UNIT_SCADA,1,"2019/08/21 18:30:00",HDWF3,41.30
D,DISPATCH,UNIT_SCADA,1,"2019/08/21 18:30:00",HPRG1,0
D,DISPATCH,UNIT_SCADA,1,"2019/08/21 18:30:00",HPRL1,4.90
D,DISPATCH,UNIT_SCADA,1,"2019/08/21 18:30:00",HUMENSW,0
D,DISPATCH,UNIT_SCADA,1,"2019/08/21 18:30:00",HUMEV,9.70
D,DISPATCH,UNIT_SCADA,1,"2019/08/21 18:30:00",HVGTS,0
D,DISPATCH,UNIT_SCADA,1,"2019/08/21 18:30:00",JBUTTERS,137.86
D,DISPATCH,UNIT_SCADA,1,"2019/08/21 18:30:00",JLA01,0.50
D,DISPATCH,UNIT_SCADA,1,"2019/08/21 18:30:00",JLA02,0
D,DISPATCH,UNIT_SCADA,1,"2019/08/21 18:30:00",JLA03,0.10
D,DISPATCH,UNIT_SCADA,1,"2019/08/21 18:30:00",JLA04,0.10
D,DISPATCH,UNIT_SCADA,1,"2019/08/21 18:30:00",JLB01,0
D,DISPATCH,UNIT_SCADA,1,"2019/08/21 18:30:00",JLB02,0.10
D,DISPATCH,UNIT_SCADA,1,"2019/08/21 18:30:00",JLB03,0
D,DISPATCH,UNIT_SCADA,1,"2019/08/21 18:30:00",KAREEYA1,21.5775
D,DISPATCH,UNIT_SCADA,1,"2019/08/21 18:30:00",KAREEYA2,21.6225
D,DISPATCH,UNIT_SCADA,1,"2019/08/21 18:30:00",KAREEYA3,0
D,DISPATCH,UNIT_SCADA,1,"2019/08/21 18:30:00",KAREEYA4,21.7375
D,DISPATCH,UNIT_SCADA,1,"2019/08/21 18:30:00",KARSF1,0
D,DISPATCH,UNIT_SCADA,1,"2019/08/21 18:30:00",KIATAWF1,27.40
D,DISPATCH,UNIT_SCADA,1,"2019/08/21 18:30:00",KPP_1,0
D,DISPATCH,UNIT_SCADA,1,"2019/08/21 18:30:00",KSP1,0
D,DISPATCH,UNIT_SCADA,1,"2019/08/21 18:30:00",LADBROK1,42.10
D,DISPATCH,UNIT_SCADA,1,"2019/08/21 18:30:00",LADBROK2,42.78
D,DISPATCH,UNIT_SCADA,1,"2019/08/21 18:30:00",LD01,423.956240
D,DISPATCH,UNIT_SCADA,1,"2019/08/21 18:30:00",LD02,419.756260
D,DISPATCH,UNIT_SCADA,1,"2019/08/21 18:30:00",LD03,423.8812
D,DISPATCH,UNIT_SCADA,1,"2019/08/21 18:30:00",LD04,384.6937
D,DISPATCH,UNIT_SCADA,1,"2019/08/21 18:30:00",LEM_WIL,86.023050
D,DISPATCH,UNIT_SCADA,1,"2019/08/21 18:30:00",LGAPWF1,19.04
D,DISPATCH,UNIT_SCADA,1,"2019/08/21 18:30:00",LILYSF1,0
D,DISPATCH,UNIT_SCADA,1,"2019/08/21 18:30:00",LI_WY_CA,149.3060
D,DISPATCH,UNIT_SCADA,1,"2019/08/21 18:30:00",LKBONNY2,153.734190
D,DISPATCH,UNIT_SCADA,1,"2019/08/21 18:30:00",LKBONNY3,35.446980
D,DISPATCH,UNIT_SCADA,1,"2019/08/21 18:30:00",LK_ECHO,0
D,DISPATCH,UNIT_SCADA,1,"2019/08/21 18:30:00",LNGS1,0
D,DISPATCH,UNIT_SCADA,1,"2019/08/21 18:30:00",LNGS2,0
D,DISPATCH,UNIT_SCADA,1,"2019/08/21 18:30:00",LONSDALE,0
D,DISPATCH,UNIT_SCADA,1,"2019/08/21 18:30:00",LOYYB1,535.336730
D,DISPATCH,UNIT_SCADA,1,"2019/08/21 18:30:00",LOYYB2,584.210140
D,DISPATCH,UNIT_SCADA,1,"2019/08/21 18:30:00",LYA1,559
D,DISPATCH,UNIT_SCADA,1,"2019/08/21 18:30:00",LYA2,0
D,DISPATCH,UNIT_SCADA,1,"2019/08/21 18:30:00",LYA3,560
D,DISPATCH,UNIT_SCADA,1,"2019/08/21 18:30:00",LYA4,530
D,DISPATCH,UNIT_SCADA,1,"2019/08/21 18:30:00",MACARTH1,340.992130
D,DISPATCH,UNIT_SCADA,1,"2019/08/21 18:30:00",MACKAYGT,0
D,DISPATCH,UNIT_SCADA,1,"2019/08/21 18:30:00",MACKNTSH,84.640010
D,DISPATCH,UNIT_SCADA,1,"2019/08/21 18:30:00",MANSLR1,0
D,DISPATCH,UNIT_SCADA,1,"2019/08/21 18:30:00",MCKAY1,0.02
D,DISPATCH,UNIT_SCADA,1,"2019/08/21 18:30:00",MEADOWBK,34.038780
D,DISPATCH,UNIT_SCADA,1,"2019/08/21 18:30:00",MERCER01,122.04
D,DISPATCH,UNIT_SCADA,1,"2019/08/21 18:30:00",MEWF1,48.445440
D,DISPATCH,UNIT_SCADA,1,"2019/08/21 18:30:00",MINTARO,0
D,DISPATCH,UNIT_SCADA,1,"2019/08/21 18:30:00",MOREESF1,0
D,DISPATCH,UNIT_SCADA,1,"2019/08/21 18:30:00",MORTLK11,0
D,DISPATCH,UNIT_SCADA,1,"2019/08/21 18:30:00",MORTLK12,0
D,DISPATCH,UNIT_SCADA,1,"2019/08/21 18:30:00",MP1,283.650020
D,DISPATCH,UNIT_SCADA,1,"2019/08/21 18:30:00",MP2,0
D,DISPATCH,UNIT_SCADA,1,"2019/08/21 18:30:00",MPP_1,299.75
D,DISPATCH,UNIT_SCADA,1,"2019/08/21 18:30:00",MPP_2,435.25
D,DISPATCH,UNIT_SCADA,1,"2019/08/21 18:30:00",MSTUART1,0
D,DISPATCH,UNIT_SCADA,1,"2019/08/21 18:30:00",MSTUART2,0
D,DISPATCH,UNIT_SCADA,1,"2019/08/21 18:30:00",MSTUART3,0
D,DISPATCH,UNIT_SCADA,1,"2019/08/21 18:30:00",MTGELWF1,64.658040
D,DISPATCH,UNIT_SCADA,1,"2019/08/21 18:30:00",MURRAY,0
D,DISPATCH,UNIT_SCADA,1,"2019/08/21 18:30:00",MUSSELR1,163.399990
D,DISPATCH,UNIT_SCADA,1,"2019/08/21 18:30:00",MUWAWF1,55.31
D,DISPATCH,UNIT_SCADA,1,"2019/08/21 18:30:00",NBHWF1,43.40
D,DISPATCH,UNIT_SCADA,1,"2019/08/21 18:30:00",NPS,385.8750
D,DISPATCH,UNIT_SCADA,1,"2019/08/21 18:30:00",NUMURSF1,0
D,DISPATCH,UNIT_SCADA,1,"2019/08/21 18:30:00",NYNGAN1,0
D,DISPATCH,UNIT_SCADA,1,"2019/08/21 18:30:00",OAKEY1,0
D,DISPATCH,UNIT_SCADA,1,"2019/08/21 18:30:00",OAKEY1SF,0.0510
D,DISPATCH,UNIT_SCADA,1,"2019/08/21 18:30:00",OAKEY2,0
D,DISPATCH,UNIT_SCADA,1,"2019/08/21 18:30:00",OAKLAND1,55.40
D,DISPATCH,UNIT_SCADA,1,"2019/08/21 18:30:00",OSB-AG,0
D,DISPATCH,UNIT_SCADA,1,"2019/08/21 18:30:00",PARSF1,0
D,DISPATCH,UNIT_SCADA,1,"2019/08/21 18:30:00",POAT110,42.364720
D,DISPATCH,UNIT_SCADA,1,"2019/08/21 18:30:00",POAT220,93.610490
D,DISPATCH,UNIT_SCADA,1,"2019/08/21 18:30:00",POR01,0
D,DISPATCH,UNIT_SCADA,1,"2019/08/21 18:30:00",POR03,0
D,DISPATCH,UNIT_SCADA,1,"2019/08/21 18:30:00",PPCCGT,492.998050
D,DISPATCH,UNIT_SCADA,1,"2019/08/21 18:30:00",PTSTAN1,0
D,DISPATCH,UNIT_SCADA,1,"2019/08/21 18:30:00",PUMP1,0
D,DISPATCH,UNIT_SCADA,1,"2019/08/21 18:30:00",PUMP2,0
D,DISPATCH,UNIT_SCADA,1,"2019/08/21 18:30:00",QPS1,0
D,DISPATCH,UNIT_SCADA,1,"2019/08/21 18:30:00",QPS2,0
D,DISPATCH,UNIT_SCADA,1,"2019/08/21 18:30:00",QPS3,0
D,DISPATCH,UNIT_SCADA,1,"2019/08/21 18:30:00",QPS4,0
D,DISPATCH,UNIT_SCADA,1,"2019/08/21 18:30:00",QPS5,0
D,DISPATCH,UNIT_SCADA,1,"2019/08/21 18:30:00",REECE1,116.820010
D,DISPATCH,UNIT_SCADA,1,"2019/08/21 18:30:00",REECE2,115.390010
D,DISPATCH,UNIT_SCADA,1,"2019/08/21 18:30:00",ROMA_7,0
D,DISPATCH,UNIT_SCADA,1,"2019/08/21 18:30:00",ROMA_8,0
D,DISPATCH,UNIT_SCADA,1,"2019/08/21 18:30:00",RRSF1,0
D,DISPATCH,UNIT_SCADA,1,"2019/08/21 18:30:00",RT_NSW1,0
D,DISPATCH,UNIT_SCADA,1,"2019/08/21 18:30:00",RT_NSW2,0
D,DISPATCH,UNIT_SCADA,1,"2019/08/21 18:30:00",RT_NSW3,0
D,DISPATCH,UNIT_SCADA,1,"2019/08/21 18:30:00",RT_NSW4,0
D,DISPATCH,UNIT_SCADA,1,"2019/08/21 18:30:00",RT_NSW5,0
D,DISPATCH,UNIT_SCADA,1,"2019/08/21 18:30:00",RT_NSW6,0
D,DISPATCH,UNIT_SCADA,1,"2019/08/21 18:30:00",RT_QLD1,0
D,DISPATCH,UNIT_SCADA,1,"2019/08/21 18:30:00",RT_SA1,0
D,DISPATCH,UNIT_SCADA,1,"2019/08/21 18:30:00",RT_SA2,0
D,DISPATCH,UNIT_SCADA,1,"2019/08/21 18:30:00",RT_SA3,0
D,DISPATCH,UNIT_SCADA,1,"2019/08/21 18:30:00",RT_SA4,0
D,DISPATCH,UNIT_SCADA,1,"2019/08/21 18:30:00",RT_SA5,0
D,DISPATCH,UNIT_SCADA,1,"2019/08/21 18:30:00",RT_SA6,0
D,DISPATCH,UNIT_SCADA,1,"2019/08/21 18:30:00",RT_TAS1,0
D,DISPATCH,UNIT_SCADA,1,"2019/08/21 18:30:00",RT_VIC1,0
D,DISPATCH,UNIT_SCADA,1,"2019/08/21 18:30:00",RT_VIC10,0
D,DISPATCH,UNIT_SCADA,1,"2019/08/21 18:30:00",RT_VIC11,0
D,DISPATCH,UNIT_SCADA,1,"2019/08/21 18:30:00",RT_VIC12,0
D,DISPATCH,UNIT_SCADA,1,"2019/08/21 18:30:00",RT_VIC2,0
D,DISPATCH,UNIT_SCADA,1,"2019/08/21 18:30:00",RT_VIC3,0
D,DISPATCH,UNIT_SCADA,1,"2019/08/21 18:30:00",RT_VIC4,0
D,DISPATCH,UNIT_SCADA,1,"2019/08/21 18:30:00",RT_VIC5,0
D,DISPATCH,UNIT_SCADA,1,"2019/08/21 18:30:00",RT_VIC6,0
D,DISPATCH,UNIT_SCADA,1,"2019/08/21 18:30:00",RT_VIC7,0
D,DISPATCH,UNIT_SCADA,1,"2019/08/21 18:30:00",RT_VIC8,0
D,DISPATCH,UNIT_SCADA,1,"2019/08/21 18:30:00",RT_VIC9,0
D,DISPATCH,UNIT_SCADA,1,"2019/08/21 18:30:00",RUGBYR1,0
D,DISPATCH,UNIT_SCADA,1,"2019/08/21 18:30:00",SALTCRK1,52.33
D,DISPATCH,UNIT_SCADA,1,"2019/08/21 18:30:00",SAPHWF1,175.078130
D,DISPATCH,UNIT_SCADA,1,"2019/08/21 18:30:00",SHGEN,201.444930
D,DISPATCH,UNIT_SCADA,1,"2019/08/21 18:30:00",SHPUMP,0
D,DISPATCH,UNIT_SCADA,1,"2019/08/21 18:30:00",SITHE01,0.123710
D,DISPATCH,UNIT_SCADA,1,"2019/08/21 18:30:00",SMCSF1,0
D,DISPATCH,UNIT_SCADA,1,"2019/08/21 18:30:00",SNOWNTH1,62.70
D,DISPATCH,UNIT_SCADA,1,"2019/08/21 18:30:00",SNOWSTH1,66.70
D,DISPATCH,UNIT_SCADA,1,"2019/08/21 18:30:00",SNOWTWN1,39.552590
D,DISPATCH,UNIT_SCADA,1,"2019/08/21 18:30:00",SNOWYP,0
D,DISPATCH,UNIT_SCADA,1,"2019/08/21 18:30:00",SNUG1,0.019440
D,DISPATCH,UNIT_SCADA,1,"2019/08/21 18:30:00",SRSF1,0.44
D,DISPATCH,UNIT_SCADA,1,"2019/08/21 18:30:00",STAN-1,0
D,DISPATCH,UNIT_SCADA,1,"2019/08/21 18:30:00",STAN-2,346.5036
D,DISPATCH,UNIT_SCADA,1,"2019/08/21 18:30:00",STAN-3,342.837710
D,DISPATCH,UNIT_SCADA,1,"2019/08/21 18:30:00",STAN-4,363.487180
D,DISPATCH,UNIT_SCADA,1,"2019/08/21 18:30:00",STWF1,115.9425
D,DISPATCH,UNIT_SCADA,1,"2019/08/21 18:30:00",SWAN_E,0
D,DISPATCH,UNIT_SCADA,1,"2019/08/21 18:30:00",TALWA1,419
D,DISPATCH,UNIT_SCADA,1,"2019/08/21 18:30:00",TARALGA1,70.972490
D,DISPATCH,UNIT_SCADA,1,"2019/08/21 18:30:00",TARONG#1,341.300020
D,DISPATCH,UNIT_SCADA,1,"2019/08/21 18:30:00",TARONG#2,341.700010
D,DISPATCH,UNIT_SCADA,1,"2019/08/21 18:30:00",TARONG#3,260.800020
D,DISPATCH,UNIT_SCADA,1,"2019/08/21 18:30:00",TARONG#4,349.700010
D,DISPATCH,UNIT_SCADA,1,"2019/08/21 18:30:00",TARRALEA,84
D,DISPATCH,UNIT_SCADA,1,"2019/08/21 18:30:00",TBSF1,-0.20
D,DISPATCH,UNIT_SCADA,1,"2019/08/21 18:30:00",TNPS1,442.000030
D,DISPATCH,UNIT_SCADA,1,"2019/08/21 18:30:00",TORRA1,104.785760
D,DISPATCH,UNIT_SCADA,1,"2019/08/21 18:30:00",TORRA2,0
D,DISPATCH,UNIT_SCADA,1,"2019/08/21 18:30:00",TORRA3,0
D,DISPATCH,UNIT_SCADA,1,"2019/08/21 18:30:00",TORRA4,0
D,DISPATCH,UNIT_SCADA,1,"2019/08/21 18:30:00",TORRB1,126.16
D,DISPATCH,UNIT_SCADA,1,"2019/08/21 18:30:00",TORRB2,182.179990
D,DISPATCH,UNIT_SCADA,1,"2019/08/21 18:30:00",TORRB3,0
D,DISPATCH,UNIT_SCADA,1,"2019/08/21 18:30:00",TORRB4,0
D,DISPATCH,UNIT_SCADA,1,"2019/08/21 18:30:00",TREVALLN,70.310030
D,DISPATCH,UNIT_SCADA,1,"2019/08/21 18:30:00",TRIBUTE,83.23
D,DISPATCH,UNIT_SCADA,1,"2019/08/21 18:30:00",TUMUT3,771.949950
D,DISPATCH,UNIT_SCADA,1,"2019/08/21 18:30:00",TUNGATIN,132.640030
D,DISPATCH,UNIT_SCADA,1,"2019/08/21 18:30:00",TVCC201,0
D,DISPATCH,UNIT_SCADA,1,"2019/08/21 18:30:00",TVPP104,0
D,DISPATCH,UNIT_SCADA,1,"2019/08/21 18:30:00",UPPTUMUT,0
D,DISPATCH,UNIT_SCADA,1,"2019/08/21 18:30:00",URANQ11,0
D,DISPATCH,UNIT_SCADA,1,"2019/08/21 18:30:00",URANQ12,0
D,DISPATCH,UNIT_SCADA,1,"2019/08/21 18:30:00",URANQ13,0
D,DISPATCH,UNIT_SCADA,1,"2019/08/21 18:30:00",URANQ14,0
D,DISPATCH,UNIT_SCADA,1,"2019/08/21 18:30:00",VP5,600.424990
D,DISPATCH,UNIT_SCADA,1,"2019/08/21 18:30:00",VP6,600.8750
D,DISPATCH,UNIT_SCADA,1,"2019/08/21 18:30:00",VPGS1,0
D,DISPATCH,UNIT_SCADA,1,"2019/08/21 18:30:00",VPGS2,0
D,DISPATCH,UNIT_SCADA,1,"2019/08/21 18:30:00",VPGS3,0
D,DISPATCH,UNIT_SCADA,1,"2019/08/21 18:30:00",VPGS4,0
D,DISPATCH,UNIT_SCADA,1,"2019/08/21 18:30:00",VPGS5,0
D,DISPATCH,UNIT_SCADA,1,"2019/08/21 18:30:00",VPGS6,0
D,DISPATCH,UNIT_SCADA,1,"2019/08/21 18:30:00",W/HOE#1,0
D,DISPATCH,UNIT_SCADA,1,"2019/08/21 18:30:00",W/HOE#2,0
D,DISPATCH,UNIT_SCADA,1,"2019/08/21 18:30:00",WATERLWF,66.90
D,DISPATCH,UNIT_SCADA,1,"2019/08/21 18:30:00",WEMENSF1,0
D,DISPATCH,UNIT_SCADA,1,"2019/08/21 18:30:00",WGWF1,47.70
D,DISPATCH,UNIT_SCADA,1,"2019/08/21 18:30:00",WHITSF1,0
D,DISPATCH,UNIT_SCADA,1,"2019/08/21 18:30:00",WKIEWA1,0
D,DISPATCH,UNIT_SCADA,1,"2019/08/21 18:30:00",WKIEWA2,16.70
D,DISPATCH,UNIT_SCADA,1,"2019/08/21 18:30:00",WOODLWN1,44.928010
D,DISPATCH,UNIT_SCADA,1,"2019/08/21 18:30:00",WRSF1,0
D,DISPATCH,UNIT_SCADA,1,"2019/08/21 18:30:00",WRWF1,142.1225
D,DISPATCH,UNIT_SCADA,1,"2019/08/21 18:30:00",YABULU,0
D,DISPATCH,UNIT_SCADA,1,"2019/08/21 18:30:00",YABULU2,0
D,DISPATCH,UNIT_SCADA,1,"2019/08/21 18:30:00",YARWUN_1,0
D,DISPATCH,UNIT_SCADA,1,"2019/08/21 18:30:00",YENDWF1,41.80
D,DISPATCH,UNIT_SCADA,1,"2019/08/21 18:30:00",YWPS1,381.453160
D,DISPATCH,UNIT_SCADA,1,"2019/08/21 18:30:00",YWPS2,283.706330
D,DISPATCH,UNIT_SCADA,1,"2019/08/21 18:30:00",YWPS3,0
D,DISPATCH,UNIT_SCADA,1,"2019/08/21 18:30:00",YWPS4,394.673430
C,"END OF REPORT",334
