C,NEMP.WORLD,DISPATCHSCADA,AEMO,PUBLIC,2019/08/20,02:30:21,0000000311768744,DISPATCHSCADA,0000000311768738
I,DISPATCH,UNIT_SCADA,1,SETTLEMENTDATE,DUID,SCADAVALUE
D,DISPATCH,UNIT_SCADA,1,"2019/08/20 02:35:00",BARCSF1,0
D,DISPATCH,UNIT_SCADA,1,"2019/08/20 02:35:00",BUTLERSG,9.699999
D,DISPATCH,UNIT_SCADA,1,"2019/08/20 02:35:00",CALL_A_4,0
D,DISPATCH,UNIT_SCADA,1,"2019/08/20 02:35:00",CAPTL_WF,126.940002
D,DISPATCH,UNIT_SCADA,1,"2019/08/20 02:35:00",CATHROCK,45.599998
D,DISPATCH,UNIT_SCADA,1,"2019/08/20 02:35:00",CHALLHWF,17.799999
D,DISPATCH,UNIT_SCADA,1,"2019/08/20 02:35:00",CLOVER,-0.01
D,DISPATCH,UNIT_SCADA,1,"2019/08/20 02:35:00",CLUNY,16.740215
D,DISPATCH,UNIT_SCADA,1,"2019/08/20 02:35:00",CNUNDAWF,39.446014
D,DISPATCH,UNIT_SCADA,1,"2019/08/20 02:35:00",CULLRGWF,30.469999
D,DISPATCH,UNIT_SCADA,1,"2019/08/20 02:35:00",ERGT01,0
D,DISPATCH,UNIT_SCADA,1,"2019/08/20 02:35:00",GB01,0.060070
D,DISPATCH,UNIT_SCADA,1,"2019/08/20 02:35:00",GERMCRK,36.599998
D,DISPATCH,UNIT_SCADA,1,"2019/08/20 02:35:00",GRIFSF1,0
D,DISPATCH,UNIT_SCADA,1,"2019/08/20 02:35:00",HUGSF1,-0.2580
D,DISPATCH,UNIT_SCADA,1,"2019/08/20 02:35:00",LKBONNY1,73.055061
D,DISPATCH,UNIT_SCADA,1,"2019/08/20 02:35:00",LRSF1,-0.03
D,DISPATCH,UNIT_SCADA,1,"2019/08/20 02:35:00",MBAHNTH,57.337494
D,DISPATCH,UNIT_SCADA,1,"2019/08/20 02:35:00",MLSP1,0.304001
D,DISPATCH,UNIT_SCADA,1,"2019/08/20 02:35:00",MLWF1,18.7050
D,DISPATCH,UNIT_SCADA,1,"2019/08/20 02:35:00",MTMILLAR,17.420111
D,DISPATCH,UNIT_SCADA,1,"2019/08/20 02:35:00",PALOONA,23.58
D,DISPATCH,UNIT_SCADA,1,"2019/08/20 02:35:00",PIONEER,9.70
D,DISPATCH,UNIT_SCADA,1,"2019/08/20 02:35:00",PORTWF,137.399994
D,DISPATCH,UNIT_SCADA,1,"2019/08/20 02:35:00",REPULSE,29.012283
D,DISPATCH,UNIT_SCADA,1,"2019/08/20 02:35:00",ROWALLAN,9.9897
D,DISPATCH,UNIT_SCADA,1,"2019/08/20 02:35:00",ROYALLA1,0
D,DISPATCH,UNIT_SCADA,1,"2019/08/20 02:35:00",RPCG,0.40
D,DISPATCH,UNIT_SCADA,1,"2019/08/20 02:35:00",RUBICON,0
D,DISPATCH,UNIT_SCADA,1,"2019/08/20 02:35:00",SATGN1,0
D,DISPATCH,UNIT_SCADA,1,"2019/08/20 02:35:00",SATGS1,0
D,DISPATCH,UNIT_SCADA,1,"2019/08/20 02:35:00",STARHLWF,15.595452
D,DISPATCH,UNIT_SCADA,1,"2019/08/20 02:35:00",WAUBRAWF,119.392998
D,DISPATCH,UNIT_SCADA,1,"2019/08/20 02:35:00",WOOLNTH1,126.850021
D,DISPATCH,UNIT_SCADA,1,"2019/08/20 02:35:00",WPWF,19
D,DISPATCH,UNIT_SCADA,1,"2019/08/20 02:35:00",YAMBUKWF,15
D,DISPATCH,UNIT_SCADA,1,"2019/08/20 02:35:00",YSWF1,28.90
D,DISPATCH,UNIT_SCADA,1,"2019/08/20 02:35:00",AGLHAL,0
D,DISPATCH,UNIT_SCADA,1,"2019/08/20 02:35:00",AGLSOM,0
D,DISPATCH,UNIT_SCADA,1,"2019/08/20 02:35:00",ANGAST1,0
D,DISPATCH,UNIT_SCADA,1,"2019/08/20 02:35:00",ARWF1,16.50
D,DISPATCH,UNIT_SCADA,1,"2019/08/20 02:35:00",BALBG1,0
D,DISPATCH,UNIT_SCADA,1,"2019/08/20 02:35:00",BALBL1,0
D,DISPATCH,UNIT_SCADA,1,"2019/08/20 02:35:00",BALDHWF1,100.7540
D,DISPATCH,UNIT_SCADA,1,"2019/08/20 02:35:00",BANN1,0
D,DISPATCH,UNIT_SCADA,1,"2019/08/20 02:35:00",BARCALDN,0
D,DISPATCH,UNIT_SCADA,1,"2019/08/20 02:35:00",BARRON-1,0
D,DISPATCH,UNIT_SCADA,1,"2019/08/20 02:35:00",BARRON-2,26.12
D,DISPATCH,UNIT_SCADA,1,"2019/08/20 02:35:00",BASTYAN,80.740010
D,DISPATCH,UNIT_SCADA,1,"2019/08/20 02:35:00",BBTHREE1,0
D,DISPATCH,UNIT_SCADA,1,"2019/08/20 02:35:00",BBTHREE2,0
D,DISPATCH,UNIT_SCADA,1,"2019/08/20 02:35:00",BBTHREE3,0
D,DISPATCH,UNIT_SCADA,1,"2019/08/20 02:35:00",BDL01,0
D,DISPATCH,UNIT_SCADA,1,"2019/08/20 02:35:00",BDL02,0
D,DISPATCH,UNIT_SCADA,1,"2019/08/20 02:35:00",BERYLSF1,0
D,DISPATCH,UNIT_SCADA,1,"2019/08/20 02:35:00",BLOWERNG,0
D,DISPATCH,UNIT_SCADA,1,"2019/08/20 02:35:00",BLUFF1,30.80
D,DISPATCH,UNIT_SCADA,1,"2019/08/20 02:35:00",BNGSF1,0
D,DISPATCH,UNIT_SCADA,1,"2019/08/20 02:35:00",BNGSF2,0
D,DISPATCH,UNIT_SCADA,1,"2019/08/20 02:35:00",BOCORWF1,71.76
D,DISPATCH,UNIT_SCADA,1,"2019/08/20 02:35:00",BODWF1,38.5733
D,DISPATCH,UNIT_SCADA,1,"2019/08/20 02:35:00",BRAEMAR1,0
D,DISPATCH,UNIT_SCADA,1,"2019/08/20 02:35:00",BRAEMAR2,0
D,DISPATCH,UNIT_SCADA,1,"2019/08/20 02:35:00",BRAEMAR3,0
D,DISPATCH,UNIT_SCADA,1,"2019/08/20 02:35:00",BRAEMAR5,0
D,DISPATCH,UNIT_SCADA,1,"2019/08/20 02:35:00",BRAEMAR6,0
D,DISPATCH,UNIT_SCADA,1,"2019/08/20 02:35:00",BRAEMAR7,0
D,DISPATCH,UNIT_SCADA,1,"2019/08/20 02:35:00",BROKENH1,0
D,DISPATCH,UNIT_SCADA,1,"2019/08/20 02:35:00",BW01,406.1499
D,DISPATCH,UNIT_SCADA,1,"2019/08/20 02:35:00",BW02,453.75
D,DISPATCH,UNIT_SCADA,1,"2019/08/20 02:35:00",BW03,566
D,DISPATCH,UNIT_SCADA,1,"2019/08/20 02:35:00",BW04,0
D,DISPATCH,UNIT_SCADA,1,"2019/08/20 02:35:00",CALL_B_1,338.800020
D,DISPATCH,UNIT_SCADA,1,"2019/08/20 02:35:00",CALL_B_2,290
D,DISPATCH,UNIT_SCADA,1,"2019/08/20 02:35:00",CETHANA,92.256870
D,DISPATCH,UNIT_SCADA,1,"2019/08/20 02:35:00",CG1,0
D,DISPATCH,UNIT_SCADA,1,"2019/08/20 02:35:00",CG2,0
D,DISPATCH,UNIT_SCADA,1,"2019/08/20 02:35:00",CG3,0
D,DISPATCH,UNIT_SCADA,1,"2019/08/20 02:35:00",CG4,0
D,DISPATCH,UNIT_SCADA,1,"2019/08/20 02:35:00",CHILDSF1,0
D,DISPATCH,UNIT_SCADA,1,"2019/08/20 02:35:00",CLARESF1,0
D,DISPATCH,UNIT_SCADA,1,"2019/08/20 02:35:00",CLEMGPWF,9.436590
D,DISPATCH,UNIT_SCADA,1,"2019/08/20 02:35:00",CLERMSF1,0
D,DISPATCH,UNIT_SCADA,1,"2019/08/20 02:35:00",COLEASF1,0
D,DISPATCH,UNIT_SCADA,1,"2019/08/20 02:35:00",COOPGWF1,35.005870
D,DISPATCH,UNIT_SCADA,1,"2019/08/20 02:35:00",CPP_3,400.399990
D,DISPATCH,UNIT_SCADA,1,"2019/08/20 02:35:00",CPP_4,395.725010
D,DISPATCH,UNIT_SCADA,1,"2019/08/20 02:35:00",CPSA,142.318760
D,DISPATCH,UNIT_SCADA,1,"2019/08/20 02:35:00",CROOKWF2,44.933750
D,DISPATCH,UNIT_SCADA,1,"2019/08/20 02:35:00",CROWLWF1,31.1767
D,DISPATCH,UNIT_SCADA,1,"2019/08/20 02:35:00",CSPVPS1,0
D,DISPATCH,UNIT_SCADA,1,"2019/08/20 02:35:00",DALNTH01,0
D,DISPATCH,UNIT_SCADA,1,"2019/08/20 02:35:00",DALNTHL1,5.976960
D,DISPATCH,UNIT_SCADA,1,"2019/08/20 02:35:00",DARTM1,134.50
D,DISPATCH,UNIT_SCADA,1,"2019/08/20 02:35:00",DAYDSF1,0
D,DISPATCH,UNIT_SCADA,1,"2019/08/20 02:35:00",DDPS1,0
D,DISPATCH,UNIT_SCADA,1,"2019/08/20 02:35:00",DDSF1,0
D,DISPATCH,UNIT_SCADA,1,"2019/08/20 02:35:00",DEVILS_G,60.526750
D,DISPATCH,UNIT_SCADA,1,"2019/08/20 02:35:00",DG_NSW1,0
D,DISPATCH,UNIT_SCADA,1,"2019/08/20 02:35:00",DG_QLD1,0
D,DISPATCH,UNIT_SCADA,1,"2019/08/20 02:35:00",DG_SA1,0
D,DISPATCH,UNIT_SCADA,1,"2019/08/20 02:35:00",DG_TAS1,0
D,DISPATCH,UNIT_SCADA,1,"2019/08/20 02:35:00",DG_VIC1,0
D,DISPATCH,UNIT_SCADA,1,"2019/08/20 02:35:00",DRYCGT1,0
D,DISPATCH,UNIT_SCADA,1,"2019/08/20 02:35:00",DRYCGT2,0
D,DISPATCH,UNIT_SCADA,1,"2019/08/20 02:35:00",DRYCGT3,0
D,DISPATCH,UNIT_SCADA,1,"2019/08/20 02:35:00",EILDON1,0
D,DISPATCH,UNIT_SCADA,1,"2019/08/20 02:35:00",EILDON2,0
D,DISPATCH,UNIT_SCADA,1,"2019/08/20 02:35:00",EMERASF1,0
D,DISPATCH,UNIT_SCADA,1,"2019/08/20 02:35:00",ER01,348.349980
D,DISPATCH,UNIT_SCADA,1,"2019/08/20 02:35:00",ER02,433.099980
D,DISPATCH,UNIT_SCADA,1,"2019/08/20 02:35:00",ER03,402
D,DISPATCH,UNIT_SCADA,1,"2019/08/20 02:35:00",ER04,411.75
D,DISPATCH,UNIT_SCADA,1,"2019/08/20 02:35:00",FINLYSF1,0
D,DISPATCH,UNIT_SCADA,1,"2019/08/20 02:35:00",FISHER,45.82
D,DISPATCH,UNIT_SCADA,1,"2019/08/20 02:35:00",GANNBG1,0
D,DISPATCH,UNIT_SCADA,1,"2019/08/20 02:35:00",GANNBL1,10
D,DISPATCH,UNIT_SCADA,1,"2019/08/20 02:35:00",GANNSF1,0
D,DISPATCH,UNIT_SCADA,1,"2019/08/20 02:35:00",GORDON,0
D,DISPATCH,UNIT_SCADA,1,"2019/08/20 02:35:00",GSTONE1,133.1750
D,DISPATCH,UNIT_SCADA,1,"2019/08/20 02:35:00",GSTONE2,130.3750
D,DISPATCH,UNIT_SCADA,1,"2019/08/20 02:35:00",GSTONE3,130.20
D,DISPATCH,UNIT_SCADA,1,"2019/08/20 02:35:00",GSTONE4,131.4250
D,DISPATCH,UNIT_SCADA,1,"2019/08/20 02:35:00",GSTONE5,131.599990
D,DISPATCH,UNIT_SCADA,1,"2019/08/20 02:35:00",GSTONE6,0
D,DISPATCH,UNIT_SCADA,1,"2019/08/20 02:35:00",GULLRSF1,0
D,DISPATCH,UNIT_SCADA,1,"2019/08/20 02:35:00",GULLRWF1,161.213680
D,DISPATCH,UNIT_SCADA,1,"2019/08/20 02:35:00",GUNNING1,43.472920
D,DISPATCH,UNIT_SCADA,1,"2019/08/20 02:35:00",GUTHEGA,0
D,DISPATCH,UNIT_SCADA,1,"2019/08/20 02:35:00",HALLWF1,88.58
D,DISPATCH,UNIT_SCADA,1,"2019/08/20 02:35:00",HALLWF2,65.01
D,DISPATCH,UNIT_SCADA,1,"2019/08/20 02:35:00",HAMISF1,0
D,DISPATCH,UNIT_SCADA,1,"2019/08/20 02:35:00",HAUGHT11,0
D,DISPATCH,UNIT_SCADA,1,"2019/08/20 02:35:00",HAYMSF1,0
D,DISPATCH,UNIT_SCADA,1,"2019/08/20 02:35:00",HDWF1,65.60
D,DISPATCH,UNIT_SCADA,1,"2019/08/20 02:35:00",HDWF2,35.90
D,DISPATCH,UNIT_SCADA,1,"2019/08/20 02:35:00",HDWF3,56.20
D,DISPATCH,UNIT_SCADA,1,"2019/08/20 02:35:00",HPRG1,0
D,DISPATCH,UNIT_SCADA,1,"2019/08/20 02:35:00",HPRL1,0.60
D,DISPATCH,UNIT_SCADA,1,"2019/08/20 02:35:00",HUMENSW,0
D,DISPATCH,UNIT_SCADA,1,"2019/08/20 02:35:00",HUMEV,9.10
D,DISPATCH,UNIT_SCADA,1,"2019/08/20 02:35:00",HVGTS,0
D,DISPATCH,UNIT_SCADA,1,"2019/08/20 02:35:00",JBUTTERS,134.91
D,DISPATCH,UNIT_SCADA,1,"2019/08/20 02:35:00",JLA01,0.50
D,DISPATCH,UNIT_SCADA,1,"2019/08/20 02:35:00",JLA02,0
D,DISPATCH,UNIT_SCADA,1,"2019/08/20 02:35:00",JLA03,0.10
D,DISPATCH,UNIT_SCADA,1,"2019/08/20 02:35:00",JLA04,0.10
D,DISPATCH,UNIT_SCADA,1,"2019/08/20 02:35:00",JLB01,0
D,DISPATCH,UNIT_SCADA,1,"2019/08/20 02:35:00",JLB02,0.10
D,DISPATCH,UNIT_SCADA,1,"2019/08/20 02:35:00",JLB03,0
D,DISPATCH,UNIT_SCADA,1,"2019/08/20 02:35:00",KAREEYA1,21.47
D,DISPATCH,UNIT_SCADA,1,"2019/08/20 02:35:00",KAREEYA2,21.7550
D,DISPATCH,UNIT_SCADA,1,"2019/08/20 02:35:00",KAREEYA3,0
D,DISPATCH,UNIT_SCADA,1,"2019/08/20 02:35:00",KAREEYA4,21.6350
D,DISPATCH,UNIT_SCADA,1,"2019/08/20 02:35:00",KARSF1,0
D,DISPATCH,UNIT_SCADA,1,"2019/08/20 02:35:00",KIATAWF1,28.90
D,DISPATCH,UNIT_SCADA,1,"2019/08/20 02:35:00",KPP_1,0
D,DISPATCH,UNIT_SCADA,1,"2019/08/20 02:35:00",KSP1,0
D,DISPATCH,UNIT_SCADA,1,"2019/08/20 02:35:00",LADBROK1,0
D,DISPATCH,UNIT_SCADA,1,"2019/08/20 02:35:00",LADBROK2,0
D,DISPATCH,UNIT_SCADA,1,"2019/08/20 02:35:00",LD01,328.049930
D,DISPATCH,UNIT_SCADA,1,"2019/08/20 02:35:00",LD02,347.25
D,DISPATCH,UNIT_SCADA,1,"2019/08/20 02:35:00",LD03,341.587460
D,DISPATCH,UNIT_SCADA,1,"2019/08/20 02:35:00",LD04,338.531250
D,DISPATCH,UNIT_SCADA,1,"2019/08/20 02:35:00",LEM_WIL,85.322950
D,DISPATCH,UNIT_SCADA,1,"2019/08/20 02:35:00",LGAPWF1,19.94
D,DISPATCH,UNIT_SCADA,1,"2019/08/20 02:35:00",LILYSF1,0
D,DISPATCH,UNIT_SCADA,1,"2019/08/20 02:35:00",LI_WY_CA,145.082240
D,DISPATCH,UNIT_SCADA,1,"2019/08/20 02:35:00",LKBONNY2,154.0354
D,DISPATCH,UNIT_SCADA,1,"2019/08/20 02:35:00",LKBONNY3,38.014790
D,DISPATCH,UNIT_SCADA,1,"2019/08/20 02:35:00",LK_ECHO,0
D,DISPATCH,UNIT_SCADA,1,"2019/08/20 02:35:00",LNGS1,0
D,DISPATCH,UNIT_SCADA,1,"2019/08/20 02:35:00",LNGS2,0
D,DISPATCH,UNIT_SCADA,1,"2019/08/20 02:35:00",LONSDALE,0
D,DISPATCH,UNIT_SCADA,1,"2019/08/20 02:35:00",LOYYB1,536.088620
D,DISPATCH,UNIT_SCADA,1,"2019/08/20 02:35:00",LOYYB2,584.962040
D,DISPATCH,UNIT_SCADA,1,"2019/08/20 02:35:00",LYA1,560
D,DISPATCH,UNIT_SCADA,1,"2019/08/20 02:35:00",LYA2,0
D,DISPATCH,UNIT_SCADA,1,"2019/08/20 02:35:00",LYA3,560
D,DISPATCH,UNIT_SCADA,1,"2019/08/20 02:35:00",LYA4,540
D,DISPATCH,UNIT_SCADA,1,"2019/08/20 02:35:00",MACARTH1,257.194060
D,DISPATCH,UNIT_SCADA,1,"2019/08/20 02:35:00",MACKAYGT,0
D,DISPATCH,UNIT_SCADA,1,"2019/08/20 02:35:00",MACKNTSH,85.650010
D,DISPATCH,UNIT_SCADA,1,"2019/08/20 02:35:00",MANSLR1,0
D,DISPATCH,UNIT_SCADA,1,"2019/08/20 02:35:00",MCKAY1,0.02
D,DISPATCH,UNIT_SCADA,1,"2019/08/20 02:35:00",MEADOWBK,34.1531
D,DISPATCH,UNIT_SCADA,1,"2019/08/20 02:35:00",MERCER01,124.7490
D,DISPATCH,UNIT_SCADA,1,"2019/08/20 02:35:00",MEWF1,77.447170
D,DISPATCH,UNIT_SCADA,1,"2019/08/20 02:35:00",MINTARO,0
D,DISPATCH,UNIT_SCADA,1,"2019/08/20 02:35:00",MOREESF1,0
D,DISPATCH,UNIT_SCADA,1,"2019/08/20 02:35:00",MORTLK11,125
D,DISPATCH,UNIT_SCADA,1,"2019/08/20 02:35:00",MORTLK12,0
D,DISPATCH,UNIT_SCADA,1,"2019/08/20 02:35:00",MP1,275.699950
D,DISPATCH,UNIT_SCADA,1,"2019/08/20 02:35:00",MP2,0
D,DISPATCH,UNIT_SCADA,1,"2019/08/20 02:35:00",MPP_1,423
D,DISPATCH,UNIT_SCADA,1,"2019/08/20 02:35:00",MPP_2,432
D,DISPATCH,UNIT_SCADA,1,"2019/08/20 02:35:00",MSTUART1,0
D,DISPATCH,UNIT_SCADA,1,"2019/08/20 02:35:00",MSTUART2,0
D,DISPATCH,UNIT_SCADA,1,"2019/08/20 02:35:00",MSTUART3,0
D,DISPATCH,UNIT_SCADA,1,"2019/08/20 02:35:00",MTGELWF1,64.148380
D,DISPATCH,UNIT_SCADA,1,"2019/08/20 02:35:00",MURRAY,0
D,DISPATCH,UNIT_SCADA,1,"2019/08/20 02:35:00",MUSSELR1,148
D,DISPATCH,UNIT_SCADA,1,"2019/08/20 02:35:00",MUWAWF1,33.80
D,DISPATCH,UNIT_SCADA,1,"2019/08/20 02:35:00",NBHWF1,84.20
D,DISPATCH,UNIT_SCADA,1,"2019/08/20 02:35:00",NPS,0
D,DISPATCH,UNIT_SCADA,1,"2019/08/20 02:35:00",NUMURSF1,0
D,DISPATCH,UNIT_SCADA,1,"2019/08/20 02:35:00",NYNGAN1,0
D,DISPATCH,UNIT_SCADA,1,"2019/08/20 02:35:00",OAKEY1,0
D,DISPATCH,UNIT_SCADA,1,"2019/08/20 02:35:00",OAKEY1SF,0
D,DISPATCH,UNIT_SCADA,1,"2019/08/20 02:35:00",OAKEY2,0
D,DISPATCH,UNIT_SCADA,1,"2019/08/20 02:35:00",OAKLAND1,62.50
D,DISPATCH,UNIT_SCADA,1,"2019/08/20 02:35:00",OSB-AG,139.28
D,DISPATCH,UNIT_SCADA,1,"2019/08/20 02:35:00",PARSF1,0
D,DISPATCH,UNIT_SCADA,1,"2019/08/20 02:35:00",POAT110,0
D,DISPATCH,UNIT_SCADA,1,"2019/08/20 02:35:00",POAT220,7.11
D,DISPATCH,UNIT_SCADA,1,"2019/08/20 02:35:00",POR01,0
D,DISPATCH,UNIT_SCADA,1,"2019/08/20 02:35:00",POR03,0
D,DISPATCH,UNIT_SCADA,1,"2019/08/20 02:35:00",PPCCGT,0
D,DISPATCH,UNIT_SCADA,1,"2019/08/20 02:35:00",PTSTAN1,0
D,DISPATCH,UNIT_SCADA,1,"2019/08/20 02:35:00",PUMP1,0
D,DISPATCH,UNIT_SCADA,1,"2019/08/20 02:35:00",PUMP2,0
D,DISPATCH,UNIT_SCADA,1,"2019/08/20 02:35:00",QPS1,0
D,DISPATCH,UNIT_SCADA,1,"2019/08/20 02:35:00",QPS2,0
D,DISPATCH,UNIT_SCADA,1,"2019/08/20 02:35:00",QPS3,0
D,DISPATCH,UNIT_SCADA,1,"2019/08/20 02:35:00",QPS4,0
D,DISPATCH,UNIT_SCADA,1,"2019/08/20 02:35:00",QPS5,0
D,DISPATCH,UNIT_SCADA,1,"2019/08/20 02:35:00",REECE1,114.70
D,DISPATCH,UNIT_SCADA,1,"2019/08/20 02:35:00",REECE2,114.850010
D,DISPATCH,UNIT_SCADA,1,"2019/08/20 02:35:00",ROMA_7,0
D,DISPATCH,UNIT_SCADA,1,"2019/08/20 02:35:00",ROMA_8,0
D,DISPATCH,UNIT_SCADA,1,"2019/08/20 02:35:00",RRSF1,0
D,DISPATCH,UNIT_SCADA,1,"2019/08/20 02:35:00",RT_NSW1,0
D,DISPATCH,UNIT_SCADA,1,"2019/08/20 02:35:00",RT_NSW2,0
D,DISPATCH,UNIT_SCADA,1,"2019/08/20 02:35:00",RT_NSW3,0
D,DISPATCH,UNIT_SCADA,1,"2019/08/20 02:35:00",RT_NSW4,0
D,DISPATCH,UNIT_SCADA,1,"2019/08/20 02:35:00",RT_NSW5,0
D,DISPATCH,UNIT_SCADA,1,"2019/08/20 02:35:00",RT_NSW6,0
D,DISPATCH,UNIT_SCADA,1,"2019/08/20 02:35:00",RT_QLD1,0
D,DISPATCH,UNIT_SCADA,1,"2019/08/20 02:35:00",RT_SA1,0
D,DISPATCH,UNIT_SCADA,1,"2019/08/20 02:35:00",RT_SA2,0
D,DISPATCH,UNIT_SCADA,1,"2019/08/20 02:35:00",RT_SA3,0
D,DISPATCH,UNIT_SCADA,1,"2019/08/20 02:35:00",RT_SA4,0
D,DISPATCH,UNIT_SCADA,1,"2019/08/20 02:35:00",RT_SA5,0
D,DISPATCH,UNIT_SCADA,1,"2019/08/20 02:35:00",RT_SA6,0
D,DISPATCH,UNIT_SCADA,1,"2019/08/20 02:35:00",RT_TAS1,0
D,DISPATCH,UNIT_SCADA,1,"2019/08/20 02:35:00",RT_VIC1,0
D,DISPATCH,UNIT_SCADA,1,"2019/08/20 02:35:00",RT_VIC10,0
D,DISPATCH,UNIT_SCADA,1,"2019/08/20 02:35:00",RT_VIC11,0
D,DISPATCH,UNIT_SCADA,1,"2019/08/20 02:35:00",RT_VIC12,0
D,DISPATCH,UNIT_SCADA,1,"2019/08/20 02:35:00",RT_VIC2,0
D,DISPATCH,UNIT_SCADA,1,"2019/08/20 02:35:00",RT_VIC3,0
D,DISPATCH,UNIT_SCADA,1,"2019/08/20 02:35:00",RT_VIC4,0
D,DISPATCH,UNIT_SCADA,1,"2019/08/20 02:35:00",RT_VIC5,0
D,DISPATCH,UNIT_SCADA,1,"2019/08/20 02:35:00",RT_VIC6,0
D,DISPATCH,UNIT_SCADA,1,"2019/08/20 02:35:00",RT_VIC7,0
D,DISPATCH,UNIT_SCADA,1,"2019/08/20 02:35:00",RT_VIC8,0
D,DISPATCH,UNIT_SCADA,1,"2019/08/20 02:35:00",RT_VIC9,0
D,DISPATCH,UNIT_SCADA,1,"2019/08/20 02:35:00",RUGBYR1,0
D,DISPATCH,UNIT_SCADA,1,"2019/08/20 02:35:00",SALTCRK1,48.34
D,DISPATCH,UNIT_SCADA,1,"2019/08/20 02:35:00",SAPHWF1,196.6875
D,DISPATCH,UNIT_SCADA,1,"2019/08/20 02:35:00",SHGEN,0
D,DISPATCH,UNIT_SCADA,1,"2019/08/20 02:35:00",SHPUMP,0
D,DISPATCH,UNIT_SCADA,1,"2019/08/20 02:35:00",SITHE01,0.043330
D,DISPATCH,UNIT_SCADA,1,"2019/08/20 02:35:00",SMCSF1,0
D,DISPATCH,UNIT_SCADA,1,"2019/08/20 02:35:00",SNOWNTH1,17.20
D,DISPATCH,UNIT_SCADA,1,"2019/08/20 02:35:00",SNOWSTH1,56.80
D,DISPATCH,UNIT_SCADA,1,"2019/08/20 02:35:00",SNOWTWN1,21.7354
D,DISPATCH,UNIT_SCADA,1,"2019/08/20 02:35:00",SNOWYP,191.100010
D,DISPATCH,UNIT_SCADA,1,"2019/08/20 02:35:00",SNUG1,0.019440
D,DISPATCH,UNIT_SCADA,1,"2019/08/20 02:35:00",SRSF1,0
D,DISPATCH,UNIT_SCADA,1,"2019/08/20 02:35:00",STAN-1,0
D,DISPATCH,UNIT_SCADA,1,"2019/08/20 02:35:00",STAN-2,179.897830
D,DISPATCH,UNIT_SCADA,1,"2019/08/20 02:35:00",STAN-3,223.901340
D,DISPATCH,UNIT_SCADA,1,"2019/08/20 02:35:00",STAN-4,192.818160
D,DISPATCH,UNIT_SCADA,1,"2019/08/20 02:35:00",STWF1,124.515010
D,DISPATCH,UNIT_SCADA,1,"2019/08/20 02:35:00",SWAN_E,0
D,DISPATCH,UNIT_SCADA,1,"2019/08/20 02:35:00",TALWA1,300
D,DISPATCH,UNIT_SCADA,1,"2019/08/20 02:35:00",TARALGA1,98.666260
D,DISPATCH,UNIT_SCADA,1,"2019/08/20 02:35:00",TARONG#1,225.50
D,DISPATCH,UNIT_SCADA,1,"2019/08/20 02:35:00",TARONG#2,224.30
D,DISPATCH,UNIT_SCADA,1,"2019/08/20 02:35:00",TARONG#3,179.70
D,DISPATCH,UNIT_SCADA,1,"2019/08/20 02:35:00",TARONG#4,225.100010
D,DISPATCH,UNIT_SCADA,1,"2019/08/20 02:35:00",TARRALEA,78.80
D,DISPATCH,UNIT_SCADA,1,"2019/08/20 02:35:00",TBSF1,-0.20
D,DISPATCH,UNIT_SCADA,1,"2019/08/20 02:35:00",TNPS1,299.50
D,DISPATCH,UNIT_SCADA,1,"2019/08/20 02:35:00",TORRA1,43.847520
D,DISPATCH,UNIT_SCADA,1,"2019/08/20 02:35:00",TORRA2,0
D,DISPATCH,UNIT_SCADA,1,"2019/08/20 02:35:00",TORRA3,41.321610
D,DISPATCH,UNIT_SCADA,1,"2019/08/20 02:35:00",TORRA4,0
D,DISPATCH,UNIT_SCADA,1,"2019/08/20 02:35:00",TORRB1,38.27
D,DISPATCH,UNIT_SCADA,1,"2019/08/20 02:35:00",TORRB2,38.74
D,DISPATCH,UNIT_SCADA,1,"2019/08/20 02:35:00",TORRB3,0
D,DISPATCH,UNIT_SCADA,1,"2019/08/20 02:35:00",TORRB4,0
D,DISPATCH,UNIT_SCADA,1,"2019/08/20 02:35:00",TREVALLN,2.40
D,DISPATCH,UNIT_SCADA,1,"2019/08/20 02:35:00",TRIBUTE,71.15
D,DISPATCH,UNIT_SCADA,1,"2019/08/20 02:35:00",TUMUT3,0
D,DISPATCH,UNIT_SCADA,1,"2019/08/20 02:35:00",TUNGATIN,2.10
D,DISPATCH,UNIT_SCADA,1,"2019/08/20 02:35:00",TVCC201,0
D,DISPATCH,UNIT_SCADA,1,"2019/08/20 02:35:00",TVPP104,0
D,DISPATCH,UNIT_SCADA,1,"2019/08/20 02:35:00",UPPTUMUT,0
D,DISPATCH,UNIT_SCADA,1,"2019/08/20 02:35:00",URANQ11,0
D,DISPATCH,UNIT_SCADA,1,"2019/08/20 02:35:00",URANQ12,0
D,DISPATCH,UNIT_SCADA,1,"2019/08/20 02:35:00",URANQ13,0
D,DISPATCH,UNIT_SCADA,1,"2019/08/20 02:35:00",URANQ14,0
D,DISPATCH,UNIT_SCADA,1,"2019/08/20 02:35:00",VP5,294.674990
D,DISPATCH,UNIT_SCADA,1,"2019/08/20 02:35:00",VP6,288.149990
D,DISPATCH,UNIT_SCADA,1,"2019/08/20 02:35:00",VPGS1,0
D,DISPATCH,UNIT_SCADA,1,"2019/08/20 02:35:00",VPGS2,0
D,DISPATCH,UNIT_SCADA,1,"2019/08/20 02:35:00",VPGS3,0
D,DISPATCH,UNIT_SCADA,1,"2019/08/20 02:35:00",VPGS4,0
D,DISPATCH,UNIT_SCADA,1,"2019/08/20 02:35:00",VPGS5,0
D,DISPATCH,UNIT_SCADA,1,"2019/08/20 02:35:00",VPGS6,0
D,DISPATCH,UNIT_SCADA,1,"2019/08/20 02:35:00",W/HOE#1,0
D,DISPATCH,UNIT_SCADA,1,"2019/08/20 02:35:00",W/HOE#2,0
D,DISPATCH,UNIT_SCADA,1,"2019/08/20 02:35:00",WATERLWF,91.60
D,DISPATCH,UNIT_SCADA,1,"2019/08/20 02:35:00",WEMENSF1,0
D,DISPATCH,UNIT_SCADA,1,"2019/08/20 02:35:00",WGWF1,85.30
D,DISPATCH,UNIT_SCADA,1,"2019/08/20 02:35:00",WHITSF1,0
D,DISPATCH,UNIT_SCADA,1,"2019/08/20 02:35:00",WKIEWA1,0
D,DISPATCH,UNIT_SCADA,1,"2019/08/20 02:35:00",WKIEWA2,15.10
D,DISPATCH,UNIT_SCADA,1,"2019/08/20 02:35:00",WOODLWN1,44.6310
D,DISPATCH,UNIT_SCADA,1,"2019/08/20 02:35:00",WRSF1,0
D,DISPATCH,UNIT_SCADA,1,"2019/08/20 02:35:00",WRWF1,143.528730
D,DISPATCH,UNIT_SCADA,1,"2019/08/20 02:35:00",YABULU,0
D,DISPATCH,UNIT_SCADA,1,"2019/08/20 02:35:00",YABULU2,0
D,DISPATCH,UNIT_SCADA,1,"2019/08/20 02:35:00",YARWUN_1,0
D,DISPATCH,UNIT_SCADA,1,"2019/08/20 02:35:00",YENDWF1,41.98
D,DISPATCH,UNIT_SCADA,1,"2019/08/20 02:35:00",YWPS1,365.913910
D,DISPATCH,UNIT_SCADA,1,"2019/08/20 02:35:00",YWPS2,272.678470
D,DISPATCH,UNIT_SCADA,1,"2019/08/20 02:35:00",YWPS3,0
D,DISPATCH,UNIT_SCADA,1,"2019/08/20 02:35:00",YWPS4,377.454440
C,"END OF REPORT",334
