C,NEMP.WORLD,DISPATCHSCADA,AEMO,PUBLIC,2019/09/06,08:30:09,0000000312453962,DISPATCHSCADA,0000000312453956
I,DISPATCH,UNIT_SCADA,1,SETTLEMENTDATE,DUID,SCADAVALUE
D,DISPATCH,UNIT_SCADA,1,"2019/09/06 08:35:00",BARCSF1,8.900001
D,DISPATCH,UNIT_SCADA,1,"2019/09/06 08:35:00",BUTLERSG,10.199999
D,DISPATCH,UNIT_SCADA,1,"2019/09/06 08:35:00",CALL_A_4,0
D,DISPATCH,UNIT_SCADA,1,"2019/09/06 08:35:00",CAPTL_WF,0
D,DISPATCH,UNIT_SCADA,1,"2019/09/06 08:35:00",CATHROCK,0
D,DISPATCH,UNIT_SCADA,1,"2019/09/06 08:35:00",CHALLHWF,37.599998
D,DISPATCH,UNIT_SCADA,1,"2019/09/06 08:35:00",CLOVER,0
D,DISPATCH,UNIT_SCADA,1,"2019/09/06 08:35:00",CLUNY,18.673838
D,DISPATCH,UNIT_SCADA,1,"2019/09/06 08:35:00",CNUNDAWF,14.817285
D,DISPATCH,UNIT_SCADA,1,"2019/09/06 08:35:00",CULLRGWF,1.62
D,DISPATCH,UNIT_SCADA,1,"2019/09/06 08:35:00",ERGT01,0
D,DISPATCH,UNIT_SCADA,1,"2019/09/06 08:35:00",GB01,0.008553
D,DISPATCH,UNIT_SCADA,1,"2019/09/06 08:35:00",GERMCRK,33.900002
D,DISPATCH,UNIT_SCADA,1,"2019/09/06 08:35:00",GRIFSF1,3.199997
D,DISPATCH,UNIT_SCADA,1,"2019/09/06 08:35:00",HUGSF1,8.9860
D,DISPATCH,UNIT_SCADA,1,"2019/09/06 08:35:00",LKBONNY1,9.734720
D,DISPATCH,UNIT_SCADA,1,"2019/09/06 08:35:00",LRSF1,12.474001
D,DISPATCH,UNIT_SCADA,1,"2019/09/06 08:35:00",MBAHNTH,50.343750
D,DISPATCH,UNIT_SCADA,1,"2019/09/06 08:35:00",MLSP1,7.044001
D,DISPATCH,UNIT_SCADA,1,"2019/09/06 08:35:00",MLWF1,12.96
D,DISPATCH,UNIT_SCADA,1,"2019/09/06 08:35:00",MTMILLAR,52.498451
D,DISPATCH,UNIT_SCADA,1,"2019/09/06 08:35:00",PALOONA,25.83
D,DISPATCH,UNIT_SCADA,1,"2019/09/06 08:35:00",PIONEER,44.50
D,DISPATCH,UNIT_SCADA,1,"2019/09/06 08:35:00",PORTWF,27.90
D,DISPATCH,UNIT_SCADA,1,"2019/09/06 08:35:00",REPULSE,32.510872
D,DISPATCH,UNIT_SCADA,1,"2019/09/06 08:35:00",ROWALLAN,10.3731
D,DISPATCH,UNIT_SCADA,1,"2019/09/06 08:35:00",ROYALLA1,8.157001
D,DISPATCH,UNIT_SCADA,1,"2019/09/06 08:35:00",RPCG,12.80
D,DISPATCH,UNIT_SCADA,1,"2019/09/06 08:35:00",RUBICON,0
D,DISPATCH,UNIT_SCADA,1,"2019/09/06 08:35:00",SATGN1,0
D,DISPATCH,UNIT_SCADA,1,"2019/09/06 08:35:00",SATGS1,0
D,DISPATCH,UNIT_SCADA,1,"2019/09/06 08:35:00",STARHLWF,30.591080
D,DISPATCH,UNIT_SCADA,1,"2019/09/06 08:35:00",WAUBRAWF,81.566002
D,DISPATCH,UNIT_SCADA,1,"2019/09/06 08:35:00",WOOLNTH1,8.830015
D,DISPATCH,UNIT_SCADA,1,"2019/09/06 08:35:00",WPWF,83
D,DISPATCH,UNIT_SCADA,1,"2019/09/06 08:35:00",YAMBUKWF,16.200001
D,DISPATCH,UNIT_SCADA,1,"2019/09/06 08:35:00",YSWF1,7.70
D,DISPATCH,UNIT_SCADA,1,"2019/09/06 08:35:00",AGLHAL,0
D,DISPATCH,UNIT_SCADA,1,"2019/09/06 08:35:00",AGLSOM,0
D,DISPATCH,UNIT_SCADA,1,"2019/09/06 08:35:00",ANGAST1,0
D,DISPATCH,UNIT_SCADA,1,"2019/09/06 08:35:00",ARWF1,46.30
D,DISPATCH,UNIT_SCADA,1,"2019/09/06 08:35:00",BALBG1,10.55
D,DISPATCH,UNIT_SCADA,1,"2019/09/06 08:35:00",BALBL1,0
D,DISPATCH,UNIT_SCADA,1,"2019/09/06 08:35:00",BALDHWF1,64.0220
D,DISPATCH,UNIT_SCADA,1,"2019/09/06 08:35:00",BANN1,60.43
D,DISPATCH,UNIT_SCADA,1,"2019/09/06 08:35:00",BARCALDN,0
D,DISPATCH,UNIT_SCADA,1,"2019/09/06 08:35:00",BARRON-1,26.20
D,DISPATCH,UNIT_SCADA,1,"2019/09/06 08:35:00",BARRON-2,0
D,DISPATCH,UNIT_SCADA,1,"2019/09/06 08:35:00",BASTYAN,81.290010
D,DISPATCH,UNIT_SCADA,1,"2019/09/06 08:35:00",BBTHREE1,0
D,DISPATCH,UNIT_SCADA,1,"2019/09/06 08:35:00",BBTHREE2,0
D,DISPATCH,UNIT_SCADA,1,"2019/09/06 08:35:00",BBTHREE3,0
D,DISPATCH,UNIT_SCADA,1,"2019/09/06 08:35:00",BDL01,24.60
D,DISPATCH,UNIT_SCADA,1,"2019/09/06 08:35:00",BDL02,25.08
D,DISPATCH,UNIT_SCADA,1,"2019/09/06 08:35:00",BERYLSF1,70.660320
D,DISPATCH,UNIT_SCADA,1,"2019/09/06 08:35:00",BLOWERNG,15.30
D,DISPATCH,UNIT_SCADA,1,"2019/09/06 08:35:00",BLUFF1,52.60
D,DISPATCH,UNIT_SCADA,1,"2019/09/06 08:35:00",BNGSF1,9.62
D,DISPATCH,UNIT_SCADA,1,"2019/09/06 08:35:00",BNGSF2,2.73
D,DISPATCH,UNIT_SCADA,1,"2019/09/06 08:35:00",BOCORWF1,92.50
D,DISPATCH,UNIT_SCADA,1,"2019/09/06 08:35:00",BODWF1,66.521580
D,DISPATCH,UNIT_SCADA,1,"2019/09/06 08:35:00",BRAEMAR1,0
D,DISPATCH,UNIT_SCADA,1,"2019/09/06 08:35:00",BRAEMAR2,0
D,DISPATCH,UNIT_SCADA,1,"2019/09/06 08:35:00",BRAEMAR3,0
D,DISPATCH,UNIT_SCADA,1,"2019/09/06 08:35:00",BRAEMAR5,152.2836
D,DISPATCH,UNIT_SCADA,1,"2019/09/06 08:35:00",BRAEMAR6,0
D,DISPATCH,UNIT_SCADA,1,"2019/09/06 08:35:00",BRAEMAR7,0
D,DISPATCH,UNIT_SCADA,1,"2019/09/06 08:35:00",BROKENH1,25.599370
D,DISPATCH,UNIT_SCADA,1,"2019/09/06 08:35:00",BW01,653.549930
D,DISPATCH,UNIT_SCADA,1,"2019/09/06 08:35:00",BW02,638.074950
D,DISPATCH,UNIT_SCADA,1,"2019/09/06 08:35:00",BW03,648.174930
D,DISPATCH,UNIT_SCADA,1,"2019/09/06 08:35:00",BW04,0
D,DISPATCH,UNIT_SCADA,1,"2019/09/06 08:35:00",CALL_B_1,318.899990
D,DISPATCH,UNIT_SCADA,1,"2019/09/06 08:35:00",CALL_B_2,278.50
D,DISPATCH,UNIT_SCADA,1,"2019/09/06 08:35:00",CETHANA,97.406130
D,DISPATCH,UNIT_SCADA,1,"2019/09/06 08:35:00",CG1,0
D,DISPATCH,UNIT_SCADA,1,"2019/09/06 08:35:00",CG2,0
D,DISPATCH,UNIT_SCADA,1,"2019/09/06 08:35:00",CG3,0
D,DISPATCH,UNIT_SCADA,1,"2019/09/06 08:35:00",CG4,0
D,DISPATCH,UNIT_SCADA,1,"2019/09/06 08:35:00",CHILDSF1,45.54
D,DISPATCH,UNIT_SCADA,1,"2019/09/06 08:35:00",CLARESF1,32.911360
D,DISPATCH,UNIT_SCADA,1,"2019/09/06 08:35:00",CLEMGPWF,55.322890
D,DISPATCH,UNIT_SCADA,1,"2019/09/06 08:35:00",CLERMSF1,14.68
D,DISPATCH,UNIT_SCADA,1,"2019/09/06 08:35:00",COLEASF1,25.60
D,DISPATCH,UNIT_SCADA,1,"2019/09/06 08:35:00",COOPGWF1,16.551090
D,DISPATCH,UNIT_SCADA,1,"2019/09/06 08:35:00",CPP_3,387.200010
D,DISPATCH,UNIT_SCADA,1,"2019/09/06 08:35:00",CPP_4,387.200010
D,DISPATCH,UNIT_SCADA,1,"2019/09/06 08:35:00",CPSA,143.293750
D,DISPATCH,UNIT_SCADA,1,"2019/09/06 08:35:00",CROOKWF2,79.263760
D,DISPATCH,UNIT_SCADA,1,"2019/09/06 08:35:00",CROWLWF1,39.622660
D,DISPATCH,UNIT_SCADA,1,"2019/09/06 08:35:00",CSPVPS1,20.6720
D,DISPATCH,UNIT_SCADA,1,"2019/09/06 08:35:00",DALNTH01,0
D,DISPATCH,UNIT_SCADA,1,"2019/09/06 08:35:00",DALNTHL1,0.987260
D,DISPATCH,UNIT_SCADA,1,"2019/09/06 08:35:00",DARTM1,133.70
D,DISPATCH,UNIT_SCADA,1,"2019/09/06 08:35:00",DAYDSF1,112.2160
D,DISPATCH,UNIT_SCADA,1,"2019/09/06 08:35:00",DDPS1,0
D,DISPATCH,UNIT_SCADA,1,"2019/09/06 08:35:00",DDSF1,72.114170
D,DISPATCH,UNIT_SCADA,1,"2019/09/06 08:35:00",DEVILS_G,63.319810
D,DISPATCH,UNIT_SCADA,1,"2019/09/06 08:35:00",DG_NSW1,0
D,DISPATCH,UNIT_SCADA,1,"2019/09/06 08:35:00",DG_QLD1,0
D,DISPATCH,UNIT_SCADA,1,"2019/09/06 08:35:00",DG_SA1,0
D,DISPATCH,UNIT_SCADA,1,"2019/09/06 08:35:00",DG_TAS1,0
D,DISPATCH,UNIT_SCADA,1,"2019/09/06 08:35:00",DG_VIC1,0
D,DISPATCH,UNIT_SCADA,1,"2019/09/06 08:35:00",DRYCGT1,0
D,DISPATCH,UNIT_SCADA,1,"2019/09/06 08:35:00",DRYCGT2,0
D,DISPATCH,UNIT_SCADA,1,"2019/09/06 08:35:00",DRYCGT3,0
D,DISPATCH,UNIT_SCADA,1,"2019/09/06 08:35:00",EILDON1,0
D,DISPATCH,UNIT_SCADA,1,"2019/09/06 08:35:00",EILDON2,0
D,DISPATCH,UNIT_SCADA,1,"2019/09/06 08:35:00",EMERASF1,63.04
D,DISPATCH,UNIT_SCADA,1,"2019/09/06 08:35:00",ER01,570.974980
D,DISPATCH,UNIT_SCADA,1,"2019/09/06 08:35:00",ER02,675.7749
D,DISPATCH,UNIT_SCADA,1,"2019/09/06 08:35:00",ER03,0
D,DISPATCH,UNIT_SCADA,1,"2019/09/06 08:35:00",ER04,664.525020
D,DISPATCH,UNIT_SCADA,1,"2019/09/06 08:35:00",FINLYSF1,1.162510
D,DISPATCH,UNIT_SCADA,1,"2019/09/06 08:35:00",FISHER,32.32
D,DISPATCH,UNIT_SCADA,1,"2019/09/06 08:35:00",GANNBG1,5.002380
D,DISPATCH,UNIT_SCADA,1,"2019/09/06 08:35:00",GANNBL1,0
D,DISPATCH,UNIT_SCADA,1,"2019/09/06 08:35:00",GANNSF1,39.80
D,DISPATCH,UNIT_SCADA,1,"2019/09/06 08:35:00",GORDON,24.22
D,DISPATCH,UNIT_SCADA,1,"2019/09/06 08:35:00",GSTONE1,138.599990
D,DISPATCH,UNIT_SCADA,1,"2019/09/06 08:35:00",GSTONE2,108.15
D,DISPATCH,UNIT_SCADA,1,"2019/09/06 08:35:00",GSTONE3,0
D,DISPATCH,UNIT_SCADA,1,"2019/09/06 08:35:00",GSTONE4,141.399990
D,DISPATCH,UNIT_SCADA,1,"2019/09/06 08:35:00",GSTONE5,141.05
D,DISPATCH,UNIT_SCADA,1,"2019/09/06 08:35:00",GSTONE6,140
D,DISPATCH,UNIT_SCADA,1,"2019/09/06 08:35:00",GULLRSF1,5.0072
D,DISPATCH,UNIT_SCADA,1,"2019/09/06 08:35:00",GULLRWF1,99.867650
D,DISPATCH,UNIT_SCADA,1,"2019/09/06 08:35:00",GUNNING1,13.012440
D,DISPATCH,UNIT_SCADA,1,"2019/09/06 08:35:00",GUTHEGA,30.90
D,DISPATCH,UNIT_SCADA,1,"2019/09/06 08:35:00",HALLWF1,89.99
D,DISPATCH,UNIT_SCADA,1,"2019/09/06 08:35:00",HALLWF2,41.83
D,DISPATCH,UNIT_SCADA,1,"2019/09/06 08:35:00",HAMISF1,0
D,DISPATCH,UNIT_SCADA,1,"2019/09/06 08:35:00",HAUGHT11,0
D,DISPATCH,UNIT_SCADA,1,"2019/09/06 08:35:00",HAYMSF1,0
D,DISPATCH,UNIT_SCADA,1,"2019/09/06 08:35:00",HDWF1,99.40
D,DISPATCH,UNIT_SCADA,1,"2019/09/06 08:35:00",HDWF2,99.60
D,DISPATCH,UNIT_SCADA,1,"2019/09/06 08:35:00",HDWF3,108.80
D,DISPATCH,UNIT_SCADA,1,"2019/09/06 08:35:00",HPRG1,24.80
D,DISPATCH,UNIT_SCADA,1,"2019/09/06 08:35:00",HPRL1,0
D,DISPATCH,UNIT_SCADA,1,"2019/09/06 08:35:00",HUMENSW,0
D,DISPATCH,UNIT_SCADA,1,"2019/09/06 08:35:00",HUMEV,24.60
D,DISPATCH,UNIT_SCADA,1,"2019/09/06 08:35:00",HVGTS,0
D,DISPATCH,UNIT_SCADA,1,"2019/09/06 08:35:00",JBUTTERS,115.91
D,DISPATCH,UNIT_SCADA,1,"2019/09/06 08:35:00",JLA01,0.10
D,DISPATCH,UNIT_SCADA,1,"2019/09/06 08:35:00",JLA02,0
D,DISPATCH,UNIT_SCADA,1,"2019/09/06 08:35:00",JLA03,0
D,DISPATCH,UNIT_SCADA,1,"2019/09/06 08:35:00",JLA04,0
D,DISPATCH,UNIT_SCADA,1,"2019/09/06 08:35:00",JLB01,0
D,DISPATCH,UNIT_SCADA,1,"2019/09/06 08:35:00",JLB02,0.10
D,DISPATCH,UNIT_SCADA,1,"2019/09/06 08:35:00",JLB03,0
D,DISPATCH,UNIT_SCADA,1,"2019/09/06 08:35:00",KAREEYA1,21.5625
D,DISPATCH,UNIT_SCADA,1,"2019/09/06 08:35:00",KAREEYA2,21.8075
D,DISPATCH,UNIT_SCADA,1,"2019/09/06 08:35:00",KAREEYA3,0
D,DISPATCH,UNIT_SCADA,1,"2019/09/06 08:35:00",KAREEYA4,21.62
D,DISPATCH,UNIT_SCADA,1,"2019/09/06 08:35:00",KARSF1,33.70
D,DISPATCH,UNIT_SCADA,1,"2019/09/06 08:35:00",KIATAWF1,24.60
D,DISPATCH,UNIT_SCADA,1,"2019/09/06 08:35:00",KPP_1,0
D,DISPATCH,UNIT_SCADA,1,"2019/09/06 08:35:00",KSP1,44.70
D,DISPATCH,UNIT_SCADA,1,"2019/09/06 08:35:00",LADBROK1,42.38
D,DISPATCH,UNIT_SCADA,1,"2019/09/06 08:35:00",LADBROK2,43.08
D,DISPATCH,UNIT_SCADA,1,"2019/09/06 08:35:00",LD01,378.5625
D,DISPATCH,UNIT_SCADA,1,"2019/09/06 08:35:00",LD02,377.981230
D,DISPATCH,UNIT_SCADA,1,"2019/09/06 08:35:00",LD03,379.593780
D,DISPATCH,UNIT_SCADA,1,"2019/09/06 08:35:00",LD04,377.718750
D,DISPATCH,UNIT_SCADA,1,"2019/09/06 08:35:00",LEM_WIL,84.832440
D,DISPATCH,UNIT_SCADA,1,"2019/09/06 08:35:00",LGAPWF1,34.49
D,DISPATCH,UNIT_SCADA,1,"2019/09/06 08:35:00",LILYSF1,0
D,DISPATCH,UNIT_SCADA,1,"2019/09/06 08:35:00",LI_WY_CA,142.700180
D,DISPATCH,UNIT_SCADA,1,"2019/09/06 08:35:00",LKBONNY2,52.5748
D,DISPATCH,UNIT_SCADA,1,"2019/09/06 08:35:00",LKBONNY3,10.327070
D,DISPATCH,UNIT_SCADA,1,"2019/09/06 08:35:00",LK_ECHO,0
D,DISPATCH,UNIT_SCADA,1,"2019/09/06 08:35:00",LNGS1,0
D,DISPATCH,UNIT_SCADA,1,"2019/09/06 08:35:00",LNGS2,0
D,DISPATCH,UNIT_SCADA,1,"2019/09/06 08:35:00",LONSDALE,0
D,DISPATCH,UNIT_SCADA,1,"2019/09/06 08:35:00",LOYYB1,536.840520
D,DISPATCH,UNIT_SCADA,1,"2019/09/06 08:35:00",LOYYB2,584.210140
D,DISPATCH,UNIT_SCADA,1,"2019/09/06 08:35:00",LYA1,0
D,DISPATCH,UNIT_SCADA,1,"2019/09/06 08:35:00",LYA2,0
D,DISPATCH,UNIT_SCADA,1,"2019/09/06 08:35:00",LYA3,558
D,DISPATCH,UNIT_SCADA,1,"2019/09/06 08:35:00",LYA4,541
D,DISPATCH,UNIT_SCADA,1,"2019/09/06 08:35:00",MACARTH1,115.397330
D,DISPATCH,UNIT_SCADA,1,"2019/09/06 08:35:00",MACKAYGT,0.2240
D,DISPATCH,UNIT_SCADA,1,"2019/09/06 08:35:00",MACKNTSH,88.430010
D,DISPATCH,UNIT_SCADA,1,"2019/09/06 08:35:00",MANSLR1,28.5130
D,DISPATCH,UNIT_SCADA,1,"2019/09/06 08:35:00",MCKAY1,-0.0350
D,DISPATCH,UNIT_SCADA,1,"2019/09/06 08:35:00",MEADOWBK,33.981620
D,DISPATCH,UNIT_SCADA,1,"2019/09/06 08:35:00",MERCER01,21.9270
D,DISPATCH,UNIT_SCADA,1,"2019/09/06 08:35:00",MEWF1,34.734080
D,DISPATCH,UNIT_SCADA,1,"2019/09/06 08:35:00",MINTARO,0
D,DISPATCH,UNIT_SCADA,1,"2019/09/06 08:35:00",MOREESF1,53.0540
D,DISPATCH,UNIT_SCADA,1,"2019/09/06 08:35:00",MORTLK11,259
D,DISPATCH,UNIT_SCADA,1,"2019/09/06 08:35:00",MORTLK12,0
D,DISPATCH,UNIT_SCADA,1,"2019/09/06 08:35:00",MP1,215.900020
D,DISPATCH,UNIT_SCADA,1,"2019/09/06 08:35:00",MP2,0
D,DISPATCH,UNIT_SCADA,1,"2019/09/06 08:35:00",MPP_1,422.25
D,DISPATCH,UNIT_SCADA,1,"2019/09/06 08:35:00",MPP_2,435.75
D,DISPATCH,UNIT_SCADA,1,"2019/09/06 08:35:00",MSTUART1,0
D,DISPATCH,UNIT_SCADA,1,"2019/09/06 08:35:00",MSTUART2,0
D,DISPATCH,UNIT_SCADA,1,"2019/09/06 08:35:00",MSTUART3,0
D,DISPATCH,UNIT_SCADA,1,"2019/09/06 08:35:00",MTGELWF1,1.358070
D,DISPATCH,UNIT_SCADA,1,"2019/09/06 08:35:00",MURRAY,0
D,DISPATCH,UNIT_SCADA,1,"2019/09/06 08:35:00",MUSSELR1,147.20
D,DISPATCH,UNIT_SCADA,1,"2019/09/06 08:35:00",MUWAWF1,72.42
D,DISPATCH,UNIT_SCADA,1,"2019/09/06 08:35:00",NBHWF1,120.30
D,DISPATCH,UNIT_SCADA,1,"2019/09/06 08:35:00",NPS,0
D,DISPATCH,UNIT_SCADA,1,"2019/09/06 08:35:00",NUMURSF1,5.98
D,DISPATCH,UNIT_SCADA,1,"2019/09/06 08:35:00",NYNGAN1,56.75
D,DISPATCH,UNIT_SCADA,1,"2019/09/06 08:35:00",OAKEY1,0
D,DISPATCH,UNIT_SCADA,1,"2019/09/06 08:35:00",OAKEY1SF,22.3950
D,DISPATCH,UNIT_SCADA,1,"2019/09/06 08:35:00",OAKEY2,0
D,DISPATCH,UNIT_SCADA,1,"2019/09/06 08:35:00",OAKEY2SF,0
D,DISPATCH,UNIT_SCADA,1,"2019/09/06 08:35:00",OAKLAND1,4.60
D,DISPATCH,UNIT_SCADA,1,"2019/09/06 08:35:00",OSB-AG,0
D,DISPATCH,UNIT_SCADA,1,"2019/09/06 08:35:00",PARSF1,40.503110
D,DISPATCH,UNIT_SCADA,1,"2019/09/06 08:35:00",POAT110,0
D,DISPATCH,UNIT_SCADA,1,"2019/09/06 08:35:00",POAT220,2.61
D,DISPATCH,UNIT_SCADA,1,"2019/09/06 08:35:00",POR01,0
D,DISPATCH,UNIT_SCADA,1,"2019/09/06 08:35:00",POR03,0
D,DISPATCH,UNIT_SCADA,1,"2019/09/06 08:35:00",PPCCGT,177.578830
D,DISPATCH,UNIT_SCADA,1,"2019/09/06 08:35:00",PTSTAN1,0
D,DISPATCH,UNIT_SCADA,1,"2019/09/06 08:35:00",PUMP1,0
D,DISPATCH,UNIT_SCADA,1,"2019/09/06 08:35:00",PUMP2,0
D,DISPATCH,UNIT_SCADA,1,"2019/09/06 08:35:00",QPS1,29
D,DISPATCH,UNIT_SCADA,1,"2019/09/06 08:35:00",QPS2,0
D,DISPATCH,UNIT_SCADA,1,"2019/09/06 08:35:00",QPS3,0
D,DISPATCH,UNIT_SCADA,1,"2019/09/06 08:35:00",QPS4,0
D,DISPATCH,UNIT_SCADA,1,"2019/09/06 08:35:00",QPS5,0
D,DISPATCH,UNIT_SCADA,1,"2019/09/06 08:35:00",REECE1,101.980010
D,DISPATCH,UNIT_SCADA,1,"2019/09/06 08:35:00",REECE2,102.480010
D,DISPATCH,UNIT_SCADA,1,"2019/09/06 08:35:00",ROMA_7,0
D,DISPATCH,UNIT_SCADA,1,"2019/09/06 08:35:00",ROMA_8,0
D,DISPATCH,UNIT_SCADA,1,"2019/09/06 08:35:00",RRSF1,92.796710
D,DISPATCH,UNIT_SCADA,1,"2019/09/06 08:35:00",RT_NSW1,0
D,DISPATCH,UNIT_SCADA,1,"2019/09/06 08:35:00",RT_NSW2,0
D,DISPATCH,UNIT_SCADA,1,"2019/09/06 08:35:00",RT_NSW3,0
D,DISPATCH,UNIT_SCADA,1,"2019/09/06 08:35:00",RT_NSW4,0
D,DISPATCH,UNIT_SCADA,1,"2019/09/06 08:35:00",RT_NSW5,0
D,DISPATCH,UNIT_SCADA,1,"2019/09/06 08:35:00",RT_NSW6,0
D,DISPATCH,UNIT_SCADA,1,"2019/09/06 08:35:00",RT_QLD1,0
D,DISPATCH,UNIT_SCADA,1,"2019/09/06 08:35:00",RT_SA1,0
D,DISPATCH,UNIT_SCADA,1,"2019/09/06 08:35:00",RT_SA2,0
D,DISPATCH,UNIT_SCADA,1,"2019/09/06 08:35:00",RT_SA3,0
D,DISPATCH,UNIT_SCADA,1,"2019/09/06 08:35:00",RT_SA4,0
D,DISPATCH,UNIT_SCADA,1,"2019/09/06 08:35:00",RT_SA5,0
D,DISPATCH,UNIT_SCADA,1,"2019/09/06 08:35:00",RT_SA6,0
D,DISPATCH,UNIT_SCADA,1,"2019/09/06 08:35:00",RT_TAS1,0
D,DISPATCH,UNIT_SCADA,1,"2019/09/06 08:35:00",RT_VIC1,0
D,DISPATCH,UNIT_SCADA,1,"2019/09/06 08:35:00",RT_VIC10,0
D,DISPATCH,UNIT_SCADA,1,"2019/09/06 08:35:00",RT_VIC11,0
D,DISPATCH,UNIT_SCADA,1,"2019/09/06 08:35:00",RT_VIC12,0
D,DISPATCH,UNIT_SCADA,1,"2019/09/06 08:35:00",RT_VIC2,0
D,DISPATCH,UNIT_SCADA,1,"2019/09/06 08:35:00",RT_VIC3,0
D,DISPATCH,UNIT_SCADA,1,"2019/09/06 08:35:00",RT_VIC4,0
D,DISPATCH,UNIT_SCADA,1,"2019/09/06 08:35:00",RT_VIC5,0
D,DISPATCH,UNIT_SCADA,1,"2019/09/06 08:35:00",RT_VIC6,0
D,DISPATCH,UNIT_SCADA,1,"2019/09/06 08:35:00",RT_VIC7,0
D,DISPATCH,UNIT_SCADA,1,"2019/09/06 08:35:00",RT_VIC8,0
D,DISPATCH,UNIT_SCADA,1,"2019/09/06 08:35:00",RT_VIC9,0
D,DISPATCH,UNIT_SCADA,1,"2019/09/06 08:35:00",RUGBYR1,63.885310
D,DISPATCH,UNIT_SCADA,1,"2019/09/06 08:35:00",SALTCRK1,17.46
D,DISPATCH,UNIT_SCADA,1,"2019/09/06 08:35:00",SAPHWF1,63.262510
D,DISPATCH,UNIT_SCADA,1,"2019/09/06 08:35:00",SHGEN,0
D,DISPATCH,UNIT_SCADA,1,"2019/09/06 08:35:00",SHPUMP,0
D,DISPATCH,UNIT_SCADA,1,"2019/09/06 08:35:00",SITHE01,0.194050
D,DISPATCH,UNIT_SCADA,1,"2019/09/06 08:35:00",SMCSF1,49.464910
D,DISPATCH,UNIT_SCADA,1,"2019/09/06 08:35:00",SNOWNTH1,138.30
D,DISPATCH,UNIT_SCADA,1,"2019/09/06 08:35:00",SNOWSTH1,116.20
D,DISPATCH,UNIT_SCADA,1,"2019/09/06 08:35:00",SNOWTWN1,84.782770
D,DISPATCH,UNIT_SCADA,1,"2019/09/06 08:35:00",SNOWYP,0
D,DISPATCH,UNIT_SCADA,1,"2019/09/06 08:35:00",SNUG1,0.019440
D,DISPATCH,UNIT_SCADA,1,"2019/09/06 08:35:00",SRSF1,68.49
D,DISPATCH,UNIT_SCADA,1,"2019/09/06 08:35:00",STAN-1,261.829190
D,DISPATCH,UNIT_SCADA,1,"2019/09/06 08:35:00",STAN-2,305.768620
D,DISPATCH,UNIT_SCADA,1,"2019/09/06 08:35:00",STAN-3,308.3450
D,DISPATCH,UNIT_SCADA,1,"2019/09/06 08:35:00",STAN-4,301.833560
D,DISPATCH,UNIT_SCADA,1,"2019/09/06 08:35:00",STWF1,0
D,DISPATCH,UNIT_SCADA,1,"2019/09/06 08:35:00",SWAN_E,0
D,DISPATCH,UNIT_SCADA,1,"2019/09/06 08:35:00",TALWA1,408
D,DISPATCH,UNIT_SCADA,1,"2019/09/06 08:35:00",TARALGA1,13.109990
D,DISPATCH,UNIT_SCADA,1,"2019/09/06 08:35:00",TARONG#1,349.600010
D,DISPATCH,UNIT_SCADA,1,"2019/09/06 08:35:00",TARONG#2,0
D,DISPATCH,UNIT_SCADA,1,"2019/09/06 08:35:00",TARONG#3,279.399990
D,DISPATCH,UNIT_SCADA,1,"2019/09/06 08:35:00",TARONG#4,350.300020
D,DISPATCH,UNIT_SCADA,1,"2019/09/06 08:35:00",TARRALEA,73.90
D,DISPATCH,UNIT_SCADA,1,"2019/09/06 08:35:00",TBSF1,30.30
D,DISPATCH,UNIT_SCADA,1,"2019/09/06 08:35:00",TNPS1,399.700010
D,DISPATCH,UNIT_SCADA,1,"2019/09/06 08:35:00",TORRA1,45.295090
D,DISPATCH,UNIT_SCADA,1,"2019/09/06 08:35:00",TORRA2,0
D,DISPATCH,UNIT_SCADA,1,"2019/09/06 08:35:00",TORRA3,0
D,DISPATCH,UNIT_SCADA,1,"2019/09/06 08:35:00",TORRA4,43.095870
D,DISPATCH,UNIT_SCADA,1,"2019/09/06 08:35:00",TORRB1,93.05
D,DISPATCH,UNIT_SCADA,1,"2019/09/06 08:35:00",TORRB2,93.39
D,DISPATCH,UNIT_SCADA,1,"2019/09/06 08:35:00",TORRB3,94.70
D,DISPATCH,UNIT_SCADA,1,"2019/09/06 08:35:00",TORRB4,0
D,DISPATCH,UNIT_SCADA,1,"2019/09/06 08:35:00",TREVALLN,67.350020
D,DISPATCH,UNIT_SCADA,1,"2019/09/06 08:35:00",TRIBUTE,0
D,DISPATCH,UNIT_SCADA,1,"2019/09/06 08:35:00",TUMUT3,0
D,DISPATCH,UNIT_SCADA,1,"2019/09/06 08:35:00",TUNGATIN,99.420030
D,DISPATCH,UNIT_SCADA,1,"2019/09/06 08:35:00",TVCC201,0
D,DISPATCH,UNIT_SCADA,1,"2019/09/06 08:35:00",TVPP104,0
D,DISPATCH,UNIT_SCADA,1,"2019/09/06 08:35:00",UPPTUMUT,254.005630
D,DISPATCH,UNIT_SCADA,1,"2019/09/06 08:35:00",URANQ11,0
D,DISPATCH,UNIT_SCADA,1,"2019/09/06 08:35:00",URANQ12,0
D,DISPATCH,UNIT_SCADA,1,"2019/09/06 08:35:00",URANQ13,0
D,DISPATCH,UNIT_SCADA,1,"2019/09/06 08:35:00",URANQ14,0
D,DISPATCH,UNIT_SCADA,1,"2019/09/06 08:35:00",VP5,536.099980
D,DISPATCH,UNIT_SCADA,1,"2019/09/06 08:35:00",VP6,0
D,DISPATCH,UNIT_SCADA,1,"2019/09/06 08:35:00",VPGS1,0
D,DISPATCH,UNIT_SCADA,1,"2019/09/06 08:35:00",VPGS2,0
D,DISPATCH,UNIT_SCADA,1,"2019/09/06 08:35:00",VPGS3,0
D,DISPATCH,UNIT_SCADA,1,"2019/09/06 08:35:00",VPGS4,0
D,DISPATCH,UNIT_SCADA,1,"2019/09/06 08:35:00",VPGS5,0
D,DISPATCH,UNIT_SCADA,1,"2019/09/06 08:35:00",VPGS6,0
D,DISPATCH,UNIT_SCADA,1,"2019/09/06 08:35:00",W/HOE#1,0
D,DISPATCH,UNIT_SCADA,1,"2019/09/06 08:35:00",W/HOE#2,0
D,DISPATCH,UNIT_SCADA,1,"2019/09/06 08:35:00",WATERLWF,104
D,DISPATCH,UNIT_SCADA,1,"2019/09/06 08:35:00",WEMENSF1,78.70
D,DISPATCH,UNIT_SCADA,1,"2019/09/06 08:35:00",WGWF1,102.20
D,DISPATCH,UNIT_SCADA,1,"2019/09/06 08:35:00",WHITSF1,41.60
D,DISPATCH,UNIT_SCADA,1,"2019/09/06 08:35:00",WKIEWA1,33
D,DISPATCH,UNIT_SCADA,1,"2019/09/06 08:35:00",WKIEWA2,0.10
D,DISPATCH,UNIT_SCADA,1,"2019/09/06 08:35:00",WOODLWN1,10.763980
D,DISPATCH,UNIT_SCADA,1,"2019/09/06 08:35:00",WRSF1,12.45
D,DISPATCH,UNIT_SCADA,1,"2019/09/06 08:35:00",WRWF1,20.3975
D,DISPATCH,UNIT_SCADA,1,"2019/09/06 08:35:00",YABULU,0
D,DISPATCH,UNIT_SCADA,1,"2019/09/06 08:35:00",YABULU2,0
D,DISPATCH,UNIT_SCADA,1,"2019/09/06 08:35:00",YARWUN_1,164.349990
D,DISPATCH,UNIT_SCADA,1,"2019/09/06 08:35:00",YENDWF1,36.09
D,DISPATCH,UNIT_SCADA,1,"2019/09/06 08:35:00",YWPS1,378.194950
D,DISPATCH,UNIT_SCADA,1,"2019/09/06 08:35:00",YWPS2,278.443020
D,DISPATCH,UNIT_SCADA,1,"2019/09/06 08:35:00",YWPS3,330.313930
D,DISPATCH,UNIT_SCADA,1,"2019/09/06 08:35:00",YWPS4,397.213930
C,"END OF REPORT",335
