C,NEMP.WORLD,DISPATCHSCADA,AEMO,PUBLIC,2019/08/21,07:05:09,0000000311816311,DISPATCHSCADA,0000000311816305
I,DISPATCH,UNIT_SCADA,1,SETTLEMENTDATE,DUID,SCADAVALUE
D,DISPATCH,UNIT_SCADA,1,"2019/08/21 07:10:00",BARCSF1,0.50
D,DISPATCH,UNIT_SCADA,1,"2019/08/21 07:10:00",BUTLERSG,9.699999
D,DISPATCH,UNIT_SCADA,1,"2019/08/21 07:10:00",CALL_A_4,0
D,DISPATCH,UNIT_SCADA,1,"2019/08/21 07:10:00",CAPTL_WF,124.720001
D,DISPATCH,UNIT_SCADA,1,"2019/08/21 07:10:00",CATHROCK,37.709999
D,DISPATCH,UNIT_SCADA,1,"2019/08/21 07:10:00",CHALLHWF,37.700001
D,DISPATCH,UNIT_SCADA,1,"2019/08/21 07:10:00",CLOVER,-0.01
D,DISPATCH,UNIT_SCADA,1,"2019/08/21 07:10:00",CLUNY,20.302586
D,DISPATCH,UNIT_SCADA,1,"2019/08/21 07:10:00",CNUNDAWF,37.343563
D,DISPATCH,UNIT_SCADA,1,"2019/08/21 07:10:00",CULLRGWF,28.16
D,DISPATCH,UNIT_SCADA,1,"2019/08/21 07:10:00",ERGT01,0
D,DISPATCH,UNIT_SCADA,1,"2019/08/21 07:10:00",GB01,0.056824
D,DISPATCH,UNIT_SCADA,1,"2019/08/21 07:10:00",GERMCRK,39.200001
D,DISPATCH,UNIT_SCADA,1,"2019/08/21 07:10:00",GRIFSF1,0.800003
D,DISPATCH,UNIT_SCADA,1,"2019/08/21 07:10:00",HUGSF1,0.4130
D,DISPATCH,UNIT_SCADA,1,"2019/08/21 07:10:00",LKBONNY1,72.876442
D,DISPATCH,UNIT_SCADA,1,"2019/08/21 07:10:00",LRSF1,0.0730
D,DISPATCH,UNIT_SCADA,1,"2019/08/21 07:10:00",MBAHNTH,55.856247
D,DISPATCH,UNIT_SCADA,1,"2019/08/21 07:10:00",MLSP1,0.283001
D,DISPATCH,UNIT_SCADA,1,"2019/08/21 07:10:00",MLWF1,15.57
D,DISPATCH,UNIT_SCADA,1,"2019/08/21 07:10:00",MTMILLAR,17.271284
D,DISPATCH,UNIT_SCADA,1,"2019/08/21 07:10:00",PALOONA,26.15
D,DISPATCH,UNIT_SCADA,1,"2019/08/21 07:10:00",PIONEER,45.299999
D,DISPATCH,UNIT_SCADA,1,"2019/08/21 07:10:00",PORTWF,134.199997
D,DISPATCH,UNIT_SCADA,1,"2019/08/21 07:10:00",REPULSE,28.625315
D,DISPATCH,UNIT_SCADA,1,"2019/08/21 07:10:00",ROWALLAN,10.2098
D,DISPATCH,UNIT_SCADA,1,"2019/08/21 07:10:00",ROYALLA1,2.2390
D,DISPATCH,UNIT_SCADA,1,"2019/08/21 07:10:00",RPCG,10.80
D,DISPATCH,UNIT_SCADA,1,"2019/08/21 07:10:00",RUBICON,0
D,DISPATCH,UNIT_SCADA,1,"2019/08/21 07:10:00",SATGN1,0
D,DISPATCH,UNIT_SCADA,1,"2019/08/21 07:10:00",SATGS1,0
D,DISPATCH,UNIT_SCADA,1,"2019/08/21 07:10:00",STARHLWF,7.497814
D,DISPATCH,UNIT_SCADA,1,"2019/08/21 07:10:00",WAUBRAWF,180.0840
D,DISPATCH,UNIT_SCADA,1,"2019/08/21 07:10:00",WOOLNTH1,33.990017
D,DISPATCH,UNIT_SCADA,1,"2019/08/21 07:10:00",WPWF,16
D,DISPATCH,UNIT_SCADA,1,"2019/08/21 07:10:00",YAMBUKWF,29.299999
D,DISPATCH,UNIT_SCADA,1,"2019/08/21 07:10:00",YSWF1,28.700001
D,DISPATCH,UNIT_SCADA,1,"2019/08/21 07:10:00",AGLHAL,0
D,DISPATCH,UNIT_SCADA,1,"2019/08/21 07:10:00",AGLSOM,0
D,DISPATCH,UNIT_SCADA,1,"2019/08/21 07:10:00",ANGAST1,0
D,DISPATCH,UNIT_SCADA,1,"2019/08/21 07:10:00",ARWF1,105.50
D,DISPATCH,UNIT_SCADA,1,"2019/08/21 07:10:00",BALBG1,0
D,DISPATCH,UNIT_SCADA,1,"2019/08/21 07:10:00",BALBL1,0
D,DISPATCH,UNIT_SCADA,1,"2019/08/21 07:10:00",BALDHWF1,92.8030
D,DISPATCH,UNIT_SCADA,1,"2019/08/21 07:10:00",BANN1,0.12
D,DISPATCH,UNIT_SCADA,1,"2019/08/21 07:10:00",BARCALDN,0
D,DISPATCH,UNIT_SCADA,1,"2019/08/21 07:10:00",BARRON-1,0
D,DISPATCH,UNIT_SCADA,1,"2019/08/21 07:10:00",BARRON-2,25.88
D,DISPATCH,UNIT_SCADA,1,"2019/08/21 07:10:00",BASTYAN,78.55
D,DISPATCH,UNIT_SCADA,1,"2019/08/21 07:10:00",BBTHREE1,-1.92
D,DISPATCH,UNIT_SCADA,1,"2019/08/21 07:10:00",BBTHREE2,-1.94
D,DISPATCH,UNIT_SCADA,1,"2019/08/21 07:10:00",BBTHREE3,-1.05
D,DISPATCH,UNIT_SCADA,1,"2019/08/21 07:10:00",BDL01,42.78
D,DISPATCH,UNIT_SCADA,1,"2019/08/21 07:10:00",BDL02,1.74
D,DISPATCH,UNIT_SCADA,1,"2019/08/21 07:10:00",BERYLSF1,3.341350
D,DISPATCH,UNIT_SCADA,1,"2019/08/21 07:10:00",BLOWERNG,0
D,DISPATCH,UNIT_SCADA,1,"2019/08/21 07:10:00",BLUFF1,33.70
D,DISPATCH,UNIT_SCADA,1,"2019/08/21 07:10:00",BNGSF1,0
D,DISPATCH,UNIT_SCADA,1,"2019/08/21 07:10:00",BNGSF2,0
D,DISPATCH,UNIT_SCADA,1,"2019/08/21 07:10:00",BOCORWF1,91.92
D,DISPATCH,UNIT_SCADA,1,"2019/08/21 07:10:00",BODWF1,65.520590
D,DISPATCH,UNIT_SCADA,1,"2019/08/21 07:10:00",BRAEMAR1,0
D,DISPATCH,UNIT_SCADA,1,"2019/08/21 07:10:00",BRAEMAR2,0
D,DISPATCH,UNIT_SCADA,1,"2019/08/21 07:10:00",BRAEMAR3,0
D,DISPATCH,UNIT_SCADA,1,"2019/08/21 07:10:00",BRAEMAR5,0
D,DISPATCH,UNIT_SCADA,1,"2019/08/21 07:10:00",BRAEMAR6,0
D,DISPATCH,UNIT_SCADA,1,"2019/08/21 07:10:00",BRAEMAR7,0
D,DISPATCH,UNIT_SCADA,1,"2019/08/21 07:10:00",BROKENH1,0
D,DISPATCH,UNIT_SCADA,1,"2019/08/21 07:10:00",BW01,619.949950
D,DISPATCH,UNIT_SCADA,1,"2019/08/21 07:10:00",BW02,623.1250
D,DISPATCH,UNIT_SCADA,1,"2019/08/21 07:10:00",BW03,623.974980
D,DISPATCH,UNIT_SCADA,1,"2019/08/21 07:10:00",BW04,0
D,DISPATCH,UNIT_SCADA,1,"2019/08/21 07:10:00",CALL_B_1,349.700010
D,DISPATCH,UNIT_SCADA,1,"2019/08/21 07:10:00",CALL_B_2,285
D,DISPATCH,UNIT_SCADA,1,"2019/08/21 07:10:00",CETHANA,77.467750
D,DISPATCH,UNIT_SCADA,1,"2019/08/21 07:10:00",CG1,0
D,DISPATCH,UNIT_SCADA,1,"2019/08/21 07:10:00",CG2,0
D,DISPATCH,UNIT_SCADA,1,"2019/08/21 07:10:00",CG3,0
D,DISPATCH,UNIT_SCADA,1,"2019/08/21 07:10:00",CG4,0
D,DISPATCH,UNIT_SCADA,1,"2019/08/21 07:10:00",CHILDSF1,20.29
D,DISPATCH,UNIT_SCADA,1,"2019/08/21 07:10:00",CLARESF1,7.531260
D,DISPATCH,UNIT_SCADA,1,"2019/08/21 07:10:00",CLEMGPWF,1.728840
D,DISPATCH,UNIT_SCADA,1,"2019/08/21 07:10:00",CLERMSF1,8.65
D,DISPATCH,UNIT_SCADA,1,"2019/08/21 07:10:00",COLEASF1,0
D,DISPATCH,UNIT_SCADA,1,"2019/08/21 07:10:00",COOPGWF1,35.854250
D,DISPATCH,UNIT_SCADA,1,"2019/08/21 07:10:00",CPP_3,405.6250
D,DISPATCH,UNIT_SCADA,1,"2019/08/21 07:10:00",CPP_4,405.6250
D,DISPATCH,UNIT_SCADA,1,"2019/08/21 07:10:00",CPSA,142.4350
D,DISPATCH,UNIT_SCADA,1,"2019/08/21 07:10:00",CROOKWF2,91.853740
D,DISPATCH,UNIT_SCADA,1,"2019/08/21 07:10:00",CROWLWF1,37.963780
D,DISPATCH,UNIT_SCADA,1,"2019/08/21 07:10:00",CSPVPS1,3.3990
D,DISPATCH,UNIT_SCADA,1,"2019/08/21 07:10:00",DALNTH01,0
D,DISPATCH,UNIT_SCADA,1,"2019/08/21 07:10:00",DALNTHL1,0.044250
D,DISPATCH,UNIT_SCADA,1,"2019/08/21 07:10:00",DARTM1,132.20
D,DISPATCH,UNIT_SCADA,1,"2019/08/21 07:10:00",DAYDSF1,28.53
D,DISPATCH,UNIT_SCADA,1,"2019/08/21 07:10:00",DDPS1,0
D,DISPATCH,UNIT_SCADA,1,"2019/08/21 07:10:00",DDSF1,18.972670
D,DISPATCH,UNIT_SCADA,1,"2019/08/21 07:10:00",DEVILS_G,61.732840
D,DISPATCH,UNIT_SCADA,1,"2019/08/21 07:10:00",DG_NSW1,0
D,DISPATCH,UNIT_SCADA,1,"2019/08/21 07:10:00",DG_QLD1,0
D,DISPATCH,UNIT_SCADA,1,"2019/08/21 07:10:00",DG_SA1,0
D,DISPATCH,UNIT_SCADA,1,"2019/08/21 07:10:00",DG_TAS1,0
D,DISPATCH,UNIT_SCADA,1,"2019/08/21 07:10:00",DG_VIC1,0
D,DISPATCH,UNIT_SCADA,1,"2019/08/21 07:10:00",DRYCGT1,0
D,DISPATCH,UNIT_SCADA,1,"2019/08/21 07:10:00",DRYCGT2,0
D,DISPATCH,UNIT_SCADA,1,"2019/08/21 07:10:00",DRYCGT3,0
D,DISPATCH,UNIT_SCADA,1,"2019/08/21 07:10:00",EILDON1,0
D,DISPATCH,UNIT_SCADA,1,"2019/08/21 07:10:00",EILDON2,0
D,DISPATCH,UNIT_SCADA,1,"2019/08/21 07:10:00",EMERASF1,11.95
D,DISPATCH,UNIT_SCADA,1,"2019/08/21 07:10:00",ER01,567.50
D,DISPATCH,UNIT_SCADA,1,"2019/08/21 07:10:00",ER02,697.6250
D,DISPATCH,UNIT_SCADA,1,"2019/08/21 07:10:00",ER03,698.074950
D,DISPATCH,UNIT_SCADA,1,"2019/08/21 07:10:00",ER04,694.650020
D,DISPATCH,UNIT_SCADA,1,"2019/08/21 07:10:00",FINLYSF1,0
D,DISPATCH,UNIT_SCADA,1,"2019/08/21 07:10:00",FISHER,45.44
D,DISPATCH,UNIT_SCADA,1,"2019/08/21 07:10:00",GANNBG1,0.001110
D,DISPATCH,UNIT_SCADA,1,"2019/08/21 07:10:00",GANNBL1,0
D,DISPATCH,UNIT_SCADA,1,"2019/08/21 07:10:00",GANNSF1,0.10
D,DISPATCH,UNIT_SCADA,1,"2019/08/21 07:10:00",GORDON,25.770080
D,DISPATCH,UNIT_SCADA,1,"2019/08/21 07:10:00",GSTONE1,206.149990
D,DISPATCH,UNIT_SCADA,1,"2019/08/21 07:10:00",GSTONE2,224.524990
D,DISPATCH,UNIT_SCADA,1,"2019/08/21 07:10:00",GSTONE3,187.774990
D,DISPATCH,UNIT_SCADA,1,"2019/08/21 07:10:00",GSTONE4,203.524990
D,DISPATCH,UNIT_SCADA,1,"2019/08/21 07:10:00",GSTONE5,200.724990
D,DISPATCH,UNIT_SCADA,1,"2019/08/21 07:10:00",GSTONE6,0
D,DISPATCH,UNIT_SCADA,1,"2019/08/21 07:10:00",GULLRSF1,0.491520
D,DISPATCH,UNIT_SCADA,1,"2019/08/21 07:10:00",GULLRWF1,161.254580
D,DISPATCH,UNIT_SCADA,1,"2019/08/21 07:10:00",GUNNING1,46.420660
D,DISPATCH,UNIT_SCADA,1,"2019/08/21 07:10:00",GUTHEGA,0
D,DISPATCH,UNIT_SCADA,1,"2019/08/21 07:10:00",HALLWF1,73.58
D,DISPATCH,UNIT_SCADA,1,"2019/08/21 07:10:00",HALLWF2,52.52
D,DISPATCH,UNIT_SCADA,1,"2019/08/21 07:10:00",HAMISF1,9
D,DISPATCH,UNIT_SCADA,1,"2019/08/21 07:10:00",HAUGHT11,20.497410
D,DISPATCH,UNIT_SCADA,1,"2019/08/21 07:10:00",HAYMSF1,11.0730
D,DISPATCH,UNIT_SCADA,1,"2019/08/21 07:10:00",HDWF1,73.40
D,DISPATCH,UNIT_SCADA,1,"2019/08/21 07:10:00",HDWF2,56.80
D,DISPATCH,UNIT_SCADA,1,"2019/08/21 07:10:00",HDWF3,68.30
D,DISPATCH,UNIT_SCADA,1,"2019/08/21 07:10:00",HPRG1,0
D,DISPATCH,UNIT_SCADA,1,"2019/08/21 07:10:00",HPRL1,0
D,DISPATCH,UNIT_SCADA,1,"2019/08/21 07:10:00",HUMENSW,0
D,DISPATCH,UNIT_SCADA,1,"2019/08/21 07:10:00",HUMEV,7.70
D,DISPATCH,UNIT_SCADA,1,"2019/08/21 07:10:00",HVGTS,0
D,DISPATCH,UNIT_SCADA,1,"2019/08/21 07:10:00",JBUTTERS,53.86
D,DISPATCH,UNIT_SCADA,1,"2019/08/21 07:10:00",JLA01,0.50
D,DISPATCH,UNIT_SCADA,1,"2019/08/21 07:10:00",JLA02,0
D,DISPATCH,UNIT_SCADA,1,"2019/08/21 07:10:00",JLA03,0.10
D,DISPATCH,UNIT_SCADA,1,"2019/08/21 07:10:00",JLA04,0.10
D,DISPATCH,UNIT_SCADA,1,"2019/08/21 07:10:00",JLB01,0
D,DISPATCH,UNIT_SCADA,1,"2019/08/21 07:10:00",JLB02,0.10
D,DISPATCH,UNIT_SCADA,1,"2019/08/21 07:10:00",JLB03,60.80
D,DISPATCH,UNIT_SCADA,1,"2019/08/21 07:10:00",KAREEYA1,21.4350
D,DISPATCH,UNIT_SCADA,1,"2019/08/21 07:10:00",KAREEYA2,21.5050
D,DISPATCH,UNIT_SCADA,1,"2019/08/21 07:10:00",KAREEYA3,0
D,DISPATCH,UNIT_SCADA,1,"2019/08/21 07:10:00",KAREEYA4,21.5750
D,DISPATCH,UNIT_SCADA,1,"2019/08/21 07:10:00",KARSF1,0
D,DISPATCH,UNIT_SCADA,1,"2019/08/21 07:10:00",KIATAWF1,30.80
D,DISPATCH,UNIT_SCADA,1,"2019/08/21 07:10:00",KPP_1,0
D,DISPATCH,UNIT_SCADA,1,"2019/08/21 07:10:00",KSP1,5.42
D,DISPATCH,UNIT_SCADA,1,"2019/08/21 07:10:00",LADBROK1,42.42
D,DISPATCH,UNIT_SCADA,1,"2019/08/21 07:10:00",LADBROK2,43.07
D,DISPATCH,UNIT_SCADA,1,"2019/08/21 07:10:00",LD01,376.650050
D,DISPATCH,UNIT_SCADA,1,"2019/08/21 07:10:00",LD02,378.431210
D,DISPATCH,UNIT_SCADA,1,"2019/08/21 07:10:00",LD03,378.356230
D,DISPATCH,UNIT_SCADA,1,"2019/08/21 07:10:00",LD04,378.393770
D,DISPATCH,UNIT_SCADA,1,"2019/08/21 07:10:00",LEM_WIL,85.351550
D,DISPATCH,UNIT_SCADA,1,"2019/08/21 07:10:00",LGAPWF1,9.52
D,DISPATCH,UNIT_SCADA,1,"2019/08/21 07:10:00",LILYSF1,18.874370
D,DISPATCH,UNIT_SCADA,1,"2019/08/21 07:10:00",LI_WY_CA,147.6674
D,DISPATCH,UNIT_SCADA,1,"2019/08/21 07:10:00",LKBONNY2,137.803620
D,DISPATCH,UNIT_SCADA,1,"2019/08/21 07:10:00",LKBONNY3,33.660680
D,DISPATCH,UNIT_SCADA,1,"2019/08/21 07:10:00",LK_ECHO,0
D,DISPATCH,UNIT_SCADA,1,"2019/08/21 07:10:00",LNGS1,0
D,DISPATCH,UNIT_SCADA,1,"2019/08/21 07:10:00",LNGS2,0
D,DISPATCH,UNIT_SCADA,1,"2019/08/21 07:10:00",LONSDALE,0
D,DISPATCH,UNIT_SCADA,1,"2019/08/21 07:10:00",LOYYB1,531.953190
D,DISPATCH,UNIT_SCADA,1,"2019/08/21 07:10:00",LOYYB2,579.698730
D,DISPATCH,UNIT_SCADA,1,"2019/08/21 07:10:00",LYA1,519
D,DISPATCH,UNIT_SCADA,1,"2019/08/21 07:10:00",LYA2,0
D,DISPATCH,UNIT_SCADA,1,"2019/08/21 07:10:00",LYA3,560
D,DISPATCH,UNIT_SCADA,1,"2019/08/21 07:10:00",LYA4,540
D,DISPATCH,UNIT_SCADA,1,"2019/08/21 07:10:00",MACARTH1,351.791870
D,DISPATCH,UNIT_SCADA,1,"2019/08/21 07:10:00",MACKAYGT,0
D,DISPATCH,UNIT_SCADA,1,"2019/08/21 07:10:00",MACKNTSH,22.87
D,DISPATCH,UNIT_SCADA,1,"2019/08/21 07:10:00",MANSLR1,0
D,DISPATCH,UNIT_SCADA,1,"2019/08/21 07:10:00",MCKAY1,0.02
D,DISPATCH,UNIT_SCADA,1,"2019/08/21 07:10:00",MEADOWBK,33.209960
D,DISPATCH,UNIT_SCADA,1,"2019/08/21 07:10:00",MERCER01,129.9790
D,DISPATCH,UNIT_SCADA,1,"2019/08/21 07:10:00",MEWF1,108.584960
D,DISPATCH,UNIT_SCADA,1,"2019/08/21 07:10:00",MINTARO,0
D,DISPATCH,UNIT_SCADA,1,"2019/08/21 07:10:00",MOREESF1,11.2740
D,DISPATCH,UNIT_SCADA,1,"2019/08/21 07:10:00",MORTLK11,0
D,DISPATCH,UNIT_SCADA,1,"2019/08/21 07:10:00",MORTLK12,0
D,DISPATCH,UNIT_SCADA,1,"2019/08/21 07:10:00",MP1,276.949950
D,DISPATCH,UNIT_SCADA,1,"2019/08/21 07:10:00",MP2,0
D,DISPATCH,UNIT_SCADA,1,"2019/08/21 07:10:00",MPP_1,403
D,DISPATCH,UNIT_SCADA,1,"2019/08/21 07:10:00",MPP_2,435.25
D,DISPATCH,UNIT_SCADA,1,"2019/08/21 07:10:00",MSTUART1,0
D,DISPATCH,UNIT_SCADA,1,"2019/08/21 07:10:00",MSTUART2,0
D,DISPATCH,UNIT_SCADA,1,"2019/08/21 07:10:00",MSTUART3,0
D,DISPATCH,UNIT_SCADA,1,"2019/08/21 07:10:00",MTGELWF1,64.839630
D,DISPATCH,UNIT_SCADA,1,"2019/08/21 07:10:00",MURRAY,0
D,DISPATCH,UNIT_SCADA,1,"2019/08/21 07:10:00",MUSSELR1,163.099990
D,DISPATCH,UNIT_SCADA,1,"2019/08/21 07:10:00",MUWAWF1,55.97
D,DISPATCH,UNIT_SCADA,1,"2019/08/21 07:10:00",NBHWF1,69.899990
D,DISPATCH,UNIT_SCADA,1,"2019/08/21 07:10:00",NPS,0
D,DISPATCH,UNIT_SCADA,1,"2019/08/21 07:10:00",NUMURSF1,0
D,DISPATCH,UNIT_SCADA,1,"2019/08/21 07:10:00",NYNGAN1,4.75
D,DISPATCH,UNIT_SCADA,1,"2019/08/21 07:10:00",OAKEY1,0
D,DISPATCH,UNIT_SCADA,1,"2019/08/21 07:10:00",OAKEY1SF,0.7020
D,DISPATCH,UNIT_SCADA,1,"2019/08/21 07:10:00",OAKEY2,0
D,DISPATCH,UNIT_SCADA,1,"2019/08/21 07:10:00",OAKLAND1,61.20
D,DISPATCH,UNIT_SCADA,1,"2019/08/21 07:10:00",OSB-AG,0
D,DISPATCH,UNIT_SCADA,1,"2019/08/21 07:10:00",PARSF1,0.399990
D,DISPATCH,UNIT_SCADA,1,"2019/08/21 07:10:00",POAT110,0
D,DISPATCH,UNIT_SCADA,1,"2019/08/21 07:10:00",POAT220,67.917760
D,DISPATCH,UNIT_SCADA,1,"2019/08/21 07:10:00",POR01,0
D,DISPATCH,UNIT_SCADA,1,"2019/08/21 07:10:00",POR03,0
D,DISPATCH,UNIT_SCADA,1,"2019/08/21 07:10:00",PPCCGT,172.8811
D,DISPATCH,UNIT_SCADA,1,"2019/08/21 07:10:00",PTSTAN1,0
D,DISPATCH,UNIT_SCADA,1,"2019/08/21 07:10:00",PUMP1,0
D,DISPATCH,UNIT_SCADA,1,"2019/08/21 07:10:00",PUMP2,0
D,DISPATCH,UNIT_SCADA,1,"2019/08/21 07:10:00",QPS1,29
D,DISPATCH,UNIT_SCADA,1,"2019/08/21 07:10:00",QPS2,0
D,DISPATCH,UNIT_SCADA,1,"2019/08/21 07:10:00",QPS3,0
D,DISPATCH,UNIT_SCADA,1,"2019/08/21 07:10:00",QPS4,0
D,DISPATCH,UNIT_SCADA,1,"2019/08/21 07:10:00",QPS5,0
D,DISPATCH,UNIT_SCADA,1,"2019/08/21 07:10:00",REECE1,112.010010
D,DISPATCH,UNIT_SCADA,1,"2019/08/21 07:10:00",REECE2,109.120010
D,DISPATCH,UNIT_SCADA,1,"2019/08/21 07:10:00",ROMA_7,0
D,DISPATCH,UNIT_SCADA,1,"2019/08/21 07:10:00",ROMA_8,0
D,DISPATCH,UNIT_SCADA,1,"2019/08/21 07:10:00",RRSF1,12.0339
D,DISPATCH,UNIT_SCADA,1,"2019/08/21 07:10:00",RT_NSW1,0
D,DISPATCH,UNIT_SCADA,1,"2019/08/21 07:10:00",RT_NSW2,0
D,DISPATCH,UNIT_SCADA,1,"2019/08/21 07:10:00",RT_NSW3,0
D,DISPATCH,UNIT_SCADA,1,"2019/08/21 07:10:00",RT_NSW4,0
D,DISPATCH,UNIT_SCADA,1,"2019/08/21 07:10:00",RT_NSW5,0
D,DISPATCH,UNIT_SCADA,1,"2019/08/21 07:10:00",RT_NSW6,0
D,DISPATCH,UNIT_SCADA,1,"2019/08/21 07:10:00",RT_QLD1,0
D,DISPATCH,UNIT_SCADA,1,"2019/08/21 07:10:00",RT_SA1,0
D,DISPATCH,UNIT_SCADA,1,"2019/08/21 07:10:00",RT_SA2,0
D,DISPATCH,UNIT_SCADA,1,"2019/08/21 07:10:00",RT_SA3,0
D,DISPATCH,UNIT_SCADA,1,"2019/08/21 07:10:00",RT_SA4,0
D,DISPATCH,UNIT_SCADA,1,"2019/08/21 07:10:00",RT_SA5,0
D,DISPATCH,UNIT_SCADA,1,"2019/08/21 07:10:00",RT_SA6,0
D,DISPATCH,UNIT_SCADA,1,"2019/08/21 07:10:00",RT_TAS1,0
D,DISPATCH,UNIT_SCADA,1,"2019/08/21 07:10:00",RT_VIC1,0
D,DISPATCH,UNIT_SCADA,1,"2019/08/21 07:10:00",RT_VIC10,0
D,DISPATCH,UNIT_SCADA,1,"2019/08/21 07:10:00",RT_VIC11,0
D,DISPATCH,UNIT_SCADA,1,"2019/08/21 07:10:00",RT_VIC12,0
D,DISPATCH,UNIT_SCADA,1,"2019/08/21 07:10:00",RT_VIC2,0
D,DISPATCH,UNIT_SCADA,1,"2019/08/21 07:10:00",RT_VIC3,0
D,DISPATCH,UNIT_SCADA,1,"2019/08/21 07:10:00",RT_VIC4,0
D,DISPATCH,UNIT_SCADA,1,"2019/08/21 07:10:00",RT_VIC5,0
D,DISPATCH,UNIT_SCADA,1,"2019/08/21 07:10:00",RT_VIC6,0
D,DISPATCH,UNIT_SCADA,1,"2019/08/21 07:10:00",RT_VIC7,0
D,DISPATCH,UNIT_SCADA,1,"2019/08/21 07:10:00",RT_VIC8,0
D,DISPATCH,UNIT_SCADA,1,"2019/08/21 07:10:00",RT_VIC9,0
D,DISPATCH,UNIT_SCADA,1,"2019/08/21 07:10:00",RUGBYR1,10.765820
D,DISPATCH,UNIT_SCADA,1,"2019/08/21 07:10:00",SALTCRK1,52.04
D,DISPATCH,UNIT_SCADA,1,"2019/08/21 07:10:00",SAPHWF1,154.350010
D,DISPATCH,UNIT_SCADA,1,"2019/08/21 07:10:00",SHGEN,195.578370
D,DISPATCH,UNIT_SCADA,1,"2019/08/21 07:10:00",SHPUMP,0
D,DISPATCH,UNIT_SCADA,1,"2019/08/21 07:10:00",SITHE01,0.194050
D,DISPATCH,UNIT_SCADA,1,"2019/08/21 07:10:00",SMCSF1,7.413030
D,DISPATCH,UNIT_SCADA,1,"2019/08/21 07:10:00",SNOWNTH1,39.30
D,DISPATCH,UNIT_SCADA,1,"2019/08/21 07:10:00",SNOWSTH1,69.90
D,DISPATCH,UNIT_SCADA,1,"2019/08/21 07:10:00",SNOWTWN1,32.819380
D,DISPATCH,UNIT_SCADA,1,"2019/08/21 07:10:00",SNOWYP,0
D,DISPATCH,UNIT_SCADA,1,"2019/08/21 07:10:00",SNUG1,0.019440
D,DISPATCH,UNIT_SCADA,1,"2019/08/21 07:10:00",SRSF1,22.15
D,DISPATCH,UNIT_SCADA,1,"2019/08/21 07:10:00",STAN-1,0
D,DISPATCH,UNIT_SCADA,1,"2019/08/21 07:10:00",STAN-2,344.978270
D,DISPATCH,UNIT_SCADA,1,"2019/08/21 07:10:00",STAN-3,342.235260
D,DISPATCH,UNIT_SCADA,1,"2019/08/21 07:10:00",STAN-4,347.285460
D,DISPATCH,UNIT_SCADA,1,"2019/08/21 07:10:00",STWF1,29.88
D,DISPATCH,UNIT_SCADA,1,"2019/08/21 07:10:00",SWAN_E,0
D,DISPATCH,UNIT_SCADA,1,"2019/08/21 07:10:00",TALWA1,423
D,DISPATCH,UNIT_SCADA,1,"2019/08/21 07:10:00",TARALGA1,79.623750
D,DISPATCH,UNIT_SCADA,1,"2019/08/21 07:10:00",TARONG#1,345.200010
D,DISPATCH,UNIT_SCADA,1,"2019/08/21 07:10:00",TARONG#2,190.80
D,DISPATCH,UNIT_SCADA,1,"2019/08/21 07:10:00",TARONG#3,260.50
D,DISPATCH,UNIT_SCADA,1,"2019/08/21 07:10:00",TARONG#4,350.200010
D,DISPATCH,UNIT_SCADA,1,"2019/08/21 07:10:00",TARRALEA,84.10
D,DISPATCH,UNIT_SCADA,1,"2019/08/21 07:10:00",TBSF1,-0.20
D,DISPATCH,UNIT_SCADA,1,"2019/08/21 07:10:00",TNPS1,442.000030
D,DISPATCH,UNIT_SCADA,1,"2019/08/21 07:10:00",TORRA1,78.869490
D,DISPATCH,UNIT_SCADA,1,"2019/08/21 07:10:00",TORRA2,0
D,DISPATCH,UNIT_SCADA,1,"2019/08/21 07:10:00",TORRA3,0
D,DISPATCH,UNIT_SCADA,1,"2019/08/21 07:10:00",TORRA4,0
D,DISPATCH,UNIT_SCADA,1,"2019/08/21 07:10:00",TORRB1,71.45
D,DISPATCH,UNIT_SCADA,1,"2019/08/21 07:10:00",TORRB2,110.56
D,DISPATCH,UNIT_SCADA,1,"2019/08/21 07:10:00",TORRB3,0
D,DISPATCH,UNIT_SCADA,1,"2019/08/21 07:10:00",TORRB4,0
D,DISPATCH,UNIT_SCADA,1,"2019/08/21 07:10:00",TREVALLN,68.490010
D,DISPATCH,UNIT_SCADA,1,"2019/08/21 07:10:00",TRIBUTE,24.04
D,DISPATCH,UNIT_SCADA,1,"2019/08/21 07:10:00",TUMUT3,512.390010
D,DISPATCH,UNIT_SCADA,1,"2019/08/21 07:10:00",TUNGATIN,129.380040
D,DISPATCH,UNIT_SCADA,1,"2019/08/21 07:10:00",TVCC201,0
D,DISPATCH,UNIT_SCADA,1,"2019/08/21 07:10:00",TVPP104,57.963310
D,DISPATCH,UNIT_SCADA,1,"2019/08/21 07:10:00",UPPTUMUT,0
D,DISPATCH,UNIT_SCADA,1,"2019/08/21 07:10:00",URANQ11,0
D,DISPATCH,UNIT_SCADA,1,"2019/08/21 07:10:00",URANQ12,0
D,DISPATCH,UNIT_SCADA,1,"2019/08/21 07:10:00",URANQ13,0
D,DISPATCH,UNIT_SCADA,1,"2019/08/21 07:10:00",URANQ14,0
D,DISPATCH,UNIT_SCADA,1,"2019/08/21 07:10:00",VP5,629.300050
D,DISPATCH,UNIT_SCADA,1,"2019/08/21 07:10:00",VP6,631.075010
D,DISPATCH,UNIT_SCADA,1,"2019/08/21 07:10:00",VPGS1,0
D,DISPATCH,UNIT_SCADA,1,"2019/08/21 07:10:00",VPGS2,0
D,DISPATCH,UNIT_SCADA,1,"2019/08/21 07:10:00",VPGS3,0
D,DISPATCH,UNIT_SCADA,1,"2019/08/21 07:10:00",VPGS4,0
D,DISPATCH,UNIT_SCADA,1,"2019/08/21 07:10:00",VPGS5,0
D,DISPATCH,UNIT_SCADA,1,"2019/08/21 07:10:00",VPGS6,0
D,DISPATCH,UNIT_SCADA,1,"2019/08/21 07:10:00",W/HOE#1,161.91
D,DISPATCH,UNIT_SCADA,1,"2019/08/21 07:10:00",W/HOE#2,0
D,DISPATCH,UNIT_SCADA,1,"2019/08/21 07:10:00",WATERLWF,98.30
D,DISPATCH,UNIT_SCADA,1,"2019/08/21 07:10:00",WEMENSF1,0
D,DISPATCH,UNIT_SCADA,1,"2019/08/21 07:10:00",WGWF1,59
D,DISPATCH,UNIT_SCADA,1,"2019/08/21 07:10:00",WHITSF1,8.80
D,DISPATCH,UNIT_SCADA,1,"2019/08/21 07:10:00",WKIEWA1,0
D,DISPATCH,UNIT_SCADA,1,"2019/08/21 07:10:00",WKIEWA2,2.60
D,DISPATCH,UNIT_SCADA,1,"2019/08/21 07:10:00",WOODLWN1,44.8020
D,DISPATCH,UNIT_SCADA,1,"2019/08/21 07:10:00",WRSF1,4.10
D,DISPATCH,UNIT_SCADA,1,"2019/08/21 07:10:00",WRWF1,139.61
D,DISPATCH,UNIT_SCADA,1,"2019/08/21 07:10:00",YABULU,0
D,DISPATCH,UNIT_SCADA,1,"2019/08/21 07:10:00",YABULU2,0
D,DISPATCH,UNIT_SCADA,1,"2019/08/21 07:10:00",YARWUN_1,0
D,DISPATCH,UNIT_SCADA,1,"2019/08/21 07:10:00",YENDWF1,42.06
D,DISPATCH,UNIT_SCADA,1,"2019/08/21 07:10:00",YWPS1,364.159480
D,DISPATCH,UNIT_SCADA,1,"2019/08/21 07:10:00",YWPS2,277.189880
D,DISPATCH,UNIT_SCADA,1,"2019/08/21 07:10:00",YWPS3,0
D,DISPATCH,UNIT_SCADA,1,"2019/08/21 07:10:00",YWPS4,393.826570
C,"END OF REPORT",334
