C,NEMP.WORLD,DISPATCHSCADA,AEMO,PUBLIC,2019/09/04,18:00:07,0000000312391871,DISPATCHSCADA,0000000312391865
I,DISPATCH,UNIT_SCADA,1,SETTLEMENTDATE,DUID,SCADAVALUE
D,DISPATCH,UNIT_SCADA,1,"2019/09/04 18:05:00",BARCSF1,0.80
D,DISPATCH,UNIT_SCADA,1,"2019/09/04 18:05:00",BUTLERSG,10.199999
D,DISPATCH,UNIT_SCADA,1,"2019/09/04 18:05:00",CALL_A_4,0
D,DISPATCH,UNIT_SCADA,1,"2019/09/04 18:05:00",CAPTL_WF,15.339996
D,DISPATCH,UNIT_SCADA,1,"2019/09/04 18:05:00",CATHROCK,0
D,DISPATCH,UNIT_SCADA,1,"2019/09/04 18:05:00",CHALLHWF,4.60
D,DISPATCH,UNIT_SCADA,1,"2019/09/04 18:05:00",CLOVER,-0.01
D,DISPATCH,UNIT_SCADA,1,"2019/09/04 18:05:00",CLUNY,12.191806
D,DISPATCH,UNIT_SCADA,1,"2019/09/04 18:05:00",CNUNDAWF,0.400467
D,DISPATCH,UNIT_SCADA,1,"2019/09/04 18:05:00",CULLRGWF,19.120001
D,DISPATCH,UNIT_SCADA,1,"2019/09/04 18:05:00",ERGT01,0
D,DISPATCH,UNIT_SCADA,1,"2019/09/04 18:05:00",GB01,0.012703
D,DISPATCH,UNIT_SCADA,1,"2019/09/04 18:05:00",GERMCRK,37.400002
D,DISPATCH,UNIT_SCADA,1,"2019/09/04 18:05:00",GRIFSF1,0
D,DISPATCH,UNIT_SCADA,1,"2019/09/04 18:05:00",HUGSF1,0.1270
D,DISPATCH,UNIT_SCADA,1,"2019/09/04 18:05:00",LKBONNY1,-0.449338
D,DISPATCH,UNIT_SCADA,1,"2019/09/04 18:05:00",LRSF1,0.1880
D,DISPATCH,UNIT_SCADA,1,"2019/09/04 18:05:00",MBAHNTH,29.4375
D,DISPATCH,UNIT_SCADA,1,"2019/09/04 18:05:00",MLSP1,0.366001
D,DISPATCH,UNIT_SCADA,1,"2019/09/04 18:05:00",MLWF1,0.06
D,DISPATCH,UNIT_SCADA,1,"2019/09/04 18:05:00",MTMILLAR,0.014883
D,DISPATCH,UNIT_SCADA,1,"2019/09/04 18:05:00",PALOONA,24.309999
D,DISPATCH,UNIT_SCADA,1,"2019/09/04 18:05:00",PIONEER,41.900002
D,DISPATCH,UNIT_SCADA,1,"2019/09/04 18:05:00",PORTWF,0
D,DISPATCH,UNIT_SCADA,1,"2019/09/04 18:05:00",REPULSE,20.224308
D,DISPATCH,UNIT_SCADA,1,"2019/09/04 18:05:00",ROWALLAN,10.4157
D,DISPATCH,UNIT_SCADA,1,"2019/09/04 18:05:00",ROYALLA1,0
D,DISPATCH,UNIT_SCADA,1,"2019/09/04 18:05:00",RPCG,-1.80
D,DISPATCH,UNIT_SCADA,1,"2019/09/04 18:05:00",RUBICON,0
D,DISPATCH,UNIT_SCADA,1,"2019/09/04 18:05:00",SATGN1,5.18
D,DISPATCH,UNIT_SCADA,1,"2019/09/04 18:05:00",SATGS1,33.640003
D,DISPATCH,UNIT_SCADA,1,"2019/09/04 18:05:00",STARHLWF,-0.099971
D,DISPATCH,UNIT_SCADA,1,"2019/09/04 18:05:00",WAUBRAWF,17.058001
D,DISPATCH,UNIT_SCADA,1,"2019/09/04 18:05:00",WOOLNTH1,50.150017
D,DISPATCH,UNIT_SCADA,1,"2019/09/04 18:05:00",WPWF,0
D,DISPATCH,UNIT_SCADA,1,"2019/09/04 18:05:00",YAMBUKWF,0.50
D,DISPATCH,UNIT_SCADA,1,"2019/09/04 18:05:00",YSWF1,2.80
D,DISPATCH,UNIT_SCADA,1,"2019/09/04 18:05:00",AGLHAL,0
D,DISPATCH,UNIT_SCADA,1,"2019/09/04 18:05:00",AGLSOM,118.899990
D,DISPATCH,UNIT_SCADA,1,"2019/09/04 18:05:00",ANGAST1,0
D,DISPATCH,UNIT_SCADA,1,"2019/09/04 18:05:00",ARWF1,24
D,DISPATCH,UNIT_SCADA,1,"2019/09/04 18:05:00",BALBG1,0.13
D,DISPATCH,UNIT_SCADA,1,"2019/09/04 18:05:00",BALBL1,0
D,DISPATCH,UNIT_SCADA,1,"2019/09/04 18:05:00",BALDHWF1,16.3040
D,DISPATCH,UNIT_SCADA,1,"2019/09/04 18:05:00",BANN1,0.54
D,DISPATCH,UNIT_SCADA,1,"2019/09/04 18:05:00",BARCALDN,0
D,DISPATCH,UNIT_SCADA,1,"2019/09/04 18:05:00",BARRON-1,32.12
D,DISPATCH,UNIT_SCADA,1,"2019/09/04 18:05:00",BARRON-2,0
D,DISPATCH,UNIT_SCADA,1,"2019/09/04 18:05:00",BASTYAN,80.390010
D,DISPATCH,UNIT_SCADA,1,"2019/09/04 18:05:00",BBTHREE1,0
D,DISPATCH,UNIT_SCADA,1,"2019/09/04 18:05:00",BBTHREE2,0
D,DISPATCH,UNIT_SCADA,1,"2019/09/04 18:05:00",BBTHREE3,0
D,DISPATCH,UNIT_SCADA,1,"2019/09/04 18:05:00",BDL01,43.68
D,DISPATCH,UNIT_SCADA,1,"2019/09/04 18:05:00",BDL02,43.68
D,DISPATCH,UNIT_SCADA,1,"2019/09/04 18:05:00",BERYLSF1,0
D,DISPATCH,UNIT_SCADA,1,"2019/09/04 18:05:00",BLOWERNG,11.10
D,DISPATCH,UNIT_SCADA,1,"2019/09/04 18:05:00",BLUFF1,1.50
D,DISPATCH,UNIT_SCADA,1,"2019/09/04 18:05:00",BNGSF1,3.28
D,DISPATCH,UNIT_SCADA,1,"2019/09/04 18:05:00",BNGSF2,1.33
D,DISPATCH,UNIT_SCADA,1,"2019/09/04 18:05:00",BOCORWF1,38.93
D,DISPATCH,UNIT_SCADA,1,"2019/09/04 18:05:00",BODWF1,75.509030
D,DISPATCH,UNIT_SCADA,1,"2019/09/04 18:05:00",BRAEMAR1,157.80
D,DISPATCH,UNIT_SCADA,1,"2019/09/04 18:05:00",BRAEMAR2,0
D,DISPATCH,UNIT_SCADA,1,"2019/09/04 18:05:00",BRAEMAR3,172.80
D,DISPATCH,UNIT_SCADA,1,"2019/09/04 18:05:00",BRAEMAR5,159.796550
D,DISPATCH,UNIT_SCADA,1,"2019/09/04 18:05:00",BRAEMAR6,0
D,DISPATCH,UNIT_SCADA,1,"2019/09/04 18:05:00",BRAEMAR7,0
D,DISPATCH,UNIT_SCADA,1,"2019/09/04 18:05:00",BROKENH1,2.047360
D,DISPATCH,UNIT_SCADA,1,"2019/09/04 18:05:00",BW01,656.674930
D,DISPATCH,UNIT_SCADA,1,"2019/09/04 18:05:00",BW02,645.599980
D,DISPATCH,UNIT_SCADA,1,"2019/09/04 18:05:00",BW03,623.925050
D,DISPATCH,UNIT_SCADA,1,"2019/09/04 18:05:00",BW04,0
D,DISPATCH,UNIT_SCADA,1,"2019/09/04 18:05:00",CALL_B_1,155.80
D,DISPATCH,UNIT_SCADA,1,"2019/09/04 18:05:00",CALL_B_2,155.400010
D,DISPATCH,UNIT_SCADA,1,"2019/09/04 18:05:00",CETHANA,81.299750
D,DISPATCH,UNIT_SCADA,1,"2019/09/04 18:05:00",CG1,0
D,DISPATCH,UNIT_SCADA,1,"2019/09/04 18:05:00",CG2,0
D,DISPATCH,UNIT_SCADA,1,"2019/09/04 18:05:00",CG3,0
D,DISPATCH,UNIT_SCADA,1,"2019/09/04 18:05:00",CG4,0
D,DISPATCH,UNIT_SCADA,1,"2019/09/04 18:05:00",CHILDSF1,0
D,DISPATCH,UNIT_SCADA,1,"2019/09/04 18:05:00",CLARESF1,0
D,DISPATCH,UNIT_SCADA,1,"2019/09/04 18:05:00",CLEMGPWF,6.843330
D,DISPATCH,UNIT_SCADA,1,"2019/09/04 18:05:00",CLERMSF1,0.18
D,DISPATCH,UNIT_SCADA,1,"2019/09/04 18:05:00",COLEASF1,0
D,DISPATCH,UNIT_SCADA,1,"2019/09/04 18:05:00",COOPGWF1,25.850090
D,DISPATCH,UNIT_SCADA,1,"2019/09/04 18:05:00",CPP_3,404.524990
D,DISPATCH,UNIT_SCADA,1,"2019/09/04 18:05:00",CPP_4,265.649990
D,DISPATCH,UNIT_SCADA,1,"2019/09/04 18:05:00",CPSA,141.1925
D,DISPATCH,UNIT_SCADA,1,"2019/09/04 18:05:00",CROOKWF2,72.9550
D,DISPATCH,UNIT_SCADA,1,"2019/09/04 18:05:00",CROWLWF1,11.941380
D,DISPATCH,UNIT_SCADA,1,"2019/09/04 18:05:00",CSPVPS1,0.1560
D,DISPATCH,UNIT_SCADA,1,"2019/09/04 18:05:00",DALNTH01,1.988250
D,DISPATCH,UNIT_SCADA,1,"2019/09/04 18:05:00",DALNTHL1,0
D,DISPATCH,UNIT_SCADA,1,"2019/09/04 18:05:00",DARTM1,132
D,DISPATCH,UNIT_SCADA,1,"2019/09/04 18:05:00",DAYDSF1,0
D,DISPATCH,UNIT_SCADA,1,"2019/09/04 18:05:00",DDPS1,402.776150
D,DISPATCH,UNIT_SCADA,1,"2019/09/04 18:05:00",DDSF1,0
D,DISPATCH,UNIT_SCADA,1,"2019/09/04 18:05:00",DEVILS_G,57.5042
D,DISPATCH,UNIT_SCADA,1,"2019/09/04 18:05:00",DG_NSW1,0
D,DISPATCH,UNIT_SCADA,1,"2019/09/04 18:05:00",DG_QLD1,0
D,DISPATCH,UNIT_SCADA,1,"2019/09/04 18:05:00",DG_SA1,0
D,DISPATCH,UNIT_SCADA,1,"2019/09/04 18:05:00",DG_TAS1,0
D,DISPATCH,UNIT_SCADA,1,"2019/09/04 18:05:00",DG_VIC1,0
D,DISPATCH,UNIT_SCADA,1,"2019/09/04 18:05:00",DRYCGT1,0
D,DISPATCH,UNIT_SCADA,1,"2019/09/04 18:05:00",DRYCGT2,0
D,DISPATCH,UNIT_SCADA,1,"2019/09/04 18:05:00",DRYCGT3,0
D,DISPATCH,UNIT_SCADA,1,"2019/09/04 18:05:00",EILDON1,0
D,DISPATCH,UNIT_SCADA,1,"2019/09/04 18:05:00",EILDON2,0
D,DISPATCH,UNIT_SCADA,1,"2019/09/04 18:05:00",EMERASF1,0
D,DISPATCH,UNIT_SCADA,1,"2019/09/04 18:05:00",ER01,593.099980
D,DISPATCH,UNIT_SCADA,1,"2019/09/04 18:05:00",ER02,700.574950
D,DISPATCH,UNIT_SCADA,1,"2019/09/04 18:05:00",ER03,0
D,DISPATCH,UNIT_SCADA,1,"2019/09/04 18:05:00",ER04,700.599980
D,DISPATCH,UNIT_SCADA,1,"2019/09/04 18:05:00",FINLYSF1,0
D,DISPATCH,UNIT_SCADA,1,"2019/09/04 18:05:00",FISHER,46.02
D,DISPATCH,UNIT_SCADA,1,"2019/09/04 18:05:00",GANNBG1,24.3630
D,DISPATCH,UNIT_SCADA,1,"2019/09/04 18:05:00",GANNBL1,0
D,DISPATCH,UNIT_SCADA,1,"2019/09/04 18:05:00",GANNSF1,0
D,DISPATCH,UNIT_SCADA,1,"2019/09/04 18:05:00",GORDON,23.057440
D,DISPATCH,UNIT_SCADA,1,"2019/09/04 18:05:00",GSTONE1,252.524990
D,DISPATCH,UNIT_SCADA,1,"2019/09/04 18:05:00",GSTONE2,229.4250
D,DISPATCH,UNIT_SCADA,1,"2019/09/04 18:05:00",GSTONE3,0
D,DISPATCH,UNIT_SCADA,1,"2019/09/04 18:05:00",GSTONE4,265.824980
D,DISPATCH,UNIT_SCADA,1,"2019/09/04 18:05:00",GSTONE5,254.6250
D,DISPATCH,UNIT_SCADA,1,"2019/09/04 18:05:00",GSTONE6,250.774990
D,DISPATCH,UNIT_SCADA,1,"2019/09/04 18:05:00",GULLRSF1,0
D,DISPATCH,UNIT_SCADA,1,"2019/09/04 18:05:00",GULLRWF1,84.8461
D,DISPATCH,UNIT_SCADA,1,"2019/09/04 18:05:00",GUNNING1,15.3865
D,DISPATCH,UNIT_SCADA,1,"2019/09/04 18:05:00",GUTHEGA,31
D,DISPATCH,UNIT_SCADA,1,"2019/09/04 18:05:00",HALLWF1,6.24
D,DISPATCH,UNIT_SCADA,1,"2019/09/04 18:05:00",HALLWF2,12.08
D,DISPATCH,UNIT_SCADA,1,"2019/09/04 18:05:00",HAMISF1,0
D,DISPATCH,UNIT_SCADA,1,"2019/09/04 18:05:00",HAUGHT11,0
D,DISPATCH,UNIT_SCADA,1,"2019/09/04 18:05:00",HAYMSF1,0
D,DISPATCH,UNIT_SCADA,1,"2019/09/04 18:05:00",HDWF1,13.20
D,DISPATCH,UNIT_SCADA,1,"2019/09/04 18:05:00",HDWF2,17.10
D,DISPATCH,UNIT_SCADA,1,"2019/09/04 18:05:00",HDWF3,13.60
D,DISPATCH,UNIT_SCADA,1,"2019/09/04 18:05:00",HPRG1,0
D,DISPATCH,UNIT_SCADA,1,"2019/09/04 18:05:00",HPRL1,22.70
D,DISPATCH,UNIT_SCADA,1,"2019/09/04 18:05:00",HUMENSW,0
D,DISPATCH,UNIT_SCADA,1,"2019/09/04 18:05:00",HUMEV,25.20
D,DISPATCH,UNIT_SCADA,1,"2019/09/04 18:05:00",HVGTS,0
D,DISPATCH,UNIT_SCADA,1,"2019/09/04 18:05:00",JBUTTERS,114.16
D,DISPATCH,UNIT_SCADA,1,"2019/09/04 18:05:00",JLA01,52.50
D,DISPATCH,UNIT_SCADA,1,"2019/09/04 18:05:00",JLA02,54.20
D,DISPATCH,UNIT_SCADA,1,"2019/09/04 18:05:00",JLA03,0
D,DISPATCH,UNIT_SCADA,1,"2019/09/04 18:05:00",JLA04,0
D,DISPATCH,UNIT_SCADA,1,"2019/09/04 18:05:00",JLB01,0
D,DISPATCH,UNIT_SCADA,1,"2019/09/04 18:05:00",JLB02,83.50
D,DISPATCH,UNIT_SCADA,1,"2019/09/04 18:05:00",JLB03,83.70
D,DISPATCH,UNIT_SCADA,1,"2019/09/04 18:05:00",KAREEYA1,21.4825
D,DISPATCH,UNIT_SCADA,1,"2019/09/04 18:05:00",KAREEYA2,21.6525
D,DISPATCH,UNIT_SCADA,1,"2019/09/04 18:05:00",KAREEYA3,0
D,DISPATCH,UNIT_SCADA,1,"2019/09/04 18:05:00",KAREEYA4,21.6775
D,DISPATCH,UNIT_SCADA,1,"2019/09/04 18:05:00",KARSF1,1.40
D,DISPATCH,UNIT_SCADA,1,"2019/09/04 18:05:00",KIATAWF1,1.60
D,DISPATCH,UNIT_SCADA,1,"2019/09/04 18:05:00",KPP_1,0
D,DISPATCH,UNIT_SCADA,1,"2019/09/04 18:05:00",KSP1,3.01
D,DISPATCH,UNIT_SCADA,1,"2019/09/04 18:05:00",LADBROK1,40.97
D,DISPATCH,UNIT_SCADA,1,"2019/09/04 18:05:00",LADBROK2,41.59
D,DISPATCH,UNIT_SCADA,1,"2019/09/04 18:05:00",LD01,422.156250
D,DISPATCH,UNIT_SCADA,1,"2019/09/04 18:05:00",LD02,401.324980
D,DISPATCH,UNIT_SCADA,1,"2019/09/04 18:05:00",LD03,420.1875
D,DISPATCH,UNIT_SCADA,1,"2019/09/04 18:05:00",LD04,383.3063
D,DISPATCH,UNIT_SCADA,1,"2019/09/04 18:05:00",LEM_WIL,85.213450
D,DISPATCH,UNIT_SCADA,1,"2019/09/04 18:05:00",LGAPWF1,26.32
D,DISPATCH,UNIT_SCADA,1,"2019/09/04 18:05:00",LILYSF1,0
D,DISPATCH,UNIT_SCADA,1,"2019/09/04 18:05:00",LI_WY_CA,121.645170
D,DISPATCH,UNIT_SCADA,1,"2019/09/04 18:05:00",LKBONNY2,-1.0206
D,DISPATCH,UNIT_SCADA,1,"2019/09/04 18:05:00",LKBONNY3,-0.225030
D,DISPATCH,UNIT_SCADA,1,"2019/09/04 18:05:00",LK_ECHO,0
D,DISPATCH,UNIT_SCADA,1,"2019/09/04 18:05:00",LNGS1,0
D,DISPATCH,UNIT_SCADA,1,"2019/09/04 18:05:00",LNGS2,0
D,DISPATCH,UNIT_SCADA,1,"2019/09/04 18:05:00",LONSDALE,0
D,DISPATCH,UNIT_SCADA,1,"2019/09/04 18:05:00",LOYYB1,533.080990
D,DISPATCH,UNIT_SCADA,1,"2019/09/04 18:05:00",LOYYB2,583.082280
D,DISPATCH,UNIT_SCADA,1,"2019/09/04 18:05:00",LYA1,0
D,DISPATCH,UNIT_SCADA,1,"2019/09/04 18:05:00",LYA2,0
D,DISPATCH,UNIT_SCADA,1,"2019/09/04 18:05:00",LYA3,558
D,DISPATCH,UNIT_SCADA,1,"2019/09/04 18:05:00",LYA4,539
D,DISPATCH,UNIT_SCADA,1,"2019/09/04 18:05:00",MACARTH1,0
D,DISPATCH,UNIT_SCADA,1,"2019/09/04 18:05:00",MACKAYGT,0.2240
D,DISPATCH,UNIT_SCADA,1,"2019/09/04 18:05:00",MACKNTSH,89.110010
D,DISPATCH,UNIT_SCADA,1,"2019/09/04 18:05:00",MANSLR1,0
D,DISPATCH,UNIT_SCADA,1,"2019/09/04 18:05:00",MCKAY1,252.414990
D,DISPATCH,UNIT_SCADA,1,"2019/09/04 18:05:00",MEADOWBK,25.178980
D,DISPATCH,UNIT_SCADA,1,"2019/09/04 18:05:00",MERCER01,4.5540
D,DISPATCH,UNIT_SCADA,1,"2019/09/04 18:05:00",MEWF1,14.324220
D,DISPATCH,UNIT_SCADA,1,"2019/09/04 18:05:00",MINTARO,0
D,DISPATCH,UNIT_SCADA,1,"2019/09/04 18:05:00",MOREESF1,0
D,DISPATCH,UNIT_SCADA,1,"2019/09/04 18:05:00",MORTLK11,260
D,DISPATCH,UNIT_SCADA,1,"2019/09/04 18:05:00",MORTLK12,0
D,DISPATCH,UNIT_SCADA,1,"2019/09/04 18:05:00",MP1,259.550050
D,DISPATCH,UNIT_SCADA,1,"2019/09/04 18:05:00",MP2,0
D,DISPATCH,UNIT_SCADA,1,"2019/09/04 18:05:00",MPP_1,430.75
D,DISPATCH,UNIT_SCADA,1,"2019/09/04 18:05:00",MPP_2,410.50
D,DISPATCH,UNIT_SCADA,1,"2019/09/04 18:05:00",MSTUART1,0
D,DISPATCH,UNIT_SCADA,1,"2019/09/04 18:05:00",MSTUART2,0
D,DISPATCH,UNIT_SCADA,1,"2019/09/04 18:05:00",MSTUART3,0
D,DISPATCH,UNIT_SCADA,1,"2019/09/04 18:05:00",MTGELWF1,-0.080870
D,DISPATCH,UNIT_SCADA,1,"2019/09/04 18:05:00",MURRAY,491.106780
D,DISPATCH,UNIT_SCADA,1,"2019/09/04 18:05:00",MUSSELR1,166.50
D,DISPATCH,UNIT_SCADA,1,"2019/09/04 18:05:00",MUWAWF1,4.44
D,DISPATCH,UNIT_SCADA,1,"2019/09/04 18:05:00",NBHWF1,12
D,DISPATCH,UNIT_SCADA,1,"2019/09/04 18:05:00",NPS,301.8750
D,DISPATCH,UNIT_SCADA,1,"2019/09/04 18:05:00",NUMURSF1,0
D,DISPATCH,UNIT_SCADA,1,"2019/09/04 18:05:00",NYNGAN1,0
D,DISPATCH,UNIT_SCADA,1,"2019/09/04 18:05:00",OAKEY1,0
D,DISPATCH,UNIT_SCADA,1,"2019/09/04 18:05:00",OAKEY1SF,0.03
D,DISPATCH,UNIT_SCADA,1,"2019/09/04 18:05:00",OAKEY2,0
D,DISPATCH,UNIT_SCADA,1,"2019/09/04 18:05:00",OAKEY2SF,0
D,DISPATCH,UNIT_SCADA,1,"2019/09/04 18:05:00",OAKLAND1,2.70
D,DISPATCH,UNIT_SCADA,1,"2019/09/04 18:05:00",OSB-AG,178.459990
D,DISPATCH,UNIT_SCADA,1,"2019/09/04 18:05:00",PARSF1,0
D,DISPATCH,UNIT_SCADA,1,"2019/09/04 18:05:00",POAT110,0
D,DISPATCH,UNIT_SCADA,1,"2019/09/04 18:05:00",POAT220,0.63
D,DISPATCH,UNIT_SCADA,1,"2019/09/04 18:05:00",POR01,0
D,DISPATCH,UNIT_SCADA,1,"2019/09/04 18:05:00",POR03,0
D,DISPATCH,UNIT_SCADA,1,"2019/09/04 18:05:00",PPCCGT,481.589260
D,DISPATCH,UNIT_SCADA,1,"2019/09/04 18:05:00",PTSTAN1,0
D,DISPATCH,UNIT_SCADA,1,"2019/09/04 18:05:00",PUMP1,0
D,DISPATCH,UNIT_SCADA,1,"2019/09/04 18:05:00",PUMP2,0
D,DISPATCH,UNIT_SCADA,1,"2019/09/04 18:05:00",QPS1,29
D,DISPATCH,UNIT_SCADA,1,"2019/09/04 18:05:00",QPS2,22.80
D,DISPATCH,UNIT_SCADA,1,"2019/09/04 18:05:00",QPS3,22.50
D,DISPATCH,UNIT_SCADA,1,"2019/09/04 18:05:00",QPS4,22.80
D,DISPATCH,UNIT_SCADA,1,"2019/09/04 18:05:00",QPS5,122.19
D,DISPATCH,UNIT_SCADA,1,"2019/09/04 18:05:00",REECE1,101.88
D,DISPATCH,UNIT_SCADA,1,"2019/09/04 18:05:00",REECE2,112.050010
D,DISPATCH,UNIT_SCADA,1,"2019/09/04 18:05:00",ROMA_7,0
D,DISPATCH,UNIT_SCADA,1,"2019/09/04 18:05:00",ROMA_8,0
D,DISPATCH,UNIT_SCADA,1,"2019/09/04 18:05:00",RRSF1,0
D,DISPATCH,UNIT_SCADA,1,"2019/09/04 18:05:00",RT_NSW1,0
D,DISPATCH,UNIT_SCADA,1,"2019/09/04 18:05:00",RT_NSW2,0
D,DISPATCH,UNIT_SCADA,1,"2019/09/04 18:05:00",RT_NSW3,0
D,DISPATCH,UNIT_SCADA,1,"2019/09/04 18:05:00",RT_NSW4,0
D,DISPATCH,UNIT_SCADA,1,"2019/09/04 18:05:00",RT_NSW5,0
D,DISPATCH,UNIT_SCADA,1,"2019/09/04 18:05:00",RT_NSW6,0
D,DISPATCH,UNIT_SCADA,1,"2019/09/04 18:05:00",RT_QLD1,0
D,DISPATCH,UNIT_SCADA,1,"2019/09/04 18:05:00",RT_SA1,0
D,DISPATCH,UNIT_SCADA,1,"2019/09/04 18:05:00",RT_SA2,0
D,DISPATCH,UNIT_SCADA,1,"2019/09/04 18:05:00",RT_SA3,0
D,DISPATCH,UNIT_SCADA,1,"2019/09/04 18:05:00",RT_SA4,0
D,DISPATCH,UNIT_SCADA,1,"2019/09/04 18:05:00",RT_SA5,0
D,DISPATCH,UNIT_SCADA,1,"2019/09/04 18:05:00",RT_SA6,0
D,DISPATCH,UNIT_SCADA,1,"2019/09/04 18:05:00",RT_TAS1,0
D,DISPATCH,UNIT_SCADA,1,"2019/09/04 18:05:00",RT_VIC1,0
D,DISPATCH,UNIT_SCADA,1,"2019/09/04 18:05:00",RT_VIC10,0
D,DISPATCH,UNIT_SCADA,1,"2019/09/04 18:05:00",RT_VIC11,0
D,DISPATCH,UNIT_SCADA,1,"2019/09/04 18:05:00",RT_VIC12,0
D,DISPATCH,UNIT_SCADA,1,"2019/09/04 18:05:00",RT_VIC2,0
D,DISPATCH,UNIT_SCADA,1,"2019/09/04 18:05:00",RT_VIC3,0
D,DISPATCH,UNIT_SCADA,1,"2019/09/04 18:05:00",RT_VIC4,0
D,DISPATCH,UNIT_SCADA,1,"2019/09/04 18:05:00",RT_VIC5,0
D,DISPATCH,UNIT_SCADA,1,"2019/09/04 18:05:00",RT_VIC6,0
D,DISPATCH,UNIT_SCADA,1,"2019/09/04 18:05:00",RT_VIC7,0
D,DISPATCH,UNIT_SCADA,1,"2019/09/04 18:05:00",RT_VIC8,0
D,DISPATCH,UNIT_SCADA,1,"2019/09/04 18:05:00",RT_VIC9,0
D,DISPATCH,UNIT_SCADA,1,"2019/09/04 18:05:00",RUGBYR1,0
D,DISPATCH,UNIT_SCADA,1,"2019/09/04 18:05:00",SALTCRK1,1.61
D,DISPATCH,UNIT_SCADA,1,"2019/09/04 18:05:00",SAPHWF1,84.468720
D,DISPATCH,UNIT_SCADA,1,"2019/09/04 18:05:00",SHGEN,157.327590
D,DISPATCH,UNIT_SCADA,1,"2019/09/04 18:05:00",SHPUMP,0
D,DISPATCH,UNIT_SCADA,1,"2019/09/04 18:05:00",SITHE01,114.077870
D,DISPATCH,UNIT_SCADA,1,"2019/09/04 18:05:00",SMCSF1,0
D,DISPATCH,UNIT_SCADA,1,"2019/09/04 18:05:00",SNOWNTH1,4.40
D,DISPATCH,UNIT_SCADA,1,"2019/09/04 18:05:00",SNOWSTH1,0
D,DISPATCH,UNIT_SCADA,1,"2019/09/04 18:05:00",SNOWTWN1,0.101690
D,DISPATCH,UNIT_SCADA,1,"2019/09/04 18:05:00",SNOWYP,0
D,DISPATCH,UNIT_SCADA,1,"2019/09/04 18:05:00",SNUG1,0.019440
D,DISPATCH,UNIT_SCADA,1,"2019/09/04 18:05:00",SRSF1,0.06
D,DISPATCH,UNIT_SCADA,1,"2019/09/04 18:05:00",STAN-1,217.646240
D,DISPATCH,UNIT_SCADA,1,"2019/09/04 18:05:00",STAN-2,356.962920
D,DISPATCH,UNIT_SCADA,1,"2019/09/04 18:05:00",STAN-3,354.937710
D,DISPATCH,UNIT_SCADA,1,"2019/09/04 18:05:00",STAN-4,363.217990
D,DISPATCH,UNIT_SCADA,1,"2019/09/04 18:05:00",STWF1,12.78
D,DISPATCH,UNIT_SCADA,1,"2019/09/04 18:05:00",SWAN_E,0
D,DISPATCH,UNIT_SCADA,1,"2019/09/04 18:05:00",TALWA1,436
D,DISPATCH,UNIT_SCADA,1,"2019/09/04 18:05:00",TARALGA1,38.10
D,DISPATCH,UNIT_SCADA,1,"2019/09/04 18:05:00",TARONG#1,343
D,DISPATCH,UNIT_SCADA,1,"2019/09/04 18:05:00",TARONG#2,0
D,DISPATCH,UNIT_SCADA,1,"2019/09/04 18:05:00",TARONG#3,350.300020
D,DISPATCH,UNIT_SCADA,1,"2019/09/04 18:05:00",TARONG#4,349.399990
D,DISPATCH,UNIT_SCADA,1,"2019/09/04 18:05:00",TARRALEA,71.10
D,DISPATCH,UNIT_SCADA,1,"2019/09/04 18:05:00",TBSF1,0.40
D,DISPATCH,UNIT_SCADA,1,"2019/09/04 18:05:00",TNPS1,380.500030
D,DISPATCH,UNIT_SCADA,1,"2019/09/04 18:05:00",TORRA1,108.614830
D,DISPATCH,UNIT_SCADA,1,"2019/09/04 18:05:00",TORRA2,0
D,DISPATCH,UNIT_SCADA,1,"2019/09/04 18:05:00",TORRA3,0
D,DISPATCH,UNIT_SCADA,1,"2019/09/04 18:05:00",TORRA4,89.740260
D,DISPATCH,UNIT_SCADA,1,"2019/09/04 18:05:00",TORRB1,176.81
D,DISPATCH,UNIT_SCADA,1,"2019/09/04 18:05:00",TORRB2,182.52
D,DISPATCH,UNIT_SCADA,1,"2019/09/04 18:05:00",TORRB3,180.66
D,DISPATCH,UNIT_SCADA,1,"2019/09/04 18:05:00",TORRB4,0
D,DISPATCH,UNIT_SCADA,1,"2019/09/04 18:05:00",TREVALLN,44.310010
D,DISPATCH,UNIT_SCADA,1,"2019/09/04 18:05:00",TRIBUTE,0
D,DISPATCH,UNIT_SCADA,1,"2019/09/04 18:05:00",TUMUT3,126.20
D,DISPATCH,UNIT_SCADA,1,"2019/09/04 18:05:00",TUNGATIN,113.030030
D,DISPATCH,UNIT_SCADA,1,"2019/09/04 18:05:00",TVCC201,0
D,DISPATCH,UNIT_SCADA,1,"2019/09/04 18:05:00",TVPP104,0
D,DISPATCH,UNIT_SCADA,1,"2019/09/04 18:05:00",UPPTUMUT,551.808530
D,DISPATCH,UNIT_SCADA,1,"2019/09/04 18:05:00",URANQ11,160.306240
D,DISPATCH,UNIT_SCADA,1,"2019/09/04 18:05:00",URANQ12,162.493740
D,DISPATCH,UNIT_SCADA,1,"2019/09/04 18:05:00",URANQ13,165.774990
D,DISPATCH,UNIT_SCADA,1,"2019/09/04 18:05:00",URANQ14,0
D,DISPATCH,UNIT_SCADA,1,"2019/09/04 18:05:00",VP5,631.8750
D,DISPATCH,UNIT_SCADA,1,"2019/09/04 18:05:00",VP6,0
D,DISPATCH,UNIT_SCADA,1,"2019/09/04 18:05:00",VPGS1,0
D,DISPATCH,UNIT_SCADA,1,"2019/09/04 18:05:00",VPGS2,0
D,DISPATCH,UNIT_SCADA,1,"2019/09/04 18:05:00",VPGS3,0
D,DISPATCH,UNIT_SCADA,1,"2019/09/04 18:05:00",VPGS4,0
D,DISPATCH,UNIT_SCADA,1,"2019/09/04 18:05:00",VPGS5,0
D,DISPATCH,UNIT_SCADA,1,"2019/09/04 18:05:00",VPGS6,0
D,DISPATCH,UNIT_SCADA,1,"2019/09/04 18:05:00",W/HOE#1,286.350010
D,DISPATCH,UNIT_SCADA,1,"2019/09/04 18:05:00",W/HOE#2,0
D,DISPATCH,UNIT_SCADA,1,"2019/09/04 18:05:00",WATERLWF,13.10
D,DISPATCH,UNIT_SCADA,1,"2019/09/04 18:05:00",WEMENSF1,0.50
D,DISPATCH,UNIT_SCADA,1,"2019/09/04 18:05:00",WGWF1,13
D,DISPATCH,UNIT_SCADA,1,"2019/09/04 18:05:00",WHITSF1,0
D,DISPATCH,UNIT_SCADA,1,"2019/09/04 18:05:00",WKIEWA1,30.40
D,DISPATCH,UNIT_SCADA,1,"2019/09/04 18:05:00",WKIEWA2,30.60
D,DISPATCH,UNIT_SCADA,1,"2019/09/04 18:05:00",WOODLWN1,3.717010
D,DISPATCH,UNIT_SCADA,1,"2019/09/04 18:05:00",WRSF1,0
D,DISPATCH,UNIT_SCADA,1,"2019/09/04 18:05:00",WRWF1,46.4075
D,DISPATCH,UNIT_SCADA,1,"2019/09/04 18:05:00",YABULU,158.760010
D,DISPATCH,UNIT_SCADA,1,"2019/09/04 18:05:00",YABULU2,0
D,DISPATCH,UNIT_SCADA,1,"2019/09/04 18:05:00",YARWUN_1,157.33
D,DISPATCH,UNIT_SCADA,1,"2019/09/04 18:05:00",YENDWF1,7.31
D,DISPATCH,UNIT_SCADA,1,"2019/09/04 18:05:00",YWPS1,379.949370
D,DISPATCH,UNIT_SCADA,1,"2019/09/04 18:05:00",YWPS2,279.6962
D,DISPATCH,UNIT_SCADA,1,"2019/09/04 18:05:00",YWPS3,311.401280
D,DISPATCH,UNIT_SCADA,1,"2019/09/04 18:05:00",YWPS4,382.253170
C,"END OF REPORT",335
