C,NEMP.WORLD,DISPATCHSCADA,AEMO,PUBLIC,2019/08/20,02:05:09,0000000311768150,DISPATCHSCADA,0000000311768144
I,DISPATCH,UNIT_SCADA,1,SETTLEMENTDATE,DUID,SCADAVALUE
D,DISPATCH,UNIT_SCADA,1,"2019/08/20 02:10:00",BARCSF1,0
D,DISPATCH,UNIT_SCADA,1,"2019/08/20 02:10:00",BUTLERSG,9.799998
D,DISPATCH,UNIT_SCADA,1,"2019/08/20 02:10:00",CALL_A_4,0
D,DISPATCH,UNIT_SCADA,1,"2019/08/20 02:10:00",CAPTL_WF,120.779999
D,DISPATCH,UNIT_SCADA,1,"2019/08/20 02:10:00",CATHROCK,36.189999
D,DISPATCH,UNIT_SCADA,1,"2019/08/20 02:10:00",CHALLHWF,19.50
D,DISPATCH,UNIT_SCADA,1,"2019/08/20 02:10:00",CLOVER,-0.01
D,DISPATCH,UNIT_SCADA,1,"2019/08/20 02:10:00",CLUNY,16.816206
D,DISPATCH,UNIT_SCADA,1,"2019/08/20 02:10:00",CNUNDAWF,37.944263
D,DISPATCH,UNIT_SCADA,1,"2019/08/20 02:10:00",CULLRGWF,29.709999
D,DISPATCH,UNIT_SCADA,1,"2019/08/20 02:10:00",ERGT01,0
D,DISPATCH,UNIT_SCADA,1,"2019/08/20 02:10:00",GB01,0.060070
D,DISPATCH,UNIT_SCADA,1,"2019/08/20 02:10:00",GERMCRK,38.400002
D,DISPATCH,UNIT_SCADA,1,"2019/08/20 02:10:00",GRIFSF1,0
D,DISPATCH,UNIT_SCADA,1,"2019/08/20 02:10:00",HUGSF1,-0.2580
D,DISPATCH,UNIT_SCADA,1,"2019/08/20 02:10:00",LKBONNY1,65.285141
D,DISPATCH,UNIT_SCADA,1,"2019/08/20 02:10:00",LRSF1,-0.03
D,DISPATCH,UNIT_SCADA,1,"2019/08/20 02:10:00",MBAHNTH,55.237503
D,DISPATCH,UNIT_SCADA,1,"2019/08/20 02:10:00",MLSP1,0.304001
D,DISPATCH,UNIT_SCADA,1,"2019/08/20 02:10:00",MLWF1,19.049999
D,DISPATCH,UNIT_SCADA,1,"2019/08/20 02:10:00",MTMILLAR,13.505980
D,DISPATCH,UNIT_SCADA,1,"2019/08/20 02:10:00",PALOONA,23.67
D,DISPATCH,UNIT_SCADA,1,"2019/08/20 02:10:00",PIONEER,9.50
D,DISPATCH,UNIT_SCADA,1,"2019/08/20 02:10:00",PORTWF,138.300003
D,DISPATCH,UNIT_SCADA,1,"2019/08/20 02:10:00",REPULSE,28.942703
D,DISPATCH,UNIT_SCADA,1,"2019/08/20 02:10:00",ROWALLAN,10.0394
D,DISPATCH,UNIT_SCADA,1,"2019/08/20 02:10:00",ROYALLA1,0
D,DISPATCH,UNIT_SCADA,1,"2019/08/20 02:10:00",RPCG,1.40
D,DISPATCH,UNIT_SCADA,1,"2019/08/20 02:10:00",RUBICON,0
D,DISPATCH,UNIT_SCADA,1,"2019/08/20 02:10:00",SATGN1,0
D,DISPATCH,UNIT_SCADA,1,"2019/08/20 02:10:00",SATGS1,0
D,DISPATCH,UNIT_SCADA,1,"2019/08/20 02:10:00",STARHLWF,19.594286
D,DISPATCH,UNIT_SCADA,1,"2019/08/20 02:10:00",WAUBRAWF,129.417999
D,DISPATCH,UNIT_SCADA,1,"2019/08/20 02:10:00",WOOLNTH1,130.200027
D,DISPATCH,UNIT_SCADA,1,"2019/08/20 02:10:00",WPWF,43
D,DISPATCH,UNIT_SCADA,1,"2019/08/20 02:10:00",YAMBUKWF,15.40
D,DISPATCH,UNIT_SCADA,1,"2019/08/20 02:10:00",YSWF1,27.299999
D,DISPATCH,UNIT_SCADA,1,"2019/08/20 02:10:00",AGLHAL,0
D,DISPATCH,UNIT_SCADA,1,"2019/08/20 02:10:00",AGLSOM,0
D,DISPATCH,UNIT_SCADA,1,"2019/08/20 02:10:00",ANGAST1,0
D,DISPATCH,UNIT_SCADA,1,"2019/08/20 02:10:00",ARWF1,24.60
D,DISPATCH,UNIT_SCADA,1,"2019/08/20 02:10:00",BALBG1,0
D,DISPATCH,UNIT_SCADA,1,"2019/08/20 02:10:00",BALBL1,0
D,DISPATCH,UNIT_SCADA,1,"2019/08/20 02:10:00",BALDHWF1,100.6090
D,DISPATCH,UNIT_SCADA,1,"2019/08/20 02:10:00",BANN1,0
D,DISPATCH,UNIT_SCADA,1,"2019/08/20 02:10:00",BARCALDN,0
D,DISPATCH,UNIT_SCADA,1,"2019/08/20 02:10:00",BARRON-1,0
D,DISPATCH,UNIT_SCADA,1,"2019/08/20 02:10:00",BARRON-2,26.20
D,DISPATCH,UNIT_SCADA,1,"2019/08/20 02:10:00",BASTYAN,80.80
D,DISPATCH,UNIT_SCADA,1,"2019/08/20 02:10:00",BBTHREE1,0
D,DISPATCH,UNIT_SCADA,1,"2019/08/20 02:10:00",BBTHREE2,0
D,DISPATCH,UNIT_SCADA,1,"2019/08/20 02:10:00",BBTHREE3,0
D,DISPATCH,UNIT_SCADA,1,"2019/08/20 02:10:00",BDL01,0
D,DISPATCH,UNIT_SCADA,1,"2019/08/20 02:10:00",BDL02,0
D,DISPATCH,UNIT_SCADA,1,"2019/08/20 02:10:00",BERYLSF1,0
D,DISPATCH,UNIT_SCADA,1,"2019/08/20 02:10:00",BLOWERNG,0
D,DISPATCH,UNIT_SCADA,1,"2019/08/20 02:10:00",BLUFF1,29.70
D,DISPATCH,UNIT_SCADA,1,"2019/08/20 02:10:00",BNGSF1,0
D,DISPATCH,UNIT_SCADA,1,"2019/08/20 02:10:00",BNGSF2,0
D,DISPATCH,UNIT_SCADA,1,"2019/08/20 02:10:00",BOCORWF1,73.03
D,DISPATCH,UNIT_SCADA,1,"2019/08/20 02:10:00",BODWF1,39.291370
D,DISPATCH,UNIT_SCADA,1,"2019/08/20 02:10:00",BRAEMAR1,0
D,DISPATCH,UNIT_SCADA,1,"2019/08/20 02:10:00",BRAEMAR2,0
D,DISPATCH,UNIT_SCADA,1,"2019/08/20 02:10:00",BRAEMAR3,0
D,DISPATCH,UNIT_SCADA,1,"2019/08/20 02:10:00",BRAEMAR5,0
D,DISPATCH,UNIT_SCADA,1,"2019/08/20 02:10:00",BRAEMAR6,0
D,DISPATCH,UNIT_SCADA,1,"2019/08/20 02:10:00",BRAEMAR7,0
D,DISPATCH,UNIT_SCADA,1,"2019/08/20 02:10:00",BROKENH1,0
D,DISPATCH,UNIT_SCADA,1,"2019/08/20 02:10:00",BW01,498.449950
D,DISPATCH,UNIT_SCADA,1,"2019/08/20 02:10:00",BW02,530.925050
D,DISPATCH,UNIT_SCADA,1,"2019/08/20 02:10:00",BW03,600.400020
D,DISPATCH,UNIT_SCADA,1,"2019/08/20 02:10:00",BW04,0
D,DISPATCH,UNIT_SCADA,1,"2019/08/20 02:10:00",CALL_B_1,339.200010
D,DISPATCH,UNIT_SCADA,1,"2019/08/20 02:10:00",CALL_B_2,289.50
D,DISPATCH,UNIT_SCADA,1,"2019/08/20 02:10:00",CETHANA,85.371250
D,DISPATCH,UNIT_SCADA,1,"2019/08/20 02:10:00",CG1,0
D,DISPATCH,UNIT_SCADA,1,"2019/08/20 02:10:00",CG2,0
D,DISPATCH,UNIT_SCADA,1,"2019/08/20 02:10:00",CG3,0
D,DISPATCH,UNIT_SCADA,1,"2019/08/20 02:10:00",CG4,0
D,DISPATCH,UNIT_SCADA,1,"2019/08/20 02:10:00",CHILDSF1,0
D,DISPATCH,UNIT_SCADA,1,"2019/08/20 02:10:00",CLARESF1,0
D,DISPATCH,UNIT_SCADA,1,"2019/08/20 02:10:00",CLEMGPWF,10.733220
D,DISPATCH,UNIT_SCADA,1,"2019/08/20 02:10:00",CLERMSF1,0
D,DISPATCH,UNIT_SCADA,1,"2019/08/20 02:10:00",COLEASF1,0
D,DISPATCH,UNIT_SCADA,1,"2019/08/20 02:10:00",COOPGWF1,35.363890
D,DISPATCH,UNIT_SCADA,1,"2019/08/20 02:10:00",CPP_3,394.6250
D,DISPATCH,UNIT_SCADA,1,"2019/08/20 02:10:00",CPP_4,393.800020
D,DISPATCH,UNIT_SCADA,1,"2019/08/20 02:10:00",CPSA,142.3275
D,DISPATCH,UNIT_SCADA,1,"2019/08/20 02:10:00",CROOKWF2,37.623750
D,DISPATCH,UNIT_SCADA,1,"2019/08/20 02:10:00",CROWLWF1,33.269760
D,DISPATCH,UNIT_SCADA,1,"2019/08/20 02:10:00",CSPVPS1,0
D,DISPATCH,UNIT_SCADA,1,"2019/08/20 02:10:00",DALNTH01,0
D,DISPATCH,UNIT_SCADA,1,"2019/08/20 02:10:00",DALNTHL1,5.888460
D,DISPATCH,UNIT_SCADA,1,"2019/08/20 02:10:00",DARTM1,134.100010
D,DISPATCH,UNIT_SCADA,1,"2019/08/20 02:10:00",DAYDSF1,0
D,DISPATCH,UNIT_SCADA,1,"2019/08/20 02:10:00",DDPS1,0
D,DISPATCH,UNIT_SCADA,1,"2019/08/20 02:10:00",DDSF1,0
D,DISPATCH,UNIT_SCADA,1,"2019/08/20 02:10:00",DEVILS_G,59.979860
D,DISPATCH,UNIT_SCADA,1,"2019/08/20 02:10:00",DG_NSW1,0
D,DISPATCH,UNIT_SCADA,1,"2019/08/20 02:10:00",DG_QLD1,0
D,DISPATCH,UNIT_SCADA,1,"2019/08/20 02:10:00",DG_SA1,0
D,DISPATCH,UNIT_SCADA,1,"2019/08/20 02:10:00",DG_TAS1,0
D,DISPATCH,UNIT_SCADA,1,"2019/08/20 02:10:00",DG_VIC1,0
D,DISPATCH,UNIT_SCADA,1,"2019/08/20 02:10:00",DRYCGT1,0
D,DISPATCH,UNIT_SCADA,1,"2019/08/20 02:10:00",DRYCGT2,0
D,DISPATCH,UNIT_SCADA,1,"2019/08/20 02:10:00",DRYCGT3,0
D,DISPATCH,UNIT_SCADA,1,"2019/08/20 02:10:00",EILDON1,0
D,DISPATCH,UNIT_SCADA,1,"2019/08/20 02:10:00",EILDON2,0
D,DISPATCH,UNIT_SCADA,1,"2019/08/20 02:10:00",EMERASF1,0
D,DISPATCH,UNIT_SCADA,1,"2019/08/20 02:10:00",ER01,383.699950
D,DISPATCH,UNIT_SCADA,1,"2019/08/20 02:10:00",ER02,492.049930
D,DISPATCH,UNIT_SCADA,1,"2019/08/20 02:10:00",ER03,476.799930
D,DISPATCH,UNIT_SCADA,1,"2019/08/20 02:10:00",ER04,478.849980
D,DISPATCH,UNIT_SCADA,1,"2019/08/20 02:10:00",FINLYSF1,0
D,DISPATCH,UNIT_SCADA,1,"2019/08/20 02:10:00",FISHER,45.67
D,DISPATCH,UNIT_SCADA,1,"2019/08/20 02:10:00",GANNBG1,0
D,DISPATCH,UNIT_SCADA,1,"2019/08/20 02:10:00",GANNBL1,9.813170
D,DISPATCH,UNIT_SCADA,1,"2019/08/20 02:10:00",GANNSF1,0
D,DISPATCH,UNIT_SCADA,1,"2019/08/20 02:10:00",GORDON,0
D,DISPATCH,UNIT_SCADA,1,"2019/08/20 02:10:00",GSTONE1,137.724990
D,DISPATCH,UNIT_SCADA,1,"2019/08/20 02:10:00",GSTONE2,135.274990
D,DISPATCH,UNIT_SCADA,1,"2019/08/20 02:10:00",GSTONE3,134.9250
D,DISPATCH,UNIT_SCADA,1,"2019/08/20 02:10:00",GSTONE4,137.20
D,DISPATCH,UNIT_SCADA,1,"2019/08/20 02:10:00",GSTONE5,135.274990
D,DISPATCH,UNIT_SCADA,1,"2019/08/20 02:10:00",GSTONE6,0
D,DISPATCH,UNIT_SCADA,1,"2019/08/20 02:10:00",GULLRSF1,0
D,DISPATCH,UNIT_SCADA,1,"2019/08/20 02:10:00",GULLRWF1,158.653810
D,DISPATCH,UNIT_SCADA,1,"2019/08/20 02:10:00",GUNNING1,44.595680
D,DISPATCH,UNIT_SCADA,1,"2019/08/20 02:10:00",GUTHEGA,0
D,DISPATCH,UNIT_SCADA,1,"2019/08/20 02:10:00",HALLWF1,88.77
D,DISPATCH,UNIT_SCADA,1,"2019/08/20 02:10:00",HALLWF2,67.38
D,DISPATCH,UNIT_SCADA,1,"2019/08/20 02:10:00",HAMISF1,0
D,DISPATCH,UNIT_SCADA,1,"2019/08/20 02:10:00",HAUGHT11,0
D,DISPATCH,UNIT_SCADA,1,"2019/08/20 02:10:00",HAYMSF1,0
D,DISPATCH,UNIT_SCADA,1,"2019/08/20 02:10:00",HDWF1,56.70
D,DISPATCH,UNIT_SCADA,1,"2019/08/20 02:10:00",HDWF2,33.40
D,DISPATCH,UNIT_SCADA,1,"2019/08/20 02:10:00",HDWF3,43.80
D,DISPATCH,UNIT_SCADA,1,"2019/08/20 02:10:00",HPRG1,0
D,DISPATCH,UNIT_SCADA,1,"2019/08/20 02:10:00",HPRL1,0.20
D,DISPATCH,UNIT_SCADA,1,"2019/08/20 02:10:00",HUMENSW,0
D,DISPATCH,UNIT_SCADA,1,"2019/08/20 02:10:00",HUMEV,9
D,DISPATCH,UNIT_SCADA,1,"2019/08/20 02:10:00",HVGTS,0
D,DISPATCH,UNIT_SCADA,1,"2019/08/20 02:10:00",JBUTTERS,137.899990
D,DISPATCH,UNIT_SCADA,1,"2019/08/20 02:10:00",JLA01,0.50
D,DISPATCH,UNIT_SCADA,1,"2019/08/20 02:10:00",JLA02,0
D,DISPATCH,UNIT_SCADA,1,"2019/08/20 02:10:00",JLA03,0.10
D,DISPATCH,UNIT_SCADA,1,"2019/08/20 02:10:00",JLA04,0.10
D,DISPATCH,UNIT_SCADA,1,"2019/08/20 02:10:00",JLB01,0
D,DISPATCH,UNIT_SCADA,1,"2019/08/20 02:10:00",JLB02,0.10
D,DISPATCH,UNIT_SCADA,1,"2019/08/20 02:10:00",JLB03,0
D,DISPATCH,UNIT_SCADA,1,"2019/08/20 02:10:00",KAREEYA1,21.47
D,DISPATCH,UNIT_SCADA,1,"2019/08/20 02:10:00",KAREEYA2,21.5775
D,DISPATCH,UNIT_SCADA,1,"2019/08/20 02:10:00",KAREEYA3,0
D,DISPATCH,UNIT_SCADA,1,"2019/08/20 02:10:00",KAREEYA4,21.68
D,DISPATCH,UNIT_SCADA,1,"2019/08/20 02:10:00",KARSF1,0
D,DISPATCH,UNIT_SCADA,1,"2019/08/20 02:10:00",KIATAWF1,30.10
D,DISPATCH,UNIT_SCADA,1,"2019/08/20 02:10:00",KPP_1,0
D,DISPATCH,UNIT_SCADA,1,"2019/08/20 02:10:00",KSP1,0
D,DISPATCH,UNIT_SCADA,1,"2019/08/20 02:10:00",LADBROK1,0
D,DISPATCH,UNIT_SCADA,1,"2019/08/20 02:10:00",LADBROK2,0
D,DISPATCH,UNIT_SCADA,1,"2019/08/20 02:10:00",LD01,353.362520
D,DISPATCH,UNIT_SCADA,1,"2019/08/20 02:10:00",LD02,351.731230
D,DISPATCH,UNIT_SCADA,1,"2019/08/20 02:10:00",LD03,351.637570
D,DISPATCH,UNIT_SCADA,1,"2019/08/20 02:10:00",LD04,352.218750
D,DISPATCH,UNIT_SCADA,1,"2019/08/20 02:10:00",LEM_WIL,85.1801
D,DISPATCH,UNIT_SCADA,1,"2019/08/20 02:10:00",LGAPWF1,17.14
D,DISPATCH,UNIT_SCADA,1,"2019/08/20 02:10:00",LILYSF1,0
D,DISPATCH,UNIT_SCADA,1,"2019/08/20 02:10:00",LI_WY_CA,144.042310
D,DISPATCH,UNIT_SCADA,1,"2019/08/20 02:10:00",LKBONNY2,144.791890
D,DISPATCH,UNIT_SCADA,1,"2019/08/20 02:10:00",LKBONNY3,35.558620
D,DISPATCH,UNIT_SCADA,1,"2019/08/20 02:10:00",LK_ECHO,0
D,DISPATCH,UNIT_SCADA,1,"2019/08/20 02:10:00",LNGS1,0
D,DISPATCH,UNIT_SCADA,1,"2019/08/20 02:10:00",LNGS2,0
D,DISPATCH,UNIT_SCADA,1,"2019/08/20 02:10:00",LONSDALE,0
D,DISPATCH,UNIT_SCADA,1,"2019/08/20 02:10:00",LOYYB1,535.712650
D,DISPATCH,UNIT_SCADA,1,"2019/08/20 02:10:00",LOYYB2,583.834170
D,DISPATCH,UNIT_SCADA,1,"2019/08/20 02:10:00",LYA1,559
D,DISPATCH,UNIT_SCADA,1,"2019/08/20 02:10:00",LYA2,0
D,DISPATCH,UNIT_SCADA,1,"2019/08/20 02:10:00",LYA3,558
D,DISPATCH,UNIT_SCADA,1,"2019/08/20 02:10:00",LYA4,540
D,DISPATCH,UNIT_SCADA,1,"2019/08/20 02:10:00",MACARTH1,263.693910
D,DISPATCH,UNIT_SCADA,1,"2019/08/20 02:10:00",MACKAYGT,0
D,DISPATCH,UNIT_SCADA,1,"2019/08/20 02:10:00",MACKNTSH,85.650010
D,DISPATCH,UNIT_SCADA,1,"2019/08/20 02:10:00",MANSLR1,0
D,DISPATCH,UNIT_SCADA,1,"2019/08/20 02:10:00",MCKAY1,0.02
D,DISPATCH,UNIT_SCADA,1,"2019/08/20 02:10:00",MEADOWBK,33.895880
D,DISPATCH,UNIT_SCADA,1,"2019/08/20 02:10:00",MERCER01,123.417990
D,DISPATCH,UNIT_SCADA,1,"2019/08/20 02:10:00",MEWF1,88.6743
D,DISPATCH,UNIT_SCADA,1,"2019/08/20 02:10:00",MINTARO,0
D,DISPATCH,UNIT_SCADA,1,"2019/08/20 02:10:00",MOREESF1,0
D,DISPATCH,UNIT_SCADA,1,"2019/08/20 02:10:00",MORTLK11,126
D,DISPATCH,UNIT_SCADA,1,"2019/08/20 02:10:00",MORTLK12,0
D,DISPATCH,UNIT_SCADA,1,"2019/08/20 02:10:00",MP1,281.949950
D,DISPATCH,UNIT_SCADA,1,"2019/08/20 02:10:00",MP2,0
D,DISPATCH,UNIT_SCADA,1,"2019/08/20 02:10:00",MPP_1,422.75
D,DISPATCH,UNIT_SCADA,1,"2019/08/20 02:10:00",MPP_2,432
D,DISPATCH,UNIT_SCADA,1,"2019/08/20 02:10:00",MSTUART1,0
D,DISPATCH,UNIT_SCADA,1,"2019/08/20 02:10:00",MSTUART2,0
D,DISPATCH,UNIT_SCADA,1,"2019/08/20 02:10:00",MSTUART3,0
D,DISPATCH,UNIT_SCADA,1,"2019/08/20 02:10:00",MTGELWF1,64.3437
D,DISPATCH,UNIT_SCADA,1,"2019/08/20 02:10:00",MURRAY,0
D,DISPATCH,UNIT_SCADA,1,"2019/08/20 02:10:00",MUSSELR1,155.50
D,DISPATCH,UNIT_SCADA,1,"2019/08/20 02:10:00",MUWAWF1,34.71
D,DISPATCH,UNIT_SCADA,1,"2019/08/20 02:10:00",NBHWF1,82.80
D,DISPATCH,UNIT_SCADA,1,"2019/08/20 02:10:00",NPS,0
D,DISPATCH,UNIT_SCADA,1,"2019/08/20 02:10:00",NUMURSF1,0
D,DISPATCH,UNIT_SCADA,1,"2019/08/20 02:10:00",NYNGAN1,0
D,DISPATCH,UNIT_SCADA,1,"2019/08/20 02:10:00",OAKEY1,0
D,DISPATCH,UNIT_SCADA,1,"2019/08/20 02:10:00",OAKEY1SF,0
D,DISPATCH,UNIT_SCADA,1,"2019/08/20 02:10:00",OAKEY2,0
D,DISPATCH,UNIT_SCADA,1,"2019/08/20 02:10:00",OAKLAND1,61.20
D,DISPATCH,UNIT_SCADA,1,"2019/08/20 02:10:00",OSB-AG,141.80
D,DISPATCH,UNIT_SCADA,1,"2019/08/20 02:10:00",PARSF1,0
D,DISPATCH,UNIT_SCADA,1,"2019/08/20 02:10:00",POAT110,0
D,DISPATCH,UNIT_SCADA,1,"2019/08/20 02:10:00",POAT220,8.79
D,DISPATCH,UNIT_SCADA,1,"2019/08/20 02:10:00",POR01,0
D,DISPATCH,UNIT_SCADA,1,"2019/08/20 02:10:00",POR03,0
D,DISPATCH,UNIT_SCADA,1,"2019/08/20 02:10:00",PPCCGT,0
D,DISPATCH,UNIT_SCADA,1,"2019/08/20 02:10:00",PTSTAN1,0
D,DISPATCH,UNIT_SCADA,1,"2019/08/20 02:10:00",PUMP1,0
D,DISPATCH,UNIT_SCADA,1,"2019/08/20 02:10:00",PUMP2,0
D,DISPATCH,UNIT_SCADA,1,"2019/08/20 02:10:00",QPS1,0
D,DISPATCH,UNIT_SCADA,1,"2019/08/20 02:10:00",QPS2,0
D,DISPATCH,UNIT_SCADA,1,"2019/08/20 02:10:00",QPS3,0
D,DISPATCH,UNIT_SCADA,1,"2019/08/20 02:10:00",QPS4,0
D,DISPATCH,UNIT_SCADA,1,"2019/08/20 02:10:00",QPS5,0
D,DISPATCH,UNIT_SCADA,1,"2019/08/20 02:10:00",REECE1,114.250010
D,DISPATCH,UNIT_SCADA,1,"2019/08/20 02:10:00",REECE2,114.810010
D,DISPATCH,UNIT_SCADA,1,"2019/08/20 02:10:00",ROMA_7,0
D,DISPATCH,UNIT_SCADA,1,"2019/08/20 02:10:00",ROMA_8,0
D,DISPATCH,UNIT_SCADA,1,"2019/08/20 02:10:00",RRSF1,0
D,DISPATCH,UNIT_SCADA,1,"2019/08/20 02:10:00",RT_NSW1,0
D,DISPATCH,UNIT_SCADA,1,"2019/08/20 02:10:00",RT_NSW2,0
D,DISPATCH,UNIT_SCADA,1,"2019/08/20 02:10:00",RT_NSW3,0
D,DISPATCH,UNIT_SCADA,1,"2019/08/20 02:10:00",RT_NSW4,0
D,DISPATCH,UNIT_SCADA,1,"2019/08/20 02:10:00",RT_NSW5,0
D,DISPATCH,UNIT_SCADA,1,"2019/08/20 02:10:00",RT_NSW6,0
D,DISPATCH,UNIT_SCADA,1,"2019/08/20 02:10:00",RT_QLD1,0
D,DISPATCH,UNIT_SCADA,1,"2019/08/20 02:10:00",RT_SA1,0
D,DISPATCH,UNIT_SCADA,1,"2019/08/20 02:10:00",RT_SA2,0
D,DISPATCH,UNIT_SCADA,1,"2019/08/20 02:10:00",RT_SA3,0
D,DISPATCH,UNIT_SCADA,1,"2019/08/20 02:10:00",RT_SA4,0
D,DISPATCH,UNIT_SCADA,1,"2019/08/20 02:10:00",RT_SA5,0
D,DISPATCH,UNIT_SCADA,1,"2019/08/20 02:10:00",RT_SA6,0
D,DISPATCH,UNIT_SCADA,1,"2019/08/20 02:10:00",RT_TAS1,0
D,DISPATCH,UNIT_SCADA,1,"2019/08/20 02:10:00",RT_VIC1,0
D,DISPATCH,UNIT_SCADA,1,"2019/08/20 02:10:00",RT_VIC10,0
D,DISPATCH,UNIT_SCADA,1,"2019/08/20 02:10:00",RT_VIC11,0
D,DISPATCH,UNIT_SCADA,1,"2019/08/20 02:10:00",RT_VIC12,0
D,DISPATCH,UNIT_SCADA,1,"2019/08/20 02:10:00",RT_VIC2,0
D,DISPATCH,UNIT_SCADA,1,"2019/08/20 02:10:00",RT_VIC3,0
D,DISPATCH,UNIT_SCADA,1,"2019/08/20 02:10:00",RT_VIC4,0
D,DISPATCH,UNIT_SCADA,1,"2019/08/20 02:10:00",RT_VIC5,0
D,DISPATCH,UNIT_SCADA,1,"2019/08/20 02:10:00",RT_VIC6,0
D,DISPATCH,UNIT_SCADA,1,"2019/08/20 02:10:00",RT_VIC7,0
D,DISPATCH,UNIT_SCADA,1,"2019/08/20 02:10:00",RT_VIC8,0
D,DISPATCH,UNIT_SCADA,1,"2019/08/20 02:10:00",RT_VIC9,0
D,DISPATCH,UNIT_SCADA,1,"2019/08/20 02:10:00",RUGBYR1,0
D,DISPATCH,UNIT_SCADA,1,"2019/08/20 02:10:00",SALTCRK1,48.33
D,DISPATCH,UNIT_SCADA,1,"2019/08/20 02:10:00",SAPHWF1,225.309390
D,DISPATCH,UNIT_SCADA,1,"2019/08/20 02:10:00",SHGEN,0
D,DISPATCH,UNIT_SCADA,1,"2019/08/20 02:10:00",SHPUMP,157.473680
D,DISPATCH,UNIT_SCADA,1,"2019/08/20 02:10:00",SITHE01,0.005650
D,DISPATCH,UNIT_SCADA,1,"2019/08/20 02:10:00",SMCSF1,0
D,DISPATCH,UNIT_SCADA,1,"2019/08/20 02:10:00",SNOWNTH1,23.20
D,DISPATCH,UNIT_SCADA,1,"2019/08/20 02:10:00",SNOWSTH1,54
D,DISPATCH,UNIT_SCADA,1,"2019/08/20 02:10:00",SNOWTWN1,28.679750
D,DISPATCH,UNIT_SCADA,1,"2019/08/20 02:10:00",SNOWYP,191.30
D,DISPATCH,UNIT_SCADA,1,"2019/08/20 02:10:00",SNUG1,0.019440
D,DISPATCH,UNIT_SCADA,1,"2019/08/20 02:10:00",SRSF1,0
D,DISPATCH,UNIT_SCADA,1,"2019/08/20 02:10:00",STAN-1,0
D,DISPATCH,UNIT_SCADA,1,"2019/08/20 02:10:00",STAN-2,179.808110
D,DISPATCH,UNIT_SCADA,1,"2019/08/20 02:10:00",STAN-3,221.299320
D,DISPATCH,UNIT_SCADA,1,"2019/08/20 02:10:00",STAN-4,187.844860
D,DISPATCH,UNIT_SCADA,1,"2019/08/20 02:10:00",STWF1,142.0650
D,DISPATCH,UNIT_SCADA,1,"2019/08/20 02:10:00",SWAN_E,0
D,DISPATCH,UNIT_SCADA,1,"2019/08/20 02:10:00",TALWA1,300
D,DISPATCH,UNIT_SCADA,1,"2019/08/20 02:10:00",TARALGA1,102.322490
D,DISPATCH,UNIT_SCADA,1,"2019/08/20 02:10:00",TARONG#1,226.600010
D,DISPATCH,UNIT_SCADA,1,"2019/08/20 02:10:00",TARONG#2,225.900010
D,DISPATCH,UNIT_SCADA,1,"2019/08/20 02:10:00",TARONG#3,179.600010
D,DISPATCH,UNIT_SCADA,1,"2019/08/20 02:10:00",TARONG#4,224.50
D,DISPATCH,UNIT_SCADA,1,"2019/08/20 02:10:00",TARRALEA,79
D,DISPATCH,UNIT_SCADA,1,"2019/08/20 02:10:00",TBSF1,-0.20
D,DISPATCH,UNIT_SCADA,1,"2019/08/20 02:10:00",TNPS1,299.50
D,DISPATCH,UNIT_SCADA,1,"2019/08/20 02:10:00",TORRA1,40.6255
D,DISPATCH,UNIT_SCADA,1,"2019/08/20 02:10:00",TORRA2,0
D,DISPATCH,UNIT_SCADA,1,"2019/08/20 02:10:00",TORRA3,42.488890
D,DISPATCH,UNIT_SCADA,1,"2019/08/20 02:10:00",TORRA4,0
D,DISPATCH,UNIT_SCADA,1,"2019/08/20 02:10:00",TORRB1,40.86
D,DISPATCH,UNIT_SCADA,1,"2019/08/20 02:10:00",TORRB2,39.97
D,DISPATCH,UNIT_SCADA,1,"2019/08/20 02:10:00",TORRB3,0
D,DISPATCH,UNIT_SCADA,1,"2019/08/20 02:10:00",TORRB4,0
D,DISPATCH,UNIT_SCADA,1,"2019/08/20 02:10:00",TREVALLN,2
D,DISPATCH,UNIT_SCADA,1,"2019/08/20 02:10:00",TRIBUTE,71.01
D,DISPATCH,UNIT_SCADA,1,"2019/08/20 02:10:00",TUMUT3,0
D,DISPATCH,UNIT_SCADA,1,"2019/08/20 02:10:00",TUNGATIN,10.10
D,DISPATCH,UNIT_SCADA,1,"2019/08/20 02:10:00",TVCC201,0
D,DISPATCH,UNIT_SCADA,1,"2019/08/20 02:10:00",TVPP104,0
D,DISPATCH,UNIT_SCADA,1,"2019/08/20 02:10:00",UPPTUMUT,0
D,DISPATCH,UNIT_SCADA,1,"2019/08/20 02:10:00",URANQ11,0
D,DISPATCH,UNIT_SCADA,1,"2019/08/20 02:10:00",URANQ12,0
D,DISPATCH,UNIT_SCADA,1,"2019/08/20 02:10:00",URANQ13,0
D,DISPATCH,UNIT_SCADA,1,"2019/08/20 02:10:00",URANQ14,0
D,DISPATCH,UNIT_SCADA,1,"2019/08/20 02:10:00",VP5,305.25
D,DISPATCH,UNIT_SCADA,1,"2019/08/20 02:10:00",VP6,311.399990
D,DISPATCH,UNIT_SCADA,1,"2019/08/20 02:10:00",VPGS1,0
D,DISPATCH,UNIT_SCADA,1,"2019/08/20 02:10:00",VPGS2,0
D,DISPATCH,UNIT_SCADA,1,"2019/08/20 02:10:00",VPGS3,0
D,DISPATCH,UNIT_SCADA,1,"2019/08/20 02:10:00",VPGS4,0
D,DISPATCH,UNIT_SCADA,1,"2019/08/20 02:10:00",VPGS5,0
D,DISPATCH,UNIT_SCADA,1,"2019/08/20 02:10:00",VPGS6,0
D,DISPATCH,UNIT_SCADA,1,"2019/08/20 02:10:00",W/HOE#1,0
D,DISPATCH,UNIT_SCADA,1,"2019/08/20 02:10:00",W/HOE#2,0
D,DISPATCH,UNIT_SCADA,1,"2019/08/20 02:10:00",WATERLWF,89.90
D,DISPATCH,UNIT_SCADA,1,"2019/08/20 02:10:00",WEMENSF1,0
D,DISPATCH,UNIT_SCADA,1,"2019/08/20 02:10:00",WGWF1,75.50
D,DISPATCH,UNIT_SCADA,1,"2019/08/20 02:10:00",WHITSF1,0
D,DISPATCH,UNIT_SCADA,1,"2019/08/20 02:10:00",WKIEWA1,0
D,DISPATCH,UNIT_SCADA,1,"2019/08/20 02:10:00",WKIEWA2,15.10
D,DISPATCH,UNIT_SCADA,1,"2019/08/20 02:10:00",WOODLWN1,41.8950
D,DISPATCH,UNIT_SCADA,1,"2019/08/20 02:10:00",WRSF1,0
D,DISPATCH,UNIT_SCADA,1,"2019/08/20 02:10:00",WRWF1,133.6250
D,DISPATCH,UNIT_SCADA,1,"2019/08/20 02:10:00",YABULU,0
D,DISPATCH,UNIT_SCADA,1,"2019/08/20 02:10:00",YABULU2,0
D,DISPATCH,UNIT_SCADA,1,"2019/08/20 02:10:00",YARWUN_1,0
D,DISPATCH,UNIT_SCADA,1,"2019/08/20 02:10:00",YENDWF1,42.19
D,DISPATCH,UNIT_SCADA,1,"2019/08/20 02:10:00",YWPS1,378.6962
D,DISPATCH,UNIT_SCADA,1,"2019/08/20 02:10:00",YWPS2,279.194950
D,DISPATCH,UNIT_SCADA,1,"2019/08/20 02:10:00",YWPS3,0
D,DISPATCH,UNIT_SCADA,1,"2019/08/20 02:10:00",YWPS4,396.3671
C,"END OF REPORT",334
