C,NEMP.WORLD,DISPATCHSCADA,AEMO,PUBLIC,2019/08/21,07:45:10,0000000311817429,DISPATCHSCADA,0000000311817423
I,DISPATCH,UNIT_SCADA,1,SETTLEMENTDATE,DUID,SCADAVALUE
D,DISPATCH,UNIT_SCADA,1,"2019/08/21 07:50:00",BARCSF1,12.10
D,DISPATCH,UNIT_SCADA,1,"2019/08/21 07:50:00",BUTLERSG,9.699999
D,DISPATCH,UNIT_SCADA,1,"2019/08/21 07:50:00",CALL_A_4,0
D,DISPATCH,UNIT_SCADA,1,"2019/08/21 07:50:00",CAPTL_WF,133.227997
D,DISPATCH,UNIT_SCADA,1,"2019/08/21 07:50:00",CATHROCK,35.249996
D,DISPATCH,UNIT_SCADA,1,"2019/08/21 07:50:00",CHALLHWF,38.099998
D,DISPATCH,UNIT_SCADA,1,"2019/08/21 07:50:00",CLOVER,-0.02
D,DISPATCH,UNIT_SCADA,1,"2019/08/21 07:50:00",CLUNY,20.201878
D,DISPATCH,UNIT_SCADA,1,"2019/08/21 07:50:00",CNUNDAWF,37.243446
D,DISPATCH,UNIT_SCADA,1,"2019/08/21 07:50:00",CULLRGWF,28.299999
D,DISPATCH,UNIT_SCADA,1,"2019/08/21 07:50:00",ERGT01,0
D,DISPATCH,UNIT_SCADA,1,"2019/08/21 07:50:00",GB01,0.056793
D,DISPATCH,UNIT_SCADA,1,"2019/08/21 07:50:00",GERMCRK,39.200001
D,DISPATCH,UNIT_SCADA,1,"2019/08/21 07:50:00",GRIFSF1,8.800003
D,DISPATCH,UNIT_SCADA,1,"2019/08/21 07:50:00",HUGSF1,5.9090
D,DISPATCH,UNIT_SCADA,1,"2019/08/21 07:50:00",LKBONNY1,64.034813
D,DISPATCH,UNIT_SCADA,1,"2019/08/21 07:50:00",LRSF1,7.4960
D,DISPATCH,UNIT_SCADA,1,"2019/08/21 07:50:00",MBAHNTH,55.856247
D,DISPATCH,UNIT_SCADA,1,"2019/08/21 07:50:00",MLSP1,3.487001
D,DISPATCH,UNIT_SCADA,1,"2019/08/21 07:50:00",MLWF1,19.6350
D,DISPATCH,UNIT_SCADA,1,"2019/08/21 07:50:00",MTMILLAR,16.824804
D,DISPATCH,UNIT_SCADA,1,"2019/08/21 07:50:00",PALOONA,26.74
D,DISPATCH,UNIT_SCADA,1,"2019/08/21 07:50:00",PIONEER,46.50
D,DISPATCH,UNIT_SCADA,1,"2019/08/21 07:50:00",PORTWF,134.100006
D,DISPATCH,UNIT_SCADA,1,"2019/08/21 07:50:00",REPULSE,29.000076
D,DISPATCH,UNIT_SCADA,1,"2019/08/21 07:50:00",ROWALLAN,10.1601
D,DISPATCH,UNIT_SCADA,1,"2019/08/21 07:50:00",ROYALLA1,7.7040
D,DISPATCH,UNIT_SCADA,1,"2019/08/21 07:50:00",RPCG,10.70
D,DISPATCH,UNIT_SCADA,1,"2019/08/21 07:50:00",RUBICON,0
D,DISPATCH,UNIT_SCADA,1,"2019/08/21 07:50:00",SATGN1,0
D,DISPATCH,UNIT_SCADA,1,"2019/08/21 07:50:00",SATGS1,0
D,DISPATCH,UNIT_SCADA,1,"2019/08/21 07:50:00",STARHLWF,4.698630
D,DISPATCH,UNIT_SCADA,1,"2019/08/21 07:50:00",WAUBRAWF,177.438995
D,DISPATCH,UNIT_SCADA,1,"2019/08/21 07:50:00",WOOLNTH1,68.120018
D,DISPATCH,UNIT_SCADA,1,"2019/08/21 07:50:00",WPWF,17
D,DISPATCH,UNIT_SCADA,1,"2019/08/21 07:50:00",YAMBUKWF,29.40
D,DISPATCH,UNIT_SCADA,1,"2019/08/21 07:50:00",YSWF1,28.90
D,DISPATCH,UNIT_SCADA,1,"2019/08/21 07:50:00",AGLHAL,0
D,DISPATCH,UNIT_SCADA,1,"2019/08/21 07:50:00",AGLSOM,0
D,DISPATCH,UNIT_SCADA,1,"2019/08/21 07:50:00",ANGAST1,0
D,DISPATCH,UNIT_SCADA,1,"2019/08/21 07:50:00",ARWF1,123.60
D,DISPATCH,UNIT_SCADA,1,"2019/08/21 07:50:00",BALBG1,0
D,DISPATCH,UNIT_SCADA,1,"2019/08/21 07:50:00",BALBL1,0
D,DISPATCH,UNIT_SCADA,1,"2019/08/21 07:50:00",BALDHWF1,101.2510
D,DISPATCH,UNIT_SCADA,1,"2019/08/21 07:50:00",BANN1,3.54
D,DISPATCH,UNIT_SCADA,1,"2019/08/21 07:50:00",BARCALDN,0
D,DISPATCH,UNIT_SCADA,1,"2019/08/21 07:50:00",BARRON-1,0
D,DISPATCH,UNIT_SCADA,1,"2019/08/21 07:50:00",BARRON-2,27.88
D,DISPATCH,UNIT_SCADA,1,"2019/08/21 07:50:00",BASTYAN,79.250010
D,DISPATCH,UNIT_SCADA,1,"2019/08/21 07:50:00",BBTHREE1,-1.99
D,DISPATCH,UNIT_SCADA,1,"2019/08/21 07:50:00",BBTHREE2,-2.01
D,DISPATCH,UNIT_SCADA,1,"2019/08/21 07:50:00",BBTHREE3,-1.13
D,DISPATCH,UNIT_SCADA,1,"2019/08/21 07:50:00",BDL01,20.04
D,DISPATCH,UNIT_SCADA,1,"2019/08/21 07:50:00",BDL02,19.80
D,DISPATCH,UNIT_SCADA,1,"2019/08/21 07:50:00",BERYLSF1,10.8315
D,DISPATCH,UNIT_SCADA,1,"2019/08/21 07:50:00",BLOWERNG,0
D,DISPATCH,UNIT_SCADA,1,"2019/08/21 07:50:00",BLUFF1,34.10
D,DISPATCH,UNIT_SCADA,1,"2019/08/21 07:50:00",BNGSF1,1.83
D,DISPATCH,UNIT_SCADA,1,"2019/08/21 07:50:00",BNGSF2,0.53
D,DISPATCH,UNIT_SCADA,1,"2019/08/21 07:50:00",BOCORWF1,90.19
D,DISPATCH,UNIT_SCADA,1,"2019/08/21 07:50:00",BODWF1,51.682560
D,DISPATCH,UNIT_SCADA,1,"2019/08/21 07:50:00",BRAEMAR1,0
D,DISPATCH,UNIT_SCADA,1,"2019/08/21 07:50:00",BRAEMAR2,0
D,DISPATCH,UNIT_SCADA,1,"2019/08/21 07:50:00",BRAEMAR3,0
D,DISPATCH,UNIT_SCADA,1,"2019/08/21 07:50:00",BRAEMAR5,0
D,DISPATCH,UNIT_SCADA,1,"2019/08/21 07:50:00",BRAEMAR6,0
D,DISPATCH,UNIT_SCADA,1,"2019/08/21 07:50:00",BRAEMAR7,0
D,DISPATCH,UNIT_SCADA,1,"2019/08/21 07:50:00",BROKENH1,7.884520
D,DISPATCH,UNIT_SCADA,1,"2019/08/21 07:50:00",BW01,597.599980
D,DISPATCH,UNIT_SCADA,1,"2019/08/21 07:50:00",BW02,657.449950
D,DISPATCH,UNIT_SCADA,1,"2019/08/21 07:50:00",BW03,664.3750
D,DISPATCH,UNIT_SCADA,1,"2019/08/21 07:50:00",BW04,0
D,DISPATCH,UNIT_SCADA,1,"2019/08/21 07:50:00",CALL_B_1,349.600010
D,DISPATCH,UNIT_SCADA,1,"2019/08/21 07:50:00",CALL_B_2,284.899990
D,DISPATCH,UNIT_SCADA,1,"2019/08/21 07:50:00",CETHANA,92.017370
D,DISPATCH,UNIT_SCADA,1,"2019/08/21 07:50:00",CG1,0
D,DISPATCH,UNIT_SCADA,1,"2019/08/21 07:50:00",CG2,0
D,DISPATCH,UNIT_SCADA,1,"2019/08/21 07:50:00",CG3,0
D,DISPATCH,UNIT_SCADA,1,"2019/08/21 07:50:00",CG4,0
D,DISPATCH,UNIT_SCADA,1,"2019/08/21 07:50:00",CHILDSF1,40.04
D,DISPATCH,UNIT_SCADA,1,"2019/08/21 07:50:00",CLARESF1,29.402110
D,DISPATCH,UNIT_SCADA,1,"2019/08/21 07:50:00",CLEMGPWF,0.144070
D,DISPATCH,UNIT_SCADA,1,"2019/08/21 07:50:00",CLERMSF1,15.04
D,DISPATCH,UNIT_SCADA,1,"2019/08/21 07:50:00",COLEASF1,34.60
D,DISPATCH,UNIT_SCADA,1,"2019/08/21 07:50:00",COOPGWF1,36.162650
D,DISPATCH,UNIT_SCADA,1,"2019/08/21 07:50:00",CPP_3,404.25
D,DISPATCH,UNIT_SCADA,1,"2019/08/21 07:50:00",CPP_4,404.800020
D,DISPATCH,UNIT_SCADA,1,"2019/08/21 07:50:00",CPSA,142.524380
D,DISPATCH,UNIT_SCADA,1,"2019/08/21 07:50:00",CROOKWF2,85.683750
D,DISPATCH,UNIT_SCADA,1,"2019/08/21 07:50:00",CROWLWF1,45.355010
D,DISPATCH,UNIT_SCADA,1,"2019/08/21 07:50:00",CSPVPS1,11.1630
D,DISPATCH,UNIT_SCADA,1,"2019/08/21 07:50:00",DALNTH01,0.025940
D,DISPATCH,UNIT_SCADA,1,"2019/08/21 07:50:00",DALNTHL1,0
D,DISPATCH,UNIT_SCADA,1,"2019/08/21 07:50:00",DARTM1,134.899990
D,DISPATCH,UNIT_SCADA,1,"2019/08/21 07:50:00",DAYDSF1,82.502010
D,DISPATCH,UNIT_SCADA,1,"2019/08/21 07:50:00",DDPS1,0
D,DISPATCH,UNIT_SCADA,1,"2019/08/21 07:50:00",DDSF1,44.834820
D,DISPATCH,UNIT_SCADA,1,"2019/08/21 07:50:00",DEVILS_G,0
D,DISPATCH,UNIT_SCADA,1,"2019/08/21 07:50:00",DG_NSW1,0
D,DISPATCH,UNIT_SCADA,1,"2019/08/21 07:50:00",DG_QLD1,0
D,DISPATCH,UNIT_SCADA,1,"2019/08/21 07:50:00",DG_SA1,0
D,DISPATCH,UNIT_SCADA,1,"2019/08/21 07:50:00",DG_TAS1,0
D,DISPATCH,UNIT_SCADA,1,"2019/08/21 07:50:00",DG_VIC1,0
D,DISPATCH,UNIT_SCADA,1,"2019/08/21 07:50:00",DRYCGT1,0
D,DISPATCH,UNIT_SCADA,1,"2019/08/21 07:50:00",DRYCGT2,0
D,DISPATCH,UNIT_SCADA,1,"2019/08/21 07:50:00",DRYCGT3,0
D,DISPATCH,UNIT_SCADA,1,"2019/08/21 07:50:00",EILDON1,0
D,DISPATCH,UNIT_SCADA,1,"2019/08/21 07:50:00",EILDON2,0
D,DISPATCH,UNIT_SCADA,1,"2019/08/21 07:50:00",EMERASF1,39.41
D,DISPATCH,UNIT_SCADA,1,"2019/08/21 07:50:00",ER01,544.824950
D,DISPATCH,UNIT_SCADA,1,"2019/08/21 07:50:00",ER02,674.199950
D,DISPATCH,UNIT_SCADA,1,"2019/08/21 07:50:00",ER03,700.924930
D,DISPATCH,UNIT_SCADA,1,"2019/08/21 07:50:00",ER04,662.474980
D,DISPATCH,UNIT_SCADA,1,"2019/08/21 07:50:00",FINLYSF1,0.828560
D,DISPATCH,UNIT_SCADA,1,"2019/08/21 07:50:00",FISHER,45.62
D,DISPATCH,UNIT_SCADA,1,"2019/08/21 07:50:00",GANNBG1,0
D,DISPATCH,UNIT_SCADA,1,"2019/08/21 07:50:00",GANNBL1,0.003910
D,DISPATCH,UNIT_SCADA,1,"2019/08/21 07:50:00",GANNSF1,2.40
D,DISPATCH,UNIT_SCADA,1,"2019/08/21 07:50:00",GORDON,82.735520
D,DISPATCH,UNIT_SCADA,1,"2019/08/21 07:50:00",GSTONE1,203.524990
D,DISPATCH,UNIT_SCADA,1,"2019/08/21 07:50:00",GSTONE2,224.524990
D,DISPATCH,UNIT_SCADA,1,"2019/08/21 07:50:00",GSTONE3,190.9250
D,DISPATCH,UNIT_SCADA,1,"2019/08/21 07:50:00",GSTONE4,192.3250
D,DISPATCH,UNIT_SCADA,1,"2019/08/21 07:50:00",GSTONE5,188.649990
D,DISPATCH,UNIT_SCADA,1,"2019/08/21 07:50:00",GSTONE6,0
D,DISPATCH,UNIT_SCADA,1,"2019/08/21 07:50:00",GULLRSF1,2.170840
D,DISPATCH,UNIT_SCADA,1,"2019/08/21 07:50:00",GULLRWF1,160.886050
D,DISPATCH,UNIT_SCADA,1,"2019/08/21 07:50:00",GUNNING1,46.112790
D,DISPATCH,UNIT_SCADA,1,"2019/08/21 07:50:00",GUTHEGA,31.10
D,DISPATCH,UNIT_SCADA,1,"2019/08/21 07:50:00",HALLWF1,63.59
D,DISPATCH,UNIT_SCADA,1,"2019/08/21 07:50:00",HALLWF2,52.32
D,DISPATCH,UNIT_SCADA,1,"2019/08/21 07:50:00",HAMISF1,33.70
D,DISPATCH,UNIT_SCADA,1,"2019/08/21 07:50:00",HAUGHT11,50.032640
D,DISPATCH,UNIT_SCADA,1,"2019/08/21 07:50:00",HAYMSF1,31.3230
D,DISPATCH,UNIT_SCADA,1,"2019/08/21 07:50:00",HDWF1,54.80
D,DISPATCH,UNIT_SCADA,1,"2019/08/21 07:50:00",HDWF2,39
D,DISPATCH,UNIT_SCADA,1,"2019/08/21 07:50:00",HDWF3,54.90
D,DISPATCH,UNIT_SCADA,1,"2019/08/21 07:50:00",HPRG1,19.90
D,DISPATCH,UNIT_SCADA,1,"2019/08/21 07:50:00",HPRL1,0
D,DISPATCH,UNIT_SCADA,1,"2019/08/21 07:50:00",HUMENSW,0
D,DISPATCH,UNIT_SCADA,1,"2019/08/21 07:50:00",HUMEV,8
D,DISPATCH,UNIT_SCADA,1,"2019/08/21 07:50:00",HVGTS,0
D,DISPATCH,UNIT_SCADA,1,"2019/08/21 07:50:00",JBUTTERS,50.10
D,DISPATCH,UNIT_SCADA,1,"2019/08/21 07:50:00",JLA01,0.50
D,DISPATCH,UNIT_SCADA,1,"2019/08/21 07:50:00",JLA02,0
D,DISPATCH,UNIT_SCADA,1,"2019/08/21 07:50:00",JLA03,0.10
D,DISPATCH,UNIT_SCADA,1,"2019/08/21 07:50:00",JLA04,0.10
D,DISPATCH,UNIT_SCADA,1,"2019/08/21 07:50:00",JLB01,0
D,DISPATCH,UNIT_SCADA,1,"2019/08/21 07:50:00",JLB02,84.90
D,DISPATCH,UNIT_SCADA,1,"2019/08/21 07:50:00",JLB03,84.80
D,DISPATCH,UNIT_SCADA,1,"2019/08/21 07:50:00",KAREEYA1,21.5025
D,DISPATCH,UNIT_SCADA,1,"2019/08/21 07:50:00",KAREEYA2,21.4625
D,DISPATCH,UNIT_SCADA,1,"2019/08/21 07:50:00",KAREEYA3,0
D,DISPATCH,UNIT_SCADA,1,"2019/08/21 07:50:00",KAREEYA4,21.6150
D,DISPATCH,UNIT_SCADA,1,"2019/08/21 07:50:00",KARSF1,9.60
D,DISPATCH,UNIT_SCADA,1,"2019/08/21 07:50:00",KIATAWF1,30.80
D,DISPATCH,UNIT_SCADA,1,"2019/08/21 07:50:00",KPP_1,0
D,DISPATCH,UNIT_SCADA,1,"2019/08/21 07:50:00",KSP1,25.21
D,DISPATCH,UNIT_SCADA,1,"2019/08/21 07:50:00",LADBROK1,42.64
D,DISPATCH,UNIT_SCADA,1,"2019/08/21 07:50:00",LADBROK2,43.07
D,DISPATCH,UNIT_SCADA,1,"2019/08/21 07:50:00",LD01,420.9375
D,DISPATCH,UNIT_SCADA,1,"2019/08/21 07:50:00",LD02,420.150050
D,DISPATCH,UNIT_SCADA,1,"2019/08/21 07:50:00",LD03,421.2562
D,DISPATCH,UNIT_SCADA,1,"2019/08/21 07:50:00",LD04,371.681340
D,DISPATCH,UNIT_SCADA,1,"2019/08/21 07:50:00",LEM_WIL,85.770650
D,DISPATCH,UNIT_SCADA,1,"2019/08/21 07:50:00",LGAPWF1,13.63
D,DISPATCH,UNIT_SCADA,1,"2019/08/21 07:50:00",LILYSF1,66.846720
D,DISPATCH,UNIT_SCADA,1,"2019/08/21 07:50:00",LI_WY_CA,147.6521
D,DISPATCH,UNIT_SCADA,1,"2019/08/21 07:50:00",LKBONNY2,135.330930
D,DISPATCH,UNIT_SCADA,1,"2019/08/21 07:50:00",LKBONNY3,32.990810
D,DISPATCH,UNIT_SCADA,1,"2019/08/21 07:50:00",LK_ECHO,0
D,DISPATCH,UNIT_SCADA,1,"2019/08/21 07:50:00",LNGS1,0
D,DISPATCH,UNIT_SCADA,1,"2019/08/21 07:50:00",LNGS2,0
D,DISPATCH,UNIT_SCADA,1,"2019/08/21 07:50:00",LONSDALE,0
D,DISPATCH,UNIT_SCADA,1,"2019/08/21 07:50:00",LOYYB1,535.712650
D,DISPATCH,UNIT_SCADA,1,"2019/08/21 07:50:00",LOYYB2,581.202510
D,DISPATCH,UNIT_SCADA,1,"2019/08/21 07:50:00",LYA1,500
D,DISPATCH,UNIT_SCADA,1,"2019/08/21 07:50:00",LYA2,0
D,DISPATCH,UNIT_SCADA,1,"2019/08/21 07:50:00",LYA3,562
D,DISPATCH,UNIT_SCADA,1,"2019/08/21 07:50:00",LYA4,529
D,DISPATCH,UNIT_SCADA,1,"2019/08/21 07:50:00",MACARTH1,329.192380
D,DISPATCH,UNIT_SCADA,1,"2019/08/21 07:50:00",MACKAYGT,0
D,DISPATCH,UNIT_SCADA,1,"2019/08/21 07:50:00",MACKNTSH,24.25
D,DISPATCH,UNIT_SCADA,1,"2019/08/21 07:50:00",MANSLR1,1.4880
D,DISPATCH,UNIT_SCADA,1,"2019/08/21 07:50:00",MCKAY1,0.02
D,DISPATCH,UNIT_SCADA,1,"2019/08/21 07:50:00",MEADOWBK,33.8673
D,DISPATCH,UNIT_SCADA,1,"2019/08/21 07:50:00",MERCER01,129.5330
D,DISPATCH,UNIT_SCADA,1,"2019/08/21 07:50:00",MEWF1,101.515270
D,DISPATCH,UNIT_SCADA,1,"2019/08/21 07:50:00",MINTARO,0
D,DISPATCH,UNIT_SCADA,1,"2019/08/21 07:50:00",MOREESF1,39.27
D,DISPATCH,UNIT_SCADA,1,"2019/08/21 07:50:00",MORTLK11,0
D,DISPATCH,UNIT_SCADA,1,"2019/08/21 07:50:00",MORTLK12,0
D,DISPATCH,UNIT_SCADA,1,"2019/08/21 07:50:00",MP1,281.425050
D,DISPATCH,UNIT_SCADA,1,"2019/08/21 07:50:00",MP2,0
D,DISPATCH,UNIT_SCADA,1,"2019/08/21 07:50:00",MPP_1,289.25
D,DISPATCH,UNIT_SCADA,1,"2019/08/21 07:50:00",MPP_2,434
D,DISPATCH,UNIT_SCADA,1,"2019/08/21 07:50:00",MSTUART1,0
D,DISPATCH,UNIT_SCADA,1,"2019/08/21 07:50:00",MSTUART2,0
D,DISPATCH,UNIT_SCADA,1,"2019/08/21 07:50:00",MSTUART3,0
D,DISPATCH,UNIT_SCADA,1,"2019/08/21 07:50:00",MTGELWF1,64.601580
D,DISPATCH,UNIT_SCADA,1,"2019/08/21 07:50:00",MURRAY,231.477870
D,DISPATCH,UNIT_SCADA,1,"2019/08/21 07:50:00",MUSSELR1,163.30
D,DISPATCH,UNIT_SCADA,1,"2019/08/21 07:50:00",MUWAWF1,56.07
D,DISPATCH,UNIT_SCADA,1,"2019/08/21 07:50:00",NBHWF1,67.899990
D,DISPATCH,UNIT_SCADA,1,"2019/08/21 07:50:00",NPS,0
D,DISPATCH,UNIT_SCADA,1,"2019/08/21 07:50:00",NUMURSF1,14.45
D,DISPATCH,UNIT_SCADA,1,"2019/08/21 07:50:00",NYNGAN1,27.25
D,DISPATCH,UNIT_SCADA,1,"2019/08/21 07:50:00",OAKEY1,0
D,DISPATCH,UNIT_SCADA,1,"2019/08/21 07:50:00",OAKEY1SF,0.7020
D,DISPATCH,UNIT_SCADA,1,"2019/08/21 07:50:00",OAKEY2,0
D,DISPATCH,UNIT_SCADA,1,"2019/08/21 07:50:00",OAKLAND1,51.70
D,DISPATCH,UNIT_SCADA,1,"2019/08/21 07:50:00",OSB-AG,0
D,DISPATCH,UNIT_SCADA,1,"2019/08/21 07:50:00",PARSF1,1.900010
D,DISPATCH,UNIT_SCADA,1,"2019/08/21 07:50:00",POAT110,42.4340
D,DISPATCH,UNIT_SCADA,1,"2019/08/21 07:50:00",POAT220,57.648640
D,DISPATCH,UNIT_SCADA,1,"2019/08/21 07:50:00",POR01,0
D,DISPATCH,UNIT_SCADA,1,"2019/08/21 07:50:00",POR03,0
D,DISPATCH,UNIT_SCADA,1,"2019/08/21 07:50:00",PPCCGT,172.8811
D,DISPATCH,UNIT_SCADA,1,"2019/08/21 07:50:00",PTSTAN1,0
D,DISPATCH,UNIT_SCADA,1,"2019/08/21 07:50:00",PUMP1,0
D,DISPATCH,UNIT_SCADA,1,"2019/08/21 07:50:00",PUMP2,0
D,DISPATCH,UNIT_SCADA,1,"2019/08/21 07:50:00",QPS1,29
D,DISPATCH,UNIT_SCADA,1,"2019/08/21 07:50:00",QPS2,0
D,DISPATCH,UNIT_SCADA,1,"2019/08/21 07:50:00",QPS3,0
D,DISPATCH,UNIT_SCADA,1,"2019/08/21 07:50:00",QPS4,0
D,DISPATCH,UNIT_SCADA,1,"2019/08/21 07:50:00",QPS5,75.35
D,DISPATCH,UNIT_SCADA,1,"2019/08/21 07:50:00",REECE1,118.640010
D,DISPATCH,UNIT_SCADA,1,"2019/08/21 07:50:00",REECE2,110.820010
D,DISPATCH,UNIT_SCADA,1,"2019/08/21 07:50:00",ROMA_7,0
D,DISPATCH,UNIT_SCADA,1,"2019/08/21 07:50:00",ROMA_8,0
D,DISPATCH,UNIT_SCADA,1,"2019/08/21 07:50:00",RRSF1,55.312460
D,DISPATCH,UNIT_SCADA,1,"2019/08/21 07:50:00",RT_NSW1,0
D,DISPATCH,UNIT_SCADA,1,"2019/08/21 07:50:00",RT_NSW2,0
D,DISPATCH,UNIT_SCADA,1,"2019/08/21 07:50:00",RT_NSW3,0
D,DISPATCH,UNIT_SCADA,1,"2019/08/21 07:50:00",RT_NSW4,0
D,DISPATCH,UNIT_SCADA,1,"2019/08/21 07:50:00",RT_NSW5,0
D,DISPATCH,UNIT_SCADA,1,"2019/08/21 07:50:00",RT_NSW6,0
D,DISPATCH,UNIT_SCADA,1,"2019/08/21 07:50:00",RT_QLD1,0
D,DISPATCH,UNIT_SCADA,1,"2019/08/21 07:50:00",RT_SA1,0
D,DISPATCH,UNIT_SCADA,1,"2019/08/21 07:50:00",RT_SA2,0
D,DISPATCH,UNIT_SCADA,1,"2019/08/21 07:50:00",RT_SA3,0
D,DISPATCH,UNIT_SCADA,1,"2019/08/21 07:50:00",RT_SA4,0
D,DISPATCH,UNIT_SCADA,1,"2019/08/21 07:50:00",RT_SA5,0
D,DISPATCH,UNIT_SCADA,1,"2019/08/21 07:50:00",RT_SA6,0
D,DISPATCH,UNIT_SCADA,1,"2019/08/21 07:50:00",RT_TAS1,0
D,DISPATCH,UNIT_SCADA,1,"2019/08/21 07:50:00",RT_VIC1,0
D,DISPATCH,UNIT_SCADA,1,"2019/08/21 07:50:00",RT_VIC10,0
D,DISPATCH,UNIT_SCADA,1,"2019/08/21 07:50:00",RT_VIC11,0
D,DISPATCH,UNIT_SCADA,1,"2019/08/21 07:50:00",RT_VIC12,0
D,DISPATCH,UNIT_SCADA,1,"2019/08/21 07:50:00",RT_VIC2,0
D,DISPATCH,UNIT_SCADA,1,"2019/08/21 07:50:00",RT_VIC3,0
D,DISPATCH,UNIT_SCADA,1,"2019/08/21 07:50:00",RT_VIC4,0
D,DISPATCH,UNIT_SCADA,1,"2019/08/21 07:50:00",RT_VIC5,0
D,DISPATCH,UNIT_SCADA,1,"2019/08/21 07:50:00",RT_VIC6,0
D,DISPATCH,UNIT_SCADA,1,"2019/08/21 07:50:00",RT_VIC7,0
D,DISPATCH,UNIT_SCADA,1,"2019/08/21 07:50:00",RT_VIC8,0
D,DISPATCH,UNIT_SCADA,1,"2019/08/21 07:50:00",RT_VIC9,0
D,DISPATCH,UNIT_SCADA,1,"2019/08/21 07:50:00",RUGBYR1,45.254660
D,DISPATCH,UNIT_SCADA,1,"2019/08/21 07:50:00",SALTCRK1,52.33
D,DISPATCH,UNIT_SCADA,1,"2019/08/21 07:50:00",SAPHWF1,152.493740
D,DISPATCH,UNIT_SCADA,1,"2019/08/21 07:50:00",SHGEN,197.902470
D,DISPATCH,UNIT_SCADA,1,"2019/08/21 07:50:00",SHPUMP,0
D,DISPATCH,UNIT_SCADA,1,"2019/08/21 07:50:00",SITHE01,0.083520
D,DISPATCH,UNIT_SCADA,1,"2019/08/21 07:50:00",SMCSF1,26.767980
D,DISPATCH,UNIT_SCADA,1,"2019/08/21 07:50:00",SNOWNTH1,54.50
D,DISPATCH,UNIT_SCADA,1,"2019/08/21 07:50:00",SNOWSTH1,63.10
D,DISPATCH,UNIT_SCADA,1,"2019/08/21 07:50:00",SNOWTWN1,30.406840
D,DISPATCH,UNIT_SCADA,1,"2019/08/21 07:50:00",SNOWYP,0
D,DISPATCH,UNIT_SCADA,1,"2019/08/21 07:50:00",SNUG1,0.019440
D,DISPATCH,UNIT_SCADA,1,"2019/08/21 07:50:00",SRSF1,35.57
D,DISPATCH,UNIT_SCADA,1,"2019/08/21 07:50:00",STAN-1,0
D,DISPATCH,UNIT_SCADA,1,"2019/08/21 07:50:00",STAN-2,326.238650
D,DISPATCH,UNIT_SCADA,1,"2019/08/21 07:50:00",STAN-3,325.610570
D,DISPATCH,UNIT_SCADA,1,"2019/08/21 07:50:00",STAN-4,340.940670
D,DISPATCH,UNIT_SCADA,1,"2019/08/21 07:50:00",STWF1,35.268740
D,DISPATCH,UNIT_SCADA,1,"2019/08/21 07:50:00",SWAN_E,0
D,DISPATCH,UNIT_SCADA,1,"2019/08/21 07:50:00",TALWA1,424
D,DISPATCH,UNIT_SCADA,1,"2019/08/21 07:50:00",TARALGA1,62.516240
D,DISPATCH,UNIT_SCADA,1,"2019/08/21 07:50:00",TARONG#1,330.800020
D,DISPATCH,UNIT_SCADA,1,"2019/08/21 07:50:00",TARONG#2,315.300020
D,DISPATCH,UNIT_SCADA,1,"2019/08/21 07:50:00",TARONG#3,259.600010
D,DISPATCH,UNIT_SCADA,1,"2019/08/21 07:50:00",TARONG#4,333.899990
D,DISPATCH,UNIT_SCADA,1,"2019/08/21 07:50:00",TARRALEA,74.80
D,DISPATCH,UNIT_SCADA,1,"2019/08/21 07:50:00",TBSF1,-0.20
D,DISPATCH,UNIT_SCADA,1,"2019/08/21 07:50:00",TNPS1,442.000030
D,DISPATCH,UNIT_SCADA,1,"2019/08/21 07:50:00",TORRA1,44.221080
D,DISPATCH,UNIT_SCADA,1,"2019/08/21 07:50:00",TORRA2,0
D,DISPATCH,UNIT_SCADA,1,"2019/08/21 07:50:00",TORRA3,0
D,DISPATCH,UNIT_SCADA,1,"2019/08/21 07:50:00",TORRA4,0
D,DISPATCH,UNIT_SCADA,1,"2019/08/21 07:50:00",TORRB1,60.29
D,DISPATCH,UNIT_SCADA,1,"2019/08/21 07:50:00",TORRB2,106.32
D,DISPATCH,UNIT_SCADA,1,"2019/08/21 07:50:00",TORRB3,0
D,DISPATCH,UNIT_SCADA,1,"2019/08/21 07:50:00",TORRB4,0
D,DISPATCH,UNIT_SCADA,1,"2019/08/21 07:50:00",TREVALLN,69.460010
D,DISPATCH,UNIT_SCADA,1,"2019/08/21 07:50:00",TRIBUTE,21.71
D,DISPATCH,UNIT_SCADA,1,"2019/08/21 07:50:00",TUMUT3,0
D,DISPATCH,UNIT_SCADA,1,"2019/08/21 07:50:00",TUNGATIN,132.680020
D,DISPATCH,UNIT_SCADA,1,"2019/08/21 07:50:00",TVCC201,0
D,DISPATCH,UNIT_SCADA,1,"2019/08/21 07:50:00",TVPP104,57.885170
D,DISPATCH,UNIT_SCADA,1,"2019/08/21 07:50:00",UPPTUMUT,0
D,DISPATCH,UNIT_SCADA,1,"2019/08/21 07:50:00",URANQ11,0
D,DISPATCH,UNIT_SCADA,1,"2019/08/21 07:50:00",URANQ12,0
D,DISPATCH,UNIT_SCADA,1,"2019/08/21 07:50:00",URANQ13,0
D,DISPATCH,UNIT_SCADA,1,"2019/08/21 07:50:00",URANQ14,0
D,DISPATCH,UNIT_SCADA,1,"2019/08/21 07:50:00",VP5,603.100040
D,DISPATCH,UNIT_SCADA,1,"2019/08/21 07:50:00",VP6,600.450010
D,DISPATCH,UNIT_SCADA,1,"2019/08/21 07:50:00",VPGS1,0
D,DISPATCH,UNIT_SCADA,1,"2019/08/21 07:50:00",VPGS2,0
D,DISPATCH,UNIT_SCADA,1,"2019/08/21 07:50:00",VPGS3,0
D,DISPATCH,UNIT_SCADA,1,"2019/08/21 07:50:00",VPGS4,0
D,DISPATCH,UNIT_SCADA,1,"2019/08/21 07:50:00",VPGS5,0
D,DISPATCH,UNIT_SCADA,1,"2019/08/21 07:50:00",VPGS6,0
D,DISPATCH,UNIT_SCADA,1,"2019/08/21 07:50:00",W/HOE#1,161.91
D,DISPATCH,UNIT_SCADA,1,"2019/08/21 07:50:00",W/HOE#2,0
D,DISPATCH,UNIT_SCADA,1,"2019/08/21 07:50:00",WATERLWF,68.60
D,DISPATCH,UNIT_SCADA,1,"2019/08/21 07:50:00",WEMENSF1,2.70
D,DISPATCH,UNIT_SCADA,1,"2019/08/21 07:50:00",WGWF1,71.70
D,DISPATCH,UNIT_SCADA,1,"2019/08/21 07:50:00",WHITSF1,31.70
D,DISPATCH,UNIT_SCADA,1,"2019/08/21 07:50:00",WKIEWA1,11.50
D,DISPATCH,UNIT_SCADA,1,"2019/08/21 07:50:00",WKIEWA2,11.60
D,DISPATCH,UNIT_SCADA,1,"2019/08/21 07:50:00",WOODLWN1,44.7840
D,DISPATCH,UNIT_SCADA,1,"2019/08/21 07:50:00",WRSF1,9.07
D,DISPATCH,UNIT_SCADA,1,"2019/08/21 07:50:00",WRWF1,149.774990
D,DISPATCH,UNIT_SCADA,1,"2019/08/21 07:50:00",YABULU,0
D,DISPATCH,UNIT_SCADA,1,"2019/08/21 07:50:00",YABULU2,0
D,DISPATCH,UNIT_SCADA,1,"2019/08/21 07:50:00",YARWUN_1,0
D,DISPATCH,UNIT_SCADA,1,"2019/08/21 07:50:00",YENDWF1,42.06
D,DISPATCH,UNIT_SCADA,1,"2019/08/21 07:50:00",YWPS1,379.197480
D,DISPATCH,UNIT_SCADA,1,"2019/08/21 07:50:00",YWPS2,277.691130
D,DISPATCH,UNIT_SCADA,1,"2019/08/21 07:50:00",YWPS3,0
D,DISPATCH,UNIT_SCADA,1,"2019/08/21 07:50:00",YWPS4,391.286070
C,"END OF REPORT",334
