C,NEMP.WORLD,DISPATCHSCADA,AEMO,PUBLIC,2019/09/06,13:00:10,0000000312463225,DISPATCHSCADA,0000000312463219
I,DISPATCH,UNIT_SCADA,1,SETTLEMENTDATE,DUID,SCADAVALUE
D,DISPATCH,UNIT_SCADA,1,"2019/09/06 13:05:00",BARCSF1,8.900001
D,DISPATCH,UNIT_SCADA,1,"2019/09/06 13:05:00",BUTLERSG,10.199999
D,DISPATCH,UNIT_SCADA,1,"2019/09/06 13:05:00",CALL_A_4,0
D,DISPATCH,UNIT_SCADA,1,"2019/09/06 13:05:00",CAPTL_WF,120.132004
D,DISPATCH,UNIT_SCADA,1,"2019/09/06 13:05:00",CATHROCK,0
D,DISPATCH,UNIT_SCADA,1,"2019/09/06 13:05:00",CHALLHWF,5.30
D,DISPATCH,UNIT_SCADA,1,"2019/09/06 13:05:00",CLOVER,-0.02
D,DISPATCH,UNIT_SCADA,1,"2019/09/06 13:05:00",CLUNY,18.196842
D,DISPATCH,UNIT_SCADA,1,"2019/09/06 13:05:00",CNUNDAWF,42.149170
D,DISPATCH,UNIT_SCADA,1,"2019/09/06 13:05:00",CULLRGWF,28.91
D,DISPATCH,UNIT_SCADA,1,"2019/09/06 13:05:00",ERGT01,0
D,DISPATCH,UNIT_SCADA,1,"2019/09/06 13:05:00",GB01,0.012867
D,DISPATCH,UNIT_SCADA,1,"2019/09/06 13:05:00",GERMCRK,33.700001
D,DISPATCH,UNIT_SCADA,1,"2019/09/06 13:05:00",GRIFSF1,1.699997
D,DISPATCH,UNIT_SCADA,1,"2019/09/06 13:05:00",HUGSF1,9.04
D,DISPATCH,UNIT_SCADA,1,"2019/09/06 13:05:00",LKBONNY1,65.910309
D,DISPATCH,UNIT_SCADA,1,"2019/09/06 13:05:00",LRSF1,11.1660
D,DISPATCH,UNIT_SCADA,1,"2019/09/06 13:05:00",MBAHNTH,51.618744
D,DISPATCH,UNIT_SCADA,1,"2019/09/06 13:05:00",MLSP1,11.021001
D,DISPATCH,UNIT_SCADA,1,"2019/09/06 13:05:00",MLWF1,13.5750
D,DISPATCH,UNIT_SCADA,1,"2019/09/06 13:05:00",MTMILLAR,56.873943
D,DISPATCH,UNIT_SCADA,1,"2019/09/06 13:05:00",PALOONA,24.189999
D,DISPATCH,UNIT_SCADA,1,"2019/09/06 13:05:00",PIONEER,34.299999
D,DISPATCH,UNIT_SCADA,1,"2019/09/06 13:05:00",PORTWF,36.799999
D,DISPATCH,UNIT_SCADA,1,"2019/09/06 13:05:00",REPULSE,32.587776
D,DISPATCH,UNIT_SCADA,1,"2019/09/06 13:05:00",ROWALLAN,10.3021
D,DISPATCH,UNIT_SCADA,1,"2019/09/06 13:05:00",ROYALLA1,16.578001
D,DISPATCH,UNIT_SCADA,1,"2019/09/06 13:05:00",RPCG,11.50
D,DISPATCH,UNIT_SCADA,1,"2019/09/06 13:05:00",RUBICON,0
D,DISPATCH,UNIT_SCADA,1,"2019/09/06 13:05:00",SATGN1,0
D,DISPATCH,UNIT_SCADA,1,"2019/09/06 13:05:00",SATGS1,0
D,DISPATCH,UNIT_SCADA,1,"2019/09/06 13:05:00",STARHLWF,25.792479
D,DISPATCH,UNIT_SCADA,1,"2019/09/06 13:05:00",WAUBRAWF,36.110001
D,DISPATCH,UNIT_SCADA,1,"2019/09/06 13:05:00",WOOLNTH1,35.440018
D,DISPATCH,UNIT_SCADA,1,"2019/09/06 13:05:00",WPWF,83
D,DISPATCH,UNIT_SCADA,1,"2019/09/06 13:05:00",YAMBUKWF,23.700001
D,DISPATCH,UNIT_SCADA,1,"2019/09/06 13:05:00",YSWF1,21.90
D,DISPATCH,UNIT_SCADA,1,"2019/09/06 13:05:00",AGLHAL,0
D,DISPATCH,UNIT_SCADA,1,"2019/09/06 13:05:00",AGLSOM,0
D,DISPATCH,UNIT_SCADA,1,"2019/09/06 13:05:00",ANGAST1,0
D,DISPATCH,UNIT_SCADA,1,"2019/09/06 13:05:00",ARWF1,29.10
D,DISPATCH,UNIT_SCADA,1,"2019/09/06 13:05:00",BALBG1,0
D,DISPATCH,UNIT_SCADA,1,"2019/09/06 13:05:00",BALBL1,9.22
D,DISPATCH,UNIT_SCADA,1,"2019/09/06 13:05:00",BALDHWF1,83.7310
D,DISPATCH,UNIT_SCADA,1,"2019/09/06 13:05:00",BANN1,35.12
D,DISPATCH,UNIT_SCADA,1,"2019/09/06 13:05:00",BARCALDN,0
D,DISPATCH,UNIT_SCADA,1,"2019/09/06 13:05:00",BARRON-1,0
D,DISPATCH,UNIT_SCADA,1,"2019/09/06 13:05:00",BARRON-2,0
D,DISPATCH,UNIT_SCADA,1,"2019/09/06 13:05:00",BASTYAN,79.37
D,DISPATCH,UNIT_SCADA,1,"2019/09/06 13:05:00",BBTHREE1,0
D,DISPATCH,UNIT_SCADA,1,"2019/09/06 13:05:00",BBTHREE2,0
D,DISPATCH,UNIT_SCADA,1,"2019/09/06 13:05:00",BBTHREE3,0
D,DISPATCH,UNIT_SCADA,1,"2019/09/06 13:05:00",BDL01,0
D,DISPATCH,UNIT_SCADA,1,"2019/09/06 13:05:00",BDL02,-0.12
D,DISPATCH,UNIT_SCADA,1,"2019/09/06 13:05:00",BERYLSF1,46.4417
D,DISPATCH,UNIT_SCADA,1,"2019/09/06 13:05:00",BLOWERNG,15.30
D,DISPATCH,UNIT_SCADA,1,"2019/09/06 13:05:00",BLUFF1,27.50
D,DISPATCH,UNIT_SCADA,1,"2019/09/06 13:05:00",BNGSF1,70.50
D,DISPATCH,UNIT_SCADA,1,"2019/09/06 13:05:00",BNGSF2,19.88
D,DISPATCH,UNIT_SCADA,1,"2019/09/06 13:05:00",BOCORWF1,111.01
D,DISPATCH,UNIT_SCADA,1,"2019/09/06 13:05:00",BODWF1,110.091240
D,DISPATCH,UNIT_SCADA,1,"2019/09/06 13:05:00",BRAEMAR1,0
D,DISPATCH,UNIT_SCADA,1,"2019/09/06 13:05:00",BRAEMAR2,0
D,DISPATCH,UNIT_SCADA,1,"2019/09/06 13:05:00",BRAEMAR3,0
D,DISPATCH,UNIT_SCADA,1,"2019/09/06 13:05:00",BRAEMAR5,0
D,DISPATCH,UNIT_SCADA,1,"2019/09/06 13:05:00",BRAEMAR6,0
D,DISPATCH,UNIT_SCADA,1,"2019/09/06 13:05:00",BRAEMAR7,0
D,DISPATCH,UNIT_SCADA,1,"2019/09/06 13:05:00",BROKENH1,26.418460
D,DISPATCH,UNIT_SCADA,1,"2019/09/06 13:05:00",BW01,573.200070
D,DISPATCH,UNIT_SCADA,1,"2019/09/06 13:05:00",BW02,593.775020
D,DISPATCH,UNIT_SCADA,1,"2019/09/06 13:05:00",BW03,632.075070
D,DISPATCH,UNIT_SCADA,1,"2019/09/06 13:05:00",BW04,0
D,DISPATCH,UNIT_SCADA,1,"2019/09/06 13:05:00",CALL_B_1,348.50
D,DISPATCH,UNIT_SCADA,1,"2019/09/06 13:05:00",CALL_B_2,351.399990
D,DISPATCH,UNIT_SCADA,1,"2019/09/06 13:05:00",CETHANA,97.046880
D,DISPATCH,UNIT_SCADA,1,"2019/09/06 13:05:00",CG1,0
D,DISPATCH,UNIT_SCADA,1,"2019/09/06 13:05:00",CG2,0
D,DISPATCH,UNIT_SCADA,1,"2019/09/06 13:05:00",CG3,0
D,DISPATCH,UNIT_SCADA,1,"2019/09/06 13:05:00",CG4,0
D,DISPATCH,UNIT_SCADA,1,"2019/09/06 13:05:00",CHILDSF1,45.05
D,DISPATCH,UNIT_SCADA,1,"2019/09/06 13:05:00",CLARESF1,45.914110
D,DISPATCH,UNIT_SCADA,1,"2019/09/06 13:05:00",CLEMGPWF,26.292780
D,DISPATCH,UNIT_SCADA,1,"2019/09/06 13:05:00",CLERMSF1,14.72
D,DISPATCH,UNIT_SCADA,1,"2019/09/06 13:05:00",COLEASF1,32.399990
D,DISPATCH,UNIT_SCADA,1,"2019/09/06 13:05:00",COOPGWF1,48.198860
D,DISPATCH,UNIT_SCADA,1,"2019/09/06 13:05:00",CPP_3,326.149990
D,DISPATCH,UNIT_SCADA,1,"2019/09/06 13:05:00",CPP_4,260.700010
D,DISPATCH,UNIT_SCADA,1,"2019/09/06 13:05:00",CPSA,75.161250
D,DISPATCH,UNIT_SCADA,1,"2019/09/06 13:05:00",CROOKWF2,81.543750
D,DISPATCH,UNIT_SCADA,1,"2019/09/06 13:05:00",CROWLWF1,15.194620
D,DISPATCH,UNIT_SCADA,1,"2019/09/06 13:05:00",CSPVPS1,31.9990
D,DISPATCH,UNIT_SCADA,1,"2019/09/06 13:05:00",DALNTH01,0.025940
D,DISPATCH,UNIT_SCADA,1,"2019/09/06 13:05:00",DALNTHL1,0
D,DISPATCH,UNIT_SCADA,1,"2019/09/06 13:05:00",DARTM1,0
D,DISPATCH,UNIT_SCADA,1,"2019/09/06 13:05:00",DAYDSF1,114.178010
D,DISPATCH,UNIT_SCADA,1,"2019/09/06 13:05:00",DDPS1,0
D,DISPATCH,UNIT_SCADA,1,"2019/09/06 13:05:00",DDSF1,106.000380
D,DISPATCH,UNIT_SCADA,1,"2019/09/06 13:05:00",DEVILS_G,0
D,DISPATCH,UNIT_SCADA,1,"2019/09/06 13:05:00",DG_NSW1,0
D,DISPATCH,UNIT_SCADA,1,"2019/09/06 13:05:00",DG_QLD1,0
D,DISPATCH,UNIT_SCADA,1,"2019/09/06 13:05:00",DG_SA1,0
D,DISPATCH,UNIT_SCADA,1,"2019/09/06 13:05:00",DG_TAS1,0
D,DISPATCH,UNIT_SCADA,1,"2019/09/06 13:05:00",DG_VIC1,0
D,DISPATCH,UNIT_SCADA,1,"2019/09/06 13:05:00",DRYCGT1,0
D,DISPATCH,UNIT_SCADA,1,"2019/09/06 13:05:00",DRYCGT2,0
D,DISPATCH,UNIT_SCADA,1,"2019/09/06 13:05:00",DRYCGT3,0
D,DISPATCH,UNIT_SCADA,1,"2019/09/06 13:05:00",EILDON1,0
D,DISPATCH,UNIT_SCADA,1,"2019/09/06 13:05:00",EILDON2,0
D,DISPATCH,UNIT_SCADA,1,"2019/09/06 13:05:00",EMERASF1,67.04
D,DISPATCH,UNIT_SCADA,1,"2019/09/06 13:05:00",ER01,553.974980
D,DISPATCH,UNIT_SCADA,1,"2019/09/06 13:05:00",ER02,660.099980
D,DISPATCH,UNIT_SCADA,1,"2019/09/06 13:05:00",ER03,0
D,DISPATCH,UNIT_SCADA,1,"2019/09/06 13:05:00",ER04,643.224980
D,DISPATCH,UNIT_SCADA,1,"2019/09/06 13:05:00",FINLYSF1,2.462510
D,DISPATCH,UNIT_SCADA,1,"2019/09/06 13:05:00",FISHER,45.67
D,DISPATCH,UNIT_SCADA,1,"2019/09/06 13:05:00",GANNBG1,0
D,DISPATCH,UNIT_SCADA,1,"2019/09/06 13:05:00",GANNBL1,5.391490
D,DISPATCH,UNIT_SCADA,1,"2019/09/06 13:05:00",GANNSF1,13.20
D,DISPATCH,UNIT_SCADA,1,"2019/09/06 13:05:00",GORDON,19.472880
D,DISPATCH,UNIT_SCADA,1,"2019/09/06 13:05:00",GSTONE1,131.4250
D,DISPATCH,UNIT_SCADA,1,"2019/09/06 13:05:00",GSTONE2,110.4250
D,DISPATCH,UNIT_SCADA,1,"2019/09/06 13:05:00",GSTONE3,0
D,DISPATCH,UNIT_SCADA,1,"2019/09/06 13:05:00",GSTONE4,130.724990
D,DISPATCH,UNIT_SCADA,1,"2019/09/06 13:05:00",GSTONE5,131.4250
D,DISPATCH,UNIT_SCADA,1,"2019/09/06 13:05:00",GSTONE6,130.899990
D,DISPATCH,UNIT_SCADA,1,"2019/09/06 13:05:00",GULLRSF1,4.106110
D,DISPATCH,UNIT_SCADA,1,"2019/09/06 13:05:00",GULLRWF1,124.064120
D,DISPATCH,UNIT_SCADA,1,"2019/09/06 13:05:00",GUNNING1,40.223670
D,DISPATCH,UNIT_SCADA,1,"2019/09/06 13:05:00",GUTHEGA,0
D,DISPATCH,UNIT_SCADA,1,"2019/09/06 13:05:00",HALLWF1,50.26
D,DISPATCH,UNIT_SCADA,1,"2019/09/06 13:05:00",HALLWF2,28.90
D,DISPATCH,UNIT_SCADA,1,"2019/09/06 13:05:00",HAMISF1,45.70
D,DISPATCH,UNIT_SCADA,1,"2019/09/06 13:05:00",HAUGHT11,0
D,DISPATCH,UNIT_SCADA,1,"2019/09/06 13:05:00",HAYMSF1,40.7560
D,DISPATCH,UNIT_SCADA,1,"2019/09/06 13:05:00",HDWF1,54.90
D,DISPATCH,UNIT_SCADA,1,"2019/09/06 13:05:00",HDWF2,55
D,DISPATCH,UNIT_SCADA,1,"2019/09/06 13:05:00",HDWF3,54.70
D,DISPATCH,UNIT_SCADA,1,"2019/09/06 13:05:00",HPRG1,5.60
D,DISPATCH,UNIT_SCADA,1,"2019/09/06 13:05:00",HPRL1,0
D,DISPATCH,UNIT_SCADA,1,"2019/09/06 13:05:00",HUMENSW,0
D,DISPATCH,UNIT_SCADA,1,"2019/09/06 13:05:00",HUMEV,25
D,DISPATCH,UNIT_SCADA,1,"2019/09/06 13:05:00",HVGTS,0
D,DISPATCH,UNIT_SCADA,1,"2019/09/06 13:05:00",JBUTTERS,111.899990
D,DISPATCH,UNIT_SCADA,1,"2019/09/06 13:05:00",JLA01,0.10
D,DISPATCH,UNIT_SCADA,1,"2019/09/06 13:05:00",JLA02,0
D,DISPATCH,UNIT_SCADA,1,"2019/09/06 13:05:00",JLA03,0
D,DISPATCH,UNIT_SCADA,1,"2019/09/06 13:05:00",JLA04,0
D,DISPATCH,UNIT_SCADA,1,"2019/09/06 13:05:00",JLB01,0
D,DISPATCH,UNIT_SCADA,1,"2019/09/06 13:05:00",JLB02,0.10
D,DISPATCH,UNIT_SCADA,1,"2019/09/06 13:05:00",JLB03,0
D,DISPATCH,UNIT_SCADA,1,"2019/09/06 13:05:00",KAREEYA1,21.5550
D,DISPATCH,UNIT_SCADA,1,"2019/09/06 13:05:00",KAREEYA2,21.6625
D,DISPATCH,UNIT_SCADA,1,"2019/09/06 13:05:00",KAREEYA3,0
D,DISPATCH,UNIT_SCADA,1,"2019/09/06 13:05:00",KAREEYA4,21.4825
D,DISPATCH,UNIT_SCADA,1,"2019/09/06 13:05:00",KARSF1,72
D,DISPATCH,UNIT_SCADA,1,"2019/09/06 13:05:00",KIATAWF1,29
D,DISPATCH,UNIT_SCADA,1,"2019/09/06 13:05:00",KPP_1,0
D,DISPATCH,UNIT_SCADA,1,"2019/09/06 13:05:00",KSP1,46.16
D,DISPATCH,UNIT_SCADA,1,"2019/09/06 13:05:00",LADBROK1,0
D,DISPATCH,UNIT_SCADA,1,"2019/09/06 13:05:00",LADBROK2,0
D,DISPATCH,UNIT_SCADA,1,"2019/09/06 13:05:00",LD01,383.175020
D,DISPATCH,UNIT_SCADA,1,"2019/09/06 13:05:00",LD02,381.731230
D,DISPATCH,UNIT_SCADA,1,"2019/09/06 13:05:00",LD03,374.943790
D,DISPATCH,UNIT_SCADA,1,"2019/09/06 13:05:00",LD04,377.324980
D,DISPATCH,UNIT_SCADA,1,"2019/09/06 13:05:00",LEM_WIL,84.6753
D,DISPATCH,UNIT_SCADA,1,"2019/09/06 13:05:00",LGAPWF1,34.34
D,DISPATCH,UNIT_SCADA,1,"2019/09/06 13:05:00",LILYSF1,0
D,DISPATCH,UNIT_SCADA,1,"2019/09/06 13:05:00",LI_WY_CA,163.146390
D,DISPATCH,UNIT_SCADA,1,"2019/09/06 13:05:00",LKBONNY2,127.304260
D,DISPATCH,UNIT_SCADA,1,"2019/09/06 13:05:00",LKBONNY3,29.808960
D,DISPATCH,UNIT_SCADA,1,"2019/09/06 13:05:00",LK_ECHO,0
D,DISPATCH,UNIT_SCADA,1,"2019/09/06 13:05:00",LNGS1,0
D,DISPATCH,UNIT_SCADA,1,"2019/09/06 13:05:00",LNGS2,0
D,DISPATCH,UNIT_SCADA,1,"2019/09/06 13:05:00",LONSDALE,0
D,DISPATCH,UNIT_SCADA,1,"2019/09/06 13:05:00",LOYYB1,536.088620
D,DISPATCH,UNIT_SCADA,1,"2019/09/06 13:05:00",LOYYB2,584.586060
D,DISPATCH,UNIT_SCADA,1,"2019/09/06 13:05:00",LYA1,0
D,DISPATCH,UNIT_SCADA,1,"2019/09/06 13:05:00",LYA2,0
D,DISPATCH,UNIT_SCADA,1,"2019/09/06 13:05:00",LYA3,560
D,DISPATCH,UNIT_SCADA,1,"2019/09/06 13:05:00",LYA4,540
D,DISPATCH,UNIT_SCADA,1,"2019/09/06 13:05:00",MACARTH1,97.497750
D,DISPATCH,UNIT_SCADA,1,"2019/09/06 13:05:00",MACKAYGT,0.2240
D,DISPATCH,UNIT_SCADA,1,"2019/09/06 13:05:00",MACKNTSH,87.080010
D,DISPATCH,UNIT_SCADA,1,"2019/09/06 13:05:00",MANSLR1,15.6370
D,DISPATCH,UNIT_SCADA,1,"2019/09/06 13:05:00",MCKAY1,-0.0350
D,DISPATCH,UNIT_SCADA,1,"2019/09/06 13:05:00",MEADOWBK,34.124520
D,DISPATCH,UNIT_SCADA,1,"2019/09/06 13:05:00",MERCER01,60.35
D,DISPATCH,UNIT_SCADA,1,"2019/09/06 13:05:00",MEWF1,14.556160
D,DISPATCH,UNIT_SCADA,1,"2019/09/06 13:05:00",MINTARO,0
D,DISPATCH,UNIT_SCADA,1,"2019/09/06 13:05:00",MOREESF1,47.6040
D,DISPATCH,UNIT_SCADA,1,"2019/09/06 13:05:00",MORTLK11,130
D,DISPATCH,UNIT_SCADA,1,"2019/09/06 13:05:00",MORTLK12,0
D,DISPATCH,UNIT_SCADA,1,"2019/09/06 13:05:00",MP1,156.299990
D,DISPATCH,UNIT_SCADA,1,"2019/09/06 13:05:00",MP2,0
D,DISPATCH,UNIT_SCADA,1,"2019/09/06 13:05:00",MPP_1,369.50
D,DISPATCH,UNIT_SCADA,1,"2019/09/06 13:05:00",MPP_2,384.75
D,DISPATCH,UNIT_SCADA,1,"2019/09/06 13:05:00",MSTUART1,0
D,DISPATCH,UNIT_SCADA,1,"2019/09/06 13:05:00",MSTUART2,0
D,DISPATCH,UNIT_SCADA,1,"2019/09/06 13:05:00",MSTUART3,0
D,DISPATCH,UNIT_SCADA,1,"2019/09/06 13:05:00",MTGELWF1,63.750110
D,DISPATCH,UNIT_SCADA,1,"2019/09/06 13:05:00",MURRAY,0
D,DISPATCH,UNIT_SCADA,1,"2019/09/06 13:05:00",MUSSELR1,160.799990
D,DISPATCH,UNIT_SCADA,1,"2019/09/06 13:05:00",MUWAWF1,65.62
D,DISPATCH,UNIT_SCADA,1,"2019/09/06 13:05:00",NBHWF1,59.80
D,DISPATCH,UNIT_SCADA,1,"2019/09/06 13:05:00",NPS,0
D,DISPATCH,UNIT_SCADA,1,"2019/09/06 13:05:00",NUMURSF1,32.06
D,DISPATCH,UNIT_SCADA,1,"2019/09/06 13:05:00",NYNGAN1,60
D,DISPATCH,UNIT_SCADA,1,"2019/09/06 13:05:00",OAKEY1,0
D,DISPATCH,UNIT_SCADA,1,"2019/09/06 13:05:00",OAKEY1SF,23.2870
D,DISPATCH,UNIT_SCADA,1,"2019/09/06 13:05:00",OAKEY2,0
D,DISPATCH,UNIT_SCADA,1,"2019/09/06 13:05:00",OAKEY2SF,0
D,DISPATCH,UNIT_SCADA,1,"2019/09/06 13:05:00",OAKLAND1,33.20
D,DISPATCH,UNIT_SCADA,1,"2019/09/06 13:05:00",OSB-AG,0
D,DISPATCH,UNIT_SCADA,1,"2019/09/06 13:05:00",PARSF1,19.000010
D,DISPATCH,UNIT_SCADA,1,"2019/09/06 13:05:00",POAT110,0
D,DISPATCH,UNIT_SCADA,1,"2019/09/06 13:05:00",POAT220,0
D,DISPATCH,UNIT_SCADA,1,"2019/09/06 13:05:00",POR01,0
D,DISPATCH,UNIT_SCADA,1,"2019/09/06 13:05:00",POR03,0
D,DISPATCH,UNIT_SCADA,1,"2019/09/06 13:05:00",PPCCGT,0
D,DISPATCH,UNIT_SCADA,1,"2019/09/06 13:05:00",PTSTAN1,0
D,DISPATCH,UNIT_SCADA,1,"2019/09/06 13:05:00",PUMP1,0
D,DISPATCH,UNIT_SCADA,1,"2019/09/06 13:05:00",PUMP2,0
D,DISPATCH,UNIT_SCADA,1,"2019/09/06 13:05:00",QPS1,0
D,DISPATCH,UNIT_SCADA,1,"2019/09/06 13:05:00",QPS2,0
D,DISPATCH,UNIT_SCADA,1,"2019/09/06 13:05:00",QPS3,0
D,DISPATCH,UNIT_SCADA,1,"2019/09/06 13:05:00",QPS4,0
D,DISPATCH,UNIT_SCADA,1,"2019/09/06 13:05:00",QPS5,0
D,DISPATCH,UNIT_SCADA,1,"2019/09/06 13:05:00",REECE1,101.390010
D,DISPATCH,UNIT_SCADA,1,"2019/09/06 13:05:00",REECE2,99.690010
D,DISPATCH,UNIT_SCADA,1,"2019/09/06 13:05:00",ROMA_7,0
D,DISPATCH,UNIT_SCADA,1,"2019/09/06 13:05:00",ROMA_8,0
D,DISPATCH,UNIT_SCADA,1,"2019/09/06 13:05:00",RRSF1,111.046550
D,DISPATCH,UNIT_SCADA,1,"2019/09/06 13:05:00",RT_NSW1,0
D,DISPATCH,UNIT_SCADA,1,"2019/09/06 13:05:00",RT_NSW2,0
D,DISPATCH,UNIT_SCADA,1,"2019/09/06 13:05:00",RT_NSW3,0
D,DISPATCH,UNIT_SCADA,1,"2019/09/06 13:05:00",RT_NSW4,0
D,DISPATCH,UNIT_SCADA,1,"2019/09/06 13:05:00",RT_NSW5,0
D,DISPATCH,UNIT_SCADA,1,"2019/09/06 13:05:00",RT_NSW6,0
D,DISPATCH,UNIT_SCADA,1,"2019/09/06 13:05:00",RT_QLD1,0
D,DISPATCH,UNIT_SCADA,1,"2019/09/06 13:05:00",RT_SA1,0
D,DISPATCH,UNIT_SCADA,1,"2019/09/06 13:05:00",RT_SA2,0
D,DISPATCH,UNIT_SCADA,1,"2019/09/06 13:05:00",RT_SA3,0
D,DISPATCH,UNIT_SCADA,1,"2019/09/06 13:05:00",RT_SA4,0
D,DISPATCH,UNIT_SCADA,1,"2019/09/06 13:05:00",RT_SA5,0
D,DISPATCH,UNIT_SCADA,1,"2019/09/06 13:05:00",RT_SA6,0
D,DISPATCH,UNIT_SCADA,1,"2019/09/06 13:05:00",RT_TAS1,0
D,DISPATCH,UNIT_SCADA,1,"2019/09/06 13:05:00",RT_VIC1,0
D,DISPATCH,UNIT_SCADA,1,"2019/09/06 13:05:00",RT_VIC10,0
D,DISPATCH,UNIT_SCADA,1,"2019/09/06 13:05:00",RT_VIC11,0
D,DISPATCH,UNIT_SCADA,1,"2019/09/06 13:05:00",RT_VIC12,0
D,DISPATCH,UNIT_SCADA,1,"2019/09/06 13:05:00",RT_VIC2,0
D,DISPATCH,UNIT_SCADA,1,"2019/09/06 13:05:00",RT_VIC3,0
D,DISPATCH,UNIT_SCADA,1,"2019/09/06 13:05:00",RT_VIC4,0
D,DISPATCH,UNIT_SCADA,1,"2019/09/06 13:05:00",RT_VIC5,0
D,DISPATCH,UNIT_SCADA,1,"2019/09/06 13:05:00",RT_VIC6,0
D,DISPATCH,UNIT_SCADA,1,"2019/09/06 13:05:00",RT_VIC7,0
D,DISPATCH,UNIT_SCADA,1,"2019/09/06 13:05:00",RT_VIC8,0
D,DISPATCH,UNIT_SCADA,1,"2019/09/06 13:05:00",RT_VIC9,0
D,DISPATCH,UNIT_SCADA,1,"2019/09/06 13:05:00",RUGBYR1,62.625790
D,DISPATCH,UNIT_SCADA,1,"2019/09/06 13:05:00",SALTCRK1,15.06
D,DISPATCH,UNIT_SCADA,1,"2019/09/06 13:05:00",SAPHWF1,247.650020
D,DISPATCH,UNIT_SCADA,1,"2019/09/06 13:05:00",SHGEN,0
D,DISPATCH,UNIT_SCADA,1,"2019/09/06 13:05:00",SHPUMP,78.701680
D,DISPATCH,UNIT_SCADA,1,"2019/09/06 13:05:00",SITHE01,0.1840
D,DISPATCH,UNIT_SCADA,1,"2019/09/06 13:05:00",SMCSF1,87.3633
D,DISPATCH,UNIT_SCADA,1,"2019/09/06 13:05:00",SNOWNTH1,126.50
D,DISPATCH,UNIT_SCADA,1,"2019/09/06 13:05:00",SNOWSTH1,107.60
D,DISPATCH,UNIT_SCADA,1,"2019/09/06 13:05:00",SNOWTWN1,48.497190
D,DISPATCH,UNIT_SCADA,1,"2019/09/06 13:05:00",SNOWYP,197.400010
D,DISPATCH,UNIT_SCADA,1,"2019/09/06 13:05:00",SNUG1,0.019440
D,DISPATCH,UNIT_SCADA,1,"2019/09/06 13:05:00",SRSF1,69.65
D,DISPATCH,UNIT_SCADA,1,"2019/09/06 13:05:00",STAN-1,186.088820
D,DISPATCH,UNIT_SCADA,1,"2019/09/06 13:05:00",STAN-2,233.783860
D,DISPATCH,UNIT_SCADA,1,"2019/09/06 13:05:00",STAN-3,232.245710
D,DISPATCH,UNIT_SCADA,1,"2019/09/06 13:05:00",STAN-4,231.2972
D,DISPATCH,UNIT_SCADA,1,"2019/09/06 13:05:00",STWF1,0
D,DISPATCH,UNIT_SCADA,1,"2019/09/06 13:05:00",SWAN_E,0
D,DISPATCH,UNIT_SCADA,1,"2019/09/06 13:05:00",TALWA1,191
D,DISPATCH,UNIT_SCADA,1,"2019/09/06 13:05:00",TARALGA1,97.593730
D,DISPATCH,UNIT_SCADA,1,"2019/09/06 13:05:00",TARONG#1,349.100010
D,DISPATCH,UNIT_SCADA,1,"2019/09/06 13:05:00",TARONG#2,0
D,DISPATCH,UNIT_SCADA,1,"2019/09/06 13:05:00",TARONG#3,279.399990
D,DISPATCH,UNIT_SCADA,1,"2019/09/06 13:05:00",TARONG#4,350.399990
D,DISPATCH,UNIT_SCADA,1,"2019/09/06 13:05:00",TARRALEA,73.70
D,DISPATCH,UNIT_SCADA,1,"2019/09/06 13:05:00",TBSF1,62.70
D,DISPATCH,UNIT_SCADA,1,"2019/09/06 13:05:00",TNPS1,400.000030
D,DISPATCH,UNIT_SCADA,1,"2019/09/06 13:05:00",TORRA1,42.353240
D,DISPATCH,UNIT_SCADA,1,"2019/09/06 13:05:00",TORRA2,0
D,DISPATCH,UNIT_SCADA,1,"2019/09/06 13:05:00",TORRA3,0
D,DISPATCH,UNIT_SCADA,1,"2019/09/06 13:05:00",TORRA4,43.095870
D,DISPATCH,UNIT_SCADA,1,"2019/09/06 13:05:00",TORRB1,53.69
D,DISPATCH,UNIT_SCADA,1,"2019/09/06 13:05:00",TORRB2,61.08
D,DISPATCH,UNIT_SCADA,1,"2019/09/06 13:05:00",TORRB3,50.58
D,DISPATCH,UNIT_SCADA,1,"2019/09/06 13:05:00",TORRB4,0
D,DISPATCH,UNIT_SCADA,1,"2019/09/06 13:05:00",TREVALLN,87.570030
D,DISPATCH,UNIT_SCADA,1,"2019/09/06 13:05:00",TRIBUTE,0
D,DISPATCH,UNIT_SCADA,1,"2019/09/06 13:05:00",TUMUT3,0
D,DISPATCH,UNIT_SCADA,1,"2019/09/06 13:05:00",TUNGATIN,60.400030
D,DISPATCH,UNIT_SCADA,1,"2019/09/06 13:05:00",TVCC201,0
D,DISPATCH,UNIT_SCADA,1,"2019/09/06 13:05:00",TVPP104,0
D,DISPATCH,UNIT_SCADA,1,"2019/09/06 13:05:00",UPPTUMUT,0.888550
D,DISPATCH,UNIT_SCADA,1,"2019/09/06 13:05:00",URANQ11,0
D,DISPATCH,UNIT_SCADA,1,"2019/09/06 13:05:00",URANQ12,0
D,DISPATCH,UNIT_SCADA,1,"2019/09/06 13:05:00",URANQ13,0
D,DISPATCH,UNIT_SCADA,1,"2019/09/06 13:05:00",URANQ14,0
D,DISPATCH,UNIT_SCADA,1,"2019/09/06 13:05:00",VP5,402.25
D,DISPATCH,UNIT_SCADA,1,"2019/09/06 13:05:00",VP6,0
D,DISPATCH,UNIT_SCADA,1,"2019/09/06 13:05:00",VPGS1,0
D,DISPATCH,UNIT_SCADA,1,"2019/09/06 13:05:00",VPGS2,0
D,DISPATCH,UNIT_SCADA,1,"2019/09/06 13:05:00",VPGS3,0
D,DISPATCH,UNIT_SCADA,1,"2019/09/06 13:05:00",VPGS4,0
D,DISPATCH,UNIT_SCADA,1,"2019/09/06 13:05:00",VPGS5,0
D,DISPATCH,UNIT_SCADA,1,"2019/09/06 13:05:00",VPGS6,0
D,DISPATCH,UNIT_SCADA,1,"2019/09/06 13:05:00",W/HOE#1,0
D,DISPATCH,UNIT_SCADA,1,"2019/09/06 13:05:00",W/HOE#2,0
D,DISPATCH,UNIT_SCADA,1,"2019/09/06 13:05:00",WATERLWF,80.20
D,DISPATCH,UNIT_SCADA,1,"2019/09/06 13:05:00",WEMENSF1,44
D,DISPATCH,UNIT_SCADA,1,"2019/09/06 13:05:00",WGWF1,52
D,DISPATCH,UNIT_SCADA,1,"2019/09/06 13:05:00",WHITSF1,42.10
D,DISPATCH,UNIT_SCADA,1,"2019/09/06 13:05:00",WKIEWA1,0
D,DISPATCH,UNIT_SCADA,1,"2019/09/06 13:05:00",WKIEWA2,0.10
D,DISPATCH,UNIT_SCADA,1,"2019/09/06 13:05:00",WOODLWN1,39.78
D,DISPATCH,UNIT_SCADA,1,"2019/09/06 13:05:00",WRSF1,13.23
D,DISPATCH,UNIT_SCADA,1,"2019/09/06 13:05:00",WRWF1,157.096250
D,DISPATCH,UNIT_SCADA,1,"2019/09/06 13:05:00",YABULU,0
D,DISPATCH,UNIT_SCADA,1,"2019/09/06 13:05:00",YABULU2,0
D,DISPATCH,UNIT_SCADA,1,"2019/09/06 13:05:00",YARWUN_1,120.06
D,DISPATCH,UNIT_SCADA,1,"2019/09/06 13:05:00",YENDWF1,41.99
D,DISPATCH,UNIT_SCADA,1,"2019/09/06 13:05:00",YWPS1,377.443020
D,DISPATCH,UNIT_SCADA,1,"2019/09/06 13:05:00",YWPS2,281.450620
D,DISPATCH,UNIT_SCADA,1,"2019/09/06 13:05:00",YWPS3,333.136720
D,DISPATCH,UNIT_SCADA,1,"2019/09/06 13:05:00",YWPS4,399.754430
C,"END OF REPORT",335
