C,NEMP.WORLD,DISPATCHSCADA,AEMO,PUBLIC,2019/08/20,02:15:09,0000000311768399,DISPATCHSCADA,0000000311768393
I,DISPATCH,UNIT_SCADA,1,SETTLEMENTDATE,DUID,SCADAVALUE
D,DISPATCH,UNIT_SCADA,1,"2019/08/20 02:20:00",BARCSF1,0
D,DISPATCH,UNIT_SCADA,1,"2019/08/20 02:20:00",BUTLERSG,9.699999
D,DISPATCH,UNIT_SCADA,1,"2019/08/20 02:20:00",CALL_A_4,0
D,DISPATCH,UNIT_SCADA,1,"2019/08/20 02:20:00",CAPTL_WF,127.860001
D,DISPATCH,UNIT_SCADA,1,"2019/08/20 02:20:00",CATHROCK,38.569996
D,DISPATCH,UNIT_SCADA,1,"2019/08/20 02:20:00",CHALLHWF,18.90
D,DISPATCH,UNIT_SCADA,1,"2019/08/20 02:20:00",CLOVER,0
D,DISPATCH,UNIT_SCADA,1,"2019/08/20 02:20:00",CLUNY,16.801556
D,DISPATCH,UNIT_SCADA,1,"2019/08/20 02:20:00",CNUNDAWF,38.444847
D,DISPATCH,UNIT_SCADA,1,"2019/08/20 02:20:00",CULLRGWF,28.389999
D,DISPATCH,UNIT_SCADA,1,"2019/08/20 02:20:00",ERGT01,0
D,DISPATCH,UNIT_SCADA,1,"2019/08/20 02:20:00",GB01,0.060070
D,DISPATCH,UNIT_SCADA,1,"2019/08/20 02:20:00",GERMCRK,38.200001
D,DISPATCH,UNIT_SCADA,1,"2019/08/20 02:20:00",GRIFSF1,0
D,DISPATCH,UNIT_SCADA,1,"2019/08/20 02:20:00",HUGSF1,-0.2580
D,DISPATCH,UNIT_SCADA,1,"2019/08/20 02:20:00",LKBONNY1,74.037460
D,DISPATCH,UNIT_SCADA,1,"2019/08/20 02:20:00",LRSF1,-0.03
D,DISPATCH,UNIT_SCADA,1,"2019/08/20 02:20:00",MBAHNTH,55.237503
D,DISPATCH,UNIT_SCADA,1,"2019/08/20 02:20:00",MLSP1,0.304001
D,DISPATCH,UNIT_SCADA,1,"2019/08/20 02:20:00",MLWF1,19.439999
D,DISPATCH,UNIT_SCADA,1,"2019/08/20 02:20:00",MTMILLAR,14.436144
D,DISPATCH,UNIT_SCADA,1,"2019/08/20 02:20:00",PALOONA,23.549999
D,DISPATCH,UNIT_SCADA,1,"2019/08/20 02:20:00",PIONEER,10.70
D,DISPATCH,UNIT_SCADA,1,"2019/08/20 02:20:00",PORTWF,137
D,DISPATCH,UNIT_SCADA,1,"2019/08/20 02:20:00",REPULSE,28.986649
D,DISPATCH,UNIT_SCADA,1,"2019/08/20 02:20:00",ROWALLAN,10.0110
D,DISPATCH,UNIT_SCADA,1,"2019/08/20 02:20:00",ROYALLA1,0
D,DISPATCH,UNIT_SCADA,1,"2019/08/20 02:20:00",RPCG,0.40
D,DISPATCH,UNIT_SCADA,1,"2019/08/20 02:20:00",RUBICON,0
D,DISPATCH,UNIT_SCADA,1,"2019/08/20 02:20:00",SATGN1,0
D,DISPATCH,UNIT_SCADA,1,"2019/08/20 02:20:00",SATGS1,0
D,DISPATCH,UNIT_SCADA,1,"2019/08/20 02:20:00",STARHLWF,19.994169
D,DISPATCH,UNIT_SCADA,1,"2019/08/20 02:20:00",WAUBRAWF,126.7910
D,DISPATCH,UNIT_SCADA,1,"2019/08/20 02:20:00",WOOLNTH1,126.670021
D,DISPATCH,UNIT_SCADA,1,"2019/08/20 02:20:00",WPWF,30
D,DISPATCH,UNIT_SCADA,1,"2019/08/20 02:20:00",YAMBUKWF,19.60
D,DISPATCH,UNIT_SCADA,1,"2019/08/20 02:20:00",YSWF1,28.50
D,DISPATCH,UNIT_SCADA,1,"2019/08/20 02:20:00",AGLHAL,0
D,DISPATCH,UNIT_SCADA,1,"2019/08/20 02:20:00",AGLSOM,0
D,DISPATCH,UNIT_SCADA,1,"2019/08/20 02:20:00",ANGAST1,0
D,DISPATCH,UNIT_SCADA,1,"2019/08/20 02:20:00",ARWF1,19
D,DISPATCH,UNIT_SCADA,1,"2019/08/20 02:20:00",BALBG1,0
D,DISPATCH,UNIT_SCADA,1,"2019/08/20 02:20:00",BALBL1,0
D,DISPATCH,UNIT_SCADA,1,"2019/08/20 02:20:00",BALDHWF1,98.7720
D,DISPATCH,UNIT_SCADA,1,"2019/08/20 02:20:00",BANN1,0
D,DISPATCH,UNIT_SCADA,1,"2019/08/20 02:20:00",BARCALDN,0
D,DISPATCH,UNIT_SCADA,1,"2019/08/20 02:20:00",BARRON-1,0
D,DISPATCH,UNIT_SCADA,1,"2019/08/20 02:20:00",BARRON-2,24.64
D,DISPATCH,UNIT_SCADA,1,"2019/08/20 02:20:00",BASTYAN,80.030010
D,DISPATCH,UNIT_SCADA,1,"2019/08/20 02:20:00",BBTHREE1,0
D,DISPATCH,UNIT_SCADA,1,"2019/08/20 02:20:00",BBTHREE2,0
D,DISPATCH,UNIT_SCADA,1,"2019/08/20 02:20:00",BBTHREE3,0
D,DISPATCH,UNIT_SCADA,1,"2019/08/20 02:20:00",BDL01,0
D,DISPATCH,UNIT_SCADA,1,"2019/08/20 02:20:00",BDL02,0
D,DISPATCH,UNIT_SCADA,1,"2019/08/20 02:20:00",BERYLSF1,0
D,DISPATCH,UNIT_SCADA,1,"2019/08/20 02:20:00",BLOWERNG,0
D,DISPATCH,UNIT_SCADA,1,"2019/08/20 02:20:00",BLUFF1,36.90
D,DISPATCH,UNIT_SCADA,1,"2019/08/20 02:20:00",BNGSF1,0
D,DISPATCH,UNIT_SCADA,1,"2019/08/20 02:20:00",BNGSF2,0
D,DISPATCH,UNIT_SCADA,1,"2019/08/20 02:20:00",BOCORWF1,68.79
D,DISPATCH,UNIT_SCADA,1,"2019/08/20 02:20:00",BODWF1,40.611710
D,DISPATCH,UNIT_SCADA,1,"2019/08/20 02:20:00",BRAEMAR1,0
D,DISPATCH,UNIT_SCADA,1,"2019/08/20 02:20:00",BRAEMAR2,0
D,DISPATCH,UNIT_SCADA,1,"2019/08/20 02:20:00",BRAEMAR3,0
D,DISPATCH,UNIT_SCADA,1,"2019/08/20 02:20:00",BRAEMAR5,0
D,DISPATCH,UNIT_SCADA,1,"2019/08/20 02:20:00",BRAEMAR6,0
D,DISPATCH,UNIT_SCADA,1,"2019/08/20 02:20:00",BRAEMAR7,0
D,DISPATCH,UNIT_SCADA,1,"2019/08/20 02:20:00",BROKENH1,0
D,DISPATCH,UNIT_SCADA,1,"2019/08/20 02:20:00",BW01,448.400020
D,DISPATCH,UNIT_SCADA,1,"2019/08/20 02:20:00",BW02,481.449950
D,DISPATCH,UNIT_SCADA,1,"2019/08/20 02:20:00",BW03,579.675050
D,DISPATCH,UNIT_SCADA,1,"2019/08/20 02:20:00",BW04,0
D,DISPATCH,UNIT_SCADA,1,"2019/08/20 02:20:00",CALL_B_1,340.200010
D,DISPATCH,UNIT_SCADA,1,"2019/08/20 02:20:00",CALL_B_2,289.50
D,DISPATCH,UNIT_SCADA,1,"2019/08/20 02:20:00",CETHANA,84.832370
D,DISPATCH,UNIT_SCADA,1,"2019/08/20 02:20:00",CG1,0
D,DISPATCH,UNIT_SCADA,1,"2019/08/20 02:20:00",CG2,0
D,DISPATCH,UNIT_SCADA,1,"2019/08/20 02:20:00",CG3,0
D,DISPATCH,UNIT_SCADA,1,"2019/08/20 02:20:00",CG4,0
D,DISPATCH,UNIT_SCADA,1,"2019/08/20 02:20:00",CHILDSF1,0
D,DISPATCH,UNIT_SCADA,1,"2019/08/20 02:20:00",CLARESF1,0
D,DISPATCH,UNIT_SCADA,1,"2019/08/20 02:20:00",CLEMGPWF,12.245950
D,DISPATCH,UNIT_SCADA,1,"2019/08/20 02:20:00",CLERMSF1,0
D,DISPATCH,UNIT_SCADA,1,"2019/08/20 02:20:00",COLEASF1,0
D,DISPATCH,UNIT_SCADA,1,"2019/08/20 02:20:00",COOPGWF1,35.200980
D,DISPATCH,UNIT_SCADA,1,"2019/08/20 02:20:00",CPP_3,406.175020
D,DISPATCH,UNIT_SCADA,1,"2019/08/20 02:20:00",CPP_4,405.6250
D,DISPATCH,UNIT_SCADA,1,"2019/08/20 02:20:00",CPSA,142.3275
D,DISPATCH,UNIT_SCADA,1,"2019/08/20 02:20:00",CROOKWF2,39.843750
D,DISPATCH,UNIT_SCADA,1,"2019/08/20 02:20:00",CROWLWF1,33.601540
D,DISPATCH,UNIT_SCADA,1,"2019/08/20 02:20:00",CSPVPS1,0
D,DISPATCH,UNIT_SCADA,1,"2019/08/20 02:20:00",DALNTH01,0
D,DISPATCH,UNIT_SCADA,1,"2019/08/20 02:20:00",DALNTHL1,6.004430
D,DISPATCH,UNIT_SCADA,1,"2019/08/20 02:20:00",DARTM1,134.20
D,DISPATCH,UNIT_SCADA,1,"2019/08/20 02:20:00",DAYDSF1,0
D,DISPATCH,UNIT_SCADA,1,"2019/08/20 02:20:00",DDPS1,0
D,DISPATCH,UNIT_SCADA,1,"2019/08/20 02:20:00",DDSF1,0
D,DISPATCH,UNIT_SCADA,1,"2019/08/20 02:20:00",DEVILS_G,59.713740
D,DISPATCH,UNIT_SCADA,1,"2019/08/20 02:20:00",DG_NSW1,0
D,DISPATCH,UNIT_SCADA,1,"2019/08/20 02:20:00",DG_QLD1,0
D,DISPATCH,UNIT_SCADA,1,"2019/08/20 02:20:00",DG_SA1,0
D,DISPATCH,UNIT_SCADA,1,"2019/08/20 02:20:00",DG_TAS1,0
D,DISPATCH,UNIT_SCADA,1,"2019/08/20 02:20:00",DG_VIC1,0
D,DISPATCH,UNIT_SCADA,1,"2019/08/20 02:20:00",DRYCGT1,0
D,DISPATCH,UNIT_SCADA,1,"2019/08/20 02:20:00",DRYCGT2,0
D,DISPATCH,UNIT_SCADA,1,"2019/08/20 02:20:00",DRYCGT3,0
D,DISPATCH,UNIT_SCADA,1,"2019/08/20 02:20:00",EILDON1,0
D,DISPATCH,UNIT_SCADA,1,"2019/08/20 02:20:00",EILDON2,0
D,DISPATCH,UNIT_SCADA,1,"2019/08/20 02:20:00",EMERASF1,0
D,DISPATCH,UNIT_SCADA,1,"2019/08/20 02:20:00",ER01,349.2251
D,DISPATCH,UNIT_SCADA,1,"2019/08/20 02:20:00",ER02,489.025020
D,DISPATCH,UNIT_SCADA,1,"2019/08/20 02:20:00",ER03,438.300050
D,DISPATCH,UNIT_SCADA,1,"2019/08/20 02:20:00",ER04,443
D,DISPATCH,UNIT_SCADA,1,"2019/08/20 02:20:00",FINLYSF1,0
D,DISPATCH,UNIT_SCADA,1,"2019/08/20 02:20:00",FISHER,45.78
D,DISPATCH,UNIT_SCADA,1,"2019/08/20 02:20:00",GANNBG1,0
D,DISPATCH,UNIT_SCADA,1,"2019/08/20 02:20:00",GANNBL1,10
D,DISPATCH,UNIT_SCADA,1,"2019/08/20 02:20:00",GANNSF1,0
D,DISPATCH,UNIT_SCADA,1,"2019/08/20 02:20:00",GORDON,0
D,DISPATCH,UNIT_SCADA,1,"2019/08/20 02:20:00",GSTONE1,128.974990
D,DISPATCH,UNIT_SCADA,1,"2019/08/20 02:20:00",GSTONE2,140.8750
D,DISPATCH,UNIT_SCADA,1,"2019/08/20 02:20:00",GSTONE3,129.149990
D,DISPATCH,UNIT_SCADA,1,"2019/08/20 02:20:00",GSTONE4,129.849990
D,DISPATCH,UNIT_SCADA,1,"2019/08/20 02:20:00",GSTONE5,130.20
D,DISPATCH,UNIT_SCADA,1,"2019/08/20 02:20:00",GSTONE6,0
D,DISPATCH,UNIT_SCADA,1,"2019/08/20 02:20:00",GULLRSF1,0
D,DISPATCH,UNIT_SCADA,1,"2019/08/20 02:20:00",GULLRWF1,159.124820
D,DISPATCH,UNIT_SCADA,1,"2019/08/20 02:20:00",GUNNING1,44.995590
D,DISPATCH,UNIT_SCADA,1,"2019/08/20 02:20:00",GUTHEGA,0
D,DISPATCH,UNIT_SCADA,1,"2019/08/20 02:20:00",HALLWF1,88.79
D,DISPATCH,UNIT_SCADA,1,"2019/08/20 02:20:00",HALLWF2,67.69
D,DISPATCH,UNIT_SCADA,1,"2019/08/20 02:20:00",HAMISF1,0
D,DISPATCH,UNIT_SCADA,1,"2019/08/20 02:20:00",HAUGHT11,0
D,DISPATCH,UNIT_SCADA,1,"2019/08/20 02:20:00",HAYMSF1,0
D,DISPATCH,UNIT_SCADA,1,"2019/08/20 02:20:00",HDWF1,63
D,DISPATCH,UNIT_SCADA,1,"2019/08/20 02:20:00",HDWF2,41.10
D,DISPATCH,UNIT_SCADA,1,"2019/08/20 02:20:00",HDWF3,48.90
D,DISPATCH,UNIT_SCADA,1,"2019/08/20 02:20:00",HPRG1,0
D,DISPATCH,UNIT_SCADA,1,"2019/08/20 02:20:00",HPRL1,39.40
D,DISPATCH,UNIT_SCADA,1,"2019/08/20 02:20:00",HUMENSW,0
D,DISPATCH,UNIT_SCADA,1,"2019/08/20 02:20:00",HUMEV,7.90
D,DISPATCH,UNIT_SCADA,1,"2019/08/20 02:20:00",HVGTS,0
D,DISPATCH,UNIT_SCADA,1,"2019/08/20 02:20:00",JBUTTERS,125.04
D,DISPATCH,UNIT_SCADA,1,"2019/08/20 02:20:00",JLA01,0.50
D,DISPATCH,UNIT_SCADA,1,"2019/08/20 02:20:00",JLA02,0
D,DISPATCH,UNIT_SCADA,1,"2019/08/20 02:20:00",JLA03,0.10
D,DISPATCH,UNIT_SCADA,1,"2019/08/20 02:20:00",JLA04,0.10
D,DISPATCH,UNIT_SCADA,1,"2019/08/20 02:20:00",JLB01,0
D,DISPATCH,UNIT_SCADA,1,"2019/08/20 02:20:00",JLB02,0.10
D,DISPATCH,UNIT_SCADA,1,"2019/08/20 02:20:00",JLB03,0
D,DISPATCH,UNIT_SCADA,1,"2019/08/20 02:20:00",KAREEYA1,21.4575
D,DISPATCH,UNIT_SCADA,1,"2019/08/20 02:20:00",KAREEYA2,21.6850
D,DISPATCH,UNIT_SCADA,1,"2019/08/20 02:20:00",KAREEYA3,0
D,DISPATCH,UNIT_SCADA,1,"2019/08/20 02:20:00",KAREEYA4,21.6950
D,DISPATCH,UNIT_SCADA,1,"2019/08/20 02:20:00",KARSF1,0
D,DISPATCH,UNIT_SCADA,1,"2019/08/20 02:20:00",KIATAWF1,30.10
D,DISPATCH,UNIT_SCADA,1,"2019/08/20 02:20:00",KPP_1,0
D,DISPATCH,UNIT_SCADA,1,"2019/08/20 02:20:00",KSP1,0
D,DISPATCH,UNIT_SCADA,1,"2019/08/20 02:20:00",LADBROK1,0
D,DISPATCH,UNIT_SCADA,1,"2019/08/20 02:20:00",LADBROK2,0
D,DISPATCH,UNIT_SCADA,1,"2019/08/20 02:20:00",LD01,352.612520
D,DISPATCH,UNIT_SCADA,1,"2019/08/20 02:20:00",LD02,350.287450
D,DISPATCH,UNIT_SCADA,1,"2019/08/20 02:20:00",LD03,351.356230
D,DISPATCH,UNIT_SCADA,1,"2019/08/20 02:20:00",LD04,348
D,DISPATCH,UNIT_SCADA,1,"2019/08/20 02:20:00",LEM_WIL,85.1658
D,DISPATCH,UNIT_SCADA,1,"2019/08/20 02:20:00",LGAPWF1,15.83
D,DISPATCH,UNIT_SCADA,1,"2019/08/20 02:20:00",LILYSF1,0
D,DISPATCH,UNIT_SCADA,1,"2019/08/20 02:20:00",LI_WY_CA,144.013030
D,DISPATCH,UNIT_SCADA,1,"2019/08/20 02:20:00",LKBONNY2,151.367290
D,DISPATCH,UNIT_SCADA,1,"2019/08/20 02:20:00",LKBONNY3,37.344930
D,DISPATCH,UNIT_SCADA,1,"2019/08/20 02:20:00",LK_ECHO,0
D,DISPATCH,UNIT_SCADA,1,"2019/08/20 02:20:00",LNGS1,0
D,DISPATCH,UNIT_SCADA,1,"2019/08/20 02:20:00",LNGS2,0
D,DISPATCH,UNIT_SCADA,1,"2019/08/20 02:20:00",LONSDALE,0
D,DISPATCH,UNIT_SCADA,1,"2019/08/20 02:20:00",LOYYB1,535.336730
D,DISPATCH,UNIT_SCADA,1,"2019/08/20 02:20:00",LOYYB2,582.7063
D,DISPATCH,UNIT_SCADA,1,"2019/08/20 02:20:00",LYA1,559
D,DISPATCH,UNIT_SCADA,1,"2019/08/20 02:20:00",LYA2,0
D,DISPATCH,UNIT_SCADA,1,"2019/08/20 02:20:00",LYA3,559
D,DISPATCH,UNIT_SCADA,1,"2019/08/20 02:20:00",LYA4,539
D,DISPATCH,UNIT_SCADA,1,"2019/08/20 02:20:00",MACARTH1,267.693820
D,DISPATCH,UNIT_SCADA,1,"2019/08/20 02:20:00",MACKAYGT,0
D,DISPATCH,UNIT_SCADA,1,"2019/08/20 02:20:00",MACKNTSH,84.790010
D,DISPATCH,UNIT_SCADA,1,"2019/08/20 02:20:00",MANSLR1,0
D,DISPATCH,UNIT_SCADA,1,"2019/08/20 02:20:00",MCKAY1,0.02
D,DISPATCH,UNIT_SCADA,1,"2019/08/20 02:20:00",MEADOWBK,33.8673
D,DISPATCH,UNIT_SCADA,1,"2019/08/20 02:20:00",MERCER01,124.7070
D,DISPATCH,UNIT_SCADA,1,"2019/08/20 02:20:00",MEWF1,90.050560
D,DISPATCH,UNIT_SCADA,1,"2019/08/20 02:20:00",MINTARO,0
D,DISPATCH,UNIT_SCADA,1,"2019/08/20 02:20:00",MOREESF1,0
D,DISPATCH,UNIT_SCADA,1,"2019/08/20 02:20:00",MORTLK11,125
D,DISPATCH,UNIT_SCADA,1,"2019/08/20 02:20:00",MORTLK12,0
D,DISPATCH,UNIT_SCADA,1,"2019/08/20 02:20:00",MP1,279.199950
D,DISPATCH,UNIT_SCADA,1,"2019/08/20 02:20:00",MP2,0
D,DISPATCH,UNIT_SCADA,1,"2019/08/20 02:20:00",MPP_1,425.75
D,DISPATCH,UNIT_SCADA,1,"2019/08/20 02:20:00",MPP_2,434.50
D,DISPATCH,UNIT_SCADA,1,"2019/08/20 02:20:00",MSTUART1,0
D,DISPATCH,UNIT_SCADA,1,"2019/08/20 02:20:00",MSTUART2,0
D,DISPATCH,UNIT_SCADA,1,"2019/08/20 02:20:00",MSTUART3,0
D,DISPATCH,UNIT_SCADA,1,"2019/08/20 02:20:00",MTGELWF1,64.447460
D,DISPATCH,UNIT_SCADA,1,"2019/08/20 02:20:00",MURRAY,0
D,DISPATCH,UNIT_SCADA,1,"2019/08/20 02:20:00",MUSSELR1,157.20
D,DISPATCH,UNIT_SCADA,1,"2019/08/20 02:20:00",MUWAWF1,31.58
D,DISPATCH,UNIT_SCADA,1,"2019/08/20 02:20:00",NBHWF1,88
D,DISPATCH,UNIT_SCADA,1,"2019/08/20 02:20:00",NPS,0
D,DISPATCH,UNIT_SCADA,1,"2019/08/20 02:20:00",NUMURSF1,0
D,DISPATCH,UNIT_SCADA,1,"2019/08/20 02:20:00",NYNGAN1,0
D,DISPATCH,UNIT_SCADA,1,"2019/08/20 02:20:00",OAKEY1,0
D,DISPATCH,UNIT_SCADA,1,"2019/08/20 02:20:00",OAKEY1SF,0
D,DISPATCH,UNIT_SCADA,1,"2019/08/20 02:20:00",OAKEY2,0
D,DISPATCH,UNIT_SCADA,1,"2019/08/20 02:20:00",OAKLAND1,62.10
D,DISPATCH,UNIT_SCADA,1,"2019/08/20 02:20:00",OSB-AG,140.58
D,DISPATCH,UNIT_SCADA,1,"2019/08/20 02:20:00",PARSF1,0
D,DISPATCH,UNIT_SCADA,1,"2019/08/20 02:20:00",POAT110,0
D,DISPATCH,UNIT_SCADA,1,"2019/08/20 02:20:00",POAT220,2.19
D,DISPATCH,UNIT_SCADA,1,"2019/08/20 02:20:00",POR01,0
D,DISPATCH,UNIT_SCADA,1,"2019/08/20 02:20:00",POR03,0
D,DISPATCH,UNIT_SCADA,1,"2019/08/20 02:20:00",PPCCGT,0
D,DISPATCH,UNIT_SCADA,1,"2019/08/20 02:20:00",PTSTAN1,0
D,DISPATCH,UNIT_SCADA,1,"2019/08/20 02:20:00",PUMP1,0
D,DISPATCH,UNIT_SCADA,1,"2019/08/20 02:20:00",PUMP2,0
D,DISPATCH,UNIT_SCADA,1,"2019/08/20 02:20:00",QPS1,0
D,DISPATCH,UNIT_SCADA,1,"2019/08/20 02:20:00",QPS2,0
D,DISPATCH,UNIT_SCADA,1,"2019/08/20 02:20:00",QPS3,0
D,DISPATCH,UNIT_SCADA,1,"2019/08/20 02:20:00",QPS4,0
D,DISPATCH,UNIT_SCADA,1,"2019/08/20 02:20:00",QPS5,0
D,DISPATCH,UNIT_SCADA,1,"2019/08/20 02:20:00",REECE1,114.290010
D,DISPATCH,UNIT_SCADA,1,"2019/08/20 02:20:00",REECE2,114.680010
D,DISPATCH,UNIT_SCADA,1,"2019/08/20 02:20:00",ROMA_7,0
D,DISPATCH,UNIT_SCADA,1,"2019/08/20 02:20:00",ROMA_8,0
D,DISPATCH,UNIT_SCADA,1,"2019/08/20 02:20:00",RRSF1,0
D,DISPATCH,UNIT_SCADA,1,"2019/08/20 02:20:00",RT_NSW1,0
D,DISPATCH,UNIT_SCADA,1,"2019/08/20 02:20:00",RT_NSW2,0
D,DISPATCH,UNIT_SCADA,1,"2019/08/20 02:20:00",RT_NSW3,0
D,DISPATCH,UNIT_SCADA,1,"2019/08/20 02:20:00",RT_NSW4,0
D,DISPATCH,UNIT_SCADA,1,"2019/08/20 02:20:00",RT_NSW5,0
D,DISPATCH,UNIT_SCADA,1,"2019/08/20 02:20:00",RT_NSW6,0
D,DISPATCH,UNIT_SCADA,1,"2019/08/20 02:20:00",RT_QLD1,0
D,DISPATCH,UNIT_SCADA,1,"2019/08/20 02:20:00",RT_SA1,0
D,DISPATCH,UNIT_SCADA,1,"2019/08/20 02:20:00",RT_SA2,0
D,DISPATCH,UNIT_SCADA,1,"2019/08/20 02:20:00",RT_SA3,0
D,DISPATCH,UNIT_SCADA,1,"2019/08/20 02:20:00",RT_SA4,0
D,DISPATCH,UNIT_SCADA,1,"2019/08/20 02:20:00",RT_SA5,0
D,DISPATCH,UNIT_SCADA,1,"2019/08/20 02:20:00",RT_SA6,0
D,DISPATCH,UNIT_SCADA,1,"2019/08/20 02:20:00",RT_TAS1,0
D,DISPATCH,UNIT_SCADA,1,"2019/08/20 02:20:00",RT_VIC1,0
D,DISPATCH,UNIT_SCADA,1,"2019/08/20 02:20:00",RT_VIC10,0
D,DISPATCH,UNIT_SCADA,1,"2019/08/20 02:20:00",RT_VIC11,0
D,DISPATCH,UNIT_SCADA,1,"2019/08/20 02:20:00",RT_VIC12,0
D,DISPATCH,UNIT_SCADA,1,"2019/08/20 02:20:00",RT_VIC2,0
D,DISPATCH,UNIT_SCADA,1,"2019/08/20 02:20:00",RT_VIC3,0
D,DISPATCH,UNIT_SCADA,1,"2019/08/20 02:20:00",RT_VIC4,0
D,DISPATCH,UNIT_SCADA,1,"2019/08/20 02:20:00",RT_VIC5,0
D,DISPATCH,UNIT_SCADA,1,"2019/08/20 02:20:00",RT_VIC6,0
D,DISPATCH,UNIT_SCADA,1,"2019/08/20 02:20:00",RT_VIC7,0
D,DISPATCH,UNIT_SCADA,1,"2019/08/20 02:20:00",RT_VIC8,0
D,DISPATCH,UNIT_SCADA,1,"2019/08/20 02:20:00",RT_VIC9,0
D,DISPATCH,UNIT_SCADA,1,"2019/08/20 02:20:00",RUGBYR1,0
D,DISPATCH,UNIT_SCADA,1,"2019/08/20 02:20:00",SALTCRK1,46.03
D,DISPATCH,UNIT_SCADA,1,"2019/08/20 02:20:00",SAPHWF1,212.006230
D,DISPATCH,UNIT_SCADA,1,"2019/08/20 02:20:00",SHGEN,0
D,DISPATCH,UNIT_SCADA,1,"2019/08/20 02:20:00",SHPUMP,159.154540
D,DISPATCH,UNIT_SCADA,1,"2019/08/20 02:20:00",SITHE01,0.123710
D,DISPATCH,UNIT_SCADA,1,"2019/08/20 02:20:00",SMCSF1,0
D,DISPATCH,UNIT_SCADA,1,"2019/08/20 02:20:00",SNOWNTH1,22.30
D,DISPATCH,UNIT_SCADA,1,"2019/08/20 02:20:00",SNOWSTH1,60.60
D,DISPATCH,UNIT_SCADA,1,"2019/08/20 02:20:00",SNOWTWN1,26.533860
D,DISPATCH,UNIT_SCADA,1,"2019/08/20 02:20:00",SNOWYP,191.80
D,DISPATCH,UNIT_SCADA,1,"2019/08/20 02:20:00",SNUG1,0.019440
D,DISPATCH,UNIT_SCADA,1,"2019/08/20 02:20:00",SRSF1,0
D,DISPATCH,UNIT_SCADA,1,"2019/08/20 02:20:00",STAN-1,0
D,DISPATCH,UNIT_SCADA,1,"2019/08/20 02:20:00",STAN-2,176.2063
D,DISPATCH,UNIT_SCADA,1,"2019/08/20 02:20:00",STAN-3,216.018390
D,DISPATCH,UNIT_SCADA,1,"2019/08/20 02:20:00",STAN-4,186.832260
D,DISPATCH,UNIT_SCADA,1,"2019/08/20 02:20:00",STWF1,138.195010
D,DISPATCH,UNIT_SCADA,1,"2019/08/20 02:20:00",SWAN_E,0
D,DISPATCH,UNIT_SCADA,1,"2019/08/20 02:20:00",TALWA1,300
D,DISPATCH,UNIT_SCADA,1,"2019/08/20 02:20:00",TARALGA1,101.726240
D,DISPATCH,UNIT_SCADA,1,"2019/08/20 02:20:00",TARONG#1,225.600010
D,DISPATCH,UNIT_SCADA,1,"2019/08/20 02:20:00",TARONG#2,224.80
D,DISPATCH,UNIT_SCADA,1,"2019/08/20 02:20:00",TARONG#3,180.600010
D,DISPATCH,UNIT_SCADA,1,"2019/08/20 02:20:00",TARONG#4,225.400010
D,DISPATCH,UNIT_SCADA,1,"2019/08/20 02:20:00",TARRALEA,79
D,DISPATCH,UNIT_SCADA,1,"2019/08/20 02:20:00",TBSF1,-0.20
D,DISPATCH,UNIT_SCADA,1,"2019/08/20 02:20:00",TNPS1,299.50
D,DISPATCH,UNIT_SCADA,1,"2019/08/20 02:20:00",TORRA1,34.975280
D,DISPATCH,UNIT_SCADA,1,"2019/08/20 02:20:00",TORRA2,0
D,DISPATCH,UNIT_SCADA,1,"2019/08/20 02:20:00",TORRA3,35.205080
D,DISPATCH,UNIT_SCADA,1,"2019/08/20 02:20:00",TORRA4,0
D,DISPATCH,UNIT_SCADA,1,"2019/08/20 02:20:00",TORRB1,41.09
D,DISPATCH,UNIT_SCADA,1,"2019/08/20 02:20:00",TORRB2,39.90
D,DISPATCH,UNIT_SCADA,1,"2019/08/20 02:20:00",TORRB3,0
D,DISPATCH,UNIT_SCADA,1,"2019/08/20 02:20:00",TORRB4,0
D,DISPATCH,UNIT_SCADA,1,"2019/08/20 02:20:00",TREVALLN,1.80
D,DISPATCH,UNIT_SCADA,1,"2019/08/20 02:20:00",TRIBUTE,70.189990
D,DISPATCH,UNIT_SCADA,1,"2019/08/20 02:20:00",TUMUT3,0
D,DISPATCH,UNIT_SCADA,1,"2019/08/20 02:20:00",TUNGATIN,0.90
D,DISPATCH,UNIT_SCADA,1,"2019/08/20 02:20:00",TVCC201,0
D,DISPATCH,UNIT_SCADA,1,"2019/08/20 02:20:00",TVPP104,0
D,DISPATCH,UNIT_SCADA,1,"2019/08/20 02:20:00",UPPTUMUT,0
D,DISPATCH,UNIT_SCADA,1,"2019/08/20 02:20:00",URANQ11,0
D,DISPATCH,UNIT_SCADA,1,"2019/08/20 02:20:00",URANQ12,0
D,DISPATCH,UNIT_SCADA,1,"2019/08/20 02:20:00",URANQ13,0
D,DISPATCH,UNIT_SCADA,1,"2019/08/20 02:20:00",URANQ14,0
D,DISPATCH,UNIT_SCADA,1,"2019/08/20 02:20:00",VP5,307.675020
D,DISPATCH,UNIT_SCADA,1,"2019/08/20 02:20:00",VP6,308.325010
D,DISPATCH,UNIT_SCADA,1,"2019/08/20 02:20:00",VPGS1,0
D,DISPATCH,UNIT_SCADA,1,"2019/08/20 02:20:00",VPGS2,0
D,DISPATCH,UNIT_SCADA,1,"2019/08/20 02:20:00",VPGS3,0
D,DISPATCH,UNIT_SCADA,1,"2019/08/20 02:20:00",VPGS4,0
D,DISPATCH,UNIT_SCADA,1,"2019/08/20 02:20:00",VPGS5,0
D,DISPATCH,UNIT_SCADA,1,"2019/08/20 02:20:00",VPGS6,0
D,DISPATCH,UNIT_SCADA,1,"2019/08/20 02:20:00",W/HOE#1,0
D,DISPATCH,UNIT_SCADA,1,"2019/08/20 02:20:00",W/HOE#2,0
D,DISPATCH,UNIT_SCADA,1,"2019/08/20 02:20:00",WATERLWF,96.20
D,DISPATCH,UNIT_SCADA,1,"2019/08/20 02:20:00",WEMENSF1,0
D,DISPATCH,UNIT_SCADA,1,"2019/08/20 02:20:00",WGWF1,80
D,DISPATCH,UNIT_SCADA,1,"2019/08/20 02:20:00",WHITSF1,0
D,DISPATCH,UNIT_SCADA,1,"2019/08/20 02:20:00",WKIEWA1,0
D,DISPATCH,UNIT_SCADA,1,"2019/08/20 02:20:00",WKIEWA2,14.80
D,DISPATCH,UNIT_SCADA,1,"2019/08/20 02:20:00",WOODLWN1,42.2280
D,DISPATCH,UNIT_SCADA,1,"2019/08/20 02:20:00",WRSF1,0
D,DISPATCH,UNIT_SCADA,1,"2019/08/20 02:20:00",WRWF1,137.737490
D,DISPATCH,UNIT_SCADA,1,"2019/08/20 02:20:00",YABULU,0
D,DISPATCH,UNIT_SCADA,1,"2019/08/20 02:20:00",YABULU2,0
D,DISPATCH,UNIT_SCADA,1,"2019/08/20 02:20:00",YARWUN_1,0
D,DISPATCH,UNIT_SCADA,1,"2019/08/20 02:20:00",YENDWF1,41.91
D,DISPATCH,UNIT_SCADA,1,"2019/08/20 02:20:00",YWPS1,378.445560
D,DISPATCH,UNIT_SCADA,1,"2019/08/20 02:20:00",YWPS2,279.6962
D,DISPATCH,UNIT_SCADA,1,"2019/08/20 02:20:00",YWPS3,0
D,DISPATCH,UNIT_SCADA,1,"2019/08/20 02:20:00",YWPS4,392.697480
C,"END OF REPORT",334
