C,NEMP.WORLD,DISPATCHSCADA,AEMO,PUBLIC,2019/08/21,23:45:07,0000000311845569,DISPATCHSCADA,0000000311845563
I,DISPATCH,UNIT_SCADA,1,SETTLEMENTDATE,DUID,SCADAVALUE
D,DISPATCH,UNIT_SCADA,1,"2019/08/21 23:50:00",BARCSF1,0.70
D,DISPATCH,UNIT_SCADA,1,"2019/08/21 23:50:00",BUTLERSG,9.599998
D,DISPATCH,UNIT_SCADA,1,"2019/08/21 23:50:00",CALL_A_4,0
D,DISPATCH,UNIT_SCADA,1,"2019/08/21 23:50:00",CAPTL_WF,128.652008
D,DISPATCH,UNIT_SCADA,1,"2019/08/21 23:50:00",CATHROCK,21.169998
D,DISPATCH,UNIT_SCADA,1,"2019/08/21 23:50:00",CHALLHWF,48.400002
D,DISPATCH,UNIT_SCADA,1,"2019/08/21 23:50:00",CLOVER,-0.02
D,DISPATCH,UNIT_SCADA,1,"2019/08/21 23:50:00",CLUNY,19.954681
D,DISPATCH,UNIT_SCADA,1,"2019/08/21 23:50:00",CNUNDAWF,41.047882
D,DISPATCH,UNIT_SCADA,1,"2019/08/21 23:50:00",CULLRGWF,30.360001
D,DISPATCH,UNIT_SCADA,1,"2019/08/21 23:50:00",ERGT01,0
D,DISPATCH,UNIT_SCADA,1,"2019/08/21 23:50:00",GB01,0.069809
D,DISPATCH,UNIT_SCADA,1,"2019/08/21 23:50:00",GERMCRK,39.50
D,DISPATCH,UNIT_SCADA,1,"2019/08/21 23:50:00",GRIFSF1,0
D,DISPATCH,UNIT_SCADA,1,"2019/08/21 23:50:00",HUGSF1,-0.2430
D,DISPATCH,UNIT_SCADA,1,"2019/08/21 23:50:00",LKBONNY1,71.536797
D,DISPATCH,UNIT_SCADA,1,"2019/08/21 23:50:00",LRSF1,0.0390
D,DISPATCH,UNIT_SCADA,1,"2019/08/21 23:50:00",MBAHNTH,55.912506
D,DISPATCH,UNIT_SCADA,1,"2019/08/21 23:50:00",MLSP1,0.271001
D,DISPATCH,UNIT_SCADA,1,"2019/08/21 23:50:00",MLWF1,19.709999
D,DISPATCH,UNIT_SCADA,1,"2019/08/21 23:50:00",MTMILLAR,13.468774
D,DISPATCH,UNIT_SCADA,1,"2019/08/21 23:50:00",PALOONA,24.559999
D,DISPATCH,UNIT_SCADA,1,"2019/08/21 23:50:00",PIONEER,32.799999
D,DISPATCH,UNIT_SCADA,1,"2019/08/21 23:50:00",PORTWF,140.699997
D,DISPATCH,UNIT_SCADA,1,"2019/08/21 23:50:00",REPULSE,28.904860
D,DISPATCH,UNIT_SCADA,1,"2019/08/21 23:50:00",ROWALLAN,10.3163
D,DISPATCH,UNIT_SCADA,1,"2019/08/21 23:50:00",ROYALLA1,0
D,DISPATCH,UNIT_SCADA,1,"2019/08/21 23:50:00",RPCG,11.70
D,DISPATCH,UNIT_SCADA,1,"2019/08/21 23:50:00",RUBICON,0
D,DISPATCH,UNIT_SCADA,1,"2019/08/21 23:50:00",SATGN1,0
D,DISPATCH,UNIT_SCADA,1,"2019/08/21 23:50:00",SATGS1,0
D,DISPATCH,UNIT_SCADA,1,"2019/08/21 23:50:00",STARHLWF,9.297289
D,DISPATCH,UNIT_SCADA,1,"2019/08/21 23:50:00",WAUBRAWF,179.9440
D,DISPATCH,UNIT_SCADA,1,"2019/08/21 23:50:00",WOOLNTH1,14.640016
D,DISPATCH,UNIT_SCADA,1,"2019/08/21 23:50:00",WPWF,5
D,DISPATCH,UNIT_SCADA,1,"2019/08/21 23:50:00",YAMBUKWF,30.700001
D,DISPATCH,UNIT_SCADA,1,"2019/08/21 23:50:00",YSWF1,28.799999
D,DISPATCH,UNIT_SCADA,1,"2019/08/21 23:50:00",AGLHAL,0
D,DISPATCH,UNIT_SCADA,1,"2019/08/21 23:50:00",AGLSOM,0
D,DISPATCH,UNIT_SCADA,1,"2019/08/21 23:50:00",ANGAST1,0
D,DISPATCH,UNIT_SCADA,1,"2019/08/21 23:50:00",ARWF1,188.999980
D,DISPATCH,UNIT_SCADA,1,"2019/08/21 23:50:00",BALBG1,0
D,DISPATCH,UNIT_SCADA,1,"2019/08/21 23:50:00",BALBL1,0
D,DISPATCH,UNIT_SCADA,1,"2019/08/21 23:50:00",BALDHWF1,98.9850
D,DISPATCH,UNIT_SCADA,1,"2019/08/21 23:50:00",BANN1,0
D,DISPATCH,UNIT_SCADA,1,"2019/08/21 23:50:00",BARCALDN,0
D,DISPATCH,UNIT_SCADA,1,"2019/08/21 23:50:00",BARRON-1,0
D,DISPATCH,UNIT_SCADA,1,"2019/08/21 23:50:00",BARRON-2,25.32
D,DISPATCH,UNIT_SCADA,1,"2019/08/21 23:50:00",BASTYAN,78.55
D,DISPATCH,UNIT_SCADA,1,"2019/08/21 23:50:00",BBTHREE1,-1.87
D,DISPATCH,UNIT_SCADA,1,"2019/08/21 23:50:00",BBTHREE2,-1.89
D,DISPATCH,UNIT_SCADA,1,"2019/08/21 23:50:00",BBTHREE3,0
D,DISPATCH,UNIT_SCADA,1,"2019/08/21 23:50:00",BDL01,0
D,DISPATCH,UNIT_SCADA,1,"2019/08/21 23:50:00",BDL02,0
D,DISPATCH,UNIT_SCADA,1,"2019/08/21 23:50:00",BERYLSF1,0
D,DISPATCH,UNIT_SCADA,1,"2019/08/21 23:50:00",BLOWERNG,0
D,DISPATCH,UNIT_SCADA,1,"2019/08/21 23:50:00",BLUFF1,26
D,DISPATCH,UNIT_SCADA,1,"2019/08/21 23:50:00",BNGSF1,0
D,DISPATCH,UNIT_SCADA,1,"2019/08/21 23:50:00",BNGSF2,0
D,DISPATCH,UNIT_SCADA,1,"2019/08/21 23:50:00",BOCORWF1,104.73
D,DISPATCH,UNIT_SCADA,1,"2019/08/21 23:50:00",BODWF1,106.773190
D,DISPATCH,UNIT_SCADA,1,"2019/08/21 23:50:00",BRAEMAR1,0
D,DISPATCH,UNIT_SCADA,1,"2019/08/21 23:50:00",BRAEMAR2,0
D,DISPATCH,UNIT_SCADA,1,"2019/08/21 23:50:00",BRAEMAR3,0
D,DISPATCH,UNIT_SCADA,1,"2019/08/21 23:50:00",BRAEMAR5,0
D,DISPATCH,UNIT_SCADA,1,"2019/08/21 23:50:00",BRAEMAR6,0
D,DISPATCH,UNIT_SCADA,1,"2019/08/21 23:50:00",BRAEMAR7,0
D,DISPATCH,UNIT_SCADA,1,"2019/08/21 23:50:00",BROKENH1,0
D,DISPATCH,UNIT_SCADA,1,"2019/08/21 23:50:00",BW01,530.925050
D,DISPATCH,UNIT_SCADA,1,"2019/08/21 23:50:00",BW02,612.650020
D,DISPATCH,UNIT_SCADA,1,"2019/08/21 23:50:00",BW03,602.8750
D,DISPATCH,UNIT_SCADA,1,"2019/08/21 23:50:00",BW04,0
D,DISPATCH,UNIT_SCADA,1,"2019/08/21 23:50:00",CALL_B_1,349.50
D,DISPATCH,UNIT_SCADA,1,"2019/08/21 23:50:00",CALL_B_2,349.200010
D,DISPATCH,UNIT_SCADA,1,"2019/08/21 23:50:00",CETHANA,98.962880
D,DISPATCH,UNIT_SCADA,1,"2019/08/21 23:50:00",CG1,0
D,DISPATCH,UNIT_SCADA,1,"2019/08/21 23:50:00",CG2,0
D,DISPATCH,UNIT_SCADA,1,"2019/08/21 23:50:00",CG3,0
D,DISPATCH,UNIT_SCADA,1,"2019/08/21 23:50:00",CG4,0
D,DISPATCH,UNIT_SCADA,1,"2019/08/21 23:50:00",CHILDSF1,0.01
D,DISPATCH,UNIT_SCADA,1,"2019/08/21 23:50:00",CLARESF1,0
D,DISPATCH,UNIT_SCADA,1,"2019/08/21 23:50:00",CLEMGPWF,26.436850
D,DISPATCH,UNIT_SCADA,1,"2019/08/21 23:50:00",CLERMSF1,0
D,DISPATCH,UNIT_SCADA,1,"2019/08/21 23:50:00",COLEASF1,0
D,DISPATCH,UNIT_SCADA,1,"2019/08/21 23:50:00",COOPGWF1,35.228940
D,DISPATCH,UNIT_SCADA,1,"2019/08/21 23:50:00",CPP_3,394.075010
D,DISPATCH,UNIT_SCADA,1,"2019/08/21 23:50:00",CPP_4,391.600010
D,DISPATCH,UNIT_SCADA,1,"2019/08/21 23:50:00",CPSA,143.229370
D,DISPATCH,UNIT_SCADA,1,"2019/08/21 23:50:00",CROOKWF2,71.313750
D,DISPATCH,UNIT_SCADA,1,"2019/08/21 23:50:00",CROWLWF1,43.8825
D,DISPATCH,UNIT_SCADA,1,"2019/08/21 23:50:00",CSPVPS1,0.0430
D,DISPATCH,UNIT_SCADA,1,"2019/08/21 23:50:00",DALNTH01,0
D,DISPATCH,UNIT_SCADA,1,"2019/08/21 23:50:00",DALNTHL1,0.0473
D,DISPATCH,UNIT_SCADA,1,"2019/08/21 23:50:00",DARTM1,0
D,DISPATCH,UNIT_SCADA,1,"2019/08/21 23:50:00",DAYDSF1,0
D,DISPATCH,UNIT_SCADA,1,"2019/08/21 23:50:00",DDPS1,0
D,DISPATCH,UNIT_SCADA,1,"2019/08/21 23:50:00",DDSF1,0
D,DISPATCH,UNIT_SCADA,1,"2019/08/21 23:50:00",DEVILS_G,0
D,DISPATCH,UNIT_SCADA,1,"2019/08/21 23:50:00",DG_NSW1,0
D,DISPATCH,UNIT_SCADA,1,"2019/08/21 23:50:00",DG_QLD1,0
D,DISPATCH,UNIT_SCADA,1,"2019/08/21 23:50:00",DG_SA1,0
D,DISPATCH,UNIT_SCADA,1,"2019/08/21 23:50:00",DG_TAS1,0
D,DISPATCH,UNIT_SCADA,1,"2019/08/21 23:50:00",DG_VIC1,0
D,DISPATCH,UNIT_SCADA,1,"2019/08/21 23:50:00",DRYCGT1,0
D,DISPATCH,UNIT_SCADA,1,"2019/08/21 23:50:00",DRYCGT2,0
D,DISPATCH,UNIT_SCADA,1,"2019/08/21 23:50:00",DRYCGT3,0
D,DISPATCH,UNIT_SCADA,1,"2019/08/21 23:50:00",EILDON1,0
D,DISPATCH,UNIT_SCADA,1,"2019/08/21 23:50:00",EILDON2,0
D,DISPATCH,UNIT_SCADA,1,"2019/08/21 23:50:00",EMERASF1,0
D,DISPATCH,UNIT_SCADA,1,"2019/08/21 23:50:00",ER01,460.224980
D,DISPATCH,UNIT_SCADA,1,"2019/08/21 23:50:00",ER02,461.699950
D,DISPATCH,UNIT_SCADA,1,"2019/08/21 23:50:00",ER03,380.150020
D,DISPATCH,UNIT_SCADA,1,"2019/08/21 23:50:00",ER04,461.425050
D,DISPATCH,UNIT_SCADA,1,"2019/08/21 23:50:00",FINLYSF1,0
D,DISPATCH,UNIT_SCADA,1,"2019/08/21 23:50:00",FISHER,45.86
D,DISPATCH,UNIT_SCADA,1,"2019/08/21 23:50:00",GANNBG1,0
D,DISPATCH,UNIT_SCADA,1,"2019/08/21 23:50:00",GANNBL1,0.033770
D,DISPATCH,UNIT_SCADA,1,"2019/08/21 23:50:00",GANNSF1,0
D,DISPATCH,UNIT_SCADA,1,"2019/08/21 23:50:00",GORDON,11.1412
D,DISPATCH,UNIT_SCADA,1,"2019/08/21 23:50:00",GSTONE1,130.024990
D,DISPATCH,UNIT_SCADA,1,"2019/08/21 23:50:00",GSTONE2,130.20
D,DISPATCH,UNIT_SCADA,1,"2019/08/21 23:50:00",GSTONE3,131.4250
D,DISPATCH,UNIT_SCADA,1,"2019/08/21 23:50:00",GSTONE4,131.0750
D,DISPATCH,UNIT_SCADA,1,"2019/08/21 23:50:00",GSTONE5,129.6750
D,DISPATCH,UNIT_SCADA,1,"2019/08/21 23:50:00",GSTONE6,0
D,DISPATCH,UNIT_SCADA,1,"2019/08/21 23:50:00",GULLRSF1,0
D,DISPATCH,UNIT_SCADA,1,"2019/08/21 23:50:00",GULLRWF1,156.144990
D,DISPATCH,UNIT_SCADA,1,"2019/08/21 23:50:00",GUNNING1,46.381780
D,DISPATCH,UNIT_SCADA,1,"2019/08/21 23:50:00",GUTHEGA,0
D,DISPATCH,UNIT_SCADA,1,"2019/08/21 23:50:00",HALLWF1,54.83
D,DISPATCH,UNIT_SCADA,1,"2019/08/21 23:50:00",HALLWF2,52.95
D,DISPATCH,UNIT_SCADA,1,"2019/08/21 23:50:00",HAMISF1,0
D,DISPATCH,UNIT_SCADA,1,"2019/08/21 23:50:00",HAUGHT11,0
D,DISPATCH,UNIT_SCADA,1,"2019/08/21 23:50:00",HAYMSF1,0
D,DISPATCH,UNIT_SCADA,1,"2019/08/21 23:50:00",HDWF1,87.80
D,DISPATCH,UNIT_SCADA,1,"2019/08/21 23:50:00",HDWF2,60
D,DISPATCH,UNIT_SCADA,1,"2019/08/21 23:50:00",HDWF3,73.30
D,DISPATCH,UNIT_SCADA,1,"2019/08/21 23:50:00",HPRG1,0
D,DISPATCH,UNIT_SCADA,1,"2019/08/21 23:50:00",HPRL1,5.30
D,DISPATCH,UNIT_SCADA,1,"2019/08/21 23:50:00",HUMENSW,0
D,DISPATCH,UNIT_SCADA,1,"2019/08/21 23:50:00",HUMEV,10.30
D,DISPATCH,UNIT_SCADA,1,"2019/08/21 23:50:00",HVGTS,0
D,DISPATCH,UNIT_SCADA,1,"2019/08/21 23:50:00",JBUTTERS,135.84
D,DISPATCH,UNIT_SCADA,1,"2019/08/21 23:50:00",JLA01,0.50
D,DISPATCH,UNIT_SCADA,1,"2019/08/21 23:50:00",JLA02,0
D,DISPATCH,UNIT_SCADA,1,"2019/08/21 23:50:00",JLA03,0.10
D,DISPATCH,UNIT_SCADA,1,"2019/08/21 23:50:00",JLA04,0.10
D,DISPATCH,UNIT_SCADA,1,"2019/08/21 23:50:00",JLB01,0
D,DISPATCH,UNIT_SCADA,1,"2019/08/21 23:50:00",JLB02,0.10
D,DISPATCH,UNIT_SCADA,1,"2019/08/21 23:50:00",JLB03,0
D,DISPATCH,UNIT_SCADA,1,"2019/08/21 23:50:00",KAREEYA1,21.5250
D,DISPATCH,UNIT_SCADA,1,"2019/08/21 23:50:00",KAREEYA2,21.8475
D,DISPATCH,UNIT_SCADA,1,"2019/08/21 23:50:00",KAREEYA3,0
D,DISPATCH,UNIT_SCADA,1,"2019/08/21 23:50:00",KAREEYA4,21.6925
D,DISPATCH,UNIT_SCADA,1,"2019/08/21 23:50:00",KARSF1,0
D,DISPATCH,UNIT_SCADA,1,"2019/08/21 23:50:00",KIATAWF1,30.80
D,DISPATCH,UNIT_SCADA,1,"2019/08/21 23:50:00",KPP_1,0
D,DISPATCH,UNIT_SCADA,1,"2019/08/21 23:50:00",KSP1,0
D,DISPATCH,UNIT_SCADA,1,"2019/08/21 23:50:00",LADBROK1,0
D,DISPATCH,UNIT_SCADA,1,"2019/08/21 23:50:00",LADBROK2,0
D,DISPATCH,UNIT_SCADA,1,"2019/08/21 23:50:00",LD01,420
D,DISPATCH,UNIT_SCADA,1,"2019/08/21 23:50:00",LD02,419.756260
D,DISPATCH,UNIT_SCADA,1,"2019/08/21 23:50:00",LD03,420.712460
D,DISPATCH,UNIT_SCADA,1,"2019/08/21 23:50:00",LD04,381.487520
D,DISPATCH,UNIT_SCADA,1,"2019/08/21 23:50:00",LEM_WIL,86.137340
D,DISPATCH,UNIT_SCADA,1,"2019/08/21 23:50:00",LGAPWF1,24.68
D,DISPATCH,UNIT_SCADA,1,"2019/08/21 23:50:00",LILYSF1,0
D,DISPATCH,UNIT_SCADA,1,"2019/08/21 23:50:00",LI_WY_CA,148.7692
D,DISPATCH,UNIT_SCADA,1,"2019/08/21 23:50:00",LKBONNY2,152.048460
D,DISPATCH,UNIT_SCADA,1,"2019/08/21 23:50:00",LKBONNY3,35.279510
D,DISPATCH,UNIT_SCADA,1,"2019/08/21 23:50:00",LK_ECHO,0
D,DISPATCH,UNIT_SCADA,1,"2019/08/21 23:50:00",LNGS1,0
D,DISPATCH,UNIT_SCADA,1,"2019/08/21 23:50:00",LNGS2,0
D,DISPATCH,UNIT_SCADA,1,"2019/08/21 23:50:00",LONSDALE,0
D,DISPATCH,UNIT_SCADA,1,"2019/08/21 23:50:00",LOYYB1,535.336730
D,DISPATCH,UNIT_SCADA,1,"2019/08/21 23:50:00",LOYYB2,583.082280
D,DISPATCH,UNIT_SCADA,1,"2019/08/21 23:50:00",LYA1,559
D,DISPATCH,UNIT_SCADA,1,"2019/08/21 23:50:00",LYA2,0
D,DISPATCH,UNIT_SCADA,1,"2019/08/21 23:50:00",LYA3,559
D,DISPATCH,UNIT_SCADA,1,"2019/08/21 23:50:00",LYA4,530
D,DISPATCH,UNIT_SCADA,1,"2019/08/21 23:50:00",MACARTH1,392.690920
D,DISPATCH,UNIT_SCADA,1,"2019/08/21 23:50:00",MACKAYGT,0
D,DISPATCH,UNIT_SCADA,1,"2019/08/21 23:50:00",MACKNTSH,85.470010
D,DISPATCH,UNIT_SCADA,1,"2019/08/21 23:50:00",MANSLR1,0
D,DISPATCH,UNIT_SCADA,1,"2019/08/21 23:50:00",MCKAY1,0.02
D,DISPATCH,UNIT_SCADA,1,"2019/08/21 23:50:00",MEADOWBK,34.181680
D,DISPATCH,UNIT_SCADA,1,"2019/08/21 23:50:00",MERCER01,125.175990
D,DISPATCH,UNIT_SCADA,1,"2019/08/21 23:50:00",MEWF1,86.347770
D,DISPATCH,UNIT_SCADA,1,"2019/08/21 23:50:00",MINTARO,0
D,DISPATCH,UNIT_SCADA,1,"2019/08/21 23:50:00",MOREESF1,0
D,DISPATCH,UNIT_SCADA,1,"2019/08/21 23:50:00",MORTLK11,0
D,DISPATCH,UNIT_SCADA,1,"2019/08/21 23:50:00",MORTLK12,0
D,DISPATCH,UNIT_SCADA,1,"2019/08/21 23:50:00",MP1,278.650020
D,DISPATCH,UNIT_SCADA,1,"2019/08/21 23:50:00",MP2,0
D,DISPATCH,UNIT_SCADA,1,"2019/08/21 23:50:00",MPP_1,390
D,DISPATCH,UNIT_SCADA,1,"2019/08/21 23:50:00",MPP_2,425.50
D,DISPATCH,UNIT_SCADA,1,"2019/08/21 23:50:00",MSTUART1,0
D,DISPATCH,UNIT_SCADA,1,"2019/08/21 23:50:00",MSTUART2,0
D,DISPATCH,UNIT_SCADA,1,"2019/08/21 23:50:00",MSTUART3,0
D,DISPATCH,UNIT_SCADA,1,"2019/08/21 23:50:00",MTGELWF1,64.114810
D,DISPATCH,UNIT_SCADA,1,"2019/08/21 23:50:00",MURRAY,0
D,DISPATCH,UNIT_SCADA,1,"2019/08/21 23:50:00",MUSSELR1,128.399990
D,DISPATCH,UNIT_SCADA,1,"2019/08/21 23:50:00",MUWAWF1,56.32
D,DISPATCH,UNIT_SCADA,1,"2019/08/21 23:50:00",NBHWF1,60.20
D,DISPATCH,UNIT_SCADA,1,"2019/08/21 23:50:00",NPS,0
D,DISPATCH,UNIT_SCADA,1,"2019/08/21 23:50:00",NUMURSF1,0
D,DISPATCH,UNIT_SCADA,1,"2019/08/21 23:50:00",NYNGAN1,0
D,DISPATCH,UNIT_SCADA,1,"2019/08/21 23:50:00",OAKEY1,0
D,DISPATCH,UNIT_SCADA,1,"2019/08/21 23:50:00",OAKEY1SF,0
D,DISPATCH,UNIT_SCADA,1,"2019/08/21 23:50:00",OAKEY2,0
D,DISPATCH,UNIT_SCADA,1,"2019/08/21 23:50:00",OAKLAND1,61.90
D,DISPATCH,UNIT_SCADA,1,"2019/08/21 23:50:00",OSB-AG,0
D,DISPATCH,UNIT_SCADA,1,"2019/08/21 23:50:00",PARSF1,0
D,DISPATCH,UNIT_SCADA,1,"2019/08/21 23:50:00",POAT110,0
D,DISPATCH,UNIT_SCADA,1,"2019/08/21 23:50:00",POAT220,0.77
D,DISPATCH,UNIT_SCADA,1,"2019/08/21 23:50:00",POR01,0
D,DISPATCH,UNIT_SCADA,1,"2019/08/21 23:50:00",POR03,0
D,DISPATCH,UNIT_SCADA,1,"2019/08/21 23:50:00",PPCCGT,250.729250
D,DISPATCH,UNIT_SCADA,1,"2019/08/21 23:50:00",PTSTAN1,0
D,DISPATCH,UNIT_SCADA,1,"2019/08/21 23:50:00",PUMP1,0
D,DISPATCH,UNIT_SCADA,1,"2019/08/21 23:50:00",PUMP2,0
D,DISPATCH,UNIT_SCADA,1,"2019/08/21 23:50:00",QPS1,0
D,DISPATCH,UNIT_SCADA,1,"2019/08/21 23:50:00",QPS2,0
D,DISPATCH,UNIT_SCADA,1,"2019/08/21 23:50:00",QPS3,0
D,DISPATCH,UNIT_SCADA,1,"2019/08/21 23:50:00",QPS4,0
D,DISPATCH,UNIT_SCADA,1,"2019/08/21 23:50:00",QPS5,0
D,DISPATCH,UNIT_SCADA,1,"2019/08/21 23:50:00",REECE1,117.920010
D,DISPATCH,UNIT_SCADA,1,"2019/08/21 23:50:00",REECE2,118.910010
D,DISPATCH,UNIT_SCADA,1,"2019/08/21 23:50:00",ROMA_7,0
D,DISPATCH,UNIT_SCADA,1,"2019/08/21 23:50:00",ROMA_8,0
D,DISPATCH,UNIT_SCADA,1,"2019/08/21 23:50:00",RRSF1,0
D,DISPATCH,UNIT_SCADA,1,"2019/08/21 23:50:00",RT_NSW1,0
D,DISPATCH,UNIT_SCADA,1,"2019/08/21 23:50:00",RT_NSW2,0
D,DISPATCH,UNIT_SCADA,1,"2019/08/21 23:50:00",RT_NSW3,0
D,DISPATCH,UNIT_SCADA,1,"2019/08/21 23:50:00",RT_NSW4,0
D,DISPATCH,UNIT_SCADA,1,"2019/08/21 23:50:00",RT_NSW5,0
D,DISPATCH,UNIT_SCADA,1,"2019/08/21 23:50:00",RT_NSW6,0
D,DISPATCH,UNIT_SCADA,1,"2019/08/21 23:50:00",RT_QLD1,0
D,DISPATCH,UNIT_SCADA,1,"2019/08/21 23:50:00",RT_SA1,0
D,DISPATCH,UNIT_SCADA,1,"2019/08/21 23:50:00",RT_SA2,0
D,DISPATCH,UNIT_SCADA,1,"2019/08/21 23:50:00",RT_SA3,0
D,DISPATCH,UNIT_SCADA,1,"2019/08/21 23:50:00",RT_SA4,0
D,DISPATCH,UNIT_SCADA,1,"2019/08/21 23:50:00",RT_SA5,0
D,DISPATCH,UNIT_SCADA,1,"2019/08/21 23:50:00",RT_SA6,0
D,DISPATCH,UNIT_SCADA,1,"2019/08/21 23:50:00",RT_TAS1,0
D,DISPATCH,UNIT_SCADA,1,"2019/08/21 23:50:00",RT_VIC1,0
D,DISPATCH,UNIT_SCADA,1,"2019/08/21 23:50:00",RT_VIC10,0
D,DISPATCH,UNIT_SCADA,1,"2019/08/21 23:50:00",RT_VIC11,0
D,DISPATCH,UNIT_SCADA,1,"2019/08/21 23:50:00",RT_VIC12,0
D,DISPATCH,UNIT_SCADA,1,"2019/08/21 23:50:00",RT_VIC2,0
D,DISPATCH,UNIT_SCADA,1,"2019/08/21 23:50:00",RT_VIC3,0
D,DISPATCH,UNIT_SCADA,1,"2019/08/21 23:50:00",RT_VIC4,0
D,DISPATCH,UNIT_SCADA,1,"2019/08/21 23:50:00",RT_VIC5,0
D,DISPATCH,UNIT_SCADA,1,"2019/08/21 23:50:00",RT_VIC6,0
D,DISPATCH,UNIT_SCADA,1,"2019/08/21 23:50:00",RT_VIC7,0
D,DISPATCH,UNIT_SCADA,1,"2019/08/21 23:50:00",RT_VIC8,0
D,DISPATCH,UNIT_SCADA,1,"2019/08/21 23:50:00",RT_VIC9,0
D,DISPATCH,UNIT_SCADA,1,"2019/08/21 23:50:00",RUGBYR1,0
D,DISPATCH,UNIT_SCADA,1,"2019/08/21 23:50:00",SALTCRK1,52.60
D,DISPATCH,UNIT_SCADA,1,"2019/08/21 23:50:00",SAPHWF1,230.315610
D,DISPATCH,UNIT_SCADA,1,"2019/08/21 23:50:00",SHGEN,0
D,DISPATCH,UNIT_SCADA,1,"2019/08/21 23:50:00",SHPUMP,80.540630
D,DISPATCH,UNIT_SCADA,1,"2019/08/21 23:50:00",SITHE01,0.123710
D,DISPATCH,UNIT_SCADA,1,"2019/08/21 23:50:00",SMCSF1,0
D,DISPATCH,UNIT_SCADA,1,"2019/08/21 23:50:00",SNOWNTH1,133.700010
D,DISPATCH,UNIT_SCADA,1,"2019/08/21 23:50:00",SNOWSTH1,91.20
D,DISPATCH,UNIT_SCADA,1,"2019/08/21 23:50:00",SNOWTWN1,79.478720
D,DISPATCH,UNIT_SCADA,1,"2019/08/21 23:50:00",SNOWYP,0
D,DISPATCH,UNIT_SCADA,1,"2019/08/21 23:50:00",SNUG1,0.019440
D,DISPATCH,UNIT_SCADA,1,"2019/08/21 23:50:00",SRSF1,0.44
D,DISPATCH,UNIT_SCADA,1,"2019/08/21 23:50:00",STAN-1,0
D,DISPATCH,UNIT_SCADA,1,"2019/08/21 23:50:00",STAN-2,280.5560
D,DISPATCH,UNIT_SCADA,1,"2019/08/21 23:50:00",STAN-3,279.158870
D,DISPATCH,UNIT_SCADA,1,"2019/08/21 23:50:00",STAN-4,280.248380
D,DISPATCH,UNIT_SCADA,1,"2019/08/21 23:50:00",STWF1,167.805010
D,DISPATCH,UNIT_SCADA,1,"2019/08/21 23:50:00",SWAN_E,0
D,DISPATCH,UNIT_SCADA,1,"2019/08/21 23:50:00",TALWA1,191
D,DISPATCH,UNIT_SCADA,1,"2019/08/21 23:50:00",TARALGA1,96.506270
D,DISPATCH,UNIT_SCADA,1,"2019/08/21 23:50:00",TARONG#1,279
D,DISPATCH,UNIT_SCADA,1,"2019/08/21 23:50:00",TARONG#2,279.300020
D,DISPATCH,UNIT_SCADA,1,"2019/08/21 23:50:00",TARONG#3,261.100010
D,DISPATCH,UNIT_SCADA,1,"2019/08/21 23:50:00",TARONG#4,280.100010
D,DISPATCH,UNIT_SCADA,1,"2019/08/21 23:50:00",TARRALEA,83.90
D,DISPATCH,UNIT_SCADA,1,"2019/08/21 23:50:00",TBSF1,-0.20
D,DISPATCH,UNIT_SCADA,1,"2019/08/21 23:50:00",TNPS1,442.000030
D,DISPATCH,UNIT_SCADA,1,"2019/08/21 23:50:00",TORRA1,38.710960
D,DISPATCH,UNIT_SCADA,1,"2019/08/21 23:50:00",TORRA2,0
D,DISPATCH,UNIT_SCADA,1,"2019/08/21 23:50:00",TORRA3,0
D,DISPATCH,UNIT_SCADA,1,"2019/08/21 23:50:00",TORRA4,0
D,DISPATCH,UNIT_SCADA,1,"2019/08/21 23:50:00",TORRB1,39.51
D,DISPATCH,UNIT_SCADA,1,"2019/08/21 23:50:00",TORRB2,39.76
D,DISPATCH,UNIT_SCADA,1,"2019/08/21 23:50:00",TORRB3,0
D,DISPATCH,UNIT_SCADA,1,"2019/08/21 23:50:00",TORRB4,0
D,DISPATCH,UNIT_SCADA,1,"2019/08/21 23:50:00",TREVALLN,17.90
D,DISPATCH,UNIT_SCADA,1,"2019/08/21 23:50:00",TRIBUTE,83.61
D,DISPATCH,UNIT_SCADA,1,"2019/08/21 23:50:00",TUMUT3,0
D,DISPATCH,UNIT_SCADA,1,"2019/08/21 23:50:00",TUNGATIN,121.810030
D,DISPATCH,UNIT_SCADA,1,"2019/08/21 23:50:00",TVCC201,0
D,DISPATCH,UNIT_SCADA,1,"2019/08/21 23:50:00",TVPP104,0
D,DISPATCH,UNIT_SCADA,1,"2019/08/21 23:50:00",UPPTUMUT,0
D,DISPATCH,UNIT_SCADA,1,"2019/08/21 23:50:00",URANQ11,0
D,DISPATCH,UNIT_SCADA,1,"2019/08/21 23:50:00",URANQ12,0
D,DISPATCH,UNIT_SCADA,1,"2019/08/21 23:50:00",URANQ13,0
D,DISPATCH,UNIT_SCADA,1,"2019/08/21 23:50:00",URANQ14,0
D,DISPATCH,UNIT_SCADA,1,"2019/08/21 23:50:00",VP5,401.525020
D,DISPATCH,UNIT_SCADA,1,"2019/08/21 23:50:00",VP6,402.850010
D,DISPATCH,UNIT_SCADA,1,"2019/08/21 23:50:00",VPGS1,0
D,DISPATCH,UNIT_SCADA,1,"2019/08/21 23:50:00",VPGS2,0
D,DISPATCH,UNIT_SCADA,1,"2019/08/21 23:50:00",VPGS3,0
D,DISPATCH,UNIT_SCADA,1,"2019/08/21 23:50:00",VPGS4,0
D,DISPATCH,UNIT_SCADA,1,"2019/08/21 23:50:00",VPGS5,0
D,DISPATCH,UNIT_SCADA,1,"2019/08/21 23:50:00",VPGS6,0
D,DISPATCH,UNIT_SCADA,1,"2019/08/21 23:50:00",W/HOE#1,0
D,DISPATCH,UNIT_SCADA,1,"2019/08/21 23:50:00",W/HOE#2,0
D,DISPATCH,UNIT_SCADA,1,"2019/08/21 23:50:00",WATERLWF,98.80
D,DISPATCH,UNIT_SCADA,1,"2019/08/21 23:50:00",WEMENSF1,0
D,DISPATCH,UNIT_SCADA,1,"2019/08/21 23:50:00",WGWF1,69.90
D,DISPATCH,UNIT_SCADA,1,"2019/08/21 23:50:00",WHITSF1,0
D,DISPATCH,UNIT_SCADA,1,"2019/08/21 23:50:00",WKIEWA1,0
D,DISPATCH,UNIT_SCADA,1,"2019/08/21 23:50:00",WKIEWA2,30
D,DISPATCH,UNIT_SCADA,1,"2019/08/21 23:50:00",WOODLWN1,44.9640
D,DISPATCH,UNIT_SCADA,1,"2019/08/21 23:50:00",WRSF1,0
D,DISPATCH,UNIT_SCADA,1,"2019/08/21 23:50:00",WRWF1,140.271260
D,DISPATCH,UNIT_SCADA,1,"2019/08/21 23:50:00",YABULU,0
D,DISPATCH,UNIT_SCADA,1,"2019/08/21 23:50:00",YABULU2,0
D,DISPATCH,UNIT_SCADA,1,"2019/08/21 23:50:00",YARWUN_1,79.40
D,DISPATCH,UNIT_SCADA,1,"2019/08/21 23:50:00",YENDWF1,42.05
D,DISPATCH,UNIT_SCADA,1,"2019/08/21 23:50:00",YWPS1,378.6962
D,DISPATCH,UNIT_SCADA,1,"2019/08/21 23:50:00",YWPS2,279.946840
D,DISPATCH,UNIT_SCADA,1,"2019/08/21 23:50:00",YWPS3,0
D,DISPATCH,UNIT_SCADA,1,"2019/08/21 23:50:00",YWPS4,394.955690
C,"END OF REPORT",334
