C,NEMP.WORLD,DISPATCHSCADA,AEMO,PUBLIC,2019/08/22,17:20:07,0000000311875642,DISPATCHSCADA,0000000311875636
I,DISPATCH,UNIT_SCADA,1,SETTLEMENTDATE,DUID,SCADAVALUE
D,DISPATCH,UNIT_SCADA,1,"2019/08/22 17:25:00",BARCSF1,7.400001
D,DISPATCH,UNIT_SCADA,1,"2019/08/22 17:25:00",BUTLERSG,9.699999
D,DISPATCH,UNIT_SCADA,1,"2019/08/22 17:25:00",CALL_A_4,0
D,DISPATCH,UNIT_SCADA,1,"2019/08/22 17:25:00",CAPTL_WF,45.1520
D,DISPATCH,UNIT_SCADA,1,"2019/08/22 17:25:00",CATHROCK,0
D,DISPATCH,UNIT_SCADA,1,"2019/08/22 17:25:00",CHALLHWF,8.200001
D,DISPATCH,UNIT_SCADA,1,"2019/08/22 17:25:00",CLOVER,-0.01
D,DISPATCH,UNIT_SCADA,1,"2019/08/22 17:25:00",CLUNY,20.145113
D,DISPATCH,UNIT_SCADA,1,"2019/08/22 17:25:00",CNUNDAWF,5.706657
D,DISPATCH,UNIT_SCADA,1,"2019/08/22 17:25:00",CULLRGWF,6.48
D,DISPATCH,UNIT_SCADA,1,"2019/08/22 17:25:00",ERGT01,0
D,DISPATCH,UNIT_SCADA,1,"2019/08/22 17:25:00",GB01,0.071564
D,DISPATCH,UNIT_SCADA,1,"2019/08/22 17:25:00",GERMCRK,34.599998
D,DISPATCH,UNIT_SCADA,1,"2019/08/22 17:25:00",GRIFSF1,3
D,DISPATCH,UNIT_SCADA,1,"2019/08/22 17:25:00",HUGSF1,3.9320
D,DISPATCH,UNIT_SCADA,1,"2019/08/22 17:25:00",LKBONNY1,8.841627
D,DISPATCH,UNIT_SCADA,1,"2019/08/22 17:25:00",LRSF1,-0.0180
D,DISPATCH,UNIT_SCADA,1,"2019/08/22 17:25:00",MBAHNTH,47.043747
D,DISPATCH,UNIT_SCADA,1,"2019/08/22 17:25:00",MLSP1,0.180001
D,DISPATCH,UNIT_SCADA,1,"2019/08/22 17:25:00",MLWF1,2.3250
D,DISPATCH,UNIT_SCADA,1,"2019/08/22 17:25:00",MTMILLAR,4.985679
D,DISPATCH,UNIT_SCADA,1,"2019/08/22 17:25:00",PALOONA,28.93
D,DISPATCH,UNIT_SCADA,1,"2019/08/22 17:25:00",PIONEER,33.900002
D,DISPATCH,UNIT_SCADA,1,"2019/08/22 17:25:00",PORTWF,0.60
D,DISPATCH,UNIT_SCADA,1,"2019/08/22 17:25:00",REPULSE,29.044022
D,DISPATCH,UNIT_SCADA,1,"2019/08/22 17:25:00",ROWALLAN,10.3518
D,DISPATCH,UNIT_SCADA,1,"2019/08/22 17:25:00",ROYALLA1,0.1390
D,DISPATCH,UNIT_SCADA,1,"2019/08/22 17:25:00",RPCG,11.30
D,DISPATCH,UNIT_SCADA,1,"2019/08/22 17:25:00",RUBICON,0
D,DISPATCH,UNIT_SCADA,1,"2019/08/22 17:25:00",SATGN1,0
D,DISPATCH,UNIT_SCADA,1,"2019/08/22 17:25:00",SATGS1,0
D,DISPATCH,UNIT_SCADA,1,"2019/08/22 17:25:00",STARHLWF,0.799767
D,DISPATCH,UNIT_SCADA,1,"2019/08/22 17:25:00",WAUBRAWF,87.369003
D,DISPATCH,UNIT_SCADA,1,"2019/08/22 17:25:00",WOOLNTH1,90.320023
D,DISPATCH,UNIT_SCADA,1,"2019/08/22 17:25:00",WPWF,0
D,DISPATCH,UNIT_SCADA,1,"2019/08/22 17:25:00",YAMBUKWF,0.10
D,DISPATCH,UNIT_SCADA,1,"2019/08/22 17:25:00",YSWF1,9.10
D,DISPATCH,UNIT_SCADA,1,"2019/08/22 17:25:00",AGLHAL,0
D,DISPATCH,UNIT_SCADA,1,"2019/08/22 17:25:00",AGLSOM,-0.20
D,DISPATCH,UNIT_SCADA,1,"2019/08/22 17:25:00",ANGAST1,0
D,DISPATCH,UNIT_SCADA,1,"2019/08/22 17:25:00",ARWF1,73.70
D,DISPATCH,UNIT_SCADA,1,"2019/08/22 17:25:00",BALBG1,16.42
D,DISPATCH,UNIT_SCADA,1,"2019/08/22 17:25:00",BALBL1,0
D,DISPATCH,UNIT_SCADA,1,"2019/08/22 17:25:00",BALDHWF1,66.4560
D,DISPATCH,UNIT_SCADA,1,"2019/08/22 17:25:00",BANN1,5.25
D,DISPATCH,UNIT_SCADA,1,"2019/08/22 17:25:00",BARCALDN,0
D,DISPATCH,UNIT_SCADA,1,"2019/08/22 17:25:00",BARRON-1,0
D,DISPATCH,UNIT_SCADA,1,"2019/08/22 17:25:00",BARRON-2,28.44
D,DISPATCH,UNIT_SCADA,1,"2019/08/22 17:25:00",BASTYAN,77.850010
D,DISPATCH,UNIT_SCADA,1,"2019/08/22 17:25:00",BBTHREE1,-1.92
D,DISPATCH,UNIT_SCADA,1,"2019/08/22 17:25:00",BBTHREE2,-1.92
D,DISPATCH,UNIT_SCADA,1,"2019/08/22 17:25:00",BBTHREE3,-1.06
D,DISPATCH,UNIT_SCADA,1,"2019/08/22 17:25:00",BDL01,0
D,DISPATCH,UNIT_SCADA,1,"2019/08/22 17:25:00",BDL02,1.74
D,DISPATCH,UNIT_SCADA,1,"2019/08/22 17:25:00",BERYLSF1,1.7101
D,DISPATCH,UNIT_SCADA,1,"2019/08/22 17:25:00",BLOWERNG,0
D,DISPATCH,UNIT_SCADA,1,"2019/08/22 17:25:00",BLUFF1,0.40
D,DISPATCH,UNIT_SCADA,1,"2019/08/22 17:25:00",BNGSF1,47.10
D,DISPATCH,UNIT_SCADA,1,"2019/08/22 17:25:00",BNGSF2,15.48
D,DISPATCH,UNIT_SCADA,1,"2019/08/22 17:25:00",BOCORWF1,100.14
D,DISPATCH,UNIT_SCADA,1,"2019/08/22 17:25:00",BODWF1,104.492580
D,DISPATCH,UNIT_SCADA,1,"2019/08/22 17:25:00",BRAEMAR1,0
D,DISPATCH,UNIT_SCADA,1,"2019/08/22 17:25:00",BRAEMAR2,149.80
D,DISPATCH,UNIT_SCADA,1,"2019/08/22 17:25:00",BRAEMAR3,150.600010
D,DISPATCH,UNIT_SCADA,1,"2019/08/22 17:25:00",BRAEMAR5,0
D,DISPATCH,UNIT_SCADA,1,"2019/08/22 17:25:00",BRAEMAR6,90.2563
D,DISPATCH,UNIT_SCADA,1,"2019/08/22 17:25:00",BRAEMAR7,90.790060
D,DISPATCH,UNIT_SCADA,1,"2019/08/22 17:25:00",BROKENH1,11.570560
D,DISPATCH,UNIT_SCADA,1,"2019/08/22 17:25:00",BW01,646.150020
D,DISPATCH,UNIT_SCADA,1,"2019/08/22 17:25:00",BW02,642.6250
D,DISPATCH,UNIT_SCADA,1,"2019/08/22 17:25:00",BW03,646.400020
D,DISPATCH,UNIT_SCADA,1,"2019/08/22 17:25:00",BW04,0
D,DISPATCH,UNIT_SCADA,1,"2019/08/22 17:25:00",CALL_B_1,0
D,DISPATCH,UNIT_SCADA,1,"2019/08/22 17:25:00",CALL_B_2,350.50
D,DISPATCH,UNIT_SCADA,1,"2019/08/22 17:25:00",CETHANA,98.6635
D,DISPATCH,UNIT_SCADA,1,"2019/08/22 17:25:00",CG1,0
D,DISPATCH,UNIT_SCADA,1,"2019/08/22 17:25:00",CG2,0
D,DISPATCH,UNIT_SCADA,1,"2019/08/22 17:25:00",CG3,0
D,DISPATCH,UNIT_SCADA,1,"2019/08/22 17:25:00",CG4,0
D,DISPATCH,UNIT_SCADA,1,"2019/08/22 17:25:00",CHILDSF1,0.69
D,DISPATCH,UNIT_SCADA,1,"2019/08/22 17:25:00",CLARESF1,10.105860
D,DISPATCH,UNIT_SCADA,1,"2019/08/22 17:25:00",CLEMGPWF,-0.360180
D,DISPATCH,UNIT_SCADA,1,"2019/08/22 17:25:00",CLERMSF1,10.43
D,DISPATCH,UNIT_SCADA,1,"2019/08/22 17:25:00",COLEASF1,9.299990
D,DISPATCH,UNIT_SCADA,1,"2019/08/22 17:25:00",COOPGWF1,33.6850
D,DISPATCH,UNIT_SCADA,1,"2019/08/22 17:25:00",CPP_3,407
D,DISPATCH,UNIT_SCADA,1,"2019/08/22 17:25:00",CPP_4,406.450010
D,DISPATCH,UNIT_SCADA,1,"2019/08/22 17:25:00",CPSA,142.418760
D,DISPATCH,UNIT_SCADA,1,"2019/08/22 17:25:00",CROOKWF2,30.833750
D,DISPATCH,UNIT_SCADA,1,"2019/08/22 17:25:00",CROWLWF1,24.145920
D,DISPATCH,UNIT_SCADA,1,"2019/08/22 17:25:00",CSPVPS1,4.1230
D,DISPATCH,UNIT_SCADA,1,"2019/08/22 17:25:00",DALNTH01,0
D,DISPATCH,UNIT_SCADA,1,"2019/08/22 17:25:00",DALNTHL1,0.169380
D,DISPATCH,UNIT_SCADA,1,"2019/08/22 17:25:00",DARTM1,134.399990
D,DISPATCH,UNIT_SCADA,1,"2019/08/22 17:25:00",DAYDSF1,33.0330
D,DISPATCH,UNIT_SCADA,1,"2019/08/22 17:25:00",DDPS1,401.329590
D,DISPATCH,UNIT_SCADA,1,"2019/08/22 17:25:00",DDSF1,3.581060
D,DISPATCH,UNIT_SCADA,1,"2019/08/22 17:25:00",DEVILS_G,0
D,DISPATCH,UNIT_SCADA,1,"2019/08/22 17:25:00",DG_NSW1,0
D,DISPATCH,UNIT_SCADA,1,"2019/08/22 17:25:00",DG_QLD1,0
D,DISPATCH,UNIT_SCADA,1,"2019/08/22 17:25:00",DG_SA1,0
D,DISPATCH,UNIT_SCADA,1,"2019/08/22 17:25:00",DG_TAS1,0
D,DISPATCH,UNIT_SCADA,1,"2019/08/22 17:25:00",DG_VIC1,0
D,DISPATCH,UNIT_SCADA,1,"2019/08/22 17:25:00",DRYCGT1,0
D,DISPATCH,UNIT_SCADA,1,"2019/08/22 17:25:00",DRYCGT2,0
D,DISPATCH,UNIT_SCADA,1,"2019/08/22 17:25:00",DRYCGT3,0
D,DISPATCH,UNIT_SCADA,1,"2019/08/22 17:25:00",EILDON1,0
D,DISPATCH,UNIT_SCADA,1,"2019/08/22 17:25:00",EILDON2,0
D,DISPATCH,UNIT_SCADA,1,"2019/08/22 17:25:00",EMERASF1,8.39
D,DISPATCH,UNIT_SCADA,1,"2019/08/22 17:25:00",ER01,584.074950
D,DISPATCH,UNIT_SCADA,1,"2019/08/22 17:25:00",ER02,608.6250
D,DISPATCH,UNIT_SCADA,1,"2019/08/22 17:25:00",ER03,699.400020
D,DISPATCH,UNIT_SCADA,1,"2019/08/22 17:25:00",ER04,678.275020
D,DISPATCH,UNIT_SCADA,1,"2019/08/22 17:25:00",FINLYSF1,0.111380
D,DISPATCH,UNIT_SCADA,1,"2019/08/22 17:25:00",FISHER,45.92
D,DISPATCH,UNIT_SCADA,1,"2019/08/22 17:25:00",GANNBG1,18.052090
D,DISPATCH,UNIT_SCADA,1,"2019/08/22 17:25:00",GANNBL1,0
D,DISPATCH,UNIT_SCADA,1,"2019/08/22 17:25:00",GANNSF1,7.10
D,DISPATCH,UNIT_SCADA,1,"2019/08/22 17:25:00",GORDON,111.799510
D,DISPATCH,UNIT_SCADA,1,"2019/08/22 17:25:00",GSTONE1,257.074980
D,DISPATCH,UNIT_SCADA,1,"2019/08/22 17:25:00",GSTONE2,222.4250
D,DISPATCH,UNIT_SCADA,1,"2019/08/22 17:25:00",GSTONE3,250.774990
D,DISPATCH,UNIT_SCADA,1,"2019/08/22 17:25:00",GSTONE4,261.449980
D,DISPATCH,UNIT_SCADA,1,"2019/08/22 17:25:00",GSTONE5,258.299990
D,DISPATCH,UNIT_SCADA,1,"2019/08/22 17:25:00",GSTONE6,0
D,DISPATCH,UNIT_SCADA,1,"2019/08/22 17:25:00",GULLRSF1,0
D,DISPATCH,UNIT_SCADA,1,"2019/08/22 17:25:00",GULLRWF1,58.171720
D,DISPATCH,UNIT_SCADA,1,"2019/08/22 17:25:00",GUNNING1,15.898280
D,DISPATCH,UNIT_SCADA,1,"2019/08/22 17:25:00",GUTHEGA,30.70
D,DISPATCH,UNIT_SCADA,1,"2019/08/22 17:25:00",HALLWF1,-0.50
D,DISPATCH,UNIT_SCADA,1,"2019/08/22 17:25:00",HALLWF2,-0.35
D,DISPATCH,UNIT_SCADA,1,"2019/08/22 17:25:00",HAMISF1,11
D,DISPATCH,UNIT_SCADA,1,"2019/08/22 17:25:00",HAUGHT11,32.788480
D,DISPATCH,UNIT_SCADA,1,"2019/08/22 17:25:00",HAYMSF1,11.1240
D,DISPATCH,UNIT_SCADA,1,"2019/08/22 17:25:00",HDWF1,6.80
D,DISPATCH,UNIT_SCADA,1,"2019/08/22 17:25:00",HDWF2,4.70
D,DISPATCH,UNIT_SCADA,1,"2019/08/22 17:25:00",HDWF3,7
D,DISPATCH,UNIT_SCADA,1,"2019/08/22 17:25:00",HPRG1,16.50
D,DISPATCH,UNIT_SCADA,1,"2019/08/22 17:25:00",HPRL1,0
D,DISPATCH,UNIT_SCADA,1,"2019/08/22 17:25:00",HUMENSW,0
D,DISPATCH,UNIT_SCADA,1,"2019/08/22 17:25:00",HUMEV,9.50
D,DISPATCH,UNIT_SCADA,1,"2019/08/22 17:25:00",HVGTS,0
D,DISPATCH,UNIT_SCADA,1,"2019/08/22 17:25:00",JBUTTERS,141.39
D,DISPATCH,UNIT_SCADA,1,"2019/08/22 17:25:00",JLA01,0.50
D,DISPATCH,UNIT_SCADA,1,"2019/08/22 17:25:00",JLA02,0
D,DISPATCH,UNIT_SCADA,1,"2019/08/22 17:25:00",JLA03,0.10
D,DISPATCH,UNIT_SCADA,1,"2019/08/22 17:25:00",JLA04,0.10
D,DISPATCH,UNIT_SCADA,1,"2019/08/22 17:25:00",JLB01,0
D,DISPATCH,UNIT_SCADA,1,"2019/08/22 17:25:00",JLB02,54.10
D,DISPATCH,UNIT_SCADA,1,"2019/08/22 17:25:00",JLB03,31.50
D,DISPATCH,UNIT_SCADA,1,"2019/08/22 17:25:00",KAREEYA1,21.51
D,DISPATCH,UNIT_SCADA,1,"2019/08/22 17:25:00",KAREEYA2,21.7050
D,DISPATCH,UNIT_SCADA,1,"2019/08/22 17:25:00",KAREEYA3,0
D,DISPATCH,UNIT_SCADA,1,"2019/08/22 17:25:00",KAREEYA4,21.70
D,DISPATCH,UNIT_SCADA,1,"2019/08/22 17:25:00",KARSF1,17
D,DISPATCH,UNIT_SCADA,1,"2019/08/22 17:25:00",KIATAWF1,6
D,DISPATCH,UNIT_SCADA,1,"2019/08/22 17:25:00",KPP_1,0
D,DISPATCH,UNIT_SCADA,1,"2019/08/22 17:25:00",KSP1,22.01
D,DISPATCH,UNIT_SCADA,1,"2019/08/22 17:25:00",LADBROK1,42.64
D,DISPATCH,UNIT_SCADA,1,"2019/08/22 17:25:00",LADBROK2,43.34
D,DISPATCH,UNIT_SCADA,1,"2019/08/22 17:25:00",LD01,417.468750
D,DISPATCH,UNIT_SCADA,1,"2019/08/22 17:25:00",LD02,419.4938
D,DISPATCH,UNIT_SCADA,1,"2019/08/22 17:25:00",LD03,417.093780
D,DISPATCH,UNIT_SCADA,1,"2019/08/22 17:25:00",LD04,376.762570
D,DISPATCH,UNIT_SCADA,1,"2019/08/22 17:25:00",LEM_WIL,86.137340
D,DISPATCH,UNIT_SCADA,1,"2019/08/22 17:25:00",LGAPWF1,9.62
D,DISPATCH,UNIT_SCADA,1,"2019/08/22 17:25:00",LILYSF1,9.371650
D,DISPATCH,UNIT_SCADA,1,"2019/08/22 17:25:00",LI_WY_CA,148.620680
D,DISPATCH,UNIT_SCADA,1,"2019/08/22 17:25:00",LKBONNY2,17.214210
D,DISPATCH,UNIT_SCADA,1,"2019/08/22 17:25:00",LKBONNY3,5.247270
D,DISPATCH,UNIT_SCADA,1,"2019/08/22 17:25:00",LK_ECHO,0
D,DISPATCH,UNIT_SCADA,1,"2019/08/22 17:25:00",LNGS1,0
D,DISPATCH,UNIT_SCADA,1,"2019/08/22 17:25:00",LNGS2,0
D,DISPATCH,UNIT_SCADA,1,"2019/08/22 17:25:00",LONSDALE,0
D,DISPATCH,UNIT_SCADA,1,"2019/08/22 17:25:00",LOYYB1,536.088620
D,DISPATCH,UNIT_SCADA,1,"2019/08/22 17:25:00",LOYYB2,584.210140
D,DISPATCH,UNIT_SCADA,1,"2019/08/22 17:25:00",LYA1,561
D,DISPATCH,UNIT_SCADA,1,"2019/08/22 17:25:00",LYA2,0
D,DISPATCH,UNIT_SCADA,1,"2019/08/22 17:25:00",LYA3,561
D,DISPATCH,UNIT_SCADA,1,"2019/08/22 17:25:00",LYA4,540
D,DISPATCH,UNIT_SCADA,1,"2019/08/22 17:25:00",MACARTH1,0
D,DISPATCH,UNIT_SCADA,1,"2019/08/22 17:25:00",MACKAYGT,0
D,DISPATCH,UNIT_SCADA,1,"2019/08/22 17:25:00",MACKNTSH,86.77
D,DISPATCH,UNIT_SCADA,1,"2019/08/22 17:25:00",MANSLR1,3.5010
D,DISPATCH,UNIT_SCADA,1,"2019/08/22 17:25:00",MCKAY1,0.02
D,DISPATCH,UNIT_SCADA,1,"2019/08/22 17:25:00",MEADOWBK,34.0102
D,DISPATCH,UNIT_SCADA,1,"2019/08/22 17:25:00",MERCER01,26.4980
D,DISPATCH,UNIT_SCADA,1,"2019/08/22 17:25:00",MEWF1,8.814590
D,DISPATCH,UNIT_SCADA,1,"2019/08/22 17:25:00",MINTARO,0
D,DISPATCH,UNIT_SCADA,1,"2019/08/22 17:25:00",MOREESF1,1.07
D,DISPATCH,UNIT_SCADA,1,"2019/08/22 17:25:00",MORTLK11,260
D,DISPATCH,UNIT_SCADA,1,"2019/08/22 17:25:00",MORTLK12,0
D,DISPATCH,UNIT_SCADA,1,"2019/08/22 17:25:00",MP1,276.50
D,DISPATCH,UNIT_SCADA,1,"2019/08/22 17:25:00",MP2,0
D,DISPATCH,UNIT_SCADA,1,"2019/08/22 17:25:00",MPP_1,406
D,DISPATCH,UNIT_SCADA,1,"2019/08/22 17:25:00",MPP_2,435.25
D,DISPATCH,UNIT_SCADA,1,"2019/08/22 17:25:00",MSTUART1,0
D,DISPATCH,UNIT_SCADA,1,"2019/08/22 17:25:00",MSTUART2,0
D,DISPATCH,UNIT_SCADA,1,"2019/08/22 17:25:00",MSTUART3,0
D,DISPATCH,UNIT_SCADA,1,"2019/08/22 17:25:00",MTGELWF1,36.507770
D,DISPATCH,UNIT_SCADA,1,"2019/08/22 17:25:00",MURRAY,670.964970
D,DISPATCH,UNIT_SCADA,1,"2019/08/22 17:25:00",MUSSELR1,76
D,DISPATCH,UNIT_SCADA,1,"2019/08/22 17:25:00",MUWAWF1,31.59
D,DISPATCH,UNIT_SCADA,1,"2019/08/22 17:25:00",NBHWF1,-0.60
D,DISPATCH,UNIT_SCADA,1,"2019/08/22 17:25:00",NPS,481.50
D,DISPATCH,UNIT_SCADA,1,"2019/08/22 17:25:00",NUMURSF1,8.79
D,DISPATCH,UNIT_SCADA,1,"2019/08/22 17:25:00",NYNGAN1,7.75
D,DISPATCH,UNIT_SCADA,1,"2019/08/22 17:25:00",OAKEY1,0
D,DISPATCH,UNIT_SCADA,1,"2019/08/22 17:25:00",OAKEY1SF,0.54
D,DISPATCH,UNIT_SCADA,1,"2019/08/22 17:25:00",OAKEY2,0
D,DISPATCH,UNIT_SCADA,1,"2019/08/22 17:25:00",OAKLAND1,7.40
D,DISPATCH,UNIT_SCADA,1,"2019/08/22 17:25:00",OSB-AG,181.930010
D,DISPATCH,UNIT_SCADA,1,"2019/08/22 17:25:00",PARSF1,3.80
D,DISPATCH,UNIT_SCADA,1,"2019/08/22 17:25:00",POAT110,41.85
D,DISPATCH,UNIT_SCADA,1,"2019/08/22 17:25:00",POAT220,11.11
D,DISPATCH,UNIT_SCADA,1,"2019/08/22 17:25:00",POR01,0
D,DISPATCH,UNIT_SCADA,1,"2019/08/22 17:25:00",POR03,0
D,DISPATCH,UNIT_SCADA,1,"2019/08/22 17:25:00",PPCCGT,492.998050
D,DISPATCH,UNIT_SCADA,1,"2019/08/22 17:25:00",PTSTAN1,0
D,DISPATCH,UNIT_SCADA,1,"2019/08/22 17:25:00",PUMP1,0
D,DISPATCH,UNIT_SCADA,1,"2019/08/22 17:25:00",PUMP2,0
D,DISPATCH,UNIT_SCADA,1,"2019/08/22 17:25:00",QPS1,29.10
D,DISPATCH,UNIT_SCADA,1,"2019/08/22 17:25:00",QPS2,0
D,DISPATCH,UNIT_SCADA,1,"2019/08/22 17:25:00",QPS3,0
D,DISPATCH,UNIT_SCADA,1,"2019/08/22 17:25:00",QPS4,0
D,DISPATCH,UNIT_SCADA,1,"2019/08/22 17:25:00",QPS5,124.42
D,DISPATCH,UNIT_SCADA,1,"2019/08/22 17:25:00",REECE1,118.010010
D,DISPATCH,UNIT_SCADA,1,"2019/08/22 17:25:00",REECE2,119.160010
D,DISPATCH,UNIT_SCADA,1,"2019/08/22 17:25:00",ROMA_7,0
D,DISPATCH,UNIT_SCADA,1,"2019/08/22 17:25:00",ROMA_8,0
D,DISPATCH,UNIT_SCADA,1,"2019/08/22 17:25:00",RRSF1,20.972060
D,DISPATCH,UNIT_SCADA,1,"2019/08/22 17:25:00",RT_NSW1,0
D,DISPATCH,UNIT_SCADA,1,"2019/08/22 17:25:00",RT_NSW2,0
D,DISPATCH,UNIT_SCADA,1,"2019/08/22 17:25:00",RT_NSW3,0
D,DISPATCH,UNIT_SCADA,1,"2019/08/22 17:25:00",RT_NSW4,0
D,DISPATCH,UNIT_SCADA,1,"2019/08/22 17:25:00",RT_NSW5,0
D,DISPATCH,UNIT_SCADA,1,"2019/08/22 17:25:00",RT_NSW6,0
D,DISPATCH,UNIT_SCADA,1,"2019/08/22 17:25:00",RT_QLD1,0
D,DISPATCH,UNIT_SCADA,1,"2019/08/22 17:25:00",RT_SA1,0
D,DISPATCH,UNIT_SCADA,1,"2019/08/22 17:25:00",RT_SA2,0
D,DISPATCH,UNIT_SCADA,1,"2019/08/22 17:25:00",RT_SA3,0
D,DISPATCH,UNIT_SCADA,1,"2019/08/22 17:25:00",RT_SA4,0
D,DISPATCH,UNIT_SCADA,1,"2019/08/22 17:25:00",RT_SA5,0
D,DISPATCH,UNIT_SCADA,1,"2019/08/22 17:25:00",RT_SA6,0
D,DISPATCH,UNIT_SCADA,1,"2019/08/22 17:25:00",RT_TAS1,0
D,DISPATCH,UNIT_SCADA,1,"2019/08/22 17:25:00",RT_VIC1,0
D,DISPATCH,UNIT_SCADA,1,"2019/08/22 17:25:00",RT_VIC10,0
D,DISPATCH,UNIT_SCADA,1,"2019/08/22 17:25:00",RT_VIC11,0
D,DISPATCH,UNIT_SCADA,1,"2019/08/22 17:25:00",RT_VIC12,0
D,DISPATCH,UNIT_SCADA,1,"2019/08/22 17:25:00",RT_VIC2,0
D,DISPATCH,UNIT_SCADA,1,"2019/08/22 17:25:00",RT_VIC3,0
D,DISPATCH,UNIT_SCADA,1,"2019/08/22 17:25:00",RT_VIC4,0
D,DISPATCH,UNIT_SCADA,1,"2019/08/22 17:25:00",RT_VIC5,0
D,DISPATCH,UNIT_SCADA,1,"2019/08/22 17:25:00",RT_VIC6,0
D,DISPATCH,UNIT_SCADA,1,"2019/08/22 17:25:00",RT_VIC7,0
D,DISPATCH,UNIT_SCADA,1,"2019/08/22 17:25:00",RT_VIC8,0
D,DISPATCH,UNIT_SCADA,1,"2019/08/22 17:25:00",RT_VIC9,0
D,DISPATCH,UNIT_SCADA,1,"2019/08/22 17:25:00",RUGBYR1,10.448380
D,DISPATCH,UNIT_SCADA,1,"2019/08/22 17:25:00",SALTCRK1,7.56
D,DISPATCH,UNIT_SCADA,1,"2019/08/22 17:25:00",SAPHWF1,236.174990
D,DISPATCH,UNIT_SCADA,1,"2019/08/22 17:25:00",SHGEN,115.881240
D,DISPATCH,UNIT_SCADA,1,"2019/08/22 17:25:00",SHPUMP,0
D,DISPATCH,UNIT_SCADA,1,"2019/08/22 17:25:00",SITHE01,0.005650
D,DISPATCH,UNIT_SCADA,1,"2019/08/22 17:25:00",SMCSF1,12.332350
D,DISPATCH,UNIT_SCADA,1,"2019/08/22 17:25:00",SNOWNTH1,4.20
D,DISPATCH,UNIT_SCADA,1,"2019/08/22 17:25:00",SNOWSTH1,8.70
D,DISPATCH,UNIT_SCADA,1,"2019/08/22 17:25:00",SNOWTWN1,0.0339
D,DISPATCH,UNIT_SCADA,1,"2019/08/22 17:25:00",SNOWYP,0
D,DISPATCH,UNIT_SCADA,1,"2019/08/22 17:25:00",SNUG1,0.019440
D,DISPATCH,UNIT_SCADA,1,"2019/08/22 17:25:00",SRSF1,1.45
D,DISPATCH,UNIT_SCADA,1,"2019/08/22 17:25:00",STAN-1,0
D,DISPATCH,UNIT_SCADA,1,"2019/08/22 17:25:00",STAN-2,313.138850
D,DISPATCH,UNIT_SCADA,1,"2019/08/22 17:25:00",STAN-3,314.625730
D,DISPATCH,UNIT_SCADA,1,"2019/08/22 17:25:00",STAN-4,309.485780
D,DISPATCH,UNIT_SCADA,1,"2019/08/22 17:25:00",STWF1,16.526250
D,DISPATCH,UNIT_SCADA,1,"2019/08/22 17:25:00",SWAN_E,0
D,DISPATCH,UNIT_SCADA,1,"2019/08/22 17:25:00",TALWA1,420
D,DISPATCH,UNIT_SCADA,1,"2019/08/22 17:25:00",TARALGA1,59.231230
D,DISPATCH,UNIT_SCADA,1,"2019/08/22 17:25:00",TARONG#1,335.50
D,DISPATCH,UNIT_SCADA,1,"2019/08/22 17:25:00",TARONG#2,335.700010
D,DISPATCH,UNIT_SCADA,1,"2019/08/22 17:25:00",TARONG#3,260
D,DISPATCH,UNIT_SCADA,1,"2019/08/22 17:25:00",TARONG#4,329.399990
D,DISPATCH,UNIT_SCADA,1,"2019/08/22 17:25:00",TARRALEA,84
D,DISPATCH,UNIT_SCADA,1,"2019/08/22 17:25:00",TBSF1,4
D,DISPATCH,UNIT_SCADA,1,"2019/08/22 17:25:00",TNPS1,442.300020
D,DISPATCH,UNIT_SCADA,1,"2019/08/22 17:25:00",TORRA1,117.206890
D,DISPATCH,UNIT_SCADA,1,"2019/08/22 17:25:00",TORRA2,0
D,DISPATCH,UNIT_SCADA,1,"2019/08/22 17:25:00",TORRA3,46.831160
D,DISPATCH,UNIT_SCADA,1,"2019/08/22 17:25:00",TORRA4,110.891330
D,DISPATCH,UNIT_SCADA,1,"2019/08/22 17:25:00",TORRB1,128.17
D,DISPATCH,UNIT_SCADA,1,"2019/08/22 17:25:00",TORRB2,193.100010
D,DISPATCH,UNIT_SCADA,1,"2019/08/22 17:25:00",TORRB3,0
D,DISPATCH,UNIT_SCADA,1,"2019/08/22 17:25:00",TORRB4,0
D,DISPATCH,UNIT_SCADA,1,"2019/08/22 17:25:00",TREVALLN,70.270030
D,DISPATCH,UNIT_SCADA,1,"2019/08/22 17:25:00",TRIBUTE,85.02
D,DISPATCH,UNIT_SCADA,1,"2019/08/22 17:25:00",TUMUT3,0
D,DISPATCH,UNIT_SCADA,1,"2019/08/22 17:25:00",TUNGATIN,139.840030
D,DISPATCH,UNIT_SCADA,1,"2019/08/22 17:25:00",TVCC201,0
D,DISPATCH,UNIT_SCADA,1,"2019/08/22 17:25:00",TVPP104,57.8461
D,DISPATCH,UNIT_SCADA,1,"2019/08/22 17:25:00",UPPTUMUT,0
D,DISPATCH,UNIT_SCADA,1,"2019/08/22 17:25:00",URANQ11,78.825010
D,DISPATCH,UNIT_SCADA,1,"2019/08/22 17:25:00",URANQ12,0
D,DISPATCH,UNIT_SCADA,1,"2019/08/22 17:25:00",URANQ13,0
D,DISPATCH,UNIT_SCADA,1,"2019/08/22 17:25:00",URANQ14,0
D,DISPATCH,UNIT_SCADA,1,"2019/08/22 17:25:00",VP5,362.774990
D,DISPATCH,UNIT_SCADA,1,"2019/08/22 17:25:00",VP6,601.700010
D,DISPATCH,UNIT_SCADA,1,"2019/08/22 17:25:00",VPGS1,0
D,DISPATCH,UNIT_SCADA,1,"2019/08/22 17:25:00",VPGS2,0
D,DISPATCH,UNIT_SCADA,1,"2019/08/22 17:25:00",VPGS3,0
D,DISPATCH,UNIT_SCADA,1,"2019/08/22 17:25:00",VPGS4,0
D,DISPATCH,UNIT_SCADA,1,"2019/08/22 17:25:00",VPGS5,0
D,DISPATCH,UNIT_SCADA,1,"2019/08/22 17:25:00",VPGS6,0
D,DISPATCH,UNIT_SCADA,1,"2019/08/22 17:25:00",W/HOE#1,0
D,DISPATCH,UNIT_SCADA,1,"2019/08/22 17:25:00",W/HOE#2,0
D,DISPATCH,UNIT_SCADA,1,"2019/08/22 17:25:00",WATERLWF,-0.90
D,DISPATCH,UNIT_SCADA,1,"2019/08/22 17:25:00",WEMENSF1,13.20
D,DISPATCH,UNIT_SCADA,1,"2019/08/22 17:25:00",WGWF1,3.20
D,DISPATCH,UNIT_SCADA,1,"2019/08/22 17:25:00",WHITSF1,8.90
D,DISPATCH,UNIT_SCADA,1,"2019/08/22 17:25:00",WKIEWA1,0
D,DISPATCH,UNIT_SCADA,1,"2019/08/22 17:25:00",WKIEWA2,0.10
D,DISPATCH,UNIT_SCADA,1,"2019/08/22 17:25:00",WOODLWN1,11.8530
D,DISPATCH,UNIT_SCADA,1,"2019/08/22 17:25:00",WRSF1,0.28
D,DISPATCH,UNIT_SCADA,1,"2019/08/22 17:25:00",WRWF1,127.701260
D,DISPATCH,UNIT_SCADA,1,"2019/08/22 17:25:00",YABULU,0
D,DISPATCH,UNIT_SCADA,1,"2019/08/22 17:25:00",YABULU2,0
D,DISPATCH,UNIT_SCADA,1,"2019/08/22 17:25:00",YARWUN_1,0
D,DISPATCH,UNIT_SCADA,1,"2019/08/22 17:25:00",YENDWF1,14.67
D,DISPATCH,UNIT_SCADA,1,"2019/08/22 17:25:00",YWPS1,366.916440
D,DISPATCH,UNIT_SCADA,1,"2019/08/22 17:25:00",YWPS2,277.189880
D,DISPATCH,UNIT_SCADA,1,"2019/08/22 17:25:00",YWPS3,0
D,DISPATCH,UNIT_SCADA,1,"2019/08/22 17:25:00",YWPS4,395.802520
C,"END OF REPORT",334
