C,NEMP.WORLD,DISPATCHSCADA,AEMO,PUBLIC,2019/08/20,08:25:07,0000000311778320,DISPATCHSCADA,0000000311778314
I,DISPATCH,UNIT_SCADA,1,SETTLEMENTDATE,DUID,SCADAVALUE
D,DISPATCH,UNIT_SCADA,1,"2019/08/20 08:30:00",BARCSF1,17.400002
D,DISPATCH,UNIT_SCADA,1,"2019/08/20 08:30:00",BUTLERSG,9.799998
D,DISPATCH,UNIT_SCADA,1,"2019/08/20 08:30:00",CALL_A_4,0
D,DISPATCH,UNIT_SCADA,1,"2019/08/20 08:30:00",CAPTL_WF,125.367996
D,DISPATCH,UNIT_SCADA,1,"2019/08/20 08:30:00",CATHROCK,48.919998
D,DISPATCH,UNIT_SCADA,1,"2019/08/20 08:30:00",CHALLHWF,13.50
D,DISPATCH,UNIT_SCADA,1,"2019/08/20 08:30:00",CLOVER,0
D,DISPATCH,UNIT_SCADA,1,"2019/08/20 08:30:00",CLUNY,9.129320
D,DISPATCH,UNIT_SCADA,1,"2019/08/20 08:30:00",CNUNDAWF,39.746365
D,DISPATCH,UNIT_SCADA,1,"2019/08/20 08:30:00",CULLRGWF,30.549999
D,DISPATCH,UNIT_SCADA,1,"2019/08/20 08:30:00",ERGT01,0
D,DISPATCH,UNIT_SCADA,1,"2019/08/20 08:30:00",GB01,0.054806
D,DISPATCH,UNIT_SCADA,1,"2019/08/20 08:30:00",GERMCRK,38.799999
D,DISPATCH,UNIT_SCADA,1,"2019/08/20 08:30:00",GRIFSF1,13.600006
D,DISPATCH,UNIT_SCADA,1,"2019/08/20 08:30:00",HUGSF1,8.827001
D,DISPATCH,UNIT_SCADA,1,"2019/08/20 08:30:00",LKBONNY1,70.733017
D,DISPATCH,UNIT_SCADA,1,"2019/08/20 08:30:00",LRSF1,12.636001
D,DISPATCH,UNIT_SCADA,1,"2019/08/20 08:30:00",MBAHNTH,55.612503
D,DISPATCH,UNIT_SCADA,1,"2019/08/20 08:30:00",MLSP1,5.511001
D,DISPATCH,UNIT_SCADA,1,"2019/08/20 08:30:00",MLWF1,19.709999
D,DISPATCH,UNIT_SCADA,1,"2019/08/20 08:30:00",MTMILLAR,17.434992
D,DISPATCH,UNIT_SCADA,1,"2019/08/20 08:30:00",PALOONA,23.619999
D,DISPATCH,UNIT_SCADA,1,"2019/08/20 08:30:00",PIONEER,10.20
D,DISPATCH,UNIT_SCADA,1,"2019/08/20 08:30:00",PORTWF,135.199997
D,DISPATCH,UNIT_SCADA,1,"2019/08/20 08:30:00",REPULSE,28.758373
D,DISPATCH,UNIT_SCADA,1,"2019/08/20 08:30:00",ROWALLAN,9.8832
D,DISPATCH,UNIT_SCADA,1,"2019/08/20 08:30:00",ROYALLA1,11.052001
D,DISPATCH,UNIT_SCADA,1,"2019/08/20 08:30:00",RPCG,11.30
D,DISPATCH,UNIT_SCADA,1,"2019/08/20 08:30:00",RUBICON,0
D,DISPATCH,UNIT_SCADA,1,"2019/08/20 08:30:00",SATGN1,0
D,DISPATCH,UNIT_SCADA,1,"2019/08/20 08:30:00",SATGS1,0
D,DISPATCH,UNIT_SCADA,1,"2019/08/20 08:30:00",STARHLWF,16.695131
D,DISPATCH,UNIT_SCADA,1,"2019/08/20 08:30:00",WAUBRAWF,116.245003
D,DISPATCH,UNIT_SCADA,1,"2019/08/20 08:30:00",WOOLNTH1,130.710022
D,DISPATCH,UNIT_SCADA,1,"2019/08/20 08:30:00",WPWF,39
D,DISPATCH,UNIT_SCADA,1,"2019/08/20 08:30:00",YAMBUKWF,19.700001
D,DISPATCH,UNIT_SCADA,1,"2019/08/20 08:30:00",YSWF1,28.700001
D,DISPATCH,UNIT_SCADA,1,"2019/08/20 08:30:00",AGLHAL,0
D,DISPATCH,UNIT_SCADA,1,"2019/08/20 08:30:00",AGLSOM,0
D,DISPATCH,UNIT_SCADA,1,"2019/08/20 08:30:00",ANGAST1,0
D,DISPATCH,UNIT_SCADA,1,"2019/08/20 08:30:00",ARWF1,37.10
D,DISPATCH,UNIT_SCADA,1,"2019/08/20 08:30:00",BALBG1,0
D,DISPATCH,UNIT_SCADA,1,"2019/08/20 08:30:00",BALBL1,0
D,DISPATCH,UNIT_SCADA,1,"2019/08/20 08:30:00",BALDHWF1,103.2960
D,DISPATCH,UNIT_SCADA,1,"2019/08/20 08:30:00",BANN1,33.83
D,DISPATCH,UNIT_SCADA,1,"2019/08/20 08:30:00",BARCALDN,0
D,DISPATCH,UNIT_SCADA,1,"2019/08/20 08:30:00",BARRON-1,0
D,DISPATCH,UNIT_SCADA,1,"2019/08/20 08:30:00",BARRON-2,29
D,DISPATCH,UNIT_SCADA,1,"2019/08/20 08:30:00",BASTYAN,80.600010
D,DISPATCH,UNIT_SCADA,1,"2019/08/20 08:30:00",BBTHREE1,-1.82
D,DISPATCH,UNIT_SCADA,1,"2019/08/20 08:30:00",BBTHREE2,-2.05
D,DISPATCH,UNIT_SCADA,1,"2019/08/20 08:30:00",BBTHREE3,0
D,DISPATCH,UNIT_SCADA,1,"2019/08/20 08:30:00",BDL01,20.22
D,DISPATCH,UNIT_SCADA,1,"2019/08/20 08:30:00",BDL02,20.22
D,DISPATCH,UNIT_SCADA,1,"2019/08/20 08:30:00",BERYLSF1,64.921040
D,DISPATCH,UNIT_SCADA,1,"2019/08/20 08:30:00",BLOWERNG,0
D,DISPATCH,UNIT_SCADA,1,"2019/08/20 08:30:00",BLUFF1,18.50
D,DISPATCH,UNIT_SCADA,1,"2019/08/20 08:30:00",BNGSF1,41.95
D,DISPATCH,UNIT_SCADA,1,"2019/08/20 08:30:00",BNGSF2,14.42
D,DISPATCH,UNIT_SCADA,1,"2019/08/20 08:30:00",BOCORWF1,71.70
D,DISPATCH,UNIT_SCADA,1,"2019/08/20 08:30:00",BODWF1,17.321120
D,DISPATCH,UNIT_SCADA,1,"2019/08/20 08:30:00",BRAEMAR1,0
D,DISPATCH,UNIT_SCADA,1,"2019/08/20 08:30:00",BRAEMAR2,0
D,DISPATCH,UNIT_SCADA,1,"2019/08/20 08:30:00",BRAEMAR3,0
D,DISPATCH,UNIT_SCADA,1,"2019/08/20 08:30:00",BRAEMAR5,0
D,DISPATCH,UNIT_SCADA,1,"2019/08/20 08:30:00",BRAEMAR6,0
D,DISPATCH,UNIT_SCADA,1,"2019/08/20 08:30:00",BRAEMAR7,0
D,DISPATCH,UNIT_SCADA,1,"2019/08/20 08:30:00",BROKENH1,19.6604
D,DISPATCH,UNIT_SCADA,1,"2019/08/20 08:30:00",BW01,638.525020
D,DISPATCH,UNIT_SCADA,1,"2019/08/20 08:30:00",BW02,639.25
D,DISPATCH,UNIT_SCADA,1,"2019/08/20 08:30:00",BW03,630.050050
D,DISPATCH,UNIT_SCADA,1,"2019/08/20 08:30:00",BW04,0
D,DISPATCH,UNIT_SCADA,1,"2019/08/20 08:30:00",CALL_B_1,350.200010
D,DISPATCH,UNIT_SCADA,1,"2019/08/20 08:30:00",CALL_B_2,289.50
D,DISPATCH,UNIT_SCADA,1,"2019/08/20 08:30:00",CETHANA,92.616130
D,DISPATCH,UNIT_SCADA,1,"2019/08/20 08:30:00",CG1,0
D,DISPATCH,UNIT_SCADA,1,"2019/08/20 08:30:00",CG2,0
D,DISPATCH,UNIT_SCADA,1,"2019/08/20 08:30:00",CG3,0
D,DISPATCH,UNIT_SCADA,1,"2019/08/20 08:30:00",CG4,0
D,DISPATCH,UNIT_SCADA,1,"2019/08/20 08:30:00",CHILDSF1,40.08
D,DISPATCH,UNIT_SCADA,1,"2019/08/20 08:30:00",CLARESF1,38.197250
D,DISPATCH,UNIT_SCADA,1,"2019/08/20 08:30:00",CLEMGPWF,1.656810
D,DISPATCH,UNIT_SCADA,1,"2019/08/20 08:30:00",CLERMSF1,15.13
D,DISPATCH,UNIT_SCADA,1,"2019/08/20 08:30:00",COLEASF1,18.400010
D,DISPATCH,UNIT_SCADA,1,"2019/08/20 08:30:00",COOPGWF1,17.8303
D,DISPATCH,UNIT_SCADA,1,"2019/08/20 08:30:00",CPP_3,406.725010
D,DISPATCH,UNIT_SCADA,1,"2019/08/20 08:30:00",CPP_4,279.950010
D,DISPATCH,UNIT_SCADA,1,"2019/08/20 08:30:00",CPSA,143.106870
D,DISPATCH,UNIT_SCADA,1,"2019/08/20 08:30:00",CROOKWF2,80.373750
D,DISPATCH,UNIT_SCADA,1,"2019/08/20 08:30:00",CROWLWF1,26.3639
D,DISPATCH,UNIT_SCADA,1,"2019/08/20 08:30:00",CSPVPS1,19.5730
D,DISPATCH,UNIT_SCADA,1,"2019/08/20 08:30:00",DALNTH01,0
D,DISPATCH,UNIT_SCADA,1,"2019/08/20 08:30:00",DALNTHL1,0.077820
D,DISPATCH,UNIT_SCADA,1,"2019/08/20 08:30:00",DARTM1,134.600010
D,DISPATCH,UNIT_SCADA,1,"2019/08/20 08:30:00",DAYDSF1,105.27
D,DISPATCH,UNIT_SCADA,1,"2019/08/20 08:30:00",DDPS1,0
D,DISPATCH,UNIT_SCADA,1,"2019/08/20 08:30:00",DDSF1,69.251070
D,DISPATCH,UNIT_SCADA,1,"2019/08/20 08:30:00",DEVILS_G,0
D,DISPATCH,UNIT_SCADA,1,"2019/08/20 08:30:00",DG_NSW1,0
D,DISPATCH,UNIT_SCADA,1,"2019/08/20 08:30:00",DG_QLD1,0
D,DISPATCH,UNIT_SCADA,1,"2019/08/20 08:30:00",DG_SA1,0
D,DISPATCH,UNIT_SCADA,1,"2019/08/20 08:30:00",DG_TAS1,0
D,DISPATCH,UNIT_SCADA,1,"2019/08/20 08:30:00",DG_VIC1,0
D,DISPATCH,UNIT_SCADA,1,"2019/08/20 08:30:00",DRYCGT1,0
D,DISPATCH,UNIT_SCADA,1,"2019/08/20 08:30:00",DRYCGT2,0
D,DISPATCH,UNIT_SCADA,1,"2019/08/20 08:30:00",DRYCGT3,0
D,DISPATCH,UNIT_SCADA,1,"2019/08/20 08:30:00",EILDON1,0
D,DISPATCH,UNIT_SCADA,1,"2019/08/20 08:30:00",EILDON2,0
D,DISPATCH,UNIT_SCADA,1,"2019/08/20 08:30:00",EMERASF1,56.50
D,DISPATCH,UNIT_SCADA,1,"2019/08/20 08:30:00",ER01,594.050050
D,DISPATCH,UNIT_SCADA,1,"2019/08/20 08:30:00",ER02,693.224980
D,DISPATCH,UNIT_SCADA,1,"2019/08/20 08:30:00",ER03,691.924930
D,DISPATCH,UNIT_SCADA,1,"2019/08/20 08:30:00",ER04,692.224980
D,DISPATCH,UNIT_SCADA,1,"2019/08/20 08:30:00",FINLYSF1,0
D,DISPATCH,UNIT_SCADA,1,"2019/08/20 08:30:00",FISHER,45.85
D,DISPATCH,UNIT_SCADA,1,"2019/08/20 08:30:00",GANNBG1,0
D,DISPATCH,UNIT_SCADA,1,"2019/08/20 08:30:00",GANNBL1,0
D,DISPATCH,UNIT_SCADA,1,"2019/08/20 08:30:00",GANNSF1,6
D,DISPATCH,UNIT_SCADA,1,"2019/08/20 08:30:00",GORDON,111.315120
D,DISPATCH,UNIT_SCADA,1,"2019/08/20 08:30:00",GSTONE1,184.274990
D,DISPATCH,UNIT_SCADA,1,"2019/08/20 08:30:00",GSTONE2,198.099990
D,DISPATCH,UNIT_SCADA,1,"2019/08/20 08:30:00",GSTONE3,184.274990
D,DISPATCH,UNIT_SCADA,1,"2019/08/20 08:30:00",GSTONE4,200.024990
D,DISPATCH,UNIT_SCADA,1,"2019/08/20 08:30:00",GSTONE5,184.974990
D,DISPATCH,UNIT_SCADA,1,"2019/08/20 08:30:00",GSTONE6,0
D,DISPATCH,UNIT_SCADA,1,"2019/08/20 08:30:00",GULLRSF1,1.894350
D,DISPATCH,UNIT_SCADA,1,"2019/08/20 08:30:00",GULLRWF1,138.450870
D,DISPATCH,UNIT_SCADA,1,"2019/08/20 08:30:00",GUNNING1,44.279880
D,DISPATCH,UNIT_SCADA,1,"2019/08/20 08:30:00",GUTHEGA,0
D,DISPATCH,UNIT_SCADA,1,"2019/08/20 08:30:00",HALLWF1,79.49
D,DISPATCH,UNIT_SCADA,1,"2019/08/20 08:30:00",HALLWF2,63.50
D,DISPATCH,UNIT_SCADA,1,"2019/08/20 08:30:00",HAMISF1,42.10
D,DISPATCH,UNIT_SCADA,1,"2019/08/20 08:30:00",HAUGHT11,50.049020
D,DISPATCH,UNIT_SCADA,1,"2019/08/20 08:30:00",HAYMSF1,37.9240
D,DISPATCH,UNIT_SCADA,1,"2019/08/20 08:30:00",HDWF1,26.40
D,DISPATCH,UNIT_SCADA,1,"2019/08/20 08:30:00",HDWF2,9.50
D,DISPATCH,UNIT_SCADA,1,"2019/08/20 08:30:00",HDWF3,18.40
D,DISPATCH,UNIT_SCADA,1,"2019/08/20 08:30:00",HPRG1,25.30
D,DISPATCH,UNIT_SCADA,1,"2019/08/20 08:30:00",HPRL1,0
D,DISPATCH,UNIT_SCADA,1,"2019/08/20 08:30:00",HUMENSW,0
D,DISPATCH,UNIT_SCADA,1,"2019/08/20 08:30:00",HUMEV,8.80
D,DISPATCH,UNIT_SCADA,1,"2019/08/20 08:30:00",HVGTS,0
D,DISPATCH,UNIT_SCADA,1,"2019/08/20 08:30:00",JBUTTERS,139.14
D,DISPATCH,UNIT_SCADA,1,"2019/08/20 08:30:00",JLA01,0.50
D,DISPATCH,UNIT_SCADA,1,"2019/08/20 08:30:00",JLA02,54.10
D,DISPATCH,UNIT_SCADA,1,"2019/08/20 08:30:00",JLA03,0.10
D,DISPATCH,UNIT_SCADA,1,"2019/08/20 08:30:00",JLA04,0.10
D,DISPATCH,UNIT_SCADA,1,"2019/08/20 08:30:00",JLB01,0
D,DISPATCH,UNIT_SCADA,1,"2019/08/20 08:30:00",JLB02,83.50
D,DISPATCH,UNIT_SCADA,1,"2019/08/20 08:30:00",JLB03,83.60
D,DISPATCH,UNIT_SCADA,1,"2019/08/20 08:30:00",KAREEYA1,21.4875
D,DISPATCH,UNIT_SCADA,1,"2019/08/20 08:30:00",KAREEYA2,21.7725
D,DISPATCH,UNIT_SCADA,1,"2019/08/20 08:30:00",KAREEYA3,0
D,DISPATCH,UNIT_SCADA,1,"2019/08/20 08:30:00",KAREEYA4,21.71
D,DISPATCH,UNIT_SCADA,1,"2019/08/20 08:30:00",KARSF1,50.80
D,DISPATCH,UNIT_SCADA,1,"2019/08/20 08:30:00",KIATAWF1,30.80
D,DISPATCH,UNIT_SCADA,1,"2019/08/20 08:30:00",KPP_1,0
D,DISPATCH,UNIT_SCADA,1,"2019/08/20 08:30:00",KSP1,41.85
D,DISPATCH,UNIT_SCADA,1,"2019/08/20 08:30:00",LADBROK1,42.63
D,DISPATCH,UNIT_SCADA,1,"2019/08/20 08:30:00",LADBROK2,43.34
D,DISPATCH,UNIT_SCADA,1,"2019/08/20 08:30:00",LD01,420.449980
D,DISPATCH,UNIT_SCADA,1,"2019/08/20 08:30:00",LD02,419.024960
D,DISPATCH,UNIT_SCADA,1,"2019/08/20 08:30:00",LD03,405.899960
D,DISPATCH,UNIT_SCADA,1,"2019/08/20 08:30:00",LD04,382.237520
D,DISPATCH,UNIT_SCADA,1,"2019/08/20 08:30:00",LEM_WIL,85.6087
D,DISPATCH,UNIT_SCADA,1,"2019/08/20 08:30:00",LGAPWF1,12.62
D,DISPATCH,UNIT_SCADA,1,"2019/08/20 08:30:00",LILYSF1,80.740340
D,DISPATCH,UNIT_SCADA,1,"2019/08/20 08:30:00",LI_WY_CA,147.922640
D,DISPATCH,UNIT_SCADA,1,"2019/08/20 08:30:00",LKBONNY2,143.374070
D,DISPATCH,UNIT_SCADA,1,"2019/08/20 08:30:00",LKBONNY3,36.061020
D,DISPATCH,UNIT_SCADA,1,"2019/08/20 08:30:00",LK_ECHO,0
D,DISPATCH,UNIT_SCADA,1,"2019/08/20 08:30:00",LNGS1,0
D,DISPATCH,UNIT_SCADA,1,"2019/08/20 08:30:00",LNGS2,0
D,DISPATCH,UNIT_SCADA,1,"2019/08/20 08:30:00",LONSDALE,0
D,DISPATCH,UNIT_SCADA,1,"2019/08/20 08:30:00",LOYYB1,535.336730
D,DISPATCH,UNIT_SCADA,1,"2019/08/20 08:30:00",LOYYB2,582.330380
D,DISPATCH,UNIT_SCADA,1,"2019/08/20 08:30:00",LYA1,559
D,DISPATCH,UNIT_SCADA,1,"2019/08/20 08:30:00",LYA2,0
D,DISPATCH,UNIT_SCADA,1,"2019/08/20 08:30:00",LYA3,560
D,DISPATCH,UNIT_SCADA,1,"2019/08/20 08:30:00",LYA4,520
D,DISPATCH,UNIT_SCADA,1,"2019/08/20 08:30:00",MACARTH1,364.691590
D,DISPATCH,UNIT_SCADA,1,"2019/08/20 08:30:00",MACKAYGT,0
D,DISPATCH,UNIT_SCADA,1,"2019/08/20 08:30:00",MACKNTSH,85.290010
D,DISPATCH,UNIT_SCADA,1,"2019/08/20 08:30:00",MANSLR1,31.8480
D,DISPATCH,UNIT_SCADA,1,"2019/08/20 08:30:00",MCKAY1,0.02
D,DISPATCH,UNIT_SCADA,1,"2019/08/20 08:30:00",MEADOWBK,33.953040
D,DISPATCH,UNIT_SCADA,1,"2019/08/20 08:30:00",MERCER01,124.7660
D,DISPATCH,UNIT_SCADA,1,"2019/08/20 08:30:00",MEWF1,21.642240
D,DISPATCH,UNIT_SCADA,1,"2019/08/20 08:30:00",MINTARO,0
D,DISPATCH,UNIT_SCADA,1,"2019/08/20 08:30:00",MOREESF1,52.4140
D,DISPATCH,UNIT_SCADA,1,"2019/08/20 08:30:00",MORTLK11,124
D,DISPATCH,UNIT_SCADA,1,"2019/08/20 08:30:00",MORTLK12,0
D,DISPATCH,UNIT_SCADA,1,"2019/08/20 08:30:00",MP1,291.349980
D,DISPATCH,UNIT_SCADA,1,"2019/08/20 08:30:00",MP2,0
D,DISPATCH,UNIT_SCADA,1,"2019/08/20 08:30:00",MPP_1,428.50
D,DISPATCH,UNIT_SCADA,1,"2019/08/20 08:30:00",MPP_2,435.75
D,DISPATCH,UNIT_SCADA,1,"2019/08/20 08:30:00",MSTUART1,0
D,DISPATCH,UNIT_SCADA,1,"2019/08/20 08:30:00",MSTUART2,0
D,DISPATCH,UNIT_SCADA,1,"2019/08/20 08:30:00",MSTUART3,0
D,DISPATCH,UNIT_SCADA,1,"2019/08/20 08:30:00",MTGELWF1,64.462720
D,DISPATCH,UNIT_SCADA,1,"2019/08/20 08:30:00",MURRAY,61.48
D,DISPATCH,UNIT_SCADA,1,"2019/08/20 08:30:00",MUSSELR1,163
D,DISPATCH,UNIT_SCADA,1,"2019/08/20 08:30:00",MUWAWF1,33.53
D,DISPATCH,UNIT_SCADA,1,"2019/08/20 08:30:00",NBHWF1,63.40
D,DISPATCH,UNIT_SCADA,1,"2019/08/20 08:30:00",NPS,0
D,DISPATCH,UNIT_SCADA,1,"2019/08/20 08:30:00",NUMURSF1,11.95
D,DISPATCH,UNIT_SCADA,1,"2019/08/20 08:30:00",NYNGAN1,50.25
D,DISPATCH,UNIT_SCADA,1,"2019/08/20 08:30:00",OAKEY1,0
D,DISPATCH,UNIT_SCADA,1,"2019/08/20 08:30:00",OAKEY1SF,21.5670
D,DISPATCH,UNIT_SCADA,1,"2019/08/20 08:30:00",OAKEY2,0
D,DISPATCH,UNIT_SCADA,1,"2019/08/20 08:30:00",OAKLAND1,62.10
D,DISPATCH,UNIT_SCADA,1,"2019/08/20 08:30:00",OSB-AG,185.11
D,DISPATCH,UNIT_SCADA,1,"2019/08/20 08:30:00",PARSF1,42.400010
D,DISPATCH,UNIT_SCADA,1,"2019/08/20 08:30:00",POAT110,42.2608
D,DISPATCH,UNIT_SCADA,1,"2019/08/20 08:30:00",POAT220,120.317210
D,DISPATCH,UNIT_SCADA,1,"2019/08/20 08:30:00",POR01,0
D,DISPATCH,UNIT_SCADA,1,"2019/08/20 08:30:00",POR03,0
D,DISPATCH,UNIT_SCADA,1,"2019/08/20 08:30:00",PPCCGT,249.387040
D,DISPATCH,UNIT_SCADA,1,"2019/08/20 08:30:00",PTSTAN1,0
D,DISPATCH,UNIT_SCADA,1,"2019/08/20 08:30:00",PUMP1,0
D,DISPATCH,UNIT_SCADA,1,"2019/08/20 08:30:00",PUMP2,0
D,DISPATCH,UNIT_SCADA,1,"2019/08/20 08:30:00",QPS1,29.10
D,DISPATCH,UNIT_SCADA,1,"2019/08/20 08:30:00",QPS2,0
D,DISPATCH,UNIT_SCADA,1,"2019/08/20 08:30:00",QPS3,24
D,DISPATCH,UNIT_SCADA,1,"2019/08/20 08:30:00",QPS4,0
D,DISPATCH,UNIT_SCADA,1,"2019/08/20 08:30:00",QPS5,107.76
D,DISPATCH,UNIT_SCADA,1,"2019/08/20 08:30:00",REECE1,115.560010
D,DISPATCH,UNIT_SCADA,1,"2019/08/20 08:30:00",REECE2,115.670010
D,DISPATCH,UNIT_SCADA,1,"2019/08/20 08:30:00",ROMA_7,0
D,DISPATCH,UNIT_SCADA,1,"2019/08/20 08:30:00",ROMA_8,38.737170
D,DISPATCH,UNIT_SCADA,1,"2019/08/20 08:30:00",RRSF1,89.521760
D,DISPATCH,UNIT_SCADA,1,"2019/08/20 08:30:00",RT_NSW1,0
D,DISPATCH,UNIT_SCADA,1,"2019/08/20 08:30:00",RT_NSW2,0
D,DISPATCH,UNIT_SCADA,1,"2019/08/20 08:30:00",RT_NSW3,0
D,DISPATCH,UNIT_SCADA,1,"2019/08/20 08:30:00",RT_NSW4,0
D,DISPATCH,UNIT_SCADA,1,"2019/08/20 08:30:00",RT_NSW5,0
D,DISPATCH,UNIT_SCADA,1,"2019/08/20 08:30:00",RT_NSW6,0
D,DISPATCH,UNIT_SCADA,1,"2019/08/20 08:30:00",RT_QLD1,0
D,DISPATCH,UNIT_SCADA,1,"2019/08/20 08:30:00",RT_SA1,0
D,DISPATCH,UNIT_SCADA,1,"2019/08/20 08:30:00",RT_SA2,0
D,DISPATCH,UNIT_SCADA,1,"2019/08/20 08:30:00",RT_SA3,0
D,DISPATCH,UNIT_SCADA,1,"2019/08/20 08:30:00",RT_SA4,0
D,DISPATCH,UNIT_SCADA,1,"2019/08/20 08:30:00",RT_SA5,0
D,DISPATCH,UNIT_SCADA,1,"2019/08/20 08:30:00",RT_SA6,0
D,DISPATCH,UNIT_SCADA,1,"2019/08/20 08:30:00",RT_TAS1,0
D,DISPATCH,UNIT_SCADA,1,"2019/08/20 08:30:00",RT_VIC1,0
D,DISPATCH,UNIT_SCADA,1,"2019/08/20 08:30:00",RT_VIC10,0
D,DISPATCH,UNIT_SCADA,1,"2019/08/20 08:30:00",RT_VIC11,0
D,DISPATCH,UNIT_SCADA,1,"2019/08/20 08:30:00",RT_VIC12,0
D,DISPATCH,UNIT_SCADA,1,"2019/08/20 08:30:00",RT_VIC2,0
D,DISPATCH,UNIT_SCADA,1,"2019/08/20 08:30:00",RT_VIC3,0
D,DISPATCH,UNIT_SCADA,1,"2019/08/20 08:30:00",RT_VIC4,0
D,DISPATCH,UNIT_SCADA,1,"2019/08/20 08:30:00",RT_VIC5,0
D,DISPATCH,UNIT_SCADA,1,"2019/08/20 08:30:00",RT_VIC6,0
D,DISPATCH,UNIT_SCADA,1,"2019/08/20 08:30:00",RT_VIC7,0
D,DISPATCH,UNIT_SCADA,1,"2019/08/20 08:30:00",RT_VIC8,0
D,DISPATCH,UNIT_SCADA,1,"2019/08/20 08:30:00",RT_VIC9,0
D,DISPATCH,UNIT_SCADA,1,"2019/08/20 08:30:00",RUGBYR1,45.166590
D,DISPATCH,UNIT_SCADA,1,"2019/08/20 08:30:00",SALTCRK1,52.34
D,DISPATCH,UNIT_SCADA,1,"2019/08/20 08:30:00",SAPHWF1,95.006230
D,DISPATCH,UNIT_SCADA,1,"2019/08/20 08:30:00",SHGEN,0
D,DISPATCH,UNIT_SCADA,1,"2019/08/20 08:30:00",SHPUMP,0
D,DISPATCH,UNIT_SCADA,1,"2019/08/20 08:30:00",SITHE01,0.143810
D,DISPATCH,UNIT_SCADA,1,"2019/08/20 08:30:00",SMCSF1,38.863740
D,DISPATCH,UNIT_SCADA,1,"2019/08/20 08:30:00",SNOWNTH1,18.10
D,DISPATCH,UNIT_SCADA,1,"2019/08/20 08:30:00",SNOWSTH1,56.10
D,DISPATCH,UNIT_SCADA,1,"2019/08/20 08:30:00",SNOWTWN1,23.067810
D,DISPATCH,UNIT_SCADA,1,"2019/08/20 08:30:00",SNOWYP,0
D,DISPATCH,UNIT_SCADA,1,"2019/08/20 08:30:00",SNUG1,0.019440
D,DISPATCH,UNIT_SCADA,1,"2019/08/20 08:30:00",SRSF1,34.18
D,DISPATCH,UNIT_SCADA,1,"2019/08/20 08:30:00",STAN-1,0
D,DISPATCH,UNIT_SCADA,1,"2019/08/20 08:30:00",STAN-2,283.234920
D,DISPATCH,UNIT_SCADA,1,"2019/08/20 08:30:00",STAN-3,282.299220
D,DISPATCH,UNIT_SCADA,1,"2019/08/20 08:30:00",STAN-4,279.710020
D,DISPATCH,UNIT_SCADA,1,"2019/08/20 08:30:00",STWF1,7.863740
D,DISPATCH,UNIT_SCADA,1,"2019/08/20 08:30:00",SWAN_E,0
D,DISPATCH,UNIT_SCADA,1,"2019/08/20 08:30:00",TALWA1,386
D,DISPATCH,UNIT_SCADA,1,"2019/08/20 08:30:00",TARALGA1,104.313740
D,DISPATCH,UNIT_SCADA,1,"2019/08/20 08:30:00",TARONG#1,312
D,DISPATCH,UNIT_SCADA,1,"2019/08/20 08:30:00",TARONG#2,350.700010
D,DISPATCH,UNIT_SCADA,1,"2019/08/20 08:30:00",TARONG#3,259.399990
D,DISPATCH,UNIT_SCADA,1,"2019/08/20 08:30:00",TARONG#4,309.50
D,DISPATCH,UNIT_SCADA,1,"2019/08/20 08:30:00",TARRALEA,85
D,DISPATCH,UNIT_SCADA,1,"2019/08/20 08:30:00",TBSF1,20
D,DISPATCH,UNIT_SCADA,1,"2019/08/20 08:30:00",TNPS1,441.700010
D,DISPATCH,UNIT_SCADA,1,"2019/08/20 08:30:00",TORRA1,79.196370
D,DISPATCH,UNIT_SCADA,1,"2019/08/20 08:30:00",TORRA2,0
D,DISPATCH,UNIT_SCADA,1,"2019/08/20 08:30:00",TORRA3,52.200630
D,DISPATCH,UNIT_SCADA,1,"2019/08/20 08:30:00",TORRA4,0
D,DISPATCH,UNIT_SCADA,1,"2019/08/20 08:30:00",TORRB1,76.98
D,DISPATCH,UNIT_SCADA,1,"2019/08/20 08:30:00",TORRB2,139.03
D,DISPATCH,UNIT_SCADA,1,"2019/08/20 08:30:00",TORRB3,0
D,DISPATCH,UNIT_SCADA,1,"2019/08/20 08:30:00",TORRB4,0
D,DISPATCH,UNIT_SCADA,1,"2019/08/20 08:30:00",TREVALLN,69.750020
D,DISPATCH,UNIT_SCADA,1,"2019/08/20 08:30:00",TRIBUTE,84.85
D,DISPATCH,UNIT_SCADA,1,"2019/08/20 08:30:00",TUMUT3,0
D,DISPATCH,UNIT_SCADA,1,"2019/08/20 08:30:00",TUNGATIN,132.460040
D,DISPATCH,UNIT_SCADA,1,"2019/08/20 08:30:00",TVCC201,0
D,DISPATCH,UNIT_SCADA,1,"2019/08/20 08:30:00",TVPP104,0
D,DISPATCH,UNIT_SCADA,1,"2019/08/20 08:30:00",UPPTUMUT,0
D,DISPATCH,UNIT_SCADA,1,"2019/08/20 08:30:00",URANQ11,0
D,DISPATCH,UNIT_SCADA,1,"2019/08/20 08:30:00",URANQ12,0
D,DISPATCH,UNIT_SCADA,1,"2019/08/20 08:30:00",URANQ13,0
D,DISPATCH,UNIT_SCADA,1,"2019/08/20 08:30:00",URANQ14,0
D,DISPATCH,UNIT_SCADA,1,"2019/08/20 08:30:00",VP5,551.424990
D,DISPATCH,UNIT_SCADA,1,"2019/08/20 08:30:00",VP6,557.200010
D,DISPATCH,UNIT_SCADA,1,"2019/08/20 08:30:00",VPGS1,0
D,DISPATCH,UNIT_SCADA,1,"2019/08/20 08:30:00",VPGS2,0
D,DISPATCH,UNIT_SCADA,1,"2019/08/20 08:30:00",VPGS3,0
D,DISPATCH,UNIT_SCADA,1,"2019/08/20 08:30:00",VPGS4,0
D,DISPATCH,UNIT_SCADA,1,"2019/08/20 08:30:00",VPGS5,0
D,DISPATCH,UNIT_SCADA,1,"2019/08/20 08:30:00",VPGS6,0
D,DISPATCH,UNIT_SCADA,1,"2019/08/20 08:30:00",W/HOE#1,0
D,DISPATCH,UNIT_SCADA,1,"2019/08/20 08:30:00",W/HOE#2,0
D,DISPATCH,UNIT_SCADA,1,"2019/08/20 08:30:00",WATERLWF,106.80
D,DISPATCH,UNIT_SCADA,1,"2019/08/20 08:30:00",WEMENSF1,59.40
D,DISPATCH,UNIT_SCADA,1,"2019/08/20 08:30:00",WGWF1,56.30
D,DISPATCH,UNIT_SCADA,1,"2019/08/20 08:30:00",WHITSF1,40.60
D,DISPATCH,UNIT_SCADA,1,"2019/08/20 08:30:00",WKIEWA1,0
D,DISPATCH,UNIT_SCADA,1,"2019/08/20 08:30:00",WKIEWA2,12.20
D,DISPATCH,UNIT_SCADA,1,"2019/08/20 08:30:00",WOODLWN1,44.756990
D,DISPATCH,UNIT_SCADA,1,"2019/08/20 08:30:00",WRSF1,13.58
D,DISPATCH,UNIT_SCADA,1,"2019/08/20 08:30:00",WRWF1,57.695010
D,DISPATCH,UNIT_SCADA,1,"2019/08/20 08:30:00",YABULU,0
D,DISPATCH,UNIT_SCADA,1,"2019/08/20 08:30:00",YABULU2,0
D,DISPATCH,UNIT_SCADA,1,"2019/08/20 08:30:00",YARWUN_1,0
D,DISPATCH,UNIT_SCADA,1,"2019/08/20 08:30:00",YENDWF1,42.20
D,DISPATCH,UNIT_SCADA,1,"2019/08/20 08:30:00",YWPS1,382.956970
D,DISPATCH,UNIT_SCADA,1,"2019/08/20 08:30:00",YWPS2,282.202550
D,DISPATCH,UNIT_SCADA,1,"2019/08/20 08:30:00",YWPS3,0
D,DISPATCH,UNIT_SCADA,1,"2019/08/20 08:30:00",YWPS4,395.237980
C,"END OF REPORT",334
