C,NEMP.WORLD,DISPATCHSCADA,AEMO,PUBLIC,2019/08/22,20:15:08,0000000311880951,DISPATCHSCADA,0000000311880945
I,DISPATCH,UNIT_SCADA,1,SETTLEMENTDATE,DUID,SCADAVALUE
D,DISPATCH,UNIT_SCADA,1,"2019/08/22 20:20:00",BARCSF1,0.40
D,DISPATCH,UNIT_SCADA,1,"2019/08/22 20:20:00",BUTLERSG,9.699999
D,DISPATCH,UNIT_SCADA,1,"2019/08/22 20:20:00",CALL_A_4,0
D,DISPATCH,UNIT_SCADA,1,"2019/08/22 20:20:00",CAPTL_WF,59.1120
D,DISPATCH,UNIT_SCADA,1,"2019/08/22 20:20:00",CATHROCK,2.09
D,DISPATCH,UNIT_SCADA,1,"2019/08/22 20:20:00",CHALLHWF,4.60
D,DISPATCH,UNIT_SCADA,1,"2019/08/22 20:20:00",CLOVER,-0.02
D,DISPATCH,UNIT_SCADA,1,"2019/08/22 20:20:00",CLUNY,20.264133
D,DISPATCH,UNIT_SCADA,1,"2019/08/22 20:20:00",CNUNDAWF,0.500584
D,DISPATCH,UNIT_SCADA,1,"2019/08/22 20:20:00",CULLRGWF,4.29
D,DISPATCH,UNIT_SCADA,1,"2019/08/22 20:20:00",ERGT01,0
D,DISPATCH,UNIT_SCADA,1,"2019/08/22 20:20:00",GB01,0.068310
D,DISPATCH,UNIT_SCADA,1,"2019/08/22 20:20:00",GERMCRK,33.599998
D,DISPATCH,UNIT_SCADA,1,"2019/08/22 20:20:00",GRIFSF1,0
D,DISPATCH,UNIT_SCADA,1,"2019/08/22 20:20:00",HUGSF1,-0.2070
D,DISPATCH,UNIT_SCADA,1,"2019/08/22 20:20:00",LKBONNY1,2.054115
D,DISPATCH,UNIT_SCADA,1,"2019/08/22 20:20:00",LRSF1,-0.0180
D,DISPATCH,UNIT_SCADA,1,"2019/08/22 20:20:00",MBAHNTH,46.087494
D,DISPATCH,UNIT_SCADA,1,"2019/08/22 20:20:00",MLSP1,0.180001
D,DISPATCH,UNIT_SCADA,1,"2019/08/22 20:20:00",MLWF1,1.7250
D,DISPATCH,UNIT_SCADA,1,"2019/08/22 20:20:00",MTMILLAR,4.189458
D,DISPATCH,UNIT_SCADA,1,"2019/08/22 20:20:00",PALOONA,28.65
D,DISPATCH,UNIT_SCADA,1,"2019/08/22 20:20:00",PIONEER,48.50
D,DISPATCH,UNIT_SCADA,1,"2019/08/22 20:20:00",PORTWF,-0.60
D,DISPATCH,UNIT_SCADA,1,"2019/08/22 20:20:00",REPULSE,28.720531
D,DISPATCH,UNIT_SCADA,1,"2019/08/22 20:20:00",ROWALLAN,10.2808
D,DISPATCH,UNIT_SCADA,1,"2019/08/22 20:20:00",ROYALLA1,0
D,DISPATCH,UNIT_SCADA,1,"2019/08/22 20:20:00",RPCG,11.90
D,DISPATCH,UNIT_SCADA,1,"2019/08/22 20:20:00",RUBICON,0
D,DISPATCH,UNIT_SCADA,1,"2019/08/22 20:20:00",SATGN1,0
D,DISPATCH,UNIT_SCADA,1,"2019/08/22 20:20:00",SATGS1,0
D,DISPATCH,UNIT_SCADA,1,"2019/08/22 20:20:00",STARHLWF,-0.099971
D,DISPATCH,UNIT_SCADA,1,"2019/08/22 20:20:00",WAUBRAWF,73.890999
D,DISPATCH,UNIT_SCADA,1,"2019/08/22 20:20:00",WOOLNTH1,47.080017
D,DISPATCH,UNIT_SCADA,1,"2019/08/22 20:20:00",WPWF,-1
D,DISPATCH,UNIT_SCADA,1,"2019/08/22 20:20:00",YAMBUKWF,1.60
D,DISPATCH,UNIT_SCADA,1,"2019/08/22 20:20:00",YSWF1,4.20
D,DISPATCH,UNIT_SCADA,1,"2019/08/22 20:20:00",AGLHAL,64.233830
D,DISPATCH,UNIT_SCADA,1,"2019/08/22 20:20:00",AGLSOM,81.100010
D,DISPATCH,UNIT_SCADA,1,"2019/08/22 20:20:00",ANGAST1,0
D,DISPATCH,UNIT_SCADA,1,"2019/08/22 20:20:00",ARWF1,64.20
D,DISPATCH,UNIT_SCADA,1,"2019/08/22 20:20:00",BALBG1,0
D,DISPATCH,UNIT_SCADA,1,"2019/08/22 20:20:00",BALBL1,0
D,DISPATCH,UNIT_SCADA,1,"2019/08/22 20:20:00",BALDHWF1,56.4160
D,DISPATCH,UNIT_SCADA,1,"2019/08/22 20:20:00",BANN1,0
D,DISPATCH,UNIT_SCADA,1,"2019/08/22 20:20:00",BARCALDN,0
D,DISPATCH,UNIT_SCADA,1,"2019/08/22 20:20:00",BARRON-1,0
D,DISPATCH,UNIT_SCADA,1,"2019/08/22 20:20:00",BARRON-2,28.40
D,DISPATCH,UNIT_SCADA,1,"2019/08/22 20:20:00",BASTYAN,77.38
D,DISPATCH,UNIT_SCADA,1,"2019/08/22 20:20:00",BBTHREE1,-2.03
D,DISPATCH,UNIT_SCADA,1,"2019/08/22 20:20:00",BBTHREE2,-2.05
D,DISPATCH,UNIT_SCADA,1,"2019/08/22 20:20:00",BBTHREE3,-1.10
D,DISPATCH,UNIT_SCADA,1,"2019/08/22 20:20:00",BDL01,42.60
D,DISPATCH,UNIT_SCADA,1,"2019/08/22 20:20:00",BDL02,44.76
D,DISPATCH,UNIT_SCADA,1,"2019/08/22 20:20:00",BERYLSF1,-0.179440
D,DISPATCH,UNIT_SCADA,1,"2019/08/22 20:20:00",BLOWERNG,0
D,DISPATCH,UNIT_SCADA,1,"2019/08/22 20:20:00",BLUFF1,-0.10
D,DISPATCH,UNIT_SCADA,1,"2019/08/22 20:20:00",BNGSF1,0
D,DISPATCH,UNIT_SCADA,1,"2019/08/22 20:20:00",BNGSF2,0
D,DISPATCH,UNIT_SCADA,1,"2019/08/22 20:20:00",BOCORWF1,50.42
D,DISPATCH,UNIT_SCADA,1,"2019/08/22 20:20:00",BODWF1,62.521920
D,DISPATCH,UNIT_SCADA,1,"2019/08/22 20:20:00",BRAEMAR1,158.400010
D,DISPATCH,UNIT_SCADA,1,"2019/08/22 20:20:00",BRAEMAR2,172.80
D,DISPATCH,UNIT_SCADA,1,"2019/08/22 20:20:00",BRAEMAR3,170.400010
D,DISPATCH,UNIT_SCADA,1,"2019/08/22 20:20:00",BRAEMAR5,0
D,DISPATCH,UNIT_SCADA,1,"2019/08/22 20:20:00",BRAEMAR6,159.605210
D,DISPATCH,UNIT_SCADA,1,"2019/08/22 20:20:00",BRAEMAR7,159.655560
D,DISPATCH,UNIT_SCADA,1,"2019/08/22 20:20:00",BROKENH1,0
D,DISPATCH,UNIT_SCADA,1,"2019/08/22 20:20:00",BW01,655.675050
D,DISPATCH,UNIT_SCADA,1,"2019/08/22 20:20:00",BW02,659.574950
D,DISPATCH,UNIT_SCADA,1,"2019/08/22 20:20:00",BW03,660.949950
D,DISPATCH,UNIT_SCADA,1,"2019/08/22 20:20:00",BW04,0
D,DISPATCH,UNIT_SCADA,1,"2019/08/22 20:20:00",CALL_B_1,107.20
D,DISPATCH,UNIT_SCADA,1,"2019/08/22 20:20:00",CALL_B_2,349.50
D,DISPATCH,UNIT_SCADA,1,"2019/08/22 20:20:00",CETHANA,98.244380
D,DISPATCH,UNIT_SCADA,1,"2019/08/22 20:20:00",CG1,0
D,DISPATCH,UNIT_SCADA,1,"2019/08/22 20:20:00",CG2,0
D,DISPATCH,UNIT_SCADA,1,"2019/08/22 20:20:00",CG3,0
D,DISPATCH,UNIT_SCADA,1,"2019/08/22 20:20:00",CG4,0
D,DISPATCH,UNIT_SCADA,1,"2019/08/22 20:20:00",CHILDSF1,0
D,DISPATCH,UNIT_SCADA,1,"2019/08/22 20:20:00",CLARESF1,0
D,DISPATCH,UNIT_SCADA,1,"2019/08/22 20:20:00",CLEMGPWF,-0.360180
D,DISPATCH,UNIT_SCADA,1,"2019/08/22 20:20:00",CLERMSF1,0
D,DISPATCH,UNIT_SCADA,1,"2019/08/22 20:20:00",COLEASF1,0
D,DISPATCH,UNIT_SCADA,1,"2019/08/22 20:20:00",COOPGWF1,27.6635
D,DISPATCH,UNIT_SCADA,1,"2019/08/22 20:20:00",CPP_3,405.075010
D,DISPATCH,UNIT_SCADA,1,"2019/08/22 20:20:00",CPP_4,405.075010
D,DISPATCH,UNIT_SCADA,1,"2019/08/22 20:20:00",CPSA,142.186250
D,DISPATCH,UNIT_SCADA,1,"2019/08/22 20:20:00",CROOKWF2,1.926250
D,DISPATCH,UNIT_SCADA,1,"2019/08/22 20:20:00",CROWLWF1,14.888960
D,DISPATCH,UNIT_SCADA,1,"2019/08/22 20:20:00",CSPVPS1,0
D,DISPATCH,UNIT_SCADA,1,"2019/08/22 20:20:00",DALNTH01,0
D,DISPATCH,UNIT_SCADA,1,"2019/08/22 20:20:00",DALNTHL1,0.154120
D,DISPATCH,UNIT_SCADA,1,"2019/08/22 20:20:00",DARTM1,134.399990
D,DISPATCH,UNIT_SCADA,1,"2019/08/22 20:20:00",DAYDSF1,0
D,DISPATCH,UNIT_SCADA,1,"2019/08/22 20:20:00",DDPS1,630.852720
D,DISPATCH,UNIT_SCADA,1,"2019/08/22 20:20:00",DDSF1,0
D,DISPATCH,UNIT_SCADA,1,"2019/08/22 20:20:00",DEVILS_G,0
D,DISPATCH,UNIT_SCADA,1,"2019/08/22 20:20:00",DG_NSW1,0
D,DISPATCH,UNIT_SCADA,1,"2019/08/22 20:20:00",DG_QLD1,0
D,DISPATCH,UNIT_SCADA,1,"2019/08/22 20:20:00",DG_SA1,0
D,DISPATCH,UNIT_SCADA,1,"2019/08/22 20:20:00",DG_TAS1,0
D,DISPATCH,UNIT_SCADA,1,"2019/08/22 20:20:00",DG_VIC1,0
D,DISPATCH,UNIT_SCADA,1,"2019/08/22 20:20:00",DRYCGT1,0
D,DISPATCH,UNIT_SCADA,1,"2019/08/22 20:20:00",DRYCGT2,0
D,DISPATCH,UNIT_SCADA,1,"2019/08/22 20:20:00",DRYCGT3,0
D,DISPATCH,UNIT_SCADA,1,"2019/08/22 20:20:00",EILDON1,0
D,DISPATCH,UNIT_SCADA,1,"2019/08/22 20:20:00",EILDON2,37.24
D,DISPATCH,UNIT_SCADA,1,"2019/08/22 20:20:00",EMERASF1,0
D,DISPATCH,UNIT_SCADA,1,"2019/08/22 20:20:00",ER01,592.699950
D,DISPATCH,UNIT_SCADA,1,"2019/08/22 20:20:00",ER02,699.8750
D,DISPATCH,UNIT_SCADA,1,"2019/08/22 20:20:00",ER03,698.25
D,DISPATCH,UNIT_SCADA,1,"2019/08/22 20:20:00",ER04,698.525020
D,DISPATCH,UNIT_SCADA,1,"2019/08/22 20:20:00",FINLYSF1,0
D,DISPATCH,UNIT_SCADA,1,"2019/08/22 20:20:00",FISHER,45.74
D,DISPATCH,UNIT_SCADA,1,"2019/08/22 20:20:00",GANNBG1,0.002980
D,DISPATCH,UNIT_SCADA,1,"2019/08/22 20:20:00",GANNBL1,0
D,DISPATCH,UNIT_SCADA,1,"2019/08/22 20:20:00",GANNSF1,0
D,DISPATCH,UNIT_SCADA,1,"2019/08/22 20:20:00",GORDON,137.5696
D,DISPATCH,UNIT_SCADA,1,"2019/08/22 20:20:00",GSTONE1,259.174990
D,DISPATCH,UNIT_SCADA,1,"2019/08/22 20:20:00",GSTONE2,230.1250
D,DISPATCH,UNIT_SCADA,1,"2019/08/22 20:20:00",GSTONE3,249.55
D,DISPATCH,UNIT_SCADA,1,"2019/08/22 20:20:00",GSTONE4,256.725010
D,DISPATCH,UNIT_SCADA,1,"2019/08/22 20:20:00",GSTONE5,259.8750
D,DISPATCH,UNIT_SCADA,1,"2019/08/22 20:20:00",GSTONE6,0
D,DISPATCH,UNIT_SCADA,1,"2019/08/22 20:20:00",GULLRSF1,0
D,DISPATCH,UNIT_SCADA,1,"2019/08/22 20:20:00",GULLRWF1,14.755460
D,DISPATCH,UNIT_SCADA,1,"2019/08/22 20:20:00",GUNNING1,2.625130
D,DISPATCH,UNIT_SCADA,1,"2019/08/22 20:20:00",GUTHEGA,31.10
D,DISPATCH,UNIT_SCADA,1,"2019/08/22 20:20:00",HALLWF1,0.59
D,DISPATCH,UNIT_SCADA,1,"2019/08/22 20:20:00",HALLWF2,-0.42
D,DISPATCH,UNIT_SCADA,1,"2019/08/22 20:20:00",HAMISF1,0
D,DISPATCH,UNIT_SCADA,1,"2019/08/22 20:20:00",HAUGHT11,0
D,DISPATCH,UNIT_SCADA,1,"2019/08/22 20:20:00",HAYMSF1,0
D,DISPATCH,UNIT_SCADA,1,"2019/08/22 20:20:00",HDWF1,12.60
D,DISPATCH,UNIT_SCADA,1,"2019/08/22 20:20:00",HDWF2,10.60
D,DISPATCH,UNIT_SCADA,1,"2019/08/22 20:20:00",HDWF3,10.40
D,DISPATCH,UNIT_SCADA,1,"2019/08/22 20:20:00",HPRG1,0.30
D,DISPATCH,UNIT_SCADA,1,"2019/08/22 20:20:00",HPRL1,0
D,DISPATCH,UNIT_SCADA,1,"2019/08/22 20:20:00",HUMENSW,0
D,DISPATCH,UNIT_SCADA,1,"2019/08/22 20:20:00",HUMEV,8.80
D,DISPATCH,UNIT_SCADA,1,"2019/08/22 20:20:00",HVGTS,0
D,DISPATCH,UNIT_SCADA,1,"2019/08/22 20:20:00",JBUTTERS,138.94
D,DISPATCH,UNIT_SCADA,1,"2019/08/22 20:20:00",JLA01,53.70
D,DISPATCH,UNIT_SCADA,1,"2019/08/22 20:20:00",JLA02,54.10
D,DISPATCH,UNIT_SCADA,1,"2019/08/22 20:20:00",JLA03,0.10
D,DISPATCH,UNIT_SCADA,1,"2019/08/22 20:20:00",JLA04,0.10
D,DISPATCH,UNIT_SCADA,1,"2019/08/22 20:20:00",JLB01,0
D,DISPATCH,UNIT_SCADA,1,"2019/08/22 20:20:00",JLB02,83.70
D,DISPATCH,UNIT_SCADA,1,"2019/08/22 20:20:00",JLB03,83.80
D,DISPATCH,UNIT_SCADA,1,"2019/08/22 20:20:00",KAREEYA1,21.4475
D,DISPATCH,UNIT_SCADA,1,"2019/08/22 20:20:00",KAREEYA2,21.6375
D,DISPATCH,UNIT_SCADA,1,"2019/08/22 20:20:00",KAREEYA3,0
D,DISPATCH,UNIT_SCADA,1,"2019/08/22 20:20:00",KAREEYA4,21.6950
D,DISPATCH,UNIT_SCADA,1,"2019/08/22 20:20:00",KARSF1,0
D,DISPATCH,UNIT_SCADA,1,"2019/08/22 20:20:00",KIATAWF1,8.20
D,DISPATCH,UNIT_SCADA,1,"2019/08/22 20:20:00",KPP_1,0
D,DISPATCH,UNIT_SCADA,1,"2019/08/22 20:20:00",KSP1,0
D,DISPATCH,UNIT_SCADA,1,"2019/08/22 20:20:00",LADBROK1,42.83
D,DISPATCH,UNIT_SCADA,1,"2019/08/22 20:20:00",LADBROK2,43.03
D,DISPATCH,UNIT_SCADA,1,"2019/08/22 20:20:00",LD01,417.112430
D,DISPATCH,UNIT_SCADA,1,"2019/08/22 20:20:00",LD02,417.337460
D,DISPATCH,UNIT_SCADA,1,"2019/08/22 20:20:00",LD03,414.037540
D,DISPATCH,UNIT_SCADA,1,"2019/08/22 20:20:00",LD04,375.206270
D,DISPATCH,UNIT_SCADA,1,"2019/08/22 20:20:00",LEM_WIL,86.2802
D,DISPATCH,UNIT_SCADA,1,"2019/08/22 20:20:00",LGAPWF1,12.27
D,DISPATCH,UNIT_SCADA,1,"2019/08/22 20:20:00",LILYSF1,0
D,DISPATCH,UNIT_SCADA,1,"2019/08/22 20:20:00",LI_WY_CA,148.91
D,DISPATCH,UNIT_SCADA,1,"2019/08/22 20:20:00",LKBONNY2,1.311660
D,DISPATCH,UNIT_SCADA,1,"2019/08/22 20:20:00",LKBONNY3,1.116440
D,DISPATCH,UNIT_SCADA,1,"2019/08/22 20:20:00",LK_ECHO,0
D,DISPATCH,UNIT_SCADA,1,"2019/08/22 20:20:00",LNGS1,0
D,DISPATCH,UNIT_SCADA,1,"2019/08/22 20:20:00",LNGS2,0
D,DISPATCH,UNIT_SCADA,1,"2019/08/22 20:20:00",LONSDALE,0
D,DISPATCH,UNIT_SCADA,1,"2019/08/22 20:20:00",LOYYB1,535.336730
D,DISPATCH,UNIT_SCADA,1,"2019/08/22 20:20:00",LOYYB2,581.954410
D,DISPATCH,UNIT_SCADA,1,"2019/08/22 20:20:00",LYA1,559
D,DISPATCH,UNIT_SCADA,1,"2019/08/22 20:20:00",LYA2,0
D,DISPATCH,UNIT_SCADA,1,"2019/08/22 20:20:00",LYA3,558
D,DISPATCH,UNIT_SCADA,1,"2019/08/22 20:20:00",LYA4,539
D,DISPATCH,UNIT_SCADA,1,"2019/08/22 20:20:00",MACARTH1,0
D,DISPATCH,UNIT_SCADA,1,"2019/08/22 20:20:00",MACKAYGT,0
D,DISPATCH,UNIT_SCADA,1,"2019/08/22 20:20:00",MACKNTSH,85.960010
D,DISPATCH,UNIT_SCADA,1,"2019/08/22 20:20:00",MANSLR1,0
D,DISPATCH,UNIT_SCADA,1,"2019/08/22 20:20:00",MCKAY1,158.230010
D,DISPATCH,UNIT_SCADA,1,"2019/08/22 20:20:00",MEADOWBK,33.838720
D,DISPATCH,UNIT_SCADA,1,"2019/08/22 20:20:00",MERCER01,7.1750
D,DISPATCH,UNIT_SCADA,1,"2019/08/22 20:20:00",MEWF1,0
D,DISPATCH,UNIT_SCADA,1,"2019/08/22 20:20:00",MINTARO,0
D,DISPATCH,UNIT_SCADA,1,"2019/08/22 20:20:00",MOREESF1,0
D,DISPATCH,UNIT_SCADA,1,"2019/08/22 20:20:00",MORTLK11,259
D,DISPATCH,UNIT_SCADA,1,"2019/08/22 20:20:00",MORTLK12,0
D,DISPATCH,UNIT_SCADA,1,"2019/08/22 20:20:00",MP1,276.424930
D,DISPATCH,UNIT_SCADA,1,"2019/08/22 20:20:00",MP2,0
D,DISPATCH,UNIT_SCADA,1,"2019/08/22 20:20:00",MPP_1,409.75
D,DISPATCH,UNIT_SCADA,1,"2019/08/22 20:20:00",MPP_2,427.25
D,DISPATCH,UNIT_SCADA,1,"2019/08/22 20:20:00",MSTUART1,0
D,DISPATCH,UNIT_SCADA,1,"2019/08/22 20:20:00",MSTUART2,0
D,DISPATCH,UNIT_SCADA,1,"2019/08/22 20:20:00",MSTUART3,0
D,DISPATCH,UNIT_SCADA,1,"2019/08/22 20:20:00",MTGELWF1,7.171850
D,DISPATCH,UNIT_SCADA,1,"2019/08/22 20:20:00",MURRAY,1077.620730
D,DISPATCH,UNIT_SCADA,1,"2019/08/22 20:20:00",MUSSELR1,20.80
D,DISPATCH,UNIT_SCADA,1,"2019/08/22 20:20:00",MUWAWF1,10.94
D,DISPATCH,UNIT_SCADA,1,"2019/08/22 20:20:00",NBHWF1,0
D,DISPATCH,UNIT_SCADA,1,"2019/08/22 20:20:00",NPS,510
D,DISPATCH,UNIT_SCADA,1,"2019/08/22 20:20:00",NUMURSF1,0
D,DISPATCH,UNIT_SCADA,1,"2019/08/22 20:20:00",NYNGAN1,0
D,DISPATCH,UNIT_SCADA,1,"2019/08/22 20:20:00",OAKEY1,0
D,DISPATCH,UNIT_SCADA,1,"2019/08/22 20:20:00",OAKEY1SF,0.02
D,DISPATCH,UNIT_SCADA,1,"2019/08/22 20:20:00",OAKEY2,0
D,DISPATCH,UNIT_SCADA,1,"2019/08/22 20:20:00",OAKLAND1,9
D,DISPATCH,UNIT_SCADA,1,"2019/08/22 20:20:00",OSB-AG,183.45
D,DISPATCH,UNIT_SCADA,1,"2019/08/22 20:20:00",PARSF1,0
D,DISPATCH,UNIT_SCADA,1,"2019/08/22 20:20:00",POAT110,84.193680
D,DISPATCH,UNIT_SCADA,1,"2019/08/22 20:20:00",POAT220,140.729450
D,DISPATCH,UNIT_SCADA,1,"2019/08/22 20:20:00",POR01,0
D,DISPATCH,UNIT_SCADA,1,"2019/08/22 20:20:00",POR03,0
D,DISPATCH,UNIT_SCADA,1,"2019/08/22 20:20:00",PPCCGT,492.998050
D,DISPATCH,UNIT_SCADA,1,"2019/08/22 20:20:00",PTSTAN1,0
D,DISPATCH,UNIT_SCADA,1,"2019/08/22 20:20:00",PUMP1,0
D,DISPATCH,UNIT_SCADA,1,"2019/08/22 20:20:00",PUMP2,0
D,DISPATCH,UNIT_SCADA,1,"2019/08/22 20:20:00",QPS1,29.10
D,DISPATCH,UNIT_SCADA,1,"2019/08/22 20:20:00",QPS2,0
D,DISPATCH,UNIT_SCADA,1,"2019/08/22 20:20:00",QPS3,0
D,DISPATCH,UNIT_SCADA,1,"2019/08/22 20:20:00",QPS4,0
D,DISPATCH,UNIT_SCADA,1,"2019/08/22 20:20:00",QPS5,125.54
D,DISPATCH,UNIT_SCADA,1,"2019/08/22 20:20:00",REECE1,119.250010
D,DISPATCH,UNIT_SCADA,1,"2019/08/22 20:20:00",REECE2,118.330010
D,DISPATCH,UNIT_SCADA,1,"2019/08/22 20:20:00",ROMA_7,0
D,DISPATCH,UNIT_SCADA,1,"2019/08/22 20:20:00",ROMA_8,0
D,DISPATCH,UNIT_SCADA,1,"2019/08/22 20:20:00",RRSF1,0
D,DISPATCH,UNIT_SCADA,1,"2019/08/22 20:20:00",RT_NSW1,0
D,DISPATCH,UNIT_SCADA,1,"2019/08/22 20:20:00",RT_NSW2,0
D,DISPATCH,UNIT_SCADA,1,"2019/08/22 20:20:00",RT_NSW3,0
D,DISPATCH,UNIT_SCADA,1,"2019/08/22 20:20:00",RT_NSW4,0
D,DISPATCH,UNIT_SCADA,1,"2019/08/22 20:20:00",RT_NSW5,0
D,DISPATCH,UNIT_SCADA,1,"2019/08/22 20:20:00",RT_NSW6,0
D,DISPATCH,UNIT_SCADA,1,"2019/08/22 20:20:00",RT_QLD1,0
D,DISPATCH,UNIT_SCADA,1,"2019/08/22 20:20:00",RT_SA1,0
D,DISPATCH,UNIT_SCADA,1,"2019/08/22 20:20:00",RT_SA2,0
D,DISPATCH,UNIT_SCADA,1,"2019/08/22 20:20:00",RT_SA3,0
D,DISPATCH,UNIT_SCADA,1,"2019/08/22 20:20:00",RT_SA4,0
D,DISPATCH,UNIT_SCADA,1,"2019/08/22 20:20:00",RT_SA5,0
D,DISPATCH,UNIT_SCADA,1,"2019/08/22 20:20:00",RT_SA6,0
D,DISPATCH,UNIT_SCADA,1,"2019/08/22 20:20:00",RT_TAS1,0
D,DISPATCH,UNIT_SCADA,1,"2019/08/22 20:20:00",RT_VIC1,0
D,DISPATCH,UNIT_SCADA,1,"2019/08/22 20:20:00",RT_VIC10,0
D,DISPATCH,UNIT_SCADA,1,"2019/08/22 20:20:00",RT_VIC11,0
D,DISPATCH,UNIT_SCADA,1,"2019/08/22 20:20:00",RT_VIC12,0
D,DISPATCH,UNIT_SCADA,1,"2019/08/22 20:20:00",RT_VIC2,0
D,DISPATCH,UNIT_SCADA,1,"2019/08/22 20:20:00",RT_VIC3,0
D,DISPATCH,UNIT_SCADA,1,"2019/08/22 20:20:00",RT_VIC4,0
D,DISPATCH,UNIT_SCADA,1,"2019/08/22 20:20:00",RT_VIC5,0
D,DISPATCH,UNIT_SCADA,1,"2019/08/22 20:20:00",RT_VIC6,0
D,DISPATCH,UNIT_SCADA,1,"2019/08/22 20:20:00",RT_VIC7,0
D,DISPATCH,UNIT_SCADA,1,"2019/08/22 20:20:00",RT_VIC8,0
D,DISPATCH,UNIT_SCADA,1,"2019/08/22 20:20:00",RT_VIC9,0
D,DISPATCH,UNIT_SCADA,1,"2019/08/22 20:20:00",RUGBYR1,0
D,DISPATCH,UNIT_SCADA,1,"2019/08/22 20:20:00",SALTCRK1,2.03
D,DISPATCH,UNIT_SCADA,1,"2019/08/22 20:20:00",SAPHWF1,79.6875
D,DISPATCH,UNIT_SCADA,1,"2019/08/22 20:20:00",SHGEN,197.852460
D,DISPATCH,UNIT_SCADA,1,"2019/08/22 20:20:00",SHPUMP,0
D,DISPATCH,UNIT_SCADA,1,"2019/08/22 20:20:00",SITHE01,0.764260
D,DISPATCH,UNIT_SCADA,1,"2019/08/22 20:20:00",SMCSF1,0
D,DISPATCH,UNIT_SCADA,1,"2019/08/22 20:20:00",SNOWNTH1,8.60
D,DISPATCH,UNIT_SCADA,1,"2019/08/22 20:20:00",SNOWSTH1,16.40
D,DISPATCH,UNIT_SCADA,1,"2019/08/22 20:20:00",SNOWTWN1,5.2237
D,DISPATCH,UNIT_SCADA,1,"2019/08/22 20:20:00",SNOWYP,0
D,DISPATCH,UNIT_SCADA,1,"2019/08/22 20:20:00",SNUG1,0.019440
D,DISPATCH,UNIT_SCADA,1,"2019/08/22 20:20:00",SRSF1,0.43
D,DISPATCH,UNIT_SCADA,1,"2019/08/22 20:20:00",STAN-1,0
D,DISPATCH,UNIT_SCADA,1,"2019/08/22 20:20:00",STAN-2,346.529240
D,DISPATCH,UNIT_SCADA,1,"2019/08/22 20:20:00",STAN-3,346.926570
D,DISPATCH,UNIT_SCADA,1,"2019/08/22 20:20:00",STAN-4,363.8717
D,DISPATCH,UNIT_SCADA,1,"2019/08/22 20:20:00",STWF1,118.1925
D,DISPATCH,UNIT_SCADA,1,"2019/08/22 20:20:00",SWAN_E,0
D,DISPATCH,UNIT_SCADA,1,"2019/08/22 20:20:00",TALWA1,424
D,DISPATCH,UNIT_SCADA,1,"2019/08/22 20:20:00",TARALGA1,13.695010
D,DISPATCH,UNIT_SCADA,1,"2019/08/22 20:20:00",TARONG#1,345
D,DISPATCH,UNIT_SCADA,1,"2019/08/22 20:20:00",TARONG#2,345.200010
D,DISPATCH,UNIT_SCADA,1,"2019/08/22 20:20:00",TARONG#3,263.700010
D,DISPATCH,UNIT_SCADA,1,"2019/08/22 20:20:00",TARONG#4,348.899990
D,DISPATCH,UNIT_SCADA,1,"2019/08/22 20:20:00",TARRALEA,83.90
D,DISPATCH,UNIT_SCADA,1,"2019/08/22 20:20:00",TBSF1,-0.20
D,DISPATCH,UNIT_SCADA,1,"2019/08/22 20:20:00",TNPS1,442.300020
D,DISPATCH,UNIT_SCADA,1,"2019/08/22 20:20:00",TORRA1,118.094110
D,DISPATCH,UNIT_SCADA,1,"2019/08/22 20:20:00",TORRA2,0
D,DISPATCH,UNIT_SCADA,1,"2019/08/22 20:20:00",TORRA3,45.150280
D,DISPATCH,UNIT_SCADA,1,"2019/08/22 20:20:00",TORRA4,110.331040
D,DISPATCH,UNIT_SCADA,1,"2019/08/22 20:20:00",TORRB1,124.95
D,DISPATCH,UNIT_SCADA,1,"2019/08/22 20:20:00",TORRB2,190.429990
D,DISPATCH,UNIT_SCADA,1,"2019/08/22 20:20:00",TORRB3,0
D,DISPATCH,UNIT_SCADA,1,"2019/08/22 20:20:00",TORRB4,0
D,DISPATCH,UNIT_SCADA,1,"2019/08/22 20:20:00",TREVALLN,87.860030
D,DISPATCH,UNIT_SCADA,1,"2019/08/22 20:20:00",TRIBUTE,84.56
D,DISPATCH,UNIT_SCADA,1,"2019/08/22 20:20:00",TUMUT3,0
D,DISPATCH,UNIT_SCADA,1,"2019/08/22 20:20:00",TUNGATIN,139.310030
D,DISPATCH,UNIT_SCADA,1,"2019/08/22 20:20:00",TVCC201,0
D,DISPATCH,UNIT_SCADA,1,"2019/08/22 20:20:00",TVPP104,57.826560
D,DISPATCH,UNIT_SCADA,1,"2019/08/22 20:20:00",UPPTUMUT,0
D,DISPATCH,UNIT_SCADA,1,"2019/08/22 20:20:00",URANQ11,0
D,DISPATCH,UNIT_SCADA,1,"2019/08/22 20:20:00",URANQ12,0
D,DISPATCH,UNIT_SCADA,1,"2019/08/22 20:20:00",URANQ13,0
D,DISPATCH,UNIT_SCADA,1,"2019/08/22 20:20:00",URANQ14,0
D,DISPATCH,UNIT_SCADA,1,"2019/08/22 20:20:00",VP5,632.425050
D,DISPATCH,UNIT_SCADA,1,"2019/08/22 20:20:00",VP6,627.825010
D,DISPATCH,UNIT_SCADA,1,"2019/08/22 20:20:00",VPGS1,0
D,DISPATCH,UNIT_SCADA,1,"2019/08/22 20:20:00",VPGS2,0
D,DISPATCH,UNIT_SCADA,1,"2019/08/22 20:20:00",VPGS3,0
D,DISPATCH,UNIT_SCADA,1,"2019/08/22 20:20:00",VPGS4,0
D,DISPATCH,UNIT_SCADA,1,"2019/08/22 20:20:00",VPGS5,0
D,DISPATCH,UNIT_SCADA,1,"2019/08/22 20:20:00",VPGS6,0
D,DISPATCH,UNIT_SCADA,1,"2019/08/22 20:20:00",W/HOE#1,0
D,DISPATCH,UNIT_SCADA,1,"2019/08/22 20:20:00",W/HOE#2,0
D,DISPATCH,UNIT_SCADA,1,"2019/08/22 20:20:00",WATERLWF,-0.90
D,DISPATCH,UNIT_SCADA,1,"2019/08/22 20:20:00",WEMENSF1,0
D,DISPATCH,UNIT_SCADA,1,"2019/08/22 20:20:00",WGWF1,7
D,DISPATCH,UNIT_SCADA,1,"2019/08/22 20:20:00",WHITSF1,0
D,DISPATCH,UNIT_SCADA,1,"2019/08/22 20:20:00",WKIEWA1,31.90
D,DISPATCH,UNIT_SCADA,1,"2019/08/22 20:20:00",WKIEWA2,32
D,DISPATCH,UNIT_SCADA,1,"2019/08/22 20:20:00",WOODLWN1,6.777010
D,DISPATCH,UNIT_SCADA,1,"2019/08/22 20:20:00",WRSF1,0
D,DISPATCH,UNIT_SCADA,1,"2019/08/22 20:20:00",WRWF1,35.368740
D,DISPATCH,UNIT_SCADA,1,"2019/08/22 20:20:00",YABULU,0
D,DISPATCH,UNIT_SCADA,1,"2019/08/22 20:20:00",YABULU2,0
D,DISPATCH,UNIT_SCADA,1,"2019/08/22 20:20:00",YARWUN_1,0
D,DISPATCH,UNIT_SCADA,1,"2019/08/22 20:20:00",YENDWF1,8.97
D,DISPATCH,UNIT_SCADA,1,"2019/08/22 20:20:00",YWPS1,368.169620
D,DISPATCH,UNIT_SCADA,1,"2019/08/22 20:20:00",YWPS2,276.6886
D,DISPATCH,UNIT_SCADA,1,"2019/08/22 20:20:00",YWPS3,0
D,DISPATCH,UNIT_SCADA,1,"2019/08/22 20:20:00",YWPS4,395.802520
C,"END OF REPORT",334
