C,NEMP.WORLD,DISPATCHSCADA,AEMO,PUBLIC,2019/08/22,11:15:08,0000000311864689,DISPATCHSCADA,0000000311864683
I,DISPATCH,UNIT_SCADA,1,SETTLEMENTDATE,DUID,SCADAVALUE
D,DISPATCH,UNIT_SCADA,1,"2019/08/22 11:20:00",BARCSF1,18
D,DISPATCH,UNIT_SCADA,1,"2019/08/22 11:20:00",BUTLERSG,9.599998
D,DISPATCH,UNIT_SCADA,1,"2019/08/22 11:20:00",CALL_A_4,0
D,DISPATCH,UNIT_SCADA,1,"2019/08/22 11:20:00",CAPTL_WF,60.360001
D,DISPATCH,UNIT_SCADA,1,"2019/08/22 11:20:00",CATHROCK,0
D,DISPATCH,UNIT_SCADA,1,"2019/08/22 11:20:00",CHALLHWF,39.799999
D,DISPATCH,UNIT_SCADA,1,"2019/08/22 11:20:00",CLOVER,0
D,DISPATCH,UNIT_SCADA,1,"2019/08/22 11:20:00",CLUNY,19.997711
D,DISPATCH,UNIT_SCADA,1,"2019/08/22 11:20:00",CNUNDAWF,15.918570
D,DISPATCH,UNIT_SCADA,1,"2019/08/22 11:20:00",CULLRGWF,29.389999
D,DISPATCH,UNIT_SCADA,1,"2019/08/22 11:20:00",ERGT01,0
D,DISPATCH,UNIT_SCADA,1,"2019/08/22 11:20:00",GB01,0.057842
D,DISPATCH,UNIT_SCADA,1,"2019/08/22 11:20:00",GERMCRK,34.599998
D,DISPATCH,UNIT_SCADA,1,"2019/08/22 11:20:00",GRIFSF1,21.800003
D,DISPATCH,UNIT_SCADA,1,"2019/08/22 11:20:00",HUGSF1,8.9930
D,DISPATCH,UNIT_SCADA,1,"2019/08/22 11:20:00",LKBONNY1,22.863197
D,DISPATCH,UNIT_SCADA,1,"2019/08/22 11:20:00",LRSF1,12.750001
D,DISPATCH,UNIT_SCADA,1,"2019/08/22 11:20:00",MBAHNTH,55.425003
D,DISPATCH,UNIT_SCADA,1,"2019/08/22 11:20:00",MLSP1,12.191001
D,DISPATCH,UNIT_SCADA,1,"2019/08/22 11:20:00",MLWF1,16.904999
D,DISPATCH,UNIT_SCADA,1,"2019/08/22 11:20:00",MTMILLAR,1.458497
D,DISPATCH,UNIT_SCADA,1,"2019/08/22 11:20:00",PALOONA,28.68
D,DISPATCH,UNIT_SCADA,1,"2019/08/22 11:20:00",PIONEER,41.600002
D,DISPATCH,UNIT_SCADA,1,"2019/08/22 11:20:00",PORTWF,45.400002
D,DISPATCH,UNIT_SCADA,1,"2019/08/22 11:20:00",REPULSE,28.853590
D,DISPATCH,UNIT_SCADA,1,"2019/08/22 11:20:00",ROWALLAN,10.4299
D,DISPATCH,UNIT_SCADA,1,"2019/08/22 11:20:00",ROYALLA1,19.814001
D,DISPATCH,UNIT_SCADA,1,"2019/08/22 11:20:00",RPCG,10.50
D,DISPATCH,UNIT_SCADA,1,"2019/08/22 11:20:00",RUBICON,0
D,DISPATCH,UNIT_SCADA,1,"2019/08/22 11:20:00",SATGN1,0
D,DISPATCH,UNIT_SCADA,1,"2019/08/22 11:20:00",SATGS1,0
D,DISPATCH,UNIT_SCADA,1,"2019/08/22 11:20:00",STARHLWF,2.599242
D,DISPATCH,UNIT_SCADA,1,"2019/08/22 11:20:00",WAUBRAWF,176.2220
D,DISPATCH,UNIT_SCADA,1,"2019/08/22 11:20:00",WOOLNTH1,119.890015
D,DISPATCH,UNIT_SCADA,1,"2019/08/22 11:20:00",WPWF,3
D,DISPATCH,UNIT_SCADA,1,"2019/08/22 11:20:00",YAMBUKWF,19.60
D,DISPATCH,UNIT_SCADA,1,"2019/08/22 11:20:00",YSWF1,21.799999
D,DISPATCH,UNIT_SCADA,1,"2019/08/22 11:20:00",AGLHAL,0
D,DISPATCH,UNIT_SCADA,1,"2019/08/22 11:20:00",AGLSOM,0
D,DISPATCH,UNIT_SCADA,1,"2019/08/22 11:20:00",ANGAST1,0
D,DISPATCH,UNIT_SCADA,1,"2019/08/22 11:20:00",ARWF1,200.899990
D,DISPATCH,UNIT_SCADA,1,"2019/08/22 11:20:00",BALBG1,20.94
D,DISPATCH,UNIT_SCADA,1,"2019/08/22 11:20:00",BALBL1,0
D,DISPATCH,UNIT_SCADA,1,"2019/08/22 11:20:00",BALDHWF1,93.1340
D,DISPATCH,UNIT_SCADA,1,"2019/08/22 11:20:00",BANN1,49.91
D,DISPATCH,UNIT_SCADA,1,"2019/08/22 11:20:00",BARCALDN,0
D,DISPATCH,UNIT_SCADA,1,"2019/08/22 11:20:00",BARRON-1,0
D,DISPATCH,UNIT_SCADA,1,"2019/08/22 11:20:00",BARRON-2,26.44
D,DISPATCH,UNIT_SCADA,1,"2019/08/22 11:20:00",BASTYAN,77.810010
D,DISPATCH,UNIT_SCADA,1,"2019/08/22 11:20:00",BBTHREE1,-1.94
D,DISPATCH,UNIT_SCADA,1,"2019/08/22 11:20:00",BBTHREE2,-1.99
D,DISPATCH,UNIT_SCADA,1,"2019/08/22 11:20:00",BBTHREE3,-1.08
D,DISPATCH,UNIT_SCADA,1,"2019/08/22 11:20:00",BDL01,0
D,DISPATCH,UNIT_SCADA,1,"2019/08/22 11:20:00",BDL02,-0.06
D,DISPATCH,UNIT_SCADA,1,"2019/08/22 11:20:00",BERYLSF1,24.131620
D,DISPATCH,UNIT_SCADA,1,"2019/08/22 11:20:00",BLOWERNG,0
D,DISPATCH,UNIT_SCADA,1,"2019/08/22 11:20:00",BLUFF1,0.10
D,DISPATCH,UNIT_SCADA,1,"2019/08/22 11:20:00",BNGSF1,88.10
D,DISPATCH,UNIT_SCADA,1,"2019/08/22 11:20:00",BNGSF2,19.53
D,DISPATCH,UNIT_SCADA,1,"2019/08/22 11:20:00",BOCORWF1,111.55
D,DISPATCH,UNIT_SCADA,1,"2019/08/22 11:20:00",BODWF1,108.680860
D,DISPATCH,UNIT_SCADA,1,"2019/08/22 11:20:00",BRAEMAR1,0
D,DISPATCH,UNIT_SCADA,1,"2019/08/22 11:20:00",BRAEMAR2,0
D,DISPATCH,UNIT_SCADA,1,"2019/08/22 11:20:00",BRAEMAR3,0
D,DISPATCH,UNIT_SCADA,1,"2019/08/22 11:20:00",BRAEMAR5,0
D,DISPATCH,UNIT_SCADA,1,"2019/08/22 11:20:00",BRAEMAR6,0
D,DISPATCH,UNIT_SCADA,1,"2019/08/22 11:20:00",BRAEMAR7,0
D,DISPATCH,UNIT_SCADA,1,"2019/08/22 11:20:00",BROKENH1,52.324710
D,DISPATCH,UNIT_SCADA,1,"2019/08/22 11:20:00",BW01,513.074950
D,DISPATCH,UNIT_SCADA,1,"2019/08/22 11:20:00",BW02,512.300050
D,DISPATCH,UNIT_SCADA,1,"2019/08/22 11:20:00",BW03,534.325070
D,DISPATCH,UNIT_SCADA,1,"2019/08/22 11:20:00",BW04,0
D,DISPATCH,UNIT_SCADA,1,"2019/08/22 11:20:00",CALL_B_1,275.200010
D,DISPATCH,UNIT_SCADA,1,"2019/08/22 11:20:00",CALL_B_2,279.899990
D,DISPATCH,UNIT_SCADA,1,"2019/08/22 11:20:00",CETHANA,98.1845
D,DISPATCH,UNIT_SCADA,1,"2019/08/22 11:20:00",CG1,0
D,DISPATCH,UNIT_SCADA,1,"2019/08/22 11:20:00",CG2,0
D,DISPATCH,UNIT_SCADA,1,"2019/08/22 11:20:00",CG3,0
D,DISPATCH,UNIT_SCADA,1,"2019/08/22 11:20:00",CG4,0
D,DISPATCH,UNIT_SCADA,1,"2019/08/22 11:20:00",CHILDSF1,40.12
D,DISPATCH,UNIT_SCADA,1,"2019/08/22 11:20:00",CLARESF1,0
D,DISPATCH,UNIT_SCADA,1,"2019/08/22 11:20:00",CLEMGPWF,-0.288140
D,DISPATCH,UNIT_SCADA,1,"2019/08/22 11:20:00",CLERMSF1,0
D,DISPATCH,UNIT_SCADA,1,"2019/08/22 11:20:00",COLEASF1,92.20
D,DISPATCH,UNIT_SCADA,1,"2019/08/22 11:20:00",COOPGWF1,27.3071
D,DISPATCH,UNIT_SCADA,1,"2019/08/22 11:20:00",CPP_3,406.175020
D,DISPATCH,UNIT_SCADA,1,"2019/08/22 11:20:00",CPP_4,230.450010
D,DISPATCH,UNIT_SCADA,1,"2019/08/22 11:20:00",CPSA,88.966870
D,DISPATCH,UNIT_SCADA,1,"2019/08/22 11:20:00",CROOKWF2,81.133750
D,DISPATCH,UNIT_SCADA,1,"2019/08/22 11:20:00",CROWLWF1,44.4928
D,DISPATCH,UNIT_SCADA,1,"2019/08/22 11:20:00",CSPVPS1,9.6640
D,DISPATCH,UNIT_SCADA,1,"2019/08/22 11:20:00",DALNTH01,0
D,DISPATCH,UNIT_SCADA,1,"2019/08/22 11:20:00",DALNTHL1,0.080870
D,DISPATCH,UNIT_SCADA,1,"2019/08/22 11:20:00",DARTM1,134.70
D,DISPATCH,UNIT_SCADA,1,"2019/08/22 11:20:00",DAYDSF1,0
D,DISPATCH,UNIT_SCADA,1,"2019/08/22 11:20:00",DDPS1,0
D,DISPATCH,UNIT_SCADA,1,"2019/08/22 11:20:00",DDSF1,0
D,DISPATCH,UNIT_SCADA,1,"2019/08/22 11:20:00",DEVILS_G,0
D,DISPATCH,UNIT_SCADA,1,"2019/08/22 11:20:00",DG_NSW1,0
D,DISPATCH,UNIT_SCADA,1,"2019/08/22 11:20:00",DG_QLD1,0
D,DISPATCH,UNIT_SCADA,1,"2019/08/22 11:20:00",DG_SA1,0
D,DISPATCH,UNIT_SCADA,1,"2019/08/22 11:20:00",DG_TAS1,0
D,DISPATCH,UNIT_SCADA,1,"2019/08/22 11:20:00",DG_VIC1,0
D,DISPATCH,UNIT_SCADA,1,"2019/08/22 11:20:00",DRYCGT1,0
D,DISPATCH,UNIT_SCADA,1,"2019/08/22 11:20:00",DRYCGT2,0
D,DISPATCH,UNIT_SCADA,1,"2019/08/22 11:20:00",DRYCGT3,0
D,DISPATCH,UNIT_SCADA,1,"2019/08/22 11:20:00",EILDON1,0
D,DISPATCH,UNIT_SCADA,1,"2019/08/22 11:20:00",EILDON2,0
D,DISPATCH,UNIT_SCADA,1,"2019/08/22 11:20:00",EMERASF1,61.75
D,DISPATCH,UNIT_SCADA,1,"2019/08/22 11:20:00",ER01,334.449950
D,DISPATCH,UNIT_SCADA,1,"2019/08/22 11:20:00",ER02,375.424930
D,DISPATCH,UNIT_SCADA,1,"2019/08/22 11:20:00",ER03,698.50
D,DISPATCH,UNIT_SCADA,1,"2019/08/22 11:20:00",ER04,372.724980
D,DISPATCH,UNIT_SCADA,1,"2019/08/22 11:20:00",FINLYSF1,3.518440
D,DISPATCH,UNIT_SCADA,1,"2019/08/22 11:20:00",FISHER,45.71
D,DISPATCH,UNIT_SCADA,1,"2019/08/22 11:20:00",GANNBG1,0
D,DISPATCH,UNIT_SCADA,1,"2019/08/22 11:20:00",GANNBL1,9.430710
D,DISPATCH,UNIT_SCADA,1,"2019/08/22 11:20:00",GANNSF1,45.50
D,DISPATCH,UNIT_SCADA,1,"2019/08/22 11:20:00",GORDON,6.103440
D,DISPATCH,UNIT_SCADA,1,"2019/08/22 11:20:00",GSTONE1,109.7250
D,DISPATCH,UNIT_SCADA,1,"2019/08/22 11:20:00",GSTONE2,110.25
D,DISPATCH,UNIT_SCADA,1,"2019/08/22 11:20:00",GSTONE3,110.4250
D,DISPATCH,UNIT_SCADA,1,"2019/08/22 11:20:00",GSTONE4,148.9250
D,DISPATCH,UNIT_SCADA,1,"2019/08/22 11:20:00",GSTONE5,146.1250
D,DISPATCH,UNIT_SCADA,1,"2019/08/22 11:20:00",GSTONE6,0
D,DISPATCH,UNIT_SCADA,1,"2019/08/22 11:20:00",GULLRSF1,4.628330
D,DISPATCH,UNIT_SCADA,1,"2019/08/22 11:20:00",GULLRWF1,150.410740
D,DISPATCH,UNIT_SCADA,1,"2019/08/22 11:20:00",GUNNING1,41.897090
D,DISPATCH,UNIT_SCADA,1,"2019/08/22 11:20:00",GUTHEGA,0
D,DISPATCH,UNIT_SCADA,1,"2019/08/22 11:20:00",HALLWF1,-0.32
D,DISPATCH,UNIT_SCADA,1,"2019/08/22 11:20:00",HALLWF2,0.71
D,DISPATCH,UNIT_SCADA,1,"2019/08/22 11:20:00",HAMISF1,46.90
D,DISPATCH,UNIT_SCADA,1,"2019/08/22 11:20:00",HAUGHT11,49.958910
D,DISPATCH,UNIT_SCADA,1,"2019/08/22 11:20:00",HAYMSF1,41.1930
D,DISPATCH,UNIT_SCADA,1,"2019/08/22 11:20:00",HDWF1,4.30
D,DISPATCH,UNIT_SCADA,1,"2019/08/22 11:20:00",HDWF2,4.30
D,DISPATCH,UNIT_SCADA,1,"2019/08/22 11:20:00",HDWF3,4.30
D,DISPATCH,UNIT_SCADA,1,"2019/08/22 11:20:00",HPRG1,0
D,DISPATCH,UNIT_SCADA,1,"2019/08/22 11:20:00",HPRL1,36.20
D,DISPATCH,UNIT_SCADA,1,"2019/08/22 11:20:00",HUMENSW,0
D,DISPATCH,UNIT_SCADA,1,"2019/08/22 11:20:00",HUMEV,10
D,DISPATCH,UNIT_SCADA,1,"2019/08/22 11:20:00",HVGTS,0
D,DISPATCH,UNIT_SCADA,1,"2019/08/22 11:20:00",JBUTTERS,138.129990
D,DISPATCH,UNIT_SCADA,1,"2019/08/22 11:20:00",JLA01,0.50
D,DISPATCH,UNIT_SCADA,1,"2019/08/22 11:20:00",JLA02,0
D,DISPATCH,UNIT_SCADA,1,"2019/08/22 11:20:00",JLA03,0.10
D,DISPATCH,UNIT_SCADA,1,"2019/08/22 11:20:00",JLA04,0.10
D,DISPATCH,UNIT_SCADA,1,"2019/08/22 11:20:00",JLB01,0
D,DISPATCH,UNIT_SCADA,1,"2019/08/22 11:20:00",JLB02,0.10
D,DISPATCH,UNIT_SCADA,1,"2019/08/22 11:20:00",JLB03,0
D,DISPATCH,UNIT_SCADA,1,"2019/08/22 11:20:00",KAREEYA1,21.4825
D,DISPATCH,UNIT_SCADA,1,"2019/08/22 11:20:00",KAREEYA2,21.7275
D,DISPATCH,UNIT_SCADA,1,"2019/08/22 11:20:00",KAREEYA3,0
D,DISPATCH,UNIT_SCADA,1,"2019/08/22 11:20:00",KAREEYA4,21.6525
D,DISPATCH,UNIT_SCADA,1,"2019/08/22 11:20:00",KARSF1,69.90
D,DISPATCH,UNIT_SCADA,1,"2019/08/22 11:20:00",KIATAWF1,24.40
D,DISPATCH,UNIT_SCADA,1,"2019/08/22 11:20:00",KPP_1,0
D,DISPATCH,UNIT_SCADA,1,"2019/08/22 11:20:00",KSP1,47.78
D,DISPATCH,UNIT_SCADA,1,"2019/08/22 11:20:00",LADBROK1,0
D,DISPATCH,UNIT_SCADA,1,"2019/08/22 11:20:00",LADBROK2,0
D,DISPATCH,UNIT_SCADA,1,"2019/08/22 11:20:00",LD01,352.6312
D,DISPATCH,UNIT_SCADA,1,"2019/08/22 11:20:00",LD02,352.274960
D,DISPATCH,UNIT_SCADA,1,"2019/08/22 11:20:00",LD03,348.093750
D,DISPATCH,UNIT_SCADA,1,"2019/08/22 11:20:00",LD04,348.918730
D,DISPATCH,UNIT_SCADA,1,"2019/08/22 11:20:00",LEM_WIL,85.923050
D,DISPATCH,UNIT_SCADA,1,"2019/08/22 11:20:00",LGAPWF1,13.42
D,DISPATCH,UNIT_SCADA,1,"2019/08/22 11:20:00",LILYSF1,94.896120
D,DISPATCH,UNIT_SCADA,1,"2019/08/22 11:20:00",LI_WY_CA,148.821140
D,DISPATCH,UNIT_SCADA,1,"2019/08/22 11:20:00",LKBONNY2,50.838950
D,DISPATCH,UNIT_SCADA,1,"2019/08/22 11:20:00",LKBONNY3,13.229820
D,DISPATCH,UNIT_SCADA,1,"2019/08/22 11:20:00",LK_ECHO,0
D,DISPATCH,UNIT_SCADA,1,"2019/08/22 11:20:00",LNGS1,0
D,DISPATCH,UNIT_SCADA,1,"2019/08/22 11:20:00",LNGS2,0
D,DISPATCH,UNIT_SCADA,1,"2019/08/22 11:20:00",LONSDALE,0
D,DISPATCH,UNIT_SCADA,1,"2019/08/22 11:20:00",LOYYB1,537.216430
D,DISPATCH,UNIT_SCADA,1,"2019/08/22 11:20:00",LOYYB2,582.7063
D,DISPATCH,UNIT_SCADA,1,"2019/08/22 11:20:00",LYA1,559
D,DISPATCH,UNIT_SCADA,1,"2019/08/22 11:20:00",LYA2,0
D,DISPATCH,UNIT_SCADA,1,"2019/08/22 11:20:00",LYA3,559
D,DISPATCH,UNIT_SCADA,1,"2019/08/22 11:20:00",LYA4,539
D,DISPATCH,UNIT_SCADA,1,"2019/08/22 11:20:00",MACARTH1,222.694850
D,DISPATCH,UNIT_SCADA,1,"2019/08/22 11:20:00",MACKAYGT,0
D,DISPATCH,UNIT_SCADA,1,"2019/08/22 11:20:00",MACKNTSH,86.59
D,DISPATCH,UNIT_SCADA,1,"2019/08/22 11:20:00",MANSLR1,39.0960
D,DISPATCH,UNIT_SCADA,1,"2019/08/22 11:20:00",MCKAY1,0.02
D,DISPATCH,UNIT_SCADA,1,"2019/08/22 11:20:00",MEADOWBK,33.895880
D,DISPATCH,UNIT_SCADA,1,"2019/08/22 11:20:00",MERCER01,53.1850
D,DISPATCH,UNIT_SCADA,1,"2019/08/22 11:20:00",MEWF1,62.369790
D,DISPATCH,UNIT_SCADA,1,"2019/08/22 11:20:00",MINTARO,0
D,DISPATCH,UNIT_SCADA,1,"2019/08/22 11:20:00",MOREESF1,49.09
D,DISPATCH,UNIT_SCADA,1,"2019/08/22 11:20:00",MORTLK11,123
D,DISPATCH,UNIT_SCADA,1,"2019/08/22 11:20:00",MORTLK12,0
D,DISPATCH,UNIT_SCADA,1,"2019/08/22 11:20:00",MP1,277.050050
D,DISPATCH,UNIT_SCADA,1,"2019/08/22 11:20:00",MP2,0
D,DISPATCH,UNIT_SCADA,1,"2019/08/22 11:20:00",MPP_1,307.25
D,DISPATCH,UNIT_SCADA,1,"2019/08/22 11:20:00",MPP_2,380
D,DISPATCH,UNIT_SCADA,1,"2019/08/22 11:20:00",MSTUART1,0
D,DISPATCH,UNIT_SCADA,1,"2019/08/22 11:20:00",MSTUART2,0
D,DISPATCH,UNIT_SCADA,1,"2019/08/22 11:20:00",MSTUART3,0
D,DISPATCH,UNIT_SCADA,1,"2019/08/22 11:20:00",MTGELWF1,56.7980
D,DISPATCH,UNIT_SCADA,1,"2019/08/22 11:20:00",MURRAY,0
D,DISPATCH,UNIT_SCADA,1,"2019/08/22 11:20:00",MUSSELR1,101.20
D,DISPATCH,UNIT_SCADA,1,"2019/08/22 11:20:00",MUWAWF1,45.85
D,DISPATCH,UNIT_SCADA,1,"2019/08/22 11:20:00",NBHWF1,0
D,DISPATCH,UNIT_SCADA,1,"2019/08/22 11:20:00",NPS,0
D,DISPATCH,UNIT_SCADA,1,"2019/08/22 11:20:00",NUMURSF1,86.85
D,DISPATCH,UNIT_SCADA,1,"2019/08/22 11:20:00",NYNGAN1,75
D,DISPATCH,UNIT_SCADA,1,"2019/08/22 11:20:00",OAKEY1,0
D,DISPATCH,UNIT_SCADA,1,"2019/08/22 11:20:00",OAKEY1SF,21.6430
D,DISPATCH,UNIT_SCADA,1,"2019/08/22 11:20:00",OAKEY2,0
D,DISPATCH,UNIT_SCADA,1,"2019/08/22 11:20:00",OAKLAND1,58.20
D,DISPATCH,UNIT_SCADA,1,"2019/08/22 11:20:00",OSB-AG,139.64
D,DISPATCH,UNIT_SCADA,1,"2019/08/22 11:20:00",PARSF1,29.80
D,DISPATCH,UNIT_SCADA,1,"2019/08/22 11:20:00",POAT110,0
D,DISPATCH,UNIT_SCADA,1,"2019/08/22 11:20:00",POAT220,0
D,DISPATCH,UNIT_SCADA,1,"2019/08/22 11:20:00",POR01,0
D,DISPATCH,UNIT_SCADA,1,"2019/08/22 11:20:00",POR03,0
D,DISPATCH,UNIT_SCADA,1,"2019/08/22 11:20:00",PPCCGT,405.083310
D,DISPATCH,UNIT_SCADA,1,"2019/08/22 11:20:00",PTSTAN1,0
D,DISPATCH,UNIT_SCADA,1,"2019/08/22 11:20:00",PUMP1,0
D,DISPATCH,UNIT_SCADA,1,"2019/08/22 11:20:00",PUMP2,0
D,DISPATCH,UNIT_SCADA,1,"2019/08/22 11:20:00",QPS1,0
D,DISPATCH,UNIT_SCADA,1,"2019/08/22 11:20:00",QPS2,0
D,DISPATCH,UNIT_SCADA,1,"2019/08/22 11:20:00",QPS3,0
D,DISPATCH,UNIT_SCADA,1,"2019/08/22 11:20:00",QPS4,0
D,DISPATCH,UNIT_SCADA,1,"2019/08/22 11:20:00",QPS5,0
D,DISPATCH,UNIT_SCADA,1,"2019/08/22 11:20:00",REECE1,119.13
D,DISPATCH,UNIT_SCADA,1,"2019/08/22 11:20:00",REECE2,118.800010
D,DISPATCH,UNIT_SCADA,1,"2019/08/22 11:20:00",ROMA_7,0
D,DISPATCH,UNIT_SCADA,1,"2019/08/22 11:20:00",ROMA_8,0
D,DISPATCH,UNIT_SCADA,1,"2019/08/22 11:20:00",RRSF1,110.518050
D,DISPATCH,UNIT_SCADA,1,"2019/08/22 11:20:00",RT_NSW1,0
D,DISPATCH,UNIT_SCADA,1,"2019/08/22 11:20:00",RT_NSW2,0
D,DISPATCH,UNIT_SCADA,1,"2019/08/22 11:20:00",RT_NSW3,0
D,DISPATCH,UNIT_SCADA,1,"2019/08/22 11:20:00",RT_NSW4,0
D,DISPATCH,UNIT_SCADA,1,"2019/08/22 11:20:00",RT_NSW5,0
D,DISPATCH,UNIT_SCADA,1,"2019/08/22 11:20:00",RT_NSW6,0
D,DISPATCH,UNIT_SCADA,1,"2019/08/22 11:20:00",RT_QLD1,0
D,DISPATCH,UNIT_SCADA,1,"2019/08/22 11:20:00",RT_SA1,0
D,DISPATCH,UNIT_SCADA,1,"2019/08/22 11:20:00",RT_SA2,0
D,DISPATCH,UNIT_SCADA,1,"2019/08/22 11:20:00",RT_SA3,0
D,DISPATCH,UNIT_SCADA,1,"2019/08/22 11:20:00",RT_SA4,0
D,DISPATCH,UNIT_SCADA,1,"2019/08/22 11:20:00",RT_SA5,0
D,DISPATCH,UNIT_SCADA,1,"2019/08/22 11:20:00",RT_SA6,0
D,DISPATCH,UNIT_SCADA,1,"2019/08/22 11:20:00",RT_TAS1,0
D,DISPATCH,UNIT_SCADA,1,"2019/08/22 11:20:00",RT_VIC1,0
D,DISPATCH,UNIT_SCADA,1,"2019/08/22 11:20:00",RT_VIC10,0
D,DISPATCH,UNIT_SCADA,1,"2019/08/22 11:20:00",RT_VIC11,0
D,DISPATCH,UNIT_SCADA,1,"2019/08/22 11:20:00",RT_VIC12,0
D,DISPATCH,UNIT_SCADA,1,"2019/08/22 11:20:00",RT_VIC2,0
D,DISPATCH,UNIT_SCADA,1,"2019/08/22 11:20:00",RT_VIC3,0
D,DISPATCH,UNIT_SCADA,1,"2019/08/22 11:20:00",RT_VIC4,0
D,DISPATCH,UNIT_SCADA,1,"2019/08/22 11:20:00",RT_VIC5,0
D,DISPATCH,UNIT_SCADA,1,"2019/08/22 11:20:00",RT_VIC6,0
D,DISPATCH,UNIT_SCADA,1,"2019/08/22 11:20:00",RT_VIC7,0
D,DISPATCH,UNIT_SCADA,1,"2019/08/22 11:20:00",RT_VIC8,0
D,DISPATCH,UNIT_SCADA,1,"2019/08/22 11:20:00",RT_VIC9,0
D,DISPATCH,UNIT_SCADA,1,"2019/08/22 11:20:00",RUGBYR1,61.315070
D,DISPATCH,UNIT_SCADA,1,"2019/08/22 11:20:00",SALTCRK1,29.17
D,DISPATCH,UNIT_SCADA,1,"2019/08/22 11:20:00",SAPHWF1,227.325010
D,DISPATCH,UNIT_SCADA,1,"2019/08/22 11:20:00",SHGEN,0
D,DISPATCH,UNIT_SCADA,1,"2019/08/22 11:20:00",SHPUMP,199.842560
D,DISPATCH,UNIT_SCADA,1,"2019/08/22 11:20:00",SITHE01,0.043330
D,DISPATCH,UNIT_SCADA,1,"2019/08/22 11:20:00",SMCSF1,0
D,DISPATCH,UNIT_SCADA,1,"2019/08/22 11:20:00",SNOWNTH1,4.70
D,DISPATCH,UNIT_SCADA,1,"2019/08/22 11:20:00",SNOWSTH1,4.10
D,DISPATCH,UNIT_SCADA,1,"2019/08/22 11:20:00",SNOWTWN1,0.079450
D,DISPATCH,UNIT_SCADA,1,"2019/08/22 11:20:00",SNOWYP,0
D,DISPATCH,UNIT_SCADA,1,"2019/08/22 11:20:00",SNUG1,0.019440
D,DISPATCH,UNIT_SCADA,1,"2019/08/22 11:20:00",SRSF1,34.91
D,DISPATCH,UNIT_SCADA,1,"2019/08/22 11:20:00",STAN-1,0
D,DISPATCH,UNIT_SCADA,1,"2019/08/22 11:20:00",STAN-2,283.299010
D,DISPATCH,UNIT_SCADA,1,"2019/08/22 11:20:00",STAN-3,284.414150
D,DISPATCH,UNIT_SCADA,1,"2019/08/22 11:20:00",STAN-4,279.6203
D,DISPATCH,UNIT_SCADA,1,"2019/08/22 11:20:00",STWF1,24.480010
D,DISPATCH,UNIT_SCADA,1,"2019/08/22 11:20:00",SWAN_E,0
D,DISPATCH,UNIT_SCADA,1,"2019/08/22 11:20:00",TALWA1,189
D,DISPATCH,UNIT_SCADA,1,"2019/08/22 11:20:00",TARALGA1,98.039990
D,DISPATCH,UNIT_SCADA,1,"2019/08/22 11:20:00",TARONG#1,289.700010
D,DISPATCH,UNIT_SCADA,1,"2019/08/22 11:20:00",TARONG#2,292.399990
D,DISPATCH,UNIT_SCADA,1,"2019/08/22 11:20:00",TARONG#3,261.700010
D,DISPATCH,UNIT_SCADA,1,"2019/08/22 11:20:00",TARONG#4,280.200010
D,DISPATCH,UNIT_SCADA,1,"2019/08/22 11:20:00",TARRALEA,83.90
D,DISPATCH,UNIT_SCADA,1,"2019/08/22 11:20:00",TBSF1,42.20
D,DISPATCH,UNIT_SCADA,1,"2019/08/22 11:20:00",TNPS1,220.000020
D,DISPATCH,UNIT_SCADA,1,"2019/08/22 11:20:00",TORRA1,42.960290
D,DISPATCH,UNIT_SCADA,1,"2019/08/22 11:20:00",TORRA2,0
D,DISPATCH,UNIT_SCADA,1,"2019/08/22 11:20:00",TORRA3,43.9830
D,DISPATCH,UNIT_SCADA,1,"2019/08/22 11:20:00",TORRA4,15.127910
D,DISPATCH,UNIT_SCADA,1,"2019/08/22 11:20:00",TORRB1,40.65
D,DISPATCH,UNIT_SCADA,1,"2019/08/22 11:20:00",TORRB2,40.57
D,DISPATCH,UNIT_SCADA,1,"2019/08/22 11:20:00",TORRB3,0
D,DISPATCH,UNIT_SCADA,1,"2019/08/22 11:20:00",TORRB4,0
D,DISPATCH,UNIT_SCADA,1,"2019/08/22 11:20:00",TREVALLN,44.210010
D,DISPATCH,UNIT_SCADA,1,"2019/08/22 11:20:00",TRIBUTE,84.10
D,DISPATCH,UNIT_SCADA,1,"2019/08/22 11:20:00",TUMUT3,0
D,DISPATCH,UNIT_SCADA,1,"2019/08/22 11:20:00",TUNGATIN,107.760030
D,DISPATCH,UNIT_SCADA,1,"2019/08/22 11:20:00",TVCC201,0
D,DISPATCH,UNIT_SCADA,1,"2019/08/22 11:20:00",TVPP104,0
D,DISPATCH,UNIT_SCADA,1,"2019/08/22 11:20:00",UPPTUMUT,0
D,DISPATCH,UNIT_SCADA,1,"2019/08/22 11:20:00",URANQ11,0
D,DISPATCH,UNIT_SCADA,1,"2019/08/22 11:20:00",URANQ12,0
D,DISPATCH,UNIT_SCADA,1,"2019/08/22 11:20:00",URANQ13,0
D,DISPATCH,UNIT_SCADA,1,"2019/08/22 11:20:00",URANQ14,0
D,DISPATCH,UNIT_SCADA,1,"2019/08/22 11:20:00",VP5,201.025010
D,DISPATCH,UNIT_SCADA,1,"2019/08/22 11:20:00",VP6,556.724980
D,DISPATCH,UNIT_SCADA,1,"2019/08/22 11:20:00",VPGS1,0
D,DISPATCH,UNIT_SCADA,1,"2019/08/22 11:20:00",VPGS2,0
D,DISPATCH,UNIT_SCADA,1,"2019/08/22 11:20:00",VPGS3,0
D,DISPATCH,UNIT_SCADA,1,"2019/08/22 11:20:00",VPGS4,0
D,DISPATCH,UNIT_SCADA,1,"2019/08/22 11:20:00",VPGS5,0
D,DISPATCH,UNIT_SCADA,1,"2019/08/22 11:20:00",VPGS6,0
D,DISPATCH,UNIT_SCADA,1,"2019/08/22 11:20:00",W/HOE#1,0
D,DISPATCH,UNIT_SCADA,1,"2019/08/22 11:20:00",W/HOE#2,0
D,DISPATCH,UNIT_SCADA,1,"2019/08/22 11:20:00",WATERLWF,4.80
D,DISPATCH,UNIT_SCADA,1,"2019/08/22 11:20:00",WEMENSF1,63.70
D,DISPATCH,UNIT_SCADA,1,"2019/08/22 11:20:00",WGWF1,8.20
D,DISPATCH,UNIT_SCADA,1,"2019/08/22 11:20:00",WHITSF1,0
D,DISPATCH,UNIT_SCADA,1,"2019/08/22 11:20:00",WKIEWA1,0
D,DISPATCH,UNIT_SCADA,1,"2019/08/22 11:20:00",WKIEWA2,9.30
D,DISPATCH,UNIT_SCADA,1,"2019/08/22 11:20:00",WOODLWN1,38.537990
D,DISPATCH,UNIT_SCADA,1,"2019/08/22 11:20:00",WRSF1,4.87
D,DISPATCH,UNIT_SCADA,1,"2019/08/22 11:20:00",WRWF1,163.725010
D,DISPATCH,UNIT_SCADA,1,"2019/08/22 11:20:00",YABULU,0
D,DISPATCH,UNIT_SCADA,1,"2019/08/22 11:20:00",YABULU2,0
D,DISPATCH,UNIT_SCADA,1,"2019/08/22 11:20:00",YARWUN_1,0
D,DISPATCH,UNIT_SCADA,1,"2019/08/22 11:20:00",YENDWF1,42.17
D,DISPATCH,UNIT_SCADA,1,"2019/08/22 11:20:00",YWPS1,349.622770
D,DISPATCH,UNIT_SCADA,1,"2019/08/22 11:20:00",YWPS2,278.693660
D,DISPATCH,UNIT_SCADA,1,"2019/08/22 11:20:00",YWPS3,0
D,DISPATCH,UNIT_SCADA,1,"2019/08/22 11:20:00",YWPS4,395.520260
C,"END OF REPORT",334
