C,NEMP.WORLD,DISPATCHSCADA,AEMO,PUBLIC,2019/08/20,18:55:07,0000000311797240,DISPATCHSCADA,0000000311797234
I,DISPATCH,UNIT_SCADA,1,SETTLEMENTDATE,DUID,SCADAVALUE
D,DISPATCH,UNIT_SCADA,1,"2019/08/20 19:00:00",BARCSF1,0.50
D,DISPATCH,UNIT_SCADA,1,"2019/08/20 19:00:00",BUTLERSG,9.699999
D,DISPATCH,UNIT_SCADA,1,"2019/08/20 19:00:00",CALL_A_4,0
D,DISPATCH,UNIT_SCADA,1,"2019/08/20 19:00:00",CAPTL_WF,137.559998
D,DISPATCH,UNIT_SCADA,1,"2019/08/20 19:00:00",CATHROCK,51.369995
D,DISPATCH,UNIT_SCADA,1,"2019/08/20 19:00:00",CHALLHWF,34.50
D,DISPATCH,UNIT_SCADA,1,"2019/08/20 19:00:00",CLOVER,-0.02
D,DISPATCH,UNIT_SCADA,1,"2019/08/20 19:00:00",CLUNY,18.630808
D,DISPATCH,UNIT_SCADA,1,"2019/08/20 19:00:00",CNUNDAWF,40.747536
D,DISPATCH,UNIT_SCADA,1,"2019/08/20 19:00:00",CULLRGWF,30.24
D,DISPATCH,UNIT_SCADA,1,"2019/08/20 19:00:00",ERGT01,0
D,DISPATCH,UNIT_SCADA,1,"2019/08/20 19:00:00",GB01,0.070988
D,DISPATCH,UNIT_SCADA,1,"2019/08/20 19:00:00",GERMCRK,25.90
D,DISPATCH,UNIT_SCADA,1,"2019/08/20 19:00:00",GRIFSF1,0
D,DISPATCH,UNIT_SCADA,1,"2019/08/20 19:00:00",HUGSF1,-0.2040
D,DISPATCH,UNIT_SCADA,1,"2019/08/20 19:00:00",LKBONNY1,75.555717
D,DISPATCH,UNIT_SCADA,1,"2019/08/20 19:00:00",LRSF1,0.0290
D,DISPATCH,UNIT_SCADA,1,"2019/08/20 19:00:00",MBAHNTH,58.012497
D,DISPATCH,UNIT_SCADA,1,"2019/08/20 19:00:00",MLSP1,0.283001
D,DISPATCH,UNIT_SCADA,1,"2019/08/20 19:00:00",MLWF1,13.4250
D,DISPATCH,UNIT_SCADA,1,"2019/08/20 19:00:00",MTMILLAR,29.787569
D,DISPATCH,UNIT_SCADA,1,"2019/08/20 19:00:00",PALOONA,8.94
D,DISPATCH,UNIT_SCADA,1,"2019/08/20 19:00:00",PIONEER,13.900001
D,DISPATCH,UNIT_SCADA,1,"2019/08/20 19:00:00",PORTWF,137.300003
D,DISPATCH,UNIT_SCADA,1,"2019/08/20 19:00:00",REPULSE,29.133135
D,DISPATCH,UNIT_SCADA,1,"2019/08/20 19:00:00",ROWALLAN,10.1175
D,DISPATCH,UNIT_SCADA,1,"2019/08/20 19:00:00",ROYALLA1,0
D,DISPATCH,UNIT_SCADA,1,"2019/08/20 19:00:00",RPCG,11.30
D,DISPATCH,UNIT_SCADA,1,"2019/08/20 19:00:00",RUBICON,0
D,DISPATCH,UNIT_SCADA,1,"2019/08/20 19:00:00",SATGN1,0
D,DISPATCH,UNIT_SCADA,1,"2019/08/20 19:00:00",SATGS1,0
D,DISPATCH,UNIT_SCADA,1,"2019/08/20 19:00:00",STARHLWF,27.491983
D,DISPATCH,UNIT_SCADA,1,"2019/08/20 19:00:00",WAUBRAWF,154.891006
D,DISPATCH,UNIT_SCADA,1,"2019/08/20 19:00:00",WOOLNTH1,71.470016
D,DISPATCH,UNIT_SCADA,1,"2019/08/20 19:00:00",WPWF,57
D,DISPATCH,UNIT_SCADA,1,"2019/08/20 19:00:00",YAMBUKWF,29.50
D,DISPATCH,UNIT_SCADA,1,"2019/08/20 19:00:00",YSWF1,28.700001
D,DISPATCH,UNIT_SCADA,1,"2019/08/20 19:00:00",AGLHAL,0
D,DISPATCH,UNIT_SCADA,1,"2019/08/20 19:00:00",AGLSOM,79.60
D,DISPATCH,UNIT_SCADA,1,"2019/08/20 19:00:00",ANGAST1,0
D,DISPATCH,UNIT_SCADA,1,"2019/08/20 19:00:00",ARWF1,50.80
D,DISPATCH,UNIT_SCADA,1,"2019/08/20 19:00:00",BALBG1,0
D,DISPATCH,UNIT_SCADA,1,"2019/08/20 19:00:00",BALBL1,0
D,DISPATCH,UNIT_SCADA,1,"2019/08/20 19:00:00",BALDHWF1,101.2460
D,DISPATCH,UNIT_SCADA,1,"2019/08/20 19:00:00",BANN1,0
D,DISPATCH,UNIT_SCADA,1,"2019/08/20 19:00:00",BARCALDN,0
D,DISPATCH,UNIT_SCADA,1,"2019/08/20 19:00:00",BARRON-1,0
D,DISPATCH,UNIT_SCADA,1,"2019/08/20 19:00:00",BARRON-2,28.20
D,DISPATCH,UNIT_SCADA,1,"2019/08/20 19:00:00",BASTYAN,80.280010
D,DISPATCH,UNIT_SCADA,1,"2019/08/20 19:00:00",BBTHREE1,-1.99
D,DISPATCH,UNIT_SCADA,1,"2019/08/20 19:00:00",BBTHREE2,-2.07
D,DISPATCH,UNIT_SCADA,1,"2019/08/20 19:00:00",BBTHREE3,-1.10
D,DISPATCH,UNIT_SCADA,1,"2019/08/20 19:00:00",BDL01,0
D,DISPATCH,UNIT_SCADA,1,"2019/08/20 19:00:00",BDL02,43.20
D,DISPATCH,UNIT_SCADA,1,"2019/08/20 19:00:00",BERYLSF1,0
D,DISPATCH,UNIT_SCADA,1,"2019/08/20 19:00:00",BLOWERNG,0
D,DISPATCH,UNIT_SCADA,1,"2019/08/20 19:00:00",BLUFF1,27
D,DISPATCH,UNIT_SCADA,1,"2019/08/20 19:00:00",BNGSF1,0
D,DISPATCH,UNIT_SCADA,1,"2019/08/20 19:00:00",BNGSF2,0
D,DISPATCH,UNIT_SCADA,1,"2019/08/20 19:00:00",BOCORWF1,106.56
D,DISPATCH,UNIT_SCADA,1,"2019/08/20 19:00:00",BODWF1,64.481030
D,DISPATCH,UNIT_SCADA,1,"2019/08/20 19:00:00",BRAEMAR1,0
D,DISPATCH,UNIT_SCADA,1,"2019/08/20 19:00:00",BRAEMAR2,172.80
D,DISPATCH,UNIT_SCADA,1,"2019/08/20 19:00:00",BRAEMAR3,0
D,DISPATCH,UNIT_SCADA,1,"2019/08/20 19:00:00",BRAEMAR5,0
D,DISPATCH,UNIT_SCADA,1,"2019/08/20 19:00:00",BRAEMAR6,159.937550
D,DISPATCH,UNIT_SCADA,1,"2019/08/20 19:00:00",BRAEMAR7,0
D,DISPATCH,UNIT_SCADA,1,"2019/08/20 19:00:00",BROKENH1,0
D,DISPATCH,UNIT_SCADA,1,"2019/08/20 19:00:00",BW01,653.425050
D,DISPATCH,UNIT_SCADA,1,"2019/08/20 19:00:00",BW02,663.349980
D,DISPATCH,UNIT_SCADA,1,"2019/08/20 19:00:00",BW03,660.550050
D,DISPATCH,UNIT_SCADA,1,"2019/08/20 19:00:00",BW04,0
D,DISPATCH,UNIT_SCADA,1,"2019/08/20 19:00:00",CALL_B_1,349.899990
D,DISPATCH,UNIT_SCADA,1,"2019/08/20 19:00:00",CALL_B_2,299.50
D,DISPATCH,UNIT_SCADA,1,"2019/08/20 19:00:00",CETHANA,95.190750
D,DISPATCH,UNIT_SCADA,1,"2019/08/20 19:00:00",CG1,0
D,DISPATCH,UNIT_SCADA,1,"2019/08/20 19:00:00",CG2,0
D,DISPATCH,UNIT_SCADA,1,"2019/08/20 19:00:00",CG3,0
D,DISPATCH,UNIT_SCADA,1,"2019/08/20 19:00:00",CG4,0
D,DISPATCH,UNIT_SCADA,1,"2019/08/20 19:00:00",CHILDSF1,0
D,DISPATCH,UNIT_SCADA,1,"2019/08/20 19:00:00",CLARESF1,0
D,DISPATCH,UNIT_SCADA,1,"2019/08/20 19:00:00",CLEMGPWF,20.1698
D,DISPATCH,UNIT_SCADA,1,"2019/08/20 19:00:00",CLERMSF1,0
D,DISPATCH,UNIT_SCADA,1,"2019/08/20 19:00:00",COLEASF1,0
D,DISPATCH,UNIT_SCADA,1,"2019/08/20 19:00:00",COOPGWF1,37.573860
D,DISPATCH,UNIT_SCADA,1,"2019/08/20 19:00:00",CPP_3,405.6250
D,DISPATCH,UNIT_SCADA,1,"2019/08/20 19:00:00",CPP_4,404.524990
D,DISPATCH,UNIT_SCADA,1,"2019/08/20 19:00:00",CPSA,141.241260
D,DISPATCH,UNIT_SCADA,1,"2019/08/20 19:00:00",CROOKWF2,86.063740
D,DISPATCH,UNIT_SCADA,1,"2019/08/20 19:00:00",CROWLWF1,35.045380
D,DISPATCH,UNIT_SCADA,1,"2019/08/20 19:00:00",CSPVPS1,0
D,DISPATCH,UNIT_SCADA,1,"2019/08/20 19:00:00",DALNTH01,0
D,DISPATCH,UNIT_SCADA,1,"2019/08/20 19:00:00",DALNTHL1,0.239570
D,DISPATCH,UNIT_SCADA,1,"2019/08/20 19:00:00",DARTM1,134.100010
D,DISPATCH,UNIT_SCADA,1,"2019/08/20 19:00:00",DAYDSF1,0
D,DISPATCH,UNIT_SCADA,1,"2019/08/20 19:00:00",DDPS1,481.743410
D,DISPATCH,UNIT_SCADA,1,"2019/08/20 19:00:00",DDSF1,0
D,DISPATCH,UNIT_SCADA,1,"2019/08/20 19:00:00",DEVILS_G,59.840690
D,DISPATCH,UNIT_SCADA,1,"2019/08/20 19:00:00",DG_NSW1,0
D,DISPATCH,UNIT_SCADA,1,"2019/08/20 19:00:00",DG_QLD1,0
D,DISPATCH,UNIT_SCADA,1,"2019/08/20 19:00:00",DG_SA1,0
D,DISPATCH,UNIT_SCADA,1,"2019/08/20 19:00:00",DG_TAS1,0
D,DISPATCH,UNIT_SCADA,1,"2019/08/20 19:00:00",DG_VIC1,0
D,DISPATCH,UNIT_SCADA,1,"2019/08/20 19:00:00",DRYCGT1,0
D,DISPATCH,UNIT_SCADA,1,"2019/08/20 19:00:00",DRYCGT2,0
D,DISPATCH,UNIT_SCADA,1,"2019/08/20 19:00:00",DRYCGT3,0
D,DISPATCH,UNIT_SCADA,1,"2019/08/20 19:00:00",EILDON1,0
D,DISPATCH,UNIT_SCADA,1,"2019/08/20 19:00:00",EILDON2,0
D,DISPATCH,UNIT_SCADA,1,"2019/08/20 19:00:00",EMERASF1,0
D,DISPATCH,UNIT_SCADA,1,"2019/08/20 19:00:00",ER01,590.699950
D,DISPATCH,UNIT_SCADA,1,"2019/08/20 19:00:00",ER02,695.324950
D,DISPATCH,UNIT_SCADA,1,"2019/08/20 19:00:00",ER03,697.799930
D,DISPATCH,UNIT_SCADA,1,"2019/08/20 19:00:00",ER04,696.325070
D,DISPATCH,UNIT_SCADA,1,"2019/08/20 19:00:00",FINLYSF1,0
D,DISPATCH,UNIT_SCADA,1,"2019/08/20 19:00:00",FISHER,45.89
D,DISPATCH,UNIT_SCADA,1,"2019/08/20 19:00:00",GANNBG1,0
D,DISPATCH,UNIT_SCADA,1,"2019/08/20 19:00:00",GANNBL1,0.001890
D,DISPATCH,UNIT_SCADA,1,"2019/08/20 19:00:00",GANNSF1,0
D,DISPATCH,UNIT_SCADA,1,"2019/08/20 19:00:00",GORDON,9.6880
D,DISPATCH,UNIT_SCADA,1,"2019/08/20 19:00:00",GSTONE1,219.6250
D,DISPATCH,UNIT_SCADA,1,"2019/08/20 19:00:00",GSTONE2,219.80
D,DISPATCH,UNIT_SCADA,1,"2019/08/20 19:00:00",GSTONE3,220.50
D,DISPATCH,UNIT_SCADA,1,"2019/08/20 19:00:00",GSTONE4,219.6250
D,DISPATCH,UNIT_SCADA,1,"2019/08/20 19:00:00",GSTONE5,219.45
D,DISPATCH,UNIT_SCADA,1,"2019/08/20 19:00:00",GSTONE6,0
D,DISPATCH,UNIT_SCADA,1,"2019/08/20 19:00:00",GULLRSF1,0
D,DISPATCH,UNIT_SCADA,1,"2019/08/20 19:00:00",GULLRWF1,141.205380
D,DISPATCH,UNIT_SCADA,1,"2019/08/20 19:00:00",GUNNING1,45.717650
D,DISPATCH,UNIT_SCADA,1,"2019/08/20 19:00:00",GUTHEGA,31.10
D,DISPATCH,UNIT_SCADA,1,"2019/08/20 19:00:00",HALLWF1,91.05
D,DISPATCH,UNIT_SCADA,1,"2019/08/20 19:00:00",HALLWF2,65.60
D,DISPATCH,UNIT_SCADA,1,"2019/08/20 19:00:00",HAMISF1,0
D,DISPATCH,UNIT_SCADA,1,"2019/08/20 19:00:00",HAUGHT11,0
D,DISPATCH,UNIT_SCADA,1,"2019/08/20 19:00:00",HAYMSF1,0
D,DISPATCH,UNIT_SCADA,1,"2019/08/20 19:00:00",HDWF1,50.30
D,DISPATCH,UNIT_SCADA,1,"2019/08/20 19:00:00",HDWF2,41.20
D,DISPATCH,UNIT_SCADA,1,"2019/08/20 19:00:00",HDWF3,47
D,DISPATCH,UNIT_SCADA,1,"2019/08/20 19:00:00",HPRG1,0.30
D,DISPATCH,UNIT_SCADA,1,"2019/08/20 19:00:00",HPRL1,0
D,DISPATCH,UNIT_SCADA,1,"2019/08/20 19:00:00",HUMENSW,0
D,DISPATCH,UNIT_SCADA,1,"2019/08/20 19:00:00",HUMEV,7.90
D,DISPATCH,UNIT_SCADA,1,"2019/08/20 19:00:00",HVGTS,0
D,DISPATCH,UNIT_SCADA,1,"2019/08/20 19:00:00",JBUTTERS,136.179990
D,DISPATCH,UNIT_SCADA,1,"2019/08/20 19:00:00",JLA01,0.50
D,DISPATCH,UNIT_SCADA,1,"2019/08/20 19:00:00",JLA02,0
D,DISPATCH,UNIT_SCADA,1,"2019/08/20 19:00:00",JLA03,0.10
D,DISPATCH,UNIT_SCADA,1,"2019/08/20 19:00:00",JLA04,0.10
D,DISPATCH,UNIT_SCADA,1,"2019/08/20 19:00:00",JLB01,0
D,DISPATCH,UNIT_SCADA,1,"2019/08/20 19:00:00",JLB02,83.50
D,DISPATCH,UNIT_SCADA,1,"2019/08/20 19:00:00",JLB03,0
D,DISPATCH,UNIT_SCADA,1,"2019/08/20 19:00:00",KAREEYA1,21.4525
D,DISPATCH,UNIT_SCADA,1,"2019/08/20 19:00:00",KAREEYA2,21.6075
D,DISPATCH,UNIT_SCADA,1,"2019/08/20 19:00:00",KAREEYA3,0
D,DISPATCH,UNIT_SCADA,1,"2019/08/20 19:00:00",KAREEYA4,21.5250
D,DISPATCH,UNIT_SCADA,1,"2019/08/20 19:00:00",KARSF1,0
D,DISPATCH,UNIT_SCADA,1,"2019/08/20 19:00:00",KIATAWF1,30.80
D,DISPATCH,UNIT_SCADA,1,"2019/08/20 19:00:00",KPP_1,0
D,DISPATCH,UNIT_SCADA,1,"2019/08/20 19:00:00",KSP1,0
D,DISPATCH,UNIT_SCADA,1,"2019/08/20 19:00:00",LADBROK1,42.63
D,DISPATCH,UNIT_SCADA,1,"2019/08/20 19:00:00",LADBROK2,43.07
D,DISPATCH,UNIT_SCADA,1,"2019/08/20 19:00:00",LD01,421.199980
D,DISPATCH,UNIT_SCADA,1,"2019/08/20 19:00:00",LD02,418.012480
D,DISPATCH,UNIT_SCADA,1,"2019/08/20 19:00:00",LD03,417.356230
D,DISPATCH,UNIT_SCADA,1,"2019/08/20 19:00:00",LD04,381.018770
D,DISPATCH,UNIT_SCADA,1,"2019/08/20 19:00:00",LEM_WIL,85.603940
D,DISPATCH,UNIT_SCADA,1,"2019/08/20 19:00:00",LGAPWF1,25.36
D,DISPATCH,UNIT_SCADA,1,"2019/08/20 19:00:00",LILYSF1,0
D,DISPATCH,UNIT_SCADA,1,"2019/08/20 19:00:00",LI_WY_CA,148.958110
D,DISPATCH,UNIT_SCADA,1,"2019/08/20 19:00:00",LKBONNY2,152.745960
D,DISPATCH,UNIT_SCADA,1,"2019/08/20 19:00:00",LKBONNY3,38.238080
D,DISPATCH,UNIT_SCADA,1,"2019/08/20 19:00:00",LK_ECHO,0
D,DISPATCH,UNIT_SCADA,1,"2019/08/20 19:00:00",LNGS1,0
D,DISPATCH,UNIT_SCADA,1,"2019/08/20 19:00:00",LNGS2,0
D,DISPATCH,UNIT_SCADA,1,"2019/08/20 19:00:00",LONSDALE,0
D,DISPATCH,UNIT_SCADA,1,"2019/08/20 19:00:00",LOYYB1,535.336730
D,DISPATCH,UNIT_SCADA,1,"2019/08/20 19:00:00",LOYYB2,581.954410
D,DISPATCH,UNIT_SCADA,1,"2019/08/20 19:00:00",LYA1,558
D,DISPATCH,UNIT_SCADA,1,"2019/08/20 19:00:00",LYA2,0
D,DISPATCH,UNIT_SCADA,1,"2019/08/20 19:00:00",LYA3,561
D,DISPATCH,UNIT_SCADA,1,"2019/08/20 19:00:00",LYA4,539
D,DISPATCH,UNIT_SCADA,1,"2019/08/20 19:00:00",MACARTH1,299.193080
D,DISPATCH,UNIT_SCADA,1,"2019/08/20 19:00:00",MACKAYGT,0
D,DISPATCH,UNIT_SCADA,1,"2019/08/20 19:00:00",MACKNTSH,84.970010
D,DISPATCH,UNIT_SCADA,1,"2019/08/20 19:00:00",MANSLR1,0
D,DISPATCH,UNIT_SCADA,1,"2019/08/20 19:00:00",MCKAY1,0.02
D,DISPATCH,UNIT_SCADA,1,"2019/08/20 19:00:00",MEADOWBK,33.838720
D,DISPATCH,UNIT_SCADA,1,"2019/08/20 19:00:00",MERCER01,122.6740
D,DISPATCH,UNIT_SCADA,1,"2019/08/20 19:00:00",MEWF1,41.637890
D,DISPATCH,UNIT_SCADA,1,"2019/08/20 19:00:00",MINTARO,0
D,DISPATCH,UNIT_SCADA,1,"2019/08/20 19:00:00",MOREESF1,0
D,DISPATCH,UNIT_SCADA,1,"2019/08/20 19:00:00",MORTLK11,259
D,DISPATCH,UNIT_SCADA,1,"2019/08/20 19:00:00",MORTLK12,0
D,DISPATCH,UNIT_SCADA,1,"2019/08/20 19:00:00",MP1,279.049930
D,DISPATCH,UNIT_SCADA,1,"2019/08/20 19:00:00",MP2,0
D,DISPATCH,UNIT_SCADA,1,"2019/08/20 19:00:00",MPP_1,414.75
D,DISPATCH,UNIT_SCADA,1,"2019/08/20 19:00:00",MPP_2,434.75
D,DISPATCH,UNIT_SCADA,1,"2019/08/20 19:00:00",MSTUART1,0
D,DISPATCH,UNIT_SCADA,1,"2019/08/20 19:00:00",MSTUART2,0
D,DISPATCH,UNIT_SCADA,1,"2019/08/20 19:00:00",MSTUART3,0
D,DISPATCH,UNIT_SCADA,1,"2019/08/20 19:00:00",MTGELWF1,64.6916
D,DISPATCH,UNIT_SCADA,1,"2019/08/20 19:00:00",MURRAY,113.483330
D,DISPATCH,UNIT_SCADA,1,"2019/08/20 19:00:00",MUSSELR1,28.90
D,DISPATCH,UNIT_SCADA,1,"2019/08/20 19:00:00",MUWAWF1,37.97
D,DISPATCH,UNIT_SCADA,1,"2019/08/20 19:00:00",NBHWF1,76.70
D,DISPATCH,UNIT_SCADA,1,"2019/08/20 19:00:00",NPS,509.6250
D,DISPATCH,UNIT_SCADA,1,"2019/08/20 19:00:00",NUMURSF1,0
D,DISPATCH,UNIT_SCADA,1,"2019/08/20 19:00:00",NYNGAN1,0
D,DISPATCH,UNIT_SCADA,1,"2019/08/20 19:00:00",OAKEY1,0
D,DISPATCH,UNIT_SCADA,1,"2019/08/20 19:00:00",OAKEY1SF,0.0380
D,DISPATCH,UNIT_SCADA,1,"2019/08/20 19:00:00",OAKEY2,0
D,DISPATCH,UNIT_SCADA,1,"2019/08/20 19:00:00",OAKLAND1,57
D,DISPATCH,UNIT_SCADA,1,"2019/08/20 19:00:00",OSB-AG,183.740010
D,DISPATCH,UNIT_SCADA,1,"2019/08/20 19:00:00",PARSF1,0
D,DISPATCH,UNIT_SCADA,1,"2019/08/20 19:00:00",POAT110,1.3856
D,DISPATCH,UNIT_SCADA,1,"2019/08/20 19:00:00",POAT220,140.7180
D,DISPATCH,UNIT_SCADA,1,"2019/08/20 19:00:00",POR01,0
D,DISPATCH,UNIT_SCADA,1,"2019/08/20 19:00:00",POR03,0
D,DISPATCH,UNIT_SCADA,1,"2019/08/20 19:00:00",PPCCGT,495.682460
D,DISPATCH,UNIT_SCADA,1,"2019/08/20 19:00:00",PTSTAN1,0
D,DISPATCH,UNIT_SCADA,1,"2019/08/20 19:00:00",PUMP1,0
D,DISPATCH,UNIT_SCADA,1,"2019/08/20 19:00:00",PUMP2,0
D,DISPATCH,UNIT_SCADA,1,"2019/08/20 19:00:00",QPS1,29
D,DISPATCH,UNIT_SCADA,1,"2019/08/20 19:00:00",QPS2,0
D,DISPATCH,UNIT_SCADA,1,"2019/08/20 19:00:00",QPS3,0
D,DISPATCH,UNIT_SCADA,1,"2019/08/20 19:00:00",QPS4,0
D,DISPATCH,UNIT_SCADA,1,"2019/08/20 19:00:00",QPS5,0
D,DISPATCH,UNIT_SCADA,1,"2019/08/20 19:00:00",REECE1,116.610010
D,DISPATCH,UNIT_SCADA,1,"2019/08/20 19:00:00",REECE2,116.080010
D,DISPATCH,UNIT_SCADA,1,"2019/08/20 19:00:00",ROMA_7,0
D,DISPATCH,UNIT_SCADA,1,"2019/08/20 19:00:00",ROMA_8,0
D,DISPATCH,UNIT_SCADA,1,"2019/08/20 19:00:00",RRSF1,0
D,DISPATCH,UNIT_SCADA,1,"2019/08/20 19:00:00",RT_NSW1,0
D,DISPATCH,UNIT_SCADA,1,"2019/08/20 19:00:00",RT_NSW2,0
D,DISPATCH,UNIT_SCADA,1,"2019/08/20 19:00:00",RT_NSW3,0
D,DISPATCH,UNIT_SCADA,1,"2019/08/20 19:00:00",RT_NSW4,0
D,DISPATCH,UNIT_SCADA,1,"2019/08/20 19:00:00",RT_NSW5,0
D,DISPATCH,UNIT_SCADA,1,"2019/08/20 19:00:00",RT_NSW6,0
D,DISPATCH,UNIT_SCADA,1,"2019/08/20 19:00:00",RT_QLD1,0
D,DISPATCH,UNIT_SCADA,1,"2019/08/20 19:00:00",RT_SA1,0
D,DISPATCH,UNIT_SCADA,1,"2019/08/20 19:00:00",RT_SA2,0
D,DISPATCH,UNIT_SCADA,1,"2019/08/20 19:00:00",RT_SA3,0
D,DISPATCH,UNIT_SCADA,1,"2019/08/20 19:00:00",RT_SA4,0
D,DISPATCH,UNIT_SCADA,1,"2019/08/20 19:00:00",RT_SA5,0
D,DISPATCH,UNIT_SCADA,1,"2019/08/20 19:00:00",RT_SA6,0
D,DISPATCH,UNIT_SCADA,1,"2019/08/20 19:00:00",RT_TAS1,0
D,DISPATCH,UNIT_SCADA,1,"2019/08/20 19:00:00",RT_VIC1,0
D,DISPATCH,UNIT_SCADA,1,"2019/08/20 19:00:00",RT_VIC10,0
D,DISPATCH,UNIT_SCADA,1,"2019/08/20 19:00:00",RT_VIC11,0
D,DISPATCH,UNIT_SCADA,1,"2019/08/20 19:00:00",RT_VIC12,0
D,DISPATCH,UNIT_SCADA,1,"2019/08/20 19:00:00",RT_VIC2,0
D,DISPATCH,UNIT_SCADA,1,"2019/08/20 19:00:00",RT_VIC3,0
D,DISPATCH,UNIT_SCADA,1,"2019/08/20 19:00:00",RT_VIC4,0
D,DISPATCH,UNIT_SCADA,1,"2019/08/20 19:00:00",RT_VIC5,0
D,DISPATCH,UNIT_SCADA,1,"2019/08/20 19:00:00",RT_VIC6,0
D,DISPATCH,UNIT_SCADA,1,"2019/08/20 19:00:00",RT_VIC7,0
D,DISPATCH,UNIT_SCADA,1,"2019/08/20 19:00:00",RT_VIC8,0
D,DISPATCH,UNIT_SCADA,1,"2019/08/20 19:00:00",RT_VIC9,0
D,DISPATCH,UNIT_SCADA,1,"2019/08/20 19:00:00",RUGBYR1,0
D,DISPATCH,UNIT_SCADA,1,"2019/08/20 19:00:00",SALTCRK1,50.12
D,DISPATCH,UNIT_SCADA,1,"2019/08/20 19:00:00",SAPHWF1,128.681270
D,DISPATCH,UNIT_SCADA,1,"2019/08/20 19:00:00",SHGEN,197.451020
D,DISPATCH,UNIT_SCADA,1,"2019/08/20 19:00:00",SHPUMP,0
D,DISPATCH,UNIT_SCADA,1,"2019/08/20 19:00:00",SITHE01,0.083520
D,DISPATCH,UNIT_SCADA,1,"2019/08/20 19:00:00",SMCSF1,0
D,DISPATCH,UNIT_SCADA,1,"2019/08/20 19:00:00",SNOWNTH1,108.50
D,DISPATCH,UNIT_SCADA,1,"2019/08/20 19:00:00",SNOWSTH1,112.50
D,DISPATCH,UNIT_SCADA,1,"2019/08/20 19:00:00",SNOWTWN1,85.714490
D,DISPATCH,UNIT_SCADA,1,"2019/08/20 19:00:00",SNOWYP,0
D,DISPATCH,UNIT_SCADA,1,"2019/08/20 19:00:00",SNUG1,0.019440
D,DISPATCH,UNIT_SCADA,1,"2019/08/20 19:00:00",SRSF1,0.07
D,DISPATCH,UNIT_SCADA,1,"2019/08/20 19:00:00",STAN-1,0
D,DISPATCH,UNIT_SCADA,1,"2019/08/20 19:00:00",STAN-2,345.619170
D,DISPATCH,UNIT_SCADA,1,"2019/08/20 19:00:00",STAN-3,351.348720
D,DISPATCH,UNIT_SCADA,1,"2019/08/20 19:00:00",STAN-4,366.409640
D,DISPATCH,UNIT_SCADA,1,"2019/08/20 19:00:00",STWF1,37.811250
D,DISPATCH,UNIT_SCADA,1,"2019/08/20 19:00:00",SWAN_E,0
D,DISPATCH,UNIT_SCADA,1,"2019/08/20 19:00:00",TALWA1,421
D,DISPATCH,UNIT_SCADA,1,"2019/08/20 19:00:00",TARALGA1,105.003720
D,DISPATCH,UNIT_SCADA,1,"2019/08/20 19:00:00",TARONG#1,349.700010
D,DISPATCH,UNIT_SCADA,1,"2019/08/20 19:00:00",TARONG#2,348.899990
D,DISPATCH,UNIT_SCADA,1,"2019/08/20 19:00:00",TARONG#3,259.800020
D,DISPATCH,UNIT_SCADA,1,"2019/08/20 19:00:00",TARONG#4,349.50
D,DISPATCH,UNIT_SCADA,1,"2019/08/20 19:00:00",TARRALEA,85.20
D,DISPATCH,UNIT_SCADA,1,"2019/08/20 19:00:00",TBSF1,-0.20
D,DISPATCH,UNIT_SCADA,1,"2019/08/20 19:00:00",TNPS1,441.700010
D,DISPATCH,UNIT_SCADA,1,"2019/08/20 19:00:00",TORRA1,71.444830
D,DISPATCH,UNIT_SCADA,1,"2019/08/20 19:00:00",TORRA2,0
D,DISPATCH,UNIT_SCADA,1,"2019/08/20 19:00:00",TORRA3,0
D,DISPATCH,UNIT_SCADA,1,"2019/08/20 19:00:00",TORRA4,0
D,DISPATCH,UNIT_SCADA,1,"2019/08/20 19:00:00",TORRB1,91.61
D,DISPATCH,UNIT_SCADA,1,"2019/08/20 19:00:00",TORRB2,157.56
D,DISPATCH,UNIT_SCADA,1,"2019/08/20 19:00:00",TORRB3,0
D,DISPATCH,UNIT_SCADA,1,"2019/08/20 19:00:00",TORRB4,0
D,DISPATCH,UNIT_SCADA,1,"2019/08/20 19:00:00",TREVALLN,68.970020
D,DISPATCH,UNIT_SCADA,1,"2019/08/20 19:00:00",TRIBUTE,70.73
D,DISPATCH,UNIT_SCADA,1,"2019/08/20 19:00:00",TUMUT3,893.579960
D,DISPATCH,UNIT_SCADA,1,"2019/08/20 19:00:00",TUNGATIN,130.260030
D,DISPATCH,UNIT_SCADA,1,"2019/08/20 19:00:00",TVCC201,0
D,DISPATCH,UNIT_SCADA,1,"2019/08/20 19:00:00",TVPP104,0
D,DISPATCH,UNIT_SCADA,1,"2019/08/20 19:00:00",UPPTUMUT,0
D,DISPATCH,UNIT_SCADA,1,"2019/08/20 19:00:00",URANQ11,0
D,DISPATCH,UNIT_SCADA,1,"2019/08/20 19:00:00",URANQ12,0
D,DISPATCH,UNIT_SCADA,1,"2019/08/20 19:00:00",URANQ13,0
D,DISPATCH,UNIT_SCADA,1,"2019/08/20 19:00:00",URANQ14,0
D,DISPATCH,UNIT_SCADA,1,"2019/08/20 19:00:00",VP5,633.075010
D,DISPATCH,UNIT_SCADA,1,"2019/08/20 19:00:00",VP6,552.450010
D,DISPATCH,UNIT_SCADA,1,"2019/08/20 19:00:00",VPGS1,0
D,DISPATCH,UNIT_SCADA,1,"2019/08/20 19:00:00",VPGS2,0
D,DISPATCH,UNIT_SCADA,1,"2019/08/20 19:00:00",VPGS3,0
D,DISPATCH,UNIT_SCADA,1,"2019/08/20 19:00:00",VPGS4,0
D,DISPATCH,UNIT_SCADA,1,"2019/08/20 19:00:00",VPGS5,0
D,DISPATCH,UNIT_SCADA,1,"2019/08/20 19:00:00",VPGS6,0
D,DISPATCH,UNIT_SCADA,1,"2019/08/20 19:00:00",W/HOE#1,286.040010
D,DISPATCH,UNIT_SCADA,1,"2019/08/20 19:00:00",W/HOE#2,0
D,DISPATCH,UNIT_SCADA,1,"2019/08/20 19:00:00",WATERLWF,122.70
D,DISPATCH,UNIT_SCADA,1,"2019/08/20 19:00:00",WEMENSF1,0
D,DISPATCH,UNIT_SCADA,1,"2019/08/20 19:00:00",WGWF1,81.20
D,DISPATCH,UNIT_SCADA,1,"2019/08/20 19:00:00",WHITSF1,0
D,DISPATCH,UNIT_SCADA,1,"2019/08/20 19:00:00",WKIEWA1,0
D,DISPATCH,UNIT_SCADA,1,"2019/08/20 19:00:00",WKIEWA2,0.10
D,DISPATCH,UNIT_SCADA,1,"2019/08/20 19:00:00",WOODLWN1,45.027010
D,DISPATCH,UNIT_SCADA,1,"2019/08/20 19:00:00",WRSF1,0
D,DISPATCH,UNIT_SCADA,1,"2019/08/20 19:00:00",WRWF1,122.230010
D,DISPATCH,UNIT_SCADA,1,"2019/08/20 19:00:00",YABULU,0
D,DISPATCH,UNIT_SCADA,1,"2019/08/20 19:00:00",YABULU2,0
D,DISPATCH,UNIT_SCADA,1,"2019/08/20 19:00:00",YARWUN_1,0
D,DISPATCH,UNIT_SCADA,1,"2019/08/20 19:00:00",YENDWF1,41.97
D,DISPATCH,UNIT_SCADA,1,"2019/08/20 19:00:00",YWPS1,376.941770
D,DISPATCH,UNIT_SCADA,1,"2019/08/20 19:00:00",YWPS2,279.6962
D,DISPATCH,UNIT_SCADA,1,"2019/08/20 19:00:00",YWPS3,0
D,DISPATCH,UNIT_SCADA,1,"2019/08/20 19:00:00",YWPS4,396.931640
C,"END OF REPORT",334
