C,NEMP.WORLD,DISPATCHSCADA,AEMO,PUBLIC,2019/08/22,18:40:08,0000000311878079,DISPATCHSCADA,0000000311878073
I,DISPATCH,UNIT_SCADA,1,SETTLEMENTDATE,DUID,SCADAVALUE
D,DISPATCH,UNIT_SCADA,1,"2019/08/22 18:45:00",BARCSF1,0.40
D,DISPATCH,UNIT_SCADA,1,"2019/08/22 18:45:00",BUTLERSG,9.699999
D,DISPATCH,UNIT_SCADA,1,"2019/08/22 18:45:00",CALL_A_4,0
D,DISPATCH,UNIT_SCADA,1,"2019/08/22 18:45:00",CAPTL_WF,65.080002
D,DISPATCH,UNIT_SCADA,1,"2019/08/22 18:45:00",CATHROCK,0
D,DISPATCH,UNIT_SCADA,1,"2019/08/22 18:45:00",CHALLHWF,5.70
D,DISPATCH,UNIT_SCADA,1,"2019/08/22 18:45:00",CLOVER,-0.01
D,DISPATCH,UNIT_SCADA,1,"2019/08/22 18:45:00",CLUNY,20.231174
D,DISPATCH,UNIT_SCADA,1,"2019/08/22 18:45:00",CNUNDAWF,1.701985
D,DISPATCH,UNIT_SCADA,1,"2019/08/22 18:45:00",CULLRGWF,1.86
D,DISPATCH,UNIT_SCADA,1,"2019/08/22 18:45:00",ERGT01,0
D,DISPATCH,UNIT_SCADA,1,"2019/08/22 18:45:00",GB01,0.070213
D,DISPATCH,UNIT_SCADA,1,"2019/08/22 18:45:00",GERMCRK,35.299999
D,DISPATCH,UNIT_SCADA,1,"2019/08/22 18:45:00",GRIFSF1,0
D,DISPATCH,UNIT_SCADA,1,"2019/08/22 18:45:00",HUGSF1,-0.1010
D,DISPATCH,UNIT_SCADA,1,"2019/08/22 18:45:00",LKBONNY1,3.125828
D,DISPATCH,UNIT_SCADA,1,"2019/08/22 18:45:00",LRSF1,-0.0180
D,DISPATCH,UNIT_SCADA,1,"2019/08/22 18:45:00",MBAHNTH,46.462494
D,DISPATCH,UNIT_SCADA,1,"2019/08/22 18:45:00",MLSP1,0.180001
D,DISPATCH,UNIT_SCADA,1,"2019/08/22 18:45:00",MLWF1,0.69
D,DISPATCH,UNIT_SCADA,1,"2019/08/22 18:45:00",MTMILLAR,3.757862
D,DISPATCH,UNIT_SCADA,1,"2019/08/22 18:45:00",PALOONA,28.689999
D,DISPATCH,UNIT_SCADA,1,"2019/08/22 18:45:00",PIONEER,43.900002
D,DISPATCH,UNIT_SCADA,1,"2019/08/22 18:45:00",PORTWF,0.90
D,DISPATCH,UNIT_SCADA,1,"2019/08/22 18:45:00",REPULSE,29.196613
D,DISPATCH,UNIT_SCADA,1,"2019/08/22 18:45:00",ROWALLAN,10.3944
D,DISPATCH,UNIT_SCADA,1,"2019/08/22 18:45:00",ROYALLA1,0
D,DISPATCH,UNIT_SCADA,1,"2019/08/22 18:45:00",RPCG,12.40
D,DISPATCH,UNIT_SCADA,1,"2019/08/22 18:45:00",RUBICON,0
D,DISPATCH,UNIT_SCADA,1,"2019/08/22 18:45:00",SATGN1,0
D,DISPATCH,UNIT_SCADA,1,"2019/08/22 18:45:00",SATGS1,0
D,DISPATCH,UNIT_SCADA,1,"2019/08/22 18:45:00",STARHLWF,0
D,DISPATCH,UNIT_SCADA,1,"2019/08/22 18:45:00",WAUBRAWF,74.003998
D,DISPATCH,UNIT_SCADA,1,"2019/08/22 18:45:00",WOOLNTH1,61.470016
D,DISPATCH,UNIT_SCADA,1,"2019/08/22 18:45:00",WPWF,0
D,DISPATCH,UNIT_SCADA,1,"2019/08/22 18:45:00",YAMBUKWF,0.10
D,DISPATCH,UNIT_SCADA,1,"2019/08/22 18:45:00",YSWF1,4.10
D,DISPATCH,UNIT_SCADA,1,"2019/08/22 18:45:00",AGLHAL,52.6368
D,DISPATCH,UNIT_SCADA,1,"2019/08/22 18:45:00",AGLSOM,81.20
D,DISPATCH,UNIT_SCADA,1,"2019/08/22 18:45:00",ANGAST1,0
D,DISPATCH,UNIT_SCADA,1,"2019/08/22 18:45:00",ARWF1,42.30
D,DISPATCH,UNIT_SCADA,1,"2019/08/22 18:45:00",BALBG1,24.69
D,DISPATCH,UNIT_SCADA,1,"2019/08/22 18:45:00",BALBL1,0
D,DISPATCH,UNIT_SCADA,1,"2019/08/22 18:45:00",BALDHWF1,68.001010
D,DISPATCH,UNIT_SCADA,1,"2019/08/22 18:45:00",BANN1,0
D,DISPATCH,UNIT_SCADA,1,"2019/08/22 18:45:00",BARCALDN,0
D,DISPATCH,UNIT_SCADA,1,"2019/08/22 18:45:00",BARRON-1,0
D,DISPATCH,UNIT_SCADA,1,"2019/08/22 18:45:00",BARRON-2,29.40
D,DISPATCH,UNIT_SCADA,1,"2019/08/22 18:45:00",BASTYAN,77.48
D,DISPATCH,UNIT_SCADA,1,"2019/08/22 18:45:00",BBTHREE1,-1.88
D,DISPATCH,UNIT_SCADA,1,"2019/08/22 18:45:00",BBTHREE2,-1.90
D,DISPATCH,UNIT_SCADA,1,"2019/08/22 18:45:00",BBTHREE3,0
D,DISPATCH,UNIT_SCADA,1,"2019/08/22 18:45:00",BDL01,44.94
D,DISPATCH,UNIT_SCADA,1,"2019/08/22 18:45:00",BDL02,44.58
D,DISPATCH,UNIT_SCADA,1,"2019/08/22 18:45:00",BERYLSF1,-0.179440
D,DISPATCH,UNIT_SCADA,1,"2019/08/22 18:45:00",BLOWERNG,0
D,DISPATCH,UNIT_SCADA,1,"2019/08/22 18:45:00",BLUFF1,1.90
D,DISPATCH,UNIT_SCADA,1,"2019/08/22 18:45:00",BNGSF1,0
D,DISPATCH,UNIT_SCADA,1,"2019/08/22 18:45:00",BNGSF2,0
D,DISPATCH,UNIT_SCADA,1,"2019/08/22 18:45:00",BOCORWF1,74.70
D,DISPATCH,UNIT_SCADA,1,"2019/08/22 18:45:00",BODWF1,80.020950
D,DISPATCH,UNIT_SCADA,1,"2019/08/22 18:45:00",BRAEMAR1,153
D,DISPATCH,UNIT_SCADA,1,"2019/08/22 18:45:00",BRAEMAR2,172.600010
D,DISPATCH,UNIT_SCADA,1,"2019/08/22 18:45:00",BRAEMAR3,167.400010
D,DISPATCH,UNIT_SCADA,1,"2019/08/22 18:45:00",BRAEMAR5,0
D,DISPATCH,UNIT_SCADA,1,"2019/08/22 18:45:00",BRAEMAR6,160.159120
D,DISPATCH,UNIT_SCADA,1,"2019/08/22 18:45:00",BRAEMAR7,164.9227
D,DISPATCH,UNIT_SCADA,1,"2019/08/22 18:45:00",BROKENH1,0
D,DISPATCH,UNIT_SCADA,1,"2019/08/22 18:45:00",BW01,651.1250
D,DISPATCH,UNIT_SCADA,1,"2019/08/22 18:45:00",BW02,646.724980
D,DISPATCH,UNIT_SCADA,1,"2019/08/22 18:45:00",BW03,661.5249
D,DISPATCH,UNIT_SCADA,1,"2019/08/22 18:45:00",BW04,0
D,DISPATCH,UNIT_SCADA,1,"2019/08/22 18:45:00",CALL_B_1,115.80
D,DISPATCH,UNIT_SCADA,1,"2019/08/22 18:45:00",CALL_B_2,349.700010
D,DISPATCH,UNIT_SCADA,1,"2019/08/22 18:45:00",CETHANA,98.6635
D,DISPATCH,UNIT_SCADA,1,"2019/08/22 18:45:00",CG1,0
D,DISPATCH,UNIT_SCADA,1,"2019/08/22 18:45:00",CG2,0
D,DISPATCH,UNIT_SCADA,1,"2019/08/22 18:45:00",CG3,0
D,DISPATCH,UNIT_SCADA,1,"2019/08/22 18:45:00",CG4,0
D,DISPATCH,UNIT_SCADA,1,"2019/08/22 18:45:00",CHILDSF1,0
D,DISPATCH,UNIT_SCADA,1,"2019/08/22 18:45:00",CLARESF1,0
D,DISPATCH,UNIT_SCADA,1,"2019/08/22 18:45:00",CLEMGPWF,-0.216110
D,DISPATCH,UNIT_SCADA,1,"2019/08/22 18:45:00",CLERMSF1,0
D,DISPATCH,UNIT_SCADA,1,"2019/08/22 18:45:00",COLEASF1,0
D,DISPATCH,UNIT_SCADA,1,"2019/08/22 18:45:00",COOPGWF1,35.695080
D,DISPATCH,UNIT_SCADA,1,"2019/08/22 18:45:00",CPP_3,407.550020
D,DISPATCH,UNIT_SCADA,1,"2019/08/22 18:45:00",CPP_4,407
D,DISPATCH,UNIT_SCADA,1,"2019/08/22 18:45:00",CPSA,142.195010
D,DISPATCH,UNIT_SCADA,1,"2019/08/22 18:45:00",CROOKWF2,34.583750
D,DISPATCH,UNIT_SCADA,1,"2019/08/22 18:45:00",CROWLWF1,13.673470
D,DISPATCH,UNIT_SCADA,1,"2019/08/22 18:45:00",CSPVPS1,0
D,DISPATCH,UNIT_SCADA,1,"2019/08/22 18:45:00",DALNTH01,5.970860
D,DISPATCH,UNIT_SCADA,1,"2019/08/22 18:45:00",DALNTHL1,0
D,DISPATCH,UNIT_SCADA,1,"2019/08/22 18:45:00",DARTM1,134.20
D,DISPATCH,UNIT_SCADA,1,"2019/08/22 18:45:00",DAYDSF1,0
D,DISPATCH,UNIT_SCADA,1,"2019/08/22 18:45:00",DDPS1,623.590880
D,DISPATCH,UNIT_SCADA,1,"2019/08/22 18:45:00",DDSF1,0
D,DISPATCH,UNIT_SCADA,1,"2019/08/22 18:45:00",DEVILS_G,0
D,DISPATCH,UNIT_SCADA,1,"2019/08/22 18:45:00",DG_NSW1,0
D,DISPATCH,UNIT_SCADA,1,"2019/08/22 18:45:00",DG_QLD1,0
D,DISPATCH,UNIT_SCADA,1,"2019/08/22 18:45:00",DG_SA1,0
D,DISPATCH,UNIT_SCADA,1,"2019/08/22 18:45:00",DG_TAS1,0
D,DISPATCH,UNIT_SCADA,1,"2019/08/22 18:45:00",DG_VIC1,0
D,DISPATCH,UNIT_SCADA,1,"2019/08/22 18:45:00",DRYCGT1,0
D,DISPATCH,UNIT_SCADA,1,"2019/08/22 18:45:00",DRYCGT2,0
D,DISPATCH,UNIT_SCADA,1,"2019/08/22 18:45:00",DRYCGT3,0
D,DISPATCH,UNIT_SCADA,1,"2019/08/22 18:45:00",EILDON1,0
D,DISPATCH,UNIT_SCADA,1,"2019/08/22 18:45:00",EILDON2,37.44
D,DISPATCH,UNIT_SCADA,1,"2019/08/22 18:45:00",EMERASF1,0
D,DISPATCH,UNIT_SCADA,1,"2019/08/22 18:45:00",ER01,594.474980
D,DISPATCH,UNIT_SCADA,1,"2019/08/22 18:45:00",ER02,693.949950
D,DISPATCH,UNIT_SCADA,1,"2019/08/22 18:45:00",ER03,699.25
D,DISPATCH,UNIT_SCADA,1,"2019/08/22 18:45:00",ER04,694.1250
D,DISPATCH,UNIT_SCADA,1,"2019/08/22 18:45:00",FINLYSF1,0
D,DISPATCH,UNIT_SCADA,1,"2019/08/22 18:45:00",FISHER,45.90
D,DISPATCH,UNIT_SCADA,1,"2019/08/22 18:45:00",GANNBG1,23.880660
D,DISPATCH,UNIT_SCADA,1,"2019/08/22 18:45:00",GANNBL1,0
D,DISPATCH,UNIT_SCADA,1,"2019/08/22 18:45:00",GANNSF1,0
D,DISPATCH,UNIT_SCADA,1,"2019/08/22 18:45:00",GORDON,166.052310
D,DISPATCH,UNIT_SCADA,1,"2019/08/22 18:45:00",GSTONE1,253.5750
D,DISPATCH,UNIT_SCADA,1,"2019/08/22 18:45:00",GSTONE2,230.1250
D,DISPATCH,UNIT_SCADA,1,"2019/08/22 18:45:00",GSTONE3,246.224990
D,DISPATCH,UNIT_SCADA,1,"2019/08/22 18:45:00",GSTONE4,259.699980
D,DISPATCH,UNIT_SCADA,1,"2019/08/22 18:45:00",GSTONE5,252.349990
D,DISPATCH,UNIT_SCADA,1,"2019/08/22 18:45:00",GSTONE6,0
D,DISPATCH,UNIT_SCADA,1,"2019/08/22 18:45:00",GULLRSF1,0
D,DISPATCH,UNIT_SCADA,1,"2019/08/22 18:45:00",GULLRWF1,19.301760
D,DISPATCH,UNIT_SCADA,1,"2019/08/22 18:45:00",GUNNING1,3.778840
D,DISPATCH,UNIT_SCADA,1,"2019/08/22 18:45:00",GUTHEGA,31
D,DISPATCH,UNIT_SCADA,1,"2019/08/22 18:45:00",HALLWF1,0.45
D,DISPATCH,UNIT_SCADA,1,"2019/08/22 18:45:00",HALLWF2,-0.40
D,DISPATCH,UNIT_SCADA,1,"2019/08/22 18:45:00",HAMISF1,0
D,DISPATCH,UNIT_SCADA,1,"2019/08/22 18:45:00",HAUGHT11,0
D,DISPATCH,UNIT_SCADA,1,"2019/08/22 18:45:00",HAYMSF1,0
D,DISPATCH,UNIT_SCADA,1,"2019/08/22 18:45:00",HDWF1,6.60
D,DISPATCH,UNIT_SCADA,1,"2019/08/22 18:45:00",HDWF2,6
D,DISPATCH,UNIT_SCADA,1,"2019/08/22 18:45:00",HDWF3,6.40
D,DISPATCH,UNIT_SCADA,1,"2019/08/22 18:45:00",HPRG1,26.80
D,DISPATCH,UNIT_SCADA,1,"2019/08/22 18:45:00",HPRL1,0
D,DISPATCH,UNIT_SCADA,1,"2019/08/22 18:45:00",HUMENSW,0
D,DISPATCH,UNIT_SCADA,1,"2019/08/22 18:45:00",HUMEV,9.90
D,DISPATCH,UNIT_SCADA,1,"2019/08/22 18:45:00",HVGTS,0
D,DISPATCH,UNIT_SCADA,1,"2019/08/22 18:45:00",JBUTTERS,143.84
D,DISPATCH,UNIT_SCADA,1,"2019/08/22 18:45:00",JLA01,53.90
D,DISPATCH,UNIT_SCADA,1,"2019/08/22 18:45:00",JLA02,54.20
D,DISPATCH,UNIT_SCADA,1,"2019/08/22 18:45:00",JLA03,0.10
D,DISPATCH,UNIT_SCADA,1,"2019/08/22 18:45:00",JLA04,0.10
D,DISPATCH,UNIT_SCADA,1,"2019/08/22 18:45:00",JLB01,0
D,DISPATCH,UNIT_SCADA,1,"2019/08/22 18:45:00",JLB02,84
D,DISPATCH,UNIT_SCADA,1,"2019/08/22 18:45:00",JLB03,83.60
D,DISPATCH,UNIT_SCADA,1,"2019/08/22 18:45:00",KAREEYA1,21.5675
D,DISPATCH,UNIT_SCADA,1,"2019/08/22 18:45:00",KAREEYA2,21.9050
D,DISPATCH,UNIT_SCADA,1,"2019/08/22 18:45:00",KAREEYA3,0
D,DISPATCH,UNIT_SCADA,1,"2019/08/22 18:45:00",KAREEYA4,21.6925
D,DISPATCH,UNIT_SCADA,1,"2019/08/22 18:45:00",KARSF1,0
D,DISPATCH,UNIT_SCADA,1,"2019/08/22 18:45:00",KIATAWF1,9
D,DISPATCH,UNIT_SCADA,1,"2019/08/22 18:45:00",KPP_1,0
D,DISPATCH,UNIT_SCADA,1,"2019/08/22 18:45:00",KSP1,0
D,DISPATCH,UNIT_SCADA,1,"2019/08/22 18:45:00",LADBROK1,42.63
D,DISPATCH,UNIT_SCADA,1,"2019/08/22 18:45:00",LADBROK2,43.30
D,DISPATCH,UNIT_SCADA,1,"2019/08/22 18:45:00",LD01,415.837550
D,DISPATCH,UNIT_SCADA,1,"2019/08/22 18:45:00",LD02,420.525050
D,DISPATCH,UNIT_SCADA,1,"2019/08/22 18:45:00",LD03,415.3125
D,DISPATCH,UNIT_SCADA,1,"2019/08/22 18:45:00",LD04,376.0687
D,DISPATCH,UNIT_SCADA,1,"2019/08/22 18:45:00",LEM_WIL,86.137340
D,DISPATCH,UNIT_SCADA,1,"2019/08/22 18:45:00",LGAPWF1,11.08
D,DISPATCH,UNIT_SCADA,1,"2019/08/22 18:45:00",LILYSF1,0
D,DISPATCH,UNIT_SCADA,1,"2019/08/22 18:45:00",LI_WY_CA,149.480790
D,DISPATCH,UNIT_SCADA,1,"2019/08/22 18:45:00",LKBONNY2,8.182950
D,DISPATCH,UNIT_SCADA,1,"2019/08/22 18:45:00",LKBONNY3,1.395550
D,DISPATCH,UNIT_SCADA,1,"2019/08/22 18:45:00",LK_ECHO,0
D,DISPATCH,UNIT_SCADA,1,"2019/08/22 18:45:00",LNGS1,0
D,DISPATCH,UNIT_SCADA,1,"2019/08/22 18:45:00",LNGS2,0
D,DISPATCH,UNIT_SCADA,1,"2019/08/22 18:45:00",LONSDALE,0
D,DISPATCH,UNIT_SCADA,1,"2019/08/22 18:45:00",LOYYB1,538.720280
D,DISPATCH,UNIT_SCADA,1,"2019/08/22 18:45:00",LOYYB2,585.337950
D,DISPATCH,UNIT_SCADA,1,"2019/08/22 18:45:00",LYA1,560
D,DISPATCH,UNIT_SCADA,1,"2019/08/22 18:45:00",LYA2,0
D,DISPATCH,UNIT_SCADA,1,"2019/08/22 18:45:00",LYA3,560
D,DISPATCH,UNIT_SCADA,1,"2019/08/22 18:45:00",LYA4,540
D,DISPATCH,UNIT_SCADA,1,"2019/08/22 18:45:00",MACARTH1,0
D,DISPATCH,UNIT_SCADA,1,"2019/08/22 18:45:00",MACKAYGT,0
D,DISPATCH,UNIT_SCADA,1,"2019/08/22 18:45:00",MACKNTSH,86.44
D,DISPATCH,UNIT_SCADA,1,"2019/08/22 18:45:00",MANSLR1,0
D,DISPATCH,UNIT_SCADA,1,"2019/08/22 18:45:00",MCKAY1,232.84
D,DISPATCH,UNIT_SCADA,1,"2019/08/22 18:45:00",MEADOWBK,33.953040
D,DISPATCH,UNIT_SCADA,1,"2019/08/22 18:45:00",MERCER01,6.6150
D,DISPATCH,UNIT_SCADA,1,"2019/08/22 18:45:00",MEWF1,10.166780
D,DISPATCH,UNIT_SCADA,1,"2019/08/22 18:45:00",MINTARO,0
D,DISPATCH,UNIT_SCADA,1,"2019/08/22 18:45:00",MOREESF1,0
D,DISPATCH,UNIT_SCADA,1,"2019/08/22 18:45:00",MORTLK11,259
D,DISPATCH,UNIT_SCADA,1,"2019/08/22 18:45:00",MORTLK12,0
D,DISPATCH,UNIT_SCADA,1,"2019/08/22 18:45:00",MP1,291.425050
D,DISPATCH,UNIT_SCADA,1,"2019/08/22 18:45:00",MP2,0
D,DISPATCH,UNIT_SCADA,1,"2019/08/22 18:45:00",MPP_1,410.50
D,DISPATCH,UNIT_SCADA,1,"2019/08/22 18:45:00",MPP_2,435.25
D,DISPATCH,UNIT_SCADA,1,"2019/08/22 18:45:00",MSTUART1,0
D,DISPATCH,UNIT_SCADA,1,"2019/08/22 18:45:00",MSTUART2,0
D,DISPATCH,UNIT_SCADA,1,"2019/08/22 18:45:00",MSTUART3,0
D,DISPATCH,UNIT_SCADA,1,"2019/08/22 18:45:00",MTGELWF1,10.385450
D,DISPATCH,UNIT_SCADA,1,"2019/08/22 18:45:00",MURRAY,687.271910
D,DISPATCH,UNIT_SCADA,1,"2019/08/22 18:45:00",MUSSELR1,34.20
D,DISPATCH,UNIT_SCADA,1,"2019/08/22 18:45:00",MUWAWF1,4.01
D,DISPATCH,UNIT_SCADA,1,"2019/08/22 18:45:00",NBHWF1,0.10
D,DISPATCH,UNIT_SCADA,1,"2019/08/22 18:45:00",NPS,511.8750
D,DISPATCH,UNIT_SCADA,1,"2019/08/22 18:45:00",NUMURSF1,0
D,DISPATCH,UNIT_SCADA,1,"2019/08/22 18:45:00",NYNGAN1,0
D,DISPATCH,UNIT_SCADA,1,"2019/08/22 18:45:00",OAKEY1,0
D,DISPATCH,UNIT_SCADA,1,"2019/08/22 18:45:00",OAKEY1SF,0.02
D,DISPATCH,UNIT_SCADA,1,"2019/08/22 18:45:00",OAKEY2,0
D,DISPATCH,UNIT_SCADA,1,"2019/08/22 18:45:00",OAKLAND1,5
D,DISPATCH,UNIT_SCADA,1,"2019/08/22 18:45:00",OSB-AG,182.679990
D,DISPATCH,UNIT_SCADA,1,"2019/08/22 18:45:00",PARSF1,0
D,DISPATCH,UNIT_SCADA,1,"2019/08/22 18:45:00",POAT110,84.222960
D,DISPATCH,UNIT_SCADA,1,"2019/08/22 18:45:00",POAT220,141.001210
D,DISPATCH,UNIT_SCADA,1,"2019/08/22 18:45:00",POR01,0
D,DISPATCH,UNIT_SCADA,1,"2019/08/22 18:45:00",POR03,0
D,DISPATCH,UNIT_SCADA,1,"2019/08/22 18:45:00",PPCCGT,492.998050
D,DISPATCH,UNIT_SCADA,1,"2019/08/22 18:45:00",PTSTAN1,0
D,DISPATCH,UNIT_SCADA,1,"2019/08/22 18:45:00",PUMP1,0
D,DISPATCH,UNIT_SCADA,1,"2019/08/22 18:45:00",PUMP2,0
D,DISPATCH,UNIT_SCADA,1,"2019/08/22 18:45:00",QPS1,29.10
D,DISPATCH,UNIT_SCADA,1,"2019/08/22 18:45:00",QPS2,0
D,DISPATCH,UNIT_SCADA,1,"2019/08/22 18:45:00",QPS3,0
D,DISPATCH,UNIT_SCADA,1,"2019/08/22 18:45:00",QPS4,0
D,DISPATCH,UNIT_SCADA,1,"2019/08/22 18:45:00",QPS5,124.85
D,DISPATCH,UNIT_SCADA,1,"2019/08/22 18:45:00",REECE1,118.930010
D,DISPATCH,UNIT_SCADA,1,"2019/08/22 18:45:00",REECE2,119.440010
D,DISPATCH,UNIT_SCADA,1,"2019/08/22 18:45:00",ROMA_7,0
D,DISPATCH,UNIT_SCADA,1,"2019/08/22 18:45:00",ROMA_8,0
D,DISPATCH,UNIT_SCADA,1,"2019/08/22 18:45:00",RRSF1,0
D,DISPATCH,UNIT_SCADA,1,"2019/08/22 18:45:00",RT_NSW1,0
D,DISPATCH,UNIT_SCADA,1,"2019/08/22 18:45:00",RT_NSW2,0
D,DISPATCH,UNIT_SCADA,1,"2019/08/22 18:45:00",RT_NSW3,0
D,DISPATCH,UNIT_SCADA,1,"2019/08/22 18:45:00",RT_NSW4,0
D,DISPATCH,UNIT_SCADA,1,"2019/08/22 18:45:00",RT_NSW5,0
D,DISPATCH,UNIT_SCADA,1,"2019/08/22 18:45:00",RT_NSW6,0
D,DISPATCH,UNIT_SCADA,1,"2019/08/22 18:45:00",RT_QLD1,0
D,DISPATCH,UNIT_SCADA,1,"2019/08/22 18:45:00",RT_SA1,0
D,DISPATCH,UNIT_SCADA,1,"2019/08/22 18:45:00",RT_SA2,0
D,DISPATCH,UNIT_SCADA,1,"2019/08/22 18:45:00",RT_SA3,0
D,DISPATCH,UNIT_SCADA,1,"2019/08/22 18:45:00",RT_SA4,0
D,DISPATCH,UNIT_SCADA,1,"2019/08/22 18:45:00",RT_SA5,0
D,DISPATCH,UNIT_SCADA,1,"2019/08/22 18:45:00",RT_SA6,0
D,DISPATCH,UNIT_SCADA,1,"2019/08/22 18:45:00",RT_TAS1,0
D,DISPATCH,UNIT_SCADA,1,"2019/08/22 18:45:00",RT_VIC1,0
D,DISPATCH,UNIT_SCADA,1,"2019/08/22 18:45:00",RT_VIC10,0
D,DISPATCH,UNIT_SCADA,1,"2019/08/22 18:45:00",RT_VIC11,0
D,DISPATCH,UNIT_SCADA,1,"2019/08/22 18:45:00",RT_VIC12,0
D,DISPATCH,UNIT_SCADA,1,"2019/08/22 18:45:00",RT_VIC2,0
D,DISPATCH,UNIT_SCADA,1,"2019/08/22 18:45:00",RT_VIC3,0
D,DISPATCH,UNIT_SCADA,1,"2019/08/22 18:45:00",RT_VIC4,0
D,DISPATCH,UNIT_SCADA,1,"2019/08/22 18:45:00",RT_VIC5,0
D,DISPATCH,UNIT_SCADA,1,"2019/08/22 18:45:00",RT_VIC6,0
D,DISPATCH,UNIT_SCADA,1,"2019/08/22 18:45:00",RT_VIC7,0
D,DISPATCH,UNIT_SCADA,1,"2019/08/22 18:45:00",RT_VIC8,0
D,DISPATCH,UNIT_SCADA,1,"2019/08/22 18:45:00",RT_VIC9,0
D,DISPATCH,UNIT_SCADA,1,"2019/08/22 18:45:00",RUGBYR1,0
D,DISPATCH,UNIT_SCADA,1,"2019/08/22 18:45:00",SALTCRK1,3.41
D,DISPATCH,UNIT_SCADA,1,"2019/08/22 18:45:00",SAPHWF1,188.925020
D,DISPATCH,UNIT_SCADA,1,"2019/08/22 18:45:00",SHGEN,200.691410
D,DISPATCH,UNIT_SCADA,1,"2019/08/22 18:45:00",SHPUMP,0
D,DISPATCH,UNIT_SCADA,1,"2019/08/22 18:45:00",SITHE01,80.377690
D,DISPATCH,UNIT_SCADA,1,"2019/08/22 18:45:00",SMCSF1,0
D,DISPATCH,UNIT_SCADA,1,"2019/08/22 18:45:00",SNOWNTH1,6.30
D,DISPATCH,UNIT_SCADA,1,"2019/08/22 18:45:00",SNOWSTH1,12.90
D,DISPATCH,UNIT_SCADA,1,"2019/08/22 18:45:00",SNOWTWN1,3.931640
D,DISPATCH,UNIT_SCADA,1,"2019/08/22 18:45:00",SNOWYP,0
D,DISPATCH,UNIT_SCADA,1,"2019/08/22 18:45:00",SNUG1,0.019440
D,DISPATCH,UNIT_SCADA,1,"2019/08/22 18:45:00",SRSF1,0.43
D,DISPATCH,UNIT_SCADA,1,"2019/08/22 18:45:00",STAN-1,0
D,DISPATCH,UNIT_SCADA,1,"2019/08/22 18:45:00",STAN-2,348.182710
D,DISPATCH,UNIT_SCADA,1,"2019/08/22 18:45:00",STAN-3,344.8501
D,DISPATCH,UNIT_SCADA,1,"2019/08/22 18:45:00",STAN-4,366.614720
D,DISPATCH,UNIT_SCADA,1,"2019/08/22 18:45:00",STWF1,79.0650
D,DISPATCH,UNIT_SCADA,1,"2019/08/22 18:45:00",SWAN_E,0
D,DISPATCH,UNIT_SCADA,1,"2019/08/22 18:45:00",TALWA1,422
D,DISPATCH,UNIT_SCADA,1,"2019/08/22 18:45:00",TARALGA1,15.318750
D,DISPATCH,UNIT_SCADA,1,"2019/08/22 18:45:00",TARONG#1,340.200010
D,DISPATCH,UNIT_SCADA,1,"2019/08/22 18:45:00",TARONG#2,341.300020
D,DISPATCH,UNIT_SCADA,1,"2019/08/22 18:45:00",TARONG#3,279.399990
D,DISPATCH,UNIT_SCADA,1,"2019/08/22 18:45:00",TARONG#4,349.899990
D,DISPATCH,UNIT_SCADA,1,"2019/08/22 18:45:00",TARRALEA,83.90
D,DISPATCH,UNIT_SCADA,1,"2019/08/22 18:45:00",TBSF1,-0.20
D,DISPATCH,UNIT_SCADA,1,"2019/08/22 18:45:00",TNPS1,442.300020
D,DISPATCH,UNIT_SCADA,1,"2019/08/22 18:45:00",TORRA1,117.907330
D,DISPATCH,UNIT_SCADA,1,"2019/08/22 18:45:00",TORRA2,0
D,DISPATCH,UNIT_SCADA,1,"2019/08/22 18:45:00",TORRA3,52.200630
D,DISPATCH,UNIT_SCADA,1,"2019/08/22 18:45:00",TORRA4,116.447570
D,DISPATCH,UNIT_SCADA,1,"2019/08/22 18:45:00",TORRB1,126.53
D,DISPATCH,UNIT_SCADA,1,"2019/08/22 18:45:00",TORRB2,191.20
D,DISPATCH,UNIT_SCADA,1,"2019/08/22 18:45:00",TORRB3,0
D,DISPATCH,UNIT_SCADA,1,"2019/08/22 18:45:00",TORRB4,0
D,DISPATCH,UNIT_SCADA,1,"2019/08/22 18:45:00",TREVALLN,87.190030
D,DISPATCH,UNIT_SCADA,1,"2019/08/22 18:45:00",TRIBUTE,84.47
D,DISPATCH,UNIT_SCADA,1,"2019/08/22 18:45:00",TUMUT3,0
D,DISPATCH,UNIT_SCADA,1,"2019/08/22 18:45:00",TUNGATIN,140.320040
D,DISPATCH,UNIT_SCADA,1,"2019/08/22 18:45:00",TVCC201,0
D,DISPATCH,UNIT_SCADA,1,"2019/08/22 18:45:00",TVPP104,57.8461
D,DISPATCH,UNIT_SCADA,1,"2019/08/22 18:45:00",UPPTUMUT,501.862950
D,DISPATCH,UNIT_SCADA,1,"2019/08/22 18:45:00",URANQ11,165.893740
D,DISPATCH,UNIT_SCADA,1,"2019/08/22 18:45:00",URANQ12,166.018740
D,DISPATCH,UNIT_SCADA,1,"2019/08/22 18:45:00",URANQ13,0
D,DISPATCH,UNIT_SCADA,1,"2019/08/22 18:45:00",URANQ14,0
D,DISPATCH,UNIT_SCADA,1,"2019/08/22 18:45:00",VP5,637.650020
D,DISPATCH,UNIT_SCADA,1,"2019/08/22 18:45:00",VP6,632.600040
D,DISPATCH,UNIT_SCADA,1,"2019/08/22 18:45:00",VPGS1,0
D,DISPATCH,UNIT_SCADA,1,"2019/08/22 18:45:00",VPGS2,0
D,DISPATCH,UNIT_SCADA,1,"2019/08/22 18:45:00",VPGS3,0
D,DISPATCH,UNIT_SCADA,1,"2019/08/22 18:45:00",VPGS4,0
D,DISPATCH,UNIT_SCADA,1,"2019/08/22 18:45:00",VPGS5,0
D,DISPATCH,UNIT_SCADA,1,"2019/08/22 18:45:00",VPGS6,0
D,DISPATCH,UNIT_SCADA,1,"2019/08/22 18:45:00",W/HOE#1,162.17
D,DISPATCH,UNIT_SCADA,1,"2019/08/22 18:45:00",W/HOE#2,0
D,DISPATCH,UNIT_SCADA,1,"2019/08/22 18:45:00",WATERLWF,-0.90
D,DISPATCH,UNIT_SCADA,1,"2019/08/22 18:45:00",WEMENSF1,0
D,DISPATCH,UNIT_SCADA,1,"2019/08/22 18:45:00",WGWF1,3.80
D,DISPATCH,UNIT_SCADA,1,"2019/08/22 18:45:00",WHITSF1,0
D,DISPATCH,UNIT_SCADA,1,"2019/08/22 18:45:00",WKIEWA1,0.60
D,DISPATCH,UNIT_SCADA,1,"2019/08/22 18:45:00",WKIEWA2,0.10
D,DISPATCH,UNIT_SCADA,1,"2019/08/22 18:45:00",WOODLWN1,10.0350
D,DISPATCH,UNIT_SCADA,1,"2019/08/22 18:45:00",WRSF1,0
D,DISPATCH,UNIT_SCADA,1,"2019/08/22 18:45:00",WRWF1,73.966260
D,DISPATCH,UNIT_SCADA,1,"2019/08/22 18:45:00",YABULU,0
D,DISPATCH,UNIT_SCADA,1,"2019/08/22 18:45:00",YABULU2,0
D,DISPATCH,UNIT_SCADA,1,"2019/08/22 18:45:00",YARWUN_1,0
D,DISPATCH,UNIT_SCADA,1,"2019/08/22 18:45:00",YENDWF1,17.64
D,DISPATCH,UNIT_SCADA,1,"2019/08/22 18:45:00",YWPS1,370.926570
D,DISPATCH,UNIT_SCADA,1,"2019/08/22 18:45:00",YWPS2,280.197480
D,DISPATCH,UNIT_SCADA,1,"2019/08/22 18:45:00",YWPS3,0
D,DISPATCH,UNIT_SCADA,1,"2019/08/22 18:45:00",YWPS4,399.754430
C,"END OF REPORT",334
