C,NEMP.WORLD,DISPATCHSCADA,AEMO,PUBLIC,2019/09/06,10:50:09,0000000312458407,DISPATCHSCADA,0000000312458401
I,DISPATCH,UNIT_SCADA,1,SETTLEMENTDATE,DUID,SCADAVALUE
D,DISPATCH,UNIT_SCADA,1,"2019/09/06 10:55:00",BARCSF1,8.900001
D,DISPATCH,UNIT_SCADA,1,"2019/09/06 10:55:00",BUTLERSG,10.199999
D,DISPATCH,UNIT_SCADA,1,"2019/09/06 10:55:00",CALL_A_4,0
D,DISPATCH,UNIT_SCADA,1,"2019/09/06 10:55:00",CAPTL_WF,119.796005
D,DISPATCH,UNIT_SCADA,1,"2019/09/06 10:55:00",CATHROCK,0
D,DISPATCH,UNIT_SCADA,1,"2019/09/06 10:55:00",CHALLHWF,27.400002
D,DISPATCH,UNIT_SCADA,1,"2019/09/06 10:55:00",CLOVER,-0.01
D,DISPATCH,UNIT_SCADA,1,"2019/09/06 10:55:00",CLUNY,18.477913
D,DISPATCH,UNIT_SCADA,1,"2019/09/06 10:55:00",CNUNDAWF,36.042046
D,DISPATCH,UNIT_SCADA,1,"2019/09/06 10:55:00",CULLRGWF,27.73
D,DISPATCH,UNIT_SCADA,1,"2019/09/06 10:55:00",ERGT01,0
D,DISPATCH,UNIT_SCADA,1,"2019/09/06 10:55:00",GB01,0.0070
D,DISPATCH,UNIT_SCADA,1,"2019/09/06 10:55:00",GERMCRK,32.400002
D,DISPATCH,UNIT_SCADA,1,"2019/09/06 10:55:00",GRIFSF1,9.899994
D,DISPATCH,UNIT_SCADA,1,"2019/09/06 10:55:00",HUGSF1,8.910001
D,DISPATCH,UNIT_SCADA,1,"2019/09/06 10:55:00",LKBONNY1,72.965752
D,DISPATCH,UNIT_SCADA,1,"2019/09/06 10:55:00",LRSF1,9.8430
D,DISPATCH,UNIT_SCADA,1,"2019/09/06 10:55:00",MBAHNTH,51.581253
D,DISPATCH,UNIT_SCADA,1,"2019/09/06 10:55:00",MLSP1,6.233001
D,DISPATCH,UNIT_SCADA,1,"2019/09/06 10:55:00",MLWF1,10.889999
D,DISPATCH,UNIT_SCADA,1,"2019/09/06 10:55:00",MTMILLAR,50.191647
D,DISPATCH,UNIT_SCADA,1,"2019/09/06 10:55:00",PALOONA,25.189999
D,DISPATCH,UNIT_SCADA,1,"2019/09/06 10:55:00",PIONEER,45.400002
D,DISPATCH,UNIT_SCADA,1,"2019/09/06 10:55:00",PORTWF,45.50
D,DISPATCH,UNIT_SCADA,1,"2019/09/06 10:55:00",REPULSE,32.556038
D,DISPATCH,UNIT_SCADA,1,"2019/09/06 10:55:00",ROWALLAN,10.3021
D,DISPATCH,UNIT_SCADA,1,"2019/09/06 10:55:00",ROYALLA1,8.323001
D,DISPATCH,UNIT_SCADA,1,"2019/09/06 10:55:00",RPCG,-4.10
D,DISPATCH,UNIT_SCADA,1,"2019/09/06 10:55:00",RUBICON,0
D,DISPATCH,UNIT_SCADA,1,"2019/09/06 10:55:00",SATGN1,0
D,DISPATCH,UNIT_SCADA,1,"2019/09/06 10:55:00",SATGS1,0
D,DISPATCH,UNIT_SCADA,1,"2019/09/06 10:55:00",STARHLWF,25.392595
D,DISPATCH,UNIT_SCADA,1,"2019/09/06 10:55:00",WAUBRAWF,76.494003
D,DISPATCH,UNIT_SCADA,1,"2019/09/06 10:55:00",WOOLNTH1,-0.059985
D,DISPATCH,UNIT_SCADA,1,"2019/09/06 10:55:00",WPWF,84
D,DISPATCH,UNIT_SCADA,1,"2019/09/06 10:55:00",YAMBUKWF,6.30
D,DISPATCH,UNIT_SCADA,1,"2019/09/06 10:55:00",YSWF1,22.50
D,DISPATCH,UNIT_SCADA,1,"2019/09/06 10:55:00",AGLHAL,0
D,DISPATCH,UNIT_SCADA,1,"2019/09/06 10:55:00",AGLSOM,0
D,DISPATCH,UNIT_SCADA,1,"2019/09/06 10:55:00",ANGAST1,0
D,DISPATCH,UNIT_SCADA,1,"2019/09/06 10:55:00",ARWF1,100.000010
D,DISPATCH,UNIT_SCADA,1,"2019/09/06 10:55:00",BALBG1,0
D,DISPATCH,UNIT_SCADA,1,"2019/09/06 10:55:00",BALBL1,0
D,DISPATCH,UNIT_SCADA,1,"2019/09/06 10:55:00",BALDHWF1,35.2330
D,DISPATCH,UNIT_SCADA,1,"2019/09/06 10:55:00",BANN1,32.37
D,DISPATCH,UNIT_SCADA,1,"2019/09/06 10:55:00",BARCALDN,0
D,DISPATCH,UNIT_SCADA,1,"2019/09/06 10:55:00",BARRON-1,0
D,DISPATCH,UNIT_SCADA,1,"2019/09/06 10:55:00",BARRON-2,0
D,DISPATCH,UNIT_SCADA,1,"2019/09/06 10:55:00",BASTYAN,80.960010
D,DISPATCH,UNIT_SCADA,1,"2019/09/06 10:55:00",BBTHREE1,0
D,DISPATCH,UNIT_SCADA,1,"2019/09/06 10:55:00",BBTHREE2,0
D,DISPATCH,UNIT_SCADA,1,"2019/09/06 10:55:00",BBTHREE3,0
D,DISPATCH,UNIT_SCADA,1,"2019/09/06 10:55:00",BDL01,-0.06
D,DISPATCH,UNIT_SCADA,1,"2019/09/06 10:55:00",BDL02,0
D,DISPATCH,UNIT_SCADA,1,"2019/09/06 10:55:00",BERYLSF1,70.219880
D,DISPATCH,UNIT_SCADA,1,"2019/09/06 10:55:00",BLOWERNG,15.30
D,DISPATCH,UNIT_SCADA,1,"2019/09/06 10:55:00",BLUFF1,52.70
D,DISPATCH,UNIT_SCADA,1,"2019/09/06 10:55:00",BNGSF1,14.74
D,DISPATCH,UNIT_SCADA,1,"2019/09/06 10:55:00",BNGSF2,4.94
D,DISPATCH,UNIT_SCADA,1,"2019/09/06 10:55:00",BOCORWF1,48.06
D,DISPATCH,UNIT_SCADA,1,"2019/09/06 10:55:00",BODWF1,107.761310
D,DISPATCH,UNIT_SCADA,1,"2019/09/06 10:55:00",BRAEMAR1,0
D,DISPATCH,UNIT_SCADA,1,"2019/09/06 10:55:00",BRAEMAR2,0
D,DISPATCH,UNIT_SCADA,1,"2019/09/06 10:55:00",BRAEMAR3,0
D,DISPATCH,UNIT_SCADA,1,"2019/09/06 10:55:00",BRAEMAR5,0
D,DISPATCH,UNIT_SCADA,1,"2019/09/06 10:55:00",BRAEMAR6,0
D,DISPATCH,UNIT_SCADA,1,"2019/09/06 10:55:00",BRAEMAR7,0
D,DISPATCH,UNIT_SCADA,1,"2019/09/06 10:55:00",BROKENH1,52.938960
D,DISPATCH,UNIT_SCADA,1,"2019/09/06 10:55:00",BW01,525.25
D,DISPATCH,UNIT_SCADA,1,"2019/09/06 10:55:00",BW02,556.324950
D,DISPATCH,UNIT_SCADA,1,"2019/09/06 10:55:00",BW03,604.950070
D,DISPATCH,UNIT_SCADA,1,"2019/09/06 10:55:00",BW04,0
D,DISPATCH,UNIT_SCADA,1,"2019/09/06 10:55:00",CALL_B_1,284.899990
D,DISPATCH,UNIT_SCADA,1,"2019/09/06 10:55:00",CALL_B_2,282.50
D,DISPATCH,UNIT_SCADA,1,"2019/09/06 10:55:00",CETHANA,96.867250
D,DISPATCH,UNIT_SCADA,1,"2019/09/06 10:55:00",CG1,0
D,DISPATCH,UNIT_SCADA,1,"2019/09/06 10:55:00",CG2,0
D,DISPATCH,UNIT_SCADA,1,"2019/09/06 10:55:00",CG3,0
D,DISPATCH,UNIT_SCADA,1,"2019/09/06 10:55:00",CG4,0
D,DISPATCH,UNIT_SCADA,1,"2019/09/06 10:55:00",CHILDSF1,53.81
D,DISPATCH,UNIT_SCADA,1,"2019/09/06 10:55:00",CLARESF1,44.038140
D,DISPATCH,UNIT_SCADA,1,"2019/09/06 10:55:00",CLEMGPWF,53.233880
D,DISPATCH,UNIT_SCADA,1,"2019/09/06 10:55:00",CLERMSF1,14.72
D,DISPATCH,UNIT_SCADA,1,"2019/09/06 10:55:00",COLEASF1,88
D,DISPATCH,UNIT_SCADA,1,"2019/09/06 10:55:00",COOPGWF1,33.629070
D,DISPATCH,UNIT_SCADA,1,"2019/09/06 10:55:00",CPP_3,216.975010
D,DISPATCH,UNIT_SCADA,1,"2019/09/06 10:55:00",CPP_4,280.774990
D,DISPATCH,UNIT_SCADA,1,"2019/09/06 10:55:00",CPSA,77.231250
D,DISPATCH,UNIT_SCADA,1,"2019/09/06 10:55:00",CROOKWF2,83.353740
D,DISPATCH,UNIT_SCADA,1,"2019/09/06 10:55:00",CROWLWF1,32.893950
D,DISPATCH,UNIT_SCADA,1,"2019/09/06 10:55:00",CSPVPS1,31.9840
D,DISPATCH,UNIT_SCADA,1,"2019/09/06 10:55:00",DALNTH01,0
D,DISPATCH,UNIT_SCADA,1,"2019/09/06 10:55:00",DALNTHL1,0.2060
D,DISPATCH,UNIT_SCADA,1,"2019/09/06 10:55:00",DARTM1,0
D,DISPATCH,UNIT_SCADA,1,"2019/09/06 10:55:00",DAYDSF1,115.336010
D,DISPATCH,UNIT_SCADA,1,"2019/09/06 10:55:00",DDPS1,0
D,DISPATCH,UNIT_SCADA,1,"2019/09/06 10:55:00",DDSF1,106.8032
D,DISPATCH,UNIT_SCADA,1,"2019/09/06 10:55:00",DEVILS_G,0
D,DISPATCH,UNIT_SCADA,1,"2019/09/06 10:55:00",DG_NSW1,0
D,DISPATCH,UNIT_SCADA,1,"2019/09/06 10:55:00",DG_QLD1,0
D,DISPATCH,UNIT_SCADA,1,"2019/09/06 10:55:00",DG_SA1,0
D,DISPATCH,UNIT_SCADA,1,"2019/09/06 10:55:00",DG_TAS1,0
D,DISPATCH,UNIT_SCADA,1,"2019/09/06 10:55:00",DG_VIC1,0
D,DISPATCH,UNIT_SCADA,1,"2019/09/06 10:55:00",DRYCGT1,0
D,DISPATCH,UNIT_SCADA,1,"2019/09/06 10:55:00",DRYCGT2,0
D,DISPATCH,UNIT_SCADA,1,"2019/09/06 10:55:00",DRYCGT3,0
D,DISPATCH,UNIT_SCADA,1,"2019/09/06 10:55:00",EILDON1,0
D,DISPATCH,UNIT_SCADA,1,"2019/09/06 10:55:00",EILDON2,0
D,DISPATCH,UNIT_SCADA,1,"2019/09/06 10:55:00",EMERASF1,68.15
D,DISPATCH,UNIT_SCADA,1,"2019/09/06 10:55:00",ER01,483.224980
D,DISPATCH,UNIT_SCADA,1,"2019/09/06 10:55:00",ER02,585.775020
D,DISPATCH,UNIT_SCADA,1,"2019/09/06 10:55:00",ER03,0
D,DISPATCH,UNIT_SCADA,1,"2019/09/06 10:55:00",ER04,584.75
D,DISPATCH,UNIT_SCADA,1,"2019/09/06 10:55:00",FINLYSF1,0
D,DISPATCH,UNIT_SCADA,1,"2019/09/06 10:55:00",FISHER,45.95
D,DISPATCH,UNIT_SCADA,1,"2019/09/06 10:55:00",GANNBG1,0
D,DISPATCH,UNIT_SCADA,1,"2019/09/06 10:55:00",GANNBL1,0.212850
D,DISPATCH,UNIT_SCADA,1,"2019/09/06 10:55:00",GANNSF1,37.50
D,DISPATCH,UNIT_SCADA,1,"2019/09/06 10:55:00",GORDON,20.247920
D,DISPATCH,UNIT_SCADA,1,"2019/09/06 10:55:00",GSTONE1,133.8750
D,DISPATCH,UNIT_SCADA,1,"2019/09/06 10:55:00",GSTONE2,109.7250
D,DISPATCH,UNIT_SCADA,1,"2019/09/06 10:55:00",GSTONE3,0
D,DISPATCH,UNIT_SCADA,1,"2019/09/06 10:55:00",GSTONE4,133.524990
D,DISPATCH,UNIT_SCADA,1,"2019/09/06 10:55:00",GSTONE5,134.224990
D,DISPATCH,UNIT_SCADA,1,"2019/09/06 10:55:00",GSTONE6,133.1750
D,DISPATCH,UNIT_SCADA,1,"2019/09/06 10:55:00",GULLRSF1,9.912020
D,DISPATCH,UNIT_SCADA,1,"2019/09/06 10:55:00",GULLRWF1,137.2323
D,DISPATCH,UNIT_SCADA,1,"2019/09/06 10:55:00",GUNNING1,34.883620
D,DISPATCH,UNIT_SCADA,1,"2019/09/06 10:55:00",GUTHEGA,0
D,DISPATCH,UNIT_SCADA,1,"2019/09/06 10:55:00",HALLWF1,-0.48
D,DISPATCH,UNIT_SCADA,1,"2019/09/06 10:55:00",HALLWF2,-0.33
D,DISPATCH,UNIT_SCADA,1,"2019/09/06 10:55:00",HAMISF1,46.40
D,DISPATCH,UNIT_SCADA,1,"2019/09/06 10:55:00",HAUGHT11,92.9792
D,DISPATCH,UNIT_SCADA,1,"2019/09/06 10:55:00",HAYMSF1,41.2940
D,DISPATCH,UNIT_SCADA,1,"2019/09/06 10:55:00",HDWF1,69.90
D,DISPATCH,UNIT_SCADA,1,"2019/09/06 10:55:00",HDWF2,69.90
D,DISPATCH,UNIT_SCADA,1,"2019/09/06 10:55:00",HDWF3,73.90
D,DISPATCH,UNIT_SCADA,1,"2019/09/06 10:55:00",HPRG1,11.40
D,DISPATCH,UNIT_SCADA,1,"2019/09/06 10:55:00",HPRL1,0
D,DISPATCH,UNIT_SCADA,1,"2019/09/06 10:55:00",HUMENSW,0
D,DISPATCH,UNIT_SCADA,1,"2019/09/06 10:55:00",HUMEV,24.80
D,DISPATCH,UNIT_SCADA,1,"2019/09/06 10:55:00",HVGTS,0
D,DISPATCH,UNIT_SCADA,1,"2019/09/06 10:55:00",JBUTTERS,115.62
D,DISPATCH,UNIT_SCADA,1,"2019/09/06 10:55:00",JLA01,0.10
D,DISPATCH,UNIT_SCADA,1,"2019/09/06 10:55:00",JLA02,0
D,DISPATCH,UNIT_SCADA,1,"2019/09/06 10:55:00",JLA03,0
D,DISPATCH,UNIT_SCADA,1,"2019/09/06 10:55:00",JLA04,0
D,DISPATCH,UNIT_SCADA,1,"2019/09/06 10:55:00",JLB01,0
D,DISPATCH,UNIT_SCADA,1,"2019/09/06 10:55:00",JLB02,0.10
D,DISPATCH,UNIT_SCADA,1,"2019/09/06 10:55:00",JLB03,0
D,DISPATCH,UNIT_SCADA,1,"2019/09/06 10:55:00",KAREEYA1,21.5125
D,DISPATCH,UNIT_SCADA,1,"2019/09/06 10:55:00",KAREEYA2,21.5925
D,DISPATCH,UNIT_SCADA,1,"2019/09/06 10:55:00",KAREEYA3,0
D,DISPATCH,UNIT_SCADA,1,"2019/09/06 10:55:00",KAREEYA4,21.5350
D,DISPATCH,UNIT_SCADA,1,"2019/09/06 10:55:00",KARSF1,35.80
D,DISPATCH,UNIT_SCADA,1,"2019/09/06 10:55:00",KIATAWF1,28.90
D,DISPATCH,UNIT_SCADA,1,"2019/09/06 10:55:00",KPP_1,0
D,DISPATCH,UNIT_SCADA,1,"2019/09/06 10:55:00",KSP1,46.61
D,DISPATCH,UNIT_SCADA,1,"2019/09/06 10:55:00",LADBROK1,0
D,DISPATCH,UNIT_SCADA,1,"2019/09/06 10:55:00",LADBROK2,0
D,DISPATCH,UNIT_SCADA,1,"2019/09/06 10:55:00",LD01,380.887480
D,DISPATCH,UNIT_SCADA,1,"2019/09/06 10:55:00",LD02,380.137480
D,DISPATCH,UNIT_SCADA,1,"2019/09/06 10:55:00",LD03,378.675020
D,DISPATCH,UNIT_SCADA,1,"2019/09/06 10:55:00",LD04,376.406250
D,DISPATCH,UNIT_SCADA,1,"2019/09/06 10:55:00",LEM_WIL,84.7896
D,DISPATCH,UNIT_SCADA,1,"2019/09/06 10:55:00",LGAPWF1,34.25
D,DISPATCH,UNIT_SCADA,1,"2019/09/06 10:55:00",LILYSF1,0
D,DISPATCH,UNIT_SCADA,1,"2019/09/06 10:55:00",LI_WY_CA,155.282320
D,DISPATCH,UNIT_SCADA,1,"2019/09/06 10:55:00",LKBONNY2,108.232190
D,DISPATCH,UNIT_SCADA,1,"2019/09/06 10:55:00",LKBONNY3,16.467490
D,DISPATCH,UNIT_SCADA,1,"2019/09/06 10:55:00",LK_ECHO,0
D,DISPATCH,UNIT_SCADA,1,"2019/09/06 10:55:00",LNGS1,0
D,DISPATCH,UNIT_SCADA,1,"2019/09/06 10:55:00",LNGS2,0
D,DISPATCH,UNIT_SCADA,1,"2019/09/06 10:55:00",LONSDALE,0
D,DISPATCH,UNIT_SCADA,1,"2019/09/06 10:55:00",LOYYB1,537.592410
D,DISPATCH,UNIT_SCADA,1,"2019/09/06 10:55:00",LOYYB2,584.210140
D,DISPATCH,UNIT_SCADA,1,"2019/09/06 10:55:00",LYA1,0
D,DISPATCH,UNIT_SCADA,1,"2019/09/06 10:55:00",LYA2,0
D,DISPATCH,UNIT_SCADA,1,"2019/09/06 10:55:00",LYA3,560
D,DISPATCH,UNIT_SCADA,1,"2019/09/06 10:55:00",LYA4,540
D,DISPATCH,UNIT_SCADA,1,"2019/09/06 10:55:00",MACARTH1,130.2970
D,DISPATCH,UNIT_SCADA,1,"2019/09/06 10:55:00",MACKAYGT,0.2240
D,DISPATCH,UNIT_SCADA,1,"2019/09/06 10:55:00",MACKNTSH,88.500010
D,DISPATCH,UNIT_SCADA,1,"2019/09/06 10:55:00",MANSLR1,25.0080
D,DISPATCH,UNIT_SCADA,1,"2019/09/06 10:55:00",MCKAY1,-0.0350
D,DISPATCH,UNIT_SCADA,1,"2019/09/06 10:55:00",MEADOWBK,33.924460
D,DISPATCH,UNIT_SCADA,1,"2019/09/06 10:55:00",MERCER01,87.405010
D,DISPATCH,UNIT_SCADA,1,"2019/09/06 10:55:00",MEWF1,40.112130
D,DISPATCH,UNIT_SCADA,1,"2019/09/06 10:55:00",MINTARO,0
D,DISPATCH,UNIT_SCADA,1,"2019/09/06 10:55:00",MOREESF1,50.01
D,DISPATCH,UNIT_SCADA,1,"2019/09/06 10:55:00",MORTLK11,124
D,DISPATCH,UNIT_SCADA,1,"2019/09/06 10:55:00",MORTLK12,0
D,DISPATCH,UNIT_SCADA,1,"2019/09/06 10:55:00",MP1,178.699950
D,DISPATCH,UNIT_SCADA,1,"2019/09/06 10:55:00",MP2,0
D,DISPATCH,UNIT_SCADA,1,"2019/09/06 10:55:00",MPP_1,393.25
D,DISPATCH,UNIT_SCADA,1,"2019/09/06 10:55:00",MPP_2,373.50
D,DISPATCH,UNIT_SCADA,1,"2019/09/06 10:55:00",MSTUART1,0
D,DISPATCH,UNIT_SCADA,1,"2019/09/06 10:55:00",MSTUART2,0
D,DISPATCH,UNIT_SCADA,1,"2019/09/06 10:55:00",MSTUART3,0
D,DISPATCH,UNIT_SCADA,1,"2019/09/06 10:55:00",MTGELWF1,46.8337
D,DISPATCH,UNIT_SCADA,1,"2019/09/06 10:55:00",MURRAY,0
D,DISPATCH,UNIT_SCADA,1,"2019/09/06 10:55:00",MUSSELR1,159.799990
D,DISPATCH,UNIT_SCADA,1,"2019/09/06 10:55:00",MUWAWF1,58.02
D,DISPATCH,UNIT_SCADA,1,"2019/09/06 10:55:00",NBHWF1,119.100010
D,DISPATCH,UNIT_SCADA,1,"2019/09/06 10:55:00",NPS,0
D,DISPATCH,UNIT_SCADA,1,"2019/09/06 10:55:00",NUMURSF1,31.01
D,DISPATCH,UNIT_SCADA,1,"2019/09/06 10:55:00",NYNGAN1,48.75
D,DISPATCH,UNIT_SCADA,1,"2019/09/06 10:55:00",OAKEY1,0
D,DISPATCH,UNIT_SCADA,1,"2019/09/06 10:55:00",OAKEY1SF,22.4310
D,DISPATCH,UNIT_SCADA,1,"2019/09/06 10:55:00",OAKEY2,0
D,DISPATCH,UNIT_SCADA,1,"2019/09/06 10:55:00",OAKEY2SF,0
D,DISPATCH,UNIT_SCADA,1,"2019/09/06 10:55:00",OAKLAND1,21.30
D,DISPATCH,UNIT_SCADA,1,"2019/09/06 10:55:00",OSB-AG,0
D,DISPATCH,UNIT_SCADA,1,"2019/09/06 10:55:00",PARSF1,17.40
D,DISPATCH,UNIT_SCADA,1,"2019/09/06 10:55:00",POAT110,0
D,DISPATCH,UNIT_SCADA,1,"2019/09/06 10:55:00",POAT220,1.13
D,DISPATCH,UNIT_SCADA,1,"2019/09/06 10:55:00",POR01,0
D,DISPATCH,UNIT_SCADA,1,"2019/09/06 10:55:00",POR03,0
D,DISPATCH,UNIT_SCADA,1,"2019/09/06 10:55:00",PPCCGT,0
D,DISPATCH,UNIT_SCADA,1,"2019/09/06 10:55:00",PTSTAN1,0
D,DISPATCH,UNIT_SCADA,1,"2019/09/06 10:55:00",PUMP1,0
D,DISPATCH,UNIT_SCADA,1,"2019/09/06 10:55:00",PUMP2,0
D,DISPATCH,UNIT_SCADA,1,"2019/09/06 10:55:00",QPS1,0
D,DISPATCH,UNIT_SCADA,1,"2019/09/06 10:55:00",QPS2,0
D,DISPATCH,UNIT_SCADA,1,"2019/09/06 10:55:00",QPS3,0
D,DISPATCH,UNIT_SCADA,1,"2019/09/06 10:55:00",QPS4,0
D,DISPATCH,UNIT_SCADA,1,"2019/09/06 10:55:00",QPS5,0
D,DISPATCH,UNIT_SCADA,1,"2019/09/06 10:55:00",REECE1,104.550010
D,DISPATCH,UNIT_SCADA,1,"2019/09/06 10:55:00",REECE2,116.140010
D,DISPATCH,UNIT_SCADA,1,"2019/09/06 10:55:00",ROMA_7,0
D,DISPATCH,UNIT_SCADA,1,"2019/09/06 10:55:00",ROMA_8,0
D,DISPATCH,UNIT_SCADA,1,"2019/09/06 10:55:00",RRSF1,109.081330
D,DISPATCH,UNIT_SCADA,1,"2019/09/06 10:55:00",RT_NSW1,0
D,DISPATCH,UNIT_SCADA,1,"2019/09/06 10:55:00",RT_NSW2,0
D,DISPATCH,UNIT_SCADA,1,"2019/09/06 10:55:00",RT_NSW3,0
D,DISPATCH,UNIT_SCADA,1,"2019/09/06 10:55:00",RT_NSW4,0
D,DISPATCH,UNIT_SCADA,1,"2019/09/06 10:55:00",RT_NSW5,0
D,DISPATCH,UNIT_SCADA,1,"2019/09/06 10:55:00",RT_NSW6,0
D,DISPATCH,UNIT_SCADA,1,"2019/09/06 10:55:00",RT_QLD1,0
D,DISPATCH,UNIT_SCADA,1,"2019/09/06 10:55:00",RT_SA1,0
D,DISPATCH,UNIT_SCADA,1,"2019/09/06 10:55:00",RT_SA2,0
D,DISPATCH,UNIT_SCADA,1,"2019/09/06 10:55:00",RT_SA3,0
D,DISPATCH,UNIT_SCADA,1,"2019/09/06 10:55:00",RT_SA4,0
D,DISPATCH,UNIT_SCADA,1,"2019/09/06 10:55:00",RT_SA5,0
D,DISPATCH,UNIT_SCADA,1,"2019/09/06 10:55:00",RT_SA6,0
D,DISPATCH,UNIT_SCADA,1,"2019/09/06 10:55:00",RT_TAS1,0
D,DISPATCH,UNIT_SCADA,1,"2019/09/06 10:55:00",RT_VIC1,0
D,DISPATCH,UNIT_SCADA,1,"2019/09/06 10:55:00",RT_VIC10,0
D,DISPATCH,UNIT_SCADA,1,"2019/09/06 10:55:00",RT_VIC11,0
D,DISPATCH,UNIT_SCADA,1,"2019/09/06 10:55:00",RT_VIC12,0
D,DISPATCH,UNIT_SCADA,1,"2019/09/06 10:55:00",RT_VIC2,0
D,DISPATCH,UNIT_SCADA,1,"2019/09/06 10:55:00",RT_VIC3,0
D,DISPATCH,UNIT_SCADA,1,"2019/09/06 10:55:00",RT_VIC4,0
D,DISPATCH,UNIT_SCADA,1,"2019/09/06 10:55:00",RT_VIC5,0
D,DISPATCH,UNIT_SCADA,1,"2019/09/06 10:55:00",RT_VIC6,0
D,DISPATCH,UNIT_SCADA,1,"2019/09/06 10:55:00",RT_VIC7,0
D,DISPATCH,UNIT_SCADA,1,"2019/09/06 10:55:00",RT_VIC8,0
D,DISPATCH,UNIT_SCADA,1,"2019/09/06 10:55:00",RT_VIC9,0
D,DISPATCH,UNIT_SCADA,1,"2019/09/06 10:55:00",RUGBYR1,64.206850
D,DISPATCH,UNIT_SCADA,1,"2019/09/06 10:55:00",SALTCRK1,21.16
D,DISPATCH,UNIT_SCADA,1,"2019/09/06 10:55:00",SAPHWF1,198.300020
D,DISPATCH,UNIT_SCADA,1,"2019/09/06 10:55:00",SHGEN,0
D,DISPATCH,UNIT_SCADA,1,"2019/09/06 10:55:00",SHPUMP,78.803110
D,DISPATCH,UNIT_SCADA,1,"2019/09/06 10:55:00",SITHE01,0.1840
D,DISPATCH,UNIT_SCADA,1,"2019/09/06 10:55:00",SMCSF1,87.487430
D,DISPATCH,UNIT_SCADA,1,"2019/09/06 10:55:00",SNOWNTH1,137.700010
D,DISPATCH,UNIT_SCADA,1,"2019/09/06 10:55:00",SNOWSTH1,115.50
D,DISPATCH,UNIT_SCADA,1,"2019/09/06 10:55:00",SNOWTWN1,83.717160
D,DISPATCH,UNIT_SCADA,1,"2019/09/06 10:55:00",SNOWYP,197.70
D,DISPATCH,UNIT_SCADA,1,"2019/09/06 10:55:00",SNUG1,0.019440
D,DISPATCH,UNIT_SCADA,1,"2019/09/06 10:55:00",SRSF1,70.26
D,DISPATCH,UNIT_SCADA,1,"2019/09/06 10:55:00",STAN-1,225.554820
D,DISPATCH,UNIT_SCADA,1,"2019/09/06 10:55:00",STAN-2,233.348050
D,DISPATCH,UNIT_SCADA,1,"2019/09/06 10:55:00",STAN-3,232.348270
D,DISPATCH,UNIT_SCADA,1,"2019/09/06 10:55:00",STAN-4,231.809920
D,DISPATCH,UNIT_SCADA,1,"2019/09/06 10:55:00",STWF1,0
D,DISPATCH,UNIT_SCADA,1,"2019/09/06 10:55:00",SWAN_E,0
D,DISPATCH,UNIT_SCADA,1,"2019/09/06 10:55:00",TALWA1,190
D,DISPATCH,UNIT_SCADA,1,"2019/09/06 10:55:00",TARALGA1,82.931260
D,DISPATCH,UNIT_SCADA,1,"2019/09/06 10:55:00",TARONG#1,349.899990
D,DISPATCH,UNIT_SCADA,1,"2019/09/06 10:55:00",TARONG#2,0
D,DISPATCH,UNIT_SCADA,1,"2019/09/06 10:55:00",TARONG#3,279.700010
D,DISPATCH,UNIT_SCADA,1,"2019/09/06 10:55:00",TARONG#4,348.899990
D,DISPATCH,UNIT_SCADA,1,"2019/09/06 10:55:00",TARRALEA,74.10
D,DISPATCH,UNIT_SCADA,1,"2019/09/06 10:55:00",TBSF1,8.90
D,DISPATCH,UNIT_SCADA,1,"2019/09/06 10:55:00",TNPS1,398.800020
D,DISPATCH,UNIT_SCADA,1,"2019/09/06 10:55:00",TORRA1,45.1550
D,DISPATCH,UNIT_SCADA,1,"2019/09/06 10:55:00",TORRA2,0
D,DISPATCH,UNIT_SCADA,1,"2019/09/06 10:55:00",TORRA3,0
D,DISPATCH,UNIT_SCADA,1,"2019/09/06 10:55:00",TORRA4,45.196970
D,DISPATCH,UNIT_SCADA,1,"2019/09/06 10:55:00",TORRB1,46.70
D,DISPATCH,UNIT_SCADA,1,"2019/09/06 10:55:00",TORRB2,48.31
D,DISPATCH,UNIT_SCADA,1,"2019/09/06 10:55:00",TORRB3,44.99
D,DISPATCH,UNIT_SCADA,1,"2019/09/06 10:55:00",TORRB4,0
D,DISPATCH,UNIT_SCADA,1,"2019/09/06 10:55:00",TREVALLN,67.050020
D,DISPATCH,UNIT_SCADA,1,"2019/09/06 10:55:00",TRIBUTE,0
D,DISPATCH,UNIT_SCADA,1,"2019/09/06 10:55:00",TUMUT3,0
D,DISPATCH,UNIT_SCADA,1,"2019/09/06 10:55:00",TUNGATIN,121.590020
D,DISPATCH,UNIT_SCADA,1,"2019/09/06 10:55:00",TVCC201,0
D,DISPATCH,UNIT_SCADA,1,"2019/09/06 10:55:00",TVPP104,0
D,DISPATCH,UNIT_SCADA,1,"2019/09/06 10:55:00",UPPTUMUT,0
D,DISPATCH,UNIT_SCADA,1,"2019/09/06 10:55:00",URANQ11,0
D,DISPATCH,UNIT_SCADA,1,"2019/09/06 10:55:00",URANQ12,0
D,DISPATCH,UNIT_SCADA,1,"2019/09/06 10:55:00",URANQ13,0
D,DISPATCH,UNIT_SCADA,1,"2019/09/06 10:55:00",URANQ14,0
D,DISPATCH,UNIT_SCADA,1,"2019/09/06 10:55:00",VP5,515.50
D,DISPATCH,UNIT_SCADA,1,"2019/09/06 10:55:00",VP6,0
D,DISPATCH,UNIT_SCADA,1,"2019/09/06 10:55:00",VPGS1,0
D,DISPATCH,UNIT_SCADA,1,"2019/09/06 10:55:00",VPGS2,0
D,DISPATCH,UNIT_SCADA,1,"2019/09/06 10:55:00",VPGS3,0
D,DISPATCH,UNIT_SCADA,1,"2019/09/06 10:55:00",VPGS4,0
D,DISPATCH,UNIT_SCADA,1,"2019/09/06 10:55:00",VPGS5,0
D,DISPATCH,UNIT_SCADA,1,"2019/09/06 10:55:00",VPGS6,0
D,DISPATCH,UNIT_SCADA,1,"2019/09/06 10:55:00",W/HOE#1,0
D,DISPATCH,UNIT_SCADA,1,"2019/09/06 10:55:00",W/HOE#2,0
D,DISPATCH,UNIT_SCADA,1,"2019/09/06 10:55:00",WATERLWF,95.30
D,DISPATCH,UNIT_SCADA,1,"2019/09/06 10:55:00",WEMENSF1,45.10
D,DISPATCH,UNIT_SCADA,1,"2019/09/06 10:55:00",WGWF1,0.30
D,DISPATCH,UNIT_SCADA,1,"2019/09/06 10:55:00",WHITSF1,42.90
D,DISPATCH,UNIT_SCADA,1,"2019/09/06 10:55:00",WKIEWA1,33.60
D,DISPATCH,UNIT_SCADA,1,"2019/09/06 10:55:00",WKIEWA2,0.10
D,DISPATCH,UNIT_SCADA,1,"2019/09/06 10:55:00",WOODLWN1,25.847990
D,DISPATCH,UNIT_SCADA,1,"2019/09/06 10:55:00",WRSF1,17.38
D,DISPATCH,UNIT_SCADA,1,"2019/09/06 10:55:00",WRWF1,136.901250
D,DISPATCH,UNIT_SCADA,1,"2019/09/06 10:55:00",YABULU,0
D,DISPATCH,UNIT_SCADA,1,"2019/09/06 10:55:00",YABULU2,0
D,DISPATCH,UNIT_SCADA,1,"2019/09/06 10:55:00",YARWUN_1,120.36
D,DISPATCH,UNIT_SCADA,1,"2019/09/06 10:55:00",YENDWF1,42.04
D,DISPATCH,UNIT_SCADA,1,"2019/09/06 10:55:00",YWPS1,377.693660
D,DISPATCH,UNIT_SCADA,1,"2019/09/06 10:55:00",YWPS2,279.194950
D,DISPATCH,UNIT_SCADA,1,"2019/09/06 10:55:00",YWPS3,332.0076
D,DISPATCH,UNIT_SCADA,1,"2019/09/06 10:55:00",YWPS4,399.472140
C,"END OF REPORT",335
