C,NEMP.WORLD,DISPATCHSCADA,AEMO,PUBLIC,2019/08/21,09:40:10,0000000311820641,DISPATCHSCADA,0000000311820635
I,DISPATCH,UNIT_SCADA,1,SETTLEMENTDATE,DUID,SCADAVALUE
D,DISPATCH,UNIT_SCADA,1,"2019/08/21 09:45:00",BARCSF1,17.800001
D,DISPATCH,UNIT_SCADA,1,"2019/08/21 09:45:00",BUTLERSG,9.599998
D,DISPATCH,UNIT_SCADA,1,"2019/08/21 09:45:00",CALL_A_4,0
D,DISPATCH,UNIT_SCADA,1,"2019/08/21 09:45:00",CAPTL_WF,130.880005
D,DISPATCH,UNIT_SCADA,1,"2019/08/21 09:45:00",CATHROCK,23.669998
D,DISPATCH,UNIT_SCADA,1,"2019/08/21 09:45:00",CHALLHWF,41.400002
D,DISPATCH,UNIT_SCADA,1,"2019/08/21 09:45:00",CLOVER,0
D,DISPATCH,UNIT_SCADA,1,"2019/08/21 09:45:00",CLUNY,20.221104
D,DISPATCH,UNIT_SCADA,1,"2019/08/21 09:45:00",CNUNDAWF,25.329548
D,DISPATCH,UNIT_SCADA,1,"2019/08/21 09:45:00",CULLRGWF,30.51
D,DISPATCH,UNIT_SCADA,1,"2019/08/21 09:45:00",ERGT01,0
D,DISPATCH,UNIT_SCADA,1,"2019/08/21 09:45:00",GB01,0.060539
D,DISPATCH,UNIT_SCADA,1,"2019/08/21 09:45:00",GERMCRK,38.50
D,DISPATCH,UNIT_SCADA,1,"2019/08/21 09:45:00",GRIFSF1,12.199997
D,DISPATCH,UNIT_SCADA,1,"2019/08/21 09:45:00",HUGSF1,8.9490
D,DISPATCH,UNIT_SCADA,1,"2019/08/21 09:45:00",LKBONNY1,48.227055
D,DISPATCH,UNIT_SCADA,1,"2019/08/21 09:45:00",LRSF1,13.60
D,DISPATCH,UNIT_SCADA,1,"2019/08/21 09:45:00",MBAHNTH,55.856247
D,DISPATCH,UNIT_SCADA,1,"2019/08/21 09:45:00",MLSP1,9.560001
D,DISPATCH,UNIT_SCADA,1,"2019/08/21 09:45:00",MLWF1,13.7250
D,DISPATCH,UNIT_SCADA,1,"2019/08/21 09:45:00",MTMILLAR,9.614175
D,DISPATCH,UNIT_SCADA,1,"2019/08/21 09:45:00",PALOONA,26.75
D,DISPATCH,UNIT_SCADA,1,"2019/08/21 09:45:00",PIONEER,47
D,DISPATCH,UNIT_SCADA,1,"2019/08/21 09:45:00",PORTWF,132.800003
D,DISPATCH,UNIT_SCADA,1,"2019/08/21 09:45:00",REPULSE,28.815748
D,DISPATCH,UNIT_SCADA,1,"2019/08/21 09:45:00",ROWALLAN,10.2027
D,DISPATCH,UNIT_SCADA,1,"2019/08/21 09:45:00",ROYALLA1,13.497001
D,DISPATCH,UNIT_SCADA,1,"2019/08/21 09:45:00",RPCG,11.70
D,DISPATCH,UNIT_SCADA,1,"2019/08/21 09:45:00",RUBICON,0
D,DISPATCH,UNIT_SCADA,1,"2019/08/21 09:45:00",SATGN1,0
D,DISPATCH,UNIT_SCADA,1,"2019/08/21 09:45:00",SATGS1,0
D,DISPATCH,UNIT_SCADA,1,"2019/08/21 09:45:00",STARHLWF,8.197610
D,DISPATCH,UNIT_SCADA,1,"2019/08/21 09:45:00",WAUBRAWF,183.020996
D,DISPATCH,UNIT_SCADA,1,"2019/08/21 09:45:00",WOOLNTH1,93.160019
D,DISPATCH,UNIT_SCADA,1,"2019/08/21 09:45:00",WPWF,24
D,DISPATCH,UNIT_SCADA,1,"2019/08/21 09:45:00",YAMBUKWF,28.40
D,DISPATCH,UNIT_SCADA,1,"2019/08/21 09:45:00",YSWF1,28.700001
D,DISPATCH,UNIT_SCADA,1,"2019/08/21 09:45:00",AGLHAL,0
D,DISPATCH,UNIT_SCADA,1,"2019/08/21 09:45:00",AGLSOM,0
D,DISPATCH,UNIT_SCADA,1,"2019/08/21 09:45:00",ANGAST1,0
D,DISPATCH,UNIT_SCADA,1,"2019/08/21 09:45:00",ARWF1,192.399990
D,DISPATCH,UNIT_SCADA,1,"2019/08/21 09:45:00",BALBG1,0
D,DISPATCH,UNIT_SCADA,1,"2019/08/21 09:45:00",BALBL1,0
D,DISPATCH,UNIT_SCADA,1,"2019/08/21 09:45:00",BALDHWF1,101.136990
D,DISPATCH,UNIT_SCADA,1,"2019/08/21 09:45:00",BANN1,19.50
D,DISPATCH,UNIT_SCADA,1,"2019/08/21 09:45:00",BARCALDN,0
D,DISPATCH,UNIT_SCADA,1,"2019/08/21 09:45:00",BARRON-1,0
D,DISPATCH,UNIT_SCADA,1,"2019/08/21 09:45:00",BARRON-2,28.64
D,DISPATCH,UNIT_SCADA,1,"2019/08/21 09:45:00",BASTYAN,79.180010
D,DISPATCH,UNIT_SCADA,1,"2019/08/21 09:45:00",BBTHREE1,-1.90
D,DISPATCH,UNIT_SCADA,1,"2019/08/21 09:45:00",BBTHREE2,-1.93
D,DISPATCH,UNIT_SCADA,1,"2019/08/21 09:45:00",BBTHREE3,-1.03
D,DISPATCH,UNIT_SCADA,1,"2019/08/21 09:45:00",BDL01,0
D,DISPATCH,UNIT_SCADA,1,"2019/08/21 09:45:00",BDL02,-0.06
D,DISPATCH,UNIT_SCADA,1,"2019/08/21 09:45:00",BERYLSF1,17.609340
D,DISPATCH,UNIT_SCADA,1,"2019/08/21 09:45:00",BLOWERNG,0
D,DISPATCH,UNIT_SCADA,1,"2019/08/21 09:45:00",BLUFF1,18
D,DISPATCH,UNIT_SCADA,1,"2019/08/21 09:45:00",BNGSF1,78.69
D,DISPATCH,UNIT_SCADA,1,"2019/08/21 09:45:00",BNGSF2,19.96
D,DISPATCH,UNIT_SCADA,1,"2019/08/21 09:45:00",BOCORWF1,67.68
D,DISPATCH,UNIT_SCADA,1,"2019/08/21 09:45:00",BODWF1,93.008030
D,DISPATCH,UNIT_SCADA,1,"2019/08/21 09:45:00",BRAEMAR1,0
D,DISPATCH,UNIT_SCADA,1,"2019/08/21 09:45:00",BRAEMAR2,0
D,DISPATCH,UNIT_SCADA,1,"2019/08/21 09:45:00",BRAEMAR3,0
D,DISPATCH,UNIT_SCADA,1,"2019/08/21 09:45:00",BRAEMAR5,0
D,DISPATCH,UNIT_SCADA,1,"2019/08/21 09:45:00",BRAEMAR6,0
D,DISPATCH,UNIT_SCADA,1,"2019/08/21 09:45:00",BRAEMAR7,0
D,DISPATCH,UNIT_SCADA,1,"2019/08/21 09:45:00",BROKENH1,40.139890
D,DISPATCH,UNIT_SCADA,1,"2019/08/21 09:45:00",BW01,539.275020
D,DISPATCH,UNIT_SCADA,1,"2019/08/21 09:45:00",BW02,614.724980
D,DISPATCH,UNIT_SCADA,1,"2019/08/21 09:45:00",BW03,583.049930
D,DISPATCH,UNIT_SCADA,1,"2019/08/21 09:45:00",BW04,0
D,DISPATCH,UNIT_SCADA,1,"2019/08/21 09:45:00",CALL_B_1,297.100010
D,DISPATCH,UNIT_SCADA,1,"2019/08/21 09:45:00",CALL_B_2,280.399990
D,DISPATCH,UNIT_SCADA,1,"2019/08/21 09:45:00",CETHANA,80.2220
D,DISPATCH,UNIT_SCADA,1,"2019/08/21 09:45:00",CG1,0
D,DISPATCH,UNIT_SCADA,1,"2019/08/21 09:45:00",CG2,0
D,DISPATCH,UNIT_SCADA,1,"2019/08/21 09:45:00",CG3,0
D,DISPATCH,UNIT_SCADA,1,"2019/08/21 09:45:00",CG4,0
D,DISPATCH,UNIT_SCADA,1,"2019/08/21 09:45:00",CHILDSF1,40.04
D,DISPATCH,UNIT_SCADA,1,"2019/08/21 09:45:00",CLARESF1,45.5209
D,DISPATCH,UNIT_SCADA,1,"2019/08/21 09:45:00",CLEMGPWF,1.800880
D,DISPATCH,UNIT_SCADA,1,"2019/08/21 09:45:00",CLERMSF1,15.04
D,DISPATCH,UNIT_SCADA,1,"2019/08/21 09:45:00",COLEASF1,104.50
D,DISPATCH,UNIT_SCADA,1,"2019/08/21 09:45:00",COOPGWF1,30.561250
D,DISPATCH,UNIT_SCADA,1,"2019/08/21 09:45:00",CPP_3,279.950010
D,DISPATCH,UNIT_SCADA,1,"2019/08/21 09:45:00",CPP_4,407
D,DISPATCH,UNIT_SCADA,1,"2019/08/21 09:45:00",CPSA,142.611880
D,DISPATCH,UNIT_SCADA,1,"2019/08/21 09:45:00",CROOKWF2,84.523750
D,DISPATCH,UNIT_SCADA,1,"2019/08/21 09:45:00",CROWLWF1,46.475270
D,DISPATCH,UNIT_SCADA,1,"2019/08/21 09:45:00",CSPVPS1,32.0340
D,DISPATCH,UNIT_SCADA,1,"2019/08/21 09:45:00",DALNTH01,0.001530
D,DISPATCH,UNIT_SCADA,1,"2019/08/21 09:45:00",DALNTHL1,0
D,DISPATCH,UNIT_SCADA,1,"2019/08/21 09:45:00",DARTM1,134.70
D,DISPATCH,UNIT_SCADA,1,"2019/08/21 09:45:00",DAYDSF1,117.642010
D,DISPATCH,UNIT_SCADA,1,"2019/08/21 09:45:00",DDPS1,0
D,DISPATCH,UNIT_SCADA,1,"2019/08/21 09:45:00",DDSF1,99.966970
D,DISPATCH,UNIT_SCADA,1,"2019/08/21 09:45:00",DEVILS_G,0
D,DISPATCH,UNIT_SCADA,1,"2019/08/21 09:45:00",DG_NSW1,0
D,DISPATCH,UNIT_SCADA,1,"2019/08/21 09:45:00",DG_QLD1,0
D,DISPATCH,UNIT_SCADA,1,"2019/08/21 09:45:00",DG_SA1,0
D,DISPATCH,UNIT_SCADA,1,"2019/08/21 09:45:00",DG_TAS1,0
D,DISPATCH,UNIT_SCADA,1,"2019/08/21 09:45:00",DG_VIC1,0
D,DISPATCH,UNIT_SCADA,1,"2019/08/21 09:45:00",DRYCGT1,0
D,DISPATCH,UNIT_SCADA,1,"2019/08/21 09:45:00",DRYCGT2,0
D,DISPATCH,UNIT_SCADA,1,"2019/08/21 09:45:00",DRYCGT3,0
D,DISPATCH,UNIT_SCADA,1,"2019/08/21 09:45:00",EILDON1,0
D,DISPATCH,UNIT_SCADA,1,"2019/08/21 09:45:00",EILDON2,0
D,DISPATCH,UNIT_SCADA,1,"2019/08/21 09:45:00",EMERASF1,60.87
D,DISPATCH,UNIT_SCADA,1,"2019/08/21 09:45:00",ER01,479
D,DISPATCH,UNIT_SCADA,1,"2019/08/21 09:45:00",ER02,537.800050
D,DISPATCH,UNIT_SCADA,1,"2019/08/21 09:45:00",ER03,699.650020
D,DISPATCH,UNIT_SCADA,1,"2019/08/21 09:45:00",ER04,536.7251
D,DISPATCH,UNIT_SCADA,1,"2019/08/21 09:45:00",FINLYSF1,2.249440
D,DISPATCH,UNIT_SCADA,1,"2019/08/21 09:45:00",FISHER,45.90
D,DISPATCH,UNIT_SCADA,1,"2019/08/21 09:45:00",GANNBG1,0.0005
D,DISPATCH,UNIT_SCADA,1,"2019/08/21 09:45:00",GANNBL1,0
D,DISPATCH,UNIT_SCADA,1,"2019/08/21 09:45:00",GANNSF1,17.70
D,DISPATCH,UNIT_SCADA,1,"2019/08/21 09:45:00",GORDON,1.550080
D,DISPATCH,UNIT_SCADA,1,"2019/08/21 09:45:00",GSTONE1,110.25
D,DISPATCH,UNIT_SCADA,1,"2019/08/21 09:45:00",GSTONE2,110.7750
D,DISPATCH,UNIT_SCADA,1,"2019/08/21 09:45:00",GSTONE3,110.7750
D,DISPATCH,UNIT_SCADA,1,"2019/08/21 09:45:00",GSTONE4,130.55
D,DISPATCH,UNIT_SCADA,1,"2019/08/21 09:45:00",GSTONE5,129.50
D,DISPATCH,UNIT_SCADA,1,"2019/08/21 09:45:00",GSTONE6,0
D,DISPATCH,UNIT_SCADA,1,"2019/08/21 09:45:00",GULLRSF1,5.979980
D,DISPATCH,UNIT_SCADA,1,"2019/08/21 09:45:00",GULLRWF1,154.445220
D,DISPATCH,UNIT_SCADA,1,"2019/08/21 09:45:00",GUNNING1,43.119830
D,DISPATCH,UNIT_SCADA,1,"2019/08/21 09:45:00",GUTHEGA,0
D,DISPATCH,UNIT_SCADA,1,"2019/08/21 09:45:00",HALLWF1,45.02
D,DISPATCH,UNIT_SCADA,1,"2019/08/21 09:45:00",HALLWF2,37.38
D,DISPATCH,UNIT_SCADA,1,"2019/08/21 09:45:00",HAMISF1,46.80
D,DISPATCH,UNIT_SCADA,1,"2019/08/21 09:45:00",HAUGHT11,50.032640
D,DISPATCH,UNIT_SCADA,1,"2019/08/21 09:45:00",HAYMSF1,42.2760
D,DISPATCH,UNIT_SCADA,1,"2019/08/21 09:45:00",HDWF1,41.60
D,DISPATCH,UNIT_SCADA,1,"2019/08/21 09:45:00",HDWF2,32.90
D,DISPATCH,UNIT_SCADA,1,"2019/08/21 09:45:00",HDWF3,40
D,DISPATCH,UNIT_SCADA,1,"2019/08/21 09:45:00",HPRG1,10
D,DISPATCH,UNIT_SCADA,1,"2019/08/21 09:45:00",HPRL1,0
D,DISPATCH,UNIT_SCADA,1,"2019/08/21 09:45:00",HUMENSW,0
D,DISPATCH,UNIT_SCADA,1,"2019/08/21 09:45:00",HUMEV,8.30
D,DISPATCH,UNIT_SCADA,1,"2019/08/21 09:45:00",HVGTS,0
D,DISPATCH,UNIT_SCADA,1,"2019/08/21 09:45:00",JBUTTERS,138.33
D,DISPATCH,UNIT_SCADA,1,"2019/08/21 09:45:00",JLA01,0.50
D,DISPATCH,UNIT_SCADA,1,"2019/08/21 09:45:00",JLA02,0
D,DISPATCH,UNIT_SCADA,1,"2019/08/21 09:45:00",JLA03,0.10
D,DISPATCH,UNIT_SCADA,1,"2019/08/21 09:45:00",JLA04,0.10
D,DISPATCH,UNIT_SCADA,1,"2019/08/21 09:45:00",JLB01,0
D,DISPATCH,UNIT_SCADA,1,"2019/08/21 09:45:00",JLB02,0.10
D,DISPATCH,UNIT_SCADA,1,"2019/08/21 09:45:00",JLB03,0
D,DISPATCH,UNIT_SCADA,1,"2019/08/21 09:45:00",KAREEYA1,21.4275
D,DISPATCH,UNIT_SCADA,1,"2019/08/21 09:45:00",KAREEYA2,21.52
D,DISPATCH,UNIT_SCADA,1,"2019/08/21 09:45:00",KAREEYA3,0
D,DISPATCH,UNIT_SCADA,1,"2019/08/21 09:45:00",KAREEYA4,21.7650
D,DISPATCH,UNIT_SCADA,1,"2019/08/21 09:45:00",KARSF1,45.10
D,DISPATCH,UNIT_SCADA,1,"2019/08/21 09:45:00",KIATAWF1,30
D,DISPATCH,UNIT_SCADA,1,"2019/08/21 09:45:00",KPP_1,0
D,DISPATCH,UNIT_SCADA,1,"2019/08/21 09:45:00",KSP1,46.65
D,DISPATCH,UNIT_SCADA,1,"2019/08/21 09:45:00",LADBROK1,42.09
D,DISPATCH,UNIT_SCADA,1,"2019/08/21 09:45:00",LADBROK2,42.76
D,DISPATCH,UNIT_SCADA,1,"2019/08/21 09:45:00",LD01,381.899960
D,DISPATCH,UNIT_SCADA,1,"2019/08/21 09:45:00",LD02,379.143770
D,DISPATCH,UNIT_SCADA,1,"2019/08/21 09:45:00",LD03,377.793730
D,DISPATCH,UNIT_SCADA,1,"2019/08/21 09:45:00",LD04,382.50
D,DISPATCH,UNIT_SCADA,1,"2019/08/21 09:45:00",LEM_WIL,86.0659
D,DISPATCH,UNIT_SCADA,1,"2019/08/21 09:45:00",LGAPWF1,10.36
D,DISPATCH,UNIT_SCADA,1,"2019/08/21 09:45:00",LILYSF1,95.420410
D,DISPATCH,UNIT_SCADA,1,"2019/08/21 09:45:00",LI_WY_CA,147.841930
D,DISPATCH,UNIT_SCADA,1,"2019/08/21 09:45:00",LKBONNY2,90.770990
D,DISPATCH,UNIT_SCADA,1,"2019/08/21 09:45:00",LKBONNY3,25.343190
D,DISPATCH,UNIT_SCADA,1,"2019/08/21 09:45:00",LK_ECHO,0
D,DISPATCH,UNIT_SCADA,1,"2019/08/21 09:45:00",LNGS1,0
D,DISPATCH,UNIT_SCADA,1,"2019/08/21 09:45:00",LNGS2,0
D,DISPATCH,UNIT_SCADA,1,"2019/08/21 09:45:00",LONSDALE,0
D,DISPATCH,UNIT_SCADA,1,"2019/08/21 09:45:00",LOYYB1,535.712650
D,DISPATCH,UNIT_SCADA,1,"2019/08/21 09:45:00",LOYYB2,584.210140
D,DISPATCH,UNIT_SCADA,1,"2019/08/21 09:45:00",LYA1,499
D,DISPATCH,UNIT_SCADA,1,"2019/08/21 09:45:00",LYA2,0
D,DISPATCH,UNIT_SCADA,1,"2019/08/21 09:45:00",LYA3,560
D,DISPATCH,UNIT_SCADA,1,"2019/08/21 09:45:00",LYA4,529
D,DISPATCH,UNIT_SCADA,1,"2019/08/21 09:45:00",MACARTH1,269.193790
D,DISPATCH,UNIT_SCADA,1,"2019/08/21 09:45:00",MACKAYGT,0
D,DISPATCH,UNIT_SCADA,1,"2019/08/21 09:45:00",MACKNTSH,85.600010
D,DISPATCH,UNIT_SCADA,1,"2019/08/21 09:45:00",MANSLR1,8.4320
D,DISPATCH,UNIT_SCADA,1,"2019/08/21 09:45:00",MCKAY1,0.02
D,DISPATCH,UNIT_SCADA,1,"2019/08/21 09:45:00",MEADOWBK,34.038780
D,DISPATCH,UNIT_SCADA,1,"2019/08/21 09:45:00",MERCER01,123.002010
D,DISPATCH,UNIT_SCADA,1,"2019/08/21 09:45:00",MEWF1,95.932410
D,DISPATCH,UNIT_SCADA,1,"2019/08/21 09:45:00",MINTARO,0
D,DISPATCH,UNIT_SCADA,1,"2019/08/21 09:45:00",MOREESF1,51.3440
D,DISPATCH,UNIT_SCADA,1,"2019/08/21 09:45:00",MORTLK11,0
D,DISPATCH,UNIT_SCADA,1,"2019/08/21 09:45:00",MORTLK12,0
D,DISPATCH,UNIT_SCADA,1,"2019/08/21 09:45:00",MP1,280
D,DISPATCH,UNIT_SCADA,1,"2019/08/21 09:45:00",MP2,0
D,DISPATCH,UNIT_SCADA,1,"2019/08/21 09:45:00",MPP_1,253.25
D,DISPATCH,UNIT_SCADA,1,"2019/08/21 09:45:00",MPP_2,383.50
D,DISPATCH,UNIT_SCADA,1,"2019/08/21 09:45:00",MSTUART1,0
D,DISPATCH,UNIT_SCADA,1,"2019/08/21 09:45:00",MSTUART2,0
D,DISPATCH,UNIT_SCADA,1,"2019/08/21 09:45:00",MSTUART3,0
D,DISPATCH,UNIT_SCADA,1,"2019/08/21 09:45:00",MTGELWF1,64.786220
D,DISPATCH,UNIT_SCADA,1,"2019/08/21 09:45:00",MURRAY,112.50
D,DISPATCH,UNIT_SCADA,1,"2019/08/21 09:45:00",MUSSELR1,142.100010
D,DISPATCH,UNIT_SCADA,1,"2019/08/21 09:45:00",MUWAWF1,51.36
D,DISPATCH,UNIT_SCADA,1,"2019/08/21 09:45:00",NBHWF1,46.20
D,DISPATCH,UNIT_SCADA,1,"2019/08/21 09:45:00",NPS,0
D,DISPATCH,UNIT_SCADA,1,"2019/08/21 09:45:00",NUMURSF1,51.11
D,DISPATCH,UNIT_SCADA,1,"2019/08/21 09:45:00",NYNGAN1,84
D,DISPATCH,UNIT_SCADA,1,"2019/08/21 09:45:00",OAKEY1,0
D,DISPATCH,UNIT_SCADA,1,"2019/08/21 09:45:00",OAKEY1SF,0.6550
D,DISPATCH,UNIT_SCADA,1,"2019/08/21 09:45:00",OAKEY2,0
D,DISPATCH,UNIT_SCADA,1,"2019/08/21 09:45:00",OAKLAND1,59.40
D,DISPATCH,UNIT_SCADA,1,"2019/08/21 09:45:00",OSB-AG,0
D,DISPATCH,UNIT_SCADA,1,"2019/08/21 09:45:00",PARSF1,9
D,DISPATCH,UNIT_SCADA,1,"2019/08/21 09:45:00",POAT110,0
D,DISPATCH,UNIT_SCADA,1,"2019/08/21 09:45:00",POAT220,1.051360
D,DISPATCH,UNIT_SCADA,1,"2019/08/21 09:45:00",POR01,0
D,DISPATCH,UNIT_SCADA,1,"2019/08/21 09:45:00",POR03,0
D,DISPATCH,UNIT_SCADA,1,"2019/08/21 09:45:00",PPCCGT,174.223310
D,DISPATCH,UNIT_SCADA,1,"2019/08/21 09:45:00",PTSTAN1,0
D,DISPATCH,UNIT_SCADA,1,"2019/08/21 09:45:00",PUMP1,0
D,DISPATCH,UNIT_SCADA,1,"2019/08/21 09:45:00",PUMP2,0
D,DISPATCH,UNIT_SCADA,1,"2019/08/21 09:45:00",QPS1,29
D,DISPATCH,UNIT_SCADA,1,"2019/08/21 09:45:00",QPS2,0
D,DISPATCH,UNIT_SCADA,1,"2019/08/21 09:45:00",QPS3,0
D,DISPATCH,UNIT_SCADA,1,"2019/08/21 09:45:00",QPS4,0
D,DISPATCH,UNIT_SCADA,1,"2019/08/21 09:45:00",QPS5,75.54
D,DISPATCH,UNIT_SCADA,1,"2019/08/21 09:45:00",REECE1,116.390010
D,DISPATCH,UNIT_SCADA,1,"2019/08/21 09:45:00",REECE2,116.560010
D,DISPATCH,UNIT_SCADA,1,"2019/08/21 09:45:00",ROMA_7,0
D,DISPATCH,UNIT_SCADA,1,"2019/08/21 09:45:00",ROMA_8,0
D,DISPATCH,UNIT_SCADA,1,"2019/08/21 09:45:00",RRSF1,106.6123
D,DISPATCH,UNIT_SCADA,1,"2019/08/21 09:45:00",RT_NSW1,0
D,DISPATCH,UNIT_SCADA,1,"2019/08/21 09:45:00",RT_NSW2,0
D,DISPATCH,UNIT_SCADA,1,"2019/08/21 09:45:00",RT_NSW3,0
D,DISPATCH,UNIT_SCADA,1,"2019/08/21 09:45:00",RT_NSW4,0
D,DISPATCH,UNIT_SCADA,1,"2019/08/21 09:45:00",RT_NSW5,0
D,DISPATCH,UNIT_SCADA,1,"2019/08/21 09:45:00",RT_NSW6,0
D,DISPATCH,UNIT_SCADA,1,"2019/08/21 09:45:00",RT_QLD1,0
D,DISPATCH,UNIT_SCADA,1,"2019/08/21 09:45:00",RT_SA1,0
D,DISPATCH,UNIT_SCADA,1,"2019/08/21 09:45:00",RT_SA2,0
D,DISPATCH,UNIT_SCADA,1,"2019/08/21 09:45:00",RT_SA3,0
D,DISPATCH,UNIT_SCADA,1,"2019/08/21 09:45:00",RT_SA4,0
D,DISPATCH,UNIT_SCADA,1,"2019/08/21 09:45:00",RT_SA5,0
D,DISPATCH,UNIT_SCADA,1,"2019/08/21 09:45:00",RT_SA6,0
D,DISPATCH,UNIT_SCADA,1,"2019/08/21 09:45:00",RT_TAS1,0
D,DISPATCH,UNIT_SCADA,1,"2019/08/21 09:45:00",RT_VIC1,0
D,DISPATCH,UNIT_SCADA,1,"2019/08/21 09:45:00",RT_VIC10,0
D,DISPATCH,UNIT_SCADA,1,"2019/08/21 09:45:00",RT_VIC11,0
D,DISPATCH,UNIT_SCADA,1,"2019/08/21 09:45:00",RT_VIC12,0
D,DISPATCH,UNIT_SCADA,1,"2019/08/21 09:45:00",RT_VIC2,0
D,DISPATCH,UNIT_SCADA,1,"2019/08/21 09:45:00",RT_VIC3,0
D,DISPATCH,UNIT_SCADA,1,"2019/08/21 09:45:00",RT_VIC4,0
D,DISPATCH,UNIT_SCADA,1,"2019/08/21 09:45:00",RT_VIC5,0
D,DISPATCH,UNIT_SCADA,1,"2019/08/21 09:45:00",RT_VIC6,0
D,DISPATCH,UNIT_SCADA,1,"2019/08/21 09:45:00",RT_VIC7,0
D,DISPATCH,UNIT_SCADA,1,"2019/08/21 09:45:00",RT_VIC8,0
D,DISPATCH,UNIT_SCADA,1,"2019/08/21 09:45:00",RT_VIC9,0
D,DISPATCH,UNIT_SCADA,1,"2019/08/21 09:45:00",RUGBYR1,45.2137
D,DISPATCH,UNIT_SCADA,1,"2019/08/21 09:45:00",SALTCRK1,52.11
D,DISPATCH,UNIT_SCADA,1,"2019/08/21 09:45:00",SAPHWF1,133.321870
D,DISPATCH,UNIT_SCADA,1,"2019/08/21 09:45:00",SHGEN,0
D,DISPATCH,UNIT_SCADA,1,"2019/08/21 09:45:00",SHPUMP,121.596880
D,DISPATCH,UNIT_SCADA,1,"2019/08/21 09:45:00",SITHE01,0.515580
D,DISPATCH,UNIT_SCADA,1,"2019/08/21 09:45:00",SMCSF1,74.6599
D,DISPATCH,UNIT_SCADA,1,"2019/08/21 09:45:00",SNOWNTH1,47
D,DISPATCH,UNIT_SCADA,1,"2019/08/21 09:45:00",SNOWSTH1,56.90
D,DISPATCH,UNIT_SCADA,1,"2019/08/21 09:45:00",SNOWTWN1,29.293640
D,DISPATCH,UNIT_SCADA,1,"2019/08/21 09:45:00",SNOWYP,0
D,DISPATCH,UNIT_SCADA,1,"2019/08/21 09:45:00",SNUG1,0.019440
D,DISPATCH,UNIT_SCADA,1,"2019/08/21 09:45:00",SRSF1,35.57
D,DISPATCH,UNIT_SCADA,1,"2019/08/21 09:45:00",STAN-1,0
D,DISPATCH,UNIT_SCADA,1,"2019/08/21 09:45:00",STAN-2,274.2753
D,DISPATCH,UNIT_SCADA,1,"2019/08/21 09:45:00",STAN-3,274.390660
D,DISPATCH,UNIT_SCADA,1,"2019/08/21 09:45:00",STAN-4,267.738220
D,DISPATCH,UNIT_SCADA,1,"2019/08/21 09:45:00",STWF1,12.566250
D,DISPATCH,UNIT_SCADA,1,"2019/08/21 09:45:00",SWAN_E,0
D,DISPATCH,UNIT_SCADA,1,"2019/08/21 09:45:00",TALWA1,0
D,DISPATCH,UNIT_SCADA,1,"2019/08/21 09:45:00",TARALGA1,29.565010
D,DISPATCH,UNIT_SCADA,1,"2019/08/21 09:45:00",TARONG#1,274.600010
D,DISPATCH,UNIT_SCADA,1,"2019/08/21 09:45:00",TARONG#2,274.399990
D,DISPATCH,UNIT_SCADA,1,"2019/08/21 09:45:00",TARONG#3,259.50
D,DISPATCH,UNIT_SCADA,1,"2019/08/21 09:45:00",TARONG#4,280.50
D,DISPATCH,UNIT_SCADA,1,"2019/08/21 09:45:00",TARRALEA,75
D,DISPATCH,UNIT_SCADA,1,"2019/08/21 09:45:00",TBSF1,54.30
D,DISPATCH,UNIT_SCADA,1,"2019/08/21 09:45:00",TNPS1,442.000030
D,DISPATCH,UNIT_SCADA,1,"2019/08/21 09:45:00",TORRA1,41.7462
D,DISPATCH,UNIT_SCADA,1,"2019/08/21 09:45:00",TORRA2,0
D,DISPATCH,UNIT_SCADA,1,"2019/08/21 09:45:00",TORRA3,0
D,DISPATCH,UNIT_SCADA,1,"2019/08/21 09:45:00",TORRA4,0
D,DISPATCH,UNIT_SCADA,1,"2019/08/21 09:45:00",TORRB1,40.69
D,DISPATCH,UNIT_SCADA,1,"2019/08/21 09:45:00",TORRB2,61.04
D,DISPATCH,UNIT_SCADA,1,"2019/08/21 09:45:00",TORRB3,0
D,DISPATCH,UNIT_SCADA,1,"2019/08/21 09:45:00",TORRB4,0
D,DISPATCH,UNIT_SCADA,1,"2019/08/21 09:45:00",TREVALLN,69.620010
D,DISPATCH,UNIT_SCADA,1,"2019/08/21 09:45:00",TRIBUTE,68.96
D,DISPATCH,UNIT_SCADA,1,"2019/08/21 09:45:00",TUMUT3,0
D,DISPATCH,UNIT_SCADA,1,"2019/08/21 09:45:00",TUNGATIN,119.740040
D,DISPATCH,UNIT_SCADA,1,"2019/08/21 09:45:00",TVCC201,0
D,DISPATCH,UNIT_SCADA,1,"2019/08/21 09:45:00",TVPP104,57.807020
D,DISPATCH,UNIT_SCADA,1,"2019/08/21 09:45:00",UPPTUMUT,0
D,DISPATCH,UNIT_SCADA,1,"2019/08/21 09:45:00",URANQ11,0
D,DISPATCH,UNIT_SCADA,1,"2019/08/21 09:45:00",URANQ12,0
D,DISPATCH,UNIT_SCADA,1,"2019/08/21 09:45:00",URANQ13,0
D,DISPATCH,UNIT_SCADA,1,"2019/08/21 09:45:00",URANQ14,0
D,DISPATCH,UNIT_SCADA,1,"2019/08/21 09:45:00",VP5,373.075010
D,DISPATCH,UNIT_SCADA,1,"2019/08/21 09:45:00",VP6,371.1250
D,DISPATCH,UNIT_SCADA,1,"2019/08/21 09:45:00",VPGS1,0
D,DISPATCH,UNIT_SCADA,1,"2019/08/21 09:45:00",VPGS2,0
D,DISPATCH,UNIT_SCADA,1,"2019/08/21 09:45:00",VPGS3,0
D,DISPATCH,UNIT_SCADA,1,"2019/08/21 09:45:00",VPGS4,0
D,DISPATCH,UNIT_SCADA,1,"2019/08/21 09:45:00",VPGS5,0
D,DISPATCH,UNIT_SCADA,1,"2019/08/21 09:45:00",VPGS6,0
D,DISPATCH,UNIT_SCADA,1,"2019/08/21 09:45:00",W/HOE#1,0
D,DISPATCH,UNIT_SCADA,1,"2019/08/21 09:45:00",W/HOE#2,0
D,DISPATCH,UNIT_SCADA,1,"2019/08/21 09:45:00",WATERLWF,94.70
D,DISPATCH,UNIT_SCADA,1,"2019/08/21 09:45:00",WEMENSF1,15.20
D,DISPATCH,UNIT_SCADA,1,"2019/08/21 09:45:00",WGWF1,47.30
D,DISPATCH,UNIT_SCADA,1,"2019/08/21 09:45:00",WHITSF1,44.90
D,DISPATCH,UNIT_SCADA,1,"2019/08/21 09:45:00",WKIEWA1,0
D,DISPATCH,UNIT_SCADA,1,"2019/08/21 09:45:00",WKIEWA2,14.10
D,DISPATCH,UNIT_SCADA,1,"2019/08/21 09:45:00",WOODLWN1,45.09
D,DISPATCH,UNIT_SCADA,1,"2019/08/21 09:45:00",WRSF1,19.03
D,DISPATCH,UNIT_SCADA,1,"2019/08/21 09:45:00",WRWF1,123.828740
D,DISPATCH,UNIT_SCADA,1,"2019/08/21 09:45:00",YABULU,0
D,DISPATCH,UNIT_SCADA,1,"2019/08/21 09:45:00",YABULU2,0
D,DISPATCH,UNIT_SCADA,1,"2019/08/21 09:45:00",YARWUN_1,0
D,DISPATCH,UNIT_SCADA,1,"2019/08/21 09:45:00",YENDWF1,42.57
D,DISPATCH,UNIT_SCADA,1,"2019/08/21 09:45:00",YWPS1,381.7038
D,DISPATCH,UNIT_SCADA,1,"2019/08/21 09:45:00",YWPS2,279.194950
D,DISPATCH,UNIT_SCADA,1,"2019/08/21 09:45:00",YWPS3,0
D,DISPATCH,UNIT_SCADA,1,"2019/08/21 09:45:00",YWPS4,397.213930
C,"END OF REPORT",334
