C,NEMP.WORLD,DISPATCHSCADA,AEMO,PUBLIC,2019/08/21,19:15:07,0000000311838023,DISPATCHSCADA,0000000311838017
I,DISPATCH,UNIT_SCADA,1,SETTLEMENTDATE,DUID,SCADAVALUE
D,DISPATCH,UNIT_SCADA,1,"2019/08/21 19:20:00",BARCSF1,0.70
D,DISPATCH,UNIT_SCADA,1,"2019/08/21 19:20:00",BUTLERSG,9.599998
D,DISPATCH,UNIT_SCADA,1,"2019/08/21 19:20:00",CALL_A_4,0
D,DISPATCH,UNIT_SCADA,1,"2019/08/21 19:20:00",CAPTL_WF,130.807999
D,DISPATCH,UNIT_SCADA,1,"2019/08/21 19:20:00",CATHROCK,39.269997
D,DISPATCH,UNIT_SCADA,1,"2019/08/21 19:20:00",CHALLHWF,38.50
D,DISPATCH,UNIT_SCADA,1,"2019/08/21 19:20:00",CLOVER,-0.01
D,DISPATCH,UNIT_SCADA,1,"2019/08/21 19:20:00",CLUNY,20.112154
D,DISPATCH,UNIT_SCADA,1,"2019/08/21 19:20:00",CNUNDAWF,41.348236
D,DISPATCH,UNIT_SCADA,1,"2019/08/21 19:20:00",CULLRGWF,30.42
D,DISPATCH,UNIT_SCADA,1,"2019/08/21 19:20:00",ERGT01,0
D,DISPATCH,UNIT_SCADA,1,"2019/08/21 19:20:00",GB01,0.070976
D,DISPATCH,UNIT_SCADA,1,"2019/08/21 19:20:00",GERMCRK,36.599998
D,DISPATCH,UNIT_SCADA,1,"2019/08/21 19:20:00",GRIFSF1,0
D,DISPATCH,UNIT_SCADA,1,"2019/08/21 19:20:00",HUGSF1,-0.1430
D,DISPATCH,UNIT_SCADA,1,"2019/08/21 19:20:00",LKBONNY1,67.517876
D,DISPATCH,UNIT_SCADA,1,"2019/08/21 19:20:00",LRSF1,0.0390
D,DISPATCH,UNIT_SCADA,1,"2019/08/21 19:20:00",MBAHNTH,55.856247
D,DISPATCH,UNIT_SCADA,1,"2019/08/21 19:20:00",MLSP1,0.271001
D,DISPATCH,UNIT_SCADA,1,"2019/08/21 19:20:00",MLWF1,19.154999
D,DISPATCH,UNIT_SCADA,1,"2019/08/21 19:20:00",MTMILLAR,17.338255
D,DISPATCH,UNIT_SCADA,1,"2019/08/21 19:20:00",PALOONA,23.769999
D,DISPATCH,UNIT_SCADA,1,"2019/08/21 19:20:00",PIONEER,34
D,DISPATCH,UNIT_SCADA,1,"2019/08/21 19:20:00",PORTWF,141.199997
D,DISPATCH,UNIT_SCADA,1,"2019/08/21 19:20:00",REPULSE,28.803539
D,DISPATCH,UNIT_SCADA,1,"2019/08/21 19:20:00",ROWALLAN,10.2382
D,DISPATCH,UNIT_SCADA,1,"2019/08/21 19:20:00",ROYALLA1,0
D,DISPATCH,UNIT_SCADA,1,"2019/08/21 19:20:00",RPCG,11
D,DISPATCH,UNIT_SCADA,1,"2019/08/21 19:20:00",RUBICON,0
D,DISPATCH,UNIT_SCADA,1,"2019/08/21 19:20:00",SATGN1,0
D,DISPATCH,UNIT_SCADA,1,"2019/08/21 19:20:00",SATGS1,0
D,DISPATCH,UNIT_SCADA,1,"2019/08/21 19:20:00",STARHLWF,11.896531
D,DISPATCH,UNIT_SCADA,1,"2019/08/21 19:20:00",WAUBRAWF,175.516006
D,DISPATCH,UNIT_SCADA,1,"2019/08/21 19:20:00",WOOLNTH1,127.200012
D,DISPATCH,UNIT_SCADA,1,"2019/08/21 19:20:00",WPWF,40
D,DISPATCH,UNIT_SCADA,1,"2019/08/21 19:20:00",YAMBUKWF,30
D,DISPATCH,UNIT_SCADA,1,"2019/08/21 19:20:00",YSWF1,28.700001
D,DISPATCH,UNIT_SCADA,1,"2019/08/21 19:20:00",AGLHAL,0
D,DISPATCH,UNIT_SCADA,1,"2019/08/21 19:20:00",AGLSOM,0
D,DISPATCH,UNIT_SCADA,1,"2019/08/21 19:20:00",ANGAST1,0
D,DISPATCH,UNIT_SCADA,1,"2019/08/21 19:20:00",ARWF1,138.70
D,DISPATCH,UNIT_SCADA,1,"2019/08/21 19:20:00",BALBG1,0
D,DISPATCH,UNIT_SCADA,1,"2019/08/21 19:20:00",BALBL1,0
D,DISPATCH,UNIT_SCADA,1,"2019/08/21 19:20:00",BALDHWF1,101.2560
D,DISPATCH,UNIT_SCADA,1,"2019/08/21 19:20:00",BANN1,0
D,DISPATCH,UNIT_SCADA,1,"2019/08/21 19:20:00",BARCALDN,0
D,DISPATCH,UNIT_SCADA,1,"2019/08/21 19:20:00",BARRON-1,0
D,DISPATCH,UNIT_SCADA,1,"2019/08/21 19:20:00",BARRON-2,28.56
D,DISPATCH,UNIT_SCADA,1,"2019/08/21 19:20:00",BASTYAN,78.41
D,DISPATCH,UNIT_SCADA,1,"2019/08/21 19:20:00",BBTHREE1,-1.85
D,DISPATCH,UNIT_SCADA,1,"2019/08/21 19:20:00",BBTHREE2,-1.89
D,DISPATCH,UNIT_SCADA,1,"2019/08/21 19:20:00",BBTHREE3,0
D,DISPATCH,UNIT_SCADA,1,"2019/08/21 19:20:00",BDL01,42.60
D,DISPATCH,UNIT_SCADA,1,"2019/08/21 19:20:00",BDL02,0
D,DISPATCH,UNIT_SCADA,1,"2019/08/21 19:20:00",BERYLSF1,0
D,DISPATCH,UNIT_SCADA,1,"2019/08/21 19:20:00",BLOWERNG,0
D,DISPATCH,UNIT_SCADA,1,"2019/08/21 19:20:00",BLUFF1,22.50
D,DISPATCH,UNIT_SCADA,1,"2019/08/21 19:20:00",BNGSF1,0
D,DISPATCH,UNIT_SCADA,1,"2019/08/21 19:20:00",BNGSF2,0
D,DISPATCH,UNIT_SCADA,1,"2019/08/21 19:20:00",BOCORWF1,111
D,DISPATCH,UNIT_SCADA,1,"2019/08/21 19:20:00",BODWF1,61.621680
D,DISPATCH,UNIT_SCADA,1,"2019/08/21 19:20:00",BRAEMAR1,0
D,DISPATCH,UNIT_SCADA,1,"2019/08/21 19:20:00",BRAEMAR2,172.80
D,DISPATCH,UNIT_SCADA,1,"2019/08/21 19:20:00",BRAEMAR3,0
D,DISPATCH,UNIT_SCADA,1,"2019/08/21 19:20:00",BRAEMAR5,0
D,DISPATCH,UNIT_SCADA,1,"2019/08/21 19:20:00",BRAEMAR6,0
D,DISPATCH,UNIT_SCADA,1,"2019/08/21 19:20:00",BRAEMAR7,0
D,DISPATCH,UNIT_SCADA,1,"2019/08/21 19:20:00",BROKENH1,0
D,DISPATCH,UNIT_SCADA,1,"2019/08/21 19:20:00",BW01,656.449950
D,DISPATCH,UNIT_SCADA,1,"2019/08/21 19:20:00",BW02,651.199950
D,DISPATCH,UNIT_SCADA,1,"2019/08/21 19:20:00",BW03,652.6250
D,DISPATCH,UNIT_SCADA,1,"2019/08/21 19:20:00",BW04,0
D,DISPATCH,UNIT_SCADA,1,"2019/08/21 19:20:00",CALL_B_1,350.399990
D,DISPATCH,UNIT_SCADA,1,"2019/08/21 19:20:00",CALL_B_2,350.600010
D,DISPATCH,UNIT_SCADA,1,"2019/08/21 19:20:00",CETHANA,98.9030
D,DISPATCH,UNIT_SCADA,1,"2019/08/21 19:20:00",CG1,0
D,DISPATCH,UNIT_SCADA,1,"2019/08/21 19:20:00",CG2,0
D,DISPATCH,UNIT_SCADA,1,"2019/08/21 19:20:00",CG3,0
D,DISPATCH,UNIT_SCADA,1,"2019/08/21 19:20:00",CG4,0
D,DISPATCH,UNIT_SCADA,1,"2019/08/21 19:20:00",CHILDSF1,0.01
D,DISPATCH,UNIT_SCADA,1,"2019/08/21 19:20:00",CLARESF1,0
D,DISPATCH,UNIT_SCADA,1,"2019/08/21 19:20:00",CLEMGPWF,23.843590
D,DISPATCH,UNIT_SCADA,1,"2019/08/21 19:20:00",CLERMSF1,0
D,DISPATCH,UNIT_SCADA,1,"2019/08/21 19:20:00",COLEASF1,0
D,DISPATCH,UNIT_SCADA,1,"2019/08/21 19:20:00",COOPGWF1,29.877370
D,DISPATCH,UNIT_SCADA,1,"2019/08/21 19:20:00",CPP_3,405.350010
D,DISPATCH,UNIT_SCADA,1,"2019/08/21 19:20:00",CPP_4,405.6250
D,DISPATCH,UNIT_SCADA,1,"2019/08/21 19:20:00",CPSA,142.415620
D,DISPATCH,UNIT_SCADA,1,"2019/08/21 19:20:00",CROOKWF2,92.273760
D,DISPATCH,UNIT_SCADA,1,"2019/08/21 19:20:00",CROWLWF1,32.092160
D,DISPATCH,UNIT_SCADA,1,"2019/08/21 19:20:00",CSPVPS1,0.0430
D,DISPATCH,UNIT_SCADA,1,"2019/08/21 19:20:00",DALNTH01,0
D,DISPATCH,UNIT_SCADA,1,"2019/08/21 19:20:00",DALNTHL1,0.105290
D,DISPATCH,UNIT_SCADA,1,"2019/08/21 19:20:00",DARTM1,134.399990
D,DISPATCH,UNIT_SCADA,1,"2019/08/21 19:20:00",DAYDSF1,0
D,DISPATCH,UNIT_SCADA,1,"2019/08/21 19:20:00",DDPS1,620.409970
D,DISPATCH,UNIT_SCADA,1,"2019/08/21 19:20:00",DDSF1,0
D,DISPATCH,UNIT_SCADA,1,"2019/08/21 19:20:00",DEVILS_G,0
D,DISPATCH,UNIT_SCADA,1,"2019/08/21 19:20:00",DG_NSW1,0
D,DISPATCH,UNIT_SCADA,1,"2019/08/21 19:20:00",DG_QLD1,0
D,DISPATCH,UNIT_SCADA,1,"2019/08/21 19:20:00",DG_SA1,0
D,DISPATCH,UNIT_SCADA,1,"2019/08/21 19:20:00",DG_TAS1,0
D,DISPATCH,UNIT_SCADA,1,"2019/08/21 19:20:00",DG_VIC1,0
D,DISPATCH,UNIT_SCADA,1,"2019/08/21 19:20:00",DRYCGT1,0
D,DISPATCH,UNIT_SCADA,1,"2019/08/21 19:20:00",DRYCGT2,0
D,DISPATCH,UNIT_SCADA,1,"2019/08/21 19:20:00",DRYCGT3,0
D,DISPATCH,UNIT_SCADA,1,"2019/08/21 19:20:00",EILDON1,0
D,DISPATCH,UNIT_SCADA,1,"2019/08/21 19:20:00",EILDON2,0
D,DISPATCH,UNIT_SCADA,1,"2019/08/21 19:20:00",EMERASF1,0
D,DISPATCH,UNIT_SCADA,1,"2019/08/21 19:20:00",ER01,584.074950
D,DISPATCH,UNIT_SCADA,1,"2019/08/21 19:20:00",ER02,612.699950
D,DISPATCH,UNIT_SCADA,1,"2019/08/21 19:20:00",ER03,699.150020
D,DISPATCH,UNIT_SCADA,1,"2019/08/21 19:20:00",ER04,695.275020
D,DISPATCH,UNIT_SCADA,1,"2019/08/21 19:20:00",FINLYSF1,0
D,DISPATCH,UNIT_SCADA,1,"2019/08/21 19:20:00",FISHER,45.85
D,DISPATCH,UNIT_SCADA,1,"2019/08/21 19:20:00",GANNBG1,14.105730
D,DISPATCH,UNIT_SCADA,1,"2019/08/21 19:20:00",GANNBL1,0
D,DISPATCH,UNIT_SCADA,1,"2019/08/21 19:20:00",GANNSF1,0
D,DISPATCH,UNIT_SCADA,1,"2019/08/21 19:20:00",GORDON,119.743680
D,DISPATCH,UNIT_SCADA,1,"2019/08/21 19:20:00",GSTONE1,228.55
D,DISPATCH,UNIT_SCADA,1,"2019/08/21 19:20:00",GSTONE2,220.149990
D,DISPATCH,UNIT_SCADA,1,"2019/08/21 19:20:00",GSTONE3,228.55
D,DISPATCH,UNIT_SCADA,1,"2019/08/21 19:20:00",GSTONE4,228.899990
D,DISPATCH,UNIT_SCADA,1,"2019/08/21 19:20:00",GSTONE5,227.50
D,DISPATCH,UNIT_SCADA,1,"2019/08/21 19:20:00",GSTONE6,0
D,DISPATCH,UNIT_SCADA,1,"2019/08/21 19:20:00",GULLRSF1,0
D,DISPATCH,UNIT_SCADA,1,"2019/08/21 19:20:00",GULLRWF1,157.793580
D,DISPATCH,UNIT_SCADA,1,"2019/08/21 19:20:00",GUNNING1,46.364320
D,DISPATCH,UNIT_SCADA,1,"2019/08/21 19:20:00",GUTHEGA,30.60
D,DISPATCH,UNIT_SCADA,1,"2019/08/21 19:20:00",HALLWF1,29.39
D,DISPATCH,UNIT_SCADA,1,"2019/08/21 19:20:00",HALLWF2,32.38
D,DISPATCH,UNIT_SCADA,1,"2019/08/21 19:20:00",HAMISF1,0
D,DISPATCH,UNIT_SCADA,1,"2019/08/21 19:20:00",HAUGHT11,0
D,DISPATCH,UNIT_SCADA,1,"2019/08/21 19:20:00",HAYMSF1,0
D,DISPATCH,UNIT_SCADA,1,"2019/08/21 19:20:00",HDWF1,22.90
D,DISPATCH,UNIT_SCADA,1,"2019/08/21 19:20:00",HDWF2,27.70
D,DISPATCH,UNIT_SCADA,1,"2019/08/21 19:20:00",HDWF3,36.10
D,DISPATCH,UNIT_SCADA,1,"2019/08/21 19:20:00",HPRG1,15.80
D,DISPATCH,UNIT_SCADA,1,"2019/08/21 19:20:00",HPRL1,0
D,DISPATCH,UNIT_SCADA,1,"2019/08/21 19:20:00",HUMENSW,0
D,DISPATCH,UNIT_SCADA,1,"2019/08/21 19:20:00",HUMEV,10.50
D,DISPATCH,UNIT_SCADA,1,"2019/08/21 19:20:00",HVGTS,0
D,DISPATCH,UNIT_SCADA,1,"2019/08/21 19:20:00",JBUTTERS,138.41
D,DISPATCH,UNIT_SCADA,1,"2019/08/21 19:20:00",JLA01,0.50
D,DISPATCH,UNIT_SCADA,1,"2019/08/21 19:20:00",JLA02,0
D,DISPATCH,UNIT_SCADA,1,"2019/08/21 19:20:00",JLA03,0.10
D,DISPATCH,UNIT_SCADA,1,"2019/08/21 19:20:00",JLA04,0.10
D,DISPATCH,UNIT_SCADA,1,"2019/08/21 19:20:00",JLB01,0
D,DISPATCH,UNIT_SCADA,1,"2019/08/21 19:20:00",JLB02,0.10
D,DISPATCH,UNIT_SCADA,1,"2019/08/21 19:20:00",JLB03,0
D,DISPATCH,UNIT_SCADA,1,"2019/08/21 19:20:00",KAREEYA1,21.49
D,DISPATCH,UNIT_SCADA,1,"2019/08/21 19:20:00",KAREEYA2,21.5725
D,DISPATCH,UNIT_SCADA,1,"2019/08/21 19:20:00",KAREEYA3,0
D,DISPATCH,UNIT_SCADA,1,"2019/08/21 19:20:00",KAREEYA4,21.6525
D,DISPATCH,UNIT_SCADA,1,"2019/08/21 19:20:00",KARSF1,0
D,DISPATCH,UNIT_SCADA,1,"2019/08/21 19:20:00",KIATAWF1,31.10
D,DISPATCH,UNIT_SCADA,1,"2019/08/21 19:20:00",KPP_1,0
D,DISPATCH,UNIT_SCADA,1,"2019/08/21 19:20:00",KSP1,0
D,DISPATCH,UNIT_SCADA,1,"2019/08/21 19:20:00",LADBROK1,42.07
D,DISPATCH,UNIT_SCADA,1,"2019/08/21 19:20:00",LADBROK2,42.76
D,DISPATCH,UNIT_SCADA,1,"2019/08/21 19:20:00",LD01,411.581270
D,DISPATCH,UNIT_SCADA,1,"2019/08/21 19:20:00",LD02,417.412510
D,DISPATCH,UNIT_SCADA,1,"2019/08/21 19:20:00",LD03,414.581240
D,DISPATCH,UNIT_SCADA,1,"2019/08/21 19:20:00",LD04,373.0687
D,DISPATCH,UNIT_SCADA,1,"2019/08/21 19:20:00",LEM_WIL,86.023050
D,DISPATCH,UNIT_SCADA,1,"2019/08/21 19:20:00",LGAPWF1,20.97
D,DISPATCH,UNIT_SCADA,1,"2019/08/21 19:20:00",LILYSF1,0
D,DISPATCH,UNIT_SCADA,1,"2019/08/21 19:20:00",LI_WY_CA,148.601470
D,DISPATCH,UNIT_SCADA,1,"2019/08/21 19:20:00",LKBONNY2,150.658510
D,DISPATCH,UNIT_SCADA,1,"2019/08/21 19:20:00",LKBONNY3,34.888760
D,DISPATCH,UNIT_SCADA,1,"2019/08/21 19:20:00",LK_ECHO,0
D,DISPATCH,UNIT_SCADA,1,"2019/08/21 19:20:00",LNGS1,0
D,DISPATCH,UNIT_SCADA,1,"2019/08/21 19:20:00",LNGS2,0
D,DISPATCH,UNIT_SCADA,1,"2019/08/21 19:20:00",LONSDALE,0
D,DISPATCH,UNIT_SCADA,1,"2019/08/21 19:20:00",LOYYB1,537.968380
D,DISPATCH,UNIT_SCADA,1,"2019/08/21 19:20:00",LOYYB2,581.578490
D,DISPATCH,UNIT_SCADA,1,"2019/08/21 19:20:00",LYA1,560
D,DISPATCH,UNIT_SCADA,1,"2019/08/21 19:20:00",LYA2,0
D,DISPATCH,UNIT_SCADA,1,"2019/08/21 19:20:00",LYA3,560
D,DISPATCH,UNIT_SCADA,1,"2019/08/21 19:20:00",LYA4,531
D,DISPATCH,UNIT_SCADA,1,"2019/08/21 19:20:00",MACARTH1,361.891630
D,DISPATCH,UNIT_SCADA,1,"2019/08/21 19:20:00",MACKAYGT,0
D,DISPATCH,UNIT_SCADA,1,"2019/08/21 19:20:00",MACKNTSH,85.260010
D,DISPATCH,UNIT_SCADA,1,"2019/08/21 19:20:00",MANSLR1,0
D,DISPATCH,UNIT_SCADA,1,"2019/08/21 19:20:00",MCKAY1,0.02
D,DISPATCH,UNIT_SCADA,1,"2019/08/21 19:20:00",MEADOWBK,33.5815
D,DISPATCH,UNIT_SCADA,1,"2019/08/21 19:20:00",MERCER01,124.6830
D,DISPATCH,UNIT_SCADA,1,"2019/08/21 19:20:00",MEWF1,85.331970
D,DISPATCH,UNIT_SCADA,1,"2019/08/21 19:20:00",MINTARO,0
D,DISPATCH,UNIT_SCADA,1,"2019/08/21 19:20:00",MOREESF1,0
D,DISPATCH,UNIT_SCADA,1,"2019/08/21 19:20:00",MORTLK11,0
D,DISPATCH,UNIT_SCADA,1,"2019/08/21 19:20:00",MORTLK12,0
D,DISPATCH,UNIT_SCADA,1,"2019/08/21 19:20:00",MP1,279.025020
D,DISPATCH,UNIT_SCADA,1,"2019/08/21 19:20:00",MP2,0
D,DISPATCH,UNIT_SCADA,1,"2019/08/21 19:20:00",MPP_1,302
D,DISPATCH,UNIT_SCADA,1,"2019/08/21 19:20:00",MPP_2,437.75
D,DISPATCH,UNIT_SCADA,1,"2019/08/21 19:20:00",MSTUART1,0
D,DISPATCH,UNIT_SCADA,1,"2019/08/21 19:20:00",MSTUART2,0
D,DISPATCH,UNIT_SCADA,1,"2019/08/21 19:20:00",MSTUART3,0
D,DISPATCH,UNIT_SCADA,1,"2019/08/21 19:20:00",MTGELWF1,64.654980
D,DISPATCH,UNIT_SCADA,1,"2019/08/21 19:20:00",MURRAY,0
D,DISPATCH,UNIT_SCADA,1,"2019/08/21 19:20:00",MUSSELR1,162.399990
D,DISPATCH,UNIT_SCADA,1,"2019/08/21 19:20:00",MUWAWF1,47.53
D,DISPATCH,UNIT_SCADA,1,"2019/08/21 19:20:00",NBHWF1,26.80
D,DISPATCH,UNIT_SCADA,1,"2019/08/21 19:20:00",NPS,304.50
D,DISPATCH,UNIT_SCADA,1,"2019/08/21 19:20:00",NUMURSF1,0
D,DISPATCH,UNIT_SCADA,1,"2019/08/21 19:20:00",NYNGAN1,0
D,DISPATCH,UNIT_SCADA,1,"2019/08/21 19:20:00",OAKEY1,0
D,DISPATCH,UNIT_SCADA,1,"2019/08/21 19:20:00",OAKEY1SF,0.0510
D,DISPATCH,UNIT_SCADA,1,"2019/08/21 19:20:00",OAKEY2,0
D,DISPATCH,UNIT_SCADA,1,"2019/08/21 19:20:00",OAKLAND1,60.70
D,DISPATCH,UNIT_SCADA,1,"2019/08/21 19:20:00",OSB-AG,0
D,DISPATCH,UNIT_SCADA,1,"2019/08/21 19:20:00",PARSF1,0
D,DISPATCH,UNIT_SCADA,1,"2019/08/21 19:20:00",POAT110,42.191520
D,DISPATCH,UNIT_SCADA,1,"2019/08/21 19:20:00",POAT220,101.653760
D,DISPATCH,UNIT_SCADA,1,"2019/08/21 19:20:00",POR01,0
D,DISPATCH,UNIT_SCADA,1,"2019/08/21 19:20:00",POR03,0
D,DISPATCH,UNIT_SCADA,1,"2019/08/21 19:20:00",PPCCGT,492.326930
D,DISPATCH,UNIT_SCADA,1,"2019/08/21 19:20:00",PTSTAN1,0
D,DISPATCH,UNIT_SCADA,1,"2019/08/21 19:20:00",PUMP1,0
D,DISPATCH,UNIT_SCADA,1,"2019/08/21 19:20:00",PUMP2,0
D,DISPATCH,UNIT_SCADA,1,"2019/08/21 19:20:00",QPS1,0
D,DISPATCH,UNIT_SCADA,1,"2019/08/21 19:20:00",QPS2,0
D,DISPATCH,UNIT_SCADA,1,"2019/08/21 19:20:00",QPS3,0
D,DISPATCH,UNIT_SCADA,1,"2019/08/21 19:20:00",QPS4,0
D,DISPATCH,UNIT_SCADA,1,"2019/08/21 19:20:00",QPS5,0
D,DISPATCH,UNIT_SCADA,1,"2019/08/21 19:20:00",REECE1,116.010010
D,DISPATCH,UNIT_SCADA,1,"2019/08/21 19:20:00",REECE2,112.830010
D,DISPATCH,UNIT_SCADA,1,"2019/08/21 19:20:00",ROMA_7,0
D,DISPATCH,UNIT_SCADA,1,"2019/08/21 19:20:00",ROMA_8,0
D,DISPATCH,UNIT_SCADA,1,"2019/08/21 19:20:00",RRSF1,0
D,DISPATCH,UNIT_SCADA,1,"2019/08/21 19:20:00",RT_NSW1,0
D,DISPATCH,UNIT_SCADA,1,"2019/08/21 19:20:00",RT_NSW2,0
D,DISPATCH,UNIT_SCADA,1,"2019/08/21 19:20:00",RT_NSW3,0
D,DISPATCH,UNIT_SCADA,1,"2019/08/21 19:20:00",RT_NSW4,0
D,DISPATCH,UNIT_SCADA,1,"2019/08/21 19:20:00",RT_NSW5,0
D,DISPATCH,UNIT_SCADA,1,"2019/08/21 19:20:00",RT_NSW6,0
D,DISPATCH,UNIT_SCADA,1,"2019/08/21 19:20:00",RT_QLD1,0
D,DISPATCH,UNIT_SCADA,1,"2019/08/21 19:20:00",RT_SA1,0
D,DISPATCH,UNIT_SCADA,1,"2019/08/21 19:20:00",RT_SA2,0
D,DISPATCH,UNIT_SCADA,1,"2019/08/21 19:20:00",RT_SA3,0
D,DISPATCH,UNIT_SCADA,1,"2019/08/21 19:20:00",RT_SA4,0
D,DISPATCH,UNIT_SCADA,1,"2019/08/21 19:20:00",RT_SA5,0
D,DISPATCH,UNIT_SCADA,1,"2019/08/21 19:20:00",RT_SA6,0
D,DISPATCH,UNIT_SCADA,1,"2019/08/21 19:20:00",RT_TAS1,0
D,DISPATCH,UNIT_SCADA,1,"2019/08/21 19:20:00",RT_VIC1,0
D,DISPATCH,UNIT_SCADA,1,"2019/08/21 19:20:00",RT_VIC10,0
D,DISPATCH,UNIT_SCADA,1,"2019/08/21 19:20:00",RT_VIC11,0
D,DISPATCH,UNIT_SCADA,1,"2019/08/21 19:20:00",RT_VIC12,0
D,DISPATCH,UNIT_SCADA,1,"2019/08/21 19:20:00",RT_VIC2,0
D,DISPATCH,UNIT_SCADA,1,"2019/08/21 19:20:00",RT_VIC3,0
D,DISPATCH,UNIT_SCADA,1,"2019/08/21 19:20:00",RT_VIC4,0
D,DISPATCH,UNIT_SCADA,1,"2019/08/21 19:20:00",RT_VIC5,0
D,DISPATCH,UNIT_SCADA,1,"2019/08/21 19:20:00",RT_VIC6,0
D,DISPATCH,UNIT_SCADA,1,"2019/08/21 19:20:00",RT_VIC7,0
D,DISPATCH,UNIT_SCADA,1,"2019/08/21 19:20:00",RT_VIC8,0
D,DISPATCH,UNIT_SCADA,1,"2019/08/21 19:20:00",RT_VIC9,0
D,DISPATCH,UNIT_SCADA,1,"2019/08/21 19:20:00",RUGBYR1,0
D,DISPATCH,UNIT_SCADA,1,"2019/08/21 19:20:00",SALTCRK1,50.95
D,DISPATCH,UNIT_SCADA,1,"2019/08/21 19:20:00",SAPHWF1,189.271880
D,DISPATCH,UNIT_SCADA,1,"2019/08/21 19:20:00",SHGEN,200.525270
D,DISPATCH,UNIT_SCADA,1,"2019/08/21 19:20:00",SHPUMP,0
D,DISPATCH,UNIT_SCADA,1,"2019/08/21 19:20:00",SITHE01,0.083520
D,DISPATCH,UNIT_SCADA,1,"2019/08/21 19:20:00",SMCSF1,0
D,DISPATCH,UNIT_SCADA,1,"2019/08/21 19:20:00",SNOWNTH1,86
D,DISPATCH,UNIT_SCADA,1,"2019/08/21 19:20:00",SNOWSTH1,76.30
D,DISPATCH,UNIT_SCADA,1,"2019/08/21 19:20:00",SNOWTWN1,50.674150
D,DISPATCH,UNIT_SCADA,1,"2019/08/21 19:20:00",SNOWYP,0
D,DISPATCH,UNIT_SCADA,1,"2019/08/21 19:20:00",SNUG1,0.019440
D,DISPATCH,UNIT_SCADA,1,"2019/08/21 19:20:00",SRSF1,0.44
D,DISPATCH,UNIT_SCADA,1,"2019/08/21 19:20:00",STAN-1,0
D,DISPATCH,UNIT_SCADA,1,"2019/08/21 19:20:00",STAN-2,349.849030
D,DISPATCH,UNIT_SCADA,1,"2019/08/21 19:20:00",STAN-3,343.414490
D,DISPATCH,UNIT_SCADA,1,"2019/08/21 19:20:00",STAN-4,367.563230
D,DISPATCH,UNIT_SCADA,1,"2019/08/21 19:20:00",STWF1,133.458760
D,DISPATCH,UNIT_SCADA,1,"2019/08/21 19:20:00",SWAN_E,0
D,DISPATCH,UNIT_SCADA,1,"2019/08/21 19:20:00",TALWA1,418
D,DISPATCH,UNIT_SCADA,1,"2019/08/21 19:20:00",TARALGA1,99.562480
D,DISPATCH,UNIT_SCADA,1,"2019/08/21 19:20:00",TARONG#1,347.700010
D,DISPATCH,UNIT_SCADA,1,"2019/08/21 19:20:00",TARONG#2,348.300020
D,DISPATCH,UNIT_SCADA,1,"2019/08/21 19:20:00",TARONG#3,260
D,DISPATCH,UNIT_SCADA,1,"2019/08/21 19:20:00",TARONG#4,348.600010
D,DISPATCH,UNIT_SCADA,1,"2019/08/21 19:20:00",TARRALEA,84
D,DISPATCH,UNIT_SCADA,1,"2019/08/21 19:20:00",TBSF1,-0.20
D,DISPATCH,UNIT_SCADA,1,"2019/08/21 19:20:00",TNPS1,442.000030
D,DISPATCH,UNIT_SCADA,1,"2019/08/21 19:20:00",TORRA1,116.366360
D,DISPATCH,UNIT_SCADA,1,"2019/08/21 19:20:00",TORRA2,0
D,DISPATCH,UNIT_SCADA,1,"2019/08/21 19:20:00",TORRA3,0
D,DISPATCH,UNIT_SCADA,1,"2019/08/21 19:20:00",TORRA4,0
D,DISPATCH,UNIT_SCADA,1,"2019/08/21 19:20:00",TORRB1,132.67
D,DISPATCH,UNIT_SCADA,1,"2019/08/21 19:20:00",TORRB2,189.399990
D,DISPATCH,UNIT_SCADA,1,"2019/08/21 19:20:00",TORRB3,0
D,DISPATCH,UNIT_SCADA,1,"2019/08/21 19:20:00",TORRB4,0
D,DISPATCH,UNIT_SCADA,1,"2019/08/21 19:20:00",TREVALLN,74.140030
D,DISPATCH,UNIT_SCADA,1,"2019/08/21 19:20:00",TRIBUTE,83.77
D,DISPATCH,UNIT_SCADA,1,"2019/08/21 19:20:00",TUMUT3,397.480010
D,DISPATCH,UNIT_SCADA,1,"2019/08/21 19:20:00",TUNGATIN,133.150020
D,DISPATCH,UNIT_SCADA,1,"2019/08/21 19:20:00",TVCC201,0
D,DISPATCH,UNIT_SCADA,1,"2019/08/21 19:20:00",TVPP104,0
D,DISPATCH,UNIT_SCADA,1,"2019/08/21 19:20:00",UPPTUMUT,0
D,DISPATCH,UNIT_SCADA,1,"2019/08/21 19:20:00",URANQ11,0
D,DISPATCH,UNIT_SCADA,1,"2019/08/21 19:20:00",URANQ12,0
D,DISPATCH,UNIT_SCADA,1,"2019/08/21 19:20:00",URANQ13,0
D,DISPATCH,UNIT_SCADA,1,"2019/08/21 19:20:00",URANQ14,0
D,DISPATCH,UNIT_SCADA,1,"2019/08/21 19:20:00",VP5,599.400020
D,DISPATCH,UNIT_SCADA,1,"2019/08/21 19:20:00",VP6,594.275020
D,DISPATCH,UNIT_SCADA,1,"2019/08/21 19:20:00",VPGS1,0
D,DISPATCH,UNIT_SCADA,1,"2019/08/21 19:20:00",VPGS2,0
D,DISPATCH,UNIT_SCADA,1,"2019/08/21 19:20:00",VPGS3,0
D,DISPATCH,UNIT_SCADA,1,"2019/08/21 19:20:00",VPGS4,0
D,DISPATCH,UNIT_SCADA,1,"2019/08/21 19:20:00",VPGS5,0
D,DISPATCH,UNIT_SCADA,1,"2019/08/21 19:20:00",VPGS6,0
D,DISPATCH,UNIT_SCADA,1,"2019/08/21 19:20:00",W/HOE#1,0
D,DISPATCH,UNIT_SCADA,1,"2019/08/21 19:20:00",W/HOE#2,0
D,DISPATCH,UNIT_SCADA,1,"2019/08/21 19:20:00",WATERLWF,64.50
D,DISPATCH,UNIT_SCADA,1,"2019/08/21 19:20:00",WEMENSF1,0
D,DISPATCH,UNIT_SCADA,1,"2019/08/21 19:20:00",WGWF1,38.90
D,DISPATCH,UNIT_SCADA,1,"2019/08/21 19:20:00",WHITSF1,0
D,DISPATCH,UNIT_SCADA,1,"2019/08/21 19:20:00",WKIEWA1,0
D,DISPATCH,UNIT_SCADA,1,"2019/08/21 19:20:00",WKIEWA2,16.80
D,DISPATCH,UNIT_SCADA,1,"2019/08/21 19:20:00",WOODLWN1,42.84
D,DISPATCH,UNIT_SCADA,1,"2019/08/21 19:20:00",WRSF1,0
D,DISPATCH,UNIT_SCADA,1,"2019/08/21 19:20:00",WRWF1,159.702480
D,DISPATCH,UNIT_SCADA,1,"2019/08/21 19:20:00",YABULU,0
D,DISPATCH,UNIT_SCADA,1,"2019/08/21 19:20:00",YABULU2,0
D,DISPATCH,UNIT_SCADA,1,"2019/08/21 19:20:00",YARWUN_1,0
D,DISPATCH,UNIT_SCADA,1,"2019/08/21 19:20:00",YENDWF1,42
D,DISPATCH,UNIT_SCADA,1,"2019/08/21 19:20:00",YWPS1,375.187350
D,DISPATCH,UNIT_SCADA,1,"2019/08/21 19:20:00",YWPS2,275.435460
D,DISPATCH,UNIT_SCADA,1,"2019/08/21 19:20:00",YWPS3,0
D,DISPATCH,UNIT_SCADA,1,"2019/08/21 19:20:00",YWPS4,392.415190
C,"END OF REPORT",334
