C,NEMP.WORLD,DISPATCHSCADA,AEMO,PUBLIC,2019/08/20,01:20:09,0000000311767033,DISPATCHSCADA,0000000311767027
I,DISPATCH,UNIT_SCADA,1,SETTLEMENTDATE,DUID,SCADAVALUE
D,DISPATCH,UNIT_SCADA,1,"2019/08/20 01:25:00",BARCSF1,0
D,DISPATCH,UNIT_SCADA,1,"2019/08/20 01:25:00",BUTLERSG,9.699999
D,DISPATCH,UNIT_SCADA,1,"2019/08/20 01:25:00",CALL_A_4,0
D,DISPATCH,UNIT_SCADA,1,"2019/08/20 01:25:00",CAPTL_WF,124.984001
D,DISPATCH,UNIT_SCADA,1,"2019/08/20 01:25:00",CATHROCK,48.619999
D,DISPATCH,UNIT_SCADA,1,"2019/08/20 01:25:00",CHALLHWF,9.70
D,DISPATCH,UNIT_SCADA,1,"2019/08/20 01:25:00",CLOVER,-0.01
D,DISPATCH,UNIT_SCADA,1,"2019/08/20 01:25:00",CLUNY,17.063402
D,DISPATCH,UNIT_SCADA,1,"2019/08/20 01:25:00",CNUNDAWF,38.745197
D,DISPATCH,UNIT_SCADA,1,"2019/08/20 01:25:00",CULLRGWF,30.440001
D,DISPATCH,UNIT_SCADA,1,"2019/08/20 01:25:00",ERGT01,0
D,DISPATCH,UNIT_SCADA,1,"2019/08/20 01:25:00",GB01,0.062992
D,DISPATCH,UNIT_SCADA,1,"2019/08/20 01:25:00",GERMCRK,37.799999
D,DISPATCH,UNIT_SCADA,1,"2019/08/20 01:25:00",GRIFSF1,0
D,DISPATCH,UNIT_SCADA,1,"2019/08/20 01:25:00",HUGSF1,-0.2580
D,DISPATCH,UNIT_SCADA,1,"2019/08/20 01:25:00",LKBONNY1,69.750610
D,DISPATCH,UNIT_SCADA,1,"2019/08/20 01:25:00",LRSF1,-0.03
D,DISPATCH,UNIT_SCADA,1,"2019/08/20 01:25:00",MBAHNTH,52.800003
D,DISPATCH,UNIT_SCADA,1,"2019/08/20 01:25:00",MLSP1,0.304001
D,DISPATCH,UNIT_SCADA,1,"2019/08/20 01:25:00",MLWF1,17.595001
D,DISPATCH,UNIT_SCADA,1,"2019/08/20 01:25:00",MTMILLAR,12.010277
D,DISPATCH,UNIT_SCADA,1,"2019/08/20 01:25:00",PALOONA,23.57
D,DISPATCH,UNIT_SCADA,1,"2019/08/20 01:25:00",PIONEER,10.10
D,DISPATCH,UNIT_SCADA,1,"2019/08/20 01:25:00",PORTWF,139.100006
D,DISPATCH,UNIT_SCADA,1,"2019/08/20 01:25:00",REPULSE,29.170977
D,DISPATCH,UNIT_SCADA,1,"2019/08/20 01:25:00",ROWALLAN,9.8406
D,DISPATCH,UNIT_SCADA,1,"2019/08/20 01:25:00",ROYALLA1,0
D,DISPATCH,UNIT_SCADA,1,"2019/08/20 01:25:00",RPCG,-2.40
D,DISPATCH,UNIT_SCADA,1,"2019/08/20 01:25:00",RUBICON,0
D,DISPATCH,UNIT_SCADA,1,"2019/08/20 01:25:00",SATGN1,0
D,DISPATCH,UNIT_SCADA,1,"2019/08/20 01:25:00",SATGS1,0
D,DISPATCH,UNIT_SCADA,1,"2019/08/20 01:25:00",STARHLWF,18.294664
D,DISPATCH,UNIT_SCADA,1,"2019/08/20 01:25:00",WAUBRAWF,127.834999
D,DISPATCH,UNIT_SCADA,1,"2019/08/20 01:25:00",WOOLNTH1,132.880020
D,DISPATCH,UNIT_SCADA,1,"2019/08/20 01:25:00",WPWF,22
D,DISPATCH,UNIT_SCADA,1,"2019/08/20 01:25:00",YAMBUKWF,15.30
D,DISPATCH,UNIT_SCADA,1,"2019/08/20 01:25:00",YSWF1,27.799999
D,DISPATCH,UNIT_SCADA,1,"2019/08/20 01:25:00",AGLHAL,0
D,DISPATCH,UNIT_SCADA,1,"2019/08/20 01:25:00",AGLSOM,0
D,DISPATCH,UNIT_SCADA,1,"2019/08/20 01:25:00",ANGAST1,0
D,DISPATCH,UNIT_SCADA,1,"2019/08/20 01:25:00",ARWF1,15.20
D,DISPATCH,UNIT_SCADA,1,"2019/08/20 01:25:00",BALBG1,0
D,DISPATCH,UNIT_SCADA,1,"2019/08/20 01:25:00",BALBL1,0
D,DISPATCH,UNIT_SCADA,1,"2019/08/20 01:25:00",BALDHWF1,99.8250
D,DISPATCH,UNIT_SCADA,1,"2019/08/20 01:25:00",BANN1,0
D,DISPATCH,UNIT_SCADA,1,"2019/08/20 01:25:00",BARCALDN,0
D,DISPATCH,UNIT_SCADA,1,"2019/08/20 01:25:00",BARRON-1,0
D,DISPATCH,UNIT_SCADA,1,"2019/08/20 01:25:00",BARRON-2,24.80
D,DISPATCH,UNIT_SCADA,1,"2019/08/20 01:25:00",BASTYAN,80.490010
D,DISPATCH,UNIT_SCADA,1,"2019/08/20 01:25:00",BBTHREE1,0
D,DISPATCH,UNIT_SCADA,1,"2019/08/20 01:25:00",BBTHREE2,0
D,DISPATCH,UNIT_SCADA,1,"2019/08/20 01:25:00",BBTHREE3,0
D,DISPATCH,UNIT_SCADA,1,"2019/08/20 01:25:00",BDL01,0
D,DISPATCH,UNIT_SCADA,1,"2019/08/20 01:25:00",BDL02,0
D,DISPATCH,UNIT_SCADA,1,"2019/08/20 01:25:00",BERYLSF1,0
D,DISPATCH,UNIT_SCADA,1,"2019/08/20 01:25:00",BLOWERNG,0
D,DISPATCH,UNIT_SCADA,1,"2019/08/20 01:25:00",BLUFF1,32.80
D,DISPATCH,UNIT_SCADA,1,"2019/08/20 01:25:00",BNGSF1,0
D,DISPATCH,UNIT_SCADA,1,"2019/08/20 01:25:00",BNGSF2,0
D,DISPATCH,UNIT_SCADA,1,"2019/08/20 01:25:00",BOCORWF1,58.37
D,DISPATCH,UNIT_SCADA,1,"2019/08/20 01:25:00",BODWF1,32.359460
D,DISPATCH,UNIT_SCADA,1,"2019/08/20 01:25:00",BRAEMAR1,0
D,DISPATCH,UNIT_SCADA,1,"2019/08/20 01:25:00",BRAEMAR2,0
D,DISPATCH,UNIT_SCADA,1,"2019/08/20 01:25:00",BRAEMAR3,0
D,DISPATCH,UNIT_SCADA,1,"2019/08/20 01:25:00",BRAEMAR5,0
D,DISPATCH,UNIT_SCADA,1,"2019/08/20 01:25:00",BRAEMAR6,0
D,DISPATCH,UNIT_SCADA,1,"2019/08/20 01:25:00",BRAEMAR7,0
D,DISPATCH,UNIT_SCADA,1,"2019/08/20 01:25:00",BROKENH1,0
D,DISPATCH,UNIT_SCADA,1,"2019/08/20 01:25:00",BW01,568.349980
D,DISPATCH,UNIT_SCADA,1,"2019/08/20 01:25:00",BW02,571.1001
D,DISPATCH,UNIT_SCADA,1,"2019/08/20 01:25:00",BW03,627.599980
D,DISPATCH,UNIT_SCADA,1,"2019/08/20 01:25:00",BW04,0
D,DISPATCH,UNIT_SCADA,1,"2019/08/20 01:25:00",CALL_B_1,339.50
D,DISPATCH,UNIT_SCADA,1,"2019/08/20 01:25:00",CALL_B_2,290.50
D,DISPATCH,UNIT_SCADA,1,"2019/08/20 01:25:00",CETHANA,80.9405
D,DISPATCH,UNIT_SCADA,1,"2019/08/20 01:25:00",CG1,0
D,DISPATCH,UNIT_SCADA,1,"2019/08/20 01:25:00",CG2,0
D,DISPATCH,UNIT_SCADA,1,"2019/08/20 01:25:00",CG3,0
D,DISPATCH,UNIT_SCADA,1,"2019/08/20 01:25:00",CG4,0
D,DISPATCH,UNIT_SCADA,1,"2019/08/20 01:25:00",CHILDSF1,0
D,DISPATCH,UNIT_SCADA,1,"2019/08/20 01:25:00",CLARESF1,0
D,DISPATCH,UNIT_SCADA,1,"2019/08/20 01:25:00",CLEMGPWF,11.165430
D,DISPATCH,UNIT_SCADA,1,"2019/08/20 01:25:00",CLERMSF1,0
D,DISPATCH,UNIT_SCADA,1,"2019/08/20 01:25:00",COLEASF1,0
D,DISPATCH,UNIT_SCADA,1,"2019/08/20 01:25:00",COOPGWF1,35.463650
D,DISPATCH,UNIT_SCADA,1,"2019/08/20 01:25:00",CPP_3,405.075010
D,DISPATCH,UNIT_SCADA,1,"2019/08/20 01:25:00",CPP_4,405.6250
D,DISPATCH,UNIT_SCADA,1,"2019/08/20 01:25:00",CPSA,142.3275
D,DISPATCH,UNIT_SCADA,1,"2019/08/20 01:25:00",CROOKWF2,52.213750
D,DISPATCH,UNIT_SCADA,1,"2019/08/20 01:25:00",CROWLWF1,34.818050
D,DISPATCH,UNIT_SCADA,1,"2019/08/20 01:25:00",CSPVPS1,0
D,DISPATCH,UNIT_SCADA,1,"2019/08/20 01:25:00",DALNTH01,0
D,DISPATCH,UNIT_SCADA,1,"2019/08/20 01:25:00",DALNTHL1,0.068670
D,DISPATCH,UNIT_SCADA,1,"2019/08/20 01:25:00",DARTM1,134
D,DISPATCH,UNIT_SCADA,1,"2019/08/20 01:25:00",DAYDSF1,0
D,DISPATCH,UNIT_SCADA,1,"2019/08/20 01:25:00",DDPS1,0
D,DISPATCH,UNIT_SCADA,1,"2019/08/20 01:25:00",DDSF1,0
D,DISPATCH,UNIT_SCADA,1,"2019/08/20 01:25:00",DEVILS_G,59.8529
D,DISPATCH,UNIT_SCADA,1,"2019/08/20 01:25:00",DG_NSW1,0
D,DISPATCH,UNIT_SCADA,1,"2019/08/20 01:25:00",DG_QLD1,0
D,DISPATCH,UNIT_SCADA,1,"2019/08/20 01:25:00",DG_SA1,0
D,DISPATCH,UNIT_SCADA,1,"2019/08/20 01:25:00",DG_TAS1,0
D,DISPATCH,UNIT_SCADA,1,"2019/08/20 01:25:00",DG_VIC1,0
D,DISPATCH,UNIT_SCADA,1,"2019/08/20 01:25:00",DRYCGT1,0
D,DISPATCH,UNIT_SCADA,1,"2019/08/20 01:25:00",DRYCGT2,0
D,DISPATCH,UNIT_SCADA,1,"2019/08/20 01:25:00",DRYCGT3,0
D,DISPATCH,UNIT_SCADA,1,"2019/08/20 01:25:00",EILDON1,0
D,DISPATCH,UNIT_SCADA,1,"2019/08/20 01:25:00",EILDON2,0
D,DISPATCH,UNIT_SCADA,1,"2019/08/20 01:25:00",EMERASF1,0
D,DISPATCH,UNIT_SCADA,1,"2019/08/20 01:25:00",ER01,544.900020
D,DISPATCH,UNIT_SCADA,1,"2019/08/20 01:25:00",ER02,545.1250
D,DISPATCH,UNIT_SCADA,1,"2019/08/20 01:25:00",ER03,544.324950
D,DISPATCH,UNIT_SCADA,1,"2019/08/20 01:25:00",ER04,546.224980
D,DISPATCH,UNIT_SCADA,1,"2019/08/20 01:25:00",FINLYSF1,0
D,DISPATCH,UNIT_SCADA,1,"2019/08/20 01:25:00",FISHER,45.50
D,DISPATCH,UNIT_SCADA,1,"2019/08/20 01:25:00",GANNBG1,0
D,DISPATCH,UNIT_SCADA,1,"2019/08/20 01:25:00",GANNBL1,0
D,DISPATCH,UNIT_SCADA,1,"2019/08/20 01:25:00",GANNSF1,0
D,DISPATCH,UNIT_SCADA,1,"2019/08/20 01:25:00",GORDON,0
D,DISPATCH,UNIT_SCADA,1,"2019/08/20 01:25:00",GSTONE1,136.6750
D,DISPATCH,UNIT_SCADA,1,"2019/08/20 01:25:00",GSTONE2,139.474990
D,DISPATCH,UNIT_SCADA,1,"2019/08/20 01:25:00",GSTONE3,155.05
D,DISPATCH,UNIT_SCADA,1,"2019/08/20 01:25:00",GSTONE4,154
D,DISPATCH,UNIT_SCADA,1,"2019/08/20 01:25:00",GSTONE5,136.50
D,DISPATCH,UNIT_SCADA,1,"2019/08/20 01:25:00",GSTONE6,0
D,DISPATCH,UNIT_SCADA,1,"2019/08/20 01:25:00",GULLRSF1,0
D,DISPATCH,UNIT_SCADA,1,"2019/08/20 01:25:00",GULLRWF1,160.343230
D,DISPATCH,UNIT_SCADA,1,"2019/08/20 01:25:00",GUNNING1,45.7232
D,DISPATCH,UNIT_SCADA,1,"2019/08/20 01:25:00",GUTHEGA,0
D,DISPATCH,UNIT_SCADA,1,"2019/08/20 01:25:00",HALLWF1,80.34
D,DISPATCH,UNIT_SCADA,1,"2019/08/20 01:25:00",HALLWF2,67.51
D,DISPATCH,UNIT_SCADA,1,"2019/08/20 01:25:00",HAMISF1,0
D,DISPATCH,UNIT_SCADA,1,"2019/08/20 01:25:00",HAUGHT11,0
D,DISPATCH,UNIT_SCADA,1,"2019/08/20 01:25:00",HAYMSF1,0
D,DISPATCH,UNIT_SCADA,1,"2019/08/20 01:25:00",HDWF1,31.70
D,DISPATCH,UNIT_SCADA,1,"2019/08/20 01:25:00",HDWF2,21.30
D,DISPATCH,UNIT_SCADA,1,"2019/08/20 01:25:00",HDWF3,28.10
D,DISPATCH,UNIT_SCADA,1,"2019/08/20 01:25:00",HPRG1,0
D,DISPATCH,UNIT_SCADA,1,"2019/08/20 01:25:00",HPRL1,10.50
D,DISPATCH,UNIT_SCADA,1,"2019/08/20 01:25:00",HUMENSW,0
D,DISPATCH,UNIT_SCADA,1,"2019/08/20 01:25:00",HUMEV,8.10
D,DISPATCH,UNIT_SCADA,1,"2019/08/20 01:25:00",HVGTS,0
D,DISPATCH,UNIT_SCADA,1,"2019/08/20 01:25:00",JBUTTERS,134.30
D,DISPATCH,UNIT_SCADA,1,"2019/08/20 01:25:00",JLA01,0.50
D,DISPATCH,UNIT_SCADA,1,"2019/08/20 01:25:00",JLA02,0
D,DISPATCH,UNIT_SCADA,1,"2019/08/20 01:25:00",JLA03,0.10
D,DISPATCH,UNIT_SCADA,1,"2019/08/20 01:25:00",JLA04,0.10
D,DISPATCH,UNIT_SCADA,1,"2019/08/20 01:25:00",JLB01,0
D,DISPATCH,UNIT_SCADA,1,"2019/08/20 01:25:00",JLB02,0.10
D,DISPATCH,UNIT_SCADA,1,"2019/08/20 01:25:00",JLB03,0
D,DISPATCH,UNIT_SCADA,1,"2019/08/20 01:25:00",KAREEYA1,21.50
D,DISPATCH,UNIT_SCADA,1,"2019/08/20 01:25:00",KAREEYA2,21.6550
D,DISPATCH,UNIT_SCADA,1,"2019/08/20 01:25:00",KAREEYA3,0
D,DISPATCH,UNIT_SCADA,1,"2019/08/20 01:25:00",KAREEYA4,21.6225
D,DISPATCH,UNIT_SCADA,1,"2019/08/20 01:25:00",KARSF1,0
D,DISPATCH,UNIT_SCADA,1,"2019/08/20 01:25:00",KIATAWF1,29.60
D,DISPATCH,UNIT_SCADA,1,"2019/08/20 01:25:00",KPP_1,0
D,DISPATCH,UNIT_SCADA,1,"2019/08/20 01:25:00",KSP1,0
D,DISPATCH,UNIT_SCADA,1,"2019/08/20 01:25:00",LADBROK1,0
D,DISPATCH,UNIT_SCADA,1,"2019/08/20 01:25:00",LADBROK2,0
D,DISPATCH,UNIT_SCADA,1,"2019/08/20 01:25:00",LD01,380.7937
D,DISPATCH,UNIT_SCADA,1,"2019/08/20 01:25:00",LD02,383.699980
D,DISPATCH,UNIT_SCADA,1,"2019/08/20 01:25:00",LD03,385.143770
D,DISPATCH,UNIT_SCADA,1,"2019/08/20 01:25:00",LD04,384.9375
D,DISPATCH,UNIT_SCADA,1,"2019/08/20 01:25:00",LEM_WIL,85.027690
D,DISPATCH,UNIT_SCADA,1,"2019/08/20 01:25:00",LGAPWF1,12.77
D,DISPATCH,UNIT_SCADA,1,"2019/08/20 01:25:00",LILYSF1,0
D,DISPATCH,UNIT_SCADA,1,"2019/08/20 01:25:00",LI_WY_CA,143.042140
D,DISPATCH,UNIT_SCADA,1,"2019/08/20 01:25:00",LKBONNY2,142.9384
D,DISPATCH,UNIT_SCADA,1,"2019/08/20 01:25:00",LKBONNY3,37.7915
D,DISPATCH,UNIT_SCADA,1,"2019/08/20 01:25:00",LK_ECHO,0
D,DISPATCH,UNIT_SCADA,1,"2019/08/20 01:25:00",LNGS1,0
D,DISPATCH,UNIT_SCADA,1,"2019/08/20 01:25:00",LNGS2,0
D,DISPATCH,UNIT_SCADA,1,"2019/08/20 01:25:00",LONSDALE,0
D,DISPATCH,UNIT_SCADA,1,"2019/08/20 01:25:00",LOYYB1,534.208860
D,DISPATCH,UNIT_SCADA,1,"2019/08/20 01:25:00",LOYYB2,580.450620
D,DISPATCH,UNIT_SCADA,1,"2019/08/20 01:25:00",LYA1,562
D,DISPATCH,UNIT_SCADA,1,"2019/08/20 01:25:00",LYA2,0
D,DISPATCH,UNIT_SCADA,1,"2019/08/20 01:25:00",LYA3,561
D,DISPATCH,UNIT_SCADA,1,"2019/08/20 01:25:00",LYA4,541
D,DISPATCH,UNIT_SCADA,1,"2019/08/20 01:25:00",MACARTH1,232.194640
D,DISPATCH,UNIT_SCADA,1,"2019/08/20 01:25:00",MACKAYGT,0
D,DISPATCH,UNIT_SCADA,1,"2019/08/20 01:25:00",MACKNTSH,85.260010
D,DISPATCH,UNIT_SCADA,1,"2019/08/20 01:25:00",MANSLR1,0
D,DISPATCH,UNIT_SCADA,1,"2019/08/20 01:25:00",MCKAY1,0.02
D,DISPATCH,UNIT_SCADA,1,"2019/08/20 01:25:00",MEADOWBK,34.038780
D,DISPATCH,UNIT_SCADA,1,"2019/08/20 01:25:00",MERCER01,125.1070
D,DISPATCH,UNIT_SCADA,1,"2019/08/20 01:25:00",MEWF1,108.593150
D,DISPATCH,UNIT_SCADA,1,"2019/08/20 01:25:00",MINTARO,0
D,DISPATCH,UNIT_SCADA,1,"2019/08/20 01:25:00",MOREESF1,0
D,DISPATCH,UNIT_SCADA,1,"2019/08/20 01:25:00",MORTLK11,124
D,DISPATCH,UNIT_SCADA,1,"2019/08/20 01:25:00",MORTLK12,0
D,DISPATCH,UNIT_SCADA,1,"2019/08/20 01:25:00",MP1,281.8750
D,DISPATCH,UNIT_SCADA,1,"2019/08/20 01:25:00",MP2,0
D,DISPATCH,UNIT_SCADA,1,"2019/08/20 01:25:00",MPP_1,425
D,DISPATCH,UNIT_SCADA,1,"2019/08/20 01:25:00",MPP_2,434.75
D,DISPATCH,UNIT_SCADA,1,"2019/08/20 01:25:00",MSTUART1,0
D,DISPATCH,UNIT_SCADA,1,"2019/08/20 01:25:00",MSTUART2,0
D,DISPATCH,UNIT_SCADA,1,"2019/08/20 01:25:00",MSTUART3,0
D,DISPATCH,UNIT_SCADA,1,"2019/08/20 01:25:00",MTGELWF1,64.604630
D,DISPATCH,UNIT_SCADA,1,"2019/08/20 01:25:00",MURRAY,0
D,DISPATCH,UNIT_SCADA,1,"2019/08/20 01:25:00",MUSSELR1,130.70
D,DISPATCH,UNIT_SCADA,1,"2019/08/20 01:25:00",MUWAWF1,48.44
D,DISPATCH,UNIT_SCADA,1,"2019/08/20 01:25:00",NBHWF1,51.40
D,DISPATCH,UNIT_SCADA,1,"2019/08/20 01:25:00",NPS,0
D,DISPATCH,UNIT_SCADA,1,"2019/08/20 01:25:00",NUMURSF1,0
D,DISPATCH,UNIT_SCADA,1,"2019/08/20 01:25:00",NYNGAN1,0
D,DISPATCH,UNIT_SCADA,1,"2019/08/20 01:25:00",OAKEY1,0
D,DISPATCH,UNIT_SCADA,1,"2019/08/20 01:25:00",OAKEY1SF,0
D,DISPATCH,UNIT_SCADA,1,"2019/08/20 01:25:00",OAKEY2,0
D,DISPATCH,UNIT_SCADA,1,"2019/08/20 01:25:00",OAKLAND1,51.10
D,DISPATCH,UNIT_SCADA,1,"2019/08/20 01:25:00",OSB-AG,141.149990
D,DISPATCH,UNIT_SCADA,1,"2019/08/20 01:25:00",PARSF1,0
D,DISPATCH,UNIT_SCADA,1,"2019/08/20 01:25:00",POAT110,0
D,DISPATCH,UNIT_SCADA,1,"2019/08/20 01:25:00",POAT220,3.18
D,DISPATCH,UNIT_SCADA,1,"2019/08/20 01:25:00",POR01,0
D,DISPATCH,UNIT_SCADA,1,"2019/08/20 01:25:00",POR03,0
D,DISPATCH,UNIT_SCADA,1,"2019/08/20 01:25:00",PPCCGT,0
D,DISPATCH,UNIT_SCADA,1,"2019/08/20 01:25:00",PTSTAN1,0
D,DISPATCH,UNIT_SCADA,1,"2019/08/20 01:25:00",PUMP1,0
D,DISPATCH,UNIT_SCADA,1,"2019/08/20 01:25:00",PUMP2,0
D,DISPATCH,UNIT_SCADA,1,"2019/08/20 01:25:00",QPS1,0
D,DISPATCH,UNIT_SCADA,1,"2019/08/20 01:25:00",QPS2,0
D,DISPATCH,UNIT_SCADA,1,"2019/08/20 01:25:00",QPS3,0
D,DISPATCH,UNIT_SCADA,1,"2019/08/20 01:25:00",QPS4,0
D,DISPATCH,UNIT_SCADA,1,"2019/08/20 01:25:00",QPS5,0
D,DISPATCH,UNIT_SCADA,1,"2019/08/20 01:25:00",REECE1,114.540010
D,DISPATCH,UNIT_SCADA,1,"2019/08/20 01:25:00",REECE2,114.70
D,DISPATCH,UNIT_SCADA,1,"2019/08/20 01:25:00",ROMA_7,0
D,DISPATCH,UNIT_SCADA,1,"2019/08/20 01:25:00",ROMA_8,0
D,DISPATCH,UNIT_SCADA,1,"2019/08/20 01:25:00",RRSF1,0
D,DISPATCH,UNIT_SCADA,1,"2019/08/20 01:25:00",RT_NSW1,0
D,DISPATCH,UNIT_SCADA,1,"2019/08/20 01:25:00",RT_NSW2,0
D,DISPATCH,UNIT_SCADA,1,"2019/08/20 01:25:00",RT_NSW3,0
D,DISPATCH,UNIT_SCADA,1,"2019/08/20 01:25:00",RT_NSW4,0
D,DISPATCH,UNIT_SCADA,1,"2019/08/20 01:25:00",RT_NSW5,0
D,DISPATCH,UNIT_SCADA,1,"2019/08/20 01:25:00",RT_NSW6,0
D,DISPATCH,UNIT_SCADA,1,"2019/08/20 01:25:00",RT_QLD1,0
D,DISPATCH,UNIT_SCADA,1,"2019/08/20 01:25:00",RT_SA1,0
D,DISPATCH,UNIT_SCADA,1,"2019/08/20 01:25:00",RT_SA2,0
D,DISPATCH,UNIT_SCADA,1,"2019/08/20 01:25:00",RT_SA3,0
D,DISPATCH,UNIT_SCADA,1,"2019/08/20 01:25:00",RT_SA4,0
D,DISPATCH,UNIT_SCADA,1,"2019/08/20 01:25:00",RT_SA5,0
D,DISPATCH,UNIT_SCADA,1,"2019/08/20 01:25:00",RT_SA6,0
D,DISPATCH,UNIT_SCADA,1,"2019/08/20 01:25:00",RT_TAS1,0
D,DISPATCH,UNIT_SCADA,1,"2019/08/20 01:25:00",RT_VIC1,0
D,DISPATCH,UNIT_SCADA,1,"2019/08/20 01:25:00",RT_VIC10,0
D,DISPATCH,UNIT_SCADA,1,"2019/08/20 01:25:00",RT_VIC11,0
D,DISPATCH,UNIT_SCADA,1,"2019/08/20 01:25:00",RT_VIC12,0
D,DISPATCH,UNIT_SCADA,1,"2019/08/20 01:25:00",RT_VIC2,0
D,DISPATCH,UNIT_SCADA,1,"2019/08/20 01:25:00",RT_VIC3,0
D,DISPATCH,UNIT_SCADA,1,"2019/08/20 01:25:00",RT_VIC4,0
D,DISPATCH,UNIT_SCADA,1,"2019/08/20 01:25:00",RT_VIC5,0
D,DISPATCH,UNIT_SCADA,1,"2019/08/20 01:25:00",RT_VIC6,0
D,DISPATCH,UNIT_SCADA,1,"2019/08/20 01:25:00",RT_VIC7,0
D,DISPATCH,UNIT_SCADA,1,"2019/08/20 01:25:00",RT_VIC8,0
D,DISPATCH,UNIT_SCADA,1,"2019/08/20 01:25:00",RT_VIC9,0
D,DISPATCH,UNIT_SCADA,1,"2019/08/20 01:25:00",RUGBYR1,0
D,DISPATCH,UNIT_SCADA,1,"2019/08/20 01:25:00",SALTCRK1,49.95
D,DISPATCH,UNIT_SCADA,1,"2019/08/20 01:25:00",SAPHWF1,215.128110
D,DISPATCH,UNIT_SCADA,1,"2019/08/20 01:25:00",SHGEN,0
D,DISPATCH,UNIT_SCADA,1,"2019/08/20 01:25:00",SHPUMP,159.2514
D,DISPATCH,UNIT_SCADA,1,"2019/08/20 01:25:00",SITHE01,0.043330
D,DISPATCH,UNIT_SCADA,1,"2019/08/20 01:25:00",SMCSF1,0
D,DISPATCH,UNIT_SCADA,1,"2019/08/20 01:25:00",SNOWNTH1,17.90
D,DISPATCH,UNIT_SCADA,1,"2019/08/20 01:25:00",SNOWSTH1,46.50
D,DISPATCH,UNIT_SCADA,1,"2019/08/20 01:25:00",SNOWTWN1,20.603480
D,DISPATCH,UNIT_SCADA,1,"2019/08/20 01:25:00",SNOWYP,0
D,DISPATCH,UNIT_SCADA,1,"2019/08/20 01:25:00",SNUG1,0.019440
D,DISPATCH,UNIT_SCADA,1,"2019/08/20 01:25:00",SRSF1,0
D,DISPATCH,UNIT_SCADA,1,"2019/08/20 01:25:00",STAN-1,0
D,DISPATCH,UNIT_SCADA,1,"2019/08/20 01:25:00",STAN-2,184.243060
D,DISPATCH,UNIT_SCADA,1,"2019/08/20 01:25:00",STAN-3,218.748580
D,DISPATCH,UNIT_SCADA,1,"2019/08/20 01:25:00",STAN-4,205.071980
D,DISPATCH,UNIT_SCADA,1,"2019/08/20 01:25:00",STWF1,143.313750
D,DISPATCH,UNIT_SCADA,1,"2019/08/20 01:25:00",SWAN_E,0
D,DISPATCH,UNIT_SCADA,1,"2019/08/20 01:25:00",TALWA1,301
D,DISPATCH,UNIT_SCADA,1,"2019/08/20 01:25:00",TARALGA1,99.990010
D,DISPATCH,UNIT_SCADA,1,"2019/08/20 01:25:00",TARONG#1,226
D,DISPATCH,UNIT_SCADA,1,"2019/08/20 01:25:00",TARONG#2,224.50
D,DISPATCH,UNIT_SCADA,1,"2019/08/20 01:25:00",TARONG#3,179.30
D,DISPATCH,UNIT_SCADA,1,"2019/08/20 01:25:00",TARONG#4,225
D,DISPATCH,UNIT_SCADA,1,"2019/08/20 01:25:00",TARRALEA,79
D,DISPATCH,UNIT_SCADA,1,"2019/08/20 01:25:00",TBSF1,-0.20
D,DISPATCH,UNIT_SCADA,1,"2019/08/20 01:25:00",TNPS1,299.50
D,DISPATCH,UNIT_SCADA,1,"2019/08/20 01:25:00",TORRA1,34.461630
D,DISPATCH,UNIT_SCADA,1,"2019/08/20 01:25:00",TORRA2,0
D,DISPATCH,UNIT_SCADA,1,"2019/08/20 01:25:00",TORRA3,35.671990
D,DISPATCH,UNIT_SCADA,1,"2019/08/20 01:25:00",TORRA4,0
D,DISPATCH,UNIT_SCADA,1,"2019/08/20 01:25:00",TORRB1,40.29
D,DISPATCH,UNIT_SCADA,1,"2019/08/20 01:25:00",TORRB2,39.11
D,DISPATCH,UNIT_SCADA,1,"2019/08/20 01:25:00",TORRB3,0
D,DISPATCH,UNIT_SCADA,1,"2019/08/20 01:25:00",TORRB4,0
D,DISPATCH,UNIT_SCADA,1,"2019/08/20 01:25:00",TREVALLN,1.80
D,DISPATCH,UNIT_SCADA,1,"2019/08/20 01:25:00",TRIBUTE,70.189990
D,DISPATCH,UNIT_SCADA,1,"2019/08/20 01:25:00",TUMUT3,0
D,DISPATCH,UNIT_SCADA,1,"2019/08/20 01:25:00",TUNGATIN,2.90
D,DISPATCH,UNIT_SCADA,1,"2019/08/20 01:25:00",TVCC201,0
D,DISPATCH,UNIT_SCADA,1,"2019/08/20 01:25:00",TVPP104,0
D,DISPATCH,UNIT_SCADA,1,"2019/08/20 01:25:00",UPPTUMUT,0
D,DISPATCH,UNIT_SCADA,1,"2019/08/20 01:25:00",URANQ11,0
D,DISPATCH,UNIT_SCADA,1,"2019/08/20 01:25:00",URANQ12,0
D,DISPATCH,UNIT_SCADA,1,"2019/08/20 01:25:00",URANQ13,0
D,DISPATCH,UNIT_SCADA,1,"2019/08/20 01:25:00",URANQ14,0
D,DISPATCH,UNIT_SCADA,1,"2019/08/20 01:25:00",VP5,404.925020
D,DISPATCH,UNIT_SCADA,1,"2019/08/20 01:25:00",VP6,395.825010
D,DISPATCH,UNIT_SCADA,1,"2019/08/20 01:25:00",VPGS1,0
D,DISPATCH,UNIT_SCADA,1,"2019/08/20 01:25:00",VPGS2,0
D,DISPATCH,UNIT_SCADA,1,"2019/08/20 01:25:00",VPGS3,0
D,DISPATCH,UNIT_SCADA,1,"2019/08/20 01:25:00",VPGS4,0
D,DISPATCH,UNIT_SCADA,1,"2019/08/20 01:25:00",VPGS5,0
D,DISPATCH,UNIT_SCADA,1,"2019/08/20 01:25:00",VPGS6,0
D,DISPATCH,UNIT_SCADA,1,"2019/08/20 01:25:00",W/HOE#1,0
D,DISPATCH,UNIT_SCADA,1,"2019/08/20 01:25:00",W/HOE#2,0
D,DISPATCH,UNIT_SCADA,1,"2019/08/20 01:25:00",WATERLWF,62.10
D,DISPATCH,UNIT_SCADA,1,"2019/08/20 01:25:00",WEMENSF1,0
D,DISPATCH,UNIT_SCADA,1,"2019/08/20 01:25:00",WGWF1,90.90
D,DISPATCH,UNIT_SCADA,1,"2019/08/20 01:25:00",WHITSF1,0
D,DISPATCH,UNIT_SCADA,1,"2019/08/20 01:25:00",WKIEWA1,0
D,DISPATCH,UNIT_SCADA,1,"2019/08/20 01:25:00",WKIEWA2,14.50
D,DISPATCH,UNIT_SCADA,1,"2019/08/20 01:25:00",WOODLWN1,44.873990
D,DISPATCH,UNIT_SCADA,1,"2019/08/20 01:25:00",WRSF1,0
D,DISPATCH,UNIT_SCADA,1,"2019/08/20 01:25:00",WRWF1,139.198730
D,DISPATCH,UNIT_SCADA,1,"2019/08/20 01:25:00",YABULU,0
D,DISPATCH,UNIT_SCADA,1,"2019/08/20 01:25:00",YABULU2,0
D,DISPATCH,UNIT_SCADA,1,"2019/08/20 01:25:00",YARWUN_1,0
D,DISPATCH,UNIT_SCADA,1,"2019/08/20 01:25:00",YENDWF1,41.95
D,DISPATCH,UNIT_SCADA,1,"2019/08/20 01:25:00",YWPS1,377.944310
D,DISPATCH,UNIT_SCADA,1,"2019/08/20 01:25:00",YWPS2,280.698730
D,DISPATCH,UNIT_SCADA,1,"2019/08/20 01:25:00",YWPS3,0
D,DISPATCH,UNIT_SCADA,1,"2019/08/20 01:25:00",YWPS4,391.003780
C,"END OF REPORT",334
