C,NEMP.WORLD,DISPATCHSCADA,AEMO,PUBLIC,2019/09/05,07:25:08,0000000312412995,DISPATCHSCADA,0000000312412989
I,DISPATCH,UNIT_SCADA,1,SETTLEMENTDATE,DUID,SCADAVALUE
D,DISPATCH,UNIT_SCADA,1,"2019/09/05 07:30:00",BARCSF1,4.50
D,DISPATCH,UNIT_SCADA,1,"2019/09/05 07:30:00",BUTLERSG,10.199999
D,DISPATCH,UNIT_SCADA,1,"2019/09/05 07:30:00",CALL_A_4,0
D,DISPATCH,UNIT_SCADA,1,"2019/09/05 07:30:00",CAPTL_WF,0
D,DISPATCH,UNIT_SCADA,1,"2019/09/05 07:30:00",CATHROCK,39.419998
D,DISPATCH,UNIT_SCADA,1,"2019/09/05 07:30:00",CHALLHWF,0.50
D,DISPATCH,UNIT_SCADA,1,"2019/09/05 07:30:00",CLOVER,-0.01
D,DISPATCH,UNIT_SCADA,1,"2019/09/05 07:30:00",CLUNY,13.982605
D,DISPATCH,UNIT_SCADA,1,"2019/09/05 07:30:00",CNUNDAWF,20.223591
D,DISPATCH,UNIT_SCADA,1,"2019/09/05 07:30:00",CULLRGWF,7.45
D,DISPATCH,UNIT_SCADA,1,"2019/09/05 07:30:00",ERGT01,0
D,DISPATCH,UNIT_SCADA,1,"2019/09/05 07:30:00",GB01,0.015694
D,DISPATCH,UNIT_SCADA,1,"2019/09/05 07:30:00",GERMCRK,39
D,DISPATCH,UNIT_SCADA,1,"2019/09/05 07:30:00",GRIFSF1,10.099998
D,DISPATCH,UNIT_SCADA,1,"2019/09/05 07:30:00",HUGSF1,3.1150
D,DISPATCH,UNIT_SCADA,1,"2019/09/05 07:30:00",LKBONNY1,27.239355
D,DISPATCH,UNIT_SCADA,1,"2019/09/05 07:30:00",LRSF1,6.7790
D,DISPATCH,UNIT_SCADA,1,"2019/09/05 07:30:00",MBAHNTH,27.243744
D,DISPATCH,UNIT_SCADA,1,"2019/09/05 07:30:00",MLSP1,2.775001
D,DISPATCH,UNIT_SCADA,1,"2019/09/05 07:30:00",MLWF1,2.52
D,DISPATCH,UNIT_SCADA,1,"2019/09/05 07:30:00",MTMILLAR,17.784735
D,DISPATCH,UNIT_SCADA,1,"2019/09/05 07:30:00",PALOONA,24.76
D,DISPATCH,UNIT_SCADA,1,"2019/09/05 07:30:00",PIONEER,49.299999
D,DISPATCH,UNIT_SCADA,1,"2019/09/05 07:30:00",PORTWF,22.10
D,DISPATCH,UNIT_SCADA,1,"2019/09/05 07:30:00",REPULSE,25.037613
D,DISPATCH,UNIT_SCADA,1,"2019/09/05 07:30:00",ROWALLAN,10.4370
D,DISPATCH,UNIT_SCADA,1,"2019/09/05 07:30:00",ROYALLA1,4.012001
D,DISPATCH,UNIT_SCADA,1,"2019/09/05 07:30:00",RPCG,13.10
D,DISPATCH,UNIT_SCADA,1,"2019/09/05 07:30:00",RUBICON,0
D,DISPATCH,UNIT_SCADA,1,"2019/09/05 07:30:00",SATGN1,0
D,DISPATCH,UNIT_SCADA,1,"2019/09/05 07:30:00",SATGS1,0
D,DISPATCH,UNIT_SCADA,1,"2019/09/05 07:30:00",STARHLWF,1.399592
D,DISPATCH,UNIT_SCADA,1,"2019/09/05 07:30:00",WAUBRAWF,21.971001
D,DISPATCH,UNIT_SCADA,1,"2019/09/05 07:30:00",WOOLNTH1,-0.539985
D,DISPATCH,UNIT_SCADA,1,"2019/09/05 07:30:00",WPWF,17
D,DISPATCH,UNIT_SCADA,1,"2019/09/05 07:30:00",YAMBUKWF,0.80
D,DISPATCH,UNIT_SCADA,1,"2019/09/05 07:30:00",YSWF1,0.70
D,DISPATCH,UNIT_SCADA,1,"2019/09/05 07:30:00",AGLHAL,0
D,DISPATCH,UNIT_SCADA,1,"2019/09/05 07:30:00",AGLSOM,0
D,DISPATCH,UNIT_SCADA,1,"2019/09/05 07:30:00",ANGAST1,0
D,DISPATCH,UNIT_SCADA,1,"2019/09/05 07:30:00",ARWF1,9.80
D,DISPATCH,UNIT_SCADA,1,"2019/09/05 07:30:00",BALBG1,0
D,DISPATCH,UNIT_SCADA,1,"2019/09/05 07:30:00",BALBL1,0
D,DISPATCH,UNIT_SCADA,1,"2019/09/05 07:30:00",BALDHWF1,0
D,DISPATCH,UNIT_SCADA,1,"2019/09/05 07:30:00",BANN1,1.86
D,DISPATCH,UNIT_SCADA,1,"2019/09/05 07:30:00",BARCALDN,0
D,DISPATCH,UNIT_SCADA,1,"2019/09/05 07:30:00",BARRON-1,32.76
D,DISPATCH,UNIT_SCADA,1,"2019/09/05 07:30:00",BARRON-2,0
D,DISPATCH,UNIT_SCADA,1,"2019/09/05 07:30:00",BASTYAN,80.650010
D,DISPATCH,UNIT_SCADA,1,"2019/09/05 07:30:00",BBTHREE1,0
D,DISPATCH,UNIT_SCADA,1,"2019/09/05 07:30:00",BBTHREE2,0
D,DISPATCH,UNIT_SCADA,1,"2019/09/05 07:30:00",BBTHREE3,0
D,DISPATCH,UNIT_SCADA,1,"2019/09/05 07:30:00",BDL01,0
D,DISPATCH,UNIT_SCADA,1,"2019/09/05 07:30:00",BDL02,-0.12
D,DISPATCH,UNIT_SCADA,1,"2019/09/05 07:30:00",BERYLSF1,30.1319
D,DISPATCH,UNIT_SCADA,1,"2019/09/05 07:30:00",BLOWERNG,11.10
D,DISPATCH,UNIT_SCADA,1,"2019/09/05 07:30:00",BLUFF1,0
D,DISPATCH,UNIT_SCADA,1,"2019/09/05 07:30:00",BNGSF1,2.78
D,DISPATCH,UNIT_SCADA,1,"2019/09/05 07:30:00",BNGSF2,0.70
D,DISPATCH,UNIT_SCADA,1,"2019/09/05 07:30:00",BOCORWF1,1.23
D,DISPATCH,UNIT_SCADA,1,"2019/09/05 07:30:00",BODWF1,16.652360
D,DISPATCH,UNIT_SCADA,1,"2019/09/05 07:30:00",BRAEMAR1,0
D,DISPATCH,UNIT_SCADA,1,"2019/09/05 07:30:00",BRAEMAR2,0
D,DISPATCH,UNIT_SCADA,1,"2019/09/05 07:30:00",BRAEMAR3,0
D,DISPATCH,UNIT_SCADA,1,"2019/09/05 07:30:00",BRAEMAR5,0
D,DISPATCH,UNIT_SCADA,1,"2019/09/05 07:30:00",BRAEMAR6,0
D,DISPATCH,UNIT_SCADA,1,"2019/09/05 07:30:00",BRAEMAR7,0
D,DISPATCH,UNIT_SCADA,1,"2019/09/05 07:30:00",BROKENH1,5.222410
D,DISPATCH,UNIT_SCADA,1,"2019/09/05 07:30:00",BW01,561.474980
D,DISPATCH,UNIT_SCADA,1,"2019/09/05 07:30:00",BW02,654.699950
D,DISPATCH,UNIT_SCADA,1,"2019/09/05 07:30:00",BW03,650.150020
D,DISPATCH,UNIT_SCADA,1,"2019/09/05 07:30:00",BW04,0
D,DISPATCH,UNIT_SCADA,1,"2019/09/05 07:30:00",CALL_B_1,315.399990
D,DISPATCH,UNIT_SCADA,1,"2019/09/05 07:30:00",CALL_B_2,314.300020
D,DISPATCH,UNIT_SCADA,1,"2019/09/05 07:30:00",CETHANA,79.802870
D,DISPATCH,UNIT_SCADA,1,"2019/09/05 07:30:00",CG1,0
D,DISPATCH,UNIT_SCADA,1,"2019/09/05 07:30:00",CG2,0
D,DISPATCH,UNIT_SCADA,1,"2019/09/05 07:30:00",CG3,0
D,DISPATCH,UNIT_SCADA,1,"2019/09/05 07:30:00",CG4,0
D,DISPATCH,UNIT_SCADA,1,"2019/09/05 07:30:00",CHILDSF1,35.52
D,DISPATCH,UNIT_SCADA,1,"2019/09/05 07:30:00",CLARESF1,29.247490
D,DISPATCH,UNIT_SCADA,1,"2019/09/05 07:30:00",CLEMGPWF,-0.288140
D,DISPATCH,UNIT_SCADA,1,"2019/09/05 07:30:00",CLERMSF1,14.89
D,DISPATCH,UNIT_SCADA,1,"2019/09/05 07:30:00",COLEASF1,10.399990
D,DISPATCH,UNIT_SCADA,1,"2019/09/05 07:30:00",COOPGWF1,2.210010
D,DISPATCH,UNIT_SCADA,1,"2019/09/05 07:30:00",CPP_3,376.475010
D,DISPATCH,UNIT_SCADA,1,"2019/09/05 07:30:00",CPP_4,377.024990
D,DISPATCH,UNIT_SCADA,1,"2019/09/05 07:30:00",CPSA,142.1550
D,DISPATCH,UNIT_SCADA,1,"2019/09/05 07:30:00",CROOKWF2,8.343750
D,DISPATCH,UNIT_SCADA,1,"2019/09/05 07:30:00",CROWLWF1,2.153860
D,DISPATCH,UNIT_SCADA,1,"2019/09/05 07:30:00",CSPVPS1,8.1220
D,DISPATCH,UNIT_SCADA,1,"2019/09/05 07:30:00",DALNTH01,0
D,DISPATCH,UNIT_SCADA,1,"2019/09/05 07:30:00",DALNTHL1,0.077820
D,DISPATCH,UNIT_SCADA,1,"2019/09/05 07:30:00",DARTM1,133.600010
D,DISPATCH,UNIT_SCADA,1,"2019/09/05 07:30:00",DAYDSF1,76.7880
D,DISPATCH,UNIT_SCADA,1,"2019/09/05 07:30:00",DDPS1,307.589690
D,DISPATCH,UNIT_SCADA,1,"2019/09/05 07:30:00",DDSF1,38.0887
D,DISPATCH,UNIT_SCADA,1,"2019/09/05 07:30:00",DEVILS_G,56.132080
D,DISPATCH,UNIT_SCADA,1,"2019/09/05 07:30:00",DG_NSW1,0
D,DISPATCH,UNIT_SCADA,1,"2019/09/05 07:30:00",DG_QLD1,0
D,DISPATCH,UNIT_SCADA,1,"2019/09/05 07:30:00",DG_SA1,0
D,DISPATCH,UNIT_SCADA,1,"2019/09/05 07:30:00",DG_TAS1,0
D,DISPATCH,UNIT_SCADA,1,"2019/09/05 07:30:00",DG_VIC1,0
D,DISPATCH,UNIT_SCADA,1,"2019/09/05 07:30:00",DRYCGT1,0
D,DISPATCH,UNIT_SCADA,1,"2019/09/05 07:30:00",DRYCGT2,0
D,DISPATCH,UNIT_SCADA,1,"2019/09/05 07:30:00",DRYCGT3,0
D,DISPATCH,UNIT_SCADA,1,"2019/09/05 07:30:00",EILDON1,0
D,DISPATCH,UNIT_SCADA,1,"2019/09/05 07:30:00",EILDON2,0
D,DISPATCH,UNIT_SCADA,1,"2019/09/05 07:30:00",EMERASF1,37.70
D,DISPATCH,UNIT_SCADA,1,"2019/09/05 07:30:00",ER01,590.224980
D,DISPATCH,UNIT_SCADA,1,"2019/09/05 07:30:00",ER02,695.724980
D,DISPATCH,UNIT_SCADA,1,"2019/09/05 07:30:00",ER03,0
D,DISPATCH,UNIT_SCADA,1,"2019/09/05 07:30:00",ER04,695.699950
D,DISPATCH,UNIT_SCADA,1,"2019/09/05 07:30:00",FINLYSF1,1.543760
D,DISPATCH,UNIT_SCADA,1,"2019/09/05 07:30:00",FISHER,45.94
D,DISPATCH,UNIT_SCADA,1,"2019/09/05 07:30:00",GANNBG1,2.360960
D,DISPATCH,UNIT_SCADA,1,"2019/09/05 07:30:00",GANNBL1,0
D,DISPATCH,UNIT_SCADA,1,"2019/09/05 07:30:00",GANNSF1,1.50
D,DISPATCH,UNIT_SCADA,1,"2019/09/05 07:30:00",GORDON,109.765040
D,DISPATCH,UNIT_SCADA,1,"2019/09/05 07:30:00",GSTONE1,156.6250
D,DISPATCH,UNIT_SCADA,1,"2019/09/05 07:30:00",GSTONE2,154.8750
D,DISPATCH,UNIT_SCADA,1,"2019/09/05 07:30:00",GSTONE3,0
D,DISPATCH,UNIT_SCADA,1,"2019/09/05 07:30:00",GSTONE4,156.6250
D,DISPATCH,UNIT_SCADA,1,"2019/09/05 07:30:00",GSTONE5,159.95
D,DISPATCH,UNIT_SCADA,1,"2019/09/05 07:30:00",GSTONE6,158.024990
D,DISPATCH,UNIT_SCADA,1,"2019/09/05 07:30:00",GULLRSF1,3.768220
D,DISPATCH,UNIT_SCADA,1,"2019/09/05 07:30:00",GULLRWF1,19.957090
D,DISPATCH,UNIT_SCADA,1,"2019/09/05 07:30:00",GUNNING1,4.074010
D,DISPATCH,UNIT_SCADA,1,"2019/09/05 07:30:00",GUTHEGA,31
D,DISPATCH,UNIT_SCADA,1,"2019/09/05 07:30:00",HALLWF1,-0.40
D,DISPATCH,UNIT_SCADA,1,"2019/09/05 07:30:00",HALLWF2,-0.30
D,DISPATCH,UNIT_SCADA,1,"2019/09/05 07:30:00",HAMISF1,27.50
D,DISPATCH,UNIT_SCADA,1,"2019/09/05 07:30:00",HAUGHT11,0
D,DISPATCH,UNIT_SCADA,1,"2019/09/05 07:30:00",HAYMSF1,25.2140
D,DISPATCH,UNIT_SCADA,1,"2019/09/05 07:30:00",HDWF1,2
D,DISPATCH,UNIT_SCADA,1,"2019/09/05 07:30:00",HDWF2,2.10
D,DISPATCH,UNIT_SCADA,1,"2019/09/05 07:30:00",HDWF3,1.90
D,DISPATCH,UNIT_SCADA,1,"2019/09/05 07:30:00",HPRG1,0
D,DISPATCH,UNIT_SCADA,1,"2019/09/05 07:30:00",HPRL1,0
D,DISPATCH,UNIT_SCADA,1,"2019/09/05 07:30:00",HUMENSW,0
D,DISPATCH,UNIT_SCADA,1,"2019/09/05 07:30:00",HUMEV,25.80
D,DISPATCH,UNIT_SCADA,1,"2019/09/05 07:30:00",HVGTS,0
D,DISPATCH,UNIT_SCADA,1,"2019/09/05 07:30:00",JBUTTERS,112.13
D,DISPATCH,UNIT_SCADA,1,"2019/09/05 07:30:00",JLA01,0.10
D,DISPATCH,UNIT_SCADA,1,"2019/09/05 07:30:00",JLA02,54.20
D,DISPATCH,UNIT_SCADA,1,"2019/09/05 07:30:00",JLA03,0
D,DISPATCH,UNIT_SCADA,1,"2019/09/05 07:30:00",JLA04,0
D,DISPATCH,UNIT_SCADA,1,"2019/09/05 07:30:00",JLB01,0
D,DISPATCH,UNIT_SCADA,1,"2019/09/05 07:30:00",JLB02,84.10
D,DISPATCH,UNIT_SCADA,1,"2019/09/05 07:30:00",JLB03,83.90
D,DISPATCH,UNIT_SCADA,1,"2019/09/05 07:30:00",KAREEYA1,21.5550
D,DISPATCH,UNIT_SCADA,1,"2019/09/05 07:30:00",KAREEYA2,21.6025
D,DISPATCH,UNIT_SCADA,1,"2019/09/05 07:30:00",KAREEYA3,0
D,DISPATCH,UNIT_SCADA,1,"2019/09/05 07:30:00",KAREEYA4,21.61
D,DISPATCH,UNIT_SCADA,1,"2019/09/05 07:30:00",KARSF1,3.50
D,DISPATCH,UNIT_SCADA,1,"2019/09/05 07:30:00",KIATAWF1,2.90
D,DISPATCH,UNIT_SCADA,1,"2019/09/05 07:30:00",KPP_1,0
D,DISPATCH,UNIT_SCADA,1,"2019/09/05 07:30:00",KSP1,25.86
D,DISPATCH,UNIT_SCADA,1,"2019/09/05 07:30:00",LADBROK1,42.86
D,DISPATCH,UNIT_SCADA,1,"2019/09/05 07:30:00",LADBROK2,42.54
D,DISPATCH,UNIT_SCADA,1,"2019/09/05 07:30:00",LD01,376.349950
D,DISPATCH,UNIT_SCADA,1,"2019/09/05 07:30:00",LD02,376.912540
D,DISPATCH,UNIT_SCADA,1,"2019/09/05 07:30:00",LD03,377.643770
D,DISPATCH,UNIT_SCADA,1,"2019/09/05 07:30:00",LD04,377.043730
D,DISPATCH,UNIT_SCADA,1,"2019/09/05 07:30:00",LEM_WIL,81.893950
D,DISPATCH,UNIT_SCADA,1,"2019/09/05 07:30:00",LGAPWF1,19.47
D,DISPATCH,UNIT_SCADA,1,"2019/09/05 07:30:00",LILYSF1,50.331640
D,DISPATCH,UNIT_SCADA,1,"2019/09/05 07:30:00",LI_WY_CA,162.4325
D,DISPATCH,UNIT_SCADA,1,"2019/09/05 07:30:00",LKBONNY2,68.187780
D,DISPATCH,UNIT_SCADA,1,"2019/09/05 07:30:00",LKBONNY3,11.276050
D,DISPATCH,UNIT_SCADA,1,"2019/09/05 07:30:00",LK_ECHO,0
D,DISPATCH,UNIT_SCADA,1,"2019/09/05 07:30:00",LNGS1,0
D,DISPATCH,UNIT_SCADA,1,"2019/09/05 07:30:00",LNGS2,0
D,DISPATCH,UNIT_SCADA,1,"2019/09/05 07:30:00",LONSDALE,0
D,DISPATCH,UNIT_SCADA,1,"2019/09/05 07:30:00",LOYYB1,535.336730
D,DISPATCH,UNIT_SCADA,1,"2019/09/05 07:30:00",LOYYB2,584.210140
D,DISPATCH,UNIT_SCADA,1,"2019/09/05 07:30:00",LYA1,0
D,DISPATCH,UNIT_SCADA,1,"2019/09/05 07:30:00",LYA2,0
D,DISPATCH,UNIT_SCADA,1,"2019/09/05 07:30:00",LYA3,558
D,DISPATCH,UNIT_SCADA,1,"2019/09/05 07:30:00",LYA4,540
D,DISPATCH,UNIT_SCADA,1,"2019/09/05 07:30:00",MACARTH1,61.998570
D,DISPATCH,UNIT_SCADA,1,"2019/09/05 07:30:00",MACKAYGT,0.2240
D,DISPATCH,UNIT_SCADA,1,"2019/09/05 07:30:00",MACKNTSH,88.350010
D,DISPATCH,UNIT_SCADA,1,"2019/09/05 07:30:00",MANSLR1,17.7250
D,DISPATCH,UNIT_SCADA,1,"2019/09/05 07:30:00",MCKAY1,118.454990
D,DISPATCH,UNIT_SCADA,1,"2019/09/05 07:30:00",MEADOWBK,31.780960
D,DISPATCH,UNIT_SCADA,1,"2019/09/05 07:30:00",MERCER01,10.6150
D,DISPATCH,UNIT_SCADA,1,"2019/09/05 07:30:00",MEWF1,28.039170
D,DISPATCH,UNIT_SCADA,1,"2019/09/05 07:30:00",MINTARO,0
D,DISPATCH,UNIT_SCADA,1,"2019/09/05 07:30:00",MOREESF1,36.4440
D,DISPATCH,UNIT_SCADA,1,"2019/09/05 07:30:00",MORTLK11,260
D,DISPATCH,UNIT_SCADA,1,"2019/09/05 07:30:00",MORTLK12,0
D,DISPATCH,UNIT_SCADA,1,"2019/09/05 07:30:00",MP1,226.525020
D,DISPATCH,UNIT_SCADA,1,"2019/09/05 07:30:00",MP2,0
D,DISPATCH,UNIT_SCADA,1,"2019/09/05 07:30:00",MPP_1,276
D,DISPATCH,UNIT_SCADA,1,"2019/09/05 07:30:00",MPP_2,373.50
D,DISPATCH,UNIT_SCADA,1,"2019/09/05 07:30:00",MSTUART1,0
D,DISPATCH,UNIT_SCADA,1,"2019/09/05 07:30:00",MSTUART2,0
D,DISPATCH,UNIT_SCADA,1,"2019/09/05 07:30:00",MSTUART3,0
D,DISPATCH,UNIT_SCADA,1,"2019/09/05 07:30:00",MTGELWF1,1.408430
D,DISPATCH,UNIT_SCADA,1,"2019/09/05 07:30:00",MURRAY,0
D,DISPATCH,UNIT_SCADA,1,"2019/09/05 07:30:00",MUSSELR1,15.50
D,DISPATCH,UNIT_SCADA,1,"2019/09/05 07:30:00",MUWAWF1,25.79
D,DISPATCH,UNIT_SCADA,1,"2019/09/05 07:30:00",NBHWF1,-0.50
D,DISPATCH,UNIT_SCADA,1,"2019/09/05 07:30:00",NPS,300.3750
D,DISPATCH,UNIT_SCADA,1,"2019/09/05 07:30:00",NUMURSF1,3.39
D,DISPATCH,UNIT_SCADA,1,"2019/09/05 07:30:00",NYNGAN1,21.50
D,DISPATCH,UNIT_SCADA,1,"2019/09/05 07:30:00",OAKEY1,0
D,DISPATCH,UNIT_SCADA,1,"2019/09/05 07:30:00",OAKEY1SF,16.4780
D,DISPATCH,UNIT_SCADA,1,"2019/09/05 07:30:00",OAKEY2,0
D,DISPATCH,UNIT_SCADA,1,"2019/09/05 07:30:00",OAKEY2SF,0
D,DISPATCH,UNIT_SCADA,1,"2019/09/05 07:30:00",OAKLAND1,5.20
D,DISPATCH,UNIT_SCADA,1,"2019/09/05 07:30:00",OSB-AG,180.67
D,DISPATCH,UNIT_SCADA,1,"2019/09/05 07:30:00",PARSF1,30
D,DISPATCH,UNIT_SCADA,1,"2019/09/05 07:30:00",POAT110,0
D,DISPATCH,UNIT_SCADA,1,"2019/09/05 07:30:00",POAT220,68.30
D,DISPATCH,UNIT_SCADA,1,"2019/09/05 07:30:00",POR01,0
D,DISPATCH,UNIT_SCADA,1,"2019/09/05 07:30:00",POR03,0
D,DISPATCH,UNIT_SCADA,1,"2019/09/05 07:30:00",PPCCGT,488.971410
D,DISPATCH,UNIT_SCADA,1,"2019/09/05 07:30:00",PTSTAN1,0
D,DISPATCH,UNIT_SCADA,1,"2019/09/05 07:30:00",PUMP1,0
D,DISPATCH,UNIT_SCADA,1,"2019/09/05 07:30:00",PUMP2,0
D,DISPATCH,UNIT_SCADA,1,"2019/09/05 07:30:00",QPS1,29.20
D,DISPATCH,UNIT_SCADA,1,"2019/09/05 07:30:00",QPS2,0
D,DISPATCH,UNIT_SCADA,1,"2019/09/05 07:30:00",QPS3,23.50
D,DISPATCH,UNIT_SCADA,1,"2019/09/05 07:30:00",QPS4,23.40
D,DISPATCH,UNIT_SCADA,1,"2019/09/05 07:30:00",QPS5,124.56
D,DISPATCH,UNIT_SCADA,1,"2019/09/05 07:30:00",REECE1,102.360010
D,DISPATCH,UNIT_SCADA,1,"2019/09/05 07:30:00",REECE2,101.370010
D,DISPATCH,UNIT_SCADA,1,"2019/09/05 07:30:00",ROMA_7,0
D,DISPATCH,UNIT_SCADA,1,"2019/09/05 07:30:00",ROMA_8,0
D,DISPATCH,UNIT_SCADA,1,"2019/09/05 07:30:00",RRSF1,48.989820
D,DISPATCH,UNIT_SCADA,1,"2019/09/05 07:30:00",RT_NSW1,0
D,DISPATCH,UNIT_SCADA,1,"2019/09/05 07:30:00",RT_NSW2,0
D,DISPATCH,UNIT_SCADA,1,"2019/09/05 07:30:00",RT_NSW3,0
D,DISPATCH,UNIT_SCADA,1,"2019/09/05 07:30:00",RT_NSW4,0
D,DISPATCH,UNIT_SCADA,1,"2019/09/05 07:30:00",RT_NSW5,0
D,DISPATCH,UNIT_SCADA,1,"2019/09/05 07:30:00",RT_NSW6,0
D,DISPATCH,UNIT_SCADA,1,"2019/09/05 07:30:00",RT_QLD1,0
D,DISPATCH,UNIT_SCADA,1,"2019/09/05 07:30:00",RT_SA1,0
D,DISPATCH,UNIT_SCADA,1,"2019/09/05 07:30:00",RT_SA2,0
D,DISPATCH,UNIT_SCADA,1,"2019/09/05 07:30:00",RT_SA3,0
D,DISPATCH,UNIT_SCADA,1,"2019/09/05 07:30:00",RT_SA4,0
D,DISPATCH,UNIT_SCADA,1,"2019/09/05 07:30:00",RT_SA5,0
D,DISPATCH,UNIT_SCADA,1,"2019/09/05 07:30:00",RT_SA6,0
D,DISPATCH,UNIT_SCADA,1,"2019/09/05 07:30:00",RT_TAS1,0
D,DISPATCH,UNIT_SCADA,1,"2019/09/05 07:30:00",RT_VIC1,0
D,DISPATCH,UNIT_SCADA,1,"2019/09/05 07:30:00",RT_VIC10,0
D,DISPATCH,UNIT_SCADA,1,"2019/09/05 07:30:00",RT_VIC11,0
D,DISPATCH,UNIT_SCADA,1,"2019/09/05 07:30:00",RT_VIC12,0
D,DISPATCH,UNIT_SCADA,1,"2019/09/05 07:30:00",RT_VIC2,0
D,DISPATCH,UNIT_SCADA,1,"2019/09/05 07:30:00",RT_VIC3,0
D,DISPATCH,UNIT_SCADA,1,"2019/09/05 07:30:00",RT_VIC4,0
D,DISPATCH,UNIT_SCADA,1,"2019/09/05 07:30:00",RT_VIC5,0
D,DISPATCH,UNIT_SCADA,1,"2019/09/05 07:30:00",RT_VIC6,0
D,DISPATCH,UNIT_SCADA,1,"2019/09/05 07:30:00",RT_VIC7,0
D,DISPATCH,UNIT_SCADA,1,"2019/09/05 07:30:00",RT_VIC8,0
D,DISPATCH,UNIT_SCADA,1,"2019/09/05 07:30:00",RT_VIC9,0
D,DISPATCH,UNIT_SCADA,1,"2019/09/05 07:30:00",RUGBYR1,44.763130
D,DISPATCH,UNIT_SCADA,1,"2019/09/05 07:30:00",SALTCRK1,8.09
D,DISPATCH,UNIT_SCADA,1,"2019/09/05 07:30:00",SAPHWF1,-2.578130
D,DISPATCH,UNIT_SCADA,1,"2019/09/05 07:30:00",SHGEN,162.411730
D,DISPATCH,UNIT_SCADA,1,"2019/09/05 07:30:00",SHPUMP,0
D,DISPATCH,UNIT_SCADA,1,"2019/09/05 07:30:00",SITHE01,117.436330
D,DISPATCH,UNIT_SCADA,1,"2019/09/05 07:30:00",SMCSF1,23.051520
D,DISPATCH,UNIT_SCADA,1,"2019/09/05 07:30:00",SNOWNTH1,28.40
D,DISPATCH,UNIT_SCADA,1,"2019/09/05 07:30:00",SNOWSTH1,67.30
D,DISPATCH,UNIT_SCADA,1,"2019/09/05 07:30:00",SNOWTWN1,32.4796
D,DISPATCH,UNIT_SCADA,1,"2019/09/05 07:30:00",SNOWYP,0
D,DISPATCH,UNIT_SCADA,1,"2019/09/05 07:30:00",SNUG1,0.019440
D,DISPATCH,UNIT_SCADA,1,"2019/09/05 07:30:00",SRSF1,34.37
D,DISPATCH,UNIT_SCADA,1,"2019/09/05 07:30:00",STAN-1,292.758540
D,DISPATCH,UNIT_SCADA,1,"2019/09/05 07:30:00",STAN-2,256.702090
D,DISPATCH,UNIT_SCADA,1,"2019/09/05 07:30:00",STAN-3,296.719240
D,DISPATCH,UNIT_SCADA,1,"2019/09/05 07:30:00",STAN-4,299.8468
D,DISPATCH,UNIT_SCADA,1,"2019/09/05 07:30:00",STWF1,0
D,DISPATCH,UNIT_SCADA,1,"2019/09/05 07:30:00",SWAN_E,0
D,DISPATCH,UNIT_SCADA,1,"2019/09/05 07:30:00",TALWA1,419
D,DISPATCH,UNIT_SCADA,1,"2019/09/05 07:30:00",TARALGA1,19.117510
D,DISPATCH,UNIT_SCADA,1,"2019/09/05 07:30:00",TARONG#1,347.800020
D,DISPATCH,UNIT_SCADA,1,"2019/09/05 07:30:00",TARONG#2,0
D,DISPATCH,UNIT_SCADA,1,"2019/09/05 07:30:00",TARONG#3,279.399990
D,DISPATCH,UNIT_SCADA,1,"2019/09/05 07:30:00",TARONG#4,350.600010
D,DISPATCH,UNIT_SCADA,1,"2019/09/05 07:30:00",TARRALEA,70.90
D,DISPATCH,UNIT_SCADA,1,"2019/09/05 07:30:00",TBSF1,-0.20
D,DISPATCH,UNIT_SCADA,1,"2019/09/05 07:30:00",TNPS1,380.500030
D,DISPATCH,UNIT_SCADA,1,"2019/09/05 07:30:00",TORRA1,109.548740
D,DISPATCH,UNIT_SCADA,1,"2019/09/05 07:30:00",TORRA2,0
D,DISPATCH,UNIT_SCADA,1,"2019/09/05 07:30:00",TORRA3,0
D,DISPATCH,UNIT_SCADA,1,"2019/09/05 07:30:00",TORRA4,99.545390
D,DISPATCH,UNIT_SCADA,1,"2019/09/05 07:30:00",TORRB1,176.759990
D,DISPATCH,UNIT_SCADA,1,"2019/09/05 07:30:00",TORRB2,175.75
D,DISPATCH,UNIT_SCADA,1,"2019/09/05 07:30:00",TORRB3,175.990010
D,DISPATCH,UNIT_SCADA,1,"2019/09/05 07:30:00",TORRB4,0
D,DISPATCH,UNIT_SCADA,1,"2019/09/05 07:30:00",TREVALLN,61.580020
D,DISPATCH,UNIT_SCADA,1,"2019/09/05 07:30:00",TRIBUTE,0
D,DISPATCH,UNIT_SCADA,1,"2019/09/05 07:30:00",TUMUT3,482.78
D,DISPATCH,UNIT_SCADA,1,"2019/09/05 07:30:00",TUNGATIN,120.550030
D,DISPATCH,UNIT_SCADA,1,"2019/09/05 07:30:00",TVCC201,0
D,DISPATCH,UNIT_SCADA,1,"2019/09/05 07:30:00",TVPP104,0
D,DISPATCH,UNIT_SCADA,1,"2019/09/05 07:30:00",UPPTUMUT,533.219360
D,DISPATCH,UNIT_SCADA,1,"2019/09/05 07:30:00",URANQ11,166.243740
D,DISPATCH,UNIT_SCADA,1,"2019/09/05 07:30:00",URANQ12,0
D,DISPATCH,UNIT_SCADA,1,"2019/09/05 07:30:00",URANQ13,0
D,DISPATCH,UNIT_SCADA,1,"2019/09/05 07:30:00",URANQ14,0
D,DISPATCH,UNIT_SCADA,1,"2019/09/05 07:30:00",VP5,556.475040
D,DISPATCH,UNIT_SCADA,1,"2019/09/05 07:30:00",VP6,0
D,DISPATCH,UNIT_SCADA,1,"2019/09/05 07:30:00",VPGS1,0
D,DISPATCH,UNIT_SCADA,1,"2019/09/05 07:30:00",VPGS2,0
D,DISPATCH,UNIT_SCADA,1,"2019/09/05 07:30:00",VPGS3,0
D,DISPATCH,UNIT_SCADA,1,"2019/09/05 07:30:00",VPGS4,0
D,DISPATCH,UNIT_SCADA,1,"2019/09/05 07:30:00",VPGS5,0
D,DISPATCH,UNIT_SCADA,1,"2019/09/05 07:30:00",VPGS6,0
D,DISPATCH,UNIT_SCADA,1,"2019/09/05 07:30:00",W/HOE#1,0
D,DISPATCH,UNIT_SCADA,1,"2019/09/05 07:30:00",W/HOE#2,0
D,DISPATCH,UNIT_SCADA,1,"2019/09/05 07:30:00",WATERLWF,-0.90
D,DISPATCH,UNIT_SCADA,1,"2019/09/05 07:30:00",WEMENSF1,1.40
D,DISPATCH,UNIT_SCADA,1,"2019/09/05 07:30:00",WGWF1,0
D,DISPATCH,UNIT_SCADA,1,"2019/09/05 07:30:00",WHITSF1,25.20
D,DISPATCH,UNIT_SCADA,1,"2019/09/05 07:30:00",WKIEWA1,34
D,DISPATCH,UNIT_SCADA,1,"2019/09/05 07:30:00",WKIEWA2,32
D,DISPATCH,UNIT_SCADA,1,"2019/09/05 07:30:00",WOODLWN1,2.925020
D,DISPATCH,UNIT_SCADA,1,"2019/09/05 07:30:00",WRSF1,7.54
D,DISPATCH,UNIT_SCADA,1,"2019/09/05 07:30:00",WRWF1,-0.32
D,DISPATCH,UNIT_SCADA,1,"2019/09/05 07:30:00",YABULU,0
D,DISPATCH,UNIT_SCADA,1,"2019/09/05 07:30:00",YABULU2,0
D,DISPATCH,UNIT_SCADA,1,"2019/09/05 07:30:00",YARWUN_1,168.28
D,DISPATCH,UNIT_SCADA,1,"2019/09/05 07:30:00",YENDWF1,6.24
D,DISPATCH,UNIT_SCADA,1,"2019/09/05 07:30:00",YWPS1,377.192410
D,DISPATCH,UNIT_SCADA,1,"2019/09/05 07:30:00",YWPS2,276.6886
D,DISPATCH,UNIT_SCADA,1,"2019/09/05 07:30:00",YWPS3,317.611390
D,DISPATCH,UNIT_SCADA,1,"2019/09/05 07:30:00",YWPS4,385.075960
C,"END OF REPORT",335
