C,NEMP.WORLD,DISPATCHSCADA,AEMO,PUBLIC,2019/09/05,20:55:08,0000000312436527,DISPATCHSCADA,0000000312436521
I,DISPATCH,UNIT_SCADA,1,SETTLEMENTDATE,DUID,SCADAVALUE
D,DISPATCH,UNIT_SCADA,1,"2019/09/05 21:00:00",BARCSF1,0.30
D,DISPATCH,UNIT_SCADA,1,"2019/09/05 21:00:00",BUTLERSG,10.199999
D,DISPATCH,UNIT_SCADA,1,"2019/09/05 21:00:00",CALL_A_4,0
D,DISPATCH,UNIT_SCADA,1,"2019/09/05 21:00:00",CAPTL_WF,37.419998
D,DISPATCH,UNIT_SCADA,1,"2019/09/05 21:00:00",CATHROCK,0
D,DISPATCH,UNIT_SCADA,1,"2019/09/05 21:00:00",CHALLHWF,9.80
D,DISPATCH,UNIT_SCADA,1,"2019/09/05 21:00:00",CLOVER,-0.01
D,DISPATCH,UNIT_SCADA,1,"2019/09/05 21:00:00",CLUNY,17.087206
D,DISPATCH,UNIT_SCADA,1,"2019/09/05 21:00:00",CNUNDAWF,2.703153
D,DISPATCH,UNIT_SCADA,1,"2019/09/05 21:00:00",CULLRGWF,14.34
D,DISPATCH,UNIT_SCADA,1,"2019/09/05 21:00:00",ERGT01,0
D,DISPATCH,UNIT_SCADA,1,"2019/09/05 21:00:00",GB01,0.018784
D,DISPATCH,UNIT_SCADA,1,"2019/09/05 21:00:00",GERMCRK,36.599998
D,DISPATCH,UNIT_SCADA,1,"2019/09/05 21:00:00",GRIFSF1,0
D,DISPATCH,UNIT_SCADA,1,"2019/09/05 21:00:00",HUGSF1,-0.1310
D,DISPATCH,UNIT_SCADA,1,"2019/09/05 21:00:00",LKBONNY1,2.054115
D,DISPATCH,UNIT_SCADA,1,"2019/09/05 21:00:00",LRSF1,-0.0010
D,DISPATCH,UNIT_SCADA,1,"2019/09/05 21:00:00",MBAHNTH,46.856247
D,DISPATCH,UNIT_SCADA,1,"2019/09/05 21:00:00",MLSP1,0
D,DISPATCH,UNIT_SCADA,1,"2019/09/05 21:00:00",MLWF1,-0.0150
D,DISPATCH,UNIT_SCADA,1,"2019/09/05 21:00:00",MTMILLAR,24.920952
D,DISPATCH,UNIT_SCADA,1,"2019/09/05 21:00:00",PALOONA,25.719999
D,DISPATCH,UNIT_SCADA,1,"2019/09/05 21:00:00",PIONEER,45
D,DISPATCH,UNIT_SCADA,1,"2019/09/05 21:00:00",PORTWF,34.099998
D,DISPATCH,UNIT_SCADA,1,"2019/09/05 21:00:00",REPULSE,33.089493
D,DISPATCH,UNIT_SCADA,1,"2019/09/05 21:00:00",ROWALLAN,10.3234
D,DISPATCH,UNIT_SCADA,1,"2019/09/05 21:00:00",ROYALLA1,0
D,DISPATCH,UNIT_SCADA,1,"2019/09/05 21:00:00",RPCG,10
D,DISPATCH,UNIT_SCADA,1,"2019/09/05 21:00:00",RUBICON,0
D,DISPATCH,UNIT_SCADA,1,"2019/09/05 21:00:00",SATGN1,0
D,DISPATCH,UNIT_SCADA,1,"2019/09/05 21:00:00",SATGS1,0
D,DISPATCH,UNIT_SCADA,1,"2019/09/05 21:00:00",STARHLWF,30.291166
D,DISPATCH,UNIT_SCADA,1,"2019/09/05 21:00:00",WAUBRAWF,66.185997
D,DISPATCH,UNIT_SCADA,1,"2019/09/05 21:00:00",WOOLNTH1,120.050018
D,DISPATCH,UNIT_SCADA,1,"2019/09/05 21:00:00",WPWF,27
D,DISPATCH,UNIT_SCADA,1,"2019/09/05 21:00:00",YAMBUKWF,3.20
D,DISPATCH,UNIT_SCADA,1,"2019/09/05 21:00:00",YSWF1,4.60
D,DISPATCH,UNIT_SCADA,1,"2019/09/05 21:00:00",AGLHAL,0
D,DISPATCH,UNIT_SCADA,1,"2019/09/05 21:00:00",AGLSOM,119.100010
D,DISPATCH,UNIT_SCADA,1,"2019/09/05 21:00:00",ANGAST1,0
D,DISPATCH,UNIT_SCADA,1,"2019/09/05 21:00:00",ARWF1,12.90
D,DISPATCH,UNIT_SCADA,1,"2019/09/05 21:00:00",BALBG1,0
D,DISPATCH,UNIT_SCADA,1,"2019/09/05 21:00:00",BALBL1,0
D,DISPATCH,UNIT_SCADA,1,"2019/09/05 21:00:00",BALDHWF1,63.2320
D,DISPATCH,UNIT_SCADA,1,"2019/09/05 21:00:00",BANN1,0
D,DISPATCH,UNIT_SCADA,1,"2019/09/05 21:00:00",BARCALDN,0
D,DISPATCH,UNIT_SCADA,1,"2019/09/05 21:00:00",BARRON-1,33.60
D,DISPATCH,UNIT_SCADA,1,"2019/09/05 21:00:00",BARRON-2,0
D,DISPATCH,UNIT_SCADA,1,"2019/09/05 21:00:00",BASTYAN,77.490010
D,DISPATCH,UNIT_SCADA,1,"2019/09/05 21:00:00",BBTHREE1,0
D,DISPATCH,UNIT_SCADA,1,"2019/09/05 21:00:00",BBTHREE2,0
D,DISPATCH,UNIT_SCADA,1,"2019/09/05 21:00:00",BBTHREE3,0
D,DISPATCH,UNIT_SCADA,1,"2019/09/05 21:00:00",BDL01,43.68
D,DISPATCH,UNIT_SCADA,1,"2019/09/05 21:00:00",BDL02,43.86
D,DISPATCH,UNIT_SCADA,1,"2019/09/05 21:00:00",BERYLSF1,0
D,DISPATCH,UNIT_SCADA,1,"2019/09/05 21:00:00",BLOWERNG,15.40
D,DISPATCH,UNIT_SCADA,1,"2019/09/05 21:00:00",BLUFF1,38.80
D,DISPATCH,UNIT_SCADA,1,"2019/09/05 21:00:00",BNGSF1,0
D,DISPATCH,UNIT_SCADA,1,"2019/09/05 21:00:00",BNGSF2,0
D,DISPATCH,UNIT_SCADA,1,"2019/09/05 21:00:00",BOCORWF1,0
D,DISPATCH,UNIT_SCADA,1,"2019/09/05 21:00:00",BODWF1,7.682080
D,DISPATCH,UNIT_SCADA,1,"2019/09/05 21:00:00",BRAEMAR1,0
D,DISPATCH,UNIT_SCADA,1,"2019/09/05 21:00:00",BRAEMAR2,0
D,DISPATCH,UNIT_SCADA,1,"2019/09/05 21:00:00",BRAEMAR3,173.400010
D,DISPATCH,UNIT_SCADA,1,"2019/09/05 21:00:00",BRAEMAR5,154.750990
D,DISPATCH,UNIT_SCADA,1,"2019/09/05 21:00:00",BRAEMAR6,0
D,DISPATCH,UNIT_SCADA,1,"2019/09/05 21:00:00",BRAEMAR7,0
D,DISPATCH,UNIT_SCADA,1,"2019/09/05 21:00:00",BROKENH1,0
D,DISPATCH,UNIT_SCADA,1,"2019/09/05 21:00:00",BW01,552.099980
D,DISPATCH,UNIT_SCADA,1,"2019/09/05 21:00:00",BW02,631.799930
D,DISPATCH,UNIT_SCADA,1,"2019/09/05 21:00:00",BW03,642.3750
D,DISPATCH,UNIT_SCADA,1,"2019/09/05 21:00:00",BW04,0
D,DISPATCH,UNIT_SCADA,1,"2019/09/05 21:00:00",CALL_B_1,345
D,DISPATCH,UNIT_SCADA,1,"2019/09/05 21:00:00",CALL_B_2,295.50
D,DISPATCH,UNIT_SCADA,1,"2019/09/05 21:00:00",CETHANA,97.286380
D,DISPATCH,UNIT_SCADA,1,"2019/09/05 21:00:00",CG1,0
D,DISPATCH,UNIT_SCADA,1,"2019/09/05 21:00:00",CG2,0
D,DISPATCH,UNIT_SCADA,1,"2019/09/05 21:00:00",CG3,0
D,DISPATCH,UNIT_SCADA,1,"2019/09/05 21:00:00",CG4,0
D,DISPATCH,UNIT_SCADA,1,"2019/09/05 21:00:00",CHILDSF1,0
D,DISPATCH,UNIT_SCADA,1,"2019/09/05 21:00:00",CLARESF1,0
D,DISPATCH,UNIT_SCADA,1,"2019/09/05 21:00:00",CLEMGPWF,24.203760
D,DISPATCH,UNIT_SCADA,1,"2019/09/05 21:00:00",CLERMSF1,0
D,DISPATCH,UNIT_SCADA,1,"2019/09/05 21:00:00",COLEASF1,0
D,DISPATCH,UNIT_SCADA,1,"2019/09/05 21:00:00",COOPGWF1,10.357920
D,DISPATCH,UNIT_SCADA,1,"2019/09/05 21:00:00",CPP_3,405.075010
D,DISPATCH,UNIT_SCADA,1,"2019/09/05 21:00:00",CPP_4,406.175020
D,DISPATCH,UNIT_SCADA,1,"2019/09/05 21:00:00",CPSA,142.0475
D,DISPATCH,UNIT_SCADA,1,"2019/09/05 21:00:00",CROOKWF2,28.013740
D,DISPATCH,UNIT_SCADA,1,"2019/09/05 21:00:00",CROWLWF1,19.316740
D,DISPATCH,UNIT_SCADA,1,"2019/09/05 21:00:00",CSPVPS1,0
D,DISPATCH,UNIT_SCADA,1,"2019/09/05 21:00:00",DALNTH01,0
D,DISPATCH,UNIT_SCADA,1,"2019/09/05 21:00:00",DALNTHL1,0.099180
D,DISPATCH,UNIT_SCADA,1,"2019/09/05 21:00:00",DARTM1,133.600010
D,DISPATCH,UNIT_SCADA,1,"2019/09/05 21:00:00",DAYDSF1,0
D,DISPATCH,UNIT_SCADA,1,"2019/09/05 21:00:00",DDPS1,622.914670
D,DISPATCH,UNIT_SCADA,1,"2019/09/05 21:00:00",DDSF1,0
D,DISPATCH,UNIT_SCADA,1,"2019/09/05 21:00:00",DEVILS_G,62.4311
D,DISPATCH,UNIT_SCADA,1,"2019/09/05 21:00:00",DG_NSW1,0
D,DISPATCH,UNIT_SCADA,1,"2019/09/05 21:00:00",DG_QLD1,0
D,DISPATCH,UNIT_SCADA,1,"2019/09/05 21:00:00",DG_SA1,0
D,DISPATCH,UNIT_SCADA,1,"2019/09/05 21:00:00",DG_TAS1,0
D,DISPATCH,UNIT_SCADA,1,"2019/09/05 21:00:00",DG_VIC1,0
D,DISPATCH,UNIT_SCADA,1,"2019/09/05 21:00:00",DRYCGT1,0
D,DISPATCH,UNIT_SCADA,1,"2019/09/05 21:00:00",DRYCGT2,0
D,DISPATCH,UNIT_SCADA,1,"2019/09/05 21:00:00",DRYCGT3,0
D,DISPATCH,UNIT_SCADA,1,"2019/09/05 21:00:00",EILDON1,0
D,DISPATCH,UNIT_SCADA,1,"2019/09/05 21:00:00",EILDON2,0
D,DISPATCH,UNIT_SCADA,1,"2019/09/05 21:00:00",EMERASF1,0
D,DISPATCH,UNIT_SCADA,1,"2019/09/05 21:00:00",ER01,576.25
D,DISPATCH,UNIT_SCADA,1,"2019/09/05 21:00:00",ER02,685.550050
D,DISPATCH,UNIT_SCADA,1,"2019/09/05 21:00:00",ER03,0
D,DISPATCH,UNIT_SCADA,1,"2019/09/05 21:00:00",ER04,663.849980
D,DISPATCH,UNIT_SCADA,1,"2019/09/05 21:00:00",FINLYSF1,0
D,DISPATCH,UNIT_SCADA,1,"2019/09/05 21:00:00",FISHER,45.87
D,DISPATCH,UNIT_SCADA,1,"2019/09/05 21:00:00",GANNBG1,1.259410
D,DISPATCH,UNIT_SCADA,1,"2019/09/05 21:00:00",GANNBL1,0
D,DISPATCH,UNIT_SCADA,1,"2019/09/05 21:00:00",GANNSF1,0
D,DISPATCH,UNIT_SCADA,1,"2019/09/05 21:00:00",GORDON,23.638720
D,DISPATCH,UNIT_SCADA,1,"2019/09/05 21:00:00",GSTONE1,206.3250
D,DISPATCH,UNIT_SCADA,1,"2019/09/05 21:00:00",GSTONE2,205.974990
D,DISPATCH,UNIT_SCADA,1,"2019/09/05 21:00:00",GSTONE3,0
D,DISPATCH,UNIT_SCADA,1,"2019/09/05 21:00:00",GSTONE4,205.274990
D,DISPATCH,UNIT_SCADA,1,"2019/09/05 21:00:00",GSTONE5,206.3250
D,DISPATCH,UNIT_SCADA,1,"2019/09/05 21:00:00",GSTONE6,206.149990
D,DISPATCH,UNIT_SCADA,1,"2019/09/05 21:00:00",GULLRSF1,0
D,DISPATCH,UNIT_SCADA,1,"2019/09/05 21:00:00",GULLRWF1,33.739810
D,DISPATCH,UNIT_SCADA,1,"2019/09/05 21:00:00",GUNNING1,29.556270
D,DISPATCH,UNIT_SCADA,1,"2019/09/05 21:00:00",GUTHEGA,31.10
D,DISPATCH,UNIT_SCADA,1,"2019/09/05 21:00:00",HALLWF1,88.04
D,DISPATCH,UNIT_SCADA,1,"2019/09/05 21:00:00",HALLWF2,57.61
D,DISPATCH,UNIT_SCADA,1,"2019/09/05 21:00:00",HAMISF1,0
D,DISPATCH,UNIT_SCADA,1,"2019/09/05 21:00:00",HAUGHT11,0
D,DISPATCH,UNIT_SCADA,1,"2019/09/05 21:00:00",HAYMSF1,0
D,DISPATCH,UNIT_SCADA,1,"2019/09/05 21:00:00",HDWF1,70.80
D,DISPATCH,UNIT_SCADA,1,"2019/09/05 21:00:00",HDWF2,53.90
D,DISPATCH,UNIT_SCADA,1,"2019/09/05 21:00:00",HDWF3,58.80
D,DISPATCH,UNIT_SCADA,1,"2019/09/05 21:00:00",HPRG1,0.50
D,DISPATCH,UNIT_SCADA,1,"2019/09/05 21:00:00",HPRL1,0
D,DISPATCH,UNIT_SCADA,1,"2019/09/05 21:00:00",HUMENSW,0
D,DISPATCH,UNIT_SCADA,1,"2019/09/05 21:00:00",HUMEV,24.10
D,DISPATCH,UNIT_SCADA,1,"2019/09/05 21:00:00",HVGTS,0
D,DISPATCH,UNIT_SCADA,1,"2019/09/05 21:00:00",JBUTTERS,22.70
D,DISPATCH,UNIT_SCADA,1,"2019/09/05 21:00:00",JLA01,0.10
D,DISPATCH,UNIT_SCADA,1,"2019/09/05 21:00:00",JLA02,0
D,DISPATCH,UNIT_SCADA,1,"2019/09/05 21:00:00",JLA03,0
D,DISPATCH,UNIT_SCADA,1,"2019/09/05 21:00:00",JLA04,0
D,DISPATCH,UNIT_SCADA,1,"2019/09/05 21:00:00",JLB01,0
D,DISPATCH,UNIT_SCADA,1,"2019/09/05 21:00:00",JLB02,0.10
D,DISPATCH,UNIT_SCADA,1,"2019/09/05 21:00:00",JLB03,29.90
D,DISPATCH,UNIT_SCADA,1,"2019/09/05 21:00:00",KAREEYA1,21.5450
D,DISPATCH,UNIT_SCADA,1,"2019/09/05 21:00:00",KAREEYA2,21.8750
D,DISPATCH,UNIT_SCADA,1,"2019/09/05 21:00:00",KAREEYA3,0
D,DISPATCH,UNIT_SCADA,1,"2019/09/05 21:00:00",KAREEYA4,21.5875
D,DISPATCH,UNIT_SCADA,1,"2019/09/05 21:00:00",KARSF1,0
D,DISPATCH,UNIT_SCADA,1,"2019/09/05 21:00:00",KIATAWF1,21.90
D,DISPATCH,UNIT_SCADA,1,"2019/09/05 21:00:00",KPP_1,0
D,DISPATCH,UNIT_SCADA,1,"2019/09/05 21:00:00",KSP1,0
D,DISPATCH,UNIT_SCADA,1,"2019/09/05 21:00:00",LADBROK1,41.78
D,DISPATCH,UNIT_SCADA,1,"2019/09/05 21:00:00",LADBROK2,42.45
D,DISPATCH,UNIT_SCADA,1,"2019/09/05 21:00:00",LD01,422.287450
D,DISPATCH,UNIT_SCADA,1,"2019/09/05 21:00:00",LD02,399.300020
D,DISPATCH,UNIT_SCADA,1,"2019/09/05 21:00:00",LD03,422.343750
D,DISPATCH,UNIT_SCADA,1,"2019/09/05 21:00:00",LD04,382.537540
D,DISPATCH,UNIT_SCADA,1,"2019/09/05 21:00:00",LEM_WIL,85.322950
D,DISPATCH,UNIT_SCADA,1,"2019/09/05 21:00:00",LGAPWF1,13.16
D,DISPATCH,UNIT_SCADA,1,"2019/09/05 21:00:00",LILYSF1,0
D,DISPATCH,UNIT_SCADA,1,"2019/09/05 21:00:00",LI_WY_CA,139.028590
D,DISPATCH,UNIT_SCADA,1,"2019/09/05 21:00:00",LKBONNY2,16.080760
D,DISPATCH,UNIT_SCADA,1,"2019/09/05 21:00:00",LKBONNY3,7.8709
D,DISPATCH,UNIT_SCADA,1,"2019/09/05 21:00:00",LK_ECHO,0
D,DISPATCH,UNIT_SCADA,1,"2019/09/05 21:00:00",LNGS1,0
D,DISPATCH,UNIT_SCADA,1,"2019/09/05 21:00:00",LNGS2,0
D,DISPATCH,UNIT_SCADA,1,"2019/09/05 21:00:00",LONSDALE,0
D,DISPATCH,UNIT_SCADA,1,"2019/09/05 21:00:00",LOYYB1,536.464540
D,DISPATCH,UNIT_SCADA,1,"2019/09/05 21:00:00",LOYYB2,583.834170
D,DISPATCH,UNIT_SCADA,1,"2019/09/05 21:00:00",LYA1,0
D,DISPATCH,UNIT_SCADA,1,"2019/09/05 21:00:00",LYA2,0
D,DISPATCH,UNIT_SCADA,1,"2019/09/05 21:00:00",LYA3,559
D,DISPATCH,UNIT_SCADA,1,"2019/09/05 21:00:00",LYA4,540
D,DISPATCH,UNIT_SCADA,1,"2019/09/05 21:00:00",MACARTH1,0
D,DISPATCH,UNIT_SCADA,1,"2019/09/05 21:00:00",MACKAYGT,0.2240
D,DISPATCH,UNIT_SCADA,1,"2019/09/05 21:00:00",MACKNTSH,88.750010
D,DISPATCH,UNIT_SCADA,1,"2019/09/05 21:00:00",MANSLR1,0
D,DISPATCH,UNIT_SCADA,1,"2019/09/05 21:00:00",MCKAY1,0.0750
D,DISPATCH,UNIT_SCADA,1,"2019/09/05 21:00:00",MEADOWBK,33.981620
D,DISPATCH,UNIT_SCADA,1,"2019/09/05 21:00:00",MERCER01,88.0310
D,DISPATCH,UNIT_SCADA,1,"2019/09/05 21:00:00",MEWF1,22.861820
D,DISPATCH,UNIT_SCADA,1,"2019/09/05 21:00:00",MINTARO,0
D,DISPATCH,UNIT_SCADA,1,"2019/09/05 21:00:00",MOREESF1,0
D,DISPATCH,UNIT_SCADA,1,"2019/09/05 21:00:00",MORTLK11,259
D,DISPATCH,UNIT_SCADA,1,"2019/09/05 21:00:00",MORTLK12,0
D,DISPATCH,UNIT_SCADA,1,"2019/09/05 21:00:00",MP1,221.949950
D,DISPATCH,UNIT_SCADA,1,"2019/09/05 21:00:00",MP2,0
D,DISPATCH,UNIT_SCADA,1,"2019/09/05 21:00:00",MPP_1,399.25
D,DISPATCH,UNIT_SCADA,1,"2019/09/05 21:00:00",MPP_2,434.75
D,DISPATCH,UNIT_SCADA,1,"2019/09/05 21:00:00",MSTUART1,0
D,DISPATCH,UNIT_SCADA,1,"2019/09/05 21:00:00",MSTUART2,0
D,DISPATCH,UNIT_SCADA,1,"2019/09/05 21:00:00",MSTUART3,0
D,DISPATCH,UNIT_SCADA,1,"2019/09/05 21:00:00",MTGELWF1,-0.8179
D,DISPATCH,UNIT_SCADA,1,"2019/09/05 21:00:00",MURRAY,0
D,DISPATCH,UNIT_SCADA,1,"2019/09/05 21:00:00",MUSSELR1,43.40
D,DISPATCH,UNIT_SCADA,1,"2019/09/05 21:00:00",MUWAWF1,36.14
D,DISPATCH,UNIT_SCADA,1,"2019/09/05 21:00:00",NBHWF1,105.600010
D,DISPATCH,UNIT_SCADA,1,"2019/09/05 21:00:00",NPS,510.75
D,DISPATCH,UNIT_SCADA,1,"2019/09/05 21:00:00",NUMURSF1,0
D,DISPATCH,UNIT_SCADA,1,"2019/09/05 21:00:00",NYNGAN1,0
D,DISPATCH,UNIT_SCADA,1,"2019/09/05 21:00:00",OAKEY1,0
D,DISPATCH,UNIT_SCADA,1,"2019/09/05 21:00:00",OAKEY1SF,0
D,DISPATCH,UNIT_SCADA,1,"2019/09/05 21:00:00",OAKEY2,0
D,DISPATCH,UNIT_SCADA,1,"2019/09/05 21:00:00",OAKEY2SF,0
D,DISPATCH,UNIT_SCADA,1,"2019/09/05 21:00:00",OAKLAND1,-0.20
D,DISPATCH,UNIT_SCADA,1,"2019/09/05 21:00:00",OSB-AG,181.19
D,DISPATCH,UNIT_SCADA,1,"2019/09/05 21:00:00",PARSF1,0
D,DISPATCH,UNIT_SCADA,1,"2019/09/05 21:00:00",POAT110,0
D,DISPATCH,UNIT_SCADA,1,"2019/09/05 21:00:00",POAT220,0
D,DISPATCH,UNIT_SCADA,1,"2019/09/05 21:00:00",POR01,0
D,DISPATCH,UNIT_SCADA,1,"2019/09/05 21:00:00",POR03,0
D,DISPATCH,UNIT_SCADA,1,"2019/09/05 21:00:00",PPCCGT,478.904850
D,DISPATCH,UNIT_SCADA,1,"2019/09/05 21:00:00",PTSTAN1,0
D,DISPATCH,UNIT_SCADA,1,"2019/09/05 21:00:00",PUMP1,0
D,DISPATCH,UNIT_SCADA,1,"2019/09/05 21:00:00",PUMP2,0
D,DISPATCH,UNIT_SCADA,1,"2019/09/05 21:00:00",QPS1,29
D,DISPATCH,UNIT_SCADA,1,"2019/09/05 21:00:00",QPS2,0
D,DISPATCH,UNIT_SCADA,1,"2019/09/05 21:00:00",QPS3,0
D,DISPATCH,UNIT_SCADA,1,"2019/09/05 21:00:00",QPS4,0
D,DISPATCH,UNIT_SCADA,1,"2019/09/05 21:00:00",QPS5,0
D,DISPATCH,UNIT_SCADA,1,"2019/09/05 21:00:00",REECE1,117.190010
D,DISPATCH,UNIT_SCADA,1,"2019/09/05 21:00:00",REECE2,116.770010
D,DISPATCH,UNIT_SCADA,1,"2019/09/05 21:00:00",ROMA_7,0
D,DISPATCH,UNIT_SCADA,1,"2019/09/05 21:00:00",ROMA_8,0
D,DISPATCH,UNIT_SCADA,1,"2019/09/05 21:00:00",RRSF1,0
D,DISPATCH,UNIT_SCADA,1,"2019/09/05 21:00:00",RT_NSW1,0
D,DISPATCH,UNIT_SCADA,1,"2019/09/05 21:00:00",RT_NSW2,0
D,DISPATCH,UNIT_SCADA,1,"2019/09/05 21:00:00",RT_NSW3,0
D,DISPATCH,UNIT_SCADA,1,"2019/09/05 21:00:00",RT_NSW4,0
D,DISPATCH,UNIT_SCADA,1,"2019/09/05 21:00:00",RT_NSW5,0
D,DISPATCH,UNIT_SCADA,1,"2019/09/05 21:00:00",RT_NSW6,0
D,DISPATCH,UNIT_SCADA,1,"2019/09/05 21:00:00",RT_QLD1,0
D,DISPATCH,UNIT_SCADA,1,"2019/09/05 21:00:00",RT_SA1,0
D,DISPATCH,UNIT_SCADA,1,"2019/09/05 21:00:00",RT_SA2,0
D,DISPATCH,UNIT_SCADA,1,"2019/09/05 21:00:00",RT_SA3,0
D,DISPATCH,UNIT_SCADA,1,"2019/09/05 21:00:00",RT_SA4,0
D,DISPATCH,UNIT_SCADA,1,"2019/09/05 21:00:00",RT_SA5,0
D,DISPATCH,UNIT_SCADA,1,"2019/09/05 21:00:00",RT_SA6,0
D,DISPATCH,UNIT_SCADA,1,"2019/09/05 21:00:00",RT_TAS1,0
D,DISPATCH,UNIT_SCADA,1,"2019/09/05 21:00:00",RT_VIC1,0
D,DISPATCH,UNIT_SCADA,1,"2019/09/05 21:00:00",RT_VIC10,0
D,DISPATCH,UNIT_SCADA,1,"2019/09/05 21:00:00",RT_VIC11,0
D,DISPATCH,UNIT_SCADA,1,"2019/09/05 21:00:00",RT_VIC12,0
D,DISPATCH,UNIT_SCADA,1,"2019/09/05 21:00:00",RT_VIC2,0
D,DISPATCH,UNIT_SCADA,1,"2019/09/05 21:00:00",RT_VIC3,0
D,DISPATCH,UNIT_SCADA,1,"2019/09/05 21:00:00",RT_VIC4,0
D,DISPATCH,UNIT_SCADA,1,"2019/09/05 21:00:00",RT_VIC5,0
D,DISPATCH,UNIT_SCADA,1,"2019/09/05 21:00:00",RT_VIC6,0
D,DISPATCH,UNIT_SCADA,1,"2019/09/05 21:00:00",RT_VIC7,0
D,DISPATCH,UNIT_SCADA,1,"2019/09/05 21:00:00",RT_VIC8,0
D,DISPATCH,UNIT_SCADA,1,"2019/09/05 21:00:00",RT_VIC9,0
D,DISPATCH,UNIT_SCADA,1,"2019/09/05 21:00:00",RUGBYR1,0
D,DISPATCH,UNIT_SCADA,1,"2019/09/05 21:00:00",SALTCRK1,1.32
D,DISPATCH,UNIT_SCADA,1,"2019/09/05 21:00:00",SAPHWF1,43.631260
D,DISPATCH,UNIT_SCADA,1,"2019/09/05 21:00:00",SHGEN,78.20
D,DISPATCH,UNIT_SCADA,1,"2019/09/05 21:00:00",SHPUMP,0
D,DISPATCH,UNIT_SCADA,1,"2019/09/05 21:00:00",SITHE01,0.274430
D,DISPATCH,UNIT_SCADA,1,"2019/09/05 21:00:00",SMCSF1,0
D,DISPATCH,UNIT_SCADA,1,"2019/09/05 21:00:00",SNOWNTH1,91.899990
D,DISPATCH,UNIT_SCADA,1,"2019/09/05 21:00:00",SNOWSTH1,98
D,DISPATCH,UNIT_SCADA,1,"2019/09/05 21:00:00",SNOWTWN1,80.382340
D,DISPATCH,UNIT_SCADA,1,"2019/09/05 21:00:00",SNOWYP,0
D,DISPATCH,UNIT_SCADA,1,"2019/09/05 21:00:00",SNUG1,0.019440
D,DISPATCH,UNIT_SCADA,1,"2019/09/05 21:00:00",SRSF1,0.22
D,DISPATCH,UNIT_SCADA,1,"2019/09/05 21:00:00",STAN-1,258.624760
D,DISPATCH,UNIT_SCADA,1,"2019/09/05 21:00:00",STAN-2,358.321590
D,DISPATCH,UNIT_SCADA,1,"2019/09/05 21:00:00",STAN-3,366.563450
D,DISPATCH,UNIT_SCADA,1,"2019/09/05 21:00:00",STAN-4,364.833040
D,DISPATCH,UNIT_SCADA,1,"2019/09/05 21:00:00",STWF1,0
D,DISPATCH,UNIT_SCADA,1,"2019/09/05 21:00:00",SWAN_E,0
D,DISPATCH,UNIT_SCADA,1,"2019/09/05 21:00:00",TALWA1,415
D,DISPATCH,UNIT_SCADA,1,"2019/09/05 21:00:00",TARALGA1,17.538760
D,DISPATCH,UNIT_SCADA,1,"2019/09/05 21:00:00",TARONG#1,350.300020
D,DISPATCH,UNIT_SCADA,1,"2019/09/05 21:00:00",TARONG#2,0
D,DISPATCH,UNIT_SCADA,1,"2019/09/05 21:00:00",TARONG#3,349.700010
D,DISPATCH,UNIT_SCADA,1,"2019/09/05 21:00:00",TARONG#4,349.50
D,DISPATCH,UNIT_SCADA,1,"2019/09/05 21:00:00",TARRALEA,74
D,DISPATCH,UNIT_SCADA,1,"2019/09/05 21:00:00",TBSF1,-0.20
D,DISPATCH,UNIT_SCADA,1,"2019/09/05 21:00:00",TNPS1,397.600010
D,DISPATCH,UNIT_SCADA,1,"2019/09/05 21:00:00",TORRA1,63.74
D,DISPATCH,UNIT_SCADA,1,"2019/09/05 21:00:00",TORRA2,0
D,DISPATCH,UNIT_SCADA,1,"2019/09/05 21:00:00",TORRA3,0
D,DISPATCH,UNIT_SCADA,1,"2019/09/05 21:00:00",TORRA4,62.472670
D,DISPATCH,UNIT_SCADA,1,"2019/09/05 21:00:00",TORRB1,93.20
D,DISPATCH,UNIT_SCADA,1,"2019/09/05 21:00:00",TORRB2,91.34
D,DISPATCH,UNIT_SCADA,1,"2019/09/05 21:00:00",TORRB3,93.04
D,DISPATCH,UNIT_SCADA,1,"2019/09/05 21:00:00",TORRB4,0
D,DISPATCH,UNIT_SCADA,1,"2019/09/05 21:00:00",TREVALLN,92.250030
D,DISPATCH,UNIT_SCADA,1,"2019/09/05 21:00:00",TRIBUTE,0
D,DISPATCH,UNIT_SCADA,1,"2019/09/05 21:00:00",TUMUT3,231.400010
D,DISPATCH,UNIT_SCADA,1,"2019/09/05 21:00:00",TUNGATIN,46.100030
D,DISPATCH,UNIT_SCADA,1,"2019/09/05 21:00:00",TVCC201,0
D,DISPATCH,UNIT_SCADA,1,"2019/09/05 21:00:00",TVPP104,0
D,DISPATCH,UNIT_SCADA,1,"2019/09/05 21:00:00",UPPTUMUT,570.6120
D,DISPATCH,UNIT_SCADA,1,"2019/09/05 21:00:00",URANQ11,0
D,DISPATCH,UNIT_SCADA,1,"2019/09/05 21:00:00",URANQ12,0
D,DISPATCH,UNIT_SCADA,1,"2019/09/05 21:00:00",URANQ13,0
D,DISPATCH,UNIT_SCADA,1,"2019/09/05 21:00:00",URANQ14,0
D,DISPATCH,UNIT_SCADA,1,"2019/09/05 21:00:00",VP5,410.174990
D,DISPATCH,UNIT_SCADA,1,"2019/09/05 21:00:00",VP6,0
D,DISPATCH,UNIT_SCADA,1,"2019/09/05 21:00:00",VPGS1,0
D,DISPATCH,UNIT_SCADA,1,"2019/09/05 21:00:00",VPGS2,0
D,DISPATCH,UNIT_SCADA,1,"2019/09/05 21:00:00",VPGS3,0
D,DISPATCH,UNIT_SCADA,1,"2019/09/05 21:00:00",VPGS4,0
D,DISPATCH,UNIT_SCADA,1,"2019/09/05 21:00:00",VPGS5,0
D,DISPATCH,UNIT_SCADA,1,"2019/09/05 21:00:00",VPGS6,0
D,DISPATCH,UNIT_SCADA,1,"2019/09/05 21:00:00",W/HOE#1,0
D,DISPATCH,UNIT_SCADA,1,"2019/09/05 21:00:00",W/HOE#2,0
D,DISPATCH,UNIT_SCADA,1,"2019/09/05 21:00:00",WATERLWF,112.50
D,DISPATCH,UNIT_SCADA,1,"2019/09/05 21:00:00",WEMENSF1,0
D,DISPATCH,UNIT_SCADA,1,"2019/09/05 21:00:00",WGWF1,56.50
D,DISPATCH,UNIT_SCADA,1,"2019/09/05 21:00:00",WHITSF1,0
D,DISPATCH,UNIT_SCADA,1,"2019/09/05 21:00:00",WKIEWA1,16
D,DISPATCH,UNIT_SCADA,1,"2019/09/05 21:00:00",WKIEWA2,15.90
D,DISPATCH,UNIT_SCADA,1,"2019/09/05 21:00:00",WOODLWN1,9.846010
D,DISPATCH,UNIT_SCADA,1,"2019/09/05 21:00:00",WRSF1,0
D,DISPATCH,UNIT_SCADA,1,"2019/09/05 21:00:00",WRWF1,22.188740
D,DISPATCH,UNIT_SCADA,1,"2019/09/05 21:00:00",YABULU,160.020020
D,DISPATCH,UNIT_SCADA,1,"2019/09/05 21:00:00",YABULU2,0
D,DISPATCH,UNIT_SCADA,1,"2019/09/05 21:00:00",YARWUN_1,163.59
D,DISPATCH,UNIT_SCADA,1,"2019/09/05 21:00:00",YENDWF1,42.24
D,DISPATCH,UNIT_SCADA,1,"2019/09/05 21:00:00",YWPS1,379.448090
D,DISPATCH,UNIT_SCADA,1,"2019/09/05 21:00:00",YWPS2,283.706330
D,DISPATCH,UNIT_SCADA,1,"2019/09/05 21:00:00",YWPS3,330.031650
D,DISPATCH,UNIT_SCADA,1,"2019/09/05 21:00:00",YWPS4,400.601260
C,"END OF REPORT",335
