C,NEMP.WORLD,DISPATCHSCADA,AEMO,PUBLIC,2019/08/19,23:30:07,0000000311764279,DISPATCHSCADA,0000000311764273
I,DISPATCH,UNIT_SCADA,1,SETTLEMENTDATE,DUID,SCADAVALUE
D,DISPATCH,UNIT_SCADA,1,"2019/08/19 23:35:00",BARCSF1,0
D,DISPATCH,UNIT_SCADA,1,"2019/08/19 23:35:00",BUTLERSG,9.799998
D,DISPATCH,UNIT_SCADA,1,"2019/08/19 23:35:00",CALL_A_4,0
D,DISPATCH,UNIT_SCADA,1,"2019/08/19 23:35:00",CAPTL_WF,120.984001
D,DISPATCH,UNIT_SCADA,1,"2019/08/19 23:35:00",CATHROCK,49.949997
D,DISPATCH,UNIT_SCADA,1,"2019/08/19 23:35:00",CHALLHWF,15.80
D,DISPATCH,UNIT_SCADA,1,"2019/08/19 23:35:00",CLOVER,-0.01
D,DISPATCH,UNIT_SCADA,1,"2019/08/19 23:35:00",CLUNY,17.568781
D,DISPATCH,UNIT_SCADA,1,"2019/08/19 23:35:00",CNUNDAWF,39.446014
D,DISPATCH,UNIT_SCADA,1,"2019/08/19 23:35:00",CULLRGWF,30.389999
D,DISPATCH,UNIT_SCADA,1,"2019/08/19 23:35:00",ERGT01,0
D,DISPATCH,UNIT_SCADA,1,"2019/08/19 23:35:00",GB01,0.066597
D,DISPATCH,UNIT_SCADA,1,"2019/08/19 23:35:00",GERMCRK,34.599998
D,DISPATCH,UNIT_SCADA,1,"2019/08/19 23:35:00",GRIFSF1,0
D,DISPATCH,UNIT_SCADA,1,"2019/08/19 23:35:00",HUGSF1,-0.2580
D,DISPATCH,UNIT_SCADA,1,"2019/08/19 23:35:00",LKBONNY1,72.429893
D,DISPATCH,UNIT_SCADA,1,"2019/08/19 23:35:00",LRSF1,-0.03
D,DISPATCH,UNIT_SCADA,1,"2019/08/19 23:35:00",MBAHNTH,55.087494
D,DISPATCH,UNIT_SCADA,1,"2019/08/19 23:35:00",MLSP1,0.304001
D,DISPATCH,UNIT_SCADA,1,"2019/08/19 23:35:00",MLWF1,16.08
D,DISPATCH,UNIT_SCADA,1,"2019/08/19 23:35:00",MTMILLAR,22.026281
D,DISPATCH,UNIT_SCADA,1,"2019/08/19 23:35:00",PALOONA,23.59
D,DISPATCH,UNIT_SCADA,1,"2019/08/19 23:35:00",PIONEER,30.300001
D,DISPATCH,UNIT_SCADA,1,"2019/08/19 23:35:00",PORTWF,137.300003
D,DISPATCH,UNIT_SCADA,1,"2019/08/19 23:35:00",REPULSE,28.917067
D,DISPATCH,UNIT_SCADA,1,"2019/08/19 23:35:00",ROWALLAN,9.9826
D,DISPATCH,UNIT_SCADA,1,"2019/08/19 23:35:00",ROYALLA1,0
D,DISPATCH,UNIT_SCADA,1,"2019/08/19 23:35:00",RPCG,-3.20
D,DISPATCH,UNIT_SCADA,1,"2019/08/19 23:35:00",RUBICON,0
D,DISPATCH,UNIT_SCADA,1,"2019/08/19 23:35:00",SATGN1,0
D,DISPATCH,UNIT_SCADA,1,"2019/08/19 23:35:00",SATGS1,0
D,DISPATCH,UNIT_SCADA,1,"2019/08/19 23:35:00",STARHLWF,12.596327
D,DISPATCH,UNIT_SCADA,1,"2019/08/19 23:35:00",WAUBRAWF,125.1110
D,DISPATCH,UNIT_SCADA,1,"2019/08/19 23:35:00",WOOLNTH1,130.360016
D,DISPATCH,UNIT_SCADA,1,"2019/08/19 23:35:00",WPWF,32
D,DISPATCH,UNIT_SCADA,1,"2019/08/19 23:35:00",YAMBUKWF,14.20
D,DISPATCH,UNIT_SCADA,1,"2019/08/19 23:35:00",YSWF1,28.60
D,DISPATCH,UNIT_SCADA,1,"2019/08/19 23:35:00",AGLHAL,0
D,DISPATCH,UNIT_SCADA,1,"2019/08/19 23:35:00",AGLSOM,0
D,DISPATCH,UNIT_SCADA,1,"2019/08/19 23:35:00",ANGAST1,0
D,DISPATCH,UNIT_SCADA,1,"2019/08/19 23:35:00",ARWF1,17.20
D,DISPATCH,UNIT_SCADA,1,"2019/08/19 23:35:00",BALBG1,0
D,DISPATCH,UNIT_SCADA,1,"2019/08/19 23:35:00",BALBL1,0
D,DISPATCH,UNIT_SCADA,1,"2019/08/19 23:35:00",BALDHWF1,100.7130
D,DISPATCH,UNIT_SCADA,1,"2019/08/19 23:35:00",BANN1,0
D,DISPATCH,UNIT_SCADA,1,"2019/08/19 23:35:00",BARCALDN,0
D,DISPATCH,UNIT_SCADA,1,"2019/08/19 23:35:00",BARRON-1,0
D,DISPATCH,UNIT_SCADA,1,"2019/08/19 23:35:00",BARRON-2,25.52
D,DISPATCH,UNIT_SCADA,1,"2019/08/19 23:35:00",BASTYAN,80.790010
D,DISPATCH,UNIT_SCADA,1,"2019/08/19 23:35:00",BBTHREE1,0
D,DISPATCH,UNIT_SCADA,1,"2019/08/19 23:35:00",BBTHREE2,0
D,DISPATCH,UNIT_SCADA,1,"2019/08/19 23:35:00",BBTHREE3,0
D,DISPATCH,UNIT_SCADA,1,"2019/08/19 23:35:00",BDL01,0
D,DISPATCH,UNIT_SCADA,1,"2019/08/19 23:35:00",BDL02,-0.12
D,DISPATCH,UNIT_SCADA,1,"2019/08/19 23:35:00",BERYLSF1,0
D,DISPATCH,UNIT_SCADA,1,"2019/08/19 23:35:00",BLOWERNG,0
D,DISPATCH,UNIT_SCADA,1,"2019/08/19 23:35:00",BLUFF1,27.70
D,DISPATCH,UNIT_SCADA,1,"2019/08/19 23:35:00",BNGSF1,0
D,DISPATCH,UNIT_SCADA,1,"2019/08/19 23:35:00",BNGSF2,0
D,DISPATCH,UNIT_SCADA,1,"2019/08/19 23:35:00",BOCORWF1,89.69
D,DISPATCH,UNIT_SCADA,1,"2019/08/19 23:35:00",BODWF1,37.120040
D,DISPATCH,UNIT_SCADA,1,"2019/08/19 23:35:00",BRAEMAR1,0
D,DISPATCH,UNIT_SCADA,1,"2019/08/19 23:35:00",BRAEMAR2,0
D,DISPATCH,UNIT_SCADA,1,"2019/08/19 23:35:00",BRAEMAR3,0
D,DISPATCH,UNIT_SCADA,1,"2019/08/19 23:35:00",BRAEMAR5,0
D,DISPATCH,UNIT_SCADA,1,"2019/08/19 23:35:00",BRAEMAR6,0
D,DISPATCH,UNIT_SCADA,1,"2019/08/19 23:35:00",BRAEMAR7,0
D,DISPATCH,UNIT_SCADA,1,"2019/08/19 23:35:00",BROKENH1,0
D,DISPATCH,UNIT_SCADA,1,"2019/08/19 23:35:00",BW01,637.425050
D,DISPATCH,UNIT_SCADA,1,"2019/08/19 23:35:00",BW02,633.099980
D,DISPATCH,UNIT_SCADA,1,"2019/08/19 23:35:00",BW03,643.275020
D,DISPATCH,UNIT_SCADA,1,"2019/08/19 23:35:00",BW04,0
D,DISPATCH,UNIT_SCADA,1,"2019/08/19 23:35:00",CALL_B_1,340.399990
D,DISPATCH,UNIT_SCADA,1,"2019/08/19 23:35:00",CALL_B_2,279.399990
D,DISPATCH,UNIT_SCADA,1,"2019/08/19 23:35:00",CETHANA,80.760870
D,DISPATCH,UNIT_SCADA,1,"2019/08/19 23:35:00",CG1,0
D,DISPATCH,UNIT_SCADA,1,"2019/08/19 23:35:00",CG2,0
D,DISPATCH,UNIT_SCADA,1,"2019/08/19 23:35:00",CG3,0
D,DISPATCH,UNIT_SCADA,1,"2019/08/19 23:35:00",CG4,0
D,DISPATCH,UNIT_SCADA,1,"2019/08/19 23:35:00",CHILDSF1,0
D,DISPATCH,UNIT_SCADA,1,"2019/08/19 23:35:00",CLARESF1,0
D,DISPATCH,UNIT_SCADA,1,"2019/08/19 23:35:00",CLEMGPWF,0.576280
D,DISPATCH,UNIT_SCADA,1,"2019/08/19 23:35:00",CLERMSF1,0
D,DISPATCH,UNIT_SCADA,1,"2019/08/19 23:35:00",COLEASF1,0
D,DISPATCH,UNIT_SCADA,1,"2019/08/19 23:35:00",COOPGWF1,35.301960
D,DISPATCH,UNIT_SCADA,1,"2019/08/19 23:35:00",CPP_3,406.175020
D,DISPATCH,UNIT_SCADA,1,"2019/08/19 23:35:00",CPP_4,405.6250
D,DISPATCH,UNIT_SCADA,1,"2019/08/19 23:35:00",CPSA,142.174380
D,DISPATCH,UNIT_SCADA,1,"2019/08/19 23:35:00",CROOKWF2,75.583760
D,DISPATCH,UNIT_SCADA,1,"2019/08/19 23:35:00",CROWLWF1,37.027840
D,DISPATCH,UNIT_SCADA,1,"2019/08/19 23:35:00",CSPVPS1,0
D,DISPATCH,UNIT_SCADA,1,"2019/08/19 23:35:00",DALNTH01,0
D,DISPATCH,UNIT_SCADA,1,"2019/08/19 23:35:00",DALNTHL1,0.2182
D,DISPATCH,UNIT_SCADA,1,"2019/08/19 23:35:00",DARTM1,134.600010
D,DISPATCH,UNIT_SCADA,1,"2019/08/19 23:35:00",DAYDSF1,0
D,DISPATCH,UNIT_SCADA,1,"2019/08/19 23:35:00",DDPS1,0
D,DISPATCH,UNIT_SCADA,1,"2019/08/19 23:35:00",DDSF1,0
D,DISPATCH,UNIT_SCADA,1,"2019/08/19 23:35:00",DEVILS_G,60.360730
D,DISPATCH,UNIT_SCADA,1,"2019/08/19 23:35:00",DG_NSW1,0
D,DISPATCH,UNIT_SCADA,1,"2019/08/19 23:35:00",DG_QLD1,0
D,DISPATCH,UNIT_SCADA,1,"2019/08/19 23:35:00",DG_SA1,0
D,DISPATCH,UNIT_SCADA,1,"2019/08/19 23:35:00",DG_TAS1,0
D,DISPATCH,UNIT_SCADA,1,"2019/08/19 23:35:00",DG_VIC1,0
D,DISPATCH,UNIT_SCADA,1,"2019/08/19 23:35:00",DRYCGT1,0
D,DISPATCH,UNIT_SCADA,1,"2019/08/19 23:35:00",DRYCGT2,0
D,DISPATCH,UNIT_SCADA,1,"2019/08/19 23:35:00",DRYCGT3,0
D,DISPATCH,UNIT_SCADA,1,"2019/08/19 23:35:00",EILDON1,0
D,DISPATCH,UNIT_SCADA,1,"2019/08/19 23:35:00",EILDON2,0
D,DISPATCH,UNIT_SCADA,1,"2019/08/19 23:35:00",EMERASF1,0
D,DISPATCH,UNIT_SCADA,1,"2019/08/19 23:35:00",ER01,560.775020
D,DISPATCH,UNIT_SCADA,1,"2019/08/19 23:35:00",ER02,630.50
D,DISPATCH,UNIT_SCADA,1,"2019/08/19 23:35:00",ER03,629.8750
D,DISPATCH,UNIT_SCADA,1,"2019/08/19 23:35:00",ER04,629.900020
D,DISPATCH,UNIT_SCADA,1,"2019/08/19 23:35:00",FINLYSF1,0
D,DISPATCH,UNIT_SCADA,1,"2019/08/19 23:35:00",FISHER,46.03
D,DISPATCH,UNIT_SCADA,1,"2019/08/19 23:35:00",GANNBG1,0
D,DISPATCH,UNIT_SCADA,1,"2019/08/19 23:35:00",GANNBL1,0.033430
D,DISPATCH,UNIT_SCADA,1,"2019/08/19 23:35:00",GANNSF1,0
D,DISPATCH,UNIT_SCADA,1,"2019/08/19 23:35:00",GORDON,5.134640
D,DISPATCH,UNIT_SCADA,1,"2019/08/19 23:35:00",GSTONE1,164.3250
D,DISPATCH,UNIT_SCADA,1,"2019/08/19 23:35:00",GSTONE2,150.149990
D,DISPATCH,UNIT_SCADA,1,"2019/08/19 23:35:00",GSTONE3,149.6250
D,DISPATCH,UNIT_SCADA,1,"2019/08/19 23:35:00",GSTONE4,149.80
D,DISPATCH,UNIT_SCADA,1,"2019/08/19 23:35:00",GSTONE5,164.50
D,DISPATCH,UNIT_SCADA,1,"2019/08/19 23:35:00",GSTONE6,0
D,DISPATCH,UNIT_SCADA,1,"2019/08/19 23:35:00",GULLRSF1,0
D,DISPATCH,UNIT_SCADA,1,"2019/08/19 23:35:00",GULLRWF1,158.551360
D,DISPATCH,UNIT_SCADA,1,"2019/08/19 23:35:00",GUNNING1,43.756190
D,DISPATCH,UNIT_SCADA,1,"2019/08/19 23:35:00",GUTHEGA,0
D,DISPATCH,UNIT_SCADA,1,"2019/08/19 23:35:00",HALLWF1,78.71
D,DISPATCH,UNIT_SCADA,1,"2019/08/19 23:35:00",HALLWF2,58.20
D,DISPATCH,UNIT_SCADA,1,"2019/08/19 23:35:00",HAMISF1,0
D,DISPATCH,UNIT_SCADA,1,"2019/08/19 23:35:00",HAUGHT11,0
D,DISPATCH,UNIT_SCADA,1,"2019/08/19 23:35:00",HAYMSF1,0
D,DISPATCH,UNIT_SCADA,1,"2019/08/19 23:35:00",HDWF1,46.60
D,DISPATCH,UNIT_SCADA,1,"2019/08/19 23:35:00",HDWF2,32.60
D,DISPATCH,UNIT_SCADA,1,"2019/08/19 23:35:00",HDWF3,40.70
D,DISPATCH,UNIT_SCADA,1,"2019/08/19 23:35:00",HPRG1,0
D,DISPATCH,UNIT_SCADA,1,"2019/08/19 23:35:00",HPRL1,3.40
D,DISPATCH,UNIT_SCADA,1,"2019/08/19 23:35:00",HUMENSW,0
D,DISPATCH,UNIT_SCADA,1,"2019/08/19 23:35:00",HUMEV,8.50
D,DISPATCH,UNIT_SCADA,1,"2019/08/19 23:35:00",HVGTS,0
D,DISPATCH,UNIT_SCADA,1,"2019/08/19 23:35:00",JBUTTERS,135.679990
D,DISPATCH,UNIT_SCADA,1,"2019/08/19 23:35:00",JLA01,0.50
D,DISPATCH,UNIT_SCADA,1,"2019/08/19 23:35:00",JLA02,0
D,DISPATCH,UNIT_SCADA,1,"2019/08/19 23:35:00",JLA03,0.10
D,DISPATCH,UNIT_SCADA,1,"2019/08/19 23:35:00",JLA04,0.10
D,DISPATCH,UNIT_SCADA,1,"2019/08/19 23:35:00",JLB01,0
D,DISPATCH,UNIT_SCADA,1,"2019/08/19 23:35:00",JLB02,0.10
D,DISPATCH,UNIT_SCADA,1,"2019/08/19 23:35:00",JLB03,0
D,DISPATCH,UNIT_SCADA,1,"2019/08/19 23:35:00",KAREEYA1,21.4775
D,DISPATCH,UNIT_SCADA,1,"2019/08/19 23:35:00",KAREEYA2,21.5775
D,DISPATCH,UNIT_SCADA,1,"2019/08/19 23:35:00",KAREEYA3,0
D,DISPATCH,UNIT_SCADA,1,"2019/08/19 23:35:00",KAREEYA4,21.5150
D,DISPATCH,UNIT_SCADA,1,"2019/08/19 23:35:00",KARSF1,0
D,DISPATCH,UNIT_SCADA,1,"2019/08/19 23:35:00",KIATAWF1,30.60
D,DISPATCH,UNIT_SCADA,1,"2019/08/19 23:35:00",KPP_1,0
D,DISPATCH,UNIT_SCADA,1,"2019/08/19 23:35:00",KSP1,0
D,DISPATCH,UNIT_SCADA,1,"2019/08/19 23:35:00",LADBROK1,0
D,DISPATCH,UNIT_SCADA,1,"2019/08/19 23:35:00",LADBROK2,0
D,DISPATCH,UNIT_SCADA,1,"2019/08/19 23:35:00",LD01,421.781280
D,DISPATCH,UNIT_SCADA,1,"2019/08/19 23:35:00",LD02,421.4812
D,DISPATCH,UNIT_SCADA,1,"2019/08/19 23:35:00",LD03,419.793760
D,DISPATCH,UNIT_SCADA,1,"2019/08/19 23:35:00",LD04,381.506290
D,DISPATCH,UNIT_SCADA,1,"2019/08/19 23:35:00",LEM_WIL,82.174950
D,DISPATCH,UNIT_SCADA,1,"2019/08/19 23:35:00",LGAPWF1,7.29
D,DISPATCH,UNIT_SCADA,1,"2019/08/19 23:35:00",LILYSF1,0
D,DISPATCH,UNIT_SCADA,1,"2019/08/19 23:35:00",LI_WY_CA,142.5246
D,DISPATCH,UNIT_SCADA,1,"2019/08/19 23:35:00",LKBONNY2,148.676860
D,DISPATCH,UNIT_SCADA,1,"2019/08/19 23:35:00",LKBONNY3,36.395950
D,DISPATCH,UNIT_SCADA,1,"2019/08/19 23:35:00",LK_ECHO,0
D,DISPATCH,UNIT_SCADA,1,"2019/08/19 23:35:00",LNGS1,0
D,DISPATCH,UNIT_SCADA,1,"2019/08/19 23:35:00",LNGS2,0
D,DISPATCH,UNIT_SCADA,1,"2019/08/19 23:35:00",LONSDALE,0
D,DISPATCH,UNIT_SCADA,1,"2019/08/19 23:35:00",LOYYB1,536.088620
D,DISPATCH,UNIT_SCADA,1,"2019/08/19 23:35:00",LOYYB2,581.954410
D,DISPATCH,UNIT_SCADA,1,"2019/08/19 23:35:00",LYA1,561
D,DISPATCH,UNIT_SCADA,1,"2019/08/19 23:35:00",LYA2,0
D,DISPATCH,UNIT_SCADA,1,"2019/08/19 23:35:00",LYA3,560
D,DISPATCH,UNIT_SCADA,1,"2019/08/19 23:35:00",LYA4,540
D,DISPATCH,UNIT_SCADA,1,"2019/08/19 23:35:00",MACARTH1,234.894580
D,DISPATCH,UNIT_SCADA,1,"2019/08/19 23:35:00",MACKAYGT,0
D,DISPATCH,UNIT_SCADA,1,"2019/08/19 23:35:00",MACKNTSH,85.38
D,DISPATCH,UNIT_SCADA,1,"2019/08/19 23:35:00",MANSLR1,0
D,DISPATCH,UNIT_SCADA,1,"2019/08/19 23:35:00",MCKAY1,0.02
D,DISPATCH,UNIT_SCADA,1,"2019/08/19 23:35:00",MEADOWBK,33.810140
D,DISPATCH,UNIT_SCADA,1,"2019/08/19 23:35:00",MERCER01,119.9680
D,DISPATCH,UNIT_SCADA,1,"2019/08/19 23:35:00",MEWF1,99.524610
D,DISPATCH,UNIT_SCADA,1,"2019/08/19 23:35:00",MINTARO,0
D,DISPATCH,UNIT_SCADA,1,"2019/08/19 23:35:00",MOREESF1,0
D,DISPATCH,UNIT_SCADA,1,"2019/08/19 23:35:00",MORTLK11,124
D,DISPATCH,UNIT_SCADA,1,"2019/08/19 23:35:00",MORTLK12,0
D,DISPATCH,UNIT_SCADA,1,"2019/08/19 23:35:00",MP1,272.900020
D,DISPATCH,UNIT_SCADA,1,"2019/08/19 23:35:00",MP2,0
D,DISPATCH,UNIT_SCADA,1,"2019/08/19 23:35:00",MPP_1,434.25
D,DISPATCH,UNIT_SCADA,1,"2019/08/19 23:35:00",MPP_2,434.75
D,DISPATCH,UNIT_SCADA,1,"2019/08/19 23:35:00",MSTUART1,0
D,DISPATCH,UNIT_SCADA,1,"2019/08/19 23:35:00",MSTUART2,0
D,DISPATCH,UNIT_SCADA,1,"2019/08/19 23:35:00",MSTUART3,0
D,DISPATCH,UNIT_SCADA,1,"2019/08/19 23:35:00",MTGELWF1,64.609210
D,DISPATCH,UNIT_SCADA,1,"2019/08/19 23:35:00",MURRAY,0
D,DISPATCH,UNIT_SCADA,1,"2019/08/19 23:35:00",MUSSELR1,165.899990
D,DISPATCH,UNIT_SCADA,1,"2019/08/19 23:35:00",MUWAWF1,41.20
D,DISPATCH,UNIT_SCADA,1,"2019/08/19 23:35:00",NBHWF1,65.50
D,DISPATCH,UNIT_SCADA,1,"2019/08/19 23:35:00",NPS,0
D,DISPATCH,UNIT_SCADA,1,"2019/08/19 23:35:00",NUMURSF1,0
D,DISPATCH,UNIT_SCADA,1,"2019/08/19 23:35:00",NYNGAN1,0
D,DISPATCH,UNIT_SCADA,1,"2019/08/19 23:35:00",OAKEY1,0
D,DISPATCH,UNIT_SCADA,1,"2019/08/19 23:35:00",OAKEY1SF,0
D,DISPATCH,UNIT_SCADA,1,"2019/08/19 23:35:00",OAKEY2,0
D,DISPATCH,UNIT_SCADA,1,"2019/08/19 23:35:00",OAKLAND1,61.60
D,DISPATCH,UNIT_SCADA,1,"2019/08/19 23:35:00",OSB-AG,141.03
D,DISPATCH,UNIT_SCADA,1,"2019/08/19 23:35:00",PARSF1,0
D,DISPATCH,UNIT_SCADA,1,"2019/08/19 23:35:00",POAT110,0
D,DISPATCH,UNIT_SCADA,1,"2019/08/19 23:35:00",POAT220,3.14
D,DISPATCH,UNIT_SCADA,1,"2019/08/19 23:35:00",POR01,0
D,DISPATCH,UNIT_SCADA,1,"2019/08/19 23:35:00",POR03,0
D,DISPATCH,UNIT_SCADA,1,"2019/08/19 23:35:00",PPCCGT,355.421570
D,DISPATCH,UNIT_SCADA,1,"2019/08/19 23:35:00",PTSTAN1,0
D,DISPATCH,UNIT_SCADA,1,"2019/08/19 23:35:00",PUMP1,0
D,DISPATCH,UNIT_SCADA,1,"2019/08/19 23:35:00",PUMP2,0
D,DISPATCH,UNIT_SCADA,1,"2019/08/19 23:35:00",QPS1,0
D,DISPATCH,UNIT_SCADA,1,"2019/08/19 23:35:00",QPS2,0
D,DISPATCH,UNIT_SCADA,1,"2019/08/19 23:35:00",QPS3,0
D,DISPATCH,UNIT_SCADA,1,"2019/08/19 23:35:00",QPS4,0
D,DISPATCH,UNIT_SCADA,1,"2019/08/19 23:35:00",QPS5,0
D,DISPATCH,UNIT_SCADA,1,"2019/08/19 23:35:00",REECE1,113.480010
D,DISPATCH,UNIT_SCADA,1,"2019/08/19 23:35:00",REECE2,112.800010
D,DISPATCH,UNIT_SCADA,1,"2019/08/19 23:35:00",ROMA_7,0
D,DISPATCH,UNIT_SCADA,1,"2019/08/19 23:35:00",ROMA_8,0
D,DISPATCH,UNIT_SCADA,1,"2019/08/19 23:35:00",RRSF1,0
D,DISPATCH,UNIT_SCADA,1,"2019/08/19 23:35:00",RT_NSW1,0
D,DISPATCH,UNIT_SCADA,1,"2019/08/19 23:35:00",RT_NSW2,0
D,DISPATCH,UNIT_SCADA,1,"2019/08/19 23:35:00",RT_NSW3,0
D,DISPATCH,UNIT_SCADA,1,"2019/08/19 23:35:00",RT_NSW4,0
D,DISPATCH,UNIT_SCADA,1,"2019/08/19 23:35:00",RT_NSW5,0
D,DISPATCH,UNIT_SCADA,1,"2019/08/19 23:35:00",RT_NSW6,0
D,DISPATCH,UNIT_SCADA,1,"2019/08/19 23:35:00",RT_QLD1,0
D,DISPATCH,UNIT_SCADA,1,"2019/08/19 23:35:00",RT_SA1,0
D,DISPATCH,UNIT_SCADA,1,"2019/08/19 23:35:00",RT_SA2,0
D,DISPATCH,UNIT_SCADA,1,"2019/08/19 23:35:00",RT_SA3,0
D,DISPATCH,UNIT_SCADA,1,"2019/08/19 23:35:00",RT_SA4,0
D,DISPATCH,UNIT_SCADA,1,"2019/08/19 23:35:00",RT_SA5,0
D,DISPATCH,UNIT_SCADA,1,"2019/08/19 23:35:00",RT_SA6,0
D,DISPATCH,UNIT_SCADA,1,"2019/08/19 23:35:00",RT_TAS1,0
D,DISPATCH,UNIT_SCADA,1,"2019/08/19 23:35:00",RT_VIC1,0
D,DISPATCH,UNIT_SCADA,1,"2019/08/19 23:35:00",RT_VIC10,0
D,DISPATCH,UNIT_SCADA,1,"2019/08/19 23:35:00",RT_VIC11,0
D,DISPATCH,UNIT_SCADA,1,"2019/08/19 23:35:00",RT_VIC12,0
D,DISPATCH,UNIT_SCADA,1,"2019/08/19 23:35:00",RT_VIC2,0
D,DISPATCH,UNIT_SCADA,1,"2019/08/19 23:35:00",RT_VIC3,0
D,DISPATCH,UNIT_SCADA,1,"2019/08/19 23:35:00",RT_VIC4,0
D,DISPATCH,UNIT_SCADA,1,"2019/08/19 23:35:00",RT_VIC5,0
D,DISPATCH,UNIT_SCADA,1,"2019/08/19 23:35:00",RT_VIC6,0
D,DISPATCH,UNIT_SCADA,1,"2019/08/19 23:35:00",RT_VIC7,0
D,DISPATCH,UNIT_SCADA,1,"2019/08/19 23:35:00",RT_VIC8,0
D,DISPATCH,UNIT_SCADA,1,"2019/08/19 23:35:00",RT_VIC9,0
D,DISPATCH,UNIT_SCADA,1,"2019/08/19 23:35:00",RUGBYR1,0
D,DISPATCH,UNIT_SCADA,1,"2019/08/19 23:35:00",SALTCRK1,47.01
D,DISPATCH,UNIT_SCADA,1,"2019/08/19 23:35:00",SAPHWF1,231.740660
D,DISPATCH,UNIT_SCADA,1,"2019/08/19 23:35:00",SHGEN,0
D,DISPATCH,UNIT_SCADA,1,"2019/08/19 23:35:00",SHPUMP,0
D,DISPATCH,UNIT_SCADA,1,"2019/08/19 23:35:00",SITHE01,0.123710
D,DISPATCH,UNIT_SCADA,1,"2019/08/19 23:35:00",SMCSF1,0
D,DISPATCH,UNIT_SCADA,1,"2019/08/19 23:35:00",SNOWNTH1,13.30
D,DISPATCH,UNIT_SCADA,1,"2019/08/19 23:35:00",SNOWSTH1,28
D,DISPATCH,UNIT_SCADA,1,"2019/08/19 23:35:00",SNOWTWN1,13.619890
D,DISPATCH,UNIT_SCADA,1,"2019/08/19 23:35:00",SNOWYP,0
D,DISPATCH,UNIT_SCADA,1,"2019/08/19 23:35:00",SNUG1,0.019440
D,DISPATCH,UNIT_SCADA,1,"2019/08/19 23:35:00",SRSF1,0
D,DISPATCH,UNIT_SCADA,1,"2019/08/19 23:35:00",STAN-1,0
D,DISPATCH,UNIT_SCADA,1,"2019/08/19 23:35:00",STAN-2,279.017880
D,DISPATCH,UNIT_SCADA,1,"2019/08/19 23:35:00",STAN-3,280.248380
D,DISPATCH,UNIT_SCADA,1,"2019/08/19 23:35:00",STAN-4,308.883330
D,DISPATCH,UNIT_SCADA,1,"2019/08/19 23:35:00",STWF1,143.403750
D,DISPATCH,UNIT_SCADA,1,"2019/08/19 23:35:00",SWAN_E,0
D,DISPATCH,UNIT_SCADA,1,"2019/08/19 23:35:00",TALWA1,302
D,DISPATCH,UNIT_SCADA,1,"2019/08/19 23:35:00",TARALGA1,103.267520
D,DISPATCH,UNIT_SCADA,1,"2019/08/19 23:35:00",TARONG#1,280
D,DISPATCH,UNIT_SCADA,1,"2019/08/19 23:35:00",TARONG#2,278.800020
D,DISPATCH,UNIT_SCADA,1,"2019/08/19 23:35:00",TARONG#3,260.399990
D,DISPATCH,UNIT_SCADA,1,"2019/08/19 23:35:00",TARONG#4,279.300020
D,DISPATCH,UNIT_SCADA,1,"2019/08/19 23:35:00",TARRALEA,79
D,DISPATCH,UNIT_SCADA,1,"2019/08/19 23:35:00",TBSF1,-0.20
D,DISPATCH,UNIT_SCADA,1,"2019/08/19 23:35:00",TNPS1,399.400020
D,DISPATCH,UNIT_SCADA,1,"2019/08/19 23:35:00",TORRA1,48.517110
D,DISPATCH,UNIT_SCADA,1,"2019/08/19 23:35:00",TORRA2,0
D,DISPATCH,UNIT_SCADA,1,"2019/08/19 23:35:00",TORRA3,49.165710
D,DISPATCH,UNIT_SCADA,1,"2019/08/19 23:35:00",TORRA4,0
D,DISPATCH,UNIT_SCADA,1,"2019/08/19 23:35:00",TORRB1,60.21
D,DISPATCH,UNIT_SCADA,1,"2019/08/19 23:35:00",TORRB2,59.20
D,DISPATCH,UNIT_SCADA,1,"2019/08/19 23:35:00",TORRB3,0
D,DISPATCH,UNIT_SCADA,1,"2019/08/19 23:35:00",TORRB4,0
D,DISPATCH,UNIT_SCADA,1,"2019/08/19 23:35:00",TREVALLN,16.70
D,DISPATCH,UNIT_SCADA,1,"2019/08/19 23:35:00",TRIBUTE,44.92
D,DISPATCH,UNIT_SCADA,1,"2019/08/19 23:35:00",TUMUT3,0
D,DISPATCH,UNIT_SCADA,1,"2019/08/19 23:35:00",TUNGATIN,119.740040
D,DISPATCH,UNIT_SCADA,1,"2019/08/19 23:35:00",TVCC201,0
D,DISPATCH,UNIT_SCADA,1,"2019/08/19 23:35:00",TVPP104,0
D,DISPATCH,UNIT_SCADA,1,"2019/08/19 23:35:00",UPPTUMUT,0
D,DISPATCH,UNIT_SCADA,1,"2019/08/19 23:35:00",URANQ11,0
D,DISPATCH,UNIT_SCADA,1,"2019/08/19 23:35:00",URANQ12,0
D,DISPATCH,UNIT_SCADA,1,"2019/08/19 23:35:00",URANQ13,0
D,DISPATCH,UNIT_SCADA,1,"2019/08/19 23:35:00",URANQ14,0
D,DISPATCH,UNIT_SCADA,1,"2019/08/19 23:35:00",VP5,399.174990
D,DISPATCH,UNIT_SCADA,1,"2019/08/19 23:35:00",VP6,402.699980
D,DISPATCH,UNIT_SCADA,1,"2019/08/19 23:35:00",VPGS1,0
D,DISPATCH,UNIT_SCADA,1,"2019/08/19 23:35:00",VPGS2,0
D,DISPATCH,UNIT_SCADA,1,"2019/08/19 23:35:00",VPGS3,0
D,DISPATCH,UNIT_SCADA,1,"2019/08/19 23:35:00",VPGS4,0
D,DISPATCH,UNIT_SCADA,1,"2019/08/19 23:35:00",VPGS5,0
D,DISPATCH,UNIT_SCADA,1,"2019/08/19 23:35:00",VPGS6,0
D,DISPATCH,UNIT_SCADA,1,"2019/08/19 23:35:00",W/HOE#1,0
D,DISPATCH,UNIT_SCADA,1,"2019/08/19 23:35:00",W/HOE#2,0
D,DISPATCH,UNIT_SCADA,1,"2019/08/19 23:35:00",WATERLWF,105.50
D,DISPATCH,UNIT_SCADA,1,"2019/08/19 23:35:00",WEMENSF1,0
D,DISPATCH,UNIT_SCADA,1,"2019/08/19 23:35:00",WGWF1,60.50
D,DISPATCH,UNIT_SCADA,1,"2019/08/19 23:35:00",WHITSF1,0
D,DISPATCH,UNIT_SCADA,1,"2019/08/19 23:35:00",WKIEWA1,0
D,DISPATCH,UNIT_SCADA,1,"2019/08/19 23:35:00",WKIEWA2,15.10
D,DISPATCH,UNIT_SCADA,1,"2019/08/19 23:35:00",WOODLWN1,44.7480
D,DISPATCH,UNIT_SCADA,1,"2019/08/19 23:35:00",WRSF1,0
D,DISPATCH,UNIT_SCADA,1,"2019/08/19 23:35:00",WRWF1,140.772510
D,DISPATCH,UNIT_SCADA,1,"2019/08/19 23:35:00",YABULU,0
D,DISPATCH,UNIT_SCADA,1,"2019/08/19 23:35:00",YABULU2,0
D,DISPATCH,UNIT_SCADA,1,"2019/08/19 23:35:00",YARWUN_1,0
D,DISPATCH,UNIT_SCADA,1,"2019/08/19 23:35:00",YENDWF1,41.97
D,DISPATCH,UNIT_SCADA,1,"2019/08/19 23:35:00",YWPS1,377.944310
D,DISPATCH,UNIT_SCADA,1,"2019/08/19 23:35:00",YWPS2,281.9519
D,DISPATCH,UNIT_SCADA,1,"2019/08/19 23:35:00",YWPS3,0
D,DISPATCH,UNIT_SCADA,1,"2019/08/19 23:35:00",YWPS4,398.907590
C,"END OF REPORT",334
