C,NEMP.WORLD,DISPATCHSCADA,AEMO,PUBLIC,2019/08/20,00:20:08,0000000311765554,DISPATCHSCADA,0000000311765548
I,DISPATCH,UNIT_SCADA,1,SETTLEMENTDATE,DUID,SCADAVALUE
D,DISPATCH,UNIT_SCADA,1,"2019/08/20 00:25:00",BARCSF1,0
D,DISPATCH,UNIT_SCADA,1,"2019/08/20 00:25:00",BUTLERSG,9.699999
D,DISPATCH,UNIT_SCADA,1,"2019/08/20 00:25:00",CALL_A_4,0
D,DISPATCH,UNIT_SCADA,1,"2019/08/20 00:25:00",CAPTL_WF,102.627998
D,DISPATCH,UNIT_SCADA,1,"2019/08/20 00:25:00",CATHROCK,33.309998
D,DISPATCH,UNIT_SCADA,1,"2019/08/20 00:25:00",CHALLHWF,17.40
D,DISPATCH,UNIT_SCADA,1,"2019/08/20 00:25:00",CLOVER,-0.01
D,DISPATCH,UNIT_SCADA,1,"2019/08/20 00:25:00",CLUNY,17.230030
D,DISPATCH,UNIT_SCADA,1,"2019/08/20 00:25:00",CNUNDAWF,37.243446
D,DISPATCH,UNIT_SCADA,1,"2019/08/20 00:25:00",CULLRGWF,30.41
D,DISPATCH,UNIT_SCADA,1,"2019/08/20 00:25:00",ERGT01,0
D,DISPATCH,UNIT_SCADA,1,"2019/08/20 00:25:00",GB01,0.064407
D,DISPATCH,UNIT_SCADA,1,"2019/08/20 00:25:00",GERMCRK,36.200001
D,DISPATCH,UNIT_SCADA,1,"2019/08/20 00:25:00",GRIFSF1,0
D,DISPATCH,UNIT_SCADA,1,"2019/08/20 00:25:00",HUGSF1,-0.2580
D,DISPATCH,UNIT_SCADA,1,"2019/08/20 00:25:00",LKBONNY1,55.461113
D,DISPATCH,UNIT_SCADA,1,"2019/08/20 00:25:00",LRSF1,-0.03
D,DISPATCH,UNIT_SCADA,1,"2019/08/20 00:25:00",MBAHNTH,55.050003
D,DISPATCH,UNIT_SCADA,1,"2019/08/20 00:25:00",MLSP1,0.304001
D,DISPATCH,UNIT_SCADA,1,"2019/08/20 00:25:00",MLWF1,14.700001
D,DISPATCH,UNIT_SCADA,1,"2019/08/20 00:25:00",MTMILLAR,13.974783
D,DISPATCH,UNIT_SCADA,1,"2019/08/20 00:25:00",PALOONA,23.549999
D,DISPATCH,UNIT_SCADA,1,"2019/08/20 00:25:00",PIONEER,32.700001
D,DISPATCH,UNIT_SCADA,1,"2019/08/20 00:25:00",PORTWF,136.199997
D,DISPATCH,UNIT_SCADA,1,"2019/08/20 00:25:00",REPULSE,28.962234
D,DISPATCH,UNIT_SCADA,1,"2019/08/20 00:25:00",ROWALLAN,9.9613
D,DISPATCH,UNIT_SCADA,1,"2019/08/20 00:25:00",ROYALLA1,0
D,DISPATCH,UNIT_SCADA,1,"2019/08/20 00:25:00",RPCG,-3.20
D,DISPATCH,UNIT_SCADA,1,"2019/08/20 00:25:00",RUBICON,0
D,DISPATCH,UNIT_SCADA,1,"2019/08/20 00:25:00",SATGN1,0
D,DISPATCH,UNIT_SCADA,1,"2019/08/20 00:25:00",SATGS1,0
D,DISPATCH,UNIT_SCADA,1,"2019/08/20 00:25:00",STARHLWF,15.895365
D,DISPATCH,UNIT_SCADA,1,"2019/08/20 00:25:00",WAUBRAWF,124.191002
D,DISPATCH,UNIT_SCADA,1,"2019/08/20 00:25:00",WOOLNTH1,131.250015
D,DISPATCH,UNIT_SCADA,1,"2019/08/20 00:25:00",WPWF,34
D,DISPATCH,UNIT_SCADA,1,"2019/08/20 00:25:00",YAMBUKWF,12.50
D,DISPATCH,UNIT_SCADA,1,"2019/08/20 00:25:00",YSWF1,28.700001
D,DISPATCH,UNIT_SCADA,1,"2019/08/20 00:25:00",AGLHAL,0
D,DISPATCH,UNIT_SCADA,1,"2019/08/20 00:25:00",AGLSOM,0
D,DISPATCH,UNIT_SCADA,1,"2019/08/20 00:25:00",ANGAST1,0
D,DISPATCH,UNIT_SCADA,1,"2019/08/20 00:25:00",ARWF1,25.40
D,DISPATCH,UNIT_SCADA,1,"2019/08/20 00:25:00",BALBG1,0
D,DISPATCH,UNIT_SCADA,1,"2019/08/20 00:25:00",BALBL1,0
D,DISPATCH,UNIT_SCADA,1,"2019/08/20 00:25:00",BALDHWF1,99.7590
D,DISPATCH,UNIT_SCADA,1,"2019/08/20 00:25:00",BANN1,0
D,DISPATCH,UNIT_SCADA,1,"2019/08/20 00:25:00",BARCALDN,0
D,DISPATCH,UNIT_SCADA,1,"2019/08/20 00:25:00",BARRON-1,0
D,DISPATCH,UNIT_SCADA,1,"2019/08/20 00:25:00",BARRON-2,25.32
D,DISPATCH,UNIT_SCADA,1,"2019/08/20 00:25:00",BASTYAN,80.750010
D,DISPATCH,UNIT_SCADA,1,"2019/08/20 00:25:00",BBTHREE1,0
D,DISPATCH,UNIT_SCADA,1,"2019/08/20 00:25:00",BBTHREE2,0
D,DISPATCH,UNIT_SCADA,1,"2019/08/20 00:25:00",BBTHREE3,0
D,DISPATCH,UNIT_SCADA,1,"2019/08/20 00:25:00",BDL01,0
D,DISPATCH,UNIT_SCADA,1,"2019/08/20 00:25:00",BDL02,0
D,DISPATCH,UNIT_SCADA,1,"2019/08/20 00:25:00",BERYLSF1,0
D,DISPATCH,UNIT_SCADA,1,"2019/08/20 00:25:00",BLOWERNG,0
D,DISPATCH,UNIT_SCADA,1,"2019/08/20 00:25:00",BLUFF1,32.80
D,DISPATCH,UNIT_SCADA,1,"2019/08/20 00:25:00",BNGSF1,0
D,DISPATCH,UNIT_SCADA,1,"2019/08/20 00:25:00",BNGSF2,0
D,DISPATCH,UNIT_SCADA,1,"2019/08/20 00:25:00",BOCORWF1,58.41
D,DISPATCH,UNIT_SCADA,1,"2019/08/20 00:25:00",BODWF1,31.043410
D,DISPATCH,UNIT_SCADA,1,"2019/08/20 00:25:00",BRAEMAR1,0
D,DISPATCH,UNIT_SCADA,1,"2019/08/20 00:25:00",BRAEMAR2,0
D,DISPATCH,UNIT_SCADA,1,"2019/08/20 00:25:00",BRAEMAR3,0
D,DISPATCH,UNIT_SCADA,1,"2019/08/20 00:25:00",BRAEMAR5,0
D,DISPATCH,UNIT_SCADA,1,"2019/08/20 00:25:00",BRAEMAR6,0
D,DISPATCH,UNIT_SCADA,1,"2019/08/20 00:25:00",BRAEMAR7,0
D,DISPATCH,UNIT_SCADA,1,"2019/08/20 00:25:00",BROKENH1,0
D,DISPATCH,UNIT_SCADA,1,"2019/08/20 00:25:00",BW01,587.849980
D,DISPATCH,UNIT_SCADA,1,"2019/08/20 00:25:00",BW02,609.525020
D,DISPATCH,UNIT_SCADA,1,"2019/08/20 00:25:00",BW03,632.8750
D,DISPATCH,UNIT_SCADA,1,"2019/08/20 00:25:00",BW04,0
D,DISPATCH,UNIT_SCADA,1,"2019/08/20 00:25:00",CALL_B_1,339.300020
D,DISPATCH,UNIT_SCADA,1,"2019/08/20 00:25:00",CALL_B_2,290.399990
D,DISPATCH,UNIT_SCADA,1,"2019/08/20 00:25:00",CETHANA,81.778750
D,DISPATCH,UNIT_SCADA,1,"2019/08/20 00:25:00",CG1,0
D,DISPATCH,UNIT_SCADA,1,"2019/08/20 00:25:00",CG2,0
D,DISPATCH,UNIT_SCADA,1,"2019/08/20 00:25:00",CG3,0
D,DISPATCH,UNIT_SCADA,1,"2019/08/20 00:25:00",CG4,0
D,DISPATCH,UNIT_SCADA,1,"2019/08/20 00:25:00",CHILDSF1,0
D,DISPATCH,UNIT_SCADA,1,"2019/08/20 00:25:00",CLARESF1,0
D,DISPATCH,UNIT_SCADA,1,"2019/08/20 00:25:00",CLEMGPWF,6.9874
D,DISPATCH,UNIT_SCADA,1,"2019/08/20 00:25:00",CLERMSF1,0
D,DISPATCH,UNIT_SCADA,1,"2019/08/20 00:25:00",COLEASF1,0
D,DISPATCH,UNIT_SCADA,1,"2019/08/20 00:25:00",COOPGWF1,35.303260
D,DISPATCH,UNIT_SCADA,1,"2019/08/20 00:25:00",CPP_3,406.175020
D,DISPATCH,UNIT_SCADA,1,"2019/08/20 00:25:00",CPP_4,404.524990
D,DISPATCH,UNIT_SCADA,1,"2019/08/20 00:25:00",CPSA,143.375630
D,DISPATCH,UNIT_SCADA,1,"2019/08/20 00:25:00",CROOKWF2,44.373750
D,DISPATCH,UNIT_SCADA,1,"2019/08/20 00:25:00",CROWLWF1,40.3415
D,DISPATCH,UNIT_SCADA,1,"2019/08/20 00:25:00",CSPVPS1,0
D,DISPATCH,UNIT_SCADA,1,"2019/08/20 00:25:00",DALNTH01,0
D,DISPATCH,UNIT_SCADA,1,"2019/08/20 00:25:00",DALNTHL1,0.120550
D,DISPATCH,UNIT_SCADA,1,"2019/08/20 00:25:00",DARTM1,134.80
D,DISPATCH,UNIT_SCADA,1,"2019/08/20 00:25:00",DAYDSF1,0
D,DISPATCH,UNIT_SCADA,1,"2019/08/20 00:25:00",DDPS1,0
D,DISPATCH,UNIT_SCADA,1,"2019/08/20 00:25:00",DDSF1,0
D,DISPATCH,UNIT_SCADA,1,"2019/08/20 00:25:00",DEVILS_G,60.006710
D,DISPATCH,UNIT_SCADA,1,"2019/08/20 00:25:00",DG_NSW1,0
D,DISPATCH,UNIT_SCADA,1,"2019/08/20 00:25:00",DG_QLD1,0
D,DISPATCH,UNIT_SCADA,1,"2019/08/20 00:25:00",DG_SA1,0
D,DISPATCH,UNIT_SCADA,1,"2019/08/20 00:25:00",DG_TAS1,0
D,DISPATCH,UNIT_SCADA,1,"2019/08/20 00:25:00",DG_VIC1,0
D,DISPATCH,UNIT_SCADA,1,"2019/08/20 00:25:00",DRYCGT1,0
D,DISPATCH,UNIT_SCADA,1,"2019/08/20 00:25:00",DRYCGT2,0
D,DISPATCH,UNIT_SCADA,1,"2019/08/20 00:25:00",DRYCGT3,0
D,DISPATCH,UNIT_SCADA,1,"2019/08/20 00:25:00",EILDON1,0
D,DISPATCH,UNIT_SCADA,1,"2019/08/20 00:25:00",EILDON2,0
D,DISPATCH,UNIT_SCADA,1,"2019/08/20 00:25:00",EMERASF1,0
D,DISPATCH,UNIT_SCADA,1,"2019/08/20 00:25:00",ER01,556.449950
D,DISPATCH,UNIT_SCADA,1,"2019/08/20 00:25:00",ER02,582.150020
D,DISPATCH,UNIT_SCADA,1,"2019/08/20 00:25:00",ER03,579.450070
D,DISPATCH,UNIT_SCADA,1,"2019/08/20 00:25:00",ER04,579.900020
D,DISPATCH,UNIT_SCADA,1,"2019/08/20 00:25:00",FINLYSF1,0
D,DISPATCH,UNIT_SCADA,1,"2019/08/20 00:25:00",FISHER,46.01
D,DISPATCH,UNIT_SCADA,1,"2019/08/20 00:25:00",GANNBG1,0
D,DISPATCH,UNIT_SCADA,1,"2019/08/20 00:25:00",GANNBL1,0.0335
D,DISPATCH,UNIT_SCADA,1,"2019/08/20 00:25:00",GANNSF1,0
D,DISPATCH,UNIT_SCADA,1,"2019/08/20 00:25:00",GORDON,0
D,DISPATCH,UNIT_SCADA,1,"2019/08/20 00:25:00",GSTONE1,155.5750
D,DISPATCH,UNIT_SCADA,1,"2019/08/20 00:25:00",GSTONE2,150.3250
D,DISPATCH,UNIT_SCADA,1,"2019/08/20 00:25:00",GSTONE3,143.6750
D,DISPATCH,UNIT_SCADA,1,"2019/08/20 00:25:00",GSTONE4,158.724990
D,DISPATCH,UNIT_SCADA,1,"2019/08/20 00:25:00",GSTONE5,155.9250
D,DISPATCH,UNIT_SCADA,1,"2019/08/20 00:25:00",GSTONE6,0
D,DISPATCH,UNIT_SCADA,1,"2019/08/20 00:25:00",GULLRSF1,0
D,DISPATCH,UNIT_SCADA,1,"2019/08/20 00:25:00",GULLRWF1,158.715150
D,DISPATCH,UNIT_SCADA,1,"2019/08/20 00:25:00",GUNNING1,42.517590
D,DISPATCH,UNIT_SCADA,1,"2019/08/20 00:25:00",GUTHEGA,0
D,DISPATCH,UNIT_SCADA,1,"2019/08/20 00:25:00",HALLWF1,73.98
D,DISPATCH,UNIT_SCADA,1,"2019/08/20 00:25:00",HALLWF2,66.34
D,DISPATCH,UNIT_SCADA,1,"2019/08/20 00:25:00",HAMISF1,0
D,DISPATCH,UNIT_SCADA,1,"2019/08/20 00:25:00",HAUGHT11,0
D,DISPATCH,UNIT_SCADA,1,"2019/08/20 00:25:00",HAYMSF1,0
D,DISPATCH,UNIT_SCADA,1,"2019/08/20 00:25:00",HDWF1,40.40
D,DISPATCH,UNIT_SCADA,1,"2019/08/20 00:25:00",HDWF2,31.30
D,DISPATCH,UNIT_SCADA,1,"2019/08/20 00:25:00",HDWF3,39.90
D,DISPATCH,UNIT_SCADA,1,"2019/08/20 00:25:00",HPRG1,0
D,DISPATCH,UNIT_SCADA,1,"2019/08/20 00:25:00",HPRL1,0
D,DISPATCH,UNIT_SCADA,1,"2019/08/20 00:25:00",HUMENSW,0
D,DISPATCH,UNIT_SCADA,1,"2019/08/20 00:25:00",HUMEV,8.90
D,DISPATCH,UNIT_SCADA,1,"2019/08/20 00:25:00",HVGTS,0
D,DISPATCH,UNIT_SCADA,1,"2019/08/20 00:25:00",JBUTTERS,135.61
D,DISPATCH,UNIT_SCADA,1,"2019/08/20 00:25:00",JLA01,0.50
D,DISPATCH,UNIT_SCADA,1,"2019/08/20 00:25:00",JLA02,0
D,DISPATCH,UNIT_SCADA,1,"2019/08/20 00:25:00",JLA03,0.10
D,DISPATCH,UNIT_SCADA,1,"2019/08/20 00:25:00",JLA04,0.10
D,DISPATCH,UNIT_SCADA,1,"2019/08/20 00:25:00",JLB01,0
D,DISPATCH,UNIT_SCADA,1,"2019/08/20 00:25:00",JLB02,0.10
D,DISPATCH,UNIT_SCADA,1,"2019/08/20 00:25:00",JLB03,0
D,DISPATCH,UNIT_SCADA,1,"2019/08/20 00:25:00",KAREEYA1,21.6025
D,DISPATCH,UNIT_SCADA,1,"2019/08/20 00:25:00",KAREEYA2,21.3225
D,DISPATCH,UNIT_SCADA,1,"2019/08/20 00:25:00",KAREEYA3,0
D,DISPATCH,UNIT_SCADA,1,"2019/08/20 00:25:00",KAREEYA4,21.7575
D,DISPATCH,UNIT_SCADA,1,"2019/08/20 00:25:00",KARSF1,0
D,DISPATCH,UNIT_SCADA,1,"2019/08/20 00:25:00",KIATAWF1,29
D,DISPATCH,UNIT_SCADA,1,"2019/08/20 00:25:00",KPP_1,0
D,DISPATCH,UNIT_SCADA,1,"2019/08/20 00:25:00",KSP1,0
D,DISPATCH,UNIT_SCADA,1,"2019/08/20 00:25:00",LADBROK1,0
D,DISPATCH,UNIT_SCADA,1,"2019/08/20 00:25:00",LADBROK2,0
D,DISPATCH,UNIT_SCADA,1,"2019/08/20 00:25:00",LD01,419.756260
D,DISPATCH,UNIT_SCADA,1,"2019/08/20 00:25:00",LD02,419.756260
D,DISPATCH,UNIT_SCADA,1,"2019/08/20 00:25:00",LD03,418.818790
D,DISPATCH,UNIT_SCADA,1,"2019/08/20 00:25:00",LD04,379.087460
D,DISPATCH,UNIT_SCADA,1,"2019/08/20 00:25:00",LEM_WIL,84.9277
D,DISPATCH,UNIT_SCADA,1,"2019/08/20 00:25:00",LGAPWF1,8.24
D,DISPATCH,UNIT_SCADA,1,"2019/08/20 00:25:00",LILYSF1,0
D,DISPATCH,UNIT_SCADA,1,"2019/08/20 00:25:00",LI_WY_CA,142.701450
D,DISPATCH,UNIT_SCADA,1,"2019/08/20 00:25:00",LKBONNY2,131.2670
D,DISPATCH,UNIT_SCADA,1,"2019/08/20 00:25:00",LKBONNY3,33.883960
D,DISPATCH,UNIT_SCADA,1,"2019/08/20 00:25:00",LK_ECHO,0
D,DISPATCH,UNIT_SCADA,1,"2019/08/20 00:25:00",LNGS1,0
D,DISPATCH,UNIT_SCADA,1,"2019/08/20 00:25:00",LNGS2,0
D,DISPATCH,UNIT_SCADA,1,"2019/08/20 00:25:00",LONSDALE,0
D,DISPATCH,UNIT_SCADA,1,"2019/08/20 00:25:00",LOYYB1,536.088620
D,DISPATCH,UNIT_SCADA,1,"2019/08/20 00:25:00",LOYYB2,583.834170
D,DISPATCH,UNIT_SCADA,1,"2019/08/20 00:25:00",LYA1,560
D,DISPATCH,UNIT_SCADA,1,"2019/08/20 00:25:00",LYA2,0
D,DISPATCH,UNIT_SCADA,1,"2019/08/20 00:25:00",LYA3,561
D,DISPATCH,UNIT_SCADA,1,"2019/08/20 00:25:00",LYA4,540
D,DISPATCH,UNIT_SCADA,1,"2019/08/20 00:25:00",MACARTH1,245.894320
D,DISPATCH,UNIT_SCADA,1,"2019/08/20 00:25:00",MACKAYGT,0
D,DISPATCH,UNIT_SCADA,1,"2019/08/20 00:25:00",MACKNTSH,85.44
D,DISPATCH,UNIT_SCADA,1,"2019/08/20 00:25:00",MANSLR1,0
D,DISPATCH,UNIT_SCADA,1,"2019/08/20 00:25:00",MCKAY1,0.02
D,DISPATCH,UNIT_SCADA,1,"2019/08/20 00:25:00",MEADOWBK,33.810140
D,DISPATCH,UNIT_SCADA,1,"2019/08/20 00:25:00",MERCER01,124.8330
D,DISPATCH,UNIT_SCADA,1,"2019/08/20 00:25:00",MEWF1,120.369150
D,DISPATCH,UNIT_SCADA,1,"2019/08/20 00:25:00",MINTARO,0
D,DISPATCH,UNIT_SCADA,1,"2019/08/20 00:25:00",MOREESF1,0
D,DISPATCH,UNIT_SCADA,1,"2019/08/20 00:25:00",MORTLK11,124
D,DISPATCH,UNIT_SCADA,1,"2019/08/20 00:25:00",MORTLK12,0
D,DISPATCH,UNIT_SCADA,1,"2019/08/20 00:25:00",MP1,278.525020
D,DISPATCH,UNIT_SCADA,1,"2019/08/20 00:25:00",MP2,0
D,DISPATCH,UNIT_SCADA,1,"2019/08/20 00:25:00",MPP_1,428.50
D,DISPATCH,UNIT_SCADA,1,"2019/08/20 00:25:00",MPP_2,436
D,DISPATCH,UNIT_SCADA,1,"2019/08/20 00:25:00",MSTUART1,0
D,DISPATCH,UNIT_SCADA,1,"2019/08/20 00:25:00",MSTUART2,0
D,DISPATCH,UNIT_SCADA,1,"2019/08/20 00:25:00",MSTUART3,0
D,DISPATCH,UNIT_SCADA,1,"2019/08/20 00:25:00",MTGELWF1,64.537490
D,DISPATCH,UNIT_SCADA,1,"2019/08/20 00:25:00",MURRAY,0
D,DISPATCH,UNIT_SCADA,1,"2019/08/20 00:25:00",MUSSELR1,165.80
D,DISPATCH,UNIT_SCADA,1,"2019/08/20 00:25:00",MUWAWF1,49.16
D,DISPATCH,UNIT_SCADA,1,"2019/08/20 00:25:00",NBHWF1,58.10
D,DISPATCH,UNIT_SCADA,1,"2019/08/20 00:25:00",NPS,0
D,DISPATCH,UNIT_SCADA,1,"2019/08/20 00:25:00",NUMURSF1,0
D,DISPATCH,UNIT_SCADA,1,"2019/08/20 00:25:00",NYNGAN1,0
D,DISPATCH,UNIT_SCADA,1,"2019/08/20 00:25:00",OAKEY1,0
D,DISPATCH,UNIT_SCADA,1,"2019/08/20 00:25:00",OAKEY1SF,0
D,DISPATCH,UNIT_SCADA,1,"2019/08/20 00:25:00",OAKEY2,0
D,DISPATCH,UNIT_SCADA,1,"2019/08/20 00:25:00",OAKLAND1,54.10
D,DISPATCH,UNIT_SCADA,1,"2019/08/20 00:25:00",OSB-AG,139.38
D,DISPATCH,UNIT_SCADA,1,"2019/08/20 00:25:00",PARSF1,0
D,DISPATCH,UNIT_SCADA,1,"2019/08/20 00:25:00",POAT110,0
D,DISPATCH,UNIT_SCADA,1,"2019/08/20 00:25:00",POAT220,8.89
D,DISPATCH,UNIT_SCADA,1,"2019/08/20 00:25:00",POR01,0
D,DISPATCH,UNIT_SCADA,1,"2019/08/20 00:25:00",POR03,0
D,DISPATCH,UNIT_SCADA,1,"2019/08/20 00:25:00",PPCCGT,203.751910
D,DISPATCH,UNIT_SCADA,1,"2019/08/20 00:25:00",PTSTAN1,0
D,DISPATCH,UNIT_SCADA,1,"2019/08/20 00:25:00",PUMP1,0
D,DISPATCH,UNIT_SCADA,1,"2019/08/20 00:25:00",PUMP2,0
D,DISPATCH,UNIT_SCADA,1,"2019/08/20 00:25:00",QPS1,0
D,DISPATCH,UNIT_SCADA,1,"2019/08/20 00:25:00",QPS2,0
D,DISPATCH,UNIT_SCADA,1,"2019/08/20 00:25:00",QPS3,0
D,DISPATCH,UNIT_SCADA,1,"2019/08/20 00:25:00",QPS4,0
D,DISPATCH,UNIT_SCADA,1,"2019/08/20 00:25:00",QPS5,0
D,DISPATCH,UNIT_SCADA,1,"2019/08/20 00:25:00",REECE1,114.490010
D,DISPATCH,UNIT_SCADA,1,"2019/08/20 00:25:00",REECE2,114.010010
D,DISPATCH,UNIT_SCADA,1,"2019/08/20 00:25:00",ROMA_7,0
D,DISPATCH,UNIT_SCADA,1,"2019/08/20 00:25:00",ROMA_8,0
D,DISPATCH,UNIT_SCADA,1,"2019/08/20 00:25:00",RRSF1,0
D,DISPATCH,UNIT_SCADA,1,"2019/08/20 00:25:00",RT_NSW1,0
D,DISPATCH,UNIT_SCADA,1,"2019/08/20 00:25:00",RT_NSW2,0
D,DISPATCH,UNIT_SCADA,1,"2019/08/20 00:25:00",RT_NSW3,0
D,DISPATCH,UNIT_SCADA,1,"2019/08/20 00:25:00",RT_NSW4,0
D,DISPATCH,UNIT_SCADA,1,"2019/08/20 00:25:00",RT_NSW5,0
D,DISPATCH,UNIT_SCADA,1,"2019/08/20 00:25:00",RT_NSW6,0
D,DISPATCH,UNIT_SCADA,1,"2019/08/20 00:25:00",RT_QLD1,0
D,DISPATCH,UNIT_SCADA,1,"2019/08/20 00:25:00",RT_SA1,0
D,DISPATCH,UNIT_SCADA,1,"2019/08/20 00:25:00",RT_SA2,0
D,DISPATCH,UNIT_SCADA,1,"2019/08/20 00:25:00",RT_SA3,0
D,DISPATCH,UNIT_SCADA,1,"2019/08/20 00:25:00",RT_SA4,0
D,DISPATCH,UNIT_SCADA,1,"2019/08/20 00:25:00",RT_SA5,0
D,DISPATCH,UNIT_SCADA,1,"2019/08/20 00:25:00",RT_SA6,0
D,DISPATCH,UNIT_SCADA,1,"2019/08/20 00:25:00",RT_TAS1,0
D,DISPATCH,UNIT_SCADA,1,"2019/08/20 00:25:00",RT_VIC1,0
D,DISPATCH,UNIT_SCADA,1,"2019/08/20 00:25:00",RT_VIC10,0
D,DISPATCH,UNIT_SCADA,1,"2019/08/20 00:25:00",RT_VIC11,0
D,DISPATCH,UNIT_SCADA,1,"2019/08/20 00:25:00",RT_VIC12,0
D,DISPATCH,UNIT_SCADA,1,"2019/08/20 00:25:00",RT_VIC2,0
D,DISPATCH,UNIT_SCADA,1,"2019/08/20 00:25:00",RT_VIC3,0
D,DISPATCH,UNIT_SCADA,1,"2019/08/20 00:25:00",RT_VIC4,0
D,DISPATCH,UNIT_SCADA,1,"2019/08/20 00:25:00",RT_VIC5,0
D,DISPATCH,UNIT_SCADA,1,"2019/08/20 00:25:00",RT_VIC6,0
D,DISPATCH,UNIT_SCADA,1,"2019/08/20 00:25:00",RT_VIC7,0
D,DISPATCH,UNIT_SCADA,1,"2019/08/20 00:25:00",RT_VIC8,0
D,DISPATCH,UNIT_SCADA,1,"2019/08/20 00:25:00",RT_VIC9,0
D,DISPATCH,UNIT_SCADA,1,"2019/08/20 00:25:00",RUGBYR1,0
D,DISPATCH,UNIT_SCADA,1,"2019/08/20 00:25:00",SALTCRK1,48.76
D,DISPATCH,UNIT_SCADA,1,"2019/08/20 00:25:00",SAPHWF1,250.115660
D,DISPATCH,UNIT_SCADA,1,"2019/08/20 00:25:00",SHGEN,0
D,DISPATCH,UNIT_SCADA,1,"2019/08/20 00:25:00",SHPUMP,158.657930
D,DISPATCH,UNIT_SCADA,1,"2019/08/20 00:25:00",SITHE01,0.133760
D,DISPATCH,UNIT_SCADA,1,"2019/08/20 00:25:00",SMCSF1,0
D,DISPATCH,UNIT_SCADA,1,"2019/08/20 00:25:00",SNOWNTH1,19.10
D,DISPATCH,UNIT_SCADA,1,"2019/08/20 00:25:00",SNOWSTH1,23.80
D,DISPATCH,UNIT_SCADA,1,"2019/08/20 00:25:00",SNOWTWN1,18.3268
D,DISPATCH,UNIT_SCADA,1,"2019/08/20 00:25:00",SNOWYP,0
D,DISPATCH,UNIT_SCADA,1,"2019/08/20 00:25:00",SNUG1,0.019440
D,DISPATCH,UNIT_SCADA,1,"2019/08/20 00:25:00",SRSF1,0
D,DISPATCH,UNIT_SCADA,1,"2019/08/20 00:25:00",STAN-1,0
D,DISPATCH,UNIT_SCADA,1,"2019/08/20 00:25:00",STAN-2,222.337550
D,DISPATCH,UNIT_SCADA,1,"2019/08/20 00:25:00",STAN-3,221.132690
D,DISPATCH,UNIT_SCADA,1,"2019/08/20 00:25:00",STAN-4,267.481840
D,DISPATCH,UNIT_SCADA,1,"2019/08/20 00:25:00",STWF1,164.981260
D,DISPATCH,UNIT_SCADA,1,"2019/08/20 00:25:00",SWAN_E,0
D,DISPATCH,UNIT_SCADA,1,"2019/08/20 00:25:00",TALWA1,301
D,DISPATCH,UNIT_SCADA,1,"2019/08/20 00:25:00",TARALGA1,78.348750
D,DISPATCH,UNIT_SCADA,1,"2019/08/20 00:25:00",TARONG#1,260.399990
D,DISPATCH,UNIT_SCADA,1,"2019/08/20 00:25:00",TARONG#2,261.100010
D,DISPATCH,UNIT_SCADA,1,"2019/08/20 00:25:00",TARONG#3,229.30
D,DISPATCH,UNIT_SCADA,1,"2019/08/20 00:25:00",TARONG#4,259.800020
D,DISPATCH,UNIT_SCADA,1,"2019/08/20 00:25:00",TARRALEA,79.10
D,DISPATCH,UNIT_SCADA,1,"2019/08/20 00:25:00",TBSF1,-0.20
D,DISPATCH,UNIT_SCADA,1,"2019/08/20 00:25:00",TNPS1,349.900020
D,DISPATCH,UNIT_SCADA,1,"2019/08/20 00:25:00",TORRA1,40.298620
D,DISPATCH,UNIT_SCADA,1,"2019/08/20 00:25:00",TORRA2,0
D,DISPATCH,UNIT_SCADA,1,"2019/08/20 00:25:00",TORRA3,50.052850
D,DISPATCH,UNIT_SCADA,1,"2019/08/20 00:25:00",TORRA4,0
D,DISPATCH,UNIT_SCADA,1,"2019/08/20 00:25:00",TORRB1,45.89
D,DISPATCH,UNIT_SCADA,1,"2019/08/20 00:25:00",TORRB2,46.17
D,DISPATCH,UNIT_SCADA,1,"2019/08/20 00:25:00",TORRB3,0
D,DISPATCH,UNIT_SCADA,1,"2019/08/20 00:25:00",TORRB4,0
D,DISPATCH,UNIT_SCADA,1,"2019/08/20 00:25:00",TREVALLN,16.70
D,DISPATCH,UNIT_SCADA,1,"2019/08/20 00:25:00",TRIBUTE,45.17
D,DISPATCH,UNIT_SCADA,1,"2019/08/20 00:25:00",TUMUT3,0
D,DISPATCH,UNIT_SCADA,1,"2019/08/20 00:25:00",TUNGATIN,122.240030
D,DISPATCH,UNIT_SCADA,1,"2019/08/20 00:25:00",TVCC201,0
D,DISPATCH,UNIT_SCADA,1,"2019/08/20 00:25:00",TVPP104,0
D,DISPATCH,UNIT_SCADA,1,"2019/08/20 00:25:00",UPPTUMUT,0
D,DISPATCH,UNIT_SCADA,1,"2019/08/20 00:25:00",URANQ11,0
D,DISPATCH,UNIT_SCADA,1,"2019/08/20 00:25:00",URANQ12,0
D,DISPATCH,UNIT_SCADA,1,"2019/08/20 00:25:00",URANQ13,0
D,DISPATCH,UNIT_SCADA,1,"2019/08/20 00:25:00",URANQ14,0
D,DISPATCH,UNIT_SCADA,1,"2019/08/20 00:25:00",VP5,399.75
D,DISPATCH,UNIT_SCADA,1,"2019/08/20 00:25:00",VP6,400.850010
D,DISPATCH,UNIT_SCADA,1,"2019/08/20 00:25:00",VPGS1,0
D,DISPATCH,UNIT_SCADA,1,"2019/08/20 00:25:00",VPGS2,0
D,DISPATCH,UNIT_SCADA,1,"2019/08/20 00:25:00",VPGS3,0
D,DISPATCH,UNIT_SCADA,1,"2019/08/20 00:25:00",VPGS4,0
D,DISPATCH,UNIT_SCADA,1,"2019/08/20 00:25:00",VPGS5,0
D,DISPATCH,UNIT_SCADA,1,"2019/08/20 00:25:00",VPGS6,0
D,DISPATCH,UNIT_SCADA,1,"2019/08/20 00:25:00",W/HOE#1,0
D,DISPATCH,UNIT_SCADA,1,"2019/08/20 00:25:00",W/HOE#2,0
D,DISPATCH,UNIT_SCADA,1,"2019/08/20 00:25:00",WATERLWF,104.80
D,DISPATCH,UNIT_SCADA,1,"2019/08/20 00:25:00",WEMENSF1,0
D,DISPATCH,UNIT_SCADA,1,"2019/08/20 00:25:00",WGWF1,67.20
D,DISPATCH,UNIT_SCADA,1,"2019/08/20 00:25:00",WHITSF1,0
D,DISPATCH,UNIT_SCADA,1,"2019/08/20 00:25:00",WKIEWA1,0
D,DISPATCH,UNIT_SCADA,1,"2019/08/20 00:25:00",WKIEWA2,15.20
D,DISPATCH,UNIT_SCADA,1,"2019/08/20 00:25:00",WOODLWN1,45.0540
D,DISPATCH,UNIT_SCADA,1,"2019/08/20 00:25:00",WRSF1,0
D,DISPATCH,UNIT_SCADA,1,"2019/08/20 00:25:00",WRWF1,131.1875
D,DISPATCH,UNIT_SCADA,1,"2019/08/20 00:25:00",YABULU,0
D,DISPATCH,UNIT_SCADA,1,"2019/08/20 00:25:00",YABULU2,0
D,DISPATCH,UNIT_SCADA,1,"2019/08/20 00:25:00",YARWUN_1,0
D,DISPATCH,UNIT_SCADA,1,"2019/08/20 00:25:00",YENDWF1,41.91
D,DISPATCH,UNIT_SCADA,1,"2019/08/20 00:25:00",YWPS1,379.197480
D,DISPATCH,UNIT_SCADA,1,"2019/08/20 00:25:00",YWPS2,279.946840
D,DISPATCH,UNIT_SCADA,1,"2019/08/20 00:25:00",YWPS3,0
D,DISPATCH,UNIT_SCADA,1,"2019/08/20 00:25:00",YWPS4,394.955690
C,"END OF REPORT",334
