C,NEMP.WORLD,DISPATCHSCADA,AEMO,PUBLIC,2019/08/19,20:40:07,0000000311759900,DISPATCHSCADA,0000000311759894
I,DISPATCH,UNIT_SCADA,1,SETTLEMENTDATE,DUID,SCADAVALUE
D,DISPATCH,UNIT_SCADA,1,"2019/08/19 20:45:00",BARCSF1,1.10
D,DISPATCH,UNIT_SCADA,1,"2019/08/19 20:45:00",BUTLERSG,9.699999
D,DISPATCH,UNIT_SCADA,1,"2019/08/19 20:45:00",CALL_A_4,0
D,DISPATCH,UNIT_SCADA,1,"2019/08/19 20:45:00",CAPTL_WF,135.727997
D,DISPATCH,UNIT_SCADA,1,"2019/08/19 20:45:00",CATHROCK,33.849998
D,DISPATCH,UNIT_SCADA,1,"2019/08/19 20:45:00",CHALLHWF,14.10
D,DISPATCH,UNIT_SCADA,1,"2019/08/19 20:45:00",CLOVER,-0.02
D,DISPATCH,UNIT_SCADA,1,"2019/08/19 20:45:00",CLUNY,12.092011
D,DISPATCH,UNIT_SCADA,1,"2019/08/19 20:45:00",CNUNDAWF,38.144497
D,DISPATCH,UNIT_SCADA,1,"2019/08/19 20:45:00",CULLRGWF,30.299999
D,DISPATCH,UNIT_SCADA,1,"2019/08/19 20:45:00",ERGT01,0
D,DISPATCH,UNIT_SCADA,1,"2019/08/19 20:45:00",GB01,0.068871
D,DISPATCH,UNIT_SCADA,1,"2019/08/19 20:45:00",GERMCRK,36.400002
D,DISPATCH,UNIT_SCADA,1,"2019/08/19 20:45:00",GRIFSF1,0
D,DISPATCH,UNIT_SCADA,1,"2019/08/19 20:45:00",HUGSF1,-0.1880
D,DISPATCH,UNIT_SCADA,1,"2019/08/19 20:45:00",LKBONNY1,63.856194
D,DISPATCH,UNIT_SCADA,1,"2019/08/19 20:45:00",LRSF1,0.0240
D,DISPATCH,UNIT_SCADA,1,"2019/08/19 20:45:00",MBAHNTH,58.031250
D,DISPATCH,UNIT_SCADA,1,"2019/08/19 20:45:00",MLSP1,0.304001
D,DISPATCH,UNIT_SCADA,1,"2019/08/19 20:45:00",MLWF1,15.66
D,DISPATCH,UNIT_SCADA,1,"2019/08/19 20:45:00",MTMILLAR,5.915843
D,DISPATCH,UNIT_SCADA,1,"2019/08/19 20:45:00",PALOONA,12.57
D,DISPATCH,UNIT_SCADA,1,"2019/08/19 20:45:00",PIONEER,40.799999
D,DISPATCH,UNIT_SCADA,1,"2019/08/19 20:45:00",PORTWF,135.600006
D,DISPATCH,UNIT_SCADA,1,"2019/08/19 20:45:00",REPULSE,28.993973
D,DISPATCH,UNIT_SCADA,1,"2019/08/19 20:45:00",ROWALLAN,9.9826
D,DISPATCH,UNIT_SCADA,1,"2019/08/19 20:45:00",ROYALLA1,0
D,DISPATCH,UNIT_SCADA,1,"2019/08/19 20:45:00",RPCG,-2.10
D,DISPATCH,UNIT_SCADA,1,"2019/08/19 20:45:00",RUBICON,0
D,DISPATCH,UNIT_SCADA,1,"2019/08/19 20:45:00",SATGN1,0
D,DISPATCH,UNIT_SCADA,1,"2019/08/19 20:45:00",SATGS1,0
D,DISPATCH,UNIT_SCADA,1,"2019/08/19 20:45:00",STARHLWF,7.097930
D,DISPATCH,UNIT_SCADA,1,"2019/08/19 20:45:00",WAUBRAWF,103.497002
D,DISPATCH,UNIT_SCADA,1,"2019/08/19 20:45:00",WOOLNTH1,130.890015
D,DISPATCH,UNIT_SCADA,1,"2019/08/19 20:45:00",WPWF,19
D,DISPATCH,UNIT_SCADA,1,"2019/08/19 20:45:00",YAMBUKWF,13.60
D,DISPATCH,UNIT_SCADA,1,"2019/08/19 20:45:00",YSWF1,27.799999
D,DISPATCH,UNIT_SCADA,1,"2019/08/19 20:45:00",AGLHAL,0
D,DISPATCH,UNIT_SCADA,1,"2019/08/19 20:45:00",AGLSOM,39.70
D,DISPATCH,UNIT_SCADA,1,"2019/08/19 20:45:00",ANGAST1,0
D,DISPATCH,UNIT_SCADA,1,"2019/08/19 20:45:00",ARWF1,23.80
D,DISPATCH,UNIT_SCADA,1,"2019/08/19 20:45:00",BALBG1,9.44
D,DISPATCH,UNIT_SCADA,1,"2019/08/19 20:45:00",BALBL1,0
D,DISPATCH,UNIT_SCADA,1,"2019/08/19 20:45:00",BALDHWF1,103.3670
D,DISPATCH,UNIT_SCADA,1,"2019/08/19 20:45:00",BANN1,0
D,DISPATCH,UNIT_SCADA,1,"2019/08/19 20:45:00",BARCALDN,0
D,DISPATCH,UNIT_SCADA,1,"2019/08/19 20:45:00",BARRON-1,0
D,DISPATCH,UNIT_SCADA,1,"2019/08/19 20:45:00",BARRON-2,29
D,DISPATCH,UNIT_SCADA,1,"2019/08/19 20:45:00",BASTYAN,80.41
D,DISPATCH,UNIT_SCADA,1,"2019/08/19 20:45:00",BBTHREE1,0
D,DISPATCH,UNIT_SCADA,1,"2019/08/19 20:45:00",BBTHREE2,0
D,DISPATCH,UNIT_SCADA,1,"2019/08/19 20:45:00",BBTHREE3,0
D,DISPATCH,UNIT_SCADA,1,"2019/08/19 20:45:00",BDL01,42.54
D,DISPATCH,UNIT_SCADA,1,"2019/08/19 20:45:00",BDL02,44.52
D,DISPATCH,UNIT_SCADA,1,"2019/08/19 20:45:00",BERYLSF1,0
D,DISPATCH,UNIT_SCADA,1,"2019/08/19 20:45:00",BLOWERNG,0
D,DISPATCH,UNIT_SCADA,1,"2019/08/19 20:45:00",BLUFF1,21.60
D,DISPATCH,UNIT_SCADA,1,"2019/08/19 20:45:00",BNGSF1,0
D,DISPATCH,UNIT_SCADA,1,"2019/08/19 20:45:00",BNGSF2,0
D,DISPATCH,UNIT_SCADA,1,"2019/08/19 20:45:00",BOCORWF1,105.62
D,DISPATCH,UNIT_SCADA,1,"2019/08/19 20:45:00",BODWF1,47.342090
D,DISPATCH,UNIT_SCADA,1,"2019/08/19 20:45:00",BRAEMAR1,0
D,DISPATCH,UNIT_SCADA,1,"2019/08/19 20:45:00",BRAEMAR2,0
D,DISPATCH,UNIT_SCADA,1,"2019/08/19 20:45:00",BRAEMAR3,0
D,DISPATCH,UNIT_SCADA,1,"2019/08/19 20:45:00",BRAEMAR5,43.748420
D,DISPATCH,UNIT_SCADA,1,"2019/08/19 20:45:00",BRAEMAR6,0
D,DISPATCH,UNIT_SCADA,1,"2019/08/19 20:45:00",BRAEMAR7,130.570510
D,DISPATCH,UNIT_SCADA,1,"2019/08/19 20:45:00",BROKENH1,0
D,DISPATCH,UNIT_SCADA,1,"2019/08/19 20:45:00",BW01,657.724980
D,DISPATCH,UNIT_SCADA,1,"2019/08/19 20:45:00",BW02,659.974980
D,DISPATCH,UNIT_SCADA,1,"2019/08/19 20:45:00",BW03,635.275020
D,DISPATCH,UNIT_SCADA,1,"2019/08/19 20:45:00",BW04,0
D,DISPATCH,UNIT_SCADA,1,"2019/08/19 20:45:00",CALL_B_1,340
D,DISPATCH,UNIT_SCADA,1,"2019/08/19 20:45:00",CALL_B_2,280.100010
D,DISPATCH,UNIT_SCADA,1,"2019/08/19 20:45:00",CETHANA,69.624120
D,DISPATCH,UNIT_SCADA,1,"2019/08/19 20:45:00",CG1,0
D,DISPATCH,UNIT_SCADA,1,"2019/08/19 20:45:00",CG2,0
D,DISPATCH,UNIT_SCADA,1,"2019/08/19 20:45:00",CG3,0
D,DISPATCH,UNIT_SCADA,1,"2019/08/19 20:45:00",CG4,0
D,DISPATCH,UNIT_SCADA,1,"2019/08/19 20:45:00",CHILDSF1,0
D,DISPATCH,UNIT_SCADA,1,"2019/08/19 20:45:00",CLARESF1,0
D,DISPATCH,UNIT_SCADA,1,"2019/08/19 20:45:00",CLEMGPWF,9.580660
D,DISPATCH,UNIT_SCADA,1,"2019/08/19 20:45:00",CLERMSF1,0
D,DISPATCH,UNIT_SCADA,1,"2019/08/19 20:45:00",COLEASF1,0
D,DISPATCH,UNIT_SCADA,1,"2019/08/19 20:45:00",COOPGWF1,35.944690
D,DISPATCH,UNIT_SCADA,1,"2019/08/19 20:45:00",CPP_3,404.524990
D,DISPATCH,UNIT_SCADA,1,"2019/08/19 20:45:00",CPP_4,406.175020
D,DISPATCH,UNIT_SCADA,1,"2019/08/19 20:45:00",CPSA,142.146880
D,DISPATCH,UNIT_SCADA,1,"2019/08/19 20:45:00",CROOKWF2,41.223750
D,DISPATCH,UNIT_SCADA,1,"2019/08/19 20:45:00",CROWLWF1,25.558020
D,DISPATCH,UNIT_SCADA,1,"2019/08/19 20:45:00",CSPVPS1,0
D,DISPATCH,UNIT_SCADA,1,"2019/08/19 20:45:00",DALNTH01,0
D,DISPATCH,UNIT_SCADA,1,"2019/08/19 20:45:00",DALNTHL1,0.059510
D,DISPATCH,UNIT_SCADA,1,"2019/08/19 20:45:00",DARTM1,134.399990
D,DISPATCH,UNIT_SCADA,1,"2019/08/19 20:45:00",DAYDSF1,0
D,DISPATCH,UNIT_SCADA,1,"2019/08/19 20:45:00",DDPS1,564.364260
D,DISPATCH,UNIT_SCADA,1,"2019/08/19 20:45:00",DDSF1,0
D,DISPATCH,UNIT_SCADA,1,"2019/08/19 20:45:00",DEVILS_G,60.768460
D,DISPATCH,UNIT_SCADA,1,"2019/08/19 20:45:00",DG_NSW1,0
D,DISPATCH,UNIT_SCADA,1,"2019/08/19 20:45:00",DG_QLD1,0
D,DISPATCH,UNIT_SCADA,1,"2019/08/19 20:45:00",DG_SA1,0
D,DISPATCH,UNIT_SCADA,1,"2019/08/19 20:45:00",DG_TAS1,0
D,DISPATCH,UNIT_SCADA,1,"2019/08/19 20:45:00",DG_VIC1,0
D,DISPATCH,UNIT_SCADA,1,"2019/08/19 20:45:00",DRYCGT1,0
D,DISPATCH,UNIT_SCADA,1,"2019/08/19 20:45:00",DRYCGT2,0
D,DISPATCH,UNIT_SCADA,1,"2019/08/19 20:45:00",DRYCGT3,0
D,DISPATCH,UNIT_SCADA,1,"2019/08/19 20:45:00",EILDON1,0
D,DISPATCH,UNIT_SCADA,1,"2019/08/19 20:45:00",EILDON2,0
D,DISPATCH,UNIT_SCADA,1,"2019/08/19 20:45:00",EMERASF1,0
D,DISPATCH,UNIT_SCADA,1,"2019/08/19 20:45:00",ER01,594.025020
D,DISPATCH,UNIT_SCADA,1,"2019/08/19 20:45:00",ER02,697.599980
D,DISPATCH,UNIT_SCADA,1,"2019/08/19 20:45:00",ER03,698.224980
D,DISPATCH,UNIT_SCADA,1,"2019/08/19 20:45:00",ER04,698.3750
D,DISPATCH,UNIT_SCADA,1,"2019/08/19 20:45:00",FINLYSF1,0
D,DISPATCH,UNIT_SCADA,1,"2019/08/19 20:45:00",FISHER,45.87
D,DISPATCH,UNIT_SCADA,1,"2019/08/19 20:45:00",GANNBG1,9.9650
D,DISPATCH,UNIT_SCADA,1,"2019/08/19 20:45:00",GANNBL1,0
D,DISPATCH,UNIT_SCADA,1,"2019/08/19 20:45:00",GANNSF1,0
D,DISPATCH,UNIT_SCADA,1,"2019/08/19 20:45:00",GORDON,111.121350
D,DISPATCH,UNIT_SCADA,1,"2019/08/19 20:45:00",GSTONE1,207.3750
D,DISPATCH,UNIT_SCADA,1,"2019/08/19 20:45:00",GSTONE2,219.80
D,DISPATCH,UNIT_SCADA,1,"2019/08/19 20:45:00",GSTONE3,226.6250
D,DISPATCH,UNIT_SCADA,1,"2019/08/19 20:45:00",GSTONE4,227.149990
D,DISPATCH,UNIT_SCADA,1,"2019/08/19 20:45:00",GSTONE5,226.80
D,DISPATCH,UNIT_SCADA,1,"2019/08/19 20:45:00",GSTONE6,0
D,DISPATCH,UNIT_SCADA,1,"2019/08/19 20:45:00",GULLRSF1,0
D,DISPATCH,UNIT_SCADA,1,"2019/08/19 20:45:00",GULLRWF1,101.997530
D,DISPATCH,UNIT_SCADA,1,"2019/08/19 20:45:00",GUNNING1,41.499570
D,DISPATCH,UNIT_SCADA,1,"2019/08/19 20:45:00",GUTHEGA,0
D,DISPATCH,UNIT_SCADA,1,"2019/08/19 20:45:00",HALLWF1,51.98
D,DISPATCH,UNIT_SCADA,1,"2019/08/19 20:45:00",HALLWF2,21.87
D,DISPATCH,UNIT_SCADA,1,"2019/08/19 20:45:00",HAMISF1,0
D,DISPATCH,UNIT_SCADA,1,"2019/08/19 20:45:00",HAUGHT11,0
D,DISPATCH,UNIT_SCADA,1,"2019/08/19 20:45:00",HAYMSF1,0
D,DISPATCH,UNIT_SCADA,1,"2019/08/19 20:45:00",HDWF1,30.80
D,DISPATCH,UNIT_SCADA,1,"2019/08/19 20:45:00",HDWF2,24.70
D,DISPATCH,UNIT_SCADA,1,"2019/08/19 20:45:00",HDWF3,27.60
D,DISPATCH,UNIT_SCADA,1,"2019/08/19 20:45:00",HPRG1,8.20
D,DISPATCH,UNIT_SCADA,1,"2019/08/19 20:45:00",HPRL1,0
D,DISPATCH,UNIT_SCADA,1,"2019/08/19 20:45:00",HUMENSW,0
D,DISPATCH,UNIT_SCADA,1,"2019/08/19 20:45:00",HUMEV,9
D,DISPATCH,UNIT_SCADA,1,"2019/08/19 20:45:00",HVGTS,0
D,DISPATCH,UNIT_SCADA,1,"2019/08/19 20:45:00",JBUTTERS,139.87
D,DISPATCH,UNIT_SCADA,1,"2019/08/19 20:45:00",JLA01,0.50
D,DISPATCH,UNIT_SCADA,1,"2019/08/19 20:45:00",JLA02,0
D,DISPATCH,UNIT_SCADA,1,"2019/08/19 20:45:00",JLA03,0.10
D,DISPATCH,UNIT_SCADA,1,"2019/08/19 20:45:00",JLA04,0.10
D,DISPATCH,UNIT_SCADA,1,"2019/08/19 20:45:00",JLB01,0
D,DISPATCH,UNIT_SCADA,1,"2019/08/19 20:45:00",JLB02,29.50
D,DISPATCH,UNIT_SCADA,1,"2019/08/19 20:45:00",JLB03,29.60
D,DISPATCH,UNIT_SCADA,1,"2019/08/19 20:45:00",KAREEYA1,21.49
D,DISPATCH,UNIT_SCADA,1,"2019/08/19 20:45:00",KAREEYA2,21.5025
D,DISPATCH,UNIT_SCADA,1,"2019/08/19 20:45:00",KAREEYA3,0
D,DISPATCH,UNIT_SCADA,1,"2019/08/19 20:45:00",KAREEYA4,21.5550
D,DISPATCH,UNIT_SCADA,1,"2019/08/19 20:45:00",KARSF1,0
D,DISPATCH,UNIT_SCADA,1,"2019/08/19 20:45:00",KIATAWF1,29.60
D,DISPATCH,UNIT_SCADA,1,"2019/08/19 20:45:00",KPP_1,0
D,DISPATCH,UNIT_SCADA,1,"2019/08/19 20:45:00",KSP1,0
D,DISPATCH,UNIT_SCADA,1,"2019/08/19 20:45:00",LADBROK1,43.40
D,DISPATCH,UNIT_SCADA,1,"2019/08/19 20:45:00",LADBROK2,42.49
D,DISPATCH,UNIT_SCADA,1,"2019/08/19 20:45:00",LD01,417.112430
D,DISPATCH,UNIT_SCADA,1,"2019/08/19 20:45:00",LD02,419.043730
D,DISPATCH,UNIT_SCADA,1,"2019/08/19 20:45:00",LD03,416.531250
D,DISPATCH,UNIT_SCADA,1,"2019/08/19 20:45:00",LD04,376.406250
D,DISPATCH,UNIT_SCADA,1,"2019/08/19 20:45:00",LEM_WIL,80.231850
D,DISPATCH,UNIT_SCADA,1,"2019/08/19 20:45:00",LGAPWF1,3.20
D,DISPATCH,UNIT_SCADA,1,"2019/08/19 20:45:00",LILYSF1,0
D,DISPATCH,UNIT_SCADA,1,"2019/08/19 20:45:00",LI_WY_CA,143.868320
D,DISPATCH,UNIT_SCADA,1,"2019/08/19 20:45:00",LKBONNY2,149.815550
D,DISPATCH,UNIT_SCADA,1,"2019/08/19 20:45:00",LKBONNY3,36.563420
D,DISPATCH,UNIT_SCADA,1,"2019/08/19 20:45:00",LK_ECHO,0
D,DISPATCH,UNIT_SCADA,1,"2019/08/19 20:45:00",LNGS1,0
D,DISPATCH,UNIT_SCADA,1,"2019/08/19 20:45:00",LNGS2,0
D,DISPATCH,UNIT_SCADA,1,"2019/08/19 20:45:00",LONSDALE,0
D,DISPATCH,UNIT_SCADA,1,"2019/08/19 20:45:00",LOYYB1,530.449340
D,DISPATCH,UNIT_SCADA,1,"2019/08/19 20:45:00",LOYYB2,581.202510
D,DISPATCH,UNIT_SCADA,1,"2019/08/19 20:45:00",LYA1,559
D,DISPATCH,UNIT_SCADA,1,"2019/08/19 20:45:00",LYA2,0
D,DISPATCH,UNIT_SCADA,1,"2019/08/19 20:45:00",LYA3,559
D,DISPATCH,UNIT_SCADA,1,"2019/08/19 20:45:00",LYA4,540
D,DISPATCH,UNIT_SCADA,1,"2019/08/19 20:45:00",MACARTH1,158.696330
D,DISPATCH,UNIT_SCADA,1,"2019/08/19 20:45:00",MACKAYGT,0
D,DISPATCH,UNIT_SCADA,1,"2019/08/19 20:45:00",MACKNTSH,85.19
D,DISPATCH,UNIT_SCADA,1,"2019/08/19 20:45:00",MANSLR1,0
D,DISPATCH,UNIT_SCADA,1,"2019/08/19 20:45:00",MCKAY1,0.02
D,DISPATCH,UNIT_SCADA,1,"2019/08/19 20:45:00",MEADOWBK,33.895880
D,DISPATCH,UNIT_SCADA,1,"2019/08/19 20:45:00",MERCER01,110.0110
D,DISPATCH,UNIT_SCADA,1,"2019/08/19 20:45:00",MEWF1,145.375230
D,DISPATCH,UNIT_SCADA,1,"2019/08/19 20:45:00",MINTARO,0
D,DISPATCH,UNIT_SCADA,1,"2019/08/19 20:45:00",MOREESF1,0
D,DISPATCH,UNIT_SCADA,1,"2019/08/19 20:45:00",MORTLK11,124
D,DISPATCH,UNIT_SCADA,1,"2019/08/19 20:45:00",MORTLK12,0
D,DISPATCH,UNIT_SCADA,1,"2019/08/19 20:45:00",MP1,280.25
D,DISPATCH,UNIT_SCADA,1,"2019/08/19 20:45:00",MP2,0
D,DISPATCH,UNIT_SCADA,1,"2019/08/19 20:45:00",MPP_1,428.50
D,DISPATCH,UNIT_SCADA,1,"2019/08/19 20:45:00",MPP_2,434.75
D,DISPATCH,UNIT_SCADA,1,"2019/08/19 20:45:00",MSTUART1,0
D,DISPATCH,UNIT_SCADA,1,"2019/08/19 20:45:00",MSTUART2,0
D,DISPATCH,UNIT_SCADA,1,"2019/08/19 20:45:00",MSTUART3,0
D,DISPATCH,UNIT_SCADA,1,"2019/08/19 20:45:00",MTGELWF1,60.901210
D,DISPATCH,UNIT_SCADA,1,"2019/08/19 20:45:00",MURRAY,0
D,DISPATCH,UNIT_SCADA,1,"2019/08/19 20:45:00",MUSSELR1,163.50
D,DISPATCH,UNIT_SCADA,1,"2019/08/19 20:45:00",MUWAWF1,59.25
D,DISPATCH,UNIT_SCADA,1,"2019/08/19 20:45:00",NBHWF1,51.80
D,DISPATCH,UNIT_SCADA,1,"2019/08/19 20:45:00",NPS,507.3750
D,DISPATCH,UNIT_SCADA,1,"2019/08/19 20:45:00",NUMURSF1,0
D,DISPATCH,UNIT_SCADA,1,"2019/08/19 20:45:00",NYNGAN1,0
D,DISPATCH,UNIT_SCADA,1,"2019/08/19 20:45:00",OAKEY1,0
D,DISPATCH,UNIT_SCADA,1,"2019/08/19 20:45:00",OAKEY1SF,0.05
D,DISPATCH,UNIT_SCADA,1,"2019/08/19 20:45:00",OAKEY2,0
D,DISPATCH,UNIT_SCADA,1,"2019/08/19 20:45:00",OAKLAND1,51.90
D,DISPATCH,UNIT_SCADA,1,"2019/08/19 20:45:00",OSB-AG,184.50
D,DISPATCH,UNIT_SCADA,1,"2019/08/19 20:45:00",PARSF1,0
D,DISPATCH,UNIT_SCADA,1,"2019/08/19 20:45:00",POAT110,1.316320
D,DISPATCH,UNIT_SCADA,1,"2019/08/19 20:45:00",POAT220,118.545210
D,DISPATCH,UNIT_SCADA,1,"2019/08/19 20:45:00",POR01,0
D,DISPATCH,UNIT_SCADA,1,"2019/08/19 20:45:00",POR03,0
D,DISPATCH,UNIT_SCADA,1,"2019/08/19 20:45:00",PPCCGT,498.366880
D,DISPATCH,UNIT_SCADA,1,"2019/08/19 20:45:00",PTSTAN1,0
D,DISPATCH,UNIT_SCADA,1,"2019/08/19 20:45:00",PUMP1,0
D,DISPATCH,UNIT_SCADA,1,"2019/08/19 20:45:00",PUMP2,0
D,DISPATCH,UNIT_SCADA,1,"2019/08/19 20:45:00",QPS1,29
D,DISPATCH,UNIT_SCADA,1,"2019/08/19 20:45:00",QPS2,0
D,DISPATCH,UNIT_SCADA,1,"2019/08/19 20:45:00",QPS3,24
D,DISPATCH,UNIT_SCADA,1,"2019/08/19 20:45:00",QPS4,24.20
D,DISPATCH,UNIT_SCADA,1,"2019/08/19 20:45:00",QPS5,0
D,DISPATCH,UNIT_SCADA,1,"2019/08/19 20:45:00",REECE1,114.20
D,DISPATCH,UNIT_SCADA,1,"2019/08/19 20:45:00",REECE2,112.730010
D,DISPATCH,UNIT_SCADA,1,"2019/08/19 20:45:00",ROMA_7,0
D,DISPATCH,UNIT_SCADA,1,"2019/08/19 20:45:00",ROMA_8,0
D,DISPATCH,UNIT_SCADA,1,"2019/08/19 20:45:00",RRSF1,0
D,DISPATCH,UNIT_SCADA,1,"2019/08/19 20:45:00",RT_NSW1,0
D,DISPATCH,UNIT_SCADA,1,"2019/08/19 20:45:00",RT_NSW2,0
D,DISPATCH,UNIT_SCADA,1,"2019/08/19 20:45:00",RT_NSW3,0
D,DISPATCH,UNIT_SCADA,1,"2019/08/19 20:45:00",RT_NSW4,0
D,DISPATCH,UNIT_SCADA,1,"2019/08/19 20:45:00",RT_NSW5,0
D,DISPATCH,UNIT_SCADA,1,"2019/08/19 20:45:00",RT_NSW6,0
D,DISPATCH,UNIT_SCADA,1,"2019/08/19 20:45:00",RT_QLD1,0
D,DISPATCH,UNIT_SCADA,1,"2019/08/19 20:45:00",RT_SA1,0
D,DISPATCH,UNIT_SCADA,1,"2019/08/19 20:45:00",RT_SA2,0
D,DISPATCH,UNIT_SCADA,1,"2019/08/19 20:45:00",RT_SA3,0
D,DISPATCH,UNIT_SCADA,1,"2019/08/19 20:45:00",RT_SA4,0
D,DISPATCH,UNIT_SCADA,1,"2019/08/19 20:45:00",RT_SA5,0
D,DISPATCH,UNIT_SCADA,1,"2019/08/19 20:45:00",RT_SA6,0
D,DISPATCH,UNIT_SCADA,1,"2019/08/19 20:45:00",RT_TAS1,0
D,DISPATCH,UNIT_SCADA,1,"2019/08/19 20:45:00",RT_VIC1,0
D,DISPATCH,UNIT_SCADA,1,"2019/08/19 20:45:00",RT_VIC10,0
D,DISPATCH,UNIT_SCADA,1,"2019/08/19 20:45:00",RT_VIC11,0
D,DISPATCH,UNIT_SCADA,1,"2019/08/19 20:45:00",RT_VIC12,0
D,DISPATCH,UNIT_SCADA,1,"2019/08/19 20:45:00",RT_VIC2,0
D,DISPATCH,UNIT_SCADA,1,"2019/08/19 20:45:00",RT_VIC3,0
D,DISPATCH,UNIT_SCADA,1,"2019/08/19 20:45:00",RT_VIC4,0
D,DISPATCH,UNIT_SCADA,1,"2019/08/19 20:45:00",RT_VIC5,0
D,DISPATCH,UNIT_SCADA,1,"2019/08/19 20:45:00",RT_VIC6,0
D,DISPATCH,UNIT_SCADA,1,"2019/08/19 20:45:00",RT_VIC7,0
D,DISPATCH,UNIT_SCADA,1,"2019/08/19 20:45:00",RT_VIC8,0
D,DISPATCH,UNIT_SCADA,1,"2019/08/19 20:45:00",RT_VIC9,0
D,DISPATCH,UNIT_SCADA,1,"2019/08/19 20:45:00",RUGBYR1,0
D,DISPATCH,UNIT_SCADA,1,"2019/08/19 20:45:00",SALTCRK1,34.99
D,DISPATCH,UNIT_SCADA,1,"2019/08/19 20:45:00",SAPHWF1,249.356260
D,DISPATCH,UNIT_SCADA,1,"2019/08/19 20:45:00",SHGEN,203.024480
D,DISPATCH,UNIT_SCADA,1,"2019/08/19 20:45:00",SHPUMP,0
D,DISPATCH,UNIT_SCADA,1,"2019/08/19 20:45:00",SITHE01,0.043330
D,DISPATCH,UNIT_SCADA,1,"2019/08/19 20:45:00",SMCSF1,0
D,DISPATCH,UNIT_SCADA,1,"2019/08/19 20:45:00",SNOWNTH1,22
D,DISPATCH,UNIT_SCADA,1,"2019/08/19 20:45:00",SNOWSTH1,27.80
D,DISPATCH,UNIT_SCADA,1,"2019/08/19 20:45:00",SNOWTWN1,18.570040
D,DISPATCH,UNIT_SCADA,1,"2019/08/19 20:45:00",SNOWYP,0
D,DISPATCH,UNIT_SCADA,1,"2019/08/19 20:45:00",SNUG1,0.019440
D,DISPATCH,UNIT_SCADA,1,"2019/08/19 20:45:00",SRSF1,0.30
D,DISPATCH,UNIT_SCADA,1,"2019/08/19 20:45:00",STAN-1,0
D,DISPATCH,UNIT_SCADA,1,"2019/08/19 20:45:00",STAN-2,312.113430
D,DISPATCH,UNIT_SCADA,1,"2019/08/19 20:45:00",STAN-3,314.138640
D,DISPATCH,UNIT_SCADA,1,"2019/08/19 20:45:00",STAN-4,311.164920
D,DISPATCH,UNIT_SCADA,1,"2019/08/19 20:45:00",STWF1,40.320010
D,DISPATCH,UNIT_SCADA,1,"2019/08/19 20:45:00",SWAN_E,0
D,DISPATCH,UNIT_SCADA,1,"2019/08/19 20:45:00",TALWA1,423
D,DISPATCH,UNIT_SCADA,1,"2019/08/19 20:45:00",TARALGA1,90.2260
D,DISPATCH,UNIT_SCADA,1,"2019/08/19 20:45:00",TARONG#1,332.399990
D,DISPATCH,UNIT_SCADA,1,"2019/08/19 20:45:00",TARONG#2,332.600010
D,DISPATCH,UNIT_SCADA,1,"2019/08/19 20:45:00",TARONG#3,260.300020
D,DISPATCH,UNIT_SCADA,1,"2019/08/19 20:45:00",TARONG#4,331.200010
D,DISPATCH,UNIT_SCADA,1,"2019/08/19 20:45:00",TARRALEA,79.10
D,DISPATCH,UNIT_SCADA,1,"2019/08/19 20:45:00",TBSF1,-0.20
D,DISPATCH,UNIT_SCADA,1,"2019/08/19 20:45:00",TNPS1,442.000030
D,DISPATCH,UNIT_SCADA,1,"2019/08/19 20:45:00",TORRA1,102.450960
D,DISPATCH,UNIT_SCADA,1,"2019/08/19 20:45:00",TORRA2,0
D,DISPATCH,UNIT_SCADA,1,"2019/08/19 20:45:00",TORRA3,53.507980
D,DISPATCH,UNIT_SCADA,1,"2019/08/19 20:45:00",TORRA4,0
D,DISPATCH,UNIT_SCADA,1,"2019/08/19 20:45:00",TORRB1,115.44
D,DISPATCH,UNIT_SCADA,1,"2019/08/19 20:45:00",TORRB2,194.789990
D,DISPATCH,UNIT_SCADA,1,"2019/08/19 20:45:00",TORRB3,0
D,DISPATCH,UNIT_SCADA,1,"2019/08/19 20:45:00",TORRB4,0
D,DISPATCH,UNIT_SCADA,1,"2019/08/19 20:45:00",TREVALLN,40.070010
D,DISPATCH,UNIT_SCADA,1,"2019/08/19 20:45:00",TRIBUTE,83.88
D,DISPATCH,UNIT_SCADA,1,"2019/08/19 20:45:00",TUMUT3,379.84
D,DISPATCH,UNIT_SCADA,1,"2019/08/19 20:45:00",TUNGATIN,119.950040
D,DISPATCH,UNIT_SCADA,1,"2019/08/19 20:45:00",TVCC201,0
D,DISPATCH,UNIT_SCADA,1,"2019/08/19 20:45:00",TVPP104,57.748420
D,DISPATCH,UNIT_SCADA,1,"2019/08/19 20:45:00",UPPTUMUT,192.506870
D,DISPATCH,UNIT_SCADA,1,"2019/08/19 20:45:00",URANQ11,0
D,DISPATCH,UNIT_SCADA,1,"2019/08/19 20:45:00",URANQ12,0
D,DISPATCH,UNIT_SCADA,1,"2019/08/19 20:45:00",URANQ13,0
D,DISPATCH,UNIT_SCADA,1,"2019/08/19 20:45:00",URANQ14,0
D,DISPATCH,UNIT_SCADA,1,"2019/08/19 20:45:00",VP5,633.400020
D,DISPATCH,UNIT_SCADA,1,"2019/08/19 20:45:00",VP6,631.049990
D,DISPATCH,UNIT_SCADA,1,"2019/08/19 20:45:00",VPGS1,0
D,DISPATCH,UNIT_SCADA,1,"2019/08/19 20:45:00",VPGS2,0
D,DISPATCH,UNIT_SCADA,1,"2019/08/19 20:45:00",VPGS3,0
D,DISPATCH,UNIT_SCADA,1,"2019/08/19 20:45:00",VPGS4,0
D,DISPATCH,UNIT_SCADA,1,"2019/08/19 20:45:00",VPGS5,0
D,DISPATCH,UNIT_SCADA,1,"2019/08/19 20:45:00",VPGS6,0
D,DISPATCH,UNIT_SCADA,1,"2019/08/19 20:45:00",W/HOE#1,201.61
D,DISPATCH,UNIT_SCADA,1,"2019/08/19 20:45:00",W/HOE#2,0
D,DISPATCH,UNIT_SCADA,1,"2019/08/19 20:45:00",WATERLWF,64.10
D,DISPATCH,UNIT_SCADA,1,"2019/08/19 20:45:00",WEMENSF1,0
D,DISPATCH,UNIT_SCADA,1,"2019/08/19 20:45:00",WGWF1,45.50
D,DISPATCH,UNIT_SCADA,1,"2019/08/19 20:45:00",WHITSF1,0
D,DISPATCH,UNIT_SCADA,1,"2019/08/19 20:45:00",WKIEWA1,0
D,DISPATCH,UNIT_SCADA,1,"2019/08/19 20:45:00",WKIEWA2,15.30
D,DISPATCH,UNIT_SCADA,1,"2019/08/19 20:45:00",WOODLWN1,45.0630
D,DISPATCH,UNIT_SCADA,1,"2019/08/19 20:45:00",WRSF1,0
D,DISPATCH,UNIT_SCADA,1,"2019/08/19 20:45:00",WRWF1,143.076230
D,DISPATCH,UNIT_SCADA,1,"2019/08/19 20:45:00",YABULU,0
D,DISPATCH,UNIT_SCADA,1,"2019/08/19 20:45:00",YABULU2,0
D,DISPATCH,UNIT_SCADA,1,"2019/08/19 20:45:00",YARWUN_1,0
D,DISPATCH,UNIT_SCADA,1,"2019/08/19 20:45:00",YENDWF1,42.17
D,DISPATCH,UNIT_SCADA,1,"2019/08/19 20:45:00",YWPS1,378.6962
D,DISPATCH,UNIT_SCADA,1,"2019/08/19 20:45:00",YWPS2,279.946840
D,DISPATCH,UNIT_SCADA,1,"2019/08/19 20:45:00",YWPS3,0
D,DISPATCH,UNIT_SCADA,1,"2019/08/19 20:45:00",YWPS4,397.496220
C,"END OF REPORT",334
