C,NEMP.WORLD,DISPATCHSCADA,AEMO,PUBLIC,2019/09/04,17:55:07,0000000312391710,DISPATCHSCADA,0000000312391704
I,DISPATCH,UNIT_SCADA,1,SETTLEMENTDATE,DUID,SCADAVALUE
D,DISPATCH,UNIT_SCADA,1,"2019/09/04 18:00:00",BARCSF1,0.80
D,DISPATCH,UNIT_SCADA,1,"2019/09/04 18:00:00",BUTLERSG,10.199999
D,DISPATCH,UNIT_SCADA,1,"2019/09/04 18:00:00",CALL_A_4,0
D,DISPATCH,UNIT_SCADA,1,"2019/09/04 18:00:00",CAPTL_WF,15.599998
D,DISPATCH,UNIT_SCADA,1,"2019/09/04 18:00:00",CATHROCK,0
D,DISPATCH,UNIT_SCADA,1,"2019/09/04 18:00:00",CHALLHWF,3.50
D,DISPATCH,UNIT_SCADA,1,"2019/09/04 18:00:00",CLOVER,-0.01
D,DISPATCH,UNIT_SCADA,1,"2019/09/04 18:00:00",CLUNY,12.254063
D,DISPATCH,UNIT_SCADA,1,"2019/09/04 18:00:00",CNUNDAWF,0.400467
D,DISPATCH,UNIT_SCADA,1,"2019/09/04 18:00:00",CULLRGWF,18.209999
D,DISPATCH,UNIT_SCADA,1,"2019/09/04 18:00:00",ERGT01,0
D,DISPATCH,UNIT_SCADA,1,"2019/09/04 18:00:00",GB01,0.012703
D,DISPATCH,UNIT_SCADA,1,"2019/09/04 18:00:00",GERMCRK,37.599998
D,DISPATCH,UNIT_SCADA,1,"2019/09/04 18:00:00",GRIFSF1,0.100006
D,DISPATCH,UNIT_SCADA,1,"2019/09/04 18:00:00",HUGSF1,0.2270
D,DISPATCH,UNIT_SCADA,1,"2019/09/04 18:00:00",LKBONNY1,-0.449338
D,DISPATCH,UNIT_SCADA,1,"2019/09/04 18:00:00",LRSF1,0.2890
D,DISPATCH,UNIT_SCADA,1,"2019/09/04 18:00:00",MBAHNTH,46.387497
D,DISPATCH,UNIT_SCADA,1,"2019/09/04 18:00:00",MLSP1,0.366001
D,DISPATCH,UNIT_SCADA,1,"2019/09/04 18:00:00",MLWF1,0.15
D,DISPATCH,UNIT_SCADA,1,"2019/09/04 18:00:00",MTMILLAR,0.089296
D,DISPATCH,UNIT_SCADA,1,"2019/09/04 18:00:00",PALOONA,24.209999
D,DISPATCH,UNIT_SCADA,1,"2019/09/04 18:00:00",PIONEER,41.600002
D,DISPATCH,UNIT_SCADA,1,"2019/09/04 18:00:00",PORTWF,0
D,DISPATCH,UNIT_SCADA,1,"2019/09/04 18:00:00",REPULSE,20.293888
D,DISPATCH,UNIT_SCADA,1,"2019/09/04 18:00:00",ROWALLAN,10.3660
D,DISPATCH,UNIT_SCADA,1,"2019/09/04 18:00:00",ROYALLA1,0
D,DISPATCH,UNIT_SCADA,1,"2019/09/04 18:00:00",RPCG,-1.80
D,DISPATCH,UNIT_SCADA,1,"2019/09/04 18:00:00",RUBICON,0
D,DISPATCH,UNIT_SCADA,1,"2019/09/04 18:00:00",SATGN1,0
D,DISPATCH,UNIT_SCADA,1,"2019/09/04 18:00:00",SATGS1,29.830002
D,DISPATCH,UNIT_SCADA,1,"2019/09/04 18:00:00",STARHLWF,-0.099971
D,DISPATCH,UNIT_SCADA,1,"2019/09/04 18:00:00",WAUBRAWF,17.750999
D,DISPATCH,UNIT_SCADA,1,"2019/09/04 18:00:00",WOOLNTH1,53.030014
D,DISPATCH,UNIT_SCADA,1,"2019/09/04 18:00:00",WPWF,0
D,DISPATCH,UNIT_SCADA,1,"2019/09/04 18:00:00",YAMBUKWF,0.50
D,DISPATCH,UNIT_SCADA,1,"2019/09/04 18:00:00",YSWF1,0.80
D,DISPATCH,UNIT_SCADA,1,"2019/09/04 18:00:00",AGLHAL,0
D,DISPATCH,UNIT_SCADA,1,"2019/09/04 18:00:00",AGLSOM,118.50
D,DISPATCH,UNIT_SCADA,1,"2019/09/04 18:00:00",ANGAST1,0
D,DISPATCH,UNIT_SCADA,1,"2019/09/04 18:00:00",ARWF1,23.40
D,DISPATCH,UNIT_SCADA,1,"2019/09/04 18:00:00",BALBG1,0
D,DISPATCH,UNIT_SCADA,1,"2019/09/04 18:00:00",BALBL1,0
D,DISPATCH,UNIT_SCADA,1,"2019/09/04 18:00:00",BALDHWF1,15.2450
D,DISPATCH,UNIT_SCADA,1,"2019/09/04 18:00:00",BANN1,1.08
D,DISPATCH,UNIT_SCADA,1,"2019/09/04 18:00:00",BARCALDN,0
D,DISPATCH,UNIT_SCADA,1,"2019/09/04 18:00:00",BARRON-1,33.28
D,DISPATCH,UNIT_SCADA,1,"2019/09/04 18:00:00",BARRON-2,0
D,DISPATCH,UNIT_SCADA,1,"2019/09/04 18:00:00",BASTYAN,80.220010
D,DISPATCH,UNIT_SCADA,1,"2019/09/04 18:00:00",BBTHREE1,0
D,DISPATCH,UNIT_SCADA,1,"2019/09/04 18:00:00",BBTHREE2,0
D,DISPATCH,UNIT_SCADA,1,"2019/09/04 18:00:00",BBTHREE3,0
D,DISPATCH,UNIT_SCADA,1,"2019/09/04 18:00:00",BDL01,43.62
D,DISPATCH,UNIT_SCADA,1,"2019/09/04 18:00:00",BDL02,43.62
D,DISPATCH,UNIT_SCADA,1,"2019/09/04 18:00:00",BERYLSF1,0
D,DISPATCH,UNIT_SCADA,1,"2019/09/04 18:00:00",BLOWERNG,11.10
D,DISPATCH,UNIT_SCADA,1,"2019/09/04 18:00:00",BLUFF1,1.90
D,DISPATCH,UNIT_SCADA,1,"2019/09/04 18:00:00",BNGSF1,8.88
D,DISPATCH,UNIT_SCADA,1,"2019/09/04 18:00:00",BNGSF2,1.89
D,DISPATCH,UNIT_SCADA,1,"2019/09/04 18:00:00",BOCORWF1,40.70
D,DISPATCH,UNIT_SCADA,1,"2019/09/04 18:00:00",BODWF1,74.842420
D,DISPATCH,UNIT_SCADA,1,"2019/09/04 18:00:00",BRAEMAR1,156.600010
D,DISPATCH,UNIT_SCADA,1,"2019/09/04 18:00:00",BRAEMAR2,0
D,DISPATCH,UNIT_SCADA,1,"2019/09/04 18:00:00",BRAEMAR3,171.600010
D,DISPATCH,UNIT_SCADA,1,"2019/09/04 18:00:00",BRAEMAR5,159.796550
D,DISPATCH,UNIT_SCADA,1,"2019/09/04 18:00:00",BRAEMAR6,0
D,DISPATCH,UNIT_SCADA,1,"2019/09/04 18:00:00",BRAEMAR7,0
D,DISPATCH,UNIT_SCADA,1,"2019/09/04 18:00:00",BROKENH1,2.969480
D,DISPATCH,UNIT_SCADA,1,"2019/09/04 18:00:00",BW01,658.474980
D,DISPATCH,UNIT_SCADA,1,"2019/09/04 18:00:00",BW02,655.449950
D,DISPATCH,UNIT_SCADA,1,"2019/09/04 18:00:00",BW03,623.925050
D,DISPATCH,UNIT_SCADA,1,"2019/09/04 18:00:00",BW04,0
D,DISPATCH,UNIT_SCADA,1,"2019/09/04 18:00:00",CALL_B_1,160
D,DISPATCH,UNIT_SCADA,1,"2019/09/04 18:00:00",CALL_B_2,159.20
D,DISPATCH,UNIT_SCADA,1,"2019/09/04 18:00:00",CETHANA,79.922620
D,DISPATCH,UNIT_SCADA,1,"2019/09/04 18:00:00",CG1,0
D,DISPATCH,UNIT_SCADA,1,"2019/09/04 18:00:00",CG2,0
D,DISPATCH,UNIT_SCADA,1,"2019/09/04 18:00:00",CG3,0
D,DISPATCH,UNIT_SCADA,1,"2019/09/04 18:00:00",CG4,0
D,DISPATCH,UNIT_SCADA,1,"2019/09/04 18:00:00",CHILDSF1,0
D,DISPATCH,UNIT_SCADA,1,"2019/09/04 18:00:00",CLARESF1,0
D,DISPATCH,UNIT_SCADA,1,"2019/09/04 18:00:00",CLEMGPWF,3.961930
D,DISPATCH,UNIT_SCADA,1,"2019/09/04 18:00:00",CLERMSF1,0.18
D,DISPATCH,UNIT_SCADA,1,"2019/09/04 18:00:00",COLEASF1,0
D,DISPATCH,UNIT_SCADA,1,"2019/09/04 18:00:00",COOPGWF1,25.541240
D,DISPATCH,UNIT_SCADA,1,"2019/09/04 18:00:00",CPP_3,405.075010
D,DISPATCH,UNIT_SCADA,1,"2019/09/04 18:00:00",CPP_4,249.4250
D,DISPATCH,UNIT_SCADA,1,"2019/09/04 18:00:00",CPSA,141.1925
D,DISPATCH,UNIT_SCADA,1,"2019/09/04 18:00:00",CROOKWF2,70.023740
D,DISPATCH,UNIT_SCADA,1,"2019/09/04 18:00:00",CROWLWF1,14.2761
D,DISPATCH,UNIT_SCADA,1,"2019/09/04 18:00:00",CSPVPS1,0.3710
D,DISPATCH,UNIT_SCADA,1,"2019/09/04 18:00:00",DALNTH01,0
D,DISPATCH,UNIT_SCADA,1,"2019/09/04 18:00:00",DALNTHL1,0.080870
D,DISPATCH,UNIT_SCADA,1,"2019/09/04 18:00:00",DARTM1,133.80
D,DISPATCH,UNIT_SCADA,1,"2019/09/04 18:00:00",DAYDSF1,0
D,DISPATCH,UNIT_SCADA,1,"2019/09/04 18:00:00",DDPS1,400.518070
D,DISPATCH,UNIT_SCADA,1,"2019/09/04 18:00:00",DDSF1,0
D,DISPATCH,UNIT_SCADA,1,"2019/09/04 18:00:00",DEVILS_G,56.425060
D,DISPATCH,UNIT_SCADA,1,"2019/09/04 18:00:00",DG_NSW1,0
D,DISPATCH,UNIT_SCADA,1,"2019/09/04 18:00:00",DG_QLD1,0
D,DISPATCH,UNIT_SCADA,1,"2019/09/04 18:00:00",DG_SA1,0
D,DISPATCH,UNIT_SCADA,1,"2019/09/04 18:00:00",DG_TAS1,0
D,DISPATCH,UNIT_SCADA,1,"2019/09/04 18:00:00",DG_VIC1,0
D,DISPATCH,UNIT_SCADA,1,"2019/09/04 18:00:00",DRYCGT1,0
D,DISPATCH,UNIT_SCADA,1,"2019/09/04 18:00:00",DRYCGT2,0
D,DISPATCH,UNIT_SCADA,1,"2019/09/04 18:00:00",DRYCGT3,0
D,DISPATCH,UNIT_SCADA,1,"2019/09/04 18:00:00",EILDON1,0
D,DISPATCH,UNIT_SCADA,1,"2019/09/04 18:00:00",EILDON2,0
D,DISPATCH,UNIT_SCADA,1,"2019/09/04 18:00:00",EMERASF1,0.08
D,DISPATCH,UNIT_SCADA,1,"2019/09/04 18:00:00",ER01,593.8501
D,DISPATCH,UNIT_SCADA,1,"2019/09/04 18:00:00",ER02,699.050050
D,DISPATCH,UNIT_SCADA,1,"2019/09/04 18:00:00",ER03,0
D,DISPATCH,UNIT_SCADA,1,"2019/09/04 18:00:00",ER04,699.8750
D,DISPATCH,UNIT_SCADA,1,"2019/09/04 18:00:00",FINLYSF1,0
D,DISPATCH,UNIT_SCADA,1,"2019/09/04 18:00:00",FISHER,45.92
D,DISPATCH,UNIT_SCADA,1,"2019/09/04 18:00:00",GANNBG1,13.777410
D,DISPATCH,UNIT_SCADA,1,"2019/09/04 18:00:00",GANNBL1,0
D,DISPATCH,UNIT_SCADA,1,"2019/09/04 18:00:00",GANNSF1,0.10
D,DISPATCH,UNIT_SCADA,1,"2019/09/04 18:00:00",GORDON,35.942480
D,DISPATCH,UNIT_SCADA,1,"2019/09/04 18:00:00",GSTONE1,255.6750
D,DISPATCH,UNIT_SCADA,1,"2019/09/04 18:00:00",GSTONE2,230.474990
D,DISPATCH,UNIT_SCADA,1,"2019/09/04 18:00:00",GSTONE3,0
D,DISPATCH,UNIT_SCADA,1,"2019/09/04 18:00:00",GSTONE4,257.424990
D,DISPATCH,UNIT_SCADA,1,"2019/09/04 18:00:00",GSTONE5,256.725010
D,DISPATCH,UNIT_SCADA,1,"2019/09/04 18:00:00",GSTONE6,255.849990
D,DISPATCH,UNIT_SCADA,1,"2019/09/04 18:00:00",GULLRSF1,0
D,DISPATCH,UNIT_SCADA,1,"2019/09/04 18:00:00",GULLRWF1,87.293370
D,DISPATCH,UNIT_SCADA,1,"2019/09/04 18:00:00",GUNNING1,14.902480
D,DISPATCH,UNIT_SCADA,1,"2019/09/04 18:00:00",GUTHEGA,31.10
D,DISPATCH,UNIT_SCADA,1,"2019/09/04 18:00:00",HALLWF1,5.79
D,DISPATCH,UNIT_SCADA,1,"2019/09/04 18:00:00",HALLWF2,9.99
D,DISPATCH,UNIT_SCADA,1,"2019/09/04 18:00:00",HAMISF1,0
D,DISPATCH,UNIT_SCADA,1,"2019/09/04 18:00:00",HAUGHT11,0
D,DISPATCH,UNIT_SCADA,1,"2019/09/04 18:00:00",HAYMSF1,0
D,DISPATCH,UNIT_SCADA,1,"2019/09/04 18:00:00",HDWF1,9.70
D,DISPATCH,UNIT_SCADA,1,"2019/09/04 18:00:00",HDWF2,12.90
D,DISPATCH,UNIT_SCADA,1,"2019/09/04 18:00:00",HDWF3,12.80
D,DISPATCH,UNIT_SCADA,1,"2019/09/04 18:00:00",HPRG1,0
D,DISPATCH,UNIT_SCADA,1,"2019/09/04 18:00:00",HPRL1,36.30
D,DISPATCH,UNIT_SCADA,1,"2019/09/04 18:00:00",HUMENSW,0
D,DISPATCH,UNIT_SCADA,1,"2019/09/04 18:00:00",HUMEV,25
D,DISPATCH,UNIT_SCADA,1,"2019/09/04 18:00:00",HVGTS,0
D,DISPATCH,UNIT_SCADA,1,"2019/09/04 18:00:00",JBUTTERS,112.45
D,DISPATCH,UNIT_SCADA,1,"2019/09/04 18:00:00",JLA01,52.20
D,DISPATCH,UNIT_SCADA,1,"2019/09/04 18:00:00",JLA02,54
D,DISPATCH,UNIT_SCADA,1,"2019/09/04 18:00:00",JLA03,0
D,DISPATCH,UNIT_SCADA,1,"2019/09/04 18:00:00",JLA04,0
D,DISPATCH,UNIT_SCADA,1,"2019/09/04 18:00:00",JLB01,0
D,DISPATCH,UNIT_SCADA,1,"2019/09/04 18:00:00",JLB02,84.40
D,DISPATCH,UNIT_SCADA,1,"2019/09/04 18:00:00",JLB03,83.90
D,DISPATCH,UNIT_SCADA,1,"2019/09/04 18:00:00",KAREEYA1,21.5225
D,DISPATCH,UNIT_SCADA,1,"2019/09/04 18:00:00",KAREEYA2,21.6375
D,DISPATCH,UNIT_SCADA,1,"2019/09/04 18:00:00",KAREEYA3,0
D,DISPATCH,UNIT_SCADA,1,"2019/09/04 18:00:00",KAREEYA4,21.76
D,DISPATCH,UNIT_SCADA,1,"2019/09/04 18:00:00",KARSF1,2.20
D,DISPATCH,UNIT_SCADA,1,"2019/09/04 18:00:00",KIATAWF1,1.60
D,DISPATCH,UNIT_SCADA,1,"2019/09/04 18:00:00",KPP_1,0
D,DISPATCH,UNIT_SCADA,1,"2019/09/04 18:00:00",KSP1,5.06
D,DISPATCH,UNIT_SCADA,1,"2019/09/04 18:00:00",LADBROK1,40.96
D,DISPATCH,UNIT_SCADA,1,"2019/09/04 18:00:00",LADBROK2,41.60
D,DISPATCH,UNIT_SCADA,1,"2019/09/04 18:00:00",LD01,424.406250
D,DISPATCH,UNIT_SCADA,1,"2019/09/04 18:00:00",LD02,402.468750
D,DISPATCH,UNIT_SCADA,1,"2019/09/04 18:00:00",LD03,419.550020
D,DISPATCH,UNIT_SCADA,1,"2019/09/04 18:00:00",LD04,381.881290
D,DISPATCH,UNIT_SCADA,1,"2019/09/04 18:00:00",LEM_WIL,85.2944
D,DISPATCH,UNIT_SCADA,1,"2019/09/04 18:00:00",LGAPWF1,28.01
D,DISPATCH,UNIT_SCADA,1,"2019/09/04 18:00:00",LILYSF1,0
D,DISPATCH,UNIT_SCADA,1,"2019/09/04 18:00:00",LI_WY_CA,121.388820
D,DISPATCH,UNIT_SCADA,1,"2019/09/04 18:00:00",LKBONNY2,-1.0206
D,DISPATCH,UNIT_SCADA,1,"2019/09/04 18:00:00",LKBONNY3,-0.225030
D,DISPATCH,UNIT_SCADA,1,"2019/09/04 18:00:00",LK_ECHO,0
D,DISPATCH,UNIT_SCADA,1,"2019/09/04 18:00:00",LNGS1,0
D,DISPATCH,UNIT_SCADA,1,"2019/09/04 18:00:00",LNGS2,0
D,DISPATCH,UNIT_SCADA,1,"2019/09/04 18:00:00",LONSDALE,0
D,DISPATCH,UNIT_SCADA,1,"2019/09/04 18:00:00",LOYYB1,528.193660
D,DISPATCH,UNIT_SCADA,1,"2019/09/04 18:00:00",LOYYB2,581.202510
D,DISPATCH,UNIT_SCADA,1,"2019/09/04 18:00:00",LYA1,0
D,DISPATCH,UNIT_SCADA,1,"2019/09/04 18:00:00",LYA2,0
D,DISPATCH,UNIT_SCADA,1,"2019/09/04 18:00:00",LYA3,560
D,DISPATCH,UNIT_SCADA,1,"2019/09/04 18:00:00",LYA4,536
D,DISPATCH,UNIT_SCADA,1,"2019/09/04 18:00:00",MACARTH1,0
D,DISPATCH,UNIT_SCADA,1,"2019/09/04 18:00:00",MACKAYGT,0.2240
D,DISPATCH,UNIT_SCADA,1,"2019/09/04 18:00:00",MACKNTSH,88.720010
D,DISPATCH,UNIT_SCADA,1,"2019/09/04 18:00:00",MANSLR1,0
D,DISPATCH,UNIT_SCADA,1,"2019/09/04 18:00:00",MCKAY1,223.924990
D,DISPATCH,UNIT_SCADA,1,"2019/09/04 18:00:00",MEADOWBK,25.121820
D,DISPATCH,UNIT_SCADA,1,"2019/09/04 18:00:00",MERCER01,8.7580
D,DISPATCH,UNIT_SCADA,1,"2019/09/04 18:00:00",MEWF1,16.8489
D,DISPATCH,UNIT_SCADA,1,"2019/09/04 18:00:00",MINTARO,0
D,DISPATCH,UNIT_SCADA,1,"2019/09/04 18:00:00",MOREESF1,0
D,DISPATCH,UNIT_SCADA,1,"2019/09/04 18:00:00",MORTLK11,259
D,DISPATCH,UNIT_SCADA,1,"2019/09/04 18:00:00",MORTLK12,0
D,DISPATCH,UNIT_SCADA,1,"2019/09/04 18:00:00",MP1,237.75
D,DISPATCH,UNIT_SCADA,1,"2019/09/04 18:00:00",MP2,0
D,DISPATCH,UNIT_SCADA,1,"2019/09/04 18:00:00",MPP_1,426.75
D,DISPATCH,UNIT_SCADA,1,"2019/09/04 18:00:00",MPP_2,414.50
D,DISPATCH,UNIT_SCADA,1,"2019/09/04 18:00:00",MSTUART1,0
D,DISPATCH,UNIT_SCADA,1,"2019/09/04 18:00:00",MSTUART2,0
D,DISPATCH,UNIT_SCADA,1,"2019/09/04 18:00:00",MSTUART3,0
D,DISPATCH,UNIT_SCADA,1,"2019/09/04 18:00:00",MTGELWF1,0.796530
D,DISPATCH,UNIT_SCADA,1,"2019/09/04 18:00:00",MURRAY,468.961610
D,DISPATCH,UNIT_SCADA,1,"2019/09/04 18:00:00",MUSSELR1,165.100010
D,DISPATCH,UNIT_SCADA,1,"2019/09/04 18:00:00",MUWAWF1,3.29
D,DISPATCH,UNIT_SCADA,1,"2019/09/04 18:00:00",NBHWF1,13.30
D,DISPATCH,UNIT_SCADA,1,"2019/09/04 18:00:00",NPS,302.25
D,DISPATCH,UNIT_SCADA,1,"2019/09/04 18:00:00",NUMURSF1,0
D,DISPATCH,UNIT_SCADA,1,"2019/09/04 18:00:00",NYNGAN1,0
D,DISPATCH,UNIT_SCADA,1,"2019/09/04 18:00:00",OAKEY1,0
D,DISPATCH,UNIT_SCADA,1,"2019/09/04 18:00:00",OAKEY1SF,0.03
D,DISPATCH,UNIT_SCADA,1,"2019/09/04 18:00:00",OAKEY2,0
D,DISPATCH,UNIT_SCADA,1,"2019/09/04 18:00:00",OAKEY2SF,0
D,DISPATCH,UNIT_SCADA,1,"2019/09/04 18:00:00",OAKLAND1,4.30
D,DISPATCH,UNIT_SCADA,1,"2019/09/04 18:00:00",OSB-AG,177.679990
D,DISPATCH,UNIT_SCADA,1,"2019/09/04 18:00:00",PARSF1,0.100010
D,DISPATCH,UNIT_SCADA,1,"2019/09/04 18:00:00",POAT110,0
D,DISPATCH,UNIT_SCADA,1,"2019/09/04 18:00:00",POAT220,0
D,DISPATCH,UNIT_SCADA,1,"2019/09/04 18:00:00",POR01,0
D,DISPATCH,UNIT_SCADA,1,"2019/09/04 18:00:00",POR03,0
D,DISPATCH,UNIT_SCADA,1,"2019/09/04 18:00:00",PPCCGT,482.260380
D,DISPATCH,UNIT_SCADA,1,"2019/09/04 18:00:00",PTSTAN1,0
D,DISPATCH,UNIT_SCADA,1,"2019/09/04 18:00:00",PUMP1,0
D,DISPATCH,UNIT_SCADA,1,"2019/09/04 18:00:00",PUMP2,0
D,DISPATCH,UNIT_SCADA,1,"2019/09/04 18:00:00",QPS1,29
D,DISPATCH,UNIT_SCADA,1,"2019/09/04 18:00:00",QPS2,22.80
D,DISPATCH,UNIT_SCADA,1,"2019/09/04 18:00:00",QPS3,22.60
D,DISPATCH,UNIT_SCADA,1,"2019/09/04 18:00:00",QPS4,22.60
D,DISPATCH,UNIT_SCADA,1,"2019/09/04 18:00:00",QPS5,122.27
D,DISPATCH,UNIT_SCADA,1,"2019/09/04 18:00:00",REECE1,102.88
D,DISPATCH,UNIT_SCADA,1,"2019/09/04 18:00:00",REECE2,101.420010
D,DISPATCH,UNIT_SCADA,1,"2019/09/04 18:00:00",ROMA_7,0
D,DISPATCH,UNIT_SCADA,1,"2019/09/04 18:00:00",ROMA_8,0
D,DISPATCH,UNIT_SCADA,1,"2019/09/04 18:00:00",RRSF1,0
D,DISPATCH,UNIT_SCADA,1,"2019/09/04 18:00:00",RT_NSW1,0
D,DISPATCH,UNIT_SCADA,1,"2019/09/04 18:00:00",RT_NSW2,0
D,DISPATCH,UNIT_SCADA,1,"2019/09/04 18:00:00",RT_NSW3,0
D,DISPATCH,UNIT_SCADA,1,"2019/09/04 18:00:00",RT_NSW4,0
D,DISPATCH,UNIT_SCADA,1,"2019/09/04 18:00:00",RT_NSW5,0
D,DISPATCH,UNIT_SCADA,1,"2019/09/04 18:00:00",RT_NSW6,0
D,DISPATCH,UNIT_SCADA,1,"2019/09/04 18:00:00",RT_QLD1,0
D,DISPATCH,UNIT_SCADA,1,"2019/09/04 18:00:00",RT_SA1,0
D,DISPATCH,UNIT_SCADA,1,"2019/09/04 18:00:00",RT_SA2,0
D,DISPATCH,UNIT_SCADA,1,"2019/09/04 18:00:00",RT_SA3,0
D,DISPATCH,UNIT_SCADA,1,"2019/09/04 18:00:00",RT_SA4,0
D,DISPATCH,UNIT_SCADA,1,"2019/09/04 18:00:00",RT_SA5,0
D,DISPATCH,UNIT_SCADA,1,"2019/09/04 18:00:00",RT_SA6,0
D,DISPATCH,UNIT_SCADA,1,"2019/09/04 18:00:00",RT_TAS1,0
D,DISPATCH,UNIT_SCADA,1,"2019/09/04 18:00:00",RT_VIC1,0
D,DISPATCH,UNIT_SCADA,1,"2019/09/04 18:00:00",RT_VIC10,0
D,DISPATCH,UNIT_SCADA,1,"2019/09/04 18:00:00",RT_VIC11,0
D,DISPATCH,UNIT_SCADA,1,"2019/09/04 18:00:00",RT_VIC12,0
D,DISPATCH,UNIT_SCADA,1,"2019/09/04 18:00:00",RT_VIC2,0
D,DISPATCH,UNIT_SCADA,1,"2019/09/04 18:00:00",RT_VIC3,0
D,DISPATCH,UNIT_SCADA,1,"2019/09/04 18:00:00",RT_VIC4,0
D,DISPATCH,UNIT_SCADA,1,"2019/09/04 18:00:00",RT_VIC5,0
D,DISPATCH,UNIT_SCADA,1,"2019/09/04 18:00:00",RT_VIC6,0
D,DISPATCH,UNIT_SCADA,1,"2019/09/04 18:00:00",RT_VIC7,0
D,DISPATCH,UNIT_SCADA,1,"2019/09/04 18:00:00",RT_VIC8,0
D,DISPATCH,UNIT_SCADA,1,"2019/09/04 18:00:00",RT_VIC9,0
D,DISPATCH,UNIT_SCADA,1,"2019/09/04 18:00:00",RUGBYR1,0
D,DISPATCH,UNIT_SCADA,1,"2019/09/04 18:00:00",SALTCRK1,1.98
D,DISPATCH,UNIT_SCADA,1,"2019/09/04 18:00:00",SAPHWF1,84.965640
D,DISPATCH,UNIT_SCADA,1,"2019/09/04 18:00:00",SHGEN,158.081380
D,DISPATCH,UNIT_SCADA,1,"2019/09/04 18:00:00",SHPUMP,0
D,DISPATCH,UNIT_SCADA,1,"2019/09/04 18:00:00",SITHE01,114.045220
D,DISPATCH,UNIT_SCADA,1,"2019/09/04 18:00:00",SMCSF1,0
D,DISPATCH,UNIT_SCADA,1,"2019/09/04 18:00:00",SNOWNTH1,3.80
D,DISPATCH,UNIT_SCADA,1,"2019/09/04 18:00:00",SNOWSTH1,0
D,DISPATCH,UNIT_SCADA,1,"2019/09/04 18:00:00",SNOWTWN1,-0.299340
D,DISPATCH,UNIT_SCADA,1,"2019/09/04 18:00:00",SNOWYP,0
D,DISPATCH,UNIT_SCADA,1,"2019/09/04 18:00:00",SNUG1,0.019440
D,DISPATCH,UNIT_SCADA,1,"2019/09/04 18:00:00",SRSF1,0.06
D,DISPATCH,UNIT_SCADA,1,"2019/09/04 18:00:00",STAN-1,217.915420
D,DISPATCH,UNIT_SCADA,1,"2019/09/04 18:00:00",STAN-2,357.078280
D,DISPATCH,UNIT_SCADA,1,"2019/09/04 18:00:00",STAN-3,350.438660
D,DISPATCH,UNIT_SCADA,1,"2019/09/04 18:00:00",STAN-4,364.525420
D,DISPATCH,UNIT_SCADA,1,"2019/09/04 18:00:00",STWF1,63.112520
D,DISPATCH,UNIT_SCADA,1,"2019/09/04 18:00:00",SWAN_E,0
D,DISPATCH,UNIT_SCADA,1,"2019/09/04 18:00:00",TALWA1,437
D,DISPATCH,UNIT_SCADA,1,"2019/09/04 18:00:00",TARALGA1,51.330020
D,DISPATCH,UNIT_SCADA,1,"2019/09/04 18:00:00",TARONG#1,344.600010
D,DISPATCH,UNIT_SCADA,1,"2019/09/04 18:00:00",TARONG#2,0
D,DISPATCH,UNIT_SCADA,1,"2019/09/04 18:00:00",TARONG#3,350.100010
D,DISPATCH,UNIT_SCADA,1,"2019/09/04 18:00:00",TARONG#4,349.399990
D,DISPATCH,UNIT_SCADA,1,"2019/09/04 18:00:00",TARRALEA,71.10
D,DISPATCH,UNIT_SCADA,1,"2019/09/04 18:00:00",TBSF1,0.70
D,DISPATCH,UNIT_SCADA,1,"2019/09/04 18:00:00",TNPS1,380.500030
D,DISPATCH,UNIT_SCADA,1,"2019/09/04 18:00:00",TORRA1,108.147870
D,DISPATCH,UNIT_SCADA,1,"2019/09/04 18:00:00",TORRA2,0
D,DISPATCH,UNIT_SCADA,1,"2019/09/04 18:00:00",TORRA3,0
D,DISPATCH,UNIT_SCADA,1,"2019/09/04 18:00:00",TORRA4,97.537680
D,DISPATCH,UNIT_SCADA,1,"2019/09/04 18:00:00",TORRB1,162.28
D,DISPATCH,UNIT_SCADA,1,"2019/09/04 18:00:00",TORRB2,161.509990
D,DISPATCH,UNIT_SCADA,1,"2019/09/04 18:00:00",TORRB3,163.31
D,DISPATCH,UNIT_SCADA,1,"2019/09/04 18:00:00",TORRB4,0
D,DISPATCH,UNIT_SCADA,1,"2019/09/04 18:00:00",TREVALLN,43.640010
D,DISPATCH,UNIT_SCADA,1,"2019/09/04 18:00:00",TRIBUTE,0
D,DISPATCH,UNIT_SCADA,1,"2019/09/04 18:00:00",TUMUT3,0
D,DISPATCH,UNIT_SCADA,1,"2019/09/04 18:00:00",TUNGATIN,103.070030
D,DISPATCH,UNIT_SCADA,1,"2019/09/04 18:00:00",TVCC201,0
D,DISPATCH,UNIT_SCADA,1,"2019/09/04 18:00:00",TVPP104,0
D,DISPATCH,UNIT_SCADA,1,"2019/09/04 18:00:00",UPPTUMUT,549.646180
D,DISPATCH,UNIT_SCADA,1,"2019/09/04 18:00:00",URANQ11,160.131230
D,DISPATCH,UNIT_SCADA,1,"2019/09/04 18:00:00",URANQ12,161.606230
D,DISPATCH,UNIT_SCADA,1,"2019/09/04 18:00:00",URANQ13,166.181240
D,DISPATCH,UNIT_SCADA,1,"2019/09/04 18:00:00",URANQ14,0
D,DISPATCH,UNIT_SCADA,1,"2019/09/04 18:00:00",VP5,627.050050
D,DISPATCH,UNIT_SCADA,1,"2019/09/04 18:00:00",VP6,0
D,DISPATCH,UNIT_SCADA,1,"2019/09/04 18:00:00",VPGS1,0
D,DISPATCH,UNIT_SCADA,1,"2019/09/04 18:00:00",VPGS2,0
D,DISPATCH,UNIT_SCADA,1,"2019/09/04 18:00:00",VPGS3,0
D,DISPATCH,UNIT_SCADA,1,"2019/09/04 18:00:00",VPGS4,0
D,DISPATCH,UNIT_SCADA,1,"2019/09/04 18:00:00",VPGS5,0
D,DISPATCH,UNIT_SCADA,1,"2019/09/04 18:00:00",VPGS6,0
D,DISPATCH,UNIT_SCADA,1,"2019/09/04 18:00:00",W/HOE#1,287.079990
D,DISPATCH,UNIT_SCADA,1,"2019/09/04 18:00:00",W/HOE#2,0
D,DISPATCH,UNIT_SCADA,1,"2019/09/04 18:00:00",WATERLWF,14
D,DISPATCH,UNIT_SCADA,1,"2019/09/04 18:00:00",WEMENSF1,1.30
D,DISPATCH,UNIT_SCADA,1,"2019/09/04 18:00:00",WGWF1,13.30
D,DISPATCH,UNIT_SCADA,1,"2019/09/04 18:00:00",WHITSF1,0
D,DISPATCH,UNIT_SCADA,1,"2019/09/04 18:00:00",WKIEWA1,31.90
D,DISPATCH,UNIT_SCADA,1,"2019/09/04 18:00:00",WKIEWA2,32
D,DISPATCH,UNIT_SCADA,1,"2019/09/04 18:00:00",WOODLWN1,4.580990
D,DISPATCH,UNIT_SCADA,1,"2019/09/04 18:00:00",WRSF1,0
D,DISPATCH,UNIT_SCADA,1,"2019/09/04 18:00:00",WRWF1,53.74
D,DISPATCH,UNIT_SCADA,1,"2019/09/04 18:00:00",YABULU,159.750020
D,DISPATCH,UNIT_SCADA,1,"2019/09/04 18:00:00",YABULU2,0
D,DISPATCH,UNIT_SCADA,1,"2019/09/04 18:00:00",YARWUN_1,158.489990
D,DISPATCH,UNIT_SCADA,1,"2019/09/04 18:00:00",YENDWF1,6.09
D,DISPATCH,UNIT_SCADA,1,"2019/09/04 18:00:00",YWPS1,381.202550
D,DISPATCH,UNIT_SCADA,1,"2019/09/04 18:00:00",YWPS2,285.7114
D,DISPATCH,UNIT_SCADA,1,"2019/09/04 18:00:00",YWPS3,391.286070
D,DISPATCH,UNIT_SCADA,1,"2019/09/04 18:00:00",YWPS4,391.850650
C,"END OF REPORT",335
