C,NEMP.WORLD,DISPATCHSCADA,AEMO,PUBLIC,2019/08/19,18:00:07,0000000311755254,DISPATCHSCADA,0000000311755248
I,DISPATCH,UNIT_SCADA,1,SETTLEMENTDATE,DUID,SCADAVALUE
D,DISPATCH,UNIT_SCADA,1,"2019/08/19 18:05:00",BARCSF1,1.10
D,DISPATCH,UNIT_SCADA,1,"2019/08/19 18:05:00",BUTLERSG,9.699999
D,DISPATCH,UNIT_SCADA,1,"2019/08/19 18:05:00",CALL_A_4,0
D,DISPATCH,UNIT_SCADA,1,"2019/08/19 18:05:00",CAPTL_WF,118.880005
D,DISPATCH,UNIT_SCADA,1,"2019/08/19 18:05:00",CATHROCK,35.269997
D,DISPATCH,UNIT_SCADA,1,"2019/08/19 18:05:00",CHALLHWF,17.90
D,DISPATCH,UNIT_SCADA,1,"2019/08/19 18:05:00",CLOVER,-0.01
D,DISPATCH,UNIT_SCADA,1,"2019/08/19 18:05:00",CLUNY,16.682535
D,DISPATCH,UNIT_SCADA,1,"2019/08/19 18:05:00",CNUNDAWF,21.424992
D,DISPATCH,UNIT_SCADA,1,"2019/08/19 18:05:00",CULLRGWF,30.15
D,DISPATCH,UNIT_SCADA,1,"2019/08/19 18:05:00",ERGT01,0
D,DISPATCH,UNIT_SCADA,1,"2019/08/19 18:05:00",GB01,0.067173
D,DISPATCH,UNIT_SCADA,1,"2019/08/19 18:05:00",GERMCRK,36.299999
D,DISPATCH,UNIT_SCADA,1,"2019/08/19 18:05:00",GRIFSF1,0
D,DISPATCH,UNIT_SCADA,1,"2019/08/19 18:05:00",HUGSF1,0.0120
D,DISPATCH,UNIT_SCADA,1,"2019/08/19 18:05:00",LKBONNY1,37.956478
D,DISPATCH,UNIT_SCADA,1,"2019/08/19 18:05:00",LRSF1,0.1260
D,DISPATCH,UNIT_SCADA,1,"2019/08/19 18:05:00",MBAHNTH,58.6875
D,DISPATCH,UNIT_SCADA,1,"2019/08/19 18:05:00",MLSP1,0.304001
D,DISPATCH,UNIT_SCADA,1,"2019/08/19 18:05:00",MLWF1,11.04
D,DISPATCH,UNIT_SCADA,1,"2019/08/19 18:05:00",MTMILLAR,0.498568
D,DISPATCH,UNIT_SCADA,1,"2019/08/19 18:05:00",PALOONA,23.309999
D,DISPATCH,UNIT_SCADA,1,"2019/08/19 18:05:00",PIONEER,41.900002
D,DISPATCH,UNIT_SCADA,1,"2019/08/19 18:05:00",PORTWF,136.100006
D,DISPATCH,UNIT_SCADA,1,"2019/08/19 18:05:00",REPULSE,29.247883
D,DISPATCH,UNIT_SCADA,1,"2019/08/19 18:05:00",ROWALLAN,9.9684
D,DISPATCH,UNIT_SCADA,1,"2019/08/19 18:05:00",ROYALLA1,0
D,DISPATCH,UNIT_SCADA,1,"2019/08/19 18:05:00",RPCG,-0.90
D,DISPATCH,UNIT_SCADA,1,"2019/08/19 18:05:00",RUBICON,0
D,DISPATCH,UNIT_SCADA,1,"2019/08/19 18:05:00",SATGN1,0
D,DISPATCH,UNIT_SCADA,1,"2019/08/19 18:05:00",SATGS1,0
D,DISPATCH,UNIT_SCADA,1,"2019/08/19 18:05:00",STARHLWF,1.299621
D,DISPATCH,UNIT_SCADA,1,"2019/08/19 18:05:00",WAUBRAWF,87.271004
D,DISPATCH,UNIT_SCADA,1,"2019/08/19 18:05:00",WOOLNTH1,101.240021
D,DISPATCH,UNIT_SCADA,1,"2019/08/19 18:05:00",WPWF,26
D,DISPATCH,UNIT_SCADA,1,"2019/08/19 18:05:00",YAMBUKWF,29.40
D,DISPATCH,UNIT_SCADA,1,"2019/08/19 18:05:00",YSWF1,28
D,DISPATCH,UNIT_SCADA,1,"2019/08/19 18:05:00",AGLHAL,0
D,DISPATCH,UNIT_SCADA,1,"2019/08/19 18:05:00",AGLSOM,39.80
D,DISPATCH,UNIT_SCADA,1,"2019/08/19 18:05:00",ANGAST1,0
D,DISPATCH,UNIT_SCADA,1,"2019/08/19 18:05:00",ARWF1,49.30
D,DISPATCH,UNIT_SCADA,1,"2019/08/19 18:05:00",BALBG1,0
D,DISPATCH,UNIT_SCADA,1,"2019/08/19 18:05:00",BALBL1,0
D,DISPATCH,UNIT_SCADA,1,"2019/08/19 18:05:00",BALDHWF1,103.1620
D,DISPATCH,UNIT_SCADA,1,"2019/08/19 18:05:00",BANN1,0.11
D,DISPATCH,UNIT_SCADA,1,"2019/08/19 18:05:00",BARCALDN,0
D,DISPATCH,UNIT_SCADA,1,"2019/08/19 18:05:00",BARRON-1,0
D,DISPATCH,UNIT_SCADA,1,"2019/08/19 18:05:00",BARRON-2,26.84
D,DISPATCH,UNIT_SCADA,1,"2019/08/19 18:05:00",BASTYAN,80.100010
D,DISPATCH,UNIT_SCADA,1,"2019/08/19 18:05:00",BBTHREE1,0
D,DISPATCH,UNIT_SCADA,1,"2019/08/19 18:05:00",BBTHREE2,0
D,DISPATCH,UNIT_SCADA,1,"2019/08/19 18:05:00",BBTHREE3,0
D,DISPATCH,UNIT_SCADA,1,"2019/08/19 18:05:00",BDL01,42.72
D,DISPATCH,UNIT_SCADA,1,"2019/08/19 18:05:00",BDL02,44.70
D,DISPATCH,UNIT_SCADA,1,"2019/08/19 18:05:00",BERYLSF1,0
D,DISPATCH,UNIT_SCADA,1,"2019/08/19 18:05:00",BLOWERNG,0
D,DISPATCH,UNIT_SCADA,1,"2019/08/19 18:05:00",BLUFF1,13.70
D,DISPATCH,UNIT_SCADA,1,"2019/08/19 18:05:00",BNGSF1,1.78
D,DISPATCH,UNIT_SCADA,1,"2019/08/19 18:05:00",BNGSF2,0.54
D,DISPATCH,UNIT_SCADA,1,"2019/08/19 18:05:00",BOCORWF1,110.98
D,DISPATCH,UNIT_SCADA,1,"2019/08/19 18:05:00",BODWF1,95.950960
D,DISPATCH,UNIT_SCADA,1,"2019/08/19 18:05:00",BRAEMAR1,0
D,DISPATCH,UNIT_SCADA,1,"2019/08/19 18:05:00",BRAEMAR2,173.400010
D,DISPATCH,UNIT_SCADA,1,"2019/08/19 18:05:00",BRAEMAR3,170.600010
D,DISPATCH,UNIT_SCADA,1,"2019/08/19 18:05:00",BRAEMAR5,159.786480
D,DISPATCH,UNIT_SCADA,1,"2019/08/19 18:05:00",BRAEMAR6,0
D,DISPATCH,UNIT_SCADA,1,"2019/08/19 18:05:00",BRAEMAR7,160.098690
D,DISPATCH,UNIT_SCADA,1,"2019/08/19 18:05:00",BROKENH1,0
D,DISPATCH,UNIT_SCADA,1,"2019/08/19 18:05:00",BW01,634.424930
D,DISPATCH,UNIT_SCADA,1,"2019/08/19 18:05:00",BW02,663.424930
D,DISPATCH,UNIT_SCADA,1,"2019/08/19 18:05:00",BW03,648.324950
D,DISPATCH,UNIT_SCADA,1,"2019/08/19 18:05:00",BW04,0
D,DISPATCH,UNIT_SCADA,1,"2019/08/19 18:05:00",CALL_B_1,345.100010
D,DISPATCH,UNIT_SCADA,1,"2019/08/19 18:05:00",CALL_B_2,280.300020
D,DISPATCH,UNIT_SCADA,1,"2019/08/19 18:05:00",CETHANA,72.378370
D,DISPATCH,UNIT_SCADA,1,"2019/08/19 18:05:00",CG1,0
D,DISPATCH,UNIT_SCADA,1,"2019/08/19 18:05:00",CG2,0
D,DISPATCH,UNIT_SCADA,1,"2019/08/19 18:05:00",CG3,0
D,DISPATCH,UNIT_SCADA,1,"2019/08/19 18:05:00",CG4,0
D,DISPATCH,UNIT_SCADA,1,"2019/08/19 18:05:00",CHILDSF1,0
D,DISPATCH,UNIT_SCADA,1,"2019/08/19 18:05:00",CLARESF1,0
D,DISPATCH,UNIT_SCADA,1,"2019/08/19 18:05:00",CLEMGPWF,14.767180
D,DISPATCH,UNIT_SCADA,1,"2019/08/19 18:05:00",CLERMSF1,0
D,DISPATCH,UNIT_SCADA,1,"2019/08/19 18:05:00",COLEASF1,0
D,DISPATCH,UNIT_SCADA,1,"2019/08/19 18:05:00",COOPGWF1,27.087450
D,DISPATCH,UNIT_SCADA,1,"2019/08/19 18:05:00",CPP_3,404.524990
D,DISPATCH,UNIT_SCADA,1,"2019/08/19 18:05:00",CPP_4,406.175020
D,DISPATCH,UNIT_SCADA,1,"2019/08/19 18:05:00",CPSA,141.874370
D,DISPATCH,UNIT_SCADA,1,"2019/08/19 18:05:00",CROOKWF2,80.8950
D,DISPATCH,UNIT_SCADA,1,"2019/08/19 18:05:00",CROWLWF1,22.405120
D,DISPATCH,UNIT_SCADA,1,"2019/08/19 18:05:00",CSPVPS1,0.0970
D,DISPATCH,UNIT_SCADA,1,"2019/08/19 18:05:00",DALNTH01,0
D,DISPATCH,UNIT_SCADA,1,"2019/08/19 18:05:00",DALNTHL1,0.028990
D,DISPATCH,UNIT_SCADA,1,"2019/08/19 18:05:00",DARTM1,134.600010
D,DISPATCH,UNIT_SCADA,1,"2019/08/19 18:05:00",DAYDSF1,0
D,DISPATCH,UNIT_SCADA,1,"2019/08/19 18:05:00",DDPS1,388.492160
D,DISPATCH,UNIT_SCADA,1,"2019/08/19 18:05:00",DDSF1,0
D,DISPATCH,UNIT_SCADA,1,"2019/08/19 18:05:00",DEVILS_G,4.836570
D,DISPATCH,UNIT_SCADA,1,"2019/08/19 18:05:00",DG_NSW1,0
D,DISPATCH,UNIT_SCADA,1,"2019/08/19 18:05:00",DG_QLD1,0
D,DISPATCH,UNIT_SCADA,1,"2019/08/19 18:05:00",DG_SA1,0
D,DISPATCH,UNIT_SCADA,1,"2019/08/19 18:05:00",DG_TAS1,0
D,DISPATCH,UNIT_SCADA,1,"2019/08/19 18:05:00",DG_VIC1,0
D,DISPATCH,UNIT_SCADA,1,"2019/08/19 18:05:00",DRYCGT1,0
D,DISPATCH,UNIT_SCADA,1,"2019/08/19 18:05:00",DRYCGT2,0
D,DISPATCH,UNIT_SCADA,1,"2019/08/19 18:05:00",DRYCGT3,0
D,DISPATCH,UNIT_SCADA,1,"2019/08/19 18:05:00",EILDON1,0
D,DISPATCH,UNIT_SCADA,1,"2019/08/19 18:05:00",EILDON2,0.20
D,DISPATCH,UNIT_SCADA,1,"2019/08/19 18:05:00",EMERASF1,0
D,DISPATCH,UNIT_SCADA,1,"2019/08/19 18:05:00",ER01,575.900020
D,DISPATCH,UNIT_SCADA,1,"2019/08/19 18:05:00",ER02,664.974980
D,DISPATCH,UNIT_SCADA,1,"2019/08/19 18:05:00",ER03,650.525020
D,DISPATCH,UNIT_SCADA,1,"2019/08/19 18:05:00",ER04,657.25
D,DISPATCH,UNIT_SCADA,1,"2019/08/19 18:05:00",FINLYSF1,0
D,DISPATCH,UNIT_SCADA,1,"2019/08/19 18:05:00",FISHER,45.78
D,DISPATCH,UNIT_SCADA,1,"2019/08/19 18:05:00",GANNBG1,0.752460
D,DISPATCH,UNIT_SCADA,1,"2019/08/19 18:05:00",GANNBL1,0
D,DISPATCH,UNIT_SCADA,1,"2019/08/19 18:05:00",GANNSF1,0
D,DISPATCH,UNIT_SCADA,1,"2019/08/19 18:05:00",GORDON,173.8027
D,DISPATCH,UNIT_SCADA,1,"2019/08/19 18:05:00",GSTONE1,190.9250
D,DISPATCH,UNIT_SCADA,1,"2019/08/19 18:05:00",GSTONE2,219.974990
D,DISPATCH,UNIT_SCADA,1,"2019/08/19 18:05:00",GSTONE3,225.75
D,DISPATCH,UNIT_SCADA,1,"2019/08/19 18:05:00",GSTONE4,224.349990
D,DISPATCH,UNIT_SCADA,1,"2019/08/19 18:05:00",GSTONE5,228.55
D,DISPATCH,UNIT_SCADA,1,"2019/08/19 18:05:00",GSTONE6,0
D,DISPATCH,UNIT_SCADA,1,"2019/08/19 18:05:00",GULLRSF1,0
D,DISPATCH,UNIT_SCADA,1,"2019/08/19 18:05:00",GULLRWF1,102.325230
D,DISPATCH,UNIT_SCADA,1,"2019/08/19 18:05:00",GUNNING1,44.752790
D,DISPATCH,UNIT_SCADA,1,"2019/08/19 18:05:00",GUTHEGA,30.90
D,DISPATCH,UNIT_SCADA,1,"2019/08/19 18:05:00",HALLWF1,21.64
D,DISPATCH,UNIT_SCADA,1,"2019/08/19 18:05:00",HALLWF2,31.69
D,DISPATCH,UNIT_SCADA,1,"2019/08/19 18:05:00",HAMISF1,0
D,DISPATCH,UNIT_SCADA,1,"2019/08/19 18:05:00",HAUGHT11,0
D,DISPATCH,UNIT_SCADA,1,"2019/08/19 18:05:00",HAYMSF1,0
D,DISPATCH,UNIT_SCADA,1,"2019/08/19 18:05:00",HDWF1,46.80
D,DISPATCH,UNIT_SCADA,1,"2019/08/19 18:05:00",HDWF2,28.90
D,DISPATCH,UNIT_SCADA,1,"2019/08/19 18:05:00",HDWF3,40
D,DISPATCH,UNIT_SCADA,1,"2019/08/19 18:05:00",HPRG1,0
D,DISPATCH,UNIT_SCADA,1,"2019/08/19 18:05:00",HPRL1,20.30
D,DISPATCH,UNIT_SCADA,1,"2019/08/19 18:05:00",HUMENSW,0
D,DISPATCH,UNIT_SCADA,1,"2019/08/19 18:05:00",HUMEV,8.40
D,DISPATCH,UNIT_SCADA,1,"2019/08/19 18:05:00",HVGTS,0
D,DISPATCH,UNIT_SCADA,1,"2019/08/19 18:05:00",JBUTTERS,134.149990
D,DISPATCH,UNIT_SCADA,1,"2019/08/19 18:05:00",JLA01,0.50
D,DISPATCH,UNIT_SCADA,1,"2019/08/19 18:05:00",JLA02,0
D,DISPATCH,UNIT_SCADA,1,"2019/08/19 18:05:00",JLA03,0.10
D,DISPATCH,UNIT_SCADA,1,"2019/08/19 18:05:00",JLA04,0.10
D,DISPATCH,UNIT_SCADA,1,"2019/08/19 18:05:00",JLB01,0
D,DISPATCH,UNIT_SCADA,1,"2019/08/19 18:05:00",JLB02,83.70
D,DISPATCH,UNIT_SCADA,1,"2019/08/19 18:05:00",JLB03,83.30
D,DISPATCH,UNIT_SCADA,1,"2019/08/19 18:05:00",KAREEYA1,21.4950
D,DISPATCH,UNIT_SCADA,1,"2019/08/19 18:05:00",KAREEYA2,21.6875
D,DISPATCH,UNIT_SCADA,1,"2019/08/19 18:05:00",KAREEYA3,0
D,DISPATCH,UNIT_SCADA,1,"2019/08/19 18:05:00",KAREEYA4,21.5525
D,DISPATCH,UNIT_SCADA,1,"2019/08/19 18:05:00",KARSF1,0.30
D,DISPATCH,UNIT_SCADA,1,"2019/08/19 18:05:00",KIATAWF1,18.20
D,DISPATCH,UNIT_SCADA,1,"2019/08/19 18:05:00",KPP_1,0
D,DISPATCH,UNIT_SCADA,1,"2019/08/19 18:05:00",KSP1,0
D,DISPATCH,UNIT_SCADA,1,"2019/08/19 18:05:00",LADBROK1,35.64
D,DISPATCH,UNIT_SCADA,1,"2019/08/19 18:05:00",LADBROK2,30.20
D,DISPATCH,UNIT_SCADA,1,"2019/08/19 18:05:00",LD01,422.625030
D,DISPATCH,UNIT_SCADA,1,"2019/08/19 18:05:00",LD02,420.956270
D,DISPATCH,UNIT_SCADA,1,"2019/08/19 18:05:00",LD03,422.231230
D,DISPATCH,UNIT_SCADA,1,"2019/08/19 18:05:00",LD04,381.787540
D,DISPATCH,UNIT_SCADA,1,"2019/08/19 18:05:00",LEM_WIL,73.183350
D,DISPATCH,UNIT_SCADA,1,"2019/08/19 18:05:00",LGAPWF1,8.43
D,DISPATCH,UNIT_SCADA,1,"2019/08/19 18:05:00",LILYSF1,0
D,DISPATCH,UNIT_SCADA,1,"2019/08/19 18:05:00",LI_WY_CA,147.536590
D,DISPATCH,UNIT_SCADA,1,"2019/08/19 18:05:00",LKBONNY2,88.760860
D,DISPATCH,UNIT_SCADA,1,"2019/08/19 18:05:00",LKBONNY3,34.051430
D,DISPATCH,UNIT_SCADA,1,"2019/08/19 18:05:00",LK_ECHO,0
D,DISPATCH,UNIT_SCADA,1,"2019/08/19 18:05:00",LNGS1,0
D,DISPATCH,UNIT_SCADA,1,"2019/08/19 18:05:00",LNGS2,0
D,DISPATCH,UNIT_SCADA,1,"2019/08/19 18:05:00",LONSDALE,0
D,DISPATCH,UNIT_SCADA,1,"2019/08/19 18:05:00",LOYYB1,531.577210
D,DISPATCH,UNIT_SCADA,1,"2019/08/19 18:05:00",LOYYB2,580.450620
D,DISPATCH,UNIT_SCADA,1,"2019/08/19 18:05:00",LYA1,560
D,DISPATCH,UNIT_SCADA,1,"2019/08/19 18:05:00",LYA2,0
D,DISPATCH,UNIT_SCADA,1,"2019/08/19 18:05:00",LYA3,561
D,DISPATCH,UNIT_SCADA,1,"2019/08/19 18:05:00",LYA4,539
D,DISPATCH,UNIT_SCADA,1,"2019/08/19 18:05:00",MACARTH1,168.096120
D,DISPATCH,UNIT_SCADA,1,"2019/08/19 18:05:00",MACKAYGT,0
D,DISPATCH,UNIT_SCADA,1,"2019/08/19 18:05:00",MACKNTSH,84.55
D,DISPATCH,UNIT_SCADA,1,"2019/08/19 18:05:00",MANSLR1,0
D,DISPATCH,UNIT_SCADA,1,"2019/08/19 18:05:00",MCKAY1,0.02
D,DISPATCH,UNIT_SCADA,1,"2019/08/19 18:05:00",MEADOWBK,34.095940
D,DISPATCH,UNIT_SCADA,1,"2019/08/19 18:05:00",MERCER01,59.4290
D,DISPATCH,UNIT_SCADA,1,"2019/08/19 18:05:00",MEWF1,37.787650
D,DISPATCH,UNIT_SCADA,1,"2019/08/19 18:05:00",MINTARO,0
D,DISPATCH,UNIT_SCADA,1,"2019/08/19 18:05:00",MOREESF1,0
D,DISPATCH,UNIT_SCADA,1,"2019/08/19 18:05:00",MORTLK11,260
D,DISPATCH,UNIT_SCADA,1,"2019/08/19 18:05:00",MORTLK12,0
D,DISPATCH,UNIT_SCADA,1,"2019/08/19 18:05:00",MP1,453.075070
D,DISPATCH,UNIT_SCADA,1,"2019/08/19 18:05:00",MP2,0
D,DISPATCH,UNIT_SCADA,1,"2019/08/19 18:05:00",MPP_1,424.25
D,DISPATCH,UNIT_SCADA,1,"2019/08/19 18:05:00",MPP_2,434.50
D,DISPATCH,UNIT_SCADA,1,"2019/08/19 18:05:00",MSTUART1,0
D,DISPATCH,UNIT_SCADA,1,"2019/08/19 18:05:00",MSTUART2,0
D,DISPATCH,UNIT_SCADA,1,"2019/08/19 18:05:00",MSTUART3,0
D,DISPATCH,UNIT_SCADA,1,"2019/08/19 18:05:00",MTGELWF1,63.023770
D,DISPATCH,UNIT_SCADA,1,"2019/08/19 18:05:00",MURRAY,347.12
D,DISPATCH,UNIT_SCADA,1,"2019/08/19 18:05:00",MUSSELR1,166
D,DISPATCH,UNIT_SCADA,1,"2019/08/19 18:05:00",MUWAWF1,48.45
D,DISPATCH,UNIT_SCADA,1,"2019/08/19 18:05:00",NBHWF1,28.80
D,DISPATCH,UNIT_SCADA,1,"2019/08/19 18:05:00",NPS,510.3750
D,DISPATCH,UNIT_SCADA,1,"2019/08/19 18:05:00",NUMURSF1,0
D,DISPATCH,UNIT_SCADA,1,"2019/08/19 18:05:00",NYNGAN1,0
D,DISPATCH,UNIT_SCADA,1,"2019/08/19 18:05:00",OAKEY1,0
D,DISPATCH,UNIT_SCADA,1,"2019/08/19 18:05:00",OAKEY1SF,0.05
D,DISPATCH,UNIT_SCADA,1,"2019/08/19 18:05:00",OAKEY2,0
D,DISPATCH,UNIT_SCADA,1,"2019/08/19 18:05:00",OAKLAND1,49.30
D,DISPATCH,UNIT_SCADA,1,"2019/08/19 18:05:00",OSB-AG,170.66
D,DISPATCH,UNIT_SCADA,1,"2019/08/19 18:05:00",PARSF1,0
D,DISPATCH,UNIT_SCADA,1,"2019/08/19 18:05:00",POAT110,42.364720
D,DISPATCH,UNIT_SCADA,1,"2019/08/19 18:05:00",POAT220,140.098080
D,DISPATCH,UNIT_SCADA,1,"2019/08/19 18:05:00",POR01,0
D,DISPATCH,UNIT_SCADA,1,"2019/08/19 18:05:00",POR03,0
D,DISPATCH,UNIT_SCADA,1,"2019/08/19 18:05:00",PPCCGT,482.931490
D,DISPATCH,UNIT_SCADA,1,"2019/08/19 18:05:00",PTSTAN1,0
D,DISPATCH,UNIT_SCADA,1,"2019/08/19 18:05:00",PUMP1,0
D,DISPATCH,UNIT_SCADA,1,"2019/08/19 18:05:00",PUMP2,0
D,DISPATCH,UNIT_SCADA,1,"2019/08/19 18:05:00",QPS1,29
D,DISPATCH,UNIT_SCADA,1,"2019/08/19 18:05:00",QPS2,0
D,DISPATCH,UNIT_SCADA,1,"2019/08/19 18:05:00",QPS3,0
D,DISPATCH,UNIT_SCADA,1,"2019/08/19 18:05:00",QPS4,0
D,DISPATCH,UNIT_SCADA,1,"2019/08/19 18:05:00",QPS5,0
D,DISPATCH,UNIT_SCADA,1,"2019/08/19 18:05:00",REECE1,113.890010
D,DISPATCH,UNIT_SCADA,1,"2019/08/19 18:05:00",REECE2,112.890010
D,DISPATCH,UNIT_SCADA,1,"2019/08/19 18:05:00",ROMA_7,0
D,DISPATCH,UNIT_SCADA,1,"2019/08/19 18:05:00",ROMA_8,0
D,DISPATCH,UNIT_SCADA,1,"2019/08/19 18:05:00",RRSF1,0
D,DISPATCH,UNIT_SCADA,1,"2019/08/19 18:05:00",RT_NSW1,0
D,DISPATCH,UNIT_SCADA,1,"2019/08/19 18:05:00",RT_NSW2,0
D,DISPATCH,UNIT_SCADA,1,"2019/08/19 18:05:00",RT_NSW3,0
D,DISPATCH,UNIT_SCADA,1,"2019/08/19 18:05:00",RT_NSW4,0
D,DISPATCH,UNIT_SCADA,1,"2019/08/19 18:05:00",RT_NSW5,0
D,DISPATCH,UNIT_SCADA,1,"2019/08/19 18:05:00",RT_NSW6,0
D,DISPATCH,UNIT_SCADA,1,"2019/08/19 18:05:00",RT_QLD1,0
D,DISPATCH,UNIT_SCADA,1,"2019/08/19 18:05:00",RT_SA1,0
D,DISPATCH,UNIT_SCADA,1,"2019/08/19 18:05:00",RT_SA2,0
D,DISPATCH,UNIT_SCADA,1,"2019/08/19 18:05:00",RT_SA3,0
D,DISPATCH,UNIT_SCADA,1,"2019/08/19 18:05:00",RT_SA4,0
D,DISPATCH,UNIT_SCADA,1,"2019/08/19 18:05:00",RT_SA5,0
D,DISPATCH,UNIT_SCADA,1,"2019/08/19 18:05:00",RT_SA6,0
D,DISPATCH,UNIT_SCADA,1,"2019/08/19 18:05:00",RT_TAS1,0
D,DISPATCH,UNIT_SCADA,1,"2019/08/19 18:05:00",RT_VIC1,0
D,DISPATCH,UNIT_SCADA,1,"2019/08/19 18:05:00",RT_VIC10,0
D,DISPATCH,UNIT_SCADA,1,"2019/08/19 18:05:00",RT_VIC11,0
D,DISPATCH,UNIT_SCADA,1,"2019/08/19 18:05:00",RT_VIC12,0
D,DISPATCH,UNIT_SCADA,1,"2019/08/19 18:05:00",RT_VIC2,0
D,DISPATCH,UNIT_SCADA,1,"2019/08/19 18:05:00",RT_VIC3,0
D,DISPATCH,UNIT_SCADA,1,"2019/08/19 18:05:00",RT_VIC4,0
D,DISPATCH,UNIT_SCADA,1,"2019/08/19 18:05:00",RT_VIC5,0
D,DISPATCH,UNIT_SCADA,1,"2019/08/19 18:05:00",RT_VIC6,0
D,DISPATCH,UNIT_SCADA,1,"2019/08/19 18:05:00",RT_VIC7,0
D,DISPATCH,UNIT_SCADA,1,"2019/08/19 18:05:00",RT_VIC8,0
D,DISPATCH,UNIT_SCADA,1,"2019/08/19 18:05:00",RT_VIC9,0
D,DISPATCH,UNIT_SCADA,1,"2019/08/19 18:05:00",RUGBYR1,0
D,DISPATCH,UNIT_SCADA,1,"2019/08/19 18:05:00",SALTCRK1,30.84
D,DISPATCH,UNIT_SCADA,1,"2019/08/19 18:05:00",SAPHWF1,227.25
D,DISPATCH,UNIT_SCADA,1,"2019/08/19 18:05:00",SHGEN,198.551680
D,DISPATCH,UNIT_SCADA,1,"2019/08/19 18:05:00",SHPUMP,0
D,DISPATCH,UNIT_SCADA,1,"2019/08/19 18:05:00",SITHE01,0.224190
D,DISPATCH,UNIT_SCADA,1,"2019/08/19 18:05:00",SMCSF1,0
D,DISPATCH,UNIT_SCADA,1,"2019/08/19 18:05:00",SNOWNTH1,41.90
D,DISPATCH,UNIT_SCADA,1,"2019/08/19 18:05:00",SNOWSTH1,46.20
D,DISPATCH,UNIT_SCADA,1,"2019/08/19 18:05:00",SNOWTWN1,30.304390
D,DISPATCH,UNIT_SCADA,1,"2019/08/19 18:05:00",SNOWYP,0
D,DISPATCH,UNIT_SCADA,1,"2019/08/19 18:05:00",SNUG1,0.019440
D,DISPATCH,UNIT_SCADA,1,"2019/08/19 18:05:00",SRSF1,0.30
D,DISPATCH,UNIT_SCADA,1,"2019/08/19 18:05:00",STAN-1,0
D,DISPATCH,UNIT_SCADA,1,"2019/08/19 18:05:00",STAN-2,347.067570
D,DISPATCH,UNIT_SCADA,1,"2019/08/19 18:05:00",STAN-3,339.8255
D,DISPATCH,UNIT_SCADA,1,"2019/08/19 18:05:00",STAN-4,370.895870
D,DISPATCH,UNIT_SCADA,1,"2019/08/19 18:05:00",STWF1,14.017520
D,DISPATCH,UNIT_SCADA,1,"2019/08/19 18:05:00",SWAN_E,0
D,DISPATCH,UNIT_SCADA,1,"2019/08/19 18:05:00",TALWA1,424
D,DISPATCH,UNIT_SCADA,1,"2019/08/19 18:05:00",TARALGA1,95.1375
D,DISPATCH,UNIT_SCADA,1,"2019/08/19 18:05:00",TARONG#1,341.300020
D,DISPATCH,UNIT_SCADA,1,"2019/08/19 18:05:00",TARONG#2,340
D,DISPATCH,UNIT_SCADA,1,"2019/08/19 18:05:00",TARONG#3,259
D,DISPATCH,UNIT_SCADA,1,"2019/08/19 18:05:00",TARONG#4,350
D,DISPATCH,UNIT_SCADA,1,"2019/08/19 18:05:00",TARRALEA,79
D,DISPATCH,UNIT_SCADA,1,"2019/08/19 18:05:00",TBSF1,0.50
D,DISPATCH,UNIT_SCADA,1,"2019/08/19 18:05:00",TNPS1,442.000030
D,DISPATCH,UNIT_SCADA,1,"2019/08/19 18:05:00",TORRA1,110.716150
D,DISPATCH,UNIT_SCADA,1,"2019/08/19 18:05:00",TORRA2,0
D,DISPATCH,UNIT_SCADA,1,"2019/08/19 18:05:00",TORRA3,45.337040
D,DISPATCH,UNIT_SCADA,1,"2019/08/19 18:05:00",TORRA4,0
D,DISPATCH,UNIT_SCADA,1,"2019/08/19 18:05:00",TORRB1,115.96
D,DISPATCH,UNIT_SCADA,1,"2019/08/19 18:05:00",TORRB2,195.98
D,DISPATCH,UNIT_SCADA,1,"2019/08/19 18:05:00",TORRB3,0
D,DISPATCH,UNIT_SCADA,1,"2019/08/19 18:05:00",TORRB4,0
D,DISPATCH,UNIT_SCADA,1,"2019/08/19 18:05:00",TREVALLN,39.710010
D,DISPATCH,UNIT_SCADA,1,"2019/08/19 18:05:00",TRIBUTE,84.49
D,DISPATCH,UNIT_SCADA,1,"2019/08/19 18:05:00",TUMUT3,747.400020
D,DISPATCH,UNIT_SCADA,1,"2019/08/19 18:05:00",TUNGATIN,130.780030
D,DISPATCH,UNIT_SCADA,1,"2019/08/19 18:05:00",TVCC201,0
D,DISPATCH,UNIT_SCADA,1,"2019/08/19 18:05:00",TVPP104,58.002380
D,DISPATCH,UNIT_SCADA,1,"2019/08/19 18:05:00",UPPTUMUT,0
D,DISPATCH,UNIT_SCADA,1,"2019/08/19 18:05:00",URANQ11,166.093750
D,DISPATCH,UNIT_SCADA,1,"2019/08/19 18:05:00",URANQ12,166.0625
D,DISPATCH,UNIT_SCADA,1,"2019/08/19 18:05:00",URANQ13,0
D,DISPATCH,UNIT_SCADA,1,"2019/08/19 18:05:00",URANQ14,0
D,DISPATCH,UNIT_SCADA,1,"2019/08/19 18:05:00",VP5,636.50
D,DISPATCH,UNIT_SCADA,1,"2019/08/19 18:05:00",VP6,634.100040
D,DISPATCH,UNIT_SCADA,1,"2019/08/19 18:05:00",VPGS1,0
D,DISPATCH,UNIT_SCADA,1,"2019/08/19 18:05:00",VPGS2,0
D,DISPATCH,UNIT_SCADA,1,"2019/08/19 18:05:00",VPGS3,0
D,DISPATCH,UNIT_SCADA,1,"2019/08/19 18:05:00",VPGS4,0
D,DISPATCH,UNIT_SCADA,1,"2019/08/19 18:05:00",VPGS5,0
D,DISPATCH,UNIT_SCADA,1,"2019/08/19 18:05:00",VPGS6,0
D,DISPATCH,UNIT_SCADA,1,"2019/08/19 18:05:00",W/HOE#1,287.34
D,DISPATCH,UNIT_SCADA,1,"2019/08/19 18:05:00",W/HOE#2,0
D,DISPATCH,UNIT_SCADA,1,"2019/08/19 18:05:00",WATERLWF,42.90
D,DISPATCH,UNIT_SCADA,1,"2019/08/19 18:05:00",WEMENSF1,0
D,DISPATCH,UNIT_SCADA,1,"2019/08/19 18:05:00",WGWF1,31.90
D,DISPATCH,UNIT_SCADA,1,"2019/08/19 18:05:00",WHITSF1,0
D,DISPATCH,UNIT_SCADA,1,"2019/08/19 18:05:00",WKIEWA1,16.70
D,DISPATCH,UNIT_SCADA,1,"2019/08/19 18:05:00",WKIEWA2,16.80
D,DISPATCH,UNIT_SCADA,1,"2019/08/19 18:05:00",WOODLWN1,44.8830
D,DISPATCH,UNIT_SCADA,1,"2019/08/19 18:05:00",WRSF1,0
D,DISPATCH,UNIT_SCADA,1,"2019/08/19 18:05:00",WRWF1,154.205020
D,DISPATCH,UNIT_SCADA,1,"2019/08/19 18:05:00",YABULU,0
D,DISPATCH,UNIT_SCADA,1,"2019/08/19 18:05:00",YABULU2,0
D,DISPATCH,UNIT_SCADA,1,"2019/08/19 18:05:00",YARWUN_1,0
D,DISPATCH,UNIT_SCADA,1,"2019/08/19 18:05:00",YENDWF1,42.12
D,DISPATCH,UNIT_SCADA,1,"2019/08/19 18:05:00",YWPS1,381.7038
D,DISPATCH,UNIT_SCADA,1,"2019/08/19 18:05:00",YWPS2,281.200010
D,DISPATCH,UNIT_SCADA,1,"2019/08/19 18:05:00",YWPS3,0
D,DISPATCH,UNIT_SCADA,1,"2019/08/19 18:05:00",YWPS4,395.802520
C,"END OF REPORT",334
