C,NEMP.WORLD,DISPATCHSCADA,AEMO,PUBLIC,2019/09/05,04:55:08,0000000312409218,DISPATCHSCADA,0000000312409212
I,DISPATCH,UNIT_SCADA,1,SETTLEMENTDATE,DUID,SCADAVALUE
D,DISPATCH,UNIT_SCADA,1,"2019/09/05 05:00:00",BARCSF1,0
D,DISPATCH,UNIT_SCADA,1,"2019/09/05 05:00:00",BUTLERSG,10.199999
D,DISPATCH,UNIT_SCADA,1,"2019/09/05 05:00:00",CALL_A_4,0
D,DISPATCH,UNIT_SCADA,1,"2019/09/05 05:00:00",CAPTL_WF,0
D,DISPATCH,UNIT_SCADA,1,"2019/09/05 05:00:00",CATHROCK,6.889999
D,DISPATCH,UNIT_SCADA,1,"2019/09/05 05:00:00",CHALLHWF,1
D,DISPATCH,UNIT_SCADA,1,"2019/09/05 05:00:00",CLOVER,-0.01
D,DISPATCH,UNIT_SCADA,1,"2019/09/05 05:00:00",CLUNY,12.048982
D,DISPATCH,UNIT_SCADA,1,"2019/09/05 05:00:00",CNUNDAWF,5.005839
D,DISPATCH,UNIT_SCADA,1,"2019/09/05 05:00:00",CULLRGWF,1.53
D,DISPATCH,UNIT_SCADA,1,"2019/09/05 05:00:00",ERGT01,0
D,DISPATCH,UNIT_SCADA,1,"2019/09/05 05:00:00",GB01,0.015579
D,DISPATCH,UNIT_SCADA,1,"2019/09/05 05:00:00",GERMCRK,40.599998
D,DISPATCH,UNIT_SCADA,1,"2019/09/05 05:00:00",GRIFSF1,0
D,DISPATCH,UNIT_SCADA,1,"2019/09/05 05:00:00",HUGSF1,-0.19
D,DISPATCH,UNIT_SCADA,1,"2019/09/05 05:00:00",LKBONNY1,7.234058
D,DISPATCH,UNIT_SCADA,1,"2019/09/05 05:00:00",LRSF1,-0.0310
D,DISPATCH,UNIT_SCADA,1,"2019/09/05 05:00:00",MBAHNTH,44.306259
D,DISPATCH,UNIT_SCADA,1,"2019/09/05 05:00:00",MLSP1,0.366001
D,DISPATCH,UNIT_SCADA,1,"2019/09/05 05:00:00",MLWF1,0.96
D,DISPATCH,UNIT_SCADA,1,"2019/09/05 05:00:00",MTMILLAR,16.556917
D,DISPATCH,UNIT_SCADA,1,"2019/09/05 05:00:00",PALOONA,17.84
D,DISPATCH,UNIT_SCADA,1,"2019/09/05 05:00:00",PIONEER,40.200001
D,DISPATCH,UNIT_SCADA,1,"2019/09/05 05:00:00",PORTWF,20.50
D,DISPATCH,UNIT_SCADA,1,"2019/09/05 05:00:00",REPULSE,20.014343
D,DISPATCH,UNIT_SCADA,1,"2019/09/05 05:00:00",ROWALLAN,10.3092
D,DISPATCH,UNIT_SCADA,1,"2019/09/05 05:00:00",ROYALLA1,0
D,DISPATCH,UNIT_SCADA,1,"2019/09/05 05:00:00",RPCG,10.80
D,DISPATCH,UNIT_SCADA,1,"2019/09/05 05:00:00",RUBICON,0
D,DISPATCH,UNIT_SCADA,1,"2019/09/05 05:00:00",SATGN1,0
D,DISPATCH,UNIT_SCADA,1,"2019/09/05 05:00:00",SATGS1,0
D,DISPATCH,UNIT_SCADA,1,"2019/09/05 05:00:00",STARHLWF,2.599242
D,DISPATCH,UNIT_SCADA,1,"2019/09/05 05:00:00",WAUBRAWF,7.4770
D,DISPATCH,UNIT_SCADA,1,"2019/09/05 05:00:00",WOOLNTH1,-0.789985
D,DISPATCH,UNIT_SCADA,1,"2019/09/05 05:00:00",WPWF,13
D,DISPATCH,UNIT_SCADA,1,"2019/09/05 05:00:00",YAMBUKWF,7.40
D,DISPATCH,UNIT_SCADA,1,"2019/09/05 05:00:00",YSWF1,0.60
D,DISPATCH,UNIT_SCADA,1,"2019/09/05 05:00:00",AGLHAL,0
D,DISPATCH,UNIT_SCADA,1,"2019/09/05 05:00:00",AGLSOM,0
D,DISPATCH,UNIT_SCADA,1,"2019/09/05 05:00:00",ANGAST1,0
D,DISPATCH,UNIT_SCADA,1,"2019/09/05 05:00:00",ARWF1,7.60
D,DISPATCH,UNIT_SCADA,1,"2019/09/05 05:00:00",BALBG1,0
D,DISPATCH,UNIT_SCADA,1,"2019/09/05 05:00:00",BALBL1,0
D,DISPATCH,UNIT_SCADA,1,"2019/09/05 05:00:00",BALDHWF1,0
D,DISPATCH,UNIT_SCADA,1,"2019/09/05 05:00:00",BANN1,0
D,DISPATCH,UNIT_SCADA,1,"2019/09/05 05:00:00",BARCALDN,0
D,DISPATCH,UNIT_SCADA,1,"2019/09/05 05:00:00",BARRON-1,0
D,DISPATCH,UNIT_SCADA,1,"2019/09/05 05:00:00",BARRON-2,0
D,DISPATCH,UNIT_SCADA,1,"2019/09/05 05:00:00",BASTYAN,80.98
D,DISPATCH,UNIT_SCADA,1,"2019/09/05 05:00:00",BBTHREE1,0
D,DISPATCH,UNIT_SCADA,1,"2019/09/05 05:00:00",BBTHREE2,0
D,DISPATCH,UNIT_SCADA,1,"2019/09/05 05:00:00",BBTHREE3,0
D,DISPATCH,UNIT_SCADA,1,"2019/09/05 05:00:00",BDL01,0
D,DISPATCH,UNIT_SCADA,1,"2019/09/05 05:00:00",BDL02,0
D,DISPATCH,UNIT_SCADA,1,"2019/09/05 05:00:00",BERYLSF1,0
D,DISPATCH,UNIT_SCADA,1,"2019/09/05 05:00:00",BLOWERNG,11.10
D,DISPATCH,UNIT_SCADA,1,"2019/09/05 05:00:00",BLUFF1,0
D,DISPATCH,UNIT_SCADA,1,"2019/09/05 05:00:00",BNGSF1,0
D,DISPATCH,UNIT_SCADA,1,"2019/09/05 05:00:00",BNGSF2,0
D,DISPATCH,UNIT_SCADA,1,"2019/09/05 05:00:00",BOCORWF1,6.16
D,DISPATCH,UNIT_SCADA,1,"2019/09/05 05:00:00",BODWF1,4.906330
D,DISPATCH,UNIT_SCADA,1,"2019/09/05 05:00:00",BRAEMAR1,0
D,DISPATCH,UNIT_SCADA,1,"2019/09/05 05:00:00",BRAEMAR2,0
D,DISPATCH,UNIT_SCADA,1,"2019/09/05 05:00:00",BRAEMAR3,0
D,DISPATCH,UNIT_SCADA,1,"2019/09/05 05:00:00",BRAEMAR5,0
D,DISPATCH,UNIT_SCADA,1,"2019/09/05 05:00:00",BRAEMAR6,0
D,DISPATCH,UNIT_SCADA,1,"2019/09/05 05:00:00",BRAEMAR7,0
D,DISPATCH,UNIT_SCADA,1,"2019/09/05 05:00:00",BROKENH1,0
D,DISPATCH,UNIT_SCADA,1,"2019/09/05 05:00:00",BW01,552.449950
D,DISPATCH,UNIT_SCADA,1,"2019/09/05 05:00:00",BW02,612.724980
D,DISPATCH,UNIT_SCADA,1,"2019/09/05 05:00:00",BW03,627.575070
D,DISPATCH,UNIT_SCADA,1,"2019/09/05 05:00:00",BW04,0
D,DISPATCH,UNIT_SCADA,1,"2019/09/05 05:00:00",CALL_B_1,350
D,DISPATCH,UNIT_SCADA,1,"2019/09/05 05:00:00",CALL_B_2,349.800020
D,DISPATCH,UNIT_SCADA,1,"2019/09/05 05:00:00",CETHANA,80.760870
D,DISPATCH,UNIT_SCADA,1,"2019/09/05 05:00:00",CG1,0
D,DISPATCH,UNIT_SCADA,1,"2019/09/05 05:00:00",CG2,0
D,DISPATCH,UNIT_SCADA,1,"2019/09/05 05:00:00",CG3,0
D,DISPATCH,UNIT_SCADA,1,"2019/09/05 05:00:00",CG4,0
D,DISPATCH,UNIT_SCADA,1,"2019/09/05 05:00:00",CHILDSF1,0
D,DISPATCH,UNIT_SCADA,1,"2019/09/05 05:00:00",CLARESF1,0
D,DISPATCH,UNIT_SCADA,1,"2019/09/05 05:00:00",CLEMGPWF,-0.072040
D,DISPATCH,UNIT_SCADA,1,"2019/09/05 05:00:00",CLERMSF1,0
D,DISPATCH,UNIT_SCADA,1,"2019/09/05 05:00:00",COLEASF1,0
D,DISPATCH,UNIT_SCADA,1,"2019/09/05 05:00:00",COOPGWF1,3.629060
D,DISPATCH,UNIT_SCADA,1,"2019/09/05 05:00:00",CPP_3,406.450010
D,DISPATCH,UNIT_SCADA,1,"2019/09/05 05:00:00",CPP_4,405.899990
D,DISPATCH,UNIT_SCADA,1,"2019/09/05 05:00:00",CPSA,141.177510
D,DISPATCH,UNIT_SCADA,1,"2019/09/05 05:00:00",CROOKWF2,9.863750
D,DISPATCH,UNIT_SCADA,1,"2019/09/05 05:00:00",CROWLWF1,1.358210
D,DISPATCH,UNIT_SCADA,1,"2019/09/05 05:00:00",CSPVPS1,0
D,DISPATCH,UNIT_SCADA,1,"2019/09/05 05:00:00",DALNTH01,0
D,DISPATCH,UNIT_SCADA,1,"2019/09/05 05:00:00",DALNTHL1,0.093080
D,DISPATCH,UNIT_SCADA,1,"2019/09/05 05:00:00",DARTM1,133.600010
D,DISPATCH,UNIT_SCADA,1,"2019/09/05 05:00:00",DAYDSF1,0
D,DISPATCH,UNIT_SCADA,1,"2019/09/05 05:00:00",DDPS1,350.576420
D,DISPATCH,UNIT_SCADA,1,"2019/09/05 05:00:00",DDSF1,0
D,DISPATCH,UNIT_SCADA,1,"2019/09/05 05:00:00",DEVILS_G,56.654560
D,DISPATCH,UNIT_SCADA,1,"2019/09/05 05:00:00",DG_NSW1,0
D,DISPATCH,UNIT_SCADA,1,"2019/09/05 05:00:00",DG_QLD1,0
D,DISPATCH,UNIT_SCADA,1,"2019/09/05 05:00:00",DG_SA1,0
D,DISPATCH,UNIT_SCADA,1,"2019/09/05 05:00:00",DG_TAS1,0
D,DISPATCH,UNIT_SCADA,1,"2019/09/05 05:00:00",DG_VIC1,0
D,DISPATCH,UNIT_SCADA,1,"2019/09/05 05:00:00",DRYCGT1,0
D,DISPATCH,UNIT_SCADA,1,"2019/09/05 05:00:00",DRYCGT2,0
D,DISPATCH,UNIT_SCADA,1,"2019/09/05 05:00:00",DRYCGT3,0
D,DISPATCH,UNIT_SCADA,1,"2019/09/05 05:00:00",EILDON1,0
D,DISPATCH,UNIT_SCADA,1,"2019/09/05 05:00:00",EILDON2,0
D,DISPATCH,UNIT_SCADA,1,"2019/09/05 05:00:00",EMERASF1,0
D,DISPATCH,UNIT_SCADA,1,"2019/09/05 05:00:00",ER01,593.574950
D,DISPATCH,UNIT_SCADA,1,"2019/09/05 05:00:00",ER02,350.8750
D,DISPATCH,UNIT_SCADA,1,"2019/09/05 05:00:00",ER03,0
D,DISPATCH,UNIT_SCADA,1,"2019/09/05 05:00:00",ER04,600.25
D,DISPATCH,UNIT_SCADA,1,"2019/09/05 05:00:00",FINLYSF1,0
D,DISPATCH,UNIT_SCADA,1,"2019/09/05 05:00:00",FISHER,46
D,DISPATCH,UNIT_SCADA,1,"2019/09/05 05:00:00",GANNBG1,0
D,DISPATCH,UNIT_SCADA,1,"2019/09/05 05:00:00",GANNBL1,10.007710
D,DISPATCH,UNIT_SCADA,1,"2019/09/05 05:00:00",GANNSF1,0
D,DISPATCH,UNIT_SCADA,1,"2019/09/05 05:00:00",GORDON,21.216720
D,DISPATCH,UNIT_SCADA,1,"2019/09/05 05:00:00",GSTONE1,199.149990
D,DISPATCH,UNIT_SCADA,1,"2019/09/05 05:00:00",GSTONE2,200.55
D,DISPATCH,UNIT_SCADA,1,"2019/09/05 05:00:00",GSTONE3,0
D,DISPATCH,UNIT_SCADA,1,"2019/09/05 05:00:00",GSTONE4,199.6750
D,DISPATCH,UNIT_SCADA,1,"2019/09/05 05:00:00",GSTONE5,199.50
D,DISPATCH,UNIT_SCADA,1,"2019/09/05 05:00:00",GSTONE6,199.149990
D,DISPATCH,UNIT_SCADA,1,"2019/09/05 05:00:00",GULLRSF1,0
D,DISPATCH,UNIT_SCADA,1,"2019/09/05 05:00:00",GULLRWF1,28.630130
D,DISPATCH,UNIT_SCADA,1,"2019/09/05 05:00:00",GUNNING1,4.236670
D,DISPATCH,UNIT_SCADA,1,"2019/09/05 05:00:00",GUTHEGA,0
D,DISPATCH,UNIT_SCADA,1,"2019/09/05 05:00:00",HALLWF1,-0.45
D,DISPATCH,UNIT_SCADA,1,"2019/09/05 05:00:00",HALLWF2,-0.34
D,DISPATCH,UNIT_SCADA,1,"2019/09/05 05:00:00",HAMISF1,0
D,DISPATCH,UNIT_SCADA,1,"2019/09/05 05:00:00",HAUGHT11,0
D,DISPATCH,UNIT_SCADA,1,"2019/09/05 05:00:00",HAYMSF1,0
D,DISPATCH,UNIT_SCADA,1,"2019/09/05 05:00:00",HDWF1,4
D,DISPATCH,UNIT_SCADA,1,"2019/09/05 05:00:00",HDWF2,2
D,DISPATCH,UNIT_SCADA,1,"2019/09/05 05:00:00",HDWF3,1.70
D,DISPATCH,UNIT_SCADA,1,"2019/09/05 05:00:00",HPRG1,0.30
D,DISPATCH,UNIT_SCADA,1,"2019/09/05 05:00:00",HPRL1,0
D,DISPATCH,UNIT_SCADA,1,"2019/09/05 05:00:00",HUMENSW,0
D,DISPATCH,UNIT_SCADA,1,"2019/09/05 05:00:00",HUMEV,25.20
D,DISPATCH,UNIT_SCADA,1,"2019/09/05 05:00:00",HVGTS,0
D,DISPATCH,UNIT_SCADA,1,"2019/09/05 05:00:00",JBUTTERS,51.37
D,DISPATCH,UNIT_SCADA,1,"2019/09/05 05:00:00",JLA01,0.10
D,DISPATCH,UNIT_SCADA,1,"2019/09/05 05:00:00",JLA02,0
D,DISPATCH,UNIT_SCADA,1,"2019/09/05 05:00:00",JLA03,0
D,DISPATCH,UNIT_SCADA,1,"2019/09/05 05:00:00",JLA04,0
D,DISPATCH,UNIT_SCADA,1,"2019/09/05 05:00:00",JLB01,0
D,DISPATCH,UNIT_SCADA,1,"2019/09/05 05:00:00",JLB02,0.10
D,DISPATCH,UNIT_SCADA,1,"2019/09/05 05:00:00",JLB03,0
D,DISPATCH,UNIT_SCADA,1,"2019/09/05 05:00:00",KAREEYA1,21.5650
D,DISPATCH,UNIT_SCADA,1,"2019/09/05 05:00:00",KAREEYA2,21.64
D,DISPATCH,UNIT_SCADA,1,"2019/09/05 05:00:00",KAREEYA3,0
D,DISPATCH,UNIT_SCADA,1,"2019/09/05 05:00:00",KAREEYA4,21.6375
D,DISPATCH,UNIT_SCADA,1,"2019/09/05 05:00:00",KARSF1,0
D,DISPATCH,UNIT_SCADA,1,"2019/09/05 05:00:00",KIATAWF1,8.60
D,DISPATCH,UNIT_SCADA,1,"2019/09/05 05:00:00",KPP_1,0
D,DISPATCH,UNIT_SCADA,1,"2019/09/05 05:00:00",KSP1,0
D,DISPATCH,UNIT_SCADA,1,"2019/09/05 05:00:00",LADBROK1,0
D,DISPATCH,UNIT_SCADA,1,"2019/09/05 05:00:00",LADBROK2,0
D,DISPATCH,UNIT_SCADA,1,"2019/09/05 05:00:00",LD01,352.6312
D,DISPATCH,UNIT_SCADA,1,"2019/09/05 05:00:00",LD02,322.106230
D,DISPATCH,UNIT_SCADA,1,"2019/09/05 05:00:00",LD03,354.224950
D,DISPATCH,UNIT_SCADA,1,"2019/09/05 05:00:00",LD04,354.206270
D,DISPATCH,UNIT_SCADA,1,"2019/09/05 05:00:00",LEM_WIL,81.9035
D,DISPATCH,UNIT_SCADA,1,"2019/09/05 05:00:00",LGAPWF1,34.02
D,DISPATCH,UNIT_SCADA,1,"2019/09/05 05:00:00",LILYSF1,0
D,DISPATCH,UNIT_SCADA,1,"2019/09/05 05:00:00",LI_WY_CA,136.111660
D,DISPATCH,UNIT_SCADA,1,"2019/09/05 05:00:00",LKBONNY2,24.040880
D,DISPATCH,UNIT_SCADA,1,"2019/09/05 05:00:00",LKBONNY3,5.414740
D,DISPATCH,UNIT_SCADA,1,"2019/09/05 05:00:00",LK_ECHO,0
D,DISPATCH,UNIT_SCADA,1,"2019/09/05 05:00:00",LNGS1,0
D,DISPATCH,UNIT_SCADA,1,"2019/09/05 05:00:00",LNGS2,0
D,DISPATCH,UNIT_SCADA,1,"2019/09/05 05:00:00",LONSDALE,0
D,DISPATCH,UNIT_SCADA,1,"2019/09/05 05:00:00",LOYYB1,536.088620
D,DISPATCH,UNIT_SCADA,1,"2019/09/05 05:00:00",LOYYB2,582.330380
D,DISPATCH,UNIT_SCADA,1,"2019/09/05 05:00:00",LYA1,0
D,DISPATCH,UNIT_SCADA,1,"2019/09/05 05:00:00",LYA2,0
D,DISPATCH,UNIT_SCADA,1,"2019/09/05 05:00:00",LYA3,558
D,DISPATCH,UNIT_SCADA,1,"2019/09/05 05:00:00",LYA4,540
D,DISPATCH,UNIT_SCADA,1,"2019/09/05 05:00:00",MACARTH1,66.598460
D,DISPATCH,UNIT_SCADA,1,"2019/09/05 05:00:00",MACKAYGT,0.2240
D,DISPATCH,UNIT_SCADA,1,"2019/09/05 05:00:00",MACKNTSH,89.140010
D,DISPATCH,UNIT_SCADA,1,"2019/09/05 05:00:00",MANSLR1,0
D,DISPATCH,UNIT_SCADA,1,"2019/09/05 05:00:00",MCKAY1,0.0750
D,DISPATCH,UNIT_SCADA,1,"2019/09/05 05:00:00",MEADOWBK,24.836020
D,DISPATCH,UNIT_SCADA,1,"2019/09/05 05:00:00",MERCER01,10.34
D,DISPATCH,UNIT_SCADA,1,"2019/09/05 05:00:00",MEWF1,36.315140
D,DISPATCH,UNIT_SCADA,1,"2019/09/05 05:00:00",MINTARO,0
D,DISPATCH,UNIT_SCADA,1,"2019/09/05 05:00:00",MOREESF1,0
D,DISPATCH,UNIT_SCADA,1,"2019/09/05 05:00:00",MORTLK11,123
D,DISPATCH,UNIT_SCADA,1,"2019/09/05 05:00:00",MORTLK12,0
D,DISPATCH,UNIT_SCADA,1,"2019/09/05 05:00:00",MP1,220.6250
D,DISPATCH,UNIT_SCADA,1,"2019/09/05 05:00:00",MP2,0
D,DISPATCH,UNIT_SCADA,1,"2019/09/05 05:00:00",MPP_1,401
D,DISPATCH,UNIT_SCADA,1,"2019/09/05 05:00:00",MPP_2,436
D,DISPATCH,UNIT_SCADA,1,"2019/09/05 05:00:00",MSTUART1,0
D,DISPATCH,UNIT_SCADA,1,"2019/09/05 05:00:00",MSTUART2,0
D,DISPATCH,UNIT_SCADA,1,"2019/09/05 05:00:00",MSTUART3,0
D,DISPATCH,UNIT_SCADA,1,"2019/09/05 05:00:00",MTGELWF1,7.240520
D,DISPATCH,UNIT_SCADA,1,"2019/09/05 05:00:00",MURRAY,0
D,DISPATCH,UNIT_SCADA,1,"2019/09/05 05:00:00",MUSSELR1,26.60
D,DISPATCH,UNIT_SCADA,1,"2019/09/05 05:00:00",MUWAWF1,11.13
D,DISPATCH,UNIT_SCADA,1,"2019/09/05 05:00:00",NBHWF1,0.40
D,DISPATCH,UNIT_SCADA,1,"2019/09/05 05:00:00",NPS,102
D,DISPATCH,UNIT_SCADA,1,"2019/09/05 05:00:00",NUMURSF1,0
D,DISPATCH,UNIT_SCADA,1,"2019/09/05 05:00:00",NYNGAN1,0
D,DISPATCH,UNIT_SCADA,1,"2019/09/05 05:00:00",OAKEY1,0
D,DISPATCH,UNIT_SCADA,1,"2019/09/05 05:00:00",OAKEY1SF,0
D,DISPATCH,UNIT_SCADA,1,"2019/09/05 05:00:00",OAKEY2,0
D,DISPATCH,UNIT_SCADA,1,"2019/09/05 05:00:00",OAKEY2SF,0
D,DISPATCH,UNIT_SCADA,1,"2019/09/05 05:00:00",OAKLAND1,-0.20
D,DISPATCH,UNIT_SCADA,1,"2019/09/05 05:00:00",OSB-AG,139.84
D,DISPATCH,UNIT_SCADA,1,"2019/09/05 05:00:00",PARSF1,0
D,DISPATCH,UNIT_SCADA,1,"2019/09/05 05:00:00",POAT110,0
D,DISPATCH,UNIT_SCADA,1,"2019/09/05 05:00:00",POAT220,1.53
D,DISPATCH,UNIT_SCADA,1,"2019/09/05 05:00:00",POR01,0
D,DISPATCH,UNIT_SCADA,1,"2019/09/05 05:00:00",POR03,0
D,DISPATCH,UNIT_SCADA,1,"2019/09/05 05:00:00",PPCCGT,354.079380
D,DISPATCH,UNIT_SCADA,1,"2019/09/05 05:00:00",PTSTAN1,0
D,DISPATCH,UNIT_SCADA,1,"2019/09/05 05:00:00",PUMP1,0
D,DISPATCH,UNIT_SCADA,1,"2019/09/05 05:00:00",PUMP2,0
D,DISPATCH,UNIT_SCADA,1,"2019/09/05 05:00:00",QPS1,0
D,DISPATCH,UNIT_SCADA,1,"2019/09/05 05:00:00",QPS2,0
D,DISPATCH,UNIT_SCADA,1,"2019/09/05 05:00:00",QPS3,0
D,DISPATCH,UNIT_SCADA,1,"2019/09/05 05:00:00",QPS4,0
D,DISPATCH,UNIT_SCADA,1,"2019/09/05 05:00:00",QPS5,0
D,DISPATCH,UNIT_SCADA,1,"2019/09/05 05:00:00",REECE1,101.480010
D,DISPATCH,UNIT_SCADA,1,"2019/09/05 05:00:00",REECE2,102.100010
D,DISPATCH,UNIT_SCADA,1,"2019/09/05 05:00:00",ROMA_7,0
D,DISPATCH,UNIT_SCADA,1,"2019/09/05 05:00:00",ROMA_8,0
D,DISPATCH,UNIT_SCADA,1,"2019/09/05 05:00:00",RRSF1,0
D,DISPATCH,UNIT_SCADA,1,"2019/09/05 05:00:00",RT_NSW1,0
D,DISPATCH,UNIT_SCADA,1,"2019/09/05 05:00:00",RT_NSW2,0
D,DISPATCH,UNIT_SCADA,1,"2019/09/05 05:00:00",RT_NSW3,0
D,DISPATCH,UNIT_SCADA,1,"2019/09/05 05:00:00",RT_NSW4,0
D,DISPATCH,UNIT_SCADA,1,"2019/09/05 05:00:00",RT_NSW5,0
D,DISPATCH,UNIT_SCADA,1,"2019/09/05 05:00:00",RT_NSW6,0
D,DISPATCH,UNIT_SCADA,1,"2019/09/05 05:00:00",RT_QLD1,0
D,DISPATCH,UNIT_SCADA,1,"2019/09/05 05:00:00",RT_SA1,0
D,DISPATCH,UNIT_SCADA,1,"2019/09/05 05:00:00",RT_SA2,0
D,DISPATCH,UNIT_SCADA,1,"2019/09/05 05:00:00",RT_SA3,0
D,DISPATCH,UNIT_SCADA,1,"2019/09/05 05:00:00",RT_SA4,0
D,DISPATCH,UNIT_SCADA,1,"2019/09/05 05:00:00",RT_SA5,0
D,DISPATCH,UNIT_SCADA,1,"2019/09/05 05:00:00",RT_SA6,0
D,DISPATCH,UNIT_SCADA,1,"2019/09/05 05:00:00",RT_TAS1,0
D,DISPATCH,UNIT_SCADA,1,"2019/09/05 05:00:00",RT_VIC1,0
D,DISPATCH,UNIT_SCADA,1,"2019/09/05 05:00:00",RT_VIC10,0
D,DISPATCH,UNIT_SCADA,1,"2019/09/05 05:00:00",RT_VIC11,0
D,DISPATCH,UNIT_SCADA,1,"2019/09/05 05:00:00",RT_VIC12,0
D,DISPATCH,UNIT_SCADA,1,"2019/09/05 05:00:00",RT_VIC2,0
D,DISPATCH,UNIT_SCADA,1,"2019/09/05 05:00:00",RT_VIC3,0
D,DISPATCH,UNIT_SCADA,1,"2019/09/05 05:00:00",RT_VIC4,0
D,DISPATCH,UNIT_SCADA,1,"2019/09/05 05:00:00",RT_VIC5,0
D,DISPATCH,UNIT_SCADA,1,"2019/09/05 05:00:00",RT_VIC6,0
D,DISPATCH,UNIT_SCADA,1,"2019/09/05 05:00:00",RT_VIC7,0
D,DISPATCH,UNIT_SCADA,1,"2019/09/05 05:00:00",RT_VIC8,0
D,DISPATCH,UNIT_SCADA,1,"2019/09/05 05:00:00",RT_VIC9,0
D,DISPATCH,UNIT_SCADA,1,"2019/09/05 05:00:00",RUGBYR1,0
D,DISPATCH,UNIT_SCADA,1,"2019/09/05 05:00:00",SALTCRK1,5.80
D,DISPATCH,UNIT_SCADA,1,"2019/09/05 05:00:00",SAPHWF1,-2.446870
D,DISPATCH,UNIT_SCADA,1,"2019/09/05 05:00:00",SHGEN,0
D,DISPATCH,UNIT_SCADA,1,"2019/09/05 05:00:00",SHPUMP,159.048550
D,DISPATCH,UNIT_SCADA,1,"2019/09/05 05:00:00",SITHE01,0.214140
D,DISPATCH,UNIT_SCADA,1,"2019/09/05 05:00:00",SMCSF1,0
D,DISPATCH,UNIT_SCADA,1,"2019/09/05 05:00:00",SNOWNTH1,0.50
D,DISPATCH,UNIT_SCADA,1,"2019/09/05 05:00:00",SNOWSTH1,0.20
D,DISPATCH,UNIT_SCADA,1,"2019/09/05 05:00:00",SNOWTWN1,-0.641030
D,DISPATCH,UNIT_SCADA,1,"2019/09/05 05:00:00",SNOWYP,0
D,DISPATCH,UNIT_SCADA,1,"2019/09/05 05:00:00",SNUG1,0.019440
D,DISPATCH,UNIT_SCADA,1,"2019/09/05 05:00:00",SRSF1,0
D,DISPATCH,UNIT_SCADA,1,"2019/09/05 05:00:00",STAN-1,221.530040
D,DISPATCH,UNIT_SCADA,1,"2019/09/05 05:00:00",STAN-2,251.036620
D,DISPATCH,UNIT_SCADA,1,"2019/09/05 05:00:00",STAN-3,249.870190
D,DISPATCH,UNIT_SCADA,1,"2019/09/05 05:00:00",STAN-4,249.677930
D,DISPATCH,UNIT_SCADA,1,"2019/09/05 05:00:00",STWF1,170.808760
D,DISPATCH,UNIT_SCADA,1,"2019/09/05 05:00:00",SWAN_E,0
D,DISPATCH,UNIT_SCADA,1,"2019/09/05 05:00:00",TALWA1,316
D,DISPATCH,UNIT_SCADA,1,"2019/09/05 05:00:00",TARALGA1,16.98
D,DISPATCH,UNIT_SCADA,1,"2019/09/05 05:00:00",TARONG#1,280.300020
D,DISPATCH,UNIT_SCADA,1,"2019/09/05 05:00:00",TARONG#2,0
D,DISPATCH,UNIT_SCADA,1,"2019/09/05 05:00:00",TARONG#3,260.600010
D,DISPATCH,UNIT_SCADA,1,"2019/09/05 05:00:00",TARONG#4,278.700010
D,DISPATCH,UNIT_SCADA,1,"2019/09/05 05:00:00",TARRALEA,71
D,DISPATCH,UNIT_SCADA,1,"2019/09/05 05:00:00",TBSF1,-0.20
D,DISPATCH,UNIT_SCADA,1,"2019/09/05 05:00:00",TNPS1,379.600010
D,DISPATCH,UNIT_SCADA,1,"2019/09/05 05:00:00",TORRA1,58.790230
D,DISPATCH,UNIT_SCADA,1,"2019/09/05 05:00:00",TORRA2,0
D,DISPATCH,UNIT_SCADA,1,"2019/09/05 05:00:00",TORRA3,0
D,DISPATCH,UNIT_SCADA,1,"2019/09/05 05:00:00",TORRA4,59.904660
D,DISPATCH,UNIT_SCADA,1,"2019/09/05 05:00:00",TORRB1,87.44
D,DISPATCH,UNIT_SCADA,1,"2019/09/05 05:00:00",TORRB2,88.39
D,DISPATCH,UNIT_SCADA,1,"2019/09/05 05:00:00",TORRB3,89.15
D,DISPATCH,UNIT_SCADA,1,"2019/09/05 05:00:00",TORRB4,0
D,DISPATCH,UNIT_SCADA,1,"2019/09/05 05:00:00",TREVALLN,2.20
D,DISPATCH,UNIT_SCADA,1,"2019/09/05 05:00:00",TRIBUTE,0
D,DISPATCH,UNIT_SCADA,1,"2019/09/05 05:00:00",TUMUT3,0
D,DISPATCH,UNIT_SCADA,1,"2019/09/05 05:00:00",TUNGATIN,118.360040
D,DISPATCH,UNIT_SCADA,1,"2019/09/05 05:00:00",TVCC201,0
D,DISPATCH,UNIT_SCADA,1,"2019/09/05 05:00:00",TVPP104,0
D,DISPATCH,UNIT_SCADA,1,"2019/09/05 05:00:00",UPPTUMUT,0
D,DISPATCH,UNIT_SCADA,1,"2019/09/05 05:00:00",URANQ11,0
D,DISPATCH,UNIT_SCADA,1,"2019/09/05 05:00:00",URANQ12,0
D,DISPATCH,UNIT_SCADA,1,"2019/09/05 05:00:00",URANQ13,0
D,DISPATCH,UNIT_SCADA,1,"2019/09/05 05:00:00",URANQ14,0
D,DISPATCH,UNIT_SCADA,1,"2019/09/05 05:00:00",VP5,635.449950
D,DISPATCH,UNIT_SCADA,1,"2019/09/05 05:00:00",VP6,0
D,DISPATCH,UNIT_SCADA,1,"2019/09/05 05:00:00",VPGS1,0
D,DISPATCH,UNIT_SCADA,1,"2019/09/05 05:00:00",VPGS2,0
D,DISPATCH,UNIT_SCADA,1,"2019/09/05 05:00:00",VPGS3,0
D,DISPATCH,UNIT_SCADA,1,"2019/09/05 05:00:00",VPGS4,0
D,DISPATCH,UNIT_SCADA,1,"2019/09/05 05:00:00",VPGS5,0
D,DISPATCH,UNIT_SCADA,1,"2019/09/05 05:00:00",VPGS6,0
D,DISPATCH,UNIT_SCADA,1,"2019/09/05 05:00:00",W/HOE#1,0
D,DISPATCH,UNIT_SCADA,1,"2019/09/05 05:00:00",W/HOE#2,0
D,DISPATCH,UNIT_SCADA,1,"2019/09/05 05:00:00",WATERLWF,6.20
D,DISPATCH,UNIT_SCADA,1,"2019/09/05 05:00:00",WEMENSF1,0
D,DISPATCH,UNIT_SCADA,1,"2019/09/05 05:00:00",WGWF1,0
D,DISPATCH,UNIT_SCADA,1,"2019/09/05 05:00:00",WHITSF1,0
D,DISPATCH,UNIT_SCADA,1,"2019/09/05 05:00:00",WKIEWA1,25.60
D,DISPATCH,UNIT_SCADA,1,"2019/09/05 05:00:00",WKIEWA2,17
D,DISPATCH,UNIT_SCADA,1,"2019/09/05 05:00:00",WOODLWN1,1.574980
D,DISPATCH,UNIT_SCADA,1,"2019/09/05 05:00:00",WRSF1,0
D,DISPATCH,UNIT_SCADA,1,"2019/09/05 05:00:00",WRWF1,3.031250
D,DISPATCH,UNIT_SCADA,1,"2019/09/05 05:00:00",YABULU,0
D,DISPATCH,UNIT_SCADA,1,"2019/09/05 05:00:00",YABULU2,0
D,DISPATCH,UNIT_SCADA,1,"2019/09/05 05:00:00",YARWUN_1,166.11
D,DISPATCH,UNIT_SCADA,1,"2019/09/05 05:00:00",YENDWF1,-1.39
D,DISPATCH,UNIT_SCADA,1,"2019/09/05 05:00:00",YWPS1,379.698730
D,DISPATCH,UNIT_SCADA,1,"2019/09/05 05:00:00",YWPS2,280.949370
D,DISPATCH,UNIT_SCADA,1,"2019/09/05 05:00:00",YWPS3,318.740510
D,DISPATCH,UNIT_SCADA,1,"2019/09/05 05:00:00",YWPS4,387.334170
C,"END OF REPORT",335
