C,NEMP.WORLD,DISPATCHSCADA,AEMO,PUBLIC,2019/09/04,15:30:07,0000000312387475,DISPATCHSCADA,0000000312387469
I,DISPATCH,UNIT_SCADA,1,SETTLEMENTDATE,DUID,SCADAVALUE
D,DISPATCH,UNIT_SCADA,1,"2019/09/04 15:35:00",BARCSF1,10.10
D,DISPATCH,UNIT_SCADA,1,"2019/09/04 15:35:00",BUTLERSG,10.199999
D,DISPATCH,UNIT_SCADA,1,"2019/09/04 15:35:00",CALL_A_4,0
D,DISPATCH,UNIT_SCADA,1,"2019/09/04 15:35:00",CAPTL_WF,131.343994
D,DISPATCH,UNIT_SCADA,1,"2019/09/04 15:35:00",CATHROCK,0
D,DISPATCH,UNIT_SCADA,1,"2019/09/04 15:35:00",CHALLHWF,0
D,DISPATCH,UNIT_SCADA,1,"2019/09/04 15:35:00",CLOVER,-0.01
D,DISPATCH,UNIT_SCADA,1,"2019/09/04 15:35:00",CLUNY,12.234837
D,DISPATCH,UNIT_SCADA,1,"2019/09/04 15:35:00",CNUNDAWF,0.200234
D,DISPATCH,UNIT_SCADA,1,"2019/09/04 15:35:00",CULLRGWF,27.01
D,DISPATCH,UNIT_SCADA,1,"2019/09/04 15:35:00",ERGT01,0
D,DISPATCH,UNIT_SCADA,1,"2019/09/04 15:35:00",GB01,0.007187
D,DISPATCH,UNIT_SCADA,1,"2019/09/04 15:35:00",GERMCRK,35.900002
D,DISPATCH,UNIT_SCADA,1,"2019/09/04 15:35:00",GRIFSF1,26.196877
D,DISPATCH,UNIT_SCADA,1,"2019/09/04 15:35:00",HUGSF1,9.0010
D,DISPATCH,UNIT_SCADA,1,"2019/09/04 15:35:00",LKBONNY1,-0.360028
D,DISPATCH,UNIT_SCADA,1,"2019/09/04 15:35:00",LRSF1,12.9040
D,DISPATCH,UNIT_SCADA,1,"2019/09/04 15:35:00",MBAHNTH,42.693756
D,DISPATCH,UNIT_SCADA,1,"2019/09/04 15:35:00",MLSP1,2.453001
D,DISPATCH,UNIT_SCADA,1,"2019/09/04 15:35:00",MLWF1,1.29
D,DISPATCH,UNIT_SCADA,1,"2019/09/04 15:35:00",MTMILLAR,0.297652
D,DISPATCH,UNIT_SCADA,1,"2019/09/04 15:35:00",PALOONA,24.539999
D,DISPATCH,UNIT_SCADA,1,"2019/09/04 15:35:00",PIONEER,36.600002
D,DISPATCH,UNIT_SCADA,1,"2019/09/04 15:35:00",PORTWF,7.90
D,DISPATCH,UNIT_SCADA,1,"2019/09/04 15:35:00",REPULSE,20.091249
D,DISPATCH,UNIT_SCADA,1,"2019/09/04 15:35:00",ROWALLAN,10.3589
D,DISPATCH,UNIT_SCADA,1,"2019/09/04 15:35:00",ROYALLA1,9.155001
D,DISPATCH,UNIT_SCADA,1,"2019/09/04 15:35:00",RPCG,-0.40
D,DISPATCH,UNIT_SCADA,1,"2019/09/04 15:35:00",RUBICON,0
D,DISPATCH,UNIT_SCADA,1,"2019/09/04 15:35:00",SATGN1,0
D,DISPATCH,UNIT_SCADA,1,"2019/09/04 15:35:00",SATGS1,0
D,DISPATCH,UNIT_SCADA,1,"2019/09/04 15:35:00",STARHLWF,1.399592
D,DISPATCH,UNIT_SCADA,1,"2019/09/04 15:35:00",WAUBRAWF,17.1740
D,DISPATCH,UNIT_SCADA,1,"2019/09/04 15:35:00",WOOLNTH1,67.330017
D,DISPATCH,UNIT_SCADA,1,"2019/09/04 15:35:00",WPWF,0
D,DISPATCH,UNIT_SCADA,1,"2019/09/04 15:35:00",YAMBUKWF,3.30
D,DISPATCH,UNIT_SCADA,1,"2019/09/04 15:35:00",YSWF1,7.60
D,DISPATCH,UNIT_SCADA,1,"2019/09/04 15:35:00",AGLHAL,0
D,DISPATCH,UNIT_SCADA,1,"2019/09/04 15:35:00",AGLSOM,0
D,DISPATCH,UNIT_SCADA,1,"2019/09/04 15:35:00",ANGAST1,0
D,DISPATCH,UNIT_SCADA,1,"2019/09/04 15:35:00",ARWF1,33.20
D,DISPATCH,UNIT_SCADA,1,"2019/09/04 15:35:00",BALBG1,0
D,DISPATCH,UNIT_SCADA,1,"2019/09/04 15:35:00",BALBL1,0
D,DISPATCH,UNIT_SCADA,1,"2019/09/04 15:35:00",BALDHWF1,42.26
D,DISPATCH,UNIT_SCADA,1,"2019/09/04 15:35:00",BANN1,37.72
D,DISPATCH,UNIT_SCADA,1,"2019/09/04 15:35:00",BARCALDN,0
D,DISPATCH,UNIT_SCADA,1,"2019/09/04 15:35:00",BARRON-1,26.12
D,DISPATCH,UNIT_SCADA,1,"2019/09/04 15:35:00",BARRON-2,0
D,DISPATCH,UNIT_SCADA,1,"2019/09/04 15:35:00",BASTYAN,80.91
D,DISPATCH,UNIT_SCADA,1,"2019/09/04 15:35:00",BBTHREE1,0
D,DISPATCH,UNIT_SCADA,1,"2019/09/04 15:35:00",BBTHREE2,0
D,DISPATCH,UNIT_SCADA,1,"2019/09/04 15:35:00",BBTHREE3,0
D,DISPATCH,UNIT_SCADA,1,"2019/09/04 15:35:00",BDL01,0
D,DISPATCH,UNIT_SCADA,1,"2019/09/04 15:35:00",BDL02,0
D,DISPATCH,UNIT_SCADA,1,"2019/09/04 15:35:00",BERYLSF1,73.95
D,DISPATCH,UNIT_SCADA,1,"2019/09/04 15:35:00",BLOWERNG,11.10
D,DISPATCH,UNIT_SCADA,1,"2019/09/04 15:35:00",BLUFF1,0
D,DISPATCH,UNIT_SCADA,1,"2019/09/04 15:35:00",BNGSF1,97.99
D,DISPATCH,UNIT_SCADA,1,"2019/09/04 15:35:00",BNGSF2,20.01
D,DISPATCH,UNIT_SCADA,1,"2019/09/04 15:35:00",BOCORWF1,66.58
D,DISPATCH,UNIT_SCADA,1,"2019/09/04 15:35:00",BODWF1,80.0724
D,DISPATCH,UNIT_SCADA,1,"2019/09/04 15:35:00",BRAEMAR1,0
D,DISPATCH,UNIT_SCADA,1,"2019/09/04 15:35:00",BRAEMAR2,0
D,DISPATCH,UNIT_SCADA,1,"2019/09/04 15:35:00",BRAEMAR3,0
D,DISPATCH,UNIT_SCADA,1,"2019/09/04 15:35:00",BRAEMAR5,0
D,DISPATCH,UNIT_SCADA,1,"2019/09/04 15:35:00",BRAEMAR6,0
D,DISPATCH,UNIT_SCADA,1,"2019/09/04 15:35:00",BRAEMAR7,0
D,DISPATCH,UNIT_SCADA,1,"2019/09/04 15:35:00",BROKENH1,41.470950
D,DISPATCH,UNIT_SCADA,1,"2019/09/04 15:35:00",BW01,625.25
D,DISPATCH,UNIT_SCADA,1,"2019/09/04 15:35:00",BW02,630.700070
D,DISPATCH,UNIT_SCADA,1,"2019/09/04 15:35:00",BW03,646.8750
D,DISPATCH,UNIT_SCADA,1,"2019/09/04 15:35:00",BW04,0
D,DISPATCH,UNIT_SCADA,1,"2019/09/04 15:35:00",CALL_B_1,160.20
D,DISPATCH,UNIT_SCADA,1,"2019/09/04 15:35:00",CALL_B_2,159.400010
D,DISPATCH,UNIT_SCADA,1,"2019/09/04 15:35:00",CETHANA,69.4445
D,DISPATCH,UNIT_SCADA,1,"2019/09/04 15:35:00",CG1,0
D,DISPATCH,UNIT_SCADA,1,"2019/09/04 15:35:00",CG2,0
D,DISPATCH,UNIT_SCADA,1,"2019/09/04 15:35:00",CG3,0
D,DISPATCH,UNIT_SCADA,1,"2019/09/04 15:35:00",CG4,0
D,DISPATCH,UNIT_SCADA,1,"2019/09/04 15:35:00",CHILDSF1,44.83
D,DISPATCH,UNIT_SCADA,1,"2019/09/04 15:35:00",CLARESF1,46.704640
D,DISPATCH,UNIT_SCADA,1,"2019/09/04 15:35:00",CLEMGPWF,-0.288140
D,DISPATCH,UNIT_SCADA,1,"2019/09/04 15:35:00",CLERMSF1,15.07
D,DISPATCH,UNIT_SCADA,1,"2019/09/04 15:35:00",COLEASF1,64.90
D,DISPATCH,UNIT_SCADA,1,"2019/09/04 15:35:00",COOPGWF1,21.959010
D,DISPATCH,UNIT_SCADA,1,"2019/09/04 15:35:00",CPP_3,274.175020
D,DISPATCH,UNIT_SCADA,1,"2019/09/04 15:35:00",CPP_4,170.225010
D,DISPATCH,UNIT_SCADA,1,"2019/09/04 15:35:00",CPSA,74.920620
D,DISPATCH,UNIT_SCADA,1,"2019/09/04 15:35:00",CROOKWF2,87.893750
D,DISPATCH,UNIT_SCADA,1,"2019/09/04 15:35:00",CROWLWF1,13.0944
D,DISPATCH,UNIT_SCADA,1,"2019/09/04 15:35:00",CSPVPS1,24.3190
D,DISPATCH,UNIT_SCADA,1,"2019/09/04 15:35:00",DALNTH01,0
D,DISPATCH,UNIT_SCADA,1,"2019/09/04 15:35:00",DALNTHL1,0.1236
D,DISPATCH,UNIT_SCADA,1,"2019/09/04 15:35:00",DARTM1,0
D,DISPATCH,UNIT_SCADA,1,"2019/09/04 15:35:00",DAYDSF1,119.4940
D,DISPATCH,UNIT_SCADA,1,"2019/09/04 15:35:00",DDPS1,142.727870
D,DISPATCH,UNIT_SCADA,1,"2019/09/04 15:35:00",DDSF1,66.250760
D,DISPATCH,UNIT_SCADA,1,"2019/09/04 15:35:00",DEVILS_G,56.476330
D,DISPATCH,UNIT_SCADA,1,"2019/09/04 15:35:00",DG_NSW1,0
D,DISPATCH,UNIT_SCADA,1,"2019/09/04 15:35:00",DG_QLD1,0
D,DISPATCH,UNIT_SCADA,1,"2019/09/04 15:35:00",DG_SA1,0
D,DISPATCH,UNIT_SCADA,1,"2019/09/04 15:35:00",DG_TAS1,0
D,DISPATCH,UNIT_SCADA,1,"2019/09/04 15:35:00",DG_VIC1,0
D,DISPATCH,UNIT_SCADA,1,"2019/09/04 15:35:00",DRYCGT1,0
D,DISPATCH,UNIT_SCADA,1,"2019/09/04 15:35:00",DRYCGT2,0
D,DISPATCH,UNIT_SCADA,1,"2019/09/04 15:35:00",DRYCGT3,0
D,DISPATCH,UNIT_SCADA,1,"2019/09/04 15:35:00",EILDON1,0
D,DISPATCH,UNIT_SCADA,1,"2019/09/04 15:35:00",EILDON2,0
D,DISPATCH,UNIT_SCADA,1,"2019/09/04 15:35:00",EMERASF1,64.25
D,DISPATCH,UNIT_SCADA,1,"2019/09/04 15:35:00",ER01,586.550050
D,DISPATCH,UNIT_SCADA,1,"2019/09/04 15:35:00",ER02,692.400020
D,DISPATCH,UNIT_SCADA,1,"2019/09/04 15:35:00",ER03,0
D,DISPATCH,UNIT_SCADA,1,"2019/09/04 15:35:00",ER04,692.650020
D,DISPATCH,UNIT_SCADA,1,"2019/09/04 15:35:00",FINLYSF1,3.843770
D,DISPATCH,UNIT_SCADA,1,"2019/09/04 15:35:00",FISHER,46.05
D,DISPATCH,UNIT_SCADA,1,"2019/09/04 15:35:00",GANNBG1,0
D,DISPATCH,UNIT_SCADA,1,"2019/09/04 15:35:00",GANNBL1,1.755010
D,DISPATCH,UNIT_SCADA,1,"2019/09/04 15:35:00",GANNSF1,12.50
D,DISPATCH,UNIT_SCADA,1,"2019/09/04 15:35:00",GORDON,21.216720
D,DISPATCH,UNIT_SCADA,1,"2019/09/04 15:35:00",GSTONE1,158.55
D,DISPATCH,UNIT_SCADA,1,"2019/09/04 15:35:00",GSTONE2,123.55
D,DISPATCH,UNIT_SCADA,1,"2019/09/04 15:35:00",GSTONE3,0
D,DISPATCH,UNIT_SCADA,1,"2019/09/04 15:35:00",GSTONE4,159.599990
D,DISPATCH,UNIT_SCADA,1,"2019/09/04 15:35:00",GSTONE5,157.50
D,DISPATCH,UNIT_SCADA,1,"2019/09/04 15:35:00",GSTONE6,158.024990
D,DISPATCH,UNIT_SCADA,1,"2019/09/04 15:35:00",GULLRSF1,1.064940
D,DISPATCH,UNIT_SCADA,1,"2019/09/04 15:35:00",GULLRWF1,129.757290
D,DISPATCH,UNIT_SCADA,1,"2019/09/04 15:35:00",GUNNING1,20.892380
D,DISPATCH,UNIT_SCADA,1,"2019/09/04 15:35:00",GUTHEGA,0
D,DISPATCH,UNIT_SCADA,1,"2019/09/04 15:35:00",HALLWF1,-0.57
D,DISPATCH,UNIT_SCADA,1,"2019/09/04 15:35:00",HALLWF2,-0.33
D,DISPATCH,UNIT_SCADA,1,"2019/09/04 15:35:00",HAMISF1,43.30
D,DISPATCH,UNIT_SCADA,1,"2019/09/04 15:35:00",HAUGHT11,96.833530
D,DISPATCH,UNIT_SCADA,1,"2019/09/04 15:35:00",HAYMSF1,37.6110
D,DISPATCH,UNIT_SCADA,1,"2019/09/04 15:35:00",HDWF1,3.30
D,DISPATCH,UNIT_SCADA,1,"2019/09/04 15:35:00",HDWF2,3.80
D,DISPATCH,UNIT_SCADA,1,"2019/09/04 15:35:00",HDWF3,4.30
D,DISPATCH,UNIT_SCADA,1,"2019/09/04 15:35:00",HPRG1,0
D,DISPATCH,UNIT_SCADA,1,"2019/09/04 15:35:00",HPRL1,36.40
D,DISPATCH,UNIT_SCADA,1,"2019/09/04 15:35:00",HUMENSW,0
D,DISPATCH,UNIT_SCADA,1,"2019/09/04 15:35:00",HUMEV,25.50
D,DISPATCH,UNIT_SCADA,1,"2019/09/04 15:35:00",HVGTS,0
D,DISPATCH,UNIT_SCADA,1,"2019/09/04 15:35:00",JBUTTERS,31.83
D,DISPATCH,UNIT_SCADA,1,"2019/09/04 15:35:00",JLA01,40.40
D,DISPATCH,UNIT_SCADA,1,"2019/09/04 15:35:00",JLA02,0
D,DISPATCH,UNIT_SCADA,1,"2019/09/04 15:35:00",JLA03,0
D,DISPATCH,UNIT_SCADA,1,"2019/09/04 15:35:00",JLA04,0
D,DISPATCH,UNIT_SCADA,1,"2019/09/04 15:35:00",JLB01,0
D,DISPATCH,UNIT_SCADA,1,"2019/09/04 15:35:00",JLB02,0.10
D,DISPATCH,UNIT_SCADA,1,"2019/09/04 15:35:00",JLB03,0
D,DISPATCH,UNIT_SCADA,1,"2019/09/04 15:35:00",KAREEYA1,21.5825
D,DISPATCH,UNIT_SCADA,1,"2019/09/04 15:35:00",KAREEYA2,21.7050
D,DISPATCH,UNIT_SCADA,1,"2019/09/04 15:35:00",KAREEYA3,0
D,DISPATCH,UNIT_SCADA,1,"2019/09/04 15:35:00",KAREEYA4,21.6725
D,DISPATCH,UNIT_SCADA,1,"2019/09/04 15:35:00",KARSF1,74.70
D,DISPATCH,UNIT_SCADA,1,"2019/09/04 15:35:00",KIATAWF1,0.30
D,DISPATCH,UNIT_SCADA,1,"2019/09/04 15:35:00",KPP_1,0
D,DISPATCH,UNIT_SCADA,1,"2019/09/04 15:35:00",KSP1,46.50
D,DISPATCH,UNIT_SCADA,1,"2019/09/04 15:35:00",LADBROK1,0
D,DISPATCH,UNIT_SCADA,1,"2019/09/04 15:35:00",LADBROK2,0
D,DISPATCH,UNIT_SCADA,1,"2019/09/04 15:35:00",LD01,387.731230
D,DISPATCH,UNIT_SCADA,1,"2019/09/04 15:35:00",LD02,382.3688
D,DISPATCH,UNIT_SCADA,1,"2019/09/04 15:35:00",LD03,386.193790
D,DISPATCH,UNIT_SCADA,1,"2019/09/04 15:35:00",LD04,358.537540
D,DISPATCH,UNIT_SCADA,1,"2019/09/04 15:35:00",LEM_WIL,85.351550
D,DISPATCH,UNIT_SCADA,1,"2019/09/04 15:35:00",LGAPWF1,0
D,DISPATCH,UNIT_SCADA,1,"2019/09/04 15:35:00",LILYSF1,87.556090
D,DISPATCH,UNIT_SCADA,1,"2019/09/04 15:35:00",LI_WY_CA,100.083760
D,DISPATCH,UNIT_SCADA,1,"2019/09/04 15:35:00",LKBONNY2,0.254610
D,DISPATCH,UNIT_SCADA,1,"2019/09/04 15:35:00",LKBONNY3,0.725690
D,DISPATCH,UNIT_SCADA,1,"2019/09/04 15:35:00",LK_ECHO,0
D,DISPATCH,UNIT_SCADA,1,"2019/09/04 15:35:00",LNGS1,0
D,DISPATCH,UNIT_SCADA,1,"2019/09/04 15:35:00",LNGS2,0
D,DISPATCH,UNIT_SCADA,1,"2019/09/04 15:35:00",LONSDALE,0
D,DISPATCH,UNIT_SCADA,1,"2019/09/04 15:35:00",LOYYB1,537.592410
D,DISPATCH,UNIT_SCADA,1,"2019/09/04 15:35:00",LOYYB2,578.946840
D,DISPATCH,UNIT_SCADA,1,"2019/09/04 15:35:00",LYA1,0
D,DISPATCH,UNIT_SCADA,1,"2019/09/04 15:35:00",LYA2,0
D,DISPATCH,UNIT_SCADA,1,"2019/09/04 15:35:00",LYA3,559
D,DISPATCH,UNIT_SCADA,1,"2019/09/04 15:35:00",LYA4,541
D,DISPATCH,UNIT_SCADA,1,"2019/09/04 15:35:00",MACARTH1,0
D,DISPATCH,UNIT_SCADA,1,"2019/09/04 15:35:00",MACKAYGT,0.2240
D,DISPATCH,UNIT_SCADA,1,"2019/09/04 15:35:00",MACKNTSH,89.310010
D,DISPATCH,UNIT_SCADA,1,"2019/09/04 15:35:00",MANSLR1,39.2960
D,DISPATCH,UNIT_SCADA,1,"2019/09/04 15:35:00",MCKAY1,-0.0350
D,DISPATCH,UNIT_SCADA,1,"2019/09/04 15:35:00",MEADOWBK,25.521940
D,DISPATCH,UNIT_SCADA,1,"2019/09/04 15:35:00",MERCER01,15.9240
D,DISPATCH,UNIT_SCADA,1,"2019/09/04 15:35:00",MEWF1,30.1783
D,DISPATCH,UNIT_SCADA,1,"2019/09/04 15:35:00",MINTARO,0
D,DISPATCH,UNIT_SCADA,1,"2019/09/04 15:35:00",MOREESF1,48.5720
D,DISPATCH,UNIT_SCADA,1,"2019/09/04 15:35:00",MORTLK11,234
D,DISPATCH,UNIT_SCADA,1,"2019/09/04 15:35:00",MORTLK12,0
D,DISPATCH,UNIT_SCADA,1,"2019/09/04 15:35:00",MP1,222.6250
D,DISPATCH,UNIT_SCADA,1,"2019/09/04 15:35:00",MP2,0
D,DISPATCH,UNIT_SCADA,1,"2019/09/04 15:35:00",MPP_1,328.50
D,DISPATCH,UNIT_SCADA,1,"2019/09/04 15:35:00",MPP_2,337
D,DISPATCH,UNIT_SCADA,1,"2019/09/04 15:35:00",MSTUART1,0
D,DISPATCH,UNIT_SCADA,1,"2019/09/04 15:35:00",MSTUART2,0
D,DISPATCH,UNIT_SCADA,1,"2019/09/04 15:35:00",MSTUART3,0
D,DISPATCH,UNIT_SCADA,1,"2019/09/04 15:35:00",MTGELWF1,64.5024
D,DISPATCH,UNIT_SCADA,1,"2019/09/04 15:35:00",MURRAY,0
D,DISPATCH,UNIT_SCADA,1,"2019/09/04 15:35:00",MUSSELR1,164.30
D,DISPATCH,UNIT_SCADA,1,"2019/09/04 15:35:00",MUWAWF1,0.62
D,DISPATCH,UNIT_SCADA,1,"2019/09/04 15:35:00",NBHWF1,-0.30
D,DISPATCH,UNIT_SCADA,1,"2019/09/04 15:35:00",NPS,228.3750
D,DISPATCH,UNIT_SCADA,1,"2019/09/04 15:35:00",NUMURSF1,38.44
D,DISPATCH,UNIT_SCADA,1,"2019/09/04 15:35:00",NYNGAN1,64.50
D,DISPATCH,UNIT_SCADA,1,"2019/09/04 15:35:00",OAKEY1,0
D,DISPATCH,UNIT_SCADA,1,"2019/09/04 15:35:00",OAKEY1SF,23.5560
D,DISPATCH,UNIT_SCADA,1,"2019/09/04 15:35:00",OAKEY2,0
D,DISPATCH,UNIT_SCADA,1,"2019/09/04 15:35:00",OAKEY2SF,0
D,DISPATCH,UNIT_SCADA,1,"2019/09/04 15:35:00",OAKLAND1,24.60
D,DISPATCH,UNIT_SCADA,1,"2019/09/04 15:35:00",OSB-AG,177.36
D,DISPATCH,UNIT_SCADA,1,"2019/09/04 15:35:00",PARSF1,45.203130
D,DISPATCH,UNIT_SCADA,1,"2019/09/04 15:35:00",POAT110,0
D,DISPATCH,UNIT_SCADA,1,"2019/09/04 15:35:00",POAT220,7.06
D,DISPATCH,UNIT_SCADA,1,"2019/09/04 15:35:00",POR01,0
D,DISPATCH,UNIT_SCADA,1,"2019/09/04 15:35:00",POR03,0
D,DISPATCH,UNIT_SCADA,1,"2019/09/04 15:35:00",PPCCGT,480.247040
D,DISPATCH,UNIT_SCADA,1,"2019/09/04 15:35:00",PTSTAN1,0
D,DISPATCH,UNIT_SCADA,1,"2019/09/04 15:35:00",PUMP1,0
D,DISPATCH,UNIT_SCADA,1,"2019/09/04 15:35:00",PUMP2,0
D,DISPATCH,UNIT_SCADA,1,"2019/09/04 15:35:00",QPS1,29
D,DISPATCH,UNIT_SCADA,1,"2019/09/04 15:35:00",QPS2,0
D,DISPATCH,UNIT_SCADA,1,"2019/09/04 15:35:00",QPS3,0
D,DISPATCH,UNIT_SCADA,1,"2019/09/04 15:35:00",QPS4,0
D,DISPATCH,UNIT_SCADA,1,"2019/09/04 15:35:00",QPS5,0
D,DISPATCH,UNIT_SCADA,1,"2019/09/04 15:35:00",REECE1,117.940010
D,DISPATCH,UNIT_SCADA,1,"2019/09/04 15:35:00",REECE2,102.120010
D,DISPATCH,UNIT_SCADA,1,"2019/09/04 15:35:00",ROMA_7,0
D,DISPATCH,UNIT_SCADA,1,"2019/09/04 15:35:00",ROMA_8,0
D,DISPATCH,UNIT_SCADA,1,"2019/09/04 15:35:00",RRSF1,114.116550
D,DISPATCH,UNIT_SCADA,1,"2019/09/04 15:35:00",RT_NSW1,0
D,DISPATCH,UNIT_SCADA,1,"2019/09/04 15:35:00",RT_NSW2,0
D,DISPATCH,UNIT_SCADA,1,"2019/09/04 15:35:00",RT_NSW3,0
D,DISPATCH,UNIT_SCADA,1,"2019/09/04 15:35:00",RT_NSW4,0
D,DISPATCH,UNIT_SCADA,1,"2019/09/04 15:35:00",RT_NSW5,0
D,DISPATCH,UNIT_SCADA,1,"2019/09/04 15:35:00",RT_NSW6,0
D,DISPATCH,UNIT_SCADA,1,"2019/09/04 15:35:00",RT_QLD1,0
D,DISPATCH,UNIT_SCADA,1,"2019/09/04 15:35:00",RT_SA1,0
D,DISPATCH,UNIT_SCADA,1,"2019/09/04 15:35:00",RT_SA2,0
D,DISPATCH,UNIT_SCADA,1,"2019/09/04 15:35:00",RT_SA3,0
D,DISPATCH,UNIT_SCADA,1,"2019/09/04 15:35:00",RT_SA4,0
D,DISPATCH,UNIT_SCADA,1,"2019/09/04 15:35:00",RT_SA5,0
D,DISPATCH,UNIT_SCADA,1,"2019/09/04 15:35:00",RT_SA6,0
D,DISPATCH,UNIT_SCADA,1,"2019/09/04 15:35:00",RT_TAS1,0
D,DISPATCH,UNIT_SCADA,1,"2019/09/04 15:35:00",RT_VIC1,0
D,DISPATCH,UNIT_SCADA,1,"2019/09/04 15:35:00",RT_VIC10,0
D,DISPATCH,UNIT_SCADA,1,"2019/09/04 15:35:00",RT_VIC11,0
D,DISPATCH,UNIT_SCADA,1,"2019/09/04 15:35:00",RT_VIC12,0
D,DISPATCH,UNIT_SCADA,1,"2019/09/04 15:35:00",RT_VIC2,0
D,DISPATCH,UNIT_SCADA,1,"2019/09/04 15:35:00",RT_VIC3,0
D,DISPATCH,UNIT_SCADA,1,"2019/09/04 15:35:00",RT_VIC4,0
D,DISPATCH,UNIT_SCADA,1,"2019/09/04 15:35:00",RT_VIC5,0
D,DISPATCH,UNIT_SCADA,1,"2019/09/04 15:35:00",RT_VIC6,0
D,DISPATCH,UNIT_SCADA,1,"2019/09/04 15:35:00",RT_VIC7,0
D,DISPATCH,UNIT_SCADA,1,"2019/09/04 15:35:00",RT_VIC8,0
D,DISPATCH,UNIT_SCADA,1,"2019/09/04 15:35:00",RT_VIC9,0
D,DISPATCH,UNIT_SCADA,1,"2019/09/04 15:35:00",RUGBYR1,60.7232
D,DISPATCH,UNIT_SCADA,1,"2019/09/04 15:35:00",SALTCRK1,9.10
D,DISPATCH,UNIT_SCADA,1,"2019/09/04 15:35:00",SAPHWF1,207.168730
D,DISPATCH,UNIT_SCADA,1,"2019/09/04 15:35:00",SHGEN,0
D,DISPATCH,UNIT_SCADA,1,"2019/09/04 15:35:00",SHPUMP,78.803110
D,DISPATCH,UNIT_SCADA,1,"2019/09/04 15:35:00",SITHE01,0.1840
D,DISPATCH,UNIT_SCADA,1,"2019/09/04 15:35:00",SMCSF1,60.657180
D,DISPATCH,UNIT_SCADA,1,"2019/09/04 15:35:00",SNOWNTH1,4.10
D,DISPATCH,UNIT_SCADA,1,"2019/09/04 15:35:00",SNOWSTH1,12.20
D,DISPATCH,UNIT_SCADA,1,"2019/09/04 15:35:00",SNOWTWN1,0.699930
D,DISPATCH,UNIT_SCADA,1,"2019/09/04 15:35:00",SNOWYP,0
D,DISPATCH,UNIT_SCADA,1,"2019/09/04 15:35:00",SNUG1,0.019440
D,DISPATCH,UNIT_SCADA,1,"2019/09/04 15:35:00",SRSF1,34.61
D,DISPATCH,UNIT_SCADA,1,"2019/09/04 15:35:00",STAN-1,299.718630
D,DISPATCH,UNIT_SCADA,1,"2019/09/04 15:35:00",STAN-2,250.908430
D,DISPATCH,UNIT_SCADA,1,"2019/09/04 15:35:00",STAN-3,253.894990
D,DISPATCH,UNIT_SCADA,1,"2019/09/04 15:35:00",STAN-4,249.049850
D,DISPATCH,UNIT_SCADA,1,"2019/09/04 15:35:00",STWF1,36.393770
D,DISPATCH,UNIT_SCADA,1,"2019/09/04 15:35:00",SWAN_E,0
D,DISPATCH,UNIT_SCADA,1,"2019/09/04 15:35:00",TALWA1,413
D,DISPATCH,UNIT_SCADA,1,"2019/09/04 15:35:00",TARALGA1,100.556240
D,DISPATCH,UNIT_SCADA,1,"2019/09/04 15:35:00",TARONG#1,348.50
D,DISPATCH,UNIT_SCADA,1,"2019/09/04 15:35:00",TARONG#2,0
D,DISPATCH,UNIT_SCADA,1,"2019/09/04 15:35:00",TARONG#3,279
D,DISPATCH,UNIT_SCADA,1,"2019/09/04 15:35:00",TARONG#4,350.300020
D,DISPATCH,UNIT_SCADA,1,"2019/09/04 15:35:00",TARRALEA,75.70
D,DISPATCH,UNIT_SCADA,1,"2019/09/04 15:35:00",TBSF1,9.70
D,DISPATCH,UNIT_SCADA,1,"2019/09/04 15:35:00",TNPS1,379.600010
D,DISPATCH,UNIT_SCADA,1,"2019/09/04 15:35:00",TORRA1,70.977870
D,DISPATCH,UNIT_SCADA,1,"2019/09/04 15:35:00",TORRA2,0
D,DISPATCH,UNIT_SCADA,1,"2019/09/04 15:35:00",TORRA3,0
D,DISPATCH,UNIT_SCADA,1,"2019/09/04 15:35:00",TORRA4,67.935530
D,DISPATCH,UNIT_SCADA,1,"2019/09/04 15:35:00",TORRB1,94.30
D,DISPATCH,UNIT_SCADA,1,"2019/09/04 15:35:00",TORRB2,98.75
D,DISPATCH,UNIT_SCADA,1,"2019/09/04 15:35:00",TORRB3,96.87
D,DISPATCH,UNIT_SCADA,1,"2019/09/04 15:35:00",TORRB4,0
D,DISPATCH,UNIT_SCADA,1,"2019/09/04 15:35:00",TREVALLN,0
D,DISPATCH,UNIT_SCADA,1,"2019/09/04 15:35:00",TRIBUTE,0
D,DISPATCH,UNIT_SCADA,1,"2019/09/04 15:35:00",TUMUT3,0
D,DISPATCH,UNIT_SCADA,1,"2019/09/04 15:35:00",TUNGATIN,19.60
D,DISPATCH,UNIT_SCADA,1,"2019/09/04 15:35:00",TVCC201,0
D,DISPATCH,UNIT_SCADA,1,"2019/09/04 15:35:00",TVPP104,0
D,DISPATCH,UNIT_SCADA,1,"2019/09/04 15:35:00",UPPTUMUT,302.011440
D,DISPATCH,UNIT_SCADA,1,"2019/09/04 15:35:00",URANQ11,0
D,DISPATCH,UNIT_SCADA,1,"2019/09/04 15:35:00",URANQ12,0
D,DISPATCH,UNIT_SCADA,1,"2019/09/04 15:35:00",URANQ13,159.137510
D,DISPATCH,UNIT_SCADA,1,"2019/09/04 15:35:00",URANQ14,0
D,DISPATCH,UNIT_SCADA,1,"2019/09/04 15:35:00",VP5,488.224980
D,DISPATCH,UNIT_SCADA,1,"2019/09/04 15:35:00",VP6,0
D,DISPATCH,UNIT_SCADA,1,"2019/09/04 15:35:00",VPGS1,0
D,DISPATCH,UNIT_SCADA,1,"2019/09/04 15:35:00",VPGS2,0
D,DISPATCH,UNIT_SCADA,1,"2019/09/04 15:35:00",VPGS3,0
D,DISPATCH,UNIT_SCADA,1,"2019/09/04 15:35:00",VPGS4,0
D,DISPATCH,UNIT_SCADA,1,"2019/09/04 15:35:00",VPGS5,0
D,DISPATCH,UNIT_SCADA,1,"2019/09/04 15:35:00",VPGS6,0
D,DISPATCH,UNIT_SCADA,1,"2019/09/04 15:35:00",W/HOE#1,0
D,DISPATCH,UNIT_SCADA,1,"2019/09/04 15:35:00",W/HOE#2,0
D,DISPATCH,UNIT_SCADA,1,"2019/09/04 15:35:00",WATERLWF,6.10
D,DISPATCH,UNIT_SCADA,1,"2019/09/04 15:35:00",WEMENSF1,17.20
D,DISPATCH,UNIT_SCADA,1,"2019/09/04 15:35:00",WGWF1,1.70
D,DISPATCH,UNIT_SCADA,1,"2019/09/04 15:35:00",WHITSF1,41.90
D,DISPATCH,UNIT_SCADA,1,"2019/09/04 15:35:00",WKIEWA1,13
D,DISPATCH,UNIT_SCADA,1,"2019/09/04 15:35:00",WKIEWA2,0.10
D,DISPATCH,UNIT_SCADA,1,"2019/09/04 15:35:00",WOODLWN1,44.4420
D,DISPATCH,UNIT_SCADA,1,"2019/09/04 15:35:00",WRSF1,11.69
D,DISPATCH,UNIT_SCADA,1,"2019/09/04 15:35:00",WRWF1,129.049990
D,DISPATCH,UNIT_SCADA,1,"2019/09/04 15:35:00",YABULU,0
D,DISPATCH,UNIT_SCADA,1,"2019/09/04 15:35:00",YABULU2,0
D,DISPATCH,UNIT_SCADA,1,"2019/09/04 15:35:00",YARWUN_1,115.06
D,DISPATCH,UNIT_SCADA,1,"2019/09/04 15:35:00",YENDWF1,29.78
D,DISPATCH,UNIT_SCADA,1,"2019/09/04 15:35:00",YWPS1,382.455690
D,DISPATCH,UNIT_SCADA,1,"2019/09/04 15:35:00",YWPS2,284.708860
D,DISPATCH,UNIT_SCADA,1,"2019/09/04 15:35:00",YWPS3,364.751890
D,DISPATCH,UNIT_SCADA,1,"2019/09/04 15:35:00",YWPS4,387.898740
C,"END OF REPORT",335
