C,NEMP.WORLD,DISPATCHSCADA,AEMO,PUBLIC,2019/09/06,04:05:09,0000000312447175,DISPATCHSCADA,0000000312447169
I,DISPATCH,UNIT_SCADA,1,SETTLEMENTDATE,DUID,SCADAVALUE
D,DISPATCH,UNIT_SCADA,1,"2019/09/06 04:10:00",BARCSF1,0.30
D,DISPATCH,UNIT_SCADA,1,"2019/09/06 04:10:00",BUTLERSG,10.099998
D,DISPATCH,UNIT_SCADA,1,"2019/09/06 04:10:00",CALL_A_4,0
D,DISPATCH,UNIT_SCADA,1,"2019/09/06 04:10:00",CAPTL_WF,53.6120
D,DISPATCH,UNIT_SCADA,1,"2019/09/06 04:10:00",CATHROCK,0
D,DISPATCH,UNIT_SCADA,1,"2019/09/06 04:10:00",CHALLHWF,24.200001
D,DISPATCH,UNIT_SCADA,1,"2019/09/06 04:10:00",CLOVER,-0.02
D,DISPATCH,UNIT_SCADA,1,"2019/09/06 04:10:00",CLUNY,15.678187
D,DISPATCH,UNIT_SCADA,1,"2019/09/06 04:10:00",CNUNDAWF,9.711329
D,DISPATCH,UNIT_SCADA,1,"2019/09/06 04:10:00",CULLRGWF,6.63
D,DISPATCH,UNIT_SCADA,1,"2019/09/06 04:10:00",ERGT01,0
D,DISPATCH,UNIT_SCADA,1,"2019/09/06 04:10:00",GB01,0.014961
D,DISPATCH,UNIT_SCADA,1,"2019/09/06 04:10:00",GERMCRK,34.50
D,DISPATCH,UNIT_SCADA,1,"2019/09/06 04:10:00",GRIFSF1,0
D,DISPATCH,UNIT_SCADA,1,"2019/09/06 04:10:00",HUGSF1,-0.2330
D,DISPATCH,UNIT_SCADA,1,"2019/09/06 04:10:00",LKBONNY1,18.754967
D,DISPATCH,UNIT_SCADA,1,"2019/09/06 04:10:00",LRSF1,-0.0010
D,DISPATCH,UNIT_SCADA,1,"2019/09/06 04:10:00",MBAHNTH,50.024994
D,DISPATCH,UNIT_SCADA,1,"2019/09/06 04:10:00",MLSP1,0
D,DISPATCH,UNIT_SCADA,1,"2019/09/06 04:10:00",MLWF1,17.1150
D,DISPATCH,UNIT_SCADA,1,"2019/09/06 04:10:00",MTMILLAR,56.464672
D,DISPATCH,UNIT_SCADA,1,"2019/09/06 04:10:00",PALOONA,25.93
D,DISPATCH,UNIT_SCADA,1,"2019/09/06 04:10:00",PIONEER,47.100002
D,DISPATCH,UNIT_SCADA,1,"2019/09/06 04:10:00",PORTWF,66.300003
D,DISPATCH,UNIT_SCADA,1,"2019/09/06 04:10:00",REPULSE,32.726940
D,DISPATCH,UNIT_SCADA,1,"2019/09/06 04:10:00",ROWALLAN,10.3518
D,DISPATCH,UNIT_SCADA,1,"2019/09/06 04:10:00",ROYALLA1,0
D,DISPATCH,UNIT_SCADA,1,"2019/09/06 04:10:00",RPCG,8.90
D,DISPATCH,UNIT_SCADA,1,"2019/09/06 04:10:00",RUBICON,0
D,DISPATCH,UNIT_SCADA,1,"2019/09/06 04:10:00",SATGN1,0
D,DISPATCH,UNIT_SCADA,1,"2019/09/06 04:10:00",SATGS1,0
D,DISPATCH,UNIT_SCADA,1,"2019/09/06 04:10:00",STARHLWF,30.591080
D,DISPATCH,UNIT_SCADA,1,"2019/09/06 04:10:00",WAUBRAWF,31.4680
D,DISPATCH,UNIT_SCADA,1,"2019/09/06 04:10:00",WOOLNTH1,123.150024
D,DISPATCH,UNIT_SCADA,1,"2019/09/06 04:10:00",WPWF,78
D,DISPATCH,UNIT_SCADA,1,"2019/09/06 04:10:00",YAMBUKWF,14.20
D,DISPATCH,UNIT_SCADA,1,"2019/09/06 04:10:00",YSWF1,0
D,DISPATCH,UNIT_SCADA,1,"2019/09/06 04:10:00",AGLHAL,0
D,DISPATCH,UNIT_SCADA,1,"2019/09/06 04:10:00",AGLSOM,0
D,DISPATCH,UNIT_SCADA,1,"2019/09/06 04:10:00",ANGAST1,0
D,DISPATCH,UNIT_SCADA,1,"2019/09/06 04:10:00",ARWF1,25.90
D,DISPATCH,UNIT_SCADA,1,"2019/09/06 04:10:00",BALBG1,0
D,DISPATCH,UNIT_SCADA,1,"2019/09/06 04:10:00",BALBL1,0
D,DISPATCH,UNIT_SCADA,1,"2019/09/06 04:10:00",BALDHWF1,65.6870
D,DISPATCH,UNIT_SCADA,1,"2019/09/06 04:10:00",BANN1,0
D,DISPATCH,UNIT_SCADA,1,"2019/09/06 04:10:00",BARCALDN,0
D,DISPATCH,UNIT_SCADA,1,"2019/09/06 04:10:00",BARRON-1,0
D,DISPATCH,UNIT_SCADA,1,"2019/09/06 04:10:00",BARRON-2,0
D,DISPATCH,UNIT_SCADA,1,"2019/09/06 04:10:00",BASTYAN,79.02
D,DISPATCH,UNIT_SCADA,1,"2019/09/06 04:10:00",BBTHREE1,0
D,DISPATCH,UNIT_SCADA,1,"2019/09/06 04:10:00",BBTHREE2,0
D,DISPATCH,UNIT_SCADA,1,"2019/09/06 04:10:00",BBTHREE3,0
D,DISPATCH,UNIT_SCADA,1,"2019/09/06 04:10:00",BDL01,0
D,DISPATCH,UNIT_SCADA,1,"2019/09/06 04:10:00",BDL02,0
D,DISPATCH,UNIT_SCADA,1,"2019/09/06 04:10:00",BERYLSF1,0
D,DISPATCH,UNIT_SCADA,1,"2019/09/06 04:10:00",BLOWERNG,15.30
D,DISPATCH,UNIT_SCADA,1,"2019/09/06 04:10:00",BLUFF1,52.60
D,DISPATCH,UNIT_SCADA,1,"2019/09/06 04:10:00",BNGSF1,0
D,DISPATCH,UNIT_SCADA,1,"2019/09/06 04:10:00",BNGSF2,0
D,DISPATCH,UNIT_SCADA,1,"2019/09/06 04:10:00",BOCORWF1,77.51
D,DISPATCH,UNIT_SCADA,1,"2019/09/06 04:10:00",BODWF1,40.813190
D,DISPATCH,UNIT_SCADA,1,"2019/09/06 04:10:00",BRAEMAR1,0
D,DISPATCH,UNIT_SCADA,1,"2019/09/06 04:10:00",BRAEMAR2,0
D,DISPATCH,UNIT_SCADA,1,"2019/09/06 04:10:00",BRAEMAR3,0
D,DISPATCH,UNIT_SCADA,1,"2019/09/06 04:10:00",BRAEMAR5,0
D,DISPATCH,UNIT_SCADA,1,"2019/09/06 04:10:00",BRAEMAR6,0
D,DISPATCH,UNIT_SCADA,1,"2019/09/06 04:10:00",BRAEMAR7,0
D,DISPATCH,UNIT_SCADA,1,"2019/09/06 04:10:00",BROKENH1,0
D,DISPATCH,UNIT_SCADA,1,"2019/09/06 04:10:00",BW01,497.675050
D,DISPATCH,UNIT_SCADA,1,"2019/09/06 04:10:00",BW02,527.50
D,DISPATCH,UNIT_SCADA,1,"2019/09/06 04:10:00",BW03,592.474980
D,DISPATCH,UNIT_SCADA,1,"2019/09/06 04:10:00",BW04,0
D,DISPATCH,UNIT_SCADA,1,"2019/09/06 04:10:00",CALL_B_1,348.700010
D,DISPATCH,UNIT_SCADA,1,"2019/09/06 04:10:00",CALL_B_2,277.700010
D,DISPATCH,UNIT_SCADA,1,"2019/09/06 04:10:00",CETHANA,92.137120
D,DISPATCH,UNIT_SCADA,1,"2019/09/06 04:10:00",CG1,0
D,DISPATCH,UNIT_SCADA,1,"2019/09/06 04:10:00",CG2,0
D,DISPATCH,UNIT_SCADA,1,"2019/09/06 04:10:00",CG3,0
D,DISPATCH,UNIT_SCADA,1,"2019/09/06 04:10:00",CG4,0
D,DISPATCH,UNIT_SCADA,1,"2019/09/06 04:10:00",CHILDSF1,0
D,DISPATCH,UNIT_SCADA,1,"2019/09/06 04:10:00",CLARESF1,0
D,DISPATCH,UNIT_SCADA,1,"2019/09/06 04:10:00",CLEMGPWF,55.034750
D,DISPATCH,UNIT_SCADA,1,"2019/09/06 04:10:00",CLERMSF1,0
D,DISPATCH,UNIT_SCADA,1,"2019/09/06 04:10:00",COLEASF1,0
D,DISPATCH,UNIT_SCADA,1,"2019/09/06 04:10:00",COOPGWF1,21.102730
D,DISPATCH,UNIT_SCADA,1,"2019/09/06 04:10:00",CPP_3,390.225010
D,DISPATCH,UNIT_SCADA,1,"2019/09/06 04:10:00",CPP_4,391.325010
D,DISPATCH,UNIT_SCADA,1,"2019/09/06 04:10:00",CPSA,142.1250
D,DISPATCH,UNIT_SCADA,1,"2019/09/06 04:10:00",CROOKWF2,75.713750
D,DISPATCH,UNIT_SCADA,1,"2019/09/06 04:10:00",CROWLWF1,20.009980
D,DISPATCH,UNIT_SCADA,1,"2019/09/06 04:10:00",CSPVPS1,0
D,DISPATCH,UNIT_SCADA,1,"2019/09/06 04:10:00",DALNTH01,0
D,DISPATCH,UNIT_SCADA,1,"2019/09/06 04:10:00",DALNTHL1,0.157170
D,DISPATCH,UNIT_SCADA,1,"2019/09/06 04:10:00",DARTM1,0
D,DISPATCH,UNIT_SCADA,1,"2019/09/06 04:10:00",DAYDSF1,0
D,DISPATCH,UNIT_SCADA,1,"2019/09/06 04:10:00",DDPS1,0
D,DISPATCH,UNIT_SCADA,1,"2019/09/06 04:10:00",DDSF1,0
D,DISPATCH,UNIT_SCADA,1,"2019/09/06 04:10:00",DEVILS_G,62.8901
D,DISPATCH,UNIT_SCADA,1,"2019/09/06 04:10:00",DG_NSW1,0
D,DISPATCH,UNIT_SCADA,1,"2019/09/06 04:10:00",DG_QLD1,0
D,DISPATCH,UNIT_SCADA,1,"2019/09/06 04:10:00",DG_SA1,0
D,DISPATCH,UNIT_SCADA,1,"2019/09/06 04:10:00",DG_TAS1,0
D,DISPATCH,UNIT_SCADA,1,"2019/09/06 04:10:00",DG_VIC1,0
D,DISPATCH,UNIT_SCADA,1,"2019/09/06 04:10:00",DRYCGT1,0
D,DISPATCH,UNIT_SCADA,1,"2019/09/06 04:10:00",DRYCGT2,0
D,DISPATCH,UNIT_SCADA,1,"2019/09/06 04:10:00",DRYCGT3,0
D,DISPATCH,UNIT_SCADA,1,"2019/09/06 04:10:00",EILDON1,0
D,DISPATCH,UNIT_SCADA,1,"2019/09/06 04:10:00",EILDON2,0
D,DISPATCH,UNIT_SCADA,1,"2019/09/06 04:10:00",EMERASF1,0
D,DISPATCH,UNIT_SCADA,1,"2019/09/06 04:10:00",ER01,464.675050
D,DISPATCH,UNIT_SCADA,1,"2019/09/06 04:10:00",ER02,465.324950
D,DISPATCH,UNIT_SCADA,1,"2019/09/06 04:10:00",ER03,0
D,DISPATCH,UNIT_SCADA,1,"2019/09/06 04:10:00",ER04,465.1250
D,DISPATCH,UNIT_SCADA,1,"2019/09/06 04:10:00",FINLYSF1,0
D,DISPATCH,UNIT_SCADA,1,"2019/09/06 04:10:00",FISHER,44.87
D,DISPATCH,UNIT_SCADA,1,"2019/09/06 04:10:00",GANNBG1,0
D,DISPATCH,UNIT_SCADA,1,"2019/09/06 04:10:00",GANNBL1,10.0082
D,DISPATCH,UNIT_SCADA,1,"2019/09/06 04:10:00",GANNSF1,0
D,DISPATCH,UNIT_SCADA,1,"2019/09/06 04:10:00",GORDON,16.857120
D,DISPATCH,UNIT_SCADA,1,"2019/09/06 04:10:00",GSTONE1,130.55
D,DISPATCH,UNIT_SCADA,1,"2019/09/06 04:10:00",GSTONE2,109.7250
D,DISPATCH,UNIT_SCADA,1,"2019/09/06 04:10:00",GSTONE3,0
D,DISPATCH,UNIT_SCADA,1,"2019/09/06 04:10:00",GSTONE4,130.899990
D,DISPATCH,UNIT_SCADA,1,"2019/09/06 04:10:00",GSTONE5,131.0750
D,DISPATCH,UNIT_SCADA,1,"2019/09/06 04:10:00",GSTONE6,131.25
D,DISPATCH,UNIT_SCADA,1,"2019/09/06 04:10:00",GULLRSF1,0
D,DISPATCH,UNIT_SCADA,1,"2019/09/06 04:10:00",GULLRWF1,55.202150
D,DISPATCH,UNIT_SCADA,1,"2019/09/06 04:10:00",GUNNING1,11.894440
D,DISPATCH,UNIT_SCADA,1,"2019/09/06 04:10:00",GUTHEGA,0
D,DISPATCH,UNIT_SCADA,1,"2019/09/06 04:10:00",HALLWF1,91.60
D,DISPATCH,UNIT_SCADA,1,"2019/09/06 04:10:00",HALLWF2,68.21
D,DISPATCH,UNIT_SCADA,1,"2019/09/06 04:10:00",HAMISF1,0
D,DISPATCH,UNIT_SCADA,1,"2019/09/06 04:10:00",HAUGHT11,0
D,DISPATCH,UNIT_SCADA,1,"2019/09/06 04:10:00",HAYMSF1,0
D,DISPATCH,UNIT_SCADA,1,"2019/09/06 04:10:00",HDWF1,70.90
D,DISPATCH,UNIT_SCADA,1,"2019/09/06 04:10:00",HDWF2,54.80
D,DISPATCH,UNIT_SCADA,1,"2019/09/06 04:10:00",HDWF3,63.90
D,DISPATCH,UNIT_SCADA,1,"2019/09/06 04:10:00",HPRG1,0.20
D,DISPATCH,UNIT_SCADA,1,"2019/09/06 04:10:00",HPRL1,0
D,DISPATCH,UNIT_SCADA,1,"2019/09/06 04:10:00",HUMENSW,0
D,DISPATCH,UNIT_SCADA,1,"2019/09/06 04:10:00",HUMEV,24.30
D,DISPATCH,UNIT_SCADA,1,"2019/09/06 04:10:00",HVGTS,0
D,DISPATCH,UNIT_SCADA,1,"2019/09/06 04:10:00",JBUTTERS,0
D,DISPATCH,UNIT_SCADA,1,"2019/09/06 04:10:00",JLA01,0.10
D,DISPATCH,UNIT_SCADA,1,"2019/09/06 04:10:00",JLA02,0
D,DISPATCH,UNIT_SCADA,1,"2019/09/06 04:10:00",JLA03,0
D,DISPATCH,UNIT_SCADA,1,"2019/09/06 04:10:00",JLA04,0
D,DISPATCH,UNIT_SCADA,1,"2019/09/06 04:10:00",JLB01,0
D,DISPATCH,UNIT_SCADA,1,"2019/09/06 04:10:00",JLB02,0.10
D,DISPATCH,UNIT_SCADA,1,"2019/09/06 04:10:00",JLB03,0
D,DISPATCH,UNIT_SCADA,1,"2019/09/06 04:10:00",KAREEYA1,21.49
D,DISPATCH,UNIT_SCADA,1,"2019/09/06 04:10:00",KAREEYA2,21.7950
D,DISPATCH,UNIT_SCADA,1,"2019/09/06 04:10:00",KAREEYA3,0
D,DISPATCH,UNIT_SCADA,1,"2019/09/06 04:10:00",KAREEYA4,21.5850
D,DISPATCH,UNIT_SCADA,1,"2019/09/06 04:10:00",KARSF1,0
D,DISPATCH,UNIT_SCADA,1,"2019/09/06 04:10:00",KIATAWF1,28.90
D,DISPATCH,UNIT_SCADA,1,"2019/09/06 04:10:00",KPP_1,0
D,DISPATCH,UNIT_SCADA,1,"2019/09/06 04:10:00",KSP1,0
D,DISPATCH,UNIT_SCADA,1,"2019/09/06 04:10:00",LADBROK1,0
D,DISPATCH,UNIT_SCADA,1,"2019/09/06 04:10:00",LADBROK2,0
D,DISPATCH,UNIT_SCADA,1,"2019/09/06 04:10:00",LD01,347.849910
D,DISPATCH,UNIT_SCADA,1,"2019/09/06 04:10:00",LD02,321.018680
D,DISPATCH,UNIT_SCADA,1,"2019/09/06 04:10:00",LD03,353.174930
D,DISPATCH,UNIT_SCADA,1,"2019/09/06 04:10:00",LD04,349.612550
D,DISPATCH,UNIT_SCADA,1,"2019/09/06 04:10:00",LEM_WIL,84.9515
D,DISPATCH,UNIT_SCADA,1,"2019/09/06 04:10:00",LGAPWF1,34.55
D,DISPATCH,UNIT_SCADA,1,"2019/09/06 04:10:00",LILYSF1,0
D,DISPATCH,UNIT_SCADA,1,"2019/09/06 04:10:00",LI_WY_CA,139.993160
D,DISPATCH,UNIT_SCADA,1,"2019/09/06 04:10:00",LKBONNY2,40.680390
D,DISPATCH,UNIT_SCADA,1,"2019/09/06 04:10:00",LKBONNY3,10.271250
D,DISPATCH,UNIT_SCADA,1,"2019/09/06 04:10:00",LK_ECHO,0
D,DISPATCH,UNIT_SCADA,1,"2019/09/06 04:10:00",LNGS1,0
D,DISPATCH,UNIT_SCADA,1,"2019/09/06 04:10:00",LNGS2,0
D,DISPATCH,UNIT_SCADA,1,"2019/09/06 04:10:00",LONSDALE,0
D,DISPATCH,UNIT_SCADA,1,"2019/09/06 04:10:00",LOYYB1,536.088620
D,DISPATCH,UNIT_SCADA,1,"2019/09/06 04:10:00",LOYYB2,582.330380
D,DISPATCH,UNIT_SCADA,1,"2019/09/06 04:10:00",LYA1,0
D,DISPATCH,UNIT_SCADA,1,"2019/09/06 04:10:00",LYA2,0
D,DISPATCH,UNIT_SCADA,1,"2019/09/06 04:10:00",LYA3,561
D,DISPATCH,UNIT_SCADA,1,"2019/09/06 04:10:00",LYA4,540
D,DISPATCH,UNIT_SCADA,1,"2019/09/06 04:10:00",MACARTH1,127.497060
D,DISPATCH,UNIT_SCADA,1,"2019/09/06 04:10:00",MACKAYGT,0.2240
D,DISPATCH,UNIT_SCADA,1,"2019/09/06 04:10:00",MACKNTSH,84.930010
D,DISPATCH,UNIT_SCADA,1,"2019/09/06 04:10:00",MANSLR1,0
D,DISPATCH,UNIT_SCADA,1,"2019/09/06 04:10:00",MCKAY1,0.02
D,DISPATCH,UNIT_SCADA,1,"2019/09/06 04:10:00",MEADOWBK,33.1528
D,DISPATCH,UNIT_SCADA,1,"2019/09/06 04:10:00",MERCER01,-0.1930
D,DISPATCH,UNIT_SCADA,1,"2019/09/06 04:10:00",MEWF1,42.1335
D,DISPATCH,UNIT_SCADA,1,"2019/09/06 04:10:00",MINTARO,0
D,DISPATCH,UNIT_SCADA,1,"2019/09/06 04:10:00",MOREESF1,0
D,DISPATCH,UNIT_SCADA,1,"2019/09/06 04:10:00",MORTLK11,123
D,DISPATCH,UNIT_SCADA,1,"2019/09/06 04:10:00",MORTLK12,0
D,DISPATCH,UNIT_SCADA,1,"2019/09/06 04:10:00",MP1,219.474980
D,DISPATCH,UNIT_SCADA,1,"2019/09/06 04:10:00",MP2,0
D,DISPATCH,UNIT_SCADA,1,"2019/09/06 04:10:00",MPP_1,391
D,DISPATCH,UNIT_SCADA,1,"2019/09/06 04:10:00",MPP_2,427.25
D,DISPATCH,UNIT_SCADA,1,"2019/09/06 04:10:00",MSTUART1,0
D,DISPATCH,UNIT_SCADA,1,"2019/09/06 04:10:00",MSTUART2,0
D,DISPATCH,UNIT_SCADA,1,"2019/09/06 04:10:00",MSTUART3,0
D,DISPATCH,UNIT_SCADA,1,"2019/09/06 04:10:00",MTGELWF1,-0.363170
D,DISPATCH,UNIT_SCADA,1,"2019/09/06 04:10:00",MURRAY,0
D,DISPATCH,UNIT_SCADA,1,"2019/09/06 04:10:00",MUSSELR1,112.50
D,DISPATCH,UNIT_SCADA,1,"2019/09/06 04:10:00",MUWAWF1,74.02
D,DISPATCH,UNIT_SCADA,1,"2019/09/06 04:10:00",NBHWF1,119.50
D,DISPATCH,UNIT_SCADA,1,"2019/09/06 04:10:00",NPS,0
D,DISPATCH,UNIT_SCADA,1,"2019/09/06 04:10:00",NUMURSF1,0
D,DISPATCH,UNIT_SCADA,1,"2019/09/06 04:10:00",NYNGAN1,0
D,DISPATCH,UNIT_SCADA,1,"2019/09/06 04:10:00",OAKEY1,0
D,DISPATCH,UNIT_SCADA,1,"2019/09/06 04:10:00",OAKEY1SF,0
D,DISPATCH,UNIT_SCADA,1,"2019/09/06 04:10:00",OAKEY2,0
D,DISPATCH,UNIT_SCADA,1,"2019/09/06 04:10:00",OAKEY2SF,0
D,DISPATCH,UNIT_SCADA,1,"2019/09/06 04:10:00",OAKLAND1,18
D,DISPATCH,UNIT_SCADA,1,"2019/09/06 04:10:00",OSB-AG,0
D,DISPATCH,UNIT_SCADA,1,"2019/09/06 04:10:00",PARSF1,0
D,DISPATCH,UNIT_SCADA,1,"2019/09/06 04:10:00",POAT110,0
D,DISPATCH,UNIT_SCADA,1,"2019/09/06 04:10:00",POAT220,0
D,DISPATCH,UNIT_SCADA,1,"2019/09/06 04:10:00",POR01,0
D,DISPATCH,UNIT_SCADA,1,"2019/09/06 04:10:00",POR03,0
D,DISPATCH,UNIT_SCADA,1,"2019/09/06 04:10:00",PPCCGT,174.894410
D,DISPATCH,UNIT_SCADA,1,"2019/09/06 04:10:00",PTSTAN1,0
D,DISPATCH,UNIT_SCADA,1,"2019/09/06 04:10:00",PUMP1,0
D,DISPATCH,UNIT_SCADA,1,"2019/09/06 04:10:00",PUMP2,0
D,DISPATCH,UNIT_SCADA,1,"2019/09/06 04:10:00",QPS1,0
D,DISPATCH,UNIT_SCADA,1,"2019/09/06 04:10:00",QPS2,0
D,DISPATCH,UNIT_SCADA,1,"2019/09/06 04:10:00",QPS3,0
D,DISPATCH,UNIT_SCADA,1,"2019/09/06 04:10:00",QPS4,0
D,DISPATCH,UNIT_SCADA,1,"2019/09/06 04:10:00",QPS5,0
D,DISPATCH,UNIT_SCADA,1,"2019/09/06 04:10:00",REECE1,97.23
D,DISPATCH,UNIT_SCADA,1,"2019/09/06 04:10:00",REECE2,0
D,DISPATCH,UNIT_SCADA,1,"2019/09/06 04:10:00",ROMA_7,0
D,DISPATCH,UNIT_SCADA,1,"2019/09/06 04:10:00",ROMA_8,0
D,DISPATCH,UNIT_SCADA,1,"2019/09/06 04:10:00",RRSF1,0
D,DISPATCH,UNIT_SCADA,1,"2019/09/06 04:10:00",RT_NSW1,0
D,DISPATCH,UNIT_SCADA,1,"2019/09/06 04:10:00",RT_NSW2,0
D,DISPATCH,UNIT_SCADA,1,"2019/09/06 04:10:00",RT_NSW3,0
D,DISPATCH,UNIT_SCADA,1,"2019/09/06 04:10:00",RT_NSW4,0
D,DISPATCH,UNIT_SCADA,1,"2019/09/06 04:10:00",RT_NSW5,0
D,DISPATCH,UNIT_SCADA,1,"2019/09/06 04:10:00",RT_NSW6,0
D,DISPATCH,UNIT_SCADA,1,"2019/09/06 04:10:00",RT_QLD1,0
D,DISPATCH,UNIT_SCADA,1,"2019/09/06 04:10:00",RT_SA1,0
D,DISPATCH,UNIT_SCADA,1,"2019/09/06 04:10:00",RT_SA2,0
D,DISPATCH,UNIT_SCADA,1,"2019/09/06 04:10:00",RT_SA3,0
D,DISPATCH,UNIT_SCADA,1,"2019/09/06 04:10:00",RT_SA4,0
D,DISPATCH,UNIT_SCADA,1,"2019/09/06 04:10:00",RT_SA5,0
D,DISPATCH,UNIT_SCADA,1,"2019/09/06 04:10:00",RT_SA6,0
D,DISPATCH,UNIT_SCADA,1,"2019/09/06 04:10:00",RT_TAS1,0
D,DISPATCH,UNIT_SCADA,1,"2019/09/06 04:10:00",RT_VIC1,0
D,DISPATCH,UNIT_SCADA,1,"2019/09/06 04:10:00",RT_VIC10,0
D,DISPATCH,UNIT_SCADA,1,"2019/09/06 04:10:00",RT_VIC11,0
D,DISPATCH,UNIT_SCADA,1,"2019/09/06 04:10:00",RT_VIC12,0
D,DISPATCH,UNIT_SCADA,1,"2019/09/06 04:10:00",RT_VIC2,0
D,DISPATCH,UNIT_SCADA,1,"2019/09/06 04:10:00",RT_VIC3,0
D,DISPATCH,UNIT_SCADA,1,"2019/09/06 04:10:00",RT_VIC4,0
D,DISPATCH,UNIT_SCADA,1,"2019/09/06 04:10:00",RT_VIC5,0
D,DISPATCH,UNIT_SCADA,1,"2019/09/06 04:10:00",RT_VIC6,0
D,DISPATCH,UNIT_SCADA,1,"2019/09/06 04:10:00",RT_VIC7,0
D,DISPATCH,UNIT_SCADA,1,"2019/09/06 04:10:00",RT_VIC8,0
D,DISPATCH,UNIT_SCADA,1,"2019/09/06 04:10:00",RT_VIC9,0
D,DISPATCH,UNIT_SCADA,1,"2019/09/06 04:10:00",RUGBYR1,0
D,DISPATCH,UNIT_SCADA,1,"2019/09/06 04:10:00",SALTCRK1,10.81
D,DISPATCH,UNIT_SCADA,1,"2019/09/06 04:10:00",SAPHWF1,21.328130
D,DISPATCH,UNIT_SCADA,1,"2019/09/06 04:10:00",SHGEN,0
D,DISPATCH,UNIT_SCADA,1,"2019/09/06 04:10:00",SHPUMP,159.246860
D,DISPATCH,UNIT_SCADA,1,"2019/09/06 04:10:00",SITHE01,0.1840
D,DISPATCH,UNIT_SCADA,1,"2019/09/06 04:10:00",SMCSF1,0
D,DISPATCH,UNIT_SCADA,1,"2019/09/06 04:10:00",SNOWNTH1,133.700010
D,DISPATCH,UNIT_SCADA,1,"2019/09/06 04:10:00",SNOWSTH1,119.10
D,DISPATCH,UNIT_SCADA,1,"2019/09/06 04:10:00",SNOWTWN1,94.747920
D,DISPATCH,UNIT_SCADA,1,"2019/09/06 04:10:00",SNOWYP,102.90
D,DISPATCH,UNIT_SCADA,1,"2019/09/06 04:10:00",SNUG1,0.019440
D,DISPATCH,UNIT_SCADA,1,"2019/09/06 04:10:00",SRSF1,0.22
D,DISPATCH,UNIT_SCADA,1,"2019/09/06 04:10:00",STAN-1,258.342770
D,DISPATCH,UNIT_SCADA,1,"2019/09/06 04:10:00",STAN-2,249.5882
D,DISPATCH,UNIT_SCADA,1,"2019/09/06 04:10:00",STAN-3,251.562150
D,DISPATCH,UNIT_SCADA,1,"2019/09/06 04:10:00",STAN-4,248.908860
D,DISPATCH,UNIT_SCADA,1,"2019/09/06 04:10:00",STWF1,0
D,DISPATCH,UNIT_SCADA,1,"2019/09/06 04:10:00",SWAN_E,0
D,DISPATCH,UNIT_SCADA,1,"2019/09/06 04:10:00",TALWA1,190
D,DISPATCH,UNIT_SCADA,1,"2019/09/06 04:10:00",TARALGA1,28.2675
D,DISPATCH,UNIT_SCADA,1,"2019/09/06 04:10:00",TARONG#1,276
D,DISPATCH,UNIT_SCADA,1,"2019/09/06 04:10:00",TARONG#2,0
D,DISPATCH,UNIT_SCADA,1,"2019/09/06 04:10:00",TARONG#3,260.200010
D,DISPATCH,UNIT_SCADA,1,"2019/09/06 04:10:00",TARONG#4,276.399990
D,DISPATCH,UNIT_SCADA,1,"2019/09/06 04:10:00",TARRALEA,73.90
D,DISPATCH,UNIT_SCADA,1,"2019/09/06 04:10:00",TBSF1,-0.20
D,DISPATCH,UNIT_SCADA,1,"2019/09/06 04:10:00",TNPS1,397.600010
D,DISPATCH,UNIT_SCADA,1,"2019/09/06 04:10:00",TORRA1,40.345320
D,DISPATCH,UNIT_SCADA,1,"2019/09/06 04:10:00",TORRA2,0
D,DISPATCH,UNIT_SCADA,1,"2019/09/06 04:10:00",TORRA3,0
D,DISPATCH,UNIT_SCADA,1,"2019/09/06 04:10:00",TORRA4,41.041470
D,DISPATCH,UNIT_SCADA,1,"2019/09/06 04:10:00",TORRB1,40.43
D,DISPATCH,UNIT_SCADA,1,"2019/09/06 04:10:00",TORRB2,40.02
D,DISPATCH,UNIT_SCADA,1,"2019/09/06 04:10:00",TORRB3,40.79
D,DISPATCH,UNIT_SCADA,1,"2019/09/06 04:10:00",TORRB4,0
D,DISPATCH,UNIT_SCADA,1,"2019/09/06 04:10:00",TREVALLN,16.360010
D,DISPATCH,UNIT_SCADA,1,"2019/09/06 04:10:00",TRIBUTE,0
D,DISPATCH,UNIT_SCADA,1,"2019/09/06 04:10:00",TUMUT3,0
D,DISPATCH,UNIT_SCADA,1,"2019/09/06 04:10:00",TUNGATIN,2.40
D,DISPATCH,UNIT_SCADA,1,"2019/09/06 04:10:00",TVCC201,0
D,DISPATCH,UNIT_SCADA,1,"2019/09/06 04:10:00",TVPP104,0
D,DISPATCH,UNIT_SCADA,1,"2019/09/06 04:10:00",UPPTUMUT,0
D,DISPATCH,UNIT_SCADA,1,"2019/09/06 04:10:00",URANQ11,0
D,DISPATCH,UNIT_SCADA,1,"2019/09/06 04:10:00",URANQ12,0
D,DISPATCH,UNIT_SCADA,1,"2019/09/06 04:10:00",URANQ13,0
D,DISPATCH,UNIT_SCADA,1,"2019/09/06 04:10:00",URANQ14,0
D,DISPATCH,UNIT_SCADA,1,"2019/09/06 04:10:00",VP5,450.799990
D,DISPATCH,UNIT_SCADA,1,"2019/09/06 04:10:00",VP6,0
D,DISPATCH,UNIT_SCADA,1,"2019/09/06 04:10:00",VPGS1,0
D,DISPATCH,UNIT_SCADA,1,"2019/09/06 04:10:00",VPGS2,0
D,DISPATCH,UNIT_SCADA,1,"2019/09/06 04:10:00",VPGS3,0
D,DISPATCH,UNIT_SCADA,1,"2019/09/06 04:10:00",VPGS4,0
D,DISPATCH,UNIT_SCADA,1,"2019/09/06 04:10:00",VPGS5,0
D,DISPATCH,UNIT_SCADA,1,"2019/09/06 04:10:00",VPGS6,0
D,DISPATCH,UNIT_SCADA,1,"2019/09/06 04:10:00",W/HOE#1,0
D,DISPATCH,UNIT_SCADA,1,"2019/09/06 04:10:00",W/HOE#2,0
D,DISPATCH,UNIT_SCADA,1,"2019/09/06 04:10:00",WATERLWF,125.30
D,DISPATCH,UNIT_SCADA,1,"2019/09/06 04:10:00",WEMENSF1,0
D,DISPATCH,UNIT_SCADA,1,"2019/09/06 04:10:00",WGWF1,110.50
D,DISPATCH,UNIT_SCADA,1,"2019/09/06 04:10:00",WHITSF1,0
D,DISPATCH,UNIT_SCADA,1,"2019/09/06 04:10:00",WKIEWA1,0
D,DISPATCH,UNIT_SCADA,1,"2019/09/06 04:10:00",WKIEWA2,0.10
D,DISPATCH,UNIT_SCADA,1,"2019/09/06 04:10:00",WOODLWN1,21.950990
D,DISPATCH,UNIT_SCADA,1,"2019/09/06 04:10:00",WRSF1,0
D,DISPATCH,UNIT_SCADA,1,"2019/09/06 04:10:00",WRWF1,11.2450
D,DISPATCH,UNIT_SCADA,1,"2019/09/06 04:10:00",YABULU,0
D,DISPATCH,UNIT_SCADA,1,"2019/09/06 04:10:00",YABULU2,0
D,DISPATCH,UNIT_SCADA,1,"2019/09/06 04:10:00",YARWUN_1,167.22
D,DISPATCH,UNIT_SCADA,1,"2019/09/06 04:10:00",YENDWF1,2.16
D,DISPATCH,UNIT_SCADA,1,"2019/09/06 04:10:00",YWPS1,380.450620
D,DISPATCH,UNIT_SCADA,1,"2019/09/06 04:10:00",YWPS2,277.941770
D,DISPATCH,UNIT_SCADA,1,"2019/09/06 04:10:00",YWPS3,326.362030
D,DISPATCH,UNIT_SCADA,1,"2019/09/06 04:10:00",YWPS4,394.108860
C,"END OF REPORT",335
