C,NEMP.WORLD,DISPATCHSCADA,AEMO,PUBLIC,2019/09/05,18:50:08,0000000312433051,DISPATCHSCADA,0000000312433045
I,DISPATCH,UNIT_SCADA,1,SETTLEMENTDATE,DUID,SCADAVALUE
D,DISPATCH,UNIT_SCADA,1,"2019/09/05 18:55:00",BARCSF1,0.30
D,DISPATCH,UNIT_SCADA,1,"2019/09/05 18:55:00",BUTLERSG,10.199999
D,DISPATCH,UNIT_SCADA,1,"2019/09/05 18:55:00",CALL_A_4,0
D,DISPATCH,UNIT_SCADA,1,"2019/09/05 18:55:00",CAPTL_WF,0
D,DISPATCH,UNIT_SCADA,1,"2019/09/05 18:55:00",CATHROCK,0
D,DISPATCH,UNIT_SCADA,1,"2019/09/05 18:55:00",CHALLHWF,9
D,DISPATCH,UNIT_SCADA,1,"2019/09/05 18:55:00",CLOVER,-0.01
D,DISPATCH,UNIT_SCADA,1,"2019/09/05 18:55:00",CLUNY,15.116045
D,DISPATCH,UNIT_SCADA,1,"2019/09/05 18:55:00",CNUNDAWF,14.917401
D,DISPATCH,UNIT_SCADA,1,"2019/09/05 18:55:00",CULLRGWF,0
D,DISPATCH,UNIT_SCADA,1,"2019/09/05 18:55:00",ERGT01,0
D,DISPATCH,UNIT_SCADA,1,"2019/09/05 18:55:00",GB01,0.005394
D,DISPATCH,UNIT_SCADA,1,"2019/09/05 18:55:00",GERMCRK,36.900002
D,DISPATCH,UNIT_SCADA,1,"2019/09/05 18:55:00",GRIFSF1,0
D,DISPATCH,UNIT_SCADA,1,"2019/09/05 18:55:00",HUGSF1,-0.1310
D,DISPATCH,UNIT_SCADA,1,"2019/09/05 18:55:00",LKBONNY1,23.041815
D,DISPATCH,UNIT_SCADA,1,"2019/09/05 18:55:00",LRSF1,-0.0010
D,DISPATCH,UNIT_SCADA,1,"2019/09/05 18:55:00",MBAHNTH,46.856247
D,DISPATCH,UNIT_SCADA,1,"2019/09/05 18:55:00",MLSP1,0
D,DISPATCH,UNIT_SCADA,1,"2019/09/05 18:55:00",MLWF1,4.17
D,DISPATCH,UNIT_SCADA,1,"2019/09/05 18:55:00",MTMILLAR,39.959843
D,DISPATCH,UNIT_SCADA,1,"2019/09/05 18:55:00",PALOONA,25.619999
D,DISPATCH,UNIT_SCADA,1,"2019/09/05 18:55:00",PIONEER,42.299999
D,DISPATCH,UNIT_SCADA,1,"2019/09/05 18:55:00",PORTWF,53
D,DISPATCH,UNIT_SCADA,1,"2019/09/05 18:55:00",REPULSE,29.279621
D,DISPATCH,UNIT_SCADA,1,"2019/09/05 18:55:00",ROWALLAN,10.2950
D,DISPATCH,UNIT_SCADA,1,"2019/09/05 18:55:00",ROYALLA1,0
D,DISPATCH,UNIT_SCADA,1,"2019/09/05 18:55:00",RPCG,10.20
D,DISPATCH,UNIT_SCADA,1,"2019/09/05 18:55:00",RUBICON,0
D,DISPATCH,UNIT_SCADA,1,"2019/09/05 18:55:00",SATGN1,0
D,DISPATCH,UNIT_SCADA,1,"2019/09/05 18:55:00",SATGS1,0
D,DISPATCH,UNIT_SCADA,1,"2019/09/05 18:55:00",STARHLWF,30.291166
D,DISPATCH,UNIT_SCADA,1,"2019/09/05 18:55:00",WAUBRAWF,130.072998
D,DISPATCH,UNIT_SCADA,1,"2019/09/05 18:55:00",WOOLNTH1,94.820015
D,DISPATCH,UNIT_SCADA,1,"2019/09/05 18:55:00",WPWF,33
D,DISPATCH,UNIT_SCADA,1,"2019/09/05 18:55:00",YAMBUKWF,11.10
D,DISPATCH,UNIT_SCADA,1,"2019/09/05 18:55:00",YSWF1,5.10
D,DISPATCH,UNIT_SCADA,1,"2019/09/05 18:55:00",AGLHAL,0
D,DISPATCH,UNIT_SCADA,1,"2019/09/05 18:55:00",AGLSOM,118.80
D,DISPATCH,UNIT_SCADA,1,"2019/09/05 18:55:00",ANGAST1,0
D,DISPATCH,UNIT_SCADA,1,"2019/09/05 18:55:00",ARWF1,49.30
D,DISPATCH,UNIT_SCADA,1,"2019/09/05 18:55:00",BALBG1,0
D,DISPATCH,UNIT_SCADA,1,"2019/09/05 18:55:00",BALBL1,0
D,DISPATCH,UNIT_SCADA,1,"2019/09/05 18:55:00",BALDHWF1,85.2870
D,DISPATCH,UNIT_SCADA,1,"2019/09/05 18:55:00",BANN1,0
D,DISPATCH,UNIT_SCADA,1,"2019/09/05 18:55:00",BARCALDN,0
D,DISPATCH,UNIT_SCADA,1,"2019/09/05 18:55:00",BARRON-1,32.64
D,DISPATCH,UNIT_SCADA,1,"2019/09/05 18:55:00",BARRON-2,0
D,DISPATCH,UNIT_SCADA,1,"2019/09/05 18:55:00",BASTYAN,80.77
D,DISPATCH,UNIT_SCADA,1,"2019/09/05 18:55:00",BBTHREE1,0
D,DISPATCH,UNIT_SCADA,1,"2019/09/05 18:55:00",BBTHREE2,0
D,DISPATCH,UNIT_SCADA,1,"2019/09/05 18:55:00",BBTHREE3,0
D,DISPATCH,UNIT_SCADA,1,"2019/09/05 18:55:00",BDL01,43.62
D,DISPATCH,UNIT_SCADA,1,"2019/09/05 18:55:00",BDL02,43.86
D,DISPATCH,UNIT_SCADA,1,"2019/09/05 18:55:00",BERYLSF1,0
D,DISPATCH,UNIT_SCADA,1,"2019/09/05 18:55:00",BLOWERNG,15.20
D,DISPATCH,UNIT_SCADA,1,"2019/09/05 18:55:00",BLUFF1,19.10
D,DISPATCH,UNIT_SCADA,1,"2019/09/05 18:55:00",BNGSF1,0
D,DISPATCH,UNIT_SCADA,1,"2019/09/05 18:55:00",BNGSF2,0
D,DISPATCH,UNIT_SCADA,1,"2019/09/05 18:55:00",BOCORWF1,20.76
D,DISPATCH,UNIT_SCADA,1,"2019/09/05 18:55:00",BODWF1,16.360860
D,DISPATCH,UNIT_SCADA,1,"2019/09/05 18:55:00",BRAEMAR1,0
D,DISPATCH,UNIT_SCADA,1,"2019/09/05 18:55:00",BRAEMAR2,173.600010
D,DISPATCH,UNIT_SCADA,1,"2019/09/05 18:55:00",BRAEMAR3,173.400010
D,DISPATCH,UNIT_SCADA,1,"2019/09/05 18:55:00",BRAEMAR5,154.932270
D,DISPATCH,UNIT_SCADA,1,"2019/09/05 18:55:00",BRAEMAR6,0
D,DISPATCH,UNIT_SCADA,1,"2019/09/05 18:55:00",BRAEMAR7,152.837490
D,DISPATCH,UNIT_SCADA,1,"2019/09/05 18:55:00",BROKENH1,0
D,DISPATCH,UNIT_SCADA,1,"2019/09/05 18:55:00",BW01,544.025020
D,DISPATCH,UNIT_SCADA,1,"2019/09/05 18:55:00",BW02,622.400020
D,DISPATCH,UNIT_SCADA,1,"2019/09/05 18:55:00",BW03,641.849980
D,DISPATCH,UNIT_SCADA,1,"2019/09/05 18:55:00",BW04,0
D,DISPATCH,UNIT_SCADA,1,"2019/09/05 18:55:00",CALL_B_1,330.100010
D,DISPATCH,UNIT_SCADA,1,"2019/09/05 18:55:00",CALL_B_2,280.100010
D,DISPATCH,UNIT_SCADA,1,"2019/09/05 18:55:00",CETHANA,97.166630
D,DISPATCH,UNIT_SCADA,1,"2019/09/05 18:55:00",CG1,0
D,DISPATCH,UNIT_SCADA,1,"2019/09/05 18:55:00",CG2,0
D,DISPATCH,UNIT_SCADA,1,"2019/09/05 18:55:00",CG3,0
D,DISPATCH,UNIT_SCADA,1,"2019/09/05 18:55:00",CG4,0
D,DISPATCH,UNIT_SCADA,1,"2019/09/05 18:55:00",CHILDSF1,0
D,DISPATCH,UNIT_SCADA,1,"2019/09/05 18:55:00",CLARESF1,0
D,DISPATCH,UNIT_SCADA,1,"2019/09/05 18:55:00",CLEMGPWF,39.042980
D,DISPATCH,UNIT_SCADA,1,"2019/09/05 18:55:00",CLERMSF1,0
D,DISPATCH,UNIT_SCADA,1,"2019/09/05 18:55:00",COLEASF1,0
D,DISPATCH,UNIT_SCADA,1,"2019/09/05 18:55:00",COOPGWF1,0
D,DISPATCH,UNIT_SCADA,1,"2019/09/05 18:55:00",CPP_3,402.8750
D,DISPATCH,UNIT_SCADA,1,"2019/09/05 18:55:00",CPP_4,403.700010
D,DISPATCH,UNIT_SCADA,1,"2019/09/05 18:55:00",CPSA,142.0475
D,DISPATCH,UNIT_SCADA,1,"2019/09/05 18:55:00",CROOKWF2,2.6450
D,DISPATCH,UNIT_SCADA,1,"2019/09/05 18:55:00",CROWLWF1,22.942720
D,DISPATCH,UNIT_SCADA,1,"2019/09/05 18:55:00",CSPVPS1,0.0210
D,DISPATCH,UNIT_SCADA,1,"2019/09/05 18:55:00",DALNTH01,6.025790
D,DISPATCH,UNIT_SCADA,1,"2019/09/05 18:55:00",DALNTHL1,0
D,DISPATCH,UNIT_SCADA,1,"2019/09/05 18:55:00",DARTM1,133.50
D,DISPATCH,UNIT_SCADA,1,"2019/09/05 18:55:00",DAYDSF1,0
D,DISPATCH,UNIT_SCADA,1,"2019/09/05 18:55:00",DDPS1,596.178040
D,DISPATCH,UNIT_SCADA,1,"2019/09/05 18:55:00",DDSF1,0
D,DISPATCH,UNIT_SCADA,1,"2019/09/05 18:55:00",DEVILS_G,64.210950
D,DISPATCH,UNIT_SCADA,1,"2019/09/05 18:55:00",DG_NSW1,0
D,DISPATCH,UNIT_SCADA,1,"2019/09/05 18:55:00",DG_QLD1,0
D,DISPATCH,UNIT_SCADA,1,"2019/09/05 18:55:00",DG_SA1,0
D,DISPATCH,UNIT_SCADA,1,"2019/09/05 18:55:00",DG_TAS1,0
D,DISPATCH,UNIT_SCADA,1,"2019/09/05 18:55:00",DG_VIC1,0
D,DISPATCH,UNIT_SCADA,1,"2019/09/05 18:55:00",DRYCGT1,0
D,DISPATCH,UNIT_SCADA,1,"2019/09/05 18:55:00",DRYCGT2,0
D,DISPATCH,UNIT_SCADA,1,"2019/09/05 18:55:00",DRYCGT3,0
D,DISPATCH,UNIT_SCADA,1,"2019/09/05 18:55:00",EILDON1,0
D,DISPATCH,UNIT_SCADA,1,"2019/09/05 18:55:00",EILDON2,36.80
D,DISPATCH,UNIT_SCADA,1,"2019/09/05 18:55:00",EMERASF1,0
D,DISPATCH,UNIT_SCADA,1,"2019/09/05 18:55:00",ER01,579.450070
D,DISPATCH,UNIT_SCADA,1,"2019/09/05 18:55:00",ER02,349.75
D,DISPATCH,UNIT_SCADA,1,"2019/09/05 18:55:00",ER03,0
D,DISPATCH,UNIT_SCADA,1,"2019/09/05 18:55:00",ER04,670.450070
D,DISPATCH,UNIT_SCADA,1,"2019/09/05 18:55:00",FINLYSF1,0
D,DISPATCH,UNIT_SCADA,1,"2019/09/05 18:55:00",FISHER,45.85
D,DISPATCH,UNIT_SCADA,1,"2019/09/05 18:55:00",GANNBG1,1.535420
D,DISPATCH,UNIT_SCADA,1,"2019/09/05 18:55:00",GANNBL1,0
D,DISPATCH,UNIT_SCADA,1,"2019/09/05 18:55:00",GANNSF1,0
D,DISPATCH,UNIT_SCADA,1,"2019/09/05 18:55:00",GORDON,18.697840
D,DISPATCH,UNIT_SCADA,1,"2019/09/05 18:55:00",GSTONE1,218.05
D,DISPATCH,UNIT_SCADA,1,"2019/09/05 18:55:00",GSTONE2,215.95
D,DISPATCH,UNIT_SCADA,1,"2019/09/05 18:55:00",GSTONE3,0
D,DISPATCH,UNIT_SCADA,1,"2019/09/05 18:55:00",GSTONE4,260.75
D,DISPATCH,UNIT_SCADA,1,"2019/09/05 18:55:00",GSTONE5,218.399990
D,DISPATCH,UNIT_SCADA,1,"2019/09/05 18:55:00",GSTONE6,217.524990
D,DISPATCH,UNIT_SCADA,1,"2019/09/05 18:55:00",GULLRSF1,0
D,DISPATCH,UNIT_SCADA,1,"2019/09/05 18:55:00",GULLRWF1,5.150540
D,DISPATCH,UNIT_SCADA,1,"2019/09/05 18:55:00",GUNNING1,0.884260
D,DISPATCH,UNIT_SCADA,1,"2019/09/05 18:55:00",GUTHEGA,31.10
D,DISPATCH,UNIT_SCADA,1,"2019/09/05 18:55:00",HALLWF1,70.25
D,DISPATCH,UNIT_SCADA,1,"2019/09/05 18:55:00",HALLWF2,63.21
D,DISPATCH,UNIT_SCADA,1,"2019/09/05 18:55:00",HAMISF1,0
D,DISPATCH,UNIT_SCADA,1,"2019/09/05 18:55:00",HAUGHT11,0
D,DISPATCH,UNIT_SCADA,1,"2019/09/05 18:55:00",HAYMSF1,0
D,DISPATCH,UNIT_SCADA,1,"2019/09/05 18:55:00",HDWF1,35.10
D,DISPATCH,UNIT_SCADA,1,"2019/09/05 18:55:00",HDWF2,28.80
D,DISPATCH,UNIT_SCADA,1,"2019/09/05 18:55:00",HDWF3,32.60
D,DISPATCH,UNIT_SCADA,1,"2019/09/05 18:55:00",HPRG1,0.80
D,DISPATCH,UNIT_SCADA,1,"2019/09/05 18:55:00",HPRL1,0
D,DISPATCH,UNIT_SCADA,1,"2019/09/05 18:55:00",HUMENSW,0
D,DISPATCH,UNIT_SCADA,1,"2019/09/05 18:55:00",HUMEV,23.70
D,DISPATCH,UNIT_SCADA,1,"2019/09/05 18:55:00",HVGTS,0
D,DISPATCH,UNIT_SCADA,1,"2019/09/05 18:55:00",JBUTTERS,51.57
D,DISPATCH,UNIT_SCADA,1,"2019/09/05 18:55:00",JLA01,0.10
D,DISPATCH,UNIT_SCADA,1,"2019/09/05 18:55:00",JLA02,0
D,DISPATCH,UNIT_SCADA,1,"2019/09/05 18:55:00",JLA03,0
D,DISPATCH,UNIT_SCADA,1,"2019/09/05 18:55:00",JLA04,0
D,DISPATCH,UNIT_SCADA,1,"2019/09/05 18:55:00",JLB01,0
D,DISPATCH,UNIT_SCADA,1,"2019/09/05 18:55:00",JLB02,83.60
D,DISPATCH,UNIT_SCADA,1,"2019/09/05 18:55:00",JLB03,83.40
D,DISPATCH,UNIT_SCADA,1,"2019/09/05 18:55:00",KAREEYA1,21.5050
D,DISPATCH,UNIT_SCADA,1,"2019/09/05 18:55:00",KAREEYA2,21.5275
D,DISPATCH,UNIT_SCADA,1,"2019/09/05 18:55:00",KAREEYA3,0
D,DISPATCH,UNIT_SCADA,1,"2019/09/05 18:55:00",KAREEYA4,21.5325
D,DISPATCH,UNIT_SCADA,1,"2019/09/05 18:55:00",KARSF1,0
D,DISPATCH,UNIT_SCADA,1,"2019/09/05 18:55:00",KIATAWF1,28.40
D,DISPATCH,UNIT_SCADA,1,"2019/09/05 18:55:00",KPP_1,0
D,DISPATCH,UNIT_SCADA,1,"2019/09/05 18:55:00",KSP1,0
D,DISPATCH,UNIT_SCADA,1,"2019/09/05 18:55:00",LADBROK1,41.41
D,DISPATCH,UNIT_SCADA,1,"2019/09/05 18:55:00",LADBROK2,41.92
D,DISPATCH,UNIT_SCADA,1,"2019/09/05 18:55:00",LD01,424.612550
D,DISPATCH,UNIT_SCADA,1,"2019/09/05 18:55:00",LD02,401.887450
D,DISPATCH,UNIT_SCADA,1,"2019/09/05 18:55:00",LD03,423.5625
D,DISPATCH,UNIT_SCADA,1,"2019/09/05 18:55:00",LD04,387.543730
D,DISPATCH,UNIT_SCADA,1,"2019/09/05 18:55:00",LEM_WIL,85.2039
D,DISPATCH,UNIT_SCADA,1,"2019/09/05 18:55:00",LGAPWF1,10.89
D,DISPATCH,UNIT_SCADA,1,"2019/09/05 18:55:00",LILYSF1,0
D,DISPATCH,UNIT_SCADA,1,"2019/09/05 18:55:00",LI_WY_CA,133.532820
D,DISPATCH,UNIT_SCADA,1,"2019/09/05 18:55:00",LKBONNY2,47.462170
D,DISPATCH,UNIT_SCADA,1,"2019/09/05 18:55:00",LKBONNY3,10.047960
D,DISPATCH,UNIT_SCADA,1,"2019/09/05 18:55:00",LK_ECHO,0
D,DISPATCH,UNIT_SCADA,1,"2019/09/05 18:55:00",LNGS1,0
D,DISPATCH,UNIT_SCADA,1,"2019/09/05 18:55:00",LNGS2,0
D,DISPATCH,UNIT_SCADA,1,"2019/09/05 18:55:00",LONSDALE,0
D,DISPATCH,UNIT_SCADA,1,"2019/09/05 18:55:00",LOYYB1,536.840520
D,DISPATCH,UNIT_SCADA,1,"2019/09/05 18:55:00",LOYYB2,583.834170
D,DISPATCH,UNIT_SCADA,1,"2019/09/05 18:55:00",LYA1,0
D,DISPATCH,UNIT_SCADA,1,"2019/09/05 18:55:00",LYA2,0
D,DISPATCH,UNIT_SCADA,1,"2019/09/05 18:55:00",LYA3,558
D,DISPATCH,UNIT_SCADA,1,"2019/09/05 18:55:00",LYA4,539
D,DISPATCH,UNIT_SCADA,1,"2019/09/05 18:55:00",MACARTH1,13.299690
D,DISPATCH,UNIT_SCADA,1,"2019/09/05 18:55:00",MACKAYGT,0.2240
D,DISPATCH,UNIT_SCADA,1,"2019/09/05 18:55:00",MACKNTSH,88.670010
D,DISPATCH,UNIT_SCADA,1,"2019/09/05 18:55:00",MANSLR1,0
D,DISPATCH,UNIT_SCADA,1,"2019/09/05 18:55:00",MCKAY1,256.794980
D,DISPATCH,UNIT_SCADA,1,"2019/09/05 18:55:00",MEADOWBK,33.810140
D,DISPATCH,UNIT_SCADA,1,"2019/09/05 18:55:00",MERCER01,39.9850
D,DISPATCH,UNIT_SCADA,1,"2019/09/05 18:55:00",MEWF1,18.933760
D,DISPATCH,UNIT_SCADA,1,"2019/09/05 18:55:00",MINTARO,0
D,DISPATCH,UNIT_SCADA,1,"2019/09/05 18:55:00",MOREESF1,0
D,DISPATCH,UNIT_SCADA,1,"2019/09/05 18:55:00",MORTLK11,259
D,DISPATCH,UNIT_SCADA,1,"2019/09/05 18:55:00",MORTLK12,0
D,DISPATCH,UNIT_SCADA,1,"2019/09/05 18:55:00",MP1,220.950010
D,DISPATCH,UNIT_SCADA,1,"2019/09/05 18:55:00",MP2,0
D,DISPATCH,UNIT_SCADA,1,"2019/09/05 18:55:00",MPP_1,399.25
D,DISPATCH,UNIT_SCADA,1,"2019/09/05 18:55:00",MPP_2,437
D,DISPATCH,UNIT_SCADA,1,"2019/09/05 18:55:00",MSTUART1,0
D,DISPATCH,UNIT_SCADA,1,"2019/09/05 18:55:00",MSTUART2,0
D,DISPATCH,UNIT_SCADA,1,"2019/09/05 18:55:00",MSTUART3,0
D,DISPATCH,UNIT_SCADA,1,"2019/09/05 18:55:00",MTGELWF1,51.620530
D,DISPATCH,UNIT_SCADA,1,"2019/09/05 18:55:00",MURRAY,0
D,DISPATCH,UNIT_SCADA,1,"2019/09/05 18:55:00",MUSSELR1,31.10
D,DISPATCH,UNIT_SCADA,1,"2019/09/05 18:55:00",MUWAWF1,13.06
D,DISPATCH,UNIT_SCADA,1,"2019/09/05 18:55:00",NBHWF1,59
D,DISPATCH,UNIT_SCADA,1,"2019/09/05 18:55:00",NPS,448.50
D,DISPATCH,UNIT_SCADA,1,"2019/09/05 18:55:00",NUMURSF1,0
D,DISPATCH,UNIT_SCADA,1,"2019/09/05 18:55:00",NYNGAN1,0
D,DISPATCH,UNIT_SCADA,1,"2019/09/05 18:55:00",OAKEY1,0
D,DISPATCH,UNIT_SCADA,1,"2019/09/05 18:55:00",OAKEY1SF,0
D,DISPATCH,UNIT_SCADA,1,"2019/09/05 18:55:00",OAKEY2,0
D,DISPATCH,UNIT_SCADA,1,"2019/09/05 18:55:00",OAKEY2SF,0
D,DISPATCH,UNIT_SCADA,1,"2019/09/05 18:55:00",OAKLAND1,11.50
D,DISPATCH,UNIT_SCADA,1,"2019/09/05 18:55:00",OSB-AG,180.44
D,DISPATCH,UNIT_SCADA,1,"2019/09/05 18:55:00",PARSF1,0
D,DISPATCH,UNIT_SCADA,1,"2019/09/05 18:55:00",POAT110,0
D,DISPATCH,UNIT_SCADA,1,"2019/09/05 18:55:00",POAT220,0
D,DISPATCH,UNIT_SCADA,1,"2019/09/05 18:55:00",POR01,0
D,DISPATCH,UNIT_SCADA,1,"2019/09/05 18:55:00",POR03,0
D,DISPATCH,UNIT_SCADA,1,"2019/09/05 18:55:00",PPCCGT,462.127230
D,DISPATCH,UNIT_SCADA,1,"2019/09/05 18:55:00",PTSTAN1,0
D,DISPATCH,UNIT_SCADA,1,"2019/09/05 18:55:00",PUMP1,0
D,DISPATCH,UNIT_SCADA,1,"2019/09/05 18:55:00",PUMP2,0
D,DISPATCH,UNIT_SCADA,1,"2019/09/05 18:55:00",QPS1,29
D,DISPATCH,UNIT_SCADA,1,"2019/09/05 18:55:00",QPS2,0
D,DISPATCH,UNIT_SCADA,1,"2019/09/05 18:55:00",QPS3,0
D,DISPATCH,UNIT_SCADA,1,"2019/09/05 18:55:00",QPS4,0
D,DISPATCH,UNIT_SCADA,1,"2019/09/05 18:55:00",QPS5,125.04
D,DISPATCH,UNIT_SCADA,1,"2019/09/05 18:55:00",REECE1,117.120010
D,DISPATCH,UNIT_SCADA,1,"2019/09/05 18:55:00",REECE2,117.120010
D,DISPATCH,UNIT_SCADA,1,"2019/09/05 18:55:00",ROMA_7,0
D,DISPATCH,UNIT_SCADA,1,"2019/09/05 18:55:00",ROMA_8,0
D,DISPATCH,UNIT_SCADA,1,"2019/09/05 18:55:00",RRSF1,0
D,DISPATCH,UNIT_SCADA,1,"2019/09/05 18:55:00",RT_NSW1,0
D,DISPATCH,UNIT_SCADA,1,"2019/09/05 18:55:00",RT_NSW2,0
D,DISPATCH,UNIT_SCADA,1,"2019/09/05 18:55:00",RT_NSW3,0
D,DISPATCH,UNIT_SCADA,1,"2019/09/05 18:55:00",RT_NSW4,0
D,DISPATCH,UNIT_SCADA,1,"2019/09/05 18:55:00",RT_NSW5,0
D,DISPATCH,UNIT_SCADA,1,"2019/09/05 18:55:00",RT_NSW6,0
D,DISPATCH,UNIT_SCADA,1,"2019/09/05 18:55:00",RT_QLD1,0
D,DISPATCH,UNIT_SCADA,1,"2019/09/05 18:55:00",RT_SA1,0
D,DISPATCH,UNIT_SCADA,1,"2019/09/05 18:55:00",RT_SA2,0
D,DISPATCH,UNIT_SCADA,1,"2019/09/05 18:55:00",RT_SA3,0
D,DISPATCH,UNIT_SCADA,1,"2019/09/05 18:55:00",RT_SA4,0
D,DISPATCH,UNIT_SCADA,1,"2019/09/05 18:55:00",RT_SA5,0
D,DISPATCH,UNIT_SCADA,1,"2019/09/05 18:55:00",RT_SA6,0
D,DISPATCH,UNIT_SCADA,1,"2019/09/05 18:55:00",RT_TAS1,0
D,DISPATCH,UNIT_SCADA,1,"2019/09/05 18:55:00",RT_VIC1,0
D,DISPATCH,UNIT_SCADA,1,"2019/09/05 18:55:00",RT_VIC10,0
D,DISPATCH,UNIT_SCADA,1,"2019/09/05 18:55:00",RT_VIC11,0
D,DISPATCH,UNIT_SCADA,1,"2019/09/05 18:55:00",RT_VIC12,0
D,DISPATCH,UNIT_SCADA,1,"2019/09/05 18:55:00",RT_VIC2,0
D,DISPATCH,UNIT_SCADA,1,"2019/09/05 18:55:00",RT_VIC3,0
D,DISPATCH,UNIT_SCADA,1,"2019/09/05 18:55:00",RT_VIC4,0
D,DISPATCH,UNIT_SCADA,1,"2019/09/05 18:55:00",RT_VIC5,0
D,DISPATCH,UNIT_SCADA,1,"2019/09/05 18:55:00",RT_VIC6,0
D,DISPATCH,UNIT_SCADA,1,"2019/09/05 18:55:00",RT_VIC7,0
D,DISPATCH,UNIT_SCADA,1,"2019/09/05 18:55:00",RT_VIC8,0
D,DISPATCH,UNIT_SCADA,1,"2019/09/05 18:55:00",RT_VIC9,0
D,DISPATCH,UNIT_SCADA,1,"2019/09/05 18:55:00",RUGBYR1,0
D,DISPATCH,UNIT_SCADA,1,"2019/09/05 18:55:00",SALTCRK1,20.72
D,DISPATCH,UNIT_SCADA,1,"2019/09/05 18:55:00",SAPHWF1,21.356260
D,DISPATCH,UNIT_SCADA,1,"2019/09/05 18:55:00",SHGEN,160.383330
D,DISPATCH,UNIT_SCADA,1,"2019/09/05 18:55:00",SHPUMP,0
D,DISPATCH,UNIT_SCADA,1,"2019/09/05 18:55:00",SITHE01,38.207230
D,DISPATCH,UNIT_SCADA,1,"2019/09/05 18:55:00",SMCSF1,0
D,DISPATCH,UNIT_SCADA,1,"2019/09/05 18:55:00",SNOWNTH1,90.90
D,DISPATCH,UNIT_SCADA,1,"2019/09/05 18:55:00",SNOWSTH1,91
D,DISPATCH,UNIT_SCADA,1,"2019/09/05 18:55:00",SNOWTWN1,71.123320
D,DISPATCH,UNIT_SCADA,1,"2019/09/05 18:55:00",SNOWYP,0
D,DISPATCH,UNIT_SCADA,1,"2019/09/05 18:55:00",SNUG1,0.019440
D,DISPATCH,UNIT_SCADA,1,"2019/09/05 18:55:00",SRSF1,0.22
D,DISPATCH,UNIT_SCADA,1,"2019/09/05 18:55:00",STAN-1,293.758330
D,DISPATCH,UNIT_SCADA,1,"2019/09/05 18:55:00",STAN-2,359.475190
D,DISPATCH,UNIT_SCADA,1,"2019/09/05 18:55:00",STAN-3,366.230190
D,DISPATCH,UNIT_SCADA,1,"2019/09/05 18:55:00",STAN-4,363.999880
D,DISPATCH,UNIT_SCADA,1,"2019/09/05 18:55:00",STWF1,0
D,DISPATCH,UNIT_SCADA,1,"2019/09/05 18:55:00",SWAN_E,0
D,DISPATCH,UNIT_SCADA,1,"2019/09/05 18:55:00",TALWA1,414
D,DISPATCH,UNIT_SCADA,1,"2019/09/05 18:55:00",TARALGA1,6.645010
D,DISPATCH,UNIT_SCADA,1,"2019/09/05 18:55:00",TARONG#1,349.50
D,DISPATCH,UNIT_SCADA,1,"2019/09/05 18:55:00",TARONG#2,0
D,DISPATCH,UNIT_SCADA,1,"2019/09/05 18:55:00",TARONG#3,348.899990
D,DISPATCH,UNIT_SCADA,1,"2019/09/05 18:55:00",TARONG#4,348.50
D,DISPATCH,UNIT_SCADA,1,"2019/09/05 18:55:00",TARRALEA,74.10
D,DISPATCH,UNIT_SCADA,1,"2019/09/05 18:55:00",TBSF1,-0.20
D,DISPATCH,UNIT_SCADA,1,"2019/09/05 18:55:00",TNPS1,397.600010
D,DISPATCH,UNIT_SCADA,1,"2019/09/05 18:55:00",TORRA1,91.5241
D,DISPATCH,UNIT_SCADA,1,"2019/09/05 18:55:00",TORRA2,0
D,DISPATCH,UNIT_SCADA,1,"2019/09/05 18:55:00",TORRA3,0
D,DISPATCH,UNIT_SCADA,1,"2019/09/05 18:55:00",TORRA4,91.047620
D,DISPATCH,UNIT_SCADA,1,"2019/09/05 18:55:00",TORRB1,140.06
D,DISPATCH,UNIT_SCADA,1,"2019/09/05 18:55:00",TORRB2,141.710010
D,DISPATCH,UNIT_SCADA,1,"2019/09/05 18:55:00",TORRB3,139.42
D,DISPATCH,UNIT_SCADA,1,"2019/09/05 18:55:00",TORRB4,0
D,DISPATCH,UNIT_SCADA,1,"2019/09/05 18:55:00",TREVALLN,89.060030
D,DISPATCH,UNIT_SCADA,1,"2019/09/05 18:55:00",TRIBUTE,0
D,DISPATCH,UNIT_SCADA,1,"2019/09/05 18:55:00",TUMUT3,597.650020
D,DISPATCH,UNIT_SCADA,1,"2019/09/05 18:55:00",TUNGATIN,121.850040
D,DISPATCH,UNIT_SCADA,1,"2019/09/05 18:55:00",TVCC201,0
D,DISPATCH,UNIT_SCADA,1,"2019/09/05 18:55:00",TVPP104,0
D,DISPATCH,UNIT_SCADA,1,"2019/09/05 18:55:00",UPPTUMUT,562.328430
D,DISPATCH,UNIT_SCADA,1,"2019/09/05 18:55:00",URANQ11,156.631260
D,DISPATCH,UNIT_SCADA,1,"2019/09/05 18:55:00",URANQ12,158.481230
D,DISPATCH,UNIT_SCADA,1,"2019/09/05 18:55:00",URANQ13,159.050020
D,DISPATCH,UNIT_SCADA,1,"2019/09/05 18:55:00",URANQ14,0
D,DISPATCH,UNIT_SCADA,1,"2019/09/05 18:55:00",VP5,400.799990
D,DISPATCH,UNIT_SCADA,1,"2019/09/05 18:55:00",VP6,0
D,DISPATCH,UNIT_SCADA,1,"2019/09/05 18:55:00",VPGS1,0
D,DISPATCH,UNIT_SCADA,1,"2019/09/05 18:55:00",VPGS2,0
D,DISPATCH,UNIT_SCADA,1,"2019/09/05 18:55:00",VPGS3,0
D,DISPATCH,UNIT_SCADA,1,"2019/09/05 18:55:00",VPGS4,0
D,DISPATCH,UNIT_SCADA,1,"2019/09/05 18:55:00",VPGS5,0
D,DISPATCH,UNIT_SCADA,1,"2019/09/05 18:55:00",VPGS6,0
D,DISPATCH,UNIT_SCADA,1,"2019/09/05 18:55:00",W/HOE#1,0
D,DISPATCH,UNIT_SCADA,1,"2019/09/05 18:55:00",W/HOE#2,0
D,DISPATCH,UNIT_SCADA,1,"2019/09/05 18:55:00",WATERLWF,95.50
D,DISPATCH,UNIT_SCADA,1,"2019/09/05 18:55:00",WEMENSF1,0
D,DISPATCH,UNIT_SCADA,1,"2019/09/05 18:55:00",WGWF1,34.60
D,DISPATCH,UNIT_SCADA,1,"2019/09/05 18:55:00",WHITSF1,0
D,DISPATCH,UNIT_SCADA,1,"2019/09/05 18:55:00",WKIEWA1,31.60
D,DISPATCH,UNIT_SCADA,1,"2019/09/05 18:55:00",WKIEWA2,31.60
D,DISPATCH,UNIT_SCADA,1,"2019/09/05 18:55:00",WOODLWN1,0
D,DISPATCH,UNIT_SCADA,1,"2019/09/05 18:55:00",WRSF1,0
D,DISPATCH,UNIT_SCADA,1,"2019/09/05 18:55:00",WRWF1,21.5625
D,DISPATCH,UNIT_SCADA,1,"2019/09/05 18:55:00",YABULU,159.930010
D,DISPATCH,UNIT_SCADA,1,"2019/09/05 18:55:00",YABULU2,0
D,DISPATCH,UNIT_SCADA,1,"2019/09/05 18:55:00",YARWUN_1,160.099990
D,DISPATCH,UNIT_SCADA,1,"2019/09/05 18:55:00",YENDWF1,42.06
D,DISPATCH,UNIT_SCADA,1,"2019/09/05 18:55:00",YWPS1,381.453160
D,DISPATCH,UNIT_SCADA,1,"2019/09/05 18:55:00",YWPS2,282.7038
D,DISPATCH,UNIT_SCADA,1,"2019/09/05 18:55:00",YWPS3,330.878480
D,DISPATCH,UNIT_SCADA,1,"2019/09/05 18:55:00",YWPS4,388.1810
C,"END OF REPORT",335
