C,NEMP.WORLD,DISPATCHSCADA,AEMO,PUBLIC,2019/08/22,13:20:10,0000000311868451,DISPATCHSCADA,0000000311868445
I,DISPATCH,UNIT_SCADA,1,SETTLEMENTDATE,DUID,SCADAVALUE
D,DISPATCH,UNIT_SCADA,1,"2019/08/22 13:25:00",BARCSF1,18
D,DISPATCH,UNIT_SCADA,1,"2019/08/22 13:25:00",BUTLERSG,9.699999
D,DISPATCH,UNIT_SCADA,1,"2019/08/22 13:25:00",CALL_A_4,0
D,DISPATCH,UNIT_SCADA,1,"2019/08/22 13:25:00",CAPTL_WF,72.879997
D,DISPATCH,UNIT_SCADA,1,"2019/08/22 13:25:00",CATHROCK,0
D,DISPATCH,UNIT_SCADA,1,"2019/08/22 13:25:00",CHALLHWF,22.200001
D,DISPATCH,UNIT_SCADA,1,"2019/08/22 13:25:00",CLOVER,0
D,DISPATCH,UNIT_SCADA,1,"2019/08/22 13:25:00",CLUNY,19.997711
D,DISPATCH,UNIT_SCADA,1,"2019/08/22 13:25:00",CNUNDAWF,4.905723
D,DISPATCH,UNIT_SCADA,1,"2019/08/22 13:25:00",CULLRGWF,29.040001
D,DISPATCH,UNIT_SCADA,1,"2019/08/22 13:25:00",ERGT01,0
D,DISPATCH,UNIT_SCADA,1,"2019/08/22 13:25:00",GB01,0.069336
D,DISPATCH,UNIT_SCADA,1,"2019/08/22 13:25:00",GERMCRK,8.90
D,DISPATCH,UNIT_SCADA,1,"2019/08/22 13:25:00",GRIFSF1,24
D,DISPATCH,UNIT_SCADA,1,"2019/08/22 13:25:00",HUGSF1,8.9630
D,DISPATCH,UNIT_SCADA,1,"2019/08/22 13:25:00",LKBONNY1,8.037843
D,DISPATCH,UNIT_SCADA,1,"2019/08/22 13:25:00",LRSF1,12.073001
D,DISPATCH,UNIT_SCADA,1,"2019/08/22 13:25:00",MBAHNTH,55.556244
D,DISPATCH,UNIT_SCADA,1,"2019/08/22 13:25:00",MLSP1,12.191001
D,DISPATCH,UNIT_SCADA,1,"2019/08/22 13:25:00",MLWF1,7.59
D,DISPATCH,UNIT_SCADA,1,"2019/08/22 13:25:00",MTMILLAR,1.852887
D,DISPATCH,UNIT_SCADA,1,"2019/08/22 13:25:00",PALOONA,28.92
D,DISPATCH,UNIT_SCADA,1,"2019/08/22 13:25:00",PIONEER,21.300001
D,DISPATCH,UNIT_SCADA,1,"2019/08/22 13:25:00",PORTWF,21.200001
D,DISPATCH,UNIT_SCADA,1,"2019/08/22 13:25:00",REPULSE,28.974442
D,DISPATCH,UNIT_SCADA,1,"2019/08/22 13:25:00",ROWALLAN,10.4370
D,DISPATCH,UNIT_SCADA,1,"2019/08/22 13:25:00",ROYALLA1,18.789001
D,DISPATCH,UNIT_SCADA,1,"2019/08/22 13:25:00",RPCG,11.80
D,DISPATCH,UNIT_SCADA,1,"2019/08/22 13:25:00",RUBICON,0
D,DISPATCH,UNIT_SCADA,1,"2019/08/22 13:25:00",SATGN1,0
D,DISPATCH,UNIT_SCADA,1,"2019/08/22 13:25:00",SATGS1,0
D,DISPATCH,UNIT_SCADA,1,"2019/08/22 13:25:00",STARHLWF,2.099388
D,DISPATCH,UNIT_SCADA,1,"2019/08/22 13:25:00",WAUBRAWF,126.419998
D,DISPATCH,UNIT_SCADA,1,"2019/08/22 13:25:00",WOOLNTH1,108.760025
D,DISPATCH,UNIT_SCADA,1,"2019/08/22 13:25:00",WPWF,0
D,DISPATCH,UNIT_SCADA,1,"2019/08/22 13:25:00",YAMBUKWF,3
D,DISPATCH,UNIT_SCADA,1,"2019/08/22 13:25:00",YSWF1,10.30
D,DISPATCH,UNIT_SCADA,1,"2019/08/22 13:25:00",AGLHAL,0
D,DISPATCH,UNIT_SCADA,1,"2019/08/22 13:25:00",AGLSOM,0
D,DISPATCH,UNIT_SCADA,1,"2019/08/22 13:25:00",ANGAST1,0
D,DISPATCH,UNIT_SCADA,1,"2019/08/22 13:25:00",ARWF1,155.599990
D,DISPATCH,UNIT_SCADA,1,"2019/08/22 13:25:00",BALBG1,0
D,DISPATCH,UNIT_SCADA,1,"2019/08/22 13:25:00",BALBL1,14.95
D,DISPATCH,UNIT_SCADA,1,"2019/08/22 13:25:00",BALDHWF1,90.0320
D,DISPATCH,UNIT_SCADA,1,"2019/08/22 13:25:00",BANN1,40.48
D,DISPATCH,UNIT_SCADA,1,"2019/08/22 13:25:00",BARCALDN,0
D,DISPATCH,UNIT_SCADA,1,"2019/08/22 13:25:00",BARRON-1,0
D,DISPATCH,UNIT_SCADA,1,"2019/08/22 13:25:00",BARRON-2,0
D,DISPATCH,UNIT_SCADA,1,"2019/08/22 13:25:00",BASTYAN,77.77
D,DISPATCH,UNIT_SCADA,1,"2019/08/22 13:25:00",BBTHREE1,-2.20
D,DISPATCH,UNIT_SCADA,1,"2019/08/22 13:25:00",BBTHREE2,-2.24
D,DISPATCH,UNIT_SCADA,1,"2019/08/22 13:25:00",BBTHREE3,-1.26
D,DISPATCH,UNIT_SCADA,1,"2019/08/22 13:25:00",BDL01,0
D,DISPATCH,UNIT_SCADA,1,"2019/08/22 13:25:00",BDL02,0
D,DISPATCH,UNIT_SCADA,1,"2019/08/22 13:25:00",BERYLSF1,73.020190
D,DISPATCH,UNIT_SCADA,1,"2019/08/22 13:25:00",BLOWERNG,0
D,DISPATCH,UNIT_SCADA,1,"2019/08/22 13:25:00",BLUFF1,0
D,DISPATCH,UNIT_SCADA,1,"2019/08/22 13:25:00",BNGSF1,94.12
D,DISPATCH,UNIT_SCADA,1,"2019/08/22 13:25:00",BNGSF2,20
D,DISPATCH,UNIT_SCADA,1,"2019/08/22 13:25:00",BOCORWF1,103.98
D,DISPATCH,UNIT_SCADA,1,"2019/08/22 13:25:00",BODWF1,111.713820
D,DISPATCH,UNIT_SCADA,1,"2019/08/22 13:25:00",BRAEMAR1,0
D,DISPATCH,UNIT_SCADA,1,"2019/08/22 13:25:00",BRAEMAR2,0
D,DISPATCH,UNIT_SCADA,1,"2019/08/22 13:25:00",BRAEMAR3,0
D,DISPATCH,UNIT_SCADA,1,"2019/08/22 13:25:00",BRAEMAR5,0
D,DISPATCH,UNIT_SCADA,1,"2019/08/22 13:25:00",BRAEMAR6,0
D,DISPATCH,UNIT_SCADA,1,"2019/08/22 13:25:00",BRAEMAR7,0
D,DISPATCH,UNIT_SCADA,1,"2019/08/22 13:25:00",BROKENH1,53.0415
D,DISPATCH,UNIT_SCADA,1,"2019/08/22 13:25:00",BW01,526
D,DISPATCH,UNIT_SCADA,1,"2019/08/22 13:25:00",BW02,538.574950
D,DISPATCH,UNIT_SCADA,1,"2019/08/22 13:25:00",BW03,524.549930
D,DISPATCH,UNIT_SCADA,1,"2019/08/22 13:25:00",BW04,0
D,DISPATCH,UNIT_SCADA,1,"2019/08/22 13:25:00",CALL_B_1,279.600010
D,DISPATCH,UNIT_SCADA,1,"2019/08/22 13:25:00",CALL_B_2,279.800020
D,DISPATCH,UNIT_SCADA,1,"2019/08/22 13:25:00",CETHANA,98.124630
D,DISPATCH,UNIT_SCADA,1,"2019/08/22 13:25:00",CG1,0
D,DISPATCH,UNIT_SCADA,1,"2019/08/22 13:25:00",CG2,0
D,DISPATCH,UNIT_SCADA,1,"2019/08/22 13:25:00",CG3,0
D,DISPATCH,UNIT_SCADA,1,"2019/08/22 13:25:00",CG4,0
D,DISPATCH,UNIT_SCADA,1,"2019/08/22 13:25:00",CHILDSF1,40.12
D,DISPATCH,UNIT_SCADA,1,"2019/08/22 13:25:00",CLARESF1,2.020290
D,DISPATCH,UNIT_SCADA,1,"2019/08/22 13:25:00",CLEMGPWF,-0.360180
D,DISPATCH,UNIT_SCADA,1,"2019/08/22 13:25:00",CLERMSF1,0
D,DISPATCH,UNIT_SCADA,1,"2019/08/22 13:25:00",COLEASF1,98.899990
D,DISPATCH,UNIT_SCADA,1,"2019/08/22 13:25:00",COOPGWF1,30.437840
D,DISPATCH,UNIT_SCADA,1,"2019/08/22 13:25:00",CPP_3,279.950010
D,DISPATCH,UNIT_SCADA,1,"2019/08/22 13:25:00",CPP_4,292.050020
D,DISPATCH,UNIT_SCADA,1,"2019/08/22 13:25:00",CPSA,89.551880
D,DISPATCH,UNIT_SCADA,1,"2019/08/22 13:25:00",CROOKWF2,73.743740
D,DISPATCH,UNIT_SCADA,1,"2019/08/22 13:25:00",CROWLWF1,37.271550
D,DISPATCH,UNIT_SCADA,1,"2019/08/22 13:25:00",CSPVPS1,31.9250
D,DISPATCH,UNIT_SCADA,1,"2019/08/22 13:25:00",DALNTH01,0
D,DISPATCH,UNIT_SCADA,1,"2019/08/22 13:25:00",DALNTHL1,0.062560
D,DISPATCH,UNIT_SCADA,1,"2019/08/22 13:25:00",DARTM1,132.399990
D,DISPATCH,UNIT_SCADA,1,"2019/08/22 13:25:00",DAYDSF1,0
D,DISPATCH,UNIT_SCADA,1,"2019/08/22 13:25:00",DDPS1,0
D,DISPATCH,UNIT_SCADA,1,"2019/08/22 13:25:00",DDSF1,58.902530
D,DISPATCH,UNIT_SCADA,1,"2019/08/22 13:25:00",DEVILS_G,0
D,DISPATCH,UNIT_SCADA,1,"2019/08/22 13:25:00",DG_NSW1,0
D,DISPATCH,UNIT_SCADA,1,"2019/08/22 13:25:00",DG_QLD1,0
D,DISPATCH,UNIT_SCADA,1,"2019/08/22 13:25:00",DG_SA1,0
D,DISPATCH,UNIT_SCADA,1,"2019/08/22 13:25:00",DG_TAS1,0
D,DISPATCH,UNIT_SCADA,1,"2019/08/22 13:25:00",DG_VIC1,0
D,DISPATCH,UNIT_SCADA,1,"2019/08/22 13:25:00",DRYCGT1,0
D,DISPATCH,UNIT_SCADA,1,"2019/08/22 13:25:00",DRYCGT2,0
D,DISPATCH,UNIT_SCADA,1,"2019/08/22 13:25:00",DRYCGT3,0
D,DISPATCH,UNIT_SCADA,1,"2019/08/22 13:25:00",EILDON1,0
D,DISPATCH,UNIT_SCADA,1,"2019/08/22 13:25:00",EILDON2,0
D,DISPATCH,UNIT_SCADA,1,"2019/08/22 13:25:00",EMERASF1,61.48
D,DISPATCH,UNIT_SCADA,1,"2019/08/22 13:25:00",ER01,326.424930
D,DISPATCH,UNIT_SCADA,1,"2019/08/22 13:25:00",ER02,378.599980
D,DISPATCH,UNIT_SCADA,1,"2019/08/22 13:25:00",ER03,700.599980
D,DISPATCH,UNIT_SCADA,1,"2019/08/22 13:25:00",ER04,378.549930
D,DISPATCH,UNIT_SCADA,1,"2019/08/22 13:25:00",FINLYSF1,1.105310
D,DISPATCH,UNIT_SCADA,1,"2019/08/22 13:25:00",FISHER,45.57
D,DISPATCH,UNIT_SCADA,1,"2019/08/22 13:25:00",GANNBG1,0
D,DISPATCH,UNIT_SCADA,1,"2019/08/22 13:25:00",GANNBL1,15.011850
D,DISPATCH,UNIT_SCADA,1,"2019/08/22 13:25:00",GANNSF1,41.20
D,DISPATCH,UNIT_SCADA,1,"2019/08/22 13:25:00",GORDON,0
D,DISPATCH,UNIT_SCADA,1,"2019/08/22 13:25:00",GSTONE1,124.95
D,DISPATCH,UNIT_SCADA,1,"2019/08/22 13:25:00",GSTONE2,110.0750
D,DISPATCH,UNIT_SCADA,1,"2019/08/22 13:25:00",GSTONE3,125.30
D,DISPATCH,UNIT_SCADA,1,"2019/08/22 13:25:00",GSTONE4,123.55
D,DISPATCH,UNIT_SCADA,1,"2019/08/22 13:25:00",GSTONE5,120.2250
D,DISPATCH,UNIT_SCADA,1,"2019/08/22 13:25:00",GSTONE6,0
D,DISPATCH,UNIT_SCADA,1,"2019/08/22 13:25:00",GULLRSF1,9.737950
D,DISPATCH,UNIT_SCADA,1,"2019/08/22 13:25:00",GULLRWF1,134.856720
D,DISPATCH,UNIT_SCADA,1,"2019/08/22 13:25:00",GUNNING1,36.400730
D,DISPATCH,UNIT_SCADA,1,"2019/08/22 13:25:00",GUTHEGA,0
D,DISPATCH,UNIT_SCADA,1,"2019/08/22 13:25:00",HALLWF1,-0.51
D,DISPATCH,UNIT_SCADA,1,"2019/08/22 13:25:00",HALLWF2,-0.28
D,DISPATCH,UNIT_SCADA,1,"2019/08/22 13:25:00",HAMISF1,45.80
D,DISPATCH,UNIT_SCADA,1,"2019/08/22 13:25:00",HAUGHT11,49.985530
D,DISPATCH,UNIT_SCADA,1,"2019/08/22 13:25:00",HAYMSF1,40.98
D,DISPATCH,UNIT_SCADA,1,"2019/08/22 13:25:00",HDWF1,0.30
D,DISPATCH,UNIT_SCADA,1,"2019/08/22 13:25:00",HDWF2,1.10
D,DISPATCH,UNIT_SCADA,1,"2019/08/22 13:25:00",HDWF3,0.40
D,DISPATCH,UNIT_SCADA,1,"2019/08/22 13:25:00",HPRG1,0
D,DISPATCH,UNIT_SCADA,1,"2019/08/22 13:25:00",HPRL1,2.60
D,DISPATCH,UNIT_SCADA,1,"2019/08/22 13:25:00",HUMENSW,0
D,DISPATCH,UNIT_SCADA,1,"2019/08/22 13:25:00",HUMEV,8.30
D,DISPATCH,UNIT_SCADA,1,"2019/08/22 13:25:00",HVGTS,0
D,DISPATCH,UNIT_SCADA,1,"2019/08/22 13:25:00",JBUTTERS,136.20
D,DISPATCH,UNIT_SCADA,1,"2019/08/22 13:25:00",JLA01,0.50
D,DISPATCH,UNIT_SCADA,1,"2019/08/22 13:25:00",JLA02,0
D,DISPATCH,UNIT_SCADA,1,"2019/08/22 13:25:00",JLA03,0.10
D,DISPATCH,UNIT_SCADA,1,"2019/08/22 13:25:00",JLA04,0.10
D,DISPATCH,UNIT_SCADA,1,"2019/08/22 13:25:00",JLB01,0
D,DISPATCH,UNIT_SCADA,1,"2019/08/22 13:25:00",JLB02,0.10
D,DISPATCH,UNIT_SCADA,1,"2019/08/22 13:25:00",JLB03,0
D,DISPATCH,UNIT_SCADA,1,"2019/08/22 13:25:00",KAREEYA1,21.51
D,DISPATCH,UNIT_SCADA,1,"2019/08/22 13:25:00",KAREEYA2,21.80
D,DISPATCH,UNIT_SCADA,1,"2019/08/22 13:25:00",KAREEYA3,0
D,DISPATCH,UNIT_SCADA,1,"2019/08/22 13:25:00",KAREEYA4,21.6525
D,DISPATCH,UNIT_SCADA,1,"2019/08/22 13:25:00",KARSF1,60.80
D,DISPATCH,UNIT_SCADA,1,"2019/08/22 13:25:00",KIATAWF1,16.50
D,DISPATCH,UNIT_SCADA,1,"2019/08/22 13:25:00",KPP_1,0
D,DISPATCH,UNIT_SCADA,1,"2019/08/22 13:25:00",KSP1,47.43
D,DISPATCH,UNIT_SCADA,1,"2019/08/22 13:25:00",LADBROK1,0
D,DISPATCH,UNIT_SCADA,1,"2019/08/22 13:25:00",LADBROK2,0
D,DISPATCH,UNIT_SCADA,1,"2019/08/22 13:25:00",LD01,343.518770
D,DISPATCH,UNIT_SCADA,1,"2019/08/22 13:25:00",LD02,346.368710
D,DISPATCH,UNIT_SCADA,1,"2019/08/22 13:25:00",LD03,347.606320
D,DISPATCH,UNIT_SCADA,1,"2019/08/22 13:25:00",LD04,346.4812
D,DISPATCH,UNIT_SCADA,1,"2019/08/22 13:25:00",LEM_WIL,86.023050
D,DISPATCH,UNIT_SCADA,1,"2019/08/22 13:25:00",LGAPWF1,8.07
D,DISPATCH,UNIT_SCADA,1,"2019/08/22 13:25:00",LILYSF1,92.798970
D,DISPATCH,UNIT_SCADA,1,"2019/08/22 13:25:00",LI_WY_CA,148.199550
D,DISPATCH,UNIT_SCADA,1,"2019/08/22 13:25:00",LKBONNY2,17.018790
D,DISPATCH,UNIT_SCADA,1,"2019/08/22 13:25:00",LKBONNY3,5.358910
D,DISPATCH,UNIT_SCADA,1,"2019/08/22 13:25:00",LK_ECHO,0
D,DISPATCH,UNIT_SCADA,1,"2019/08/22 13:25:00",LNGS1,0
D,DISPATCH,UNIT_SCADA,1,"2019/08/22 13:25:00",LNGS2,0
D,DISPATCH,UNIT_SCADA,1,"2019/08/22 13:25:00",LONSDALE,0
D,DISPATCH,UNIT_SCADA,1,"2019/08/22 13:25:00",LOYYB1,531.577210
D,DISPATCH,UNIT_SCADA,1,"2019/08/22 13:25:00",LOYYB2,583.834170
D,DISPATCH,UNIT_SCADA,1,"2019/08/22 13:25:00",LYA1,559
D,DISPATCH,UNIT_SCADA,1,"2019/08/22 13:25:00",LYA2,0
D,DISPATCH,UNIT_SCADA,1,"2019/08/22 13:25:00",LYA3,520
D,DISPATCH,UNIT_SCADA,1,"2019/08/22 13:25:00",LYA4,541
D,DISPATCH,UNIT_SCADA,1,"2019/08/22 13:25:00",MACARTH1,112.4974
D,DISPATCH,UNIT_SCADA,1,"2019/08/22 13:25:00",MACKAYGT,0
D,DISPATCH,UNIT_SCADA,1,"2019/08/22 13:25:00",MACKNTSH,85.830010
D,DISPATCH,UNIT_SCADA,1,"2019/08/22 13:25:00",MANSLR1,40.5990
D,DISPATCH,UNIT_SCADA,1,"2019/08/22 13:25:00",MCKAY1,0.02
D,DISPATCH,UNIT_SCADA,1,"2019/08/22 13:25:00",MEADOWBK,33.610080
D,DISPATCH,UNIT_SCADA,1,"2019/08/22 13:25:00",MERCER01,42.2150
D,DISPATCH,UNIT_SCADA,1,"2019/08/22 13:25:00",MEWF1,45.064190
D,DISPATCH,UNIT_SCADA,1,"2019/08/22 13:25:00",MINTARO,0
D,DISPATCH,UNIT_SCADA,1,"2019/08/22 13:25:00",MOREESF1,48.0440
D,DISPATCH,UNIT_SCADA,1,"2019/08/22 13:25:00",MORTLK11,213
D,DISPATCH,UNIT_SCADA,1,"2019/08/22 13:25:00",MORTLK12,0
D,DISPATCH,UNIT_SCADA,1,"2019/08/22 13:25:00",MP1,279.074950
D,DISPATCH,UNIT_SCADA,1,"2019/08/22 13:25:00",MP2,0
D,DISPATCH,UNIT_SCADA,1,"2019/08/22 13:25:00",MPP_1,250.50
D,DISPATCH,UNIT_SCADA,1,"2019/08/22 13:25:00",MPP_2,279.75
D,DISPATCH,UNIT_SCADA,1,"2019/08/22 13:25:00",MSTUART1,0
D,DISPATCH,UNIT_SCADA,1,"2019/08/22 13:25:00",MSTUART2,0
D,DISPATCH,UNIT_SCADA,1,"2019/08/22 13:25:00",MSTUART3,0
D,DISPATCH,UNIT_SCADA,1,"2019/08/22 13:25:00",MTGELWF1,45.820490
D,DISPATCH,UNIT_SCADA,1,"2019/08/22 13:25:00",MURRAY,0
D,DISPATCH,UNIT_SCADA,1,"2019/08/22 13:25:00",MUSSELR1,73
D,DISPATCH,UNIT_SCADA,1,"2019/08/22 13:25:00",MUWAWF1,38.47
D,DISPATCH,UNIT_SCADA,1,"2019/08/22 13:25:00",NBHWF1,-0.80
D,DISPATCH,UNIT_SCADA,1,"2019/08/22 13:25:00",NPS,0
D,DISPATCH,UNIT_SCADA,1,"2019/08/22 13:25:00",NUMURSF1,68.29
D,DISPATCH,UNIT_SCADA,1,"2019/08/22 13:25:00",NYNGAN1,90.75
D,DISPATCH,UNIT_SCADA,1,"2019/08/22 13:25:00",OAKEY1,0
D,DISPATCH,UNIT_SCADA,1,"2019/08/22 13:25:00",OAKEY1SF,22.78
D,DISPATCH,UNIT_SCADA,1,"2019/08/22 13:25:00",OAKEY2,0
D,DISPATCH,UNIT_SCADA,1,"2019/08/22 13:25:00",OAKLAND1,28.50
D,DISPATCH,UNIT_SCADA,1,"2019/08/22 13:25:00",OSB-AG,136.990010
D,DISPATCH,UNIT_SCADA,1,"2019/08/22 13:25:00",PARSF1,40.600010
D,DISPATCH,UNIT_SCADA,1,"2019/08/22 13:25:00",POAT110,0
D,DISPATCH,UNIT_SCADA,1,"2019/08/22 13:25:00",POAT220,0
D,DISPATCH,UNIT_SCADA,1,"2019/08/22 13:25:00",POR01,0
D,DISPATCH,UNIT_SCADA,1,"2019/08/22 13:25:00",POR03,0
D,DISPATCH,UNIT_SCADA,1,"2019/08/22 13:25:00",PPCCGT,484.944790
D,DISPATCH,UNIT_SCADA,1,"2019/08/22 13:25:00",PTSTAN1,0
D,DISPATCH,UNIT_SCADA,1,"2019/08/22 13:25:00",PUMP1,0
D,DISPATCH,UNIT_SCADA,1,"2019/08/22 13:25:00",PUMP2,0
D,DISPATCH,UNIT_SCADA,1,"2019/08/22 13:25:00",QPS1,0
D,DISPATCH,UNIT_SCADA,1,"2019/08/22 13:25:00",QPS2,0
D,DISPATCH,UNIT_SCADA,1,"2019/08/22 13:25:00",QPS3,0
D,DISPATCH,UNIT_SCADA,1,"2019/08/22 13:25:00",QPS4,0
D,DISPATCH,UNIT_SCADA,1,"2019/08/22 13:25:00",QPS5,0
D,DISPATCH,UNIT_SCADA,1,"2019/08/22 13:25:00",REECE1,119.210010
D,DISPATCH,UNIT_SCADA,1,"2019/08/22 13:25:00",REECE2,117.330010
D,DISPATCH,UNIT_SCADA,1,"2019/08/22 13:25:00",ROMA_7,0
D,DISPATCH,UNIT_SCADA,1,"2019/08/22 13:25:00",ROMA_8,0
D,DISPATCH,UNIT_SCADA,1,"2019/08/22 13:25:00",RRSF1,114.543310
D,DISPATCH,UNIT_SCADA,1,"2019/08/22 13:25:00",RT_NSW1,0
D,DISPATCH,UNIT_SCADA,1,"2019/08/22 13:25:00",RT_NSW2,0
D,DISPATCH,UNIT_SCADA,1,"2019/08/22 13:25:00",RT_NSW3,0
D,DISPATCH,UNIT_SCADA,1,"2019/08/22 13:25:00",RT_NSW4,0
D,DISPATCH,UNIT_SCADA,1,"2019/08/22 13:25:00",RT_NSW5,0
D,DISPATCH,UNIT_SCADA,1,"2019/08/22 13:25:00",RT_NSW6,0
D,DISPATCH,UNIT_SCADA,1,"2019/08/22 13:25:00",RT_QLD1,0
D,DISPATCH,UNIT_SCADA,1,"2019/08/22 13:25:00",RT_SA1,0
D,DISPATCH,UNIT_SCADA,1,"2019/08/22 13:25:00",RT_SA2,0
D,DISPATCH,UNIT_SCADA,1,"2019/08/22 13:25:00",RT_SA3,0
D,DISPATCH,UNIT_SCADA,1,"2019/08/22 13:25:00",RT_SA4,0
D,DISPATCH,UNIT_SCADA,1,"2019/08/22 13:25:00",RT_SA5,0
D,DISPATCH,UNIT_SCADA,1,"2019/08/22 13:25:00",RT_SA6,0
D,DISPATCH,UNIT_SCADA,1,"2019/08/22 13:25:00",RT_TAS1,0
D,DISPATCH,UNIT_SCADA,1,"2019/08/22 13:25:00",RT_VIC1,0
D,DISPATCH,UNIT_SCADA,1,"2019/08/22 13:25:00",RT_VIC10,0
D,DISPATCH,UNIT_SCADA,1,"2019/08/22 13:25:00",RT_VIC11,0
D,DISPATCH,UNIT_SCADA,1,"2019/08/22 13:25:00",RT_VIC12,0
D,DISPATCH,UNIT_SCADA,1,"2019/08/22 13:25:00",RT_VIC2,0
D,DISPATCH,UNIT_SCADA,1,"2019/08/22 13:25:00",RT_VIC3,0
D,DISPATCH,UNIT_SCADA,1,"2019/08/22 13:25:00",RT_VIC4,0
D,DISPATCH,UNIT_SCADA,1,"2019/08/22 13:25:00",RT_VIC5,0
D,DISPATCH,UNIT_SCADA,1,"2019/08/22 13:25:00",RT_VIC6,0
D,DISPATCH,UNIT_SCADA,1,"2019/08/22 13:25:00",RT_VIC7,0
D,DISPATCH,UNIT_SCADA,1,"2019/08/22 13:25:00",RT_VIC8,0
D,DISPATCH,UNIT_SCADA,1,"2019/08/22 13:25:00",RT_VIC9,0
D,DISPATCH,UNIT_SCADA,1,"2019/08/22 13:25:00",RUGBYR1,59.338750
D,DISPATCH,UNIT_SCADA,1,"2019/08/22 13:25:00",SALTCRK1,13.44
D,DISPATCH,UNIT_SCADA,1,"2019/08/22 13:25:00",SAPHWF1,239.700010
D,DISPATCH,UNIT_SCADA,1,"2019/08/22 13:25:00",SHGEN,0
D,DISPATCH,UNIT_SCADA,1,"2019/08/22 13:25:00",SHPUMP,202.130830
D,DISPATCH,UNIT_SCADA,1,"2019/08/22 13:25:00",SITHE01,0.133760
D,DISPATCH,UNIT_SCADA,1,"2019/08/22 13:25:00",SMCSF1,82.077220
D,DISPATCH,UNIT_SCADA,1,"2019/08/22 13:25:00",SNOWNTH1,2.80
D,DISPATCH,UNIT_SCADA,1,"2019/08/22 13:25:00",SNOWSTH1,2.50
D,DISPATCH,UNIT_SCADA,1,"2019/08/22 13:25:00",SNOWTWN1,-0.641030
D,DISPATCH,UNIT_SCADA,1,"2019/08/22 13:25:00",SNOWYP,0
D,DISPATCH,UNIT_SCADA,1,"2019/08/22 13:25:00",SNUG1,0.019440
D,DISPATCH,UNIT_SCADA,1,"2019/08/22 13:25:00",SRSF1,34.91
D,DISPATCH,UNIT_SCADA,1,"2019/08/22 13:25:00",STAN-1,0
D,DISPATCH,UNIT_SCADA,1,"2019/08/22 13:25:00",STAN-2,278.838410
D,DISPATCH,UNIT_SCADA,1,"2019/08/22 13:25:00",STAN-3,280.7739
D,DISPATCH,UNIT_SCADA,1,"2019/08/22 13:25:00",STAN-4,279.992030
D,DISPATCH,UNIT_SCADA,1,"2019/08/22 13:25:00",STWF1,15.570010
D,DISPATCH,UNIT_SCADA,1,"2019/08/22 13:25:00",SWAN_E,0
D,DISPATCH,UNIT_SCADA,1,"2019/08/22 13:25:00",TALWA1,190
D,DISPATCH,UNIT_SCADA,1,"2019/08/22 13:25:00",TARALGA1,89.9025
D,DISPATCH,UNIT_SCADA,1,"2019/08/22 13:25:00",TARONG#1,278
D,DISPATCH,UNIT_SCADA,1,"2019/08/22 13:25:00",TARONG#2,277.700010
D,DISPATCH,UNIT_SCADA,1,"2019/08/22 13:25:00",TARONG#3,260.50
D,DISPATCH,UNIT_SCADA,1,"2019/08/22 13:25:00",TARONG#4,279.700010
D,DISPATCH,UNIT_SCADA,1,"2019/08/22 13:25:00",TARRALEA,83.70
D,DISPATCH,UNIT_SCADA,1,"2019/08/22 13:25:00",TBSF1,31.80
D,DISPATCH,UNIT_SCADA,1,"2019/08/22 13:25:00",TNPS1,442.300020
D,DISPATCH,UNIT_SCADA,1,"2019/08/22 13:25:00",TORRA1,50.291560
D,DISPATCH,UNIT_SCADA,1,"2019/08/22 13:25:00",TORRA2,0
D,DISPATCH,UNIT_SCADA,1,"2019/08/22 13:25:00",TORRA3,37.072720
D,DISPATCH,UNIT_SCADA,1,"2019/08/22 13:25:00",TORRA4,44.870130
D,DISPATCH,UNIT_SCADA,1,"2019/08/22 13:25:00",TORRB1,55.02
D,DISPATCH,UNIT_SCADA,1,"2019/08/22 13:25:00",TORRB2,65.61
D,DISPATCH,UNIT_SCADA,1,"2019/08/22 13:25:00",TORRB3,0
D,DISPATCH,UNIT_SCADA,1,"2019/08/22 13:25:00",TORRB4,0
D,DISPATCH,UNIT_SCADA,1,"2019/08/22 13:25:00",TREVALLN,43.740020
D,DISPATCH,UNIT_SCADA,1,"2019/08/22 13:25:00",TRIBUTE,84.08
D,DISPATCH,UNIT_SCADA,1,"2019/08/22 13:25:00",TUMUT3,0
D,DISPATCH,UNIT_SCADA,1,"2019/08/22 13:25:00",TUNGATIN,104.190030
D,DISPATCH,UNIT_SCADA,1,"2019/08/22 13:25:00",TVCC201,0
D,DISPATCH,UNIT_SCADA,1,"2019/08/22 13:25:00",TVPP104,0
D,DISPATCH,UNIT_SCADA,1,"2019/08/22 13:25:00",UPPTUMUT,0
D,DISPATCH,UNIT_SCADA,1,"2019/08/22 13:25:00",URANQ11,0
D,DISPATCH,UNIT_SCADA,1,"2019/08/22 13:25:00",URANQ12,0
D,DISPATCH,UNIT_SCADA,1,"2019/08/22 13:25:00",URANQ13,0
D,DISPATCH,UNIT_SCADA,1,"2019/08/22 13:25:00",URANQ14,0
D,DISPATCH,UNIT_SCADA,1,"2019/08/22 13:25:00",VP5,200.099990
D,DISPATCH,UNIT_SCADA,1,"2019/08/22 13:25:00",VP6,598.25
D,DISPATCH,UNIT_SCADA,1,"2019/08/22 13:25:00",VPGS1,0
D,DISPATCH,UNIT_SCADA,1,"2019/08/22 13:25:00",VPGS2,0
D,DISPATCH,UNIT_SCADA,1,"2019/08/22 13:25:00",VPGS3,0
D,DISPATCH,UNIT_SCADA,1,"2019/08/22 13:25:00",VPGS4,0
D,DISPATCH,UNIT_SCADA,1,"2019/08/22 13:25:00",VPGS5,0
D,DISPATCH,UNIT_SCADA,1,"2019/08/22 13:25:00",VPGS6,0
D,DISPATCH,UNIT_SCADA,1,"2019/08/22 13:25:00",W/HOE#1,0
D,DISPATCH,UNIT_SCADA,1,"2019/08/22 13:25:00",W/HOE#2,0
D,DISPATCH,UNIT_SCADA,1,"2019/08/22 13:25:00",WATERLWF,7.70
D,DISPATCH,UNIT_SCADA,1,"2019/08/22 13:25:00",WEMENSF1,34
D,DISPATCH,UNIT_SCADA,1,"2019/08/22 13:25:00",WGWF1,3.90
D,DISPATCH,UNIT_SCADA,1,"2019/08/22 13:25:00",WHITSF1,0
D,DISPATCH,UNIT_SCADA,1,"2019/08/22 13:25:00",WKIEWA1,0
D,DISPATCH,UNIT_SCADA,1,"2019/08/22 13:25:00",WKIEWA2,6.30
D,DISPATCH,UNIT_SCADA,1,"2019/08/22 13:25:00",WOODLWN1,24.389980
D,DISPATCH,UNIT_SCADA,1,"2019/08/22 13:25:00",WRSF1,0.22
D,DISPATCH,UNIT_SCADA,1,"2019/08/22 13:25:00",WRWF1,166.671230
D,DISPATCH,UNIT_SCADA,1,"2019/08/22 13:25:00",YABULU,0
D,DISPATCH,UNIT_SCADA,1,"2019/08/22 13:25:00",YABULU2,0
D,DISPATCH,UNIT_SCADA,1,"2019/08/22 13:25:00",YARWUN_1,0
D,DISPATCH,UNIT_SCADA,1,"2019/08/22 13:25:00",YENDWF1,42.24
D,DISPATCH,UNIT_SCADA,1,"2019/08/22 13:25:00",YWPS1,345.362030
D,DISPATCH,UNIT_SCADA,1,"2019/08/22 13:25:00",YWPS2,276.437990
D,DISPATCH,UNIT_SCADA,1,"2019/08/22 13:25:00",YWPS3,0
D,DISPATCH,UNIT_SCADA,1,"2019/08/22 13:25:00",YWPS4,338.50
C,"END OF REPORT",334
