C,NEMP.WORLD,DISPATCHSCADA,AEMO,PUBLIC,2019/09/06,13:15:09,0000000312463738,DISPATCHSCADA,0000000312463732
I,DISPATCH,UNIT_SCADA,1,SETTLEMENTDATE,DUID,SCADAVALUE
D,DISPATCH,UNIT_SCADA,1,"2019/09/06 13:20:00",BARCSF1,8.900001
D,DISPATCH,UNIT_SCADA,1,"2019/09/06 13:20:00",BUTLERSG,10.199999
D,DISPATCH,UNIT_SCADA,1,"2019/09/06 13:20:00",CALL_A_4,0
D,DISPATCH,UNIT_SCADA,1,"2019/09/06 13:20:00",CAPTL_WF,128.520004
D,DISPATCH,UNIT_SCADA,1,"2019/09/06 13:20:00",CATHROCK,0
D,DISPATCH,UNIT_SCADA,1,"2019/09/06 13:20:00",CHALLHWF,4.40
D,DISPATCH,UNIT_SCADA,1,"2019/09/06 13:20:00",CLOVER,0
D,DISPATCH,UNIT_SCADA,1,"2019/09/06 13:20:00",CLUNY,18.254520
D,DISPATCH,UNIT_SCADA,1,"2019/09/06 13:20:00",CNUNDAWF,42.649750
D,DISPATCH,UNIT_SCADA,1,"2019/09/06 13:20:00",CULLRGWF,25.35
D,DISPATCH,UNIT_SCADA,1,"2019/09/06 13:20:00",ERGT01,0
D,DISPATCH,UNIT_SCADA,1,"2019/09/06 13:20:00",GB01,0.012867
D,DISPATCH,UNIT_SCADA,1,"2019/09/06 13:20:00",GERMCRK,33
D,DISPATCH,UNIT_SCADA,1,"2019/09/06 13:20:00",GRIFSF1,2.300003
D,DISPATCH,UNIT_SCADA,1,"2019/09/06 13:20:00",HUGSF1,9.04
D,DISPATCH,UNIT_SCADA,1,"2019/09/06 13:20:00",LKBONNY1,72.608513
D,DISPATCH,UNIT_SCADA,1,"2019/09/06 13:20:00",LRSF1,11.3950
D,DISPATCH,UNIT_SCADA,1,"2019/09/06 13:20:00",MBAHNTH,51.618744
D,DISPATCH,UNIT_SCADA,1,"2019/09/06 13:20:00",MLSP1,11.617002
D,DISPATCH,UNIT_SCADA,1,"2019/09/06 13:20:00",MLWF1,19.184999
D,DISPATCH,UNIT_SCADA,1,"2019/09/06 13:20:00",MTMILLAR,52.104061
D,DISPATCH,UNIT_SCADA,1,"2019/09/06 13:20:00",PALOONA,23.549999
D,DISPATCH,UNIT_SCADA,1,"2019/09/06 13:20:00",PIONEER,37.900002
D,DISPATCH,UNIT_SCADA,1,"2019/09/06 13:20:00",PORTWF,56
D,DISPATCH,UNIT_SCADA,1,"2019/09/06 13:20:00",REPULSE,32.409554
D,DISPATCH,UNIT_SCADA,1,"2019/09/06 13:20:00",ROWALLAN,10.195601
D,DISPATCH,UNIT_SCADA,1,"2019/09/06 13:20:00",ROYALLA1,7.628001
D,DISPATCH,UNIT_SCADA,1,"2019/09/06 13:20:00",RPCG,11.50
D,DISPATCH,UNIT_SCADA,1,"2019/09/06 13:20:00",RUBICON,0
D,DISPATCH,UNIT_SCADA,1,"2019/09/06 13:20:00",SATGN1,0
D,DISPATCH,UNIT_SCADA,1,"2019/09/06 13:20:00",SATGS1,0
D,DISPATCH,UNIT_SCADA,1,"2019/09/06 13:20:00",STARHLWF,24.792770
D,DISPATCH,UNIT_SCADA,1,"2019/09/06 13:20:00",WAUBRAWF,39.231998
D,DISPATCH,UNIT_SCADA,1,"2019/09/06 13:20:00",WOOLNTH1,50.020016
D,DISPATCH,UNIT_SCADA,1,"2019/09/06 13:20:00",WPWF,83
D,DISPATCH,UNIT_SCADA,1,"2019/09/06 13:20:00",YAMBUKWF,25.90
D,DISPATCH,UNIT_SCADA,1,"2019/09/06 13:20:00",YSWF1,22.299999
D,DISPATCH,UNIT_SCADA,1,"2019/09/06 13:20:00",AGLHAL,0
D,DISPATCH,UNIT_SCADA,1,"2019/09/06 13:20:00",AGLSOM,0
D,DISPATCH,UNIT_SCADA,1,"2019/09/06 13:20:00",ANGAST1,0
D,DISPATCH,UNIT_SCADA,1,"2019/09/06 13:20:00",ARWF1,25.10
D,DISPATCH,UNIT_SCADA,1,"2019/09/06 13:20:00",BALBG1,11.65
D,DISPATCH,UNIT_SCADA,1,"2019/09/06 13:20:00",BALBL1,0
D,DISPATCH,UNIT_SCADA,1,"2019/09/06 13:20:00",BALDHWF1,86.9570
D,DISPATCH,UNIT_SCADA,1,"2019/09/06 13:20:00",BANN1,28.35
D,DISPATCH,UNIT_SCADA,1,"2019/09/06 13:20:00",BARCALDN,0
D,DISPATCH,UNIT_SCADA,1,"2019/09/06 13:20:00",BARRON-1,0
D,DISPATCH,UNIT_SCADA,1,"2019/09/06 13:20:00",BARRON-2,0
D,DISPATCH,UNIT_SCADA,1,"2019/09/06 13:20:00",BASTYAN,79.060010
D,DISPATCH,UNIT_SCADA,1,"2019/09/06 13:20:00",BBTHREE1,0
D,DISPATCH,UNIT_SCADA,1,"2019/09/06 13:20:00",BBTHREE2,0
D,DISPATCH,UNIT_SCADA,1,"2019/09/06 13:20:00",BBTHREE3,0
D,DISPATCH,UNIT_SCADA,1,"2019/09/06 13:20:00",BDL01,0
D,DISPATCH,UNIT_SCADA,1,"2019/09/06 13:20:00",BDL02,2.70
D,DISPATCH,UNIT_SCADA,1,"2019/09/06 13:20:00",BERYLSF1,59.151840
D,DISPATCH,UNIT_SCADA,1,"2019/09/06 13:20:00",BLOWERNG,15.30
D,DISPATCH,UNIT_SCADA,1,"2019/09/06 13:20:00",BLUFF1,44.20
D,DISPATCH,UNIT_SCADA,1,"2019/09/06 13:20:00",BNGSF1,108.86
D,DISPATCH,UNIT_SCADA,1,"2019/09/06 13:20:00",BNGSF2,19.88
D,DISPATCH,UNIT_SCADA,1,"2019/09/06 13:20:00",BOCORWF1,109.05
D,DISPATCH,UNIT_SCADA,1,"2019/09/06 13:20:00",BODWF1,110.530640
D,DISPATCH,UNIT_SCADA,1,"2019/09/06 13:20:00",BRAEMAR1,0
D,DISPATCH,UNIT_SCADA,1,"2019/09/06 13:20:00",BRAEMAR2,0
D,DISPATCH,UNIT_SCADA,1,"2019/09/06 13:20:00",BRAEMAR3,0
D,DISPATCH,UNIT_SCADA,1,"2019/09/06 13:20:00",BRAEMAR5,0
D,DISPATCH,UNIT_SCADA,1,"2019/09/06 13:20:00",BRAEMAR6,0
D,DISPATCH,UNIT_SCADA,1,"2019/09/06 13:20:00",BRAEMAR7,0
D,DISPATCH,UNIT_SCADA,1,"2019/09/06 13:20:00",BROKENH1,0
D,DISPATCH,UNIT_SCADA,1,"2019/09/06 13:20:00",BW01,535.449950
D,DISPATCH,UNIT_SCADA,1,"2019/09/06 13:20:00",BW02,578.549930
D,DISPATCH,UNIT_SCADA,1,"2019/09/06 13:20:00",BW03,615.349980
D,DISPATCH,UNIT_SCADA,1,"2019/09/06 13:20:00",BW04,0
D,DISPATCH,UNIT_SCADA,1,"2019/09/06 13:20:00",CALL_B_1,346.899990
D,DISPATCH,UNIT_SCADA,1,"2019/09/06 13:20:00",CALL_B_2,347.300020
D,DISPATCH,UNIT_SCADA,1,"2019/09/06 13:20:00",CETHANA,96.567880
D,DISPATCH,UNIT_SCADA,1,"2019/09/06 13:20:00",CG1,0
D,DISPATCH,UNIT_SCADA,1,"2019/09/06 13:20:00",CG2,0
D,DISPATCH,UNIT_SCADA,1,"2019/09/06 13:20:00",CG3,0
D,DISPATCH,UNIT_SCADA,1,"2019/09/06 13:20:00",CG4,0
D,DISPATCH,UNIT_SCADA,1,"2019/09/06 13:20:00",CHILDSF1,52.46
D,DISPATCH,UNIT_SCADA,1,"2019/09/06 13:20:00",CLARESF1,45.713410
D,DISPATCH,UNIT_SCADA,1,"2019/09/06 13:20:00",CLEMGPWF,51.000790
D,DISPATCH,UNIT_SCADA,1,"2019/09/06 13:20:00",CLERMSF1,14.72
D,DISPATCH,UNIT_SCADA,1,"2019/09/06 13:20:00",COLEASF1,101.599990
D,DISPATCH,UNIT_SCADA,1,"2019/09/06 13:20:00",COOPGWF1,52.477680
D,DISPATCH,UNIT_SCADA,1,"2019/09/06 13:20:00",CPP_3,321.200010
D,DISPATCH,UNIT_SCADA,1,"2019/09/06 13:20:00",CPP_4,241.725010
D,DISPATCH,UNIT_SCADA,1,"2019/09/06 13:20:00",CPSA,74.238750
D,DISPATCH,UNIT_SCADA,1,"2019/09/06 13:20:00",CROOKWF2,80.843750
D,DISPATCH,UNIT_SCADA,1,"2019/09/06 13:20:00",CROWLWF1,15.875070
D,DISPATCH,UNIT_SCADA,1,"2019/09/06 13:20:00",CSPVPS1,31.9990
D,DISPATCH,UNIT_SCADA,1,"2019/09/06 13:20:00",DALNTH01,0
D,DISPATCH,UNIT_SCADA,1,"2019/09/06 13:20:00",DALNTHL1,0.959790
D,DISPATCH,UNIT_SCADA,1,"2019/09/06 13:20:00",DARTM1,0
D,DISPATCH,UNIT_SCADA,1,"2019/09/06 13:20:00",DAYDSF1,113.09
D,DISPATCH,UNIT_SCADA,1,"2019/09/06 13:20:00",DDPS1,0
D,DISPATCH,UNIT_SCADA,1,"2019/09/06 13:20:00",DDSF1,105.955330
D,DISPATCH,UNIT_SCADA,1,"2019/09/06 13:20:00",DEVILS_G,0
D,DISPATCH,UNIT_SCADA,1,"2019/09/06 13:20:00",DG_NSW1,0
D,DISPATCH,UNIT_SCADA,1,"2019/09/06 13:20:00",DG_QLD1,0
D,DISPATCH,UNIT_SCADA,1,"2019/09/06 13:20:00",DG_SA1,0
D,DISPATCH,UNIT_SCADA,1,"2019/09/06 13:20:00",DG_TAS1,0
D,DISPATCH,UNIT_SCADA,1,"2019/09/06 13:20:00",DG_VIC1,0
D,DISPATCH,UNIT_SCADA,1,"2019/09/06 13:20:00",DRYCGT1,0
D,DISPATCH,UNIT_SCADA,1,"2019/09/06 13:20:00",DRYCGT2,0
D,DISPATCH,UNIT_SCADA,1,"2019/09/06 13:20:00",DRYCGT3,0
D,DISPATCH,UNIT_SCADA,1,"2019/09/06 13:20:00",EILDON1,0
D,DISPATCH,UNIT_SCADA,1,"2019/09/06 13:20:00",EILDON2,0
D,DISPATCH,UNIT_SCADA,1,"2019/09/06 13:20:00",EMERASF1,67.41
D,DISPATCH,UNIT_SCADA,1,"2019/09/06 13:20:00",ER01,525.474980
D,DISPATCH,UNIT_SCADA,1,"2019/09/06 13:20:00",ER02,637.1250
D,DISPATCH,UNIT_SCADA,1,"2019/09/06 13:20:00",ER03,0
D,DISPATCH,UNIT_SCADA,1,"2019/09/06 13:20:00",ER04,621.325070
D,DISPATCH,UNIT_SCADA,1,"2019/09/06 13:20:00",FINLYSF1,1.3750
D,DISPATCH,UNIT_SCADA,1,"2019/09/06 13:20:00",FISHER,45.87
D,DISPATCH,UNIT_SCADA,1,"2019/09/06 13:20:00",GANNBG1,5.0566
D,DISPATCH,UNIT_SCADA,1,"2019/09/06 13:20:00",GANNBL1,0
D,DISPATCH,UNIT_SCADA,1,"2019/09/06 13:20:00",GANNSF1,3.70
D,DISPATCH,UNIT_SCADA,1,"2019/09/06 13:20:00",GORDON,21.7980
D,DISPATCH,UNIT_SCADA,1,"2019/09/06 13:20:00",GSTONE1,133.524990
D,DISPATCH,UNIT_SCADA,1,"2019/09/06 13:20:00",GSTONE2,110.4250
D,DISPATCH,UNIT_SCADA,1,"2019/09/06 13:20:00",GSTONE3,0
D,DISPATCH,UNIT_SCADA,1,"2019/09/06 13:20:00",GSTONE4,133.349990
D,DISPATCH,UNIT_SCADA,1,"2019/09/06 13:20:00",GSTONE5,134.9250
D,DISPATCH,UNIT_SCADA,1,"2019/09/06 13:20:00",GSTONE6,133.8750
D,DISPATCH,UNIT_SCADA,1,"2019/09/06 13:20:00",GULLRSF1,4.2597
D,DISPATCH,UNIT_SCADA,1,"2019/09/06 13:20:00",GULLRWF1,131.344450
D,DISPATCH,UNIT_SCADA,1,"2019/09/06 13:20:00",GUNNING1,34.413090
D,DISPATCH,UNIT_SCADA,1,"2019/09/06 13:20:00",GUTHEGA,0
D,DISPATCH,UNIT_SCADA,1,"2019/09/06 13:20:00",HALLWF1,-0.41
D,DISPATCH,UNIT_SCADA,1,"2019/09/06 13:20:00",HALLWF2,-0.30
D,DISPATCH,UNIT_SCADA,1,"2019/09/06 13:20:00",HAMISF1,45.60
D,DISPATCH,UNIT_SCADA,1,"2019/09/06 13:20:00",HAUGHT11,0
D,DISPATCH,UNIT_SCADA,1,"2019/09/06 13:20:00",HAYMSF1,41.1080
D,DISPATCH,UNIT_SCADA,1,"2019/09/06 13:20:00",HDWF1,80.90
D,DISPATCH,UNIT_SCADA,1,"2019/09/06 13:20:00",HDWF2,81.10
D,DISPATCH,UNIT_SCADA,1,"2019/09/06 13:20:00",HDWF3,86.90
D,DISPATCH,UNIT_SCADA,1,"2019/09/06 13:20:00",HPRG1,0
D,DISPATCH,UNIT_SCADA,1,"2019/09/06 13:20:00",HPRL1,0
D,DISPATCH,UNIT_SCADA,1,"2019/09/06 13:20:00",HUMENSW,0
D,DISPATCH,UNIT_SCADA,1,"2019/09/06 13:20:00",HUMEV,25.20
D,DISPATCH,UNIT_SCADA,1,"2019/09/06 13:20:00",HVGTS,0
D,DISPATCH,UNIT_SCADA,1,"2019/09/06 13:20:00",JBUTTERS,118.14
D,DISPATCH,UNIT_SCADA,1,"2019/09/06 13:20:00",JLA01,0.10
D,DISPATCH,UNIT_SCADA,1,"2019/09/06 13:20:00",JLA02,0
D,DISPATCH,UNIT_SCADA,1,"2019/09/06 13:20:00",JLA03,0
D,DISPATCH,UNIT_SCADA,1,"2019/09/06 13:20:00",JLA04,0
D,DISPATCH,UNIT_SCADA,1,"2019/09/06 13:20:00",JLB01,0
D,DISPATCH,UNIT_SCADA,1,"2019/09/06 13:20:00",JLB02,0.10
D,DISPATCH,UNIT_SCADA,1,"2019/09/06 13:20:00",JLB03,0
D,DISPATCH,UNIT_SCADA,1,"2019/09/06 13:20:00",KAREEYA1,21.4650
D,DISPATCH,UNIT_SCADA,1,"2019/09/06 13:20:00",KAREEYA2,21.8875
D,DISPATCH,UNIT_SCADA,1,"2019/09/06 13:20:00",KAREEYA3,0
D,DISPATCH,UNIT_SCADA,1,"2019/09/06 13:20:00",KAREEYA4,21.6075
D,DISPATCH,UNIT_SCADA,1,"2019/09/06 13:20:00",KARSF1,2.80
D,DISPATCH,UNIT_SCADA,1,"2019/09/06 13:20:00",KIATAWF1,25.70
D,DISPATCH,UNIT_SCADA,1,"2019/09/06 13:20:00",KPP_1,0
D,DISPATCH,UNIT_SCADA,1,"2019/09/06 13:20:00",KSP1,46.26
D,DISPATCH,UNIT_SCADA,1,"2019/09/06 13:20:00",LADBROK1,0
D,DISPATCH,UNIT_SCADA,1,"2019/09/06 13:20:00",LADBROK2,0
D,DISPATCH,UNIT_SCADA,1,"2019/09/06 13:20:00",LD01,381.581270
D,DISPATCH,UNIT_SCADA,1,"2019/09/06 13:20:00",LD02,382.218750
D,DISPATCH,UNIT_SCADA,1,"2019/09/06 13:20:00",LD03,379.518770
D,DISPATCH,UNIT_SCADA,1,"2019/09/06 13:20:00",LD04,380.362520
D,DISPATCH,UNIT_SCADA,1,"2019/09/06 13:20:00",LEM_WIL,84.9134
D,DISPATCH,UNIT_SCADA,1,"2019/09/06 13:20:00",LGAPWF1,34.14
D,DISPATCH,UNIT_SCADA,1,"2019/09/06 13:20:00",LILYSF1,0
D,DISPATCH,UNIT_SCADA,1,"2019/09/06 13:20:00",LI_WY_CA,163.329320
D,DISPATCH,UNIT_SCADA,1,"2019/09/06 13:20:00",LKBONNY2,123.625320
D,DISPATCH,UNIT_SCADA,1,"2019/09/06 13:20:00",LKBONNY3,33.493210
D,DISPATCH,UNIT_SCADA,1,"2019/09/06 13:20:00",LK_ECHO,0
D,DISPATCH,UNIT_SCADA,1,"2019/09/06 13:20:00",LNGS1,0
D,DISPATCH,UNIT_SCADA,1,"2019/09/06 13:20:00",LNGS2,0
D,DISPATCH,UNIT_SCADA,1,"2019/09/06 13:20:00",LONSDALE,0
D,DISPATCH,UNIT_SCADA,1,"2019/09/06 13:20:00",LOYYB1,537.592410
D,DISPATCH,UNIT_SCADA,1,"2019/09/06 13:20:00",LOYYB2,584.210140
D,DISPATCH,UNIT_SCADA,1,"2019/09/06 13:20:00",LYA1,0
D,DISPATCH,UNIT_SCADA,1,"2019/09/06 13:20:00",LYA2,0
D,DISPATCH,UNIT_SCADA,1,"2019/09/06 13:20:00",LYA3,560
D,DISPATCH,UNIT_SCADA,1,"2019/09/06 13:20:00",LYA4,539
D,DISPATCH,UNIT_SCADA,1,"2019/09/06 13:20:00",MACARTH1,118.997250
D,DISPATCH,UNIT_SCADA,1,"2019/09/06 13:20:00",MACKAYGT,0.2240
D,DISPATCH,UNIT_SCADA,1,"2019/09/06 13:20:00",MACKNTSH,88.37
D,DISPATCH,UNIT_SCADA,1,"2019/09/06 13:20:00",MANSLR1,18.8160
D,DISPATCH,UNIT_SCADA,1,"2019/09/06 13:20:00",MCKAY1,-0.0350
D,DISPATCH,UNIT_SCADA,1,"2019/09/06 13:20:00",MEADOWBK,33.981620
D,DISPATCH,UNIT_SCADA,1,"2019/09/06 13:20:00",MERCER01,55.3890
D,DISPATCH,UNIT_SCADA,1,"2019/09/06 13:20:00",MEWF1,14.927360
D,DISPATCH,UNIT_SCADA,1,"2019/09/06 13:20:00",MINTARO,0
D,DISPATCH,UNIT_SCADA,1,"2019/09/06 13:20:00",MOREESF1,47.5080
D,DISPATCH,UNIT_SCADA,1,"2019/09/06 13:20:00",MORTLK11,247
D,DISPATCH,UNIT_SCADA,1,"2019/09/06 13:20:00",MORTLK12,0
D,DISPATCH,UNIT_SCADA,1,"2019/09/06 13:20:00",MP1,164.550050
D,DISPATCH,UNIT_SCADA,1,"2019/09/06 13:20:00",MP2,0
D,DISPATCH,UNIT_SCADA,1,"2019/09/06 13:20:00",MPP_1,370.75
D,DISPATCH,UNIT_SCADA,1,"2019/09/06 13:20:00",MPP_2,426.25
D,DISPATCH,UNIT_SCADA,1,"2019/09/06 13:20:00",MSTUART1,0
D,DISPATCH,UNIT_SCADA,1,"2019/09/06 13:20:00",MSTUART2,0
D,DISPATCH,UNIT_SCADA,1,"2019/09/06 13:20:00",MSTUART3,0
D,DISPATCH,UNIT_SCADA,1,"2019/09/06 13:20:00",MTGELWF1,56.088440
D,DISPATCH,UNIT_SCADA,1,"2019/09/06 13:20:00",MURRAY,0
D,DISPATCH,UNIT_SCADA,1,"2019/09/06 13:20:00",MUSSELR1,162.399990
D,DISPATCH,UNIT_SCADA,1,"2019/09/06 13:20:00",MUWAWF1,71.95
D,DISPATCH,UNIT_SCADA,1,"2019/09/06 13:20:00",NBHWF1,113.399990
D,DISPATCH,UNIT_SCADA,1,"2019/09/06 13:20:00",NPS,0
D,DISPATCH,UNIT_SCADA,1,"2019/09/06 13:20:00",NUMURSF1,35.73
D,DISPATCH,UNIT_SCADA,1,"2019/09/06 13:20:00",NYNGAN1,45.25
D,DISPATCH,UNIT_SCADA,1,"2019/09/06 13:20:00",OAKEY1,0
D,DISPATCH,UNIT_SCADA,1,"2019/09/06 13:20:00",OAKEY1SF,23.79
D,DISPATCH,UNIT_SCADA,1,"2019/09/06 13:20:00",OAKEY2,0
D,DISPATCH,UNIT_SCADA,1,"2019/09/06 13:20:00",OAKEY2SF,0
D,DISPATCH,UNIT_SCADA,1,"2019/09/06 13:20:00",OAKLAND1,29
D,DISPATCH,UNIT_SCADA,1,"2019/09/06 13:20:00",OSB-AG,0
D,DISPATCH,UNIT_SCADA,1,"2019/09/06 13:20:00",PARSF1,23.599990
D,DISPATCH,UNIT_SCADA,1,"2019/09/06 13:20:00",POAT110,0
D,DISPATCH,UNIT_SCADA,1,"2019/09/06 13:20:00",POAT220,0
D,DISPATCH,UNIT_SCADA,1,"2019/09/06 13:20:00",POR01,0
D,DISPATCH,UNIT_SCADA,1,"2019/09/06 13:20:00",POR03,0
D,DISPATCH,UNIT_SCADA,1,"2019/09/06 13:20:00",PPCCGT,0
D,DISPATCH,UNIT_SCADA,1,"2019/09/06 13:20:00",PTSTAN1,0
D,DISPATCH,UNIT_SCADA,1,"2019/09/06 13:20:00",PUMP1,0
D,DISPATCH,UNIT_SCADA,1,"2019/09/06 13:20:00",PUMP2,0
D,DISPATCH,UNIT_SCADA,1,"2019/09/06 13:20:00",QPS1,0
D,DISPATCH,UNIT_SCADA,1,"2019/09/06 13:20:00",QPS2,0
D,DISPATCH,UNIT_SCADA,1,"2019/09/06 13:20:00",QPS3,0
D,DISPATCH,UNIT_SCADA,1,"2019/09/06 13:20:00",QPS4,0
D,DISPATCH,UNIT_SCADA,1,"2019/09/06 13:20:00",QPS5,0
D,DISPATCH,UNIT_SCADA,1,"2019/09/06 13:20:00",REECE1,100.790010
D,DISPATCH,UNIT_SCADA,1,"2019/09/06 13:20:00",REECE2,101.16
D,DISPATCH,UNIT_SCADA,1,"2019/09/06 13:20:00",ROMA_7,0
D,DISPATCH,UNIT_SCADA,1,"2019/09/06 13:20:00",ROMA_8,0
D,DISPATCH,UNIT_SCADA,1,"2019/09/06 13:20:00",RRSF1,111.046550
D,DISPATCH,UNIT_SCADA,1,"2019/09/06 13:20:00",RT_NSW1,0
D,DISPATCH,UNIT_SCADA,1,"2019/09/06 13:20:00",RT_NSW2,0
D,DISPATCH,UNIT_SCADA,1,"2019/09/06 13:20:00",RT_NSW3,0
D,DISPATCH,UNIT_SCADA,1,"2019/09/06 13:20:00",RT_NSW4,0
D,DISPATCH,UNIT_SCADA,1,"2019/09/06 13:20:00",RT_NSW5,0
D,DISPATCH,UNIT_SCADA,1,"2019/09/06 13:20:00",RT_NSW6,0
D,DISPATCH,UNIT_SCADA,1,"2019/09/06 13:20:00",RT_QLD1,0
D,DISPATCH,UNIT_SCADA,1,"2019/09/06 13:20:00",RT_SA1,0
D,DISPATCH,UNIT_SCADA,1,"2019/09/06 13:20:00",RT_SA2,0
D,DISPATCH,UNIT_SCADA,1,"2019/09/06 13:20:00",RT_SA3,0
D,DISPATCH,UNIT_SCADA,1,"2019/09/06 13:20:00",RT_SA4,0
D,DISPATCH,UNIT_SCADA,1,"2019/09/06 13:20:00",RT_SA5,0
D,DISPATCH,UNIT_SCADA,1,"2019/09/06 13:20:00",RT_SA6,0
D,DISPATCH,UNIT_SCADA,1,"2019/09/06 13:20:00",RT_TAS1,0
D,DISPATCH,UNIT_SCADA,1,"2019/09/06 13:20:00",RT_VIC1,0
D,DISPATCH,UNIT_SCADA,1,"2019/09/06 13:20:00",RT_VIC10,0
D,DISPATCH,UNIT_SCADA,1,"2019/09/06 13:20:00",RT_VIC11,0
D,DISPATCH,UNIT_SCADA,1,"2019/09/06 13:20:00",RT_VIC12,0
D,DISPATCH,UNIT_SCADA,1,"2019/09/06 13:20:00",RT_VIC2,0
D,DISPATCH,UNIT_SCADA,1,"2019/09/06 13:20:00",RT_VIC3,0
D,DISPATCH,UNIT_SCADA,1,"2019/09/06 13:20:00",RT_VIC4,0
D,DISPATCH,UNIT_SCADA,1,"2019/09/06 13:20:00",RT_VIC5,0
D,DISPATCH,UNIT_SCADA,1,"2019/09/06 13:20:00",RT_VIC6,0
D,DISPATCH,UNIT_SCADA,1,"2019/09/06 13:20:00",RT_VIC7,0
D,DISPATCH,UNIT_SCADA,1,"2019/09/06 13:20:00",RT_VIC8,0
D,DISPATCH,UNIT_SCADA,1,"2019/09/06 13:20:00",RT_VIC9,0
D,DISPATCH,UNIT_SCADA,1,"2019/09/06 13:20:00",RUGBYR1,62.7753
D,DISPATCH,UNIT_SCADA,1,"2019/09/06 13:20:00",SALTCRK1,11.94
D,DISPATCH,UNIT_SCADA,1,"2019/09/06 13:20:00",SAPHWF1,223.837520
D,DISPATCH,UNIT_SCADA,1,"2019/09/06 13:20:00",SHGEN,0
D,DISPATCH,UNIT_SCADA,1,"2019/09/06 13:20:00",SHPUMP,0
D,DISPATCH,UNIT_SCADA,1,"2019/09/06 13:20:00",SITHE01,0.194050
D,DISPATCH,UNIT_SCADA,1,"2019/09/06 13:20:00",SMCSF1,87.055260
D,DISPATCH,UNIT_SCADA,1,"2019/09/06 13:20:00",SNOWNTH1,137.50
D,DISPATCH,UNIT_SCADA,1,"2019/09/06 13:20:00",SNOWSTH1,118.50
D,DISPATCH,UNIT_SCADA,1,"2019/09/06 13:20:00",SNOWTWN1,18.448560
D,DISPATCH,UNIT_SCADA,1,"2019/09/06 13:20:00",SNOWYP,197.600010
D,DISPATCH,UNIT_SCADA,1,"2019/09/06 13:20:00",SNUG1,0.019440
D,DISPATCH,UNIT_SCADA,1,"2019/09/06 13:20:00",SRSF1,69.47
D,DISPATCH,UNIT_SCADA,1,"2019/09/06 13:20:00",STAN-1,212.339680
D,DISPATCH,UNIT_SCADA,1,"2019/09/06 13:20:00",STAN-2,232.284180
D,DISPATCH,UNIT_SCADA,1,"2019/09/06 13:20:00",STAN-3,233.348050
D,DISPATCH,UNIT_SCADA,1,"2019/09/06 13:20:00",STAN-4,230.041060
D,DISPATCH,UNIT_SCADA,1,"2019/09/06 13:20:00",STWF1,0
D,DISPATCH,UNIT_SCADA,1,"2019/09/06 13:20:00",SWAN_E,0
D,DISPATCH,UNIT_SCADA,1,"2019/09/06 13:20:00",TALWA1,191
D,DISPATCH,UNIT_SCADA,1,"2019/09/06 13:20:00",TARALGA1,97.882510
D,DISPATCH,UNIT_SCADA,1,"2019/09/06 13:20:00",TARONG#1,349.200010
D,DISPATCH,UNIT_SCADA,1,"2019/09/06 13:20:00",TARONG#2,0
D,DISPATCH,UNIT_SCADA,1,"2019/09/06 13:20:00",TARONG#3,280.50
D,DISPATCH,UNIT_SCADA,1,"2019/09/06 13:20:00",TARONG#4,348.50
D,DISPATCH,UNIT_SCADA,1,"2019/09/06 13:20:00",TARRALEA,73.80
D,DISPATCH,UNIT_SCADA,1,"2019/09/06 13:20:00",TBSF1,53
D,DISPATCH,UNIT_SCADA,1,"2019/09/06 13:20:00",TNPS1,398.800020
D,DISPATCH,UNIT_SCADA,1,"2019/09/06 13:20:00",TORRA1,44.221080
D,DISPATCH,UNIT_SCADA,1,"2019/09/06 13:20:00",TORRA2,0
D,DISPATCH,UNIT_SCADA,1,"2019/09/06 13:20:00",TORRA3,0
D,DISPATCH,UNIT_SCADA,1,"2019/09/06 13:20:00",TORRA4,44.730060
D,DISPATCH,UNIT_SCADA,1,"2019/09/06 13:20:00",TORRB1,74.42
D,DISPATCH,UNIT_SCADA,1,"2019/09/06 13:20:00",TORRB2,85.13
D,DISPATCH,UNIT_SCADA,1,"2019/09/06 13:20:00",TORRB3,66.21
D,DISPATCH,UNIT_SCADA,1,"2019/09/06 13:20:00",TORRB4,0
D,DISPATCH,UNIT_SCADA,1,"2019/09/06 13:20:00",TREVALLN,88.040030
D,DISPATCH,UNIT_SCADA,1,"2019/09/06 13:20:00",TRIBUTE,0
D,DISPATCH,UNIT_SCADA,1,"2019/09/06 13:20:00",TUMUT3,0
D,DISPATCH,UNIT_SCADA,1,"2019/09/06 13:20:00",TUNGATIN,38.890030
D,DISPATCH,UNIT_SCADA,1,"2019/09/06 13:20:00",TVCC201,0
D,DISPATCH,UNIT_SCADA,1,"2019/09/06 13:20:00",TVPP104,0
D,DISPATCH,UNIT_SCADA,1,"2019/09/06 13:20:00",UPPTUMUT,0
D,DISPATCH,UNIT_SCADA,1,"2019/09/06 13:20:00",URANQ11,0
D,DISPATCH,UNIT_SCADA,1,"2019/09/06 13:20:00",URANQ12,0
D,DISPATCH,UNIT_SCADA,1,"2019/09/06 13:20:00",URANQ13,0
D,DISPATCH,UNIT_SCADA,1,"2019/09/06 13:20:00",URANQ14,0
D,DISPATCH,UNIT_SCADA,1,"2019/09/06 13:20:00",VP5,405.224980
D,DISPATCH,UNIT_SCADA,1,"2019/09/06 13:20:00",VP6,0
D,DISPATCH,UNIT_SCADA,1,"2019/09/06 13:20:00",VPGS1,0
D,DISPATCH,UNIT_SCADA,1,"2019/09/06 13:20:00",VPGS2,0
D,DISPATCH,UNIT_SCADA,1,"2019/09/06 13:20:00",VPGS3,0
D,DISPATCH,UNIT_SCADA,1,"2019/09/06 13:20:00",VPGS4,0
D,DISPATCH,UNIT_SCADA,1,"2019/09/06 13:20:00",VPGS5,0
D,DISPATCH,UNIT_SCADA,1,"2019/09/06 13:20:00",VPGS6,0
D,DISPATCH,UNIT_SCADA,1,"2019/09/06 13:20:00",W/HOE#1,0
D,DISPATCH,UNIT_SCADA,1,"2019/09/06 13:20:00",W/HOE#2,0
D,DISPATCH,UNIT_SCADA,1,"2019/09/06 13:20:00",WATERLWF,70.50
D,DISPATCH,UNIT_SCADA,1,"2019/09/06 13:20:00",WEMENSF1,0
D,DISPATCH,UNIT_SCADA,1,"2019/09/06 13:20:00",WGWF1,0
D,DISPATCH,UNIT_SCADA,1,"2019/09/06 13:20:00",WHITSF1,42.40
D,DISPATCH,UNIT_SCADA,1,"2019/09/06 13:20:00",WKIEWA1,0
D,DISPATCH,UNIT_SCADA,1,"2019/09/06 13:20:00",WKIEWA2,0.10
D,DISPATCH,UNIT_SCADA,1,"2019/09/06 13:20:00",WOODLWN1,42.111010
D,DISPATCH,UNIT_SCADA,1,"2019/09/06 13:20:00",WRSF1,6.98
D,DISPATCH,UNIT_SCADA,1,"2019/09/06 13:20:00",WRWF1,158.356230
D,DISPATCH,UNIT_SCADA,1,"2019/09/06 13:20:00",YABULU,0
D,DISPATCH,UNIT_SCADA,1,"2019/09/06 13:20:00",YABULU2,0
D,DISPATCH,UNIT_SCADA,1,"2019/09/06 13:20:00",YARWUN_1,120.16
D,DISPATCH,UNIT_SCADA,1,"2019/09/06 13:20:00",YENDWF1,42.15
D,DISPATCH,UNIT_SCADA,1,"2019/09/06 13:20:00",YWPS1,382.706330
D,DISPATCH,UNIT_SCADA,1,"2019/09/06 13:20:00",YWPS2,281.200010
D,DISPATCH,UNIT_SCADA,1,"2019/09/06 13:20:00",YWPS3,331.443020
D,DISPATCH,UNIT_SCADA,1,"2019/09/06 13:20:00",YWPS4,397.213930
C,"END OF REPORT",335
