C,NEMP.WORLD,DISPATCHSCADA,AEMO,PUBLIC,2019/08/23,05:35:07,0000000311895068,DISPATCHSCADA,0000000311895062
I,DISPATCH,UNIT_SCADA,1,SETTLEMENTDATE,DUID,SCADAVALUE
D,DISPATCH,UNIT_SCADA,1,"2019/08/23 05:40:00",BARCSF1,0
D,DISPATCH,UNIT_SCADA,1,"2019/08/23 05:40:00",BUTLERSG,9.699999
D,DISPATCH,UNIT_SCADA,1,"2019/08/23 05:40:00",CALL_A_4,0
D,DISPATCH,UNIT_SCADA,1,"2019/08/23 05:40:00",CAPTL_WF,0
D,DISPATCH,UNIT_SCADA,1,"2019/08/23 05:40:00",CATHROCK,49.949997
D,DISPATCH,UNIT_SCADA,1,"2019/08/23 05:40:00",CHALLHWF,0
D,DISPATCH,UNIT_SCADA,1,"2019/08/23 05:40:00",CLOVER,0
D,DISPATCH,UNIT_SCADA,1,"2019/08/23 05:40:00",CLUNY,20.221104
D,DISPATCH,UNIT_SCADA,1,"2019/08/23 05:40:00",CNUNDAWF,4.705489
D,DISPATCH,UNIT_SCADA,1,"2019/08/23 05:40:00",CULLRGWF,4.48
D,DISPATCH,UNIT_SCADA,1,"2019/08/23 05:40:00",ERGT01,0
D,DISPATCH,UNIT_SCADA,1,"2019/08/23 05:40:00",GB01,0.054832
D,DISPATCH,UNIT_SCADA,1,"2019/08/23 05:40:00",GERMCRK,38.599998
D,DISPATCH,UNIT_SCADA,1,"2019/08/23 05:40:00",GRIFSF1,0
D,DISPATCH,UNIT_SCADA,1,"2019/08/23 05:40:00",HUGSF1,-0.2370
D,DISPATCH,UNIT_SCADA,1,"2019/08/23 05:40:00",LKBONNY1,5.001324
D,DISPATCH,UNIT_SCADA,1,"2019/08/23 05:40:00",LRSF1,-0.0130
D,DISPATCH,UNIT_SCADA,1,"2019/08/23 05:40:00",MBAHNTH,55.631256
D,DISPATCH,UNIT_SCADA,1,"2019/08/23 05:40:00",MLSP1,0.180001
D,DISPATCH,UNIT_SCADA,1,"2019/08/23 05:40:00",MLWF1,1.35
D,DISPATCH,UNIT_SCADA,1,"2019/08/23 05:40:00",MTMILLAR,17.479641
D,DISPATCH,UNIT_SCADA,1,"2019/08/23 05:40:00",PALOONA,23.789999
D,DISPATCH,UNIT_SCADA,1,"2019/08/23 05:40:00",PIONEER,42.200001
D,DISPATCH,UNIT_SCADA,1,"2019/08/23 05:40:00",PORTWF,34.900002
D,DISPATCH,UNIT_SCADA,1,"2019/08/23 05:40:00",REPULSE,28.980545
D,DISPATCH,UNIT_SCADA,1,"2019/08/23 05:40:00",ROWALLAN,10.3163
D,DISPATCH,UNIT_SCADA,1,"2019/08/23 05:40:00",ROYALLA1,0
D,DISPATCH,UNIT_SCADA,1,"2019/08/23 05:40:00",RPCG,11.30
D,DISPATCH,UNIT_SCADA,1,"2019/08/23 05:40:00",RUBICON,0
D,DISPATCH,UNIT_SCADA,1,"2019/08/23 05:40:00",SATGN1,0
D,DISPATCH,UNIT_SCADA,1,"2019/08/23 05:40:00",SATGS1,0
D,DISPATCH,UNIT_SCADA,1,"2019/08/23 05:40:00",STARHLWF,3.299038
D,DISPATCH,UNIT_SCADA,1,"2019/08/23 05:40:00",WAUBRAWF,2.8820
D,DISPATCH,UNIT_SCADA,1,"2019/08/23 05:40:00",WOOLNTH1,37.220016
D,DISPATCH,UNIT_SCADA,1,"2019/08/23 05:40:00",WPWF,10
D,DISPATCH,UNIT_SCADA,1,"2019/08/23 05:40:00",YAMBUKWF,4.70
D,DISPATCH,UNIT_SCADA,1,"2019/08/23 05:40:00",YSWF1,1.60
D,DISPATCH,UNIT_SCADA,1,"2019/08/23 05:40:00",AGLHAL,0
D,DISPATCH,UNIT_SCADA,1,"2019/08/23 05:40:00",AGLSOM,0
D,DISPATCH,UNIT_SCADA,1,"2019/08/23 05:40:00",ANGAST1,0
D,DISPATCH,UNIT_SCADA,1,"2019/08/23 05:40:00",ARWF1,-1.10
D,DISPATCH,UNIT_SCADA,1,"2019/08/23 05:40:00",BALBG1,0
D,DISPATCH,UNIT_SCADA,1,"2019/08/23 05:40:00",BALBL1,0.42
D,DISPATCH,UNIT_SCADA,1,"2019/08/23 05:40:00",BALDHWF1,10.6760
D,DISPATCH,UNIT_SCADA,1,"2019/08/23 05:40:00",BANN1,0
D,DISPATCH,UNIT_SCADA,1,"2019/08/23 05:40:00",BARCALDN,0
D,DISPATCH,UNIT_SCADA,1,"2019/08/23 05:40:00",BARRON-1,0
D,DISPATCH,UNIT_SCADA,1,"2019/08/23 05:40:00",BARRON-2,0
D,DISPATCH,UNIT_SCADA,1,"2019/08/23 05:40:00",BASTYAN,77.88
D,DISPATCH,UNIT_SCADA,1,"2019/08/23 05:40:00",BBTHREE1,-1.89
D,DISPATCH,UNIT_SCADA,1,"2019/08/23 05:40:00",BBTHREE2,-1.95
D,DISPATCH,UNIT_SCADA,1,"2019/08/23 05:40:00",BBTHREE3,0
D,DISPATCH,UNIT_SCADA,1,"2019/08/23 05:40:00",BDL01,0
D,DISPATCH,UNIT_SCADA,1,"2019/08/23 05:40:00",BDL02,0
D,DISPATCH,UNIT_SCADA,1,"2019/08/23 05:40:00",BERYLSF1,-0.190320
D,DISPATCH,UNIT_SCADA,1,"2019/08/23 05:40:00",BLOWERNG,0
D,DISPATCH,UNIT_SCADA,1,"2019/08/23 05:40:00",BLUFF1,6.10
D,DISPATCH,UNIT_SCADA,1,"2019/08/23 05:40:00",BNGSF1,0
D,DISPATCH,UNIT_SCADA,1,"2019/08/23 05:40:00",BNGSF2,0
D,DISPATCH,UNIT_SCADA,1,"2019/08/23 05:40:00",BOCORWF1,12.63
D,DISPATCH,UNIT_SCADA,1,"2019/08/23 05:40:00",BODWF1,41.621260
D,DISPATCH,UNIT_SCADA,1,"2019/08/23 05:40:00",BRAEMAR1,0
D,DISPATCH,UNIT_SCADA,1,"2019/08/23 05:40:00",BRAEMAR2,0
D,DISPATCH,UNIT_SCADA,1,"2019/08/23 05:40:00",BRAEMAR3,0
D,DISPATCH,UNIT_SCADA,1,"2019/08/23 05:40:00",BRAEMAR5,0
D,DISPATCH,UNIT_SCADA,1,"2019/08/23 05:40:00",BRAEMAR6,0
D,DISPATCH,UNIT_SCADA,1,"2019/08/23 05:40:00",BRAEMAR7,0
D,DISPATCH,UNIT_SCADA,1,"2019/08/23 05:40:00",BROKENH1,0
D,DISPATCH,UNIT_SCADA,1,"2019/08/23 05:40:00",BW01,659.775020
D,DISPATCH,UNIT_SCADA,1,"2019/08/23 05:40:00",BW02,665.174930
D,DISPATCH,UNIT_SCADA,1,"2019/08/23 05:40:00",BW03,661.50
D,DISPATCH,UNIT_SCADA,1,"2019/08/23 05:40:00",BW04,0
D,DISPATCH,UNIT_SCADA,1,"2019/08/23 05:40:00",CALL_B_1,350.200010
D,DISPATCH,UNIT_SCADA,1,"2019/08/23 05:40:00",CALL_B_2,348.50
D,DISPATCH,UNIT_SCADA,1,"2019/08/23 05:40:00",CETHANA,98.124630
D,DISPATCH,UNIT_SCADA,1,"2019/08/23 05:40:00",CG1,0
D,DISPATCH,UNIT_SCADA,1,"2019/08/23 05:40:00",CG2,0
D,DISPATCH,UNIT_SCADA,1,"2019/08/23 05:40:00",CG3,0
D,DISPATCH,UNIT_SCADA,1,"2019/08/23 05:40:00",CG4,0
D,DISPATCH,UNIT_SCADA,1,"2019/08/23 05:40:00",CHILDSF1,0
D,DISPATCH,UNIT_SCADA,1,"2019/08/23 05:40:00",CLARESF1,0
D,DISPATCH,UNIT_SCADA,1,"2019/08/23 05:40:00",CLEMGPWF,28.237730
D,DISPATCH,UNIT_SCADA,1,"2019/08/23 05:40:00",CLERMSF1,0
D,DISPATCH,UNIT_SCADA,1,"2019/08/23 05:40:00",COLEASF1,0
D,DISPATCH,UNIT_SCADA,1,"2019/08/23 05:40:00",COOPGWF1,17.501560
D,DISPATCH,UNIT_SCADA,1,"2019/08/23 05:40:00",CPP_3,405.350010
D,DISPATCH,UNIT_SCADA,1,"2019/08/23 05:40:00",CPP_4,407.550020
D,DISPATCH,UNIT_SCADA,1,"2019/08/23 05:40:00",CPSA,142.445630
D,DISPATCH,UNIT_SCADA,1,"2019/08/23 05:40:00",CROOKWF2,0.576240
D,DISPATCH,UNIT_SCADA,1,"2019/08/23 05:40:00",CROWLWF1,0.022820
D,DISPATCH,UNIT_SCADA,1,"2019/08/23 05:40:00",CSPVPS1,0
D,DISPATCH,UNIT_SCADA,1,"2019/08/23 05:40:00",DALNTH01,0
D,DISPATCH,UNIT_SCADA,1,"2019/08/23 05:40:00",DALNTHL1,0.077820
D,DISPATCH,UNIT_SCADA,1,"2019/08/23 05:40:00",DARTM1,0
D,DISPATCH,UNIT_SCADA,1,"2019/08/23 05:40:00",DAYDSF1,0
D,DISPATCH,UNIT_SCADA,1,"2019/08/23 05:40:00",DDPS1,256.133090
D,DISPATCH,UNIT_SCADA,1,"2019/08/23 05:40:00",DDSF1,0
D,DISPATCH,UNIT_SCADA,1,"2019/08/23 05:40:00",DEVILS_G,0
D,DISPATCH,UNIT_SCADA,1,"2019/08/23 05:40:00",DG_NSW1,0
D,DISPATCH,UNIT_SCADA,1,"2019/08/23 05:40:00",DG_QLD1,0
D,DISPATCH,UNIT_SCADA,1,"2019/08/23 05:40:00",DG_SA1,0
D,DISPATCH,UNIT_SCADA,1,"2019/08/23 05:40:00",DG_TAS1,0
D,DISPATCH,UNIT_SCADA,1,"2019/08/23 05:40:00",DG_VIC1,0
D,DISPATCH,UNIT_SCADA,1,"2019/08/23 05:40:00",DRYCGT1,0
D,DISPATCH,UNIT_SCADA,1,"2019/08/23 05:40:00",DRYCGT2,0
D,DISPATCH,UNIT_SCADA,1,"2019/08/23 05:40:00",DRYCGT3,0
D,DISPATCH,UNIT_SCADA,1,"2019/08/23 05:40:00",EILDON1,0
D,DISPATCH,UNIT_SCADA,1,"2019/08/23 05:40:00",EILDON2,0
D,DISPATCH,UNIT_SCADA,1,"2019/08/23 05:40:00",EMERASF1,0
D,DISPATCH,UNIT_SCADA,1,"2019/08/23 05:40:00",ER01,592.675050
D,DISPATCH,UNIT_SCADA,1,"2019/08/23 05:40:00",ER02,635.1250
D,DISPATCH,UNIT_SCADA,1,"2019/08/23 05:40:00",ER03,583.425050
D,DISPATCH,UNIT_SCADA,1,"2019/08/23 05:40:00",ER04,625.7749
D,DISPATCH,UNIT_SCADA,1,"2019/08/23 05:40:00",FINLYSF1,0
D,DISPATCH,UNIT_SCADA,1,"2019/08/23 05:40:00",FISHER,46.09
D,DISPATCH,UNIT_SCADA,1,"2019/08/23 05:40:00",GANNBG1,0
D,DISPATCH,UNIT_SCADA,1,"2019/08/23 05:40:00",GANNBL1,0.448820
D,DISPATCH,UNIT_SCADA,1,"2019/08/23 05:40:00",GANNSF1,0
D,DISPATCH,UNIT_SCADA,1,"2019/08/23 05:40:00",GORDON,195.406950
D,DISPATCH,UNIT_SCADA,1,"2019/08/23 05:40:00",GSTONE1,225.5750
D,DISPATCH,UNIT_SCADA,1,"2019/08/23 05:40:00",GSTONE2,204.9250
D,DISPATCH,UNIT_SCADA,1,"2019/08/23 05:40:00",GSTONE3,228.55
D,DISPATCH,UNIT_SCADA,1,"2019/08/23 05:40:00",GSTONE4,228.024990
D,DISPATCH,UNIT_SCADA,1,"2019/08/23 05:40:00",GSTONE5,228.3750
D,DISPATCH,UNIT_SCADA,1,"2019/08/23 05:40:00",GSTONE6,0
D,DISPATCH,UNIT_SCADA,1,"2019/08/23 05:40:00",GULLRSF1,0
D,DISPATCH,UNIT_SCADA,1,"2019/08/23 05:40:00",GULLRWF1,23.674190
D,DISPATCH,UNIT_SCADA,1,"2019/08/23 05:40:00",GUNNING1,6.753550
D,DISPATCH,UNIT_SCADA,1,"2019/08/23 05:40:00",GUTHEGA,0
D,DISPATCH,UNIT_SCADA,1,"2019/08/23 05:40:00",HALLWF1,28.97
D,DISPATCH,UNIT_SCADA,1,"2019/08/23 05:40:00",HALLWF2,14.51
D,DISPATCH,UNIT_SCADA,1,"2019/08/23 05:40:00",HAMISF1,0
D,DISPATCH,UNIT_SCADA,1,"2019/08/23 05:40:00",HAUGHT11,0
D,DISPATCH,UNIT_SCADA,1,"2019/08/23 05:40:00",HAYMSF1,0
D,DISPATCH,UNIT_SCADA,1,"2019/08/23 05:40:00",HDWF1,44
D,DISPATCH,UNIT_SCADA,1,"2019/08/23 05:40:00",HDWF2,53.40
D,DISPATCH,UNIT_SCADA,1,"2019/08/23 05:40:00",HDWF3,45.60
D,DISPATCH,UNIT_SCADA,1,"2019/08/23 05:40:00",HPRG1,0
D,DISPATCH,UNIT_SCADA,1,"2019/08/23 05:40:00",HPRL1,39.80
D,DISPATCH,UNIT_SCADA,1,"2019/08/23 05:40:00",HUMENSW,0
D,DISPATCH,UNIT_SCADA,1,"2019/08/23 05:40:00",HUMEV,10.40
D,DISPATCH,UNIT_SCADA,1,"2019/08/23 05:40:00",HVGTS,0
D,DISPATCH,UNIT_SCADA,1,"2019/08/23 05:40:00",JBUTTERS,141.429990
D,DISPATCH,UNIT_SCADA,1,"2019/08/23 05:40:00",JLA01,0.10
D,DISPATCH,UNIT_SCADA,1,"2019/08/23 05:40:00",JLA02,0
D,DISPATCH,UNIT_SCADA,1,"2019/08/23 05:40:00",JLA03,0.10
D,DISPATCH,UNIT_SCADA,1,"2019/08/23 05:40:00",JLA04,0.10
D,DISPATCH,UNIT_SCADA,1,"2019/08/23 05:40:00",JLB01,0
D,DISPATCH,UNIT_SCADA,1,"2019/08/23 05:40:00",JLB02,0.10
D,DISPATCH,UNIT_SCADA,1,"2019/08/23 05:40:00",JLB03,0
D,DISPATCH,UNIT_SCADA,1,"2019/08/23 05:40:00",KAREEYA1,21.6875
D,DISPATCH,UNIT_SCADA,1,"2019/08/23 05:40:00",KAREEYA2,21.9050
D,DISPATCH,UNIT_SCADA,1,"2019/08/23 05:40:00",KAREEYA3,0
D,DISPATCH,UNIT_SCADA,1,"2019/08/23 05:40:00",KAREEYA4,21.7725
D,DISPATCH,UNIT_SCADA,1,"2019/08/23 05:40:00",KARSF1,0
D,DISPATCH,UNIT_SCADA,1,"2019/08/23 05:40:00",KIATAWF1,1.40
D,DISPATCH,UNIT_SCADA,1,"2019/08/23 05:40:00",KPP_1,0
D,DISPATCH,UNIT_SCADA,1,"2019/08/23 05:40:00",KSP1,0
D,DISPATCH,UNIT_SCADA,1,"2019/08/23 05:40:00",LADBROK1,0
D,DISPATCH,UNIT_SCADA,1,"2019/08/23 05:40:00",LADBROK2,0
D,DISPATCH,UNIT_SCADA,1,"2019/08/23 05:40:00",LD01,354.3187
D,DISPATCH,UNIT_SCADA,1,"2019/08/23 05:40:00",LD02,301.331270
D,DISPATCH,UNIT_SCADA,1,"2019/08/23 05:40:00",LD03,364.068790
D,DISPATCH,UNIT_SCADA,1,"2019/08/23 05:40:00",LD04,352.012480
D,DISPATCH,UNIT_SCADA,1,"2019/08/23 05:40:00",LEM_WIL,86.1802
D,DISPATCH,UNIT_SCADA,1,"2019/08/23 05:40:00",LGAPWF1,8.54
D,DISPATCH,UNIT_SCADA,1,"2019/08/23 05:40:00",LILYSF1,0
D,DISPATCH,UNIT_SCADA,1,"2019/08/23 05:40:00",LI_WY_CA,150.1720
D,DISPATCH,UNIT_SCADA,1,"2019/08/23 05:40:00",LKBONNY2,13.072510
D,DISPATCH,UNIT_SCADA,1,"2019/08/23 05:40:00",LKBONNY3,5.0798
D,DISPATCH,UNIT_SCADA,1,"2019/08/23 05:40:00",LK_ECHO,0
D,DISPATCH,UNIT_SCADA,1,"2019/08/23 05:40:00",LNGS1,0
D,DISPATCH,UNIT_SCADA,1,"2019/08/23 05:40:00",LNGS2,0
D,DISPATCH,UNIT_SCADA,1,"2019/08/23 05:40:00",LONSDALE,0
D,DISPATCH,UNIT_SCADA,1,"2019/08/23 05:40:00",LOYYB1,543.983520
D,DISPATCH,UNIT_SCADA,1,"2019/08/23 05:40:00",LOYYB2,587.217710
D,DISPATCH,UNIT_SCADA,1,"2019/08/23 05:40:00",LYA1,560
D,DISPATCH,UNIT_SCADA,1,"2019/08/23 05:40:00",LYA2,0
D,DISPATCH,UNIT_SCADA,1,"2019/08/23 05:40:00",LYA3,558
D,DISPATCH,UNIT_SCADA,1,"2019/08/23 05:40:00",LYA4,540
D,DISPATCH,UNIT_SCADA,1,"2019/08/23 05:40:00",MACARTH1,16.999610
D,DISPATCH,UNIT_SCADA,1,"2019/08/23 05:40:00",MACKAYGT,0
D,DISPATCH,UNIT_SCADA,1,"2019/08/23 05:40:00",MACKNTSH,87.91
D,DISPATCH,UNIT_SCADA,1,"2019/08/23 05:40:00",MANSLR1,0
D,DISPATCH,UNIT_SCADA,1,"2019/08/23 05:40:00",MCKAY1,0.02
D,DISPATCH,UNIT_SCADA,1,"2019/08/23 05:40:00",MEADOWBK,33.953040
D,DISPATCH,UNIT_SCADA,1,"2019/08/23 05:40:00",MERCER01,6.0210
D,DISPATCH,UNIT_SCADA,1,"2019/08/23 05:40:00",MEWF1,69.079040
D,DISPATCH,UNIT_SCADA,1,"2019/08/23 05:40:00",MINTARO,0
D,DISPATCH,UNIT_SCADA,1,"2019/08/23 05:40:00",MOREESF1,0
D,DISPATCH,UNIT_SCADA,1,"2019/08/23 05:40:00",MORTLK11,260
D,DISPATCH,UNIT_SCADA,1,"2019/08/23 05:40:00",MORTLK12,0
D,DISPATCH,UNIT_SCADA,1,"2019/08/23 05:40:00",MP1,280.599980
D,DISPATCH,UNIT_SCADA,1,"2019/08/23 05:40:00",MP2,0
D,DISPATCH,UNIT_SCADA,1,"2019/08/23 05:40:00",MPP_1,375.50
D,DISPATCH,UNIT_SCADA,1,"2019/08/23 05:40:00",MPP_2,435.25
D,DISPATCH,UNIT_SCADA,1,"2019/08/23 05:40:00",MSTUART1,0
D,DISPATCH,UNIT_SCADA,1,"2019/08/23 05:40:00",MSTUART2,0
D,DISPATCH,UNIT_SCADA,1,"2019/08/23 05:40:00",MSTUART3,0
D,DISPATCH,UNIT_SCADA,1,"2019/08/23 05:40:00",MTGELWF1,4.667810
D,DISPATCH,UNIT_SCADA,1,"2019/08/23 05:40:00",MURRAY,56.872610
D,DISPATCH,UNIT_SCADA,1,"2019/08/23 05:40:00",MUSSELR1,66.80
D,DISPATCH,UNIT_SCADA,1,"2019/08/23 05:40:00",MUWAWF1,-0.10
D,DISPATCH,UNIT_SCADA,1,"2019/08/23 05:40:00",NBHWF1,34
D,DISPATCH,UNIT_SCADA,1,"2019/08/23 05:40:00",NPS,202.8750
D,DISPATCH,UNIT_SCADA,1,"2019/08/23 05:40:00",NUMURSF1,0
D,DISPATCH,UNIT_SCADA,1,"2019/08/23 05:40:00",NYNGAN1,0
D,DISPATCH,UNIT_SCADA,1,"2019/08/23 05:40:00",OAKEY1,0
D,DISPATCH,UNIT_SCADA,1,"2019/08/23 05:40:00",OAKEY1SF,0
D,DISPATCH,UNIT_SCADA,1,"2019/08/23 05:40:00",OAKEY2,0
D,DISPATCH,UNIT_SCADA,1,"2019/08/23 05:40:00",OAKLAND1,-0.30
D,DISPATCH,UNIT_SCADA,1,"2019/08/23 05:40:00",OSB-AG,143.81
D,DISPATCH,UNIT_SCADA,1,"2019/08/23 05:40:00",PARSF1,0
D,DISPATCH,UNIT_SCADA,1,"2019/08/23 05:40:00",POAT110,9.32
D,DISPATCH,UNIT_SCADA,1,"2019/08/23 05:40:00",POAT220,12.32
D,DISPATCH,UNIT_SCADA,1,"2019/08/23 05:40:00",POR01,0
D,DISPATCH,UNIT_SCADA,1,"2019/08/23 05:40:00",POR03,0
D,DISPATCH,UNIT_SCADA,1,"2019/08/23 05:40:00",PPCCGT,508.433440
D,DISPATCH,UNIT_SCADA,1,"2019/08/23 05:40:00",PTSTAN1,0
D,DISPATCH,UNIT_SCADA,1,"2019/08/23 05:40:00",PUMP1,0
D,DISPATCH,UNIT_SCADA,1,"2019/08/23 05:40:00",PUMP2,0
D,DISPATCH,UNIT_SCADA,1,"2019/08/23 05:40:00",QPS1,0
D,DISPATCH,UNIT_SCADA,1,"2019/08/23 05:40:00",QPS2,0
D,DISPATCH,UNIT_SCADA,1,"2019/08/23 05:40:00",QPS3,0
D,DISPATCH,UNIT_SCADA,1,"2019/08/23 05:40:00",QPS4,0
D,DISPATCH,UNIT_SCADA,1,"2019/08/23 05:40:00",QPS5,0
D,DISPATCH,UNIT_SCADA,1,"2019/08/23 05:40:00",REECE1,118.790010
D,DISPATCH,UNIT_SCADA,1,"2019/08/23 05:40:00",REECE2,119.640010
D,DISPATCH,UNIT_SCADA,1,"2019/08/23 05:40:00",ROMA_7,0
D,DISPATCH,UNIT_SCADA,1,"2019/08/23 05:40:00",ROMA_8,0
D,DISPATCH,UNIT_SCADA,1,"2019/08/23 05:40:00",RRSF1,0
D,DISPATCH,UNIT_SCADA,1,"2019/08/23 05:40:00",RT_NSW1,0
D,DISPATCH,UNIT_SCADA,1,"2019/08/23 05:40:00",RT_NSW2,0
D,DISPATCH,UNIT_SCADA,1,"2019/08/23 05:40:00",RT_NSW3,0
D,DISPATCH,UNIT_SCADA,1,"2019/08/23 05:40:00",RT_NSW4,0
D,DISPATCH,UNIT_SCADA,1,"2019/08/23 05:40:00",RT_NSW5,0
D,DISPATCH,UNIT_SCADA,1,"2019/08/23 05:40:00",RT_NSW6,0
D,DISPATCH,UNIT_SCADA,1,"2019/08/23 05:40:00",RT_QLD1,0
D,DISPATCH,UNIT_SCADA,1,"2019/08/23 05:40:00",RT_SA1,0
D,DISPATCH,UNIT_SCADA,1,"2019/08/23 05:40:00",RT_SA2,0
D,DISPATCH,UNIT_SCADA,1,"2019/08/23 05:40:00",RT_SA3,0
D,DISPATCH,UNIT_SCADA,1,"2019/08/23 05:40:00",RT_SA4,0
D,DISPATCH,UNIT_SCADA,1,"2019/08/23 05:40:00",RT_SA5,0
D,DISPATCH,UNIT_SCADA,1,"2019/08/23 05:40:00",RT_SA6,0
D,DISPATCH,UNIT_SCADA,1,"2019/08/23 05:40:00",RT_TAS1,0
D,DISPATCH,UNIT_SCADA,1,"2019/08/23 05:40:00",RT_VIC1,0
D,DISPATCH,UNIT_SCADA,1,"2019/08/23 05:40:00",RT_VIC10,0
D,DISPATCH,UNIT_SCADA,1,"2019/08/23 05:40:00",RT_VIC11,0
D,DISPATCH,UNIT_SCADA,1,"2019/08/23 05:40:00",RT_VIC12,0
D,DISPATCH,UNIT_SCADA,1,"2019/08/23 05:40:00",RT_VIC2,0
D,DISPATCH,UNIT_SCADA,1,"2019/08/23 05:40:00",RT_VIC3,0
D,DISPATCH,UNIT_SCADA,1,"2019/08/23 05:40:00",RT_VIC4,0
D,DISPATCH,UNIT_SCADA,1,"2019/08/23 05:40:00",RT_VIC5,0
D,DISPATCH,UNIT_SCADA,1,"2019/08/23 05:40:00",RT_VIC6,0
D,DISPATCH,UNIT_SCADA,1,"2019/08/23 05:40:00",RT_VIC7,0
D,DISPATCH,UNIT_SCADA,1,"2019/08/23 05:40:00",RT_VIC8,0
D,DISPATCH,UNIT_SCADA,1,"2019/08/23 05:40:00",RT_VIC9,0
D,DISPATCH,UNIT_SCADA,1,"2019/08/23 05:40:00",RUGBYR1,0
D,DISPATCH,UNIT_SCADA,1,"2019/08/23 05:40:00",SALTCRK1,2.38
D,DISPATCH,UNIT_SCADA,1,"2019/08/23 05:40:00",SAPHWF1,44.6344
D,DISPATCH,UNIT_SCADA,1,"2019/08/23 05:40:00",SHGEN,0
D,DISPATCH,UNIT_SCADA,1,"2019/08/23 05:40:00",SHPUMP,0
D,DISPATCH,UNIT_SCADA,1,"2019/08/23 05:40:00",SITHE01,0.194050
D,DISPATCH,UNIT_SCADA,1,"2019/08/23 05:40:00",SMCSF1,0
D,DISPATCH,UNIT_SCADA,1,"2019/08/23 05:40:00",SNOWNTH1,71
D,DISPATCH,UNIT_SCADA,1,"2019/08/23 05:40:00",SNOWSTH1,20.30
D,DISPATCH,UNIT_SCADA,1,"2019/08/23 05:40:00",SNOWTWN1,58.402480
D,DISPATCH,UNIT_SCADA,1,"2019/08/23 05:40:00",SNOWYP,0
D,DISPATCH,UNIT_SCADA,1,"2019/08/23 05:40:00",SNUG1,0.019440
D,DISPATCH,UNIT_SCADA,1,"2019/08/23 05:40:00",SRSF1,0
D,DISPATCH,UNIT_SCADA,1,"2019/08/23 05:40:00",STAN-1,0
D,DISPATCH,UNIT_SCADA,1,"2019/08/23 05:40:00",STAN-2,223.888520
D,DISPATCH,UNIT_SCADA,1,"2019/08/23 05:40:00",STAN-3,228.1953
D,DISPATCH,UNIT_SCADA,1,"2019/08/23 05:40:00",STAN-4,219.850910
D,DISPATCH,UNIT_SCADA,1,"2019/08/23 05:40:00",STWF1,164.733750
D,DISPATCH,UNIT_SCADA,1,"2019/08/23 05:40:00",SWAN_E,0
D,DISPATCH,UNIT_SCADA,1,"2019/08/23 05:40:00",TALWA1,420
D,DISPATCH,UNIT_SCADA,1,"2019/08/23 05:40:00",TARALGA1,0.258750
D,DISPATCH,UNIT_SCADA,1,"2019/08/23 05:40:00",TARONG#1,279.700010
D,DISPATCH,UNIT_SCADA,1,"2019/08/23 05:40:00",TARONG#2,180.100010
D,DISPATCH,UNIT_SCADA,1,"2019/08/23 05:40:00",TARONG#3,229.400010
D,DISPATCH,UNIT_SCADA,1,"2019/08/23 05:40:00",TARONG#4,259.200010
D,DISPATCH,UNIT_SCADA,1,"2019/08/23 05:40:00",TARRALEA,84
D,DISPATCH,UNIT_SCADA,1,"2019/08/23 05:40:00",TBSF1,-0.20
D,DISPATCH,UNIT_SCADA,1,"2019/08/23 05:40:00",TNPS1,400.000030
D,DISPATCH,UNIT_SCADA,1,"2019/08/23 05:40:00",TORRA1,102.450960
D,DISPATCH,UNIT_SCADA,1,"2019/08/23 05:40:00",TORRA2,13.9154
D,DISPATCH,UNIT_SCADA,1,"2019/08/23 05:40:00",TORRA3,0
D,DISPATCH,UNIT_SCADA,1,"2019/08/23 05:40:00",TORRA4,0
D,DISPATCH,UNIT_SCADA,1,"2019/08/23 05:40:00",TORRB1,0
D,DISPATCH,UNIT_SCADA,1,"2019/08/23 05:40:00",TORRB2,178.429990
D,DISPATCH,UNIT_SCADA,1,"2019/08/23 05:40:00",TORRB3,0
D,DISPATCH,UNIT_SCADA,1,"2019/08/23 05:40:00",TORRB4,0
D,DISPATCH,UNIT_SCADA,1,"2019/08/23 05:40:00",TREVALLN,45.060010
D,DISPATCH,UNIT_SCADA,1,"2019/08/23 05:40:00",TRIBUTE,84.97
D,DISPATCH,UNIT_SCADA,1,"2019/08/23 05:40:00",TUMUT3,0
D,DISPATCH,UNIT_SCADA,1,"2019/08/23 05:40:00",TUNGATIN,141.340030
D,DISPATCH,UNIT_SCADA,1,"2019/08/23 05:40:00",TVCC201,0
D,DISPATCH,UNIT_SCADA,1,"2019/08/23 05:40:00",TVPP104,0
D,DISPATCH,UNIT_SCADA,1,"2019/08/23 05:40:00",UPPTUMUT,0
D,DISPATCH,UNIT_SCADA,1,"2019/08/23 05:40:00",URANQ11,0
D,DISPATCH,UNIT_SCADA,1,"2019/08/23 05:40:00",URANQ12,0
D,DISPATCH,UNIT_SCADA,1,"2019/08/23 05:40:00",URANQ13,0
D,DISPATCH,UNIT_SCADA,1,"2019/08/23 05:40:00",URANQ14,0
D,DISPATCH,UNIT_SCADA,1,"2019/08/23 05:40:00",VP5,540.1250
D,DISPATCH,UNIT_SCADA,1,"2019/08/23 05:40:00",VP6,402.825010
D,DISPATCH,UNIT_SCADA,1,"2019/08/23 05:40:00",VPGS1,0
D,DISPATCH,UNIT_SCADA,1,"2019/08/23 05:40:00",VPGS2,0
D,DISPATCH,UNIT_SCADA,1,"2019/08/23 05:40:00",VPGS3,0
D,DISPATCH,UNIT_SCADA,1,"2019/08/23 05:40:00",VPGS4,0
D,DISPATCH,UNIT_SCADA,1,"2019/08/23 05:40:00",VPGS5,0
D,DISPATCH,UNIT_SCADA,1,"2019/08/23 05:40:00",VPGS6,0
D,DISPATCH,UNIT_SCADA,1,"2019/08/23 05:40:00",W/HOE#1,0
D,DISPATCH,UNIT_SCADA,1,"2019/08/23 05:40:00",W/HOE#2,0
D,DISPATCH,UNIT_SCADA,1,"2019/08/23 05:40:00",WATERLWF,36.40
D,DISPATCH,UNIT_SCADA,1,"2019/08/23 05:40:00",WEMENSF1,0
D,DISPATCH,UNIT_SCADA,1,"2019/08/23 05:40:00",WGWF1,27.60
D,DISPATCH,UNIT_SCADA,1,"2019/08/23 05:40:00",WHITSF1,0
D,DISPATCH,UNIT_SCADA,1,"2019/08/23 05:40:00",WKIEWA1,33.70
D,DISPATCH,UNIT_SCADA,1,"2019/08/23 05:40:00",WKIEWA2,16.80
D,DISPATCH,UNIT_SCADA,1,"2019/08/23 05:40:00",WOODLWN1,0
D,DISPATCH,UNIT_SCADA,1,"2019/08/23 05:40:00",WRSF1,0
D,DISPATCH,UNIT_SCADA,1,"2019/08/23 05:40:00",WRWF1,47.763740
D,DISPATCH,UNIT_SCADA,1,"2019/08/23 05:40:00",YABULU,0
D,DISPATCH,UNIT_SCADA,1,"2019/08/23 05:40:00",YABULU2,0
D,DISPATCH,UNIT_SCADA,1,"2019/08/23 05:40:00",YARWUN_1,0
D,DISPATCH,UNIT_SCADA,1,"2019/08/23 05:40:00",YENDWF1,1.67
D,DISPATCH,UNIT_SCADA,1,"2019/08/23 05:40:00",YWPS1,380.450620
D,DISPATCH,UNIT_SCADA,1,"2019/08/23 05:40:00",YWPS2,283.706330
D,DISPATCH,UNIT_SCADA,1,"2019/08/23 05:40:00",YWPS3,0
D,DISPATCH,UNIT_SCADA,1,"2019/08/23 05:40:00",YWPS4,0
C,"END OF REPORT",334
