C,NEMP.WORLD,DISPATCHSCADA,AEMO,PUBLIC,2019/09/04,20:35:08,0000000312396282,DISPATCHSCADA,0000000312396276
I,DISPATCH,UNIT_SCADA,1,SETTLEMENTDATE,DUID,SCADAVALUE
D,DISPATCH,UNIT_SCADA,1,"2019/09/04 20:40:00",BUTLERSG,10.199999
D,DISPATCH,UNIT_SCADA,1,"2019/09/04 20:40:00",CALL_A_4,0
D,DISPATCH,UNIT_SCADA,1,"2019/09/04 20:40:00",CAPTL_WF,81.260002
D,DISPATCH,UNIT_SCADA,1,"2019/09/04 20:40:00",CATHROCK,0
D,DISPATCH,UNIT_SCADA,1,"2019/09/04 20:40:00",CHALLHWF,0
D,DISPATCH,UNIT_SCADA,1,"2019/09/04 20:40:00",CLOVER,-0.01
D,DISPATCH,UNIT_SCADA,1,"2019/09/04 20:40:00",CLUNY,12.053559
D,DISPATCH,UNIT_SCADA,1,"2019/09/04 20:40:00",CNUNDAWF,0
D,DISPATCH,UNIT_SCADA,1,"2019/09/04 20:40:00",CULLRGWF,16.83
D,DISPATCH,UNIT_SCADA,1,"2019/09/04 20:40:00",ERGT01,0
D,DISPATCH,UNIT_SCADA,1,"2019/09/04 20:40:00",GB01,0.018803
D,DISPATCH,UNIT_SCADA,1,"2019/09/04 20:40:00",GERMCRK,37.700001
D,DISPATCH,UNIT_SCADA,1,"2019/09/04 20:40:00",GRIFSF1,0
D,DISPATCH,UNIT_SCADA,1,"2019/09/04 20:40:00",LKBONNY1,-0.449338
D,DISPATCH,UNIT_SCADA,1,"2019/09/04 20:40:00",MLSP1,0.366001
D,DISPATCH,UNIT_SCADA,1,"2019/09/04 20:40:00",MLWF1,0.3750
D,DISPATCH,UNIT_SCADA,1,"2019/09/04 20:40:00",MTMILLAR,4.732674
D,DISPATCH,UNIT_SCADA,1,"2019/09/04 20:40:00",PALOONA,17.369999
D,DISPATCH,UNIT_SCADA,1,"2019/09/04 20:40:00",PORTWF,-0.40
D,DISPATCH,UNIT_SCADA,1,"2019/09/04 20:40:00",REPULSE,19.869078
D,DISPATCH,UNIT_SCADA,1,"2019/09/04 20:40:00",ROWALLAN,10.5364
D,DISPATCH,UNIT_SCADA,1,"2019/09/04 20:40:00",ROYALLA1,0
D,DISPATCH,UNIT_SCADA,1,"2019/09/04 20:40:00",RPCG,-1.80
D,DISPATCH,UNIT_SCADA,1,"2019/09/04 20:40:00",RUBICON,0
D,DISPATCH,UNIT_SCADA,1,"2019/09/04 20:40:00",SATGN1,0
D,DISPATCH,UNIT_SCADA,1,"2019/09/04 20:40:00",SATGS1,0
D,DISPATCH,UNIT_SCADA,1,"2019/09/04 20:40:00",STARHLWF,-0.099971
D,DISPATCH,UNIT_SCADA,1,"2019/09/04 20:40:00",WAUBRAWF,0
D,DISPATCH,UNIT_SCADA,1,"2019/09/04 20:40:00",WOOLNTH1,28.240017
D,DISPATCH,UNIT_SCADA,1,"2019/09/04 20:40:00",WPWF,0
D,DISPATCH,UNIT_SCADA,1,"2019/09/04 20:40:00",YAMBUKWF,-0.20
D,DISPATCH,UNIT_SCADA,1,"2019/09/04 20:40:00",YSWF1,0
D,DISPATCH,UNIT_SCADA,1,"2019/09/04 20:40:00",AGLHAL,180.211790
D,DISPATCH,UNIT_SCADA,1,"2019/09/04 20:40:00",AGLSOM,120.50
D,DISPATCH,UNIT_SCADA,1,"2019/09/04 20:40:00",ANGAST1,0
D,DISPATCH,UNIT_SCADA,1,"2019/09/04 20:40:00",ARWF1,16
D,DISPATCH,UNIT_SCADA,1,"2019/09/04 20:40:00",BALBG1,4.61
D,DISPATCH,UNIT_SCADA,1,"2019/09/04 20:40:00",BALBL1,0
D,DISPATCH,UNIT_SCADA,1,"2019/09/04 20:40:00",BALDHWF1,8.4280
D,DISPATCH,UNIT_SCADA,1,"2019/09/04 20:40:00",BANN1,0
D,DISPATCH,UNIT_SCADA,1,"2019/09/04 20:40:00",BARCALDN,0
D,DISPATCH,UNIT_SCADA,1,"2019/09/04 20:40:00",BARRON-1,33.04
D,DISPATCH,UNIT_SCADA,1,"2019/09/04 20:40:00",BARRON-2,0
D,DISPATCH,UNIT_SCADA,1,"2019/09/04 20:40:00",BASTYAN,80.73
D,DISPATCH,UNIT_SCADA,1,"2019/09/04 20:40:00",BBTHREE1,0
D,DISPATCH,UNIT_SCADA,1,"2019/09/04 20:40:00",BBTHREE2,0
D,DISPATCH,UNIT_SCADA,1,"2019/09/04 20:40:00",BBTHREE3,0
D,DISPATCH,UNIT_SCADA,1,"2019/09/04 20:40:00",BDL01,43.86
D,DISPATCH,UNIT_SCADA,1,"2019/09/04 20:40:00",BDL02,43.98
D,DISPATCH,UNIT_SCADA,1,"2019/09/04 20:40:00",BERYLSF1,0
D,DISPATCH,UNIT_SCADA,1,"2019/09/04 20:40:00",BLOWERNG,11.10
D,DISPATCH,UNIT_SCADA,1,"2019/09/04 20:40:00",BLUFF1,3.80
D,DISPATCH,UNIT_SCADA,1,"2019/09/04 20:40:00",BNGSF1,0
D,DISPATCH,UNIT_SCADA,1,"2019/09/04 20:40:00",BNGSF2,0
D,DISPATCH,UNIT_SCADA,1,"2019/09/04 20:40:00",BOCORWF1,24.39
D,DISPATCH,UNIT_SCADA,1,"2019/09/04 20:40:00",BODWF1,76.822940
D,DISPATCH,UNIT_SCADA,1,"2019/09/04 20:40:00",BRAEMAR1,13.20
D,DISPATCH,UNIT_SCADA,1,"2019/09/04 20:40:00",BRAEMAR2,0
D,DISPATCH,UNIT_SCADA,1,"2019/09/04 20:40:00",BRAEMAR3,109.600010
D,DISPATCH,UNIT_SCADA,1,"2019/09/04 20:40:00",BRAEMAR5,130.338880
D,DISPATCH,UNIT_SCADA,1,"2019/09/04 20:40:00",BRAEMAR6,0
D,DISPATCH,UNIT_SCADA,1,"2019/09/04 20:40:00",BRAEMAR7,0
D,DISPATCH,UNIT_SCADA,1,"2019/09/04 20:40:00",BROKENH1,0
D,DISPATCH,UNIT_SCADA,1,"2019/09/04 20:40:00",BW01,600.800050
D,DISPATCH,UNIT_SCADA,1,"2019/09/04 20:40:00",BW02,636
D,DISPATCH,UNIT_SCADA,1,"2019/09/04 20:40:00",BW03,654.8750
D,DISPATCH,UNIT_SCADA,1,"2019/09/04 20:40:00",BW04,0
D,DISPATCH,UNIT_SCADA,1,"2019/09/04 20:40:00",CALL_B_1,336.600010
D,DISPATCH,UNIT_SCADA,1,"2019/09/04 20:40:00",CALL_B_2,336.50
D,DISPATCH,UNIT_SCADA,1,"2019/09/04 20:40:00",CETHANA,81.000370
D,DISPATCH,UNIT_SCADA,1,"2019/09/04 20:40:00",CG1,0
D,DISPATCH,UNIT_SCADA,1,"2019/09/04 20:40:00",CG2,0
D,DISPATCH,UNIT_SCADA,1,"2019/09/04 20:40:00",CG3,0
D,DISPATCH,UNIT_SCADA,1,"2019/09/04 20:40:00",CG4,0
D,DISPATCH,UNIT_SCADA,1,"2019/09/04 20:40:00",CHILDSF1,0
D,DISPATCH,UNIT_SCADA,1,"2019/09/04 20:40:00",CLARESF1,0
D,DISPATCH,UNIT_SCADA,1,"2019/09/04 20:40:00",CLEMGPWF,23.411380
D,DISPATCH,UNIT_SCADA,1,"2019/09/04 20:40:00",CLERMSF1,0
D,DISPATCH,UNIT_SCADA,1,"2019/09/04 20:40:00",COLEASF1,0
D,DISPATCH,UNIT_SCADA,1,"2019/09/04 20:40:00",COOPGWF1,27.919280
D,DISPATCH,UNIT_SCADA,1,"2019/09/04 20:40:00",CPP_3,406.450010
D,DISPATCH,UNIT_SCADA,1,"2019/09/04 20:40:00",CPP_4,406.725010
D,DISPATCH,UNIT_SCADA,1,"2019/09/04 20:40:00",CPSA,142.138120
D,DISPATCH,UNIT_SCADA,1,"2019/09/04 20:40:00",CROOKWF2,74.033750
D,DISPATCH,UNIT_SCADA,1,"2019/09/04 20:40:00",CROWLWF1,9.814020
D,DISPATCH,UNIT_SCADA,1,"2019/09/04 20:40:00",CSPVPS1,0.0030
D,DISPATCH,UNIT_SCADA,1,"2019/09/04 20:40:00",DALNTH01,0.111390
D,DISPATCH,UNIT_SCADA,1,"2019/09/04 20:40:00",DALNTHL1,0.0473
D,DISPATCH,UNIT_SCADA,1,"2019/09/04 20:40:00",DARTM1,133.70
D,DISPATCH,UNIT_SCADA,1,"2019/09/04 20:40:00",DAYDSF1,0
D,DISPATCH,UNIT_SCADA,1,"2019/09/04 20:40:00",DDPS1,601.062260
D,DISPATCH,UNIT_SCADA,1,"2019/09/04 20:40:00",DDSF1,0
D,DISPATCH,UNIT_SCADA,1,"2019/09/04 20:40:00",DEVILS_G,57.5164
D,DISPATCH,UNIT_SCADA,1,"2019/09/04 20:40:00",DG_NSW1,0
D,DISPATCH,UNIT_SCADA,1,"2019/09/04 20:40:00",DG_QLD1,0
D,DISPATCH,UNIT_SCADA,1,"2019/09/04 20:40:00",DG_SA1,0
D,DISPATCH,UNIT_SCADA,1,"2019/09/04 20:40:00",DG_TAS1,0
D,DISPATCH,UNIT_SCADA,1,"2019/09/04 20:40:00",DG_VIC1,0
D,DISPATCH,UNIT_SCADA,1,"2019/09/04 20:40:00",DRYCGT1,0
D,DISPATCH,UNIT_SCADA,1,"2019/09/04 20:40:00",DRYCGT2,0
D,DISPATCH,UNIT_SCADA,1,"2019/09/04 20:40:00",DRYCGT3,0
D,DISPATCH,UNIT_SCADA,1,"2019/09/04 20:40:00",EILDON1,0
D,DISPATCH,UNIT_SCADA,1,"2019/09/04 20:40:00",EILDON2,0
D,DISPATCH,UNIT_SCADA,1,"2019/09/04 20:40:00",EMERASF1,0.0050
D,DISPATCH,UNIT_SCADA,1,"2019/09/04 20:40:00",ER01,558.699950
D,DISPATCH,UNIT_SCADA,1,"2019/09/04 20:40:00",ER02,669.3750
D,DISPATCH,UNIT_SCADA,1,"2019/09/04 20:40:00",ER03,0
D,DISPATCH,UNIT_SCADA,1,"2019/09/04 20:40:00",ER04,668.474980
D,DISPATCH,UNIT_SCADA,1,"2019/09/04 20:40:00",FINLYSF1,0
D,DISPATCH,UNIT_SCADA,1,"2019/09/04 20:40:00",FISHER,46
D,DISPATCH,UNIT_SCADA,1,"2019/09/04 20:40:00",GANNBG1,7.989520
D,DISPATCH,UNIT_SCADA,1,"2019/09/04 20:40:00",GANNBL1,0
D,DISPATCH,UNIT_SCADA,1,"2019/09/04 20:40:00",GANNSF1,0
D,DISPATCH,UNIT_SCADA,1,"2019/09/04 20:40:00",GORDON,25.382560
D,DISPATCH,UNIT_SCADA,1,"2019/09/04 20:40:00",GSTONE1,208.4250
D,DISPATCH,UNIT_SCADA,1,"2019/09/04 20:40:00",GSTONE2,207.024990
D,DISPATCH,UNIT_SCADA,1,"2019/09/04 20:40:00",GSTONE3,0
D,DISPATCH,UNIT_SCADA,1,"2019/09/04 20:40:00",GSTONE4,211.05
D,DISPATCH,UNIT_SCADA,1,"2019/09/04 20:40:00",GSTONE5,208.4250
D,DISPATCH,UNIT_SCADA,1,"2019/09/04 20:40:00",GSTONE6,209.1250
D,DISPATCH,UNIT_SCADA,1,"2019/09/04 20:40:00",GULLRSF1,0
D,DISPATCH,UNIT_SCADA,1,"2019/09/04 20:40:00",GULLRWF1,120.234440
D,DISPATCH,UNIT_SCADA,1,"2019/09/04 20:40:00",GUNNING1,30.314030
D,DISPATCH,UNIT_SCADA,1,"2019/09/04 20:40:00",GUTHEGA,30.90
D,DISPATCH,UNIT_SCADA,1,"2019/09/04 20:40:00",HALLWF1,7.82
D,DISPATCH,UNIT_SCADA,1,"2019/09/04 20:40:00",HALLWF2,-0.09
D,DISPATCH,UNIT_SCADA,1,"2019/09/04 20:40:00",HAMISF1,0
D,DISPATCH,UNIT_SCADA,1,"2019/09/04 20:40:00",HAUGHT11,0
D,DISPATCH,UNIT_SCADA,1,"2019/09/04 20:40:00",HAYMSF1,0
D,DISPATCH,UNIT_SCADA,1,"2019/09/04 20:40:00",HDWF1,43.90
D,DISPATCH,UNIT_SCADA,1,"2019/09/04 20:40:00",HDWF2,36.80
D,DISPATCH,UNIT_SCADA,1,"2019/09/04 20:40:00",HDWF3,57
D,DISPATCH,UNIT_SCADA,1,"2019/09/04 20:40:00",HPRG1,8.90
D,DISPATCH,UNIT_SCADA,1,"2019/09/04 20:40:00",HPRL1,0
D,DISPATCH,UNIT_SCADA,1,"2019/09/04 20:40:00",HUMENSW,0
D,DISPATCH,UNIT_SCADA,1,"2019/09/04 20:40:00",HUMEV,25.40
D,DISPATCH,UNIT_SCADA,1,"2019/09/04 20:40:00",HVGTS,0
D,DISPATCH,UNIT_SCADA,1,"2019/09/04 20:40:00",JBUTTERS,87.59
D,DISPATCH,UNIT_SCADA,1,"2019/09/04 20:40:00",JLA01,52.40
D,DISPATCH,UNIT_SCADA,1,"2019/09/04 20:40:00",JLA02,54.20
D,DISPATCH,UNIT_SCADA,1,"2019/09/04 20:40:00",JLA03,0
D,DISPATCH,UNIT_SCADA,1,"2019/09/04 20:40:00",JLA04,0
D,DISPATCH,UNIT_SCADA,1,"2019/09/04 20:40:00",JLB01,0
D,DISPATCH,UNIT_SCADA,1,"2019/09/04 20:40:00",JLB02,83.30
D,DISPATCH,UNIT_SCADA,1,"2019/09/04 20:40:00",JLB03,84.30
D,DISPATCH,UNIT_SCADA,1,"2019/09/04 20:40:00",KAREEYA1,21.5325
D,DISPATCH,UNIT_SCADA,1,"2019/09/04 20:40:00",KAREEYA2,21.7425
D,DISPATCH,UNIT_SCADA,1,"2019/09/04 20:40:00",KAREEYA3,0
D,DISPATCH,UNIT_SCADA,1,"2019/09/04 20:40:00",KAREEYA4,21.5975
D,DISPATCH,UNIT_SCADA,1,"2019/09/04 20:40:00",KARSF1,0
D,DISPATCH,UNIT_SCADA,1,"2019/09/04 20:40:00",KIATAWF1,-0.30
D,DISPATCH,UNIT_SCADA,1,"2019/09/04 20:40:00",KPP_1,0
D,DISPATCH,UNIT_SCADA,1,"2019/09/04 20:40:00",KSP1,0
D,DISPATCH,UNIT_SCADA,1,"2019/09/04 20:40:00",LADBROK1,42.30
D,DISPATCH,UNIT_SCADA,1,"2019/09/04 20:40:00",LADBROK2,42.69
D,DISPATCH,UNIT_SCADA,1,"2019/09/04 20:40:00",LD01,421.218750
D,DISPATCH,UNIT_SCADA,1,"2019/09/04 20:40:00",LD02,402.225040
D,DISPATCH,UNIT_SCADA,1,"2019/09/04 20:40:00",LD03,420.8812
D,DISPATCH,UNIT_SCADA,1,"2019/09/04 20:40:00",LD04,380.193790
D,DISPATCH,UNIT_SCADA,1,"2019/09/04 20:40:00",LEM_WIL,82.736950
D,DISPATCH,UNIT_SCADA,1,"2019/09/04 20:40:00",LGAPWF1,31.84
D,DISPATCH,UNIT_SCADA,1,"2019/09/04 20:40:00",LILYSF1,0
D,DISPATCH,UNIT_SCADA,1,"2019/09/04 20:40:00",LI_WY_CA,164.511290
D,DISPATCH,UNIT_SCADA,1,"2019/09/04 20:40:00",LKBONNY2,-1.160150
D,DISPATCH,UNIT_SCADA,1,"2019/09/04 20:40:00",LKBONNY3,-0.225030
D,DISPATCH,UNIT_SCADA,1,"2019/09/04 20:40:00",LK_ECHO,0
D,DISPATCH,UNIT_SCADA,1,"2019/09/04 20:40:00",LNGS1,0
D,DISPATCH,UNIT_SCADA,1,"2019/09/04 20:40:00",LNGS2,0
D,DISPATCH,UNIT_SCADA,1,"2019/09/04 20:40:00",LONSDALE,0
D,DISPATCH,UNIT_SCADA,1,"2019/09/04 20:40:00",LOYYB1,536.088620
D,DISPATCH,UNIT_SCADA,1,"2019/09/04 20:40:00",LOYYB2,583.834170
D,DISPATCH,UNIT_SCADA,1,"2019/09/04 20:40:00",LYA1,0
D,DISPATCH,UNIT_SCADA,1,"2019/09/04 20:40:00",LYA2,0
D,DISPATCH,UNIT_SCADA,1,"2019/09/04 20:40:00",LYA3,561
D,DISPATCH,UNIT_SCADA,1,"2019/09/04 20:40:00",LYA4,542
D,DISPATCH,UNIT_SCADA,1,"2019/09/04 20:40:00",MACARTH1,0
D,DISPATCH,UNIT_SCADA,1,"2019/09/04 20:40:00",MACKAYGT,0
D,DISPATCH,UNIT_SCADA,1,"2019/09/04 20:40:00",MACKNTSH,89.260010
D,DISPATCH,UNIT_SCADA,1,"2019/09/04 20:40:00",MANSLR1,0
D,DISPATCH,UNIT_SCADA,1,"2019/09/04 20:40:00",MCKAY1,247.12
D,DISPATCH,UNIT_SCADA,1,"2019/09/04 20:40:00",MEADOWBK,24.836020
D,DISPATCH,UNIT_SCADA,1,"2019/09/04 20:40:00",MERCER01,-0.1710
D,DISPATCH,UNIT_SCADA,1,"2019/09/04 20:40:00",MEWF1,40.239110
D,DISPATCH,UNIT_SCADA,1,"2019/09/04 20:40:00",MINTARO,0
D,DISPATCH,UNIT_SCADA,1,"2019/09/04 20:40:00",MOREESF1,0
D,DISPATCH,UNIT_SCADA,1,"2019/09/04 20:40:00",MORTLK11,260
D,DISPATCH,UNIT_SCADA,1,"2019/09/04 20:40:00",MORTLK12,0
D,DISPATCH,UNIT_SCADA,1,"2019/09/04 20:40:00",MP1,219.324950
D,DISPATCH,UNIT_SCADA,1,"2019/09/04 20:40:00",MP2,0
D,DISPATCH,UNIT_SCADA,1,"2019/09/04 20:40:00",MPP_1,420.50
D,DISPATCH,UNIT_SCADA,1,"2019/09/04 20:40:00",MPP_2,434.75
D,DISPATCH,UNIT_SCADA,1,"2019/09/04 20:40:00",MSTUART1,0
D,DISPATCH,UNIT_SCADA,1,"2019/09/04 20:40:00",MSTUART2,0
D,DISPATCH,UNIT_SCADA,1,"2019/09/04 20:40:00",MSTUART3,0
D,DISPATCH,UNIT_SCADA,1,"2019/09/04 20:40:00",MTGELWF1,-0.357070
D,DISPATCH,UNIT_SCADA,1,"2019/09/04 20:40:00",MURRAY,757.115720
D,DISPATCH,UNIT_SCADA,1,"2019/09/04 20:40:00",MUSSELR1,143.299990
D,DISPATCH,UNIT_SCADA,1,"2019/09/04 20:40:00",MUWAWF1,-0.04
D,DISPATCH,UNIT_SCADA,1,"2019/09/04 20:40:00",NBHWF1,30
D,DISPATCH,UNIT_SCADA,1,"2019/09/04 20:40:00",NPS,302.6250
D,DISPATCH,UNIT_SCADA,1,"2019/09/04 20:40:00",NUMURSF1,0
D,DISPATCH,UNIT_SCADA,1,"2019/09/04 20:40:00",NYNGAN1,0
D,DISPATCH,UNIT_SCADA,1,"2019/09/04 20:40:00",OAKEY1,0
D,DISPATCH,UNIT_SCADA,1,"2019/09/04 20:40:00",OAKEY1SF,0
D,DISPATCH,UNIT_SCADA,1,"2019/09/04 20:40:00",OAKEY2,0
D,DISPATCH,UNIT_SCADA,1,"2019/09/04 20:40:00",OAKEY2SF,0
D,DISPATCH,UNIT_SCADA,1,"2019/09/04 20:40:00",OAKLAND1,-0.30
D,DISPATCH,UNIT_SCADA,1,"2019/09/04 20:40:00",OSB-AG,179.64
D,DISPATCH,UNIT_SCADA,1,"2019/09/04 20:40:00",PARSF1,0
D,DISPATCH,UNIT_SCADA,1,"2019/09/04 20:40:00",POAT110,0
D,DISPATCH,UNIT_SCADA,1,"2019/09/04 20:40:00",POAT220,1.99
D,DISPATCH,UNIT_SCADA,1,"2019/09/04 20:40:00",POR01,0
D,DISPATCH,UNIT_SCADA,1,"2019/09/04 20:40:00",POR03,0
D,DISPATCH,UNIT_SCADA,1,"2019/09/04 20:40:00",PPCCGT,484.273680
D,DISPATCH,UNIT_SCADA,1,"2019/09/04 20:40:00",PTSTAN1,0
D,DISPATCH,UNIT_SCADA,1,"2019/09/04 20:40:00",PUMP1,0
D,DISPATCH,UNIT_SCADA,1,"2019/09/04 20:40:00",PUMP2,0
D,DISPATCH,UNIT_SCADA,1,"2019/09/04 20:40:00",QPS1,29
D,DISPATCH,UNIT_SCADA,1,"2019/09/04 20:40:00",QPS2,23.40
D,DISPATCH,UNIT_SCADA,1,"2019/09/04 20:40:00",QPS3,23.20
D,DISPATCH,UNIT_SCADA,1,"2019/09/04 20:40:00",QPS4,23.40
D,DISPATCH,UNIT_SCADA,1,"2019/09/04 20:40:00",QPS5,123.46
D,DISPATCH,UNIT_SCADA,1,"2019/09/04 20:40:00",REECE1,102.45
D,DISPATCH,UNIT_SCADA,1,"2019/09/04 20:40:00",REECE2,103.010010
D,DISPATCH,UNIT_SCADA,1,"2019/09/04 20:40:00",ROMA_7,0
D,DISPATCH,UNIT_SCADA,1,"2019/09/04 20:40:00",ROMA_8,0
D,DISPATCH,UNIT_SCADA,1,"2019/09/04 20:40:00",RRSF1,0
D,DISPATCH,UNIT_SCADA,1,"2019/09/04 20:40:00",RT_NSW1,0
D,DISPATCH,UNIT_SCADA,1,"2019/09/04 20:40:00",RT_NSW2,0
D,DISPATCH,UNIT_SCADA,1,"2019/09/04 20:40:00",RT_NSW3,0
D,DISPATCH,UNIT_SCADA,1,"2019/09/04 20:40:00",RT_NSW4,0
D,DISPATCH,UNIT_SCADA,1,"2019/09/04 20:40:00",RT_NSW5,0
D,DISPATCH,UNIT_SCADA,1,"2019/09/04 20:40:00",RT_NSW6,0
D,DISPATCH,UNIT_SCADA,1,"2019/09/04 20:40:00",RT_QLD1,0
D,DISPATCH,UNIT_SCADA,1,"2019/09/04 20:40:00",RT_SA1,0
D,DISPATCH,UNIT_SCADA,1,"2019/09/04 20:40:00",RT_SA2,0
D,DISPATCH,UNIT_SCADA,1,"2019/09/04 20:40:00",RT_SA3,0
D,DISPATCH,UNIT_SCADA,1,"2019/09/04 20:40:00",RT_SA4,0
D,DISPATCH,UNIT_SCADA,1,"2019/09/04 20:40:00",RT_SA5,0
D,DISPATCH,UNIT_SCADA,1,"2019/09/04 20:40:00",RT_SA6,0
D,DISPATCH,UNIT_SCADA,1,"2019/09/04 20:40:00",RT_TAS1,0
D,DISPATCH,UNIT_SCADA,1,"2019/09/04 20:40:00",RT_VIC1,0
D,DISPATCH,UNIT_SCADA,1,"2019/09/04 20:40:00",RT_VIC10,0
D,DISPATCH,UNIT_SCADA,1,"2019/09/04 20:40:00",RT_VIC11,0
D,DISPATCH,UNIT_SCADA,1,"2019/09/04 20:40:00",RT_VIC12,0
D,DISPATCH,UNIT_SCADA,1,"2019/09/04 20:40:00",RT_VIC2,0
D,DISPATCH,UNIT_SCADA,1,"2019/09/04 20:40:00",RT_VIC3,0
D,DISPATCH,UNIT_SCADA,1,"2019/09/04 20:40:00",RT_VIC4,0
D,DISPATCH,UNIT_SCADA,1,"2019/09/04 20:40:00",RT_VIC5,0
D,DISPATCH,UNIT_SCADA,1,"2019/09/04 20:40:00",RT_VIC6,0
D,DISPATCH,UNIT_SCADA,1,"2019/09/04 20:40:00",RT_VIC7,0
D,DISPATCH,UNIT_SCADA,1,"2019/09/04 20:40:00",RT_VIC8,0
D,DISPATCH,UNIT_SCADA,1,"2019/09/04 20:40:00",RT_VIC9,0
D,DISPATCH,UNIT_SCADA,1,"2019/09/04 20:40:00",RUGBYR1,0
D,DISPATCH,UNIT_SCADA,1,"2019/09/04 20:40:00",SALTCRK1,-0.46
D,DISPATCH,UNIT_SCADA,1,"2019/09/04 20:40:00",SAPHWF1,139.846860
D,DISPATCH,UNIT_SCADA,1,"2019/09/04 20:40:00",SHGEN,160.6573
D,DISPATCH,UNIT_SCADA,1,"2019/09/04 20:40:00",SHPUMP,0
D,DISPATCH,UNIT_SCADA,1,"2019/09/04 20:40:00",SITHE01,0.194050
D,DISPATCH,UNIT_SCADA,1,"2019/09/04 20:40:00",SMCSF1,0
D,DISPATCH,UNIT_SCADA,1,"2019/09/04 20:40:00",SNOWNTH1,1.80
D,DISPATCH,UNIT_SCADA,1,"2019/09/04 20:40:00",SNOWSTH1,2.40
D,DISPATCH,UNIT_SCADA,1,"2019/09/04 20:40:00",SNOWTWN1,-0.349240
D,DISPATCH,UNIT_SCADA,1,"2019/09/04 20:40:00",SNOWYP,0
D,DISPATCH,UNIT_SCADA,1,"2019/09/04 20:40:00",SNUG1,0.019440
D,DISPATCH,UNIT_SCADA,1,"2019/09/04 20:40:00",SRSF1,0
D,DISPATCH,UNIT_SCADA,1,"2019/09/04 20:40:00",STAN-1,218.697310
D,DISPATCH,UNIT_SCADA,1,"2019/09/04 20:40:00",STAN-2,356.501460
D,DISPATCH,UNIT_SCADA,1,"2019/09/04 20:40:00",STAN-3,363.551270
D,DISPATCH,UNIT_SCADA,1,"2019/09/04 20:40:00",STAN-4,362.769380
D,DISPATCH,UNIT_SCADA,1,"2019/09/04 20:40:00",STWF1,72.618740
D,DISPATCH,UNIT_SCADA,1,"2019/09/04 20:40:00",SWAN_E,0
D,DISPATCH,UNIT_SCADA,1,"2019/09/04 20:40:00",TALWA1,411
D,DISPATCH,UNIT_SCADA,1,"2019/09/04 20:40:00",TARALGA1,81.108760
D,DISPATCH,UNIT_SCADA,1,"2019/09/04 20:40:00",TARONG#1,348.800020
D,DISPATCH,UNIT_SCADA,1,"2019/09/04 20:40:00",TARONG#2,0
D,DISPATCH,UNIT_SCADA,1,"2019/09/04 20:40:00",TARONG#3,349.600010
D,DISPATCH,UNIT_SCADA,1,"2019/09/04 20:40:00",TARONG#4,349.700010
D,DISPATCH,UNIT_SCADA,1,"2019/09/04 20:40:00",TARRALEA,71.10
D,DISPATCH,UNIT_SCADA,1,"2019/09/04 20:40:00",TBSF1,-0.20
D,DISPATCH,UNIT_SCADA,1,"2019/09/04 20:40:00",TNPS1,379.300020
D,DISPATCH,UNIT_SCADA,1,"2019/09/04 20:40:00",TORRA1,115.8994
D,DISPATCH,UNIT_SCADA,1,"2019/09/04 20:40:00",TORRA2,0
D,DISPATCH,UNIT_SCADA,1,"2019/09/04 20:40:00",TORRA3,0
D,DISPATCH,UNIT_SCADA,1,"2019/09/04 20:40:00",TORRA4,108.136560
D,DISPATCH,UNIT_SCADA,1,"2019/09/04 20:40:00",TORRB1,186.399990
D,DISPATCH,UNIT_SCADA,1,"2019/09/04 20:40:00",TORRB2,186.36
D,DISPATCH,UNIT_SCADA,1,"2019/09/04 20:40:00",TORRB3,186.64
D,DISPATCH,UNIT_SCADA,1,"2019/09/04 20:40:00",TORRB4,0
D,DISPATCH,UNIT_SCADA,1,"2019/09/04 20:40:00",TREVALLN,44.560020
D,DISPATCH,UNIT_SCADA,1,"2019/09/04 20:40:00",TRIBUTE,0
D,DISPATCH,UNIT_SCADA,1,"2019/09/04 20:40:00",TUMUT3,0
D,DISPATCH,UNIT_SCADA,1,"2019/09/04 20:40:00",TUNGATIN,124.780030
D,DISPATCH,UNIT_SCADA,1,"2019/09/04 20:40:00",TVCC201,0
D,DISPATCH,UNIT_SCADA,1,"2019/09/04 20:40:00",TVPP104,0
D,DISPATCH,UNIT_SCADA,1,"2019/09/04 20:40:00",UPPTUMUT,0
D,DISPATCH,UNIT_SCADA,1,"2019/09/04 20:40:00",URANQ11,0
D,DISPATCH,UNIT_SCADA,1,"2019/09/04 20:40:00",URANQ12,0
D,DISPATCH,UNIT_SCADA,1,"2019/09/04 20:40:00",URANQ13,0
D,DISPATCH,UNIT_SCADA,1,"2019/09/04 20:40:00",URANQ14,0
D,DISPATCH,UNIT_SCADA,1,"2019/09/04 20:40:00",VP5,628.6250
D,DISPATCH,UNIT_SCADA,1,"2019/09/04 20:40:00",VP6,0
D,DISPATCH,UNIT_SCADA,1,"2019/09/04 20:40:00",VPGS1,0
D,DISPATCH,UNIT_SCADA,1,"2019/09/04 20:40:00",VPGS2,0
D,DISPATCH,UNIT_SCADA,1,"2019/09/04 20:40:00",VPGS3,0
D,DISPATCH,UNIT_SCADA,1,"2019/09/04 20:40:00",VPGS4,0
D,DISPATCH,UNIT_SCADA,1,"2019/09/04 20:40:00",VPGS5,0
D,DISPATCH,UNIT_SCADA,1,"2019/09/04 20:40:00",VPGS6,0
D,DISPATCH,UNIT_SCADA,1,"2019/09/04 20:40:00",W/HOE#1,0
D,DISPATCH,UNIT_SCADA,1,"2019/09/04 20:40:00",W/HOE#2,0
D,DISPATCH,UNIT_SCADA,1,"2019/09/04 20:40:00",WATERLWF,3.10
D,DISPATCH,UNIT_SCADA,1,"2019/09/04 20:40:00",WEMENSF1,0
D,DISPATCH,UNIT_SCADA,1,"2019/09/04 20:40:00",WGWF1,14.20
D,DISPATCH,UNIT_SCADA,1,"2019/09/04 20:40:00",WHITSF1,0
D,DISPATCH,UNIT_SCADA,1,"2019/09/04 20:40:00",WKIEWA1,14
D,DISPATCH,UNIT_SCADA,1,"2019/09/04 20:40:00",WKIEWA2,14.20
D,DISPATCH,UNIT_SCADA,1,"2019/09/04 20:40:00",WOODLWN1,27.135010
D,DISPATCH,UNIT_SCADA,1,"2019/09/04 20:40:00",WRSF1,0
D,DISPATCH,UNIT_SCADA,1,"2019/09/04 20:40:00",WRWF1,60.5550
D,DISPATCH,UNIT_SCADA,1,"2019/09/04 20:40:00",YABULU,161.640010
D,DISPATCH,UNIT_SCADA,1,"2019/09/04 20:40:00",YABULU2,0
D,DISPATCH,UNIT_SCADA,1,"2019/09/04 20:40:00",YARWUN_1,160.709990
D,DISPATCH,UNIT_SCADA,1,"2019/09/04 20:40:00",YENDWF1,-1.42
D,DISPATCH,UNIT_SCADA,1,"2019/09/04 20:40:00",YWPS1,381.7038
D,DISPATCH,UNIT_SCADA,1,"2019/09/04 20:40:00",YWPS2,281.450620
D,DISPATCH,UNIT_SCADA,1,"2019/09/04 20:40:00",YWPS3,0
D,DISPATCH,UNIT_SCADA,1,"2019/09/04 20:40:00",YWPS4,388.1810
C,"END OF REPORT",330
