C,NEMP.WORLD,DISPATCHSCADA,AEMO,PUBLIC,2019/09/05,22:30:09,0000000312438872,DISPATCHSCADA,0000000312438866
I,DISPATCH,UNIT_SCADA,1,SETTLEMENTDATE,DUID,SCADAVALUE
D,DISPATCH,UNIT_SCADA,1,"2019/09/05 22:35:00",BARCSF1,0.30
D,DISPATCH,UNIT_SCADA,1,"2019/09/05 22:35:00",BUTLERSG,10.199999
D,DISPATCH,UNIT_SCADA,1,"2019/09/05 22:35:00",CALL_A_4,0
D,DISPATCH,UNIT_SCADA,1,"2019/09/05 22:35:00",CAPTL_WF,22.280006
D,DISPATCH,UNIT_SCADA,1,"2019/09/05 22:35:00",CATHROCK,0
D,DISPATCH,UNIT_SCADA,1,"2019/09/05 22:35:00",CHALLHWF,0
D,DISPATCH,UNIT_SCADA,1,"2019/09/05 22:35:00",CLOVER,-0.01
D,DISPATCH,UNIT_SCADA,1,"2019/09/05 22:35:00",CLUNY,13.987183
D,DISPATCH,UNIT_SCADA,1,"2019/09/05 22:35:00",CNUNDAWF,6.207241
D,DISPATCH,UNIT_SCADA,1,"2019/09/05 22:35:00",CULLRGWF,11.84
D,DISPATCH,UNIT_SCADA,1,"2019/09/05 22:35:00",ERGT01,0
D,DISPATCH,UNIT_SCADA,1,"2019/09/05 22:35:00",GB01,0.008663
D,DISPATCH,UNIT_SCADA,1,"2019/09/05 22:35:00",GERMCRK,35.700001
D,DISPATCH,UNIT_SCADA,1,"2019/09/05 22:35:00",GRIFSF1,0
D,DISPATCH,UNIT_SCADA,1,"2019/09/05 22:35:00",HUGSF1,-0.1310
D,DISPATCH,UNIT_SCADA,1,"2019/09/05 22:35:00",LKBONNY1,11.878145
D,DISPATCH,UNIT_SCADA,1,"2019/09/05 22:35:00",LRSF1,-0.0010
D,DISPATCH,UNIT_SCADA,1,"2019/09/05 22:35:00",MBAHNTH,46.856247
D,DISPATCH,UNIT_SCADA,1,"2019/09/05 22:35:00",MLSP1,0
D,DISPATCH,UNIT_SCADA,1,"2019/09/05 22:35:00",MLWF1,-0.0150
D,DISPATCH,UNIT_SCADA,1,"2019/09/05 22:35:00",MTMILLAR,40.837917
D,DISPATCH,UNIT_SCADA,1,"2019/09/05 22:35:00",PALOONA,25.459999
D,DISPATCH,UNIT_SCADA,1,"2019/09/05 22:35:00",PIONEER,41.700001
D,DISPATCH,UNIT_SCADA,1,"2019/09/05 22:35:00",PORTWF,35.299999
D,DISPATCH,UNIT_SCADA,1,"2019/09/05 22:35:00",REPULSE,32.772106
D,DISPATCH,UNIT_SCADA,1,"2019/09/05 22:35:00",ROWALLAN,10.4228
D,DISPATCH,UNIT_SCADA,1,"2019/09/05 22:35:00",ROYALLA1,0
D,DISPATCH,UNIT_SCADA,1,"2019/09/05 22:35:00",RPCG,9.80
D,DISPATCH,UNIT_SCADA,1,"2019/09/05 22:35:00",RUBICON,0
D,DISPATCH,UNIT_SCADA,1,"2019/09/05 22:35:00",SATGN1,0
D,DISPATCH,UNIT_SCADA,1,"2019/09/05 22:35:00",SATGS1,0
D,DISPATCH,UNIT_SCADA,1,"2019/09/05 22:35:00",STARHLWF,30.291166
D,DISPATCH,UNIT_SCADA,1,"2019/09/05 22:35:00",WAUBRAWF,41.674999
D,DISPATCH,UNIT_SCADA,1,"2019/09/05 22:35:00",WOOLNTH1,131.150024
D,DISPATCH,UNIT_SCADA,1,"2019/09/05 22:35:00",WPWF,60
D,DISPATCH,UNIT_SCADA,1,"2019/09/05 22:35:00",YAMBUKWF,0.40
D,DISPATCH,UNIT_SCADA,1,"2019/09/05 22:35:00",YSWF1,6.20
D,DISPATCH,UNIT_SCADA,1,"2019/09/05 22:35:00",AGLHAL,0
D,DISPATCH,UNIT_SCADA,1,"2019/09/05 22:35:00",AGLSOM,117.600010
D,DISPATCH,UNIT_SCADA,1,"2019/09/05 22:35:00",ANGAST1,0
D,DISPATCH,UNIT_SCADA,1,"2019/09/05 22:35:00",ARWF1,10.80
D,DISPATCH,UNIT_SCADA,1,"2019/09/05 22:35:00",BALBG1,0
D,DISPATCH,UNIT_SCADA,1,"2019/09/05 22:35:00",BALBL1,0
D,DISPATCH,UNIT_SCADA,1,"2019/09/05 22:35:00",BALDHWF1,35.7520
D,DISPATCH,UNIT_SCADA,1,"2019/09/05 22:35:00",BANN1,0
D,DISPATCH,UNIT_SCADA,1,"2019/09/05 22:35:00",BARCALDN,0
D,DISPATCH,UNIT_SCADA,1,"2019/09/05 22:35:00",BARRON-1,33.60
D,DISPATCH,UNIT_SCADA,1,"2019/09/05 22:35:00",BARRON-2,0
D,DISPATCH,UNIT_SCADA,1,"2019/09/05 22:35:00",BASTYAN,81.080010
D,DISPATCH,UNIT_SCADA,1,"2019/09/05 22:35:00",BBTHREE1,0
D,DISPATCH,UNIT_SCADA,1,"2019/09/05 22:35:00",BBTHREE2,0
D,DISPATCH,UNIT_SCADA,1,"2019/09/05 22:35:00",BBTHREE3,0
D,DISPATCH,UNIT_SCADA,1,"2019/09/05 22:35:00",BDL01,-0.12
D,DISPATCH,UNIT_SCADA,1,"2019/09/05 22:35:00",BDL02,-0.18
D,DISPATCH,UNIT_SCADA,1,"2019/09/05 22:35:00",BERYLSF1,0
D,DISPATCH,UNIT_SCADA,1,"2019/09/05 22:35:00",BLOWERNG,15.40
D,DISPATCH,UNIT_SCADA,1,"2019/09/05 22:35:00",BLUFF1,52.20
D,DISPATCH,UNIT_SCADA,1,"2019/09/05 22:35:00",BNGSF1,0
D,DISPATCH,UNIT_SCADA,1,"2019/09/05 22:35:00",BNGSF2,0
D,DISPATCH,UNIT_SCADA,1,"2019/09/05 22:35:00",BOCORWF1,11.07
D,DISPATCH,UNIT_SCADA,1,"2019/09/05 22:35:00",BODWF1,12.513370
D,DISPATCH,UNIT_SCADA,1,"2019/09/05 22:35:00",BRAEMAR1,0
D,DISPATCH,UNIT_SCADA,1,"2019/09/05 22:35:00",BRAEMAR2,0
D,DISPATCH,UNIT_SCADA,1,"2019/09/05 22:35:00",BRAEMAR3,0
D,DISPATCH,UNIT_SCADA,1,"2019/09/05 22:35:00",BRAEMAR5,0
D,DISPATCH,UNIT_SCADA,1,"2019/09/05 22:35:00",BRAEMAR6,0
D,DISPATCH,UNIT_SCADA,1,"2019/09/05 22:35:00",BRAEMAR7,0
D,DISPATCH,UNIT_SCADA,1,"2019/09/05 22:35:00",BROKENH1,0
D,DISPATCH,UNIT_SCADA,1,"2019/09/05 22:35:00",BW01,555.574950
D,DISPATCH,UNIT_SCADA,1,"2019/09/05 22:35:00",BW02,637.824950
D,DISPATCH,UNIT_SCADA,1,"2019/09/05 22:35:00",BW03,634
D,DISPATCH,UNIT_SCADA,1,"2019/09/05 22:35:00",BW04,0
D,DISPATCH,UNIT_SCADA,1,"2019/09/05 22:35:00",CALL_B_1,349.200010
D,DISPATCH,UNIT_SCADA,1,"2019/09/05 22:35:00",CALL_B_2,298.50
D,DISPATCH,UNIT_SCADA,1,"2019/09/05 22:35:00",CETHANA,17.892120
D,DISPATCH,UNIT_SCADA,1,"2019/09/05 22:35:00",CG1,0
D,DISPATCH,UNIT_SCADA,1,"2019/09/05 22:35:00",CG2,0
D,DISPATCH,UNIT_SCADA,1,"2019/09/05 22:35:00",CG3,0
D,DISPATCH,UNIT_SCADA,1,"2019/09/05 22:35:00",CG4,0
D,DISPATCH,UNIT_SCADA,1,"2019/09/05 22:35:00",CHILDSF1,0
D,DISPATCH,UNIT_SCADA,1,"2019/09/05 22:35:00",CLARESF1,0
D,DISPATCH,UNIT_SCADA,1,"2019/09/05 22:35:00",CLEMGPWF,45.021880
D,DISPATCH,UNIT_SCADA,1,"2019/09/05 22:35:00",CLERMSF1,0
D,DISPATCH,UNIT_SCADA,1,"2019/09/05 22:35:00",COLEASF1,0
D,DISPATCH,UNIT_SCADA,1,"2019/09/05 22:35:00",COOPGWF1,26.182210
D,DISPATCH,UNIT_SCADA,1,"2019/09/05 22:35:00",CPP_3,406.725010
D,DISPATCH,UNIT_SCADA,1,"2019/09/05 22:35:00",CPP_4,406.725010
D,DISPATCH,UNIT_SCADA,1,"2019/09/05 22:35:00",CPSA,142.0475
D,DISPATCH,UNIT_SCADA,1,"2019/09/05 22:35:00",CROOKWF2,26.873750
D,DISPATCH,UNIT_SCADA,1,"2019/09/05 22:35:00",CROWLWF1,20.234240
D,DISPATCH,UNIT_SCADA,1,"2019/09/05 22:35:00",CSPVPS1,0
D,DISPATCH,UNIT_SCADA,1,"2019/09/05 22:35:00",DALNTH01,0
D,DISPATCH,UNIT_SCADA,1,"2019/09/05 22:35:00",DALNTHL1,0.062560
D,DISPATCH,UNIT_SCADA,1,"2019/09/05 22:35:00",DARTM1,133.600010
D,DISPATCH,UNIT_SCADA,1,"2019/09/05 22:35:00",DAYDSF1,0
D,DISPATCH,UNIT_SCADA,1,"2019/09/05 22:35:00",DDPS1,558.849240
D,DISPATCH,UNIT_SCADA,1,"2019/09/05 22:35:00",DDSF1,0
D,DISPATCH,UNIT_SCADA,1,"2019/09/05 22:35:00",DEVILS_G,63.715320
D,DISPATCH,UNIT_SCADA,1,"2019/09/05 22:35:00",DG_NSW1,0
D,DISPATCH,UNIT_SCADA,1,"2019/09/05 22:35:00",DG_QLD1,0
D,DISPATCH,UNIT_SCADA,1,"2019/09/05 22:35:00",DG_SA1,0
D,DISPATCH,UNIT_SCADA,1,"2019/09/05 22:35:00",DG_TAS1,0
D,DISPATCH,UNIT_SCADA,1,"2019/09/05 22:35:00",DG_VIC1,0
D,DISPATCH,UNIT_SCADA,1,"2019/09/05 22:35:00",DRYCGT1,0
D,DISPATCH,UNIT_SCADA,1,"2019/09/05 22:35:00",DRYCGT2,0
D,DISPATCH,UNIT_SCADA,1,"2019/09/05 22:35:00",DRYCGT3,0
D,DISPATCH,UNIT_SCADA,1,"2019/09/05 22:35:00",EILDON1,0
D,DISPATCH,UNIT_SCADA,1,"2019/09/05 22:35:00",EILDON2,0
D,DISPATCH,UNIT_SCADA,1,"2019/09/05 22:35:00",EMERASF1,0
D,DISPATCH,UNIT_SCADA,1,"2019/09/05 22:35:00",ER01,567
D,DISPATCH,UNIT_SCADA,1,"2019/09/05 22:35:00",ER02,682.900020
D,DISPATCH,UNIT_SCADA,1,"2019/09/05 22:35:00",ER03,0
D,DISPATCH,UNIT_SCADA,1,"2019/09/05 22:35:00",ER04,671.6250
D,DISPATCH,UNIT_SCADA,1,"2019/09/05 22:35:00",FINLYSF1,0
D,DISPATCH,UNIT_SCADA,1,"2019/09/05 22:35:00",FISHER,46.03
D,DISPATCH,UNIT_SCADA,1,"2019/09/05 22:35:00",GANNBG1,16.521490
D,DISPATCH,UNIT_SCADA,1,"2019/09/05 22:35:00",GANNBL1,0
D,DISPATCH,UNIT_SCADA,1,"2019/09/05 22:35:00",GANNSF1,0
D,DISPATCH,UNIT_SCADA,1,"2019/09/05 22:35:00",GORDON,23.832480
D,DISPATCH,UNIT_SCADA,1,"2019/09/05 22:35:00",GSTONE1,200.724990
D,DISPATCH,UNIT_SCADA,1,"2019/09/05 22:35:00",GSTONE2,192.849990
D,DISPATCH,UNIT_SCADA,1,"2019/09/05 22:35:00",GSTONE3,0
D,DISPATCH,UNIT_SCADA,1,"2019/09/05 22:35:00",GSTONE4,211.9250
D,DISPATCH,UNIT_SCADA,1,"2019/09/05 22:35:00",GSTONE5,201.774990
D,DISPATCH,UNIT_SCADA,1,"2019/09/05 22:35:00",GSTONE6,202.30
D,DISPATCH,UNIT_SCADA,1,"2019/09/05 22:35:00",GULLRSF1,0
D,DISPATCH,UNIT_SCADA,1,"2019/09/05 22:35:00",GULLRWF1,45.546170
D,DISPATCH,UNIT_SCADA,1,"2019/09/05 22:35:00",GUNNING1,21.803280
D,DISPATCH,UNIT_SCADA,1,"2019/09/05 22:35:00",GUTHEGA,0
D,DISPATCH,UNIT_SCADA,1,"2019/09/05 22:35:00",HALLWF1,85.39
D,DISPATCH,UNIT_SCADA,1,"2019/09/05 22:35:00",HALLWF2,31.88
D,DISPATCH,UNIT_SCADA,1,"2019/09/05 22:35:00",HAMISF1,0
D,DISPATCH,UNIT_SCADA,1,"2019/09/05 22:35:00",HAUGHT11,0
D,DISPATCH,UNIT_SCADA,1,"2019/09/05 22:35:00",HAYMSF1,0
D,DISPATCH,UNIT_SCADA,1,"2019/09/05 22:35:00",HDWF1,37
D,DISPATCH,UNIT_SCADA,1,"2019/09/05 22:35:00",HDWF2,17.30
D,DISPATCH,UNIT_SCADA,1,"2019/09/05 22:35:00",HDWF3,31.40
D,DISPATCH,UNIT_SCADA,1,"2019/09/05 22:35:00",HPRG1,20.80
D,DISPATCH,UNIT_SCADA,1,"2019/09/05 22:35:00",HPRL1,0
D,DISPATCH,UNIT_SCADA,1,"2019/09/05 22:35:00",HUMENSW,0
D,DISPATCH,UNIT_SCADA,1,"2019/09/05 22:35:00",HUMEV,24.70
D,DISPATCH,UNIT_SCADA,1,"2019/09/05 22:35:00",HVGTS,0
D,DISPATCH,UNIT_SCADA,1,"2019/09/05 22:35:00",JBUTTERS,23.18
D,DISPATCH,UNIT_SCADA,1,"2019/09/05 22:35:00",JLA01,0.10
D,DISPATCH,UNIT_SCADA,1,"2019/09/05 22:35:00",JLA02,0
D,DISPATCH,UNIT_SCADA,1,"2019/09/05 22:35:00",JLA03,0
D,DISPATCH,UNIT_SCADA,1,"2019/09/05 22:35:00",JLA04,0
D,DISPATCH,UNIT_SCADA,1,"2019/09/05 22:35:00",JLB01,0
D,DISPATCH,UNIT_SCADA,1,"2019/09/05 22:35:00",JLB02,0.10
D,DISPATCH,UNIT_SCADA,1,"2019/09/05 22:35:00",JLB03,0
D,DISPATCH,UNIT_SCADA,1,"2019/09/05 22:35:00",KAREEYA1,21.5625
D,DISPATCH,UNIT_SCADA,1,"2019/09/05 22:35:00",KAREEYA2,21.8050
D,DISPATCH,UNIT_SCADA,1,"2019/09/05 22:35:00",KAREEYA3,0
D,DISPATCH,UNIT_SCADA,1,"2019/09/05 22:35:00",KAREEYA4,21.65
D,DISPATCH,UNIT_SCADA,1,"2019/09/05 22:35:00",KARSF1,0
D,DISPATCH,UNIT_SCADA,1,"2019/09/05 22:35:00",KIATAWF1,29.30
D,DISPATCH,UNIT_SCADA,1,"2019/09/05 22:35:00",KPP_1,0
D,DISPATCH,UNIT_SCADA,1,"2019/09/05 22:35:00",KSP1,0
D,DISPATCH,UNIT_SCADA,1,"2019/09/05 22:35:00",LADBROK1,42.33
D,DISPATCH,UNIT_SCADA,1,"2019/09/05 22:35:00",LADBROK2,43.04
D,DISPATCH,UNIT_SCADA,1,"2019/09/05 22:35:00",LD01,412.968750
D,DISPATCH,UNIT_SCADA,1,"2019/09/05 22:35:00",LD02,397.087550
D,DISPATCH,UNIT_SCADA,1,"2019/09/05 22:35:00",LD03,411.8812
D,DISPATCH,UNIT_SCADA,1,"2019/09/05 22:35:00",LD04,370.237430
D,DISPATCH,UNIT_SCADA,1,"2019/09/05 22:35:00",LEM_WIL,85.146740
D,DISPATCH,UNIT_SCADA,1,"2019/09/05 22:35:00",LGAPWF1,33.88
D,DISPATCH,UNIT_SCADA,1,"2019/09/05 22:35:00",LILYSF1,0
D,DISPATCH,UNIT_SCADA,1,"2019/09/05 22:35:00",LI_WY_CA,139.028230
D,DISPATCH,UNIT_SCADA,1,"2019/09/05 22:35:00",LKBONNY2,26.876330
D,DISPATCH,UNIT_SCADA,1,"2019/09/05 22:35:00",LKBONNY3,7.368510
D,DISPATCH,UNIT_SCADA,1,"2019/09/05 22:35:00",LK_ECHO,0
D,DISPATCH,UNIT_SCADA,1,"2019/09/05 22:35:00",LNGS1,0
D,DISPATCH,UNIT_SCADA,1,"2019/09/05 22:35:00",LNGS2,0
D,DISPATCH,UNIT_SCADA,1,"2019/09/05 22:35:00",LONSDALE,0
D,DISPATCH,UNIT_SCADA,1,"2019/09/05 22:35:00",LOYYB1,537.592410
D,DISPATCH,UNIT_SCADA,1,"2019/09/05 22:35:00",LOYYB2,585.337950
D,DISPATCH,UNIT_SCADA,1,"2019/09/05 22:35:00",LYA1,0
D,DISPATCH,UNIT_SCADA,1,"2019/09/05 22:35:00",LYA2,0
D,DISPATCH,UNIT_SCADA,1,"2019/09/05 22:35:00",LYA3,560
D,DISPATCH,UNIT_SCADA,1,"2019/09/05 22:35:00",LYA4,541
D,DISPATCH,UNIT_SCADA,1,"2019/09/05 22:35:00",MACARTH1,3.799910
D,DISPATCH,UNIT_SCADA,1,"2019/09/05 22:35:00",MACKAYGT,0.2240
D,DISPATCH,UNIT_SCADA,1,"2019/09/05 22:35:00",MACKNTSH,88.63
D,DISPATCH,UNIT_SCADA,1,"2019/09/05 22:35:00",MANSLR1,0
D,DISPATCH,UNIT_SCADA,1,"2019/09/05 22:35:00",MCKAY1,0.0750
D,DISPATCH,UNIT_SCADA,1,"2019/09/05 22:35:00",MEADOWBK,34.095940
D,DISPATCH,UNIT_SCADA,1,"2019/09/05 22:35:00",MERCER01,9.0210
D,DISPATCH,UNIT_SCADA,1,"2019/09/05 22:35:00",MEWF1,32.942080
D,DISPATCH,UNIT_SCADA,1,"2019/09/05 22:35:00",MINTARO,0
D,DISPATCH,UNIT_SCADA,1,"2019/09/05 22:35:00",MOREESF1,0
D,DISPATCH,UNIT_SCADA,1,"2019/09/05 22:35:00",MORTLK11,260
D,DISPATCH,UNIT_SCADA,1,"2019/09/05 22:35:00",MORTLK12,0
D,DISPATCH,UNIT_SCADA,1,"2019/09/05 22:35:00",MP1,213.700010
D,DISPATCH,UNIT_SCADA,1,"2019/09/05 22:35:00",MP2,0
D,DISPATCH,UNIT_SCADA,1,"2019/09/05 22:35:00",MPP_1,400
D,DISPATCH,UNIT_SCADA,1,"2019/09/05 22:35:00",MPP_2,436
D,DISPATCH,UNIT_SCADA,1,"2019/09/05 22:35:00",MSTUART1,0
D,DISPATCH,UNIT_SCADA,1,"2019/09/05 22:35:00",MSTUART2,0
D,DISPATCH,UNIT_SCADA,1,"2019/09/05 22:35:00",MSTUART3,0
D,DISPATCH,UNIT_SCADA,1,"2019/09/05 22:35:00",MTGELWF1,-0.3647
D,DISPATCH,UNIT_SCADA,1,"2019/09/05 22:35:00",MURRAY,0
D,DISPATCH,UNIT_SCADA,1,"2019/09/05 22:35:00",MUSSELR1,64.70
D,DISPATCH,UNIT_SCADA,1,"2019/09/05 22:35:00",MUWAWF1,25.23
D,DISPATCH,UNIT_SCADA,1,"2019/09/05 22:35:00",NBHWF1,96.80
D,DISPATCH,UNIT_SCADA,1,"2019/09/05 22:35:00",NPS,95.6250
D,DISPATCH,UNIT_SCADA,1,"2019/09/05 22:35:00",NUMURSF1,0
D,DISPATCH,UNIT_SCADA,1,"2019/09/05 22:35:00",NYNGAN1,0
D,DISPATCH,UNIT_SCADA,1,"2019/09/05 22:35:00",OAKEY1,0
D,DISPATCH,UNIT_SCADA,1,"2019/09/05 22:35:00",OAKEY1SF,0
D,DISPATCH,UNIT_SCADA,1,"2019/09/05 22:35:00",OAKEY2,0
D,DISPATCH,UNIT_SCADA,1,"2019/09/05 22:35:00",OAKEY2SF,0
D,DISPATCH,UNIT_SCADA,1,"2019/09/05 22:35:00",OAKLAND1,-0.30
D,DISPATCH,UNIT_SCADA,1,"2019/09/05 22:35:00",OSB-AG,0
D,DISPATCH,UNIT_SCADA,1,"2019/09/05 22:35:00",PARSF1,0
D,DISPATCH,UNIT_SCADA,1,"2019/09/05 22:35:00",POAT110,0
D,DISPATCH,UNIT_SCADA,1,"2019/09/05 22:35:00",POAT220,0
D,DISPATCH,UNIT_SCADA,1,"2019/09/05 22:35:00",POR01,0
D,DISPATCH,UNIT_SCADA,1,"2019/09/05 22:35:00",POR03,0
D,DISPATCH,UNIT_SCADA,1,"2019/09/05 22:35:00",PPCCGT,427.2298
D,DISPATCH,UNIT_SCADA,1,"2019/09/05 22:35:00",PTSTAN1,0
D,DISPATCH,UNIT_SCADA,1,"2019/09/05 22:35:00",PUMP1,0
D,DISPATCH,UNIT_SCADA,1,"2019/09/05 22:35:00",PUMP2,0
D,DISPATCH,UNIT_SCADA,1,"2019/09/05 22:35:00",QPS1,29
D,DISPATCH,UNIT_SCADA,1,"2019/09/05 22:35:00",QPS2,0
D,DISPATCH,UNIT_SCADA,1,"2019/09/05 22:35:00",QPS3,0
D,DISPATCH,UNIT_SCADA,1,"2019/09/05 22:35:00",QPS4,0
D,DISPATCH,UNIT_SCADA,1,"2019/09/05 22:35:00",QPS5,0
D,DISPATCH,UNIT_SCADA,1,"2019/09/05 22:35:00",REECE1,116.20
D,DISPATCH,UNIT_SCADA,1,"2019/09/05 22:35:00",REECE2,91.010010
D,DISPATCH,UNIT_SCADA,1,"2019/09/05 22:35:00",ROMA_7,0
D,DISPATCH,UNIT_SCADA,1,"2019/09/05 22:35:00",ROMA_8,0
D,DISPATCH,UNIT_SCADA,1,"2019/09/05 22:35:00",RRSF1,0
D,DISPATCH,UNIT_SCADA,1,"2019/09/05 22:35:00",RT_NSW1,0
D,DISPATCH,UNIT_SCADA,1,"2019/09/05 22:35:00",RT_NSW2,0
D,DISPATCH,UNIT_SCADA,1,"2019/09/05 22:35:00",RT_NSW3,0
D,DISPATCH,UNIT_SCADA,1,"2019/09/05 22:35:00",RT_NSW4,0
D,DISPATCH,UNIT_SCADA,1,"2019/09/05 22:35:00",RT_NSW5,0
D,DISPATCH,UNIT_SCADA,1,"2019/09/05 22:35:00",RT_NSW6,0
D,DISPATCH,UNIT_SCADA,1,"2019/09/05 22:35:00",RT_QLD1,0
D,DISPATCH,UNIT_SCADA,1,"2019/09/05 22:35:00",RT_SA1,0
D,DISPATCH,UNIT_SCADA,1,"2019/09/05 22:35:00",RT_SA2,0
D,DISPATCH,UNIT_SCADA,1,"2019/09/05 22:35:00",RT_SA3,0
D,DISPATCH,UNIT_SCADA,1,"2019/09/05 22:35:00",RT_SA4,0
D,DISPATCH,UNIT_SCADA,1,"2019/09/05 22:35:00",RT_SA5,0
D,DISPATCH,UNIT_SCADA,1,"2019/09/05 22:35:00",RT_SA6,0
D,DISPATCH,UNIT_SCADA,1,"2019/09/05 22:35:00",RT_TAS1,0
D,DISPATCH,UNIT_SCADA,1,"2019/09/05 22:35:00",RT_VIC1,0
D,DISPATCH,UNIT_SCADA,1,"2019/09/05 22:35:00",RT_VIC10,0
D,DISPATCH,UNIT_SCADA,1,"2019/09/05 22:35:00",RT_VIC11,0
D,DISPATCH,UNIT_SCADA,1,"2019/09/05 22:35:00",RT_VIC12,0
D,DISPATCH,UNIT_SCADA,1,"2019/09/05 22:35:00",RT_VIC2,0
D,DISPATCH,UNIT_SCADA,1,"2019/09/05 22:35:00",RT_VIC3,0
D,DISPATCH,UNIT_SCADA,1,"2019/09/05 22:35:00",RT_VIC4,0
D,DISPATCH,UNIT_SCADA,1,"2019/09/05 22:35:00",RT_VIC5,0
D,DISPATCH,UNIT_SCADA,1,"2019/09/05 22:35:00",RT_VIC6,0
D,DISPATCH,UNIT_SCADA,1,"2019/09/05 22:35:00",RT_VIC7,0
D,DISPATCH,UNIT_SCADA,1,"2019/09/05 22:35:00",RT_VIC8,0
D,DISPATCH,UNIT_SCADA,1,"2019/09/05 22:35:00",RT_VIC9,0
D,DISPATCH,UNIT_SCADA,1,"2019/09/05 22:35:00",RUGBYR1,0
D,DISPATCH,UNIT_SCADA,1,"2019/09/05 22:35:00",SALTCRK1,-0.17
D,DISPATCH,UNIT_SCADA,1,"2019/09/05 22:35:00",SAPHWF1,82.068760
D,DISPATCH,UNIT_SCADA,1,"2019/09/05 22:35:00",SHGEN,0
D,DISPATCH,UNIT_SCADA,1,"2019/09/05 22:35:00",SHPUMP,0
D,DISPATCH,UNIT_SCADA,1,"2019/09/05 22:35:00",SITHE01,0.224190
D,DISPATCH,UNIT_SCADA,1,"2019/09/05 22:35:00",SMCSF1,0
D,DISPATCH,UNIT_SCADA,1,"2019/09/05 22:35:00",SNOWNTH1,135.799990
D,DISPATCH,UNIT_SCADA,1,"2019/09/05 22:35:00",SNOWSTH1,107.70
D,DISPATCH,UNIT_SCADA,1,"2019/09/05 22:35:00",SNOWTWN1,96.851260
D,DISPATCH,UNIT_SCADA,1,"2019/09/05 22:35:00",SNOWYP,0
D,DISPATCH,UNIT_SCADA,1,"2019/09/05 22:35:00",SNUG1,0.019440
D,DISPATCH,UNIT_SCADA,1,"2019/09/05 22:35:00",SRSF1,0.22
D,DISPATCH,UNIT_SCADA,1,"2019/09/05 22:35:00",STAN-1,255.727940
D,DISPATCH,UNIT_SCADA,1,"2019/09/05 22:35:00",STAN-2,360.474980
D,DISPATCH,UNIT_SCADA,1,"2019/09/05 22:35:00",STAN-3,366.576260
D,DISPATCH,UNIT_SCADA,1,"2019/09/05 22:35:00",STAN-4,368.434840
D,DISPATCH,UNIT_SCADA,1,"2019/09/05 22:35:00",STWF1,0
D,DISPATCH,UNIT_SCADA,1,"2019/09/05 22:35:00",SWAN_E,0
D,DISPATCH,UNIT_SCADA,1,"2019/09/05 22:35:00",TALWA1,415
D,DISPATCH,UNIT_SCADA,1,"2019/09/05 22:35:00",TARALGA1,30.303760
D,DISPATCH,UNIT_SCADA,1,"2019/09/05 22:35:00",TARONG#1,350.399990
D,DISPATCH,UNIT_SCADA,1,"2019/09/05 22:35:00",TARONG#2,0
D,DISPATCH,UNIT_SCADA,1,"2019/09/05 22:35:00",TARONG#3,349.399990
D,DISPATCH,UNIT_SCADA,1,"2019/09/05 22:35:00",TARONG#4,349.100010
D,DISPATCH,UNIT_SCADA,1,"2019/09/05 22:35:00",TARRALEA,74
D,DISPATCH,UNIT_SCADA,1,"2019/09/05 22:35:00",TBSF1,-0.20
D,DISPATCH,UNIT_SCADA,1,"2019/09/05 22:35:00",TNPS1,397.600010
D,DISPATCH,UNIT_SCADA,1,"2019/09/05 22:35:00",TORRA1,73.686240
D,DISPATCH,UNIT_SCADA,1,"2019/09/05 22:35:00",TORRA2,0
D,DISPATCH,UNIT_SCADA,1,"2019/09/05 22:35:00",TORRA3,0
D,DISPATCH,UNIT_SCADA,1,"2019/09/05 22:35:00",TORRA4,69.1495
D,DISPATCH,UNIT_SCADA,1,"2019/09/05 22:35:00",TORRB1,78.31
D,DISPATCH,UNIT_SCADA,1,"2019/09/05 22:35:00",TORRB2,79.12
D,DISPATCH,UNIT_SCADA,1,"2019/09/05 22:35:00",TORRB3,80.39
D,DISPATCH,UNIT_SCADA,1,"2019/09/05 22:35:00",TORRB4,0
D,DISPATCH,UNIT_SCADA,1,"2019/09/05 22:35:00",TREVALLN,92.700030
D,DISPATCH,UNIT_SCADA,1,"2019/09/05 22:35:00",TRIBUTE,0
D,DISPATCH,UNIT_SCADA,1,"2019/09/05 22:35:00",TUMUT3,115.91
D,DISPATCH,UNIT_SCADA,1,"2019/09/05 22:35:00",TUNGATIN,5.90
D,DISPATCH,UNIT_SCADA,1,"2019/09/05 22:35:00",TVCC201,0
D,DISPATCH,UNIT_SCADA,1,"2019/09/05 22:35:00",TVPP104,0
D,DISPATCH,UNIT_SCADA,1,"2019/09/05 22:35:00",UPPTUMUT,277.502620
D,DISPATCH,UNIT_SCADA,1,"2019/09/05 22:35:00",URANQ11,0
D,DISPATCH,UNIT_SCADA,1,"2019/09/05 22:35:00",URANQ12,0
D,DISPATCH,UNIT_SCADA,1,"2019/09/05 22:35:00",URANQ13,0
D,DISPATCH,UNIT_SCADA,1,"2019/09/05 22:35:00",URANQ14,0
D,DISPATCH,UNIT_SCADA,1,"2019/09/05 22:35:00",VP5,407.775020
D,DISPATCH,UNIT_SCADA,1,"2019/09/05 22:35:00",VP6,0
D,DISPATCH,UNIT_SCADA,1,"2019/09/05 22:35:00",VPGS1,0
D,DISPATCH,UNIT_SCADA,1,"2019/09/05 22:35:00",VPGS2,0
D,DISPATCH,UNIT_SCADA,1,"2019/09/05 22:35:00",VPGS3,0
D,DISPATCH,UNIT_SCADA,1,"2019/09/05 22:35:00",VPGS4,0
D,DISPATCH,UNIT_SCADA,1,"2019/09/05 22:35:00",VPGS5,0
D,DISPATCH,UNIT_SCADA,1,"2019/09/05 22:35:00",VPGS6,0
D,DISPATCH,UNIT_SCADA,1,"2019/09/05 22:35:00",W/HOE#1,0
D,DISPATCH,UNIT_SCADA,1,"2019/09/05 22:35:00",W/HOE#2,0
D,DISPATCH,UNIT_SCADA,1,"2019/09/05 22:35:00",WATERLWF,114.70
D,DISPATCH,UNIT_SCADA,1,"2019/09/05 22:35:00",WEMENSF1,0
D,DISPATCH,UNIT_SCADA,1,"2019/09/05 22:35:00",WGWF1,78.30
D,DISPATCH,UNIT_SCADA,1,"2019/09/05 22:35:00",WHITSF1,0
D,DISPATCH,UNIT_SCADA,1,"2019/09/05 22:35:00",WKIEWA1,16.20
D,DISPATCH,UNIT_SCADA,1,"2019/09/05 22:35:00",WKIEWA2,16.10
D,DISPATCH,UNIT_SCADA,1,"2019/09/05 22:35:00",WOODLWN1,12.024020
D,DISPATCH,UNIT_SCADA,1,"2019/09/05 22:35:00",WRSF1,0
D,DISPATCH,UNIT_SCADA,1,"2019/09/05 22:35:00",WRWF1,19.118760
D,DISPATCH,UNIT_SCADA,1,"2019/09/05 22:35:00",YABULU,160.290010
D,DISPATCH,UNIT_SCADA,1,"2019/09/05 22:35:00",YABULU2,0
D,DISPATCH,UNIT_SCADA,1,"2019/09/05 22:35:00",YARWUN_1,166.16
D,DISPATCH,UNIT_SCADA,1,"2019/09/05 22:35:00",YENDWF1,41.68
D,DISPATCH,UNIT_SCADA,1,"2019/09/05 22:35:00",YWPS1,349.372160
D,DISPATCH,UNIT_SCADA,1,"2019/09/05 22:35:00",YWPS2,278.192410
D,DISPATCH,UNIT_SCADA,1,"2019/09/05 22:35:00",YWPS3,335.9595
D,DISPATCH,UNIT_SCADA,1,"2019/09/05 22:35:00",YWPS4,396.649350
C,"END OF REPORT",335
