C,NEMP.WORLD,DISPATCHSCADA,AEMO,PUBLIC,2019/08/22,20:45:08,0000000311881721,DISPATCHSCADA,0000000311881715
I,DISPATCH,UNIT_SCADA,1,SETTLEMENTDATE,DUID,SCADAVALUE
D,DISPATCH,UNIT_SCADA,1,"2019/08/22 20:50:00",BARCSF1,0.40
D,DISPATCH,UNIT_SCADA,1,"2019/08/22 20:50:00",BUTLERSG,9.699999
D,DISPATCH,UNIT_SCADA,1,"2019/08/22 20:50:00",CALL_A_4,0
D,DISPATCH,UNIT_SCADA,1,"2019/08/22 20:50:00",CAPTL_WF,78.7080
D,DISPATCH,UNIT_SCADA,1,"2019/08/22 20:50:00",CATHROCK,2.39
D,DISPATCH,UNIT_SCADA,1,"2019/08/22 20:50:00",CHALLHWF,3.90
D,DISPATCH,UNIT_SCADA,1,"2019/08/22 20:50:00",CLOVER,-0.01
D,DISPATCH,UNIT_SCADA,1,"2019/08/22 20:50:00",CLUNY,20.211948
D,DISPATCH,UNIT_SCADA,1,"2019/08/22 20:50:00",CNUNDAWF,0.100117
D,DISPATCH,UNIT_SCADA,1,"2019/08/22 20:50:00",CULLRGWF,6.96
D,DISPATCH,UNIT_SCADA,1,"2019/08/22 20:50:00",ERGT01,0
D,DISPATCH,UNIT_SCADA,1,"2019/08/22 20:50:00",GB01,0.068310
D,DISPATCH,UNIT_SCADA,1,"2019/08/22 20:50:00",GERMCRK,35.900002
D,DISPATCH,UNIT_SCADA,1,"2019/08/22 20:50:00",GRIFSF1,0
D,DISPATCH,UNIT_SCADA,1,"2019/08/22 20:50:00",HUGSF1,-0.2070
D,DISPATCH,UNIT_SCADA,1,"2019/08/22 20:50:00",LKBONNY1,-0.538647
D,DISPATCH,UNIT_SCADA,1,"2019/08/22 20:50:00",LRSF1,-0.0180
D,DISPATCH,UNIT_SCADA,1,"2019/08/22 20:50:00",MBAHNTH,45.693756
D,DISPATCH,UNIT_SCADA,1,"2019/08/22 20:50:00",MLSP1,0.180001
D,DISPATCH,UNIT_SCADA,1,"2019/08/22 20:50:00",MLWF1,1.59
D,DISPATCH,UNIT_SCADA,1,"2019/08/22 20:50:00",MTMILLAR,5.052650
D,DISPATCH,UNIT_SCADA,1,"2019/08/22 20:50:00",PALOONA,28.68
D,DISPATCH,UNIT_SCADA,1,"2019/08/22 20:50:00",PIONEER,49.400002
D,DISPATCH,UNIT_SCADA,1,"2019/08/22 20:50:00",PORTWF,-0.60
D,DISPATCH,UNIT_SCADA,1,"2019/08/22 20:50:00",REPULSE,28.904860
D,DISPATCH,UNIT_SCADA,1,"2019/08/22 20:50:00",ROWALLAN,10.4370
D,DISPATCH,UNIT_SCADA,1,"2019/08/22 20:50:00",ROYALLA1,0
D,DISPATCH,UNIT_SCADA,1,"2019/08/22 20:50:00",RPCG,11.50
D,DISPATCH,UNIT_SCADA,1,"2019/08/22 20:50:00",RUBICON,0
D,DISPATCH,UNIT_SCADA,1,"2019/08/22 20:50:00",SATGN1,0
D,DISPATCH,UNIT_SCADA,1,"2019/08/22 20:50:00",SATGS1,0
D,DISPATCH,UNIT_SCADA,1,"2019/08/22 20:50:00",STARHLWF,-0.099971
D,DISPATCH,UNIT_SCADA,1,"2019/08/22 20:50:00",WAUBRAWF,80.607002
D,DISPATCH,UNIT_SCADA,1,"2019/08/22 20:50:00",WOOLNTH1,43.900017
D,DISPATCH,UNIT_SCADA,1,"2019/08/22 20:50:00",WPWF,0
D,DISPATCH,UNIT_SCADA,1,"2019/08/22 20:50:00",YAMBUKWF,1
D,DISPATCH,UNIT_SCADA,1,"2019/08/22 20:50:00",YSWF1,1.60
D,DISPATCH,UNIT_SCADA,1,"2019/08/22 20:50:00",AGLHAL,0
D,DISPATCH,UNIT_SCADA,1,"2019/08/22 20:50:00",AGLSOM,81.30
D,DISPATCH,UNIT_SCADA,1,"2019/08/22 20:50:00",ANGAST1,0
D,DISPATCH,UNIT_SCADA,1,"2019/08/22 20:50:00",ARWF1,53.90
D,DISPATCH,UNIT_SCADA,1,"2019/08/22 20:50:00",BALBG1,0
D,DISPATCH,UNIT_SCADA,1,"2019/08/22 20:50:00",BALBL1,0
D,DISPATCH,UNIT_SCADA,1,"2019/08/22 20:50:00",BALDHWF1,37.7430
D,DISPATCH,UNIT_SCADA,1,"2019/08/22 20:50:00",BANN1,0
D,DISPATCH,UNIT_SCADA,1,"2019/08/22 20:50:00",BARCALDN,0
D,DISPATCH,UNIT_SCADA,1,"2019/08/22 20:50:00",BARRON-1,0
D,DISPATCH,UNIT_SCADA,1,"2019/08/22 20:50:00",BARRON-2,28.64
D,DISPATCH,UNIT_SCADA,1,"2019/08/22 20:50:00",BASTYAN,77.44
D,DISPATCH,UNIT_SCADA,1,"2019/08/22 20:50:00",BBTHREE1,-2.10
D,DISPATCH,UNIT_SCADA,1,"2019/08/22 20:50:00",BBTHREE2,-1.95
D,DISPATCH,UNIT_SCADA,1,"2019/08/22 20:50:00",BBTHREE3,-1.09
D,DISPATCH,UNIT_SCADA,1,"2019/08/22 20:50:00",BDL01,42.78
D,DISPATCH,UNIT_SCADA,1,"2019/08/22 20:50:00",BDL02,45.66
D,DISPATCH,UNIT_SCADA,1,"2019/08/22 20:50:00",BERYLSF1,0
D,DISPATCH,UNIT_SCADA,1,"2019/08/22 20:50:00",BLOWERNG,0
D,DISPATCH,UNIT_SCADA,1,"2019/08/22 20:50:00",BLUFF1,-0.10
D,DISPATCH,UNIT_SCADA,1,"2019/08/22 20:50:00",BNGSF1,0
D,DISPATCH,UNIT_SCADA,1,"2019/08/22 20:50:00",BNGSF2,0
D,DISPATCH,UNIT_SCADA,1,"2019/08/22 20:50:00",BOCORWF1,37.10
D,DISPATCH,UNIT_SCADA,1,"2019/08/22 20:50:00",BODWF1,70.722720
D,DISPATCH,UNIT_SCADA,1,"2019/08/22 20:50:00",BRAEMAR1,109.40
D,DISPATCH,UNIT_SCADA,1,"2019/08/22 20:50:00",BRAEMAR2,110.40
D,DISPATCH,UNIT_SCADA,1,"2019/08/22 20:50:00",BRAEMAR3,32.40
D,DISPATCH,UNIT_SCADA,1,"2019/08/22 20:50:00",BRAEMAR5,0
D,DISPATCH,UNIT_SCADA,1,"2019/08/22 20:50:00",BRAEMAR6,159.554860
D,DISPATCH,UNIT_SCADA,1,"2019/08/22 20:50:00",BRAEMAR7,161.045360
D,DISPATCH,UNIT_SCADA,1,"2019/08/22 20:50:00",BROKENH1,0
D,DISPATCH,UNIT_SCADA,1,"2019/08/22 20:50:00",BW01,659.349980
D,DISPATCH,UNIT_SCADA,1,"2019/08/22 20:50:00",BW02,653.75
D,DISPATCH,UNIT_SCADA,1,"2019/08/22 20:50:00",BW03,659.349980
D,DISPATCH,UNIT_SCADA,1,"2019/08/22 20:50:00",BW04,0
D,DISPATCH,UNIT_SCADA,1,"2019/08/22 20:50:00",CALL_B_1,99.60
D,DISPATCH,UNIT_SCADA,1,"2019/08/22 20:50:00",CALL_B_2,350.50
D,DISPATCH,UNIT_SCADA,1,"2019/08/22 20:50:00",CETHANA,96.9870
D,DISPATCH,UNIT_SCADA,1,"2019/08/22 20:50:00",CG1,0
D,DISPATCH,UNIT_SCADA,1,"2019/08/22 20:50:00",CG2,0
D,DISPATCH,UNIT_SCADA,1,"2019/08/22 20:50:00",CG3,0
D,DISPATCH,UNIT_SCADA,1,"2019/08/22 20:50:00",CG4,0
D,DISPATCH,UNIT_SCADA,1,"2019/08/22 20:50:00",CHILDSF1,0
D,DISPATCH,UNIT_SCADA,1,"2019/08/22 20:50:00",CLARESF1,0
D,DISPATCH,UNIT_SCADA,1,"2019/08/22 20:50:00",CLEMGPWF,-0.288140
D,DISPATCH,UNIT_SCADA,1,"2019/08/22 20:50:00",CLERMSF1,0
D,DISPATCH,UNIT_SCADA,1,"2019/08/22 20:50:00",COLEASF1,0
D,DISPATCH,UNIT_SCADA,1,"2019/08/22 20:50:00",COOPGWF1,27.925410
D,DISPATCH,UNIT_SCADA,1,"2019/08/22 20:50:00",CPP_3,404.524990
D,DISPATCH,UNIT_SCADA,1,"2019/08/22 20:50:00",CPP_4,404.25
D,DISPATCH,UNIT_SCADA,1,"2019/08/22 20:50:00",CPSA,142.132510
D,DISPATCH,UNIT_SCADA,1,"2019/08/22 20:50:00",CROOKWF2,4.3150
D,DISPATCH,UNIT_SCADA,1,"2019/08/22 20:50:00",CROWLWF1,21.665790
D,DISPATCH,UNIT_SCADA,1,"2019/08/22 20:50:00",CSPVPS1,0
D,DISPATCH,UNIT_SCADA,1,"2019/08/22 20:50:00",DALNTH01,0
D,DISPATCH,UNIT_SCADA,1,"2019/08/22 20:50:00",DALNTHL1,0.062560
D,DISPATCH,UNIT_SCADA,1,"2019/08/22 20:50:00",DARTM1,134.600010
D,DISPATCH,UNIT_SCADA,1,"2019/08/22 20:50:00",DAYDSF1,0
D,DISPATCH,UNIT_SCADA,1,"2019/08/22 20:50:00",DDPS1,612.180540
D,DISPATCH,UNIT_SCADA,1,"2019/08/22 20:50:00",DDSF1,0
D,DISPATCH,UNIT_SCADA,1,"2019/08/22 20:50:00",DEVILS_G,0
D,DISPATCH,UNIT_SCADA,1,"2019/08/22 20:50:00",DG_NSW1,0
D,DISPATCH,UNIT_SCADA,1,"2019/08/22 20:50:00",DG_QLD1,0
D,DISPATCH,UNIT_SCADA,1,"2019/08/22 20:50:00",DG_SA1,0
D,DISPATCH,UNIT_SCADA,1,"2019/08/22 20:50:00",DG_TAS1,0
D,DISPATCH,UNIT_SCADA,1,"2019/08/22 20:50:00",DG_VIC1,0
D,DISPATCH,UNIT_SCADA,1,"2019/08/22 20:50:00",DRYCGT1,0
D,DISPATCH,UNIT_SCADA,1,"2019/08/22 20:50:00",DRYCGT2,0
D,DISPATCH,UNIT_SCADA,1,"2019/08/22 20:50:00",DRYCGT3,0
D,DISPATCH,UNIT_SCADA,1,"2019/08/22 20:50:00",EILDON1,0
D,DISPATCH,UNIT_SCADA,1,"2019/08/22 20:50:00",EILDON2,37.08
D,DISPATCH,UNIT_SCADA,1,"2019/08/22 20:50:00",EMERASF1,0
D,DISPATCH,UNIT_SCADA,1,"2019/08/22 20:50:00",ER01,593.325070
D,DISPATCH,UNIT_SCADA,1,"2019/08/22 20:50:00",ER02,699.25
D,DISPATCH,UNIT_SCADA,1,"2019/08/22 20:50:00",ER03,700.1250
D,DISPATCH,UNIT_SCADA,1,"2019/08/22 20:50:00",ER04,699.050050
D,DISPATCH,UNIT_SCADA,1,"2019/08/22 20:50:00",FINLYSF1,0
D,DISPATCH,UNIT_SCADA,1,"2019/08/22 20:50:00",FISHER,46.03
D,DISPATCH,UNIT_SCADA,1,"2019/08/22 20:50:00",GANNBG1,1.593430
D,DISPATCH,UNIT_SCADA,1,"2019/08/22 20:50:00",GANNBL1,0
D,DISPATCH,UNIT_SCADA,1,"2019/08/22 20:50:00",GANNSF1,0
D,DISPATCH,UNIT_SCADA,1,"2019/08/22 20:50:00",GORDON,220.983280
D,DISPATCH,UNIT_SCADA,1,"2019/08/22 20:50:00",GSTONE1,262.324980
D,DISPATCH,UNIT_SCADA,1,"2019/08/22 20:50:00",GSTONE2,230.1250
D,DISPATCH,UNIT_SCADA,1,"2019/08/22 20:50:00",GSTONE3,249.724990
D,DISPATCH,UNIT_SCADA,1,"2019/08/22 20:50:00",GSTONE4,260.225010
D,DISPATCH,UNIT_SCADA,1,"2019/08/22 20:50:00",GSTONE5,262.324980
D,DISPATCH,UNIT_SCADA,1,"2019/08/22 20:50:00",GSTONE6,0
D,DISPATCH,UNIT_SCADA,1,"2019/08/22 20:50:00",GULLRSF1,0
D,DISPATCH,UNIT_SCADA,1,"2019/08/22 20:50:00",GULLRWF1,19.127750
D,DISPATCH,UNIT_SCADA,1,"2019/08/22 20:50:00",GUNNING1,1.684080
D,DISPATCH,UNIT_SCADA,1,"2019/08/22 20:50:00",GUTHEGA,31
D,DISPATCH,UNIT_SCADA,1,"2019/08/22 20:50:00",HALLWF1,6.43
D,DISPATCH,UNIT_SCADA,1,"2019/08/22 20:50:00",HALLWF2,4.02
D,DISPATCH,UNIT_SCADA,1,"2019/08/22 20:50:00",HAMISF1,0
D,DISPATCH,UNIT_SCADA,1,"2019/08/22 20:50:00",HAUGHT11,0
D,DISPATCH,UNIT_SCADA,1,"2019/08/22 20:50:00",HAYMSF1,0
D,DISPATCH,UNIT_SCADA,1,"2019/08/22 20:50:00",HDWF1,20.30
D,DISPATCH,UNIT_SCADA,1,"2019/08/22 20:50:00",HDWF2,6.50
D,DISPATCH,UNIT_SCADA,1,"2019/08/22 20:50:00",HDWF3,8.60
D,DISPATCH,UNIT_SCADA,1,"2019/08/22 20:50:00",HPRG1,0.60
D,DISPATCH,UNIT_SCADA,1,"2019/08/22 20:50:00",HPRL1,0
D,DISPATCH,UNIT_SCADA,1,"2019/08/22 20:50:00",HUMENSW,0
D,DISPATCH,UNIT_SCADA,1,"2019/08/22 20:50:00",HUMEV,9.10
D,DISPATCH,UNIT_SCADA,1,"2019/08/22 20:50:00",HVGTS,0
D,DISPATCH,UNIT_SCADA,1,"2019/08/22 20:50:00",JBUTTERS,139.34
D,DISPATCH,UNIT_SCADA,1,"2019/08/22 20:50:00",JLA01,0.10
D,DISPATCH,UNIT_SCADA,1,"2019/08/22 20:50:00",JLA02,0
D,DISPATCH,UNIT_SCADA,1,"2019/08/22 20:50:00",JLA03,0.10
D,DISPATCH,UNIT_SCADA,1,"2019/08/22 20:50:00",JLA04,0.10
D,DISPATCH,UNIT_SCADA,1,"2019/08/22 20:50:00",JLB01,0
D,DISPATCH,UNIT_SCADA,1,"2019/08/22 20:50:00",JLB02,83.30
D,DISPATCH,UNIT_SCADA,1,"2019/08/22 20:50:00",JLB03,83.60
D,DISPATCH,UNIT_SCADA,1,"2019/08/22 20:50:00",KAREEYA1,21.4550
D,DISPATCH,UNIT_SCADA,1,"2019/08/22 20:50:00",KAREEYA2,21.6025
D,DISPATCH,UNIT_SCADA,1,"2019/08/22 20:50:00",KAREEYA3,0
D,DISPATCH,UNIT_SCADA,1,"2019/08/22 20:50:00",KAREEYA4,21.6825
D,DISPATCH,UNIT_SCADA,1,"2019/08/22 20:50:00",KARSF1,0
D,DISPATCH,UNIT_SCADA,1,"2019/08/22 20:50:00",KIATAWF1,9.90
D,DISPATCH,UNIT_SCADA,1,"2019/08/22 20:50:00",KPP_1,0
D,DISPATCH,UNIT_SCADA,1,"2019/08/22 20:50:00",KSP1,0
D,DISPATCH,UNIT_SCADA,1,"2019/08/22 20:50:00",LADBROK1,42.83
D,DISPATCH,UNIT_SCADA,1,"2019/08/22 20:50:00",LADBROK2,43.02
D,DISPATCH,UNIT_SCADA,1,"2019/08/22 20:50:00",LD01,419.606320
D,DISPATCH,UNIT_SCADA,1,"2019/08/22 20:50:00",LD02,421.143680
D,DISPATCH,UNIT_SCADA,1,"2019/08/22 20:50:00",LD03,417.993710
D,DISPATCH,UNIT_SCADA,1,"2019/08/22 20:50:00",LD04,380.118710
D,DISPATCH,UNIT_SCADA,1,"2019/08/22 20:50:00",LEM_WIL,86.0564
D,DISPATCH,UNIT_SCADA,1,"2019/08/22 20:50:00",LGAPWF1,12.45
D,DISPATCH,UNIT_SCADA,1,"2019/08/22 20:50:00",LILYSF1,0
D,DISPATCH,UNIT_SCADA,1,"2019/08/22 20:50:00",LI_WY_CA,148.600880
D,DISPATCH,UNIT_SCADA,1,"2019/08/22 20:50:00",LKBONNY2,-0.994460
D,DISPATCH,UNIT_SCADA,1,"2019/08/22 20:50:00",LKBONNY3,0.167470
D,DISPATCH,UNIT_SCADA,1,"2019/08/22 20:50:00",LK_ECHO,0
D,DISPATCH,UNIT_SCADA,1,"2019/08/22 20:50:00",LNGS1,0
D,DISPATCH,UNIT_SCADA,1,"2019/08/22 20:50:00",LNGS2,0
D,DISPATCH,UNIT_SCADA,1,"2019/08/22 20:50:00",LONSDALE,0
D,DISPATCH,UNIT_SCADA,1,"2019/08/22 20:50:00",LOYYB1,536.088620
D,DISPATCH,UNIT_SCADA,1,"2019/08/22 20:50:00",LOYYB2,578.946840
D,DISPATCH,UNIT_SCADA,1,"2019/08/22 20:50:00",LYA1,560
D,DISPATCH,UNIT_SCADA,1,"2019/08/22 20:50:00",LYA2,0
D,DISPATCH,UNIT_SCADA,1,"2019/08/22 20:50:00",LYA3,559
D,DISPATCH,UNIT_SCADA,1,"2019/08/22 20:50:00",LYA4,541
D,DISPATCH,UNIT_SCADA,1,"2019/08/22 20:50:00",MACARTH1,0
D,DISPATCH,UNIT_SCADA,1,"2019/08/22 20:50:00",MACKAYGT,0
D,DISPATCH,UNIT_SCADA,1,"2019/08/22 20:50:00",MACKNTSH,86.34
D,DISPATCH,UNIT_SCADA,1,"2019/08/22 20:50:00",MANSLR1,0
D,DISPATCH,UNIT_SCADA,1,"2019/08/22 20:50:00",MCKAY1,159.1550
D,DISPATCH,UNIT_SCADA,1,"2019/08/22 20:50:00",MEADOWBK,33.810140
D,DISPATCH,UNIT_SCADA,1,"2019/08/22 20:50:00",MERCER01,9.0170
D,DISPATCH,UNIT_SCADA,1,"2019/08/22 20:50:00",MEWF1,0.106020
D,DISPATCH,UNIT_SCADA,1,"2019/08/22 20:50:00",MINTARO,0
D,DISPATCH,UNIT_SCADA,1,"2019/08/22 20:50:00",MOREESF1,0
D,DISPATCH,UNIT_SCADA,1,"2019/08/22 20:50:00",MORTLK11,124
D,DISPATCH,UNIT_SCADA,1,"2019/08/22 20:50:00",MORTLK12,0
D,DISPATCH,UNIT_SCADA,1,"2019/08/22 20:50:00",MP1,281.25
D,DISPATCH,UNIT_SCADA,1,"2019/08/22 20:50:00",MP2,0
D,DISPATCH,UNIT_SCADA,1,"2019/08/22 20:50:00",MPP_1,409.75
D,DISPATCH,UNIT_SCADA,1,"2019/08/22 20:50:00",MPP_2,420.50
D,DISPATCH,UNIT_SCADA,1,"2019/08/22 20:50:00",MSTUART1,0
D,DISPATCH,UNIT_SCADA,1,"2019/08/22 20:50:00",MSTUART2,0
D,DISPATCH,UNIT_SCADA,1,"2019/08/22 20:50:00",MSTUART3,0
D,DISPATCH,UNIT_SCADA,1,"2019/08/22 20:50:00",MTGELWF1,1.063570
D,DISPATCH,UNIT_SCADA,1,"2019/08/22 20:50:00",MURRAY,770.0155
D,DISPATCH,UNIT_SCADA,1,"2019/08/22 20:50:00",MUSSELR1,10.30
D,DISPATCH,UNIT_SCADA,1,"2019/08/22 20:50:00",MUWAWF1,8.05
D,DISPATCH,UNIT_SCADA,1,"2019/08/22 20:50:00",NBHWF1,6.30
D,DISPATCH,UNIT_SCADA,1,"2019/08/22 20:50:00",NPS,511.8750
D,DISPATCH,UNIT_SCADA,1,"2019/08/22 20:50:00",NUMURSF1,0
D,DISPATCH,UNIT_SCADA,1,"2019/08/22 20:50:00",NYNGAN1,0
D,DISPATCH,UNIT_SCADA,1,"2019/08/22 20:50:00",OAKEY1,0
D,DISPATCH,UNIT_SCADA,1,"2019/08/22 20:50:00",OAKEY1SF,0.02
D,DISPATCH,UNIT_SCADA,1,"2019/08/22 20:50:00",OAKEY2,0
D,DISPATCH,UNIT_SCADA,1,"2019/08/22 20:50:00",OAKLAND1,6.30
D,DISPATCH,UNIT_SCADA,1,"2019/08/22 20:50:00",OSB-AG,183.100010
D,DISPATCH,UNIT_SCADA,1,"2019/08/22 20:50:00",PARSF1,0
D,DISPATCH,UNIT_SCADA,1,"2019/08/22 20:50:00",POAT110,21.221760
D,DISPATCH,UNIT_SCADA,1,"2019/08/22 20:50:00",POAT220,114.003280
D,DISPATCH,UNIT_SCADA,1,"2019/08/22 20:50:00",POR01,0
D,DISPATCH,UNIT_SCADA,1,"2019/08/22 20:50:00",POR03,0
D,DISPATCH,UNIT_SCADA,1,"2019/08/22 20:50:00",PPCCGT,492.998050
D,DISPATCH,UNIT_SCADA,1,"2019/08/22 20:50:00",PTSTAN1,0
D,DISPATCH,UNIT_SCADA,1,"2019/08/22 20:50:00",PUMP1,0
D,DISPATCH,UNIT_SCADA,1,"2019/08/22 20:50:00",PUMP2,0
D,DISPATCH,UNIT_SCADA,1,"2019/08/22 20:50:00",QPS1,29.10
D,DISPATCH,UNIT_SCADA,1,"2019/08/22 20:50:00",QPS2,0
D,DISPATCH,UNIT_SCADA,1,"2019/08/22 20:50:00",QPS3,0
D,DISPATCH,UNIT_SCADA,1,"2019/08/22 20:50:00",QPS4,0
D,DISPATCH,UNIT_SCADA,1,"2019/08/22 20:50:00",QPS5,126
D,DISPATCH,UNIT_SCADA,1,"2019/08/22 20:50:00",REECE1,118.330010
D,DISPATCH,UNIT_SCADA,1,"2019/08/22 20:50:00",REECE2,118.520010
D,DISPATCH,UNIT_SCADA,1,"2019/08/22 20:50:00",ROMA_7,0
D,DISPATCH,UNIT_SCADA,1,"2019/08/22 20:50:00",ROMA_8,0
D,DISPATCH,UNIT_SCADA,1,"2019/08/22 20:50:00",RRSF1,0
D,DISPATCH,UNIT_SCADA,1,"2019/08/22 20:50:00",RT_NSW1,0
D,DISPATCH,UNIT_SCADA,1,"2019/08/22 20:50:00",RT_NSW2,0
D,DISPATCH,UNIT_SCADA,1,"2019/08/22 20:50:00",RT_NSW3,0
D,DISPATCH,UNIT_SCADA,1,"2019/08/22 20:50:00",RT_NSW4,0
D,DISPATCH,UNIT_SCADA,1,"2019/08/22 20:50:00",RT_NSW5,0
D,DISPATCH,UNIT_SCADA,1,"2019/08/22 20:50:00",RT_NSW6,0
D,DISPATCH,UNIT_SCADA,1,"2019/08/22 20:50:00",RT_QLD1,0
D,DISPATCH,UNIT_SCADA,1,"2019/08/22 20:50:00",RT_SA1,0
D,DISPATCH,UNIT_SCADA,1,"2019/08/22 20:50:00",RT_SA2,0
D,DISPATCH,UNIT_SCADA,1,"2019/08/22 20:50:00",RT_SA3,0
D,DISPATCH,UNIT_SCADA,1,"2019/08/22 20:50:00",RT_SA4,0
D,DISPATCH,UNIT_SCADA,1,"2019/08/22 20:50:00",RT_SA5,0
D,DISPATCH,UNIT_SCADA,1,"2019/08/22 20:50:00",RT_SA6,0
D,DISPATCH,UNIT_SCADA,1,"2019/08/22 20:50:00",RT_TAS1,0
D,DISPATCH,UNIT_SCADA,1,"2019/08/22 20:50:00",RT_VIC1,0
D,DISPATCH,UNIT_SCADA,1,"2019/08/22 20:50:00",RT_VIC10,0
D,DISPATCH,UNIT_SCADA,1,"2019/08/22 20:50:00",RT_VIC11,0
D,DISPATCH,UNIT_SCADA,1,"2019/08/22 20:50:00",RT_VIC12,0
D,DISPATCH,UNIT_SCADA,1,"2019/08/22 20:50:00",RT_VIC2,0
D,DISPATCH,UNIT_SCADA,1,"2019/08/22 20:50:00",RT_VIC3,0
D,DISPATCH,UNIT_SCADA,1,"2019/08/22 20:50:00",RT_VIC4,0
D,DISPATCH,UNIT_SCADA,1,"2019/08/22 20:50:00",RT_VIC5,0
D,DISPATCH,UNIT_SCADA,1,"2019/08/22 20:50:00",RT_VIC6,0
D,DISPATCH,UNIT_SCADA,1,"2019/08/22 20:50:00",RT_VIC7,0
D,DISPATCH,UNIT_SCADA,1,"2019/08/22 20:50:00",RT_VIC8,0
D,DISPATCH,UNIT_SCADA,1,"2019/08/22 20:50:00",RT_VIC9,0
D,DISPATCH,UNIT_SCADA,1,"2019/08/22 20:50:00",RUGBYR1,0
D,DISPATCH,UNIT_SCADA,1,"2019/08/22 20:50:00",SALTCRK1,-0.30
D,DISPATCH,UNIT_SCADA,1,"2019/08/22 20:50:00",SAPHWF1,75.834380
D,DISPATCH,UNIT_SCADA,1,"2019/08/22 20:50:00",SHGEN,200.505340
D,DISPATCH,UNIT_SCADA,1,"2019/08/22 20:50:00",SHPUMP,0
D,DISPATCH,UNIT_SCADA,1,"2019/08/22 20:50:00",SITHE01,0.194050
D,DISPATCH,UNIT_SCADA,1,"2019/08/22 20:50:00",SMCSF1,0
D,DISPATCH,UNIT_SCADA,1,"2019/08/22 20:50:00",SNOWNTH1,4
D,DISPATCH,UNIT_SCADA,1,"2019/08/22 20:50:00",SNOWSTH1,10
D,DISPATCH,UNIT_SCADA,1,"2019/08/22 20:50:00",SNOWTWN1,3.690190
D,DISPATCH,UNIT_SCADA,1,"2019/08/22 20:50:00",SNOWYP,0
D,DISPATCH,UNIT_SCADA,1,"2019/08/22 20:50:00",SNUG1,0.019440
D,DISPATCH,UNIT_SCADA,1,"2019/08/22 20:50:00",SRSF1,0.43
D,DISPATCH,UNIT_SCADA,1,"2019/08/22 20:50:00",STAN-1,0
D,DISPATCH,UNIT_SCADA,1,"2019/08/22 20:50:00",STAN-2,358.270320
D,DISPATCH,UNIT_SCADA,1,"2019/08/22 20:50:00",STAN-3,357.257720
D,DISPATCH,UNIT_SCADA,1,"2019/08/22 20:50:00",STAN-4,364.294710
D,DISPATCH,UNIT_SCADA,1,"2019/08/22 20:50:00",STWF1,139.241260
D,DISPATCH,UNIT_SCADA,1,"2019/08/22 20:50:00",SWAN_E,0
D,DISPATCH,UNIT_SCADA,1,"2019/08/22 20:50:00",TALWA1,424
D,DISPATCH,UNIT_SCADA,1,"2019/08/22 20:50:00",TARALGA1,11.257510
D,DISPATCH,UNIT_SCADA,1,"2019/08/22 20:50:00",TARONG#1,349.100010
D,DISPATCH,UNIT_SCADA,1,"2019/08/22 20:50:00",TARONG#2,349
D,DISPATCH,UNIT_SCADA,1,"2019/08/22 20:50:00",TARONG#3,260.600010
D,DISPATCH,UNIT_SCADA,1,"2019/08/22 20:50:00",TARONG#4,349.50
D,DISPATCH,UNIT_SCADA,1,"2019/08/22 20:50:00",TARRALEA,83.80
D,DISPATCH,UNIT_SCADA,1,"2019/08/22 20:50:00",TBSF1,-0.20
D,DISPATCH,UNIT_SCADA,1,"2019/08/22 20:50:00",TNPS1,442.300020
D,DISPATCH,UNIT_SCADA,1,"2019/08/22 20:50:00",TORRA1,118.374280
D,DISPATCH,UNIT_SCADA,1,"2019/08/22 20:50:00",TORRA2,0
D,DISPATCH,UNIT_SCADA,1,"2019/08/22 20:50:00",TORRA3,44.216460
D,DISPATCH,UNIT_SCADA,1,"2019/08/22 20:50:00",TORRA4,108.229930
D,DISPATCH,UNIT_SCADA,1,"2019/08/22 20:50:00",TORRB1,126.50
D,DISPATCH,UNIT_SCADA,1,"2019/08/22 20:50:00",TORRB2,192.92
D,DISPATCH,UNIT_SCADA,1,"2019/08/22 20:50:00",TORRB3,0
D,DISPATCH,UNIT_SCADA,1,"2019/08/22 20:50:00",TORRB4,0
D,DISPATCH,UNIT_SCADA,1,"2019/08/22 20:50:00",TREVALLN,88.130040
D,DISPATCH,UNIT_SCADA,1,"2019/08/22 20:50:00",TRIBUTE,84.60
D,DISPATCH,UNIT_SCADA,1,"2019/08/22 20:50:00",TUMUT3,0
D,DISPATCH,UNIT_SCADA,1,"2019/08/22 20:50:00",TUNGATIN,139.450030
D,DISPATCH,UNIT_SCADA,1,"2019/08/22 20:50:00",TVCC201,0
D,DISPATCH,UNIT_SCADA,1,"2019/08/22 20:50:00",TVPP104,57.728880
D,DISPATCH,UNIT_SCADA,1,"2019/08/22 20:50:00",UPPTUMUT,273.154330
D,DISPATCH,UNIT_SCADA,1,"2019/08/22 20:50:00",URANQ11,0
D,DISPATCH,UNIT_SCADA,1,"2019/08/22 20:50:00",URANQ12,0
D,DISPATCH,UNIT_SCADA,1,"2019/08/22 20:50:00",URANQ13,0
D,DISPATCH,UNIT_SCADA,1,"2019/08/22 20:50:00",URANQ14,0
D,DISPATCH,UNIT_SCADA,1,"2019/08/22 20:50:00",VP5,633.3750
D,DISPATCH,UNIT_SCADA,1,"2019/08/22 20:50:00",VP6,628.074950
D,DISPATCH,UNIT_SCADA,1,"2019/08/22 20:50:00",VPGS1,0
D,DISPATCH,UNIT_SCADA,1,"2019/08/22 20:50:00",VPGS2,0
D,DISPATCH,UNIT_SCADA,1,"2019/08/22 20:50:00",VPGS3,0
D,DISPATCH,UNIT_SCADA,1,"2019/08/22 20:50:00",VPGS4,0
D,DISPATCH,UNIT_SCADA,1,"2019/08/22 20:50:00",VPGS5,0
D,DISPATCH,UNIT_SCADA,1,"2019/08/22 20:50:00",VPGS6,0
D,DISPATCH,UNIT_SCADA,1,"2019/08/22 20:50:00",W/HOE#1,0
D,DISPATCH,UNIT_SCADA,1,"2019/08/22 20:50:00",W/HOE#2,0
D,DISPATCH,UNIT_SCADA,1,"2019/08/22 20:50:00",WATERLWF,-0.50
D,DISPATCH,UNIT_SCADA,1,"2019/08/22 20:50:00",WEMENSF1,0
D,DISPATCH,UNIT_SCADA,1,"2019/08/22 20:50:00",WGWF1,7.60
D,DISPATCH,UNIT_SCADA,1,"2019/08/22 20:50:00",WHITSF1,0
D,DISPATCH,UNIT_SCADA,1,"2019/08/22 20:50:00",WKIEWA1,31.90
D,DISPATCH,UNIT_SCADA,1,"2019/08/22 20:50:00",WKIEWA2,31.90
D,DISPATCH,UNIT_SCADA,1,"2019/08/22 20:50:00",WOODLWN1,16.119020
D,DISPATCH,UNIT_SCADA,1,"2019/08/22 20:50:00",WRSF1,0
D,DISPATCH,UNIT_SCADA,1,"2019/08/22 20:50:00",WRWF1,25.071240
D,DISPATCH,UNIT_SCADA,1,"2019/08/22 20:50:00",YABULU,0
D,DISPATCH,UNIT_SCADA,1,"2019/08/22 20:50:00",YABULU2,0
D,DISPATCH,UNIT_SCADA,1,"2019/08/22 20:50:00",YARWUN_1,0
D,DISPATCH,UNIT_SCADA,1,"2019/08/22 20:50:00",YENDWF1,9.84
D,DISPATCH,UNIT_SCADA,1,"2019/08/22 20:50:00",YWPS1,368.921510
D,DISPATCH,UNIT_SCADA,1,"2019/08/22 20:50:00",YWPS2,279.6962
D,DISPATCH,UNIT_SCADA,1,"2019/08/22 20:50:00",YWPS3,0
D,DISPATCH,UNIT_SCADA,1,"2019/08/22 20:50:00",YWPS4,396.084810
C,"END OF REPORT",334
