C,NEMP.WORLD,DISPATCHSCADA,AEMO,PUBLIC,2019/08/21,01:50:09,0000000311808029,DISPATCHSCADA,0000000311808023
I,DISPATCH,UNIT_SCADA,1,SETTLEMENTDATE,DUID,SCADAVALUE
D,DISPATCH,UNIT_SCADA,1,"2019/08/21 01:55:00",BARCSF1,0.50
D,DISPATCH,UNIT_SCADA,1,"2019/08/21 01:55:00",BUTLERSG,9.699999
D,DISPATCH,UNIT_SCADA,1,"2019/08/21 01:55:00",CALL_A_4,0
D,DISPATCH,UNIT_SCADA,1,"2019/08/21 01:55:00",CAPTL_WF,131.332001
D,DISPATCH,UNIT_SCADA,1,"2019/08/21 01:55:00",CATHROCK,41.979996
D,DISPATCH,UNIT_SCADA,1,"2019/08/21 01:55:00",CHALLHWF,26.50
D,DISPATCH,UNIT_SCADA,1,"2019/08/21 01:55:00",CLOVER,-0.01
D,DISPATCH,UNIT_SCADA,1,"2019/08/21 01:55:00",CLUNY,20.811626
D,DISPATCH,UNIT_SCADA,1,"2019/08/21 01:55:00",CNUNDAWF,41.448349
D,DISPATCH,UNIT_SCADA,1,"2019/08/21 01:55:00",CULLRGWF,30.379999
D,DISPATCH,UNIT_SCADA,1,"2019/08/21 01:55:00",ERGT01,0
D,DISPATCH,UNIT_SCADA,1,"2019/08/21 01:55:00",GB01,0.064728
D,DISPATCH,UNIT_SCADA,1,"2019/08/21 01:55:00",GERMCRK,36.900002
D,DISPATCH,UNIT_SCADA,1,"2019/08/21 01:55:00",GRIFSF1,0
D,DISPATCH,UNIT_SCADA,1,"2019/08/21 01:55:00",HUGSF1,-0.2040
D,DISPATCH,UNIT_SCADA,1,"2019/08/21 01:55:00",LKBONNY1,75.198486
D,DISPATCH,UNIT_SCADA,1,"2019/08/21 01:55:00",LRSF1,0.0290
D,DISPATCH,UNIT_SCADA,1,"2019/08/21 01:55:00",MBAHNTH,55.724991
D,DISPATCH,UNIT_SCADA,1,"2019/08/21 01:55:00",MLSP1,0.283001
D,DISPATCH,UNIT_SCADA,1,"2019/08/21 01:55:00",MLWF1,19.74
D,DISPATCH,UNIT_SCADA,1,"2019/08/21 01:55:00",MTMILLAR,18.365156
D,DISPATCH,UNIT_SCADA,1,"2019/08/21 01:55:00",PALOONA,25.73
D,DISPATCH,UNIT_SCADA,1,"2019/08/21 01:55:00",PIONEER,27.300001
D,DISPATCH,UNIT_SCADA,1,"2019/08/21 01:55:00",PORTWF,135.699997
D,DISPATCH,UNIT_SCADA,1,"2019/08/21 01:55:00",REPULSE,28.536201
D,DISPATCH,UNIT_SCADA,1,"2019/08/21 01:55:00",ROWALLAN,10.2240
D,DISPATCH,UNIT_SCADA,1,"2019/08/21 01:55:00",ROYALLA1,0
D,DISPATCH,UNIT_SCADA,1,"2019/08/21 01:55:00",RPCG,12.30
D,DISPATCH,UNIT_SCADA,1,"2019/08/21 01:55:00",RUBICON,0
D,DISPATCH,UNIT_SCADA,1,"2019/08/21 01:55:00",SATGN1,0
D,DISPATCH,UNIT_SCADA,1,"2019/08/21 01:55:00",SATGS1,0
D,DISPATCH,UNIT_SCADA,1,"2019/08/21 01:55:00",STARHLWF,19.194403
D,DISPATCH,UNIT_SCADA,1,"2019/08/21 01:55:00",WAUBRAWF,169.233994
D,DISPATCH,UNIT_SCADA,1,"2019/08/21 01:55:00",WOOLNTH1,86.330025
D,DISPATCH,UNIT_SCADA,1,"2019/08/21 01:55:00",WPWF,47
D,DISPATCH,UNIT_SCADA,1,"2019/08/21 01:55:00",YAMBUKWF,29.40
D,DISPATCH,UNIT_SCADA,1,"2019/08/21 01:55:00",YSWF1,28.40
D,DISPATCH,UNIT_SCADA,1,"2019/08/21 01:55:00",AGLHAL,0
D,DISPATCH,UNIT_SCADA,1,"2019/08/21 01:55:00",AGLSOM,0
D,DISPATCH,UNIT_SCADA,1,"2019/08/21 01:55:00",ANGAST1,0
D,DISPATCH,UNIT_SCADA,1,"2019/08/21 01:55:00",ARWF1,33.60
D,DISPATCH,UNIT_SCADA,1,"2019/08/21 01:55:00",BALBG1,0
D,DISPATCH,UNIT_SCADA,1,"2019/08/21 01:55:00",BALBL1,0
D,DISPATCH,UNIT_SCADA,1,"2019/08/21 01:55:00",BALDHWF1,101.276990
D,DISPATCH,UNIT_SCADA,1,"2019/08/21 01:55:00",BANN1,0
D,DISPATCH,UNIT_SCADA,1,"2019/08/21 01:55:00",BARCALDN,0
D,DISPATCH,UNIT_SCADA,1,"2019/08/21 01:55:00",BARRON-1,0
D,DISPATCH,UNIT_SCADA,1,"2019/08/21 01:55:00",BARRON-2,0
D,DISPATCH,UNIT_SCADA,1,"2019/08/21 01:55:00",BASTYAN,80.180010
D,DISPATCH,UNIT_SCADA,1,"2019/08/21 01:55:00",BBTHREE1,-1.99
D,DISPATCH,UNIT_SCADA,1,"2019/08/21 01:55:00",BBTHREE2,-1.98
D,DISPATCH,UNIT_SCADA,1,"2019/08/21 01:55:00",BBTHREE3,-1.10
D,DISPATCH,UNIT_SCADA,1,"2019/08/21 01:55:00",BDL01,0
D,DISPATCH,UNIT_SCADA,1,"2019/08/21 01:55:00",BDL02,0
D,DISPATCH,UNIT_SCADA,1,"2019/08/21 01:55:00",BERYLSF1,0
D,DISPATCH,UNIT_SCADA,1,"2019/08/21 01:55:00",BLOWERNG,0
D,DISPATCH,UNIT_SCADA,1,"2019/08/21 01:55:00",BLUFF1,44
D,DISPATCH,UNIT_SCADA,1,"2019/08/21 01:55:00",BNGSF1,0
D,DISPATCH,UNIT_SCADA,1,"2019/08/21 01:55:00",BNGSF2,0
D,DISPATCH,UNIT_SCADA,1,"2019/08/21 01:55:00",BOCORWF1,111.10
D,DISPATCH,UNIT_SCADA,1,"2019/08/21 01:55:00",BODWF1,77.078010
D,DISPATCH,UNIT_SCADA,1,"2019/08/21 01:55:00",BRAEMAR1,0
D,DISPATCH,UNIT_SCADA,1,"2019/08/21 01:55:00",BRAEMAR2,0
D,DISPATCH,UNIT_SCADA,1,"2019/08/21 01:55:00",BRAEMAR3,0
D,DISPATCH,UNIT_SCADA,1,"2019/08/21 01:55:00",BRAEMAR5,0
D,DISPATCH,UNIT_SCADA,1,"2019/08/21 01:55:00",BRAEMAR6,0
D,DISPATCH,UNIT_SCADA,1,"2019/08/21 01:55:00",BRAEMAR7,0
D,DISPATCH,UNIT_SCADA,1,"2019/08/21 01:55:00",BROKENH1,0
D,DISPATCH,UNIT_SCADA,1,"2019/08/21 01:55:00",BW01,490.300050
D,DISPATCH,UNIT_SCADA,1,"2019/08/21 01:55:00",BW02,615.174930
D,DISPATCH,UNIT_SCADA,1,"2019/08/21 01:55:00",BW03,551.1250
D,DISPATCH,UNIT_SCADA,1,"2019/08/21 01:55:00",BW04,0
D,DISPATCH,UNIT_SCADA,1,"2019/08/21 01:55:00",CALL_B_1,349.800020
D,DISPATCH,UNIT_SCADA,1,"2019/08/21 01:55:00",CALL_B_2,297.800020
D,DISPATCH,UNIT_SCADA,1,"2019/08/21 01:55:00",CETHANA,97.9450
D,DISPATCH,UNIT_SCADA,1,"2019/08/21 01:55:00",CG1,0
D,DISPATCH,UNIT_SCADA,1,"2019/08/21 01:55:00",CG2,0
D,DISPATCH,UNIT_SCADA,1,"2019/08/21 01:55:00",CG3,0
D,DISPATCH,UNIT_SCADA,1,"2019/08/21 01:55:00",CG4,0
D,DISPATCH,UNIT_SCADA,1,"2019/08/21 01:55:00",CHILDSF1,0
D,DISPATCH,UNIT_SCADA,1,"2019/08/21 01:55:00",CLARESF1,0
D,DISPATCH,UNIT_SCADA,1,"2019/08/21 01:55:00",CLEMGPWF,14.262930
D,DISPATCH,UNIT_SCADA,1,"2019/08/21 01:55:00",CLERMSF1,0
D,DISPATCH,UNIT_SCADA,1,"2019/08/21 01:55:00",COLEASF1,0
D,DISPATCH,UNIT_SCADA,1,"2019/08/21 01:55:00",COOPGWF1,47.537740
D,DISPATCH,UNIT_SCADA,1,"2019/08/21 01:55:00",CPP_3,405.899990
D,DISPATCH,UNIT_SCADA,1,"2019/08/21 01:55:00",CPP_4,407
D,DISPATCH,UNIT_SCADA,1,"2019/08/21 01:55:00",CPSA,142.429380
D,DISPATCH,UNIT_SCADA,1,"2019/08/21 01:55:00",CROOKWF2,90.4650
D,DISPATCH,UNIT_SCADA,1,"2019/08/21 01:55:00",CROWLWF1,54.849540
D,DISPATCH,UNIT_SCADA,1,"2019/08/21 01:55:00",CSPVPS1,0
D,DISPATCH,UNIT_SCADA,1,"2019/08/21 01:55:00",DALNTH01,0.099180
D,DISPATCH,UNIT_SCADA,1,"2019/08/21 01:55:00",DALNTHL1,0
D,DISPATCH,UNIT_SCADA,1,"2019/08/21 01:55:00",DARTM1,0
D,DISPATCH,UNIT_SCADA,1,"2019/08/21 01:55:00",DAYDSF1,0
D,DISPATCH,UNIT_SCADA,1,"2019/08/21 01:55:00",DDPS1,0
D,DISPATCH,UNIT_SCADA,1,"2019/08/21 01:55:00",DDSF1,0
D,DISPATCH,UNIT_SCADA,1,"2019/08/21 01:55:00",DEVILS_G,60.297250
D,DISPATCH,UNIT_SCADA,1,"2019/08/21 01:55:00",DG_NSW1,0
D,DISPATCH,UNIT_SCADA,1,"2019/08/21 01:55:00",DG_QLD1,0
D,DISPATCH,UNIT_SCADA,1,"2019/08/21 01:55:00",DG_SA1,0
D,DISPATCH,UNIT_SCADA,1,"2019/08/21 01:55:00",DG_TAS1,0
D,DISPATCH,UNIT_SCADA,1,"2019/08/21 01:55:00",DG_VIC1,0
D,DISPATCH,UNIT_SCADA,1,"2019/08/21 01:55:00",DRYCGT1,0
D,DISPATCH,UNIT_SCADA,1,"2019/08/21 01:55:00",DRYCGT2,0
D,DISPATCH,UNIT_SCADA,1,"2019/08/21 01:55:00",DRYCGT3,0
D,DISPATCH,UNIT_SCADA,1,"2019/08/21 01:55:00",EILDON1,0
D,DISPATCH,UNIT_SCADA,1,"2019/08/21 01:55:00",EILDON2,0
D,DISPATCH,UNIT_SCADA,1,"2019/08/21 01:55:00",EMERASF1,0
D,DISPATCH,UNIT_SCADA,1,"2019/08/21 01:55:00",ER01,493.349980
D,DISPATCH,UNIT_SCADA,1,"2019/08/21 01:55:00",ER02,352.724980
D,DISPATCH,UNIT_SCADA,1,"2019/08/21 01:55:00",ER03,379.825070
D,DISPATCH,UNIT_SCADA,1,"2019/08/21 01:55:00",ER04,491.699950
D,DISPATCH,UNIT_SCADA,1,"2019/08/21 01:55:00",FINLYSF1,0
D,DISPATCH,UNIT_SCADA,1,"2019/08/21 01:55:00",FISHER,45.91
D,DISPATCH,UNIT_SCADA,1,"2019/08/21 01:55:00",GANNBG1,0
D,DISPATCH,UNIT_SCADA,1,"2019/08/21 01:55:00",GANNBL1,10.008630
D,DISPATCH,UNIT_SCADA,1,"2019/08/21 01:55:00",GANNSF1,0
D,DISPATCH,UNIT_SCADA,1,"2019/08/21 01:55:00",GORDON,0
D,DISPATCH,UNIT_SCADA,1,"2019/08/21 01:55:00",GSTONE1,135.80
D,DISPATCH,UNIT_SCADA,1,"2019/08/21 01:55:00",GSTONE2,130.55
D,DISPATCH,UNIT_SCADA,1,"2019/08/21 01:55:00",GSTONE3,133.70
D,DISPATCH,UNIT_SCADA,1,"2019/08/21 01:55:00",GSTONE4,133.8750
D,DISPATCH,UNIT_SCADA,1,"2019/08/21 01:55:00",GSTONE5,135.974990
D,DISPATCH,UNIT_SCADA,1,"2019/08/21 01:55:00",GSTONE6,0
D,DISPATCH,UNIT_SCADA,1,"2019/08/21 01:55:00",GULLRSF1,0
D,DISPATCH,UNIT_SCADA,1,"2019/08/21 01:55:00",GULLRWF1,160.732450
D,DISPATCH,UNIT_SCADA,1,"2019/08/21 01:55:00",GUNNING1,46.480960
D,DISPATCH,UNIT_SCADA,1,"2019/08/21 01:55:00",GUTHEGA,0
D,DISPATCH,UNIT_SCADA,1,"2019/08/21 01:55:00",HALLWF1,77.05
D,DISPATCH,UNIT_SCADA,1,"2019/08/21 01:55:00",HALLWF2,57
D,DISPATCH,UNIT_SCADA,1,"2019/08/21 01:55:00",HAMISF1,0
D,DISPATCH,UNIT_SCADA,1,"2019/08/21 01:55:00",HAUGHT11,0
D,DISPATCH,UNIT_SCADA,1,"2019/08/21 01:55:00",HAYMSF1,0
D,DISPATCH,UNIT_SCADA,1,"2019/08/21 01:55:00",HDWF1,82.60
D,DISPATCH,UNIT_SCADA,1,"2019/08/21 01:55:00",HDWF2,78.10
D,DISPATCH,UNIT_SCADA,1,"2019/08/21 01:55:00",HDWF3,87.30
D,DISPATCH,UNIT_SCADA,1,"2019/08/21 01:55:00",HPRG1,0
D,DISPATCH,UNIT_SCADA,1,"2019/08/21 01:55:00",HPRL1,0.40
D,DISPATCH,UNIT_SCADA,1,"2019/08/21 01:55:00",HUMENSW,0
D,DISPATCH,UNIT_SCADA,1,"2019/08/21 01:55:00",HUMEV,9.80
D,DISPATCH,UNIT_SCADA,1,"2019/08/21 01:55:00",HVGTS,0
D,DISPATCH,UNIT_SCADA,1,"2019/08/21 01:55:00",JBUTTERS,13.33
D,DISPATCH,UNIT_SCADA,1,"2019/08/21 01:55:00",JLA01,0.50
D,DISPATCH,UNIT_SCADA,1,"2019/08/21 01:55:00",JLA02,0
D,DISPATCH,UNIT_SCADA,1,"2019/08/21 01:55:00",JLA03,0.10
D,DISPATCH,UNIT_SCADA,1,"2019/08/21 01:55:00",JLA04,0.10
D,DISPATCH,UNIT_SCADA,1,"2019/08/21 01:55:00",JLB01,0
D,DISPATCH,UNIT_SCADA,1,"2019/08/21 01:55:00",JLB02,0.10
D,DISPATCH,UNIT_SCADA,1,"2019/08/21 01:55:00",JLB03,0
D,DISPATCH,UNIT_SCADA,1,"2019/08/21 01:55:00",KAREEYA1,21.5775
D,DISPATCH,UNIT_SCADA,1,"2019/08/21 01:55:00",KAREEYA2,21.7525
D,DISPATCH,UNIT_SCADA,1,"2019/08/21 01:55:00",KAREEYA3,0
D,DISPATCH,UNIT_SCADA,1,"2019/08/21 01:55:00",KAREEYA4,21.7050
D,DISPATCH,UNIT_SCADA,1,"2019/08/21 01:55:00",KARSF1,0
D,DISPATCH,UNIT_SCADA,1,"2019/08/21 01:55:00",KIATAWF1,30.20
D,DISPATCH,UNIT_SCADA,1,"2019/08/21 01:55:00",KPP_1,0
D,DISPATCH,UNIT_SCADA,1,"2019/08/21 01:55:00",KSP1,0
D,DISPATCH,UNIT_SCADA,1,"2019/08/21 01:55:00",LADBROK1,0
D,DISPATCH,UNIT_SCADA,1,"2019/08/21 01:55:00",LADBROK2,0
D,DISPATCH,UNIT_SCADA,1,"2019/08/21 01:55:00",LD01,346.649990
D,DISPATCH,UNIT_SCADA,1,"2019/08/21 01:55:00",LD02,340.424930
D,DISPATCH,UNIT_SCADA,1,"2019/08/21 01:55:00",LD03,334.762450
D,DISPATCH,UNIT_SCADA,1,"2019/08/21 01:55:00",LD04,350.043730
D,DISPATCH,UNIT_SCADA,1,"2019/08/21 01:55:00",LEM_WIL,85.894450
D,DISPATCH,UNIT_SCADA,1,"2019/08/21 01:55:00",LGAPWF1,9.44
D,DISPATCH,UNIT_SCADA,1,"2019/08/21 01:55:00",LILYSF1,0
D,DISPATCH,UNIT_SCADA,1,"2019/08/21 01:55:00",LI_WY_CA,149.019390
D,DISPATCH,UNIT_SCADA,1,"2019/08/21 01:55:00",LKBONNY2,127.739530
D,DISPATCH,UNIT_SCADA,1,"2019/08/21 01:55:00",LKBONNY3,31.148690
D,DISPATCH,UNIT_SCADA,1,"2019/08/21 01:55:00",LK_ECHO,0
D,DISPATCH,UNIT_SCADA,1,"2019/08/21 01:55:00",LNGS1,0
D,DISPATCH,UNIT_SCADA,1,"2019/08/21 01:55:00",LNGS2,0
D,DISPATCH,UNIT_SCADA,1,"2019/08/21 01:55:00",LONSDALE,0
D,DISPATCH,UNIT_SCADA,1,"2019/08/21 01:55:00",LOYYB1,536.840520
D,DISPATCH,UNIT_SCADA,1,"2019/08/21 01:55:00",LOYYB2,541.727840
D,DISPATCH,UNIT_SCADA,1,"2019/08/21 01:55:00",LYA1,520
D,DISPATCH,UNIT_SCADA,1,"2019/08/21 01:55:00",LYA2,0
D,DISPATCH,UNIT_SCADA,1,"2019/08/21 01:55:00",LYA3,561
D,DISPATCH,UNIT_SCADA,1,"2019/08/21 01:55:00",LYA4,540
D,DISPATCH,UNIT_SCADA,1,"2019/08/21 01:55:00",MACARTH1,400.790740
D,DISPATCH,UNIT_SCADA,1,"2019/08/21 01:55:00",MACKAYGT,0
D,DISPATCH,UNIT_SCADA,1,"2019/08/21 01:55:00",MACKNTSH,32.33
D,DISPATCH,UNIT_SCADA,1,"2019/08/21 01:55:00",MANSLR1,0
D,DISPATCH,UNIT_SCADA,1,"2019/08/21 01:55:00",MCKAY1,0.02
D,DISPATCH,UNIT_SCADA,1,"2019/08/21 01:55:00",MEADOWBK,33.895880
D,DISPATCH,UNIT_SCADA,1,"2019/08/21 01:55:00",MERCER01,128.509990
D,DISPATCH,UNIT_SCADA,1,"2019/08/21 01:55:00",MEWF1,103.067650
D,DISPATCH,UNIT_SCADA,1,"2019/08/21 01:55:00",MINTARO,0
D,DISPATCH,UNIT_SCADA,1,"2019/08/21 01:55:00",MOREESF1,0
D,DISPATCH,UNIT_SCADA,1,"2019/08/21 01:55:00",MORTLK11,0
D,DISPATCH,UNIT_SCADA,1,"2019/08/21 01:55:00",MORTLK12,0
D,DISPATCH,UNIT_SCADA,1,"2019/08/21 01:55:00",MP1,279.974980
D,DISPATCH,UNIT_SCADA,1,"2019/08/21 01:55:00",MP2,0
D,DISPATCH,UNIT_SCADA,1,"2019/08/21 01:55:00",MPP_1,382
D,DISPATCH,UNIT_SCADA,1,"2019/08/21 01:55:00",MPP_2,416.75
D,DISPATCH,UNIT_SCADA,1,"2019/08/21 01:55:00",MSTUART1,0
D,DISPATCH,UNIT_SCADA,1,"2019/08/21 01:55:00",MSTUART2,0
D,DISPATCH,UNIT_SCADA,1,"2019/08/21 01:55:00",MSTUART3,0
D,DISPATCH,UNIT_SCADA,1,"2019/08/21 01:55:00",MTGELWF1,64.403210
D,DISPATCH,UNIT_SCADA,1,"2019/08/21 01:55:00",MURRAY,0
D,DISPATCH,UNIT_SCADA,1,"2019/08/21 01:55:00",MUSSELR1,162.699980
D,DISPATCH,UNIT_SCADA,1,"2019/08/21 01:55:00",MUWAWF1,43.84
D,DISPATCH,UNIT_SCADA,1,"2019/08/21 01:55:00",NBHWF1,96
D,DISPATCH,UNIT_SCADA,1,"2019/08/21 01:55:00",NPS,0
D,DISPATCH,UNIT_SCADA,1,"2019/08/21 01:55:00",NUMURSF1,0
D,DISPATCH,UNIT_SCADA,1,"2019/08/21 01:55:00",NYNGAN1,0
D,DISPATCH,UNIT_SCADA,1,"2019/08/21 01:55:00",OAKEY1,0
D,DISPATCH,UNIT_SCADA,1,"2019/08/21 01:55:00",OAKEY1SF,0.0380
D,DISPATCH,UNIT_SCADA,1,"2019/08/21 01:55:00",OAKEY2,0
D,DISPATCH,UNIT_SCADA,1,"2019/08/21 01:55:00",OAKLAND1,62.10
D,DISPATCH,UNIT_SCADA,1,"2019/08/21 01:55:00",OSB-AG,0
D,DISPATCH,UNIT_SCADA,1,"2019/08/21 01:55:00",PARSF1,0
D,DISPATCH,UNIT_SCADA,1,"2019/08/21 01:55:00",POAT110,0
D,DISPATCH,UNIT_SCADA,1,"2019/08/21 01:55:00",POAT220,21.49
D,DISPATCH,UNIT_SCADA,1,"2019/08/21 01:55:00",POR01,0
D,DISPATCH,UNIT_SCADA,1,"2019/08/21 01:55:00",POR03,0
D,DISPATCH,UNIT_SCADA,1,"2019/08/21 01:55:00",PPCCGT,173.5522
D,DISPATCH,UNIT_SCADA,1,"2019/08/21 01:55:00",PTSTAN1,0
D,DISPATCH,UNIT_SCADA,1,"2019/08/21 01:55:00",PUMP1,0
D,DISPATCH,UNIT_SCADA,1,"2019/08/21 01:55:00",PUMP2,0
D,DISPATCH,UNIT_SCADA,1,"2019/08/21 01:55:00",QPS1,0
D,DISPATCH,UNIT_SCADA,1,"2019/08/21 01:55:00",QPS2,0
D,DISPATCH,UNIT_SCADA,1,"2019/08/21 01:55:00",QPS3,0
D,DISPATCH,UNIT_SCADA,1,"2019/08/21 01:55:00",QPS4,0
D,DISPATCH,UNIT_SCADA,1,"2019/08/21 01:55:00",QPS5,0
D,DISPATCH,UNIT_SCADA,1,"2019/08/21 01:55:00",REECE1,115.220010
D,DISPATCH,UNIT_SCADA,1,"2019/08/21 01:55:00",REECE2,117.960010
D,DISPATCH,UNIT_SCADA,1,"2019/08/21 01:55:00",ROMA_7,0
D,DISPATCH,UNIT_SCADA,1,"2019/08/21 01:55:00",ROMA_8,0
D,DISPATCH,UNIT_SCADA,1,"2019/08/21 01:55:00",RRSF1,0
D,DISPATCH,UNIT_SCADA,1,"2019/08/21 01:55:00",RT_NSW1,0
D,DISPATCH,UNIT_SCADA,1,"2019/08/21 01:55:00",RT_NSW2,0
D,DISPATCH,UNIT_SCADA,1,"2019/08/21 01:55:00",RT_NSW3,0
D,DISPATCH,UNIT_SCADA,1,"2019/08/21 01:55:00",RT_NSW4,0
D,DISPATCH,UNIT_SCADA,1,"2019/08/21 01:55:00",RT_NSW5,0
D,DISPATCH,UNIT_SCADA,1,"2019/08/21 01:55:00",RT_NSW6,0
D,DISPATCH,UNIT_SCADA,1,"2019/08/21 01:55:00",RT_QLD1,0
D,DISPATCH,UNIT_SCADA,1,"2019/08/21 01:55:00",RT_SA1,0
D,DISPATCH,UNIT_SCADA,1,"2019/08/21 01:55:00",RT_SA2,0
D,DISPATCH,UNIT_SCADA,1,"2019/08/21 01:55:00",RT_SA3,0
D,DISPATCH,UNIT_SCADA,1,"2019/08/21 01:55:00",RT_SA4,0
D,DISPATCH,UNIT_SCADA,1,"2019/08/21 01:55:00",RT_SA5,0
D,DISPATCH,UNIT_SCADA,1,"2019/08/21 01:55:00",RT_SA6,0
D,DISPATCH,UNIT_SCADA,1,"2019/08/21 01:55:00",RT_TAS1,0
D,DISPATCH,UNIT_SCADA,1,"2019/08/21 01:55:00",RT_VIC1,0
D,DISPATCH,UNIT_SCADA,1,"2019/08/21 01:55:00",RT_VIC10,0
D,DISPATCH,UNIT_SCADA,1,"2019/08/21 01:55:00",RT_VIC11,0
D,DISPATCH,UNIT_SCADA,1,"2019/08/21 01:55:00",RT_VIC12,0
D,DISPATCH,UNIT_SCADA,1,"2019/08/21 01:55:00",RT_VIC2,0
D,DISPATCH,UNIT_SCADA,1,"2019/08/21 01:55:00",RT_VIC3,0
D,DISPATCH,UNIT_SCADA,1,"2019/08/21 01:55:00",RT_VIC4,0
D,DISPATCH,UNIT_SCADA,1,"2019/08/21 01:55:00",RT_VIC5,0
D,DISPATCH,UNIT_SCADA,1,"2019/08/21 01:55:00",RT_VIC6,0
D,DISPATCH,UNIT_SCADA,1,"2019/08/21 01:55:00",RT_VIC7,0
D,DISPATCH,UNIT_SCADA,1,"2019/08/21 01:55:00",RT_VIC8,0
D,DISPATCH,UNIT_SCADA,1,"2019/08/21 01:55:00",RT_VIC9,0
D,DISPATCH,UNIT_SCADA,1,"2019/08/21 01:55:00",RUGBYR1,0
D,DISPATCH,UNIT_SCADA,1,"2019/08/21 01:55:00",SALTCRK1,52.48
D,DISPATCH,UNIT_SCADA,1,"2019/08/21 01:55:00",SAPHWF1,204.065610
D,DISPATCH,UNIT_SCADA,1,"2019/08/21 01:55:00",SHGEN,0
D,DISPATCH,UNIT_SCADA,1,"2019/08/21 01:55:00",SHPUMP,200.595830
D,DISPATCH,UNIT_SCADA,1,"2019/08/21 01:55:00",SITHE01,0.123710
D,DISPATCH,UNIT_SCADA,1,"2019/08/21 01:55:00",SMCSF1,0
D,DISPATCH,UNIT_SCADA,1,"2019/08/21 01:55:00",SNOWNTH1,49.80
D,DISPATCH,UNIT_SCADA,1,"2019/08/21 01:55:00",SNOWSTH1,64.40
D,DISPATCH,UNIT_SCADA,1,"2019/08/21 01:55:00",SNOWTWN1,29.0793
D,DISPATCH,UNIT_SCADA,1,"2019/08/21 01:55:00",SNOWYP,377.400020
D,DISPATCH,UNIT_SCADA,1,"2019/08/21 01:55:00",SNUG1,0.019440
D,DISPATCH,UNIT_SCADA,1,"2019/08/21 01:55:00",SRSF1,0.07
D,DISPATCH,UNIT_SCADA,1,"2019/08/21 01:55:00",STAN-1,0
D,DISPATCH,UNIT_SCADA,1,"2019/08/21 01:55:00",STAN-2,192.279820
D,DISPATCH,UNIT_SCADA,1,"2019/08/21 01:55:00",STAN-3,220.158540
D,DISPATCH,UNIT_SCADA,1,"2019/08/21 01:55:00",STAN-4,196.048250
D,DISPATCH,UNIT_SCADA,1,"2019/08/21 01:55:00",STWF1,145.260010
D,DISPATCH,UNIT_SCADA,1,"2019/08/21 01:55:00",SWAN_E,0
D,DISPATCH,UNIT_SCADA,1,"2019/08/21 01:55:00",TALWA1,190
D,DISPATCH,UNIT_SCADA,1,"2019/08/21 01:55:00",TARALGA1,53.5650
D,DISPATCH,UNIT_SCADA,1,"2019/08/21 01:55:00",TARONG#1,280
D,DISPATCH,UNIT_SCADA,1,"2019/08/21 01:55:00",TARONG#2,110.50
D,DISPATCH,UNIT_SCADA,1,"2019/08/21 01:55:00",TARONG#3,260.50
D,DISPATCH,UNIT_SCADA,1,"2019/08/21 01:55:00",TARONG#4,280.600010
D,DISPATCH,UNIT_SCADA,1,"2019/08/21 01:55:00",TARRALEA,85
D,DISPATCH,UNIT_SCADA,1,"2019/08/21 01:55:00",TBSF1,-0.20
D,DISPATCH,UNIT_SCADA,1,"2019/08/21 01:55:00",TNPS1,400.000030
D,DISPATCH,UNIT_SCADA,1,"2019/08/21 01:55:00",TORRA1,45.948840
D,DISPATCH,UNIT_SCADA,1,"2019/08/21 01:55:00",TORRA2,0
D,DISPATCH,UNIT_SCADA,1,"2019/08/21 01:55:00",TORRA3,0
D,DISPATCH,UNIT_SCADA,1,"2019/08/21 01:55:00",TORRA4,0
D,DISPATCH,UNIT_SCADA,1,"2019/08/21 01:55:00",TORRB1,39.62
D,DISPATCH,UNIT_SCADA,1,"2019/08/21 01:55:00",TORRB2,40.41
D,DISPATCH,UNIT_SCADA,1,"2019/08/21 01:55:00",TORRB3,0
D,DISPATCH,UNIT_SCADA,1,"2019/08/21 01:55:00",TORRB4,0
D,DISPATCH,UNIT_SCADA,1,"2019/08/21 01:55:00",TREVALLN,2.50
D,DISPATCH,UNIT_SCADA,1,"2019/08/21 01:55:00",TRIBUTE,0
D,DISPATCH,UNIT_SCADA,1,"2019/08/21 01:55:00",TUMUT3,0
D,DISPATCH,UNIT_SCADA,1,"2019/08/21 01:55:00",TUNGATIN,6.40
D,DISPATCH,UNIT_SCADA,1,"2019/08/21 01:55:00",TVCC201,0
D,DISPATCH,UNIT_SCADA,1,"2019/08/21 01:55:00",TVPP104,0
D,DISPATCH,UNIT_SCADA,1,"2019/08/21 01:55:00",UPPTUMUT,0
D,DISPATCH,UNIT_SCADA,1,"2019/08/21 01:55:00",URANQ11,0
D,DISPATCH,UNIT_SCADA,1,"2019/08/21 01:55:00",URANQ12,0
D,DISPATCH,UNIT_SCADA,1,"2019/08/21 01:55:00",URANQ13,0
D,DISPATCH,UNIT_SCADA,1,"2019/08/21 01:55:00",URANQ14,0
D,DISPATCH,UNIT_SCADA,1,"2019/08/21 01:55:00",VP5,404.825010
D,DISPATCH,UNIT_SCADA,1,"2019/08/21 01:55:00",VP6,400.50
D,DISPATCH,UNIT_SCADA,1,"2019/08/21 01:55:00",VPGS1,0
D,DISPATCH,UNIT_SCADA,1,"2019/08/21 01:55:00",VPGS2,0
D,DISPATCH,UNIT_SCADA,1,"2019/08/21 01:55:00",VPGS3,0
D,DISPATCH,UNIT_SCADA,1,"2019/08/21 01:55:00",VPGS4,0
D,DISPATCH,UNIT_SCADA,1,"2019/08/21 01:55:00",VPGS5,0
D,DISPATCH,UNIT_SCADA,1,"2019/08/21 01:55:00",VPGS6,0
D,DISPATCH,UNIT_SCADA,1,"2019/08/21 01:55:00",W/HOE#1,0
D,DISPATCH,UNIT_SCADA,1,"2019/08/21 01:55:00",W/HOE#2,0
D,DISPATCH,UNIT_SCADA,1,"2019/08/21 01:55:00",WATERLWF,96.80
D,DISPATCH,UNIT_SCADA,1,"2019/08/21 01:55:00",WEMENSF1,0
D,DISPATCH,UNIT_SCADA,1,"2019/08/21 01:55:00",WGWF1,97.10
D,DISPATCH,UNIT_SCADA,1,"2019/08/21 01:55:00",WHITSF1,0
D,DISPATCH,UNIT_SCADA,1,"2019/08/21 01:55:00",WKIEWA1,34.50
D,DISPATCH,UNIT_SCADA,1,"2019/08/21 01:55:00",WKIEWA2,17.40
D,DISPATCH,UNIT_SCADA,1,"2019/08/21 01:55:00",WOODLWN1,35.162990
D,DISPATCH,UNIT_SCADA,1,"2019/08/21 01:55:00",WRSF1,0
D,DISPATCH,UNIT_SCADA,1,"2019/08/21 01:55:00",WRWF1,137.659990
D,DISPATCH,UNIT_SCADA,1,"2019/08/21 01:55:00",YABULU,0
D,DISPATCH,UNIT_SCADA,1,"2019/08/21 01:55:00",YABULU2,0
D,DISPATCH,UNIT_SCADA,1,"2019/08/21 01:55:00",YARWUN_1,0
D,DISPATCH,UNIT_SCADA,1,"2019/08/21 01:55:00",YENDWF1,41.90
D,DISPATCH,UNIT_SCADA,1,"2019/08/21 01:55:00",YWPS1,381.202550
D,DISPATCH,UNIT_SCADA,1,"2019/08/21 01:55:00",YWPS2,280.448090
D,DISPATCH,UNIT_SCADA,1,"2019/08/21 01:55:00",YWPS3,0
D,DISPATCH,UNIT_SCADA,1,"2019/08/21 01:55:00",YWPS4,397.213930
C,"END OF REPORT",334
