C,NEMP.WORLD,DISPATCHSCADA,AEMO,PUBLIC,2019/08/22,07:05:08,0000000311856816,DISPATCHSCADA,0000000311856810
I,DISPATCH,UNIT_SCADA,1,SETTLEMENTDATE,DUID,SCADAVALUE
D,DISPATCH,UNIT_SCADA,1,"2019/08/22 07:10:00",BARCSF1,0.70
D,DISPATCH,UNIT_SCADA,1,"2019/08/22 07:10:00",BUTLERSG,9.699999
D,DISPATCH,UNIT_SCADA,1,"2019/08/22 07:10:00",CALL_A_4,0
D,DISPATCH,UNIT_SCADA,1,"2019/08/22 07:10:00",CAPTL_WF,129.567993
D,DISPATCH,UNIT_SCADA,1,"2019/08/22 07:10:00",CATHROCK,1.78
D,DISPATCH,UNIT_SCADA,1,"2019/08/22 07:10:00",CHALLHWF,46.700001
D,DISPATCH,UNIT_SCADA,1,"2019/08/22 07:10:00",CLOVER,-0.01
D,DISPATCH,UNIT_SCADA,1,"2019/08/22 07:10:00",CLUNY,19.825590
D,DISPATCH,UNIT_SCADA,1,"2019/08/22 07:10:00",CNUNDAWF,35.241112
D,DISPATCH,UNIT_SCADA,1,"2019/08/22 07:10:00",CULLRGWF,30.02
D,DISPATCH,UNIT_SCADA,1,"2019/08/22 07:10:00",ERGT01,0
D,DISPATCH,UNIT_SCADA,1,"2019/08/22 07:10:00",GB01,0.056610
D,DISPATCH,UNIT_SCADA,1,"2019/08/22 07:10:00",GERMCRK,35.900002
D,DISPATCH,UNIT_SCADA,1,"2019/08/22 07:10:00",GRIFSF1,0.399994
D,DISPATCH,UNIT_SCADA,1,"2019/08/22 07:10:00",HUGSF1,0.3630
D,DISPATCH,UNIT_SCADA,1,"2019/08/22 07:10:00",LKBONNY1,67.071335
D,DISPATCH,UNIT_SCADA,1,"2019/08/22 07:10:00",LRSF1,0.0390
D,DISPATCH,UNIT_SCADA,1,"2019/08/22 07:10:00",MBAHNTH,55.968750
D,DISPATCH,UNIT_SCADA,1,"2019/08/22 07:10:00",MLSP1,0.672001
D,DISPATCH,UNIT_SCADA,1,"2019/08/22 07:10:00",MLWF1,17.07
D,DISPATCH,UNIT_SCADA,1,"2019/08/22 07:10:00",MTMILLAR,10.127625
D,DISPATCH,UNIT_SCADA,1,"2019/08/22 07:10:00",PALOONA,28.539999
D,DISPATCH,UNIT_SCADA,1,"2019/08/22 07:10:00",PIONEER,46.600002
D,DISPATCH,UNIT_SCADA,1,"2019/08/22 07:10:00",PORTWF,104.300003
D,DISPATCH,UNIT_SCADA,1,"2019/08/22 07:10:00",REPULSE,28.827955
D,DISPATCH,UNIT_SCADA,1,"2019/08/22 07:10:00",ROWALLAN,10.3021
D,DISPATCH,UNIT_SCADA,1,"2019/08/22 07:10:00",ROYALLA1,2.0610
D,DISPATCH,UNIT_SCADA,1,"2019/08/22 07:10:00",RPCG,8.30
D,DISPATCH,UNIT_SCADA,1,"2019/08/22 07:10:00",RUBICON,0
D,DISPATCH,UNIT_SCADA,1,"2019/08/22 07:10:00",SATGN1,0
D,DISPATCH,UNIT_SCADA,1,"2019/08/22 07:10:00",SATGS1,0
D,DISPATCH,UNIT_SCADA,1,"2019/08/22 07:10:00",STARHLWF,2.999125
D,DISPATCH,UNIT_SCADA,1,"2019/08/22 07:10:00",WAUBRAWF,172.613998
D,DISPATCH,UNIT_SCADA,1,"2019/08/22 07:10:00",WOOLNTH1,130.360016
D,DISPATCH,UNIT_SCADA,1,"2019/08/22 07:10:00",WPWF,11
D,DISPATCH,UNIT_SCADA,1,"2019/08/22 07:10:00",YAMBUKWF,27.799999
D,DISPATCH,UNIT_SCADA,1,"2019/08/22 07:10:00",YSWF1,18.40
D,DISPATCH,UNIT_SCADA,1,"2019/08/22 07:10:00",AGLHAL,0
D,DISPATCH,UNIT_SCADA,1,"2019/08/22 07:10:00",AGLSOM,0
D,DISPATCH,UNIT_SCADA,1,"2019/08/22 07:10:00",ANGAST1,0
D,DISPATCH,UNIT_SCADA,1,"2019/08/22 07:10:00",ARWF1,211.50
D,DISPATCH,UNIT_SCADA,1,"2019/08/22 07:10:00",BALBG1,0
D,DISPATCH,UNIT_SCADA,1,"2019/08/22 07:10:00",BALBL1,0
D,DISPATCH,UNIT_SCADA,1,"2019/08/22 07:10:00",BALDHWF1,97.509990
D,DISPATCH,UNIT_SCADA,1,"2019/08/22 07:10:00",BANN1,0.02
D,DISPATCH,UNIT_SCADA,1,"2019/08/22 07:10:00",BARCALDN,0
D,DISPATCH,UNIT_SCADA,1,"2019/08/22 07:10:00",BARRON-1,0
D,DISPATCH,UNIT_SCADA,1,"2019/08/22 07:10:00",BARRON-2,27.48
D,DISPATCH,UNIT_SCADA,1,"2019/08/22 07:10:00",BASTYAN,78.02
D,DISPATCH,UNIT_SCADA,1,"2019/08/22 07:10:00",BBTHREE1,-1.91
D,DISPATCH,UNIT_SCADA,1,"2019/08/22 07:10:00",BBTHREE2,-2.01
D,DISPATCH,UNIT_SCADA,1,"2019/08/22 07:10:00",BBTHREE3,-1.07
D,DISPATCH,UNIT_SCADA,1,"2019/08/22 07:10:00",BDL01,0
D,DISPATCH,UNIT_SCADA,1,"2019/08/22 07:10:00",BDL02,20.22
D,DISPATCH,UNIT_SCADA,1,"2019/08/22 07:10:00",BERYLSF1,3.053160
D,DISPATCH,UNIT_SCADA,1,"2019/08/22 07:10:00",BLOWERNG,0
D,DISPATCH,UNIT_SCADA,1,"2019/08/22 07:10:00",BLUFF1,38.50
D,DISPATCH,UNIT_SCADA,1,"2019/08/22 07:10:00",BNGSF1,0
D,DISPATCH,UNIT_SCADA,1,"2019/08/22 07:10:00",BNGSF2,0
D,DISPATCH,UNIT_SCADA,1,"2019/08/22 07:10:00",BOCORWF1,68.22
D,DISPATCH,UNIT_SCADA,1,"2019/08/22 07:10:00",BODWF1,97.202740
D,DISPATCH,UNIT_SCADA,1,"2019/08/22 07:10:00",BRAEMAR1,0
D,DISPATCH,UNIT_SCADA,1,"2019/08/22 07:10:00",BRAEMAR2,0
D,DISPATCH,UNIT_SCADA,1,"2019/08/22 07:10:00",BRAEMAR3,0
D,DISPATCH,UNIT_SCADA,1,"2019/08/22 07:10:00",BRAEMAR5,0
D,DISPATCH,UNIT_SCADA,1,"2019/08/22 07:10:00",BRAEMAR6,0
D,DISPATCH,UNIT_SCADA,1,"2019/08/22 07:10:00",BRAEMAR7,0
D,DISPATCH,UNIT_SCADA,1,"2019/08/22 07:10:00",BROKENH1,0
D,DISPATCH,UNIT_SCADA,1,"2019/08/22 07:10:00",BW01,584.974980
D,DISPATCH,UNIT_SCADA,1,"2019/08/22 07:10:00",BW02,639.175050
D,DISPATCH,UNIT_SCADA,1,"2019/08/22 07:10:00",BW03,647.925050
D,DISPATCH,UNIT_SCADA,1,"2019/08/22 07:10:00",BW04,0
D,DISPATCH,UNIT_SCADA,1,"2019/08/22 07:10:00",CALL_B_1,350.600010
D,DISPATCH,UNIT_SCADA,1,"2019/08/22 07:10:00",CALL_B_2,290.300020
D,DISPATCH,UNIT_SCADA,1,"2019/08/22 07:10:00",CETHANA,99.6215
D,DISPATCH,UNIT_SCADA,1,"2019/08/22 07:10:00",CG1,0
D,DISPATCH,UNIT_SCADA,1,"2019/08/22 07:10:00",CG2,0
D,DISPATCH,UNIT_SCADA,1,"2019/08/22 07:10:00",CG3,0
D,DISPATCH,UNIT_SCADA,1,"2019/08/22 07:10:00",CG4,0
D,DISPATCH,UNIT_SCADA,1,"2019/08/22 07:10:00",CHILDSF1,19.92
D,DISPATCH,UNIT_SCADA,1,"2019/08/22 07:10:00",CLARESF1,8.282370
D,DISPATCH,UNIT_SCADA,1,"2019/08/22 07:10:00",CLEMGPWF,9.580660
D,DISPATCH,UNIT_SCADA,1,"2019/08/22 07:10:00",CLERMSF1,7.37
D,DISPATCH,UNIT_SCADA,1,"2019/08/22 07:10:00",COLEASF1,0
D,DISPATCH,UNIT_SCADA,1,"2019/08/22 07:10:00",COOPGWF1,35.4118
D,DISPATCH,UNIT_SCADA,1,"2019/08/22 07:10:00",CPP_3,406.175020
D,DISPATCH,UNIT_SCADA,1,"2019/08/22 07:10:00",CPP_4,406.175020
D,DISPATCH,UNIT_SCADA,1,"2019/08/22 07:10:00",CPSA,143.041890
D,DISPATCH,UNIT_SCADA,1,"2019/08/22 07:10:00",CROOKWF2,84.423750
D,DISPATCH,UNIT_SCADA,1,"2019/08/22 07:10:00",CROWLWF1,46.622720
D,DISPATCH,UNIT_SCADA,1,"2019/08/22 07:10:00",CSPVPS1,3.7630
D,DISPATCH,UNIT_SCADA,1,"2019/08/22 07:10:00",DALNTH01,0.025940
D,DISPATCH,UNIT_SCADA,1,"2019/08/22 07:10:00",DALNTHL1,0
D,DISPATCH,UNIT_SCADA,1,"2019/08/22 07:10:00",DARTM1,134.70
D,DISPATCH,UNIT_SCADA,1,"2019/08/22 07:10:00",DAYDSF1,30.16
D,DISPATCH,UNIT_SCADA,1,"2019/08/22 07:10:00",DDPS1,0
D,DISPATCH,UNIT_SCADA,1,"2019/08/22 07:10:00",DDSF1,18.273280
D,DISPATCH,UNIT_SCADA,1,"2019/08/22 07:10:00",DEVILS_G,0
D,DISPATCH,UNIT_SCADA,1,"2019/08/22 07:10:00",DG_NSW1,0
D,DISPATCH,UNIT_SCADA,1,"2019/08/22 07:10:00",DG_QLD1,0
D,DISPATCH,UNIT_SCADA,1,"2019/08/22 07:10:00",DG_SA1,0
D,DISPATCH,UNIT_SCADA,1,"2019/08/22 07:10:00",DG_TAS1,0
D,DISPATCH,UNIT_SCADA,1,"2019/08/22 07:10:00",DG_VIC1,0
D,DISPATCH,UNIT_SCADA,1,"2019/08/22 07:10:00",DRYCGT1,0
D,DISPATCH,UNIT_SCADA,1,"2019/08/22 07:10:00",DRYCGT2,0
D,DISPATCH,UNIT_SCADA,1,"2019/08/22 07:10:00",DRYCGT3,0
D,DISPATCH,UNIT_SCADA,1,"2019/08/22 07:10:00",EILDON1,0
D,DISPATCH,UNIT_SCADA,1,"2019/08/22 07:10:00",EILDON2,0
D,DISPATCH,UNIT_SCADA,1,"2019/08/22 07:10:00",EMERASF1,12.53
D,DISPATCH,UNIT_SCADA,1,"2019/08/22 07:10:00",ER01,594.8750
D,DISPATCH,UNIT_SCADA,1,"2019/08/22 07:10:00",ER02,618.1250
D,DISPATCH,UNIT_SCADA,1,"2019/08/22 07:10:00",ER03,700.150020
D,DISPATCH,UNIT_SCADA,1,"2019/08/22 07:10:00",ER04,696.424930
D,DISPATCH,UNIT_SCADA,1,"2019/08/22 07:10:00",FINLYSF1,0
D,DISPATCH,UNIT_SCADA,1,"2019/08/22 07:10:00",FISHER,45.84
D,DISPATCH,UNIT_SCADA,1,"2019/08/22 07:10:00",GANNBG1,5.000930
D,DISPATCH,UNIT_SCADA,1,"2019/08/22 07:10:00",GANNBL1,0
D,DISPATCH,UNIT_SCADA,1,"2019/08/22 07:10:00",GANNSF1,0.20
D,DISPATCH,UNIT_SCADA,1,"2019/08/22 07:10:00",GORDON,63.747040
D,DISPATCH,UNIT_SCADA,1,"2019/08/22 07:10:00",GSTONE1,257.949980
D,DISPATCH,UNIT_SCADA,1,"2019/08/22 07:10:00",GSTONE2,230.474990
D,DISPATCH,UNIT_SCADA,1,"2019/08/22 07:10:00",GSTONE3,240.274990
D,DISPATCH,UNIT_SCADA,1,"2019/08/22 07:10:00",GSTONE4,243.599990
D,DISPATCH,UNIT_SCADA,1,"2019/08/22 07:10:00",GSTONE5,259.699980
D,DISPATCH,UNIT_SCADA,1,"2019/08/22 07:10:00",GSTONE6,0
D,DISPATCH,UNIT_SCADA,1,"2019/08/22 07:10:00",GULLRSF1,0
D,DISPATCH,UNIT_SCADA,1,"2019/08/22 07:10:00",GULLRWF1,156.3396
D,DISPATCH,UNIT_SCADA,1,"2019/08/22 07:10:00",GUNNING1,46.616650
D,DISPATCH,UNIT_SCADA,1,"2019/08/22 07:10:00",GUTHEGA,0
D,DISPATCH,UNIT_SCADA,1,"2019/08/22 07:10:00",HALLWF1,65.78
D,DISPATCH,UNIT_SCADA,1,"2019/08/22 07:10:00",HALLWF2,61.87
D,DISPATCH,UNIT_SCADA,1,"2019/08/22 07:10:00",HAMISF1,8.80
D,DISPATCH,UNIT_SCADA,1,"2019/08/22 07:10:00",HAUGHT11,24.035330
D,DISPATCH,UNIT_SCADA,1,"2019/08/22 07:10:00",HAYMSF1,10.86
D,DISPATCH,UNIT_SCADA,1,"2019/08/22 07:10:00",HDWF1,38.10
D,DISPATCH,UNIT_SCADA,1,"2019/08/22 07:10:00",HDWF2,34.70
D,DISPATCH,UNIT_SCADA,1,"2019/08/22 07:10:00",HDWF3,38.40
D,DISPATCH,UNIT_SCADA,1,"2019/08/22 07:10:00",HPRG1,0
D,DISPATCH,UNIT_SCADA,1,"2019/08/22 07:10:00",HPRL1,0
D,DISPATCH,UNIT_SCADA,1,"2019/08/22 07:10:00",HUMENSW,0
D,DISPATCH,UNIT_SCADA,1,"2019/08/22 07:10:00",HUMEV,10.60
D,DISPATCH,UNIT_SCADA,1,"2019/08/22 07:10:00",HVGTS,0
D,DISPATCH,UNIT_SCADA,1,"2019/08/22 07:10:00",JBUTTERS,138.25
D,DISPATCH,UNIT_SCADA,1,"2019/08/22 07:10:00",JLA01,0.50
D,DISPATCH,UNIT_SCADA,1,"2019/08/22 07:10:00",JLA02,0
D,DISPATCH,UNIT_SCADA,1,"2019/08/22 07:10:00",JLA03,0.10
D,DISPATCH,UNIT_SCADA,1,"2019/08/22 07:10:00",JLA04,0.10
D,DISPATCH,UNIT_SCADA,1,"2019/08/22 07:10:00",JLB01,0
D,DISPATCH,UNIT_SCADA,1,"2019/08/22 07:10:00",JLB02,0.10
D,DISPATCH,UNIT_SCADA,1,"2019/08/22 07:10:00",JLB03,0
D,DISPATCH,UNIT_SCADA,1,"2019/08/22 07:10:00",KAREEYA1,21.5050
D,DISPATCH,UNIT_SCADA,1,"2019/08/22 07:10:00",KAREEYA2,21.63
D,DISPATCH,UNIT_SCADA,1,"2019/08/22 07:10:00",KAREEYA3,0
D,DISPATCH,UNIT_SCADA,1,"2019/08/22 07:10:00",KAREEYA4,21.6975
D,DISPATCH,UNIT_SCADA,1,"2019/08/22 07:10:00",KARSF1,0.20
D,DISPATCH,UNIT_SCADA,1,"2019/08/22 07:10:00",KIATAWF1,29.80
D,DISPATCH,UNIT_SCADA,1,"2019/08/22 07:10:00",KPP_1,0
D,DISPATCH,UNIT_SCADA,1,"2019/08/22 07:10:00",KSP1,7.36
D,DISPATCH,UNIT_SCADA,1,"2019/08/22 07:10:00",LADBROK1,42.68
D,DISPATCH,UNIT_SCADA,1,"2019/08/22 07:10:00",LADBROK2,43.18
D,DISPATCH,UNIT_SCADA,1,"2019/08/22 07:10:00",LD01,348.9375
D,DISPATCH,UNIT_SCADA,1,"2019/08/22 07:10:00",LD02,350.531250
D,DISPATCH,UNIT_SCADA,1,"2019/08/22 07:10:00",LD03,352.406250
D,DISPATCH,UNIT_SCADA,1,"2019/08/22 07:10:00",LD04,349.574980
D,DISPATCH,UNIT_SCADA,1,"2019/08/22 07:10:00",LEM_WIL,86.099240
D,DISPATCH,UNIT_SCADA,1,"2019/08/22 07:10:00",LGAPWF1,8.93
D,DISPATCH,UNIT_SCADA,1,"2019/08/22 07:10:00",LILYSF1,19.791870
D,DISPATCH,UNIT_SCADA,1,"2019/08/22 07:10:00",LI_WY_CA,148.935390
D,DISPATCH,UNIT_SCADA,1,"2019/08/22 07:10:00",LKBONNY2,123.637210
D,DISPATCH,UNIT_SCADA,1,"2019/08/22 07:10:00",LKBONNY3,26.682920
D,DISPATCH,UNIT_SCADA,1,"2019/08/22 07:10:00",LK_ECHO,0
D,DISPATCH,UNIT_SCADA,1,"2019/08/22 07:10:00",LNGS1,0
D,DISPATCH,UNIT_SCADA,1,"2019/08/22 07:10:00",LNGS2,0
D,DISPATCH,UNIT_SCADA,1,"2019/08/22 07:10:00",LONSDALE,0
D,DISPATCH,UNIT_SCADA,1,"2019/08/22 07:10:00",LOYYB1,535.336730
D,DISPATCH,UNIT_SCADA,1,"2019/08/22 07:10:00",LOYYB2,582.7063
D,DISPATCH,UNIT_SCADA,1,"2019/08/22 07:10:00",LYA1,558
D,DISPATCH,UNIT_SCADA,1,"2019/08/22 07:10:00",LYA2,0
D,DISPATCH,UNIT_SCADA,1,"2019/08/22 07:10:00",LYA3,559
D,DISPATCH,UNIT_SCADA,1,"2019/08/22 07:10:00",LYA4,529
D,DISPATCH,UNIT_SCADA,1,"2019/08/22 07:10:00",MACARTH1,181.195820
D,DISPATCH,UNIT_SCADA,1,"2019/08/22 07:10:00",MACKAYGT,0
D,DISPATCH,UNIT_SCADA,1,"2019/08/22 07:10:00",MACKNTSH,85.830010
D,DISPATCH,UNIT_SCADA,1,"2019/08/22 07:10:00",MANSLR1,0.5760
D,DISPATCH,UNIT_SCADA,1,"2019/08/22 07:10:00",MCKAY1,0.02
D,DISPATCH,UNIT_SCADA,1,"2019/08/22 07:10:00",MEADOWBK,33.895880
D,DISPATCH,UNIT_SCADA,1,"2019/08/22 07:10:00",MERCER01,92.177990
D,DISPATCH,UNIT_SCADA,1,"2019/08/22 07:10:00",MEWF1,64.575490
D,DISPATCH,UNIT_SCADA,1,"2019/08/22 07:10:00",MINTARO,0
D,DISPATCH,UNIT_SCADA,1,"2019/08/22 07:10:00",MOREESF1,12.5460
D,DISPATCH,UNIT_SCADA,1,"2019/08/22 07:10:00",MORTLK11,-5
D,DISPATCH,UNIT_SCADA,1,"2019/08/22 07:10:00",MORTLK12,0
D,DISPATCH,UNIT_SCADA,1,"2019/08/22 07:10:00",MP1,279.224980
D,DISPATCH,UNIT_SCADA,1,"2019/08/22 07:10:00",MP2,0
D,DISPATCH,UNIT_SCADA,1,"2019/08/22 07:10:00",MPP_1,424.50
D,DISPATCH,UNIT_SCADA,1,"2019/08/22 07:10:00",MPP_2,435
D,DISPATCH,UNIT_SCADA,1,"2019/08/22 07:10:00",MSTUART1,0
D,DISPATCH,UNIT_SCADA,1,"2019/08/22 07:10:00",MSTUART2,0
D,DISPATCH,UNIT_SCADA,1,"2019/08/22 07:10:00",MSTUART3,0
D,DISPATCH,UNIT_SCADA,1,"2019/08/22 07:10:00",MTGELWF1,54.747150
D,DISPATCH,UNIT_SCADA,1,"2019/08/22 07:10:00",MURRAY,0
D,DISPATCH,UNIT_SCADA,1,"2019/08/22 07:10:00",MUSSELR1,122.30
D,DISPATCH,UNIT_SCADA,1,"2019/08/22 07:10:00",MUWAWF1,52.40
D,DISPATCH,UNIT_SCADA,1,"2019/08/22 07:10:00",NBHWF1,92
D,DISPATCH,UNIT_SCADA,1,"2019/08/22 07:10:00",NPS,0
D,DISPATCH,UNIT_SCADA,1,"2019/08/22 07:10:00",NUMURSF1,0.74
D,DISPATCH,UNIT_SCADA,1,"2019/08/22 07:10:00",NYNGAN1,5.75
D,DISPATCH,UNIT_SCADA,1,"2019/08/22 07:10:00",OAKEY1,0
D,DISPATCH,UNIT_SCADA,1,"2019/08/22 07:10:00",OAKEY1SF,0.6970
D,DISPATCH,UNIT_SCADA,1,"2019/08/22 07:10:00",OAKEY2,0
D,DISPATCH,UNIT_SCADA,1,"2019/08/22 07:10:00",OAKLAND1,55.50
D,DISPATCH,UNIT_SCADA,1,"2019/08/22 07:10:00",OSB-AG,0
D,DISPATCH,UNIT_SCADA,1,"2019/08/22 07:10:00",PARSF1,1.100010
D,DISPATCH,UNIT_SCADA,1,"2019/08/22 07:10:00",POAT110,0
D,DISPATCH,UNIT_SCADA,1,"2019/08/22 07:10:00",POAT220,0
D,DISPATCH,UNIT_SCADA,1,"2019/08/22 07:10:00",POR01,0
D,DISPATCH,UNIT_SCADA,1,"2019/08/22 07:10:00",POR03,0
D,DISPATCH,UNIT_SCADA,1,"2019/08/22 07:10:00",PPCCGT,260.795810
D,DISPATCH,UNIT_SCADA,1,"2019/08/22 07:10:00",PTSTAN1,0
D,DISPATCH,UNIT_SCADA,1,"2019/08/22 07:10:00",PUMP1,0
D,DISPATCH,UNIT_SCADA,1,"2019/08/22 07:10:00",PUMP2,0
D,DISPATCH,UNIT_SCADA,1,"2019/08/22 07:10:00",QPS1,29
D,DISPATCH,UNIT_SCADA,1,"2019/08/22 07:10:00",QPS2,0
D,DISPATCH,UNIT_SCADA,1,"2019/08/22 07:10:00",QPS3,0
D,DISPATCH,UNIT_SCADA,1,"2019/08/22 07:10:00",QPS4,0
D,DISPATCH,UNIT_SCADA,1,"2019/08/22 07:10:00",QPS5,0
D,DISPATCH,UNIT_SCADA,1,"2019/08/22 07:10:00",REECE1,119.400010
D,DISPATCH,UNIT_SCADA,1,"2019/08/22 07:10:00",REECE2,118.330010
D,DISPATCH,UNIT_SCADA,1,"2019/08/22 07:10:00",ROMA_7,0
D,DISPATCH,UNIT_SCADA,1,"2019/08/22 07:10:00",ROMA_8,0
D,DISPATCH,UNIT_SCADA,1,"2019/08/22 07:10:00",RRSF1,10.022920
D,DISPATCH,UNIT_SCADA,1,"2019/08/22 07:10:00",RT_NSW1,0
D,DISPATCH,UNIT_SCADA,1,"2019/08/22 07:10:00",RT_NSW2,0
D,DISPATCH,UNIT_SCADA,1,"2019/08/22 07:10:00",RT_NSW3,0
D,DISPATCH,UNIT_SCADA,1,"2019/08/22 07:10:00",RT_NSW4,0
D,DISPATCH,UNIT_SCADA,1,"2019/08/22 07:10:00",RT_NSW5,0
D,DISPATCH,UNIT_SCADA,1,"2019/08/22 07:10:00",RT_NSW6,0
D,DISPATCH,UNIT_SCADA,1,"2019/08/22 07:10:00",RT_QLD1,0
D,DISPATCH,UNIT_SCADA,1,"2019/08/22 07:10:00",RT_SA1,0
D,DISPATCH,UNIT_SCADA,1,"2019/08/22 07:10:00",RT_SA2,0
D,DISPATCH,UNIT_SCADA,1,"2019/08/22 07:10:00",RT_SA3,0
D,DISPATCH,UNIT_SCADA,1,"2019/08/22 07:10:00",RT_SA4,0
D,DISPATCH,UNIT_SCADA,1,"2019/08/22 07:10:00",RT_SA5,0
D,DISPATCH,UNIT_SCADA,1,"2019/08/22 07:10:00",RT_SA6,0
D,DISPATCH,UNIT_SCADA,1,"2019/08/22 07:10:00",RT_TAS1,0
D,DISPATCH,UNIT_SCADA,1,"2019/08/22 07:10:00",RT_VIC1,0
D,DISPATCH,UNIT_SCADA,1,"2019/08/22 07:10:00",RT_VIC10,0
D,DISPATCH,UNIT_SCADA,1,"2019/08/22 07:10:00",RT_VIC11,0
D,DISPATCH,UNIT_SCADA,1,"2019/08/22 07:10:00",RT_VIC12,0
D,DISPATCH,UNIT_SCADA,1,"2019/08/22 07:10:00",RT_VIC2,0
D,DISPATCH,UNIT_SCADA,1,"2019/08/22 07:10:00",RT_VIC3,0
D,DISPATCH,UNIT_SCADA,1,"2019/08/22 07:10:00",RT_VIC4,0
D,DISPATCH,UNIT_SCADA,1,"2019/08/22 07:10:00",RT_VIC5,0
D,DISPATCH,UNIT_SCADA,1,"2019/08/22 07:10:00",RT_VIC6,0
D,DISPATCH,UNIT_SCADA,1,"2019/08/22 07:10:00",RT_VIC7,0
D,DISPATCH,UNIT_SCADA,1,"2019/08/22 07:10:00",RT_VIC8,0
D,DISPATCH,UNIT_SCADA,1,"2019/08/22 07:10:00",RT_VIC9,0
D,DISPATCH,UNIT_SCADA,1,"2019/08/22 07:10:00",RUGBYR1,9.848830
D,DISPATCH,UNIT_SCADA,1,"2019/08/22 07:10:00",SALTCRK1,35.58
D,DISPATCH,UNIT_SCADA,1,"2019/08/22 07:10:00",SAPHWF1,242.146850
D,DISPATCH,UNIT_SCADA,1,"2019/08/22 07:10:00",SHGEN,199.700650
D,DISPATCH,UNIT_SCADA,1,"2019/08/22 07:10:00",SHPUMP,0
D,DISPATCH,UNIT_SCADA,1,"2019/08/22 07:10:00",SITHE01,0.005650
D,DISPATCH,UNIT_SCADA,1,"2019/08/22 07:10:00",SMCSF1,8.075740
D,DISPATCH,UNIT_SCADA,1,"2019/08/22 07:10:00",SNOWNTH1,22.40
D,DISPATCH,UNIT_SCADA,1,"2019/08/22 07:10:00",SNOWSTH1,36
D,DISPATCH,UNIT_SCADA,1,"2019/08/22 07:10:00",SNOWTWN1,18.652970
D,DISPATCH,UNIT_SCADA,1,"2019/08/22 07:10:00",SNOWYP,0
D,DISPATCH,UNIT_SCADA,1,"2019/08/22 07:10:00",SNUG1,0.019440
D,DISPATCH,UNIT_SCADA,1,"2019/08/22 07:10:00",SRSF1,21.68
D,DISPATCH,UNIT_SCADA,1,"2019/08/22 07:10:00",STAN-1,0
D,DISPATCH,UNIT_SCADA,1,"2019/08/22 07:10:00",STAN-2,334.493320
D,DISPATCH,UNIT_SCADA,1,"2019/08/22 07:10:00",STAN-3,331.840030
D,DISPATCH,UNIT_SCADA,1,"2019/08/22 07:10:00",STAN-4,332.5322
D,DISPATCH,UNIT_SCADA,1,"2019/08/22 07:10:00",STWF1,123.873750
D,DISPATCH,UNIT_SCADA,1,"2019/08/22 07:10:00",SWAN_E,0
D,DISPATCH,UNIT_SCADA,1,"2019/08/22 07:10:00",TALWA1,420
D,DISPATCH,UNIT_SCADA,1,"2019/08/22 07:10:00",TARALGA1,84.337480
D,DISPATCH,UNIT_SCADA,1,"2019/08/22 07:10:00",TARONG#1,345.700010
D,DISPATCH,UNIT_SCADA,1,"2019/08/22 07:10:00",TARONG#2,345.700010
D,DISPATCH,UNIT_SCADA,1,"2019/08/22 07:10:00",TARONG#3,260.300020
D,DISPATCH,UNIT_SCADA,1,"2019/08/22 07:10:00",TARONG#4,349.100010
D,DISPATCH,UNIT_SCADA,1,"2019/08/22 07:10:00",TARRALEA,84.10
D,DISPATCH,UNIT_SCADA,1,"2019/08/22 07:10:00",TBSF1,-0.20
D,DISPATCH,UNIT_SCADA,1,"2019/08/22 07:10:00",TNPS1,220.000020
D,DISPATCH,UNIT_SCADA,1,"2019/08/22 07:10:00",TORRA1,49.964690
D,DISPATCH,UNIT_SCADA,1,"2019/08/22 07:10:00",TORRA2,0
D,DISPATCH,UNIT_SCADA,1,"2019/08/22 07:10:00",TORRA3,52.854310
D,DISPATCH,UNIT_SCADA,1,"2019/08/22 07:10:00",TORRA4,0
D,DISPATCH,UNIT_SCADA,1,"2019/08/22 07:10:00",TORRB1,64.94
D,DISPATCH,UNIT_SCADA,1,"2019/08/22 07:10:00",TORRB2,60.31
D,DISPATCH,UNIT_SCADA,1,"2019/08/22 07:10:00",TORRB3,0
D,DISPATCH,UNIT_SCADA,1,"2019/08/22 07:10:00",TORRB4,0
D,DISPATCH,UNIT_SCADA,1,"2019/08/22 07:10:00",TREVALLN,70.440030
D,DISPATCH,UNIT_SCADA,1,"2019/08/22 07:10:00",TRIBUTE,83.689990
D,DISPATCH,UNIT_SCADA,1,"2019/08/22 07:10:00",TUMUT3,0
D,DISPATCH,UNIT_SCADA,1,"2019/08/22 07:10:00",TUNGATIN,134.220030
D,DISPATCH,UNIT_SCADA,1,"2019/08/22 07:10:00",TVCC201,0
D,DISPATCH,UNIT_SCADA,1,"2019/08/22 07:10:00",TVPP104,57.963310
D,DISPATCH,UNIT_SCADA,1,"2019/08/22 07:10:00",UPPTUMUT,309.992520
D,DISPATCH,UNIT_SCADA,1,"2019/08/22 07:10:00",URANQ11,0
D,DISPATCH,UNIT_SCADA,1,"2019/08/22 07:10:00",URANQ12,0
D,DISPATCH,UNIT_SCADA,1,"2019/08/22 07:10:00",URANQ13,0
D,DISPATCH,UNIT_SCADA,1,"2019/08/22 07:10:00",URANQ14,0
D,DISPATCH,UNIT_SCADA,1,"2019/08/22 07:10:00",VP5,584.149960
D,DISPATCH,UNIT_SCADA,1,"2019/08/22 07:10:00",VP6,605.275020
D,DISPATCH,UNIT_SCADA,1,"2019/08/22 07:10:00",VPGS1,0
D,DISPATCH,UNIT_SCADA,1,"2019/08/22 07:10:00",VPGS2,0
D,DISPATCH,UNIT_SCADA,1,"2019/08/22 07:10:00",VPGS3,0
D,DISPATCH,UNIT_SCADA,1,"2019/08/22 07:10:00",VPGS4,0
D,DISPATCH,UNIT_SCADA,1,"2019/08/22 07:10:00",VPGS5,0
D,DISPATCH,UNIT_SCADA,1,"2019/08/22 07:10:00",VPGS6,0
D,DISPATCH,UNIT_SCADA,1,"2019/08/22 07:10:00",W/HOE#1,0
D,DISPATCH,UNIT_SCADA,1,"2019/08/22 07:10:00",W/HOE#2,0
D,DISPATCH,UNIT_SCADA,1,"2019/08/22 07:10:00",WATERLWF,57.60
D,DISPATCH,UNIT_SCADA,1,"2019/08/22 07:10:00",WEMENSF1,0
D,DISPATCH,UNIT_SCADA,1,"2019/08/22 07:10:00",WGWF1,83.10
D,DISPATCH,UNIT_SCADA,1,"2019/08/22 07:10:00",WHITSF1,8.50
D,DISPATCH,UNIT_SCADA,1,"2019/08/22 07:10:00",WKIEWA1,0
D,DISPATCH,UNIT_SCADA,1,"2019/08/22 07:10:00",WKIEWA2,17
D,DISPATCH,UNIT_SCADA,1,"2019/08/22 07:10:00",WOODLWN1,44.9640
D,DISPATCH,UNIT_SCADA,1,"2019/08/22 07:10:00",WRSF1,0.20
D,DISPATCH,UNIT_SCADA,1,"2019/08/22 07:10:00",WRWF1,166.406270
D,DISPATCH,UNIT_SCADA,1,"2019/08/22 07:10:00",YABULU,0
D,DISPATCH,UNIT_SCADA,1,"2019/08/22 07:10:00",YABULU2,0
D,DISPATCH,UNIT_SCADA,1,"2019/08/22 07:10:00",YARWUN_1,0
D,DISPATCH,UNIT_SCADA,1,"2019/08/22 07:10:00",YENDWF1,41.92
D,DISPATCH,UNIT_SCADA,1,"2019/08/22 07:10:00",YWPS1,382.455690
D,DISPATCH,UNIT_SCADA,1,"2019/08/22 07:10:00",YWPS2,280.448090
D,DISPATCH,UNIT_SCADA,1,"2019/08/22 07:10:00",YWPS3,0
D,DISPATCH,UNIT_SCADA,1,"2019/08/22 07:10:00",YWPS4,397.213930
C,"END OF REPORT",334
