C,NEMP.WORLD,DISPATCHSCADA,AEMO,PUBLIC,2019/09/04,18:45:09,0000000312393295,DISPATCHSCADA,0000000312393289
I,DISPATCH,UNIT_SCADA,1,SETTLEMENTDATE,DUID,SCADAVALUE
D,DISPATCH,UNIT_SCADA,1,"2019/09/04 18:50:00",BARCSF1,0.80
D,DISPATCH,UNIT_SCADA,1,"2019/09/04 18:50:00",BUTLERSG,10.199999
D,DISPATCH,UNIT_SCADA,1,"2019/09/04 18:50:00",CALL_A_4,0
D,DISPATCH,UNIT_SCADA,1,"2019/09/04 18:50:00",CAPTL_WF,46.860001
D,DISPATCH,UNIT_SCADA,1,"2019/09/04 18:50:00",CATHROCK,0
D,DISPATCH,UNIT_SCADA,1,"2019/09/04 18:50:00",CHALLHWF,4.70
D,DISPATCH,UNIT_SCADA,1,"2019/09/04 18:50:00",CLOVER,0
D,DISPATCH,UNIT_SCADA,1,"2019/09/04 18:50:00",CLUNY,12.191806
D,DISPATCH,UNIT_SCADA,1,"2019/09/04 18:50:00",CNUNDAWF,0.400467
D,DISPATCH,UNIT_SCADA,1,"2019/09/04 18:50:00",CULLRGWF,16.610001
D,DISPATCH,UNIT_SCADA,1,"2019/09/04 18:50:00",ERGT01,0
D,DISPATCH,UNIT_SCADA,1,"2019/09/04 18:50:00",GB01,0.012104
D,DISPATCH,UNIT_SCADA,1,"2019/09/04 18:50:00",GERMCRK,39.200001
D,DISPATCH,UNIT_SCADA,1,"2019/09/04 18:50:00",GRIFSF1,0
D,DISPATCH,UNIT_SCADA,1,"2019/09/04 18:50:00",HUGSF1,-0.0870
D,DISPATCH,UNIT_SCADA,1,"2019/09/04 18:50:00",LKBONNY1,-0.449338
D,DISPATCH,UNIT_SCADA,1,"2019/09/04 18:50:00",LRSF1,-0.02
D,DISPATCH,UNIT_SCADA,1,"2019/09/04 18:50:00",MBAHNTH,37.162498
D,DISPATCH,UNIT_SCADA,1,"2019/09/04 18:50:00",MLSP1,0.366001
D,DISPATCH,UNIT_SCADA,1,"2019/09/04 18:50:00",MLWF1,0.06
D,DISPATCH,UNIT_SCADA,1,"2019/09/04 18:50:00",MTMILLAR,0.275329
D,DISPATCH,UNIT_SCADA,1,"2019/09/04 18:50:00",PALOONA,24.019999
D,DISPATCH,UNIT_SCADA,1,"2019/09/04 18:50:00",PIONEER,45.900002
D,DISPATCH,UNIT_SCADA,1,"2019/09/04 18:50:00",PORTWF,-0.60
D,DISPATCH,UNIT_SCADA,1,"2019/09/04 18:50:00",REPULSE,19.849546
D,DISPATCH,UNIT_SCADA,1,"2019/09/04 18:50:00",ROWALLAN,10.3731
D,DISPATCH,UNIT_SCADA,1,"2019/09/04 18:50:00",ROYALLA1,0
D,DISPATCH,UNIT_SCADA,1,"2019/09/04 18:50:00",RPCG,-1.80
D,DISPATCH,UNIT_SCADA,1,"2019/09/04 18:50:00",RUBICON,0
D,DISPATCH,UNIT_SCADA,1,"2019/09/04 18:50:00",SATGN1,0
D,DISPATCH,UNIT_SCADA,1,"2019/09/04 18:50:00",SATGS1,0
D,DISPATCH,UNIT_SCADA,1,"2019/09/04 18:50:00",STARHLWF,-0.099971
D,DISPATCH,UNIT_SCADA,1,"2019/09/04 18:50:00",WAUBRAWF,31.3050
D,DISPATCH,UNIT_SCADA,1,"2019/09/04 18:50:00",WOOLNTH1,32.430016
D,DISPATCH,UNIT_SCADA,1,"2019/09/04 18:50:00",WPWF,0
D,DISPATCH,UNIT_SCADA,1,"2019/09/04 18:50:00",YAMBUKWF,-0.20
D,DISPATCH,UNIT_SCADA,1,"2019/09/04 18:50:00",YSWF1,2.50
D,DISPATCH,UNIT_SCADA,1,"2019/09/04 18:50:00",AGLHAL,91.517380
D,DISPATCH,UNIT_SCADA,1,"2019/09/04 18:50:00",AGLSOM,119.399990
D,DISPATCH,UNIT_SCADA,1,"2019/09/04 18:50:00",ANGAST1,0
D,DISPATCH,UNIT_SCADA,1,"2019/09/04 18:50:00",ARWF1,26.90
D,DISPATCH,UNIT_SCADA,1,"2019/09/04 18:50:00",BALBG1,9.70
D,DISPATCH,UNIT_SCADA,1,"2019/09/04 18:50:00",BALBL1,0
D,DISPATCH,UNIT_SCADA,1,"2019/09/04 18:50:00",BALDHWF1,10.7670
D,DISPATCH,UNIT_SCADA,1,"2019/09/04 18:50:00",BANN1,0
D,DISPATCH,UNIT_SCADA,1,"2019/09/04 18:50:00",BARCALDN,0
D,DISPATCH,UNIT_SCADA,1,"2019/09/04 18:50:00",BARRON-1,32.96
D,DISPATCH,UNIT_SCADA,1,"2019/09/04 18:50:00",BARRON-2,0
D,DISPATCH,UNIT_SCADA,1,"2019/09/04 18:50:00",BASTYAN,81.01
D,DISPATCH,UNIT_SCADA,1,"2019/09/04 18:50:00",BBTHREE1,0
D,DISPATCH,UNIT_SCADA,1,"2019/09/04 18:50:00",BBTHREE2,0
D,DISPATCH,UNIT_SCADA,1,"2019/09/04 18:50:00",BBTHREE3,0
D,DISPATCH,UNIT_SCADA,1,"2019/09/04 18:50:00",BDL01,43.80
D,DISPATCH,UNIT_SCADA,1,"2019/09/04 18:50:00",BDL02,43.92
D,DISPATCH,UNIT_SCADA,1,"2019/09/04 18:50:00",BERYLSF1,0
D,DISPATCH,UNIT_SCADA,1,"2019/09/04 18:50:00",BLOWERNG,11.10
D,DISPATCH,UNIT_SCADA,1,"2019/09/04 18:50:00",BLUFF1,10.60
D,DISPATCH,UNIT_SCADA,1,"2019/09/04 18:50:00",BNGSF1,0
D,DISPATCH,UNIT_SCADA,1,"2019/09/04 18:50:00",BNGSF2,0
D,DISPATCH,UNIT_SCADA,1,"2019/09/04 18:50:00",BOCORWF1,35.55
D,DISPATCH,UNIT_SCADA,1,"2019/09/04 18:50:00",BODWF1,48.821080
D,DISPATCH,UNIT_SCADA,1,"2019/09/04 18:50:00",BRAEMAR1,159.200010
D,DISPATCH,UNIT_SCADA,1,"2019/09/04 18:50:00",BRAEMAR2,0
D,DISPATCH,UNIT_SCADA,1,"2019/09/04 18:50:00",BRAEMAR3,172.400010
D,DISPATCH,UNIT_SCADA,1,"2019/09/04 18:50:00",BRAEMAR5,159.695850
D,DISPATCH,UNIT_SCADA,1,"2019/09/04 18:50:00",BRAEMAR6,0
D,DISPATCH,UNIT_SCADA,1,"2019/09/04 18:50:00",BRAEMAR7,0
D,DISPATCH,UNIT_SCADA,1,"2019/09/04 18:50:00",BROKENH1,0
D,DISPATCH,UNIT_SCADA,1,"2019/09/04 18:50:00",BW01,655.599980
D,DISPATCH,UNIT_SCADA,1,"2019/09/04 18:50:00",BW02,657.900020
D,DISPATCH,UNIT_SCADA,1,"2019/09/04 18:50:00",BW03,620.300050
D,DISPATCH,UNIT_SCADA,1,"2019/09/04 18:50:00",BW04,0
D,DISPATCH,UNIT_SCADA,1,"2019/09/04 18:50:00",CALL_B_1,262.300020
D,DISPATCH,UNIT_SCADA,1,"2019/09/04 18:50:00",CALL_B_2,265.700010
D,DISPATCH,UNIT_SCADA,1,"2019/09/04 18:50:00",CETHANA,98.543750
D,DISPATCH,UNIT_SCADA,1,"2019/09/04 18:50:00",CG1,0
D,DISPATCH,UNIT_SCADA,1,"2019/09/04 18:50:00",CG2,0
D,DISPATCH,UNIT_SCADA,1,"2019/09/04 18:50:00",CG3,0
D,DISPATCH,UNIT_SCADA,1,"2019/09/04 18:50:00",CG4,0
D,DISPATCH,UNIT_SCADA,1,"2019/09/04 18:50:00",CHILDSF1,0
D,DISPATCH,UNIT_SCADA,1,"2019/09/04 18:50:00",CLARESF1,0
D,DISPATCH,UNIT_SCADA,1,"2019/09/04 18:50:00",CLEMGPWF,32.559830
D,DISPATCH,UNIT_SCADA,1,"2019/09/04 18:50:00",CLERMSF1,0.18
D,DISPATCH,UNIT_SCADA,1,"2019/09/04 18:50:00",COLEASF1,0
D,DISPATCH,UNIT_SCADA,1,"2019/09/04 18:50:00",COOPGWF1,23.334120
D,DISPATCH,UNIT_SCADA,1,"2019/09/04 18:50:00",CPP_3,405.075010
D,DISPATCH,UNIT_SCADA,1,"2019/09/04 18:50:00",CPP_4,406.725010
D,DISPATCH,UNIT_SCADA,1,"2019/09/04 18:50:00",CPSA,141.1925
D,DISPATCH,UNIT_SCADA,1,"2019/09/04 18:50:00",CROOKWF2,66.693750
D,DISPATCH,UNIT_SCADA,1,"2019/09/04 18:50:00",CROWLWF1,11.1104
D,DISPATCH,UNIT_SCADA,1,"2019/09/04 18:50:00",CSPVPS1,0
D,DISPATCH,UNIT_SCADA,1,"2019/09/04 18:50:00",DALNTH01,5.992220
D,DISPATCH,UNIT_SCADA,1,"2019/09/04 18:50:00",DALNTHL1,0
D,DISPATCH,UNIT_SCADA,1,"2019/09/04 18:50:00",DARTM1,133.899990
D,DISPATCH,UNIT_SCADA,1,"2019/09/04 18:50:00",DAYDSF1,0
D,DISPATCH,UNIT_SCADA,1,"2019/09/04 18:50:00",DDPS1,503.4649
D,DISPATCH,UNIT_SCADA,1,"2019/09/04 18:50:00",DDSF1,0
D,DISPATCH,UNIT_SCADA,1,"2019/09/04 18:50:00",DEVILS_G,56.869410
D,DISPATCH,UNIT_SCADA,1,"2019/09/04 18:50:00",DG_NSW1,0
D,DISPATCH,UNIT_SCADA,1,"2019/09/04 18:50:00",DG_QLD1,0
D,DISPATCH,UNIT_SCADA,1,"2019/09/04 18:50:00",DG_SA1,0
D,DISPATCH,UNIT_SCADA,1,"2019/09/04 18:50:00",DG_TAS1,0
D,DISPATCH,UNIT_SCADA,1,"2019/09/04 18:50:00",DG_VIC1,0
D,DISPATCH,UNIT_SCADA,1,"2019/09/04 18:50:00",DRYCGT1,0
D,DISPATCH,UNIT_SCADA,1,"2019/09/04 18:50:00",DRYCGT2,0
D,DISPATCH,UNIT_SCADA,1,"2019/09/04 18:50:00",DRYCGT3,0
D,DISPATCH,UNIT_SCADA,1,"2019/09/04 18:50:00",EILDON1,0
D,DISPATCH,UNIT_SCADA,1,"2019/09/04 18:50:00",EILDON2,0
D,DISPATCH,UNIT_SCADA,1,"2019/09/04 18:50:00",EMERASF1,0
D,DISPATCH,UNIT_SCADA,1,"2019/09/04 18:50:00",ER01,587
D,DISPATCH,UNIT_SCADA,1,"2019/09/04 18:50:00",ER02,692.199950
D,DISPATCH,UNIT_SCADA,1,"2019/09/04 18:50:00",ER03,0
D,DISPATCH,UNIT_SCADA,1,"2019/09/04 18:50:00",ER04,691.50
D,DISPATCH,UNIT_SCADA,1,"2019/09/04 18:50:00",FINLYSF1,0
D,DISPATCH,UNIT_SCADA,1,"2019/09/04 18:50:00",FISHER,45.95
D,DISPATCH,UNIT_SCADA,1,"2019/09/04 18:50:00",GANNBG1,6.532580
D,DISPATCH,UNIT_SCADA,1,"2019/09/04 18:50:00",GANNBL1,0
D,DISPATCH,UNIT_SCADA,1,"2019/09/04 18:50:00",GANNSF1,0
D,DISPATCH,UNIT_SCADA,1,"2019/09/04 18:50:00",GORDON,21.7980
D,DISPATCH,UNIT_SCADA,1,"2019/09/04 18:50:00",GSTONE1,231.1750
D,DISPATCH,UNIT_SCADA,1,"2019/09/04 18:50:00",GSTONE2,227.50
D,DISPATCH,UNIT_SCADA,1,"2019/09/04 18:50:00",GSTONE3,0
D,DISPATCH,UNIT_SCADA,1,"2019/09/04 18:50:00",GSTONE4,261.975010
D,DISPATCH,UNIT_SCADA,1,"2019/09/04 18:50:00",GSTONE5,231.8750
D,DISPATCH,UNIT_SCADA,1,"2019/09/04 18:50:00",GSTONE6,230.30
D,DISPATCH,UNIT_SCADA,1,"2019/09/04 18:50:00",GULLRSF1,0
D,DISPATCH,UNIT_SCADA,1,"2019/09/04 18:50:00",GULLRWF1,92.802280
D,DISPATCH,UNIT_SCADA,1,"2019/09/04 18:50:00",GUNNING1,14.034420
D,DISPATCH,UNIT_SCADA,1,"2019/09/04 18:50:00",GUTHEGA,30.90
D,DISPATCH,UNIT_SCADA,1,"2019/09/04 18:50:00",HALLWF1,19.05
D,DISPATCH,UNIT_SCADA,1,"2019/09/04 18:50:00",HALLWF2,27.98
D,DISPATCH,UNIT_SCADA,1,"2019/09/04 18:50:00",HAMISF1,0
D,DISPATCH,UNIT_SCADA,1,"2019/09/04 18:50:00",HAUGHT11,0
D,DISPATCH,UNIT_SCADA,1,"2019/09/04 18:50:00",HAYMSF1,0
D,DISPATCH,UNIT_SCADA,1,"2019/09/04 18:50:00",HDWF1,20.20
D,DISPATCH,UNIT_SCADA,1,"2019/09/04 18:50:00",HDWF2,27.90
D,DISPATCH,UNIT_SCADA,1,"2019/09/04 18:50:00",HDWF3,21.80
D,DISPATCH,UNIT_SCADA,1,"2019/09/04 18:50:00",HPRG1,8.70
D,DISPATCH,UNIT_SCADA,1,"2019/09/04 18:50:00",HPRL1,0
D,DISPATCH,UNIT_SCADA,1,"2019/09/04 18:50:00",HUMENSW,0
D,DISPATCH,UNIT_SCADA,1,"2019/09/04 18:50:00",HUMEV,25.40
D,DISPATCH,UNIT_SCADA,1,"2019/09/04 18:50:00",HVGTS,0
D,DISPATCH,UNIT_SCADA,1,"2019/09/04 18:50:00",JBUTTERS,114.70
D,DISPATCH,UNIT_SCADA,1,"2019/09/04 18:50:00",JLA01,52.10
D,DISPATCH,UNIT_SCADA,1,"2019/09/04 18:50:00",JLA02,54
D,DISPATCH,UNIT_SCADA,1,"2019/09/04 18:50:00",JLA03,0
D,DISPATCH,UNIT_SCADA,1,"2019/09/04 18:50:00",JLA04,0
D,DISPATCH,UNIT_SCADA,1,"2019/09/04 18:50:00",JLB01,0
D,DISPATCH,UNIT_SCADA,1,"2019/09/04 18:50:00",JLB02,83.50
D,DISPATCH,UNIT_SCADA,1,"2019/09/04 18:50:00",JLB03,83.40
D,DISPATCH,UNIT_SCADA,1,"2019/09/04 18:50:00",KAREEYA1,21.49
D,DISPATCH,UNIT_SCADA,1,"2019/09/04 18:50:00",KAREEYA2,21.8175
D,DISPATCH,UNIT_SCADA,1,"2019/09/04 18:50:00",KAREEYA3,0
D,DISPATCH,UNIT_SCADA,1,"2019/09/04 18:50:00",KAREEYA4,21.6850
D,DISPATCH,UNIT_SCADA,1,"2019/09/04 18:50:00",KARSF1,0
D,DISPATCH,UNIT_SCADA,1,"2019/09/04 18:50:00",KIATAWF1,-0.20
D,DISPATCH,UNIT_SCADA,1,"2019/09/04 18:50:00",KPP_1,0
D,DISPATCH,UNIT_SCADA,1,"2019/09/04 18:50:00",KSP1,0
D,DISPATCH,UNIT_SCADA,1,"2019/09/04 18:50:00",LADBROK1,41.24
D,DISPATCH,UNIT_SCADA,1,"2019/09/04 18:50:00",LADBROK2,41.87
D,DISPATCH,UNIT_SCADA,1,"2019/09/04 18:50:00",LD01,416.887480
D,DISPATCH,UNIT_SCADA,1,"2019/09/04 18:50:00",LD02,398.981230
D,DISPATCH,UNIT_SCADA,1,"2019/09/04 18:50:00",LD03,414.862520
D,DISPATCH,UNIT_SCADA,1,"2019/09/04 18:50:00",LD04,377.043730
D,DISPATCH,UNIT_SCADA,1,"2019/09/04 18:50:00",LEM_WIL,85.375350
D,DISPATCH,UNIT_SCADA,1,"2019/09/04 18:50:00",LGAPWF1,34.91
D,DISPATCH,UNIT_SCADA,1,"2019/09/04 18:50:00",LILYSF1,0
D,DISPATCH,UNIT_SCADA,1,"2019/09/04 18:50:00",LI_WY_CA,128.595610
D,DISPATCH,UNIT_SCADA,1,"2019/09/04 18:50:00",LKBONNY2,-1.0206
D,DISPATCH,UNIT_SCADA,1,"2019/09/04 18:50:00",LKBONNY3,-0.225030
D,DISPATCH,UNIT_SCADA,1,"2019/09/04 18:50:00",LK_ECHO,0
D,DISPATCH,UNIT_SCADA,1,"2019/09/04 18:50:00",LNGS1,0
D,DISPATCH,UNIT_SCADA,1,"2019/09/04 18:50:00",LNGS2,0
D,DISPATCH,UNIT_SCADA,1,"2019/09/04 18:50:00",LONSDALE,0
D,DISPATCH,UNIT_SCADA,1,"2019/09/04 18:50:00",LOYYB1,535.712650
D,DISPATCH,UNIT_SCADA,1,"2019/09/04 18:50:00",LOYYB2,581.954410
D,DISPATCH,UNIT_SCADA,1,"2019/09/04 18:50:00",LYA1,0
D,DISPATCH,UNIT_SCADA,1,"2019/09/04 18:50:00",LYA2,0
D,DISPATCH,UNIT_SCADA,1,"2019/09/04 18:50:00",LYA3,558
D,DISPATCH,UNIT_SCADA,1,"2019/09/04 18:50:00",LYA4,540
D,DISPATCH,UNIT_SCADA,1,"2019/09/04 18:50:00",MACARTH1,3.999910
D,DISPATCH,UNIT_SCADA,1,"2019/09/04 18:50:00",MACKAYGT,0.2240
D,DISPATCH,UNIT_SCADA,1,"2019/09/04 18:50:00",MACKNTSH,89.420010
D,DISPATCH,UNIT_SCADA,1,"2019/09/04 18:50:00",MANSLR1,0
D,DISPATCH,UNIT_SCADA,1,"2019/09/04 18:50:00",MCKAY1,251.715010
D,DISPATCH,UNIT_SCADA,1,"2019/09/04 18:50:00",MEADOWBK,24.950340
D,DISPATCH,UNIT_SCADA,1,"2019/09/04 18:50:00",MERCER01,0.6180
D,DISPATCH,UNIT_SCADA,1,"2019/09/04 18:50:00",MEWF1,15.839740
D,DISPATCH,UNIT_SCADA,1,"2019/09/04 18:50:00",MINTARO,0
D,DISPATCH,UNIT_SCADA,1,"2019/09/04 18:50:00",MOREESF1,0
D,DISPATCH,UNIT_SCADA,1,"2019/09/04 18:50:00",MORTLK11,259
D,DISPATCH,UNIT_SCADA,1,"2019/09/04 18:50:00",MORTLK12,0
D,DISPATCH,UNIT_SCADA,1,"2019/09/04 18:50:00",MP1,295.75
D,DISPATCH,UNIT_SCADA,1,"2019/09/04 18:50:00",MP2,0
D,DISPATCH,UNIT_SCADA,1,"2019/09/04 18:50:00",MPP_1,427.50
D,DISPATCH,UNIT_SCADA,1,"2019/09/04 18:50:00",MPP_2,434.75
D,DISPATCH,UNIT_SCADA,1,"2019/09/04 18:50:00",MSTUART1,0
D,DISPATCH,UNIT_SCADA,1,"2019/09/04 18:50:00",MSTUART2,0
D,DISPATCH,UNIT_SCADA,1,"2019/09/04 18:50:00",MSTUART3,0
D,DISPATCH,UNIT_SCADA,1,"2019/09/04 18:50:00",MTGELWF1,15.848260
D,DISPATCH,UNIT_SCADA,1,"2019/09/04 18:50:00",MURRAY,793.276250
D,DISPATCH,UNIT_SCADA,1,"2019/09/04 18:50:00",MUSSELR1,165.399990
D,DISPATCH,UNIT_SCADA,1,"2019/09/04 18:50:00",MUWAWF1,0.59
D,DISPATCH,UNIT_SCADA,1,"2019/09/04 18:50:00",NBHWF1,25.90
D,DISPATCH,UNIT_SCADA,1,"2019/09/04 18:50:00",NPS,302.25
D,DISPATCH,UNIT_SCADA,1,"2019/09/04 18:50:00",NUMURSF1,0
D,DISPATCH,UNIT_SCADA,1,"2019/09/04 18:50:00",NYNGAN1,0
D,DISPATCH,UNIT_SCADA,1,"2019/09/04 18:50:00",OAKEY1,0
D,DISPATCH,UNIT_SCADA,1,"2019/09/04 18:50:00",OAKEY1SF,0.03
D,DISPATCH,UNIT_SCADA,1,"2019/09/04 18:50:00",OAKEY2,0
D,DISPATCH,UNIT_SCADA,1,"2019/09/04 18:50:00",OAKEY2SF,0
D,DISPATCH,UNIT_SCADA,1,"2019/09/04 18:50:00",OAKLAND1,-0.30
D,DISPATCH,UNIT_SCADA,1,"2019/09/04 18:50:00",OSB-AG,178.08
D,DISPATCH,UNIT_SCADA,1,"2019/09/04 18:50:00",PARSF1,0
D,DISPATCH,UNIT_SCADA,1,"2019/09/04 18:50:00",POAT110,0
D,DISPATCH,UNIT_SCADA,1,"2019/09/04 18:50:00",POAT220,7.32
D,DISPATCH,UNIT_SCADA,1,"2019/09/04 18:50:00",POR01,0
D,DISPATCH,UNIT_SCADA,1,"2019/09/04 18:50:00",POR03,0
D,DISPATCH,UNIT_SCADA,1,"2019/09/04 18:50:00",PPCCGT,481.589260
D,DISPATCH,UNIT_SCADA,1,"2019/09/04 18:50:00",PTSTAN1,0
D,DISPATCH,UNIT_SCADA,1,"2019/09/04 18:50:00",PUMP1,0
D,DISPATCH,UNIT_SCADA,1,"2019/09/04 18:50:00",PUMP2,0
D,DISPATCH,UNIT_SCADA,1,"2019/09/04 18:50:00",QPS1,29
D,DISPATCH,UNIT_SCADA,1,"2019/09/04 18:50:00",QPS2,22.70
D,DISPATCH,UNIT_SCADA,1,"2019/09/04 18:50:00",QPS3,22.60
D,DISPATCH,UNIT_SCADA,1,"2019/09/04 18:50:00",QPS4,23
D,DISPATCH,UNIT_SCADA,1,"2019/09/04 18:50:00",QPS5,121.84
D,DISPATCH,UNIT_SCADA,1,"2019/09/04 18:50:00",REECE1,117.830010
D,DISPATCH,UNIT_SCADA,1,"2019/09/04 18:50:00",REECE2,118.030010
D,DISPATCH,UNIT_SCADA,1,"2019/09/04 18:50:00",ROMA_7,0
D,DISPATCH,UNIT_SCADA,1,"2019/09/04 18:50:00",ROMA_8,0
D,DISPATCH,UNIT_SCADA,1,"2019/09/04 18:50:00",RRSF1,0
D,DISPATCH,UNIT_SCADA,1,"2019/09/04 18:50:00",RT_NSW1,0
D,DISPATCH,UNIT_SCADA,1,"2019/09/04 18:50:00",RT_NSW2,0
D,DISPATCH,UNIT_SCADA,1,"2019/09/04 18:50:00",RT_NSW3,0
D,DISPATCH,UNIT_SCADA,1,"2019/09/04 18:50:00",RT_NSW4,0
D,DISPATCH,UNIT_SCADA,1,"2019/09/04 18:50:00",RT_NSW5,0
D,DISPATCH,UNIT_SCADA,1,"2019/09/04 18:50:00",RT_NSW6,0
D,DISPATCH,UNIT_SCADA,1,"2019/09/04 18:50:00",RT_QLD1,0
D,DISPATCH,UNIT_SCADA,1,"2019/09/04 18:50:00",RT_SA1,0
D,DISPATCH,UNIT_SCADA,1,"2019/09/04 18:50:00",RT_SA2,0
D,DISPATCH,UNIT_SCADA,1,"2019/09/04 18:50:00",RT_SA3,0
D,DISPATCH,UNIT_SCADA,1,"2019/09/04 18:50:00",RT_SA4,0
D,DISPATCH,UNIT_SCADA,1,"2019/09/04 18:50:00",RT_SA5,0
D,DISPATCH,UNIT_SCADA,1,"2019/09/04 18:50:00",RT_SA6,0
D,DISPATCH,UNIT_SCADA,1,"2019/09/04 18:50:00",RT_TAS1,0
D,DISPATCH,UNIT_SCADA,1,"2019/09/04 18:50:00",RT_VIC1,0
D,DISPATCH,UNIT_SCADA,1,"2019/09/04 18:50:00",RT_VIC10,0
D,DISPATCH,UNIT_SCADA,1,"2019/09/04 18:50:00",RT_VIC11,0
D,DISPATCH,UNIT_SCADA,1,"2019/09/04 18:50:00",RT_VIC12,0
D,DISPATCH,UNIT_SCADA,1,"2019/09/04 18:50:00",RT_VIC2,0
D,DISPATCH,UNIT_SCADA,1,"2019/09/04 18:50:00",RT_VIC3,0
D,DISPATCH,UNIT_SCADA,1,"2019/09/04 18:50:00",RT_VIC4,0
D,DISPATCH,UNIT_SCADA,1,"2019/09/04 18:50:00",RT_VIC5,0
D,DISPATCH,UNIT_SCADA,1,"2019/09/04 18:50:00",RT_VIC6,0
D,DISPATCH,UNIT_SCADA,1,"2019/09/04 18:50:00",RT_VIC7,0
D,DISPATCH,UNIT_SCADA,1,"2019/09/04 18:50:00",RT_VIC8,0
D,DISPATCH,UNIT_SCADA,1,"2019/09/04 18:50:00",RT_VIC9,0
D,DISPATCH,UNIT_SCADA,1,"2019/09/04 18:50:00",RUGBYR1,0
D,DISPATCH,UNIT_SCADA,1,"2019/09/04 18:50:00",SALTCRK1,0.11
D,DISPATCH,UNIT_SCADA,1,"2019/09/04 18:50:00",SAPHWF1,124.406250
D,DISPATCH,UNIT_SCADA,1,"2019/09/04 18:50:00",SHGEN,158.587230
D,DISPATCH,UNIT_SCADA,1,"2019/09/04 18:50:00",SHPUMP,0
D,DISPATCH,UNIT_SCADA,1,"2019/09/04 18:50:00",SITHE01,113.517710
D,DISPATCH,UNIT_SCADA,1,"2019/09/04 18:50:00",SMCSF1,0
D,DISPATCH,UNIT_SCADA,1,"2019/09/04 18:50:00",SNOWNTH1,6.60
D,DISPATCH,UNIT_SCADA,1,"2019/09/04 18:50:00",SNOWSTH1,6.20
D,DISPATCH,UNIT_SCADA,1,"2019/09/04 18:50:00",SNOWTWN1,8.240750
D,DISPATCH,UNIT_SCADA,1,"2019/09/04 18:50:00",SNOWYP,0
D,DISPATCH,UNIT_SCADA,1,"2019/09/04 18:50:00",SNUG1,0.019440
D,DISPATCH,UNIT_SCADA,1,"2019/09/04 18:50:00",SRSF1,0.06
D,DISPATCH,UNIT_SCADA,1,"2019/09/04 18:50:00",STAN-1,217.928240
D,DISPATCH,UNIT_SCADA,1,"2019/09/04 18:50:00",STAN-2,358.078060
D,DISPATCH,UNIT_SCADA,1,"2019/09/04 18:50:00",STAN-3,364.615140
D,DISPATCH,UNIT_SCADA,1,"2019/09/04 18:50:00",STAN-4,364.474150
D,DISPATCH,UNIT_SCADA,1,"2019/09/04 18:50:00",STWF1,73.1925
D,DISPATCH,UNIT_SCADA,1,"2019/09/04 18:50:00",SWAN_E,0
D,DISPATCH,UNIT_SCADA,1,"2019/09/04 18:50:00",TALWA1,436
D,DISPATCH,UNIT_SCADA,1,"2019/09/04 18:50:00",TARALGA1,39.468740
D,DISPATCH,UNIT_SCADA,1,"2019/09/04 18:50:00",TARONG#1,343.700010
D,DISPATCH,UNIT_SCADA,1,"2019/09/04 18:50:00",TARONG#2,0
D,DISPATCH,UNIT_SCADA,1,"2019/09/04 18:50:00",TARONG#3,348.899990
D,DISPATCH,UNIT_SCADA,1,"2019/09/04 18:50:00",TARONG#4,349.600010
D,DISPATCH,UNIT_SCADA,1,"2019/09/04 18:50:00",TARRALEA,71.10
D,DISPATCH,UNIT_SCADA,1,"2019/09/04 18:50:00",TBSF1,-0.20
D,DISPATCH,UNIT_SCADA,1,"2019/09/04 18:50:00",TNPS1,380.500030
D,DISPATCH,UNIT_SCADA,1,"2019/09/04 18:50:00",TORRA1,115.245660
D,DISPATCH,UNIT_SCADA,1,"2019/09/04 18:50:00",TORRA2,0
D,DISPATCH,UNIT_SCADA,1,"2019/09/04 18:50:00",TORRA3,0
D,DISPATCH,UNIT_SCADA,1,"2019/09/04 18:50:00",TORRA4,104.868180
D,DISPATCH,UNIT_SCADA,1,"2019/09/04 18:50:00",TORRB1,186.460010
D,DISPATCH,UNIT_SCADA,1,"2019/09/04 18:50:00",TORRB2,187.14
D,DISPATCH,UNIT_SCADA,1,"2019/09/04 18:50:00",TORRB3,185.67
D,DISPATCH,UNIT_SCADA,1,"2019/09/04 18:50:00",TORRB4,0
D,DISPATCH,UNIT_SCADA,1,"2019/09/04 18:50:00",TREVALLN,44.440020
D,DISPATCH,UNIT_SCADA,1,"2019/09/04 18:50:00",TRIBUTE,0
D,DISPATCH,UNIT_SCADA,1,"2019/09/04 18:50:00",TUMUT3,1.01
D,DISPATCH,UNIT_SCADA,1,"2019/09/04 18:50:00",TUNGATIN,124.600030
D,DISPATCH,UNIT_SCADA,1,"2019/09/04 18:50:00",TVCC201,0
D,DISPATCH,UNIT_SCADA,1,"2019/09/04 18:50:00",TVPP104,0
D,DISPATCH,UNIT_SCADA,1,"2019/09/04 18:50:00",UPPTUMUT,556.331120
D,DISPATCH,UNIT_SCADA,1,"2019/09/04 18:50:00",URANQ11,162.518740
D,DISPATCH,UNIT_SCADA,1,"2019/09/04 18:50:00",URANQ12,162.799990
D,DISPATCH,UNIT_SCADA,1,"2019/09/04 18:50:00",URANQ13,0
D,DISPATCH,UNIT_SCADA,1,"2019/09/04 18:50:00",URANQ14,0
D,DISPATCH,UNIT_SCADA,1,"2019/09/04 18:50:00",VP5,622.450010
D,DISPATCH,UNIT_SCADA,1,"2019/09/04 18:50:00",VP6,0
D,DISPATCH,UNIT_SCADA,1,"2019/09/04 18:50:00",VPGS1,0
D,DISPATCH,UNIT_SCADA,1,"2019/09/04 18:50:00",VPGS2,0
D,DISPATCH,UNIT_SCADA,1,"2019/09/04 18:50:00",VPGS3,0
D,DISPATCH,UNIT_SCADA,1,"2019/09/04 18:50:00",VPGS4,0
D,DISPATCH,UNIT_SCADA,1,"2019/09/04 18:50:00",VPGS5,0
D,DISPATCH,UNIT_SCADA,1,"2019/09/04 18:50:00",VPGS6,0
D,DISPATCH,UNIT_SCADA,1,"2019/09/04 18:50:00",W/HOE#1,284.94
D,DISPATCH,UNIT_SCADA,1,"2019/09/04 18:50:00",W/HOE#2,0
D,DISPATCH,UNIT_SCADA,1,"2019/09/04 18:50:00",WATERLWF,-0.90
D,DISPATCH,UNIT_SCADA,1,"2019/09/04 18:50:00",WEMENSF1,0
D,DISPATCH,UNIT_SCADA,1,"2019/09/04 18:50:00",WGWF1,18.80
D,DISPATCH,UNIT_SCADA,1,"2019/09/04 18:50:00",WHITSF1,0
D,DISPATCH,UNIT_SCADA,1,"2019/09/04 18:50:00",WKIEWA1,32.10
D,DISPATCH,UNIT_SCADA,1,"2019/09/04 18:50:00",WKIEWA2,32.20
D,DISPATCH,UNIT_SCADA,1,"2019/09/04 18:50:00",WOODLWN1,14.588990
D,DISPATCH,UNIT_SCADA,1,"2019/09/04 18:50:00",WRSF1,0
D,DISPATCH,UNIT_SCADA,1,"2019/09/04 18:50:00",WRWF1,33.8075
D,DISPATCH,UNIT_SCADA,1,"2019/09/04 18:50:00",YABULU,160.920010
D,DISPATCH,UNIT_SCADA,1,"2019/09/04 18:50:00",YABULU2,0
D,DISPATCH,UNIT_SCADA,1,"2019/09/04 18:50:00",YARWUN_1,160.099990
D,DISPATCH,UNIT_SCADA,1,"2019/09/04 18:50:00",YENDWF1,0.88
D,DISPATCH,UNIT_SCADA,1,"2019/09/04 18:50:00",YWPS1,379.698730
D,DISPATCH,UNIT_SCADA,1,"2019/09/04 18:50:00",YWPS2,278.944310
D,DISPATCH,UNIT_SCADA,1,"2019/09/04 18:50:00",YWPS3,0
D,DISPATCH,UNIT_SCADA,1,"2019/09/04 18:50:00",YWPS4,386.487340
C,"END OF REPORT",335
