C,NEMP.WORLD,DISPATCHSCADA,AEMO,PUBLIC,2019/08/20,16:15:08,0000000311792595,DISPATCHSCADA,0000000311792589
I,DISPATCH,UNIT_SCADA,1,SETTLEMENTDATE,DUID,SCADAVALUE
D,DISPATCH,UNIT_SCADA,1,"2019/08/20 16:20:00",BARCSF1,18.50
D,DISPATCH,UNIT_SCADA,1,"2019/08/20 16:20:00",BUTLERSG,9.799998
D,DISPATCH,UNIT_SCADA,1,"2019/08/20 16:20:00",CALL_A_4,0
D,DISPATCH,UNIT_SCADA,1,"2019/08/20 16:20:00",CAPTL_WF,135.988007
D,DISPATCH,UNIT_SCADA,1,"2019/08/20 16:20:00",CATHROCK,49.709995
D,DISPATCH,UNIT_SCADA,1,"2019/08/20 16:20:00",CHALLHWF,35.599998
D,DISPATCH,UNIT_SCADA,1,"2019/08/20 16:20:00",CLOVER,-0.01
D,DISPATCH,UNIT_SCADA,1,"2019/08/20 16:20:00",CLUNY,17.707027
D,DISPATCH,UNIT_SCADA,1,"2019/08/20 16:20:00",CNUNDAWF,41.648582
D,DISPATCH,UNIT_SCADA,1,"2019/08/20 16:20:00",CULLRGWF,30.379999
D,DISPATCH,UNIT_SCADA,1,"2019/08/20 16:20:00",ERGT01,0
D,DISPATCH,UNIT_SCADA,1,"2019/08/20 16:20:00",GB01,0.066315
D,DISPATCH,UNIT_SCADA,1,"2019/08/20 16:20:00",GERMCRK,31.40
D,DISPATCH,UNIT_SCADA,1,"2019/08/20 16:20:00",GRIFSF1,22.50
D,DISPATCH,UNIT_SCADA,1,"2019/08/20 16:20:00",HUGSF1,8.9670
D,DISPATCH,UNIT_SCADA,1,"2019/08/20 16:20:00",LKBONNY1,-0.806575
D,DISPATCH,UNIT_SCADA,1,"2019/08/20 16:20:00",LRSF1,11.9020
D,DISPATCH,UNIT_SCADA,1,"2019/08/20 16:20:00",MBAHNTH,52.856247
D,DISPATCH,UNIT_SCADA,1,"2019/08/20 16:20:00",MLSP1,4.327001
D,DISPATCH,UNIT_SCADA,1,"2019/08/20 16:20:00",MLWF1,19.470001
D,DISPATCH,UNIT_SCADA,1,"2019/08/20 16:20:00",MTMILLAR,27.927242
D,DISPATCH,UNIT_SCADA,1,"2019/08/20 16:20:00",PALOONA,7.98
D,DISPATCH,UNIT_SCADA,1,"2019/08/20 16:20:00",PIONEER,11.50
D,DISPATCH,UNIT_SCADA,1,"2019/08/20 16:20:00",PORTWF,138.600006
D,DISPATCH,UNIT_SCADA,1,"2019/08/20 16:20:00",REPULSE,29.304035
D,DISPATCH,UNIT_SCADA,1,"2019/08/20 16:20:00",ROWALLAN,9.9116
D,DISPATCH,UNIT_SCADA,1,"2019/08/20 16:20:00",ROYALLA1,4.753001
D,DISPATCH,UNIT_SCADA,1,"2019/08/20 16:20:00",RPCG,11.40
D,DISPATCH,UNIT_SCADA,1,"2019/08/20 16:20:00",RUBICON,0
D,DISPATCH,UNIT_SCADA,1,"2019/08/20 16:20:00",SATGN1,0
D,DISPATCH,UNIT_SCADA,1,"2019/08/20 16:20:00",SATGS1,0
D,DISPATCH,UNIT_SCADA,1,"2019/08/20 16:20:00",STARHLWF,29.691341
D,DISPATCH,UNIT_SCADA,1,"2019/08/20 16:20:00",WAUBRAWF,131.4160
D,DISPATCH,UNIT_SCADA,1,"2019/08/20 16:20:00",WOOLNTH1,70.030022
D,DISPATCH,UNIT_SCADA,1,"2019/08/20 16:20:00",WPWF,37
D,DISPATCH,UNIT_SCADA,1,"2019/08/20 16:20:00",YAMBUKWF,29.40
D,DISPATCH,UNIT_SCADA,1,"2019/08/20 16:20:00",YSWF1,28.60
D,DISPATCH,UNIT_SCADA,1,"2019/08/20 16:20:00",AGLHAL,0
D,DISPATCH,UNIT_SCADA,1,"2019/08/20 16:20:00",AGLSOM,0
D,DISPATCH,UNIT_SCADA,1,"2019/08/20 16:20:00",ANGAST1,0
D,DISPATCH,UNIT_SCADA,1,"2019/08/20 16:20:00",ARWF1,87.20
D,DISPATCH,UNIT_SCADA,1,"2019/08/20 16:20:00",BALBG1,9.09
D,DISPATCH,UNIT_SCADA,1,"2019/08/20 16:20:00",BALBL1,0
D,DISPATCH,UNIT_SCADA,1,"2019/08/20 16:20:00",BALDHWF1,103.2450
D,DISPATCH,UNIT_SCADA,1,"2019/08/20 16:20:00",BANN1,15.75
D,DISPATCH,UNIT_SCADA,1,"2019/08/20 16:20:00",BARCALDN,0
D,DISPATCH,UNIT_SCADA,1,"2019/08/20 16:20:00",BARRON-1,0
D,DISPATCH,UNIT_SCADA,1,"2019/08/20 16:20:00",BARRON-2,25.96
D,DISPATCH,UNIT_SCADA,1,"2019/08/20 16:20:00",BASTYAN,76.80
D,DISPATCH,UNIT_SCADA,1,"2019/08/20 16:20:00",BBTHREE1,-1.90
D,DISPATCH,UNIT_SCADA,1,"2019/08/20 16:20:00",BBTHREE2,-1.99
D,DISPATCH,UNIT_SCADA,1,"2019/08/20 16:20:00",BBTHREE3,-1.02
D,DISPATCH,UNIT_SCADA,1,"2019/08/20 16:20:00",BDL01,0
D,DISPATCH,UNIT_SCADA,1,"2019/08/20 16:20:00",BDL02,0
D,DISPATCH,UNIT_SCADA,1,"2019/08/20 16:20:00",BERYLSF1,42.219470
D,DISPATCH,UNIT_SCADA,1,"2019/08/20 16:20:00",BLOWERNG,0
D,DISPATCH,UNIT_SCADA,1,"2019/08/20 16:20:00",BLUFF1,51.90
D,DISPATCH,UNIT_SCADA,1,"2019/08/20 16:20:00",BNGSF1,35.90
D,DISPATCH,UNIT_SCADA,1,"2019/08/20 16:20:00",BNGSF2,19.26
D,DISPATCH,UNIT_SCADA,1,"2019/08/20 16:20:00",BOCORWF1,109.02
D,DISPATCH,UNIT_SCADA,1,"2019/08/20 16:20:00",BODWF1,84.2521
D,DISPATCH,UNIT_SCADA,1,"2019/08/20 16:20:00",BRAEMAR1,0
D,DISPATCH,UNIT_SCADA,1,"2019/08/20 16:20:00",BRAEMAR2,0
D,DISPATCH,UNIT_SCADA,1,"2019/08/20 16:20:00",BRAEMAR3,0
D,DISPATCH,UNIT_SCADA,1,"2019/08/20 16:20:00",BRAEMAR5,0
D,DISPATCH,UNIT_SCADA,1,"2019/08/20 16:20:00",BRAEMAR6,0
D,DISPATCH,UNIT_SCADA,1,"2019/08/20 16:20:00",BRAEMAR7,0
D,DISPATCH,UNIT_SCADA,1,"2019/08/20 16:20:00",BROKENH1,31.333250
D,DISPATCH,UNIT_SCADA,1,"2019/08/20 16:20:00",BW01,415.224980
D,DISPATCH,UNIT_SCADA,1,"2019/08/20 16:20:00",BW02,599.525020
D,DISPATCH,UNIT_SCADA,1,"2019/08/20 16:20:00",BW03,597.1250
D,DISPATCH,UNIT_SCADA,1,"2019/08/20 16:20:00",BW04,0
D,DISPATCH,UNIT_SCADA,1,"2019/08/20 16:20:00",CALL_B_1,349.50
D,DISPATCH,UNIT_SCADA,1,"2019/08/20 16:20:00",CALL_B_2,295
D,DISPATCH,UNIT_SCADA,1,"2019/08/20 16:20:00",CETHANA,94.292630
D,DISPATCH,UNIT_SCADA,1,"2019/08/20 16:20:00",CG1,0
D,DISPATCH,UNIT_SCADA,1,"2019/08/20 16:20:00",CG2,0
D,DISPATCH,UNIT_SCADA,1,"2019/08/20 16:20:00",CG3,0
D,DISPATCH,UNIT_SCADA,1,"2019/08/20 16:20:00",CG4,0
D,DISPATCH,UNIT_SCADA,1,"2019/08/20 16:20:00",CHILDSF1,33.20
D,DISPATCH,UNIT_SCADA,1,"2019/08/20 16:20:00",CLARESF1,34.283520
D,DISPATCH,UNIT_SCADA,1,"2019/08/20 16:20:00",CLEMGPWF,23.123240
D,DISPATCH,UNIT_SCADA,1,"2019/08/20 16:20:00",CLERMSF1,15.06
D,DISPATCH,UNIT_SCADA,1,"2019/08/20 16:20:00",COLEASF1,69.900010
D,DISPATCH,UNIT_SCADA,1,"2019/08/20 16:20:00",COOPGWF1,22.174380
D,DISPATCH,UNIT_SCADA,1,"2019/08/20 16:20:00",CPP_3,405.899990
D,DISPATCH,UNIT_SCADA,1,"2019/08/20 16:20:00",CPP_4,405.350010
D,DISPATCH,UNIT_SCADA,1,"2019/08/20 16:20:00",CPSA,143.783750
D,DISPATCH,UNIT_SCADA,1,"2019/08/20 16:20:00",CROOKWF2,75.493740
D,DISPATCH,UNIT_SCADA,1,"2019/08/20 16:20:00",CROWLWF1,43.005950
D,DISPATCH,UNIT_SCADA,1,"2019/08/20 16:20:00",CSPVPS1,17.3620
D,DISPATCH,UNIT_SCADA,1,"2019/08/20 16:20:00",DALNTH01,0
D,DISPATCH,UNIT_SCADA,1,"2019/08/20 16:20:00",DALNTHL1,0.0351
D,DISPATCH,UNIT_SCADA,1,"2019/08/20 16:20:00",DARTM1,134.399990
D,DISPATCH,UNIT_SCADA,1,"2019/08/20 16:20:00",DAYDSF1,96.8450
D,DISPATCH,UNIT_SCADA,1,"2019/08/20 16:20:00",DDPS1,160.626830
D,DISPATCH,UNIT_SCADA,1,"2019/08/20 16:20:00",DDSF1,43.235330
D,DISPATCH,UNIT_SCADA,1,"2019/08/20 16:20:00",DEVILS_G,60.094610
D,DISPATCH,UNIT_SCADA,1,"2019/08/20 16:20:00",DG_NSW1,0
D,DISPATCH,UNIT_SCADA,1,"2019/08/20 16:20:00",DG_QLD1,0
D,DISPATCH,UNIT_SCADA,1,"2019/08/20 16:20:00",DG_SA1,0
D,DISPATCH,UNIT_SCADA,1,"2019/08/20 16:20:00",DG_TAS1,0
D,DISPATCH,UNIT_SCADA,1,"2019/08/20 16:20:00",DG_VIC1,0
D,DISPATCH,UNIT_SCADA,1,"2019/08/20 16:20:00",DRYCGT1,0
D,DISPATCH,UNIT_SCADA,1,"2019/08/20 16:20:00",DRYCGT2,0
D,DISPATCH,UNIT_SCADA,1,"2019/08/20 16:20:00",DRYCGT3,0
D,DISPATCH,UNIT_SCADA,1,"2019/08/20 16:20:00",EILDON1,0
D,DISPATCH,UNIT_SCADA,1,"2019/08/20 16:20:00",EILDON2,0
D,DISPATCH,UNIT_SCADA,1,"2019/08/20 16:20:00",EMERASF1,52.81
D,DISPATCH,UNIT_SCADA,1,"2019/08/20 16:20:00",ER01,428.775020
D,DISPATCH,UNIT_SCADA,1,"2019/08/20 16:20:00",ER02,429.450070
D,DISPATCH,UNIT_SCADA,1,"2019/08/20 16:20:00",ER03,698.25
D,DISPATCH,UNIT_SCADA,1,"2019/08/20 16:20:00",ER04,427.824950
D,DISPATCH,UNIT_SCADA,1,"2019/08/20 16:20:00",FINLYSF1,0
D,DISPATCH,UNIT_SCADA,1,"2019/08/20 16:20:00",FISHER,45.94
D,DISPATCH,UNIT_SCADA,1,"2019/08/20 16:20:00",GANNBG1,6.101150
D,DISPATCH,UNIT_SCADA,1,"2019/08/20 16:20:00",GANNBL1,0
D,DISPATCH,UNIT_SCADA,1,"2019/08/20 16:20:00",GANNSF1,7.10
D,DISPATCH,UNIT_SCADA,1,"2019/08/20 16:20:00",GORDON,14.435120
D,DISPATCH,UNIT_SCADA,1,"2019/08/20 16:20:00",GSTONE1,153.30
D,DISPATCH,UNIT_SCADA,1,"2019/08/20 16:20:00",GSTONE2,155.05
D,DISPATCH,UNIT_SCADA,1,"2019/08/20 16:20:00",GSTONE3,148.399990
D,DISPATCH,UNIT_SCADA,1,"2019/08/20 16:20:00",GSTONE4,152.0750
D,DISPATCH,UNIT_SCADA,1,"2019/08/20 16:20:00",GSTONE5,153.8250
D,DISPATCH,UNIT_SCADA,1,"2019/08/20 16:20:00",GSTONE6,0
D,DISPATCH,UNIT_SCADA,1,"2019/08/20 16:20:00",GULLRSF1,1.269710
D,DISPATCH,UNIT_SCADA,1,"2019/08/20 16:20:00",GULLRWF1,150.738370
D,DISPATCH,UNIT_SCADA,1,"2019/08/20 16:20:00",GUNNING1,40.260170
D,DISPATCH,UNIT_SCADA,1,"2019/08/20 16:20:00",GUTHEGA,0
D,DISPATCH,UNIT_SCADA,1,"2019/08/20 16:20:00",HALLWF1,92.11
D,DISPATCH,UNIT_SCADA,1,"2019/08/20 16:20:00",HALLWF2,63.98
D,DISPATCH,UNIT_SCADA,1,"2019/08/20 16:20:00",HAMISF1,39.70
D,DISPATCH,UNIT_SCADA,1,"2019/08/20 16:20:00",HAUGHT11,49.944580
D,DISPATCH,UNIT_SCADA,1,"2019/08/20 16:20:00",HAYMSF1,33.3190
D,DISPATCH,UNIT_SCADA,1,"2019/08/20 16:20:00",HDWF1,79.30
D,DISPATCH,UNIT_SCADA,1,"2019/08/20 16:20:00",HDWF2,62.50
D,DISPATCH,UNIT_SCADA,1,"2019/08/20 16:20:00",HDWF3,69.60
D,DISPATCH,UNIT_SCADA,1,"2019/08/20 16:20:00",HPRG1,10.40
D,DISPATCH,UNIT_SCADA,1,"2019/08/20 16:20:00",HPRL1,0
D,DISPATCH,UNIT_SCADA,1,"2019/08/20 16:20:00",HUMENSW,0
D,DISPATCH,UNIT_SCADA,1,"2019/08/20 16:20:00",HUMEV,8.40
D,DISPATCH,UNIT_SCADA,1,"2019/08/20 16:20:00",HVGTS,0
D,DISPATCH,UNIT_SCADA,1,"2019/08/20 16:20:00",JBUTTERS,140.73
D,DISPATCH,UNIT_SCADA,1,"2019/08/20 16:20:00",JLA01,0.50
D,DISPATCH,UNIT_SCADA,1,"2019/08/20 16:20:00",JLA02,0
D,DISPATCH,UNIT_SCADA,1,"2019/08/20 16:20:00",JLA03,0.10
D,DISPATCH,UNIT_SCADA,1,"2019/08/20 16:20:00",JLA04,0.10
D,DISPATCH,UNIT_SCADA,1,"2019/08/20 16:20:00",JLB01,0
D,DISPATCH,UNIT_SCADA,1,"2019/08/20 16:20:00",JLB02,0.10
D,DISPATCH,UNIT_SCADA,1,"2019/08/20 16:20:00",JLB03,0
D,DISPATCH,UNIT_SCADA,1,"2019/08/20 16:20:00",KAREEYA1,21.57
D,DISPATCH,UNIT_SCADA,1,"2019/08/20 16:20:00",KAREEYA2,21.9950
D,DISPATCH,UNIT_SCADA,1,"2019/08/20 16:20:00",KAREEYA3,0
D,DISPATCH,UNIT_SCADA,1,"2019/08/20 16:20:00",KAREEYA4,21.8125
D,DISPATCH,UNIT_SCADA,1,"2019/08/20 16:20:00",KARSF1,24.40
D,DISPATCH,UNIT_SCADA,1,"2019/08/20 16:20:00",KIATAWF1,31
D,DISPATCH,UNIT_SCADA,1,"2019/08/20 16:20:00",KPP_1,0
D,DISPATCH,UNIT_SCADA,1,"2019/08/20 16:20:00",KSP1,42.71
D,DISPATCH,UNIT_SCADA,1,"2019/08/20 16:20:00",LADBROK1,0
D,DISPATCH,UNIT_SCADA,1,"2019/08/20 16:20:00",LADBROK2,0
D,DISPATCH,UNIT_SCADA,1,"2019/08/20 16:20:00",LD01,382.481230
D,DISPATCH,UNIT_SCADA,1,"2019/08/20 16:20:00",LD02,377.175020
D,DISPATCH,UNIT_SCADA,1,"2019/08/20 16:20:00",LD03,374.587550
D,DISPATCH,UNIT_SCADA,1,"2019/08/20 16:20:00",LD04,374.3812
D,DISPATCH,UNIT_SCADA,1,"2019/08/20 16:20:00",LEM_WIL,85.5849
D,DISPATCH,UNIT_SCADA,1,"2019/08/20 16:20:00",LGAPWF1,16.39
D,DISPATCH,UNIT_SCADA,1,"2019/08/20 16:20:00",LILYSF1,73.9246
D,DISPATCH,UNIT_SCADA,1,"2019/08/20 16:20:00",LI_WY_CA,148.590230
D,DISPATCH,UNIT_SCADA,1,"2019/08/20 16:20:00",LKBONNY2,152.885530
D,DISPATCH,UNIT_SCADA,1,"2019/08/20 16:20:00",LKBONNY3,38.070610
D,DISPATCH,UNIT_SCADA,1,"2019/08/20 16:20:00",LK_ECHO,0
D,DISPATCH,UNIT_SCADA,1,"2019/08/20 16:20:00",LNGS1,0
D,DISPATCH,UNIT_SCADA,1,"2019/08/20 16:20:00",LNGS2,0
D,DISPATCH,UNIT_SCADA,1,"2019/08/20 16:20:00",LONSDALE,0
D,DISPATCH,UNIT_SCADA,1,"2019/08/20 16:20:00",LOYYB1,539.848080
D,DISPATCH,UNIT_SCADA,1,"2019/08/20 16:20:00",LOYYB2,581.954410
D,DISPATCH,UNIT_SCADA,1,"2019/08/20 16:20:00",LYA1,559
D,DISPATCH,UNIT_SCADA,1,"2019/08/20 16:20:00",LYA2,0
D,DISPATCH,UNIT_SCADA,1,"2019/08/20 16:20:00",LYA3,558
D,DISPATCH,UNIT_SCADA,1,"2019/08/20 16:20:00",LYA4,537
D,DISPATCH,UNIT_SCADA,1,"2019/08/20 16:20:00",MACARTH1,377.3913
D,DISPATCH,UNIT_SCADA,1,"2019/08/20 16:20:00",MACKAYGT,0
D,DISPATCH,UNIT_SCADA,1,"2019/08/20 16:20:00",MACKNTSH,85.570010
D,DISPATCH,UNIT_SCADA,1,"2019/08/20 16:20:00",MANSLR1,28.2910
D,DISPATCH,UNIT_SCADA,1,"2019/08/20 16:20:00",MCKAY1,0.02
D,DISPATCH,UNIT_SCADA,1,"2019/08/20 16:20:00",MEADOWBK,33.924460
D,DISPATCH,UNIT_SCADA,1,"2019/08/20 16:20:00",MERCER01,127.4810
D,DISPATCH,UNIT_SCADA,1,"2019/08/20 16:20:00",MEWF1,51.263490
D,DISPATCH,UNIT_SCADA,1,"2019/08/20 16:20:00",MINTARO,0
D,DISPATCH,UNIT_SCADA,1,"2019/08/20 16:20:00",MOREESF1,43.5180
D,DISPATCH,UNIT_SCADA,1,"2019/08/20 16:20:00",MORTLK11,140
D,DISPATCH,UNIT_SCADA,1,"2019/08/20 16:20:00",MORTLK12,0
D,DISPATCH,UNIT_SCADA,1,"2019/08/20 16:20:00",MP1,273.150020
D,DISPATCH,UNIT_SCADA,1,"2019/08/20 16:20:00",MP2,0
D,DISPATCH,UNIT_SCADA,1,"2019/08/20 16:20:00",MPP_1,372.75
D,DISPATCH,UNIT_SCADA,1,"2019/08/20 16:20:00",MPP_2,416.75
D,DISPATCH,UNIT_SCADA,1,"2019/08/20 16:20:00",MSTUART1,0
D,DISPATCH,UNIT_SCADA,1,"2019/08/20 16:20:00",MSTUART2,0
D,DISPATCH,UNIT_SCADA,1,"2019/08/20 16:20:00",MSTUART3,0
D,DISPATCH,UNIT_SCADA,1,"2019/08/20 16:20:00",MTGELWF1,64.339130
D,DISPATCH,UNIT_SCADA,1,"2019/08/20 16:20:00",MURRAY,0
D,DISPATCH,UNIT_SCADA,1,"2019/08/20 16:20:00",MUSSELR1,5.30
D,DISPATCH,UNIT_SCADA,1,"2019/08/20 16:20:00",MUWAWF1,56.47
D,DISPATCH,UNIT_SCADA,1,"2019/08/20 16:20:00",NBHWF1,119.10
D,DISPATCH,UNIT_SCADA,1,"2019/08/20 16:20:00",NPS,95.6250
D,DISPATCH,UNIT_SCADA,1,"2019/08/20 16:20:00",NUMURSF1,8.67
D,DISPATCH,UNIT_SCADA,1,"2019/08/20 16:20:00",NYNGAN1,44.25
D,DISPATCH,UNIT_SCADA,1,"2019/08/20 16:20:00",OAKEY1,0
D,DISPATCH,UNIT_SCADA,1,"2019/08/20 16:20:00",OAKEY1SF,15.6660
D,DISPATCH,UNIT_SCADA,1,"2019/08/20 16:20:00",OAKEY2,0
D,DISPATCH,UNIT_SCADA,1,"2019/08/20 16:20:00",OAKLAND1,60.10
D,DISPATCH,UNIT_SCADA,1,"2019/08/20 16:20:00",OSB-AG,142.63
D,DISPATCH,UNIT_SCADA,1,"2019/08/20 16:20:00",PARSF1,39.80
D,DISPATCH,UNIT_SCADA,1,"2019/08/20 16:20:00",POAT110,0
D,DISPATCH,UNIT_SCADA,1,"2019/08/20 16:20:00",POAT220,15.12
D,DISPATCH,UNIT_SCADA,1,"2019/08/20 16:20:00",POR01,0
D,DISPATCH,UNIT_SCADA,1,"2019/08/20 16:20:00",POR03,0
D,DISPATCH,UNIT_SCADA,1,"2019/08/20 16:20:00",PPCCGT,372.8703
D,DISPATCH,UNIT_SCADA,1,"2019/08/20 16:20:00",PTSTAN1,0
D,DISPATCH,UNIT_SCADA,1,"2019/08/20 16:20:00",PUMP1,0
D,DISPATCH,UNIT_SCADA,1,"2019/08/20 16:20:00",PUMP2,0
D,DISPATCH,UNIT_SCADA,1,"2019/08/20 16:20:00",QPS1,0
D,DISPATCH,UNIT_SCADA,1,"2019/08/20 16:20:00",QPS2,0
D,DISPATCH,UNIT_SCADA,1,"2019/08/20 16:20:00",QPS3,0
D,DISPATCH,UNIT_SCADA,1,"2019/08/20 16:20:00",QPS4,0
D,DISPATCH,UNIT_SCADA,1,"2019/08/20 16:20:00",QPS5,0
D,DISPATCH,UNIT_SCADA,1,"2019/08/20 16:20:00",REECE1,116.170010
D,DISPATCH,UNIT_SCADA,1,"2019/08/20 16:20:00",REECE2,116.390010
D,DISPATCH,UNIT_SCADA,1,"2019/08/20 16:20:00",ROMA_7,0
D,DISPATCH,UNIT_SCADA,1,"2019/08/20 16:20:00",ROMA_8,0
D,DISPATCH,UNIT_SCADA,1,"2019/08/20 16:20:00",RRSF1,74.815140
D,DISPATCH,UNIT_SCADA,1,"2019/08/20 16:20:00",RT_NSW1,0
D,DISPATCH,UNIT_SCADA,1,"2019/08/20 16:20:00",RT_NSW2,0
D,DISPATCH,UNIT_SCADA,1,"2019/08/20 16:20:00",RT_NSW3,0
D,DISPATCH,UNIT_SCADA,1,"2019/08/20 16:20:00",RT_NSW4,0
D,DISPATCH,UNIT_SCADA,1,"2019/08/20 16:20:00",RT_NSW5,0
D,DISPATCH,UNIT_SCADA,1,"2019/08/20 16:20:00",RT_NSW6,0
D,DISPATCH,UNIT_SCADA,1,"2019/08/20 16:20:00",RT_QLD1,0
D,DISPATCH,UNIT_SCADA,1,"2019/08/20 16:20:00",RT_SA1,0
D,DISPATCH,UNIT_SCADA,1,"2019/08/20 16:20:00",RT_SA2,0
D,DISPATCH,UNIT_SCADA,1,"2019/08/20 16:20:00",RT_SA3,0
D,DISPATCH,UNIT_SCADA,1,"2019/08/20 16:20:00",RT_SA4,0
D,DISPATCH,UNIT_SCADA,1,"2019/08/20 16:20:00",RT_SA5,0
D,DISPATCH,UNIT_SCADA,1,"2019/08/20 16:20:00",RT_SA6,0
D,DISPATCH,UNIT_SCADA,1,"2019/08/20 16:20:00",RT_TAS1,0
D,DISPATCH,UNIT_SCADA,1,"2019/08/20 16:20:00",RT_VIC1,0
D,DISPATCH,UNIT_SCADA,1,"2019/08/20 16:20:00",RT_VIC10,0
D,DISPATCH,UNIT_SCADA,1,"2019/08/20 16:20:00",RT_VIC11,0
D,DISPATCH,UNIT_SCADA,1,"2019/08/20 16:20:00",RT_VIC12,0
D,DISPATCH,UNIT_SCADA,1,"2019/08/20 16:20:00",RT_VIC2,0
D,DISPATCH,UNIT_SCADA,1,"2019/08/20 16:20:00",RT_VIC3,0
D,DISPATCH,UNIT_SCADA,1,"2019/08/20 16:20:00",RT_VIC4,0
D,DISPATCH,UNIT_SCADA,1,"2019/08/20 16:20:00",RT_VIC5,0
D,DISPATCH,UNIT_SCADA,1,"2019/08/20 16:20:00",RT_VIC6,0
D,DISPATCH,UNIT_SCADA,1,"2019/08/20 16:20:00",RT_VIC7,0
D,DISPATCH,UNIT_SCADA,1,"2019/08/20 16:20:00",RT_VIC8,0
D,DISPATCH,UNIT_SCADA,1,"2019/08/20 16:20:00",RT_VIC9,0
D,DISPATCH,UNIT_SCADA,1,"2019/08/20 16:20:00",RUGBYR1,44.996610
D,DISPATCH,UNIT_SCADA,1,"2019/08/20 16:20:00",SALTCRK1,52.07
D,DISPATCH,UNIT_SCADA,1,"2019/08/20 16:20:00",SAPHWF1,119.643770
D,DISPATCH,UNIT_SCADA,1,"2019/08/20 16:20:00",SHGEN,0
D,DISPATCH,UNIT_SCADA,1,"2019/08/20 16:20:00",SHPUMP,0
D,DISPATCH,UNIT_SCADA,1,"2019/08/20 16:20:00",SITHE01,0.005650
D,DISPATCH,UNIT_SCADA,1,"2019/08/20 16:20:00",SMCSF1,40.588610
D,DISPATCH,UNIT_SCADA,1,"2019/08/20 16:20:00",SNOWNTH1,118.30
D,DISPATCH,UNIT_SCADA,1,"2019/08/20 16:20:00",SNOWSTH1,114.30
D,DISPATCH,UNIT_SCADA,1,"2019/08/20 16:20:00",SNOWTWN1,42.225720
D,DISPATCH,UNIT_SCADA,1,"2019/08/20 16:20:00",SNOWYP,186.400010
D,DISPATCH,UNIT_SCADA,1,"2019/08/20 16:20:00",SNUG1,0.019440
D,DISPATCH,UNIT_SCADA,1,"2019/08/20 16:20:00",SRSF1,30.89
D,DISPATCH,UNIT_SCADA,1,"2019/08/20 16:20:00",STAN-1,0
D,DISPATCH,UNIT_SCADA,1,"2019/08/20 16:20:00",STAN-2,280.850830
D,DISPATCH,UNIT_SCADA,1,"2019/08/20 16:20:00",STAN-3,283.965550
D,DISPATCH,UNIT_SCADA,1,"2019/08/20 16:20:00",STAN-4,278.825590
D,DISPATCH,UNIT_SCADA,1,"2019/08/20 16:20:00",STWF1,24.12
D,DISPATCH,UNIT_SCADA,1,"2019/08/20 16:20:00",SWAN_E,0
D,DISPATCH,UNIT_SCADA,1,"2019/08/20 16:20:00",TALWA1,299
D,DISPATCH,UNIT_SCADA,1,"2019/08/20 16:20:00",TARALGA1,102.337510
D,DISPATCH,UNIT_SCADA,1,"2019/08/20 16:20:00",TARONG#1,286.600010
D,DISPATCH,UNIT_SCADA,1,"2019/08/20 16:20:00",TARONG#2,287.399990
D,DISPATCH,UNIT_SCADA,1,"2019/08/20 16:20:00",TARONG#3,260
D,DISPATCH,UNIT_SCADA,1,"2019/08/20 16:20:00",TARONG#4,287.50
D,DISPATCH,UNIT_SCADA,1,"2019/08/20 16:20:00",TARRALEA,85.20
D,DISPATCH,UNIT_SCADA,1,"2019/08/20 16:20:00",TBSF1,0
D,DISPATCH,UNIT_SCADA,1,"2019/08/20 16:20:00",TNPS1,441.700010
D,DISPATCH,UNIT_SCADA,1,"2019/08/20 16:20:00",TORRA1,46.929450
D,DISPATCH,UNIT_SCADA,1,"2019/08/20 16:20:00",TORRA2,0
D,DISPATCH,UNIT_SCADA,1,"2019/08/20 16:20:00",TORRA3,0
D,DISPATCH,UNIT_SCADA,1,"2019/08/20 16:20:00",TORRA4,0
D,DISPATCH,UNIT_SCADA,1,"2019/08/20 16:20:00",TORRB1,40.03
D,DISPATCH,UNIT_SCADA,1,"2019/08/20 16:20:00",TORRB2,41.85
D,DISPATCH,UNIT_SCADA,1,"2019/08/20 16:20:00",TORRB3,0
D,DISPATCH,UNIT_SCADA,1,"2019/08/20 16:20:00",TORRB4,0
D,DISPATCH,UNIT_SCADA,1,"2019/08/20 16:20:00",TREVALLN,43.880010
D,DISPATCH,UNIT_SCADA,1,"2019/08/20 16:20:00",TRIBUTE,0
D,DISPATCH,UNIT_SCADA,1,"2019/08/20 16:20:00",TUMUT3,0
D,DISPATCH,UNIT_SCADA,1,"2019/08/20 16:20:00",TUNGATIN,129.350040
D,DISPATCH,UNIT_SCADA,1,"2019/08/20 16:20:00",TVCC201,0
D,DISPATCH,UNIT_SCADA,1,"2019/08/20 16:20:00",TVPP104,0
D,DISPATCH,UNIT_SCADA,1,"2019/08/20 16:20:00",UPPTUMUT,0
D,DISPATCH,UNIT_SCADA,1,"2019/08/20 16:20:00",URANQ11,0
D,DISPATCH,UNIT_SCADA,1,"2019/08/20 16:20:00",URANQ12,0
D,DISPATCH,UNIT_SCADA,1,"2019/08/20 16:20:00",URANQ13,0
D,DISPATCH,UNIT_SCADA,1,"2019/08/20 16:20:00",URANQ14,0
D,DISPATCH,UNIT_SCADA,1,"2019/08/20 16:20:00",VP5,419.999970
D,DISPATCH,UNIT_SCADA,1,"2019/08/20 16:20:00",VP6,420.900020
D,DISPATCH,UNIT_SCADA,1,"2019/08/20 16:20:00",VPGS1,0
D,DISPATCH,UNIT_SCADA,1,"2019/08/20 16:20:00",VPGS2,0
D,DISPATCH,UNIT_SCADA,1,"2019/08/20 16:20:00",VPGS3,0
D,DISPATCH,UNIT_SCADA,1,"2019/08/20 16:20:00",VPGS4,0
D,DISPATCH,UNIT_SCADA,1,"2019/08/20 16:20:00",VPGS5,0
D,DISPATCH,UNIT_SCADA,1,"2019/08/20 16:20:00",VPGS6,0
D,DISPATCH,UNIT_SCADA,1,"2019/08/20 16:20:00",W/HOE#1,0
D,DISPATCH,UNIT_SCADA,1,"2019/08/20 16:20:00",W/HOE#2,0
D,DISPATCH,UNIT_SCADA,1,"2019/08/20 16:20:00",WATERLWF,123
D,DISPATCH,UNIT_SCADA,1,"2019/08/20 16:20:00",WEMENSF1,12.10
D,DISPATCH,UNIT_SCADA,1,"2019/08/20 16:20:00",WGWF1,109.30
D,DISPATCH,UNIT_SCADA,1,"2019/08/20 16:20:00",WHITSF1,37.80
D,DISPATCH,UNIT_SCADA,1,"2019/08/20 16:20:00",WKIEWA1,0
D,DISPATCH,UNIT_SCADA,1,"2019/08/20 16:20:00",WKIEWA2,0.10
D,DISPATCH,UNIT_SCADA,1,"2019/08/20 16:20:00",WOODLWN1,44.613010
D,DISPATCH,UNIT_SCADA,1,"2019/08/20 16:20:00",WRSF1,7.44
D,DISPATCH,UNIT_SCADA,1,"2019/08/20 16:20:00",WRWF1,81.439990
D,DISPATCH,UNIT_SCADA,1,"2019/08/20 16:20:00",YABULU,0
D,DISPATCH,UNIT_SCADA,1,"2019/08/20 16:20:00",YABULU2,0
D,DISPATCH,UNIT_SCADA,1,"2019/08/20 16:20:00",YARWUN_1,0
D,DISPATCH,UNIT_SCADA,1,"2019/08/20 16:20:00",YENDWF1,41.80
D,DISPATCH,UNIT_SCADA,1,"2019/08/20 16:20:00",YWPS1,383.458220
D,DISPATCH,UNIT_SCADA,1,"2019/08/20 16:20:00",YWPS2,281.200010
D,DISPATCH,UNIT_SCADA,1,"2019/08/20 16:20:00",YWPS3,0
D,DISPATCH,UNIT_SCADA,1,"2019/08/20 16:20:00",YWPS4,400.883540
C,"END OF REPORT",334
