C,NEMP.WORLD,DISPATCHSCADA,AEMO,PUBLIC,2019/08/22,03:15:09,0000000311850795,DISPATCHSCADA,0000000311850789
I,DISPATCH,UNIT_SCADA,1,SETTLEMENTDATE,DUID,SCADAVALUE
D,DISPATCH,UNIT_SCADA,1,"2019/08/22 03:20:00",BARCSF1,0.70
D,DISPATCH,UNIT_SCADA,1,"2019/08/22 03:20:00",BUTLERSG,9.599998
D,DISPATCH,UNIT_SCADA,1,"2019/08/22 03:20:00",CALL_A_4,0
D,DISPATCH,UNIT_SCADA,1,"2019/08/22 03:20:00",CAPTL_WF,124.452003
D,DISPATCH,UNIT_SCADA,1,"2019/08/22 03:20:00",CATHROCK,12.86
D,DISPATCH,UNIT_SCADA,1,"2019/08/22 03:20:00",CHALLHWF,49.400002
D,DISPATCH,UNIT_SCADA,1,"2019/08/22 03:20:00",CLOVER,-0.01
D,DISPATCH,UNIT_SCADA,1,"2019/08/22 03:20:00",CLUNY,20.006866
D,DISPATCH,UNIT_SCADA,1,"2019/08/22 03:20:00",CNUNDAWF,39.045547
D,DISPATCH,UNIT_SCADA,1,"2019/08/22 03:20:00",CULLRGWF,24.139999
D,DISPATCH,UNIT_SCADA,1,"2019/08/22 03:20:00",ERGT01,0
D,DISPATCH,UNIT_SCADA,1,"2019/08/22 03:20:00",GB01,0.065262
D,DISPATCH,UNIT_SCADA,1,"2019/08/22 03:20:00",GERMCRK,39.099998
D,DISPATCH,UNIT_SCADA,1,"2019/08/22 03:20:00",GRIFSF1,0
D,DISPATCH,UNIT_SCADA,1,"2019/08/22 03:20:00",HUGSF1,-0.2430
D,DISPATCH,UNIT_SCADA,1,"2019/08/22 03:20:00",LKBONNY1,67.607185
D,DISPATCH,UNIT_SCADA,1,"2019/08/22 03:20:00",LRSF1,0.0390
D,DISPATCH,UNIT_SCADA,1,"2019/08/22 03:20:00",MBAHNTH,56.025009
D,DISPATCH,UNIT_SCADA,1,"2019/08/22 03:20:00",MLSP1,0.271001
D,DISPATCH,UNIT_SCADA,1,"2019/08/22 03:20:00",MLWF1,18.7050
D,DISPATCH,UNIT_SCADA,1,"2019/08/22 03:20:00",MTMILLAR,14.160815
D,DISPATCH,UNIT_SCADA,1,"2019/08/22 03:20:00",PALOONA,8.16
D,DISPATCH,UNIT_SCADA,1,"2019/08/22 03:20:00",PIONEER,47.799999
D,DISPATCH,UNIT_SCADA,1,"2019/08/22 03:20:00",PORTWF,132.199997
D,DISPATCH,UNIT_SCADA,1,"2019/08/22 03:20:00",REPULSE,0.000610
D,DISPATCH,UNIT_SCADA,1,"2019/08/22 03:20:00",ROWALLAN,10.195601
D,DISPATCH,UNIT_SCADA,1,"2019/08/22 03:20:00",ROYALLA1,0
D,DISPATCH,UNIT_SCADA,1,"2019/08/22 03:20:00",RPCG,11.90
D,DISPATCH,UNIT_SCADA,1,"2019/08/22 03:20:00",RUBICON,0
D,DISPATCH,UNIT_SCADA,1,"2019/08/22 03:20:00",SATGN1,0
D,DISPATCH,UNIT_SCADA,1,"2019/08/22 03:20:00",SATGS1,0
D,DISPATCH,UNIT_SCADA,1,"2019/08/22 03:20:00",STARHLWF,4.898571
D,DISPATCH,UNIT_SCADA,1,"2019/08/22 03:20:00",WAUBRAWF,173.119995
D,DISPATCH,UNIT_SCADA,1,"2019/08/22 03:20:00",WOOLNTH1,98.230019
D,DISPATCH,UNIT_SCADA,1,"2019/08/22 03:20:00",WPWF,38
D,DISPATCH,UNIT_SCADA,1,"2019/08/22 03:20:00",YAMBUKWF,28.60
D,DISPATCH,UNIT_SCADA,1,"2019/08/22 03:20:00",YSWF1,28.40
D,DISPATCH,UNIT_SCADA,1,"2019/08/22 03:20:00",AGLHAL,0
D,DISPATCH,UNIT_SCADA,1,"2019/08/22 03:20:00",AGLSOM,0
D,DISPATCH,UNIT_SCADA,1,"2019/08/22 03:20:00",ANGAST1,0
D,DISPATCH,UNIT_SCADA,1,"2019/08/22 03:20:00",ARWF1,220.900010
D,DISPATCH,UNIT_SCADA,1,"2019/08/22 03:20:00",BALBG1,0
D,DISPATCH,UNIT_SCADA,1,"2019/08/22 03:20:00",BALBL1,24.65
D,DISPATCH,UNIT_SCADA,1,"2019/08/22 03:20:00",BALDHWF1,98.51
D,DISPATCH,UNIT_SCADA,1,"2019/08/22 03:20:00",BANN1,0
D,DISPATCH,UNIT_SCADA,1,"2019/08/22 03:20:00",BARCALDN,0
D,DISPATCH,UNIT_SCADA,1,"2019/08/22 03:20:00",BARRON-1,0
D,DISPATCH,UNIT_SCADA,1,"2019/08/22 03:20:00",BARRON-2,25.60
D,DISPATCH,UNIT_SCADA,1,"2019/08/22 03:20:00",BASTYAN,78.220010
D,DISPATCH,UNIT_SCADA,1,"2019/08/22 03:20:00",BBTHREE1,-1.90
D,DISPATCH,UNIT_SCADA,1,"2019/08/22 03:20:00",BBTHREE2,-1.94
D,DISPATCH,UNIT_SCADA,1,"2019/08/22 03:20:00",BBTHREE3,0
D,DISPATCH,UNIT_SCADA,1,"2019/08/22 03:20:00",BDL01,0
D,DISPATCH,UNIT_SCADA,1,"2019/08/22 03:20:00",BDL02,0
D,DISPATCH,UNIT_SCADA,1,"2019/08/22 03:20:00",BERYLSF1,0
D,DISPATCH,UNIT_SCADA,1,"2019/08/22 03:20:00",BLOWERNG,0
D,DISPATCH,UNIT_SCADA,1,"2019/08/22 03:20:00",BLUFF1,30.50
D,DISPATCH,UNIT_SCADA,1,"2019/08/22 03:20:00",BNGSF1,0
D,DISPATCH,UNIT_SCADA,1,"2019/08/22 03:20:00",BNGSF2,0
D,DISPATCH,UNIT_SCADA,1,"2019/08/22 03:20:00",BOCORWF1,111.40
D,DISPATCH,UNIT_SCADA,1,"2019/08/22 03:20:00",BODWF1,91.700550
D,DISPATCH,UNIT_SCADA,1,"2019/08/22 03:20:00",BRAEMAR1,0
D,DISPATCH,UNIT_SCADA,1,"2019/08/22 03:20:00",BRAEMAR2,0
D,DISPATCH,UNIT_SCADA,1,"2019/08/22 03:20:00",BRAEMAR3,0
D,DISPATCH,UNIT_SCADA,1,"2019/08/22 03:20:00",BRAEMAR5,0
D,DISPATCH,UNIT_SCADA,1,"2019/08/22 03:20:00",BRAEMAR6,0
D,DISPATCH,UNIT_SCADA,1,"2019/08/22 03:20:00",BRAEMAR7,0
D,DISPATCH,UNIT_SCADA,1,"2019/08/22 03:20:00",BROKENH1,0
D,DISPATCH,UNIT_SCADA,1,"2019/08/22 03:20:00",BW01,342.675050
D,DISPATCH,UNIT_SCADA,1,"2019/08/22 03:20:00",BW02,469.824950
D,DISPATCH,UNIT_SCADA,1,"2019/08/22 03:20:00",BW03,452.550050
D,DISPATCH,UNIT_SCADA,1,"2019/08/22 03:20:00",BW04,0
D,DISPATCH,UNIT_SCADA,1,"2019/08/22 03:20:00",CALL_B_1,348.200010
D,DISPATCH,UNIT_SCADA,1,"2019/08/22 03:20:00",CALL_B_2,299.300020
D,DISPATCH,UNIT_SCADA,1,"2019/08/22 03:20:00",CETHANA,98.962880
D,DISPATCH,UNIT_SCADA,1,"2019/08/22 03:20:00",CG1,0
D,DISPATCH,UNIT_SCADA,1,"2019/08/22 03:20:00",CG2,0
D,DISPATCH,UNIT_SCADA,1,"2019/08/22 03:20:00",CG3,0
D,DISPATCH,UNIT_SCADA,1,"2019/08/22 03:20:00",CG4,0
D,DISPATCH,UNIT_SCADA,1,"2019/08/22 03:20:00",CHILDSF1,0.01
D,DISPATCH,UNIT_SCADA,1,"2019/08/22 03:20:00",CLARESF1,0
D,DISPATCH,UNIT_SCADA,1,"2019/08/22 03:20:00",CLEMGPWF,9.508620
D,DISPATCH,UNIT_SCADA,1,"2019/08/22 03:20:00",CLERMSF1,0
D,DISPATCH,UNIT_SCADA,1,"2019/08/22 03:20:00",COLEASF1,0
D,DISPATCH,UNIT_SCADA,1,"2019/08/22 03:20:00",COOPGWF1,3.256120
D,DISPATCH,UNIT_SCADA,1,"2019/08/22 03:20:00",CPP_3,292.8750
D,DISPATCH,UNIT_SCADA,1,"2019/08/22 03:20:00",CPP_4,300.575010
D,DISPATCH,UNIT_SCADA,1,"2019/08/22 03:20:00",CPSA,143.158140
D,DISPATCH,UNIT_SCADA,1,"2019/08/22 03:20:00",CROOKWF2,30.404990
D,DISPATCH,UNIT_SCADA,1,"2019/08/22 03:20:00",CROWLWF1,49.426430
D,DISPATCH,UNIT_SCADA,1,"2019/08/22 03:20:00",CSPVPS1,0.0430
D,DISPATCH,UNIT_SCADA,1,"2019/08/22 03:20:00",DALNTH01,0
D,DISPATCH,UNIT_SCADA,1,"2019/08/22 03:20:00",DALNTHL1,6.028840
D,DISPATCH,UNIT_SCADA,1,"2019/08/22 03:20:00",DARTM1,0
D,DISPATCH,UNIT_SCADA,1,"2019/08/22 03:20:00",DAYDSF1,0
D,DISPATCH,UNIT_SCADA,1,"2019/08/22 03:20:00",DDPS1,0
D,DISPATCH,UNIT_SCADA,1,"2019/08/22 03:20:00",DDSF1,0
D,DISPATCH,UNIT_SCADA,1,"2019/08/22 03:20:00",DEVILS_G,0
D,DISPATCH,UNIT_SCADA,1,"2019/08/22 03:20:00",DG_NSW1,0
D,DISPATCH,UNIT_SCADA,1,"2019/08/22 03:20:00",DG_QLD1,0
D,DISPATCH,UNIT_SCADA,1,"2019/08/22 03:20:00",DG_SA1,0
D,DISPATCH,UNIT_SCADA,1,"2019/08/22 03:20:00",DG_TAS1,0
D,DISPATCH,UNIT_SCADA,1,"2019/08/22 03:20:00",DG_VIC1,0
D,DISPATCH,UNIT_SCADA,1,"2019/08/22 03:20:00",DRYCGT1,0
D,DISPATCH,UNIT_SCADA,1,"2019/08/22 03:20:00",DRYCGT2,0
D,DISPATCH,UNIT_SCADA,1,"2019/08/22 03:20:00",DRYCGT3,0
D,DISPATCH,UNIT_SCADA,1,"2019/08/22 03:20:00",EILDON1,0
D,DISPATCH,UNIT_SCADA,1,"2019/08/22 03:20:00",EILDON2,0
D,DISPATCH,UNIT_SCADA,1,"2019/08/22 03:20:00",EMERASF1,0
D,DISPATCH,UNIT_SCADA,1,"2019/08/22 03:20:00",ER01,279.525020
D,DISPATCH,UNIT_SCADA,1,"2019/08/22 03:20:00",ER02,292.75
D,DISPATCH,UNIT_SCADA,1,"2019/08/22 03:20:00",ER03,379.6250
D,DISPATCH,UNIT_SCADA,1,"2019/08/22 03:20:00",ER04,291.900020
D,DISPATCH,UNIT_SCADA,1,"2019/08/22 03:20:00",FINLYSF1,0
D,DISPATCH,UNIT_SCADA,1,"2019/08/22 03:20:00",FISHER,45.96
D,DISPATCH,UNIT_SCADA,1,"2019/08/22 03:20:00",GANNBG1,0
D,DISPATCH,UNIT_SCADA,1,"2019/08/22 03:20:00",GANNBL1,10.010620
D,DISPATCH,UNIT_SCADA,1,"2019/08/22 03:20:00",GANNSF1,0
D,DISPATCH,UNIT_SCADA,1,"2019/08/22 03:20:00",GORDON,10.559920
D,DISPATCH,UNIT_SCADA,1,"2019/08/22 03:20:00",GSTONE1,129.6750
D,DISPATCH,UNIT_SCADA,1,"2019/08/22 03:20:00",GSTONE2,130.20
D,DISPATCH,UNIT_SCADA,1,"2019/08/22 03:20:00",GSTONE3,130.724990
D,DISPATCH,UNIT_SCADA,1,"2019/08/22 03:20:00",GSTONE4,131.0750
D,DISPATCH,UNIT_SCADA,1,"2019/08/22 03:20:00",GSTONE5,129.849990
D,DISPATCH,UNIT_SCADA,1,"2019/08/22 03:20:00",GSTONE6,0
D,DISPATCH,UNIT_SCADA,1,"2019/08/22 03:20:00",GULLRSF1,0
D,DISPATCH,UNIT_SCADA,1,"2019/08/22 03:20:00",GULLRWF1,151.987610
D,DISPATCH,UNIT_SCADA,1,"2019/08/22 03:20:00",GUNNING1,46.689650
D,DISPATCH,UNIT_SCADA,1,"2019/08/22 03:20:00",GUTHEGA,0
D,DISPATCH,UNIT_SCADA,1,"2019/08/22 03:20:00",HALLWF1,73.18
D,DISPATCH,UNIT_SCADA,1,"2019/08/22 03:20:00",HALLWF2,59.36
D,DISPATCH,UNIT_SCADA,1,"2019/08/22 03:20:00",HAMISF1,0
D,DISPATCH,UNIT_SCADA,1,"2019/08/22 03:20:00",HAUGHT11,0
D,DISPATCH,UNIT_SCADA,1,"2019/08/22 03:20:00",HAYMSF1,0
D,DISPATCH,UNIT_SCADA,1,"2019/08/22 03:20:00",HDWF1,45.70
D,DISPATCH,UNIT_SCADA,1,"2019/08/22 03:20:00",HDWF2,28
D,DISPATCH,UNIT_SCADA,1,"2019/08/22 03:20:00",HDWF3,41.80
D,DISPATCH,UNIT_SCADA,1,"2019/08/22 03:20:00",HPRG1,0
D,DISPATCH,UNIT_SCADA,1,"2019/08/22 03:20:00",HPRL1,0.20
D,DISPATCH,UNIT_SCADA,1,"2019/08/22 03:20:00",HUMENSW,0
D,DISPATCH,UNIT_SCADA,1,"2019/08/22 03:20:00",HUMEV,11.10
D,DISPATCH,UNIT_SCADA,1,"2019/08/22 03:20:00",HVGTS,0
D,DISPATCH,UNIT_SCADA,1,"2019/08/22 03:20:00",JBUTTERS,68.31
D,DISPATCH,UNIT_SCADA,1,"2019/08/22 03:20:00",JLA01,0.50
D,DISPATCH,UNIT_SCADA,1,"2019/08/22 03:20:00",JLA02,0
D,DISPATCH,UNIT_SCADA,1,"2019/08/22 03:20:00",JLA03,0.10
D,DISPATCH,UNIT_SCADA,1,"2019/08/22 03:20:00",JLA04,0.10
D,DISPATCH,UNIT_SCADA,1,"2019/08/22 03:20:00",JLB01,0
D,DISPATCH,UNIT_SCADA,1,"2019/08/22 03:20:00",JLB02,0.10
D,DISPATCH,UNIT_SCADA,1,"2019/08/22 03:20:00",JLB03,0
D,DISPATCH,UNIT_SCADA,1,"2019/08/22 03:20:00",KAREEYA1,21.5625
D,DISPATCH,UNIT_SCADA,1,"2019/08/22 03:20:00",KAREEYA2,21.7675
D,DISPATCH,UNIT_SCADA,1,"2019/08/22 03:20:00",KAREEYA3,0
D,DISPATCH,UNIT_SCADA,1,"2019/08/22 03:20:00",KAREEYA4,21.7150
D,DISPATCH,UNIT_SCADA,1,"2019/08/22 03:20:00",KARSF1,0
D,DISPATCH,UNIT_SCADA,1,"2019/08/22 03:20:00",KIATAWF1,30.30
D,DISPATCH,UNIT_SCADA,1,"2019/08/22 03:20:00",KPP_1,0
D,DISPATCH,UNIT_SCADA,1,"2019/08/22 03:20:00",KSP1,0
D,DISPATCH,UNIT_SCADA,1,"2019/08/22 03:20:00",LADBROK1,0
D,DISPATCH,UNIT_SCADA,1,"2019/08/22 03:20:00",LADBROK2,0
D,DISPATCH,UNIT_SCADA,1,"2019/08/22 03:20:00",LD01,349.462460
D,DISPATCH,UNIT_SCADA,1,"2019/08/22 03:20:00",LD02,299.175020
D,DISPATCH,UNIT_SCADA,1,"2019/08/22 03:20:00",LD03,315.899960
D,DISPATCH,UNIT_SCADA,1,"2019/08/22 03:20:00",LD04,347.699980
D,DISPATCH,UNIT_SCADA,1,"2019/08/22 03:20:00",LEM_WIL,86.1183
D,DISPATCH,UNIT_SCADA,1,"2019/08/22 03:20:00",LGAPWF1,14.22
D,DISPATCH,UNIT_SCADA,1,"2019/08/22 03:20:00",LILYSF1,0
D,DISPATCH,UNIT_SCADA,1,"2019/08/22 03:20:00",LI_WY_CA,148.454830
D,DISPATCH,UNIT_SCADA,1,"2019/08/22 03:20:00",LKBONNY2,136.1906
D,DISPATCH,UNIT_SCADA,1,"2019/08/22 03:20:00",LKBONNY3,30.367180
D,DISPATCH,UNIT_SCADA,1,"2019/08/22 03:20:00",LK_ECHO,0
D,DISPATCH,UNIT_SCADA,1,"2019/08/22 03:20:00",LNGS1,0
D,DISPATCH,UNIT_SCADA,1,"2019/08/22 03:20:00",LNGS2,0
D,DISPATCH,UNIT_SCADA,1,"2019/08/22 03:20:00",LONSDALE,0
D,DISPATCH,UNIT_SCADA,1,"2019/08/22 03:20:00",LOYYB1,535.712650
D,DISPATCH,UNIT_SCADA,1,"2019/08/22 03:20:00",LOYYB2,546.239260
D,DISPATCH,UNIT_SCADA,1,"2019/08/22 03:20:00",LYA1,554
D,DISPATCH,UNIT_SCADA,1,"2019/08/22 03:20:00",LYA2,0
D,DISPATCH,UNIT_SCADA,1,"2019/08/22 03:20:00",LYA3,554
D,DISPATCH,UNIT_SCADA,1,"2019/08/22 03:20:00",LYA4,528
D,DISPATCH,UNIT_SCADA,1,"2019/08/22 03:20:00",MACARTH1,362.491640
D,DISPATCH,UNIT_SCADA,1,"2019/08/22 03:20:00",MACKAYGT,0
D,DISPATCH,UNIT_SCADA,1,"2019/08/22 03:20:00",MACKNTSH,85.430010
D,DISPATCH,UNIT_SCADA,1,"2019/08/22 03:20:00",MANSLR1,0
D,DISPATCH,UNIT_SCADA,1,"2019/08/22 03:20:00",MCKAY1,0.02
D,DISPATCH,UNIT_SCADA,1,"2019/08/22 03:20:00",MEADOWBK,33.924460
D,DISPATCH,UNIT_SCADA,1,"2019/08/22 03:20:00",MERCER01,117.342990
D,DISPATCH,UNIT_SCADA,1,"2019/08/22 03:20:00",MEWF1,63.309830
D,DISPATCH,UNIT_SCADA,1,"2019/08/22 03:20:00",MINTARO,0
D,DISPATCH,UNIT_SCADA,1,"2019/08/22 03:20:00",MOREESF1,0
D,DISPATCH,UNIT_SCADA,1,"2019/08/22 03:20:00",MORTLK11,0
D,DISPATCH,UNIT_SCADA,1,"2019/08/22 03:20:00",MORTLK12,0
D,DISPATCH,UNIT_SCADA,1,"2019/08/22 03:20:00",MP1,279.599980
D,DISPATCH,UNIT_SCADA,1,"2019/08/22 03:20:00",MP2,0
D,DISPATCH,UNIT_SCADA,1,"2019/08/22 03:20:00",MPP_1,400.75
D,DISPATCH,UNIT_SCADA,1,"2019/08/22 03:20:00",MPP_2,410.50
D,DISPATCH,UNIT_SCADA,1,"2019/08/22 03:20:00",MSTUART1,0
D,DISPATCH,UNIT_SCADA,1,"2019/08/22 03:20:00",MSTUART2,0
D,DISPATCH,UNIT_SCADA,1,"2019/08/22 03:20:00",MSTUART3,0
D,DISPATCH,UNIT_SCADA,1,"2019/08/22 03:20:00",MTGELWF1,64.780120
D,DISPATCH,UNIT_SCADA,1,"2019/08/22 03:20:00",MURRAY,0
D,DISPATCH,UNIT_SCADA,1,"2019/08/22 03:20:00",MUSSELR1,134.20
D,DISPATCH,UNIT_SCADA,1,"2019/08/22 03:20:00",MUWAWF1,56
D,DISPATCH,UNIT_SCADA,1,"2019/08/22 03:20:00",NBHWF1,76.50
D,DISPATCH,UNIT_SCADA,1,"2019/08/22 03:20:00",NPS,0
D,DISPATCH,UNIT_SCADA,1,"2019/08/22 03:20:00",NUMURSF1,0
D,DISPATCH,UNIT_SCADA,1,"2019/08/22 03:20:00",NYNGAN1,0
D,DISPATCH,UNIT_SCADA,1,"2019/08/22 03:20:00",OAKEY1,0
D,DISPATCH,UNIT_SCADA,1,"2019/08/22 03:20:00",OAKEY1SF,0
D,DISPATCH,UNIT_SCADA,1,"2019/08/22 03:20:00",OAKEY2,0
D,DISPATCH,UNIT_SCADA,1,"2019/08/22 03:20:00",OAKLAND1,62.20
D,DISPATCH,UNIT_SCADA,1,"2019/08/22 03:20:00",OSB-AG,0
D,DISPATCH,UNIT_SCADA,1,"2019/08/22 03:20:00",PARSF1,0
D,DISPATCH,UNIT_SCADA,1,"2019/08/22 03:20:00",POAT110,0
D,DISPATCH,UNIT_SCADA,1,"2019/08/22 03:20:00",POAT220,1.13
D,DISPATCH,UNIT_SCADA,1,"2019/08/22 03:20:00",POR01,0
D,DISPATCH,UNIT_SCADA,1,"2019/08/22 03:20:00",POR03,0
D,DISPATCH,UNIT_SCADA,1,"2019/08/22 03:20:00",PPCCGT,172.8811
D,DISPATCH,UNIT_SCADA,1,"2019/08/22 03:20:00",PTSTAN1,0
D,DISPATCH,UNIT_SCADA,1,"2019/08/22 03:20:00",PUMP1,0
D,DISPATCH,UNIT_SCADA,1,"2019/08/22 03:20:00",PUMP2,0
D,DISPATCH,UNIT_SCADA,1,"2019/08/22 03:20:00",QPS1,0
D,DISPATCH,UNIT_SCADA,1,"2019/08/22 03:20:00",QPS2,0
D,DISPATCH,UNIT_SCADA,1,"2019/08/22 03:20:00",QPS3,0
D,DISPATCH,UNIT_SCADA,1,"2019/08/22 03:20:00",QPS4,0
D,DISPATCH,UNIT_SCADA,1,"2019/08/22 03:20:00",QPS5,0
D,DISPATCH,UNIT_SCADA,1,"2019/08/22 03:20:00",REECE1,118.280010
D,DISPATCH,UNIT_SCADA,1,"2019/08/22 03:20:00",REECE2,118.430010
D,DISPATCH,UNIT_SCADA,1,"2019/08/22 03:20:00",ROMA_7,0
D,DISPATCH,UNIT_SCADA,1,"2019/08/22 03:20:00",ROMA_8,0
D,DISPATCH,UNIT_SCADA,1,"2019/08/22 03:20:00",RRSF1,0
D,DISPATCH,UNIT_SCADA,1,"2019/08/22 03:20:00",RT_NSW1,0
D,DISPATCH,UNIT_SCADA,1,"2019/08/22 03:20:00",RT_NSW2,0
D,DISPATCH,UNIT_SCADA,1,"2019/08/22 03:20:00",RT_NSW3,0
D,DISPATCH,UNIT_SCADA,1,"2019/08/22 03:20:00",RT_NSW4,0
D,DISPATCH,UNIT_SCADA,1,"2019/08/22 03:20:00",RT_NSW5,0
D,DISPATCH,UNIT_SCADA,1,"2019/08/22 03:20:00",RT_NSW6,0
D,DISPATCH,UNIT_SCADA,1,"2019/08/22 03:20:00",RT_QLD1,0
D,DISPATCH,UNIT_SCADA,1,"2019/08/22 03:20:00",RT_SA1,0
D,DISPATCH,UNIT_SCADA,1,"2019/08/22 03:20:00",RT_SA2,0
D,DISPATCH,UNIT_SCADA,1,"2019/08/22 03:20:00",RT_SA3,0
D,DISPATCH,UNIT_SCADA,1,"2019/08/22 03:20:00",RT_SA4,0
D,DISPATCH,UNIT_SCADA,1,"2019/08/22 03:20:00",RT_SA5,0
D,DISPATCH,UNIT_SCADA,1,"2019/08/22 03:20:00",RT_SA6,0
D,DISPATCH,UNIT_SCADA,1,"2019/08/22 03:20:00",RT_TAS1,0
D,DISPATCH,UNIT_SCADA,1,"2019/08/22 03:20:00",RT_VIC1,0
D,DISPATCH,UNIT_SCADA,1,"2019/08/22 03:20:00",RT_VIC10,0
D,DISPATCH,UNIT_SCADA,1,"2019/08/22 03:20:00",RT_VIC11,0
D,DISPATCH,UNIT_SCADA,1,"2019/08/22 03:20:00",RT_VIC12,0
D,DISPATCH,UNIT_SCADA,1,"2019/08/22 03:20:00",RT_VIC2,0
D,DISPATCH,UNIT_SCADA,1,"2019/08/22 03:20:00",RT_VIC3,0
D,DISPATCH,UNIT_SCADA,1,"2019/08/22 03:20:00",RT_VIC4,0
D,DISPATCH,UNIT_SCADA,1,"2019/08/22 03:20:00",RT_VIC5,0
D,DISPATCH,UNIT_SCADA,1,"2019/08/22 03:20:00",RT_VIC6,0
D,DISPATCH,UNIT_SCADA,1,"2019/08/22 03:20:00",RT_VIC7,0
D,DISPATCH,UNIT_SCADA,1,"2019/08/22 03:20:00",RT_VIC8,0
D,DISPATCH,UNIT_SCADA,1,"2019/08/22 03:20:00",RT_VIC9,0
D,DISPATCH,UNIT_SCADA,1,"2019/08/22 03:20:00",RUGBYR1,0
D,DISPATCH,UNIT_SCADA,1,"2019/08/22 03:20:00",SALTCRK1,52.46
D,DISPATCH,UNIT_SCADA,1,"2019/08/22 03:20:00",SAPHWF1,213.478150
D,DISPATCH,UNIT_SCADA,1,"2019/08/22 03:20:00",SHGEN,0
D,DISPATCH,UNIT_SCADA,1,"2019/08/22 03:20:00",SHPUMP,122.967190
D,DISPATCH,UNIT_SCADA,1,"2019/08/22 03:20:00",SITHE01,0.123710
D,DISPATCH,UNIT_SCADA,1,"2019/08/22 03:20:00",SMCSF1,0
D,DISPATCH,UNIT_SCADA,1,"2019/08/22 03:20:00",SNOWNTH1,41.60
D,DISPATCH,UNIT_SCADA,1,"2019/08/22 03:20:00",SNOWSTH1,42.90
D,DISPATCH,UNIT_SCADA,1,"2019/08/22 03:20:00",SNOWTWN1,23.681050
D,DISPATCH,UNIT_SCADA,1,"2019/08/22 03:20:00",SNOWYP,191.100010
D,DISPATCH,UNIT_SCADA,1,"2019/08/22 03:20:00",SNUG1,0.019440
D,DISPATCH,UNIT_SCADA,1,"2019/08/22 03:20:00",SRSF1,0.44
D,DISPATCH,UNIT_SCADA,1,"2019/08/22 03:20:00",STAN-1,0
D,DISPATCH,UNIT_SCADA,1,"2019/08/22 03:20:00",STAN-2,180.179810
D,DISPATCH,UNIT_SCADA,1,"2019/08/22 03:20:00",STAN-3,222.273470
D,DISPATCH,UNIT_SCADA,1,"2019/08/22 03:20:00",STAN-4,192.2670
D,DISPATCH,UNIT_SCADA,1,"2019/08/22 03:20:00",STWF1,177.828740
D,DISPATCH,UNIT_SCADA,1,"2019/08/22 03:20:00",SWAN_E,0
D,DISPATCH,UNIT_SCADA,1,"2019/08/22 03:20:00",TALWA1,190
D,DISPATCH,UNIT_SCADA,1,"2019/08/22 03:20:00",TARALGA1,21.498740
D,DISPATCH,UNIT_SCADA,1,"2019/08/22 03:20:00",TARONG#1,280
D,DISPATCH,UNIT_SCADA,1,"2019/08/22 03:20:00",TARONG#2,225
D,DISPATCH,UNIT_SCADA,1,"2019/08/22 03:20:00",TARONG#3,261.200010
D,DISPATCH,UNIT_SCADA,1,"2019/08/22 03:20:00",TARONG#4,281.399990
D,DISPATCH,UNIT_SCADA,1,"2019/08/22 03:20:00",TARRALEA,83.80
D,DISPATCH,UNIT_SCADA,1,"2019/08/22 03:20:00",TBSF1,-0.20
D,DISPATCH,UNIT_SCADA,1,"2019/08/22 03:20:00",TNPS1,399.400020
D,DISPATCH,UNIT_SCADA,1,"2019/08/22 03:20:00",TORRA1,42.493330
D,DISPATCH,UNIT_SCADA,1,"2019/08/22 03:20:00",TORRA2,0
D,DISPATCH,UNIT_SCADA,1,"2019/08/22 03:20:00",TORRA3,0
D,DISPATCH,UNIT_SCADA,1,"2019/08/22 03:20:00",TORRA4,0
D,DISPATCH,UNIT_SCADA,1,"2019/08/22 03:20:00",TORRB1,40.11
D,DISPATCH,UNIT_SCADA,1,"2019/08/22 03:20:00",TORRB2,40.13
D,DISPATCH,UNIT_SCADA,1,"2019/08/22 03:20:00",TORRB3,0
D,DISPATCH,UNIT_SCADA,1,"2019/08/22 03:20:00",TORRB4,0
D,DISPATCH,UNIT_SCADA,1,"2019/08/22 03:20:00",TREVALLN,1.10
D,DISPATCH,UNIT_SCADA,1,"2019/08/22 03:20:00",TRIBUTE,0
D,DISPATCH,UNIT_SCADA,1,"2019/08/22 03:20:00",TUMUT3,0
D,DISPATCH,UNIT_SCADA,1,"2019/08/22 03:20:00",TUNGATIN,7.60
D,DISPATCH,UNIT_SCADA,1,"2019/08/22 03:20:00",TVCC201,0
D,DISPATCH,UNIT_SCADA,1,"2019/08/22 03:20:00",TVPP104,0
D,DISPATCH,UNIT_SCADA,1,"2019/08/22 03:20:00",UPPTUMUT,0
D,DISPATCH,UNIT_SCADA,1,"2019/08/22 03:20:00",URANQ11,0
D,DISPATCH,UNIT_SCADA,1,"2019/08/22 03:20:00",URANQ12,0
D,DISPATCH,UNIT_SCADA,1,"2019/08/22 03:20:00",URANQ13,0
D,DISPATCH,UNIT_SCADA,1,"2019/08/22 03:20:00",URANQ14,0
D,DISPATCH,UNIT_SCADA,1,"2019/08/22 03:20:00",VP5,279.725010
D,DISPATCH,UNIT_SCADA,1,"2019/08/22 03:20:00",VP6,258.549990
D,DISPATCH,UNIT_SCADA,1,"2019/08/22 03:20:00",VPGS1,0
D,DISPATCH,UNIT_SCADA,1,"2019/08/22 03:20:00",VPGS2,0
D,DISPATCH,UNIT_SCADA,1,"2019/08/22 03:20:00",VPGS3,0
D,DISPATCH,UNIT_SCADA,1,"2019/08/22 03:20:00",VPGS4,0
D,DISPATCH,UNIT_SCADA,1,"2019/08/22 03:20:00",VPGS5,0
D,DISPATCH,UNIT_SCADA,1,"2019/08/22 03:20:00",VPGS6,0
D,DISPATCH,UNIT_SCADA,1,"2019/08/22 03:20:00",W/HOE#1,0
D,DISPATCH,UNIT_SCADA,1,"2019/08/22 03:20:00",W/HOE#2,0
D,DISPATCH,UNIT_SCADA,1,"2019/08/22 03:20:00",WATERLWF,107.30
D,DISPATCH,UNIT_SCADA,1,"2019/08/22 03:20:00",WEMENSF1,0
D,DISPATCH,UNIT_SCADA,1,"2019/08/22 03:20:00",WGWF1,89.20
D,DISPATCH,UNIT_SCADA,1,"2019/08/22 03:20:00",WHITSF1,0
D,DISPATCH,UNIT_SCADA,1,"2019/08/22 03:20:00",WKIEWA1,17
D,DISPATCH,UNIT_SCADA,1,"2019/08/22 03:20:00",WKIEWA2,17.10
D,DISPATCH,UNIT_SCADA,1,"2019/08/22 03:20:00",WOODLWN1,44.91
D,DISPATCH,UNIT_SCADA,1,"2019/08/22 03:20:00",WRSF1,0
D,DISPATCH,UNIT_SCADA,1,"2019/08/22 03:20:00",WRWF1,152.743740
D,DISPATCH,UNIT_SCADA,1,"2019/08/22 03:20:00",YABULU,0
D,DISPATCH,UNIT_SCADA,1,"2019/08/22 03:20:00",YABULU2,0
D,DISPATCH,UNIT_SCADA,1,"2019/08/22 03:20:00",YARWUN_1,0
D,DISPATCH,UNIT_SCADA,1,"2019/08/22 03:20:00",YENDWF1,41.82
D,DISPATCH,UNIT_SCADA,1,"2019/08/22 03:20:00",YWPS1,300.248110
D,DISPATCH,UNIT_SCADA,1,"2019/08/22 03:20:00",YWPS2,277.691130
D,DISPATCH,UNIT_SCADA,1,"2019/08/22 03:20:00",YWPS3,0
D,DISPATCH,UNIT_SCADA,1,"2019/08/22 03:20:00",YWPS4,395.237980
C,"END OF REPORT",334
