C,NEMP.WORLD,DISPATCHSCADA,AEMO,PUBLIC,2019/09/05,16:10:07,0000000312428484,DISPATCHSCADA,0000000312428478
I,DISPATCH,UNIT_SCADA,1,SETTLEMENTDATE,DUID,SCADAVALUE
D,DISPATCH,UNIT_SCADA,1,"2019/09/05 16:15:00",BARCSF1,8.900001
D,DISPATCH,UNIT_SCADA,1,"2019/09/05 16:15:00",BUTLERSG,10.199999
D,DISPATCH,UNIT_SCADA,1,"2019/09/05 16:15:00",CALL_A_4,0
D,DISPATCH,UNIT_SCADA,1,"2019/09/05 16:15:00",CAPTL_WF,6.2920
D,DISPATCH,UNIT_SCADA,1,"2019/09/05 16:15:00",CATHROCK,32.82
D,DISPATCH,UNIT_SCADA,1,"2019/09/05 16:15:00",CHALLHWF,3.80
D,DISPATCH,UNIT_SCADA,1,"2019/09/05 16:15:00",CLOVER,-0.01
D,DISPATCH,UNIT_SCADA,1,"2019/09/05 16:15:00",CLUNY,17.997253
D,DISPATCH,UNIT_SCADA,1,"2019/09/05 16:15:00",CNUNDAWF,-0.400467
D,DISPATCH,UNIT_SCADA,1,"2019/09/05 16:15:00",CULLRGWF,0
D,DISPATCH,UNIT_SCADA,1,"2019/09/05 16:15:00",ERGT01,0
D,DISPATCH,UNIT_SCADA,1,"2019/09/05 16:15:00",GB01,0.005070
D,DISPATCH,UNIT_SCADA,1,"2019/09/05 16:15:00",GERMCRK,34.700001
D,DISPATCH,UNIT_SCADA,1,"2019/09/05 16:15:00",GRIFSF1,24.100006
D,DISPATCH,UNIT_SCADA,1,"2019/09/05 16:15:00",HUGSF1,8.945001
D,DISPATCH,UNIT_SCADA,1,"2019/09/05 16:15:00",LKBONNY1,-0.627956
D,DISPATCH,UNIT_SCADA,1,"2019/09/05 16:15:00",LRSF1,-0.0340
D,DISPATCH,UNIT_SCADA,1,"2019/09/05 16:15:00",MBAHNTH,42.656250
D,DISPATCH,UNIT_SCADA,1,"2019/09/05 16:15:00",MLSP1,5.314001
D,DISPATCH,UNIT_SCADA,1,"2019/09/05 16:15:00",MLWF1,7.50
D,DISPATCH,UNIT_SCADA,1,"2019/09/05 16:15:00",MTMILLAR,-0.115340
D,DISPATCH,UNIT_SCADA,1,"2019/09/05 16:15:00",PALOONA,25.58
D,DISPATCH,UNIT_SCADA,1,"2019/09/05 16:15:00",PIONEER,29.800001
D,DISPATCH,UNIT_SCADA,1,"2019/09/05 16:15:00",PORTWF,58.799999
D,DISPATCH,UNIT_SCADA,1,"2019/09/05 16:15:00",REPULSE,28.841383
D,DISPATCH,UNIT_SCADA,1,"2019/09/05 16:15:00",ROWALLAN,10.3447
D,DISPATCH,UNIT_SCADA,1,"2019/09/05 16:15:00",ROYALLA1,8.406001
D,DISPATCH,UNIT_SCADA,1,"2019/09/05 16:15:00",RPCG,10.30
D,DISPATCH,UNIT_SCADA,1,"2019/09/05 16:15:00",RUBICON,0
D,DISPATCH,UNIT_SCADA,1,"2019/09/05 16:15:00",SATGN1,0
D,DISPATCH,UNIT_SCADA,1,"2019/09/05 16:15:00",SATGS1,0
D,DISPATCH,UNIT_SCADA,1,"2019/09/05 16:15:00",STARHLWF,28.091808
D,DISPATCH,UNIT_SCADA,1,"2019/09/05 16:15:00",WAUBRAWF,63.9380
D,DISPATCH,UNIT_SCADA,1,"2019/09/05 16:15:00",WOOLNTH1,49.910015
D,DISPATCH,UNIT_SCADA,1,"2019/09/05 16:15:00",WPWF,69
D,DISPATCH,UNIT_SCADA,1,"2019/09/05 16:15:00",YAMBUKWF,24.10
D,DISPATCH,UNIT_SCADA,1,"2019/09/05 16:15:00",YSWF1,0
D,DISPATCH,UNIT_SCADA,1,"2019/09/05 16:15:00",AGLHAL,0
D,DISPATCH,UNIT_SCADA,1,"2019/09/05 16:15:00",AGLSOM,0
D,DISPATCH,UNIT_SCADA,1,"2019/09/05 16:15:00",ANGAST1,0
D,DISPATCH,UNIT_SCADA,1,"2019/09/05 16:15:00",ARWF1,27
D,DISPATCH,UNIT_SCADA,1,"2019/09/05 16:15:00",BALBG1,0
D,DISPATCH,UNIT_SCADA,1,"2019/09/05 16:15:00",BALBL1,21.91
D,DISPATCH,UNIT_SCADA,1,"2019/09/05 16:15:00",BALDHWF1,72.4950
D,DISPATCH,UNIT_SCADA,1,"2019/09/05 16:15:00",BANN1,60
D,DISPATCH,UNIT_SCADA,1,"2019/09/05 16:15:00",BARCALDN,0
D,DISPATCH,UNIT_SCADA,1,"2019/09/05 16:15:00",BARRON-1,24.88
D,DISPATCH,UNIT_SCADA,1,"2019/09/05 16:15:00",BARRON-2,0
D,DISPATCH,UNIT_SCADA,1,"2019/09/05 16:15:00",BASTYAN,80.470010
D,DISPATCH,UNIT_SCADA,1,"2019/09/05 16:15:00",BBTHREE1,0
D,DISPATCH,UNIT_SCADA,1,"2019/09/05 16:15:00",BBTHREE2,0
D,DISPATCH,UNIT_SCADA,1,"2019/09/05 16:15:00",BBTHREE3,0
D,DISPATCH,UNIT_SCADA,1,"2019/09/05 16:15:00",BDL01,0
D,DISPATCH,UNIT_SCADA,1,"2019/09/05 16:15:00",BDL02,0
D,DISPATCH,UNIT_SCADA,1,"2019/09/05 16:15:00",BERYLSF1,47.931560
D,DISPATCH,UNIT_SCADA,1,"2019/09/05 16:15:00",BLOWERNG,15.40
D,DISPATCH,UNIT_SCADA,1,"2019/09/05 16:15:00",BLUFF1,37.30
D,DISPATCH,UNIT_SCADA,1,"2019/09/05 16:15:00",BNGSF1,95.09
D,DISPATCH,UNIT_SCADA,1,"2019/09/05 16:15:00",BNGSF2,20.03
D,DISPATCH,UNIT_SCADA,1,"2019/09/05 16:15:00",BOCORWF1,108.57
D,DISPATCH,UNIT_SCADA,1,"2019/09/05 16:15:00",BODWF1,47.693630
D,DISPATCH,UNIT_SCADA,1,"2019/09/05 16:15:00",BRAEMAR1,0
D,DISPATCH,UNIT_SCADA,1,"2019/09/05 16:15:00",BRAEMAR2,0
D,DISPATCH,UNIT_SCADA,1,"2019/09/05 16:15:00",BRAEMAR3,0
D,DISPATCH,UNIT_SCADA,1,"2019/09/05 16:15:00",BRAEMAR5,0
D,DISPATCH,UNIT_SCADA,1,"2019/09/05 16:15:00",BRAEMAR6,0
D,DISPATCH,UNIT_SCADA,1,"2019/09/05 16:15:00",BRAEMAR7,0
D,DISPATCH,UNIT_SCADA,1,"2019/09/05 16:15:00",BROKENH1,32.254880
D,DISPATCH,UNIT_SCADA,1,"2019/09/05 16:15:00",BW01,561.8750
D,DISPATCH,UNIT_SCADA,1,"2019/09/05 16:15:00",BW02,634.3750
D,DISPATCH,UNIT_SCADA,1,"2019/09/05 16:15:00",BW03,646.7749
D,DISPATCH,UNIT_SCADA,1,"2019/09/05 16:15:00",BW04,0
D,DISPATCH,UNIT_SCADA,1,"2019/09/05 16:15:00",CALL_B_1,322.700010
D,DISPATCH,UNIT_SCADA,1,"2019/09/05 16:15:00",CALL_B_2,272.700010
D,DISPATCH,UNIT_SCADA,1,"2019/09/05 16:15:00",CETHANA,57.529380
D,DISPATCH,UNIT_SCADA,1,"2019/09/05 16:15:00",CG1,0
D,DISPATCH,UNIT_SCADA,1,"2019/09/05 16:15:00",CG2,0
D,DISPATCH,UNIT_SCADA,1,"2019/09/05 16:15:00",CG3,0
D,DISPATCH,UNIT_SCADA,1,"2019/09/05 16:15:00",CG4,0
D,DISPATCH,UNIT_SCADA,1,"2019/09/05 16:15:00",CHILDSF1,40.29
D,DISPATCH,UNIT_SCADA,1,"2019/09/05 16:15:00",CLARESF1,42.307580
D,DISPATCH,UNIT_SCADA,1,"2019/09/05 16:15:00",CLEMGPWF,25.356330
D,DISPATCH,UNIT_SCADA,1,"2019/09/05 16:15:00",CLERMSF1,14.35
D,DISPATCH,UNIT_SCADA,1,"2019/09/05 16:15:00",COLEASF1,116.100010
D,DISPATCH,UNIT_SCADA,1,"2019/09/05 16:15:00",COOPGWF1,6.290330
D,DISPATCH,UNIT_SCADA,1,"2019/09/05 16:15:00",CPP_3,299.75
D,DISPATCH,UNIT_SCADA,1,"2019/09/05 16:15:00",CPP_4,301.1250
D,DISPATCH,UNIT_SCADA,1,"2019/09/05 16:15:00",CPSA,73.064380
D,DISPATCH,UNIT_SCADA,1,"2019/09/05 16:15:00",CROOKWF2,0.9775
D,DISPATCH,UNIT_SCADA,1,"2019/09/05 16:15:00",CROWLWF1,5.729020
D,DISPATCH,UNIT_SCADA,1,"2019/09/05 16:15:00",CSPVPS1,16.8180
D,DISPATCH,UNIT_SCADA,1,"2019/09/05 16:15:00",DALNTH01,0
D,DISPATCH,UNIT_SCADA,1,"2019/09/05 16:15:00",DALNTHL1,0.083920
D,DISPATCH,UNIT_SCADA,1,"2019/09/05 16:15:00",DARTM1,0
D,DISPATCH,UNIT_SCADA,1,"2019/09/05 16:15:00",DAYDSF1,107.456010
D,DISPATCH,UNIT_SCADA,1,"2019/09/05 16:15:00",DDPS1,308.465480
D,DISPATCH,UNIT_SCADA,1,"2019/09/05 16:15:00",DDSF1,44.316670
D,DISPATCH,UNIT_SCADA,1,"2019/09/05 16:15:00",DEVILS_G,63.969240
D,DISPATCH,UNIT_SCADA,1,"2019/09/05 16:15:00",DG_NSW1,0
D,DISPATCH,UNIT_SCADA,1,"2019/09/05 16:15:00",DG_QLD1,0
D,DISPATCH,UNIT_SCADA,1,"2019/09/05 16:15:00",DG_SA1,0
D,DISPATCH,UNIT_SCADA,1,"2019/09/05 16:15:00",DG_TAS1,0
D,DISPATCH,UNIT_SCADA,1,"2019/09/05 16:15:00",DG_VIC1,0
D,DISPATCH,UNIT_SCADA,1,"2019/09/05 16:15:00",DRYCGT1,0
D,DISPATCH,UNIT_SCADA,1,"2019/09/05 16:15:00",DRYCGT2,0
D,DISPATCH,UNIT_SCADA,1,"2019/09/05 16:15:00",DRYCGT3,0
D,DISPATCH,UNIT_SCADA,1,"2019/09/05 16:15:00",EILDON1,0
D,DISPATCH,UNIT_SCADA,1,"2019/09/05 16:15:00",EILDON2,0
D,DISPATCH,UNIT_SCADA,1,"2019/09/05 16:15:00",EMERASF1,58.58
D,DISPATCH,UNIT_SCADA,1,"2019/09/05 16:15:00",ER01,574.1250
D,DISPATCH,UNIT_SCADA,1,"2019/09/05 16:15:00",ER02,365.7251
D,DISPATCH,UNIT_SCADA,1,"2019/09/05 16:15:00",ER03,0
D,DISPATCH,UNIT_SCADA,1,"2019/09/05 16:15:00",ER04,678.674930
D,DISPATCH,UNIT_SCADA,1,"2019/09/05 16:15:00",FINLYSF1,36.743760
D,DISPATCH,UNIT_SCADA,1,"2019/09/05 16:15:00",FISHER,45.87
D,DISPATCH,UNIT_SCADA,1,"2019/09/05 16:15:00",GANNBG1,0
D,DISPATCH,UNIT_SCADA,1,"2019/09/05 16:15:00",GANNBL1,7.051170
D,DISPATCH,UNIT_SCADA,1,"2019/09/05 16:15:00",GANNSF1,41
D,DISPATCH,UNIT_SCADA,1,"2019/09/05 16:15:00",GORDON,19.8604
D,DISPATCH,UNIT_SCADA,1,"2019/09/05 16:15:00",GSTONE1,143.3250
D,DISPATCH,UNIT_SCADA,1,"2019/09/05 16:15:00",GSTONE2,109.55
D,DISPATCH,UNIT_SCADA,1,"2019/09/05 16:15:00",GSTONE3,0
D,DISPATCH,UNIT_SCADA,1,"2019/09/05 16:15:00",GSTONE4,147
D,DISPATCH,UNIT_SCADA,1,"2019/09/05 16:15:00",GSTONE5,130.3750
D,DISPATCH,UNIT_SCADA,1,"2019/09/05 16:15:00",GSTONE6,151.024990
D,DISPATCH,UNIT_SCADA,1,"2019/09/05 16:15:00",GULLRSF1,3.501950
D,DISPATCH,UNIT_SCADA,1,"2019/09/05 16:15:00",GULLRWF1,0.860140
D,DISPATCH,UNIT_SCADA,1,"2019/09/05 16:15:00",GUNNING1,-0.355930
D,DISPATCH,UNIT_SCADA,1,"2019/09/05 16:15:00",GUTHEGA,0
D,DISPATCH,UNIT_SCADA,1,"2019/09/05 16:15:00",HALLWF1,10.48
D,DISPATCH,UNIT_SCADA,1,"2019/09/05 16:15:00",HALLWF2,9.85
D,DISPATCH,UNIT_SCADA,1,"2019/09/05 16:15:00",HAMISF1,41.10
D,DISPATCH,UNIT_SCADA,1,"2019/09/05 16:15:00",HAUGHT11,86.081540
D,DISPATCH,UNIT_SCADA,1,"2019/09/05 16:15:00",HAYMSF1,37.1820
D,DISPATCH,UNIT_SCADA,1,"2019/09/05 16:15:00",HDWF1,47.40
D,DISPATCH,UNIT_SCADA,1,"2019/09/05 16:15:00",HDWF2,42.20
D,DISPATCH,UNIT_SCADA,1,"2019/09/05 16:15:00",HDWF3,49
D,DISPATCH,UNIT_SCADA,1,"2019/09/05 16:15:00",HPRG1,0
D,DISPATCH,UNIT_SCADA,1,"2019/09/05 16:15:00",HPRL1,25.30
D,DISPATCH,UNIT_SCADA,1,"2019/09/05 16:15:00",HUMENSW,0
D,DISPATCH,UNIT_SCADA,1,"2019/09/05 16:15:00",HUMEV,24.10
D,DISPATCH,UNIT_SCADA,1,"2019/09/05 16:15:00",HVGTS,0
D,DISPATCH,UNIT_SCADA,1,"2019/09/05 16:15:00",JBUTTERS,23.35
D,DISPATCH,UNIT_SCADA,1,"2019/09/05 16:15:00",JLA01,0.10
D,DISPATCH,UNIT_SCADA,1,"2019/09/05 16:15:00",JLA02,0
D,DISPATCH,UNIT_SCADA,1,"2019/09/05 16:15:00",JLA03,0
D,DISPATCH,UNIT_SCADA,1,"2019/09/05 16:15:00",JLA04,0
D,DISPATCH,UNIT_SCADA,1,"2019/09/05 16:15:00",JLB01,0
D,DISPATCH,UNIT_SCADA,1,"2019/09/05 16:15:00",JLB02,29.50
D,DISPATCH,UNIT_SCADA,1,"2019/09/05 16:15:00",JLB03,0
D,DISPATCH,UNIT_SCADA,1,"2019/09/05 16:15:00",KAREEYA1,21.6350
D,DISPATCH,UNIT_SCADA,1,"2019/09/05 16:15:00",KAREEYA2,21.6550
D,DISPATCH,UNIT_SCADA,1,"2019/09/05 16:15:00",KAREEYA3,0
D,DISPATCH,UNIT_SCADA,1,"2019/09/05 16:15:00",KAREEYA4,21.6175
D,DISPATCH,UNIT_SCADA,1,"2019/09/05 16:15:00",KARSF1,76.50
D,DISPATCH,UNIT_SCADA,1,"2019/09/05 16:15:00",KIATAWF1,9.20
D,DISPATCH,UNIT_SCADA,1,"2019/09/05 16:15:00",KPP_1,0
D,DISPATCH,UNIT_SCADA,1,"2019/09/05 16:15:00",KSP1,45.91
D,DISPATCH,UNIT_SCADA,1,"2019/09/05 16:15:00",LADBROK1,0
D,DISPATCH,UNIT_SCADA,1,"2019/09/05 16:15:00",LADBROK2,0
D,DISPATCH,UNIT_SCADA,1,"2019/09/05 16:15:00",LD01,410.249970
D,DISPATCH,UNIT_SCADA,1,"2019/09/05 16:15:00",LD02,400.50
D,DISPATCH,UNIT_SCADA,1,"2019/09/05 16:15:00",LD03,414.581240
D,DISPATCH,UNIT_SCADA,1,"2019/09/05 16:15:00",LD04,383.175020
D,DISPATCH,UNIT_SCADA,1,"2019/09/05 16:15:00",LEM_WIL,84.9801
D,DISPATCH,UNIT_SCADA,1,"2019/09/05 16:15:00",LGAPWF1,17.47
D,DISPATCH,UNIT_SCADA,1,"2019/09/05 16:15:00",LILYSF1,67.633140
D,DISPATCH,UNIT_SCADA,1,"2019/09/05 16:15:00",LI_WY_CA,133.454590
D,DISPATCH,UNIT_SCADA,1,"2019/09/05 16:15:00",LKBONNY2,-2.303310
D,DISPATCH,UNIT_SCADA,1,"2019/09/05 16:15:00",LKBONNY3,21.435650
D,DISPATCH,UNIT_SCADA,1,"2019/09/05 16:15:00",LK_ECHO,0
D,DISPATCH,UNIT_SCADA,1,"2019/09/05 16:15:00",LNGS1,0
D,DISPATCH,UNIT_SCADA,1,"2019/09/05 16:15:00",LNGS2,0
D,DISPATCH,UNIT_SCADA,1,"2019/09/05 16:15:00",LONSDALE,0
D,DISPATCH,UNIT_SCADA,1,"2019/09/05 16:15:00",LOYYB1,536.840520
D,DISPATCH,UNIT_SCADA,1,"2019/09/05 16:15:00",LOYYB2,581.578490
D,DISPATCH,UNIT_SCADA,1,"2019/09/05 16:15:00",LYA1,0
D,DISPATCH,UNIT_SCADA,1,"2019/09/05 16:15:00",LYA2,0
D,DISPATCH,UNIT_SCADA,1,"2019/09/05 16:15:00",LYA3,560
D,DISPATCH,UNIT_SCADA,1,"2019/09/05 16:15:00",LYA4,540
D,DISPATCH,UNIT_SCADA,1,"2019/09/05 16:15:00",MACARTH1,205.595250
D,DISPATCH,UNIT_SCADA,1,"2019/09/05 16:15:00",MACKAYGT,0.2240
D,DISPATCH,UNIT_SCADA,1,"2019/09/05 16:15:00",MACKNTSH,88.640010
D,DISPATCH,UNIT_SCADA,1,"2019/09/05 16:15:00",MANSLR1,32.6030
D,DISPATCH,UNIT_SCADA,1,"2019/09/05 16:15:00",MCKAY1,-0.0350
D,DISPATCH,UNIT_SCADA,1,"2019/09/05 16:15:00",MEADOWBK,34.038780
D,DISPATCH,UNIT_SCADA,1,"2019/09/05 16:15:00",MERCER01,20.7840
D,DISPATCH,UNIT_SCADA,1,"2019/09/05 16:15:00",MEWF1,25.563140
D,DISPATCH,UNIT_SCADA,1,"2019/09/05 16:15:00",MINTARO,0
D,DISPATCH,UNIT_SCADA,1,"2019/09/05 16:15:00",MOREESF1,45.3940
D,DISPATCH,UNIT_SCADA,1,"2019/09/05 16:15:00",MORTLK11,258
D,DISPATCH,UNIT_SCADA,1,"2019/09/05 16:15:00",MORTLK12,0
D,DISPATCH,UNIT_SCADA,1,"2019/09/05 16:15:00",MP1,224.349980
D,DISPATCH,UNIT_SCADA,1,"2019/09/05 16:15:00",MP2,0
D,DISPATCH,UNIT_SCADA,1,"2019/09/05 16:15:00",MPP_1,408
D,DISPATCH,UNIT_SCADA,1,"2019/09/05 16:15:00",MPP_2,437.75
D,DISPATCH,UNIT_SCADA,1,"2019/09/05 16:15:00",MSTUART1,0
D,DISPATCH,UNIT_SCADA,1,"2019/09/05 16:15:00",MSTUART2,0
D,DISPATCH,UNIT_SCADA,1,"2019/09/05 16:15:00",MSTUART3,0
D,DISPATCH,UNIT_SCADA,1,"2019/09/05 16:15:00",MTGELWF1,28.830840
D,DISPATCH,UNIT_SCADA,1,"2019/09/05 16:15:00",MURRAY,0
D,DISPATCH,UNIT_SCADA,1,"2019/09/05 16:15:00",MUSSELR1,11.20
D,DISPATCH,UNIT_SCADA,1,"2019/09/05 16:15:00",MUWAWF1,11.52
D,DISPATCH,UNIT_SCADA,1,"2019/09/05 16:15:00",NBHWF1,81.70
D,DISPATCH,UNIT_SCADA,1,"2019/09/05 16:15:00",NPS,128.6250
D,DISPATCH,UNIT_SCADA,1,"2019/09/05 16:15:00",NUMURSF1,34.47
D,DISPATCH,UNIT_SCADA,1,"2019/09/05 16:15:00",NYNGAN1,46
D,DISPATCH,UNIT_SCADA,1,"2019/09/05 16:15:00",OAKEY1,0
D,DISPATCH,UNIT_SCADA,1,"2019/09/05 16:15:00",OAKEY1SF,17.8850
D,DISPATCH,UNIT_SCADA,1,"2019/09/05 16:15:00",OAKEY2,0
D,DISPATCH,UNIT_SCADA,1,"2019/09/05 16:15:00",OAKEY2SF,0
D,DISPATCH,UNIT_SCADA,1,"2019/09/05 16:15:00",OAKLAND1,23.20
D,DISPATCH,UNIT_SCADA,1,"2019/09/05 16:15:00",OSB-AG,152.92
D,DISPATCH,UNIT_SCADA,1,"2019/09/05 16:15:00",PARSF1,41.50
D,DISPATCH,UNIT_SCADA,1,"2019/09/05 16:15:00",POAT110,0
D,DISPATCH,UNIT_SCADA,1,"2019/09/05 16:15:00",POAT220,0
D,DISPATCH,UNIT_SCADA,1,"2019/09/05 16:15:00",POR01,0
D,DISPATCH,UNIT_SCADA,1,"2019/09/05 16:15:00",POR03,0
D,DISPATCH,UNIT_SCADA,1,"2019/09/05 16:15:00",PPCCGT,194.356450
D,DISPATCH,UNIT_SCADA,1,"2019/09/05 16:15:00",PTSTAN1,0
D,DISPATCH,UNIT_SCADA,1,"2019/09/05 16:15:00",PUMP1,0
D,DISPATCH,UNIT_SCADA,1,"2019/09/05 16:15:00",PUMP2,0
D,DISPATCH,UNIT_SCADA,1,"2019/09/05 16:15:00",QPS1,0
D,DISPATCH,UNIT_SCADA,1,"2019/09/05 16:15:00",QPS2,0
D,DISPATCH,UNIT_SCADA,1,"2019/09/05 16:15:00",QPS3,0
D,DISPATCH,UNIT_SCADA,1,"2019/09/05 16:15:00",QPS4,0
D,DISPATCH,UNIT_SCADA,1,"2019/09/05 16:15:00",QPS5,0
D,DISPATCH,UNIT_SCADA,1,"2019/09/05 16:15:00",REECE1,104.330010
D,DISPATCH,UNIT_SCADA,1,"2019/09/05 16:15:00",REECE2,100.740010
D,DISPATCH,UNIT_SCADA,1,"2019/09/05 16:15:00",ROMA_7,0
D,DISPATCH,UNIT_SCADA,1,"2019/09/05 16:15:00",ROMA_8,0
D,DISPATCH,UNIT_SCADA,1,"2019/09/05 16:15:00",RRSF1,87.245570
D,DISPATCH,UNIT_SCADA,1,"2019/09/05 16:15:00",RT_NSW1,0
D,DISPATCH,UNIT_SCADA,1,"2019/09/05 16:15:00",RT_NSW2,0
D,DISPATCH,UNIT_SCADA,1,"2019/09/05 16:15:00",RT_NSW3,0
D,DISPATCH,UNIT_SCADA,1,"2019/09/05 16:15:00",RT_NSW4,0
D,DISPATCH,UNIT_SCADA,1,"2019/09/05 16:15:00",RT_NSW5,0
D,DISPATCH,UNIT_SCADA,1,"2019/09/05 16:15:00",RT_NSW6,0
D,DISPATCH,UNIT_SCADA,1,"2019/09/05 16:15:00",RT_QLD1,0
D,DISPATCH,UNIT_SCADA,1,"2019/09/05 16:15:00",RT_SA1,0
D,DISPATCH,UNIT_SCADA,1,"2019/09/05 16:15:00",RT_SA2,0
D,DISPATCH,UNIT_SCADA,1,"2019/09/05 16:15:00",RT_SA3,0
D,DISPATCH,UNIT_SCADA,1,"2019/09/05 16:15:00",RT_SA4,0
D,DISPATCH,UNIT_SCADA,1,"2019/09/05 16:15:00",RT_SA5,0
D,DISPATCH,UNIT_SCADA,1,"2019/09/05 16:15:00",RT_SA6,0
D,DISPATCH,UNIT_SCADA,1,"2019/09/05 16:15:00",RT_TAS1,0
D,DISPATCH,UNIT_SCADA,1,"2019/09/05 16:15:00",RT_VIC1,0
D,DISPATCH,UNIT_SCADA,1,"2019/09/05 16:15:00",RT_VIC10,0
D,DISPATCH,UNIT_SCADA,1,"2019/09/05 16:15:00",RT_VIC11,0
D,DISPATCH,UNIT_SCADA,1,"2019/09/05 16:15:00",RT_VIC12,0
D,DISPATCH,UNIT_SCADA,1,"2019/09/05 16:15:00",RT_VIC2,0
D,DISPATCH,UNIT_SCADA,1,"2019/09/05 16:15:00",RT_VIC3,0
D,DISPATCH,UNIT_SCADA,1,"2019/09/05 16:15:00",RT_VIC4,0
D,DISPATCH,UNIT_SCADA,1,"2019/09/05 16:15:00",RT_VIC5,0
D,DISPATCH,UNIT_SCADA,1,"2019/09/05 16:15:00",RT_VIC6,0
D,DISPATCH,UNIT_SCADA,1,"2019/09/05 16:15:00",RT_VIC7,0
D,DISPATCH,UNIT_SCADA,1,"2019/09/05 16:15:00",RT_VIC8,0
D,DISPATCH,UNIT_SCADA,1,"2019/09/05 16:15:00",RT_VIC9,0
D,DISPATCH,UNIT_SCADA,1,"2019/09/05 16:15:00",RUGBYR1,58.638340
D,DISPATCH,UNIT_SCADA,1,"2019/09/05 16:15:00",SALTCRK1,21.73
D,DISPATCH,UNIT_SCADA,1,"2019/09/05 16:15:00",SAPHWF1,91.368740
D,DISPATCH,UNIT_SCADA,1,"2019/09/05 16:15:00",SHGEN,0
D,DISPATCH,UNIT_SCADA,1,"2019/09/05 16:15:00",SHPUMP,0
D,DISPATCH,UNIT_SCADA,1,"2019/09/05 16:15:00",SITHE01,0.194050
D,DISPATCH,UNIT_SCADA,1,"2019/09/05 16:15:00",SMCSF1,45.140530
D,DISPATCH,UNIT_SCADA,1,"2019/09/05 16:15:00",SNOWNTH1,71
D,DISPATCH,UNIT_SCADA,1,"2019/09/05 16:15:00",SNOWSTH1,92.60
D,DISPATCH,UNIT_SCADA,1,"2019/09/05 16:15:00",SNOWTWN1,0.791930
D,DISPATCH,UNIT_SCADA,1,"2019/09/05 16:15:00",SNOWYP,0
D,DISPATCH,UNIT_SCADA,1,"2019/09/05 16:15:00",SNUG1,0.019440
D,DISPATCH,UNIT_SCADA,1,"2019/09/05 16:15:00",SRSF1,41.01
D,DISPATCH,UNIT_SCADA,1,"2019/09/05 16:15:00",STAN-1,352.463870
D,DISPATCH,UNIT_SCADA,1,"2019/09/05 16:15:00",STAN-2,255.497210
D,DISPATCH,UNIT_SCADA,1,"2019/09/05 16:15:00",STAN-3,224.837040
D,DISPATCH,UNIT_SCADA,1,"2019/09/05 16:15:00",STAN-4,216.723360
D,DISPATCH,UNIT_SCADA,1,"2019/09/05 16:15:00",STWF1,0
D,DISPATCH,UNIT_SCADA,1,"2019/09/05 16:15:00",SWAN_E,0
D,DISPATCH,UNIT_SCADA,1,"2019/09/05 16:15:00",TALWA1,412
D,DISPATCH,UNIT_SCADA,1,"2019/09/05 16:15:00",TARALGA1,3.491230
D,DISPATCH,UNIT_SCADA,1,"2019/09/05 16:15:00",TARONG#1,349.50
D,DISPATCH,UNIT_SCADA,1,"2019/09/05 16:15:00",TARONG#2,0
D,DISPATCH,UNIT_SCADA,1,"2019/09/05 16:15:00",TARONG#3,315
D,DISPATCH,UNIT_SCADA,1,"2019/09/05 16:15:00",TARONG#4,348
D,DISPATCH,UNIT_SCADA,1,"2019/09/05 16:15:00",TARRALEA,74.20
D,DISPATCH,UNIT_SCADA,1,"2019/09/05 16:15:00",TBSF1,0
D,DISPATCH,UNIT_SCADA,1,"2019/09/05 16:15:00",TNPS1,379.000030
D,DISPATCH,UNIT_SCADA,1,"2019/09/05 16:15:00",TORRA1,34.368230
D,DISPATCH,UNIT_SCADA,1,"2019/09/05 16:15:00",TORRA2,0
D,DISPATCH,UNIT_SCADA,1,"2019/09/05 16:15:00",TORRA3,0
D,DISPATCH,UNIT_SCADA,1,"2019/09/05 16:15:00",TORRA4,37.119410
D,DISPATCH,UNIT_SCADA,1,"2019/09/05 16:15:00",TORRB1,59.74
D,DISPATCH,UNIT_SCADA,1,"2019/09/05 16:15:00",TORRB2,64.08
D,DISPATCH,UNIT_SCADA,1,"2019/09/05 16:15:00",TORRB3,63.23
D,DISPATCH,UNIT_SCADA,1,"2019/09/05 16:15:00",TORRB4,0
D,DISPATCH,UNIT_SCADA,1,"2019/09/05 16:15:00",TREVALLN,90.840030
D,DISPATCH,UNIT_SCADA,1,"2019/09/05 16:15:00",TRIBUTE,0
D,DISPATCH,UNIT_SCADA,1,"2019/09/05 16:15:00",TUMUT3,166.20
D,DISPATCH,UNIT_SCADA,1,"2019/09/05 16:15:00",TUNGATIN,43.20
D,DISPATCH,UNIT_SCADA,1,"2019/09/05 16:15:00",TVCC201,0
D,DISPATCH,UNIT_SCADA,1,"2019/09/05 16:15:00",TVPP104,0
D,DISPATCH,UNIT_SCADA,1,"2019/09/05 16:15:00",UPPTUMUT,499.095640
D,DISPATCH,UNIT_SCADA,1,"2019/09/05 16:15:00",URANQ11,0
D,DISPATCH,UNIT_SCADA,1,"2019/09/05 16:15:00",URANQ12,0
D,DISPATCH,UNIT_SCADA,1,"2019/09/05 16:15:00",URANQ13,153.931270
D,DISPATCH,UNIT_SCADA,1,"2019/09/05 16:15:00",URANQ14,0
D,DISPATCH,UNIT_SCADA,1,"2019/09/05 16:15:00",VP5,524.075010
D,DISPATCH,UNIT_SCADA,1,"2019/09/05 16:15:00",VP6,0
D,DISPATCH,UNIT_SCADA,1,"2019/09/05 16:15:00",VPGS1,0
D,DISPATCH,UNIT_SCADA,1,"2019/09/05 16:15:00",VPGS2,0
D,DISPATCH,UNIT_SCADA,1,"2019/09/05 16:15:00",VPGS3,0
D,DISPATCH,UNIT_SCADA,1,"2019/09/05 16:15:00",VPGS4,0
D,DISPATCH,UNIT_SCADA,1,"2019/09/05 16:15:00",VPGS5,0
D,DISPATCH,UNIT_SCADA,1,"2019/09/05 16:15:00",VPGS6,0
D,DISPATCH,UNIT_SCADA,1,"2019/09/05 16:15:00",W/HOE#1,0
D,DISPATCH,UNIT_SCADA,1,"2019/09/05 16:15:00",W/HOE#2,0
D,DISPATCH,UNIT_SCADA,1,"2019/09/05 16:15:00",WATERLWF,22.50
D,DISPATCH,UNIT_SCADA,1,"2019/09/05 16:15:00",WEMENSF1,62.60
D,DISPATCH,UNIT_SCADA,1,"2019/09/05 16:15:00",WGWF1,64.90
D,DISPATCH,UNIT_SCADA,1,"2019/09/05 16:15:00",WHITSF1,39.40
D,DISPATCH,UNIT_SCADA,1,"2019/09/05 16:15:00",WKIEWA1,0
D,DISPATCH,UNIT_SCADA,1,"2019/09/05 16:15:00",WKIEWA2,0.10
D,DISPATCH,UNIT_SCADA,1,"2019/09/05 16:15:00",WOODLWN1,0
D,DISPATCH,UNIT_SCADA,1,"2019/09/05 16:15:00",WRSF1,7.53
D,DISPATCH,UNIT_SCADA,1,"2019/09/05 16:15:00",WRWF1,76.4025
D,DISPATCH,UNIT_SCADA,1,"2019/09/05 16:15:00",YABULU,0
D,DISPATCH,UNIT_SCADA,1,"2019/09/05 16:15:00",YABULU2,0
D,DISPATCH,UNIT_SCADA,1,"2019/09/05 16:15:00",YARWUN_1,129.399990
D,DISPATCH,UNIT_SCADA,1,"2019/09/05 16:15:00",YENDWF1,15.25
D,DISPATCH,UNIT_SCADA,1,"2019/09/05 16:15:00",YWPS1,384.7114
D,DISPATCH,UNIT_SCADA,1,"2019/09/05 16:15:00",YWPS2,282.453160
D,DISPATCH,UNIT_SCADA,1,"2019/09/05 16:15:00",YWPS3,329.749360
D,DISPATCH,UNIT_SCADA,1,"2019/09/05 16:15:00",YWPS4,389.874690
C,"END OF REPORT",335
