C,NEMP.WORLD,DISPATCHSCADA,AEMO,PUBLIC,2019/08/21,04:15:09,0000000311811874,DISPATCHSCADA,0000000311811868
I,DISPATCH,UNIT_SCADA,1,SETTLEMENTDATE,DUID,SCADAVALUE
D,DISPATCH,UNIT_SCADA,1,"2019/08/21 04:20:00",BARCSF1,0.50
D,DISPATCH,UNIT_SCADA,1,"2019/08/21 04:20:00",BUTLERSG,9.699999
D,DISPATCH,UNIT_SCADA,1,"2019/08/21 04:20:00",CALL_A_4,0
D,DISPATCH,UNIT_SCADA,1,"2019/08/21 04:20:00",CAPTL_WF,127.008003
D,DISPATCH,UNIT_SCADA,1,"2019/08/21 04:20:00",CATHROCK,34.939999
D,DISPATCH,UNIT_SCADA,1,"2019/08/21 04:20:00",CHALLHWF,35.50
D,DISPATCH,UNIT_SCADA,1,"2019/08/21 04:20:00",CLOVER,-0.02
D,DISPATCH,UNIT_SCADA,1,"2019/08/21 04:20:00",CLUNY,20.469215
D,DISPATCH,UNIT_SCADA,1,"2019/08/21 04:20:00",CNUNDAWF,41.047882
D,DISPATCH,UNIT_SCADA,1,"2019/08/21 04:20:00",CULLRGWF,30.360001
D,DISPATCH,UNIT_SCADA,1,"2019/08/21 04:20:00",ERGT01,0
D,DISPATCH,UNIT_SCADA,1,"2019/08/21 04:20:00",GB01,0.060730
D,DISPATCH,UNIT_SCADA,1,"2019/08/21 04:20:00",GERMCRK,38.799999
D,DISPATCH,UNIT_SCADA,1,"2019/08/21 04:20:00",GRIFSF1,0
D,DISPATCH,UNIT_SCADA,1,"2019/08/21 04:20:00",HUGSF1,-0.2040
D,DISPATCH,UNIT_SCADA,1,"2019/08/21 04:20:00",LKBONNY1,75.377106
D,DISPATCH,UNIT_SCADA,1,"2019/08/21 04:20:00",LRSF1,0.0290
D,DISPATCH,UNIT_SCADA,1,"2019/08/21 04:20:00",MBAHNTH,55.724991
D,DISPATCH,UNIT_SCADA,1,"2019/08/21 04:20:00",MLSP1,0.283001
D,DISPATCH,UNIT_SCADA,1,"2019/08/21 04:20:00",MLWF1,19.6950
D,DISPATCH,UNIT_SCADA,1,"2019/08/21 04:20:00",MTMILLAR,27.302172
D,DISPATCH,UNIT_SCADA,1,"2019/08/21 04:20:00",PALOONA,12.759999
D,DISPATCH,UNIT_SCADA,1,"2019/08/21 04:20:00",PIONEER,32.799999
D,DISPATCH,UNIT_SCADA,1,"2019/08/21 04:20:00",PORTWF,135.199997
D,DISPATCH,UNIT_SCADA,1,"2019/08/21 04:20:00",REPULSE,29.456627
D,DISPATCH,UNIT_SCADA,1,"2019/08/21 04:20:00",ROWALLAN,10.2737
D,DISPATCH,UNIT_SCADA,1,"2019/08/21 04:20:00",ROYALLA1,0
D,DISPATCH,UNIT_SCADA,1,"2019/08/21 04:20:00",RPCG,13.30
D,DISPATCH,UNIT_SCADA,1,"2019/08/21 04:20:00",RUBICON,0
D,DISPATCH,UNIT_SCADA,1,"2019/08/21 04:20:00",SATGN1,0
D,DISPATCH,UNIT_SCADA,1,"2019/08/21 04:20:00",SATGS1,0
D,DISPATCH,UNIT_SCADA,1,"2019/08/21 04:20:00",STARHLWF,8.497522
D,DISPATCH,UNIT_SCADA,1,"2019/08/21 04:20:00",WAUBRAWF,175.779999
D,DISPATCH,UNIT_SCADA,1,"2019/08/21 04:20:00",WOOLNTH1,63.050018
D,DISPATCH,UNIT_SCADA,1,"2019/08/21 04:20:00",WPWF,24
D,DISPATCH,UNIT_SCADA,1,"2019/08/21 04:20:00",YAMBUKWF,29.60
D,DISPATCH,UNIT_SCADA,1,"2019/08/21 04:20:00",YSWF1,28.60
D,DISPATCH,UNIT_SCADA,1,"2019/08/21 04:20:00",AGLHAL,0
D,DISPATCH,UNIT_SCADA,1,"2019/08/21 04:20:00",AGLSOM,0
D,DISPATCH,UNIT_SCADA,1,"2019/08/21 04:20:00",ANGAST1,0
D,DISPATCH,UNIT_SCADA,1,"2019/08/21 04:20:00",ARWF1,134.50
D,DISPATCH,UNIT_SCADA,1,"2019/08/21 04:20:00",BALBG1,0
D,DISPATCH,UNIT_SCADA,1,"2019/08/21 04:20:00",BALBL1,2.94
D,DISPATCH,UNIT_SCADA,1,"2019/08/21 04:20:00",BALDHWF1,100.753010
D,DISPATCH,UNIT_SCADA,1,"2019/08/21 04:20:00",BANN1,0
D,DISPATCH,UNIT_SCADA,1,"2019/08/21 04:20:00",BARCALDN,0
D,DISPATCH,UNIT_SCADA,1,"2019/08/21 04:20:00",BARRON-1,0
D,DISPATCH,UNIT_SCADA,1,"2019/08/21 04:20:00",BARRON-2,0
D,DISPATCH,UNIT_SCADA,1,"2019/08/21 04:20:00",BASTYAN,80.060010
D,DISPATCH,UNIT_SCADA,1,"2019/08/21 04:20:00",BBTHREE1,-1.83
D,DISPATCH,UNIT_SCADA,1,"2019/08/21 04:20:00",BBTHREE2,-1.86
D,DISPATCH,UNIT_SCADA,1,"2019/08/21 04:20:00",BBTHREE3,-1
D,DISPATCH,UNIT_SCADA,1,"2019/08/21 04:20:00",BDL01,0
D,DISPATCH,UNIT_SCADA,1,"2019/08/21 04:20:00",BDL02,0
D,DISPATCH,UNIT_SCADA,1,"2019/08/21 04:20:00",BERYLSF1,0
D,DISPATCH,UNIT_SCADA,1,"2019/08/21 04:20:00",BLOWERNG,0
D,DISPATCH,UNIT_SCADA,1,"2019/08/21 04:20:00",BLUFF1,44.20
D,DISPATCH,UNIT_SCADA,1,"2019/08/21 04:20:00",BNGSF1,0
D,DISPATCH,UNIT_SCADA,1,"2019/08/21 04:20:00",BNGSF2,0
D,DISPATCH,UNIT_SCADA,1,"2019/08/21 04:20:00",BOCORWF1,107.65
D,DISPATCH,UNIT_SCADA,1,"2019/08/21 04:20:00",BODWF1,52.220570
D,DISPATCH,UNIT_SCADA,1,"2019/08/21 04:20:00",BRAEMAR1,0
D,DISPATCH,UNIT_SCADA,1,"2019/08/21 04:20:00",BRAEMAR2,0
D,DISPATCH,UNIT_SCADA,1,"2019/08/21 04:20:00",BRAEMAR3,0
D,DISPATCH,UNIT_SCADA,1,"2019/08/21 04:20:00",BRAEMAR5,0
D,DISPATCH,UNIT_SCADA,1,"2019/08/21 04:20:00",BRAEMAR6,0
D,DISPATCH,UNIT_SCADA,1,"2019/08/21 04:20:00",BRAEMAR7,0
D,DISPATCH,UNIT_SCADA,1,"2019/08/21 04:20:00",BROKENH1,0
D,DISPATCH,UNIT_SCADA,1,"2019/08/21 04:20:00",BW01,380.900020
D,DISPATCH,UNIT_SCADA,1,"2019/08/21 04:20:00",BW02,440.324950
D,DISPATCH,UNIT_SCADA,1,"2019/08/21 04:20:00",BW03,518.700070
D,DISPATCH,UNIT_SCADA,1,"2019/08/21 04:20:00",BW04,0
D,DISPATCH,UNIT_SCADA,1,"2019/08/21 04:20:00",CALL_B_1,349.399990
D,DISPATCH,UNIT_SCADA,1,"2019/08/21 04:20:00",CALL_B_2,284.600010
D,DISPATCH,UNIT_SCADA,1,"2019/08/21 04:20:00",CETHANA,95.55
D,DISPATCH,UNIT_SCADA,1,"2019/08/21 04:20:00",CG1,0
D,DISPATCH,UNIT_SCADA,1,"2019/08/21 04:20:00",CG2,0
D,DISPATCH,UNIT_SCADA,1,"2019/08/21 04:20:00",CG3,0
D,DISPATCH,UNIT_SCADA,1,"2019/08/21 04:20:00",CG4,0
D,DISPATCH,UNIT_SCADA,1,"2019/08/21 04:20:00",CHILDSF1,0
D,DISPATCH,UNIT_SCADA,1,"2019/08/21 04:20:00",CLARESF1,0
D,DISPATCH,UNIT_SCADA,1,"2019/08/21 04:20:00",CLEMGPWF,15.271420
D,DISPATCH,UNIT_SCADA,1,"2019/08/21 04:20:00",CLERMSF1,0
D,DISPATCH,UNIT_SCADA,1,"2019/08/21 04:20:00",COLEASF1,0
D,DISPATCH,UNIT_SCADA,1,"2019/08/21 04:20:00",COOPGWF1,33.947850
D,DISPATCH,UNIT_SCADA,1,"2019/08/21 04:20:00",CPP_3,388.575010
D,DISPATCH,UNIT_SCADA,1,"2019/08/21 04:20:00",CPP_4,387.200010
D,DISPATCH,UNIT_SCADA,1,"2019/08/21 04:20:00",CPSA,142.536880
D,DISPATCH,UNIT_SCADA,1,"2019/08/21 04:20:00",CROOKWF2,88.885010
D,DISPATCH,UNIT_SCADA,1,"2019/08/21 04:20:00",CROWLWF1,29.634560
D,DISPATCH,UNIT_SCADA,1,"2019/08/21 04:20:00",CSPVPS1,0
D,DISPATCH,UNIT_SCADA,1,"2019/08/21 04:20:00",DALNTH01,0
D,DISPATCH,UNIT_SCADA,1,"2019/08/21 04:20:00",DALNTHL1,0.984210
D,DISPATCH,UNIT_SCADA,1,"2019/08/21 04:20:00",DARTM1,0
D,DISPATCH,UNIT_SCADA,1,"2019/08/21 04:20:00",DAYDSF1,0
D,DISPATCH,UNIT_SCADA,1,"2019/08/21 04:20:00",DDPS1,0
D,DISPATCH,UNIT_SCADA,1,"2019/08/21 04:20:00",DDSF1,0
D,DISPATCH,UNIT_SCADA,1,"2019/08/21 04:20:00",DEVILS_G,57.147740
D,DISPATCH,UNIT_SCADA,1,"2019/08/21 04:20:00",DG_NSW1,0
D,DISPATCH,UNIT_SCADA,1,"2019/08/21 04:20:00",DG_QLD1,0
D,DISPATCH,UNIT_SCADA,1,"2019/08/21 04:20:00",DG_SA1,0
D,DISPATCH,UNIT_SCADA,1,"2019/08/21 04:20:00",DG_TAS1,0
D,DISPATCH,UNIT_SCADA,1,"2019/08/21 04:20:00",DG_VIC1,0
D,DISPATCH,UNIT_SCADA,1,"2019/08/21 04:20:00",DRYCGT1,0
D,DISPATCH,UNIT_SCADA,1,"2019/08/21 04:20:00",DRYCGT2,0
D,DISPATCH,UNIT_SCADA,1,"2019/08/21 04:20:00",DRYCGT3,0
D,DISPATCH,UNIT_SCADA,1,"2019/08/21 04:20:00",EILDON1,0
D,DISPATCH,UNIT_SCADA,1,"2019/08/21 04:20:00",EILDON2,0
D,DISPATCH,UNIT_SCADA,1,"2019/08/21 04:20:00",EMERASF1,0
D,DISPATCH,UNIT_SCADA,1,"2019/08/21 04:20:00",ER01,422.574950
D,DISPATCH,UNIT_SCADA,1,"2019/08/21 04:20:00",ER02,353.699950
D,DISPATCH,UNIT_SCADA,1,"2019/08/21 04:20:00",ER03,349.400020
D,DISPATCH,UNIT_SCADA,1,"2019/08/21 04:20:00",ER04,423.525020
D,DISPATCH,UNIT_SCADA,1,"2019/08/21 04:20:00",FINLYSF1,0
D,DISPATCH,UNIT_SCADA,1,"2019/08/21 04:20:00",FISHER,45.87
D,DISPATCH,UNIT_SCADA,1,"2019/08/21 04:20:00",GANNBG1,0
D,DISPATCH,UNIT_SCADA,1,"2019/08/21 04:20:00",GANNBL1,10.009150
D,DISPATCH,UNIT_SCADA,1,"2019/08/21 04:20:00",GANNSF1,0
D,DISPATCH,UNIT_SCADA,1,"2019/08/21 04:20:00",GORDON,0
D,DISPATCH,UNIT_SCADA,1,"2019/08/21 04:20:00",GSTONE1,138.25
D,DISPATCH,UNIT_SCADA,1,"2019/08/21 04:20:00",GSTONE2,130.20
D,DISPATCH,UNIT_SCADA,1,"2019/08/21 04:20:00",GSTONE3,135.45
D,DISPATCH,UNIT_SCADA,1,"2019/08/21 04:20:00",GSTONE4,138.774990
D,DISPATCH,UNIT_SCADA,1,"2019/08/21 04:20:00",GSTONE5,133.70
D,DISPATCH,UNIT_SCADA,1,"2019/08/21 04:20:00",GSTONE6,0
D,DISPATCH,UNIT_SCADA,1,"2019/08/21 04:20:00",GULLRSF1,0
D,DISPATCH,UNIT_SCADA,1,"2019/08/21 04:20:00",GULLRWF1,161.387730
D,DISPATCH,UNIT_SCADA,1,"2019/08/21 04:20:00",GUNNING1,46.369080
D,DISPATCH,UNIT_SCADA,1,"2019/08/21 04:20:00",GUTHEGA,0
D,DISPATCH,UNIT_SCADA,1,"2019/08/21 04:20:00",HALLWF1,76.97
D,DISPATCH,UNIT_SCADA,1,"2019/08/21 04:20:00",HALLWF2,58.32
D,DISPATCH,UNIT_SCADA,1,"2019/08/21 04:20:00",HAMISF1,0
D,DISPATCH,UNIT_SCADA,1,"2019/08/21 04:20:00",HAUGHT11,0
D,DISPATCH,UNIT_SCADA,1,"2019/08/21 04:20:00",HAYMSF1,0
D,DISPATCH,UNIT_SCADA,1,"2019/08/21 04:20:00",HDWF1,71.60
D,DISPATCH,UNIT_SCADA,1,"2019/08/21 04:20:00",HDWF2,58.60
D,DISPATCH,UNIT_SCADA,1,"2019/08/21 04:20:00",HDWF3,62.40
D,DISPATCH,UNIT_SCADA,1,"2019/08/21 04:20:00",HPRG1,0
D,DISPATCH,UNIT_SCADA,1,"2019/08/21 04:20:00",HPRL1,39.90
D,DISPATCH,UNIT_SCADA,1,"2019/08/21 04:20:00",HUMENSW,0
D,DISPATCH,UNIT_SCADA,1,"2019/08/21 04:20:00",HUMEV,9.20
D,DISPATCH,UNIT_SCADA,1,"2019/08/21 04:20:00",HVGTS,0
D,DISPATCH,UNIT_SCADA,1,"2019/08/21 04:20:00",JBUTTERS,0
D,DISPATCH,UNIT_SCADA,1,"2019/08/21 04:20:00",JLA01,0.50
D,DISPATCH,UNIT_SCADA,1,"2019/08/21 04:20:00",JLA02,0
D,DISPATCH,UNIT_SCADA,1,"2019/08/21 04:20:00",JLA03,0.10
D,DISPATCH,UNIT_SCADA,1,"2019/08/21 04:20:00",JLA04,0.10
D,DISPATCH,UNIT_SCADA,1,"2019/08/21 04:20:00",JLB01,0
D,DISPATCH,UNIT_SCADA,1,"2019/08/21 04:20:00",JLB02,0.10
D,DISPATCH,UNIT_SCADA,1,"2019/08/21 04:20:00",JLB03,0
D,DISPATCH,UNIT_SCADA,1,"2019/08/21 04:20:00",KAREEYA1,21.4650
D,DISPATCH,UNIT_SCADA,1,"2019/08/21 04:20:00",KAREEYA2,21.61
D,DISPATCH,UNIT_SCADA,1,"2019/08/21 04:20:00",KAREEYA3,0
D,DISPATCH,UNIT_SCADA,1,"2019/08/21 04:20:00",KAREEYA4,21.6825
D,DISPATCH,UNIT_SCADA,1,"2019/08/21 04:20:00",KARSF1,0
D,DISPATCH,UNIT_SCADA,1,"2019/08/21 04:20:00",KIATAWF1,30
D,DISPATCH,UNIT_SCADA,1,"2019/08/21 04:20:00",KPP_1,0
D,DISPATCH,UNIT_SCADA,1,"2019/08/21 04:20:00",KSP1,0
D,DISPATCH,UNIT_SCADA,1,"2019/08/21 04:20:00",LADBROK1,0
D,DISPATCH,UNIT_SCADA,1,"2019/08/21 04:20:00",LADBROK2,0
D,DISPATCH,UNIT_SCADA,1,"2019/08/21 04:20:00",LD01,345.037540
D,DISPATCH,UNIT_SCADA,1,"2019/08/21 04:20:00",LD02,301.406250
D,DISPATCH,UNIT_SCADA,1,"2019/08/21 04:20:00",LD03,321.262480
D,DISPATCH,UNIT_SCADA,1,"2019/08/21 04:20:00",LD04,348.056210
D,DISPATCH,UNIT_SCADA,1,"2019/08/21 04:20:00",LEM_WIL,85.889690
D,DISPATCH,UNIT_SCADA,1,"2019/08/21 04:20:00",LGAPWF1,14.63
D,DISPATCH,UNIT_SCADA,1,"2019/08/21 04:20:00",LILYSF1,0
D,DISPATCH,UNIT_SCADA,1,"2019/08/21 04:20:00",LI_WY_CA,147.8699
D,DISPATCH,UNIT_SCADA,1,"2019/08/21 04:20:00",LKBONNY2,129.380580
D,DISPATCH,UNIT_SCADA,1,"2019/08/21 04:20:00",LKBONNY3,32.153480
D,DISPATCH,UNIT_SCADA,1,"2019/08/21 04:20:00",LK_ECHO,0
D,DISPATCH,UNIT_SCADA,1,"2019/08/21 04:20:00",LNGS1,0
D,DISPATCH,UNIT_SCADA,1,"2019/08/21 04:20:00",LNGS2,0
D,DISPATCH,UNIT_SCADA,1,"2019/08/21 04:20:00",LONSDALE,0
D,DISPATCH,UNIT_SCADA,1,"2019/08/21 04:20:00",LOYYB1,536.088620
D,DISPATCH,UNIT_SCADA,1,"2019/08/21 04:20:00",LOYYB2,583.082280
D,DISPATCH,UNIT_SCADA,1,"2019/08/21 04:20:00",LYA1,504
D,DISPATCH,UNIT_SCADA,1,"2019/08/21 04:20:00",LYA2,0
D,DISPATCH,UNIT_SCADA,1,"2019/08/21 04:20:00",LYA3,506
D,DISPATCH,UNIT_SCADA,1,"2019/08/21 04:20:00",LYA4,502
D,DISPATCH,UNIT_SCADA,1,"2019/08/21 04:20:00",MACARTH1,372.0914
D,DISPATCH,UNIT_SCADA,1,"2019/08/21 04:20:00",MACKAYGT,0
D,DISPATCH,UNIT_SCADA,1,"2019/08/21 04:20:00",MACKNTSH,83.740010
D,DISPATCH,UNIT_SCADA,1,"2019/08/21 04:20:00",MANSLR1,0
D,DISPATCH,UNIT_SCADA,1,"2019/08/21 04:20:00",MCKAY1,0.02
D,DISPATCH,UNIT_SCADA,1,"2019/08/21 04:20:00",MEADOWBK,34.181680
D,DISPATCH,UNIT_SCADA,1,"2019/08/21 04:20:00",MERCER01,129.195010
D,DISPATCH,UNIT_SCADA,1,"2019/08/21 04:20:00",MEWF1,103.485440
D,DISPATCH,UNIT_SCADA,1,"2019/08/21 04:20:00",MINTARO,0
D,DISPATCH,UNIT_SCADA,1,"2019/08/21 04:20:00",MOREESF1,0
D,DISPATCH,UNIT_SCADA,1,"2019/08/21 04:20:00",MORTLK11,0
D,DISPATCH,UNIT_SCADA,1,"2019/08/21 04:20:00",MORTLK12,0
D,DISPATCH,UNIT_SCADA,1,"2019/08/21 04:20:00",MP1,278.0249
D,DISPATCH,UNIT_SCADA,1,"2019/08/21 04:20:00",MP2,0
D,DISPATCH,UNIT_SCADA,1,"2019/08/21 04:20:00",MPP_1,367.25
D,DISPATCH,UNIT_SCADA,1,"2019/08/21 04:20:00",MPP_2,411.75
D,DISPATCH,UNIT_SCADA,1,"2019/08/21 04:20:00",MSTUART1,0
D,DISPATCH,UNIT_SCADA,1,"2019/08/21 04:20:00",MSTUART2,0
D,DISPATCH,UNIT_SCADA,1,"2019/08/21 04:20:00",MSTUART3,0
D,DISPATCH,UNIT_SCADA,1,"2019/08/21 04:20:00",MTGELWF1,64.116340
D,DISPATCH,UNIT_SCADA,1,"2019/08/21 04:20:00",MURRAY,0
D,DISPATCH,UNIT_SCADA,1,"2019/08/21 04:20:00",MUSSELR1,162.70
D,DISPATCH,UNIT_SCADA,1,"2019/08/21 04:20:00",MUWAWF1,55.91
D,DISPATCH,UNIT_SCADA,1,"2019/08/21 04:20:00",NBHWF1,96.10
D,DISPATCH,UNIT_SCADA,1,"2019/08/21 04:20:00",NPS,0
D,DISPATCH,UNIT_SCADA,1,"2019/08/21 04:20:00",NUMURSF1,0
D,DISPATCH,UNIT_SCADA,1,"2019/08/21 04:20:00",NYNGAN1,0
D,DISPATCH,UNIT_SCADA,1,"2019/08/21 04:20:00",OAKEY1,0
D,DISPATCH,UNIT_SCADA,1,"2019/08/21 04:20:00",OAKEY1SF,0
D,DISPATCH,UNIT_SCADA,1,"2019/08/21 04:20:00",OAKEY2,0
D,DISPATCH,UNIT_SCADA,1,"2019/08/21 04:20:00",OAKLAND1,61.60
D,DISPATCH,UNIT_SCADA,1,"2019/08/21 04:20:00",OSB-AG,0
D,DISPATCH,UNIT_SCADA,1,"2019/08/21 04:20:00",PARSF1,0
D,DISPATCH,UNIT_SCADA,1,"2019/08/21 04:20:00",POAT110,0
D,DISPATCH,UNIT_SCADA,1,"2019/08/21 04:20:00",POAT220,6.56
D,DISPATCH,UNIT_SCADA,1,"2019/08/21 04:20:00",POR01,0
D,DISPATCH,UNIT_SCADA,1,"2019/08/21 04:20:00",POR03,0
D,DISPATCH,UNIT_SCADA,1,"2019/08/21 04:20:00",PPCCGT,174.894410
D,DISPATCH,UNIT_SCADA,1,"2019/08/21 04:20:00",PTSTAN1,0
D,DISPATCH,UNIT_SCADA,1,"2019/08/21 04:20:00",PUMP1,0
D,DISPATCH,UNIT_SCADA,1,"2019/08/21 04:20:00",PUMP2,0
D,DISPATCH,UNIT_SCADA,1,"2019/08/21 04:20:00",QPS1,0
D,DISPATCH,UNIT_SCADA,1,"2019/08/21 04:20:00",QPS2,0
D,DISPATCH,UNIT_SCADA,1,"2019/08/21 04:20:00",QPS3,0
D,DISPATCH,UNIT_SCADA,1,"2019/08/21 04:20:00",QPS4,0
D,DISPATCH,UNIT_SCADA,1,"2019/08/21 04:20:00",QPS5,0
D,DISPATCH,UNIT_SCADA,1,"2019/08/21 04:20:00",REECE1,115.560010
D,DISPATCH,UNIT_SCADA,1,"2019/08/21 04:20:00",REECE2,116.750010
D,DISPATCH,UNIT_SCADA,1,"2019/08/21 04:20:00",ROMA_7,0
D,DISPATCH,UNIT_SCADA,1,"2019/08/21 04:20:00",ROMA_8,0
D,DISPATCH,UNIT_SCADA,1,"2019/08/21 04:20:00",RRSF1,0
D,DISPATCH,UNIT_SCADA,1,"2019/08/21 04:20:00",RT_NSW1,0
D,DISPATCH,UNIT_SCADA,1,"2019/08/21 04:20:00",RT_NSW2,0
D,DISPATCH,UNIT_SCADA,1,"2019/08/21 04:20:00",RT_NSW3,0
D,DISPATCH,UNIT_SCADA,1,"2019/08/21 04:20:00",RT_NSW4,0
D,DISPATCH,UNIT_SCADA,1,"2019/08/21 04:20:00",RT_NSW5,0
D,DISPATCH,UNIT_SCADA,1,"2019/08/21 04:20:00",RT_NSW6,0
D,DISPATCH,UNIT_SCADA,1,"2019/08/21 04:20:00",RT_QLD1,0
D,DISPATCH,UNIT_SCADA,1,"2019/08/21 04:20:00",RT_SA1,0
D,DISPATCH,UNIT_SCADA,1,"2019/08/21 04:20:00",RT_SA2,0
D,DISPATCH,UNIT_SCADA,1,"2019/08/21 04:20:00",RT_SA3,0
D,DISPATCH,UNIT_SCADA,1,"2019/08/21 04:20:00",RT_SA4,0
D,DISPATCH,UNIT_SCADA,1,"2019/08/21 04:20:00",RT_SA5,0
D,DISPATCH,UNIT_SCADA,1,"2019/08/21 04:20:00",RT_SA6,0
D,DISPATCH,UNIT_SCADA,1,"2019/08/21 04:20:00",RT_TAS1,0
D,DISPATCH,UNIT_SCADA,1,"2019/08/21 04:20:00",RT_VIC1,0
D,DISPATCH,UNIT_SCADA,1,"2019/08/21 04:20:00",RT_VIC10,0
D,DISPATCH,UNIT_SCADA,1,"2019/08/21 04:20:00",RT_VIC11,0
D,DISPATCH,UNIT_SCADA,1,"2019/08/21 04:20:00",RT_VIC12,0
D,DISPATCH,UNIT_SCADA,1,"2019/08/21 04:20:00",RT_VIC2,0
D,DISPATCH,UNIT_SCADA,1,"2019/08/21 04:20:00",RT_VIC3,0
D,DISPATCH,UNIT_SCADA,1,"2019/08/21 04:20:00",RT_VIC4,0
D,DISPATCH,UNIT_SCADA,1,"2019/08/21 04:20:00",RT_VIC5,0
D,DISPATCH,UNIT_SCADA,1,"2019/08/21 04:20:00",RT_VIC6,0
D,DISPATCH,UNIT_SCADA,1,"2019/08/21 04:20:00",RT_VIC7,0
D,DISPATCH,UNIT_SCADA,1,"2019/08/21 04:20:00",RT_VIC8,0
D,DISPATCH,UNIT_SCADA,1,"2019/08/21 04:20:00",RT_VIC9,0
D,DISPATCH,UNIT_SCADA,1,"2019/08/21 04:20:00",RUGBYR1,0
D,DISPATCH,UNIT_SCADA,1,"2019/08/21 04:20:00",SALTCRK1,49.72
D,DISPATCH,UNIT_SCADA,1,"2019/08/21 04:20:00",SAPHWF1,182.840610
D,DISPATCH,UNIT_SCADA,1,"2019/08/21 04:20:00",SHGEN,0
D,DISPATCH,UNIT_SCADA,1,"2019/08/21 04:20:00",SHPUMP,159.651290
D,DISPATCH,UNIT_SCADA,1,"2019/08/21 04:20:00",SITHE01,0.043330
D,DISPATCH,UNIT_SCADA,1,"2019/08/21 04:20:00",SMCSF1,0
D,DISPATCH,UNIT_SCADA,1,"2019/08/21 04:20:00",SNOWNTH1,98.50
D,DISPATCH,UNIT_SCADA,1,"2019/08/21 04:20:00",SNOWSTH1,64.50
D,DISPATCH,UNIT_SCADA,1,"2019/08/21 04:20:00",SNOWTWN1,43.876530
D,DISPATCH,UNIT_SCADA,1,"2019/08/21 04:20:00",SNOWYP,383.299990
D,DISPATCH,UNIT_SCADA,1,"2019/08/21 04:20:00",SNUG1,0.019440
D,DISPATCH,UNIT_SCADA,1,"2019/08/21 04:20:00",SRSF1,0.07
D,DISPATCH,UNIT_SCADA,1,"2019/08/21 04:20:00",STAN-1,0
D,DISPATCH,UNIT_SCADA,1,"2019/08/21 04:20:00",STAN-2,182.294750
D,DISPATCH,UNIT_SCADA,1,"2019/08/21 04:20:00",STAN-3,220.850690
D,DISPATCH,UNIT_SCADA,1,"2019/08/21 04:20:00",STAN-4,190.357150
D,DISPATCH,UNIT_SCADA,1,"2019/08/21 04:20:00",STWF1,149.6925
D,DISPATCH,UNIT_SCADA,1,"2019/08/21 04:20:00",SWAN_E,0
D,DISPATCH,UNIT_SCADA,1,"2019/08/21 04:20:00",TALWA1,190
D,DISPATCH,UNIT_SCADA,1,"2019/08/21 04:20:00",TARALGA1,48.787490
D,DISPATCH,UNIT_SCADA,1,"2019/08/21 04:20:00",TARONG#1,283.899990
D,DISPATCH,UNIT_SCADA,1,"2019/08/21 04:20:00",TARONG#2,110.80
D,DISPATCH,UNIT_SCADA,1,"2019/08/21 04:20:00",TARONG#3,260.100010
D,DISPATCH,UNIT_SCADA,1,"2019/08/21 04:20:00",TARONG#4,280.200010
D,DISPATCH,UNIT_SCADA,1,"2019/08/21 04:20:00",TARRALEA,85
D,DISPATCH,UNIT_SCADA,1,"2019/08/21 04:20:00",TBSF1,-0.20
D,DISPATCH,UNIT_SCADA,1,"2019/08/21 04:20:00",TNPS1,400.000030
D,DISPATCH,UNIT_SCADA,1,"2019/08/21 04:20:00",TORRA1,37.496860
D,DISPATCH,UNIT_SCADA,1,"2019/08/21 04:20:00",TORRA2,0
D,DISPATCH,UNIT_SCADA,1,"2019/08/21 04:20:00",TORRA3,0
D,DISPATCH,UNIT_SCADA,1,"2019/08/21 04:20:00",TORRA4,0
D,DISPATCH,UNIT_SCADA,1,"2019/08/21 04:20:00",TORRB1,39
D,DISPATCH,UNIT_SCADA,1,"2019/08/21 04:20:00",TORRB2,39.02
D,DISPATCH,UNIT_SCADA,1,"2019/08/21 04:20:00",TORRB3,0
D,DISPATCH,UNIT_SCADA,1,"2019/08/21 04:20:00",TORRB4,0
D,DISPATCH,UNIT_SCADA,1,"2019/08/21 04:20:00",TREVALLN,1.70
D,DISPATCH,UNIT_SCADA,1,"2019/08/21 04:20:00",TRIBUTE,0
D,DISPATCH,UNIT_SCADA,1,"2019/08/21 04:20:00",TUMUT3,0
D,DISPATCH,UNIT_SCADA,1,"2019/08/21 04:20:00",TUNGATIN,16.20
D,DISPATCH,UNIT_SCADA,1,"2019/08/21 04:20:00",TVCC201,0
D,DISPATCH,UNIT_SCADA,1,"2019/08/21 04:20:00",TVPP104,0
D,DISPATCH,UNIT_SCADA,1,"2019/08/21 04:20:00",UPPTUMUT,0
D,DISPATCH,UNIT_SCADA,1,"2019/08/21 04:20:00",URANQ11,0
D,DISPATCH,UNIT_SCADA,1,"2019/08/21 04:20:00",URANQ12,0
D,DISPATCH,UNIT_SCADA,1,"2019/08/21 04:20:00",URANQ13,0
D,DISPATCH,UNIT_SCADA,1,"2019/08/21 04:20:00",URANQ14,0
D,DISPATCH,UNIT_SCADA,1,"2019/08/21 04:20:00",VP5,306.049990
D,DISPATCH,UNIT_SCADA,1,"2019/08/21 04:20:00",VP6,306.475010
D,DISPATCH,UNIT_SCADA,1,"2019/08/21 04:20:00",VPGS1,0
D,DISPATCH,UNIT_SCADA,1,"2019/08/21 04:20:00",VPGS2,0
D,DISPATCH,UNIT_SCADA,1,"2019/08/21 04:20:00",VPGS3,0
D,DISPATCH,UNIT_SCADA,1,"2019/08/21 04:20:00",VPGS4,0
D,DISPATCH,UNIT_SCADA,1,"2019/08/21 04:20:00",VPGS5,0
D,DISPATCH,UNIT_SCADA,1,"2019/08/21 04:20:00",VPGS6,0
D,DISPATCH,UNIT_SCADA,1,"2019/08/21 04:20:00",W/HOE#1,0
D,DISPATCH,UNIT_SCADA,1,"2019/08/21 04:20:00",W/HOE#2,0
D,DISPATCH,UNIT_SCADA,1,"2019/08/21 04:20:00",WATERLWF,105.30
D,DISPATCH,UNIT_SCADA,1,"2019/08/21 04:20:00",WEMENSF1,0
D,DISPATCH,UNIT_SCADA,1,"2019/08/21 04:20:00",WGWF1,94.50
D,DISPATCH,UNIT_SCADA,1,"2019/08/21 04:20:00",WHITSF1,0
D,DISPATCH,UNIT_SCADA,1,"2019/08/21 04:20:00",WKIEWA1,16.30
D,DISPATCH,UNIT_SCADA,1,"2019/08/21 04:20:00",WKIEWA2,16.50
D,DISPATCH,UNIT_SCADA,1,"2019/08/21 04:20:00",WOODLWN1,44.6310
D,DISPATCH,UNIT_SCADA,1,"2019/08/21 04:20:00",WRSF1,0
D,DISPATCH,UNIT_SCADA,1,"2019/08/21 04:20:00",WRWF1,129.256260
D,DISPATCH,UNIT_SCADA,1,"2019/08/21 04:20:00",YABULU,0
D,DISPATCH,UNIT_SCADA,1,"2019/08/21 04:20:00",YABULU2,0
D,DISPATCH,UNIT_SCADA,1,"2019/08/21 04:20:00",YARWUN_1,0
D,DISPATCH,UNIT_SCADA,1,"2019/08/21 04:20:00",YENDWF1,41.77
D,DISPATCH,UNIT_SCADA,1,"2019/08/21 04:20:00",YWPS1,247.113920
D,DISPATCH,UNIT_SCADA,1,"2019/08/21 04:20:00",YWPS2,268.668370
D,DISPATCH,UNIT_SCADA,1,"2019/08/21 04:20:00",YWPS3,0
D,DISPATCH,UNIT_SCADA,1,"2019/08/21 04:20:00",YWPS4,292.770870
C,"END OF REPORT",334
