C,NEMP.WORLD,DISPATCHSCADA,AEMO,PUBLIC,2019/08/22,16:15:08,0000000311873790,DISPATCHSCADA,0000000311873784
I,DISPATCH,UNIT_SCADA,1,SETTLEMENTDATE,DUID,SCADAVALUE
D,DISPATCH,UNIT_SCADA,1,"2019/08/22 16:20:00",BARCSF1,18.600002
D,DISPATCH,UNIT_SCADA,1,"2019/08/22 16:20:00",BUTLERSG,9.699999
D,DISPATCH,UNIT_SCADA,1,"2019/08/22 16:20:00",CALL_A_4,0
D,DISPATCH,UNIT_SCADA,1,"2019/08/22 16:20:00",CAPTL_WF,80.407997
D,DISPATCH,UNIT_SCADA,1,"2019/08/22 16:20:00",CATHROCK,0
D,DISPATCH,UNIT_SCADA,1,"2019/08/22 16:20:00",CHALLHWF,8.90
D,DISPATCH,UNIT_SCADA,1,"2019/08/22 16:20:00",CLOVER,-0.01
D,DISPATCH,UNIT_SCADA,1,"2019/08/22 16:20:00",CLUNY,20.102083
D,DISPATCH,UNIT_SCADA,1,"2019/08/22 16:20:00",CNUNDAWF,4.204905
D,DISPATCH,UNIT_SCADA,1,"2019/08/22 16:20:00",CULLRGWF,23.200001
D,DISPATCH,UNIT_SCADA,1,"2019/08/22 16:20:00",ERGT01,0
D,DISPATCH,UNIT_SCADA,1,"2019/08/22 16:20:00",GB01,0.071308
D,DISPATCH,UNIT_SCADA,1,"2019/08/22 16:20:00",GERMCRK,30.60
D,DISPATCH,UNIT_SCADA,1,"2019/08/22 16:20:00",GRIFSF1,21.300003
D,DISPATCH,UNIT_SCADA,1,"2019/08/22 16:20:00",HUGSF1,8.964001
D,DISPATCH,UNIT_SCADA,1,"2019/08/22 16:20:00",LKBONNY1,9.198864
D,DISPATCH,UNIT_SCADA,1,"2019/08/22 16:20:00",LRSF1,-0.0180
D,DISPATCH,UNIT_SCADA,1,"2019/08/22 16:20:00",MBAHNTH,55.593750
D,DISPATCH,UNIT_SCADA,1,"2019/08/22 16:20:00",MLSP1,4.985001
D,DISPATCH,UNIT_SCADA,1,"2019/08/22 16:20:00",MLWF1,2.37
D,DISPATCH,UNIT_SCADA,1,"2019/08/22 16:20:00",MTMILLAR,3.251853
D,DISPATCH,UNIT_SCADA,1,"2019/08/22 16:20:00",PALOONA,28.83
D,DISPATCH,UNIT_SCADA,1,"2019/08/22 16:20:00",PIONEER,25.90
D,DISPATCH,UNIT_SCADA,1,"2019/08/22 16:20:00",PORTWF,2.40
D,DISPATCH,UNIT_SCADA,1,"2019/08/22 16:20:00",REPULSE,29.216145
D,DISPATCH,UNIT_SCADA,1,"2019/08/22 16:20:00",ROWALLAN,10.2737
D,DISPATCH,UNIT_SCADA,1,"2019/08/22 16:20:00",ROYALLA1,5.3950
D,DISPATCH,UNIT_SCADA,1,"2019/08/22 16:20:00",RPCG,10.80
D,DISPATCH,UNIT_SCADA,1,"2019/08/22 16:20:00",RUBICON,0
D,DISPATCH,UNIT_SCADA,1,"2019/08/22 16:20:00",SATGN1,0
D,DISPATCH,UNIT_SCADA,1,"2019/08/22 16:20:00",SATGS1,0
D,DISPATCH,UNIT_SCADA,1,"2019/08/22 16:20:00",STARHLWF,0.799767
D,DISPATCH,UNIT_SCADA,1,"2019/08/22 16:20:00",WAUBRAWF,100.587997
D,DISPATCH,UNIT_SCADA,1,"2019/08/22 16:20:00",WOOLNTH1,74.760010
D,DISPATCH,UNIT_SCADA,1,"2019/08/22 16:20:00",WPWF,-1
D,DISPATCH,UNIT_SCADA,1,"2019/08/22 16:20:00",YAMBUKWF,0.70
D,DISPATCH,UNIT_SCADA,1,"2019/08/22 16:20:00",YSWF1,8.40
D,DISPATCH,UNIT_SCADA,1,"2019/08/22 16:20:00",AGLHAL,0
D,DISPATCH,UNIT_SCADA,1,"2019/08/22 16:20:00",AGLSOM,0
D,DISPATCH,UNIT_SCADA,1,"2019/08/22 16:20:00",ANGAST1,0
D,DISPATCH,UNIT_SCADA,1,"2019/08/22 16:20:00",ARWF1,98.30
D,DISPATCH,UNIT_SCADA,1,"2019/08/22 16:20:00",BALBG1,7.31
D,DISPATCH,UNIT_SCADA,1,"2019/08/22 16:20:00",BALBL1,0
D,DISPATCH,UNIT_SCADA,1,"2019/08/22 16:20:00",BALDHWF1,76.0020
D,DISPATCH,UNIT_SCADA,1,"2019/08/22 16:20:00",BANN1,34.68
D,DISPATCH,UNIT_SCADA,1,"2019/08/22 16:20:00",BARCALDN,0
D,DISPATCH,UNIT_SCADA,1,"2019/08/22 16:20:00",BARRON-1,0
D,DISPATCH,UNIT_SCADA,1,"2019/08/22 16:20:00",BARRON-2,29.12
D,DISPATCH,UNIT_SCADA,1,"2019/08/22 16:20:00",BASTYAN,78.01
D,DISPATCH,UNIT_SCADA,1,"2019/08/22 16:20:00",BBTHREE1,-1.90
D,DISPATCH,UNIT_SCADA,1,"2019/08/22 16:20:00",BBTHREE2,-1.90
D,DISPATCH,UNIT_SCADA,1,"2019/08/22 16:20:00",BBTHREE3,-1.04
D,DISPATCH,UNIT_SCADA,1,"2019/08/22 16:20:00",BDL01,0
D,DISPATCH,UNIT_SCADA,1,"2019/08/22 16:20:00",BDL02,0
D,DISPATCH,UNIT_SCADA,1,"2019/08/22 16:20:00",BERYLSF1,33.780460
D,DISPATCH,UNIT_SCADA,1,"2019/08/22 16:20:00",BLOWERNG,0
D,DISPATCH,UNIT_SCADA,1,"2019/08/22 16:20:00",BLUFF1,0.10
D,DISPATCH,UNIT_SCADA,1,"2019/08/22 16:20:00",BNGSF1,96.64
D,DISPATCH,UNIT_SCADA,1,"2019/08/22 16:20:00",BNGSF2,19.97
D,DISPATCH,UNIT_SCADA,1,"2019/08/22 16:20:00",BOCORWF1,109.75
D,DISPATCH,UNIT_SCADA,1,"2019/08/22 16:20:00",BODWF1,103.6995
D,DISPATCH,UNIT_SCADA,1,"2019/08/22 16:20:00",BRAEMAR1,0
D,DISPATCH,UNIT_SCADA,1,"2019/08/22 16:20:00",BRAEMAR2,0
D,DISPATCH,UNIT_SCADA,1,"2019/08/22 16:20:00",BRAEMAR3,0
D,DISPATCH,UNIT_SCADA,1,"2019/08/22 16:20:00",BRAEMAR5,0
D,DISPATCH,UNIT_SCADA,1,"2019/08/22 16:20:00",BRAEMAR6,0
D,DISPATCH,UNIT_SCADA,1,"2019/08/22 16:20:00",BRAEMAR7,0
D,DISPATCH,UNIT_SCADA,1,"2019/08/22 16:20:00",BROKENH1,31.333250
D,DISPATCH,UNIT_SCADA,1,"2019/08/22 16:20:00",BW01,485.25
D,DISPATCH,UNIT_SCADA,1,"2019/08/22 16:20:00",BW02,571.25
D,DISPATCH,UNIT_SCADA,1,"2019/08/22 16:20:00",BW03,557.1250
D,DISPATCH,UNIT_SCADA,1,"2019/08/22 16:20:00",BW04,0
D,DISPATCH,UNIT_SCADA,1,"2019/08/22 16:20:00",CALL_B_1,0
D,DISPATCH,UNIT_SCADA,1,"2019/08/22 16:20:00",CALL_B_2,290.200010
D,DISPATCH,UNIT_SCADA,1,"2019/08/22 16:20:00",CETHANA,98.483880
D,DISPATCH,UNIT_SCADA,1,"2019/08/22 16:20:00",CG1,0
D,DISPATCH,UNIT_SCADA,1,"2019/08/22 16:20:00",CG2,0
D,DISPATCH,UNIT_SCADA,1,"2019/08/22 16:20:00",CG3,0
D,DISPATCH,UNIT_SCADA,1,"2019/08/22 16:20:00",CG4,0
D,DISPATCH,UNIT_SCADA,1,"2019/08/22 16:20:00",CHILDSF1,34.51
D,DISPATCH,UNIT_SCADA,1,"2019/08/22 16:20:00",CLARESF1,38.078460
D,DISPATCH,UNIT_SCADA,1,"2019/08/22 16:20:00",CLEMGPWF,0.072040
D,DISPATCH,UNIT_SCADA,1,"2019/08/22 16:20:00",CLERMSF1,14.69
D,DISPATCH,UNIT_SCADA,1,"2019/08/22 16:20:00",COLEASF1,89.90
D,DISPATCH,UNIT_SCADA,1,"2019/08/22 16:20:00",COOPGWF1,30.9859
D,DISPATCH,UNIT_SCADA,1,"2019/08/22 16:20:00",CPP_3,404.524990
D,DISPATCH,UNIT_SCADA,1,"2019/08/22 16:20:00",CPP_4,406.450010
D,DISPATCH,UNIT_SCADA,1,"2019/08/22 16:20:00",CPSA,142.338130
D,DISPATCH,UNIT_SCADA,1,"2019/08/22 16:20:00",CROOKWF2,59.843750
D,DISPATCH,UNIT_SCADA,1,"2019/08/22 16:20:00",CROWLWF1,30.833660
D,DISPATCH,UNIT_SCADA,1,"2019/08/22 16:20:00",CSPVPS1,18.1810
D,DISPATCH,UNIT_SCADA,1,"2019/08/22 16:20:00",DALNTH01,0.086980
D,DISPATCH,UNIT_SCADA,1,"2019/08/22 16:20:00",DALNTHL1,0
D,DISPATCH,UNIT_SCADA,1,"2019/08/22 16:20:00",DARTM1,134.600010
D,DISPATCH,UNIT_SCADA,1,"2019/08/22 16:20:00",DAYDSF1,103.6750
D,DISPATCH,UNIT_SCADA,1,"2019/08/22 16:20:00",DDPS1,296.033140
D,DISPATCH,UNIT_SCADA,1,"2019/08/22 16:20:00",DDSF1,41.502720
D,DISPATCH,UNIT_SCADA,1,"2019/08/22 16:20:00",DEVILS_G,0
D,DISPATCH,UNIT_SCADA,1,"2019/08/22 16:20:00",DG_NSW1,0
D,DISPATCH,UNIT_SCADA,1,"2019/08/22 16:20:00",DG_QLD1,0
D,DISPATCH,UNIT_SCADA,1,"2019/08/22 16:20:00",DG_SA1,0
D,DISPATCH,UNIT_SCADA,1,"2019/08/22 16:20:00",DG_TAS1,0
D,DISPATCH,UNIT_SCADA,1,"2019/08/22 16:20:00",DG_VIC1,0
D,DISPATCH,UNIT_SCADA,1,"2019/08/22 16:20:00",DRYCGT1,0
D,DISPATCH,UNIT_SCADA,1,"2019/08/22 16:20:00",DRYCGT2,0
D,DISPATCH,UNIT_SCADA,1,"2019/08/22 16:20:00",DRYCGT3,0
D,DISPATCH,UNIT_SCADA,1,"2019/08/22 16:20:00",EILDON1,0
D,DISPATCH,UNIT_SCADA,1,"2019/08/22 16:20:00",EILDON2,0
D,DISPATCH,UNIT_SCADA,1,"2019/08/22 16:20:00",EMERASF1,51.99
D,DISPATCH,UNIT_SCADA,1,"2019/08/22 16:20:00",ER01,505.525020
D,DISPATCH,UNIT_SCADA,1,"2019/08/22 16:20:00",ER02,591.049930
D,DISPATCH,UNIT_SCADA,1,"2019/08/22 16:20:00",ER03,699.650020
D,DISPATCH,UNIT_SCADA,1,"2019/08/22 16:20:00",ER04,542.924930
D,DISPATCH,UNIT_SCADA,1,"2019/08/22 16:20:00",FINLYSF1,0.995620
D,DISPATCH,UNIT_SCADA,1,"2019/08/22 16:20:00",FISHER,45.80
D,DISPATCH,UNIT_SCADA,1,"2019/08/22 16:20:00",GANNBG1,2.181740
D,DISPATCH,UNIT_SCADA,1,"2019/08/22 16:20:00",GANNBL1,0
D,DISPATCH,UNIT_SCADA,1,"2019/08/22 16:20:00",GANNSF1,39.60
D,DISPATCH,UNIT_SCADA,1,"2019/08/22 16:20:00",GORDON,40.495840
D,DISPATCH,UNIT_SCADA,1,"2019/08/22 16:20:00",GSTONE1,161.349990
D,DISPATCH,UNIT_SCADA,1,"2019/08/22 16:20:00",GSTONE2,159.774990
D,DISPATCH,UNIT_SCADA,1,"2019/08/22 16:20:00",GSTONE3,160.1250
D,DISPATCH,UNIT_SCADA,1,"2019/08/22 16:20:00",GSTONE4,161
D,DISPATCH,UNIT_SCADA,1,"2019/08/22 16:20:00",GSTONE5,161.349990
D,DISPATCH,UNIT_SCADA,1,"2019/08/22 16:20:00",GSTONE6,0
D,DISPATCH,UNIT_SCADA,1,"2019/08/22 16:20:00",GULLRSF1,3.020690
D,DISPATCH,UNIT_SCADA,1,"2019/08/22 16:20:00",GULLRWF1,104.332210
D,DISPATCH,UNIT_SCADA,1,"2019/08/22 16:20:00",GUNNING1,27.376610
D,DISPATCH,UNIT_SCADA,1,"2019/08/22 16:20:00",GUTHEGA,0
D,DISPATCH,UNIT_SCADA,1,"2019/08/22 16:20:00",HALLWF1,-0.59
D,DISPATCH,UNIT_SCADA,1,"2019/08/22 16:20:00",HALLWF2,-0.38
D,DISPATCH,UNIT_SCADA,1,"2019/08/22 16:20:00",HAMISF1,41.80
D,DISPATCH,UNIT_SCADA,1,"2019/08/22 16:20:00",HAUGHT11,49.985530
D,DISPATCH,UNIT_SCADA,1,"2019/08/22 16:20:00",HAYMSF1,35.0790
D,DISPATCH,UNIT_SCADA,1,"2019/08/22 16:20:00",HDWF1,3
D,DISPATCH,UNIT_SCADA,1,"2019/08/22 16:20:00",HDWF2,2.50
D,DISPATCH,UNIT_SCADA,1,"2019/08/22 16:20:00",HDWF3,2.20
D,DISPATCH,UNIT_SCADA,1,"2019/08/22 16:20:00",HPRG1,4.50
D,DISPATCH,UNIT_SCADA,1,"2019/08/22 16:20:00",HPRL1,0
D,DISPATCH,UNIT_SCADA,1,"2019/08/22 16:20:00",HUMENSW,0
D,DISPATCH,UNIT_SCADA,1,"2019/08/22 16:20:00",HUMEV,9.30
D,DISPATCH,UNIT_SCADA,1,"2019/08/22 16:20:00",HVGTS,0
D,DISPATCH,UNIT_SCADA,1,"2019/08/22 16:20:00",JBUTTERS,142.48
D,DISPATCH,UNIT_SCADA,1,"2019/08/22 16:20:00",JLA01,0.50
D,DISPATCH,UNIT_SCADA,1,"2019/08/22 16:20:00",JLA02,0
D,DISPATCH,UNIT_SCADA,1,"2019/08/22 16:20:00",JLA03,0.10
D,DISPATCH,UNIT_SCADA,1,"2019/08/22 16:20:00",JLA04,0.10
D,DISPATCH,UNIT_SCADA,1,"2019/08/22 16:20:00",JLB01,0
D,DISPATCH,UNIT_SCADA,1,"2019/08/22 16:20:00",JLB02,0.10
D,DISPATCH,UNIT_SCADA,1,"2019/08/22 16:20:00",JLB03,0
D,DISPATCH,UNIT_SCADA,1,"2019/08/22 16:20:00",KAREEYA1,21.5150
D,DISPATCH,UNIT_SCADA,1,"2019/08/22 16:20:00",KAREEYA2,21.7775
D,DISPATCH,UNIT_SCADA,1,"2019/08/22 16:20:00",KAREEYA3,0
D,DISPATCH,UNIT_SCADA,1,"2019/08/22 16:20:00",KAREEYA4,21.7175
D,DISPATCH,UNIT_SCADA,1,"2019/08/22 16:20:00",KARSF1,17.80
D,DISPATCH,UNIT_SCADA,1,"2019/08/22 16:20:00",KIATAWF1,10.60
D,DISPATCH,UNIT_SCADA,1,"2019/08/22 16:20:00",KPP_1,0
D,DISPATCH,UNIT_SCADA,1,"2019/08/22 16:20:00",KSP1,45.37
D,DISPATCH,UNIT_SCADA,1,"2019/08/22 16:20:00",LADBROK1,0
D,DISPATCH,UNIT_SCADA,1,"2019/08/22 16:20:00",LADBROK2,0
D,DISPATCH,UNIT_SCADA,1,"2019/08/22 16:20:00",LD01,402.4313
D,DISPATCH,UNIT_SCADA,1,"2019/08/22 16:20:00",LD02,397.031250
D,DISPATCH,UNIT_SCADA,1,"2019/08/22 16:20:00",LD03,391.4437
D,DISPATCH,UNIT_SCADA,1,"2019/08/22 16:20:00",LD04,380.662410
D,DISPATCH,UNIT_SCADA,1,"2019/08/22 16:20:00",LEM_WIL,86.199250
D,DISPATCH,UNIT_SCADA,1,"2019/08/22 16:20:00",LGAPWF1,9.56
D,DISPATCH,UNIT_SCADA,1,"2019/08/22 16:20:00",LILYSF1,73.9246
D,DISPATCH,UNIT_SCADA,1,"2019/08/22 16:20:00",LI_WY_CA,151.215260
D,DISPATCH,UNIT_SCADA,1,"2019/08/22 16:20:00",LKBONNY2,16.259660
D,DISPATCH,UNIT_SCADA,1,"2019/08/22 16:20:00",LKBONNY3,5.414740
D,DISPATCH,UNIT_SCADA,1,"2019/08/22 16:20:00",LK_ECHO,0
D,DISPATCH,UNIT_SCADA,1,"2019/08/22 16:20:00",LNGS1,0
D,DISPATCH,UNIT_SCADA,1,"2019/08/22 16:20:00",LNGS2,0
D,DISPATCH,UNIT_SCADA,1,"2019/08/22 16:20:00",LONSDALE,0
D,DISPATCH,UNIT_SCADA,1,"2019/08/22 16:20:00",LOYYB1,536.464540
D,DISPATCH,UNIT_SCADA,1,"2019/08/22 16:20:00",LOYYB2,583.458250
D,DISPATCH,UNIT_SCADA,1,"2019/08/22 16:20:00",LYA1,560
D,DISPATCH,UNIT_SCADA,1,"2019/08/22 16:20:00",LYA2,0
D,DISPATCH,UNIT_SCADA,1,"2019/08/22 16:20:00",LYA3,560
D,DISPATCH,UNIT_SCADA,1,"2019/08/22 16:20:00",LYA4,540
D,DISPATCH,UNIT_SCADA,1,"2019/08/22 16:20:00",MACARTH1,27.599360
D,DISPATCH,UNIT_SCADA,1,"2019/08/22 16:20:00",MACKAYGT,0
D,DISPATCH,UNIT_SCADA,1,"2019/08/22 16:20:00",MACKNTSH,86.080010
D,DISPATCH,UNIT_SCADA,1,"2019/08/22 16:20:00",MANSLR1,28.2740
D,DISPATCH,UNIT_SCADA,1,"2019/08/22 16:20:00",MCKAY1,0.02
D,DISPATCH,UNIT_SCADA,1,"2019/08/22 16:20:00",MEADOWBK,34.1531
D,DISPATCH,UNIT_SCADA,1,"2019/08/22 16:20:00",MERCER01,27.2680
D,DISPATCH,UNIT_SCADA,1,"2019/08/22 16:20:00",MEWF1,30.537730
D,DISPATCH,UNIT_SCADA,1,"2019/08/22 16:20:00",MINTARO,0
D,DISPATCH,UNIT_SCADA,1,"2019/08/22 16:20:00",MOREESF1,41.2180
D,DISPATCH,UNIT_SCADA,1,"2019/08/22 16:20:00",MORTLK11,260
D,DISPATCH,UNIT_SCADA,1,"2019/08/22 16:20:00",MORTLK12,0
D,DISPATCH,UNIT_SCADA,1,"2019/08/22 16:20:00",MP1,280.700070
D,DISPATCH,UNIT_SCADA,1,"2019/08/22 16:20:00",MP2,0
D,DISPATCH,UNIT_SCADA,1,"2019/08/22 16:20:00",MPP_1,360.75
D,DISPATCH,UNIT_SCADA,1,"2019/08/22 16:20:00",MPP_2,387.50
D,DISPATCH,UNIT_SCADA,1,"2019/08/22 16:20:00",MSTUART1,0
D,DISPATCH,UNIT_SCADA,1,"2019/08/22 16:20:00",MSTUART2,0
D,DISPATCH,UNIT_SCADA,1,"2019/08/22 16:20:00",MSTUART3,0
D,DISPATCH,UNIT_SCADA,1,"2019/08/22 16:20:00",MTGELWF1,30.552080
D,DISPATCH,UNIT_SCADA,1,"2019/08/22 16:20:00",MURRAY,67.40
D,DISPATCH,UNIT_SCADA,1,"2019/08/22 16:20:00",MUSSELR1,55.90
D,DISPATCH,UNIT_SCADA,1,"2019/08/22 16:20:00",MUWAWF1,30.16
D,DISPATCH,UNIT_SCADA,1,"2019/08/22 16:20:00",NBHWF1,-0.30
D,DISPATCH,UNIT_SCADA,1,"2019/08/22 16:20:00",NPS,247.8750
D,DISPATCH,UNIT_SCADA,1,"2019/08/22 16:20:00",NUMURSF1,78.65
D,DISPATCH,UNIT_SCADA,1,"2019/08/22 16:20:00",NYNGAN1,40.25
D,DISPATCH,UNIT_SCADA,1,"2019/08/22 16:20:00",OAKEY1,0
D,DISPATCH,UNIT_SCADA,1,"2019/08/22 16:20:00",OAKEY1SF,15.1870
D,DISPATCH,UNIT_SCADA,1,"2019/08/22 16:20:00",OAKEY2,0
D,DISPATCH,UNIT_SCADA,1,"2019/08/22 16:20:00",OAKLAND1,10.60
D,DISPATCH,UNIT_SCADA,1,"2019/08/22 16:20:00",OSB-AG,163.80
D,DISPATCH,UNIT_SCADA,1,"2019/08/22 16:20:00",PARSF1,39.100010
D,DISPATCH,UNIT_SCADA,1,"2019/08/22 16:20:00",POAT110,0
D,DISPATCH,UNIT_SCADA,1,"2019/08/22 16:20:00",POAT220,19.59
D,DISPATCH,UNIT_SCADA,1,"2019/08/22 16:20:00",POR01,0
D,DISPATCH,UNIT_SCADA,1,"2019/08/22 16:20:00",POR03,0
D,DISPATCH,UNIT_SCADA,1,"2019/08/22 16:20:00",PPCCGT,492.326930
D,DISPATCH,UNIT_SCADA,1,"2019/08/22 16:20:00",PTSTAN1,0
D,DISPATCH,UNIT_SCADA,1,"2019/08/22 16:20:00",PUMP1,0
D,DISPATCH,UNIT_SCADA,1,"2019/08/22 16:20:00",PUMP2,0
D,DISPATCH,UNIT_SCADA,1,"2019/08/22 16:20:00",QPS1,0
D,DISPATCH,UNIT_SCADA,1,"2019/08/22 16:20:00",QPS2,0
D,DISPATCH,UNIT_SCADA,1,"2019/08/22 16:20:00",QPS3,0
D,DISPATCH,UNIT_SCADA,1,"2019/08/22 16:20:00",QPS4,0
D,DISPATCH,UNIT_SCADA,1,"2019/08/22 16:20:00",QPS5,0
D,DISPATCH,UNIT_SCADA,1,"2019/08/22 16:20:00",REECE1,119.060010
D,DISPATCH,UNIT_SCADA,1,"2019/08/22 16:20:00",REECE2,118.730010
D,DISPATCH,UNIT_SCADA,1,"2019/08/22 16:20:00",ROMA_7,0
D,DISPATCH,UNIT_SCADA,1,"2019/08/22 16:20:00",ROMA_8,0
D,DISPATCH,UNIT_SCADA,1,"2019/08/22 16:20:00",RRSF1,82.339370
D,DISPATCH,UNIT_SCADA,1,"2019/08/22 16:20:00",RT_NSW1,0
D,DISPATCH,UNIT_SCADA,1,"2019/08/22 16:20:00",RT_NSW2,0
D,DISPATCH,UNIT_SCADA,1,"2019/08/22 16:20:00",RT_NSW3,0
D,DISPATCH,UNIT_SCADA,1,"2019/08/22 16:20:00",RT_NSW4,0
D,DISPATCH,UNIT_SCADA,1,"2019/08/22 16:20:00",RT_NSW5,0
D,DISPATCH,UNIT_SCADA,1,"2019/08/22 16:20:00",RT_NSW6,0
D,DISPATCH,UNIT_SCADA,1,"2019/08/22 16:20:00",RT_QLD1,0
D,DISPATCH,UNIT_SCADA,1,"2019/08/22 16:20:00",RT_SA1,0
D,DISPATCH,UNIT_SCADA,1,"2019/08/22 16:20:00",RT_SA2,0
D,DISPATCH,UNIT_SCADA,1,"2019/08/22 16:20:00",RT_SA3,0
D,DISPATCH,UNIT_SCADA,1,"2019/08/22 16:20:00",RT_SA4,0
D,DISPATCH,UNIT_SCADA,1,"2019/08/22 16:20:00",RT_SA5,0
D,DISPATCH,UNIT_SCADA,1,"2019/08/22 16:20:00",RT_SA6,0
D,DISPATCH,UNIT_SCADA,1,"2019/08/22 16:20:00",RT_TAS1,0
D,DISPATCH,UNIT_SCADA,1,"2019/08/22 16:20:00",RT_VIC1,0
D,DISPATCH,UNIT_SCADA,1,"2019/08/22 16:20:00",RT_VIC10,0
D,DISPATCH,UNIT_SCADA,1,"2019/08/22 16:20:00",RT_VIC11,0
D,DISPATCH,UNIT_SCADA,1,"2019/08/22 16:20:00",RT_VIC12,0
D,DISPATCH,UNIT_SCADA,1,"2019/08/22 16:20:00",RT_VIC2,0
D,DISPATCH,UNIT_SCADA,1,"2019/08/22 16:20:00",RT_VIC3,0
D,DISPATCH,UNIT_SCADA,1,"2019/08/22 16:20:00",RT_VIC4,0
D,DISPATCH,UNIT_SCADA,1,"2019/08/22 16:20:00",RT_VIC5,0
D,DISPATCH,UNIT_SCADA,1,"2019/08/22 16:20:00",RT_VIC6,0
D,DISPATCH,UNIT_SCADA,1,"2019/08/22 16:20:00",RT_VIC7,0
D,DISPATCH,UNIT_SCADA,1,"2019/08/22 16:20:00",RT_VIC8,0
D,DISPATCH,UNIT_SCADA,1,"2019/08/22 16:20:00",RT_VIC9,0
D,DISPATCH,UNIT_SCADA,1,"2019/08/22 16:20:00",RUGBYR1,25.180160
D,DISPATCH,UNIT_SCADA,1,"2019/08/22 16:20:00",SALTCRK1,8.16
D,DISPATCH,UNIT_SCADA,1,"2019/08/22 16:20:00",SAPHWF1,258.131230
D,DISPATCH,UNIT_SCADA,1,"2019/08/22 16:20:00",SHGEN,0
D,DISPATCH,UNIT_SCADA,1,"2019/08/22 16:20:00",SHPUMP,0
D,DISPATCH,UNIT_SCADA,1,"2019/08/22 16:20:00",SITHE01,0.005650
D,DISPATCH,UNIT_SCADA,1,"2019/08/22 16:20:00",SMCSF1,41.752240
D,DISPATCH,UNIT_SCADA,1,"2019/08/22 16:20:00",SNOWNTH1,1.40
D,DISPATCH,UNIT_SCADA,1,"2019/08/22 16:20:00",SNOWSTH1,4.60
D,DISPATCH,UNIT_SCADA,1,"2019/08/22 16:20:00",SNOWTWN1,0.078450
D,DISPATCH,UNIT_SCADA,1,"2019/08/22 16:20:00",SNOWYP,0
D,DISPATCH,UNIT_SCADA,1,"2019/08/22 16:20:00",SNUG1,0.019440
D,DISPATCH,UNIT_SCADA,1,"2019/08/22 16:20:00",SRSF1,30.81
D,DISPATCH,UNIT_SCADA,1,"2019/08/22 16:20:00",STAN-1,0
D,DISPATCH,UNIT_SCADA,1,"2019/08/22 16:20:00",STAN-2,281.876250
D,DISPATCH,UNIT_SCADA,1,"2019/08/22 16:20:00",STAN-3,280.9790
D,DISPATCH,UNIT_SCADA,1,"2019/08/22 16:20:00",STAN-4,282.594020
D,DISPATCH,UNIT_SCADA,1,"2019/08/22 16:20:00",STWF1,15.198760
D,DISPATCH,UNIT_SCADA,1,"2019/08/22 16:20:00",SWAN_E,0
D,DISPATCH,UNIT_SCADA,1,"2019/08/22 16:20:00",TALWA1,300
D,DISPATCH,UNIT_SCADA,1,"2019/08/22 16:20:00",TARALGA1,59.692520
D,DISPATCH,UNIT_SCADA,1,"2019/08/22 16:20:00",TARONG#1,280.399990
D,DISPATCH,UNIT_SCADA,1,"2019/08/22 16:20:00",TARONG#2,280
D,DISPATCH,UNIT_SCADA,1,"2019/08/22 16:20:00",TARONG#3,259.700010
D,DISPATCH,UNIT_SCADA,1,"2019/08/22 16:20:00",TARONG#4,280.899990
D,DISPATCH,UNIT_SCADA,1,"2019/08/22 16:20:00",TARRALEA,83.70
D,DISPATCH,UNIT_SCADA,1,"2019/08/22 16:20:00",TBSF1,16.40
D,DISPATCH,UNIT_SCADA,1,"2019/08/22 16:20:00",TNPS1,442.300020
D,DISPATCH,UNIT_SCADA,1,"2019/08/22 16:20:00",TORRA1,111.2765
D,DISPATCH,UNIT_SCADA,1,"2019/08/22 16:20:00",TORRA2,0
D,DISPATCH,UNIT_SCADA,1,"2019/08/22 16:20:00",TORRA3,49.912770
D,DISPATCH,UNIT_SCADA,1,"2019/08/22 16:20:00",TORRA4,106.922580
D,DISPATCH,UNIT_SCADA,1,"2019/08/22 16:20:00",TORRB1,119.81
D,DISPATCH,UNIT_SCADA,1,"2019/08/22 16:20:00",TORRB2,184.23
D,DISPATCH,UNIT_SCADA,1,"2019/08/22 16:20:00",TORRB3,0
D,DISPATCH,UNIT_SCADA,1,"2019/08/22 16:20:00",TORRB4,0
D,DISPATCH,UNIT_SCADA,1,"2019/08/22 16:20:00",TREVALLN,69.480030
D,DISPATCH,UNIT_SCADA,1,"2019/08/22 16:20:00",TRIBUTE,84.53
D,DISPATCH,UNIT_SCADA,1,"2019/08/22 16:20:00",TUMUT3,0
D,DISPATCH,UNIT_SCADA,1,"2019/08/22 16:20:00",TUNGATIN,137.830030
D,DISPATCH,UNIT_SCADA,1,"2019/08/22 16:20:00",TVCC201,0
D,DISPATCH,UNIT_SCADA,1,"2019/08/22 16:20:00",TVPP104,45.440730
D,DISPATCH,UNIT_SCADA,1,"2019/08/22 16:20:00",UPPTUMUT,0
D,DISPATCH,UNIT_SCADA,1,"2019/08/22 16:20:00",URANQ11,0
D,DISPATCH,UNIT_SCADA,1,"2019/08/22 16:20:00",URANQ12,0
D,DISPATCH,UNIT_SCADA,1,"2019/08/22 16:20:00",URANQ13,0
D,DISPATCH,UNIT_SCADA,1,"2019/08/22 16:20:00",URANQ14,0
D,DISPATCH,UNIT_SCADA,1,"2019/08/22 16:20:00",VP5,204.55
D,DISPATCH,UNIT_SCADA,1,"2019/08/22 16:20:00",VP6,575.174990
D,DISPATCH,UNIT_SCADA,1,"2019/08/22 16:20:00",VPGS1,0
D,DISPATCH,UNIT_SCADA,1,"2019/08/22 16:20:00",VPGS2,0
D,DISPATCH,UNIT_SCADA,1,"2019/08/22 16:20:00",VPGS3,0
D,DISPATCH,UNIT_SCADA,1,"2019/08/22 16:20:00",VPGS4,0
D,DISPATCH,UNIT_SCADA,1,"2019/08/22 16:20:00",VPGS5,0
D,DISPATCH,UNIT_SCADA,1,"2019/08/22 16:20:00",VPGS6,0
D,DISPATCH,UNIT_SCADA,1,"2019/08/22 16:20:00",W/HOE#1,0
D,DISPATCH,UNIT_SCADA,1,"2019/08/22 16:20:00",W/HOE#2,0
D,DISPATCH,UNIT_SCADA,1,"2019/08/22 16:20:00",WATERLWF,-0.20
D,DISPATCH,UNIT_SCADA,1,"2019/08/22 16:20:00",WEMENSF1,59.10
D,DISPATCH,UNIT_SCADA,1,"2019/08/22 16:20:00",WGWF1,2.80
D,DISPATCH,UNIT_SCADA,1,"2019/08/22 16:20:00",WHITSF1,39.90
D,DISPATCH,UNIT_SCADA,1,"2019/08/22 16:20:00",WKIEWA1,0
D,DISPATCH,UNIT_SCADA,1,"2019/08/22 16:20:00",WKIEWA2,0.10
D,DISPATCH,UNIT_SCADA,1,"2019/08/22 16:20:00",WOODLWN1,15.5430
D,DISPATCH,UNIT_SCADA,1,"2019/08/22 16:20:00",WRSF1,7.26
D,DISPATCH,UNIT_SCADA,1,"2019/08/22 16:20:00",WRWF1,149.30
D,DISPATCH,UNIT_SCADA,1,"2019/08/22 16:20:00",YABULU,0
D,DISPATCH,UNIT_SCADA,1,"2019/08/22 16:20:00",YABULU2,0
D,DISPATCH,UNIT_SCADA,1,"2019/08/22 16:20:00",YARWUN_1,0
D,DISPATCH,UNIT_SCADA,1,"2019/08/22 16:20:00",YENDWF1,40.54
D,DISPATCH,UNIT_SCADA,1,"2019/08/22 16:20:00",YWPS1,373.182280
D,DISPATCH,UNIT_SCADA,1,"2019/08/22 16:20:00",YWPS2,281.450620
D,DISPATCH,UNIT_SCADA,1,"2019/08/22 16:20:00",YWPS3,0
D,DISPATCH,UNIT_SCADA,1,"2019/08/22 16:20:00",YWPS4,401.165830
C,"END OF REPORT",334
