C,NEMP.WORLD,DISPATCHSCADA,AEMO,PUBLIC,2019/08/20,10:55:07,0000000311782657,DISPATCHSCADA,0000000311782651
I,DISPATCH,UNIT_SCADA,1,SETTLEMENTDATE,DUID,SCADAVALUE
D,DISPATCH,UNIT_SCADA,1,"2019/08/20 11:00:00",BARCSF1,18.50
D,DISPATCH,UNIT_SCADA,1,"2019/08/20 11:00:00",BUTLERSG,9.799998
D,DISPATCH,UNIT_SCADA,1,"2019/08/20 11:00:00",CALL_A_4,0
D,DISPATCH,UNIT_SCADA,1,"2019/08/20 11:00:00",CAPTL_WF,131.720001
D,DISPATCH,UNIT_SCADA,1,"2019/08/20 11:00:00",CATHROCK,47.269997
D,DISPATCH,UNIT_SCADA,1,"2019/08/20 11:00:00",CHALLHWF,8.799999
D,DISPATCH,UNIT_SCADA,1,"2019/08/20 11:00:00",CLOVER,0
D,DISPATCH,UNIT_SCADA,1,"2019/08/20 11:00:00",CLUNY,15.077592
D,DISPATCH,UNIT_SCADA,1,"2019/08/20 11:00:00",CNUNDAWF,39.546131
D,DISPATCH,UNIT_SCADA,1,"2019/08/20 11:00:00",CULLRGWF,30.290001
D,DISPATCH,UNIT_SCADA,1,"2019/08/20 11:00:00",ERGT01,0
D,DISPATCH,UNIT_SCADA,1,"2019/08/20 11:00:00",GB01,0.058681
D,DISPATCH,UNIT_SCADA,1,"2019/08/20 11:00:00",GERMCRK,36.599998
D,DISPATCH,UNIT_SCADA,1,"2019/08/20 11:00:00",GRIFSF1,15.100006
D,DISPATCH,UNIT_SCADA,1,"2019/08/20 11:00:00",HUGSF1,8.9890
D,DISPATCH,UNIT_SCADA,1,"2019/08/20 11:00:00",LKBONNY1,70.465088
D,DISPATCH,UNIT_SCADA,1,"2019/08/20 11:00:00",LRSF1,9.05
D,DISPATCH,UNIT_SCADA,1,"2019/08/20 11:00:00",MBAHNTH,54.806244
D,DISPATCH,UNIT_SCADA,1,"2019/08/20 11:00:00",MLSP1,10.713001
D,DISPATCH,UNIT_SCADA,1,"2019/08/20 11:00:00",MLWF1,19.68
D,DISPATCH,UNIT_SCADA,1,"2019/08/20 11:00:00",MTMILLAR,19.206024
D,DISPATCH,UNIT_SCADA,1,"2019/08/20 11:00:00",PALOONA,7.59
D,DISPATCH,UNIT_SCADA,1,"2019/08/20 11:00:00",PIONEER,10.900001
D,DISPATCH,UNIT_SCADA,1,"2019/08/20 11:00:00",PORTWF,136.199997
D,DISPATCH,UNIT_SCADA,1,"2019/08/20 11:00:00",REPULSE,29.006180
D,DISPATCH,UNIT_SCADA,1,"2019/08/20 11:00:00",ROWALLAN,9.9258
D,DISPATCH,UNIT_SCADA,1,"2019/08/20 11:00:00",ROYALLA1,18.690001
D,DISPATCH,UNIT_SCADA,1,"2019/08/20 11:00:00",RPCG,11.30
D,DISPATCH,UNIT_SCADA,1,"2019/08/20 11:00:00",RUBICON,0
D,DISPATCH,UNIT_SCADA,1,"2019/08/20 11:00:00",SATGN1,0
D,DISPATCH,UNIT_SCADA,1,"2019/08/20 11:00:00",SATGS1,0
D,DISPATCH,UNIT_SCADA,1,"2019/08/20 11:00:00",STARHLWF,9.797143
D,DISPATCH,UNIT_SCADA,1,"2019/08/20 11:00:00",WAUBRAWF,62.757999
D,DISPATCH,UNIT_SCADA,1,"2019/08/20 11:00:00",WOOLNTH1,125.050018
D,DISPATCH,UNIT_SCADA,1,"2019/08/20 11:00:00",WPWF,21
D,DISPATCH,UNIT_SCADA,1,"2019/08/20 11:00:00",YAMBUKWF,19
D,DISPATCH,UNIT_SCADA,1,"2019/08/20 11:00:00",YSWF1,28.50
D,DISPATCH,UNIT_SCADA,1,"2019/08/20 11:00:00",AGLHAL,0
D,DISPATCH,UNIT_SCADA,1,"2019/08/20 11:00:00",AGLSOM,-0.10
D,DISPATCH,UNIT_SCADA,1,"2019/08/20 11:00:00",ANGAST1,0
D,DISPATCH,UNIT_SCADA,1,"2019/08/20 11:00:00",ARWF1,74.40
D,DISPATCH,UNIT_SCADA,1,"2019/08/20 11:00:00",BALBG1,0
D,DISPATCH,UNIT_SCADA,1,"2019/08/20 11:00:00",BALBL1,0
D,DISPATCH,UNIT_SCADA,1,"2019/08/20 11:00:00",BALDHWF1,103.22
D,DISPATCH,UNIT_SCADA,1,"2019/08/20 11:00:00",BANN1,59.98
D,DISPATCH,UNIT_SCADA,1,"2019/08/20 11:00:00",BARCALDN,0
D,DISPATCH,UNIT_SCADA,1,"2019/08/20 11:00:00",BARRON-1,0
D,DISPATCH,UNIT_SCADA,1,"2019/08/20 11:00:00",BARRON-2,0
D,DISPATCH,UNIT_SCADA,1,"2019/08/20 11:00:00",BASTYAN,80.650010
D,DISPATCH,UNIT_SCADA,1,"2019/08/20 11:00:00",BBTHREE1,-1.93
D,DISPATCH,UNIT_SCADA,1,"2019/08/20 11:00:00",BBTHREE2,-2.01
D,DISPATCH,UNIT_SCADA,1,"2019/08/20 11:00:00",BBTHREE3,-1.05
D,DISPATCH,UNIT_SCADA,1,"2019/08/20 11:00:00",BDL01,0
D,DISPATCH,UNIT_SCADA,1,"2019/08/20 11:00:00",BDL02,-0.06
D,DISPATCH,UNIT_SCADA,1,"2019/08/20 11:00:00",BERYLSF1,69.330840
D,DISPATCH,UNIT_SCADA,1,"2019/08/20 11:00:00",BLOWERNG,0
D,DISPATCH,UNIT_SCADA,1,"2019/08/20 11:00:00",BLUFF1,47.50
D,DISPATCH,UNIT_SCADA,1,"2019/08/20 11:00:00",BNGSF1,74.65
D,DISPATCH,UNIT_SCADA,1,"2019/08/20 11:00:00",BNGSF2,19.80
D,DISPATCH,UNIT_SCADA,1,"2019/08/20 11:00:00",BOCORWF1,108.28
D,DISPATCH,UNIT_SCADA,1,"2019/08/20 11:00:00",BODWF1,35.013050
D,DISPATCH,UNIT_SCADA,1,"2019/08/20 11:00:00",BRAEMAR1,0
D,DISPATCH,UNIT_SCADA,1,"2019/08/20 11:00:00",BRAEMAR2,0
D,DISPATCH,UNIT_SCADA,1,"2019/08/20 11:00:00",BRAEMAR3,0
D,DISPATCH,UNIT_SCADA,1,"2019/08/20 11:00:00",BRAEMAR5,0
D,DISPATCH,UNIT_SCADA,1,"2019/08/20 11:00:00",BRAEMAR6,0
D,DISPATCH,UNIT_SCADA,1,"2019/08/20 11:00:00",BRAEMAR7,0
D,DISPATCH,UNIT_SCADA,1,"2019/08/20 11:00:00",BROKENH1,51.198240
D,DISPATCH,UNIT_SCADA,1,"2019/08/20 11:00:00",BW01,428.3750
D,DISPATCH,UNIT_SCADA,1,"2019/08/20 11:00:00",BW02,501.400020
D,DISPATCH,UNIT_SCADA,1,"2019/08/20 11:00:00",BW03,590.949950
D,DISPATCH,UNIT_SCADA,1,"2019/08/20 11:00:00",BW04,0
D,DISPATCH,UNIT_SCADA,1,"2019/08/20 11:00:00",CALL_B_1,349.50
D,DISPATCH,UNIT_SCADA,1,"2019/08/20 11:00:00",CALL_B_2,283.800020
D,DISPATCH,UNIT_SCADA,1,"2019/08/20 11:00:00",CETHANA,93.274750
D,DISPATCH,UNIT_SCADA,1,"2019/08/20 11:00:00",CG1,0
D,DISPATCH,UNIT_SCADA,1,"2019/08/20 11:00:00",CG2,0
D,DISPATCH,UNIT_SCADA,1,"2019/08/20 11:00:00",CG3,0
D,DISPATCH,UNIT_SCADA,1,"2019/08/20 11:00:00",CG4,0
D,DISPATCH,UNIT_SCADA,1,"2019/08/20 11:00:00",CHILDSF1,40.02
D,DISPATCH,UNIT_SCADA,1,"2019/08/20 11:00:00",CLARESF1,44.984320
D,DISPATCH,UNIT_SCADA,1,"2019/08/20 11:00:00",CLEMGPWF,19.305380
D,DISPATCH,UNIT_SCADA,1,"2019/08/20 11:00:00",CLERMSF1,15.13
D,DISPATCH,UNIT_SCADA,1,"2019/08/20 11:00:00",COLEASF1,64.20
D,DISPATCH,UNIT_SCADA,1,"2019/08/20 11:00:00",COOPGWF1,21.508910
D,DISPATCH,UNIT_SCADA,1,"2019/08/20 11:00:00",CPP_3,231.825010
D,DISPATCH,UNIT_SCADA,1,"2019/08/20 11:00:00",CPP_4,298.3750
D,DISPATCH,UNIT_SCADA,1,"2019/08/20 11:00:00",CPSA,142.223750
D,DISPATCH,UNIT_SCADA,1,"2019/08/20 11:00:00",CROOKWF2,83.613750
D,DISPATCH,UNIT_SCADA,1,"2019/08/20 11:00:00",CROWLWF1,33.508350
D,DISPATCH,UNIT_SCADA,1,"2019/08/20 11:00:00",CSPVPS1,31.9850
D,DISPATCH,UNIT_SCADA,1,"2019/08/20 11:00:00",DALNTH01,0
D,DISPATCH,UNIT_SCADA,1,"2019/08/20 11:00:00",DALNTHL1,0.083920
D,DISPATCH,UNIT_SCADA,1,"2019/08/20 11:00:00",DARTM1,0
D,DISPATCH,UNIT_SCADA,1,"2019/08/20 11:00:00",DAYDSF1,114.63
D,DISPATCH,UNIT_SCADA,1,"2019/08/20 11:00:00",DDPS1,0
D,DISPATCH,UNIT_SCADA,1,"2019/08/20 11:00:00",DDSF1,108.179460
D,DISPATCH,UNIT_SCADA,1,"2019/08/20 11:00:00",DEVILS_G,0
D,DISPATCH,UNIT_SCADA,1,"2019/08/20 11:00:00",DG_NSW1,0
D,DISPATCH,UNIT_SCADA,1,"2019/08/20 11:00:00",DG_QLD1,0
D,DISPATCH,UNIT_SCADA,1,"2019/08/20 11:00:00",DG_SA1,0
D,DISPATCH,UNIT_SCADA,1,"2019/08/20 11:00:00",DG_TAS1,0
D,DISPATCH,UNIT_SCADA,1,"2019/08/20 11:00:00",DG_VIC1,0
D,DISPATCH,UNIT_SCADA,1,"2019/08/20 11:00:00",DRYCGT1,0
D,DISPATCH,UNIT_SCADA,1,"2019/08/20 11:00:00",DRYCGT2,0
D,DISPATCH,UNIT_SCADA,1,"2019/08/20 11:00:00",DRYCGT3,0
D,DISPATCH,UNIT_SCADA,1,"2019/08/20 11:00:00",EILDON1,0
D,DISPATCH,UNIT_SCADA,1,"2019/08/20 11:00:00",EILDON2,0
D,DISPATCH,UNIT_SCADA,1,"2019/08/20 11:00:00",EMERASF1,62
D,DISPATCH,UNIT_SCADA,1,"2019/08/20 11:00:00",ER01,488.349980
D,DISPATCH,UNIT_SCADA,1,"2019/08/20 11:00:00",ER02,489.175050
D,DISPATCH,UNIT_SCADA,1,"2019/08/20 11:00:00",ER03,496.724980
D,DISPATCH,UNIT_SCADA,1,"2019/08/20 11:00:00",ER04,487.549930
D,DISPATCH,UNIT_SCADA,1,"2019/08/20 11:00:00",FINLYSF1,0
D,DISPATCH,UNIT_SCADA,1,"2019/08/20 11:00:00",FISHER,45.90
D,DISPATCH,UNIT_SCADA,1,"2019/08/20 11:00:00",GANNBG1,0
D,DISPATCH,UNIT_SCADA,1,"2019/08/20 11:00:00",GANNBL1,0.221660
D,DISPATCH,UNIT_SCADA,1,"2019/08/20 11:00:00",GANNSF1,22.70
D,DISPATCH,UNIT_SCADA,1,"2019/08/20 11:00:00",GORDON,0
D,DISPATCH,UNIT_SCADA,1,"2019/08/20 11:00:00",GSTONE1,109.55
D,DISPATCH,UNIT_SCADA,1,"2019/08/20 11:00:00",GSTONE2,109.3750
D,DISPATCH,UNIT_SCADA,1,"2019/08/20 11:00:00",GSTONE3,109.90
D,DISPATCH,UNIT_SCADA,1,"2019/08/20 11:00:00",GSTONE4,129.6750
D,DISPATCH,UNIT_SCADA,1,"2019/08/20 11:00:00",GSTONE5,130.899990
D,DISPATCH,UNIT_SCADA,1,"2019/08/20 11:00:00",GSTONE6,0
D,DISPATCH,UNIT_SCADA,1,"2019/08/20 11:00:00",GULLRSF1,3.645320
D,DISPATCH,UNIT_SCADA,1,"2019/08/20 11:00:00",GULLRWF1,143.867650
D,DISPATCH,UNIT_SCADA,1,"2019/08/20 11:00:00",GUNNING1,44.546490
D,DISPATCH,UNIT_SCADA,1,"2019/08/20 11:00:00",GUTHEGA,0
D,DISPATCH,UNIT_SCADA,1,"2019/08/20 11:00:00",HALLWF1,89.36
D,DISPATCH,UNIT_SCADA,1,"2019/08/20 11:00:00",HALLWF2,64.09
D,DISPATCH,UNIT_SCADA,1,"2019/08/20 11:00:00",HAMISF1,46.10
D,DISPATCH,UNIT_SCADA,1,"2019/08/20 11:00:00",HAUGHT11,50.051070
D,DISPATCH,UNIT_SCADA,1,"2019/08/20 11:00:00",HAYMSF1,41.5590
D,DISPATCH,UNIT_SCADA,1,"2019/08/20 11:00:00",HDWF1,54
D,DISPATCH,UNIT_SCADA,1,"2019/08/20 11:00:00",HDWF2,36.30
D,DISPATCH,UNIT_SCADA,1,"2019/08/20 11:00:00",HDWF3,51.50
D,DISPATCH,UNIT_SCADA,1,"2019/08/20 11:00:00",HPRG1,0
D,DISPATCH,UNIT_SCADA,1,"2019/08/20 11:00:00",HPRL1,0
D,DISPATCH,UNIT_SCADA,1,"2019/08/20 11:00:00",HUMENSW,0
D,DISPATCH,UNIT_SCADA,1,"2019/08/20 11:00:00",HUMEV,8.40
D,DISPATCH,UNIT_SCADA,1,"2019/08/20 11:00:00",HVGTS,0
D,DISPATCH,UNIT_SCADA,1,"2019/08/20 11:00:00",JBUTTERS,137.36
D,DISPATCH,UNIT_SCADA,1,"2019/08/20 11:00:00",JLA01,0.50
D,DISPATCH,UNIT_SCADA,1,"2019/08/20 11:00:00",JLA02,0
D,DISPATCH,UNIT_SCADA,1,"2019/08/20 11:00:00",JLA03,0.10
D,DISPATCH,UNIT_SCADA,1,"2019/08/20 11:00:00",JLA04,0.10
D,DISPATCH,UNIT_SCADA,1,"2019/08/20 11:00:00",JLB01,0
D,DISPATCH,UNIT_SCADA,1,"2019/08/20 11:00:00",JLB02,0.10
D,DISPATCH,UNIT_SCADA,1,"2019/08/20 11:00:00",JLB03,0
D,DISPATCH,UNIT_SCADA,1,"2019/08/20 11:00:00",KAREEYA1,21.5625
D,DISPATCH,UNIT_SCADA,1,"2019/08/20 11:00:00",KAREEYA2,21.8550
D,DISPATCH,UNIT_SCADA,1,"2019/08/20 11:00:00",KAREEYA3,0
D,DISPATCH,UNIT_SCADA,1,"2019/08/20 11:00:00",KAREEYA4,21.7475
D,DISPATCH,UNIT_SCADA,1,"2019/08/20 11:00:00",KARSF1,74.50
D,DISPATCH,UNIT_SCADA,1,"2019/08/20 11:00:00",KIATAWF1,30.40
D,DISPATCH,UNIT_SCADA,1,"2019/08/20 11:00:00",KPP_1,0
D,DISPATCH,UNIT_SCADA,1,"2019/08/20 11:00:00",KSP1,46.74
D,DISPATCH,UNIT_SCADA,1,"2019/08/20 11:00:00",LADBROK1,0
D,DISPATCH,UNIT_SCADA,1,"2019/08/20 11:00:00",LADBROK2,0
D,DISPATCH,UNIT_SCADA,1,"2019/08/20 11:00:00",LD01,378.449950
D,DISPATCH,UNIT_SCADA,1,"2019/08/20 11:00:00",LD02,379.424990
D,DISPATCH,UNIT_SCADA,1,"2019/08/20 11:00:00",LD03,381.149930
D,DISPATCH,UNIT_SCADA,1,"2019/08/20 11:00:00",LD04,375.637480
D,DISPATCH,UNIT_SCADA,1,"2019/08/20 11:00:00",LEM_WIL,85.4849
D,DISPATCH,UNIT_SCADA,1,"2019/08/20 11:00:00",LGAPWF1,0.99
D,DISPATCH,UNIT_SCADA,1,"2019/08/20 11:00:00",LILYSF1,93.323260
D,DISPATCH,UNIT_SCADA,1,"2019/08/20 11:00:00",LI_WY_CA,148.014510
D,DISPATCH,UNIT_SCADA,1,"2019/08/20 11:00:00",LKBONNY2,144.406750
D,DISPATCH,UNIT_SCADA,1,"2019/08/20 11:00:00",LKBONNY3,35.391160
D,DISPATCH,UNIT_SCADA,1,"2019/08/20 11:00:00",LK_ECHO,0
D,DISPATCH,UNIT_SCADA,1,"2019/08/20 11:00:00",LNGS1,0
D,DISPATCH,UNIT_SCADA,1,"2019/08/20 11:00:00",LNGS2,0
D,DISPATCH,UNIT_SCADA,1,"2019/08/20 11:00:00",LONSDALE,0
D,DISPATCH,UNIT_SCADA,1,"2019/08/20 11:00:00",LOYYB1,530.825320
D,DISPATCH,UNIT_SCADA,1,"2019/08/20 11:00:00",LOYYB2,581.954410
D,DISPATCH,UNIT_SCADA,1,"2019/08/20 11:00:00",LYA1,559
D,DISPATCH,UNIT_SCADA,1,"2019/08/20 11:00:00",LYA2,0
D,DISPATCH,UNIT_SCADA,1,"2019/08/20 11:00:00",LYA3,559
D,DISPATCH,UNIT_SCADA,1,"2019/08/20 11:00:00",LYA4,539
D,DISPATCH,UNIT_SCADA,1,"2019/08/20 11:00:00",MACARTH1,349.591920
D,DISPATCH,UNIT_SCADA,1,"2019/08/20 11:00:00",MACKAYGT,0
D,DISPATCH,UNIT_SCADA,1,"2019/08/20 11:00:00",MACKNTSH,85.490010
D,DISPATCH,UNIT_SCADA,1,"2019/08/20 11:00:00",MANSLR1,36.5310
D,DISPATCH,UNIT_SCADA,1,"2019/08/20 11:00:00",MCKAY1,0.02
D,DISPATCH,UNIT_SCADA,1,"2019/08/20 11:00:00",MEADOWBK,34.0102
D,DISPATCH,UNIT_SCADA,1,"2019/08/20 11:00:00",MERCER01,122.89
D,DISPATCH,UNIT_SCADA,1,"2019/08/20 11:00:00",MEWF1,38.086650
D,DISPATCH,UNIT_SCADA,1,"2019/08/20 11:00:00",MINTARO,0
D,DISPATCH,UNIT_SCADA,1,"2019/08/20 11:00:00",MOREESF1,50.0580
D,DISPATCH,UNIT_SCADA,1,"2019/08/20 11:00:00",MORTLK11,124
D,DISPATCH,UNIT_SCADA,1,"2019/08/20 11:00:00",MORTLK12,0
D,DISPATCH,UNIT_SCADA,1,"2019/08/20 11:00:00",MP1,278.575070
D,DISPATCH,UNIT_SCADA,1,"2019/08/20 11:00:00",MP2,0
D,DISPATCH,UNIT_SCADA,1,"2019/08/20 11:00:00",MPP_1,351.75
D,DISPATCH,UNIT_SCADA,1,"2019/08/20 11:00:00",MPP_2,356.75
D,DISPATCH,UNIT_SCADA,1,"2019/08/20 11:00:00",MSTUART1,0
D,DISPATCH,UNIT_SCADA,1,"2019/08/20 11:00:00",MSTUART2,0
D,DISPATCH,UNIT_SCADA,1,"2019/08/20 11:00:00",MSTUART3,0
D,DISPATCH,UNIT_SCADA,1,"2019/08/20 11:00:00",MTGELWF1,64.372690
D,DISPATCH,UNIT_SCADA,1,"2019/08/20 11:00:00",MURRAY,0
D,DISPATCH,UNIT_SCADA,1,"2019/08/20 11:00:00",MUSSELR1,163.100010
D,DISPATCH,UNIT_SCADA,1,"2019/08/20 11:00:00",MUWAWF1,35.09
D,DISPATCH,UNIT_SCADA,1,"2019/08/20 11:00:00",NBHWF1,94.50
D,DISPATCH,UNIT_SCADA,1,"2019/08/20 11:00:00",NPS,0
D,DISPATCH,UNIT_SCADA,1,"2019/08/20 11:00:00",NUMURSF1,60.94
D,DISPATCH,UNIT_SCADA,1,"2019/08/20 11:00:00",NYNGAN1,101.50
D,DISPATCH,UNIT_SCADA,1,"2019/08/20 11:00:00",OAKEY1,0
D,DISPATCH,UNIT_SCADA,1,"2019/08/20 11:00:00",OAKEY1SF,21.2070
D,DISPATCH,UNIT_SCADA,1,"2019/08/20 11:00:00",OAKEY2,0
D,DISPATCH,UNIT_SCADA,1,"2019/08/20 11:00:00",OAKLAND1,62.40
D,DISPATCH,UNIT_SCADA,1,"2019/08/20 11:00:00",OSB-AG,139.710010
D,DISPATCH,UNIT_SCADA,1,"2019/08/20 11:00:00",PARSF1,40.20
D,DISPATCH,UNIT_SCADA,1,"2019/08/20 11:00:00",POAT110,0
D,DISPATCH,UNIT_SCADA,1,"2019/08/20 11:00:00",POAT220,3.18
D,DISPATCH,UNIT_SCADA,1,"2019/08/20 11:00:00",POR01,0
D,DISPATCH,UNIT_SCADA,1,"2019/08/20 11:00:00",POR03,0
D,DISPATCH,UNIT_SCADA,1,"2019/08/20 11:00:00",PPCCGT,172.8811
D,DISPATCH,UNIT_SCADA,1,"2019/08/20 11:00:00",PTSTAN1,0
D,DISPATCH,UNIT_SCADA,1,"2019/08/20 11:00:00",PUMP1,0
D,DISPATCH,UNIT_SCADA,1,"2019/08/20 11:00:00",PUMP2,238.939990
D,DISPATCH,UNIT_SCADA,1,"2019/08/20 11:00:00",QPS1,0
D,DISPATCH,UNIT_SCADA,1,"2019/08/20 11:00:00",QPS2,0
D,DISPATCH,UNIT_SCADA,1,"2019/08/20 11:00:00",QPS3,0
D,DISPATCH,UNIT_SCADA,1,"2019/08/20 11:00:00",QPS4,0
D,DISPATCH,UNIT_SCADA,1,"2019/08/20 11:00:00",QPS5,0
D,DISPATCH,UNIT_SCADA,1,"2019/08/20 11:00:00",REECE1,115.600010
D,DISPATCH,UNIT_SCADA,1,"2019/08/20 11:00:00",REECE2,115.670010
D,DISPATCH,UNIT_SCADA,1,"2019/08/20 11:00:00",ROMA_7,0
D,DISPATCH,UNIT_SCADA,1,"2019/08/20 11:00:00",ROMA_8,0
D,DISPATCH,UNIT_SCADA,1,"2019/08/20 11:00:00",RRSF1,103.555520
D,DISPATCH,UNIT_SCADA,1,"2019/08/20 11:00:00",RT_NSW1,0
D,DISPATCH,UNIT_SCADA,1,"2019/08/20 11:00:00",RT_NSW2,0
D,DISPATCH,UNIT_SCADA,1,"2019/08/20 11:00:00",RT_NSW3,0
D,DISPATCH,UNIT_SCADA,1,"2019/08/20 11:00:00",RT_NSW4,0
D,DISPATCH,UNIT_SCADA,1,"2019/08/20 11:00:00",RT_NSW5,0
D,DISPATCH,UNIT_SCADA,1,"2019/08/20 11:00:00",RT_NSW6,0
D,DISPATCH,UNIT_SCADA,1,"2019/08/20 11:00:00",RT_QLD1,0
D,DISPATCH,UNIT_SCADA,1,"2019/08/20 11:00:00",RT_SA1,0
D,DISPATCH,UNIT_SCADA,1,"2019/08/20 11:00:00",RT_SA2,0
D,DISPATCH,UNIT_SCADA,1,"2019/08/20 11:00:00",RT_SA3,0
D,DISPATCH,UNIT_SCADA,1,"2019/08/20 11:00:00",RT_SA4,0
D,DISPATCH,UNIT_SCADA,1,"2019/08/20 11:00:00",RT_SA5,0
D,DISPATCH,UNIT_SCADA,1,"2019/08/20 11:00:00",RT_SA6,0
D,DISPATCH,UNIT_SCADA,1,"2019/08/20 11:00:00",RT_TAS1,0
D,DISPATCH,UNIT_SCADA,1,"2019/08/20 11:00:00",RT_VIC1,0
D,DISPATCH,UNIT_SCADA,1,"2019/08/20 11:00:00",RT_VIC10,0
D,DISPATCH,UNIT_SCADA,1,"2019/08/20 11:00:00",RT_VIC11,0
D,DISPATCH,UNIT_SCADA,1,"2019/08/20 11:00:00",RT_VIC12,0
D,DISPATCH,UNIT_SCADA,1,"2019/08/20 11:00:00",RT_VIC2,0
D,DISPATCH,UNIT_SCADA,1,"2019/08/20 11:00:00",RT_VIC3,0
D,DISPATCH,UNIT_SCADA,1,"2019/08/20 11:00:00",RT_VIC4,0
D,DISPATCH,UNIT_SCADA,1,"2019/08/20 11:00:00",RT_VIC5,0
D,DISPATCH,UNIT_SCADA,1,"2019/08/20 11:00:00",RT_VIC6,0
D,DISPATCH,UNIT_SCADA,1,"2019/08/20 11:00:00",RT_VIC7,0
D,DISPATCH,UNIT_SCADA,1,"2019/08/20 11:00:00",RT_VIC8,0
D,DISPATCH,UNIT_SCADA,1,"2019/08/20 11:00:00",RT_VIC9,0
D,DISPATCH,UNIT_SCADA,1,"2019/08/20 11:00:00",RUGBYR1,45.0560
D,DISPATCH,UNIT_SCADA,1,"2019/08/20 11:00:00",SALTCRK1,52.26
D,DISPATCH,UNIT_SCADA,1,"2019/08/20 11:00:00",SAPHWF1,31.912510
D,DISPATCH,UNIT_SCADA,1,"2019/08/20 11:00:00",SHGEN,0
D,DISPATCH,UNIT_SCADA,1,"2019/08/20 11:00:00",SHPUMP,0
D,DISPATCH,UNIT_SCADA,1,"2019/08/20 11:00:00",SITHE01,0.043330
D,DISPATCH,UNIT_SCADA,1,"2019/08/20 11:00:00",SMCSF1,81.537480
D,DISPATCH,UNIT_SCADA,1,"2019/08/20 11:00:00",SNOWNTH1,55.70
D,DISPATCH,UNIT_SCADA,1,"2019/08/20 11:00:00",SNOWSTH1,84.60
D,DISPATCH,UNIT_SCADA,1,"2019/08/20 11:00:00",SNOWTWN1,60.013660
D,DISPATCH,UNIT_SCADA,1,"2019/08/20 11:00:00",SNOWYP,191.100010
D,DISPATCH,UNIT_SCADA,1,"2019/08/20 11:00:00",SNUG1,0.019440
D,DISPATCH,UNIT_SCADA,1,"2019/08/20 11:00:00",SRSF1,35.25
D,DISPATCH,UNIT_SCADA,1,"2019/08/20 11:00:00",STAN-1,0
D,DISPATCH,UNIT_SCADA,1,"2019/08/20 11:00:00",STAN-2,278.376980
D,DISPATCH,UNIT_SCADA,1,"2019/08/20 11:00:00",STAN-3,278.261630
D,DISPATCH,UNIT_SCADA,1,"2019/08/20 11:00:00",STAN-4,280.120210
D,DISPATCH,UNIT_SCADA,1,"2019/08/20 11:00:00",STWF1,1.406250
D,DISPATCH,UNIT_SCADA,1,"2019/08/20 11:00:00",SWAN_E,0
D,DISPATCH,UNIT_SCADA,1,"2019/08/20 11:00:00",TALWA1,190
D,DISPATCH,UNIT_SCADA,1,"2019/08/20 11:00:00",TARALGA1,103.316250
D,DISPATCH,UNIT_SCADA,1,"2019/08/20 11:00:00",TARONG#1,278.600010
D,DISPATCH,UNIT_SCADA,1,"2019/08/20 11:00:00",TARONG#2,279
D,DISPATCH,UNIT_SCADA,1,"2019/08/20 11:00:00",TARONG#3,259.50
D,DISPATCH,UNIT_SCADA,1,"2019/08/20 11:00:00",TARONG#4,279.800020
D,DISPATCH,UNIT_SCADA,1,"2019/08/20 11:00:00",TARRALEA,87
D,DISPATCH,UNIT_SCADA,1,"2019/08/20 11:00:00",TBSF1,91.20
D,DISPATCH,UNIT_SCADA,1,"2019/08/20 11:00:00",TNPS1,441.700010
D,DISPATCH,UNIT_SCADA,1,"2019/08/20 11:00:00",TORRA1,40.158540
D,DISPATCH,UNIT_SCADA,1,"2019/08/20 11:00:00",TORRA2,0
D,DISPATCH,UNIT_SCADA,1,"2019/08/20 11:00:00",TORRA3,0
D,DISPATCH,UNIT_SCADA,1,"2019/08/20 11:00:00",TORRA4,0
D,DISPATCH,UNIT_SCADA,1,"2019/08/20 11:00:00",TORRB1,40.25
D,DISPATCH,UNIT_SCADA,1,"2019/08/20 11:00:00",TORRB2,40.32
D,DISPATCH,UNIT_SCADA,1,"2019/08/20 11:00:00",TORRB3,0
D,DISPATCH,UNIT_SCADA,1,"2019/08/20 11:00:00",TORRB4,0
D,DISPATCH,UNIT_SCADA,1,"2019/08/20 11:00:00",TREVALLN,43.920010
D,DISPATCH,UNIT_SCADA,1,"2019/08/20 11:00:00",TRIBUTE,45.03
D,DISPATCH,UNIT_SCADA,1,"2019/08/20 11:00:00",TUMUT3,0
D,DISPATCH,UNIT_SCADA,1,"2019/08/20 11:00:00",TUNGATIN,93.810030
D,DISPATCH,UNIT_SCADA,1,"2019/08/20 11:00:00",TVCC201,0
D,DISPATCH,UNIT_SCADA,1,"2019/08/20 11:00:00",TVPP104,0
D,DISPATCH,UNIT_SCADA,1,"2019/08/20 11:00:00",UPPTUMUT,0
D,DISPATCH,UNIT_SCADA,1,"2019/08/20 11:00:00",URANQ11,0
D,DISPATCH,UNIT_SCADA,1,"2019/08/20 11:00:00",URANQ12,0
D,DISPATCH,UNIT_SCADA,1,"2019/08/20 11:00:00",URANQ13,0
D,DISPATCH,UNIT_SCADA,1,"2019/08/20 11:00:00",URANQ14,0
D,DISPATCH,UNIT_SCADA,1,"2019/08/20 11:00:00",VP5,350.799990
D,DISPATCH,UNIT_SCADA,1,"2019/08/20 11:00:00",VP6,352
D,DISPATCH,UNIT_SCADA,1,"2019/08/20 11:00:00",VPGS1,0
D,DISPATCH,UNIT_SCADA,1,"2019/08/20 11:00:00",VPGS2,0
D,DISPATCH,UNIT_SCADA,1,"2019/08/20 11:00:00",VPGS3,0
D,DISPATCH,UNIT_SCADA,1,"2019/08/20 11:00:00",VPGS4,0
D,DISPATCH,UNIT_SCADA,1,"2019/08/20 11:00:00",VPGS5,0
D,DISPATCH,UNIT_SCADA,1,"2019/08/20 11:00:00",VPGS6,0
D,DISPATCH,UNIT_SCADA,1,"2019/08/20 11:00:00",W/HOE#1,0
D,DISPATCH,UNIT_SCADA,1,"2019/08/20 11:00:00",W/HOE#2,0
D,DISPATCH,UNIT_SCADA,1,"2019/08/20 11:00:00",WATERLWF,114.30
D,DISPATCH,UNIT_SCADA,1,"2019/08/20 11:00:00",WEMENSF1,55.40
D,DISPATCH,UNIT_SCADA,1,"2019/08/20 11:00:00",WGWF1,103.30
D,DISPATCH,UNIT_SCADA,1,"2019/08/20 11:00:00",WHITSF1,44.10
D,DISPATCH,UNIT_SCADA,1,"2019/08/20 11:00:00",WKIEWA1,0
D,DISPATCH,UNIT_SCADA,1,"2019/08/20 11:00:00",WKIEWA2,6.10
D,DISPATCH,UNIT_SCADA,1,"2019/08/20 11:00:00",WOODLWN1,43.343990
D,DISPATCH,UNIT_SCADA,1,"2019/08/20 11:00:00",WRSF1,19.83
D,DISPATCH,UNIT_SCADA,1,"2019/08/20 11:00:00",WRWF1,32.136250
D,DISPATCH,UNIT_SCADA,1,"2019/08/20 11:00:00",YABULU,0
D,DISPATCH,UNIT_SCADA,1,"2019/08/20 11:00:00",YABULU2,0
D,DISPATCH,UNIT_SCADA,1,"2019/08/20 11:00:00",YARWUN_1,0
D,DISPATCH,UNIT_SCADA,1,"2019/08/20 11:00:00",YENDWF1,42.04
D,DISPATCH,UNIT_SCADA,1,"2019/08/20 11:00:00",YWPS1,371.177220
D,DISPATCH,UNIT_SCADA,1,"2019/08/20 11:00:00",YWPS2,281.9519
D,DISPATCH,UNIT_SCADA,1,"2019/08/20 11:00:00",YWPS3,0
D,DISPATCH,UNIT_SCADA,1,"2019/08/20 11:00:00",YWPS4,384.511380
C,"END OF REPORT",334
