C,NEMP.WORLD,DISPATCHSCADA,AEMO,PUBLIC,2019/08/21,22:25:08,0000000311843523,DISPATCHSCADA,0000000311843517
I,DISPATCH,UNIT_SCADA,1,SETTLEMENTDATE,DUID,SCADAVALUE
D,DISPATCH,UNIT_SCADA,1,"2019/08/21 22:30:00",BARCSF1,0.70
D,DISPATCH,UNIT_SCADA,1,"2019/08/21 22:30:00",BUTLERSG,9.699999
D,DISPATCH,UNIT_SCADA,1,"2019/08/21 22:30:00",CALL_A_4,0
D,DISPATCH,UNIT_SCADA,1,"2019/08/21 22:30:00",CAPTL_WF,127.999992
D,DISPATCH,UNIT_SCADA,1,"2019/08/21 22:30:00",CATHROCK,16.359999
D,DISPATCH,UNIT_SCADA,1,"2019/08/21 22:30:00",CHALLHWF,49.799999
D,DISPATCH,UNIT_SCADA,1,"2019/08/21 22:30:00",CLOVER,0
D,DISPATCH,UNIT_SCADA,1,"2019/08/21 22:30:00",CLUNY,20.049896
D,DISPATCH,UNIT_SCADA,1,"2019/08/21 22:30:00",CNUNDAWF,41.348236
D,DISPATCH,UNIT_SCADA,1,"2019/08/21 22:30:00",CULLRGWF,30.50
D,DISPATCH,UNIT_SCADA,1,"2019/08/21 22:30:00",ERGT01,0
D,DISPATCH,UNIT_SCADA,1,"2019/08/21 22:30:00",GB01,0.073135
D,DISPATCH,UNIT_SCADA,1,"2019/08/21 22:30:00",GERMCRK,39.400002
D,DISPATCH,UNIT_SCADA,1,"2019/08/21 22:30:00",GRIFSF1,0
D,DISPATCH,UNIT_SCADA,1,"2019/08/21 22:30:00",HUGSF1,-0.2430
D,DISPATCH,UNIT_SCADA,1,"2019/08/21 22:30:00",LKBONNY1,71.447487
D,DISPATCH,UNIT_SCADA,1,"2019/08/21 22:30:00",LRSF1,0.0390
D,DISPATCH,UNIT_SCADA,1,"2019/08/21 22:30:00",MBAHNTH,55.912506
D,DISPATCH,UNIT_SCADA,1,"2019/08/21 22:30:00",MLSP1,0.271001
D,DISPATCH,UNIT_SCADA,1,"2019/08/21 22:30:00",MLWF1,19.514999
D,DISPATCH,UNIT_SCADA,1,"2019/08/21 22:30:00",MTMILLAR,8.081264
D,DISPATCH,UNIT_SCADA,1,"2019/08/21 22:30:00",PALOONA,24.209999
D,DISPATCH,UNIT_SCADA,1,"2019/08/21 22:30:00",PIONEER,28.50
D,DISPATCH,UNIT_SCADA,1,"2019/08/21 22:30:00",PORTWF,138.899994
D,DISPATCH,UNIT_SCADA,1,"2019/08/21 22:30:00",REPULSE,28.974442
D,DISPATCH,UNIT_SCADA,1,"2019/08/21 22:30:00",ROWALLAN,10.2666
D,DISPATCH,UNIT_SCADA,1,"2019/08/21 22:30:00",ROYALLA1,0
D,DISPATCH,UNIT_SCADA,1,"2019/08/21 22:30:00",RPCG,11.80
D,DISPATCH,UNIT_SCADA,1,"2019/08/21 22:30:00",RUBICON,0
D,DISPATCH,UNIT_SCADA,1,"2019/08/21 22:30:00",SATGN1,0
D,DISPATCH,UNIT_SCADA,1,"2019/08/21 22:30:00",SATGS1,0
D,DISPATCH,UNIT_SCADA,1,"2019/08/21 22:30:00",STARHLWF,10.097055
D,DISPATCH,UNIT_SCADA,1,"2019/08/21 22:30:00",WAUBRAWF,177.856995
D,DISPATCH,UNIT_SCADA,1,"2019/08/21 22:30:00",WOOLNTH1,12.610016
D,DISPATCH,UNIT_SCADA,1,"2019/08/21 22:30:00",WPWF,16
D,DISPATCH,UNIT_SCADA,1,"2019/08/21 22:30:00",YAMBUKWF,29.40
D,DISPATCH,UNIT_SCADA,1,"2019/08/21 22:30:00",YSWF1,26.799999
D,DISPATCH,UNIT_SCADA,1,"2019/08/21 22:30:00",AGLHAL,0
D,DISPATCH,UNIT_SCADA,1,"2019/08/21 22:30:00",AGLSOM,0
D,DISPATCH,UNIT_SCADA,1,"2019/08/21 22:30:00",ANGAST1,0
D,DISPATCH,UNIT_SCADA,1,"2019/08/21 22:30:00",ARWF1,185.80
D,DISPATCH,UNIT_SCADA,1,"2019/08/21 22:30:00",BALBG1,0
D,DISPATCH,UNIT_SCADA,1,"2019/08/21 22:30:00",BALBL1,3.30
D,DISPATCH,UNIT_SCADA,1,"2019/08/21 22:30:00",BALDHWF1,70.3650
D,DISPATCH,UNIT_SCADA,1,"2019/08/21 22:30:00",BANN1,0
D,DISPATCH,UNIT_SCADA,1,"2019/08/21 22:30:00",BARCALDN,0
D,DISPATCH,UNIT_SCADA,1,"2019/08/21 22:30:00",BARRON-1,0
D,DISPATCH,UNIT_SCADA,1,"2019/08/21 22:30:00",BARRON-2,28.48
D,DISPATCH,UNIT_SCADA,1,"2019/08/21 22:30:00",BASTYAN,78.780010
D,DISPATCH,UNIT_SCADA,1,"2019/08/21 22:30:00",BBTHREE1,-1.83
D,DISPATCH,UNIT_SCADA,1,"2019/08/21 22:30:00",BBTHREE2,-1.89
D,DISPATCH,UNIT_SCADA,1,"2019/08/21 22:30:00",BBTHREE3,0
D,DISPATCH,UNIT_SCADA,1,"2019/08/21 22:30:00",BDL01,0
D,DISPATCH,UNIT_SCADA,1,"2019/08/21 22:30:00",BDL02,0
D,DISPATCH,UNIT_SCADA,1,"2019/08/21 22:30:00",BERYLSF1,0
D,DISPATCH,UNIT_SCADA,1,"2019/08/21 22:30:00",BLOWERNG,0
D,DISPATCH,UNIT_SCADA,1,"2019/08/21 22:30:00",BLUFF1,21.30
D,DISPATCH,UNIT_SCADA,1,"2019/08/21 22:30:00",BNGSF1,0
D,DISPATCH,UNIT_SCADA,1,"2019/08/21 22:30:00",BNGSF2,0
D,DISPATCH,UNIT_SCADA,1,"2019/08/21 22:30:00",BOCORWF1,108.90
D,DISPATCH,UNIT_SCADA,1,"2019/08/21 22:30:00",BODWF1,81.191260
D,DISPATCH,UNIT_SCADA,1,"2019/08/21 22:30:00",BRAEMAR1,0
D,DISPATCH,UNIT_SCADA,1,"2019/08/21 22:30:00",BRAEMAR2,0
D,DISPATCH,UNIT_SCADA,1,"2019/08/21 22:30:00",BRAEMAR3,0
D,DISPATCH,UNIT_SCADA,1,"2019/08/21 22:30:00",BRAEMAR5,0
D,DISPATCH,UNIT_SCADA,1,"2019/08/21 22:30:00",BRAEMAR6,0
D,DISPATCH,UNIT_SCADA,1,"2019/08/21 22:30:00",BRAEMAR7,0
D,DISPATCH,UNIT_SCADA,1,"2019/08/21 22:30:00",BROKENH1,0
D,DISPATCH,UNIT_SCADA,1,"2019/08/21 22:30:00",BW01,611.550050
D,DISPATCH,UNIT_SCADA,1,"2019/08/21 22:30:00",BW02,624.775020
D,DISPATCH,UNIT_SCADA,1,"2019/08/21 22:30:00",BW03,635.574950
D,DISPATCH,UNIT_SCADA,1,"2019/08/21 22:30:00",BW04,0
D,DISPATCH,UNIT_SCADA,1,"2019/08/21 22:30:00",CALL_B_1,349
D,DISPATCH,UNIT_SCADA,1,"2019/08/21 22:30:00",CALL_B_2,349
D,DISPATCH,UNIT_SCADA,1,"2019/08/21 22:30:00",CETHANA,99.980750
D,DISPATCH,UNIT_SCADA,1,"2019/08/21 22:30:00",CG1,0
D,DISPATCH,UNIT_SCADA,1,"2019/08/21 22:30:00",CG2,0
D,DISPATCH,UNIT_SCADA,1,"2019/08/21 22:30:00",CG3,0
D,DISPATCH,UNIT_SCADA,1,"2019/08/21 22:30:00",CG4,0
D,DISPATCH,UNIT_SCADA,1,"2019/08/21 22:30:00",CHILDSF1,0.01
D,DISPATCH,UNIT_SCADA,1,"2019/08/21 22:30:00",CLARESF1,0
D,DISPATCH,UNIT_SCADA,1,"2019/08/21 22:30:00",CLEMGPWF,40.195540
D,DISPATCH,UNIT_SCADA,1,"2019/08/21 22:30:00",CLERMSF1,0
D,DISPATCH,UNIT_SCADA,1,"2019/08/21 22:30:00",COLEASF1,0
D,DISPATCH,UNIT_SCADA,1,"2019/08/21 22:30:00",COOPGWF1,29.632420
D,DISPATCH,UNIT_SCADA,1,"2019/08/21 22:30:00",CPP_3,403.149990
D,DISPATCH,UNIT_SCADA,1,"2019/08/21 22:30:00",CPP_4,403.700010
D,DISPATCH,UNIT_SCADA,1,"2019/08/21 22:30:00",CPSA,142.288740
D,DISPATCH,UNIT_SCADA,1,"2019/08/21 22:30:00",CROOKWF2,91.7550
D,DISPATCH,UNIT_SCADA,1,"2019/08/21 22:30:00",CROWLWF1,44.505090
D,DISPATCH,UNIT_SCADA,1,"2019/08/21 22:30:00",CSPVPS1,0.0430
D,DISPATCH,UNIT_SCADA,1,"2019/08/21 22:30:00",DALNTH01,0
D,DISPATCH,UNIT_SCADA,1,"2019/08/21 22:30:00",DALNTHL1,0.0412
D,DISPATCH,UNIT_SCADA,1,"2019/08/21 22:30:00",DARTM1,0
D,DISPATCH,UNIT_SCADA,1,"2019/08/21 22:30:00",DAYDSF1,0
D,DISPATCH,UNIT_SCADA,1,"2019/08/21 22:30:00",DDPS1,360.205140
D,DISPATCH,UNIT_SCADA,1,"2019/08/21 22:30:00",DDSF1,0
D,DISPATCH,UNIT_SCADA,1,"2019/08/21 22:30:00",DEVILS_G,0
D,DISPATCH,UNIT_SCADA,1,"2019/08/21 22:30:00",DG_NSW1,0
D,DISPATCH,UNIT_SCADA,1,"2019/08/21 22:30:00",DG_QLD1,0
D,DISPATCH,UNIT_SCADA,1,"2019/08/21 22:30:00",DG_SA1,0
D,DISPATCH,UNIT_SCADA,1,"2019/08/21 22:30:00",DG_TAS1,0
D,DISPATCH,UNIT_SCADA,1,"2019/08/21 22:30:00",DG_VIC1,0
D,DISPATCH,UNIT_SCADA,1,"2019/08/21 22:30:00",DRYCGT1,0
D,DISPATCH,UNIT_SCADA,1,"2019/08/21 22:30:00",DRYCGT2,0
D,DISPATCH,UNIT_SCADA,1,"2019/08/21 22:30:00",DRYCGT3,0
D,DISPATCH,UNIT_SCADA,1,"2019/08/21 22:30:00",EILDON1,0
D,DISPATCH,UNIT_SCADA,1,"2019/08/21 22:30:00",EILDON2,0
D,DISPATCH,UNIT_SCADA,1,"2019/08/21 22:30:00",EMERASF1,0
D,DISPATCH,UNIT_SCADA,1,"2019/08/21 22:30:00",ER01,563.675050
D,DISPATCH,UNIT_SCADA,1,"2019/08/21 22:30:00",ER02,592.800050
D,DISPATCH,UNIT_SCADA,1,"2019/08/21 22:30:00",ER03,474.199950
D,DISPATCH,UNIT_SCADA,1,"2019/08/21 22:30:00",ER04,596.525020
D,DISPATCH,UNIT_SCADA,1,"2019/08/21 22:30:00",FINLYSF1,0
D,DISPATCH,UNIT_SCADA,1,"2019/08/21 22:30:00",FISHER,45.84
D,DISPATCH,UNIT_SCADA,1,"2019/08/21 22:30:00",GANNBG1,0.013590
D,DISPATCH,UNIT_SCADA,1,"2019/08/21 22:30:00",GANNBL1,0
D,DISPATCH,UNIT_SCADA,1,"2019/08/21 22:30:00",GANNSF1,0
D,DISPATCH,UNIT_SCADA,1,"2019/08/21 22:30:00",GORDON,20.247920
D,DISPATCH,UNIT_SCADA,1,"2019/08/21 22:30:00",GSTONE1,155.5750
D,DISPATCH,UNIT_SCADA,1,"2019/08/21 22:30:00",GSTONE2,152.774990
D,DISPATCH,UNIT_SCADA,1,"2019/08/21 22:30:00",GSTONE3,157.849990
D,DISPATCH,UNIT_SCADA,1,"2019/08/21 22:30:00",GSTONE4,158.55
D,DISPATCH,UNIT_SCADA,1,"2019/08/21 22:30:00",GSTONE5,149.6250
D,DISPATCH,UNIT_SCADA,1,"2019/08/21 22:30:00",GSTONE6,0
D,DISPATCH,UNIT_SCADA,1,"2019/08/21 22:30:00",GULLRSF1,0
D,DISPATCH,UNIT_SCADA,1,"2019/08/21 22:30:00",GULLRWF1,158.745910
D,DISPATCH,UNIT_SCADA,1,"2019/08/21 22:30:00",GUNNING1,45.514520
D,DISPATCH,UNIT_SCADA,1,"2019/08/21 22:30:00",GUTHEGA,0
D,DISPATCH,UNIT_SCADA,1,"2019/08/21 22:30:00",HALLWF1,33.95
D,DISPATCH,UNIT_SCADA,1,"2019/08/21 22:30:00",HALLWF2,45.69
D,DISPATCH,UNIT_SCADA,1,"2019/08/21 22:30:00",HAMISF1,0
D,DISPATCH,UNIT_SCADA,1,"2019/08/21 22:30:00",HAUGHT11,0
D,DISPATCH,UNIT_SCADA,1,"2019/08/21 22:30:00",HAYMSF1,0
D,DISPATCH,UNIT_SCADA,1,"2019/08/21 22:30:00",HDWF1,46.70
D,DISPATCH,UNIT_SCADA,1,"2019/08/21 22:30:00",HDWF2,26.60
D,DISPATCH,UNIT_SCADA,1,"2019/08/21 22:30:00",HDWF3,36.90
D,DISPATCH,UNIT_SCADA,1,"2019/08/21 22:30:00",HPRG1,0
D,DISPATCH,UNIT_SCADA,1,"2019/08/21 22:30:00",HPRL1,3.60
D,DISPATCH,UNIT_SCADA,1,"2019/08/21 22:30:00",HUMENSW,0
D,DISPATCH,UNIT_SCADA,1,"2019/08/21 22:30:00",HUMEV,10.10
D,DISPATCH,UNIT_SCADA,1,"2019/08/21 22:30:00",HVGTS,0
D,DISPATCH,UNIT_SCADA,1,"2019/08/21 22:30:00",JBUTTERS,137.289990
D,DISPATCH,UNIT_SCADA,1,"2019/08/21 22:30:00",JLA01,0.50
D,DISPATCH,UNIT_SCADA,1,"2019/08/21 22:30:00",JLA02,0
D,DISPATCH,UNIT_SCADA,1,"2019/08/21 22:30:00",JLA03,0.10
D,DISPATCH,UNIT_SCADA,1,"2019/08/21 22:30:00",JLA04,0.10
D,DISPATCH,UNIT_SCADA,1,"2019/08/21 22:30:00",JLB01,0
D,DISPATCH,UNIT_SCADA,1,"2019/08/21 22:30:00",JLB02,0.10
D,DISPATCH,UNIT_SCADA,1,"2019/08/21 22:30:00",JLB03,0
D,DISPATCH,UNIT_SCADA,1,"2019/08/21 22:30:00",KAREEYA1,21.57
D,DISPATCH,UNIT_SCADA,1,"2019/08/21 22:30:00",KAREEYA2,21.7950
D,DISPATCH,UNIT_SCADA,1,"2019/08/21 22:30:00",KAREEYA3,0
D,DISPATCH,UNIT_SCADA,1,"2019/08/21 22:30:00",KAREEYA4,21.67
D,DISPATCH,UNIT_SCADA,1,"2019/08/21 22:30:00",KARSF1,0
D,DISPATCH,UNIT_SCADA,1,"2019/08/21 22:30:00",KIATAWF1,30.70
D,DISPATCH,UNIT_SCADA,1,"2019/08/21 22:30:00",KPP_1,0
D,DISPATCH,UNIT_SCADA,1,"2019/08/21 22:30:00",KSP1,0
D,DISPATCH,UNIT_SCADA,1,"2019/08/21 22:30:00",LADBROK1,0
D,DISPATCH,UNIT_SCADA,1,"2019/08/21 22:30:00",LADBROK2,0
D,DISPATCH,UNIT_SCADA,1,"2019/08/21 22:30:00",LD01,418.574980
D,DISPATCH,UNIT_SCADA,1,"2019/08/21 22:30:00",LD02,419.0625
D,DISPATCH,UNIT_SCADA,1,"2019/08/21 22:30:00",LD03,416.775050
D,DISPATCH,UNIT_SCADA,1,"2019/08/21 22:30:00",LD04,379.912510
D,DISPATCH,UNIT_SCADA,1,"2019/08/21 22:30:00",LEM_WIL,86.161150
D,DISPATCH,UNIT_SCADA,1,"2019/08/21 22:30:00",LGAPWF1,28.42
D,DISPATCH,UNIT_SCADA,1,"2019/08/21 22:30:00",LILYSF1,0
D,DISPATCH,UNIT_SCADA,1,"2019/08/21 22:30:00",LI_WY_CA,149.035890
D,DISPATCH,UNIT_SCADA,1,"2019/08/21 22:30:00",LKBONNY2,153.443920
D,DISPATCH,UNIT_SCADA,1,"2019/08/21 22:30:00",LKBONNY3,35.391160
D,DISPATCH,UNIT_SCADA,1,"2019/08/21 22:30:00",LK_ECHO,0
D,DISPATCH,UNIT_SCADA,1,"2019/08/21 22:30:00",LNGS1,0
D,DISPATCH,UNIT_SCADA,1,"2019/08/21 22:30:00",LNGS2,0
D,DISPATCH,UNIT_SCADA,1,"2019/08/21 22:30:00",LONSDALE,0
D,DISPATCH,UNIT_SCADA,1,"2019/08/21 22:30:00",LOYYB1,536.840520
D,DISPATCH,UNIT_SCADA,1,"2019/08/21 22:30:00",LOYYB2,578.946840
D,DISPATCH,UNIT_SCADA,1,"2019/08/21 22:30:00",LYA1,560
D,DISPATCH,UNIT_SCADA,1,"2019/08/21 22:30:00",LYA2,0
D,DISPATCH,UNIT_SCADA,1,"2019/08/21 22:30:00",LYA3,560
D,DISPATCH,UNIT_SCADA,1,"2019/08/21 22:30:00",LYA4,530
D,DISPATCH,UNIT_SCADA,1,"2019/08/21 22:30:00",MACARTH1,388.391020
D,DISPATCH,UNIT_SCADA,1,"2019/08/21 22:30:00",MACKAYGT,0
D,DISPATCH,UNIT_SCADA,1,"2019/08/21 22:30:00",MACKNTSH,85.680010
D,DISPATCH,UNIT_SCADA,1,"2019/08/21 22:30:00",MANSLR1,0
D,DISPATCH,UNIT_SCADA,1,"2019/08/21 22:30:00",MCKAY1,0.02
D,DISPATCH,UNIT_SCADA,1,"2019/08/21 22:30:00",MEADOWBK,34.038780
D,DISPATCH,UNIT_SCADA,1,"2019/08/21 22:30:00",MERCER01,125.35
D,DISPATCH,UNIT_SCADA,1,"2019/08/21 22:30:00",MEWF1,65.886210
D,DISPATCH,UNIT_SCADA,1,"2019/08/21 22:30:00",MINTARO,0
D,DISPATCH,UNIT_SCADA,1,"2019/08/21 22:30:00",MOREESF1,0
D,DISPATCH,UNIT_SCADA,1,"2019/08/21 22:30:00",MORTLK11,0
D,DISPATCH,UNIT_SCADA,1,"2019/08/21 22:30:00",MORTLK12,0
D,DISPATCH,UNIT_SCADA,1,"2019/08/21 22:30:00",MP1,278.674930
D,DISPATCH,UNIT_SCADA,1,"2019/08/21 22:30:00",MP2,0
D,DISPATCH,UNIT_SCADA,1,"2019/08/21 22:30:00",MPP_1,337
D,DISPATCH,UNIT_SCADA,1,"2019/08/21 22:30:00",MPP_2,424.25
D,DISPATCH,UNIT_SCADA,1,"2019/08/21 22:30:00",MSTUART1,0
D,DISPATCH,UNIT_SCADA,1,"2019/08/21 22:30:00",MSTUART2,0
D,DISPATCH,UNIT_SCADA,1,"2019/08/21 22:30:00",MSTUART3,0
D,DISPATCH,UNIT_SCADA,1,"2019/08/21 22:30:00",MTGELWF1,64.630570
D,DISPATCH,UNIT_SCADA,1,"2019/08/21 22:30:00",MURRAY,0
D,DISPATCH,UNIT_SCADA,1,"2019/08/21 22:30:00",MUSSELR1,158.50
D,DISPATCH,UNIT_SCADA,1,"2019/08/21 22:30:00",MUWAWF1,50.09
D,DISPATCH,UNIT_SCADA,1,"2019/08/21 22:30:00",NBHWF1,44.90
D,DISPATCH,UNIT_SCADA,1,"2019/08/21 22:30:00",NPS,0
D,DISPATCH,UNIT_SCADA,1,"2019/08/21 22:30:00",NUMURSF1,0
D,DISPATCH,UNIT_SCADA,1,"2019/08/21 22:30:00",NYNGAN1,0
D,DISPATCH,UNIT_SCADA,1,"2019/08/21 22:30:00",OAKEY1,0
D,DISPATCH,UNIT_SCADA,1,"2019/08/21 22:30:00",OAKEY1SF,0
D,DISPATCH,UNIT_SCADA,1,"2019/08/21 22:30:00",OAKEY2,0
D,DISPATCH,UNIT_SCADA,1,"2019/08/21 22:30:00",OAKLAND1,61.40
D,DISPATCH,UNIT_SCADA,1,"2019/08/21 22:30:00",OSB-AG,0
D,DISPATCH,UNIT_SCADA,1,"2019/08/21 22:30:00",PARSF1,0
D,DISPATCH,UNIT_SCADA,1,"2019/08/21 22:30:00",POAT110,0
D,DISPATCH,UNIT_SCADA,1,"2019/08/21 22:30:00",POAT220,1.13
D,DISPATCH,UNIT_SCADA,1,"2019/08/21 22:30:00",POR01,0
D,DISPATCH,UNIT_SCADA,1,"2019/08/21 22:30:00",POR03,0
D,DISPATCH,UNIT_SCADA,1,"2019/08/21 22:30:00",PPCCGT,354.750490
D,DISPATCH,UNIT_SCADA,1,"2019/08/21 22:30:00",PTSTAN1,0
D,DISPATCH,UNIT_SCADA,1,"2019/08/21 22:30:00",PUMP1,0
D,DISPATCH,UNIT_SCADA,1,"2019/08/21 22:30:00",PUMP2,0
D,DISPATCH,UNIT_SCADA,1,"2019/08/21 22:30:00",QPS1,0
D,DISPATCH,UNIT_SCADA,1,"2019/08/21 22:30:00",QPS2,0
D,DISPATCH,UNIT_SCADA,1,"2019/08/21 22:30:00",QPS3,0
D,DISPATCH,UNIT_SCADA,1,"2019/08/21 22:30:00",QPS4,0
D,DISPATCH,UNIT_SCADA,1,"2019/08/21 22:30:00",QPS5,0
D,DISPATCH,UNIT_SCADA,1,"2019/08/21 22:30:00",REECE1,118.090010
D,DISPATCH,UNIT_SCADA,1,"2019/08/21 22:30:00",REECE2,118.610010
D,DISPATCH,UNIT_SCADA,1,"2019/08/21 22:30:00",ROMA_7,0
D,DISPATCH,UNIT_SCADA,1,"2019/08/21 22:30:00",ROMA_8,0
D,DISPATCH,UNIT_SCADA,1,"2019/08/21 22:30:00",RRSF1,0
D,DISPATCH,UNIT_SCADA,1,"2019/08/21 22:30:00",RT_NSW1,0
D,DISPATCH,UNIT_SCADA,1,"2019/08/21 22:30:00",RT_NSW2,0
D,DISPATCH,UNIT_SCADA,1,"2019/08/21 22:30:00",RT_NSW3,0
D,DISPATCH,UNIT_SCADA,1,"2019/08/21 22:30:00",RT_NSW4,0
D,DISPATCH,UNIT_SCADA,1,"2019/08/21 22:30:00",RT_NSW5,0
D,DISPATCH,UNIT_SCADA,1,"2019/08/21 22:30:00",RT_NSW6,0
D,DISPATCH,UNIT_SCADA,1,"2019/08/21 22:30:00",RT_QLD1,0
D,DISPATCH,UNIT_SCADA,1,"2019/08/21 22:30:00",RT_SA1,0
D,DISPATCH,UNIT_SCADA,1,"2019/08/21 22:30:00",RT_SA2,0
D,DISPATCH,UNIT_SCADA,1,"2019/08/21 22:30:00",RT_SA3,0
D,DISPATCH,UNIT_SCADA,1,"2019/08/21 22:30:00",RT_SA4,0
D,DISPATCH,UNIT_SCADA,1,"2019/08/21 22:30:00",RT_SA5,0
D,DISPATCH,UNIT_SCADA,1,"2019/08/21 22:30:00",RT_SA6,0
D,DISPATCH,UNIT_SCADA,1,"2019/08/21 22:30:00",RT_TAS1,0
D,DISPATCH,UNIT_SCADA,1,"2019/08/21 22:30:00",RT_VIC1,0
D,DISPATCH,UNIT_SCADA,1,"2019/08/21 22:30:00",RT_VIC10,0
D,DISPATCH,UNIT_SCADA,1,"2019/08/21 22:30:00",RT_VIC11,0
D,DISPATCH,UNIT_SCADA,1,"2019/08/21 22:30:00",RT_VIC12,0
D,DISPATCH,UNIT_SCADA,1,"2019/08/21 22:30:00",RT_VIC2,0
D,DISPATCH,UNIT_SCADA,1,"2019/08/21 22:30:00",RT_VIC3,0
D,DISPATCH,UNIT_SCADA,1,"2019/08/21 22:30:00",RT_VIC4,0
D,DISPATCH,UNIT_SCADA,1,"2019/08/21 22:30:00",RT_VIC5,0
D,DISPATCH,UNIT_SCADA,1,"2019/08/21 22:30:00",RT_VIC6,0
D,DISPATCH,UNIT_SCADA,1,"2019/08/21 22:30:00",RT_VIC7,0
D,DISPATCH,UNIT_SCADA,1,"2019/08/21 22:30:00",RT_VIC8,0
D,DISPATCH,UNIT_SCADA,1,"2019/08/21 22:30:00",RT_VIC9,0
D,DISPATCH,UNIT_SCADA,1,"2019/08/21 22:30:00",RUGBYR1,0
D,DISPATCH,UNIT_SCADA,1,"2019/08/21 22:30:00",SALTCRK1,50.46
D,DISPATCH,UNIT_SCADA,1,"2019/08/21 22:30:00",SAPHWF1,250.1250
D,DISPATCH,UNIT_SCADA,1,"2019/08/21 22:30:00",SHGEN,0
D,DISPATCH,UNIT_SCADA,1,"2019/08/21 22:30:00",SHPUMP,81.034380
D,DISPATCH,UNIT_SCADA,1,"2019/08/21 22:30:00",SITHE01,0.123710
D,DISPATCH,UNIT_SCADA,1,"2019/08/21 22:30:00",SMCSF1,0
D,DISPATCH,UNIT_SCADA,1,"2019/08/21 22:30:00",SNOWNTH1,129.399990
D,DISPATCH,UNIT_SCADA,1,"2019/08/21 22:30:00",SNOWSTH1,97.10
D,DISPATCH,UNIT_SCADA,1,"2019/08/21 22:30:00",SNOWTWN1,79.929860
D,DISPATCH,UNIT_SCADA,1,"2019/08/21 22:30:00",SNOWYP,0
D,DISPATCH,UNIT_SCADA,1,"2019/08/21 22:30:00",SNUG1,0.019440
D,DISPATCH,UNIT_SCADA,1,"2019/08/21 22:30:00",SRSF1,0.44
D,DISPATCH,UNIT_SCADA,1,"2019/08/21 22:30:00",STAN-1,0
D,DISPATCH,UNIT_SCADA,1,"2019/08/21 22:30:00",STAN-2,278.928160
D,DISPATCH,UNIT_SCADA,1,"2019/08/21 22:30:00",STAN-3,279.979220
D,DISPATCH,UNIT_SCADA,1,"2019/08/21 22:30:00",STAN-4,280.530360
D,DISPATCH,UNIT_SCADA,1,"2019/08/21 22:30:00",STWF1,162.450010
D,DISPATCH,UNIT_SCADA,1,"2019/08/21 22:30:00",SWAN_E,0
D,DISPATCH,UNIT_SCADA,1,"2019/08/21 22:30:00",TALWA1,191
D,DISPATCH,UNIT_SCADA,1,"2019/08/21 22:30:00",TARALGA1,98.474990
D,DISPATCH,UNIT_SCADA,1,"2019/08/21 22:30:00",TARONG#1,278.600010
D,DISPATCH,UNIT_SCADA,1,"2019/08/21 22:30:00",TARONG#2,278.700010
D,DISPATCH,UNIT_SCADA,1,"2019/08/21 22:30:00",TARONG#3,261.600010
D,DISPATCH,UNIT_SCADA,1,"2019/08/21 22:30:00",TARONG#4,280.100010
D,DISPATCH,UNIT_SCADA,1,"2019/08/21 22:30:00",TARRALEA,83.90
D,DISPATCH,UNIT_SCADA,1,"2019/08/21 22:30:00",TBSF1,-0.20
D,DISPATCH,UNIT_SCADA,1,"2019/08/21 22:30:00",TNPS1,442.000030
D,DISPATCH,UNIT_SCADA,1,"2019/08/21 22:30:00",TORRA1,47.069540
D,DISPATCH,UNIT_SCADA,1,"2019/08/21 22:30:00",TORRA2,0
D,DISPATCH,UNIT_SCADA,1,"2019/08/21 22:30:00",TORRA3,0
D,DISPATCH,UNIT_SCADA,1,"2019/08/21 22:30:00",TORRA4,0
D,DISPATCH,UNIT_SCADA,1,"2019/08/21 22:30:00",TORRB1,58.52
D,DISPATCH,UNIT_SCADA,1,"2019/08/21 22:30:00",TORRB2,58.01
D,DISPATCH,UNIT_SCADA,1,"2019/08/21 22:30:00",TORRB3,0
D,DISPATCH,UNIT_SCADA,1,"2019/08/21 22:30:00",TORRB4,0
D,DISPATCH,UNIT_SCADA,1,"2019/08/21 22:30:00",TREVALLN,69.680030
D,DISPATCH,UNIT_SCADA,1,"2019/08/21 22:30:00",TRIBUTE,84.68
D,DISPATCH,UNIT_SCADA,1,"2019/08/21 22:30:00",TUMUT3,0
D,DISPATCH,UNIT_SCADA,1,"2019/08/21 22:30:00",TUNGATIN,121.750030
D,DISPATCH,UNIT_SCADA,1,"2019/08/21 22:30:00",TVCC201,0
D,DISPATCH,UNIT_SCADA,1,"2019/08/21 22:30:00",TVPP104,0
D,DISPATCH,UNIT_SCADA,1,"2019/08/21 22:30:00",UPPTUMUT,0
D,DISPATCH,UNIT_SCADA,1,"2019/08/21 22:30:00",URANQ11,0
D,DISPATCH,UNIT_SCADA,1,"2019/08/21 22:30:00",URANQ12,0
D,DISPATCH,UNIT_SCADA,1,"2019/08/21 22:30:00",URANQ13,0
D,DISPATCH,UNIT_SCADA,1,"2019/08/21 22:30:00",URANQ14,0
D,DISPATCH,UNIT_SCADA,1,"2019/08/21 22:30:00",VP5,396
D,DISPATCH,UNIT_SCADA,1,"2019/08/21 22:30:00",VP6,395.799990
D,DISPATCH,UNIT_SCADA,1,"2019/08/21 22:30:00",VPGS1,0
D,DISPATCH,UNIT_SCADA,1,"2019/08/21 22:30:00",VPGS2,0
D,DISPATCH,UNIT_SCADA,1,"2019/08/21 22:30:00",VPGS3,0
D,DISPATCH,UNIT_SCADA,1,"2019/08/21 22:30:00",VPGS4,0
D,DISPATCH,UNIT_SCADA,1,"2019/08/21 22:30:00",VPGS5,0
D,DISPATCH,UNIT_SCADA,1,"2019/08/21 22:30:00",VPGS6,0
D,DISPATCH,UNIT_SCADA,1,"2019/08/21 22:30:00",W/HOE#1,0
D,DISPATCH,UNIT_SCADA,1,"2019/08/21 22:30:00",W/HOE#2,0
D,DISPATCH,UNIT_SCADA,1,"2019/08/21 22:30:00",WATERLWF,93.80
D,DISPATCH,UNIT_SCADA,1,"2019/08/21 22:30:00",WEMENSF1,0
D,DISPATCH,UNIT_SCADA,1,"2019/08/21 22:30:00",WGWF1,48.70
D,DISPATCH,UNIT_SCADA,1,"2019/08/21 22:30:00",WHITSF1,0
D,DISPATCH,UNIT_SCADA,1,"2019/08/21 22:30:00",WKIEWA1,28.90
D,DISPATCH,UNIT_SCADA,1,"2019/08/21 22:30:00",WKIEWA2,29.30
D,DISPATCH,UNIT_SCADA,1,"2019/08/21 22:30:00",WOODLWN1,44.712010
D,DISPATCH,UNIT_SCADA,1,"2019/08/21 22:30:00",WRSF1,0
D,DISPATCH,UNIT_SCADA,1,"2019/08/21 22:30:00",WRWF1,150.856260
D,DISPATCH,UNIT_SCADA,1,"2019/08/21 22:30:00",YABULU,0
D,DISPATCH,UNIT_SCADA,1,"2019/08/21 22:30:00",YABULU2,0
D,DISPATCH,UNIT_SCADA,1,"2019/08/21 22:30:00",YARWUN_1,0
D,DISPATCH,UNIT_SCADA,1,"2019/08/21 22:30:00",YENDWF1,41.62
D,DISPATCH,UNIT_SCADA,1,"2019/08/21 22:30:00",YWPS1,374.936710
D,DISPATCH,UNIT_SCADA,1,"2019/08/21 22:30:00",YWPS2,277.941770
D,DISPATCH,UNIT_SCADA,1,"2019/08/21 22:30:00",YWPS3,0
D,DISPATCH,UNIT_SCADA,1,"2019/08/21 22:30:00",YWPS4,394.391140
C,"END OF REPORT",334
