C,NEMP.WORLD,DISPATCHSCADA,AEMO,PUBLIC,2019/08/20,20:20:07,0000000311799630,DISPATCHSCADA,0000000311799624
I,DISPATCH,UNIT_SCADA,1,SETTLEMENTDATE,DUID,SCADAVALUE
D,DISPATCH,UNIT_SCADA,1,"2019/08/20 20:25:00",BARCSF1,0.50
D,DISPATCH,UNIT_SCADA,1,"2019/08/20 20:25:00",BUTLERSG,9.699999
D,DISPATCH,UNIT_SCADA,1,"2019/08/20 20:25:00",CALL_A_4,0
D,DISPATCH,UNIT_SCADA,1,"2019/08/20 20:25:00",CAPTL_WF,132.9720
D,DISPATCH,UNIT_SCADA,1,"2019/08/20 20:25:00",CATHROCK,53.139996
D,DISPATCH,UNIT_SCADA,1,"2019/08/20 20:25:00",CHALLHWF,28.200001
D,DISPATCH,UNIT_SCADA,1,"2019/08/20 20:25:00",CLOVER,-0.01
D,DISPATCH,UNIT_SCADA,1,"2019/08/20 20:25:00",CLUNY,19.288166
D,DISPATCH,UNIT_SCADA,1,"2019/08/20 20:25:00",CNUNDAWF,41.448349
D,DISPATCH,UNIT_SCADA,1,"2019/08/20 20:25:00",CULLRGWF,30.27
D,DISPATCH,UNIT_SCADA,1,"2019/08/20 20:25:00",ERGT01,0
D,DISPATCH,UNIT_SCADA,1,"2019/08/20 20:25:00",GB01,0.073112
D,DISPATCH,UNIT_SCADA,1,"2019/08/20 20:25:00",GERMCRK,38.50
D,DISPATCH,UNIT_SCADA,1,"2019/08/20 20:25:00",GRIFSF1,0
D,DISPATCH,UNIT_SCADA,1,"2019/08/20 20:25:00",HUGSF1,-0.2040
D,DISPATCH,UNIT_SCADA,1,"2019/08/20 20:25:00",LKBONNY1,75.198486
D,DISPATCH,UNIT_SCADA,1,"2019/08/20 20:25:00",LRSF1,0.0290
D,DISPATCH,UNIT_SCADA,1,"2019/08/20 20:25:00",MBAHNTH,56.043747
D,DISPATCH,UNIT_SCADA,1,"2019/08/20 20:25:00",MLSP1,0.283001
D,DISPATCH,UNIT_SCADA,1,"2019/08/20 20:25:00",MLWF1,19.68
D,DISPATCH,UNIT_SCADA,1,"2019/08/20 20:25:00",MTMILLAR,28.857407
D,DISPATCH,UNIT_SCADA,1,"2019/08/20 20:25:00",PALOONA,12.809999
D,DISPATCH,UNIT_SCADA,1,"2019/08/20 20:25:00",PIONEER,29.40
D,DISPATCH,UNIT_SCADA,1,"2019/08/20 20:25:00",PORTWF,137.199997
D,DISPATCH,UNIT_SCADA,1,"2019/08/20 20:25:00",REPULSE,29.057449
D,DISPATCH,UNIT_SCADA,1,"2019/08/20 20:25:00",ROWALLAN,9.9897
D,DISPATCH,UNIT_SCADA,1,"2019/08/20 20:25:00",ROYALLA1,0
D,DISPATCH,UNIT_SCADA,1,"2019/08/20 20:25:00",RPCG,11.90
D,DISPATCH,UNIT_SCADA,1,"2019/08/20 20:25:00",RUBICON,0
D,DISPATCH,UNIT_SCADA,1,"2019/08/20 20:25:00",SATGN1,0
D,DISPATCH,UNIT_SCADA,1,"2019/08/20 20:25:00",SATGS1,0
D,DISPATCH,UNIT_SCADA,1,"2019/08/20 20:25:00",STARHLWF,20.394053
D,DISPATCH,UNIT_SCADA,1,"2019/08/20 20:25:00",WAUBRAWF,153.4590
D,DISPATCH,UNIT_SCADA,1,"2019/08/20 20:25:00",WOOLNTH1,54.800018
D,DISPATCH,UNIT_SCADA,1,"2019/08/20 20:25:00",WPWF,37
D,DISPATCH,UNIT_SCADA,1,"2019/08/20 20:25:00",YAMBUKWF,29.700001
D,DISPATCH,UNIT_SCADA,1,"2019/08/20 20:25:00",YSWF1,28.799999
D,DISPATCH,UNIT_SCADA,1,"2019/08/20 20:25:00",AGLHAL,0
D,DISPATCH,UNIT_SCADA,1,"2019/08/20 20:25:00",AGLSOM,80.30
D,DISPATCH,UNIT_SCADA,1,"2019/08/20 20:25:00",ANGAST1,0
D,DISPATCH,UNIT_SCADA,1,"2019/08/20 20:25:00",ARWF1,30.20
D,DISPATCH,UNIT_SCADA,1,"2019/08/20 20:25:00",BALBG1,13.39
D,DISPATCH,UNIT_SCADA,1,"2019/08/20 20:25:00",BALBL1,0
D,DISPATCH,UNIT_SCADA,1,"2019/08/20 20:25:00",BALDHWF1,102.5210
D,DISPATCH,UNIT_SCADA,1,"2019/08/20 20:25:00",BANN1,0
D,DISPATCH,UNIT_SCADA,1,"2019/08/20 20:25:00",BARCALDN,0
D,DISPATCH,UNIT_SCADA,1,"2019/08/20 20:25:00",BARRON-1,0
D,DISPATCH,UNIT_SCADA,1,"2019/08/20 20:25:00",BARRON-2,28.48
D,DISPATCH,UNIT_SCADA,1,"2019/08/20 20:25:00",BASTYAN,80.430010
D,DISPATCH,UNIT_SCADA,1,"2019/08/20 20:25:00",BBTHREE1,-1.89
D,DISPATCH,UNIT_SCADA,1,"2019/08/20 20:25:00",BBTHREE2,-1.93
D,DISPATCH,UNIT_SCADA,1,"2019/08/20 20:25:00",BBTHREE3,-1.03
D,DISPATCH,UNIT_SCADA,1,"2019/08/20 20:25:00",BDL01,0
D,DISPATCH,UNIT_SCADA,1,"2019/08/20 20:25:00",BDL02,-0.06
D,DISPATCH,UNIT_SCADA,1,"2019/08/20 20:25:00",BERYLSF1,0
D,DISPATCH,UNIT_SCADA,1,"2019/08/20 20:25:00",BLOWERNG,0
D,DISPATCH,UNIT_SCADA,1,"2019/08/20 20:25:00",BLUFF1,42
D,DISPATCH,UNIT_SCADA,1,"2019/08/20 20:25:00",BNGSF1,0
D,DISPATCH,UNIT_SCADA,1,"2019/08/20 20:25:00",BNGSF2,0
D,DISPATCH,UNIT_SCADA,1,"2019/08/20 20:25:00",BOCORWF1,96.95
D,DISPATCH,UNIT_SCADA,1,"2019/08/20 20:25:00",BODWF1,69.760310
D,DISPATCH,UNIT_SCADA,1,"2019/08/20 20:25:00",BRAEMAR1,0
D,DISPATCH,UNIT_SCADA,1,"2019/08/20 20:25:00",BRAEMAR2,173
D,DISPATCH,UNIT_SCADA,1,"2019/08/20 20:25:00",BRAEMAR3,0
D,DISPATCH,UNIT_SCADA,1,"2019/08/20 20:25:00",BRAEMAR5,0
D,DISPATCH,UNIT_SCADA,1,"2019/08/20 20:25:00",BRAEMAR6,160.461240
D,DISPATCH,UNIT_SCADA,1,"2019/08/20 20:25:00",BRAEMAR7,0
D,DISPATCH,UNIT_SCADA,1,"2019/08/20 20:25:00",BROKENH1,0
D,DISPATCH,UNIT_SCADA,1,"2019/08/20 20:25:00",BW01,653.1250
D,DISPATCH,UNIT_SCADA,1,"2019/08/20 20:25:00",BW02,661.900020
D,DISPATCH,UNIT_SCADA,1,"2019/08/20 20:25:00",BW03,649.925050
D,DISPATCH,UNIT_SCADA,1,"2019/08/20 20:25:00",BW04,0
D,DISPATCH,UNIT_SCADA,1,"2019/08/20 20:25:00",CALL_B_1,349.899990
D,DISPATCH,UNIT_SCADA,1,"2019/08/20 20:25:00",CALL_B_2,300
D,DISPATCH,UNIT_SCADA,1,"2019/08/20 20:25:00",CETHANA,95.729620
D,DISPATCH,UNIT_SCADA,1,"2019/08/20 20:25:00",CG1,0
D,DISPATCH,UNIT_SCADA,1,"2019/08/20 20:25:00",CG2,0
D,DISPATCH,UNIT_SCADA,1,"2019/08/20 20:25:00",CG3,0
D,DISPATCH,UNIT_SCADA,1,"2019/08/20 20:25:00",CG4,0
D,DISPATCH,UNIT_SCADA,1,"2019/08/20 20:25:00",CHILDSF1,0
D,DISPATCH,UNIT_SCADA,1,"2019/08/20 20:25:00",CLARESF1,0
D,DISPATCH,UNIT_SCADA,1,"2019/08/20 20:25:00",CLEMGPWF,46.534620
D,DISPATCH,UNIT_SCADA,1,"2019/08/20 20:25:00",CLERMSF1,0
D,DISPATCH,UNIT_SCADA,1,"2019/08/20 20:25:00",COLEASF1,0
D,DISPATCH,UNIT_SCADA,1,"2019/08/20 20:25:00",COOPGWF1,42.465730
D,DISPATCH,UNIT_SCADA,1,"2019/08/20 20:25:00",CPP_3,407
D,DISPATCH,UNIT_SCADA,1,"2019/08/20 20:25:00",CPP_4,279.1250
D,DISPATCH,UNIT_SCADA,1,"2019/08/20 20:25:00",CPSA,143.503750
D,DISPATCH,UNIT_SCADA,1,"2019/08/20 20:25:00",CROOKWF2,92.203750
D,DISPATCH,UNIT_SCADA,1,"2019/08/20 20:25:00",CROWLWF1,46.514180
D,DISPATCH,UNIT_SCADA,1,"2019/08/20 20:25:00",CSPVPS1,0
D,DISPATCH,UNIT_SCADA,1,"2019/08/20 20:25:00",DALNTH01,0
D,DISPATCH,UNIT_SCADA,1,"2019/08/20 20:25:00",DALNTHL1,0.096130
D,DISPATCH,UNIT_SCADA,1,"2019/08/20 20:25:00",DARTM1,134.20
D,DISPATCH,UNIT_SCADA,1,"2019/08/20 20:25:00",DAYDSF1,0
D,DISPATCH,UNIT_SCADA,1,"2019/08/20 20:25:00",DDPS1,406.644780
D,DISPATCH,UNIT_SCADA,1,"2019/08/20 20:25:00",DDSF1,0
D,DISPATCH,UNIT_SCADA,1,"2019/08/20 20:25:00",DEVILS_G,60.807520
D,DISPATCH,UNIT_SCADA,1,"2019/08/20 20:25:00",DG_NSW1,0
D,DISPATCH,UNIT_SCADA,1,"2019/08/20 20:25:00",DG_QLD1,0
D,DISPATCH,UNIT_SCADA,1,"2019/08/20 20:25:00",DG_SA1,0
D,DISPATCH,UNIT_SCADA,1,"2019/08/20 20:25:00",DG_TAS1,0
D,DISPATCH,UNIT_SCADA,1,"2019/08/20 20:25:00",DG_VIC1,0
D,DISPATCH,UNIT_SCADA,1,"2019/08/20 20:25:00",DRYCGT1,0
D,DISPATCH,UNIT_SCADA,1,"2019/08/20 20:25:00",DRYCGT2,0
D,DISPATCH,UNIT_SCADA,1,"2019/08/20 20:25:00",DRYCGT3,0
D,DISPATCH,UNIT_SCADA,1,"2019/08/20 20:25:00",EILDON1,0
D,DISPATCH,UNIT_SCADA,1,"2019/08/20 20:25:00",EILDON2,0
D,DISPATCH,UNIT_SCADA,1,"2019/08/20 20:25:00",EMERASF1,0
D,DISPATCH,UNIT_SCADA,1,"2019/08/20 20:25:00",ER01,592.474980
D,DISPATCH,UNIT_SCADA,1,"2019/08/20 20:25:00",ER02,698.900020
D,DISPATCH,UNIT_SCADA,1,"2019/08/20 20:25:00",ER03,697.824950
D,DISPATCH,UNIT_SCADA,1,"2019/08/20 20:25:00",ER04,699.525020
D,DISPATCH,UNIT_SCADA,1,"2019/08/20 20:25:00",FINLYSF1,0
D,DISPATCH,UNIT_SCADA,1,"2019/08/20 20:25:00",FISHER,45.84
D,DISPATCH,UNIT_SCADA,1,"2019/08/20 20:25:00",GANNBG1,21.014030
D,DISPATCH,UNIT_SCADA,1,"2019/08/20 20:25:00",GANNBL1,0
D,DISPATCH,UNIT_SCADA,1,"2019/08/20 20:25:00",GANNSF1,0
D,DISPATCH,UNIT_SCADA,1,"2019/08/20 20:25:00",GORDON,0
D,DISPATCH,UNIT_SCADA,1,"2019/08/20 20:25:00",GSTONE1,224.1750
D,DISPATCH,UNIT_SCADA,1,"2019/08/20 20:25:00",GSTONE2,219.80
D,DISPATCH,UNIT_SCADA,1,"2019/08/20 20:25:00",GSTONE3,221.724990
D,DISPATCH,UNIT_SCADA,1,"2019/08/20 20:25:00",GSTONE4,223.474990
D,DISPATCH,UNIT_SCADA,1,"2019/08/20 20:25:00",GSTONE5,224
D,DISPATCH,UNIT_SCADA,1,"2019/08/20 20:25:00",GSTONE6,0
D,DISPATCH,UNIT_SCADA,1,"2019/08/20 20:25:00",GULLRSF1,0
D,DISPATCH,UNIT_SCADA,1,"2019/08/20 20:25:00",GULLRWF1,138.911680
D,DISPATCH,UNIT_SCADA,1,"2019/08/20 20:25:00",GUNNING1,45.024150
D,DISPATCH,UNIT_SCADA,1,"2019/08/20 20:25:00",GUTHEGA,30.90
D,DISPATCH,UNIT_SCADA,1,"2019/08/20 20:25:00",HALLWF1,91.34
D,DISPATCH,UNIT_SCADA,1,"2019/08/20 20:25:00",HALLWF2,66.05
D,DISPATCH,UNIT_SCADA,1,"2019/08/20 20:25:00",HAMISF1,0
D,DISPATCH,UNIT_SCADA,1,"2019/08/20 20:25:00",HAUGHT11,0
D,DISPATCH,UNIT_SCADA,1,"2019/08/20 20:25:00",HAYMSF1,0
D,DISPATCH,UNIT_SCADA,1,"2019/08/20 20:25:00",HDWF1,62
D,DISPATCH,UNIT_SCADA,1,"2019/08/20 20:25:00",HDWF2,46.10
D,DISPATCH,UNIT_SCADA,1,"2019/08/20 20:25:00",HDWF3,55.50
D,DISPATCH,UNIT_SCADA,1,"2019/08/20 20:25:00",HPRG1,16.90
D,DISPATCH,UNIT_SCADA,1,"2019/08/20 20:25:00",HPRL1,0
D,DISPATCH,UNIT_SCADA,1,"2019/08/20 20:25:00",HUMENSW,0
D,DISPATCH,UNIT_SCADA,1,"2019/08/20 20:25:00",HUMEV,9.10
D,DISPATCH,UNIT_SCADA,1,"2019/08/20 20:25:00",HVGTS,0
D,DISPATCH,UNIT_SCADA,1,"2019/08/20 20:25:00",JBUTTERS,138.739990
D,DISPATCH,UNIT_SCADA,1,"2019/08/20 20:25:00",JLA01,0.50
D,DISPATCH,UNIT_SCADA,1,"2019/08/20 20:25:00",JLA02,0
D,DISPATCH,UNIT_SCADA,1,"2019/08/20 20:25:00",JLA03,0.10
D,DISPATCH,UNIT_SCADA,1,"2019/08/20 20:25:00",JLA04,0.10
D,DISPATCH,UNIT_SCADA,1,"2019/08/20 20:25:00",JLB01,0
D,DISPATCH,UNIT_SCADA,1,"2019/08/20 20:25:00",JLB02,0.10
D,DISPATCH,UNIT_SCADA,1,"2019/08/20 20:25:00",JLB03,0
D,DISPATCH,UNIT_SCADA,1,"2019/08/20 20:25:00",KAREEYA1,21.4075
D,DISPATCH,UNIT_SCADA,1,"2019/08/20 20:25:00",KAREEYA2,21.73
D,DISPATCH,UNIT_SCADA,1,"2019/08/20 20:25:00",KAREEYA3,0
D,DISPATCH,UNIT_SCADA,1,"2019/08/20 20:25:00",KAREEYA4,21.7325
D,DISPATCH,UNIT_SCADA,1,"2019/08/20 20:25:00",KARSF1,0
D,DISPATCH,UNIT_SCADA,1,"2019/08/20 20:25:00",KIATAWF1,30.70
D,DISPATCH,UNIT_SCADA,1,"2019/08/20 20:25:00",KPP_1,0
D,DISPATCH,UNIT_SCADA,1,"2019/08/20 20:25:00",KSP1,0
D,DISPATCH,UNIT_SCADA,1,"2019/08/20 20:25:00",LADBROK1,0
D,DISPATCH,UNIT_SCADA,1,"2019/08/20 20:25:00",LADBROK2,43.04
D,DISPATCH,UNIT_SCADA,1,"2019/08/20 20:25:00",LD01,411.843750
D,DISPATCH,UNIT_SCADA,1,"2019/08/20 20:25:00",LD02,417.131290
D,DISPATCH,UNIT_SCADA,1,"2019/08/20 20:25:00",LD03,414.5062
D,DISPATCH,UNIT_SCADA,1,"2019/08/20 20:25:00",LD04,370.837460
D,DISPATCH,UNIT_SCADA,1,"2019/08/20 20:25:00",LEM_WIL,85.6230
D,DISPATCH,UNIT_SCADA,1,"2019/08/20 20:25:00",LGAPWF1,33.27
D,DISPATCH,UNIT_SCADA,1,"2019/08/20 20:25:00",LILYSF1,0
D,DISPATCH,UNIT_SCADA,1,"2019/08/20 20:25:00",LI_WY_CA,148.912160
D,DISPATCH,UNIT_SCADA,1,"2019/08/20 20:25:00",LKBONNY2,153.627930
D,DISPATCH,UNIT_SCADA,1,"2019/08/20 20:25:00",LKBONNY3,38.014790
D,DISPATCH,UNIT_SCADA,1,"2019/08/20 20:25:00",LK_ECHO,0
D,DISPATCH,UNIT_SCADA,1,"2019/08/20 20:25:00",LNGS1,0
D,DISPATCH,UNIT_SCADA,1,"2019/08/20 20:25:00",LNGS2,0
D,DISPATCH,UNIT_SCADA,1,"2019/08/20 20:25:00",LONSDALE,0
D,DISPATCH,UNIT_SCADA,1,"2019/08/20 20:25:00",LOYYB1,535.336730
D,DISPATCH,UNIT_SCADA,1,"2019/08/20 20:25:00",LOYYB2,581.202510
D,DISPATCH,UNIT_SCADA,1,"2019/08/20 20:25:00",LYA1,560
D,DISPATCH,UNIT_SCADA,1,"2019/08/20 20:25:00",LYA2,0
D,DISPATCH,UNIT_SCADA,1,"2019/08/20 20:25:00",LYA3,559
D,DISPATCH,UNIT_SCADA,1,"2019/08/20 20:25:00",LYA4,540
D,DISPATCH,UNIT_SCADA,1,"2019/08/20 20:25:00",MACARTH1,383.191160
D,DISPATCH,UNIT_SCADA,1,"2019/08/20 20:25:00",MACKAYGT,0
D,DISPATCH,UNIT_SCADA,1,"2019/08/20 20:25:00",MACKNTSH,85.69
D,DISPATCH,UNIT_SCADA,1,"2019/08/20 20:25:00",MANSLR1,0
D,DISPATCH,UNIT_SCADA,1,"2019/08/20 20:25:00",MCKAY1,0.02
D,DISPATCH,UNIT_SCADA,1,"2019/08/20 20:25:00",MEADOWBK,33.981620
D,DISPATCH,UNIT_SCADA,1,"2019/08/20 20:25:00",MERCER01,127.1390
D,DISPATCH,UNIT_SCADA,1,"2019/08/20 20:25:00",MEWF1,45.1072
D,DISPATCH,UNIT_SCADA,1,"2019/08/20 20:25:00",MINTARO,0
D,DISPATCH,UNIT_SCADA,1,"2019/08/20 20:25:00",MOREESF1,0
D,DISPATCH,UNIT_SCADA,1,"2019/08/20 20:25:00",MORTLK11,124
D,DISPATCH,UNIT_SCADA,1,"2019/08/20 20:25:00",MORTLK12,0
D,DISPATCH,UNIT_SCADA,1,"2019/08/20 20:25:00",MP1,273.099980
D,DISPATCH,UNIT_SCADA,1,"2019/08/20 20:25:00",MP2,0
D,DISPATCH,UNIT_SCADA,1,"2019/08/20 20:25:00",MPP_1,404.50
D,DISPATCH,UNIT_SCADA,1,"2019/08/20 20:25:00",MPP_2,425
D,DISPATCH,UNIT_SCADA,1,"2019/08/20 20:25:00",MSTUART1,0
D,DISPATCH,UNIT_SCADA,1,"2019/08/20 20:25:00",MSTUART2,0
D,DISPATCH,UNIT_SCADA,1,"2019/08/20 20:25:00",MSTUART3,0
D,DISPATCH,UNIT_SCADA,1,"2019/08/20 20:25:00",MTGELWF1,64.490190
D,DISPATCH,UNIT_SCADA,1,"2019/08/20 20:25:00",MURRAY,0
D,DISPATCH,UNIT_SCADA,1,"2019/08/20 20:25:00",MUSSELR1,49.60
D,DISPATCH,UNIT_SCADA,1,"2019/08/20 20:25:00",MUWAWF1,46.26
D,DISPATCH,UNIT_SCADA,1,"2019/08/20 20:25:00",NBHWF1,112.70
D,DISPATCH,UNIT_SCADA,1,"2019/08/20 20:25:00",NPS,483.3750
D,DISPATCH,UNIT_SCADA,1,"2019/08/20 20:25:00",NUMURSF1,0
D,DISPATCH,UNIT_SCADA,1,"2019/08/20 20:25:00",NYNGAN1,0
D,DISPATCH,UNIT_SCADA,1,"2019/08/20 20:25:00",OAKEY1,0
D,DISPATCH,UNIT_SCADA,1,"2019/08/20 20:25:00",OAKEY1SF,0.0380
D,DISPATCH,UNIT_SCADA,1,"2019/08/20 20:25:00",OAKEY2,0
D,DISPATCH,UNIT_SCADA,1,"2019/08/20 20:25:00",OAKLAND1,62.10
D,DISPATCH,UNIT_SCADA,1,"2019/08/20 20:25:00",OSB-AG,183.62
D,DISPATCH,UNIT_SCADA,1,"2019/08/20 20:25:00",PARSF1,0
D,DISPATCH,UNIT_SCADA,1,"2019/08/20 20:25:00",POAT110,0
D,DISPATCH,UNIT_SCADA,1,"2019/08/20 20:25:00",POAT220,18.157440
D,DISPATCH,UNIT_SCADA,1,"2019/08/20 20:25:00",POR01,0
D,DISPATCH,UNIT_SCADA,1,"2019/08/20 20:25:00",POR03,0
D,DISPATCH,UNIT_SCADA,1,"2019/08/20 20:25:00",PPCCGT,449.376250
D,DISPATCH,UNIT_SCADA,1,"2019/08/20 20:25:00",PTSTAN1,0
D,DISPATCH,UNIT_SCADA,1,"2019/08/20 20:25:00",PUMP1,0
D,DISPATCH,UNIT_SCADA,1,"2019/08/20 20:25:00",PUMP2,0
D,DISPATCH,UNIT_SCADA,1,"2019/08/20 20:25:00",QPS1,29
D,DISPATCH,UNIT_SCADA,1,"2019/08/20 20:25:00",QPS2,0
D,DISPATCH,UNIT_SCADA,1,"2019/08/20 20:25:00",QPS3,0
D,DISPATCH,UNIT_SCADA,1,"2019/08/20 20:25:00",QPS4,0
D,DISPATCH,UNIT_SCADA,1,"2019/08/20 20:25:00",QPS5,0
D,DISPATCH,UNIT_SCADA,1,"2019/08/20 20:25:00",REECE1,116.960010
D,DISPATCH,UNIT_SCADA,1,"2019/08/20 20:25:00",REECE2,117.13
D,DISPATCH,UNIT_SCADA,1,"2019/08/20 20:25:00",ROMA_7,0
D,DISPATCH,UNIT_SCADA,1,"2019/08/20 20:25:00",ROMA_8,0
D,DISPATCH,UNIT_SCADA,1,"2019/08/20 20:25:00",RRSF1,0
D,DISPATCH,UNIT_SCADA,1,"2019/08/20 20:25:00",RT_NSW1,0
D,DISPATCH,UNIT_SCADA,1,"2019/08/20 20:25:00",RT_NSW2,0
D,DISPATCH,UNIT_SCADA,1,"2019/08/20 20:25:00",RT_NSW3,0
D,DISPATCH,UNIT_SCADA,1,"2019/08/20 20:25:00",RT_NSW4,0
D,DISPATCH,UNIT_SCADA,1,"2019/08/20 20:25:00",RT_NSW5,0
D,DISPATCH,UNIT_SCADA,1,"2019/08/20 20:25:00",RT_NSW6,0
D,DISPATCH,UNIT_SCADA,1,"2019/08/20 20:25:00",RT_QLD1,0
D,DISPATCH,UNIT_SCADA,1,"2019/08/20 20:25:00",RT_SA1,0
D,DISPATCH,UNIT_SCADA,1,"2019/08/20 20:25:00",RT_SA2,0
D,DISPATCH,UNIT_SCADA,1,"2019/08/20 20:25:00",RT_SA3,0
D,DISPATCH,UNIT_SCADA,1,"2019/08/20 20:25:00",RT_SA4,0
D,DISPATCH,UNIT_SCADA,1,"2019/08/20 20:25:00",RT_SA5,0
D,DISPATCH,UNIT_SCADA,1,"2019/08/20 20:25:00",RT_SA6,0
D,DISPATCH,UNIT_SCADA,1,"2019/08/20 20:25:00",RT_TAS1,0
D,DISPATCH,UNIT_SCADA,1,"2019/08/20 20:25:00",RT_VIC1,0
D,DISPATCH,UNIT_SCADA,1,"2019/08/20 20:25:00",RT_VIC10,0
D,DISPATCH,UNIT_SCADA,1,"2019/08/20 20:25:00",RT_VIC11,0
D,DISPATCH,UNIT_SCADA,1,"2019/08/20 20:25:00",RT_VIC12,0
D,DISPATCH,UNIT_SCADA,1,"2019/08/20 20:25:00",RT_VIC2,0
D,DISPATCH,UNIT_SCADA,1,"2019/08/20 20:25:00",RT_VIC3,0
D,DISPATCH,UNIT_SCADA,1,"2019/08/20 20:25:00",RT_VIC4,0
D,DISPATCH,UNIT_SCADA,1,"2019/08/20 20:25:00",RT_VIC5,0
D,DISPATCH,UNIT_SCADA,1,"2019/08/20 20:25:00",RT_VIC6,0
D,DISPATCH,UNIT_SCADA,1,"2019/08/20 20:25:00",RT_VIC7,0
D,DISPATCH,UNIT_SCADA,1,"2019/08/20 20:25:00",RT_VIC8,0
D,DISPATCH,UNIT_SCADA,1,"2019/08/20 20:25:00",RT_VIC9,0
D,DISPATCH,UNIT_SCADA,1,"2019/08/20 20:25:00",RUGBYR1,0
D,DISPATCH,UNIT_SCADA,1,"2019/08/20 20:25:00",SALTCRK1,51.16
D,DISPATCH,UNIT_SCADA,1,"2019/08/20 20:25:00",SAPHWF1,106.274990
D,DISPATCH,UNIT_SCADA,1,"2019/08/20 20:25:00",SHGEN,80.9375
D,DISPATCH,UNIT_SCADA,1,"2019/08/20 20:25:00",SHPUMP,0
D,DISPATCH,UNIT_SCADA,1,"2019/08/20 20:25:00",SITHE01,0.123710
D,DISPATCH,UNIT_SCADA,1,"2019/08/20 20:25:00",SMCSF1,0
D,DISPATCH,UNIT_SCADA,1,"2019/08/20 20:25:00",SNOWNTH1,112.60
D,DISPATCH,UNIT_SCADA,1,"2019/08/20 20:25:00",SNOWSTH1,112.80
D,DISPATCH,UNIT_SCADA,1,"2019/08/20 20:25:00",SNOWTWN1,86.542960
D,DISPATCH,UNIT_SCADA,1,"2019/08/20 20:25:00",SNOWYP,0
D,DISPATCH,UNIT_SCADA,1,"2019/08/20 20:25:00",SNUG1,0.019440
D,DISPATCH,UNIT_SCADA,1,"2019/08/20 20:25:00",SRSF1,0.07
D,DISPATCH,UNIT_SCADA,1,"2019/08/20 20:25:00",STAN-1,0
D,DISPATCH,UNIT_SCADA,1,"2019/08/20 20:25:00",STAN-2,360.6160
D,DISPATCH,UNIT_SCADA,1,"2019/08/20 20:25:00",STAN-3,366.819790
D,DISPATCH,UNIT_SCADA,1,"2019/08/20 20:25:00",STAN-4,367.076170
D,DISPATCH,UNIT_SCADA,1,"2019/08/20 20:25:00",STWF1,62.5950
D,DISPATCH,UNIT_SCADA,1,"2019/08/20 20:25:00",SWAN_E,0
D,DISPATCH,UNIT_SCADA,1,"2019/08/20 20:25:00",TALWA1,421
D,DISPATCH,UNIT_SCADA,1,"2019/08/20 20:25:00",TARALGA1,52.278750
D,DISPATCH,UNIT_SCADA,1,"2019/08/20 20:25:00",TARONG#1,348.600010
D,DISPATCH,UNIT_SCADA,1,"2019/08/20 20:25:00",TARONG#2,349.100010
D,DISPATCH,UNIT_SCADA,1,"2019/08/20 20:25:00",TARONG#3,259.800020
D,DISPATCH,UNIT_SCADA,1,"2019/08/20 20:25:00",TARONG#4,349
D,DISPATCH,UNIT_SCADA,1,"2019/08/20 20:25:00",TARRALEA,85.10
D,DISPATCH,UNIT_SCADA,1,"2019/08/20 20:25:00",TBSF1,-0.20
D,DISPATCH,UNIT_SCADA,1,"2019/08/20 20:25:00",TNPS1,441.700010
D,DISPATCH,UNIT_SCADA,1,"2019/08/20 20:25:00",TORRA1,82.2783
D,DISPATCH,UNIT_SCADA,1,"2019/08/20 20:25:00",TORRA2,0
D,DISPATCH,UNIT_SCADA,1,"2019/08/20 20:25:00",TORRA3,0
D,DISPATCH,UNIT_SCADA,1,"2019/08/20 20:25:00",TORRA4,0
D,DISPATCH,UNIT_SCADA,1,"2019/08/20 20:25:00",TORRB1,63.82
D,DISPATCH,UNIT_SCADA,1,"2019/08/20 20:25:00",TORRB2,109.03
D,DISPATCH,UNIT_SCADA,1,"2019/08/20 20:25:00",TORRB3,0
D,DISPATCH,UNIT_SCADA,1,"2019/08/20 20:25:00",TORRB4,0
D,DISPATCH,UNIT_SCADA,1,"2019/08/20 20:25:00",TREVALLN,71.180020
D,DISPATCH,UNIT_SCADA,1,"2019/08/20 20:25:00",TRIBUTE,71.12
D,DISPATCH,UNIT_SCADA,1,"2019/08/20 20:25:00",TUMUT3,418.47
D,DISPATCH,UNIT_SCADA,1,"2019/08/20 20:25:00",TUNGATIN,129.740040
D,DISPATCH,UNIT_SCADA,1,"2019/08/20 20:25:00",TVCC201,0
D,DISPATCH,UNIT_SCADA,1,"2019/08/20 20:25:00",TVPP104,0
D,DISPATCH,UNIT_SCADA,1,"2019/08/20 20:25:00",UPPTUMUT,0
D,DISPATCH,UNIT_SCADA,1,"2019/08/20 20:25:00",URANQ11,0
D,DISPATCH,UNIT_SCADA,1,"2019/08/20 20:25:00",URANQ12,0
D,DISPATCH,UNIT_SCADA,1,"2019/08/20 20:25:00",URANQ13,0
D,DISPATCH,UNIT_SCADA,1,"2019/08/20 20:25:00",URANQ14,0
D,DISPATCH,UNIT_SCADA,1,"2019/08/20 20:25:00",VP5,598.824950
D,DISPATCH,UNIT_SCADA,1,"2019/08/20 20:25:00",VP6,516.349980
D,DISPATCH,UNIT_SCADA,1,"2019/08/20 20:25:00",VPGS1,0
D,DISPATCH,UNIT_SCADA,1,"2019/08/20 20:25:00",VPGS2,0
D,DISPATCH,UNIT_SCADA,1,"2019/08/20 20:25:00",VPGS3,0
D,DISPATCH,UNIT_SCADA,1,"2019/08/20 20:25:00",VPGS4,0
D,DISPATCH,UNIT_SCADA,1,"2019/08/20 20:25:00",VPGS5,0
D,DISPATCH,UNIT_SCADA,1,"2019/08/20 20:25:00",VPGS6,0
D,DISPATCH,UNIT_SCADA,1,"2019/08/20 20:25:00",W/HOE#1,200.649990
D,DISPATCH,UNIT_SCADA,1,"2019/08/20 20:25:00",W/HOE#2,0
D,DISPATCH,UNIT_SCADA,1,"2019/08/20 20:25:00",WATERLWF,122.50
D,DISPATCH,UNIT_SCADA,1,"2019/08/20 20:25:00",WEMENSF1,0
D,DISPATCH,UNIT_SCADA,1,"2019/08/20 20:25:00",WGWF1,85.90
D,DISPATCH,UNIT_SCADA,1,"2019/08/20 20:25:00",WHITSF1,0
D,DISPATCH,UNIT_SCADA,1,"2019/08/20 20:25:00",WKIEWA1,0
D,DISPATCH,UNIT_SCADA,1,"2019/08/20 20:25:00",WKIEWA2,0.10
D,DISPATCH,UNIT_SCADA,1,"2019/08/20 20:25:00",WOODLWN1,44.972990
D,DISPATCH,UNIT_SCADA,1,"2019/08/20 20:25:00",WRSF1,0
D,DISPATCH,UNIT_SCADA,1,"2019/08/20 20:25:00",WRWF1,127.638750
D,DISPATCH,UNIT_SCADA,1,"2019/08/20 20:25:00",YABULU,0
D,DISPATCH,UNIT_SCADA,1,"2019/08/20 20:25:00",YABULU2,0
D,DISPATCH,UNIT_SCADA,1,"2019/08/20 20:25:00",YARWUN_1,0
D,DISPATCH,UNIT_SCADA,1,"2019/08/20 20:25:00",YENDWF1,41.78
D,DISPATCH,UNIT_SCADA,1,"2019/08/20 20:25:00",YWPS1,376.189880
D,DISPATCH,UNIT_SCADA,1,"2019/08/20 20:25:00",YWPS2,274.683530
D,DISPATCH,UNIT_SCADA,1,"2019/08/20 20:25:00",YWPS3,0
D,DISPATCH,UNIT_SCADA,1,"2019/08/20 20:25:00",YWPS4,394.955690
C,"END OF REPORT",334
