C,NEMP.WORLD,DISPATCHSCADA,AEMO,PUBLIC,2019/09/04,20:10:07,0000000312395669,DISPATCHSCADA,0000000312395663
I,DISPATCH,UNIT_SCADA,1,SETTLEMENTDATE,DUID,SCADAVALUE
D,DISPATCH,UNIT_SCADA,1,"2019/09/04 20:15:00",BARCSF1,0
D,DISPATCH,UNIT_SCADA,1,"2019/09/04 20:15:00",BUTLERSG,10.199999
D,DISPATCH,UNIT_SCADA,1,"2019/09/04 20:15:00",CALL_A_4,0
D,DISPATCH,UNIT_SCADA,1,"2019/09/04 20:15:00",CAPTL_WF,84.872002
D,DISPATCH,UNIT_SCADA,1,"2019/09/04 20:15:00",CATHROCK,0
D,DISPATCH,UNIT_SCADA,1,"2019/09/04 20:15:00",CHALLHWF,0
D,DISPATCH,UNIT_SCADA,1,"2019/09/04 20:15:00",CLOVER,0
D,DISPATCH,UNIT_SCADA,1,"2019/09/04 20:15:00",CLUNY,12.105745
D,DISPATCH,UNIT_SCADA,1,"2019/09/04 20:15:00",CNUNDAWF,0
D,DISPATCH,UNIT_SCADA,1,"2019/09/04 20:15:00",CULLRGWF,19.049999
D,DISPATCH,UNIT_SCADA,1,"2019/09/04 20:15:00",ERGT01,0
D,DISPATCH,UNIT_SCADA,1,"2019/09/04 20:15:00",GB01,0.018803
D,DISPATCH,UNIT_SCADA,1,"2019/09/04 20:15:00",GERMCRK,39.50
D,DISPATCH,UNIT_SCADA,1,"2019/09/04 20:15:00",GRIFSF1,0
D,DISPATCH,UNIT_SCADA,1,"2019/09/04 20:15:00",HUGSF1,-0.1750
D,DISPATCH,UNIT_SCADA,1,"2019/09/04 20:15:00",LKBONNY1,-0.449338
D,DISPATCH,UNIT_SCADA,1,"2019/09/04 20:15:00",LRSF1,-0.03
D,DISPATCH,UNIT_SCADA,1,"2019/09/04 20:15:00",MBAHNTH,41.587509
D,DISPATCH,UNIT_SCADA,1,"2019/09/04 20:15:00",MLSP1,0.366001
D,DISPATCH,UNIT_SCADA,1,"2019/09/04 20:15:00",MLWF1,-0.0450
D,DISPATCH,UNIT_SCADA,1,"2019/09/04 20:15:00",MTMILLAR,4.516876
D,DISPATCH,UNIT_SCADA,1,"2019/09/04 20:15:00",PALOONA,23.93
D,DISPATCH,UNIT_SCADA,1,"2019/09/04 20:15:00",PIONEER,43.400002
D,DISPATCH,UNIT_SCADA,1,"2019/09/04 20:15:00",PORTWF,-0.40
D,DISPATCH,UNIT_SCADA,1,"2019/09/04 20:15:00",REPULSE,19.875181
D,DISPATCH,UNIT_SCADA,1,"2019/09/04 20:15:00",ROWALLAN,10.3589
D,DISPATCH,UNIT_SCADA,1,"2019/09/04 20:15:00",ROYALLA1,0
D,DISPATCH,UNIT_SCADA,1,"2019/09/04 20:15:00",RPCG,-1.80
D,DISPATCH,UNIT_SCADA,1,"2019/09/04 20:15:00",RUBICON,0
D,DISPATCH,UNIT_SCADA,1,"2019/09/04 20:15:00",SATGN1,0
D,DISPATCH,UNIT_SCADA,1,"2019/09/04 20:15:00",SATGS1,0
D,DISPATCH,UNIT_SCADA,1,"2019/09/04 20:15:00",STARHLWF,-0.099971
D,DISPATCH,UNIT_SCADA,1,"2019/09/04 20:15:00",WAUBRAWF,0
D,DISPATCH,UNIT_SCADA,1,"2019/09/04 20:15:00",WOOLNTH1,29.610016
D,DISPATCH,UNIT_SCADA,1,"2019/09/04 20:15:00",WPWF,0
D,DISPATCH,UNIT_SCADA,1,"2019/09/04 20:15:00",YAMBUKWF,-0.20
D,DISPATCH,UNIT_SCADA,1,"2019/09/04 20:15:00",YSWF1,0
D,DISPATCH,UNIT_SCADA,1,"2019/09/04 20:15:00",AGLHAL,180.372020
D,DISPATCH,UNIT_SCADA,1,"2019/09/04 20:15:00",AGLSOM,120
D,DISPATCH,UNIT_SCADA,1,"2019/09/04 20:15:00",ANGAST1,0
D,DISPATCH,UNIT_SCADA,1,"2019/09/04 20:15:00",ARWF1,25.60
D,DISPATCH,UNIT_SCADA,1,"2019/09/04 20:15:00",BALBG1,10.54
D,DISPATCH,UNIT_SCADA,1,"2019/09/04 20:15:00",BALBL1,0
D,DISPATCH,UNIT_SCADA,1,"2019/09/04 20:15:00",BALDHWF1,8.1170
D,DISPATCH,UNIT_SCADA,1,"2019/09/04 20:15:00",BANN1,0
D,DISPATCH,UNIT_SCADA,1,"2019/09/04 20:15:00",BARCALDN,0
D,DISPATCH,UNIT_SCADA,1,"2019/09/04 20:15:00",BARRON-1,33.04
D,DISPATCH,UNIT_SCADA,1,"2019/09/04 20:15:00",BARRON-2,0
D,DISPATCH,UNIT_SCADA,1,"2019/09/04 20:15:00",BASTYAN,80.640010
D,DISPATCH,UNIT_SCADA,1,"2019/09/04 20:15:00",BBTHREE1,0
D,DISPATCH,UNIT_SCADA,1,"2019/09/04 20:15:00",BBTHREE2,0
D,DISPATCH,UNIT_SCADA,1,"2019/09/04 20:15:00",BBTHREE3,0
D,DISPATCH,UNIT_SCADA,1,"2019/09/04 20:15:00",BDL01,43.86
D,DISPATCH,UNIT_SCADA,1,"2019/09/04 20:15:00",BDL02,44.10
D,DISPATCH,UNIT_SCADA,1,"2019/09/04 20:15:00",BERYLSF1,0
D,DISPATCH,UNIT_SCADA,1,"2019/09/04 20:15:00",BLOWERNG,11.10
D,DISPATCH,UNIT_SCADA,1,"2019/09/04 20:15:00",BLUFF1,5.20
D,DISPATCH,UNIT_SCADA,1,"2019/09/04 20:15:00",BNGSF1,0
D,DISPATCH,UNIT_SCADA,1,"2019/09/04 20:15:00",BNGSF2,0
D,DISPATCH,UNIT_SCADA,1,"2019/09/04 20:15:00",BOCORWF1,27.52
D,DISPATCH,UNIT_SCADA,1,"2019/09/04 20:15:00",BODWF1,75.011730
D,DISPATCH,UNIT_SCADA,1,"2019/09/04 20:15:00",BRAEMAR1,162.400010
D,DISPATCH,UNIT_SCADA,1,"2019/09/04 20:15:00",BRAEMAR2,0
D,DISPATCH,UNIT_SCADA,1,"2019/09/04 20:15:00",BRAEMAR3,172.400010
D,DISPATCH,UNIT_SCADA,1,"2019/09/04 20:15:00",BRAEMAR5,130.500020
D,DISPATCH,UNIT_SCADA,1,"2019/09/04 20:15:00",BRAEMAR6,0
D,DISPATCH,UNIT_SCADA,1,"2019/09/04 20:15:00",BRAEMAR7,0
D,DISPATCH,UNIT_SCADA,1,"2019/09/04 20:15:00",BROKENH1,0
D,DISPATCH,UNIT_SCADA,1,"2019/09/04 20:15:00",BW01,656.700070
D,DISPATCH,UNIT_SCADA,1,"2019/09/04 20:15:00",BW02,649.425050
D,DISPATCH,UNIT_SCADA,1,"2019/09/04 20:15:00",BW03,643.050050
D,DISPATCH,UNIT_SCADA,1,"2019/09/04 20:15:00",BW04,0
D,DISPATCH,UNIT_SCADA,1,"2019/09/04 20:15:00",CALL_B_1,350.50
D,DISPATCH,UNIT_SCADA,1,"2019/09/04 20:15:00",CALL_B_2,312.50
D,DISPATCH,UNIT_SCADA,1,"2019/09/04 20:15:00",CETHANA,80.162120
D,DISPATCH,UNIT_SCADA,1,"2019/09/04 20:15:00",CG1,0
D,DISPATCH,UNIT_SCADA,1,"2019/09/04 20:15:00",CG2,0
D,DISPATCH,UNIT_SCADA,1,"2019/09/04 20:15:00",CG3,0
D,DISPATCH,UNIT_SCADA,1,"2019/09/04 20:15:00",CG4,0
D,DISPATCH,UNIT_SCADA,1,"2019/09/04 20:15:00",CHILDSF1,0
D,DISPATCH,UNIT_SCADA,1,"2019/09/04 20:15:00",CLARESF1,0
D,DISPATCH,UNIT_SCADA,1,"2019/09/04 20:15:00",CLEMGPWF,20.097770
D,DISPATCH,UNIT_SCADA,1,"2019/09/04 20:15:00",CLERMSF1,0
D,DISPATCH,UNIT_SCADA,1,"2019/09/04 20:15:00",COLEASF1,0
D,DISPATCH,UNIT_SCADA,1,"2019/09/04 20:15:00",COOPGWF1,26.418490
D,DISPATCH,UNIT_SCADA,1,"2019/09/04 20:15:00",CPP_3,349.800020
D,DISPATCH,UNIT_SCADA,1,"2019/09/04 20:15:00",CPP_4,406.725010
D,DISPATCH,UNIT_SCADA,1,"2019/09/04 20:15:00",CPSA,142.111250
D,DISPATCH,UNIT_SCADA,1,"2019/09/04 20:15:00",CROOKWF2,73.253750
D,DISPATCH,UNIT_SCADA,1,"2019/09/04 20:15:00",CROWLWF1,11.321340
D,DISPATCH,UNIT_SCADA,1,"2019/09/04 20:15:00",CSPVPS1,0
D,DISPATCH,UNIT_SCADA,1,"2019/09/04 20:15:00",DALNTH01,0
D,DISPATCH,UNIT_SCADA,1,"2019/09/04 20:15:00",DALNTHL1,0.074770
D,DISPATCH,UNIT_SCADA,1,"2019/09/04 20:15:00",DARTM1,133.899990
D,DISPATCH,UNIT_SCADA,1,"2019/09/04 20:15:00",DAYDSF1,0
D,DISPATCH,UNIT_SCADA,1,"2019/09/04 20:15:00",DDPS1,606.418760
D,DISPATCH,UNIT_SCADA,1,"2019/09/04 20:15:00",DDSF1,0
D,DISPATCH,UNIT_SCADA,1,"2019/09/04 20:15:00",DEVILS_G,56.2859
D,DISPATCH,UNIT_SCADA,1,"2019/09/04 20:15:00",DG_NSW1,0
D,DISPATCH,UNIT_SCADA,1,"2019/09/04 20:15:00",DG_QLD1,0
D,DISPATCH,UNIT_SCADA,1,"2019/09/04 20:15:00",DG_SA1,0
D,DISPATCH,UNIT_SCADA,1,"2019/09/04 20:15:00",DG_TAS1,0
D,DISPATCH,UNIT_SCADA,1,"2019/09/04 20:15:00",DG_VIC1,0
D,DISPATCH,UNIT_SCADA,1,"2019/09/04 20:15:00",DRYCGT1,0
D,DISPATCH,UNIT_SCADA,1,"2019/09/04 20:15:00",DRYCGT2,0
D,DISPATCH,UNIT_SCADA,1,"2019/09/04 20:15:00",DRYCGT3,0
D,DISPATCH,UNIT_SCADA,1,"2019/09/04 20:15:00",EILDON1,0
D,DISPATCH,UNIT_SCADA,1,"2019/09/04 20:15:00",EILDON2,0
D,DISPATCH,UNIT_SCADA,1,"2019/09/04 20:15:00",EMERASF1,0
D,DISPATCH,UNIT_SCADA,1,"2019/09/04 20:15:00",ER01,578.324950
D,DISPATCH,UNIT_SCADA,1,"2019/09/04 20:15:00",ER02,687.049930
D,DISPATCH,UNIT_SCADA,1,"2019/09/04 20:15:00",ER03,0
D,DISPATCH,UNIT_SCADA,1,"2019/09/04 20:15:00",ER04,688.675050
D,DISPATCH,UNIT_SCADA,1,"2019/09/04 20:15:00",FINLYSF1,0
D,DISPATCH,UNIT_SCADA,1,"2019/09/04 20:15:00",FISHER,45.80
D,DISPATCH,UNIT_SCADA,1,"2019/09/04 20:15:00",GANNBG1,8.668650
D,DISPATCH,UNIT_SCADA,1,"2019/09/04 20:15:00",GANNBL1,0
D,DISPATCH,UNIT_SCADA,1,"2019/09/04 20:15:00",GANNSF1,0
D,DISPATCH,UNIT_SCADA,1,"2019/09/04 20:15:00",GORDON,19.666640
D,DISPATCH,UNIT_SCADA,1,"2019/09/04 20:15:00",GSTONE1,217
D,DISPATCH,UNIT_SCADA,1,"2019/09/04 20:15:00",GSTONE2,210.1750
D,DISPATCH,UNIT_SCADA,1,"2019/09/04 20:15:00",GSTONE3,0
D,DISPATCH,UNIT_SCADA,1,"2019/09/04 20:15:00",GSTONE4,228.024990
D,DISPATCH,UNIT_SCADA,1,"2019/09/04 20:15:00",GSTONE5,215.0750
D,DISPATCH,UNIT_SCADA,1,"2019/09/04 20:15:00",GSTONE6,217.349990
D,DISPATCH,UNIT_SCADA,1,"2019/09/04 20:15:00",GULLRSF1,0
D,DISPATCH,UNIT_SCADA,1,"2019/09/04 20:15:00",GULLRWF1,118.892970
D,DISPATCH,UNIT_SCADA,1,"2019/09/04 20:15:00",GUNNING1,26.789440
D,DISPATCH,UNIT_SCADA,1,"2019/09/04 20:15:00",GUTHEGA,30.80
D,DISPATCH,UNIT_SCADA,1,"2019/09/04 20:15:00",HALLWF1,13.58
D,DISPATCH,UNIT_SCADA,1,"2019/09/04 20:15:00",HALLWF2,2.35
D,DISPATCH,UNIT_SCADA,1,"2019/09/04 20:15:00",HAMISF1,0
D,DISPATCH,UNIT_SCADA,1,"2019/09/04 20:15:00",HAUGHT11,0
D,DISPATCH,UNIT_SCADA,1,"2019/09/04 20:15:00",HAYMSF1,0
D,DISPATCH,UNIT_SCADA,1,"2019/09/04 20:15:00",HDWF1,59.10
D,DISPATCH,UNIT_SCADA,1,"2019/09/04 20:15:00",HDWF2,51.50
D,DISPATCH,UNIT_SCADA,1,"2019/09/04 20:15:00",HDWF3,66.80
D,DISPATCH,UNIT_SCADA,1,"2019/09/04 20:15:00",HPRG1,10.20
D,DISPATCH,UNIT_SCADA,1,"2019/09/04 20:15:00",HPRL1,0
D,DISPATCH,UNIT_SCADA,1,"2019/09/04 20:15:00",HUMENSW,0
D,DISPATCH,UNIT_SCADA,1,"2019/09/04 20:15:00",HUMEV,25.70
D,DISPATCH,UNIT_SCADA,1,"2019/09/04 20:15:00",HVGTS,0
D,DISPATCH,UNIT_SCADA,1,"2019/09/04 20:15:00",JBUTTERS,100.72
D,DISPATCH,UNIT_SCADA,1,"2019/09/04 20:15:00",JLA01,52
D,DISPATCH,UNIT_SCADA,1,"2019/09/04 20:15:00",JLA02,53.80
D,DISPATCH,UNIT_SCADA,1,"2019/09/04 20:15:00",JLA03,0
D,DISPATCH,UNIT_SCADA,1,"2019/09/04 20:15:00",JLA04,0
D,DISPATCH,UNIT_SCADA,1,"2019/09/04 20:15:00",JLB01,0
D,DISPATCH,UNIT_SCADA,1,"2019/09/04 20:15:00",JLB02,83.10
D,DISPATCH,UNIT_SCADA,1,"2019/09/04 20:15:00",JLB03,83.70
D,DISPATCH,UNIT_SCADA,1,"2019/09/04 20:15:00",KAREEYA1,21.5325
D,DISPATCH,UNIT_SCADA,1,"2019/09/04 20:15:00",KAREEYA2,21.5775
D,DISPATCH,UNIT_SCADA,1,"2019/09/04 20:15:00",KAREEYA3,0
D,DISPATCH,UNIT_SCADA,1,"2019/09/04 20:15:00",KAREEYA4,21.5850
D,DISPATCH,UNIT_SCADA,1,"2019/09/04 20:15:00",KARSF1,0
D,DISPATCH,UNIT_SCADA,1,"2019/09/04 20:15:00",KIATAWF1,-0.30
D,DISPATCH,UNIT_SCADA,1,"2019/09/04 20:15:00",KPP_1,0
D,DISPATCH,UNIT_SCADA,1,"2019/09/04 20:15:00",KSP1,0
D,DISPATCH,UNIT_SCADA,1,"2019/09/04 20:15:00",LADBROK1,42.31
D,DISPATCH,UNIT_SCADA,1,"2019/09/04 20:15:00",LADBROK2,42.99
D,DISPATCH,UNIT_SCADA,1,"2019/09/04 20:15:00",LD01,415.331270
D,DISPATCH,UNIT_SCADA,1,"2019/09/04 20:15:00",LD02,399.5437
D,DISPATCH,UNIT_SCADA,1,"2019/09/04 20:15:00",LD03,421.5563
D,DISPATCH,UNIT_SCADA,1,"2019/09/04 20:15:00",LD04,378.018770
D,DISPATCH,UNIT_SCADA,1,"2019/09/04 20:15:00",LEM_WIL,81.4844
D,DISPATCH,UNIT_SCADA,1,"2019/09/04 20:15:00",LGAPWF1,34.47
D,DISPATCH,UNIT_SCADA,1,"2019/09/04 20:15:00",LILYSF1,0
D,DISPATCH,UNIT_SCADA,1,"2019/09/04 20:15:00",LI_WY_CA,163.574780
D,DISPATCH,UNIT_SCADA,1,"2019/09/04 20:15:00",LKBONNY2,-1.215970
D,DISPATCH,UNIT_SCADA,1,"2019/09/04 20:15:00",LKBONNY3,-0.225030
D,DISPATCH,UNIT_SCADA,1,"2019/09/04 20:15:00",LK_ECHO,0
D,DISPATCH,UNIT_SCADA,1,"2019/09/04 20:15:00",LNGS1,0
D,DISPATCH,UNIT_SCADA,1,"2019/09/04 20:15:00",LNGS2,0
D,DISPATCH,UNIT_SCADA,1,"2019/09/04 20:15:00",LONSDALE,0
D,DISPATCH,UNIT_SCADA,1,"2019/09/04 20:15:00",LOYYB1,536.464540
D,DISPATCH,UNIT_SCADA,1,"2019/09/04 20:15:00",LOYYB2,583.082280
D,DISPATCH,UNIT_SCADA,1,"2019/09/04 20:15:00",LYA1,0
D,DISPATCH,UNIT_SCADA,1,"2019/09/04 20:15:00",LYA2,0
D,DISPATCH,UNIT_SCADA,1,"2019/09/04 20:15:00",LYA3,557
D,DISPATCH,UNIT_SCADA,1,"2019/09/04 20:15:00",LYA4,540
D,DISPATCH,UNIT_SCADA,1,"2019/09/04 20:15:00",MACARTH1,0
D,DISPATCH,UNIT_SCADA,1,"2019/09/04 20:15:00",MACKAYGT,0.2240
D,DISPATCH,UNIT_SCADA,1,"2019/09/04 20:15:00",MACKNTSH,89.240010
D,DISPATCH,UNIT_SCADA,1,"2019/09/04 20:15:00",MANSLR1,0
D,DISPATCH,UNIT_SCADA,1,"2019/09/04 20:15:00",MCKAY1,183.55
D,DISPATCH,UNIT_SCADA,1,"2019/09/04 20:15:00",MEADOWBK,25.093240
D,DISPATCH,UNIT_SCADA,1,"2019/09/04 20:15:00",MERCER01,-0.1720
D,DISPATCH,UNIT_SCADA,1,"2019/09/04 20:15:00",MEWF1,27.633660
D,DISPATCH,UNIT_SCADA,1,"2019/09/04 20:15:00",MINTARO,0
D,DISPATCH,UNIT_SCADA,1,"2019/09/04 20:15:00",MOREESF1,0
D,DISPATCH,UNIT_SCADA,1,"2019/09/04 20:15:00",MORTLK11,259
D,DISPATCH,UNIT_SCADA,1,"2019/09/04 20:15:00",MORTLK12,0
D,DISPATCH,UNIT_SCADA,1,"2019/09/04 20:15:00",MP1,220.825010
D,DISPATCH,UNIT_SCADA,1,"2019/09/04 20:15:00",MP2,0
D,DISPATCH,UNIT_SCADA,1,"2019/09/04 20:15:00",MPP_1,423.50
D,DISPATCH,UNIT_SCADA,1,"2019/09/04 20:15:00",MPP_2,434.75
D,DISPATCH,UNIT_SCADA,1,"2019/09/04 20:15:00",MSTUART1,0
D,DISPATCH,UNIT_SCADA,1,"2019/09/04 20:15:00",MSTUART2,0
D,DISPATCH,UNIT_SCADA,1,"2019/09/04 20:15:00",MSTUART3,0
D,DISPATCH,UNIT_SCADA,1,"2019/09/04 20:15:00",MTGELWF1,-0.366220
D,DISPATCH,UNIT_SCADA,1,"2019/09/04 20:15:00",MURRAY,863.272030
D,DISPATCH,UNIT_SCADA,1,"2019/09/04 20:15:00",MUSSELR1,161.70
D,DISPATCH,UNIT_SCADA,1,"2019/09/04 20:15:00",MUWAWF1,-0.03
D,DISPATCH,UNIT_SCADA,1,"2019/09/04 20:15:00",NBHWF1,29
D,DISPATCH,UNIT_SCADA,1,"2019/09/04 20:15:00",NPS,301.50
D,DISPATCH,UNIT_SCADA,1,"2019/09/04 20:15:00",NUMURSF1,0
D,DISPATCH,UNIT_SCADA,1,"2019/09/04 20:15:00",NYNGAN1,0
D,DISPATCH,UNIT_SCADA,1,"2019/09/04 20:15:00",OAKEY1,0
D,DISPATCH,UNIT_SCADA,1,"2019/09/04 20:15:00",OAKEY1SF,0
D,DISPATCH,UNIT_SCADA,1,"2019/09/04 20:15:00",OAKEY2,0
D,DISPATCH,UNIT_SCADA,1,"2019/09/04 20:15:00",OAKEY2SF,0
D,DISPATCH,UNIT_SCADA,1,"2019/09/04 20:15:00",OAKLAND1,-0.30
D,DISPATCH,UNIT_SCADA,1,"2019/09/04 20:15:00",OSB-AG,178.62
D,DISPATCH,UNIT_SCADA,1,"2019/09/04 20:15:00",PARSF1,0
D,DISPATCH,UNIT_SCADA,1,"2019/09/04 20:15:00",POAT110,0
D,DISPATCH,UNIT_SCADA,1,"2019/09/04 20:15:00",POAT220,1.17
D,DISPATCH,UNIT_SCADA,1,"2019/09/04 20:15:00",POR01,0
D,DISPATCH,UNIT_SCADA,1,"2019/09/04 20:15:00",POR03,0
D,DISPATCH,UNIT_SCADA,1,"2019/09/04 20:15:00",PPCCGT,478.904850
D,DISPATCH,UNIT_SCADA,1,"2019/09/04 20:15:00",PTSTAN1,0
D,DISPATCH,UNIT_SCADA,1,"2019/09/04 20:15:00",PUMP1,0
D,DISPATCH,UNIT_SCADA,1,"2019/09/04 20:15:00",PUMP2,0
D,DISPATCH,UNIT_SCADA,1,"2019/09/04 20:15:00",QPS1,29
D,DISPATCH,UNIT_SCADA,1,"2019/09/04 20:15:00",QPS2,23.40
D,DISPATCH,UNIT_SCADA,1,"2019/09/04 20:15:00",QPS3,23.10
D,DISPATCH,UNIT_SCADA,1,"2019/09/04 20:15:00",QPS4,23.50
D,DISPATCH,UNIT_SCADA,1,"2019/09/04 20:15:00",QPS5,123.54
D,DISPATCH,UNIT_SCADA,1,"2019/09/04 20:15:00",REECE1,101.420010
D,DISPATCH,UNIT_SCADA,1,"2019/09/04 20:15:00",REECE2,101.040010
D,DISPATCH,UNIT_SCADA,1,"2019/09/04 20:15:00",ROMA_7,0
D,DISPATCH,UNIT_SCADA,1,"2019/09/04 20:15:00",ROMA_8,0
D,DISPATCH,UNIT_SCADA,1,"2019/09/04 20:15:00",RRSF1,0
D,DISPATCH,UNIT_SCADA,1,"2019/09/04 20:15:00",RT_NSW1,0
D,DISPATCH,UNIT_SCADA,1,"2019/09/04 20:15:00",RT_NSW2,0
D,DISPATCH,UNIT_SCADA,1,"2019/09/04 20:15:00",RT_NSW3,0
D,DISPATCH,UNIT_SCADA,1,"2019/09/04 20:15:00",RT_NSW4,0
D,DISPATCH,UNIT_SCADA,1,"2019/09/04 20:15:00",RT_NSW5,0
D,DISPATCH,UNIT_SCADA,1,"2019/09/04 20:15:00",RT_NSW6,0
D,DISPATCH,UNIT_SCADA,1,"2019/09/04 20:15:00",RT_QLD1,0
D,DISPATCH,UNIT_SCADA,1,"2019/09/04 20:15:00",RT_SA1,0
D,DISPATCH,UNIT_SCADA,1,"2019/09/04 20:15:00",RT_SA2,0
D,DISPATCH,UNIT_SCADA,1,"2019/09/04 20:15:00",RT_SA3,0
D,DISPATCH,UNIT_SCADA,1,"2019/09/04 20:15:00",RT_SA4,0
D,DISPATCH,UNIT_SCADA,1,"2019/09/04 20:15:00",RT_SA5,0
D,DISPATCH,UNIT_SCADA,1,"2019/09/04 20:15:00",RT_SA6,0
D,DISPATCH,UNIT_SCADA,1,"2019/09/04 20:15:00",RT_TAS1,0
D,DISPATCH,UNIT_SCADA,1,"2019/09/04 20:15:00",RT_VIC1,0
D,DISPATCH,UNIT_SCADA,1,"2019/09/04 20:15:00",RT_VIC10,0
D,DISPATCH,UNIT_SCADA,1,"2019/09/04 20:15:00",RT_VIC11,0
D,DISPATCH,UNIT_SCADA,1,"2019/09/04 20:15:00",RT_VIC12,0
D,DISPATCH,UNIT_SCADA,1,"2019/09/04 20:15:00",RT_VIC2,0
D,DISPATCH,UNIT_SCADA,1,"2019/09/04 20:15:00",RT_VIC3,0
D,DISPATCH,UNIT_SCADA,1,"2019/09/04 20:15:00",RT_VIC4,0
D,DISPATCH,UNIT_SCADA,1,"2019/09/04 20:15:00",RT_VIC5,0
D,DISPATCH,UNIT_SCADA,1,"2019/09/04 20:15:00",RT_VIC6,0
D,DISPATCH,UNIT_SCADA,1,"2019/09/04 20:15:00",RT_VIC7,0
D,DISPATCH,UNIT_SCADA,1,"2019/09/04 20:15:00",RT_VIC8,0
D,DISPATCH,UNIT_SCADA,1,"2019/09/04 20:15:00",RT_VIC9,0
D,DISPATCH,UNIT_SCADA,1,"2019/09/04 20:15:00",RUGBYR1,0
D,DISPATCH,UNIT_SCADA,1,"2019/09/04 20:15:00",SALTCRK1,-0.06
D,DISPATCH,UNIT_SCADA,1,"2019/09/04 20:15:00",SAPHWF1,156.403110
D,DISPATCH,UNIT_SCADA,1,"2019/09/04 20:15:00",SHGEN,160.6311
D,DISPATCH,UNIT_SCADA,1,"2019/09/04 20:15:00",SHPUMP,0
D,DISPATCH,UNIT_SCADA,1,"2019/09/04 20:15:00",SITHE01,0.194050
D,DISPATCH,UNIT_SCADA,1,"2019/09/04 20:15:00",SMCSF1,0
D,DISPATCH,UNIT_SCADA,1,"2019/09/04 20:15:00",SNOWNTH1,0.10
D,DISPATCH,UNIT_SCADA,1,"2019/09/04 20:15:00",SNOWSTH1,0
D,DISPATCH,UNIT_SCADA,1,"2019/09/04 20:15:00",SNOWTWN1,-0.0630
D,DISPATCH,UNIT_SCADA,1,"2019/09/04 20:15:00",SNOWYP,0
D,DISPATCH,UNIT_SCADA,1,"2019/09/04 20:15:00",SNUG1,0.019440
D,DISPATCH,UNIT_SCADA,1,"2019/09/04 20:15:00",SRSF1,0
D,DISPATCH,UNIT_SCADA,1,"2019/09/04 20:15:00",STAN-1,218.774220
D,DISPATCH,UNIT_SCADA,1,"2019/09/04 20:15:00",STAN-2,358.975310
D,DISPATCH,UNIT_SCADA,1,"2019/09/04 20:15:00",STAN-3,363.679440
D,DISPATCH,UNIT_SCADA,1,"2019/09/04 20:15:00",STAN-4,362.372040
D,DISPATCH,UNIT_SCADA,1,"2019/09/04 20:15:00",STWF1,33.299990
D,DISPATCH,UNIT_SCADA,1,"2019/09/04 20:15:00",SWAN_E,0
D,DISPATCH,UNIT_SCADA,1,"2019/09/04 20:15:00",TALWA1,415
D,DISPATCH,UNIT_SCADA,1,"2019/09/04 20:15:00",TARALGA1,72.112490
D,DISPATCH,UNIT_SCADA,1,"2019/09/04 20:15:00",TARONG#1,346.200010
D,DISPATCH,UNIT_SCADA,1,"2019/09/04 20:15:00",TARONG#2,0
D,DISPATCH,UNIT_SCADA,1,"2019/09/04 20:15:00",TARONG#3,349.600010
D,DISPATCH,UNIT_SCADA,1,"2019/09/04 20:15:00",TARONG#4,348.700010
D,DISPATCH,UNIT_SCADA,1,"2019/09/04 20:15:00",TARRALEA,70.90
D,DISPATCH,UNIT_SCADA,1,"2019/09/04 20:15:00",TBSF1,-0.20
D,DISPATCH,UNIT_SCADA,1,"2019/09/04 20:15:00",TNPS1,379.300020
D,DISPATCH,UNIT_SCADA,1,"2019/09/04 20:15:00",TORRA1,111.650070
D,DISPATCH,UNIT_SCADA,1,"2019/09/04 20:15:00",TORRA2,0
D,DISPATCH,UNIT_SCADA,1,"2019/09/04 20:15:00",TORRA3,0
D,DISPATCH,UNIT_SCADA,1,"2019/09/04 20:15:00",TORRA4,104.307880
D,DISPATCH,UNIT_SCADA,1,"2019/09/04 20:15:00",TORRB1,182.55
D,DISPATCH,UNIT_SCADA,1,"2019/09/04 20:15:00",TORRB2,182.88
D,DISPATCH,UNIT_SCADA,1,"2019/09/04 20:15:00",TORRB3,181.31
D,DISPATCH,UNIT_SCADA,1,"2019/09/04 20:15:00",TORRB4,0
D,DISPATCH,UNIT_SCADA,1,"2019/09/04 20:15:00",TREVALLN,43.870010
D,DISPATCH,UNIT_SCADA,1,"2019/09/04 20:15:00",TRIBUTE,0
D,DISPATCH,UNIT_SCADA,1,"2019/09/04 20:15:00",TUMUT3,0
D,DISPATCH,UNIT_SCADA,1,"2019/09/04 20:15:00",TUNGATIN,122.640020
D,DISPATCH,UNIT_SCADA,1,"2019/09/04 20:15:00",TVCC201,0
D,DISPATCH,UNIT_SCADA,1,"2019/09/04 20:15:00",TVPP104,0
D,DISPATCH,UNIT_SCADA,1,"2019/09/04 20:15:00",UPPTUMUT,0
D,DISPATCH,UNIT_SCADA,1,"2019/09/04 20:15:00",URANQ11,0
D,DISPATCH,UNIT_SCADA,1,"2019/09/04 20:15:00",URANQ12,0
D,DISPATCH,UNIT_SCADA,1,"2019/09/04 20:15:00",URANQ13,0
D,DISPATCH,UNIT_SCADA,1,"2019/09/04 20:15:00",URANQ14,0
D,DISPATCH,UNIT_SCADA,1,"2019/09/04 20:15:00",VP5,626.474980
D,DISPATCH,UNIT_SCADA,1,"2019/09/04 20:15:00",VP6,0
D,DISPATCH,UNIT_SCADA,1,"2019/09/04 20:15:00",VPGS1,0
D,DISPATCH,UNIT_SCADA,1,"2019/09/04 20:15:00",VPGS2,0
D,DISPATCH,UNIT_SCADA,1,"2019/09/04 20:15:00",VPGS3,0
D,DISPATCH,UNIT_SCADA,1,"2019/09/04 20:15:00",VPGS4,0
D,DISPATCH,UNIT_SCADA,1,"2019/09/04 20:15:00",VPGS5,0
D,DISPATCH,UNIT_SCADA,1,"2019/09/04 20:15:00",VPGS6,0
D,DISPATCH,UNIT_SCADA,1,"2019/09/04 20:15:00",W/HOE#1,0
D,DISPATCH,UNIT_SCADA,1,"2019/09/04 20:15:00",W/HOE#2,0
D,DISPATCH,UNIT_SCADA,1,"2019/09/04 20:15:00",WATERLWF,-0.40
D,DISPATCH,UNIT_SCADA,1,"2019/09/04 20:15:00",WEMENSF1,0
D,DISPATCH,UNIT_SCADA,1,"2019/09/04 20:15:00",WGWF1,34.10
D,DISPATCH,UNIT_SCADA,1,"2019/09/04 20:15:00",WHITSF1,0
D,DISPATCH,UNIT_SCADA,1,"2019/09/04 20:15:00",WKIEWA1,14
D,DISPATCH,UNIT_SCADA,1,"2019/09/04 20:15:00",WKIEWA2,14.10
D,DISPATCH,UNIT_SCADA,1,"2019/09/04 20:15:00",WOODLWN1,28.718990
D,DISPATCH,UNIT_SCADA,1,"2019/09/04 20:15:00",WRSF1,0
D,DISPATCH,UNIT_SCADA,1,"2019/09/04 20:15:00",WRWF1,53.38
D,DISPATCH,UNIT_SCADA,1,"2019/09/04 20:15:00",YABULU,160.560010
D,DISPATCH,UNIT_SCADA,1,"2019/09/04 20:15:00",YABULU2,0
D,DISPATCH,UNIT_SCADA,1,"2019/09/04 20:15:00",YARWUN_1,159.70
D,DISPATCH,UNIT_SCADA,1,"2019/09/04 20:15:00",YENDWF1,-1.42
D,DISPATCH,UNIT_SCADA,1,"2019/09/04 20:15:00",YWPS1,377.443020
D,DISPATCH,UNIT_SCADA,1,"2019/09/04 20:15:00",YWPS2,276.187350
D,DISPATCH,UNIT_SCADA,1,"2019/09/04 20:15:00",YWPS3,0
D,DISPATCH,UNIT_SCADA,1,"2019/09/04 20:15:00",YWPS4,384.511380
C,"END OF REPORT",335
