C,NEMP.WORLD,DISPATCHSCADA,AEMO,PUBLIC,2019/09/06,08:55:10,0000000312454636,DISPATCHSCADA,0000000312454630
I,DISPATCH,UNIT_SCADA,1,SETTLEMENTDATE,DUID,SCADAVALUE
D,DISPATCH,UNIT_SCADA,1,"2019/09/06 09:00:00",BARCSF1,8.900001
D,DISPATCH,UNIT_SCADA,1,"2019/09/06 09:00:00",BUTLERSG,10.199999
D,DISPATCH,UNIT_SCADA,1,"2019/09/06 09:00:00",CALL_A_4,0
D,DISPATCH,UNIT_SCADA,1,"2019/09/06 09:00:00",CAPTL_WF,1.900002
D,DISPATCH,UNIT_SCADA,1,"2019/09/06 09:00:00",CATHROCK,0
D,DISPATCH,UNIT_SCADA,1,"2019/09/06 09:00:00",CHALLHWF,41.199997
D,DISPATCH,UNIT_SCADA,1,"2019/09/06 09:00:00",CLOVER,0
D,DISPATCH,UNIT_SCADA,1,"2019/09/06 09:00:00",CLUNY,18.626230
D,DISPATCH,UNIT_SCADA,1,"2019/09/06 09:00:00",CNUNDAWF,6.908059
D,DISPATCH,UNIT_SCADA,1,"2019/09/06 09:00:00",CULLRGWF,5.01
D,DISPATCH,UNIT_SCADA,1,"2019/09/06 09:00:00",ERGT01,0
D,DISPATCH,UNIT_SCADA,1,"2019/09/06 09:00:00",GB01,0.007847
D,DISPATCH,UNIT_SCADA,1,"2019/09/06 09:00:00",GERMCRK,32.599998
D,DISPATCH,UNIT_SCADA,1,"2019/09/06 09:00:00",GRIFSF1,3.50
D,DISPATCH,UNIT_SCADA,1,"2019/09/06 09:00:00",HUGSF1,8.9860
D,DISPATCH,UNIT_SCADA,1,"2019/09/06 09:00:00",LKBONNY1,32.776535
D,DISPATCH,UNIT_SCADA,1,"2019/09/06 09:00:00",LRSF1,12.1750
D,DISPATCH,UNIT_SCADA,1,"2019/09/06 09:00:00",MBAHNTH,50.343750
D,DISPATCH,UNIT_SCADA,1,"2019/09/06 09:00:00",MLSP1,8.244001
D,DISPATCH,UNIT_SCADA,1,"2019/09/06 09:00:00",MLWF1,13.62
D,DISPATCH,UNIT_SCADA,1,"2019/09/06 09:00:00",MTMILLAR,52.825871
D,DISPATCH,UNIT_SCADA,1,"2019/09/06 09:00:00",PALOONA,25.91
D,DISPATCH,UNIT_SCADA,1,"2019/09/06 09:00:00",PIONEER,45.600002
D,DISPATCH,UNIT_SCADA,1,"2019/09/06 09:00:00",PORTWF,38.50
D,DISPATCH,UNIT_SCADA,1,"2019/09/06 09:00:00",REPULSE,32.829479
D,DISPATCH,UNIT_SCADA,1,"2019/09/06 09:00:00",ROWALLAN,10.4228
D,DISPATCH,UNIT_SCADA,1,"2019/09/06 09:00:00",ROYALLA1,14.438001
D,DISPATCH,UNIT_SCADA,1,"2019/09/06 09:00:00",RPCG,12.90
D,DISPATCH,UNIT_SCADA,1,"2019/09/06 09:00:00",RUBICON,0
D,DISPATCH,UNIT_SCADA,1,"2019/09/06 09:00:00",SATGN1,0
D,DISPATCH,UNIT_SCADA,1,"2019/09/06 09:00:00",SATGS1,0
D,DISPATCH,UNIT_SCADA,1,"2019/09/06 09:00:00",STARHLWF,29.291458
D,DISPATCH,UNIT_SCADA,1,"2019/09/06 09:00:00",WAUBRAWF,63.300999
D,DISPATCH,UNIT_SCADA,1,"2019/09/06 09:00:00",WOOLNTH1,16.630016
D,DISPATCH,UNIT_SCADA,1,"2019/09/06 09:00:00",WPWF,84
D,DISPATCH,UNIT_SCADA,1,"2019/09/06 09:00:00",YAMBUKWF,11.70
D,DISPATCH,UNIT_SCADA,1,"2019/09/06 09:00:00",YSWF1,8.60
D,DISPATCH,UNIT_SCADA,1,"2019/09/06 09:00:00",AGLHAL,0
D,DISPATCH,UNIT_SCADA,1,"2019/09/06 09:00:00",AGLSOM,0
D,DISPATCH,UNIT_SCADA,1,"2019/09/06 09:00:00",ANGAST1,0
D,DISPATCH,UNIT_SCADA,1,"2019/09/06 09:00:00",ARWF1,75.90
D,DISPATCH,UNIT_SCADA,1,"2019/09/06 09:00:00",BALBG1,11.98
D,DISPATCH,UNIT_SCADA,1,"2019/09/06 09:00:00",BALBL1,0
D,DISPATCH,UNIT_SCADA,1,"2019/09/06 09:00:00",BALDHWF1,59.2930
D,DISPATCH,UNIT_SCADA,1,"2019/09/06 09:00:00",BANN1,59.95
D,DISPATCH,UNIT_SCADA,1,"2019/09/06 09:00:00",BARCALDN,0
D,DISPATCH,UNIT_SCADA,1,"2019/09/06 09:00:00",BARRON-1,26.12
D,DISPATCH,UNIT_SCADA,1,"2019/09/06 09:00:00",BARRON-2,0
D,DISPATCH,UNIT_SCADA,1,"2019/09/06 09:00:00",BASTYAN,80.500010
D,DISPATCH,UNIT_SCADA,1,"2019/09/06 09:00:00",BBTHREE1,0
D,DISPATCH,UNIT_SCADA,1,"2019/09/06 09:00:00",BBTHREE2,0
D,DISPATCH,UNIT_SCADA,1,"2019/09/06 09:00:00",BBTHREE3,0
D,DISPATCH,UNIT_SCADA,1,"2019/09/06 09:00:00",BDL01,-0.18
D,DISPATCH,UNIT_SCADA,1,"2019/09/06 09:00:00",BDL02,-0.24
D,DISPATCH,UNIT_SCADA,1,"2019/09/06 09:00:00",BERYLSF1,71.448750
D,DISPATCH,UNIT_SCADA,1,"2019/09/06 09:00:00",BLOWERNG,15.30
D,DISPATCH,UNIT_SCADA,1,"2019/09/06 09:00:00",BLUFF1,52.60
D,DISPATCH,UNIT_SCADA,1,"2019/09/06 09:00:00",BNGSF1,4.74
D,DISPATCH,UNIT_SCADA,1,"2019/09/06 09:00:00",BNGSF2,1.67
D,DISPATCH,UNIT_SCADA,1,"2019/09/06 09:00:00",BOCORWF1,104.64
D,DISPATCH,UNIT_SCADA,1,"2019/09/06 09:00:00",BODWF1,68.868640
D,DISPATCH,UNIT_SCADA,1,"2019/09/06 09:00:00",BRAEMAR1,0
D,DISPATCH,UNIT_SCADA,1,"2019/09/06 09:00:00",BRAEMAR2,0
D,DISPATCH,UNIT_SCADA,1,"2019/09/06 09:00:00",BRAEMAR3,0
D,DISPATCH,UNIT_SCADA,1,"2019/09/06 09:00:00",BRAEMAR5,152.545440
D,DISPATCH,UNIT_SCADA,1,"2019/09/06 09:00:00",BRAEMAR6,0
D,DISPATCH,UNIT_SCADA,1,"2019/09/06 09:00:00",BRAEMAR7,0
D,DISPATCH,UNIT_SCADA,1,"2019/09/06 09:00:00",BROKENH1,32.869140
D,DISPATCH,UNIT_SCADA,1,"2019/09/06 09:00:00",BW01,647
D,DISPATCH,UNIT_SCADA,1,"2019/09/06 09:00:00",BW02,638.049930
D,DISPATCH,UNIT_SCADA,1,"2019/09/06 09:00:00",BW03,639.775020
D,DISPATCH,UNIT_SCADA,1,"2019/09/06 09:00:00",BW04,0
D,DISPATCH,UNIT_SCADA,1,"2019/09/06 09:00:00",CALL_B_1,283.700010
D,DISPATCH,UNIT_SCADA,1,"2019/09/06 09:00:00",CALL_B_2,276.899990
D,DISPATCH,UNIT_SCADA,1,"2019/09/06 09:00:00",CETHANA,96.5080
D,DISPATCH,UNIT_SCADA,1,"2019/09/06 09:00:00",CG1,0
D,DISPATCH,UNIT_SCADA,1,"2019/09/06 09:00:00",CG2,0
D,DISPATCH,UNIT_SCADA,1,"2019/09/06 09:00:00",CG3,0
D,DISPATCH,UNIT_SCADA,1,"2019/09/06 09:00:00",CG4,0
D,DISPATCH,UNIT_SCADA,1,"2019/09/06 09:00:00",CHILDSF1,45.54
D,DISPATCH,UNIT_SCADA,1,"2019/09/06 09:00:00",CLARESF1,45.649920
D,DISPATCH,UNIT_SCADA,1,"2019/09/06 09:00:00",CLEMGPWF,54.602540
D,DISPATCH,UNIT_SCADA,1,"2019/09/06 09:00:00",CLERMSF1,14.68
D,DISPATCH,UNIT_SCADA,1,"2019/09/06 09:00:00",COLEASF1,20.90
D,DISPATCH,UNIT_SCADA,1,"2019/09/06 09:00:00",COOPGWF1,22.939350
D,DISPATCH,UNIT_SCADA,1,"2019/09/06 09:00:00",CPP_3,322.024990
D,DISPATCH,UNIT_SCADA,1,"2019/09/06 09:00:00",CPP_4,325.050020
D,DISPATCH,UNIT_SCADA,1,"2019/09/06 09:00:00",CPSA,121.6450
D,DISPATCH,UNIT_SCADA,1,"2019/09/06 09:00:00",CROOKWF2,73.363740
D,DISPATCH,UNIT_SCADA,1,"2019/09/06 09:00:00",CROWLWF1,44.392450
D,DISPATCH,UNIT_SCADA,1,"2019/09/06 09:00:00",CSPVPS1,24.7990
D,DISPATCH,UNIT_SCADA,1,"2019/09/06 09:00:00",DALNTH01,0.019840
D,DISPATCH,UNIT_SCADA,1,"2019/09/06 09:00:00",DALNTHL1,0
D,DISPATCH,UNIT_SCADA,1,"2019/09/06 09:00:00",DARTM1,133.70
D,DISPATCH,UNIT_SCADA,1,"2019/09/06 09:00:00",DAYDSF1,114.3430
D,DISPATCH,UNIT_SCADA,1,"2019/09/06 09:00:00",DDPS1,0
D,DISPATCH,UNIT_SCADA,1,"2019/09/06 09:00:00",DDSF1,83.525630
D,DISPATCH,UNIT_SCADA,1,"2019/09/06 09:00:00",DEVILS_G,63.600570
D,DISPATCH,UNIT_SCADA,1,"2019/09/06 09:00:00",DG_NSW1,0
D,DISPATCH,UNIT_SCADA,1,"2019/09/06 09:00:00",DG_QLD1,0
D,DISPATCH,UNIT_SCADA,1,"2019/09/06 09:00:00",DG_SA1,0
D,DISPATCH,UNIT_SCADA,1,"2019/09/06 09:00:00",DG_TAS1,0
D,DISPATCH,UNIT_SCADA,1,"2019/09/06 09:00:00",DG_VIC1,0
D,DISPATCH,UNIT_SCADA,1,"2019/09/06 09:00:00",DRYCGT1,0
D,DISPATCH,UNIT_SCADA,1,"2019/09/06 09:00:00",DRYCGT2,0
D,DISPATCH,UNIT_SCADA,1,"2019/09/06 09:00:00",DRYCGT3,0
D,DISPATCH,UNIT_SCADA,1,"2019/09/06 09:00:00",EILDON1,0
D,DISPATCH,UNIT_SCADA,1,"2019/09/06 09:00:00",EILDON2,0
D,DISPATCH,UNIT_SCADA,1,"2019/09/06 09:00:00",EMERASF1,65.11
D,DISPATCH,UNIT_SCADA,1,"2019/09/06 09:00:00",ER01,569.25
D,DISPATCH,UNIT_SCADA,1,"2019/09/06 09:00:00",ER02,676.424930
D,DISPATCH,UNIT_SCADA,1,"2019/09/06 09:00:00",ER03,0
D,DISPATCH,UNIT_SCADA,1,"2019/09/06 09:00:00",ER04,668.700070
D,DISPATCH,UNIT_SCADA,1,"2019/09/06 09:00:00",FINLYSF1,1.55
D,DISPATCH,UNIT_SCADA,1,"2019/09/06 09:00:00",FISHER,31.97
D,DISPATCH,UNIT_SCADA,1,"2019/09/06 09:00:00",GANNBG1,0.493370
D,DISPATCH,UNIT_SCADA,1,"2019/09/06 09:00:00",GANNBL1,0
D,DISPATCH,UNIT_SCADA,1,"2019/09/06 09:00:00",GANNSF1,49.20
D,DISPATCH,UNIT_SCADA,1,"2019/09/06 09:00:00",GORDON,24.413760
D,DISPATCH,UNIT_SCADA,1,"2019/09/06 09:00:00",GSTONE1,136.149990
D,DISPATCH,UNIT_SCADA,1,"2019/09/06 09:00:00",GSTONE2,110.7750
D,DISPATCH,UNIT_SCADA,1,"2019/09/06 09:00:00",GSTONE3,0
D,DISPATCH,UNIT_SCADA,1,"2019/09/06 09:00:00",GSTONE4,138.25
D,DISPATCH,UNIT_SCADA,1,"2019/09/06 09:00:00",GSTONE5,137.55
D,DISPATCH,UNIT_SCADA,1,"2019/09/06 09:00:00",GSTONE6,139.1250
D,DISPATCH,UNIT_SCADA,1,"2019/09/06 09:00:00",GULLRSF1,3.358610
D,DISPATCH,UNIT_SCADA,1,"2019/09/06 09:00:00",GULLRWF1,84.569610
D,DISPATCH,UNIT_SCADA,1,"2019/09/06 09:00:00",GUNNING1,27.779690
D,DISPATCH,UNIT_SCADA,1,"2019/09/06 09:00:00",GUTHEGA,0
D,DISPATCH,UNIT_SCADA,1,"2019/09/06 09:00:00",HALLWF1,91.37
D,DISPATCH,UNIT_SCADA,1,"2019/09/06 09:00:00",HALLWF2,60.26
D,DISPATCH,UNIT_SCADA,1,"2019/09/06 09:00:00",HAMISF1,45.60
D,DISPATCH,UNIT_SCADA,1,"2019/09/06 09:00:00",HAUGHT11,0
D,DISPATCH,UNIT_SCADA,1,"2019/09/06 09:00:00",HAYMSF1,0
D,DISPATCH,UNIT_SCADA,1,"2019/09/06 09:00:00",HDWF1,99.40
D,DISPATCH,UNIT_SCADA,1,"2019/09/06 09:00:00",HDWF2,97.10
D,DISPATCH,UNIT_SCADA,1,"2019/09/06 09:00:00",HDWF3,108.40
D,DISPATCH,UNIT_SCADA,1,"2019/09/06 09:00:00",HPRG1,0.30
D,DISPATCH,UNIT_SCADA,1,"2019/09/06 09:00:00",HPRL1,0
D,DISPATCH,UNIT_SCADA,1,"2019/09/06 09:00:00",HUMENSW,0
D,DISPATCH,UNIT_SCADA,1,"2019/09/06 09:00:00",HUMEV,24.30
D,DISPATCH,UNIT_SCADA,1,"2019/09/06 09:00:00",HVGTS,0
D,DISPATCH,UNIT_SCADA,1,"2019/09/06 09:00:00",JBUTTERS,115.92
D,DISPATCH,UNIT_SCADA,1,"2019/09/06 09:00:00",JLA01,0.10
D,DISPATCH,UNIT_SCADA,1,"2019/09/06 09:00:00",JLA02,0
D,DISPATCH,UNIT_SCADA,1,"2019/09/06 09:00:00",JLA03,0
D,DISPATCH,UNIT_SCADA,1,"2019/09/06 09:00:00",JLA04,0
D,DISPATCH,UNIT_SCADA,1,"2019/09/06 09:00:00",JLB01,0
D,DISPATCH,UNIT_SCADA,1,"2019/09/06 09:00:00",JLB02,0.10
D,DISPATCH,UNIT_SCADA,1,"2019/09/06 09:00:00",JLB03,0
D,DISPATCH,UNIT_SCADA,1,"2019/09/06 09:00:00",KAREEYA1,21.5350
D,DISPATCH,UNIT_SCADA,1,"2019/09/06 09:00:00",KAREEYA2,21.75
D,DISPATCH,UNIT_SCADA,1,"2019/09/06 09:00:00",KAREEYA3,0
D,DISPATCH,UNIT_SCADA,1,"2019/09/06 09:00:00",KAREEYA4,21.61
D,DISPATCH,UNIT_SCADA,1,"2019/09/06 09:00:00",KARSF1,13.70
D,DISPATCH,UNIT_SCADA,1,"2019/09/06 09:00:00",KIATAWF1,11.60
D,DISPATCH,UNIT_SCADA,1,"2019/09/06 09:00:00",KPP_1,0
D,DISPATCH,UNIT_SCADA,1,"2019/09/06 09:00:00",KSP1,45.99
D,DISPATCH,UNIT_SCADA,1,"2019/09/06 09:00:00",LADBROK1,0
D,DISPATCH,UNIT_SCADA,1,"2019/09/06 09:00:00",LADBROK2,0
D,DISPATCH,UNIT_SCADA,1,"2019/09/06 09:00:00",LD01,377.850040
D,DISPATCH,UNIT_SCADA,1,"2019/09/06 09:00:00",LD02,381.243710
D,DISPATCH,UNIT_SCADA,1,"2019/09/06 09:00:00",LD03,374.118680
D,DISPATCH,UNIT_SCADA,1,"2019/09/06 09:00:00",LD04,378.225070
D,DISPATCH,UNIT_SCADA,1,"2019/09/06 09:00:00",LEM_WIL,84.851490
D,DISPATCH,UNIT_SCADA,1,"2019/09/06 09:00:00",LGAPWF1,34.46
D,DISPATCH,UNIT_SCADA,1,"2019/09/06 09:00:00",LILYSF1,0
D,DISPATCH,UNIT_SCADA,1,"2019/09/06 09:00:00",LI_WY_CA,142.403850
D,DISPATCH,UNIT_SCADA,1,"2019/09/06 09:00:00",LKBONNY2,15.897450
D,DISPATCH,UNIT_SCADA,1,"2019/09/06 09:00:00",LKBONNY3,0.167470
D,DISPATCH,UNIT_SCADA,1,"2019/09/06 09:00:00",LK_ECHO,0
D,DISPATCH,UNIT_SCADA,1,"2019/09/06 09:00:00",LNGS1,0
D,DISPATCH,UNIT_SCADA,1,"2019/09/06 09:00:00",LNGS2,0
D,DISPATCH,UNIT_SCADA,1,"2019/09/06 09:00:00",LONSDALE,0
D,DISPATCH,UNIT_SCADA,1,"2019/09/06 09:00:00",LOYYB1,535.712650
D,DISPATCH,UNIT_SCADA,1,"2019/09/06 09:00:00",LOYYB2,581.578490
D,DISPATCH,UNIT_SCADA,1,"2019/09/06 09:00:00",LYA1,0
D,DISPATCH,UNIT_SCADA,1,"2019/09/06 09:00:00",LYA2,0
D,DISPATCH,UNIT_SCADA,1,"2019/09/06 09:00:00",LYA3,560
D,DISPATCH,UNIT_SCADA,1,"2019/09/06 09:00:00",LYA4,540
D,DISPATCH,UNIT_SCADA,1,"2019/09/06 09:00:00",MACARTH1,117.1973
D,DISPATCH,UNIT_SCADA,1,"2019/09/06 09:00:00",MACKAYGT,0.2240
D,DISPATCH,UNIT_SCADA,1,"2019/09/06 09:00:00",MACKNTSH,88.360010
D,DISPATCH,UNIT_SCADA,1,"2019/09/06 09:00:00",MANSLR1,38.2050
D,DISPATCH,UNIT_SCADA,1,"2019/09/06 09:00:00",MCKAY1,-0.0350
D,DISPATCH,UNIT_SCADA,1,"2019/09/06 09:00:00",MEADOWBK,33.781560
D,DISPATCH,UNIT_SCADA,1,"2019/09/06 09:00:00",MERCER01,28.2270
D,DISPATCH,UNIT_SCADA,1,"2019/09/06 09:00:00",MEWF1,53.585920
D,DISPATCH,UNIT_SCADA,1,"2019/09/06 09:00:00",MINTARO,0
D,DISPATCH,UNIT_SCADA,1,"2019/09/06 09:00:00",MOREESF1,52.87
D,DISPATCH,UNIT_SCADA,1,"2019/09/06 09:00:00",MORTLK11,260
D,DISPATCH,UNIT_SCADA,1,"2019/09/06 09:00:00",MORTLK12,0
D,DISPATCH,UNIT_SCADA,1,"2019/09/06 09:00:00",MP1,217.049990
D,DISPATCH,UNIT_SCADA,1,"2019/09/06 09:00:00",MP2,0
D,DISPATCH,UNIT_SCADA,1,"2019/09/06 09:00:00",MPP_1,410.75
D,DISPATCH,UNIT_SCADA,1,"2019/09/06 09:00:00",MPP_2,435.25
D,DISPATCH,UNIT_SCADA,1,"2019/09/06 09:00:00",MSTUART1,0
D,DISPATCH,UNIT_SCADA,1,"2019/09/06 09:00:00",MSTUART2,0
D,DISPATCH,UNIT_SCADA,1,"2019/09/06 09:00:00",MSTUART3,0
D,DISPATCH,UNIT_SCADA,1,"2019/09/06 09:00:00",MTGELWF1,8.4933
D,DISPATCH,UNIT_SCADA,1,"2019/09/06 09:00:00",MURRAY,0
D,DISPATCH,UNIT_SCADA,1,"2019/09/06 09:00:00",MUSSELR1,164.20
D,DISPATCH,UNIT_SCADA,1,"2019/09/06 09:00:00",MUWAWF1,72.26
D,DISPATCH,UNIT_SCADA,1,"2019/09/06 09:00:00",NBHWF1,118.70
D,DISPATCH,UNIT_SCADA,1,"2019/09/06 09:00:00",NPS,0
D,DISPATCH,UNIT_SCADA,1,"2019/09/06 09:00:00",NUMURSF1,3.28
D,DISPATCH,UNIT_SCADA,1,"2019/09/06 09:00:00",NYNGAN1,69.75
D,DISPATCH,UNIT_SCADA,1,"2019/09/06 09:00:00",OAKEY1,0
D,DISPATCH,UNIT_SCADA,1,"2019/09/06 09:00:00",OAKEY1SF,22.56
D,DISPATCH,UNIT_SCADA,1,"2019/09/06 09:00:00",OAKEY2,0
D,DISPATCH,UNIT_SCADA,1,"2019/09/06 09:00:00",OAKEY2SF,0
D,DISPATCH,UNIT_SCADA,1,"2019/09/06 09:00:00",OAKLAND1,14.30
D,DISPATCH,UNIT_SCADA,1,"2019/09/06 09:00:00",OSB-AG,0
D,DISPATCH,UNIT_SCADA,1,"2019/09/06 09:00:00",PARSF1,49.30
D,DISPATCH,UNIT_SCADA,1,"2019/09/06 09:00:00",POAT110,0
D,DISPATCH,UNIT_SCADA,1,"2019/09/06 09:00:00",POAT220,0.60
D,DISPATCH,UNIT_SCADA,1,"2019/09/06 09:00:00",POR01,0
D,DISPATCH,UNIT_SCADA,1,"2019/09/06 09:00:00",POR03,0
D,DISPATCH,UNIT_SCADA,1,"2019/09/06 09:00:00",PPCCGT,176.236620
D,DISPATCH,UNIT_SCADA,1,"2019/09/06 09:00:00",PTSTAN1,0
D,DISPATCH,UNIT_SCADA,1,"2019/09/06 09:00:00",PUMP1,0
D,DISPATCH,UNIT_SCADA,1,"2019/09/06 09:00:00",PUMP2,0
D,DISPATCH,UNIT_SCADA,1,"2019/09/06 09:00:00",QPS1,29
D,DISPATCH,UNIT_SCADA,1,"2019/09/06 09:00:00",QPS2,0
D,DISPATCH,UNIT_SCADA,1,"2019/09/06 09:00:00",QPS3,0
D,DISPATCH,UNIT_SCADA,1,"2019/09/06 09:00:00",QPS4,0
D,DISPATCH,UNIT_SCADA,1,"2019/09/06 09:00:00",QPS5,0
D,DISPATCH,UNIT_SCADA,1,"2019/09/06 09:00:00",REECE1,100.98
D,DISPATCH,UNIT_SCADA,1,"2019/09/06 09:00:00",REECE2,101.350010
D,DISPATCH,UNIT_SCADA,1,"2019/09/06 09:00:00",ROMA_7,0
D,DISPATCH,UNIT_SCADA,1,"2019/09/06 09:00:00",ROMA_8,0
D,DISPATCH,UNIT_SCADA,1,"2019/09/06 09:00:00",RRSF1,107.540640
D,DISPATCH,UNIT_SCADA,1,"2019/09/06 09:00:00",RT_NSW1,0
D,DISPATCH,UNIT_SCADA,1,"2019/09/06 09:00:00",RT_NSW2,0
D,DISPATCH,UNIT_SCADA,1,"2019/09/06 09:00:00",RT_NSW3,0
D,DISPATCH,UNIT_SCADA,1,"2019/09/06 09:00:00",RT_NSW4,0
D,DISPATCH,UNIT_SCADA,1,"2019/09/06 09:00:00",RT_NSW5,0
D,DISPATCH,UNIT_SCADA,1,"2019/09/06 09:00:00",RT_NSW6,0
D,DISPATCH,UNIT_SCADA,1,"2019/09/06 09:00:00",RT_QLD1,0
D,DISPATCH,UNIT_SCADA,1,"2019/09/06 09:00:00",RT_SA1,0
D,DISPATCH,UNIT_SCADA,1,"2019/09/06 09:00:00",RT_SA2,0
D,DISPATCH,UNIT_SCADA,1,"2019/09/06 09:00:00",RT_SA3,0
D,DISPATCH,UNIT_SCADA,1,"2019/09/06 09:00:00",RT_SA4,0
D,DISPATCH,UNIT_SCADA,1,"2019/09/06 09:00:00",RT_SA5,0
D,DISPATCH,UNIT_SCADA,1,"2019/09/06 09:00:00",RT_SA6,0
D,DISPATCH,UNIT_SCADA,1,"2019/09/06 09:00:00",RT_TAS1,0
D,DISPATCH,UNIT_SCADA,1,"2019/09/06 09:00:00",RT_VIC1,0
D,DISPATCH,UNIT_SCADA,1,"2019/09/06 09:00:00",RT_VIC10,0
D,DISPATCH,UNIT_SCADA,1,"2019/09/06 09:00:00",RT_VIC11,0
D,DISPATCH,UNIT_SCADA,1,"2019/09/06 09:00:00",RT_VIC12,0
D,DISPATCH,UNIT_SCADA,1,"2019/09/06 09:00:00",RT_VIC2,0
D,DISPATCH,UNIT_SCADA,1,"2019/09/06 09:00:00",RT_VIC3,0
D,DISPATCH,UNIT_SCADA,1,"2019/09/06 09:00:00",RT_VIC4,0
D,DISPATCH,UNIT_SCADA,1,"2019/09/06 09:00:00",RT_VIC5,0
D,DISPATCH,UNIT_SCADA,1,"2019/09/06 09:00:00",RT_VIC6,0
D,DISPATCH,UNIT_SCADA,1,"2019/09/06 09:00:00",RT_VIC7,0
D,DISPATCH,UNIT_SCADA,1,"2019/09/06 09:00:00",RT_VIC8,0
D,DISPATCH,UNIT_SCADA,1,"2019/09/06 09:00:00",RT_VIC9,0
D,DISPATCH,UNIT_SCADA,1,"2019/09/06 09:00:00",RUGBYR1,64.374790
D,DISPATCH,UNIT_SCADA,1,"2019/09/06 09:00:00",SALTCRK1,13.86
D,DISPATCH,UNIT_SCADA,1,"2019/09/06 09:00:00",SAPHWF1,79.218750
D,DISPATCH,UNIT_SCADA,1,"2019/09/06 09:00:00",SHGEN,0
D,DISPATCH,UNIT_SCADA,1,"2019/09/06 09:00:00",SHPUMP,0
D,DISPATCH,UNIT_SCADA,1,"2019/09/06 09:00:00",SITHE01,0.224190
D,DISPATCH,UNIT_SCADA,1,"2019/09/06 09:00:00",SMCSF1,61.398690
D,DISPATCH,UNIT_SCADA,1,"2019/09/06 09:00:00",SNOWNTH1,132.80
D,DISPATCH,UNIT_SCADA,1,"2019/09/06 09:00:00",SNOWSTH1,116.80
D,DISPATCH,UNIT_SCADA,1,"2019/09/06 09:00:00",SNOWTWN1,87.358790
D,DISPATCH,UNIT_SCADA,1,"2019/09/06 09:00:00",SNOWYP,0
D,DISPATCH,UNIT_SCADA,1,"2019/09/06 09:00:00",SNUG1,0.019440
D,DISPATCH,UNIT_SCADA,1,"2019/09/06 09:00:00",SRSF1,70.52
D,DISPATCH,UNIT_SCADA,1,"2019/09/06 09:00:00",STAN-1,245.601870
D,DISPATCH,UNIT_SCADA,1,"2019/09/06 09:00:00",STAN-2,306.1788
D,DISPATCH,UNIT_SCADA,1,"2019/09/06 09:00:00",STAN-3,306.089050
D,DISPATCH,UNIT_SCADA,1,"2019/09/06 09:00:00",STAN-4,303.012790
D,DISPATCH,UNIT_SCADA,1,"2019/09/06 09:00:00",STWF1,0
D,DISPATCH,UNIT_SCADA,1,"2019/09/06 09:00:00",SWAN_E,0
D,DISPATCH,UNIT_SCADA,1,"2019/09/06 09:00:00",TALWA1,379
D,DISPATCH,UNIT_SCADA,1,"2019/09/06 09:00:00",TARALGA1,17.2425
D,DISPATCH,UNIT_SCADA,1,"2019/09/06 09:00:00",TARONG#1,349.50
D,DISPATCH,UNIT_SCADA,1,"2019/09/06 09:00:00",TARONG#2,0
D,DISPATCH,UNIT_SCADA,1,"2019/09/06 09:00:00",TARONG#3,280.200010
D,DISPATCH,UNIT_SCADA,1,"2019/09/06 09:00:00",TARONG#4,349.100010
D,DISPATCH,UNIT_SCADA,1,"2019/09/06 09:00:00",TARRALEA,73.90
D,DISPATCH,UNIT_SCADA,1,"2019/09/06 09:00:00",TBSF1,15.70
D,DISPATCH,UNIT_SCADA,1,"2019/09/06 09:00:00",TNPS1,399.700010
D,DISPATCH,UNIT_SCADA,1,"2019/09/06 09:00:00",TORRA1,42.259850
D,DISPATCH,UNIT_SCADA,1,"2019/09/06 09:00:00",TORRA2,0
D,DISPATCH,UNIT_SCADA,1,"2019/09/06 09:00:00",TORRA3,0
D,DISPATCH,UNIT_SCADA,1,"2019/09/06 09:00:00",TORRA4,41.741830
D,DISPATCH,UNIT_SCADA,1,"2019/09/06 09:00:00",TORRB1,77.03
D,DISPATCH,UNIT_SCADA,1,"2019/09/06 09:00:00",TORRB2,77.39
D,DISPATCH,UNIT_SCADA,1,"2019/09/06 09:00:00",TORRB3,78.50
D,DISPATCH,UNIT_SCADA,1,"2019/09/06 09:00:00",TORRB4,0
D,DISPATCH,UNIT_SCADA,1,"2019/09/06 09:00:00",TREVALLN,66.970020
D,DISPATCH,UNIT_SCADA,1,"2019/09/06 09:00:00",TRIBUTE,0
D,DISPATCH,UNIT_SCADA,1,"2019/09/06 09:00:00",TUMUT3,0
D,DISPATCH,UNIT_SCADA,1,"2019/09/06 09:00:00",TUNGATIN,85.260030
D,DISPATCH,UNIT_SCADA,1,"2019/09/06 09:00:00",TVCC201,0
D,DISPATCH,UNIT_SCADA,1,"2019/09/06 09:00:00",TVPP104,0
D,DISPATCH,UNIT_SCADA,1,"2019/09/06 09:00:00",UPPTUMUT,159.398860
D,DISPATCH,UNIT_SCADA,1,"2019/09/06 09:00:00",URANQ11,0
D,DISPATCH,UNIT_SCADA,1,"2019/09/06 09:00:00",URANQ12,0
D,DISPATCH,UNIT_SCADA,1,"2019/09/06 09:00:00",URANQ13,0
D,DISPATCH,UNIT_SCADA,1,"2019/09/06 09:00:00",URANQ14,0
D,DISPATCH,UNIT_SCADA,1,"2019/09/06 09:00:00",VP5,533.1250
D,DISPATCH,UNIT_SCADA,1,"2019/09/06 09:00:00",VP6,0
D,DISPATCH,UNIT_SCADA,1,"2019/09/06 09:00:00",VPGS1,0
D,DISPATCH,UNIT_SCADA,1,"2019/09/06 09:00:00",VPGS2,0
D,DISPATCH,UNIT_SCADA,1,"2019/09/06 09:00:00",VPGS3,0
D,DISPATCH,UNIT_SCADA,1,"2019/09/06 09:00:00",VPGS4,0
D,DISPATCH,UNIT_SCADA,1,"2019/09/06 09:00:00",VPGS5,0
D,DISPATCH,UNIT_SCADA,1,"2019/09/06 09:00:00",VPGS6,0
D,DISPATCH,UNIT_SCADA,1,"2019/09/06 09:00:00",W/HOE#1,0
D,DISPATCH,UNIT_SCADA,1,"2019/09/06 09:00:00",W/HOE#2,0
D,DISPATCH,UNIT_SCADA,1,"2019/09/06 09:00:00",WATERLWF,103.20
D,DISPATCH,UNIT_SCADA,1,"2019/09/06 09:00:00",WEMENSF1,34.80
D,DISPATCH,UNIT_SCADA,1,"2019/09/06 09:00:00",WGWF1,79.30
D,DISPATCH,UNIT_SCADA,1,"2019/09/06 09:00:00",WHITSF1,42.30
D,DISPATCH,UNIT_SCADA,1,"2019/09/06 09:00:00",WKIEWA1,33.10
D,DISPATCH,UNIT_SCADA,1,"2019/09/06 09:00:00",WKIEWA2,0.10
D,DISPATCH,UNIT_SCADA,1,"2019/09/06 09:00:00",WOODLWN1,7.1460
D,DISPATCH,UNIT_SCADA,1,"2019/09/06 09:00:00",WRSF1,14.10
D,DISPATCH,UNIT_SCADA,1,"2019/09/06 09:00:00",WRWF1,22.1250
D,DISPATCH,UNIT_SCADA,1,"2019/09/06 09:00:00",YABULU,0
D,DISPATCH,UNIT_SCADA,1,"2019/09/06 09:00:00",YABULU2,0
D,DISPATCH,UNIT_SCADA,1,"2019/09/06 09:00:00",YARWUN_1,144.649990
D,DISPATCH,UNIT_SCADA,1,"2019/09/06 09:00:00",YENDWF1,42.10
D,DISPATCH,UNIT_SCADA,1,"2019/09/06 09:00:00",YWPS1,378.6962
D,DISPATCH,UNIT_SCADA,1,"2019/09/06 09:00:00",YWPS2,274.432920
D,DISPATCH,UNIT_SCADA,1,"2019/09/06 09:00:00",YWPS3,327.491150
D,DISPATCH,UNIT_SCADA,1,"2019/09/06 09:00:00",YWPS4,396.931640
C,"END OF REPORT",335
