C,NEMP.WORLD,DISPATCHSCADA,AEMO,PUBLIC,2019/08/22,03:05:15,0000000311850564,DISPATCHSCADA,0000000311850558
I,DISPATCH,UNIT_SCADA,1,SETTLEMENTDATE,DUID,SCADAVALUE
D,DISPATCH,UNIT_SCADA,1,"2019/08/22 03:10:00",BARCSF1,0.70
D,DISPATCH,UNIT_SCADA,1,"2019/08/22 03:10:00",BUTLERSG,9.699999
D,DISPATCH,UNIT_SCADA,1,"2019/08/22 03:10:00",CALL_A_4,0
D,DISPATCH,UNIT_SCADA,1,"2019/08/22 03:10:00",CAPTL_WF,128.648010
D,DISPATCH,UNIT_SCADA,1,"2019/08/22 03:10:00",CATHROCK,17.16
D,DISPATCH,UNIT_SCADA,1,"2019/08/22 03:10:00",CHALLHWF,43.699997
D,DISPATCH,UNIT_SCADA,1,"2019/08/22 03:10:00",CLOVER,-0.01
D,DISPATCH,UNIT_SCADA,1,"2019/08/22 03:10:00",CLUNY,19.920805
D,DISPATCH,UNIT_SCADA,1,"2019/08/22 03:10:00",CNUNDAWF,40.347069
D,DISPATCH,UNIT_SCADA,1,"2019/08/22 03:10:00",CULLRGWF,23.98
D,DISPATCH,UNIT_SCADA,1,"2019/08/22 03:10:00",ERGT01,0
D,DISPATCH,UNIT_SCADA,1,"2019/08/22 03:10:00",GB01,0.065262
D,DISPATCH,UNIT_SCADA,1,"2019/08/22 03:10:00",GERMCRK,39.200001
D,DISPATCH,UNIT_SCADA,1,"2019/08/22 03:10:00",GRIFSF1,0
D,DISPATCH,UNIT_SCADA,1,"2019/08/22 03:10:00",HUGSF1,-0.2430
D,DISPATCH,UNIT_SCADA,1,"2019/08/22 03:10:00",LKBONNY1,68.768211
D,DISPATCH,UNIT_SCADA,1,"2019/08/22 03:10:00",LRSF1,0.0390
D,DISPATCH,UNIT_SCADA,1,"2019/08/22 03:10:00",MBAHNTH,56.025009
D,DISPATCH,UNIT_SCADA,1,"2019/08/22 03:10:00",MLSP1,0.271001
D,DISPATCH,UNIT_SCADA,1,"2019/08/22 03:10:00",MLWF1,18.1050
D,DISPATCH,UNIT_SCADA,1,"2019/08/22 03:10:00",MTMILLAR,13.751544
D,DISPATCH,UNIT_SCADA,1,"2019/08/22 03:10:00",PALOONA,8.21
D,DISPATCH,UNIT_SCADA,1,"2019/08/22 03:10:00",PIONEER,47.799999
D,DISPATCH,UNIT_SCADA,1,"2019/08/22 03:10:00",PORTWF,132.300003
D,DISPATCH,UNIT_SCADA,1,"2019/08/22 03:10:00",REPULSE,0.000610
D,DISPATCH,UNIT_SCADA,1,"2019/08/22 03:10:00",ROWALLAN,10.2453
D,DISPATCH,UNIT_SCADA,1,"2019/08/22 03:10:00",ROYALLA1,0
D,DISPATCH,UNIT_SCADA,1,"2019/08/22 03:10:00",RPCG,10.80
D,DISPATCH,UNIT_SCADA,1,"2019/08/22 03:10:00",RUBICON,0
D,DISPATCH,UNIT_SCADA,1,"2019/08/22 03:10:00",SATGN1,0
D,DISPATCH,UNIT_SCADA,1,"2019/08/22 03:10:00",SATGS1,0
D,DISPATCH,UNIT_SCADA,1,"2019/08/22 03:10:00",STARHLWF,7.097930
D,DISPATCH,UNIT_SCADA,1,"2019/08/22 03:10:00",WAUBRAWF,172.662994
D,DISPATCH,UNIT_SCADA,1,"2019/08/22 03:10:00",WOOLNTH1,99.270020
D,DISPATCH,UNIT_SCADA,1,"2019/08/22 03:10:00",WPWF,64
D,DISPATCH,UNIT_SCADA,1,"2019/08/22 03:10:00",YAMBUKWF,28.40
D,DISPATCH,UNIT_SCADA,1,"2019/08/22 03:10:00",YSWF1,28.60
D,DISPATCH,UNIT_SCADA,1,"2019/08/22 03:10:00",AGLHAL,0
D,DISPATCH,UNIT_SCADA,1,"2019/08/22 03:10:00",AGLSOM,0
D,DISPATCH,UNIT_SCADA,1,"2019/08/22 03:10:00",ANGAST1,0
D,DISPATCH,UNIT_SCADA,1,"2019/08/22 03:10:00",ARWF1,221.30
D,DISPATCH,UNIT_SCADA,1,"2019/08/22 03:10:00",BALBG1,0
D,DISPATCH,UNIT_SCADA,1,"2019/08/22 03:10:00",BALBL1,22.19
D,DISPATCH,UNIT_SCADA,1,"2019/08/22 03:10:00",BALDHWF1,98.692990
D,DISPATCH,UNIT_SCADA,1,"2019/08/22 03:10:00",BANN1,0
D,DISPATCH,UNIT_SCADA,1,"2019/08/22 03:10:00",BARCALDN,0
D,DISPATCH,UNIT_SCADA,1,"2019/08/22 03:10:00",BARRON-1,0
D,DISPATCH,UNIT_SCADA,1,"2019/08/22 03:10:00",BARRON-2,25.24
D,DISPATCH,UNIT_SCADA,1,"2019/08/22 03:10:00",BASTYAN,78.33
D,DISPATCH,UNIT_SCADA,1,"2019/08/22 03:10:00",BBTHREE1,-2.01
D,DISPATCH,UNIT_SCADA,1,"2019/08/22 03:10:00",BBTHREE2,-2.03
D,DISPATCH,UNIT_SCADA,1,"2019/08/22 03:10:00",BBTHREE3,-1.11
D,DISPATCH,UNIT_SCADA,1,"2019/08/22 03:10:00",BDL01,0
D,DISPATCH,UNIT_SCADA,1,"2019/08/22 03:10:00",BDL02,0
D,DISPATCH,UNIT_SCADA,1,"2019/08/22 03:10:00",BERYLSF1,0
D,DISPATCH,UNIT_SCADA,1,"2019/08/22 03:10:00",BLOWERNG,0
D,DISPATCH,UNIT_SCADA,1,"2019/08/22 03:10:00",BLUFF1,22.40
D,DISPATCH,UNIT_SCADA,1,"2019/08/22 03:10:00",BNGSF1,0
D,DISPATCH,UNIT_SCADA,1,"2019/08/22 03:10:00",BNGSF2,0
D,DISPATCH,UNIT_SCADA,1,"2019/08/22 03:10:00",BOCORWF1,111.32
D,DISPATCH,UNIT_SCADA,1,"2019/08/22 03:10:00",BODWF1,93.569620
D,DISPATCH,UNIT_SCADA,1,"2019/08/22 03:10:00",BRAEMAR1,0
D,DISPATCH,UNIT_SCADA,1,"2019/08/22 03:10:00",BRAEMAR2,0
D,DISPATCH,UNIT_SCADA,1,"2019/08/22 03:10:00",BRAEMAR3,0
D,DISPATCH,UNIT_SCADA,1,"2019/08/22 03:10:00",BRAEMAR5,0
D,DISPATCH,UNIT_SCADA,1,"2019/08/22 03:10:00",BRAEMAR6,0
D,DISPATCH,UNIT_SCADA,1,"2019/08/22 03:10:00",BRAEMAR7,0
D,DISPATCH,UNIT_SCADA,1,"2019/08/22 03:10:00",BROKENH1,0
D,DISPATCH,UNIT_SCADA,1,"2019/08/22 03:10:00",BW01,341.199950
D,DISPATCH,UNIT_SCADA,1,"2019/08/22 03:10:00",BW02,499.50
D,DISPATCH,UNIT_SCADA,1,"2019/08/22 03:10:00",BW03,449.925050
D,DISPATCH,UNIT_SCADA,1,"2019/08/22 03:10:00",BW04,0
D,DISPATCH,UNIT_SCADA,1,"2019/08/22 03:10:00",CALL_B_1,341.600010
D,DISPATCH,UNIT_SCADA,1,"2019/08/22 03:10:00",CALL_B_2,300.300020
D,DISPATCH,UNIT_SCADA,1,"2019/08/22 03:10:00",CETHANA,98.364130
D,DISPATCH,UNIT_SCADA,1,"2019/08/22 03:10:00",CG1,0
D,DISPATCH,UNIT_SCADA,1,"2019/08/22 03:10:00",CG2,0
D,DISPATCH,UNIT_SCADA,1,"2019/08/22 03:10:00",CG3,0
D,DISPATCH,UNIT_SCADA,1,"2019/08/22 03:10:00",CG4,0
D,DISPATCH,UNIT_SCADA,1,"2019/08/22 03:10:00",CHILDSF1,0.01
D,DISPATCH,UNIT_SCADA,1,"2019/08/22 03:10:00",CLARESF1,0
D,DISPATCH,UNIT_SCADA,1,"2019/08/22 03:10:00",CLEMGPWF,11.093390
D,DISPATCH,UNIT_SCADA,1,"2019/08/22 03:10:00",CLERMSF1,0
D,DISPATCH,UNIT_SCADA,1,"2019/08/22 03:10:00",COLEASF1,0
D,DISPATCH,UNIT_SCADA,1,"2019/08/22 03:10:00",COOPGWF1,3.220390
D,DISPATCH,UNIT_SCADA,1,"2019/08/22 03:10:00",CPP_3,300.575010
D,DISPATCH,UNIT_SCADA,1,"2019/08/22 03:10:00",CPP_4,325.325010
D,DISPATCH,UNIT_SCADA,1,"2019/08/22 03:10:00",CPSA,143.158140
D,DISPATCH,UNIT_SCADA,1,"2019/08/22 03:10:00",CROOKWF2,26.904990
D,DISPATCH,UNIT_SCADA,1,"2019/08/22 03:10:00",CROWLWF1,49.293310
D,DISPATCH,UNIT_SCADA,1,"2019/08/22 03:10:00",CSPVPS1,0.0430
D,DISPATCH,UNIT_SCADA,1,"2019/08/22 03:10:00",DALNTH01,0
D,DISPATCH,UNIT_SCADA,1,"2019/08/22 03:10:00",DALNTHL1,5.995270
D,DISPATCH,UNIT_SCADA,1,"2019/08/22 03:10:00",DARTM1,0
D,DISPATCH,UNIT_SCADA,1,"2019/08/22 03:10:00",DAYDSF1,0
D,DISPATCH,UNIT_SCADA,1,"2019/08/22 03:10:00",DDPS1,0
D,DISPATCH,UNIT_SCADA,1,"2019/08/22 03:10:00",DDSF1,0
D,DISPATCH,UNIT_SCADA,1,"2019/08/22 03:10:00",DEVILS_G,0
D,DISPATCH,UNIT_SCADA,1,"2019/08/22 03:10:00",DG_NSW1,0
D,DISPATCH,UNIT_SCADA,1,"2019/08/22 03:10:00",DG_QLD1,0
D,DISPATCH,UNIT_SCADA,1,"2019/08/22 03:10:00",DG_SA1,0
D,DISPATCH,UNIT_SCADA,1,"2019/08/22 03:10:00",DG_TAS1,0
D,DISPATCH,UNIT_SCADA,1,"2019/08/22 03:10:00",DG_VIC1,0
D,DISPATCH,UNIT_SCADA,1,"2019/08/22 03:10:00",DRYCGT1,0
D,DISPATCH,UNIT_SCADA,1,"2019/08/22 03:10:00",DRYCGT2,0
D,DISPATCH,UNIT_SCADA,1,"2019/08/22 03:10:00",DRYCGT3,0
D,DISPATCH,UNIT_SCADA,1,"2019/08/22 03:10:00",EILDON1,0
D,DISPATCH,UNIT_SCADA,1,"2019/08/22 03:10:00",EILDON2,0
D,DISPATCH,UNIT_SCADA,1,"2019/08/22 03:10:00",EMERASF1,0
D,DISPATCH,UNIT_SCADA,1,"2019/08/22 03:10:00",ER01,293.449950
D,DISPATCH,UNIT_SCADA,1,"2019/08/22 03:10:00",ER02,310.449950
D,DISPATCH,UNIT_SCADA,1,"2019/08/22 03:10:00",ER03,379
D,DISPATCH,UNIT_SCADA,1,"2019/08/22 03:10:00",ER04,292.949950
D,DISPATCH,UNIT_SCADA,1,"2019/08/22 03:10:00",FINLYSF1,0
D,DISPATCH,UNIT_SCADA,1,"2019/08/22 03:10:00",FISHER,45.87
D,DISPATCH,UNIT_SCADA,1,"2019/08/22 03:10:00",GANNBG1,0
D,DISPATCH,UNIT_SCADA,1,"2019/08/22 03:10:00",GANNBL1,10.010460
D,DISPATCH,UNIT_SCADA,1,"2019/08/22 03:10:00",GANNSF1,0
D,DISPATCH,UNIT_SCADA,1,"2019/08/22 03:10:00",GORDON,12.11
D,DISPATCH,UNIT_SCADA,1,"2019/08/22 03:10:00",GSTONE1,129.50
D,DISPATCH,UNIT_SCADA,1,"2019/08/22 03:10:00",GSTONE2,126.70
D,DISPATCH,UNIT_SCADA,1,"2019/08/22 03:10:00",GSTONE3,130.024990
D,DISPATCH,UNIT_SCADA,1,"2019/08/22 03:10:00",GSTONE4,130.024990
D,DISPATCH,UNIT_SCADA,1,"2019/08/22 03:10:00",GSTONE5,129.50
D,DISPATCH,UNIT_SCADA,1,"2019/08/22 03:10:00",GSTONE6,0
D,DISPATCH,UNIT_SCADA,1,"2019/08/22 03:10:00",GULLRSF1,0
D,DISPATCH,UNIT_SCADA,1,"2019/08/22 03:10:00",GULLRWF1,156.667180
D,DISPATCH,UNIT_SCADA,1,"2019/08/22 03:10:00",GUNNING1,46.514290
D,DISPATCH,UNIT_SCADA,1,"2019/08/22 03:10:00",GUTHEGA,0
D,DISPATCH,UNIT_SCADA,1,"2019/08/22 03:10:00",HALLWF1,71.42
D,DISPATCH,UNIT_SCADA,1,"2019/08/22 03:10:00",HALLWF2,58.32
D,DISPATCH,UNIT_SCADA,1,"2019/08/22 03:10:00",HAMISF1,0
D,DISPATCH,UNIT_SCADA,1,"2019/08/22 03:10:00",HAUGHT11,0
D,DISPATCH,UNIT_SCADA,1,"2019/08/22 03:10:00",HAYMSF1,0
D,DISPATCH,UNIT_SCADA,1,"2019/08/22 03:10:00",HDWF1,51
D,DISPATCH,UNIT_SCADA,1,"2019/08/22 03:10:00",HDWF2,32.10
D,DISPATCH,UNIT_SCADA,1,"2019/08/22 03:10:00",HDWF3,45.40
D,DISPATCH,UNIT_SCADA,1,"2019/08/22 03:10:00",HPRG1,0
D,DISPATCH,UNIT_SCADA,1,"2019/08/22 03:10:00",HPRL1,3.50
D,DISPATCH,UNIT_SCADA,1,"2019/08/22 03:10:00",HUMENSW,0
D,DISPATCH,UNIT_SCADA,1,"2019/08/22 03:10:00",HUMEV,10.90
D,DISPATCH,UNIT_SCADA,1,"2019/08/22 03:10:00",HVGTS,0
D,DISPATCH,UNIT_SCADA,1,"2019/08/22 03:10:00",JBUTTERS,74.79
D,DISPATCH,UNIT_SCADA,1,"2019/08/22 03:10:00",JLA01,0.50
D,DISPATCH,UNIT_SCADA,1,"2019/08/22 03:10:00",JLA02,0
D,DISPATCH,UNIT_SCADA,1,"2019/08/22 03:10:00",JLA03,0.10
D,DISPATCH,UNIT_SCADA,1,"2019/08/22 03:10:00",JLA04,0.10
D,DISPATCH,UNIT_SCADA,1,"2019/08/22 03:10:00",JLB01,0
D,DISPATCH,UNIT_SCADA,1,"2019/08/22 03:10:00",JLB02,0.10
D,DISPATCH,UNIT_SCADA,1,"2019/08/22 03:10:00",JLB03,0
D,DISPATCH,UNIT_SCADA,1,"2019/08/22 03:10:00",KAREEYA1,21.5350
D,DISPATCH,UNIT_SCADA,1,"2019/08/22 03:10:00",KAREEYA2,21.81
D,DISPATCH,UNIT_SCADA,1,"2019/08/22 03:10:00",KAREEYA3,0
D,DISPATCH,UNIT_SCADA,1,"2019/08/22 03:10:00",KAREEYA4,21.7025
D,DISPATCH,UNIT_SCADA,1,"2019/08/22 03:10:00",KARSF1,0
D,DISPATCH,UNIT_SCADA,1,"2019/08/22 03:10:00",KIATAWF1,31
D,DISPATCH,UNIT_SCADA,1,"2019/08/22 03:10:00",KPP_1,0
D,DISPATCH,UNIT_SCADA,1,"2019/08/22 03:10:00",KSP1,0
D,DISPATCH,UNIT_SCADA,1,"2019/08/22 03:10:00",LADBROK1,0
D,DISPATCH,UNIT_SCADA,1,"2019/08/22 03:10:00",LADBROK2,0
D,DISPATCH,UNIT_SCADA,1,"2019/08/22 03:10:00",LD01,346.331270
D,DISPATCH,UNIT_SCADA,1,"2019/08/22 03:10:00",LD02,297.899960
D,DISPATCH,UNIT_SCADA,1,"2019/08/22 03:10:00",LD03,317.718750
D,DISPATCH,UNIT_SCADA,1,"2019/08/22 03:10:00",LD04,345.506160
D,DISPATCH,UNIT_SCADA,1,"2019/08/22 03:10:00",LEM_WIL,86.161150
D,DISPATCH,UNIT_SCADA,1,"2019/08/22 03:10:00",LGAPWF1,13.87
D,DISPATCH,UNIT_SCADA,1,"2019/08/22 03:10:00",LILYSF1,0
D,DISPATCH,UNIT_SCADA,1,"2019/08/22 03:10:00",LI_WY_CA,148.523480
D,DISPATCH,UNIT_SCADA,1,"2019/08/22 03:10:00",LKBONNY2,142.1575
D,DISPATCH,UNIT_SCADA,1,"2019/08/22 03:10:00",LKBONNY3,33.102460
D,DISPATCH,UNIT_SCADA,1,"2019/08/22 03:10:00",LK_ECHO,0
D,DISPATCH,UNIT_SCADA,1,"2019/08/22 03:10:00",LNGS1,0
D,DISPATCH,UNIT_SCADA,1,"2019/08/22 03:10:00",LNGS2,0
D,DISPATCH,UNIT_SCADA,1,"2019/08/22 03:10:00",LONSDALE,0
D,DISPATCH,UNIT_SCADA,1,"2019/08/22 03:10:00",LOYYB1,535.712650
D,DISPATCH,UNIT_SCADA,1,"2019/08/22 03:10:00",LOYYB2,551.126590
D,DISPATCH,UNIT_SCADA,1,"2019/08/22 03:10:00",LYA1,526
D,DISPATCH,UNIT_SCADA,1,"2019/08/22 03:10:00",LYA2,0
D,DISPATCH,UNIT_SCADA,1,"2019/08/22 03:10:00",LYA3,524
D,DISPATCH,UNIT_SCADA,1,"2019/08/22 03:10:00",LYA4,522
D,DISPATCH,UNIT_SCADA,1,"2019/08/22 03:10:00",MACARTH1,344.192050
D,DISPATCH,UNIT_SCADA,1,"2019/08/22 03:10:00",MACKAYGT,0
D,DISPATCH,UNIT_SCADA,1,"2019/08/22 03:10:00",MACKNTSH,85.34
D,DISPATCH,UNIT_SCADA,1,"2019/08/22 03:10:00",MANSLR1,0
D,DISPATCH,UNIT_SCADA,1,"2019/08/22 03:10:00",MCKAY1,0.02
D,DISPATCH,UNIT_SCADA,1,"2019/08/22 03:10:00",MEADOWBK,34.1531
D,DISPATCH,UNIT_SCADA,1,"2019/08/22 03:10:00",MERCER01,116.550990
D,DISPATCH,UNIT_SCADA,1,"2019/08/22 03:10:00",MEWF1,72.826880
D,DISPATCH,UNIT_SCADA,1,"2019/08/22 03:10:00",MINTARO,0
D,DISPATCH,UNIT_SCADA,1,"2019/08/22 03:10:00",MOREESF1,0
D,DISPATCH,UNIT_SCADA,1,"2019/08/22 03:10:00",MORTLK11,0
D,DISPATCH,UNIT_SCADA,1,"2019/08/22 03:10:00",MORTLK12,0
D,DISPATCH,UNIT_SCADA,1,"2019/08/22 03:10:00",MP1,276.900020
D,DISPATCH,UNIT_SCADA,1,"2019/08/22 03:10:00",MP2,0
D,DISPATCH,UNIT_SCADA,1,"2019/08/22 03:10:00",MPP_1,400.75
D,DISPATCH,UNIT_SCADA,1,"2019/08/22 03:10:00",MPP_2,406.50
D,DISPATCH,UNIT_SCADA,1,"2019/08/22 03:10:00",MSTUART1,0
D,DISPATCH,UNIT_SCADA,1,"2019/08/22 03:10:00",MSTUART2,0
D,DISPATCH,UNIT_SCADA,1,"2019/08/22 03:10:00",MSTUART3,0
D,DISPATCH,UNIT_SCADA,1,"2019/08/22 03:10:00",MTGELWF1,64.2491
D,DISPATCH,UNIT_SCADA,1,"2019/08/22 03:10:00",MURRAY,0
D,DISPATCH,UNIT_SCADA,1,"2019/08/22 03:10:00",MUSSELR1,139.299990
D,DISPATCH,UNIT_SCADA,1,"2019/08/22 03:10:00",MUWAWF1,55.20
D,DISPATCH,UNIT_SCADA,1,"2019/08/22 03:10:00",NBHWF1,73.100010
D,DISPATCH,UNIT_SCADA,1,"2019/08/22 03:10:00",NPS,0
D,DISPATCH,UNIT_SCADA,1,"2019/08/22 03:10:00",NUMURSF1,0
D,DISPATCH,UNIT_SCADA,1,"2019/08/22 03:10:00",NYNGAN1,0
D,DISPATCH,UNIT_SCADA,1,"2019/08/22 03:10:00",OAKEY1,0
D,DISPATCH,UNIT_SCADA,1,"2019/08/22 03:10:00",OAKEY1SF,0
D,DISPATCH,UNIT_SCADA,1,"2019/08/22 03:10:00",OAKEY2,0
D,DISPATCH,UNIT_SCADA,1,"2019/08/22 03:10:00",OAKLAND1,61.50
D,DISPATCH,UNIT_SCADA,1,"2019/08/22 03:10:00",OSB-AG,0
D,DISPATCH,UNIT_SCADA,1,"2019/08/22 03:10:00",PARSF1,0
D,DISPATCH,UNIT_SCADA,1,"2019/08/22 03:10:00",POAT110,0
D,DISPATCH,UNIT_SCADA,1,"2019/08/22 03:10:00",POAT220,1.67
D,DISPATCH,UNIT_SCADA,1,"2019/08/22 03:10:00",POR01,0
D,DISPATCH,UNIT_SCADA,1,"2019/08/22 03:10:00",POR03,0
D,DISPATCH,UNIT_SCADA,1,"2019/08/22 03:10:00",PPCCGT,172.8811
D,DISPATCH,UNIT_SCADA,1,"2019/08/22 03:10:00",PTSTAN1,0
D,DISPATCH,UNIT_SCADA,1,"2019/08/22 03:10:00",PUMP1,0
D,DISPATCH,UNIT_SCADA,1,"2019/08/22 03:10:00",PUMP2,0
D,DISPATCH,UNIT_SCADA,1,"2019/08/22 03:10:00",QPS1,0
D,DISPATCH,UNIT_SCADA,1,"2019/08/22 03:10:00",QPS2,0
D,DISPATCH,UNIT_SCADA,1,"2019/08/22 03:10:00",QPS3,0
D,DISPATCH,UNIT_SCADA,1,"2019/08/22 03:10:00",QPS4,0
D,DISPATCH,UNIT_SCADA,1,"2019/08/22 03:10:00",QPS5,0
D,DISPATCH,UNIT_SCADA,1,"2019/08/22 03:10:00",REECE1,120.110010
D,DISPATCH,UNIT_SCADA,1,"2019/08/22 03:10:00",REECE2,118.460010
D,DISPATCH,UNIT_SCADA,1,"2019/08/22 03:10:00",ROMA_7,0
D,DISPATCH,UNIT_SCADA,1,"2019/08/22 03:10:00",ROMA_8,0
D,DISPATCH,UNIT_SCADA,1,"2019/08/22 03:10:00",RRSF1,0
D,DISPATCH,UNIT_SCADA,1,"2019/08/22 03:10:00",RT_NSW1,0
D,DISPATCH,UNIT_SCADA,1,"2019/08/22 03:10:00",RT_NSW2,0
D,DISPATCH,UNIT_SCADA,1,"2019/08/22 03:10:00",RT_NSW3,0
D,DISPATCH,UNIT_SCADA,1,"2019/08/22 03:10:00",RT_NSW4,0
D,DISPATCH,UNIT_SCADA,1,"2019/08/22 03:10:00",RT_NSW5,0
D,DISPATCH,UNIT_SCADA,1,"2019/08/22 03:10:00",RT_NSW6,0
D,DISPATCH,UNIT_SCADA,1,"2019/08/22 03:10:00",RT_QLD1,0
D,DISPATCH,UNIT_SCADA,1,"2019/08/22 03:10:00",RT_SA1,0
D,DISPATCH,UNIT_SCADA,1,"2019/08/22 03:10:00",RT_SA2,0
D,DISPATCH,UNIT_SCADA,1,"2019/08/22 03:10:00",RT_SA3,0
D,DISPATCH,UNIT_SCADA,1,"2019/08/22 03:10:00",RT_SA4,0
D,DISPATCH,UNIT_SCADA,1,"2019/08/22 03:10:00",RT_SA5,0
D,DISPATCH,UNIT_SCADA,1,"2019/08/22 03:10:00",RT_SA6,0
D,DISPATCH,UNIT_SCADA,1,"2019/08/22 03:10:00",RT_TAS1,0
D,DISPATCH,UNIT_SCADA,1,"2019/08/22 03:10:00",RT_VIC1,0
D,DISPATCH,UNIT_SCADA,1,"2019/08/22 03:10:00",RT_VIC10,0
D,DISPATCH,UNIT_SCADA,1,"2019/08/22 03:10:00",RT_VIC11,0
D,DISPATCH,UNIT_SCADA,1,"2019/08/22 03:10:00",RT_VIC12,0
D,DISPATCH,UNIT_SCADA,1,"2019/08/22 03:10:00",RT_VIC2,0
D,DISPATCH,UNIT_SCADA,1,"2019/08/22 03:10:00",RT_VIC3,0
D,DISPATCH,UNIT_SCADA,1,"2019/08/22 03:10:00",RT_VIC4,0
D,DISPATCH,UNIT_SCADA,1,"2019/08/22 03:10:00",RT_VIC5,0
D,DISPATCH,UNIT_SCADA,1,"2019/08/22 03:10:00",RT_VIC6,0
D,DISPATCH,UNIT_SCADA,1,"2019/08/22 03:10:00",RT_VIC7,0
D,DISPATCH,UNIT_SCADA,1,"2019/08/22 03:10:00",RT_VIC8,0
D,DISPATCH,UNIT_SCADA,1,"2019/08/22 03:10:00",RT_VIC9,0
D,DISPATCH,UNIT_SCADA,1,"2019/08/22 03:10:00",RUGBYR1,0
D,DISPATCH,UNIT_SCADA,1,"2019/08/22 03:10:00",SALTCRK1,52.33
D,DISPATCH,UNIT_SCADA,1,"2019/08/22 03:10:00",SAPHWF1,230.981260
D,DISPATCH,UNIT_SCADA,1,"2019/08/22 03:10:00",SHGEN,0
D,DISPATCH,UNIT_SCADA,1,"2019/08/22 03:10:00",SHPUMP,121.692180
D,DISPATCH,UNIT_SCADA,1,"2019/08/22 03:10:00",SITHE01,0.043330
D,DISPATCH,UNIT_SCADA,1,"2019/08/22 03:10:00",SMCSF1,0
D,DISPATCH,UNIT_SCADA,1,"2019/08/22 03:10:00",SNOWNTH1,53.80
D,DISPATCH,UNIT_SCADA,1,"2019/08/22 03:10:00",SNOWSTH1,33.80
D,DISPATCH,UNIT_SCADA,1,"2019/08/22 03:10:00",SNOWTWN1,30.613840
D,DISPATCH,UNIT_SCADA,1,"2019/08/22 03:10:00",SNOWYP,191.100010
D,DISPATCH,UNIT_SCADA,1,"2019/08/22 03:10:00",SNUG1,0.019440
D,DISPATCH,UNIT_SCADA,1,"2019/08/22 03:10:00",SRSF1,0.44
D,DISPATCH,UNIT_SCADA,1,"2019/08/22 03:10:00",STAN-1,0
D,DISPATCH,UNIT_SCADA,1,"2019/08/22 03:10:00",STAN-2,177.065090
D,DISPATCH,UNIT_SCADA,1,"2019/08/22 03:10:00",STAN-3,220.555890
D,DISPATCH,UNIT_SCADA,1,"2019/08/22 03:10:00",STAN-4,192.446460
D,DISPATCH,UNIT_SCADA,1,"2019/08/22 03:10:00",STWF1,182.936250
D,DISPATCH,UNIT_SCADA,1,"2019/08/22 03:10:00",SWAN_E,0
D,DISPATCH,UNIT_SCADA,1,"2019/08/22 03:10:00",TALWA1,189
D,DISPATCH,UNIT_SCADA,1,"2019/08/22 03:10:00",TARALGA1,20.992510
D,DISPATCH,UNIT_SCADA,1,"2019/08/22 03:10:00",TARONG#1,279.300020
D,DISPATCH,UNIT_SCADA,1,"2019/08/22 03:10:00",TARONG#2,225.400010
D,DISPATCH,UNIT_SCADA,1,"2019/08/22 03:10:00",TARONG#3,260.300020
D,DISPATCH,UNIT_SCADA,1,"2019/08/22 03:10:00",TARONG#4,279.50
D,DISPATCH,UNIT_SCADA,1,"2019/08/22 03:10:00",TARRALEA,83.90
D,DISPATCH,UNIT_SCADA,1,"2019/08/22 03:10:00",TBSF1,-0.20
D,DISPATCH,UNIT_SCADA,1,"2019/08/22 03:10:00",TNPS1,399.400020
D,DISPATCH,UNIT_SCADA,1,"2019/08/22 03:10:00",TORRA1,44.734740
D,DISPATCH,UNIT_SCADA,1,"2019/08/22 03:10:00",TORRA2,0
D,DISPATCH,UNIT_SCADA,1,"2019/08/22 03:10:00",TORRA3,0
D,DISPATCH,UNIT_SCADA,1,"2019/08/22 03:10:00",TORRA4,0
D,DISPATCH,UNIT_SCADA,1,"2019/08/22 03:10:00",TORRB1,39.96
D,DISPATCH,UNIT_SCADA,1,"2019/08/22 03:10:00",TORRB2,40.28
D,DISPATCH,UNIT_SCADA,1,"2019/08/22 03:10:00",TORRB3,0
D,DISPATCH,UNIT_SCADA,1,"2019/08/22 03:10:00",TORRB4,0
D,DISPATCH,UNIT_SCADA,1,"2019/08/22 03:10:00",TREVALLN,0.80
D,DISPATCH,UNIT_SCADA,1,"2019/08/22 03:10:00",TRIBUTE,0
D,DISPATCH,UNIT_SCADA,1,"2019/08/22 03:10:00",TUMUT3,0
D,DISPATCH,UNIT_SCADA,1,"2019/08/22 03:10:00",TUNGATIN,4.60
D,DISPATCH,UNIT_SCADA,1,"2019/08/22 03:10:00",TVCC201,0
D,DISPATCH,UNIT_SCADA,1,"2019/08/22 03:10:00",TVPP104,0
D,DISPATCH,UNIT_SCADA,1,"2019/08/22 03:10:00",UPPTUMUT,0
D,DISPATCH,UNIT_SCADA,1,"2019/08/22 03:10:00",URANQ11,0
D,DISPATCH,UNIT_SCADA,1,"2019/08/22 03:10:00",URANQ12,0
D,DISPATCH,UNIT_SCADA,1,"2019/08/22 03:10:00",URANQ13,0
D,DISPATCH,UNIT_SCADA,1,"2019/08/22 03:10:00",URANQ14,0
D,DISPATCH,UNIT_SCADA,1,"2019/08/22 03:10:00",VP5,281.450010
D,DISPATCH,UNIT_SCADA,1,"2019/08/22 03:10:00",VP6,265.774990
D,DISPATCH,UNIT_SCADA,1,"2019/08/22 03:10:00",VPGS1,0
D,DISPATCH,UNIT_SCADA,1,"2019/08/22 03:10:00",VPGS2,0
D,DISPATCH,UNIT_SCADA,1,"2019/08/22 03:10:00",VPGS3,0
D,DISPATCH,UNIT_SCADA,1,"2019/08/22 03:10:00",VPGS4,0
D,DISPATCH,UNIT_SCADA,1,"2019/08/22 03:10:00",VPGS5,0
D,DISPATCH,UNIT_SCADA,1,"2019/08/22 03:10:00",VPGS6,0
D,DISPATCH,UNIT_SCADA,1,"2019/08/22 03:10:00",W/HOE#1,0
D,DISPATCH,UNIT_SCADA,1,"2019/08/22 03:10:00",W/HOE#2,0
D,DISPATCH,UNIT_SCADA,1,"2019/08/22 03:10:00",WATERLWF,102.60
D,DISPATCH,UNIT_SCADA,1,"2019/08/22 03:10:00",WEMENSF1,0
D,DISPATCH,UNIT_SCADA,1,"2019/08/22 03:10:00",WGWF1,74
D,DISPATCH,UNIT_SCADA,1,"2019/08/22 03:10:00",WHITSF1,0
D,DISPATCH,UNIT_SCADA,1,"2019/08/22 03:10:00",WKIEWA1,17
D,DISPATCH,UNIT_SCADA,1,"2019/08/22 03:10:00",WKIEWA2,17
D,DISPATCH,UNIT_SCADA,1,"2019/08/22 03:10:00",WOODLWN1,44.118010
D,DISPATCH,UNIT_SCADA,1,"2019/08/22 03:10:00",WRSF1,0
D,DISPATCH,UNIT_SCADA,1,"2019/08/22 03:10:00",WRWF1,151.212490
D,DISPATCH,UNIT_SCADA,1,"2019/08/22 03:10:00",YABULU,0
D,DISPATCH,UNIT_SCADA,1,"2019/08/22 03:10:00",YABULU2,0
D,DISPATCH,UNIT_SCADA,1,"2019/08/22 03:10:00",YARWUN_1,0
D,DISPATCH,UNIT_SCADA,1,"2019/08/22 03:10:00",YENDWF1,41.99
D,DISPATCH,UNIT_SCADA,1,"2019/08/22 03:10:00",YWPS1,317.541780
D,DISPATCH,UNIT_SCADA,1,"2019/08/22 03:10:00",YWPS2,281.200010
D,DISPATCH,UNIT_SCADA,1,"2019/08/22 03:10:00",YWPS3,0
D,DISPATCH,UNIT_SCADA,1,"2019/08/22 03:10:00",YWPS4,397.213930
C,"END OF REPORT",334
