C,NEMP.WORLD,DISPATCHSCADA,AEMO,PUBLIC,2019/08/20,19:10:07,0000000311797836,DISPATCHSCADA,0000000311797830
I,DISPATCH,UNIT_SCADA,1,SETTLEMENTDATE,DUID,SCADAVALUE
D,DISPATCH,UNIT_SCADA,1,"2019/08/20 19:15:00",BARCSF1,0.50
D,DISPATCH,UNIT_SCADA,1,"2019/08/20 19:15:00",BUTLERSG,9.699999
D,DISPATCH,UNIT_SCADA,1,"2019/08/20 19:15:00",CATHROCK,52.789997
D,DISPATCH,UNIT_SCADA,1,"2019/08/20 19:15:00",CHALLHWF,24.799999
D,DISPATCH,UNIT_SCADA,1,"2019/08/20 19:15:00",CLOVER,0
D,DISPATCH,UNIT_SCADA,1,"2019/08/20 19:15:00",CLUNY,18.754406
D,DISPATCH,UNIT_SCADA,1,"2019/08/20 19:15:00",CNUNDAWF,41.648582
D,DISPATCH,UNIT_SCADA,1,"2019/08/20 19:15:00",CULLRGWF,29.18
D,DISPATCH,UNIT_SCADA,1,"2019/08/20 19:15:00",GB01,0.070988
D,DISPATCH,UNIT_SCADA,1,"2019/08/20 19:15:00",GERMCRK,27.200001
D,DISPATCH,UNIT_SCADA,1,"2019/08/20 19:15:00",HUGSF1,-0.2040
D,DISPATCH,UNIT_SCADA,1,"2019/08/20 19:15:00",LKBONNY1,75.019867
D,DISPATCH,UNIT_SCADA,1,"2019/08/20 19:15:00",LRSF1,0.0290
D,DISPATCH,UNIT_SCADA,1,"2019/08/20 19:15:00",MBAHNTH,58.012497
D,DISPATCH,UNIT_SCADA,1,"2019/08/20 19:15:00",MLSP1,0.283001
D,DISPATCH,UNIT_SCADA,1,"2019/08/20 19:15:00",MLWF1,17.1450
D,DISPATCH,UNIT_SCADA,1,"2019/08/20 19:15:00",MTMILLAR,29.199707
D,DISPATCH,UNIT_SCADA,1,"2019/08/20 19:15:00",PALOONA,12.48
D,DISPATCH,UNIT_SCADA,1,"2019/08/20 19:15:00",PIONEER,23.90
D,DISPATCH,UNIT_SCADA,1,"2019/08/20 19:15:00",PORTWF,137.50
D,DISPATCH,UNIT_SCADA,1,"2019/08/20 19:15:00",REPULSE,28.923170
D,DISPATCH,UNIT_SCADA,1,"2019/08/20 19:15:00",ROWALLAN,9.9897
D,DISPATCH,UNIT_SCADA,1,"2019/08/20 19:15:00",ROYALLA1,0
D,DISPATCH,UNIT_SCADA,1,"2019/08/20 19:15:00",RPCG,12.40
D,DISPATCH,UNIT_SCADA,1,"2019/08/20 19:15:00",RUBICON,0
D,DISPATCH,UNIT_SCADA,1,"2019/08/20 19:15:00",SATGN1,0
D,DISPATCH,UNIT_SCADA,1,"2019/08/20 19:15:00",SATGS1,0
D,DISPATCH,UNIT_SCADA,1,"2019/08/20 19:15:00",STARHLWF,30.890991
D,DISPATCH,UNIT_SCADA,1,"2019/08/20 19:15:00",WAUBRAWF,165.964996
D,DISPATCH,UNIT_SCADA,1,"2019/08/20 19:15:00",WOOLNTH1,83.910019
D,DISPATCH,UNIT_SCADA,1,"2019/08/20 19:15:00",WPWF,39
D,DISPATCH,UNIT_SCADA,1,"2019/08/20 19:15:00",YAMBUKWF,30.200001
D,DISPATCH,UNIT_SCADA,1,"2019/08/20 19:15:00",YSWF1,28.60
D,DISPATCH,UNIT_SCADA,1,"2019/08/20 19:15:00",AGLHAL,0
D,DISPATCH,UNIT_SCADA,1,"2019/08/20 19:15:00",AGLSOM,79.50
D,DISPATCH,UNIT_SCADA,1,"2019/08/20 19:15:00",ANGAST1,0
D,DISPATCH,UNIT_SCADA,1,"2019/08/20 19:15:00",ARWF1,60.70
D,DISPATCH,UNIT_SCADA,1,"2019/08/20 19:15:00",BALBG1,0
D,DISPATCH,UNIT_SCADA,1,"2019/08/20 19:15:00",BALBL1,0
D,DISPATCH,UNIT_SCADA,1,"2019/08/20 19:15:00",BALDHWF1,103.5890
D,DISPATCH,UNIT_SCADA,1,"2019/08/20 19:15:00",BANN1,0
D,DISPATCH,UNIT_SCADA,1,"2019/08/20 19:15:00",BARCALDN,0
D,DISPATCH,UNIT_SCADA,1,"2019/08/20 19:15:00",BARRON-1,0
D,DISPATCH,UNIT_SCADA,1,"2019/08/20 19:15:00",BARRON-2,28.20
D,DISPATCH,UNIT_SCADA,1,"2019/08/20 19:15:00",BASTYAN,80.55
D,DISPATCH,UNIT_SCADA,1,"2019/08/20 19:15:00",BBTHREE1,-1.97
D,DISPATCH,UNIT_SCADA,1,"2019/08/20 19:15:00",BBTHREE2,-1.79
D,DISPATCH,UNIT_SCADA,1,"2019/08/20 19:15:00",BBTHREE3,-1.08
D,DISPATCH,UNIT_SCADA,1,"2019/08/20 19:15:00",BDL01,0
D,DISPATCH,UNIT_SCADA,1,"2019/08/20 19:15:00",BDL02,43.08
D,DISPATCH,UNIT_SCADA,1,"2019/08/20 19:15:00",BERYLSF1,0
D,DISPATCH,UNIT_SCADA,1,"2019/08/20 19:15:00",BLOWERNG,0
D,DISPATCH,UNIT_SCADA,1,"2019/08/20 19:15:00",BLUFF1,29.50
D,DISPATCH,UNIT_SCADA,1,"2019/08/20 19:15:00",BNGSF1,0
D,DISPATCH,UNIT_SCADA,1,"2019/08/20 19:15:00",BNGSF2,0
D,DISPATCH,UNIT_SCADA,1,"2019/08/20 19:15:00",BOCORWF1,103.90
D,DISPATCH,UNIT_SCADA,1,"2019/08/20 19:15:00",BODWF1,68.7480
D,DISPATCH,UNIT_SCADA,1,"2019/08/20 19:15:00",BRAEMAR1,0
D,DISPATCH,UNIT_SCADA,1,"2019/08/20 19:15:00",BRAEMAR2,172.80
D,DISPATCH,UNIT_SCADA,1,"2019/08/20 19:15:00",BRAEMAR3,0
D,DISPATCH,UNIT_SCADA,1,"2019/08/20 19:15:00",BRAEMAR5,0
D,DISPATCH,UNIT_SCADA,1,"2019/08/20 19:15:00",BRAEMAR6,159.343370
D,DISPATCH,UNIT_SCADA,1,"2019/08/20 19:15:00",BRAEMAR7,0
D,DISPATCH,UNIT_SCADA,1,"2019/08/20 19:15:00",BROKENH1,0
D,DISPATCH,UNIT_SCADA,1,"2019/08/20 19:15:00",BW01,660
D,DISPATCH,UNIT_SCADA,1,"2019/08/20 19:15:00",BW02,660
D,DISPATCH,UNIT_SCADA,1,"2019/08/20 19:15:00",BW03,660
D,DISPATCH,UNIT_SCADA,1,"2019/08/20 19:15:00",BW04,0
D,DISPATCH,UNIT_SCADA,1,"2019/08/20 19:15:00",CALL_B_1,349.899990
D,DISPATCH,UNIT_SCADA,1,"2019/08/20 19:15:00",CALL_B_2,300.600010
D,DISPATCH,UNIT_SCADA,1,"2019/08/20 19:15:00",CETHANA,95.909250
D,DISPATCH,UNIT_SCADA,1,"2019/08/20 19:15:00",CG1,0
D,DISPATCH,UNIT_SCADA,1,"2019/08/20 19:15:00",CG2,0
D,DISPATCH,UNIT_SCADA,1,"2019/08/20 19:15:00",CG3,0
D,DISPATCH,UNIT_SCADA,1,"2019/08/20 19:15:00",CG4,0
D,DISPATCH,UNIT_SCADA,1,"2019/08/20 19:15:00",CHILDSF1,0
D,DISPATCH,UNIT_SCADA,1,"2019/08/20 19:15:00",CLARESF1,0
D,DISPATCH,UNIT_SCADA,1,"2019/08/20 19:15:00",CLEMGPWF,25.7165
D,DISPATCH,UNIT_SCADA,1,"2019/08/20 19:15:00",CLERMSF1,0
D,DISPATCH,UNIT_SCADA,1,"2019/08/20 19:15:00",COLEASF1,0
D,DISPATCH,UNIT_SCADA,1,"2019/08/20 19:15:00",COOPGWF1,41.219610
D,DISPATCH,UNIT_SCADA,1,"2019/08/20 19:15:00",CPP_3,405.6250
D,DISPATCH,UNIT_SCADA,1,"2019/08/20 19:15:00",CPP_4,405.350010
D,DISPATCH,UNIT_SCADA,1,"2019/08/20 19:15:00",CPSA,142.253750
D,DISPATCH,UNIT_SCADA,1,"2019/08/20 19:15:00",CROOKWF2,90.5710
D,DISPATCH,UNIT_SCADA,1,"2019/08/20 19:15:00",CROWLWF1,35.856380
D,DISPATCH,UNIT_SCADA,1,"2019/08/20 19:15:00",CSPVPS1,0
D,DISPATCH,UNIT_SCADA,1,"2019/08/20 19:15:00",DALNTH01,0.062560
D,DISPATCH,UNIT_SCADA,1,"2019/08/20 19:15:00",DALNTHL1,0
D,DISPATCH,UNIT_SCADA,1,"2019/08/20 19:15:00",DARTM1,134.600010
D,DISPATCH,UNIT_SCADA,1,"2019/08/20 19:15:00",DAYDSF1,0
D,DISPATCH,UNIT_SCADA,1,"2019/08/20 19:15:00",DDPS1,482.870120
D,DISPATCH,UNIT_SCADA,1,"2019/08/20 19:15:00",DDSF1,0
D,DISPATCH,UNIT_SCADA,1,"2019/08/20 19:15:00",DEVILS_G,60.221570
D,DISPATCH,UNIT_SCADA,1,"2019/08/20 19:15:00",DG_NSW1,0
D,DISPATCH,UNIT_SCADA,1,"2019/08/20 19:15:00",DG_QLD1,0
D,DISPATCH,UNIT_SCADA,1,"2019/08/20 19:15:00",DG_SA1,0
D,DISPATCH,UNIT_SCADA,1,"2019/08/20 19:15:00",DG_TAS1,0
D,DISPATCH,UNIT_SCADA,1,"2019/08/20 19:15:00",DG_VIC1,0
D,DISPATCH,UNIT_SCADA,1,"2019/08/20 19:15:00",DRYCGT1,0
D,DISPATCH,UNIT_SCADA,1,"2019/08/20 19:15:00",DRYCGT2,0
D,DISPATCH,UNIT_SCADA,1,"2019/08/20 19:15:00",DRYCGT3,0
D,DISPATCH,UNIT_SCADA,1,"2019/08/20 19:15:00",EILDON1,0
D,DISPATCH,UNIT_SCADA,1,"2019/08/20 19:15:00",EILDON2,0
D,DISPATCH,UNIT_SCADA,1,"2019/08/20 19:15:00",EMERASF1,0
D,DISPATCH,UNIT_SCADA,1,"2019/08/20 19:15:00",ER01,594
D,DISPATCH,UNIT_SCADA,1,"2019/08/20 19:15:00",ER02,700
D,DISPATCH,UNIT_SCADA,1,"2019/08/20 19:15:00",ER03,700
D,DISPATCH,UNIT_SCADA,1,"2019/08/20 19:15:00",ER04,700
D,DISPATCH,UNIT_SCADA,1,"2019/08/20 19:15:00",FINLYSF1,0
D,DISPATCH,UNIT_SCADA,1,"2019/08/20 19:15:00",FISHER,45.90
D,DISPATCH,UNIT_SCADA,1,"2019/08/20 19:15:00",GANNBG1,9.991970
D,DISPATCH,UNIT_SCADA,1,"2019/08/20 19:15:00",GANNBL1,0
D,DISPATCH,UNIT_SCADA,1,"2019/08/20 19:15:00",GANNSF1,0
D,DISPATCH,UNIT_SCADA,1,"2019/08/20 19:15:00",GORDON,10.366160
D,DISPATCH,UNIT_SCADA,1,"2019/08/20 19:15:00",GSTONE1,219.6250
D,DISPATCH,UNIT_SCADA,1,"2019/08/20 19:15:00",GSTONE2,219.80
D,DISPATCH,UNIT_SCADA,1,"2019/08/20 19:15:00",GSTONE3,220.50
D,DISPATCH,UNIT_SCADA,1,"2019/08/20 19:15:00",GSTONE4,221.024990
D,DISPATCH,UNIT_SCADA,1,"2019/08/20 19:15:00",GSTONE5,220.50
D,DISPATCH,UNIT_SCADA,1,"2019/08/20 19:15:00",GSTONE6,0
D,DISPATCH,UNIT_SCADA,1,"2019/08/20 19:15:00",GULLRSF1,0
D,DISPATCH,UNIT_SCADA,1,"2019/08/20 19:15:00",GULLRWF1,136.6080
D,DISPATCH,UNIT_SCADA,1,"2019/08/20 19:15:00",GUNNING1,44.194980
D,DISPATCH,UNIT_SCADA,1,"2019/08/20 19:15:00",GUTHEGA,30.80
D,DISPATCH,UNIT_SCADA,1,"2019/08/20 19:15:00",HALLWF1,88.19
D,DISPATCH,UNIT_SCADA,1,"2019/08/20 19:15:00",HALLWF2,65.69
D,DISPATCH,UNIT_SCADA,1,"2019/08/20 19:15:00",HAMISF1,0
D,DISPATCH,UNIT_SCADA,1,"2019/08/20 19:15:00",HAUGHT11,0
D,DISPATCH,UNIT_SCADA,1,"2019/08/20 19:15:00",HAYMSF1,0
D,DISPATCH,UNIT_SCADA,1,"2019/08/20 19:15:00",HDWF1,64.40
D,DISPATCH,UNIT_SCADA,1,"2019/08/20 19:15:00",HDWF2,44.60
D,DISPATCH,UNIT_SCADA,1,"2019/08/20 19:15:00",HDWF3,48.90
D,DISPATCH,UNIT_SCADA,1,"2019/08/20 19:15:00",HPRG1,0
D,DISPATCH,UNIT_SCADA,1,"2019/08/20 19:15:00",HPRL1,13.80
D,DISPATCH,UNIT_SCADA,1,"2019/08/20 19:15:00",HUMENSW,0
D,DISPATCH,UNIT_SCADA,1,"2019/08/20 19:15:00",HUMEV,8
D,DISPATCH,UNIT_SCADA,1,"2019/08/20 19:15:00",HVGTS,0
D,DISPATCH,UNIT_SCADA,1,"2019/08/20 19:15:00",JBUTTERS,131.78
D,DISPATCH,UNIT_SCADA,1,"2019/08/20 19:15:00",JLA01,0.50
D,DISPATCH,UNIT_SCADA,1,"2019/08/20 19:15:00",JLA02,0
D,DISPATCH,UNIT_SCADA,1,"2019/08/20 19:15:00",JLA03,0.10
D,DISPATCH,UNIT_SCADA,1,"2019/08/20 19:15:00",JLA04,0.10
D,DISPATCH,UNIT_SCADA,1,"2019/08/20 19:15:00",JLB01,0
D,DISPATCH,UNIT_SCADA,1,"2019/08/20 19:15:00",JLB02,30.10
D,DISPATCH,UNIT_SCADA,1,"2019/08/20 19:15:00",JLB03,0
D,DISPATCH,UNIT_SCADA,1,"2019/08/20 19:15:00",KAREEYA1,21.4825
D,DISPATCH,UNIT_SCADA,1,"2019/08/20 19:15:00",KAREEYA2,21.6150
D,DISPATCH,UNIT_SCADA,1,"2019/08/20 19:15:00",KAREEYA3,0
D,DISPATCH,UNIT_SCADA,1,"2019/08/20 19:15:00",KAREEYA4,21.5375
D,DISPATCH,UNIT_SCADA,1,"2019/08/20 19:15:00",KARSF1,0
D,DISPATCH,UNIT_SCADA,1,"2019/08/20 19:15:00",KIATAWF1,30.90
D,DISPATCH,UNIT_SCADA,1,"2019/08/20 19:15:00",KPP_1,0
D,DISPATCH,UNIT_SCADA,1,"2019/08/20 19:15:00",KSP1,0
D,DISPATCH,UNIT_SCADA,1,"2019/08/20 19:15:00",LADBROK1,42.64
D,DISPATCH,UNIT_SCADA,1,"2019/08/20 19:15:00",LADBROK2,43.32
D,DISPATCH,UNIT_SCADA,1,"2019/08/20 19:15:00",LD01,420
D,DISPATCH,UNIT_SCADA,1,"2019/08/20 19:15:00",LD02,420
D,DISPATCH,UNIT_SCADA,1,"2019/08/20 19:15:00",LD03,420
D,DISPATCH,UNIT_SCADA,1,"2019/08/20 19:15:00",LD04,380
D,DISPATCH,UNIT_SCADA,1,"2019/08/20 19:15:00",LEM_WIL,85.5992
D,DISPATCH,UNIT_SCADA,1,"2019/08/20 19:15:00",LGAPWF1,29.62
D,DISPATCH,UNIT_SCADA,1,"2019/08/20 19:15:00",LILYSF1,0
D,DISPATCH,UNIT_SCADA,1,"2019/08/20 19:15:00",LI_WY_CA,149.057510
D,DISPATCH,UNIT_SCADA,1,"2019/08/20 19:15:00",LKBONNY2,154.426150
D,DISPATCH,UNIT_SCADA,1,"2019/08/20 19:15:00",LKBONNY3,38.238080
D,DISPATCH,UNIT_SCADA,1,"2019/08/20 19:15:00",LK_ECHO,0
D,DISPATCH,UNIT_SCADA,1,"2019/08/20 19:15:00",LNGS1,0
D,DISPATCH,UNIT_SCADA,1,"2019/08/20 19:15:00",LNGS2,0
D,DISPATCH,UNIT_SCADA,1,"2019/08/20 19:15:00",LONSDALE,0
D,DISPATCH,UNIT_SCADA,1,"2019/08/20 19:15:00",LOYYB1,535.336730
D,DISPATCH,UNIT_SCADA,1,"2019/08/20 19:15:00",LOYYB2,581.954410
D,DISPATCH,UNIT_SCADA,1,"2019/08/20 19:15:00",LYA1,560
D,DISPATCH,UNIT_SCADA,1,"2019/08/20 19:15:00",LYA2,0
D,DISPATCH,UNIT_SCADA,1,"2019/08/20 19:15:00",LYA3,562
D,DISPATCH,UNIT_SCADA,1,"2019/08/20 19:15:00",LYA4,541
D,DISPATCH,UNIT_SCADA,1,"2019/08/20 19:15:00",MACARTH1,343.492070
D,DISPATCH,UNIT_SCADA,1,"2019/08/20 19:15:00",MACKAYGT,0
D,DISPATCH,UNIT_SCADA,1,"2019/08/20 19:15:00",MACKNTSH,85.280010
D,DISPATCH,UNIT_SCADA,1,"2019/08/20 19:15:00",MANSLR1,0
D,DISPATCH,UNIT_SCADA,1,"2019/08/20 19:15:00",MCKAY1,0.02
D,DISPATCH,UNIT_SCADA,1,"2019/08/20 19:15:00",MEADOWBK,34.0102
D,DISPATCH,UNIT_SCADA,1,"2019/08/20 19:15:00",MERCER01,113.7020
D,DISPATCH,UNIT_SCADA,1,"2019/08/20 19:15:00",MEWF1,39.864320
D,DISPATCH,UNIT_SCADA,1,"2019/08/20 19:15:00",MINTARO,0
D,DISPATCH,UNIT_SCADA,1,"2019/08/20 19:15:00",MOREESF1,0
D,DISPATCH,UNIT_SCADA,1,"2019/08/20 19:15:00",MORTLK11,199
D,DISPATCH,UNIT_SCADA,1,"2019/08/20 19:15:00",MORTLK12,0
D,DISPATCH,UNIT_SCADA,1,"2019/08/20 19:15:00",MP1,280
D,DISPATCH,UNIT_SCADA,1,"2019/08/20 19:15:00",MP2,0
D,DISPATCH,UNIT_SCADA,1,"2019/08/20 19:15:00",MPP_1,414.50
D,DISPATCH,UNIT_SCADA,1,"2019/08/20 19:15:00",MPP_2,434.75
D,DISPATCH,UNIT_SCADA,1,"2019/08/20 19:15:00",MSTUART1,0
D,DISPATCH,UNIT_SCADA,1,"2019/08/20 19:15:00",MSTUART2,0
D,DISPATCH,UNIT_SCADA,1,"2019/08/20 19:15:00",MSTUART3,0
D,DISPATCH,UNIT_SCADA,1,"2019/08/20 19:15:00",MTGELWF1,64.589370
D,DISPATCH,UNIT_SCADA,1,"2019/08/20 19:15:00",MURRAY,18.265270
D,DISPATCH,UNIT_SCADA,1,"2019/08/20 19:15:00",MUSSELR1,17
D,DISPATCH,UNIT_SCADA,1,"2019/08/20 19:15:00",MUWAWF1,37.54
D,DISPATCH,UNIT_SCADA,1,"2019/08/20 19:15:00",NBHWF1,74.60
D,DISPATCH,UNIT_SCADA,1,"2019/08/20 19:15:00",NPS,516
D,DISPATCH,UNIT_SCADA,1,"2019/08/20 19:15:00",NUMURSF1,0
D,DISPATCH,UNIT_SCADA,1,"2019/08/20 19:15:00",NYNGAN1,0
D,DISPATCH,UNIT_SCADA,1,"2019/08/20 19:15:00",OAKEY1,0
D,DISPATCH,UNIT_SCADA,1,"2019/08/20 19:15:00",OAKEY1SF,0.0380
D,DISPATCH,UNIT_SCADA,1,"2019/08/20 19:15:00",OAKEY2,0
D,DISPATCH,UNIT_SCADA,1,"2019/08/20 19:15:00",OAKLAND1,62.10
D,DISPATCH,UNIT_SCADA,1,"2019/08/20 19:15:00",OSB-AG,184.019990
D,DISPATCH,UNIT_SCADA,1,"2019/08/20 19:15:00",PARSF1,0
D,DISPATCH,UNIT_SCADA,1,"2019/08/20 19:15:00",POAT110,0
D,DISPATCH,UNIT_SCADA,1,"2019/08/20 19:15:00",POAT220,50.147130
D,DISPATCH,UNIT_SCADA,1,"2019/08/20 19:15:00",POR01,0
D,DISPATCH,UNIT_SCADA,1,"2019/08/20 19:15:00",POR03,0
D,DISPATCH,UNIT_SCADA,1,"2019/08/20 19:15:00",PPCCGT,495.682460
D,DISPATCH,UNIT_SCADA,1,"2019/08/20 19:15:00",PTSTAN1,0
D,DISPATCH,UNIT_SCADA,1,"2019/08/20 19:15:00",PUMP1,0
D,DISPATCH,UNIT_SCADA,1,"2019/08/20 19:15:00",PUMP2,0
D,DISPATCH,UNIT_SCADA,1,"2019/08/20 19:15:00",QPS1,29
D,DISPATCH,UNIT_SCADA,1,"2019/08/20 19:15:00",QPS2,0
D,DISPATCH,UNIT_SCADA,1,"2019/08/20 19:15:00",QPS3,0
D,DISPATCH,UNIT_SCADA,1,"2019/08/20 19:15:00",QPS4,0
D,DISPATCH,UNIT_SCADA,1,"2019/08/20 19:15:00",QPS5,0
D,DISPATCH,UNIT_SCADA,1,"2019/08/20 19:15:00",REECE1,116.570010
D,DISPATCH,UNIT_SCADA,1,"2019/08/20 19:15:00",REECE2,117.290010
D,DISPATCH,UNIT_SCADA,1,"2019/08/20 19:15:00",ROMA_7,0
D,DISPATCH,UNIT_SCADA,1,"2019/08/20 19:15:00",ROMA_8,0
D,DISPATCH,UNIT_SCADA,1,"2019/08/20 19:15:00",RRSF1,0
D,DISPATCH,UNIT_SCADA,1,"2019/08/20 19:15:00",RT_NSW1,0
D,DISPATCH,UNIT_SCADA,1,"2019/08/20 19:15:00",RT_NSW2,0
D,DISPATCH,UNIT_SCADA,1,"2019/08/20 19:15:00",RT_NSW3,0
D,DISPATCH,UNIT_SCADA,1,"2019/08/20 19:15:00",RT_NSW4,0
D,DISPATCH,UNIT_SCADA,1,"2019/08/20 19:15:00",RT_NSW5,0
D,DISPATCH,UNIT_SCADA,1,"2019/08/20 19:15:00",RT_NSW6,0
D,DISPATCH,UNIT_SCADA,1,"2019/08/20 19:15:00",RT_QLD1,0
D,DISPATCH,UNIT_SCADA,1,"2019/08/20 19:15:00",RT_SA1,0
D,DISPATCH,UNIT_SCADA,1,"2019/08/20 19:15:00",RT_SA2,0
D,DISPATCH,UNIT_SCADA,1,"2019/08/20 19:15:00",RT_SA3,0
D,DISPATCH,UNIT_SCADA,1,"2019/08/20 19:15:00",RT_SA4,0
D,DISPATCH,UNIT_SCADA,1,"2019/08/20 19:15:00",RT_SA5,0
D,DISPATCH,UNIT_SCADA,1,"2019/08/20 19:15:00",RT_SA6,0
D,DISPATCH,UNIT_SCADA,1,"2019/08/20 19:15:00",RT_TAS1,0
D,DISPATCH,UNIT_SCADA,1,"2019/08/20 19:15:00",RT_VIC1,0
D,DISPATCH,UNIT_SCADA,1,"2019/08/20 19:15:00",RT_VIC10,0
D,DISPATCH,UNIT_SCADA,1,"2019/08/20 19:15:00",RT_VIC11,0
D,DISPATCH,UNIT_SCADA,1,"2019/08/20 19:15:00",RT_VIC12,0
D,DISPATCH,UNIT_SCADA,1,"2019/08/20 19:15:00",RT_VIC2,0
D,DISPATCH,UNIT_SCADA,1,"2019/08/20 19:15:00",RT_VIC3,0
D,DISPATCH,UNIT_SCADA,1,"2019/08/20 19:15:00",RT_VIC4,0
D,DISPATCH,UNIT_SCADA,1,"2019/08/20 19:15:00",RT_VIC5,0
D,DISPATCH,UNIT_SCADA,1,"2019/08/20 19:15:00",RT_VIC6,0
D,DISPATCH,UNIT_SCADA,1,"2019/08/20 19:15:00",RT_VIC7,0
D,DISPATCH,UNIT_SCADA,1,"2019/08/20 19:15:00",RT_VIC8,0
D,DISPATCH,UNIT_SCADA,1,"2019/08/20 19:15:00",RT_VIC9,0
D,DISPATCH,UNIT_SCADA,1,"2019/08/20 19:15:00",RUGBYR1,0
D,DISPATCH,UNIT_SCADA,1,"2019/08/20 19:15:00",SALTCRK1,50.33
D,DISPATCH,UNIT_SCADA,1,"2019/08/20 19:15:00",SAPHWF1,126.4830
D,DISPATCH,UNIT_SCADA,1,"2019/08/20 19:15:00",SHGEN,200
D,DISPATCH,UNIT_SCADA,1,"2019/08/20 19:15:00",SHPUMP,0
D,DISPATCH,UNIT_SCADA,1,"2019/08/20 19:15:00",SITHE01,0.123710
D,DISPATCH,UNIT_SCADA,1,"2019/08/20 19:15:00",SMCSF1,0
D,DISPATCH,UNIT_SCADA,1,"2019/08/20 19:15:00",SNOWNTH1,112.50
D,DISPATCH,UNIT_SCADA,1,"2019/08/20 19:15:00",SNOWSTH1,110.20
D,DISPATCH,UNIT_SCADA,1,"2019/08/20 19:15:00",SNOWTWN1,86.252170
D,DISPATCH,UNIT_SCADA,1,"2019/08/20 19:15:00",SNOWYP,0
D,DISPATCH,UNIT_SCADA,1,"2019/08/20 19:15:00",SNUG1,0.019440
D,DISPATCH,UNIT_SCADA,1,"2019/08/20 19:15:00",SRSF1,0.07
D,DISPATCH,UNIT_SCADA,1,"2019/08/20 19:15:00",STAN-1,0
D,DISPATCH,UNIT_SCADA,1,"2019/08/20 19:15:00",STAN-2,349.541410
D,DISPATCH,UNIT_SCADA,1,"2019/08/20 19:15:00",STAN-3,357.988340
D,DISPATCH,UNIT_SCADA,1,"2019/08/20 19:15:00",STAN-4,368.960390
D,DISPATCH,UNIT_SCADA,1,"2019/08/20 19:15:00",STWF1,35.9420
D,DISPATCH,UNIT_SCADA,1,"2019/08/20 19:15:00",SWAN_E,0
D,DISPATCH,UNIT_SCADA,1,"2019/08/20 19:15:00",TALWA1,422
D,DISPATCH,UNIT_SCADA,1,"2019/08/20 19:15:00",TARALGA1,104.3240
D,DISPATCH,UNIT_SCADA,1,"2019/08/20 19:15:00",TARONG#1,349.700010
D,DISPATCH,UNIT_SCADA,1,"2019/08/20 19:15:00",TARONG#2,349
D,DISPATCH,UNIT_SCADA,1,"2019/08/20 19:15:00",TARONG#3,260.700010
D,DISPATCH,UNIT_SCADA,1,"2019/08/20 19:15:00",TARONG#4,350.399990
D,DISPATCH,UNIT_SCADA,1,"2019/08/20 19:15:00",TARRALEA,85.20
D,DISPATCH,UNIT_SCADA,1,"2019/08/20 19:15:00",TBSF1,-0.20
D,DISPATCH,UNIT_SCADA,1,"2019/08/20 19:15:00",TNPS1,441.700010
D,DISPATCH,UNIT_SCADA,1,"2019/08/20 19:15:00",TORRA1,68.969950
D,DISPATCH,UNIT_SCADA,1,"2019/08/20 19:15:00",TORRA2,0
D,DISPATCH,UNIT_SCADA,1,"2019/08/20 19:15:00",TORRA3,0
D,DISPATCH,UNIT_SCADA,1,"2019/08/20 19:15:00",TORRA4,0
D,DISPATCH,UNIT_SCADA,1,"2019/08/20 19:15:00",TORRB1,89.88
D,DISPATCH,UNIT_SCADA,1,"2019/08/20 19:15:00",TORRB2,156.83
D,DISPATCH,UNIT_SCADA,1,"2019/08/20 19:15:00",TORRB3,0
D,DISPATCH,UNIT_SCADA,1,"2019/08/20 19:15:00",TORRB4,0
D,DISPATCH,UNIT_SCADA,1,"2019/08/20 19:15:00",TREVALLN,69.150020
D,DISPATCH,UNIT_SCADA,1,"2019/08/20 19:15:00",TRIBUTE,71
D,DISPATCH,UNIT_SCADA,1,"2019/08/20 19:15:00",TUMUT3,852.730040
D,DISPATCH,UNIT_SCADA,1,"2019/08/20 19:15:00",TUNGATIN,131.840030
D,DISPATCH,UNIT_SCADA,1,"2019/08/20 19:15:00",TVCC201,0
D,DISPATCH,UNIT_SCADA,1,"2019/08/20 19:15:00",TVPP104,0
D,DISPATCH,UNIT_SCADA,1,"2019/08/20 19:15:00",UPPTUMUT,0
D,DISPATCH,UNIT_SCADA,1,"2019/08/20 19:15:00",URANQ11,0
D,DISPATCH,UNIT_SCADA,1,"2019/08/20 19:15:00",URANQ12,0
D,DISPATCH,UNIT_SCADA,1,"2019/08/20 19:15:00",URANQ13,0
D,DISPATCH,UNIT_SCADA,1,"2019/08/20 19:15:00",URANQ14,0
D,DISPATCH,UNIT_SCADA,1,"2019/08/20 19:15:00",VP5,630
D,DISPATCH,UNIT_SCADA,1,"2019/08/20 19:15:00",VP6,550
D,DISPATCH,UNIT_SCADA,1,"2019/08/20 19:15:00",VPGS1,0
D,DISPATCH,UNIT_SCADA,1,"2019/08/20 19:15:00",VPGS2,0
D,DISPATCH,UNIT_SCADA,1,"2019/08/20 19:15:00",VPGS3,0
D,DISPATCH,UNIT_SCADA,1,"2019/08/20 19:15:00",VPGS4,0
D,DISPATCH,UNIT_SCADA,1,"2019/08/20 19:15:00",VPGS5,0
D,DISPATCH,UNIT_SCADA,1,"2019/08/20 19:15:00",VPGS6,0
D,DISPATCH,UNIT_SCADA,1,"2019/08/20 19:15:00",W/HOE#1,286.579990
D,DISPATCH,UNIT_SCADA,1,"2019/08/20 19:15:00",W/HOE#2,0
D,DISPATCH,UNIT_SCADA,1,"2019/08/20 19:15:00",WATERLWF,123.30
D,DISPATCH,UNIT_SCADA,1,"2019/08/20 19:15:00",WEMENSF1,0
D,DISPATCH,UNIT_SCADA,1,"2019/08/20 19:15:00",WGWF1,83
D,DISPATCH,UNIT_SCADA,1,"2019/08/20 19:15:00",WHITSF1,0
D,DISPATCH,UNIT_SCADA,1,"2019/08/20 19:15:00",WKIEWA1,0
D,DISPATCH,UNIT_SCADA,1,"2019/08/20 19:15:00",WKIEWA2,0.10
D,DISPATCH,UNIT_SCADA,1,"2019/08/20 19:15:00",WOODLWN1,45.0870
D,DISPATCH,UNIT_SCADA,1,"2019/08/20 19:15:00",WRSF1,0
D,DISPATCH,UNIT_SCADA,1,"2019/08/20 19:15:00",WRWF1,122.1750
D,DISPATCH,UNIT_SCADA,1,"2019/08/20 19:15:00",YABULU,0
D,DISPATCH,UNIT_SCADA,1,"2019/08/20 19:15:00",YABULU2,0
D,DISPATCH,UNIT_SCADA,1,"2019/08/20 19:15:00",YARWUN_1,0
D,DISPATCH,UNIT_SCADA,1,"2019/08/20 19:15:00",YENDWF1,42.25
D,DISPATCH,UNIT_SCADA,1,"2019/08/20 19:15:00",YWPS1,378.445560
D,DISPATCH,UNIT_SCADA,1,"2019/08/20 19:15:00",YWPS2,278.443020
D,DISPATCH,UNIT_SCADA,1,"2019/08/20 19:15:00",YWPS3,0
D,DISPATCH,UNIT_SCADA,1,"2019/08/20 19:15:00",YWPS4,395.237980
C,"END OF REPORT",330
