C,NEMP.WORLD,DISPATCHSCADA,AEMO,PUBLIC,2019/08/23,05:20:07,0000000311894670,DISPATCHSCADA,0000000311894664
I,DISPATCH,UNIT_SCADA,1,SETTLEMENTDATE,DUID,SCADAVALUE
D,DISPATCH,UNIT_SCADA,1,"2019/08/23 05:25:00",BARCSF1,0
D,DISPATCH,UNIT_SCADA,1,"2019/08/23 05:25:00",BUTLERSG,9.699999
D,DISPATCH,UNIT_SCADA,1,"2019/08/23 05:25:00",CALL_A_4,0
D,DISPATCH,UNIT_SCADA,1,"2019/08/23 05:25:00",CAPTL_WF,0
D,DISPATCH,UNIT_SCADA,1,"2019/08/23 05:25:00",CATHROCK,47.649998
D,DISPATCH,UNIT_SCADA,1,"2019/08/23 05:25:00",CHALLHWF,0
D,DISPATCH,UNIT_SCADA,1,"2019/08/23 05:25:00",CLOVER,0
D,DISPATCH,UNIT_SCADA,1,"2019/08/23 05:25:00",CLUNY,20.302586
D,DISPATCH,UNIT_SCADA,1,"2019/08/23 05:25:00",CNUNDAWF,4.305022
D,DISPATCH,UNIT_SCADA,1,"2019/08/23 05:25:00",CULLRGWF,4.29
D,DISPATCH,UNIT_SCADA,1,"2019/08/23 05:25:00",ERGT01,0
D,DISPATCH,UNIT_SCADA,1,"2019/08/23 05:25:00",GB01,0.054832
D,DISPATCH,UNIT_SCADA,1,"2019/08/23 05:25:00",GERMCRK,37.200001
D,DISPATCH,UNIT_SCADA,1,"2019/08/23 05:25:00",GRIFSF1,0
D,DISPATCH,UNIT_SCADA,1,"2019/08/23 05:25:00",HUGSF1,-0.2370
D,DISPATCH,UNIT_SCADA,1,"2019/08/23 05:25:00",LKBONNY1,4.733396
D,DISPATCH,UNIT_SCADA,1,"2019/08/23 05:25:00",LRSF1,-0.0130
D,DISPATCH,UNIT_SCADA,1,"2019/08/23 05:25:00",MBAHNTH,55.631256
D,DISPATCH,UNIT_SCADA,1,"2019/08/23 05:25:00",MLSP1,0.180001
D,DISPATCH,UNIT_SCADA,1,"2019/08/23 05:25:00",MLWF1,0.93
D,DISPATCH,UNIT_SCADA,1,"2019/08/23 05:25:00",MTMILLAR,18.744663
D,DISPATCH,UNIT_SCADA,1,"2019/08/23 05:25:00",PALOONA,30.23
D,DISPATCH,UNIT_SCADA,1,"2019/08/23 05:25:00",PIONEER,44.799999
D,DISPATCH,UNIT_SCADA,1,"2019/08/23 05:25:00",PORTWF,37
D,DISPATCH,UNIT_SCADA,1,"2019/08/23 05:25:00",REPULSE,28.942703
D,DISPATCH,UNIT_SCADA,1,"2019/08/23 05:25:00",ROWALLAN,10.3518
D,DISPATCH,UNIT_SCADA,1,"2019/08/23 05:25:00",ROYALLA1,0
D,DISPATCH,UNIT_SCADA,1,"2019/08/23 05:25:00",RPCG,10.20
D,DISPATCH,UNIT_SCADA,1,"2019/08/23 05:25:00",RUBICON,0
D,DISPATCH,UNIT_SCADA,1,"2019/08/23 05:25:00",SATGN1,0
D,DISPATCH,UNIT_SCADA,1,"2019/08/23 05:25:00",SATGS1,0
D,DISPATCH,UNIT_SCADA,1,"2019/08/23 05:25:00",STARHLWF,2.999125
D,DISPATCH,UNIT_SCADA,1,"2019/08/23 05:25:00",WAUBRAWF,9.7350
D,DISPATCH,UNIT_SCADA,1,"2019/08/23 05:25:00",WOOLNTH1,31.720016
D,DISPATCH,UNIT_SCADA,1,"2019/08/23 05:25:00",WPWF,8
D,DISPATCH,UNIT_SCADA,1,"2019/08/23 05:25:00",YAMBUKWF,3.40
D,DISPATCH,UNIT_SCADA,1,"2019/08/23 05:25:00",YSWF1,1.40
D,DISPATCH,UNIT_SCADA,1,"2019/08/23 05:25:00",AGLHAL,0
D,DISPATCH,UNIT_SCADA,1,"2019/08/23 05:25:00",AGLSOM,0
D,DISPATCH,UNIT_SCADA,1,"2019/08/23 05:25:00",ANGAST1,0
D,DISPATCH,UNIT_SCADA,1,"2019/08/23 05:25:00",ARWF1,-1.40
D,DISPATCH,UNIT_SCADA,1,"2019/08/23 05:25:00",BALBG1,0
D,DISPATCH,UNIT_SCADA,1,"2019/08/23 05:25:00",BALBL1,9.07
D,DISPATCH,UNIT_SCADA,1,"2019/08/23 05:25:00",BALDHWF1,10.7050
D,DISPATCH,UNIT_SCADA,1,"2019/08/23 05:25:00",BANN1,0
D,DISPATCH,UNIT_SCADA,1,"2019/08/23 05:25:00",BARCALDN,0
D,DISPATCH,UNIT_SCADA,1,"2019/08/23 05:25:00",BARRON-1,0
D,DISPATCH,UNIT_SCADA,1,"2019/08/23 05:25:00",BARRON-2,0
D,DISPATCH,UNIT_SCADA,1,"2019/08/23 05:25:00",BASTYAN,78.26
D,DISPATCH,UNIT_SCADA,1,"2019/08/23 05:25:00",BBTHREE1,-1.92
D,DISPATCH,UNIT_SCADA,1,"2019/08/23 05:25:00",BBTHREE2,-2
D,DISPATCH,UNIT_SCADA,1,"2019/08/23 05:25:00",BBTHREE3,-1
D,DISPATCH,UNIT_SCADA,1,"2019/08/23 05:25:00",BDL01,0
D,DISPATCH,UNIT_SCADA,1,"2019/08/23 05:25:00",BDL02,0
D,DISPATCH,UNIT_SCADA,1,"2019/08/23 05:25:00",BERYLSF1,-0.190320
D,DISPATCH,UNIT_SCADA,1,"2019/08/23 05:25:00",BLOWERNG,0
D,DISPATCH,UNIT_SCADA,1,"2019/08/23 05:25:00",BLUFF1,8.10
D,DISPATCH,UNIT_SCADA,1,"2019/08/23 05:25:00",BNGSF1,0
D,DISPATCH,UNIT_SCADA,1,"2019/08/23 05:25:00",BNGSF2,0
D,DISPATCH,UNIT_SCADA,1,"2019/08/23 05:25:00",BOCORWF1,17.40
D,DISPATCH,UNIT_SCADA,1,"2019/08/23 05:25:00",BODWF1,49.719180
D,DISPATCH,UNIT_SCADA,1,"2019/08/23 05:25:00",BRAEMAR1,0
D,DISPATCH,UNIT_SCADA,1,"2019/08/23 05:25:00",BRAEMAR2,0
D,DISPATCH,UNIT_SCADA,1,"2019/08/23 05:25:00",BRAEMAR3,0
D,DISPATCH,UNIT_SCADA,1,"2019/08/23 05:25:00",BRAEMAR5,0
D,DISPATCH,UNIT_SCADA,1,"2019/08/23 05:25:00",BRAEMAR6,0
D,DISPATCH,UNIT_SCADA,1,"2019/08/23 05:25:00",BRAEMAR7,0
D,DISPATCH,UNIT_SCADA,1,"2019/08/23 05:25:00",BROKENH1,0
D,DISPATCH,UNIT_SCADA,1,"2019/08/23 05:25:00",BW01,626.224980
D,DISPATCH,UNIT_SCADA,1,"2019/08/23 05:25:00",BW02,641.049930
D,DISPATCH,UNIT_SCADA,1,"2019/08/23 05:25:00",BW03,629.75
D,DISPATCH,UNIT_SCADA,1,"2019/08/23 05:25:00",BW04,0
D,DISPATCH,UNIT_SCADA,1,"2019/08/23 05:25:00",CALL_B_1,350
D,DISPATCH,UNIT_SCADA,1,"2019/08/23 05:25:00",CALL_B_2,348.50
D,DISPATCH,UNIT_SCADA,1,"2019/08/23 05:25:00",CETHANA,98.304250
D,DISPATCH,UNIT_SCADA,1,"2019/08/23 05:25:00",CG1,0
D,DISPATCH,UNIT_SCADA,1,"2019/08/23 05:25:00",CG2,0
D,DISPATCH,UNIT_SCADA,1,"2019/08/23 05:25:00",CG3,0
D,DISPATCH,UNIT_SCADA,1,"2019/08/23 05:25:00",CG4,0
D,DISPATCH,UNIT_SCADA,1,"2019/08/23 05:25:00",CHILDSF1,0
D,DISPATCH,UNIT_SCADA,1,"2019/08/23 05:25:00",CLARESF1,0
D,DISPATCH,UNIT_SCADA,1,"2019/08/23 05:25:00",CLEMGPWF,28.309760
D,DISPATCH,UNIT_SCADA,1,"2019/08/23 05:25:00",CLERMSF1,0
D,DISPATCH,UNIT_SCADA,1,"2019/08/23 05:25:00",COLEASF1,0
D,DISPATCH,UNIT_SCADA,1,"2019/08/23 05:25:00",COOPGWF1,12.271320
D,DISPATCH,UNIT_SCADA,1,"2019/08/23 05:25:00",CPP_3,406.175020
D,DISPATCH,UNIT_SCADA,1,"2019/08/23 05:25:00",CPP_4,405.075010
D,DISPATCH,UNIT_SCADA,1,"2019/08/23 05:25:00",CPSA,142.445630
D,DISPATCH,UNIT_SCADA,1,"2019/08/23 05:25:00",CROOKWF2,0.328750
D,DISPATCH,UNIT_SCADA,1,"2019/08/23 05:25:00",CROWLWF1,0.242540
D,DISPATCH,UNIT_SCADA,1,"2019/08/23 05:25:00",CSPVPS1,0
D,DISPATCH,UNIT_SCADA,1,"2019/08/23 05:25:00",DALNTH01,0
D,DISPATCH,UNIT_SCADA,1,"2019/08/23 05:25:00",DALNTHL1,0.233460
D,DISPATCH,UNIT_SCADA,1,"2019/08/23 05:25:00",DARTM1,0
D,DISPATCH,UNIT_SCADA,1,"2019/08/23 05:25:00",DAYDSF1,0
D,DISPATCH,UNIT_SCADA,1,"2019/08/23 05:25:00",DDPS1,251.495320
D,DISPATCH,UNIT_SCADA,1,"2019/08/23 05:25:00",DDSF1,0
D,DISPATCH,UNIT_SCADA,1,"2019/08/23 05:25:00",DEVILS_G,0
D,DISPATCH,UNIT_SCADA,1,"2019/08/23 05:25:00",DG_NSW1,0
D,DISPATCH,UNIT_SCADA,1,"2019/08/23 05:25:00",DG_QLD1,0
D,DISPATCH,UNIT_SCADA,1,"2019/08/23 05:25:00",DG_SA1,0
D,DISPATCH,UNIT_SCADA,1,"2019/08/23 05:25:00",DG_TAS1,0
D,DISPATCH,UNIT_SCADA,1,"2019/08/23 05:25:00",DG_VIC1,0
D,DISPATCH,UNIT_SCADA,1,"2019/08/23 05:25:00",DRYCGT1,0
D,DISPATCH,UNIT_SCADA,1,"2019/08/23 05:25:00",DRYCGT2,0
D,DISPATCH,UNIT_SCADA,1,"2019/08/23 05:25:00",DRYCGT3,0
D,DISPATCH,UNIT_SCADA,1,"2019/08/23 05:25:00",EILDON1,0
D,DISPATCH,UNIT_SCADA,1,"2019/08/23 05:25:00",EILDON2,0
D,DISPATCH,UNIT_SCADA,1,"2019/08/23 05:25:00",EMERASF1,0
D,DISPATCH,UNIT_SCADA,1,"2019/08/23 05:25:00",ER01,574.525020
D,DISPATCH,UNIT_SCADA,1,"2019/08/23 05:25:00",ER02,570.300050
D,DISPATCH,UNIT_SCADA,1,"2019/08/23 05:25:00",ER03,523.8750
D,DISPATCH,UNIT_SCADA,1,"2019/08/23 05:25:00",ER04,569.50
D,DISPATCH,UNIT_SCADA,1,"2019/08/23 05:25:00",FINLYSF1,0
D,DISPATCH,UNIT_SCADA,1,"2019/08/23 05:25:00",FISHER,45.93
D,DISPATCH,UNIT_SCADA,1,"2019/08/23 05:25:00",GANNBG1,0
D,DISPATCH,UNIT_SCADA,1,"2019/08/23 05:25:00",GANNBL1,10.0090
D,DISPATCH,UNIT_SCADA,1,"2019/08/23 05:25:00",GANNSF1,0
D,DISPATCH,UNIT_SCADA,1,"2019/08/23 05:25:00",GORDON,97.8488
D,DISPATCH,UNIT_SCADA,1,"2019/08/23 05:25:00",GSTONE1,224.70
D,DISPATCH,UNIT_SCADA,1,"2019/08/23 05:25:00",GSTONE2,224.1750
D,DISPATCH,UNIT_SCADA,1,"2019/08/23 05:25:00",GSTONE3,224.8750
D,DISPATCH,UNIT_SCADA,1,"2019/08/23 05:25:00",GSTONE4,225.05
D,DISPATCH,UNIT_SCADA,1,"2019/08/23 05:25:00",GSTONE5,224.349990
D,DISPATCH,UNIT_SCADA,1,"2019/08/23 05:25:00",GSTONE6,0
D,DISPATCH,UNIT_SCADA,1,"2019/08/23 05:25:00",GULLRSF1,0
D,DISPATCH,UNIT_SCADA,1,"2019/08/23 05:25:00",GULLRWF1,19.455380
D,DISPATCH,UNIT_SCADA,1,"2019/08/23 05:25:00",GUNNING1,6.983660
D,DISPATCH,UNIT_SCADA,1,"2019/08/23 05:25:00",GUTHEGA,0
D,DISPATCH,UNIT_SCADA,1,"2019/08/23 05:25:00",HALLWF1,36.73
D,DISPATCH,UNIT_SCADA,1,"2019/08/23 05:25:00",HALLWF2,13.93
D,DISPATCH,UNIT_SCADA,1,"2019/08/23 05:25:00",HAMISF1,0
D,DISPATCH,UNIT_SCADA,1,"2019/08/23 05:25:00",HAUGHT11,0
D,DISPATCH,UNIT_SCADA,1,"2019/08/23 05:25:00",HAYMSF1,0
D,DISPATCH,UNIT_SCADA,1,"2019/08/23 05:25:00",HDWF1,49.30
D,DISPATCH,UNIT_SCADA,1,"2019/08/23 05:25:00",HDWF2,55.20
D,DISPATCH,UNIT_SCADA,1,"2019/08/23 05:25:00",HDWF3,53.90
D,DISPATCH,UNIT_SCADA,1,"2019/08/23 05:25:00",HPRG1,0
D,DISPATCH,UNIT_SCADA,1,"2019/08/23 05:25:00",HPRL1,39.60
D,DISPATCH,UNIT_SCADA,1,"2019/08/23 05:25:00",HUMENSW,0
D,DISPATCH,UNIT_SCADA,1,"2019/08/23 05:25:00",HUMEV,8.30
D,DISPATCH,UNIT_SCADA,1,"2019/08/23 05:25:00",HVGTS,0
D,DISPATCH,UNIT_SCADA,1,"2019/08/23 05:25:00",JBUTTERS,138.539990
D,DISPATCH,UNIT_SCADA,1,"2019/08/23 05:25:00",JLA01,0.10
D,DISPATCH,UNIT_SCADA,1,"2019/08/23 05:25:00",JLA02,0
D,DISPATCH,UNIT_SCADA,1,"2019/08/23 05:25:00",JLA03,0.10
D,DISPATCH,UNIT_SCADA,1,"2019/08/23 05:25:00",JLA04,0.10
D,DISPATCH,UNIT_SCADA,1,"2019/08/23 05:25:00",JLB01,0
D,DISPATCH,UNIT_SCADA,1,"2019/08/23 05:25:00",JLB02,0.10
D,DISPATCH,UNIT_SCADA,1,"2019/08/23 05:25:00",JLB03,0
D,DISPATCH,UNIT_SCADA,1,"2019/08/23 05:25:00",KAREEYA1,21.5450
D,DISPATCH,UNIT_SCADA,1,"2019/08/23 05:25:00",KAREEYA2,21.6825
D,DISPATCH,UNIT_SCADA,1,"2019/08/23 05:25:00",KAREEYA3,0
D,DISPATCH,UNIT_SCADA,1,"2019/08/23 05:25:00",KAREEYA4,21.7475
D,DISPATCH,UNIT_SCADA,1,"2019/08/23 05:25:00",KARSF1,0
D,DISPATCH,UNIT_SCADA,1,"2019/08/23 05:25:00",KIATAWF1,1.10
D,DISPATCH,UNIT_SCADA,1,"2019/08/23 05:25:00",KPP_1,0
D,DISPATCH,UNIT_SCADA,1,"2019/08/23 05:25:00",KSP1,0
D,DISPATCH,UNIT_SCADA,1,"2019/08/23 05:25:00",LADBROK1,0
D,DISPATCH,UNIT_SCADA,1,"2019/08/23 05:25:00",LADBROK2,0
D,DISPATCH,UNIT_SCADA,1,"2019/08/23 05:25:00",LD01,336.150050
D,DISPATCH,UNIT_SCADA,1,"2019/08/23 05:25:00",LD02,296.362520
D,DISPATCH,UNIT_SCADA,1,"2019/08/23 05:25:00",LD03,345.8812
D,DISPATCH,UNIT_SCADA,1,"2019/08/23 05:25:00",LD04,339.4313
D,DISPATCH,UNIT_SCADA,1,"2019/08/23 05:25:00",LEM_WIL,86.1564
D,DISPATCH,UNIT_SCADA,1,"2019/08/23 05:25:00",LGAPWF1,7.06
D,DISPATCH,UNIT_SCADA,1,"2019/08/23 05:25:00",LILYSF1,0
D,DISPATCH,UNIT_SCADA,1,"2019/08/23 05:25:00",LI_WY_CA,150.066310
D,DISPATCH,UNIT_SCADA,1,"2019/08/23 05:25:00",LKBONNY2,14.1499
D,DISPATCH,UNIT_SCADA,1,"2019/08/23 05:25:00",LKBONNY3,3.126030
D,DISPATCH,UNIT_SCADA,1,"2019/08/23 05:25:00",LK_ECHO,0
D,DISPATCH,UNIT_SCADA,1,"2019/08/23 05:25:00",LNGS1,0
D,DISPATCH,UNIT_SCADA,1,"2019/08/23 05:25:00",LNGS2,0
D,DISPATCH,UNIT_SCADA,1,"2019/08/23 05:25:00",LONSDALE,0
D,DISPATCH,UNIT_SCADA,1,"2019/08/23 05:25:00",LOYYB1,536.088620
D,DISPATCH,UNIT_SCADA,1,"2019/08/23 05:25:00",LOYYB2,581.954410
D,DISPATCH,UNIT_SCADA,1,"2019/08/23 05:25:00",LYA1,560
D,DISPATCH,UNIT_SCADA,1,"2019/08/23 05:25:00",LYA2,0
D,DISPATCH,UNIT_SCADA,1,"2019/08/23 05:25:00",LYA3,560
D,DISPATCH,UNIT_SCADA,1,"2019/08/23 05:25:00",LYA4,540
D,DISPATCH,UNIT_SCADA,1,"2019/08/23 05:25:00",MACARTH1,17.2996
D,DISPATCH,UNIT_SCADA,1,"2019/08/23 05:25:00",MACKAYGT,0
D,DISPATCH,UNIT_SCADA,1,"2019/08/23 05:25:00",MACKNTSH,87.490010
D,DISPATCH,UNIT_SCADA,1,"2019/08/23 05:25:00",MANSLR1,0
D,DISPATCH,UNIT_SCADA,1,"2019/08/23 05:25:00",MCKAY1,0.02
D,DISPATCH,UNIT_SCADA,1,"2019/08/23 05:25:00",MEADOWBK,34.181680
D,DISPATCH,UNIT_SCADA,1,"2019/08/23 05:25:00",MERCER01,8.4010
D,DISPATCH,UNIT_SCADA,1,"2019/08/23 05:25:00",MEWF1,66.0562
D,DISPATCH,UNIT_SCADA,1,"2019/08/23 05:25:00",MINTARO,0
D,DISPATCH,UNIT_SCADA,1,"2019/08/23 05:25:00",MOREESF1,0
D,DISPATCH,UNIT_SCADA,1,"2019/08/23 05:25:00",MORTLK11,233
D,DISPATCH,UNIT_SCADA,1,"2019/08/23 05:25:00",MORTLK12,0
D,DISPATCH,UNIT_SCADA,1,"2019/08/23 05:25:00",MP1,279.525020
D,DISPATCH,UNIT_SCADA,1,"2019/08/23 05:25:00",MP2,0
D,DISPATCH,UNIT_SCADA,1,"2019/08/23 05:25:00",MPP_1,375.50
D,DISPATCH,UNIT_SCADA,1,"2019/08/23 05:25:00",MPP_2,434
D,DISPATCH,UNIT_SCADA,1,"2019/08/23 05:25:00",MSTUART1,0
D,DISPATCH,UNIT_SCADA,1,"2019/08/23 05:25:00",MSTUART2,0
D,DISPATCH,UNIT_SCADA,1,"2019/08/23 05:25:00",MSTUART3,0
D,DISPATCH,UNIT_SCADA,1,"2019/08/23 05:25:00",MTGELWF1,2.464370
D,DISPATCH,UNIT_SCADA,1,"2019/08/23 05:25:00",MURRAY,69.739210
D,DISPATCH,UNIT_SCADA,1,"2019/08/23 05:25:00",MUSSELR1,55.10
D,DISPATCH,UNIT_SCADA,1,"2019/08/23 05:25:00",MUWAWF1,-0.15
D,DISPATCH,UNIT_SCADA,1,"2019/08/23 05:25:00",NBHWF1,42.30
D,DISPATCH,UNIT_SCADA,1,"2019/08/23 05:25:00",NPS,203.6250
D,DISPATCH,UNIT_SCADA,1,"2019/08/23 05:25:00",NUMURSF1,0
D,DISPATCH,UNIT_SCADA,1,"2019/08/23 05:25:00",NYNGAN1,0
D,DISPATCH,UNIT_SCADA,1,"2019/08/23 05:25:00",OAKEY1,0
D,DISPATCH,UNIT_SCADA,1,"2019/08/23 05:25:00",OAKEY1SF,0
D,DISPATCH,UNIT_SCADA,1,"2019/08/23 05:25:00",OAKEY2,0
D,DISPATCH,UNIT_SCADA,1,"2019/08/23 05:25:00",OAKLAND1,-0.30
D,DISPATCH,UNIT_SCADA,1,"2019/08/23 05:25:00",OSB-AG,141.600010
D,DISPATCH,UNIT_SCADA,1,"2019/08/23 05:25:00",PARSF1,0
D,DISPATCH,UNIT_SCADA,1,"2019/08/23 05:25:00",POAT110,0
D,DISPATCH,UNIT_SCADA,1,"2019/08/23 05:25:00",POAT220,1.04
D,DISPATCH,UNIT_SCADA,1,"2019/08/23 05:25:00",POR01,0
D,DISPATCH,UNIT_SCADA,1,"2019/08/23 05:25:00",POR03,0
D,DISPATCH,UNIT_SCADA,1,"2019/08/23 05:25:00",PPCCGT,497.024660
D,DISPATCH,UNIT_SCADA,1,"2019/08/23 05:25:00",PTSTAN1,0
D,DISPATCH,UNIT_SCADA,1,"2019/08/23 05:25:00",PUMP1,0
D,DISPATCH,UNIT_SCADA,1,"2019/08/23 05:25:00",PUMP2,0
D,DISPATCH,UNIT_SCADA,1,"2019/08/23 05:25:00",QPS1,0
D,DISPATCH,UNIT_SCADA,1,"2019/08/23 05:25:00",QPS2,0
D,DISPATCH,UNIT_SCADA,1,"2019/08/23 05:25:00",QPS3,0
D,DISPATCH,UNIT_SCADA,1,"2019/08/23 05:25:00",QPS4,0
D,DISPATCH,UNIT_SCADA,1,"2019/08/23 05:25:00",QPS5,0
D,DISPATCH,UNIT_SCADA,1,"2019/08/23 05:25:00",REECE1,118.230010
D,DISPATCH,UNIT_SCADA,1,"2019/08/23 05:25:00",REECE2,118.820010
D,DISPATCH,UNIT_SCADA,1,"2019/08/23 05:25:00",ROMA_7,0
D,DISPATCH,UNIT_SCADA,1,"2019/08/23 05:25:00",ROMA_8,0
D,DISPATCH,UNIT_SCADA,1,"2019/08/23 05:25:00",RRSF1,0
D,DISPATCH,UNIT_SCADA,1,"2019/08/23 05:25:00",RT_NSW1,0
D,DISPATCH,UNIT_SCADA,1,"2019/08/23 05:25:00",RT_NSW2,0
D,DISPATCH,UNIT_SCADA,1,"2019/08/23 05:25:00",RT_NSW3,0
D,DISPATCH,UNIT_SCADA,1,"2019/08/23 05:25:00",RT_NSW4,0
D,DISPATCH,UNIT_SCADA,1,"2019/08/23 05:25:00",RT_NSW5,0
D,DISPATCH,UNIT_SCADA,1,"2019/08/23 05:25:00",RT_NSW6,0
D,DISPATCH,UNIT_SCADA,1,"2019/08/23 05:25:00",RT_QLD1,0
D,DISPATCH,UNIT_SCADA,1,"2019/08/23 05:25:00",RT_SA1,0
D,DISPATCH,UNIT_SCADA,1,"2019/08/23 05:25:00",RT_SA2,0
D,DISPATCH,UNIT_SCADA,1,"2019/08/23 05:25:00",RT_SA3,0
D,DISPATCH,UNIT_SCADA,1,"2019/08/23 05:25:00",RT_SA4,0
D,DISPATCH,UNIT_SCADA,1,"2019/08/23 05:25:00",RT_SA5,0
D,DISPATCH,UNIT_SCADA,1,"2019/08/23 05:25:00",RT_SA6,0
D,DISPATCH,UNIT_SCADA,1,"2019/08/23 05:25:00",RT_TAS1,0
D,DISPATCH,UNIT_SCADA,1,"2019/08/23 05:25:00",RT_VIC1,0
D,DISPATCH,UNIT_SCADA,1,"2019/08/23 05:25:00",RT_VIC10,0
D,DISPATCH,UNIT_SCADA,1,"2019/08/23 05:25:00",RT_VIC11,0
D,DISPATCH,UNIT_SCADA,1,"2019/08/23 05:25:00",RT_VIC12,0
D,DISPATCH,UNIT_SCADA,1,"2019/08/23 05:25:00",RT_VIC2,0
D,DISPATCH,UNIT_SCADA,1,"2019/08/23 05:25:00",RT_VIC3,0
D,DISPATCH,UNIT_SCADA,1,"2019/08/23 05:25:00",RT_VIC4,0
D,DISPATCH,UNIT_SCADA,1,"2019/08/23 05:25:00",RT_VIC5,0
D,DISPATCH,UNIT_SCADA,1,"2019/08/23 05:25:00",RT_VIC6,0
D,DISPATCH,UNIT_SCADA,1,"2019/08/23 05:25:00",RT_VIC7,0
D,DISPATCH,UNIT_SCADA,1,"2019/08/23 05:25:00",RT_VIC8,0
D,DISPATCH,UNIT_SCADA,1,"2019/08/23 05:25:00",RT_VIC9,0
D,DISPATCH,UNIT_SCADA,1,"2019/08/23 05:25:00",RUGBYR1,0
D,DISPATCH,UNIT_SCADA,1,"2019/08/23 05:25:00",SALTCRK1,3.74
D,DISPATCH,UNIT_SCADA,1,"2019/08/23 05:25:00",SAPHWF1,35.878110
D,DISPATCH,UNIT_SCADA,1,"2019/08/23 05:25:00",SHGEN,0
D,DISPATCH,UNIT_SCADA,1,"2019/08/23 05:25:00",SHPUMP,0
D,DISPATCH,UNIT_SCADA,1,"2019/08/23 05:25:00",SITHE01,0.1840
D,DISPATCH,UNIT_SCADA,1,"2019/08/23 05:25:00",SMCSF1,0
D,DISPATCH,UNIT_SCADA,1,"2019/08/23 05:25:00",SNOWNTH1,54.40
D,DISPATCH,UNIT_SCADA,1,"2019/08/23 05:25:00",SNOWSTH1,19.20
D,DISPATCH,UNIT_SCADA,1,"2019/08/23 05:25:00",SNOWTWN1,48.207880
D,DISPATCH,UNIT_SCADA,1,"2019/08/23 05:25:00",SNOWYP,0
D,DISPATCH,UNIT_SCADA,1,"2019/08/23 05:25:00",SNUG1,0.019440
D,DISPATCH,UNIT_SCADA,1,"2019/08/23 05:25:00",SRSF1,0
D,DISPATCH,UNIT_SCADA,1,"2019/08/23 05:25:00",STAN-1,0
D,DISPATCH,UNIT_SCADA,1,"2019/08/23 05:25:00",STAN-2,220.619980
D,DISPATCH,UNIT_SCADA,1,"2019/08/23 05:25:00",STAN-3,220.389250
D,DISPATCH,UNIT_SCADA,1,"2019/08/23 05:25:00",STAN-4,221.414670
D,DISPATCH,UNIT_SCADA,1,"2019/08/23 05:25:00",STWF1,171.888750
D,DISPATCH,UNIT_SCADA,1,"2019/08/23 05:25:00",SWAN_E,0
D,DISPATCH,UNIT_SCADA,1,"2019/08/23 05:25:00",TALWA1,419
D,DISPATCH,UNIT_SCADA,1,"2019/08/23 05:25:00",TARALGA1,0.528750
D,DISPATCH,UNIT_SCADA,1,"2019/08/23 05:25:00",TARONG#1,258.600010
D,DISPATCH,UNIT_SCADA,1,"2019/08/23 05:25:00",TARONG#2,179.50
D,DISPATCH,UNIT_SCADA,1,"2019/08/23 05:25:00",TARONG#3,229.100010
D,DISPATCH,UNIT_SCADA,1,"2019/08/23 05:25:00",TARONG#4,259.300020
D,DISPATCH,UNIT_SCADA,1,"2019/08/23 05:25:00",TARRALEA,83.600010
D,DISPATCH,UNIT_SCADA,1,"2019/08/23 05:25:00",TBSF1,-0.30
D,DISPATCH,UNIT_SCADA,1,"2019/08/23 05:25:00",TNPS1,398.800020
D,DISPATCH,UNIT_SCADA,1,"2019/08/23 05:25:00",TORRA1,95.680050
D,DISPATCH,UNIT_SCADA,1,"2019/08/23 05:25:00",TORRA2,10.226420
D,DISPATCH,UNIT_SCADA,1,"2019/08/23 05:25:00",TORRA3,0
D,DISPATCH,UNIT_SCADA,1,"2019/08/23 05:25:00",TORRA4,0
D,DISPATCH,UNIT_SCADA,1,"2019/08/23 05:25:00",TORRB1,0
D,DISPATCH,UNIT_SCADA,1,"2019/08/23 05:25:00",TORRB2,149.13
D,DISPATCH,UNIT_SCADA,1,"2019/08/23 05:25:00",TORRB3,0
D,DISPATCH,UNIT_SCADA,1,"2019/08/23 05:25:00",TORRB4,0
D,DISPATCH,UNIT_SCADA,1,"2019/08/23 05:25:00",TREVALLN,43.780010
D,DISPATCH,UNIT_SCADA,1,"2019/08/23 05:25:00",TRIBUTE,84.68
D,DISPATCH,UNIT_SCADA,1,"2019/08/23 05:25:00",TUMUT3,0
D,DISPATCH,UNIT_SCADA,1,"2019/08/23 05:25:00",TUNGATIN,138.890030
D,DISPATCH,UNIT_SCADA,1,"2019/08/23 05:25:00",TVCC201,0
D,DISPATCH,UNIT_SCADA,1,"2019/08/23 05:25:00",TVPP104,0
D,DISPATCH,UNIT_SCADA,1,"2019/08/23 05:25:00",UPPTUMUT,0
D,DISPATCH,UNIT_SCADA,1,"2019/08/23 05:25:00",URANQ11,0
D,DISPATCH,UNIT_SCADA,1,"2019/08/23 05:25:00",URANQ12,0
D,DISPATCH,UNIT_SCADA,1,"2019/08/23 05:25:00",URANQ13,0
D,DISPATCH,UNIT_SCADA,1,"2019/08/23 05:25:00",URANQ14,0
D,DISPATCH,UNIT_SCADA,1,"2019/08/23 05:25:00",VP5,594.799990
D,DISPATCH,UNIT_SCADA,1,"2019/08/23 05:25:00",VP6,392.024990
D,DISPATCH,UNIT_SCADA,1,"2019/08/23 05:25:00",VPGS1,0
D,DISPATCH,UNIT_SCADA,1,"2019/08/23 05:25:00",VPGS2,0
D,DISPATCH,UNIT_SCADA,1,"2019/08/23 05:25:00",VPGS3,0
D,DISPATCH,UNIT_SCADA,1,"2019/08/23 05:25:00",VPGS4,0
D,DISPATCH,UNIT_SCADA,1,"2019/08/23 05:25:00",VPGS5,0
D,DISPATCH,UNIT_SCADA,1,"2019/08/23 05:25:00",VPGS6,0
D,DISPATCH,UNIT_SCADA,1,"2019/08/23 05:25:00",W/HOE#1,0
D,DISPATCH,UNIT_SCADA,1,"2019/08/23 05:25:00",W/HOE#2,0
D,DISPATCH,UNIT_SCADA,1,"2019/08/23 05:25:00",WATERLWF,36.80
D,DISPATCH,UNIT_SCADA,1,"2019/08/23 05:25:00",WEMENSF1,0
D,DISPATCH,UNIT_SCADA,1,"2019/08/23 05:25:00",WGWF1,31.50
D,DISPATCH,UNIT_SCADA,1,"2019/08/23 05:25:00",WHITSF1,0
D,DISPATCH,UNIT_SCADA,1,"2019/08/23 05:25:00",WKIEWA1,31.70
D,DISPATCH,UNIT_SCADA,1,"2019/08/23 05:25:00",WKIEWA2,15.90
D,DISPATCH,UNIT_SCADA,1,"2019/08/23 05:25:00",WOODLWN1,0
D,DISPATCH,UNIT_SCADA,1,"2019/08/23 05:25:00",WRSF1,0
D,DISPATCH,UNIT_SCADA,1,"2019/08/23 05:25:00",WRWF1,34.028750
D,DISPATCH,UNIT_SCADA,1,"2019/08/23 05:25:00",YABULU,0
D,DISPATCH,UNIT_SCADA,1,"2019/08/23 05:25:00",YABULU2,0
D,DISPATCH,UNIT_SCADA,1,"2019/08/23 05:25:00",YARWUN_1,0
D,DISPATCH,UNIT_SCADA,1,"2019/08/23 05:25:00",YENDWF1,-1.43
D,DISPATCH,UNIT_SCADA,1,"2019/08/23 05:25:00",YWPS1,366.415190
D,DISPATCH,UNIT_SCADA,1,"2019/08/23 05:25:00",YWPS2,274.683530
D,DISPATCH,UNIT_SCADA,1,"2019/08/23 05:25:00",YWPS3,0
D,DISPATCH,UNIT_SCADA,1,"2019/08/23 05:25:00",YWPS4,0
C,"END OF REPORT",334
