C,NEMP.WORLD,DISPATCHSCADA,AEMO,PUBLIC,2019/08/20,12:40:08,0000000311786534,DISPATCHSCADA,0000000311786528
I,DISPATCH,UNIT_SCADA,1,SETTLEMENTDATE,DUID,SCADAVALUE
D,DISPATCH,UNIT_SCADA,1,"2019/08/20 12:45:00",BARCSF1,18.50
D,DISPATCH,UNIT_SCADA,1,"2019/08/20 12:45:00",BUTLERSG,9.799998
D,DISPATCH,UNIT_SCADA,1,"2019/08/20 12:45:00",CALL_A_4,0
D,DISPATCH,UNIT_SCADA,1,"2019/08/20 12:45:00",CAPTL_WF,130.411987
D,DISPATCH,UNIT_SCADA,1,"2019/08/20 12:45:00",CATHROCK,45.279999
D,DISPATCH,UNIT_SCADA,1,"2019/08/20 12:45:00",CHALLHWF,19.799999
D,DISPATCH,UNIT_SCADA,1,"2019/08/20 12:45:00",CLOVER,0
D,DISPATCH,UNIT_SCADA,1,"2019/08/20 12:45:00",CLUNY,16.902266
D,DISPATCH,UNIT_SCADA,1,"2019/08/20 12:45:00",CNUNDAWF,39.746365
D,DISPATCH,UNIT_SCADA,1,"2019/08/20 12:45:00",CULLRGWF,30.360001
D,DISPATCH,UNIT_SCADA,1,"2019/08/20 12:45:00",ERGT01,0
D,DISPATCH,UNIT_SCADA,1,"2019/08/20 12:45:00",GB01,0.072495
D,DISPATCH,UNIT_SCADA,1,"2019/08/20 12:45:00",GERMCRK,36
D,DISPATCH,UNIT_SCADA,1,"2019/08/20 12:45:00",GRIFSF1,15.100006
D,DISPATCH,UNIT_SCADA,1,"2019/08/20 12:45:00",HUGSF1,8.9890
D,DISPATCH,UNIT_SCADA,1,"2019/08/20 12:45:00",LKBONNY1,72.876442
D,DISPATCH,UNIT_SCADA,1,"2019/08/20 12:45:00",LRSF1,8.9490
D,DISPATCH,UNIT_SCADA,1,"2019/08/20 12:45:00",MBAHNTH,9.75
D,DISPATCH,UNIT_SCADA,1,"2019/08/20 12:45:00",MLSP1,7.480001
D,DISPATCH,UNIT_SCADA,1,"2019/08/20 12:45:00",MLWF1,19.650002
D,DISPATCH,UNIT_SCADA,1,"2019/08/20 12:45:00",MTMILLAR,31.647898
D,DISPATCH,UNIT_SCADA,1,"2019/08/20 12:45:00",PALOONA,7.96
D,DISPATCH,UNIT_SCADA,1,"2019/08/20 12:45:00",PIONEER,11.70
D,DISPATCH,UNIT_SCADA,1,"2019/08/20 12:45:00",PORTWF,133.50
D,DISPATCH,UNIT_SCADA,1,"2019/08/20 12:45:00",REPULSE,29.113604
D,DISPATCH,UNIT_SCADA,1,"2019/08/20 12:45:00",ROWALLAN,9.9116
D,DISPATCH,UNIT_SCADA,1,"2019/08/20 12:45:00",ROYALLA1,18.146002
D,DISPATCH,UNIT_SCADA,1,"2019/08/20 12:45:00",RPCG,10.90
D,DISPATCH,UNIT_SCADA,1,"2019/08/20 12:45:00",RUBICON,0
D,DISPATCH,UNIT_SCADA,1,"2019/08/20 12:45:00",SATGN1,0
D,DISPATCH,UNIT_SCADA,1,"2019/08/20 12:45:00",SATGS1,0
D,DISPATCH,UNIT_SCADA,1,"2019/08/20 12:45:00",WAUBRAWF,64.634003
D,DISPATCH,UNIT_SCADA,1,"2019/08/20 12:45:00",WOOLNTH1,93.660019
D,DISPATCH,UNIT_SCADA,1,"2019/08/20 12:45:00",WPWF,65
D,DISPATCH,UNIT_SCADA,1,"2019/08/20 12:45:00",YAMBUKWF,29.90
D,DISPATCH,UNIT_SCADA,1,"2019/08/20 12:45:00",YSWF1,28.299999
D,DISPATCH,UNIT_SCADA,1,"2019/08/20 12:45:00",AGLHAL,0
D,DISPATCH,UNIT_SCADA,1,"2019/08/20 12:45:00",AGLSOM,0
D,DISPATCH,UNIT_SCADA,1,"2019/08/20 12:45:00",ANGAST1,0
D,DISPATCH,UNIT_SCADA,1,"2019/08/20 12:45:00",ARWF1,80.899990
D,DISPATCH,UNIT_SCADA,1,"2019/08/20 12:45:00",BALBG1,0
D,DISPATCH,UNIT_SCADA,1,"2019/08/20 12:45:00",BALBL1,3.47
D,DISPATCH,UNIT_SCADA,1,"2019/08/20 12:45:00",BALDHWF1,103.3820
D,DISPATCH,UNIT_SCADA,1,"2019/08/20 12:45:00",BANN1,58.98
D,DISPATCH,UNIT_SCADA,1,"2019/08/20 12:45:00",BARCALDN,0
D,DISPATCH,UNIT_SCADA,1,"2019/08/20 12:45:00",BARRON-1,0
D,DISPATCH,UNIT_SCADA,1,"2019/08/20 12:45:00",BARRON-2,0
D,DISPATCH,UNIT_SCADA,1,"2019/08/20 12:45:00",BASTYAN,80.500010
D,DISPATCH,UNIT_SCADA,1,"2019/08/20 12:45:00",BBTHREE1,-2.04
D,DISPATCH,UNIT_SCADA,1,"2019/08/20 12:45:00",BBTHREE2,-2.09
D,DISPATCH,UNIT_SCADA,1,"2019/08/20 12:45:00",BBTHREE3,-1.16
D,DISPATCH,UNIT_SCADA,1,"2019/08/20 12:45:00",BDL01,0
D,DISPATCH,UNIT_SCADA,1,"2019/08/20 12:45:00",BDL02,0
D,DISPATCH,UNIT_SCADA,1,"2019/08/20 12:45:00",BERYLSF1,72.810840
D,DISPATCH,UNIT_SCADA,1,"2019/08/20 12:45:00",BLOWERNG,0
D,DISPATCH,UNIT_SCADA,1,"2019/08/20 12:45:00",BLUFF1,37.70
D,DISPATCH,UNIT_SCADA,1,"2019/08/20 12:45:00",BNGSF1,93.80
D,DISPATCH,UNIT_SCADA,1,"2019/08/20 12:45:00",BNGSF2,19.86
D,DISPATCH,UNIT_SCADA,1,"2019/08/20 12:45:00",BOCORWF1,108.46
D,DISPATCH,UNIT_SCADA,1,"2019/08/20 12:45:00",BODWF1,45.800960
D,DISPATCH,UNIT_SCADA,1,"2019/08/20 12:45:00",BRAEMAR1,0
D,DISPATCH,UNIT_SCADA,1,"2019/08/20 12:45:00",BRAEMAR2,0
D,DISPATCH,UNIT_SCADA,1,"2019/08/20 12:45:00",BRAEMAR3,0
D,DISPATCH,UNIT_SCADA,1,"2019/08/20 12:45:00",BRAEMAR5,0
D,DISPATCH,UNIT_SCADA,1,"2019/08/20 12:45:00",BRAEMAR6,0
D,DISPATCH,UNIT_SCADA,1,"2019/08/20 12:45:00",BRAEMAR7,0
D,DISPATCH,UNIT_SCADA,1,"2019/08/20 12:45:00",BROKENH1,52.938960
D,DISPATCH,UNIT_SCADA,1,"2019/08/20 12:45:00",BW01,347.775020
D,DISPATCH,UNIT_SCADA,1,"2019/08/20 12:45:00",BW02,411.800050
D,DISPATCH,UNIT_SCADA,1,"2019/08/20 12:45:00",BW03,518.325070
D,DISPATCH,UNIT_SCADA,1,"2019/08/20 12:45:00",BW04,0
D,DISPATCH,UNIT_SCADA,1,"2019/08/20 12:45:00",CALL_B_1,350.600010
D,DISPATCH,UNIT_SCADA,1,"2019/08/20 12:45:00",CALL_B_2,271.300020
D,DISPATCH,UNIT_SCADA,1,"2019/08/20 12:45:00",CETHANA,93.514250
D,DISPATCH,UNIT_SCADA,1,"2019/08/20 12:45:00",CG1,0
D,DISPATCH,UNIT_SCADA,1,"2019/08/20 12:45:00",CG2,0
D,DISPATCH,UNIT_SCADA,1,"2019/08/20 12:45:00",CG3,0
D,DISPATCH,UNIT_SCADA,1,"2019/08/20 12:45:00",CG4,0
D,DISPATCH,UNIT_SCADA,1,"2019/08/20 12:45:00",CHILDSF1,40.06
D,DISPATCH,UNIT_SCADA,1,"2019/08/20 12:45:00",CLARESF1,44.773380
D,DISPATCH,UNIT_SCADA,1,"2019/08/20 12:45:00",CLEMGPWF,30.470810
D,DISPATCH,UNIT_SCADA,1,"2019/08/20 12:45:00",CLERMSF1,15.06
D,DISPATCH,UNIT_SCADA,1,"2019/08/20 12:45:00",COLEASF1,90.10
D,DISPATCH,UNIT_SCADA,1,"2019/08/20 12:45:00",COOPGWF1,21.709740
D,DISPATCH,UNIT_SCADA,1,"2019/08/20 12:45:00",CPP_3,340.450010
D,DISPATCH,UNIT_SCADA,1,"2019/08/20 12:45:00",CPP_4,334.950010
D,DISPATCH,UNIT_SCADA,1,"2019/08/20 12:45:00",CPSA,142.679990
D,DISPATCH,UNIT_SCADA,1,"2019/08/20 12:45:00",CROOKWF2,88.433750
D,DISPATCH,UNIT_SCADA,1,"2019/08/20 12:45:00",CROWLWF1,47.015940
D,DISPATCH,UNIT_SCADA,1,"2019/08/20 12:45:00",CSPVPS1,32.0060
D,DISPATCH,UNIT_SCADA,1,"2019/08/20 12:45:00",DALNTH01,0
D,DISPATCH,UNIT_SCADA,1,"2019/08/20 12:45:00",DALNTHL1,0.215150
D,DISPATCH,UNIT_SCADA,1,"2019/08/20 12:45:00",DARTM1,0
D,DISPATCH,UNIT_SCADA,1,"2019/08/20 12:45:00",DAYDSF1,108.685010
D,DISPATCH,UNIT_SCADA,1,"2019/08/20 12:45:00",DDPS1,0
D,DISPATCH,UNIT_SCADA,1,"2019/08/20 12:45:00",DDSF1,108.466180
D,DISPATCH,UNIT_SCADA,1,"2019/08/20 12:45:00",DEVILS_G,0
D,DISPATCH,UNIT_SCADA,1,"2019/08/20 12:45:00",DG_NSW1,0
D,DISPATCH,UNIT_SCADA,1,"2019/08/20 12:45:00",DG_QLD1,0
D,DISPATCH,UNIT_SCADA,1,"2019/08/20 12:45:00",DG_SA1,0
D,DISPATCH,UNIT_SCADA,1,"2019/08/20 12:45:00",DG_TAS1,0
D,DISPATCH,UNIT_SCADA,1,"2019/08/20 12:45:00",DG_VIC1,0
D,DISPATCH,UNIT_SCADA,1,"2019/08/20 12:45:00",DRYCGT1,0
D,DISPATCH,UNIT_SCADA,1,"2019/08/20 12:45:00",DRYCGT2,0
D,DISPATCH,UNIT_SCADA,1,"2019/08/20 12:45:00",DRYCGT3,0
D,DISPATCH,UNIT_SCADA,1,"2019/08/20 12:45:00",EILDON1,0
D,DISPATCH,UNIT_SCADA,1,"2019/08/20 12:45:00",EILDON2,0
D,DISPATCH,UNIT_SCADA,1,"2019/08/20 12:45:00",EMERASF1,67.20
D,DISPATCH,UNIT_SCADA,1,"2019/08/20 12:45:00",ER01,361.974980
D,DISPATCH,UNIT_SCADA,1,"2019/08/20 12:45:00",ER02,363.449950
D,DISPATCH,UNIT_SCADA,1,"2019/08/20 12:45:00",ER03,639.25
D,DISPATCH,UNIT_SCADA,1,"2019/08/20 12:45:00",ER04,362.800050
D,DISPATCH,UNIT_SCADA,1,"2019/08/20 12:45:00",FINLYSF1,0
D,DISPATCH,UNIT_SCADA,1,"2019/08/20 12:45:00",FISHER,45.71
D,DISPATCH,UNIT_SCADA,1,"2019/08/20 12:45:00",GANNBG1,0
D,DISPATCH,UNIT_SCADA,1,"2019/08/20 12:45:00",GANNBL1,0.035810
D,DISPATCH,UNIT_SCADA,1,"2019/08/20 12:45:00",GANNSF1,17.80
D,DISPATCH,UNIT_SCADA,1,"2019/08/20 12:45:00",GORDON,0
D,DISPATCH,UNIT_SCADA,1,"2019/08/20 12:45:00",GSTONE1,107.80
D,DISPATCH,UNIT_SCADA,1,"2019/08/20 12:45:00",GSTONE2,109.7250
D,DISPATCH,UNIT_SCADA,1,"2019/08/20 12:45:00",GSTONE3,197.75
D,DISPATCH,UNIT_SCADA,1,"2019/08/20 12:45:00",GSTONE4,132.8250
D,DISPATCH,UNIT_SCADA,1,"2019/08/20 12:45:00",GSTONE5,127.75
D,DISPATCH,UNIT_SCADA,1,"2019/08/20 12:45:00",GSTONE6,0
D,DISPATCH,UNIT_SCADA,1,"2019/08/20 12:45:00",GULLRSF1,6.625060
D,DISPATCH,UNIT_SCADA,1,"2019/08/20 12:45:00",GULLRWF1,154.6705
D,DISPATCH,UNIT_SCADA,1,"2019/08/20 12:45:00",GUNNING1,46.3667
D,DISPATCH,UNIT_SCADA,1,"2019/08/20 12:45:00",GUTHEGA,0
D,DISPATCH,UNIT_SCADA,1,"2019/08/20 12:45:00",HALLWF1,67.17
D,DISPATCH,UNIT_SCADA,1,"2019/08/20 12:45:00",HALLWF2,50.21
D,DISPATCH,UNIT_SCADA,1,"2019/08/20 12:45:00",HAMISF1,44.90
D,DISPATCH,UNIT_SCADA,1,"2019/08/20 12:45:00",HAUGHT11,49.942530
D,DISPATCH,UNIT_SCADA,1,"2019/08/20 12:45:00",HAYMSF1,40.4050
D,DISPATCH,UNIT_SCADA,1,"2019/08/20 12:45:00",HDWF1,71.30
D,DISPATCH,UNIT_SCADA,1,"2019/08/20 12:45:00",HDWF2,68.80
D,DISPATCH,UNIT_SCADA,1,"2019/08/20 12:45:00",HDWF3,76.50
D,DISPATCH,UNIT_SCADA,1,"2019/08/20 12:45:00",HPRG1,0
D,DISPATCH,UNIT_SCADA,1,"2019/08/20 12:45:00",HPRL1,9.90
D,DISPATCH,UNIT_SCADA,1,"2019/08/20 12:45:00",HUMENSW,0
D,DISPATCH,UNIT_SCADA,1,"2019/08/20 12:45:00",HUMEV,8.10
D,DISPATCH,UNIT_SCADA,1,"2019/08/20 12:45:00",HVGTS,0
D,DISPATCH,UNIT_SCADA,1,"2019/08/20 12:45:00",JBUTTERS,133.819990
D,DISPATCH,UNIT_SCADA,1,"2019/08/20 12:45:00",JLA01,0.50
D,DISPATCH,UNIT_SCADA,1,"2019/08/20 12:45:00",JLA02,0
D,DISPATCH,UNIT_SCADA,1,"2019/08/20 12:45:00",JLA03,0.10
D,DISPATCH,UNIT_SCADA,1,"2019/08/20 12:45:00",JLA04,0.10
D,DISPATCH,UNIT_SCADA,1,"2019/08/20 12:45:00",JLB01,0
D,DISPATCH,UNIT_SCADA,1,"2019/08/20 12:45:00",JLB02,0.10
D,DISPATCH,UNIT_SCADA,1,"2019/08/20 12:45:00",JLB03,0
D,DISPATCH,UNIT_SCADA,1,"2019/08/20 12:45:00",KAREEYA1,21.51
D,DISPATCH,UNIT_SCADA,1,"2019/08/20 12:45:00",KAREEYA2,21.56
D,DISPATCH,UNIT_SCADA,1,"2019/08/20 12:45:00",KAREEYA3,0
D,DISPATCH,UNIT_SCADA,1,"2019/08/20 12:45:00",KAREEYA4,21.6925
D,DISPATCH,UNIT_SCADA,1,"2019/08/20 12:45:00",KARSF1,52.40
D,DISPATCH,UNIT_SCADA,1,"2019/08/20 12:45:00",KIATAWF1,30.50
D,DISPATCH,UNIT_SCADA,1,"2019/08/20 12:45:00",KPP_1,0
D,DISPATCH,UNIT_SCADA,1,"2019/08/20 12:45:00",KSP1,46.66
D,DISPATCH,UNIT_SCADA,1,"2019/08/20 12:45:00",LADBROK1,0
D,DISPATCH,UNIT_SCADA,1,"2019/08/20 12:45:00",LADBROK2,0
D,DISPATCH,UNIT_SCADA,1,"2019/08/20 12:45:00",LD01,378.675020
D,DISPATCH,UNIT_SCADA,1,"2019/08/20 12:45:00",LD02,378.300020
D,DISPATCH,UNIT_SCADA,1,"2019/08/20 12:45:00",LD03,379.912510
D,DISPATCH,UNIT_SCADA,1,"2019/08/20 12:45:00",LD04,347.175020
D,DISPATCH,UNIT_SCADA,1,"2019/08/20 12:45:00",LEM_WIL,85.427750
D,DISPATCH,UNIT_SCADA,1,"2019/08/20 12:45:00",LGAPWF1,0
D,DISPATCH,UNIT_SCADA,1,"2019/08/20 12:45:00",LILYSF1,93.323260
D,DISPATCH,UNIT_SCADA,1,"2019/08/20 12:45:00",LI_WY_CA,147.918560
D,DISPATCH,UNIT_SCADA,1,"2019/08/20 12:45:00",LKBONNY2,111.686140
D,DISPATCH,UNIT_SCADA,1,"2019/08/20 12:45:00",LKBONNY3,28.1343
D,DISPATCH,UNIT_SCADA,1,"2019/08/20 12:45:00",LK_ECHO,0
D,DISPATCH,UNIT_SCADA,1,"2019/08/20 12:45:00",LNGS1,0
D,DISPATCH,UNIT_SCADA,1,"2019/08/20 12:45:00",LNGS2,0
D,DISPATCH,UNIT_SCADA,1,"2019/08/20 12:45:00",LONSDALE,0
D,DISPATCH,UNIT_SCADA,1,"2019/08/20 12:45:00",LOYYB1,536.088620
D,DISPATCH,UNIT_SCADA,1,"2019/08/20 12:45:00",LOYYB2,583.082280
D,DISPATCH,UNIT_SCADA,1,"2019/08/20 12:45:00",LYA1,561
D,DISPATCH,UNIT_SCADA,1,"2019/08/20 12:45:00",LYA2,0
D,DISPATCH,UNIT_SCADA,1,"2019/08/20 12:45:00",LYA3,561
D,DISPATCH,UNIT_SCADA,1,"2019/08/20 12:45:00",LYA4,540
D,DISPATCH,UNIT_SCADA,1,"2019/08/20 12:45:00",MACARTH1,392.190950
D,DISPATCH,UNIT_SCADA,1,"2019/08/20 12:45:00",MACKAYGT,0
D,DISPATCH,UNIT_SCADA,1,"2019/08/20 12:45:00",MACKNTSH,85.09
D,DISPATCH,UNIT_SCADA,1,"2019/08/20 12:45:00",MANSLR1,36.2250
D,DISPATCH,UNIT_SCADA,1,"2019/08/20 12:45:00",MCKAY1,0.02
D,DISPATCH,UNIT_SCADA,1,"2019/08/20 12:45:00",MEADOWBK,33.953040
D,DISPATCH,UNIT_SCADA,1,"2019/08/20 12:45:00",MERCER01,123.6120
D,DISPATCH,UNIT_SCADA,1,"2019/08/20 12:45:00",MEWF1,39.493630
D,DISPATCH,UNIT_SCADA,1,"2019/08/20 12:45:00",MINTARO,0
D,DISPATCH,UNIT_SCADA,1,"2019/08/20 12:45:00",MOREESF1,48.1380
D,DISPATCH,UNIT_SCADA,1,"2019/08/20 12:45:00",MORTLK11,124
D,DISPATCH,UNIT_SCADA,1,"2019/08/20 12:45:00",MORTLK12,0
D,DISPATCH,UNIT_SCADA,1,"2019/08/20 12:45:00",MP1,281.299930
D,DISPATCH,UNIT_SCADA,1,"2019/08/20 12:45:00",MP2,0
D,DISPATCH,UNIT_SCADA,1,"2019/08/20 12:45:00",MPP_1,332.25
D,DISPATCH,UNIT_SCADA,1,"2019/08/20 12:45:00",MPP_2,381
D,DISPATCH,UNIT_SCADA,1,"2019/08/20 12:45:00",MSTUART1,0
D,DISPATCH,UNIT_SCADA,1,"2019/08/20 12:45:00",MSTUART2,0
D,DISPATCH,UNIT_SCADA,1,"2019/08/20 12:45:00",MSTUART3,0
D,DISPATCH,UNIT_SCADA,1,"2019/08/20 12:45:00",MTGELWF1,64.015630
D,DISPATCH,UNIT_SCADA,1,"2019/08/20 12:45:00",MURRAY,0
D,DISPATCH,UNIT_SCADA,1,"2019/08/20 12:45:00",MUSSELR1,43.50
D,DISPATCH,UNIT_SCADA,1,"2019/08/20 12:45:00",MUWAWF1,48.95
D,DISPATCH,UNIT_SCADA,1,"2019/08/20 12:45:00",NBHWF1,84.20
D,DISPATCH,UNIT_SCADA,1,"2019/08/20 12:45:00",NPS,0
D,DISPATCH,UNIT_SCADA,1,"2019/08/20 12:45:00",NUMURSF1,47.85
D,DISPATCH,UNIT_SCADA,1,"2019/08/20 12:45:00",NYNGAN1,101.50
D,DISPATCH,UNIT_SCADA,1,"2019/08/20 12:45:00",OAKEY1,0
D,DISPATCH,UNIT_SCADA,1,"2019/08/20 12:45:00",OAKEY1SF,21.9980
D,DISPATCH,UNIT_SCADA,1,"2019/08/20 12:45:00",OAKEY2,0
D,DISPATCH,UNIT_SCADA,1,"2019/08/20 12:45:00",OAKLAND1,61.90
D,DISPATCH,UNIT_SCADA,1,"2019/08/20 12:45:00",OSB-AG,139.83
D,DISPATCH,UNIT_SCADA,1,"2019/08/20 12:45:00",PARSF1,43.30
D,DISPATCH,UNIT_SCADA,1,"2019/08/20 12:45:00",POAT110,0
D,DISPATCH,UNIT_SCADA,1,"2019/08/20 12:45:00",POAT220,0
D,DISPATCH,UNIT_SCADA,1,"2019/08/20 12:45:00",POR01,0
D,DISPATCH,UNIT_SCADA,1,"2019/08/20 12:45:00",POR03,0
D,DISPATCH,UNIT_SCADA,1,"2019/08/20 12:45:00",PPCCGT,176.907730
D,DISPATCH,UNIT_SCADA,1,"2019/08/20 12:45:00",PTSTAN1,0
D,DISPATCH,UNIT_SCADA,1,"2019/08/20 12:45:00",PUMP1,244.209990
D,DISPATCH,UNIT_SCADA,1,"2019/08/20 12:45:00",PUMP2,239.769990
D,DISPATCH,UNIT_SCADA,1,"2019/08/20 12:45:00",QPS1,0
D,DISPATCH,UNIT_SCADA,1,"2019/08/20 12:45:00",QPS2,0
D,DISPATCH,UNIT_SCADA,1,"2019/08/20 12:45:00",QPS3,0
D,DISPATCH,UNIT_SCADA,1,"2019/08/20 12:45:00",QPS4,0
D,DISPATCH,UNIT_SCADA,1,"2019/08/20 12:45:00",QPS5,0
D,DISPATCH,UNIT_SCADA,1,"2019/08/20 12:45:00",REECE1,115.350010
D,DISPATCH,UNIT_SCADA,1,"2019/08/20 12:45:00",REECE2,115.640010
D,DISPATCH,UNIT_SCADA,1,"2019/08/20 12:45:00",ROMA_7,0
D,DISPATCH,UNIT_SCADA,1,"2019/08/20 12:45:00",ROMA_8,0
D,DISPATCH,UNIT_SCADA,1,"2019/08/20 12:45:00",RRSF1,105.983660
D,DISPATCH,UNIT_SCADA,1,"2019/08/20 12:45:00",RT_NSW1,0
D,DISPATCH,UNIT_SCADA,1,"2019/08/20 12:45:00",RT_NSW2,0
D,DISPATCH,UNIT_SCADA,1,"2019/08/20 12:45:00",RT_NSW3,0
D,DISPATCH,UNIT_SCADA,1,"2019/08/20 12:45:00",RT_NSW4,0
D,DISPATCH,UNIT_SCADA,1,"2019/08/20 12:45:00",RT_NSW5,0
D,DISPATCH,UNIT_SCADA,1,"2019/08/20 12:45:00",RT_NSW6,0
D,DISPATCH,UNIT_SCADA,1,"2019/08/20 12:45:00",RT_QLD1,0
D,DISPATCH,UNIT_SCADA,1,"2019/08/20 12:45:00",RT_SA1,0
D,DISPATCH,UNIT_SCADA,1,"2019/08/20 12:45:00",RT_SA2,0
D,DISPATCH,UNIT_SCADA,1,"2019/08/20 12:45:00",RT_SA3,0
D,DISPATCH,UNIT_SCADA,1,"2019/08/20 12:45:00",RT_SA4,0
D,DISPATCH,UNIT_SCADA,1,"2019/08/20 12:45:00",RT_SA5,0
D,DISPATCH,UNIT_SCADA,1,"2019/08/20 12:45:00",RT_SA6,0
D,DISPATCH,UNIT_SCADA,1,"2019/08/20 12:45:00",RT_TAS1,0
D,DISPATCH,UNIT_SCADA,1,"2019/08/20 12:45:00",RT_VIC1,0
D,DISPATCH,UNIT_SCADA,1,"2019/08/20 12:45:00",RT_VIC10,0
D,DISPATCH,UNIT_SCADA,1,"2019/08/20 12:45:00",RT_VIC11,0
D,DISPATCH,UNIT_SCADA,1,"2019/08/20 12:45:00",RT_VIC12,0
D,DISPATCH,UNIT_SCADA,1,"2019/08/20 12:45:00",RT_VIC2,0
D,DISPATCH,UNIT_SCADA,1,"2019/08/20 12:45:00",RT_VIC3,0
D,DISPATCH,UNIT_SCADA,1,"2019/08/20 12:45:00",RT_VIC4,0
D,DISPATCH,UNIT_SCADA,1,"2019/08/20 12:45:00",RT_VIC5,0
D,DISPATCH,UNIT_SCADA,1,"2019/08/20 12:45:00",RT_VIC6,0
D,DISPATCH,UNIT_SCADA,1,"2019/08/20 12:45:00",RT_VIC7,0
D,DISPATCH,UNIT_SCADA,1,"2019/08/20 12:45:00",RT_VIC8,0
D,DISPATCH,UNIT_SCADA,1,"2019/08/20 12:45:00",RT_VIC9,0
D,DISPATCH,UNIT_SCADA,1,"2019/08/20 12:45:00",RUGBYR1,44.771330
D,DISPATCH,UNIT_SCADA,1,"2019/08/20 12:45:00",SALTCRK1,51.91
D,DISPATCH,UNIT_SCADA,1,"2019/08/20 12:45:00",SAPHWF1,48.675020
D,DISPATCH,UNIT_SCADA,1,"2019/08/20 12:45:00",SHGEN,0
D,DISPATCH,UNIT_SCADA,1,"2019/08/20 12:45:00",SHPUMP,0
D,DISPATCH,UNIT_SCADA,1,"2019/08/20 12:45:00",SITHE01,0.005650
D,DISPATCH,UNIT_SCADA,1,"2019/08/20 12:45:00",SMCSF1,86.034920
D,DISPATCH,UNIT_SCADA,1,"2019/08/20 12:45:00",SNOWNTH1,88.399990
D,DISPATCH,UNIT_SCADA,1,"2019/08/20 12:45:00",SNOWSTH1,86.80
D,DISPATCH,UNIT_SCADA,1,"2019/08/20 12:45:00",SNOWTWN1,69.870360
D,DISPATCH,UNIT_SCADA,1,"2019/08/20 12:45:00",SNOWYP,382.799990
D,DISPATCH,UNIT_SCADA,1,"2019/08/20 12:45:00",SNUG1,0.019440
D,DISPATCH,UNIT_SCADA,1,"2019/08/20 12:45:00",SRSF1,35.25
D,DISPATCH,UNIT_SCADA,1,"2019/08/20 12:45:00",STAN-1,0
D,DISPATCH,UNIT_SCADA,1,"2019/08/20 12:45:00",STAN-2,282.260770
D,DISPATCH,UNIT_SCADA,1,"2019/08/20 12:45:00",STAN-3,280.1843
D,DISPATCH,UNIT_SCADA,1,"2019/08/20 12:45:00",STAN-4,278.248810
D,DISPATCH,UNIT_SCADA,1,"2019/08/20 12:45:00",STWF1,3.329990
D,DISPATCH,UNIT_SCADA,1,"2019/08/20 12:45:00",SWAN_E,0
D,DISPATCH,UNIT_SCADA,1,"2019/08/20 12:45:00",TALWA1,190
D,DISPATCH,UNIT_SCADA,1,"2019/08/20 12:45:00",TARALGA1,100.7450
D,DISPATCH,UNIT_SCADA,1,"2019/08/20 12:45:00",TARONG#1,280.899990
D,DISPATCH,UNIT_SCADA,1,"2019/08/20 12:45:00",TARONG#2,279.700010
D,DISPATCH,UNIT_SCADA,1,"2019/08/20 12:45:00",TARONG#3,260.200010
D,DISPATCH,UNIT_SCADA,1,"2019/08/20 12:45:00",TARONG#4,280.300020
D,DISPATCH,UNIT_SCADA,1,"2019/08/20 12:45:00",TARRALEA,86.90
D,DISPATCH,UNIT_SCADA,1,"2019/08/20 12:45:00",TBSF1,27
D,DISPATCH,UNIT_SCADA,1,"2019/08/20 12:45:00",TNPS1,441.700010
D,DISPATCH,UNIT_SCADA,1,"2019/08/20 12:45:00",TORRA1,37.356780
D,DISPATCH,UNIT_SCADA,1,"2019/08/20 12:45:00",TORRA2,0
D,DISPATCH,UNIT_SCADA,1,"2019/08/20 12:45:00",TORRA3,0
D,DISPATCH,UNIT_SCADA,1,"2019/08/20 12:45:00",TORRA4,0
D,DISPATCH,UNIT_SCADA,1,"2019/08/20 12:45:00",TORRB1,39.76
D,DISPATCH,UNIT_SCADA,1,"2019/08/20 12:45:00",TORRB2,39.44
D,DISPATCH,UNIT_SCADA,1,"2019/08/20 12:45:00",TORRB3,0
D,DISPATCH,UNIT_SCADA,1,"2019/08/20 12:45:00",TORRB4,0
D,DISPATCH,UNIT_SCADA,1,"2019/08/20 12:45:00",TREVALLN,43.650020
D,DISPATCH,UNIT_SCADA,1,"2019/08/20 12:45:00",TRIBUTE,0
D,DISPATCH,UNIT_SCADA,1,"2019/08/20 12:45:00",TUMUT3,0
D,DISPATCH,UNIT_SCADA,1,"2019/08/20 12:45:00",TUNGATIN,124.580030
D,DISPATCH,UNIT_SCADA,1,"2019/08/20 12:45:00",TVCC201,0
D,DISPATCH,UNIT_SCADA,1,"2019/08/20 12:45:00",TVPP104,0
D,DISPATCH,UNIT_SCADA,1,"2019/08/20 12:45:00",UPPTUMUT,0
D,DISPATCH,UNIT_SCADA,1,"2019/08/20 12:45:00",URANQ11,0
D,DISPATCH,UNIT_SCADA,1,"2019/08/20 12:45:00",URANQ12,0
D,DISPATCH,UNIT_SCADA,1,"2019/08/20 12:45:00",URANQ13,0
D,DISPATCH,UNIT_SCADA,1,"2019/08/20 12:45:00",URANQ14,0
D,DISPATCH,UNIT_SCADA,1,"2019/08/20 12:45:00",VP5,295.799990
D,DISPATCH,UNIT_SCADA,1,"2019/08/20 12:45:00",VP6,301.075010
D,DISPATCH,UNIT_SCADA,1,"2019/08/20 12:45:00",VPGS1,0
D,DISPATCH,UNIT_SCADA,1,"2019/08/20 12:45:00",VPGS2,0
D,DISPATCH,UNIT_SCADA,1,"2019/08/20 12:45:00",VPGS3,0
D,DISPATCH,UNIT_SCADA,1,"2019/08/20 12:45:00",VPGS4,0
D,DISPATCH,UNIT_SCADA,1,"2019/08/20 12:45:00",VPGS5,0
D,DISPATCH,UNIT_SCADA,1,"2019/08/20 12:45:00",VPGS6,0
D,DISPATCH,UNIT_SCADA,1,"2019/08/20 12:45:00",W/HOE#1,0
D,DISPATCH,UNIT_SCADA,1,"2019/08/20 12:45:00",W/HOE#2,0
D,DISPATCH,UNIT_SCADA,1,"2019/08/20 12:45:00",WATERLWF,91.40
D,DISPATCH,UNIT_SCADA,1,"2019/08/20 12:45:00",WEMENSF1,49.60
D,DISPATCH,UNIT_SCADA,1,"2019/08/20 12:45:00",WGWF1,84.90
D,DISPATCH,UNIT_SCADA,1,"2019/08/20 12:45:00",WHITSF1,42.80
D,DISPATCH,UNIT_SCADA,1,"2019/08/20 12:45:00",WKIEWA1,0
D,DISPATCH,UNIT_SCADA,1,"2019/08/20 12:45:00",WKIEWA2,0.10
D,DISPATCH,UNIT_SCADA,1,"2019/08/20 12:45:00",WOODLWN1,40.9140
D,DISPATCH,UNIT_SCADA,1,"2019/08/20 12:45:00",WRSF1,19.83
D,DISPATCH,UNIT_SCADA,1,"2019/08/20 12:45:00",WRWF1,43.1150
D,DISPATCH,UNIT_SCADA,1,"2019/08/20 12:45:00",YABULU,0
D,DISPATCH,UNIT_SCADA,1,"2019/08/20 12:45:00",YABULU2,0
D,DISPATCH,UNIT_SCADA,1,"2019/08/20 12:45:00",YARWUN_1,0
D,DISPATCH,UNIT_SCADA,1,"2019/08/20 12:45:00",YENDWF1,42.08
D,DISPATCH,UNIT_SCADA,1,"2019/08/20 12:45:00",YWPS1,379.197480
D,DISPATCH,UNIT_SCADA,1,"2019/08/20 12:45:00",YWPS2,277.189880
D,DISPATCH,UNIT_SCADA,1,"2019/08/20 12:45:00",YWPS3,0
D,DISPATCH,UNIT_SCADA,1,"2019/08/20 12:45:00",YWPS4,393.544310
C,"END OF REPORT",333
