C,NEMP.WORLD,DISPATCHSCADA,AEMO,PUBLIC,2019/08/20,09:05:07,0000000311779488,DISPATCHSCADA,0000000311779482
I,DISPATCH,UNIT_SCADA,1,SETTLEMENTDATE,DUID,SCADAVALUE
D,DISPATCH,UNIT_SCADA,1,"2019/08/20 09:10:00",BARCSF1,18.50
D,DISPATCH,UNIT_SCADA,1,"2019/08/20 09:10:00",BUTLERSG,9.699999
D,DISPATCH,UNIT_SCADA,1,"2019/08/20 09:10:00",CALL_A_4,0
D,DISPATCH,UNIT_SCADA,1,"2019/08/20 09:10:00",CAPTL_WF,134.351990
D,DISPATCH,UNIT_SCADA,1,"2019/08/20 09:10:00",CATHROCK,49.219997
D,DISPATCH,UNIT_SCADA,1,"2019/08/20 09:10:00",CHALLHWF,19.900002
D,DISPATCH,UNIT_SCADA,1,"2019/08/20 09:10:00",CLOVER,-0.01
D,DISPATCH,UNIT_SCADA,1,"2019/08/20 09:10:00",CLUNY,13.587090
D,DISPATCH,UNIT_SCADA,1,"2019/08/20 09:10:00",CNUNDAWF,40.246948
D,DISPATCH,UNIT_SCADA,1,"2019/08/20 09:10:00",CULLRGWF,30.34
D,DISPATCH,UNIT_SCADA,1,"2019/08/20 09:10:00",ERGT01,0
D,DISPATCH,UNIT_SCADA,1,"2019/08/20 09:10:00",GB01,0.054256
D,DISPATCH,UNIT_SCADA,1,"2019/08/20 09:10:00",GERMCRK,38.50
D,DISPATCH,UNIT_SCADA,1,"2019/08/20 09:10:00",GRIFSF1,6.599998
D,DISPATCH,UNIT_SCADA,1,"2019/08/20 09:10:00",HUGSF1,8.9890
D,DISPATCH,UNIT_SCADA,1,"2019/08/20 09:10:00",LKBONNY1,67.964424
D,DISPATCH,UNIT_SCADA,1,"2019/08/20 09:10:00",LRSF1,11.941001
D,DISPATCH,UNIT_SCADA,1,"2019/08/20 09:10:00",MBAHNTH,54
D,DISPATCH,UNIT_SCADA,1,"2019/08/20 09:10:00",MLSP1,7.512001
D,DISPATCH,UNIT_SCADA,1,"2019/08/20 09:10:00",MLWF1,19.41
D,DISPATCH,UNIT_SCADA,1,"2019/08/20 09:10:00",MTMILLAR,15.053773
D,DISPATCH,UNIT_SCADA,1,"2019/08/20 09:10:00",PALOONA,23.43
D,DISPATCH,UNIT_SCADA,1,"2019/08/20 09:10:00",PIONEER,11.400001
D,DISPATCH,UNIT_SCADA,1,"2019/08/20 09:10:00",PORTWF,136.600006
D,DISPATCH,UNIT_SCADA,1,"2019/08/20 09:10:00",REPULSE,28.873121
D,DISPATCH,UNIT_SCADA,1,"2019/08/20 09:10:00",ROWALLAN,9.940001
D,DISPATCH,UNIT_SCADA,1,"2019/08/20 09:10:00",ROYALLA1,14.201001
D,DISPATCH,UNIT_SCADA,1,"2019/08/20 09:10:00",RPCG,11.20
D,DISPATCH,UNIT_SCADA,1,"2019/08/20 09:10:00",RUBICON,0
D,DISPATCH,UNIT_SCADA,1,"2019/08/20 09:10:00",SATGN1,0
D,DISPATCH,UNIT_SCADA,1,"2019/08/20 09:10:00",SATGS1,0
D,DISPATCH,UNIT_SCADA,1,"2019/08/20 09:10:00",STARHLWF,17.494898
D,DISPATCH,UNIT_SCADA,1,"2019/08/20 09:10:00",WAUBRAWF,98.182999
D,DISPATCH,UNIT_SCADA,1,"2019/08/20 09:10:00",WOOLNTH1,128.270020
D,DISPATCH,UNIT_SCADA,1,"2019/08/20 09:10:00",WPWF,25
D,DISPATCH,UNIT_SCADA,1,"2019/08/20 09:10:00",YAMBUKWF,18.60
D,DISPATCH,UNIT_SCADA,1,"2019/08/20 09:10:00",YSWF1,28.50
D,DISPATCH,UNIT_SCADA,1,"2019/08/20 09:10:00",AGLHAL,0
D,DISPATCH,UNIT_SCADA,1,"2019/08/20 09:10:00",AGLSOM,0
D,DISPATCH,UNIT_SCADA,1,"2019/08/20 09:10:00",ANGAST1,0
D,DISPATCH,UNIT_SCADA,1,"2019/08/20 09:10:00",ARWF1,49.30
D,DISPATCH,UNIT_SCADA,1,"2019/08/20 09:10:00",BALBG1,0.26
D,DISPATCH,UNIT_SCADA,1,"2019/08/20 09:10:00",BALBL1,0
D,DISPATCH,UNIT_SCADA,1,"2019/08/20 09:10:00",BALDHWF1,102.7130
D,DISPATCH,UNIT_SCADA,1,"2019/08/20 09:10:00",BANN1,60.01
D,DISPATCH,UNIT_SCADA,1,"2019/08/20 09:10:00",BARCALDN,0
D,DISPATCH,UNIT_SCADA,1,"2019/08/20 09:10:00",BARRON-1,0
D,DISPATCH,UNIT_SCADA,1,"2019/08/20 09:10:00",BARRON-2,28.92
D,DISPATCH,UNIT_SCADA,1,"2019/08/20 09:10:00",BASTYAN,80.95
D,DISPATCH,UNIT_SCADA,1,"2019/08/20 09:10:00",BBTHREE1,-2.18
D,DISPATCH,UNIT_SCADA,1,"2019/08/20 09:10:00",BBTHREE2,-2.10
D,DISPATCH,UNIT_SCADA,1,"2019/08/20 09:10:00",BBTHREE3,-1.28
D,DISPATCH,UNIT_SCADA,1,"2019/08/20 09:10:00",BDL01,34.86
D,DISPATCH,UNIT_SCADA,1,"2019/08/20 09:10:00",BDL02,34.38
D,DISPATCH,UNIT_SCADA,1,"2019/08/20 09:10:00",BERYLSF1,70.5706
D,DISPATCH,UNIT_SCADA,1,"2019/08/20 09:10:00",BLOWERNG,0
D,DISPATCH,UNIT_SCADA,1,"2019/08/20 09:10:00",BLUFF1,25.60
D,DISPATCH,UNIT_SCADA,1,"2019/08/20 09:10:00",BNGSF1,88.43
D,DISPATCH,UNIT_SCADA,1,"2019/08/20 09:10:00",BNGSF2,19.99
D,DISPATCH,UNIT_SCADA,1,"2019/08/20 09:10:00",BOCORWF1,57.35
D,DISPATCH,UNIT_SCADA,1,"2019/08/20 09:10:00",BODWF1,25.9999
D,DISPATCH,UNIT_SCADA,1,"2019/08/20 09:10:00",BRAEMAR1,0
D,DISPATCH,UNIT_SCADA,1,"2019/08/20 09:10:00",BRAEMAR2,0
D,DISPATCH,UNIT_SCADA,1,"2019/08/20 09:10:00",BRAEMAR3,0
D,DISPATCH,UNIT_SCADA,1,"2019/08/20 09:10:00",BRAEMAR5,0
D,DISPATCH,UNIT_SCADA,1,"2019/08/20 09:10:00",BRAEMAR6,0
D,DISPATCH,UNIT_SCADA,1,"2019/08/20 09:10:00",BRAEMAR7,0
D,DISPATCH,UNIT_SCADA,1,"2019/08/20 09:10:00",BROKENH1,31.333250
D,DISPATCH,UNIT_SCADA,1,"2019/08/20 09:10:00",BW01,631.550050
D,DISPATCH,UNIT_SCADA,1,"2019/08/20 09:10:00",BW02,628.174930
D,DISPATCH,UNIT_SCADA,1,"2019/08/20 09:10:00",BW03,632.075070
D,DISPATCH,UNIT_SCADA,1,"2019/08/20 09:10:00",BW04,0
D,DISPATCH,UNIT_SCADA,1,"2019/08/20 09:10:00",CALL_B_1,350.200010
D,DISPATCH,UNIT_SCADA,1,"2019/08/20 09:10:00",CALL_B_2,289.100010
D,DISPATCH,UNIT_SCADA,1,"2019/08/20 09:10:00",CETHANA,92.4365
D,DISPATCH,UNIT_SCADA,1,"2019/08/20 09:10:00",CG1,0
D,DISPATCH,UNIT_SCADA,1,"2019/08/20 09:10:00",CG2,0
D,DISPATCH,UNIT_SCADA,1,"2019/08/20 09:10:00",CG3,0
D,DISPATCH,UNIT_SCADA,1,"2019/08/20 09:10:00",CG4,0
D,DISPATCH,UNIT_SCADA,1,"2019/08/20 09:10:00",CHILDSF1,40.08
D,DISPATCH,UNIT_SCADA,1,"2019/08/20 09:10:00",CLARESF1,42.674180
D,DISPATCH,UNIT_SCADA,1,"2019/08/20 09:10:00",CLEMGPWF,3.745820
D,DISPATCH,UNIT_SCADA,1,"2019/08/20 09:10:00",CLERMSF1,15.13
D,DISPATCH,UNIT_SCADA,1,"2019/08/20 09:10:00",COLEASF1,36.20
D,DISPATCH,UNIT_SCADA,1,"2019/08/20 09:10:00",COOPGWF1,11.969160
D,DISPATCH,UNIT_SCADA,1,"2019/08/20 09:10:00",CPP_3,389.399990
D,DISPATCH,UNIT_SCADA,1,"2019/08/20 09:10:00",CPP_4,278.300020
D,DISPATCH,UNIT_SCADA,1,"2019/08/20 09:10:00",CPSA,143.106870
D,DISPATCH,UNIT_SCADA,1,"2019/08/20 09:10:00",CROOKWF2,85.803750
D,DISPATCH,UNIT_SCADA,1,"2019/08/20 09:10:00",CROWLWF1,22.717440
D,DISPATCH,UNIT_SCADA,1,"2019/08/20 09:10:00",CSPVPS1,27.4540
D,DISPATCH,UNIT_SCADA,1,"2019/08/20 09:10:00",DALNTH01,0
D,DISPATCH,UNIT_SCADA,1,"2019/08/20 09:10:00",DALNTHL1,0.224310
D,DISPATCH,UNIT_SCADA,1,"2019/08/20 09:10:00",DARTM1,134.50
D,DISPATCH,UNIT_SCADA,1,"2019/08/20 09:10:00",DAYDSF1,112.8140
D,DISPATCH,UNIT_SCADA,1,"2019/08/20 09:10:00",DDPS1,0
D,DISPATCH,UNIT_SCADA,1,"2019/08/20 09:10:00",DDSF1,87.666690
D,DISPATCH,UNIT_SCADA,1,"2019/08/20 09:10:00",DEVILS_G,0
D,DISPATCH,UNIT_SCADA,1,"2019/08/20 09:10:00",DG_NSW1,0
D,DISPATCH,UNIT_SCADA,1,"2019/08/20 09:10:00",DG_QLD1,0
D,DISPATCH,UNIT_SCADA,1,"2019/08/20 09:10:00",DG_SA1,0
D,DISPATCH,UNIT_SCADA,1,"2019/08/20 09:10:00",DG_TAS1,0
D,DISPATCH,UNIT_SCADA,1,"2019/08/20 09:10:00",DG_VIC1,0
D,DISPATCH,UNIT_SCADA,1,"2019/08/20 09:10:00",DRYCGT1,0
D,DISPATCH,UNIT_SCADA,1,"2019/08/20 09:10:00",DRYCGT2,0
D,DISPATCH,UNIT_SCADA,1,"2019/08/20 09:10:00",DRYCGT3,0
D,DISPATCH,UNIT_SCADA,1,"2019/08/20 09:10:00",EILDON1,0
D,DISPATCH,UNIT_SCADA,1,"2019/08/20 09:10:00",EILDON2,0
D,DISPATCH,UNIT_SCADA,1,"2019/08/20 09:10:00",EMERASF1,61.51
D,DISPATCH,UNIT_SCADA,1,"2019/08/20 09:10:00",ER01,585.799930
D,DISPATCH,UNIT_SCADA,1,"2019/08/20 09:10:00",ER02,665.775020
D,DISPATCH,UNIT_SCADA,1,"2019/08/20 09:10:00",ER03,666.6001
D,DISPATCH,UNIT_SCADA,1,"2019/08/20 09:10:00",ER04,669.174930
D,DISPATCH,UNIT_SCADA,1,"2019/08/20 09:10:00",FINLYSF1,0
D,DISPATCH,UNIT_SCADA,1,"2019/08/20 09:10:00",FISHER,45.85
D,DISPATCH,UNIT_SCADA,1,"2019/08/20 09:10:00",GANNBG1,0
D,DISPATCH,UNIT_SCADA,1,"2019/08/20 09:10:00",GANNBL1,0.115640
D,DISPATCH,UNIT_SCADA,1,"2019/08/20 09:10:00",GANNSF1,10.50
D,DISPATCH,UNIT_SCADA,1,"2019/08/20 09:10:00",GORDON,24.607520
D,DISPATCH,UNIT_SCADA,1,"2019/08/20 09:10:00",GSTONE1,131.599990
D,DISPATCH,UNIT_SCADA,1,"2019/08/20 09:10:00",GSTONE2,129.849990
D,DISPATCH,UNIT_SCADA,1,"2019/08/20 09:10:00",GSTONE3,131.774990
D,DISPATCH,UNIT_SCADA,1,"2019/08/20 09:10:00",GSTONE4,131.25
D,DISPATCH,UNIT_SCADA,1,"2019/08/20 09:10:00",GSTONE5,132.30
D,DISPATCH,UNIT_SCADA,1,"2019/08/20 09:10:00",GSTONE6,0
D,DISPATCH,UNIT_SCADA,1,"2019/08/20 09:10:00",GULLRSF1,2.570160
D,DISPATCH,UNIT_SCADA,1,"2019/08/20 09:10:00",GULLRWF1,132.552760
D,DISPATCH,UNIT_SCADA,1,"2019/08/20 09:10:00",GUNNING1,44.275120
D,DISPATCH,UNIT_SCADA,1,"2019/08/20 09:10:00",GUTHEGA,0
D,DISPATCH,UNIT_SCADA,1,"2019/08/20 09:10:00",HALLWF1,81.63
D,DISPATCH,UNIT_SCADA,1,"2019/08/20 09:10:00",HALLWF2,59.66
D,DISPATCH,UNIT_SCADA,1,"2019/08/20 09:10:00",HAMISF1,44.90
D,DISPATCH,UNIT_SCADA,1,"2019/08/20 09:10:00",HAUGHT11,50.049020
D,DISPATCH,UNIT_SCADA,1,"2019/08/20 09:10:00",HAYMSF1,40.9030
D,DISPATCH,UNIT_SCADA,1,"2019/08/20 09:10:00",HDWF1,29.30
D,DISPATCH,UNIT_SCADA,1,"2019/08/20 09:10:00",HDWF2,17.60
D,DISPATCH,UNIT_SCADA,1,"2019/08/20 09:10:00",HDWF3,26.40
D,DISPATCH,UNIT_SCADA,1,"2019/08/20 09:10:00",HPRG1,0
D,DISPATCH,UNIT_SCADA,1,"2019/08/20 09:10:00",HPRL1,0.30
D,DISPATCH,UNIT_SCADA,1,"2019/08/20 09:10:00",HUMENSW,0
D,DISPATCH,UNIT_SCADA,1,"2019/08/20 09:10:00",HUMEV,9
D,DISPATCH,UNIT_SCADA,1,"2019/08/20 09:10:00",HVGTS,0
D,DISPATCH,UNIT_SCADA,1,"2019/08/20 09:10:00",JBUTTERS,137.489990
D,DISPATCH,UNIT_SCADA,1,"2019/08/20 09:10:00",JLA01,0.50
D,DISPATCH,UNIT_SCADA,1,"2019/08/20 09:10:00",JLA02,0
D,DISPATCH,UNIT_SCADA,1,"2019/08/20 09:10:00",JLA03,0.10
D,DISPATCH,UNIT_SCADA,1,"2019/08/20 09:10:00",JLA04,0.10
D,DISPATCH,UNIT_SCADA,1,"2019/08/20 09:10:00",JLB01,0
D,DISPATCH,UNIT_SCADA,1,"2019/08/20 09:10:00",JLB02,0.10
D,DISPATCH,UNIT_SCADA,1,"2019/08/20 09:10:00",JLB03,0
D,DISPATCH,UNIT_SCADA,1,"2019/08/20 09:10:00",KAREEYA1,21.50
D,DISPATCH,UNIT_SCADA,1,"2019/08/20 09:10:00",KAREEYA2,21.6175
D,DISPATCH,UNIT_SCADA,1,"2019/08/20 09:10:00",KAREEYA3,0
D,DISPATCH,UNIT_SCADA,1,"2019/08/20 09:10:00",KAREEYA4,21.7025
D,DISPATCH,UNIT_SCADA,1,"2019/08/20 09:10:00",KARSF1,79.30
D,DISPATCH,UNIT_SCADA,1,"2019/08/20 09:10:00",KIATAWF1,30.60
D,DISPATCH,UNIT_SCADA,1,"2019/08/20 09:10:00",KPP_1,0
D,DISPATCH,UNIT_SCADA,1,"2019/08/20 09:10:00",KSP1,45.11
D,DISPATCH,UNIT_SCADA,1,"2019/08/20 09:10:00",LADBROK1,42.36
D,DISPATCH,UNIT_SCADA,1,"2019/08/20 09:10:00",LADBROK2,43.05
D,DISPATCH,UNIT_SCADA,1,"2019/08/20 09:10:00",LD01,401.662570
D,DISPATCH,UNIT_SCADA,1,"2019/08/20 09:10:00",LD02,398.099950
D,DISPATCH,UNIT_SCADA,1,"2019/08/20 09:10:00",LD03,388.050020
D,DISPATCH,UNIT_SCADA,1,"2019/08/20 09:10:00",LD04,381.543730
D,DISPATCH,UNIT_SCADA,1,"2019/08/20 09:10:00",LEM_WIL,85.4087
D,DISPATCH,UNIT_SCADA,1,"2019/08/20 09:10:00",LGAPWF1,7.68
D,DISPATCH,UNIT_SCADA,1,"2019/08/20 09:10:00",LILYSF1,91.2261
D,DISPATCH,UNIT_SCADA,1,"2019/08/20 09:10:00",LI_WY_CA,147.887040
D,DISPATCH,UNIT_SCADA,1,"2019/08/20 09:10:00",LKBONNY2,143.413040
D,DISPATCH,UNIT_SCADA,1,"2019/08/20 09:10:00",LKBONNY3,36.842530
D,DISPATCH,UNIT_SCADA,1,"2019/08/20 09:10:00",LK_ECHO,0
D,DISPATCH,UNIT_SCADA,1,"2019/08/20 09:10:00",LNGS1,0
D,DISPATCH,UNIT_SCADA,1,"2019/08/20 09:10:00",LNGS2,0
D,DISPATCH,UNIT_SCADA,1,"2019/08/20 09:10:00",LONSDALE,0
D,DISPATCH,UNIT_SCADA,1,"2019/08/20 09:10:00",LOYYB1,538.720280
D,DISPATCH,UNIT_SCADA,1,"2019/08/20 09:10:00",LOYYB2,583.082280
D,DISPATCH,UNIT_SCADA,1,"2019/08/20 09:10:00",LYA1,560
D,DISPATCH,UNIT_SCADA,1,"2019/08/20 09:10:00",LYA2,0
D,DISPATCH,UNIT_SCADA,1,"2019/08/20 09:10:00",LYA3,561
D,DISPATCH,UNIT_SCADA,1,"2019/08/20 09:10:00",LYA4,520
D,DISPATCH,UNIT_SCADA,1,"2019/08/20 09:10:00",MACARTH1,302.7930
D,DISPATCH,UNIT_SCADA,1,"2019/08/20 09:10:00",MACKAYGT,0
D,DISPATCH,UNIT_SCADA,1,"2019/08/20 09:10:00",MACKNTSH,85.110010
D,DISPATCH,UNIT_SCADA,1,"2019/08/20 09:10:00",MANSLR1,35.1790
D,DISPATCH,UNIT_SCADA,1,"2019/08/20 09:10:00",MCKAY1,0.02
D,DISPATCH,UNIT_SCADA,1,"2019/08/20 09:10:00",MEADOWBK,33.552920
D,DISPATCH,UNIT_SCADA,1,"2019/08/20 09:10:00",MERCER01,127.602010
D,DISPATCH,UNIT_SCADA,1,"2019/08/20 09:10:00",MEWF1,28.194820
D,DISPATCH,UNIT_SCADA,1,"2019/08/20 09:10:00",MINTARO,0
D,DISPATCH,UNIT_SCADA,1,"2019/08/20 09:10:00",MOREESF1,53.1740
D,DISPATCH,UNIT_SCADA,1,"2019/08/20 09:10:00",MORTLK11,259
D,DISPATCH,UNIT_SCADA,1,"2019/08/20 09:10:00",MORTLK12,0
D,DISPATCH,UNIT_SCADA,1,"2019/08/20 09:10:00",MP1,282.150020
D,DISPATCH,UNIT_SCADA,1,"2019/08/20 09:10:00",MP2,0
D,DISPATCH,UNIT_SCADA,1,"2019/08/20 09:10:00",MPP_1,406
D,DISPATCH,UNIT_SCADA,1,"2019/08/20 09:10:00",MPP_2,409
D,DISPATCH,UNIT_SCADA,1,"2019/08/20 09:10:00",MSTUART1,0
D,DISPATCH,UNIT_SCADA,1,"2019/08/20 09:10:00",MSTUART2,0
D,DISPATCH,UNIT_SCADA,1,"2019/08/20 09:10:00",MSTUART3,0
D,DISPATCH,UNIT_SCADA,1,"2019/08/20 09:10:00",MTGELWF1,64.748070
D,DISPATCH,UNIT_SCADA,1,"2019/08/20 09:10:00",MURRAY,0
D,DISPATCH,UNIT_SCADA,1,"2019/08/20 09:10:00",MUSSELR1,162.899990
D,DISPATCH,UNIT_SCADA,1,"2019/08/20 09:10:00",MUWAWF1,22.70
D,DISPATCH,UNIT_SCADA,1,"2019/08/20 09:10:00",NBHWF1,70.80
D,DISPATCH,UNIT_SCADA,1,"2019/08/20 09:10:00",NPS,0
D,DISPATCH,UNIT_SCADA,1,"2019/08/20 09:10:00",NUMURSF1,19.42
D,DISPATCH,UNIT_SCADA,1,"2019/08/20 09:10:00",NYNGAN1,70.25
D,DISPATCH,UNIT_SCADA,1,"2019/08/20 09:10:00",OAKEY1,0
D,DISPATCH,UNIT_SCADA,1,"2019/08/20 09:10:00",OAKEY1SF,21.67
D,DISPATCH,UNIT_SCADA,1,"2019/08/20 09:10:00",OAKEY2,0
D,DISPATCH,UNIT_SCADA,1,"2019/08/20 09:10:00",OAKLAND1,60.60
D,DISPATCH,UNIT_SCADA,1,"2019/08/20 09:10:00",OSB-AG,139.97
D,DISPATCH,UNIT_SCADA,1,"2019/08/20 09:10:00",PARSF1,45.899990
D,DISPATCH,UNIT_SCADA,1,"2019/08/20 09:10:00",POAT110,10.149520
D,DISPATCH,UNIT_SCADA,1,"2019/08/20 09:10:00",POAT220,41.088170
D,DISPATCH,UNIT_SCADA,1,"2019/08/20 09:10:00",POR01,0
D,DISPATCH,UNIT_SCADA,1,"2019/08/20 09:10:00",POR03,0
D,DISPATCH,UNIT_SCADA,1,"2019/08/20 09:10:00",PPCCGT,247.373720
D,DISPATCH,UNIT_SCADA,1,"2019/08/20 09:10:00",PTSTAN1,0
D,DISPATCH,UNIT_SCADA,1,"2019/08/20 09:10:00",PUMP1,0
D,DISPATCH,UNIT_SCADA,1,"2019/08/20 09:10:00",PUMP2,0
D,DISPATCH,UNIT_SCADA,1,"2019/08/20 09:10:00",QPS1,29.10
D,DISPATCH,UNIT_SCADA,1,"2019/08/20 09:10:00",QPS2,0
D,DISPATCH,UNIT_SCADA,1,"2019/08/20 09:10:00",QPS3,15.70
D,DISPATCH,UNIT_SCADA,1,"2019/08/20 09:10:00",QPS4,0
D,DISPATCH,UNIT_SCADA,1,"2019/08/20 09:10:00",QPS5,120.98
D,DISPATCH,UNIT_SCADA,1,"2019/08/20 09:10:00",REECE1,115.320010
D,DISPATCH,UNIT_SCADA,1,"2019/08/20 09:10:00",REECE2,115.390010
D,DISPATCH,UNIT_SCADA,1,"2019/08/20 09:10:00",ROMA_7,0
D,DISPATCH,UNIT_SCADA,1,"2019/08/20 09:10:00",ROMA_8,0
D,DISPATCH,UNIT_SCADA,1,"2019/08/20 09:10:00",RRSF1,99.540310
D,DISPATCH,UNIT_SCADA,1,"2019/08/20 09:10:00",RT_NSW1,0
D,DISPATCH,UNIT_SCADA,1,"2019/08/20 09:10:00",RT_NSW2,0
D,DISPATCH,UNIT_SCADA,1,"2019/08/20 09:10:00",RT_NSW3,0
D,DISPATCH,UNIT_SCADA,1,"2019/08/20 09:10:00",RT_NSW4,0
D,DISPATCH,UNIT_SCADA,1,"2019/08/20 09:10:00",RT_NSW5,0
D,DISPATCH,UNIT_SCADA,1,"2019/08/20 09:10:00",RT_NSW6,0
D,DISPATCH,UNIT_SCADA,1,"2019/08/20 09:10:00",RT_QLD1,0
D,DISPATCH,UNIT_SCADA,1,"2019/08/20 09:10:00",RT_SA1,0
D,DISPATCH,UNIT_SCADA,1,"2019/08/20 09:10:00",RT_SA2,0
D,DISPATCH,UNIT_SCADA,1,"2019/08/20 09:10:00",RT_SA3,0
D,DISPATCH,UNIT_SCADA,1,"2019/08/20 09:10:00",RT_SA4,0
D,DISPATCH,UNIT_SCADA,1,"2019/08/20 09:10:00",RT_SA5,0
D,DISPATCH,UNIT_SCADA,1,"2019/08/20 09:10:00",RT_SA6,0
D,DISPATCH,UNIT_SCADA,1,"2019/08/20 09:10:00",RT_TAS1,0
D,DISPATCH,UNIT_SCADA,1,"2019/08/20 09:10:00",RT_VIC1,0
D,DISPATCH,UNIT_SCADA,1,"2019/08/20 09:10:00",RT_VIC10,0
D,DISPATCH,UNIT_SCADA,1,"2019/08/20 09:10:00",RT_VIC11,0
D,DISPATCH,UNIT_SCADA,1,"2019/08/20 09:10:00",RT_VIC12,0
D,DISPATCH,UNIT_SCADA,1,"2019/08/20 09:10:00",RT_VIC2,0
D,DISPATCH,UNIT_SCADA,1,"2019/08/20 09:10:00",RT_VIC3,0
D,DISPATCH,UNIT_SCADA,1,"2019/08/20 09:10:00",RT_VIC4,0
D,DISPATCH,UNIT_SCADA,1,"2019/08/20 09:10:00",RT_VIC5,0
D,DISPATCH,UNIT_SCADA,1,"2019/08/20 09:10:00",RT_VIC6,0
D,DISPATCH,UNIT_SCADA,1,"2019/08/20 09:10:00",RT_VIC7,0
D,DISPATCH,UNIT_SCADA,1,"2019/08/20 09:10:00",RT_VIC8,0
D,DISPATCH,UNIT_SCADA,1,"2019/08/20 09:10:00",RT_VIC9,0
D,DISPATCH,UNIT_SCADA,1,"2019/08/20 09:10:00",RUGBYR1,45.293570
D,DISPATCH,UNIT_SCADA,1,"2019/08/20 09:10:00",SALTCRK1,52.31
D,DISPATCH,UNIT_SCADA,1,"2019/08/20 09:10:00",SAPHWF1,46.228120
D,DISPATCH,UNIT_SCADA,1,"2019/08/20 09:10:00",SHGEN,0
D,DISPATCH,UNIT_SCADA,1,"2019/08/20 09:10:00",SHPUMP,0
D,DISPATCH,UNIT_SCADA,1,"2019/08/20 09:10:00",SITHE01,0.043330
D,DISPATCH,UNIT_SCADA,1,"2019/08/20 09:10:00",SMCSF1,57.554720
D,DISPATCH,UNIT_SCADA,1,"2019/08/20 09:10:00",SNOWNTH1,26.50
D,DISPATCH,UNIT_SCADA,1,"2019/08/20 09:10:00",SNOWSTH1,80.20
D,DISPATCH,UNIT_SCADA,1,"2019/08/20 09:10:00",SNOWTWN1,35.0594
D,DISPATCH,UNIT_SCADA,1,"2019/08/20 09:10:00",SNOWYP,0
D,DISPATCH,UNIT_SCADA,1,"2019/08/20 09:10:00",SNUG1,0.019440
D,DISPATCH,UNIT_SCADA,1,"2019/08/20 09:10:00",SRSF1,35.25
D,DISPATCH,UNIT_SCADA,1,"2019/08/20 09:10:00",STAN-1,0
D,DISPATCH,UNIT_SCADA,1,"2019/08/20 09:10:00",STAN-2,281.235350
D,DISPATCH,UNIT_SCADA,1,"2019/08/20 09:10:00",STAN-3,280.761080
D,DISPATCH,UNIT_SCADA,1,"2019/08/20 09:10:00",STAN-4,278.851230
D,DISPATCH,UNIT_SCADA,1,"2019/08/20 09:10:00",STWF1,1.709990
D,DISPATCH,UNIT_SCADA,1,"2019/08/20 09:10:00",SWAN_E,0
D,DISPATCH,UNIT_SCADA,1,"2019/08/20 09:10:00",TALWA1,299
D,DISPATCH,UNIT_SCADA,1,"2019/08/20 09:10:00",TARALGA1,103.882510
D,DISPATCH,UNIT_SCADA,1,"2019/08/20 09:10:00",TARONG#1,281.399990
D,DISPATCH,UNIT_SCADA,1,"2019/08/20 09:10:00",TARONG#2,349.50
D,DISPATCH,UNIT_SCADA,1,"2019/08/20 09:10:00",TARONG#3,260.399990
D,DISPATCH,UNIT_SCADA,1,"2019/08/20 09:10:00",TARONG#4,280.399990
D,DISPATCH,UNIT_SCADA,1,"2019/08/20 09:10:00",TARRALEA,84.80
D,DISPATCH,UNIT_SCADA,1,"2019/08/20 09:10:00",TBSF1,40.90
D,DISPATCH,UNIT_SCADA,1,"2019/08/20 09:10:00",TNPS1,441.700010
D,DISPATCH,UNIT_SCADA,1,"2019/08/20 09:10:00",TORRA1,71.398140
D,DISPATCH,UNIT_SCADA,1,"2019/08/20 09:10:00",TORRA2,0
D,DISPATCH,UNIT_SCADA,1,"2019/08/20 09:10:00",TORRA3,0
D,DISPATCH,UNIT_SCADA,1,"2019/08/20 09:10:00",TORRA4,0
D,DISPATCH,UNIT_SCADA,1,"2019/08/20 09:10:00",TORRB1,78.29
D,DISPATCH,UNIT_SCADA,1,"2019/08/20 09:10:00",TORRB2,97.32
D,DISPATCH,UNIT_SCADA,1,"2019/08/20 09:10:00",TORRB3,0
D,DISPATCH,UNIT_SCADA,1,"2019/08/20 09:10:00",TORRB4,0
D,DISPATCH,UNIT_SCADA,1,"2019/08/20 09:10:00",TREVALLN,71.640010
D,DISPATCH,UNIT_SCADA,1,"2019/08/20 09:10:00",TRIBUTE,84.58
D,DISPATCH,UNIT_SCADA,1,"2019/08/20 09:10:00",TUMUT3,0
D,DISPATCH,UNIT_SCADA,1,"2019/08/20 09:10:00",TUNGATIN,131.250030
D,DISPATCH,UNIT_SCADA,1,"2019/08/20 09:10:00",TVCC201,0
D,DISPATCH,UNIT_SCADA,1,"2019/08/20 09:10:00",TVPP104,0
D,DISPATCH,UNIT_SCADA,1,"2019/08/20 09:10:00",UPPTUMUT,0
D,DISPATCH,UNIT_SCADA,1,"2019/08/20 09:10:00",URANQ11,0
D,DISPATCH,UNIT_SCADA,1,"2019/08/20 09:10:00",URANQ12,0
D,DISPATCH,UNIT_SCADA,1,"2019/08/20 09:10:00",URANQ13,0
D,DISPATCH,UNIT_SCADA,1,"2019/08/20 09:10:00",URANQ14,0
D,DISPATCH,UNIT_SCADA,1,"2019/08/20 09:10:00",VP5,401.674990
D,DISPATCH,UNIT_SCADA,1,"2019/08/20 09:10:00",VP6,405.024990
D,DISPATCH,UNIT_SCADA,1,"2019/08/20 09:10:00",VPGS1,0
D,DISPATCH,UNIT_SCADA,1,"2019/08/20 09:10:00",VPGS2,0
D,DISPATCH,UNIT_SCADA,1,"2019/08/20 09:10:00",VPGS3,0
D,DISPATCH,UNIT_SCADA,1,"2019/08/20 09:10:00",VPGS4,0
D,DISPATCH,UNIT_SCADA,1,"2019/08/20 09:10:00",VPGS5,0
D,DISPATCH,UNIT_SCADA,1,"2019/08/20 09:10:00",VPGS6,0
D,DISPATCH,UNIT_SCADA,1,"2019/08/20 09:10:00",W/HOE#1,0
D,DISPATCH,UNIT_SCADA,1,"2019/08/20 09:10:00",W/HOE#2,0
D,DISPATCH,UNIT_SCADA,1,"2019/08/20 09:10:00",WATERLWF,104
D,DISPATCH,UNIT_SCADA,1,"2019/08/20 09:10:00",WEMENSF1,71.10
D,DISPATCH,UNIT_SCADA,1,"2019/08/20 09:10:00",WGWF1,67.70
D,DISPATCH,UNIT_SCADA,1,"2019/08/20 09:10:00",WHITSF1,43.90
D,DISPATCH,UNIT_SCADA,1,"2019/08/20 09:10:00",WKIEWA1,0
D,DISPATCH,UNIT_SCADA,1,"2019/08/20 09:10:00",WKIEWA2,11.10
D,DISPATCH,UNIT_SCADA,1,"2019/08/20 09:10:00",WOODLWN1,44.8380
D,DISPATCH,UNIT_SCADA,1,"2019/08/20 09:10:00",WRSF1,16.71
D,DISPATCH,UNIT_SCADA,1,"2019/08/20 09:10:00",WRWF1,27.3825
D,DISPATCH,UNIT_SCADA,1,"2019/08/20 09:10:00",YABULU,0
D,DISPATCH,UNIT_SCADA,1,"2019/08/20 09:10:00",YABULU2,0
D,DISPATCH,UNIT_SCADA,1,"2019/08/20 09:10:00",YARWUN_1,0
D,DISPATCH,UNIT_SCADA,1,"2019/08/20 09:10:00",YENDWF1,42.03
D,DISPATCH,UNIT_SCADA,1,"2019/08/20 09:10:00",YWPS1,379.448090
D,DISPATCH,UNIT_SCADA,1,"2019/08/20 09:10:00",YWPS2,280.949370
D,DISPATCH,UNIT_SCADA,1,"2019/08/20 09:10:00",YWPS3,0
D,DISPATCH,UNIT_SCADA,1,"2019/08/20 09:10:00",YWPS4,394.955690
C,"END OF REPORT",334
