C,NEMP.WORLD,DISPATCHSCADA,AEMO,PUBLIC,2019/08/19,21:05:08,0000000311760571,DISPATCHSCADA,0000000311760565
I,DISPATCH,UNIT_SCADA,1,SETTLEMENTDATE,DUID,SCADAVALUE
D,DISPATCH,UNIT_SCADA,1,"2019/08/19 21:10:00",BARCSF1,1.10
D,DISPATCH,UNIT_SCADA,1,"2019/08/19 21:10:00",BUTLERSG,9.699999
D,DISPATCH,UNIT_SCADA,1,"2019/08/19 21:10:00",CALL_A_4,0
D,DISPATCH,UNIT_SCADA,1,"2019/08/19 21:10:00",CAPTL_WF,135.007996
D,DISPATCH,UNIT_SCADA,1,"2019/08/19 21:10:00",CATHROCK,43.069996
D,DISPATCH,UNIT_SCADA,1,"2019/08/19 21:10:00",CHALLHWF,14
D,DISPATCH,UNIT_SCADA,1,"2019/08/19 21:10:00",CLOVER,0
D,DISPATCH,UNIT_SCADA,1,"2019/08/19 21:10:00",CLUNY,12.087434
D,DISPATCH,UNIT_SCADA,1,"2019/08/19 21:10:00",CNUNDAWF,37.944263
D,DISPATCH,UNIT_SCADA,1,"2019/08/19 21:10:00",CULLRGWF,30.34
D,DISPATCH,UNIT_SCADA,1,"2019/08/19 21:10:00",ERGT01,0
D,DISPATCH,UNIT_SCADA,1,"2019/08/19 21:10:00",GB01,0.068443
D,DISPATCH,UNIT_SCADA,1,"2019/08/19 21:10:00",GERMCRK,36.400002
D,DISPATCH,UNIT_SCADA,1,"2019/08/19 21:10:00",GRIFSF1,0
D,DISPATCH,UNIT_SCADA,1,"2019/08/19 21:10:00",HUGSF1,-0.1880
D,DISPATCH,UNIT_SCADA,1,"2019/08/19 21:10:00",LKBONNY1,54.032166
D,DISPATCH,UNIT_SCADA,1,"2019/08/19 21:10:00",LRSF1,0.0240
D,DISPATCH,UNIT_SCADA,1,"2019/08/19 21:10:00",MBAHNTH,55.800003
D,DISPATCH,UNIT_SCADA,1,"2019/08/19 21:10:00",MLSP1,0.304001
D,DISPATCH,UNIT_SCADA,1,"2019/08/19 21:10:00",MLWF1,16.3650
D,DISPATCH,UNIT_SCADA,1,"2019/08/19 21:10:00",MTMILLAR,7.634786
D,DISPATCH,UNIT_SCADA,1,"2019/08/19 21:10:00",PALOONA,12.59
D,DISPATCH,UNIT_SCADA,1,"2019/08/19 21:10:00",PIONEER,39.799999
D,DISPATCH,UNIT_SCADA,1,"2019/08/19 21:10:00",PORTWF,135.399994
D,DISPATCH,UNIT_SCADA,1,"2019/08/19 21:10:00",REPULSE,29.139238
D,DISPATCH,UNIT_SCADA,1,"2019/08/19 21:10:00",ROWALLAN,9.7980
D,DISPATCH,UNIT_SCADA,1,"2019/08/19 21:10:00",ROYALLA1,0
D,DISPATCH,UNIT_SCADA,1,"2019/08/19 21:10:00",RPCG,-2.10
D,DISPATCH,UNIT_SCADA,1,"2019/08/19 21:10:00",RUBICON,0
D,DISPATCH,UNIT_SCADA,1,"2019/08/19 21:10:00",SATGN1,0
D,DISPATCH,UNIT_SCADA,1,"2019/08/19 21:10:00",SATGS1,0
D,DISPATCH,UNIT_SCADA,1,"2019/08/19 21:10:00",STARHLWF,5.198484
D,DISPATCH,UNIT_SCADA,1,"2019/08/19 21:10:00",WAUBRAWF,120.086998
D,DISPATCH,UNIT_SCADA,1,"2019/08/19 21:10:00",WOOLNTH1,131.300018
D,DISPATCH,UNIT_SCADA,1,"2019/08/19 21:10:00",WPWF,15
D,DISPATCH,UNIT_SCADA,1,"2019/08/19 21:10:00",YAMBUKWF,24.799999
D,DISPATCH,UNIT_SCADA,1,"2019/08/19 21:10:00",YSWF1,28.50
D,DISPATCH,UNIT_SCADA,1,"2019/08/19 21:10:00",AGLHAL,0
D,DISPATCH,UNIT_SCADA,1,"2019/08/19 21:10:00",AGLSOM,39.70
D,DISPATCH,UNIT_SCADA,1,"2019/08/19 21:10:00",ANGAST1,0
D,DISPATCH,UNIT_SCADA,1,"2019/08/19 21:10:00",ARWF1,19.20
D,DISPATCH,UNIT_SCADA,1,"2019/08/19 21:10:00",BALBG1,3.49
D,DISPATCH,UNIT_SCADA,1,"2019/08/19 21:10:00",BALBL1,0
D,DISPATCH,UNIT_SCADA,1,"2019/08/19 21:10:00",BALDHWF1,101.9270
D,DISPATCH,UNIT_SCADA,1,"2019/08/19 21:10:00",BANN1,0
D,DISPATCH,UNIT_SCADA,1,"2019/08/19 21:10:00",BARCALDN,0
D,DISPATCH,UNIT_SCADA,1,"2019/08/19 21:10:00",BARRON-1,0
D,DISPATCH,UNIT_SCADA,1,"2019/08/19 21:10:00",BARRON-2,28.80
D,DISPATCH,UNIT_SCADA,1,"2019/08/19 21:10:00",BASTYAN,80.110010
D,DISPATCH,UNIT_SCADA,1,"2019/08/19 21:10:00",BBTHREE1,0
D,DISPATCH,UNIT_SCADA,1,"2019/08/19 21:10:00",BBTHREE2,0
D,DISPATCH,UNIT_SCADA,1,"2019/08/19 21:10:00",BBTHREE3,0
D,DISPATCH,UNIT_SCADA,1,"2019/08/19 21:10:00",BDL01,22.68
D,DISPATCH,UNIT_SCADA,1,"2019/08/19 21:10:00",BDL02,24.12
D,DISPATCH,UNIT_SCADA,1,"2019/08/19 21:10:00",BERYLSF1,0
D,DISPATCH,UNIT_SCADA,1,"2019/08/19 21:10:00",BLOWERNG,0
D,DISPATCH,UNIT_SCADA,1,"2019/08/19 21:10:00",BLUFF1,20.90
D,DISPATCH,UNIT_SCADA,1,"2019/08/19 21:10:00",BNGSF1,0
D,DISPATCH,UNIT_SCADA,1,"2019/08/19 21:10:00",BNGSF2,0
D,DISPATCH,UNIT_SCADA,1,"2019/08/19 21:10:00",BOCORWF1,109.17
D,DISPATCH,UNIT_SCADA,1,"2019/08/19 21:10:00",BODWF1,70.892050
D,DISPATCH,UNIT_SCADA,1,"2019/08/19 21:10:00",BRAEMAR1,0
D,DISPATCH,UNIT_SCADA,1,"2019/08/19 21:10:00",BRAEMAR2,0
D,DISPATCH,UNIT_SCADA,1,"2019/08/19 21:10:00",BRAEMAR3,0
D,DISPATCH,UNIT_SCADA,1,"2019/08/19 21:10:00",BRAEMAR5,0
D,DISPATCH,UNIT_SCADA,1,"2019/08/19 21:10:00",BRAEMAR6,0
D,DISPATCH,UNIT_SCADA,1,"2019/08/19 21:10:00",BRAEMAR7,81.242760
D,DISPATCH,UNIT_SCADA,1,"2019/08/19 21:10:00",BROKENH1,0
D,DISPATCH,UNIT_SCADA,1,"2019/08/19 21:10:00",BW01,646.50
D,DISPATCH,UNIT_SCADA,1,"2019/08/19 21:10:00",BW02,675.650020
D,DISPATCH,UNIT_SCADA,1,"2019/08/19 21:10:00",BW03,640.650020
D,DISPATCH,UNIT_SCADA,1,"2019/08/19 21:10:00",BW04,0
D,DISPATCH,UNIT_SCADA,1,"2019/08/19 21:10:00",CALL_B_1,331.600010
D,DISPATCH,UNIT_SCADA,1,"2019/08/19 21:10:00",CALL_B_2,271
D,DISPATCH,UNIT_SCADA,1,"2019/08/19 21:10:00",CETHANA,69.9235
D,DISPATCH,UNIT_SCADA,1,"2019/08/19 21:10:00",CG1,0
D,DISPATCH,UNIT_SCADA,1,"2019/08/19 21:10:00",CG2,0
D,DISPATCH,UNIT_SCADA,1,"2019/08/19 21:10:00",CG3,0
D,DISPATCH,UNIT_SCADA,1,"2019/08/19 21:10:00",CG4,0
D,DISPATCH,UNIT_SCADA,1,"2019/08/19 21:10:00",CHILDSF1,0
D,DISPATCH,UNIT_SCADA,1,"2019/08/19 21:10:00",CLARESF1,0
D,DISPATCH,UNIT_SCADA,1,"2019/08/19 21:10:00",CLEMGPWF,7.923850
D,DISPATCH,UNIT_SCADA,1,"2019/08/19 21:10:00",CLERMSF1,0
D,DISPATCH,UNIT_SCADA,1,"2019/08/19 21:10:00",COLEASF1,0
D,DISPATCH,UNIT_SCADA,1,"2019/08/19 21:10:00",COOPGWF1,35.131090
D,DISPATCH,UNIT_SCADA,1,"2019/08/19 21:10:00",CPP_3,404.800020
D,DISPATCH,UNIT_SCADA,1,"2019/08/19 21:10:00",CPP_4,405.6250
D,DISPATCH,UNIT_SCADA,1,"2019/08/19 21:10:00",CPSA,142.146880
D,DISPATCH,UNIT_SCADA,1,"2019/08/19 21:10:00",CROOKWF2,87.835010
D,DISPATCH,UNIT_SCADA,1,"2019/08/19 21:10:00",CROWLWF1,20.009980
D,DISPATCH,UNIT_SCADA,1,"2019/08/19 21:10:00",CSPVPS1,0
D,DISPATCH,UNIT_SCADA,1,"2019/08/19 21:10:00",DALNTH01,0
D,DISPATCH,UNIT_SCADA,1,"2019/08/19 21:10:00",DALNTHL1,0.163270
D,DISPATCH,UNIT_SCADA,1,"2019/08/19 21:10:00",DARTM1,134.50
D,DISPATCH,UNIT_SCADA,1,"2019/08/19 21:10:00",DAYDSF1,0
D,DISPATCH,UNIT_SCADA,1,"2019/08/19 21:10:00",DDPS1,398.663120
D,DISPATCH,UNIT_SCADA,1,"2019/08/19 21:10:00",DDSF1,0
D,DISPATCH,UNIT_SCADA,1,"2019/08/19 21:10:00",DEVILS_G,59.916380
D,DISPATCH,UNIT_SCADA,1,"2019/08/19 21:10:00",DG_NSW1,0
D,DISPATCH,UNIT_SCADA,1,"2019/08/19 21:10:00",DG_QLD1,0
D,DISPATCH,UNIT_SCADA,1,"2019/08/19 21:10:00",DG_SA1,0
D,DISPATCH,UNIT_SCADA,1,"2019/08/19 21:10:00",DG_TAS1,0
D,DISPATCH,UNIT_SCADA,1,"2019/08/19 21:10:00",DG_VIC1,0
D,DISPATCH,UNIT_SCADA,1,"2019/08/19 21:10:00",DRYCGT1,0
D,DISPATCH,UNIT_SCADA,1,"2019/08/19 21:10:00",DRYCGT2,0
D,DISPATCH,UNIT_SCADA,1,"2019/08/19 21:10:00",DRYCGT3,0
D,DISPATCH,UNIT_SCADA,1,"2019/08/19 21:10:00",EILDON1,0
D,DISPATCH,UNIT_SCADA,1,"2019/08/19 21:10:00",EILDON2,0
D,DISPATCH,UNIT_SCADA,1,"2019/08/19 21:10:00",EMERASF1,0
D,DISPATCH,UNIT_SCADA,1,"2019/08/19 21:10:00",ER01,578.25
D,DISPATCH,UNIT_SCADA,1,"2019/08/19 21:10:00",ER02,699.425050
D,DISPATCH,UNIT_SCADA,1,"2019/08/19 21:10:00",ER03,685.949950
D,DISPATCH,UNIT_SCADA,1,"2019/08/19 21:10:00",ER04,688.224980
D,DISPATCH,UNIT_SCADA,1,"2019/08/19 21:10:00",FINLYSF1,0
D,DISPATCH,UNIT_SCADA,1,"2019/08/19 21:10:00",FISHER,45.77
D,DISPATCH,UNIT_SCADA,1,"2019/08/19 21:10:00",GANNBG1,0
D,DISPATCH,UNIT_SCADA,1,"2019/08/19 21:10:00",GANNBL1,6.509670
D,DISPATCH,UNIT_SCADA,1,"2019/08/19 21:10:00",GANNSF1,0
D,DISPATCH,UNIT_SCADA,1,"2019/08/19 21:10:00",GORDON,35.748720
D,DISPATCH,UNIT_SCADA,1,"2019/08/19 21:10:00",GSTONE1,202.649990
D,DISPATCH,UNIT_SCADA,1,"2019/08/19 21:10:00",GSTONE2,219.80
D,DISPATCH,UNIT_SCADA,1,"2019/08/19 21:10:00",GSTONE3,219.80
D,DISPATCH,UNIT_SCADA,1,"2019/08/19 21:10:00",GSTONE4,220.3250
D,DISPATCH,UNIT_SCADA,1,"2019/08/19 21:10:00",GSTONE5,220.149990
D,DISPATCH,UNIT_SCADA,1,"2019/08/19 21:10:00",GSTONE6,0
D,DISPATCH,UNIT_SCADA,1,"2019/08/19 21:10:00",GULLRSF1,0
D,DISPATCH,UNIT_SCADA,1,"2019/08/19 21:10:00",GULLRWF1,144.819920
D,DISPATCH,UNIT_SCADA,1,"2019/08/19 21:10:00",GUNNING1,43.273760
D,DISPATCH,UNIT_SCADA,1,"2019/08/19 21:10:00",GUTHEGA,0
D,DISPATCH,UNIT_SCADA,1,"2019/08/19 21:10:00",HALLWF1,53.13
D,DISPATCH,UNIT_SCADA,1,"2019/08/19 21:10:00",HALLWF2,34.98
D,DISPATCH,UNIT_SCADA,1,"2019/08/19 21:10:00",HAMISF1,0
D,DISPATCH,UNIT_SCADA,1,"2019/08/19 21:10:00",HAUGHT11,0
D,DISPATCH,UNIT_SCADA,1,"2019/08/19 21:10:00",HAYMSF1,0
D,DISPATCH,UNIT_SCADA,1,"2019/08/19 21:10:00",HDWF1,34.10
D,DISPATCH,UNIT_SCADA,1,"2019/08/19 21:10:00",HDWF2,25.30
D,DISPATCH,UNIT_SCADA,1,"2019/08/19 21:10:00",HDWF3,31.10
D,DISPATCH,UNIT_SCADA,1,"2019/08/19 21:10:00",HPRG1,5.20
D,DISPATCH,UNIT_SCADA,1,"2019/08/19 21:10:00",HPRL1,0
D,DISPATCH,UNIT_SCADA,1,"2019/08/19 21:10:00",HUMENSW,0
D,DISPATCH,UNIT_SCADA,1,"2019/08/19 21:10:00",HUMEV,8.40
D,DISPATCH,UNIT_SCADA,1,"2019/08/19 21:10:00",HVGTS,0
D,DISPATCH,UNIT_SCADA,1,"2019/08/19 21:10:00",JBUTTERS,136.759990
D,DISPATCH,UNIT_SCADA,1,"2019/08/19 21:10:00",JLA01,0.50
D,DISPATCH,UNIT_SCADA,1,"2019/08/19 21:10:00",JLA02,0
D,DISPATCH,UNIT_SCADA,1,"2019/08/19 21:10:00",JLA03,0.10
D,DISPATCH,UNIT_SCADA,1,"2019/08/19 21:10:00",JLA04,0.10
D,DISPATCH,UNIT_SCADA,1,"2019/08/19 21:10:00",JLB01,0
D,DISPATCH,UNIT_SCADA,1,"2019/08/19 21:10:00",JLB02,0.10
D,DISPATCH,UNIT_SCADA,1,"2019/08/19 21:10:00",JLB03,0
D,DISPATCH,UNIT_SCADA,1,"2019/08/19 21:10:00",KAREEYA1,21.5075
D,DISPATCH,UNIT_SCADA,1,"2019/08/19 21:10:00",KAREEYA2,21.4375
D,DISPATCH,UNIT_SCADA,1,"2019/08/19 21:10:00",KAREEYA3,0
D,DISPATCH,UNIT_SCADA,1,"2019/08/19 21:10:00",KAREEYA4,21.5825
D,DISPATCH,UNIT_SCADA,1,"2019/08/19 21:10:00",KARSF1,0
D,DISPATCH,UNIT_SCADA,1,"2019/08/19 21:10:00",KIATAWF1,30.20
D,DISPATCH,UNIT_SCADA,1,"2019/08/19 21:10:00",KPP_1,0
D,DISPATCH,UNIT_SCADA,1,"2019/08/19 21:10:00",KSP1,0
D,DISPATCH,UNIT_SCADA,1,"2019/08/19 21:10:00",LADBROK1,43.13
D,DISPATCH,UNIT_SCADA,1,"2019/08/19 21:10:00",LADBROK2,43.06
D,DISPATCH,UNIT_SCADA,1,"2019/08/19 21:10:00",LD01,416.043730
D,DISPATCH,UNIT_SCADA,1,"2019/08/19 21:10:00",LD02,419.231230
D,DISPATCH,UNIT_SCADA,1,"2019/08/19 21:10:00",LD03,413.1937
D,DISPATCH,UNIT_SCADA,1,"2019/08/19 21:10:00",LD04,369.562470
D,DISPATCH,UNIT_SCADA,1,"2019/08/19 21:10:00",LEM_WIL,80.498550
D,DISPATCH,UNIT_SCADA,1,"2019/08/19 21:10:00",LGAPWF1,3.97
D,DISPATCH,UNIT_SCADA,1,"2019/08/19 21:10:00",LILYSF1,0
D,DISPATCH,UNIT_SCADA,1,"2019/08/19 21:10:00",LI_WY_CA,144.469040
D,DISPATCH,UNIT_SCADA,1,"2019/08/19 21:10:00",LKBONNY2,137.870210
D,DISPATCH,UNIT_SCADA,1,"2019/08/19 21:10:00",LKBONNY3,36.451770
D,DISPATCH,UNIT_SCADA,1,"2019/08/19 21:10:00",LK_ECHO,0
D,DISPATCH,UNIT_SCADA,1,"2019/08/19 21:10:00",LNGS1,0
D,DISPATCH,UNIT_SCADA,1,"2019/08/19 21:10:00",LNGS2,0
D,DISPATCH,UNIT_SCADA,1,"2019/08/19 21:10:00",LONSDALE,0
D,DISPATCH,UNIT_SCADA,1,"2019/08/19 21:10:00",LOYYB1,530.825320
D,DISPATCH,UNIT_SCADA,1,"2019/08/19 21:10:00",LOYYB2,581.202510
D,DISPATCH,UNIT_SCADA,1,"2019/08/19 21:10:00",LYA1,558
D,DISPATCH,UNIT_SCADA,1,"2019/08/19 21:10:00",LYA2,0
D,DISPATCH,UNIT_SCADA,1,"2019/08/19 21:10:00",LYA3,560
D,DISPATCH,UNIT_SCADA,1,"2019/08/19 21:10:00",LYA4,539
D,DISPATCH,UNIT_SCADA,1,"2019/08/19 21:10:00",MACARTH1,178.995860
D,DISPATCH,UNIT_SCADA,1,"2019/08/19 21:10:00",MACKAYGT,0
D,DISPATCH,UNIT_SCADA,1,"2019/08/19 21:10:00",MACKNTSH,84.710010
D,DISPATCH,UNIT_SCADA,1,"2019/08/19 21:10:00",MANSLR1,0
D,DISPATCH,UNIT_SCADA,1,"2019/08/19 21:10:00",MCKAY1,0.02
D,DISPATCH,UNIT_SCADA,1,"2019/08/19 21:10:00",MEADOWBK,33.524340
D,DISPATCH,UNIT_SCADA,1,"2019/08/19 21:10:00",MERCER01,115.8820
D,DISPATCH,UNIT_SCADA,1,"2019/08/19 21:10:00",MEWF1,160.538620
D,DISPATCH,UNIT_SCADA,1,"2019/08/19 21:10:00",MINTARO,0
D,DISPATCH,UNIT_SCADA,1,"2019/08/19 21:10:00",MOREESF1,0
D,DISPATCH,UNIT_SCADA,1,"2019/08/19 21:10:00",MORTLK11,124
D,DISPATCH,UNIT_SCADA,1,"2019/08/19 21:10:00",MORTLK12,0
D,DISPATCH,UNIT_SCADA,1,"2019/08/19 21:10:00",MP1,273.824950
D,DISPATCH,UNIT_SCADA,1,"2019/08/19 21:10:00",MP2,0
D,DISPATCH,UNIT_SCADA,1,"2019/08/19 21:10:00",MPP_1,429.75
D,DISPATCH,UNIT_SCADA,1,"2019/08/19 21:10:00",MPP_2,436
D,DISPATCH,UNIT_SCADA,1,"2019/08/19 21:10:00",MSTUART1,0
D,DISPATCH,UNIT_SCADA,1,"2019/08/19 21:10:00",MSTUART2,0
D,DISPATCH,UNIT_SCADA,1,"2019/08/19 21:10:00",MSTUART3,0
D,DISPATCH,UNIT_SCADA,1,"2019/08/19 21:10:00",MTGELWF1,64.423050
D,DISPATCH,UNIT_SCADA,1,"2019/08/19 21:10:00",MURRAY,0
D,DISPATCH,UNIT_SCADA,1,"2019/08/19 21:10:00",MUSSELR1,163.20
D,DISPATCH,UNIT_SCADA,1,"2019/08/19 21:10:00",MUWAWF1,57.14
D,DISPATCH,UNIT_SCADA,1,"2019/08/19 21:10:00",NBHWF1,41.90
D,DISPATCH,UNIT_SCADA,1,"2019/08/19 21:10:00",NPS,486.3750
D,DISPATCH,UNIT_SCADA,1,"2019/08/19 21:10:00",NUMURSF1,0
D,DISPATCH,UNIT_SCADA,1,"2019/08/19 21:10:00",NYNGAN1,0
D,DISPATCH,UNIT_SCADA,1,"2019/08/19 21:10:00",OAKEY1,0
D,DISPATCH,UNIT_SCADA,1,"2019/08/19 21:10:00",OAKEY1SF,0.05
D,DISPATCH,UNIT_SCADA,1,"2019/08/19 21:10:00",OAKEY2,0
D,DISPATCH,UNIT_SCADA,1,"2019/08/19 21:10:00",OAKLAND1,53.40
D,DISPATCH,UNIT_SCADA,1,"2019/08/19 21:10:00",OSB-AG,184.63
D,DISPATCH,UNIT_SCADA,1,"2019/08/19 21:10:00",PARSF1,0
D,DISPATCH,UNIT_SCADA,1,"2019/08/19 21:10:00",POAT110,1.2124
D,DISPATCH,UNIT_SCADA,1,"2019/08/19 21:10:00",POAT220,59.6016
D,DISPATCH,UNIT_SCADA,1,"2019/08/19 21:10:00",POR01,0
D,DISPATCH,UNIT_SCADA,1,"2019/08/19 21:10:00",POR03,0
D,DISPATCH,UNIT_SCADA,1,"2019/08/19 21:10:00",PPCCGT,497.695770
D,DISPATCH,UNIT_SCADA,1,"2019/08/19 21:10:00",PTSTAN1,0
D,DISPATCH,UNIT_SCADA,1,"2019/08/19 21:10:00",PUMP1,0
D,DISPATCH,UNIT_SCADA,1,"2019/08/19 21:10:00",PUMP2,0
D,DISPATCH,UNIT_SCADA,1,"2019/08/19 21:10:00",QPS1,29
D,DISPATCH,UNIT_SCADA,1,"2019/08/19 21:10:00",QPS2,0
D,DISPATCH,UNIT_SCADA,1,"2019/08/19 21:10:00",QPS3,24
D,DISPATCH,UNIT_SCADA,1,"2019/08/19 21:10:00",QPS4,24.20
D,DISPATCH,UNIT_SCADA,1,"2019/08/19 21:10:00",QPS5,0
D,DISPATCH,UNIT_SCADA,1,"2019/08/19 21:10:00",REECE1,113.990010
D,DISPATCH,UNIT_SCADA,1,"2019/08/19 21:10:00",REECE2,112.260010
D,DISPATCH,UNIT_SCADA,1,"2019/08/19 21:10:00",ROMA_7,0
D,DISPATCH,UNIT_SCADA,1,"2019/08/19 21:10:00",ROMA_8,0
D,DISPATCH,UNIT_SCADA,1,"2019/08/19 21:10:00",RRSF1,0
D,DISPATCH,UNIT_SCADA,1,"2019/08/19 21:10:00",RT_NSW1,0
D,DISPATCH,UNIT_SCADA,1,"2019/08/19 21:10:00",RT_NSW2,0
D,DISPATCH,UNIT_SCADA,1,"2019/08/19 21:10:00",RT_NSW3,0
D,DISPATCH,UNIT_SCADA,1,"2019/08/19 21:10:00",RT_NSW4,0
D,DISPATCH,UNIT_SCADA,1,"2019/08/19 21:10:00",RT_NSW5,0
D,DISPATCH,UNIT_SCADA,1,"2019/08/19 21:10:00",RT_NSW6,0
D,DISPATCH,UNIT_SCADA,1,"2019/08/19 21:10:00",RT_QLD1,0
D,DISPATCH,UNIT_SCADA,1,"2019/08/19 21:10:00",RT_SA1,0
D,DISPATCH,UNIT_SCADA,1,"2019/08/19 21:10:00",RT_SA2,0
D,DISPATCH,UNIT_SCADA,1,"2019/08/19 21:10:00",RT_SA3,0
D,DISPATCH,UNIT_SCADA,1,"2019/08/19 21:10:00",RT_SA4,0
D,DISPATCH,UNIT_SCADA,1,"2019/08/19 21:10:00",RT_SA5,0
D,DISPATCH,UNIT_SCADA,1,"2019/08/19 21:10:00",RT_SA6,0
D,DISPATCH,UNIT_SCADA,1,"2019/08/19 21:10:00",RT_TAS1,0
D,DISPATCH,UNIT_SCADA,1,"2019/08/19 21:10:00",RT_VIC1,0
D,DISPATCH,UNIT_SCADA,1,"2019/08/19 21:10:00",RT_VIC10,0
D,DISPATCH,UNIT_SCADA,1,"2019/08/19 21:10:00",RT_VIC11,0
D,DISPATCH,UNIT_SCADA,1,"2019/08/19 21:10:00",RT_VIC12,0
D,DISPATCH,UNIT_SCADA,1,"2019/08/19 21:10:00",RT_VIC2,0
D,DISPATCH,UNIT_SCADA,1,"2019/08/19 21:10:00",RT_VIC3,0
D,DISPATCH,UNIT_SCADA,1,"2019/08/19 21:10:00",RT_VIC4,0
D,DISPATCH,UNIT_SCADA,1,"2019/08/19 21:10:00",RT_VIC5,0
D,DISPATCH,UNIT_SCADA,1,"2019/08/19 21:10:00",RT_VIC6,0
D,DISPATCH,UNIT_SCADA,1,"2019/08/19 21:10:00",RT_VIC7,0
D,DISPATCH,UNIT_SCADA,1,"2019/08/19 21:10:00",RT_VIC8,0
D,DISPATCH,UNIT_SCADA,1,"2019/08/19 21:10:00",RT_VIC9,0
D,DISPATCH,UNIT_SCADA,1,"2019/08/19 21:10:00",RUGBYR1,0
D,DISPATCH,UNIT_SCADA,1,"2019/08/19 21:10:00",SALTCRK1,43.80
D,DISPATCH,UNIT_SCADA,1,"2019/08/19 21:10:00",SAPHWF1,241.040590
D,DISPATCH,UNIT_SCADA,1,"2019/08/19 21:10:00",SHGEN,132.973820
D,DISPATCH,UNIT_SCADA,1,"2019/08/19 21:10:00",SHPUMP,0
D,DISPATCH,UNIT_SCADA,1,"2019/08/19 21:10:00",SITHE01,0.123710
D,DISPATCH,UNIT_SCADA,1,"2019/08/19 21:10:00",SMCSF1,0
D,DISPATCH,UNIT_SCADA,1,"2019/08/19 21:10:00",SNOWNTH1,22.90
D,DISPATCH,UNIT_SCADA,1,"2019/08/19 21:10:00",SNOWSTH1,33.40
D,DISPATCH,UNIT_SCADA,1,"2019/08/19 21:10:00",SNOWTWN1,18.125010
D,DISPATCH,UNIT_SCADA,1,"2019/08/19 21:10:00",SNOWYP,0
D,DISPATCH,UNIT_SCADA,1,"2019/08/19 21:10:00",SNUG1,0.019440
D,DISPATCH,UNIT_SCADA,1,"2019/08/19 21:10:00",SRSF1,0.30
D,DISPATCH,UNIT_SCADA,1,"2019/08/19 21:10:00",STAN-1,0
D,DISPATCH,UNIT_SCADA,1,"2019/08/19 21:10:00",STAN-2,326.366820
D,DISPATCH,UNIT_SCADA,1,"2019/08/19 21:10:00",STAN-3,326.853910
D,DISPATCH,UNIT_SCADA,1,"2019/08/19 21:10:00",STAN-4,323.188020
D,DISPATCH,UNIT_SCADA,1,"2019/08/19 21:10:00",STWF1,48.262510
D,DISPATCH,UNIT_SCADA,1,"2019/08/19 21:10:00",SWAN_E,0
D,DISPATCH,UNIT_SCADA,1,"2019/08/19 21:10:00",TALWA1,422
D,DISPATCH,UNIT_SCADA,1,"2019/08/19 21:10:00",TARALGA1,67.102510
D,DISPATCH,UNIT_SCADA,1,"2019/08/19 21:10:00",TARONG#1,340.50
D,DISPATCH,UNIT_SCADA,1,"2019/08/19 21:10:00",TARONG#2,338.100010
D,DISPATCH,UNIT_SCADA,1,"2019/08/19 21:10:00",TARONG#3,260.300020
D,DISPATCH,UNIT_SCADA,1,"2019/08/19 21:10:00",TARONG#4,344.600010
D,DISPATCH,UNIT_SCADA,1,"2019/08/19 21:10:00",TARRALEA,78.80
D,DISPATCH,UNIT_SCADA,1,"2019/08/19 21:10:00",TBSF1,-0.20
D,DISPATCH,UNIT_SCADA,1,"2019/08/19 21:10:00",TNPS1,442.000030
D,DISPATCH,UNIT_SCADA,1,"2019/08/19 21:10:00",TORRA1,102.077390
D,DISPATCH,UNIT_SCADA,1,"2019/08/19 21:10:00",TORRA2,0
D,DISPATCH,UNIT_SCADA,1,"2019/08/19 21:10:00",TORRA3,53.9282
D,DISPATCH,UNIT_SCADA,1,"2019/08/19 21:10:00",TORRA4,0
D,DISPATCH,UNIT_SCADA,1,"2019/08/19 21:10:00",TORRB1,102.69
D,DISPATCH,UNIT_SCADA,1,"2019/08/19 21:10:00",TORRB2,182.62
D,DISPATCH,UNIT_SCADA,1,"2019/08/19 21:10:00",TORRB3,0
D,DISPATCH,UNIT_SCADA,1,"2019/08/19 21:10:00",TORRB4,0
D,DISPATCH,UNIT_SCADA,1,"2019/08/19 21:10:00",TREVALLN,40.200020
D,DISPATCH,UNIT_SCADA,1,"2019/08/19 21:10:00",TRIBUTE,44.67
D,DISPATCH,UNIT_SCADA,1,"2019/08/19 21:10:00",TUMUT3,375.729980
D,DISPATCH,UNIT_SCADA,1,"2019/08/19 21:10:00",TUNGATIN,119.940030
D,DISPATCH,UNIT_SCADA,1,"2019/08/19 21:10:00",TVCC201,0
D,DISPATCH,UNIT_SCADA,1,"2019/08/19 21:10:00",TVPP104,57.885170
D,DISPATCH,UNIT_SCADA,1,"2019/08/19 21:10:00",UPPTUMUT,82.941990
D,DISPATCH,UNIT_SCADA,1,"2019/08/19 21:10:00",URANQ11,0
D,DISPATCH,UNIT_SCADA,1,"2019/08/19 21:10:00",URANQ12,0
D,DISPATCH,UNIT_SCADA,1,"2019/08/19 21:10:00",URANQ13,0
D,DISPATCH,UNIT_SCADA,1,"2019/08/19 21:10:00",URANQ14,0
D,DISPATCH,UNIT_SCADA,1,"2019/08/19 21:10:00",VP5,610.325010
D,DISPATCH,UNIT_SCADA,1,"2019/08/19 21:10:00",VP6,558.974980
D,DISPATCH,UNIT_SCADA,1,"2019/08/19 21:10:00",VPGS1,0
D,DISPATCH,UNIT_SCADA,1,"2019/08/19 21:10:00",VPGS2,0
D,DISPATCH,UNIT_SCADA,1,"2019/08/19 21:10:00",VPGS3,0
D,DISPATCH,UNIT_SCADA,1,"2019/08/19 21:10:00",VPGS4,0
D,DISPATCH,UNIT_SCADA,1,"2019/08/19 21:10:00",VPGS5,0
D,DISPATCH,UNIT_SCADA,1,"2019/08/19 21:10:00",VPGS6,0
D,DISPATCH,UNIT_SCADA,1,"2019/08/19 21:10:00",W/HOE#1,201.31
D,DISPATCH,UNIT_SCADA,1,"2019/08/19 21:10:00",W/HOE#2,0
D,DISPATCH,UNIT_SCADA,1,"2019/08/19 21:10:00",WATERLWF,78.50
D,DISPATCH,UNIT_SCADA,1,"2019/08/19 21:10:00",WEMENSF1,0
D,DISPATCH,UNIT_SCADA,1,"2019/08/19 21:10:00",WGWF1,45.50
D,DISPATCH,UNIT_SCADA,1,"2019/08/19 21:10:00",WHITSF1,0
D,DISPATCH,UNIT_SCADA,1,"2019/08/19 21:10:00",WKIEWA1,0
D,DISPATCH,UNIT_SCADA,1,"2019/08/19 21:10:00",WKIEWA2,15.40
D,DISPATCH,UNIT_SCADA,1,"2019/08/19 21:10:00",WOODLWN1,45.1530
D,DISPATCH,UNIT_SCADA,1,"2019/08/19 21:10:00",WRSF1,0
D,DISPATCH,UNIT_SCADA,1,"2019/08/19 21:10:00",WRWF1,136.445010
D,DISPATCH,UNIT_SCADA,1,"2019/08/19 21:10:00",YABULU,0
D,DISPATCH,UNIT_SCADA,1,"2019/08/19 21:10:00",YABULU2,0
D,DISPATCH,UNIT_SCADA,1,"2019/08/19 21:10:00",YARWUN_1,0
D,DISPATCH,UNIT_SCADA,1,"2019/08/19 21:10:00",YENDWF1,41.97
D,DISPATCH,UNIT_SCADA,1,"2019/08/19 21:10:00",YWPS1,352.129120
D,DISPATCH,UNIT_SCADA,1,"2019/08/19 21:10:00",YWPS2,277.941770
D,DISPATCH,UNIT_SCADA,1,"2019/08/19 21:10:00",YWPS3,0
D,DISPATCH,UNIT_SCADA,1,"2019/08/19 21:10:00",YWPS4,400.3190
C,"END OF REPORT",334
