C,NEMP.WORLD,DISPATCHSCADA,AEMO,PUBLIC,2019/08/21,23:30:08,0000000311845174,DISPATCHSCADA,0000000311845168
I,DISPATCH,UNIT_SCADA,1,SETTLEMENTDATE,DUID,SCADAVALUE
D,DISPATCH,UNIT_SCADA,1,"2019/08/21 23:35:00",BARCSF1,0.70
D,DISPATCH,UNIT_SCADA,1,"2019/08/21 23:35:00",BUTLERSG,9.599998
D,DISPATCH,UNIT_SCADA,1,"2019/08/21 23:35:00",CALL_A_4,0
D,DISPATCH,UNIT_SCADA,1,"2019/08/21 23:35:00",CAPTL_WF,128.519989
D,DISPATCH,UNIT_SCADA,1,"2019/08/21 23:35:00",CATHROCK,18.57
D,DISPATCH,UNIT_SCADA,1,"2019/08/21 23:35:00",CHALLHWF,46.700001
D,DISPATCH,UNIT_SCADA,1,"2019/08/21 23:35:00",CLOVER,-0.02
D,DISPATCH,UNIT_SCADA,1,"2019/08/21 23:35:00",CLUNY,19.907072
D,DISPATCH,UNIT_SCADA,1,"2019/08/21 23:35:00",CNUNDAWF,41.148003
D,DISPATCH,UNIT_SCADA,1,"2019/08/21 23:35:00",CULLRGWF,30.360001
D,DISPATCH,UNIT_SCADA,1,"2019/08/21 23:35:00",ERGT01,0
D,DISPATCH,UNIT_SCADA,1,"2019/08/21 23:35:00",GB01,0.069809
D,DISPATCH,UNIT_SCADA,1,"2019/08/21 23:35:00",GERMCRK,39.200001
D,DISPATCH,UNIT_SCADA,1,"2019/08/21 23:35:00",GRIFSF1,0
D,DISPATCH,UNIT_SCADA,1,"2019/08/21 23:35:00",HUGSF1,-0.2430
D,DISPATCH,UNIT_SCADA,1,"2019/08/21 23:35:00",LKBONNY1,71.536797
D,DISPATCH,UNIT_SCADA,1,"2019/08/21 23:35:00",LRSF1,0.0390
D,DISPATCH,UNIT_SCADA,1,"2019/08/21 23:35:00",MBAHNTH,55.912506
D,DISPATCH,UNIT_SCADA,1,"2019/08/21 23:35:00",MLSP1,0.271001
D,DISPATCH,UNIT_SCADA,1,"2019/08/21 23:35:00",MLWF1,17.790001
D,DISPATCH,UNIT_SCADA,1,"2019/08/21 23:35:00",MTMILLAR,10.172273
D,DISPATCH,UNIT_SCADA,1,"2019/08/21 23:35:00",PALOONA,24.50
D,DISPATCH,UNIT_SCADA,1,"2019/08/21 23:35:00",PIONEER,27.90
D,DISPATCH,UNIT_SCADA,1,"2019/08/21 23:35:00",PORTWF,140.899994
D,DISPATCH,UNIT_SCADA,1,"2019/08/21 23:35:00",REPULSE,28.936598
D,DISPATCH,UNIT_SCADA,1,"2019/08/21 23:35:00",ROWALLAN,10.3944
D,DISPATCH,UNIT_SCADA,1,"2019/08/21 23:35:00",ROYALLA1,0
D,DISPATCH,UNIT_SCADA,1,"2019/08/21 23:35:00",RPCG,10.60
D,DISPATCH,UNIT_SCADA,1,"2019/08/21 23:35:00",RUBICON,0
D,DISPATCH,UNIT_SCADA,1,"2019/08/21 23:35:00",SATGN1,0
D,DISPATCH,UNIT_SCADA,1,"2019/08/21 23:35:00",SATGS1,0
D,DISPATCH,UNIT_SCADA,1,"2019/08/21 23:35:00",STARHLWF,12.096473
D,DISPATCH,UNIT_SCADA,1,"2019/08/21 23:35:00",WAUBRAWF,177.919006
D,DISPATCH,UNIT_SCADA,1,"2019/08/21 23:35:00",WOOLNTH1,13.960016
D,DISPATCH,UNIT_SCADA,1,"2019/08/21 23:35:00",WPWF,13
D,DISPATCH,UNIT_SCADA,1,"2019/08/21 23:35:00",YAMBUKWF,29.299999
D,DISPATCH,UNIT_SCADA,1,"2019/08/21 23:35:00",YSWF1,28.50
D,DISPATCH,UNIT_SCADA,1,"2019/08/21 23:35:00",AGLHAL,0
D,DISPATCH,UNIT_SCADA,1,"2019/08/21 23:35:00",AGLSOM,0
D,DISPATCH,UNIT_SCADA,1,"2019/08/21 23:35:00",ANGAST1,0
D,DISPATCH,UNIT_SCADA,1,"2019/08/21 23:35:00",ARWF1,198.399990
D,DISPATCH,UNIT_SCADA,1,"2019/08/21 23:35:00",BALBG1,0
D,DISPATCH,UNIT_SCADA,1,"2019/08/21 23:35:00",BALBL1,0
D,DISPATCH,UNIT_SCADA,1,"2019/08/21 23:35:00",BALDHWF1,97.1220
D,DISPATCH,UNIT_SCADA,1,"2019/08/21 23:35:00",BANN1,0
D,DISPATCH,UNIT_SCADA,1,"2019/08/21 23:35:00",BARCALDN,0
D,DISPATCH,UNIT_SCADA,1,"2019/08/21 23:35:00",BARRON-1,0
D,DISPATCH,UNIT_SCADA,1,"2019/08/21 23:35:00",BARRON-2,25.12
D,DISPATCH,UNIT_SCADA,1,"2019/08/21 23:35:00",BASTYAN,78.470010
D,DISPATCH,UNIT_SCADA,1,"2019/08/21 23:35:00",BBTHREE1,-1.86
D,DISPATCH,UNIT_SCADA,1,"2019/08/21 23:35:00",BBTHREE2,-1.92
D,DISPATCH,UNIT_SCADA,1,"2019/08/21 23:35:00",BBTHREE3,-1
D,DISPATCH,UNIT_SCADA,1,"2019/08/21 23:35:00",BDL01,0
D,DISPATCH,UNIT_SCADA,1,"2019/08/21 23:35:00",BDL02,0
D,DISPATCH,UNIT_SCADA,1,"2019/08/21 23:35:00",BERYLSF1,0
D,DISPATCH,UNIT_SCADA,1,"2019/08/21 23:35:00",BLOWERNG,0
D,DISPATCH,UNIT_SCADA,1,"2019/08/21 23:35:00",BLUFF1,28.50
D,DISPATCH,UNIT_SCADA,1,"2019/08/21 23:35:00",BNGSF1,0
D,DISPATCH,UNIT_SCADA,1,"2019/08/21 23:35:00",BNGSF2,0
D,DISPATCH,UNIT_SCADA,1,"2019/08/21 23:35:00",BOCORWF1,99
D,DISPATCH,UNIT_SCADA,1,"2019/08/21 23:35:00",BODWF1,103.200070
D,DISPATCH,UNIT_SCADA,1,"2019/08/21 23:35:00",BRAEMAR1,0
D,DISPATCH,UNIT_SCADA,1,"2019/08/21 23:35:00",BRAEMAR2,0
D,DISPATCH,UNIT_SCADA,1,"2019/08/21 23:35:00",BRAEMAR3,0
D,DISPATCH,UNIT_SCADA,1,"2019/08/21 23:35:00",BRAEMAR5,0
D,DISPATCH,UNIT_SCADA,1,"2019/08/21 23:35:00",BRAEMAR6,0
D,DISPATCH,UNIT_SCADA,1,"2019/08/21 23:35:00",BRAEMAR7,0
D,DISPATCH,UNIT_SCADA,1,"2019/08/21 23:35:00",BROKENH1,0
D,DISPATCH,UNIT_SCADA,1,"2019/08/21 23:35:00",BW01,506.3501
D,DISPATCH,UNIT_SCADA,1,"2019/08/21 23:35:00",BW02,601.1250
D,DISPATCH,UNIT_SCADA,1,"2019/08/21 23:35:00",BW03,559.574950
D,DISPATCH,UNIT_SCADA,1,"2019/08/21 23:35:00",BW04,0
D,DISPATCH,UNIT_SCADA,1,"2019/08/21 23:35:00",CALL_B_1,349.50
D,DISPATCH,UNIT_SCADA,1,"2019/08/21 23:35:00",CALL_B_2,349.200010
D,DISPATCH,UNIT_SCADA,1,"2019/08/21 23:35:00",CETHANA,99.082630
D,DISPATCH,UNIT_SCADA,1,"2019/08/21 23:35:00",CG1,0
D,DISPATCH,UNIT_SCADA,1,"2019/08/21 23:35:00",CG2,0
D,DISPATCH,UNIT_SCADA,1,"2019/08/21 23:35:00",CG3,0
D,DISPATCH,UNIT_SCADA,1,"2019/08/21 23:35:00",CG4,0
D,DISPATCH,UNIT_SCADA,1,"2019/08/21 23:35:00",CHILDSF1,0.01
D,DISPATCH,UNIT_SCADA,1,"2019/08/21 23:35:00",CLARESF1,0
D,DISPATCH,UNIT_SCADA,1,"2019/08/21 23:35:00",CLEMGPWF,35.153090
D,DISPATCH,UNIT_SCADA,1,"2019/08/21 23:35:00",CLERMSF1,0
D,DISPATCH,UNIT_SCADA,1,"2019/08/21 23:35:00",COLEASF1,0
D,DISPATCH,UNIT_SCADA,1,"2019/08/21 23:35:00",COOPGWF1,32.1146
D,DISPATCH,UNIT_SCADA,1,"2019/08/21 23:35:00",CPP_3,379.50
D,DISPATCH,UNIT_SCADA,1,"2019/08/21 23:35:00",CPP_4,381.149990
D,DISPATCH,UNIT_SCADA,1,"2019/08/21 23:35:00",CPSA,143.229370
D,DISPATCH,UNIT_SCADA,1,"2019/08/21 23:35:00",CROOKWF2,91.233760
D,DISPATCH,UNIT_SCADA,1,"2019/08/21 23:35:00",CROWLWF1,44.654590
D,DISPATCH,UNIT_SCADA,1,"2019/08/21 23:35:00",CSPVPS1,0.0430
D,DISPATCH,UNIT_SCADA,1,"2019/08/21 23:35:00",DALNTH01,0
D,DISPATCH,UNIT_SCADA,1,"2019/08/21 23:35:00",DALNTHL1,0.163270
D,DISPATCH,UNIT_SCADA,1,"2019/08/21 23:35:00",DARTM1,0
D,DISPATCH,UNIT_SCADA,1,"2019/08/21 23:35:00",DAYDSF1,0
D,DISPATCH,UNIT_SCADA,1,"2019/08/21 23:35:00",DDPS1,0
D,DISPATCH,UNIT_SCADA,1,"2019/08/21 23:35:00",DDSF1,0
D,DISPATCH,UNIT_SCADA,1,"2019/08/21 23:35:00",DEVILS_G,0
D,DISPATCH,UNIT_SCADA,1,"2019/08/21 23:35:00",DG_NSW1,0
D,DISPATCH,UNIT_SCADA,1,"2019/08/21 23:35:00",DG_QLD1,0
D,DISPATCH,UNIT_SCADA,1,"2019/08/21 23:35:00",DG_SA1,0
D,DISPATCH,UNIT_SCADA,1,"2019/08/21 23:35:00",DG_TAS1,0
D,DISPATCH,UNIT_SCADA,1,"2019/08/21 23:35:00",DG_VIC1,0
D,DISPATCH,UNIT_SCADA,1,"2019/08/21 23:35:00",DRYCGT1,0
D,DISPATCH,UNIT_SCADA,1,"2019/08/21 23:35:00",DRYCGT2,0
D,DISPATCH,UNIT_SCADA,1,"2019/08/21 23:35:00",DRYCGT3,0
D,DISPATCH,UNIT_SCADA,1,"2019/08/21 23:35:00",EILDON1,0
D,DISPATCH,UNIT_SCADA,1,"2019/08/21 23:35:00",EILDON2,0
D,DISPATCH,UNIT_SCADA,1,"2019/08/21 23:35:00",EMERASF1,0
D,DISPATCH,UNIT_SCADA,1,"2019/08/21 23:35:00",ER01,435.6250
D,DISPATCH,UNIT_SCADA,1,"2019/08/21 23:35:00",ER02,458.3999
D,DISPATCH,UNIT_SCADA,1,"2019/08/21 23:35:00",ER03,379.175050
D,DISPATCH,UNIT_SCADA,1,"2019/08/21 23:35:00",ER04,459.775020
D,DISPATCH,UNIT_SCADA,1,"2019/08/21 23:35:00",FINLYSF1,0
D,DISPATCH,UNIT_SCADA,1,"2019/08/21 23:35:00",FISHER,45.86
D,DISPATCH,UNIT_SCADA,1,"2019/08/21 23:35:00",GANNBG1,0
D,DISPATCH,UNIT_SCADA,1,"2019/08/21 23:35:00",GANNBL1,0.0344
D,DISPATCH,UNIT_SCADA,1,"2019/08/21 23:35:00",GANNSF1,0
D,DISPATCH,UNIT_SCADA,1,"2019/08/21 23:35:00",GORDON,11.1412
D,DISPATCH,UNIT_SCADA,1,"2019/08/21 23:35:00",GSTONE1,130.20
D,DISPATCH,UNIT_SCADA,1,"2019/08/21 23:35:00",GSTONE2,130.3750
D,DISPATCH,UNIT_SCADA,1,"2019/08/21 23:35:00",GSTONE3,129.149990
D,DISPATCH,UNIT_SCADA,1,"2019/08/21 23:35:00",GSTONE4,126.70
D,DISPATCH,UNIT_SCADA,1,"2019/08/21 23:35:00",GSTONE5,130.724990
D,DISPATCH,UNIT_SCADA,1,"2019/08/21 23:35:00",GSTONE6,0
D,DISPATCH,UNIT_SCADA,1,"2019/08/21 23:35:00",GULLRSF1,0
D,DISPATCH,UNIT_SCADA,1,"2019/08/21 23:35:00",GULLRWF1,156.9642
D,DISPATCH,UNIT_SCADA,1,"2019/08/21 23:35:00",GUNNING1,46.490490
D,DISPATCH,UNIT_SCADA,1,"2019/08/21 23:35:00",GUTHEGA,0
D,DISPATCH,UNIT_SCADA,1,"2019/08/21 23:35:00",HALLWF1,58.52
D,DISPATCH,UNIT_SCADA,1,"2019/08/21 23:35:00",HALLWF2,51.50
D,DISPATCH,UNIT_SCADA,1,"2019/08/21 23:35:00",HAMISF1,0
D,DISPATCH,UNIT_SCADA,1,"2019/08/21 23:35:00",HAUGHT11,0
D,DISPATCH,UNIT_SCADA,1,"2019/08/21 23:35:00",HAYMSF1,0
D,DISPATCH,UNIT_SCADA,1,"2019/08/21 23:35:00",HDWF1,77.90
D,DISPATCH,UNIT_SCADA,1,"2019/08/21 23:35:00",HDWF2,58.50
D,DISPATCH,UNIT_SCADA,1,"2019/08/21 23:35:00",HDWF3,75.30
D,DISPATCH,UNIT_SCADA,1,"2019/08/21 23:35:00",HPRG1,0.10
D,DISPATCH,UNIT_SCADA,1,"2019/08/21 23:35:00",HPRL1,0
D,DISPATCH,UNIT_SCADA,1,"2019/08/21 23:35:00",HUMENSW,0
D,DISPATCH,UNIT_SCADA,1,"2019/08/21 23:35:00",HUMEV,10.60
D,DISPATCH,UNIT_SCADA,1,"2019/08/21 23:35:00",HVGTS,0
D,DISPATCH,UNIT_SCADA,1,"2019/08/21 23:35:00",JBUTTERS,138.70
D,DISPATCH,UNIT_SCADA,1,"2019/08/21 23:35:00",JLA01,0.50
D,DISPATCH,UNIT_SCADA,1,"2019/08/21 23:35:00",JLA02,0
D,DISPATCH,UNIT_SCADA,1,"2019/08/21 23:35:00",JLA03,0.10
D,DISPATCH,UNIT_SCADA,1,"2019/08/21 23:35:00",JLA04,0.10
D,DISPATCH,UNIT_SCADA,1,"2019/08/21 23:35:00",JLB01,0
D,DISPATCH,UNIT_SCADA,1,"2019/08/21 23:35:00",JLB02,0.10
D,DISPATCH,UNIT_SCADA,1,"2019/08/21 23:35:00",JLB03,0
D,DISPATCH,UNIT_SCADA,1,"2019/08/21 23:35:00",KAREEYA1,21.4925
D,DISPATCH,UNIT_SCADA,1,"2019/08/21 23:35:00",KAREEYA2,21.6675
D,DISPATCH,UNIT_SCADA,1,"2019/08/21 23:35:00",KAREEYA3,0
D,DISPATCH,UNIT_SCADA,1,"2019/08/21 23:35:00",KAREEYA4,21.6825
D,DISPATCH,UNIT_SCADA,1,"2019/08/21 23:35:00",KARSF1,0
D,DISPATCH,UNIT_SCADA,1,"2019/08/21 23:35:00",KIATAWF1,30.80
D,DISPATCH,UNIT_SCADA,1,"2019/08/21 23:35:00",KPP_1,0
D,DISPATCH,UNIT_SCADA,1,"2019/08/21 23:35:00",KSP1,0
D,DISPATCH,UNIT_SCADA,1,"2019/08/21 23:35:00",LADBROK1,0
D,DISPATCH,UNIT_SCADA,1,"2019/08/21 23:35:00",LADBROK2,0
D,DISPATCH,UNIT_SCADA,1,"2019/08/21 23:35:00",LD01,423.431210
D,DISPATCH,UNIT_SCADA,1,"2019/08/21 23:35:00",LD02,420.675020
D,DISPATCH,UNIT_SCADA,1,"2019/08/21 23:35:00",LD03,422.681210
D,DISPATCH,UNIT_SCADA,1,"2019/08/21 23:35:00",LD04,381.918730
D,DISPATCH,UNIT_SCADA,1,"2019/08/21 23:35:00",LEM_WIL,86.275450
D,DISPATCH,UNIT_SCADA,1,"2019/08/21 23:35:00",LGAPWF1,25.58
D,DISPATCH,UNIT_SCADA,1,"2019/08/21 23:35:00",LILYSF1,0
D,DISPATCH,UNIT_SCADA,1,"2019/08/21 23:35:00",LI_WY_CA,148.667430
D,DISPATCH,UNIT_SCADA,1,"2019/08/21 23:35:00",LKBONNY2,149.676240
D,DISPATCH,UNIT_SCADA,1,"2019/08/21 23:35:00",LKBONNY3,34.386360
D,DISPATCH,UNIT_SCADA,1,"2019/08/21 23:35:00",LK_ECHO,0
D,DISPATCH,UNIT_SCADA,1,"2019/08/21 23:35:00",LNGS1,0
D,DISPATCH,UNIT_SCADA,1,"2019/08/21 23:35:00",LNGS2,0
D,DISPATCH,UNIT_SCADA,1,"2019/08/21 23:35:00",LONSDALE,0
D,DISPATCH,UNIT_SCADA,1,"2019/08/21 23:35:00",LOYYB1,535.336730
D,DISPATCH,UNIT_SCADA,1,"2019/08/21 23:35:00",LOYYB2,579.698730
D,DISPATCH,UNIT_SCADA,1,"2019/08/21 23:35:00",LYA1,558
D,DISPATCH,UNIT_SCADA,1,"2019/08/21 23:35:00",LYA2,0
D,DISPATCH,UNIT_SCADA,1,"2019/08/21 23:35:00",LYA3,559
D,DISPATCH,UNIT_SCADA,1,"2019/08/21 23:35:00",LYA4,530
D,DISPATCH,UNIT_SCADA,1,"2019/08/21 23:35:00",MACARTH1,400.390750
D,DISPATCH,UNIT_SCADA,1,"2019/08/21 23:35:00",MACKAYGT,0
D,DISPATCH,UNIT_SCADA,1,"2019/08/21 23:35:00",MACKNTSH,85.080010
D,DISPATCH,UNIT_SCADA,1,"2019/08/21 23:35:00",MANSLR1,0
D,DISPATCH,UNIT_SCADA,1,"2019/08/21 23:35:00",MCKAY1,0.02
D,DISPATCH,UNIT_SCADA,1,"2019/08/21 23:35:00",MEADOWBK,33.953040
D,DISPATCH,UNIT_SCADA,1,"2019/08/21 23:35:00",MERCER01,125.434990
D,DISPATCH,UNIT_SCADA,1,"2019/08/21 23:35:00",MEWF1,79.130620
D,DISPATCH,UNIT_SCADA,1,"2019/08/21 23:35:00",MINTARO,0
D,DISPATCH,UNIT_SCADA,1,"2019/08/21 23:35:00",MOREESF1,0
D,DISPATCH,UNIT_SCADA,1,"2019/08/21 23:35:00",MORTLK11,0
D,DISPATCH,UNIT_SCADA,1,"2019/08/21 23:35:00",MORTLK12,0
D,DISPATCH,UNIT_SCADA,1,"2019/08/21 23:35:00",MP1,282.474980
D,DISPATCH,UNIT_SCADA,1,"2019/08/21 23:35:00",MP2,0
D,DISPATCH,UNIT_SCADA,1,"2019/08/21 23:35:00",MPP_1,381.25
D,DISPATCH,UNIT_SCADA,1,"2019/08/21 23:35:00",MPP_2,419
D,DISPATCH,UNIT_SCADA,1,"2019/08/21 23:35:00",MSTUART1,0
D,DISPATCH,UNIT_SCADA,1,"2019/08/21 23:35:00",MSTUART2,0
D,DISPATCH,UNIT_SCADA,1,"2019/08/21 23:35:00",MSTUART3,0
D,DISPATCH,UNIT_SCADA,1,"2019/08/21 23:35:00",MTGELWF1,64.767910
D,DISPATCH,UNIT_SCADA,1,"2019/08/21 23:35:00",MURRAY,0
D,DISPATCH,UNIT_SCADA,1,"2019/08/21 23:35:00",MUSSELR1,160.50
D,DISPATCH,UNIT_SCADA,1,"2019/08/21 23:35:00",MUWAWF1,54.80
D,DISPATCH,UNIT_SCADA,1,"2019/08/21 23:35:00",NBHWF1,57.90
D,DISPATCH,UNIT_SCADA,1,"2019/08/21 23:35:00",NPS,0
D,DISPATCH,UNIT_SCADA,1,"2019/08/21 23:35:00",NUMURSF1,0
D,DISPATCH,UNIT_SCADA,1,"2019/08/21 23:35:00",NYNGAN1,0
D,DISPATCH,UNIT_SCADA,1,"2019/08/21 23:35:00",OAKEY1,0
D,DISPATCH,UNIT_SCADA,1,"2019/08/21 23:35:00",OAKEY1SF,0
D,DISPATCH,UNIT_SCADA,1,"2019/08/21 23:35:00",OAKEY2,0
D,DISPATCH,UNIT_SCADA,1,"2019/08/21 23:35:00",OAKLAND1,62.10
D,DISPATCH,UNIT_SCADA,1,"2019/08/21 23:35:00",OSB-AG,0
D,DISPATCH,UNIT_SCADA,1,"2019/08/21 23:35:00",PARSF1,0
D,DISPATCH,UNIT_SCADA,1,"2019/08/21 23:35:00",POAT110,0
D,DISPATCH,UNIT_SCADA,1,"2019/08/21 23:35:00",POAT220,1.15
D,DISPATCH,UNIT_SCADA,1,"2019/08/21 23:35:00",POR01,0
D,DISPATCH,UNIT_SCADA,1,"2019/08/21 23:35:00",POR03,0
D,DISPATCH,UNIT_SCADA,1,"2019/08/21 23:35:00",PPCCGT,355.421570
D,DISPATCH,UNIT_SCADA,1,"2019/08/21 23:35:00",PTSTAN1,0
D,DISPATCH,UNIT_SCADA,1,"2019/08/21 23:35:00",PUMP1,0
D,DISPATCH,UNIT_SCADA,1,"2019/08/21 23:35:00",PUMP2,0
D,DISPATCH,UNIT_SCADA,1,"2019/08/21 23:35:00",QPS1,0
D,DISPATCH,UNIT_SCADA,1,"2019/08/21 23:35:00",QPS2,0
D,DISPATCH,UNIT_SCADA,1,"2019/08/21 23:35:00",QPS3,0
D,DISPATCH,UNIT_SCADA,1,"2019/08/21 23:35:00",QPS4,0
D,DISPATCH,UNIT_SCADA,1,"2019/08/21 23:35:00",QPS5,0
D,DISPATCH,UNIT_SCADA,1,"2019/08/21 23:35:00",REECE1,119.360010
D,DISPATCH,UNIT_SCADA,1,"2019/08/21 23:35:00",REECE2,118.610010
D,DISPATCH,UNIT_SCADA,1,"2019/08/21 23:35:00",ROMA_7,0
D,DISPATCH,UNIT_SCADA,1,"2019/08/21 23:35:00",ROMA_8,0
D,DISPATCH,UNIT_SCADA,1,"2019/08/21 23:35:00",RRSF1,0
D,DISPATCH,UNIT_SCADA,1,"2019/08/21 23:35:00",RT_NSW1,0
D,DISPATCH,UNIT_SCADA,1,"2019/08/21 23:35:00",RT_NSW2,0
D,DISPATCH,UNIT_SCADA,1,"2019/08/21 23:35:00",RT_NSW3,0
D,DISPATCH,UNIT_SCADA,1,"2019/08/21 23:35:00",RT_NSW4,0
D,DISPATCH,UNIT_SCADA,1,"2019/08/21 23:35:00",RT_NSW5,0
D,DISPATCH,UNIT_SCADA,1,"2019/08/21 23:35:00",RT_NSW6,0
D,DISPATCH,UNIT_SCADA,1,"2019/08/21 23:35:00",RT_QLD1,0
D,DISPATCH,UNIT_SCADA,1,"2019/08/21 23:35:00",RT_SA1,0
D,DISPATCH,UNIT_SCADA,1,"2019/08/21 23:35:00",RT_SA2,0
D,DISPATCH,UNIT_SCADA,1,"2019/08/21 23:35:00",RT_SA3,0
D,DISPATCH,UNIT_SCADA,1,"2019/08/21 23:35:00",RT_SA4,0
D,DISPATCH,UNIT_SCADA,1,"2019/08/21 23:35:00",RT_SA5,0
D,DISPATCH,UNIT_SCADA,1,"2019/08/21 23:35:00",RT_SA6,0
D,DISPATCH,UNIT_SCADA,1,"2019/08/21 23:35:00",RT_TAS1,0
D,DISPATCH,UNIT_SCADA,1,"2019/08/21 23:35:00",RT_VIC1,0
D,DISPATCH,UNIT_SCADA,1,"2019/08/21 23:35:00",RT_VIC10,0
D,DISPATCH,UNIT_SCADA,1,"2019/08/21 23:35:00",RT_VIC11,0
D,DISPATCH,UNIT_SCADA,1,"2019/08/21 23:35:00",RT_VIC12,0
D,DISPATCH,UNIT_SCADA,1,"2019/08/21 23:35:00",RT_VIC2,0
D,DISPATCH,UNIT_SCADA,1,"2019/08/21 23:35:00",RT_VIC3,0
D,DISPATCH,UNIT_SCADA,1,"2019/08/21 23:35:00",RT_VIC4,0
D,DISPATCH,UNIT_SCADA,1,"2019/08/21 23:35:00",RT_VIC5,0
D,DISPATCH,UNIT_SCADA,1,"2019/08/21 23:35:00",RT_VIC6,0
D,DISPATCH,UNIT_SCADA,1,"2019/08/21 23:35:00",RT_VIC7,0
D,DISPATCH,UNIT_SCADA,1,"2019/08/21 23:35:00",RT_VIC8,0
D,DISPATCH,UNIT_SCADA,1,"2019/08/21 23:35:00",RT_VIC9,0
D,DISPATCH,UNIT_SCADA,1,"2019/08/21 23:35:00",RUGBYR1,0
D,DISPATCH,UNIT_SCADA,1,"2019/08/21 23:35:00",SALTCRK1,52.51
D,DISPATCH,UNIT_SCADA,1,"2019/08/21 23:35:00",SAPHWF1,226.603150
D,DISPATCH,UNIT_SCADA,1,"2019/08/21 23:35:00",SHGEN,0
D,DISPATCH,UNIT_SCADA,1,"2019/08/21 23:35:00",SHPUMP,80.443750
D,DISPATCH,UNIT_SCADA,1,"2019/08/21 23:35:00",SITHE01,0.133760
D,DISPATCH,UNIT_SCADA,1,"2019/08/21 23:35:00",SMCSF1,0
D,DISPATCH,UNIT_SCADA,1,"2019/08/21 23:35:00",SNOWNTH1,131.30
D,DISPATCH,UNIT_SCADA,1,"2019/08/21 23:35:00",SNOWSTH1,93.100010
D,DISPATCH,UNIT_SCADA,1,"2019/08/21 23:35:00",SNOWTWN1,77.469530
D,DISPATCH,UNIT_SCADA,1,"2019/08/21 23:35:00",SNOWYP,0
D,DISPATCH,UNIT_SCADA,1,"2019/08/21 23:35:00",SNUG1,0.019440
D,DISPATCH,UNIT_SCADA,1,"2019/08/21 23:35:00",SRSF1,0.44
D,DISPATCH,UNIT_SCADA,1,"2019/08/21 23:35:00",STAN-1,0
D,DISPATCH,UNIT_SCADA,1,"2019/08/21 23:35:00",STAN-2,279.056340
D,DISPATCH,UNIT_SCADA,1,"2019/08/21 23:35:00",STAN-3,278.979430
D,DISPATCH,UNIT_SCADA,1,"2019/08/21 23:35:00",STAN-4,281.350710
D,DISPATCH,UNIT_SCADA,1,"2019/08/21 23:35:00",STWF1,164.3625
D,DISPATCH,UNIT_SCADA,1,"2019/08/21 23:35:00",SWAN_E,0
D,DISPATCH,UNIT_SCADA,1,"2019/08/21 23:35:00",TALWA1,190
D,DISPATCH,UNIT_SCADA,1,"2019/08/21 23:35:00",TARALGA1,98.204970
D,DISPATCH,UNIT_SCADA,1,"2019/08/21 23:35:00",TARONG#1,281.800020
D,DISPATCH,UNIT_SCADA,1,"2019/08/21 23:35:00",TARONG#2,282.600010
D,DISPATCH,UNIT_SCADA,1,"2019/08/21 23:35:00",TARONG#3,260.200010
D,DISPATCH,UNIT_SCADA,1,"2019/08/21 23:35:00",TARONG#4,280.100010
D,DISPATCH,UNIT_SCADA,1,"2019/08/21 23:35:00",TARRALEA,84.10
D,DISPATCH,UNIT_SCADA,1,"2019/08/21 23:35:00",TBSF1,-0.20
D,DISPATCH,UNIT_SCADA,1,"2019/08/21 23:35:00",TNPS1,442.000030
D,DISPATCH,UNIT_SCADA,1,"2019/08/21 23:35:00",TORRA1,42.119770
D,DISPATCH,UNIT_SCADA,1,"2019/08/21 23:35:00",TORRA2,0
D,DISPATCH,UNIT_SCADA,1,"2019/08/21 23:35:00",TORRA3,0
D,DISPATCH,UNIT_SCADA,1,"2019/08/21 23:35:00",TORRA4,0
D,DISPATCH,UNIT_SCADA,1,"2019/08/21 23:35:00",TORRB1,41.15
D,DISPATCH,UNIT_SCADA,1,"2019/08/21 23:35:00",TORRB2,40.60
D,DISPATCH,UNIT_SCADA,1,"2019/08/21 23:35:00",TORRB3,0
D,DISPATCH,UNIT_SCADA,1,"2019/08/21 23:35:00",TORRB4,0
D,DISPATCH,UNIT_SCADA,1,"2019/08/21 23:35:00",TREVALLN,18
D,DISPATCH,UNIT_SCADA,1,"2019/08/21 23:35:00",TRIBUTE,83.73
D,DISPATCH,UNIT_SCADA,1,"2019/08/21 23:35:00",TUMUT3,0
D,DISPATCH,UNIT_SCADA,1,"2019/08/21 23:35:00",TUNGATIN,126.210030
D,DISPATCH,UNIT_SCADA,1,"2019/08/21 23:35:00",TVCC201,0
D,DISPATCH,UNIT_SCADA,1,"2019/08/21 23:35:00",TVPP104,0
D,DISPATCH,UNIT_SCADA,1,"2019/08/21 23:35:00",UPPTUMUT,0
D,DISPATCH,UNIT_SCADA,1,"2019/08/21 23:35:00",URANQ11,0
D,DISPATCH,UNIT_SCADA,1,"2019/08/21 23:35:00",URANQ12,0
D,DISPATCH,UNIT_SCADA,1,"2019/08/21 23:35:00",URANQ13,0
D,DISPATCH,UNIT_SCADA,1,"2019/08/21 23:35:00",URANQ14,0
D,DISPATCH,UNIT_SCADA,1,"2019/08/21 23:35:00",VP5,403.800020
D,DISPATCH,UNIT_SCADA,1,"2019/08/21 23:35:00",VP6,404.650020
D,DISPATCH,UNIT_SCADA,1,"2019/08/21 23:35:00",VPGS1,0
D,DISPATCH,UNIT_SCADA,1,"2019/08/21 23:35:00",VPGS2,0
D,DISPATCH,UNIT_SCADA,1,"2019/08/21 23:35:00",VPGS3,0
D,DISPATCH,UNIT_SCADA,1,"2019/08/21 23:35:00",VPGS4,0
D,DISPATCH,UNIT_SCADA,1,"2019/08/21 23:35:00",VPGS5,0
D,DISPATCH,UNIT_SCADA,1,"2019/08/21 23:35:00",VPGS6,0
D,DISPATCH,UNIT_SCADA,1,"2019/08/21 23:35:00",W/HOE#1,0
D,DISPATCH,UNIT_SCADA,1,"2019/08/21 23:35:00",W/HOE#2,0
D,DISPATCH,UNIT_SCADA,1,"2019/08/21 23:35:00",WATERLWF,89.80
D,DISPATCH,UNIT_SCADA,1,"2019/08/21 23:35:00",WEMENSF1,0
D,DISPATCH,UNIT_SCADA,1,"2019/08/21 23:35:00",WGWF1,67
D,DISPATCH,UNIT_SCADA,1,"2019/08/21 23:35:00",WHITSF1,0
D,DISPATCH,UNIT_SCADA,1,"2019/08/21 23:35:00",WKIEWA1,0
D,DISPATCH,UNIT_SCADA,1,"2019/08/21 23:35:00",WKIEWA2,30.30
D,DISPATCH,UNIT_SCADA,1,"2019/08/21 23:35:00",WOODLWN1,45.134990
D,DISPATCH,UNIT_SCADA,1,"2019/08/21 23:35:00",WRSF1,0
D,DISPATCH,UNIT_SCADA,1,"2019/08/21 23:35:00",WRWF1,150.790010
D,DISPATCH,UNIT_SCADA,1,"2019/08/21 23:35:00",YABULU,0
D,DISPATCH,UNIT_SCADA,1,"2019/08/21 23:35:00",YABULU2,0
D,DISPATCH,UNIT_SCADA,1,"2019/08/21 23:35:00",YARWUN_1,70.37
D,DISPATCH,UNIT_SCADA,1,"2019/08/21 23:35:00",YENDWF1,42.05
D,DISPATCH,UNIT_SCADA,1,"2019/08/21 23:35:00",YWPS1,380.450620
D,DISPATCH,UNIT_SCADA,1,"2019/08/21 23:35:00",YWPS2,282.954440
D,DISPATCH,UNIT_SCADA,1,"2019/08/21 23:35:00",YWPS3,0
D,DISPATCH,UNIT_SCADA,1,"2019/08/21 23:35:00",YWPS4,395.237980
C,"END OF REPORT",334
