C,NEMP.WORLD,DISPATCHSCADA,AEMO,PUBLIC,2019/08/22,20:25:07,0000000311881212,DISPATCHSCADA,0000000311881206
I,DISPATCH,UNIT_SCADA,1,SETTLEMENTDATE,DUID,SCADAVALUE
D,DISPATCH,UNIT_SCADA,1,"2019/08/22 20:30:00",BARCSF1,0.40
D,DISPATCH,UNIT_SCADA,1,"2019/08/22 20:30:00",BUTLERSG,9.699999
D,DISPATCH,UNIT_SCADA,1,"2019/08/22 20:30:00",CALL_A_4,0
D,DISPATCH,UNIT_SCADA,1,"2019/08/22 20:30:00",CAPTL_WF,69.271996
D,DISPATCH,UNIT_SCADA,1,"2019/08/22 20:30:00",CATHROCK,1.89
D,DISPATCH,UNIT_SCADA,1,"2019/08/22 20:30:00",CHALLHWF,4.60
D,DISPATCH,UNIT_SCADA,1,"2019/08/22 20:30:00",CLOVER,-0.01
D,DISPATCH,UNIT_SCADA,1,"2019/08/22 20:30:00",CLUNY,20.159761
D,DISPATCH,UNIT_SCADA,1,"2019/08/22 20:30:00",CNUNDAWF,0.901051
D,DISPATCH,UNIT_SCADA,1,"2019/08/22 20:30:00",CULLRGWF,7.10
D,DISPATCH,UNIT_SCADA,1,"2019/08/22 20:30:00",ERGT01,0
D,DISPATCH,UNIT_SCADA,1,"2019/08/22 20:30:00",GB01,0.068310
D,DISPATCH,UNIT_SCADA,1,"2019/08/22 20:30:00",GERMCRK,34.599998
D,DISPATCH,UNIT_SCADA,1,"2019/08/22 20:30:00",GRIFSF1,0
D,DISPATCH,UNIT_SCADA,1,"2019/08/22 20:30:00",HUGSF1,-0.2070
D,DISPATCH,UNIT_SCADA,1,"2019/08/22 20:30:00",LKBONNY1,1.250331
D,DISPATCH,UNIT_SCADA,1,"2019/08/22 20:30:00",LRSF1,-0.0180
D,DISPATCH,UNIT_SCADA,1,"2019/08/22 20:30:00",MBAHNTH,45.693756
D,DISPATCH,UNIT_SCADA,1,"2019/08/22 20:30:00",MLSP1,0.180001
D,DISPATCH,UNIT_SCADA,1,"2019/08/22 20:30:00",MLWF1,1.6950
D,DISPATCH,UNIT_SCADA,1,"2019/08/22 20:30:00",MTMILLAR,4.464787
D,DISPATCH,UNIT_SCADA,1,"2019/08/22 20:30:00",PALOONA,28.65
D,DISPATCH,UNIT_SCADA,1,"2019/08/22 20:30:00",PIONEER,46.400002
D,DISPATCH,UNIT_SCADA,1,"2019/08/22 20:30:00",PORTWF,-0.50
D,DISPATCH,UNIT_SCADA,1,"2019/08/22 20:30:00",REPULSE,28.962234
D,DISPATCH,UNIT_SCADA,1,"2019/08/22 20:30:00",ROWALLAN,10.4512
D,DISPATCH,UNIT_SCADA,1,"2019/08/22 20:30:00",ROYALLA1,0
D,DISPATCH,UNIT_SCADA,1,"2019/08/22 20:30:00",RPCG,11.30
D,DISPATCH,UNIT_SCADA,1,"2019/08/22 20:30:00",RUBICON,0
D,DISPATCH,UNIT_SCADA,1,"2019/08/22 20:30:00",SATGN1,0
D,DISPATCH,UNIT_SCADA,1,"2019/08/22 20:30:00",SATGS1,0
D,DISPATCH,UNIT_SCADA,1,"2019/08/22 20:30:00",STARHLWF,-0.099971
D,DISPATCH,UNIT_SCADA,1,"2019/08/22 20:30:00",WAUBRAWF,86.3340
D,DISPATCH,UNIT_SCADA,1,"2019/08/22 20:30:00",WOOLNTH1,55.260017
D,DISPATCH,UNIT_SCADA,1,"2019/08/22 20:30:00",WPWF,0
D,DISPATCH,UNIT_SCADA,1,"2019/08/22 20:30:00",YAMBUKWF,1.70
D,DISPATCH,UNIT_SCADA,1,"2019/08/22 20:30:00",YSWF1,3.20
D,DISPATCH,UNIT_SCADA,1,"2019/08/22 20:30:00",AGLHAL,63.951540
D,DISPATCH,UNIT_SCADA,1,"2019/08/22 20:30:00",AGLSOM,81.50
D,DISPATCH,UNIT_SCADA,1,"2019/08/22 20:30:00",ANGAST1,0
D,DISPATCH,UNIT_SCADA,1,"2019/08/22 20:30:00",ARWF1,59.80
D,DISPATCH,UNIT_SCADA,1,"2019/08/22 20:30:00",BALBG1,0
D,DISPATCH,UNIT_SCADA,1,"2019/08/22 20:30:00",BALBL1,0
D,DISPATCH,UNIT_SCADA,1,"2019/08/22 20:30:00",BALDHWF1,42.69
D,DISPATCH,UNIT_SCADA,1,"2019/08/22 20:30:00",BANN1,0
D,DISPATCH,UNIT_SCADA,1,"2019/08/22 20:30:00",BARCALDN,0
D,DISPATCH,UNIT_SCADA,1,"2019/08/22 20:30:00",BARRON-1,0
D,DISPATCH,UNIT_SCADA,1,"2019/08/22 20:30:00",BARRON-2,28.40
D,DISPATCH,UNIT_SCADA,1,"2019/08/22 20:30:00",BASTYAN,77.680010
D,DISPATCH,UNIT_SCADA,1,"2019/08/22 20:30:00",BBTHREE1,-2.07
D,DISPATCH,UNIT_SCADA,1,"2019/08/22 20:30:00",BBTHREE2,-2.10
D,DISPATCH,UNIT_SCADA,1,"2019/08/22 20:30:00",BBTHREE3,-1.16
D,DISPATCH,UNIT_SCADA,1,"2019/08/22 20:30:00",BDL01,42.90
D,DISPATCH,UNIT_SCADA,1,"2019/08/22 20:30:00",BDL02,44.76
D,DISPATCH,UNIT_SCADA,1,"2019/08/22 20:30:00",BERYLSF1,0
D,DISPATCH,UNIT_SCADA,1,"2019/08/22 20:30:00",BLOWERNG,0
D,DISPATCH,UNIT_SCADA,1,"2019/08/22 20:30:00",BLUFF1,-0.10
D,DISPATCH,UNIT_SCADA,1,"2019/08/22 20:30:00",BNGSF1,0
D,DISPATCH,UNIT_SCADA,1,"2019/08/22 20:30:00",BNGSF2,0
D,DISPATCH,UNIT_SCADA,1,"2019/08/22 20:30:00",BOCORWF1,40.33
D,DISPATCH,UNIT_SCADA,1,"2019/08/22 20:30:00",BODWF1,78.801320
D,DISPATCH,UNIT_SCADA,1,"2019/08/22 20:30:00",BRAEMAR1,158.400010
D,DISPATCH,UNIT_SCADA,1,"2019/08/22 20:30:00",BRAEMAR2,172.80
D,DISPATCH,UNIT_SCADA,1,"2019/08/22 20:30:00",BRAEMAR3,171.400010
D,DISPATCH,UNIT_SCADA,1,"2019/08/22 20:30:00",BRAEMAR5,0
D,DISPATCH,UNIT_SCADA,1,"2019/08/22 20:30:00",BRAEMAR6,159.605210
D,DISPATCH,UNIT_SCADA,1,"2019/08/22 20:30:00",BRAEMAR7,160.431030
D,DISPATCH,UNIT_SCADA,1,"2019/08/22 20:30:00",BROKENH1,0
D,DISPATCH,UNIT_SCADA,1,"2019/08/22 20:30:00",BW01,660.650020
D,DISPATCH,UNIT_SCADA,1,"2019/08/22 20:30:00",BW02,643.824950
D,DISPATCH,UNIT_SCADA,1,"2019/08/22 20:30:00",BW03,659.325070
D,DISPATCH,UNIT_SCADA,1,"2019/08/22 20:30:00",BW04,0
D,DISPATCH,UNIT_SCADA,1,"2019/08/22 20:30:00",CALL_B_1,108.10
D,DISPATCH,UNIT_SCADA,1,"2019/08/22 20:30:00",CALL_B_2,349.50
D,DISPATCH,UNIT_SCADA,1,"2019/08/22 20:30:00",CETHANA,98.304250
D,DISPATCH,UNIT_SCADA,1,"2019/08/22 20:30:00",CG1,0
D,DISPATCH,UNIT_SCADA,1,"2019/08/22 20:30:00",CG2,0
D,DISPATCH,UNIT_SCADA,1,"2019/08/22 20:30:00",CG3,0
D,DISPATCH,UNIT_SCADA,1,"2019/08/22 20:30:00",CG4,0
D,DISPATCH,UNIT_SCADA,1,"2019/08/22 20:30:00",CHILDSF1,0
D,DISPATCH,UNIT_SCADA,1,"2019/08/22 20:30:00",CLARESF1,0
D,DISPATCH,UNIT_SCADA,1,"2019/08/22 20:30:00",CLEMGPWF,-0.216110
D,DISPATCH,UNIT_SCADA,1,"2019/08/22 20:30:00",CLERMSF1,0
D,DISPATCH,UNIT_SCADA,1,"2019/08/22 20:30:00",COLEASF1,0
D,DISPATCH,UNIT_SCADA,1,"2019/08/22 20:30:00",COOPGWF1,28.138230
D,DISPATCH,UNIT_SCADA,1,"2019/08/22 20:30:00",CPP_3,405.6250
D,DISPATCH,UNIT_SCADA,1,"2019/08/22 20:30:00",CPP_4,405.899990
D,DISPATCH,UNIT_SCADA,1,"2019/08/22 20:30:00",CPSA,142.186250
D,DISPATCH,UNIT_SCADA,1,"2019/08/22 20:30:00",CROOKWF2,1.217490
D,DISPATCH,UNIT_SCADA,1,"2019/08/22 20:30:00",CROWLWF1,17.303550
D,DISPATCH,UNIT_SCADA,1,"2019/08/22 20:30:00",CSPVPS1,0
D,DISPATCH,UNIT_SCADA,1,"2019/08/22 20:30:00",DALNTH01,0
D,DISPATCH,UNIT_SCADA,1,"2019/08/22 20:30:00",DALNTHL1,0.068670
D,DISPATCH,UNIT_SCADA,1,"2019/08/22 20:30:00",DARTM1,134.600010
D,DISPATCH,UNIT_SCADA,1,"2019/08/22 20:30:00",DAYDSF1,0
D,DISPATCH,UNIT_SCADA,1,"2019/08/22 20:30:00",DDPS1,622.515010
D,DISPATCH,UNIT_SCADA,1,"2019/08/22 20:30:00",DDSF1,0
D,DISPATCH,UNIT_SCADA,1,"2019/08/22 20:30:00",DEVILS_G,0
D,DISPATCH,UNIT_SCADA,1,"2019/08/22 20:30:00",DG_NSW1,0
D,DISPATCH,UNIT_SCADA,1,"2019/08/22 20:30:00",DG_QLD1,0
D,DISPATCH,UNIT_SCADA,1,"2019/08/22 20:30:00",DG_SA1,0
D,DISPATCH,UNIT_SCADA,1,"2019/08/22 20:30:00",DG_TAS1,0
D,DISPATCH,UNIT_SCADA,1,"2019/08/22 20:30:00",DG_VIC1,0
D,DISPATCH,UNIT_SCADA,1,"2019/08/22 20:30:00",DRYCGT1,0
D,DISPATCH,UNIT_SCADA,1,"2019/08/22 20:30:00",DRYCGT2,0
D,DISPATCH,UNIT_SCADA,1,"2019/08/22 20:30:00",DRYCGT3,0
D,DISPATCH,UNIT_SCADA,1,"2019/08/22 20:30:00",EILDON1,0
D,DISPATCH,UNIT_SCADA,1,"2019/08/22 20:30:00",EILDON2,37.20
D,DISPATCH,UNIT_SCADA,1,"2019/08/22 20:30:00",EMERASF1,0
D,DISPATCH,UNIT_SCADA,1,"2019/08/22 20:30:00",ER01,594.925050
D,DISPATCH,UNIT_SCADA,1,"2019/08/22 20:30:00",ER02,700.1250
D,DISPATCH,UNIT_SCADA,1,"2019/08/22 20:30:00",ER03,698.575070
D,DISPATCH,UNIT_SCADA,1,"2019/08/22 20:30:00",ER04,699.050050
D,DISPATCH,UNIT_SCADA,1,"2019/08/22 20:30:00",FINLYSF1,0
D,DISPATCH,UNIT_SCADA,1,"2019/08/22 20:30:00",FISHER,45.92
D,DISPATCH,UNIT_SCADA,1,"2019/08/22 20:30:00",GANNBG1,2.599170
D,DISPATCH,UNIT_SCADA,1,"2019/08/22 20:30:00",GANNBL1,0
D,DISPATCH,UNIT_SCADA,1,"2019/08/22 20:30:00",GANNSF1,0
D,DISPATCH,UNIT_SCADA,1,"2019/08/22 20:30:00",GORDON,111.799510
D,DISPATCH,UNIT_SCADA,1,"2019/08/22 20:30:00",GSTONE1,264.600010
D,DISPATCH,UNIT_SCADA,1,"2019/08/22 20:30:00",GSTONE2,230.1250
D,DISPATCH,UNIT_SCADA,1,"2019/08/22 20:30:00",GSTONE3,249.724990
D,DISPATCH,UNIT_SCADA,1,"2019/08/22 20:30:00",GSTONE4,263.199980
D,DISPATCH,UNIT_SCADA,1,"2019/08/22 20:30:00",GSTONE5,264.25
D,DISPATCH,UNIT_SCADA,1,"2019/08/22 20:30:00",GSTONE6,0
D,DISPATCH,UNIT_SCADA,1,"2019/08/22 20:30:00",GULLRSF1,0
D,DISPATCH,UNIT_SCADA,1,"2019/08/22 20:30:00",GULLRWF1,18.441710
D,DISPATCH,UNIT_SCADA,1,"2019/08/22 20:30:00",GUNNING1,1.087390
D,DISPATCH,UNIT_SCADA,1,"2019/08/22 20:30:00",GUTHEGA,31.10
D,DISPATCH,UNIT_SCADA,1,"2019/08/22 20:30:00",HALLWF1,1.36
D,DISPATCH,UNIT_SCADA,1,"2019/08/22 20:30:00",HALLWF2,-0.41
D,DISPATCH,UNIT_SCADA,1,"2019/08/22 20:30:00",HAMISF1,0
D,DISPATCH,UNIT_SCADA,1,"2019/08/22 20:30:00",HAUGHT11,0
D,DISPATCH,UNIT_SCADA,1,"2019/08/22 20:30:00",HAYMSF1,0
D,DISPATCH,UNIT_SCADA,1,"2019/08/22 20:30:00",HDWF1,12.30
D,DISPATCH,UNIT_SCADA,1,"2019/08/22 20:30:00",HDWF2,6.90
D,DISPATCH,UNIT_SCADA,1,"2019/08/22 20:30:00",HDWF3,8.50
D,DISPATCH,UNIT_SCADA,1,"2019/08/22 20:30:00",HPRG1,27.20
D,DISPATCH,UNIT_SCADA,1,"2019/08/22 20:30:00",HPRL1,0
D,DISPATCH,UNIT_SCADA,1,"2019/08/22 20:30:00",HUMENSW,0
D,DISPATCH,UNIT_SCADA,1,"2019/08/22 20:30:00",HUMEV,9.20
D,DISPATCH,UNIT_SCADA,1,"2019/08/22 20:30:00",HVGTS,0
D,DISPATCH,UNIT_SCADA,1,"2019/08/22 20:30:00",JBUTTERS,140.509990
D,DISPATCH,UNIT_SCADA,1,"2019/08/22 20:30:00",JLA01,54.10
D,DISPATCH,UNIT_SCADA,1,"2019/08/22 20:30:00",JLA02,53.50
D,DISPATCH,UNIT_SCADA,1,"2019/08/22 20:30:00",JLA03,0.10
D,DISPATCH,UNIT_SCADA,1,"2019/08/22 20:30:00",JLA04,0.10
D,DISPATCH,UNIT_SCADA,1,"2019/08/22 20:30:00",JLB01,0
D,DISPATCH,UNIT_SCADA,1,"2019/08/22 20:30:00",JLB02,84.10
D,DISPATCH,UNIT_SCADA,1,"2019/08/22 20:30:00",JLB03,84.10
D,DISPATCH,UNIT_SCADA,1,"2019/08/22 20:30:00",KAREEYA1,21.4975
D,DISPATCH,UNIT_SCADA,1,"2019/08/22 20:30:00",KAREEYA2,21.6675
D,DISPATCH,UNIT_SCADA,1,"2019/08/22 20:30:00",KAREEYA3,0
D,DISPATCH,UNIT_SCADA,1,"2019/08/22 20:30:00",KAREEYA4,21.71
D,DISPATCH,UNIT_SCADA,1,"2019/08/22 20:30:00",KARSF1,0
D,DISPATCH,UNIT_SCADA,1,"2019/08/22 20:30:00",KIATAWF1,8.40
D,DISPATCH,UNIT_SCADA,1,"2019/08/22 20:30:00",KPP_1,0
D,DISPATCH,UNIT_SCADA,1,"2019/08/22 20:30:00",KSP1,0
D,DISPATCH,UNIT_SCADA,1,"2019/08/22 20:30:00",LADBROK1,42.82
D,DISPATCH,UNIT_SCADA,1,"2019/08/22 20:30:00",LADBROK2,42.73
D,DISPATCH,UNIT_SCADA,1,"2019/08/22 20:30:00",LD01,417.543730
D,DISPATCH,UNIT_SCADA,1,"2019/08/22 20:30:00",LD02,419.587460
D,DISPATCH,UNIT_SCADA,1,"2019/08/22 20:30:00",LD03,417.862520
D,DISPATCH,UNIT_SCADA,1,"2019/08/22 20:30:00",LD04,380.099950
D,DISPATCH,UNIT_SCADA,1,"2019/08/22 20:30:00",LEM_WIL,86.161150
D,DISPATCH,UNIT_SCADA,1,"2019/08/22 20:30:00",LGAPWF1,12.62
D,DISPATCH,UNIT_SCADA,1,"2019/08/22 20:30:00",LILYSF1,0
D,DISPATCH,UNIT_SCADA,1,"2019/08/22 20:30:00",LI_WY_CA,149.212940
D,DISPATCH,UNIT_SCADA,1,"2019/08/22 20:30:00",LKBONNY2,0.452080
D,DISPATCH,UNIT_SCADA,1,"2019/08/22 20:30:00",LKBONNY3,0.725690
D,DISPATCH,UNIT_SCADA,1,"2019/08/22 20:30:00",LK_ECHO,0
D,DISPATCH,UNIT_SCADA,1,"2019/08/22 20:30:00",LNGS1,0
D,DISPATCH,UNIT_SCADA,1,"2019/08/22 20:30:00",LNGS2,0
D,DISPATCH,UNIT_SCADA,1,"2019/08/22 20:30:00",LONSDALE,0
D,DISPATCH,UNIT_SCADA,1,"2019/08/22 20:30:00",LOYYB1,536.840520
D,DISPATCH,UNIT_SCADA,1,"2019/08/22 20:30:00",LOYYB2,582.7063
D,DISPATCH,UNIT_SCADA,1,"2019/08/22 20:30:00",LYA1,560
D,DISPATCH,UNIT_SCADA,1,"2019/08/22 20:30:00",LYA2,0
D,DISPATCH,UNIT_SCADA,1,"2019/08/22 20:30:00",LYA3,560
D,DISPATCH,UNIT_SCADA,1,"2019/08/22 20:30:00",LYA4,540
D,DISPATCH,UNIT_SCADA,1,"2019/08/22 20:30:00",MACARTH1,0
D,DISPATCH,UNIT_SCADA,1,"2019/08/22 20:30:00",MACKAYGT,0
D,DISPATCH,UNIT_SCADA,1,"2019/08/22 20:30:00",MACKNTSH,86.350010
D,DISPATCH,UNIT_SCADA,1,"2019/08/22 20:30:00",MANSLR1,0
D,DISPATCH,UNIT_SCADA,1,"2019/08/22 20:30:00",MCKAY1,140.6250
D,DISPATCH,UNIT_SCADA,1,"2019/08/22 20:30:00",MEADOWBK,33.752980
D,DISPATCH,UNIT_SCADA,1,"2019/08/22 20:30:00",MERCER01,4.9840
D,DISPATCH,UNIT_SCADA,1,"2019/08/22 20:30:00",MEWF1,0
D,DISPATCH,UNIT_SCADA,1,"2019/08/22 20:30:00",MINTARO,0
D,DISPATCH,UNIT_SCADA,1,"2019/08/22 20:30:00",MOREESF1,0
D,DISPATCH,UNIT_SCADA,1,"2019/08/22 20:30:00",MORTLK11,260
D,DISPATCH,UNIT_SCADA,1,"2019/08/22 20:30:00",MORTLK12,0
D,DISPATCH,UNIT_SCADA,1,"2019/08/22 20:30:00",MP1,279.1250
D,DISPATCH,UNIT_SCADA,1,"2019/08/22 20:30:00",MP2,0
D,DISPATCH,UNIT_SCADA,1,"2019/08/22 20:30:00",MPP_1,411
D,DISPATCH,UNIT_SCADA,1,"2019/08/22 20:30:00",MPP_2,420.50
D,DISPATCH,UNIT_SCADA,1,"2019/08/22 20:30:00",MSTUART1,0
D,DISPATCH,UNIT_SCADA,1,"2019/08/22 20:30:00",MSTUART2,0
D,DISPATCH,UNIT_SCADA,1,"2019/08/22 20:30:00",MSTUART3,0
D,DISPATCH,UNIT_SCADA,1,"2019/08/22 20:30:00",MTGELWF1,2.911470
D,DISPATCH,UNIT_SCADA,1,"2019/08/22 20:30:00",MURRAY,767.961730
D,DISPATCH,UNIT_SCADA,1,"2019/08/22 20:30:00",MUSSELR1,15.60
D,DISPATCH,UNIT_SCADA,1,"2019/08/22 20:30:00",MUWAWF1,10.47
D,DISPATCH,UNIT_SCADA,1,"2019/08/22 20:30:00",NBHWF1,2.10
D,DISPATCH,UNIT_SCADA,1,"2019/08/22 20:30:00",NPS,511.8750
D,DISPATCH,UNIT_SCADA,1,"2019/08/22 20:30:00",NUMURSF1,0
D,DISPATCH,UNIT_SCADA,1,"2019/08/22 20:30:00",NYNGAN1,0
D,DISPATCH,UNIT_SCADA,1,"2019/08/22 20:30:00",OAKEY1,0
D,DISPATCH,UNIT_SCADA,1,"2019/08/22 20:30:00",OAKEY1SF,0.02
D,DISPATCH,UNIT_SCADA,1,"2019/08/22 20:30:00",OAKEY2,0
D,DISPATCH,UNIT_SCADA,1,"2019/08/22 20:30:00",OAKLAND1,8.90
D,DISPATCH,UNIT_SCADA,1,"2019/08/22 20:30:00",OSB-AG,183.58
D,DISPATCH,UNIT_SCADA,1,"2019/08/22 20:30:00",PARSF1,0
D,DISPATCH,UNIT_SCADA,1,"2019/08/22 20:30:00",POAT110,16.338560
D,DISPATCH,UNIT_SCADA,1,"2019/08/22 20:30:00",POAT220,57.897840
D,DISPATCH,UNIT_SCADA,1,"2019/08/22 20:30:00",POR01,0
D,DISPATCH,UNIT_SCADA,1,"2019/08/22 20:30:00",POR03,0
D,DISPATCH,UNIT_SCADA,1,"2019/08/22 20:30:00",PPCCGT,492.998050
D,DISPATCH,UNIT_SCADA,1,"2019/08/22 20:30:00",PTSTAN1,0
D,DISPATCH,UNIT_SCADA,1,"2019/08/22 20:30:00",PUMP1,0
D,DISPATCH,UNIT_SCADA,1,"2019/08/22 20:30:00",PUMP2,0
D,DISPATCH,UNIT_SCADA,1,"2019/08/22 20:30:00",QPS1,29
D,DISPATCH,UNIT_SCADA,1,"2019/08/22 20:30:00",QPS2,0
D,DISPATCH,UNIT_SCADA,1,"2019/08/22 20:30:00",QPS3,0
D,DISPATCH,UNIT_SCADA,1,"2019/08/22 20:30:00",QPS4,0
D,DISPATCH,UNIT_SCADA,1,"2019/08/22 20:30:00",QPS5,126.09
D,DISPATCH,UNIT_SCADA,1,"2019/08/22 20:30:00",REECE1,119.240010
D,DISPATCH,UNIT_SCADA,1,"2019/08/22 20:30:00",REECE2,118.570010
D,DISPATCH,UNIT_SCADA,1,"2019/08/22 20:30:00",ROMA_7,0
D,DISPATCH,UNIT_SCADA,1,"2019/08/22 20:30:00",ROMA_8,0
D,DISPATCH,UNIT_SCADA,1,"2019/08/22 20:30:00",RRSF1,0
D,DISPATCH,UNIT_SCADA,1,"2019/08/22 20:30:00",RT_NSW1,0
D,DISPATCH,UNIT_SCADA,1,"2019/08/22 20:30:00",RT_NSW2,0
D,DISPATCH,UNIT_SCADA,1,"2019/08/22 20:30:00",RT_NSW3,0
D,DISPATCH,UNIT_SCADA,1,"2019/08/22 20:30:00",RT_NSW4,0
D,DISPATCH,UNIT_SCADA,1,"2019/08/22 20:30:00",RT_NSW5,0
D,DISPATCH,UNIT_SCADA,1,"2019/08/22 20:30:00",RT_NSW6,0
D,DISPATCH,UNIT_SCADA,1,"2019/08/22 20:30:00",RT_QLD1,0
D,DISPATCH,UNIT_SCADA,1,"2019/08/22 20:30:00",RT_SA1,0
D,DISPATCH,UNIT_SCADA,1,"2019/08/22 20:30:00",RT_SA2,0
D,DISPATCH,UNIT_SCADA,1,"2019/08/22 20:30:00",RT_SA3,0
D,DISPATCH,UNIT_SCADA,1,"2019/08/22 20:30:00",RT_SA4,0
D,DISPATCH,UNIT_SCADA,1,"2019/08/22 20:30:00",RT_SA5,0
D,DISPATCH,UNIT_SCADA,1,"2019/08/22 20:30:00",RT_SA6,0
D,DISPATCH,UNIT_SCADA,1,"2019/08/22 20:30:00",RT_TAS1,0
D,DISPATCH,UNIT_SCADA,1,"2019/08/22 20:30:00",RT_VIC1,0
D,DISPATCH,UNIT_SCADA,1,"2019/08/22 20:30:00",RT_VIC10,0
D,DISPATCH,UNIT_SCADA,1,"2019/08/22 20:30:00",RT_VIC11,0
D,DISPATCH,UNIT_SCADA,1,"2019/08/22 20:30:00",RT_VIC12,0
D,DISPATCH,UNIT_SCADA,1,"2019/08/22 20:30:00",RT_VIC2,0
D,DISPATCH,UNIT_SCADA,1,"2019/08/22 20:30:00",RT_VIC3,0
D,DISPATCH,UNIT_SCADA,1,"2019/08/22 20:30:00",RT_VIC4,0
D,DISPATCH,UNIT_SCADA,1,"2019/08/22 20:30:00",RT_VIC5,0
D,DISPATCH,UNIT_SCADA,1,"2019/08/22 20:30:00",RT_VIC6,0
D,DISPATCH,UNIT_SCADA,1,"2019/08/22 20:30:00",RT_VIC7,0
D,DISPATCH,UNIT_SCADA,1,"2019/08/22 20:30:00",RT_VIC8,0
D,DISPATCH,UNIT_SCADA,1,"2019/08/22 20:30:00",RT_VIC9,0
D,DISPATCH,UNIT_SCADA,1,"2019/08/22 20:30:00",RUGBYR1,0
D,DISPATCH,UNIT_SCADA,1,"2019/08/22 20:30:00",SALTCRK1,0.80
D,DISPATCH,UNIT_SCADA,1,"2019/08/22 20:30:00",SAPHWF1,70.434390
D,DISPATCH,UNIT_SCADA,1,"2019/08/22 20:30:00",SHGEN,199.529680
D,DISPATCH,UNIT_SCADA,1,"2019/08/22 20:30:00",SHPUMP,0
D,DISPATCH,UNIT_SCADA,1,"2019/08/22 20:30:00",SITHE01,0.764260
D,DISPATCH,UNIT_SCADA,1,"2019/08/22 20:30:00",SMCSF1,0
D,DISPATCH,UNIT_SCADA,1,"2019/08/22 20:30:00",SNOWNTH1,5.90
D,DISPATCH,UNIT_SCADA,1,"2019/08/22 20:30:00",SNOWSTH1,15.70
D,DISPATCH,UNIT_SCADA,1,"2019/08/22 20:30:00",SNOWTWN1,4.378770
D,DISPATCH,UNIT_SCADA,1,"2019/08/22 20:30:00",SNOWYP,0
D,DISPATCH,UNIT_SCADA,1,"2019/08/22 20:30:00",SNUG1,0.019440
D,DISPATCH,UNIT_SCADA,1,"2019/08/22 20:30:00",SRSF1,0.43
D,DISPATCH,UNIT_SCADA,1,"2019/08/22 20:30:00",STAN-1,0
D,DISPATCH,UNIT_SCADA,1,"2019/08/22 20:30:00",STAN-2,344.8501
D,DISPATCH,UNIT_SCADA,1,"2019/08/22 20:30:00",STAN-3,342.350620
D,DISPATCH,UNIT_SCADA,1,"2019/08/22 20:30:00",STAN-4,365.538020
D,DISPATCH,UNIT_SCADA,1,"2019/08/22 20:30:00",STWF1,119.7450
D,DISPATCH,UNIT_SCADA,1,"2019/08/22 20:30:00",SWAN_E,0
D,DISPATCH,UNIT_SCADA,1,"2019/08/22 20:30:00",TALWA1,425
D,DISPATCH,UNIT_SCADA,1,"2019/08/22 20:30:00",TARALGA1,9.678760
D,DISPATCH,UNIT_SCADA,1,"2019/08/22 20:30:00",TARONG#1,345
D,DISPATCH,UNIT_SCADA,1,"2019/08/22 20:30:00",TARONG#2,346.50
D,DISPATCH,UNIT_SCADA,1,"2019/08/22 20:30:00",TARONG#3,260.50
D,DISPATCH,UNIT_SCADA,1,"2019/08/22 20:30:00",TARONG#4,349.899990
D,DISPATCH,UNIT_SCADA,1,"2019/08/22 20:30:00",TARRALEA,83.80
D,DISPATCH,UNIT_SCADA,1,"2019/08/22 20:30:00",TBSF1,-0.20
D,DISPATCH,UNIT_SCADA,1,"2019/08/22 20:30:00",TNPS1,442.300020
D,DISPATCH,UNIT_SCADA,1,"2019/08/22 20:30:00",TORRA1,118.140810
D,DISPATCH,UNIT_SCADA,1,"2019/08/22 20:30:00",TORRA2,0
D,DISPATCH,UNIT_SCADA,1,"2019/08/22 20:30:00",TORRA3,45.663880
D,DISPATCH,UNIT_SCADA,1,"2019/08/22 20:30:00",TORRA4,107.576260
D,DISPATCH,UNIT_SCADA,1,"2019/08/22 20:30:00",TORRB1,133.850010
D,DISPATCH,UNIT_SCADA,1,"2019/08/22 20:30:00",TORRB2,199.899990
D,DISPATCH,UNIT_SCADA,1,"2019/08/22 20:30:00",TORRB3,0
D,DISPATCH,UNIT_SCADA,1,"2019/08/22 20:30:00",TORRB4,0
D,DISPATCH,UNIT_SCADA,1,"2019/08/22 20:30:00",TREVALLN,87.920030
D,DISPATCH,UNIT_SCADA,1,"2019/08/22 20:30:00",TRIBUTE,84.91
D,DISPATCH,UNIT_SCADA,1,"2019/08/22 20:30:00",TUMUT3,0
D,DISPATCH,UNIT_SCADA,1,"2019/08/22 20:30:00",TUNGATIN,139.450030
D,DISPATCH,UNIT_SCADA,1,"2019/08/22 20:30:00",TVCC201,0
D,DISPATCH,UNIT_SCADA,1,"2019/08/22 20:30:00",TVPP104,57.8461
D,DISPATCH,UNIT_SCADA,1,"2019/08/22 20:30:00",UPPTUMUT,247.395940
D,DISPATCH,UNIT_SCADA,1,"2019/08/22 20:30:00",URANQ11,0
D,DISPATCH,UNIT_SCADA,1,"2019/08/22 20:30:00",URANQ12,0
D,DISPATCH,UNIT_SCADA,1,"2019/08/22 20:30:00",URANQ13,0
D,DISPATCH,UNIT_SCADA,1,"2019/08/22 20:30:00",URANQ14,0
D,DISPATCH,UNIT_SCADA,1,"2019/08/22 20:30:00",VP5,635.225040
D,DISPATCH,UNIT_SCADA,1,"2019/08/22 20:30:00",VP6,630.074950
D,DISPATCH,UNIT_SCADA,1,"2019/08/22 20:30:00",VPGS1,0
D,DISPATCH,UNIT_SCADA,1,"2019/08/22 20:30:00",VPGS2,0
D,DISPATCH,UNIT_SCADA,1,"2019/08/22 20:30:00",VPGS3,0
D,DISPATCH,UNIT_SCADA,1,"2019/08/22 20:30:00",VPGS4,0
D,DISPATCH,UNIT_SCADA,1,"2019/08/22 20:30:00",VPGS5,0
D,DISPATCH,UNIT_SCADA,1,"2019/08/22 20:30:00",VPGS6,0
D,DISPATCH,UNIT_SCADA,1,"2019/08/22 20:30:00",W/HOE#1,0
D,DISPATCH,UNIT_SCADA,1,"2019/08/22 20:30:00",W/HOE#2,0
D,DISPATCH,UNIT_SCADA,1,"2019/08/22 20:30:00",WATERLWF,-0.90
D,DISPATCH,UNIT_SCADA,1,"2019/08/22 20:30:00",WEMENSF1,0
D,DISPATCH,UNIT_SCADA,1,"2019/08/22 20:30:00",WGWF1,7.60
D,DISPATCH,UNIT_SCADA,1,"2019/08/22 20:30:00",WHITSF1,0
D,DISPATCH,UNIT_SCADA,1,"2019/08/22 20:30:00",WKIEWA1,32
D,DISPATCH,UNIT_SCADA,1,"2019/08/22 20:30:00",WKIEWA2,32
D,DISPATCH,UNIT_SCADA,1,"2019/08/22 20:30:00",WOODLWN1,4.175990
D,DISPATCH,UNIT_SCADA,1,"2019/08/22 20:30:00",WRSF1,0
D,DISPATCH,UNIT_SCADA,1,"2019/08/22 20:30:00",WRWF1,37.168750
D,DISPATCH,UNIT_SCADA,1,"2019/08/22 20:30:00",YABULU,0
D,DISPATCH,UNIT_SCADA,1,"2019/08/22 20:30:00",YABULU2,0
D,DISPATCH,UNIT_SCADA,1,"2019/08/22 20:30:00",YARWUN_1,0
D,DISPATCH,UNIT_SCADA,1,"2019/08/22 20:30:00",YENDWF1,9.25
D,DISPATCH,UNIT_SCADA,1,"2019/08/22 20:30:00",YWPS1,366.916440
D,DISPATCH,UNIT_SCADA,1,"2019/08/22 20:30:00",YWPS2,280.197480
D,DISPATCH,UNIT_SCADA,1,"2019/08/22 20:30:00",YWPS3,0
D,DISPATCH,UNIT_SCADA,1,"2019/08/22 20:30:00",YWPS4,395.520260
C,"END OF REPORT",334
