C,NEMP.WORLD,DISPATCHSCADA,AEMO,PUBLIC,2019/08/20,14:15:08,0000000311789177,DISPATCHSCADA,0000000311789171
I,DISPATCH,UNIT_SCADA,1,SETTLEMENTDATE,DUID,SCADAVALUE
D,DISPATCH,UNIT_SCADA,1,"2019/08/20 14:20:00",BARCSF1,18.50
D,DISPATCH,UNIT_SCADA,1,"2019/08/20 14:20:00",BUTLERSG,9.799998
D,DISPATCH,UNIT_SCADA,1,"2019/08/20 14:20:00",CALL_A_4,0
D,DISPATCH,UNIT_SCADA,1,"2019/08/20 14:20:00",CAPTL_WF,131.468002
D,DISPATCH,UNIT_SCADA,1,"2019/08/20 14:20:00",CATHROCK,45.099998
D,DISPATCH,UNIT_SCADA,1,"2019/08/20 14:20:00",CHALLHWF,33.50
D,DISPATCH,UNIT_SCADA,1,"2019/08/20 14:20:00",CLOVER,-0.01
D,DISPATCH,UNIT_SCADA,1,"2019/08/20 14:20:00",CLUNY,17.306934
D,DISPATCH,UNIT_SCADA,1,"2019/08/20 14:20:00",CNUNDAWF,41.548470
D,DISPATCH,UNIT_SCADA,1,"2019/08/20 14:20:00",CULLRGWF,30.27
D,DISPATCH,UNIT_SCADA,1,"2019/08/20 14:20:00",ERGT01,0
D,DISPATCH,UNIT_SCADA,1,"2019/08/20 14:20:00",GB01,0.070240
D,DISPATCH,UNIT_SCADA,1,"2019/08/20 14:20:00",GERMCRK,31.200001
D,DISPATCH,UNIT_SCADA,1,"2019/08/20 14:20:00",GRIFSF1,25.50
D,DISPATCH,UNIT_SCADA,1,"2019/08/20 14:20:00",HUGSF1,8.9890
D,DISPATCH,UNIT_SCADA,1,"2019/08/20 14:20:00",LKBONNY1,73.858841
D,DISPATCH,UNIT_SCADA,1,"2019/08/20 14:20:00",LRSF1,8.879001
D,DISPATCH,UNIT_SCADA,1,"2019/08/20 14:20:00",MBAHNTH,52.856247
D,DISPATCH,UNIT_SCADA,1,"2019/08/20 14:20:00",MLSP1,9.561001
D,DISPATCH,UNIT_SCADA,1,"2019/08/20 14:20:00",MLWF1,19.6950
D,DISPATCH,UNIT_SCADA,1,"2019/08/20 14:20:00",MTMILLAR,32.503647
D,DISPATCH,UNIT_SCADA,1,"2019/08/20 14:20:00",PALOONA,7.93
D,DISPATCH,UNIT_SCADA,1,"2019/08/20 14:20:00",PIONEER,11.50
D,DISPATCH,UNIT_SCADA,1,"2019/08/20 14:20:00",PORTWF,139.699997
D,DISPATCH,UNIT_SCADA,1,"2019/08/20 14:20:00",REPULSE,29.228352
D,DISPATCH,UNIT_SCADA,1,"2019/08/20 14:20:00",ROWALLAN,9.8335
D,DISPATCH,UNIT_SCADA,1,"2019/08/20 14:20:00",ROYALLA1,16.1380
D,DISPATCH,UNIT_SCADA,1,"2019/08/20 14:20:00",RPCG,12
D,DISPATCH,UNIT_SCADA,1,"2019/08/20 14:20:00",RUBICON,0
D,DISPATCH,UNIT_SCADA,1,"2019/08/20 14:20:00",SATGN1,0
D,DISPATCH,UNIT_SCADA,1,"2019/08/20 14:20:00",SATGS1,0
D,DISPATCH,UNIT_SCADA,1,"2019/08/20 14:20:00",STARHLWF,31.590788
D,DISPATCH,UNIT_SCADA,1,"2019/08/20 14:20:00",WAUBRAWF,110.601997
D,DISPATCH,UNIT_SCADA,1,"2019/08/20 14:20:00",WOOLNTH1,119.610016
D,DISPATCH,UNIT_SCADA,1,"2019/08/20 14:20:00",WPWF,48
D,DISPATCH,UNIT_SCADA,1,"2019/08/20 14:20:00",YAMBUKWF,29.200001
D,DISPATCH,UNIT_SCADA,1,"2019/08/20 14:20:00",YSWF1,28.50
D,DISPATCH,UNIT_SCADA,1,"2019/08/20 14:20:00",AGLHAL,0
D,DISPATCH,UNIT_SCADA,1,"2019/08/20 14:20:00",AGLSOM,-0.10
D,DISPATCH,UNIT_SCADA,1,"2019/08/20 14:20:00",ANGAST1,0
D,DISPATCH,UNIT_SCADA,1,"2019/08/20 14:20:00",ARWF1,149.899990
D,DISPATCH,UNIT_SCADA,1,"2019/08/20 14:20:00",BALBG1,0
D,DISPATCH,UNIT_SCADA,1,"2019/08/20 14:20:00",BALBL1,1.02
D,DISPATCH,UNIT_SCADA,1,"2019/08/20 14:20:00",BALDHWF1,102.6260
D,DISPATCH,UNIT_SCADA,1,"2019/08/20 14:20:00",BANN1,60.18
D,DISPATCH,UNIT_SCADA,1,"2019/08/20 14:20:00",BARCALDN,0
D,DISPATCH,UNIT_SCADA,1,"2019/08/20 14:20:00",BARRON-1,0
D,DISPATCH,UNIT_SCADA,1,"2019/08/20 14:20:00",BARRON-2,24.60
D,DISPATCH,UNIT_SCADA,1,"2019/08/20 14:20:00",BASTYAN,80.430010
D,DISPATCH,UNIT_SCADA,1,"2019/08/20 14:20:00",BBTHREE1,-2
D,DISPATCH,UNIT_SCADA,1,"2019/08/20 14:20:00",BBTHREE2,-2.01
D,DISPATCH,UNIT_SCADA,1,"2019/08/20 14:20:00",BBTHREE3,-1.12
D,DISPATCH,UNIT_SCADA,1,"2019/08/20 14:20:00",BDL01,0
D,DISPATCH,UNIT_SCADA,1,"2019/08/20 14:20:00",BDL02,0
D,DISPATCH,UNIT_SCADA,1,"2019/08/20 14:20:00",BERYLSF1,80.159620
D,DISPATCH,UNIT_SCADA,1,"2019/08/20 14:20:00",BLOWERNG,0
D,DISPATCH,UNIT_SCADA,1,"2019/08/20 14:20:00",BLUFF1,37.60
D,DISPATCH,UNIT_SCADA,1,"2019/08/20 14:20:00",BNGSF1,84.13
D,DISPATCH,UNIT_SCADA,1,"2019/08/20 14:20:00",BNGSF2,19.98
D,DISPATCH,UNIT_SCADA,1,"2019/08/20 14:20:00",BOCORWF1,108.72
D,DISPATCH,UNIT_SCADA,1,"2019/08/20 14:20:00",BODWF1,68.270610
D,DISPATCH,UNIT_SCADA,1,"2019/08/20 14:20:00",BRAEMAR1,0
D,DISPATCH,UNIT_SCADA,1,"2019/08/20 14:20:00",BRAEMAR2,0
D,DISPATCH,UNIT_SCADA,1,"2019/08/20 14:20:00",BRAEMAR3,0
D,DISPATCH,UNIT_SCADA,1,"2019/08/20 14:20:00",BRAEMAR5,0
D,DISPATCH,UNIT_SCADA,1,"2019/08/20 14:20:00",BRAEMAR6,0
D,DISPATCH,UNIT_SCADA,1,"2019/08/20 14:20:00",BRAEMAR7,0
D,DISPATCH,UNIT_SCADA,1,"2019/08/20 14:20:00",BROKENH1,52.529540
D,DISPATCH,UNIT_SCADA,1,"2019/08/20 14:20:00",BW01,328.599980
D,DISPATCH,UNIT_SCADA,1,"2019/08/20 14:20:00",BW02,389.099980
D,DISPATCH,UNIT_SCADA,1,"2019/08/20 14:20:00",BW03,453.349980
D,DISPATCH,UNIT_SCADA,1,"2019/08/20 14:20:00",BW04,0
D,DISPATCH,UNIT_SCADA,1,"2019/08/20 14:20:00",CALL_B_1,350.200010
D,DISPATCH,UNIT_SCADA,1,"2019/08/20 14:20:00",CALL_B_2,295.100010
D,DISPATCH,UNIT_SCADA,1,"2019/08/20 14:20:00",CETHANA,93.693880
D,DISPATCH,UNIT_SCADA,1,"2019/08/20 14:20:00",CG1,0
D,DISPATCH,UNIT_SCADA,1,"2019/08/20 14:20:00",CG2,0
D,DISPATCH,UNIT_SCADA,1,"2019/08/20 14:20:00",CG3,0
D,DISPATCH,UNIT_SCADA,1,"2019/08/20 14:20:00",CG4,0
D,DISPATCH,UNIT_SCADA,1,"2019/08/20 14:20:00",CHILDSF1,40.05
D,DISPATCH,UNIT_SCADA,1,"2019/08/20 14:20:00",CLARESF1,43.274240
D,DISPATCH,UNIT_SCADA,1,"2019/08/20 14:20:00",CLEMGPWF,29.246220
D,DISPATCH,UNIT_SCADA,1,"2019/08/20 14:20:00",CLERMSF1,15.06
D,DISPATCH,UNIT_SCADA,1,"2019/08/20 14:20:00",COLEASF1,94.999990
D,DISPATCH,UNIT_SCADA,1,"2019/08/20 14:20:00",COOPGWF1,24.444230
D,DISPATCH,UNIT_SCADA,1,"2019/08/20 14:20:00",CPP_3,323.950010
D,DISPATCH,UNIT_SCADA,1,"2019/08/20 14:20:00",CPP_4,326.975010
D,DISPATCH,UNIT_SCADA,1,"2019/08/20 14:20:00",CPSA,142.44
D,DISPATCH,UNIT_SCADA,1,"2019/08/20 14:20:00",CROOKWF2,80.893750
D,DISPATCH,UNIT_SCADA,1,"2019/08/20 14:20:00",CROWLWF1,55.609340
D,DISPATCH,UNIT_SCADA,1,"2019/08/20 14:20:00",CSPVPS1,31.9650
D,DISPATCH,UNIT_SCADA,1,"2019/08/20 14:20:00",DALNTH01,0
D,DISPATCH,UNIT_SCADA,1,"2019/08/20 14:20:00",DALNTHL1,0.2121
D,DISPATCH,UNIT_SCADA,1,"2019/08/20 14:20:00",DARTM1,0
D,DISPATCH,UNIT_SCADA,1,"2019/08/20 14:20:00",DAYDSF1,108.588010
D,DISPATCH,UNIT_SCADA,1,"2019/08/20 14:20:00",DDPS1,0
D,DISPATCH,UNIT_SCADA,1,"2019/08/20 14:20:00",DDSF1,98.6071
D,DISPATCH,UNIT_SCADA,1,"2019/08/20 14:20:00",DEVILS_G,1.381880
D,DISPATCH,UNIT_SCADA,1,"2019/08/20 14:20:00",DG_NSW1,0
D,DISPATCH,UNIT_SCADA,1,"2019/08/20 14:20:00",DG_QLD1,0
D,DISPATCH,UNIT_SCADA,1,"2019/08/20 14:20:00",DG_SA1,0
D,DISPATCH,UNIT_SCADA,1,"2019/08/20 14:20:00",DG_TAS1,0
D,DISPATCH,UNIT_SCADA,1,"2019/08/20 14:20:00",DG_VIC1,0
D,DISPATCH,UNIT_SCADA,1,"2019/08/20 14:20:00",DRYCGT1,0
D,DISPATCH,UNIT_SCADA,1,"2019/08/20 14:20:00",DRYCGT2,0
D,DISPATCH,UNIT_SCADA,1,"2019/08/20 14:20:00",DRYCGT3,0
D,DISPATCH,UNIT_SCADA,1,"2019/08/20 14:20:00",EILDON1,0
D,DISPATCH,UNIT_SCADA,1,"2019/08/20 14:20:00",EILDON2,0
D,DISPATCH,UNIT_SCADA,1,"2019/08/20 14:20:00",EMERASF1,66.06
D,DISPATCH,UNIT_SCADA,1,"2019/08/20 14:20:00",ER01,356.474980
D,DISPATCH,UNIT_SCADA,1,"2019/08/20 14:20:00",ER02,356.574950
D,DISPATCH,UNIT_SCADA,1,"2019/08/20 14:20:00",ER03,699.699950
D,DISPATCH,UNIT_SCADA,1,"2019/08/20 14:20:00",ER04,356.849980
D,DISPATCH,UNIT_SCADA,1,"2019/08/20 14:20:00",FINLYSF1,0
D,DISPATCH,UNIT_SCADA,1,"2019/08/20 14:20:00",FISHER,45.87
D,DISPATCH,UNIT_SCADA,1,"2019/08/20 14:20:00",GANNBG1,0
D,DISPATCH,UNIT_SCADA,1,"2019/08/20 14:20:00",GANNBL1,0.035640
D,DISPATCH,UNIT_SCADA,1,"2019/08/20 14:20:00",GANNSF1,36
D,DISPATCH,UNIT_SCADA,1,"2019/08/20 14:20:00",GORDON,0
D,DISPATCH,UNIT_SCADA,1,"2019/08/20 14:20:00",GSTONE1,109.3750
D,DISPATCH,UNIT_SCADA,1,"2019/08/20 14:20:00",GSTONE2,109.7250
D,DISPATCH,UNIT_SCADA,1,"2019/08/20 14:20:00",GSTONE3,110.60
D,DISPATCH,UNIT_SCADA,1,"2019/08/20 14:20:00",GSTONE4,124.95
D,DISPATCH,UNIT_SCADA,1,"2019/08/20 14:20:00",GSTONE5,127.9250
D,DISPATCH,UNIT_SCADA,1,"2019/08/20 14:20:00",GSTONE6,0
D,DISPATCH,UNIT_SCADA,1,"2019/08/20 14:20:00",GULLRSF1,9.625310
D,DISPATCH,UNIT_SCADA,1,"2019/08/20 14:20:00",GULLRWF1,141.983550
D,DISPATCH,UNIT_SCADA,1,"2019/08/20 14:20:00",GUNNING1,42.884170
D,DISPATCH,UNIT_SCADA,1,"2019/08/20 14:20:00",GUTHEGA,0
D,DISPATCH,UNIT_SCADA,1,"2019/08/20 14:20:00",HALLWF1,65.58
D,DISPATCH,UNIT_SCADA,1,"2019/08/20 14:20:00",HALLWF2,49.25
D,DISPATCH,UNIT_SCADA,1,"2019/08/20 14:20:00",HAMISF1,44.90
D,DISPATCH,UNIT_SCADA,1,"2019/08/20 14:20:00",HAUGHT11,50.046970
D,DISPATCH,UNIT_SCADA,1,"2019/08/20 14:20:00",HAYMSF1,38.27
D,DISPATCH,UNIT_SCADA,1,"2019/08/20 14:20:00",HDWF1,69.60
D,DISPATCH,UNIT_SCADA,1,"2019/08/20 14:20:00",HDWF2,63.40
D,DISPATCH,UNIT_SCADA,1,"2019/08/20 14:20:00",HDWF3,74.90
D,DISPATCH,UNIT_SCADA,1,"2019/08/20 14:20:00",HPRG1,0
D,DISPATCH,UNIT_SCADA,1,"2019/08/20 14:20:00",HPRL1,7.90
D,DISPATCH,UNIT_SCADA,1,"2019/08/20 14:20:00",HUMENSW,0
D,DISPATCH,UNIT_SCADA,1,"2019/08/20 14:20:00",HUMEV,7.70
D,DISPATCH,UNIT_SCADA,1,"2019/08/20 14:20:00",HVGTS,0
D,DISPATCH,UNIT_SCADA,1,"2019/08/20 14:20:00",JBUTTERS,135.179990
D,DISPATCH,UNIT_SCADA,1,"2019/08/20 14:20:00",JLA01,0.50
D,DISPATCH,UNIT_SCADA,1,"2019/08/20 14:20:00",JLA02,0
D,DISPATCH,UNIT_SCADA,1,"2019/08/20 14:20:00",JLA03,0.10
D,DISPATCH,UNIT_SCADA,1,"2019/08/20 14:20:00",JLA04,0.10
D,DISPATCH,UNIT_SCADA,1,"2019/08/20 14:20:00",JLB01,0
D,DISPATCH,UNIT_SCADA,1,"2019/08/20 14:20:00",JLB02,0.10
D,DISPATCH,UNIT_SCADA,1,"2019/08/20 14:20:00",JLB03,0
D,DISPATCH,UNIT_SCADA,1,"2019/08/20 14:20:00",KAREEYA1,21.5075
D,DISPATCH,UNIT_SCADA,1,"2019/08/20 14:20:00",KAREEYA2,21.8650
D,DISPATCH,UNIT_SCADA,1,"2019/08/20 14:20:00",KAREEYA3,0
D,DISPATCH,UNIT_SCADA,1,"2019/08/20 14:20:00",KAREEYA4,21.7350
D,DISPATCH,UNIT_SCADA,1,"2019/08/20 14:20:00",KARSF1,37.10
D,DISPATCH,UNIT_SCADA,1,"2019/08/20 14:20:00",KIATAWF1,30.70
D,DISPATCH,UNIT_SCADA,1,"2019/08/20 14:20:00",KPP_1,0
D,DISPATCH,UNIT_SCADA,1,"2019/08/20 14:20:00",KSP1,46.77
D,DISPATCH,UNIT_SCADA,1,"2019/08/20 14:20:00",LADBROK1,0
D,DISPATCH,UNIT_SCADA,1,"2019/08/20 14:20:00",LADBROK2,0
D,DISPATCH,UNIT_SCADA,1,"2019/08/20 14:20:00",LD01,376.556210
D,DISPATCH,UNIT_SCADA,1,"2019/08/20 14:20:00",LD02,376.893770
D,DISPATCH,UNIT_SCADA,1,"2019/08/20 14:20:00",LD03,378.5625
D,DISPATCH,UNIT_SCADA,1,"2019/08/20 14:20:00",LD04,345.150050
D,DISPATCH,UNIT_SCADA,1,"2019/08/20 14:20:00",LEM_WIL,85.5468
D,DISPATCH,UNIT_SCADA,1,"2019/08/20 14:20:00",LGAPWF1,0
D,DISPATCH,UNIT_SCADA,1,"2019/08/20 14:20:00",LILYSF1,95.420410
D,DISPATCH,UNIT_SCADA,1,"2019/08/20 14:20:00",LI_WY_CA,148.132130
D,DISPATCH,UNIT_SCADA,1,"2019/08/20 14:20:00",LKBONNY2,110.022840
D,DISPATCH,UNIT_SCADA,1,"2019/08/20 14:20:00",LKBONNY3,27.1295
D,DISPATCH,UNIT_SCADA,1,"2019/08/20 14:20:00",LK_ECHO,0
D,DISPATCH,UNIT_SCADA,1,"2019/08/20 14:20:00",LNGS1,0
D,DISPATCH,UNIT_SCADA,1,"2019/08/20 14:20:00",LNGS2,0
D,DISPATCH,UNIT_SCADA,1,"2019/08/20 14:20:00",LONSDALE,0
D,DISPATCH,UNIT_SCADA,1,"2019/08/20 14:20:00",LOYYB1,535.336730
D,DISPATCH,UNIT_SCADA,1,"2019/08/20 14:20:00",LOYYB2,580.074710
D,DISPATCH,UNIT_SCADA,1,"2019/08/20 14:20:00",LYA1,558
D,DISPATCH,UNIT_SCADA,1,"2019/08/20 14:20:00",LYA2,0
D,DISPATCH,UNIT_SCADA,1,"2019/08/20 14:20:00",LYA3,560
D,DISPATCH,UNIT_SCADA,1,"2019/08/20 14:20:00",LYA4,539
D,DISPATCH,UNIT_SCADA,1,"2019/08/20 14:20:00",MACARTH1,396.990840
D,DISPATCH,UNIT_SCADA,1,"2019/08/20 14:20:00",MACKAYGT,0
D,DISPATCH,UNIT_SCADA,1,"2019/08/20 14:20:00",MACKNTSH,85.45
D,DISPATCH,UNIT_SCADA,1,"2019/08/20 14:20:00",MANSLR1,37.6980
D,DISPATCH,UNIT_SCADA,1,"2019/08/20 14:20:00",MCKAY1,0.02
D,DISPATCH,UNIT_SCADA,1,"2019/08/20 14:20:00",MEADOWBK,33.695820
D,DISPATCH,UNIT_SCADA,1,"2019/08/20 14:20:00",MERCER01,122.824010
D,DISPATCH,UNIT_SCADA,1,"2019/08/20 14:20:00",MEWF1,62.158850
D,DISPATCH,UNIT_SCADA,1,"2019/08/20 14:20:00",MINTARO,0
D,DISPATCH,UNIT_SCADA,1,"2019/08/20 14:20:00",MOREESF1,49.7280
D,DISPATCH,UNIT_SCADA,1,"2019/08/20 14:20:00",MORTLK11,124
D,DISPATCH,UNIT_SCADA,1,"2019/08/20 14:20:00",MORTLK12,0
D,DISPATCH,UNIT_SCADA,1,"2019/08/20 14:20:00",MP1,275.224980
D,DISPATCH,UNIT_SCADA,1,"2019/08/20 14:20:00",MP2,0
D,DISPATCH,UNIT_SCADA,1,"2019/08/20 14:20:00",MPP_1,349.50
D,DISPATCH,UNIT_SCADA,1,"2019/08/20 14:20:00",MPP_2,390
D,DISPATCH,UNIT_SCADA,1,"2019/08/20 14:20:00",MSTUART1,0
D,DISPATCH,UNIT_SCADA,1,"2019/08/20 14:20:00",MSTUART2,0
D,DISPATCH,UNIT_SCADA,1,"2019/08/20 14:20:00",MSTUART3,0
D,DISPATCH,UNIT_SCADA,1,"2019/08/20 14:20:00",MTGELWF1,64.610730
D,DISPATCH,UNIT_SCADA,1,"2019/08/20 14:20:00",MURRAY,31.346930
D,DISPATCH,UNIT_SCADA,1,"2019/08/20 14:20:00",MUSSELR1,-0.60
D,DISPATCH,UNIT_SCADA,1,"2019/08/20 14:20:00",MUWAWF1,51.65
D,DISPATCH,UNIT_SCADA,1,"2019/08/20 14:20:00",NBHWF1,82
D,DISPATCH,UNIT_SCADA,1,"2019/08/20 14:20:00",NPS,0
D,DISPATCH,UNIT_SCADA,1,"2019/08/20 14:20:00",NUMURSF1,27.12
D,DISPATCH,UNIT_SCADA,1,"2019/08/20 14:20:00",NYNGAN1,93.75
D,DISPATCH,UNIT_SCADA,1,"2019/08/20 14:20:00",OAKEY1,0
D,DISPATCH,UNIT_SCADA,1,"2019/08/20 14:20:00",OAKEY1SF,23.71
D,DISPATCH,UNIT_SCADA,1,"2019/08/20 14:20:00",OAKEY2,0
D,DISPATCH,UNIT_SCADA,1,"2019/08/20 14:20:00",OAKLAND1,58.40
D,DISPATCH,UNIT_SCADA,1,"2019/08/20 14:20:00",OSB-AG,139.38
D,DISPATCH,UNIT_SCADA,1,"2019/08/20 14:20:00",PARSF1,51.203130
D,DISPATCH,UNIT_SCADA,1,"2019/08/20 14:20:00",POAT110,0
D,DISPATCH,UNIT_SCADA,1,"2019/08/20 14:20:00",POAT220,1.17
D,DISPATCH,UNIT_SCADA,1,"2019/08/20 14:20:00",POR01,0
D,DISPATCH,UNIT_SCADA,1,"2019/08/20 14:20:00",POR03,0
D,DISPATCH,UNIT_SCADA,1,"2019/08/20 14:20:00",PPCCGT,125.903770
D,DISPATCH,UNIT_SCADA,1,"2019/08/20 14:20:00",PTSTAN1,0
D,DISPATCH,UNIT_SCADA,1,"2019/08/20 14:20:00",PUMP1,0
D,DISPATCH,UNIT_SCADA,1,"2019/08/20 14:20:00",PUMP2,237.409990
D,DISPATCH,UNIT_SCADA,1,"2019/08/20 14:20:00",QPS1,0
D,DISPATCH,UNIT_SCADA,1,"2019/08/20 14:20:00",QPS2,0
D,DISPATCH,UNIT_SCADA,1,"2019/08/20 14:20:00",QPS3,0
D,DISPATCH,UNIT_SCADA,1,"2019/08/20 14:20:00",QPS4,0
D,DISPATCH,UNIT_SCADA,1,"2019/08/20 14:20:00",QPS5,0
D,DISPATCH,UNIT_SCADA,1,"2019/08/20 14:20:00",REECE1,115.810010
D,DISPATCH,UNIT_SCADA,1,"2019/08/20 14:20:00",REECE2,115.770010
D,DISPATCH,UNIT_SCADA,1,"2019/08/20 14:20:00",ROMA_7,0
D,DISPATCH,UNIT_SCADA,1,"2019/08/20 14:20:00",ROMA_8,0
D,DISPATCH,UNIT_SCADA,1,"2019/08/20 14:20:00",RRSF1,109.003160
D,DISPATCH,UNIT_SCADA,1,"2019/08/20 14:20:00",RT_NSW1,0
D,DISPATCH,UNIT_SCADA,1,"2019/08/20 14:20:00",RT_NSW2,0
D,DISPATCH,UNIT_SCADA,1,"2019/08/20 14:20:00",RT_NSW3,0
D,DISPATCH,UNIT_SCADA,1,"2019/08/20 14:20:00",RT_NSW4,0
D,DISPATCH,UNIT_SCADA,1,"2019/08/20 14:20:00",RT_NSW5,0
D,DISPATCH,UNIT_SCADA,1,"2019/08/20 14:20:00",RT_NSW6,0
D,DISPATCH,UNIT_SCADA,1,"2019/08/20 14:20:00",RT_QLD1,0
D,DISPATCH,UNIT_SCADA,1,"2019/08/20 14:20:00",RT_SA1,0
D,DISPATCH,UNIT_SCADA,1,"2019/08/20 14:20:00",RT_SA2,0
D,DISPATCH,UNIT_SCADA,1,"2019/08/20 14:20:00",RT_SA3,0
D,DISPATCH,UNIT_SCADA,1,"2019/08/20 14:20:00",RT_SA4,0
D,DISPATCH,UNIT_SCADA,1,"2019/08/20 14:20:00",RT_SA5,0
D,DISPATCH,UNIT_SCADA,1,"2019/08/20 14:20:00",RT_SA6,0
D,DISPATCH,UNIT_SCADA,1,"2019/08/20 14:20:00",RT_TAS1,0
D,DISPATCH,UNIT_SCADA,1,"2019/08/20 14:20:00",RT_VIC1,0
D,DISPATCH,UNIT_SCADA,1,"2019/08/20 14:20:00",RT_VIC10,0
D,DISPATCH,UNIT_SCADA,1,"2019/08/20 14:20:00",RT_VIC11,0
D,DISPATCH,UNIT_SCADA,1,"2019/08/20 14:20:00",RT_VIC12,0
D,DISPATCH,UNIT_SCADA,1,"2019/08/20 14:20:00",RT_VIC2,0
D,DISPATCH,UNIT_SCADA,1,"2019/08/20 14:20:00",RT_VIC3,0
D,DISPATCH,UNIT_SCADA,1,"2019/08/20 14:20:00",RT_VIC4,0
D,DISPATCH,UNIT_SCADA,1,"2019/08/20 14:20:00",RT_VIC5,0
D,DISPATCH,UNIT_SCADA,1,"2019/08/20 14:20:00",RT_VIC6,0
D,DISPATCH,UNIT_SCADA,1,"2019/08/20 14:20:00",RT_VIC7,0
D,DISPATCH,UNIT_SCADA,1,"2019/08/20 14:20:00",RT_VIC8,0
D,DISPATCH,UNIT_SCADA,1,"2019/08/20 14:20:00",RT_VIC9,0
D,DISPATCH,UNIT_SCADA,1,"2019/08/20 14:20:00",RUGBYR1,44.963840
D,DISPATCH,UNIT_SCADA,1,"2019/08/20 14:20:00",SALTCRK1,52.36
D,DISPATCH,UNIT_SCADA,1,"2019/08/20 14:20:00",SAPHWF1,108.815610
D,DISPATCH,UNIT_SCADA,1,"2019/08/20 14:20:00",SHGEN,0
D,DISPATCH,UNIT_SCADA,1,"2019/08/20 14:20:00",SHPUMP,0
D,DISPATCH,UNIT_SCADA,1,"2019/08/20 14:20:00",SITHE01,0.005650
D,DISPATCH,UNIT_SCADA,1,"2019/08/20 14:20:00",SMCSF1,78.676930
D,DISPATCH,UNIT_SCADA,1,"2019/08/20 14:20:00",SNOWNTH1,99
D,DISPATCH,UNIT_SCADA,1,"2019/08/20 14:20:00",SNOWSTH1,84.90
D,DISPATCH,UNIT_SCADA,1,"2019/08/20 14:20:00",SNOWTWN1,67.009540
D,DISPATCH,UNIT_SCADA,1,"2019/08/20 14:20:00",SNOWYP,382
D,DISPATCH,UNIT_SCADA,1,"2019/08/20 14:20:00",SNUG1,0.019440
D,DISPATCH,UNIT_SCADA,1,"2019/08/20 14:20:00",SRSF1,35.25
D,DISPATCH,UNIT_SCADA,1,"2019/08/20 14:20:00",STAN-1,0
D,DISPATCH,UNIT_SCADA,1,"2019/08/20 14:20:00",STAN-2,278.556430
D,DISPATCH,UNIT_SCADA,1,"2019/08/20 14:20:00",STAN-3,281.132810
D,DISPATCH,UNIT_SCADA,1,"2019/08/20 14:20:00",STAN-4,279.389590
D,DISPATCH,UNIT_SCADA,1,"2019/08/20 14:20:00",STWF1,8.786250
D,DISPATCH,UNIT_SCADA,1,"2019/08/20 14:20:00",SWAN_E,0
D,DISPATCH,UNIT_SCADA,1,"2019/08/20 14:20:00",TALWA1,190
D,DISPATCH,UNIT_SCADA,1,"2019/08/20 14:20:00",TARALGA1,103.788760
D,DISPATCH,UNIT_SCADA,1,"2019/08/20 14:20:00",TARONG#1,276.399990
D,DISPATCH,UNIT_SCADA,1,"2019/08/20 14:20:00",TARONG#2,275.50
D,DISPATCH,UNIT_SCADA,1,"2019/08/20 14:20:00",TARONG#3,260.800020
D,DISPATCH,UNIT_SCADA,1,"2019/08/20 14:20:00",TARONG#4,280.200010
D,DISPATCH,UNIT_SCADA,1,"2019/08/20 14:20:00",TARRALEA,87
D,DISPATCH,UNIT_SCADA,1,"2019/08/20 14:20:00",TBSF1,31
D,DISPATCH,UNIT_SCADA,1,"2019/08/20 14:20:00",TNPS1,441.700010
D,DISPATCH,UNIT_SCADA,1,"2019/08/20 14:20:00",TORRA1,37.730340
D,DISPATCH,UNIT_SCADA,1,"2019/08/20 14:20:00",TORRA2,0
D,DISPATCH,UNIT_SCADA,1,"2019/08/20 14:20:00",TORRA3,0
D,DISPATCH,UNIT_SCADA,1,"2019/08/20 14:20:00",TORRA4,0
D,DISPATCH,UNIT_SCADA,1,"2019/08/20 14:20:00",TORRB1,39.41
D,DISPATCH,UNIT_SCADA,1,"2019/08/20 14:20:00",TORRB2,40.51
D,DISPATCH,UNIT_SCADA,1,"2019/08/20 14:20:00",TORRB3,0
D,DISPATCH,UNIT_SCADA,1,"2019/08/20 14:20:00",TORRB4,0
D,DISPATCH,UNIT_SCADA,1,"2019/08/20 14:20:00",TREVALLN,43.850020
D,DISPATCH,UNIT_SCADA,1,"2019/08/20 14:20:00",TRIBUTE,0
D,DISPATCH,UNIT_SCADA,1,"2019/08/20 14:20:00",TUMUT3,0
D,DISPATCH,UNIT_SCADA,1,"2019/08/20 14:20:00",TUNGATIN,123.020030
D,DISPATCH,UNIT_SCADA,1,"2019/08/20 14:20:00",TVCC201,0
D,DISPATCH,UNIT_SCADA,1,"2019/08/20 14:20:00",TVPP104,0
D,DISPATCH,UNIT_SCADA,1,"2019/08/20 14:20:00",UPPTUMUT,0
D,DISPATCH,UNIT_SCADA,1,"2019/08/20 14:20:00",URANQ11,0
D,DISPATCH,UNIT_SCADA,1,"2019/08/20 14:20:00",URANQ12,0
D,DISPATCH,UNIT_SCADA,1,"2019/08/20 14:20:00",URANQ13,0
D,DISPATCH,UNIT_SCADA,1,"2019/08/20 14:20:00",URANQ14,0
D,DISPATCH,UNIT_SCADA,1,"2019/08/20 14:20:00",VP5,298.799990
D,DISPATCH,UNIT_SCADA,1,"2019/08/20 14:20:00",VP6,260.450010
D,DISPATCH,UNIT_SCADA,1,"2019/08/20 14:20:00",VPGS1,0
D,DISPATCH,UNIT_SCADA,1,"2019/08/20 14:20:00",VPGS2,0
D,DISPATCH,UNIT_SCADA,1,"2019/08/20 14:20:00",VPGS3,0
D,DISPATCH,UNIT_SCADA,1,"2019/08/20 14:20:00",VPGS4,0
D,DISPATCH,UNIT_SCADA,1,"2019/08/20 14:20:00",VPGS5,0
D,DISPATCH,UNIT_SCADA,1,"2019/08/20 14:20:00",VPGS6,0
D,DISPATCH,UNIT_SCADA,1,"2019/08/20 14:20:00",W/HOE#1,0
D,DISPATCH,UNIT_SCADA,1,"2019/08/20 14:20:00",W/HOE#2,0
D,DISPATCH,UNIT_SCADA,1,"2019/08/20 14:20:00",WATERLWF,90.10
D,DISPATCH,UNIT_SCADA,1,"2019/08/20 14:20:00",WEMENSF1,43.70
D,DISPATCH,UNIT_SCADA,1,"2019/08/20 14:20:00",WGWF1,82.70
D,DISPATCH,UNIT_SCADA,1,"2019/08/20 14:20:00",WHITSF1,42.80
D,DISPATCH,UNIT_SCADA,1,"2019/08/20 14:20:00",WKIEWA1,0
D,DISPATCH,UNIT_SCADA,1,"2019/08/20 14:20:00",WKIEWA2,0.10
D,DISPATCH,UNIT_SCADA,1,"2019/08/20 14:20:00",WOODLWN1,40.9230
D,DISPATCH,UNIT_SCADA,1,"2019/08/20 14:20:00",WRSF1,17.97
D,DISPATCH,UNIT_SCADA,1,"2019/08/20 14:20:00",WRWF1,68.223750
D,DISPATCH,UNIT_SCADA,1,"2019/08/20 14:20:00",YABULU,0
D,DISPATCH,UNIT_SCADA,1,"2019/08/20 14:20:00",YABULU2,0
D,DISPATCH,UNIT_SCADA,1,"2019/08/20 14:20:00",YARWUN_1,0
D,DISPATCH,UNIT_SCADA,1,"2019/08/20 14:20:00",YENDWF1,41.76
D,DISPATCH,UNIT_SCADA,1,"2019/08/20 14:20:00",YWPS1,378.194950
D,DISPATCH,UNIT_SCADA,1,"2019/08/20 14:20:00",YWPS2,277.691130
D,DISPATCH,UNIT_SCADA,1,"2019/08/20 14:20:00",YWPS3,0
D,DISPATCH,UNIT_SCADA,1,"2019/08/20 14:20:00",YWPS4,401.165830
C,"END OF REPORT",334
