C,NEMP.WORLD,DISPATCHSCADA,AEMO,PUBLIC,2019/08/20,13:40:07,0000000311788216,DISPATCHSCADA,0000000311788210
I,DISPATCH,UNIT_SCADA,1,SETTLEMENTDATE,DUID,SCADAVALUE
D,DISPATCH,UNIT_SCADA,1,"2019/08/20 13:45:00",BARCSF1,18.50
D,DISPATCH,UNIT_SCADA,1,"2019/08/20 13:45:00",BUTLERSG,9.799998
D,DISPATCH,UNIT_SCADA,1,"2019/08/20 13:45:00",CALL_A_4,0
D,DISPATCH,UNIT_SCADA,1,"2019/08/20 13:45:00",CAPTL_WF,133.50
D,DISPATCH,UNIT_SCADA,1,"2019/08/20 13:45:00",CATHROCK,49.349998
D,DISPATCH,UNIT_SCADA,1,"2019/08/20 13:45:00",CHALLHWF,32.900002
D,DISPATCH,UNIT_SCADA,1,"2019/08/20 13:45:00",CLOVER,-0.02
D,DISPATCH,UNIT_SCADA,1,"2019/08/20 13:45:00",CLUNY,17.164110
D,DISPATCH,UNIT_SCADA,1,"2019/08/20 13:45:00",CNUNDAWF,39.646248
D,DISPATCH,UNIT_SCADA,1,"2019/08/20 13:45:00",CULLRGWF,30.309999
D,DISPATCH,UNIT_SCADA,1,"2019/08/20 13:45:00",ERGT01,0
D,DISPATCH,UNIT_SCADA,1,"2019/08/20 13:45:00",GB01,0.072708
D,DISPATCH,UNIT_SCADA,1,"2019/08/20 13:45:00",GERMCRK,34.799999
D,DISPATCH,UNIT_SCADA,1,"2019/08/20 13:45:00",GRIFSF1,7.700005
D,DISPATCH,UNIT_SCADA,1,"2019/08/20 13:45:00",HUGSF1,8.9890
D,DISPATCH,UNIT_SCADA,1,"2019/08/20 13:45:00",LKBONNY1,75.287796
D,DISPATCH,UNIT_SCADA,1,"2019/08/20 13:45:00",LRSF1,8.745001
D,DISPATCH,UNIT_SCADA,1,"2019/08/20 13:45:00",MBAHNTH,52.856247
D,DISPATCH,UNIT_SCADA,1,"2019/08/20 13:45:00",MLSP1,10.362001
D,DISPATCH,UNIT_SCADA,1,"2019/08/20 13:45:00",MLWF1,19.26
D,DISPATCH,UNIT_SCADA,1,"2019/08/20 13:45:00",MTMILLAR,24.392618
D,DISPATCH,UNIT_SCADA,1,"2019/08/20 13:45:00",PALOONA,7.96
D,DISPATCH,UNIT_SCADA,1,"2019/08/20 13:45:00",PIONEER,11.50
D,DISPATCH,UNIT_SCADA,1,"2019/08/20 13:45:00",PORTWF,135.50
D,DISPATCH,UNIT_SCADA,1,"2019/08/20 13:45:00",REPULSE,31.133898
D,DISPATCH,UNIT_SCADA,1,"2019/08/20 13:45:00",ROWALLAN,9.9045
D,DISPATCH,UNIT_SCADA,1,"2019/08/20 13:45:00",ROYALLA1,17.683001
D,DISPATCH,UNIT_SCADA,1,"2019/08/20 13:45:00",RPCG,10.80
D,DISPATCH,UNIT_SCADA,1,"2019/08/20 13:45:00",RUBICON,0
D,DISPATCH,UNIT_SCADA,1,"2019/08/20 13:45:00",SATGN1,0
D,DISPATCH,UNIT_SCADA,1,"2019/08/20 13:45:00",SATGS1,0
D,DISPATCH,UNIT_SCADA,1,"2019/08/20 13:45:00",STARHLWF,32.090641
D,DISPATCH,UNIT_SCADA,1,"2019/08/20 13:45:00",WAUBRAWF,111.309998
D,DISPATCH,UNIT_SCADA,1,"2019/08/20 13:45:00",WOOLNTH1,129.530014
D,DISPATCH,UNIT_SCADA,1,"2019/08/20 13:45:00",WPWF,63
D,DISPATCH,UNIT_SCADA,1,"2019/08/20 13:45:00",YAMBUKWF,30.299999
D,DISPATCH,UNIT_SCADA,1,"2019/08/20 13:45:00",YSWF1,28.60
D,DISPATCH,UNIT_SCADA,1,"2019/08/20 13:45:00",AGLHAL,0
D,DISPATCH,UNIT_SCADA,1,"2019/08/20 13:45:00",AGLSOM,0
D,DISPATCH,UNIT_SCADA,1,"2019/08/20 13:45:00",ANGAST1,0
D,DISPATCH,UNIT_SCADA,1,"2019/08/20 13:45:00",ARWF1,130.20
D,DISPATCH,UNIT_SCADA,1,"2019/08/20 13:45:00",BALBG1,8.24
D,DISPATCH,UNIT_SCADA,1,"2019/08/20 13:45:00",BALBL1,0
D,DISPATCH,UNIT_SCADA,1,"2019/08/20 13:45:00",BALDHWF1,102.8580
D,DISPATCH,UNIT_SCADA,1,"2019/08/20 13:45:00",BANN1,56.64
D,DISPATCH,UNIT_SCADA,1,"2019/08/20 13:45:00",BARCALDN,0
D,DISPATCH,UNIT_SCADA,1,"2019/08/20 13:45:00",BARRON-1,0
D,DISPATCH,UNIT_SCADA,1,"2019/08/20 13:45:00",BARRON-2,15.32
D,DISPATCH,UNIT_SCADA,1,"2019/08/20 13:45:00",BASTYAN,80.710010
D,DISPATCH,UNIT_SCADA,1,"2019/08/20 13:45:00",BBTHREE1,-1.90
D,DISPATCH,UNIT_SCADA,1,"2019/08/20 13:45:00",BBTHREE2,-2.05
D,DISPATCH,UNIT_SCADA,1,"2019/08/20 13:45:00",BBTHREE3,-1.02
D,DISPATCH,UNIT_SCADA,1,"2019/08/20 13:45:00",BDL01,0
D,DISPATCH,UNIT_SCADA,1,"2019/08/20 13:45:00",BDL02,0
D,DISPATCH,UNIT_SCADA,1,"2019/08/20 13:45:00",BERYLSF1,77.410960
D,DISPATCH,UNIT_SCADA,1,"2019/08/20 13:45:00",BLOWERNG,0
D,DISPATCH,UNIT_SCADA,1,"2019/08/20 13:45:00",BLUFF1,36.90
D,DISPATCH,UNIT_SCADA,1,"2019/08/20 13:45:00",BNGSF1,52.95
D,DISPATCH,UNIT_SCADA,1,"2019/08/20 13:45:00",BNGSF2,18.12
D,DISPATCH,UNIT_SCADA,1,"2019/08/20 13:45:00",BOCORWF1,103.76
D,DISPATCH,UNIT_SCADA,1,"2019/08/20 13:45:00",BODWF1,78.081130
D,DISPATCH,UNIT_SCADA,1,"2019/08/20 13:45:00",BRAEMAR1,0
D,DISPATCH,UNIT_SCADA,1,"2019/08/20 13:45:00",BRAEMAR2,0
D,DISPATCH,UNIT_SCADA,1,"2019/08/20 13:45:00",BRAEMAR3,0
D,DISPATCH,UNIT_SCADA,1,"2019/08/20 13:45:00",BRAEMAR5,0
D,DISPATCH,UNIT_SCADA,1,"2019/08/20 13:45:00",BRAEMAR6,0
D,DISPATCH,UNIT_SCADA,1,"2019/08/20 13:45:00",BRAEMAR7,0
D,DISPATCH,UNIT_SCADA,1,"2019/08/20 13:45:00",BROKENH1,52.938960
D,DISPATCH,UNIT_SCADA,1,"2019/08/20 13:45:00",BW01,345.199950
D,DISPATCH,UNIT_SCADA,1,"2019/08/20 13:45:00",BW02,403.650020
D,DISPATCH,UNIT_SCADA,1,"2019/08/20 13:45:00",BW03,458
D,DISPATCH,UNIT_SCADA,1,"2019/08/20 13:45:00",BW04,0
D,DISPATCH,UNIT_SCADA,1,"2019/08/20 13:45:00",CALL_B_1,350.200010
D,DISPATCH,UNIT_SCADA,1,"2019/08/20 13:45:00",CALL_B_2,290
D,DISPATCH,UNIT_SCADA,1,"2019/08/20 13:45:00",CETHANA,93.574130
D,DISPATCH,UNIT_SCADA,1,"2019/08/20 13:45:00",CG1,0
D,DISPATCH,UNIT_SCADA,1,"2019/08/20 13:45:00",CG2,0
D,DISPATCH,UNIT_SCADA,1,"2019/08/20 13:45:00",CG3,0
D,DISPATCH,UNIT_SCADA,1,"2019/08/20 13:45:00",CG4,0
D,DISPATCH,UNIT_SCADA,1,"2019/08/20 13:45:00",CHILDSF1,40.05
D,DISPATCH,UNIT_SCADA,1,"2019/08/20 13:45:00",CLARESF1,44.007420
D,DISPATCH,UNIT_SCADA,1,"2019/08/20 13:45:00",CLEMGPWF,38.538730
D,DISPATCH,UNIT_SCADA,1,"2019/08/20 13:45:00",CLERMSF1,15.06
D,DISPATCH,UNIT_SCADA,1,"2019/08/20 13:45:00",COLEASF1,100.399990
D,DISPATCH,UNIT_SCADA,1,"2019/08/20 13:45:00",COOPGWF1,31.965030
D,DISPATCH,UNIT_SCADA,1,"2019/08/20 13:45:00",CPP_3,351.450010
D,DISPATCH,UNIT_SCADA,1,"2019/08/20 13:45:00",CPP_4,352.825010
D,DISPATCH,UNIT_SCADA,1,"2019/08/20 13:45:00",CPSA,143.595630
D,DISPATCH,UNIT_SCADA,1,"2019/08/20 13:45:00",CROOKWF2,85.823750
D,DISPATCH,UNIT_SCADA,1,"2019/08/20 13:45:00",CROWLWF1,57.933820
D,DISPATCH,UNIT_SCADA,1,"2019/08/20 13:45:00",CSPVPS1,32.0210
D,DISPATCH,UNIT_SCADA,1,"2019/08/20 13:45:00",DALNTH01,0
D,DISPATCH,UNIT_SCADA,1,"2019/08/20 13:45:00",DALNTHL1,0.068670
D,DISPATCH,UNIT_SCADA,1,"2019/08/20 13:45:00",DARTM1,0
D,DISPATCH,UNIT_SCADA,1,"2019/08/20 13:45:00",DAYDSF1,108.817010
D,DISPATCH,UNIT_SCADA,1,"2019/08/20 13:45:00",DDPS1,0
D,DISPATCH,UNIT_SCADA,1,"2019/08/20 13:45:00",DDSF1,108.150790
D,DISPATCH,UNIT_SCADA,1,"2019/08/20 13:45:00",DEVILS_G,0
D,DISPATCH,UNIT_SCADA,1,"2019/08/20 13:45:00",DG_NSW1,0
D,DISPATCH,UNIT_SCADA,1,"2019/08/20 13:45:00",DG_QLD1,0
D,DISPATCH,UNIT_SCADA,1,"2019/08/20 13:45:00",DG_SA1,0
D,DISPATCH,UNIT_SCADA,1,"2019/08/20 13:45:00",DG_TAS1,0
D,DISPATCH,UNIT_SCADA,1,"2019/08/20 13:45:00",DG_VIC1,0
D,DISPATCH,UNIT_SCADA,1,"2019/08/20 13:45:00",DRYCGT1,0
D,DISPATCH,UNIT_SCADA,1,"2019/08/20 13:45:00",DRYCGT2,0
D,DISPATCH,UNIT_SCADA,1,"2019/08/20 13:45:00",DRYCGT3,0
D,DISPATCH,UNIT_SCADA,1,"2019/08/20 13:45:00",EILDON1,0
D,DISPATCH,UNIT_SCADA,1,"2019/08/20 13:45:00",EILDON2,0
D,DISPATCH,UNIT_SCADA,1,"2019/08/20 13:45:00",EMERASF1,65.82
D,DISPATCH,UNIT_SCADA,1,"2019/08/20 13:45:00",ER01,366.224980
D,DISPATCH,UNIT_SCADA,1,"2019/08/20 13:45:00",ER02,365.025020
D,DISPATCH,UNIT_SCADA,1,"2019/08/20 13:45:00",ER03,700.049930
D,DISPATCH,UNIT_SCADA,1,"2019/08/20 13:45:00",ER04,366.099980
D,DISPATCH,UNIT_SCADA,1,"2019/08/20 13:45:00",FINLYSF1,0
D,DISPATCH,UNIT_SCADA,1,"2019/08/20 13:45:00",FISHER,45.81
D,DISPATCH,UNIT_SCADA,1,"2019/08/20 13:45:00",GANNBG1,0
D,DISPATCH,UNIT_SCADA,1,"2019/08/20 13:45:00",GANNBL1,0.036490
D,DISPATCH,UNIT_SCADA,1,"2019/08/20 13:45:00",GANNSF1,14.10
D,DISPATCH,UNIT_SCADA,1,"2019/08/20 13:45:00",GORDON,0
D,DISPATCH,UNIT_SCADA,1,"2019/08/20 13:45:00",GSTONE1,110.4250
D,DISPATCH,UNIT_SCADA,1,"2019/08/20 13:45:00",GSTONE2,109.7250
D,DISPATCH,UNIT_SCADA,1,"2019/08/20 13:45:00",GSTONE3,110.0750
D,DISPATCH,UNIT_SCADA,1,"2019/08/20 13:45:00",GSTONE4,138.4250
D,DISPATCH,UNIT_SCADA,1,"2019/08/20 13:45:00",GSTONE5,141.224990
D,DISPATCH,UNIT_SCADA,1,"2019/08/20 13:45:00",GSTONE6,0
D,DISPATCH,UNIT_SCADA,1,"2019/08/20 13:45:00",GULLRSF1,5.283660
D,DISPATCH,UNIT_SCADA,1,"2019/08/20 13:45:00",GULLRWF1,150.871580
D,DISPATCH,UNIT_SCADA,1,"2019/08/20 13:45:00",GUNNING1,44.429050
D,DISPATCH,UNIT_SCADA,1,"2019/08/20 13:45:00",GUTHEGA,0
D,DISPATCH,UNIT_SCADA,1,"2019/08/20 13:45:00",HALLWF1,64.51
D,DISPATCH,UNIT_SCADA,1,"2019/08/20 13:45:00",HALLWF2,49.66
D,DISPATCH,UNIT_SCADA,1,"2019/08/20 13:45:00",HAMISF1,44.80
D,DISPATCH,UNIT_SCADA,1,"2019/08/20 13:45:00",HAUGHT11,50.046970
D,DISPATCH,UNIT_SCADA,1,"2019/08/20 13:45:00",HAYMSF1,37.9910
D,DISPATCH,UNIT_SCADA,1,"2019/08/20 13:45:00",HDWF1,70.10
D,DISPATCH,UNIT_SCADA,1,"2019/08/20 13:45:00",HDWF2,64.20
D,DISPATCH,UNIT_SCADA,1,"2019/08/20 13:45:00",HDWF3,72
D,DISPATCH,UNIT_SCADA,1,"2019/08/20 13:45:00",HPRG1,14.40
D,DISPATCH,UNIT_SCADA,1,"2019/08/20 13:45:00",HPRL1,0
D,DISPATCH,UNIT_SCADA,1,"2019/08/20 13:45:00",HUMENSW,0
D,DISPATCH,UNIT_SCADA,1,"2019/08/20 13:45:00",HUMEV,9
D,DISPATCH,UNIT_SCADA,1,"2019/08/20 13:45:00",HVGTS,0
D,DISPATCH,UNIT_SCADA,1,"2019/08/20 13:45:00",JBUTTERS,138.289990
D,DISPATCH,UNIT_SCADA,1,"2019/08/20 13:45:00",JLA01,0.50
D,DISPATCH,UNIT_SCADA,1,"2019/08/20 13:45:00",JLA02,0
D,DISPATCH,UNIT_SCADA,1,"2019/08/20 13:45:00",JLA03,0.10
D,DISPATCH,UNIT_SCADA,1,"2019/08/20 13:45:00",JLA04,0.10
D,DISPATCH,UNIT_SCADA,1,"2019/08/20 13:45:00",JLB01,0
D,DISPATCH,UNIT_SCADA,1,"2019/08/20 13:45:00",JLB02,0.10
D,DISPATCH,UNIT_SCADA,1,"2019/08/20 13:45:00",JLB03,0
D,DISPATCH,UNIT_SCADA,1,"2019/08/20 13:45:00",KAREEYA1,21.5925
D,DISPATCH,UNIT_SCADA,1,"2019/08/20 13:45:00",KAREEYA2,21.72
D,DISPATCH,UNIT_SCADA,1,"2019/08/20 13:45:00",KAREEYA3,0
D,DISPATCH,UNIT_SCADA,1,"2019/08/20 13:45:00",KAREEYA4,21.7775
D,DISPATCH,UNIT_SCADA,1,"2019/08/20 13:45:00",KARSF1,68.60
D,DISPATCH,UNIT_SCADA,1,"2019/08/20 13:45:00",KIATAWF1,30.90
D,DISPATCH,UNIT_SCADA,1,"2019/08/20 13:45:00",KPP_1,0
D,DISPATCH,UNIT_SCADA,1,"2019/08/20 13:45:00",KSP1,47.03
D,DISPATCH,UNIT_SCADA,1,"2019/08/20 13:45:00",LADBROK1,0
D,DISPATCH,UNIT_SCADA,1,"2019/08/20 13:45:00",LADBROK2,0
D,DISPATCH,UNIT_SCADA,1,"2019/08/20 13:45:00",LD01,376.406250
D,DISPATCH,UNIT_SCADA,1,"2019/08/20 13:45:00",LD02,379.762570
D,DISPATCH,UNIT_SCADA,1,"2019/08/20 13:45:00",LD03,376.968750
D,DISPATCH,UNIT_SCADA,1,"2019/08/20 13:45:00",LD04,337.743710
D,DISPATCH,UNIT_SCADA,1,"2019/08/20 13:45:00",LEM_WIL,85.503950
D,DISPATCH,UNIT_SCADA,1,"2019/08/20 13:45:00",LGAPWF1,0
D,DISPATCH,UNIT_SCADA,1,"2019/08/20 13:45:00",LILYSF1,95.420410
D,DISPATCH,UNIT_SCADA,1,"2019/08/20 13:45:00",LI_WY_CA,148.2782
D,DISPATCH,UNIT_SCADA,1,"2019/08/20 13:45:00",LKBONNY2,108.2254
D,DISPATCH,UNIT_SCADA,1,"2019/08/20 13:45:00",LKBONNY3,27.1295
D,DISPATCH,UNIT_SCADA,1,"2019/08/20 13:45:00",LK_ECHO,0
D,DISPATCH,UNIT_SCADA,1,"2019/08/20 13:45:00",LNGS1,0
D,DISPATCH,UNIT_SCADA,1,"2019/08/20 13:45:00",LNGS2,0
D,DISPATCH,UNIT_SCADA,1,"2019/08/20 13:45:00",LONSDALE,0
D,DISPATCH,UNIT_SCADA,1,"2019/08/20 13:45:00",LOYYB1,536.840520
D,DISPATCH,UNIT_SCADA,1,"2019/08/20 13:45:00",LOYYB2,583.834170
D,DISPATCH,UNIT_SCADA,1,"2019/08/20 13:45:00",LYA1,560
D,DISPATCH,UNIT_SCADA,1,"2019/08/20 13:45:00",LYA2,0
D,DISPATCH,UNIT_SCADA,1,"2019/08/20 13:45:00",LYA3,559
D,DISPATCH,UNIT_SCADA,1,"2019/08/20 13:45:00",LYA4,538
D,DISPATCH,UNIT_SCADA,1,"2019/08/20 13:45:00",MACARTH1,380.7912
D,DISPATCH,UNIT_SCADA,1,"2019/08/20 13:45:00",MACKAYGT,0
D,DISPATCH,UNIT_SCADA,1,"2019/08/20 13:45:00",MACKNTSH,85.600010
D,DISPATCH,UNIT_SCADA,1,"2019/08/20 13:45:00",MANSLR1,41.77
D,DISPATCH,UNIT_SCADA,1,"2019/08/20 13:45:00",MCKAY1,0.02
D,DISPATCH,UNIT_SCADA,1,"2019/08/20 13:45:00",MEADOWBK,33.8673
D,DISPATCH,UNIT_SCADA,1,"2019/08/20 13:45:00",MERCER01,121.9170
D,DISPATCH,UNIT_SCADA,1,"2019/08/20 13:45:00",MEWF1,59.574270
D,DISPATCH,UNIT_SCADA,1,"2019/08/20 13:45:00",MINTARO,0
D,DISPATCH,UNIT_SCADA,1,"2019/08/20 13:45:00",MOREESF1,48.93
D,DISPATCH,UNIT_SCADA,1,"2019/08/20 13:45:00",MORTLK11,128
D,DISPATCH,UNIT_SCADA,1,"2019/08/20 13:45:00",MORTLK12,0
D,DISPATCH,UNIT_SCADA,1,"2019/08/20 13:45:00",MP1,279.025020
D,DISPATCH,UNIT_SCADA,1,"2019/08/20 13:45:00",MP2,0
D,DISPATCH,UNIT_SCADA,1,"2019/08/20 13:45:00",MPP_1,354.50
D,DISPATCH,UNIT_SCADA,1,"2019/08/20 13:45:00",MPP_2,381
D,DISPATCH,UNIT_SCADA,1,"2019/08/20 13:45:00",MSTUART1,0
D,DISPATCH,UNIT_SCADA,1,"2019/08/20 13:45:00",MSTUART2,0
D,DISPATCH,UNIT_SCADA,1,"2019/08/20 13:45:00",MSTUART3,0
D,DISPATCH,UNIT_SCADA,1,"2019/08/20 13:45:00",MTGELWF1,65.0914
D,DISPATCH,UNIT_SCADA,1,"2019/08/20 13:45:00",MURRAY,0
D,DISPATCH,UNIT_SCADA,1,"2019/08/20 13:45:00",MUSSELR1,8.10
D,DISPATCH,UNIT_SCADA,1,"2019/08/20 13:45:00",MUWAWF1,56.36
D,DISPATCH,UNIT_SCADA,1,"2019/08/20 13:45:00",NBHWF1,81.80
D,DISPATCH,UNIT_SCADA,1,"2019/08/20 13:45:00",NPS,0
D,DISPATCH,UNIT_SCADA,1,"2019/08/20 13:45:00",NUMURSF1,42.02
D,DISPATCH,UNIT_SCADA,1,"2019/08/20 13:45:00",NYNGAN1,100
D,DISPATCH,UNIT_SCADA,1,"2019/08/20 13:45:00",OAKEY1,0
D,DISPATCH,UNIT_SCADA,1,"2019/08/20 13:45:00",OAKEY1SF,23.2590
D,DISPATCH,UNIT_SCADA,1,"2019/08/20 13:45:00",OAKEY2,0
D,DISPATCH,UNIT_SCADA,1,"2019/08/20 13:45:00",OAKLAND1,59.30
D,DISPATCH,UNIT_SCADA,1,"2019/08/20 13:45:00",OSB-AG,137.73
D,DISPATCH,UNIT_SCADA,1,"2019/08/20 13:45:00",PARSF1,38.50
D,DISPATCH,UNIT_SCADA,1,"2019/08/20 13:45:00",POAT110,0
D,DISPATCH,UNIT_SCADA,1,"2019/08/20 13:45:00",POAT220,1.28
D,DISPATCH,UNIT_SCADA,1,"2019/08/20 13:45:00",POR01,0
D,DISPATCH,UNIT_SCADA,1,"2019/08/20 13:45:00",POR03,0
D,DISPATCH,UNIT_SCADA,1,"2019/08/20 13:45:00",PPCCGT,125.232670
D,DISPATCH,UNIT_SCADA,1,"2019/08/20 13:45:00",PTSTAN1,0
D,DISPATCH,UNIT_SCADA,1,"2019/08/20 13:45:00",PUMP1,240.799990
D,DISPATCH,UNIT_SCADA,1,"2019/08/20 13:45:00",PUMP2,236.709990
D,DISPATCH,UNIT_SCADA,1,"2019/08/20 13:45:00",QPS1,0
D,DISPATCH,UNIT_SCADA,1,"2019/08/20 13:45:00",QPS2,0
D,DISPATCH,UNIT_SCADA,1,"2019/08/20 13:45:00",QPS3,0
D,DISPATCH,UNIT_SCADA,1,"2019/08/20 13:45:00",QPS4,0
D,DISPATCH,UNIT_SCADA,1,"2019/08/20 13:45:00",QPS5,0
D,DISPATCH,UNIT_SCADA,1,"2019/08/20 13:45:00",REECE1,115.870010
D,DISPATCH,UNIT_SCADA,1,"2019/08/20 13:45:00",REECE2,116.080010
D,DISPATCH,UNIT_SCADA,1,"2019/08/20 13:45:00",ROMA_7,0
D,DISPATCH,UNIT_SCADA,1,"2019/08/20 13:45:00",ROMA_8,0
D,DISPATCH,UNIT_SCADA,1,"2019/08/20 13:45:00",RRSF1,109.003160
D,DISPATCH,UNIT_SCADA,1,"2019/08/20 13:45:00",RT_NSW1,0
D,DISPATCH,UNIT_SCADA,1,"2019/08/20 13:45:00",RT_NSW2,0
D,DISPATCH,UNIT_SCADA,1,"2019/08/20 13:45:00",RT_NSW3,0
D,DISPATCH,UNIT_SCADA,1,"2019/08/20 13:45:00",RT_NSW4,0
D,DISPATCH,UNIT_SCADA,1,"2019/08/20 13:45:00",RT_NSW5,0
D,DISPATCH,UNIT_SCADA,1,"2019/08/20 13:45:00",RT_NSW6,0
D,DISPATCH,UNIT_SCADA,1,"2019/08/20 13:45:00",RT_QLD1,0
D,DISPATCH,UNIT_SCADA,1,"2019/08/20 13:45:00",RT_SA1,0
D,DISPATCH,UNIT_SCADA,1,"2019/08/20 13:45:00",RT_SA2,0
D,DISPATCH,UNIT_SCADA,1,"2019/08/20 13:45:00",RT_SA3,0
D,DISPATCH,UNIT_SCADA,1,"2019/08/20 13:45:00",RT_SA4,0
D,DISPATCH,UNIT_SCADA,1,"2019/08/20 13:45:00",RT_SA5,0
D,DISPATCH,UNIT_SCADA,1,"2019/08/20 13:45:00",RT_SA6,0
D,DISPATCH,UNIT_SCADA,1,"2019/08/20 13:45:00",RT_TAS1,0
D,DISPATCH,UNIT_SCADA,1,"2019/08/20 13:45:00",RT_VIC1,0
D,DISPATCH,UNIT_SCADA,1,"2019/08/20 13:45:00",RT_VIC10,0
D,DISPATCH,UNIT_SCADA,1,"2019/08/20 13:45:00",RT_VIC11,0
D,DISPATCH,UNIT_SCADA,1,"2019/08/20 13:45:00",RT_VIC12,0
D,DISPATCH,UNIT_SCADA,1,"2019/08/20 13:45:00",RT_VIC2,0
D,DISPATCH,UNIT_SCADA,1,"2019/08/20 13:45:00",RT_VIC3,0
D,DISPATCH,UNIT_SCADA,1,"2019/08/20 13:45:00",RT_VIC4,0
D,DISPATCH,UNIT_SCADA,1,"2019/08/20 13:45:00",RT_VIC5,0
D,DISPATCH,UNIT_SCADA,1,"2019/08/20 13:45:00",RT_VIC6,0
D,DISPATCH,UNIT_SCADA,1,"2019/08/20 13:45:00",RT_VIC7,0
D,DISPATCH,UNIT_SCADA,1,"2019/08/20 13:45:00",RT_VIC8,0
D,DISPATCH,UNIT_SCADA,1,"2019/08/20 13:45:00",RT_VIC9,0
D,DISPATCH,UNIT_SCADA,1,"2019/08/20 13:45:00",RUGBYR1,44.658690
D,DISPATCH,UNIT_SCADA,1,"2019/08/20 13:45:00",SALTCRK1,52.13
D,DISPATCH,UNIT_SCADA,1,"2019/08/20 13:45:00",SAPHWF1,88.575010
D,DISPATCH,UNIT_SCADA,1,"2019/08/20 13:45:00",SHGEN,0
D,DISPATCH,UNIT_SCADA,1,"2019/08/20 13:45:00",SHPUMP,0
D,DISPATCH,UNIT_SCADA,1,"2019/08/20 13:45:00",SITHE01,0.005650
D,DISPATCH,UNIT_SCADA,1,"2019/08/20 13:45:00",SMCSF1,82.9397
D,DISPATCH,UNIT_SCADA,1,"2019/08/20 13:45:00",SNOWNTH1,99
D,DISPATCH,UNIT_SCADA,1,"2019/08/20 13:45:00",SNOWSTH1,84.600010
D,DISPATCH,UNIT_SCADA,1,"2019/08/20 13:45:00",SNOWTWN1,66.967540
D,DISPATCH,UNIT_SCADA,1,"2019/08/20 13:45:00",SNOWYP,378.299990
D,DISPATCH,UNIT_SCADA,1,"2019/08/20 13:45:00",SNUG1,0.019440
D,DISPATCH,UNIT_SCADA,1,"2019/08/20 13:45:00",SRSF1,35.25
D,DISPATCH,UNIT_SCADA,1,"2019/08/20 13:45:00",STAN-1,0
D,DISPATCH,UNIT_SCADA,1,"2019/08/20 13:45:00",STAN-2,281.209720
D,DISPATCH,UNIT_SCADA,1,"2019/08/20 13:45:00",STAN-3,282.247960
D,DISPATCH,UNIT_SCADA,1,"2019/08/20 13:45:00",STAN-4,279.722840
D,DISPATCH,UNIT_SCADA,1,"2019/08/20 13:45:00",STWF1,6.66
D,DISPATCH,UNIT_SCADA,1,"2019/08/20 13:45:00",SWAN_E,0
D,DISPATCH,UNIT_SCADA,1,"2019/08/20 13:45:00",TALWA1,191
D,DISPATCH,UNIT_SCADA,1,"2019/08/20 13:45:00",TARALGA1,102.2930
D,DISPATCH,UNIT_SCADA,1,"2019/08/20 13:45:00",TARONG#1,281.700010
D,DISPATCH,UNIT_SCADA,1,"2019/08/20 13:45:00",TARONG#2,283.200010
D,DISPATCH,UNIT_SCADA,1,"2019/08/20 13:45:00",TARONG#3,260.800020
D,DISPATCH,UNIT_SCADA,1,"2019/08/20 13:45:00",TARONG#4,280.50
D,DISPATCH,UNIT_SCADA,1,"2019/08/20 13:45:00",TARRALEA,86.90
D,DISPATCH,UNIT_SCADA,1,"2019/08/20 13:45:00",TBSF1,25
D,DISPATCH,UNIT_SCADA,1,"2019/08/20 13:45:00",TNPS1,441.700010
D,DISPATCH,UNIT_SCADA,1,"2019/08/20 13:45:00",TORRA1,42.9136
D,DISPATCH,UNIT_SCADA,1,"2019/08/20 13:45:00",TORRA2,0
D,DISPATCH,UNIT_SCADA,1,"2019/08/20 13:45:00",TORRA3,0
D,DISPATCH,UNIT_SCADA,1,"2019/08/20 13:45:00",TORRA4,0
D,DISPATCH,UNIT_SCADA,1,"2019/08/20 13:45:00",TORRB1,40.07
D,DISPATCH,UNIT_SCADA,1,"2019/08/20 13:45:00",TORRB2,39.96
D,DISPATCH,UNIT_SCADA,1,"2019/08/20 13:45:00",TORRB3,0
D,DISPATCH,UNIT_SCADA,1,"2019/08/20 13:45:00",TORRB4,0
D,DISPATCH,UNIT_SCADA,1,"2019/08/20 13:45:00",TREVALLN,44.240010
D,DISPATCH,UNIT_SCADA,1,"2019/08/20 13:45:00",TRIBUTE,0
D,DISPATCH,UNIT_SCADA,1,"2019/08/20 13:45:00",TUMUT3,0
D,DISPATCH,UNIT_SCADA,1,"2019/08/20 13:45:00",TUNGATIN,125.660030
D,DISPATCH,UNIT_SCADA,1,"2019/08/20 13:45:00",TVCC201,0
D,DISPATCH,UNIT_SCADA,1,"2019/08/20 13:45:00",TVPP104,0
D,DISPATCH,UNIT_SCADA,1,"2019/08/20 13:45:00",UPPTUMUT,0
D,DISPATCH,UNIT_SCADA,1,"2019/08/20 13:45:00",URANQ11,0
D,DISPATCH,UNIT_SCADA,1,"2019/08/20 13:45:00",URANQ12,0
D,DISPATCH,UNIT_SCADA,1,"2019/08/20 13:45:00",URANQ13,0
D,DISPATCH,UNIT_SCADA,1,"2019/08/20 13:45:00",URANQ14,0
D,DISPATCH,UNIT_SCADA,1,"2019/08/20 13:45:00",VP5,276.225010
D,DISPATCH,UNIT_SCADA,1,"2019/08/20 13:45:00",VP6,277.725010
D,DISPATCH,UNIT_SCADA,1,"2019/08/20 13:45:00",VPGS1,0
D,DISPATCH,UNIT_SCADA,1,"2019/08/20 13:45:00",VPGS2,0
D,DISPATCH,UNIT_SCADA,1,"2019/08/20 13:45:00",VPGS3,0
D,DISPATCH,UNIT_SCADA,1,"2019/08/20 13:45:00",VPGS4,0
D,DISPATCH,UNIT_SCADA,1,"2019/08/20 13:45:00",VPGS5,0
D,DISPATCH,UNIT_SCADA,1,"2019/08/20 13:45:00",VPGS6,0
D,DISPATCH,UNIT_SCADA,1,"2019/08/20 13:45:00",W/HOE#1,0
D,DISPATCH,UNIT_SCADA,1,"2019/08/20 13:45:00",W/HOE#2,0
D,DISPATCH,UNIT_SCADA,1,"2019/08/20 13:45:00",WATERLWF,90.20
D,DISPATCH,UNIT_SCADA,1,"2019/08/20 13:45:00",WEMENSF1,75.60
D,DISPATCH,UNIT_SCADA,1,"2019/08/20 13:45:00",WGWF1,82.50
D,DISPATCH,UNIT_SCADA,1,"2019/08/20 13:45:00",WHITSF1,42.60
D,DISPATCH,UNIT_SCADA,1,"2019/08/20 13:45:00",WKIEWA1,0
D,DISPATCH,UNIT_SCADA,1,"2019/08/20 13:45:00",WKIEWA2,0.10
D,DISPATCH,UNIT_SCADA,1,"2019/08/20 13:45:00",WOODLWN1,40.760990
D,DISPATCH,UNIT_SCADA,1,"2019/08/20 13:45:00",WRSF1,19.56
D,DISPATCH,UNIT_SCADA,1,"2019/08/20 13:45:00",WRWF1,51.811250
D,DISPATCH,UNIT_SCADA,1,"2019/08/20 13:45:00",YABULU,0
D,DISPATCH,UNIT_SCADA,1,"2019/08/20 13:45:00",YABULU2,0
D,DISPATCH,UNIT_SCADA,1,"2019/08/20 13:45:00",YARWUN_1,0
D,DISPATCH,UNIT_SCADA,1,"2019/08/20 13:45:00",YENDWF1,41.94
D,DISPATCH,UNIT_SCADA,1,"2019/08/20 13:45:00",YWPS1,378.946840
D,DISPATCH,UNIT_SCADA,1,"2019/08/20 13:45:00",YWPS2,279.194950
D,DISPATCH,UNIT_SCADA,1,"2019/08/20 13:45:00",YWPS3,0
D,DISPATCH,UNIT_SCADA,1,"2019/08/20 13:45:00",YWPS4,396.084810
C,"END OF REPORT",334
