C,NEMP.WORLD,DISPATCHSCADA,AEMO,PUBLIC,2019/08/21,17:55:07,0000000311835549,DISPATCHSCADA,0000000311835543
I,DISPATCH,UNIT_SCADA,1,SETTLEMENTDATE,DUID,SCADAVALUE
D,DISPATCH,UNIT_SCADA,1,"2019/08/21 18:00:00",BARCSF1,0.70
D,DISPATCH,UNIT_SCADA,1,"2019/08/21 18:00:00",BUTLERSG,9.599998
D,DISPATCH,UNIT_SCADA,1,"2019/08/21 18:00:00",CALL_A_4,0
D,DISPATCH,UNIT_SCADA,1,"2019/08/21 18:00:00",CAPTL_WF,132.188004
D,DISPATCH,UNIT_SCADA,1,"2019/08/21 18:00:00",CATHROCK,27.959999
D,DISPATCH,UNIT_SCADA,1,"2019/08/21 18:00:00",CHALLHWF,31.50
D,DISPATCH,UNIT_SCADA,1,"2019/08/21 18:00:00",CLOVER,-0.01
D,DISPATCH,UNIT_SCADA,1,"2019/08/21 18:00:00",CLUNY,20.140535
D,DISPATCH,UNIT_SCADA,1,"2019/08/21 18:00:00",CNUNDAWF,39.846481
D,DISPATCH,UNIT_SCADA,1,"2019/08/21 18:00:00",CULLRGWF,27.950001
D,DISPATCH,UNIT_SCADA,1,"2019/08/21 18:00:00",ERGT01,0
D,DISPATCH,UNIT_SCADA,1,"2019/08/21 18:00:00",GB01,0.069134
D,DISPATCH,UNIT_SCADA,1,"2019/08/21 18:00:00",GERMCRK,35.900002
D,DISPATCH,UNIT_SCADA,1,"2019/08/21 18:00:00",GRIFSF1,0
D,DISPATCH,UNIT_SCADA,1,"2019/08/21 18:00:00",HUGSF1,0.1580
D,DISPATCH,UNIT_SCADA,1,"2019/08/21 18:00:00",LKBONNY1,72.697823
D,DISPATCH,UNIT_SCADA,1,"2019/08/21 18:00:00",LRSF1,0.24
D,DISPATCH,UNIT_SCADA,1,"2019/08/21 18:00:00",MBAHNTH,55.856247
D,DISPATCH,UNIT_SCADA,1,"2019/08/21 18:00:00",MLSP1,0.271001
D,DISPATCH,UNIT_SCADA,1,"2019/08/21 18:00:00",MLWF1,19.110001
D,DISPATCH,UNIT_SCADA,1,"2019/08/21 18:00:00",MTMILLAR,14.845416
D,DISPATCH,UNIT_SCADA,1,"2019/08/21 18:00:00",PALOONA,24.059999
D,DISPATCH,UNIT_SCADA,1,"2019/08/21 18:00:00",PIONEER,30.700001
D,DISPATCH,UNIT_SCADA,1,"2019/08/21 18:00:00",PORTWF,141
D,DISPATCH,UNIT_SCADA,1,"2019/08/21 18:00:00",REPULSE,28.663157
D,DISPATCH,UNIT_SCADA,1,"2019/08/21 18:00:00",ROWALLAN,10.2311
D,DISPATCH,UNIT_SCADA,1,"2019/08/21 18:00:00",ROYALLA1,0
D,DISPATCH,UNIT_SCADA,1,"2019/08/21 18:00:00",RPCG,10.20
D,DISPATCH,UNIT_SCADA,1,"2019/08/21 18:00:00",RUBICON,0
D,DISPATCH,UNIT_SCADA,1,"2019/08/21 18:00:00",SATGN1,0
D,DISPATCH,UNIT_SCADA,1,"2019/08/21 18:00:00",SATGS1,0
D,DISPATCH,UNIT_SCADA,1,"2019/08/21 18:00:00",STARHLWF,3.698921
D,DISPATCH,UNIT_SCADA,1,"2019/08/21 18:00:00",WAUBRAWF,144.945999
D,DISPATCH,UNIT_SCADA,1,"2019/08/21 18:00:00",WOOLNTH1,131.680023
D,DISPATCH,UNIT_SCADA,1,"2019/08/21 18:00:00",WPWF,60
D,DISPATCH,UNIT_SCADA,1,"2019/08/21 18:00:00",YAMBUKWF,30.10
D,DISPATCH,UNIT_SCADA,1,"2019/08/21 18:00:00",YSWF1,28.700001
D,DISPATCH,UNIT_SCADA,1,"2019/08/21 18:00:00",AGLHAL,0
D,DISPATCH,UNIT_SCADA,1,"2019/08/21 18:00:00",AGLSOM,0
D,DISPATCH,UNIT_SCADA,1,"2019/08/21 18:00:00",ANGAST1,0
D,DISPATCH,UNIT_SCADA,1,"2019/08/21 18:00:00",ARWF1,112.399990
D,DISPATCH,UNIT_SCADA,1,"2019/08/21 18:00:00",BALBG1,2.38
D,DISPATCH,UNIT_SCADA,1,"2019/08/21 18:00:00",BALBL1,0
D,DISPATCH,UNIT_SCADA,1,"2019/08/21 18:00:00",BALDHWF1,101.3270
D,DISPATCH,UNIT_SCADA,1,"2019/08/21 18:00:00",BANN1,0.53
D,DISPATCH,UNIT_SCADA,1,"2019/08/21 18:00:00",BARCALDN,0
D,DISPATCH,UNIT_SCADA,1,"2019/08/21 18:00:00",BARRON-1,0
D,DISPATCH,UNIT_SCADA,1,"2019/08/21 18:00:00",BARRON-2,27.32
D,DISPATCH,UNIT_SCADA,1,"2019/08/21 18:00:00",BASTYAN,78.060010
D,DISPATCH,UNIT_SCADA,1,"2019/08/21 18:00:00",BBTHREE1,-1.84
D,DISPATCH,UNIT_SCADA,1,"2019/08/21 18:00:00",BBTHREE2,-1.90
D,DISPATCH,UNIT_SCADA,1,"2019/08/21 18:00:00",BBTHREE3,0
D,DISPATCH,UNIT_SCADA,1,"2019/08/21 18:00:00",BDL01,42.72
D,DISPATCH,UNIT_SCADA,1,"2019/08/21 18:00:00",BDL02,0
D,DISPATCH,UNIT_SCADA,1,"2019/08/21 18:00:00",BERYLSF1,0
D,DISPATCH,UNIT_SCADA,1,"2019/08/21 18:00:00",BLOWERNG,0
D,DISPATCH,UNIT_SCADA,1,"2019/08/21 18:00:00",BLUFF1,35
D,DISPATCH,UNIT_SCADA,1,"2019/08/21 18:00:00",BNGSF1,10.02
D,DISPATCH,UNIT_SCADA,1,"2019/08/21 18:00:00",BNGSF2,3.02
D,DISPATCH,UNIT_SCADA,1,"2019/08/21 18:00:00",BOCORWF1,111.24
D,DISPATCH,UNIT_SCADA,1,"2019/08/21 18:00:00",BODWF1,82.025070
D,DISPATCH,UNIT_SCADA,1,"2019/08/21 18:00:00",BRAEMAR1,0
D,DISPATCH,UNIT_SCADA,1,"2019/08/21 18:00:00",BRAEMAR2,173.200010
D,DISPATCH,UNIT_SCADA,1,"2019/08/21 18:00:00",BRAEMAR3,0
D,DISPATCH,UNIT_SCADA,1,"2019/08/21 18:00:00",BRAEMAR5,0
D,DISPATCH,UNIT_SCADA,1,"2019/08/21 18:00:00",BRAEMAR6,0
D,DISPATCH,UNIT_SCADA,1,"2019/08/21 18:00:00",BRAEMAR7,0
D,DISPATCH,UNIT_SCADA,1,"2019/08/21 18:00:00",BROKENH1,1.024410
D,DISPATCH,UNIT_SCADA,1,"2019/08/21 18:00:00",BW01,634.799930
D,DISPATCH,UNIT_SCADA,1,"2019/08/21 18:00:00",BW02,634.724980
D,DISPATCH,UNIT_SCADA,1,"2019/08/21 18:00:00",BW03,645.199950
D,DISPATCH,UNIT_SCADA,1,"2019/08/21 18:00:00",BW04,0
D,DISPATCH,UNIT_SCADA,1,"2019/08/21 18:00:00",CALL_B_1,350.100010
D,DISPATCH,UNIT_SCADA,1,"2019/08/21 18:00:00",CALL_B_2,350.300020
D,DISPATCH,UNIT_SCADA,1,"2019/08/21 18:00:00",CETHANA,99.681370
D,DISPATCH,UNIT_SCADA,1,"2019/08/21 18:00:00",CG1,0
D,DISPATCH,UNIT_SCADA,1,"2019/08/21 18:00:00",CG2,0
D,DISPATCH,UNIT_SCADA,1,"2019/08/21 18:00:00",CG3,0
D,DISPATCH,UNIT_SCADA,1,"2019/08/21 18:00:00",CG4,0
D,DISPATCH,UNIT_SCADA,1,"2019/08/21 18:00:00",CHILDSF1,0.01
D,DISPATCH,UNIT_SCADA,1,"2019/08/21 18:00:00",CLARESF1,0
D,DISPATCH,UNIT_SCADA,1,"2019/08/21 18:00:00",CLEMGPWF,18.368930
D,DISPATCH,UNIT_SCADA,1,"2019/08/21 18:00:00",CLERMSF1,0.50
D,DISPATCH,UNIT_SCADA,1,"2019/08/21 18:00:00",COLEASF1,0
D,DISPATCH,UNIT_SCADA,1,"2019/08/21 18:00:00",COOPGWF1,24.585740
D,DISPATCH,UNIT_SCADA,1,"2019/08/21 18:00:00",CPP_3,405.899990
D,DISPATCH,UNIT_SCADA,1,"2019/08/21 18:00:00",CPP_4,403.975010
D,DISPATCH,UNIT_SCADA,1,"2019/08/21 18:00:00",CPSA,141.403120
D,DISPATCH,UNIT_SCADA,1,"2019/08/21 18:00:00",CROOKWF2,91.803740
D,DISPATCH,UNIT_SCADA,1,"2019/08/21 18:00:00",CROWLWF1,27.045890
D,DISPATCH,UNIT_SCADA,1,"2019/08/21 18:00:00",CSPVPS1,0.2540
D,DISPATCH,UNIT_SCADA,1,"2019/08/21 18:00:00",DALNTH01,0
D,DISPATCH,UNIT_SCADA,1,"2019/08/21 18:00:00",DALNTHL1,0.080870
D,DISPATCH,UNIT_SCADA,1,"2019/08/21 18:00:00",DARTM1,134.50
D,DISPATCH,UNIT_SCADA,1,"2019/08/21 18:00:00",DAYDSF1,0
D,DISPATCH,UNIT_SCADA,1,"2019/08/21 18:00:00",DDPS1,348.888180
D,DISPATCH,UNIT_SCADA,1,"2019/08/21 18:00:00",DDSF1,0
D,DISPATCH,UNIT_SCADA,1,"2019/08/21 18:00:00",DEVILS_G,0
D,DISPATCH,UNIT_SCADA,1,"2019/08/21 18:00:00",DG_NSW1,0
D,DISPATCH,UNIT_SCADA,1,"2019/08/21 18:00:00",DG_QLD1,0
D,DISPATCH,UNIT_SCADA,1,"2019/08/21 18:00:00",DG_SA1,0
D,DISPATCH,UNIT_SCADA,1,"2019/08/21 18:00:00",DG_TAS1,0
D,DISPATCH,UNIT_SCADA,1,"2019/08/21 18:00:00",DG_VIC1,0
D,DISPATCH,UNIT_SCADA,1,"2019/08/21 18:00:00",DRYCGT1,0
D,DISPATCH,UNIT_SCADA,1,"2019/08/21 18:00:00",DRYCGT2,0
D,DISPATCH,UNIT_SCADA,1,"2019/08/21 18:00:00",DRYCGT3,0
D,DISPATCH,UNIT_SCADA,1,"2019/08/21 18:00:00",EILDON1,0
D,DISPATCH,UNIT_SCADA,1,"2019/08/21 18:00:00",EILDON2,0
D,DISPATCH,UNIT_SCADA,1,"2019/08/21 18:00:00",EMERASF1,0
D,DISPATCH,UNIT_SCADA,1,"2019/08/21 18:00:00",ER01,575.699950
D,DISPATCH,UNIT_SCADA,1,"2019/08/21 18:00:00",ER02,603.674930
D,DISPATCH,UNIT_SCADA,1,"2019/08/21 18:00:00",ER03,698.349980
D,DISPATCH,UNIT_SCADA,1,"2019/08/21 18:00:00",ER04,683.3999
D,DISPATCH,UNIT_SCADA,1,"2019/08/21 18:00:00",FINLYSF1,0
D,DISPATCH,UNIT_SCADA,1,"2019/08/21 18:00:00",FISHER,45.75
D,DISPATCH,UNIT_SCADA,1,"2019/08/21 18:00:00",GANNBG1,1.698310
D,DISPATCH,UNIT_SCADA,1,"2019/08/21 18:00:00",GANNBL1,0
D,DISPATCH,UNIT_SCADA,1,"2019/08/21 18:00:00",GANNSF1,0
D,DISPATCH,UNIT_SCADA,1,"2019/08/21 18:00:00",GORDON,105.986720
D,DISPATCH,UNIT_SCADA,1,"2019/08/21 18:00:00",GSTONE1,225.05
D,DISPATCH,UNIT_SCADA,1,"2019/08/21 18:00:00",GSTONE2,220.3250
D,DISPATCH,UNIT_SCADA,1,"2019/08/21 18:00:00",GSTONE3,262.149990
D,DISPATCH,UNIT_SCADA,1,"2019/08/21 18:00:00",GSTONE4,225.05
D,DISPATCH,UNIT_SCADA,1,"2019/08/21 18:00:00",GSTONE5,225.399990
D,DISPATCH,UNIT_SCADA,1,"2019/08/21 18:00:00",GSTONE6,0
D,DISPATCH,UNIT_SCADA,1,"2019/08/21 18:00:00",GULLRSF1,0
D,DISPATCH,UNIT_SCADA,1,"2019/08/21 18:00:00",GULLRWF1,155.110750
D,DISPATCH,UNIT_SCADA,1,"2019/08/21 18:00:00",GUNNING1,46.484140
D,DISPATCH,UNIT_SCADA,1,"2019/08/21 18:00:00",GUTHEGA,30.90
D,DISPATCH,UNIT_SCADA,1,"2019/08/21 18:00:00",HALLWF1,48.89
D,DISPATCH,UNIT_SCADA,1,"2019/08/21 18:00:00",HALLWF2,41.75
D,DISPATCH,UNIT_SCADA,1,"2019/08/21 18:00:00",HAMISF1,0
D,DISPATCH,UNIT_SCADA,1,"2019/08/21 18:00:00",HAUGHT11,0
D,DISPATCH,UNIT_SCADA,1,"2019/08/21 18:00:00",HAYMSF1,0
D,DISPATCH,UNIT_SCADA,1,"2019/08/21 18:00:00",HDWF1,47.70
D,DISPATCH,UNIT_SCADA,1,"2019/08/21 18:00:00",HDWF2,39
D,DISPATCH,UNIT_SCADA,1,"2019/08/21 18:00:00",HDWF3,46.90
D,DISPATCH,UNIT_SCADA,1,"2019/08/21 18:00:00",HPRG1,2.60
D,DISPATCH,UNIT_SCADA,1,"2019/08/21 18:00:00",HPRL1,0
D,DISPATCH,UNIT_SCADA,1,"2019/08/21 18:00:00",HUMENSW,0
D,DISPATCH,UNIT_SCADA,1,"2019/08/21 18:00:00",HUMEV,9.80
D,DISPATCH,UNIT_SCADA,1,"2019/08/21 18:00:00",HVGTS,0
D,DISPATCH,UNIT_SCADA,1,"2019/08/21 18:00:00",JBUTTERS,137.36
D,DISPATCH,UNIT_SCADA,1,"2019/08/21 18:00:00",JLA01,0.50
D,DISPATCH,UNIT_SCADA,1,"2019/08/21 18:00:00",JLA02,0
D,DISPATCH,UNIT_SCADA,1,"2019/08/21 18:00:00",JLA03,0.10
D,DISPATCH,UNIT_SCADA,1,"2019/08/21 18:00:00",JLA04,0.10
D,DISPATCH,UNIT_SCADA,1,"2019/08/21 18:00:00",JLB01,0
D,DISPATCH,UNIT_SCADA,1,"2019/08/21 18:00:00",JLB02,0.10
D,DISPATCH,UNIT_SCADA,1,"2019/08/21 18:00:00",JLB03,0
D,DISPATCH,UNIT_SCADA,1,"2019/08/21 18:00:00",KAREEYA1,21.5025
D,DISPATCH,UNIT_SCADA,1,"2019/08/21 18:00:00",KAREEYA2,21.73
D,DISPATCH,UNIT_SCADA,1,"2019/08/21 18:00:00",KAREEYA3,0
D,DISPATCH,UNIT_SCADA,1,"2019/08/21 18:00:00",KAREEYA4,21.6750
D,DISPATCH,UNIT_SCADA,1,"2019/08/21 18:00:00",KARSF1,1
D,DISPATCH,UNIT_SCADA,1,"2019/08/21 18:00:00",KIATAWF1,27
D,DISPATCH,UNIT_SCADA,1,"2019/08/21 18:00:00",KPP_1,0
D,DISPATCH,UNIT_SCADA,1,"2019/08/21 18:00:00",KSP1,3.42
D,DISPATCH,UNIT_SCADA,1,"2019/08/21 18:00:00",LADBROK1,5.58
D,DISPATCH,UNIT_SCADA,1,"2019/08/21 18:00:00",LADBROK2,29
D,DISPATCH,UNIT_SCADA,1,"2019/08/21 18:00:00",LD01,420.712460
D,DISPATCH,UNIT_SCADA,1,"2019/08/21 18:00:00",LD02,419.024960
D,DISPATCH,UNIT_SCADA,1,"2019/08/21 18:00:00",LD03,419.212550
D,DISPATCH,UNIT_SCADA,1,"2019/08/21 18:00:00",LD04,374.512480
D,DISPATCH,UNIT_SCADA,1,"2019/08/21 18:00:00",LEM_WIL,85.9040
D,DISPATCH,UNIT_SCADA,1,"2019/08/21 18:00:00",LGAPWF1,14.76
D,DISPATCH,UNIT_SCADA,1,"2019/08/21 18:00:00",LILYSF1,0
D,DISPATCH,UNIT_SCADA,1,"2019/08/21 18:00:00",LI_WY_CA,149.3168
D,DISPATCH,UNIT_SCADA,1,"2019/08/21 18:00:00",LKBONNY2,151.484710
D,DISPATCH,UNIT_SCADA,1,"2019/08/21 18:00:00",LKBONNY3,34.553830
D,DISPATCH,UNIT_SCADA,1,"2019/08/21 18:00:00",LK_ECHO,0
D,DISPATCH,UNIT_SCADA,1,"2019/08/21 18:00:00",LNGS1,0
D,DISPATCH,UNIT_SCADA,1,"2019/08/21 18:00:00",LNGS2,0
D,DISPATCH,UNIT_SCADA,1,"2019/08/21 18:00:00",LONSDALE,0
D,DISPATCH,UNIT_SCADA,1,"2019/08/21 18:00:00",LOYYB1,536.840520
D,DISPATCH,UNIT_SCADA,1,"2019/08/21 18:00:00",LOYYB2,581.578490
D,DISPATCH,UNIT_SCADA,1,"2019/08/21 18:00:00",LYA1,559
D,DISPATCH,UNIT_SCADA,1,"2019/08/21 18:00:00",LYA2,0
D,DISPATCH,UNIT_SCADA,1,"2019/08/21 18:00:00",LYA3,559
D,DISPATCH,UNIT_SCADA,1,"2019/08/21 18:00:00",LYA4,529
D,DISPATCH,UNIT_SCADA,1,"2019/08/21 18:00:00",MACARTH1,333.492310
D,DISPATCH,UNIT_SCADA,1,"2019/08/21 18:00:00",MACKAYGT,0
D,DISPATCH,UNIT_SCADA,1,"2019/08/21 18:00:00",MACKNTSH,84.44
D,DISPATCH,UNIT_SCADA,1,"2019/08/21 18:00:00",MANSLR1,0
D,DISPATCH,UNIT_SCADA,1,"2019/08/21 18:00:00",MCKAY1,0.02
D,DISPATCH,UNIT_SCADA,1,"2019/08/21 18:00:00",MEADOWBK,33.667240
D,DISPATCH,UNIT_SCADA,1,"2019/08/21 18:00:00",MERCER01,117.5280
D,DISPATCH,UNIT_SCADA,1,"2019/08/21 18:00:00",MEWF1,47.970310
D,DISPATCH,UNIT_SCADA,1,"2019/08/21 18:00:00",MINTARO,0
D,DISPATCH,UNIT_SCADA,1,"2019/08/21 18:00:00",MOREESF1,0
D,DISPATCH,UNIT_SCADA,1,"2019/08/21 18:00:00",MORTLK11,0
D,DISPATCH,UNIT_SCADA,1,"2019/08/21 18:00:00",MORTLK12,0
D,DISPATCH,UNIT_SCADA,1,"2019/08/21 18:00:00",MP1,276.50
D,DISPATCH,UNIT_SCADA,1,"2019/08/21 18:00:00",MP2,0
D,DISPATCH,UNIT_SCADA,1,"2019/08/21 18:00:00",MPP_1,299.25
D,DISPATCH,UNIT_SCADA,1,"2019/08/21 18:00:00",MPP_2,435.25
D,DISPATCH,UNIT_SCADA,1,"2019/08/21 18:00:00",MSTUART1,0
D,DISPATCH,UNIT_SCADA,1,"2019/08/21 18:00:00",MSTUART2,0
D,DISPATCH,UNIT_SCADA,1,"2019/08/21 18:00:00",MSTUART3,0
D,DISPATCH,UNIT_SCADA,1,"2019/08/21 18:00:00",MTGELWF1,64.532910
D,DISPATCH,UNIT_SCADA,1,"2019/08/21 18:00:00",MURRAY,-4.139990
D,DISPATCH,UNIT_SCADA,1,"2019/08/21 18:00:00",MUSSELR1,159.899990
D,DISPATCH,UNIT_SCADA,1,"2019/08/21 18:00:00",MUWAWF1,54.35
D,DISPATCH,UNIT_SCADA,1,"2019/08/21 18:00:00",NBHWF1,64
D,DISPATCH,UNIT_SCADA,1,"2019/08/21 18:00:00",NPS,365.25
D,DISPATCH,UNIT_SCADA,1,"2019/08/21 18:00:00",NUMURSF1,0
D,DISPATCH,UNIT_SCADA,1,"2019/08/21 18:00:00",NYNGAN1,0
D,DISPATCH,UNIT_SCADA,1,"2019/08/21 18:00:00",OAKEY1,0
D,DISPATCH,UNIT_SCADA,1,"2019/08/21 18:00:00",OAKEY1SF,0.0510
D,DISPATCH,UNIT_SCADA,1,"2019/08/21 18:00:00",OAKEY2,0
D,DISPATCH,UNIT_SCADA,1,"2019/08/21 18:00:00",OAKLAND1,56.30
D,DISPATCH,UNIT_SCADA,1,"2019/08/21 18:00:00",OSB-AG,0
D,DISPATCH,UNIT_SCADA,1,"2019/08/21 18:00:00",PARSF1,0
D,DISPATCH,UNIT_SCADA,1,"2019/08/21 18:00:00",POAT110,42.156880
D,DISPATCH,UNIT_SCADA,1,"2019/08/21 18:00:00",POAT220,93.306560
D,DISPATCH,UNIT_SCADA,1,"2019/08/21 18:00:00",POR01,0
D,DISPATCH,UNIT_SCADA,1,"2019/08/21 18:00:00",POR03,0
D,DISPATCH,UNIT_SCADA,1,"2019/08/21 18:00:00",PPCCGT,403.070010
D,DISPATCH,UNIT_SCADA,1,"2019/08/21 18:00:00",PTSTAN1,0
D,DISPATCH,UNIT_SCADA,1,"2019/08/21 18:00:00",PUMP1,0
D,DISPATCH,UNIT_SCADA,1,"2019/08/21 18:00:00",PUMP2,0
D,DISPATCH,UNIT_SCADA,1,"2019/08/21 18:00:00",QPS1,0
D,DISPATCH,UNIT_SCADA,1,"2019/08/21 18:00:00",QPS2,0
D,DISPATCH,UNIT_SCADA,1,"2019/08/21 18:00:00",QPS3,0
D,DISPATCH,UNIT_SCADA,1,"2019/08/21 18:00:00",QPS4,0
D,DISPATCH,UNIT_SCADA,1,"2019/08/21 18:00:00",QPS5,0
D,DISPATCH,UNIT_SCADA,1,"2019/08/21 18:00:00",REECE1,116.540010
D,DISPATCH,UNIT_SCADA,1,"2019/08/21 18:00:00",REECE2,115.690010
D,DISPATCH,UNIT_SCADA,1,"2019/08/21 18:00:00",ROMA_7,0
D,DISPATCH,UNIT_SCADA,1,"2019/08/21 18:00:00",ROMA_8,0
D,DISPATCH,UNIT_SCADA,1,"2019/08/21 18:00:00",RRSF1,0
D,DISPATCH,UNIT_SCADA,1,"2019/08/21 18:00:00",RT_NSW1,0
D,DISPATCH,UNIT_SCADA,1,"2019/08/21 18:00:00",RT_NSW2,0
D,DISPATCH,UNIT_SCADA,1,"2019/08/21 18:00:00",RT_NSW3,0
D,DISPATCH,UNIT_SCADA,1,"2019/08/21 18:00:00",RT_NSW4,0
D,DISPATCH,UNIT_SCADA,1,"2019/08/21 18:00:00",RT_NSW5,0
D,DISPATCH,UNIT_SCADA,1,"2019/08/21 18:00:00",RT_NSW6,0
D,DISPATCH,UNIT_SCADA,1,"2019/08/21 18:00:00",RT_QLD1,0
D,DISPATCH,UNIT_SCADA,1,"2019/08/21 18:00:00",RT_SA1,0
D,DISPATCH,UNIT_SCADA,1,"2019/08/21 18:00:00",RT_SA2,0
D,DISPATCH,UNIT_SCADA,1,"2019/08/21 18:00:00",RT_SA3,0
D,DISPATCH,UNIT_SCADA,1,"2019/08/21 18:00:00",RT_SA4,0
D,DISPATCH,UNIT_SCADA,1,"2019/08/21 18:00:00",RT_SA5,0
D,DISPATCH,UNIT_SCADA,1,"2019/08/21 18:00:00",RT_SA6,0
D,DISPATCH,UNIT_SCADA,1,"2019/08/21 18:00:00",RT_TAS1,0
D,DISPATCH,UNIT_SCADA,1,"2019/08/21 18:00:00",RT_VIC1,0
D,DISPATCH,UNIT_SCADA,1,"2019/08/21 18:00:00",RT_VIC10,0
D,DISPATCH,UNIT_SCADA,1,"2019/08/21 18:00:00",RT_VIC11,0
D,DISPATCH,UNIT_SCADA,1,"2019/08/21 18:00:00",RT_VIC12,0
D,DISPATCH,UNIT_SCADA,1,"2019/08/21 18:00:00",RT_VIC2,0
D,DISPATCH,UNIT_SCADA,1,"2019/08/21 18:00:00",RT_VIC3,0
D,DISPATCH,UNIT_SCADA,1,"2019/08/21 18:00:00",RT_VIC4,0
D,DISPATCH,UNIT_SCADA,1,"2019/08/21 18:00:00",RT_VIC5,0
D,DISPATCH,UNIT_SCADA,1,"2019/08/21 18:00:00",RT_VIC6,0
D,DISPATCH,UNIT_SCADA,1,"2019/08/21 18:00:00",RT_VIC7,0
D,DISPATCH,UNIT_SCADA,1,"2019/08/21 18:00:00",RT_VIC8,0
D,DISPATCH,UNIT_SCADA,1,"2019/08/21 18:00:00",RT_VIC9,0
D,DISPATCH,UNIT_SCADA,1,"2019/08/21 18:00:00",RUGBYR1,0
D,DISPATCH,UNIT_SCADA,1,"2019/08/21 18:00:00",SALTCRK1,47.33
D,DISPATCH,UNIT_SCADA,1,"2019/08/21 18:00:00",SAPHWF1,148.096890
D,DISPATCH,UNIT_SCADA,1,"2019/08/21 18:00:00",SHGEN,83.478130
D,DISPATCH,UNIT_SCADA,1,"2019/08/21 18:00:00",SHPUMP,0
D,DISPATCH,UNIT_SCADA,1,"2019/08/21 18:00:00",SITHE01,0.123710
D,DISPATCH,UNIT_SCADA,1,"2019/08/21 18:00:00",SMCSF1,0
D,DISPATCH,UNIT_SCADA,1,"2019/08/21 18:00:00",SNOWNTH1,54.20
D,DISPATCH,UNIT_SCADA,1,"2019/08/21 18:00:00",SNOWSTH1,79.30
D,DISPATCH,UNIT_SCADA,1,"2019/08/21 18:00:00",SNOWTWN1,34.165240
D,DISPATCH,UNIT_SCADA,1,"2019/08/21 18:00:00",SNOWYP,0
D,DISPATCH,UNIT_SCADA,1,"2019/08/21 18:00:00",SNUG1,0.019440
D,DISPATCH,UNIT_SCADA,1,"2019/08/21 18:00:00",SRSF1,0.44
D,DISPATCH,UNIT_SCADA,1,"2019/08/21 18:00:00",STAN-1,0
D,DISPATCH,UNIT_SCADA,1,"2019/08/21 18:00:00",STAN-2,346.683040
D,DISPATCH,UNIT_SCADA,1,"2019/08/21 18:00:00",STAN-3,341.491820
D,DISPATCH,UNIT_SCADA,1,"2019/08/21 18:00:00",STAN-4,360.603180
D,DISPATCH,UNIT_SCADA,1,"2019/08/21 18:00:00",STWF1,59.264980
D,DISPATCH,UNIT_SCADA,1,"2019/08/21 18:00:00",SWAN_E,0
D,DISPATCH,UNIT_SCADA,1,"2019/08/21 18:00:00",TALWA1,416
D,DISPATCH,UNIT_SCADA,1,"2019/08/21 18:00:00",TARALGA1,96.701250
D,DISPATCH,UNIT_SCADA,1,"2019/08/21 18:00:00",TARONG#1,341.100010
D,DISPATCH,UNIT_SCADA,1,"2019/08/21 18:00:00",TARONG#2,340.600010
D,DISPATCH,UNIT_SCADA,1,"2019/08/21 18:00:00",TARONG#3,259.600010
D,DISPATCH,UNIT_SCADA,1,"2019/08/21 18:00:00",TARONG#4,348.899990
D,DISPATCH,UNIT_SCADA,1,"2019/08/21 18:00:00",TARRALEA,83.90
D,DISPATCH,UNIT_SCADA,1,"2019/08/21 18:00:00",TBSF1,4.20
D,DISPATCH,UNIT_SCADA,1,"2019/08/21 18:00:00",TNPS1,442.000030
D,DISPATCH,UNIT_SCADA,1,"2019/08/21 18:00:00",TORRA1,91.337320
D,DISPATCH,UNIT_SCADA,1,"2019/08/21 18:00:00",TORRA2,0
D,DISPATCH,UNIT_SCADA,1,"2019/08/21 18:00:00",TORRA3,0
D,DISPATCH,UNIT_SCADA,1,"2019/08/21 18:00:00",TORRA4,0
D,DISPATCH,UNIT_SCADA,1,"2019/08/21 18:00:00",TORRB1,104.57
D,DISPATCH,UNIT_SCADA,1,"2019/08/21 18:00:00",TORRB2,172.429990
D,DISPATCH,UNIT_SCADA,1,"2019/08/21 18:00:00",TORRB3,0
D,DISPATCH,UNIT_SCADA,1,"2019/08/21 18:00:00",TORRB4,0
D,DISPATCH,UNIT_SCADA,1,"2019/08/21 18:00:00",TREVALLN,69.650020
D,DISPATCH,UNIT_SCADA,1,"2019/08/21 18:00:00",TRIBUTE,83.18
D,DISPATCH,UNIT_SCADA,1,"2019/08/21 18:00:00",TUMUT3,996.460020
D,DISPATCH,UNIT_SCADA,1,"2019/08/21 18:00:00",TUNGATIN,132.960040
D,DISPATCH,UNIT_SCADA,1,"2019/08/21 18:00:00",TVCC201,0
D,DISPATCH,UNIT_SCADA,1,"2019/08/21 18:00:00",TVPP104,0
D,DISPATCH,UNIT_SCADA,1,"2019/08/21 18:00:00",UPPTUMUT,0
D,DISPATCH,UNIT_SCADA,1,"2019/08/21 18:00:00",URANQ11,0
D,DISPATCH,UNIT_SCADA,1,"2019/08/21 18:00:00",URANQ12,0
D,DISPATCH,UNIT_SCADA,1,"2019/08/21 18:00:00",URANQ13,0
D,DISPATCH,UNIT_SCADA,1,"2019/08/21 18:00:00",URANQ14,0
D,DISPATCH,UNIT_SCADA,1,"2019/08/21 18:00:00",VP5,638.3750
D,DISPATCH,UNIT_SCADA,1,"2019/08/21 18:00:00",VP6,622.349980
D,DISPATCH,UNIT_SCADA,1,"2019/08/21 18:00:00",VPGS1,0
D,DISPATCH,UNIT_SCADA,1,"2019/08/21 18:00:00",VPGS2,0
D,DISPATCH,UNIT_SCADA,1,"2019/08/21 18:00:00",VPGS3,0
D,DISPATCH,UNIT_SCADA,1,"2019/08/21 18:00:00",VPGS4,0
D,DISPATCH,UNIT_SCADA,1,"2019/08/21 18:00:00",VPGS5,0
D,DISPATCH,UNIT_SCADA,1,"2019/08/21 18:00:00",VPGS6,0
D,DISPATCH,UNIT_SCADA,1,"2019/08/21 18:00:00",W/HOE#1,0
D,DISPATCH,UNIT_SCADA,1,"2019/08/21 18:00:00",W/HOE#2,0
D,DISPATCH,UNIT_SCADA,1,"2019/08/21 18:00:00",WATERLWF,87.20
D,DISPATCH,UNIT_SCADA,1,"2019/08/21 18:00:00",WEMENSF1,0.30
D,DISPATCH,UNIT_SCADA,1,"2019/08/21 18:00:00",WGWF1,68.90
D,DISPATCH,UNIT_SCADA,1,"2019/08/21 18:00:00",WHITSF1,0
D,DISPATCH,UNIT_SCADA,1,"2019/08/21 18:00:00",WKIEWA1,0
D,DISPATCH,UNIT_SCADA,1,"2019/08/21 18:00:00",WKIEWA2,0.10
D,DISPATCH,UNIT_SCADA,1,"2019/08/21 18:00:00",WOODLWN1,45.027010
D,DISPATCH,UNIT_SCADA,1,"2019/08/21 18:00:00",WRSF1,0
D,DISPATCH,UNIT_SCADA,1,"2019/08/21 18:00:00",WRWF1,136.759990
D,DISPATCH,UNIT_SCADA,1,"2019/08/21 18:00:00",YABULU,0
D,DISPATCH,UNIT_SCADA,1,"2019/08/21 18:00:00",YABULU2,0
D,DISPATCH,UNIT_SCADA,1,"2019/08/21 18:00:00",YARWUN_1,0
D,DISPATCH,UNIT_SCADA,1,"2019/08/21 18:00:00",YENDWF1,41.96
D,DISPATCH,UNIT_SCADA,1,"2019/08/21 18:00:00",YWPS1,387.217710
D,DISPATCH,UNIT_SCADA,1,"2019/08/21 18:00:00",YWPS2,280.949370
D,DISPATCH,UNIT_SCADA,1,"2019/08/21 18:00:00",YWPS3,0
D,DISPATCH,UNIT_SCADA,1,"2019/08/21 18:00:00",YWPS4,397.213930
C,"END OF REPORT",334
