C,NEMP.WORLD,DISPATCHSCADA,AEMO,PUBLIC,2019/08/23,00:30:07,0000000311887364,DISPATCHSCADA,0000000311887358
I,DISPATCH,UNIT_SCADA,1,SETTLEMENTDATE,DUID,SCADAVALUE
D,DISPATCH,UNIT_SCADA,1,"2019/08/23 00:35:00",BARCSF1,0
D,DISPATCH,UNIT_SCADA,1,"2019/08/23 00:35:00",BUTLERSG,9.699999
D,DISPATCH,UNIT_SCADA,1,"2019/08/23 00:35:00",CALL_A_4,0
D,DISPATCH,UNIT_SCADA,1,"2019/08/23 00:35:00",CAPTL_WF,0
D,DISPATCH,UNIT_SCADA,1,"2019/08/23 00:35:00",CATHROCK,14.459999
D,DISPATCH,UNIT_SCADA,1,"2019/08/23 00:35:00",CHALLHWF,0.30
D,DISPATCH,UNIT_SCADA,1,"2019/08/23 00:35:00",CLOVER,-0.01
D,DISPATCH,UNIT_SCADA,1,"2019/08/23 00:35:00",CLUNY,20.307163
D,DISPATCH,UNIT_SCADA,1,"2019/08/23 00:35:00",CNUNDAWF,0.800934
D,DISPATCH,UNIT_SCADA,1,"2019/08/23 00:35:00",CULLRGWF,1.49
D,DISPATCH,UNIT_SCADA,1,"2019/08/23 00:35:00",ERGT01,0
D,DISPATCH,UNIT_SCADA,1,"2019/08/23 00:35:00",GB01,0.066986
D,DISPATCH,UNIT_SCADA,1,"2019/08/23 00:35:00",GERMCRK,36
D,DISPATCH,UNIT_SCADA,1,"2019/08/23 00:35:00",GRIFSF1,0
D,DISPATCH,UNIT_SCADA,1,"2019/08/23 00:35:00",HUGSF1,-0.2370
D,DISPATCH,UNIT_SCADA,1,"2019/08/23 00:35:00",LKBONNY1,0.625166
D,DISPATCH,UNIT_SCADA,1,"2019/08/23 00:35:00",LRSF1,-0.0130
D,DISPATCH,UNIT_SCADA,1,"2019/08/23 00:35:00",MBAHNTH,55.743744
D,DISPATCH,UNIT_SCADA,1,"2019/08/23 00:35:00",MLSP1,0.180001
D,DISPATCH,UNIT_SCADA,1,"2019/08/23 00:35:00",MLWF1,2.85
D,DISPATCH,UNIT_SCADA,1,"2019/08/23 00:35:00",MTMILLAR,5.387509
D,DISPATCH,UNIT_SCADA,1,"2019/08/23 00:35:00",PALOONA,28.629999
D,DISPATCH,UNIT_SCADA,1,"2019/08/23 00:35:00",PIONEER,43.900002
D,DISPATCH,UNIT_SCADA,1,"2019/08/23 00:35:00",PORTWF,0.70
D,DISPATCH,UNIT_SCADA,1,"2019/08/23 00:35:00",REPULSE,28.885328
D,DISPATCH,UNIT_SCADA,1,"2019/08/23 00:35:00",ROWALLAN,10.3731
D,DISPATCH,UNIT_SCADA,1,"2019/08/23 00:35:00",ROYALLA1,0
D,DISPATCH,UNIT_SCADA,1,"2019/08/23 00:35:00",RPCG,11.20
D,DISPATCH,UNIT_SCADA,1,"2019/08/23 00:35:00",RUBICON,0
D,DISPATCH,UNIT_SCADA,1,"2019/08/23 00:35:00",SATGN1,0
D,DISPATCH,UNIT_SCADA,1,"2019/08/23 00:35:00",SATGS1,0
D,DISPATCH,UNIT_SCADA,1,"2019/08/23 00:35:00",STARHLWF,-0.099971
D,DISPATCH,UNIT_SCADA,1,"2019/08/23 00:35:00",WAUBRAWF,30.67
D,DISPATCH,UNIT_SCADA,1,"2019/08/23 00:35:00",WOOLNTH1,28.590015
D,DISPATCH,UNIT_SCADA,1,"2019/08/23 00:35:00",WPWF,0
D,DISPATCH,UNIT_SCADA,1,"2019/08/23 00:35:00",YAMBUKWF,1
D,DISPATCH,UNIT_SCADA,1,"2019/08/23 00:35:00",YSWF1,0.30
D,DISPATCH,UNIT_SCADA,1,"2019/08/23 00:35:00",AGLHAL,0
D,DISPATCH,UNIT_SCADA,1,"2019/08/23 00:35:00",AGLSOM,82.40
D,DISPATCH,UNIT_SCADA,1,"2019/08/23 00:35:00",ANGAST1,0
D,DISPATCH,UNIT_SCADA,1,"2019/08/23 00:35:00",ARWF1,20
D,DISPATCH,UNIT_SCADA,1,"2019/08/23 00:35:00",BALBG1,0
D,DISPATCH,UNIT_SCADA,1,"2019/08/23 00:35:00",BALBL1,0
D,DISPATCH,UNIT_SCADA,1,"2019/08/23 00:35:00",BALDHWF1,16.57
D,DISPATCH,UNIT_SCADA,1,"2019/08/23 00:35:00",BANN1,0
D,DISPATCH,UNIT_SCADA,1,"2019/08/23 00:35:00",BARCALDN,0
D,DISPATCH,UNIT_SCADA,1,"2019/08/23 00:35:00",BARRON-1,0
D,DISPATCH,UNIT_SCADA,1,"2019/08/23 00:35:00",BARRON-2,0
D,DISPATCH,UNIT_SCADA,1,"2019/08/23 00:35:00",BASTYAN,77.19
D,DISPATCH,UNIT_SCADA,1,"2019/08/23 00:35:00",BBTHREE1,-2.13
D,DISPATCH,UNIT_SCADA,1,"2019/08/23 00:35:00",BBTHREE2,-2.12
D,DISPATCH,UNIT_SCADA,1,"2019/08/23 00:35:00",BBTHREE3,-1.19
D,DISPATCH,UNIT_SCADA,1,"2019/08/23 00:35:00",BDL01,0
D,DISPATCH,UNIT_SCADA,1,"2019/08/23 00:35:00",BDL02,0
D,DISPATCH,UNIT_SCADA,1,"2019/08/23 00:35:00",BERYLSF1,-0.179440
D,DISPATCH,UNIT_SCADA,1,"2019/08/23 00:35:00",BLOWERNG,0
D,DISPATCH,UNIT_SCADA,1,"2019/08/23 00:35:00",BLUFF1,6
D,DISPATCH,UNIT_SCADA,1,"2019/08/23 00:35:00",BNGSF1,0
D,DISPATCH,UNIT_SCADA,1,"2019/08/23 00:35:00",BNGSF2,0
D,DISPATCH,UNIT_SCADA,1,"2019/08/23 00:35:00",BOCORWF1,49.36
D,DISPATCH,UNIT_SCADA,1,"2019/08/23 00:35:00",BODWF1,98.152280
D,DISPATCH,UNIT_SCADA,1,"2019/08/23 00:35:00",BRAEMAR1,0
D,DISPATCH,UNIT_SCADA,1,"2019/08/23 00:35:00",BRAEMAR2,0
D,DISPATCH,UNIT_SCADA,1,"2019/08/23 00:35:00",BRAEMAR3,0
D,DISPATCH,UNIT_SCADA,1,"2019/08/23 00:35:00",BRAEMAR5,0
D,DISPATCH,UNIT_SCADA,1,"2019/08/23 00:35:00",BRAEMAR6,0
D,DISPATCH,UNIT_SCADA,1,"2019/08/23 00:35:00",BRAEMAR7,0
D,DISPATCH,UNIT_SCADA,1,"2019/08/23 00:35:00",BROKENH1,0
D,DISPATCH,UNIT_SCADA,1,"2019/08/23 00:35:00",BW01,631.025020
D,DISPATCH,UNIT_SCADA,1,"2019/08/23 00:35:00",BW02,626.299930
D,DISPATCH,UNIT_SCADA,1,"2019/08/23 00:35:00",BW03,636.8750
D,DISPATCH,UNIT_SCADA,1,"2019/08/23 00:35:00",BW04,0
D,DISPATCH,UNIT_SCADA,1,"2019/08/23 00:35:00",CALL_B_1,117.40
D,DISPATCH,UNIT_SCADA,1,"2019/08/23 00:35:00",CALL_B_2,350.399990
D,DISPATCH,UNIT_SCADA,1,"2019/08/23 00:35:00",CETHANA,97.825250
D,DISPATCH,UNIT_SCADA,1,"2019/08/23 00:35:00",CG1,0
D,DISPATCH,UNIT_SCADA,1,"2019/08/23 00:35:00",CG2,0
D,DISPATCH,UNIT_SCADA,1,"2019/08/23 00:35:00",CG3,0
D,DISPATCH,UNIT_SCADA,1,"2019/08/23 00:35:00",CG4,0
D,DISPATCH,UNIT_SCADA,1,"2019/08/23 00:35:00",CHILDSF1,0
D,DISPATCH,UNIT_SCADA,1,"2019/08/23 00:35:00",CLARESF1,0
D,DISPATCH,UNIT_SCADA,1,"2019/08/23 00:35:00",CLEMGPWF,12.317990
D,DISPATCH,UNIT_SCADA,1,"2019/08/23 00:35:00",CLERMSF1,0
D,DISPATCH,UNIT_SCADA,1,"2019/08/23 00:35:00",COLEASF1,0
D,DISPATCH,UNIT_SCADA,1,"2019/08/23 00:35:00",COOPGWF1,35.342910
D,DISPATCH,UNIT_SCADA,1,"2019/08/23 00:35:00",CPP_3,405.350010
D,DISPATCH,UNIT_SCADA,1,"2019/08/23 00:35:00",CPP_4,404.800020
D,DISPATCH,UNIT_SCADA,1,"2019/08/23 00:35:00",CPSA,141.468750
D,DISPATCH,UNIT_SCADA,1,"2019/08/23 00:35:00",CROOKWF2,0.488750
D,DISPATCH,UNIT_SCADA,1,"2019/08/23 00:35:00",CROWLWF1,5.590270
D,DISPATCH,UNIT_SCADA,1,"2019/08/23 00:35:00",CSPVPS1,0
D,DISPATCH,UNIT_SCADA,1,"2019/08/23 00:35:00",DALNTH01,0
D,DISPATCH,UNIT_SCADA,1,"2019/08/23 00:35:00",DALNTHL1,0.083920
D,DISPATCH,UNIT_SCADA,1,"2019/08/23 00:35:00",DARTM1,132.20
D,DISPATCH,UNIT_SCADA,1,"2019/08/23 00:35:00",DAYDSF1,0
D,DISPATCH,UNIT_SCADA,1,"2019/08/23 00:35:00",DDPS1,332.576870
D,DISPATCH,UNIT_SCADA,1,"2019/08/23 00:35:00",DDSF1,0
D,DISPATCH,UNIT_SCADA,1,"2019/08/23 00:35:00",DEVILS_G,0
D,DISPATCH,UNIT_SCADA,1,"2019/08/23 00:35:00",DG_NSW1,0
D,DISPATCH,UNIT_SCADA,1,"2019/08/23 00:35:00",DG_QLD1,0
D,DISPATCH,UNIT_SCADA,1,"2019/08/23 00:35:00",DG_SA1,0
D,DISPATCH,UNIT_SCADA,1,"2019/08/23 00:35:00",DG_TAS1,0
D,DISPATCH,UNIT_SCADA,1,"2019/08/23 00:35:00",DG_VIC1,0
D,DISPATCH,UNIT_SCADA,1,"2019/08/23 00:35:00",DRYCGT1,0
D,DISPATCH,UNIT_SCADA,1,"2019/08/23 00:35:00",DRYCGT2,0
D,DISPATCH,UNIT_SCADA,1,"2019/08/23 00:35:00",DRYCGT3,0
D,DISPATCH,UNIT_SCADA,1,"2019/08/23 00:35:00",EILDON1,0
D,DISPATCH,UNIT_SCADA,1,"2019/08/23 00:35:00",EILDON2,0
D,DISPATCH,UNIT_SCADA,1,"2019/08/23 00:35:00",EMERASF1,0
D,DISPATCH,UNIT_SCADA,1,"2019/08/23 00:35:00",ER01,592.474980
D,DISPATCH,UNIT_SCADA,1,"2019/08/23 00:35:00",ER02,583.1250
D,DISPATCH,UNIT_SCADA,1,"2019/08/23 00:35:00",ER03,379.924930
D,DISPATCH,UNIT_SCADA,1,"2019/08/23 00:35:00",ER04,699.150020
D,DISPATCH,UNIT_SCADA,1,"2019/08/23 00:35:00",FINLYSF1,0
D,DISPATCH,UNIT_SCADA,1,"2019/08/23 00:35:00",FISHER,45.43
D,DISPATCH,UNIT_SCADA,1,"2019/08/23 00:35:00",GANNBG1,0
D,DISPATCH,UNIT_SCADA,1,"2019/08/23 00:35:00",GANNBL1,0.034130
D,DISPATCH,UNIT_SCADA,1,"2019/08/23 00:35:00",GANNSF1,0
D,DISPATCH,UNIT_SCADA,1,"2019/08/23 00:35:00",GORDON,54.155920
D,DISPATCH,UNIT_SCADA,1,"2019/08/23 00:35:00",GSTONE1,254.274990
D,DISPATCH,UNIT_SCADA,1,"2019/08/23 00:35:00",GSTONE2,229.95
D,DISPATCH,UNIT_SCADA,1,"2019/08/23 00:35:00",GSTONE3,238.70
D,DISPATCH,UNIT_SCADA,1,"2019/08/23 00:35:00",GSTONE4,248.849990
D,DISPATCH,UNIT_SCADA,1,"2019/08/23 00:35:00",GSTONE5,253.5750
D,DISPATCH,UNIT_SCADA,1,"2019/08/23 00:35:00",GSTONE6,0
D,DISPATCH,UNIT_SCADA,1,"2019/08/23 00:35:00",GULLRSF1,0
D,DISPATCH,UNIT_SCADA,1,"2019/08/23 00:35:00",GULLRWF1,4.188050
D,DISPATCH,UNIT_SCADA,1,"2019/08/23 00:35:00",GUNNING1,1.455560
D,DISPATCH,UNIT_SCADA,1,"2019/08/23 00:35:00",GUTHEGA,0
D,DISPATCH,UNIT_SCADA,1,"2019/08/23 00:35:00",HALLWF1,33.95
D,DISPATCH,UNIT_SCADA,1,"2019/08/23 00:35:00",HALLWF2,22.41
D,DISPATCH,UNIT_SCADA,1,"2019/08/23 00:35:00",HAMISF1,0
D,DISPATCH,UNIT_SCADA,1,"2019/08/23 00:35:00",HAUGHT11,0
D,DISPATCH,UNIT_SCADA,1,"2019/08/23 00:35:00",HAYMSF1,0
D,DISPATCH,UNIT_SCADA,1,"2019/08/23 00:35:00",HDWF1,53.60
D,DISPATCH,UNIT_SCADA,1,"2019/08/23 00:35:00",HDWF2,46.50
D,DISPATCH,UNIT_SCADA,1,"2019/08/23 00:35:00",HDWF3,57.80
D,DISPATCH,UNIT_SCADA,1,"2019/08/23 00:35:00",HPRG1,0
D,DISPATCH,UNIT_SCADA,1,"2019/08/23 00:35:00",HPRL1,8
D,DISPATCH,UNIT_SCADA,1,"2019/08/23 00:35:00",HUMENSW,0
D,DISPATCH,UNIT_SCADA,1,"2019/08/23 00:35:00",HUMEV,7.80
D,DISPATCH,UNIT_SCADA,1,"2019/08/23 00:35:00",HVGTS,0
D,DISPATCH,UNIT_SCADA,1,"2019/08/23 00:35:00",JBUTTERS,137.28
D,DISPATCH,UNIT_SCADA,1,"2019/08/23 00:35:00",JLA01,0.10
D,DISPATCH,UNIT_SCADA,1,"2019/08/23 00:35:00",JLA02,0
D,DISPATCH,UNIT_SCADA,1,"2019/08/23 00:35:00",JLA03,0.10
D,DISPATCH,UNIT_SCADA,1,"2019/08/23 00:35:00",JLA04,0.10
D,DISPATCH,UNIT_SCADA,1,"2019/08/23 00:35:00",JLB01,0
D,DISPATCH,UNIT_SCADA,1,"2019/08/23 00:35:00",JLB02,0.10
D,DISPATCH,UNIT_SCADA,1,"2019/08/23 00:35:00",JLB03,0
D,DISPATCH,UNIT_SCADA,1,"2019/08/23 00:35:00",KAREEYA1,21.5250
D,DISPATCH,UNIT_SCADA,1,"2019/08/23 00:35:00",KAREEYA2,21.5150
D,DISPATCH,UNIT_SCADA,1,"2019/08/23 00:35:00",KAREEYA3,0
D,DISPATCH,UNIT_SCADA,1,"2019/08/23 00:35:00",KAREEYA4,21.6525
D,DISPATCH,UNIT_SCADA,1,"2019/08/23 00:35:00",KARSF1,0
D,DISPATCH,UNIT_SCADA,1,"2019/08/23 00:35:00",KIATAWF1,1.70
D,DISPATCH,UNIT_SCADA,1,"2019/08/23 00:35:00",KPP_1,0
D,DISPATCH,UNIT_SCADA,1,"2019/08/23 00:35:00",KSP1,0
D,DISPATCH,UNIT_SCADA,1,"2019/08/23 00:35:00",LADBROK1,43.10
D,DISPATCH,UNIT_SCADA,1,"2019/08/23 00:35:00",LADBROK2,0
D,DISPATCH,UNIT_SCADA,1,"2019/08/23 00:35:00",LD01,417.5062
D,DISPATCH,UNIT_SCADA,1,"2019/08/23 00:35:00",LD02,300.881320
D,DISPATCH,UNIT_SCADA,1,"2019/08/23 00:35:00",LD03,420.956270
D,DISPATCH,UNIT_SCADA,1,"2019/08/23 00:35:00",LD04,381.862520
D,DISPATCH,UNIT_SCADA,1,"2019/08/23 00:35:00",LEM_WIL,86.1183
D,DISPATCH,UNIT_SCADA,1,"2019/08/23 00:35:00",LGAPWF1,1.07
D,DISPATCH,UNIT_SCADA,1,"2019/08/23 00:35:00",LILYSF1,0
D,DISPATCH,UNIT_SCADA,1,"2019/08/23 00:35:00",LI_WY_CA,149.037110
D,DISPATCH,UNIT_SCADA,1,"2019/08/23 00:35:00",LKBONNY2,4.392810
D,DISPATCH,UNIT_SCADA,1,"2019/08/23 00:35:00",LKBONNY3,1.507190
D,DISPATCH,UNIT_SCADA,1,"2019/08/23 00:35:00",LK_ECHO,0
D,DISPATCH,UNIT_SCADA,1,"2019/08/23 00:35:00",LNGS1,0
D,DISPATCH,UNIT_SCADA,1,"2019/08/23 00:35:00",LNGS2,0
D,DISPATCH,UNIT_SCADA,1,"2019/08/23 00:35:00",LONSDALE,0
D,DISPATCH,UNIT_SCADA,1,"2019/08/23 00:35:00",LOYYB1,531.577210
D,DISPATCH,UNIT_SCADA,1,"2019/08/23 00:35:00",LOYYB2,578.946840
D,DISPATCH,UNIT_SCADA,1,"2019/08/23 00:35:00",LYA1,560
D,DISPATCH,UNIT_SCADA,1,"2019/08/23 00:35:00",LYA2,0
D,DISPATCH,UNIT_SCADA,1,"2019/08/23 00:35:00",LYA3,560
D,DISPATCH,UNIT_SCADA,1,"2019/08/23 00:35:00",LYA4,540
D,DISPATCH,UNIT_SCADA,1,"2019/08/23 00:35:00",MACARTH1,7.699820
D,DISPATCH,UNIT_SCADA,1,"2019/08/23 00:35:00",MACKAYGT,0
D,DISPATCH,UNIT_SCADA,1,"2019/08/23 00:35:00",MACKNTSH,85.720010
D,DISPATCH,UNIT_SCADA,1,"2019/08/23 00:35:00",MANSLR1,0
D,DISPATCH,UNIT_SCADA,1,"2019/08/23 00:35:00",MCKAY1,0.02
D,DISPATCH,UNIT_SCADA,1,"2019/08/23 00:35:00",MEADOWBK,33.895880
D,DISPATCH,UNIT_SCADA,1,"2019/08/23 00:35:00",MERCER01,1.5480
D,DISPATCH,UNIT_SCADA,1,"2019/08/23 00:35:00",MEWF1,10.040830
D,DISPATCH,UNIT_SCADA,1,"2019/08/23 00:35:00",MINTARO,0
D,DISPATCH,UNIT_SCADA,1,"2019/08/23 00:35:00",MOREESF1,0
D,DISPATCH,UNIT_SCADA,1,"2019/08/23 00:35:00",MORTLK11,150
D,DISPATCH,UNIT_SCADA,1,"2019/08/23 00:35:00",MORTLK12,0
D,DISPATCH,UNIT_SCADA,1,"2019/08/23 00:35:00",MP1,278.174930
D,DISPATCH,UNIT_SCADA,1,"2019/08/23 00:35:00",MP2,0
D,DISPATCH,UNIT_SCADA,1,"2019/08/23 00:35:00",MPP_1,374.50
D,DISPATCH,UNIT_SCADA,1,"2019/08/23 00:35:00",MPP_2,400
D,DISPATCH,UNIT_SCADA,1,"2019/08/23 00:35:00",MSTUART1,0
D,DISPATCH,UNIT_SCADA,1,"2019/08/23 00:35:00",MSTUART2,0
D,DISPATCH,UNIT_SCADA,1,"2019/08/23 00:35:00",MSTUART3,0
D,DISPATCH,UNIT_SCADA,1,"2019/08/23 00:35:00",MTGELWF1,-0.402840
D,DISPATCH,UNIT_SCADA,1,"2019/08/23 00:35:00",MURRAY,191.759990
D,DISPATCH,UNIT_SCADA,1,"2019/08/23 00:35:00",MUSSELR1,0.60
D,DISPATCH,UNIT_SCADA,1,"2019/08/23 00:35:00",MUWAWF1,-0.10
D,DISPATCH,UNIT_SCADA,1,"2019/08/23 00:35:00",NBHWF1,65.30
D,DISPATCH,UNIT_SCADA,1,"2019/08/23 00:35:00",NPS,428.6250
D,DISPATCH,UNIT_SCADA,1,"2019/08/23 00:35:00",NUMURSF1,0
D,DISPATCH,UNIT_SCADA,1,"2019/08/23 00:35:00",NYNGAN1,0
D,DISPATCH,UNIT_SCADA,1,"2019/08/23 00:35:00",OAKEY1,0
D,DISPATCH,UNIT_SCADA,1,"2019/08/23 00:35:00",OAKEY1SF,0
D,DISPATCH,UNIT_SCADA,1,"2019/08/23 00:35:00",OAKEY2,0
D,DISPATCH,UNIT_SCADA,1,"2019/08/23 00:35:00",OAKLAND1,6.10
D,DISPATCH,UNIT_SCADA,1,"2019/08/23 00:35:00",OSB-AG,184.28
D,DISPATCH,UNIT_SCADA,1,"2019/08/23 00:35:00",PARSF1,0
D,DISPATCH,UNIT_SCADA,1,"2019/08/23 00:35:00",POAT110,0
D,DISPATCH,UNIT_SCADA,1,"2019/08/23 00:35:00",POAT220,3.39
D,DISPATCH,UNIT_SCADA,1,"2019/08/23 00:35:00",POR01,0
D,DISPATCH,UNIT_SCADA,1,"2019/08/23 00:35:00",POR03,0
D,DISPATCH,UNIT_SCADA,1,"2019/08/23 00:35:00",PPCCGT,495.011350
D,DISPATCH,UNIT_SCADA,1,"2019/08/23 00:35:00",PTSTAN1,0
D,DISPATCH,UNIT_SCADA,1,"2019/08/23 00:35:00",PUMP1,0
D,DISPATCH,UNIT_SCADA,1,"2019/08/23 00:35:00",PUMP2,0
D,DISPATCH,UNIT_SCADA,1,"2019/08/23 00:35:00",QPS1,29
D,DISPATCH,UNIT_SCADA,1,"2019/08/23 00:35:00",QPS2,0
D,DISPATCH,UNIT_SCADA,1,"2019/08/23 00:35:00",QPS3,0
D,DISPATCH,UNIT_SCADA,1,"2019/08/23 00:35:00",QPS4,0
D,DISPATCH,UNIT_SCADA,1,"2019/08/23 00:35:00",QPS5,0
D,DISPATCH,UNIT_SCADA,1,"2019/08/23 00:35:00",REECE1,117.760010
D,DISPATCH,UNIT_SCADA,1,"2019/08/23 00:35:00",REECE2,117.290010
D,DISPATCH,UNIT_SCADA,1,"2019/08/23 00:35:00",ROMA_7,0
D,DISPATCH,UNIT_SCADA,1,"2019/08/23 00:35:00",ROMA_8,0
D,DISPATCH,UNIT_SCADA,1,"2019/08/23 00:35:00",RRSF1,0
D,DISPATCH,UNIT_SCADA,1,"2019/08/23 00:35:00",RT_NSW1,0
D,DISPATCH,UNIT_SCADA,1,"2019/08/23 00:35:00",RT_NSW2,0
D,DISPATCH,UNIT_SCADA,1,"2019/08/23 00:35:00",RT_NSW3,0
D,DISPATCH,UNIT_SCADA,1,"2019/08/23 00:35:00",RT_NSW4,0
D,DISPATCH,UNIT_SCADA,1,"2019/08/23 00:35:00",RT_NSW5,0
D,DISPATCH,UNIT_SCADA,1,"2019/08/23 00:35:00",RT_NSW6,0
D,DISPATCH,UNIT_SCADA,1,"2019/08/23 00:35:00",RT_QLD1,0
D,DISPATCH,UNIT_SCADA,1,"2019/08/23 00:35:00",RT_SA1,0
D,DISPATCH,UNIT_SCADA,1,"2019/08/23 00:35:00",RT_SA2,0
D,DISPATCH,UNIT_SCADA,1,"2019/08/23 00:35:00",RT_SA3,0
D,DISPATCH,UNIT_SCADA,1,"2019/08/23 00:35:00",RT_SA4,0
D,DISPATCH,UNIT_SCADA,1,"2019/08/23 00:35:00",RT_SA5,0
D,DISPATCH,UNIT_SCADA,1,"2019/08/23 00:35:00",RT_SA6,0
D,DISPATCH,UNIT_SCADA,1,"2019/08/23 00:35:00",RT_TAS1,0
D,DISPATCH,UNIT_SCADA,1,"2019/08/23 00:35:00",RT_VIC1,0
D,DISPATCH,UNIT_SCADA,1,"2019/08/23 00:35:00",RT_VIC10,0
D,DISPATCH,UNIT_SCADA,1,"2019/08/23 00:35:00",RT_VIC11,0
D,DISPATCH,UNIT_SCADA,1,"2019/08/23 00:35:00",RT_VIC12,0
D,DISPATCH,UNIT_SCADA,1,"2019/08/23 00:35:00",RT_VIC2,0
D,DISPATCH,UNIT_SCADA,1,"2019/08/23 00:35:00",RT_VIC3,0
D,DISPATCH,UNIT_SCADA,1,"2019/08/23 00:35:00",RT_VIC4,0
D,DISPATCH,UNIT_SCADA,1,"2019/08/23 00:35:00",RT_VIC5,0
D,DISPATCH,UNIT_SCADA,1,"2019/08/23 00:35:00",RT_VIC6,0
D,DISPATCH,UNIT_SCADA,1,"2019/08/23 00:35:00",RT_VIC7,0
D,DISPATCH,UNIT_SCADA,1,"2019/08/23 00:35:00",RT_VIC8,0
D,DISPATCH,UNIT_SCADA,1,"2019/08/23 00:35:00",RT_VIC9,0
D,DISPATCH,UNIT_SCADA,1,"2019/08/23 00:35:00",RUGBYR1,0
D,DISPATCH,UNIT_SCADA,1,"2019/08/23 00:35:00",SALTCRK1,-0.32
D,DISPATCH,UNIT_SCADA,1,"2019/08/23 00:35:00",SAPHWF1,47.362490
D,DISPATCH,UNIT_SCADA,1,"2019/08/23 00:35:00",SHGEN,0
D,DISPATCH,UNIT_SCADA,1,"2019/08/23 00:35:00",SHPUMP,0
D,DISPATCH,UNIT_SCADA,1,"2019/08/23 00:35:00",SITHE01,0.1840
D,DISPATCH,UNIT_SCADA,1,"2019/08/23 00:35:00",SMCSF1,0
D,DISPATCH,UNIT_SCADA,1,"2019/08/23 00:35:00",SNOWNTH1,9.30
D,DISPATCH,UNIT_SCADA,1,"2019/08/23 00:35:00",SNOWSTH1,9.10
D,DISPATCH,UNIT_SCADA,1,"2019/08/23 00:35:00",SNOWTWN1,13.737580
D,DISPATCH,UNIT_SCADA,1,"2019/08/23 00:35:00",SNOWYP,0
D,DISPATCH,UNIT_SCADA,1,"2019/08/23 00:35:00",SNUG1,0.019440
D,DISPATCH,UNIT_SCADA,1,"2019/08/23 00:35:00",SRSF1,0
D,DISPATCH,UNIT_SCADA,1,"2019/08/23 00:35:00",STAN-1,0
D,DISPATCH,UNIT_SCADA,1,"2019/08/23 00:35:00",STAN-2,230.438420
D,DISPATCH,UNIT_SCADA,1,"2019/08/23 00:35:00",STAN-3,227.503130
D,DISPATCH,UNIT_SCADA,1,"2019/08/23 00:35:00",STAN-4,219.4151
D,DISPATCH,UNIT_SCADA,1,"2019/08/23 00:35:00",STWF1,145.709990
D,DISPATCH,UNIT_SCADA,1,"2019/08/23 00:35:00",SWAN_E,0
D,DISPATCH,UNIT_SCADA,1,"2019/08/23 00:35:00",TALWA1,425
D,DISPATCH,UNIT_SCADA,1,"2019/08/23 00:35:00",TARALGA1,1.747510
D,DISPATCH,UNIT_SCADA,1,"2019/08/23 00:35:00",TARONG#1,277.50
D,DISPATCH,UNIT_SCADA,1,"2019/08/23 00:35:00",TARONG#2,277
D,DISPATCH,UNIT_SCADA,1,"2019/08/23 00:35:00",TARONG#3,243.70
D,DISPATCH,UNIT_SCADA,1,"2019/08/23 00:35:00",TARONG#4,277.100010
D,DISPATCH,UNIT_SCADA,1,"2019/08/23 00:35:00",TARRALEA,83.90
D,DISPATCH,UNIT_SCADA,1,"2019/08/23 00:35:00",TBSF1,-0.20
D,DISPATCH,UNIT_SCADA,1,"2019/08/23 00:35:00",TNPS1,400.000030
D,DISPATCH,UNIT_SCADA,1,"2019/08/23 00:35:00",TORRA1,108.8483
D,DISPATCH,UNIT_SCADA,1,"2019/08/23 00:35:00",TORRA2,0
D,DISPATCH,UNIT_SCADA,1,"2019/08/23 00:35:00",TORRA3,39.453970
D,DISPATCH,UNIT_SCADA,1,"2019/08/23 00:35:00",TORRA4,94.456070
D,DISPATCH,UNIT_SCADA,1,"2019/08/23 00:35:00",TORRB1,124.47
D,DISPATCH,UNIT_SCADA,1,"2019/08/23 00:35:00",TORRB2,174.44
D,DISPATCH,UNIT_SCADA,1,"2019/08/23 00:35:00",TORRB3,0
D,DISPATCH,UNIT_SCADA,1,"2019/08/23 00:35:00",TORRB4,0
D,DISPATCH,UNIT_SCADA,1,"2019/08/23 00:35:00",TREVALLN,43.750020
D,DISPATCH,UNIT_SCADA,1,"2019/08/23 00:35:00",TRIBUTE,83.88
D,DISPATCH,UNIT_SCADA,1,"2019/08/23 00:35:00",TUMUT3,0
D,DISPATCH,UNIT_SCADA,1,"2019/08/23 00:35:00",TUNGATIN,138.330030
D,DISPATCH,UNIT_SCADA,1,"2019/08/23 00:35:00",TVCC201,0
D,DISPATCH,UNIT_SCADA,1,"2019/08/23 00:35:00",TVPP104,57.8461
D,DISPATCH,UNIT_SCADA,1,"2019/08/23 00:35:00",UPPTUMUT,0
D,DISPATCH,UNIT_SCADA,1,"2019/08/23 00:35:00",URANQ11,0
D,DISPATCH,UNIT_SCADA,1,"2019/08/23 00:35:00",URANQ12,0
D,DISPATCH,UNIT_SCADA,1,"2019/08/23 00:35:00",URANQ13,0
D,DISPATCH,UNIT_SCADA,1,"2019/08/23 00:35:00",URANQ14,0
D,DISPATCH,UNIT_SCADA,1,"2019/08/23 00:35:00",VP5,605.074950
D,DISPATCH,UNIT_SCADA,1,"2019/08/23 00:35:00",VP6,602.150020
D,DISPATCH,UNIT_SCADA,1,"2019/08/23 00:35:00",VPGS1,0
D,DISPATCH,UNIT_SCADA,1,"2019/08/23 00:35:00",VPGS2,0
D,DISPATCH,UNIT_SCADA,1,"2019/08/23 00:35:00",VPGS3,0
D,DISPATCH,UNIT_SCADA,1,"2019/08/23 00:35:00",VPGS4,0
D,DISPATCH,UNIT_SCADA,1,"2019/08/23 00:35:00",VPGS5,0
D,DISPATCH,UNIT_SCADA,1,"2019/08/23 00:35:00",VPGS6,0
D,DISPATCH,UNIT_SCADA,1,"2019/08/23 00:35:00",W/HOE#1,0
D,DISPATCH,UNIT_SCADA,1,"2019/08/23 00:35:00",W/HOE#2,0
D,DISPATCH,UNIT_SCADA,1,"2019/08/23 00:35:00",WATERLWF,8.70
D,DISPATCH,UNIT_SCADA,1,"2019/08/23 00:35:00",WEMENSF1,0
D,DISPATCH,UNIT_SCADA,1,"2019/08/23 00:35:00",WGWF1,21.60
D,DISPATCH,UNIT_SCADA,1,"2019/08/23 00:35:00",WHITSF1,0
D,DISPATCH,UNIT_SCADA,1,"2019/08/23 00:35:00",WKIEWA1,26.50
D,DISPATCH,UNIT_SCADA,1,"2019/08/23 00:35:00",WKIEWA2,15.60
D,DISPATCH,UNIT_SCADA,1,"2019/08/23 00:35:00",WOODLWN1,0.675020
D,DISPATCH,UNIT_SCADA,1,"2019/08/23 00:35:00",WRSF1,0
D,DISPATCH,UNIT_SCADA,1,"2019/08/23 00:35:00",WRWF1,31.3750
D,DISPATCH,UNIT_SCADA,1,"2019/08/23 00:35:00",YABULU,0
D,DISPATCH,UNIT_SCADA,1,"2019/08/23 00:35:00",YABULU2,0
D,DISPATCH,UNIT_SCADA,1,"2019/08/23 00:35:00",YARWUN_1,0
D,DISPATCH,UNIT_SCADA,1,"2019/08/23 00:35:00",YENDWF1,0.12
D,DISPATCH,UNIT_SCADA,1,"2019/08/23 00:35:00",YWPS1,281.450620
D,DISPATCH,UNIT_SCADA,1,"2019/08/23 00:35:00",YWPS2,248.3671
D,DISPATCH,UNIT_SCADA,1,"2019/08/23 00:35:00",YWPS3,0
D,DISPATCH,UNIT_SCADA,1,"2019/08/23 00:35:00",YWPS4,225.588610
C,"END OF REPORT",334
