C,NEMP.WORLD,DISPATCHSCADA,AEMO,PUBLIC,2019/08/22,14:35:08,0000000311870820,DISPATCHSCADA,0000000311870814
I,DISPATCH,UNIT_SCADA,1,SETTLEMENTDATE,DUID,SCADAVALUE
D,DISPATCH,UNIT_SCADA,1,"2019/08/22 14:40:00",BARCSF1,18
D,DISPATCH,UNIT_SCADA,1,"2019/08/22 14:40:00",BUTLERSG,9.699999
D,DISPATCH,UNIT_SCADA,1,"2019/08/22 14:40:00",CALL_A_4,0
D,DISPATCH,UNIT_SCADA,1,"2019/08/22 14:40:00",CAPTL_WF,63.7640
D,DISPATCH,UNIT_SCADA,1,"2019/08/22 14:40:00",CATHROCK,0
D,DISPATCH,UNIT_SCADA,1,"2019/08/22 14:40:00",CHALLHWF,15
D,DISPATCH,UNIT_SCADA,1,"2019/08/22 14:40:00",CLOVER,-0.01
D,DISPATCH,UNIT_SCADA,1,"2019/08/22 14:40:00",CLUNY,20.069124
D,DISPATCH,UNIT_SCADA,1,"2019/08/22 14:40:00",CNUNDAWF,4.805606
D,DISPATCH,UNIT_SCADA,1,"2019/08/22 14:40:00",CULLRGWF,27.690001
D,DISPATCH,UNIT_SCADA,1,"2019/08/22 14:40:00",ERGT01,0
D,DISPATCH,UNIT_SCADA,1,"2019/08/22 14:40:00",GB01,0.066025
D,DISPATCH,UNIT_SCADA,1,"2019/08/22 14:40:00",GERMCRK,20.40
D,DISPATCH,UNIT_SCADA,1,"2019/08/22 14:40:00",GRIFSF1,25
D,DISPATCH,UNIT_SCADA,1,"2019/08/22 14:40:00",HUGSF1,8.9630
D,DISPATCH,UNIT_SCADA,1,"2019/08/22 14:40:00",LKBONNY1,13.307096
D,DISPATCH,UNIT_SCADA,1,"2019/08/22 14:40:00",LRSF1,12.228001
D,DISPATCH,UNIT_SCADA,1,"2019/08/22 14:40:00",MBAHNTH,55.256256
D,DISPATCH,UNIT_SCADA,1,"2019/08/22 14:40:00",MLSP1,10.189001
D,DISPATCH,UNIT_SCADA,1,"2019/08/22 14:40:00",MLWF1,5.5950
D,DISPATCH,UNIT_SCADA,1,"2019/08/22 14:40:00",MTMILLAR,1.376643
D,DISPATCH,UNIT_SCADA,1,"2019/08/22 14:40:00",PALOONA,28.84
D,DISPATCH,UNIT_SCADA,1,"2019/08/22 14:40:00",PIONEER,33.400002
D,DISPATCH,UNIT_SCADA,1,"2019/08/22 14:40:00",PORTWF,9
D,DISPATCH,UNIT_SCADA,1,"2019/08/22 14:40:00",REPULSE,28.936598
D,DISPATCH,UNIT_SCADA,1,"2019/08/22 14:40:00",ROWALLAN,10.3660
D,DISPATCH,UNIT_SCADA,1,"2019/08/22 14:40:00",ROYALLA1,15.619001
D,DISPATCH,UNIT_SCADA,1,"2019/08/22 14:40:00",RPCG,10.40
D,DISPATCH,UNIT_SCADA,1,"2019/08/22 14:40:00",RUBICON,0
D,DISPATCH,UNIT_SCADA,1,"2019/08/22 14:40:00",SATGN1,0
D,DISPATCH,UNIT_SCADA,1,"2019/08/22 14:40:00",SATGS1,0
D,DISPATCH,UNIT_SCADA,1,"2019/08/22 14:40:00",STARHLWF,0.999708
D,DISPATCH,UNIT_SCADA,1,"2019/08/22 14:40:00",WAUBRAWF,114.835999
D,DISPATCH,UNIT_SCADA,1,"2019/08/22 14:40:00",WOOLNTH1,65.040016
D,DISPATCH,UNIT_SCADA,1,"2019/08/22 14:40:00",WPWF,-1
D,DISPATCH,UNIT_SCADA,1,"2019/08/22 14:40:00",YAMBUKWF,3
D,DISPATCH,UNIT_SCADA,1,"2019/08/22 14:40:00",YSWF1,9.70
D,DISPATCH,UNIT_SCADA,1,"2019/08/22 14:40:00",AGLHAL,0
D,DISPATCH,UNIT_SCADA,1,"2019/08/22 14:40:00",AGLSOM,0
D,DISPATCH,UNIT_SCADA,1,"2019/08/22 14:40:00",ANGAST1,0
D,DISPATCH,UNIT_SCADA,1,"2019/08/22 14:40:00",ARWF1,103.70
D,DISPATCH,UNIT_SCADA,1,"2019/08/22 14:40:00",BALBG1,17.67
D,DISPATCH,UNIT_SCADA,1,"2019/08/22 14:40:00",BALBL1,0
D,DISPATCH,UNIT_SCADA,1,"2019/08/22 14:40:00",BALDHWF1,81.0220
D,DISPATCH,UNIT_SCADA,1,"2019/08/22 14:40:00",BANN1,35.90
D,DISPATCH,UNIT_SCADA,1,"2019/08/22 14:40:00",BARCALDN,0
D,DISPATCH,UNIT_SCADA,1,"2019/08/22 14:40:00",BARRON-1,0
D,DISPATCH,UNIT_SCADA,1,"2019/08/22 14:40:00",BARRON-2,16.04
D,DISPATCH,UNIT_SCADA,1,"2019/08/22 14:40:00",BASTYAN,77.63
D,DISPATCH,UNIT_SCADA,1,"2019/08/22 14:40:00",BBTHREE1,-1.94
D,DISPATCH,UNIT_SCADA,1,"2019/08/22 14:40:00",BBTHREE2,-2.01
D,DISPATCH,UNIT_SCADA,1,"2019/08/22 14:40:00",BBTHREE3,-1.11
D,DISPATCH,UNIT_SCADA,1,"2019/08/22 14:40:00",BDL01,0
D,DISPATCH,UNIT_SCADA,1,"2019/08/22 14:40:00",BDL02,0
D,DISPATCH,UNIT_SCADA,1,"2019/08/22 14:40:00",BERYLSF1,62.759630
D,DISPATCH,UNIT_SCADA,1,"2019/08/22 14:40:00",BLOWERNG,0
D,DISPATCH,UNIT_SCADA,1,"2019/08/22 14:40:00",BLUFF1,0.10
D,DISPATCH,UNIT_SCADA,1,"2019/08/22 14:40:00",BNGSF1,95.86
D,DISPATCH,UNIT_SCADA,1,"2019/08/22 14:40:00",BNGSF2,19.99
D,DISPATCH,UNIT_SCADA,1,"2019/08/22 14:40:00",BOCORWF1,111.11
D,DISPATCH,UNIT_SCADA,1,"2019/08/22 14:40:00",BODWF1,108.620830
D,DISPATCH,UNIT_SCADA,1,"2019/08/22 14:40:00",BRAEMAR1,0
D,DISPATCH,UNIT_SCADA,1,"2019/08/22 14:40:00",BRAEMAR2,0
D,DISPATCH,UNIT_SCADA,1,"2019/08/22 14:40:00",BRAEMAR3,0
D,DISPATCH,UNIT_SCADA,1,"2019/08/22 14:40:00",BRAEMAR5,0
D,DISPATCH,UNIT_SCADA,1,"2019/08/22 14:40:00",BRAEMAR6,0
D,DISPATCH,UNIT_SCADA,1,"2019/08/22 14:40:00",BRAEMAR7,0
D,DISPATCH,UNIT_SCADA,1,"2019/08/22 14:40:00",BROKENH1,50.993650
D,DISPATCH,UNIT_SCADA,1,"2019/08/22 14:40:00",BW01,534.75
D,DISPATCH,UNIT_SCADA,1,"2019/08/22 14:40:00",BW02,528.8750
D,DISPATCH,UNIT_SCADA,1,"2019/08/22 14:40:00",BW03,537.25
D,DISPATCH,UNIT_SCADA,1,"2019/08/22 14:40:00",BW04,0
D,DISPATCH,UNIT_SCADA,1,"2019/08/22 14:40:00",CALL_B_1,0
D,DISPATCH,UNIT_SCADA,1,"2019/08/22 14:40:00",CALL_B_2,279.800020
D,DISPATCH,UNIT_SCADA,1,"2019/08/22 14:40:00",CETHANA,97.765370
D,DISPATCH,UNIT_SCADA,1,"2019/08/22 14:40:00",CG1,0
D,DISPATCH,UNIT_SCADA,1,"2019/08/22 14:40:00",CG2,0
D,DISPATCH,UNIT_SCADA,1,"2019/08/22 14:40:00",CG3,0
D,DISPATCH,UNIT_SCADA,1,"2019/08/22 14:40:00",CG4,0
D,DISPATCH,UNIT_SCADA,1,"2019/08/22 14:40:00",CHILDSF1,40.12
D,DISPATCH,UNIT_SCADA,1,"2019/08/22 14:40:00",CLARESF1,43.270150
D,DISPATCH,UNIT_SCADA,1,"2019/08/22 14:40:00",CLEMGPWF,-0.432210
D,DISPATCH,UNIT_SCADA,1,"2019/08/22 14:40:00",CLERMSF1,14.69
D,DISPATCH,UNIT_SCADA,1,"2019/08/22 14:40:00",COLEASF1,105.90
D,DISPATCH,UNIT_SCADA,1,"2019/08/22 14:40:00",COOPGWF1,31.417560
D,DISPATCH,UNIT_SCADA,1,"2019/08/22 14:40:00",CPP_3,279.399990
D,DISPATCH,UNIT_SCADA,1,"2019/08/22 14:40:00",CPP_4,391.8750
D,DISPATCH,UNIT_SCADA,1,"2019/08/22 14:40:00",CPSA,89.821880
D,DISPATCH,UNIT_SCADA,1,"2019/08/22 14:40:00",CROOKWF2,85.483760
D,DISPATCH,UNIT_SCADA,1,"2019/08/22 14:40:00",CROWLWF1,26.152960
D,DISPATCH,UNIT_SCADA,1,"2019/08/22 14:40:00",CSPVPS1,31.9680
D,DISPATCH,UNIT_SCADA,1,"2019/08/22 14:40:00",DALNTH01,0
D,DISPATCH,UNIT_SCADA,1,"2019/08/22 14:40:00",DALNTHL1,0.0351
D,DISPATCH,UNIT_SCADA,1,"2019/08/22 14:40:00",DARTM1,134.600010
D,DISPATCH,UNIT_SCADA,1,"2019/08/22 14:40:00",DAYDSF1,114.679010
D,DISPATCH,UNIT_SCADA,1,"2019/08/22 14:40:00",DDPS1,10.0944
D,DISPATCH,UNIT_SCADA,1,"2019/08/22 14:40:00",DDSF1,90.304510
D,DISPATCH,UNIT_SCADA,1,"2019/08/22 14:40:00",DEVILS_G,0
D,DISPATCH,UNIT_SCADA,1,"2019/08/22 14:40:00",DG_NSW1,0
D,DISPATCH,UNIT_SCADA,1,"2019/08/22 14:40:00",DG_QLD1,0
D,DISPATCH,UNIT_SCADA,1,"2019/08/22 14:40:00",DG_SA1,0
D,DISPATCH,UNIT_SCADA,1,"2019/08/22 14:40:00",DG_TAS1,0
D,DISPATCH,UNIT_SCADA,1,"2019/08/22 14:40:00",DG_VIC1,0
D,DISPATCH,UNIT_SCADA,1,"2019/08/22 14:40:00",DRYCGT1,0
D,DISPATCH,UNIT_SCADA,1,"2019/08/22 14:40:00",DRYCGT2,0
D,DISPATCH,UNIT_SCADA,1,"2019/08/22 14:40:00",DRYCGT3,0
D,DISPATCH,UNIT_SCADA,1,"2019/08/22 14:40:00",EILDON1,0
D,DISPATCH,UNIT_SCADA,1,"2019/08/22 14:40:00",EILDON2,0
D,DISPATCH,UNIT_SCADA,1,"2019/08/22 14:40:00",EMERASF1,62.95
D,DISPATCH,UNIT_SCADA,1,"2019/08/22 14:40:00",ER01,305.449950
D,DISPATCH,UNIT_SCADA,1,"2019/08/22 14:40:00",ER02,433.324950
D,DISPATCH,UNIT_SCADA,1,"2019/08/22 14:40:00",ER03,700.1250
D,DISPATCH,UNIT_SCADA,1,"2019/08/22 14:40:00",ER04,374.575070
D,DISPATCH,UNIT_SCADA,1,"2019/08/22 14:40:00",FINLYSF1,0.8910
D,DISPATCH,UNIT_SCADA,1,"2019/08/22 14:40:00",FISHER,45.99
D,DISPATCH,UNIT_SCADA,1,"2019/08/22 14:40:00",GANNBG1,0
D,DISPATCH,UNIT_SCADA,1,"2019/08/22 14:40:00",GANNBL1,2.659140
D,DISPATCH,UNIT_SCADA,1,"2019/08/22 14:40:00",GANNSF1,42.30
D,DISPATCH,UNIT_SCADA,1,"2019/08/22 14:40:00",GORDON,23.444960
D,DISPATCH,UNIT_SCADA,1,"2019/08/22 14:40:00",GSTONE1,142.974990
D,DISPATCH,UNIT_SCADA,1,"2019/08/22 14:40:00",GSTONE2,150.3250
D,DISPATCH,UNIT_SCADA,1,"2019/08/22 14:40:00",GSTONE3,151.899990
D,DISPATCH,UNIT_SCADA,1,"2019/08/22 14:40:00",GSTONE4,155.9250
D,DISPATCH,UNIT_SCADA,1,"2019/08/22 14:40:00",GSTONE5,157.849990
D,DISPATCH,UNIT_SCADA,1,"2019/08/22 14:40:00",GSTONE6,0
D,DISPATCH,UNIT_SCADA,1,"2019/08/22 14:40:00",GULLRSF1,8.580870
D,DISPATCH,UNIT_SCADA,1,"2019/08/22 14:40:00",GULLRWF1,123.8183
D,DISPATCH,UNIT_SCADA,1,"2019/08/22 14:40:00",GUNNING1,40.005460
D,DISPATCH,UNIT_SCADA,1,"2019/08/22 14:40:00",GUTHEGA,0
D,DISPATCH,UNIT_SCADA,1,"2019/08/22 14:40:00",HALLWF1,-0.51
D,DISPATCH,UNIT_SCADA,1,"2019/08/22 14:40:00",HALLWF2,-0.39
D,DISPATCH,UNIT_SCADA,1,"2019/08/22 14:40:00",HAMISF1,46.10
D,DISPATCH,UNIT_SCADA,1,"2019/08/22 14:40:00",HAUGHT11,49.985530
D,DISPATCH,UNIT_SCADA,1,"2019/08/22 14:40:00",HAYMSF1,41.2880
D,DISPATCH,UNIT_SCADA,1,"2019/08/22 14:40:00",HDWF1,4.70
D,DISPATCH,UNIT_SCADA,1,"2019/08/22 14:40:00",HDWF2,2.70
D,DISPATCH,UNIT_SCADA,1,"2019/08/22 14:40:00",HDWF3,2.60
D,DISPATCH,UNIT_SCADA,1,"2019/08/22 14:40:00",HPRG1,0.20
D,DISPATCH,UNIT_SCADA,1,"2019/08/22 14:40:00",HPRL1,0
D,DISPATCH,UNIT_SCADA,1,"2019/08/22 14:40:00",HUMENSW,0
D,DISPATCH,UNIT_SCADA,1,"2019/08/22 14:40:00",HUMEV,9.80
D,DISPATCH,UNIT_SCADA,1,"2019/08/22 14:40:00",HVGTS,0
D,DISPATCH,UNIT_SCADA,1,"2019/08/22 14:40:00",JBUTTERS,142.819990
D,DISPATCH,UNIT_SCADA,1,"2019/08/22 14:40:00",JLA01,0.50
D,DISPATCH,UNIT_SCADA,1,"2019/08/22 14:40:00",JLA02,0
D,DISPATCH,UNIT_SCADA,1,"2019/08/22 14:40:00",JLA03,0.10
D,DISPATCH,UNIT_SCADA,1,"2019/08/22 14:40:00",JLA04,0.10
D,DISPATCH,UNIT_SCADA,1,"2019/08/22 14:40:00",JLB01,0
D,DISPATCH,UNIT_SCADA,1,"2019/08/22 14:40:00",JLB02,0.10
D,DISPATCH,UNIT_SCADA,1,"2019/08/22 14:40:00",JLB03,0
D,DISPATCH,UNIT_SCADA,1,"2019/08/22 14:40:00",KAREEYA1,21.29
D,DISPATCH,UNIT_SCADA,1,"2019/08/22 14:40:00",KAREEYA2,21.97
D,DISPATCH,UNIT_SCADA,1,"2019/08/22 14:40:00",KAREEYA3,0
D,DISPATCH,UNIT_SCADA,1,"2019/08/22 14:40:00",KAREEYA4,21.6825
D,DISPATCH,UNIT_SCADA,1,"2019/08/22 14:40:00",KARSF1,24.20
D,DISPATCH,UNIT_SCADA,1,"2019/08/22 14:40:00",KIATAWF1,5.30
D,DISPATCH,UNIT_SCADA,1,"2019/08/22 14:40:00",KPP_1,0
D,DISPATCH,UNIT_SCADA,1,"2019/08/22 14:40:00",KSP1,47.39
D,DISPATCH,UNIT_SCADA,1,"2019/08/22 14:40:00",LADBROK1,0
D,DISPATCH,UNIT_SCADA,1,"2019/08/22 14:40:00",LADBROK2,0
D,DISPATCH,UNIT_SCADA,1,"2019/08/22 14:40:00",LD01,347.906250
D,DISPATCH,UNIT_SCADA,1,"2019/08/22 14:40:00",LD02,350.418730
D,DISPATCH,UNIT_SCADA,1,"2019/08/22 14:40:00",LD03,347.024960
D,DISPATCH,UNIT_SCADA,1,"2019/08/22 14:40:00",LD04,349.593750
D,DISPATCH,UNIT_SCADA,1,"2019/08/22 14:40:00",LEM_WIL,86.0564
D,DISPATCH,UNIT_SCADA,1,"2019/08/22 14:40:00",LGAPWF1,4.65
D,DISPATCH,UNIT_SCADA,1,"2019/08/22 14:40:00",LILYSF1,91.750390
D,DISPATCH,UNIT_SCADA,1,"2019/08/22 14:40:00",LI_WY_CA,149.069270
D,DISPATCH,UNIT_SCADA,1,"2019/08/22 14:40:00",LKBONNY2,18.151990
D,DISPATCH,UNIT_SCADA,1,"2019/08/22 14:40:00",LKBONNY3,4.409940
D,DISPATCH,UNIT_SCADA,1,"2019/08/22 14:40:00",LK_ECHO,0
D,DISPATCH,UNIT_SCADA,1,"2019/08/22 14:40:00",LNGS1,0
D,DISPATCH,UNIT_SCADA,1,"2019/08/22 14:40:00",LNGS2,0
D,DISPATCH,UNIT_SCADA,1,"2019/08/22 14:40:00",LONSDALE,0
D,DISPATCH,UNIT_SCADA,1,"2019/08/22 14:40:00",LOYYB1,535.336730
D,DISPATCH,UNIT_SCADA,1,"2019/08/22 14:40:00",LOYYB2,581.578490
D,DISPATCH,UNIT_SCADA,1,"2019/08/22 14:40:00",LYA1,560
D,DISPATCH,UNIT_SCADA,1,"2019/08/22 14:40:00",LYA2,0
D,DISPATCH,UNIT_SCADA,1,"2019/08/22 14:40:00",LYA3,560
D,DISPATCH,UNIT_SCADA,1,"2019/08/22 14:40:00",LYA4,540
D,DISPATCH,UNIT_SCADA,1,"2019/08/22 14:40:00",MACARTH1,69.0984
D,DISPATCH,UNIT_SCADA,1,"2019/08/22 14:40:00",MACKAYGT,0
D,DISPATCH,UNIT_SCADA,1,"2019/08/22 14:40:00",MACKNTSH,86.430010
D,DISPATCH,UNIT_SCADA,1,"2019/08/22 14:40:00",MANSLR1,23.0020
D,DISPATCH,UNIT_SCADA,1,"2019/08/22 14:40:00",MCKAY1,0.02
D,DISPATCH,UNIT_SCADA,1,"2019/08/22 14:40:00",MEADOWBK,33.838720
D,DISPATCH,UNIT_SCADA,1,"2019/08/22 14:40:00",MERCER01,36.6820
D,DISPATCH,UNIT_SCADA,1,"2019/08/22 14:40:00",MEWF1,30.142470
D,DISPATCH,UNIT_SCADA,1,"2019/08/22 14:40:00",MINTARO,0
D,DISPATCH,UNIT_SCADA,1,"2019/08/22 14:40:00",MOREESF1,49.3560
D,DISPATCH,UNIT_SCADA,1,"2019/08/22 14:40:00",MORTLK11,247
D,DISPATCH,UNIT_SCADA,1,"2019/08/22 14:40:00",MORTLK12,0
D,DISPATCH,UNIT_SCADA,1,"2019/08/22 14:40:00",MP1,278.349980
D,DISPATCH,UNIT_SCADA,1,"2019/08/22 14:40:00",MP2,0
D,DISPATCH,UNIT_SCADA,1,"2019/08/22 14:40:00",MPP_1,296.50
D,DISPATCH,UNIT_SCADA,1,"2019/08/22 14:40:00",MPP_2,315
D,DISPATCH,UNIT_SCADA,1,"2019/08/22 14:40:00",MSTUART1,0
D,DISPATCH,UNIT_SCADA,1,"2019/08/22 14:40:00",MSTUART2,0
D,DISPATCH,UNIT_SCADA,1,"2019/08/22 14:40:00",MSTUART3,0
D,DISPATCH,UNIT_SCADA,1,"2019/08/22 14:40:00",MTGELWF1,35.419780
D,DISPATCH,UNIT_SCADA,1,"2019/08/22 14:40:00",MURRAY,0
D,DISPATCH,UNIT_SCADA,1,"2019/08/22 14:40:00",MUSSELR1,136.50
D,DISPATCH,UNIT_SCADA,1,"2019/08/22 14:40:00",MUWAWF1,28.80
D,DISPATCH,UNIT_SCADA,1,"2019/08/22 14:40:00",NBHWF1,-0.30
D,DISPATCH,UNIT_SCADA,1,"2019/08/22 14:40:00",NPS,12.3750
D,DISPATCH,UNIT_SCADA,1,"2019/08/22 14:40:00",NUMURSF1,87.50
D,DISPATCH,UNIT_SCADA,1,"2019/08/22 14:40:00",NYNGAN1,71.50
D,DISPATCH,UNIT_SCADA,1,"2019/08/22 14:40:00",OAKEY1,0
D,DISPATCH,UNIT_SCADA,1,"2019/08/22 14:40:00",OAKEY1SF,23.7250
D,DISPATCH,UNIT_SCADA,1,"2019/08/22 14:40:00",OAKEY2,0
D,DISPATCH,UNIT_SCADA,1,"2019/08/22 14:40:00",OAKLAND1,15.70
D,DISPATCH,UNIT_SCADA,1,"2019/08/22 14:40:00",OSB-AG,138.820010
D,DISPATCH,UNIT_SCADA,1,"2019/08/22 14:40:00",PARSF1,47
D,DISPATCH,UNIT_SCADA,1,"2019/08/22 14:40:00",POAT110,0
D,DISPATCH,UNIT_SCADA,1,"2019/08/22 14:40:00",POAT220,10.25
D,DISPATCH,UNIT_SCADA,1,"2019/08/22 14:40:00",POR01,0
D,DISPATCH,UNIT_SCADA,1,"2019/08/22 14:40:00",POR03,0
D,DISPATCH,UNIT_SCADA,1,"2019/08/22 14:40:00",PPCCGT,492.998050
D,DISPATCH,UNIT_SCADA,1,"2019/08/22 14:40:00",PTSTAN1,0
D,DISPATCH,UNIT_SCADA,1,"2019/08/22 14:40:00",PUMP1,0
D,DISPATCH,UNIT_SCADA,1,"2019/08/22 14:40:00",PUMP2,0
D,DISPATCH,UNIT_SCADA,1,"2019/08/22 14:40:00",QPS1,0
D,DISPATCH,UNIT_SCADA,1,"2019/08/22 14:40:00",QPS2,0
D,DISPATCH,UNIT_SCADA,1,"2019/08/22 14:40:00",QPS3,0
D,DISPATCH,UNIT_SCADA,1,"2019/08/22 14:40:00",QPS4,0
D,DISPATCH,UNIT_SCADA,1,"2019/08/22 14:40:00",QPS5,0
D,DISPATCH,UNIT_SCADA,1,"2019/08/22 14:40:00",REECE1,119.850010
D,DISPATCH,UNIT_SCADA,1,"2019/08/22 14:40:00",REECE2,119.260010
D,DISPATCH,UNIT_SCADA,1,"2019/08/22 14:40:00",ROMA_7,0
D,DISPATCH,UNIT_SCADA,1,"2019/08/22 14:40:00",ROMA_8,0
D,DISPATCH,UNIT_SCADA,1,"2019/08/22 14:40:00",RRSF1,115.544520
D,DISPATCH,UNIT_SCADA,1,"2019/08/22 14:40:00",RT_NSW1,0
D,DISPATCH,UNIT_SCADA,1,"2019/08/22 14:40:00",RT_NSW2,0
D,DISPATCH,UNIT_SCADA,1,"2019/08/22 14:40:00",RT_NSW3,0
D,DISPATCH,UNIT_SCADA,1,"2019/08/22 14:40:00",RT_NSW4,0
D,DISPATCH,UNIT_SCADA,1,"2019/08/22 14:40:00",RT_NSW5,0
D,DISPATCH,UNIT_SCADA,1,"2019/08/22 14:40:00",RT_NSW6,0
D,DISPATCH,UNIT_SCADA,1,"2019/08/22 14:40:00",RT_QLD1,0
D,DISPATCH,UNIT_SCADA,1,"2019/08/22 14:40:00",RT_SA1,0
D,DISPATCH,UNIT_SCADA,1,"2019/08/22 14:40:00",RT_SA2,0
D,DISPATCH,UNIT_SCADA,1,"2019/08/22 14:40:00",RT_SA3,0
D,DISPATCH,UNIT_SCADA,1,"2019/08/22 14:40:00",RT_SA4,0
D,DISPATCH,UNIT_SCADA,1,"2019/08/22 14:40:00",RT_SA5,0
D,DISPATCH,UNIT_SCADA,1,"2019/08/22 14:40:00",RT_SA6,0
D,DISPATCH,UNIT_SCADA,1,"2019/08/22 14:40:00",RT_TAS1,0
D,DISPATCH,UNIT_SCADA,1,"2019/08/22 14:40:00",RT_VIC1,0
D,DISPATCH,UNIT_SCADA,1,"2019/08/22 14:40:00",RT_VIC10,0
D,DISPATCH,UNIT_SCADA,1,"2019/08/22 14:40:00",RT_VIC11,0
D,DISPATCH,UNIT_SCADA,1,"2019/08/22 14:40:00",RT_VIC12,0
D,DISPATCH,UNIT_SCADA,1,"2019/08/22 14:40:00",RT_VIC2,0
D,DISPATCH,UNIT_SCADA,1,"2019/08/22 14:40:00",RT_VIC3,0
D,DISPATCH,UNIT_SCADA,1,"2019/08/22 14:40:00",RT_VIC4,0
D,DISPATCH,UNIT_SCADA,1,"2019/08/22 14:40:00",RT_VIC5,0
D,DISPATCH,UNIT_SCADA,1,"2019/08/22 14:40:00",RT_VIC6,0
D,DISPATCH,UNIT_SCADA,1,"2019/08/22 14:40:00",RT_VIC7,0
D,DISPATCH,UNIT_SCADA,1,"2019/08/22 14:40:00",RT_VIC8,0
D,DISPATCH,UNIT_SCADA,1,"2019/08/22 14:40:00",RT_VIC9,0
D,DISPATCH,UNIT_SCADA,1,"2019/08/22 14:40:00",RUGBYR1,59.166720
D,DISPATCH,UNIT_SCADA,1,"2019/08/22 14:40:00",SALTCRK1,10.37
D,DISPATCH,UNIT_SCADA,1,"2019/08/22 14:40:00",SAPHWF1,240.834350
D,DISPATCH,UNIT_SCADA,1,"2019/08/22 14:40:00",SHGEN,0
D,DISPATCH,UNIT_SCADA,1,"2019/08/22 14:40:00",SHPUMP,198.313130
D,DISPATCH,UNIT_SCADA,1,"2019/08/22 14:40:00",SITHE01,0.123710
D,DISPATCH,UNIT_SCADA,1,"2019/08/22 14:40:00",SMCSF1,74.775930
D,DISPATCH,UNIT_SCADA,1,"2019/08/22 14:40:00",SNOWNTH1,1.20
D,DISPATCH,UNIT_SCADA,1,"2019/08/22 14:40:00",SNOWSTH1,2
D,DISPATCH,UNIT_SCADA,1,"2019/08/22 14:40:00",SNOWTWN1,-0.635030
D,DISPATCH,UNIT_SCADA,1,"2019/08/22 14:40:00",SNOWYP,0
D,DISPATCH,UNIT_SCADA,1,"2019/08/22 14:40:00",SNUG1,0.019440
D,DISPATCH,UNIT_SCADA,1,"2019/08/22 14:40:00",SRSF1,34.91
D,DISPATCH,UNIT_SCADA,1,"2019/08/22 14:40:00",STAN-1,0
D,DISPATCH,UNIT_SCADA,1,"2019/08/22 14:40:00",STAN-2,283.888640
D,DISPATCH,UNIT_SCADA,1,"2019/08/22 14:40:00",STAN-3,284.0809
D,DISPATCH,UNIT_SCADA,1,"2019/08/22 14:40:00",STAN-4,281.901890
D,DISPATCH,UNIT_SCADA,1,"2019/08/22 14:40:00",STWF1,8.876250
D,DISPATCH,UNIT_SCADA,1,"2019/08/22 14:40:00",SWAN_E,0
D,DISPATCH,UNIT_SCADA,1,"2019/08/22 14:40:00",TALWA1,190
D,DISPATCH,UNIT_SCADA,1,"2019/08/22 14:40:00",TARALGA1,84.573760
D,DISPATCH,UNIT_SCADA,1,"2019/08/22 14:40:00",TARONG#1,286.399990
D,DISPATCH,UNIT_SCADA,1,"2019/08/22 14:40:00",TARONG#2,286.300020
D,DISPATCH,UNIT_SCADA,1,"2019/08/22 14:40:00",TARONG#3,260.50
D,DISPATCH,UNIT_SCADA,1,"2019/08/22 14:40:00",TARONG#4,280.700010
D,DISPATCH,UNIT_SCADA,1,"2019/08/22 14:40:00",TARRALEA,83.70
D,DISPATCH,UNIT_SCADA,1,"2019/08/22 14:40:00",TBSF1,28.80
D,DISPATCH,UNIT_SCADA,1,"2019/08/22 14:40:00",TNPS1,442.300020
D,DISPATCH,UNIT_SCADA,1,"2019/08/22 14:40:00",TORRA1,74.806950
D,DISPATCH,UNIT_SCADA,1,"2019/08/22 14:40:00",TORRA2,0
D,DISPATCH,UNIT_SCADA,1,"2019/08/22 14:40:00",TORRA3,45.990720
D,DISPATCH,UNIT_SCADA,1,"2019/08/22 14:40:00",TORRA4,56.682980
D,DISPATCH,UNIT_SCADA,1,"2019/08/22 14:40:00",TORRB1,61.90
D,DISPATCH,UNIT_SCADA,1,"2019/08/22 14:40:00",TORRB2,62.49
D,DISPATCH,UNIT_SCADA,1,"2019/08/22 14:40:00",TORRB3,0
D,DISPATCH,UNIT_SCADA,1,"2019/08/22 14:40:00",TORRB4,0
D,DISPATCH,UNIT_SCADA,1,"2019/08/22 14:40:00",TREVALLN,44.110020
D,DISPATCH,UNIT_SCADA,1,"2019/08/22 14:40:00",TRIBUTE,84.38
D,DISPATCH,UNIT_SCADA,1,"2019/08/22 14:40:00",TUMUT3,0
D,DISPATCH,UNIT_SCADA,1,"2019/08/22 14:40:00",TUNGATIN,113.340030
D,DISPATCH,UNIT_SCADA,1,"2019/08/22 14:40:00",TVCC201,0
D,DISPATCH,UNIT_SCADA,1,"2019/08/22 14:40:00",TVPP104,0
D,DISPATCH,UNIT_SCADA,1,"2019/08/22 14:40:00",UPPTUMUT,0
D,DISPATCH,UNIT_SCADA,1,"2019/08/22 14:40:00",URANQ11,0
D,DISPATCH,UNIT_SCADA,1,"2019/08/22 14:40:00",URANQ12,0
D,DISPATCH,UNIT_SCADA,1,"2019/08/22 14:40:00",URANQ13,0
D,DISPATCH,UNIT_SCADA,1,"2019/08/22 14:40:00",URANQ14,0
D,DISPATCH,UNIT_SCADA,1,"2019/08/22 14:40:00",VP5,203.274990
D,DISPATCH,UNIT_SCADA,1,"2019/08/22 14:40:00",VP6,603
D,DISPATCH,UNIT_SCADA,1,"2019/08/22 14:40:00",VPGS1,0
D,DISPATCH,UNIT_SCADA,1,"2019/08/22 14:40:00",VPGS2,0
D,DISPATCH,UNIT_SCADA,1,"2019/08/22 14:40:00",VPGS3,0
D,DISPATCH,UNIT_SCADA,1,"2019/08/22 14:40:00",VPGS4,0
D,DISPATCH,UNIT_SCADA,1,"2019/08/22 14:40:00",VPGS5,0
D,DISPATCH,UNIT_SCADA,1,"2019/08/22 14:40:00",VPGS6,0
D,DISPATCH,UNIT_SCADA,1,"2019/08/22 14:40:00",W/HOE#1,0
D,DISPATCH,UNIT_SCADA,1,"2019/08/22 14:40:00",W/HOE#2,0
D,DISPATCH,UNIT_SCADA,1,"2019/08/22 14:40:00",WATERLWF,1
D,DISPATCH,UNIT_SCADA,1,"2019/08/22 14:40:00",WEMENSF1,41.70
D,DISPATCH,UNIT_SCADA,1,"2019/08/22 14:40:00",WGWF1,3.80
D,DISPATCH,UNIT_SCADA,1,"2019/08/22 14:40:00",WHITSF1,43.60
D,DISPATCH,UNIT_SCADA,1,"2019/08/22 14:40:00",WKIEWA1,0
D,DISPATCH,UNIT_SCADA,1,"2019/08/22 14:40:00",WKIEWA2,7.40
D,DISPATCH,UNIT_SCADA,1,"2019/08/22 14:40:00",WOODLWN1,23.399990
D,DISPATCH,UNIT_SCADA,1,"2019/08/22 14:40:00",WRSF1,0.23
D,DISPATCH,UNIT_SCADA,1,"2019/08/22 14:40:00",WRWF1,166.593750
D,DISPATCH,UNIT_SCADA,1,"2019/08/22 14:40:00",YABULU,0
D,DISPATCH,UNIT_SCADA,1,"2019/08/22 14:40:00",YABULU2,0
D,DISPATCH,UNIT_SCADA,1,"2019/08/22 14:40:00",YARWUN_1,0
D,DISPATCH,UNIT_SCADA,1,"2019/08/22 14:40:00",YENDWF1,35.97
D,DISPATCH,UNIT_SCADA,1,"2019/08/22 14:40:00",YWPS1,358.896210
D,DISPATCH,UNIT_SCADA,1,"2019/08/22 14:40:00",YWPS2,278.944310
D,DISPATCH,UNIT_SCADA,1,"2019/08/22 14:40:00",YWPS3,0
D,DISPATCH,UNIT_SCADA,1,"2019/08/22 14:40:00",YWPS4,341.605070
C,"END OF REPORT",334
