C,NEMP.WORLD,DISPATCHSCADA,AEMO,PUBLIC,2019/08/22,17:55:08,0000000311876682,DISPATCHSCADA,0000000311876676
I,DISPATCH,UNIT_SCADA,1,SETTLEMENTDATE,DUID,SCADAVALUE
D,DISPATCH,UNIT_SCADA,1,"2019/08/22 18:00:00",BARCSF1,0.40
D,DISPATCH,UNIT_SCADA,1,"2019/08/22 18:00:00",BUTLERSG,9.699999
D,DISPATCH,UNIT_SCADA,1,"2019/08/22 18:00:00",CALL_A_4,0
D,DISPATCH,UNIT_SCADA,1,"2019/08/22 18:00:00",CAPTL_WF,52.959999
D,DISPATCH,UNIT_SCADA,1,"2019/08/22 18:00:00",CATHROCK,0
D,DISPATCH,UNIT_SCADA,1,"2019/08/22 18:00:00",CHALLHWF,7.40
D,DISPATCH,UNIT_SCADA,1,"2019/08/22 18:00:00",CLOVER,-0.01
D,DISPATCH,UNIT_SCADA,1,"2019/08/22 18:00:00",CLUNY,20.201878
D,DISPATCH,UNIT_SCADA,1,"2019/08/22 18:00:00",CNUNDAWF,5.606541
D,DISPATCH,UNIT_SCADA,1,"2019/08/22 18:00:00",CULLRGWF,0
D,DISPATCH,UNIT_SCADA,1,"2019/08/22 18:00:00",ERGT01,0
D,DISPATCH,UNIT_SCADA,1,"2019/08/22 18:00:00",GB01,0.070675
D,DISPATCH,UNIT_SCADA,1,"2019/08/22 18:00:00",GERMCRK,35
D,DISPATCH,UNIT_SCADA,1,"2019/08/22 18:00:00",GRIFSF1,0
D,DISPATCH,UNIT_SCADA,1,"2019/08/22 18:00:00",HUGSF1,0.1090
D,DISPATCH,UNIT_SCADA,1,"2019/08/22 18:00:00",LKBONNY1,5.358562
D,DISPATCH,UNIT_SCADA,1,"2019/08/22 18:00:00",LRSF1,-0.0180
D,DISPATCH,UNIT_SCADA,1,"2019/08/22 18:00:00",MBAHNTH,46.556244
D,DISPATCH,UNIT_SCADA,1,"2019/08/22 18:00:00",MLSP1,0.180001
D,DISPATCH,UNIT_SCADA,1,"2019/08/22 18:00:00",MLWF1,0.75
D,DISPATCH,UNIT_SCADA,1,"2019/08/22 18:00:00",MTMILLAR,5.662838
D,DISPATCH,UNIT_SCADA,1,"2019/08/22 18:00:00",PALOONA,28.769999
D,DISPATCH,UNIT_SCADA,1,"2019/08/22 18:00:00",PIONEER,32.700001
D,DISPATCH,UNIT_SCADA,1,"2019/08/22 18:00:00",PORTWF,0.30
D,DISPATCH,UNIT_SCADA,1,"2019/08/22 18:00:00",REPULSE,28.968338
D,DISPATCH,UNIT_SCADA,1,"2019/08/22 18:00:00",ROWALLAN,10.3873
D,DISPATCH,UNIT_SCADA,1,"2019/08/22 18:00:00",ROYALLA1,0
D,DISPATCH,UNIT_SCADA,1,"2019/08/22 18:00:00",RPCG,11.40
D,DISPATCH,UNIT_SCADA,1,"2019/08/22 18:00:00",RUBICON,0
D,DISPATCH,UNIT_SCADA,1,"2019/08/22 18:00:00",SATGN1,0
D,DISPATCH,UNIT_SCADA,1,"2019/08/22 18:00:00",SATGS1,0
D,DISPATCH,UNIT_SCADA,1,"2019/08/22 18:00:00",STARHLWF,-0.199942
D,DISPATCH,UNIT_SCADA,1,"2019/08/22 18:00:00",WAUBRAWF,76.929001
D,DISPATCH,UNIT_SCADA,1,"2019/08/22 18:00:00",WOOLNTH1,68.280014
D,DISPATCH,UNIT_SCADA,1,"2019/08/22 18:00:00",WPWF,0
D,DISPATCH,UNIT_SCADA,1,"2019/08/22 18:00:00",YAMBUKWF,0.10
D,DISPATCH,UNIT_SCADA,1,"2019/08/22 18:00:00",YSWF1,3.80
D,DISPATCH,UNIT_SCADA,1,"2019/08/22 18:00:00",AGLHAL,0
D,DISPATCH,UNIT_SCADA,1,"2019/08/22 18:00:00",AGLSOM,81.50
D,DISPATCH,UNIT_SCADA,1,"2019/08/22 18:00:00",ANGAST1,0
D,DISPATCH,UNIT_SCADA,1,"2019/08/22 18:00:00",ARWF1,54.40
D,DISPATCH,UNIT_SCADA,1,"2019/08/22 18:00:00",BALBG1,0
D,DISPATCH,UNIT_SCADA,1,"2019/08/22 18:00:00",BALBL1,2.89
D,DISPATCH,UNIT_SCADA,1,"2019/08/22 18:00:00",BALDHWF1,53.3270
D,DISPATCH,UNIT_SCADA,1,"2019/08/22 18:00:00",BANN1,0.47
D,DISPATCH,UNIT_SCADA,1,"2019/08/22 18:00:00",BARCALDN,0
D,DISPATCH,UNIT_SCADA,1,"2019/08/22 18:00:00",BARRON-1,0
D,DISPATCH,UNIT_SCADA,1,"2019/08/22 18:00:00",BARRON-2,27.80
D,DISPATCH,UNIT_SCADA,1,"2019/08/22 18:00:00",BASTYAN,77.34
D,DISPATCH,UNIT_SCADA,1,"2019/08/22 18:00:00",BBTHREE1,-1.88
D,DISPATCH,UNIT_SCADA,1,"2019/08/22 18:00:00",BBTHREE2,-1.93
D,DISPATCH,UNIT_SCADA,1,"2019/08/22 18:00:00",BBTHREE3,0
D,DISPATCH,UNIT_SCADA,1,"2019/08/22 18:00:00",BDL01,0
D,DISPATCH,UNIT_SCADA,1,"2019/08/22 18:00:00",BDL02,44.82
D,DISPATCH,UNIT_SCADA,1,"2019/08/22 18:00:00",BERYLSF1,-0.179440
D,DISPATCH,UNIT_SCADA,1,"2019/08/22 18:00:00",BLOWERNG,0
D,DISPATCH,UNIT_SCADA,1,"2019/08/22 18:00:00",BLUFF1,0.10
D,DISPATCH,UNIT_SCADA,1,"2019/08/22 18:00:00",BNGSF1,11.37
D,DISPATCH,UNIT_SCADA,1,"2019/08/22 18:00:00",BNGSF2,3.35
D,DISPATCH,UNIT_SCADA,1,"2019/08/22 18:00:00",BOCORWF1,73.76
D,DISPATCH,UNIT_SCADA,1,"2019/08/22 18:00:00",BODWF1,94.718510
D,DISPATCH,UNIT_SCADA,1,"2019/08/22 18:00:00",BRAEMAR1,152.600010
D,DISPATCH,UNIT_SCADA,1,"2019/08/22 18:00:00",BRAEMAR2,172
D,DISPATCH,UNIT_SCADA,1,"2019/08/22 18:00:00",BRAEMAR3,167.600010
D,DISPATCH,UNIT_SCADA,1,"2019/08/22 18:00:00",BRAEMAR5,0
D,DISPATCH,UNIT_SCADA,1,"2019/08/22 18:00:00",BRAEMAR6,159.041230
D,DISPATCH,UNIT_SCADA,1,"2019/08/22 18:00:00",BRAEMAR7,164.429210
D,DISPATCH,UNIT_SCADA,1,"2019/08/22 18:00:00",BROKENH1,1.842770
D,DISPATCH,UNIT_SCADA,1,"2019/08/22 18:00:00",BW01,655.6250
D,DISPATCH,UNIT_SCADA,1,"2019/08/22 18:00:00",BW02,662.574950
D,DISPATCH,UNIT_SCADA,1,"2019/08/22 18:00:00",BW03,663.349980
D,DISPATCH,UNIT_SCADA,1,"2019/08/22 18:00:00",BW04,0
D,DISPATCH,UNIT_SCADA,1,"2019/08/22 18:00:00",CALL_B_1,112.10
D,DISPATCH,UNIT_SCADA,1,"2019/08/22 18:00:00",CALL_B_2,350.600010
D,DISPATCH,UNIT_SCADA,1,"2019/08/22 18:00:00",CETHANA,98.1845
D,DISPATCH,UNIT_SCADA,1,"2019/08/22 18:00:00",CG1,0
D,DISPATCH,UNIT_SCADA,1,"2019/08/22 18:00:00",CG2,0
D,DISPATCH,UNIT_SCADA,1,"2019/08/22 18:00:00",CG3,0
D,DISPATCH,UNIT_SCADA,1,"2019/08/22 18:00:00",CG4,0
D,DISPATCH,UNIT_SCADA,1,"2019/08/22 18:00:00",CHILDSF1,0
D,DISPATCH,UNIT_SCADA,1,"2019/08/22 18:00:00",CLARESF1,0
D,DISPATCH,UNIT_SCADA,1,"2019/08/22 18:00:00",CLEMGPWF,-0.432210
D,DISPATCH,UNIT_SCADA,1,"2019/08/22 18:00:00",CLERMSF1,0.52
D,DISPATCH,UNIT_SCADA,1,"2019/08/22 18:00:00",COLEASF1,0
D,DISPATCH,UNIT_SCADA,1,"2019/08/22 18:00:00",COOPGWF1,35.100360
D,DISPATCH,UNIT_SCADA,1,"2019/08/22 18:00:00",CPP_3,404.524990
D,DISPATCH,UNIT_SCADA,1,"2019/08/22 18:00:00",CPP_4,403.975010
D,DISPATCH,UNIT_SCADA,1,"2019/08/22 18:00:00",CPSA,141.155640
D,DISPATCH,UNIT_SCADA,1,"2019/08/22 18:00:00",CROOKWF2,27.223750
D,DISPATCH,UNIT_SCADA,1,"2019/08/22 18:00:00",CROWLWF1,22.978560
D,DISPATCH,UNIT_SCADA,1,"2019/08/22 18:00:00",CSPVPS1,0.21
D,DISPATCH,UNIT_SCADA,1,"2019/08/22 18:00:00",DALNTH01,0
D,DISPATCH,UNIT_SCADA,1,"2019/08/22 18:00:00",DALNTHL1,0.077820
D,DISPATCH,UNIT_SCADA,1,"2019/08/22 18:00:00",DARTM1,134.30
D,DISPATCH,UNIT_SCADA,1,"2019/08/22 18:00:00",DAYDSF1,0
D,DISPATCH,UNIT_SCADA,1,"2019/08/22 18:00:00",DDPS1,551.518920
D,DISPATCH,UNIT_SCADA,1,"2019/08/22 18:00:00",DDSF1,0
D,DISPATCH,UNIT_SCADA,1,"2019/08/22 18:00:00",DEVILS_G,0
D,DISPATCH,UNIT_SCADA,1,"2019/08/22 18:00:00",DG_NSW1,0
D,DISPATCH,UNIT_SCADA,1,"2019/08/22 18:00:00",DG_QLD1,0
D,DISPATCH,UNIT_SCADA,1,"2019/08/22 18:00:00",DG_SA1,0
D,DISPATCH,UNIT_SCADA,1,"2019/08/22 18:00:00",DG_TAS1,0
D,DISPATCH,UNIT_SCADA,1,"2019/08/22 18:00:00",DG_VIC1,0
D,DISPATCH,UNIT_SCADA,1,"2019/08/22 18:00:00",DRYCGT1,0
D,DISPATCH,UNIT_SCADA,1,"2019/08/22 18:00:00",DRYCGT2,0
D,DISPATCH,UNIT_SCADA,1,"2019/08/22 18:00:00",DRYCGT3,0
D,DISPATCH,UNIT_SCADA,1,"2019/08/22 18:00:00",EILDON1,0
D,DISPATCH,UNIT_SCADA,1,"2019/08/22 18:00:00",EILDON2,36.84
D,DISPATCH,UNIT_SCADA,1,"2019/08/22 18:00:00",EMERASF1,0
D,DISPATCH,UNIT_SCADA,1,"2019/08/22 18:00:00",ER01,593.824950
D,DISPATCH,UNIT_SCADA,1,"2019/08/22 18:00:00",ER02,663.099980
D,DISPATCH,UNIT_SCADA,1,"2019/08/22 18:00:00",ER03,700.324950
D,DISPATCH,UNIT_SCADA,1,"2019/08/22 18:00:00",ER04,692.650020
D,DISPATCH,UNIT_SCADA,1,"2019/08/22 18:00:00",FINLYSF1,0
D,DISPATCH,UNIT_SCADA,1,"2019/08/22 18:00:00",FISHER,45.93
D,DISPATCH,UNIT_SCADA,1,"2019/08/22 18:00:00",GANNBG1,11.747550
D,DISPATCH,UNIT_SCADA,1,"2019/08/22 18:00:00",GANNBL1,0
D,DISPATCH,UNIT_SCADA,1,"2019/08/22 18:00:00",GANNSF1,0.10
D,DISPATCH,UNIT_SCADA,1,"2019/08/22 18:00:00",GORDON,117.612320
D,DISPATCH,UNIT_SCADA,1,"2019/08/22 18:00:00",GSTONE1,247.80
D,DISPATCH,UNIT_SCADA,1,"2019/08/22 18:00:00",GSTONE2,230.1250
D,DISPATCH,UNIT_SCADA,1,"2019/08/22 18:00:00",GSTONE3,228.3750
D,DISPATCH,UNIT_SCADA,1,"2019/08/22 18:00:00",GSTONE4,233.6250
D,DISPATCH,UNIT_SCADA,1,"2019/08/22 18:00:00",GSTONE5,245.70
D,DISPATCH,UNIT_SCADA,1,"2019/08/22 18:00:00",GSTONE6,0
D,DISPATCH,UNIT_SCADA,1,"2019/08/22 18:00:00",GULLRSF1,0
D,DISPATCH,UNIT_SCADA,1,"2019/08/22 18:00:00",GULLRWF1,31.661130
D,DISPATCH,UNIT_SCADA,1,"2019/08/22 18:00:00",GUNNING1,6.166380
D,DISPATCH,UNIT_SCADA,1,"2019/08/22 18:00:00",GUTHEGA,31.20
D,DISPATCH,UNIT_SCADA,1,"2019/08/22 18:00:00",HALLWF1,-0.55
D,DISPATCH,UNIT_SCADA,1,"2019/08/22 18:00:00",HALLWF2,-0.36
D,DISPATCH,UNIT_SCADA,1,"2019/08/22 18:00:00",HAMISF1,0
D,DISPATCH,UNIT_SCADA,1,"2019/08/22 18:00:00",HAUGHT11,0
D,DISPATCH,UNIT_SCADA,1,"2019/08/22 18:00:00",HAYMSF1,0
D,DISPATCH,UNIT_SCADA,1,"2019/08/22 18:00:00",HDWF1,6.10
D,DISPATCH,UNIT_SCADA,1,"2019/08/22 18:00:00",HDWF2,6.50
D,DISPATCH,UNIT_SCADA,1,"2019/08/22 18:00:00",HDWF3,6.40
D,DISPATCH,UNIT_SCADA,1,"2019/08/22 18:00:00",HPRG1,0
D,DISPATCH,UNIT_SCADA,1,"2019/08/22 18:00:00",HPRL1,2.90
D,DISPATCH,UNIT_SCADA,1,"2019/08/22 18:00:00",HUMENSW,0
D,DISPATCH,UNIT_SCADA,1,"2019/08/22 18:00:00",HUMEV,8.40
D,DISPATCH,UNIT_SCADA,1,"2019/08/22 18:00:00",HVGTS,0
D,DISPATCH,UNIT_SCADA,1,"2019/08/22 18:00:00",JBUTTERS,140.569990
D,DISPATCH,UNIT_SCADA,1,"2019/08/22 18:00:00",JLA01,0.50
D,DISPATCH,UNIT_SCADA,1,"2019/08/22 18:00:00",JLA02,0
D,DISPATCH,UNIT_SCADA,1,"2019/08/22 18:00:00",JLA03,0.10
D,DISPATCH,UNIT_SCADA,1,"2019/08/22 18:00:00",JLA04,0.10
D,DISPATCH,UNIT_SCADA,1,"2019/08/22 18:00:00",JLB01,0
D,DISPATCH,UNIT_SCADA,1,"2019/08/22 18:00:00",JLB02,83.50
D,DISPATCH,UNIT_SCADA,1,"2019/08/22 18:00:00",JLB03,83.60
D,DISPATCH,UNIT_SCADA,1,"2019/08/22 18:00:00",KAREEYA1,21.5025
D,DISPATCH,UNIT_SCADA,1,"2019/08/22 18:00:00",KAREEYA2,21.4975
D,DISPATCH,UNIT_SCADA,1,"2019/08/22 18:00:00",KAREEYA3,0
D,DISPATCH,UNIT_SCADA,1,"2019/08/22 18:00:00",KAREEYA4,21.7475
D,DISPATCH,UNIT_SCADA,1,"2019/08/22 18:00:00",KARSF1,0.80
D,DISPATCH,UNIT_SCADA,1,"2019/08/22 18:00:00",KIATAWF1,14
D,DISPATCH,UNIT_SCADA,1,"2019/08/22 18:00:00",KPP_1,0
D,DISPATCH,UNIT_SCADA,1,"2019/08/22 18:00:00",KSP1,4
D,DISPATCH,UNIT_SCADA,1,"2019/08/22 18:00:00",LADBROK1,42.63
D,DISPATCH,UNIT_SCADA,1,"2019/08/22 18:00:00",LADBROK2,43.30
D,DISPATCH,UNIT_SCADA,1,"2019/08/22 18:00:00",LD01,424.6875
D,DISPATCH,UNIT_SCADA,1,"2019/08/22 18:00:00",LD02,423.3750
D,DISPATCH,UNIT_SCADA,1,"2019/08/22 18:00:00",LD03,427.949980
D,DISPATCH,UNIT_SCADA,1,"2019/08/22 18:00:00",LD04,384.862520
D,DISPATCH,UNIT_SCADA,1,"2019/08/22 18:00:00",LEM_WIL,86.1183
D,DISPATCH,UNIT_SCADA,1,"2019/08/22 18:00:00",LGAPWF1,12.16
D,DISPATCH,UNIT_SCADA,1,"2019/08/22 18:00:00",LILYSF1,0
D,DISPATCH,UNIT_SCADA,1,"2019/08/22 18:00:00",LI_WY_CA,149.701170
D,DISPATCH,UNIT_SCADA,1,"2019/08/22 18:00:00",LKBONNY2,17.688630
D,DISPATCH,UNIT_SCADA,1,"2019/08/22 18:00:00",LKBONNY3,5.358910
D,DISPATCH,UNIT_SCADA,1,"2019/08/22 18:00:00",LK_ECHO,0
D,DISPATCH,UNIT_SCADA,1,"2019/08/22 18:00:00",LNGS1,0
D,DISPATCH,UNIT_SCADA,1,"2019/08/22 18:00:00",LNGS2,0
D,DISPATCH,UNIT_SCADA,1,"2019/08/22 18:00:00",LONSDALE,0
D,DISPATCH,UNIT_SCADA,1,"2019/08/22 18:00:00",LOYYB1,536.088620
D,DISPATCH,UNIT_SCADA,1,"2019/08/22 18:00:00",LOYYB2,584.586060
D,DISPATCH,UNIT_SCADA,1,"2019/08/22 18:00:00",LYA1,560
D,DISPATCH,UNIT_SCADA,1,"2019/08/22 18:00:00",LYA2,0
D,DISPATCH,UNIT_SCADA,1,"2019/08/22 18:00:00",LYA3,559
D,DISPATCH,UNIT_SCADA,1,"2019/08/22 18:00:00",LYA4,540
D,DISPATCH,UNIT_SCADA,1,"2019/08/22 18:00:00",MACARTH1,0
D,DISPATCH,UNIT_SCADA,1,"2019/08/22 18:00:00",MACKAYGT,0
D,DISPATCH,UNIT_SCADA,1,"2019/08/22 18:00:00",MACKNTSH,85.84
D,DISPATCH,UNIT_SCADA,1,"2019/08/22 18:00:00",MANSLR1,0
D,DISPATCH,UNIT_SCADA,1,"2019/08/22 18:00:00",MCKAY1,164.394990
D,DISPATCH,UNIT_SCADA,1,"2019/08/22 18:00:00",MEADOWBK,34.381740
D,DISPATCH,UNIT_SCADA,1,"2019/08/22 18:00:00",MERCER01,13.1250
D,DISPATCH,UNIT_SCADA,1,"2019/08/22 18:00:00",MEWF1,12.570620
D,DISPATCH,UNIT_SCADA,1,"2019/08/22 18:00:00",MINTARO,0
D,DISPATCH,UNIT_SCADA,1,"2019/08/22 18:00:00",MOREESF1,0
D,DISPATCH,UNIT_SCADA,1,"2019/08/22 18:00:00",MORTLK11,259
D,DISPATCH,UNIT_SCADA,1,"2019/08/22 18:00:00",MORTLK12,0
D,DISPATCH,UNIT_SCADA,1,"2019/08/22 18:00:00",MP1,341.275020
D,DISPATCH,UNIT_SCADA,1,"2019/08/22 18:00:00",MP2,0
D,DISPATCH,UNIT_SCADA,1,"2019/08/22 18:00:00",MPP_1,410.25
D,DISPATCH,UNIT_SCADA,1,"2019/08/22 18:00:00",MPP_2,434
D,DISPATCH,UNIT_SCADA,1,"2019/08/22 18:00:00",MSTUART1,0
D,DISPATCH,UNIT_SCADA,1,"2019/08/22 18:00:00",MSTUART2,0
D,DISPATCH,UNIT_SCADA,1,"2019/08/22 18:00:00",MSTUART3,0
D,DISPATCH,UNIT_SCADA,1,"2019/08/22 18:00:00",MTGELWF1,17.868590
D,DISPATCH,UNIT_SCADA,1,"2019/08/22 18:00:00",MURRAY,973.086360
D,DISPATCH,UNIT_SCADA,1,"2019/08/22 18:00:00",MUSSELR1,59.60
D,DISPATCH,UNIT_SCADA,1,"2019/08/22 18:00:00",MUWAWF1,14.09
D,DISPATCH,UNIT_SCADA,1,"2019/08/22 18:00:00",NBHWF1,-0.60
D,DISPATCH,UNIT_SCADA,1,"2019/08/22 18:00:00",NPS,511.1250
D,DISPATCH,UNIT_SCADA,1,"2019/08/22 18:00:00",NUMURSF1,0
D,DISPATCH,UNIT_SCADA,1,"2019/08/22 18:00:00",NYNGAN1,0
D,DISPATCH,UNIT_SCADA,1,"2019/08/22 18:00:00",OAKEY1,0
D,DISPATCH,UNIT_SCADA,1,"2019/08/22 18:00:00",OAKEY1SF,0.02
D,DISPATCH,UNIT_SCADA,1,"2019/08/22 18:00:00",OAKEY2,0
D,DISPATCH,UNIT_SCADA,1,"2019/08/22 18:00:00",OAKLAND1,7.60
D,DISPATCH,UNIT_SCADA,1,"2019/08/22 18:00:00",OSB-AG,183.549990
D,DISPATCH,UNIT_SCADA,1,"2019/08/22 18:00:00",PARSF1,0
D,DISPATCH,UNIT_SCADA,1,"2019/08/22 18:00:00",POAT110,57.324560
D,DISPATCH,UNIT_SCADA,1,"2019/08/22 18:00:00",POAT220,111.651530
D,DISPATCH,UNIT_SCADA,1,"2019/08/22 18:00:00",POR01,0
D,DISPATCH,UNIT_SCADA,1,"2019/08/22 18:00:00",POR03,0
D,DISPATCH,UNIT_SCADA,1,"2019/08/22 18:00:00",PPCCGT,495.682460
D,DISPATCH,UNIT_SCADA,1,"2019/08/22 18:00:00",PTSTAN1,0
D,DISPATCH,UNIT_SCADA,1,"2019/08/22 18:00:00",PUMP1,0
D,DISPATCH,UNIT_SCADA,1,"2019/08/22 18:00:00",PUMP2,0
D,DISPATCH,UNIT_SCADA,1,"2019/08/22 18:00:00",QPS1,29.10
D,DISPATCH,UNIT_SCADA,1,"2019/08/22 18:00:00",QPS2,0
D,DISPATCH,UNIT_SCADA,1,"2019/08/22 18:00:00",QPS3,0
D,DISPATCH,UNIT_SCADA,1,"2019/08/22 18:00:00",QPS4,0
D,DISPATCH,UNIT_SCADA,1,"2019/08/22 18:00:00",QPS5,126.65
D,DISPATCH,UNIT_SCADA,1,"2019/08/22 18:00:00",REECE1,118.900010
D,DISPATCH,UNIT_SCADA,1,"2019/08/22 18:00:00",REECE2,118.260010
D,DISPATCH,UNIT_SCADA,1,"2019/08/22 18:00:00",ROMA_7,0
D,DISPATCH,UNIT_SCADA,1,"2019/08/22 18:00:00",ROMA_8,0
D,DISPATCH,UNIT_SCADA,1,"2019/08/22 18:00:00",RRSF1,0
D,DISPATCH,UNIT_SCADA,1,"2019/08/22 18:00:00",RT_NSW1,0
D,DISPATCH,UNIT_SCADA,1,"2019/08/22 18:00:00",RT_NSW2,0
D,DISPATCH,UNIT_SCADA,1,"2019/08/22 18:00:00",RT_NSW3,0
D,DISPATCH,UNIT_SCADA,1,"2019/08/22 18:00:00",RT_NSW4,0
D,DISPATCH,UNIT_SCADA,1,"2019/08/22 18:00:00",RT_NSW5,0
D,DISPATCH,UNIT_SCADA,1,"2019/08/22 18:00:00",RT_NSW6,0
D,DISPATCH,UNIT_SCADA,1,"2019/08/22 18:00:00",RT_QLD1,0
D,DISPATCH,UNIT_SCADA,1,"2019/08/22 18:00:00",RT_SA1,0
D,DISPATCH,UNIT_SCADA,1,"2019/08/22 18:00:00",RT_SA2,0
D,DISPATCH,UNIT_SCADA,1,"2019/08/22 18:00:00",RT_SA3,0
D,DISPATCH,UNIT_SCADA,1,"2019/08/22 18:00:00",RT_SA4,0
D,DISPATCH,UNIT_SCADA,1,"2019/08/22 18:00:00",RT_SA5,0
D,DISPATCH,UNIT_SCADA,1,"2019/08/22 18:00:00",RT_SA6,0
D,DISPATCH,UNIT_SCADA,1,"2019/08/22 18:00:00",RT_TAS1,0
D,DISPATCH,UNIT_SCADA,1,"2019/08/22 18:00:00",RT_VIC1,0
D,DISPATCH,UNIT_SCADA,1,"2019/08/22 18:00:00",RT_VIC10,0
D,DISPATCH,UNIT_SCADA,1,"2019/08/22 18:00:00",RT_VIC11,0
D,DISPATCH,UNIT_SCADA,1,"2019/08/22 18:00:00",RT_VIC12,0
D,DISPATCH,UNIT_SCADA,1,"2019/08/22 18:00:00",RT_VIC2,0
D,DISPATCH,UNIT_SCADA,1,"2019/08/22 18:00:00",RT_VIC3,0
D,DISPATCH,UNIT_SCADA,1,"2019/08/22 18:00:00",RT_VIC4,0
D,DISPATCH,UNIT_SCADA,1,"2019/08/22 18:00:00",RT_VIC5,0
D,DISPATCH,UNIT_SCADA,1,"2019/08/22 18:00:00",RT_VIC6,0
D,DISPATCH,UNIT_SCADA,1,"2019/08/22 18:00:00",RT_VIC7,0
D,DISPATCH,UNIT_SCADA,1,"2019/08/22 18:00:00",RT_VIC8,0
D,DISPATCH,UNIT_SCADA,1,"2019/08/22 18:00:00",RT_VIC9,0
D,DISPATCH,UNIT_SCADA,1,"2019/08/22 18:00:00",RUGBYR1,0
D,DISPATCH,UNIT_SCADA,1,"2019/08/22 18:00:00",SALTCRK1,4.35
D,DISPATCH,UNIT_SCADA,1,"2019/08/22 18:00:00",SAPHWF1,218.540650
D,DISPATCH,UNIT_SCADA,1,"2019/08/22 18:00:00",SHGEN,194.990480
D,DISPATCH,UNIT_SCADA,1,"2019/08/22 18:00:00",SHPUMP,0
D,DISPATCH,UNIT_SCADA,1,"2019/08/22 18:00:00",SITHE01,0.405050
D,DISPATCH,UNIT_SCADA,1,"2019/08/22 18:00:00",SMCSF1,0
D,DISPATCH,UNIT_SCADA,1,"2019/08/22 18:00:00",SNOWNTH1,0.80
D,DISPATCH,UNIT_SCADA,1,"2019/08/22 18:00:00",SNOWSTH1,9.50
D,DISPATCH,UNIT_SCADA,1,"2019/08/22 18:00:00",SNOWTWN1,1.286060
D,DISPATCH,UNIT_SCADA,1,"2019/08/22 18:00:00",SNOWYP,0
D,DISPATCH,UNIT_SCADA,1,"2019/08/22 18:00:00",SNUG1,0.019440
D,DISPATCH,UNIT_SCADA,1,"2019/08/22 18:00:00",SRSF1,0.43
D,DISPATCH,UNIT_SCADA,1,"2019/08/22 18:00:00",STAN-1,0
D,DISPATCH,UNIT_SCADA,1,"2019/08/22 18:00:00",STAN-2,346.516420
D,DISPATCH,UNIT_SCADA,1,"2019/08/22 18:00:00",STAN-3,339.594790
D,DISPATCH,UNIT_SCADA,1,"2019/08/22 18:00:00",STAN-4,361.2825
D,DISPATCH,UNIT_SCADA,1,"2019/08/22 18:00:00",STWF1,13.860020
D,DISPATCH,UNIT_SCADA,1,"2019/08/22 18:00:00",SWAN_E,0
D,DISPATCH,UNIT_SCADA,1,"2019/08/22 18:00:00",TALWA1,421
D,DISPATCH,UNIT_SCADA,1,"2019/08/22 18:00:00",TARALGA1,34.811260
D,DISPATCH,UNIT_SCADA,1,"2019/08/22 18:00:00",TARONG#1,334.800020
D,DISPATCH,UNIT_SCADA,1,"2019/08/22 18:00:00",TARONG#2,335.100010
D,DISPATCH,UNIT_SCADA,1,"2019/08/22 18:00:00",TARONG#3,263.600010
D,DISPATCH,UNIT_SCADA,1,"2019/08/22 18:00:00",TARONG#4,349
D,DISPATCH,UNIT_SCADA,1,"2019/08/22 18:00:00",TARRALEA,83.90
D,DISPATCH,UNIT_SCADA,1,"2019/08/22 18:00:00",TBSF1,1.10
D,DISPATCH,UNIT_SCADA,1,"2019/08/22 18:00:00",TNPS1,442.300020
D,DISPATCH,UNIT_SCADA,1,"2019/08/22 18:00:00",TORRA1,115.9461
D,DISPATCH,UNIT_SCADA,1,"2019/08/22 18:00:00",TORRA2,0
D,DISPATCH,UNIT_SCADA,1,"2019/08/22 18:00:00",TORRA3,45.290350
D,DISPATCH,UNIT_SCADA,1,"2019/08/22 18:00:00",TORRA4,110.891330
D,DISPATCH,UNIT_SCADA,1,"2019/08/22 18:00:00",TORRB1,130.30
D,DISPATCH,UNIT_SCADA,1,"2019/08/22 18:00:00",TORRB2,193.69
D,DISPATCH,UNIT_SCADA,1,"2019/08/22 18:00:00",TORRB3,0
D,DISPATCH,UNIT_SCADA,1,"2019/08/22 18:00:00",TORRB4,0
D,DISPATCH,UNIT_SCADA,1,"2019/08/22 18:00:00",TREVALLN,86.720030
D,DISPATCH,UNIT_SCADA,1,"2019/08/22 18:00:00",TRIBUTE,84.46
D,DISPATCH,UNIT_SCADA,1,"2019/08/22 18:00:00",TUMUT3,0
D,DISPATCH,UNIT_SCADA,1,"2019/08/22 18:00:00",TUNGATIN,138.870030
D,DISPATCH,UNIT_SCADA,1,"2019/08/22 18:00:00",TVCC201,0
D,DISPATCH,UNIT_SCADA,1,"2019/08/22 18:00:00",TVPP104,57.982850
D,DISPATCH,UNIT_SCADA,1,"2019/08/22 18:00:00",UPPTUMUT,58.862270
D,DISPATCH,UNIT_SCADA,1,"2019/08/22 18:00:00",URANQ11,166.137510
D,DISPATCH,UNIT_SCADA,1,"2019/08/22 18:00:00",URANQ12,78.918730
D,DISPATCH,UNIT_SCADA,1,"2019/08/22 18:00:00",URANQ13,0
D,DISPATCH,UNIT_SCADA,1,"2019/08/22 18:00:00",URANQ14,0
D,DISPATCH,UNIT_SCADA,1,"2019/08/22 18:00:00",VP5,570.025020
D,DISPATCH,UNIT_SCADA,1,"2019/08/22 18:00:00",VP6,631.424990
D,DISPATCH,UNIT_SCADA,1,"2019/08/22 18:00:00",VPGS1,0
D,DISPATCH,UNIT_SCADA,1,"2019/08/22 18:00:00",VPGS2,0
D,DISPATCH,UNIT_SCADA,1,"2019/08/22 18:00:00",VPGS3,0
D,DISPATCH,UNIT_SCADA,1,"2019/08/22 18:00:00",VPGS4,0
D,DISPATCH,UNIT_SCADA,1,"2019/08/22 18:00:00",VPGS5,0
D,DISPATCH,UNIT_SCADA,1,"2019/08/22 18:00:00",VPGS6,0
D,DISPATCH,UNIT_SCADA,1,"2019/08/22 18:00:00",W/HOE#1,161.36
D,DISPATCH,UNIT_SCADA,1,"2019/08/22 18:00:00",W/HOE#2,0
D,DISPATCH,UNIT_SCADA,1,"2019/08/22 18:00:00",WATERLWF,-0.90
D,DISPATCH,UNIT_SCADA,1,"2019/08/22 18:00:00",WEMENSF1,0.30
D,DISPATCH,UNIT_SCADA,1,"2019/08/22 18:00:00",WGWF1,6.90
D,DISPATCH,UNIT_SCADA,1,"2019/08/22 18:00:00",WHITSF1,0
D,DISPATCH,UNIT_SCADA,1,"2019/08/22 18:00:00",WKIEWA1,0
D,DISPATCH,UNIT_SCADA,1,"2019/08/22 18:00:00",WKIEWA2,0.10
D,DISPATCH,UNIT_SCADA,1,"2019/08/22 18:00:00",WOODLWN1,7.514980
D,DISPATCH,UNIT_SCADA,1,"2019/08/22 18:00:00",WRSF1,0
D,DISPATCH,UNIT_SCADA,1,"2019/08/22 18:00:00",WRWF1,107.761250
D,DISPATCH,UNIT_SCADA,1,"2019/08/22 18:00:00",YABULU,0
D,DISPATCH,UNIT_SCADA,1,"2019/08/22 18:00:00",YABULU2,0
D,DISPATCH,UNIT_SCADA,1,"2019/08/22 18:00:00",YARWUN_1,0
D,DISPATCH,UNIT_SCADA,1,"2019/08/22 18:00:00",YENDWF1,21.25
D,DISPATCH,UNIT_SCADA,1,"2019/08/22 18:00:00",YWPS1,376.941770
D,DISPATCH,UNIT_SCADA,1,"2019/08/22 18:00:00",YWPS2,288.217710
D,DISPATCH,UNIT_SCADA,1,"2019/08/22 18:00:00",YWPS3,0
D,DISPATCH,UNIT_SCADA,1,"2019/08/22 18:00:00",YWPS4,400.036710
C,"END OF REPORT",334
