C,NEMP.WORLD,DISPATCHSCADA,AEMO,PUBLIC,2019/08/20,11:35:08,0000000311783926,DISPATCHSCADA,0000000311783920
I,DISPATCH,UNIT_SCADA,1,SETTLEMENTDATE,DUID,SCADAVALUE
D,DISPATCH,UNIT_SCADA,1,"2019/08/20 11:40:00",BARCSF1,18.50
D,DISPATCH,UNIT_SCADA,1,"2019/08/20 11:40:00",BUTLERSG,9.799998
D,DISPATCH,UNIT_SCADA,1,"2019/08/20 11:40:00",CALL_A_4,0
D,DISPATCH,UNIT_SCADA,1,"2019/08/20 11:40:00",CAPTL_WF,129.359985
D,DISPATCH,UNIT_SCADA,1,"2019/08/20 11:40:00",CATHROCK,49.459995
D,DISPATCH,UNIT_SCADA,1,"2019/08/20 11:40:00",CHALLHWF,17.40
D,DISPATCH,UNIT_SCADA,1,"2019/08/20 11:40:00",CLOVER,-0.01
D,DISPATCH,UNIT_SCADA,1,"2019/08/20 11:40:00",CLUNY,15.187457
D,DISPATCH,UNIT_SCADA,1,"2019/08/20 11:40:00",CNUNDAWF,39.245781
D,DISPATCH,UNIT_SCADA,1,"2019/08/20 11:40:00",CULLRGWF,30.360001
D,DISPATCH,UNIT_SCADA,1,"2019/08/20 11:40:00",ERGT01,0
D,DISPATCH,UNIT_SCADA,1,"2019/08/20 11:40:00",GB01,0.064209
D,DISPATCH,UNIT_SCADA,1,"2019/08/20 11:40:00",GERMCRK,38.700001
D,DISPATCH,UNIT_SCADA,1,"2019/08/20 11:40:00",GRIFSF1,11.596870
D,DISPATCH,UNIT_SCADA,1,"2019/08/20 11:40:00",HUGSF1,8.9890
D,DISPATCH,UNIT_SCADA,1,"2019/08/20 11:40:00",LKBONNY1,73.4123
D,DISPATCH,UNIT_SCADA,1,"2019/08/20 11:40:00",LRSF1,8.9250
D,DISPATCH,UNIT_SCADA,1,"2019/08/20 11:40:00",MBAHNTH,54.018753
D,DISPATCH,UNIT_SCADA,1,"2019/08/20 11:40:00",MLSP1,11.114001
D,DISPATCH,UNIT_SCADA,1,"2019/08/20 11:40:00",MLWF1,19.74
D,DISPATCH,UNIT_SCADA,1,"2019/08/20 11:40:00",MTMILLAR,19.272997
D,DISPATCH,UNIT_SCADA,1,"2019/08/20 11:40:00",PALOONA,7.86
D,DISPATCH,UNIT_SCADA,1,"2019/08/20 11:40:00",PIONEER,11
D,DISPATCH,UNIT_SCADA,1,"2019/08/20 11:40:00",PORTWF,135
D,DISPATCH,UNIT_SCADA,1,"2019/08/20 11:40:00",REPULSE,29.050125
D,DISPATCH,UNIT_SCADA,1,"2019/08/20 11:40:00",ROWALLAN,9.7696
D,DISPATCH,UNIT_SCADA,1,"2019/08/20 11:40:00",ROYALLA1,19.299002
D,DISPATCH,UNIT_SCADA,1,"2019/08/20 11:40:00",RPCG,9.90
D,DISPATCH,UNIT_SCADA,1,"2019/08/20 11:40:00",RUBICON,0
D,DISPATCH,UNIT_SCADA,1,"2019/08/20 11:40:00",SATGN1,0
D,DISPATCH,UNIT_SCADA,1,"2019/08/20 11:40:00",SATGS1,0
D,DISPATCH,UNIT_SCADA,1,"2019/08/20 11:40:00",STARHLWF,17.394928
D,DISPATCH,UNIT_SCADA,1,"2019/08/20 11:40:00",WAUBRAWF,50.175999
D,DISPATCH,UNIT_SCADA,1,"2019/08/20 11:40:00",WOOLNTH1,126.720024
D,DISPATCH,UNIT_SCADA,1,"2019/08/20 11:40:00",WPWF,40
D,DISPATCH,UNIT_SCADA,1,"2019/08/20 11:40:00",YAMBUKWF,30
D,DISPATCH,UNIT_SCADA,1,"2019/08/20 11:40:00",YSWF1,28.799999
D,DISPATCH,UNIT_SCADA,1,"2019/08/20 11:40:00",AGLHAL,0
D,DISPATCH,UNIT_SCADA,1,"2019/08/20 11:40:00",AGLSOM,0
D,DISPATCH,UNIT_SCADA,1,"2019/08/20 11:40:00",ANGAST1,0
D,DISPATCH,UNIT_SCADA,1,"2019/08/20 11:40:00",ARWF1,82.600010
D,DISPATCH,UNIT_SCADA,1,"2019/08/20 11:40:00",BALBG1,0
D,DISPATCH,UNIT_SCADA,1,"2019/08/20 11:40:00",BALBL1,9.07
D,DISPATCH,UNIT_SCADA,1,"2019/08/20 11:40:00",BALDHWF1,103.1470
D,DISPATCH,UNIT_SCADA,1,"2019/08/20 11:40:00",BANN1,59.18
D,DISPATCH,UNIT_SCADA,1,"2019/08/20 11:40:00",BARCALDN,0
D,DISPATCH,UNIT_SCADA,1,"2019/08/20 11:40:00",BARRON-1,0
D,DISPATCH,UNIT_SCADA,1,"2019/08/20 11:40:00",BARRON-2,0
D,DISPATCH,UNIT_SCADA,1,"2019/08/20 11:40:00",BASTYAN,80.680010
D,DISPATCH,UNIT_SCADA,1,"2019/08/20 11:40:00",BBTHREE1,-1.96
D,DISPATCH,UNIT_SCADA,1,"2019/08/20 11:40:00",BBTHREE2,-2.03
D,DISPATCH,UNIT_SCADA,1,"2019/08/20 11:40:00",BBTHREE3,-1.03
D,DISPATCH,UNIT_SCADA,1,"2019/08/20 11:40:00",BDL01,0
D,DISPATCH,UNIT_SCADA,1,"2019/08/20 11:40:00",BDL02,0
D,DISPATCH,UNIT_SCADA,1,"2019/08/20 11:40:00",BERYLSF1,70.168210
D,DISPATCH,UNIT_SCADA,1,"2019/08/20 11:40:00",BLOWERNG,0
D,DISPATCH,UNIT_SCADA,1,"2019/08/20 11:40:00",BLUFF1,41.90
D,DISPATCH,UNIT_SCADA,1,"2019/08/20 11:40:00",BNGSF1,66.45
D,DISPATCH,UNIT_SCADA,1,"2019/08/20 11:40:00",BNGSF2,19.99
D,DISPATCH,UNIT_SCADA,1,"2019/08/20 11:40:00",BOCORWF1,109.88
D,DISPATCH,UNIT_SCADA,1,"2019/08/20 11:40:00",BODWF1,40.1123
D,DISPATCH,UNIT_SCADA,1,"2019/08/20 11:40:00",BRAEMAR1,0
D,DISPATCH,UNIT_SCADA,1,"2019/08/20 11:40:00",BRAEMAR2,0
D,DISPATCH,UNIT_SCADA,1,"2019/08/20 11:40:00",BRAEMAR3,0
D,DISPATCH,UNIT_SCADA,1,"2019/08/20 11:40:00",BRAEMAR5,0
D,DISPATCH,UNIT_SCADA,1,"2019/08/20 11:40:00",BRAEMAR6,0
D,DISPATCH,UNIT_SCADA,1,"2019/08/20 11:40:00",BRAEMAR7,0
D,DISPATCH,UNIT_SCADA,1,"2019/08/20 11:40:00",BROKENH1,53.0415
D,DISPATCH,UNIT_SCADA,1,"2019/08/20 11:40:00",BW01,372.275020
D,DISPATCH,UNIT_SCADA,1,"2019/08/20 11:40:00",BW02,448.174930
D,DISPATCH,UNIT_SCADA,1,"2019/08/20 11:40:00",BW03,573.425050
D,DISPATCH,UNIT_SCADA,1,"2019/08/20 11:40:00",BW04,0
D,DISPATCH,UNIT_SCADA,1,"2019/08/20 11:40:00",CALL_B_1,349.700010
D,DISPATCH,UNIT_SCADA,1,"2019/08/20 11:40:00",CALL_B_2,280.100010
D,DISPATCH,UNIT_SCADA,1,"2019/08/20 11:40:00",CETHANA,93.214870
D,DISPATCH,UNIT_SCADA,1,"2019/08/20 11:40:00",CG1,0
D,DISPATCH,UNIT_SCADA,1,"2019/08/20 11:40:00",CG2,0
D,DISPATCH,UNIT_SCADA,1,"2019/08/20 11:40:00",CG3,0
D,DISPATCH,UNIT_SCADA,1,"2019/08/20 11:40:00",CG4,0
D,DISPATCH,UNIT_SCADA,1,"2019/08/20 11:40:00",CHILDSF1,40.04
D,DISPATCH,UNIT_SCADA,1,"2019/08/20 11:40:00",CLARESF1,44.881920
D,DISPATCH,UNIT_SCADA,1,"2019/08/20 11:40:00",CLEMGPWF,24.635970
D,DISPATCH,UNIT_SCADA,1,"2019/08/20 11:40:00",CLERMSF1,15.13
D,DISPATCH,UNIT_SCADA,1,"2019/08/20 11:40:00",COLEASF1,50.50
D,DISPATCH,UNIT_SCADA,1,"2019/08/20 11:40:00",COOPGWF1,20.8710
D,DISPATCH,UNIT_SCADA,1,"2019/08/20 11:40:00",CPP_3,230.1750
D,DISPATCH,UNIT_SCADA,1,"2019/08/20 11:40:00",CPP_4,292.600010
D,DISPATCH,UNIT_SCADA,1,"2019/08/20 11:40:00",CPSA,143.513750
D,DISPATCH,UNIT_SCADA,1,"2019/08/20 11:40:00",CROOKWF2,85.223750
D,DISPATCH,UNIT_SCADA,1,"2019/08/20 11:40:00",CROWLWF1,40.902660
D,DISPATCH,UNIT_SCADA,1,"2019/08/20 11:40:00",CSPVPS1,31.9870
D,DISPATCH,UNIT_SCADA,1,"2019/08/20 11:40:00",DALNTH01,0
D,DISPATCH,UNIT_SCADA,1,"2019/08/20 11:40:00",DALNTHL1,0.032040
D,DISPATCH,UNIT_SCADA,1,"2019/08/20 11:40:00",DARTM1,0
D,DISPATCH,UNIT_SCADA,1,"2019/08/20 11:40:00",DAYDSF1,113.6890
D,DISPATCH,UNIT_SCADA,1,"2019/08/20 11:40:00",DDPS1,0
D,DISPATCH,UNIT_SCADA,1,"2019/08/20 11:40:00",DDSF1,108.474370
D,DISPATCH,UNIT_SCADA,1,"2019/08/20 11:40:00",DEVILS_G,0
D,DISPATCH,UNIT_SCADA,1,"2019/08/20 11:40:00",DG_NSW1,0
D,DISPATCH,UNIT_SCADA,1,"2019/08/20 11:40:00",DG_QLD1,0
D,DISPATCH,UNIT_SCADA,1,"2019/08/20 11:40:00",DG_SA1,0
D,DISPATCH,UNIT_SCADA,1,"2019/08/20 11:40:00",DG_TAS1,0
D,DISPATCH,UNIT_SCADA,1,"2019/08/20 11:40:00",DG_VIC1,0
D,DISPATCH,UNIT_SCADA,1,"2019/08/20 11:40:00",DRYCGT1,0
D,DISPATCH,UNIT_SCADA,1,"2019/08/20 11:40:00",DRYCGT2,0
D,DISPATCH,UNIT_SCADA,1,"2019/08/20 11:40:00",DRYCGT3,0
D,DISPATCH,UNIT_SCADA,1,"2019/08/20 11:40:00",EILDON1,0
D,DISPATCH,UNIT_SCADA,1,"2019/08/20 11:40:00",EILDON2,0
D,DISPATCH,UNIT_SCADA,1,"2019/08/20 11:40:00",EMERASF1,61.32
D,DISPATCH,UNIT_SCADA,1,"2019/08/20 11:40:00",ER01,423.25
D,DISPATCH,UNIT_SCADA,1,"2019/08/20 11:40:00",ER02,423.525020
D,DISPATCH,UNIT_SCADA,1,"2019/08/20 11:40:00",ER03,454.849980
D,DISPATCH,UNIT_SCADA,1,"2019/08/20 11:40:00",ER04,427.175050
D,DISPATCH,UNIT_SCADA,1,"2019/08/20 11:40:00",FINLYSF1,0
D,DISPATCH,UNIT_SCADA,1,"2019/08/20 11:40:00",FISHER,45.95
D,DISPATCH,UNIT_SCADA,1,"2019/08/20 11:40:00",GANNBG1,0
D,DISPATCH,UNIT_SCADA,1,"2019/08/20 11:40:00",GANNBL1,0.031430
D,DISPATCH,UNIT_SCADA,1,"2019/08/20 11:40:00",GANNSF1,14.10
D,DISPATCH,UNIT_SCADA,1,"2019/08/20 11:40:00",GORDON,0
D,DISPATCH,UNIT_SCADA,1,"2019/08/20 11:40:00",GSTONE1,110.25
D,DISPATCH,UNIT_SCADA,1,"2019/08/20 11:40:00",GSTONE2,109.3750
D,DISPATCH,UNIT_SCADA,1,"2019/08/20 11:40:00",GSTONE3,143.50
D,DISPATCH,UNIT_SCADA,1,"2019/08/20 11:40:00",GSTONE4,131.774990
D,DISPATCH,UNIT_SCADA,1,"2019/08/20 11:40:00",GSTONE5,130.3750
D,DISPATCH,UNIT_SCADA,1,"2019/08/20 11:40:00",GSTONE6,0
D,DISPATCH,UNIT_SCADA,1,"2019/08/20 11:40:00",GULLRSF1,7.935760
D,DISPATCH,UNIT_SCADA,1,"2019/08/20 11:40:00",GULLRWF1,151.025180
D,DISPATCH,UNIT_SCADA,1,"2019/08/20 11:40:00",GUNNING1,46.210390
D,DISPATCH,UNIT_SCADA,1,"2019/08/20 11:40:00",GUTHEGA,0
D,DISPATCH,UNIT_SCADA,1,"2019/08/20 11:40:00",HALLWF1,72.95
D,DISPATCH,UNIT_SCADA,1,"2019/08/20 11:40:00",HALLWF2,55.31
D,DISPATCH,UNIT_SCADA,1,"2019/08/20 11:40:00",HAMISF1,45.40
D,DISPATCH,UNIT_SCADA,1,"2019/08/20 11:40:00",HAUGHT11,50.044930
D,DISPATCH,UNIT_SCADA,1,"2019/08/20 11:40:00",HAYMSF1,41.04
D,DISPATCH,UNIT_SCADA,1,"2019/08/20 11:40:00",HDWF1,70.70
D,DISPATCH,UNIT_SCADA,1,"2019/08/20 11:40:00",HDWF2,59
D,DISPATCH,UNIT_SCADA,1,"2019/08/20 11:40:00",HDWF3,68.50
D,DISPATCH,UNIT_SCADA,1,"2019/08/20 11:40:00",HPRG1,0
D,DISPATCH,UNIT_SCADA,1,"2019/08/20 11:40:00",HPRL1,0
D,DISPATCH,UNIT_SCADA,1,"2019/08/20 11:40:00",HUMENSW,0
D,DISPATCH,UNIT_SCADA,1,"2019/08/20 11:40:00",HUMEV,9.20
D,DISPATCH,UNIT_SCADA,1,"2019/08/20 11:40:00",HVGTS,0
D,DISPATCH,UNIT_SCADA,1,"2019/08/20 11:40:00",JBUTTERS,138.05
D,DISPATCH,UNIT_SCADA,1,"2019/08/20 11:40:00",JLA01,0.50
D,DISPATCH,UNIT_SCADA,1,"2019/08/20 11:40:00",JLA02,0
D,DISPATCH,UNIT_SCADA,1,"2019/08/20 11:40:00",JLA03,0.10
D,DISPATCH,UNIT_SCADA,1,"2019/08/20 11:40:00",JLA04,0.10
D,DISPATCH,UNIT_SCADA,1,"2019/08/20 11:40:00",JLB01,0
D,DISPATCH,UNIT_SCADA,1,"2019/08/20 11:40:00",JLB02,0.10
D,DISPATCH,UNIT_SCADA,1,"2019/08/20 11:40:00",JLB03,0
D,DISPATCH,UNIT_SCADA,1,"2019/08/20 11:40:00",KAREEYA1,21.4475
D,DISPATCH,UNIT_SCADA,1,"2019/08/20 11:40:00",KAREEYA2,21.7425
D,DISPATCH,UNIT_SCADA,1,"2019/08/20 11:40:00",KAREEYA3,0
D,DISPATCH,UNIT_SCADA,1,"2019/08/20 11:40:00",KAREEYA4,21.6875
D,DISPATCH,UNIT_SCADA,1,"2019/08/20 11:40:00",KARSF1,52.50
D,DISPATCH,UNIT_SCADA,1,"2019/08/20 11:40:00",KIATAWF1,30.90
D,DISPATCH,UNIT_SCADA,1,"2019/08/20 11:40:00",KPP_1,0
D,DISPATCH,UNIT_SCADA,1,"2019/08/20 11:40:00",KSP1,46.74
D,DISPATCH,UNIT_SCADA,1,"2019/08/20 11:40:00",LADBROK1,0
D,DISPATCH,UNIT_SCADA,1,"2019/08/20 11:40:00",LADBROK2,0
D,DISPATCH,UNIT_SCADA,1,"2019/08/20 11:40:00",LD01,380.118710
D,DISPATCH,UNIT_SCADA,1,"2019/08/20 11:40:00",LD02,381.6188
D,DISPATCH,UNIT_SCADA,1,"2019/08/20 11:40:00",LD03,385.199980
D,DISPATCH,UNIT_SCADA,1,"2019/08/20 11:40:00",LD04,379.0687
D,DISPATCH,UNIT_SCADA,1,"2019/08/20 11:40:00",LEM_WIL,85.5468
D,DISPATCH,UNIT_SCADA,1,"2019/08/20 11:40:00",LGAPWF1,0
D,DISPATCH,UNIT_SCADA,1,"2019/08/20 11:40:00",LILYSF1,92.274680
D,DISPATCH,UNIT_SCADA,1,"2019/08/20 11:40:00",LI_WY_CA,147.901490
D,DISPATCH,UNIT_SCADA,1,"2019/08/20 11:40:00",LKBONNY2,122.743740
D,DISPATCH,UNIT_SCADA,1,"2019/08/20 11:40:00",LKBONNY3,30.143890
D,DISPATCH,UNIT_SCADA,1,"2019/08/20 11:40:00",LK_ECHO,0
D,DISPATCH,UNIT_SCADA,1,"2019/08/20 11:40:00",LNGS1,0
D,DISPATCH,UNIT_SCADA,1,"2019/08/20 11:40:00",LNGS2,0
D,DISPATCH,UNIT_SCADA,1,"2019/08/20 11:40:00",LONSDALE,0
D,DISPATCH,UNIT_SCADA,1,"2019/08/20 11:40:00",LOYYB1,535.336730
D,DISPATCH,UNIT_SCADA,1,"2019/08/20 11:40:00",LOYYB2,585.337950
D,DISPATCH,UNIT_SCADA,1,"2019/08/20 11:40:00",LYA1,560
D,DISPATCH,UNIT_SCADA,1,"2019/08/20 11:40:00",LYA2,0
D,DISPATCH,UNIT_SCADA,1,"2019/08/20 11:40:00",LYA3,562
D,DISPATCH,UNIT_SCADA,1,"2019/08/20 11:40:00",LYA4,540
D,DISPATCH,UNIT_SCADA,1,"2019/08/20 11:40:00",MACARTH1,363.491610
D,DISPATCH,UNIT_SCADA,1,"2019/08/20 11:40:00",MACKAYGT,0
D,DISPATCH,UNIT_SCADA,1,"2019/08/20 11:40:00",MACKNTSH,85.460010
D,DISPATCH,UNIT_SCADA,1,"2019/08/20 11:40:00",MANSLR1,34.3930
D,DISPATCH,UNIT_SCADA,1,"2019/08/20 11:40:00",MCKAY1,0.02
D,DISPATCH,UNIT_SCADA,1,"2019/08/20 11:40:00",MEADOWBK,34.0102
D,DISPATCH,UNIT_SCADA,1,"2019/08/20 11:40:00",MERCER01,124.3120
D,DISPATCH,UNIT_SCADA,1,"2019/08/20 11:40:00",MEWF1,37.4313
D,DISPATCH,UNIT_SCADA,1,"2019/08/20 11:40:00",MINTARO,0
D,DISPATCH,UNIT_SCADA,1,"2019/08/20 11:40:00",MOREESF1,48.9160
D,DISPATCH,UNIT_SCADA,1,"2019/08/20 11:40:00",MORTLK11,125
D,DISPATCH,UNIT_SCADA,1,"2019/08/20 11:40:00",MORTLK12,0
D,DISPATCH,UNIT_SCADA,1,"2019/08/20 11:40:00",MP1,281.1250
D,DISPATCH,UNIT_SCADA,1,"2019/08/20 11:40:00",MP2,0
D,DISPATCH,UNIT_SCADA,1,"2019/08/20 11:40:00",MPP_1,339
D,DISPATCH,UNIT_SCADA,1,"2019/08/20 11:40:00",MPP_2,355.25
D,DISPATCH,UNIT_SCADA,1,"2019/08/20 11:40:00",MSTUART1,0
D,DISPATCH,UNIT_SCADA,1,"2019/08/20 11:40:00",MSTUART2,0
D,DISPATCH,UNIT_SCADA,1,"2019/08/20 11:40:00",MSTUART3,0
D,DISPATCH,UNIT_SCADA,1,"2019/08/20 11:40:00",MTGELWF1,64.366590
D,DISPATCH,UNIT_SCADA,1,"2019/08/20 11:40:00",MURRAY,0
D,DISPATCH,UNIT_SCADA,1,"2019/08/20 11:40:00",MUSSELR1,166
D,DISPATCH,UNIT_SCADA,1,"2019/08/20 11:40:00",MUWAWF1,44.62
D,DISPATCH,UNIT_SCADA,1,"2019/08/20 11:40:00",NBHWF1,91.10
D,DISPATCH,UNIT_SCADA,1,"2019/08/20 11:40:00",NPS,0
D,DISPATCH,UNIT_SCADA,1,"2019/08/20 11:40:00",NUMURSF1,45.77
D,DISPATCH,UNIT_SCADA,1,"2019/08/20 11:40:00",NYNGAN1,101.50
D,DISPATCH,UNIT_SCADA,1,"2019/08/20 11:40:00",OAKEY1,0
D,DISPATCH,UNIT_SCADA,1,"2019/08/20 11:40:00",OAKEY1SF,21.4230
D,DISPATCH,UNIT_SCADA,1,"2019/08/20 11:40:00",OAKEY2,0
D,DISPATCH,UNIT_SCADA,1,"2019/08/20 11:40:00",OAKLAND1,57.10
D,DISPATCH,UNIT_SCADA,1,"2019/08/20 11:40:00",OSB-AG,139.929990
D,DISPATCH,UNIT_SCADA,1,"2019/08/20 11:40:00",PARSF1,41.20
D,DISPATCH,UNIT_SCADA,1,"2019/08/20 11:40:00",POAT110,0
D,DISPATCH,UNIT_SCADA,1,"2019/08/20 11:40:00",POAT220,6.10
D,DISPATCH,UNIT_SCADA,1,"2019/08/20 11:40:00",POR01,0
D,DISPATCH,UNIT_SCADA,1,"2019/08/20 11:40:00",POR03,0
D,DISPATCH,UNIT_SCADA,1,"2019/08/20 11:40:00",PPCCGT,174.894410
D,DISPATCH,UNIT_SCADA,1,"2019/08/20 11:40:00",PTSTAN1,0
D,DISPATCH,UNIT_SCADA,1,"2019/08/20 11:40:00",PUMP1,0
D,DISPATCH,UNIT_SCADA,1,"2019/08/20 11:40:00",PUMP2,238.25
D,DISPATCH,UNIT_SCADA,1,"2019/08/20 11:40:00",QPS1,0
D,DISPATCH,UNIT_SCADA,1,"2019/08/20 11:40:00",QPS2,0
D,DISPATCH,UNIT_SCADA,1,"2019/08/20 11:40:00",QPS3,0
D,DISPATCH,UNIT_SCADA,1,"2019/08/20 11:40:00",QPS4,0
D,DISPATCH,UNIT_SCADA,1,"2019/08/20 11:40:00",QPS5,0
D,DISPATCH,UNIT_SCADA,1,"2019/08/20 11:40:00",REECE1,115.620010
D,DISPATCH,UNIT_SCADA,1,"2019/08/20 11:40:00",REECE2,115.860010
D,DISPATCH,UNIT_SCADA,1,"2019/08/20 11:40:00",ROMA_7,0
D,DISPATCH,UNIT_SCADA,1,"2019/08/20 11:40:00",ROMA_8,0
D,DISPATCH,UNIT_SCADA,1,"2019/08/20 11:40:00",RRSF1,104.556970
D,DISPATCH,UNIT_SCADA,1,"2019/08/20 11:40:00",RT_NSW1,0
D,DISPATCH,UNIT_SCADA,1,"2019/08/20 11:40:00",RT_NSW2,0
D,DISPATCH,UNIT_SCADA,1,"2019/08/20 11:40:00",RT_NSW3,0
D,DISPATCH,UNIT_SCADA,1,"2019/08/20 11:40:00",RT_NSW4,0
D,DISPATCH,UNIT_SCADA,1,"2019/08/20 11:40:00",RT_NSW5,0
D,DISPATCH,UNIT_SCADA,1,"2019/08/20 11:40:00",RT_NSW6,0
D,DISPATCH,UNIT_SCADA,1,"2019/08/20 11:40:00",RT_QLD1,0
D,DISPATCH,UNIT_SCADA,1,"2019/08/20 11:40:00",RT_SA1,0
D,DISPATCH,UNIT_SCADA,1,"2019/08/20 11:40:00",RT_SA2,0
D,DISPATCH,UNIT_SCADA,1,"2019/08/20 11:40:00",RT_SA3,0
D,DISPATCH,UNIT_SCADA,1,"2019/08/20 11:40:00",RT_SA4,0
D,DISPATCH,UNIT_SCADA,1,"2019/08/20 11:40:00",RT_SA5,0
D,DISPATCH,UNIT_SCADA,1,"2019/08/20 11:40:00",RT_SA6,0
D,DISPATCH,UNIT_SCADA,1,"2019/08/20 11:40:00",RT_TAS1,0
D,DISPATCH,UNIT_SCADA,1,"2019/08/20 11:40:00",RT_VIC1,0
D,DISPATCH,UNIT_SCADA,1,"2019/08/20 11:40:00",RT_VIC10,0
D,DISPATCH,UNIT_SCADA,1,"2019/08/20 11:40:00",RT_VIC11,0
D,DISPATCH,UNIT_SCADA,1,"2019/08/20 11:40:00",RT_VIC12,0
D,DISPATCH,UNIT_SCADA,1,"2019/08/20 11:40:00",RT_VIC2,0
D,DISPATCH,UNIT_SCADA,1,"2019/08/20 11:40:00",RT_VIC3,0
D,DISPATCH,UNIT_SCADA,1,"2019/08/20 11:40:00",RT_VIC4,0
D,DISPATCH,UNIT_SCADA,1,"2019/08/20 11:40:00",RT_VIC5,0
D,DISPATCH,UNIT_SCADA,1,"2019/08/20 11:40:00",RT_VIC6,0
D,DISPATCH,UNIT_SCADA,1,"2019/08/20 11:40:00",RT_VIC7,0
D,DISPATCH,UNIT_SCADA,1,"2019/08/20 11:40:00",RT_VIC8,0
D,DISPATCH,UNIT_SCADA,1,"2019/08/20 11:40:00",RT_VIC9,0
D,DISPATCH,UNIT_SCADA,1,"2019/08/20 11:40:00",RUGBYR1,44.765180
D,DISPATCH,UNIT_SCADA,1,"2019/08/20 11:40:00",SALTCRK1,52.38
D,DISPATCH,UNIT_SCADA,1,"2019/08/20 11:40:00",SAPHWF1,40.049990
D,DISPATCH,UNIT_SCADA,1,"2019/08/20 11:40:00",SHGEN,0
D,DISPATCH,UNIT_SCADA,1,"2019/08/20 11:40:00",SHPUMP,0
D,DISPATCH,UNIT_SCADA,1,"2019/08/20 11:40:00",SITHE01,0.005650
D,DISPATCH,UNIT_SCADA,1,"2019/08/20 11:40:00",SMCSF1,83.627470
D,DISPATCH,UNIT_SCADA,1,"2019/08/20 11:40:00",SNOWNTH1,59.10
D,DISPATCH,UNIT_SCADA,1,"2019/08/20 11:40:00",SNOWSTH1,77.50
D,DISPATCH,UNIT_SCADA,1,"2019/08/20 11:40:00",SNOWTWN1,66.987550
D,DISPATCH,UNIT_SCADA,1,"2019/08/20 11:40:00",SNOWYP,300.299990
D,DISPATCH,UNIT_SCADA,1,"2019/08/20 11:40:00",SNUG1,0.019440
D,DISPATCH,UNIT_SCADA,1,"2019/08/20 11:40:00",SRSF1,35.25
D,DISPATCH,UNIT_SCADA,1,"2019/08/20 11:40:00",STAN-1,0
D,DISPATCH,UNIT_SCADA,1,"2019/08/20 11:40:00",STAN-2,280.991820
D,DISPATCH,UNIT_SCADA,1,"2019/08/20 11:40:00",STAN-3,281.889070
D,DISPATCH,UNIT_SCADA,1,"2019/08/20 11:40:00",STAN-4,280.363740
D,DISPATCH,UNIT_SCADA,1,"2019/08/20 11:40:00",STWF1,0.3150
D,DISPATCH,UNIT_SCADA,1,"2019/08/20 11:40:00",SWAN_E,0
D,DISPATCH,UNIT_SCADA,1,"2019/08/20 11:40:00",TALWA1,191
D,DISPATCH,UNIT_SCADA,1,"2019/08/20 11:40:00",TARALGA1,99.888750
D,DISPATCH,UNIT_SCADA,1,"2019/08/20 11:40:00",TARONG#1,282.300020
D,DISPATCH,UNIT_SCADA,1,"2019/08/20 11:40:00",TARONG#2,281.899990
D,DISPATCH,UNIT_SCADA,1,"2019/08/20 11:40:00",TARONG#3,260.700010
D,DISPATCH,UNIT_SCADA,1,"2019/08/20 11:40:00",TARONG#4,280
D,DISPATCH,UNIT_SCADA,1,"2019/08/20 11:40:00",TARRALEA,86.90
D,DISPATCH,UNIT_SCADA,1,"2019/08/20 11:40:00",TBSF1,70.80
D,DISPATCH,UNIT_SCADA,1,"2019/08/20 11:40:00",TNPS1,441.700010
D,DISPATCH,UNIT_SCADA,1,"2019/08/20 11:40:00",TORRA1,42.586730
D,DISPATCH,UNIT_SCADA,1,"2019/08/20 11:40:00",TORRA2,0
D,DISPATCH,UNIT_SCADA,1,"2019/08/20 11:40:00",TORRA3,0
D,DISPATCH,UNIT_SCADA,1,"2019/08/20 11:40:00",TORRA4,0
D,DISPATCH,UNIT_SCADA,1,"2019/08/20 11:40:00",TORRB1,40.69
D,DISPATCH,UNIT_SCADA,1,"2019/08/20 11:40:00",TORRB2,40.13
D,DISPATCH,UNIT_SCADA,1,"2019/08/20 11:40:00",TORRB3,0
D,DISPATCH,UNIT_SCADA,1,"2019/08/20 11:40:00",TORRB4,0
D,DISPATCH,UNIT_SCADA,1,"2019/08/20 11:40:00",TREVALLN,44.190010
D,DISPATCH,UNIT_SCADA,1,"2019/08/20 11:40:00",TRIBUTE,70.90
D,DISPATCH,UNIT_SCADA,1,"2019/08/20 11:40:00",TUMUT3,0
D,DISPATCH,UNIT_SCADA,1,"2019/08/20 11:40:00",TUNGATIN,124.310030
D,DISPATCH,UNIT_SCADA,1,"2019/08/20 11:40:00",TVCC201,0
D,DISPATCH,UNIT_SCADA,1,"2019/08/20 11:40:00",TVPP104,0
D,DISPATCH,UNIT_SCADA,1,"2019/08/20 11:40:00",UPPTUMUT,0
D,DISPATCH,UNIT_SCADA,1,"2019/08/20 11:40:00",URANQ11,0
D,DISPATCH,UNIT_SCADA,1,"2019/08/20 11:40:00",URANQ12,0
D,DISPATCH,UNIT_SCADA,1,"2019/08/20 11:40:00",URANQ13,0
D,DISPATCH,UNIT_SCADA,1,"2019/08/20 11:40:00",URANQ14,0
D,DISPATCH,UNIT_SCADA,1,"2019/08/20 11:40:00",VP5,354.075010
D,DISPATCH,UNIT_SCADA,1,"2019/08/20 11:40:00",VP6,324.899990
D,DISPATCH,UNIT_SCADA,1,"2019/08/20 11:40:00",VPGS1,0
D,DISPATCH,UNIT_SCADA,1,"2019/08/20 11:40:00",VPGS2,0
D,DISPATCH,UNIT_SCADA,1,"2019/08/20 11:40:00",VPGS3,0
D,DISPATCH,UNIT_SCADA,1,"2019/08/20 11:40:00",VPGS4,0
D,DISPATCH,UNIT_SCADA,1,"2019/08/20 11:40:00",VPGS5,0
D,DISPATCH,UNIT_SCADA,1,"2019/08/20 11:40:00",VPGS6,0
D,DISPATCH,UNIT_SCADA,1,"2019/08/20 11:40:00",W/HOE#1,0
D,DISPATCH,UNIT_SCADA,1,"2019/08/20 11:40:00",W/HOE#2,0
D,DISPATCH,UNIT_SCADA,1,"2019/08/20 11:40:00",WATERLWF,98.90
D,DISPATCH,UNIT_SCADA,1,"2019/08/20 11:40:00",WEMENSF1,53.80
D,DISPATCH,UNIT_SCADA,1,"2019/08/20 11:40:00",WGWF1,93.10
D,DISPATCH,UNIT_SCADA,1,"2019/08/20 11:40:00",WHITSF1,26.50
D,DISPATCH,UNIT_SCADA,1,"2019/08/20 11:40:00",WKIEWA1,0
D,DISPATCH,UNIT_SCADA,1,"2019/08/20 11:40:00",WKIEWA2,0.10
D,DISPATCH,UNIT_SCADA,1,"2019/08/20 11:40:00",WOODLWN1,42.930010
D,DISPATCH,UNIT_SCADA,1,"2019/08/20 11:40:00",WRSF1,19.85
D,DISPATCH,UNIT_SCADA,1,"2019/08/20 11:40:00",WRWF1,44.1150
D,DISPATCH,UNIT_SCADA,1,"2019/08/20 11:40:00",YABULU,0
D,DISPATCH,UNIT_SCADA,1,"2019/08/20 11:40:00",YABULU2,0
D,DISPATCH,UNIT_SCADA,1,"2019/08/20 11:40:00",YARWUN_1,0
D,DISPATCH,UNIT_SCADA,1,"2019/08/20 11:40:00",YENDWF1,42.15
D,DISPATCH,UNIT_SCADA,1,"2019/08/20 11:40:00",YWPS1,361.903810
D,DISPATCH,UNIT_SCADA,1,"2019/08/20 11:40:00",YWPS2,279.194950
D,DISPATCH,UNIT_SCADA,1,"2019/08/20 11:40:00",YWPS3,0
D,DISPATCH,UNIT_SCADA,1,"2019/08/20 11:40:00",YWPS4,387.051910
C,"END OF REPORT",334
