C,NEMP.WORLD,DISPATCHSCADA,AEMO,PUBLIC,2019/08/22,23:40:08,0000000311886093,DISPATCHSCADA,0000000311886087
I,DISPATCH,UNIT_SCADA,1,SETTLEMENTDATE,DUID,SCADAVALUE
D,DISPATCH,UNIT_SCADA,1,"2019/08/22 23:45:00",BARCSF1,0
D,DISPATCH,UNIT_SCADA,1,"2019/08/22 23:45:00",BUTLERSG,9.699999
D,DISPATCH,UNIT_SCADA,1,"2019/08/22 23:45:00",CALL_A_4,0
D,DISPATCH,UNIT_SCADA,1,"2019/08/22 23:45:00",CAPTL_WF,0
D,DISPATCH,UNIT_SCADA,1,"2019/08/22 23:45:00",CATHROCK,5.72
D,DISPATCH,UNIT_SCADA,1,"2019/08/22 23:45:00",CHALLHWF,1.40
D,DISPATCH,UNIT_SCADA,1,"2019/08/22 23:45:00",CLOVER,-0.01
D,DISPATCH,UNIT_SCADA,1,"2019/08/22 23:45:00",CLUNY,20.363928
D,DISPATCH,UNIT_SCADA,1,"2019/08/22 23:45:00",CNUNDAWF,0.300350
D,DISPATCH,UNIT_SCADA,1,"2019/08/22 23:45:00",CULLRGWF,2.26
D,DISPATCH,UNIT_SCADA,1,"2019/08/22 23:45:00",ERGT01,0
D,DISPATCH,UNIT_SCADA,1,"2019/08/22 23:45:00",GB01,0.068012
D,DISPATCH,UNIT_SCADA,1,"2019/08/22 23:45:00",GERMCRK,35.299999
D,DISPATCH,UNIT_SCADA,1,"2019/08/22 23:45:00",GRIFSF1,0
D,DISPATCH,UNIT_SCADA,1,"2019/08/22 23:45:00",HUGSF1,-0.2370
D,DISPATCH,UNIT_SCADA,1,"2019/08/22 23:45:00",LKBONNY1,0.982403
D,DISPATCH,UNIT_SCADA,1,"2019/08/22 23:45:00",LRSF1,-0.0130
D,DISPATCH,UNIT_SCADA,1,"2019/08/22 23:45:00",MBAHNTH,55.724991
D,DISPATCH,UNIT_SCADA,1,"2019/08/22 23:45:00",MLSP1,0.180001
D,DISPATCH,UNIT_SCADA,1,"2019/08/22 23:45:00",MLWF1,1.4250
D,DISPATCH,UNIT_SCADA,1,"2019/08/22 23:45:00",MTMILLAR,6.377204
D,DISPATCH,UNIT_SCADA,1,"2019/08/22 23:45:00",PALOONA,28.349998
D,DISPATCH,UNIT_SCADA,1,"2019/08/22 23:45:00",PIONEER,47.100002
D,DISPATCH,UNIT_SCADA,1,"2019/08/22 23:45:00",PORTWF,-0.20
D,DISPATCH,UNIT_SCADA,1,"2019/08/22 23:45:00",REPULSE,28.885328
D,DISPATCH,UNIT_SCADA,1,"2019/08/22 23:45:00",ROWALLAN,10.4370
D,DISPATCH,UNIT_SCADA,1,"2019/08/22 23:45:00",ROYALLA1,0
D,DISPATCH,UNIT_SCADA,1,"2019/08/22 23:45:00",RPCG,11.70
D,DISPATCH,UNIT_SCADA,1,"2019/08/22 23:45:00",RUBICON,0
D,DISPATCH,UNIT_SCADA,1,"2019/08/22 23:45:00",SATGN1,0
D,DISPATCH,UNIT_SCADA,1,"2019/08/22 23:45:00",SATGS1,0
D,DISPATCH,UNIT_SCADA,1,"2019/08/22 23:45:00",STARHLWF,-0.099971
D,DISPATCH,UNIT_SCADA,1,"2019/08/22 23:45:00",WAUBRAWF,63.0410
D,DISPATCH,UNIT_SCADA,1,"2019/08/22 23:45:00",WOOLNTH1,27.080017
D,DISPATCH,UNIT_SCADA,1,"2019/08/22 23:45:00",WPWF,0
D,DISPATCH,UNIT_SCADA,1,"2019/08/22 23:45:00",YAMBUKWF,1.20
D,DISPATCH,UNIT_SCADA,1,"2019/08/22 23:45:00",YSWF1,3.10
D,DISPATCH,UNIT_SCADA,1,"2019/08/22 23:45:00",AGLHAL,0
D,DISPATCH,UNIT_SCADA,1,"2019/08/22 23:45:00",AGLSOM,82.20
D,DISPATCH,UNIT_SCADA,1,"2019/08/22 23:45:00",ANGAST1,0
D,DISPATCH,UNIT_SCADA,1,"2019/08/22 23:45:00",ARWF1,41.30
D,DISPATCH,UNIT_SCADA,1,"2019/08/22 23:45:00",BALBG1,0
D,DISPATCH,UNIT_SCADA,1,"2019/08/22 23:45:00",BALBL1,0
D,DISPATCH,UNIT_SCADA,1,"2019/08/22 23:45:00",BALDHWF1,11.5070
D,DISPATCH,UNIT_SCADA,1,"2019/08/22 23:45:00",BANN1,0
D,DISPATCH,UNIT_SCADA,1,"2019/08/22 23:45:00",BARCALDN,0
D,DISPATCH,UNIT_SCADA,1,"2019/08/22 23:45:00",BARRON-1,0
D,DISPATCH,UNIT_SCADA,1,"2019/08/22 23:45:00",BARRON-2,0
D,DISPATCH,UNIT_SCADA,1,"2019/08/22 23:45:00",BASTYAN,75.640010
D,DISPATCH,UNIT_SCADA,1,"2019/08/22 23:45:00",BBTHREE1,-2.09
D,DISPATCH,UNIT_SCADA,1,"2019/08/22 23:45:00",BBTHREE2,-2.12
D,DISPATCH,UNIT_SCADA,1,"2019/08/22 23:45:00",BBTHREE3,-1.17
D,DISPATCH,UNIT_SCADA,1,"2019/08/22 23:45:00",BDL01,0
D,DISPATCH,UNIT_SCADA,1,"2019/08/22 23:45:00",BDL02,-0.06
D,DISPATCH,UNIT_SCADA,1,"2019/08/22 23:45:00",BERYLSF1,-0.179440
D,DISPATCH,UNIT_SCADA,1,"2019/08/22 23:45:00",BLOWERNG,0
D,DISPATCH,UNIT_SCADA,1,"2019/08/22 23:45:00",BLUFF1,7.40
D,DISPATCH,UNIT_SCADA,1,"2019/08/22 23:45:00",BNGSF1,0
D,DISPATCH,UNIT_SCADA,1,"2019/08/22 23:45:00",BNGSF2,0
D,DISPATCH,UNIT_SCADA,1,"2019/08/22 23:45:00",BOCORWF1,47.11
D,DISPATCH,UNIT_SCADA,1,"2019/08/22 23:45:00",BODWF1,74.570190
D,DISPATCH,UNIT_SCADA,1,"2019/08/22 23:45:00",BRAEMAR1,0
D,DISPATCH,UNIT_SCADA,1,"2019/08/22 23:45:00",BRAEMAR2,0
D,DISPATCH,UNIT_SCADA,1,"2019/08/22 23:45:00",BRAEMAR3,0
D,DISPATCH,UNIT_SCADA,1,"2019/08/22 23:45:00",BRAEMAR5,0
D,DISPATCH,UNIT_SCADA,1,"2019/08/22 23:45:00",BRAEMAR6,0
D,DISPATCH,UNIT_SCADA,1,"2019/08/22 23:45:00",BRAEMAR7,0
D,DISPATCH,UNIT_SCADA,1,"2019/08/22 23:45:00",BROKENH1,0
D,DISPATCH,UNIT_SCADA,1,"2019/08/22 23:45:00",BW01,630.925050
D,DISPATCH,UNIT_SCADA,1,"2019/08/22 23:45:00",BW02,620.8750
D,DISPATCH,UNIT_SCADA,1,"2019/08/22 23:45:00",BW03,634.150020
D,DISPATCH,UNIT_SCADA,1,"2019/08/22 23:45:00",BW04,0
D,DISPATCH,UNIT_SCADA,1,"2019/08/22 23:45:00",CALL_B_1,0
D,DISPATCH,UNIT_SCADA,1,"2019/08/22 23:45:00",CALL_B_2,350.200010
D,DISPATCH,UNIT_SCADA,1,"2019/08/22 23:45:00",CETHANA,98.124630
D,DISPATCH,UNIT_SCADA,1,"2019/08/22 23:45:00",CG1,0
D,DISPATCH,UNIT_SCADA,1,"2019/08/22 23:45:00",CG2,0
D,DISPATCH,UNIT_SCADA,1,"2019/08/22 23:45:00",CG3,0
D,DISPATCH,UNIT_SCADA,1,"2019/08/22 23:45:00",CG4,0
D,DISPATCH,UNIT_SCADA,1,"2019/08/22 23:45:00",CHILDSF1,0
D,DISPATCH,UNIT_SCADA,1,"2019/08/22 23:45:00",CLARESF1,0
D,DISPATCH,UNIT_SCADA,1,"2019/08/22 23:45:00",CLEMGPWF,7.347570
D,DISPATCH,UNIT_SCADA,1,"2019/08/22 23:45:00",CLERMSF1,0
D,DISPATCH,UNIT_SCADA,1,"2019/08/22 23:45:00",COLEASF1,0
D,DISPATCH,UNIT_SCADA,1,"2019/08/22 23:45:00",COOPGWF1,35.2064
D,DISPATCH,UNIT_SCADA,1,"2019/08/22 23:45:00",CPP_3,404.524990
D,DISPATCH,UNIT_SCADA,1,"2019/08/22 23:45:00",CPP_4,406.725010
D,DISPATCH,UNIT_SCADA,1,"2019/08/22 23:45:00",CPSA,142.516880
D,DISPATCH,UNIT_SCADA,1,"2019/08/22 23:45:00",CROOKWF2,3.416250
D,DISPATCH,UNIT_SCADA,1,"2019/08/22 23:45:00",CROWLWF1,13.365760
D,DISPATCH,UNIT_SCADA,1,"2019/08/22 23:45:00",CSPVPS1,0
D,DISPATCH,UNIT_SCADA,1,"2019/08/22 23:45:00",DALNTH01,0
D,DISPATCH,UNIT_SCADA,1,"2019/08/22 23:45:00",DALNTHL1,0.068670
D,DISPATCH,UNIT_SCADA,1,"2019/08/22 23:45:00",DARTM1,133.899990
D,DISPATCH,UNIT_SCADA,1,"2019/08/22 23:45:00",DAYDSF1,0
D,DISPATCH,UNIT_SCADA,1,"2019/08/22 23:45:00",DDPS1,449.4993
D,DISPATCH,UNIT_SCADA,1,"2019/08/22 23:45:00",DDSF1,0
D,DISPATCH,UNIT_SCADA,1,"2019/08/22 23:45:00",DEVILS_G,0
D,DISPATCH,UNIT_SCADA,1,"2019/08/22 23:45:00",DG_NSW1,0
D,DISPATCH,UNIT_SCADA,1,"2019/08/22 23:45:00",DG_QLD1,0
D,DISPATCH,UNIT_SCADA,1,"2019/08/22 23:45:00",DG_SA1,0
D,DISPATCH,UNIT_SCADA,1,"2019/08/22 23:45:00",DG_TAS1,0
D,DISPATCH,UNIT_SCADA,1,"2019/08/22 23:45:00",DG_VIC1,0
D,DISPATCH,UNIT_SCADA,1,"2019/08/22 23:45:00",DRYCGT1,0
D,DISPATCH,UNIT_SCADA,1,"2019/08/22 23:45:00",DRYCGT2,0
D,DISPATCH,UNIT_SCADA,1,"2019/08/22 23:45:00",DRYCGT3,0
D,DISPATCH,UNIT_SCADA,1,"2019/08/22 23:45:00",EILDON1,0
D,DISPATCH,UNIT_SCADA,1,"2019/08/22 23:45:00",EILDON2,0
D,DISPATCH,UNIT_SCADA,1,"2019/08/22 23:45:00",EMERASF1,0
D,DISPATCH,UNIT_SCADA,1,"2019/08/22 23:45:00",ER01,580.75
D,DISPATCH,UNIT_SCADA,1,"2019/08/22 23:45:00",ER02,681.525020
D,DISPATCH,UNIT_SCADA,1,"2019/08/22 23:45:00",ER03,379.900020
D,DISPATCH,UNIT_SCADA,1,"2019/08/22 23:45:00",ER04,678
D,DISPATCH,UNIT_SCADA,1,"2019/08/22 23:45:00",FINLYSF1,0
D,DISPATCH,UNIT_SCADA,1,"2019/08/22 23:45:00",FISHER,45.46
D,DISPATCH,UNIT_SCADA,1,"2019/08/22 23:45:00",GANNBG1,0
D,DISPATCH,UNIT_SCADA,1,"2019/08/22 23:45:00",GANNBL1,0.032520
D,DISPATCH,UNIT_SCADA,1,"2019/08/22 23:45:00",GANNSF1,0
D,DISPATCH,UNIT_SCADA,1,"2019/08/22 23:45:00",GORDON,47.664960
D,DISPATCH,UNIT_SCADA,1,"2019/08/22 23:45:00",GSTONE1,242.55
D,DISPATCH,UNIT_SCADA,1,"2019/08/22 23:45:00",GSTONE2,221.724990
D,DISPATCH,UNIT_SCADA,1,"2019/08/22 23:45:00",GSTONE3,223.474990
D,DISPATCH,UNIT_SCADA,1,"2019/08/22 23:45:00",GSTONE4,242.20
D,DISPATCH,UNIT_SCADA,1,"2019/08/22 23:45:00",GSTONE5,245.524990
D,DISPATCH,UNIT_SCADA,1,"2019/08/22 23:45:00",GSTONE6,0
D,DISPATCH,UNIT_SCADA,1,"2019/08/22 23:45:00",GULLRSF1,0
D,DISPATCH,UNIT_SCADA,1,"2019/08/22 23:45:00",GULLRWF1,7.618320
D,DISPATCH,UNIT_SCADA,1,"2019/08/22 23:45:00",GUNNING1,7.347860
D,DISPATCH,UNIT_SCADA,1,"2019/08/22 23:45:00",GUTHEGA,0
D,DISPATCH,UNIT_SCADA,1,"2019/08/22 23:45:00",HALLWF1,36.76
D,DISPATCH,UNIT_SCADA,1,"2019/08/22 23:45:00",HALLWF2,24.68
D,DISPATCH,UNIT_SCADA,1,"2019/08/22 23:45:00",HAMISF1,0
D,DISPATCH,UNIT_SCADA,1,"2019/08/22 23:45:00",HAUGHT11,0
D,DISPATCH,UNIT_SCADA,1,"2019/08/22 23:45:00",HAYMSF1,0
D,DISPATCH,UNIT_SCADA,1,"2019/08/22 23:45:00",HDWF1,55.30
D,DISPATCH,UNIT_SCADA,1,"2019/08/22 23:45:00",HDWF2,47.90
D,DISPATCH,UNIT_SCADA,1,"2019/08/22 23:45:00",HDWF3,54.90
D,DISPATCH,UNIT_SCADA,1,"2019/08/22 23:45:00",HPRG1,0.30
D,DISPATCH,UNIT_SCADA,1,"2019/08/22 23:45:00",HPRL1,0
D,DISPATCH,UNIT_SCADA,1,"2019/08/22 23:45:00",HUMENSW,0
D,DISPATCH,UNIT_SCADA,1,"2019/08/22 23:45:00",HUMEV,7.60
D,DISPATCH,UNIT_SCADA,1,"2019/08/22 23:45:00",HVGTS,0
D,DISPATCH,UNIT_SCADA,1,"2019/08/22 23:45:00",JBUTTERS,132.33
D,DISPATCH,UNIT_SCADA,1,"2019/08/22 23:45:00",JLA01,0.10
D,DISPATCH,UNIT_SCADA,1,"2019/08/22 23:45:00",JLA02,0
D,DISPATCH,UNIT_SCADA,1,"2019/08/22 23:45:00",JLA03,0.10
D,DISPATCH,UNIT_SCADA,1,"2019/08/22 23:45:00",JLA04,0.10
D,DISPATCH,UNIT_SCADA,1,"2019/08/22 23:45:00",JLB01,0
D,DISPATCH,UNIT_SCADA,1,"2019/08/22 23:45:00",JLB02,0.10
D,DISPATCH,UNIT_SCADA,1,"2019/08/22 23:45:00",JLB03,0
D,DISPATCH,UNIT_SCADA,1,"2019/08/22 23:45:00",KAREEYA1,21.39
D,DISPATCH,UNIT_SCADA,1,"2019/08/22 23:45:00",KAREEYA2,21.70
D,DISPATCH,UNIT_SCADA,1,"2019/08/22 23:45:00",KAREEYA3,0
D,DISPATCH,UNIT_SCADA,1,"2019/08/22 23:45:00",KAREEYA4,21.6675
D,DISPATCH,UNIT_SCADA,1,"2019/08/22 23:45:00",KARSF1,0
D,DISPATCH,UNIT_SCADA,1,"2019/08/22 23:45:00",KIATAWF1,6.50
D,DISPATCH,UNIT_SCADA,1,"2019/08/22 23:45:00",KPP_1,0
D,DISPATCH,UNIT_SCADA,1,"2019/08/22 23:45:00",KSP1,0
D,DISPATCH,UNIT_SCADA,1,"2019/08/22 23:45:00",LADBROK1,43.12
D,DISPATCH,UNIT_SCADA,1,"2019/08/22 23:45:00",LADBROK2,0
D,DISPATCH,UNIT_SCADA,1,"2019/08/22 23:45:00",LD01,417.993710
D,DISPATCH,UNIT_SCADA,1,"2019/08/22 23:45:00",LD02,299.6813
D,DISPATCH,UNIT_SCADA,1,"2019/08/22 23:45:00",LD03,419.756260
D,DISPATCH,UNIT_SCADA,1,"2019/08/22 23:45:00",LD04,382.4437
D,DISPATCH,UNIT_SCADA,1,"2019/08/22 23:45:00",LEM_WIL,86.0802
D,DISPATCH,UNIT_SCADA,1,"2019/08/22 23:45:00",LGAPWF1,2.07
D,DISPATCH,UNIT_SCADA,1,"2019/08/22 23:45:00",LILYSF1,0
D,DISPATCH,UNIT_SCADA,1,"2019/08/22 23:45:00",LI_WY_CA,148.675450
D,DISPATCH,UNIT_SCADA,1,"2019/08/22 23:45:00",LKBONNY2,3.429020
D,DISPATCH,UNIT_SCADA,1,"2019/08/22 23:45:00",LKBONNY3,-0.113390
D,DISPATCH,UNIT_SCADA,1,"2019/08/22 23:45:00",LK_ECHO,0
D,DISPATCH,UNIT_SCADA,1,"2019/08/22 23:45:00",LNGS1,0
D,DISPATCH,UNIT_SCADA,1,"2019/08/22 23:45:00",LNGS2,0
D,DISPATCH,UNIT_SCADA,1,"2019/08/22 23:45:00",LONSDALE,0
D,DISPATCH,UNIT_SCADA,1,"2019/08/22 23:45:00",LOYYB1,534.584840
D,DISPATCH,UNIT_SCADA,1,"2019/08/22 23:45:00",LOYYB2,578.946840
D,DISPATCH,UNIT_SCADA,1,"2019/08/22 23:45:00",LYA1,560
D,DISPATCH,UNIT_SCADA,1,"2019/08/22 23:45:00",LYA2,0
D,DISPATCH,UNIT_SCADA,1,"2019/08/22 23:45:00",LYA3,559
D,DISPATCH,UNIT_SCADA,1,"2019/08/22 23:45:00",LYA4,541
D,DISPATCH,UNIT_SCADA,1,"2019/08/22 23:45:00",MACARTH1,0
D,DISPATCH,UNIT_SCADA,1,"2019/08/22 23:45:00",MACKAYGT,0
D,DISPATCH,UNIT_SCADA,1,"2019/08/22 23:45:00",MACKNTSH,85.23
D,DISPATCH,UNIT_SCADA,1,"2019/08/22 23:45:00",MANSLR1,0
D,DISPATCH,UNIT_SCADA,1,"2019/08/22 23:45:00",MCKAY1,0.02
D,DISPATCH,UNIT_SCADA,1,"2019/08/22 23:45:00",MEADOWBK,33.895880
D,DISPATCH,UNIT_SCADA,1,"2019/08/22 23:45:00",MERCER01,0.8540
D,DISPATCH,UNIT_SCADA,1,"2019/08/22 23:45:00",MEWF1,6.688510
D,DISPATCH,UNIT_SCADA,1,"2019/08/22 23:45:00",MINTARO,0
D,DISPATCH,UNIT_SCADA,1,"2019/08/22 23:45:00",MOREESF1,0
D,DISPATCH,UNIT_SCADA,1,"2019/08/22 23:45:00",MORTLK11,202
D,DISPATCH,UNIT_SCADA,1,"2019/08/22 23:45:00",MORTLK12,0
D,DISPATCH,UNIT_SCADA,1,"2019/08/22 23:45:00",MP1,276.949950
D,DISPATCH,UNIT_SCADA,1,"2019/08/22 23:45:00",MP2,0
D,DISPATCH,UNIT_SCADA,1,"2019/08/22 23:45:00",MPP_1,374.75
D,DISPATCH,UNIT_SCADA,1,"2019/08/22 23:45:00",MPP_2,400
D,DISPATCH,UNIT_SCADA,1,"2019/08/22 23:45:00",MSTUART1,0
D,DISPATCH,UNIT_SCADA,1,"2019/08/22 23:45:00",MSTUART2,0
D,DISPATCH,UNIT_SCADA,1,"2019/08/22 23:45:00",MSTUART3,0
D,DISPATCH,UNIT_SCADA,1,"2019/08/22 23:45:00",MTGELWF1,2.320930
D,DISPATCH,UNIT_SCADA,1,"2019/08/22 23:45:00",MURRAY,401.293120
D,DISPATCH,UNIT_SCADA,1,"2019/08/22 23:45:00",MUSSELR1,1.70
D,DISPATCH,UNIT_SCADA,1,"2019/08/22 23:45:00",MUWAWF1,0.02
D,DISPATCH,UNIT_SCADA,1,"2019/08/22 23:45:00",NBHWF1,78
D,DISPATCH,UNIT_SCADA,1,"2019/08/22 23:45:00",NPS,453
D,DISPATCH,UNIT_SCADA,1,"2019/08/22 23:45:00",NUMURSF1,0
D,DISPATCH,UNIT_SCADA,1,"2019/08/22 23:45:00",NYNGAN1,0
D,DISPATCH,UNIT_SCADA,1,"2019/08/22 23:45:00",OAKEY1,0
D,DISPATCH,UNIT_SCADA,1,"2019/08/22 23:45:00",OAKEY1SF,0
D,DISPATCH,UNIT_SCADA,1,"2019/08/22 23:45:00",OAKEY2,0
D,DISPATCH,UNIT_SCADA,1,"2019/08/22 23:45:00",OAKLAND1,4.30
D,DISPATCH,UNIT_SCADA,1,"2019/08/22 23:45:00",OSB-AG,184.16
D,DISPATCH,UNIT_SCADA,1,"2019/08/22 23:45:00",PARSF1,0
D,DISPATCH,UNIT_SCADA,1,"2019/08/22 23:45:00",POAT110,20.32
D,DISPATCH,UNIT_SCADA,1,"2019/08/22 23:45:00",POAT220,33.61
D,DISPATCH,UNIT_SCADA,1,"2019/08/22 23:45:00",POR01,0
D,DISPATCH,UNIT_SCADA,1,"2019/08/22 23:45:00",POR03,0
D,DISPATCH,UNIT_SCADA,1,"2019/08/22 23:45:00",PPCCGT,470.851590
D,DISPATCH,UNIT_SCADA,1,"2019/08/22 23:45:00",PTSTAN1,0
D,DISPATCH,UNIT_SCADA,1,"2019/08/22 23:45:00",PUMP1,0
D,DISPATCH,UNIT_SCADA,1,"2019/08/22 23:45:00",PUMP2,0
D,DISPATCH,UNIT_SCADA,1,"2019/08/22 23:45:00",QPS1,29.10
D,DISPATCH,UNIT_SCADA,1,"2019/08/22 23:45:00",QPS2,0
D,DISPATCH,UNIT_SCADA,1,"2019/08/22 23:45:00",QPS3,0
D,DISPATCH,UNIT_SCADA,1,"2019/08/22 23:45:00",QPS4,0
D,DISPATCH,UNIT_SCADA,1,"2019/08/22 23:45:00",QPS5,0
D,DISPATCH,UNIT_SCADA,1,"2019/08/22 23:45:00",REECE1,118.470010
D,DISPATCH,UNIT_SCADA,1,"2019/08/22 23:45:00",REECE2,115.830010
D,DISPATCH,UNIT_SCADA,1,"2019/08/22 23:45:00",ROMA_7,0
D,DISPATCH,UNIT_SCADA,1,"2019/08/22 23:45:00",ROMA_8,0
D,DISPATCH,UNIT_SCADA,1,"2019/08/22 23:45:00",RRSF1,0
D,DISPATCH,UNIT_SCADA,1,"2019/08/22 23:45:00",RT_NSW1,0
D,DISPATCH,UNIT_SCADA,1,"2019/08/22 23:45:00",RT_NSW2,0
D,DISPATCH,UNIT_SCADA,1,"2019/08/22 23:45:00",RT_NSW3,0
D,DISPATCH,UNIT_SCADA,1,"2019/08/22 23:45:00",RT_NSW4,0
D,DISPATCH,UNIT_SCADA,1,"2019/08/22 23:45:00",RT_NSW5,0
D,DISPATCH,UNIT_SCADA,1,"2019/08/22 23:45:00",RT_NSW6,0
D,DISPATCH,UNIT_SCADA,1,"2019/08/22 23:45:00",RT_QLD1,0
D,DISPATCH,UNIT_SCADA,1,"2019/08/22 23:45:00",RT_SA1,0
D,DISPATCH,UNIT_SCADA,1,"2019/08/22 23:45:00",RT_SA2,0
D,DISPATCH,UNIT_SCADA,1,"2019/08/22 23:45:00",RT_SA3,0
D,DISPATCH,UNIT_SCADA,1,"2019/08/22 23:45:00",RT_SA4,0
D,DISPATCH,UNIT_SCADA,1,"2019/08/22 23:45:00",RT_SA5,0
D,DISPATCH,UNIT_SCADA,1,"2019/08/22 23:45:00",RT_SA6,0
D,DISPATCH,UNIT_SCADA,1,"2019/08/22 23:45:00",RT_TAS1,0
D,DISPATCH,UNIT_SCADA,1,"2019/08/22 23:45:00",RT_VIC1,0
D,DISPATCH,UNIT_SCADA,1,"2019/08/22 23:45:00",RT_VIC10,0
D,DISPATCH,UNIT_SCADA,1,"2019/08/22 23:45:00",RT_VIC11,0
D,DISPATCH,UNIT_SCADA,1,"2019/08/22 23:45:00",RT_VIC12,0
D,DISPATCH,UNIT_SCADA,1,"2019/08/22 23:45:00",RT_VIC2,0
D,DISPATCH,UNIT_SCADA,1,"2019/08/22 23:45:00",RT_VIC3,0
D,DISPATCH,UNIT_SCADA,1,"2019/08/22 23:45:00",RT_VIC4,0
D,DISPATCH,UNIT_SCADA,1,"2019/08/22 23:45:00",RT_VIC5,0
D,DISPATCH,UNIT_SCADA,1,"2019/08/22 23:45:00",RT_VIC6,0
D,DISPATCH,UNIT_SCADA,1,"2019/08/22 23:45:00",RT_VIC7,0
D,DISPATCH,UNIT_SCADA,1,"2019/08/22 23:45:00",RT_VIC8,0
D,DISPATCH,UNIT_SCADA,1,"2019/08/22 23:45:00",RT_VIC9,0
D,DISPATCH,UNIT_SCADA,1,"2019/08/22 23:45:00",RUGBYR1,0
D,DISPATCH,UNIT_SCADA,1,"2019/08/22 23:45:00",SALTCRK1,-0.36
D,DISPATCH,UNIT_SCADA,1,"2019/08/22 23:45:00",SAPHWF1,57.234380
D,DISPATCH,UNIT_SCADA,1,"2019/08/22 23:45:00",SHGEN,0
D,DISPATCH,UNIT_SCADA,1,"2019/08/22 23:45:00",SHPUMP,0
D,DISPATCH,UNIT_SCADA,1,"2019/08/22 23:45:00",SITHE01,0.194050
D,DISPATCH,UNIT_SCADA,1,"2019/08/22 23:45:00",SMCSF1,0
D,DISPATCH,UNIT_SCADA,1,"2019/08/22 23:45:00",SNOWNTH1,11.40
D,DISPATCH,UNIT_SCADA,1,"2019/08/22 23:45:00",SNOWSTH1,10.70
D,DISPATCH,UNIT_SCADA,1,"2019/08/22 23:45:00",SNOWTWN1,17.495770
D,DISPATCH,UNIT_SCADA,1,"2019/08/22 23:45:00",SNOWYP,0
D,DISPATCH,UNIT_SCADA,1,"2019/08/22 23:45:00",SNUG1,0.019440
D,DISPATCH,UNIT_SCADA,1,"2019/08/22 23:45:00",SRSF1,0
D,DISPATCH,UNIT_SCADA,1,"2019/08/22 23:45:00",STAN-1,0
D,DISPATCH,UNIT_SCADA,1,"2019/08/22 23:45:00",STAN-2,319.586210
D,DISPATCH,UNIT_SCADA,1,"2019/08/22 23:45:00",STAN-3,323.239290
D,DISPATCH,UNIT_SCADA,1,"2019/08/22 23:45:00",STAN-4,318.663330
D,DISPATCH,UNIT_SCADA,1,"2019/08/22 23:45:00",STWF1,142.897490
D,DISPATCH,UNIT_SCADA,1,"2019/08/22 23:45:00",SWAN_E,0
D,DISPATCH,UNIT_SCADA,1,"2019/08/22 23:45:00",TALWA1,426
D,DISPATCH,UNIT_SCADA,1,"2019/08/22 23:45:00",TARALGA1,9.5550
D,DISPATCH,UNIT_SCADA,1,"2019/08/22 23:45:00",TARONG#1,324.300020
D,DISPATCH,UNIT_SCADA,1,"2019/08/22 23:45:00",TARONG#2,325.300020
D,DISPATCH,UNIT_SCADA,1,"2019/08/22 23:45:00",TARONG#3,259.50
D,DISPATCH,UNIT_SCADA,1,"2019/08/22 23:45:00",TARONG#4,343.50
D,DISPATCH,UNIT_SCADA,1,"2019/08/22 23:45:00",TARRALEA,83.70
D,DISPATCH,UNIT_SCADA,1,"2019/08/22 23:45:00",TBSF1,-0.20
D,DISPATCH,UNIT_SCADA,1,"2019/08/22 23:45:00",TNPS1,442.300020
D,DISPATCH,UNIT_SCADA,1,"2019/08/22 23:45:00",TORRA1,113.331120
D,DISPATCH,UNIT_SCADA,1,"2019/08/22 23:45:00",TORRA2,0
D,DISPATCH,UNIT_SCADA,1,"2019/08/22 23:45:00",TORRA3,38.893670
D,DISPATCH,UNIT_SCADA,1,"2019/08/22 23:45:00",TORRA4,98.751650
D,DISPATCH,UNIT_SCADA,1,"2019/08/22 23:45:00",TORRB1,134.72
D,DISPATCH,UNIT_SCADA,1,"2019/08/22 23:45:00",TORRB2,199.66
D,DISPATCH,UNIT_SCADA,1,"2019/08/22 23:45:00",TORRB3,0
D,DISPATCH,UNIT_SCADA,1,"2019/08/22 23:45:00",TORRB4,0
D,DISPATCH,UNIT_SCADA,1,"2019/08/22 23:45:00",TREVALLN,43.500020
D,DISPATCH,UNIT_SCADA,1,"2019/08/22 23:45:00",TRIBUTE,82.86
D,DISPATCH,UNIT_SCADA,1,"2019/08/22 23:45:00",TUMUT3,0
D,DISPATCH,UNIT_SCADA,1,"2019/08/22 23:45:00",TUNGATIN,136.290040
D,DISPATCH,UNIT_SCADA,1,"2019/08/22 23:45:00",TVCC201,0
D,DISPATCH,UNIT_SCADA,1,"2019/08/22 23:45:00",TVPP104,57.865630
D,DISPATCH,UNIT_SCADA,1,"2019/08/22 23:45:00",UPPTUMUT,89.8056
D,DISPATCH,UNIT_SCADA,1,"2019/08/22 23:45:00",URANQ11,0
D,DISPATCH,UNIT_SCADA,1,"2019/08/22 23:45:00",URANQ12,0
D,DISPATCH,UNIT_SCADA,1,"2019/08/22 23:45:00",URANQ13,0
D,DISPATCH,UNIT_SCADA,1,"2019/08/22 23:45:00",URANQ14,0
D,DISPATCH,UNIT_SCADA,1,"2019/08/22 23:45:00",VP5,604.899960
D,DISPATCH,UNIT_SCADA,1,"2019/08/22 23:45:00",VP6,579.75
D,DISPATCH,UNIT_SCADA,1,"2019/08/22 23:45:00",VPGS1,0
D,DISPATCH,UNIT_SCADA,1,"2019/08/22 23:45:00",VPGS2,0
D,DISPATCH,UNIT_SCADA,1,"2019/08/22 23:45:00",VPGS3,0
D,DISPATCH,UNIT_SCADA,1,"2019/08/22 23:45:00",VPGS4,0
D,DISPATCH,UNIT_SCADA,1,"2019/08/22 23:45:00",VPGS5,0
D,DISPATCH,UNIT_SCADA,1,"2019/08/22 23:45:00",VPGS6,0
D,DISPATCH,UNIT_SCADA,1,"2019/08/22 23:45:00",W/HOE#1,0
D,DISPATCH,UNIT_SCADA,1,"2019/08/22 23:45:00",W/HOE#2,0
D,DISPATCH,UNIT_SCADA,1,"2019/08/22 23:45:00",WATERLWF,10.30
D,DISPATCH,UNIT_SCADA,1,"2019/08/22 23:45:00",WEMENSF1,0
D,DISPATCH,UNIT_SCADA,1,"2019/08/22 23:45:00",WGWF1,21.50
D,DISPATCH,UNIT_SCADA,1,"2019/08/22 23:45:00",WHITSF1,0
D,DISPATCH,UNIT_SCADA,1,"2019/08/22 23:45:00",WKIEWA1,28.90
D,DISPATCH,UNIT_SCADA,1,"2019/08/22 23:45:00",WKIEWA2,28.80
D,DISPATCH,UNIT_SCADA,1,"2019/08/22 23:45:00",WOODLWN1,4.130980
D,DISPATCH,UNIT_SCADA,1,"2019/08/22 23:45:00",WRSF1,0
D,DISPATCH,UNIT_SCADA,1,"2019/08/22 23:45:00",WRWF1,5.7825
D,DISPATCH,UNIT_SCADA,1,"2019/08/22 23:45:00",YABULU,0
D,DISPATCH,UNIT_SCADA,1,"2019/08/22 23:45:00",YABULU2,0
D,DISPATCH,UNIT_SCADA,1,"2019/08/22 23:45:00",YARWUN_1,0
D,DISPATCH,UNIT_SCADA,1,"2019/08/22 23:45:00",YENDWF1,3.10
D,DISPATCH,UNIT_SCADA,1,"2019/08/22 23:45:00",YWPS1,281.200010
D,DISPATCH,UNIT_SCADA,1,"2019/08/22 23:45:00",YWPS2,250.622790
D,DISPATCH,UNIT_SCADA,1,"2019/08/22 23:45:00",YWPS3,0
D,DISPATCH,UNIT_SCADA,1,"2019/08/22 23:45:00",YWPS4,320.151890
C,"END OF REPORT",334
