C,NEMP.WORLD,DISPATCHSCADA,AEMO,PUBLIC,2019/08/20,06:00:09,0000000311774317,DISPATCHSCADA,0000000311774311
I,DISPATCH,UNIT_SCADA,1,SETTLEMENTDATE,DUID,SCADAVALUE
D,DISPATCH,UNIT_SCADA,1,"2019/08/20 06:05:00",BARCSF1,0
D,DISPATCH,UNIT_SCADA,1,"2019/08/20 06:05:00",BUTLERSG,9.799998
D,DISPATCH,UNIT_SCADA,1,"2019/08/20 06:05:00",CALL_A_4,0
D,DISPATCH,UNIT_SCADA,1,"2019/08/20 06:05:00",CAPTL_WF,110.688004
D,DISPATCH,UNIT_SCADA,1,"2019/08/20 06:05:00",CATHROCK,51.629997
D,DISPATCH,UNIT_SCADA,1,"2019/08/20 06:05:00",CHALLHWF,17
D,DISPATCH,UNIT_SCADA,1,"2019/08/20 06:05:00",CLOVER,0
D,DISPATCH,UNIT_SCADA,1,"2019/08/20 06:05:00",CLUNY,16.125887
D,DISPATCH,UNIT_SCADA,1,"2019/08/20 06:05:00",CNUNDAWF,36.642746
D,DISPATCH,UNIT_SCADA,1,"2019/08/20 06:05:00",CULLRGWF,30.32
D,DISPATCH,UNIT_SCADA,1,"2019/08/20 06:05:00",ERGT01,0
D,DISPATCH,UNIT_SCADA,1,"2019/08/20 06:05:00",GB01,0.054012
D,DISPATCH,UNIT_SCADA,1,"2019/08/20 06:05:00",GERMCRK,38.799999
D,DISPATCH,UNIT_SCADA,1,"2019/08/20 06:05:00",GRIFSF1,0
D,DISPATCH,UNIT_SCADA,1,"2019/08/20 06:05:00",HUGSF1,-0.2580
D,DISPATCH,UNIT_SCADA,1,"2019/08/20 06:05:00",LKBONNY1,67.339256
D,DISPATCH,UNIT_SCADA,1,"2019/08/20 06:05:00",LRSF1,-0.03
D,DISPATCH,UNIT_SCADA,1,"2019/08/20 06:05:00",MBAHNTH,55.6875
D,DISPATCH,UNIT_SCADA,1,"2019/08/20 06:05:00",MLSP1,0.304001
D,DISPATCH,UNIT_SCADA,1,"2019/08/20 06:05:00",MLWF1,19.380001
D,DISPATCH,UNIT_SCADA,1,"2019/08/20 06:05:00",MTMILLAR,26.245506
D,DISPATCH,UNIT_SCADA,1,"2019/08/20 06:05:00",PALOONA,23.67
D,DISPATCH,UNIT_SCADA,1,"2019/08/20 06:05:00",PIONEER,9.900001
D,DISPATCH,UNIT_SCADA,1,"2019/08/20 06:05:00",PORTWF,137.699997
D,DISPATCH,UNIT_SCADA,1,"2019/08/20 06:05:00",REPULSE,29.057449
D,DISPATCH,UNIT_SCADA,1,"2019/08/20 06:05:00",ROWALLAN,9.6773
D,DISPATCH,UNIT_SCADA,1,"2019/08/20 06:05:00",ROYALLA1,0
D,DISPATCH,UNIT_SCADA,1,"2019/08/20 06:05:00",RPCG,13.10
D,DISPATCH,UNIT_SCADA,1,"2019/08/20 06:05:00",RUBICON,0
D,DISPATCH,UNIT_SCADA,1,"2019/08/20 06:05:00",SATGN1,0
D,DISPATCH,UNIT_SCADA,1,"2019/08/20 06:05:00",SATGS1,0
D,DISPATCH,UNIT_SCADA,1,"2019/08/20 06:05:00",STARHLWF,8.797435
D,DISPATCH,UNIT_SCADA,1,"2019/08/20 06:05:00",WAUBRAWF,92.469002
D,DISPATCH,UNIT_SCADA,1,"2019/08/20 06:05:00",WOOLNTH1,131.970016
D,DISPATCH,UNIT_SCADA,1,"2019/08/20 06:05:00",WPWF,52
D,DISPATCH,UNIT_SCADA,1,"2019/08/20 06:05:00",YAMBUKWF,19.50
D,DISPATCH,UNIT_SCADA,1,"2019/08/20 06:05:00",YSWF1,28.700001
D,DISPATCH,UNIT_SCADA,1,"2019/08/20 06:05:00",AGLHAL,0
D,DISPATCH,UNIT_SCADA,1,"2019/08/20 06:05:00",AGLSOM,0
D,DISPATCH,UNIT_SCADA,1,"2019/08/20 06:05:00",ANGAST1,0
D,DISPATCH,UNIT_SCADA,1,"2019/08/20 06:05:00",ARWF1,39.50
D,DISPATCH,UNIT_SCADA,1,"2019/08/20 06:05:00",BALBG1,0
D,DISPATCH,UNIT_SCADA,1,"2019/08/20 06:05:00",BALBL1,0
D,DISPATCH,UNIT_SCADA,1,"2019/08/20 06:05:00",BALDHWF1,101.6640
D,DISPATCH,UNIT_SCADA,1,"2019/08/20 06:05:00",BANN1,0
D,DISPATCH,UNIT_SCADA,1,"2019/08/20 06:05:00",BARCALDN,0
D,DISPATCH,UNIT_SCADA,1,"2019/08/20 06:05:00",BARRON-1,0
D,DISPATCH,UNIT_SCADA,1,"2019/08/20 06:05:00",BARRON-2,25.32
D,DISPATCH,UNIT_SCADA,1,"2019/08/20 06:05:00",BASTYAN,80.59
D,DISPATCH,UNIT_SCADA,1,"2019/08/20 06:05:00",BBTHREE1,-1.96
D,DISPATCH,UNIT_SCADA,1,"2019/08/20 06:05:00",BBTHREE2,0
D,DISPATCH,UNIT_SCADA,1,"2019/08/20 06:05:00",BBTHREE3,0
D,DISPATCH,UNIT_SCADA,1,"2019/08/20 06:05:00",BDL01,0
D,DISPATCH,UNIT_SCADA,1,"2019/08/20 06:05:00",BDL02,0
D,DISPATCH,UNIT_SCADA,1,"2019/08/20 06:05:00",BERYLSF1,0
D,DISPATCH,UNIT_SCADA,1,"2019/08/20 06:05:00",BLOWERNG,0
D,DISPATCH,UNIT_SCADA,1,"2019/08/20 06:05:00",BLUFF1,23.20
D,DISPATCH,UNIT_SCADA,1,"2019/08/20 06:05:00",BNGSF1,0
D,DISPATCH,UNIT_SCADA,1,"2019/08/20 06:05:00",BNGSF2,0
D,DISPATCH,UNIT_SCADA,1,"2019/08/20 06:05:00",BOCORWF1,50.14
D,DISPATCH,UNIT_SCADA,1,"2019/08/20 06:05:00",BODWF1,55.920140
D,DISPATCH,UNIT_SCADA,1,"2019/08/20 06:05:00",BRAEMAR1,0
D,DISPATCH,UNIT_SCADA,1,"2019/08/20 06:05:00",BRAEMAR2,0
D,DISPATCH,UNIT_SCADA,1,"2019/08/20 06:05:00",BRAEMAR3,0
D,DISPATCH,UNIT_SCADA,1,"2019/08/20 06:05:00",BRAEMAR5,0
D,DISPATCH,UNIT_SCADA,1,"2019/08/20 06:05:00",BRAEMAR6,0
D,DISPATCH,UNIT_SCADA,1,"2019/08/20 06:05:00",BRAEMAR7,0
D,DISPATCH,UNIT_SCADA,1,"2019/08/20 06:05:00",BROKENH1,0
D,DISPATCH,UNIT_SCADA,1,"2019/08/20 06:05:00",BW01,547.449950
D,DISPATCH,UNIT_SCADA,1,"2019/08/20 06:05:00",BW02,614.224980
D,DISPATCH,UNIT_SCADA,1,"2019/08/20 06:05:00",BW03,609.799930
D,DISPATCH,UNIT_SCADA,1,"2019/08/20 06:05:00",BW04,0
D,DISPATCH,UNIT_SCADA,1,"2019/08/20 06:05:00",CALL_B_1,339.899990
D,DISPATCH,UNIT_SCADA,1,"2019/08/20 06:05:00",CALL_B_2,290.50
D,DISPATCH,UNIT_SCADA,1,"2019/08/20 06:05:00",CETHANA,93.214870
D,DISPATCH,UNIT_SCADA,1,"2019/08/20 06:05:00",CG1,0
D,DISPATCH,UNIT_SCADA,1,"2019/08/20 06:05:00",CG2,0
D,DISPATCH,UNIT_SCADA,1,"2019/08/20 06:05:00",CG3,0
D,DISPATCH,UNIT_SCADA,1,"2019/08/20 06:05:00",CG4,0
D,DISPATCH,UNIT_SCADA,1,"2019/08/20 06:05:00",CHILDSF1,0
D,DISPATCH,UNIT_SCADA,1,"2019/08/20 06:05:00",CLARESF1,0
D,DISPATCH,UNIT_SCADA,1,"2019/08/20 06:05:00",CLEMGPWF,2.521230
D,DISPATCH,UNIT_SCADA,1,"2019/08/20 06:05:00",CLERMSF1,0
D,DISPATCH,UNIT_SCADA,1,"2019/08/20 06:05:00",COLEASF1,0
D,DISPATCH,UNIT_SCADA,1,"2019/08/20 06:05:00",COOPGWF1,28.827720
D,DISPATCH,UNIT_SCADA,1,"2019/08/20 06:05:00",CPP_3,403.975010
D,DISPATCH,UNIT_SCADA,1,"2019/08/20 06:05:00",CPP_4,405.350010
D,DISPATCH,UNIT_SCADA,1,"2019/08/20 06:05:00",CPSA,142.476880
D,DISPATCH,UNIT_SCADA,1,"2019/08/20 06:05:00",CROOKWF2,77.753750
D,DISPATCH,UNIT_SCADA,1,"2019/08/20 06:05:00",CROWLWF1,24.373250
D,DISPATCH,UNIT_SCADA,1,"2019/08/20 06:05:00",CSPVPS1,0
D,DISPATCH,UNIT_SCADA,1,"2019/08/20 06:05:00",DALNTH01,0
D,DISPATCH,UNIT_SCADA,1,"2019/08/20 06:05:00",DALNTHL1,0.184630
D,DISPATCH,UNIT_SCADA,1,"2019/08/20 06:05:00",DARTM1,0
D,DISPATCH,UNIT_SCADA,1,"2019/08/20 06:05:00",DAYDSF1,0
D,DISPATCH,UNIT_SCADA,1,"2019/08/20 06:05:00",DDPS1,0
D,DISPATCH,UNIT_SCADA,1,"2019/08/20 06:05:00",DDSF1,0
D,DISPATCH,UNIT_SCADA,1,"2019/08/20 06:05:00",DEVILS_G,60.475480
D,DISPATCH,UNIT_SCADA,1,"2019/08/20 06:05:00",DG_NSW1,0
D,DISPATCH,UNIT_SCADA,1,"2019/08/20 06:05:00",DG_QLD1,0
D,DISPATCH,UNIT_SCADA,1,"2019/08/20 06:05:00",DG_SA1,0
D,DISPATCH,UNIT_SCADA,1,"2019/08/20 06:05:00",DG_TAS1,0
D,DISPATCH,UNIT_SCADA,1,"2019/08/20 06:05:00",DG_VIC1,0
D,DISPATCH,UNIT_SCADA,1,"2019/08/20 06:05:00",DRYCGT1,0
D,DISPATCH,UNIT_SCADA,1,"2019/08/20 06:05:00",DRYCGT2,0
D,DISPATCH,UNIT_SCADA,1,"2019/08/20 06:05:00",DRYCGT3,0
D,DISPATCH,UNIT_SCADA,1,"2019/08/20 06:05:00",EILDON1,0
D,DISPATCH,UNIT_SCADA,1,"2019/08/20 06:05:00",EILDON2,0
D,DISPATCH,UNIT_SCADA,1,"2019/08/20 06:05:00",EMERASF1,0
D,DISPATCH,UNIT_SCADA,1,"2019/08/20 06:05:00",ER01,593.175050
D,DISPATCH,UNIT_SCADA,1,"2019/08/20 06:05:00",ER02,659.050050
D,DISPATCH,UNIT_SCADA,1,"2019/08/20 06:05:00",ER03,658.950070
D,DISPATCH,UNIT_SCADA,1,"2019/08/20 06:05:00",ER04,658.75
D,DISPATCH,UNIT_SCADA,1,"2019/08/20 06:05:00",FINLYSF1,0
D,DISPATCH,UNIT_SCADA,1,"2019/08/20 06:05:00",FISHER,46.07
D,DISPATCH,UNIT_SCADA,1,"2019/08/20 06:05:00",GANNBG1,0
D,DISPATCH,UNIT_SCADA,1,"2019/08/20 06:05:00",GANNBL1,4.757280
D,DISPATCH,UNIT_SCADA,1,"2019/08/20 06:05:00",GANNSF1,0
D,DISPATCH,UNIT_SCADA,1,"2019/08/20 06:05:00",GORDON,0
D,DISPATCH,UNIT_SCADA,1,"2019/08/20 06:05:00",GSTONE1,202.474990
D,DISPATCH,UNIT_SCADA,1,"2019/08/20 06:05:00",GSTONE2,228.024990
D,DISPATCH,UNIT_SCADA,1,"2019/08/20 06:05:00",GSTONE3,200.55
D,DISPATCH,UNIT_SCADA,1,"2019/08/20 06:05:00",GSTONE4,207.024990
D,DISPATCH,UNIT_SCADA,1,"2019/08/20 06:05:00",GSTONE5,207.899990
D,DISPATCH,UNIT_SCADA,1,"2019/08/20 06:05:00",GSTONE6,0
D,DISPATCH,UNIT_SCADA,1,"2019/08/20 06:05:00",GULLRSF1,0
D,DISPATCH,UNIT_SCADA,1,"2019/08/20 06:05:00",GULLRWF1,138.880860
D,DISPATCH,UNIT_SCADA,1,"2019/08/20 06:05:00",GUNNING1,39.950710
D,DISPATCH,UNIT_SCADA,1,"2019/08/20 06:05:00",GUTHEGA,33.90
D,DISPATCH,UNIT_SCADA,1,"2019/08/20 06:05:00",HALLWF1,66.70
D,DISPATCH,UNIT_SCADA,1,"2019/08/20 06:05:00",HALLWF2,50.24
D,DISPATCH,UNIT_SCADA,1,"2019/08/20 06:05:00",HAMISF1,0
D,DISPATCH,UNIT_SCADA,1,"2019/08/20 06:05:00",HAUGHT11,0
D,DISPATCH,UNIT_SCADA,1,"2019/08/20 06:05:00",HAYMSF1,0
D,DISPATCH,UNIT_SCADA,1,"2019/08/20 06:05:00",HDWF1,38.70
D,DISPATCH,UNIT_SCADA,1,"2019/08/20 06:05:00",HDWF2,30.50
D,DISPATCH,UNIT_SCADA,1,"2019/08/20 06:05:00",HDWF3,46.10
D,DISPATCH,UNIT_SCADA,1,"2019/08/20 06:05:00",HPRG1,0
D,DISPATCH,UNIT_SCADA,1,"2019/08/20 06:05:00",HPRL1,0
D,DISPATCH,UNIT_SCADA,1,"2019/08/20 06:05:00",HUMENSW,0
D,DISPATCH,UNIT_SCADA,1,"2019/08/20 06:05:00",HUMEV,8.40
D,DISPATCH,UNIT_SCADA,1,"2019/08/20 06:05:00",HVGTS,0
D,DISPATCH,UNIT_SCADA,1,"2019/08/20 06:05:00",JBUTTERS,137.39
D,DISPATCH,UNIT_SCADA,1,"2019/08/20 06:05:00",JLA01,0.50
D,DISPATCH,UNIT_SCADA,1,"2019/08/20 06:05:00",JLA02,0
D,DISPATCH,UNIT_SCADA,1,"2019/08/20 06:05:00",JLA03,0.10
D,DISPATCH,UNIT_SCADA,1,"2019/08/20 06:05:00",JLA04,0.10
D,DISPATCH,UNIT_SCADA,1,"2019/08/20 06:05:00",JLB01,0
D,DISPATCH,UNIT_SCADA,1,"2019/08/20 06:05:00",JLB02,0.10
D,DISPATCH,UNIT_SCADA,1,"2019/08/20 06:05:00",JLB03,0
D,DISPATCH,UNIT_SCADA,1,"2019/08/20 06:05:00",KAREEYA1,21.4875
D,DISPATCH,UNIT_SCADA,1,"2019/08/20 06:05:00",KAREEYA2,21.5725
D,DISPATCH,UNIT_SCADA,1,"2019/08/20 06:05:00",KAREEYA3,0
D,DISPATCH,UNIT_SCADA,1,"2019/08/20 06:05:00",KAREEYA4,21.72
D,DISPATCH,UNIT_SCADA,1,"2019/08/20 06:05:00",KARSF1,0
D,DISPATCH,UNIT_SCADA,1,"2019/08/20 06:05:00",KIATAWF1,30.50
D,DISPATCH,UNIT_SCADA,1,"2019/08/20 06:05:00",KPP_1,0
D,DISPATCH,UNIT_SCADA,1,"2019/08/20 06:05:00",KSP1,0
D,DISPATCH,UNIT_SCADA,1,"2019/08/20 06:05:00",LADBROK1,0
D,DISPATCH,UNIT_SCADA,1,"2019/08/20 06:05:00",LADBROK2,0
D,DISPATCH,UNIT_SCADA,1,"2019/08/20 06:05:00",LD01,380.399960
D,DISPATCH,UNIT_SCADA,1,"2019/08/20 06:05:00",LD02,380.606230
D,DISPATCH,UNIT_SCADA,1,"2019/08/20 06:05:00",LD03,390.600040
D,DISPATCH,UNIT_SCADA,1,"2019/08/20 06:05:00",LD04,379.537540
D,DISPATCH,UNIT_SCADA,1,"2019/08/20 06:05:00",LEM_WIL,85.313450
D,DISPATCH,UNIT_SCADA,1,"2019/08/20 06:05:00",LGAPWF1,17.14
D,DISPATCH,UNIT_SCADA,1,"2019/08/20 06:05:00",LILYSF1,0
D,DISPATCH,UNIT_SCADA,1,"2019/08/20 06:05:00",LI_WY_CA,148.206340
D,DISPATCH,UNIT_SCADA,1,"2019/08/20 06:05:00",LKBONNY2,142.921810
D,DISPATCH,UNIT_SCADA,1,"2019/08/20 06:05:00",LKBONNY3,36.675060
D,DISPATCH,UNIT_SCADA,1,"2019/08/20 06:05:00",LK_ECHO,0
D,DISPATCH,UNIT_SCADA,1,"2019/08/20 06:05:00",LNGS1,0
D,DISPATCH,UNIT_SCADA,1,"2019/08/20 06:05:00",LNGS2,0
D,DISPATCH,UNIT_SCADA,1,"2019/08/20 06:05:00",LONSDALE,0
D,DISPATCH,UNIT_SCADA,1,"2019/08/20 06:05:00",LOYYB1,536.088620
D,DISPATCH,UNIT_SCADA,1,"2019/08/20 06:05:00",LOYYB2,583.082280
D,DISPATCH,UNIT_SCADA,1,"2019/08/20 06:05:00",LYA1,560
D,DISPATCH,UNIT_SCADA,1,"2019/08/20 06:05:00",LYA2,0
D,DISPATCH,UNIT_SCADA,1,"2019/08/20 06:05:00",LYA3,559
D,DISPATCH,UNIT_SCADA,1,"2019/08/20 06:05:00",LYA4,540
D,DISPATCH,UNIT_SCADA,1,"2019/08/20 06:05:00",MACARTH1,300.293060
D,DISPATCH,UNIT_SCADA,1,"2019/08/20 06:05:00",MACKAYGT,0
D,DISPATCH,UNIT_SCADA,1,"2019/08/20 06:05:00",MACKNTSH,85.62
D,DISPATCH,UNIT_SCADA,1,"2019/08/20 06:05:00",MANSLR1,0
D,DISPATCH,UNIT_SCADA,1,"2019/08/20 06:05:00",MCKAY1,0.02
D,DISPATCH,UNIT_SCADA,1,"2019/08/20 06:05:00",MEADOWBK,34.095940
D,DISPATCH,UNIT_SCADA,1,"2019/08/20 06:05:00",MERCER01,124.9330
D,DISPATCH,UNIT_SCADA,1,"2019/08/20 06:05:00",MEWF1,28.397570
D,DISPATCH,UNIT_SCADA,1,"2019/08/20 06:05:00",MINTARO,0
D,DISPATCH,UNIT_SCADA,1,"2019/08/20 06:05:00",MOREESF1,0
D,DISPATCH,UNIT_SCADA,1,"2019/08/20 06:05:00",MORTLK11,125
D,DISPATCH,UNIT_SCADA,1,"2019/08/20 06:05:00",MORTLK12,0
D,DISPATCH,UNIT_SCADA,1,"2019/08/20 06:05:00",MP1,282.1250
D,DISPATCH,UNIT_SCADA,1,"2019/08/20 06:05:00",MP2,0
D,DISPATCH,UNIT_SCADA,1,"2019/08/20 06:05:00",MPP_1,429
D,DISPATCH,UNIT_SCADA,1,"2019/08/20 06:05:00",MPP_2,434.50
D,DISPATCH,UNIT_SCADA,1,"2019/08/20 06:05:00",MSTUART1,0
D,DISPATCH,UNIT_SCADA,1,"2019/08/20 06:05:00",MSTUART2,0
D,DISPATCH,UNIT_SCADA,1,"2019/08/20 06:05:00",MSTUART3,0
D,DISPATCH,UNIT_SCADA,1,"2019/08/20 06:05:00",MTGELWF1,64.299450
D,DISPATCH,UNIT_SCADA,1,"2019/08/20 06:05:00",MURRAY,0
D,DISPATCH,UNIT_SCADA,1,"2019/08/20 06:05:00",MUSSELR1,163.100010
D,DISPATCH,UNIT_SCADA,1,"2019/08/20 06:05:00",MUWAWF1,33.21
D,DISPATCH,UNIT_SCADA,1,"2019/08/20 06:05:00",NBHWF1,68.20
D,DISPATCH,UNIT_SCADA,1,"2019/08/20 06:05:00",NPS,0
D,DISPATCH,UNIT_SCADA,1,"2019/08/20 06:05:00",NUMURSF1,0
D,DISPATCH,UNIT_SCADA,1,"2019/08/20 06:05:00",NYNGAN1,0
D,DISPATCH,UNIT_SCADA,1,"2019/08/20 06:05:00",OAKEY1,0
D,DISPATCH,UNIT_SCADA,1,"2019/08/20 06:05:00",OAKEY1SF,0
D,DISPATCH,UNIT_SCADA,1,"2019/08/20 06:05:00",OAKEY2,0
D,DISPATCH,UNIT_SCADA,1,"2019/08/20 06:05:00",OAKLAND1,61.60
D,DISPATCH,UNIT_SCADA,1,"2019/08/20 06:05:00",OSB-AG,140.600010
D,DISPATCH,UNIT_SCADA,1,"2019/08/20 06:05:00",PARSF1,0
D,DISPATCH,UNIT_SCADA,1,"2019/08/20 06:05:00",POAT110,0
D,DISPATCH,UNIT_SCADA,1,"2019/08/20 06:05:00",POAT220,3.26
D,DISPATCH,UNIT_SCADA,1,"2019/08/20 06:05:00",POR01,0
D,DISPATCH,UNIT_SCADA,1,"2019/08/20 06:05:00",POR03,0
D,DISPATCH,UNIT_SCADA,1,"2019/08/20 06:05:00",PPCCGT,0
D,DISPATCH,UNIT_SCADA,1,"2019/08/20 06:05:00",PTSTAN1,0
D,DISPATCH,UNIT_SCADA,1,"2019/08/20 06:05:00",PUMP1,0
D,DISPATCH,UNIT_SCADA,1,"2019/08/20 06:05:00",PUMP2,0
D,DISPATCH,UNIT_SCADA,1,"2019/08/20 06:05:00",QPS1,0
D,DISPATCH,UNIT_SCADA,1,"2019/08/20 06:05:00",QPS2,0
D,DISPATCH,UNIT_SCADA,1,"2019/08/20 06:05:00",QPS3,0
D,DISPATCH,UNIT_SCADA,1,"2019/08/20 06:05:00",QPS4,0
D,DISPATCH,UNIT_SCADA,1,"2019/08/20 06:05:00",QPS5,0
D,DISPATCH,UNIT_SCADA,1,"2019/08/20 06:05:00",REECE1,115.440010
D,DISPATCH,UNIT_SCADA,1,"2019/08/20 06:05:00",REECE2,115.670010
D,DISPATCH,UNIT_SCADA,1,"2019/08/20 06:05:00",ROMA_7,0
D,DISPATCH,UNIT_SCADA,1,"2019/08/20 06:05:00",ROMA_8,0
D,DISPATCH,UNIT_SCADA,1,"2019/08/20 06:05:00",RRSF1,0
D,DISPATCH,UNIT_SCADA,1,"2019/08/20 06:05:00",RT_NSW1,0
D,DISPATCH,UNIT_SCADA,1,"2019/08/20 06:05:00",RT_NSW2,0
D,DISPATCH,UNIT_SCADA,1,"2019/08/20 06:05:00",RT_NSW3,0
D,DISPATCH,UNIT_SCADA,1,"2019/08/20 06:05:00",RT_NSW4,0
D,DISPATCH,UNIT_SCADA,1,"2019/08/20 06:05:00",RT_NSW5,0
D,DISPATCH,UNIT_SCADA,1,"2019/08/20 06:05:00",RT_NSW6,0
D,DISPATCH,UNIT_SCADA,1,"2019/08/20 06:05:00",RT_QLD1,0
D,DISPATCH,UNIT_SCADA,1,"2019/08/20 06:05:00",RT_SA1,0
D,DISPATCH,UNIT_SCADA,1,"2019/08/20 06:05:00",RT_SA2,0
D,DISPATCH,UNIT_SCADA,1,"2019/08/20 06:05:00",RT_SA3,0
D,DISPATCH,UNIT_SCADA,1,"2019/08/20 06:05:00",RT_SA4,0
D,DISPATCH,UNIT_SCADA,1,"2019/08/20 06:05:00",RT_SA5,0
D,DISPATCH,UNIT_SCADA,1,"2019/08/20 06:05:00",RT_SA6,0
D,DISPATCH,UNIT_SCADA,1,"2019/08/20 06:05:00",RT_TAS1,0
D,DISPATCH,UNIT_SCADA,1,"2019/08/20 06:05:00",RT_VIC1,0
D,DISPATCH,UNIT_SCADA,1,"2019/08/20 06:05:00",RT_VIC10,0
D,DISPATCH,UNIT_SCADA,1,"2019/08/20 06:05:00",RT_VIC11,0
D,DISPATCH,UNIT_SCADA,1,"2019/08/20 06:05:00",RT_VIC12,0
D,DISPATCH,UNIT_SCADA,1,"2019/08/20 06:05:00",RT_VIC2,0
D,DISPATCH,UNIT_SCADA,1,"2019/08/20 06:05:00",RT_VIC3,0
D,DISPATCH,UNIT_SCADA,1,"2019/08/20 06:05:00",RT_VIC4,0
D,DISPATCH,UNIT_SCADA,1,"2019/08/20 06:05:00",RT_VIC5,0
D,DISPATCH,UNIT_SCADA,1,"2019/08/20 06:05:00",RT_VIC6,0
D,DISPATCH,UNIT_SCADA,1,"2019/08/20 06:05:00",RT_VIC7,0
D,DISPATCH,UNIT_SCADA,1,"2019/08/20 06:05:00",RT_VIC8,0
D,DISPATCH,UNIT_SCADA,1,"2019/08/20 06:05:00",RT_VIC9,0
D,DISPATCH,UNIT_SCADA,1,"2019/08/20 06:05:00",RUGBYR1,0
D,DISPATCH,UNIT_SCADA,1,"2019/08/20 06:05:00",SALTCRK1,50.77
D,DISPATCH,UNIT_SCADA,1,"2019/08/20 06:05:00",SAPHWF1,118.574980
D,DISPATCH,UNIT_SCADA,1,"2019/08/20 06:05:00",SHGEN,0
D,DISPATCH,UNIT_SCADA,1,"2019/08/20 06:05:00",SHPUMP,0
D,DISPATCH,UNIT_SCADA,1,"2019/08/20 06:05:00",SITHE01,0.123710
D,DISPATCH,UNIT_SCADA,1,"2019/08/20 06:05:00",SMCSF1,0
D,DISPATCH,UNIT_SCADA,1,"2019/08/20 06:05:00",SNOWNTH1,20.80
D,DISPATCH,UNIT_SCADA,1,"2019/08/20 06:05:00",SNOWSTH1,50.90
D,DISPATCH,UNIT_SCADA,1,"2019/08/20 06:05:00",SNOWTWN1,23.691050
D,DISPATCH,UNIT_SCADA,1,"2019/08/20 06:05:00",SNOWYP,188.80
D,DISPATCH,UNIT_SCADA,1,"2019/08/20 06:05:00",SNUG1,0.019440
D,DISPATCH,UNIT_SCADA,1,"2019/08/20 06:05:00",SRSF1,0
D,DISPATCH,UNIT_SCADA,1,"2019/08/20 06:05:00",STAN-1,0
D,DISPATCH,UNIT_SCADA,1,"2019/08/20 06:05:00",STAN-2,230.399960
D,DISPATCH,UNIT_SCADA,1,"2019/08/20 06:05:00",STAN-3,228.131210
D,DISPATCH,UNIT_SCADA,1,"2019/08/20 06:05:00",STAN-4,225.311290
D,DISPATCH,UNIT_SCADA,1,"2019/08/20 06:05:00",STWF1,118.4850
D,DISPATCH,UNIT_SCADA,1,"2019/08/20 06:05:00",SWAN_E,0
D,DISPATCH,UNIT_SCADA,1,"2019/08/20 06:05:00",TALWA1,417
D,DISPATCH,UNIT_SCADA,1,"2019/08/20 06:05:00",TARALGA1,102.982510
D,DISPATCH,UNIT_SCADA,1,"2019/08/20 06:05:00",TARONG#1,269.50
D,DISPATCH,UNIT_SCADA,1,"2019/08/20 06:05:00",TARONG#2,274.600010
D,DISPATCH,UNIT_SCADA,1,"2019/08/20 06:05:00",TARONG#3,235.20
D,DISPATCH,UNIT_SCADA,1,"2019/08/20 06:05:00",TARONG#4,282.300020
D,DISPATCH,UNIT_SCADA,1,"2019/08/20 06:05:00",TARRALEA,79
D,DISPATCH,UNIT_SCADA,1,"2019/08/20 06:05:00",TBSF1,-0.20
D,DISPATCH,UNIT_SCADA,1,"2019/08/20 06:05:00",TNPS1,349.300020
D,DISPATCH,UNIT_SCADA,1,"2019/08/20 06:05:00",TORRA1,65.701230
D,DISPATCH,UNIT_SCADA,1,"2019/08/20 06:05:00",TORRA2,0
D,DISPATCH,UNIT_SCADA,1,"2019/08/20 06:05:00",TORRA3,40.107640
D,DISPATCH,UNIT_SCADA,1,"2019/08/20 06:05:00",TORRA4,0
D,DISPATCH,UNIT_SCADA,1,"2019/08/20 06:05:00",TORRB1,60.43
D,DISPATCH,UNIT_SCADA,1,"2019/08/20 06:05:00",TORRB2,60.82
D,DISPATCH,UNIT_SCADA,1,"2019/08/20 06:05:00",TORRB3,0
D,DISPATCH,UNIT_SCADA,1,"2019/08/20 06:05:00",TORRB4,0
D,DISPATCH,UNIT_SCADA,1,"2019/08/20 06:05:00",TREVALLN,2.830020
D,DISPATCH,UNIT_SCADA,1,"2019/08/20 06:05:00",TRIBUTE,84.96
D,DISPATCH,UNIT_SCADA,1,"2019/08/20 06:05:00",TUMUT3,0
D,DISPATCH,UNIT_SCADA,1,"2019/08/20 06:05:00",TUNGATIN,132.390030
D,DISPATCH,UNIT_SCADA,1,"2019/08/20 06:05:00",TVCC201,0
D,DISPATCH,UNIT_SCADA,1,"2019/08/20 06:05:00",TVPP104,0
D,DISPATCH,UNIT_SCADA,1,"2019/08/20 06:05:00",UPPTUMUT,0
D,DISPATCH,UNIT_SCADA,1,"2019/08/20 06:05:00",URANQ11,0
D,DISPATCH,UNIT_SCADA,1,"2019/08/20 06:05:00",URANQ12,0
D,DISPATCH,UNIT_SCADA,1,"2019/08/20 06:05:00",URANQ13,0
D,DISPATCH,UNIT_SCADA,1,"2019/08/20 06:05:00",URANQ14,0
D,DISPATCH,UNIT_SCADA,1,"2019/08/20 06:05:00",VP5,460.149990
D,DISPATCH,UNIT_SCADA,1,"2019/08/20 06:05:00",VP6,439.025020
D,DISPATCH,UNIT_SCADA,1,"2019/08/20 06:05:00",VPGS1,0
D,DISPATCH,UNIT_SCADA,1,"2019/08/20 06:05:00",VPGS2,0
D,DISPATCH,UNIT_SCADA,1,"2019/08/20 06:05:00",VPGS3,0
D,DISPATCH,UNIT_SCADA,1,"2019/08/20 06:05:00",VPGS4,0
D,DISPATCH,UNIT_SCADA,1,"2019/08/20 06:05:00",VPGS5,0
D,DISPATCH,UNIT_SCADA,1,"2019/08/20 06:05:00",VPGS6,0
D,DISPATCH,UNIT_SCADA,1,"2019/08/20 06:05:00",W/HOE#1,0
D,DISPATCH,UNIT_SCADA,1,"2019/08/20 06:05:00",W/HOE#2,0
D,DISPATCH,UNIT_SCADA,1,"2019/08/20 06:05:00",WATERLWF,107.30
D,DISPATCH,UNIT_SCADA,1,"2019/08/20 06:05:00",WEMENSF1,0
D,DISPATCH,UNIT_SCADA,1,"2019/08/20 06:05:00",WGWF1,66
D,DISPATCH,UNIT_SCADA,1,"2019/08/20 06:05:00",WHITSF1,0
D,DISPATCH,UNIT_SCADA,1,"2019/08/20 06:05:00",WKIEWA1,0
D,DISPATCH,UNIT_SCADA,1,"2019/08/20 06:05:00",WKIEWA2,0.10
D,DISPATCH,UNIT_SCADA,1,"2019/08/20 06:05:00",WOODLWN1,42.7590
D,DISPATCH,UNIT_SCADA,1,"2019/08/20 06:05:00",WRSF1,0
D,DISPATCH,UNIT_SCADA,1,"2019/08/20 06:05:00",WRWF1,97.24
D,DISPATCH,UNIT_SCADA,1,"2019/08/20 06:05:00",YABULU,0
D,DISPATCH,UNIT_SCADA,1,"2019/08/20 06:05:00",YABULU2,0
D,DISPATCH,UNIT_SCADA,1,"2019/08/20 06:05:00",YARWUN_1,0
D,DISPATCH,UNIT_SCADA,1,"2019/08/20 06:05:00",YENDWF1,42.11
D,DISPATCH,UNIT_SCADA,1,"2019/08/20 06:05:00",YWPS1,378.946840
D,DISPATCH,UNIT_SCADA,1,"2019/08/20 06:05:00",YWPS2,281.9519
D,DISPATCH,UNIT_SCADA,1,"2019/08/20 06:05:00",YWPS3,0
D,DISPATCH,UNIT_SCADA,1,"2019/08/20 06:05:00",YWPS4,396.084810
C,"END OF REPORT",334
