C,NEMP.WORLD,DISPATCHSCADA,AEMO,PUBLIC,2019/08/20,11:10:08,0000000311783193,DISPATCHSCADA,0000000311783187
I,DISPATCH,UNIT_SCADA,1,SETTLEMENTDATE,DUID,SCADAVALUE
D,DISPATCH,UNIT_SCADA,1,"2019/08/20 11:15:00",BARCSF1,18.50
D,DISPATCH,UNIT_SCADA,1,"2019/08/20 11:15:00",BUTLERSG,9.799998
D,DISPATCH,UNIT_SCADA,1,"2019/08/20 11:15:00",CALL_A_4,0
D,DISPATCH,UNIT_SCADA,1,"2019/08/20 11:15:00",CAPTL_WF,127.271996
D,DISPATCH,UNIT_SCADA,1,"2019/08/20 11:15:00",CATHROCK,49.669998
D,DISPATCH,UNIT_SCADA,1,"2019/08/20 11:15:00",CHALLHWF,11.90
D,DISPATCH,UNIT_SCADA,1,"2019/08/20 11:15:00",CLOVER,-0.01
D,DISPATCH,UNIT_SCADA,1,"2019/08/20 11:15:00",CLUNY,15.220417
D,DISPATCH,UNIT_SCADA,1,"2019/08/20 11:15:00",CNUNDAWF,39.045547
D,DISPATCH,UNIT_SCADA,1,"2019/08/20 11:15:00",CULLRGWF,30.26
D,DISPATCH,UNIT_SCADA,1,"2019/08/20 11:15:00",ERGT01,0
D,DISPATCH,UNIT_SCADA,1,"2019/08/20 11:15:00",GB01,0.064209
D,DISPATCH,UNIT_SCADA,1,"2019/08/20 11:15:00",GERMCRK,38.099998
D,DISPATCH,UNIT_SCADA,1,"2019/08/20 11:15:00",GRIFSF1,7.700005
D,DISPATCH,UNIT_SCADA,1,"2019/08/20 11:15:00",HUGSF1,8.9890
D,DISPATCH,UNIT_SCADA,1,"2019/08/20 11:15:00",LKBONNY1,75.198486
D,DISPATCH,UNIT_SCADA,1,"2019/08/20 11:15:00",LRSF1,8.9540
D,DISPATCH,UNIT_SCADA,1,"2019/08/20 11:15:00",MBAHNTH,52.256241
D,DISPATCH,UNIT_SCADA,1,"2019/08/20 11:15:00",MLSP1,10.713001
D,DISPATCH,UNIT_SCADA,1,"2019/08/20 11:15:00",MLWF1,19.59
D,DISPATCH,UNIT_SCADA,1,"2019/08/20 11:15:00",MTMILLAR,21.631893
D,DISPATCH,UNIT_SCADA,1,"2019/08/20 11:15:00",PALOONA,7.86
D,DISPATCH,UNIT_SCADA,1,"2019/08/20 11:15:00",PIONEER,10.70
D,DISPATCH,UNIT_SCADA,1,"2019/08/20 11:15:00",PORTWF,135.199997
D,DISPATCH,UNIT_SCADA,1,"2019/08/20 11:15:00",REPULSE,29.089190
D,DISPATCH,UNIT_SCADA,1,"2019/08/20 11:15:00",ROWALLAN,9.8477
D,DISPATCH,UNIT_SCADA,1,"2019/08/20 11:15:00",ROYALLA1,18.972002
D,DISPATCH,UNIT_SCADA,1,"2019/08/20 11:15:00",RPCG,11.10
D,DISPATCH,UNIT_SCADA,1,"2019/08/20 11:15:00",RUBICON,0
D,DISPATCH,UNIT_SCADA,1,"2019/08/20 11:15:00",SATGN1,0
D,DISPATCH,UNIT_SCADA,1,"2019/08/20 11:15:00",SATGS1,0
D,DISPATCH,UNIT_SCADA,1,"2019/08/20 11:15:00",STARHLWF,9.597201
D,DISPATCH,UNIT_SCADA,1,"2019/08/20 11:15:00",WAUBRAWF,56.2770
D,DISPATCH,UNIT_SCADA,1,"2019/08/20 11:15:00",WOOLNTH1,124.960022
D,DISPATCH,UNIT_SCADA,1,"2019/08/20 11:15:00",WPWF,37
D,DISPATCH,UNIT_SCADA,1,"2019/08/20 11:15:00",YAMBUKWF,29.10
D,DISPATCH,UNIT_SCADA,1,"2019/08/20 11:15:00",YSWF1,28.60
D,DISPATCH,UNIT_SCADA,1,"2019/08/20 11:15:00",AGLHAL,0
D,DISPATCH,UNIT_SCADA,1,"2019/08/20 11:15:00",AGLSOM,0
D,DISPATCH,UNIT_SCADA,1,"2019/08/20 11:15:00",ANGAST1,0
D,DISPATCH,UNIT_SCADA,1,"2019/08/20 11:15:00",ARWF1,84.70
D,DISPATCH,UNIT_SCADA,1,"2019/08/20 11:15:00",BALBG1,0
D,DISPATCH,UNIT_SCADA,1,"2019/08/20 11:15:00",BALBL1,9.96
D,DISPATCH,UNIT_SCADA,1,"2019/08/20 11:15:00",BALDHWF1,103.5850
D,DISPATCH,UNIT_SCADA,1,"2019/08/20 11:15:00",BANN1,59.83
D,DISPATCH,UNIT_SCADA,1,"2019/08/20 11:15:00",BARCALDN,0
D,DISPATCH,UNIT_SCADA,1,"2019/08/20 11:15:00",BARRON-1,0
D,DISPATCH,UNIT_SCADA,1,"2019/08/20 11:15:00",BARRON-2,0
D,DISPATCH,UNIT_SCADA,1,"2019/08/20 11:15:00",BASTYAN,80.970010
D,DISPATCH,UNIT_SCADA,1,"2019/08/20 11:15:00",BBTHREE1,-1.80
D,DISPATCH,UNIT_SCADA,1,"2019/08/20 11:15:00",BBTHREE2,-1.99
D,DISPATCH,UNIT_SCADA,1,"2019/08/20 11:15:00",BBTHREE3,0
D,DISPATCH,UNIT_SCADA,1,"2019/08/20 11:15:00",BDL01,0
D,DISPATCH,UNIT_SCADA,1,"2019/08/20 11:15:00",BDL02,-0.06
D,DISPATCH,UNIT_SCADA,1,"2019/08/20 11:15:00",BERYLSF1,69.591840
D,DISPATCH,UNIT_SCADA,1,"2019/08/20 11:15:00",BLOWERNG,0
D,DISPATCH,UNIT_SCADA,1,"2019/08/20 11:15:00",BLUFF1,46.70
D,DISPATCH,UNIT_SCADA,1,"2019/08/20 11:15:00",BNGSF1,69.63
D,DISPATCH,UNIT_SCADA,1,"2019/08/20 11:15:00",BNGSF2,20.75
D,DISPATCH,UNIT_SCADA,1,"2019/08/20 11:15:00",BOCORWF1,109.15
D,DISPATCH,UNIT_SCADA,1,"2019/08/20 11:15:00",BODWF1,38.521850
D,DISPATCH,UNIT_SCADA,1,"2019/08/20 11:15:00",BRAEMAR1,0
D,DISPATCH,UNIT_SCADA,1,"2019/08/20 11:15:00",BRAEMAR2,0
D,DISPATCH,UNIT_SCADA,1,"2019/08/20 11:15:00",BRAEMAR3,0
D,DISPATCH,UNIT_SCADA,1,"2019/08/20 11:15:00",BRAEMAR5,0
D,DISPATCH,UNIT_SCADA,1,"2019/08/20 11:15:00",BRAEMAR6,0
D,DISPATCH,UNIT_SCADA,1,"2019/08/20 11:15:00",BRAEMAR7,0
D,DISPATCH,UNIT_SCADA,1,"2019/08/20 11:15:00",BROKENH1,52.734380
D,DISPATCH,UNIT_SCADA,1,"2019/08/20 11:15:00",BW01,400.525020
D,DISPATCH,UNIT_SCADA,1,"2019/08/20 11:15:00",BW02,482.549930
D,DISPATCH,UNIT_SCADA,1,"2019/08/20 11:15:00",BW03,570.849980
D,DISPATCH,UNIT_SCADA,1,"2019/08/20 11:15:00",BW04,0
D,DISPATCH,UNIT_SCADA,1,"2019/08/20 11:15:00",CALL_B_1,350.50
D,DISPATCH,UNIT_SCADA,1,"2019/08/20 11:15:00",CALL_B_2,279.200010
D,DISPATCH,UNIT_SCADA,1,"2019/08/20 11:15:00",CETHANA,93.3945
D,DISPATCH,UNIT_SCADA,1,"2019/08/20 11:15:00",CG1,0
D,DISPATCH,UNIT_SCADA,1,"2019/08/20 11:15:00",CG2,0
D,DISPATCH,UNIT_SCADA,1,"2019/08/20 11:15:00",CG3,0
D,DISPATCH,UNIT_SCADA,1,"2019/08/20 11:15:00",CG4,0
D,DISPATCH,UNIT_SCADA,1,"2019/08/20 11:15:00",CHILDSF1,40.02
D,DISPATCH,UNIT_SCADA,1,"2019/08/20 11:15:00",CLARESF1,44.904450
D,DISPATCH,UNIT_SCADA,1,"2019/08/20 11:15:00",CLEMGPWF,19.593520
D,DISPATCH,UNIT_SCADA,1,"2019/08/20 11:15:00",CLERMSF1,15.13
D,DISPATCH,UNIT_SCADA,1,"2019/08/20 11:15:00",COLEASF1,47.40
D,DISPATCH,UNIT_SCADA,1,"2019/08/20 11:15:00",COOPGWF1,20.461870
D,DISPATCH,UNIT_SCADA,1,"2019/08/20 11:15:00",CPP_3,231
D,DISPATCH,UNIT_SCADA,1,"2019/08/20 11:15:00",CPP_4,292.600010
D,DISPATCH,UNIT_SCADA,1,"2019/08/20 11:15:00",CPSA,142.223750
D,DISPATCH,UNIT_SCADA,1,"2019/08/20 11:15:00",CROOKWF2,82.223750
D,DISPATCH,UNIT_SCADA,1,"2019/08/20 11:15:00",CROWLWF1,41.848830
D,DISPATCH,UNIT_SCADA,1,"2019/08/20 11:15:00",CSPVPS1,31.9850
D,DISPATCH,UNIT_SCADA,1,"2019/08/20 11:15:00",DALNTH01,0
D,DISPATCH,UNIT_SCADA,1,"2019/08/20 11:15:00",DALNTHL1,0.062560
D,DISPATCH,UNIT_SCADA,1,"2019/08/20 11:15:00",DARTM1,0
D,DISPATCH,UNIT_SCADA,1,"2019/08/20 11:15:00",DAYDSF1,114.636010
D,DISPATCH,UNIT_SCADA,1,"2019/08/20 11:15:00",DDPS1,0
D,DISPATCH,UNIT_SCADA,1,"2019/08/20 11:15:00",DDSF1,108.068860
D,DISPATCH,UNIT_SCADA,1,"2019/08/20 11:15:00",DEVILS_G,0
D,DISPATCH,UNIT_SCADA,1,"2019/08/20 11:15:00",DG_NSW1,0
D,DISPATCH,UNIT_SCADA,1,"2019/08/20 11:15:00",DG_QLD1,0
D,DISPATCH,UNIT_SCADA,1,"2019/08/20 11:15:00",DG_SA1,0
D,DISPATCH,UNIT_SCADA,1,"2019/08/20 11:15:00",DG_TAS1,0
D,DISPATCH,UNIT_SCADA,1,"2019/08/20 11:15:00",DG_VIC1,0
D,DISPATCH,UNIT_SCADA,1,"2019/08/20 11:15:00",DRYCGT1,0
D,DISPATCH,UNIT_SCADA,1,"2019/08/20 11:15:00",DRYCGT2,0
D,DISPATCH,UNIT_SCADA,1,"2019/08/20 11:15:00",DRYCGT3,0
D,DISPATCH,UNIT_SCADA,1,"2019/08/20 11:15:00",EILDON1,0
D,DISPATCH,UNIT_SCADA,1,"2019/08/20 11:15:00",EILDON2,0
D,DISPATCH,UNIT_SCADA,1,"2019/08/20 11:15:00",EMERASF1,59.63
D,DISPATCH,UNIT_SCADA,1,"2019/08/20 11:15:00",ER01,453.400020
D,DISPATCH,UNIT_SCADA,1,"2019/08/20 11:15:00",ER02,454.400020
D,DISPATCH,UNIT_SCADA,1,"2019/08/20 11:15:00",ER03,491.150020
D,DISPATCH,UNIT_SCADA,1,"2019/08/20 11:15:00",ER04,456.50
D,DISPATCH,UNIT_SCADA,1,"2019/08/20 11:15:00",FINLYSF1,0
D,DISPATCH,UNIT_SCADA,1,"2019/08/20 11:15:00",FISHER,46.03
D,DISPATCH,UNIT_SCADA,1,"2019/08/20 11:15:00",GANNBG1,0
D,DISPATCH,UNIT_SCADA,1,"2019/08/20 11:15:00",GANNBL1,0.418660
D,DISPATCH,UNIT_SCADA,1,"2019/08/20 11:15:00",GANNSF1,31.60
D,DISPATCH,UNIT_SCADA,1,"2019/08/20 11:15:00",GORDON,0
D,DISPATCH,UNIT_SCADA,1,"2019/08/20 11:15:00",GSTONE1,110.0750
D,DISPATCH,UNIT_SCADA,1,"2019/08/20 11:15:00",GSTONE2,109.3750
D,DISPATCH,UNIT_SCADA,1,"2019/08/20 11:15:00",GSTONE3,118.8250
D,DISPATCH,UNIT_SCADA,1,"2019/08/20 11:15:00",GSTONE4,128.80
D,DISPATCH,UNIT_SCADA,1,"2019/08/20 11:15:00",GSTONE5,128.274990
D,DISPATCH,UNIT_SCADA,1,"2019/08/20 11:15:00",GSTONE6,0
D,DISPATCH,UNIT_SCADA,1,"2019/08/20 11:15:00",GULLRSF1,5.242740
D,DISPATCH,UNIT_SCADA,1,"2019/08/20 11:15:00",GULLRWF1,146.376340
D,DISPATCH,UNIT_SCADA,1,"2019/08/20 11:15:00",GUNNING1,46.343690
D,DISPATCH,UNIT_SCADA,1,"2019/08/20 11:15:00",GUTHEGA,0
D,DISPATCH,UNIT_SCADA,1,"2019/08/20 11:15:00",HALLWF1,81.41
D,DISPATCH,UNIT_SCADA,1,"2019/08/20 11:15:00",HALLWF2,61.45
D,DISPATCH,UNIT_SCADA,1,"2019/08/20 11:15:00",HAMISF1,45.80
D,DISPATCH,UNIT_SCADA,1,"2019/08/20 11:15:00",HAUGHT11,50.051070
D,DISPATCH,UNIT_SCADA,1,"2019/08/20 11:15:00",HAYMSF1,41.1430
D,DISPATCH,UNIT_SCADA,1,"2019/08/20 11:15:00",HDWF1,58.30
D,DISPATCH,UNIT_SCADA,1,"2019/08/20 11:15:00",HDWF2,52.10
D,DISPATCH,UNIT_SCADA,1,"2019/08/20 11:15:00",HDWF3,64.90
D,DISPATCH,UNIT_SCADA,1,"2019/08/20 11:15:00",HPRG1,0
D,DISPATCH,UNIT_SCADA,1,"2019/08/20 11:15:00",HPRL1,0.20
D,DISPATCH,UNIT_SCADA,1,"2019/08/20 11:15:00",HUMENSW,0
D,DISPATCH,UNIT_SCADA,1,"2019/08/20 11:15:00",HUMEV,8.40
D,DISPATCH,UNIT_SCADA,1,"2019/08/20 11:15:00",HVGTS,0
D,DISPATCH,UNIT_SCADA,1,"2019/08/20 11:15:00",JBUTTERS,137.91
D,DISPATCH,UNIT_SCADA,1,"2019/08/20 11:15:00",JLA01,0.50
D,DISPATCH,UNIT_SCADA,1,"2019/08/20 11:15:00",JLA02,0
D,DISPATCH,UNIT_SCADA,1,"2019/08/20 11:15:00",JLA03,0.10
D,DISPATCH,UNIT_SCADA,1,"2019/08/20 11:15:00",JLA04,0.10
D,DISPATCH,UNIT_SCADA,1,"2019/08/20 11:15:00",JLB01,0
D,DISPATCH,UNIT_SCADA,1,"2019/08/20 11:15:00",JLB02,0.10
D,DISPATCH,UNIT_SCADA,1,"2019/08/20 11:15:00",JLB03,0
D,DISPATCH,UNIT_SCADA,1,"2019/08/20 11:15:00",KAREEYA1,21.53
D,DISPATCH,UNIT_SCADA,1,"2019/08/20 11:15:00",KAREEYA2,21.8675
D,DISPATCH,UNIT_SCADA,1,"2019/08/20 11:15:00",KAREEYA3,0
D,DISPATCH,UNIT_SCADA,1,"2019/08/20 11:15:00",KAREEYA4,21.68
D,DISPATCH,UNIT_SCADA,1,"2019/08/20 11:15:00",KARSF1,72.80
D,DISPATCH,UNIT_SCADA,1,"2019/08/20 11:15:00",KIATAWF1,30.80
D,DISPATCH,UNIT_SCADA,1,"2019/08/20 11:15:00",KPP_1,0
D,DISPATCH,UNIT_SCADA,1,"2019/08/20 11:15:00",KSP1,46.74
D,DISPATCH,UNIT_SCADA,1,"2019/08/20 11:15:00",LADBROK1,0
D,DISPATCH,UNIT_SCADA,1,"2019/08/20 11:15:00",LADBROK2,0
D,DISPATCH,UNIT_SCADA,1,"2019/08/20 11:15:00",LD01,381.843750
D,DISPATCH,UNIT_SCADA,1,"2019/08/20 11:15:00",LD02,379.818790
D,DISPATCH,UNIT_SCADA,1,"2019/08/20 11:15:00",LD03,381.506290
D,DISPATCH,UNIT_SCADA,1,"2019/08/20 11:15:00",LD04,379.612430
D,DISPATCH,UNIT_SCADA,1,"2019/08/20 11:15:00",LEM_WIL,85.5849
D,DISPATCH,UNIT_SCADA,1,"2019/08/20 11:15:00",LGAPWF1,0.59
D,DISPATCH,UNIT_SCADA,1,"2019/08/20 11:15:00",LILYSF1,92.798970
D,DISPATCH,UNIT_SCADA,1,"2019/08/20 11:15:00",LI_WY_CA,148.1675
D,DISPATCH,UNIT_SCADA,1,"2019/08/20 11:15:00",LKBONNY2,136.821030
D,DISPATCH,UNIT_SCADA,1,"2019/08/20 11:15:00",LKBONNY3,34.163070
D,DISPATCH,UNIT_SCADA,1,"2019/08/20 11:15:00",LK_ECHO,0
D,DISPATCH,UNIT_SCADA,1,"2019/08/20 11:15:00",LNGS1,0
D,DISPATCH,UNIT_SCADA,1,"2019/08/20 11:15:00",LNGS2,0
D,DISPATCH,UNIT_SCADA,1,"2019/08/20 11:15:00",LONSDALE,0
D,DISPATCH,UNIT_SCADA,1,"2019/08/20 11:15:00",LOYYB1,530.825320
D,DISPATCH,UNIT_SCADA,1,"2019/08/20 11:15:00",LOYYB2,583.458250
D,DISPATCH,UNIT_SCADA,1,"2019/08/20 11:15:00",LYA1,560
D,DISPATCH,UNIT_SCADA,1,"2019/08/20 11:15:00",LYA2,0
D,DISPATCH,UNIT_SCADA,1,"2019/08/20 11:15:00",LYA3,561
D,DISPATCH,UNIT_SCADA,1,"2019/08/20 11:15:00",LYA4,540
D,DISPATCH,UNIT_SCADA,1,"2019/08/20 11:15:00",MACARTH1,313.392760
D,DISPATCH,UNIT_SCADA,1,"2019/08/20 11:15:00",MACKAYGT,0
D,DISPATCH,UNIT_SCADA,1,"2019/08/20 11:15:00",MACKNTSH,85.63
D,DISPATCH,UNIT_SCADA,1,"2019/08/20 11:15:00",MANSLR1,37.9370
D,DISPATCH,UNIT_SCADA,1,"2019/08/20 11:15:00",MCKAY1,0.02
D,DISPATCH,UNIT_SCADA,1,"2019/08/20 11:15:00",MEADOWBK,34.124520
D,DISPATCH,UNIT_SCADA,1,"2019/08/20 11:15:00",MERCER01,124.8520
D,DISPATCH,UNIT_SCADA,1,"2019/08/20 11:15:00",MEWF1,41.162750
D,DISPATCH,UNIT_SCADA,1,"2019/08/20 11:15:00",MINTARO,0
D,DISPATCH,UNIT_SCADA,1,"2019/08/20 11:15:00",MOREESF1,49.71
D,DISPATCH,UNIT_SCADA,1,"2019/08/20 11:15:00",MORTLK11,125
D,DISPATCH,UNIT_SCADA,1,"2019/08/20 11:15:00",MORTLK12,0
D,DISPATCH,UNIT_SCADA,1,"2019/08/20 11:15:00",MP1,279.849980
D,DISPATCH,UNIT_SCADA,1,"2019/08/20 11:15:00",MP2,0
D,DISPATCH,UNIT_SCADA,1,"2019/08/20 11:15:00",MPP_1,341.25
D,DISPATCH,UNIT_SCADA,1,"2019/08/20 11:15:00",MPP_2,355.25
D,DISPATCH,UNIT_SCADA,1,"2019/08/20 11:15:00",MSTUART1,0
D,DISPATCH,UNIT_SCADA,1,"2019/08/20 11:15:00",MSTUART2,0
D,DISPATCH,UNIT_SCADA,1,"2019/08/20 11:15:00",MSTUART3,0
D,DISPATCH,UNIT_SCADA,1,"2019/08/20 11:15:00",MTGELWF1,64.497820
D,DISPATCH,UNIT_SCADA,1,"2019/08/20 11:15:00",MURRAY,0
D,DISPATCH,UNIT_SCADA,1,"2019/08/20 11:15:00",MUSSELR1,165.599990
D,DISPATCH,UNIT_SCADA,1,"2019/08/20 11:15:00",MUWAWF1,44.88
D,DISPATCH,UNIT_SCADA,1,"2019/08/20 11:15:00",NBHWF1,91.90
D,DISPATCH,UNIT_SCADA,1,"2019/08/20 11:15:00",NPS,0
D,DISPATCH,UNIT_SCADA,1,"2019/08/20 11:15:00",NUMURSF1,50.47
D,DISPATCH,UNIT_SCADA,1,"2019/08/20 11:15:00",NYNGAN1,101.75
D,DISPATCH,UNIT_SCADA,1,"2019/08/20 11:15:00",OAKEY1,0
D,DISPATCH,UNIT_SCADA,1,"2019/08/20 11:15:00",OAKEY1SF,21.3220
D,DISPATCH,UNIT_SCADA,1,"2019/08/20 11:15:00",OAKEY2,0
D,DISPATCH,UNIT_SCADA,1,"2019/08/20 11:15:00",OAKLAND1,62.20
D,DISPATCH,UNIT_SCADA,1,"2019/08/20 11:15:00",OSB-AG,139.149990
D,DISPATCH,UNIT_SCADA,1,"2019/08/20 11:15:00",PARSF1,35.70
D,DISPATCH,UNIT_SCADA,1,"2019/08/20 11:15:00",POAT110,0
D,DISPATCH,UNIT_SCADA,1,"2019/08/20 11:15:00",POAT220,0.94
D,DISPATCH,UNIT_SCADA,1,"2019/08/20 11:15:00",POR01,0
D,DISPATCH,UNIT_SCADA,1,"2019/08/20 11:15:00",POR03,0
D,DISPATCH,UNIT_SCADA,1,"2019/08/20 11:15:00",PPCCGT,173.5522
D,DISPATCH,UNIT_SCADA,1,"2019/08/20 11:15:00",PTSTAN1,0
D,DISPATCH,UNIT_SCADA,1,"2019/08/20 11:15:00",PUMP1,0
D,DISPATCH,UNIT_SCADA,1,"2019/08/20 11:15:00",PUMP2,238.95
D,DISPATCH,UNIT_SCADA,1,"2019/08/20 11:15:00",QPS1,0
D,DISPATCH,UNIT_SCADA,1,"2019/08/20 11:15:00",QPS2,0
D,DISPATCH,UNIT_SCADA,1,"2019/08/20 11:15:00",QPS3,0
D,DISPATCH,UNIT_SCADA,1,"2019/08/20 11:15:00",QPS4,0
D,DISPATCH,UNIT_SCADA,1,"2019/08/20 11:15:00",QPS5,0
D,DISPATCH,UNIT_SCADA,1,"2019/08/20 11:15:00",REECE1,115.800010
D,DISPATCH,UNIT_SCADA,1,"2019/08/20 11:15:00",REECE2,115.760010
D,DISPATCH,UNIT_SCADA,1,"2019/08/20 11:15:00",ROMA_7,0
D,DISPATCH,UNIT_SCADA,1,"2019/08/20 11:15:00",ROMA_8,0
D,DISPATCH,UNIT_SCADA,1,"2019/08/20 11:15:00",RRSF1,104.556970
D,DISPATCH,UNIT_SCADA,1,"2019/08/20 11:15:00",RT_NSW1,0
D,DISPATCH,UNIT_SCADA,1,"2019/08/20 11:15:00",RT_NSW2,0
D,DISPATCH,UNIT_SCADA,1,"2019/08/20 11:15:00",RT_NSW3,0
D,DISPATCH,UNIT_SCADA,1,"2019/08/20 11:15:00",RT_NSW4,0
D,DISPATCH,UNIT_SCADA,1,"2019/08/20 11:15:00",RT_NSW5,0
D,DISPATCH,UNIT_SCADA,1,"2019/08/20 11:15:00",RT_NSW6,0
D,DISPATCH,UNIT_SCADA,1,"2019/08/20 11:15:00",RT_QLD1,0
D,DISPATCH,UNIT_SCADA,1,"2019/08/20 11:15:00",RT_SA1,0
D,DISPATCH,UNIT_SCADA,1,"2019/08/20 11:15:00",RT_SA2,0
D,DISPATCH,UNIT_SCADA,1,"2019/08/20 11:15:00",RT_SA3,0
D,DISPATCH,UNIT_SCADA,1,"2019/08/20 11:15:00",RT_SA4,0
D,DISPATCH,UNIT_SCADA,1,"2019/08/20 11:15:00",RT_SA5,0
D,DISPATCH,UNIT_SCADA,1,"2019/08/20 11:15:00",RT_SA6,0
D,DISPATCH,UNIT_SCADA,1,"2019/08/20 11:15:00",RT_TAS1,0
D,DISPATCH,UNIT_SCADA,1,"2019/08/20 11:15:00",RT_VIC1,0
D,DISPATCH,UNIT_SCADA,1,"2019/08/20 11:15:00",RT_VIC10,0
D,DISPATCH,UNIT_SCADA,1,"2019/08/20 11:15:00",RT_VIC11,0
D,DISPATCH,UNIT_SCADA,1,"2019/08/20 11:15:00",RT_VIC12,0
D,DISPATCH,UNIT_SCADA,1,"2019/08/20 11:15:00",RT_VIC2,0
D,DISPATCH,UNIT_SCADA,1,"2019/08/20 11:15:00",RT_VIC3,0
D,DISPATCH,UNIT_SCADA,1,"2019/08/20 11:15:00",RT_VIC4,0
D,DISPATCH,UNIT_SCADA,1,"2019/08/20 11:15:00",RT_VIC5,0
D,DISPATCH,UNIT_SCADA,1,"2019/08/20 11:15:00",RT_VIC6,0
D,DISPATCH,UNIT_SCADA,1,"2019/08/20 11:15:00",RT_VIC7,0
D,DISPATCH,UNIT_SCADA,1,"2019/08/20 11:15:00",RT_VIC8,0
D,DISPATCH,UNIT_SCADA,1,"2019/08/20 11:15:00",RT_VIC9,0
D,DISPATCH,UNIT_SCADA,1,"2019/08/20 11:15:00",RUGBYR1,45.133820
D,DISPATCH,UNIT_SCADA,1,"2019/08/20 11:15:00",SALTCRK1,51.43
D,DISPATCH,UNIT_SCADA,1,"2019/08/20 11:15:00",SAPHWF1,35.0719
D,DISPATCH,UNIT_SCADA,1,"2019/08/20 11:15:00",SHGEN,0
D,DISPATCH,UNIT_SCADA,1,"2019/08/20 11:15:00",SHPUMP,0
D,DISPATCH,UNIT_SCADA,1,"2019/08/20 11:15:00",SITHE01,0.005650
D,DISPATCH,UNIT_SCADA,1,"2019/08/20 11:15:00",SMCSF1,81.835720
D,DISPATCH,UNIT_SCADA,1,"2019/08/20 11:15:00",SNOWNTH1,58
D,DISPATCH,UNIT_SCADA,1,"2019/08/20 11:15:00",SNOWSTH1,83.30
D,DISPATCH,UNIT_SCADA,1,"2019/08/20 11:15:00",SNOWTWN1,62.312540
D,DISPATCH,UNIT_SCADA,1,"2019/08/20 11:15:00",SNOWYP,190.50
D,DISPATCH,UNIT_SCADA,1,"2019/08/20 11:15:00",SNUG1,0.019440
D,DISPATCH,UNIT_SCADA,1,"2019/08/20 11:15:00",SRSF1,35.25
D,DISPATCH,UNIT_SCADA,1,"2019/08/20 11:15:00",STAN-1,0
D,DISPATCH,UNIT_SCADA,1,"2019/08/20 11:15:00",STAN-2,280.0433
D,DISPATCH,UNIT_SCADA,1,"2019/08/20 11:15:00",STAN-3,279.851010
D,DISPATCH,UNIT_SCADA,1,"2019/08/20 11:15:00",STAN-4,279.851010
D,DISPATCH,UNIT_SCADA,1,"2019/08/20 11:15:00",STWF1,1.428770
D,DISPATCH,UNIT_SCADA,1,"2019/08/20 11:15:00",SWAN_E,0
D,DISPATCH,UNIT_SCADA,1,"2019/08/20 11:15:00",TALWA1,191
D,DISPATCH,UNIT_SCADA,1,"2019/08/20 11:15:00",TARALGA1,99.183760
D,DISPATCH,UNIT_SCADA,1,"2019/08/20 11:15:00",TARONG#1,279.800020
D,DISPATCH,UNIT_SCADA,1,"2019/08/20 11:15:00",TARONG#2,279.600010
D,DISPATCH,UNIT_SCADA,1,"2019/08/20 11:15:00",TARONG#3,260.600010
D,DISPATCH,UNIT_SCADA,1,"2019/08/20 11:15:00",TARONG#4,280.899990
D,DISPATCH,UNIT_SCADA,1,"2019/08/20 11:15:00",TARRALEA,87
D,DISPATCH,UNIT_SCADA,1,"2019/08/20 11:15:00",TBSF1,63
D,DISPATCH,UNIT_SCADA,1,"2019/08/20 11:15:00",TNPS1,441.700010
D,DISPATCH,UNIT_SCADA,1,"2019/08/20 11:15:00",TORRA1,39.878360
D,DISPATCH,UNIT_SCADA,1,"2019/08/20 11:15:00",TORRA2,0
D,DISPATCH,UNIT_SCADA,1,"2019/08/20 11:15:00",TORRA3,0
D,DISPATCH,UNIT_SCADA,1,"2019/08/20 11:15:00",TORRA4,0
D,DISPATCH,UNIT_SCADA,1,"2019/08/20 11:15:00",TORRB1,40.36
D,DISPATCH,UNIT_SCADA,1,"2019/08/20 11:15:00",TORRB2,40.55
D,DISPATCH,UNIT_SCADA,1,"2019/08/20 11:15:00",TORRB3,0
D,DISPATCH,UNIT_SCADA,1,"2019/08/20 11:15:00",TORRB4,0
D,DISPATCH,UNIT_SCADA,1,"2019/08/20 11:15:00",TREVALLN,43.960020
D,DISPATCH,UNIT_SCADA,1,"2019/08/20 11:15:00",TRIBUTE,71.10
D,DISPATCH,UNIT_SCADA,1,"2019/08/20 11:15:00",TUMUT3,0
D,DISPATCH,UNIT_SCADA,1,"2019/08/20 11:15:00",TUNGATIN,121.890030
D,DISPATCH,UNIT_SCADA,1,"2019/08/20 11:15:00",TVCC201,0
D,DISPATCH,UNIT_SCADA,1,"2019/08/20 11:15:00",TVPP104,0
D,DISPATCH,UNIT_SCADA,1,"2019/08/20 11:15:00",UPPTUMUT,0
D,DISPATCH,UNIT_SCADA,1,"2019/08/20 11:15:00",URANQ11,0
D,DISPATCH,UNIT_SCADA,1,"2019/08/20 11:15:00",URANQ12,0
D,DISPATCH,UNIT_SCADA,1,"2019/08/20 11:15:00",URANQ13,0
D,DISPATCH,UNIT_SCADA,1,"2019/08/20 11:15:00",URANQ14,0
D,DISPATCH,UNIT_SCADA,1,"2019/08/20 11:15:00",VP5,348.449980
D,DISPATCH,UNIT_SCADA,1,"2019/08/20 11:15:00",VP6,337.725010
D,DISPATCH,UNIT_SCADA,1,"2019/08/20 11:15:00",VPGS1,0
D,DISPATCH,UNIT_SCADA,1,"2019/08/20 11:15:00",VPGS2,0
D,DISPATCH,UNIT_SCADA,1,"2019/08/20 11:15:00",VPGS3,0
D,DISPATCH,UNIT_SCADA,1,"2019/08/20 11:15:00",VPGS4,0
D,DISPATCH,UNIT_SCADA,1,"2019/08/20 11:15:00",VPGS5,0
D,DISPATCH,UNIT_SCADA,1,"2019/08/20 11:15:00",VPGS6,0
D,DISPATCH,UNIT_SCADA,1,"2019/08/20 11:15:00",W/HOE#1,0
D,DISPATCH,UNIT_SCADA,1,"2019/08/20 11:15:00",W/HOE#2,0
D,DISPATCH,UNIT_SCADA,1,"2019/08/20 11:15:00",WATERLWF,110.80
D,DISPATCH,UNIT_SCADA,1,"2019/08/20 11:15:00",WEMENSF1,35.30
D,DISPATCH,UNIT_SCADA,1,"2019/08/20 11:15:00",WGWF1,104.10
D,DISPATCH,UNIT_SCADA,1,"2019/08/20 11:15:00",WHITSF1,43.50
D,DISPATCH,UNIT_SCADA,1,"2019/08/20 11:15:00",WKIEWA1,0
D,DISPATCH,UNIT_SCADA,1,"2019/08/20 11:15:00",WKIEWA2,6.10
D,DISPATCH,UNIT_SCADA,1,"2019/08/20 11:15:00",WOODLWN1,42.5610
D,DISPATCH,UNIT_SCADA,1,"2019/08/20 11:15:00",WRSF1,19.86
D,DISPATCH,UNIT_SCADA,1,"2019/08/20 11:15:00",WRWF1,36.433750
D,DISPATCH,UNIT_SCADA,1,"2019/08/20 11:15:00",YABULU,0
D,DISPATCH,UNIT_SCADA,1,"2019/08/20 11:15:00",YABULU2,0
D,DISPATCH,UNIT_SCADA,1,"2019/08/20 11:15:00",YARWUN_1,0
D,DISPATCH,UNIT_SCADA,1,"2019/08/20 11:15:00",YENDWF1,41.91
D,DISPATCH,UNIT_SCADA,1,"2019/08/20 11:15:00",YWPS1,363.658230
D,DISPATCH,UNIT_SCADA,1,"2019/08/20 11:15:00",YWPS2,278.443020
D,DISPATCH,UNIT_SCADA,1,"2019/08/20 11:15:00",YWPS3,0
D,DISPATCH,UNIT_SCADA,1,"2019/08/20 11:15:00",YWPS4,382.253170
C,"END OF REPORT",334
