C,NEMP.WORLD,DISPATCHSCADA,AEMO,PUBLIC,2019/08/22,16:10:07,0000000311873657,DISPATCHSCADA,0000000311873651
I,DISPATCH,UNIT_SCADA,1,SETTLEMENTDATE,DUID,SCADAVALUE
D,DISPATCH,UNIT_SCADA,1,"2019/08/22 16:15:00",BARCSF1,18.600002
D,DISPATCH,UNIT_SCADA,1,"2019/08/22 16:15:00",BUTLERSG,9.699999
D,DISPATCH,UNIT_SCADA,1,"2019/08/22 16:15:00",CALL_A_4,0
D,DISPATCH,UNIT_SCADA,1,"2019/08/22 16:15:00",CAPTL_WF,78.567993
D,DISPATCH,UNIT_SCADA,1,"2019/08/22 16:15:00",CATHROCK,0
D,DISPATCH,UNIT_SCADA,1,"2019/08/22 16:15:00",CHALLHWF,7.90
D,DISPATCH,UNIT_SCADA,1,"2019/08/22 16:15:00",CLOVER,-0.01
D,DISPATCH,UNIT_SCADA,1,"2019/08/22 16:15:00",CLUNY,20.102083
D,DISPATCH,UNIT_SCADA,1,"2019/08/22 16:15:00",CNUNDAWF,5.005839
D,DISPATCH,UNIT_SCADA,1,"2019/08/22 16:15:00",CULLRGWF,25.50
D,DISPATCH,UNIT_SCADA,1,"2019/08/22 16:15:00",ERGT01,0
D,DISPATCH,UNIT_SCADA,1,"2019/08/22 16:15:00",GB01,0.071308
D,DISPATCH,UNIT_SCADA,1,"2019/08/22 16:15:00",GERMCRK,30.40
D,DISPATCH,UNIT_SCADA,1,"2019/08/22 16:15:00",GRIFSF1,22
D,DISPATCH,UNIT_SCADA,1,"2019/08/22 16:15:00",HUGSF1,8.964001
D,DISPATCH,UNIT_SCADA,1,"2019/08/22 16:15:00",LKBONNY1,10.359886
D,DISPATCH,UNIT_SCADA,1,"2019/08/22 16:15:00",LRSF1,-0.0180
D,DISPATCH,UNIT_SCADA,1,"2019/08/22 16:15:00",MBAHNTH,55.593750
D,DISPATCH,UNIT_SCADA,1,"2019/08/22 16:15:00",MLSP1,5.385001
D,DISPATCH,UNIT_SCADA,1,"2019/08/22 16:15:00",MLWF1,2.61
D,DISPATCH,UNIT_SCADA,1,"2019/08/22 16:15:00",MTMILLAR,3.199764
D,DISPATCH,UNIT_SCADA,1,"2019/08/22 16:15:00",PALOONA,29.029999
D,DISPATCH,UNIT_SCADA,1,"2019/08/22 16:15:00",PIONEER,26.90
D,DISPATCH,UNIT_SCADA,1,"2019/08/22 16:15:00",PORTWF,2.50
D,DISPATCH,UNIT_SCADA,1,"2019/08/22 16:15:00",REPULSE,28.993973
D,DISPATCH,UNIT_SCADA,1,"2019/08/22 16:15:00",ROWALLAN,10.2950
D,DISPATCH,UNIT_SCADA,1,"2019/08/22 16:15:00",ROYALLA1,6.308001
D,DISPATCH,UNIT_SCADA,1,"2019/08/22 16:15:00",RPCG,12
D,DISPATCH,UNIT_SCADA,1,"2019/08/22 16:15:00",RUBICON,0
D,DISPATCH,UNIT_SCADA,1,"2019/08/22 16:15:00",SATGN1,0
D,DISPATCH,UNIT_SCADA,1,"2019/08/22 16:15:00",SATGS1,0
D,DISPATCH,UNIT_SCADA,1,"2019/08/22 16:15:00",STARHLWF,0.399883
D,DISPATCH,UNIT_SCADA,1,"2019/08/22 16:15:00",WAUBRAWF,101.531998
D,DISPATCH,UNIT_SCADA,1,"2019/08/22 16:15:00",WOOLNTH1,78.000015
D,DISPATCH,UNIT_SCADA,1,"2019/08/22 16:15:00",WPWF,-1
D,DISPATCH,UNIT_SCADA,1,"2019/08/22 16:15:00",YAMBUKWF,1.10
D,DISPATCH,UNIT_SCADA,1,"2019/08/22 16:15:00",YSWF1,10.30
D,DISPATCH,UNIT_SCADA,1,"2019/08/22 16:15:00",AGLHAL,0
D,DISPATCH,UNIT_SCADA,1,"2019/08/22 16:15:00",AGLSOM,0
D,DISPATCH,UNIT_SCADA,1,"2019/08/22 16:15:00",ANGAST1,0
D,DISPATCH,UNIT_SCADA,1,"2019/08/22 16:15:00",ARWF1,94.40
D,DISPATCH,UNIT_SCADA,1,"2019/08/22 16:15:00",BALBG1,0
D,DISPATCH,UNIT_SCADA,1,"2019/08/22 16:15:00",BALBL1,0
D,DISPATCH,UNIT_SCADA,1,"2019/08/22 16:15:00",BALDHWF1,75.9390
D,DISPATCH,UNIT_SCADA,1,"2019/08/22 16:15:00",BANN1,31.85
D,DISPATCH,UNIT_SCADA,1,"2019/08/22 16:15:00",BARCALDN,0
D,DISPATCH,UNIT_SCADA,1,"2019/08/22 16:15:00",BARRON-1,0
D,DISPATCH,UNIT_SCADA,1,"2019/08/22 16:15:00",BARRON-2,27.96
D,DISPATCH,UNIT_SCADA,1,"2019/08/22 16:15:00",BASTYAN,78.150010
D,DISPATCH,UNIT_SCADA,1,"2019/08/22 16:15:00",BBTHREE1,-1.99
D,DISPATCH,UNIT_SCADA,1,"2019/08/22 16:15:00",BBTHREE2,-1.99
D,DISPATCH,UNIT_SCADA,1,"2019/08/22 16:15:00",BBTHREE3,-1.10
D,DISPATCH,UNIT_SCADA,1,"2019/08/22 16:15:00",BDL01,0
D,DISPATCH,UNIT_SCADA,1,"2019/08/22 16:15:00",BDL02,0
D,DISPATCH,UNIT_SCADA,1,"2019/08/22 16:15:00",BERYLSF1,33.380810
D,DISPATCH,UNIT_SCADA,1,"2019/08/22 16:15:00",BLOWERNG,0
D,DISPATCH,UNIT_SCADA,1,"2019/08/22 16:15:00",BLUFF1,0.10
D,DISPATCH,UNIT_SCADA,1,"2019/08/22 16:15:00",BNGSF1,96.90
D,DISPATCH,UNIT_SCADA,1,"2019/08/22 16:15:00",BNGSF2,19.95
D,DISPATCH,UNIT_SCADA,1,"2019/08/22 16:15:00",BOCORWF1,110.27
D,DISPATCH,UNIT_SCADA,1,"2019/08/22 16:15:00",BODWF1,106.743180
D,DISPATCH,UNIT_SCADA,1,"2019/08/22 16:15:00",BRAEMAR1,0
D,DISPATCH,UNIT_SCADA,1,"2019/08/22 16:15:00",BRAEMAR2,0
D,DISPATCH,UNIT_SCADA,1,"2019/08/22 16:15:00",BRAEMAR3,0
D,DISPATCH,UNIT_SCADA,1,"2019/08/22 16:15:00",BRAEMAR5,0
D,DISPATCH,UNIT_SCADA,1,"2019/08/22 16:15:00",BRAEMAR6,0
D,DISPATCH,UNIT_SCADA,1,"2019/08/22 16:15:00",BRAEMAR7,0
D,DISPATCH,UNIT_SCADA,1,"2019/08/22 16:15:00",BROKENH1,32.562260
D,DISPATCH,UNIT_SCADA,1,"2019/08/22 16:15:00",BW01,504.974980
D,DISPATCH,UNIT_SCADA,1,"2019/08/22 16:15:00",BW02,576.700070
D,DISPATCH,UNIT_SCADA,1,"2019/08/22 16:15:00",BW03,569.674930
D,DISPATCH,UNIT_SCADA,1,"2019/08/22 16:15:00",BW04,0
D,DISPATCH,UNIT_SCADA,1,"2019/08/22 16:15:00",CALL_B_1,0
D,DISPATCH,UNIT_SCADA,1,"2019/08/22 16:15:00",CALL_B_2,295.899990
D,DISPATCH,UNIT_SCADA,1,"2019/08/22 16:15:00",CETHANA,97.585750
D,DISPATCH,UNIT_SCADA,1,"2019/08/22 16:15:00",CG1,0
D,DISPATCH,UNIT_SCADA,1,"2019/08/22 16:15:00",CG2,0
D,DISPATCH,UNIT_SCADA,1,"2019/08/22 16:15:00",CG3,0
D,DISPATCH,UNIT_SCADA,1,"2019/08/22 16:15:00",CG4,0
D,DISPATCH,UNIT_SCADA,1,"2019/08/22 16:15:00",CHILDSF1,37.88
D,DISPATCH,UNIT_SCADA,1,"2019/08/22 16:15:00",CLARESF1,38.7625
D,DISPATCH,UNIT_SCADA,1,"2019/08/22 16:15:00",CLEMGPWF,0.504250
D,DISPATCH,UNIT_SCADA,1,"2019/08/22 16:15:00",CLERMSF1,14.69
D,DISPATCH,UNIT_SCADA,1,"2019/08/22 16:15:00",COLEASF1,93.10
D,DISPATCH,UNIT_SCADA,1,"2019/08/22 16:15:00",COOPGWF1,30.343660
D,DISPATCH,UNIT_SCADA,1,"2019/08/22 16:15:00",CPP_3,406.450010
D,DISPATCH,UNIT_SCADA,1,"2019/08/22 16:15:00",CPP_4,405.075010
D,DISPATCH,UNIT_SCADA,1,"2019/08/22 16:15:00",CPSA,142.338130
D,DISPATCH,UNIT_SCADA,1,"2019/08/22 16:15:00",CROOKWF2,67.423750
D,DISPATCH,UNIT_SCADA,1,"2019/08/22 16:15:00",CROWLWF1,29.710340
D,DISPATCH,UNIT_SCADA,1,"2019/08/22 16:15:00",CSPVPS1,19.2350
D,DISPATCH,UNIT_SCADA,1,"2019/08/22 16:15:00",DALNTH01,0.068670
D,DISPATCH,UNIT_SCADA,1,"2019/08/22 16:15:00",DALNTHL1,0
D,DISPATCH,UNIT_SCADA,1,"2019/08/22 16:15:00",DARTM1,134.600010
D,DISPATCH,UNIT_SCADA,1,"2019/08/22 16:15:00",DAYDSF1,103.698010
D,DISPATCH,UNIT_SCADA,1,"2019/08/22 16:15:00",DDPS1,290.010530
D,DISPATCH,UNIT_SCADA,1,"2019/08/22 16:15:00",DDSF1,44.365830
D,DISPATCH,UNIT_SCADA,1,"2019/08/22 16:15:00",DEVILS_G,0
D,DISPATCH,UNIT_SCADA,1,"2019/08/22 16:15:00",DG_NSW1,0
D,DISPATCH,UNIT_SCADA,1,"2019/08/22 16:15:00",DG_QLD1,0
D,DISPATCH,UNIT_SCADA,1,"2019/08/22 16:15:00",DG_SA1,0
D,DISPATCH,UNIT_SCADA,1,"2019/08/22 16:15:00",DG_TAS1,0
D,DISPATCH,UNIT_SCADA,1,"2019/08/22 16:15:00",DG_VIC1,0
D,DISPATCH,UNIT_SCADA,1,"2019/08/22 16:15:00",DRYCGT1,0
D,DISPATCH,UNIT_SCADA,1,"2019/08/22 16:15:00",DRYCGT2,0
D,DISPATCH,UNIT_SCADA,1,"2019/08/22 16:15:00",DRYCGT3,0
D,DISPATCH,UNIT_SCADA,1,"2019/08/22 16:15:00",EILDON1,0
D,DISPATCH,UNIT_SCADA,1,"2019/08/22 16:15:00",EILDON2,0
D,DISPATCH,UNIT_SCADA,1,"2019/08/22 16:15:00",EMERASF1,54.69
D,DISPATCH,UNIT_SCADA,1,"2019/08/22 16:15:00",ER01,485.025020
D,DISPATCH,UNIT_SCADA,1,"2019/08/22 16:15:00",ER02,567.599980
D,DISPATCH,UNIT_SCADA,1,"2019/08/22 16:15:00",ER03,699.8999
D,DISPATCH,UNIT_SCADA,1,"2019/08/22 16:15:00",ER04,519.400020
D,DISPATCH,UNIT_SCADA,1,"2019/08/22 16:15:00",FINLYSF1,0.8235
D,DISPATCH,UNIT_SCADA,1,"2019/08/22 16:15:00",FISHER,45.87
D,DISPATCH,UNIT_SCADA,1,"2019/08/22 16:15:00",GANNBG1,0.660380
D,DISPATCH,UNIT_SCADA,1,"2019/08/22 16:15:00",GANNBL1,0
D,DISPATCH,UNIT_SCADA,1,"2019/08/22 16:15:00",GANNSF1,40.10
D,DISPATCH,UNIT_SCADA,1,"2019/08/22 16:15:00",GORDON,55.802880
D,DISPATCH,UNIT_SCADA,1,"2019/08/22 16:15:00",GSTONE1,158.20
D,DISPATCH,UNIT_SCADA,1,"2019/08/22 16:15:00",GSTONE2,158.55
D,DISPATCH,UNIT_SCADA,1,"2019/08/22 16:15:00",GSTONE3,158.3750
D,DISPATCH,UNIT_SCADA,1,"2019/08/22 16:15:00",GSTONE4,156.80
D,DISPATCH,UNIT_SCADA,1,"2019/08/22 16:15:00",GSTONE5,158.20
D,DISPATCH,UNIT_SCADA,1,"2019/08/22 16:15:00",GSTONE6,0
D,DISPATCH,UNIT_SCADA,1,"2019/08/22 16:15:00",GULLRSF1,3.225490
D,DISPATCH,UNIT_SCADA,1,"2019/08/22 16:15:00",GULLRWF1,100.502560
D,DISPATCH,UNIT_SCADA,1,"2019/08/22 16:15:00",GUNNING1,28.087560
D,DISPATCH,UNIT_SCADA,1,"2019/08/22 16:15:00",GUTHEGA,0
D,DISPATCH,UNIT_SCADA,1,"2019/08/22 16:15:00",HALLWF1,-0.39
D,DISPATCH,UNIT_SCADA,1,"2019/08/22 16:15:00",HALLWF2,-0.39
D,DISPATCH,UNIT_SCADA,1,"2019/08/22 16:15:00",HAMISF1,42.30
D,DISPATCH,UNIT_SCADA,1,"2019/08/22 16:15:00",HAUGHT11,49.985530
D,DISPATCH,UNIT_SCADA,1,"2019/08/22 16:15:00",HAYMSF1,35.5110
D,DISPATCH,UNIT_SCADA,1,"2019/08/22 16:15:00",HDWF1,1.40
D,DISPATCH,UNIT_SCADA,1,"2019/08/22 16:15:00",HDWF2,1.60
D,DISPATCH,UNIT_SCADA,1,"2019/08/22 16:15:00",HDWF3,1.70
D,DISPATCH,UNIT_SCADA,1,"2019/08/22 16:15:00",HPRG1,0
D,DISPATCH,UNIT_SCADA,1,"2019/08/22 16:15:00",HPRL1,5.10
D,DISPATCH,UNIT_SCADA,1,"2019/08/22 16:15:00",HUMENSW,0
D,DISPATCH,UNIT_SCADA,1,"2019/08/22 16:15:00",HUMEV,8.60
D,DISPATCH,UNIT_SCADA,1,"2019/08/22 16:15:00",HVGTS,0
D,DISPATCH,UNIT_SCADA,1,"2019/08/22 16:15:00",JBUTTERS,138.48
D,DISPATCH,UNIT_SCADA,1,"2019/08/22 16:15:00",JLA01,0.50
D,DISPATCH,UNIT_SCADA,1,"2019/08/22 16:15:00",JLA02,0
D,DISPATCH,UNIT_SCADA,1,"2019/08/22 16:15:00",JLA03,0.10
D,DISPATCH,UNIT_SCADA,1,"2019/08/22 16:15:00",JLA04,0.10
D,DISPATCH,UNIT_SCADA,1,"2019/08/22 16:15:00",JLB01,0
D,DISPATCH,UNIT_SCADA,1,"2019/08/22 16:15:00",JLB02,0.10
D,DISPATCH,UNIT_SCADA,1,"2019/08/22 16:15:00",JLB03,0
D,DISPATCH,UNIT_SCADA,1,"2019/08/22 16:15:00",KAREEYA1,21.52
D,DISPATCH,UNIT_SCADA,1,"2019/08/22 16:15:00",KAREEYA2,21.7325
D,DISPATCH,UNIT_SCADA,1,"2019/08/22 16:15:00",KAREEYA3,0
D,DISPATCH,UNIT_SCADA,1,"2019/08/22 16:15:00",KAREEYA4,21.6550
D,DISPATCH,UNIT_SCADA,1,"2019/08/22 16:15:00",KARSF1,19.80
D,DISPATCH,UNIT_SCADA,1,"2019/08/22 16:15:00",KIATAWF1,10.30
D,DISPATCH,UNIT_SCADA,1,"2019/08/22 16:15:00",KPP_1,0
D,DISPATCH,UNIT_SCADA,1,"2019/08/22 16:15:00",KSP1,45.50
D,DISPATCH,UNIT_SCADA,1,"2019/08/22 16:15:00",LADBROK1,0
D,DISPATCH,UNIT_SCADA,1,"2019/08/22 16:15:00",LADBROK2,0
D,DISPATCH,UNIT_SCADA,1,"2019/08/22 16:15:00",LD01,413.849950
D,DISPATCH,UNIT_SCADA,1,"2019/08/22 16:15:00",LD02,415.837550
D,DISPATCH,UNIT_SCADA,1,"2019/08/22 16:15:00",LD03,401.568790
D,DISPATCH,UNIT_SCADA,1,"2019/08/22 16:15:00",LD04,380.868710
D,DISPATCH,UNIT_SCADA,1,"2019/08/22 16:15:00",LEM_WIL,86.0802
D,DISPATCH,UNIT_SCADA,1,"2019/08/22 16:15:00",LGAPWF1,7.75
D,DISPATCH,UNIT_SCADA,1,"2019/08/22 16:15:00",LILYSF1,76.546040
D,DISPATCH,UNIT_SCADA,1,"2019/08/22 16:15:00",LI_WY_CA,149.166110
D,DISPATCH,UNIT_SCADA,1,"2019/08/22 16:15:00",LKBONNY2,16.695120
D,DISPATCH,UNIT_SCADA,1,"2019/08/22 16:15:00",LKBONNY3,4.744870
D,DISPATCH,UNIT_SCADA,1,"2019/08/22 16:15:00",LK_ECHO,0
D,DISPATCH,UNIT_SCADA,1,"2019/08/22 16:15:00",LNGS1,0
D,DISPATCH,UNIT_SCADA,1,"2019/08/22 16:15:00",LNGS2,0
D,DISPATCH,UNIT_SCADA,1,"2019/08/22 16:15:00",LONSDALE,0
D,DISPATCH,UNIT_SCADA,1,"2019/08/22 16:15:00",LOYYB1,536.088620
D,DISPATCH,UNIT_SCADA,1,"2019/08/22 16:15:00",LOYYB2,583.082280
D,DISPATCH,UNIT_SCADA,1,"2019/08/22 16:15:00",LYA1,559
D,DISPATCH,UNIT_SCADA,1,"2019/08/22 16:15:00",LYA2,0
D,DISPATCH,UNIT_SCADA,1,"2019/08/22 16:15:00",LYA3,560
D,DISPATCH,UNIT_SCADA,1,"2019/08/22 16:15:00",LYA4,539
D,DISPATCH,UNIT_SCADA,1,"2019/08/22 16:15:00",MACARTH1,29.699310
D,DISPATCH,UNIT_SCADA,1,"2019/08/22 16:15:00",MACKAYGT,0
D,DISPATCH,UNIT_SCADA,1,"2019/08/22 16:15:00",MACKNTSH,85.63
D,DISPATCH,UNIT_SCADA,1,"2019/08/22 16:15:00",MANSLR1,30.2760
D,DISPATCH,UNIT_SCADA,1,"2019/08/22 16:15:00",MCKAY1,0.02
D,DISPATCH,UNIT_SCADA,1,"2019/08/22 16:15:00",MEADOWBK,33.781560
D,DISPATCH,UNIT_SCADA,1,"2019/08/22 16:15:00",MERCER01,25.8960
D,DISPATCH,UNIT_SCADA,1,"2019/08/22 16:15:00",MEWF1,30.752770
D,DISPATCH,UNIT_SCADA,1,"2019/08/22 16:15:00",MINTARO,0
D,DISPATCH,UNIT_SCADA,1,"2019/08/22 16:15:00",MOREESF1,44.4720
D,DISPATCH,UNIT_SCADA,1,"2019/08/22 16:15:00",MORTLK11,259
D,DISPATCH,UNIT_SCADA,1,"2019/08/22 16:15:00",MORTLK12,0
D,DISPATCH,UNIT_SCADA,1,"2019/08/22 16:15:00",MP1,281.799930
D,DISPATCH,UNIT_SCADA,1,"2019/08/22 16:15:00",MP2,0
D,DISPATCH,UNIT_SCADA,1,"2019/08/22 16:15:00",MPP_1,357.75
D,DISPATCH,UNIT_SCADA,1,"2019/08/22 16:15:00",MPP_2,383.75
D,DISPATCH,UNIT_SCADA,1,"2019/08/22 16:15:00",MSTUART1,0
D,DISPATCH,UNIT_SCADA,1,"2019/08/22 16:15:00",MSTUART2,0
D,DISPATCH,UNIT_SCADA,1,"2019/08/22 16:15:00",MSTUART3,0
D,DISPATCH,UNIT_SCADA,1,"2019/08/22 16:15:00",MTGELWF1,37.183750
D,DISPATCH,UNIT_SCADA,1,"2019/08/22 16:15:00",MURRAY,0
D,DISPATCH,UNIT_SCADA,1,"2019/08/22 16:15:00",MUSSELR1,53.20
D,DISPATCH,UNIT_SCADA,1,"2019/08/22 16:15:00",MUWAWF1,27.72
D,DISPATCH,UNIT_SCADA,1,"2019/08/22 16:15:00",NBHWF1,-0.20
D,DISPATCH,UNIT_SCADA,1,"2019/08/22 16:15:00",NPS,232.8750
D,DISPATCH,UNIT_SCADA,1,"2019/08/22 16:15:00",NUMURSF1,79.49
D,DISPATCH,UNIT_SCADA,1,"2019/08/22 16:15:00",NYNGAN1,43.50
D,DISPATCH,UNIT_SCADA,1,"2019/08/22 16:15:00",OAKEY1,0
D,DISPATCH,UNIT_SCADA,1,"2019/08/22 16:15:00",OAKEY1SF,16.5110
D,DISPATCH,UNIT_SCADA,1,"2019/08/22 16:15:00",OAKEY2,0
D,DISPATCH,UNIT_SCADA,1,"2019/08/22 16:15:00",OAKLAND1,9.70
D,DISPATCH,UNIT_SCADA,1,"2019/08/22 16:15:00",OSB-AG,182.83
D,DISPATCH,UNIT_SCADA,1,"2019/08/22 16:15:00",PARSF1,40.20
D,DISPATCH,UNIT_SCADA,1,"2019/08/22 16:15:00",POAT110,0
D,DISPATCH,UNIT_SCADA,1,"2019/08/22 16:15:00",POAT220,18.09
D,DISPATCH,UNIT_SCADA,1,"2019/08/22 16:15:00",POR01,0
D,DISPATCH,UNIT_SCADA,1,"2019/08/22 16:15:00",POR03,0
D,DISPATCH,UNIT_SCADA,1,"2019/08/22 16:15:00",PPCCGT,492.326930
D,DISPATCH,UNIT_SCADA,1,"2019/08/22 16:15:00",PTSTAN1,0
D,DISPATCH,UNIT_SCADA,1,"2019/08/22 16:15:00",PUMP1,0
D,DISPATCH,UNIT_SCADA,1,"2019/08/22 16:15:00",PUMP2,0
D,DISPATCH,UNIT_SCADA,1,"2019/08/22 16:15:00",QPS1,0
D,DISPATCH,UNIT_SCADA,1,"2019/08/22 16:15:00",QPS2,0
D,DISPATCH,UNIT_SCADA,1,"2019/08/22 16:15:00",QPS3,0
D,DISPATCH,UNIT_SCADA,1,"2019/08/22 16:15:00",QPS4,0
D,DISPATCH,UNIT_SCADA,1,"2019/08/22 16:15:00",QPS5,0
D,DISPATCH,UNIT_SCADA,1,"2019/08/22 16:15:00",REECE1,119.680010
D,DISPATCH,UNIT_SCADA,1,"2019/08/22 16:15:00",REECE2,117.690010
D,DISPATCH,UNIT_SCADA,1,"2019/08/22 16:15:00",ROMA_7,0
D,DISPATCH,UNIT_SCADA,1,"2019/08/22 16:15:00",ROMA_8,0
D,DISPATCH,UNIT_SCADA,1,"2019/08/22 16:15:00",RRSF1,87.360310
D,DISPATCH,UNIT_SCADA,1,"2019/08/22 16:15:00",RT_NSW1,0
D,DISPATCH,UNIT_SCADA,1,"2019/08/22 16:15:00",RT_NSW2,0
D,DISPATCH,UNIT_SCADA,1,"2019/08/22 16:15:00",RT_NSW3,0
D,DISPATCH,UNIT_SCADA,1,"2019/08/22 16:15:00",RT_NSW4,0
D,DISPATCH,UNIT_SCADA,1,"2019/08/22 16:15:00",RT_NSW5,0
D,DISPATCH,UNIT_SCADA,1,"2019/08/22 16:15:00",RT_NSW6,0
D,DISPATCH,UNIT_SCADA,1,"2019/08/22 16:15:00",RT_QLD1,0
D,DISPATCH,UNIT_SCADA,1,"2019/08/22 16:15:00",RT_SA1,0
D,DISPATCH,UNIT_SCADA,1,"2019/08/22 16:15:00",RT_SA2,0
D,DISPATCH,UNIT_SCADA,1,"2019/08/22 16:15:00",RT_SA3,0
D,DISPATCH,UNIT_SCADA,1,"2019/08/22 16:15:00",RT_SA4,0
D,DISPATCH,UNIT_SCADA,1,"2019/08/22 16:15:00",RT_SA5,0
D,DISPATCH,UNIT_SCADA,1,"2019/08/22 16:15:00",RT_SA6,0
D,DISPATCH,UNIT_SCADA,1,"2019/08/22 16:15:00",RT_TAS1,0
D,DISPATCH,UNIT_SCADA,1,"2019/08/22 16:15:00",RT_VIC1,0
D,DISPATCH,UNIT_SCADA,1,"2019/08/22 16:15:00",RT_VIC10,0
D,DISPATCH,UNIT_SCADA,1,"2019/08/22 16:15:00",RT_VIC11,0
D,DISPATCH,UNIT_SCADA,1,"2019/08/22 16:15:00",RT_VIC12,0
D,DISPATCH,UNIT_SCADA,1,"2019/08/22 16:15:00",RT_VIC2,0
D,DISPATCH,UNIT_SCADA,1,"2019/08/22 16:15:00",RT_VIC3,0
D,DISPATCH,UNIT_SCADA,1,"2019/08/22 16:15:00",RT_VIC4,0
D,DISPATCH,UNIT_SCADA,1,"2019/08/22 16:15:00",RT_VIC5,0
D,DISPATCH,UNIT_SCADA,1,"2019/08/22 16:15:00",RT_VIC6,0
D,DISPATCH,UNIT_SCADA,1,"2019/08/22 16:15:00",RT_VIC7,0
D,DISPATCH,UNIT_SCADA,1,"2019/08/22 16:15:00",RT_VIC8,0
D,DISPATCH,UNIT_SCADA,1,"2019/08/22 16:15:00",RT_VIC9,0
D,DISPATCH,UNIT_SCADA,1,"2019/08/22 16:15:00",RUGBYR1,25.180160
D,DISPATCH,UNIT_SCADA,1,"2019/08/22 16:15:00",SALTCRK1,7.86
D,DISPATCH,UNIT_SCADA,1,"2019/08/22 16:15:00",SAPHWF1,262.1250
D,DISPATCH,UNIT_SCADA,1,"2019/08/22 16:15:00",SHGEN,0
D,DISPATCH,UNIT_SCADA,1,"2019/08/22 16:15:00",SHPUMP,0
D,DISPATCH,UNIT_SCADA,1,"2019/08/22 16:15:00",SITHE01,0.005650
D,DISPATCH,UNIT_SCADA,1,"2019/08/22 16:15:00",SMCSF1,43.775440
D,DISPATCH,UNIT_SCADA,1,"2019/08/22 16:15:00",SNOWNTH1,0.80
D,DISPATCH,UNIT_SCADA,1,"2019/08/22 16:15:00",SNOWSTH1,4.40
D,DISPATCH,UNIT_SCADA,1,"2019/08/22 16:15:00",SNOWTWN1,-0.712480
D,DISPATCH,UNIT_SCADA,1,"2019/08/22 16:15:00",SNOWYP,0
D,DISPATCH,UNIT_SCADA,1,"2019/08/22 16:15:00",SNUG1,0.019440
D,DISPATCH,UNIT_SCADA,1,"2019/08/22 16:15:00",SRSF1,32.87
D,DISPATCH,UNIT_SCADA,1,"2019/08/22 16:15:00",STAN-1,0
D,DISPATCH,UNIT_SCADA,1,"2019/08/22 16:15:00",STAN-2,281.645510
D,DISPATCH,UNIT_SCADA,1,"2019/08/22 16:15:00",STAN-3,278.133450
D,DISPATCH,UNIT_SCADA,1,"2019/08/22 16:15:00",STAN-4,278.351350
D,DISPATCH,UNIT_SCADA,1,"2019/08/22 16:15:00",STWF1,17.381260
D,DISPATCH,UNIT_SCADA,1,"2019/08/22 16:15:00",SWAN_E,0
D,DISPATCH,UNIT_SCADA,1,"2019/08/22 16:15:00",TALWA1,299
D,DISPATCH,UNIT_SCADA,1,"2019/08/22 16:15:00",TARALGA1,68.808750
D,DISPATCH,UNIT_SCADA,1,"2019/08/22 16:15:00",TARONG#1,280.399990
D,DISPATCH,UNIT_SCADA,1,"2019/08/22 16:15:00",TARONG#2,280.300020
D,DISPATCH,UNIT_SCADA,1,"2019/08/22 16:15:00",TARONG#3,259.700010
D,DISPATCH,UNIT_SCADA,1,"2019/08/22 16:15:00",TARONG#4,279.899990
D,DISPATCH,UNIT_SCADA,1,"2019/08/22 16:15:00",TARRALEA,83.90
D,DISPATCH,UNIT_SCADA,1,"2019/08/22 16:15:00",TBSF1,15.70
D,DISPATCH,UNIT_SCADA,1,"2019/08/22 16:15:00",TNPS1,442.300020
D,DISPATCH,UNIT_SCADA,1,"2019/08/22 16:15:00",TORRA1,107.680910
D,DISPATCH,UNIT_SCADA,1,"2019/08/22 16:15:00",TORRA2,0
D,DISPATCH,UNIT_SCADA,1,"2019/08/22 16:15:00",TORRA3,42.909110
D,DISPATCH,UNIT_SCADA,1,"2019/08/22 16:15:00",TORRA4,97.724440
D,DISPATCH,UNIT_SCADA,1,"2019/08/22 16:15:00",TORRB1,121.64
D,DISPATCH,UNIT_SCADA,1,"2019/08/22 16:15:00",TORRB2,181.75
D,DISPATCH,UNIT_SCADA,1,"2019/08/22 16:15:00",TORRB3,0
D,DISPATCH,UNIT_SCADA,1,"2019/08/22 16:15:00",TORRB4,0
D,DISPATCH,UNIT_SCADA,1,"2019/08/22 16:15:00",TREVALLN,69.890030
D,DISPATCH,UNIT_SCADA,1,"2019/08/22 16:15:00",TRIBUTE,84.13
D,DISPATCH,UNIT_SCADA,1,"2019/08/22 16:15:00",TUMUT3,0
D,DISPATCH,UNIT_SCADA,1,"2019/08/22 16:15:00",TUNGATIN,135.600020
D,DISPATCH,UNIT_SCADA,1,"2019/08/22 16:15:00",TVCC201,0
D,DISPATCH,UNIT_SCADA,1,"2019/08/22 16:15:00",TVPP104,0
D,DISPATCH,UNIT_SCADA,1,"2019/08/22 16:15:00",UPPTUMUT,0
D,DISPATCH,UNIT_SCADA,1,"2019/08/22 16:15:00",URANQ11,0
D,DISPATCH,UNIT_SCADA,1,"2019/08/22 16:15:00",URANQ12,0
D,DISPATCH,UNIT_SCADA,1,"2019/08/22 16:15:00",URANQ13,0
D,DISPATCH,UNIT_SCADA,1,"2019/08/22 16:15:00",URANQ14,0
D,DISPATCH,UNIT_SCADA,1,"2019/08/22 16:15:00",VP5,200.1750
D,DISPATCH,UNIT_SCADA,1,"2019/08/22 16:15:00",VP6,597.200010
D,DISPATCH,UNIT_SCADA,1,"2019/08/22 16:15:00",VPGS1,0
D,DISPATCH,UNIT_SCADA,1,"2019/08/22 16:15:00",VPGS2,0
D,DISPATCH,UNIT_SCADA,1,"2019/08/22 16:15:00",VPGS3,0
D,DISPATCH,UNIT_SCADA,1,"2019/08/22 16:15:00",VPGS4,0
D,DISPATCH,UNIT_SCADA,1,"2019/08/22 16:15:00",VPGS5,0
D,DISPATCH,UNIT_SCADA,1,"2019/08/22 16:15:00",VPGS6,0
D,DISPATCH,UNIT_SCADA,1,"2019/08/22 16:15:00",W/HOE#1,0
D,DISPATCH,UNIT_SCADA,1,"2019/08/22 16:15:00",W/HOE#2,0
D,DISPATCH,UNIT_SCADA,1,"2019/08/22 16:15:00",WATERLWF,1.10
D,DISPATCH,UNIT_SCADA,1,"2019/08/22 16:15:00",WEMENSF1,69.80
D,DISPATCH,UNIT_SCADA,1,"2019/08/22 16:15:00",WGWF1,3
D,DISPATCH,UNIT_SCADA,1,"2019/08/22 16:15:00",WHITSF1,40.40
D,DISPATCH,UNIT_SCADA,1,"2019/08/22 16:15:00",WKIEWA1,0
D,DISPATCH,UNIT_SCADA,1,"2019/08/22 16:15:00",WKIEWA2,0.10
D,DISPATCH,UNIT_SCADA,1,"2019/08/22 16:15:00",WOODLWN1,11.7450
D,DISPATCH,UNIT_SCADA,1,"2019/08/22 16:15:00",WRSF1,7.89
D,DISPATCH,UNIT_SCADA,1,"2019/08/22 16:15:00",WRWF1,151.509990
D,DISPATCH,UNIT_SCADA,1,"2019/08/22 16:15:00",YABULU,0
D,DISPATCH,UNIT_SCADA,1,"2019/08/22 16:15:00",YABULU2,0
D,DISPATCH,UNIT_SCADA,1,"2019/08/22 16:15:00",YARWUN_1,0
D,DISPATCH,UNIT_SCADA,1,"2019/08/22 16:15:00",YENDWF1,36.24
D,DISPATCH,UNIT_SCADA,1,"2019/08/22 16:15:00",YWPS1,372.6810
D,DISPATCH,UNIT_SCADA,1,"2019/08/22 16:15:00",YWPS2,281.701260
D,DISPATCH,UNIT_SCADA,1,"2019/08/22 16:15:00",YWPS3,0
D,DISPATCH,UNIT_SCADA,1,"2019/08/22 16:15:00",YWPS4,399.754430
C,"END OF REPORT",334
