C,NEMP.WORLD,DISPATCHSCADA,AEMO,PUBLIC,2019/09/05,15:25:07,0000000312427159,DISPATCHSCADA,0000000312427153
I,DISPATCH,UNIT_SCADA,1,SETTLEMENTDATE,DUID,SCADAVALUE
D,DISPATCH,UNIT_SCADA,1,"2019/09/05 15:30:00",BARCSF1,8.900001
D,DISPATCH,UNIT_SCADA,1,"2019/09/05 15:30:00",BUTLERSG,10.199999
D,DISPATCH,UNIT_SCADA,1,"2019/09/05 15:30:00",CALL_A_4,0
D,DISPATCH,UNIT_SCADA,1,"2019/09/05 15:30:00",CAPTL_WF,0
D,DISPATCH,UNIT_SCADA,1,"2019/09/05 15:30:00",CATHROCK,42.649998
D,DISPATCH,UNIT_SCADA,1,"2019/09/05 15:30:00",CHALLHWF,3
D,DISPATCH,UNIT_SCADA,1,"2019/09/05 15:30:00",CLOVER,-0.01
D,DISPATCH,UNIT_SCADA,1,"2019/09/05 15:30:00",CLUNY,17.988098
D,DISPATCH,UNIT_SCADA,1,"2019/09/05 15:30:00",CNUNDAWF,25.229431
D,DISPATCH,UNIT_SCADA,1,"2019/09/05 15:30:00",CULLRGWF,0.76
D,DISPATCH,UNIT_SCADA,1,"2019/09/05 15:30:00",ERGT01,0
D,DISPATCH,UNIT_SCADA,1,"2019/09/05 15:30:00",GERMCRK,36.299999
D,DISPATCH,UNIT_SCADA,1,"2019/09/05 15:30:00",GRIFSF1,26.699997
D,DISPATCH,UNIT_SCADA,1,"2019/09/05 15:30:00",HUGSF1,8.957001
D,DISPATCH,UNIT_SCADA,1,"2019/09/05 15:30:00",LKBONNY1,49.566696
D,DISPATCH,UNIT_SCADA,1,"2019/09/05 15:30:00",LRSF1,-0.0340
D,DISPATCH,UNIT_SCADA,1,"2019/09/05 15:30:00",MBAHNTH,32.718750
D,DISPATCH,UNIT_SCADA,1,"2019/09/05 15:30:00",MLSP1,2.853001
D,DISPATCH,UNIT_SCADA,1,"2019/09/05 15:30:00",MLWF1,9.6450
D,DISPATCH,UNIT_SCADA,1,"2019/09/05 15:30:00",MTMILLAR,-0.212077
D,DISPATCH,UNIT_SCADA,1,"2019/09/05 15:30:00",PALOONA,25.689999
D,DISPATCH,UNIT_SCADA,1,"2019/09/05 15:30:00",PIONEER,34.50
D,DISPATCH,UNIT_SCADA,1,"2019/09/05 15:30:00",PORTWF,68.599998
D,DISPATCH,UNIT_SCADA,1,"2019/09/05 15:30:00",REPULSE,28.764477
D,DISPATCH,UNIT_SCADA,1,"2019/09/05 15:30:00",ROWALLAN,10.3660
D,DISPATCH,UNIT_SCADA,1,"2019/09/05 15:30:00",ROYALLA1,10.759001
D,DISPATCH,UNIT_SCADA,1,"2019/09/05 15:30:00",RPCG,12.60
D,DISPATCH,UNIT_SCADA,1,"2019/09/05 15:30:00",RUBICON,0
D,DISPATCH,UNIT_SCADA,1,"2019/09/05 15:30:00",SATGN1,0
D,DISPATCH,UNIT_SCADA,1,"2019/09/05 15:30:00",SATGS1,0
D,DISPATCH,UNIT_SCADA,1,"2019/09/05 15:30:00",STARHLWF,28.391722
D,DISPATCH,UNIT_SCADA,1,"2019/09/05 15:30:00",WAUBRAWF,57.499001
D,DISPATCH,UNIT_SCADA,1,"2019/09/05 15:30:00",WOOLNTH1,23.290016
D,DISPATCH,UNIT_SCADA,1,"2019/09/05 15:30:00",WPWF,62
D,DISPATCH,UNIT_SCADA,1,"2019/09/05 15:30:00",YAMBUKWF,19.299999
D,DISPATCH,UNIT_SCADA,1,"2019/09/05 15:30:00",YSWF1,-0.10
D,DISPATCH,UNIT_SCADA,1,"2019/09/05 15:30:00",AGLHAL,0
D,DISPATCH,UNIT_SCADA,1,"2019/09/05 15:30:00",AGLSOM,0
D,DISPATCH,UNIT_SCADA,1,"2019/09/05 15:30:00",ANGAST1,0
D,DISPATCH,UNIT_SCADA,1,"2019/09/05 15:30:00",ARWF1,18.50
D,DISPATCH,UNIT_SCADA,1,"2019/09/05 15:30:00",BALBG1,0
D,DISPATCH,UNIT_SCADA,1,"2019/09/05 15:30:00",BALBL1,0
D,DISPATCH,UNIT_SCADA,1,"2019/09/05 15:30:00",BALDHWF1,55.4670
D,DISPATCH,UNIT_SCADA,1,"2019/09/05 15:30:00",BANN1,67.20
D,DISPATCH,UNIT_SCADA,1,"2019/09/05 15:30:00",BARCALDN,0
D,DISPATCH,UNIT_SCADA,1,"2019/09/05 15:30:00",BARRON-1,24.68
D,DISPATCH,UNIT_SCADA,1,"2019/09/05 15:30:00",BARRON-2,0
D,DISPATCH,UNIT_SCADA,1,"2019/09/05 15:30:00",BASTYAN,78.88
D,DISPATCH,UNIT_SCADA,1,"2019/09/05 15:30:00",BBTHREE1,0
D,DISPATCH,UNIT_SCADA,1,"2019/09/05 15:30:00",BBTHREE2,0
D,DISPATCH,UNIT_SCADA,1,"2019/09/05 15:30:00",BBTHREE3,0
D,DISPATCH,UNIT_SCADA,1,"2019/09/05 15:30:00",BDL01,0
D,DISPATCH,UNIT_SCADA,1,"2019/09/05 15:30:00",BDL02,0
D,DISPATCH,UNIT_SCADA,1,"2019/09/05 15:30:00",BERYLSF1,73.379070
D,DISPATCH,UNIT_SCADA,1,"2019/09/05 15:30:00",BLOWERNG,14.90
D,DISPATCH,UNIT_SCADA,1,"2019/09/05 15:30:00",BLUFF1,34.30
D,DISPATCH,UNIT_SCADA,1,"2019/09/05 15:30:00",BNGSF1,96.61
D,DISPATCH,UNIT_SCADA,1,"2019/09/05 15:30:00",BNGSF2,20.02
D,DISPATCH,UNIT_SCADA,1,"2019/09/05 15:30:00",BOCORWF1,110.87
D,DISPATCH,UNIT_SCADA,1,"2019/09/05 15:30:00",BODWF1,60.301330
D,DISPATCH,UNIT_SCADA,1,"2019/09/05 15:30:00",BRAEMAR1,0
D,DISPATCH,UNIT_SCADA,1,"2019/09/05 15:30:00",BRAEMAR2,0
D,DISPATCH,UNIT_SCADA,1,"2019/09/05 15:30:00",BRAEMAR3,0
D,DISPATCH,UNIT_SCADA,1,"2019/09/05 15:30:00",BRAEMAR5,0
D,DISPATCH,UNIT_SCADA,1,"2019/09/05 15:30:00",BRAEMAR6,0
D,DISPATCH,UNIT_SCADA,1,"2019/09/05 15:30:00",BRAEMAR7,0
D,DISPATCH,UNIT_SCADA,1,"2019/09/05 15:30:00",BROKENH1,42.289790
D,DISPATCH,UNIT_SCADA,1,"2019/09/05 15:30:00",BW01,545.224980
D,DISPATCH,UNIT_SCADA,1,"2019/09/05 15:30:00",BW02,625.3750
D,DISPATCH,UNIT_SCADA,1,"2019/09/05 15:30:00",BW03,638.150020
D,DISPATCH,UNIT_SCADA,1,"2019/09/05 15:30:00",BW04,0
D,DISPATCH,UNIT_SCADA,1,"2019/09/05 15:30:00",CALL_B_1,317
D,DISPATCH,UNIT_SCADA,1,"2019/09/05 15:30:00",CALL_B_2,234.80
D,DISPATCH,UNIT_SCADA,1,"2019/09/05 15:30:00",CETHANA,95.55
D,DISPATCH,UNIT_SCADA,1,"2019/09/05 15:30:00",CG1,0
D,DISPATCH,UNIT_SCADA,1,"2019/09/05 15:30:00",CG2,0
D,DISPATCH,UNIT_SCADA,1,"2019/09/05 15:30:00",CG3,0
D,DISPATCH,UNIT_SCADA,1,"2019/09/05 15:30:00",CG4,0
D,DISPATCH,UNIT_SCADA,1,"2019/09/05 15:30:00",CHILDSF1,55.06
D,DISPATCH,UNIT_SCADA,1,"2019/09/05 15:30:00",CLARESF1,46.856190
D,DISPATCH,UNIT_SCADA,1,"2019/09/05 15:30:00",CLEMGPWF,30.182670
D,DISPATCH,UNIT_SCADA,1,"2019/09/05 15:30:00",CLERMSF1,14.35
D,DISPATCH,UNIT_SCADA,1,"2019/09/05 15:30:00",COLEASF1,64
D,DISPATCH,UNIT_SCADA,1,"2019/09/05 15:30:00",COOPGWF1,3.576090
D,DISPATCH,UNIT_SCADA,1,"2019/09/05 15:30:00",CPP_3,264.274990
D,DISPATCH,UNIT_SCADA,1,"2019/09/05 15:30:00",CPP_4,264
D,DISPATCH,UNIT_SCADA,1,"2019/09/05 15:30:00",CPSA,74.999370
D,DISPATCH,UNIT_SCADA,1,"2019/09/05 15:30:00",CROOKWF2,0.6475
D,DISPATCH,UNIT_SCADA,1,"2019/09/05 15:30:00",CROWLWF1,3.206660
D,DISPATCH,UNIT_SCADA,1,"2019/09/05 15:30:00",CSPVPS1,24.93
D,DISPATCH,UNIT_SCADA,1,"2019/09/05 15:30:00",DALNTH01,0
D,DISPATCH,UNIT_SCADA,1,"2019/09/05 15:30:00",DALNTHL1,0.044250
D,DISPATCH,UNIT_SCADA,1,"2019/09/05 15:30:00",DARTM1,0
D,DISPATCH,UNIT_SCADA,1,"2019/09/05 15:30:00",DAYDSF1,114.9130
D,DISPATCH,UNIT_SCADA,1,"2019/09/05 15:30:00",DDPS1,84.216330
D,DISPATCH,UNIT_SCADA,1,"2019/09/05 15:30:00",DDSF1,67.543040
D,DISPATCH,UNIT_SCADA,1,"2019/09/05 15:30:00",DEVILS_G,62.343210
D,DISPATCH,UNIT_SCADA,1,"2019/09/05 15:30:00",DG_NSW1,0
D,DISPATCH,UNIT_SCADA,1,"2019/09/05 15:30:00",DG_QLD1,0
D,DISPATCH,UNIT_SCADA,1,"2019/09/05 15:30:00",DG_SA1,0
D,DISPATCH,UNIT_SCADA,1,"2019/09/05 15:30:00",DG_TAS1,0
D,DISPATCH,UNIT_SCADA,1,"2019/09/05 15:30:00",DG_VIC1,0
D,DISPATCH,UNIT_SCADA,1,"2019/09/05 15:30:00",DRYCGT1,0
D,DISPATCH,UNIT_SCADA,1,"2019/09/05 15:30:00",DRYCGT2,0
D,DISPATCH,UNIT_SCADA,1,"2019/09/05 15:30:00",DRYCGT3,0
D,DISPATCH,UNIT_SCADA,1,"2019/09/05 15:30:00",EILDON1,0
D,DISPATCH,UNIT_SCADA,1,"2019/09/05 15:30:00",EILDON2,0
D,DISPATCH,UNIT_SCADA,1,"2019/09/05 15:30:00",EMERASF1,64.30
D,DISPATCH,UNIT_SCADA,1,"2019/09/05 15:30:00",ER01,571.924930
D,DISPATCH,UNIT_SCADA,1,"2019/09/05 15:30:00",ER02,352.1499
D,DISPATCH,UNIT_SCADA,1,"2019/09/05 15:30:00",ER03,0
D,DISPATCH,UNIT_SCADA,1,"2019/09/05 15:30:00",ER04,678.400020
D,DISPATCH,UNIT_SCADA,1,"2019/09/05 15:30:00",FINLYSF1,3.1375
D,DISPATCH,UNIT_SCADA,1,"2019/09/05 15:30:00",FISHER,45.57
D,DISPATCH,UNIT_SCADA,1,"2019/09/05 15:30:00",GANNBG1,0.375960
D,DISPATCH,UNIT_SCADA,1,"2019/09/05 15:30:00",GANNBL1,0
D,DISPATCH,UNIT_SCADA,1,"2019/09/05 15:30:00",GANNSF1,43.90
D,DISPATCH,UNIT_SCADA,1,"2019/09/05 15:30:00",GORDON,16.082080
D,DISPATCH,UNIT_SCADA,1,"2019/09/05 15:30:00",GSTONE1,132.1250
D,DISPATCH,UNIT_SCADA,1,"2019/09/05 15:30:00",GSTONE2,110.25
D,DISPATCH,UNIT_SCADA,1,"2019/09/05 15:30:00",GSTONE3,0
D,DISPATCH,UNIT_SCADA,1,"2019/09/05 15:30:00",GSTONE4,130.3750
D,DISPATCH,UNIT_SCADA,1,"2019/09/05 15:30:00",GSTONE5,132.1250
D,DISPATCH,UNIT_SCADA,1,"2019/09/05 15:30:00",GSTONE6,133.349990
D,DISPATCH,UNIT_SCADA,1,"2019/09/05 15:30:00",GULLRSF1,5.7854
D,DISPATCH,UNIT_SCADA,1,"2019/09/05 15:30:00",GULLRWF1,3.645290
D,DISPATCH,UNIT_SCADA,1,"2019/09/05 15:30:00",GUNNING1,-0.017120
D,DISPATCH,UNIT_SCADA,1,"2019/09/05 15:30:00",GUTHEGA,0
D,DISPATCH,UNIT_SCADA,1,"2019/09/05 15:30:00",HALLWF1,9.88
D,DISPATCH,UNIT_SCADA,1,"2019/09/05 15:30:00",HALLWF2,10.01
D,DISPATCH,UNIT_SCADA,1,"2019/09/05 15:30:00",HAMISF1,43.40
D,DISPATCH,UNIT_SCADA,1,"2019/09/05 15:30:00",HAUGHT11,93.159420
D,DISPATCH,UNIT_SCADA,1,"2019/09/05 15:30:00",HAYMSF1,39.8380
D,DISPATCH,UNIT_SCADA,1,"2019/09/05 15:30:00",HDWF1,54.40
D,DISPATCH,UNIT_SCADA,1,"2019/09/05 15:30:00",HDWF2,48.70
D,DISPATCH,UNIT_SCADA,1,"2019/09/05 15:30:00",HDWF3,59.60
D,DISPATCH,UNIT_SCADA,1,"2019/09/05 15:30:00",HPRG1,25.30
D,DISPATCH,UNIT_SCADA,1,"2019/09/05 15:30:00",HPRL1,0
D,DISPATCH,UNIT_SCADA,1,"2019/09/05 15:30:00",HUMENSW,0
D,DISPATCH,UNIT_SCADA,1,"2019/09/05 15:30:00",HUMEV,24.30
D,DISPATCH,UNIT_SCADA,1,"2019/09/05 15:30:00",HVGTS,0
D,DISPATCH,UNIT_SCADA,1,"2019/09/05 15:30:00",JBUTTERS,18.83
D,DISPATCH,UNIT_SCADA,1,"2019/09/05 15:30:00",JLA01,0.10
D,DISPATCH,UNIT_SCADA,1,"2019/09/05 15:30:00",JLA02,0
D,DISPATCH,UNIT_SCADA,1,"2019/09/05 15:30:00",JLA03,0
D,DISPATCH,UNIT_SCADA,1,"2019/09/05 15:30:00",JLA04,0
D,DISPATCH,UNIT_SCADA,1,"2019/09/05 15:30:00",JLB01,0
D,DISPATCH,UNIT_SCADA,1,"2019/09/05 15:30:00",JLB02,58.10
D,DISPATCH,UNIT_SCADA,1,"2019/09/05 15:30:00",JLB03,0
D,DISPATCH,UNIT_SCADA,1,"2019/09/05 15:30:00",KAREEYA1,21.4250
D,DISPATCH,UNIT_SCADA,1,"2019/09/05 15:30:00",KAREEYA2,21.7525
D,DISPATCH,UNIT_SCADA,1,"2019/09/05 15:30:00",KAREEYA3,0
D,DISPATCH,UNIT_SCADA,1,"2019/09/05 15:30:00",KAREEYA4,21.5625
D,DISPATCH,UNIT_SCADA,1,"2019/09/05 15:30:00",KARSF1,78
D,DISPATCH,UNIT_SCADA,1,"2019/09/05 15:30:00",KIATAWF1,5.90
D,DISPATCH,UNIT_SCADA,1,"2019/09/05 15:30:00",KPP_1,0
D,DISPATCH,UNIT_SCADA,1,"2019/09/05 15:30:00",KSP1,46.28
D,DISPATCH,UNIT_SCADA,1,"2019/09/05 15:30:00",LADBROK1,0
D,DISPATCH,UNIT_SCADA,1,"2019/09/05 15:30:00",LADBROK2,0
D,DISPATCH,UNIT_SCADA,1,"2019/09/05 15:30:00",LD01,386.156250
D,DISPATCH,UNIT_SCADA,1,"2019/09/05 15:30:00",LD02,379.593780
D,DISPATCH,UNIT_SCADA,1,"2019/09/05 15:30:00",LD03,382.293760
D,DISPATCH,UNIT_SCADA,1,"2019/09/05 15:30:00",LD04,383.343750
D,DISPATCH,UNIT_SCADA,1,"2019/09/05 15:30:00",LEM_WIL,85.184840
D,DISPATCH,UNIT_SCADA,1,"2019/09/05 15:30:00",LGAPWF1,10.94
D,DISPATCH,UNIT_SCADA,1,"2019/09/05 15:30:00",LILYSF1,79.167480
D,DISPATCH,UNIT_SCADA,1,"2019/09/05 15:30:00",LI_WY_CA,131.244260
D,DISPATCH,UNIT_SCADA,1,"2019/09/05 15:30:00",LKBONNY2,86.9591
D,DISPATCH,UNIT_SCADA,1,"2019/09/05 15:30:00",LKBONNY3,17.695580
D,DISPATCH,UNIT_SCADA,1,"2019/09/05 15:30:00",LK_ECHO,0
D,DISPATCH,UNIT_SCADA,1,"2019/09/05 15:30:00",LNGS1,0
D,DISPATCH,UNIT_SCADA,1,"2019/09/05 15:30:00",LNGS2,0
D,DISPATCH,UNIT_SCADA,1,"2019/09/05 15:30:00",LONSDALE,0
D,DISPATCH,UNIT_SCADA,1,"2019/09/05 15:30:00",LOYYB1,535.336730
D,DISPATCH,UNIT_SCADA,1,"2019/09/05 15:30:00",LOYYB2,551.5025
D,DISPATCH,UNIT_SCADA,1,"2019/09/05 15:30:00",LYA1,0
D,DISPATCH,UNIT_SCADA,1,"2019/09/05 15:30:00",LYA2,0
D,DISPATCH,UNIT_SCADA,1,"2019/09/05 15:30:00",LYA3,558
D,DISPATCH,UNIT_SCADA,1,"2019/09/05 15:30:00",LYA4,538
D,DISPATCH,UNIT_SCADA,1,"2019/09/05 15:30:00",MACARTH1,275.493650
D,DISPATCH,UNIT_SCADA,1,"2019/09/05 15:30:00",MACKAYGT,0.2240
D,DISPATCH,UNIT_SCADA,1,"2019/09/05 15:30:00",MACKNTSH,81.430010
D,DISPATCH,UNIT_SCADA,1,"2019/09/05 15:30:00",MANSLR1,39.5140
D,DISPATCH,UNIT_SCADA,1,"2019/09/05 15:30:00",MCKAY1,-0.0350
D,DISPATCH,UNIT_SCADA,1,"2019/09/05 15:30:00",MEADOWBK,33.524340
D,DISPATCH,UNIT_SCADA,1,"2019/09/05 15:30:00",MERCER01,32.9630
D,DISPATCH,UNIT_SCADA,1,"2019/09/05 15:30:00",MEWF1,0
D,DISPATCH,UNIT_SCADA,1,"2019/09/05 15:30:00",MINTARO,0
D,DISPATCH,UNIT_SCADA,1,"2019/09/05 15:30:00",MOREESF1,49.58
D,DISPATCH,UNIT_SCADA,1,"2019/09/05 15:30:00",MORTLK11,207
D,DISPATCH,UNIT_SCADA,1,"2019/09/05 15:30:00",MORTLK12,0
D,DISPATCH,UNIT_SCADA,1,"2019/09/05 15:30:00",MP1,221.349980
D,DISPATCH,UNIT_SCADA,1,"2019/09/05 15:30:00",MP2,0
D,DISPATCH,UNIT_SCADA,1,"2019/09/05 15:30:00",MPP_1,393
D,DISPATCH,UNIT_SCADA,1,"2019/09/05 15:30:00",MPP_2,347.25
D,DISPATCH,UNIT_SCADA,1,"2019/09/05 15:30:00",MSTUART1,0
D,DISPATCH,UNIT_SCADA,1,"2019/09/05 15:30:00",MSTUART2,0
D,DISPATCH,UNIT_SCADA,1,"2019/09/05 15:30:00",MSTUART3,0
D,DISPATCH,UNIT_SCADA,1,"2019/09/05 15:30:00",MTGELWF1,30.516980
D,DISPATCH,UNIT_SCADA,1,"2019/09/05 15:30:00",MURRAY,0
D,DISPATCH,UNIT_SCADA,1,"2019/09/05 15:30:00",MUSSELR1,6
D,DISPATCH,UNIT_SCADA,1,"2019/09/05 15:30:00",MUWAWF1,11.74
D,DISPATCH,UNIT_SCADA,1,"2019/09/05 15:30:00",NBHWF1,89.70
D,DISPATCH,UNIT_SCADA,1,"2019/09/05 15:30:00",NPS,14.25
D,DISPATCH,UNIT_SCADA,1,"2019/09/05 15:30:00",NUMURSF1,18.61
D,DISPATCH,UNIT_SCADA,1,"2019/09/05 15:30:00",NYNGAN1,67
D,DISPATCH,UNIT_SCADA,1,"2019/09/05 15:30:00",OAKEY1,0
D,DISPATCH,UNIT_SCADA,1,"2019/09/05 15:30:00",OAKEY1SF,23.0050
D,DISPATCH,UNIT_SCADA,1,"2019/09/05 15:30:00",OAKEY2,0
D,DISPATCH,UNIT_SCADA,1,"2019/09/05 15:30:00",OAKEY2SF,0
D,DISPATCH,UNIT_SCADA,1,"2019/09/05 15:30:00",OAKLAND1,16.40
D,DISPATCH,UNIT_SCADA,1,"2019/09/05 15:30:00",OSB-AG,141.759990
D,DISPATCH,UNIT_SCADA,1,"2019/09/05 15:30:00",PARSF1,45.70
D,DISPATCH,UNIT_SCADA,1,"2019/09/05 15:30:00",POAT110,0
D,DISPATCH,UNIT_SCADA,1,"2019/09/05 15:30:00",POAT220,0
D,DISPATCH,UNIT_SCADA,1,"2019/09/05 15:30:00",POR01,0
D,DISPATCH,UNIT_SCADA,1,"2019/09/05 15:30:00",POR03,0
D,DISPATCH,UNIT_SCADA,1,"2019/09/05 15:30:00",PPCCGT,125.232670
D,DISPATCH,UNIT_SCADA,1,"2019/09/05 15:30:00",PTSTAN1,0
D,DISPATCH,UNIT_SCADA,1,"2019/09/05 15:30:00",PUMP1,0
D,DISPATCH,UNIT_SCADA,1,"2019/09/05 15:30:00",PUMP2,0
D,DISPATCH,UNIT_SCADA,1,"2019/09/05 15:30:00",QPS1,0
D,DISPATCH,UNIT_SCADA,1,"2019/09/05 15:30:00",QPS2,0
D,DISPATCH,UNIT_SCADA,1,"2019/09/05 15:30:00",QPS3,0
D,DISPATCH,UNIT_SCADA,1,"2019/09/05 15:30:00",QPS4,0
D,DISPATCH,UNIT_SCADA,1,"2019/09/05 15:30:00",QPS5,0
D,DISPATCH,UNIT_SCADA,1,"2019/09/05 15:30:00",REECE1,101.740010
D,DISPATCH,UNIT_SCADA,1,"2019/09/05 15:30:00",REECE2,97.370010
D,DISPATCH,UNIT_SCADA,1,"2019/09/05 15:30:00",ROMA_7,0
D,DISPATCH,UNIT_SCADA,1,"2019/09/05 15:30:00",ROMA_8,0
D,DISPATCH,UNIT_SCADA,1,"2019/09/05 15:30:00",RRSF1,113.543620
D,DISPATCH,UNIT_SCADA,1,"2019/09/05 15:30:00",RT_NSW1,0
D,DISPATCH,UNIT_SCADA,1,"2019/09/05 15:30:00",RT_NSW2,0
D,DISPATCH,UNIT_SCADA,1,"2019/09/05 15:30:00",RT_NSW3,0
D,DISPATCH,UNIT_SCADA,1,"2019/09/05 15:30:00",RT_NSW4,0
D,DISPATCH,UNIT_SCADA,1,"2019/09/05 15:30:00",RT_NSW5,0
D,DISPATCH,UNIT_SCADA,1,"2019/09/05 15:30:00",RT_NSW6,0
D,DISPATCH,UNIT_SCADA,1,"2019/09/05 15:30:00",RT_QLD1,0
D,DISPATCH,UNIT_SCADA,1,"2019/09/05 15:30:00",RT_SA1,0
D,DISPATCH,UNIT_SCADA,1,"2019/09/05 15:30:00",RT_SA2,0
D,DISPATCH,UNIT_SCADA,1,"2019/09/05 15:30:00",RT_SA3,0
D,DISPATCH,UNIT_SCADA,1,"2019/09/05 15:30:00",RT_SA4,0
D,DISPATCH,UNIT_SCADA,1,"2019/09/05 15:30:00",RT_SA5,0
D,DISPATCH,UNIT_SCADA,1,"2019/09/05 15:30:00",RT_SA6,0
D,DISPATCH,UNIT_SCADA,1,"2019/09/05 15:30:00",RT_TAS1,0
D,DISPATCH,UNIT_SCADA,1,"2019/09/05 15:30:00",RT_VIC1,0
D,DISPATCH,UNIT_SCADA,1,"2019/09/05 15:30:00",RT_VIC10,0
D,DISPATCH,UNIT_SCADA,1,"2019/09/05 15:30:00",RT_VIC11,0
D,DISPATCH,UNIT_SCADA,1,"2019/09/05 15:30:00",RT_VIC12,0
D,DISPATCH,UNIT_SCADA,1,"2019/09/05 15:30:00",RT_VIC2,0
D,DISPATCH,UNIT_SCADA,1,"2019/09/05 15:30:00",RT_VIC3,0
D,DISPATCH,UNIT_SCADA,1,"2019/09/05 15:30:00",RT_VIC4,0
D,DISPATCH,UNIT_SCADA,1,"2019/09/05 15:30:00",RT_VIC5,0
D,DISPATCH,UNIT_SCADA,1,"2019/09/05 15:30:00",RT_VIC6,0
D,DISPATCH,UNIT_SCADA,1,"2019/09/05 15:30:00",RT_VIC7,0
D,DISPATCH,UNIT_SCADA,1,"2019/09/05 15:30:00",RT_VIC8,0
D,DISPATCH,UNIT_SCADA,1,"2019/09/05 15:30:00",RT_VIC9,0
D,DISPATCH,UNIT_SCADA,1,"2019/09/05 15:30:00",RUGBYR1,51.314690
D,DISPATCH,UNIT_SCADA,1,"2019/09/05 15:30:00",SALTCRK1,17.01
D,DISPATCH,UNIT_SCADA,1,"2019/09/05 15:30:00",SAPHWF1,119.971890
D,DISPATCH,UNIT_SCADA,1,"2019/09/05 15:30:00",SHGEN,0
D,DISPATCH,UNIT_SCADA,1,"2019/09/05 15:30:00",SHPUMP,0
D,DISPATCH,UNIT_SCADA,1,"2019/09/05 15:30:00",SITHE01,0.214140
D,DISPATCH,UNIT_SCADA,1,"2019/09/05 15:30:00",SMCSF1,62.913750
D,DISPATCH,UNIT_SCADA,1,"2019/09/05 15:30:00",SNOWNTH1,67.90
D,DISPATCH,UNIT_SCADA,1,"2019/09/05 15:30:00",SNOWSTH1,90.70
D,DISPATCH,UNIT_SCADA,1,"2019/09/05 15:30:00",SNOWTWN1,59.463170
D,DISPATCH,UNIT_SCADA,1,"2019/09/05 15:30:00",SNOWYP,0
D,DISPATCH,UNIT_SCADA,1,"2019/09/05 15:30:00",SNUG1,0.019440
D,DISPATCH,UNIT_SCADA,1,"2019/09/05 15:30:00",SRSF1,34.42
D,DISPATCH,UNIT_SCADA,1,"2019/09/05 15:30:00",STAN-1,352.258790
D,DISPATCH,UNIT_SCADA,1,"2019/09/05 15:30:00",STAN-2,221.235230
D,DISPATCH,UNIT_SCADA,1,"2019/09/05 15:30:00",STAN-3,222.606740
D,DISPATCH,UNIT_SCADA,1,"2019/09/05 15:30:00",STAN-4,217.9026
D,DISPATCH,UNIT_SCADA,1,"2019/09/05 15:30:00",STWF1,0
D,DISPATCH,UNIT_SCADA,1,"2019/09/05 15:30:00",SWAN_E,0
D,DISPATCH,UNIT_SCADA,1,"2019/09/05 15:30:00",TALWA1,301
D,DISPATCH,UNIT_SCADA,1,"2019/09/05 15:30:00",TARALGA1,10.927510
D,DISPATCH,UNIT_SCADA,1,"2019/09/05 15:30:00",TARONG#1,349.200010
D,DISPATCH,UNIT_SCADA,1,"2019/09/05 15:30:00",TARONG#2,0
D,DISPATCH,UNIT_SCADA,1,"2019/09/05 15:30:00",TARONG#3,280.100010
D,DISPATCH,UNIT_SCADA,1,"2019/09/05 15:30:00",TARONG#4,349.100010
D,DISPATCH,UNIT_SCADA,1,"2019/09/05 15:30:00",TARRALEA,73.90
D,DISPATCH,UNIT_SCADA,1,"2019/09/05 15:30:00",TBSF1,0
D,DISPATCH,UNIT_SCADA,1,"2019/09/05 15:30:00",TNPS1,379.000030
D,DISPATCH,UNIT_SCADA,1,"2019/09/05 15:30:00",TORRA1,39.644880
D,DISPATCH,UNIT_SCADA,1,"2019/09/05 15:30:00",TORRA2,0
D,DISPATCH,UNIT_SCADA,1,"2019/09/05 15:30:00",TORRA3,0
D,DISPATCH,UNIT_SCADA,1,"2019/09/05 15:30:00",TORRA4,40.8547
D,DISPATCH,UNIT_SCADA,1,"2019/09/05 15:30:00",TORRB1,51.31
D,DISPATCH,UNIT_SCADA,1,"2019/09/05 15:30:00",TORRB2,62.54
D,DISPATCH,UNIT_SCADA,1,"2019/09/05 15:30:00",TORRB3,51.61
D,DISPATCH,UNIT_SCADA,1,"2019/09/05 15:30:00",TORRB4,0
D,DISPATCH,UNIT_SCADA,1,"2019/09/05 15:30:00",TREVALLN,91.150030
D,DISPATCH,UNIT_SCADA,1,"2019/09/05 15:30:00",TRIBUTE,0
D,DISPATCH,UNIT_SCADA,1,"2019/09/05 15:30:00",TUMUT3,0
D,DISPATCH,UNIT_SCADA,1,"2019/09/05 15:30:00",TUNGATIN,27.80
D,DISPATCH,UNIT_SCADA,1,"2019/09/05 15:30:00",TVCC201,0
D,DISPATCH,UNIT_SCADA,1,"2019/09/05 15:30:00",TVPP104,0
D,DISPATCH,UNIT_SCADA,1,"2019/09/05 15:30:00",UPPTUMUT,90.256040
D,DISPATCH,UNIT_SCADA,1,"2019/09/05 15:30:00",URANQ11,0
D,DISPATCH,UNIT_SCADA,1,"2019/09/05 15:30:00",URANQ12,0
D,DISPATCH,UNIT_SCADA,1,"2019/09/05 15:30:00",URANQ13,154.681240
D,DISPATCH,UNIT_SCADA,1,"2019/09/05 15:30:00",URANQ14,0
D,DISPATCH,UNIT_SCADA,1,"2019/09/05 15:30:00",VP5,507.049990
D,DISPATCH,UNIT_SCADA,1,"2019/09/05 15:30:00",VP6,0
D,DISPATCH,UNIT_SCADA,1,"2019/09/05 15:30:00",VPGS1,0
D,DISPATCH,UNIT_SCADA,1,"2019/09/05 15:30:00",VPGS2,0
D,DISPATCH,UNIT_SCADA,1,"2019/09/05 15:30:00",VPGS3,0
D,DISPATCH,UNIT_SCADA,1,"2019/09/05 15:30:00",VPGS4,0
D,DISPATCH,UNIT_SCADA,1,"2019/09/05 15:30:00",VPGS5,0
D,DISPATCH,UNIT_SCADA,1,"2019/09/05 15:30:00",VPGS6,0
D,DISPATCH,UNIT_SCADA,1,"2019/09/05 15:30:00",W/HOE#1,0
D,DISPATCH,UNIT_SCADA,1,"2019/09/05 15:30:00",W/HOE#2,0
D,DISPATCH,UNIT_SCADA,1,"2019/09/05 15:30:00",WATERLWF,105.20
D,DISPATCH,UNIT_SCADA,1,"2019/09/05 15:30:00",WEMENSF1,68.20
D,DISPATCH,UNIT_SCADA,1,"2019/09/05 15:30:00",WGWF1,58.40
D,DISPATCH,UNIT_SCADA,1,"2019/09/05 15:30:00",WHITSF1,40.60
D,DISPATCH,UNIT_SCADA,1,"2019/09/05 15:30:00",WKIEWA1,0
D,DISPATCH,UNIT_SCADA,1,"2019/09/05 15:30:00",WKIEWA2,0.10
D,DISPATCH,UNIT_SCADA,1,"2019/09/05 15:30:00",WOODLWN1,0
D,DISPATCH,UNIT_SCADA,1,"2019/09/05 15:30:00",WRSF1,12.08
D,DISPATCH,UNIT_SCADA,1,"2019/09/05 15:30:00",WRWF1,88.944990
D,DISPATCH,UNIT_SCADA,1,"2019/09/05 15:30:00",YABULU,0
D,DISPATCH,UNIT_SCADA,1,"2019/09/05 15:30:00",YABULU2,0
D,DISPATCH,UNIT_SCADA,1,"2019/09/05 15:30:00",YARWUN_1,120.66
D,DISPATCH,UNIT_SCADA,1,"2019/09/05 15:30:00",YENDWF1,27.15
D,DISPATCH,UNIT_SCADA,1,"2019/09/05 15:30:00",YWPS1,382.455690
D,DISPATCH,UNIT_SCADA,1,"2019/09/05 15:30:00",YWPS2,282.7038
D,DISPATCH,UNIT_SCADA,1,"2019/09/05 15:30:00",YWPS3,331.725310
D,DISPATCH,UNIT_SCADA,1,"2019/09/05 15:30:00",YWPS4,393.826570
C,"END OF REPORT",334
