C,NEMP.WORLD,DISPATCHSCADA,AEMO,PUBLIC,2019/08/23,00:25:08,0000000311887235,DISPATCHSCADA,0000000311887229
I,DISPATCH,UNIT_SCADA,1,SETTLEMENTDATE,DUID,SCADAVALUE
D,DISPATCH,UNIT_SCADA,1,"2019/08/23 00:30:00",BARCSF1,0
D,DISPATCH,UNIT_SCADA,1,"2019/08/23 00:30:00",BUTLERSG,9.699999
D,DISPATCH,UNIT_SCADA,1,"2019/08/23 00:30:00",CALL_A_4,0
D,DISPATCH,UNIT_SCADA,1,"2019/08/23 00:30:00",CAPTL_WF,0
D,DISPATCH,UNIT_SCADA,1,"2019/08/23 00:30:00",CATHROCK,12.999999
D,DISPATCH,UNIT_SCADA,1,"2019/08/23 00:30:00",CHALLHWF,0.20
D,DISPATCH,UNIT_SCADA,1,"2019/08/23 00:30:00",CLOVER,-0.01
D,DISPATCH,UNIT_SCADA,1,"2019/08/23 00:30:00",CLUNY,20.173494
D,DISPATCH,UNIT_SCADA,1,"2019/08/23 00:30:00",CNUNDAWF,1.101285
D,DISPATCH,UNIT_SCADA,1,"2019/08/23 00:30:00",CULLRGWF,1.54
D,DISPATCH,UNIT_SCADA,1,"2019/08/23 00:30:00",ERGT01,0
D,DISPATCH,UNIT_SCADA,1,"2019/08/23 00:30:00",GB01,0.066986
D,DISPATCH,UNIT_SCADA,1,"2019/08/23 00:30:00",GERMCRK,37
D,DISPATCH,UNIT_SCADA,1,"2019/08/23 00:30:00",GRIFSF1,0
D,DISPATCH,UNIT_SCADA,1,"2019/08/23 00:30:00",HUGSF1,-0.2370
D,DISPATCH,UNIT_SCADA,1,"2019/08/23 00:30:00",LKBONNY1,0.357237
D,DISPATCH,UNIT_SCADA,1,"2019/08/23 00:30:00",LRSF1,-0.0130
D,DISPATCH,UNIT_SCADA,1,"2019/08/23 00:30:00",MBAHNTH,55.743744
D,DISPATCH,UNIT_SCADA,1,"2019/08/23 00:30:00",MLSP1,0.180001
D,DISPATCH,UNIT_SCADA,1,"2019/08/23 00:30:00",MLWF1,2.70
D,DISPATCH,UNIT_SCADA,1,"2019/08/23 00:30:00",MTMILLAR,6.072110
D,DISPATCH,UNIT_SCADA,1,"2019/08/23 00:30:00",PALOONA,28.629999
D,DISPATCH,UNIT_SCADA,1,"2019/08/23 00:30:00",PIONEER,45.600002
D,DISPATCH,UNIT_SCADA,1,"2019/08/23 00:30:00",PORTWF,0.40
D,DISPATCH,UNIT_SCADA,1,"2019/08/23 00:30:00",REPULSE,28.910963
D,DISPATCH,UNIT_SCADA,1,"2019/08/23 00:30:00",ROWALLAN,10.2453
D,DISPATCH,UNIT_SCADA,1,"2019/08/23 00:30:00",ROYALLA1,0
D,DISPATCH,UNIT_SCADA,1,"2019/08/23 00:30:00",RPCG,10.10
D,DISPATCH,UNIT_SCADA,1,"2019/08/23 00:30:00",RUBICON,0
D,DISPATCH,UNIT_SCADA,1,"2019/08/23 00:30:00",SATGN1,0
D,DISPATCH,UNIT_SCADA,1,"2019/08/23 00:30:00",SATGS1,0
D,DISPATCH,UNIT_SCADA,1,"2019/08/23 00:30:00",STARHLWF,-0.099971
D,DISPATCH,UNIT_SCADA,1,"2019/08/23 00:30:00",WAUBRAWF,32.435001
D,DISPATCH,UNIT_SCADA,1,"2019/08/23 00:30:00",WOOLNTH1,22.410015
D,DISPATCH,UNIT_SCADA,1,"2019/08/23 00:30:00",WPWF,0
D,DISPATCH,UNIT_SCADA,1,"2019/08/23 00:30:00",YAMBUKWF,1.10
D,DISPATCH,UNIT_SCADA,1,"2019/08/23 00:30:00",YSWF1,1.60
D,DISPATCH,UNIT_SCADA,1,"2019/08/23 00:30:00",AGLHAL,0
D,DISPATCH,UNIT_SCADA,1,"2019/08/23 00:30:00",AGLSOM,82.20
D,DISPATCH,UNIT_SCADA,1,"2019/08/23 00:30:00",ANGAST1,0
D,DISPATCH,UNIT_SCADA,1,"2019/08/23 00:30:00",ARWF1,22.60
D,DISPATCH,UNIT_SCADA,1,"2019/08/23 00:30:00",BALBG1,0
D,DISPATCH,UNIT_SCADA,1,"2019/08/23 00:30:00",BALBL1,0
D,DISPATCH,UNIT_SCADA,1,"2019/08/23 00:30:00",BALDHWF1,16.26
D,DISPATCH,UNIT_SCADA,1,"2019/08/23 00:30:00",BANN1,0
D,DISPATCH,UNIT_SCADA,1,"2019/08/23 00:30:00",BARCALDN,0
D,DISPATCH,UNIT_SCADA,1,"2019/08/23 00:30:00",BARRON-1,0
D,DISPATCH,UNIT_SCADA,1,"2019/08/23 00:30:00",BARRON-2,0
D,DISPATCH,UNIT_SCADA,1,"2019/08/23 00:30:00",BASTYAN,77.34
D,DISPATCH,UNIT_SCADA,1,"2019/08/23 00:30:00",BBTHREE1,-2.02
D,DISPATCH,UNIT_SCADA,1,"2019/08/23 00:30:00",BBTHREE2,-2.05
D,DISPATCH,UNIT_SCADA,1,"2019/08/23 00:30:00",BBTHREE3,-1.09
D,DISPATCH,UNIT_SCADA,1,"2019/08/23 00:30:00",BDL01,0
D,DISPATCH,UNIT_SCADA,1,"2019/08/23 00:30:00",BDL02,0
D,DISPATCH,UNIT_SCADA,1,"2019/08/23 00:30:00",BERYLSF1,-0.190320
D,DISPATCH,UNIT_SCADA,1,"2019/08/23 00:30:00",BLOWERNG,0
D,DISPATCH,UNIT_SCADA,1,"2019/08/23 00:30:00",BLUFF1,6.80
D,DISPATCH,UNIT_SCADA,1,"2019/08/23 00:30:00",BNGSF1,0
D,DISPATCH,UNIT_SCADA,1,"2019/08/23 00:30:00",BNGSF2,0
D,DISPATCH,UNIT_SCADA,1,"2019/08/23 00:30:00",BOCORWF1,50.57
D,DISPATCH,UNIT_SCADA,1,"2019/08/23 00:30:00",BODWF1,100.190690
D,DISPATCH,UNIT_SCADA,1,"2019/08/23 00:30:00",BRAEMAR1,0
D,DISPATCH,UNIT_SCADA,1,"2019/08/23 00:30:00",BRAEMAR2,0
D,DISPATCH,UNIT_SCADA,1,"2019/08/23 00:30:00",BRAEMAR3,0
D,DISPATCH,UNIT_SCADA,1,"2019/08/23 00:30:00",BRAEMAR5,0
D,DISPATCH,UNIT_SCADA,1,"2019/08/23 00:30:00",BRAEMAR6,0
D,DISPATCH,UNIT_SCADA,1,"2019/08/23 00:30:00",BRAEMAR7,0
D,DISPATCH,UNIT_SCADA,1,"2019/08/23 00:30:00",BROKENH1,0
D,DISPATCH,UNIT_SCADA,1,"2019/08/23 00:30:00",BW01,634.825070
D,DISPATCH,UNIT_SCADA,1,"2019/08/23 00:30:00",BW02,639.8501
D,DISPATCH,UNIT_SCADA,1,"2019/08/23 00:30:00",BW03,655.050050
D,DISPATCH,UNIT_SCADA,1,"2019/08/23 00:30:00",BW04,0
D,DISPATCH,UNIT_SCADA,1,"2019/08/23 00:30:00",CALL_B_1,33.30
D,DISPATCH,UNIT_SCADA,1,"2019/08/23 00:30:00",CALL_B_2,350.399990
D,DISPATCH,UNIT_SCADA,1,"2019/08/23 00:30:00",CETHANA,97.585750
D,DISPATCH,UNIT_SCADA,1,"2019/08/23 00:30:00",CG1,0
D,DISPATCH,UNIT_SCADA,1,"2019/08/23 00:30:00",CG2,0
D,DISPATCH,UNIT_SCADA,1,"2019/08/23 00:30:00",CG3,0
D,DISPATCH,UNIT_SCADA,1,"2019/08/23 00:30:00",CG4,0
D,DISPATCH,UNIT_SCADA,1,"2019/08/23 00:30:00",CHILDSF1,0
D,DISPATCH,UNIT_SCADA,1,"2019/08/23 00:30:00",CLARESF1,0
D,DISPATCH,UNIT_SCADA,1,"2019/08/23 00:30:00",CLEMGPWF,11.237460
D,DISPATCH,UNIT_SCADA,1,"2019/08/23 00:30:00",CLERMSF1,0
D,DISPATCH,UNIT_SCADA,1,"2019/08/23 00:30:00",COLEASF1,0
D,DISPATCH,UNIT_SCADA,1,"2019/08/23 00:30:00",COOPGWF1,35.242950
D,DISPATCH,UNIT_SCADA,1,"2019/08/23 00:30:00",CPP_3,404.25
D,DISPATCH,UNIT_SCADA,1,"2019/08/23 00:30:00",CPP_4,404.800020
D,DISPATCH,UNIT_SCADA,1,"2019/08/23 00:30:00",CPSA,142.516880
D,DISPATCH,UNIT_SCADA,1,"2019/08/23 00:30:00",CROOKWF2,1.186250
D,DISPATCH,UNIT_SCADA,1,"2019/08/23 00:30:00",CROWLWF1,8.586750
D,DISPATCH,UNIT_SCADA,1,"2019/08/23 00:30:00",CSPVPS1,0
D,DISPATCH,UNIT_SCADA,1,"2019/08/23 00:30:00",DALNTH01,0
D,DISPATCH,UNIT_SCADA,1,"2019/08/23 00:30:00",DALNTHL1,0.074770
D,DISPATCH,UNIT_SCADA,1,"2019/08/23 00:30:00",DARTM1,134.50
D,DISPATCH,UNIT_SCADA,1,"2019/08/23 00:30:00",DAYDSF1,0
D,DISPATCH,UNIT_SCADA,1,"2019/08/23 00:30:00",DDPS1,344.600770
D,DISPATCH,UNIT_SCADA,1,"2019/08/23 00:30:00",DDSF1,0
D,DISPATCH,UNIT_SCADA,1,"2019/08/23 00:30:00",DEVILS_G,0
D,DISPATCH,UNIT_SCADA,1,"2019/08/23 00:30:00",DG_NSW1,0
D,DISPATCH,UNIT_SCADA,1,"2019/08/23 00:30:00",DG_QLD1,0
D,DISPATCH,UNIT_SCADA,1,"2019/08/23 00:30:00",DG_SA1,0
D,DISPATCH,UNIT_SCADA,1,"2019/08/23 00:30:00",DG_TAS1,0
D,DISPATCH,UNIT_SCADA,1,"2019/08/23 00:30:00",DG_VIC1,0
D,DISPATCH,UNIT_SCADA,1,"2019/08/23 00:30:00",DRYCGT1,0
D,DISPATCH,UNIT_SCADA,1,"2019/08/23 00:30:00",DRYCGT2,0
D,DISPATCH,UNIT_SCADA,1,"2019/08/23 00:30:00",DRYCGT3,0
D,DISPATCH,UNIT_SCADA,1,"2019/08/23 00:30:00",EILDON1,0
D,DISPATCH,UNIT_SCADA,1,"2019/08/23 00:30:00",EILDON2,0
D,DISPATCH,UNIT_SCADA,1,"2019/08/23 00:30:00",EMERASF1,0
D,DISPATCH,UNIT_SCADA,1,"2019/08/23 00:30:00",ER01,593.175050
D,DISPATCH,UNIT_SCADA,1,"2019/08/23 00:30:00",ER02,600.450070
D,DISPATCH,UNIT_SCADA,1,"2019/08/23 00:30:00",ER03,379.474980
D,DISPATCH,UNIT_SCADA,1,"2019/08/23 00:30:00",ER04,699.075070
D,DISPATCH,UNIT_SCADA,1,"2019/08/23 00:30:00",FINLYSF1,0
D,DISPATCH,UNIT_SCADA,1,"2019/08/23 00:30:00",FISHER,45.98
D,DISPATCH,UNIT_SCADA,1,"2019/08/23 00:30:00",GANNBG1,0
D,DISPATCH,UNIT_SCADA,1,"2019/08/23 00:30:00",GANNBL1,0.034150
D,DISPATCH,UNIT_SCADA,1,"2019/08/23 00:30:00",GANNSF1,0
D,DISPATCH,UNIT_SCADA,1,"2019/08/23 00:30:00",GORDON,81.185440
D,DISPATCH,UNIT_SCADA,1,"2019/08/23 00:30:00",GSTONE1,259.8750
D,DISPATCH,UNIT_SCADA,1,"2019/08/23 00:30:00",GSTONE2,229.95
D,DISPATCH,UNIT_SCADA,1,"2019/08/23 00:30:00",GSTONE3,247.974990
D,DISPATCH,UNIT_SCADA,1,"2019/08/23 00:30:00",GSTONE4,263.199980
D,DISPATCH,UNIT_SCADA,1,"2019/08/23 00:30:00",GSTONE5,259.174990
D,DISPATCH,UNIT_SCADA,1,"2019/08/23 00:30:00",GSTONE6,0
D,DISPATCH,UNIT_SCADA,1,"2019/08/23 00:30:00",GULLRSF1,0
D,DISPATCH,UNIT_SCADA,1,"2019/08/23 00:30:00",GULLRWF1,4.638580
D,DISPATCH,UNIT_SCADA,1,"2019/08/23 00:30:00",GUNNING1,0.447060
D,DISPATCH,UNIT_SCADA,1,"2019/08/23 00:30:00",GUTHEGA,0
D,DISPATCH,UNIT_SCADA,1,"2019/08/23 00:30:00",HALLWF1,34.70
D,DISPATCH,UNIT_SCADA,1,"2019/08/23 00:30:00",HALLWF2,22.34
D,DISPATCH,UNIT_SCADA,1,"2019/08/23 00:30:00",HAMISF1,0
D,DISPATCH,UNIT_SCADA,1,"2019/08/23 00:30:00",HAUGHT11,0
D,DISPATCH,UNIT_SCADA,1,"2019/08/23 00:30:00",HAYMSF1,0
D,DISPATCH,UNIT_SCADA,1,"2019/08/23 00:30:00",HDWF1,49.40
D,DISPATCH,UNIT_SCADA,1,"2019/08/23 00:30:00",HDWF2,50.90
D,DISPATCH,UNIT_SCADA,1,"2019/08/23 00:30:00",HDWF3,57.30
D,DISPATCH,UNIT_SCADA,1,"2019/08/23 00:30:00",HPRG1,0
D,DISPATCH,UNIT_SCADA,1,"2019/08/23 00:30:00",HPRL1,2.10
D,DISPATCH,UNIT_SCADA,1,"2019/08/23 00:30:00",HUMENSW,0
D,DISPATCH,UNIT_SCADA,1,"2019/08/23 00:30:00",HUMEV,8
D,DISPATCH,UNIT_SCADA,1,"2019/08/23 00:30:00",HVGTS,0
D,DISPATCH,UNIT_SCADA,1,"2019/08/23 00:30:00",JBUTTERS,138.349990
D,DISPATCH,UNIT_SCADA,1,"2019/08/23 00:30:00",JLA01,0.10
D,DISPATCH,UNIT_SCADA,1,"2019/08/23 00:30:00",JLA02,0
D,DISPATCH,UNIT_SCADA,1,"2019/08/23 00:30:00",JLA03,0.10
D,DISPATCH,UNIT_SCADA,1,"2019/08/23 00:30:00",JLA04,0.10
D,DISPATCH,UNIT_SCADA,1,"2019/08/23 00:30:00",JLB01,0
D,DISPATCH,UNIT_SCADA,1,"2019/08/23 00:30:00",JLB02,0.10
D,DISPATCH,UNIT_SCADA,1,"2019/08/23 00:30:00",JLB03,0
D,DISPATCH,UNIT_SCADA,1,"2019/08/23 00:30:00",KAREEYA1,21.5775
D,DISPATCH,UNIT_SCADA,1,"2019/08/23 00:30:00",KAREEYA2,21.6350
D,DISPATCH,UNIT_SCADA,1,"2019/08/23 00:30:00",KAREEYA3,0
D,DISPATCH,UNIT_SCADA,1,"2019/08/23 00:30:00",KAREEYA4,21.6750
D,DISPATCH,UNIT_SCADA,1,"2019/08/23 00:30:00",KARSF1,0
D,DISPATCH,UNIT_SCADA,1,"2019/08/23 00:30:00",KIATAWF1,2.20
D,DISPATCH,UNIT_SCADA,1,"2019/08/23 00:30:00",KPP_1,0
D,DISPATCH,UNIT_SCADA,1,"2019/08/23 00:30:00",KSP1,0
D,DISPATCH,UNIT_SCADA,1,"2019/08/23 00:30:00",LADBROK1,43.11
D,DISPATCH,UNIT_SCADA,1,"2019/08/23 00:30:00",LADBROK2,0
D,DISPATCH,UNIT_SCADA,1,"2019/08/23 00:30:00",LD01,423.8812
D,DISPATCH,UNIT_SCADA,1,"2019/08/23 00:30:00",LD02,301.218750
D,DISPATCH,UNIT_SCADA,1,"2019/08/23 00:30:00",LD03,421.3125
D,DISPATCH,UNIT_SCADA,1,"2019/08/23 00:30:00",LD04,382.387480
D,DISPATCH,UNIT_SCADA,1,"2019/08/23 00:30:00",LEM_WIL,85.999250
D,DISPATCH,UNIT_SCADA,1,"2019/08/23 00:30:00",LGAPWF1,0.87
D,DISPATCH,UNIT_SCADA,1,"2019/08/23 00:30:00",LILYSF1,0
D,DISPATCH,UNIT_SCADA,1,"2019/08/23 00:30:00",LI_WY_CA,148.651370
D,DISPATCH,UNIT_SCADA,1,"2019/08/23 00:30:00",LKBONNY2,4.817060
D,DISPATCH,UNIT_SCADA,1,"2019/08/23 00:30:00",LKBONNY3,1.339730
D,DISPATCH,UNIT_SCADA,1,"2019/08/23 00:30:00",LK_ECHO,0
D,DISPATCH,UNIT_SCADA,1,"2019/08/23 00:30:00",LNGS1,0
D,DISPATCH,UNIT_SCADA,1,"2019/08/23 00:30:00",LNGS2,0
D,DISPATCH,UNIT_SCADA,1,"2019/08/23 00:30:00",LONSDALE,0
D,DISPATCH,UNIT_SCADA,1,"2019/08/23 00:30:00",LOYYB1,536.088620
D,DISPATCH,UNIT_SCADA,1,"2019/08/23 00:30:00",LOYYB2,578.570860
D,DISPATCH,UNIT_SCADA,1,"2019/08/23 00:30:00",LYA1,559
D,DISPATCH,UNIT_SCADA,1,"2019/08/23 00:30:00",LYA2,0
D,DISPATCH,UNIT_SCADA,1,"2019/08/23 00:30:00",LYA3,560
D,DISPATCH,UNIT_SCADA,1,"2019/08/23 00:30:00",LYA4,539
D,DISPATCH,UNIT_SCADA,1,"2019/08/23 00:30:00",MACARTH1,0
D,DISPATCH,UNIT_SCADA,1,"2019/08/23 00:30:00",MACKAYGT,0
D,DISPATCH,UNIT_SCADA,1,"2019/08/23 00:30:00",MACKNTSH,86.170010
D,DISPATCH,UNIT_SCADA,1,"2019/08/23 00:30:00",MANSLR1,0
D,DISPATCH,UNIT_SCADA,1,"2019/08/23 00:30:00",MCKAY1,0.02
D,DISPATCH,UNIT_SCADA,1,"2019/08/23 00:30:00",MEADOWBK,33.924460
D,DISPATCH,UNIT_SCADA,1,"2019/08/23 00:30:00",MERCER01,1.5940
D,DISPATCH,UNIT_SCADA,1,"2019/08/23 00:30:00",MEWF1,8.218880
D,DISPATCH,UNIT_SCADA,1,"2019/08/23 00:30:00",MINTARO,0
D,DISPATCH,UNIT_SCADA,1,"2019/08/23 00:30:00",MOREESF1,0
D,DISPATCH,UNIT_SCADA,1,"2019/08/23 00:30:00",MORTLK11,125
D,DISPATCH,UNIT_SCADA,1,"2019/08/23 00:30:00",MORTLK12,0
D,DISPATCH,UNIT_SCADA,1,"2019/08/23 00:30:00",MP1,282.549930
D,DISPATCH,UNIT_SCADA,1,"2019/08/23 00:30:00",MP2,0
D,DISPATCH,UNIT_SCADA,1,"2019/08/23 00:30:00",MPP_1,374.50
D,DISPATCH,UNIT_SCADA,1,"2019/08/23 00:30:00",MPP_2,400
D,DISPATCH,UNIT_SCADA,1,"2019/08/23 00:30:00",MSTUART1,0
D,DISPATCH,UNIT_SCADA,1,"2019/08/23 00:30:00",MSTUART2,0
D,DISPATCH,UNIT_SCADA,1,"2019/08/23 00:30:00",MSTUART3,0
D,DISPATCH,UNIT_SCADA,1,"2019/08/23 00:30:00",MTGELWF1,-0.186160
D,DISPATCH,UNIT_SCADA,1,"2019/08/23 00:30:00",MURRAY,272.230010
D,DISPATCH,UNIT_SCADA,1,"2019/08/23 00:30:00",MUSSELR1,1.10
D,DISPATCH,UNIT_SCADA,1,"2019/08/23 00:30:00",MUWAWF1,-0.10
D,DISPATCH,UNIT_SCADA,1,"2019/08/23 00:30:00",NBHWF1,67.20
D,DISPATCH,UNIT_SCADA,1,"2019/08/23 00:30:00",NPS,439.8750
D,DISPATCH,UNIT_SCADA,1,"2019/08/23 00:30:00",NUMURSF1,0
D,DISPATCH,UNIT_SCADA,1,"2019/08/23 00:30:00",NYNGAN1,0
D,DISPATCH,UNIT_SCADA,1,"2019/08/23 00:30:00",OAKEY1,0
D,DISPATCH,UNIT_SCADA,1,"2019/08/23 00:30:00",OAKEY1SF,0
D,DISPATCH,UNIT_SCADA,1,"2019/08/23 00:30:00",OAKEY2,0
D,DISPATCH,UNIT_SCADA,1,"2019/08/23 00:30:00",OAKLAND1,4.90
D,DISPATCH,UNIT_SCADA,1,"2019/08/23 00:30:00",OSB-AG,185.25
D,DISPATCH,UNIT_SCADA,1,"2019/08/23 00:30:00",PARSF1,0
D,DISPATCH,UNIT_SCADA,1,"2019/08/23 00:30:00",POAT110,0
D,DISPATCH,UNIT_SCADA,1,"2019/08/23 00:30:00",POAT220,2.15
D,DISPATCH,UNIT_SCADA,1,"2019/08/23 00:30:00",POR01,0
D,DISPATCH,UNIT_SCADA,1,"2019/08/23 00:30:00",POR03,0
D,DISPATCH,UNIT_SCADA,1,"2019/08/23 00:30:00",PPCCGT,495.011350
D,DISPATCH,UNIT_SCADA,1,"2019/08/23 00:30:00",PTSTAN1,0
D,DISPATCH,UNIT_SCADA,1,"2019/08/23 00:30:00",PUMP1,0
D,DISPATCH,UNIT_SCADA,1,"2019/08/23 00:30:00",PUMP2,0
D,DISPATCH,UNIT_SCADA,1,"2019/08/23 00:30:00",QPS1,29.10
D,DISPATCH,UNIT_SCADA,1,"2019/08/23 00:30:00",QPS2,0
D,DISPATCH,UNIT_SCADA,1,"2019/08/23 00:30:00",QPS3,0
D,DISPATCH,UNIT_SCADA,1,"2019/08/23 00:30:00",QPS4,0
D,DISPATCH,UNIT_SCADA,1,"2019/08/23 00:30:00",QPS5,0
D,DISPATCH,UNIT_SCADA,1,"2019/08/23 00:30:00",REECE1,116.670010
D,DISPATCH,UNIT_SCADA,1,"2019/08/23 00:30:00",REECE2,118.190010
D,DISPATCH,UNIT_SCADA,1,"2019/08/23 00:30:00",ROMA_7,0
D,DISPATCH,UNIT_SCADA,1,"2019/08/23 00:30:00",ROMA_8,0
D,DISPATCH,UNIT_SCADA,1,"2019/08/23 00:30:00",RRSF1,0
D,DISPATCH,UNIT_SCADA,1,"2019/08/23 00:30:00",RT_NSW1,0
D,DISPATCH,UNIT_SCADA,1,"2019/08/23 00:30:00",RT_NSW2,0
D,DISPATCH,UNIT_SCADA,1,"2019/08/23 00:30:00",RT_NSW3,0
D,DISPATCH,UNIT_SCADA,1,"2019/08/23 00:30:00",RT_NSW4,0
D,DISPATCH,UNIT_SCADA,1,"2019/08/23 00:30:00",RT_NSW5,0
D,DISPATCH,UNIT_SCADA,1,"2019/08/23 00:30:00",RT_NSW6,0
D,DISPATCH,UNIT_SCADA,1,"2019/08/23 00:30:00",RT_QLD1,0
D,DISPATCH,UNIT_SCADA,1,"2019/08/23 00:30:00",RT_SA1,0
D,DISPATCH,UNIT_SCADA,1,"2019/08/23 00:30:00",RT_SA2,0
D,DISPATCH,UNIT_SCADA,1,"2019/08/23 00:30:00",RT_SA3,0
D,DISPATCH,UNIT_SCADA,1,"2019/08/23 00:30:00",RT_SA4,0
D,DISPATCH,UNIT_SCADA,1,"2019/08/23 00:30:00",RT_SA5,0
D,DISPATCH,UNIT_SCADA,1,"2019/08/23 00:30:00",RT_SA6,0
D,DISPATCH,UNIT_SCADA,1,"2019/08/23 00:30:00",RT_TAS1,0
D,DISPATCH,UNIT_SCADA,1,"2019/08/23 00:30:00",RT_VIC1,0
D,DISPATCH,UNIT_SCADA,1,"2019/08/23 00:30:00",RT_VIC10,0
D,DISPATCH,UNIT_SCADA,1,"2019/08/23 00:30:00",RT_VIC11,0
D,DISPATCH,UNIT_SCADA,1,"2019/08/23 00:30:00",RT_VIC12,0
D,DISPATCH,UNIT_SCADA,1,"2019/08/23 00:30:00",RT_VIC2,0
D,DISPATCH,UNIT_SCADA,1,"2019/08/23 00:30:00",RT_VIC3,0
D,DISPATCH,UNIT_SCADA,1,"2019/08/23 00:30:00",RT_VIC4,0
D,DISPATCH,UNIT_SCADA,1,"2019/08/23 00:30:00",RT_VIC5,0
D,DISPATCH,UNIT_SCADA,1,"2019/08/23 00:30:00",RT_VIC6,0
D,DISPATCH,UNIT_SCADA,1,"2019/08/23 00:30:00",RT_VIC7,0
D,DISPATCH,UNIT_SCADA,1,"2019/08/23 00:30:00",RT_VIC8,0
D,DISPATCH,UNIT_SCADA,1,"2019/08/23 00:30:00",RT_VIC9,0
D,DISPATCH,UNIT_SCADA,1,"2019/08/23 00:30:00",RUGBYR1,0
D,DISPATCH,UNIT_SCADA,1,"2019/08/23 00:30:00",SALTCRK1,-0.37
D,DISPATCH,UNIT_SCADA,1,"2019/08/23 00:30:00",SAPHWF1,45.768740
D,DISPATCH,UNIT_SCADA,1,"2019/08/23 00:30:00",SHGEN,0
D,DISPATCH,UNIT_SCADA,1,"2019/08/23 00:30:00",SHPUMP,0
D,DISPATCH,UNIT_SCADA,1,"2019/08/23 00:30:00",SITHE01,0.194050
D,DISPATCH,UNIT_SCADA,1,"2019/08/23 00:30:00",SMCSF1,0
D,DISPATCH,UNIT_SCADA,1,"2019/08/23 00:30:00",SNOWNTH1,9.60
D,DISPATCH,UNIT_SCADA,1,"2019/08/23 00:30:00",SNOWSTH1,7.90
D,DISPATCH,UNIT_SCADA,1,"2019/08/23 00:30:00",SNOWTWN1,13.555690
D,DISPATCH,UNIT_SCADA,1,"2019/08/23 00:30:00",SNOWYP,0
D,DISPATCH,UNIT_SCADA,1,"2019/08/23 00:30:00",SNUG1,0.019440
D,DISPATCH,UNIT_SCADA,1,"2019/08/23 00:30:00",SRSF1,0
D,DISPATCH,UNIT_SCADA,1,"2019/08/23 00:30:00",STAN-1,0
D,DISPATCH,UNIT_SCADA,1,"2019/08/23 00:30:00",STAN-2,244.384170
D,DISPATCH,UNIT_SCADA,1,"2019/08/23 00:30:00",STAN-3,243.3972
D,DISPATCH,UNIT_SCADA,1,"2019/08/23 00:30:00",STAN-4,235.539890
D,DISPATCH,UNIT_SCADA,1,"2019/08/23 00:30:00",STWF1,152.336260
D,DISPATCH,UNIT_SCADA,1,"2019/08/23 00:30:00",SWAN_E,0
D,DISPATCH,UNIT_SCADA,1,"2019/08/23 00:30:00",TALWA1,424
D,DISPATCH,UNIT_SCADA,1,"2019/08/23 00:30:00",TARALGA1,1.511250
D,DISPATCH,UNIT_SCADA,1,"2019/08/23 00:30:00",TARONG#1,274.300020
D,DISPATCH,UNIT_SCADA,1,"2019/08/23 00:30:00",TARONG#2,274
D,DISPATCH,UNIT_SCADA,1,"2019/08/23 00:30:00",TARONG#3,242.50
D,DISPATCH,UNIT_SCADA,1,"2019/08/23 00:30:00",TARONG#4,273.800020
D,DISPATCH,UNIT_SCADA,1,"2019/08/23 00:30:00",TARRALEA,83.80
D,DISPATCH,UNIT_SCADA,1,"2019/08/23 00:30:00",TBSF1,-0.20
D,DISPATCH,UNIT_SCADA,1,"2019/08/23 00:30:00",TNPS1,400.000030
D,DISPATCH,UNIT_SCADA,1,"2019/08/23 00:30:00",TORRA1,110.155790
D,DISPATCH,UNIT_SCADA,1,"2019/08/23 00:30:00",TORRA2,0
D,DISPATCH,UNIT_SCADA,1,"2019/08/23 00:30:00",TORRA3,44.449910
D,DISPATCH,UNIT_SCADA,1,"2019/08/23 00:30:00",TORRA4,99.031790
D,DISPATCH,UNIT_SCADA,1,"2019/08/23 00:30:00",TORRB1,126.89
D,DISPATCH,UNIT_SCADA,1,"2019/08/23 00:30:00",TORRB2,177.20
D,DISPATCH,UNIT_SCADA,1,"2019/08/23 00:30:00",TORRB3,0
D,DISPATCH,UNIT_SCADA,1,"2019/08/23 00:30:00",TORRB4,0
D,DISPATCH,UNIT_SCADA,1,"2019/08/23 00:30:00",TREVALLN,44.100010
D,DISPATCH,UNIT_SCADA,1,"2019/08/23 00:30:00",TRIBUTE,84.89
D,DISPATCH,UNIT_SCADA,1,"2019/08/23 00:30:00",TUMUT3,0
D,DISPATCH,UNIT_SCADA,1,"2019/08/23 00:30:00",TUNGATIN,139.470030
D,DISPATCH,UNIT_SCADA,1,"2019/08/23 00:30:00",TVCC201,0
D,DISPATCH,UNIT_SCADA,1,"2019/08/23 00:30:00",TVPP104,57.924240
D,DISPATCH,UNIT_SCADA,1,"2019/08/23 00:30:00",UPPTUMUT,0
D,DISPATCH,UNIT_SCADA,1,"2019/08/23 00:30:00",URANQ11,0
D,DISPATCH,UNIT_SCADA,1,"2019/08/23 00:30:00",URANQ12,0
D,DISPATCH,UNIT_SCADA,1,"2019/08/23 00:30:00",URANQ13,0
D,DISPATCH,UNIT_SCADA,1,"2019/08/23 00:30:00",URANQ14,0
D,DISPATCH,UNIT_SCADA,1,"2019/08/23 00:30:00",VP5,599.025020
D,DISPATCH,UNIT_SCADA,1,"2019/08/23 00:30:00",VP6,602.3750
D,DISPATCH,UNIT_SCADA,1,"2019/08/23 00:30:00",VPGS1,0
D,DISPATCH,UNIT_SCADA,1,"2019/08/23 00:30:00",VPGS2,0
D,DISPATCH,UNIT_SCADA,1,"2019/08/23 00:30:00",VPGS3,0
D,DISPATCH,UNIT_SCADA,1,"2019/08/23 00:30:00",VPGS4,0
D,DISPATCH,UNIT_SCADA,1,"2019/08/23 00:30:00",VPGS5,0
D,DISPATCH,UNIT_SCADA,1,"2019/08/23 00:30:00",VPGS6,0
D,DISPATCH,UNIT_SCADA,1,"2019/08/23 00:30:00",W/HOE#1,0
D,DISPATCH,UNIT_SCADA,1,"2019/08/23 00:30:00",W/HOE#2,0
D,DISPATCH,UNIT_SCADA,1,"2019/08/23 00:30:00",WATERLWF,9.30
D,DISPATCH,UNIT_SCADA,1,"2019/08/23 00:30:00",WEMENSF1,0
D,DISPATCH,UNIT_SCADA,1,"2019/08/23 00:30:00",WGWF1,19.30
D,DISPATCH,UNIT_SCADA,1,"2019/08/23 00:30:00",WHITSF1,0
D,DISPATCH,UNIT_SCADA,1,"2019/08/23 00:30:00",WKIEWA1,27.90
D,DISPATCH,UNIT_SCADA,1,"2019/08/23 00:30:00",WKIEWA2,17
D,DISPATCH,UNIT_SCADA,1,"2019/08/23 00:30:00",WOODLWN1,1.5390
D,DISPATCH,UNIT_SCADA,1,"2019/08/23 00:30:00",WRSF1,0
D,DISPATCH,UNIT_SCADA,1,"2019/08/23 00:30:00",WRWF1,29.806240
D,DISPATCH,UNIT_SCADA,1,"2019/08/23 00:30:00",YABULU,0
D,DISPATCH,UNIT_SCADA,1,"2019/08/23 00:30:00",YABULU2,0
D,DISPATCH,UNIT_SCADA,1,"2019/08/23 00:30:00",YARWUN_1,0
D,DISPATCH,UNIT_SCADA,1,"2019/08/23 00:30:00",YENDWF1,-0.04
D,DISPATCH,UNIT_SCADA,1,"2019/08/23 00:30:00",YWPS1,281.450620
D,DISPATCH,UNIT_SCADA,1,"2019/08/23 00:30:00",YWPS2,254.382280
D,DISPATCH,UNIT_SCADA,1,"2019/08/23 00:30:00",YWPS3,0
D,DISPATCH,UNIT_SCADA,1,"2019/08/23 00:30:00",YWPS4,251.8405
C,"END OF REPORT",334
