C,NEMP.WORLD,DISPATCHSCADA,AEMO,PUBLIC,2019/08/20,23:25:07,0000000311804397,DISPATCHSCADA,0000000311804391
I,DISPATCH,UNIT_SCADA,1,SETTLEMENTDATE,DUID,SCADAVALUE
D,DISPATCH,UNIT_SCADA,1,"2019/08/20 23:30:00",BARCSF1,0.50
D,DISPATCH,UNIT_SCADA,1,"2019/08/20 23:30:00",BUTLERSG,9.699999
D,DISPATCH,UNIT_SCADA,1,"2019/08/20 23:30:00",CALL_A_4,0
D,DISPATCH,UNIT_SCADA,1,"2019/08/20 23:30:00",CAPTL_WF,131.200012
D,DISPATCH,UNIT_SCADA,1,"2019/08/20 23:30:00",CATHROCK,46.009998
D,DISPATCH,UNIT_SCADA,1,"2019/08/20 23:30:00",CHALLHWF,28.900002
D,DISPATCH,UNIT_SCADA,1,"2019/08/20 23:30:00",CLOVER,0
D,DISPATCH,UNIT_SCADA,1,"2019/08/20 23:30:00",CLUNY,20.754864
D,DISPATCH,UNIT_SCADA,1,"2019/08/20 23:30:00",CNUNDAWF,41.348236
D,DISPATCH,UNIT_SCADA,1,"2019/08/20 23:30:00",CULLRGWF,30.42
D,DISPATCH,UNIT_SCADA,1,"2019/08/20 23:30:00",ERGT01,0
D,DISPATCH,UNIT_SCADA,1,"2019/08/20 23:30:00",GB01,0.066872
D,DISPATCH,UNIT_SCADA,1,"2019/08/20 23:30:00",GERMCRK,37
D,DISPATCH,UNIT_SCADA,1,"2019/08/20 23:30:00",GRIFSF1,0
D,DISPATCH,UNIT_SCADA,1,"2019/08/20 23:30:00",HUGSF1,-0.2040
D,DISPATCH,UNIT_SCADA,1,"2019/08/20 23:30:00",LKBONNY1,74.126770
D,DISPATCH,UNIT_SCADA,1,"2019/08/20 23:30:00",LRSF1,0.0290
D,DISPATCH,UNIT_SCADA,1,"2019/08/20 23:30:00",MBAHNTH,55.631256
D,DISPATCH,UNIT_SCADA,1,"2019/08/20 23:30:00",MLSP1,0.283001
D,DISPATCH,UNIT_SCADA,1,"2019/08/20 23:30:00",MLWF1,19.514999
D,DISPATCH,UNIT_SCADA,1,"2019/08/20 23:30:00",MTMILLAR,29.869425
D,DISPATCH,UNIT_SCADA,1,"2019/08/20 23:30:00",PALOONA,23.90
D,DISPATCH,UNIT_SCADA,1,"2019/08/20 23:30:00",PIONEER,32.400002
D,DISPATCH,UNIT_SCADA,1,"2019/08/20 23:30:00",PORTWF,137.600006
D,DISPATCH,UNIT_SCADA,1,"2019/08/20 23:30:00",REPULSE,28.809643
D,DISPATCH,UNIT_SCADA,1,"2019/08/20 23:30:00",ROWALLAN,10.2382
D,DISPATCH,UNIT_SCADA,1,"2019/08/20 23:30:00",ROYALLA1,0
D,DISPATCH,UNIT_SCADA,1,"2019/08/20 23:30:00",RPCG,12.40
D,DISPATCH,UNIT_SCADA,1,"2019/08/20 23:30:00",RUBICON,0
D,DISPATCH,UNIT_SCADA,1,"2019/08/20 23:30:00",SATGN1,0
D,DISPATCH,UNIT_SCADA,1,"2019/08/20 23:30:00",SATGS1,0
D,DISPATCH,UNIT_SCADA,1,"2019/08/20 23:30:00",STARHLWF,10.996794
D,DISPATCH,UNIT_SCADA,1,"2019/08/20 23:30:00",WAUBRAWF,160.774994
D,DISPATCH,UNIT_SCADA,1,"2019/08/20 23:30:00",WOOLNTH1,124.810020
D,DISPATCH,UNIT_SCADA,1,"2019/08/20 23:30:00",WPWF,38
D,DISPATCH,UNIT_SCADA,1,"2019/08/20 23:30:00",YAMBUKWF,29.90
D,DISPATCH,UNIT_SCADA,1,"2019/08/20 23:30:00",YSWF1,28.60
D,DISPATCH,UNIT_SCADA,1,"2019/08/20 23:30:00",AGLHAL,0
D,DISPATCH,UNIT_SCADA,1,"2019/08/20 23:30:00",AGLSOM,0
D,DISPATCH,UNIT_SCADA,1,"2019/08/20 23:30:00",ANGAST1,0
D,DISPATCH,UNIT_SCADA,1,"2019/08/20 23:30:00",ARWF1,39.50
D,DISPATCH,UNIT_SCADA,1,"2019/08/20 23:30:00",BALBG1,0
D,DISPATCH,UNIT_SCADA,1,"2019/08/20 23:30:00",BALBL1,0
D,DISPATCH,UNIT_SCADA,1,"2019/08/20 23:30:00",BALDHWF1,103.3750
D,DISPATCH,UNIT_SCADA,1,"2019/08/20 23:30:00",BANN1,0
D,DISPATCH,UNIT_SCADA,1,"2019/08/20 23:30:00",BARCALDN,0
D,DISPATCH,UNIT_SCADA,1,"2019/08/20 23:30:00",BARRON-1,0
D,DISPATCH,UNIT_SCADA,1,"2019/08/20 23:30:00",BARRON-2,25.24
D,DISPATCH,UNIT_SCADA,1,"2019/08/20 23:30:00",BASTYAN,80.280010
D,DISPATCH,UNIT_SCADA,1,"2019/08/20 23:30:00",BBTHREE1,-1.83
D,DISPATCH,UNIT_SCADA,1,"2019/08/20 23:30:00",BBTHREE2,-1.84
D,DISPATCH,UNIT_SCADA,1,"2019/08/20 23:30:00",BBTHREE3,0
D,DISPATCH,UNIT_SCADA,1,"2019/08/20 23:30:00",BDL01,0
D,DISPATCH,UNIT_SCADA,1,"2019/08/20 23:30:00",BDL02,0
D,DISPATCH,UNIT_SCADA,1,"2019/08/20 23:30:00",BERYLSF1,0
D,DISPATCH,UNIT_SCADA,1,"2019/08/20 23:30:00",BLOWERNG,0
D,DISPATCH,UNIT_SCADA,1,"2019/08/20 23:30:00",BLUFF1,38.70
D,DISPATCH,UNIT_SCADA,1,"2019/08/20 23:30:00",BNGSF1,0
D,DISPATCH,UNIT_SCADA,1,"2019/08/20 23:30:00",BNGSF2,0
D,DISPATCH,UNIT_SCADA,1,"2019/08/20 23:30:00",BOCORWF1,96.39
D,DISPATCH,UNIT_SCADA,1,"2019/08/20 23:30:00",BODWF1,50.6087
D,DISPATCH,UNIT_SCADA,1,"2019/08/20 23:30:00",BRAEMAR1,0
D,DISPATCH,UNIT_SCADA,1,"2019/08/20 23:30:00",BRAEMAR2,0
D,DISPATCH,UNIT_SCADA,1,"2019/08/20 23:30:00",BRAEMAR3,0
D,DISPATCH,UNIT_SCADA,1,"2019/08/20 23:30:00",BRAEMAR5,0
D,DISPATCH,UNIT_SCADA,1,"2019/08/20 23:30:00",BRAEMAR6,0
D,DISPATCH,UNIT_SCADA,1,"2019/08/20 23:30:00",BRAEMAR7,0
D,DISPATCH,UNIT_SCADA,1,"2019/08/20 23:30:00",BROKENH1,0
D,DISPATCH,UNIT_SCADA,1,"2019/08/20 23:30:00",BW01,624.275020
D,DISPATCH,UNIT_SCADA,1,"2019/08/20 23:30:00",BW02,628
D,DISPATCH,UNIT_SCADA,1,"2019/08/20 23:30:00",BW03,632.925050
D,DISPATCH,UNIT_SCADA,1,"2019/08/20 23:30:00",BW04,0
D,DISPATCH,UNIT_SCADA,1,"2019/08/20 23:30:00",CALL_B_1,350.300020
D,DISPATCH,UNIT_SCADA,1,"2019/08/20 23:30:00",CALL_B_2,299.800020
D,DISPATCH,UNIT_SCADA,1,"2019/08/20 23:30:00",CETHANA,96.687620
D,DISPATCH,UNIT_SCADA,1,"2019/08/20 23:30:00",CG1,0
D,DISPATCH,UNIT_SCADA,1,"2019/08/20 23:30:00",CG2,0
D,DISPATCH,UNIT_SCADA,1,"2019/08/20 23:30:00",CG3,0
D,DISPATCH,UNIT_SCADA,1,"2019/08/20 23:30:00",CG4,0
D,DISPATCH,UNIT_SCADA,1,"2019/08/20 23:30:00",CHILDSF1,0
D,DISPATCH,UNIT_SCADA,1,"2019/08/20 23:30:00",CLARESF1,0
D,DISPATCH,UNIT_SCADA,1,"2019/08/20 23:30:00",CLEMGPWF,33.568320
D,DISPATCH,UNIT_SCADA,1,"2019/08/20 23:30:00",CLERMSF1,0
D,DISPATCH,UNIT_SCADA,1,"2019/08/20 23:30:00",COLEASF1,0
D,DISPATCH,UNIT_SCADA,1,"2019/08/20 23:30:00",COOPGWF1,44.150980
D,DISPATCH,UNIT_SCADA,1,"2019/08/20 23:30:00",CPP_3,402.8750
D,DISPATCH,UNIT_SCADA,1,"2019/08/20 23:30:00",CPP_4,406.450010
D,DISPATCH,UNIT_SCADA,1,"2019/08/20 23:30:00",CPSA,142.469380
D,DISPATCH,UNIT_SCADA,1,"2019/08/20 23:30:00",CROOKWF2,88.893750
D,DISPATCH,UNIT_SCADA,1,"2019/08/20 23:30:00",CROWLWF1,63.684610
D,DISPATCH,UNIT_SCADA,1,"2019/08/20 23:30:00",CSPVPS1,0
D,DISPATCH,UNIT_SCADA,1,"2019/08/20 23:30:00",DALNTH01,0
D,DISPATCH,UNIT_SCADA,1,"2019/08/20 23:30:00",DALNTHL1,0.2060
D,DISPATCH,UNIT_SCADA,1,"2019/08/20 23:30:00",DARTM1,0
D,DISPATCH,UNIT_SCADA,1,"2019/08/20 23:30:00",DAYDSF1,0
D,DISPATCH,UNIT_SCADA,1,"2019/08/20 23:30:00",DDPS1,0
D,DISPATCH,UNIT_SCADA,1,"2019/08/20 23:30:00",DDSF1,0
D,DISPATCH,UNIT_SCADA,1,"2019/08/20 23:30:00",DEVILS_G,60.094610
D,DISPATCH,UNIT_SCADA,1,"2019/08/20 23:30:00",DG_NSW1,0
D,DISPATCH,UNIT_SCADA,1,"2019/08/20 23:30:00",DG_QLD1,0
D,DISPATCH,UNIT_SCADA,1,"2019/08/20 23:30:00",DG_SA1,0
D,DISPATCH,UNIT_SCADA,1,"2019/08/20 23:30:00",DG_TAS1,0
D,DISPATCH,UNIT_SCADA,1,"2019/08/20 23:30:00",DG_VIC1,0
D,DISPATCH,UNIT_SCADA,1,"2019/08/20 23:30:00",DRYCGT1,0
D,DISPATCH,UNIT_SCADA,1,"2019/08/20 23:30:00",DRYCGT2,0
D,DISPATCH,UNIT_SCADA,1,"2019/08/20 23:30:00",DRYCGT3,0
D,DISPATCH,UNIT_SCADA,1,"2019/08/20 23:30:00",EILDON1,0
D,DISPATCH,UNIT_SCADA,1,"2019/08/20 23:30:00",EILDON2,0
D,DISPATCH,UNIT_SCADA,1,"2019/08/20 23:30:00",EMERASF1,0
D,DISPATCH,UNIT_SCADA,1,"2019/08/20 23:30:00",ER01,591.800050
D,DISPATCH,UNIT_SCADA,1,"2019/08/20 23:30:00",ER02,655.75
D,DISPATCH,UNIT_SCADA,1,"2019/08/20 23:30:00",ER03,485.674930
D,DISPATCH,UNIT_SCADA,1,"2019/08/20 23:30:00",ER04,654.349980
D,DISPATCH,UNIT_SCADA,1,"2019/08/20 23:30:00",FINLYSF1,0
D,DISPATCH,UNIT_SCADA,1,"2019/08/20 23:30:00",FISHER,46.03
D,DISPATCH,UNIT_SCADA,1,"2019/08/20 23:30:00",GANNBG1,0
D,DISPATCH,UNIT_SCADA,1,"2019/08/20 23:30:00",GANNBL1,0.033050
D,DISPATCH,UNIT_SCADA,1,"2019/08/20 23:30:00",GANNSF1,0
D,DISPATCH,UNIT_SCADA,1,"2019/08/20 23:30:00",GORDON,0
D,DISPATCH,UNIT_SCADA,1,"2019/08/20 23:30:00",GSTONE1,154.1750
D,DISPATCH,UNIT_SCADA,1,"2019/08/20 23:30:00",GSTONE2,149.6250
D,DISPATCH,UNIT_SCADA,1,"2019/08/20 23:30:00",GSTONE3,153.649990
D,DISPATCH,UNIT_SCADA,1,"2019/08/20 23:30:00",GSTONE4,156.80
D,DISPATCH,UNIT_SCADA,1,"2019/08/20 23:30:00",GSTONE5,153.1250
D,DISPATCH,UNIT_SCADA,1,"2019/08/20 23:30:00",GSTONE6,0
D,DISPATCH,UNIT_SCADA,1,"2019/08/20 23:30:00",GULLRSF1,0
D,DISPATCH,UNIT_SCADA,1,"2019/08/20 23:30:00",GULLRWF1,150.451720
D,DISPATCH,UNIT_SCADA,1,"2019/08/20 23:30:00",GUNNING1,46.2699
D,DISPATCH,UNIT_SCADA,1,"2019/08/20 23:30:00",GUTHEGA,0
D,DISPATCH,UNIT_SCADA,1,"2019/08/20 23:30:00",HALLWF1,67.59
D,DISPATCH,UNIT_SCADA,1,"2019/08/20 23:30:00",HALLWF2,51.04
D,DISPATCH,UNIT_SCADA,1,"2019/08/20 23:30:00",HAMISF1,0
D,DISPATCH,UNIT_SCADA,1,"2019/08/20 23:30:00",HAUGHT11,0
D,DISPATCH,UNIT_SCADA,1,"2019/08/20 23:30:00",HAYMSF1,0
D,DISPATCH,UNIT_SCADA,1,"2019/08/20 23:30:00",HDWF1,77.70
D,DISPATCH,UNIT_SCADA,1,"2019/08/20 23:30:00",HDWF2,77.80
D,DISPATCH,UNIT_SCADA,1,"2019/08/20 23:30:00",HDWF3,84.30
D,DISPATCH,UNIT_SCADA,1,"2019/08/20 23:30:00",HPRG1,0
D,DISPATCH,UNIT_SCADA,1,"2019/08/20 23:30:00",HPRL1,0.20
D,DISPATCH,UNIT_SCADA,1,"2019/08/20 23:30:00",HUMENSW,0
D,DISPATCH,UNIT_SCADA,1,"2019/08/20 23:30:00",HUMEV,9.20
D,DISPATCH,UNIT_SCADA,1,"2019/08/20 23:30:00",HVGTS,0
D,DISPATCH,UNIT_SCADA,1,"2019/08/20 23:30:00",JBUTTERS,99.759990
D,DISPATCH,UNIT_SCADA,1,"2019/08/20 23:30:00",JLA01,0.50
D,DISPATCH,UNIT_SCADA,1,"2019/08/20 23:30:00",JLA02,0
D,DISPATCH,UNIT_SCADA,1,"2019/08/20 23:30:00",JLA03,0.10
D,DISPATCH,UNIT_SCADA,1,"2019/08/20 23:30:00",JLA04,0.10
D,DISPATCH,UNIT_SCADA,1,"2019/08/20 23:30:00",JLB01,0
D,DISPATCH,UNIT_SCADA,1,"2019/08/20 23:30:00",JLB02,0.10
D,DISPATCH,UNIT_SCADA,1,"2019/08/20 23:30:00",JLB03,0
D,DISPATCH,UNIT_SCADA,1,"2019/08/20 23:30:00",KAREEYA1,21.4875
D,DISPATCH,UNIT_SCADA,1,"2019/08/20 23:30:00",KAREEYA2,21.55
D,DISPATCH,UNIT_SCADA,1,"2019/08/20 23:30:00",KAREEYA3,0
D,DISPATCH,UNIT_SCADA,1,"2019/08/20 23:30:00",KAREEYA4,21.6125
D,DISPATCH,UNIT_SCADA,1,"2019/08/20 23:30:00",KARSF1,0
D,DISPATCH,UNIT_SCADA,1,"2019/08/20 23:30:00",KIATAWF1,30.60
D,DISPATCH,UNIT_SCADA,1,"2019/08/20 23:30:00",KPP_1,0
D,DISPATCH,UNIT_SCADA,1,"2019/08/20 23:30:00",KSP1,0
D,DISPATCH,UNIT_SCADA,1,"2019/08/20 23:30:00",LADBROK1,0
D,DISPATCH,UNIT_SCADA,1,"2019/08/20 23:30:00",LADBROK2,0
D,DISPATCH,UNIT_SCADA,1,"2019/08/20 23:30:00",LD01,416.5687
D,DISPATCH,UNIT_SCADA,1,"2019/08/20 23:30:00",LD02,417.899960
D,DISPATCH,UNIT_SCADA,1,"2019/08/20 23:30:00",LD03,420.675020
D,DISPATCH,UNIT_SCADA,1,"2019/08/20 23:30:00",LD04,377.100040
D,DISPATCH,UNIT_SCADA,1,"2019/08/20 23:30:00",LEM_WIL,85.732550
D,DISPATCH,UNIT_SCADA,1,"2019/08/20 23:30:00",LGAPWF1,15.11
D,DISPATCH,UNIT_SCADA,1,"2019/08/20 23:30:00",LILYSF1,0
D,DISPATCH,UNIT_SCADA,1,"2019/08/20 23:30:00",LI_WY_CA,149.898510
D,DISPATCH,UNIT_SCADA,1,"2019/08/20 23:30:00",LKBONNY2,113.913280
D,DISPATCH,UNIT_SCADA,1,"2019/08/20 23:30:00",LKBONNY3,28.1343
D,DISPATCH,UNIT_SCADA,1,"2019/08/20 23:30:00",LK_ECHO,0
D,DISPATCH,UNIT_SCADA,1,"2019/08/20 23:30:00",LNGS1,0
D,DISPATCH,UNIT_SCADA,1,"2019/08/20 23:30:00",LNGS2,0
D,DISPATCH,UNIT_SCADA,1,"2019/08/20 23:30:00",LONSDALE,0
D,DISPATCH,UNIT_SCADA,1,"2019/08/20 23:30:00",LOYYB1,536.088620
D,DISPATCH,UNIT_SCADA,1,"2019/08/20 23:30:00",LOYYB2,581.954410
D,DISPATCH,UNIT_SCADA,1,"2019/08/20 23:30:00",LYA1,521
D,DISPATCH,UNIT_SCADA,1,"2019/08/20 23:30:00",LYA2,0
D,DISPATCH,UNIT_SCADA,1,"2019/08/20 23:30:00",LYA3,562
D,DISPATCH,UNIT_SCADA,1,"2019/08/20 23:30:00",LYA4,541
D,DISPATCH,UNIT_SCADA,1,"2019/08/20 23:30:00",MACARTH1,329.3924
D,DISPATCH,UNIT_SCADA,1,"2019/08/20 23:30:00",MACKAYGT,0
D,DISPATCH,UNIT_SCADA,1,"2019/08/20 23:30:00",MACKNTSH,85.600010
D,DISPATCH,UNIT_SCADA,1,"2019/08/20 23:30:00",MANSLR1,0
D,DISPATCH,UNIT_SCADA,1,"2019/08/20 23:30:00",MCKAY1,0.02
D,DISPATCH,UNIT_SCADA,1,"2019/08/20 23:30:00",MEADOWBK,34.067360
D,DISPATCH,UNIT_SCADA,1,"2019/08/20 23:30:00",MERCER01,128.5220
D,DISPATCH,UNIT_SCADA,1,"2019/08/20 23:30:00",MEWF1,75.6777
D,DISPATCH,UNIT_SCADA,1,"2019/08/20 23:30:00",MINTARO,0
D,DISPATCH,UNIT_SCADA,1,"2019/08/20 23:30:00",MOREESF1,0
D,DISPATCH,UNIT_SCADA,1,"2019/08/20 23:30:00",MORTLK11,0
D,DISPATCH,UNIT_SCADA,1,"2019/08/20 23:30:00",MORTLK12,0
D,DISPATCH,UNIT_SCADA,1,"2019/08/20 23:30:00",MP1,279.3750
D,DISPATCH,UNIT_SCADA,1,"2019/08/20 23:30:00",MP2,0
D,DISPATCH,UNIT_SCADA,1,"2019/08/20 23:30:00",MPP_1,396.75
D,DISPATCH,UNIT_SCADA,1,"2019/08/20 23:30:00",MPP_2,425.50
D,DISPATCH,UNIT_SCADA,1,"2019/08/20 23:30:00",MSTUART1,0
D,DISPATCH,UNIT_SCADA,1,"2019/08/20 23:30:00",MSTUART2,0
D,DISPATCH,UNIT_SCADA,1,"2019/08/20 23:30:00",MSTUART3,0
D,DISPATCH,UNIT_SCADA,1,"2019/08/20 23:30:00",MTGELWF1,64.601580
D,DISPATCH,UNIT_SCADA,1,"2019/08/20 23:30:00",MURRAY,0
D,DISPATCH,UNIT_SCADA,1,"2019/08/20 23:30:00",MUSSELR1,166.099990
D,DISPATCH,UNIT_SCADA,1,"2019/08/20 23:30:00",MUWAWF1,45.26
D,DISPATCH,UNIT_SCADA,1,"2019/08/20 23:30:00",NBHWF1,85
D,DISPATCH,UNIT_SCADA,1,"2019/08/20 23:30:00",NPS,0
D,DISPATCH,UNIT_SCADA,1,"2019/08/20 23:30:00",NUMURSF1,0
D,DISPATCH,UNIT_SCADA,1,"2019/08/20 23:30:00",NYNGAN1,0
D,DISPATCH,UNIT_SCADA,1,"2019/08/20 23:30:00",OAKEY1,0
D,DISPATCH,UNIT_SCADA,1,"2019/08/20 23:30:00",OAKEY1SF,0.0380
D,DISPATCH,UNIT_SCADA,1,"2019/08/20 23:30:00",OAKEY2,0
D,DISPATCH,UNIT_SCADA,1,"2019/08/20 23:30:00",OAKLAND1,62.30
D,DISPATCH,UNIT_SCADA,1,"2019/08/20 23:30:00",OSB-AG,0
D,DISPATCH,UNIT_SCADA,1,"2019/08/20 23:30:00",PARSF1,0
D,DISPATCH,UNIT_SCADA,1,"2019/08/20 23:30:00",POAT110,0
D,DISPATCH,UNIT_SCADA,1,"2019/08/20 23:30:00",POAT220,3.25
D,DISPATCH,UNIT_SCADA,1,"2019/08/20 23:30:00",POR01,0
D,DISPATCH,UNIT_SCADA,1,"2019/08/20 23:30:00",POR03,0
D,DISPATCH,UNIT_SCADA,1,"2019/08/20 23:30:00",PPCCGT,175.565520
D,DISPATCH,UNIT_SCADA,1,"2019/08/20 23:30:00",PTSTAN1,0
D,DISPATCH,UNIT_SCADA,1,"2019/08/20 23:30:00",PUMP1,0
D,DISPATCH,UNIT_SCADA,1,"2019/08/20 23:30:00",PUMP2,0
D,DISPATCH,UNIT_SCADA,1,"2019/08/20 23:30:00",QPS1,0
D,DISPATCH,UNIT_SCADA,1,"2019/08/20 23:30:00",QPS2,0
D,DISPATCH,UNIT_SCADA,1,"2019/08/20 23:30:00",QPS3,0
D,DISPATCH,UNIT_SCADA,1,"2019/08/20 23:30:00",QPS4,0
D,DISPATCH,UNIT_SCADA,1,"2019/08/20 23:30:00",QPS5,0
D,DISPATCH,UNIT_SCADA,1,"2019/08/20 23:30:00",REECE1,118.100010
D,DISPATCH,UNIT_SCADA,1,"2019/08/20 23:30:00",REECE2,118.050010
D,DISPATCH,UNIT_SCADA,1,"2019/08/20 23:30:00",ROMA_7,0
D,DISPATCH,UNIT_SCADA,1,"2019/08/20 23:30:00",ROMA_8,0
D,DISPATCH,UNIT_SCADA,1,"2019/08/20 23:30:00",RRSF1,0
D,DISPATCH,UNIT_SCADA,1,"2019/08/20 23:30:00",RT_NSW1,0
D,DISPATCH,UNIT_SCADA,1,"2019/08/20 23:30:00",RT_NSW2,0
D,DISPATCH,UNIT_SCADA,1,"2019/08/20 23:30:00",RT_NSW3,0
D,DISPATCH,UNIT_SCADA,1,"2019/08/20 23:30:00",RT_NSW4,0
D,DISPATCH,UNIT_SCADA,1,"2019/08/20 23:30:00",RT_NSW5,0
D,DISPATCH,UNIT_SCADA,1,"2019/08/20 23:30:00",RT_NSW6,0
D,DISPATCH,UNIT_SCADA,1,"2019/08/20 23:30:00",RT_QLD1,0
D,DISPATCH,UNIT_SCADA,1,"2019/08/20 23:30:00",RT_SA1,0
D,DISPATCH,UNIT_SCADA,1,"2019/08/20 23:30:00",RT_SA2,0
D,DISPATCH,UNIT_SCADA,1,"2019/08/20 23:30:00",RT_SA3,0
D,DISPATCH,UNIT_SCADA,1,"2019/08/20 23:30:00",RT_SA4,0
D,DISPATCH,UNIT_SCADA,1,"2019/08/20 23:30:00",RT_SA5,0
D,DISPATCH,UNIT_SCADA,1,"2019/08/20 23:30:00",RT_SA6,0
D,DISPATCH,UNIT_SCADA,1,"2019/08/20 23:30:00",RT_TAS1,0
D,DISPATCH,UNIT_SCADA,1,"2019/08/20 23:30:00",RT_VIC1,0
D,DISPATCH,UNIT_SCADA,1,"2019/08/20 23:30:00",RT_VIC10,0
D,DISPATCH,UNIT_SCADA,1,"2019/08/20 23:30:00",RT_VIC11,0
D,DISPATCH,UNIT_SCADA,1,"2019/08/20 23:30:00",RT_VIC12,0
D,DISPATCH,UNIT_SCADA,1,"2019/08/20 23:30:00",RT_VIC2,0
D,DISPATCH,UNIT_SCADA,1,"2019/08/20 23:30:00",RT_VIC3,0
D,DISPATCH,UNIT_SCADA,1,"2019/08/20 23:30:00",RT_VIC4,0
D,DISPATCH,UNIT_SCADA,1,"2019/08/20 23:30:00",RT_VIC5,0
D,DISPATCH,UNIT_SCADA,1,"2019/08/20 23:30:00",RT_VIC6,0
D,DISPATCH,UNIT_SCADA,1,"2019/08/20 23:30:00",RT_VIC7,0
D,DISPATCH,UNIT_SCADA,1,"2019/08/20 23:30:00",RT_VIC8,0
D,DISPATCH,UNIT_SCADA,1,"2019/08/20 23:30:00",RT_VIC9,0
D,DISPATCH,UNIT_SCADA,1,"2019/08/20 23:30:00",RUGBYR1,0
D,DISPATCH,UNIT_SCADA,1,"2019/08/20 23:30:00",SALTCRK1,51.32
D,DISPATCH,UNIT_SCADA,1,"2019/08/20 23:30:00",SAPHWF1,157.162510
D,DISPATCH,UNIT_SCADA,1,"2019/08/20 23:30:00",SHGEN,0
D,DISPATCH,UNIT_SCADA,1,"2019/08/20 23:30:00",SHPUMP,0
D,DISPATCH,UNIT_SCADA,1,"2019/08/20 23:30:00",SITHE01,0.123710
D,DISPATCH,UNIT_SCADA,1,"2019/08/20 23:30:00",SMCSF1,0
D,DISPATCH,UNIT_SCADA,1,"2019/08/20 23:30:00",SNOWNTH1,66.80
D,DISPATCH,UNIT_SCADA,1,"2019/08/20 23:30:00",SNOWSTH1,88.20
D,DISPATCH,UNIT_SCADA,1,"2019/08/20 23:30:00",SNOWTWN1,65.445790
D,DISPATCH,UNIT_SCADA,1,"2019/08/20 23:30:00",SNOWYP,0
D,DISPATCH,UNIT_SCADA,1,"2019/08/20 23:30:00",SNUG1,0.019440
D,DISPATCH,UNIT_SCADA,1,"2019/08/20 23:30:00",SRSF1,0.07
D,DISPATCH,UNIT_SCADA,1,"2019/08/20 23:30:00",STAN-1,0
D,DISPATCH,UNIT_SCADA,1,"2019/08/20 23:30:00",STAN-2,282.312040
D,DISPATCH,UNIT_SCADA,1,"2019/08/20 23:30:00",STAN-3,286.1702
D,DISPATCH,UNIT_SCADA,1,"2019/08/20 23:30:00",STAN-4,284.465420
D,DISPATCH,UNIT_SCADA,1,"2019/08/20 23:30:00",STWF1,176.489990
D,DISPATCH,UNIT_SCADA,1,"2019/08/20 23:30:00",SWAN_E,0
D,DISPATCH,UNIT_SCADA,1,"2019/08/20 23:30:00",TALWA1,300
D,DISPATCH,UNIT_SCADA,1,"2019/08/20 23:30:00",TARALGA1,97.6425
D,DISPATCH,UNIT_SCADA,1,"2019/08/20 23:30:00",TARONG#1,312.200010
D,DISPATCH,UNIT_SCADA,1,"2019/08/20 23:30:00",TARONG#2,149.70
D,DISPATCH,UNIT_SCADA,1,"2019/08/20 23:30:00",TARONG#3,259.399990
D,DISPATCH,UNIT_SCADA,1,"2019/08/20 23:30:00",TARONG#4,309.899990
D,DISPATCH,UNIT_SCADA,1,"2019/08/20 23:30:00",TARRALEA,85
D,DISPATCH,UNIT_SCADA,1,"2019/08/20 23:30:00",TBSF1,-0.20
D,DISPATCH,UNIT_SCADA,1,"2019/08/20 23:30:00",TNPS1,441.700010
D,DISPATCH,UNIT_SCADA,1,"2019/08/20 23:30:00",TORRA1,39.4114
D,DISPATCH,UNIT_SCADA,1,"2019/08/20 23:30:00",TORRA2,0
D,DISPATCH,UNIT_SCADA,1,"2019/08/20 23:30:00",TORRA3,0
D,DISPATCH,UNIT_SCADA,1,"2019/08/20 23:30:00",TORRA4,0
D,DISPATCH,UNIT_SCADA,1,"2019/08/20 23:30:00",TORRB1,39.11
D,DISPATCH,UNIT_SCADA,1,"2019/08/20 23:30:00",TORRB2,39.30
D,DISPATCH,UNIT_SCADA,1,"2019/08/20 23:30:00",TORRB3,0
D,DISPATCH,UNIT_SCADA,1,"2019/08/20 23:30:00",TORRB4,0
D,DISPATCH,UNIT_SCADA,1,"2019/08/20 23:30:00",TREVALLN,2
D,DISPATCH,UNIT_SCADA,1,"2019/08/20 23:30:00",TRIBUTE,84.91
D,DISPATCH,UNIT_SCADA,1,"2019/08/20 23:30:00",TUMUT3,0
D,DISPATCH,UNIT_SCADA,1,"2019/08/20 23:30:00",TUNGATIN,124.320020
D,DISPATCH,UNIT_SCADA,1,"2019/08/20 23:30:00",TVCC201,0
D,DISPATCH,UNIT_SCADA,1,"2019/08/20 23:30:00",TVPP104,0
D,DISPATCH,UNIT_SCADA,1,"2019/08/20 23:30:00",UPPTUMUT,0
D,DISPATCH,UNIT_SCADA,1,"2019/08/20 23:30:00",URANQ11,0
D,DISPATCH,UNIT_SCADA,1,"2019/08/20 23:30:00",URANQ12,0
D,DISPATCH,UNIT_SCADA,1,"2019/08/20 23:30:00",URANQ13,0
D,DISPATCH,UNIT_SCADA,1,"2019/08/20 23:30:00",URANQ14,0
D,DISPATCH,UNIT_SCADA,1,"2019/08/20 23:30:00",VP5,399.075010
D,DISPATCH,UNIT_SCADA,1,"2019/08/20 23:30:00",VP6,394.3750
D,DISPATCH,UNIT_SCADA,1,"2019/08/20 23:30:00",VPGS1,0
D,DISPATCH,UNIT_SCADA,1,"2019/08/20 23:30:00",VPGS2,0
D,DISPATCH,UNIT_SCADA,1,"2019/08/20 23:30:00",VPGS3,0
D,DISPATCH,UNIT_SCADA,1,"2019/08/20 23:30:00",VPGS4,0
D,DISPATCH,UNIT_SCADA,1,"2019/08/20 23:30:00",VPGS5,0
D,DISPATCH,UNIT_SCADA,1,"2019/08/20 23:30:00",VPGS6,0
D,DISPATCH,UNIT_SCADA,1,"2019/08/20 23:30:00",W/HOE#1,0
D,DISPATCH,UNIT_SCADA,1,"2019/08/20 23:30:00",W/HOE#2,0
D,DISPATCH,UNIT_SCADA,1,"2019/08/20 23:30:00",WATERLWF,93
D,DISPATCH,UNIT_SCADA,1,"2019/08/20 23:30:00",WEMENSF1,0
D,DISPATCH,UNIT_SCADA,1,"2019/08/20 23:30:00",WGWF1,86.10
D,DISPATCH,UNIT_SCADA,1,"2019/08/20 23:30:00",WHITSF1,0
D,DISPATCH,UNIT_SCADA,1,"2019/08/20 23:30:00",WKIEWA1,14.70
D,DISPATCH,UNIT_SCADA,1,"2019/08/20 23:30:00",WKIEWA2,0.10
D,DISPATCH,UNIT_SCADA,1,"2019/08/20 23:30:00",WOODLWN1,30.7710
D,DISPATCH,UNIT_SCADA,1,"2019/08/20 23:30:00",WRSF1,0
D,DISPATCH,UNIT_SCADA,1,"2019/08/20 23:30:00",WRWF1,136.847520
D,DISPATCH,UNIT_SCADA,1,"2019/08/20 23:30:00",YABULU,0
D,DISPATCH,UNIT_SCADA,1,"2019/08/20 23:30:00",YABULU2,0
D,DISPATCH,UNIT_SCADA,1,"2019/08/20 23:30:00",YARWUN_1,0
D,DISPATCH,UNIT_SCADA,1,"2019/08/20 23:30:00",YENDWF1,42.27
D,DISPATCH,UNIT_SCADA,1,"2019/08/20 23:30:00",YWPS1,380.200010
D,DISPATCH,UNIT_SCADA,1,"2019/08/20 23:30:00",YWPS2,277.189880
D,DISPATCH,UNIT_SCADA,1,"2019/08/20 23:30:00",YWPS3,0
D,DISPATCH,UNIT_SCADA,1,"2019/08/20 23:30:00",YWPS4,393.826570
C,"END OF REPORT",334
