C,NEMP.WORLD,DISPATCHSCADA,AEMO,PUBLIC,2019/09/05,17:05:07,0000000312430231,DISPATCHSCADA,0000000312430225
I,DISPATCH,UNIT_SCADA,1,SETTLEMENTDATE,DUID,SCADAVALUE
D,DISPATCH,UNIT_SCADA,1,"2019/09/05 17:10:00",BARCSF1,6.40
D,DISPATCH,UNIT_SCADA,1,"2019/09/05 17:10:00",BUTLERSG,10.199999
D,DISPATCH,UNIT_SCADA,1,"2019/09/05 17:10:00",CALL_A_4,0
D,DISPATCH,UNIT_SCADA,1,"2019/09/05 17:10:00",CAPTL_WF,0
D,DISPATCH,UNIT_SCADA,1,"2019/09/05 17:10:00",CATHROCK,34.07
D,DISPATCH,UNIT_SCADA,1,"2019/09/05 17:10:00",CHALLHWF,9.70
D,DISPATCH,UNIT_SCADA,1,"2019/09/05 17:10:00",CLOVER,-0.01
D,DISPATCH,UNIT_SCADA,1,"2019/09/05 17:10:00",CLUNY,18.183107
D,DISPATCH,UNIT_SCADA,1,"2019/09/05 17:10:00",CNUNDAWF,14.617052
D,DISPATCH,UNIT_SCADA,1,"2019/09/05 17:10:00",CULLRGWF,-0.05
D,DISPATCH,UNIT_SCADA,1,"2019/09/05 17:10:00",ERGT01,0
D,DISPATCH,UNIT_SCADA,1,"2019/09/05 17:10:00",GB01,0.008808
D,DISPATCH,UNIT_SCADA,1,"2019/09/05 17:10:00",GERMCRK,36
D,DISPATCH,UNIT_SCADA,1,"2019/09/05 17:10:00",GRIFSF1,10.199997
D,DISPATCH,UNIT_SCADA,1,"2019/09/05 17:10:00",HUGSF1,5.3320
D,DISPATCH,UNIT_SCADA,1,"2019/09/05 17:10:00",LKBONNY1,23.488363
D,DISPATCH,UNIT_SCADA,1,"2019/09/05 17:10:00",LRSF1,8.433001
D,DISPATCH,UNIT_SCADA,1,"2019/09/05 17:10:00",MBAHNTH,48.300003
D,DISPATCH,UNIT_SCADA,1,"2019/09/05 17:10:00",MLSP1,0.860001
D,DISPATCH,UNIT_SCADA,1,"2019/09/05 17:10:00",MLWF1,4.2450
D,DISPATCH,UNIT_SCADA,1,"2019/09/05 17:10:00",MTMILLAR,32.057171
D,DISPATCH,UNIT_SCADA,1,"2019/09/05 17:10:00",PALOONA,25.599998
D,DISPATCH,UNIT_SCADA,1,"2019/09/05 17:10:00",PIONEER,26
D,DISPATCH,UNIT_SCADA,1,"2019/09/05 17:10:00",PORTWF,52.799999
D,DISPATCH,UNIT_SCADA,1,"2019/09/05 17:10:00",REPULSE,28.993973
D,DISPATCH,UNIT_SCADA,1,"2019/09/05 17:10:00",ROWALLAN,10.3518
D,DISPATCH,UNIT_SCADA,1,"2019/09/05 17:10:00",ROYALLA1,1.0780
D,DISPATCH,UNIT_SCADA,1,"2019/09/05 17:10:00",RPCG,10.30
D,DISPATCH,UNIT_SCADA,1,"2019/09/05 17:10:00",RUBICON,0
D,DISPATCH,UNIT_SCADA,1,"2019/09/05 17:10:00",SATGN1,0
D,DISPATCH,UNIT_SCADA,1,"2019/09/05 17:10:00",SATGS1,0
D,DISPATCH,UNIT_SCADA,1,"2019/09/05 17:10:00",STARHLWF,31.290876
D,DISPATCH,UNIT_SCADA,1,"2019/09/05 17:10:00",WAUBRAWF,73.1660
D,DISPATCH,UNIT_SCADA,1,"2019/09/05 17:10:00",WOOLNTH1,60.090019
D,DISPATCH,UNIT_SCADA,1,"2019/09/05 17:10:00",WPWF,62
D,DISPATCH,UNIT_SCADA,1,"2019/09/05 17:10:00",YAMBUKWF,4.60
D,DISPATCH,UNIT_SCADA,1,"2019/09/05 17:10:00",YSWF1,0.10
D,DISPATCH,UNIT_SCADA,1,"2019/09/05 17:10:00",AGLHAL,0
D,DISPATCH,UNIT_SCADA,1,"2019/09/05 17:10:00",AGLSOM,-1.70
D,DISPATCH,UNIT_SCADA,1,"2019/09/05 17:10:00",ANGAST1,0
D,DISPATCH,UNIT_SCADA,1,"2019/09/05 17:10:00",ARWF1,43.60
D,DISPATCH,UNIT_SCADA,1,"2019/09/05 17:10:00",BALBG1,16.52
D,DISPATCH,UNIT_SCADA,1,"2019/09/05 17:10:00",BALBL1,0
D,DISPATCH,UNIT_SCADA,1,"2019/09/05 17:10:00",BALDHWF1,77.8020
D,DISPATCH,UNIT_SCADA,1,"2019/09/05 17:10:00",BANN1,25.42
D,DISPATCH,UNIT_SCADA,1,"2019/09/05 17:10:00",BARCALDN,0
D,DISPATCH,UNIT_SCADA,1,"2019/09/05 17:10:00",BARRON-1,34.40
D,DISPATCH,UNIT_SCADA,1,"2019/09/05 17:10:00",BARRON-2,0
D,DISPATCH,UNIT_SCADA,1,"2019/09/05 17:10:00",BASTYAN,81.05
D,DISPATCH,UNIT_SCADA,1,"2019/09/05 17:10:00",BBTHREE1,0
D,DISPATCH,UNIT_SCADA,1,"2019/09/05 17:10:00",BBTHREE2,0
D,DISPATCH,UNIT_SCADA,1,"2019/09/05 17:10:00",BBTHREE3,0
D,DISPATCH,UNIT_SCADA,1,"2019/09/05 17:10:00",BDL01,17.10
D,DISPATCH,UNIT_SCADA,1,"2019/09/05 17:10:00",BDL02,20.04
D,DISPATCH,UNIT_SCADA,1,"2019/09/05 17:10:00",BERYLSF1,11.160470
D,DISPATCH,UNIT_SCADA,1,"2019/09/05 17:10:00",BLOWERNG,15.40
D,DISPATCH,UNIT_SCADA,1,"2019/09/05 17:10:00",BLUFF1,28.60
D,DISPATCH,UNIT_SCADA,1,"2019/09/05 17:10:00",BNGSF1,68.88
D,DISPATCH,UNIT_SCADA,1,"2019/09/05 17:10:00",BNGSF2,20
D,DISPATCH,UNIT_SCADA,1,"2019/09/05 17:10:00",BOCORWF1,41.84
D,DISPATCH,UNIT_SCADA,1,"2019/09/05 17:10:00",BODWF1,29.6116
D,DISPATCH,UNIT_SCADA,1,"2019/09/05 17:10:00",BRAEMAR1,0
D,DISPATCH,UNIT_SCADA,1,"2019/09/05 17:10:00",BRAEMAR2,145
D,DISPATCH,UNIT_SCADA,1,"2019/09/05 17:10:00",BRAEMAR3,151.400010
D,DISPATCH,UNIT_SCADA,1,"2019/09/05 17:10:00",BRAEMAR5,140.188320
D,DISPATCH,UNIT_SCADA,1,"2019/09/05 17:10:00",BRAEMAR6,0
D,DISPATCH,UNIT_SCADA,1,"2019/09/05 17:10:00",BRAEMAR7,139.211440
D,DISPATCH,UNIT_SCADA,1,"2019/09/05 17:10:00",BROKENH1,17.202640
D,DISPATCH,UNIT_SCADA,1,"2019/09/05 17:10:00",BW01,560.925050
D,DISPATCH,UNIT_SCADA,1,"2019/09/05 17:10:00",BW02,656.074950
D,DISPATCH,UNIT_SCADA,1,"2019/09/05 17:10:00",BW03,641.425050
D,DISPATCH,UNIT_SCADA,1,"2019/09/05 17:10:00",BW04,0
D,DISPATCH,UNIT_SCADA,1,"2019/09/05 17:10:00",CALL_B_1,333.399990
D,DISPATCH,UNIT_SCADA,1,"2019/09/05 17:10:00",CALL_B_2,282.800020
D,DISPATCH,UNIT_SCADA,1,"2019/09/05 17:10:00",CETHANA,97.2265
D,DISPATCH,UNIT_SCADA,1,"2019/09/05 17:10:00",CG1,0
D,DISPATCH,UNIT_SCADA,1,"2019/09/05 17:10:00",CG2,0
D,DISPATCH,UNIT_SCADA,1,"2019/09/05 17:10:00",CG3,0
D,DISPATCH,UNIT_SCADA,1,"2019/09/05 17:10:00",CG4,0
D,DISPATCH,UNIT_SCADA,1,"2019/09/05 17:10:00",CHILDSF1,6.63
D,DISPATCH,UNIT_SCADA,1,"2019/09/05 17:10:00",CLARESF1,18.239490
D,DISPATCH,UNIT_SCADA,1,"2019/09/05 17:10:00",CLEMGPWF,27.877550
D,DISPATCH,UNIT_SCADA,1,"2019/09/05 17:10:00",CLERMSF1,14.35
D,DISPATCH,UNIT_SCADA,1,"2019/09/05 17:10:00",COLEASF1,43.70
D,DISPATCH,UNIT_SCADA,1,"2019/09/05 17:10:00",COOPGWF1,3.344130
D,DISPATCH,UNIT_SCADA,1,"2019/09/05 17:10:00",CPP_3,407.274990
D,DISPATCH,UNIT_SCADA,1,"2019/09/05 17:10:00",CPP_4,407.274990
D,DISPATCH,UNIT_SCADA,1,"2019/09/05 17:10:00",CPSA,91.441250
D,DISPATCH,UNIT_SCADA,1,"2019/09/05 17:10:00",CROOKWF2,0
D,DISPATCH,UNIT_SCADA,1,"2019/09/05 17:10:00",CROWLWF1,6.0073
D,DISPATCH,UNIT_SCADA,1,"2019/09/05 17:10:00",CSPVPS1,6.2140
D,DISPATCH,UNIT_SCADA,1,"2019/09/05 17:10:00",DALNTH01,0
D,DISPATCH,UNIT_SCADA,1,"2019/09/05 17:10:00",DALNTHL1,0.083920
D,DISPATCH,UNIT_SCADA,1,"2019/09/05 17:10:00",DARTM1,133.20
D,DISPATCH,UNIT_SCADA,1,"2019/09/05 17:10:00",DAYDSF1,59.3540
D,DISPATCH,UNIT_SCADA,1,"2019/09/05 17:10:00",DDPS1,490.530880
D,DISPATCH,UNIT_SCADA,1,"2019/09/05 17:10:00",DDSF1,12.226560
D,DISPATCH,UNIT_SCADA,1,"2019/09/05 17:10:00",DEVILS_G,63.624990
D,DISPATCH,UNIT_SCADA,1,"2019/09/05 17:10:00",DG_NSW1,0
D,DISPATCH,UNIT_SCADA,1,"2019/09/05 17:10:00",DG_QLD1,0
D,DISPATCH,UNIT_SCADA,1,"2019/09/05 17:10:00",DG_SA1,0
D,DISPATCH,UNIT_SCADA,1,"2019/09/05 17:10:00",DG_TAS1,0
D,DISPATCH,UNIT_SCADA,1,"2019/09/05 17:10:00",DG_VIC1,0
D,DISPATCH,UNIT_SCADA,1,"2019/09/05 17:10:00",DRYCGT1,0
D,DISPATCH,UNIT_SCADA,1,"2019/09/05 17:10:00",DRYCGT2,0
D,DISPATCH,UNIT_SCADA,1,"2019/09/05 17:10:00",DRYCGT3,0
D,DISPATCH,UNIT_SCADA,1,"2019/09/05 17:10:00",EILDON1,0
D,DISPATCH,UNIT_SCADA,1,"2019/09/05 17:10:00",EILDON2,0
D,DISPATCH,UNIT_SCADA,1,"2019/09/05 17:10:00",EMERASF1,20.43
D,DISPATCH,UNIT_SCADA,1,"2019/09/05 17:10:00",ER01,567.949950
D,DISPATCH,UNIT_SCADA,1,"2019/09/05 17:10:00",ER02,364.824950
D,DISPATCH,UNIT_SCADA,1,"2019/09/05 17:10:00",ER03,0
D,DISPATCH,UNIT_SCADA,1,"2019/09/05 17:10:00",ER04,673.550050
D,DISPATCH,UNIT_SCADA,1,"2019/09/05 17:10:00",FINLYSF1,14.262510
D,DISPATCH,UNIT_SCADA,1,"2019/09/05 17:10:00",FISHER,45.96
D,DISPATCH,UNIT_SCADA,1,"2019/09/05 17:10:00",GANNBG1,14.2009
D,DISPATCH,UNIT_SCADA,1,"2019/09/05 17:10:00",GANNBL1,0
D,DISPATCH,UNIT_SCADA,1,"2019/09/05 17:10:00",GANNSF1,21.50
D,DISPATCH,UNIT_SCADA,1,"2019/09/05 17:10:00",GORDON,19.8604
D,DISPATCH,UNIT_SCADA,1,"2019/09/05 17:10:00",GSTONE1,186.20
D,DISPATCH,UNIT_SCADA,1,"2019/09/05 17:10:00",GSTONE2,177.6250
D,DISPATCH,UNIT_SCADA,1,"2019/09/05 17:10:00",GSTONE3,0
D,DISPATCH,UNIT_SCADA,1,"2019/09/05 17:10:00",GSTONE4,209.649990
D,DISPATCH,UNIT_SCADA,1,"2019/09/05 17:10:00",GSTONE5,186.20
D,DISPATCH,UNIT_SCADA,1,"2019/09/05 17:10:00",GSTONE6,185.6750
D,DISPATCH,UNIT_SCADA,1,"2019/09/05 17:10:00",GULLRSF1,0.614410
D,DISPATCH,UNIT_SCADA,1,"2019/09/05 17:10:00",GULLRWF1,0
D,DISPATCH,UNIT_SCADA,1,"2019/09/05 17:10:00",GUNNING1,-0.322610
D,DISPATCH,UNIT_SCADA,1,"2019/09/05 17:10:00",GUTHEGA,0
D,DISPATCH,UNIT_SCADA,1,"2019/09/05 17:10:00",HALLWF1,70
D,DISPATCH,UNIT_SCADA,1,"2019/09/05 17:10:00",HALLWF2,64.06
D,DISPATCH,UNIT_SCADA,1,"2019/09/05 17:10:00",HAMISF1,20.30
D,DISPATCH,UNIT_SCADA,1,"2019/09/05 17:10:00",HAUGHT11,51.800060
D,DISPATCH,UNIT_SCADA,1,"2019/09/05 17:10:00",HAYMSF1,19.8250
D,DISPATCH,UNIT_SCADA,1,"2019/09/05 17:10:00",HDWF1,36.20
D,DISPATCH,UNIT_SCADA,1,"2019/09/05 17:10:00",HDWF2,31.70
D,DISPATCH,UNIT_SCADA,1,"2019/09/05 17:10:00",HDWF3,35.90
D,DISPATCH,UNIT_SCADA,1,"2019/09/05 17:10:00",HPRG1,20.40
D,DISPATCH,UNIT_SCADA,1,"2019/09/05 17:10:00",HPRL1,0
D,DISPATCH,UNIT_SCADA,1,"2019/09/05 17:10:00",HUMENSW,0
D,DISPATCH,UNIT_SCADA,1,"2019/09/05 17:10:00",HUMEV,25.20
D,DISPATCH,UNIT_SCADA,1,"2019/09/05 17:10:00",HVGTS,0
D,DISPATCH,UNIT_SCADA,1,"2019/09/05 17:10:00",JBUTTERS,17.60
D,DISPATCH,UNIT_SCADA,1,"2019/09/05 17:10:00",JLA01,0.10
D,DISPATCH,UNIT_SCADA,1,"2019/09/05 17:10:00",JLA02,0
D,DISPATCH,UNIT_SCADA,1,"2019/09/05 17:10:00",JLA03,0
D,DISPATCH,UNIT_SCADA,1,"2019/09/05 17:10:00",JLA04,0
D,DISPATCH,UNIT_SCADA,1,"2019/09/05 17:10:00",JLB01,0
D,DISPATCH,UNIT_SCADA,1,"2019/09/05 17:10:00",JLB02,57.50
D,DISPATCH,UNIT_SCADA,1,"2019/09/05 17:10:00",JLB03,57
D,DISPATCH,UNIT_SCADA,1,"2019/09/05 17:10:00",KAREEYA1,21.5750
D,DISPATCH,UNIT_SCADA,1,"2019/09/05 17:10:00",KAREEYA2,21.6850
D,DISPATCH,UNIT_SCADA,1,"2019/09/05 17:10:00",KAREEYA3,0
D,DISPATCH,UNIT_SCADA,1,"2019/09/05 17:10:00",KAREEYA4,21.5925
D,DISPATCH,UNIT_SCADA,1,"2019/09/05 17:10:00",KARSF1,39.60
D,DISPATCH,UNIT_SCADA,1,"2019/09/05 17:10:00",KIATAWF1,17.10
D,DISPATCH,UNIT_SCADA,1,"2019/09/05 17:10:00",KPP_1,0
D,DISPATCH,UNIT_SCADA,1,"2019/09/05 17:10:00",KSP1,31.37
D,DISPATCH,UNIT_SCADA,1,"2019/09/05 17:10:00",LADBROK1,0
D,DISPATCH,UNIT_SCADA,1,"2019/09/05 17:10:00",LADBROK2,0
D,DISPATCH,UNIT_SCADA,1,"2019/09/05 17:10:00",LD01,424.893770
D,DISPATCH,UNIT_SCADA,1,"2019/09/05 17:10:00",LD02,400.256290
D,DISPATCH,UNIT_SCADA,1,"2019/09/05 17:10:00",LD03,422.043730
D,DISPATCH,UNIT_SCADA,1,"2019/09/05 17:10:00",LD04,378.843750
D,DISPATCH,UNIT_SCADA,1,"2019/09/05 17:10:00",LEM_WIL,85.122950
D,DISPATCH,UNIT_SCADA,1,"2019/09/05 17:10:00",LGAPWF1,6.03
D,DISPATCH,UNIT_SCADA,1,"2019/09/05 17:10:00",LILYSF1,22.544380
D,DISPATCH,UNIT_SCADA,1,"2019/09/05 17:10:00",LI_WY_CA,132.984880
D,DISPATCH,UNIT_SCADA,1,"2019/09/05 17:10:00",LKBONNY2,58.156380
D,DISPATCH,UNIT_SCADA,1,"2019/09/05 17:10:00",LKBONNY3,18.365440
D,DISPATCH,UNIT_SCADA,1,"2019/09/05 17:10:00",LK_ECHO,0
D,DISPATCH,UNIT_SCADA,1,"2019/09/05 17:10:00",LNGS1,0
D,DISPATCH,UNIT_SCADA,1,"2019/09/05 17:10:00",LNGS2,0
D,DISPATCH,UNIT_SCADA,1,"2019/09/05 17:10:00",LONSDALE,0
D,DISPATCH,UNIT_SCADA,1,"2019/09/05 17:10:00",LOYYB1,537.968380
D,DISPATCH,UNIT_SCADA,1,"2019/09/05 17:10:00",LOYYB2,583.458250
D,DISPATCH,UNIT_SCADA,1,"2019/09/05 17:10:00",LYA1,0
D,DISPATCH,UNIT_SCADA,1,"2019/09/05 17:10:00",LYA2,0
D,DISPATCH,UNIT_SCADA,1,"2019/09/05 17:10:00",LYA3,558
D,DISPATCH,UNIT_SCADA,1,"2019/09/05 17:10:00",LYA4,540
D,DISPATCH,UNIT_SCADA,1,"2019/09/05 17:10:00",MACARTH1,60.898590
D,DISPATCH,UNIT_SCADA,1,"2019/09/05 17:10:00",MACKAYGT,0.2240
D,DISPATCH,UNIT_SCADA,1,"2019/09/05 17:10:00",MACKNTSH,88.860010
D,DISPATCH,UNIT_SCADA,1,"2019/09/05 17:10:00",MANSLR1,11.7930
D,DISPATCH,UNIT_SCADA,1,"2019/09/05 17:10:00",MCKAY1,-0.0350
D,DISPATCH,UNIT_SCADA,1,"2019/09/05 17:10:00",MEADOWBK,33.8673
D,DISPATCH,UNIT_SCADA,1,"2019/09/05 17:10:00",MERCER01,10.2690
D,DISPATCH,UNIT_SCADA,1,"2019/09/05 17:10:00",MEWF1,31.358980
D,DISPATCH,UNIT_SCADA,1,"2019/09/05 17:10:00",MINTARO,0
D,DISPATCH,UNIT_SCADA,1,"2019/09/05 17:10:00",MOREESF1,14.6620
D,DISPATCH,UNIT_SCADA,1,"2019/09/05 17:10:00",MORTLK11,260
D,DISPATCH,UNIT_SCADA,1,"2019/09/05 17:10:00",MORTLK12,0
D,DISPATCH,UNIT_SCADA,1,"2019/09/05 17:10:00",MP1,216.800050
D,DISPATCH,UNIT_SCADA,1,"2019/09/05 17:10:00",MP2,0
D,DISPATCH,UNIT_SCADA,1,"2019/09/05 17:10:00",MPP_1,405
D,DISPATCH,UNIT_SCADA,1,"2019/09/05 17:10:00",MPP_2,434.75
D,DISPATCH,UNIT_SCADA,1,"2019/09/05 17:10:00",MSTUART1,0
D,DISPATCH,UNIT_SCADA,1,"2019/09/05 17:10:00",MSTUART2,0
D,DISPATCH,UNIT_SCADA,1,"2019/09/05 17:10:00",MSTUART3,0
D,DISPATCH,UNIT_SCADA,1,"2019/09/05 17:10:00",MTGELWF1,43.708610
D,DISPATCH,UNIT_SCADA,1,"2019/09/05 17:10:00",MURRAY,0
D,DISPATCH,UNIT_SCADA,1,"2019/09/05 17:10:00",MUSSELR1,18.60
D,DISPATCH,UNIT_SCADA,1,"2019/09/05 17:10:00",MUWAWF1,17.31
D,DISPATCH,UNIT_SCADA,1,"2019/09/05 17:10:00",NBHWF1,76.50
D,DISPATCH,UNIT_SCADA,1,"2019/09/05 17:10:00",NPS,299.6250
D,DISPATCH,UNIT_SCADA,1,"2019/09/05 17:10:00",NUMURSF1,6.72
D,DISPATCH,UNIT_SCADA,1,"2019/09/05 17:10:00",NYNGAN1,16.50
D,DISPATCH,UNIT_SCADA,1,"2019/09/05 17:10:00",OAKEY1,0
D,DISPATCH,UNIT_SCADA,1,"2019/09/05 17:10:00",OAKEY1SF,4.5120
D,DISPATCH,UNIT_SCADA,1,"2019/09/05 17:10:00",OAKEY2,0
D,DISPATCH,UNIT_SCADA,1,"2019/09/05 17:10:00",OAKEY2SF,0
D,DISPATCH,UNIT_SCADA,1,"2019/09/05 17:10:00",OAKLAND1,56.60
D,DISPATCH,UNIT_SCADA,1,"2019/09/05 17:10:00",OSB-AG,140.490010
D,DISPATCH,UNIT_SCADA,1,"2019/09/05 17:10:00",PARSF1,18.60
D,DISPATCH,UNIT_SCADA,1,"2019/09/05 17:10:00",POAT110,0
D,DISPATCH,UNIT_SCADA,1,"2019/09/05 17:10:00",POAT220,0
D,DISPATCH,UNIT_SCADA,1,"2019/09/05 17:10:00",POR01,0
D,DISPATCH,UNIT_SCADA,1,"2019/09/05 17:10:00",POR03,0
D,DISPATCH,UNIT_SCADA,1,"2019/09/05 17:10:00",PPCCGT,209.120760
D,DISPATCH,UNIT_SCADA,1,"2019/09/05 17:10:00",PTSTAN1,0
D,DISPATCH,UNIT_SCADA,1,"2019/09/05 17:10:00",PUMP1,0
D,DISPATCH,UNIT_SCADA,1,"2019/09/05 17:10:00",PUMP2,0
D,DISPATCH,UNIT_SCADA,1,"2019/09/05 17:10:00",QPS1,0
D,DISPATCH,UNIT_SCADA,1,"2019/09/05 17:10:00",QPS2,0
D,DISPATCH,UNIT_SCADA,1,"2019/09/05 17:10:00",QPS3,0
D,DISPATCH,UNIT_SCADA,1,"2019/09/05 17:10:00",QPS4,0
D,DISPATCH,UNIT_SCADA,1,"2019/09/05 17:10:00",QPS5,0
D,DISPATCH,UNIT_SCADA,1,"2019/09/05 17:10:00",REECE1,117.330010
D,DISPATCH,UNIT_SCADA,1,"2019/09/05 17:10:00",REECE2,117.480010
D,DISPATCH,UNIT_SCADA,1,"2019/09/05 17:10:00",ROMA_7,0
D,DISPATCH,UNIT_SCADA,1,"2019/09/05 17:10:00",ROMA_8,0
D,DISPATCH,UNIT_SCADA,1,"2019/09/05 17:10:00",RRSF1,39.031620
D,DISPATCH,UNIT_SCADA,1,"2019/09/05 17:10:00",RT_NSW1,0
D,DISPATCH,UNIT_SCADA,1,"2019/09/05 17:10:00",RT_NSW2,0
D,DISPATCH,UNIT_SCADA,1,"2019/09/05 17:10:00",RT_NSW3,0
D,DISPATCH,UNIT_SCADA,1,"2019/09/05 17:10:00",RT_NSW4,0
D,DISPATCH,UNIT_SCADA,1,"2019/09/05 17:10:00",RT_NSW5,0
D,DISPATCH,UNIT_SCADA,1,"2019/09/05 17:10:00",RT_NSW6,0
D,DISPATCH,UNIT_SCADA,1,"2019/09/05 17:10:00",RT_QLD1,0
D,DISPATCH,UNIT_SCADA,1,"2019/09/05 17:10:00",RT_SA1,0
D,DISPATCH,UNIT_SCADA,1,"2019/09/05 17:10:00",RT_SA2,0
D,DISPATCH,UNIT_SCADA,1,"2019/09/05 17:10:00",RT_SA3,0
D,DISPATCH,UNIT_SCADA,1,"2019/09/05 17:10:00",RT_SA4,0
D,DISPATCH,UNIT_SCADA,1,"2019/09/05 17:10:00",RT_SA5,0
D,DISPATCH,UNIT_SCADA,1,"2019/09/05 17:10:00",RT_SA6,0
D,DISPATCH,UNIT_SCADA,1,"2019/09/05 17:10:00",RT_TAS1,0
D,DISPATCH,UNIT_SCADA,1,"2019/09/05 17:10:00",RT_VIC1,0
D,DISPATCH,UNIT_SCADA,1,"2019/09/05 17:10:00",RT_VIC10,0
D,DISPATCH,UNIT_SCADA,1,"2019/09/05 17:10:00",RT_VIC11,0
D,DISPATCH,UNIT_SCADA,1,"2019/09/05 17:10:00",RT_VIC12,0
D,DISPATCH,UNIT_SCADA,1,"2019/09/05 17:10:00",RT_VIC2,0
D,DISPATCH,UNIT_SCADA,1,"2019/09/05 17:10:00",RT_VIC3,0
D,DISPATCH,UNIT_SCADA,1,"2019/09/05 17:10:00",RT_VIC4,0
D,DISPATCH,UNIT_SCADA,1,"2019/09/05 17:10:00",RT_VIC5,0
D,DISPATCH,UNIT_SCADA,1,"2019/09/05 17:10:00",RT_VIC6,0
D,DISPATCH,UNIT_SCADA,1,"2019/09/05 17:10:00",RT_VIC7,0
D,DISPATCH,UNIT_SCADA,1,"2019/09/05 17:10:00",RT_VIC8,0
D,DISPATCH,UNIT_SCADA,1,"2019/09/05 17:10:00",RT_VIC9,0
D,DISPATCH,UNIT_SCADA,1,"2019/09/05 17:10:00",RUGBYR1,29.195260
D,DISPATCH,UNIT_SCADA,1,"2019/09/05 17:10:00",SALTCRK1,26.60
D,DISPATCH,UNIT_SCADA,1,"2019/09/05 17:10:00",SAPHWF1,66.450010
D,DISPATCH,UNIT_SCADA,1,"2019/09/05 17:10:00",SHGEN,0
D,DISPATCH,UNIT_SCADA,1,"2019/09/05 17:10:00",SHPUMP,0
D,DISPATCH,UNIT_SCADA,1,"2019/09/05 17:10:00",SITHE01,0.214140
D,DISPATCH,UNIT_SCADA,1,"2019/09/05 17:10:00",SMCSF1,16.028650
D,DISPATCH,UNIT_SCADA,1,"2019/09/05 17:10:00",SNOWNTH1,53.50
D,DISPATCH,UNIT_SCADA,1,"2019/09/05 17:10:00",SNOWSTH1,75.60
D,DISPATCH,UNIT_SCADA,1,"2019/09/05 17:10:00",SNOWTWN1,45.234910
D,DISPATCH,UNIT_SCADA,1,"2019/09/05 17:10:00",SNOWYP,0
D,DISPATCH,UNIT_SCADA,1,"2019/09/05 17:10:00",SNUG1,0.019440
D,DISPATCH,UNIT_SCADA,1,"2019/09/05 17:10:00",SRSF1,6.63
D,DISPATCH,UNIT_SCADA,1,"2019/09/05 17:10:00",STAN-1,336.954320
D,DISPATCH,UNIT_SCADA,1,"2019/09/05 17:10:00",STAN-2,267.674130
D,DISPATCH,UNIT_SCADA,1,"2019/09/05 17:10:00",STAN-3,238.7187
D,DISPATCH,UNIT_SCADA,1,"2019/09/05 17:10:00",STAN-4,235.770610
D,DISPATCH,UNIT_SCADA,1,"2019/09/05 17:10:00",STWF1,0
D,DISPATCH,UNIT_SCADA,1,"2019/09/05 17:10:00",SWAN_E,0
D,DISPATCH,UNIT_SCADA,1,"2019/09/05 17:10:00",TALWA1,413
D,DISPATCH,UNIT_SCADA,1,"2019/09/05 17:10:00",TARALGA1,0
D,DISPATCH,UNIT_SCADA,1,"2019/09/05 17:10:00",TARONG#1,350.300020
D,DISPATCH,UNIT_SCADA,1,"2019/09/05 17:10:00",TARONG#2,0
D,DISPATCH,UNIT_SCADA,1,"2019/09/05 17:10:00",TARONG#3,349.399990
D,DISPATCH,UNIT_SCADA,1,"2019/09/05 17:10:00",TARONG#4,348.800020
D,DISPATCH,UNIT_SCADA,1,"2019/09/05 17:10:00",TARRALEA,74.10
D,DISPATCH,UNIT_SCADA,1,"2019/09/05 17:10:00",TBSF1,0
D,DISPATCH,UNIT_SCADA,1,"2019/09/05 17:10:00",TNPS1,379.000030
D,DISPATCH,UNIT_SCADA,1,"2019/09/05 17:10:00",TORRA1,75.787560
D,DISPATCH,UNIT_SCADA,1,"2019/09/05 17:10:00",TORRA2,0
D,DISPATCH,UNIT_SCADA,1,"2019/09/05 17:10:00",TORRA3,0
D,DISPATCH,UNIT_SCADA,1,"2019/09/05 17:10:00",TORRA4,71.297290
D,DISPATCH,UNIT_SCADA,1,"2019/09/05 17:10:00",TORRB1,67.88
D,DISPATCH,UNIT_SCADA,1,"2019/09/05 17:10:00",TORRB2,66.17
D,DISPATCH,UNIT_SCADA,1,"2019/09/05 17:10:00",TORRB3,68.98
D,DISPATCH,UNIT_SCADA,1,"2019/09/05 17:10:00",TORRB4,0
D,DISPATCH,UNIT_SCADA,1,"2019/09/05 17:10:00",TREVALLN,90.340030
D,DISPATCH,UNIT_SCADA,1,"2019/09/05 17:10:00",TRIBUTE,0
D,DISPATCH,UNIT_SCADA,1,"2019/09/05 17:10:00",TUMUT3,45.30
D,DISPATCH,UNIT_SCADA,1,"2019/09/05 17:10:00",TUNGATIN,35.170030
D,DISPATCH,UNIT_SCADA,1,"2019/09/05 17:10:00",TVCC201,0
D,DISPATCH,UNIT_SCADA,1,"2019/09/05 17:10:00",TVPP104,0
D,DISPATCH,UNIT_SCADA,1,"2019/09/05 17:10:00",UPPTUMUT,512.059140
D,DISPATCH,UNIT_SCADA,1,"2019/09/05 17:10:00",URANQ11,124.831240
D,DISPATCH,UNIT_SCADA,1,"2019/09/05 17:10:00",URANQ12,124.887480
D,DISPATCH,UNIT_SCADA,1,"2019/09/05 17:10:00",URANQ13,124.6875
D,DISPATCH,UNIT_SCADA,1,"2019/09/05 17:10:00",URANQ14,0
D,DISPATCH,UNIT_SCADA,1,"2019/09/05 17:10:00",VP5,520.450010
D,DISPATCH,UNIT_SCADA,1,"2019/09/05 17:10:00",VP6,0
D,DISPATCH,UNIT_SCADA,1,"2019/09/05 17:10:00",VPGS1,0
D,DISPATCH,UNIT_SCADA,1,"2019/09/05 17:10:00",VPGS2,0
D,DISPATCH,UNIT_SCADA,1,"2019/09/05 17:10:00",VPGS3,0
D,DISPATCH,UNIT_SCADA,1,"2019/09/05 17:10:00",VPGS4,0
D,DISPATCH,UNIT_SCADA,1,"2019/09/05 17:10:00",VPGS5,0
D,DISPATCH,UNIT_SCADA,1,"2019/09/05 17:10:00",VPGS6,0
D,DISPATCH,UNIT_SCADA,1,"2019/09/05 17:10:00",W/HOE#1,0
D,DISPATCH,UNIT_SCADA,1,"2019/09/05 17:10:00",W/HOE#2,0
D,DISPATCH,UNIT_SCADA,1,"2019/09/05 17:10:00",WATERLWF,113
D,DISPATCH,UNIT_SCADA,1,"2019/09/05 17:10:00",WEMENSF1,36.20
D,DISPATCH,UNIT_SCADA,1,"2019/09/05 17:10:00",WGWF1,59.10
D,DISPATCH,UNIT_SCADA,1,"2019/09/05 17:10:00",WHITSF1,17.90
D,DISPATCH,UNIT_SCADA,1,"2019/09/05 17:10:00",WKIEWA1,26
D,DISPATCH,UNIT_SCADA,1,"2019/09/05 17:10:00",WKIEWA2,0.10
D,DISPATCH,UNIT_SCADA,1,"2019/09/05 17:10:00",WOODLWN1,0
D,DISPATCH,UNIT_SCADA,1,"2019/09/05 17:10:00",WRSF1,1.73
D,DISPATCH,UNIT_SCADA,1,"2019/09/05 17:10:00",WRWF1,58.0975
D,DISPATCH,UNIT_SCADA,1,"2019/09/05 17:10:00",YABULU,83.430010
D,DISPATCH,UNIT_SCADA,1,"2019/09/05 17:10:00",YABULU2,0
D,DISPATCH,UNIT_SCADA,1,"2019/09/05 17:10:00",YARWUN_1,149.599990
D,DISPATCH,UNIT_SCADA,1,"2019/09/05 17:10:00",YENDWF1,4.55
D,DISPATCH,UNIT_SCADA,1,"2019/09/05 17:10:00",YWPS1,382.455690
D,DISPATCH,UNIT_SCADA,1,"2019/09/05 17:10:00",YWPS2,283.956970
D,DISPATCH,UNIT_SCADA,1,"2019/09/05 17:10:00",YWPS3,332.289890
D,DISPATCH,UNIT_SCADA,1,"2019/09/05 17:10:00",YWPS4,398.625310
C,"END OF REPORT",335
