C,NEMP.WORLD,DISPATCHSCADA,AEMO,PUBLIC,2019/08/20,22:30:07,0000000311803021,DISPATCHSCADA,0000000311803015
I,DISPATCH,UNIT_SCADA,1,SETTLEMENTDATE,DUID,SCADAVALUE
D,DISPATCH,UNIT_SCADA,1,"2019/08/20 22:35:00",BARCSF1,0.50
D,DISPATCH,UNIT_SCADA,1,"2019/08/20 22:35:00",BUTLERSG,9.699999
D,DISPATCH,UNIT_SCADA,1,"2019/08/20 22:35:00",CALL_A_4,0
D,DISPATCH,UNIT_SCADA,1,"2019/08/20 22:35:00",CAPTL_WF,133.039993
D,DISPATCH,UNIT_SCADA,1,"2019/08/20 22:35:00",CATHROCK,48.869999
D,DISPATCH,UNIT_SCADA,1,"2019/08/20 22:35:00",CHALLHWF,34.699997
D,DISPATCH,UNIT_SCADA,1,"2019/08/20 22:35:00",CLOVER,-0.01
D,DISPATCH,UNIT_SCADA,1,"2019/08/20 22:35:00",CLUNY,20.392309
D,DISPATCH,UNIT_SCADA,1,"2019/08/20 22:35:00",CNUNDAWF,41.148003
D,DISPATCH,UNIT_SCADA,1,"2019/08/20 22:35:00",CULLRGWF,30.290001
D,DISPATCH,UNIT_SCADA,1,"2019/08/20 22:35:00",ERGT01,0
D,DISPATCH,UNIT_SCADA,1,"2019/08/20 22:35:00",GB01,0.068787
D,DISPATCH,UNIT_SCADA,1,"2019/08/20 22:35:00",GERMCRK,38.599998
D,DISPATCH,UNIT_SCADA,1,"2019/08/20 22:35:00",GRIFSF1,0
D,DISPATCH,UNIT_SCADA,1,"2019/08/20 22:35:00",HUGSF1,-0.2040
D,DISPATCH,UNIT_SCADA,1,"2019/08/20 22:35:00",LKBONNY1,75.287796
D,DISPATCH,UNIT_SCADA,1,"2019/08/20 22:35:00",LRSF1,0.0290
D,DISPATCH,UNIT_SCADA,1,"2019/08/20 22:35:00",MBAHNTH,56.043747
D,DISPATCH,UNIT_SCADA,1,"2019/08/20 22:35:00",MLSP1,0.283001
D,DISPATCH,UNIT_SCADA,1,"2019/08/20 22:35:00",MLWF1,18.735001
D,DISPATCH,UNIT_SCADA,1,"2019/08/20 22:35:00",MTMILLAR,20.634756
D,DISPATCH,UNIT_SCADA,1,"2019/08/20 22:35:00",PALOONA,23.84
D,DISPATCH,UNIT_SCADA,1,"2019/08/20 22:35:00",PIONEER,33.600002
D,DISPATCH,UNIT_SCADA,1,"2019/08/20 22:35:00",PORTWF,136.800003
D,DISPATCH,UNIT_SCADA,1,"2019/08/20 22:35:00",REPULSE,28.986649
D,DISPATCH,UNIT_SCADA,1,"2019/08/20 22:35:00",ROWALLAN,10.1388
D,DISPATCH,UNIT_SCADA,1,"2019/08/20 22:35:00",ROYALLA1,0
D,DISPATCH,UNIT_SCADA,1,"2019/08/20 22:35:00",RPCG,12.60
D,DISPATCH,UNIT_SCADA,1,"2019/08/20 22:35:00",RUBICON,0
D,DISPATCH,UNIT_SCADA,1,"2019/08/20 22:35:00",SATGN1,0
D,DISPATCH,UNIT_SCADA,1,"2019/08/20 22:35:00",SATGS1,0
D,DISPATCH,UNIT_SCADA,1,"2019/08/20 22:35:00",STARHLWF,7.397843
D,DISPATCH,UNIT_SCADA,1,"2019/08/20 22:35:00",WAUBRAWF,148.899994
D,DISPATCH,UNIT_SCADA,1,"2019/08/20 22:35:00",WOOLNTH1,101.050018
D,DISPATCH,UNIT_SCADA,1,"2019/08/20 22:35:00",WPWF,34
D,DISPATCH,UNIT_SCADA,1,"2019/08/20 22:35:00",YAMBUKWF,29.60
D,DISPATCH,UNIT_SCADA,1,"2019/08/20 22:35:00",YSWF1,28.299999
D,DISPATCH,UNIT_SCADA,1,"2019/08/20 22:35:00",AGLHAL,0
D,DISPATCH,UNIT_SCADA,1,"2019/08/20 22:35:00",AGLSOM,0
D,DISPATCH,UNIT_SCADA,1,"2019/08/20 22:35:00",ANGAST1,0
D,DISPATCH,UNIT_SCADA,1,"2019/08/20 22:35:00",ARWF1,46.20
D,DISPATCH,UNIT_SCADA,1,"2019/08/20 22:35:00",BALBG1,0
D,DISPATCH,UNIT_SCADA,1,"2019/08/20 22:35:00",BALBL1,0
D,DISPATCH,UNIT_SCADA,1,"2019/08/20 22:35:00",BALDHWF1,102.8170
D,DISPATCH,UNIT_SCADA,1,"2019/08/20 22:35:00",BANN1,0
D,DISPATCH,UNIT_SCADA,1,"2019/08/20 22:35:00",BARCALDN,0
D,DISPATCH,UNIT_SCADA,1,"2019/08/20 22:35:00",BARRON-1,0
D,DISPATCH,UNIT_SCADA,1,"2019/08/20 22:35:00",BARRON-2,28.04
D,DISPATCH,UNIT_SCADA,1,"2019/08/20 22:35:00",BASTYAN,79.87
D,DISPATCH,UNIT_SCADA,1,"2019/08/20 22:35:00",BBTHREE1,-1.91
D,DISPATCH,UNIT_SCADA,1,"2019/08/20 22:35:00",BBTHREE2,-1.93
D,DISPATCH,UNIT_SCADA,1,"2019/08/20 22:35:00",BBTHREE3,-1.01
D,DISPATCH,UNIT_SCADA,1,"2019/08/20 22:35:00",BDL01,0
D,DISPATCH,UNIT_SCADA,1,"2019/08/20 22:35:00",BDL02,0
D,DISPATCH,UNIT_SCADA,1,"2019/08/20 22:35:00",BERYLSF1,0
D,DISPATCH,UNIT_SCADA,1,"2019/08/20 22:35:00",BLOWERNG,0
D,DISPATCH,UNIT_SCADA,1,"2019/08/20 22:35:00",BLUFF1,45.40
D,DISPATCH,UNIT_SCADA,1,"2019/08/20 22:35:00",BNGSF1,0
D,DISPATCH,UNIT_SCADA,1,"2019/08/20 22:35:00",BNGSF2,0
D,DISPATCH,UNIT_SCADA,1,"2019/08/20 22:35:00",BOCORWF1,90.63
D,DISPATCH,UNIT_SCADA,1,"2019/08/20 22:35:00",BODWF1,45.0122
D,DISPATCH,UNIT_SCADA,1,"2019/08/20 22:35:00",BRAEMAR1,0
D,DISPATCH,UNIT_SCADA,1,"2019/08/20 22:35:00",BRAEMAR2,0
D,DISPATCH,UNIT_SCADA,1,"2019/08/20 22:35:00",BRAEMAR3,0
D,DISPATCH,UNIT_SCADA,1,"2019/08/20 22:35:00",BRAEMAR5,0
D,DISPATCH,UNIT_SCADA,1,"2019/08/20 22:35:00",BRAEMAR6,0
D,DISPATCH,UNIT_SCADA,1,"2019/08/20 22:35:00",BRAEMAR7,0
D,DISPATCH,UNIT_SCADA,1,"2019/08/20 22:35:00",BROKENH1,0
D,DISPATCH,UNIT_SCADA,1,"2019/08/20 22:35:00",BW01,610.550050
D,DISPATCH,UNIT_SCADA,1,"2019/08/20 22:35:00",BW02,613.25
D,DISPATCH,UNIT_SCADA,1,"2019/08/20 22:35:00",BW03,609.2749
D,DISPATCH,UNIT_SCADA,1,"2019/08/20 22:35:00",BW04,0
D,DISPATCH,UNIT_SCADA,1,"2019/08/20 22:35:00",CALL_B_1,349.200010
D,DISPATCH,UNIT_SCADA,1,"2019/08/20 22:35:00",CALL_B_2,300
D,DISPATCH,UNIT_SCADA,1,"2019/08/20 22:35:00",CETHANA,96.927120
D,DISPATCH,UNIT_SCADA,1,"2019/08/20 22:35:00",CG1,0
D,DISPATCH,UNIT_SCADA,1,"2019/08/20 22:35:00",CG2,0
D,DISPATCH,UNIT_SCADA,1,"2019/08/20 22:35:00",CG3,0
D,DISPATCH,UNIT_SCADA,1,"2019/08/20 22:35:00",CG4,0
D,DISPATCH,UNIT_SCADA,1,"2019/08/20 22:35:00",CHILDSF1,0
D,DISPATCH,UNIT_SCADA,1,"2019/08/20 22:35:00",CLARESF1,0
D,DISPATCH,UNIT_SCADA,1,"2019/08/20 22:35:00",CLEMGPWF,39.763330
D,DISPATCH,UNIT_SCADA,1,"2019/08/20 22:35:00",CLERMSF1,0
D,DISPATCH,UNIT_SCADA,1,"2019/08/20 22:35:00",COLEASF1,0
D,DISPATCH,UNIT_SCADA,1,"2019/08/20 22:35:00",COOPGWF1,38.623620
D,DISPATCH,UNIT_SCADA,1,"2019/08/20 22:35:00",CPP_3,394.350010
D,DISPATCH,UNIT_SCADA,1,"2019/08/20 22:35:00",CPP_4,396.825010
D,DISPATCH,UNIT_SCADA,1,"2019/08/20 22:35:00",CPSA,141.434370
D,DISPATCH,UNIT_SCADA,1,"2019/08/20 22:35:00",CROOKWF2,90.133750
D,DISPATCH,UNIT_SCADA,1,"2019/08/20 22:35:00",CROWLWF1,58.855420
D,DISPATCH,UNIT_SCADA,1,"2019/08/20 22:35:00",CSPVPS1,0
D,DISPATCH,UNIT_SCADA,1,"2019/08/20 22:35:00",DALNTH01,0
D,DISPATCH,UNIT_SCADA,1,"2019/08/20 22:35:00",DALNTHL1,0.071720
D,DISPATCH,UNIT_SCADA,1,"2019/08/20 22:35:00",DARTM1,134.20
D,DISPATCH,UNIT_SCADA,1,"2019/08/20 22:35:00",DAYDSF1,0
D,DISPATCH,UNIT_SCADA,1,"2019/08/20 22:35:00",DDPS1,0
D,DISPATCH,UNIT_SCADA,1,"2019/08/20 22:35:00",DDSF1,0
D,DISPATCH,UNIT_SCADA,1,"2019/08/20 22:35:00",DEVILS_G,60.233770
D,DISPATCH,UNIT_SCADA,1,"2019/08/20 22:35:00",DG_NSW1,0
D,DISPATCH,UNIT_SCADA,1,"2019/08/20 22:35:00",DG_QLD1,0
D,DISPATCH,UNIT_SCADA,1,"2019/08/20 22:35:00",DG_SA1,0
D,DISPATCH,UNIT_SCADA,1,"2019/08/20 22:35:00",DG_TAS1,0
D,DISPATCH,UNIT_SCADA,1,"2019/08/20 22:35:00",DG_VIC1,0
D,DISPATCH,UNIT_SCADA,1,"2019/08/20 22:35:00",DRYCGT1,0
D,DISPATCH,UNIT_SCADA,1,"2019/08/20 22:35:00",DRYCGT2,0
D,DISPATCH,UNIT_SCADA,1,"2019/08/20 22:35:00",DRYCGT3,0
D,DISPATCH,UNIT_SCADA,1,"2019/08/20 22:35:00",EILDON1,0
D,DISPATCH,UNIT_SCADA,1,"2019/08/20 22:35:00",EILDON2,0
D,DISPATCH,UNIT_SCADA,1,"2019/08/20 22:35:00",EMERASF1,0
D,DISPATCH,UNIT_SCADA,1,"2019/08/20 22:35:00",ER01,573.724980
D,DISPATCH,UNIT_SCADA,1,"2019/08/20 22:35:00",ER02,681.900020
D,DISPATCH,UNIT_SCADA,1,"2019/08/20 22:35:00",ER03,680.849980
D,DISPATCH,UNIT_SCADA,1,"2019/08/20 22:35:00",ER04,682.674930
D,DISPATCH,UNIT_SCADA,1,"2019/08/20 22:35:00",FINLYSF1,0
D,DISPATCH,UNIT_SCADA,1,"2019/08/20 22:35:00",FISHER,45.85
D,DISPATCH,UNIT_SCADA,1,"2019/08/20 22:35:00",GANNBG1,0
D,DISPATCH,UNIT_SCADA,1,"2019/08/20 22:35:00",GANNBL1,0.104720
D,DISPATCH,UNIT_SCADA,1,"2019/08/20 22:35:00",GANNSF1,0
D,DISPATCH,UNIT_SCADA,1,"2019/08/20 22:35:00",GORDON,0
D,DISPATCH,UNIT_SCADA,1,"2019/08/20 22:35:00",GSTONE1,171.849990
D,DISPATCH,UNIT_SCADA,1,"2019/08/20 22:35:00",GSTONE2,184.80
D,DISPATCH,UNIT_SCADA,1,"2019/08/20 22:35:00",GSTONE3,185.149990
D,DISPATCH,UNIT_SCADA,1,"2019/08/20 22:35:00",GSTONE4,173.599990
D,DISPATCH,UNIT_SCADA,1,"2019/08/20 22:35:00",GSTONE5,169.5750
D,DISPATCH,UNIT_SCADA,1,"2019/08/20 22:35:00",GSTONE6,0
D,DISPATCH,UNIT_SCADA,1,"2019/08/20 22:35:00",GULLRSF1,0
D,DISPATCH,UNIT_SCADA,1,"2019/08/20 22:35:00",GULLRWF1,159.421690
D,DISPATCH,UNIT_SCADA,1,"2019/08/20 22:35:00",GUNNING1,46.407170
D,DISPATCH,UNIT_SCADA,1,"2019/08/20 22:35:00",GUTHEGA,0
D,DISPATCH,UNIT_SCADA,1,"2019/08/20 22:35:00",HALLWF1,78.83
D,DISPATCH,UNIT_SCADA,1,"2019/08/20 22:35:00",HALLWF2,59.06
D,DISPATCH,UNIT_SCADA,1,"2019/08/20 22:35:00",HAMISF1,0
D,DISPATCH,UNIT_SCADA,1,"2019/08/20 22:35:00",HAUGHT11,0
D,DISPATCH,UNIT_SCADA,1,"2019/08/20 22:35:00",HAYMSF1,0
D,DISPATCH,UNIT_SCADA,1,"2019/08/20 22:35:00",HDWF1,83.80
D,DISPATCH,UNIT_SCADA,1,"2019/08/20 22:35:00",HDWF2,79.60
D,DISPATCH,UNIT_SCADA,1,"2019/08/20 22:35:00",HDWF3,85.90
D,DISPATCH,UNIT_SCADA,1,"2019/08/20 22:35:00",HPRG1,0
D,DISPATCH,UNIT_SCADA,1,"2019/08/20 22:35:00",HPRL1,10.10
D,DISPATCH,UNIT_SCADA,1,"2019/08/20 22:35:00",HUMENSW,0
D,DISPATCH,UNIT_SCADA,1,"2019/08/20 22:35:00",HUMEV,7.60
D,DISPATCH,UNIT_SCADA,1,"2019/08/20 22:35:00",HVGTS,0
D,DISPATCH,UNIT_SCADA,1,"2019/08/20 22:35:00",JBUTTERS,133.14
D,DISPATCH,UNIT_SCADA,1,"2019/08/20 22:35:00",JLA01,0.50
D,DISPATCH,UNIT_SCADA,1,"2019/08/20 22:35:00",JLA02,0
D,DISPATCH,UNIT_SCADA,1,"2019/08/20 22:35:00",JLA03,0.10
D,DISPATCH,UNIT_SCADA,1,"2019/08/20 22:35:00",JLA04,0.10
D,DISPATCH,UNIT_SCADA,1,"2019/08/20 22:35:00",JLB01,0
D,DISPATCH,UNIT_SCADA,1,"2019/08/20 22:35:00",JLB02,0.10
D,DISPATCH,UNIT_SCADA,1,"2019/08/20 22:35:00",JLB03,0
D,DISPATCH,UNIT_SCADA,1,"2019/08/20 22:35:00",KAREEYA1,21.4775
D,DISPATCH,UNIT_SCADA,1,"2019/08/20 22:35:00",KAREEYA2,21.80
D,DISPATCH,UNIT_SCADA,1,"2019/08/20 22:35:00",KAREEYA3,0
D,DISPATCH,UNIT_SCADA,1,"2019/08/20 22:35:00",KAREEYA4,21.7025
D,DISPATCH,UNIT_SCADA,1,"2019/08/20 22:35:00",KARSF1,0
D,DISPATCH,UNIT_SCADA,1,"2019/08/20 22:35:00",KIATAWF1,30.80
D,DISPATCH,UNIT_SCADA,1,"2019/08/20 22:35:00",KPP_1,0
D,DISPATCH,UNIT_SCADA,1,"2019/08/20 22:35:00",KSP1,0
D,DISPATCH,UNIT_SCADA,1,"2019/08/20 22:35:00",LADBROK1,0
D,DISPATCH,UNIT_SCADA,1,"2019/08/20 22:35:00",LADBROK2,0
D,DISPATCH,UNIT_SCADA,1,"2019/08/20 22:35:00",LD01,419.006290
D,DISPATCH,UNIT_SCADA,1,"2019/08/20 22:35:00",LD02,416.924990
D,DISPATCH,UNIT_SCADA,1,"2019/08/20 22:35:00",LD03,416.531250
D,DISPATCH,UNIT_SCADA,1,"2019/08/20 22:35:00",LD04,377.7562
D,DISPATCH,UNIT_SCADA,1,"2019/08/20 22:35:00",LEM_WIL,85.580150
D,DISPATCH,UNIT_SCADA,1,"2019/08/20 22:35:00",LGAPWF1,14.59
D,DISPATCH,UNIT_SCADA,1,"2019/08/20 22:35:00",LILYSF1,0
D,DISPATCH,UNIT_SCADA,1,"2019/08/20 22:35:00",LI_WY_CA,149.5309
D,DISPATCH,UNIT_SCADA,1,"2019/08/20 22:35:00",LKBONNY2,131.981630
D,DISPATCH,UNIT_SCADA,1,"2019/08/20 22:35:00",LKBONNY3,32.2093
D,DISPATCH,UNIT_SCADA,1,"2019/08/20 22:35:00",LK_ECHO,0
D,DISPATCH,UNIT_SCADA,1,"2019/08/20 22:35:00",LNGS1,0
D,DISPATCH,UNIT_SCADA,1,"2019/08/20 22:35:00",LNGS2,0
D,DISPATCH,UNIT_SCADA,1,"2019/08/20 22:35:00",LONSDALE,0
D,DISPATCH,UNIT_SCADA,1,"2019/08/20 22:35:00",LOYYB1,535.712650
D,DISPATCH,UNIT_SCADA,1,"2019/08/20 22:35:00",LOYYB2,580.074710
D,DISPATCH,UNIT_SCADA,1,"2019/08/20 22:35:00",LYA1,518
D,DISPATCH,UNIT_SCADA,1,"2019/08/20 22:35:00",LYA2,0
D,DISPATCH,UNIT_SCADA,1,"2019/08/20 22:35:00",LYA3,560
D,DISPATCH,UNIT_SCADA,1,"2019/08/20 22:35:00",LYA4,538
D,DISPATCH,UNIT_SCADA,1,"2019/08/20 22:35:00",MACARTH1,362.391630
D,DISPATCH,UNIT_SCADA,1,"2019/08/20 22:35:00",MACKAYGT,0
D,DISPATCH,UNIT_SCADA,1,"2019/08/20 22:35:00",MACKNTSH,85.040010
D,DISPATCH,UNIT_SCADA,1,"2019/08/20 22:35:00",MANSLR1,0
D,DISPATCH,UNIT_SCADA,1,"2019/08/20 22:35:00",MCKAY1,0.02
D,DISPATCH,UNIT_SCADA,1,"2019/08/20 22:35:00",MEADOWBK,33.810140
D,DISPATCH,UNIT_SCADA,1,"2019/08/20 22:35:00",MERCER01,129.1210
D,DISPATCH,UNIT_SCADA,1,"2019/08/20 22:35:00",MEWF1,56.553470
D,DISPATCH,UNIT_SCADA,1,"2019/08/20 22:35:00",MINTARO,0
D,DISPATCH,UNIT_SCADA,1,"2019/08/20 22:35:00",MOREESF1,0
D,DISPATCH,UNIT_SCADA,1,"2019/08/20 22:35:00",MORTLK11,114
D,DISPATCH,UNIT_SCADA,1,"2019/08/20 22:35:00",MORTLK12,0
D,DISPATCH,UNIT_SCADA,1,"2019/08/20 22:35:00",MP1,275.924930
D,DISPATCH,UNIT_SCADA,1,"2019/08/20 22:35:00",MP2,0
D,DISPATCH,UNIT_SCADA,1,"2019/08/20 22:35:00",MPP_1,394
D,DISPATCH,UNIT_SCADA,1,"2019/08/20 22:35:00",MPP_2,434.50
D,DISPATCH,UNIT_SCADA,1,"2019/08/20 22:35:00",MSTUART1,0
D,DISPATCH,UNIT_SCADA,1,"2019/08/20 22:35:00",MSTUART2,0
D,DISPATCH,UNIT_SCADA,1,"2019/08/20 22:35:00",MSTUART3,0
D,DISPATCH,UNIT_SCADA,1,"2019/08/20 22:35:00",MTGELWF1,64.574110
D,DISPATCH,UNIT_SCADA,1,"2019/08/20 22:35:00",MURRAY,0
D,DISPATCH,UNIT_SCADA,1,"2019/08/20 22:35:00",MUSSELR1,143.600010
D,DISPATCH,UNIT_SCADA,1,"2019/08/20 22:35:00",MUWAWF1,52.27
D,DISPATCH,UNIT_SCADA,1,"2019/08/20 22:35:00",NBHWF1,99
D,DISPATCH,UNIT_SCADA,1,"2019/08/20 22:35:00",NPS,0
D,DISPATCH,UNIT_SCADA,1,"2019/08/20 22:35:00",NUMURSF1,0
D,DISPATCH,UNIT_SCADA,1,"2019/08/20 22:35:00",NYNGAN1,0
D,DISPATCH,UNIT_SCADA,1,"2019/08/20 22:35:00",OAKEY1,0
D,DISPATCH,UNIT_SCADA,1,"2019/08/20 22:35:00",OAKEY1SF,0.0380
D,DISPATCH,UNIT_SCADA,1,"2019/08/20 22:35:00",OAKEY2,0
D,DISPATCH,UNIT_SCADA,1,"2019/08/20 22:35:00",OAKLAND1,62.20
D,DISPATCH,UNIT_SCADA,1,"2019/08/20 22:35:00",OSB-AG,0
D,DISPATCH,UNIT_SCADA,1,"2019/08/20 22:35:00",PARSF1,0
D,DISPATCH,UNIT_SCADA,1,"2019/08/20 22:35:00",POAT110,0
D,DISPATCH,UNIT_SCADA,1,"2019/08/20 22:35:00",POAT220,0.71
D,DISPATCH,UNIT_SCADA,1,"2019/08/20 22:35:00",POR01,0
D,DISPATCH,UNIT_SCADA,1,"2019/08/20 22:35:00",POR03,0
D,DISPATCH,UNIT_SCADA,1,"2019/08/20 22:35:00",PPCCGT,354.079380
D,DISPATCH,UNIT_SCADA,1,"2019/08/20 22:35:00",PTSTAN1,0
D,DISPATCH,UNIT_SCADA,1,"2019/08/20 22:35:00",PUMP1,0
D,DISPATCH,UNIT_SCADA,1,"2019/08/20 22:35:00",PUMP2,0
D,DISPATCH,UNIT_SCADA,1,"2019/08/20 22:35:00",QPS1,0
D,DISPATCH,UNIT_SCADA,1,"2019/08/20 22:35:00",QPS2,0
D,DISPATCH,UNIT_SCADA,1,"2019/08/20 22:35:00",QPS3,0
D,DISPATCH,UNIT_SCADA,1,"2019/08/20 22:35:00",QPS4,0
D,DISPATCH,UNIT_SCADA,1,"2019/08/20 22:35:00",QPS5,0
D,DISPATCH,UNIT_SCADA,1,"2019/08/20 22:35:00",REECE1,117.570010
D,DISPATCH,UNIT_SCADA,1,"2019/08/20 22:35:00",REECE2,117.210010
D,DISPATCH,UNIT_SCADA,1,"2019/08/20 22:35:00",ROMA_7,0
D,DISPATCH,UNIT_SCADA,1,"2019/08/20 22:35:00",ROMA_8,0
D,DISPATCH,UNIT_SCADA,1,"2019/08/20 22:35:00",RRSF1,0
D,DISPATCH,UNIT_SCADA,1,"2019/08/20 22:35:00",RT_NSW1,0
D,DISPATCH,UNIT_SCADA,1,"2019/08/20 22:35:00",RT_NSW2,0
D,DISPATCH,UNIT_SCADA,1,"2019/08/20 22:35:00",RT_NSW3,0
D,DISPATCH,UNIT_SCADA,1,"2019/08/20 22:35:00",RT_NSW4,0
D,DISPATCH,UNIT_SCADA,1,"2019/08/20 22:35:00",RT_NSW5,0
D,DISPATCH,UNIT_SCADA,1,"2019/08/20 22:35:00",RT_NSW6,0
D,DISPATCH,UNIT_SCADA,1,"2019/08/20 22:35:00",RT_QLD1,0
D,DISPATCH,UNIT_SCADA,1,"2019/08/20 22:35:00",RT_SA1,0
D,DISPATCH,UNIT_SCADA,1,"2019/08/20 22:35:00",RT_SA2,0
D,DISPATCH,UNIT_SCADA,1,"2019/08/20 22:35:00",RT_SA3,0
D,DISPATCH,UNIT_SCADA,1,"2019/08/20 22:35:00",RT_SA4,0
D,DISPATCH,UNIT_SCADA,1,"2019/08/20 22:35:00",RT_SA5,0
D,DISPATCH,UNIT_SCADA,1,"2019/08/20 22:35:00",RT_SA6,0
D,DISPATCH,UNIT_SCADA,1,"2019/08/20 22:35:00",RT_TAS1,0
D,DISPATCH,UNIT_SCADA,1,"2019/08/20 22:35:00",RT_VIC1,0
D,DISPATCH,UNIT_SCADA,1,"2019/08/20 22:35:00",RT_VIC10,0
D,DISPATCH,UNIT_SCADA,1,"2019/08/20 22:35:00",RT_VIC11,0
D,DISPATCH,UNIT_SCADA,1,"2019/08/20 22:35:00",RT_VIC12,0
D,DISPATCH,UNIT_SCADA,1,"2019/08/20 22:35:00",RT_VIC2,0
D,DISPATCH,UNIT_SCADA,1,"2019/08/20 22:35:00",RT_VIC3,0
D,DISPATCH,UNIT_SCADA,1,"2019/08/20 22:35:00",RT_VIC4,0
D,DISPATCH,UNIT_SCADA,1,"2019/08/20 22:35:00",RT_VIC5,0
D,DISPATCH,UNIT_SCADA,1,"2019/08/20 22:35:00",RT_VIC6,0
D,DISPATCH,UNIT_SCADA,1,"2019/08/20 22:35:00",RT_VIC7,0
D,DISPATCH,UNIT_SCADA,1,"2019/08/20 22:35:00",RT_VIC8,0
D,DISPATCH,UNIT_SCADA,1,"2019/08/20 22:35:00",RT_VIC9,0
D,DISPATCH,UNIT_SCADA,1,"2019/08/20 22:35:00",RUGBYR1,0
D,DISPATCH,UNIT_SCADA,1,"2019/08/20 22:35:00",SALTCRK1,49.90
D,DISPATCH,UNIT_SCADA,1,"2019/08/20 22:35:00",SAPHWF1,223.378110
D,DISPATCH,UNIT_SCADA,1,"2019/08/20 22:35:00",SHGEN,0
D,DISPATCH,UNIT_SCADA,1,"2019/08/20 22:35:00",SHPUMP,0
D,DISPATCH,UNIT_SCADA,1,"2019/08/20 22:35:00",SITHE01,0.043330
D,DISPATCH,UNIT_SCADA,1,"2019/08/20 22:35:00",SMCSF1,0
D,DISPATCH,UNIT_SCADA,1,"2019/08/20 22:35:00",SNOWNTH1,91.899990
D,DISPATCH,UNIT_SCADA,1,"2019/08/20 22:35:00",SNOWSTH1,94.50
D,DISPATCH,UNIT_SCADA,1,"2019/08/20 22:35:00",SNOWTWN1,73.6170
D,DISPATCH,UNIT_SCADA,1,"2019/08/20 22:35:00",SNOWYP,0
D,DISPATCH,UNIT_SCADA,1,"2019/08/20 22:35:00",SNUG1,0.019440
D,DISPATCH,UNIT_SCADA,1,"2019/08/20 22:35:00",SRSF1,0.07
D,DISPATCH,UNIT_SCADA,1,"2019/08/20 22:35:00",STAN-1,0
D,DISPATCH,UNIT_SCADA,1,"2019/08/20 22:35:00",STAN-2,277.0824
D,DISPATCH,UNIT_SCADA,1,"2019/08/20 22:35:00",STAN-3,274.506010
D,DISPATCH,UNIT_SCADA,1,"2019/08/20 22:35:00",STAN-4,277.812990
D,DISPATCH,UNIT_SCADA,1,"2019/08/20 22:35:00",STWF1,190.9575
D,DISPATCH,UNIT_SCADA,1,"2019/08/20 22:35:00",SWAN_E,0
D,DISPATCH,UNIT_SCADA,1,"2019/08/20 22:35:00",TALWA1,299
D,DISPATCH,UNIT_SCADA,1,"2019/08/20 22:35:00",TARALGA1,75.727510
D,DISPATCH,UNIT_SCADA,1,"2019/08/20 22:35:00",TARONG#1,291.50
D,DISPATCH,UNIT_SCADA,1,"2019/08/20 22:35:00",TARONG#2,258.600010
D,DISPATCH,UNIT_SCADA,1,"2019/08/20 22:35:00",TARONG#3,259.399990
D,DISPATCH,UNIT_SCADA,1,"2019/08/20 22:35:00",TARONG#4,293.399990
D,DISPATCH,UNIT_SCADA,1,"2019/08/20 22:35:00",TARRALEA,85.10
D,DISPATCH,UNIT_SCADA,1,"2019/08/20 22:35:00",TBSF1,-0.20
D,DISPATCH,UNIT_SCADA,1,"2019/08/20 22:35:00",TNPS1,441.700010
D,DISPATCH,UNIT_SCADA,1,"2019/08/20 22:35:00",TORRA1,46.976150
D,DISPATCH,UNIT_SCADA,1,"2019/08/20 22:35:00",TORRA2,0
D,DISPATCH,UNIT_SCADA,1,"2019/08/20 22:35:00",TORRA3,0
D,DISPATCH,UNIT_SCADA,1,"2019/08/20 22:35:00",TORRA4,0
D,DISPATCH,UNIT_SCADA,1,"2019/08/20 22:35:00",TORRB1,59.93
D,DISPATCH,UNIT_SCADA,1,"2019/08/20 22:35:00",TORRB2,60.49
D,DISPATCH,UNIT_SCADA,1,"2019/08/20 22:35:00",TORRB3,0
D,DISPATCH,UNIT_SCADA,1,"2019/08/20 22:35:00",TORRB4,0
D,DISPATCH,UNIT_SCADA,1,"2019/08/20 22:35:00",TREVALLN,18.10
D,DISPATCH,UNIT_SCADA,1,"2019/08/20 22:35:00",TRIBUTE,84.58
D,DISPATCH,UNIT_SCADA,1,"2019/08/20 22:35:00",TUMUT3,0
D,DISPATCH,UNIT_SCADA,1,"2019/08/20 22:35:00",TUNGATIN,121.520030
D,DISPATCH,UNIT_SCADA,1,"2019/08/20 22:35:00",TVCC201,0
D,DISPATCH,UNIT_SCADA,1,"2019/08/20 22:35:00",TVPP104,0
D,DISPATCH,UNIT_SCADA,1,"2019/08/20 22:35:00",UPPTUMUT,0
D,DISPATCH,UNIT_SCADA,1,"2019/08/20 22:35:00",URANQ11,0
D,DISPATCH,UNIT_SCADA,1,"2019/08/20 22:35:00",URANQ12,0
D,DISPATCH,UNIT_SCADA,1,"2019/08/20 22:35:00",URANQ13,0
D,DISPATCH,UNIT_SCADA,1,"2019/08/20 22:35:00",URANQ14,0
D,DISPATCH,UNIT_SCADA,1,"2019/08/20 22:35:00",VP5,396.300020
D,DISPATCH,UNIT_SCADA,1,"2019/08/20 22:35:00",VP6,404.075010
D,DISPATCH,UNIT_SCADA,1,"2019/08/20 22:35:00",VPGS1,0
D,DISPATCH,UNIT_SCADA,1,"2019/08/20 22:35:00",VPGS2,0
D,DISPATCH,UNIT_SCADA,1,"2019/08/20 22:35:00",VPGS3,0
D,DISPATCH,UNIT_SCADA,1,"2019/08/20 22:35:00",VPGS4,0
D,DISPATCH,UNIT_SCADA,1,"2019/08/20 22:35:00",VPGS5,0
D,DISPATCH,UNIT_SCADA,1,"2019/08/20 22:35:00",VPGS6,0
D,DISPATCH,UNIT_SCADA,1,"2019/08/20 22:35:00",W/HOE#1,0
D,DISPATCH,UNIT_SCADA,1,"2019/08/20 22:35:00",W/HOE#2,0
D,DISPATCH,UNIT_SCADA,1,"2019/08/20 22:35:00",WATERLWF,108.50
D,DISPATCH,UNIT_SCADA,1,"2019/08/20 22:35:00",WEMENSF1,0
D,DISPATCH,UNIT_SCADA,1,"2019/08/20 22:35:00",WGWF1,100.20
D,DISPATCH,UNIT_SCADA,1,"2019/08/20 22:35:00",WHITSF1,0
D,DISPATCH,UNIT_SCADA,1,"2019/08/20 22:35:00",WKIEWA1,16.70
D,DISPATCH,UNIT_SCADA,1,"2019/08/20 22:35:00",WKIEWA2,16.90
D,DISPATCH,UNIT_SCADA,1,"2019/08/20 22:35:00",WOODLWN1,44.9370
D,DISPATCH,UNIT_SCADA,1,"2019/08/20 22:35:00",WRSF1,0
D,DISPATCH,UNIT_SCADA,1,"2019/08/20 22:35:00",WRWF1,151.351260
D,DISPATCH,UNIT_SCADA,1,"2019/08/20 22:35:00",YABULU,0
D,DISPATCH,UNIT_SCADA,1,"2019/08/20 22:35:00",YABULU2,0
D,DISPATCH,UNIT_SCADA,1,"2019/08/20 22:35:00",YARWUN_1,0
D,DISPATCH,UNIT_SCADA,1,"2019/08/20 22:35:00",YENDWF1,42.29
D,DISPATCH,UNIT_SCADA,1,"2019/08/20 22:35:00",YWPS1,379.197480
D,DISPATCH,UNIT_SCADA,1,"2019/08/20 22:35:00",YWPS2,277.941770
D,DISPATCH,UNIT_SCADA,1,"2019/08/20 22:35:00",YWPS3,0
D,DISPATCH,UNIT_SCADA,1,"2019/08/20 22:35:00",YWPS4,394.673430
C,"END OF REPORT",334
