C,NEMP.WORLD,DISPATCHSCADA,AEMO,PUBLIC,2019/08/21,05:25:09,0000000311813602,DISPATCHSCADA,0000000311813596
I,DISPATCH,UNIT_SCADA,1,SETTLEMENTDATE,DUID,SCADAVALUE
D,DISPATCH,UNIT_SCADA,1,"2019/08/21 05:30:00",BARCSF1,0.50
D,DISPATCH,UNIT_SCADA,1,"2019/08/21 05:30:00",BUTLERSG,9.699999
D,DISPATCH,UNIT_SCADA,1,"2019/08/21 05:30:00",CALL_A_4,0
D,DISPATCH,UNIT_SCADA,1,"2019/08/21 05:30:00",CAPTL_WF,122.807999
D,DISPATCH,UNIT_SCADA,1,"2019/08/21 05:30:00",CATHROCK,42.009998
D,DISPATCH,UNIT_SCADA,1,"2019/08/21 05:30:00",CHALLHWF,40.700001
D,DISPATCH,UNIT_SCADA,1,"2019/08/21 05:30:00",CLOVER,0
D,DISPATCH,UNIT_SCADA,1,"2019/08/21 05:30:00",CLUNY,20.402380
D,DISPATCH,UNIT_SCADA,1,"2019/08/21 05:30:00",CNUNDAWF,39.345901
D,DISPATCH,UNIT_SCADA,1,"2019/08/21 05:30:00",CULLRGWF,28.290001
D,DISPATCH,UNIT_SCADA,1,"2019/08/21 05:30:00",ERGT01,0
D,DISPATCH,UNIT_SCADA,1,"2019/08/21 05:30:00",GB01,0.060360
D,DISPATCH,UNIT_SCADA,1,"2019/08/21 05:30:00",GERMCRK,39.700001
D,DISPATCH,UNIT_SCADA,1,"2019/08/21 05:30:00",GRIFSF1,0
D,DISPATCH,UNIT_SCADA,1,"2019/08/21 05:30:00",HUGSF1,-0.2040
D,DISPATCH,UNIT_SCADA,1,"2019/08/21 05:30:00",LKBONNY1,71.983345
D,DISPATCH,UNIT_SCADA,1,"2019/08/21 05:30:00",LRSF1,0.0290
D,DISPATCH,UNIT_SCADA,1,"2019/08/21 05:30:00",MBAHNTH,55.856247
D,DISPATCH,UNIT_SCADA,1,"2019/08/21 05:30:00",MLSP1,0.283001
D,DISPATCH,UNIT_SCADA,1,"2019/08/21 05:30:00",MLWF1,19.049999
D,DISPATCH,UNIT_SCADA,1,"2019/08/21 05:30:00",MTMILLAR,26.171093
D,DISPATCH,UNIT_SCADA,1,"2019/08/21 05:30:00",PALOONA,27.289999
D,DISPATCH,UNIT_SCADA,1,"2019/08/21 05:30:00",PIONEER,36.900002
D,DISPATCH,UNIT_SCADA,1,"2019/08/21 05:30:00",PORTWF,136
D,DISPATCH,UNIT_SCADA,1,"2019/08/21 05:30:00",REPULSE,29.228352
D,DISPATCH,UNIT_SCADA,1,"2019/08/21 05:30:00",ROWALLAN,10.131701
D,DISPATCH,UNIT_SCADA,1,"2019/08/21 05:30:00",ROYALLA1,0
D,DISPATCH,UNIT_SCADA,1,"2019/08/21 05:30:00",RPCG,11.20
D,DISPATCH,UNIT_SCADA,1,"2019/08/21 05:30:00",RUBICON,0
D,DISPATCH,UNIT_SCADA,1,"2019/08/21 05:30:00",SATGN1,0
D,DISPATCH,UNIT_SCADA,1,"2019/08/21 05:30:00",SATGS1,0
D,DISPATCH,UNIT_SCADA,1,"2019/08/21 05:30:00",STARHLWF,5.598368
D,DISPATCH,UNIT_SCADA,1,"2019/08/21 05:30:00",WAUBRAWF,177.746994
D,DISPATCH,UNIT_SCADA,1,"2019/08/21 05:30:00",WOOLNTH1,58.640022
D,DISPATCH,UNIT_SCADA,1,"2019/08/21 05:30:00",WPWF,34
D,DISPATCH,UNIT_SCADA,1,"2019/08/21 05:30:00",YAMBUKWF,29.700001
D,DISPATCH,UNIT_SCADA,1,"2019/08/21 05:30:00",YSWF1,28.799999
D,DISPATCH,UNIT_SCADA,1,"2019/08/21 05:30:00",AGLHAL,0
D,DISPATCH,UNIT_SCADA,1,"2019/08/21 05:30:00",AGLSOM,0
D,DISPATCH,UNIT_SCADA,1,"2019/08/21 05:30:00",ANGAST1,0
D,DISPATCH,UNIT_SCADA,1,"2019/08/21 05:30:00",ARWF1,115.30
D,DISPATCH,UNIT_SCADA,1,"2019/08/21 05:30:00",BALBG1,0
D,DISPATCH,UNIT_SCADA,1,"2019/08/21 05:30:00",BALBL1,2.16
D,DISPATCH,UNIT_SCADA,1,"2019/08/21 05:30:00",BALDHWF1,42.1520
D,DISPATCH,UNIT_SCADA,1,"2019/08/21 05:30:00",BANN1,0
D,DISPATCH,UNIT_SCADA,1,"2019/08/21 05:30:00",BARCALDN,0
D,DISPATCH,UNIT_SCADA,1,"2019/08/21 05:30:00",BARRON-1,0
D,DISPATCH,UNIT_SCADA,1,"2019/08/21 05:30:00",BARRON-2,0
D,DISPATCH,UNIT_SCADA,1,"2019/08/21 05:30:00",BASTYAN,79.420010
D,DISPATCH,UNIT_SCADA,1,"2019/08/21 05:30:00",BBTHREE1,-1.82
D,DISPATCH,UNIT_SCADA,1,"2019/08/21 05:30:00",BBTHREE2,-1.80
D,DISPATCH,UNIT_SCADA,1,"2019/08/21 05:30:00",BBTHREE3,0
D,DISPATCH,UNIT_SCADA,1,"2019/08/21 05:30:00",BDL01,0
D,DISPATCH,UNIT_SCADA,1,"2019/08/21 05:30:00",BDL02,0
D,DISPATCH,UNIT_SCADA,1,"2019/08/21 05:30:00",BERYLSF1,0
D,DISPATCH,UNIT_SCADA,1,"2019/08/21 05:30:00",BLOWERNG,0
D,DISPATCH,UNIT_SCADA,1,"2019/08/21 05:30:00",BLUFF1,52.50
D,DISPATCH,UNIT_SCADA,1,"2019/08/21 05:30:00",BNGSF1,0
D,DISPATCH,UNIT_SCADA,1,"2019/08/21 05:30:00",BNGSF2,0
D,DISPATCH,UNIT_SCADA,1,"2019/08/21 05:30:00",BOCORWF1,106.11
D,DISPATCH,UNIT_SCADA,1,"2019/08/21 05:30:00",BODWF1,66.641620
D,DISPATCH,UNIT_SCADA,1,"2019/08/21 05:30:00",BRAEMAR1,0
D,DISPATCH,UNIT_SCADA,1,"2019/08/21 05:30:00",BRAEMAR2,0
D,DISPATCH,UNIT_SCADA,1,"2019/08/21 05:30:00",BRAEMAR3,0
D,DISPATCH,UNIT_SCADA,1,"2019/08/21 05:30:00",BRAEMAR5,0
D,DISPATCH,UNIT_SCADA,1,"2019/08/21 05:30:00",BRAEMAR6,0
D,DISPATCH,UNIT_SCADA,1,"2019/08/21 05:30:00",BRAEMAR7,0
D,DISPATCH,UNIT_SCADA,1,"2019/08/21 05:30:00",BROKENH1,0
D,DISPATCH,UNIT_SCADA,1,"2019/08/21 05:30:00",BW01,509.074950
D,DISPATCH,UNIT_SCADA,1,"2019/08/21 05:30:00",BW02,559.025020
D,DISPATCH,UNIT_SCADA,1,"2019/08/21 05:30:00",BW03,570.775020
D,DISPATCH,UNIT_SCADA,1,"2019/08/21 05:30:00",BW04,0
D,DISPATCH,UNIT_SCADA,1,"2019/08/21 05:30:00",CALL_B_1,349.800020
D,DISPATCH,UNIT_SCADA,1,"2019/08/21 05:30:00",CALL_B_2,285
D,DISPATCH,UNIT_SCADA,1,"2019/08/21 05:30:00",CETHANA,95.729620
D,DISPATCH,UNIT_SCADA,1,"2019/08/21 05:30:00",CG1,0
D,DISPATCH,UNIT_SCADA,1,"2019/08/21 05:30:00",CG2,0
D,DISPATCH,UNIT_SCADA,1,"2019/08/21 05:30:00",CG3,0
D,DISPATCH,UNIT_SCADA,1,"2019/08/21 05:30:00",CG4,0
D,DISPATCH,UNIT_SCADA,1,"2019/08/21 05:30:00",CHILDSF1,0
D,DISPATCH,UNIT_SCADA,1,"2019/08/21 05:30:00",CLARESF1,0
D,DISPATCH,UNIT_SCADA,1,"2019/08/21 05:30:00",CLEMGPWF,8.6442
D,DISPATCH,UNIT_SCADA,1,"2019/08/21 05:30:00",CLERMSF1,0
D,DISPATCH,UNIT_SCADA,1,"2019/08/21 05:30:00",COLEASF1,0
D,DISPATCH,UNIT_SCADA,1,"2019/08/21 05:30:00",COOPGWF1,36.804360
D,DISPATCH,UNIT_SCADA,1,"2019/08/21 05:30:00",CPP_3,404.800020
D,DISPATCH,UNIT_SCADA,1,"2019/08/21 05:30:00",CPP_4,406.450010
D,DISPATCH,UNIT_SCADA,1,"2019/08/21 05:30:00",CPSA,141.515630
D,DISPATCH,UNIT_SCADA,1,"2019/08/21 05:30:00",CROOKWF2,90.673750
D,DISPATCH,UNIT_SCADA,1,"2019/08/21 05:30:00",CROWLWF1,31.7481
D,DISPATCH,UNIT_SCADA,1,"2019/08/21 05:30:00",CSPVPS1,0
D,DISPATCH,UNIT_SCADA,1,"2019/08/21 05:30:00",DALNTH01,0
D,DISPATCH,UNIT_SCADA,1,"2019/08/21 05:30:00",DALNTHL1,0.080870
D,DISPATCH,UNIT_SCADA,1,"2019/08/21 05:30:00",DARTM1,0
D,DISPATCH,UNIT_SCADA,1,"2019/08/21 05:30:00",DAYDSF1,0
D,DISPATCH,UNIT_SCADA,1,"2019/08/21 05:30:00",DDPS1,0
D,DISPATCH,UNIT_SCADA,1,"2019/08/21 05:30:00",DDSF1,0
D,DISPATCH,UNIT_SCADA,1,"2019/08/21 05:30:00",DEVILS_G,63.434550
D,DISPATCH,UNIT_SCADA,1,"2019/08/21 05:30:00",DG_NSW1,0
D,DISPATCH,UNIT_SCADA,1,"2019/08/21 05:30:00",DG_QLD1,0
D,DISPATCH,UNIT_SCADA,1,"2019/08/21 05:30:00",DG_SA1,0
D,DISPATCH,UNIT_SCADA,1,"2019/08/21 05:30:00",DG_TAS1,0
D,DISPATCH,UNIT_SCADA,1,"2019/08/21 05:30:00",DG_VIC1,0
D,DISPATCH,UNIT_SCADA,1,"2019/08/21 05:30:00",DRYCGT1,0
D,DISPATCH,UNIT_SCADA,1,"2019/08/21 05:30:00",DRYCGT2,0
D,DISPATCH,UNIT_SCADA,1,"2019/08/21 05:30:00",DRYCGT3,0
D,DISPATCH,UNIT_SCADA,1,"2019/08/21 05:30:00",EILDON1,0
D,DISPATCH,UNIT_SCADA,1,"2019/08/21 05:30:00",EILDON2,0
D,DISPATCH,UNIT_SCADA,1,"2019/08/21 05:30:00",EMERASF1,0
D,DISPATCH,UNIT_SCADA,1,"2019/08/21 05:30:00",ER01,421.849980
D,DISPATCH,UNIT_SCADA,1,"2019/08/21 05:30:00",ER02,424.450070
D,DISPATCH,UNIT_SCADA,1,"2019/08/21 05:30:00",ER03,578.8750
D,DISPATCH,UNIT_SCADA,1,"2019/08/21 05:30:00",ER04,424.525020
D,DISPATCH,UNIT_SCADA,1,"2019/08/21 05:30:00",FINLYSF1,0
D,DISPATCH,UNIT_SCADA,1,"2019/08/21 05:30:00",FISHER,45.03
D,DISPATCH,UNIT_SCADA,1,"2019/08/21 05:30:00",GANNBG1,0
D,DISPATCH,UNIT_SCADA,1,"2019/08/21 05:30:00",GANNBL1,10.009780
D,DISPATCH,UNIT_SCADA,1,"2019/08/21 05:30:00",GANNSF1,0
D,DISPATCH,UNIT_SCADA,1,"2019/08/21 05:30:00",GORDON,0
D,DISPATCH,UNIT_SCADA,1,"2019/08/21 05:30:00",GSTONE1,131.774990
D,DISPATCH,UNIT_SCADA,1,"2019/08/21 05:30:00",GSTONE2,148.399990
D,DISPATCH,UNIT_SCADA,1,"2019/08/21 05:30:00",GSTONE3,131.774990
D,DISPATCH,UNIT_SCADA,1,"2019/08/21 05:30:00",GSTONE4,136.3250
D,DISPATCH,UNIT_SCADA,1,"2019/08/21 05:30:00",GSTONE5,135.45
D,DISPATCH,UNIT_SCADA,1,"2019/08/21 05:30:00",GSTONE6,0
D,DISPATCH,UNIT_SCADA,1,"2019/08/21 05:30:00",GULLRSF1,0
D,DISPATCH,UNIT_SCADA,1,"2019/08/21 05:30:00",GULLRWF1,157.998380
D,DISPATCH,UNIT_SCADA,1,"2019/08/21 05:30:00",GUNNING1,46.538890
D,DISPATCH,UNIT_SCADA,1,"2019/08/21 05:30:00",GUTHEGA,0
D,DISPATCH,UNIT_SCADA,1,"2019/08/21 05:30:00",HALLWF1,78.79
D,DISPATCH,UNIT_SCADA,1,"2019/08/21 05:30:00",HALLWF2,62.81
D,DISPATCH,UNIT_SCADA,1,"2019/08/21 05:30:00",HAMISF1,0
D,DISPATCH,UNIT_SCADA,1,"2019/08/21 05:30:00",HAUGHT11,0
D,DISPATCH,UNIT_SCADA,1,"2019/08/21 05:30:00",HAYMSF1,0
D,DISPATCH,UNIT_SCADA,1,"2019/08/21 05:30:00",HDWF1,57.80
D,DISPATCH,UNIT_SCADA,1,"2019/08/21 05:30:00",HDWF2,45
D,DISPATCH,UNIT_SCADA,1,"2019/08/21 05:30:00",HDWF3,56.70
D,DISPATCH,UNIT_SCADA,1,"2019/08/21 05:30:00",HPRG1,1.40
D,DISPATCH,UNIT_SCADA,1,"2019/08/21 05:30:00",HPRL1,0
D,DISPATCH,UNIT_SCADA,1,"2019/08/21 05:30:00",HUMENSW,0
D,DISPATCH,UNIT_SCADA,1,"2019/08/21 05:30:00",HUMEV,9.10
D,DISPATCH,UNIT_SCADA,1,"2019/08/21 05:30:00",HVGTS,0
D,DISPATCH,UNIT_SCADA,1,"2019/08/21 05:30:00",JBUTTERS,23.04
D,DISPATCH,UNIT_SCADA,1,"2019/08/21 05:30:00",JLA01,0.50
D,DISPATCH,UNIT_SCADA,1,"2019/08/21 05:30:00",JLA02,0
D,DISPATCH,UNIT_SCADA,1,"2019/08/21 05:30:00",JLA03,0.10
D,DISPATCH,UNIT_SCADA,1,"2019/08/21 05:30:00",JLA04,0.10
D,DISPATCH,UNIT_SCADA,1,"2019/08/21 05:30:00",JLB01,0
D,DISPATCH,UNIT_SCADA,1,"2019/08/21 05:30:00",JLB02,0.10
D,DISPATCH,UNIT_SCADA,1,"2019/08/21 05:30:00",JLB03,0
D,DISPATCH,UNIT_SCADA,1,"2019/08/21 05:30:00",KAREEYA1,21.4575
D,DISPATCH,UNIT_SCADA,1,"2019/08/21 05:30:00",KAREEYA2,21.6450
D,DISPATCH,UNIT_SCADA,1,"2019/08/21 05:30:00",KAREEYA3,0
D,DISPATCH,UNIT_SCADA,1,"2019/08/21 05:30:00",KAREEYA4,21.7050
D,DISPATCH,UNIT_SCADA,1,"2019/08/21 05:30:00",KARSF1,0
D,DISPATCH,UNIT_SCADA,1,"2019/08/21 05:30:00",KIATAWF1,29.90
D,DISPATCH,UNIT_SCADA,1,"2019/08/21 05:30:00",KPP_1,0
D,DISPATCH,UNIT_SCADA,1,"2019/08/21 05:30:00",KSP1,0
D,DISPATCH,UNIT_SCADA,1,"2019/08/21 05:30:00",LADBROK1,0
D,DISPATCH,UNIT_SCADA,1,"2019/08/21 05:30:00",LADBROK2,0
D,DISPATCH,UNIT_SCADA,1,"2019/08/21 05:30:00",LD01,349.143680
D,DISPATCH,UNIT_SCADA,1,"2019/08/21 05:30:00",LD02,297.656250
D,DISPATCH,UNIT_SCADA,1,"2019/08/21 05:30:00",LD03,317.981230
D,DISPATCH,UNIT_SCADA,1,"2019/08/21 05:30:00",LD04,346.143680
D,DISPATCH,UNIT_SCADA,1,"2019/08/21 05:30:00",LEM_WIL,85.770650
D,DISPATCH,UNIT_SCADA,1,"2019/08/21 05:30:00",LGAPWF1,10.29
D,DISPATCH,UNIT_SCADA,1,"2019/08/21 05:30:00",LILYSF1,0
D,DISPATCH,UNIT_SCADA,1,"2019/08/21 05:30:00",LI_WY_CA,147.967530
D,DISPATCH,UNIT_SCADA,1,"2019/08/21 05:30:00",LKBONNY2,142.185320
D,DISPATCH,UNIT_SCADA,1,"2019/08/21 05:30:00",LKBONNY3,34.274720
D,DISPATCH,UNIT_SCADA,1,"2019/08/21 05:30:00",LK_ECHO,0
D,DISPATCH,UNIT_SCADA,1,"2019/08/21 05:30:00",LNGS1,0
D,DISPATCH,UNIT_SCADA,1,"2019/08/21 05:30:00",LNGS2,0
D,DISPATCH,UNIT_SCADA,1,"2019/08/21 05:30:00",LONSDALE,0
D,DISPATCH,UNIT_SCADA,1,"2019/08/21 05:30:00",LOYYB1,537.592410
D,DISPATCH,UNIT_SCADA,1,"2019/08/21 05:30:00",LOYYB2,581.578490
D,DISPATCH,UNIT_SCADA,1,"2019/08/21 05:30:00",LYA1,520
D,DISPATCH,UNIT_SCADA,1,"2019/08/21 05:30:00",LYA2,0
D,DISPATCH,UNIT_SCADA,1,"2019/08/21 05:30:00",LYA3,559
D,DISPATCH,UNIT_SCADA,1,"2019/08/21 05:30:00",LYA4,539
D,DISPATCH,UNIT_SCADA,1,"2019/08/21 05:30:00",MACARTH1,355.891780
D,DISPATCH,UNIT_SCADA,1,"2019/08/21 05:30:00",MACKAYGT,0
D,DISPATCH,UNIT_SCADA,1,"2019/08/21 05:30:00",MACKNTSH,28.65
D,DISPATCH,UNIT_SCADA,1,"2019/08/21 05:30:00",MANSLR1,0
D,DISPATCH,UNIT_SCADA,1,"2019/08/21 05:30:00",MCKAY1,0.02
D,DISPATCH,UNIT_SCADA,1,"2019/08/21 05:30:00",MEADOWBK,33.953040
D,DISPATCH,UNIT_SCADA,1,"2019/08/21 05:30:00",MERCER01,129.4360
D,DISPATCH,UNIT_SCADA,1,"2019/08/21 05:30:00",MEWF1,112.316410
D,DISPATCH,UNIT_SCADA,1,"2019/08/21 05:30:00",MINTARO,0
D,DISPATCH,UNIT_SCADA,1,"2019/08/21 05:30:00",MOREESF1,0
D,DISPATCH,UNIT_SCADA,1,"2019/08/21 05:30:00",MORTLK11,0
D,DISPATCH,UNIT_SCADA,1,"2019/08/21 05:30:00",MORTLK12,0
D,DISPATCH,UNIT_SCADA,1,"2019/08/21 05:30:00",MP1,280.2749
D,DISPATCH,UNIT_SCADA,1,"2019/08/21 05:30:00",MP2,0
D,DISPATCH,UNIT_SCADA,1,"2019/08/21 05:30:00",MPP_1,400.50
D,DISPATCH,UNIT_SCADA,1,"2019/08/21 05:30:00",MPP_2,436.25
D,DISPATCH,UNIT_SCADA,1,"2019/08/21 05:30:00",MSTUART1,0
D,DISPATCH,UNIT_SCADA,1,"2019/08/21 05:30:00",MSTUART2,0
D,DISPATCH,UNIT_SCADA,1,"2019/08/21 05:30:00",MSTUART3,0
D,DISPATCH,UNIT_SCADA,1,"2019/08/21 05:30:00",MTGELWF1,65.137180
D,DISPATCH,UNIT_SCADA,1,"2019/08/21 05:30:00",MURRAY,0
D,DISPATCH,UNIT_SCADA,1,"2019/08/21 05:30:00",MUSSELR1,162.799990
D,DISPATCH,UNIT_SCADA,1,"2019/08/21 05:30:00",MUWAWF1,54.02
D,DISPATCH,UNIT_SCADA,1,"2019/08/21 05:30:00",NBHWF1,60.40
D,DISPATCH,UNIT_SCADA,1,"2019/08/21 05:30:00",NPS,0
D,DISPATCH,UNIT_SCADA,1,"2019/08/21 05:30:00",NUMURSF1,0
D,DISPATCH,UNIT_SCADA,1,"2019/08/21 05:30:00",NYNGAN1,0
D,DISPATCH,UNIT_SCADA,1,"2019/08/21 05:30:00",OAKEY1,0
D,DISPATCH,UNIT_SCADA,1,"2019/08/21 05:30:00",OAKEY1SF,0
D,DISPATCH,UNIT_SCADA,1,"2019/08/21 05:30:00",OAKEY2,0
D,DISPATCH,UNIT_SCADA,1,"2019/08/21 05:30:00",OAKLAND1,56.80
D,DISPATCH,UNIT_SCADA,1,"2019/08/21 05:30:00",OSB-AG,0
D,DISPATCH,UNIT_SCADA,1,"2019/08/21 05:30:00",PARSF1,0
D,DISPATCH,UNIT_SCADA,1,"2019/08/21 05:30:00",POAT110,0
D,DISPATCH,UNIT_SCADA,1,"2019/08/21 05:30:00",POAT220,50.470010
D,DISPATCH,UNIT_SCADA,1,"2019/08/21 05:30:00",POR01,0
D,DISPATCH,UNIT_SCADA,1,"2019/08/21 05:30:00",POR03,0
D,DISPATCH,UNIT_SCADA,1,"2019/08/21 05:30:00",PPCCGT,173.5522
D,DISPATCH,UNIT_SCADA,1,"2019/08/21 05:30:00",PTSTAN1,0
D,DISPATCH,UNIT_SCADA,1,"2019/08/21 05:30:00",PUMP1,0
D,DISPATCH,UNIT_SCADA,1,"2019/08/21 05:30:00",PUMP2,0
D,DISPATCH,UNIT_SCADA,1,"2019/08/21 05:30:00",QPS1,0
D,DISPATCH,UNIT_SCADA,1,"2019/08/21 05:30:00",QPS2,0
D,DISPATCH,UNIT_SCADA,1,"2019/08/21 05:30:00",QPS3,0
D,DISPATCH,UNIT_SCADA,1,"2019/08/21 05:30:00",QPS4,0
D,DISPATCH,UNIT_SCADA,1,"2019/08/21 05:30:00",QPS5,0
D,DISPATCH,UNIT_SCADA,1,"2019/08/21 05:30:00",REECE1,118.400010
D,DISPATCH,UNIT_SCADA,1,"2019/08/21 05:30:00",REECE2,94.570010
D,DISPATCH,UNIT_SCADA,1,"2019/08/21 05:30:00",ROMA_7,0
D,DISPATCH,UNIT_SCADA,1,"2019/08/21 05:30:00",ROMA_8,0
D,DISPATCH,UNIT_SCADA,1,"2019/08/21 05:30:00",RRSF1,0
D,DISPATCH,UNIT_SCADA,1,"2019/08/21 05:30:00",RT_NSW1,0
D,DISPATCH,UNIT_SCADA,1,"2019/08/21 05:30:00",RT_NSW2,0
D,DISPATCH,UNIT_SCADA,1,"2019/08/21 05:30:00",RT_NSW3,0
D,DISPATCH,UNIT_SCADA,1,"2019/08/21 05:30:00",RT_NSW4,0
D,DISPATCH,UNIT_SCADA,1,"2019/08/21 05:30:00",RT_NSW5,0
D,DISPATCH,UNIT_SCADA,1,"2019/08/21 05:30:00",RT_NSW6,0
D,DISPATCH,UNIT_SCADA,1,"2019/08/21 05:30:00",RT_QLD1,0
D,DISPATCH,UNIT_SCADA,1,"2019/08/21 05:30:00",RT_SA1,0
D,DISPATCH,UNIT_SCADA,1,"2019/08/21 05:30:00",RT_SA2,0
D,DISPATCH,UNIT_SCADA,1,"2019/08/21 05:30:00",RT_SA3,0
D,DISPATCH,UNIT_SCADA,1,"2019/08/21 05:30:00",RT_SA4,0
D,DISPATCH,UNIT_SCADA,1,"2019/08/21 05:30:00",RT_SA5,0
D,DISPATCH,UNIT_SCADA,1,"2019/08/21 05:30:00",RT_SA6,0
D,DISPATCH,UNIT_SCADA,1,"2019/08/21 05:30:00",RT_TAS1,0
D,DISPATCH,UNIT_SCADA,1,"2019/08/21 05:30:00",RT_VIC1,0
D,DISPATCH,UNIT_SCADA,1,"2019/08/21 05:30:00",RT_VIC10,0
D,DISPATCH,UNIT_SCADA,1,"2019/08/21 05:30:00",RT_VIC11,0
D,DISPATCH,UNIT_SCADA,1,"2019/08/21 05:30:00",RT_VIC12,0
D,DISPATCH,UNIT_SCADA,1,"2019/08/21 05:30:00",RT_VIC2,0
D,DISPATCH,UNIT_SCADA,1,"2019/08/21 05:30:00",RT_VIC3,0
D,DISPATCH,UNIT_SCADA,1,"2019/08/21 05:30:00",RT_VIC4,0
D,DISPATCH,UNIT_SCADA,1,"2019/08/21 05:30:00",RT_VIC5,0
D,DISPATCH,UNIT_SCADA,1,"2019/08/21 05:30:00",RT_VIC6,0
D,DISPATCH,UNIT_SCADA,1,"2019/08/21 05:30:00",RT_VIC7,0
D,DISPATCH,UNIT_SCADA,1,"2019/08/21 05:30:00",RT_VIC8,0
D,DISPATCH,UNIT_SCADA,1,"2019/08/21 05:30:00",RT_VIC9,0
D,DISPATCH,UNIT_SCADA,1,"2019/08/21 05:30:00",RUGBYR1,0
D,DISPATCH,UNIT_SCADA,1,"2019/08/21 05:30:00",SALTCRK1,48.04
D,DISPATCH,UNIT_SCADA,1,"2019/08/21 05:30:00",SAPHWF1,181.087520
D,DISPATCH,UNIT_SCADA,1,"2019/08/21 05:30:00",SHGEN,0
D,DISPATCH,UNIT_SCADA,1,"2019/08/21 05:30:00",SHPUMP,0
D,DISPATCH,UNIT_SCADA,1,"2019/08/21 05:30:00",SITHE01,0.083520
D,DISPATCH,UNIT_SCADA,1,"2019/08/21 05:30:00",SMCSF1,0
D,DISPATCH,UNIT_SCADA,1,"2019/08/21 05:30:00",SNOWNTH1,102.399990
D,DISPATCH,UNIT_SCADA,1,"2019/08/21 05:30:00",SNOWSTH1,98.20
D,DISPATCH,UNIT_SCADA,1,"2019/08/21 05:30:00",SNOWTWN1,59.011140
D,DISPATCH,UNIT_SCADA,1,"2019/08/21 05:30:00",SNOWYP,376.799990
D,DISPATCH,UNIT_SCADA,1,"2019/08/21 05:30:00",SNUG1,0.019440
D,DISPATCH,UNIT_SCADA,1,"2019/08/21 05:30:00",SRSF1,0.07
D,DISPATCH,UNIT_SCADA,1,"2019/08/21 05:30:00",STAN-1,0
D,DISPATCH,UNIT_SCADA,1,"2019/08/21 05:30:00",STAN-2,207.699630
D,DISPATCH,UNIT_SCADA,1,"2019/08/21 05:30:00",STAN-3,218.671660
D,DISPATCH,UNIT_SCADA,1,"2019/08/21 05:30:00",STAN-4,223.145080
D,DISPATCH,UNIT_SCADA,1,"2019/08/21 05:30:00",STWF1,144.584990
D,DISPATCH,UNIT_SCADA,1,"2019/08/21 05:30:00",SWAN_E,0
D,DISPATCH,UNIT_SCADA,1,"2019/08/21 05:30:00",TALWA1,189
D,DISPATCH,UNIT_SCADA,1,"2019/08/21 05:30:00",TARALGA1,73.162490
D,DISPATCH,UNIT_SCADA,1,"2019/08/21 05:30:00",TARONG#1,276.700010
D,DISPATCH,UNIT_SCADA,1,"2019/08/21 05:30:00",TARONG#2,109.60
D,DISPATCH,UNIT_SCADA,1,"2019/08/21 05:30:00",TARONG#3,260
D,DISPATCH,UNIT_SCADA,1,"2019/08/21 05:30:00",TARONG#4,281
D,DISPATCH,UNIT_SCADA,1,"2019/08/21 05:30:00",TARRALEA,85
D,DISPATCH,UNIT_SCADA,1,"2019/08/21 05:30:00",TBSF1,-0.20
D,DISPATCH,UNIT_SCADA,1,"2019/08/21 05:30:00",TNPS1,398.800020
D,DISPATCH,UNIT_SCADA,1,"2019/08/21 05:30:00",TORRA1,42.680120
D,DISPATCH,UNIT_SCADA,1,"2019/08/21 05:30:00",TORRA2,0
D,DISPATCH,UNIT_SCADA,1,"2019/08/21 05:30:00",TORRA3,0
D,DISPATCH,UNIT_SCADA,1,"2019/08/21 05:30:00",TORRA4,0
D,DISPATCH,UNIT_SCADA,1,"2019/08/21 05:30:00",TORRB1,41.14
D,DISPATCH,UNIT_SCADA,1,"2019/08/21 05:30:00",TORRB2,41.52
D,DISPATCH,UNIT_SCADA,1,"2019/08/21 05:30:00",TORRB3,0
D,DISPATCH,UNIT_SCADA,1,"2019/08/21 05:30:00",TORRB4,0
D,DISPATCH,UNIT_SCADA,1,"2019/08/21 05:30:00",TREVALLN,7.10
D,DISPATCH,UNIT_SCADA,1,"2019/08/21 05:30:00",TRIBUTE,0
D,DISPATCH,UNIT_SCADA,1,"2019/08/21 05:30:00",TUMUT3,0
D,DISPATCH,UNIT_SCADA,1,"2019/08/21 05:30:00",TUNGATIN,72.20
D,DISPATCH,UNIT_SCADA,1,"2019/08/21 05:30:00",TVCC201,0
D,DISPATCH,UNIT_SCADA,1,"2019/08/21 05:30:00",TVPP104,0
D,DISPATCH,UNIT_SCADA,1,"2019/08/21 05:30:00",UPPTUMUT,0
D,DISPATCH,UNIT_SCADA,1,"2019/08/21 05:30:00",URANQ11,0
D,DISPATCH,UNIT_SCADA,1,"2019/08/21 05:30:00",URANQ12,0
D,DISPATCH,UNIT_SCADA,1,"2019/08/21 05:30:00",URANQ13,0
D,DISPATCH,UNIT_SCADA,1,"2019/08/21 05:30:00",URANQ14,0
D,DISPATCH,UNIT_SCADA,1,"2019/08/21 05:30:00",VP5,398.600010
D,DISPATCH,UNIT_SCADA,1,"2019/08/21 05:30:00",VP6,401.75
D,DISPATCH,UNIT_SCADA,1,"2019/08/21 05:30:00",VPGS1,0
D,DISPATCH,UNIT_SCADA,1,"2019/08/21 05:30:00",VPGS2,0
D,DISPATCH,UNIT_SCADA,1,"2019/08/21 05:30:00",VPGS3,0
D,DISPATCH,UNIT_SCADA,1,"2019/08/21 05:30:00",VPGS4,0
D,DISPATCH,UNIT_SCADA,1,"2019/08/21 05:30:00",VPGS5,0
D,DISPATCH,UNIT_SCADA,1,"2019/08/21 05:30:00",VPGS6,0
D,DISPATCH,UNIT_SCADA,1,"2019/08/21 05:30:00",W/HOE#1,0
D,DISPATCH,UNIT_SCADA,1,"2019/08/21 05:30:00",W/HOE#2,0
D,DISPATCH,UNIT_SCADA,1,"2019/08/21 05:30:00",WATERLWF,114.30
D,DISPATCH,UNIT_SCADA,1,"2019/08/21 05:30:00",WEMENSF1,0
D,DISPATCH,UNIT_SCADA,1,"2019/08/21 05:30:00",WGWF1,68.20
D,DISPATCH,UNIT_SCADA,1,"2019/08/21 05:30:00",WHITSF1,0
D,DISPATCH,UNIT_SCADA,1,"2019/08/21 05:30:00",WKIEWA1,34.30
D,DISPATCH,UNIT_SCADA,1,"2019/08/21 05:30:00",WKIEWA2,17.30
D,DISPATCH,UNIT_SCADA,1,"2019/08/21 05:30:00",WOODLWN1,45.0450
D,DISPATCH,UNIT_SCADA,1,"2019/08/21 05:30:00",WRSF1,0
D,DISPATCH,UNIT_SCADA,1,"2019/08/21 05:30:00",WRWF1,135.473750
D,DISPATCH,UNIT_SCADA,1,"2019/08/21 05:30:00",YABULU,0
D,DISPATCH,UNIT_SCADA,1,"2019/08/21 05:30:00",YABULU2,0
D,DISPATCH,UNIT_SCADA,1,"2019/08/21 05:30:00",YARWUN_1,0
D,DISPATCH,UNIT_SCADA,1,"2019/08/21 05:30:00",YENDWF1,42.07
D,DISPATCH,UNIT_SCADA,1,"2019/08/21 05:30:00",YWPS1,278.944310
D,DISPATCH,UNIT_SCADA,1,"2019/08/21 05:30:00",YWPS2,283.205080
D,DISPATCH,UNIT_SCADA,1,"2019/08/21 05:30:00",YWPS3,0
D,DISPATCH,UNIT_SCADA,1,"2019/08/21 05:30:00",YWPS4,322.974670
C,"END OF REPORT",334
