C,NEMP.WORLD,DISPATCHSCADA,AEMO,PUBLIC,2019/09/05,03:15:07,0000000312406740,DISPATCHSCADA,0000000312406734
I,DISPATCH,UNIT_SCADA,1,SETTLEMENTDATE,DUID,SCADAVALUE
D,DISPATCH,UNIT_SCADA,1,"2019/09/05 03:20:00",BARCSF1,0
D,DISPATCH,UNIT_SCADA,1,"2019/09/05 03:20:00",BUTLERSG,10.199999
D,DISPATCH,UNIT_SCADA,1,"2019/09/05 03:20:00",CALL_A_4,0
D,DISPATCH,UNIT_SCADA,1,"2019/09/05 03:20:00",CAPTL_WF,0
D,DISPATCH,UNIT_SCADA,1,"2019/09/05 03:20:00",CATHROCK,25.639999
D,DISPATCH,UNIT_SCADA,1,"2019/09/05 03:20:00",CHALLHWF,0.30
D,DISPATCH,UNIT_SCADA,1,"2019/09/05 03:20:00",CLOVER,-0.01
D,DISPATCH,UNIT_SCADA,1,"2019/09/05 03:20:00",CLUNY,9.981689
D,DISPATCH,UNIT_SCADA,1,"2019/09/05 03:20:00",CNUNDAWF,4.405139
D,DISPATCH,UNIT_SCADA,1,"2019/09/05 03:20:00",CULLRGWF,3.14
D,DISPATCH,UNIT_SCADA,1,"2019/09/05 03:20:00",ERGT01,0
D,DISPATCH,UNIT_SCADA,1,"2019/09/05 03:20:00",GB01,0.015976
D,DISPATCH,UNIT_SCADA,1,"2019/09/05 03:20:00",GERMCRK,40.400002
D,DISPATCH,UNIT_SCADA,1,"2019/09/05 03:20:00",GRIFSF1,0
D,DISPATCH,UNIT_SCADA,1,"2019/09/05 03:20:00",HUGSF1,-0.19
D,DISPATCH,UNIT_SCADA,1,"2019/09/05 03:20:00",LKBONNY1,9.288174
D,DISPATCH,UNIT_SCADA,1,"2019/09/05 03:20:00",LRSF1,-0.0310
D,DISPATCH,UNIT_SCADA,1,"2019/09/05 03:20:00",MBAHNTH,45.787506
D,DISPATCH,UNIT_SCADA,1,"2019/09/05 03:20:00",MLSP1,0.366001
D,DISPATCH,UNIT_SCADA,1,"2019/09/05 03:20:00",MLWF1,3.7350
D,DISPATCH,UNIT_SCADA,1,"2019/09/05 03:20:00",MTMILLAR,7.813377
D,DISPATCH,UNIT_SCADA,1,"2019/09/05 03:20:00",PALOONA,16.82
D,DISPATCH,UNIT_SCADA,1,"2019/09/05 03:20:00",PIONEER,45.900002
D,DISPATCH,UNIT_SCADA,1,"2019/09/05 03:20:00",PORTWF,31.10
D,DISPATCH,UNIT_SCADA,1,"2019/09/05 03:20:00",REPULSE,20.046082
D,DISPATCH,UNIT_SCADA,1,"2019/09/05 03:20:00",ROWALLAN,10.3163
D,DISPATCH,UNIT_SCADA,1,"2019/09/05 03:20:00",ROYALLA1,0
D,DISPATCH,UNIT_SCADA,1,"2019/09/05 03:20:00",RPCG,11.10
D,DISPATCH,UNIT_SCADA,1,"2019/09/05 03:20:00",RUBICON,0
D,DISPATCH,UNIT_SCADA,1,"2019/09/05 03:20:00",SATGN1,0
D,DISPATCH,UNIT_SCADA,1,"2019/09/05 03:20:00",SATGS1,0
D,DISPATCH,UNIT_SCADA,1,"2019/09/05 03:20:00",STARHLWF,-0.099971
D,DISPATCH,UNIT_SCADA,1,"2019/09/05 03:20:00",WAUBRAWF,0
D,DISPATCH,UNIT_SCADA,1,"2019/09/05 03:20:00",WOOLNTH1,-0.789985
D,DISPATCH,UNIT_SCADA,1,"2019/09/05 03:20:00",WPWF,1
D,DISPATCH,UNIT_SCADA,1,"2019/09/05 03:20:00",YAMBUKWF,5.70
D,DISPATCH,UNIT_SCADA,1,"2019/09/05 03:20:00",YSWF1,0.90
D,DISPATCH,UNIT_SCADA,1,"2019/09/05 03:20:00",AGLHAL,0
D,DISPATCH,UNIT_SCADA,1,"2019/09/05 03:20:00",AGLSOM,0
D,DISPATCH,UNIT_SCADA,1,"2019/09/05 03:20:00",ANGAST1,0
D,DISPATCH,UNIT_SCADA,1,"2019/09/05 03:20:00",ARWF1,9.30
D,DISPATCH,UNIT_SCADA,1,"2019/09/05 03:20:00",BALBG1,0
D,DISPATCH,UNIT_SCADA,1,"2019/09/05 03:20:00",BALBL1,0
D,DISPATCH,UNIT_SCADA,1,"2019/09/05 03:20:00",BALDHWF1,0
D,DISPATCH,UNIT_SCADA,1,"2019/09/05 03:20:00",BANN1,0
D,DISPATCH,UNIT_SCADA,1,"2019/09/05 03:20:00",BARCALDN,0
D,DISPATCH,UNIT_SCADA,1,"2019/09/05 03:20:00",BARRON-1,0
D,DISPATCH,UNIT_SCADA,1,"2019/09/05 03:20:00",BARRON-2,0
D,DISPATCH,UNIT_SCADA,1,"2019/09/05 03:20:00",BASTYAN,80.430010
D,DISPATCH,UNIT_SCADA,1,"2019/09/05 03:20:00",BBTHREE1,0
D,DISPATCH,UNIT_SCADA,1,"2019/09/05 03:20:00",BBTHREE2,0
D,DISPATCH,UNIT_SCADA,1,"2019/09/05 03:20:00",BBTHREE3,0
D,DISPATCH,UNIT_SCADA,1,"2019/09/05 03:20:00",BDL01,0
D,DISPATCH,UNIT_SCADA,1,"2019/09/05 03:20:00",BDL02,-0.06
D,DISPATCH,UNIT_SCADA,1,"2019/09/05 03:20:00",BERYLSF1,0
D,DISPATCH,UNIT_SCADA,1,"2019/09/05 03:20:00",BLOWERNG,11.10
D,DISPATCH,UNIT_SCADA,1,"2019/09/05 03:20:00",BLUFF1,0
D,DISPATCH,UNIT_SCADA,1,"2019/09/05 03:20:00",BNGSF1,0
D,DISPATCH,UNIT_SCADA,1,"2019/09/05 03:20:00",BNGSF2,0
D,DISPATCH,UNIT_SCADA,1,"2019/09/05 03:20:00",BOCORWF1,0
D,DISPATCH,UNIT_SCADA,1,"2019/09/05 03:20:00",BODWF1,4.754140
D,DISPATCH,UNIT_SCADA,1,"2019/09/05 03:20:00",BRAEMAR1,0
D,DISPATCH,UNIT_SCADA,1,"2019/09/05 03:20:00",BRAEMAR2,0
D,DISPATCH,UNIT_SCADA,1,"2019/09/05 03:20:00",BRAEMAR3,0
D,DISPATCH,UNIT_SCADA,1,"2019/09/05 03:20:00",BRAEMAR5,0
D,DISPATCH,UNIT_SCADA,1,"2019/09/05 03:20:00",BRAEMAR6,0
D,DISPATCH,UNIT_SCADA,1,"2019/09/05 03:20:00",BRAEMAR7,0
D,DISPATCH,UNIT_SCADA,1,"2019/09/05 03:20:00",BROKENH1,0
D,DISPATCH,UNIT_SCADA,1,"2019/09/05 03:20:00",BW01,536.800050
D,DISPATCH,UNIT_SCADA,1,"2019/09/05 03:20:00",BW02,575.025020
D,DISPATCH,UNIT_SCADA,1,"2019/09/05 03:20:00",BW03,592.9751
D,DISPATCH,UNIT_SCADA,1,"2019/09/05 03:20:00",BW04,0
D,DISPATCH,UNIT_SCADA,1,"2019/09/05 03:20:00",CALL_B_1,349.399990
D,DISPATCH,UNIT_SCADA,1,"2019/09/05 03:20:00",CALL_B_2,350.300020
D,DISPATCH,UNIT_SCADA,1,"2019/09/05 03:20:00",CETHANA,79.7430
D,DISPATCH,UNIT_SCADA,1,"2019/09/05 03:20:00",CG1,0
D,DISPATCH,UNIT_SCADA,1,"2019/09/05 03:20:00",CG2,0
D,DISPATCH,UNIT_SCADA,1,"2019/09/05 03:20:00",CG3,0
D,DISPATCH,UNIT_SCADA,1,"2019/09/05 03:20:00",CG4,0
D,DISPATCH,UNIT_SCADA,1,"2019/09/05 03:20:00",CHILDSF1,0
D,DISPATCH,UNIT_SCADA,1,"2019/09/05 03:20:00",CLARESF1,0
D,DISPATCH,UNIT_SCADA,1,"2019/09/05 03:20:00",CLEMGPWF,-0.360180
D,DISPATCH,UNIT_SCADA,1,"2019/09/05 03:20:00",CLERMSF1,0
D,DISPATCH,UNIT_SCADA,1,"2019/09/05 03:20:00",COLEASF1,0
D,DISPATCH,UNIT_SCADA,1,"2019/09/05 03:20:00",COOPGWF1,9.5686
D,DISPATCH,UNIT_SCADA,1,"2019/09/05 03:20:00",CPP_3,405.899990
D,DISPATCH,UNIT_SCADA,1,"2019/09/05 03:20:00",CPP_4,406.450010
D,DISPATCH,UNIT_SCADA,1,"2019/09/05 03:20:00",CPSA,142.28
D,DISPATCH,UNIT_SCADA,1,"2019/09/05 03:20:00",CROOKWF2,3.613750
D,DISPATCH,UNIT_SCADA,1,"2019/09/05 03:20:00",CROWLWF1,-0.063580
D,DISPATCH,UNIT_SCADA,1,"2019/09/05 03:20:00",CSPVPS1,0
D,DISPATCH,UNIT_SCADA,1,"2019/09/05 03:20:00",DALNTH01,0
D,DISPATCH,UNIT_SCADA,1,"2019/09/05 03:20:00",DALNTHL1,5.015640
D,DISPATCH,UNIT_SCADA,1,"2019/09/05 03:20:00",DARTM1,133.70
D,DISPATCH,UNIT_SCADA,1,"2019/09/05 03:20:00",DAYDSF1,0
D,DISPATCH,UNIT_SCADA,1,"2019/09/05 03:20:00",DDPS1,256.091920
D,DISPATCH,UNIT_SCADA,1,"2019/09/05 03:20:00",DDSF1,0
D,DISPATCH,UNIT_SCADA,1,"2019/09/05 03:20:00",DEVILS_G,57.059840
D,DISPATCH,UNIT_SCADA,1,"2019/09/05 03:20:00",DG_NSW1,0
D,DISPATCH,UNIT_SCADA,1,"2019/09/05 03:20:00",DG_QLD1,0
D,DISPATCH,UNIT_SCADA,1,"2019/09/05 03:20:00",DG_SA1,0
D,DISPATCH,UNIT_SCADA,1,"2019/09/05 03:20:00",DG_TAS1,0
D,DISPATCH,UNIT_SCADA,1,"2019/09/05 03:20:00",DG_VIC1,0
D,DISPATCH,UNIT_SCADA,1,"2019/09/05 03:20:00",DRYCGT1,0
D,DISPATCH,UNIT_SCADA,1,"2019/09/05 03:20:00",DRYCGT2,0
D,DISPATCH,UNIT_SCADA,1,"2019/09/05 03:20:00",DRYCGT3,0
D,DISPATCH,UNIT_SCADA,1,"2019/09/05 03:20:00",EILDON1,0
D,DISPATCH,UNIT_SCADA,1,"2019/09/05 03:20:00",EILDON2,0
D,DISPATCH,UNIT_SCADA,1,"2019/09/05 03:20:00",EMERASF1,0
D,DISPATCH,UNIT_SCADA,1,"2019/09/05 03:20:00",ER01,481.224980
D,DISPATCH,UNIT_SCADA,1,"2019/09/05 03:20:00",ER02,481.324950
D,DISPATCH,UNIT_SCADA,1,"2019/09/05 03:20:00",ER03,0
D,DISPATCH,UNIT_SCADA,1,"2019/09/05 03:20:00",ER04,349.75
D,DISPATCH,UNIT_SCADA,1,"2019/09/05 03:20:00",FINLYSF1,0
D,DISPATCH,UNIT_SCADA,1,"2019/09/05 03:20:00",FISHER,45.87
D,DISPATCH,UNIT_SCADA,1,"2019/09/05 03:20:00",GANNBG1,0
D,DISPATCH,UNIT_SCADA,1,"2019/09/05 03:20:00",GANNBL1,10.008370
D,DISPATCH,UNIT_SCADA,1,"2019/09/05 03:20:00",GANNSF1,0
D,DISPATCH,UNIT_SCADA,1,"2019/09/05 03:20:00",GORDON,20.635440
D,DISPATCH,UNIT_SCADA,1,"2019/09/05 03:20:00",GSTONE1,173.774990
D,DISPATCH,UNIT_SCADA,1,"2019/09/05 03:20:00",GSTONE2,179.20
D,DISPATCH,UNIT_SCADA,1,"2019/09/05 03:20:00",GSTONE3,0
D,DISPATCH,UNIT_SCADA,1,"2019/09/05 03:20:00",GSTONE4,194.95
D,DISPATCH,UNIT_SCADA,1,"2019/09/05 03:20:00",GSTONE5,174.30
D,DISPATCH,UNIT_SCADA,1,"2019/09/05 03:20:00",GSTONE6,174.474990
D,DISPATCH,UNIT_SCADA,1,"2019/09/05 03:20:00",GULLRSF1,0
D,DISPATCH,UNIT_SCADA,1,"2019/09/05 03:20:00",GULLRWF1,36.955020
D,DISPATCH,UNIT_SCADA,1,"2019/09/05 03:20:00",GUNNING1,5.590330
D,DISPATCH,UNIT_SCADA,1,"2019/09/05 03:20:00",GUTHEGA,0
D,DISPATCH,UNIT_SCADA,1,"2019/09/05 03:20:00",HALLWF1,-0.25
D,DISPATCH,UNIT_SCADA,1,"2019/09/05 03:20:00",HALLWF2,-0.24
D,DISPATCH,UNIT_SCADA,1,"2019/09/05 03:20:00",HAMISF1,0
D,DISPATCH,UNIT_SCADA,1,"2019/09/05 03:20:00",HAUGHT11,0
D,DISPATCH,UNIT_SCADA,1,"2019/09/05 03:20:00",HAYMSF1,0
D,DISPATCH,UNIT_SCADA,1,"2019/09/05 03:20:00",HDWF1,13.70
D,DISPATCH,UNIT_SCADA,1,"2019/09/05 03:20:00",HDWF2,0
D,DISPATCH,UNIT_SCADA,1,"2019/09/05 03:20:00",HDWF3,4.10
D,DISPATCH,UNIT_SCADA,1,"2019/09/05 03:20:00",HPRG1,0
D,DISPATCH,UNIT_SCADA,1,"2019/09/05 03:20:00",HPRL1,24.90
D,DISPATCH,UNIT_SCADA,1,"2019/09/05 03:20:00",HUMENSW,0
D,DISPATCH,UNIT_SCADA,1,"2019/09/05 03:20:00",HUMEV,25.40
D,DISPATCH,UNIT_SCADA,1,"2019/09/05 03:20:00",HVGTS,0
D,DISPATCH,UNIT_SCADA,1,"2019/09/05 03:20:00",JBUTTERS,0
D,DISPATCH,UNIT_SCADA,1,"2019/09/05 03:20:00",JLA01,0.10
D,DISPATCH,UNIT_SCADA,1,"2019/09/05 03:20:00",JLA02,0
D,DISPATCH,UNIT_SCADA,1,"2019/09/05 03:20:00",JLA03,0
D,DISPATCH,UNIT_SCADA,1,"2019/09/05 03:20:00",JLA04,0
D,DISPATCH,UNIT_SCADA,1,"2019/09/05 03:20:00",JLB01,0
D,DISPATCH,UNIT_SCADA,1,"2019/09/05 03:20:00",JLB02,0.10
D,DISPATCH,UNIT_SCADA,1,"2019/09/05 03:20:00",JLB03,0
D,DISPATCH,UNIT_SCADA,1,"2019/09/05 03:20:00",KAREEYA1,21.5275
D,DISPATCH,UNIT_SCADA,1,"2019/09/05 03:20:00",KAREEYA2,21.7050
D,DISPATCH,UNIT_SCADA,1,"2019/09/05 03:20:00",KAREEYA3,0
D,DISPATCH,UNIT_SCADA,1,"2019/09/05 03:20:00",KAREEYA4,21.5475
D,DISPATCH,UNIT_SCADA,1,"2019/09/05 03:20:00",KARSF1,0
D,DISPATCH,UNIT_SCADA,1,"2019/09/05 03:20:00",KIATAWF1,4
D,DISPATCH,UNIT_SCADA,1,"2019/09/05 03:20:00",KPP_1,0
D,DISPATCH,UNIT_SCADA,1,"2019/09/05 03:20:00",KSP1,0
D,DISPATCH,UNIT_SCADA,1,"2019/09/05 03:20:00",LADBROK1,0
D,DISPATCH,UNIT_SCADA,1,"2019/09/05 03:20:00",LADBROK2,0
D,DISPATCH,UNIT_SCADA,1,"2019/09/05 03:20:00",LD01,347.887480
D,DISPATCH,UNIT_SCADA,1,"2019/09/05 03:20:00",LD02,320.25
D,DISPATCH,UNIT_SCADA,1,"2019/09/05 03:20:00",LD03,348.618710
D,DISPATCH,UNIT_SCADA,1,"2019/09/05 03:20:00",LD04,349.725040
D,DISPATCH,UNIT_SCADA,1,"2019/09/05 03:20:00",LEM_WIL,85.161050
D,DISPATCH,UNIT_SCADA,1,"2019/09/05 03:20:00",LGAPWF1,34.50
D,DISPATCH,UNIT_SCADA,1,"2019/09/05 03:20:00",LILYSF1,0
D,DISPATCH,UNIT_SCADA,1,"2019/09/05 03:20:00",LI_WY_CA,144.0947
D,DISPATCH,UNIT_SCADA,1,"2019/09/05 03:20:00",LKBONNY2,18.157480
D,DISPATCH,UNIT_SCADA,1,"2019/09/05 03:20:00",LKBONNY3,6.252070
D,DISPATCH,UNIT_SCADA,1,"2019/09/05 03:20:00",LK_ECHO,0
D,DISPATCH,UNIT_SCADA,1,"2019/09/05 03:20:00",LNGS1,0
D,DISPATCH,UNIT_SCADA,1,"2019/09/05 03:20:00",LNGS2,0
D,DISPATCH,UNIT_SCADA,1,"2019/09/05 03:20:00",LONSDALE,0
D,DISPATCH,UNIT_SCADA,1,"2019/09/05 03:20:00",LOYYB1,536.088620
D,DISPATCH,UNIT_SCADA,1,"2019/09/05 03:20:00",LOYYB2,584.210140
D,DISPATCH,UNIT_SCADA,1,"2019/09/05 03:20:00",LYA1,0
D,DISPATCH,UNIT_SCADA,1,"2019/09/05 03:20:00",LYA2,0
D,DISPATCH,UNIT_SCADA,1,"2019/09/05 03:20:00",LYA3,559
D,DISPATCH,UNIT_SCADA,1,"2019/09/05 03:20:00",LYA4,539
D,DISPATCH,UNIT_SCADA,1,"2019/09/05 03:20:00",MACARTH1,47.7989
D,DISPATCH,UNIT_SCADA,1,"2019/09/05 03:20:00",MACKAYGT,0.2240
D,DISPATCH,UNIT_SCADA,1,"2019/09/05 03:20:00",MACKNTSH,88.930010
D,DISPATCH,UNIT_SCADA,1,"2019/09/05 03:20:00",MANSLR1,0
D,DISPATCH,UNIT_SCADA,1,"2019/09/05 03:20:00",MCKAY1,0.0750
D,DISPATCH,UNIT_SCADA,1,"2019/09/05 03:20:00",MEADOWBK,24.978920
D,DISPATCH,UNIT_SCADA,1,"2019/09/05 03:20:00",MERCER01,16.0930
D,DISPATCH,UNIT_SCADA,1,"2019/09/05 03:20:00",MEWF1,65.759230
D,DISPATCH,UNIT_SCADA,1,"2019/09/05 03:20:00",MINTARO,0
D,DISPATCH,UNIT_SCADA,1,"2019/09/05 03:20:00",MOREESF1,0
D,DISPATCH,UNIT_SCADA,1,"2019/09/05 03:20:00",MORTLK11,189
D,DISPATCH,UNIT_SCADA,1,"2019/09/05 03:20:00",MORTLK12,0
D,DISPATCH,UNIT_SCADA,1,"2019/09/05 03:20:00",MP1,220.425050
D,DISPATCH,UNIT_SCADA,1,"2019/09/05 03:20:00",MP2,0
D,DISPATCH,UNIT_SCADA,1,"2019/09/05 03:20:00",MPP_1,400
D,DISPATCH,UNIT_SCADA,1,"2019/09/05 03:20:00",MPP_2,434.75
D,DISPATCH,UNIT_SCADA,1,"2019/09/05 03:20:00",MSTUART1,0
D,DISPATCH,UNIT_SCADA,1,"2019/09/05 03:20:00",MSTUART2,0
D,DISPATCH,UNIT_SCADA,1,"2019/09/05 03:20:00",MSTUART3,0
D,DISPATCH,UNIT_SCADA,1,"2019/09/05 03:20:00",MTGELWF1,11.317790
D,DISPATCH,UNIT_SCADA,1,"2019/09/05 03:20:00",MURRAY,0
D,DISPATCH,UNIT_SCADA,1,"2019/09/05 03:20:00",MUSSELR1,33.70
D,DISPATCH,UNIT_SCADA,1,"2019/09/05 03:20:00",MUWAWF1,5.89
D,DISPATCH,UNIT_SCADA,1,"2019/09/05 03:20:00",NBHWF1,1.30
D,DISPATCH,UNIT_SCADA,1,"2019/09/05 03:20:00",NPS,102
D,DISPATCH,UNIT_SCADA,1,"2019/09/05 03:20:00",NUMURSF1,0
D,DISPATCH,UNIT_SCADA,1,"2019/09/05 03:20:00",NYNGAN1,0
D,DISPATCH,UNIT_SCADA,1,"2019/09/05 03:20:00",OAKEY1,0
D,DISPATCH,UNIT_SCADA,1,"2019/09/05 03:20:00",OAKEY1SF,0
D,DISPATCH,UNIT_SCADA,1,"2019/09/05 03:20:00",OAKEY2,0
D,DISPATCH,UNIT_SCADA,1,"2019/09/05 03:20:00",OAKEY2SF,0
D,DISPATCH,UNIT_SCADA,1,"2019/09/05 03:20:00",OAKLAND1,1.20
D,DISPATCH,UNIT_SCADA,1,"2019/09/05 03:20:00",OSB-AG,181.25
D,DISPATCH,UNIT_SCADA,1,"2019/09/05 03:20:00",PARSF1,0
D,DISPATCH,UNIT_SCADA,1,"2019/09/05 03:20:00",POAT110,0
D,DISPATCH,UNIT_SCADA,1,"2019/09/05 03:20:00",POAT220,2.02
D,DISPATCH,UNIT_SCADA,1,"2019/09/05 03:20:00",POR01,0
D,DISPATCH,UNIT_SCADA,1,"2019/09/05 03:20:00",POR03,0
D,DISPATCH,UNIT_SCADA,1,"2019/09/05 03:20:00",PPCCGT,354.750490
D,DISPATCH,UNIT_SCADA,1,"2019/09/05 03:20:00",PTSTAN1,0
D,DISPATCH,UNIT_SCADA,1,"2019/09/05 03:20:00",PUMP1,0
D,DISPATCH,UNIT_SCADA,1,"2019/09/05 03:20:00",PUMP2,0
D,DISPATCH,UNIT_SCADA,1,"2019/09/05 03:20:00",QPS1,0
D,DISPATCH,UNIT_SCADA,1,"2019/09/05 03:20:00",QPS2,0
D,DISPATCH,UNIT_SCADA,1,"2019/09/05 03:20:00",QPS3,0
D,DISPATCH,UNIT_SCADA,1,"2019/09/05 03:20:00",QPS4,0
D,DISPATCH,UNIT_SCADA,1,"2019/09/05 03:20:00",QPS5,0
D,DISPATCH,UNIT_SCADA,1,"2019/09/05 03:20:00",REECE1,103.13
D,DISPATCH,UNIT_SCADA,1,"2019/09/05 03:20:00",REECE2,101.59
D,DISPATCH,UNIT_SCADA,1,"2019/09/05 03:20:00",ROMA_7,0
D,DISPATCH,UNIT_SCADA,1,"2019/09/05 03:20:00",ROMA_8,0
D,DISPATCH,UNIT_SCADA,1,"2019/09/05 03:20:00",RRSF1,0
D,DISPATCH,UNIT_SCADA,1,"2019/09/05 03:20:00",RT_NSW1,0
D,DISPATCH,UNIT_SCADA,1,"2019/09/05 03:20:00",RT_NSW2,0
D,DISPATCH,UNIT_SCADA,1,"2019/09/05 03:20:00",RT_NSW3,0
D,DISPATCH,UNIT_SCADA,1,"2019/09/05 03:20:00",RT_NSW4,0
D,DISPATCH,UNIT_SCADA,1,"2019/09/05 03:20:00",RT_NSW5,0
D,DISPATCH,UNIT_SCADA,1,"2019/09/05 03:20:00",RT_NSW6,0
D,DISPATCH,UNIT_SCADA,1,"2019/09/05 03:20:00",RT_QLD1,0
D,DISPATCH,UNIT_SCADA,1,"2019/09/05 03:20:00",RT_SA1,0
D,DISPATCH,UNIT_SCADA,1,"2019/09/05 03:20:00",RT_SA2,0
D,DISPATCH,UNIT_SCADA,1,"2019/09/05 03:20:00",RT_SA3,0
D,DISPATCH,UNIT_SCADA,1,"2019/09/05 03:20:00",RT_SA4,0
D,DISPATCH,UNIT_SCADA,1,"2019/09/05 03:20:00",RT_SA5,0
D,DISPATCH,UNIT_SCADA,1,"2019/09/05 03:20:00",RT_SA6,0
D,DISPATCH,UNIT_SCADA,1,"2019/09/05 03:20:00",RT_TAS1,0
D,DISPATCH,UNIT_SCADA,1,"2019/09/05 03:20:00",RT_VIC1,0
D,DISPATCH,UNIT_SCADA,1,"2019/09/05 03:20:00",RT_VIC10,0
D,DISPATCH,UNIT_SCADA,1,"2019/09/05 03:20:00",RT_VIC11,0
D,DISPATCH,UNIT_SCADA,1,"2019/09/05 03:20:00",RT_VIC12,0
D,DISPATCH,UNIT_SCADA,1,"2019/09/05 03:20:00",RT_VIC2,0
D,DISPATCH,UNIT_SCADA,1,"2019/09/05 03:20:00",RT_VIC3,0
D,DISPATCH,UNIT_SCADA,1,"2019/09/05 03:20:00",RT_VIC4,0
D,DISPATCH,UNIT_SCADA,1,"2019/09/05 03:20:00",RT_VIC5,0
D,DISPATCH,UNIT_SCADA,1,"2019/09/05 03:20:00",RT_VIC6,0
D,DISPATCH,UNIT_SCADA,1,"2019/09/05 03:20:00",RT_VIC7,0
D,DISPATCH,UNIT_SCADA,1,"2019/09/05 03:20:00",RT_VIC8,0
D,DISPATCH,UNIT_SCADA,1,"2019/09/05 03:20:00",RT_VIC9,0
D,DISPATCH,UNIT_SCADA,1,"2019/09/05 03:20:00",RUGBYR1,0
D,DISPATCH,UNIT_SCADA,1,"2019/09/05 03:20:00",SALTCRK1,7.42
D,DISPATCH,UNIT_SCADA,1,"2019/09/05 03:20:00",SAPHWF1,-2.653140
D,DISPATCH,UNIT_SCADA,1,"2019/09/05 03:20:00",SHGEN,0
D,DISPATCH,UNIT_SCADA,1,"2019/09/05 03:20:00",SHPUMP,159.445160
D,DISPATCH,UNIT_SCADA,1,"2019/09/05 03:20:00",SITHE01,0.1840
D,DISPATCH,UNIT_SCADA,1,"2019/09/05 03:20:00",SMCSF1,0
D,DISPATCH,UNIT_SCADA,1,"2019/09/05 03:20:00",SNOWNTH1,2.80
D,DISPATCH,UNIT_SCADA,1,"2019/09/05 03:20:00",SNOWSTH1,13.30
D,DISPATCH,UNIT_SCADA,1,"2019/09/05 03:20:00",SNOWTWN1,-0.425690
D,DISPATCH,UNIT_SCADA,1,"2019/09/05 03:20:00",SNOWYP,0
D,DISPATCH,UNIT_SCADA,1,"2019/09/05 03:20:00",SNUG1,0.019440
D,DISPATCH,UNIT_SCADA,1,"2019/09/05 03:20:00",SRSF1,0
D,DISPATCH,UNIT_SCADA,1,"2019/09/05 03:20:00",STAN-1,219.325380
D,DISPATCH,UNIT_SCADA,1,"2019/09/05 03:20:00",STAN-2,247.370730
D,DISPATCH,UNIT_SCADA,1,"2019/09/05 03:20:00",STAN-3,245.217330
D,DISPATCH,UNIT_SCADA,1,"2019/09/05 03:20:00",STAN-4,247.601440
D,DISPATCH,UNIT_SCADA,1,"2019/09/05 03:20:00",STWF1,175.882510
D,DISPATCH,UNIT_SCADA,1,"2019/09/05 03:20:00",SWAN_E,0
D,DISPATCH,UNIT_SCADA,1,"2019/09/05 03:20:00",TALWA1,409
D,DISPATCH,UNIT_SCADA,1,"2019/09/05 03:20:00",TARALGA1,50.7375
D,DISPATCH,UNIT_SCADA,1,"2019/09/05 03:20:00",TARONG#1,272.700010
D,DISPATCH,UNIT_SCADA,1,"2019/09/05 03:20:00",TARONG#2,0
D,DISPATCH,UNIT_SCADA,1,"2019/09/05 03:20:00",TARONG#3,261
D,DISPATCH,UNIT_SCADA,1,"2019/09/05 03:20:00",TARONG#4,274.800020
D,DISPATCH,UNIT_SCADA,1,"2019/09/05 03:20:00",TARRALEA,71.10
D,DISPATCH,UNIT_SCADA,1,"2019/09/05 03:20:00",TBSF1,-0.20
D,DISPATCH,UNIT_SCADA,1,"2019/09/05 03:20:00",TNPS1,379.600010
D,DISPATCH,UNIT_SCADA,1,"2019/09/05 03:20:00",TORRA1,37.1233
D,DISPATCH,UNIT_SCADA,1,"2019/09/05 03:20:00",TORRA2,0
D,DISPATCH,UNIT_SCADA,1,"2019/09/05 03:20:00",TORRA3,0
D,DISPATCH,UNIT_SCADA,1,"2019/09/05 03:20:00",TORRA4,37.026030
D,DISPATCH,UNIT_SCADA,1,"2019/09/05 03:20:00",TORRB1,63.25
D,DISPATCH,UNIT_SCADA,1,"2019/09/05 03:20:00",TORRB2,62.71
D,DISPATCH,UNIT_SCADA,1,"2019/09/05 03:20:00",TORRB3,62.95
D,DISPATCH,UNIT_SCADA,1,"2019/09/05 03:20:00",TORRB4,0
D,DISPATCH,UNIT_SCADA,1,"2019/09/05 03:20:00",TREVALLN,2.20
D,DISPATCH,UNIT_SCADA,1,"2019/09/05 03:20:00",TRIBUTE,0
D,DISPATCH,UNIT_SCADA,1,"2019/09/05 03:20:00",TUMUT3,0
D,DISPATCH,UNIT_SCADA,1,"2019/09/05 03:20:00",TUNGATIN,123.040020
D,DISPATCH,UNIT_SCADA,1,"2019/09/05 03:20:00",TVCC201,0
D,DISPATCH,UNIT_SCADA,1,"2019/09/05 03:20:00",TVPP104,0
D,DISPATCH,UNIT_SCADA,1,"2019/09/05 03:20:00",UPPTUMUT,0
D,DISPATCH,UNIT_SCADA,1,"2019/09/05 03:20:00",URANQ11,0
D,DISPATCH,UNIT_SCADA,1,"2019/09/05 03:20:00",URANQ12,0
D,DISPATCH,UNIT_SCADA,1,"2019/09/05 03:20:00",URANQ13,0
D,DISPATCH,UNIT_SCADA,1,"2019/09/05 03:20:00",URANQ14,0
D,DISPATCH,UNIT_SCADA,1,"2019/09/05 03:20:00",VP5,634.3750
D,DISPATCH,UNIT_SCADA,1,"2019/09/05 03:20:00",VP6,0
D,DISPATCH,UNIT_SCADA,1,"2019/09/05 03:20:00",VPGS1,0
D,DISPATCH,UNIT_SCADA,1,"2019/09/05 03:20:00",VPGS2,0
D,DISPATCH,UNIT_SCADA,1,"2019/09/05 03:20:00",VPGS3,0
D,DISPATCH,UNIT_SCADA,1,"2019/09/05 03:20:00",VPGS4,0
D,DISPATCH,UNIT_SCADA,1,"2019/09/05 03:20:00",VPGS5,0
D,DISPATCH,UNIT_SCADA,1,"2019/09/05 03:20:00",VPGS6,0
D,DISPATCH,UNIT_SCADA,1,"2019/09/05 03:20:00",W/HOE#1,0
D,DISPATCH,UNIT_SCADA,1,"2019/09/05 03:20:00",W/HOE#2,0
D,DISPATCH,UNIT_SCADA,1,"2019/09/05 03:20:00",WATERLWF,-0.90
D,DISPATCH,UNIT_SCADA,1,"2019/09/05 03:20:00",WEMENSF1,0
D,DISPATCH,UNIT_SCADA,1,"2019/09/05 03:20:00",WGWF1,0
D,DISPATCH,UNIT_SCADA,1,"2019/09/05 03:20:00",WHITSF1,0
D,DISPATCH,UNIT_SCADA,1,"2019/09/05 03:20:00",WKIEWA1,16.70
D,DISPATCH,UNIT_SCADA,1,"2019/09/05 03:20:00",WKIEWA2,16.90
D,DISPATCH,UNIT_SCADA,1,"2019/09/05 03:20:00",WOODLWN1,11.8710
D,DISPATCH,UNIT_SCADA,1,"2019/09/05 03:20:00",WRSF1,0
D,DISPATCH,UNIT_SCADA,1,"2019/09/05 03:20:00",WRWF1,6.8825
D,DISPATCH,UNIT_SCADA,1,"2019/09/05 03:20:00",YABULU,0
D,DISPATCH,UNIT_SCADA,1,"2019/09/05 03:20:00",YABULU2,0
D,DISPATCH,UNIT_SCADA,1,"2019/09/05 03:20:00",YARWUN_1,166.769990
D,DISPATCH,UNIT_SCADA,1,"2019/09/05 03:20:00",YENDWF1,-0.68
D,DISPATCH,UNIT_SCADA,1,"2019/09/05 03:20:00",YWPS1,380.450620
D,DISPATCH,UNIT_SCADA,1,"2019/09/05 03:20:00",YWPS2,280.448090
D,DISPATCH,UNIT_SCADA,1,"2019/09/05 03:20:00",YWPS3,320.716460
D,DISPATCH,UNIT_SCADA,1,"2019/09/05 03:20:00",YWPS4,384.511380
C,"END OF REPORT",335
