C,NEMP.WORLD,DISPATCHSCADA,AEMO,PUBLIC,2019/08/22,19:40:07,0000000311879874,DISPATCHSCADA,0000000311879868
I,DISPATCH,UNIT_SCADA,1,SETTLEMENTDATE,DUID,SCADAVALUE
D,DISPATCH,UNIT_SCADA,1,"2019/08/22 19:45:00",BARCSF1,0.40
D,DISPATCH,UNIT_SCADA,1,"2019/08/22 19:45:00",BUTLERSG,9.699999
D,DISPATCH,UNIT_SCADA,1,"2019/08/22 19:45:00",CALL_A_4,0
D,DISPATCH,UNIT_SCADA,1,"2019/08/22 19:45:00",CAPTL_WF,38.4720
D,DISPATCH,UNIT_SCADA,1,"2019/08/22 19:45:00",CATHROCK,0
D,DISPATCH,UNIT_SCADA,1,"2019/08/22 19:45:00",CHALLHWF,2.50
D,DISPATCH,UNIT_SCADA,1,"2019/08/22 19:45:00",CLOVER,-0.01
D,DISPATCH,UNIT_SCADA,1,"2019/08/22 19:45:00",CLUNY,20.207371
D,DISPATCH,UNIT_SCADA,1,"2019/08/22 19:45:00",CNUNDAWF,2.603036
D,DISPATCH,UNIT_SCADA,1,"2019/08/22 19:45:00",CULLRGWF,0.82
D,DISPATCH,UNIT_SCADA,1,"2019/08/22 19:45:00",ERGT01,0
D,DISPATCH,UNIT_SCADA,1,"2019/08/22 19:45:00",GB01,0.072212
D,DISPATCH,UNIT_SCADA,1,"2019/08/22 19:45:00",GERMCRK,34.599998
D,DISPATCH,UNIT_SCADA,1,"2019/08/22 19:45:00",GRIFSF1,0
D,DISPATCH,UNIT_SCADA,1,"2019/08/22 19:45:00",HUGSF1,-0.1010
D,DISPATCH,UNIT_SCADA,1,"2019/08/22 19:45:00",LKBONNY1,2.322043
D,DISPATCH,UNIT_SCADA,1,"2019/08/22 19:45:00",LRSF1,-0.0180
D,DISPATCH,UNIT_SCADA,1,"2019/08/22 19:45:00",MBAHNTH,47.287506
D,DISPATCH,UNIT_SCADA,1,"2019/08/22 19:45:00",MLSP1,0.180001
D,DISPATCH,UNIT_SCADA,1,"2019/08/22 19:45:00",MLWF1,2.37
D,DISPATCH,UNIT_SCADA,1,"2019/08/22 19:45:00",MTMILLAR,2.894670
D,DISPATCH,UNIT_SCADA,1,"2019/08/22 19:45:00",PALOONA,28.879999
D,DISPATCH,UNIT_SCADA,1,"2019/08/22 19:45:00",PIONEER,48.600002
D,DISPATCH,UNIT_SCADA,1,"2019/08/22 19:45:00",PORTWF,-0.10
D,DISPATCH,UNIT_SCADA,1,"2019/08/22 19:45:00",REPULSE,29.127031
D,DISPATCH,UNIT_SCADA,1,"2019/08/22 19:45:00",ROWALLAN,10.5080
D,DISPATCH,UNIT_SCADA,1,"2019/08/22 19:45:00",ROYALLA1,0
D,DISPATCH,UNIT_SCADA,1,"2019/08/22 19:45:00",RPCG,11.80
D,DISPATCH,UNIT_SCADA,1,"2019/08/22 19:45:00",RUBICON,0
D,DISPATCH,UNIT_SCADA,1,"2019/08/22 19:45:00",SATGN1,0
D,DISPATCH,UNIT_SCADA,1,"2019/08/22 19:45:00",SATGS1,0
D,DISPATCH,UNIT_SCADA,1,"2019/08/22 19:45:00",STARHLWF,-0.099971
D,DISPATCH,UNIT_SCADA,1,"2019/08/22 19:45:00",WAUBRAWF,68.711998
D,DISPATCH,UNIT_SCADA,1,"2019/08/22 19:45:00",WOOLNTH1,47.460014
D,DISPATCH,UNIT_SCADA,1,"2019/08/22 19:45:00",WPWF,0
D,DISPATCH,UNIT_SCADA,1,"2019/08/22 19:45:00",YAMBUKWF,0.30
D,DISPATCH,UNIT_SCADA,1,"2019/08/22 19:45:00",YSWF1,1.80
D,DISPATCH,UNIT_SCADA,1,"2019/08/22 19:45:00",AGLHAL,53.842280
D,DISPATCH,UNIT_SCADA,1,"2019/08/22 19:45:00",AGLSOM,81.30
D,DISPATCH,UNIT_SCADA,1,"2019/08/22 19:45:00",ANGAST1,0
D,DISPATCH,UNIT_SCADA,1,"2019/08/22 19:45:00",ARWF1,50.30
D,DISPATCH,UNIT_SCADA,1,"2019/08/22 19:45:00",BALBG1,0
D,DISPATCH,UNIT_SCADA,1,"2019/08/22 19:45:00",BALBL1,0
D,DISPATCH,UNIT_SCADA,1,"2019/08/22 19:45:00",BALDHWF1,51.31
D,DISPATCH,UNIT_SCADA,1,"2019/08/22 19:45:00",BANN1,0
D,DISPATCH,UNIT_SCADA,1,"2019/08/22 19:45:00",BARCALDN,0
D,DISPATCH,UNIT_SCADA,1,"2019/08/22 19:45:00",BARRON-1,0
D,DISPATCH,UNIT_SCADA,1,"2019/08/22 19:45:00",BARRON-2,28.40
D,DISPATCH,UNIT_SCADA,1,"2019/08/22 19:45:00",BASTYAN,77.52
D,DISPATCH,UNIT_SCADA,1,"2019/08/22 19:45:00",BBTHREE1,-1.97
D,DISPATCH,UNIT_SCADA,1,"2019/08/22 19:45:00",BBTHREE2,-1.96
D,DISPATCH,UNIT_SCADA,1,"2019/08/22 19:45:00",BBTHREE3,-1.04
D,DISPATCH,UNIT_SCADA,1,"2019/08/22 19:45:00",BDL01,44.58
D,DISPATCH,UNIT_SCADA,1,"2019/08/22 19:45:00",BDL02,44.52
D,DISPATCH,UNIT_SCADA,1,"2019/08/22 19:45:00",BERYLSF1,-0.179440
D,DISPATCH,UNIT_SCADA,1,"2019/08/22 19:45:00",BLOWERNG,0
D,DISPATCH,UNIT_SCADA,1,"2019/08/22 19:45:00",BLUFF1,0.40
D,DISPATCH,UNIT_SCADA,1,"2019/08/22 19:45:00",BNGSF1,0
D,DISPATCH,UNIT_SCADA,1,"2019/08/22 19:45:00",BNGSF2,0
D,DISPATCH,UNIT_SCADA,1,"2019/08/22 19:45:00",BOCORWF1,71.12
D,DISPATCH,UNIT_SCADA,1,"2019/08/22 19:45:00",BODWF1,61.3902
D,DISPATCH,UNIT_SCADA,1,"2019/08/22 19:45:00",BRAEMAR1,157.600010
D,DISPATCH,UNIT_SCADA,1,"2019/08/22 19:45:00",BRAEMAR2,173.200010
D,DISPATCH,UNIT_SCADA,1,"2019/08/22 19:45:00",BRAEMAR3,169.400010
D,DISPATCH,UNIT_SCADA,1,"2019/08/22 19:45:00",BRAEMAR5,0
D,DISPATCH,UNIT_SCADA,1,"2019/08/22 19:45:00",BRAEMAR6,159.272870
D,DISPATCH,UNIT_SCADA,1,"2019/08/22 19:45:00",BRAEMAR7,164.459430
D,DISPATCH,UNIT_SCADA,1,"2019/08/22 19:45:00",BROKENH1,0
D,DISPATCH,UNIT_SCADA,1,"2019/08/22 19:45:00",BW01,658.175050
D,DISPATCH,UNIT_SCADA,1,"2019/08/22 19:45:00",BW02,660.6250
D,DISPATCH,UNIT_SCADA,1,"2019/08/22 19:45:00",BW03,661.5249
D,DISPATCH,UNIT_SCADA,1,"2019/08/22 19:45:00",BW04,0
D,DISPATCH,UNIT_SCADA,1,"2019/08/22 19:45:00",CALL_B_1,118.50
D,DISPATCH,UNIT_SCADA,1,"2019/08/22 19:45:00",CALL_B_2,349.50
D,DISPATCH,UNIT_SCADA,1,"2019/08/22 19:45:00",CETHANA,98.124630
D,DISPATCH,UNIT_SCADA,1,"2019/08/22 19:45:00",CG1,0
D,DISPATCH,UNIT_SCADA,1,"2019/08/22 19:45:00",CG2,0
D,DISPATCH,UNIT_SCADA,1,"2019/08/22 19:45:00",CG3,0
D,DISPATCH,UNIT_SCADA,1,"2019/08/22 19:45:00",CG4,0
D,DISPATCH,UNIT_SCADA,1,"2019/08/22 19:45:00",CHILDSF1,0
D,DISPATCH,UNIT_SCADA,1,"2019/08/22 19:45:00",CLARESF1,0
D,DISPATCH,UNIT_SCADA,1,"2019/08/22 19:45:00",CLEMGPWF,-0.144070
D,DISPATCH,UNIT_SCADA,1,"2019/08/22 19:45:00",CLERMSF1,0
D,DISPATCH,UNIT_SCADA,1,"2019/08/22 19:45:00",COLEASF1,0
D,DISPATCH,UNIT_SCADA,1,"2019/08/22 19:45:00",COOPGWF1,26.364520
D,DISPATCH,UNIT_SCADA,1,"2019/08/22 19:45:00",CPP_3,403.975010
D,DISPATCH,UNIT_SCADA,1,"2019/08/22 19:45:00",CPP_4,405.350010
D,DISPATCH,UNIT_SCADA,1,"2019/08/22 19:45:00",CPSA,143.2075
D,DISPATCH,UNIT_SCADA,1,"2019/08/22 19:45:00",CROOKWF2,1.6675
D,DISPATCH,UNIT_SCADA,1,"2019/08/22 19:45:00",CROWLWF1,11.394560
D,DISPATCH,UNIT_SCADA,1,"2019/08/22 19:45:00",CSPVPS1,0
D,DISPATCH,UNIT_SCADA,1,"2019/08/22 19:45:00",DALNTH01,0
D,DISPATCH,UNIT_SCADA,1,"2019/08/22 19:45:00",DALNTHL1,0.068670
D,DISPATCH,UNIT_SCADA,1,"2019/08/22 19:45:00",DARTM1,132.600010
D,DISPATCH,UNIT_SCADA,1,"2019/08/22 19:45:00",DAYDSF1,0
D,DISPATCH,UNIT_SCADA,1,"2019/08/22 19:45:00",DDPS1,632.236080
D,DISPATCH,UNIT_SCADA,1,"2019/08/22 19:45:00",DDSF1,0
D,DISPATCH,UNIT_SCADA,1,"2019/08/22 19:45:00",DEVILS_G,0
D,DISPATCH,UNIT_SCADA,1,"2019/08/22 19:45:00",DG_NSW1,0
D,DISPATCH,UNIT_SCADA,1,"2019/08/22 19:45:00",DG_QLD1,0
D,DISPATCH,UNIT_SCADA,1,"2019/08/22 19:45:00",DG_SA1,0
D,DISPATCH,UNIT_SCADA,1,"2019/08/22 19:45:00",DG_TAS1,0
D,DISPATCH,UNIT_SCADA,1,"2019/08/22 19:45:00",DG_VIC1,0
D,DISPATCH,UNIT_SCADA,1,"2019/08/22 19:45:00",DRYCGT1,0
D,DISPATCH,UNIT_SCADA,1,"2019/08/22 19:45:00",DRYCGT2,0
D,DISPATCH,UNIT_SCADA,1,"2019/08/22 19:45:00",DRYCGT3,0
D,DISPATCH,UNIT_SCADA,1,"2019/08/22 19:45:00",EILDON1,0
D,DISPATCH,UNIT_SCADA,1,"2019/08/22 19:45:00",EILDON2,36.52
D,DISPATCH,UNIT_SCADA,1,"2019/08/22 19:45:00",EMERASF1,0
D,DISPATCH,UNIT_SCADA,1,"2019/08/22 19:45:00",ER01,593.175050
D,DISPATCH,UNIT_SCADA,1,"2019/08/22 19:45:00",ER02,690.75
D,DISPATCH,UNIT_SCADA,1,"2019/08/22 19:45:00",ER03,700.300050
D,DISPATCH,UNIT_SCADA,1,"2019/08/22 19:45:00",ER04,690.800050
D,DISPATCH,UNIT_SCADA,1,"2019/08/22 19:45:00",FINLYSF1,0
D,DISPATCH,UNIT_SCADA,1,"2019/08/22 19:45:00",FISHER,45.78
D,DISPATCH,UNIT_SCADA,1,"2019/08/22 19:45:00",GANNBG1,0.025380
D,DISPATCH,UNIT_SCADA,1,"2019/08/22 19:45:00",GANNBL1,0
D,DISPATCH,UNIT_SCADA,1,"2019/08/22 19:45:00",GANNSF1,0
D,DISPATCH,UNIT_SCADA,1,"2019/08/22 19:45:00",GORDON,146.870090
D,DISPATCH,UNIT_SCADA,1,"2019/08/22 19:45:00",GSTONE1,256.725010
D,DISPATCH,UNIT_SCADA,1,"2019/08/22 19:45:00",GSTONE2,230.1250
D,DISPATCH,UNIT_SCADA,1,"2019/08/22 19:45:00",GSTONE3,239.224990
D,DISPATCH,UNIT_SCADA,1,"2019/08/22 19:45:00",GSTONE4,251.649990
D,DISPATCH,UNIT_SCADA,1,"2019/08/22 19:45:00",GSTONE5,255.6750
D,DISPATCH,UNIT_SCADA,1,"2019/08/22 19:45:00",GSTONE6,0
D,DISPATCH,UNIT_SCADA,1,"2019/08/22 19:45:00",GULLRSF1,0
D,DISPATCH,UNIT_SCADA,1,"2019/08/22 19:45:00",GULLRWF1,10.0246
D,DISPATCH,UNIT_SCADA,1,"2019/08/22 19:45:00",GUNNING1,0.068570
D,DISPATCH,UNIT_SCADA,1,"2019/08/22 19:45:00",GUTHEGA,31.10
D,DISPATCH,UNIT_SCADA,1,"2019/08/22 19:45:00",HALLWF1,-0.37
D,DISPATCH,UNIT_SCADA,1,"2019/08/22 19:45:00",HALLWF2,-0.41
D,DISPATCH,UNIT_SCADA,1,"2019/08/22 19:45:00",HAMISF1,0
D,DISPATCH,UNIT_SCADA,1,"2019/08/22 19:45:00",HAUGHT11,0
D,DISPATCH,UNIT_SCADA,1,"2019/08/22 19:45:00",HAYMSF1,0
D,DISPATCH,UNIT_SCADA,1,"2019/08/22 19:45:00",HDWF1,5.20
D,DISPATCH,UNIT_SCADA,1,"2019/08/22 19:45:00",HDWF2,7.70
D,DISPATCH,UNIT_SCADA,1,"2019/08/22 19:45:00",HDWF3,5.70
D,DISPATCH,UNIT_SCADA,1,"2019/08/22 19:45:00",HPRG1,27.30
D,DISPATCH,UNIT_SCADA,1,"2019/08/22 19:45:00",HPRL1,0
D,DISPATCH,UNIT_SCADA,1,"2019/08/22 19:45:00",HUMENSW,0
D,DISPATCH,UNIT_SCADA,1,"2019/08/22 19:45:00",HUMEV,8.40
D,DISPATCH,UNIT_SCADA,1,"2019/08/22 19:45:00",HVGTS,0
D,DISPATCH,UNIT_SCADA,1,"2019/08/22 19:45:00",JBUTTERS,137.78
D,DISPATCH,UNIT_SCADA,1,"2019/08/22 19:45:00",JLA01,54.10
D,DISPATCH,UNIT_SCADA,1,"2019/08/22 19:45:00",JLA02,54.10
D,DISPATCH,UNIT_SCADA,1,"2019/08/22 19:45:00",JLA03,0.10
D,DISPATCH,UNIT_SCADA,1,"2019/08/22 19:45:00",JLA04,0.10
D,DISPATCH,UNIT_SCADA,1,"2019/08/22 19:45:00",JLB01,0
D,DISPATCH,UNIT_SCADA,1,"2019/08/22 19:45:00",JLB02,84.40
D,DISPATCH,UNIT_SCADA,1,"2019/08/22 19:45:00",JLB03,83.90
D,DISPATCH,UNIT_SCADA,1,"2019/08/22 19:45:00",KAREEYA1,21.5875
D,DISPATCH,UNIT_SCADA,1,"2019/08/22 19:45:00",KAREEYA2,21.90
D,DISPATCH,UNIT_SCADA,1,"2019/08/22 19:45:00",KAREEYA3,0
D,DISPATCH,UNIT_SCADA,1,"2019/08/22 19:45:00",KAREEYA4,21.73
D,DISPATCH,UNIT_SCADA,1,"2019/08/22 19:45:00",KARSF1,0
D,DISPATCH,UNIT_SCADA,1,"2019/08/22 19:45:00",KIATAWF1,5.20
D,DISPATCH,UNIT_SCADA,1,"2019/08/22 19:45:00",KPP_1,0
D,DISPATCH,UNIT_SCADA,1,"2019/08/22 19:45:00",KSP1,0
D,DISPATCH,UNIT_SCADA,1,"2019/08/22 19:45:00",LADBROK1,42.85
D,DISPATCH,UNIT_SCADA,1,"2019/08/22 19:45:00",LADBROK2,42.74
D,DISPATCH,UNIT_SCADA,1,"2019/08/22 19:45:00",LD01,416.981230
D,DISPATCH,UNIT_SCADA,1,"2019/08/22 19:45:00",LD02,419.156250
D,DISPATCH,UNIT_SCADA,1,"2019/08/22 19:45:00",LD03,419.324980
D,DISPATCH,UNIT_SCADA,1,"2019/08/22 19:45:00",LD04,379.818790
D,DISPATCH,UNIT_SCADA,1,"2019/08/22 19:45:00",LEM_WIL,86.237350
D,DISPATCH,UNIT_SCADA,1,"2019/08/22 19:45:00",LGAPWF1,11.30
D,DISPATCH,UNIT_SCADA,1,"2019/08/22 19:45:00",LILYSF1,0
D,DISPATCH,UNIT_SCADA,1,"2019/08/22 19:45:00",LI_WY_CA,149.3074
D,DISPATCH,UNIT_SCADA,1,"2019/08/22 19:45:00",LKBONNY2,7.3568
D,DISPATCH,UNIT_SCADA,1,"2019/08/22 19:45:00",LKBONNY3,2.344520
D,DISPATCH,UNIT_SCADA,1,"2019/08/22 19:45:00",LK_ECHO,0
D,DISPATCH,UNIT_SCADA,1,"2019/08/22 19:45:00",LNGS1,0
D,DISPATCH,UNIT_SCADA,1,"2019/08/22 19:45:00",LNGS2,0
D,DISPATCH,UNIT_SCADA,1,"2019/08/22 19:45:00",LONSDALE,0
D,DISPATCH,UNIT_SCADA,1,"2019/08/22 19:45:00",LOYYB1,535.336730
D,DISPATCH,UNIT_SCADA,1,"2019/08/22 19:45:00",LOYYB2,581.202510
D,DISPATCH,UNIT_SCADA,1,"2019/08/22 19:45:00",LYA1,561
D,DISPATCH,UNIT_SCADA,1,"2019/08/22 19:45:00",LYA2,0
D,DISPATCH,UNIT_SCADA,1,"2019/08/22 19:45:00",LYA3,561
D,DISPATCH,UNIT_SCADA,1,"2019/08/22 19:45:00",LYA4,541
D,DISPATCH,UNIT_SCADA,1,"2019/08/22 19:45:00",MACARTH1,0
D,DISPATCH,UNIT_SCADA,1,"2019/08/22 19:45:00",MACKAYGT,0
D,DISPATCH,UNIT_SCADA,1,"2019/08/22 19:45:00",MACKNTSH,85.920010
D,DISPATCH,UNIT_SCADA,1,"2019/08/22 19:45:00",MANSLR1,0
D,DISPATCH,UNIT_SCADA,1,"2019/08/22 19:45:00",MCKAY1,147.210010
D,DISPATCH,UNIT_SCADA,1,"2019/08/22 19:45:00",MEADOWBK,34.0102
D,DISPATCH,UNIT_SCADA,1,"2019/08/22 19:45:00",MERCER01,5.9250
D,DISPATCH,UNIT_SCADA,1,"2019/08/22 19:45:00",MEWF1,3.020290
D,DISPATCH,UNIT_SCADA,1,"2019/08/22 19:45:00",MINTARO,0
D,DISPATCH,UNIT_SCADA,1,"2019/08/22 19:45:00",MOREESF1,0
D,DISPATCH,UNIT_SCADA,1,"2019/08/22 19:45:00",MORTLK11,260
D,DISPATCH,UNIT_SCADA,1,"2019/08/22 19:45:00",MORTLK12,0
D,DISPATCH,UNIT_SCADA,1,"2019/08/22 19:45:00",MP1,277.974980
D,DISPATCH,UNIT_SCADA,1,"2019/08/22 19:45:00",MP2,0
D,DISPATCH,UNIT_SCADA,1,"2019/08/22 19:45:00",MPP_1,409.50
D,DISPATCH,UNIT_SCADA,1,"2019/08/22 19:45:00",MPP_2,435
D,DISPATCH,UNIT_SCADA,1,"2019/08/22 19:45:00",MSTUART1,0
D,DISPATCH,UNIT_SCADA,1,"2019/08/22 19:45:00",MSTUART2,0
D,DISPATCH,UNIT_SCADA,1,"2019/08/22 19:45:00",MSTUART3,0
D,DISPATCH,UNIT_SCADA,1,"2019/08/22 19:45:00",MTGELWF1,3.474530
D,DISPATCH,UNIT_SCADA,1,"2019/08/22 19:45:00",MURRAY,1228.443970
D,DISPATCH,UNIT_SCADA,1,"2019/08/22 19:45:00",MUSSELR1,30.70
D,DISPATCH,UNIT_SCADA,1,"2019/08/22 19:45:00",MUWAWF1,5.94
D,DISPATCH,UNIT_SCADA,1,"2019/08/22 19:45:00",NBHWF1,-0.10
D,DISPATCH,UNIT_SCADA,1,"2019/08/22 19:45:00",NPS,512.6250
D,DISPATCH,UNIT_SCADA,1,"2019/08/22 19:45:00",NUMURSF1,0
D,DISPATCH,UNIT_SCADA,1,"2019/08/22 19:45:00",NYNGAN1,0
D,DISPATCH,UNIT_SCADA,1,"2019/08/22 19:45:00",OAKEY1,0
D,DISPATCH,UNIT_SCADA,1,"2019/08/22 19:45:00",OAKEY1SF,0.02
D,DISPATCH,UNIT_SCADA,1,"2019/08/22 19:45:00",OAKEY2,0
D,DISPATCH,UNIT_SCADA,1,"2019/08/22 19:45:00",OAKLAND1,6.70
D,DISPATCH,UNIT_SCADA,1,"2019/08/22 19:45:00",OSB-AG,183.75
D,DISPATCH,UNIT_SCADA,1,"2019/08/22 19:45:00",PARSF1,0
D,DISPATCH,UNIT_SCADA,1,"2019/08/22 19:45:00",POAT110,84.182970
D,DISPATCH,UNIT_SCADA,1,"2019/08/22 19:45:00",POAT220,141.091930
D,DISPATCH,UNIT_SCADA,1,"2019/08/22 19:45:00",POR01,0
D,DISPATCH,UNIT_SCADA,1,"2019/08/22 19:45:00",POR03,0
D,DISPATCH,UNIT_SCADA,1,"2019/08/22 19:45:00",PPCCGT,493.669160
D,DISPATCH,UNIT_SCADA,1,"2019/08/22 19:45:00",PTSTAN1,0
D,DISPATCH,UNIT_SCADA,1,"2019/08/22 19:45:00",PUMP1,0
D,DISPATCH,UNIT_SCADA,1,"2019/08/22 19:45:00",PUMP2,0
D,DISPATCH,UNIT_SCADA,1,"2019/08/22 19:45:00",QPS1,29.10
D,DISPATCH,UNIT_SCADA,1,"2019/08/22 19:45:00",QPS2,0
D,DISPATCH,UNIT_SCADA,1,"2019/08/22 19:45:00",QPS3,0
D,DISPATCH,UNIT_SCADA,1,"2019/08/22 19:45:00",QPS4,0
D,DISPATCH,UNIT_SCADA,1,"2019/08/22 19:45:00",QPS5,124.79
D,DISPATCH,UNIT_SCADA,1,"2019/08/22 19:45:00",REECE1,119.310010
D,DISPATCH,UNIT_SCADA,1,"2019/08/22 19:45:00",REECE2,117.870010
D,DISPATCH,UNIT_SCADA,1,"2019/08/22 19:45:00",ROMA_7,0
D,DISPATCH,UNIT_SCADA,1,"2019/08/22 19:45:00",ROMA_8,0
D,DISPATCH,UNIT_SCADA,1,"2019/08/22 19:45:00",RRSF1,0
D,DISPATCH,UNIT_SCADA,1,"2019/08/22 19:45:00",RT_NSW1,0
D,DISPATCH,UNIT_SCADA,1,"2019/08/22 19:45:00",RT_NSW2,0
D,DISPATCH,UNIT_SCADA,1,"2019/08/22 19:45:00",RT_NSW3,0
D,DISPATCH,UNIT_SCADA,1,"2019/08/22 19:45:00",RT_NSW4,0
D,DISPATCH,UNIT_SCADA,1,"2019/08/22 19:45:00",RT_NSW5,0
D,DISPATCH,UNIT_SCADA,1,"2019/08/22 19:45:00",RT_NSW6,0
D,DISPATCH,UNIT_SCADA,1,"2019/08/22 19:45:00",RT_QLD1,0
D,DISPATCH,UNIT_SCADA,1,"2019/08/22 19:45:00",RT_SA1,0
D,DISPATCH,UNIT_SCADA,1,"2019/08/22 19:45:00",RT_SA2,0
D,DISPATCH,UNIT_SCADA,1,"2019/08/22 19:45:00",RT_SA3,0
D,DISPATCH,UNIT_SCADA,1,"2019/08/22 19:45:00",RT_SA4,0
D,DISPATCH,UNIT_SCADA,1,"2019/08/22 19:45:00",RT_SA5,0
D,DISPATCH,UNIT_SCADA,1,"2019/08/22 19:45:00",RT_SA6,0
D,DISPATCH,UNIT_SCADA,1,"2019/08/22 19:45:00",RT_TAS1,0
D,DISPATCH,UNIT_SCADA,1,"2019/08/22 19:45:00",RT_VIC1,0
D,DISPATCH,UNIT_SCADA,1,"2019/08/22 19:45:00",RT_VIC10,0
D,DISPATCH,UNIT_SCADA,1,"2019/08/22 19:45:00",RT_VIC11,0
D,DISPATCH,UNIT_SCADA,1,"2019/08/22 19:45:00",RT_VIC12,0
D,DISPATCH,UNIT_SCADA,1,"2019/08/22 19:45:00",RT_VIC2,0
D,DISPATCH,UNIT_SCADA,1,"2019/08/22 19:45:00",RT_VIC3,0
D,DISPATCH,UNIT_SCADA,1,"2019/08/22 19:45:00",RT_VIC4,0
D,DISPATCH,UNIT_SCADA,1,"2019/08/22 19:45:00",RT_VIC5,0
D,DISPATCH,UNIT_SCADA,1,"2019/08/22 19:45:00",RT_VIC6,0
D,DISPATCH,UNIT_SCADA,1,"2019/08/22 19:45:00",RT_VIC7,0
D,DISPATCH,UNIT_SCADA,1,"2019/08/22 19:45:00",RT_VIC8,0
D,DISPATCH,UNIT_SCADA,1,"2019/08/22 19:45:00",RT_VIC9,0
D,DISPATCH,UNIT_SCADA,1,"2019/08/22 19:45:00",RUGBYR1,0
D,DISPATCH,UNIT_SCADA,1,"2019/08/22 19:45:00",SALTCRK1,2.49
D,DISPATCH,UNIT_SCADA,1,"2019/08/22 19:45:00",SAPHWF1,94.846890
D,DISPATCH,UNIT_SCADA,1,"2019/08/22 19:45:00",SHGEN,197.005980
D,DISPATCH,UNIT_SCADA,1,"2019/08/22 19:45:00",SHPUMP,0
D,DISPATCH,UNIT_SCADA,1,"2019/08/22 19:45:00",SITHE01,81.048380
D,DISPATCH,UNIT_SCADA,1,"2019/08/22 19:45:00",SMCSF1,0
D,DISPATCH,UNIT_SCADA,1,"2019/08/22 19:45:00",SNOWNTH1,15.40
D,DISPATCH,UNIT_SCADA,1,"2019/08/22 19:45:00",SNOWSTH1,17.30
D,DISPATCH,UNIT_SCADA,1,"2019/08/22 19:45:00",SNOWTWN1,11.288220
D,DISPATCH,UNIT_SCADA,1,"2019/08/22 19:45:00",SNOWYP,0
D,DISPATCH,UNIT_SCADA,1,"2019/08/22 19:45:00",SNUG1,0.019440
D,DISPATCH,UNIT_SCADA,1,"2019/08/22 19:45:00",SRSF1,0.43
D,DISPATCH,UNIT_SCADA,1,"2019/08/22 19:45:00",STAN-1,0
D,DISPATCH,UNIT_SCADA,1,"2019/08/22 19:45:00",STAN-2,345.926790
D,DISPATCH,UNIT_SCADA,1,"2019/08/22 19:45:00",STAN-3,340.530490
D,DISPATCH,UNIT_SCADA,1,"2019/08/22 19:45:00",STAN-4,365.550840
D,DISPATCH,UNIT_SCADA,1,"2019/08/22 19:45:00",STWF1,105.221250
D,DISPATCH,UNIT_SCADA,1,"2019/08/22 19:45:00",SWAN_E,0
D,DISPATCH,UNIT_SCADA,1,"2019/08/22 19:45:00",TALWA1,423
D,DISPATCH,UNIT_SCADA,1,"2019/08/22 19:45:00",TARALGA1,8.827480
D,DISPATCH,UNIT_SCADA,1,"2019/08/22 19:45:00",TARONG#1,337.800020
D,DISPATCH,UNIT_SCADA,1,"2019/08/22 19:45:00",TARONG#2,339.200010
D,DISPATCH,UNIT_SCADA,1,"2019/08/22 19:45:00",TARONG#3,279.800020
D,DISPATCH,UNIT_SCADA,1,"2019/08/22 19:45:00",TARONG#4,349.300020
D,DISPATCH,UNIT_SCADA,1,"2019/08/22 19:45:00",TARRALEA,83.90
D,DISPATCH,UNIT_SCADA,1,"2019/08/22 19:45:00",TBSF1,-0.20
D,DISPATCH,UNIT_SCADA,1,"2019/08/22 19:45:00",TNPS1,442.300020
D,DISPATCH,UNIT_SCADA,1,"2019/08/22 19:45:00",TORRA1,118.1875
D,DISPATCH,UNIT_SCADA,1,"2019/08/22 19:45:00",TORRA2,0
D,DISPATCH,UNIT_SCADA,1,"2019/08/22 19:45:00",TORRA3,40.808010
D,DISPATCH,UNIT_SCADA,1,"2019/08/22 19:45:00",TORRA4,99.171870
D,DISPATCH,UNIT_SCADA,1,"2019/08/22 19:45:00",TORRB1,122.38
D,DISPATCH,UNIT_SCADA,1,"2019/08/22 19:45:00",TORRB2,184.22
D,DISPATCH,UNIT_SCADA,1,"2019/08/22 19:45:00",TORRB3,0
D,DISPATCH,UNIT_SCADA,1,"2019/08/22 19:45:00",TORRB4,0
D,DISPATCH,UNIT_SCADA,1,"2019/08/22 19:45:00",TREVALLN,87.300030
D,DISPATCH,UNIT_SCADA,1,"2019/08/22 19:45:00",TRIBUTE,84.15
D,DISPATCH,UNIT_SCADA,1,"2019/08/22 19:45:00",TUMUT3,0
D,DISPATCH,UNIT_SCADA,1,"2019/08/22 19:45:00",TUNGATIN,138.970030
D,DISPATCH,UNIT_SCADA,1,"2019/08/22 19:45:00",TVCC201,0
D,DISPATCH,UNIT_SCADA,1,"2019/08/22 19:45:00",TVPP104,57.787490
D,DISPATCH,UNIT_SCADA,1,"2019/08/22 19:45:00",UPPTUMUT,0
D,DISPATCH,UNIT_SCADA,1,"2019/08/22 19:45:00",URANQ11,106
D,DISPATCH,UNIT_SCADA,1,"2019/08/22 19:45:00",URANQ12,106.012510
D,DISPATCH,UNIT_SCADA,1,"2019/08/22 19:45:00",URANQ13,0
D,DISPATCH,UNIT_SCADA,1,"2019/08/22 19:45:00",URANQ14,0
D,DISPATCH,UNIT_SCADA,1,"2019/08/22 19:45:00",VP5,631.549990
D,DISPATCH,UNIT_SCADA,1,"2019/08/22 19:45:00",VP6,635.725040
D,DISPATCH,UNIT_SCADA,1,"2019/08/22 19:45:00",VPGS1,0
D,DISPATCH,UNIT_SCADA,1,"2019/08/22 19:45:00",VPGS2,0
D,DISPATCH,UNIT_SCADA,1,"2019/08/22 19:45:00",VPGS3,0
D,DISPATCH,UNIT_SCADA,1,"2019/08/22 19:45:00",VPGS4,0
D,DISPATCH,UNIT_SCADA,1,"2019/08/22 19:45:00",VPGS5,0
D,DISPATCH,UNIT_SCADA,1,"2019/08/22 19:45:00",VPGS6,0
D,DISPATCH,UNIT_SCADA,1,"2019/08/22 19:45:00",W/HOE#1,0
D,DISPATCH,UNIT_SCADA,1,"2019/08/22 19:45:00",W/HOE#2,0
D,DISPATCH,UNIT_SCADA,1,"2019/08/22 19:45:00",WATERLWF,-0.90
D,DISPATCH,UNIT_SCADA,1,"2019/08/22 19:45:00",WEMENSF1,0
D,DISPATCH,UNIT_SCADA,1,"2019/08/22 19:45:00",WGWF1,5.10
D,DISPATCH,UNIT_SCADA,1,"2019/08/22 19:45:00",WHITSF1,0
D,DISPATCH,UNIT_SCADA,1,"2019/08/22 19:45:00",WKIEWA1,30.80
D,DISPATCH,UNIT_SCADA,1,"2019/08/22 19:45:00",WKIEWA2,0.10
D,DISPATCH,UNIT_SCADA,1,"2019/08/22 19:45:00",WOODLWN1,12.7890
D,DISPATCH,UNIT_SCADA,1,"2019/08/22 19:45:00",WRSF1,0
D,DISPATCH,UNIT_SCADA,1,"2019/08/22 19:45:00",WRWF1,52.781250
D,DISPATCH,UNIT_SCADA,1,"2019/08/22 19:45:00",YABULU,0
D,DISPATCH,UNIT_SCADA,1,"2019/08/22 19:45:00",YABULU2,0
D,DISPATCH,UNIT_SCADA,1,"2019/08/22 19:45:00",YARWUN_1,0
D,DISPATCH,UNIT_SCADA,1,"2019/08/22 19:45:00",YENDWF1,8.79
D,DISPATCH,UNIT_SCADA,1,"2019/08/22 19:45:00",YWPS1,367.417720
D,DISPATCH,UNIT_SCADA,1,"2019/08/22 19:45:00",YWPS2,278.192410
D,DISPATCH,UNIT_SCADA,1,"2019/08/22 19:45:00",YWPS3,0
D,DISPATCH,UNIT_SCADA,1,"2019/08/22 19:45:00",YWPS4,395.520260
C,"END OF REPORT",334
