C,NEMP.WORLD,DISPATCHSCADA,AEMO,PUBLIC,2019/08/23,02:35:07,0000000311890453,DISPATCHSCADA,0000000311890447
I,DISPATCH,UNIT_SCADA,1,SETTLEMENTDATE,DUID,SCADAVALUE
D,DISPATCH,UNIT_SCADA,1,"2019/08/23 02:40:00",BARCSF1,0
D,DISPATCH,UNIT_SCADA,1,"2019/08/23 02:40:00",BUTLERSG,9.699999
D,DISPATCH,UNIT_SCADA,1,"2019/08/23 02:40:00",CALL_A_4,0
D,DISPATCH,UNIT_SCADA,1,"2019/08/23 02:40:00",CAPTL_WF,6.491997
D,DISPATCH,UNIT_SCADA,1,"2019/08/23 02:40:00",CATHROCK,40.199997
D,DISPATCH,UNIT_SCADA,1,"2019/08/23 02:40:00",CHALLHWF,0
D,DISPATCH,UNIT_SCADA,1,"2019/08/23 02:40:00",CLOVER,0
D,DISPATCH,UNIT_SCADA,1,"2019/08/23 02:40:00",CLUNY,20.320898
D,DISPATCH,UNIT_SCADA,1,"2019/08/23 02:40:00",CNUNDAWF,0.600701
D,DISPATCH,UNIT_SCADA,1,"2019/08/23 02:40:00",CULLRGWF,2.54
D,DISPATCH,UNIT_SCADA,1,"2019/08/23 02:40:00",ERGT01,0
D,DISPATCH,UNIT_SCADA,1,"2019/08/23 02:40:00",GB01,0.066196
D,DISPATCH,UNIT_SCADA,1,"2019/08/23 02:40:00",GERMCRK,37.200001
D,DISPATCH,UNIT_SCADA,1,"2019/08/23 02:40:00",GRIFSF1,0
D,DISPATCH,UNIT_SCADA,1,"2019/08/23 02:40:00",HUGSF1,-0.2370
D,DISPATCH,UNIT_SCADA,1,"2019/08/23 02:40:00",LKBONNY1,0.535856
D,DISPATCH,UNIT_SCADA,1,"2019/08/23 02:40:00",LRSF1,-0.0130
D,DISPATCH,UNIT_SCADA,1,"2019/08/23 02:40:00",MBAHNTH,55.800003
D,DISPATCH,UNIT_SCADA,1,"2019/08/23 02:40:00",MLSP1,0.180001
D,DISPATCH,UNIT_SCADA,1,"2019/08/23 02:40:00",MLWF1,1.0050
D,DISPATCH,UNIT_SCADA,1,"2019/08/23 02:40:00",MTMILLAR,8.334269
D,DISPATCH,UNIT_SCADA,1,"2019/08/23 02:40:00",PALOONA,28.57
D,DISPATCH,UNIT_SCADA,1,"2019/08/23 02:40:00",PIONEER,49
D,DISPATCH,UNIT_SCADA,1,"2019/08/23 02:40:00",PORTWF,9.10
D,DISPATCH,UNIT_SCADA,1,"2019/08/23 02:40:00",REPULSE,28.879225
D,DISPATCH,UNIT_SCADA,1,"2019/08/23 02:40:00",ROWALLAN,10.2453
D,DISPATCH,UNIT_SCADA,1,"2019/08/23 02:40:00",ROYALLA1,0
D,DISPATCH,UNIT_SCADA,1,"2019/08/23 02:40:00",RPCG,11.10
D,DISPATCH,UNIT_SCADA,1,"2019/08/23 02:40:00",RUBICON,0
D,DISPATCH,UNIT_SCADA,1,"2019/08/23 02:40:00",SATGN1,0
D,DISPATCH,UNIT_SCADA,1,"2019/08/23 02:40:00",SATGS1,0
D,DISPATCH,UNIT_SCADA,1,"2019/08/23 02:40:00",STARHLWF,0.999708
D,DISPATCH,UNIT_SCADA,1,"2019/08/23 02:40:00",WAUBRAWF,25.0380
D,DISPATCH,UNIT_SCADA,1,"2019/08/23 02:40:00",WOOLNTH1,24.680016
D,DISPATCH,UNIT_SCADA,1,"2019/08/23 02:40:00",WPWF,0
D,DISPATCH,UNIT_SCADA,1,"2019/08/23 02:40:00",YAMBUKWF,3.70
D,DISPATCH,UNIT_SCADA,1,"2019/08/23 02:40:00",YSWF1,0
D,DISPATCH,UNIT_SCADA,1,"2019/08/23 02:40:00",AGLHAL,0
D,DISPATCH,UNIT_SCADA,1,"2019/08/23 02:40:00",AGLSOM,0
D,DISPATCH,UNIT_SCADA,1,"2019/08/23 02:40:00",ANGAST1,0
D,DISPATCH,UNIT_SCADA,1,"2019/08/23 02:40:00",ARWF1,6
D,DISPATCH,UNIT_SCADA,1,"2019/08/23 02:40:00",BALBG1,0
D,DISPATCH,UNIT_SCADA,1,"2019/08/23 02:40:00",BALBL1,2.34
D,DISPATCH,UNIT_SCADA,1,"2019/08/23 02:40:00",BALDHWF1,6.9530
D,DISPATCH,UNIT_SCADA,1,"2019/08/23 02:40:00",BANN1,0
D,DISPATCH,UNIT_SCADA,1,"2019/08/23 02:40:00",BARCALDN,0
D,DISPATCH,UNIT_SCADA,1,"2019/08/23 02:40:00",BARRON-1,0
D,DISPATCH,UNIT_SCADA,1,"2019/08/23 02:40:00",BARRON-2,0
D,DISPATCH,UNIT_SCADA,1,"2019/08/23 02:40:00",BASTYAN,78.110010
D,DISPATCH,UNIT_SCADA,1,"2019/08/23 02:40:00",BBTHREE1,-2.13
D,DISPATCH,UNIT_SCADA,1,"2019/08/23 02:40:00",BBTHREE2,-2.11
D,DISPATCH,UNIT_SCADA,1,"2019/08/23 02:40:00",BBTHREE3,-1.18
D,DISPATCH,UNIT_SCADA,1,"2019/08/23 02:40:00",BDL01,0
D,DISPATCH,UNIT_SCADA,1,"2019/08/23 02:40:00",BDL02,0
D,DISPATCH,UNIT_SCADA,1,"2019/08/23 02:40:00",BERYLSF1,-0.179440
D,DISPATCH,UNIT_SCADA,1,"2019/08/23 02:40:00",BLOWERNG,0
D,DISPATCH,UNIT_SCADA,1,"2019/08/23 02:40:00",BLUFF1,3
D,DISPATCH,UNIT_SCADA,1,"2019/08/23 02:40:00",BNGSF1,0
D,DISPATCH,UNIT_SCADA,1,"2019/08/23 02:40:00",BNGSF2,0
D,DISPATCH,UNIT_SCADA,1,"2019/08/23 02:40:00",BOCORWF1,30.09
D,DISPATCH,UNIT_SCADA,1,"2019/08/23 02:40:00",BODWF1,81.272710
D,DISPATCH,UNIT_SCADA,1,"2019/08/23 02:40:00",BRAEMAR1,0
D,DISPATCH,UNIT_SCADA,1,"2019/08/23 02:40:00",BRAEMAR2,0
D,DISPATCH,UNIT_SCADA,1,"2019/08/23 02:40:00",BRAEMAR3,0
D,DISPATCH,UNIT_SCADA,1,"2019/08/23 02:40:00",BRAEMAR5,0
D,DISPATCH,UNIT_SCADA,1,"2019/08/23 02:40:00",BRAEMAR6,0
D,DISPATCH,UNIT_SCADA,1,"2019/08/23 02:40:00",BRAEMAR7,0
D,DISPATCH,UNIT_SCADA,1,"2019/08/23 02:40:00",BROKENH1,0
D,DISPATCH,UNIT_SCADA,1,"2019/08/23 02:40:00",BW01,600.650020
D,DISPATCH,UNIT_SCADA,1,"2019/08/23 02:40:00",BW02,637.6001
D,DISPATCH,UNIT_SCADA,1,"2019/08/23 02:40:00",BW03,628.8750
D,DISPATCH,UNIT_SCADA,1,"2019/08/23 02:40:00",BW04,0
D,DISPATCH,UNIT_SCADA,1,"2019/08/23 02:40:00",CALL_B_1,330
D,DISPATCH,UNIT_SCADA,1,"2019/08/23 02:40:00",CALL_B_2,349.200010
D,DISPATCH,UNIT_SCADA,1,"2019/08/23 02:40:00",CETHANA,98.543750
D,DISPATCH,UNIT_SCADA,1,"2019/08/23 02:40:00",CG1,0
D,DISPATCH,UNIT_SCADA,1,"2019/08/23 02:40:00",CG2,0
D,DISPATCH,UNIT_SCADA,1,"2019/08/23 02:40:00",CG3,0
D,DISPATCH,UNIT_SCADA,1,"2019/08/23 02:40:00",CG4,0
D,DISPATCH,UNIT_SCADA,1,"2019/08/23 02:40:00",CHILDSF1,0
D,DISPATCH,UNIT_SCADA,1,"2019/08/23 02:40:00",CLARESF1,0
D,DISPATCH,UNIT_SCADA,1,"2019/08/23 02:40:00",CLEMGPWF,15.703630
D,DISPATCH,UNIT_SCADA,1,"2019/08/23 02:40:00",CLERMSF1,0
D,DISPATCH,UNIT_SCADA,1,"2019/08/23 02:40:00",COLEASF1,0
D,DISPATCH,UNIT_SCADA,1,"2019/08/23 02:40:00",COOPGWF1,35.357340
D,DISPATCH,UNIT_SCADA,1,"2019/08/23 02:40:00",CPP_3,405.6250
D,DISPATCH,UNIT_SCADA,1,"2019/08/23 02:40:00",CPP_4,405.6250
D,DISPATCH,UNIT_SCADA,1,"2019/08/23 02:40:00",CPSA,143.6550
D,DISPATCH,UNIT_SCADA,1,"2019/08/23 02:40:00",CROOKWF2,2.404990
D,DISPATCH,UNIT_SCADA,1,"2019/08/23 02:40:00",CROWLWF1,5.153280
D,DISPATCH,UNIT_SCADA,1,"2019/08/23 02:40:00",CSPVPS1,0
D,DISPATCH,UNIT_SCADA,1,"2019/08/23 02:40:00",DALNTH01,0
D,DISPATCH,UNIT_SCADA,1,"2019/08/23 02:40:00",DALNTHL1,6.086820
D,DISPATCH,UNIT_SCADA,1,"2019/08/23 02:40:00",DARTM1,134.600010
D,DISPATCH,UNIT_SCADA,1,"2019/08/23 02:40:00",DAYDSF1,0
D,DISPATCH,UNIT_SCADA,1,"2019/08/23 02:40:00",DDPS1,255.136630
D,DISPATCH,UNIT_SCADA,1,"2019/08/23 02:40:00",DDSF1,0
D,DISPATCH,UNIT_SCADA,1,"2019/08/23 02:40:00",DEVILS_G,0
D,DISPATCH,UNIT_SCADA,1,"2019/08/23 02:40:00",DG_NSW1,0
D,DISPATCH,UNIT_SCADA,1,"2019/08/23 02:40:00",DG_QLD1,0
D,DISPATCH,UNIT_SCADA,1,"2019/08/23 02:40:00",DG_SA1,0
D,DISPATCH,UNIT_SCADA,1,"2019/08/23 02:40:00",DG_TAS1,0
D,DISPATCH,UNIT_SCADA,1,"2019/08/23 02:40:00",DG_VIC1,0
D,DISPATCH,UNIT_SCADA,1,"2019/08/23 02:40:00",DRYCGT1,0
D,DISPATCH,UNIT_SCADA,1,"2019/08/23 02:40:00",DRYCGT2,0
D,DISPATCH,UNIT_SCADA,1,"2019/08/23 02:40:00",DRYCGT3,0
D,DISPATCH,UNIT_SCADA,1,"2019/08/23 02:40:00",EILDON1,0
D,DISPATCH,UNIT_SCADA,1,"2019/08/23 02:40:00",EILDON2,0
D,DISPATCH,UNIT_SCADA,1,"2019/08/23 02:40:00",EMERASF1,0
D,DISPATCH,UNIT_SCADA,1,"2019/08/23 02:40:00",ER01,497.474980
D,DISPATCH,UNIT_SCADA,1,"2019/08/23 02:40:00",ER02,359.6250
D,DISPATCH,UNIT_SCADA,1,"2019/08/23 02:40:00",ER03,379.900020
D,DISPATCH,UNIT_SCADA,1,"2019/08/23 02:40:00",ER04,478
D,DISPATCH,UNIT_SCADA,1,"2019/08/23 02:40:00",FINLYSF1,0
D,DISPATCH,UNIT_SCADA,1,"2019/08/23 02:40:00",FISHER,45.98
D,DISPATCH,UNIT_SCADA,1,"2019/08/23 02:40:00",GANNBG1,0
D,DISPATCH,UNIT_SCADA,1,"2019/08/23 02:40:00",GANNBL1,2.816580
D,DISPATCH,UNIT_SCADA,1,"2019/08/23 02:40:00",GANNSF1,0
D,DISPATCH,UNIT_SCADA,1,"2019/08/23 02:40:00",GORDON,115.965350
D,DISPATCH,UNIT_SCADA,1,"2019/08/23 02:40:00",GSTONE1,207.3750
D,DISPATCH,UNIT_SCADA,1,"2019/08/23 02:40:00",GSTONE2,200.20
D,DISPATCH,UNIT_SCADA,1,"2019/08/23 02:40:00",GSTONE3,207.3750
D,DISPATCH,UNIT_SCADA,1,"2019/08/23 02:40:00",GSTONE4,150.149990
D,DISPATCH,UNIT_SCADA,1,"2019/08/23 02:40:00",GSTONE5,206.50
D,DISPATCH,UNIT_SCADA,1,"2019/08/23 02:40:00",GSTONE6,0
D,DISPATCH,UNIT_SCADA,1,"2019/08/23 02:40:00",GULLRSF1,0
D,DISPATCH,UNIT_SCADA,1,"2019/08/23 02:40:00",GULLRWF1,3.798890
D,DISPATCH,UNIT_SCADA,1,"2019/08/23 02:40:00",GUNNING1,1.9856
D,DISPATCH,UNIT_SCADA,1,"2019/08/23 02:40:00",GUTHEGA,0
D,DISPATCH,UNIT_SCADA,1,"2019/08/23 02:40:00",HALLWF1,18.34
D,DISPATCH,UNIT_SCADA,1,"2019/08/23 02:40:00",HALLWF2,8.04
D,DISPATCH,UNIT_SCADA,1,"2019/08/23 02:40:00",HAMISF1,0
D,DISPATCH,UNIT_SCADA,1,"2019/08/23 02:40:00",HAUGHT11,0
D,DISPATCH,UNIT_SCADA,1,"2019/08/23 02:40:00",HAYMSF1,0
D,DISPATCH,UNIT_SCADA,1,"2019/08/23 02:40:00",HDWF1,33.50
D,DISPATCH,UNIT_SCADA,1,"2019/08/23 02:40:00",HDWF2,37.60
D,DISPATCH,UNIT_SCADA,1,"2019/08/23 02:40:00",HDWF3,36.50
D,DISPATCH,UNIT_SCADA,1,"2019/08/23 02:40:00",HPRG1,26.80
D,DISPATCH,UNIT_SCADA,1,"2019/08/23 02:40:00",HPRL1,0
D,DISPATCH,UNIT_SCADA,1,"2019/08/23 02:40:00",HUMENSW,0
D,DISPATCH,UNIT_SCADA,1,"2019/08/23 02:40:00",HUMEV,9.30
D,DISPATCH,UNIT_SCADA,1,"2019/08/23 02:40:00",HVGTS,0
D,DISPATCH,UNIT_SCADA,1,"2019/08/23 02:40:00",JBUTTERS,142.59
D,DISPATCH,UNIT_SCADA,1,"2019/08/23 02:40:00",JLA01,0.10
D,DISPATCH,UNIT_SCADA,1,"2019/08/23 02:40:00",JLA02,0
D,DISPATCH,UNIT_SCADA,1,"2019/08/23 02:40:00",JLA03,0.10
D,DISPATCH,UNIT_SCADA,1,"2019/08/23 02:40:00",JLA04,0.10
D,DISPATCH,UNIT_SCADA,1,"2019/08/23 02:40:00",JLB01,0
D,DISPATCH,UNIT_SCADA,1,"2019/08/23 02:40:00",JLB02,0.10
D,DISPATCH,UNIT_SCADA,1,"2019/08/23 02:40:00",JLB03,0
D,DISPATCH,UNIT_SCADA,1,"2019/08/23 02:40:00",KAREEYA1,21.5375
D,DISPATCH,UNIT_SCADA,1,"2019/08/23 02:40:00",KAREEYA2,21.5850
D,DISPATCH,UNIT_SCADA,1,"2019/08/23 02:40:00",KAREEYA3,0
D,DISPATCH,UNIT_SCADA,1,"2019/08/23 02:40:00",KAREEYA4,21.7550
D,DISPATCH,UNIT_SCADA,1,"2019/08/23 02:40:00",KARSF1,0
D,DISPATCH,UNIT_SCADA,1,"2019/08/23 02:40:00",KIATAWF1,-0.30
D,DISPATCH,UNIT_SCADA,1,"2019/08/23 02:40:00",KPP_1,0
D,DISPATCH,UNIT_SCADA,1,"2019/08/23 02:40:00",KSP1,0
D,DISPATCH,UNIT_SCADA,1,"2019/08/23 02:40:00",LADBROK1,0
D,DISPATCH,UNIT_SCADA,1,"2019/08/23 02:40:00",LADBROK2,0
D,DISPATCH,UNIT_SCADA,1,"2019/08/23 02:40:00",LD01,343.631290
D,DISPATCH,UNIT_SCADA,1,"2019/08/23 02:40:00",LD02,299.324980
D,DISPATCH,UNIT_SCADA,1,"2019/08/23 02:40:00",LD03,349.50
D,DISPATCH,UNIT_SCADA,1,"2019/08/23 02:40:00",LD04,348.243840
D,DISPATCH,UNIT_SCADA,1,"2019/08/23 02:40:00",LEM_WIL,86.099240
D,DISPATCH,UNIT_SCADA,1,"2019/08/23 02:40:00",LGAPWF1,3.27
D,DISPATCH,UNIT_SCADA,1,"2019/08/23 02:40:00",LILYSF1,0
D,DISPATCH,UNIT_SCADA,1,"2019/08/23 02:40:00",LI_WY_CA,149.397480
D,DISPATCH,UNIT_SCADA,1,"2019/08/23 02:40:00",LKBONNY2,1.8566
D,DISPATCH,UNIT_SCADA,1,"2019/08/23 02:40:00",LKBONNY3,0.725690
D,DISPATCH,UNIT_SCADA,1,"2019/08/23 02:40:00",LK_ECHO,0
D,DISPATCH,UNIT_SCADA,1,"2019/08/23 02:40:00",LNGS1,0
D,DISPATCH,UNIT_SCADA,1,"2019/08/23 02:40:00",LNGS2,0
D,DISPATCH,UNIT_SCADA,1,"2019/08/23 02:40:00",LONSDALE,0
D,DISPATCH,UNIT_SCADA,1,"2019/08/23 02:40:00",LOYYB1,536.840520
D,DISPATCH,UNIT_SCADA,1,"2019/08/23 02:40:00",LOYYB2,584.586060
D,DISPATCH,UNIT_SCADA,1,"2019/08/23 02:40:00",LYA1,560
D,DISPATCH,UNIT_SCADA,1,"2019/08/23 02:40:00",LYA2,0
D,DISPATCH,UNIT_SCADA,1,"2019/08/23 02:40:00",LYA3,561
D,DISPATCH,UNIT_SCADA,1,"2019/08/23 02:40:00",LYA4,540
D,DISPATCH,UNIT_SCADA,1,"2019/08/23 02:40:00",MACARTH1,0
D,DISPATCH,UNIT_SCADA,1,"2019/08/23 02:40:00",MACKAYGT,0
D,DISPATCH,UNIT_SCADA,1,"2019/08/23 02:40:00",MACKNTSH,86.580010
D,DISPATCH,UNIT_SCADA,1,"2019/08/23 02:40:00",MANSLR1,0
D,DISPATCH,UNIT_SCADA,1,"2019/08/23 02:40:00",MCKAY1,0.02
D,DISPATCH,UNIT_SCADA,1,"2019/08/23 02:40:00",MEADOWBK,33.8673
D,DISPATCH,UNIT_SCADA,1,"2019/08/23 02:40:00",MERCER01,-0.2160
D,DISPATCH,UNIT_SCADA,1,"2019/08/23 02:40:00",MEWF1,30.358530
D,DISPATCH,UNIT_SCADA,1,"2019/08/23 02:40:00",MINTARO,0
D,DISPATCH,UNIT_SCADA,1,"2019/08/23 02:40:00",MOREESF1,0
D,DISPATCH,UNIT_SCADA,1,"2019/08/23 02:40:00",MORTLK11,174
D,DISPATCH,UNIT_SCADA,1,"2019/08/23 02:40:00",MORTLK12,0
D,DISPATCH,UNIT_SCADA,1,"2019/08/23 02:40:00",MP1,278.50
D,DISPATCH,UNIT_SCADA,1,"2019/08/23 02:40:00",MP2,0
D,DISPATCH,UNIT_SCADA,1,"2019/08/23 02:40:00",MPP_1,375.75
D,DISPATCH,UNIT_SCADA,1,"2019/08/23 02:40:00",MPP_2,420
D,DISPATCH,UNIT_SCADA,1,"2019/08/23 02:40:00",MSTUART1,0
D,DISPATCH,UNIT_SCADA,1,"2019/08/23 02:40:00",MSTUART2,0
D,DISPATCH,UNIT_SCADA,1,"2019/08/23 02:40:00",MSTUART3,0
D,DISPATCH,UNIT_SCADA,1,"2019/08/23 02:40:00",MTGELWF1,-0.410470
D,DISPATCH,UNIT_SCADA,1,"2019/08/23 02:40:00",MURRAY,119.08
D,DISPATCH,UNIT_SCADA,1,"2019/08/23 02:40:00",MUSSELR1,4.40
D,DISPATCH,UNIT_SCADA,1,"2019/08/23 02:40:00",MUWAWF1,-0.10
D,DISPATCH,UNIT_SCADA,1,"2019/08/23 02:40:00",NBHWF1,27.20
D,DISPATCH,UNIT_SCADA,1,"2019/08/23 02:40:00",NPS,204
D,DISPATCH,UNIT_SCADA,1,"2019/08/23 02:40:00",NUMURSF1,0
D,DISPATCH,UNIT_SCADA,1,"2019/08/23 02:40:00",NYNGAN1,0
D,DISPATCH,UNIT_SCADA,1,"2019/08/23 02:40:00",OAKEY1,0
D,DISPATCH,UNIT_SCADA,1,"2019/08/23 02:40:00",OAKEY1SF,0
D,DISPATCH,UNIT_SCADA,1,"2019/08/23 02:40:00",OAKEY2,0
D,DISPATCH,UNIT_SCADA,1,"2019/08/23 02:40:00",OAKLAND1,-0.40
D,DISPATCH,UNIT_SCADA,1,"2019/08/23 02:40:00",OSB-AG,140.679990
D,DISPATCH,UNIT_SCADA,1,"2019/08/23 02:40:00",PARSF1,0
D,DISPATCH,UNIT_SCADA,1,"2019/08/23 02:40:00",POAT110,0
D,DISPATCH,UNIT_SCADA,1,"2019/08/23 02:40:00",POAT220,4.87
D,DISPATCH,UNIT_SCADA,1,"2019/08/23 02:40:00",POR01,0
D,DISPATCH,UNIT_SCADA,1,"2019/08/23 02:40:00",POR03,0
D,DISPATCH,UNIT_SCADA,1,"2019/08/23 02:40:00",PPCCGT,497.024660
D,DISPATCH,UNIT_SCADA,1,"2019/08/23 02:40:00",PTSTAN1,0
D,DISPATCH,UNIT_SCADA,1,"2019/08/23 02:40:00",PUMP1,0
D,DISPATCH,UNIT_SCADA,1,"2019/08/23 02:40:00",PUMP2,0
D,DISPATCH,UNIT_SCADA,1,"2019/08/23 02:40:00",QPS1,0
D,DISPATCH,UNIT_SCADA,1,"2019/08/23 02:40:00",QPS2,0
D,DISPATCH,UNIT_SCADA,1,"2019/08/23 02:40:00",QPS3,0
D,DISPATCH,UNIT_SCADA,1,"2019/08/23 02:40:00",QPS4,0
D,DISPATCH,UNIT_SCADA,1,"2019/08/23 02:40:00",QPS5,0
D,DISPATCH,UNIT_SCADA,1,"2019/08/23 02:40:00",REECE1,119.780010
D,DISPATCH,UNIT_SCADA,1,"2019/08/23 02:40:00",REECE2,118.830010
D,DISPATCH,UNIT_SCADA,1,"2019/08/23 02:40:00",ROMA_7,0
D,DISPATCH,UNIT_SCADA,1,"2019/08/23 02:40:00",ROMA_8,0
D,DISPATCH,UNIT_SCADA,1,"2019/08/23 02:40:00",RRSF1,0
D,DISPATCH,UNIT_SCADA,1,"2019/08/23 02:40:00",RT_NSW1,0
D,DISPATCH,UNIT_SCADA,1,"2019/08/23 02:40:00",RT_NSW2,0
D,DISPATCH,UNIT_SCADA,1,"2019/08/23 02:40:00",RT_NSW3,0
D,DISPATCH,UNIT_SCADA,1,"2019/08/23 02:40:00",RT_NSW4,0
D,DISPATCH,UNIT_SCADA,1,"2019/08/23 02:40:00",RT_NSW5,0
D,DISPATCH,UNIT_SCADA,1,"2019/08/23 02:40:00",RT_NSW6,0
D,DISPATCH,UNIT_SCADA,1,"2019/08/23 02:40:00",RT_QLD1,0
D,DISPATCH,UNIT_SCADA,1,"2019/08/23 02:40:00",RT_SA1,0
D,DISPATCH,UNIT_SCADA,1,"2019/08/23 02:40:00",RT_SA2,0
D,DISPATCH,UNIT_SCADA,1,"2019/08/23 02:40:00",RT_SA3,0
D,DISPATCH,UNIT_SCADA,1,"2019/08/23 02:40:00",RT_SA4,0
D,DISPATCH,UNIT_SCADA,1,"2019/08/23 02:40:00",RT_SA5,0
D,DISPATCH,UNIT_SCADA,1,"2019/08/23 02:40:00",RT_SA6,0
D,DISPATCH,UNIT_SCADA,1,"2019/08/23 02:40:00",RT_TAS1,0
D,DISPATCH,UNIT_SCADA,1,"2019/08/23 02:40:00",RT_VIC1,0
D,DISPATCH,UNIT_SCADA,1,"2019/08/23 02:40:00",RT_VIC10,0
D,DISPATCH,UNIT_SCADA,1,"2019/08/23 02:40:00",RT_VIC11,0
D,DISPATCH,UNIT_SCADA,1,"2019/08/23 02:40:00",RT_VIC12,0
D,DISPATCH,UNIT_SCADA,1,"2019/08/23 02:40:00",RT_VIC2,0
D,DISPATCH,UNIT_SCADA,1,"2019/08/23 02:40:00",RT_VIC3,0
D,DISPATCH,UNIT_SCADA,1,"2019/08/23 02:40:00",RT_VIC4,0
D,DISPATCH,UNIT_SCADA,1,"2019/08/23 02:40:00",RT_VIC5,0
D,DISPATCH,UNIT_SCADA,1,"2019/08/23 02:40:00",RT_VIC6,0
D,DISPATCH,UNIT_SCADA,1,"2019/08/23 02:40:00",RT_VIC7,0
D,DISPATCH,UNIT_SCADA,1,"2019/08/23 02:40:00",RT_VIC8,0
D,DISPATCH,UNIT_SCADA,1,"2019/08/23 02:40:00",RT_VIC9,0
D,DISPATCH,UNIT_SCADA,1,"2019/08/23 02:40:00",RUGBYR1,0
D,DISPATCH,UNIT_SCADA,1,"2019/08/23 02:40:00",SALTCRK1,-0.41
D,DISPATCH,UNIT_SCADA,1,"2019/08/23 02:40:00",SAPHWF1,25.528110
D,DISPATCH,UNIT_SCADA,1,"2019/08/23 02:40:00",SHGEN,0
D,DISPATCH,UNIT_SCADA,1,"2019/08/23 02:40:00",SHPUMP,0
D,DISPATCH,UNIT_SCADA,1,"2019/08/23 02:40:00",SITHE01,0.194050
D,DISPATCH,UNIT_SCADA,1,"2019/08/23 02:40:00",SMCSF1,0
D,DISPATCH,UNIT_SCADA,1,"2019/08/23 02:40:00",SNOWNTH1,18.50
D,DISPATCH,UNIT_SCADA,1,"2019/08/23 02:40:00",SNOWSTH1,33.30
D,DISPATCH,UNIT_SCADA,1,"2019/08/23 02:40:00",SNOWTWN1,26.785210
D,DISPATCH,UNIT_SCADA,1,"2019/08/23 02:40:00",SNOWYP,0
D,DISPATCH,UNIT_SCADA,1,"2019/08/23 02:40:00",SNUG1,0.019440
D,DISPATCH,UNIT_SCADA,1,"2019/08/23 02:40:00",SRSF1,0
D,DISPATCH,UNIT_SCADA,1,"2019/08/23 02:40:00",STAN-1,0
D,DISPATCH,UNIT_SCADA,1,"2019/08/23 02:40:00",STAN-2,222.337550
D,DISPATCH,UNIT_SCADA,1,"2019/08/23 02:40:00",STAN-3,224.067960
D,DISPATCH,UNIT_SCADA,1,"2019/08/23 02:40:00",STAN-4,222.2991
D,DISPATCH,UNIT_SCADA,1,"2019/08/23 02:40:00",STWF1,157.4325
D,DISPATCH,UNIT_SCADA,1,"2019/08/23 02:40:00",SWAN_E,0
D,DISPATCH,UNIT_SCADA,1,"2019/08/23 02:40:00",TALWA1,425
D,DISPATCH,UNIT_SCADA,1,"2019/08/23 02:40:00",TARALGA1,3.588750
D,DISPATCH,UNIT_SCADA,1,"2019/08/23 02:40:00",TARONG#1,243.900010
D,DISPATCH,UNIT_SCADA,1,"2019/08/23 02:40:00",TARONG#2,244.100010
D,DISPATCH,UNIT_SCADA,1,"2019/08/23 02:40:00",TARONG#3,201.70
D,DISPATCH,UNIT_SCADA,1,"2019/08/23 02:40:00",TARONG#4,237.70
D,DISPATCH,UNIT_SCADA,1,"2019/08/23 02:40:00",TARRALEA,83.90
D,DISPATCH,UNIT_SCADA,1,"2019/08/23 02:40:00",TBSF1,-0.20
D,DISPATCH,UNIT_SCADA,1,"2019/08/23 02:40:00",TNPS1,400.000030
D,DISPATCH,UNIT_SCADA,1,"2019/08/23 02:40:00",TORRA1,110.902930
D,DISPATCH,UNIT_SCADA,1,"2019/08/23 02:40:00",TORRA2,0
D,DISPATCH,UNIT_SCADA,1,"2019/08/23 02:40:00",TORRA3,0
D,DISPATCH,UNIT_SCADA,1,"2019/08/23 02:40:00",TORRA4,0
D,DISPATCH,UNIT_SCADA,1,"2019/08/23 02:40:00",TORRB1,0
D,DISPATCH,UNIT_SCADA,1,"2019/08/23 02:40:00",TORRB2,183.100010
D,DISPATCH,UNIT_SCADA,1,"2019/08/23 02:40:00",TORRB3,0
D,DISPATCH,UNIT_SCADA,1,"2019/08/23 02:40:00",TORRB4,0
D,DISPATCH,UNIT_SCADA,1,"2019/08/23 02:40:00",TREVALLN,44.050010
D,DISPATCH,UNIT_SCADA,1,"2019/08/23 02:40:00",TRIBUTE,84.65
D,DISPATCH,UNIT_SCADA,1,"2019/08/23 02:40:00",TUMUT3,0
D,DISPATCH,UNIT_SCADA,1,"2019/08/23 02:40:00",TUNGATIN,139.820040
D,DISPATCH,UNIT_SCADA,1,"2019/08/23 02:40:00",TVCC201,0
D,DISPATCH,UNIT_SCADA,1,"2019/08/23 02:40:00",TVPP104,0
D,DISPATCH,UNIT_SCADA,1,"2019/08/23 02:40:00",UPPTUMUT,0
D,DISPATCH,UNIT_SCADA,1,"2019/08/23 02:40:00",URANQ11,0
D,DISPATCH,UNIT_SCADA,1,"2019/08/23 02:40:00",URANQ12,0
D,DISPATCH,UNIT_SCADA,1,"2019/08/23 02:40:00",URANQ13,0
D,DISPATCH,UNIT_SCADA,1,"2019/08/23 02:40:00",URANQ14,0
D,DISPATCH,UNIT_SCADA,1,"2019/08/23 02:40:00",VP5,502.650020
D,DISPATCH,UNIT_SCADA,1,"2019/08/23 02:40:00",VP6,475.425020
D,DISPATCH,UNIT_SCADA,1,"2019/08/23 02:40:00",VPGS1,0
D,DISPATCH,UNIT_SCADA,1,"2019/08/23 02:40:00",VPGS2,0
D,DISPATCH,UNIT_SCADA,1,"2019/08/23 02:40:00",VPGS3,0
D,DISPATCH,UNIT_SCADA,1,"2019/08/23 02:40:00",VPGS4,0
D,DISPATCH,UNIT_SCADA,1,"2019/08/23 02:40:00",VPGS5,0
D,DISPATCH,UNIT_SCADA,1,"2019/08/23 02:40:00",VPGS6,0
D,DISPATCH,UNIT_SCADA,1,"2019/08/23 02:40:00",W/HOE#1,0
D,DISPATCH,UNIT_SCADA,1,"2019/08/23 02:40:00",W/HOE#2,0
D,DISPATCH,UNIT_SCADA,1,"2019/08/23 02:40:00",WATERLWF,17.90
D,DISPATCH,UNIT_SCADA,1,"2019/08/23 02:40:00",WEMENSF1,0
D,DISPATCH,UNIT_SCADA,1,"2019/08/23 02:40:00",WGWF1,8.90
D,DISPATCH,UNIT_SCADA,1,"2019/08/23 02:40:00",WHITSF1,0
D,DISPATCH,UNIT_SCADA,1,"2019/08/23 02:40:00",WKIEWA1,27.90
D,DISPATCH,UNIT_SCADA,1,"2019/08/23 02:40:00",WKIEWA2,18.20
D,DISPATCH,UNIT_SCADA,1,"2019/08/23 02:40:00",WOODLWN1,0
D,DISPATCH,UNIT_SCADA,1,"2019/08/23 02:40:00",WRSF1,0
D,DISPATCH,UNIT_SCADA,1,"2019/08/23 02:40:00",WRWF1,36.83
D,DISPATCH,UNIT_SCADA,1,"2019/08/23 02:40:00",YABULU,0
D,DISPATCH,UNIT_SCADA,1,"2019/08/23 02:40:00",YABULU2,0
D,DISPATCH,UNIT_SCADA,1,"2019/08/23 02:40:00",YARWUN_1,0
D,DISPATCH,UNIT_SCADA,1,"2019/08/23 02:40:00",YENDWF1,-1.52
D,DISPATCH,UNIT_SCADA,1,"2019/08/23 02:40:00",YWPS1,358.896210
D,DISPATCH,UNIT_SCADA,1,"2019/08/23 02:40:00",YWPS2,277.941770
D,DISPATCH,UNIT_SCADA,1,"2019/08/23 02:40:00",YWPS3,0
D,DISPATCH,UNIT_SCADA,1,"2019/08/23 02:40:00",YWPS4,0
C,"END OF REPORT",334
