C,NEMP.WORLD,DISPATCHSCADA,AEMO,PUBLIC,2019/08/20,21:15:07,0000000311801184,DISPATCHSCADA,0000000311801178
I,DISPATCH,UNIT_SCADA,1,SETTLEMENTDATE,DUID,SCADAVALUE
D,DISPATCH,UNIT_SCADA,1,"2019/08/20 21:20:00",BARCSF1,0.50
D,DISPATCH,UNIT_SCADA,1,"2019/08/20 21:20:00",BUTLERSG,9.699999
D,DISPATCH,UNIT_SCADA,1,"2019/08/20 21:20:00",CALL_A_4,0
D,DISPATCH,UNIT_SCADA,1,"2019/08/20 21:20:00",CAPTL_WF,133.428009
D,DISPATCH,UNIT_SCADA,1,"2019/08/20 21:20:00",CATHROCK,51.519997
D,DISPATCH,UNIT_SCADA,1,"2019/08/20 21:20:00",CHALLHWF,35.800003
D,DISPATCH,UNIT_SCADA,1,"2019/08/20 21:20:00",CLOVER,-0.01
D,DISPATCH,UNIT_SCADA,1,"2019/08/20 21:20:00",CLUNY,19.897001
D,DISPATCH,UNIT_SCADA,1,"2019/08/20 21:20:00",CNUNDAWF,41.348236
D,DISPATCH,UNIT_SCADA,1,"2019/08/20 21:20:00",CULLRGWF,30.059999
D,DISPATCH,UNIT_SCADA,1,"2019/08/20 21:20:00",ERGT01,0
D,DISPATCH,UNIT_SCADA,1,"2019/08/20 21:20:00",GB01,0.071815
D,DISPATCH,UNIT_SCADA,1,"2019/08/20 21:20:00",GERMCRK,38.799999
D,DISPATCH,UNIT_SCADA,1,"2019/08/20 21:20:00",GRIFSF1,0
D,DISPATCH,UNIT_SCADA,1,"2019/08/20 21:20:00",HUGSF1,-0.2040
D,DISPATCH,UNIT_SCADA,1,"2019/08/20 21:20:00",LKBONNY1,76.180885
D,DISPATCH,UNIT_SCADA,1,"2019/08/20 21:20:00",LRSF1,0.0290
D,DISPATCH,UNIT_SCADA,1,"2019/08/20 21:20:00",MBAHNTH,56.043747
D,DISPATCH,UNIT_SCADA,1,"2019/08/20 21:20:00",MLSP1,0.283001
D,DISPATCH,UNIT_SCADA,1,"2019/08/20 21:20:00",MLWF1,19.709999
D,DISPATCH,UNIT_SCADA,1,"2019/08/20 21:20:00",MTMILLAR,20.634756
D,DISPATCH,UNIT_SCADA,1,"2019/08/20 21:20:00",PALOONA,23.93
D,DISPATCH,UNIT_SCADA,1,"2019/08/20 21:20:00",PIONEER,30.300001
D,DISPATCH,UNIT_SCADA,1,"2019/08/20 21:20:00",PORTWF,137
D,DISPATCH,UNIT_SCADA,1,"2019/08/20 21:20:00",REPULSE,29.202717
D,DISPATCH,UNIT_SCADA,1,"2019/08/20 21:20:00",ROWALLAN,9.9755
D,DISPATCH,UNIT_SCADA,1,"2019/08/20 21:20:00",ROYALLA1,0
D,DISPATCH,UNIT_SCADA,1,"2019/08/20 21:20:00",RPCG,10.70
D,DISPATCH,UNIT_SCADA,1,"2019/08/20 21:20:00",RUBICON,0
D,DISPATCH,UNIT_SCADA,1,"2019/08/20 21:20:00",SATGN1,0
D,DISPATCH,UNIT_SCADA,1,"2019/08/20 21:20:00",SATGS1,0
D,DISPATCH,UNIT_SCADA,1,"2019/08/20 21:20:00",STARHLWF,11.796560
D,DISPATCH,UNIT_SCADA,1,"2019/08/20 21:20:00",WAUBRAWF,148.121994
D,DISPATCH,UNIT_SCADA,1,"2019/08/20 21:20:00",WOOLNTH1,61.760017
D,DISPATCH,UNIT_SCADA,1,"2019/08/20 21:20:00",WPWF,36
D,DISPATCH,UNIT_SCADA,1,"2019/08/20 21:20:00",YAMBUKWF,29.10
D,DISPATCH,UNIT_SCADA,1,"2019/08/20 21:20:00",YSWF1,28.60
D,DISPATCH,UNIT_SCADA,1,"2019/08/20 21:20:00",AGLHAL,0
D,DISPATCH,UNIT_SCADA,1,"2019/08/20 21:20:00",AGLSOM,79.80
D,DISPATCH,UNIT_SCADA,1,"2019/08/20 21:20:00",ANGAST1,0
D,DISPATCH,UNIT_SCADA,1,"2019/08/20 21:20:00",ARWF1,57.30
D,DISPATCH,UNIT_SCADA,1,"2019/08/20 21:20:00",BALBG1,15.23
D,DISPATCH,UNIT_SCADA,1,"2019/08/20 21:20:00",BALBL1,0
D,DISPATCH,UNIT_SCADA,1,"2019/08/20 21:20:00",BALDHWF1,103.1780
D,DISPATCH,UNIT_SCADA,1,"2019/08/20 21:20:00",BANN1,0
D,DISPATCH,UNIT_SCADA,1,"2019/08/20 21:20:00",BARCALDN,0
D,DISPATCH,UNIT_SCADA,1,"2019/08/20 21:20:00",BARRON-1,0
D,DISPATCH,UNIT_SCADA,1,"2019/08/20 21:20:00",BARRON-2,28.56
D,DISPATCH,UNIT_SCADA,1,"2019/08/20 21:20:00",BASTYAN,80.09
D,DISPATCH,UNIT_SCADA,1,"2019/08/20 21:20:00",BBTHREE1,-1.80
D,DISPATCH,UNIT_SCADA,1,"2019/08/20 21:20:00",BBTHREE2,-1.83
D,DISPATCH,UNIT_SCADA,1,"2019/08/20 21:20:00",BBTHREE3,0
D,DISPATCH,UNIT_SCADA,1,"2019/08/20 21:20:00",BDL01,0
D,DISPATCH,UNIT_SCADA,1,"2019/08/20 21:20:00",BDL02,-0.06
D,DISPATCH,UNIT_SCADA,1,"2019/08/20 21:20:00",BERYLSF1,0
D,DISPATCH,UNIT_SCADA,1,"2019/08/20 21:20:00",BLOWERNG,0
D,DISPATCH,UNIT_SCADA,1,"2019/08/20 21:20:00",BLUFF1,44.40
D,DISPATCH,UNIT_SCADA,1,"2019/08/20 21:20:00",BNGSF1,0
D,DISPATCH,UNIT_SCADA,1,"2019/08/20 21:20:00",BNGSF2,0
D,DISPATCH,UNIT_SCADA,1,"2019/08/20 21:20:00",BOCORWF1,93.33
D,DISPATCH,UNIT_SCADA,1,"2019/08/20 21:20:00",BODWF1,47.610020
D,DISPATCH,UNIT_SCADA,1,"2019/08/20 21:20:00",BRAEMAR1,0
D,DISPATCH,UNIT_SCADA,1,"2019/08/20 21:20:00",BRAEMAR2,100.40
D,DISPATCH,UNIT_SCADA,1,"2019/08/20 21:20:00",BRAEMAR3,0
D,DISPATCH,UNIT_SCADA,1,"2019/08/20 21:20:00",BRAEMAR5,0
D,DISPATCH,UNIT_SCADA,1,"2019/08/20 21:20:00",BRAEMAR6,0
D,DISPATCH,UNIT_SCADA,1,"2019/08/20 21:20:00",BRAEMAR7,0
D,DISPATCH,UNIT_SCADA,1,"2019/08/20 21:20:00",BROKENH1,0
D,DISPATCH,UNIT_SCADA,1,"2019/08/20 21:20:00",BW01,653.075070
D,DISPATCH,UNIT_SCADA,1,"2019/08/20 21:20:00",BW02,658.150020
D,DISPATCH,UNIT_SCADA,1,"2019/08/20 21:20:00",BW03,653.974980
D,DISPATCH,UNIT_SCADA,1,"2019/08/20 21:20:00",BW04,0
D,DISPATCH,UNIT_SCADA,1,"2019/08/20 21:20:00",CALL_B_1,349
D,DISPATCH,UNIT_SCADA,1,"2019/08/20 21:20:00",CALL_B_2,300
D,DISPATCH,UNIT_SCADA,1,"2019/08/20 21:20:00",CETHANA,96.148750
D,DISPATCH,UNIT_SCADA,1,"2019/08/20 21:20:00",CG1,0
D,DISPATCH,UNIT_SCADA,1,"2019/08/20 21:20:00",CG2,0
D,DISPATCH,UNIT_SCADA,1,"2019/08/20 21:20:00",CG3,0
D,DISPATCH,UNIT_SCADA,1,"2019/08/20 21:20:00",CG4,0
D,DISPATCH,UNIT_SCADA,1,"2019/08/20 21:20:00",CHILDSF1,0
D,DISPATCH,UNIT_SCADA,1,"2019/08/20 21:20:00",CLARESF1,0
D,DISPATCH,UNIT_SCADA,1,"2019/08/20 21:20:00",CLEMGPWF,47.182930
D,DISPATCH,UNIT_SCADA,1,"2019/08/20 21:20:00",CLERMSF1,0
D,DISPATCH,UNIT_SCADA,1,"2019/08/20 21:20:00",COLEASF1,0
D,DISPATCH,UNIT_SCADA,1,"2019/08/20 21:20:00",COOPGWF1,21.085520
D,DISPATCH,UNIT_SCADA,1,"2019/08/20 21:20:00",CPP_3,405.899990
D,DISPATCH,UNIT_SCADA,1,"2019/08/20 21:20:00",CPP_4,281.325010
D,DISPATCH,UNIT_SCADA,1,"2019/08/20 21:20:00",CPSA,142.59
D,DISPATCH,UNIT_SCADA,1,"2019/08/20 21:20:00",CROOKWF2,91.893750
D,DISPATCH,UNIT_SCADA,1,"2019/08/20 21:20:00",CROWLWF1,61.642750
D,DISPATCH,UNIT_SCADA,1,"2019/08/20 21:20:00",CSPVPS1,0
D,DISPATCH,UNIT_SCADA,1,"2019/08/20 21:20:00",DALNTH01,0
D,DISPATCH,UNIT_SCADA,1,"2019/08/20 21:20:00",DALNTHL1,0.080870
D,DISPATCH,UNIT_SCADA,1,"2019/08/20 21:20:00",DARTM1,134
D,DISPATCH,UNIT_SCADA,1,"2019/08/20 21:20:00",DAYDSF1,0
D,DISPATCH,UNIT_SCADA,1,"2019/08/20 21:20:00",DDPS1,230.319050
D,DISPATCH,UNIT_SCADA,1,"2019/08/20 21:20:00",DDSF1,0
D,DISPATCH,UNIT_SCADA,1,"2019/08/20 21:20:00",DEVILS_G,60.233770
D,DISPATCH,UNIT_SCADA,1,"2019/08/20 21:20:00",DG_NSW1,0
D,DISPATCH,UNIT_SCADA,1,"2019/08/20 21:20:00",DG_QLD1,0
D,DISPATCH,UNIT_SCADA,1,"2019/08/20 21:20:00",DG_SA1,0
D,DISPATCH,UNIT_SCADA,1,"2019/08/20 21:20:00",DG_TAS1,0
D,DISPATCH,UNIT_SCADA,1,"2019/08/20 21:20:00",DG_VIC1,0
D,DISPATCH,UNIT_SCADA,1,"2019/08/20 21:20:00",DRYCGT1,0
D,DISPATCH,UNIT_SCADA,1,"2019/08/20 21:20:00",DRYCGT2,0
D,DISPATCH,UNIT_SCADA,1,"2019/08/20 21:20:00",DRYCGT3,0
D,DISPATCH,UNIT_SCADA,1,"2019/08/20 21:20:00",EILDON1,0
D,DISPATCH,UNIT_SCADA,1,"2019/08/20 21:20:00",EILDON2,0
D,DISPATCH,UNIT_SCADA,1,"2019/08/20 21:20:00",EMERASF1,0
D,DISPATCH,UNIT_SCADA,1,"2019/08/20 21:20:00",ER01,594.050050
D,DISPATCH,UNIT_SCADA,1,"2019/08/20 21:20:00",ER02,697.6250
D,DISPATCH,UNIT_SCADA,1,"2019/08/20 21:20:00",ER03,699.174930
D,DISPATCH,UNIT_SCADA,1,"2019/08/20 21:20:00",ER04,699.50
D,DISPATCH,UNIT_SCADA,1,"2019/08/20 21:20:00",FINLYSF1,0
D,DISPATCH,UNIT_SCADA,1,"2019/08/20 21:20:00",FISHER,46.07
D,DISPATCH,UNIT_SCADA,1,"2019/08/20 21:20:00",GANNBG1,14.601610
D,DISPATCH,UNIT_SCADA,1,"2019/08/20 21:20:00",GANNBL1,0
D,DISPATCH,UNIT_SCADA,1,"2019/08/20 21:20:00",GANNSF1,0
D,DISPATCH,UNIT_SCADA,1,"2019/08/20 21:20:00",GORDON,0
D,DISPATCH,UNIT_SCADA,1,"2019/08/20 21:20:00",GSTONE1,225.75
D,DISPATCH,UNIT_SCADA,1,"2019/08/20 21:20:00",GSTONE2,219.80
D,DISPATCH,UNIT_SCADA,1,"2019/08/20 21:20:00",GSTONE3,225.05
D,DISPATCH,UNIT_SCADA,1,"2019/08/20 21:20:00",GSTONE4,224.8750
D,DISPATCH,UNIT_SCADA,1,"2019/08/20 21:20:00",GSTONE5,223.649990
D,DISPATCH,UNIT_SCADA,1,"2019/08/20 21:20:00",GSTONE6,0
D,DISPATCH,UNIT_SCADA,1,"2019/08/20 21:20:00",GULLRSF1,0
D,DISPATCH,UNIT_SCADA,1,"2019/08/20 21:20:00",GULLRWF1,150.175260
D,DISPATCH,UNIT_SCADA,1,"2019/08/20 21:20:00",GUNNING1,45.6875
D,DISPATCH,UNIT_SCADA,1,"2019/08/20 21:20:00",GUTHEGA,0
D,DISPATCH,UNIT_SCADA,1,"2019/08/20 21:20:00",HALLWF1,92.28
D,DISPATCH,UNIT_SCADA,1,"2019/08/20 21:20:00",HALLWF2,64.12
D,DISPATCH,UNIT_SCADA,1,"2019/08/20 21:20:00",HAMISF1,0
D,DISPATCH,UNIT_SCADA,1,"2019/08/20 21:20:00",HAUGHT11,0
D,DISPATCH,UNIT_SCADA,1,"2019/08/20 21:20:00",HAYMSF1,0
D,DISPATCH,UNIT_SCADA,1,"2019/08/20 21:20:00",HDWF1,81
D,DISPATCH,UNIT_SCADA,1,"2019/08/20 21:20:00",HDWF2,56.80
D,DISPATCH,UNIT_SCADA,1,"2019/08/20 21:20:00",HDWF3,72.10
D,DISPATCH,UNIT_SCADA,1,"2019/08/20 21:20:00",HPRG1,23.10
D,DISPATCH,UNIT_SCADA,1,"2019/08/20 21:20:00",HPRL1,0
D,DISPATCH,UNIT_SCADA,1,"2019/08/20 21:20:00",HUMENSW,0
D,DISPATCH,UNIT_SCADA,1,"2019/08/20 21:20:00",HUMEV,9.50
D,DISPATCH,UNIT_SCADA,1,"2019/08/20 21:20:00",HVGTS,0
D,DISPATCH,UNIT_SCADA,1,"2019/08/20 21:20:00",JBUTTERS,140.09
D,DISPATCH,UNIT_SCADA,1,"2019/08/20 21:20:00",JLA01,0.50
D,DISPATCH,UNIT_SCADA,1,"2019/08/20 21:20:00",JLA02,0
D,DISPATCH,UNIT_SCADA,1,"2019/08/20 21:20:00",JLA03,0.10
D,DISPATCH,UNIT_SCADA,1,"2019/08/20 21:20:00",JLA04,0.10
D,DISPATCH,UNIT_SCADA,1,"2019/08/20 21:20:00",JLB01,0
D,DISPATCH,UNIT_SCADA,1,"2019/08/20 21:20:00",JLB02,0.10
D,DISPATCH,UNIT_SCADA,1,"2019/08/20 21:20:00",JLB03,0
D,DISPATCH,UNIT_SCADA,1,"2019/08/20 21:20:00",KAREEYA1,21.44
D,DISPATCH,UNIT_SCADA,1,"2019/08/20 21:20:00",KAREEYA2,21.6450
D,DISPATCH,UNIT_SCADA,1,"2019/08/20 21:20:00",KAREEYA3,0
D,DISPATCH,UNIT_SCADA,1,"2019/08/20 21:20:00",KAREEYA4,21.6850
D,DISPATCH,UNIT_SCADA,1,"2019/08/20 21:20:00",KARSF1,0
D,DISPATCH,UNIT_SCADA,1,"2019/08/20 21:20:00",KIATAWF1,30.90
D,DISPATCH,UNIT_SCADA,1,"2019/08/20 21:20:00",KPP_1,0
D,DISPATCH,UNIT_SCADA,1,"2019/08/20 21:20:00",KSP1,0
D,DISPATCH,UNIT_SCADA,1,"2019/08/20 21:20:00",LADBROK1,0
D,DISPATCH,UNIT_SCADA,1,"2019/08/20 21:20:00",LADBROK2,0
D,DISPATCH,UNIT_SCADA,1,"2019/08/20 21:20:00",LD01,415.706270
D,DISPATCH,UNIT_SCADA,1,"2019/08/20 21:20:00",LD02,417.3750
D,DISPATCH,UNIT_SCADA,1,"2019/08/20 21:20:00",LD03,415.1813
D,DISPATCH,UNIT_SCADA,1,"2019/08/20 21:20:00",LD04,373.443790
D,DISPATCH,UNIT_SCADA,1,"2019/08/20 21:20:00",LEM_WIL,85.6992
D,DISPATCH,UNIT_SCADA,1,"2019/08/20 21:20:00",LGAPWF1,14.49
D,DISPATCH,UNIT_SCADA,1,"2019/08/20 21:20:00",LILYSF1,0
D,DISPATCH,UNIT_SCADA,1,"2019/08/20 21:20:00",LI_WY_CA,149.000080
D,DISPATCH,UNIT_SCADA,1,"2019/08/20 21:20:00",LKBONNY2,152.226870
D,DISPATCH,UNIT_SCADA,1,"2019/08/20 21:20:00",LKBONNY3,38.126440
D,DISPATCH,UNIT_SCADA,1,"2019/08/20 21:20:00",LK_ECHO,0
D,DISPATCH,UNIT_SCADA,1,"2019/08/20 21:20:00",LNGS1,0
D,DISPATCH,UNIT_SCADA,1,"2019/08/20 21:20:00",LNGS2,0
D,DISPATCH,UNIT_SCADA,1,"2019/08/20 21:20:00",LONSDALE,0
D,DISPATCH,UNIT_SCADA,1,"2019/08/20 21:20:00",LOYYB1,536.840520
D,DISPATCH,UNIT_SCADA,1,"2019/08/20 21:20:00",LOYYB2,580.8266
D,DISPATCH,UNIT_SCADA,1,"2019/08/20 21:20:00",LYA1,502
D,DISPATCH,UNIT_SCADA,1,"2019/08/20 21:20:00",LYA2,0
D,DISPATCH,UNIT_SCADA,1,"2019/08/20 21:20:00",LYA3,560
D,DISPATCH,UNIT_SCADA,1,"2019/08/20 21:20:00",LYA4,540
D,DISPATCH,UNIT_SCADA,1,"2019/08/20 21:20:00",MACARTH1,369.891450
D,DISPATCH,UNIT_SCADA,1,"2019/08/20 21:20:00",MACKAYGT,0
D,DISPATCH,UNIT_SCADA,1,"2019/08/20 21:20:00",MACKNTSH,85.460010
D,DISPATCH,UNIT_SCADA,1,"2019/08/20 21:20:00",MANSLR1,0
D,DISPATCH,UNIT_SCADA,1,"2019/08/20 21:20:00",MCKAY1,0.02
D,DISPATCH,UNIT_SCADA,1,"2019/08/20 21:20:00",MEADOWBK,34.1531
D,DISPATCH,UNIT_SCADA,1,"2019/08/20 21:20:00",MERCER01,129.0670
D,DISPATCH,UNIT_SCADA,1,"2019/08/20 21:20:00",MEWF1,65.832960
D,DISPATCH,UNIT_SCADA,1,"2019/08/20 21:20:00",MINTARO,0
D,DISPATCH,UNIT_SCADA,1,"2019/08/20 21:20:00",MOREESF1,0
D,DISPATCH,UNIT_SCADA,1,"2019/08/20 21:20:00",MORTLK11,114
D,DISPATCH,UNIT_SCADA,1,"2019/08/20 21:20:00",MORTLK12,0
D,DISPATCH,UNIT_SCADA,1,"2019/08/20 21:20:00",MP1,276.474980
D,DISPATCH,UNIT_SCADA,1,"2019/08/20 21:20:00",MP2,0
D,DISPATCH,UNIT_SCADA,1,"2019/08/20 21:20:00",MPP_1,401
D,DISPATCH,UNIT_SCADA,1,"2019/08/20 21:20:00",MPP_2,424.25
D,DISPATCH,UNIT_SCADA,1,"2019/08/20 21:20:00",MSTUART1,0
D,DISPATCH,UNIT_SCADA,1,"2019/08/20 21:20:00",MSTUART2,0
D,DISPATCH,UNIT_SCADA,1,"2019/08/20 21:20:00",MSTUART3,0
D,DISPATCH,UNIT_SCADA,1,"2019/08/20 21:20:00",MTGELWF1,64.667190
D,DISPATCH,UNIT_SCADA,1,"2019/08/20 21:20:00",MURRAY,0
D,DISPATCH,UNIT_SCADA,1,"2019/08/20 21:20:00",MUSSELR1,42.30
D,DISPATCH,UNIT_SCADA,1,"2019/08/20 21:20:00",MUWAWF1,49.61
D,DISPATCH,UNIT_SCADA,1,"2019/08/20 21:20:00",NBHWF1,120.20
D,DISPATCH,UNIT_SCADA,1,"2019/08/20 21:20:00",NPS,102
D,DISPATCH,UNIT_SCADA,1,"2019/08/20 21:20:00",NUMURSF1,0
D,DISPATCH,UNIT_SCADA,1,"2019/08/20 21:20:00",NYNGAN1,0
D,DISPATCH,UNIT_SCADA,1,"2019/08/20 21:20:00",OAKEY1,0
D,DISPATCH,UNIT_SCADA,1,"2019/08/20 21:20:00",OAKEY1SF,0.0380
D,DISPATCH,UNIT_SCADA,1,"2019/08/20 21:20:00",OAKEY2,0
D,DISPATCH,UNIT_SCADA,1,"2019/08/20 21:20:00",OAKLAND1,62.40
D,DISPATCH,UNIT_SCADA,1,"2019/08/20 21:20:00",OSB-AG,141.72
D,DISPATCH,UNIT_SCADA,1,"2019/08/20 21:20:00",PARSF1,0
D,DISPATCH,UNIT_SCADA,1,"2019/08/20 21:20:00",POAT110,0
D,DISPATCH,UNIT_SCADA,1,"2019/08/20 21:20:00",POAT220,7.36
D,DISPATCH,UNIT_SCADA,1,"2019/08/20 21:20:00",POR01,0
D,DISPATCH,UNIT_SCADA,1,"2019/08/20 21:20:00",POR03,0
D,DISPATCH,UNIT_SCADA,1,"2019/08/20 21:20:00",PPCCGT,353.408260
D,DISPATCH,UNIT_SCADA,1,"2019/08/20 21:20:00",PTSTAN1,0
D,DISPATCH,UNIT_SCADA,1,"2019/08/20 21:20:00",PUMP1,0
D,DISPATCH,UNIT_SCADA,1,"2019/08/20 21:20:00",PUMP2,0
D,DISPATCH,UNIT_SCADA,1,"2019/08/20 21:20:00",QPS1,0
D,DISPATCH,UNIT_SCADA,1,"2019/08/20 21:20:00",QPS2,0
D,DISPATCH,UNIT_SCADA,1,"2019/08/20 21:20:00",QPS3,0
D,DISPATCH,UNIT_SCADA,1,"2019/08/20 21:20:00",QPS4,0
D,DISPATCH,UNIT_SCADA,1,"2019/08/20 21:20:00",QPS5,0
D,DISPATCH,UNIT_SCADA,1,"2019/08/20 21:20:00",REECE1,117.140010
D,DISPATCH,UNIT_SCADA,1,"2019/08/20 21:20:00",REECE2,117.70
D,DISPATCH,UNIT_SCADA,1,"2019/08/20 21:20:00",ROMA_7,0
D,DISPATCH,UNIT_SCADA,1,"2019/08/20 21:20:00",ROMA_8,0
D,DISPATCH,UNIT_SCADA,1,"2019/08/20 21:20:00",RRSF1,0
D,DISPATCH,UNIT_SCADA,1,"2019/08/20 21:20:00",RT_NSW1,0
D,DISPATCH,UNIT_SCADA,1,"2019/08/20 21:20:00",RT_NSW2,0
D,DISPATCH,UNIT_SCADA,1,"2019/08/20 21:20:00",RT_NSW3,0
D,DISPATCH,UNIT_SCADA,1,"2019/08/20 21:20:00",RT_NSW4,0
D,DISPATCH,UNIT_SCADA,1,"2019/08/20 21:20:00",RT_NSW5,0
D,DISPATCH,UNIT_SCADA,1,"2019/08/20 21:20:00",RT_NSW6,0
D,DISPATCH,UNIT_SCADA,1,"2019/08/20 21:20:00",RT_QLD1,0
D,DISPATCH,UNIT_SCADA,1,"2019/08/20 21:20:00",RT_SA1,0
D,DISPATCH,UNIT_SCADA,1,"2019/08/20 21:20:00",RT_SA2,0
D,DISPATCH,UNIT_SCADA,1,"2019/08/20 21:20:00",RT_SA3,0
D,DISPATCH,UNIT_SCADA,1,"2019/08/20 21:20:00",RT_SA4,0
D,DISPATCH,UNIT_SCADA,1,"2019/08/20 21:20:00",RT_SA5,0
D,DISPATCH,UNIT_SCADA,1,"2019/08/20 21:20:00",RT_SA6,0
D,DISPATCH,UNIT_SCADA,1,"2019/08/20 21:20:00",RT_TAS1,0
D,DISPATCH,UNIT_SCADA,1,"2019/08/20 21:20:00",RT_VIC1,0
D,DISPATCH,UNIT_SCADA,1,"2019/08/20 21:20:00",RT_VIC10,0
D,DISPATCH,UNIT_SCADA,1,"2019/08/20 21:20:00",RT_VIC11,0
D,DISPATCH,UNIT_SCADA,1,"2019/08/20 21:20:00",RT_VIC12,0
D,DISPATCH,UNIT_SCADA,1,"2019/08/20 21:20:00",RT_VIC2,0
D,DISPATCH,UNIT_SCADA,1,"2019/08/20 21:20:00",RT_VIC3,0
D,DISPATCH,UNIT_SCADA,1,"2019/08/20 21:20:00",RT_VIC4,0
D,DISPATCH,UNIT_SCADA,1,"2019/08/20 21:20:00",RT_VIC5,0
D,DISPATCH,UNIT_SCADA,1,"2019/08/20 21:20:00",RT_VIC6,0
D,DISPATCH,UNIT_SCADA,1,"2019/08/20 21:20:00",RT_VIC7,0
D,DISPATCH,UNIT_SCADA,1,"2019/08/20 21:20:00",RT_VIC8,0
D,DISPATCH,UNIT_SCADA,1,"2019/08/20 21:20:00",RT_VIC9,0
D,DISPATCH,UNIT_SCADA,1,"2019/08/20 21:20:00",RUGBYR1,0
D,DISPATCH,UNIT_SCADA,1,"2019/08/20 21:20:00",SALTCRK1,51.52
D,DISPATCH,UNIT_SCADA,1,"2019/08/20 21:20:00",SAPHWF1,219.140630
D,DISPATCH,UNIT_SCADA,1,"2019/08/20 21:20:00",SHGEN,0
D,DISPATCH,UNIT_SCADA,1,"2019/08/20 21:20:00",SHPUMP,0
D,DISPATCH,UNIT_SCADA,1,"2019/08/20 21:20:00",SITHE01,0.143810
D,DISPATCH,UNIT_SCADA,1,"2019/08/20 21:20:00",SMCSF1,0
D,DISPATCH,UNIT_SCADA,1,"2019/08/20 21:20:00",SNOWNTH1,120
D,DISPATCH,UNIT_SCADA,1,"2019/08/20 21:20:00",SNOWSTH1,114.70
D,DISPATCH,UNIT_SCADA,1,"2019/08/20 21:20:00",SNOWTWN1,86.881650
D,DISPATCH,UNIT_SCADA,1,"2019/08/20 21:20:00",SNOWYP,0
D,DISPATCH,UNIT_SCADA,1,"2019/08/20 21:20:00",SNUG1,0.019440
D,DISPATCH,UNIT_SCADA,1,"2019/08/20 21:20:00",SRSF1,0.07
D,DISPATCH,UNIT_SCADA,1,"2019/08/20 21:20:00",STAN-1,0
D,DISPATCH,UNIT_SCADA,1,"2019/08/20 21:20:00",STAN-2,334.916290
D,DISPATCH,UNIT_SCADA,1,"2019/08/20 21:20:00",STAN-3,331.429870
D,DISPATCH,UNIT_SCADA,1,"2019/08/20 21:20:00",STAN-4,335.646910
D,DISPATCH,UNIT_SCADA,1,"2019/08/20 21:20:00",STWF1,158.546250
D,DISPATCH,UNIT_SCADA,1,"2019/08/20 21:20:00",SWAN_E,0
D,DISPATCH,UNIT_SCADA,1,"2019/08/20 21:20:00",TALWA1,421
D,DISPATCH,UNIT_SCADA,1,"2019/08/20 21:20:00",TARALGA1,99.581270
D,DISPATCH,UNIT_SCADA,1,"2019/08/20 21:20:00",TARONG#1,347.399990
D,DISPATCH,UNIT_SCADA,1,"2019/08/20 21:20:00",TARONG#2,347.100010
D,DISPATCH,UNIT_SCADA,1,"2019/08/20 21:20:00",TARONG#3,259.600010
D,DISPATCH,UNIT_SCADA,1,"2019/08/20 21:20:00",TARONG#4,350.399990
D,DISPATCH,UNIT_SCADA,1,"2019/08/20 21:20:00",TARRALEA,85
D,DISPATCH,UNIT_SCADA,1,"2019/08/20 21:20:00",TBSF1,-0.20
D,DISPATCH,UNIT_SCADA,1,"2019/08/20 21:20:00",TNPS1,441.700010
D,DISPATCH,UNIT_SCADA,1,"2019/08/20 21:20:00",TORRA1,119.168120
D,DISPATCH,UNIT_SCADA,1,"2019/08/20 21:20:00",TORRA2,0
D,DISPATCH,UNIT_SCADA,1,"2019/08/20 21:20:00",TORRA3,0
D,DISPATCH,UNIT_SCADA,1,"2019/08/20 21:20:00",TORRA4,0
D,DISPATCH,UNIT_SCADA,1,"2019/08/20 21:20:00",TORRB1,64.57
D,DISPATCH,UNIT_SCADA,1,"2019/08/20 21:20:00",TORRB2,64.90
D,DISPATCH,UNIT_SCADA,1,"2019/08/20 21:20:00",TORRB3,0
D,DISPATCH,UNIT_SCADA,1,"2019/08/20 21:20:00",TORRB4,0
D,DISPATCH,UNIT_SCADA,1,"2019/08/20 21:20:00",TREVALLN,69.740020
D,DISPATCH,UNIT_SCADA,1,"2019/08/20 21:20:00",TRIBUTE,84.66
D,DISPATCH,UNIT_SCADA,1,"2019/08/20 21:20:00",TUMUT3,4.06
D,DISPATCH,UNIT_SCADA,1,"2019/08/20 21:20:00",TUNGATIN,126.820030
D,DISPATCH,UNIT_SCADA,1,"2019/08/20 21:20:00",TVCC201,0
D,DISPATCH,UNIT_SCADA,1,"2019/08/20 21:20:00",TVPP104,0
D,DISPATCH,UNIT_SCADA,1,"2019/08/20 21:20:00",UPPTUMUT,0
D,DISPATCH,UNIT_SCADA,1,"2019/08/20 21:20:00",URANQ11,0
D,DISPATCH,UNIT_SCADA,1,"2019/08/20 21:20:00",URANQ12,0
D,DISPATCH,UNIT_SCADA,1,"2019/08/20 21:20:00",URANQ13,0
D,DISPATCH,UNIT_SCADA,1,"2019/08/20 21:20:00",URANQ14,0
D,DISPATCH,UNIT_SCADA,1,"2019/08/20 21:20:00",VP5,597.50
D,DISPATCH,UNIT_SCADA,1,"2019/08/20 21:20:00",VP6,517.224980
D,DISPATCH,UNIT_SCADA,1,"2019/08/20 21:20:00",VPGS1,0
D,DISPATCH,UNIT_SCADA,1,"2019/08/20 21:20:00",VPGS2,0
D,DISPATCH,UNIT_SCADA,1,"2019/08/20 21:20:00",VPGS3,0
D,DISPATCH,UNIT_SCADA,1,"2019/08/20 21:20:00",VPGS4,0
D,DISPATCH,UNIT_SCADA,1,"2019/08/20 21:20:00",VPGS5,0
D,DISPATCH,UNIT_SCADA,1,"2019/08/20 21:20:00",VPGS6,0
D,DISPATCH,UNIT_SCADA,1,"2019/08/20 21:20:00",W/HOE#1,200.78
D,DISPATCH,UNIT_SCADA,1,"2019/08/20 21:20:00",W/HOE#2,0
D,DISPATCH,UNIT_SCADA,1,"2019/08/20 21:20:00",WATERLWF,125
D,DISPATCH,UNIT_SCADA,1,"2019/08/20 21:20:00",WEMENSF1,0
D,DISPATCH,UNIT_SCADA,1,"2019/08/20 21:20:00",WGWF1,101.50
D,DISPATCH,UNIT_SCADA,1,"2019/08/20 21:20:00",WHITSF1,0
D,DISPATCH,UNIT_SCADA,1,"2019/08/20 21:20:00",WKIEWA1,0
D,DISPATCH,UNIT_SCADA,1,"2019/08/20 21:20:00",WKIEWA2,17.30
D,DISPATCH,UNIT_SCADA,1,"2019/08/20 21:20:00",WOODLWN1,45.081010
D,DISPATCH,UNIT_SCADA,1,"2019/08/20 21:20:00",WRSF1,0
D,DISPATCH,UNIT_SCADA,1,"2019/08/20 21:20:00",WRWF1,146.838750
D,DISPATCH,UNIT_SCADA,1,"2019/08/20 21:20:00",YABULU,0
D,DISPATCH,UNIT_SCADA,1,"2019/08/20 21:20:00",YABULU2,0
D,DISPATCH,UNIT_SCADA,1,"2019/08/20 21:20:00",YARWUN_1,0
D,DISPATCH,UNIT_SCADA,1,"2019/08/20 21:20:00",YENDWF1,41.78
D,DISPATCH,UNIT_SCADA,1,"2019/08/20 21:20:00",YWPS1,379.197480
D,DISPATCH,UNIT_SCADA,1,"2019/08/20 21:20:00",YWPS2,278.192410
D,DISPATCH,UNIT_SCADA,1,"2019/08/20 21:20:00",YWPS3,0
D,DISPATCH,UNIT_SCADA,1,"2019/08/20 21:20:00",YWPS4,397.213930
C,"END OF REPORT",334
