C,NEMP.WORLD,DISPATCHSCADA,AEMO,PUBLIC,2019/08/20,10:10:08,0000000311781414,DISPATCHSCADA,0000000311781408
I,DISPATCH,UNIT_SCADA,1,SETTLEMENTDATE,DUID,SCADAVALUE
D,DISPATCH,UNIT_SCADA,1,"2019/08/20 10:15:00",BARCSF1,18.50
D,DISPATCH,UNIT_SCADA,1,"2019/08/20 10:15:00",BUTLERSG,9.799998
D,DISPATCH,UNIT_SCADA,1,"2019/08/20 10:15:00",CALL_A_4,0
D,DISPATCH,UNIT_SCADA,1,"2019/08/20 10:15:00",CAPTL_WF,131.399994
D,DISPATCH,UNIT_SCADA,1,"2019/08/20 10:15:00",CATHROCK,49.039997
D,DISPATCH,UNIT_SCADA,1,"2019/08/20 10:15:00",CHALLHWF,16.90
D,DISPATCH,UNIT_SCADA,1,"2019/08/20 10:15:00",CLOVER,-0.01
D,DISPATCH,UNIT_SCADA,1,"2019/08/20 10:15:00",CLUNY,14.934768
D,DISPATCH,UNIT_SCADA,1,"2019/08/20 10:15:00",CNUNDAWF,39.045547
D,DISPATCH,UNIT_SCADA,1,"2019/08/20 10:15:00",CULLRGWF,30.450001
D,DISPATCH,UNIT_SCADA,1,"2019/08/20 10:15:00",ERGT01,0
D,DISPATCH,UNIT_SCADA,1,"2019/08/20 10:15:00",GB01,0.056068
D,DISPATCH,UNIT_SCADA,1,"2019/08/20 10:15:00",GERMCRK,37.099998
D,DISPATCH,UNIT_SCADA,1,"2019/08/20 10:15:00",GRIFSF1,17.200005
D,DISPATCH,UNIT_SCADA,1,"2019/08/20 10:15:00",HUGSF1,8.9890
D,DISPATCH,UNIT_SCADA,1,"2019/08/20 10:15:00",LKBONNY1,72.519203
D,DISPATCH,UNIT_SCADA,1,"2019/08/20 10:15:00",LRSF1,9.6780
D,DISPATCH,UNIT_SCADA,1,"2019/08/20 10:15:00",MBAHNTH,54.693756
D,DISPATCH,UNIT_SCADA,1,"2019/08/20 10:15:00",MLSP1,9.913001
D,DISPATCH,UNIT_SCADA,1,"2019/08/20 10:15:00",MLWF1,19.74
D,DISPATCH,UNIT_SCADA,1,"2019/08/20 10:15:00",MTMILLAR,19.823654
D,DISPATCH,UNIT_SCADA,1,"2019/08/20 10:15:00",PALOONA,14.73
D,DISPATCH,UNIT_SCADA,1,"2019/08/20 10:15:00",PIONEER,10.80
D,DISPATCH,UNIT_SCADA,1,"2019/08/20 10:15:00",PORTWF,135.699997
D,DISPATCH,UNIT_SCADA,1,"2019/08/20 10:15:00",REPULSE,28.898756
D,DISPATCH,UNIT_SCADA,1,"2019/08/20 10:15:00",ROWALLAN,10.1104
D,DISPATCH,UNIT_SCADA,1,"2019/08/20 10:15:00",ROYALLA1,17.414001
D,DISPATCH,UNIT_SCADA,1,"2019/08/20 10:15:00",RPCG,10.20
D,DISPATCH,UNIT_SCADA,1,"2019/08/20 10:15:00",RUBICON,0
D,DISPATCH,UNIT_SCADA,1,"2019/08/20 10:15:00",SATGN1,0
D,DISPATCH,UNIT_SCADA,1,"2019/08/20 10:15:00",SATGS1,0
D,DISPATCH,UNIT_SCADA,1,"2019/08/20 10:15:00",STARHLWF,14.295832
D,DISPATCH,UNIT_SCADA,1,"2019/08/20 10:15:00",WAUBRAWF,84.151001
D,DISPATCH,UNIT_SCADA,1,"2019/08/20 10:15:00",WOOLNTH1,120.270020
D,DISPATCH,UNIT_SCADA,1,"2019/08/20 10:15:00",WPWF,23
D,DISPATCH,UNIT_SCADA,1,"2019/08/20 10:15:00",YAMBUKWF,27.60
D,DISPATCH,UNIT_SCADA,1,"2019/08/20 10:15:00",YSWF1,28.700001
D,DISPATCH,UNIT_SCADA,1,"2019/08/20 10:15:00",AGLHAL,0
D,DISPATCH,UNIT_SCADA,1,"2019/08/20 10:15:00",AGLSOM,0
D,DISPATCH,UNIT_SCADA,1,"2019/08/20 10:15:00",ANGAST1,0
D,DISPATCH,UNIT_SCADA,1,"2019/08/20 10:15:00",ARWF1,61
D,DISPATCH,UNIT_SCADA,1,"2019/08/20 10:15:00",BALBG1,0
D,DISPATCH,UNIT_SCADA,1,"2019/08/20 10:15:00",BALBL1,0
D,DISPATCH,UNIT_SCADA,1,"2019/08/20 10:15:00",BALDHWF1,103.49
D,DISPATCH,UNIT_SCADA,1,"2019/08/20 10:15:00",BANN1,60
D,DISPATCH,UNIT_SCADA,1,"2019/08/20 10:15:00",BARCALDN,0
D,DISPATCH,UNIT_SCADA,1,"2019/08/20 10:15:00",BARRON-1,0
D,DISPATCH,UNIT_SCADA,1,"2019/08/20 10:15:00",BARRON-2,0
D,DISPATCH,UNIT_SCADA,1,"2019/08/20 10:15:00",BASTYAN,80.960010
D,DISPATCH,UNIT_SCADA,1,"2019/08/20 10:15:00",BBTHREE1,-1.97
D,DISPATCH,UNIT_SCADA,1,"2019/08/20 10:15:00",BBTHREE2,-2.06
D,DISPATCH,UNIT_SCADA,1,"2019/08/20 10:15:00",BBTHREE3,-1.06
D,DISPATCH,UNIT_SCADA,1,"2019/08/20 10:15:00",BDL01,-0.06
D,DISPATCH,UNIT_SCADA,1,"2019/08/20 10:15:00",BDL02,-0.06
D,DISPATCH,UNIT_SCADA,1,"2019/08/20 10:15:00",BERYLSF1,69.648940
D,DISPATCH,UNIT_SCADA,1,"2019/08/20 10:15:00",BLOWERNG,0
D,DISPATCH,UNIT_SCADA,1,"2019/08/20 10:15:00",BLUFF1,37
D,DISPATCH,UNIT_SCADA,1,"2019/08/20 10:15:00",BNGSF1,90.99
D,DISPATCH,UNIT_SCADA,1,"2019/08/20 10:15:00",BNGSF2,20.01
D,DISPATCH,UNIT_SCADA,1,"2019/08/20 10:15:00",BOCORWF1,91.46
D,DISPATCH,UNIT_SCADA,1,"2019/08/20 10:15:00",BODWF1,36.753520
D,DISPATCH,UNIT_SCADA,1,"2019/08/20 10:15:00",BRAEMAR1,0
D,DISPATCH,UNIT_SCADA,1,"2019/08/20 10:15:00",BRAEMAR2,0
D,DISPATCH,UNIT_SCADA,1,"2019/08/20 10:15:00",BRAEMAR3,0
D,DISPATCH,UNIT_SCADA,1,"2019/08/20 10:15:00",BRAEMAR5,0
D,DISPATCH,UNIT_SCADA,1,"2019/08/20 10:15:00",BRAEMAR6,0
D,DISPATCH,UNIT_SCADA,1,"2019/08/20 10:15:00",BRAEMAR7,0
D,DISPATCH,UNIT_SCADA,1,"2019/08/20 10:15:00",BROKENH1,46.078610
D,DISPATCH,UNIT_SCADA,1,"2019/08/20 10:15:00",BW01,542.6250
D,DISPATCH,UNIT_SCADA,1,"2019/08/20 10:15:00",BW02,570.525020
D,DISPATCH,UNIT_SCADA,1,"2019/08/20 10:15:00",BW03,610.700070
D,DISPATCH,UNIT_SCADA,1,"2019/08/20 10:15:00",BW04,0
D,DISPATCH,UNIT_SCADA,1,"2019/08/20 10:15:00",CALL_B_1,350.100010
D,DISPATCH,UNIT_SCADA,1,"2019/08/20 10:15:00",CALL_B_2,290.200010
D,DISPATCH,UNIT_SCADA,1,"2019/08/20 10:15:00",CETHANA,93.035250
D,DISPATCH,UNIT_SCADA,1,"2019/08/20 10:15:00",CG1,0
D,DISPATCH,UNIT_SCADA,1,"2019/08/20 10:15:00",CG2,0
D,DISPATCH,UNIT_SCADA,1,"2019/08/20 10:15:00",CG3,0
D,DISPATCH,UNIT_SCADA,1,"2019/08/20 10:15:00",CG4,0
D,DISPATCH,UNIT_SCADA,1,"2019/08/20 10:15:00",CHILDSF1,40.08
D,DISPATCH,UNIT_SCADA,1,"2019/08/20 10:15:00",CLARESF1,44.619780
D,DISPATCH,UNIT_SCADA,1,"2019/08/20 10:15:00",CLEMGPWF,5.7628
D,DISPATCH,UNIT_SCADA,1,"2019/08/20 10:15:00",CLERMSF1,15.13
D,DISPATCH,UNIT_SCADA,1,"2019/08/20 10:15:00",COLEASF1,38.50
D,DISPATCH,UNIT_SCADA,1,"2019/08/20 10:15:00",COOPGWF1,15.067280
D,DISPATCH,UNIT_SCADA,1,"2019/08/20 10:15:00",CPP_3,334.950010
D,DISPATCH,UNIT_SCADA,1,"2019/08/20 10:15:00",CPP_4,362.450010
D,DISPATCH,UNIT_SCADA,1,"2019/08/20 10:15:00",CPSA,143.258760
D,DISPATCH,UNIT_SCADA,1,"2019/08/20 10:15:00",CROOKWF2,84.143740
D,DISPATCH,UNIT_SCADA,1,"2019/08/20 10:15:00",CROWLWF1,34.492420
D,DISPATCH,UNIT_SCADA,1,"2019/08/20 10:15:00",CSPVPS1,31.99
D,DISPATCH,UNIT_SCADA,1,"2019/08/20 10:15:00",DALNTH01,0
D,DISPATCH,UNIT_SCADA,1,"2019/08/20 10:15:00",DALNTHL1,0.093080
D,DISPATCH,UNIT_SCADA,1,"2019/08/20 10:15:00",DARTM1,134.70
D,DISPATCH,UNIT_SCADA,1,"2019/08/20 10:15:00",DAYDSF1,115.527010
D,DISPATCH,UNIT_SCADA,1,"2019/08/20 10:15:00",DDPS1,0
D,DISPATCH,UNIT_SCADA,1,"2019/08/20 10:15:00",DDSF1,108.388350
D,DISPATCH,UNIT_SCADA,1,"2019/08/20 10:15:00",DEVILS_G,0
D,DISPATCH,UNIT_SCADA,1,"2019/08/20 10:15:00",DG_NSW1,0
D,DISPATCH,UNIT_SCADA,1,"2019/08/20 10:15:00",DG_QLD1,0
D,DISPATCH,UNIT_SCADA,1,"2019/08/20 10:15:00",DG_SA1,0
D,DISPATCH,UNIT_SCADA,1,"2019/08/20 10:15:00",DG_TAS1,0
D,DISPATCH,UNIT_SCADA,1,"2019/08/20 10:15:00",DG_VIC1,0
D,DISPATCH,UNIT_SCADA,1,"2019/08/20 10:15:00",DRYCGT1,0
D,DISPATCH,UNIT_SCADA,1,"2019/08/20 10:15:00",DRYCGT2,0
D,DISPATCH,UNIT_SCADA,1,"2019/08/20 10:15:00",DRYCGT3,0
D,DISPATCH,UNIT_SCADA,1,"2019/08/20 10:15:00",EILDON1,0
D,DISPATCH,UNIT_SCADA,1,"2019/08/20 10:15:00",EILDON2,0
D,DISPATCH,UNIT_SCADA,1,"2019/08/20 10:15:00",EMERASF1,64.83
D,DISPATCH,UNIT_SCADA,1,"2019/08/20 10:15:00",ER01,546.675050
D,DISPATCH,UNIT_SCADA,1,"2019/08/20 10:15:00",ER02,547.325070
D,DISPATCH,UNIT_SCADA,1,"2019/08/20 10:15:00",ER03,546.7749
D,DISPATCH,UNIT_SCADA,1,"2019/08/20 10:15:00",ER04,547.325070
D,DISPATCH,UNIT_SCADA,1,"2019/08/20 10:15:00",FINLYSF1,0
D,DISPATCH,UNIT_SCADA,1,"2019/08/20 10:15:00",FISHER,45.93
D,DISPATCH,UNIT_SCADA,1,"2019/08/20 10:15:00",GANNBG1,0
D,DISPATCH,UNIT_SCADA,1,"2019/08/20 10:15:00",GANNBL1,24.338240
D,DISPATCH,UNIT_SCADA,1,"2019/08/20 10:15:00",GANNSF1,41.40
D,DISPATCH,UNIT_SCADA,1,"2019/08/20 10:15:00",GORDON,1.9376
D,DISPATCH,UNIT_SCADA,1,"2019/08/20 10:15:00",GSTONE1,110.4250
D,DISPATCH,UNIT_SCADA,1,"2019/08/20 10:15:00",GSTONE2,109.3750
D,DISPATCH,UNIT_SCADA,1,"2019/08/20 10:15:00",GSTONE3,110.25
D,DISPATCH,UNIT_SCADA,1,"2019/08/20 10:15:00",GSTONE4,128.974990
D,DISPATCH,UNIT_SCADA,1,"2019/08/20 10:15:00",GSTONE5,127.75
D,DISPATCH,UNIT_SCADA,1,"2019/08/20 10:15:00",GSTONE6,0
D,DISPATCH,UNIT_SCADA,1,"2019/08/20 10:15:00",GULLRSF1,3.092380
D,DISPATCH,UNIT_SCADA,1,"2019/08/20 10:15:00",GULLRWF1,136.720340
D,DISPATCH,UNIT_SCADA,1,"2019/08/20 10:15:00",GUNNING1,42.741340
D,DISPATCH,UNIT_SCADA,1,"2019/08/20 10:15:00",GUTHEGA,0
D,DISPATCH,UNIT_SCADA,1,"2019/08/20 10:15:00",HALLWF1,68.25
D,DISPATCH,UNIT_SCADA,1,"2019/08/20 10:15:00",HALLWF2,60.43
D,DISPATCH,UNIT_SCADA,1,"2019/08/20 10:15:00",HAMISF1,46.70
D,DISPATCH,UNIT_SCADA,1,"2019/08/20 10:15:00",HAUGHT11,50.051070
D,DISPATCH,UNIT_SCADA,1,"2019/08/20 10:15:00",HAYMSF1,41.78
D,DISPATCH,UNIT_SCADA,1,"2019/08/20 10:15:00",HDWF1,29.80
D,DISPATCH,UNIT_SCADA,1,"2019/08/20 10:15:00",HDWF2,20.90
D,DISPATCH,UNIT_SCADA,1,"2019/08/20 10:15:00",HDWF3,29.40
D,DISPATCH,UNIT_SCADA,1,"2019/08/20 10:15:00",HPRG1,55.60
D,DISPATCH,UNIT_SCADA,1,"2019/08/20 10:15:00",HPRL1,14.50
D,DISPATCH,UNIT_SCADA,1,"2019/08/20 10:15:00",HUMENSW,0
D,DISPATCH,UNIT_SCADA,1,"2019/08/20 10:15:00",HUMEV,8.30
D,DISPATCH,UNIT_SCADA,1,"2019/08/20 10:15:00",HVGTS,0
D,DISPATCH,UNIT_SCADA,1,"2019/08/20 10:15:00",JBUTTERS,135.349990
D,DISPATCH,UNIT_SCADA,1,"2019/08/20 10:15:00",JLA01,0.50
D,DISPATCH,UNIT_SCADA,1,"2019/08/20 10:15:00",JLA02,0
D,DISPATCH,UNIT_SCADA,1,"2019/08/20 10:15:00",JLA03,0.10
D,DISPATCH,UNIT_SCADA,1,"2019/08/20 10:15:00",JLA04,0.10
D,DISPATCH,UNIT_SCADA,1,"2019/08/20 10:15:00",JLB01,0
D,DISPATCH,UNIT_SCADA,1,"2019/08/20 10:15:00",JLB02,0.10
D,DISPATCH,UNIT_SCADA,1,"2019/08/20 10:15:00",JLB03,0
D,DISPATCH,UNIT_SCADA,1,"2019/08/20 10:15:00",KAREEYA1,21.53
D,DISPATCH,UNIT_SCADA,1,"2019/08/20 10:15:00",KAREEYA2,21.7250
D,DISPATCH,UNIT_SCADA,1,"2019/08/20 10:15:00",KAREEYA3,0
D,DISPATCH,UNIT_SCADA,1,"2019/08/20 10:15:00",KAREEYA4,21.68
D,DISPATCH,UNIT_SCADA,1,"2019/08/20 10:15:00",KARSF1,80
D,DISPATCH,UNIT_SCADA,1,"2019/08/20 10:15:00",KIATAWF1,30.70
D,DISPATCH,UNIT_SCADA,1,"2019/08/20 10:15:00",KPP_1,0
D,DISPATCH,UNIT_SCADA,1,"2019/08/20 10:15:00",KSP1,46.83
D,DISPATCH,UNIT_SCADA,1,"2019/08/20 10:15:00",LADBROK1,0
D,DISPATCH,UNIT_SCADA,1,"2019/08/20 10:15:00",LADBROK2,0
D,DISPATCH,UNIT_SCADA,1,"2019/08/20 10:15:00",LD01,383.643680
D,DISPATCH,UNIT_SCADA,1,"2019/08/20 10:15:00",LD02,382.3125
D,DISPATCH,UNIT_SCADA,1,"2019/08/20 10:15:00",LD03,384.1875
D,DISPATCH,UNIT_SCADA,1,"2019/08/20 10:15:00",LD04,382.50
D,DISPATCH,UNIT_SCADA,1,"2019/08/20 10:15:00",LEM_WIL,85.489650
D,DISPATCH,UNIT_SCADA,1,"2019/08/20 10:15:00",LGAPWF1,4.74
D,DISPATCH,UNIT_SCADA,1,"2019/08/20 10:15:00",LILYSF1,94.371830
D,DISPATCH,UNIT_SCADA,1,"2019/08/20 10:15:00",LI_WY_CA,147.898830
D,DISPATCH,UNIT_SCADA,1,"2019/08/20 10:15:00",LKBONNY2,149.413540
D,DISPATCH,UNIT_SCADA,1,"2019/08/20 10:15:00",LKBONNY3,37.512390
D,DISPATCH,UNIT_SCADA,1,"2019/08/20 10:15:00",LK_ECHO,0
D,DISPATCH,UNIT_SCADA,1,"2019/08/20 10:15:00",LNGS1,0
D,DISPATCH,UNIT_SCADA,1,"2019/08/20 10:15:00",LNGS2,0
D,DISPATCH,UNIT_SCADA,1,"2019/08/20 10:15:00",LONSDALE,0
D,DISPATCH,UNIT_SCADA,1,"2019/08/20 10:15:00",LOYYB1,530.073430
D,DISPATCH,UNIT_SCADA,1,"2019/08/20 10:15:00",LOYYB2,582.7063
D,DISPATCH,UNIT_SCADA,1,"2019/08/20 10:15:00",LYA1,558
D,DISPATCH,UNIT_SCADA,1,"2019/08/20 10:15:00",LYA2,0
D,DISPATCH,UNIT_SCADA,1,"2019/08/20 10:15:00",LYA3,559
D,DISPATCH,UNIT_SCADA,1,"2019/08/20 10:15:00",LYA4,540
D,DISPATCH,UNIT_SCADA,1,"2019/08/20 10:15:00",MACARTH1,321.992550
D,DISPATCH,UNIT_SCADA,1,"2019/08/20 10:15:00",MACKAYGT,0
D,DISPATCH,UNIT_SCADA,1,"2019/08/20 10:15:00",MACKNTSH,85.30
D,DISPATCH,UNIT_SCADA,1,"2019/08/20 10:15:00",MANSLR1,29.3170
D,DISPATCH,UNIT_SCADA,1,"2019/08/20 10:15:00",MCKAY1,0.02
D,DISPATCH,UNIT_SCADA,1,"2019/08/20 10:15:00",MEADOWBK,33.695820
D,DISPATCH,UNIT_SCADA,1,"2019/08/20 10:15:00",MERCER01,123.3640
D,DISPATCH,UNIT_SCADA,1,"2019/08/20 10:15:00",MEWF1,41.908220
D,DISPATCH,UNIT_SCADA,1,"2019/08/20 10:15:00",MINTARO,0
D,DISPATCH,UNIT_SCADA,1,"2019/08/20 10:15:00",MOREESF1,52.11
D,DISPATCH,UNIT_SCADA,1,"2019/08/20 10:15:00",MORTLK11,238
D,DISPATCH,UNIT_SCADA,1,"2019/08/20 10:15:00",MORTLK12,0
D,DISPATCH,UNIT_SCADA,1,"2019/08/20 10:15:00",MP1,279.1250
D,DISPATCH,UNIT_SCADA,1,"2019/08/20 10:15:00",MP2,0
D,DISPATCH,UNIT_SCADA,1,"2019/08/20 10:15:00",MPP_1,360.50
D,DISPATCH,UNIT_SCADA,1,"2019/08/20 10:15:00",MPP_2,362
D,DISPATCH,UNIT_SCADA,1,"2019/08/20 10:15:00",MSTUART1,0
D,DISPATCH,UNIT_SCADA,1,"2019/08/20 10:15:00",MSTUART2,0
D,DISPATCH,UNIT_SCADA,1,"2019/08/20 10:15:00",MSTUART3,0
D,DISPATCH,UNIT_SCADA,1,"2019/08/20 10:15:00",MTGELWF1,63.829460
D,DISPATCH,UNIT_SCADA,1,"2019/08/20 10:15:00",MURRAY,0
D,DISPATCH,UNIT_SCADA,1,"2019/08/20 10:15:00",MUSSELR1,163
D,DISPATCH,UNIT_SCADA,1,"2019/08/20 10:15:00",MUWAWF1,20.30
D,DISPATCH,UNIT_SCADA,1,"2019/08/20 10:15:00",NBHWF1,72.70
D,DISPATCH,UNIT_SCADA,1,"2019/08/20 10:15:00",NPS,0
D,DISPATCH,UNIT_SCADA,1,"2019/08/20 10:15:00",NUMURSF1,75.96
D,DISPATCH,UNIT_SCADA,1,"2019/08/20 10:15:00",NYNGAN1,94
D,DISPATCH,UNIT_SCADA,1,"2019/08/20 10:15:00",OAKEY1,0
D,DISPATCH,UNIT_SCADA,1,"2019/08/20 10:15:00",OAKEY1SF,21.2250
D,DISPATCH,UNIT_SCADA,1,"2019/08/20 10:15:00",OAKEY2,0
D,DISPATCH,UNIT_SCADA,1,"2019/08/20 10:15:00",OAKLAND1,60.80
D,DISPATCH,UNIT_SCADA,1,"2019/08/20 10:15:00",OSB-AG,146.62
D,DISPATCH,UNIT_SCADA,1,"2019/08/20 10:15:00",PARSF1,45.50
D,DISPATCH,UNIT_SCADA,1,"2019/08/20 10:15:00",POAT110,0
D,DISPATCH,UNIT_SCADA,1,"2019/08/20 10:15:00",POAT220,4.3028
D,DISPATCH,UNIT_SCADA,1,"2019/08/20 10:15:00",POR01,0
D,DISPATCH,UNIT_SCADA,1,"2019/08/20 10:15:00",POR03,0
D,DISPATCH,UNIT_SCADA,1,"2019/08/20 10:15:00",PPCCGT,182.947660
D,DISPATCH,UNIT_SCADA,1,"2019/08/20 10:15:00",PTSTAN1,0
D,DISPATCH,UNIT_SCADA,1,"2019/08/20 10:15:00",PUMP1,0
D,DISPATCH,UNIT_SCADA,1,"2019/08/20 10:15:00",PUMP2,240.709990
D,DISPATCH,UNIT_SCADA,1,"2019/08/20 10:15:00",QPS1,0
D,DISPATCH,UNIT_SCADA,1,"2019/08/20 10:15:00",QPS2,0
D,DISPATCH,UNIT_SCADA,1,"2019/08/20 10:15:00",QPS3,0
D,DISPATCH,UNIT_SCADA,1,"2019/08/20 10:15:00",QPS4,0
D,DISPATCH,UNIT_SCADA,1,"2019/08/20 10:15:00",QPS5,0
D,DISPATCH,UNIT_SCADA,1,"2019/08/20 10:15:00",REECE1,115.360010
D,DISPATCH,UNIT_SCADA,1,"2019/08/20 10:15:00",REECE2,115.460010
D,DISPATCH,UNIT_SCADA,1,"2019/08/20 10:15:00",ROMA_7,0
D,DISPATCH,UNIT_SCADA,1,"2019/08/20 10:15:00",ROMA_8,0
D,DISPATCH,UNIT_SCADA,1,"2019/08/20 10:15:00",RRSF1,103.555520
D,DISPATCH,UNIT_SCADA,1,"2019/08/20 10:15:00",RT_NSW1,0
D,DISPATCH,UNIT_SCADA,1,"2019/08/20 10:15:00",RT_NSW2,0
D,DISPATCH,UNIT_SCADA,1,"2019/08/20 10:15:00",RT_NSW3,0
D,DISPATCH,UNIT_SCADA,1,"2019/08/20 10:15:00",RT_NSW4,0
D,DISPATCH,UNIT_SCADA,1,"2019/08/20 10:15:00",RT_NSW5,0
D,DISPATCH,UNIT_SCADA,1,"2019/08/20 10:15:00",RT_NSW6,0
D,DISPATCH,UNIT_SCADA,1,"2019/08/20 10:15:00",RT_QLD1,0
D,DISPATCH,UNIT_SCADA,1,"2019/08/20 10:15:00",RT_SA1,0
D,DISPATCH,UNIT_SCADA,1,"2019/08/20 10:15:00",RT_SA2,0
D,DISPATCH,UNIT_SCADA,1,"2019/08/20 10:15:00",RT_SA3,0
D,DISPATCH,UNIT_SCADA,1,"2019/08/20 10:15:00",RT_SA4,0
D,DISPATCH,UNIT_SCADA,1,"2019/08/20 10:15:00",RT_SA5,0
D,DISPATCH,UNIT_SCADA,1,"2019/08/20 10:15:00",RT_SA6,0
D,DISPATCH,UNIT_SCADA,1,"2019/08/20 10:15:00",RT_TAS1,0
D,DISPATCH,UNIT_SCADA,1,"2019/08/20 10:15:00",RT_VIC1,0
D,DISPATCH,UNIT_SCADA,1,"2019/08/20 10:15:00",RT_VIC10,0
D,DISPATCH,UNIT_SCADA,1,"2019/08/20 10:15:00",RT_VIC11,0
D,DISPATCH,UNIT_SCADA,1,"2019/08/20 10:15:00",RT_VIC12,0
D,DISPATCH,UNIT_SCADA,1,"2019/08/20 10:15:00",RT_VIC2,0
D,DISPATCH,UNIT_SCADA,1,"2019/08/20 10:15:00",RT_VIC3,0
D,DISPATCH,UNIT_SCADA,1,"2019/08/20 10:15:00",RT_VIC4,0
D,DISPATCH,UNIT_SCADA,1,"2019/08/20 10:15:00",RT_VIC5,0
D,DISPATCH,UNIT_SCADA,1,"2019/08/20 10:15:00",RT_VIC6,0
D,DISPATCH,UNIT_SCADA,1,"2019/08/20 10:15:00",RT_VIC7,0
D,DISPATCH,UNIT_SCADA,1,"2019/08/20 10:15:00",RT_VIC8,0
D,DISPATCH,UNIT_SCADA,1,"2019/08/20 10:15:00",RT_VIC9,0
D,DISPATCH,UNIT_SCADA,1,"2019/08/20 10:15:00",RUGBYR1,45.185020
D,DISPATCH,UNIT_SCADA,1,"2019/08/20 10:15:00",SALTCRK1,52.35
D,DISPATCH,UNIT_SCADA,1,"2019/08/20 10:15:00",SAPHWF1,37.031250
D,DISPATCH,UNIT_SCADA,1,"2019/08/20 10:15:00",SHGEN,0
D,DISPATCH,UNIT_SCADA,1,"2019/08/20 10:15:00",SHPUMP,0
D,DISPATCH,UNIT_SCADA,1,"2019/08/20 10:15:00",SITHE01,0.005650
D,DISPATCH,UNIT_SCADA,1,"2019/08/20 10:15:00",SMCSF1,77.3551
D,DISPATCH,UNIT_SCADA,1,"2019/08/20 10:15:00",SNOWNTH1,30.10
D,DISPATCH,UNIT_SCADA,1,"2019/08/20 10:15:00",SNOWSTH1,62.90
D,DISPATCH,UNIT_SCADA,1,"2019/08/20 10:15:00",SNOWTWN1,31.8827
D,DISPATCH,UNIT_SCADA,1,"2019/08/20 10:15:00",SNOWYP,192.100010
D,DISPATCH,UNIT_SCADA,1,"2019/08/20 10:15:00",SNUG1,0.019440
D,DISPATCH,UNIT_SCADA,1,"2019/08/20 10:15:00",SRSF1,35.25
D,DISPATCH,UNIT_SCADA,1,"2019/08/20 10:15:00",STAN-1,0
D,DISPATCH,UNIT_SCADA,1,"2019/08/20 10:15:00",STAN-2,280.876460
D,DISPATCH,UNIT_SCADA,1,"2019/08/20 10:15:00",STAN-3,280.722630
D,DISPATCH,UNIT_SCADA,1,"2019/08/20 10:15:00",STAN-4,275.5827
D,DISPATCH,UNIT_SCADA,1,"2019/08/20 10:15:00",STWF1,1.957490
D,DISPATCH,UNIT_SCADA,1,"2019/08/20 10:15:00",SWAN_E,0
D,DISPATCH,UNIT_SCADA,1,"2019/08/20 10:15:00",TALWA1,201
D,DISPATCH,UNIT_SCADA,1,"2019/08/20 10:15:00",TARALGA1,103.226240
D,DISPATCH,UNIT_SCADA,1,"2019/08/20 10:15:00",TARONG#1,280.600010
D,DISPATCH,UNIT_SCADA,1,"2019/08/20 10:15:00",TARONG#2,318.800020
D,DISPATCH,UNIT_SCADA,1,"2019/08/20 10:15:00",TARONG#3,260.399990
D,DISPATCH,UNIT_SCADA,1,"2019/08/20 10:15:00",TARONG#4,280.50
D,DISPATCH,UNIT_SCADA,1,"2019/08/20 10:15:00",TARRALEA,87
D,DISPATCH,UNIT_SCADA,1,"2019/08/20 10:15:00",TBSF1,34.90
D,DISPATCH,UNIT_SCADA,1,"2019/08/20 10:15:00",TNPS1,441.700010
D,DISPATCH,UNIT_SCADA,1,"2019/08/20 10:15:00",TORRA1,34.555020
D,DISPATCH,UNIT_SCADA,1,"2019/08/20 10:15:00",TORRA2,0
D,DISPATCH,UNIT_SCADA,1,"2019/08/20 10:15:00",TORRA3,0
D,DISPATCH,UNIT_SCADA,1,"2019/08/20 10:15:00",TORRA4,0
D,DISPATCH,UNIT_SCADA,1,"2019/08/20 10:15:00",TORRB1,41.71
D,DISPATCH,UNIT_SCADA,1,"2019/08/20 10:15:00",TORRB2,40.54
D,DISPATCH,UNIT_SCADA,1,"2019/08/20 10:15:00",TORRB3,0
D,DISPATCH,UNIT_SCADA,1,"2019/08/20 10:15:00",TORRB4,0
D,DISPATCH,UNIT_SCADA,1,"2019/08/20 10:15:00",TREVALLN,47.150020
D,DISPATCH,UNIT_SCADA,1,"2019/08/20 10:15:00",TRIBUTE,84.58
D,DISPATCH,UNIT_SCADA,1,"2019/08/20 10:15:00",TUMUT3,0
D,DISPATCH,UNIT_SCADA,1,"2019/08/20 10:15:00",TUNGATIN,123.810040
D,DISPATCH,UNIT_SCADA,1,"2019/08/20 10:15:00",TVCC201,0
D,DISPATCH,UNIT_SCADA,1,"2019/08/20 10:15:00",TVPP104,0
D,DISPATCH,UNIT_SCADA,1,"2019/08/20 10:15:00",UPPTUMUT,0
D,DISPATCH,UNIT_SCADA,1,"2019/08/20 10:15:00",URANQ11,0
D,DISPATCH,UNIT_SCADA,1,"2019/08/20 10:15:00",URANQ12,0
D,DISPATCH,UNIT_SCADA,1,"2019/08/20 10:15:00",URANQ13,0
D,DISPATCH,UNIT_SCADA,1,"2019/08/20 10:15:00",URANQ14,0
D,DISPATCH,UNIT_SCADA,1,"2019/08/20 10:15:00",VP5,424.924990
D,DISPATCH,UNIT_SCADA,1,"2019/08/20 10:15:00",VP6,409.350010
D,DISPATCH,UNIT_SCADA,1,"2019/08/20 10:15:00",VPGS1,0
D,DISPATCH,UNIT_SCADA,1,"2019/08/20 10:15:00",VPGS2,0
D,DISPATCH,UNIT_SCADA,1,"2019/08/20 10:15:00",VPGS3,0
D,DISPATCH,UNIT_SCADA,1,"2019/08/20 10:15:00",VPGS4,0
D,DISPATCH,UNIT_SCADA,1,"2019/08/20 10:15:00",VPGS5,0
D,DISPATCH,UNIT_SCADA,1,"2019/08/20 10:15:00",VPGS6,0
D,DISPATCH,UNIT_SCADA,1,"2019/08/20 10:15:00",W/HOE#1,0
D,DISPATCH,UNIT_SCADA,1,"2019/08/20 10:15:00",W/HOE#2,0
D,DISPATCH,UNIT_SCADA,1,"2019/08/20 10:15:00",WATERLWF,119
D,DISPATCH,UNIT_SCADA,1,"2019/08/20 10:15:00",WEMENSF1,57.10
D,DISPATCH,UNIT_SCADA,1,"2019/08/20 10:15:00",WGWF1,94.40
D,DISPATCH,UNIT_SCADA,1,"2019/08/20 10:15:00",WHITSF1,44.50
D,DISPATCH,UNIT_SCADA,1,"2019/08/20 10:15:00",WKIEWA1,0
D,DISPATCH,UNIT_SCADA,1,"2019/08/20 10:15:00",WKIEWA2,9.10
D,DISPATCH,UNIT_SCADA,1,"2019/08/20 10:15:00",WOODLWN1,43.20
D,DISPATCH,UNIT_SCADA,1,"2019/08/20 10:15:00",WRSF1,19.80
D,DISPATCH,UNIT_SCADA,1,"2019/08/20 10:15:00",WRWF1,21.534990
D,DISPATCH,UNIT_SCADA,1,"2019/08/20 10:15:00",YABULU,0
D,DISPATCH,UNIT_SCADA,1,"2019/08/20 10:15:00",YABULU2,0
D,DISPATCH,UNIT_SCADA,1,"2019/08/20 10:15:00",YARWUN_1,0
D,DISPATCH,UNIT_SCADA,1,"2019/08/20 10:15:00",YENDWF1,41.81
D,DISPATCH,UNIT_SCADA,1,"2019/08/20 10:15:00",YWPS1,374.686070
D,DISPATCH,UNIT_SCADA,1,"2019/08/20 10:15:00",YWPS2,279.946840
D,DISPATCH,UNIT_SCADA,1,"2019/08/20 10:15:00",YWPS3,0
D,DISPATCH,UNIT_SCADA,1,"2019/08/20 10:15:00",YWPS4,395.520260
C,"END OF REPORT",334
