C,NEMP.WORLD,DISPATCHSCADA,AEMO,PUBLIC,2019/09/05,22:45:09,0000000312439233,DISPATCHSCADA,0000000312439227
I,DISPATCH,UNIT_SCADA,1,SETTLEMENTDATE,DUID,SCADAVALUE
D,DISPATCH,UNIT_SCADA,1,"2019/09/05 22:50:00",BARCSF1,0.30
D,DISPATCH,UNIT_SCADA,1,"2019/09/05 22:50:00",BUTLERSG,10.199999
D,DISPATCH,UNIT_SCADA,1,"2019/09/05 22:50:00",CALL_A_4,0
D,DISPATCH,UNIT_SCADA,1,"2019/09/05 22:50:00",CAPTL_WF,19.788002
D,DISPATCH,UNIT_SCADA,1,"2019/09/05 22:50:00",CATHROCK,0
D,DISPATCH,UNIT_SCADA,1,"2019/09/05 22:50:00",CHALLHWF,0
D,DISPATCH,UNIT_SCADA,1,"2019/09/05 22:50:00",CLOVER,0
D,DISPATCH,UNIT_SCADA,1,"2019/09/05 22:50:00",CLUNY,14.144655
D,DISPATCH,UNIT_SCADA,1,"2019/09/05 22:50:00",CNUNDAWF,10.512263
D,DISPATCH,UNIT_SCADA,1,"2019/09/05 22:50:00",CULLRGWF,10.29
D,DISPATCH,UNIT_SCADA,1,"2019/09/05 22:50:00",ERGT01,0
D,DISPATCH,UNIT_SCADA,1,"2019/09/05 22:50:00",GB01,0.008663
D,DISPATCH,UNIT_SCADA,1,"2019/09/05 22:50:00",GERMCRK,36
D,DISPATCH,UNIT_SCADA,1,"2019/09/05 22:50:00",GRIFSF1,0
D,DISPATCH,UNIT_SCADA,1,"2019/09/05 22:50:00",HUGSF1,-0.2330
D,DISPATCH,UNIT_SCADA,1,"2019/09/05 22:50:00",LKBONNY1,20.094606
D,DISPATCH,UNIT_SCADA,1,"2019/09/05 22:50:00",LRSF1,-0.0010
D,DISPATCH,UNIT_SCADA,1,"2019/09/05 22:50:00",MBAHNTH,46.856247
D,DISPATCH,UNIT_SCADA,1,"2019/09/05 22:50:00",MLSP1,0
D,DISPATCH,UNIT_SCADA,1,"2019/09/05 22:50:00",MLWF1,-0.0150
D,DISPATCH,UNIT_SCADA,1,"2019/09/05 22:50:00",MTMILLAR,45.473854
D,DISPATCH,UNIT_SCADA,1,"2019/09/05 22:50:00",PALOONA,25.529999
D,DISPATCH,UNIT_SCADA,1,"2019/09/05 22:50:00",PIONEER,43.799999
D,DISPATCH,UNIT_SCADA,1,"2019/09/05 22:50:00",PORTWF,45.599998
D,DISPATCH,UNIT_SCADA,1,"2019/09/05 22:50:00",REPULSE,32.454720
D,DISPATCH,UNIT_SCADA,1,"2019/09/05 22:50:00",ROWALLAN,10.3021
D,DISPATCH,UNIT_SCADA,1,"2019/09/05 22:50:00",ROYALLA1,0
D,DISPATCH,UNIT_SCADA,1,"2019/09/05 22:50:00",RPCG,11.10
D,DISPATCH,UNIT_SCADA,1,"2019/09/05 22:50:00",RUBICON,0
D,DISPATCH,UNIT_SCADA,1,"2019/09/05 22:50:00",SATGN1,0
D,DISPATCH,UNIT_SCADA,1,"2019/09/05 22:50:00",SATGS1,0
D,DISPATCH,UNIT_SCADA,1,"2019/09/05 22:50:00",STARHLWF,30.791021
D,DISPATCH,UNIT_SCADA,1,"2019/09/05 22:50:00",WAUBRAWF,36.915001
D,DISPATCH,UNIT_SCADA,1,"2019/09/05 22:50:00",WOOLNTH1,130.410019
D,DISPATCH,UNIT_SCADA,1,"2019/09/05 22:50:00",WPWF,60
D,DISPATCH,UNIT_SCADA,1,"2019/09/05 22:50:00",YAMBUKWF,-0.10
D,DISPATCH,UNIT_SCADA,1,"2019/09/05 22:50:00",YSWF1,10.50
D,DISPATCH,UNIT_SCADA,1,"2019/09/05 22:50:00",AGLHAL,0
D,DISPATCH,UNIT_SCADA,1,"2019/09/05 22:50:00",AGLSOM,4.40
D,DISPATCH,UNIT_SCADA,1,"2019/09/05 22:50:00",ANGAST1,0
D,DISPATCH,UNIT_SCADA,1,"2019/09/05 22:50:00",ARWF1,8.90
D,DISPATCH,UNIT_SCADA,1,"2019/09/05 22:50:00",BALBG1,0
D,DISPATCH,UNIT_SCADA,1,"2019/09/05 22:50:00",BALBL1,0
D,DISPATCH,UNIT_SCADA,1,"2019/09/05 22:50:00",BALDHWF1,35.4060
D,DISPATCH,UNIT_SCADA,1,"2019/09/05 22:50:00",BANN1,0
D,DISPATCH,UNIT_SCADA,1,"2019/09/05 22:50:00",BARCALDN,0
D,DISPATCH,UNIT_SCADA,1,"2019/09/05 22:50:00",BARRON-1,32.52
D,DISPATCH,UNIT_SCADA,1,"2019/09/05 22:50:00",BARRON-2,0
D,DISPATCH,UNIT_SCADA,1,"2019/09/05 22:50:00",BASTYAN,80.87
D,DISPATCH,UNIT_SCADA,1,"2019/09/05 22:50:00",BBTHREE1,0
D,DISPATCH,UNIT_SCADA,1,"2019/09/05 22:50:00",BBTHREE2,0
D,DISPATCH,UNIT_SCADA,1,"2019/09/05 22:50:00",BBTHREE3,0
D,DISPATCH,UNIT_SCADA,1,"2019/09/05 22:50:00",BDL01,-0.18
D,DISPATCH,UNIT_SCADA,1,"2019/09/05 22:50:00",BDL02,-0.24
D,DISPATCH,UNIT_SCADA,1,"2019/09/05 22:50:00",BERYLSF1,0
D,DISPATCH,UNIT_SCADA,1,"2019/09/05 22:50:00",BLOWERNG,15.20
D,DISPATCH,UNIT_SCADA,1,"2019/09/05 22:50:00",BLUFF1,52.60
D,DISPATCH,UNIT_SCADA,1,"2019/09/05 22:50:00",BNGSF1,0
D,DISPATCH,UNIT_SCADA,1,"2019/09/05 22:50:00",BNGSF2,0
D,DISPATCH,UNIT_SCADA,1,"2019/09/05 22:50:00",BOCORWF1,9.24
D,DISPATCH,UNIT_SCADA,1,"2019/09/05 22:50:00",BODWF1,14.071680
D,DISPATCH,UNIT_SCADA,1,"2019/09/05 22:50:00",BRAEMAR1,0
D,DISPATCH,UNIT_SCADA,1,"2019/09/05 22:50:00",BRAEMAR2,0
D,DISPATCH,UNIT_SCADA,1,"2019/09/05 22:50:00",BRAEMAR3,0
D,DISPATCH,UNIT_SCADA,1,"2019/09/05 22:50:00",BRAEMAR5,0
D,DISPATCH,UNIT_SCADA,1,"2019/09/05 22:50:00",BRAEMAR6,0
D,DISPATCH,UNIT_SCADA,1,"2019/09/05 22:50:00",BRAEMAR7,0
D,DISPATCH,UNIT_SCADA,1,"2019/09/05 22:50:00",BROKENH1,0
D,DISPATCH,UNIT_SCADA,1,"2019/09/05 22:50:00",BW01,535.949950
D,DISPATCH,UNIT_SCADA,1,"2019/09/05 22:50:00",BW02,617.199950
D,DISPATCH,UNIT_SCADA,1,"2019/09/05 22:50:00",BW03,619.349980
D,DISPATCH,UNIT_SCADA,1,"2019/09/05 22:50:00",BW04,0
D,DISPATCH,UNIT_SCADA,1,"2019/09/05 22:50:00",CALL_B_1,344.50
D,DISPATCH,UNIT_SCADA,1,"2019/09/05 22:50:00",CALL_B_2,295.100010
D,DISPATCH,UNIT_SCADA,1,"2019/09/05 22:50:00",CETHANA,17.832250
D,DISPATCH,UNIT_SCADA,1,"2019/09/05 22:50:00",CG1,0
D,DISPATCH,UNIT_SCADA,1,"2019/09/05 22:50:00",CG2,0
D,DISPATCH,UNIT_SCADA,1,"2019/09/05 22:50:00",CG3,0
D,DISPATCH,UNIT_SCADA,1,"2019/09/05 22:50:00",CG4,0
D,DISPATCH,UNIT_SCADA,1,"2019/09/05 22:50:00",CHILDSF1,0
D,DISPATCH,UNIT_SCADA,1,"2019/09/05 22:50:00",CLARESF1,0
D,DISPATCH,UNIT_SCADA,1,"2019/09/05 22:50:00",CLEMGPWF,51.649110
D,DISPATCH,UNIT_SCADA,1,"2019/09/05 22:50:00",CLERMSF1,0
D,DISPATCH,UNIT_SCADA,1,"2019/09/05 22:50:00",COLEASF1,0
D,DISPATCH,UNIT_SCADA,1,"2019/09/05 22:50:00",COOPGWF1,16.262180
D,DISPATCH,UNIT_SCADA,1,"2019/09/05 22:50:00",CPP_3,399.300020
D,DISPATCH,UNIT_SCADA,1,"2019/09/05 22:50:00",CPP_4,400.1250
D,DISPATCH,UNIT_SCADA,1,"2019/09/05 22:50:00",CPSA,140.999370
D,DISPATCH,UNIT_SCADA,1,"2019/09/05 22:50:00",CROOKWF2,28.223740
D,DISPATCH,UNIT_SCADA,1,"2019/09/05 22:50:00",CROWLWF1,10.510340
D,DISPATCH,UNIT_SCADA,1,"2019/09/05 22:50:00",CSPVPS1,0
D,DISPATCH,UNIT_SCADA,1,"2019/09/05 22:50:00",DALNTH01,0
D,DISPATCH,UNIT_SCADA,1,"2019/09/05 22:50:00",DALNTHL1,2.024870
D,DISPATCH,UNIT_SCADA,1,"2019/09/05 22:50:00",DARTM1,134
D,DISPATCH,UNIT_SCADA,1,"2019/09/05 22:50:00",DAYDSF1,0
D,DISPATCH,UNIT_SCADA,1,"2019/09/05 22:50:00",DDPS1,587.425420
D,DISPATCH,UNIT_SCADA,1,"2019/09/05 22:50:00",DDSF1,0
D,DISPATCH,UNIT_SCADA,1,"2019/09/05 22:50:00",DEVILS_G,63.624990
D,DISPATCH,UNIT_SCADA,1,"2019/09/05 22:50:00",DG_NSW1,0
D,DISPATCH,UNIT_SCADA,1,"2019/09/05 22:50:00",DG_QLD1,0
D,DISPATCH,UNIT_SCADA,1,"2019/09/05 22:50:00",DG_SA1,0
D,DISPATCH,UNIT_SCADA,1,"2019/09/05 22:50:00",DG_TAS1,0
D,DISPATCH,UNIT_SCADA,1,"2019/09/05 22:50:00",DG_VIC1,0
D,DISPATCH,UNIT_SCADA,1,"2019/09/05 22:50:00",DRYCGT1,0
D,DISPATCH,UNIT_SCADA,1,"2019/09/05 22:50:00",DRYCGT2,0
D,DISPATCH,UNIT_SCADA,1,"2019/09/05 22:50:00",DRYCGT3,0
D,DISPATCH,UNIT_SCADA,1,"2019/09/05 22:50:00",EILDON1,0
D,DISPATCH,UNIT_SCADA,1,"2019/09/05 22:50:00",EILDON2,0
D,DISPATCH,UNIT_SCADA,1,"2019/09/05 22:50:00",EMERASF1,0
D,DISPATCH,UNIT_SCADA,1,"2019/09/05 22:50:00",ER01,571.199950
D,DISPATCH,UNIT_SCADA,1,"2019/09/05 22:50:00",ER02,675.150020
D,DISPATCH,UNIT_SCADA,1,"2019/09/05 22:50:00",ER03,0
D,DISPATCH,UNIT_SCADA,1,"2019/09/05 22:50:00",ER04,655.6250
D,DISPATCH,UNIT_SCADA,1,"2019/09/05 22:50:00",FINLYSF1,0
D,DISPATCH,UNIT_SCADA,1,"2019/09/05 22:50:00",FISHER,45.85
D,DISPATCH,UNIT_SCADA,1,"2019/09/05 22:50:00",GANNBG1,0.002490
D,DISPATCH,UNIT_SCADA,1,"2019/09/05 22:50:00",GANNBL1,0
D,DISPATCH,UNIT_SCADA,1,"2019/09/05 22:50:00",GANNSF1,0
D,DISPATCH,UNIT_SCADA,1,"2019/09/05 22:50:00",GORDON,20.054160
D,DISPATCH,UNIT_SCADA,1,"2019/09/05 22:50:00",GSTONE1,199.849990
D,DISPATCH,UNIT_SCADA,1,"2019/09/05 22:50:00",GSTONE2,172.724990
D,DISPATCH,UNIT_SCADA,1,"2019/09/05 22:50:00",GSTONE3,0
D,DISPATCH,UNIT_SCADA,1,"2019/09/05 22:50:00",GSTONE4,212.45
D,DISPATCH,UNIT_SCADA,1,"2019/09/05 22:50:00",GSTONE5,199.149990
D,DISPATCH,UNIT_SCADA,1,"2019/09/05 22:50:00",GSTONE6,200.20
D,DISPATCH,UNIT_SCADA,1,"2019/09/05 22:50:00",GULLRSF1,0
D,DISPATCH,UNIT_SCADA,1,"2019/09/05 22:50:00",GULLRWF1,48.177670
D,DISPATCH,UNIT_SCADA,1,"2019/09/05 22:50:00",GUNNING1,25.235830
D,DISPATCH,UNIT_SCADA,1,"2019/09/05 22:50:00",GUTHEGA,0
D,DISPATCH,UNIT_SCADA,1,"2019/09/05 22:50:00",HALLWF1,91.64
D,DISPATCH,UNIT_SCADA,1,"2019/09/05 22:50:00",HALLWF2,59.43
D,DISPATCH,UNIT_SCADA,1,"2019/09/05 22:50:00",HAMISF1,0
D,DISPATCH,UNIT_SCADA,1,"2019/09/05 22:50:00",HAUGHT11,0
D,DISPATCH,UNIT_SCADA,1,"2019/09/05 22:50:00",HAYMSF1,0
D,DISPATCH,UNIT_SCADA,1,"2019/09/05 22:50:00",HDWF1,53.90
D,DISPATCH,UNIT_SCADA,1,"2019/09/05 22:50:00",HDWF2,34.90
D,DISPATCH,UNIT_SCADA,1,"2019/09/05 22:50:00",HDWF3,49.80
D,DISPATCH,UNIT_SCADA,1,"2019/09/05 22:50:00",HPRG1,0.20
D,DISPATCH,UNIT_SCADA,1,"2019/09/05 22:50:00",HPRL1,0
D,DISPATCH,UNIT_SCADA,1,"2019/09/05 22:50:00",HUMENSW,0
D,DISPATCH,UNIT_SCADA,1,"2019/09/05 22:50:00",HUMEV,23.30
D,DISPATCH,UNIT_SCADA,1,"2019/09/05 22:50:00",HVGTS,0
D,DISPATCH,UNIT_SCADA,1,"2019/09/05 22:50:00",JBUTTERS,17.97
D,DISPATCH,UNIT_SCADA,1,"2019/09/05 22:50:00",JLA01,0.10
D,DISPATCH,UNIT_SCADA,1,"2019/09/05 22:50:00",JLA02,0
D,DISPATCH,UNIT_SCADA,1,"2019/09/05 22:50:00",JLA03,0
D,DISPATCH,UNIT_SCADA,1,"2019/09/05 22:50:00",JLA04,0
D,DISPATCH,UNIT_SCADA,1,"2019/09/05 22:50:00",JLB01,0
D,DISPATCH,UNIT_SCADA,1,"2019/09/05 22:50:00",JLB02,0.10
D,DISPATCH,UNIT_SCADA,1,"2019/09/05 22:50:00",JLB03,0
D,DISPATCH,UNIT_SCADA,1,"2019/09/05 22:50:00",KAREEYA1,21.47
D,DISPATCH,UNIT_SCADA,1,"2019/09/05 22:50:00",KAREEYA2,21.7050
D,DISPATCH,UNIT_SCADA,1,"2019/09/05 22:50:00",KAREEYA3,0
D,DISPATCH,UNIT_SCADA,1,"2019/09/05 22:50:00",KAREEYA4,21.5450
D,DISPATCH,UNIT_SCADA,1,"2019/09/05 22:50:00",KARSF1,0
D,DISPATCH,UNIT_SCADA,1,"2019/09/05 22:50:00",KIATAWF1,30.20
D,DISPATCH,UNIT_SCADA,1,"2019/09/05 22:50:00",KPP_1,0
D,DISPATCH,UNIT_SCADA,1,"2019/09/05 22:50:00",KSP1,0
D,DISPATCH,UNIT_SCADA,1,"2019/09/05 22:50:00",LADBROK1,42.61
D,DISPATCH,UNIT_SCADA,1,"2019/09/05 22:50:00",LADBROK2,43.02
D,DISPATCH,UNIT_SCADA,1,"2019/09/05 22:50:00",LD01,422.212550
D,DISPATCH,UNIT_SCADA,1,"2019/09/05 22:50:00",LD02,400.556240
D,DISPATCH,UNIT_SCADA,1,"2019/09/05 22:50:00",LD03,420.675020
D,DISPATCH,UNIT_SCADA,1,"2019/09/05 22:50:00",LD04,381.824980
D,DISPATCH,UNIT_SCADA,1,"2019/09/05 22:50:00",LEM_WIL,84.6896
D,DISPATCH,UNIT_SCADA,1,"2019/09/05 22:50:00",LGAPWF1,34.68
D,DISPATCH,UNIT_SCADA,1,"2019/09/05 22:50:00",LILYSF1,0
D,DISPATCH,UNIT_SCADA,1,"2019/09/05 22:50:00",LI_WY_CA,138.896360
D,DISPATCH,UNIT_SCADA,1,"2019/09/05 22:50:00",LKBONNY2,28.489820
D,DISPATCH,UNIT_SCADA,1,"2019/09/05 22:50:00",LKBONNY3,4.744870
D,DISPATCH,UNIT_SCADA,1,"2019/09/05 22:50:00",LK_ECHO,0
D,DISPATCH,UNIT_SCADA,1,"2019/09/05 22:50:00",LNGS1,0
D,DISPATCH,UNIT_SCADA,1,"2019/09/05 22:50:00",LNGS2,0
D,DISPATCH,UNIT_SCADA,1,"2019/09/05 22:50:00",LONSDALE,0
D,DISPATCH,UNIT_SCADA,1,"2019/09/05 22:50:00",LOYYB1,536.088620
D,DISPATCH,UNIT_SCADA,1,"2019/09/05 22:50:00",LOYYB2,583.458250
D,DISPATCH,UNIT_SCADA,1,"2019/09/05 22:50:00",LYA1,0
D,DISPATCH,UNIT_SCADA,1,"2019/09/05 22:50:00",LYA2,0
D,DISPATCH,UNIT_SCADA,1,"2019/09/05 22:50:00",LYA3,558
D,DISPATCH,UNIT_SCADA,1,"2019/09/05 22:50:00",LYA4,539
D,DISPATCH,UNIT_SCADA,1,"2019/09/05 22:50:00",MACARTH1,15.499640
D,DISPATCH,UNIT_SCADA,1,"2019/09/05 22:50:00",MACKAYGT,0.2240
D,DISPATCH,UNIT_SCADA,1,"2019/09/05 22:50:00",MACKNTSH,88.720010
D,DISPATCH,UNIT_SCADA,1,"2019/09/05 22:50:00",MANSLR1,0
D,DISPATCH,UNIT_SCADA,1,"2019/09/05 22:50:00",MCKAY1,0.0750
D,DISPATCH,UNIT_SCADA,1,"2019/09/05 22:50:00",MEADOWBK,33.981620
D,DISPATCH,UNIT_SCADA,1,"2019/09/05 22:50:00",MERCER01,1.9350
D,DISPATCH,UNIT_SCADA,1,"2019/09/05 22:50:00",MEWF1,46.884860
D,DISPATCH,UNIT_SCADA,1,"2019/09/05 22:50:00",MINTARO,0
D,DISPATCH,UNIT_SCADA,1,"2019/09/05 22:50:00",MOREESF1,0
D,DISPATCH,UNIT_SCADA,1,"2019/09/05 22:50:00",MORTLK11,260
D,DISPATCH,UNIT_SCADA,1,"2019/09/05 22:50:00",MORTLK12,0
D,DISPATCH,UNIT_SCADA,1,"2019/09/05 22:50:00",MP1,222.500060
D,DISPATCH,UNIT_SCADA,1,"2019/09/05 22:50:00",MP2,0
D,DISPATCH,UNIT_SCADA,1,"2019/09/05 22:50:00",MPP_1,400
D,DISPATCH,UNIT_SCADA,1,"2019/09/05 22:50:00",MPP_2,433.50
D,DISPATCH,UNIT_SCADA,1,"2019/09/05 22:50:00",MSTUART1,0
D,DISPATCH,UNIT_SCADA,1,"2019/09/05 22:50:00",MSTUART2,0
D,DISPATCH,UNIT_SCADA,1,"2019/09/05 22:50:00",MSTUART3,0
D,DISPATCH,UNIT_SCADA,1,"2019/09/05 22:50:00",MTGELWF1,-0.566120
D,DISPATCH,UNIT_SCADA,1,"2019/09/05 22:50:00",MURRAY,0
D,DISPATCH,UNIT_SCADA,1,"2019/09/05 22:50:00",MUSSELR1,69.70
D,DISPATCH,UNIT_SCADA,1,"2019/09/05 22:50:00",MUWAWF1,15.74
D,DISPATCH,UNIT_SCADA,1,"2019/09/05 22:50:00",NBHWF1,112.20
D,DISPATCH,UNIT_SCADA,1,"2019/09/05 22:50:00",NPS,0
D,DISPATCH,UNIT_SCADA,1,"2019/09/05 22:50:00",NUMURSF1,0
D,DISPATCH,UNIT_SCADA,1,"2019/09/05 22:50:00",NYNGAN1,0
D,DISPATCH,UNIT_SCADA,1,"2019/09/05 22:50:00",OAKEY1,0
D,DISPATCH,UNIT_SCADA,1,"2019/09/05 22:50:00",OAKEY1SF,0
D,DISPATCH,UNIT_SCADA,1,"2019/09/05 22:50:00",OAKEY2,0
D,DISPATCH,UNIT_SCADA,1,"2019/09/05 22:50:00",OAKEY2SF,0
D,DISPATCH,UNIT_SCADA,1,"2019/09/05 22:50:00",OAKLAND1,-0.30
D,DISPATCH,UNIT_SCADA,1,"2019/09/05 22:50:00",OSB-AG,0
D,DISPATCH,UNIT_SCADA,1,"2019/09/05 22:50:00",PARSF1,0
D,DISPATCH,UNIT_SCADA,1,"2019/09/05 22:50:00",POAT110,0
D,DISPATCH,UNIT_SCADA,1,"2019/09/05 22:50:00",POAT220,0
D,DISPATCH,UNIT_SCADA,1,"2019/09/05 22:50:00",POR01,0
D,DISPATCH,UNIT_SCADA,1,"2019/09/05 22:50:00",POR03,0
D,DISPATCH,UNIT_SCADA,1,"2019/09/05 22:50:00",PPCCGT,430.5853
D,DISPATCH,UNIT_SCADA,1,"2019/09/05 22:50:00",PTSTAN1,0
D,DISPATCH,UNIT_SCADA,1,"2019/09/05 22:50:00",PUMP1,0
D,DISPATCH,UNIT_SCADA,1,"2019/09/05 22:50:00",PUMP2,0
D,DISPATCH,UNIT_SCADA,1,"2019/09/05 22:50:00",QPS1,29
D,DISPATCH,UNIT_SCADA,1,"2019/09/05 22:50:00",QPS2,0
D,DISPATCH,UNIT_SCADA,1,"2019/09/05 22:50:00",QPS3,0
D,DISPATCH,UNIT_SCADA,1,"2019/09/05 22:50:00",QPS4,0
D,DISPATCH,UNIT_SCADA,1,"2019/09/05 22:50:00",QPS5,0
D,DISPATCH,UNIT_SCADA,1,"2019/09/05 22:50:00",REECE1,113.210010
D,DISPATCH,UNIT_SCADA,1,"2019/09/05 22:50:00",REECE2,81.500010
D,DISPATCH,UNIT_SCADA,1,"2019/09/05 22:50:00",ROMA_7,0
D,DISPATCH,UNIT_SCADA,1,"2019/09/05 22:50:00",ROMA_8,0
D,DISPATCH,UNIT_SCADA,1,"2019/09/05 22:50:00",RRSF1,0
D,DISPATCH,UNIT_SCADA,1,"2019/09/05 22:50:00",RT_NSW1,0
D,DISPATCH,UNIT_SCADA,1,"2019/09/05 22:50:00",RT_NSW2,0
D,DISPATCH,UNIT_SCADA,1,"2019/09/05 22:50:00",RT_NSW3,0
D,DISPATCH,UNIT_SCADA,1,"2019/09/05 22:50:00",RT_NSW4,0
D,DISPATCH,UNIT_SCADA,1,"2019/09/05 22:50:00",RT_NSW5,0
D,DISPATCH,UNIT_SCADA,1,"2019/09/05 22:50:00",RT_NSW6,0
D,DISPATCH,UNIT_SCADA,1,"2019/09/05 22:50:00",RT_QLD1,0
D,DISPATCH,UNIT_SCADA,1,"2019/09/05 22:50:00",RT_SA1,0
D,DISPATCH,UNIT_SCADA,1,"2019/09/05 22:50:00",RT_SA2,0
D,DISPATCH,UNIT_SCADA,1,"2019/09/05 22:50:00",RT_SA3,0
D,DISPATCH,UNIT_SCADA,1,"2019/09/05 22:50:00",RT_SA4,0
D,DISPATCH,UNIT_SCADA,1,"2019/09/05 22:50:00",RT_SA5,0
D,DISPATCH,UNIT_SCADA,1,"2019/09/05 22:50:00",RT_SA6,0
D,DISPATCH,UNIT_SCADA,1,"2019/09/05 22:50:00",RT_TAS1,0
D,DISPATCH,UNIT_SCADA,1,"2019/09/05 22:50:00",RT_VIC1,0
D,DISPATCH,UNIT_SCADA,1,"2019/09/05 22:50:00",RT_VIC10,0
D,DISPATCH,UNIT_SCADA,1,"2019/09/05 22:50:00",RT_VIC11,0
D,DISPATCH,UNIT_SCADA,1,"2019/09/05 22:50:00",RT_VIC12,0
D,DISPATCH,UNIT_SCADA,1,"2019/09/05 22:50:00",RT_VIC2,0
D,DISPATCH,UNIT_SCADA,1,"2019/09/05 22:50:00",RT_VIC3,0
D,DISPATCH,UNIT_SCADA,1,"2019/09/05 22:50:00",RT_VIC4,0
D,DISPATCH,UNIT_SCADA,1,"2019/09/05 22:50:00",RT_VIC5,0
D,DISPATCH,UNIT_SCADA,1,"2019/09/05 22:50:00",RT_VIC6,0
D,DISPATCH,UNIT_SCADA,1,"2019/09/05 22:50:00",RT_VIC7,0
D,DISPATCH,UNIT_SCADA,1,"2019/09/05 22:50:00",RT_VIC8,0
D,DISPATCH,UNIT_SCADA,1,"2019/09/05 22:50:00",RT_VIC9,0
D,DISPATCH,UNIT_SCADA,1,"2019/09/05 22:50:00",RUGBYR1,0
D,DISPATCH,UNIT_SCADA,1,"2019/09/05 22:50:00",SALTCRK1,-0.49
D,DISPATCH,UNIT_SCADA,1,"2019/09/05 22:50:00",SAPHWF1,87
D,DISPATCH,UNIT_SCADA,1,"2019/09/05 22:50:00",SHGEN,0
D,DISPATCH,UNIT_SCADA,1,"2019/09/05 22:50:00",SHPUMP,0
D,DISPATCH,UNIT_SCADA,1,"2019/09/05 22:50:00",SITHE01,0.214140
D,DISPATCH,UNIT_SCADA,1,"2019/09/05 22:50:00",SMCSF1,0
D,DISPATCH,UNIT_SCADA,1,"2019/09/05 22:50:00",SNOWNTH1,135.70
D,DISPATCH,UNIT_SCADA,1,"2019/09/05 22:50:00",SNOWSTH1,111.100010
D,DISPATCH,UNIT_SCADA,1,"2019/09/05 22:50:00",SNOWTWN1,95.025720
D,DISPATCH,UNIT_SCADA,1,"2019/09/05 22:50:00",SNOWYP,0
D,DISPATCH,UNIT_SCADA,1,"2019/09/05 22:50:00",SNUG1,0.019440
D,DISPATCH,UNIT_SCADA,1,"2019/09/05 22:50:00",SRSF1,0.22
D,DISPATCH,UNIT_SCADA,1,"2019/09/05 22:50:00",STAN-1,255.266490
D,DISPATCH,UNIT_SCADA,1,"2019/09/05 22:50:00",STAN-2,315.010250
D,DISPATCH,UNIT_SCADA,1,"2019/09/05 22:50:00",STAN-3,324.341610
D,DISPATCH,UNIT_SCADA,1,"2019/09/05 22:50:00",STAN-4,330.250610
D,DISPATCH,UNIT_SCADA,1,"2019/09/05 22:50:00",STWF1,0
D,DISPATCH,UNIT_SCADA,1,"2019/09/05 22:50:00",SWAN_E,0
D,DISPATCH,UNIT_SCADA,1,"2019/09/05 22:50:00",TALWA1,415
D,DISPATCH,UNIT_SCADA,1,"2019/09/05 22:50:00",TARALGA1,30.0825
D,DISPATCH,UNIT_SCADA,1,"2019/09/05 22:50:00",TARONG#1,343.700010
D,DISPATCH,UNIT_SCADA,1,"2019/09/05 22:50:00",TARONG#2,0
D,DISPATCH,UNIT_SCADA,1,"2019/09/05 22:50:00",TARONG#3,320.50
D,DISPATCH,UNIT_SCADA,1,"2019/09/05 22:50:00",TARONG#4,350.300020
D,DISPATCH,UNIT_SCADA,1,"2019/09/05 22:50:00",TARRALEA,73.90
D,DISPATCH,UNIT_SCADA,1,"2019/09/05 22:50:00",TBSF1,-0.20
D,DISPATCH,UNIT_SCADA,1,"2019/09/05 22:50:00",TNPS1,397.600010
D,DISPATCH,UNIT_SCADA,1,"2019/09/05 22:50:00",TORRA1,49.030770
D,DISPATCH,UNIT_SCADA,1,"2019/09/05 22:50:00",TORRA2,0
D,DISPATCH,UNIT_SCADA,1,"2019/09/05 22:50:00",TORRA3,0
D,DISPATCH,UNIT_SCADA,1,"2019/09/05 22:50:00",TORRA4,36.325660
D,DISPATCH,UNIT_SCADA,1,"2019/09/05 22:50:00",TORRB1,82.54
D,DISPATCH,UNIT_SCADA,1,"2019/09/05 22:50:00",TORRB2,86.97
D,DISPATCH,UNIT_SCADA,1,"2019/09/05 22:50:00",TORRB3,88.86
D,DISPATCH,UNIT_SCADA,1,"2019/09/05 22:50:00",TORRB4,0
D,DISPATCH,UNIT_SCADA,1,"2019/09/05 22:50:00",TREVALLN,92.960030
D,DISPATCH,UNIT_SCADA,1,"2019/09/05 22:50:00",TRIBUTE,0
D,DISPATCH,UNIT_SCADA,1,"2019/09/05 22:50:00",TUMUT3,118.28
D,DISPATCH,UNIT_SCADA,1,"2019/09/05 22:50:00",TUNGATIN,4
D,DISPATCH,UNIT_SCADA,1,"2019/09/05 22:50:00",TVCC201,0
D,DISPATCH,UNIT_SCADA,1,"2019/09/05 22:50:00",TVPP104,0
D,DISPATCH,UNIT_SCADA,1,"2019/09/05 22:50:00",UPPTUMUT,422.755490
D,DISPATCH,UNIT_SCADA,1,"2019/09/05 22:50:00",URANQ11,0
D,DISPATCH,UNIT_SCADA,1,"2019/09/05 22:50:00",URANQ12,0
D,DISPATCH,UNIT_SCADA,1,"2019/09/05 22:50:00",URANQ13,0
D,DISPATCH,UNIT_SCADA,1,"2019/09/05 22:50:00",URANQ14,0
D,DISPATCH,UNIT_SCADA,1,"2019/09/05 22:50:00",VP5,413.450010
D,DISPATCH,UNIT_SCADA,1,"2019/09/05 22:50:00",VP6,0
D,DISPATCH,UNIT_SCADA,1,"2019/09/05 22:50:00",VPGS1,0
D,DISPATCH,UNIT_SCADA,1,"2019/09/05 22:50:00",VPGS2,0
D,DISPATCH,UNIT_SCADA,1,"2019/09/05 22:50:00",VPGS3,0
D,DISPATCH,UNIT_SCADA,1,"2019/09/05 22:50:00",VPGS4,0
D,DISPATCH,UNIT_SCADA,1,"2019/09/05 22:50:00",VPGS5,0
D,DISPATCH,UNIT_SCADA,1,"2019/09/05 22:50:00",VPGS6,0
D,DISPATCH,UNIT_SCADA,1,"2019/09/05 22:50:00",W/HOE#1,0
D,DISPATCH,UNIT_SCADA,1,"2019/09/05 22:50:00",W/HOE#2,0
D,DISPATCH,UNIT_SCADA,1,"2019/09/05 22:50:00",WATERLWF,121.40
D,DISPATCH,UNIT_SCADA,1,"2019/09/05 22:50:00",WEMENSF1,0
D,DISPATCH,UNIT_SCADA,1,"2019/09/05 22:50:00",WGWF1,79.80
D,DISPATCH,UNIT_SCADA,1,"2019/09/05 22:50:00",WHITSF1,0
D,DISPATCH,UNIT_SCADA,1,"2019/09/05 22:50:00",WKIEWA1,15.80
D,DISPATCH,UNIT_SCADA,1,"2019/09/05 22:50:00",WKIEWA2,15.70
D,DISPATCH,UNIT_SCADA,1,"2019/09/05 22:50:00",WOODLWN1,11.016020
D,DISPATCH,UNIT_SCADA,1,"2019/09/05 22:50:00",WRSF1,0
D,DISPATCH,UNIT_SCADA,1,"2019/09/05 22:50:00",WRWF1,23.787510
D,DISPATCH,UNIT_SCADA,1,"2019/09/05 22:50:00",YABULU,160.920010
D,DISPATCH,UNIT_SCADA,1,"2019/09/05 22:50:00",YABULU2,0
D,DISPATCH,UNIT_SCADA,1,"2019/09/05 22:50:00",YARWUN_1,166.16
D,DISPATCH,UNIT_SCADA,1,"2019/09/05 22:50:00",YENDWF1,42.10
D,DISPATCH,UNIT_SCADA,1,"2019/09/05 22:50:00",YWPS1,362.6557
D,DISPATCH,UNIT_SCADA,1,"2019/09/05 22:50:00",YWPS2,282.453160
D,DISPATCH,UNIT_SCADA,1,"2019/09/05 22:50:00",YWPS3,330.313930
D,DISPATCH,UNIT_SCADA,1,"2019/09/05 22:50:00",YWPS4,398.060760
C,"END OF REPORT",335
