C,NEMP.WORLD,DISPATCHSCADA,AEMO,PUBLIC,2019/08/20,15:15:07,0000000311790895,DISPATCHSCADA,0000000311790889
I,DISPATCH,UNIT_SCADA,1,SETTLEMENTDATE,DUID,SCADAVALUE
D,DISPATCH,UNIT_SCADA,1,"2019/08/20 15:20:00",BARCSF1,18.50
D,DISPATCH,UNIT_SCADA,1,"2019/08/20 15:20:00",BUTLERSG,9.799998
D,DISPATCH,UNIT_SCADA,1,"2019/08/20 15:20:00",CALL_A_4,0
D,DISPATCH,UNIT_SCADA,1,"2019/08/20 15:20:00",CAPTL_WF,131.600006
D,DISPATCH,UNIT_SCADA,1,"2019/08/20 15:20:00",CATHROCK,47.149998
D,DISPATCH,UNIT_SCADA,1,"2019/08/20 15:20:00",CHALLHWF,23.200001
D,DISPATCH,UNIT_SCADA,1,"2019/08/20 15:20:00",CLOVER,-0.02
D,DISPATCH,UNIT_SCADA,1,"2019/08/20 15:20:00",CLUNY,17.397573
D,DISPATCH,UNIT_SCADA,1,"2019/08/20 15:20:00",CNUNDAWF,41.348236
D,DISPATCH,UNIT_SCADA,1,"2019/08/20 15:20:00",CULLRGWF,30.50
D,DISPATCH,UNIT_SCADA,1,"2019/08/20 15:20:00",ERGT01,0
D,DISPATCH,UNIT_SCADA,1,"2019/08/20 15:20:00",GB01,0.067783
D,DISPATCH,UNIT_SCADA,1,"2019/08/20 15:20:00",GERMCRK,35
D,DISPATCH,UNIT_SCADA,1,"2019/08/20 15:20:00",GRIFSF1,24.399994
D,DISPATCH,UNIT_SCADA,1,"2019/08/20 15:20:00",HUGSF1,8.943001
D,DISPATCH,UNIT_SCADA,1,"2019/08/20 15:20:00",LKBONNY1,77.341911
D,DISPATCH,UNIT_SCADA,1,"2019/08/20 15:20:00",LRSF1,9.7220
D,DISPATCH,UNIT_SCADA,1,"2019/08/20 15:20:00",MBAHNTH,52.856247
D,DISPATCH,UNIT_SCADA,1,"2019/08/20 15:20:00",MLSP1,7.548001
D,DISPATCH,UNIT_SCADA,1,"2019/08/20 15:20:00",MLWF1,19.68
D,DISPATCH,UNIT_SCADA,1,"2019/08/20 15:20:00",MTMILLAR,30.888884
D,DISPATCH,UNIT_SCADA,1,"2019/08/20 15:20:00",PALOONA,7.90
D,DISPATCH,UNIT_SCADA,1,"2019/08/20 15:20:00",PIONEER,11.50
D,DISPATCH,UNIT_SCADA,1,"2019/08/20 15:20:00",PORTWF,138.600006
D,DISPATCH,UNIT_SCADA,1,"2019/08/20 15:20:00",REPULSE,29.190510
D,DISPATCH,UNIT_SCADA,1,"2019/08/20 15:20:00",ROWALLAN,10.0323
D,DISPATCH,UNIT_SCADA,1,"2019/08/20 15:20:00",ROYALLA1,12.398001
D,DISPATCH,UNIT_SCADA,1,"2019/08/20 15:20:00",RPCG,12.90
D,DISPATCH,UNIT_SCADA,1,"2019/08/20 15:20:00",RUBICON,0
D,DISPATCH,UNIT_SCADA,1,"2019/08/20 15:20:00",SATGN1,0
D,DISPATCH,UNIT_SCADA,1,"2019/08/20 15:20:00",SATGS1,0
D,DISPATCH,UNIT_SCADA,1,"2019/08/20 15:20:00",STARHLWF,32.190613
D,DISPATCH,UNIT_SCADA,1,"2019/08/20 15:20:00",WAUBRAWF,95.498001
D,DISPATCH,UNIT_SCADA,1,"2019/08/20 15:20:00",WOOLNTH1,94.300018
D,DISPATCH,UNIT_SCADA,1,"2019/08/20 15:20:00",WPWF,52
D,DISPATCH,UNIT_SCADA,1,"2019/08/20 15:20:00",YAMBUKWF,29.60
D,DISPATCH,UNIT_SCADA,1,"2019/08/20 15:20:00",YSWF1,28.700001
D,DISPATCH,UNIT_SCADA,1,"2019/08/20 15:20:00",AGLHAL,0
D,DISPATCH,UNIT_SCADA,1,"2019/08/20 15:20:00",AGLSOM,0
D,DISPATCH,UNIT_SCADA,1,"2019/08/20 15:20:00",ANGAST1,0
D,DISPATCH,UNIT_SCADA,1,"2019/08/20 15:20:00",ARWF1,126.40
D,DISPATCH,UNIT_SCADA,1,"2019/08/20 15:20:00",BALBG1,0
D,DISPATCH,UNIT_SCADA,1,"2019/08/20 15:20:00",BALBL1,7.40
D,DISPATCH,UNIT_SCADA,1,"2019/08/20 15:20:00",BALDHWF1,102.8160
D,DISPATCH,UNIT_SCADA,1,"2019/08/20 15:20:00",BANN1,41.50
D,DISPATCH,UNIT_SCADA,1,"2019/08/20 15:20:00",BARCALDN,0
D,DISPATCH,UNIT_SCADA,1,"2019/08/20 15:20:00",BARRON-1,0
D,DISPATCH,UNIT_SCADA,1,"2019/08/20 15:20:00",BARRON-2,26.04
D,DISPATCH,UNIT_SCADA,1,"2019/08/20 15:20:00",BASTYAN,80.02
D,DISPATCH,UNIT_SCADA,1,"2019/08/20 15:20:00",BBTHREE1,-1.86
D,DISPATCH,UNIT_SCADA,1,"2019/08/20 15:20:00",BBTHREE2,-2.01
D,DISPATCH,UNIT_SCADA,1,"2019/08/20 15:20:00",BBTHREE3,0
D,DISPATCH,UNIT_SCADA,1,"2019/08/20 15:20:00",BDL01,0
D,DISPATCH,UNIT_SCADA,1,"2019/08/20 15:20:00",BDL02,0
D,DISPATCH,UNIT_SCADA,1,"2019/08/20 15:20:00",BERYLSF1,79.248840
D,DISPATCH,UNIT_SCADA,1,"2019/08/20 15:20:00",BLOWERNG,0
D,DISPATCH,UNIT_SCADA,1,"2019/08/20 15:20:00",BLUFF1,36.80
D,DISPATCH,UNIT_SCADA,1,"2019/08/20 15:20:00",BNGSF1,94.64
D,DISPATCH,UNIT_SCADA,1,"2019/08/20 15:20:00",BNGSF2,19.99
D,DISPATCH,UNIT_SCADA,1,"2019/08/20 15:20:00",BOCORWF1,106.51
D,DISPATCH,UNIT_SCADA,1,"2019/08/20 15:20:00",BODWF1,89.852910
D,DISPATCH,UNIT_SCADA,1,"2019/08/20 15:20:00",BRAEMAR1,0
D,DISPATCH,UNIT_SCADA,1,"2019/08/20 15:20:00",BRAEMAR2,0
D,DISPATCH,UNIT_SCADA,1,"2019/08/20 15:20:00",BRAEMAR3,0
D,DISPATCH,UNIT_SCADA,1,"2019/08/20 15:20:00",BRAEMAR5,0
D,DISPATCH,UNIT_SCADA,1,"2019/08/20 15:20:00",BRAEMAR6,0
D,DISPATCH,UNIT_SCADA,1,"2019/08/20 15:20:00",BRAEMAR7,0
D,DISPATCH,UNIT_SCADA,1,"2019/08/20 15:20:00",BROKENH1,45.054440
D,DISPATCH,UNIT_SCADA,1,"2019/08/20 15:20:00",BW01,344.925050
D,DISPATCH,UNIT_SCADA,1,"2019/08/20 15:20:00",BW02,429.300050
D,DISPATCH,UNIT_SCADA,1,"2019/08/20 15:20:00",BW03,497.099980
D,DISPATCH,UNIT_SCADA,1,"2019/08/20 15:20:00",BW04,0
D,DISPATCH,UNIT_SCADA,1,"2019/08/20 15:20:00",CALL_B_1,350.399990
D,DISPATCH,UNIT_SCADA,1,"2019/08/20 15:20:00",CALL_B_2,290
D,DISPATCH,UNIT_SCADA,1,"2019/08/20 15:20:00",CETHANA,94.1130
D,DISPATCH,UNIT_SCADA,1,"2019/08/20 15:20:00",CG1,0
D,DISPATCH,UNIT_SCADA,1,"2019/08/20 15:20:00",CG2,0
D,DISPATCH,UNIT_SCADA,1,"2019/08/20 15:20:00",CG3,0
D,DISPATCH,UNIT_SCADA,1,"2019/08/20 15:20:00",CG4,0
D,DISPATCH,UNIT_SCADA,1,"2019/08/20 15:20:00",CHILDSF1,40.05
D,DISPATCH,UNIT_SCADA,1,"2019/08/20 15:20:00",CLARESF1,19.094530
D,DISPATCH,UNIT_SCADA,1,"2019/08/20 15:20:00",CLEMGPWF,22.114750
D,DISPATCH,UNIT_SCADA,1,"2019/08/20 15:20:00",CLERMSF1,15.06
D,DISPATCH,UNIT_SCADA,1,"2019/08/20 15:20:00",COLEASF1,91.899990
D,DISPATCH,UNIT_SCADA,1,"2019/08/20 15:20:00",COOPGWF1,22.829790
D,DISPATCH,UNIT_SCADA,1,"2019/08/20 15:20:00",CPP_3,406.175020
D,DISPATCH,UNIT_SCADA,1,"2019/08/20 15:20:00",CPP_4,404.524990
D,DISPATCH,UNIT_SCADA,1,"2019/08/20 15:20:00",CPSA,142.574370
D,DISPATCH,UNIT_SCADA,1,"2019/08/20 15:20:00",CROOKWF2,88.243740
D,DISPATCH,UNIT_SCADA,1,"2019/08/20 15:20:00",CROWLWF1,55.418880
D,DISPATCH,UNIT_SCADA,1,"2019/08/20 15:20:00",CSPVPS1,28.5790
D,DISPATCH,UNIT_SCADA,1,"2019/08/20 15:20:00",DALNTH01,0
D,DISPATCH,UNIT_SCADA,1,"2019/08/20 15:20:00",DALNTHL1,0.117490
D,DISPATCH,UNIT_SCADA,1,"2019/08/20 15:20:00",DARTM1,0
D,DISPATCH,UNIT_SCADA,1,"2019/08/20 15:20:00",DAYDSF1,105.887010
D,DISPATCH,UNIT_SCADA,1,"2019/08/20 15:20:00",DDPS1,43.1512
D,DISPATCH,UNIT_SCADA,1,"2019/08/20 15:20:00",DDSF1,75.649020
D,DISPATCH,UNIT_SCADA,1,"2019/08/20 15:20:00",DEVILS_G,0
D,DISPATCH,UNIT_SCADA,1,"2019/08/20 15:20:00",DG_NSW1,0
D,DISPATCH,UNIT_SCADA,1,"2019/08/20 15:20:00",DG_QLD1,0
D,DISPATCH,UNIT_SCADA,1,"2019/08/20 15:20:00",DG_SA1,0
D,DISPATCH,UNIT_SCADA,1,"2019/08/20 15:20:00",DG_TAS1,0
D,DISPATCH,UNIT_SCADA,1,"2019/08/20 15:20:00",DG_VIC1,0
D,DISPATCH,UNIT_SCADA,1,"2019/08/20 15:20:00",DRYCGT1,0
D,DISPATCH,UNIT_SCADA,1,"2019/08/20 15:20:00",DRYCGT2,0
D,DISPATCH,UNIT_SCADA,1,"2019/08/20 15:20:00",DRYCGT3,0
D,DISPATCH,UNIT_SCADA,1,"2019/08/20 15:20:00",EILDON1,0
D,DISPATCH,UNIT_SCADA,1,"2019/08/20 15:20:00",EILDON2,0
D,DISPATCH,UNIT_SCADA,1,"2019/08/20 15:20:00",EMERASF1,63.43
D,DISPATCH,UNIT_SCADA,1,"2019/08/20 15:20:00",ER01,362.025020
D,DISPATCH,UNIT_SCADA,1,"2019/08/20 15:20:00",ER02,366.324950
D,DISPATCH,UNIT_SCADA,1,"2019/08/20 15:20:00",ER03,699.174930
D,DISPATCH,UNIT_SCADA,1,"2019/08/20 15:20:00",ER04,366.324950
D,DISPATCH,UNIT_SCADA,1,"2019/08/20 15:20:00",FINLYSF1,0
D,DISPATCH,UNIT_SCADA,1,"2019/08/20 15:20:00",FISHER,45.83
D,DISPATCH,UNIT_SCADA,1,"2019/08/20 15:20:00",GANNBG1,0
D,DISPATCH,UNIT_SCADA,1,"2019/08/20 15:20:00",GANNBL1,0.030380
D,DISPATCH,UNIT_SCADA,1,"2019/08/20 15:20:00",GANNSF1,14.30
D,DISPATCH,UNIT_SCADA,1,"2019/08/20 15:20:00",GORDON,9.881760
D,DISPATCH,UNIT_SCADA,1,"2019/08/20 15:20:00",GSTONE1,109.7250
D,DISPATCH,UNIT_SCADA,1,"2019/08/20 15:20:00",GSTONE2,109.7250
D,DISPATCH,UNIT_SCADA,1,"2019/08/20 15:20:00",GSTONE3,110.0750
D,DISPATCH,UNIT_SCADA,1,"2019/08/20 15:20:00",GSTONE4,130.024990
D,DISPATCH,UNIT_SCADA,1,"2019/08/20 15:20:00",GSTONE5,129.6750
D,DISPATCH,UNIT_SCADA,1,"2019/08/20 15:20:00",GSTONE6,0
D,DISPATCH,UNIT_SCADA,1,"2019/08/20 15:20:00",GULLRSF1,5.7547
D,DISPATCH,UNIT_SCADA,1,"2019/08/20 15:20:00",GULLRWF1,148.823640
D,DISPATCH,UNIT_SCADA,1,"2019/08/20 15:20:00",GUNNING1,44.764690
D,DISPATCH,UNIT_SCADA,1,"2019/08/20 15:20:00",GUTHEGA,0
D,DISPATCH,UNIT_SCADA,1,"2019/08/20 15:20:00",HALLWF1,64.96
D,DISPATCH,UNIT_SCADA,1,"2019/08/20 15:20:00",HALLWF2,47.99
D,DISPATCH,UNIT_SCADA,1,"2019/08/20 15:20:00",HAMISF1,44.60
D,DISPATCH,UNIT_SCADA,1,"2019/08/20 15:20:00",HAUGHT11,50.046970
D,DISPATCH,UNIT_SCADA,1,"2019/08/20 15:20:00",HAYMSF1,37.5110
D,DISPATCH,UNIT_SCADA,1,"2019/08/20 15:20:00",HDWF1,69.20
D,DISPATCH,UNIT_SCADA,1,"2019/08/20 15:20:00",HDWF2,70.40
D,DISPATCH,UNIT_SCADA,1,"2019/08/20 15:20:00",HDWF3,73.80
D,DISPATCH,UNIT_SCADA,1,"2019/08/20 15:20:00",HPRG1,6.50
D,DISPATCH,UNIT_SCADA,1,"2019/08/20 15:20:00",HPRL1,0
D,DISPATCH,UNIT_SCADA,1,"2019/08/20 15:20:00",HUMENSW,0
D,DISPATCH,UNIT_SCADA,1,"2019/08/20 15:20:00",HUMEV,8.30
D,DISPATCH,UNIT_SCADA,1,"2019/08/20 15:20:00",HVGTS,0
D,DISPATCH,UNIT_SCADA,1,"2019/08/20 15:20:00",JBUTTERS,132.08
D,DISPATCH,UNIT_SCADA,1,"2019/08/20 15:20:00",JLA01,0.50
D,DISPATCH,UNIT_SCADA,1,"2019/08/20 15:20:00",JLA02,0
D,DISPATCH,UNIT_SCADA,1,"2019/08/20 15:20:00",JLA03,0.10
D,DISPATCH,UNIT_SCADA,1,"2019/08/20 15:20:00",JLA04,0.10
D,DISPATCH,UNIT_SCADA,1,"2019/08/20 15:20:00",JLB01,0
D,DISPATCH,UNIT_SCADA,1,"2019/08/20 15:20:00",JLB02,0.10
D,DISPATCH,UNIT_SCADA,1,"2019/08/20 15:20:00",JLB03,0
D,DISPATCH,UNIT_SCADA,1,"2019/08/20 15:20:00",KAREEYA1,21.5075
D,DISPATCH,UNIT_SCADA,1,"2019/08/20 15:20:00",KAREEYA2,21.5275
D,DISPATCH,UNIT_SCADA,1,"2019/08/20 15:20:00",KAREEYA3,0
D,DISPATCH,UNIT_SCADA,1,"2019/08/20 15:20:00",KAREEYA4,21.7050
D,DISPATCH,UNIT_SCADA,1,"2019/08/20 15:20:00",KARSF1,39.60
D,DISPATCH,UNIT_SCADA,1,"2019/08/20 15:20:00",KIATAWF1,30.70
D,DISPATCH,UNIT_SCADA,1,"2019/08/20 15:20:00",KPP_1,0
D,DISPATCH,UNIT_SCADA,1,"2019/08/20 15:20:00",KSP1,45.94
D,DISPATCH,UNIT_SCADA,1,"2019/08/20 15:20:00",LADBROK1,0
D,DISPATCH,UNIT_SCADA,1,"2019/08/20 15:20:00",LADBROK2,0
D,DISPATCH,UNIT_SCADA,1,"2019/08/20 15:20:00",LD01,375.112520
D,DISPATCH,UNIT_SCADA,1,"2019/08/20 15:20:00",LD02,367.3125
D,DISPATCH,UNIT_SCADA,1,"2019/08/20 15:20:00",LD03,370.537510
D,DISPATCH,UNIT_SCADA,1,"2019/08/20 15:20:00",LD04,376.275050
D,DISPATCH,UNIT_SCADA,1,"2019/08/20 15:20:00",LEM_WIL,85.5468
D,DISPATCH,UNIT_SCADA,1,"2019/08/20 15:20:00",LGAPWF1,0
D,DISPATCH,UNIT_SCADA,1,"2019/08/20 15:20:00",LILYSF1,92.798970
D,DISPATCH,UNIT_SCADA,1,"2019/08/20 15:20:00",LI_WY_CA,148.595470
D,DISPATCH,UNIT_SCADA,1,"2019/08/20 15:20:00",LKBONNY2,107.901720
D,DISPATCH,UNIT_SCADA,1,"2019/08/20 15:20:00",LKBONNY3,27.1295
D,DISPATCH,UNIT_SCADA,1,"2019/08/20 15:20:00",LK_ECHO,0
D,DISPATCH,UNIT_SCADA,1,"2019/08/20 15:20:00",LNGS1,0
D,DISPATCH,UNIT_SCADA,1,"2019/08/20 15:20:00",LNGS2,0
D,DISPATCH,UNIT_SCADA,1,"2019/08/20 15:20:00",LONSDALE,0
D,DISPATCH,UNIT_SCADA,1,"2019/08/20 15:20:00",LOYYB1,536.088620
D,DISPATCH,UNIT_SCADA,1,"2019/08/20 15:20:00",LOYYB2,581.578490
D,DISPATCH,UNIT_SCADA,1,"2019/08/20 15:20:00",LYA1,558
D,DISPATCH,UNIT_SCADA,1,"2019/08/20 15:20:00",LYA2,0
D,DISPATCH,UNIT_SCADA,1,"2019/08/20 15:20:00",LYA3,559
D,DISPATCH,UNIT_SCADA,1,"2019/08/20 15:20:00",LYA4,537
D,DISPATCH,UNIT_SCADA,1,"2019/08/20 15:20:00",MACARTH1,385.591090
D,DISPATCH,UNIT_SCADA,1,"2019/08/20 15:20:00",MACKAYGT,0
D,DISPATCH,UNIT_SCADA,1,"2019/08/20 15:20:00",MACKNTSH,85.220010
D,DISPATCH,UNIT_SCADA,1,"2019/08/20 15:20:00",MANSLR1,27.0870
D,DISPATCH,UNIT_SCADA,1,"2019/08/20 15:20:00",MCKAY1,0.02
D,DISPATCH,UNIT_SCADA,1,"2019/08/20 15:20:00",MEADOWBK,34.038780
D,DISPATCH,UNIT_SCADA,1,"2019/08/20 15:20:00",MERCER01,127.330990
D,DISPATCH,UNIT_SCADA,1,"2019/08/20 15:20:00",MEWF1,49.252350
D,DISPATCH,UNIT_SCADA,1,"2019/08/20 15:20:00",MINTARO,0
D,DISPATCH,UNIT_SCADA,1,"2019/08/20 15:20:00",MOREESF1,50.4020
D,DISPATCH,UNIT_SCADA,1,"2019/08/20 15:20:00",MORTLK11,124
D,DISPATCH,UNIT_SCADA,1,"2019/08/20 15:20:00",MORTLK12,0
D,DISPATCH,UNIT_SCADA,1,"2019/08/20 15:20:00",MP1,279.400020
D,DISPATCH,UNIT_SCADA,1,"2019/08/20 15:20:00",MP2,0
D,DISPATCH,UNIT_SCADA,1,"2019/08/20 15:20:00",MPP_1,347.50
D,DISPATCH,UNIT_SCADA,1,"2019/08/20 15:20:00",MPP_2,395.50
D,DISPATCH,UNIT_SCADA,1,"2019/08/20 15:20:00",MSTUART1,0
D,DISPATCH,UNIT_SCADA,1,"2019/08/20 15:20:00",MSTUART2,0
D,DISPATCH,UNIT_SCADA,1,"2019/08/20 15:20:00",MSTUART3,0
D,DISPATCH,UNIT_SCADA,1,"2019/08/20 15:20:00",MTGELWF1,64.275030
D,DISPATCH,UNIT_SCADA,1,"2019/08/20 15:20:00",MURRAY,0
D,DISPATCH,UNIT_SCADA,1,"2019/08/20 15:20:00",MUSSELR1,-0.40
D,DISPATCH,UNIT_SCADA,1,"2019/08/20 15:20:00",MUWAWF1,52.27
D,DISPATCH,UNIT_SCADA,1,"2019/08/20 15:20:00",NBHWF1,80.80
D,DISPATCH,UNIT_SCADA,1,"2019/08/20 15:20:00",NPS,0
D,DISPATCH,UNIT_SCADA,1,"2019/08/20 15:20:00",NUMURSF1,44.11
D,DISPATCH,UNIT_SCADA,1,"2019/08/20 15:20:00",NYNGAN1,73
D,DISPATCH,UNIT_SCADA,1,"2019/08/20 15:20:00",OAKEY1,0
D,DISPATCH,UNIT_SCADA,1,"2019/08/20 15:20:00",OAKEY1SF,23.9610
D,DISPATCH,UNIT_SCADA,1,"2019/08/20 15:20:00",OAKEY2,0
D,DISPATCH,UNIT_SCADA,1,"2019/08/20 15:20:00",OAKLAND1,60
D,DISPATCH,UNIT_SCADA,1,"2019/08/20 15:20:00",OSB-AG,141.23
D,DISPATCH,UNIT_SCADA,1,"2019/08/20 15:20:00",PARSF1,46
D,DISPATCH,UNIT_SCADA,1,"2019/08/20 15:20:00",POAT110,0
D,DISPATCH,UNIT_SCADA,1,"2019/08/20 15:20:00",POAT220,1.23
D,DISPATCH,UNIT_SCADA,1,"2019/08/20 15:20:00",POR01,0
D,DISPATCH,UNIT_SCADA,1,"2019/08/20 15:20:00",POR03,0
D,DISPATCH,UNIT_SCADA,1,"2019/08/20 15:20:00",PPCCGT,173.5522
D,DISPATCH,UNIT_SCADA,1,"2019/08/20 15:20:00",PTSTAN1,0
D,DISPATCH,UNIT_SCADA,1,"2019/08/20 15:20:00",PUMP1,0
D,DISPATCH,UNIT_SCADA,1,"2019/08/20 15:20:00",PUMP2,0
D,DISPATCH,UNIT_SCADA,1,"2019/08/20 15:20:00",QPS1,0
D,DISPATCH,UNIT_SCADA,1,"2019/08/20 15:20:00",QPS2,0
D,DISPATCH,UNIT_SCADA,1,"2019/08/20 15:20:00",QPS3,0
D,DISPATCH,UNIT_SCADA,1,"2019/08/20 15:20:00",QPS4,0
D,DISPATCH,UNIT_SCADA,1,"2019/08/20 15:20:00",QPS5,0
D,DISPATCH,UNIT_SCADA,1,"2019/08/20 15:20:00",REECE1,115.820010
D,DISPATCH,UNIT_SCADA,1,"2019/08/20 15:20:00",REECE2,115.860010
D,DISPATCH,UNIT_SCADA,1,"2019/08/20 15:20:00",ROMA_7,0
D,DISPATCH,UNIT_SCADA,1,"2019/08/20 15:20:00",ROMA_8,0
D,DISPATCH,UNIT_SCADA,1,"2019/08/20 15:20:00",RRSF1,107.997690
D,DISPATCH,UNIT_SCADA,1,"2019/08/20 15:20:00",RT_NSW1,0
D,DISPATCH,UNIT_SCADA,1,"2019/08/20 15:20:00",RT_NSW2,0
D,DISPATCH,UNIT_SCADA,1,"2019/08/20 15:20:00",RT_NSW3,0
D,DISPATCH,UNIT_SCADA,1,"2019/08/20 15:20:00",RT_NSW4,0
D,DISPATCH,UNIT_SCADA,1,"2019/08/20 15:20:00",RT_NSW5,0
D,DISPATCH,UNIT_SCADA,1,"2019/08/20 15:20:00",RT_NSW6,0
D,DISPATCH,UNIT_SCADA,1,"2019/08/20 15:20:00",RT_QLD1,0
D,DISPATCH,UNIT_SCADA,1,"2019/08/20 15:20:00",RT_SA1,0
D,DISPATCH,UNIT_SCADA,1,"2019/08/20 15:20:00",RT_SA2,0
D,DISPATCH,UNIT_SCADA,1,"2019/08/20 15:20:00",RT_SA3,0
D,DISPATCH,UNIT_SCADA,1,"2019/08/20 15:20:00",RT_SA4,0
D,DISPATCH,UNIT_SCADA,1,"2019/08/20 15:20:00",RT_SA5,0
D,DISPATCH,UNIT_SCADA,1,"2019/08/20 15:20:00",RT_SA6,0
D,DISPATCH,UNIT_SCADA,1,"2019/08/20 15:20:00",RT_TAS1,0
D,DISPATCH,UNIT_SCADA,1,"2019/08/20 15:20:00",RT_VIC1,0
D,DISPATCH,UNIT_SCADA,1,"2019/08/20 15:20:00",RT_VIC10,0
D,DISPATCH,UNIT_SCADA,1,"2019/08/20 15:20:00",RT_VIC11,0
D,DISPATCH,UNIT_SCADA,1,"2019/08/20 15:20:00",RT_VIC12,0
D,DISPATCH,UNIT_SCADA,1,"2019/08/20 15:20:00",RT_VIC2,0
D,DISPATCH,UNIT_SCADA,1,"2019/08/20 15:20:00",RT_VIC3,0
D,DISPATCH,UNIT_SCADA,1,"2019/08/20 15:20:00",RT_VIC4,0
D,DISPATCH,UNIT_SCADA,1,"2019/08/20 15:20:00",RT_VIC5,0
D,DISPATCH,UNIT_SCADA,1,"2019/08/20 15:20:00",RT_VIC6,0
D,DISPATCH,UNIT_SCADA,1,"2019/08/20 15:20:00",RT_VIC7,0
D,DISPATCH,UNIT_SCADA,1,"2019/08/20 15:20:00",RT_VIC8,0
D,DISPATCH,UNIT_SCADA,1,"2019/08/20 15:20:00",RT_VIC9,0
D,DISPATCH,UNIT_SCADA,1,"2019/08/20 15:20:00",RUGBYR1,45.035520
D,DISPATCH,UNIT_SCADA,1,"2019/08/20 15:20:00",SALTCRK1,52.37
D,DISPATCH,UNIT_SCADA,1,"2019/08/20 15:20:00",SAPHWF1,111.450010
D,DISPATCH,UNIT_SCADA,1,"2019/08/20 15:20:00",SHGEN,0
D,DISPATCH,UNIT_SCADA,1,"2019/08/20 15:20:00",SHPUMP,0
D,DISPATCH,UNIT_SCADA,1,"2019/08/20 15:20:00",SITHE01,0.005650
D,DISPATCH,UNIT_SCADA,1,"2019/08/20 15:20:00",SMCSF1,64.361210
D,DISPATCH,UNIT_SCADA,1,"2019/08/20 15:20:00",SNOWNTH1,97.70
D,DISPATCH,UNIT_SCADA,1,"2019/08/20 15:20:00",SNOWSTH1,84.20
D,DISPATCH,UNIT_SCADA,1,"2019/08/20 15:20:00",SNOWTWN1,66.310070
D,DISPATCH,UNIT_SCADA,1,"2019/08/20 15:20:00",SNOWYP,374.700010
D,DISPATCH,UNIT_SCADA,1,"2019/08/20 15:20:00",SNUG1,0.019440
D,DISPATCH,UNIT_SCADA,1,"2019/08/20 15:20:00",SRSF1,35.25
D,DISPATCH,UNIT_SCADA,1,"2019/08/20 15:20:00",STAN-1,0
D,DISPATCH,UNIT_SCADA,1,"2019/08/20 15:20:00",STAN-2,277.9668
D,DISPATCH,UNIT_SCADA,1,"2019/08/20 15:20:00",STAN-3,280.145840
D,DISPATCH,UNIT_SCADA,1,"2019/08/20 15:20:00",STAN-4,278.364170
D,DISPATCH,UNIT_SCADA,1,"2019/08/20 15:20:00",STWF1,17.392490
D,DISPATCH,UNIT_SCADA,1,"2019/08/20 15:20:00",SWAN_E,0
D,DISPATCH,UNIT_SCADA,1,"2019/08/20 15:20:00",TALWA1,191
D,DISPATCH,UNIT_SCADA,1,"2019/08/20 15:20:00",TARALGA1,100.2375
D,DISPATCH,UNIT_SCADA,1,"2019/08/20 15:20:00",TARONG#1,285.899990
D,DISPATCH,UNIT_SCADA,1,"2019/08/20 15:20:00",TARONG#2,285.899990
D,DISPATCH,UNIT_SCADA,1,"2019/08/20 15:20:00",TARONG#3,259.600010
D,DISPATCH,UNIT_SCADA,1,"2019/08/20 15:20:00",TARONG#4,280.600010
D,DISPATCH,UNIT_SCADA,1,"2019/08/20 15:20:00",TARRALEA,87.10
D,DISPATCH,UNIT_SCADA,1,"2019/08/20 15:20:00",TBSF1,28
D,DISPATCH,UNIT_SCADA,1,"2019/08/20 15:20:00",TNPS1,441.700010
D,DISPATCH,UNIT_SCADA,1,"2019/08/20 15:20:00",TORRA1,43.053680
D,DISPATCH,UNIT_SCADA,1,"2019/08/20 15:20:00",TORRA2,0
D,DISPATCH,UNIT_SCADA,1,"2019/08/20 15:20:00",TORRA3,0
D,DISPATCH,UNIT_SCADA,1,"2019/08/20 15:20:00",TORRA4,0
D,DISPATCH,UNIT_SCADA,1,"2019/08/20 15:20:00",TORRB1,40.65
D,DISPATCH,UNIT_SCADA,1,"2019/08/20 15:20:00",TORRB2,41.37
D,DISPATCH,UNIT_SCADA,1,"2019/08/20 15:20:00",TORRB3,0
D,DISPATCH,UNIT_SCADA,1,"2019/08/20 15:20:00",TORRB4,0
D,DISPATCH,UNIT_SCADA,1,"2019/08/20 15:20:00",TREVALLN,43.960010
D,DISPATCH,UNIT_SCADA,1,"2019/08/20 15:20:00",TRIBUTE,0
D,DISPATCH,UNIT_SCADA,1,"2019/08/20 15:20:00",TUMUT3,0
D,DISPATCH,UNIT_SCADA,1,"2019/08/20 15:20:00",TUNGATIN,123.260030
D,DISPATCH,UNIT_SCADA,1,"2019/08/20 15:20:00",TVCC201,0
D,DISPATCH,UNIT_SCADA,1,"2019/08/20 15:20:00",TVPP104,0
D,DISPATCH,UNIT_SCADA,1,"2019/08/20 15:20:00",UPPTUMUT,0
D,DISPATCH,UNIT_SCADA,1,"2019/08/20 15:20:00",URANQ11,0
D,DISPATCH,UNIT_SCADA,1,"2019/08/20 15:20:00",URANQ12,0
D,DISPATCH,UNIT_SCADA,1,"2019/08/20 15:20:00",URANQ13,0
D,DISPATCH,UNIT_SCADA,1,"2019/08/20 15:20:00",URANQ14,0
D,DISPATCH,UNIT_SCADA,1,"2019/08/20 15:20:00",VP5,290.6250
D,DISPATCH,UNIT_SCADA,1,"2019/08/20 15:20:00",VP6,297.475010
D,DISPATCH,UNIT_SCADA,1,"2019/08/20 15:20:00",VPGS1,0
D,DISPATCH,UNIT_SCADA,1,"2019/08/20 15:20:00",VPGS2,0
D,DISPATCH,UNIT_SCADA,1,"2019/08/20 15:20:00",VPGS3,0
D,DISPATCH,UNIT_SCADA,1,"2019/08/20 15:20:00",VPGS4,0
D,DISPATCH,UNIT_SCADA,1,"2019/08/20 15:20:00",VPGS5,0
D,DISPATCH,UNIT_SCADA,1,"2019/08/20 15:20:00",VPGS6,0
D,DISPATCH,UNIT_SCADA,1,"2019/08/20 15:20:00",W/HOE#1,0
D,DISPATCH,UNIT_SCADA,1,"2019/08/20 15:20:00",W/HOE#2,0
D,DISPATCH,UNIT_SCADA,1,"2019/08/20 15:20:00",WATERLWF,88.50
D,DISPATCH,UNIT_SCADA,1,"2019/08/20 15:20:00",WEMENSF1,51
D,DISPATCH,UNIT_SCADA,1,"2019/08/20 15:20:00",WGWF1,82
D,DISPATCH,UNIT_SCADA,1,"2019/08/20 15:20:00",WHITSF1,10.90
D,DISPATCH,UNIT_SCADA,1,"2019/08/20 15:20:00",WKIEWA1,0
D,DISPATCH,UNIT_SCADA,1,"2019/08/20 15:20:00",WKIEWA2,0.10
D,DISPATCH,UNIT_SCADA,1,"2019/08/20 15:20:00",WOODLWN1,40.9230
D,DISPATCH,UNIT_SCADA,1,"2019/08/20 15:20:00",WRSF1,13.59
D,DISPATCH,UNIT_SCADA,1,"2019/08/20 15:20:00",WRWF1,82.972520
D,DISPATCH,UNIT_SCADA,1,"2019/08/20 15:20:00",YABULU,0
D,DISPATCH,UNIT_SCADA,1,"2019/08/20 15:20:00",YABULU2,0
D,DISPATCH,UNIT_SCADA,1,"2019/08/20 15:20:00",YARWUN_1,0
D,DISPATCH,UNIT_SCADA,1,"2019/08/20 15:20:00",YENDWF1,42.09
D,DISPATCH,UNIT_SCADA,1,"2019/08/20 15:20:00",YWPS1,379.949370
D,DISPATCH,UNIT_SCADA,1,"2019/08/20 15:20:00",YWPS2,262.151890
D,DISPATCH,UNIT_SCADA,1,"2019/08/20 15:20:00",YWPS3,0
D,DISPATCH,UNIT_SCADA,1,"2019/08/20 15:20:00",YWPS4,396.3671
C,"END OF REPORT",334
