C,NEMP.WORLD,DISPATCHSCADA,AEMO,PUBLIC,2019/08/19,20:50:07,0000000311760178,DISPATCHSCADA,0000000311760172
I,DISPATCH,UNIT_SCADA,1,SETTLEMENTDATE,DUID,SCADAVALUE
D,DISPATCH,UNIT_SCADA,1,"2019/08/19 20:55:00",BARCSF1,1.10
D,DISPATCH,UNIT_SCADA,1,"2019/08/19 20:55:00",BUTLERSG,9.699999
D,DISPATCH,UNIT_SCADA,1,"2019/08/19 20:55:00",CALL_A_4,0
D,DISPATCH,UNIT_SCADA,1,"2019/08/19 20:55:00",CAPTL_WF,133.687988
D,DISPATCH,UNIT_SCADA,1,"2019/08/19 20:55:00",CATHROCK,44.139996
D,DISPATCH,UNIT_SCADA,1,"2019/08/19 20:55:00",CHALLHWF,13.200001
D,DISPATCH,UNIT_SCADA,1,"2019/08/19 20:55:00",CLOVER,-0.01
D,DISPATCH,UNIT_SCADA,1,"2019/08/19 20:55:00",CLUNY,12.092011
D,DISPATCH,UNIT_SCADA,1,"2019/08/19 20:55:00",CNUNDAWF,37.243446
D,DISPATCH,UNIT_SCADA,1,"2019/08/19 20:55:00",CULLRGWF,30.360001
D,DISPATCH,UNIT_SCADA,1,"2019/08/19 20:55:00",ERGT01,0
D,DISPATCH,UNIT_SCADA,1,"2019/08/19 20:55:00",GB01,0.068443
D,DISPATCH,UNIT_SCADA,1,"2019/08/19 20:55:00",GERMCRK,36
D,DISPATCH,UNIT_SCADA,1,"2019/08/19 20:55:00",GRIFSF1,0
D,DISPATCH,UNIT_SCADA,1,"2019/08/19 20:55:00",HUGSF1,-0.1880
D,DISPATCH,UNIT_SCADA,1,"2019/08/19 20:55:00",LKBONNY1,62.695171
D,DISPATCH,UNIT_SCADA,1,"2019/08/19 20:55:00",LRSF1,0.0240
D,DISPATCH,UNIT_SCADA,1,"2019/08/19 20:55:00",MBAHNTH,59.118744
D,DISPATCH,UNIT_SCADA,1,"2019/08/19 20:55:00",MLSP1,0.304001
D,DISPATCH,UNIT_SCADA,1,"2019/08/19 20:55:00",MLWF1,16.905001
D,DISPATCH,UNIT_SCADA,1,"2019/08/19 20:55:00",MTMILLAR,6.667415
D,DISPATCH,UNIT_SCADA,1,"2019/08/19 20:55:00",PALOONA,12.63
D,DISPATCH,UNIT_SCADA,1,"2019/08/19 20:55:00",PIONEER,40.600002
D,DISPATCH,UNIT_SCADA,1,"2019/08/19 20:55:00",PORTWF,136.300003
D,DISPATCH,UNIT_SCADA,1,"2019/08/19 20:55:00",REPULSE,29.037918
D,DISPATCH,UNIT_SCADA,1,"2019/08/19 20:55:00",ROWALLAN,9.9826
D,DISPATCH,UNIT_SCADA,1,"2019/08/19 20:55:00",ROYALLA1,0
D,DISPATCH,UNIT_SCADA,1,"2019/08/19 20:55:00",RPCG,-2.10
D,DISPATCH,UNIT_SCADA,1,"2019/08/19 20:55:00",RUBICON,0
D,DISPATCH,UNIT_SCADA,1,"2019/08/19 20:55:00",SATGN1,0
D,DISPATCH,UNIT_SCADA,1,"2019/08/19 20:55:00",SATGS1,0
D,DISPATCH,UNIT_SCADA,1,"2019/08/19 20:55:00",STARHLWF,6.498105
D,DISPATCH,UNIT_SCADA,1,"2019/08/19 20:55:00",WAUBRAWF,108.343002
D,DISPATCH,UNIT_SCADA,1,"2019/08/19 20:55:00",WOOLNTH1,131.370026
D,DISPATCH,UNIT_SCADA,1,"2019/08/19 20:55:00",WPWF,16
D,DISPATCH,UNIT_SCADA,1,"2019/08/19 20:55:00",YAMBUKWF,9.40
D,DISPATCH,UNIT_SCADA,1,"2019/08/19 20:55:00",YSWF1,27.90
D,DISPATCH,UNIT_SCADA,1,"2019/08/19 20:55:00",AGLHAL,0
D,DISPATCH,UNIT_SCADA,1,"2019/08/19 20:55:00",AGLSOM,39.90
D,DISPATCH,UNIT_SCADA,1,"2019/08/19 20:55:00",ANGAST1,0
D,DISPATCH,UNIT_SCADA,1,"2019/08/19 20:55:00",ARWF1,22.40
D,DISPATCH,UNIT_SCADA,1,"2019/08/19 20:55:00",BALBG1,0
D,DISPATCH,UNIT_SCADA,1,"2019/08/19 20:55:00",BALBL1,0.24
D,DISPATCH,UNIT_SCADA,1,"2019/08/19 20:55:00",BALDHWF1,103.1070
D,DISPATCH,UNIT_SCADA,1,"2019/08/19 20:55:00",BANN1,0
D,DISPATCH,UNIT_SCADA,1,"2019/08/19 20:55:00",BARCALDN,0
D,DISPATCH,UNIT_SCADA,1,"2019/08/19 20:55:00",BARRON-1,0
D,DISPATCH,UNIT_SCADA,1,"2019/08/19 20:55:00",BARRON-2,29
D,DISPATCH,UNIT_SCADA,1,"2019/08/19 20:55:00",BASTYAN,80.55
D,DISPATCH,UNIT_SCADA,1,"2019/08/19 20:55:00",BBTHREE1,0
D,DISPATCH,UNIT_SCADA,1,"2019/08/19 20:55:00",BBTHREE2,0
D,DISPATCH,UNIT_SCADA,1,"2019/08/19 20:55:00",BBTHREE3,0
D,DISPATCH,UNIT_SCADA,1,"2019/08/19 20:55:00",BDL01,42.96
D,DISPATCH,UNIT_SCADA,1,"2019/08/19 20:55:00",BDL02,44.70
D,DISPATCH,UNIT_SCADA,1,"2019/08/19 20:55:00",BERYLSF1,0
D,DISPATCH,UNIT_SCADA,1,"2019/08/19 20:55:00",BLOWERNG,0
D,DISPATCH,UNIT_SCADA,1,"2019/08/19 20:55:00",BLUFF1,21.20
D,DISPATCH,UNIT_SCADA,1,"2019/08/19 20:55:00",BNGSF1,0
D,DISPATCH,UNIT_SCADA,1,"2019/08/19 20:55:00",BNGSF2,0
D,DISPATCH,UNIT_SCADA,1,"2019/08/19 20:55:00",BOCORWF1,106.06
D,DISPATCH,UNIT_SCADA,1,"2019/08/19 20:55:00",BODWF1,56.312390
D,DISPATCH,UNIT_SCADA,1,"2019/08/19 20:55:00",BRAEMAR1,0
D,DISPATCH,UNIT_SCADA,1,"2019/08/19 20:55:00",BRAEMAR2,0
D,DISPATCH,UNIT_SCADA,1,"2019/08/19 20:55:00",BRAEMAR3,0
D,DISPATCH,UNIT_SCADA,1,"2019/08/19 20:55:00",BRAEMAR5,0
D,DISPATCH,UNIT_SCADA,1,"2019/08/19 20:55:00",BRAEMAR6,0
D,DISPATCH,UNIT_SCADA,1,"2019/08/19 20:55:00",BRAEMAR7,130.258320
D,DISPATCH,UNIT_SCADA,1,"2019/08/19 20:55:00",BROKENH1,0
D,DISPATCH,UNIT_SCADA,1,"2019/08/19 20:55:00",BW01,659.75
D,DISPATCH,UNIT_SCADA,1,"2019/08/19 20:55:00",BW02,664.449950
D,DISPATCH,UNIT_SCADA,1,"2019/08/19 20:55:00",BW03,644.174930
D,DISPATCH,UNIT_SCADA,1,"2019/08/19 20:55:00",BW04,0
D,DISPATCH,UNIT_SCADA,1,"2019/08/19 20:55:00",CALL_B_1,337.700010
D,DISPATCH,UNIT_SCADA,1,"2019/08/19 20:55:00",CALL_B_2,278.300020
D,DISPATCH,UNIT_SCADA,1,"2019/08/19 20:55:00",CETHANA,70.222880
D,DISPATCH,UNIT_SCADA,1,"2019/08/19 20:55:00",CG1,0
D,DISPATCH,UNIT_SCADA,1,"2019/08/19 20:55:00",CG2,0
D,DISPATCH,UNIT_SCADA,1,"2019/08/19 20:55:00",CG3,0
D,DISPATCH,UNIT_SCADA,1,"2019/08/19 20:55:00",CG4,0
D,DISPATCH,UNIT_SCADA,1,"2019/08/19 20:55:00",CHILDSF1,0
D,DISPATCH,UNIT_SCADA,1,"2019/08/19 20:55:00",CLARESF1,0
D,DISPATCH,UNIT_SCADA,1,"2019/08/19 20:55:00",CLEMGPWF,10.301010
D,DISPATCH,UNIT_SCADA,1,"2019/08/19 20:55:00",CLERMSF1,0
D,DISPATCH,UNIT_SCADA,1,"2019/08/19 20:55:00",COLEASF1,0
D,DISPATCH,UNIT_SCADA,1,"2019/08/19 20:55:00",COOPGWF1,35.686910
D,DISPATCH,UNIT_SCADA,1,"2019/08/19 20:55:00",CPP_3,407
D,DISPATCH,UNIT_SCADA,1,"2019/08/19 20:55:00",CPP_4,405.350010
D,DISPATCH,UNIT_SCADA,1,"2019/08/19 20:55:00",CPSA,142.146880
D,DISPATCH,UNIT_SCADA,1,"2019/08/19 20:55:00",CROOKWF2,73.993760
D,DISPATCH,UNIT_SCADA,1,"2019/08/19 20:55:00",CROWLWF1,23.366660
D,DISPATCH,UNIT_SCADA,1,"2019/08/19 20:55:00",CSPVPS1,0
D,DISPATCH,UNIT_SCADA,1,"2019/08/19 20:55:00",DALNTH01,0
D,DISPATCH,UNIT_SCADA,1,"2019/08/19 20:55:00",DALNTHL1,0.071720
D,DISPATCH,UNIT_SCADA,1,"2019/08/19 20:55:00",DARTM1,134.600010
D,DISPATCH,UNIT_SCADA,1,"2019/08/19 20:55:00",DAYDSF1,0
D,DISPATCH,UNIT_SCADA,1,"2019/08/19 20:55:00",DDPS1,502.418670
D,DISPATCH,UNIT_SCADA,1,"2019/08/19 20:55:00",DDSF1,0
D,DISPATCH,UNIT_SCADA,1,"2019/08/19 20:55:00",DEVILS_G,60.883210
D,DISPATCH,UNIT_SCADA,1,"2019/08/19 20:55:00",DG_NSW1,0
D,DISPATCH,UNIT_SCADA,1,"2019/08/19 20:55:00",DG_QLD1,0
D,DISPATCH,UNIT_SCADA,1,"2019/08/19 20:55:00",DG_SA1,0
D,DISPATCH,UNIT_SCADA,1,"2019/08/19 20:55:00",DG_TAS1,0
D,DISPATCH,UNIT_SCADA,1,"2019/08/19 20:55:00",DG_VIC1,0
D,DISPATCH,UNIT_SCADA,1,"2019/08/19 20:55:00",DRYCGT1,0
D,DISPATCH,UNIT_SCADA,1,"2019/08/19 20:55:00",DRYCGT2,0
D,DISPATCH,UNIT_SCADA,1,"2019/08/19 20:55:00",DRYCGT3,0
D,DISPATCH,UNIT_SCADA,1,"2019/08/19 20:55:00",EILDON1,0
D,DISPATCH,UNIT_SCADA,1,"2019/08/19 20:55:00",EILDON2,0
D,DISPATCH,UNIT_SCADA,1,"2019/08/19 20:55:00",EMERASF1,0
D,DISPATCH,UNIT_SCADA,1,"2019/08/19 20:55:00",ER01,593.824950
D,DISPATCH,UNIT_SCADA,1,"2019/08/19 20:55:00",ER02,700.75
D,DISPATCH,UNIT_SCADA,1,"2019/08/19 20:55:00",ER03,696.7749
D,DISPATCH,UNIT_SCADA,1,"2019/08/19 20:55:00",ER04,696.924930
D,DISPATCH,UNIT_SCADA,1,"2019/08/19 20:55:00",FINLYSF1,0
D,DISPATCH,UNIT_SCADA,1,"2019/08/19 20:55:00",FISHER,45.96
D,DISPATCH,UNIT_SCADA,1,"2019/08/19 20:55:00",GANNBG1,0
D,DISPATCH,UNIT_SCADA,1,"2019/08/19 20:55:00",GANNBL1,8.082290
D,DISPATCH,UNIT_SCADA,1,"2019/08/19 20:55:00",GANNSF1,0
D,DISPATCH,UNIT_SCADA,1,"2019/08/19 20:55:00",GORDON,100.658320
D,DISPATCH,UNIT_SCADA,1,"2019/08/19 20:55:00",GSTONE1,202.30
D,DISPATCH,UNIT_SCADA,1,"2019/08/19 20:55:00",GSTONE2,219.80
D,DISPATCH,UNIT_SCADA,1,"2019/08/19 20:55:00",GSTONE3,220.149990
D,DISPATCH,UNIT_SCADA,1,"2019/08/19 20:55:00",GSTONE4,221.024990
D,DISPATCH,UNIT_SCADA,1,"2019/08/19 20:55:00",GSTONE5,219.80
D,DISPATCH,UNIT_SCADA,1,"2019/08/19 20:55:00",GSTONE6,0
D,DISPATCH,UNIT_SCADA,1,"2019/08/19 20:55:00",GULLRSF1,0
D,DISPATCH,UNIT_SCADA,1,"2019/08/19 20:55:00",GULLRWF1,132.030520
D,DISPATCH,UNIT_SCADA,1,"2019/08/19 20:55:00",GUNNING1,40.433140
D,DISPATCH,UNIT_SCADA,1,"2019/08/19 20:55:00",GUTHEGA,0
D,DISPATCH,UNIT_SCADA,1,"2019/08/19 20:55:00",HALLWF1,52.28
D,DISPATCH,UNIT_SCADA,1,"2019/08/19 20:55:00",HALLWF2,25.39
D,DISPATCH,UNIT_SCADA,1,"2019/08/19 20:55:00",HAMISF1,0
D,DISPATCH,UNIT_SCADA,1,"2019/08/19 20:55:00",HAUGHT11,0
D,DISPATCH,UNIT_SCADA,1,"2019/08/19 20:55:00",HAYMSF1,0
D,DISPATCH,UNIT_SCADA,1,"2019/08/19 20:55:00",HDWF1,37
D,DISPATCH,UNIT_SCADA,1,"2019/08/19 20:55:00",HDWF2,28.60
D,DISPATCH,UNIT_SCADA,1,"2019/08/19 20:55:00",HDWF3,33.80
D,DISPATCH,UNIT_SCADA,1,"2019/08/19 20:55:00",HPRG1,5
D,DISPATCH,UNIT_SCADA,1,"2019/08/19 20:55:00",HPRL1,0
D,DISPATCH,UNIT_SCADA,1,"2019/08/19 20:55:00",HUMENSW,0
D,DISPATCH,UNIT_SCADA,1,"2019/08/19 20:55:00",HUMEV,8.80
D,DISPATCH,UNIT_SCADA,1,"2019/08/19 20:55:00",HVGTS,0
D,DISPATCH,UNIT_SCADA,1,"2019/08/19 20:55:00",JBUTTERS,139.379990
D,DISPATCH,UNIT_SCADA,1,"2019/08/19 20:55:00",JLA01,0.50
D,DISPATCH,UNIT_SCADA,1,"2019/08/19 20:55:00",JLA02,0
D,DISPATCH,UNIT_SCADA,1,"2019/08/19 20:55:00",JLA03,0.10
D,DISPATCH,UNIT_SCADA,1,"2019/08/19 20:55:00",JLA04,0.10
D,DISPATCH,UNIT_SCADA,1,"2019/08/19 20:55:00",JLB01,0
D,DISPATCH,UNIT_SCADA,1,"2019/08/19 20:55:00",JLB02,30.40
D,DISPATCH,UNIT_SCADA,1,"2019/08/19 20:55:00",JLB03,0
D,DISPATCH,UNIT_SCADA,1,"2019/08/19 20:55:00",KAREEYA1,21.5525
D,DISPATCH,UNIT_SCADA,1,"2019/08/19 20:55:00",KAREEYA2,21.7125
D,DISPATCH,UNIT_SCADA,1,"2019/08/19 20:55:00",KAREEYA3,0
D,DISPATCH,UNIT_SCADA,1,"2019/08/19 20:55:00",KAREEYA4,21.5425
D,DISPATCH,UNIT_SCADA,1,"2019/08/19 20:55:00",KARSF1,0
D,DISPATCH,UNIT_SCADA,1,"2019/08/19 20:55:00",KIATAWF1,28.50
D,DISPATCH,UNIT_SCADA,1,"2019/08/19 20:55:00",KPP_1,0
D,DISPATCH,UNIT_SCADA,1,"2019/08/19 20:55:00",KSP1,0
D,DISPATCH,UNIT_SCADA,1,"2019/08/19 20:55:00",LADBROK1,43.40
D,DISPATCH,UNIT_SCADA,1,"2019/08/19 20:55:00",LADBROK2,43.06
D,DISPATCH,UNIT_SCADA,1,"2019/08/19 20:55:00",LD01,419.756260
D,DISPATCH,UNIT_SCADA,1,"2019/08/19 20:55:00",LD02,419.475040
D,DISPATCH,UNIT_SCADA,1,"2019/08/19 20:55:00",LD03,417.412510
D,DISPATCH,UNIT_SCADA,1,"2019/08/19 20:55:00",LD04,379.162540
D,DISPATCH,UNIT_SCADA,1,"2019/08/19 20:55:00",LEM_WIL,79.660350
D,DISPATCH,UNIT_SCADA,1,"2019/08/19 20:55:00",LGAPWF1,2.97
D,DISPATCH,UNIT_SCADA,1,"2019/08/19 20:55:00",LILYSF1,0
D,DISPATCH,UNIT_SCADA,1,"2019/08/19 20:55:00",LI_WY_CA,143.959380
D,DISPATCH,UNIT_SCADA,1,"2019/08/19 20:55:00",LKBONNY2,141.822140
D,DISPATCH,UNIT_SCADA,1,"2019/08/19 20:55:00",LKBONNY3,37.233280
D,DISPATCH,UNIT_SCADA,1,"2019/08/19 20:55:00",LK_ECHO,0
D,DISPATCH,UNIT_SCADA,1,"2019/08/19 20:55:00",LNGS1,0
D,DISPATCH,UNIT_SCADA,1,"2019/08/19 20:55:00",LNGS2,0
D,DISPATCH,UNIT_SCADA,1,"2019/08/19 20:55:00",LONSDALE,0
D,DISPATCH,UNIT_SCADA,1,"2019/08/19 20:55:00",LOYYB1,530.073430
D,DISPATCH,UNIT_SCADA,1,"2019/08/19 20:55:00",LOYYB2,580.450620
D,DISPATCH,UNIT_SCADA,1,"2019/08/19 20:55:00",LYA1,560
D,DISPATCH,UNIT_SCADA,1,"2019/08/19 20:55:00",LYA2,0
D,DISPATCH,UNIT_SCADA,1,"2019/08/19 20:55:00",LYA3,559
D,DISPATCH,UNIT_SCADA,1,"2019/08/19 20:55:00",LYA4,539
D,DISPATCH,UNIT_SCADA,1,"2019/08/19 20:55:00",MACARTH1,177.4959
D,DISPATCH,UNIT_SCADA,1,"2019/08/19 20:55:00",MACKAYGT,0
D,DISPATCH,UNIT_SCADA,1,"2019/08/19 20:55:00",MACKNTSH,85.16
D,DISPATCH,UNIT_SCADA,1,"2019/08/19 20:55:00",MANSLR1,0
D,DISPATCH,UNIT_SCADA,1,"2019/08/19 20:55:00",MCKAY1,0.02
D,DISPATCH,UNIT_SCADA,1,"2019/08/19 20:55:00",MEADOWBK,33.8673
D,DISPATCH,UNIT_SCADA,1,"2019/08/19 20:55:00",MERCER01,118.348010
D,DISPATCH,UNIT_SCADA,1,"2019/08/19 20:55:00",MEWF1,155.0336
D,DISPATCH,UNIT_SCADA,1,"2019/08/19 20:55:00",MINTARO,0
D,DISPATCH,UNIT_SCADA,1,"2019/08/19 20:55:00",MOREESF1,0
D,DISPATCH,UNIT_SCADA,1,"2019/08/19 20:55:00",MORTLK11,123
D,DISPATCH,UNIT_SCADA,1,"2019/08/19 20:55:00",MORTLK12,0
D,DISPATCH,UNIT_SCADA,1,"2019/08/19 20:55:00",MP1,279.849980
D,DISPATCH,UNIT_SCADA,1,"2019/08/19 20:55:00",MP2,0
D,DISPATCH,UNIT_SCADA,1,"2019/08/19 20:55:00",MPP_1,427.25
D,DISPATCH,UNIT_SCADA,1,"2019/08/19 20:55:00",MPP_2,434.75
D,DISPATCH,UNIT_SCADA,1,"2019/08/19 20:55:00",MSTUART1,0
D,DISPATCH,UNIT_SCADA,1,"2019/08/19 20:55:00",MSTUART2,0
D,DISPATCH,UNIT_SCADA,1,"2019/08/19 20:55:00",MSTUART3,0
D,DISPATCH,UNIT_SCADA,1,"2019/08/19 20:55:00",MTGELWF1,64.146860
D,DISPATCH,UNIT_SCADA,1,"2019/08/19 20:55:00",MURRAY,0
D,DISPATCH,UNIT_SCADA,1,"2019/08/19 20:55:00",MUSSELR1,163.100010
D,DISPATCH,UNIT_SCADA,1,"2019/08/19 20:55:00",MUWAWF1,60.94
D,DISPATCH,UNIT_SCADA,1,"2019/08/19 20:55:00",NBHWF1,43.30
D,DISPATCH,UNIT_SCADA,1,"2019/08/19 20:55:00",NPS,507.3750
D,DISPATCH,UNIT_SCADA,1,"2019/08/19 20:55:00",NUMURSF1,0
D,DISPATCH,UNIT_SCADA,1,"2019/08/19 20:55:00",NYNGAN1,0
D,DISPATCH,UNIT_SCADA,1,"2019/08/19 20:55:00",OAKEY1,0
D,DISPATCH,UNIT_SCADA,1,"2019/08/19 20:55:00",OAKEY1SF,0.05
D,DISPATCH,UNIT_SCADA,1,"2019/08/19 20:55:00",OAKEY2,0
D,DISPATCH,UNIT_SCADA,1,"2019/08/19 20:55:00",OAKLAND1,50.10
D,DISPATCH,UNIT_SCADA,1,"2019/08/19 20:55:00",OSB-AG,184.149990
D,DISPATCH,UNIT_SCADA,1,"2019/08/19 20:55:00",PARSF1,0
D,DISPATCH,UNIT_SCADA,1,"2019/08/19 20:55:00",POAT110,1.316320
D,DISPATCH,UNIT_SCADA,1,"2019/08/19 20:55:00",POAT220,72.412320
D,DISPATCH,UNIT_SCADA,1,"2019/08/19 20:55:00",POR01,0
D,DISPATCH,UNIT_SCADA,1,"2019/08/19 20:55:00",POR03,0
D,DISPATCH,UNIT_SCADA,1,"2019/08/19 20:55:00",PPCCGT,498.366880
D,DISPATCH,UNIT_SCADA,1,"2019/08/19 20:55:00",PTSTAN1,0
D,DISPATCH,UNIT_SCADA,1,"2019/08/19 20:55:00",PUMP1,0
D,DISPATCH,UNIT_SCADA,1,"2019/08/19 20:55:00",PUMP2,0
D,DISPATCH,UNIT_SCADA,1,"2019/08/19 20:55:00",QPS1,29
D,DISPATCH,UNIT_SCADA,1,"2019/08/19 20:55:00",QPS2,0
D,DISPATCH,UNIT_SCADA,1,"2019/08/19 20:55:00",QPS3,24
D,DISPATCH,UNIT_SCADA,1,"2019/08/19 20:55:00",QPS4,24.20
D,DISPATCH,UNIT_SCADA,1,"2019/08/19 20:55:00",QPS5,0
D,DISPATCH,UNIT_SCADA,1,"2019/08/19 20:55:00",REECE1,114.050010
D,DISPATCH,UNIT_SCADA,1,"2019/08/19 20:55:00",REECE2,112.52
D,DISPATCH,UNIT_SCADA,1,"2019/08/19 20:55:00",ROMA_7,0
D,DISPATCH,UNIT_SCADA,1,"2019/08/19 20:55:00",ROMA_8,0
D,DISPATCH,UNIT_SCADA,1,"2019/08/19 20:55:00",RRSF1,0
D,DISPATCH,UNIT_SCADA,1,"2019/08/19 20:55:00",RT_NSW1,0
D,DISPATCH,UNIT_SCADA,1,"2019/08/19 20:55:00",RT_NSW2,0
D,DISPATCH,UNIT_SCADA,1,"2019/08/19 20:55:00",RT_NSW3,0
D,DISPATCH,UNIT_SCADA,1,"2019/08/19 20:55:00",RT_NSW4,0
D,DISPATCH,UNIT_SCADA,1,"2019/08/19 20:55:00",RT_NSW5,0
D,DISPATCH,UNIT_SCADA,1,"2019/08/19 20:55:00",RT_NSW6,0
D,DISPATCH,UNIT_SCADA,1,"2019/08/19 20:55:00",RT_QLD1,0
D,DISPATCH,UNIT_SCADA,1,"2019/08/19 20:55:00",RT_SA1,0
D,DISPATCH,UNIT_SCADA,1,"2019/08/19 20:55:00",RT_SA2,0
D,DISPATCH,UNIT_SCADA,1,"2019/08/19 20:55:00",RT_SA3,0
D,DISPATCH,UNIT_SCADA,1,"2019/08/19 20:55:00",RT_SA4,0
D,DISPATCH,UNIT_SCADA,1,"2019/08/19 20:55:00",RT_SA5,0
D,DISPATCH,UNIT_SCADA,1,"2019/08/19 20:55:00",RT_SA6,0
D,DISPATCH,UNIT_SCADA,1,"2019/08/19 20:55:00",RT_TAS1,0
D,DISPATCH,UNIT_SCADA,1,"2019/08/19 20:55:00",RT_VIC1,0
D,DISPATCH,UNIT_SCADA,1,"2019/08/19 20:55:00",RT_VIC10,0
D,DISPATCH,UNIT_SCADA,1,"2019/08/19 20:55:00",RT_VIC11,0
D,DISPATCH,UNIT_SCADA,1,"2019/08/19 20:55:00",RT_VIC12,0
D,DISPATCH,UNIT_SCADA,1,"2019/08/19 20:55:00",RT_VIC2,0
D,DISPATCH,UNIT_SCADA,1,"2019/08/19 20:55:00",RT_VIC3,0
D,DISPATCH,UNIT_SCADA,1,"2019/08/19 20:55:00",RT_VIC4,0
D,DISPATCH,UNIT_SCADA,1,"2019/08/19 20:55:00",RT_VIC5,0
D,DISPATCH,UNIT_SCADA,1,"2019/08/19 20:55:00",RT_VIC6,0
D,DISPATCH,UNIT_SCADA,1,"2019/08/19 20:55:00",RT_VIC7,0
D,DISPATCH,UNIT_SCADA,1,"2019/08/19 20:55:00",RT_VIC8,0
D,DISPATCH,UNIT_SCADA,1,"2019/08/19 20:55:00",RT_VIC9,0
D,DISPATCH,UNIT_SCADA,1,"2019/08/19 20:55:00",RUGBYR1,0
D,DISPATCH,UNIT_SCADA,1,"2019/08/19 20:55:00",SALTCRK1,39.55
D,DISPATCH,UNIT_SCADA,1,"2019/08/19 20:55:00",SAPHWF1,242.043760
D,DISPATCH,UNIT_SCADA,1,"2019/08/19 20:55:00",SHGEN,200.320560
D,DISPATCH,UNIT_SCADA,1,"2019/08/19 20:55:00",SHPUMP,0
D,DISPATCH,UNIT_SCADA,1,"2019/08/19 20:55:00",SITHE01,0.133760
D,DISPATCH,UNIT_SCADA,1,"2019/08/19 20:55:00",SMCSF1,0
D,DISPATCH,UNIT_SCADA,1,"2019/08/19 20:55:00",SNOWNTH1,20.20
D,DISPATCH,UNIT_SCADA,1,"2019/08/19 20:55:00",SNOWSTH1,27.50
D,DISPATCH,UNIT_SCADA,1,"2019/08/19 20:55:00",SNOWTWN1,16.050470
D,DISPATCH,UNIT_SCADA,1,"2019/08/19 20:55:00",SNOWYP,0
D,DISPATCH,UNIT_SCADA,1,"2019/08/19 20:55:00",SNUG1,0.019440
D,DISPATCH,UNIT_SCADA,1,"2019/08/19 20:55:00",SRSF1,0.30
D,DISPATCH,UNIT_SCADA,1,"2019/08/19 20:55:00",STAN-1,0
D,DISPATCH,UNIT_SCADA,1,"2019/08/19 20:55:00",STAN-2,322.726560
D,DISPATCH,UNIT_SCADA,1,"2019/08/19 20:55:00",STAN-3,322.918820
D,DISPATCH,UNIT_SCADA,1,"2019/08/19 20:55:00",STAN-4,325.597750
D,DISPATCH,UNIT_SCADA,1,"2019/08/19 20:55:00",STWF1,39.341250
D,DISPATCH,UNIT_SCADA,1,"2019/08/19 20:55:00",SWAN_E,0
D,DISPATCH,UNIT_SCADA,1,"2019/08/19 20:55:00",TALWA1,422
D,DISPATCH,UNIT_SCADA,1,"2019/08/19 20:55:00",TARALGA1,86.489990
D,DISPATCH,UNIT_SCADA,1,"2019/08/19 20:55:00",TARONG#1,344.899990
D,DISPATCH,UNIT_SCADA,1,"2019/08/19 20:55:00",TARONG#2,345.50
D,DISPATCH,UNIT_SCADA,1,"2019/08/19 20:55:00",TARONG#3,260.399990
D,DISPATCH,UNIT_SCADA,1,"2019/08/19 20:55:00",TARONG#4,350.800020
D,DISPATCH,UNIT_SCADA,1,"2019/08/19 20:55:00",TARRALEA,79.10
D,DISPATCH,UNIT_SCADA,1,"2019/08/19 20:55:00",TBSF1,-0.20
D,DISPATCH,UNIT_SCADA,1,"2019/08/19 20:55:00",TNPS1,442.000030
D,DISPATCH,UNIT_SCADA,1,"2019/08/19 20:55:00",TORRA1,99.228940
D,DISPATCH,UNIT_SCADA,1,"2019/08/19 20:55:00",TORRA2,0
D,DISPATCH,UNIT_SCADA,1,"2019/08/19 20:55:00",TORRA3,54.581880
D,DISPATCH,UNIT_SCADA,1,"2019/08/19 20:55:00",TORRA4,0
D,DISPATCH,UNIT_SCADA,1,"2019/08/19 20:55:00",TORRB1,109.06
D,DISPATCH,UNIT_SCADA,1,"2019/08/19 20:55:00",TORRB2,187.56
D,DISPATCH,UNIT_SCADA,1,"2019/08/19 20:55:00",TORRB3,0
D,DISPATCH,UNIT_SCADA,1,"2019/08/19 20:55:00",TORRB4,0
D,DISPATCH,UNIT_SCADA,1,"2019/08/19 20:55:00",TREVALLN,40.120010
D,DISPATCH,UNIT_SCADA,1,"2019/08/19 20:55:00",TRIBUTE,83.83
D,DISPATCH,UNIT_SCADA,1,"2019/08/19 20:55:00",TUMUT3,360.419980
D,DISPATCH,UNIT_SCADA,1,"2019/08/19 20:55:00",TUNGATIN,119.540030
D,DISPATCH,UNIT_SCADA,1,"2019/08/19 20:55:00",TVCC201,0
D,DISPATCH,UNIT_SCADA,1,"2019/08/19 20:55:00",TVPP104,57.885170
D,DISPATCH,UNIT_SCADA,1,"2019/08/19 20:55:00",UPPTUMUT,191.410870
D,DISPATCH,UNIT_SCADA,1,"2019/08/19 20:55:00",URANQ11,0
D,DISPATCH,UNIT_SCADA,1,"2019/08/19 20:55:00",URANQ12,0
D,DISPATCH,UNIT_SCADA,1,"2019/08/19 20:55:00",URANQ13,0
D,DISPATCH,UNIT_SCADA,1,"2019/08/19 20:55:00",URANQ14,0
D,DISPATCH,UNIT_SCADA,1,"2019/08/19 20:55:00",VP5,629.174990
D,DISPATCH,UNIT_SCADA,1,"2019/08/19 20:55:00",VP6,613.099980
D,DISPATCH,UNIT_SCADA,1,"2019/08/19 20:55:00",VPGS1,0
D,DISPATCH,UNIT_SCADA,1,"2019/08/19 20:55:00",VPGS2,0
D,DISPATCH,UNIT_SCADA,1,"2019/08/19 20:55:00",VPGS3,0
D,DISPATCH,UNIT_SCADA,1,"2019/08/19 20:55:00",VPGS4,0
D,DISPATCH,UNIT_SCADA,1,"2019/08/19 20:55:00",VPGS5,0
D,DISPATCH,UNIT_SCADA,1,"2019/08/19 20:55:00",VPGS6,0
D,DISPATCH,UNIT_SCADA,1,"2019/08/19 20:55:00",W/HOE#1,201.67
D,DISPATCH,UNIT_SCADA,1,"2019/08/19 20:55:00",W/HOE#2,0
D,DISPATCH,UNIT_SCADA,1,"2019/08/19 20:55:00",WATERLWF,71.20
D,DISPATCH,UNIT_SCADA,1,"2019/08/19 20:55:00",WEMENSF1,0
D,DISPATCH,UNIT_SCADA,1,"2019/08/19 20:55:00",WGWF1,51
D,DISPATCH,UNIT_SCADA,1,"2019/08/19 20:55:00",WHITSF1,0
D,DISPATCH,UNIT_SCADA,1,"2019/08/19 20:55:00",WKIEWA1,0
D,DISPATCH,UNIT_SCADA,1,"2019/08/19 20:55:00",WKIEWA2,15.30
D,DISPATCH,UNIT_SCADA,1,"2019/08/19 20:55:00",WOODLWN1,44.981990
D,DISPATCH,UNIT_SCADA,1,"2019/08/19 20:55:00",WRSF1,0
D,DISPATCH,UNIT_SCADA,1,"2019/08/19 20:55:00",WRWF1,139.806240
D,DISPATCH,UNIT_SCADA,1,"2019/08/19 20:55:00",YABULU,0
D,DISPATCH,UNIT_SCADA,1,"2019/08/19 20:55:00",YABULU2,0
D,DISPATCH,UNIT_SCADA,1,"2019/08/19 20:55:00",YARWUN_1,0
D,DISPATCH,UNIT_SCADA,1,"2019/08/19 20:55:00",YENDWF1,42.14
D,DISPATCH,UNIT_SCADA,1,"2019/08/19 20:55:00",YWPS1,329.321530
D,DISPATCH,UNIT_SCADA,1,"2019/08/19 20:55:00",YWPS2,281.701260
D,DISPATCH,UNIT_SCADA,1,"2019/08/19 20:55:00",YWPS3,0
D,DISPATCH,UNIT_SCADA,1,"2019/08/19 20:55:00",YWPS4,398.060760
C,"END OF REPORT",334
