C,NEMP.WORLD,DISPATCHSCADA,AEMO,PUBLIC,2019/09/04,18:50:07,0000000312393412,DISPATCHSCADA,0000000312393406
I,DISPATCH,UNIT_SCADA,1,SETTLEMENTDATE,DUID,SCADAVALUE
D,DISPATCH,UNIT_SCADA,1,"2019/09/04 18:55:00",BARCSF1,0.80
D,DISPATCH,UNIT_SCADA,1,"2019/09/04 18:55:00",BUTLERSG,10.199999
D,DISPATCH,UNIT_SCADA,1,"2019/09/04 18:55:00",CALL_A_4,0
D,DISPATCH,UNIT_SCADA,1,"2019/09/04 18:55:00",CAPTL_WF,51.379997
D,DISPATCH,UNIT_SCADA,1,"2019/09/04 18:55:00",CATHROCK,0
D,DISPATCH,UNIT_SCADA,1,"2019/09/04 18:55:00",CHALLHWF,4.10
D,DISPATCH,UNIT_SCADA,1,"2019/09/04 18:55:00",CLOVER,-0.01
D,DISPATCH,UNIT_SCADA,1,"2019/09/04 18:55:00",CLUNY,12.124971
D,DISPATCH,UNIT_SCADA,1,"2019/09/04 18:55:00",CNUNDAWF,0.400467
D,DISPATCH,UNIT_SCADA,1,"2019/09/04 18:55:00",CULLRGWF,13.35
D,DISPATCH,UNIT_SCADA,1,"2019/09/04 18:55:00",ERGT01,0
D,DISPATCH,UNIT_SCADA,1,"2019/09/04 18:55:00",GB01,0.012104
D,DISPATCH,UNIT_SCADA,1,"2019/09/04 18:55:00",GERMCRK,38.900002
D,DISPATCH,UNIT_SCADA,1,"2019/09/04 18:55:00",GRIFSF1,0
D,DISPATCH,UNIT_SCADA,1,"2019/09/04 18:55:00",HUGSF1,-0.0870
D,DISPATCH,UNIT_SCADA,1,"2019/09/04 18:55:00",LKBONNY1,-0.449338
D,DISPATCH,UNIT_SCADA,1,"2019/09/04 18:55:00",LRSF1,-0.02
D,DISPATCH,UNIT_SCADA,1,"2019/09/04 18:55:00",MBAHNTH,27.150002
D,DISPATCH,UNIT_SCADA,1,"2019/09/04 18:55:00",MLSP1,0.366001
D,DISPATCH,UNIT_SCADA,1,"2019/09/04 18:55:00",MLWF1,0.06
D,DISPATCH,UNIT_SCADA,1,"2019/09/04 18:55:00",MTMILLAR,0.602746
D,DISPATCH,UNIT_SCADA,1,"2019/09/04 18:55:00",PALOONA,24.019999
D,DISPATCH,UNIT_SCADA,1,"2019/09/04 18:55:00",PIONEER,44.50
D,DISPATCH,UNIT_SCADA,1,"2019/09/04 18:55:00",PORTWF,-0.40
D,DISPATCH,UNIT_SCADA,1,"2019/09/04 18:55:00",REPULSE,19.779964
D,DISPATCH,UNIT_SCADA,1,"2019/09/04 18:55:00",ROWALLAN,10.3660
D,DISPATCH,UNIT_SCADA,1,"2019/09/04 18:55:00",ROYALLA1,0
D,DISPATCH,UNIT_SCADA,1,"2019/09/04 18:55:00",RPCG,-1.80
D,DISPATCH,UNIT_SCADA,1,"2019/09/04 18:55:00",RUBICON,0
D,DISPATCH,UNIT_SCADA,1,"2019/09/04 18:55:00",SATGN1,0
D,DISPATCH,UNIT_SCADA,1,"2019/09/04 18:55:00",SATGS1,0
D,DISPATCH,UNIT_SCADA,1,"2019/09/04 18:55:00",STARHLWF,-0.099971
D,DISPATCH,UNIT_SCADA,1,"2019/09/04 18:55:00",WAUBRAWF,27.301001
D,DISPATCH,UNIT_SCADA,1,"2019/09/04 18:55:00",WOOLNTH1,31.350018
D,DISPATCH,UNIT_SCADA,1,"2019/09/04 18:55:00",WPWF,0
D,DISPATCH,UNIT_SCADA,1,"2019/09/04 18:55:00",YAMBUKWF,-0.20
D,DISPATCH,UNIT_SCADA,1,"2019/09/04 18:55:00",YSWF1,2.10
D,DISPATCH,UNIT_SCADA,1,"2019/09/04 18:55:00",AGLHAL,120.418410
D,DISPATCH,UNIT_SCADA,1,"2019/09/04 18:55:00",AGLSOM,119.10
D,DISPATCH,UNIT_SCADA,1,"2019/09/04 18:55:00",ANGAST1,0
D,DISPATCH,UNIT_SCADA,1,"2019/09/04 18:55:00",ARWF1,23.10
D,DISPATCH,UNIT_SCADA,1,"2019/09/04 18:55:00",BALBG1,1.77
D,DISPATCH,UNIT_SCADA,1,"2019/09/04 18:55:00",BALBL1,0
D,DISPATCH,UNIT_SCADA,1,"2019/09/04 18:55:00",BALDHWF1,10.0240
D,DISPATCH,UNIT_SCADA,1,"2019/09/04 18:55:00",BANN1,0
D,DISPATCH,UNIT_SCADA,1,"2019/09/04 18:55:00",BARCALDN,0
D,DISPATCH,UNIT_SCADA,1,"2019/09/04 18:55:00",BARRON-1,33.04
D,DISPATCH,UNIT_SCADA,1,"2019/09/04 18:55:00",BARRON-2,0
D,DISPATCH,UNIT_SCADA,1,"2019/09/04 18:55:00",BASTYAN,80.310010
D,DISPATCH,UNIT_SCADA,1,"2019/09/04 18:55:00",BBTHREE1,0
D,DISPATCH,UNIT_SCADA,1,"2019/09/04 18:55:00",BBTHREE2,0
D,DISPATCH,UNIT_SCADA,1,"2019/09/04 18:55:00",BBTHREE3,0
D,DISPATCH,UNIT_SCADA,1,"2019/09/04 18:55:00",BDL01,43.98
D,DISPATCH,UNIT_SCADA,1,"2019/09/04 18:55:00",BDL02,44.04
D,DISPATCH,UNIT_SCADA,1,"2019/09/04 18:55:00",BERYLSF1,0
D,DISPATCH,UNIT_SCADA,1,"2019/09/04 18:55:00",BLOWERNG,11.10
D,DISPATCH,UNIT_SCADA,1,"2019/09/04 18:55:00",BLUFF1,12.80
D,DISPATCH,UNIT_SCADA,1,"2019/09/04 18:55:00",BNGSF1,0
D,DISPATCH,UNIT_SCADA,1,"2019/09/04 18:55:00",BNGSF2,0
D,DISPATCH,UNIT_SCADA,1,"2019/09/04 18:55:00",BOCORWF1,34.88
D,DISPATCH,UNIT_SCADA,1,"2019/09/04 18:55:00",BODWF1,47.532870
D,DISPATCH,UNIT_SCADA,1,"2019/09/04 18:55:00",BRAEMAR1,159.200010
D,DISPATCH,UNIT_SCADA,1,"2019/09/04 18:55:00",BRAEMAR2,0
D,DISPATCH,UNIT_SCADA,1,"2019/09/04 18:55:00",BRAEMAR3,172.600010
D,DISPATCH,UNIT_SCADA,1,"2019/09/04 18:55:00",BRAEMAR5,159.806630
D,DISPATCH,UNIT_SCADA,1,"2019/09/04 18:55:00",BRAEMAR6,0
D,DISPATCH,UNIT_SCADA,1,"2019/09/04 18:55:00",BRAEMAR7,0
D,DISPATCH,UNIT_SCADA,1,"2019/09/04 18:55:00",BROKENH1,0
D,DISPATCH,UNIT_SCADA,1,"2019/09/04 18:55:00",BW01,660.025020
D,DISPATCH,UNIT_SCADA,1,"2019/09/04 18:55:00",BW02,642.450070
D,DISPATCH,UNIT_SCADA,1,"2019/09/04 18:55:00",BW03,621.400020
D,DISPATCH,UNIT_SCADA,1,"2019/09/04 18:55:00",BW04,0
D,DISPATCH,UNIT_SCADA,1,"2019/09/04 18:55:00",CALL_B_1,280
D,DISPATCH,UNIT_SCADA,1,"2019/09/04 18:55:00",CALL_B_2,270.100010
D,DISPATCH,UNIT_SCADA,1,"2019/09/04 18:55:00",CETHANA,98.064750
D,DISPATCH,UNIT_SCADA,1,"2019/09/04 18:55:00",CG1,0
D,DISPATCH,UNIT_SCADA,1,"2019/09/04 18:55:00",CG2,0
D,DISPATCH,UNIT_SCADA,1,"2019/09/04 18:55:00",CG3,0
D,DISPATCH,UNIT_SCADA,1,"2019/09/04 18:55:00",CG4,0
D,DISPATCH,UNIT_SCADA,1,"2019/09/04 18:55:00",CHILDSF1,0
D,DISPATCH,UNIT_SCADA,1,"2019/09/04 18:55:00",CLARESF1,0
D,DISPATCH,UNIT_SCADA,1,"2019/09/04 18:55:00",CLEMGPWF,28.309760
D,DISPATCH,UNIT_SCADA,1,"2019/09/04 18:55:00",CLERMSF1,0.18
D,DISPATCH,UNIT_SCADA,1,"2019/09/04 18:55:00",COLEASF1,0
D,DISPATCH,UNIT_SCADA,1,"2019/09/04 18:55:00",COOPGWF1,22.533830
D,DISPATCH,UNIT_SCADA,1,"2019/09/04 18:55:00",CPP_3,403.975010
D,DISPATCH,UNIT_SCADA,1,"2019/09/04 18:55:00",CPP_4,405.6250
D,DISPATCH,UNIT_SCADA,1,"2019/09/04 18:55:00",CPSA,141.1925
D,DISPATCH,UNIT_SCADA,1,"2019/09/04 18:55:00",CROOKWF2,71.193760
D,DISPATCH,UNIT_SCADA,1,"2019/09/04 18:55:00",CROWLWF1,8.391680
D,DISPATCH,UNIT_SCADA,1,"2019/09/04 18:55:00",CSPVPS1,0
D,DISPATCH,UNIT_SCADA,1,"2019/09/04 18:55:00",DALNTH01,6.022740
D,DISPATCH,UNIT_SCADA,1,"2019/09/04 18:55:00",DALNTHL1,0
D,DISPATCH,UNIT_SCADA,1,"2019/09/04 18:55:00",DARTM1,133.70
D,DISPATCH,UNIT_SCADA,1,"2019/09/04 18:55:00",DAYDSF1,0
D,DISPATCH,UNIT_SCADA,1,"2019/09/04 18:55:00",DDPS1,503.300840
D,DISPATCH,UNIT_SCADA,1,"2019/09/04 18:55:00",DDSF1,0
D,DISPATCH,UNIT_SCADA,1,"2019/09/04 18:55:00",DEVILS_G,56.476330
D,DISPATCH,UNIT_SCADA,1,"2019/09/04 18:55:00",DG_NSW1,0
D,DISPATCH,UNIT_SCADA,1,"2019/09/04 18:55:00",DG_QLD1,0
D,DISPATCH,UNIT_SCADA,1,"2019/09/04 18:55:00",DG_SA1,0
D,DISPATCH,UNIT_SCADA,1,"2019/09/04 18:55:00",DG_TAS1,0
D,DISPATCH,UNIT_SCADA,1,"2019/09/04 18:55:00",DG_VIC1,0
D,DISPATCH,UNIT_SCADA,1,"2019/09/04 18:55:00",DRYCGT1,0
D,DISPATCH,UNIT_SCADA,1,"2019/09/04 18:55:00",DRYCGT2,0
D,DISPATCH,UNIT_SCADA,1,"2019/09/04 18:55:00",DRYCGT3,0
D,DISPATCH,UNIT_SCADA,1,"2019/09/04 18:55:00",EILDON1,0
D,DISPATCH,UNIT_SCADA,1,"2019/09/04 18:55:00",EILDON2,0
D,DISPATCH,UNIT_SCADA,1,"2019/09/04 18:55:00",EMERASF1,0
D,DISPATCH,UNIT_SCADA,1,"2019/09/04 18:55:00",ER01,593.8501
D,DISPATCH,UNIT_SCADA,1,"2019/09/04 18:55:00",ER02,700.849980
D,DISPATCH,UNIT_SCADA,1,"2019/09/04 18:55:00",ER03,0
D,DISPATCH,UNIT_SCADA,1,"2019/09/04 18:55:00",ER04,698.6250
D,DISPATCH,UNIT_SCADA,1,"2019/09/04 18:55:00",FINLYSF1,0
D,DISPATCH,UNIT_SCADA,1,"2019/09/04 18:55:00",FISHER,45.84
D,DISPATCH,UNIT_SCADA,1,"2019/09/04 18:55:00",GANNBG1,4.6045
D,DISPATCH,UNIT_SCADA,1,"2019/09/04 18:55:00",GANNBL1,0
D,DISPATCH,UNIT_SCADA,1,"2019/09/04 18:55:00",GANNSF1,0
D,DISPATCH,UNIT_SCADA,1,"2019/09/04 18:55:00",GORDON,19.279120
D,DISPATCH,UNIT_SCADA,1,"2019/09/04 18:55:00",GSTONE1,240.099990
D,DISPATCH,UNIT_SCADA,1,"2019/09/04 18:55:00",GSTONE2,227.50
D,DISPATCH,UNIT_SCADA,1,"2019/09/04 18:55:00",GSTONE3,0
D,DISPATCH,UNIT_SCADA,1,"2019/09/04 18:55:00",GSTONE4,267.574980
D,DISPATCH,UNIT_SCADA,1,"2019/09/04 18:55:00",GSTONE5,238.1750
D,DISPATCH,UNIT_SCADA,1,"2019/09/04 18:55:00",GSTONE6,239.05
D,DISPATCH,UNIT_SCADA,1,"2019/09/04 18:55:00",GULLRSF1,0
D,DISPATCH,UNIT_SCADA,1,"2019/09/04 18:55:00",GULLRWF1,91.849980
D,DISPATCH,UNIT_SCADA,1,"2019/09/04 18:55:00",GUNNING1,15.707850
D,DISPATCH,UNIT_SCADA,1,"2019/09/04 18:55:00",GUTHEGA,30.80
D,DISPATCH,UNIT_SCADA,1,"2019/09/04 18:55:00",HALLWF1,20.35
D,DISPATCH,UNIT_SCADA,1,"2019/09/04 18:55:00",HALLWF2,23.30
D,DISPATCH,UNIT_SCADA,1,"2019/09/04 18:55:00",HAMISF1,0
D,DISPATCH,UNIT_SCADA,1,"2019/09/04 18:55:00",HAUGHT11,0
D,DISPATCH,UNIT_SCADA,1,"2019/09/04 18:55:00",HAYMSF1,0
D,DISPATCH,UNIT_SCADA,1,"2019/09/04 18:55:00",HDWF1,23.10
D,DISPATCH,UNIT_SCADA,1,"2019/09/04 18:55:00",HDWF2,34.40
D,DISPATCH,UNIT_SCADA,1,"2019/09/04 18:55:00",HDWF3,26.40
D,DISPATCH,UNIT_SCADA,1,"2019/09/04 18:55:00",HPRG1,0
D,DISPATCH,UNIT_SCADA,1,"2019/09/04 18:55:00",HPRL1,10.40
D,DISPATCH,UNIT_SCADA,1,"2019/09/04 18:55:00",HUMENSW,0
D,DISPATCH,UNIT_SCADA,1,"2019/09/04 18:55:00",HUMEV,25.20
D,DISPATCH,UNIT_SCADA,1,"2019/09/04 18:55:00",HVGTS,0
D,DISPATCH,UNIT_SCADA,1,"2019/09/04 18:55:00",JBUTTERS,114.61
D,DISPATCH,UNIT_SCADA,1,"2019/09/04 18:55:00",JLA01,51.70
D,DISPATCH,UNIT_SCADA,1,"2019/09/04 18:55:00",JLA02,54
D,DISPATCH,UNIT_SCADA,1,"2019/09/04 18:55:00",JLA03,0
D,DISPATCH,UNIT_SCADA,1,"2019/09/04 18:55:00",JLA04,0
D,DISPATCH,UNIT_SCADA,1,"2019/09/04 18:55:00",JLB01,0
D,DISPATCH,UNIT_SCADA,1,"2019/09/04 18:55:00",JLB02,83.90
D,DISPATCH,UNIT_SCADA,1,"2019/09/04 18:55:00",JLB03,83.40
D,DISPATCH,UNIT_SCADA,1,"2019/09/04 18:55:00",KAREEYA1,21.46
D,DISPATCH,UNIT_SCADA,1,"2019/09/04 18:55:00",KAREEYA2,21.6325
D,DISPATCH,UNIT_SCADA,1,"2019/09/04 18:55:00",KAREEYA3,0
D,DISPATCH,UNIT_SCADA,1,"2019/09/04 18:55:00",KAREEYA4,21.6475
D,DISPATCH,UNIT_SCADA,1,"2019/09/04 18:55:00",KARSF1,0
D,DISPATCH,UNIT_SCADA,1,"2019/09/04 18:55:00",KIATAWF1,0.20
D,DISPATCH,UNIT_SCADA,1,"2019/09/04 18:55:00",KPP_1,0
D,DISPATCH,UNIT_SCADA,1,"2019/09/04 18:55:00",KSP1,0
D,DISPATCH,UNIT_SCADA,1,"2019/09/04 18:55:00",LADBROK1,41.50
D,DISPATCH,UNIT_SCADA,1,"2019/09/04 18:55:00",LADBROK2,42.14
D,DISPATCH,UNIT_SCADA,1,"2019/09/04 18:55:00",LD01,418.237520
D,DISPATCH,UNIT_SCADA,1,"2019/09/04 18:55:00",LD02,399.5437
D,DISPATCH,UNIT_SCADA,1,"2019/09/04 18:55:00",LD03,416.737520
D,DISPATCH,UNIT_SCADA,1,"2019/09/04 18:55:00",LD04,380.043730
D,DISPATCH,UNIT_SCADA,1,"2019/09/04 18:55:00",LEM_WIL,85.413440
D,DISPATCH,UNIT_SCADA,1,"2019/09/04 18:55:00",LGAPWF1,33.46
D,DISPATCH,UNIT_SCADA,1,"2019/09/04 18:55:00",LILYSF1,0
D,DISPATCH,UNIT_SCADA,1,"2019/09/04 18:55:00",LI_WY_CA,132.569050
D,DISPATCH,UNIT_SCADA,1,"2019/09/04 18:55:00",LKBONNY2,-1.076420
D,DISPATCH,UNIT_SCADA,1,"2019/09/04 18:55:00",LKBONNY3,-0.169210
D,DISPATCH,UNIT_SCADA,1,"2019/09/04 18:55:00",LK_ECHO,0
D,DISPATCH,UNIT_SCADA,1,"2019/09/04 18:55:00",LNGS1,0
D,DISPATCH,UNIT_SCADA,1,"2019/09/04 18:55:00",LNGS2,0
D,DISPATCH,UNIT_SCADA,1,"2019/09/04 18:55:00",LONSDALE,0
D,DISPATCH,UNIT_SCADA,1,"2019/09/04 18:55:00",LOYYB1,536.088620
D,DISPATCH,UNIT_SCADA,1,"2019/09/04 18:55:00",LOYYB2,580.8266
D,DISPATCH,UNIT_SCADA,1,"2019/09/04 18:55:00",LYA1,0
D,DISPATCH,UNIT_SCADA,1,"2019/09/04 18:55:00",LYA2,0
D,DISPATCH,UNIT_SCADA,1,"2019/09/04 18:55:00",LYA3,559
D,DISPATCH,UNIT_SCADA,1,"2019/09/04 18:55:00",LYA4,541
D,DISPATCH,UNIT_SCADA,1,"2019/09/04 18:55:00",MACARTH1,0
D,DISPATCH,UNIT_SCADA,1,"2019/09/04 18:55:00",MACKAYGT,0.2240
D,DISPATCH,UNIT_SCADA,1,"2019/09/04 18:55:00",MACKNTSH,89.170010
D,DISPATCH,UNIT_SCADA,1,"2019/09/04 18:55:00",MANSLR1,0
D,DISPATCH,UNIT_SCADA,1,"2019/09/04 18:55:00",MCKAY1,269.795010
D,DISPATCH,UNIT_SCADA,1,"2019/09/04 18:55:00",MEADOWBK,24.978920
D,DISPATCH,UNIT_SCADA,1,"2019/09/04 18:55:00",MERCER01,0.10
D,DISPATCH,UNIT_SCADA,1,"2019/09/04 18:55:00",MEWF1,17.721340
D,DISPATCH,UNIT_SCADA,1,"2019/09/04 18:55:00",MINTARO,0
D,DISPATCH,UNIT_SCADA,1,"2019/09/04 18:55:00",MOREESF1,0
D,DISPATCH,UNIT_SCADA,1,"2019/09/04 18:55:00",MORTLK11,259
D,DISPATCH,UNIT_SCADA,1,"2019/09/04 18:55:00",MORTLK12,0
D,DISPATCH,UNIT_SCADA,1,"2019/09/04 18:55:00",MP1,297.6499
D,DISPATCH,UNIT_SCADA,1,"2019/09/04 18:55:00",MP2,0
D,DISPATCH,UNIT_SCADA,1,"2019/09/04 18:55:00",MPP_1,427.50
D,DISPATCH,UNIT_SCADA,1,"2019/09/04 18:55:00",MPP_2,434.75
D,DISPATCH,UNIT_SCADA,1,"2019/09/04 18:55:00",MSTUART1,0
D,DISPATCH,UNIT_SCADA,1,"2019/09/04 18:55:00",MSTUART2,0
D,DISPATCH,UNIT_SCADA,1,"2019/09/04 18:55:00",MSTUART3,0
D,DISPATCH,UNIT_SCADA,1,"2019/09/04 18:55:00",MTGELWF1,14.510030
D,DISPATCH,UNIT_SCADA,1,"2019/09/04 18:55:00",MURRAY,825.1488
D,DISPATCH,UNIT_SCADA,1,"2019/09/04 18:55:00",MUSSELR1,165.50
D,DISPATCH,UNIT_SCADA,1,"2019/09/04 18:55:00",MUWAWF1,0.82
D,DISPATCH,UNIT_SCADA,1,"2019/09/04 18:55:00",NBHWF1,29.50
D,DISPATCH,UNIT_SCADA,1,"2019/09/04 18:55:00",NPS,302.25
D,DISPATCH,UNIT_SCADA,1,"2019/09/04 18:55:00",NUMURSF1,0
D,DISPATCH,UNIT_SCADA,1,"2019/09/04 18:55:00",NYNGAN1,0
D,DISPATCH,UNIT_SCADA,1,"2019/09/04 18:55:00",OAKEY1,0
D,DISPATCH,UNIT_SCADA,1,"2019/09/04 18:55:00",OAKEY1SF,0.03
D,DISPATCH,UNIT_SCADA,1,"2019/09/04 18:55:00",OAKEY2,0
D,DISPATCH,UNIT_SCADA,1,"2019/09/04 18:55:00",OAKEY2SF,0
D,DISPATCH,UNIT_SCADA,1,"2019/09/04 18:55:00",OAKLAND1,-0.30
D,DISPATCH,UNIT_SCADA,1,"2019/09/04 18:55:00",OSB-AG,178.13
D,DISPATCH,UNIT_SCADA,1,"2019/09/04 18:55:00",PARSF1,0
D,DISPATCH,UNIT_SCADA,1,"2019/09/04 18:55:00",POAT110,0
D,DISPATCH,UNIT_SCADA,1,"2019/09/04 18:55:00",POAT220,8.52
D,DISPATCH,UNIT_SCADA,1,"2019/09/04 18:55:00",POR01,0
D,DISPATCH,UNIT_SCADA,1,"2019/09/04 18:55:00",POR03,0
D,DISPATCH,UNIT_SCADA,1,"2019/09/04 18:55:00",PPCCGT,480.918150
D,DISPATCH,UNIT_SCADA,1,"2019/09/04 18:55:00",PTSTAN1,0
D,DISPATCH,UNIT_SCADA,1,"2019/09/04 18:55:00",PUMP1,0
D,DISPATCH,UNIT_SCADA,1,"2019/09/04 18:55:00",PUMP2,0
D,DISPATCH,UNIT_SCADA,1,"2019/09/04 18:55:00",QPS1,29
D,DISPATCH,UNIT_SCADA,1,"2019/09/04 18:55:00",QPS2,23.10
D,DISPATCH,UNIT_SCADA,1,"2019/09/04 18:55:00",QPS3,22.60
D,DISPATCH,UNIT_SCADA,1,"2019/09/04 18:55:00",QPS4,23
D,DISPATCH,UNIT_SCADA,1,"2019/09/04 18:55:00",QPS5,121.92
D,DISPATCH,UNIT_SCADA,1,"2019/09/04 18:55:00",REECE1,117.900010
D,DISPATCH,UNIT_SCADA,1,"2019/09/04 18:55:00",REECE2,117.940010
D,DISPATCH,UNIT_SCADA,1,"2019/09/04 18:55:00",ROMA_7,0
D,DISPATCH,UNIT_SCADA,1,"2019/09/04 18:55:00",ROMA_8,0
D,DISPATCH,UNIT_SCADA,1,"2019/09/04 18:55:00",RRSF1,0
D,DISPATCH,UNIT_SCADA,1,"2019/09/04 18:55:00",RT_NSW1,0
D,DISPATCH,UNIT_SCADA,1,"2019/09/04 18:55:00",RT_NSW2,0
D,DISPATCH,UNIT_SCADA,1,"2019/09/04 18:55:00",RT_NSW3,0
D,DISPATCH,UNIT_SCADA,1,"2019/09/04 18:55:00",RT_NSW4,0
D,DISPATCH,UNIT_SCADA,1,"2019/09/04 18:55:00",RT_NSW5,0
D,DISPATCH,UNIT_SCADA,1,"2019/09/04 18:55:00",RT_NSW6,0
D,DISPATCH,UNIT_SCADA,1,"2019/09/04 18:55:00",RT_QLD1,0
D,DISPATCH,UNIT_SCADA,1,"2019/09/04 18:55:00",RT_SA1,0
D,DISPATCH,UNIT_SCADA,1,"2019/09/04 18:55:00",RT_SA2,0
D,DISPATCH,UNIT_SCADA,1,"2019/09/04 18:55:00",RT_SA3,0
D,DISPATCH,UNIT_SCADA,1,"2019/09/04 18:55:00",RT_SA4,0
D,DISPATCH,UNIT_SCADA,1,"2019/09/04 18:55:00",RT_SA5,0
D,DISPATCH,UNIT_SCADA,1,"2019/09/04 18:55:00",RT_SA6,0
D,DISPATCH,UNIT_SCADA,1,"2019/09/04 18:55:00",RT_TAS1,0
D,DISPATCH,UNIT_SCADA,1,"2019/09/04 18:55:00",RT_VIC1,0
D,DISPATCH,UNIT_SCADA,1,"2019/09/04 18:55:00",RT_VIC10,0
D,DISPATCH,UNIT_SCADA,1,"2019/09/04 18:55:00",RT_VIC11,0
D,DISPATCH,UNIT_SCADA,1,"2019/09/04 18:55:00",RT_VIC12,0
D,DISPATCH,UNIT_SCADA,1,"2019/09/04 18:55:00",RT_VIC2,0
D,DISPATCH,UNIT_SCADA,1,"2019/09/04 18:55:00",RT_VIC3,0
D,DISPATCH,UNIT_SCADA,1,"2019/09/04 18:55:00",RT_VIC4,0
D,DISPATCH,UNIT_SCADA,1,"2019/09/04 18:55:00",RT_VIC5,0
D,DISPATCH,UNIT_SCADA,1,"2019/09/04 18:55:00",RT_VIC6,0
D,DISPATCH,UNIT_SCADA,1,"2019/09/04 18:55:00",RT_VIC7,0
D,DISPATCH,UNIT_SCADA,1,"2019/09/04 18:55:00",RT_VIC8,0
D,DISPATCH,UNIT_SCADA,1,"2019/09/04 18:55:00",RT_VIC9,0
D,DISPATCH,UNIT_SCADA,1,"2019/09/04 18:55:00",RUGBYR1,0
D,DISPATCH,UNIT_SCADA,1,"2019/09/04 18:55:00",SALTCRK1,0.10
D,DISPATCH,UNIT_SCADA,1,"2019/09/04 18:55:00",SAPHWF1,127.312530
D,DISPATCH,UNIT_SCADA,1,"2019/09/04 18:55:00",SHGEN,160.548030
D,DISPATCH,UNIT_SCADA,1,"2019/09/04 18:55:00",SHPUMP,0
D,DISPATCH,UNIT_SCADA,1,"2019/09/04 18:55:00",SITHE01,113.947240
D,DISPATCH,UNIT_SCADA,1,"2019/09/04 18:55:00",SMCSF1,0
D,DISPATCH,UNIT_SCADA,1,"2019/09/04 18:55:00",SNOWNTH1,6.50
D,DISPATCH,UNIT_SCADA,1,"2019/09/04 18:55:00",SNOWSTH1,6.50
D,DISPATCH,UNIT_SCADA,1,"2019/09/04 18:55:00",SNOWTWN1,6.949690
D,DISPATCH,UNIT_SCADA,1,"2019/09/04 18:55:00",SNOWYP,0
D,DISPATCH,UNIT_SCADA,1,"2019/09/04 18:55:00",SNUG1,0.019440
D,DISPATCH,UNIT_SCADA,1,"2019/09/04 18:55:00",SRSF1,0.06
D,DISPATCH,UNIT_SCADA,1,"2019/09/04 18:55:00",STAN-1,217.928240
D,DISPATCH,UNIT_SCADA,1,"2019/09/04 18:55:00",STAN-2,358.1037
D,DISPATCH,UNIT_SCADA,1,"2019/09/04 18:55:00",STAN-3,364.640780
D,DISPATCH,UNIT_SCADA,1,"2019/09/04 18:55:00",STAN-4,365.358580
D,DISPATCH,UNIT_SCADA,1,"2019/09/04 18:55:00",STWF1,70.087490
D,DISPATCH,UNIT_SCADA,1,"2019/09/04 18:55:00",SWAN_E,0
D,DISPATCH,UNIT_SCADA,1,"2019/09/04 18:55:00",TALWA1,436
D,DISPATCH,UNIT_SCADA,1,"2019/09/04 18:55:00",TARALGA1,38.100010
D,DISPATCH,UNIT_SCADA,1,"2019/09/04 18:55:00",TARONG#1,342.899990
D,DISPATCH,UNIT_SCADA,1,"2019/09/04 18:55:00",TARONG#2,0
D,DISPATCH,UNIT_SCADA,1,"2019/09/04 18:55:00",TARONG#3,348.899990
D,DISPATCH,UNIT_SCADA,1,"2019/09/04 18:55:00",TARONG#4,348.600010
D,DISPATCH,UNIT_SCADA,1,"2019/09/04 18:55:00",TARRALEA,71
D,DISPATCH,UNIT_SCADA,1,"2019/09/04 18:55:00",TBSF1,-0.20
D,DISPATCH,UNIT_SCADA,1,"2019/09/04 18:55:00",TNPS1,380.500030
D,DISPATCH,UNIT_SCADA,1,"2019/09/04 18:55:00",TORRA1,116.693230
D,DISPATCH,UNIT_SCADA,1,"2019/09/04 18:55:00",TORRA2,0
D,DISPATCH,UNIT_SCADA,1,"2019/09/04 18:55:00",TORRA3,0
D,DISPATCH,UNIT_SCADA,1,"2019/09/04 18:55:00",TORRA4,101.319660
D,DISPATCH,UNIT_SCADA,1,"2019/09/04 18:55:00",TORRB1,188.92
D,DISPATCH,UNIT_SCADA,1,"2019/09/04 18:55:00",TORRB2,188.83
D,DISPATCH,UNIT_SCADA,1,"2019/09/04 18:55:00",TORRB3,188.34
D,DISPATCH,UNIT_SCADA,1,"2019/09/04 18:55:00",TORRB4,0
D,DISPATCH,UNIT_SCADA,1,"2019/09/04 18:55:00",TREVALLN,43.980020
D,DISPATCH,UNIT_SCADA,1,"2019/09/04 18:55:00",TRIBUTE,0
D,DISPATCH,UNIT_SCADA,1,"2019/09/04 18:55:00",TUMUT3,0
D,DISPATCH,UNIT_SCADA,1,"2019/09/04 18:55:00",TUNGATIN,122.510030
D,DISPATCH,UNIT_SCADA,1,"2019/09/04 18:55:00",TVCC201,0
D,DISPATCH,UNIT_SCADA,1,"2019/09/04 18:55:00",TVPP104,0
D,DISPATCH,UNIT_SCADA,1,"2019/09/04 18:55:00",UPPTUMUT,559.3291
D,DISPATCH,UNIT_SCADA,1,"2019/09/04 18:55:00",URANQ11,162.343750
D,DISPATCH,UNIT_SCADA,1,"2019/09/04 18:55:00",URANQ12,162.956270
D,DISPATCH,UNIT_SCADA,1,"2019/09/04 18:55:00",URANQ13,0
D,DISPATCH,UNIT_SCADA,1,"2019/09/04 18:55:00",URANQ14,0
D,DISPATCH,UNIT_SCADA,1,"2019/09/04 18:55:00",VP5,621.424990
D,DISPATCH,UNIT_SCADA,1,"2019/09/04 18:55:00",VP6,0
D,DISPATCH,UNIT_SCADA,1,"2019/09/04 18:55:00",VPGS1,0
D,DISPATCH,UNIT_SCADA,1,"2019/09/04 18:55:00",VPGS2,0
D,DISPATCH,UNIT_SCADA,1,"2019/09/04 18:55:00",VPGS3,0
D,DISPATCH,UNIT_SCADA,1,"2019/09/04 18:55:00",VPGS4,0
D,DISPATCH,UNIT_SCADA,1,"2019/09/04 18:55:00",VPGS5,0
D,DISPATCH,UNIT_SCADA,1,"2019/09/04 18:55:00",VPGS6,0
D,DISPATCH,UNIT_SCADA,1,"2019/09/04 18:55:00",W/HOE#1,161.89
D,DISPATCH,UNIT_SCADA,1,"2019/09/04 18:55:00",W/HOE#2,0
D,DISPATCH,UNIT_SCADA,1,"2019/09/04 18:55:00",WATERLWF,-1
D,DISPATCH,UNIT_SCADA,1,"2019/09/04 18:55:00",WEMENSF1,0
D,DISPATCH,UNIT_SCADA,1,"2019/09/04 18:55:00",WGWF1,24.70
D,DISPATCH,UNIT_SCADA,1,"2019/09/04 18:55:00",WHITSF1,0
D,DISPATCH,UNIT_SCADA,1,"2019/09/04 18:55:00",WKIEWA1,31.70
D,DISPATCH,UNIT_SCADA,1,"2019/09/04 18:55:00",WKIEWA2,31.70
D,DISPATCH,UNIT_SCADA,1,"2019/09/04 18:55:00",WOODLWN1,16.6860
D,DISPATCH,UNIT_SCADA,1,"2019/09/04 18:55:00",WRSF1,0
D,DISPATCH,UNIT_SCADA,1,"2019/09/04 18:55:00",WRWF1,32.456250
D,DISPATCH,UNIT_SCADA,1,"2019/09/04 18:55:00",YABULU,160.920010
D,DISPATCH,UNIT_SCADA,1,"2019/09/04 18:55:00",YABULU2,0
D,DISPATCH,UNIT_SCADA,1,"2019/09/04 18:55:00",YARWUN_1,160.099990
D,DISPATCH,UNIT_SCADA,1,"2019/09/04 18:55:00",YENDWF1,-0.63
D,DISPATCH,UNIT_SCADA,1,"2019/09/04 18:55:00",YWPS1,380.450620
D,DISPATCH,UNIT_SCADA,1,"2019/09/04 18:55:00",YWPS2,277.189880
D,DISPATCH,UNIT_SCADA,1,"2019/09/04 18:55:00",YWPS3,0
D,DISPATCH,UNIT_SCADA,1,"2019/09/04 18:55:00",YWPS4,383.382290
C,"END OF REPORT",335
