C,NEMP.WORLD,DISPATCHSCADA,AEMO,PUBLIC,2019/08/22,01:45:10,0000000311848519,DISPATCHSCADA,0000000311848513
I,DISPATCH,UNIT_SCADA,1,SETTLEMENTDATE,DUID,SCADAVALUE
D,DISPATCH,UNIT_SCADA,1,"2019/08/22 01:50:00",BARCSF1,0.70
D,DISPATCH,UNIT_SCADA,1,"2019/08/22 01:50:00",BUTLERSG,9.699999
D,DISPATCH,UNIT_SCADA,1,"2019/08/22 01:50:00",CALL_A_4,0
D,DISPATCH,UNIT_SCADA,1,"2019/08/22 01:50:00",CAPTL_WF,128.907990
D,DISPATCH,UNIT_SCADA,1,"2019/08/22 01:50:00",CATHROCK,21.379999
D,DISPATCH,UNIT_SCADA,1,"2019/08/22 01:50:00",CHALLHWF,48.400002
D,DISPATCH,UNIT_SCADA,1,"2019/08/22 01:50:00",CLOVER,-0.01
D,DISPATCH,UNIT_SCADA,1,"2019/08/22 01:50:00",CLUNY,19.759670
D,DISPATCH,UNIT_SCADA,1,"2019/08/22 01:50:00",CNUNDAWF,39.746365
D,DISPATCH,UNIT_SCADA,1,"2019/08/22 01:50:00",CULLRGWF,28.18
D,DISPATCH,UNIT_SCADA,1,"2019/08/22 01:50:00",ERGT01,0
D,DISPATCH,UNIT_SCADA,1,"2019/08/22 01:50:00",GB01,0.069931
D,DISPATCH,UNIT_SCADA,1,"2019/08/22 01:50:00",GERMCRK,39.299999
D,DISPATCH,UNIT_SCADA,1,"2019/08/22 01:50:00",GRIFSF1,0
D,DISPATCH,UNIT_SCADA,1,"2019/08/22 01:50:00",HUGSF1,-0.2430
D,DISPATCH,UNIT_SCADA,1,"2019/08/22 01:50:00",LKBONNY1,67.160645
D,DISPATCH,UNIT_SCADA,1,"2019/08/22 01:50:00",LRSF1,0.0390
D,DISPATCH,UNIT_SCADA,1,"2019/08/22 01:50:00",MBAHNTH,55.012497
D,DISPATCH,UNIT_SCADA,1,"2019/08/22 01:50:00",MLSP1,0.271001
D,DISPATCH,UNIT_SCADA,1,"2019/08/22 01:50:00",MLWF1,19.74
D,DISPATCH,UNIT_SCADA,1,"2019/08/22 01:50:00",MTMILLAR,15.768139
D,DISPATCH,UNIT_SCADA,1,"2019/08/22 01:50:00",PALOONA,14.66
D,DISPATCH,UNIT_SCADA,1,"2019/08/22 01:50:00",PIONEER,38.799999
D,DISPATCH,UNIT_SCADA,1,"2019/08/22 01:50:00",PORTWF,135
D,DISPATCH,UNIT_SCADA,1,"2019/08/22 01:50:00",REPULSE,0.000610
D,DISPATCH,UNIT_SCADA,1,"2019/08/22 01:50:00",ROWALLAN,10.4157
D,DISPATCH,UNIT_SCADA,1,"2019/08/22 01:50:00",ROYALLA1,0
D,DISPATCH,UNIT_SCADA,1,"2019/08/22 01:50:00",RPCG,9.60
D,DISPATCH,UNIT_SCADA,1,"2019/08/22 01:50:00",RUBICON,0
D,DISPATCH,UNIT_SCADA,1,"2019/08/22 01:50:00",SATGN1,0
D,DISPATCH,UNIT_SCADA,1,"2019/08/22 01:50:00",SATGS1,0
D,DISPATCH,UNIT_SCADA,1,"2019/08/22 01:50:00",STARHLWF,16.595161
D,DISPATCH,UNIT_SCADA,1,"2019/08/22 01:50:00",WAUBRAWF,171.740005
D,DISPATCH,UNIT_SCADA,1,"2019/08/22 01:50:00",WOOLNTH1,67.410019
D,DISPATCH,UNIT_SCADA,1,"2019/08/22 01:50:00",WPWF,15
D,DISPATCH,UNIT_SCADA,1,"2019/08/22 01:50:00",YAMBUKWF,27.799999
D,DISPATCH,UNIT_SCADA,1,"2019/08/22 01:50:00",YSWF1,28.50
D,DISPATCH,UNIT_SCADA,1,"2019/08/22 01:50:00",AGLHAL,0
D,DISPATCH,UNIT_SCADA,1,"2019/08/22 01:50:00",AGLSOM,0
D,DISPATCH,UNIT_SCADA,1,"2019/08/22 01:50:00",ANGAST1,0
D,DISPATCH,UNIT_SCADA,1,"2019/08/22 01:50:00",ARWF1,217.600010
D,DISPATCH,UNIT_SCADA,1,"2019/08/22 01:50:00",BALBG1,0
D,DISPATCH,UNIT_SCADA,1,"2019/08/22 01:50:00",BALBL1,0
D,DISPATCH,UNIT_SCADA,1,"2019/08/22 01:50:00",BALDHWF1,96.9050
D,DISPATCH,UNIT_SCADA,1,"2019/08/22 01:50:00",BANN1,0
D,DISPATCH,UNIT_SCADA,1,"2019/08/22 01:50:00",BARCALDN,0
D,DISPATCH,UNIT_SCADA,1,"2019/08/22 01:50:00",BARRON-1,0
D,DISPATCH,UNIT_SCADA,1,"2019/08/22 01:50:00",BARRON-2,26.28
D,DISPATCH,UNIT_SCADA,1,"2019/08/22 01:50:00",BASTYAN,78.37
D,DISPATCH,UNIT_SCADA,1,"2019/08/22 01:50:00",BBTHREE1,-2.15
D,DISPATCH,UNIT_SCADA,1,"2019/08/22 01:50:00",BBTHREE2,-2.14
D,DISPATCH,UNIT_SCADA,1,"2019/08/22 01:50:00",BBTHREE3,-1.24
D,DISPATCH,UNIT_SCADA,1,"2019/08/22 01:50:00",BDL01,0
D,DISPATCH,UNIT_SCADA,1,"2019/08/22 01:50:00",BDL02,0
D,DISPATCH,UNIT_SCADA,1,"2019/08/22 01:50:00",BERYLSF1,0
D,DISPATCH,UNIT_SCADA,1,"2019/08/22 01:50:00",BLOWERNG,0
D,DISPATCH,UNIT_SCADA,1,"2019/08/22 01:50:00",BLUFF1,34.30
D,DISPATCH,UNIT_SCADA,1,"2019/08/22 01:50:00",BNGSF1,0
D,DISPATCH,UNIT_SCADA,1,"2019/08/22 01:50:00",BNGSF2,0
D,DISPATCH,UNIT_SCADA,1,"2019/08/22 01:50:00",BOCORWF1,67.25
D,DISPATCH,UNIT_SCADA,1,"2019/08/22 01:50:00",BODWF1,99.669850
D,DISPATCH,UNIT_SCADA,1,"2019/08/22 01:50:00",BRAEMAR1,0
D,DISPATCH,UNIT_SCADA,1,"2019/08/22 01:50:00",BRAEMAR2,0
D,DISPATCH,UNIT_SCADA,1,"2019/08/22 01:50:00",BRAEMAR3,0
D,DISPATCH,UNIT_SCADA,1,"2019/08/22 01:50:00",BRAEMAR5,0
D,DISPATCH,UNIT_SCADA,1,"2019/08/22 01:50:00",BRAEMAR6,0
D,DISPATCH,UNIT_SCADA,1,"2019/08/22 01:50:00",BRAEMAR7,0
D,DISPATCH,UNIT_SCADA,1,"2019/08/22 01:50:00",BROKENH1,0
D,DISPATCH,UNIT_SCADA,1,"2019/08/22 01:50:00",BW01,348.925050
D,DISPATCH,UNIT_SCADA,1,"2019/08/22 01:50:00",BW02,562.824950
D,DISPATCH,UNIT_SCADA,1,"2019/08/22 01:50:00",BW03,463.025020
D,DISPATCH,UNIT_SCADA,1,"2019/08/22 01:50:00",BW04,0
D,DISPATCH,UNIT_SCADA,1,"2019/08/22 01:50:00",CALL_B_1,350.300020
D,DISPATCH,UNIT_SCADA,1,"2019/08/22 01:50:00",CALL_B_2,299.300020
D,DISPATCH,UNIT_SCADA,1,"2019/08/22 01:50:00",CETHANA,99.262250
D,DISPATCH,UNIT_SCADA,1,"2019/08/22 01:50:00",CG1,0
D,DISPATCH,UNIT_SCADA,1,"2019/08/22 01:50:00",CG2,0
D,DISPATCH,UNIT_SCADA,1,"2019/08/22 01:50:00",CG3,0
D,DISPATCH,UNIT_SCADA,1,"2019/08/22 01:50:00",CG4,0
D,DISPATCH,UNIT_SCADA,1,"2019/08/22 01:50:00",CHILDSF1,0.01
D,DISPATCH,UNIT_SCADA,1,"2019/08/22 01:50:00",CLARESF1,0
D,DISPATCH,UNIT_SCADA,1,"2019/08/22 01:50:00",CLEMGPWF,12.245950
D,DISPATCH,UNIT_SCADA,1,"2019/08/22 01:50:00",CLERMSF1,0
D,DISPATCH,UNIT_SCADA,1,"2019/08/22 01:50:00",COLEASF1,0
D,DISPATCH,UNIT_SCADA,1,"2019/08/22 01:50:00",COOPGWF1,31.694650
D,DISPATCH,UNIT_SCADA,1,"2019/08/22 01:50:00",CPP_3,381.425020
D,DISPATCH,UNIT_SCADA,1,"2019/08/22 01:50:00",CPP_4,384.450010
D,DISPATCH,UNIT_SCADA,1,"2019/08/22 01:50:00",CPSA,142.100620
D,DISPATCH,UNIT_SCADA,1,"2019/08/22 01:50:00",CROOKWF2,64.2850
D,DISPATCH,UNIT_SCADA,1,"2019/08/22 01:50:00",CROWLWF1,49.487870
D,DISPATCH,UNIT_SCADA,1,"2019/08/22 01:50:00",CSPVPS1,0.0430
D,DISPATCH,UNIT_SCADA,1,"2019/08/22 01:50:00",DALNTH01,0
D,DISPATCH,UNIT_SCADA,1,"2019/08/22 01:50:00",DALNTHL1,0.102240
D,DISPATCH,UNIT_SCADA,1,"2019/08/22 01:50:00",DARTM1,0
D,DISPATCH,UNIT_SCADA,1,"2019/08/22 01:50:00",DAYDSF1,0
D,DISPATCH,UNIT_SCADA,1,"2019/08/22 01:50:00",DDPS1,0
D,DISPATCH,UNIT_SCADA,1,"2019/08/22 01:50:00",DDSF1,0
D,DISPATCH,UNIT_SCADA,1,"2019/08/22 01:50:00",DEVILS_G,0
D,DISPATCH,UNIT_SCADA,1,"2019/08/22 01:50:00",DG_NSW1,0
D,DISPATCH,UNIT_SCADA,1,"2019/08/22 01:50:00",DG_QLD1,0
D,DISPATCH,UNIT_SCADA,1,"2019/08/22 01:50:00",DG_SA1,0
D,DISPATCH,UNIT_SCADA,1,"2019/08/22 01:50:00",DG_TAS1,0
D,DISPATCH,UNIT_SCADA,1,"2019/08/22 01:50:00",DG_VIC1,0
D,DISPATCH,UNIT_SCADA,1,"2019/08/22 01:50:00",DRYCGT1,0
D,DISPATCH,UNIT_SCADA,1,"2019/08/22 01:50:00",DRYCGT2,0
D,DISPATCH,UNIT_SCADA,1,"2019/08/22 01:50:00",DRYCGT3,0
D,DISPATCH,UNIT_SCADA,1,"2019/08/22 01:50:00",EILDON1,0
D,DISPATCH,UNIT_SCADA,1,"2019/08/22 01:50:00",EILDON2,0
D,DISPATCH,UNIT_SCADA,1,"2019/08/22 01:50:00",EMERASF1,0
D,DISPATCH,UNIT_SCADA,1,"2019/08/22 01:50:00",ER01,349.2251
D,DISPATCH,UNIT_SCADA,1,"2019/08/22 01:50:00",ER02,416.6250
D,DISPATCH,UNIT_SCADA,1,"2019/08/22 01:50:00",ER03,379.424930
D,DISPATCH,UNIT_SCADA,1,"2019/08/22 01:50:00",ER04,350.6250
D,DISPATCH,UNIT_SCADA,1,"2019/08/22 01:50:00",FINLYSF1,0
D,DISPATCH,UNIT_SCADA,1,"2019/08/22 01:50:00",FISHER,45.85
D,DISPATCH,UNIT_SCADA,1,"2019/08/22 01:50:00",GANNBG1,0
D,DISPATCH,UNIT_SCADA,1,"2019/08/22 01:50:00",GANNBL1,10.007470
D,DISPATCH,UNIT_SCADA,1,"2019/08/22 01:50:00",GANNSF1,0
D,DISPATCH,UNIT_SCADA,1,"2019/08/22 01:50:00",GORDON,10.559920
D,DISPATCH,UNIT_SCADA,1,"2019/08/22 01:50:00",GSTONE1,132.1250
D,DISPATCH,UNIT_SCADA,1,"2019/08/22 01:50:00",GSTONE2,130.3750
D,DISPATCH,UNIT_SCADA,1,"2019/08/22 01:50:00",GSTONE3,133
D,DISPATCH,UNIT_SCADA,1,"2019/08/22 01:50:00",GSTONE4,130.20
D,DISPATCH,UNIT_SCADA,1,"2019/08/22 01:50:00",GSTONE5,132.8250
D,DISPATCH,UNIT_SCADA,1,"2019/08/22 01:50:00",GSTONE6,0
D,DISPATCH,UNIT_SCADA,1,"2019/08/22 01:50:00",GULLRSF1,0
D,DISPATCH,UNIT_SCADA,1,"2019/08/22 01:50:00",GULLRWF1,157.762850
D,DISPATCH,UNIT_SCADA,1,"2019/08/22 01:50:00",GUNNING1,46.4524
D,DISPATCH,UNIT_SCADA,1,"2019/08/22 01:50:00",GUTHEGA,0
D,DISPATCH,UNIT_SCADA,1,"2019/08/22 01:50:00",HALLWF1,77.90
D,DISPATCH,UNIT_SCADA,1,"2019/08/22 01:50:00",HALLWF2,53.11
D,DISPATCH,UNIT_SCADA,1,"2019/08/22 01:50:00",HAMISF1,0
D,DISPATCH,UNIT_SCADA,1,"2019/08/22 01:50:00",HAUGHT11,0
D,DISPATCH,UNIT_SCADA,1,"2019/08/22 01:50:00",HAYMSF1,0
D,DISPATCH,UNIT_SCADA,1,"2019/08/22 01:50:00",HDWF1,42.50
D,DISPATCH,UNIT_SCADA,1,"2019/08/22 01:50:00",HDWF2,33.40
D,DISPATCH,UNIT_SCADA,1,"2019/08/22 01:50:00",HDWF3,45.60
D,DISPATCH,UNIT_SCADA,1,"2019/08/22 01:50:00",HPRG1,0
D,DISPATCH,UNIT_SCADA,1,"2019/08/22 01:50:00",HPRL1,0.20
D,DISPATCH,UNIT_SCADA,1,"2019/08/22 01:50:00",HUMENSW,0
D,DISPATCH,UNIT_SCADA,1,"2019/08/22 01:50:00",HUMEV,10.90
D,DISPATCH,UNIT_SCADA,1,"2019/08/22 01:50:00",HVGTS,0
D,DISPATCH,UNIT_SCADA,1,"2019/08/22 01:50:00",JBUTTERS,96.61
D,DISPATCH,UNIT_SCADA,1,"2019/08/22 01:50:00",JLA01,0.50
D,DISPATCH,UNIT_SCADA,1,"2019/08/22 01:50:00",JLA02,0
D,DISPATCH,UNIT_SCADA,1,"2019/08/22 01:50:00",JLA03,0.10
D,DISPATCH,UNIT_SCADA,1,"2019/08/22 01:50:00",JLA04,0.10
D,DISPATCH,UNIT_SCADA,1,"2019/08/22 01:50:00",JLB01,0
D,DISPATCH,UNIT_SCADA,1,"2019/08/22 01:50:00",JLB02,0.10
D,DISPATCH,UNIT_SCADA,1,"2019/08/22 01:50:00",JLB03,0
D,DISPATCH,UNIT_SCADA,1,"2019/08/22 01:50:00",KAREEYA1,21.5350
D,DISPATCH,UNIT_SCADA,1,"2019/08/22 01:50:00",KAREEYA2,21.7225
D,DISPATCH,UNIT_SCADA,1,"2019/08/22 01:50:00",KAREEYA3,0
D,DISPATCH,UNIT_SCADA,1,"2019/08/22 01:50:00",KAREEYA4,21.76
D,DISPATCH,UNIT_SCADA,1,"2019/08/22 01:50:00",KARSF1,0
D,DISPATCH,UNIT_SCADA,1,"2019/08/22 01:50:00",KIATAWF1,30.80
D,DISPATCH,UNIT_SCADA,1,"2019/08/22 01:50:00",KPP_1,0
D,DISPATCH,UNIT_SCADA,1,"2019/08/22 01:50:00",KSP1,0
D,DISPATCH,UNIT_SCADA,1,"2019/08/22 01:50:00",LADBROK1,0
D,DISPATCH,UNIT_SCADA,1,"2019/08/22 01:50:00",LADBROK2,0
D,DISPATCH,UNIT_SCADA,1,"2019/08/22 01:50:00",LD01,359.568660
D,DISPATCH,UNIT_SCADA,1,"2019/08/22 01:50:00",LD02,346.4812
D,DISPATCH,UNIT_SCADA,1,"2019/08/22 01:50:00",LD03,346.387480
D,DISPATCH,UNIT_SCADA,1,"2019/08/22 01:50:00",LD04,355.912450
D,DISPATCH,UNIT_SCADA,1,"2019/08/22 01:50:00",LEM_WIL,86.1564
D,DISPATCH,UNIT_SCADA,1,"2019/08/22 01:50:00",LGAPWF1,23.85
D,DISPATCH,UNIT_SCADA,1,"2019/08/22 01:50:00",LILYSF1,0
D,DISPATCH,UNIT_SCADA,1,"2019/08/22 01:50:00",LI_WY_CA,148.564410
D,DISPATCH,UNIT_SCADA,1,"2019/08/22 01:50:00",LKBONNY2,139.684690
D,DISPATCH,UNIT_SCADA,1,"2019/08/22 01:50:00",LKBONNY3,33.269920
D,DISPATCH,UNIT_SCADA,1,"2019/08/22 01:50:00",LK_ECHO,0
D,DISPATCH,UNIT_SCADA,1,"2019/08/22 01:50:00",LNGS1,0
D,DISPATCH,UNIT_SCADA,1,"2019/08/22 01:50:00",LNGS2,0
D,DISPATCH,UNIT_SCADA,1,"2019/08/22 01:50:00",LONSDALE,0
D,DISPATCH,UNIT_SCADA,1,"2019/08/22 01:50:00",LOYYB1,534.960750
D,DISPATCH,UNIT_SCADA,1,"2019/08/22 01:50:00",LOYYB2,581.202510
D,DISPATCH,UNIT_SCADA,1,"2019/08/22 01:50:00",LYA1,517
D,DISPATCH,UNIT_SCADA,1,"2019/08/22 01:50:00",LYA2,0
D,DISPATCH,UNIT_SCADA,1,"2019/08/22 01:50:00",LYA3,519
D,DISPATCH,UNIT_SCADA,1,"2019/08/22 01:50:00",LYA4,509
D,DISPATCH,UNIT_SCADA,1,"2019/08/22 01:50:00",MACARTH1,358.491730
D,DISPATCH,UNIT_SCADA,1,"2019/08/22 01:50:00",MACKAYGT,0
D,DISPATCH,UNIT_SCADA,1,"2019/08/22 01:50:00",MACKNTSH,85.110010
D,DISPATCH,UNIT_SCADA,1,"2019/08/22 01:50:00",MANSLR1,0
D,DISPATCH,UNIT_SCADA,1,"2019/08/22 01:50:00",MCKAY1,0.02
D,DISPATCH,UNIT_SCADA,1,"2019/08/22 01:50:00",MEADOWBK,33.953040
D,DISPATCH,UNIT_SCADA,1,"2019/08/22 01:50:00",MERCER01,121.6680
D,DISPATCH,UNIT_SCADA,1,"2019/08/22 01:50:00",MEWF1,69.8368
D,DISPATCH,UNIT_SCADA,1,"2019/08/22 01:50:00",MINTARO,0
D,DISPATCH,UNIT_SCADA,1,"2019/08/22 01:50:00",MOREESF1,0
D,DISPATCH,UNIT_SCADA,1,"2019/08/22 01:50:00",MORTLK11,0
D,DISPATCH,UNIT_SCADA,1,"2019/08/22 01:50:00",MORTLK12,0
D,DISPATCH,UNIT_SCADA,1,"2019/08/22 01:50:00",MP1,285.50
D,DISPATCH,UNIT_SCADA,1,"2019/08/22 01:50:00",MP2,0
D,DISPATCH,UNIT_SCADA,1,"2019/08/22 01:50:00",MPP_1,410.50
D,DISPATCH,UNIT_SCADA,1,"2019/08/22 01:50:00",MPP_2,415.25
D,DISPATCH,UNIT_SCADA,1,"2019/08/22 01:50:00",MSTUART1,0
D,DISPATCH,UNIT_SCADA,1,"2019/08/22 01:50:00",MSTUART2,0
D,DISPATCH,UNIT_SCADA,1,"2019/08/22 01:50:00",MSTUART3,0
D,DISPATCH,UNIT_SCADA,1,"2019/08/22 01:50:00",MTGELWF1,64.6855
D,DISPATCH,UNIT_SCADA,1,"2019/08/22 01:50:00",MURRAY,0
D,DISPATCH,UNIT_SCADA,1,"2019/08/22 01:50:00",MUSSELR1,155.600010
D,DISPATCH,UNIT_SCADA,1,"2019/08/22 01:50:00",MUWAWF1,74
D,DISPATCH,UNIT_SCADA,1,"2019/08/22 01:50:00",NBHWF1,68.90
D,DISPATCH,UNIT_SCADA,1,"2019/08/22 01:50:00",NPS,0
D,DISPATCH,UNIT_SCADA,1,"2019/08/22 01:50:00",NUMURSF1,0
D,DISPATCH,UNIT_SCADA,1,"2019/08/22 01:50:00",NYNGAN1,0
D,DISPATCH,UNIT_SCADA,1,"2019/08/22 01:50:00",OAKEY1,0
D,DISPATCH,UNIT_SCADA,1,"2019/08/22 01:50:00",OAKEY1SF,0
D,DISPATCH,UNIT_SCADA,1,"2019/08/22 01:50:00",OAKEY2,0
D,DISPATCH,UNIT_SCADA,1,"2019/08/22 01:50:00",OAKLAND1,61.40
D,DISPATCH,UNIT_SCADA,1,"2019/08/22 01:50:00",OSB-AG,0
D,DISPATCH,UNIT_SCADA,1,"2019/08/22 01:50:00",PARSF1,0
D,DISPATCH,UNIT_SCADA,1,"2019/08/22 01:50:00",POAT110,0
D,DISPATCH,UNIT_SCADA,1,"2019/08/22 01:50:00",POAT220,1.16
D,DISPATCH,UNIT_SCADA,1,"2019/08/22 01:50:00",POR01,0
D,DISPATCH,UNIT_SCADA,1,"2019/08/22 01:50:00",POR03,0
D,DISPATCH,UNIT_SCADA,1,"2019/08/22 01:50:00",PPCCGT,173.5522
D,DISPATCH,UNIT_SCADA,1,"2019/08/22 01:50:00",PTSTAN1,0
D,DISPATCH,UNIT_SCADA,1,"2019/08/22 01:50:00",PUMP1,0
D,DISPATCH,UNIT_SCADA,1,"2019/08/22 01:50:00",PUMP2,0
D,DISPATCH,UNIT_SCADA,1,"2019/08/22 01:50:00",QPS1,0
D,DISPATCH,UNIT_SCADA,1,"2019/08/22 01:50:00",QPS2,0
D,DISPATCH,UNIT_SCADA,1,"2019/08/22 01:50:00",QPS3,0
D,DISPATCH,UNIT_SCADA,1,"2019/08/22 01:50:00",QPS4,0
D,DISPATCH,UNIT_SCADA,1,"2019/08/22 01:50:00",QPS5,0
D,DISPATCH,UNIT_SCADA,1,"2019/08/22 01:50:00",REECE1,120.170010
D,DISPATCH,UNIT_SCADA,1,"2019/08/22 01:50:00",REECE2,118.980010
D,DISPATCH,UNIT_SCADA,1,"2019/08/22 01:50:00",ROMA_7,0
D,DISPATCH,UNIT_SCADA,1,"2019/08/22 01:50:00",ROMA_8,0
D,DISPATCH,UNIT_SCADA,1,"2019/08/22 01:50:00",RRSF1,0
D,DISPATCH,UNIT_SCADA,1,"2019/08/22 01:50:00",RT_NSW1,0
D,DISPATCH,UNIT_SCADA,1,"2019/08/22 01:50:00",RT_NSW2,0
D,DISPATCH,UNIT_SCADA,1,"2019/08/22 01:50:00",RT_NSW3,0
D,DISPATCH,UNIT_SCADA,1,"2019/08/22 01:50:00",RT_NSW4,0
D,DISPATCH,UNIT_SCADA,1,"2019/08/22 01:50:00",RT_NSW5,0
D,DISPATCH,UNIT_SCADA,1,"2019/08/22 01:50:00",RT_NSW6,0
D,DISPATCH,UNIT_SCADA,1,"2019/08/22 01:50:00",RT_QLD1,0
D,DISPATCH,UNIT_SCADA,1,"2019/08/22 01:50:00",RT_SA1,0
D,DISPATCH,UNIT_SCADA,1,"2019/08/22 01:50:00",RT_SA2,0
D,DISPATCH,UNIT_SCADA,1,"2019/08/22 01:50:00",RT_SA3,0
D,DISPATCH,UNIT_SCADA,1,"2019/08/22 01:50:00",RT_SA4,0
D,DISPATCH,UNIT_SCADA,1,"2019/08/22 01:50:00",RT_SA5,0
D,DISPATCH,UNIT_SCADA,1,"2019/08/22 01:50:00",RT_SA6,0
D,DISPATCH,UNIT_SCADA,1,"2019/08/22 01:50:00",RT_TAS1,0
D,DISPATCH,UNIT_SCADA,1,"2019/08/22 01:50:00",RT_VIC1,0
D,DISPATCH,UNIT_SCADA,1,"2019/08/22 01:50:00",RT_VIC10,0
D,DISPATCH,UNIT_SCADA,1,"2019/08/22 01:50:00",RT_VIC11,0
D,DISPATCH,UNIT_SCADA,1,"2019/08/22 01:50:00",RT_VIC12,0
D,DISPATCH,UNIT_SCADA,1,"2019/08/22 01:50:00",RT_VIC2,0
D,DISPATCH,UNIT_SCADA,1,"2019/08/22 01:50:00",RT_VIC3,0
D,DISPATCH,UNIT_SCADA,1,"2019/08/22 01:50:00",RT_VIC4,0
D,DISPATCH,UNIT_SCADA,1,"2019/08/22 01:50:00",RT_VIC5,0
D,DISPATCH,UNIT_SCADA,1,"2019/08/22 01:50:00",RT_VIC6,0
D,DISPATCH,UNIT_SCADA,1,"2019/08/22 01:50:00",RT_VIC7,0
D,DISPATCH,UNIT_SCADA,1,"2019/08/22 01:50:00",RT_VIC8,0
D,DISPATCH,UNIT_SCADA,1,"2019/08/22 01:50:00",RT_VIC9,0
D,DISPATCH,UNIT_SCADA,1,"2019/08/22 01:50:00",RUGBYR1,0
D,DISPATCH,UNIT_SCADA,1,"2019/08/22 01:50:00",SALTCRK1,52.36
D,DISPATCH,UNIT_SCADA,1,"2019/08/22 01:50:00",SAPHWF1,215.521850
D,DISPATCH,UNIT_SCADA,1,"2019/08/22 01:50:00",SHGEN,0
D,DISPATCH,UNIT_SCADA,1,"2019/08/22 01:50:00",SHPUMP,121.548440
D,DISPATCH,UNIT_SCADA,1,"2019/08/22 01:50:00",SITHE01,0.153860
D,DISPATCH,UNIT_SCADA,1,"2019/08/22 01:50:00",SMCSF1,0
D,DISPATCH,UNIT_SCADA,1,"2019/08/22 01:50:00",SNOWNTH1,86.40
D,DISPATCH,UNIT_SCADA,1,"2019/08/22 01:50:00",SNOWSTH1,51.90
D,DISPATCH,UNIT_SCADA,1,"2019/08/22 01:50:00",SNOWTWN1,53.393620
D,DISPATCH,UNIT_SCADA,1,"2019/08/22 01:50:00",SNOWYP,188.80
D,DISPATCH,UNIT_SCADA,1,"2019/08/22 01:50:00",SNUG1,0.019440
D,DISPATCH,UNIT_SCADA,1,"2019/08/22 01:50:00",SRSF1,0.44
D,DISPATCH,UNIT_SCADA,1,"2019/08/22 01:50:00",STAN-1,0
D,DISPATCH,UNIT_SCADA,1,"2019/08/22 01:50:00",STAN-2,178.872410
D,DISPATCH,UNIT_SCADA,1,"2019/08/22 01:50:00",STAN-3,221.376220
D,DISPATCH,UNIT_SCADA,1,"2019/08/22 01:50:00",STAN-4,192.254180
D,DISPATCH,UNIT_SCADA,1,"2019/08/22 01:50:00",STWF1,180.798750
D,DISPATCH,UNIT_SCADA,1,"2019/08/22 01:50:00",SWAN_E,0
D,DISPATCH,UNIT_SCADA,1,"2019/08/22 01:50:00",TALWA1,190
D,DISPATCH,UNIT_SCADA,1,"2019/08/22 01:50:00",TARALGA1,38.647490
D,DISPATCH,UNIT_SCADA,1,"2019/08/22 01:50:00",TARONG#1,280.200010
D,DISPATCH,UNIT_SCADA,1,"2019/08/22 01:50:00",TARONG#2,224.400010
D,DISPATCH,UNIT_SCADA,1,"2019/08/22 01:50:00",TARONG#3,261
D,DISPATCH,UNIT_SCADA,1,"2019/08/22 01:50:00",TARONG#4,280
D,DISPATCH,UNIT_SCADA,1,"2019/08/22 01:50:00",TARRALEA,83.90
D,DISPATCH,UNIT_SCADA,1,"2019/08/22 01:50:00",TBSF1,-0.20
D,DISPATCH,UNIT_SCADA,1,"2019/08/22 01:50:00",TNPS1,399.400020
D,DISPATCH,UNIT_SCADA,1,"2019/08/22 01:50:00",TORRA1,42.773510
D,DISPATCH,UNIT_SCADA,1,"2019/08/22 01:50:00",TORRA2,0
D,DISPATCH,UNIT_SCADA,1,"2019/08/22 01:50:00",TORRA3,0
D,DISPATCH,UNIT_SCADA,1,"2019/08/22 01:50:00",TORRA4,0
D,DISPATCH,UNIT_SCADA,1,"2019/08/22 01:50:00",TORRB1,41.34
D,DISPATCH,UNIT_SCADA,1,"2019/08/22 01:50:00",TORRB2,40.84
D,DISPATCH,UNIT_SCADA,1,"2019/08/22 01:50:00",TORRB3,0
D,DISPATCH,UNIT_SCADA,1,"2019/08/22 01:50:00",TORRB4,0
D,DISPATCH,UNIT_SCADA,1,"2019/08/22 01:50:00",TREVALLN,1.40
D,DISPATCH,UNIT_SCADA,1,"2019/08/22 01:50:00",TRIBUTE,85.10
D,DISPATCH,UNIT_SCADA,1,"2019/08/22 01:50:00",TUMUT3,0
D,DISPATCH,UNIT_SCADA,1,"2019/08/22 01:50:00",TUNGATIN,3.50
D,DISPATCH,UNIT_SCADA,1,"2019/08/22 01:50:00",TVCC201,0
D,DISPATCH,UNIT_SCADA,1,"2019/08/22 01:50:00",TVPP104,0
D,DISPATCH,UNIT_SCADA,1,"2019/08/22 01:50:00",UPPTUMUT,0
D,DISPATCH,UNIT_SCADA,1,"2019/08/22 01:50:00",URANQ11,0
D,DISPATCH,UNIT_SCADA,1,"2019/08/22 01:50:00",URANQ12,0
D,DISPATCH,UNIT_SCADA,1,"2019/08/22 01:50:00",URANQ13,0
D,DISPATCH,UNIT_SCADA,1,"2019/08/22 01:50:00",URANQ14,0
D,DISPATCH,UNIT_SCADA,1,"2019/08/22 01:50:00",VP5,293.549990
D,DISPATCH,UNIT_SCADA,1,"2019/08/22 01:50:00",VP6,298.225010
D,DISPATCH,UNIT_SCADA,1,"2019/08/22 01:50:00",VPGS1,0
D,DISPATCH,UNIT_SCADA,1,"2019/08/22 01:50:00",VPGS2,0
D,DISPATCH,UNIT_SCADA,1,"2019/08/22 01:50:00",VPGS3,0
D,DISPATCH,UNIT_SCADA,1,"2019/08/22 01:50:00",VPGS4,0
D,DISPATCH,UNIT_SCADA,1,"2019/08/22 01:50:00",VPGS5,0
D,DISPATCH,UNIT_SCADA,1,"2019/08/22 01:50:00",VPGS6,0
D,DISPATCH,UNIT_SCADA,1,"2019/08/22 01:50:00",W/HOE#1,0
D,DISPATCH,UNIT_SCADA,1,"2019/08/22 01:50:00",W/HOE#2,0
D,DISPATCH,UNIT_SCADA,1,"2019/08/22 01:50:00",WATERLWF,111
D,DISPATCH,UNIT_SCADA,1,"2019/08/22 01:50:00",WEMENSF1,0
D,DISPATCH,UNIT_SCADA,1,"2019/08/22 01:50:00",WGWF1,81.30
D,DISPATCH,UNIT_SCADA,1,"2019/08/22 01:50:00",WHITSF1,0
D,DISPATCH,UNIT_SCADA,1,"2019/08/22 01:50:00",WKIEWA1,30.90
D,DISPATCH,UNIT_SCADA,1,"2019/08/22 01:50:00",WKIEWA2,31.20
D,DISPATCH,UNIT_SCADA,1,"2019/08/22 01:50:00",WOODLWN1,44.6580
D,DISPATCH,UNIT_SCADA,1,"2019/08/22 01:50:00",WRSF1,0
D,DISPATCH,UNIT_SCADA,1,"2019/08/22 01:50:00",WRWF1,145.584990
D,DISPATCH,UNIT_SCADA,1,"2019/08/22 01:50:00",YABULU,0
D,DISPATCH,UNIT_SCADA,1,"2019/08/22 01:50:00",YABULU2,0
D,DISPATCH,UNIT_SCADA,1,"2019/08/22 01:50:00",YARWUN_1,125.509990
D,DISPATCH,UNIT_SCADA,1,"2019/08/22 01:50:00",YENDWF1,42.23
D,DISPATCH,UNIT_SCADA,1,"2019/08/22 01:50:00",YWPS1,360.901280
D,DISPATCH,UNIT_SCADA,1,"2019/08/22 01:50:00",YWPS2,283.956970
D,DISPATCH,UNIT_SCADA,1,"2019/08/22 01:50:00",YWPS3,0
D,DISPATCH,UNIT_SCADA,1,"2019/08/22 01:50:00",YWPS4,403.706330
C,"END OF REPORT",334
