C,NEMP.WORLD,DISPATCHSCADA,AEMO,PUBLIC,2019/09/05,09:15:08,0000000312416022,DISPATCHSCADA,0000000312416016
I,DISPATCH,UNIT_SCADA,1,SETTLEMENTDATE,DUID,SCADAVALUE
D,DISPATCH,UNIT_SCADA,1,"2019/09/05 09:20:00",BARCSF1,8.80
D,DISPATCH,UNIT_SCADA,1,"2019/09/05 09:20:00",BUTLERSG,10.199999
D,DISPATCH,UNIT_SCADA,1,"2019/09/05 09:20:00",CALL_A_4,0
D,DISPATCH,UNIT_SCADA,1,"2019/09/05 09:20:00",CAPTL_WF,0
D,DISPATCH,UNIT_SCADA,1,"2019/09/05 09:20:00",CATHROCK,45.159996
D,DISPATCH,UNIT_SCADA,1,"2019/09/05 09:20:00",CLOVER,-0.01
D,DISPATCH,UNIT_SCADA,1,"2019/09/05 09:20:00",CLUNY,7.915312
D,DISPATCH,UNIT_SCADA,1,"2019/09/05 09:20:00",CNUNDAWF,20.323708
D,DISPATCH,UNIT_SCADA,1,"2019/09/05 09:20:00",CULLRGWF,2.23
D,DISPATCH,UNIT_SCADA,1,"2019/09/05 09:20:00",ERGT01,0
D,DISPATCH,UNIT_SCADA,1,"2019/09/05 09:20:00",GB01,0.017967
D,DISPATCH,UNIT_SCADA,1,"2019/09/05 09:20:00",GERMCRK,37
D,DISPATCH,UNIT_SCADA,1,"2019/09/05 09:20:00",GRIFSF1,25.100006
D,DISPATCH,UNIT_SCADA,1,"2019/09/05 09:20:00",HUGSF1,8.9610
D,DISPATCH,UNIT_SCADA,1,"2019/09/05 09:20:00",LKBONNY1,37.420624
D,DISPATCH,UNIT_SCADA,1,"2019/09/05 09:20:00",LRSF1,11.601001
D,DISPATCH,UNIT_SCADA,1,"2019/09/05 09:20:00",MBAHNTH,40.481247
D,DISPATCH,UNIT_SCADA,1,"2019/09/05 09:20:00",MLSP1,7.047001
D,DISPATCH,UNIT_SCADA,1,"2019/09/05 09:20:00",MLWF1,1.2750
D,DISPATCH,UNIT_SCADA,1,"2019/09/05 09:20:00",MTMILLAR,7.121335
D,DISPATCH,UNIT_SCADA,1,"2019/09/05 09:20:00",PALOONA,24.60
D,DISPATCH,UNIT_SCADA,1,"2019/09/05 09:20:00",PIONEER,43.400002
D,DISPATCH,UNIT_SCADA,1,"2019/09/05 09:20:00",PORTWF,30.700001
D,DISPATCH,UNIT_SCADA,1,"2019/09/05 09:20:00",REPULSE,24.815443
D,DISPATCH,UNIT_SCADA,1,"2019/09/05 09:20:00",ROWALLAN,10.3092
D,DISPATCH,UNIT_SCADA,1,"2019/09/05 09:20:00",ROYALLA1,12.647001
D,DISPATCH,UNIT_SCADA,1,"2019/09/05 09:20:00",RPCG,12.50
D,DISPATCH,UNIT_SCADA,1,"2019/09/05 09:20:00",RUBICON,0
D,DISPATCH,UNIT_SCADA,1,"2019/09/05 09:20:00",SATGN1,0
D,DISPATCH,UNIT_SCADA,1,"2019/09/05 09:20:00",SATGS1,0
D,DISPATCH,UNIT_SCADA,1,"2019/09/05 09:20:00",STARHLWF,1.499563
D,DISPATCH,UNIT_SCADA,1,"2019/09/05 09:20:00",WAUBRAWF,12.6620
D,DISPATCH,UNIT_SCADA,1,"2019/09/05 09:20:00",WOOLNTH1,-0.029985
D,DISPATCH,UNIT_SCADA,1,"2019/09/05 09:20:00",WPWF,6
D,DISPATCH,UNIT_SCADA,1,"2019/09/05 09:20:00",YAMBUKWF,2.40
D,DISPATCH,UNIT_SCADA,1,"2019/09/05 09:20:00",YSWF1,0
D,DISPATCH,UNIT_SCADA,1,"2019/09/05 09:20:00",AGLHAL,0
D,DISPATCH,UNIT_SCADA,1,"2019/09/05 09:20:00",AGLSOM,0
D,DISPATCH,UNIT_SCADA,1,"2019/09/05 09:20:00",ANGAST1,0
D,DISPATCH,UNIT_SCADA,1,"2019/09/05 09:20:00",ARWF1,15.20
D,DISPATCH,UNIT_SCADA,1,"2019/09/05 09:20:00",BALBG1,0
D,DISPATCH,UNIT_SCADA,1,"2019/09/05 09:20:00",BALBL1,0
D,DISPATCH,UNIT_SCADA,1,"2019/09/05 09:20:00",BALDHWF1,6.6770
D,DISPATCH,UNIT_SCADA,1,"2019/09/05 09:20:00",BANN1,20.36
D,DISPATCH,UNIT_SCADA,1,"2019/09/05 09:20:00",BARCALDN,0
D,DISPATCH,UNIT_SCADA,1,"2019/09/05 09:20:00",BARRON-1,33.12
D,DISPATCH,UNIT_SCADA,1,"2019/09/05 09:20:00",BARRON-2,0
D,DISPATCH,UNIT_SCADA,1,"2019/09/05 09:20:00",BASTYAN,79.48
D,DISPATCH,UNIT_SCADA,1,"2019/09/05 09:20:00",BBTHREE1,0
D,DISPATCH,UNIT_SCADA,1,"2019/09/05 09:20:00",BBTHREE2,0
D,DISPATCH,UNIT_SCADA,1,"2019/09/05 09:20:00",BBTHREE3,0
D,DISPATCH,UNIT_SCADA,1,"2019/09/05 09:20:00",BDL01,43.50
D,DISPATCH,UNIT_SCADA,1,"2019/09/05 09:20:00",BDL02,-0.06
D,DISPATCH,UNIT_SCADA,1,"2019/09/05 09:20:00",BERYLSF1,70.842470
D,DISPATCH,UNIT_SCADA,1,"2019/09/05 09:20:00",BLOWERNG,11
D,DISPATCH,UNIT_SCADA,1,"2019/09/05 09:20:00",BLUFF1,0
D,DISPATCH,UNIT_SCADA,1,"2019/09/05 09:20:00",BNGSF1,96.68
D,DISPATCH,UNIT_SCADA,1,"2019/09/05 09:20:00",BNGSF2,20.02
D,DISPATCH,UNIT_SCADA,1,"2019/09/05 09:20:00",BOCORWF1,0
D,DISPATCH,UNIT_SCADA,1,"2019/09/05 09:20:00",BODWF1,12.217580
D,DISPATCH,UNIT_SCADA,1,"2019/09/05 09:20:00",BRAEMAR1,0
D,DISPATCH,UNIT_SCADA,1,"2019/09/05 09:20:00",BRAEMAR2,0
D,DISPATCH,UNIT_SCADA,1,"2019/09/05 09:20:00",BRAEMAR3,0
D,DISPATCH,UNIT_SCADA,1,"2019/09/05 09:20:00",BRAEMAR5,0
D,DISPATCH,UNIT_SCADA,1,"2019/09/05 09:20:00",BRAEMAR6,0
D,DISPATCH,UNIT_SCADA,1,"2019/09/05 09:20:00",BRAEMAR7,0
D,DISPATCH,UNIT_SCADA,1,"2019/09/05 09:20:00",BROKENH1,35.941410
D,DISPATCH,UNIT_SCADA,1,"2019/09/05 09:20:00",BW01,568.8501
D,DISPATCH,UNIT_SCADA,1,"2019/09/05 09:20:00",BW02,656.400020
D,DISPATCH,UNIT_SCADA,1,"2019/09/05 09:20:00",BW03,653.575070
D,DISPATCH,UNIT_SCADA,1,"2019/09/05 09:20:00",BW04,0
D,DISPATCH,UNIT_SCADA,1,"2019/09/05 09:20:00",CALL_B_1,291.800020
D,DISPATCH,UNIT_SCADA,1,"2019/09/05 09:20:00",CALL_B_2,218.50
D,DISPATCH,UNIT_SCADA,1,"2019/09/05 09:20:00",CETHANA,78.725130
D,DISPATCH,UNIT_SCADA,1,"2019/09/05 09:20:00",CG1,0
D,DISPATCH,UNIT_SCADA,1,"2019/09/05 09:20:00",CG2,0
D,DISPATCH,UNIT_SCADA,1,"2019/09/05 09:20:00",CG3,0
D,DISPATCH,UNIT_SCADA,1,"2019/09/05 09:20:00",CG4,0
D,DISPATCH,UNIT_SCADA,1,"2019/09/05 09:20:00",CHILDSF1,55.71
D,DISPATCH,UNIT_SCADA,1,"2019/09/05 09:20:00",CLARESF1,48.246780
D,DISPATCH,UNIT_SCADA,1,"2019/09/05 09:20:00",CLEMGPWF,39.979430
D,DISPATCH,UNIT_SCADA,1,"2019/09/05 09:20:00",CLERMSF1,15.17
D,DISPATCH,UNIT_SCADA,1,"2019/09/05 09:20:00",COLEASF1,52.90
D,DISPATCH,UNIT_SCADA,1,"2019/09/05 09:20:00",COOPGWF1,0
D,DISPATCH,UNIT_SCADA,1,"2019/09/05 09:20:00",CPP_3,199.650010
D,DISPATCH,UNIT_SCADA,1,"2019/09/05 09:20:00",CPP_4,179.850010
D,DISPATCH,UNIT_SCADA,1,"2019/09/05 09:20:00",CPSA,81.086880
D,DISPATCH,UNIT_SCADA,1,"2019/09/05 09:20:00",CROOKWF2,5.6250
D,DISPATCH,UNIT_SCADA,1,"2019/09/05 09:20:00",CROWLWF1,3.464580
D,DISPATCH,UNIT_SCADA,1,"2019/09/05 09:20:00",CSPVPS1,28.2870
D,DISPATCH,UNIT_SCADA,1,"2019/09/05 09:20:00",DALNTH01,0
D,DISPATCH,UNIT_SCADA,1,"2019/09/05 09:20:00",DALNTHL1,0.114440
D,DISPATCH,UNIT_SCADA,1,"2019/09/05 09:20:00",DARTM1,133.600010
D,DISPATCH,UNIT_SCADA,1,"2019/09/05 09:20:00",DAYDSF1,0
D,DISPATCH,UNIT_SCADA,1,"2019/09/05 09:20:00",DDPS1,0
D,DISPATCH,UNIT_SCADA,1,"2019/09/05 09:20:00",DDSF1,88.354810
D,DISPATCH,UNIT_SCADA,1,"2019/09/05 09:20:00",DEVILS_G,55.3972
D,DISPATCH,UNIT_SCADA,1,"2019/09/05 09:20:00",DG_NSW1,0
D,DISPATCH,UNIT_SCADA,1,"2019/09/05 09:20:00",DG_QLD1,0
D,DISPATCH,UNIT_SCADA,1,"2019/09/05 09:20:00",DG_SA1,0
D,DISPATCH,UNIT_SCADA,1,"2019/09/05 09:20:00",DG_TAS1,0
D,DISPATCH,UNIT_SCADA,1,"2019/09/05 09:20:00",DG_VIC1,0
D,DISPATCH,UNIT_SCADA,1,"2019/09/05 09:20:00",DRYCGT1,0
D,DISPATCH,UNIT_SCADA,1,"2019/09/05 09:20:00",DRYCGT2,0
D,DISPATCH,UNIT_SCADA,1,"2019/09/05 09:20:00",DRYCGT3,0
D,DISPATCH,UNIT_SCADA,1,"2019/09/05 09:20:00",EILDON1,0
D,DISPATCH,UNIT_SCADA,1,"2019/09/05 09:20:00",EILDON2,0
D,DISPATCH,UNIT_SCADA,1,"2019/09/05 09:20:00",EMERASF1,0.22
D,DISPATCH,UNIT_SCADA,1,"2019/09/05 09:20:00",ER01,583.650020
D,DISPATCH,UNIT_SCADA,1,"2019/09/05 09:20:00",ER02,526.25
D,DISPATCH,UNIT_SCADA,1,"2019/09/05 09:20:00",ER03,0
D,DISPATCH,UNIT_SCADA,1,"2019/09/05 09:20:00",ER04,691.775020
D,DISPATCH,UNIT_SCADA,1,"2019/09/05 09:20:00",FINLYSF1,10.231260
D,DISPATCH,UNIT_SCADA,1,"2019/09/05 09:20:00",FISHER,45.45
D,DISPATCH,UNIT_SCADA,1,"2019/09/05 09:20:00",GANNBG1,0
D,DISPATCH,UNIT_SCADA,1,"2019/09/05 09:20:00",GANNBL1,0.008490
D,DISPATCH,UNIT_SCADA,1,"2019/09/05 09:20:00",GANNSF1,8.40
D,DISPATCH,UNIT_SCADA,1,"2019/09/05 09:20:00",GORDON,30.614080
D,DISPATCH,UNIT_SCADA,1,"2019/09/05 09:20:00",GSTONE1,130.899990
D,DISPATCH,UNIT_SCADA,1,"2019/09/05 09:20:00",GSTONE2,110.0750
D,DISPATCH,UNIT_SCADA,1,"2019/09/05 09:20:00",GSTONE3,0
D,DISPATCH,UNIT_SCADA,1,"2019/09/05 09:20:00",GSTONE4,131.774990
D,DISPATCH,UNIT_SCADA,1,"2019/09/05 09:20:00",GSTONE5,132.8250
D,DISPATCH,UNIT_SCADA,1,"2019/09/05 09:20:00",GSTONE6,130.899990
D,DISPATCH,UNIT_SCADA,1,"2019/09/05 09:20:00",GULLRSF1,5.396330
D,DISPATCH,UNIT_SCADA,1,"2019/09/05 09:20:00",GULLRWF1,18.001370
D,DISPATCH,UNIT_SCADA,1,"2019/09/05 09:20:00",GUNNING1,2.7505
D,DISPATCH,UNIT_SCADA,1,"2019/09/05 09:20:00",GUTHEGA,0
D,DISPATCH,UNIT_SCADA,1,"2019/09/05 09:20:00",HALLWF1,-0.41
D,DISPATCH,UNIT_SCADA,1,"2019/09/05 09:20:00",HALLWF2,-0.31
D,DISPATCH,UNIT_SCADA,1,"2019/09/05 09:20:00",HAMISF1,46.30
D,DISPATCH,UNIT_SCADA,1,"2019/09/05 09:20:00",HAUGHT11,98.742270
D,DISPATCH,UNIT_SCADA,1,"2019/09/05 09:20:00",HAYMSF1,40.5050
D,DISPATCH,UNIT_SCADA,1,"2019/09/05 09:20:00",HDWF1,2.20
D,DISPATCH,UNIT_SCADA,1,"2019/09/05 09:20:00",HDWF2,0.30
D,DISPATCH,UNIT_SCADA,1,"2019/09/05 09:20:00",HDWF3,0.50
D,DISPATCH,UNIT_SCADA,1,"2019/09/05 09:20:00",HPRG1,0
D,DISPATCH,UNIT_SCADA,1,"2019/09/05 09:20:00",HPRL1,11.50
D,DISPATCH,UNIT_SCADA,1,"2019/09/05 09:20:00",HUMENSW,0
D,DISPATCH,UNIT_SCADA,1,"2019/09/05 09:20:00",HUMEV,25.50
D,DISPATCH,UNIT_SCADA,1,"2019/09/05 09:20:00",HVGTS,0
D,DISPATCH,UNIT_SCADA,1,"2019/09/05 09:20:00",JBUTTERS,111.04
D,DISPATCH,UNIT_SCADA,1,"2019/09/05 09:20:00",JLA01,0.10
D,DISPATCH,UNIT_SCADA,1,"2019/09/05 09:20:00",JLA02,0
D,DISPATCH,UNIT_SCADA,1,"2019/09/05 09:20:00",JLA03,0
D,DISPATCH,UNIT_SCADA,1,"2019/09/05 09:20:00",JLA04,0
D,DISPATCH,UNIT_SCADA,1,"2019/09/05 09:20:00",JLB01,0
D,DISPATCH,UNIT_SCADA,1,"2019/09/05 09:20:00",JLB02,40.20
D,DISPATCH,UNIT_SCADA,1,"2019/09/05 09:20:00",JLB03,0
D,DISPATCH,UNIT_SCADA,1,"2019/09/05 09:20:00",KAREEYA1,21.5325
D,DISPATCH,UNIT_SCADA,1,"2019/09/05 09:20:00",KAREEYA2,21.60
D,DISPATCH,UNIT_SCADA,1,"2019/09/05 09:20:00",KAREEYA3,0
D,DISPATCH,UNIT_SCADA,1,"2019/09/05 09:20:00",KAREEYA4,21.5875
D,DISPATCH,UNIT_SCADA,1,"2019/09/05 09:20:00",KARSF1,79.90
D,DISPATCH,UNIT_SCADA,1,"2019/09/05 09:20:00",KIATAWF1,7.70
D,DISPATCH,UNIT_SCADA,1,"2019/09/05 09:20:00",KPP_1,0
D,DISPATCH,UNIT_SCADA,1,"2019/09/05 09:20:00",KSP1,24.34
D,DISPATCH,UNIT_SCADA,1,"2019/09/05 09:20:00",LADBROK1,41.26
D,DISPATCH,UNIT_SCADA,1,"2019/09/05 09:20:00",LADBROK2,42.22
D,DISPATCH,UNIT_SCADA,1,"2019/09/05 09:20:00",LD01,378.412450
D,DISPATCH,UNIT_SCADA,1,"2019/09/05 09:20:00",LD02,379.012480
D,DISPATCH,UNIT_SCADA,1,"2019/09/05 09:20:00",LD03,376.162540
D,DISPATCH,UNIT_SCADA,1,"2019/09/05 09:20:00",LD04,376.1062
D,DISPATCH,UNIT_SCADA,1,"2019/09/05 09:20:00",LEM_WIL,82.6369
D,DISPATCH,UNIT_SCADA,1,"2019/09/05 09:20:00",LGAPWF1,33.01
D,DISPATCH,UNIT_SCADA,1,"2019/09/05 09:20:00",LILYSF1,88.080380
D,DISPATCH,UNIT_SCADA,1,"2019/09/05 09:20:00",LI_WY_CA,161.154890
D,DISPATCH,UNIT_SCADA,1,"2019/09/05 09:20:00",LKBONNY2,47.249070
D,DISPATCH,UNIT_SCADA,1,"2019/09/05 09:20:00",LKBONNY3,19.649350
D,DISPATCH,UNIT_SCADA,1,"2019/09/05 09:20:00",LK_ECHO,0
D,DISPATCH,UNIT_SCADA,1,"2019/09/05 09:20:00",LNGS1,0
D,DISPATCH,UNIT_SCADA,1,"2019/09/05 09:20:00",LNGS2,0
D,DISPATCH,UNIT_SCADA,1,"2019/09/05 09:20:00",LONSDALE,0
D,DISPATCH,UNIT_SCADA,1,"2019/09/05 09:20:00",LOYYB1,535.336730
D,DISPATCH,UNIT_SCADA,1,"2019/09/05 09:20:00",LOYYB2,582.330380
D,DISPATCH,UNIT_SCADA,1,"2019/09/05 09:20:00",LYA1,0
D,DISPATCH,UNIT_SCADA,1,"2019/09/05 09:20:00",LYA2,0
D,DISPATCH,UNIT_SCADA,1,"2019/09/05 09:20:00",LYA3,559
D,DISPATCH,UNIT_SCADA,1,"2019/09/05 09:20:00",LYA4,539
D,DISPATCH,UNIT_SCADA,1,"2019/09/05 09:20:00",MACARTH1,0
D,DISPATCH,UNIT_SCADA,1,"2019/09/05 09:20:00",MACKAYGT,0.2240
D,DISPATCH,UNIT_SCADA,1,"2019/09/05 09:20:00",MACKNTSH,85.580010
D,DISPATCH,UNIT_SCADA,1,"2019/09/05 09:20:00",MANSLR1,36.97
D,DISPATCH,UNIT_SCADA,1,"2019/09/05 09:20:00",MCKAY1,0.0750
D,DISPATCH,UNIT_SCADA,1,"2019/09/05 09:20:00",MEADOWBK,11.603480
D,DISPATCH,UNIT_SCADA,1,"2019/09/05 09:20:00",MERCER01,30.6120
D,DISPATCH,UNIT_SCADA,1,"2019/09/05 09:20:00",MEWF1,25.407490
D,DISPATCH,UNIT_SCADA,1,"2019/09/05 09:20:00",MINTARO,0
D,DISPATCH,UNIT_SCADA,1,"2019/09/05 09:20:00",MOREESF1,51.4940
D,DISPATCH,UNIT_SCADA,1,"2019/09/05 09:20:00",MORTLK11,259
D,DISPATCH,UNIT_SCADA,1,"2019/09/05 09:20:00",MORTLK12,0
D,DISPATCH,UNIT_SCADA,1,"2019/09/05 09:20:00",MP1,219.524960
D,DISPATCH,UNIT_SCADA,1,"2019/09/05 09:20:00",MP2,0
D,DISPATCH,UNIT_SCADA,1,"2019/09/05 09:20:00",MPP_1,251
D,DISPATCH,UNIT_SCADA,1,"2019/09/05 09:20:00",MPP_2,340
D,DISPATCH,UNIT_SCADA,1,"2019/09/05 09:20:00",MSTUART1,0
D,DISPATCH,UNIT_SCADA,1,"2019/09/05 09:20:00",MSTUART2,0
D,DISPATCH,UNIT_SCADA,1,"2019/09/05 09:20:00",MSTUART3,0
D,DISPATCH,UNIT_SCADA,1,"2019/09/05 09:20:00",MTGELWF1,0.944550
D,DISPATCH,UNIT_SCADA,1,"2019/09/05 09:20:00",MURRAY,0
D,DISPATCH,UNIT_SCADA,1,"2019/09/05 09:20:00",MUSSELR1,0.90
D,DISPATCH,UNIT_SCADA,1,"2019/09/05 09:20:00",MUWAWF1,11.87
D,DISPATCH,UNIT_SCADA,1,"2019/09/05 09:20:00",NBHWF1,-0.50
D,DISPATCH,UNIT_SCADA,1,"2019/09/05 09:20:00",NPS,180.75
D,DISPATCH,UNIT_SCADA,1,"2019/09/05 09:20:00",NUMURSF1,11.50
D,DISPATCH,UNIT_SCADA,1,"2019/09/05 09:20:00",NYNGAN1,76.50
D,DISPATCH,UNIT_SCADA,1,"2019/09/05 09:20:00",OAKEY1,0
D,DISPATCH,UNIT_SCADA,1,"2019/09/05 09:20:00",OAKEY1SF,21.4130
D,DISPATCH,UNIT_SCADA,1,"2019/09/05 09:20:00",OAKEY2,0
D,DISPATCH,UNIT_SCADA,1,"2019/09/05 09:20:00",OAKEY2SF,0
D,DISPATCH,UNIT_SCADA,1,"2019/09/05 09:20:00",OAKLAND1,11.40
D,DISPATCH,UNIT_SCADA,1,"2019/09/05 09:20:00",OSB-AG,180.039990
D,DISPATCH,UNIT_SCADA,1,"2019/09/05 09:20:00",PARSF1,47.099990
D,DISPATCH,UNIT_SCADA,1,"2019/09/05 09:20:00",POAT110,0
D,DISPATCH,UNIT_SCADA,1,"2019/09/05 09:20:00",POAT220,36.27
D,DISPATCH,UNIT_SCADA,1,"2019/09/05 09:20:00",POR01,0
D,DISPATCH,UNIT_SCADA,1,"2019/09/05 09:20:00",POR03,0
D,DISPATCH,UNIT_SCADA,1,"2019/09/05 09:20:00",PPCCGT,485.615910
D,DISPATCH,UNIT_SCADA,1,"2019/09/05 09:20:00",PTSTAN1,0
D,DISPATCH,UNIT_SCADA,1,"2019/09/05 09:20:00",PUMP1,0
D,DISPATCH,UNIT_SCADA,1,"2019/09/05 09:20:00",PUMP2,0
D,DISPATCH,UNIT_SCADA,1,"2019/09/05 09:20:00",QPS1,29
D,DISPATCH,UNIT_SCADA,1,"2019/09/05 09:20:00",QPS2,0
D,DISPATCH,UNIT_SCADA,1,"2019/09/05 09:20:00",QPS3,0
D,DISPATCH,UNIT_SCADA,1,"2019/09/05 09:20:00",QPS4,0
D,DISPATCH,UNIT_SCADA,1,"2019/09/05 09:20:00",QPS5,0
D,DISPATCH,UNIT_SCADA,1,"2019/09/05 09:20:00",REECE1,102.91
D,DISPATCH,UNIT_SCADA,1,"2019/09/05 09:20:00",REECE2,99.000010
D,DISPATCH,UNIT_SCADA,1,"2019/09/05 09:20:00",ROMA_7,0
D,DISPATCH,UNIT_SCADA,1,"2019/09/05 09:20:00",ROMA_8,0
D,DISPATCH,UNIT_SCADA,1,"2019/09/05 09:20:00",RRSF1,104.367830
D,DISPATCH,UNIT_SCADA,1,"2019/09/05 09:20:00",RT_NSW1,0
D,DISPATCH,UNIT_SCADA,1,"2019/09/05 09:20:00",RT_NSW2,0
D,DISPATCH,UNIT_SCADA,1,"2019/09/05 09:20:00",RT_NSW3,0
D,DISPATCH,UNIT_SCADA,1,"2019/09/05 09:20:00",RT_NSW4,0
D,DISPATCH,UNIT_SCADA,1,"2019/09/05 09:20:00",RT_NSW5,0
D,DISPATCH,UNIT_SCADA,1,"2019/09/05 09:20:00",RT_NSW6,0
D,DISPATCH,UNIT_SCADA,1,"2019/09/05 09:20:00",RT_QLD1,0
D,DISPATCH,UNIT_SCADA,1,"2019/09/05 09:20:00",RT_SA1,0
D,DISPATCH,UNIT_SCADA,1,"2019/09/05 09:20:00",RT_SA2,0
D,DISPATCH,UNIT_SCADA,1,"2019/09/05 09:20:00",RT_SA3,0
D,DISPATCH,UNIT_SCADA,1,"2019/09/05 09:20:00",RT_SA4,0
D,DISPATCH,UNIT_SCADA,1,"2019/09/05 09:20:00",RT_SA5,0
D,DISPATCH,UNIT_SCADA,1,"2019/09/05 09:20:00",RT_SA6,0
D,DISPATCH,UNIT_SCADA,1,"2019/09/05 09:20:00",RT_TAS1,0
D,DISPATCH,UNIT_SCADA,1,"2019/09/05 09:20:00",RT_VIC1,0
D,DISPATCH,UNIT_SCADA,1,"2019/09/05 09:20:00",RT_VIC10,0
D,DISPATCH,UNIT_SCADA,1,"2019/09/05 09:20:00",RT_VIC11,0
D,DISPATCH,UNIT_SCADA,1,"2019/09/05 09:20:00",RT_VIC12,0
D,DISPATCH,UNIT_SCADA,1,"2019/09/05 09:20:00",RT_VIC2,0
D,DISPATCH,UNIT_SCADA,1,"2019/09/05 09:20:00",RT_VIC3,0
D,DISPATCH,UNIT_SCADA,1,"2019/09/05 09:20:00",RT_VIC4,0
D,DISPATCH,UNIT_SCADA,1,"2019/09/05 09:20:00",RT_VIC5,0
D,DISPATCH,UNIT_SCADA,1,"2019/09/05 09:20:00",RT_VIC6,0
D,DISPATCH,UNIT_SCADA,1,"2019/09/05 09:20:00",RT_VIC7,0
D,DISPATCH,UNIT_SCADA,1,"2019/09/05 09:20:00",RT_VIC8,0
D,DISPATCH,UNIT_SCADA,1,"2019/09/05 09:20:00",RT_VIC9,0
D,DISPATCH,UNIT_SCADA,1,"2019/09/05 09:20:00",RUGBYR1,64.583680
D,DISPATCH,UNIT_SCADA,1,"2019/09/05 09:20:00",SALTCRK1,14.90
D,DISPATCH,UNIT_SCADA,1,"2019/09/05 09:20:00",SAPHWF1,18.637480
D,DISPATCH,UNIT_SCADA,1,"2019/09/05 09:20:00",SHGEN,0
D,DISPATCH,UNIT_SCADA,1,"2019/09/05 09:20:00",SHPUMP,0
D,DISPATCH,UNIT_SCADA,1,"2019/09/05 09:20:00",SITHE01,0.194050
D,DISPATCH,UNIT_SCADA,1,"2019/09/05 09:20:00",SMCSF1,66.612190
D,DISPATCH,UNIT_SCADA,1,"2019/09/05 09:20:00",SNOWNTH1,106
D,DISPATCH,UNIT_SCADA,1,"2019/09/05 09:20:00",SNOWSTH1,105.399990
D,DISPATCH,UNIT_SCADA,1,"2019/09/05 09:20:00",SNOWTWN1,61.037610
D,DISPATCH,UNIT_SCADA,1,"2019/09/05 09:20:00",SNOWYP,0
D,DISPATCH,UNIT_SCADA,1,"2019/09/05 09:20:00",SNUG1,0.019440
D,DISPATCH,UNIT_SCADA,1,"2019/09/05 09:20:00",SRSF1,34.37
D,DISPATCH,UNIT_SCADA,1,"2019/09/05 09:20:00",STAN-1,217.812880
D,DISPATCH,UNIT_SCADA,1,"2019/09/05 09:20:00",STAN-2,238.257260
D,DISPATCH,UNIT_SCADA,1,"2019/09/05 09:20:00",STAN-3,272.083440
D,DISPATCH,UNIT_SCADA,1,"2019/09/05 09:20:00",STAN-4,274.044560
D,DISPATCH,UNIT_SCADA,1,"2019/09/05 09:20:00",STWF1,0
D,DISPATCH,UNIT_SCADA,1,"2019/09/05 09:20:00",SWAN_E,0
D,DISPATCH,UNIT_SCADA,1,"2019/09/05 09:20:00",TALWA1,415
D,DISPATCH,UNIT_SCADA,1,"2019/09/05 09:20:00",TARALGA1,10.998760
D,DISPATCH,UNIT_SCADA,1,"2019/09/05 09:20:00",TARONG#1,298.600010
D,DISPATCH,UNIT_SCADA,1,"2019/09/05 09:20:00",TARONG#2,0
D,DISPATCH,UNIT_SCADA,1,"2019/09/05 09:20:00",TARONG#3,280
D,DISPATCH,UNIT_SCADA,1,"2019/09/05 09:20:00",TARONG#4,350.300020
D,DISPATCH,UNIT_SCADA,1,"2019/09/05 09:20:00",TARRALEA,70.90
D,DISPATCH,UNIT_SCADA,1,"2019/09/05 09:20:00",TBSF1,18.70
D,DISPATCH,UNIT_SCADA,1,"2019/09/05 09:20:00",TNPS1,379.600010
D,DISPATCH,UNIT_SCADA,1,"2019/09/05 09:20:00",TORRA1,61.311810
D,DISPATCH,UNIT_SCADA,1,"2019/09/05 09:20:00",TORRA2,0
D,DISPATCH,UNIT_SCADA,1,"2019/09/05 09:20:00",TORRA3,0
D,DISPATCH,UNIT_SCADA,1,"2019/09/05 09:20:00",TORRA4,59.624520
D,DISPATCH,UNIT_SCADA,1,"2019/09/05 09:20:00",TORRB1,76.17
D,DISPATCH,UNIT_SCADA,1,"2019/09/05 09:20:00",TORRB2,75.98
D,DISPATCH,UNIT_SCADA,1,"2019/09/05 09:20:00",TORRB3,76.11
D,DISPATCH,UNIT_SCADA,1,"2019/09/05 09:20:00",TORRB4,0
D,DISPATCH,UNIT_SCADA,1,"2019/09/05 09:20:00",TREVALLN,61.950020
D,DISPATCH,UNIT_SCADA,1,"2019/09/05 09:20:00",TRIBUTE,0
D,DISPATCH,UNIT_SCADA,1,"2019/09/05 09:20:00",TUMUT3,296.079990
D,DISPATCH,UNIT_SCADA,1,"2019/09/05 09:20:00",TUNGATIN,119.860030
D,DISPATCH,UNIT_SCADA,1,"2019/09/05 09:20:00",TVCC201,0
D,DISPATCH,UNIT_SCADA,1,"2019/09/05 09:20:00",TVPP104,0
D,DISPATCH,UNIT_SCADA,1,"2019/09/05 09:20:00",UPPTUMUT,367.228150
D,DISPATCH,UNIT_SCADA,1,"2019/09/05 09:20:00",URANQ11,11.943740
D,DISPATCH,UNIT_SCADA,1,"2019/09/05 09:20:00",URANQ12,163.906250
D,DISPATCH,UNIT_SCADA,1,"2019/09/05 09:20:00",URANQ13,0
D,DISPATCH,UNIT_SCADA,1,"2019/09/05 09:20:00",URANQ14,0
D,DISPATCH,UNIT_SCADA,1,"2019/09/05 09:20:00",VP5,628.200010
D,DISPATCH,UNIT_SCADA,1,"2019/09/05 09:20:00",VP6,0
D,DISPATCH,UNIT_SCADA,1,"2019/09/05 09:20:00",VPGS1,0
D,DISPATCH,UNIT_SCADA,1,"2019/09/05 09:20:00",VPGS2,0
D,DISPATCH,UNIT_SCADA,1,"2019/09/05 09:20:00",VPGS3,0
D,DISPATCH,UNIT_SCADA,1,"2019/09/05 09:20:00",VPGS4,0
D,DISPATCH,UNIT_SCADA,1,"2019/09/05 09:20:00",VPGS5,0
D,DISPATCH,UNIT_SCADA,1,"2019/09/05 09:20:00",VPGS6,0
D,DISPATCH,UNIT_SCADA,1,"2019/09/05 09:20:00",W/HOE#1,0
D,DISPATCH,UNIT_SCADA,1,"2019/09/05 09:20:00",W/HOE#2,0
D,DISPATCH,UNIT_SCADA,1,"2019/09/05 09:20:00",WATERLWF,3.80
D,DISPATCH,UNIT_SCADA,1,"2019/09/05 09:20:00",WEMENSF1,18.70
D,DISPATCH,UNIT_SCADA,1,"2019/09/05 09:20:00",WGWF1,0
D,DISPATCH,UNIT_SCADA,1,"2019/09/05 09:20:00",WHITSF1,0
D,DISPATCH,UNIT_SCADA,1,"2019/09/05 09:20:00",WKIEWA1,34
D,DISPATCH,UNIT_SCADA,1,"2019/09/05 09:20:00",WKIEWA2,0.10
D,DISPATCH,UNIT_SCADA,1,"2019/09/05 09:20:00",WOODLWN1,0.675020
D,DISPATCH,UNIT_SCADA,1,"2019/09/05 09:20:00",WRSF1,16.77
D,DISPATCH,UNIT_SCADA,1,"2019/09/05 09:20:00",WRWF1,9.246240
D,DISPATCH,UNIT_SCADA,1,"2019/09/05 09:20:00",YABULU,0
D,DISPATCH,UNIT_SCADA,1,"2019/09/05 09:20:00",YABULU2,0
D,DISPATCH,UNIT_SCADA,1,"2019/09/05 09:20:00",YARWUN_1,120.46
D,DISPATCH,UNIT_SCADA,1,"2019/09/05 09:20:00",YENDWF1,14.24
D,DISPATCH,UNIT_SCADA,1,"2019/09/05 09:20:00",YWPS1,380.450620
D,DISPATCH,UNIT_SCADA,1,"2019/09/05 09:20:00",YWPS2,279.445560
D,DISPATCH,UNIT_SCADA,1,"2019/09/05 09:20:00",YWPS3,328.337980
D,DISPATCH,UNIT_SCADA,1,"2019/09/05 09:20:00",YWPS4,389.027860
C,"END OF REPORT",334
