C,NEMP.WORLD,DISPATCHSCADA,AEMO,PUBLIC,2019/09/06,05:15:09,0000000312448875,DISPATCHSCADA,0000000312448869
I,DISPATCH,UNIT_SCADA,1,SETTLEMENTDATE,DUID,SCADAVALUE
D,DISPATCH,UNIT_SCADA,1,"2019/09/06 05:20:00",BARCSF1,0.30
D,DISPATCH,UNIT_SCADA,1,"2019/09/06 05:20:00",BUTLERSG,10.199999
D,DISPATCH,UNIT_SCADA,1,"2019/09/06 05:20:00",CALL_A_4,0
D,DISPATCH,UNIT_SCADA,1,"2019/09/06 05:20:00",CAPTL_WF,34.148003
D,DISPATCH,UNIT_SCADA,1,"2019/09/06 05:20:00",CATHROCK,0
D,DISPATCH,UNIT_SCADA,1,"2019/09/06 05:20:00",CHALLHWF,19.700001
D,DISPATCH,UNIT_SCADA,1,"2019/09/06 05:20:00",CLOVER,-0.01
D,DISPATCH,UNIT_SCADA,1,"2019/09/06 05:20:00",CLUNY,18.025635
D,DISPATCH,UNIT_SCADA,1,"2019/09/06 05:20:00",CNUNDAWF,4.905723
D,DISPATCH,UNIT_SCADA,1,"2019/09/06 05:20:00",CULLRGWF,6.79
D,DISPATCH,UNIT_SCADA,1,"2019/09/06 05:20:00",ERGT01,0
D,DISPATCH,UNIT_SCADA,1,"2019/09/06 05:20:00",GB01,0.015667
D,DISPATCH,UNIT_SCADA,1,"2019/09/06 05:20:00",GERMCRK,38.099998
D,DISPATCH,UNIT_SCADA,1,"2019/09/06 05:20:00",GRIFSF1,0
D,DISPATCH,UNIT_SCADA,1,"2019/09/06 05:20:00",HUGSF1,-0.2330
D,DISPATCH,UNIT_SCADA,1,"2019/09/06 05:20:00",LKBONNY1,14.468117
D,DISPATCH,UNIT_SCADA,1,"2019/09/06 05:20:00",LRSF1,-0.0010
D,DISPATCH,UNIT_SCADA,1,"2019/09/06 05:20:00",MBAHNTH,50.024994
D,DISPATCH,UNIT_SCADA,1,"2019/09/06 05:20:00",MLSP1,0
D,DISPATCH,UNIT_SCADA,1,"2019/09/06 05:20:00",MLWF1,18
D,DISPATCH,UNIT_SCADA,1,"2019/09/06 05:20:00",MTMILLAR,56.323288
D,DISPATCH,UNIT_SCADA,1,"2019/09/06 05:20:00",PALOONA,26.059999
D,DISPATCH,UNIT_SCADA,1,"2019/09/06 05:20:00",PIONEER,41.799999
D,DISPATCH,UNIT_SCADA,1,"2019/09/06 05:20:00",PORTWF,30.700001
D,DISPATCH,UNIT_SCADA,1,"2019/09/06 05:20:00",REPULSE,32.587776
D,DISPATCH,UNIT_SCADA,1,"2019/09/06 05:20:00",ROWALLAN,10.4086
D,DISPATCH,UNIT_SCADA,1,"2019/09/06 05:20:00",ROYALLA1,0
D,DISPATCH,UNIT_SCADA,1,"2019/09/06 05:20:00",RPCG,10.80
D,DISPATCH,UNIT_SCADA,1,"2019/09/06 05:20:00",RUBICON,0
D,DISPATCH,UNIT_SCADA,1,"2019/09/06 05:20:00",SATGN1,0
D,DISPATCH,UNIT_SCADA,1,"2019/09/06 05:20:00",SATGS1,0
D,DISPATCH,UNIT_SCADA,1,"2019/09/06 05:20:00",STARHLWF,27.491983
D,DISPATCH,UNIT_SCADA,1,"2019/09/06 05:20:00",WAUBRAWF,16.6910
D,DISPATCH,UNIT_SCADA,1,"2019/09/06 05:20:00",WOOLNTH1,128.550018
D,DISPATCH,UNIT_SCADA,1,"2019/09/06 05:20:00",WPWF,34
D,DISPATCH,UNIT_SCADA,1,"2019/09/06 05:20:00",YAMBUKWF,12.60
D,DISPATCH,UNIT_SCADA,1,"2019/09/06 05:20:00",YSWF1,0
D,DISPATCH,UNIT_SCADA,1,"2019/09/06 05:20:00",AGLHAL,0
D,DISPATCH,UNIT_SCADA,1,"2019/09/06 05:20:00",AGLSOM,0
D,DISPATCH,UNIT_SCADA,1,"2019/09/06 05:20:00",ANGAST1,0
D,DISPATCH,UNIT_SCADA,1,"2019/09/06 05:20:00",ARWF1,35.90
D,DISPATCH,UNIT_SCADA,1,"2019/09/06 05:20:00",BALBG1,0
D,DISPATCH,UNIT_SCADA,1,"2019/09/06 05:20:00",BALBL1,0
D,DISPATCH,UNIT_SCADA,1,"2019/09/06 05:20:00",BALDHWF1,4.9940
D,DISPATCH,UNIT_SCADA,1,"2019/09/06 05:20:00",BANN1,0
D,DISPATCH,UNIT_SCADA,1,"2019/09/06 05:20:00",BARCALDN,0
D,DISPATCH,UNIT_SCADA,1,"2019/09/06 05:20:00",BARRON-1,0
D,DISPATCH,UNIT_SCADA,1,"2019/09/06 05:20:00",BARRON-2,0
D,DISPATCH,UNIT_SCADA,1,"2019/09/06 05:20:00",BASTYAN,79.27
D,DISPATCH,UNIT_SCADA,1,"2019/09/06 05:20:00",BBTHREE1,0
D,DISPATCH,UNIT_SCADA,1,"2019/09/06 05:20:00",BBTHREE2,0
D,DISPATCH,UNIT_SCADA,1,"2019/09/06 05:20:00",BBTHREE3,0
D,DISPATCH,UNIT_SCADA,1,"2019/09/06 05:20:00",BDL01,0
D,DISPATCH,UNIT_SCADA,1,"2019/09/06 05:20:00",BDL02,0
D,DISPATCH,UNIT_SCADA,1,"2019/09/06 05:20:00",BERYLSF1,0
D,DISPATCH,UNIT_SCADA,1,"2019/09/06 05:20:00",BLOWERNG,15.60
D,DISPATCH,UNIT_SCADA,1,"2019/09/06 05:20:00",BLUFF1,52.80
D,DISPATCH,UNIT_SCADA,1,"2019/09/06 05:20:00",BNGSF1,0
D,DISPATCH,UNIT_SCADA,1,"2019/09/06 05:20:00",BNGSF2,0
D,DISPATCH,UNIT_SCADA,1,"2019/09/06 05:20:00",BOCORWF1,97.03
D,DISPATCH,UNIT_SCADA,1,"2019/09/06 05:20:00",BODWF1,35.019490
D,DISPATCH,UNIT_SCADA,1,"2019/09/06 05:20:00",BRAEMAR1,0
D,DISPATCH,UNIT_SCADA,1,"2019/09/06 05:20:00",BRAEMAR2,0
D,DISPATCH,UNIT_SCADA,1,"2019/09/06 05:20:00",BRAEMAR3,0
D,DISPATCH,UNIT_SCADA,1,"2019/09/06 05:20:00",BRAEMAR5,0
D,DISPATCH,UNIT_SCADA,1,"2019/09/06 05:20:00",BRAEMAR6,0
D,DISPATCH,UNIT_SCADA,1,"2019/09/06 05:20:00",BRAEMAR7,0
D,DISPATCH,UNIT_SCADA,1,"2019/09/06 05:20:00",BROKENH1,0
D,DISPATCH,UNIT_SCADA,1,"2019/09/06 05:20:00",BW01,560.925050
D,DISPATCH,UNIT_SCADA,1,"2019/09/06 05:20:00",BW02,601.349980
D,DISPATCH,UNIT_SCADA,1,"2019/09/06 05:20:00",BW03,625.175050
D,DISPATCH,UNIT_SCADA,1,"2019/09/06 05:20:00",BW04,0
D,DISPATCH,UNIT_SCADA,1,"2019/09/06 05:20:00",CALL_B_1,346
D,DISPATCH,UNIT_SCADA,1,"2019/09/06 05:20:00",CALL_B_2,275
D,DISPATCH,UNIT_SCADA,1,"2019/09/06 05:20:00",CETHANA,15.976130
D,DISPATCH,UNIT_SCADA,1,"2019/09/06 05:20:00",CG1,0
D,DISPATCH,UNIT_SCADA,1,"2019/09/06 05:20:00",CG2,0
D,DISPATCH,UNIT_SCADA,1,"2019/09/06 05:20:00",CG3,0
D,DISPATCH,UNIT_SCADA,1,"2019/09/06 05:20:00",CG4,0
D,DISPATCH,UNIT_SCADA,1,"2019/09/06 05:20:00",CHILDSF1,0
D,DISPATCH,UNIT_SCADA,1,"2019/09/06 05:20:00",CLARESF1,0
D,DISPATCH,UNIT_SCADA,1,"2019/09/06 05:20:00",CLEMGPWF,55.106780
D,DISPATCH,UNIT_SCADA,1,"2019/09/06 05:20:00",CLERMSF1,0
D,DISPATCH,UNIT_SCADA,1,"2019/09/06 05:20:00",COLEASF1,0
D,DISPATCH,UNIT_SCADA,1,"2019/09/06 05:20:00",COOPGWF1,23.137040
D,DISPATCH,UNIT_SCADA,1,"2019/09/06 05:20:00",CPP_3,405.075010
D,DISPATCH,UNIT_SCADA,1,"2019/09/06 05:20:00",CPP_4,404.524990
D,DISPATCH,UNIT_SCADA,1,"2019/09/06 05:20:00",CPSA,142.205630
D,DISPATCH,UNIT_SCADA,1,"2019/09/06 05:20:00",CROOKWF2,57.593740
D,DISPATCH,UNIT_SCADA,1,"2019/09/06 05:20:00",CROWLWF1,30.153730
D,DISPATCH,UNIT_SCADA,1,"2019/09/06 05:20:00",CSPVPS1,0
D,DISPATCH,UNIT_SCADA,1,"2019/09/06 05:20:00",DALNTH01,0
D,DISPATCH,UNIT_SCADA,1,"2019/09/06 05:20:00",DALNTHL1,0.053410
D,DISPATCH,UNIT_SCADA,1,"2019/09/06 05:20:00",DARTM1,0
D,DISPATCH,UNIT_SCADA,1,"2019/09/06 05:20:00",DAYDSF1,0
D,DISPATCH,UNIT_SCADA,1,"2019/09/06 05:20:00",DDPS1,0
D,DISPATCH,UNIT_SCADA,1,"2019/09/06 05:20:00",DDSF1,0
D,DISPATCH,UNIT_SCADA,1,"2019/09/06 05:20:00",DEVILS_G,62.584920
D,DISPATCH,UNIT_SCADA,1,"2019/09/06 05:20:00",DG_NSW1,0
D,DISPATCH,UNIT_SCADA,1,"2019/09/06 05:20:00",DG_QLD1,0
D,DISPATCH,UNIT_SCADA,1,"2019/09/06 05:20:00",DG_SA1,0
D,DISPATCH,UNIT_SCADA,1,"2019/09/06 05:20:00",DG_TAS1,0
D,DISPATCH,UNIT_SCADA,1,"2019/09/06 05:20:00",DG_VIC1,0
D,DISPATCH,UNIT_SCADA,1,"2019/09/06 05:20:00",DRYCGT1,0
D,DISPATCH,UNIT_SCADA,1,"2019/09/06 05:20:00",DRYCGT2,0
D,DISPATCH,UNIT_SCADA,1,"2019/09/06 05:20:00",DRYCGT3,0
D,DISPATCH,UNIT_SCADA,1,"2019/09/06 05:20:00",EILDON1,0
D,DISPATCH,UNIT_SCADA,1,"2019/09/06 05:20:00",EILDON2,0
D,DISPATCH,UNIT_SCADA,1,"2019/09/06 05:20:00",EMERASF1,0
D,DISPATCH,UNIT_SCADA,1,"2019/09/06 05:20:00",ER01,522.099980
D,DISPATCH,UNIT_SCADA,1,"2019/09/06 05:20:00",ER02,583.924930
D,DISPATCH,UNIT_SCADA,1,"2019/09/06 05:20:00",ER03,0
D,DISPATCH,UNIT_SCADA,1,"2019/09/06 05:20:00",ER04,584.550050
D,DISPATCH,UNIT_SCADA,1,"2019/09/06 05:20:00",FINLYSF1,0
D,DISPATCH,UNIT_SCADA,1,"2019/09/06 05:20:00",FISHER,45.30
D,DISPATCH,UNIT_SCADA,1,"2019/09/06 05:20:00",GANNBG1,0
D,DISPATCH,UNIT_SCADA,1,"2019/09/06 05:20:00",GANNBL1,10.009640
D,DISPATCH,UNIT_SCADA,1,"2019/09/06 05:20:00",GANNSF1,0
D,DISPATCH,UNIT_SCADA,1,"2019/09/06 05:20:00",GORDON,17.825920
D,DISPATCH,UNIT_SCADA,1,"2019/09/06 05:20:00",GSTONE1,135.6250
D,DISPATCH,UNIT_SCADA,1,"2019/09/06 05:20:00",GSTONE2,133.1750
D,DISPATCH,UNIT_SCADA,1,"2019/09/06 05:20:00",GSTONE3,0
D,DISPATCH,UNIT_SCADA,1,"2019/09/06 05:20:00",GSTONE4,133.70
D,DISPATCH,UNIT_SCADA,1,"2019/09/06 05:20:00",GSTONE5,134.9250
D,DISPATCH,UNIT_SCADA,1,"2019/09/06 05:20:00",GSTONE6,134.5750
D,DISPATCH,UNIT_SCADA,1,"2019/09/06 05:20:00",GULLRSF1,0
D,DISPATCH,UNIT_SCADA,1,"2019/09/06 05:20:00",GULLRWF1,52.611480
D,DISPATCH,UNIT_SCADA,1,"2019/09/06 05:20:00",GUNNING1,11.4612
D,DISPATCH,UNIT_SCADA,1,"2019/09/06 05:20:00",GUTHEGA,0
D,DISPATCH,UNIT_SCADA,1,"2019/09/06 05:20:00",HALLWF1,91.75
D,DISPATCH,UNIT_SCADA,1,"2019/09/06 05:20:00",HALLWF2,68.40
D,DISPATCH,UNIT_SCADA,1,"2019/09/06 05:20:00",HAMISF1,0
D,DISPATCH,UNIT_SCADA,1,"2019/09/06 05:20:00",HAUGHT11,0
D,DISPATCH,UNIT_SCADA,1,"2019/09/06 05:20:00",HAYMSF1,0
D,DISPATCH,UNIT_SCADA,1,"2019/09/06 05:20:00",HDWF1,88.30
D,DISPATCH,UNIT_SCADA,1,"2019/09/06 05:20:00",HDWF2,77.40
D,DISPATCH,UNIT_SCADA,1,"2019/09/06 05:20:00",HDWF3,87.60
D,DISPATCH,UNIT_SCADA,1,"2019/09/06 05:20:00",HPRG1,0
D,DISPATCH,UNIT_SCADA,1,"2019/09/06 05:20:00",HPRL1,16.50
D,DISPATCH,UNIT_SCADA,1,"2019/09/06 05:20:00",HUMENSW,0
D,DISPATCH,UNIT_SCADA,1,"2019/09/06 05:20:00",HUMEV,24.20
D,DISPATCH,UNIT_SCADA,1,"2019/09/06 05:20:00",HVGTS,0
D,DISPATCH,UNIT_SCADA,1,"2019/09/06 05:20:00",JBUTTERS,0
D,DISPATCH,UNIT_SCADA,1,"2019/09/06 05:20:00",JLA01,0.10
D,DISPATCH,UNIT_SCADA,1,"2019/09/06 05:20:00",JLA02,0
D,DISPATCH,UNIT_SCADA,1,"2019/09/06 05:20:00",JLA03,0
D,DISPATCH,UNIT_SCADA,1,"2019/09/06 05:20:00",JLA04,0
D,DISPATCH,UNIT_SCADA,1,"2019/09/06 05:20:00",JLB01,0
D,DISPATCH,UNIT_SCADA,1,"2019/09/06 05:20:00",JLB02,0.10
D,DISPATCH,UNIT_SCADA,1,"2019/09/06 05:20:00",JLB03,0
D,DISPATCH,UNIT_SCADA,1,"2019/09/06 05:20:00",KAREEYA1,21.64
D,DISPATCH,UNIT_SCADA,1,"2019/09/06 05:20:00",KAREEYA2,21.7975
D,DISPATCH,UNIT_SCADA,1,"2019/09/06 05:20:00",KAREEYA3,0
D,DISPATCH,UNIT_SCADA,1,"2019/09/06 05:20:00",KAREEYA4,21.68
D,DISPATCH,UNIT_SCADA,1,"2019/09/06 05:20:00",KARSF1,0
D,DISPATCH,UNIT_SCADA,1,"2019/09/06 05:20:00",KIATAWF1,30.90
D,DISPATCH,UNIT_SCADA,1,"2019/09/06 05:20:00",KPP_1,0
D,DISPATCH,UNIT_SCADA,1,"2019/09/06 05:20:00",KSP1,0
D,DISPATCH,UNIT_SCADA,1,"2019/09/06 05:20:00",LADBROK1,0
D,DISPATCH,UNIT_SCADA,1,"2019/09/06 05:20:00",LADBROK2,0
D,DISPATCH,UNIT_SCADA,1,"2019/09/06 05:20:00",LD01,360.993710
D,DISPATCH,UNIT_SCADA,1,"2019/09/06 05:20:00",LD02,319.3125
D,DISPATCH,UNIT_SCADA,1,"2019/09/06 05:20:00",LD03,347.737520
D,DISPATCH,UNIT_SCADA,1,"2019/09/06 05:20:00",LD04,350.925020
D,DISPATCH,UNIT_SCADA,1,"2019/09/06 05:20:00",LEM_WIL,84.9896
D,DISPATCH,UNIT_SCADA,1,"2019/09/06 05:20:00",LGAPWF1,34.57
D,DISPATCH,UNIT_SCADA,1,"2019/09/06 05:20:00",LILYSF1,0
D,DISPATCH,UNIT_SCADA,1,"2019/09/06 05:20:00",LI_WY_CA,141.798570
D,DISPATCH,UNIT_SCADA,1,"2019/09/06 05:20:00",LKBONNY2,13.625350
D,DISPATCH,UNIT_SCADA,1,"2019/09/06 05:20:00",LKBONNY3,4.075010
D,DISPATCH,UNIT_SCADA,1,"2019/09/06 05:20:00",LK_ECHO,0
D,DISPATCH,UNIT_SCADA,1,"2019/09/06 05:20:00",LNGS1,0
D,DISPATCH,UNIT_SCADA,1,"2019/09/06 05:20:00",LNGS2,0
D,DISPATCH,UNIT_SCADA,1,"2019/09/06 05:20:00",LONSDALE,0
D,DISPATCH,UNIT_SCADA,1,"2019/09/06 05:20:00",LOYYB1,535.336730
D,DISPATCH,UNIT_SCADA,1,"2019/09/06 05:20:00",LOYYB2,584.210140
D,DISPATCH,UNIT_SCADA,1,"2019/09/06 05:20:00",LYA1,0
D,DISPATCH,UNIT_SCADA,1,"2019/09/06 05:20:00",LYA2,0
D,DISPATCH,UNIT_SCADA,1,"2019/09/06 05:20:00",LYA3,559
D,DISPATCH,UNIT_SCADA,1,"2019/09/06 05:20:00",LYA4,539
D,DISPATCH,UNIT_SCADA,1,"2019/09/06 05:20:00",MACARTH1,204.495270
D,DISPATCH,UNIT_SCADA,1,"2019/09/06 05:20:00",MACKAYGT,0.2240
D,DISPATCH,UNIT_SCADA,1,"2019/09/06 05:20:00",MACKNTSH,85.430010
D,DISPATCH,UNIT_SCADA,1,"2019/09/06 05:20:00",MANSLR1,0
D,DISPATCH,UNIT_SCADA,1,"2019/09/06 05:20:00",MCKAY1,-0.0350
D,DISPATCH,UNIT_SCADA,1,"2019/09/06 05:20:00",MEADOWBK,33.552920
D,DISPATCH,UNIT_SCADA,1,"2019/09/06 05:20:00",MERCER01,-0.2550
D,DISPATCH,UNIT_SCADA,1,"2019/09/06 05:20:00",MEWF1,37.214210
D,DISPATCH,UNIT_SCADA,1,"2019/09/06 05:20:00",MINTARO,0
D,DISPATCH,UNIT_SCADA,1,"2019/09/06 05:20:00",MOREESF1,0
D,DISPATCH,UNIT_SCADA,1,"2019/09/06 05:20:00",MORTLK11,125
D,DISPATCH,UNIT_SCADA,1,"2019/09/06 05:20:00",MORTLK12,0
D,DISPATCH,UNIT_SCADA,1,"2019/09/06 05:20:00",MP1,222.25
D,DISPATCH,UNIT_SCADA,1,"2019/09/06 05:20:00",MP2,0
D,DISPATCH,UNIT_SCADA,1,"2019/09/06 05:20:00",MPP_1,389.25
D,DISPATCH,UNIT_SCADA,1,"2019/09/06 05:20:00",MPP_2,434.75
D,DISPATCH,UNIT_SCADA,1,"2019/09/06 05:20:00",MSTUART1,0
D,DISPATCH,UNIT_SCADA,1,"2019/09/06 05:20:00",MSTUART2,0
D,DISPATCH,UNIT_SCADA,1,"2019/09/06 05:20:00",MSTUART3,0
D,DISPATCH,UNIT_SCADA,1,"2019/09/06 05:20:00",MTGELWF1,-0.482190
D,DISPATCH,UNIT_SCADA,1,"2019/09/06 05:20:00",MURRAY,0
D,DISPATCH,UNIT_SCADA,1,"2019/09/06 05:20:00",MUSSELR1,139.20
D,DISPATCH,UNIT_SCADA,1,"2019/09/06 05:20:00",MUWAWF1,72.21
D,DISPATCH,UNIT_SCADA,1,"2019/09/06 05:20:00",NBHWF1,118.899990
D,DISPATCH,UNIT_SCADA,1,"2019/09/06 05:20:00",NPS,0
D,DISPATCH,UNIT_SCADA,1,"2019/09/06 05:20:00",NUMURSF1,0
D,DISPATCH,UNIT_SCADA,1,"2019/09/06 05:20:00",NYNGAN1,0
D,DISPATCH,UNIT_SCADA,1,"2019/09/06 05:20:00",OAKEY1,0
D,DISPATCH,UNIT_SCADA,1,"2019/09/06 05:20:00",OAKEY1SF,0
D,DISPATCH,UNIT_SCADA,1,"2019/09/06 05:20:00",OAKEY2,0
D,DISPATCH,UNIT_SCADA,1,"2019/09/06 05:20:00",OAKEY2SF,0
D,DISPATCH,UNIT_SCADA,1,"2019/09/06 05:20:00",OAKLAND1,31.70
D,DISPATCH,UNIT_SCADA,1,"2019/09/06 05:20:00",OSB-AG,0
D,DISPATCH,UNIT_SCADA,1,"2019/09/06 05:20:00",PARSF1,0
D,DISPATCH,UNIT_SCADA,1,"2019/09/06 05:20:00",POAT110,0
D,DISPATCH,UNIT_SCADA,1,"2019/09/06 05:20:00",POAT220,0.97
D,DISPATCH,UNIT_SCADA,1,"2019/09/06 05:20:00",POR01,0
D,DISPATCH,UNIT_SCADA,1,"2019/09/06 05:20:00",POR03,0
D,DISPATCH,UNIT_SCADA,1,"2019/09/06 05:20:00",PPCCGT,172.8811
D,DISPATCH,UNIT_SCADA,1,"2019/09/06 05:20:00",PTSTAN1,0
D,DISPATCH,UNIT_SCADA,1,"2019/09/06 05:20:00",PUMP1,0
D,DISPATCH,UNIT_SCADA,1,"2019/09/06 05:20:00",PUMP2,0
D,DISPATCH,UNIT_SCADA,1,"2019/09/06 05:20:00",QPS1,0
D,DISPATCH,UNIT_SCADA,1,"2019/09/06 05:20:00",QPS2,0
D,DISPATCH,UNIT_SCADA,1,"2019/09/06 05:20:00",QPS3,0
D,DISPATCH,UNIT_SCADA,1,"2019/09/06 05:20:00",QPS4,0
D,DISPATCH,UNIT_SCADA,1,"2019/09/06 05:20:00",QPS5,0
D,DISPATCH,UNIT_SCADA,1,"2019/09/06 05:20:00",REECE1,82.080010
D,DISPATCH,UNIT_SCADA,1,"2019/09/06 05:20:00",REECE2,99.120010
D,DISPATCH,UNIT_SCADA,1,"2019/09/06 05:20:00",ROMA_7,0
D,DISPATCH,UNIT_SCADA,1,"2019/09/06 05:20:00",ROMA_8,0
D,DISPATCH,UNIT_SCADA,1,"2019/09/06 05:20:00",RRSF1,0
D,DISPATCH,UNIT_SCADA,1,"2019/09/06 05:20:00",RT_NSW1,0
D,DISPATCH,UNIT_SCADA,1,"2019/09/06 05:20:00",RT_NSW2,0
D,DISPATCH,UNIT_SCADA,1,"2019/09/06 05:20:00",RT_NSW3,0
D,DISPATCH,UNIT_SCADA,1,"2019/09/06 05:20:00",RT_NSW4,0
D,DISPATCH,UNIT_SCADA,1,"2019/09/06 05:20:00",RT_NSW5,0
D,DISPATCH,UNIT_SCADA,1,"2019/09/06 05:20:00",RT_NSW6,0
D,DISPATCH,UNIT_SCADA,1,"2019/09/06 05:20:00",RT_QLD1,0
D,DISPATCH,UNIT_SCADA,1,"2019/09/06 05:20:00",RT_SA1,0
D,DISPATCH,UNIT_SCADA,1,"2019/09/06 05:20:00",RT_SA2,0
D,DISPATCH,UNIT_SCADA,1,"2019/09/06 05:20:00",RT_SA3,0
D,DISPATCH,UNIT_SCADA,1,"2019/09/06 05:20:00",RT_SA4,0
D,DISPATCH,UNIT_SCADA,1,"2019/09/06 05:20:00",RT_SA5,0
D,DISPATCH,UNIT_SCADA,1,"2019/09/06 05:20:00",RT_SA6,0
D,DISPATCH,UNIT_SCADA,1,"2019/09/06 05:20:00",RT_TAS1,0
D,DISPATCH,UNIT_SCADA,1,"2019/09/06 05:20:00",RT_VIC1,0
D,DISPATCH,UNIT_SCADA,1,"2019/09/06 05:20:00",RT_VIC10,0
D,DISPATCH,UNIT_SCADA,1,"2019/09/06 05:20:00",RT_VIC11,0
D,DISPATCH,UNIT_SCADA,1,"2019/09/06 05:20:00",RT_VIC12,0
D,DISPATCH,UNIT_SCADA,1,"2019/09/06 05:20:00",RT_VIC2,0
D,DISPATCH,UNIT_SCADA,1,"2019/09/06 05:20:00",RT_VIC3,0
D,DISPATCH,UNIT_SCADA,1,"2019/09/06 05:20:00",RT_VIC4,0
D,DISPATCH,UNIT_SCADA,1,"2019/09/06 05:20:00",RT_VIC5,0
D,DISPATCH,UNIT_SCADA,1,"2019/09/06 05:20:00",RT_VIC6,0
D,DISPATCH,UNIT_SCADA,1,"2019/09/06 05:20:00",RT_VIC7,0
D,DISPATCH,UNIT_SCADA,1,"2019/09/06 05:20:00",RT_VIC8,0
D,DISPATCH,UNIT_SCADA,1,"2019/09/06 05:20:00",RT_VIC9,0
D,DISPATCH,UNIT_SCADA,1,"2019/09/06 05:20:00",RUGBYR1,0
D,DISPATCH,UNIT_SCADA,1,"2019/09/06 05:20:00",SALTCRK1,8.77
D,DISPATCH,UNIT_SCADA,1,"2019/09/06 05:20:00",SAPHWF1,177.149990
D,DISPATCH,UNIT_SCADA,1,"2019/09/06 05:20:00",SHGEN,0
D,DISPATCH,UNIT_SCADA,1,"2019/09/06 05:20:00",SHPUMP,157.363010
D,DISPATCH,UNIT_SCADA,1,"2019/09/06 05:20:00",SITHE01,0.214140
D,DISPATCH,UNIT_SCADA,1,"2019/09/06 05:20:00",SMCSF1,0
D,DISPATCH,UNIT_SCADA,1,"2019/09/06 05:20:00",SNOWNTH1,135.50
D,DISPATCH,UNIT_SCADA,1,"2019/09/06 05:20:00",SNOWSTH1,119.600010
D,DISPATCH,UNIT_SCADA,1,"2019/09/06 05:20:00",SNOWTWN1,95.261510
D,DISPATCH,UNIT_SCADA,1,"2019/09/06 05:20:00",SNOWYP,0
D,DISPATCH,UNIT_SCADA,1,"2019/09/06 05:20:00",SNUG1,0.019440
D,DISPATCH,UNIT_SCADA,1,"2019/09/06 05:20:00",SRSF1,0.22
D,DISPATCH,UNIT_SCADA,1,"2019/09/06 05:20:00",STAN-1,255.266490
D,DISPATCH,UNIT_SCADA,1,"2019/09/06 05:20:00",STAN-2,250.434170
D,DISPATCH,UNIT_SCADA,1,"2019/09/06 05:20:00",STAN-3,253.587360
D,DISPATCH,UNIT_SCADA,1,"2019/09/06 05:20:00",STAN-4,252.138950
D,DISPATCH,UNIT_SCADA,1,"2019/09/06 05:20:00",STWF1,0
D,DISPATCH,UNIT_SCADA,1,"2019/09/06 05:20:00",SWAN_E,0
D,DISPATCH,UNIT_SCADA,1,"2019/09/06 05:20:00",TALWA1,191
D,DISPATCH,UNIT_SCADA,1,"2019/09/06 05:20:00",TARALGA1,20.748760
D,DISPATCH,UNIT_SCADA,1,"2019/09/06 05:20:00",TARONG#1,282.50
D,DISPATCH,UNIT_SCADA,1,"2019/09/06 05:20:00",TARONG#2,0
D,DISPATCH,UNIT_SCADA,1,"2019/09/06 05:20:00",TARONG#3,259.800020
D,DISPATCH,UNIT_SCADA,1,"2019/09/06 05:20:00",TARONG#4,275.600010
D,DISPATCH,UNIT_SCADA,1,"2019/09/06 05:20:00",TARRALEA,74.10
D,DISPATCH,UNIT_SCADA,1,"2019/09/06 05:20:00",TBSF1,-0.20
D,DISPATCH,UNIT_SCADA,1,"2019/09/06 05:20:00",TNPS1,398.500030
D,DISPATCH,UNIT_SCADA,1,"2019/09/06 05:20:00",TORRA1,39.551490
D,DISPATCH,UNIT_SCADA,1,"2019/09/06 05:20:00",TORRA2,0
D,DISPATCH,UNIT_SCADA,1,"2019/09/06 05:20:00",TORRA3,0
D,DISPATCH,UNIT_SCADA,1,"2019/09/06 05:20:00",TORRA4,42.628960
D,DISPATCH,UNIT_SCADA,1,"2019/09/06 05:20:00",TORRB1,41.70
D,DISPATCH,UNIT_SCADA,1,"2019/09/06 05:20:00",TORRB2,42.52
D,DISPATCH,UNIT_SCADA,1,"2019/09/06 05:20:00",TORRB3,42.53
D,DISPATCH,UNIT_SCADA,1,"2019/09/06 05:20:00",TORRB4,0
D,DISPATCH,UNIT_SCADA,1,"2019/09/06 05:20:00",TREVALLN,15.800020
D,DISPATCH,UNIT_SCADA,1,"2019/09/06 05:20:00",TRIBUTE,0
D,DISPATCH,UNIT_SCADA,1,"2019/09/06 05:20:00",TUMUT3,0
D,DISPATCH,UNIT_SCADA,1,"2019/09/06 05:20:00",TUNGATIN,2.20
D,DISPATCH,UNIT_SCADA,1,"2019/09/06 05:20:00",TVCC201,0
D,DISPATCH,UNIT_SCADA,1,"2019/09/06 05:20:00",TVPP104,0
D,DISPATCH,UNIT_SCADA,1,"2019/09/06 05:20:00",UPPTUMUT,0
D,DISPATCH,UNIT_SCADA,1,"2019/09/06 05:20:00",URANQ11,0
D,DISPATCH,UNIT_SCADA,1,"2019/09/06 05:20:00",URANQ12,0
D,DISPATCH,UNIT_SCADA,1,"2019/09/06 05:20:00",URANQ13,0
D,DISPATCH,UNIT_SCADA,1,"2019/09/06 05:20:00",URANQ14,0
D,DISPATCH,UNIT_SCADA,1,"2019/09/06 05:20:00",VP5,532.6250
D,DISPATCH,UNIT_SCADA,1,"2019/09/06 05:20:00",VP6,0
D,DISPATCH,UNIT_SCADA,1,"2019/09/06 05:20:00",VPGS1,0
D,DISPATCH,UNIT_SCADA,1,"2019/09/06 05:20:00",VPGS2,0
D,DISPATCH,UNIT_SCADA,1,"2019/09/06 05:20:00",VPGS3,0
D,DISPATCH,UNIT_SCADA,1,"2019/09/06 05:20:00",VPGS4,0
D,DISPATCH,UNIT_SCADA,1,"2019/09/06 05:20:00",VPGS5,0
D,DISPATCH,UNIT_SCADA,1,"2019/09/06 05:20:00",VPGS6,0
D,DISPATCH,UNIT_SCADA,1,"2019/09/06 05:20:00",W/HOE#1,0
D,DISPATCH,UNIT_SCADA,1,"2019/09/06 05:20:00",W/HOE#2,0
D,DISPATCH,UNIT_SCADA,1,"2019/09/06 05:20:00",WATERLWF,106.10
D,DISPATCH,UNIT_SCADA,1,"2019/09/06 05:20:00",WEMENSF1,0
D,DISPATCH,UNIT_SCADA,1,"2019/09/06 05:20:00",WGWF1,108.30
D,DISPATCH,UNIT_SCADA,1,"2019/09/06 05:20:00",WHITSF1,0
D,DISPATCH,UNIT_SCADA,1,"2019/09/06 05:20:00",WKIEWA1,0
D,DISPATCH,UNIT_SCADA,1,"2019/09/06 05:20:00",WKIEWA2,0.10
D,DISPATCH,UNIT_SCADA,1,"2019/09/06 05:20:00",WOODLWN1,20.510990
D,DISPATCH,UNIT_SCADA,1,"2019/09/06 05:20:00",WRSF1,0
D,DISPATCH,UNIT_SCADA,1,"2019/09/06 05:20:00",WRWF1,27.653750
D,DISPATCH,UNIT_SCADA,1,"2019/09/06 05:20:00",YABULU,0
D,DISPATCH,UNIT_SCADA,1,"2019/09/06 05:20:00",YABULU2,0
D,DISPATCH,UNIT_SCADA,1,"2019/09/06 05:20:00",YARWUN_1,166.42
D,DISPATCH,UNIT_SCADA,1,"2019/09/06 05:20:00",YENDWF1,38.84
D,DISPATCH,UNIT_SCADA,1,"2019/09/06 05:20:00",YWPS1,386.9671
D,DISPATCH,UNIT_SCADA,1,"2019/09/06 05:20:00",YWPS2,281.450620
D,DISPATCH,UNIT_SCADA,1,"2019/09/06 05:20:00",YWPS3,332.289890
D,DISPATCH,UNIT_SCADA,1,"2019/09/06 05:20:00",YWPS4,400.883540
C,"END OF REPORT",335
