C,NEMP.WORLD,DISPATCHSCADA,AEMO,PUBLIC,2019/09/05,06:10:08,0000000312411088,DISPATCHSCADA,0000000312411082
I,DISPATCH,UNIT_SCADA,1,SETTLEMENTDATE,DUID,SCADAVALUE
D,DISPATCH,UNIT_SCADA,1,"2019/09/05 06:15:00",BARCSF1,0
D,DISPATCH,UNIT_SCADA,1,"2019/09/05 06:15:00",BUTLERSG,10.199999
D,DISPATCH,UNIT_SCADA,1,"2019/09/05 06:15:00",CALL_A_4,0
D,DISPATCH,UNIT_SCADA,1,"2019/09/05 06:15:00",CAPTL_WF,0
D,DISPATCH,UNIT_SCADA,1,"2019/09/05 06:15:00",CATHROCK,41.419998
D,DISPATCH,UNIT_SCADA,1,"2019/09/05 06:15:00",CHALLHWF,0
D,DISPATCH,UNIT_SCADA,1,"2019/09/05 06:15:00",CLOVER,-0.01
D,DISPATCH,UNIT_SCADA,1,"2019/09/05 06:15:00",CLUNY,17.054245
D,DISPATCH,UNIT_SCADA,1,"2019/09/05 06:15:00",CNUNDAWF,7.508759
D,DISPATCH,UNIT_SCADA,1,"2019/09/05 06:15:00",CULLRGWF,5.70
D,DISPATCH,UNIT_SCADA,1,"2019/09/05 06:15:00",ERGT01,0
D,DISPATCH,UNIT_SCADA,1,"2019/09/05 06:15:00",GB01,0.014114
D,DISPATCH,UNIT_SCADA,1,"2019/09/05 06:15:00",GERMCRK,36.50
D,DISPATCH,UNIT_SCADA,1,"2019/09/05 06:15:00",GRIFSF1,0
D,DISPATCH,UNIT_SCADA,1,"2019/09/05 06:15:00",HUGSF1,-0.19
D,DISPATCH,UNIT_SCADA,1,"2019/09/05 06:15:00",LKBONNY1,13.753642
D,DISPATCH,UNIT_SCADA,1,"2019/09/05 06:15:00",LRSF1,-0.0310
D,DISPATCH,UNIT_SCADA,1,"2019/09/05 06:15:00",MBAHNTH,41.268753
D,DISPATCH,UNIT_SCADA,1,"2019/09/05 06:15:00",MLSP1,0.366001
D,DISPATCH,UNIT_SCADA,1,"2019/09/05 06:15:00",MLWF1,1.77
D,DISPATCH,UNIT_SCADA,1,"2019/09/05 06:15:00",MTMILLAR,28.492781
D,DISPATCH,UNIT_SCADA,1,"2019/09/05 06:15:00",PALOONA,25.08
D,DISPATCH,UNIT_SCADA,1,"2019/09/05 06:15:00",PIONEER,47.700001
D,DISPATCH,UNIT_SCADA,1,"2019/09/05 06:15:00",PORTWF,21.90
D,DISPATCH,UNIT_SCADA,1,"2019/09/05 06:15:00",REPULSE,27.913633
D,DISPATCH,UNIT_SCADA,1,"2019/09/05 06:15:00",ROWALLAN,10.3447
D,DISPATCH,UNIT_SCADA,1,"2019/09/05 06:15:00",ROYALLA1,0
D,DISPATCH,UNIT_SCADA,1,"2019/09/05 06:15:00",RPCG,11
D,DISPATCH,UNIT_SCADA,1,"2019/09/05 06:15:00",RUBICON,0
D,DISPATCH,UNIT_SCADA,1,"2019/09/05 06:15:00",SATGN1,0
D,DISPATCH,UNIT_SCADA,1,"2019/09/05 06:15:00",SATGS1,0
D,DISPATCH,UNIT_SCADA,1,"2019/09/05 06:15:00",STARHLWF,1.399592
D,DISPATCH,UNIT_SCADA,1,"2019/09/05 06:15:00",WAUBRAWF,0.2460
D,DISPATCH,UNIT_SCADA,1,"2019/09/05 06:15:00",WOOLNTH1,-0.729985
D,DISPATCH,UNIT_SCADA,1,"2019/09/05 06:15:00",WPWF,11
D,DISPATCH,UNIT_SCADA,1,"2019/09/05 06:15:00",YAMBUKWF,4.80
D,DISPATCH,UNIT_SCADA,1,"2019/09/05 06:15:00",YSWF1,0.10
D,DISPATCH,UNIT_SCADA,1,"2019/09/05 06:15:00",AGLHAL,0
D,DISPATCH,UNIT_SCADA,1,"2019/09/05 06:15:00",AGLSOM,0
D,DISPATCH,UNIT_SCADA,1,"2019/09/05 06:15:00",ANGAST1,0
D,DISPATCH,UNIT_SCADA,1,"2019/09/05 06:15:00",ARWF1,0.90
D,DISPATCH,UNIT_SCADA,1,"2019/09/05 06:15:00",BALBG1,0
D,DISPATCH,UNIT_SCADA,1,"2019/09/05 06:15:00",BALBL1,0
D,DISPATCH,UNIT_SCADA,1,"2019/09/05 06:15:00",BALDHWF1,0
D,DISPATCH,UNIT_SCADA,1,"2019/09/05 06:15:00",BANN1,0
D,DISPATCH,UNIT_SCADA,1,"2019/09/05 06:15:00",BARCALDN,0
D,DISPATCH,UNIT_SCADA,1,"2019/09/05 06:15:00",BARRON-1,32.40
D,DISPATCH,UNIT_SCADA,1,"2019/09/05 06:15:00",BARRON-2,0
D,DISPATCH,UNIT_SCADA,1,"2019/09/05 06:15:00",BASTYAN,80.070010
D,DISPATCH,UNIT_SCADA,1,"2019/09/05 06:15:00",BBTHREE1,0
D,DISPATCH,UNIT_SCADA,1,"2019/09/05 06:15:00",BBTHREE2,0
D,DISPATCH,UNIT_SCADA,1,"2019/09/05 06:15:00",BBTHREE3,0
D,DISPATCH,UNIT_SCADA,1,"2019/09/05 06:15:00",BDL01,0
D,DISPATCH,UNIT_SCADA,1,"2019/09/05 06:15:00",BDL02,0
D,DISPATCH,UNIT_SCADA,1,"2019/09/05 06:15:00",BERYLSF1,0
D,DISPATCH,UNIT_SCADA,1,"2019/09/05 06:15:00",BLOWERNG,11.10
D,DISPATCH,UNIT_SCADA,1,"2019/09/05 06:15:00",BLUFF1,0
D,DISPATCH,UNIT_SCADA,1,"2019/09/05 06:15:00",BNGSF1,0
D,DISPATCH,UNIT_SCADA,1,"2019/09/05 06:15:00",BNGSF2,0
D,DISPATCH,UNIT_SCADA,1,"2019/09/05 06:15:00",BOCORWF1,10.75
D,DISPATCH,UNIT_SCADA,1,"2019/09/05 06:15:00",BODWF1,6.113090
D,DISPATCH,UNIT_SCADA,1,"2019/09/05 06:15:00",BRAEMAR1,0
D,DISPATCH,UNIT_SCADA,1,"2019/09/05 06:15:00",BRAEMAR2,0
D,DISPATCH,UNIT_SCADA,1,"2019/09/05 06:15:00",BRAEMAR3,0
D,DISPATCH,UNIT_SCADA,1,"2019/09/05 06:15:00",BRAEMAR5,0
D,DISPATCH,UNIT_SCADA,1,"2019/09/05 06:15:00",BRAEMAR6,0
D,DISPATCH,UNIT_SCADA,1,"2019/09/05 06:15:00",BRAEMAR7,0
D,DISPATCH,UNIT_SCADA,1,"2019/09/05 06:15:00",BROKENH1,0
D,DISPATCH,UNIT_SCADA,1,"2019/09/05 06:15:00",BW01,539.6499
D,DISPATCH,UNIT_SCADA,1,"2019/09/05 06:15:00",BW02,656.574950
D,DISPATCH,UNIT_SCADA,1,"2019/09/05 06:15:00",BW03,653.0249
D,DISPATCH,UNIT_SCADA,1,"2019/09/05 06:15:00",BW04,0
D,DISPATCH,UNIT_SCADA,1,"2019/09/05 06:15:00",CALL_B_1,344.50
D,DISPATCH,UNIT_SCADA,1,"2019/09/05 06:15:00",CALL_B_2,338.100010
D,DISPATCH,UNIT_SCADA,1,"2019/09/05 06:15:00",CETHANA,80.042370
D,DISPATCH,UNIT_SCADA,1,"2019/09/05 06:15:00",CG1,0
D,DISPATCH,UNIT_SCADA,1,"2019/09/05 06:15:00",CG2,0
D,DISPATCH,UNIT_SCADA,1,"2019/09/05 06:15:00",CG3,0
D,DISPATCH,UNIT_SCADA,1,"2019/09/05 06:15:00",CG4,0
D,DISPATCH,UNIT_SCADA,1,"2019/09/05 06:15:00",CHILDSF1,0.28
D,DISPATCH,UNIT_SCADA,1,"2019/09/05 06:15:00",CLARESF1,0
D,DISPATCH,UNIT_SCADA,1,"2019/09/05 06:15:00",CLEMGPWF,0.432210
D,DISPATCH,UNIT_SCADA,1,"2019/09/05 06:15:00",CLERMSF1,0
D,DISPATCH,UNIT_SCADA,1,"2019/09/05 06:15:00",COLEASF1,0
D,DISPATCH,UNIT_SCADA,1,"2019/09/05 06:15:00",COOPGWF1,7.297250
D,DISPATCH,UNIT_SCADA,1,"2019/09/05 06:15:00",CPP_3,405.075010
D,DISPATCH,UNIT_SCADA,1,"2019/09/05 06:15:00",CPP_4,406.175020
D,DISPATCH,UNIT_SCADA,1,"2019/09/05 06:15:00",CPSA,142.289380
D,DISPATCH,UNIT_SCADA,1,"2019/09/05 06:15:00",CROOKWF2,12.5250
D,DISPATCH,UNIT_SCADA,1,"2019/09/05 06:15:00",CROWLWF1,0.236360
D,DISPATCH,UNIT_SCADA,1,"2019/09/05 06:15:00",CSPVPS1,0
D,DISPATCH,UNIT_SCADA,1,"2019/09/05 06:15:00",DALNTH01,0
D,DISPATCH,UNIT_SCADA,1,"2019/09/05 06:15:00",DALNTHL1,0.215150
D,DISPATCH,UNIT_SCADA,1,"2019/09/05 06:15:00",DARTM1,133.70
D,DISPATCH,UNIT_SCADA,1,"2019/09/05 06:15:00",DAYDSF1,0
D,DISPATCH,UNIT_SCADA,1,"2019/09/05 06:15:00",DDPS1,386.275540
D,DISPATCH,UNIT_SCADA,1,"2019/09/05 06:15:00",DDSF1,0
D,DISPATCH,UNIT_SCADA,1,"2019/09/05 06:15:00",DEVILS_G,56.322520
D,DISPATCH,UNIT_SCADA,1,"2019/09/05 06:15:00",DG_NSW1,0
D,DISPATCH,UNIT_SCADA,1,"2019/09/05 06:15:00",DG_QLD1,0
D,DISPATCH,UNIT_SCADA,1,"2019/09/05 06:15:00",DG_SA1,0
D,DISPATCH,UNIT_SCADA,1,"2019/09/05 06:15:00",DG_TAS1,0
D,DISPATCH,UNIT_SCADA,1,"2019/09/05 06:15:00",DG_VIC1,0
D,DISPATCH,UNIT_SCADA,1,"2019/09/05 06:15:00",DRYCGT1,0
D,DISPATCH,UNIT_SCADA,1,"2019/09/05 06:15:00",DRYCGT2,0
D,DISPATCH,UNIT_SCADA,1,"2019/09/05 06:15:00",DRYCGT3,0
D,DISPATCH,UNIT_SCADA,1,"2019/09/05 06:15:00",EILDON1,0
D,DISPATCH,UNIT_SCADA,1,"2019/09/05 06:15:00",EILDON2,0
D,DISPATCH,UNIT_SCADA,1,"2019/09/05 06:15:00",EMERASF1,0
D,DISPATCH,UNIT_SCADA,1,"2019/09/05 06:15:00",ER01,577.449950
D,DISPATCH,UNIT_SCADA,1,"2019/09/05 06:15:00",ER02,524.6250
D,DISPATCH,UNIT_SCADA,1,"2019/09/05 06:15:00",ER03,0
D,DISPATCH,UNIT_SCADA,1,"2019/09/05 06:15:00",ER04,684.974980
D,DISPATCH,UNIT_SCADA,1,"2019/09/05 06:15:00",FINLYSF1,0
D,DISPATCH,UNIT_SCADA,1,"2019/09/05 06:15:00",FISHER,45.85
D,DISPATCH,UNIT_SCADA,1,"2019/09/05 06:15:00",GANNBG1,0.522790
D,DISPATCH,UNIT_SCADA,1,"2019/09/05 06:15:00",GANNBL1,0
D,DISPATCH,UNIT_SCADA,1,"2019/09/05 06:15:00",GANNSF1,0
D,DISPATCH,UNIT_SCADA,1,"2019/09/05 06:15:00",GORDON,18.697840
D,DISPATCH,UNIT_SCADA,1,"2019/09/05 06:15:00",GSTONE1,219.274990
D,DISPATCH,UNIT_SCADA,1,"2019/09/05 06:15:00",GSTONE2,220.3250
D,DISPATCH,UNIT_SCADA,1,"2019/09/05 06:15:00",GSTONE3,0
D,DISPATCH,UNIT_SCADA,1,"2019/09/05 06:15:00",GSTONE4,219.099990
D,DISPATCH,UNIT_SCADA,1,"2019/09/05 06:15:00",GSTONE5,218.224990
D,DISPATCH,UNIT_SCADA,1,"2019/09/05 06:15:00",GSTONE6,222.95
D,DISPATCH,UNIT_SCADA,1,"2019/09/05 06:15:00",GULLRSF1,0
D,DISPATCH,UNIT_SCADA,1,"2019/09/05 06:15:00",GULLRWF1,28.558440
D,DISPATCH,UNIT_SCADA,1,"2019/09/05 06:15:00",GUNNING1,3.002820
D,DISPATCH,UNIT_SCADA,1,"2019/09/05 06:15:00",GUTHEGA,31.80
D,DISPATCH,UNIT_SCADA,1,"2019/09/05 06:15:00",HALLWF1,-0.46
D,DISPATCH,UNIT_SCADA,1,"2019/09/05 06:15:00",HALLWF2,-0.30
D,DISPATCH,UNIT_SCADA,1,"2019/09/05 06:15:00",HAMISF1,0
D,DISPATCH,UNIT_SCADA,1,"2019/09/05 06:15:00",HAUGHT11,0
D,DISPATCH,UNIT_SCADA,1,"2019/09/05 06:15:00",HAYMSF1,0
D,DISPATCH,UNIT_SCADA,1,"2019/09/05 06:15:00",HDWF1,2.60
D,DISPATCH,UNIT_SCADA,1,"2019/09/05 06:15:00",HDWF2,0.30
D,DISPATCH,UNIT_SCADA,1,"2019/09/05 06:15:00",HDWF3,-0.30
D,DISPATCH,UNIT_SCADA,1,"2019/09/05 06:15:00",HPRG1,0
D,DISPATCH,UNIT_SCADA,1,"2019/09/05 06:15:00",HPRL1,31.70
D,DISPATCH,UNIT_SCADA,1,"2019/09/05 06:15:00",HUMENSW,0
D,DISPATCH,UNIT_SCADA,1,"2019/09/05 06:15:00",HUMEV,25.10
D,DISPATCH,UNIT_SCADA,1,"2019/09/05 06:15:00",HVGTS,0
D,DISPATCH,UNIT_SCADA,1,"2019/09/05 06:15:00",JBUTTERS,114.45
D,DISPATCH,UNIT_SCADA,1,"2019/09/05 06:15:00",JLA01,0.10
D,DISPATCH,UNIT_SCADA,1,"2019/09/05 06:15:00",JLA02,0
D,DISPATCH,UNIT_SCADA,1,"2019/09/05 06:15:00",JLA03,0
D,DISPATCH,UNIT_SCADA,1,"2019/09/05 06:15:00",JLA04,0
D,DISPATCH,UNIT_SCADA,1,"2019/09/05 06:15:00",JLB01,0
D,DISPATCH,UNIT_SCADA,1,"2019/09/05 06:15:00",JLB02,0.10
D,DISPATCH,UNIT_SCADA,1,"2019/09/05 06:15:00",JLB03,0
D,DISPATCH,UNIT_SCADA,1,"2019/09/05 06:15:00",KAREEYA1,21.45
D,DISPATCH,UNIT_SCADA,1,"2019/09/05 06:15:00",KAREEYA2,21.7550
D,DISPATCH,UNIT_SCADA,1,"2019/09/05 06:15:00",KAREEYA3,0
D,DISPATCH,UNIT_SCADA,1,"2019/09/05 06:15:00",KAREEYA4,21.53
D,DISPATCH,UNIT_SCADA,1,"2019/09/05 06:15:00",KARSF1,0
D,DISPATCH,UNIT_SCADA,1,"2019/09/05 06:15:00",KIATAWF1,14.20
D,DISPATCH,UNIT_SCADA,1,"2019/09/05 06:15:00",KPP_1,0
D,DISPATCH,UNIT_SCADA,1,"2019/09/05 06:15:00",KSP1,0
D,DISPATCH,UNIT_SCADA,1,"2019/09/05 06:15:00",LADBROK1,43.44
D,DISPATCH,UNIT_SCADA,1,"2019/09/05 06:15:00",LADBROK2,43.41
D,DISPATCH,UNIT_SCADA,1,"2019/09/05 06:15:00",LD01,379.2937
D,DISPATCH,UNIT_SCADA,1,"2019/09/05 06:15:00",LD02,379.424990
D,DISPATCH,UNIT_SCADA,1,"2019/09/05 06:15:00",LD03,368.6250
D,DISPATCH,UNIT_SCADA,1,"2019/09/05 06:15:00",LD04,372.543730
D,DISPATCH,UNIT_SCADA,1,"2019/09/05 06:15:00",LEM_WIL,82.1702
D,DISPATCH,UNIT_SCADA,1,"2019/09/05 06:15:00",LGAPWF1,16.54
D,DISPATCH,UNIT_SCADA,1,"2019/09/05 06:15:00",LILYSF1,0
D,DISPATCH,UNIT_SCADA,1,"2019/09/05 06:15:00",LI_WY_CA,154.603960
D,DISPATCH,UNIT_SCADA,1,"2019/09/05 06:15:00",LKBONNY2,28.533740
D,DISPATCH,UNIT_SCADA,1,"2019/09/05 06:15:00",LKBONNY3,11.331870
D,DISPATCH,UNIT_SCADA,1,"2019/09/05 06:15:00",LK_ECHO,0
D,DISPATCH,UNIT_SCADA,1,"2019/09/05 06:15:00",LNGS1,0
D,DISPATCH,UNIT_SCADA,1,"2019/09/05 06:15:00",LNGS2,0
D,DISPATCH,UNIT_SCADA,1,"2019/09/05 06:15:00",LONSDALE,0
D,DISPATCH,UNIT_SCADA,1,"2019/09/05 06:15:00",LOYYB1,535.336730
D,DISPATCH,UNIT_SCADA,1,"2019/09/05 06:15:00",LOYYB2,584.210140
D,DISPATCH,UNIT_SCADA,1,"2019/09/05 06:15:00",LYA1,0
D,DISPATCH,UNIT_SCADA,1,"2019/09/05 06:15:00",LYA2,0
D,DISPATCH,UNIT_SCADA,1,"2019/09/05 06:15:00",LYA3,558
D,DISPATCH,UNIT_SCADA,1,"2019/09/05 06:15:00",LYA4,539
D,DISPATCH,UNIT_SCADA,1,"2019/09/05 06:15:00",MACARTH1,43.998990
D,DISPATCH,UNIT_SCADA,1,"2019/09/05 06:15:00",MACKAYGT,0.2240
D,DISPATCH,UNIT_SCADA,1,"2019/09/05 06:15:00",MACKNTSH,87.98
D,DISPATCH,UNIT_SCADA,1,"2019/09/05 06:15:00",MANSLR1,0
D,DISPATCH,UNIT_SCADA,1,"2019/09/05 06:15:00",MCKAY1,0.02
D,DISPATCH,UNIT_SCADA,1,"2019/09/05 06:15:00",MEADOWBK,31.838120
D,DISPATCH,UNIT_SCADA,1,"2019/09/05 06:15:00",MERCER01,7.1690
D,DISPATCH,UNIT_SCADA,1,"2019/09/05 06:15:00",MEWF1,40.028160
D,DISPATCH,UNIT_SCADA,1,"2019/09/05 06:15:00",MINTARO,0
D,DISPATCH,UNIT_SCADA,1,"2019/09/05 06:15:00",MOREESF1,0
D,DISPATCH,UNIT_SCADA,1,"2019/09/05 06:15:00",MORTLK11,259
D,DISPATCH,UNIT_SCADA,1,"2019/09/05 06:15:00",MORTLK12,0
D,DISPATCH,UNIT_SCADA,1,"2019/09/05 06:15:00",MP1,223.050050
D,DISPATCH,UNIT_SCADA,1,"2019/09/05 06:15:00",MP2,0
D,DISPATCH,UNIT_SCADA,1,"2019/09/05 06:15:00",MPP_1,399.25
D,DISPATCH,UNIT_SCADA,1,"2019/09/05 06:15:00",MPP_2,432
D,DISPATCH,UNIT_SCADA,1,"2019/09/05 06:15:00",MSTUART1,0
D,DISPATCH,UNIT_SCADA,1,"2019/09/05 06:15:00",MSTUART2,0
D,DISPATCH,UNIT_SCADA,1,"2019/09/05 06:15:00",MSTUART3,0
D,DISPATCH,UNIT_SCADA,1,"2019/09/05 06:15:00",MTGELWF1,4.495380
D,DISPATCH,UNIT_SCADA,1,"2019/09/05 06:15:00",MURRAY,0
D,DISPATCH,UNIT_SCADA,1,"2019/09/05 06:15:00",MUSSELR1,17.90
D,DISPATCH,UNIT_SCADA,1,"2019/09/05 06:15:00",MUWAWF1,35.96
D,DISPATCH,UNIT_SCADA,1,"2019/09/05 06:15:00",NBHWF1,2.40
D,DISPATCH,UNIT_SCADA,1,"2019/09/05 06:15:00",NPS,301.50
D,DISPATCH,UNIT_SCADA,1,"2019/09/05 06:15:00",NUMURSF1,0
D,DISPATCH,UNIT_SCADA,1,"2019/09/05 06:15:00",NYNGAN1,0
D,DISPATCH,UNIT_SCADA,1,"2019/09/05 06:15:00",OAKEY1,0
D,DISPATCH,UNIT_SCADA,1,"2019/09/05 06:15:00",OAKEY1SF,0.0880
D,DISPATCH,UNIT_SCADA,1,"2019/09/05 06:15:00",OAKEY2,0
D,DISPATCH,UNIT_SCADA,1,"2019/09/05 06:15:00",OAKEY2SF,0
D,DISPATCH,UNIT_SCADA,1,"2019/09/05 06:15:00",OAKLAND1,1.30
D,DISPATCH,UNIT_SCADA,1,"2019/09/05 06:15:00",OSB-AG,181.17
D,DISPATCH,UNIT_SCADA,1,"2019/09/05 06:15:00",PARSF1,0
D,DISPATCH,UNIT_SCADA,1,"2019/09/05 06:15:00",POAT110,0
D,DISPATCH,UNIT_SCADA,1,"2019/09/05 06:15:00",POAT220,7.49
D,DISPATCH,UNIT_SCADA,1,"2019/09/05 06:15:00",POR01,0
D,DISPATCH,UNIT_SCADA,1,"2019/09/05 06:15:00",POR03,0
D,DISPATCH,UNIT_SCADA,1,"2019/09/05 06:15:00",PPCCGT,475.549320
D,DISPATCH,UNIT_SCADA,1,"2019/09/05 06:15:00",PTSTAN1,0
D,DISPATCH,UNIT_SCADA,1,"2019/09/05 06:15:00",PUMP1,0
D,DISPATCH,UNIT_SCADA,1,"2019/09/05 06:15:00",PUMP2,0
D,DISPATCH,UNIT_SCADA,1,"2019/09/05 06:15:00",QPS1,29.10
D,DISPATCH,UNIT_SCADA,1,"2019/09/05 06:15:00",QPS2,0
D,DISPATCH,UNIT_SCADA,1,"2019/09/05 06:15:00",QPS3,0
D,DISPATCH,UNIT_SCADA,1,"2019/09/05 06:15:00",QPS4,0
D,DISPATCH,UNIT_SCADA,1,"2019/09/05 06:15:00",QPS5,0
D,DISPATCH,UNIT_SCADA,1,"2019/09/05 06:15:00",REECE1,101.580010
D,DISPATCH,UNIT_SCADA,1,"2019/09/05 06:15:00",REECE2,101.140010
D,DISPATCH,UNIT_SCADA,1,"2019/09/05 06:15:00",ROMA_7,0
D,DISPATCH,UNIT_SCADA,1,"2019/09/05 06:15:00",ROMA_8,0
D,DISPATCH,UNIT_SCADA,1,"2019/09/05 06:15:00",RRSF1,0
D,DISPATCH,UNIT_SCADA,1,"2019/09/05 06:15:00",RT_NSW1,0
D,DISPATCH,UNIT_SCADA,1,"2019/09/05 06:15:00",RT_NSW2,0
D,DISPATCH,UNIT_SCADA,1,"2019/09/05 06:15:00",RT_NSW3,0
D,DISPATCH,UNIT_SCADA,1,"2019/09/05 06:15:00",RT_NSW4,0
D,DISPATCH,UNIT_SCADA,1,"2019/09/05 06:15:00",RT_NSW5,0
D,DISPATCH,UNIT_SCADA,1,"2019/09/05 06:15:00",RT_NSW6,0
D,DISPATCH,UNIT_SCADA,1,"2019/09/05 06:15:00",RT_QLD1,0
D,DISPATCH,UNIT_SCADA,1,"2019/09/05 06:15:00",RT_SA1,0
D,DISPATCH,UNIT_SCADA,1,"2019/09/05 06:15:00",RT_SA2,0
D,DISPATCH,UNIT_SCADA,1,"2019/09/05 06:15:00",RT_SA3,0
D,DISPATCH,UNIT_SCADA,1,"2019/09/05 06:15:00",RT_SA4,0
D,DISPATCH,UNIT_SCADA,1,"2019/09/05 06:15:00",RT_SA5,0
D,DISPATCH,UNIT_SCADA,1,"2019/09/05 06:15:00",RT_SA6,0
D,DISPATCH,UNIT_SCADA,1,"2019/09/05 06:15:00",RT_TAS1,0
D,DISPATCH,UNIT_SCADA,1,"2019/09/05 06:15:00",RT_VIC1,0
D,DISPATCH,UNIT_SCADA,1,"2019/09/05 06:15:00",RT_VIC10,0
D,DISPATCH,UNIT_SCADA,1,"2019/09/05 06:15:00",RT_VIC11,0
D,DISPATCH,UNIT_SCADA,1,"2019/09/05 06:15:00",RT_VIC12,0
D,DISPATCH,UNIT_SCADA,1,"2019/09/05 06:15:00",RT_VIC2,0
D,DISPATCH,UNIT_SCADA,1,"2019/09/05 06:15:00",RT_VIC3,0
D,DISPATCH,UNIT_SCADA,1,"2019/09/05 06:15:00",RT_VIC4,0
D,DISPATCH,UNIT_SCADA,1,"2019/09/05 06:15:00",RT_VIC5,0
D,DISPATCH,UNIT_SCADA,1,"2019/09/05 06:15:00",RT_VIC6,0
D,DISPATCH,UNIT_SCADA,1,"2019/09/05 06:15:00",RT_VIC7,0
D,DISPATCH,UNIT_SCADA,1,"2019/09/05 06:15:00",RT_VIC8,0
D,DISPATCH,UNIT_SCADA,1,"2019/09/05 06:15:00",RT_VIC9,0
D,DISPATCH,UNIT_SCADA,1,"2019/09/05 06:15:00",RUGBYR1,0
D,DISPATCH,UNIT_SCADA,1,"2019/09/05 06:15:00",SALTCRK1,8.33
D,DISPATCH,UNIT_SCADA,1,"2019/09/05 06:15:00",SAPHWF1,-1.753110
D,DISPATCH,UNIT_SCADA,1,"2019/09/05 06:15:00",SHGEN,152.501010
D,DISPATCH,UNIT_SCADA,1,"2019/09/05 06:15:00",SHPUMP,0
D,DISPATCH,UNIT_SCADA,1,"2019/09/05 06:15:00",SITHE01,0.1840
D,DISPATCH,UNIT_SCADA,1,"2019/09/05 06:15:00",SMCSF1,0
D,DISPATCH,UNIT_SCADA,1,"2019/09/05 06:15:00",SNOWNTH1,0
D,DISPATCH,UNIT_SCADA,1,"2019/09/05 06:15:00",SNOWSTH1,0
D,DISPATCH,UNIT_SCADA,1,"2019/09/05 06:15:00",SNOWTWN1,-0.498140
D,DISPATCH,UNIT_SCADA,1,"2019/09/05 06:15:00",SNOWYP,0
D,DISPATCH,UNIT_SCADA,1,"2019/09/05 06:15:00",SNUG1,0.019440
D,DISPATCH,UNIT_SCADA,1,"2019/09/05 06:15:00",SRSF1,0
D,DISPATCH,UNIT_SCADA,1,"2019/09/05 06:15:00",STAN-1,292.181760
D,DISPATCH,UNIT_SCADA,1,"2019/09/05 06:15:00",STAN-2,260.419250
D,DISPATCH,UNIT_SCADA,1,"2019/09/05 06:15:00",STAN-3,295.9502
D,DISPATCH,UNIT_SCADA,1,"2019/09/05 06:15:00",STAN-4,277.582280
D,DISPATCH,UNIT_SCADA,1,"2019/09/05 06:15:00",STWF1,0
D,DISPATCH,UNIT_SCADA,1,"2019/09/05 06:15:00",SWAN_E,0
D,DISPATCH,UNIT_SCADA,1,"2019/09/05 06:15:00",TALWA1,418
D,DISPATCH,UNIT_SCADA,1,"2019/09/05 06:15:00",TARALGA1,30.843730
D,DISPATCH,UNIT_SCADA,1,"2019/09/05 06:15:00",TARONG#1,349.600010
D,DISPATCH,UNIT_SCADA,1,"2019/09/05 06:15:00",TARONG#2,0
D,DISPATCH,UNIT_SCADA,1,"2019/09/05 06:15:00",TARONG#3,295
D,DISPATCH,UNIT_SCADA,1,"2019/09/05 06:15:00",TARONG#4,350.800020
D,DISPATCH,UNIT_SCADA,1,"2019/09/05 06:15:00",TARRALEA,71.10
D,DISPATCH,UNIT_SCADA,1,"2019/09/05 06:15:00",TBSF1,-0.20
D,DISPATCH,UNIT_SCADA,1,"2019/09/05 06:15:00",TNPS1,379.600010
D,DISPATCH,UNIT_SCADA,1,"2019/09/05 06:15:00",TORRA1,86.994590
D,DISPATCH,UNIT_SCADA,1,"2019/09/05 06:15:00",TORRA2,0
D,DISPATCH,UNIT_SCADA,1,"2019/09/05 06:15:00",TORRA3,0
D,DISPATCH,UNIT_SCADA,1,"2019/09/05 06:15:00",TORRA4,75.639560
D,DISPATCH,UNIT_SCADA,1,"2019/09/05 06:15:00",TORRB1,129.20
D,DISPATCH,UNIT_SCADA,1,"2019/09/05 06:15:00",TORRB2,144.34
D,DISPATCH,UNIT_SCADA,1,"2019/09/05 06:15:00",TORRB3,144.39
D,DISPATCH,UNIT_SCADA,1,"2019/09/05 06:15:00",TORRB4,0
D,DISPATCH,UNIT_SCADA,1,"2019/09/05 06:15:00",TREVALLN,44.240010
D,DISPATCH,UNIT_SCADA,1,"2019/09/05 06:15:00",TRIBUTE,0
D,DISPATCH,UNIT_SCADA,1,"2019/09/05 06:15:00",TUMUT3,0
D,DISPATCH,UNIT_SCADA,1,"2019/09/05 06:15:00",TUNGATIN,121.530030
D,DISPATCH,UNIT_SCADA,1,"2019/09/05 06:15:00",TVCC201,0
D,DISPATCH,UNIT_SCADA,1,"2019/09/05 06:15:00",TVPP104,0
D,DISPATCH,UNIT_SCADA,1,"2019/09/05 06:15:00",UPPTUMUT,471.401310
D,DISPATCH,UNIT_SCADA,1,"2019/09/05 06:15:00",URANQ11,0
D,DISPATCH,UNIT_SCADA,1,"2019/09/05 06:15:00",URANQ12,0
D,DISPATCH,UNIT_SCADA,1,"2019/09/05 06:15:00",URANQ13,0
D,DISPATCH,UNIT_SCADA,1,"2019/09/05 06:15:00",URANQ14,0
D,DISPATCH,UNIT_SCADA,1,"2019/09/05 06:15:00",VP5,629.700010
D,DISPATCH,UNIT_SCADA,1,"2019/09/05 06:15:00",VP6,0
D,DISPATCH,UNIT_SCADA,1,"2019/09/05 06:15:00",VPGS1,0
D,DISPATCH,UNIT_SCADA,1,"2019/09/05 06:15:00",VPGS2,0
D,DISPATCH,UNIT_SCADA,1,"2019/09/05 06:15:00",VPGS3,0
D,DISPATCH,UNIT_SCADA,1,"2019/09/05 06:15:00",VPGS4,0
D,DISPATCH,UNIT_SCADA,1,"2019/09/05 06:15:00",VPGS5,0
D,DISPATCH,UNIT_SCADA,1,"2019/09/05 06:15:00",VPGS6,0
D,DISPATCH,UNIT_SCADA,1,"2019/09/05 06:15:00",W/HOE#1,0
D,DISPATCH,UNIT_SCADA,1,"2019/09/05 06:15:00",W/HOE#2,0
D,DISPATCH,UNIT_SCADA,1,"2019/09/05 06:15:00",WATERLWF,-0.90
D,DISPATCH,UNIT_SCADA,1,"2019/09/05 06:15:00",WEMENSF1,0
D,DISPATCH,UNIT_SCADA,1,"2019/09/05 06:15:00",WGWF1,0
D,DISPATCH,UNIT_SCADA,1,"2019/09/05 06:15:00",WHITSF1,0
D,DISPATCH,UNIT_SCADA,1,"2019/09/05 06:15:00",WKIEWA1,25.30
D,DISPATCH,UNIT_SCADA,1,"2019/09/05 06:15:00",WKIEWA2,16.80
D,DISPATCH,UNIT_SCADA,1,"2019/09/05 06:15:00",WOODLWN1,4.6890
D,DISPATCH,UNIT_SCADA,1,"2019/09/05 06:15:00",WRSF1,0.11
D,DISPATCH,UNIT_SCADA,1,"2019/09/05 06:15:00",WRWF1,0.216250
D,DISPATCH,UNIT_SCADA,1,"2019/09/05 06:15:00",YABULU,0
D,DISPATCH,UNIT_SCADA,1,"2019/09/05 06:15:00",YABULU2,0
D,DISPATCH,UNIT_SCADA,1,"2019/09/05 06:15:00",YARWUN_1,167.17
D,DISPATCH,UNIT_SCADA,1,"2019/09/05 06:15:00",YENDWF1,1.28
D,DISPATCH,UNIT_SCADA,1,"2019/09/05 06:15:00",YWPS1,383.458220
D,DISPATCH,UNIT_SCADA,1,"2019/09/05 06:15:00",YWPS2,281.9519
D,DISPATCH,UNIT_SCADA,1,"2019/09/05 06:15:00",YWPS3,322.692410
D,DISPATCH,UNIT_SCADA,1,"2019/09/05 06:15:00",YWPS4,387.616460
C,"END OF REPORT",335
