C,NEMP.WORLD,DISPATCHSCADA,AEMO,PUBLIC,2019/09/05,11:25:09,0000000312420027,DISPATCHSCADA,0000000312420021
I,DISPATCH,UNIT_SCADA,1,SETTLEMENTDATE,DUID,SCADAVALUE
D,DISPATCH,UNIT_SCADA,1,"2019/09/05 11:30:00",BARCSF1,0.30
D,DISPATCH,UNIT_SCADA,1,"2019/09/05 11:30:00",BUTLERSG,10.199999
D,DISPATCH,UNIT_SCADA,1,"2019/09/05 11:30:00",CALL_A_4,0
D,DISPATCH,UNIT_SCADA,1,"2019/09/05 11:30:00",CAPTL_WF,0
D,DISPATCH,UNIT_SCADA,1,"2019/09/05 11:30:00",CATHROCK,37.07
D,DISPATCH,UNIT_SCADA,1,"2019/09/05 11:30:00",CHALLHWF,0.60
D,DISPATCH,UNIT_SCADA,1,"2019/09/05 11:30:00",CLOVER,-0.01
D,DISPATCH,UNIT_SCADA,1,"2019/09/05 11:30:00",CLUNY,8.062715
D,DISPATCH,UNIT_SCADA,1,"2019/09/05 11:30:00",CNUNDAWF,22.726513
D,DISPATCH,UNIT_SCADA,1,"2019/09/05 11:30:00",CULLRGWF,1.28
D,DISPATCH,UNIT_SCADA,1,"2019/09/05 11:30:00",ERGT01,0
D,DISPATCH,UNIT_SCADA,1,"2019/09/05 11:30:00",GB01,0.009964
D,DISPATCH,UNIT_SCADA,1,"2019/09/05 11:30:00",GERMCRK,32.50
D,DISPATCH,UNIT_SCADA,1,"2019/09/05 11:30:00",GRIFSF1,24.800003
D,DISPATCH,UNIT_SCADA,1,"2019/09/05 11:30:00",HUGSF1,8.9410
D,DISPATCH,UNIT_SCADA,1,"2019/09/05 11:30:00",LKBONNY1,28.489687
D,DISPATCH,UNIT_SCADA,1,"2019/09/05 11:30:00",LRSF1,13.136001
D,DISPATCH,UNIT_SCADA,1,"2019/09/05 11:30:00",MBAHNTH,43.406250
D,DISPATCH,UNIT_SCADA,1,"2019/09/05 11:30:00",MLSP1,7.545001
D,DISPATCH,UNIT_SCADA,1,"2019/09/05 11:30:00",MLWF1,3.54
D,DISPATCH,UNIT_SCADA,1,"2019/09/05 11:30:00",MTMILLAR,24.087524
D,DISPATCH,UNIT_SCADA,1,"2019/09/05 11:30:00",PALOONA,24.699999
D,DISPATCH,UNIT_SCADA,1,"2019/09/05 11:30:00",PIONEER,14.20
D,DISPATCH,UNIT_SCADA,1,"2019/09/05 11:30:00",PORTWF,39.299999
D,DISPATCH,UNIT_SCADA,1,"2019/09/05 11:30:00",REPULSE,11.734188
D,DISPATCH,UNIT_SCADA,1,"2019/09/05 11:30:00",ROWALLAN,10.3021
D,DISPATCH,UNIT_SCADA,1,"2019/09/05 11:30:00",ROYALLA1,19.858002
D,DISPATCH,UNIT_SCADA,1,"2019/09/05 11:30:00",RPCG,12.20
D,DISPATCH,UNIT_SCADA,1,"2019/09/05 11:30:00",RUBICON,0
D,DISPATCH,UNIT_SCADA,1,"2019/09/05 11:30:00",SATGN1,0
D,DISPATCH,UNIT_SCADA,1,"2019/09/05 11:30:00",SATGS1,0
D,DISPATCH,UNIT_SCADA,1,"2019/09/05 11:30:00",STARHLWF,6.997959
D,DISPATCH,UNIT_SCADA,1,"2019/09/05 11:30:00",WAUBRAWF,29.4790
D,DISPATCH,UNIT_SCADA,1,"2019/09/05 11:30:00",WOOLNTH1,-0.119985
D,DISPATCH,UNIT_SCADA,1,"2019/09/05 11:30:00",WPWF,62
D,DISPATCH,UNIT_SCADA,1,"2019/09/05 11:30:00",YAMBUKWF,2.10
D,DISPATCH,UNIT_SCADA,1,"2019/09/05 11:30:00",YSWF1,0
D,DISPATCH,UNIT_SCADA,1,"2019/09/05 11:30:00",AGLHAL,0
D,DISPATCH,UNIT_SCADA,1,"2019/09/05 11:30:00",AGLSOM,0
D,DISPATCH,UNIT_SCADA,1,"2019/09/05 11:30:00",ANGAST1,0
D,DISPATCH,UNIT_SCADA,1,"2019/09/05 11:30:00",ARWF1,10.80
D,DISPATCH,UNIT_SCADA,1,"2019/09/05 11:30:00",BALBG1,6.24
D,DISPATCH,UNIT_SCADA,1,"2019/09/05 11:30:00",BALBL1,0
D,DISPATCH,UNIT_SCADA,1,"2019/09/05 11:30:00",BALDHWF1,3.6670
D,DISPATCH,UNIT_SCADA,1,"2019/09/05 11:30:00",BANN1,59.98
D,DISPATCH,UNIT_SCADA,1,"2019/09/05 11:30:00",BARCALDN,0
D,DISPATCH,UNIT_SCADA,1,"2019/09/05 11:30:00",BARRON-1,0
D,DISPATCH,UNIT_SCADA,1,"2019/09/05 11:30:00",BARRON-2,0
D,DISPATCH,UNIT_SCADA,1,"2019/09/05 11:30:00",BASTYAN,80.34
D,DISPATCH,UNIT_SCADA,1,"2019/09/05 11:30:00",BBTHREE1,0
D,DISPATCH,UNIT_SCADA,1,"2019/09/05 11:30:00",BBTHREE2,0
D,DISPATCH,UNIT_SCADA,1,"2019/09/05 11:30:00",BBTHREE3,0
D,DISPATCH,UNIT_SCADA,1,"2019/09/05 11:30:00",BDL01,-0.06
D,DISPATCH,UNIT_SCADA,1,"2019/09/05 11:30:00",BDL02,0
D,DISPATCH,UNIT_SCADA,1,"2019/09/05 11:30:00",BERYLSF1,67.5990
D,DISPATCH,UNIT_SCADA,1,"2019/09/05 11:30:00",BLOWERNG,11.20
D,DISPATCH,UNIT_SCADA,1,"2019/09/05 11:30:00",BLUFF1,19.80
D,DISPATCH,UNIT_SCADA,1,"2019/09/05 11:30:00",BNGSF1,107.0340
D,DISPATCH,UNIT_SCADA,1,"2019/09/05 11:30:00",BNGSF2,20.01
D,DISPATCH,UNIT_SCADA,1,"2019/09/05 11:30:00",BOCORWF1,6.47
D,DISPATCH,UNIT_SCADA,1,"2019/09/05 11:30:00",BODWF1,0.876660
D,DISPATCH,UNIT_SCADA,1,"2019/09/05 11:30:00",BRAEMAR1,0
D,DISPATCH,UNIT_SCADA,1,"2019/09/05 11:30:00",BRAEMAR2,0
D,DISPATCH,UNIT_SCADA,1,"2019/09/05 11:30:00",BRAEMAR3,0
D,DISPATCH,UNIT_SCADA,1,"2019/09/05 11:30:00",BRAEMAR5,0
D,DISPATCH,UNIT_SCADA,1,"2019/09/05 11:30:00",BRAEMAR6,0
D,DISPATCH,UNIT_SCADA,1,"2019/09/05 11:30:00",BRAEMAR7,0
D,DISPATCH,UNIT_SCADA,1,"2019/09/05 11:30:00",BROKENH1,52.836430
D,DISPATCH,UNIT_SCADA,1,"2019/09/05 11:30:00",BW01,568.8750
D,DISPATCH,UNIT_SCADA,1,"2019/09/05 11:30:00",BW02,635.175050
D,DISPATCH,UNIT_SCADA,1,"2019/09/05 11:30:00",BW03,638.3750
D,DISPATCH,UNIT_SCADA,1,"2019/09/05 11:30:00",BW04,0
D,DISPATCH,UNIT_SCADA,1,"2019/09/05 11:30:00",CALL_B_1,301.300020
D,DISPATCH,UNIT_SCADA,1,"2019/09/05 11:30:00",CALL_B_2,221.20
D,DISPATCH,UNIT_SCADA,1,"2019/09/05 11:30:00",CETHANA,80.4615
D,DISPATCH,UNIT_SCADA,1,"2019/09/05 11:30:00",CG1,0
D,DISPATCH,UNIT_SCADA,1,"2019/09/05 11:30:00",CG2,0
D,DISPATCH,UNIT_SCADA,1,"2019/09/05 11:30:00",CG3,0
D,DISPATCH,UNIT_SCADA,1,"2019/09/05 11:30:00",CG4,0
D,DISPATCH,UNIT_SCADA,1,"2019/09/05 11:30:00",CHILDSF1,52.62
D,DISPATCH,UNIT_SCADA,1,"2019/09/05 11:30:00",CLARESF1,2.0313
D,DISPATCH,UNIT_SCADA,1,"2019/09/05 11:30:00",CLEMGPWF,26.869060
D,DISPATCH,UNIT_SCADA,1,"2019/09/05 11:30:00",CLERMSF1,0.30
D,DISPATCH,UNIT_SCADA,1,"2019/09/05 11:30:00",COLEASF1,76.600010
D,DISPATCH,UNIT_SCADA,1,"2019/09/05 11:30:00",COOPGWF1,1.907050
D,DISPATCH,UNIT_SCADA,1,"2019/09/05 11:30:00",CPP_3,260.975010
D,DISPATCH,UNIT_SCADA,1,"2019/09/05 11:30:00",CPP_4,180.6750
D,DISPATCH,UNIT_SCADA,1,"2019/09/05 11:30:00",CPSA,74.661870
D,DISPATCH,UNIT_SCADA,1,"2019/09/05 11:30:00",CROOKWF2,10.303760
D,DISPATCH,UNIT_SCADA,1,"2019/09/05 11:30:00",CROWLWF1,2.026690
D,DISPATCH,UNIT_SCADA,1,"2019/09/05 11:30:00",CSPVPS1,0.5590
D,DISPATCH,UNIT_SCADA,1,"2019/09/05 11:30:00",DALNTH01,0
D,DISPATCH,UNIT_SCADA,1,"2019/09/05 11:30:00",DALNTHL1,0.144960
D,DISPATCH,UNIT_SCADA,1,"2019/09/05 11:30:00",DARTM1,0
D,DISPATCH,UNIT_SCADA,1,"2019/09/05 11:30:00",DAYDSF1,0
D,DISPATCH,UNIT_SCADA,1,"2019/09/05 11:30:00",DDPS1,0
D,DISPATCH,UNIT_SCADA,1,"2019/09/05 11:30:00",DDSF1,0
D,DISPATCH,UNIT_SCADA,1,"2019/09/05 11:30:00",DEVILS_G,56.464130
D,DISPATCH,UNIT_SCADA,1,"2019/09/05 11:30:00",DG_NSW1,0
D,DISPATCH,UNIT_SCADA,1,"2019/09/05 11:30:00",DG_QLD1,0
D,DISPATCH,UNIT_SCADA,1,"2019/09/05 11:30:00",DG_SA1,0
D,DISPATCH,UNIT_SCADA,1,"2019/09/05 11:30:00",DG_TAS1,0
D,DISPATCH,UNIT_SCADA,1,"2019/09/05 11:30:00",DG_VIC1,0
D,DISPATCH,UNIT_SCADA,1,"2019/09/05 11:30:00",DRYCGT1,0
D,DISPATCH,UNIT_SCADA,1,"2019/09/05 11:30:00",DRYCGT2,0
D,DISPATCH,UNIT_SCADA,1,"2019/09/05 11:30:00",DRYCGT3,0
D,DISPATCH,UNIT_SCADA,1,"2019/09/05 11:30:00",EILDON1,0
D,DISPATCH,UNIT_SCADA,1,"2019/09/05 11:30:00",EILDON2,0
D,DISPATCH,UNIT_SCADA,1,"2019/09/05 11:30:00",EMERASF1,0.12
D,DISPATCH,UNIT_SCADA,1,"2019/09/05 11:30:00",ER01,565.699950
D,DISPATCH,UNIT_SCADA,1,"2019/09/05 11:30:00",ER02,353.075070
D,DISPATCH,UNIT_SCADA,1,"2019/09/05 11:30:00",ER03,0
D,DISPATCH,UNIT_SCADA,1,"2019/09/05 11:30:00",ER04,672.099980
D,DISPATCH,UNIT_SCADA,1,"2019/09/05 11:30:00",FINLYSF1,12.262510
D,DISPATCH,UNIT_SCADA,1,"2019/09/05 11:30:00",FISHER,45.94
D,DISPATCH,UNIT_SCADA,1,"2019/09/05 11:30:00",GANNBG1,0
D,DISPATCH,UNIT_SCADA,1,"2019/09/05 11:30:00",GANNBL1,12.452540
D,DISPATCH,UNIT_SCADA,1,"2019/09/05 11:30:00",GANNSF1,40
D,DISPATCH,UNIT_SCADA,1,"2019/09/05 11:30:00",GORDON,36.136240
D,DISPATCH,UNIT_SCADA,1,"2019/09/05 11:30:00",GSTONE1,150.50
D,DISPATCH,UNIT_SCADA,1,"2019/09/05 11:30:00",GSTONE2,150.149990
D,DISPATCH,UNIT_SCADA,1,"2019/09/05 11:30:00",GSTONE3,0
D,DISPATCH,UNIT_SCADA,1,"2019/09/05 11:30:00",GSTONE4,150.50
D,DISPATCH,UNIT_SCADA,1,"2019/09/05 11:30:00",GSTONE5,149.80
D,DISPATCH,UNIT_SCADA,1,"2019/09/05 11:30:00",GSTONE6,150.3250
D,DISPATCH,UNIT_SCADA,1,"2019/09/05 11:30:00",GULLRSF1,7.106350
D,DISPATCH,UNIT_SCADA,1,"2019/09/05 11:30:00",GULLRWF1,17.346070
D,DISPATCH,UNIT_SCADA,1,"2019/09/05 11:30:00",GUNNING1,3.106770
D,DISPATCH,UNIT_SCADA,1,"2019/09/05 11:30:00",GUTHEGA,0
D,DISPATCH,UNIT_SCADA,1,"2019/09/05 11:30:00",HALLWF1,48.84
D,DISPATCH,UNIT_SCADA,1,"2019/09/05 11:30:00",HALLWF2,30.10
D,DISPATCH,UNIT_SCADA,1,"2019/09/05 11:30:00",HAMISF1,0
D,DISPATCH,UNIT_SCADA,1,"2019/09/05 11:30:00",HAUGHT11,97.136640
D,DISPATCH,UNIT_SCADA,1,"2019/09/05 11:30:00",HAYMSF1,0
D,DISPATCH,UNIT_SCADA,1,"2019/09/05 11:30:00",HDWF1,42.80
D,DISPATCH,UNIT_SCADA,1,"2019/09/05 11:30:00",HDWF2,34.50
D,DISPATCH,UNIT_SCADA,1,"2019/09/05 11:30:00",HDWF3,42.90
D,DISPATCH,UNIT_SCADA,1,"2019/09/05 11:30:00",HPRG1,0
D,DISPATCH,UNIT_SCADA,1,"2019/09/05 11:30:00",HPRL1,0
D,DISPATCH,UNIT_SCADA,1,"2019/09/05 11:30:00",HUMENSW,0
D,DISPATCH,UNIT_SCADA,1,"2019/09/05 11:30:00",HUMEV,26.50
D,DISPATCH,UNIT_SCADA,1,"2019/09/05 11:30:00",HVGTS,0
D,DISPATCH,UNIT_SCADA,1,"2019/09/05 11:30:00",JBUTTERS,112.02
D,DISPATCH,UNIT_SCADA,1,"2019/09/05 11:30:00",JLA01,0.10
D,DISPATCH,UNIT_SCADA,1,"2019/09/05 11:30:00",JLA02,0
D,DISPATCH,UNIT_SCADA,1,"2019/09/05 11:30:00",JLA03,0
D,DISPATCH,UNIT_SCADA,1,"2019/09/05 11:30:00",JLA04,0
D,DISPATCH,UNIT_SCADA,1,"2019/09/05 11:30:00",JLB01,0
D,DISPATCH,UNIT_SCADA,1,"2019/09/05 11:30:00",JLB02,69.90
D,DISPATCH,UNIT_SCADA,1,"2019/09/05 11:30:00",JLB03,0
D,DISPATCH,UNIT_SCADA,1,"2019/09/05 11:30:00",KAREEYA1,21.4925
D,DISPATCH,UNIT_SCADA,1,"2019/09/05 11:30:00",KAREEYA2,21.6250
D,DISPATCH,UNIT_SCADA,1,"2019/09/05 11:30:00",KAREEYA3,0
D,DISPATCH,UNIT_SCADA,1,"2019/09/05 11:30:00",KAREEYA4,21.5425
D,DISPATCH,UNIT_SCADA,1,"2019/09/05 11:30:00",KARSF1,77.20
D,DISPATCH,UNIT_SCADA,1,"2019/09/05 11:30:00",KIATAWF1,5.10
D,DISPATCH,UNIT_SCADA,1,"2019/09/05 11:30:00",KPP_1,0
D,DISPATCH,UNIT_SCADA,1,"2019/09/05 11:30:00",KSP1,0
D,DISPATCH,UNIT_SCADA,1,"2019/09/05 11:30:00",LADBROK1,0
D,DISPATCH,UNIT_SCADA,1,"2019/09/05 11:30:00",LADBROK2,0
D,DISPATCH,UNIT_SCADA,1,"2019/09/05 11:30:00",LD01,384.131290
D,DISPATCH,UNIT_SCADA,1,"2019/09/05 11:30:00",LD02,380.850040
D,DISPATCH,UNIT_SCADA,1,"2019/09/05 11:30:00",LD03,378.9938
D,DISPATCH,UNIT_SCADA,1,"2019/09/05 11:30:00",LD04,379.950010
D,DISPATCH,UNIT_SCADA,1,"2019/09/05 11:30:00",LEM_WIL,82.327350
D,DISPATCH,UNIT_SCADA,1,"2019/09/05 11:30:00",LGAPWF1,14.40
D,DISPATCH,UNIT_SCADA,1,"2019/09/05 11:30:00",LILYSF1,86.507510
D,DISPATCH,UNIT_SCADA,1,"2019/09/05 11:30:00",LI_WY_CA,115.049220
D,DISPATCH,UNIT_SCADA,1,"2019/09/05 11:30:00",LKBONNY2,46.630530
D,DISPATCH,UNIT_SCADA,1,"2019/09/05 11:30:00",LKBONNY3,10.382890
D,DISPATCH,UNIT_SCADA,1,"2019/09/05 11:30:00",LK_ECHO,0
D,DISPATCH,UNIT_SCADA,1,"2019/09/05 11:30:00",LNGS1,0
D,DISPATCH,UNIT_SCADA,1,"2019/09/05 11:30:00",LNGS2,0
D,DISPATCH,UNIT_SCADA,1,"2019/09/05 11:30:00",LONSDALE,0
D,DISPATCH,UNIT_SCADA,1,"2019/09/05 11:30:00",LOYYB1,536.088620
D,DISPATCH,UNIT_SCADA,1,"2019/09/05 11:30:00",LOYYB2,583.082280
D,DISPATCH,UNIT_SCADA,1,"2019/09/05 11:30:00",LYA1,0
D,DISPATCH,UNIT_SCADA,1,"2019/09/05 11:30:00",LYA2,0
D,DISPATCH,UNIT_SCADA,1,"2019/09/05 11:30:00",LYA3,559
D,DISPATCH,UNIT_SCADA,1,"2019/09/05 11:30:00",LYA4,539
D,DISPATCH,UNIT_SCADA,1,"2019/09/05 11:30:00",MACARTH1,63.798530
D,DISPATCH,UNIT_SCADA,1,"2019/09/05 11:30:00",MACKAYGT,0.2240
D,DISPATCH,UNIT_SCADA,1,"2019/09/05 11:30:00",MACKNTSH,88.010010
D,DISPATCH,UNIT_SCADA,1,"2019/09/05 11:30:00",MANSLR1,36.6710
D,DISPATCH,UNIT_SCADA,1,"2019/09/05 11:30:00",MCKAY1,0.02
D,DISPATCH,UNIT_SCADA,1,"2019/09/05 11:30:00",MEADOWBK,11.889280
D,DISPATCH,UNIT_SCADA,1,"2019/09/05 11:30:00",MERCER01,11.4780
D,DISPATCH,UNIT_SCADA,1,"2019/09/05 11:30:00",MEWF1,52.756480
D,DISPATCH,UNIT_SCADA,1,"2019/09/05 11:30:00",MINTARO,0
D,DISPATCH,UNIT_SCADA,1,"2019/09/05 11:30:00",MOREESF1,48.7380
D,DISPATCH,UNIT_SCADA,1,"2019/09/05 11:30:00",MORTLK11,259
D,DISPATCH,UNIT_SCADA,1,"2019/09/05 11:30:00",MORTLK12,0
D,DISPATCH,UNIT_SCADA,1,"2019/09/05 11:30:00",MP1,240.75
D,DISPATCH,UNIT_SCADA,1,"2019/09/05 11:30:00",MP2,0
D,DISPATCH,UNIT_SCADA,1,"2019/09/05 11:30:00",MPP_1,293
D,DISPATCH,UNIT_SCADA,1,"2019/09/05 11:30:00",MPP_2,300.50
D,DISPATCH,UNIT_SCADA,1,"2019/09/05 11:30:00",MSTUART1,0
D,DISPATCH,UNIT_SCADA,1,"2019/09/05 11:30:00",MSTUART2,0
D,DISPATCH,UNIT_SCADA,1,"2019/09/05 11:30:00",MSTUART3,0
D,DISPATCH,UNIT_SCADA,1,"2019/09/05 11:30:00",MTGELWF1,8.761860
D,DISPATCH,UNIT_SCADA,1,"2019/09/05 11:30:00",MURRAY,0
D,DISPATCH,UNIT_SCADA,1,"2019/09/05 11:30:00",MUSSELR1,-0.30
D,DISPATCH,UNIT_SCADA,1,"2019/09/05 11:30:00",MUWAWF1,8.16
D,DISPATCH,UNIT_SCADA,1,"2019/09/05 11:30:00",NBHWF1,48.30
D,DISPATCH,UNIT_SCADA,1,"2019/09/05 11:30:00",NPS,0
D,DISPATCH,UNIT_SCADA,1,"2019/09/05 11:30:00",NUMURSF1,47.68
D,DISPATCH,UNIT_SCADA,1,"2019/09/05 11:30:00",NYNGAN1,101.25
D,DISPATCH,UNIT_SCADA,1,"2019/09/05 11:30:00",OAKEY1,0
D,DISPATCH,UNIT_SCADA,1,"2019/09/05 11:30:00",OAKEY1SF,21.9760
D,DISPATCH,UNIT_SCADA,1,"2019/09/05 11:30:00",OAKEY2,0
D,DISPATCH,UNIT_SCADA,1,"2019/09/05 11:30:00",OAKEY2SF,0
D,DISPATCH,UNIT_SCADA,1,"2019/09/05 11:30:00",OAKLAND1,13.80
D,DISPATCH,UNIT_SCADA,1,"2019/09/05 11:30:00",OSB-AG,140.710010
D,DISPATCH,UNIT_SCADA,1,"2019/09/05 11:30:00",PARSF1,43.503130
D,DISPATCH,UNIT_SCADA,1,"2019/09/05 11:30:00",POAT110,0
D,DISPATCH,UNIT_SCADA,1,"2019/09/05 11:30:00",POAT220,31.46
D,DISPATCH,UNIT_SCADA,1,"2019/09/05 11:30:00",POR01,0
D,DISPATCH,UNIT_SCADA,1,"2019/09/05 11:30:00",POR03,0
D,DISPATCH,UNIT_SCADA,1,"2019/09/05 11:30:00",PPCCGT,172.209990
D,DISPATCH,UNIT_SCADA,1,"2019/09/05 11:30:00",PTSTAN1,0
D,DISPATCH,UNIT_SCADA,1,"2019/09/05 11:30:00",PUMP1,0
D,DISPATCH,UNIT_SCADA,1,"2019/09/05 11:30:00",PUMP2,0
D,DISPATCH,UNIT_SCADA,1,"2019/09/05 11:30:00",QPS1,0
D,DISPATCH,UNIT_SCADA,1,"2019/09/05 11:30:00",QPS2,0
D,DISPATCH,UNIT_SCADA,1,"2019/09/05 11:30:00",QPS3,0
D,DISPATCH,UNIT_SCADA,1,"2019/09/05 11:30:00",QPS4,0
D,DISPATCH,UNIT_SCADA,1,"2019/09/05 11:30:00",QPS5,0
D,DISPATCH,UNIT_SCADA,1,"2019/09/05 11:30:00",REECE1,102.100010
D,DISPATCH,UNIT_SCADA,1,"2019/09/05 11:30:00",REECE2,101.440010
D,DISPATCH,UNIT_SCADA,1,"2019/09/05 11:30:00",ROMA_7,0
D,DISPATCH,UNIT_SCADA,1,"2019/09/05 11:30:00",ROMA_8,0
D,DISPATCH,UNIT_SCADA,1,"2019/09/05 11:30:00",RRSF1,0
D,DISPATCH,UNIT_SCADA,1,"2019/09/05 11:30:00",RT_NSW1,0
D,DISPATCH,UNIT_SCADA,1,"2019/09/05 11:30:00",RT_NSW2,0
D,DISPATCH,UNIT_SCADA,1,"2019/09/05 11:30:00",RT_NSW3,0
D,DISPATCH,UNIT_SCADA,1,"2019/09/05 11:30:00",RT_NSW4,0
D,DISPATCH,UNIT_SCADA,1,"2019/09/05 11:30:00",RT_NSW5,0
D,DISPATCH,UNIT_SCADA,1,"2019/09/05 11:30:00",RT_NSW6,0
D,DISPATCH,UNIT_SCADA,1,"2019/09/05 11:30:00",RT_QLD1,0
D,DISPATCH,UNIT_SCADA,1,"2019/09/05 11:30:00",RT_SA1,0
D,DISPATCH,UNIT_SCADA,1,"2019/09/05 11:30:00",RT_SA2,0
D,DISPATCH,UNIT_SCADA,1,"2019/09/05 11:30:00",RT_SA3,0
D,DISPATCH,UNIT_SCADA,1,"2019/09/05 11:30:00",RT_SA4,0
D,DISPATCH,UNIT_SCADA,1,"2019/09/05 11:30:00",RT_SA5,0
D,DISPATCH,UNIT_SCADA,1,"2019/09/05 11:30:00",RT_SA6,0
D,DISPATCH,UNIT_SCADA,1,"2019/09/05 11:30:00",RT_TAS1,0
D,DISPATCH,UNIT_SCADA,1,"2019/09/05 11:30:00",RT_VIC1,0
D,DISPATCH,UNIT_SCADA,1,"2019/09/05 11:30:00",RT_VIC10,0
D,DISPATCH,UNIT_SCADA,1,"2019/09/05 11:30:00",RT_VIC11,0
D,DISPATCH,UNIT_SCADA,1,"2019/09/05 11:30:00",RT_VIC12,0
D,DISPATCH,UNIT_SCADA,1,"2019/09/05 11:30:00",RT_VIC2,0
D,DISPATCH,UNIT_SCADA,1,"2019/09/05 11:30:00",RT_VIC3,0
D,DISPATCH,UNIT_SCADA,1,"2019/09/05 11:30:00",RT_VIC4,0
D,DISPATCH,UNIT_SCADA,1,"2019/09/05 11:30:00",RT_VIC5,0
D,DISPATCH,UNIT_SCADA,1,"2019/09/05 11:30:00",RT_VIC6,0
D,DISPATCH,UNIT_SCADA,1,"2019/09/05 11:30:00",RT_VIC7,0
D,DISPATCH,UNIT_SCADA,1,"2019/09/05 11:30:00",RT_VIC8,0
D,DISPATCH,UNIT_SCADA,1,"2019/09/05 11:30:00",RT_VIC9,0
D,DISPATCH,UNIT_SCADA,1,"2019/09/05 11:30:00",RUGBYR1,0
D,DISPATCH,UNIT_SCADA,1,"2019/09/05 11:30:00",SALTCRK1,9.02
D,DISPATCH,UNIT_SCADA,1,"2019/09/05 11:30:00",SAPHWF1,69.5531
D,DISPATCH,UNIT_SCADA,1,"2019/09/05 11:30:00",SHGEN,0
D,DISPATCH,UNIT_SCADA,1,"2019/09/05 11:30:00",SHPUMP,0
D,DISPATCH,UNIT_SCADA,1,"2019/09/05 11:30:00",SITHE01,0.214140
D,DISPATCH,UNIT_SCADA,1,"2019/09/05 11:30:00",SMCSF1,0
D,DISPATCH,UNIT_SCADA,1,"2019/09/05 11:30:00",SNOWNTH1,75.90
D,DISPATCH,UNIT_SCADA,1,"2019/09/05 11:30:00",SNOWSTH1,100.50
D,DISPATCH,UNIT_SCADA,1,"2019/09/05 11:30:00",SNOWTWN1,57.201940
D,DISPATCH,UNIT_SCADA,1,"2019/09/05 11:30:00",SNOWYP,0
D,DISPATCH,UNIT_SCADA,1,"2019/09/05 11:30:00",SNUG1,0.019440
D,DISPATCH,UNIT_SCADA,1,"2019/09/05 11:30:00",SRSF1,1.78
D,DISPATCH,UNIT_SCADA,1,"2019/09/05 11:30:00",STAN-1,364.140870
D,DISPATCH,UNIT_SCADA,1,"2019/09/05 11:30:00",STAN-2,220.491790
D,DISPATCH,UNIT_SCADA,1,"2019/09/05 11:30:00",STAN-3,218.133320
D,DISPATCH,UNIT_SCADA,1,"2019/09/05 11:30:00",STAN-4,219.940630
D,DISPATCH,UNIT_SCADA,1,"2019/09/05 11:30:00",STWF1,0
D,DISPATCH,UNIT_SCADA,1,"2019/09/05 11:30:00",SWAN_E,0
D,DISPATCH,UNIT_SCADA,1,"2019/09/05 11:30:00",TALWA1,299
D,DISPATCH,UNIT_SCADA,1,"2019/09/05 11:30:00",TARALGA1,12.982510
D,DISPATCH,UNIT_SCADA,1,"2019/09/05 11:30:00",TARONG#1,349
D,DISPATCH,UNIT_SCADA,1,"2019/09/05 11:30:00",TARONG#2,0
D,DISPATCH,UNIT_SCADA,1,"2019/09/05 11:30:00",TARONG#3,280.700010
D,DISPATCH,UNIT_SCADA,1,"2019/09/05 11:30:00",TARONG#4,350.800020
D,DISPATCH,UNIT_SCADA,1,"2019/09/05 11:30:00",TARRALEA,71
D,DISPATCH,UNIT_SCADA,1,"2019/09/05 11:30:00",TBSF1,50.50
D,DISPATCH,UNIT_SCADA,1,"2019/09/05 11:30:00",TNPS1,379.300020
D,DISPATCH,UNIT_SCADA,1,"2019/09/05 11:30:00",TORRA1,44.734740
D,DISPATCH,UNIT_SCADA,1,"2019/09/05 11:30:00",TORRA2,0
D,DISPATCH,UNIT_SCADA,1,"2019/09/05 11:30:00",TORRA3,0
D,DISPATCH,UNIT_SCADA,1,"2019/09/05 11:30:00",TORRA4,44.776750
D,DISPATCH,UNIT_SCADA,1,"2019/09/05 11:30:00",TORRB1,40.88
D,DISPATCH,UNIT_SCADA,1,"2019/09/05 11:30:00",TORRB2,41.20
D,DISPATCH,UNIT_SCADA,1,"2019/09/05 11:30:00",TORRB3,41.06
D,DISPATCH,UNIT_SCADA,1,"2019/09/05 11:30:00",TORRB4,0
D,DISPATCH,UNIT_SCADA,1,"2019/09/05 11:30:00",TREVALLN,2.10
D,DISPATCH,UNIT_SCADA,1,"2019/09/05 11:30:00",TRIBUTE,0
D,DISPATCH,UNIT_SCADA,1,"2019/09/05 11:30:00",TUMUT3,0
D,DISPATCH,UNIT_SCADA,1,"2019/09/05 11:30:00",TUNGATIN,120.640030
D,DISPATCH,UNIT_SCADA,1,"2019/09/05 11:30:00",TVCC201,0
D,DISPATCH,UNIT_SCADA,1,"2019/09/05 11:30:00",TVPP104,0
D,DISPATCH,UNIT_SCADA,1,"2019/09/05 11:30:00",UPPTUMUT,205.668730
D,DISPATCH,UNIT_SCADA,1,"2019/09/05 11:30:00",URANQ11,0
D,DISPATCH,UNIT_SCADA,1,"2019/09/05 11:30:00",URANQ12,0
D,DISPATCH,UNIT_SCADA,1,"2019/09/05 11:30:00",URANQ13,0
D,DISPATCH,UNIT_SCADA,1,"2019/09/05 11:30:00",URANQ14,0
D,DISPATCH,UNIT_SCADA,1,"2019/09/05 11:30:00",VP5,511.924990
D,DISPATCH,UNIT_SCADA,1,"2019/09/05 11:30:00",VP6,0
D,DISPATCH,UNIT_SCADA,1,"2019/09/05 11:30:00",VPGS1,0
D,DISPATCH,UNIT_SCADA,1,"2019/09/05 11:30:00",VPGS2,0
D,DISPATCH,UNIT_SCADA,1,"2019/09/05 11:30:00",VPGS3,0
D,DISPATCH,UNIT_SCADA,1,"2019/09/05 11:30:00",VPGS4,0
D,DISPATCH,UNIT_SCADA,1,"2019/09/05 11:30:00",VPGS5,0
D,DISPATCH,UNIT_SCADA,1,"2019/09/05 11:30:00",VPGS6,0
D,DISPATCH,UNIT_SCADA,1,"2019/09/05 11:30:00",W/HOE#1,0
D,DISPATCH,UNIT_SCADA,1,"2019/09/05 11:30:00",W/HOE#2,0
D,DISPATCH,UNIT_SCADA,1,"2019/09/05 11:30:00",WATERLWF,39.90
D,DISPATCH,UNIT_SCADA,1,"2019/09/05 11:30:00",WEMENSF1,37.80
D,DISPATCH,UNIT_SCADA,1,"2019/09/05 11:30:00",WGWF1,47.20
D,DISPATCH,UNIT_SCADA,1,"2019/09/05 11:30:00",WHITSF1,0
D,DISPATCH,UNIT_SCADA,1,"2019/09/05 11:30:00",WKIEWA1,17.10
D,DISPATCH,UNIT_SCADA,1,"2019/09/05 11:30:00",WKIEWA2,0.10
D,DISPATCH,UNIT_SCADA,1,"2019/09/05 11:30:00",WOODLWN1,0
D,DISPATCH,UNIT_SCADA,1,"2019/09/05 11:30:00",WRSF1,19.85
D,DISPATCH,UNIT_SCADA,1,"2019/09/05 11:30:00",WRWF1,92.6375
D,DISPATCH,UNIT_SCADA,1,"2019/09/05 11:30:00",YABULU,0
D,DISPATCH,UNIT_SCADA,1,"2019/09/05 11:30:00",YABULU2,0
D,DISPATCH,UNIT_SCADA,1,"2019/09/05 11:30:00",YARWUN_1,120.36
D,DISPATCH,UNIT_SCADA,1,"2019/09/05 11:30:00",YENDWF1,13.17
D,DISPATCH,UNIT_SCADA,1,"2019/09/05 11:30:00",YWPS1,379.448090
D,DISPATCH,UNIT_SCADA,1,"2019/09/05 11:30:00",YWPS2,281.200010
D,DISPATCH,UNIT_SCADA,1,"2019/09/05 11:30:00",YWPS3,356.283540
D,DISPATCH,UNIT_SCADA,1,"2019/09/05 11:30:00",YWPS4,388.1810
C,"END OF REPORT",335
