C,NEMP.WORLD,DISPATCHSCADA,AEMO,PUBLIC,2019/08/22,01:20:10,0000000311847945,DISPATCHSCADA,0000000311847939
I,DISPATCH,UNIT_SCADA,1,SETTLEMENTDATE,DUID,SCADAVALUE
D,DISPATCH,UNIT_SCADA,1,"2019/08/22 01:25:00",BARCSF1,0.70
D,DISPATCH,UNIT_SCADA,1,"2019/08/22 01:25:00",BUTLERSG,9.699999
D,DISPATCH,UNIT_SCADA,1,"2019/08/22 01:25:00",CALL_A_4,0
D,DISPATCH,UNIT_SCADA,1,"2019/08/22 01:25:00",CAPTL_WF,126.552002
D,DISPATCH,UNIT_SCADA,1,"2019/08/22 01:25:00",CATHROCK,27.049999
D,DISPATCH,UNIT_SCADA,1,"2019/08/22 01:25:00",CHALLHWF,46.800003
D,DISPATCH,UNIT_SCADA,1,"2019/08/22 01:25:00",CLOVER,-0.01
D,DISPATCH,UNIT_SCADA,1,"2019/08/22 01:25:00",CLUNY,19.930876
D,DISPATCH,UNIT_SCADA,1,"2019/08/22 01:25:00",CNUNDAWF,40.847649
D,DISPATCH,UNIT_SCADA,1,"2019/08/22 01:25:00",CULLRGWF,30.459999
D,DISPATCH,UNIT_SCADA,1,"2019/08/22 01:25:00",ERGT01,0
D,DISPATCH,UNIT_SCADA,1,"2019/08/22 01:25:00",GB01,0.069931
D,DISPATCH,UNIT_SCADA,1,"2019/08/22 01:25:00",GERMCRK,39.200001
D,DISPATCH,UNIT_SCADA,1,"2019/08/22 01:25:00",GRIFSF1,0
D,DISPATCH,UNIT_SCADA,1,"2019/08/22 01:25:00",HUGSF1,-0.2430
D,DISPATCH,UNIT_SCADA,1,"2019/08/22 01:25:00",LKBONNY1,68.678902
D,DISPATCH,UNIT_SCADA,1,"2019/08/22 01:25:00",LRSF1,0.0390
D,DISPATCH,UNIT_SCADA,1,"2019/08/22 01:25:00",MBAHNTH,52.893753
D,DISPATCH,UNIT_SCADA,1,"2019/08/22 01:25:00",MLSP1,0.271001
D,DISPATCH,UNIT_SCADA,1,"2019/08/22 01:25:00",MLWF1,19.7250
D,DISPATCH,UNIT_SCADA,1,"2019/08/22 01:25:00",MTMILLAR,14.711473
D,DISPATCH,UNIT_SCADA,1,"2019/08/22 01:25:00",PALOONA,24.959999
D,DISPATCH,UNIT_SCADA,1,"2019/08/22 01:25:00",PIONEER,37.400002
D,DISPATCH,UNIT_SCADA,1,"2019/08/22 01:25:00",PORTWF,137.199997
D,DISPATCH,UNIT_SCADA,1,"2019/08/22 01:25:00",REPULSE,28.986649
D,DISPATCH,UNIT_SCADA,1,"2019/08/22 01:25:00",ROWALLAN,10.3305
D,DISPATCH,UNIT_SCADA,1,"2019/08/22 01:25:00",ROYALLA1,0
D,DISPATCH,UNIT_SCADA,1,"2019/08/22 01:25:00",RPCG,11
D,DISPATCH,UNIT_SCADA,1,"2019/08/22 01:25:00",RUBICON,0
D,DISPATCH,UNIT_SCADA,1,"2019/08/22 01:25:00",SATGN1,0
D,DISPATCH,UNIT_SCADA,1,"2019/08/22 01:25:00",SATGS1,0
D,DISPATCH,UNIT_SCADA,1,"2019/08/22 01:25:00",STARHLWF,19.394344
D,DISPATCH,UNIT_SCADA,1,"2019/08/22 01:25:00",WAUBRAWF,173.6380
D,DISPATCH,UNIT_SCADA,1,"2019/08/22 01:25:00",WOOLNTH1,79.650024
D,DISPATCH,UNIT_SCADA,1,"2019/08/22 01:25:00",WPWF,8
D,DISPATCH,UNIT_SCADA,1,"2019/08/22 01:25:00",YAMBUKWF,28.799999
D,DISPATCH,UNIT_SCADA,1,"2019/08/22 01:25:00",YSWF1,26.60
D,DISPATCH,UNIT_SCADA,1,"2019/08/22 01:25:00",AGLHAL,0
D,DISPATCH,UNIT_SCADA,1,"2019/08/22 01:25:00",AGLSOM,0
D,DISPATCH,UNIT_SCADA,1,"2019/08/22 01:25:00",ANGAST1,0
D,DISPATCH,UNIT_SCADA,1,"2019/08/22 01:25:00",ARWF1,224.100010
D,DISPATCH,UNIT_SCADA,1,"2019/08/22 01:25:00",BALBG1,0
D,DISPATCH,UNIT_SCADA,1,"2019/08/22 01:25:00",BALBL1,0
D,DISPATCH,UNIT_SCADA,1,"2019/08/22 01:25:00",BALDHWF1,101.5190
D,DISPATCH,UNIT_SCADA,1,"2019/08/22 01:25:00",BANN1,0
D,DISPATCH,UNIT_SCADA,1,"2019/08/22 01:25:00",BARCALDN,0
D,DISPATCH,UNIT_SCADA,1,"2019/08/22 01:25:00",BARRON-1,0
D,DISPATCH,UNIT_SCADA,1,"2019/08/22 01:25:00",BARRON-2,25.96
D,DISPATCH,UNIT_SCADA,1,"2019/08/22 01:25:00",BASTYAN,78.58
D,DISPATCH,UNIT_SCADA,1,"2019/08/22 01:25:00",BBTHREE1,-1.99
D,DISPATCH,UNIT_SCADA,1,"2019/08/22 01:25:00",BBTHREE2,-1.96
D,DISPATCH,UNIT_SCADA,1,"2019/08/22 01:25:00",BBTHREE3,-1.07
D,DISPATCH,UNIT_SCADA,1,"2019/08/22 01:25:00",BDL01,0
D,DISPATCH,UNIT_SCADA,1,"2019/08/22 01:25:00",BDL02,0
D,DISPATCH,UNIT_SCADA,1,"2019/08/22 01:25:00",BERYLSF1,0
D,DISPATCH,UNIT_SCADA,1,"2019/08/22 01:25:00",BLOWERNG,0
D,DISPATCH,UNIT_SCADA,1,"2019/08/22 01:25:00",BLUFF1,30
D,DISPATCH,UNIT_SCADA,1,"2019/08/22 01:25:00",BNGSF1,0
D,DISPATCH,UNIT_SCADA,1,"2019/08/22 01:25:00",BNGSF2,0
D,DISPATCH,UNIT_SCADA,1,"2019/08/22 01:25:00",BOCORWF1,82.62
D,DISPATCH,UNIT_SCADA,1,"2019/08/22 01:25:00",BODWF1,100.825150
D,DISPATCH,UNIT_SCADA,1,"2019/08/22 01:25:00",BRAEMAR1,0
D,DISPATCH,UNIT_SCADA,1,"2019/08/22 01:25:00",BRAEMAR2,0
D,DISPATCH,UNIT_SCADA,1,"2019/08/22 01:25:00",BRAEMAR3,0
D,DISPATCH,UNIT_SCADA,1,"2019/08/22 01:25:00",BRAEMAR5,0
D,DISPATCH,UNIT_SCADA,1,"2019/08/22 01:25:00",BRAEMAR6,0
D,DISPATCH,UNIT_SCADA,1,"2019/08/22 01:25:00",BRAEMAR7,0
D,DISPATCH,UNIT_SCADA,1,"2019/08/22 01:25:00",BROKENH1,0
D,DISPATCH,UNIT_SCADA,1,"2019/08/22 01:25:00",BW01,350.75
D,DISPATCH,UNIT_SCADA,1,"2019/08/22 01:25:00",BW02,559.449950
D,DISPATCH,UNIT_SCADA,1,"2019/08/22 01:25:00",BW03,452.3750
D,DISPATCH,UNIT_SCADA,1,"2019/08/22 01:25:00",BW04,0
D,DISPATCH,UNIT_SCADA,1,"2019/08/22 01:25:00",CALL_B_1,350.300020
D,DISPATCH,UNIT_SCADA,1,"2019/08/22 01:25:00",CALL_B_2,299.300020
D,DISPATCH,UNIT_SCADA,1,"2019/08/22 01:25:00",CETHANA,98.962880
D,DISPATCH,UNIT_SCADA,1,"2019/08/22 01:25:00",CG1,0
D,DISPATCH,UNIT_SCADA,1,"2019/08/22 01:25:00",CG2,0
D,DISPATCH,UNIT_SCADA,1,"2019/08/22 01:25:00",CG3,0
D,DISPATCH,UNIT_SCADA,1,"2019/08/22 01:25:00",CG4,0
D,DISPATCH,UNIT_SCADA,1,"2019/08/22 01:25:00",CHILDSF1,0.01
D,DISPATCH,UNIT_SCADA,1,"2019/08/22 01:25:00",CLARESF1,0
D,DISPATCH,UNIT_SCADA,1,"2019/08/22 01:25:00",CLEMGPWF,17.792650
D,DISPATCH,UNIT_SCADA,1,"2019/08/22 01:25:00",CLERMSF1,0
D,DISPATCH,UNIT_SCADA,1,"2019/08/22 01:25:00",COLEASF1,0
D,DISPATCH,UNIT_SCADA,1,"2019/08/22 01:25:00",COOPGWF1,31.8075
D,DISPATCH,UNIT_SCADA,1,"2019/08/22 01:25:00",CPP_3,381.975010
D,DISPATCH,UNIT_SCADA,1,"2019/08/22 01:25:00",CPP_4,379.774990
D,DISPATCH,UNIT_SCADA,1,"2019/08/22 01:25:00",CPSA,142.100620
D,DISPATCH,UNIT_SCADA,1,"2019/08/22 01:25:00",CROOKWF2,71.123750
D,DISPATCH,UNIT_SCADA,1,"2019/08/22 01:25:00",CROWLWF1,49.725440
D,DISPATCH,UNIT_SCADA,1,"2019/08/22 01:25:00",CSPVPS1,0.0430
D,DISPATCH,UNIT_SCADA,1,"2019/08/22 01:25:00",DALNTH01,0
D,DISPATCH,UNIT_SCADA,1,"2019/08/22 01:25:00",DALNTHL1,0.102240
D,DISPATCH,UNIT_SCADA,1,"2019/08/22 01:25:00",DARTM1,0
D,DISPATCH,UNIT_SCADA,1,"2019/08/22 01:25:00",DAYDSF1,0
D,DISPATCH,UNIT_SCADA,1,"2019/08/22 01:25:00",DDPS1,0
D,DISPATCH,UNIT_SCADA,1,"2019/08/22 01:25:00",DDSF1,0
D,DISPATCH,UNIT_SCADA,1,"2019/08/22 01:25:00",DEVILS_G,0
D,DISPATCH,UNIT_SCADA,1,"2019/08/22 01:25:00",DG_NSW1,0
D,DISPATCH,UNIT_SCADA,1,"2019/08/22 01:25:00",DG_QLD1,0
D,DISPATCH,UNIT_SCADA,1,"2019/08/22 01:25:00",DG_SA1,0
D,DISPATCH,UNIT_SCADA,1,"2019/08/22 01:25:00",DG_TAS1,0
D,DISPATCH,UNIT_SCADA,1,"2019/08/22 01:25:00",DG_VIC1,0
D,DISPATCH,UNIT_SCADA,1,"2019/08/22 01:25:00",DRYCGT1,0
D,DISPATCH,UNIT_SCADA,1,"2019/08/22 01:25:00",DRYCGT2,0
D,DISPATCH,UNIT_SCADA,1,"2019/08/22 01:25:00",DRYCGT3,0
D,DISPATCH,UNIT_SCADA,1,"2019/08/22 01:25:00",EILDON1,0
D,DISPATCH,UNIT_SCADA,1,"2019/08/22 01:25:00",EILDON2,0
D,DISPATCH,UNIT_SCADA,1,"2019/08/22 01:25:00",EMERASF1,0
D,DISPATCH,UNIT_SCADA,1,"2019/08/22 01:25:00",ER01,357.8750
D,DISPATCH,UNIT_SCADA,1,"2019/08/22 01:25:00",ER02,426.424930
D,DISPATCH,UNIT_SCADA,1,"2019/08/22 01:25:00",ER03,380.099980
D,DISPATCH,UNIT_SCADA,1,"2019/08/22 01:25:00",ER04,350.3750
D,DISPATCH,UNIT_SCADA,1,"2019/08/22 01:25:00",FINLYSF1,0
D,DISPATCH,UNIT_SCADA,1,"2019/08/22 01:25:00",FISHER,45.94
D,DISPATCH,UNIT_SCADA,1,"2019/08/22 01:25:00",GANNBG1,0
D,DISPATCH,UNIT_SCADA,1,"2019/08/22 01:25:00",GANNBL1,3.4980
D,DISPATCH,UNIT_SCADA,1,"2019/08/22 01:25:00",GANNSF1,0
D,DISPATCH,UNIT_SCADA,1,"2019/08/22 01:25:00",GORDON,11.528720
D,DISPATCH,UNIT_SCADA,1,"2019/08/22 01:25:00",GSTONE1,136.149990
D,DISPATCH,UNIT_SCADA,1,"2019/08/22 01:25:00",GSTONE2,130.20
D,DISPATCH,UNIT_SCADA,1,"2019/08/22 01:25:00",GSTONE3,136.3250
D,DISPATCH,UNIT_SCADA,1,"2019/08/22 01:25:00",GSTONE4,136.50
D,DISPATCH,UNIT_SCADA,1,"2019/08/22 01:25:00",GSTONE5,136.50
D,DISPATCH,UNIT_SCADA,1,"2019/08/22 01:25:00",GSTONE6,0
D,DISPATCH,UNIT_SCADA,1,"2019/08/22 01:25:00",GULLRSF1,0
D,DISPATCH,UNIT_SCADA,1,"2019/08/22 01:25:00",GULLRWF1,158.960940
D,DISPATCH,UNIT_SCADA,1,"2019/08/22 01:25:00",GUNNING1,46.4643
D,DISPATCH,UNIT_SCADA,1,"2019/08/22 01:25:00",GUTHEGA,0
D,DISPATCH,UNIT_SCADA,1,"2019/08/22 01:25:00",HALLWF1,68.33
D,DISPATCH,UNIT_SCADA,1,"2019/08/22 01:25:00",HALLWF2,48.90
D,DISPATCH,UNIT_SCADA,1,"2019/08/22 01:25:00",HAMISF1,0
D,DISPATCH,UNIT_SCADA,1,"2019/08/22 01:25:00",HAUGHT11,0
D,DISPATCH,UNIT_SCADA,1,"2019/08/22 01:25:00",HAYMSF1,0
D,DISPATCH,UNIT_SCADA,1,"2019/08/22 01:25:00",HDWF1,54.20
D,DISPATCH,UNIT_SCADA,1,"2019/08/22 01:25:00",HDWF2,43.20
D,DISPATCH,UNIT_SCADA,1,"2019/08/22 01:25:00",HDWF3,51.30
D,DISPATCH,UNIT_SCADA,1,"2019/08/22 01:25:00",HPRG1,13.40
D,DISPATCH,UNIT_SCADA,1,"2019/08/22 01:25:00",HPRL1,0
D,DISPATCH,UNIT_SCADA,1,"2019/08/22 01:25:00",HUMENSW,0
D,DISPATCH,UNIT_SCADA,1,"2019/08/22 01:25:00",HUMEV,10.90
D,DISPATCH,UNIT_SCADA,1,"2019/08/22 01:25:00",HVGTS,0
D,DISPATCH,UNIT_SCADA,1,"2019/08/22 01:25:00",JBUTTERS,139.539990
D,DISPATCH,UNIT_SCADA,1,"2019/08/22 01:25:00",JLA01,0.50
D,DISPATCH,UNIT_SCADA,1,"2019/08/22 01:25:00",JLA02,0
D,DISPATCH,UNIT_SCADA,1,"2019/08/22 01:25:00",JLA03,0.10
D,DISPATCH,UNIT_SCADA,1,"2019/08/22 01:25:00",JLA04,0.10
D,DISPATCH,UNIT_SCADA,1,"2019/08/22 01:25:00",JLB01,0
D,DISPATCH,UNIT_SCADA,1,"2019/08/22 01:25:00",JLB02,0.10
D,DISPATCH,UNIT_SCADA,1,"2019/08/22 01:25:00",JLB03,0
D,DISPATCH,UNIT_SCADA,1,"2019/08/22 01:25:00",KAREEYA1,21.50
D,DISPATCH,UNIT_SCADA,1,"2019/08/22 01:25:00",KAREEYA2,21.7725
D,DISPATCH,UNIT_SCADA,1,"2019/08/22 01:25:00",KAREEYA3,0
D,DISPATCH,UNIT_SCADA,1,"2019/08/22 01:25:00",KAREEYA4,21.7225
D,DISPATCH,UNIT_SCADA,1,"2019/08/22 01:25:00",KARSF1,0
D,DISPATCH,UNIT_SCADA,1,"2019/08/22 01:25:00",KIATAWF1,30.80
D,DISPATCH,UNIT_SCADA,1,"2019/08/22 01:25:00",KPP_1,0
D,DISPATCH,UNIT_SCADA,1,"2019/08/22 01:25:00",KSP1,0
D,DISPATCH,UNIT_SCADA,1,"2019/08/22 01:25:00",LADBROK1,0
D,DISPATCH,UNIT_SCADA,1,"2019/08/22 01:25:00",LADBROK2,0
D,DISPATCH,UNIT_SCADA,1,"2019/08/22 01:25:00",LD01,376.218750
D,DISPATCH,UNIT_SCADA,1,"2019/08/22 01:25:00",LD02,380.868710
D,DISPATCH,UNIT_SCADA,1,"2019/08/22 01:25:00",LD03,381.450070
D,DISPATCH,UNIT_SCADA,1,"2019/08/22 01:25:00",LD04,379.50
D,DISPATCH,UNIT_SCADA,1,"2019/08/22 01:25:00",LEM_WIL,86.1802
D,DISPATCH,UNIT_SCADA,1,"2019/08/22 01:25:00",LGAPWF1,26.27
D,DISPATCH,UNIT_SCADA,1,"2019/08/22 01:25:00",LILYSF1,0
D,DISPATCH,UNIT_SCADA,1,"2019/08/22 01:25:00",LI_WY_CA,148.632490
D,DISPATCH,UNIT_SCADA,1,"2019/08/22 01:25:00",LKBONNY2,149.5144
D,DISPATCH,UNIT_SCADA,1,"2019/08/22 01:25:00",LKBONNY3,33.660680
D,DISPATCH,UNIT_SCADA,1,"2019/08/22 01:25:00",LK_ECHO,0
D,DISPATCH,UNIT_SCADA,1,"2019/08/22 01:25:00",LNGS1,0
D,DISPATCH,UNIT_SCADA,1,"2019/08/22 01:25:00",LNGS2,0
D,DISPATCH,UNIT_SCADA,1,"2019/08/22 01:25:00",LONSDALE,0
D,DISPATCH,UNIT_SCADA,1,"2019/08/22 01:25:00",LOYYB1,535.712650
D,DISPATCH,UNIT_SCADA,1,"2019/08/22 01:25:00",LOYYB2,581.202510
D,DISPATCH,UNIT_SCADA,1,"2019/08/22 01:25:00",LYA1,560
D,DISPATCH,UNIT_SCADA,1,"2019/08/22 01:25:00",LYA2,0
D,DISPATCH,UNIT_SCADA,1,"2019/08/22 01:25:00",LYA3,560
D,DISPATCH,UNIT_SCADA,1,"2019/08/22 01:25:00",LYA4,530
D,DISPATCH,UNIT_SCADA,1,"2019/08/22 01:25:00",MACARTH1,375.091340
D,DISPATCH,UNIT_SCADA,1,"2019/08/22 01:25:00",MACKAYGT,0
D,DISPATCH,UNIT_SCADA,1,"2019/08/22 01:25:00",MACKNTSH,85.560010
D,DISPATCH,UNIT_SCADA,1,"2019/08/22 01:25:00",MANSLR1,0
D,DISPATCH,UNIT_SCADA,1,"2019/08/22 01:25:00",MCKAY1,0.02
D,DISPATCH,UNIT_SCADA,1,"2019/08/22 01:25:00",MEADOWBK,33.895880
D,DISPATCH,UNIT_SCADA,1,"2019/08/22 01:25:00",MERCER01,121.9010
D,DISPATCH,UNIT_SCADA,1,"2019/08/22 01:25:00",MEWF1,73.986050
D,DISPATCH,UNIT_SCADA,1,"2019/08/22 01:25:00",MINTARO,0
D,DISPATCH,UNIT_SCADA,1,"2019/08/22 01:25:00",MOREESF1,0
D,DISPATCH,UNIT_SCADA,1,"2019/08/22 01:25:00",MORTLK11,0
D,DISPATCH,UNIT_SCADA,1,"2019/08/22 01:25:00",MORTLK12,0
D,DISPATCH,UNIT_SCADA,1,"2019/08/22 01:25:00",MP1,277.974980
D,DISPATCH,UNIT_SCADA,1,"2019/08/22 01:25:00",MP2,0
D,DISPATCH,UNIT_SCADA,1,"2019/08/22 01:25:00",MPP_1,409
D,DISPATCH,UNIT_SCADA,1,"2019/08/22 01:25:00",MPP_2,409.75
D,DISPATCH,UNIT_SCADA,1,"2019/08/22 01:25:00",MSTUART1,0
D,DISPATCH,UNIT_SCADA,1,"2019/08/22 01:25:00",MSTUART2,0
D,DISPATCH,UNIT_SCADA,1,"2019/08/22 01:25:00",MSTUART3,0
D,DISPATCH,UNIT_SCADA,1,"2019/08/22 01:25:00",MTGELWF1,64.564960
D,DISPATCH,UNIT_SCADA,1,"2019/08/22 01:25:00",MURRAY,0
D,DISPATCH,UNIT_SCADA,1,"2019/08/22 01:25:00",MUSSELR1,154.899990
D,DISPATCH,UNIT_SCADA,1,"2019/08/22 01:25:00",MUWAWF1,74
D,DISPATCH,UNIT_SCADA,1,"2019/08/22 01:25:00",NBHWF1,63.30
D,DISPATCH,UNIT_SCADA,1,"2019/08/22 01:25:00",NPS,0
D,DISPATCH,UNIT_SCADA,1,"2019/08/22 01:25:00",NUMURSF1,0
D,DISPATCH,UNIT_SCADA,1,"2019/08/22 01:25:00",NYNGAN1,0
D,DISPATCH,UNIT_SCADA,1,"2019/08/22 01:25:00",OAKEY1,0
D,DISPATCH,UNIT_SCADA,1,"2019/08/22 01:25:00",OAKEY1SF,0
D,DISPATCH,UNIT_SCADA,1,"2019/08/22 01:25:00",OAKEY2,0
D,DISPATCH,UNIT_SCADA,1,"2019/08/22 01:25:00",OAKLAND1,62.20
D,DISPATCH,UNIT_SCADA,1,"2019/08/22 01:25:00",OSB-AG,0
D,DISPATCH,UNIT_SCADA,1,"2019/08/22 01:25:00",PARSF1,0
D,DISPATCH,UNIT_SCADA,1,"2019/08/22 01:25:00",POAT110,0
D,DISPATCH,UNIT_SCADA,1,"2019/08/22 01:25:00",POAT220,1.26
D,DISPATCH,UNIT_SCADA,1,"2019/08/22 01:25:00",POR01,0
D,DISPATCH,UNIT_SCADA,1,"2019/08/22 01:25:00",POR03,0
D,DISPATCH,UNIT_SCADA,1,"2019/08/22 01:25:00",PPCCGT,174.223310
D,DISPATCH,UNIT_SCADA,1,"2019/08/22 01:25:00",PTSTAN1,0
D,DISPATCH,UNIT_SCADA,1,"2019/08/22 01:25:00",PUMP1,0
D,DISPATCH,UNIT_SCADA,1,"2019/08/22 01:25:00",PUMP2,0
D,DISPATCH,UNIT_SCADA,1,"2019/08/22 01:25:00",QPS1,0
D,DISPATCH,UNIT_SCADA,1,"2019/08/22 01:25:00",QPS2,0
D,DISPATCH,UNIT_SCADA,1,"2019/08/22 01:25:00",QPS3,0
D,DISPATCH,UNIT_SCADA,1,"2019/08/22 01:25:00",QPS4,0
D,DISPATCH,UNIT_SCADA,1,"2019/08/22 01:25:00",QPS5,0
D,DISPATCH,UNIT_SCADA,1,"2019/08/22 01:25:00",REECE1,119.730010
D,DISPATCH,UNIT_SCADA,1,"2019/08/22 01:25:00",REECE2,118.780010
D,DISPATCH,UNIT_SCADA,1,"2019/08/22 01:25:00",ROMA_7,0
D,DISPATCH,UNIT_SCADA,1,"2019/08/22 01:25:00",ROMA_8,0
D,DISPATCH,UNIT_SCADA,1,"2019/08/22 01:25:00",RRSF1,0
D,DISPATCH,UNIT_SCADA,1,"2019/08/22 01:25:00",RT_NSW1,0
D,DISPATCH,UNIT_SCADA,1,"2019/08/22 01:25:00",RT_NSW2,0
D,DISPATCH,UNIT_SCADA,1,"2019/08/22 01:25:00",RT_NSW3,0
D,DISPATCH,UNIT_SCADA,1,"2019/08/22 01:25:00",RT_NSW4,0
D,DISPATCH,UNIT_SCADA,1,"2019/08/22 01:25:00",RT_NSW5,0
D,DISPATCH,UNIT_SCADA,1,"2019/08/22 01:25:00",RT_NSW6,0
D,DISPATCH,UNIT_SCADA,1,"2019/08/22 01:25:00",RT_QLD1,0
D,DISPATCH,UNIT_SCADA,1,"2019/08/22 01:25:00",RT_SA1,0
D,DISPATCH,UNIT_SCADA,1,"2019/08/22 01:25:00",RT_SA2,0
D,DISPATCH,UNIT_SCADA,1,"2019/08/22 01:25:00",RT_SA3,0
D,DISPATCH,UNIT_SCADA,1,"2019/08/22 01:25:00",RT_SA4,0
D,DISPATCH,UNIT_SCADA,1,"2019/08/22 01:25:00",RT_SA5,0
D,DISPATCH,UNIT_SCADA,1,"2019/08/22 01:25:00",RT_SA6,0
D,DISPATCH,UNIT_SCADA,1,"2019/08/22 01:25:00",RT_TAS1,0
D,DISPATCH,UNIT_SCADA,1,"2019/08/22 01:25:00",RT_VIC1,0
D,DISPATCH,UNIT_SCADA,1,"2019/08/22 01:25:00",RT_VIC10,0
D,DISPATCH,UNIT_SCADA,1,"2019/08/22 01:25:00",RT_VIC11,0
D,DISPATCH,UNIT_SCADA,1,"2019/08/22 01:25:00",RT_VIC12,0
D,DISPATCH,UNIT_SCADA,1,"2019/08/22 01:25:00",RT_VIC2,0
D,DISPATCH,UNIT_SCADA,1,"2019/08/22 01:25:00",RT_VIC3,0
D,DISPATCH,UNIT_SCADA,1,"2019/08/22 01:25:00",RT_VIC4,0
D,DISPATCH,UNIT_SCADA,1,"2019/08/22 01:25:00",RT_VIC5,0
D,DISPATCH,UNIT_SCADA,1,"2019/08/22 01:25:00",RT_VIC6,0
D,DISPATCH,UNIT_SCADA,1,"2019/08/22 01:25:00",RT_VIC7,0
D,DISPATCH,UNIT_SCADA,1,"2019/08/22 01:25:00",RT_VIC8,0
D,DISPATCH,UNIT_SCADA,1,"2019/08/22 01:25:00",RT_VIC9,0
D,DISPATCH,UNIT_SCADA,1,"2019/08/22 01:25:00",RUGBYR1,0
D,DISPATCH,UNIT_SCADA,1,"2019/08/22 01:25:00",SALTCRK1,52.58
D,DISPATCH,UNIT_SCADA,1,"2019/08/22 01:25:00",SAPHWF1,206.015630
D,DISPATCH,UNIT_SCADA,1,"2019/08/22 01:25:00",SHGEN,0
D,DISPATCH,UNIT_SCADA,1,"2019/08/22 01:25:00",SHPUMP,122.670320
D,DISPATCH,UNIT_SCADA,1,"2019/08/22 01:25:00",SITHE01,0.153860
D,DISPATCH,UNIT_SCADA,1,"2019/08/22 01:25:00",SMCSF1,0
D,DISPATCH,UNIT_SCADA,1,"2019/08/22 01:25:00",SNOWNTH1,80.90
D,DISPATCH,UNIT_SCADA,1,"2019/08/22 01:25:00",SNOWSTH1,66.10
D,DISPATCH,UNIT_SCADA,1,"2019/08/22 01:25:00",SNOWTWN1,54.597820
D,DISPATCH,UNIT_SCADA,1,"2019/08/22 01:25:00",SNOWYP,191.80
D,DISPATCH,UNIT_SCADA,1,"2019/08/22 01:25:00",SNUG1,0.019440
D,DISPATCH,UNIT_SCADA,1,"2019/08/22 01:25:00",SRSF1,0.44
D,DISPATCH,UNIT_SCADA,1,"2019/08/22 01:25:00",STAN-1,0
D,DISPATCH,UNIT_SCADA,1,"2019/08/22 01:25:00",STAN-2,181.641040
D,DISPATCH,UNIT_SCADA,1,"2019/08/22 01:25:00",STAN-3,221.927380
D,DISPATCH,UNIT_SCADA,1,"2019/08/22 01:25:00",STAN-4,191.049320
D,DISPATCH,UNIT_SCADA,1,"2019/08/22 01:25:00",STWF1,165.903750
D,DISPATCH,UNIT_SCADA,1,"2019/08/22 01:25:00",SWAN_E,0
D,DISPATCH,UNIT_SCADA,1,"2019/08/22 01:25:00",TALWA1,190
D,DISPATCH,UNIT_SCADA,1,"2019/08/22 01:25:00",TARALGA1,83.707520
D,DISPATCH,UNIT_SCADA,1,"2019/08/22 01:25:00",TARONG#1,282.50
D,DISPATCH,UNIT_SCADA,1,"2019/08/22 01:25:00",TARONG#2,224.50
D,DISPATCH,UNIT_SCADA,1,"2019/08/22 01:25:00",TARONG#3,261
D,DISPATCH,UNIT_SCADA,1,"2019/08/22 01:25:00",TARONG#4,280.50
D,DISPATCH,UNIT_SCADA,1,"2019/08/22 01:25:00",TARRALEA,84
D,DISPATCH,UNIT_SCADA,1,"2019/08/22 01:25:00",TBSF1,-0.20
D,DISPATCH,UNIT_SCADA,1,"2019/08/22 01:25:00",TNPS1,399.400020
D,DISPATCH,UNIT_SCADA,1,"2019/08/22 01:25:00",TORRA1,42.8669
D,DISPATCH,UNIT_SCADA,1,"2019/08/22 01:25:00",TORRA2,0
D,DISPATCH,UNIT_SCADA,1,"2019/08/22 01:25:00",TORRA3,0
D,DISPATCH,UNIT_SCADA,1,"2019/08/22 01:25:00",TORRA4,0
D,DISPATCH,UNIT_SCADA,1,"2019/08/22 01:25:00",TORRB1,39.07
D,DISPATCH,UNIT_SCADA,1,"2019/08/22 01:25:00",TORRB2,38.63
D,DISPATCH,UNIT_SCADA,1,"2019/08/22 01:25:00",TORRB3,0
D,DISPATCH,UNIT_SCADA,1,"2019/08/22 01:25:00",TORRB4,0
D,DISPATCH,UNIT_SCADA,1,"2019/08/22 01:25:00",TREVALLN,0.90
D,DISPATCH,UNIT_SCADA,1,"2019/08/22 01:25:00",TRIBUTE,84.57
D,DISPATCH,UNIT_SCADA,1,"2019/08/22 01:25:00",TUMUT3,0
D,DISPATCH,UNIT_SCADA,1,"2019/08/22 01:25:00",TUNGATIN,12.80
D,DISPATCH,UNIT_SCADA,1,"2019/08/22 01:25:00",TVCC201,0
D,DISPATCH,UNIT_SCADA,1,"2019/08/22 01:25:00",TVPP104,0
D,DISPATCH,UNIT_SCADA,1,"2019/08/22 01:25:00",UPPTUMUT,0
D,DISPATCH,UNIT_SCADA,1,"2019/08/22 01:25:00",URANQ11,0
D,DISPATCH,UNIT_SCADA,1,"2019/08/22 01:25:00",URANQ12,0
D,DISPATCH,UNIT_SCADA,1,"2019/08/22 01:25:00",URANQ13,0
D,DISPATCH,UNIT_SCADA,1,"2019/08/22 01:25:00",URANQ14,0
D,DISPATCH,UNIT_SCADA,1,"2019/08/22 01:25:00",VP5,348.200010
D,DISPATCH,UNIT_SCADA,1,"2019/08/22 01:25:00",VP6,357.174990
D,DISPATCH,UNIT_SCADA,1,"2019/08/22 01:25:00",VPGS1,0
D,DISPATCH,UNIT_SCADA,1,"2019/08/22 01:25:00",VPGS2,0
D,DISPATCH,UNIT_SCADA,1,"2019/08/22 01:25:00",VPGS3,0
D,DISPATCH,UNIT_SCADA,1,"2019/08/22 01:25:00",VPGS4,0
D,DISPATCH,UNIT_SCADA,1,"2019/08/22 01:25:00",VPGS5,0
D,DISPATCH,UNIT_SCADA,1,"2019/08/22 01:25:00",VPGS6,0
D,DISPATCH,UNIT_SCADA,1,"2019/08/22 01:25:00",W/HOE#1,0
D,DISPATCH,UNIT_SCADA,1,"2019/08/22 01:25:00",W/HOE#2,0
D,DISPATCH,UNIT_SCADA,1,"2019/08/22 01:25:00",WATERLWF,110.20
D,DISPATCH,UNIT_SCADA,1,"2019/08/22 01:25:00",WEMENSF1,0
D,DISPATCH,UNIT_SCADA,1,"2019/08/22 01:25:00",WGWF1,71.80
D,DISPATCH,UNIT_SCADA,1,"2019/08/22 01:25:00",WHITSF1,0
D,DISPATCH,UNIT_SCADA,1,"2019/08/22 01:25:00",WKIEWA1,29.90
D,DISPATCH,UNIT_SCADA,1,"2019/08/22 01:25:00",WKIEWA2,30
D,DISPATCH,UNIT_SCADA,1,"2019/08/22 01:25:00",WOODLWN1,45.0450
D,DISPATCH,UNIT_SCADA,1,"2019/08/22 01:25:00",WRSF1,0
D,DISPATCH,UNIT_SCADA,1,"2019/08/22 01:25:00",WRWF1,156.248750
D,DISPATCH,UNIT_SCADA,1,"2019/08/22 01:25:00",YABULU,0
D,DISPATCH,UNIT_SCADA,1,"2019/08/22 01:25:00",YABULU2,0
D,DISPATCH,UNIT_SCADA,1,"2019/08/22 01:25:00",YARWUN_1,113.189990
D,DISPATCH,UNIT_SCADA,1,"2019/08/22 01:25:00",YENDWF1,41.79
D,DISPATCH,UNIT_SCADA,1,"2019/08/22 01:25:00",YWPS1,309.020260
D,DISPATCH,UNIT_SCADA,1,"2019/08/22 01:25:00",YWPS2,277.440520
D,DISPATCH,UNIT_SCADA,1,"2019/08/22 01:25:00",YWPS3,0
D,DISPATCH,UNIT_SCADA,1,"2019/08/22 01:25:00",YWPS4,393.826570
C,"END OF REPORT",334
