C,NEMP.WORLD,DISPATCHSCADA,AEMO,PUBLIC,2019/08/22,10:30:09,0000000311863172,DISPATCHSCADA,0000000311863166
I,DISPATCH,UNIT_SCADA,1,SETTLEMENTDATE,DUID,SCADAVALUE
D,DISPATCH,UNIT_SCADA,1,"2019/08/22 10:35:00",BARCSF1,18
D,DISPATCH,UNIT_SCADA,1,"2019/08/22 10:35:00",BUTLERSG,9.699999
D,DISPATCH,UNIT_SCADA,1,"2019/08/22 10:35:00",CALL_A_4,0
D,DISPATCH,UNIT_SCADA,1,"2019/08/22 10:35:00",CAPTL_WF,45.552002
D,DISPATCH,UNIT_SCADA,1,"2019/08/22 10:35:00",CATHROCK,0
D,DISPATCH,UNIT_SCADA,1,"2019/08/22 10:35:00",CHALLHWF,36.50
D,DISPATCH,UNIT_SCADA,1,"2019/08/22 10:35:00",CLOVER,-0.01
D,DISPATCH,UNIT_SCADA,1,"2019/08/22 10:35:00",CLUNY,19.911650
D,DISPATCH,UNIT_SCADA,1,"2019/08/22 10:35:00",CNUNDAWF,14.416819
D,DISPATCH,UNIT_SCADA,1,"2019/08/22 10:35:00",CULLRGWF,30.360001
D,DISPATCH,UNIT_SCADA,1,"2019/08/22 10:35:00",ERGT01,0
D,DISPATCH,UNIT_SCADA,1,"2019/08/22 10:35:00",GB01,0.055084
D,DISPATCH,UNIT_SCADA,1,"2019/08/22 10:35:00",GERMCRK,33.099998
D,DISPATCH,UNIT_SCADA,1,"2019/08/22 10:35:00",GRIFSF1,24.399994
D,DISPATCH,UNIT_SCADA,1,"2019/08/22 10:35:00",HUGSF1,8.9930
D,DISPATCH,UNIT_SCADA,1,"2019/08/22 10:35:00",LKBONNY1,26.703499
D,DISPATCH,UNIT_SCADA,1,"2019/08/22 10:35:00",LRSF1,0.0390
D,DISPATCH,UNIT_SCADA,1,"2019/08/22 10:35:00",MBAHNTH,54.112503
D,DISPATCH,UNIT_SCADA,1,"2019/08/22 10:35:00",MLSP1,10.334002
D,DISPATCH,UNIT_SCADA,1,"2019/08/22 10:35:00",MLWF1,16.290001
D,DISPATCH,UNIT_SCADA,1,"2019/08/22 10:35:00",MTMILLAR,1.651971
D,DISPATCH,UNIT_SCADA,1,"2019/08/22 10:35:00",PALOONA,28.91
D,DISPATCH,UNIT_SCADA,1,"2019/08/22 10:35:00",PIONEER,45.600002
D,DISPATCH,UNIT_SCADA,1,"2019/08/22 10:35:00",PORTWF,59.400002
D,DISPATCH,UNIT_SCADA,1,"2019/08/22 10:35:00",REPULSE,29.139238
D,DISPATCH,UNIT_SCADA,1,"2019/08/22 10:35:00",ROWALLAN,10.3305
D,DISPATCH,UNIT_SCADA,1,"2019/08/22 10:35:00",ROYALLA1,18.825001
D,DISPATCH,UNIT_SCADA,1,"2019/08/22 10:35:00",RPCG,10.60
D,DISPATCH,UNIT_SCADA,1,"2019/08/22 10:35:00",RUBICON,0
D,DISPATCH,UNIT_SCADA,1,"2019/08/22 10:35:00",SATGN1,0
D,DISPATCH,UNIT_SCADA,1,"2019/08/22 10:35:00",SATGS1,0
D,DISPATCH,UNIT_SCADA,1,"2019/08/22 10:35:00",STARHLWF,0.799767
D,DISPATCH,UNIT_SCADA,1,"2019/08/22 10:35:00",WAUBRAWF,178.432999
D,DISPATCH,UNIT_SCADA,1,"2019/08/22 10:35:00",WOOLNTH1,126.980019
D,DISPATCH,UNIT_SCADA,1,"2019/08/22 10:35:00",WPWF,3
D,DISPATCH,UNIT_SCADA,1,"2019/08/22 10:35:00",YAMBUKWF,23.200001
D,DISPATCH,UNIT_SCADA,1,"2019/08/22 10:35:00",YSWF1,22.10
D,DISPATCH,UNIT_SCADA,1,"2019/08/22 10:35:00",AGLHAL,0
D,DISPATCH,UNIT_SCADA,1,"2019/08/22 10:35:00",AGLSOM,0
D,DISPATCH,UNIT_SCADA,1,"2019/08/22 10:35:00",ANGAST1,0
D,DISPATCH,UNIT_SCADA,1,"2019/08/22 10:35:00",ARWF1,204.599990
D,DISPATCH,UNIT_SCADA,1,"2019/08/22 10:35:00",BALBG1,12.28
D,DISPATCH,UNIT_SCADA,1,"2019/08/22 10:35:00",BALBL1,0
D,DISPATCH,UNIT_SCADA,1,"2019/08/22 10:35:00",BALDHWF1,79.7630
D,DISPATCH,UNIT_SCADA,1,"2019/08/22 10:35:00",BANN1,19.77
D,DISPATCH,UNIT_SCADA,1,"2019/08/22 10:35:00",BARCALDN,0
D,DISPATCH,UNIT_SCADA,1,"2019/08/22 10:35:00",BARRON-1,0
D,DISPATCH,UNIT_SCADA,1,"2019/08/22 10:35:00",BARRON-2,27.04
D,DISPATCH,UNIT_SCADA,1,"2019/08/22 10:35:00",BASTYAN,78.000010
D,DISPATCH,UNIT_SCADA,1,"2019/08/22 10:35:00",BBTHREE1,-1.85
D,DISPATCH,UNIT_SCADA,1,"2019/08/22 10:35:00",BBTHREE2,-1.90
D,DISPATCH,UNIT_SCADA,1,"2019/08/22 10:35:00",BBTHREE3,0
D,DISPATCH,UNIT_SCADA,1,"2019/08/22 10:35:00",BDL01,0
D,DISPATCH,UNIT_SCADA,1,"2019/08/22 10:35:00",BDL02,0
D,DISPATCH,UNIT_SCADA,1,"2019/08/22 10:35:00",BERYLSF1,55.761550
D,DISPATCH,UNIT_SCADA,1,"2019/08/22 10:35:00",BLOWERNG,0
D,DISPATCH,UNIT_SCADA,1,"2019/08/22 10:35:00",BLUFF1,2.10
D,DISPATCH,UNIT_SCADA,1,"2019/08/22 10:35:00",BNGSF1,80.82
D,DISPATCH,UNIT_SCADA,1,"2019/08/22 10:35:00",BNGSF2,20
D,DISPATCH,UNIT_SCADA,1,"2019/08/22 10:35:00",BOCORWF1,79.75
D,DISPATCH,UNIT_SCADA,1,"2019/08/22 10:35:00",BODWF1,102.621350
D,DISPATCH,UNIT_SCADA,1,"2019/08/22 10:35:00",BRAEMAR1,0
D,DISPATCH,UNIT_SCADA,1,"2019/08/22 10:35:00",BRAEMAR2,0
D,DISPATCH,UNIT_SCADA,1,"2019/08/22 10:35:00",BRAEMAR3,0
D,DISPATCH,UNIT_SCADA,1,"2019/08/22 10:35:00",BRAEMAR5,0
D,DISPATCH,UNIT_SCADA,1,"2019/08/22 10:35:00",BRAEMAR6,0
D,DISPATCH,UNIT_SCADA,1,"2019/08/22 10:35:00",BRAEMAR7,0
D,DISPATCH,UNIT_SCADA,1,"2019/08/22 10:35:00",BROKENH1,21.400880
D,DISPATCH,UNIT_SCADA,1,"2019/08/22 10:35:00",BW01,540.75
D,DISPATCH,UNIT_SCADA,1,"2019/08/22 10:35:00",BW02,523.575070
D,DISPATCH,UNIT_SCADA,1,"2019/08/22 10:35:00",BW03,565.1250
D,DISPATCH,UNIT_SCADA,1,"2019/08/22 10:35:00",BW04,0
D,DISPATCH,UNIT_SCADA,1,"2019/08/22 10:35:00",CALL_B_1,275.300020
D,DISPATCH,UNIT_SCADA,1,"2019/08/22 10:35:00",CALL_B_2,279.899990
D,DISPATCH,UNIT_SCADA,1,"2019/08/22 10:35:00",CETHANA,97.9450
D,DISPATCH,UNIT_SCADA,1,"2019/08/22 10:35:00",CG1,0
D,DISPATCH,UNIT_SCADA,1,"2019/08/22 10:35:00",CG2,0
D,DISPATCH,UNIT_SCADA,1,"2019/08/22 10:35:00",CG3,0
D,DISPATCH,UNIT_SCADA,1,"2019/08/22 10:35:00",CG4,0
D,DISPATCH,UNIT_SCADA,1,"2019/08/22 10:35:00",CHILDSF1,40.12
D,DISPATCH,UNIT_SCADA,1,"2019/08/22 10:35:00",CLARESF1,2.090820
D,DISPATCH,UNIT_SCADA,1,"2019/08/22 10:35:00",CLEMGPWF,-0.216110
D,DISPATCH,UNIT_SCADA,1,"2019/08/22 10:35:00",CLERMSF1,0.99
D,DISPATCH,UNIT_SCADA,1,"2019/08/22 10:35:00",COLEASF1,70.600010
D,DISPATCH,UNIT_SCADA,1,"2019/08/22 10:35:00",COOPGWF1,34.476630
D,DISPATCH,UNIT_SCADA,1,"2019/08/22 10:35:00",CPP_3,405.899990
D,DISPATCH,UNIT_SCADA,1,"2019/08/22 10:35:00",CPP_4,232.650010
D,DISPATCH,UNIT_SCADA,1,"2019/08/22 10:35:00",CPSA,89.551880
D,DISPATCH,UNIT_SCADA,1,"2019/08/22 10:35:00",CROOKWF2,84.233750
D,DISPATCH,UNIT_SCADA,1,"2019/08/22 10:35:00",CROWLWF1,43.511810
D,DISPATCH,UNIT_SCADA,1,"2019/08/22 10:35:00",CSPVPS1,32.0230
D,DISPATCH,UNIT_SCADA,1,"2019/08/22 10:35:00",DALNTH01,0
D,DISPATCH,UNIT_SCADA,1,"2019/08/22 10:35:00",DALNTHL1,0.065610
D,DISPATCH,UNIT_SCADA,1,"2019/08/22 10:35:00",DARTM1,134.70
D,DISPATCH,UNIT_SCADA,1,"2019/08/22 10:35:00",DAYDSF1,0
D,DISPATCH,UNIT_SCADA,1,"2019/08/22 10:35:00",DDPS1,0
D,DISPATCH,UNIT_SCADA,1,"2019/08/22 10:35:00",DDSF1,65.005570
D,DISPATCH,UNIT_SCADA,1,"2019/08/22 10:35:00",DEVILS_G,0
D,DISPATCH,UNIT_SCADA,1,"2019/08/22 10:35:00",DG_NSW1,0
D,DISPATCH,UNIT_SCADA,1,"2019/08/22 10:35:00",DG_QLD1,0
D,DISPATCH,UNIT_SCADA,1,"2019/08/22 10:35:00",DG_SA1,0
D,DISPATCH,UNIT_SCADA,1,"2019/08/22 10:35:00",DG_TAS1,0
D,DISPATCH,UNIT_SCADA,1,"2019/08/22 10:35:00",DG_VIC1,0
D,DISPATCH,UNIT_SCADA,1,"2019/08/22 10:35:00",DRYCGT1,0
D,DISPATCH,UNIT_SCADA,1,"2019/08/22 10:35:00",DRYCGT2,0
D,DISPATCH,UNIT_SCADA,1,"2019/08/22 10:35:00",DRYCGT3,0
D,DISPATCH,UNIT_SCADA,1,"2019/08/22 10:35:00",EILDON1,0
D,DISPATCH,UNIT_SCADA,1,"2019/08/22 10:35:00",EILDON2,0
D,DISPATCH,UNIT_SCADA,1,"2019/08/22 10:35:00",EMERASF1,62.38
D,DISPATCH,UNIT_SCADA,1,"2019/08/22 10:35:00",ER01,415.1250
D,DISPATCH,UNIT_SCADA,1,"2019/08/22 10:35:00",ER02,430.650020
D,DISPATCH,UNIT_SCADA,1,"2019/08/22 10:35:00",ER03,698.949950
D,DISPATCH,UNIT_SCADA,1,"2019/08/22 10:35:00",ER04,423.925050
D,DISPATCH,UNIT_SCADA,1,"2019/08/22 10:35:00",FINLYSF1,1.918690
D,DISPATCH,UNIT_SCADA,1,"2019/08/22 10:35:00",FISHER,46.20
D,DISPATCH,UNIT_SCADA,1,"2019/08/22 10:35:00",GANNBG1,5.999160
D,DISPATCH,UNIT_SCADA,1,"2019/08/22 10:35:00",GANNBL1,0
D,DISPATCH,UNIT_SCADA,1,"2019/08/22 10:35:00",GANNSF1,38.90
D,DISPATCH,UNIT_SCADA,1,"2019/08/22 10:35:00",GORDON,28.773360
D,DISPATCH,UNIT_SCADA,1,"2019/08/22 10:35:00",GSTONE1,109.55
D,DISPATCH,UNIT_SCADA,1,"2019/08/22 10:35:00",GSTONE2,110.25
D,DISPATCH,UNIT_SCADA,1,"2019/08/22 10:35:00",GSTONE3,110.0750
D,DISPATCH,UNIT_SCADA,1,"2019/08/22 10:35:00",GSTONE4,149.6250
D,DISPATCH,UNIT_SCADA,1,"2019/08/22 10:35:00",GSTONE5,151.3750
D,DISPATCH,UNIT_SCADA,1,"2019/08/22 10:35:00",GSTONE6,0
D,DISPATCH,UNIT_SCADA,1,"2019/08/22 10:35:00",GULLRSF1,6.123320
D,DISPATCH,UNIT_SCADA,1,"2019/08/22 10:35:00",GULLRWF1,124.709170
D,DISPATCH,UNIT_SCADA,1,"2019/08/22 10:35:00",GUNNING1,43.616540
D,DISPATCH,UNIT_SCADA,1,"2019/08/22 10:35:00",GUTHEGA,0
D,DISPATCH,UNIT_SCADA,1,"2019/08/22 10:35:00",HALLWF1,2.81
D,DISPATCH,UNIT_SCADA,1,"2019/08/22 10:35:00",HALLWF2,5.45
D,DISPATCH,UNIT_SCADA,1,"2019/08/22 10:35:00",HAMISF1,47.40
D,DISPATCH,UNIT_SCADA,1,"2019/08/22 10:35:00",HAUGHT11,49.958910
D,DISPATCH,UNIT_SCADA,1,"2019/08/22 10:35:00",HAYMSF1,41.8480
D,DISPATCH,UNIT_SCADA,1,"2019/08/22 10:35:00",HDWF1,11.10
D,DISPATCH,UNIT_SCADA,1,"2019/08/22 10:35:00",HDWF2,13.50
D,DISPATCH,UNIT_SCADA,1,"2019/08/22 10:35:00",HDWF3,12.40
D,DISPATCH,UNIT_SCADA,1,"2019/08/22 10:35:00",HPRG1,0
D,DISPATCH,UNIT_SCADA,1,"2019/08/22 10:35:00",HPRL1,0.20
D,DISPATCH,UNIT_SCADA,1,"2019/08/22 10:35:00",HUMENSW,0
D,DISPATCH,UNIT_SCADA,1,"2019/08/22 10:35:00",HUMEV,11.80
D,DISPATCH,UNIT_SCADA,1,"2019/08/22 10:35:00",HVGTS,0
D,DISPATCH,UNIT_SCADA,1,"2019/08/22 10:35:00",JBUTTERS,139.58
D,DISPATCH,UNIT_SCADA,1,"2019/08/22 10:35:00",JLA01,0.50
D,DISPATCH,UNIT_SCADA,1,"2019/08/22 10:35:00",JLA02,0
D,DISPATCH,UNIT_SCADA,1,"2019/08/22 10:35:00",JLA03,0.10
D,DISPATCH,UNIT_SCADA,1,"2019/08/22 10:35:00",JLA04,0.10
D,DISPATCH,UNIT_SCADA,1,"2019/08/22 10:35:00",JLB01,0
D,DISPATCH,UNIT_SCADA,1,"2019/08/22 10:35:00",JLB02,0.10
D,DISPATCH,UNIT_SCADA,1,"2019/08/22 10:35:00",JLB03,0
D,DISPATCH,UNIT_SCADA,1,"2019/08/22 10:35:00",KAREEYA1,21.60
D,DISPATCH,UNIT_SCADA,1,"2019/08/22 10:35:00",KAREEYA2,21.7550
D,DISPATCH,UNIT_SCADA,1,"2019/08/22 10:35:00",KAREEYA3,0
D,DISPATCH,UNIT_SCADA,1,"2019/08/22 10:35:00",KAREEYA4,21.7675
D,DISPATCH,UNIT_SCADA,1,"2019/08/22 10:35:00",KARSF1,29.30
D,DISPATCH,UNIT_SCADA,1,"2019/08/22 10:35:00",KIATAWF1,19.80
D,DISPATCH,UNIT_SCADA,1,"2019/08/22 10:35:00",KPP_1,0
D,DISPATCH,UNIT_SCADA,1,"2019/08/22 10:35:00",KSP1,47.76
D,DISPATCH,UNIT_SCADA,1,"2019/08/22 10:35:00",LADBROK1,0
D,DISPATCH,UNIT_SCADA,1,"2019/08/22 10:35:00",LADBROK2,0
D,DISPATCH,UNIT_SCADA,1,"2019/08/22 10:35:00",LD01,343.387480
D,DISPATCH,UNIT_SCADA,1,"2019/08/22 10:35:00",LD02,350.287450
D,DISPATCH,UNIT_SCADA,1,"2019/08/22 10:35:00",LD03,348.843750
D,DISPATCH,UNIT_SCADA,1,"2019/08/22 10:35:00",LD04,349.068790
D,DISPATCH,UNIT_SCADA,1,"2019/08/22 10:35:00",LEM_WIL,86.137340
D,DISPATCH,UNIT_SCADA,1,"2019/08/22 10:35:00",LGAPWF1,4.06
D,DISPATCH,UNIT_SCADA,1,"2019/08/22 10:35:00",LILYSF1,95.420410
D,DISPATCH,UNIT_SCADA,1,"2019/08/22 10:35:00",LI_WY_CA,149.173720
D,DISPATCH,UNIT_SCADA,1,"2019/08/22 10:35:00",LKBONNY2,46.191940
D,DISPATCH,UNIT_SCADA,1,"2019/08/22 10:35:00",LKBONNY3,-0.225030
D,DISPATCH,UNIT_SCADA,1,"2019/08/22 10:35:00",LK_ECHO,0
D,DISPATCH,UNIT_SCADA,1,"2019/08/22 10:35:00",LNGS1,0
D,DISPATCH,UNIT_SCADA,1,"2019/08/22 10:35:00",LNGS2,0
D,DISPATCH,UNIT_SCADA,1,"2019/08/22 10:35:00",LONSDALE,0
D,DISPATCH,UNIT_SCADA,1,"2019/08/22 10:35:00",LOYYB1,536.088620
D,DISPATCH,UNIT_SCADA,1,"2019/08/22 10:35:00",LOYYB2,581.578490
D,DISPATCH,UNIT_SCADA,1,"2019/08/22 10:35:00",LYA1,560
D,DISPATCH,UNIT_SCADA,1,"2019/08/22 10:35:00",LYA2,0
D,DISPATCH,UNIT_SCADA,1,"2019/08/22 10:35:00",LYA3,561
D,DISPATCH,UNIT_SCADA,1,"2019/08/22 10:35:00",LYA4,540
D,DISPATCH,UNIT_SCADA,1,"2019/08/22 10:35:00",MACARTH1,218.594960
D,DISPATCH,UNIT_SCADA,1,"2019/08/22 10:35:00",MACKAYGT,0
D,DISPATCH,UNIT_SCADA,1,"2019/08/22 10:35:00",MACKNTSH,87.750010
D,DISPATCH,UNIT_SCADA,1,"2019/08/22 10:35:00",MANSLR1,14.8750
D,DISPATCH,UNIT_SCADA,1,"2019/08/22 10:35:00",MCKAY1,0.02
D,DISPATCH,UNIT_SCADA,1,"2019/08/22 10:35:00",MEADOWBK,34.324580
D,DISPATCH,UNIT_SCADA,1,"2019/08/22 10:35:00",MERCER01,49.4750
D,DISPATCH,UNIT_SCADA,1,"2019/08/22 10:35:00",MEWF1,74.461190
D,DISPATCH,UNIT_SCADA,1,"2019/08/22 10:35:00",MINTARO,0
D,DISPATCH,UNIT_SCADA,1,"2019/08/22 10:35:00",MOREESF1,44.4980
D,DISPATCH,UNIT_SCADA,1,"2019/08/22 10:35:00",MORTLK11,125
D,DISPATCH,UNIT_SCADA,1,"2019/08/22 10:35:00",MORTLK12,0
D,DISPATCH,UNIT_SCADA,1,"2019/08/22 10:35:00",MP1,267.550050
D,DISPATCH,UNIT_SCADA,1,"2019/08/22 10:35:00",MP2,0
D,DISPATCH,UNIT_SCADA,1,"2019/08/22 10:35:00",MPP_1,334
D,DISPATCH,UNIT_SCADA,1,"2019/08/22 10:35:00",MPP_2,381.25
D,DISPATCH,UNIT_SCADA,1,"2019/08/22 10:35:00",MSTUART1,0
D,DISPATCH,UNIT_SCADA,1,"2019/08/22 10:35:00",MSTUART2,0
D,DISPATCH,UNIT_SCADA,1,"2019/08/22 10:35:00",MSTUART3,0
D,DISPATCH,UNIT_SCADA,1,"2019/08/22 10:35:00",MTGELWF1,64.622940
D,DISPATCH,UNIT_SCADA,1,"2019/08/22 10:35:00",MURRAY,0
D,DISPATCH,UNIT_SCADA,1,"2019/08/22 10:35:00",MUSSELR1,89.60
D,DISPATCH,UNIT_SCADA,1,"2019/08/22 10:35:00",MUWAWF1,36.20
D,DISPATCH,UNIT_SCADA,1,"2019/08/22 10:35:00",NBHWF1,8
D,DISPATCH,UNIT_SCADA,1,"2019/08/22 10:35:00",NPS,0
D,DISPATCH,UNIT_SCADA,1,"2019/08/22 10:35:00",NUMURSF1,33.97
D,DISPATCH,UNIT_SCADA,1,"2019/08/22 10:35:00",NYNGAN1,89.75
D,DISPATCH,UNIT_SCADA,1,"2019/08/22 10:35:00",OAKEY1,0
D,DISPATCH,UNIT_SCADA,1,"2019/08/22 10:35:00",OAKEY1SF,21.4370
D,DISPATCH,UNIT_SCADA,1,"2019/08/22 10:35:00",OAKEY2,0
D,DISPATCH,UNIT_SCADA,1,"2019/08/22 10:35:00",OAKLAND1,56.80
D,DISPATCH,UNIT_SCADA,1,"2019/08/22 10:35:00",OSB-AG,139.42
D,DISPATCH,UNIT_SCADA,1,"2019/08/22 10:35:00",PARSF1,24.899990
D,DISPATCH,UNIT_SCADA,1,"2019/08/22 10:35:00",POAT110,0
D,DISPATCH,UNIT_SCADA,1,"2019/08/22 10:35:00",POAT220,0
D,DISPATCH,UNIT_SCADA,1,"2019/08/22 10:35:00",POR01,0
D,DISPATCH,UNIT_SCADA,1,"2019/08/22 10:35:00",POR03,0
D,DISPATCH,UNIT_SCADA,1,"2019/08/22 10:35:00",PPCCGT,466.824950
D,DISPATCH,UNIT_SCADA,1,"2019/08/22 10:35:00",PTSTAN1,0
D,DISPATCH,UNIT_SCADA,1,"2019/08/22 10:35:00",PUMP1,0
D,DISPATCH,UNIT_SCADA,1,"2019/08/22 10:35:00",PUMP2,0
D,DISPATCH,UNIT_SCADA,1,"2019/08/22 10:35:00",QPS1,0
D,DISPATCH,UNIT_SCADA,1,"2019/08/22 10:35:00",QPS2,0
D,DISPATCH,UNIT_SCADA,1,"2019/08/22 10:35:00",QPS3,0
D,DISPATCH,UNIT_SCADA,1,"2019/08/22 10:35:00",QPS4,0
D,DISPATCH,UNIT_SCADA,1,"2019/08/22 10:35:00",QPS5,0
D,DISPATCH,UNIT_SCADA,1,"2019/08/22 10:35:00",REECE1,119.490010
D,DISPATCH,UNIT_SCADA,1,"2019/08/22 10:35:00",REECE2,120.220010
D,DISPATCH,UNIT_SCADA,1,"2019/08/22 10:35:00",ROMA_7,0
D,DISPATCH,UNIT_SCADA,1,"2019/08/22 10:35:00",ROMA_8,0
D,DISPATCH,UNIT_SCADA,1,"2019/08/22 10:35:00",RRSF1,108.512310
D,DISPATCH,UNIT_SCADA,1,"2019/08/22 10:35:00",RT_NSW1,0
D,DISPATCH,UNIT_SCADA,1,"2019/08/22 10:35:00",RT_NSW2,0
D,DISPATCH,UNIT_SCADA,1,"2019/08/22 10:35:00",RT_NSW3,0
D,DISPATCH,UNIT_SCADA,1,"2019/08/22 10:35:00",RT_NSW4,0
D,DISPATCH,UNIT_SCADA,1,"2019/08/22 10:35:00",RT_NSW5,0
D,DISPATCH,UNIT_SCADA,1,"2019/08/22 10:35:00",RT_NSW6,0
D,DISPATCH,UNIT_SCADA,1,"2019/08/22 10:35:00",RT_QLD1,0
D,DISPATCH,UNIT_SCADA,1,"2019/08/22 10:35:00",RT_SA1,0
D,DISPATCH,UNIT_SCADA,1,"2019/08/22 10:35:00",RT_SA2,0
D,DISPATCH,UNIT_SCADA,1,"2019/08/22 10:35:00",RT_SA3,0
D,DISPATCH,UNIT_SCADA,1,"2019/08/22 10:35:00",RT_SA4,0
D,DISPATCH,UNIT_SCADA,1,"2019/08/22 10:35:00",RT_SA5,0
D,DISPATCH,UNIT_SCADA,1,"2019/08/22 10:35:00",RT_SA6,0
D,DISPATCH,UNIT_SCADA,1,"2019/08/22 10:35:00",RT_TAS1,0
D,DISPATCH,UNIT_SCADA,1,"2019/08/22 10:35:00",RT_VIC1,0
D,DISPATCH,UNIT_SCADA,1,"2019/08/22 10:35:00",RT_VIC10,0
D,DISPATCH,UNIT_SCADA,1,"2019/08/22 10:35:00",RT_VIC11,0
D,DISPATCH,UNIT_SCADA,1,"2019/08/22 10:35:00",RT_VIC12,0
D,DISPATCH,UNIT_SCADA,1,"2019/08/22 10:35:00",RT_VIC2,0
D,DISPATCH,UNIT_SCADA,1,"2019/08/22 10:35:00",RT_VIC3,0
D,DISPATCH,UNIT_SCADA,1,"2019/08/22 10:35:00",RT_VIC4,0
D,DISPATCH,UNIT_SCADA,1,"2019/08/22 10:35:00",RT_VIC5,0
D,DISPATCH,UNIT_SCADA,1,"2019/08/22 10:35:00",RT_VIC6,0
D,DISPATCH,UNIT_SCADA,1,"2019/08/22 10:35:00",RT_VIC7,0
D,DISPATCH,UNIT_SCADA,1,"2019/08/22 10:35:00",RT_VIC8,0
D,DISPATCH,UNIT_SCADA,1,"2019/08/22 10:35:00",RT_VIC9,0
D,DISPATCH,UNIT_SCADA,1,"2019/08/22 10:35:00",RUGBYR1,63.000580
D,DISPATCH,UNIT_SCADA,1,"2019/08/22 10:35:00",SALTCRK1,36.86
D,DISPATCH,UNIT_SCADA,1,"2019/08/22 10:35:00",SAPHWF1,206.962490
D,DISPATCH,UNIT_SCADA,1,"2019/08/22 10:35:00",SHGEN,0
D,DISPATCH,UNIT_SCADA,1,"2019/08/22 10:35:00",SHPUMP,121.496870
D,DISPATCH,UNIT_SCADA,1,"2019/08/22 10:35:00",SITHE01,0.1639
D,DISPATCH,UNIT_SCADA,1,"2019/08/22 10:35:00",SMCSF1,0
D,DISPATCH,UNIT_SCADA,1,"2019/08/22 10:35:00",SNOWNTH1,14.60
D,DISPATCH,UNIT_SCADA,1,"2019/08/22 10:35:00",SNOWSTH1,9.70
D,DISPATCH,UNIT_SCADA,1,"2019/08/22 10:35:00",SNOWTWN1,4.740910
D,DISPATCH,UNIT_SCADA,1,"2019/08/22 10:35:00",SNOWYP,0
D,DISPATCH,UNIT_SCADA,1,"2019/08/22 10:35:00",SNUG1,0.019440
D,DISPATCH,UNIT_SCADA,1,"2019/08/22 10:35:00",SRSF1,34.91
D,DISPATCH,UNIT_SCADA,1,"2019/08/22 10:35:00",STAN-1,0
D,DISPATCH,UNIT_SCADA,1,"2019/08/22 10:35:00",STAN-2,285.772860
D,DISPATCH,UNIT_SCADA,1,"2019/08/22 10:35:00",STAN-3,287.926240
D,DISPATCH,UNIT_SCADA,1,"2019/08/22 10:35:00",STAN-4,282.042880
D,DISPATCH,UNIT_SCADA,1,"2019/08/22 10:35:00",STWF1,30.105010
D,DISPATCH,UNIT_SCADA,1,"2019/08/22 10:35:00",SWAN_E,0
D,DISPATCH,UNIT_SCADA,1,"2019/08/22 10:35:00",TALWA1,191
D,DISPATCH,UNIT_SCADA,1,"2019/08/22 10:35:00",TARALGA1,96.8550
D,DISPATCH,UNIT_SCADA,1,"2019/08/22 10:35:00",TARONG#1,287.899990
D,DISPATCH,UNIT_SCADA,1,"2019/08/22 10:35:00",TARONG#2,286.600010
D,DISPATCH,UNIT_SCADA,1,"2019/08/22 10:35:00",TARONG#3,260.399990
D,DISPATCH,UNIT_SCADA,1,"2019/08/22 10:35:00",TARONG#4,280
D,DISPATCH,UNIT_SCADA,1,"2019/08/22 10:35:00",TARRALEA,83.70
D,DISPATCH,UNIT_SCADA,1,"2019/08/22 10:35:00",TBSF1,82.50
D,DISPATCH,UNIT_SCADA,1,"2019/08/22 10:35:00",TNPS1,220.000020
D,DISPATCH,UNIT_SCADA,1,"2019/08/22 10:35:00",TORRA1,53.793760
D,DISPATCH,UNIT_SCADA,1,"2019/08/22 10:35:00",TORRA2,0
D,DISPATCH,UNIT_SCADA,1,"2019/08/22 10:35:00",TORRA3,49.305790
D,DISPATCH,UNIT_SCADA,1,"2019/08/22 10:35:00",TORRA4,6
D,DISPATCH,UNIT_SCADA,1,"2019/08/22 10:35:00",TORRB1,72.79
D,DISPATCH,UNIT_SCADA,1,"2019/08/22 10:35:00",TORRB2,72.69
D,DISPATCH,UNIT_SCADA,1,"2019/08/22 10:35:00",TORRB3,0
D,DISPATCH,UNIT_SCADA,1,"2019/08/22 10:35:00",TORRB4,0
D,DISPATCH,UNIT_SCADA,1,"2019/08/22 10:35:00",TREVALLN,69.660030
D,DISPATCH,UNIT_SCADA,1,"2019/08/22 10:35:00",TRIBUTE,85.10
D,DISPATCH,UNIT_SCADA,1,"2019/08/22 10:35:00",TUMUT3,0
D,DISPATCH,UNIT_SCADA,1,"2019/08/22 10:35:00",TUNGATIN,109.050030
D,DISPATCH,UNIT_SCADA,1,"2019/08/22 10:35:00",TVCC201,0
D,DISPATCH,UNIT_SCADA,1,"2019/08/22 10:35:00",TVPP104,0
D,DISPATCH,UNIT_SCADA,1,"2019/08/22 10:35:00",UPPTUMUT,0
D,DISPATCH,UNIT_SCADA,1,"2019/08/22 10:35:00",URANQ11,0
D,DISPATCH,UNIT_SCADA,1,"2019/08/22 10:35:00",URANQ12,0
D,DISPATCH,UNIT_SCADA,1,"2019/08/22 10:35:00",URANQ13,0
D,DISPATCH,UNIT_SCADA,1,"2019/08/22 10:35:00",URANQ14,0
D,DISPATCH,UNIT_SCADA,1,"2019/08/22 10:35:00",VP5,201.725010
D,DISPATCH,UNIT_SCADA,1,"2019/08/22 10:35:00",VP6,478.475010
D,DISPATCH,UNIT_SCADA,1,"2019/08/22 10:35:00",VPGS1,0
D,DISPATCH,UNIT_SCADA,1,"2019/08/22 10:35:00",VPGS2,0
D,DISPATCH,UNIT_SCADA,1,"2019/08/22 10:35:00",VPGS3,0
D,DISPATCH,UNIT_SCADA,1,"2019/08/22 10:35:00",VPGS4,0
D,DISPATCH,UNIT_SCADA,1,"2019/08/22 10:35:00",VPGS5,0
D,DISPATCH,UNIT_SCADA,1,"2019/08/22 10:35:00",VPGS6,0
D,DISPATCH,UNIT_SCADA,1,"2019/08/22 10:35:00",W/HOE#1,0
D,DISPATCH,UNIT_SCADA,1,"2019/08/22 10:35:00",W/HOE#2,0
D,DISPATCH,UNIT_SCADA,1,"2019/08/22 10:35:00",WATERLWF,7.40
D,DISPATCH,UNIT_SCADA,1,"2019/08/22 10:35:00",WEMENSF1,31.50
D,DISPATCH,UNIT_SCADA,1,"2019/08/22 10:35:00",WGWF1,10.80
D,DISPATCH,UNIT_SCADA,1,"2019/08/22 10:35:00",WHITSF1,0
D,DISPATCH,UNIT_SCADA,1,"2019/08/22 10:35:00",WKIEWA1,0
D,DISPATCH,UNIT_SCADA,1,"2019/08/22 10:35:00",WKIEWA2,9.10
D,DISPATCH,UNIT_SCADA,1,"2019/08/22 10:35:00",WOODLWN1,40.644010
D,DISPATCH,UNIT_SCADA,1,"2019/08/22 10:35:00",WRSF1,6.10
D,DISPATCH,UNIT_SCADA,1,"2019/08/22 10:35:00",WRWF1,161.576250
D,DISPATCH,UNIT_SCADA,1,"2019/08/22 10:35:00",YABULU,0
D,DISPATCH,UNIT_SCADA,1,"2019/08/22 10:35:00",YABULU2,0
D,DISPATCH,UNIT_SCADA,1,"2019/08/22 10:35:00",YARWUN_1,0
D,DISPATCH,UNIT_SCADA,1,"2019/08/22 10:35:00",YENDWF1,42.04
D,DISPATCH,UNIT_SCADA,1,"2019/08/22 10:35:00",YWPS1,356.6405
D,DISPATCH,UNIT_SCADA,1,"2019/08/22 10:35:00",YWPS2,274.934170
D,DISPATCH,UNIT_SCADA,1,"2019/08/22 10:35:00",YWPS3,0
D,DISPATCH,UNIT_SCADA,1,"2019/08/22 10:35:00",YWPS4,396.084810
C,"END OF REPORT",334
