C,NEMP.WORLD,DISPATCHSCADA,AEMO,PUBLIC,2019/08/21,23:35:13,0000000311845306,DISPATCHSCADA,0000000311845300
I,DISPATCH,UNIT_SCADA,1,SETTLEMENTDATE,DUID,SCADAVALUE
D,DISPATCH,UNIT_SCADA,1,"2019/08/21 23:40:00",BARCSF1,0.70
D,DISPATCH,UNIT_SCADA,1,"2019/08/21 23:40:00",BUTLERSG,9.599998
D,DISPATCH,UNIT_SCADA,1,"2019/08/21 23:40:00",CALL_A_4,0
D,DISPATCH,UNIT_SCADA,1,"2019/08/21 23:40:00",CAPTL_WF,131.399994
D,DISPATCH,UNIT_SCADA,1,"2019/08/21 23:40:00",CATHROCK,18.469999
D,DISPATCH,UNIT_SCADA,1,"2019/08/21 23:40:00",CHALLHWF,48.599998
D,DISPATCH,UNIT_SCADA,1,"2019/08/21 23:40:00",CLOVER,-0.01
D,DISPATCH,UNIT_SCADA,1,"2019/08/21 23:40:00",CLUNY,19.792629
D,DISPATCH,UNIT_SCADA,1,"2019/08/21 23:40:00",CNUNDAWF,41.748703
D,DISPATCH,UNIT_SCADA,1,"2019/08/21 23:40:00",CULLRGWF,30.360001
D,DISPATCH,UNIT_SCADA,1,"2019/08/21 23:40:00",ERGT01,0
D,DISPATCH,UNIT_SCADA,1,"2019/08/21 23:40:00",GB01,0.069809
D,DISPATCH,UNIT_SCADA,1,"2019/08/21 23:40:00",GERMCRK,39.200001
D,DISPATCH,UNIT_SCADA,1,"2019/08/21 23:40:00",GRIFSF1,0
D,DISPATCH,UNIT_SCADA,1,"2019/08/21 23:40:00",HUGSF1,-0.2430
D,DISPATCH,UNIT_SCADA,1,"2019/08/21 23:40:00",LKBONNY1,72.161964
D,DISPATCH,UNIT_SCADA,1,"2019/08/21 23:40:00",LRSF1,0.0390
D,DISPATCH,UNIT_SCADA,1,"2019/08/21 23:40:00",MBAHNTH,55.912506
D,DISPATCH,UNIT_SCADA,1,"2019/08/21 23:40:00",MLSP1,0.271001
D,DISPATCH,UNIT_SCADA,1,"2019/08/21 23:40:00",MLWF1,19.6350
D,DISPATCH,UNIT_SCADA,1,"2019/08/21 23:40:00",MTMILLAR,11.206615
D,DISPATCH,UNIT_SCADA,1,"2019/08/21 23:40:00",PALOONA,24.719999
D,DISPATCH,UNIT_SCADA,1,"2019/08/21 23:40:00",PIONEER,26
D,DISPATCH,UNIT_SCADA,1,"2019/08/21 23:40:00",PORTWF,141.50
D,DISPATCH,UNIT_SCADA,1,"2019/08/21 23:40:00",REPULSE,29.101397
D,DISPATCH,UNIT_SCADA,1,"2019/08/21 23:40:00",ROWALLAN,10.3731
D,DISPATCH,UNIT_SCADA,1,"2019/08/21 23:40:00",ROYALLA1,0
D,DISPATCH,UNIT_SCADA,1,"2019/08/21 23:40:00",RPCG,10.60
D,DISPATCH,UNIT_SCADA,1,"2019/08/21 23:40:00",RUBICON,0
D,DISPATCH,UNIT_SCADA,1,"2019/08/21 23:40:00",SATGN1,0
D,DISPATCH,UNIT_SCADA,1,"2019/08/21 23:40:00",SATGS1,0
D,DISPATCH,UNIT_SCADA,1,"2019/08/21 23:40:00",STARHLWF,10.496939
D,DISPATCH,UNIT_SCADA,1,"2019/08/21 23:40:00",WAUBRAWF,179.9590
D,DISPATCH,UNIT_SCADA,1,"2019/08/21 23:40:00",WOOLNTH1,13.950016
D,DISPATCH,UNIT_SCADA,1,"2019/08/21 23:40:00",WPWF,13
D,DISPATCH,UNIT_SCADA,1,"2019/08/21 23:40:00",YAMBUKWF,29.60
D,DISPATCH,UNIT_SCADA,1,"2019/08/21 23:40:00",YSWF1,28.700001
D,DISPATCH,UNIT_SCADA,1,"2019/08/21 23:40:00",AGLHAL,0
D,DISPATCH,UNIT_SCADA,1,"2019/08/21 23:40:00",AGLSOM,0
D,DISPATCH,UNIT_SCADA,1,"2019/08/21 23:40:00",ANGAST1,0
D,DISPATCH,UNIT_SCADA,1,"2019/08/21 23:40:00",ARWF1,196
D,DISPATCH,UNIT_SCADA,1,"2019/08/21 23:40:00",BALBG1,0
D,DISPATCH,UNIT_SCADA,1,"2019/08/21 23:40:00",BALBL1,0
D,DISPATCH,UNIT_SCADA,1,"2019/08/21 23:40:00",BALDHWF1,97.1140
D,DISPATCH,UNIT_SCADA,1,"2019/08/21 23:40:00",BANN1,0
D,DISPATCH,UNIT_SCADA,1,"2019/08/21 23:40:00",BARCALDN,0
D,DISPATCH,UNIT_SCADA,1,"2019/08/21 23:40:00",BARRON-1,0
D,DISPATCH,UNIT_SCADA,1,"2019/08/21 23:40:00",BARRON-2,25.40
D,DISPATCH,UNIT_SCADA,1,"2019/08/21 23:40:00",BASTYAN,78.69
D,DISPATCH,UNIT_SCADA,1,"2019/08/21 23:40:00",BBTHREE1,-1.86
D,DISPATCH,UNIT_SCADA,1,"2019/08/21 23:40:00",BBTHREE2,-1.85
D,DISPATCH,UNIT_SCADA,1,"2019/08/21 23:40:00",BBTHREE3,0
D,DISPATCH,UNIT_SCADA,1,"2019/08/21 23:40:00",BDL01,0
D,DISPATCH,UNIT_SCADA,1,"2019/08/21 23:40:00",BDL02,0
D,DISPATCH,UNIT_SCADA,1,"2019/08/21 23:40:00",BERYLSF1,0
D,DISPATCH,UNIT_SCADA,1,"2019/08/21 23:40:00",BLOWERNG,0
D,DISPATCH,UNIT_SCADA,1,"2019/08/21 23:40:00",BLUFF1,28.20
D,DISPATCH,UNIT_SCADA,1,"2019/08/21 23:40:00",BNGSF1,0
D,DISPATCH,UNIT_SCADA,1,"2019/08/21 23:40:00",BNGSF2,0
D,DISPATCH,UNIT_SCADA,1,"2019/08/21 23:40:00",BOCORWF1,102.76
D,DISPATCH,UNIT_SCADA,1,"2019/08/21 23:40:00",BODWF1,107.782740
D,DISPATCH,UNIT_SCADA,1,"2019/08/21 23:40:00",BRAEMAR1,0
D,DISPATCH,UNIT_SCADA,1,"2019/08/21 23:40:00",BRAEMAR2,0
D,DISPATCH,UNIT_SCADA,1,"2019/08/21 23:40:00",BRAEMAR3,0
D,DISPATCH,UNIT_SCADA,1,"2019/08/21 23:40:00",BRAEMAR5,0
D,DISPATCH,UNIT_SCADA,1,"2019/08/21 23:40:00",BRAEMAR6,0
D,DISPATCH,UNIT_SCADA,1,"2019/08/21 23:40:00",BRAEMAR7,0
D,DISPATCH,UNIT_SCADA,1,"2019/08/21 23:40:00",BROKENH1,0
D,DISPATCH,UNIT_SCADA,1,"2019/08/21 23:40:00",BW01,514.550050
D,DISPATCH,UNIT_SCADA,1,"2019/08/21 23:40:00",BW02,602.400020
D,DISPATCH,UNIT_SCADA,1,"2019/08/21 23:40:00",BW03,584.074950
D,DISPATCH,UNIT_SCADA,1,"2019/08/21 23:40:00",BW04,0
D,DISPATCH,UNIT_SCADA,1,"2019/08/21 23:40:00",CALL_B_1,349.50
D,DISPATCH,UNIT_SCADA,1,"2019/08/21 23:40:00",CALL_B_2,349.200010
D,DISPATCH,UNIT_SCADA,1,"2019/08/21 23:40:00",CETHANA,99.1425
D,DISPATCH,UNIT_SCADA,1,"2019/08/21 23:40:00",CG1,0
D,DISPATCH,UNIT_SCADA,1,"2019/08/21 23:40:00",CG2,0
D,DISPATCH,UNIT_SCADA,1,"2019/08/21 23:40:00",CG3,0
D,DISPATCH,UNIT_SCADA,1,"2019/08/21 23:40:00",CG4,0
D,DISPATCH,UNIT_SCADA,1,"2019/08/21 23:40:00",CHILDSF1,0.01
D,DISPATCH,UNIT_SCADA,1,"2019/08/21 23:40:00",CLARESF1,0
D,DISPATCH,UNIT_SCADA,1,"2019/08/21 23:40:00",CLEMGPWF,33.712390
D,DISPATCH,UNIT_SCADA,1,"2019/08/21 23:40:00",CLERMSF1,0
D,DISPATCH,UNIT_SCADA,1,"2019/08/21 23:40:00",COLEASF1,0
D,DISPATCH,UNIT_SCADA,1,"2019/08/21 23:40:00",COOPGWF1,31.3079
D,DISPATCH,UNIT_SCADA,1,"2019/08/21 23:40:00",CPP_3,394.075010
D,DISPATCH,UNIT_SCADA,1,"2019/08/21 23:40:00",CPP_4,396
D,DISPATCH,UNIT_SCADA,1,"2019/08/21 23:40:00",CPSA,143.229370
D,DISPATCH,UNIT_SCADA,1,"2019/08/21 23:40:00",CROOKWF2,85.403750
D,DISPATCH,UNIT_SCADA,1,"2019/08/21 23:40:00",CROWLWF1,41.678850
D,DISPATCH,UNIT_SCADA,1,"2019/08/21 23:40:00",CSPVPS1,0.0430
D,DISPATCH,UNIT_SCADA,1,"2019/08/21 23:40:00",DALNTH01,0.013730
D,DISPATCH,UNIT_SCADA,1,"2019/08/21 23:40:00",DALNTHL1,0.114440
D,DISPATCH,UNIT_SCADA,1,"2019/08/21 23:40:00",DARTM1,0
D,DISPATCH,UNIT_SCADA,1,"2019/08/21 23:40:00",DAYDSF1,0
D,DISPATCH,UNIT_SCADA,1,"2019/08/21 23:40:00",DDPS1,0
D,DISPATCH,UNIT_SCADA,1,"2019/08/21 23:40:00",DDSF1,0
D,DISPATCH,UNIT_SCADA,1,"2019/08/21 23:40:00",DEVILS_G,0
D,DISPATCH,UNIT_SCADA,1,"2019/08/21 23:40:00",DG_NSW1,0
D,DISPATCH,UNIT_SCADA,1,"2019/08/21 23:40:00",DG_QLD1,0
D,DISPATCH,UNIT_SCADA,1,"2019/08/21 23:40:00",DG_SA1,0
D,DISPATCH,UNIT_SCADA,1,"2019/08/21 23:40:00",DG_TAS1,0
D,DISPATCH,UNIT_SCADA,1,"2019/08/21 23:40:00",DG_VIC1,0
D,DISPATCH,UNIT_SCADA,1,"2019/08/21 23:40:00",DRYCGT1,0
D,DISPATCH,UNIT_SCADA,1,"2019/08/21 23:40:00",DRYCGT2,0
D,DISPATCH,UNIT_SCADA,1,"2019/08/21 23:40:00",DRYCGT3,0
D,DISPATCH,UNIT_SCADA,1,"2019/08/21 23:40:00",EILDON1,0
D,DISPATCH,UNIT_SCADA,1,"2019/08/21 23:40:00",EILDON2,0
D,DISPATCH,UNIT_SCADA,1,"2019/08/21 23:40:00",EMERASF1,0
D,DISPATCH,UNIT_SCADA,1,"2019/08/21 23:40:00",ER01,442.550050
D,DISPATCH,UNIT_SCADA,1,"2019/08/21 23:40:00",ER02,466.075070
D,DISPATCH,UNIT_SCADA,1,"2019/08/21 23:40:00",ER03,379.825070
D,DISPATCH,UNIT_SCADA,1,"2019/08/21 23:40:00",ER04,467.525020
D,DISPATCH,UNIT_SCADA,1,"2019/08/21 23:40:00",FINLYSF1,0
D,DISPATCH,UNIT_SCADA,1,"2019/08/21 23:40:00",FISHER,46.01
D,DISPATCH,UNIT_SCADA,1,"2019/08/21 23:40:00",GANNBG1,0
D,DISPATCH,UNIT_SCADA,1,"2019/08/21 23:40:00",GANNBL1,0.034650
D,DISPATCH,UNIT_SCADA,1,"2019/08/21 23:40:00",GANNSF1,0
D,DISPATCH,UNIT_SCADA,1,"2019/08/21 23:40:00",GORDON,11.722480
D,DISPATCH,UNIT_SCADA,1,"2019/08/21 23:40:00",GSTONE1,148.05
D,DISPATCH,UNIT_SCADA,1,"2019/08/21 23:40:00",GSTONE2,142.6250
D,DISPATCH,UNIT_SCADA,1,"2019/08/21 23:40:00",GSTONE3,150.849990
D,DISPATCH,UNIT_SCADA,1,"2019/08/21 23:40:00",GSTONE4,131.774990
D,DISPATCH,UNIT_SCADA,1,"2019/08/21 23:40:00",GSTONE5,141.399990
D,DISPATCH,UNIT_SCADA,1,"2019/08/21 23:40:00",GSTONE6,0
D,DISPATCH,UNIT_SCADA,1,"2019/08/21 23:40:00",GULLRSF1,0
D,DISPATCH,UNIT_SCADA,1,"2019/08/21 23:40:00",GULLRWF1,156.052830
D,DISPATCH,UNIT_SCADA,1,"2019/08/21 23:40:00",GUNNING1,46.328620
D,DISPATCH,UNIT_SCADA,1,"2019/08/21 23:40:00",GUTHEGA,0
D,DISPATCH,UNIT_SCADA,1,"2019/08/21 23:40:00",HALLWF1,58.51
D,DISPATCH,UNIT_SCADA,1,"2019/08/21 23:40:00",HALLWF2,46.39
D,DISPATCH,UNIT_SCADA,1,"2019/08/21 23:40:00",HAMISF1,0
D,DISPATCH,UNIT_SCADA,1,"2019/08/21 23:40:00",HAUGHT11,0
D,DISPATCH,UNIT_SCADA,1,"2019/08/21 23:40:00",HAYMSF1,0
D,DISPATCH,UNIT_SCADA,1,"2019/08/21 23:40:00",HDWF1,84.50
D,DISPATCH,UNIT_SCADA,1,"2019/08/21 23:40:00",HDWF2,57.90
D,DISPATCH,UNIT_SCADA,1,"2019/08/21 23:40:00",HDWF3,69.60
D,DISPATCH,UNIT_SCADA,1,"2019/08/21 23:40:00",HPRG1,0
D,DISPATCH,UNIT_SCADA,1,"2019/08/21 23:40:00",HPRL1,13
D,DISPATCH,UNIT_SCADA,1,"2019/08/21 23:40:00",HUMENSW,0
D,DISPATCH,UNIT_SCADA,1,"2019/08/21 23:40:00",HUMEV,10.20
D,DISPATCH,UNIT_SCADA,1,"2019/08/21 23:40:00",HVGTS,0
D,DISPATCH,UNIT_SCADA,1,"2019/08/21 23:40:00",JBUTTERS,134.58
D,DISPATCH,UNIT_SCADA,1,"2019/08/21 23:40:00",JLA01,0.50
D,DISPATCH,UNIT_SCADA,1,"2019/08/21 23:40:00",JLA02,0
D,DISPATCH,UNIT_SCADA,1,"2019/08/21 23:40:00",JLA03,0.10
D,DISPATCH,UNIT_SCADA,1,"2019/08/21 23:40:00",JLA04,0.10
D,DISPATCH,UNIT_SCADA,1,"2019/08/21 23:40:00",JLB01,0
D,DISPATCH,UNIT_SCADA,1,"2019/08/21 23:40:00",JLB02,0.10
D,DISPATCH,UNIT_SCADA,1,"2019/08/21 23:40:00",JLB03,0
D,DISPATCH,UNIT_SCADA,1,"2019/08/21 23:40:00",KAREEYA1,21.5875
D,DISPATCH,UNIT_SCADA,1,"2019/08/21 23:40:00",KAREEYA2,21.7675
D,DISPATCH,UNIT_SCADA,1,"2019/08/21 23:40:00",KAREEYA3,0
D,DISPATCH,UNIT_SCADA,1,"2019/08/21 23:40:00",KAREEYA4,21.6950
D,DISPATCH,UNIT_SCADA,1,"2019/08/21 23:40:00",KARSF1,0
D,DISPATCH,UNIT_SCADA,1,"2019/08/21 23:40:00",KIATAWF1,30.90
D,DISPATCH,UNIT_SCADA,1,"2019/08/21 23:40:00",KPP_1,0
D,DISPATCH,UNIT_SCADA,1,"2019/08/21 23:40:00",KSP1,0
D,DISPATCH,UNIT_SCADA,1,"2019/08/21 23:40:00",LADBROK1,0
D,DISPATCH,UNIT_SCADA,1,"2019/08/21 23:40:00",LADBROK2,0
D,DISPATCH,UNIT_SCADA,1,"2019/08/21 23:40:00",LD01,423.018770
D,DISPATCH,UNIT_SCADA,1,"2019/08/21 23:40:00",LD02,420.637450
D,DISPATCH,UNIT_SCADA,1,"2019/08/21 23:40:00",LD03,421.274960
D,DISPATCH,UNIT_SCADA,1,"2019/08/21 23:40:00",LD04,384.0563
D,DISPATCH,UNIT_SCADA,1,"2019/08/21 23:40:00",LEM_WIL,86.0040
D,DISPATCH,UNIT_SCADA,1,"2019/08/21 23:40:00",LGAPWF1,25.85
D,DISPATCH,UNIT_SCADA,1,"2019/08/21 23:40:00",LILYSF1,0
D,DISPATCH,UNIT_SCADA,1,"2019/08/21 23:40:00",LI_WY_CA,148.911040
D,DISPATCH,UNIT_SCADA,1,"2019/08/21 23:40:00",LKBONNY2,153.404850
D,DISPATCH,UNIT_SCADA,1,"2019/08/21 23:40:00",LKBONNY3,35.5028
D,DISPATCH,UNIT_SCADA,1,"2019/08/21 23:40:00",LK_ECHO,0
D,DISPATCH,UNIT_SCADA,1,"2019/08/21 23:40:00",LNGS1,0
D,DISPATCH,UNIT_SCADA,1,"2019/08/21 23:40:00",LNGS2,0
D,DISPATCH,UNIT_SCADA,1,"2019/08/21 23:40:00",LONSDALE,0
D,DISPATCH,UNIT_SCADA,1,"2019/08/21 23:40:00",LOYYB1,536.088620
D,DISPATCH,UNIT_SCADA,1,"2019/08/21 23:40:00",LOYYB2,583.834170
D,DISPATCH,UNIT_SCADA,1,"2019/08/21 23:40:00",LYA1,559
D,DISPATCH,UNIT_SCADA,1,"2019/08/21 23:40:00",LYA2,0
D,DISPATCH,UNIT_SCADA,1,"2019/08/21 23:40:00",LYA3,558
D,DISPATCH,UNIT_SCADA,1,"2019/08/21 23:40:00",LYA4,530
D,DISPATCH,UNIT_SCADA,1,"2019/08/21 23:40:00",MACARTH1,395.890870
D,DISPATCH,UNIT_SCADA,1,"2019/08/21 23:40:00",MACKAYGT,0
D,DISPATCH,UNIT_SCADA,1,"2019/08/21 23:40:00",MACKNTSH,85.570010
D,DISPATCH,UNIT_SCADA,1,"2019/08/21 23:40:00",MANSLR1,0
D,DISPATCH,UNIT_SCADA,1,"2019/08/21 23:40:00",MCKAY1,0.02
D,DISPATCH,UNIT_SCADA,1,"2019/08/21 23:40:00",MEADOWBK,33.810140
D,DISPATCH,UNIT_SCADA,1,"2019/08/21 23:40:00",MERCER01,124.916990
D,DISPATCH,UNIT_SCADA,1,"2019/08/21 23:40:00",MEWF1,89.534460
D,DISPATCH,UNIT_SCADA,1,"2019/08/21 23:40:00",MINTARO,0
D,DISPATCH,UNIT_SCADA,1,"2019/08/21 23:40:00",MOREESF1,0
D,DISPATCH,UNIT_SCADA,1,"2019/08/21 23:40:00",MORTLK11,0
D,DISPATCH,UNIT_SCADA,1,"2019/08/21 23:40:00",MORTLK12,0
D,DISPATCH,UNIT_SCADA,1,"2019/08/21 23:40:00",MP1,282.275020
D,DISPATCH,UNIT_SCADA,1,"2019/08/21 23:40:00",MP2,0
D,DISPATCH,UNIT_SCADA,1,"2019/08/21 23:40:00",MPP_1,384.25
D,DISPATCH,UNIT_SCADA,1,"2019/08/21 23:40:00",MPP_2,421.75
D,DISPATCH,UNIT_SCADA,1,"2019/08/21 23:40:00",MSTUART1,0
D,DISPATCH,UNIT_SCADA,1,"2019/08/21 23:40:00",MSTUART2,0
D,DISPATCH,UNIT_SCADA,1,"2019/08/21 23:40:00",MSTUART3,0
D,DISPATCH,UNIT_SCADA,1,"2019/08/21 23:40:00",MTGELWF1,63.640250
D,DISPATCH,UNIT_SCADA,1,"2019/08/21 23:40:00",MURRAY,0
D,DISPATCH,UNIT_SCADA,1,"2019/08/21 23:40:00",MUSSELR1,159.899990
D,DISPATCH,UNIT_SCADA,1,"2019/08/21 23:40:00",MUWAWF1,56.29
D,DISPATCH,UNIT_SCADA,1,"2019/08/21 23:40:00",NBHWF1,63.10
D,DISPATCH,UNIT_SCADA,1,"2019/08/21 23:40:00",NPS,0
D,DISPATCH,UNIT_SCADA,1,"2019/08/21 23:40:00",NUMURSF1,0
D,DISPATCH,UNIT_SCADA,1,"2019/08/21 23:40:00",NYNGAN1,0
D,DISPATCH,UNIT_SCADA,1,"2019/08/21 23:40:00",OAKEY1,0
D,DISPATCH,UNIT_SCADA,1,"2019/08/21 23:40:00",OAKEY1SF,0
D,DISPATCH,UNIT_SCADA,1,"2019/08/21 23:40:00",OAKEY2,0
D,DISPATCH,UNIT_SCADA,1,"2019/08/21 23:40:00",OAKLAND1,61.50
D,DISPATCH,UNIT_SCADA,1,"2019/08/21 23:40:00",OSB-AG,0
D,DISPATCH,UNIT_SCADA,1,"2019/08/21 23:40:00",PARSF1,0
D,DISPATCH,UNIT_SCADA,1,"2019/08/21 23:40:00",POAT110,0
D,DISPATCH,UNIT_SCADA,1,"2019/08/21 23:40:00",POAT220,1.23
D,DISPATCH,UNIT_SCADA,1,"2019/08/21 23:40:00",POR01,0
D,DISPATCH,UNIT_SCADA,1,"2019/08/21 23:40:00",POR03,0
D,DISPATCH,UNIT_SCADA,1,"2019/08/21 23:40:00",PPCCGT,338.643950
D,DISPATCH,UNIT_SCADA,1,"2019/08/21 23:40:00",PTSTAN1,0
D,DISPATCH,UNIT_SCADA,1,"2019/08/21 23:40:00",PUMP1,0
D,DISPATCH,UNIT_SCADA,1,"2019/08/21 23:40:00",PUMP2,0
D,DISPATCH,UNIT_SCADA,1,"2019/08/21 23:40:00",QPS1,0
D,DISPATCH,UNIT_SCADA,1,"2019/08/21 23:40:00",QPS2,0
D,DISPATCH,UNIT_SCADA,1,"2019/08/21 23:40:00",QPS3,0
D,DISPATCH,UNIT_SCADA,1,"2019/08/21 23:40:00",QPS4,0
D,DISPATCH,UNIT_SCADA,1,"2019/08/21 23:40:00",QPS5,0
D,DISPATCH,UNIT_SCADA,1,"2019/08/21 23:40:00",REECE1,116.88
D,DISPATCH,UNIT_SCADA,1,"2019/08/21 23:40:00",REECE2,118.520010
D,DISPATCH,UNIT_SCADA,1,"2019/08/21 23:40:00",ROMA_7,0
D,DISPATCH,UNIT_SCADA,1,"2019/08/21 23:40:00",ROMA_8,0
D,DISPATCH,UNIT_SCADA,1,"2019/08/21 23:40:00",RRSF1,0
D,DISPATCH,UNIT_SCADA,1,"2019/08/21 23:40:00",RT_NSW1,0
D,DISPATCH,UNIT_SCADA,1,"2019/08/21 23:40:00",RT_NSW2,0
D,DISPATCH,UNIT_SCADA,1,"2019/08/21 23:40:00",RT_NSW3,0
D,DISPATCH,UNIT_SCADA,1,"2019/08/21 23:40:00",RT_NSW4,0
D,DISPATCH,UNIT_SCADA,1,"2019/08/21 23:40:00",RT_NSW5,0
D,DISPATCH,UNIT_SCADA,1,"2019/08/21 23:40:00",RT_NSW6,0
D,DISPATCH,UNIT_SCADA,1,"2019/08/21 23:40:00",RT_QLD1,0
D,DISPATCH,UNIT_SCADA,1,"2019/08/21 23:40:00",RT_SA1,0
D,DISPATCH,UNIT_SCADA,1,"2019/08/21 23:40:00",RT_SA2,0
D,DISPATCH,UNIT_SCADA,1,"2019/08/21 23:40:00",RT_SA3,0
D,DISPATCH,UNIT_SCADA,1,"2019/08/21 23:40:00",RT_SA4,0
D,DISPATCH,UNIT_SCADA,1,"2019/08/21 23:40:00",RT_SA5,0
D,DISPATCH,UNIT_SCADA,1,"2019/08/21 23:40:00",RT_SA6,0
D,DISPATCH,UNIT_SCADA,1,"2019/08/21 23:40:00",RT_TAS1,0
D,DISPATCH,UNIT_SCADA,1,"2019/08/21 23:40:00",RT_VIC1,0
D,DISPATCH,UNIT_SCADA,1,"2019/08/21 23:40:00",RT_VIC10,0
D,DISPATCH,UNIT_SCADA,1,"2019/08/21 23:40:00",RT_VIC11,0
D,DISPATCH,UNIT_SCADA,1,"2019/08/21 23:40:00",RT_VIC12,0
D,DISPATCH,UNIT_SCADA,1,"2019/08/21 23:40:00",RT_VIC2,0
D,DISPATCH,UNIT_SCADA,1,"2019/08/21 23:40:00",RT_VIC3,0
D,DISPATCH,UNIT_SCADA,1,"2019/08/21 23:40:00",RT_VIC4,0
D,DISPATCH,UNIT_SCADA,1,"2019/08/21 23:40:00",RT_VIC5,0
D,DISPATCH,UNIT_SCADA,1,"2019/08/21 23:40:00",RT_VIC6,0
D,DISPATCH,UNIT_SCADA,1,"2019/08/21 23:40:00",RT_VIC7,0
D,DISPATCH,UNIT_SCADA,1,"2019/08/21 23:40:00",RT_VIC8,0
D,DISPATCH,UNIT_SCADA,1,"2019/08/21 23:40:00",RT_VIC9,0
D,DISPATCH,UNIT_SCADA,1,"2019/08/21 23:40:00",RUGBYR1,0
D,DISPATCH,UNIT_SCADA,1,"2019/08/21 23:40:00",SALTCRK1,52.45
D,DISPATCH,UNIT_SCADA,1,"2019/08/21 23:40:00",SAPHWF1,223.406250
D,DISPATCH,UNIT_SCADA,1,"2019/08/21 23:40:00",SHGEN,0
D,DISPATCH,UNIT_SCADA,1,"2019/08/21 23:40:00",SHPUMP,80.8375
D,DISPATCH,UNIT_SCADA,1,"2019/08/21 23:40:00",SITHE01,0.123710
D,DISPATCH,UNIT_SCADA,1,"2019/08/21 23:40:00",SMCSF1,0
D,DISPATCH,UNIT_SCADA,1,"2019/08/21 23:40:00",SNOWNTH1,135.700010
D,DISPATCH,UNIT_SCADA,1,"2019/08/21 23:40:00",SNOWSTH1,90.80
D,DISPATCH,UNIT_SCADA,1,"2019/08/21 23:40:00",SNOWTWN1,81.112820
D,DISPATCH,UNIT_SCADA,1,"2019/08/21 23:40:00",SNOWYP,0
D,DISPATCH,UNIT_SCADA,1,"2019/08/21 23:40:00",SNUG1,0.019440
D,DISPATCH,UNIT_SCADA,1,"2019/08/21 23:40:00",SRSF1,0.44
D,DISPATCH,UNIT_SCADA,1,"2019/08/21 23:40:00",STAN-1,0
D,DISPATCH,UNIT_SCADA,1,"2019/08/21 23:40:00",STAN-2,281.1969
D,DISPATCH,UNIT_SCADA,1,"2019/08/21 23:40:00",STAN-3,279.633120
D,DISPATCH,UNIT_SCADA,1,"2019/08/21 23:40:00",STAN-4,280.325290
D,DISPATCH,UNIT_SCADA,1,"2019/08/21 23:40:00",STWF1,166.882490
D,DISPATCH,UNIT_SCADA,1,"2019/08/21 23:40:00",SWAN_E,0
D,DISPATCH,UNIT_SCADA,1,"2019/08/21 23:40:00",TALWA1,191
D,DISPATCH,UNIT_SCADA,1,"2019/08/21 23:40:00",TARALGA1,98.013760
D,DISPATCH,UNIT_SCADA,1,"2019/08/21 23:40:00",TARONG#1,288.300020
D,DISPATCH,UNIT_SCADA,1,"2019/08/21 23:40:00",TARONG#2,288
D,DISPATCH,UNIT_SCADA,1,"2019/08/21 23:40:00",TARONG#3,260.200010
D,DISPATCH,UNIT_SCADA,1,"2019/08/21 23:40:00",TARONG#4,288.100010
D,DISPATCH,UNIT_SCADA,1,"2019/08/21 23:40:00",TARRALEA,83.90
D,DISPATCH,UNIT_SCADA,1,"2019/08/21 23:40:00",TBSF1,-0.20
D,DISPATCH,UNIT_SCADA,1,"2019/08/21 23:40:00",TNPS1,442.000030
D,DISPATCH,UNIT_SCADA,1,"2019/08/21 23:40:00",TORRA1,36.282770
D,DISPATCH,UNIT_SCADA,1,"2019/08/21 23:40:00",TORRA2,0
D,DISPATCH,UNIT_SCADA,1,"2019/08/21 23:40:00",TORRA3,0
D,DISPATCH,UNIT_SCADA,1,"2019/08/21 23:40:00",TORRA4,0
D,DISPATCH,UNIT_SCADA,1,"2019/08/21 23:40:00",TORRB1,40.12
D,DISPATCH,UNIT_SCADA,1,"2019/08/21 23:40:00",TORRB2,39.69
D,DISPATCH,UNIT_SCADA,1,"2019/08/21 23:40:00",TORRB3,0
D,DISPATCH,UNIT_SCADA,1,"2019/08/21 23:40:00",TORRB4,0
D,DISPATCH,UNIT_SCADA,1,"2019/08/21 23:40:00",TREVALLN,17.60
D,DISPATCH,UNIT_SCADA,1,"2019/08/21 23:40:00",TRIBUTE,83.75
D,DISPATCH,UNIT_SCADA,1,"2019/08/21 23:40:00",TUMUT3,0
D,DISPATCH,UNIT_SCADA,1,"2019/08/21 23:40:00",TUNGATIN,126.770030
D,DISPATCH,UNIT_SCADA,1,"2019/08/21 23:40:00",TVCC201,0
D,DISPATCH,UNIT_SCADA,1,"2019/08/21 23:40:00",TVPP104,0
D,DISPATCH,UNIT_SCADA,1,"2019/08/21 23:40:00",UPPTUMUT,0
D,DISPATCH,UNIT_SCADA,1,"2019/08/21 23:40:00",URANQ11,0
D,DISPATCH,UNIT_SCADA,1,"2019/08/21 23:40:00",URANQ12,0
D,DISPATCH,UNIT_SCADA,1,"2019/08/21 23:40:00",URANQ13,0
D,DISPATCH,UNIT_SCADA,1,"2019/08/21 23:40:00",URANQ14,0
D,DISPATCH,UNIT_SCADA,1,"2019/08/21 23:40:00",VP5,411.499970
D,DISPATCH,UNIT_SCADA,1,"2019/08/21 23:40:00",VP6,408.024960
D,DISPATCH,UNIT_SCADA,1,"2019/08/21 23:40:00",VPGS1,0
D,DISPATCH,UNIT_SCADA,1,"2019/08/21 23:40:00",VPGS2,0
D,DISPATCH,UNIT_SCADA,1,"2019/08/21 23:40:00",VPGS3,0
D,DISPATCH,UNIT_SCADA,1,"2019/08/21 23:40:00",VPGS4,0
D,DISPATCH,UNIT_SCADA,1,"2019/08/21 23:40:00",VPGS5,0
D,DISPATCH,UNIT_SCADA,1,"2019/08/21 23:40:00",VPGS6,0
D,DISPATCH,UNIT_SCADA,1,"2019/08/21 23:40:00",W/HOE#1,0
D,DISPATCH,UNIT_SCADA,1,"2019/08/21 23:40:00",W/HOE#2,0
D,DISPATCH,UNIT_SCADA,1,"2019/08/21 23:40:00",WATERLWF,92.60
D,DISPATCH,UNIT_SCADA,1,"2019/08/21 23:40:00",WEMENSF1,0
D,DISPATCH,UNIT_SCADA,1,"2019/08/21 23:40:00",WGWF1,69.50
D,DISPATCH,UNIT_SCADA,1,"2019/08/21 23:40:00",WHITSF1,0
D,DISPATCH,UNIT_SCADA,1,"2019/08/21 23:40:00",WKIEWA1,0
D,DISPATCH,UNIT_SCADA,1,"2019/08/21 23:40:00",WKIEWA2,29.40
D,DISPATCH,UNIT_SCADA,1,"2019/08/21 23:40:00",WOODLWN1,45.0450
D,DISPATCH,UNIT_SCADA,1,"2019/08/21 23:40:00",WRSF1,0
D,DISPATCH,UNIT_SCADA,1,"2019/08/21 23:40:00",WRWF1,146.198730
D,DISPATCH,UNIT_SCADA,1,"2019/08/21 23:40:00",YABULU,0
D,DISPATCH,UNIT_SCADA,1,"2019/08/21 23:40:00",YABULU2,0
D,DISPATCH,UNIT_SCADA,1,"2019/08/21 23:40:00",YARWUN_1,79.40
D,DISPATCH,UNIT_SCADA,1,"2019/08/21 23:40:00",YENDWF1,42.33
D,DISPATCH,UNIT_SCADA,1,"2019/08/21 23:40:00",YWPS1,378.6962
D,DISPATCH,UNIT_SCADA,1,"2019/08/21 23:40:00",YWPS2,279.194950
D,DISPATCH,UNIT_SCADA,1,"2019/08/21 23:40:00",YWPS3,0
D,DISPATCH,UNIT_SCADA,1,"2019/08/21 23:40:00",YWPS4,393.826570
C,"END OF REPORT",334
