C,NEMP.WORLD,DISPATCHSCADA,AEMO,PUBLIC,2019/08/23,01:40:08,0000000311889110,DISPATCHSCADA,0000000311889104
I,DISPATCH,UNIT_SCADA,1,SETTLEMENTDATE,DUID,SCADAVALUE
D,DISPATCH,UNIT_SCADA,1,"2019/08/23 01:45:00",BARCSF1,0
D,DISPATCH,UNIT_SCADA,1,"2019/08/23 01:45:00",BUTLERSG,9.699999
D,DISPATCH,UNIT_SCADA,1,"2019/08/23 01:45:00",CALL_A_4,0
D,DISPATCH,UNIT_SCADA,1,"2019/08/23 01:45:00",CAPTL_WF,18.2920
D,DISPATCH,UNIT_SCADA,1,"2019/08/23 01:45:00",CATHROCK,28.179998
D,DISPATCH,UNIT_SCADA,1,"2019/08/23 01:45:00",CHALLHWF,0
D,DISPATCH,UNIT_SCADA,1,"2019/08/23 01:45:00",CLOVER,-0.01
D,DISPATCH,UNIT_SCADA,1,"2019/08/23 01:45:00",CLUNY,20.240330
D,DISPATCH,UNIT_SCADA,1,"2019/08/23 01:45:00",CNUNDAWF,1.101285
D,DISPATCH,UNIT_SCADA,1,"2019/08/23 01:45:00",CULLRGWF,5.78
D,DISPATCH,UNIT_SCADA,1,"2019/08/23 01:45:00",ERGT01,0
D,DISPATCH,UNIT_SCADA,1,"2019/08/23 01:45:00",GB01,0.068806
D,DISPATCH,UNIT_SCADA,1,"2019/08/23 01:45:00",GERMCRK,35.799999
D,DISPATCH,UNIT_SCADA,1,"2019/08/23 01:45:00",GRIFSF1,0
D,DISPATCH,UNIT_SCADA,1,"2019/08/23 01:45:00",HUGSF1,-0.2370
D,DISPATCH,UNIT_SCADA,1,"2019/08/23 01:45:00",LKBONNY1,0.803784
D,DISPATCH,UNIT_SCADA,1,"2019/08/23 01:45:00",LRSF1,-0.0130
D,DISPATCH,UNIT_SCADA,1,"2019/08/23 01:45:00",MBAHNTH,55.743744
D,DISPATCH,UNIT_SCADA,1,"2019/08/23 01:45:00",MLSP1,0.180001
D,DISPATCH,UNIT_SCADA,1,"2019/08/23 01:45:00",MLWF1,0.5250
D,DISPATCH,UNIT_SCADA,1,"2019/08/23 01:45:00",MTMILLAR,7.344574
D,DISPATCH,UNIT_SCADA,1,"2019/08/23 01:45:00",PALOONA,28.599998
D,DISPATCH,UNIT_SCADA,1,"2019/08/23 01:45:00",PIONEER,47.400002
D,DISPATCH,UNIT_SCADA,1,"2019/08/23 01:45:00",PORTWF,3.30
D,DISPATCH,UNIT_SCADA,1,"2019/08/23 01:45:00",REPULSE,28.885328
D,DISPATCH,UNIT_SCADA,1,"2019/08/23 01:45:00",ROWALLAN,10.4938
D,DISPATCH,UNIT_SCADA,1,"2019/08/23 01:45:00",ROYALLA1,0
D,DISPATCH,UNIT_SCADA,1,"2019/08/23 01:45:00",RPCG,11.30
D,DISPATCH,UNIT_SCADA,1,"2019/08/23 01:45:00",RUBICON,0
D,DISPATCH,UNIT_SCADA,1,"2019/08/23 01:45:00",SATGN1,0
D,DISPATCH,UNIT_SCADA,1,"2019/08/23 01:45:00",SATGS1,0
D,DISPATCH,UNIT_SCADA,1,"2019/08/23 01:45:00",STARHLWF,0.199942
D,DISPATCH,UNIT_SCADA,1,"2019/08/23 01:45:00",WAUBRAWF,26.7640
D,DISPATCH,UNIT_SCADA,1,"2019/08/23 01:45:00",WOOLNTH1,26.120016
D,DISPATCH,UNIT_SCADA,1,"2019/08/23 01:45:00",WPWF,0
D,DISPATCH,UNIT_SCADA,1,"2019/08/23 01:45:00",YAMBUKWF,0.70
D,DISPATCH,UNIT_SCADA,1,"2019/08/23 01:45:00",YSWF1,0
D,DISPATCH,UNIT_SCADA,1,"2019/08/23 01:45:00",AGLHAL,0
D,DISPATCH,UNIT_SCADA,1,"2019/08/23 01:45:00",AGLSOM,0
D,DISPATCH,UNIT_SCADA,1,"2019/08/23 01:45:00",ANGAST1,0
D,DISPATCH,UNIT_SCADA,1,"2019/08/23 01:45:00",ARWF1,5.50
D,DISPATCH,UNIT_SCADA,1,"2019/08/23 01:45:00",BALBG1,0
D,DISPATCH,UNIT_SCADA,1,"2019/08/23 01:45:00",BALBL1,0
D,DISPATCH,UNIT_SCADA,1,"2019/08/23 01:45:00",BALDHWF1,15.3240
D,DISPATCH,UNIT_SCADA,1,"2019/08/23 01:45:00",BANN1,0
D,DISPATCH,UNIT_SCADA,1,"2019/08/23 01:45:00",BARCALDN,0
D,DISPATCH,UNIT_SCADA,1,"2019/08/23 01:45:00",BARRON-1,0
D,DISPATCH,UNIT_SCADA,1,"2019/08/23 01:45:00",BARRON-2,0
D,DISPATCH,UNIT_SCADA,1,"2019/08/23 01:45:00",BASTYAN,77.84
D,DISPATCH,UNIT_SCADA,1,"2019/08/23 01:45:00",BBTHREE1,-2.07
D,DISPATCH,UNIT_SCADA,1,"2019/08/23 01:45:00",BBTHREE2,-2.10
D,DISPATCH,UNIT_SCADA,1,"2019/08/23 01:45:00",BBTHREE3,-1.18
D,DISPATCH,UNIT_SCADA,1,"2019/08/23 01:45:00",BDL01,0
D,DISPATCH,UNIT_SCADA,1,"2019/08/23 01:45:00",BDL02,0
D,DISPATCH,UNIT_SCADA,1,"2019/08/23 01:45:00",BERYLSF1,-0.179440
D,DISPATCH,UNIT_SCADA,1,"2019/08/23 01:45:00",BLOWERNG,0
D,DISPATCH,UNIT_SCADA,1,"2019/08/23 01:45:00",BLUFF1,1.70
D,DISPATCH,UNIT_SCADA,1,"2019/08/23 01:45:00",BNGSF1,0
D,DISPATCH,UNIT_SCADA,1,"2019/08/23 01:45:00",BNGSF2,0
D,DISPATCH,UNIT_SCADA,1,"2019/08/23 01:45:00",BOCORWF1,28.91
D,DISPATCH,UNIT_SCADA,1,"2019/08/23 01:45:00",BODWF1,79.341480
D,DISPATCH,UNIT_SCADA,1,"2019/08/23 01:45:00",BRAEMAR1,0
D,DISPATCH,UNIT_SCADA,1,"2019/08/23 01:45:00",BRAEMAR2,0
D,DISPATCH,UNIT_SCADA,1,"2019/08/23 01:45:00",BRAEMAR3,0
D,DISPATCH,UNIT_SCADA,1,"2019/08/23 01:45:00",BRAEMAR5,0
D,DISPATCH,UNIT_SCADA,1,"2019/08/23 01:45:00",BRAEMAR6,0
D,DISPATCH,UNIT_SCADA,1,"2019/08/23 01:45:00",BRAEMAR7,0
D,DISPATCH,UNIT_SCADA,1,"2019/08/23 01:45:00",BROKENH1,0
D,DISPATCH,UNIT_SCADA,1,"2019/08/23 01:45:00",BW01,635.974980
D,DISPATCH,UNIT_SCADA,1,"2019/08/23 01:45:00",BW02,649.650020
D,DISPATCH,UNIT_SCADA,1,"2019/08/23 01:45:00",BW03,643.325070
D,DISPATCH,UNIT_SCADA,1,"2019/08/23 01:45:00",BW04,0
D,DISPATCH,UNIT_SCADA,1,"2019/08/23 01:45:00",CALL_B_1,215.50
D,DISPATCH,UNIT_SCADA,1,"2019/08/23 01:45:00",CALL_B_2,350.800020
D,DISPATCH,UNIT_SCADA,1,"2019/08/23 01:45:00",CETHANA,97.885120
D,DISPATCH,UNIT_SCADA,1,"2019/08/23 01:45:00",CG1,0
D,DISPATCH,UNIT_SCADA,1,"2019/08/23 01:45:00",CG2,0
D,DISPATCH,UNIT_SCADA,1,"2019/08/23 01:45:00",CG3,0
D,DISPATCH,UNIT_SCADA,1,"2019/08/23 01:45:00",CG4,0
D,DISPATCH,UNIT_SCADA,1,"2019/08/23 01:45:00",CHILDSF1,0
D,DISPATCH,UNIT_SCADA,1,"2019/08/23 01:45:00",CLARESF1,0
D,DISPATCH,UNIT_SCADA,1,"2019/08/23 01:45:00",CLEMGPWF,16.712120
D,DISPATCH,UNIT_SCADA,1,"2019/08/23 01:45:00",CLERMSF1,0
D,DISPATCH,UNIT_SCADA,1,"2019/08/23 01:45:00",COLEASF1,0
D,DISPATCH,UNIT_SCADA,1,"2019/08/23 01:45:00",COOPGWF1,33.918860
D,DISPATCH,UNIT_SCADA,1,"2019/08/23 01:45:00",CPP_3,405.350010
D,DISPATCH,UNIT_SCADA,1,"2019/08/23 01:45:00",CPP_4,406.725010
D,DISPATCH,UNIT_SCADA,1,"2019/08/23 01:45:00",CPSA,142.5350
D,DISPATCH,UNIT_SCADA,1,"2019/08/23 01:45:00",CROOKWF2,0.398750
D,DISPATCH,UNIT_SCADA,1,"2019/08/23 01:45:00",CROWLWF1,5.362940
D,DISPATCH,UNIT_SCADA,1,"2019/08/23 01:45:00",CSPVPS1,0
D,DISPATCH,UNIT_SCADA,1,"2019/08/23 01:45:00",DALNTH01,0
D,DISPATCH,UNIT_SCADA,1,"2019/08/23 01:45:00",DALNTHL1,0.077820
D,DISPATCH,UNIT_SCADA,1,"2019/08/23 01:45:00",DARTM1,134.399990
D,DISPATCH,UNIT_SCADA,1,"2019/08/23 01:45:00",DAYDSF1,0
D,DISPATCH,UNIT_SCADA,1,"2019/08/23 01:45:00",DDPS1,254.738130
D,DISPATCH,UNIT_SCADA,1,"2019/08/23 01:45:00",DDSF1,0
D,DISPATCH,UNIT_SCADA,1,"2019/08/23 01:45:00",DEVILS_G,0
D,DISPATCH,UNIT_SCADA,1,"2019/08/23 01:45:00",DG_NSW1,0
D,DISPATCH,UNIT_SCADA,1,"2019/08/23 01:45:00",DG_QLD1,0
D,DISPATCH,UNIT_SCADA,1,"2019/08/23 01:45:00",DG_SA1,0
D,DISPATCH,UNIT_SCADA,1,"2019/08/23 01:45:00",DG_TAS1,0
D,DISPATCH,UNIT_SCADA,1,"2019/08/23 01:45:00",DG_VIC1,0
D,DISPATCH,UNIT_SCADA,1,"2019/08/23 01:45:00",DRYCGT1,0
D,DISPATCH,UNIT_SCADA,1,"2019/08/23 01:45:00",DRYCGT2,0
D,DISPATCH,UNIT_SCADA,1,"2019/08/23 01:45:00",DRYCGT3,0
D,DISPATCH,UNIT_SCADA,1,"2019/08/23 01:45:00",EILDON1,0
D,DISPATCH,UNIT_SCADA,1,"2019/08/23 01:45:00",EILDON2,0
D,DISPATCH,UNIT_SCADA,1,"2019/08/23 01:45:00",EMERASF1,0
D,DISPATCH,UNIT_SCADA,1,"2019/08/23 01:45:00",ER01,492.224980
D,DISPATCH,UNIT_SCADA,1,"2019/08/23 01:45:00",ER02,352.599980
D,DISPATCH,UNIT_SCADA,1,"2019/08/23 01:45:00",ER03,379.900020
D,DISPATCH,UNIT_SCADA,1,"2019/08/23 01:45:00",ER04,491.699950
D,DISPATCH,UNIT_SCADA,1,"2019/08/23 01:45:00",FINLYSF1,0
D,DISPATCH,UNIT_SCADA,1,"2019/08/23 01:45:00",FISHER,45.83
D,DISPATCH,UNIT_SCADA,1,"2019/08/23 01:45:00",GANNBG1,0
D,DISPATCH,UNIT_SCADA,1,"2019/08/23 01:45:00",GANNBL1,0.7912
D,DISPATCH,UNIT_SCADA,1,"2019/08/23 01:45:00",GANNSF1,0
D,DISPATCH,UNIT_SCADA,1,"2019/08/23 01:45:00",GORDON,113.737110
D,DISPATCH,UNIT_SCADA,1,"2019/08/23 01:45:00",GSTONE1,259.350010
D,DISPATCH,UNIT_SCADA,1,"2019/08/23 01:45:00",GSTONE2,229.95
D,DISPATCH,UNIT_SCADA,1,"2019/08/23 01:45:00",GSTONE3,249.55
D,DISPATCH,UNIT_SCADA,1,"2019/08/23 01:45:00",GSTONE4,194.4250
D,DISPATCH,UNIT_SCADA,1,"2019/08/23 01:45:00",GSTONE5,259.699980
D,DISPATCH,UNIT_SCADA,1,"2019/08/23 01:45:00",GSTONE6,0
D,DISPATCH,UNIT_SCADA,1,"2019/08/23 01:45:00",GULLRSF1,0
D,DISPATCH,UNIT_SCADA,1,"2019/08/23 01:45:00",GULLRWF1,3.409790
D,DISPATCH,UNIT_SCADA,1,"2019/08/23 01:45:00",GUNNING1,1.045330
D,DISPATCH,UNIT_SCADA,1,"2019/08/23 01:45:00",GUTHEGA,0
D,DISPATCH,UNIT_SCADA,1,"2019/08/23 01:45:00",HALLWF1,21.69
D,DISPATCH,UNIT_SCADA,1,"2019/08/23 01:45:00",HALLWF2,11.81
D,DISPATCH,UNIT_SCADA,1,"2019/08/23 01:45:00",HAMISF1,0
D,DISPATCH,UNIT_SCADA,1,"2019/08/23 01:45:00",HAUGHT11,0
D,DISPATCH,UNIT_SCADA,1,"2019/08/23 01:45:00",HAYMSF1,0
D,DISPATCH,UNIT_SCADA,1,"2019/08/23 01:45:00",HDWF1,33.20
D,DISPATCH,UNIT_SCADA,1,"2019/08/23 01:45:00",HDWF2,32.60
D,DISPATCH,UNIT_SCADA,1,"2019/08/23 01:45:00",HDWF3,42.80
D,DISPATCH,UNIT_SCADA,1,"2019/08/23 01:45:00",HPRG1,2.60
D,DISPATCH,UNIT_SCADA,1,"2019/08/23 01:45:00",HPRL1,0
D,DISPATCH,UNIT_SCADA,1,"2019/08/23 01:45:00",HUMENSW,0
D,DISPATCH,UNIT_SCADA,1,"2019/08/23 01:45:00",HUMEV,9
D,DISPATCH,UNIT_SCADA,1,"2019/08/23 01:45:00",HVGTS,0
D,DISPATCH,UNIT_SCADA,1,"2019/08/23 01:45:00",JBUTTERS,143.009990
D,DISPATCH,UNIT_SCADA,1,"2019/08/23 01:45:00",JLA01,0.10
D,DISPATCH,UNIT_SCADA,1,"2019/08/23 01:45:00",JLA02,0
D,DISPATCH,UNIT_SCADA,1,"2019/08/23 01:45:00",JLA03,0.10
D,DISPATCH,UNIT_SCADA,1,"2019/08/23 01:45:00",JLA04,0.10
D,DISPATCH,UNIT_SCADA,1,"2019/08/23 01:45:00",JLB01,0
D,DISPATCH,UNIT_SCADA,1,"2019/08/23 01:45:00",JLB02,0.10
D,DISPATCH,UNIT_SCADA,1,"2019/08/23 01:45:00",JLB03,0
D,DISPATCH,UNIT_SCADA,1,"2019/08/23 01:45:00",KAREEYA1,21.5150
D,DISPATCH,UNIT_SCADA,1,"2019/08/23 01:45:00",KAREEYA2,21.6575
D,DISPATCH,UNIT_SCADA,1,"2019/08/23 01:45:00",KAREEYA3,0
D,DISPATCH,UNIT_SCADA,1,"2019/08/23 01:45:00",KAREEYA4,21.7875
D,DISPATCH,UNIT_SCADA,1,"2019/08/23 01:45:00",KARSF1,0
D,DISPATCH,UNIT_SCADA,1,"2019/08/23 01:45:00",KIATAWF1,-0.30
D,DISPATCH,UNIT_SCADA,1,"2019/08/23 01:45:00",KPP_1,0
D,DISPATCH,UNIT_SCADA,1,"2019/08/23 01:45:00",KSP1,0
D,DISPATCH,UNIT_SCADA,1,"2019/08/23 01:45:00",LADBROK1,0
D,DISPATCH,UNIT_SCADA,1,"2019/08/23 01:45:00",LADBROK2,0
D,DISPATCH,UNIT_SCADA,1,"2019/08/23 01:45:00",LD01,351.412540
D,DISPATCH,UNIT_SCADA,1,"2019/08/23 01:45:00",LD02,297.956270
D,DISPATCH,UNIT_SCADA,1,"2019/08/23 01:45:00",LD03,344.475040
D,DISPATCH,UNIT_SCADA,1,"2019/08/23 01:45:00",LD04,344.324980
D,DISPATCH,UNIT_SCADA,1,"2019/08/23 01:45:00",LEM_WIL,86.061140
D,DISPATCH,UNIT_SCADA,1,"2019/08/23 01:45:00",LGAPWF1,1.96
D,DISPATCH,UNIT_SCADA,1,"2019/08/23 01:45:00",LILYSF1,0
D,DISPATCH,UNIT_SCADA,1,"2019/08/23 01:45:00",LI_WY_CA,149.687180
D,DISPATCH,UNIT_SCADA,1,"2019/08/23 01:45:00",LKBONNY2,4.409520
D,DISPATCH,UNIT_SCADA,1,"2019/08/23 01:45:00",LKBONNY3,2.177060
D,DISPATCH,UNIT_SCADA,1,"2019/08/23 01:45:00",LK_ECHO,0
D,DISPATCH,UNIT_SCADA,1,"2019/08/23 01:45:00",LNGS1,0
D,DISPATCH,UNIT_SCADA,1,"2019/08/23 01:45:00",LNGS2,0
D,DISPATCH,UNIT_SCADA,1,"2019/08/23 01:45:00",LONSDALE,0
D,DISPATCH,UNIT_SCADA,1,"2019/08/23 01:45:00",LOYYB1,535.712650
D,DISPATCH,UNIT_SCADA,1,"2019/08/23 01:45:00",LOYYB2,581.954410
D,DISPATCH,UNIT_SCADA,1,"2019/08/23 01:45:00",LYA1,559
D,DISPATCH,UNIT_SCADA,1,"2019/08/23 01:45:00",LYA2,0
D,DISPATCH,UNIT_SCADA,1,"2019/08/23 01:45:00",LYA3,559
D,DISPATCH,UNIT_SCADA,1,"2019/08/23 01:45:00",LYA4,540
D,DISPATCH,UNIT_SCADA,1,"2019/08/23 01:45:00",MACARTH1,0
D,DISPATCH,UNIT_SCADA,1,"2019/08/23 01:45:00",MACKAYGT,0
D,DISPATCH,UNIT_SCADA,1,"2019/08/23 01:45:00",MACKNTSH,86.010010
D,DISPATCH,UNIT_SCADA,1,"2019/08/23 01:45:00",MANSLR1,0
D,DISPATCH,UNIT_SCADA,1,"2019/08/23 01:45:00",MCKAY1,0.02
D,DISPATCH,UNIT_SCADA,1,"2019/08/23 01:45:00",MEADOWBK,33.781560
D,DISPATCH,UNIT_SCADA,1,"2019/08/23 01:45:00",MERCER01,-0.1250
D,DISPATCH,UNIT_SCADA,1,"2019/08/23 01:45:00",MEWF1,16.979970
D,DISPATCH,UNIT_SCADA,1,"2019/08/23 01:45:00",MINTARO,0
D,DISPATCH,UNIT_SCADA,1,"2019/08/23 01:45:00",MOREESF1,0
D,DISPATCH,UNIT_SCADA,1,"2019/08/23 01:45:00",MORTLK11,259
D,DISPATCH,UNIT_SCADA,1,"2019/08/23 01:45:00",MORTLK12,0
D,DISPATCH,UNIT_SCADA,1,"2019/08/23 01:45:00",MP1,279.3750
D,DISPATCH,UNIT_SCADA,1,"2019/08/23 01:45:00",MP2,0
D,DISPATCH,UNIT_SCADA,1,"2019/08/23 01:45:00",MPP_1,374.50
D,DISPATCH,UNIT_SCADA,1,"2019/08/23 01:45:00",MPP_2,410
D,DISPATCH,UNIT_SCADA,1,"2019/08/23 01:45:00",MSTUART1,0
D,DISPATCH,UNIT_SCADA,1,"2019/08/23 01:45:00",MSTUART2,0
D,DISPATCH,UNIT_SCADA,1,"2019/08/23 01:45:00",MSTUART3,0
D,DISPATCH,UNIT_SCADA,1,"2019/08/23 01:45:00",MTGELWF1,-0.321970
D,DISPATCH,UNIT_SCADA,1,"2019/08/23 01:45:00",MURRAY,212.19
D,DISPATCH,UNIT_SCADA,1,"2019/08/23 01:45:00",MUSSELR1,3.60
D,DISPATCH,UNIT_SCADA,1,"2019/08/23 01:45:00",MUWAWF1,-0.10
D,DISPATCH,UNIT_SCADA,1,"2019/08/23 01:45:00",NBHWF1,40.80
D,DISPATCH,UNIT_SCADA,1,"2019/08/23 01:45:00",NPS,204
D,DISPATCH,UNIT_SCADA,1,"2019/08/23 01:45:00",NUMURSF1,0
D,DISPATCH,UNIT_SCADA,1,"2019/08/23 01:45:00",NYNGAN1,0
D,DISPATCH,UNIT_SCADA,1,"2019/08/23 01:45:00",OAKEY1,0
D,DISPATCH,UNIT_SCADA,1,"2019/08/23 01:45:00",OAKEY1SF,0
D,DISPATCH,UNIT_SCADA,1,"2019/08/23 01:45:00",OAKEY2,0
D,DISPATCH,UNIT_SCADA,1,"2019/08/23 01:45:00",OAKLAND1,2.50
D,DISPATCH,UNIT_SCADA,1,"2019/08/23 01:45:00",OSB-AG,175.77
D,DISPATCH,UNIT_SCADA,1,"2019/08/23 01:45:00",PARSF1,0
D,DISPATCH,UNIT_SCADA,1,"2019/08/23 01:45:00",POAT110,0
D,DISPATCH,UNIT_SCADA,1,"2019/08/23 01:45:00",POAT220,31.20
D,DISPATCH,UNIT_SCADA,1,"2019/08/23 01:45:00",POR01,0
D,DISPATCH,UNIT_SCADA,1,"2019/08/23 01:45:00",POR03,0
D,DISPATCH,UNIT_SCADA,1,"2019/08/23 01:45:00",PPCCGT,496.353580
D,DISPATCH,UNIT_SCADA,1,"2019/08/23 01:45:00",PTSTAN1,0
D,DISPATCH,UNIT_SCADA,1,"2019/08/23 01:45:00",PUMP1,0
D,DISPATCH,UNIT_SCADA,1,"2019/08/23 01:45:00",PUMP2,0
D,DISPATCH,UNIT_SCADA,1,"2019/08/23 01:45:00",QPS1,0
D,DISPATCH,UNIT_SCADA,1,"2019/08/23 01:45:00",QPS2,0
D,DISPATCH,UNIT_SCADA,1,"2019/08/23 01:45:00",QPS3,0
D,DISPATCH,UNIT_SCADA,1,"2019/08/23 01:45:00",QPS4,0
D,DISPATCH,UNIT_SCADA,1,"2019/08/23 01:45:00",QPS5,0
D,DISPATCH,UNIT_SCADA,1,"2019/08/23 01:45:00",REECE1,119.980010
D,DISPATCH,UNIT_SCADA,1,"2019/08/23 01:45:00",REECE2,118.440010
D,DISPATCH,UNIT_SCADA,1,"2019/08/23 01:45:00",ROMA_7,0
D,DISPATCH,UNIT_SCADA,1,"2019/08/23 01:45:00",ROMA_8,0
D,DISPATCH,UNIT_SCADA,1,"2019/08/23 01:45:00",RRSF1,0
D,DISPATCH,UNIT_SCADA,1,"2019/08/23 01:45:00",RT_NSW1,0
D,DISPATCH,UNIT_SCADA,1,"2019/08/23 01:45:00",RT_NSW2,0
D,DISPATCH,UNIT_SCADA,1,"2019/08/23 01:45:00",RT_NSW3,0
D,DISPATCH,UNIT_SCADA,1,"2019/08/23 01:45:00",RT_NSW4,0
D,DISPATCH,UNIT_SCADA,1,"2019/08/23 01:45:00",RT_NSW5,0
D,DISPATCH,UNIT_SCADA,1,"2019/08/23 01:45:00",RT_NSW6,0
D,DISPATCH,UNIT_SCADA,1,"2019/08/23 01:45:00",RT_QLD1,0
D,DISPATCH,UNIT_SCADA,1,"2019/08/23 01:45:00",RT_SA1,0
D,DISPATCH,UNIT_SCADA,1,"2019/08/23 01:45:00",RT_SA2,0
D,DISPATCH,UNIT_SCADA,1,"2019/08/23 01:45:00",RT_SA3,0
D,DISPATCH,UNIT_SCADA,1,"2019/08/23 01:45:00",RT_SA4,0
D,DISPATCH,UNIT_SCADA,1,"2019/08/23 01:45:00",RT_SA5,0
D,DISPATCH,UNIT_SCADA,1,"2019/08/23 01:45:00",RT_SA6,0
D,DISPATCH,UNIT_SCADA,1,"2019/08/23 01:45:00",RT_TAS1,0
D,DISPATCH,UNIT_SCADA,1,"2019/08/23 01:45:00",RT_VIC1,0
D,DISPATCH,UNIT_SCADA,1,"2019/08/23 01:45:00",RT_VIC10,0
D,DISPATCH,UNIT_SCADA,1,"2019/08/23 01:45:00",RT_VIC11,0
D,DISPATCH,UNIT_SCADA,1,"2019/08/23 01:45:00",RT_VIC12,0
D,DISPATCH,UNIT_SCADA,1,"2019/08/23 01:45:00",RT_VIC2,0
D,DISPATCH,UNIT_SCADA,1,"2019/08/23 01:45:00",RT_VIC3,0
D,DISPATCH,UNIT_SCADA,1,"2019/08/23 01:45:00",RT_VIC4,0
D,DISPATCH,UNIT_SCADA,1,"2019/08/23 01:45:00",RT_VIC5,0
D,DISPATCH,UNIT_SCADA,1,"2019/08/23 01:45:00",RT_VIC6,0
D,DISPATCH,UNIT_SCADA,1,"2019/08/23 01:45:00",RT_VIC7,0
D,DISPATCH,UNIT_SCADA,1,"2019/08/23 01:45:00",RT_VIC8,0
D,DISPATCH,UNIT_SCADA,1,"2019/08/23 01:45:00",RT_VIC9,0
D,DISPATCH,UNIT_SCADA,1,"2019/08/23 01:45:00",RUGBYR1,0
D,DISPATCH,UNIT_SCADA,1,"2019/08/23 01:45:00",SALTCRK1,-0.10
D,DISPATCH,UNIT_SCADA,1,"2019/08/23 01:45:00",SAPHWF1,38.278140
D,DISPATCH,UNIT_SCADA,1,"2019/08/23 01:45:00",SHGEN,0
D,DISPATCH,UNIT_SCADA,1,"2019/08/23 01:45:00",SHPUMP,0
D,DISPATCH,UNIT_SCADA,1,"2019/08/23 01:45:00",SITHE01,0.214140
D,DISPATCH,UNIT_SCADA,1,"2019/08/23 01:45:00",SMCSF1,0
D,DISPATCH,UNIT_SCADA,1,"2019/08/23 01:45:00",SNOWNTH1,16.30
D,DISPATCH,UNIT_SCADA,1,"2019/08/23 01:45:00",SNOWSTH1,23.90
D,DISPATCH,UNIT_SCADA,1,"2019/08/23 01:45:00",SNOWTWN1,27.902820
D,DISPATCH,UNIT_SCADA,1,"2019/08/23 01:45:00",SNOWYP,0
D,DISPATCH,UNIT_SCADA,1,"2019/08/23 01:45:00",SNUG1,0.019440
D,DISPATCH,UNIT_SCADA,1,"2019/08/23 01:45:00",SRSF1,0
D,DISPATCH,UNIT_SCADA,1,"2019/08/23 01:45:00",STAN-1,0
D,DISPATCH,UNIT_SCADA,1,"2019/08/23 01:45:00",STAN-2,231.310010
D,DISPATCH,UNIT_SCADA,1,"2019/08/23 01:45:00",STAN-3,235.360440
D,DISPATCH,UNIT_SCADA,1,"2019/08/23 01:45:00",STAN-4,232.860980
D,DISPATCH,UNIT_SCADA,1,"2019/08/23 01:45:00",STWF1,141.75
D,DISPATCH,UNIT_SCADA,1,"2019/08/23 01:45:00",SWAN_E,0
D,DISPATCH,UNIT_SCADA,1,"2019/08/23 01:45:00",TALWA1,424
D,DISPATCH,UNIT_SCADA,1,"2019/08/23 01:45:00",TARALGA1,1.248760
D,DISPATCH,UNIT_SCADA,1,"2019/08/23 01:45:00",TARONG#1,295.50
D,DISPATCH,UNIT_SCADA,1,"2019/08/23 01:45:00",TARONG#2,296.300020
D,DISPATCH,UNIT_SCADA,1,"2019/08/23 01:45:00",TARONG#3,259.200010
D,DISPATCH,UNIT_SCADA,1,"2019/08/23 01:45:00",TARONG#4,294.700010
D,DISPATCH,UNIT_SCADA,1,"2019/08/23 01:45:00",TARRALEA,83.90
D,DISPATCH,UNIT_SCADA,1,"2019/08/23 01:45:00",TBSF1,-0.20
D,DISPATCH,UNIT_SCADA,1,"2019/08/23 01:45:00",TNPS1,400.000030
D,DISPATCH,UNIT_SCADA,1,"2019/08/23 01:45:00",TORRA1,118.747860
D,DISPATCH,UNIT_SCADA,1,"2019/08/23 01:45:00",TORRA2,0
D,DISPATCH,UNIT_SCADA,1,"2019/08/23 01:45:00",TORRA3,0
D,DISPATCH,UNIT_SCADA,1,"2019/08/23 01:45:00",TORRA4,76.106470
D,DISPATCH,UNIT_SCADA,1,"2019/08/23 01:45:00",TORRB1,0
D,DISPATCH,UNIT_SCADA,1,"2019/08/23 01:45:00",TORRB2,199.89
D,DISPATCH,UNIT_SCADA,1,"2019/08/23 01:45:00",TORRB3,0
D,DISPATCH,UNIT_SCADA,1,"2019/08/23 01:45:00",TORRB4,0
D,DISPATCH,UNIT_SCADA,1,"2019/08/23 01:45:00",TREVALLN,43.970020
D,DISPATCH,UNIT_SCADA,1,"2019/08/23 01:45:00",TRIBUTE,84.52
D,DISPATCH,UNIT_SCADA,1,"2019/08/23 01:45:00",TUMUT3,0
D,DISPATCH,UNIT_SCADA,1,"2019/08/23 01:45:00",TUNGATIN,139.480030
D,DISPATCH,UNIT_SCADA,1,"2019/08/23 01:45:00",TVCC201,0
D,DISPATCH,UNIT_SCADA,1,"2019/08/23 01:45:00",TVPP104,0
D,DISPATCH,UNIT_SCADA,1,"2019/08/23 01:45:00",UPPTUMUT,0
D,DISPATCH,UNIT_SCADA,1,"2019/08/23 01:45:00",URANQ11,0
D,DISPATCH,UNIT_SCADA,1,"2019/08/23 01:45:00",URANQ12,0
D,DISPATCH,UNIT_SCADA,1,"2019/08/23 01:45:00",URANQ13,0
D,DISPATCH,UNIT_SCADA,1,"2019/08/23 01:45:00",URANQ14,0
D,DISPATCH,UNIT_SCADA,1,"2019/08/23 01:45:00",VP5,584.174990
D,DISPATCH,UNIT_SCADA,1,"2019/08/23 01:45:00",VP6,557.825010
D,DISPATCH,UNIT_SCADA,1,"2019/08/23 01:45:00",VPGS1,0
D,DISPATCH,UNIT_SCADA,1,"2019/08/23 01:45:00",VPGS2,0
D,DISPATCH,UNIT_SCADA,1,"2019/08/23 01:45:00",VPGS3,0
D,DISPATCH,UNIT_SCADA,1,"2019/08/23 01:45:00",VPGS4,0
D,DISPATCH,UNIT_SCADA,1,"2019/08/23 01:45:00",VPGS5,0
D,DISPATCH,UNIT_SCADA,1,"2019/08/23 01:45:00",VPGS6,0
D,DISPATCH,UNIT_SCADA,1,"2019/08/23 01:45:00",W/HOE#1,0
D,DISPATCH,UNIT_SCADA,1,"2019/08/23 01:45:00",W/HOE#2,0
D,DISPATCH,UNIT_SCADA,1,"2019/08/23 01:45:00",WATERLWF,10.50
D,DISPATCH,UNIT_SCADA,1,"2019/08/23 01:45:00",WEMENSF1,0
D,DISPATCH,UNIT_SCADA,1,"2019/08/23 01:45:00",WGWF1,7.10
D,DISPATCH,UNIT_SCADA,1,"2019/08/23 01:45:00",WHITSF1,0
D,DISPATCH,UNIT_SCADA,1,"2019/08/23 01:45:00",WKIEWA1,28.30
D,DISPATCH,UNIT_SCADA,1,"2019/08/23 01:45:00",WKIEWA2,17.40
D,DISPATCH,UNIT_SCADA,1,"2019/08/23 01:45:00",WOODLWN1,1.656010
D,DISPATCH,UNIT_SCADA,1,"2019/08/23 01:45:00",WRSF1,0
D,DISPATCH,UNIT_SCADA,1,"2019/08/23 01:45:00",WRWF1,39.701250
D,DISPATCH,UNIT_SCADA,1,"2019/08/23 01:45:00",YABULU,0
D,DISPATCH,UNIT_SCADA,1,"2019/08/23 01:45:00",YABULU2,0
D,DISPATCH,UNIT_SCADA,1,"2019/08/23 01:45:00",YARWUN_1,0
D,DISPATCH,UNIT_SCADA,1,"2019/08/23 01:45:00",YENDWF1,1.92
D,DISPATCH,UNIT_SCADA,1,"2019/08/23 01:45:00",YWPS1,359.146850
D,DISPATCH,UNIT_SCADA,1,"2019/08/23 01:45:00",YWPS2,282.202550
D,DISPATCH,UNIT_SCADA,1,"2019/08/23 01:45:00",YWPS3,0
D,DISPATCH,UNIT_SCADA,1,"2019/08/23 01:45:00",YWPS4,0
C,"END OF REPORT",334
