C,NEMP.WORLD,DISPATCHSCADA,AEMO,PUBLIC,2019/09/04,15:00:08,0000000312386569,DISPATCHSCADA,0000000312386563
I,DISPATCH,UNIT_SCADA,1,SETTLEMENTDATE,DUID,SCADAVALUE
D,DISPATCH,UNIT_SCADA,1,"2019/09/04 15:05:00",BARCSF1,10.10
D,DISPATCH,UNIT_SCADA,1,"2019/09/04 15:05:00",BUTLERSG,10.199999
D,DISPATCH,UNIT_SCADA,1,"2019/09/04 15:05:00",CALL_A_4,0
D,DISPATCH,UNIT_SCADA,1,"2019/09/04 15:05:00",CAPTL_WF,130.608002
D,DISPATCH,UNIT_SCADA,1,"2019/09/04 15:05:00",CATHROCK,0
D,DISPATCH,UNIT_SCADA,1,"2019/09/04 15:05:00",CHALLHWF,0
D,DISPATCH,UNIT_SCADA,1,"2019/09/04 15:05:00",CLOVER,-0.01
D,DISPATCH,UNIT_SCADA,1,"2019/09/04 15:05:00",CLUNY,12.111238
D,DISPATCH,UNIT_SCADA,1,"2019/09/04 15:05:00",CNUNDAWF,0.600701
D,DISPATCH,UNIT_SCADA,1,"2019/09/04 15:05:00",CULLRGWF,30.40
D,DISPATCH,UNIT_SCADA,1,"2019/09/04 15:05:00",ERGT01,0
D,DISPATCH,UNIT_SCADA,1,"2019/09/04 15:05:00",GB01,0.007187
D,DISPATCH,UNIT_SCADA,1,"2019/09/04 15:05:00",GERMCRK,32.200001
D,DISPATCH,UNIT_SCADA,1,"2019/09/04 15:05:00",GRIFSF1,25.50
D,DISPATCH,UNIT_SCADA,1,"2019/09/04 15:05:00",HUGSF1,9.0010
D,DISPATCH,UNIT_SCADA,1,"2019/09/04 15:05:00",LKBONNY1,1.161022
D,DISPATCH,UNIT_SCADA,1,"2019/09/04 15:05:00",LRSF1,12.7980
D,DISPATCH,UNIT_SCADA,1,"2019/09/04 15:05:00",MBAHNTH,30.862503
D,DISPATCH,UNIT_SCADA,1,"2019/09/04 15:05:00",MLSP1,2.453001
D,DISPATCH,UNIT_SCADA,1,"2019/09/04 15:05:00",MLWF1,8.13
D,DISPATCH,UNIT_SCADA,1,"2019/09/04 15:05:00",MTMILLAR,-0.070692
D,DISPATCH,UNIT_SCADA,1,"2019/09/04 15:05:00",PALOONA,24.539999
D,DISPATCH,UNIT_SCADA,1,"2019/09/04 15:05:00",PIONEER,28.700001
D,DISPATCH,UNIT_SCADA,1,"2019/09/04 15:05:00",PORTWF,8.30
D,DISPATCH,UNIT_SCADA,1,"2019/09/04 15:05:00",REPULSE,20.242619
D,DISPATCH,UNIT_SCADA,1,"2019/09/04 15:05:00",ROWALLAN,10.2453
D,DISPATCH,UNIT_SCADA,1,"2019/09/04 15:05:00",ROYALLA1,4.103001
D,DISPATCH,UNIT_SCADA,1,"2019/09/04 15:05:00",RPCG,-1.70
D,DISPATCH,UNIT_SCADA,1,"2019/09/04 15:05:00",RUBICON,0
D,DISPATCH,UNIT_SCADA,1,"2019/09/04 15:05:00",SATGN1,0
D,DISPATCH,UNIT_SCADA,1,"2019/09/04 15:05:00",SATGS1,0
D,DISPATCH,UNIT_SCADA,1,"2019/09/04 15:05:00",STARHLWF,2.499271
D,DISPATCH,UNIT_SCADA,1,"2019/09/04 15:05:00",WAUBRAWF,20.4310
D,DISPATCH,UNIT_SCADA,1,"2019/09/04 15:05:00",WOOLNTH1,65.540016
D,DISPATCH,UNIT_SCADA,1,"2019/09/04 15:05:00",WPWF,-1
D,DISPATCH,UNIT_SCADA,1,"2019/09/04 15:05:00",YAMBUKWF,3.90
D,DISPATCH,UNIT_SCADA,1,"2019/09/04 15:05:00",YSWF1,16.40
D,DISPATCH,UNIT_SCADA,1,"2019/09/04 15:05:00",AGLHAL,0
D,DISPATCH,UNIT_SCADA,1,"2019/09/04 15:05:00",AGLSOM,0
D,DISPATCH,UNIT_SCADA,1,"2019/09/04 15:05:00",ANGAST1,0
D,DISPATCH,UNIT_SCADA,1,"2019/09/04 15:05:00",ARWF1,29.30
D,DISPATCH,UNIT_SCADA,1,"2019/09/04 15:05:00",BALBG1,0
D,DISPATCH,UNIT_SCADA,1,"2019/09/04 15:05:00",BALBL1,5.13
D,DISPATCH,UNIT_SCADA,1,"2019/09/04 15:05:00",BALDHWF1,59.0430
D,DISPATCH,UNIT_SCADA,1,"2019/09/04 15:05:00",BANN1,44.37
D,DISPATCH,UNIT_SCADA,1,"2019/09/04 15:05:00",BARCALDN,0
D,DISPATCH,UNIT_SCADA,1,"2019/09/04 15:05:00",BARRON-1,25.40
D,DISPATCH,UNIT_SCADA,1,"2019/09/04 15:05:00",BARRON-2,0
D,DISPATCH,UNIT_SCADA,1,"2019/09/04 15:05:00",BASTYAN,80.63
D,DISPATCH,UNIT_SCADA,1,"2019/09/04 15:05:00",BBTHREE1,0
D,DISPATCH,UNIT_SCADA,1,"2019/09/04 15:05:00",BBTHREE2,0
D,DISPATCH,UNIT_SCADA,1,"2019/09/04 15:05:00",BBTHREE3,0
D,DISPATCH,UNIT_SCADA,1,"2019/09/04 15:05:00",BDL01,0
D,DISPATCH,UNIT_SCADA,1,"2019/09/04 15:05:00",BDL02,0
D,DISPATCH,UNIT_SCADA,1,"2019/09/04 15:05:00",BERYLSF1,77.130940
D,DISPATCH,UNIT_SCADA,1,"2019/09/04 15:05:00",BLOWERNG,11.10
D,DISPATCH,UNIT_SCADA,1,"2019/09/04 15:05:00",BLUFF1,0
D,DISPATCH,UNIT_SCADA,1,"2019/09/04 15:05:00",BNGSF1,97.91
D,DISPATCH,UNIT_SCADA,1,"2019/09/04 15:05:00",BNGSF2,20.05
D,DISPATCH,UNIT_SCADA,1,"2019/09/04 15:05:00",BOCORWF1,65.45
D,DISPATCH,UNIT_SCADA,1,"2019/09/04 15:05:00",BODWF1,75.309680
D,DISPATCH,UNIT_SCADA,1,"2019/09/04 15:05:00",BRAEMAR1,0
D,DISPATCH,UNIT_SCADA,1,"2019/09/04 15:05:00",BRAEMAR2,0
D,DISPATCH,UNIT_SCADA,1,"2019/09/04 15:05:00",BRAEMAR3,0
D,DISPATCH,UNIT_SCADA,1,"2019/09/04 15:05:00",BRAEMAR5,0
D,DISPATCH,UNIT_SCADA,1,"2019/09/04 15:05:00",BRAEMAR6,0
D,DISPATCH,UNIT_SCADA,1,"2019/09/04 15:05:00",BRAEMAR7,0
D,DISPATCH,UNIT_SCADA,1,"2019/09/04 15:05:00",BROKENH1,47.205080
D,DISPATCH,UNIT_SCADA,1,"2019/09/04 15:05:00",BW01,617.849980
D,DISPATCH,UNIT_SCADA,1,"2019/09/04 15:05:00",BW02,608.800050
D,DISPATCH,UNIT_SCADA,1,"2019/09/04 15:05:00",BW03,620.450070
D,DISPATCH,UNIT_SCADA,1,"2019/09/04 15:05:00",BW04,0
D,DISPATCH,UNIT_SCADA,1,"2019/09/04 15:05:00",CALL_B_1,159.600010
D,DISPATCH,UNIT_SCADA,1,"2019/09/04 15:05:00",CALL_B_2,159.900010
D,DISPATCH,UNIT_SCADA,1,"2019/09/04 15:05:00",CETHANA,43.5785
D,DISPATCH,UNIT_SCADA,1,"2019/09/04 15:05:00",CG1,0
D,DISPATCH,UNIT_SCADA,1,"2019/09/04 15:05:00",CG2,0
D,DISPATCH,UNIT_SCADA,1,"2019/09/04 15:05:00",CG3,0
D,DISPATCH,UNIT_SCADA,1,"2019/09/04 15:05:00",CG4,0
D,DISPATCH,UNIT_SCADA,1,"2019/09/04 15:05:00",CHILDSF1,54.28
D,DISPATCH,UNIT_SCADA,1,"2019/09/04 15:05:00",CLARESF1,48.449540
D,DISPATCH,UNIT_SCADA,1,"2019/09/04 15:05:00",CLEMGPWF,-0.504250
D,DISPATCH,UNIT_SCADA,1,"2019/09/04 15:05:00",CLERMSF1,15.07
D,DISPATCH,UNIT_SCADA,1,"2019/09/04 15:05:00",COLEASF1,63.50
D,DISPATCH,UNIT_SCADA,1,"2019/09/04 15:05:00",COOPGWF1,0
D,DISPATCH,UNIT_SCADA,1,"2019/09/04 15:05:00",CPP_3,200.75
D,DISPATCH,UNIT_SCADA,1,"2019/09/04 15:05:00",CPP_4,168.850010
D,DISPATCH,UNIT_SCADA,1,"2019/09/04 15:05:00",CPSA,73.795620
D,DISPATCH,UNIT_SCADA,1,"2019/09/04 15:05:00",CROOKWF2,91.533740
D,DISPATCH,UNIT_SCADA,1,"2019/09/04 15:05:00",CROWLWF1,10.047490
D,DISPATCH,UNIT_SCADA,1,"2019/09/04 15:05:00",CSPVPS1,29.4070
D,DISPATCH,UNIT_SCADA,1,"2019/09/04 15:05:00",DALNTH01,0
D,DISPATCH,UNIT_SCADA,1,"2019/09/04 15:05:00",DALNTHL1,0.096130
D,DISPATCH,UNIT_SCADA,1,"2019/09/04 15:05:00",DARTM1,0
D,DISPATCH,UNIT_SCADA,1,"2019/09/04 15:05:00",DAYDSF1,91.1350
D,DISPATCH,UNIT_SCADA,1,"2019/09/04 15:05:00",DDPS1,38.799360
D,DISPATCH,UNIT_SCADA,1,"2019/09/04 15:05:00",DDSF1,79.470590
D,DISPATCH,UNIT_SCADA,1,"2019/09/04 15:05:00",DEVILS_G,56.666770
D,DISPATCH,UNIT_SCADA,1,"2019/09/04 15:05:00",DG_NSW1,0
D,DISPATCH,UNIT_SCADA,1,"2019/09/04 15:05:00",DG_QLD1,0
D,DISPATCH,UNIT_SCADA,1,"2019/09/04 15:05:00",DG_SA1,0
D,DISPATCH,UNIT_SCADA,1,"2019/09/04 15:05:00",DG_TAS1,0
D,DISPATCH,UNIT_SCADA,1,"2019/09/04 15:05:00",DG_VIC1,0
D,DISPATCH,UNIT_SCADA,1,"2019/09/04 15:05:00",DRYCGT1,0
D,DISPATCH,UNIT_SCADA,1,"2019/09/04 15:05:00",DRYCGT2,0
D,DISPATCH,UNIT_SCADA,1,"2019/09/04 15:05:00",DRYCGT3,0
D,DISPATCH,UNIT_SCADA,1,"2019/09/04 15:05:00",EILDON1,0
D,DISPATCH,UNIT_SCADA,1,"2019/09/04 15:05:00",EILDON2,0
D,DISPATCH,UNIT_SCADA,1,"2019/09/04 15:05:00",EMERASF1,43.08
D,DISPATCH,UNIT_SCADA,1,"2019/09/04 15:05:00",ER01,593.599980
D,DISPATCH,UNIT_SCADA,1,"2019/09/04 15:05:00",ER02,699.974980
D,DISPATCH,UNIT_SCADA,1,"2019/09/04 15:05:00",ER03,0
D,DISPATCH,UNIT_SCADA,1,"2019/09/04 15:05:00",ER04,700.049930
D,DISPATCH,UNIT_SCADA,1,"2019/09/04 15:05:00",FINLYSF1,7.487520
D,DISPATCH,UNIT_SCADA,1,"2019/09/04 15:05:00",FISHER,31.97
D,DISPATCH,UNIT_SCADA,1,"2019/09/04 15:05:00",GANNBG1,0
D,DISPATCH,UNIT_SCADA,1,"2019/09/04 15:05:00",GANNBL1,0.077130
D,DISPATCH,UNIT_SCADA,1,"2019/09/04 15:05:00",GANNSF1,30.90
D,DISPATCH,UNIT_SCADA,1,"2019/09/04 15:05:00",GORDON,20.635440
D,DISPATCH,UNIT_SCADA,1,"2019/09/04 15:05:00",GSTONE1,137.724990
D,DISPATCH,UNIT_SCADA,1,"2019/09/04 15:05:00",GSTONE2,109.90
D,DISPATCH,UNIT_SCADA,1,"2019/09/04 15:05:00",GSTONE3,0
D,DISPATCH,UNIT_SCADA,1,"2019/09/04 15:05:00",GSTONE4,139.1250
D,DISPATCH,UNIT_SCADA,1,"2019/09/04 15:05:00",GSTONE5,137.899990
D,DISPATCH,UNIT_SCADA,1,"2019/09/04 15:05:00",GSTONE6,139.649990
D,DISPATCH,UNIT_SCADA,1,"2019/09/04 15:05:00",GULLRSF1,7.014190
D,DISPATCH,UNIT_SCADA,1,"2019/09/04 15:05:00",GULLRWF1,151.823820
D,DISPATCH,UNIT_SCADA,1,"2019/09/04 15:05:00",GUNNING1,44.086270
D,DISPATCH,UNIT_SCADA,1,"2019/09/04 15:05:00",GUTHEGA,0
D,DISPATCH,UNIT_SCADA,1,"2019/09/04 15:05:00",HALLWF1,-0.57
D,DISPATCH,UNIT_SCADA,1,"2019/09/04 15:05:00",HALLWF2,-0.31
D,DISPATCH,UNIT_SCADA,1,"2019/09/04 15:05:00",HAMISF1,44
D,DISPATCH,UNIT_SCADA,1,"2019/09/04 15:05:00",HAUGHT11,50.012160
D,DISPATCH,UNIT_SCADA,1,"2019/09/04 15:05:00",HAYMSF1,34.2310
D,DISPATCH,UNIT_SCADA,1,"2019/09/04 15:05:00",HDWF1,4.20
D,DISPATCH,UNIT_SCADA,1,"2019/09/04 15:05:00",HDWF2,2.90
D,DISPATCH,UNIT_SCADA,1,"2019/09/04 15:05:00",HDWF3,2.50
D,DISPATCH,UNIT_SCADA,1,"2019/09/04 15:05:00",HPRG1,0
D,DISPATCH,UNIT_SCADA,1,"2019/09/04 15:05:00",HPRL1,0.30
D,DISPATCH,UNIT_SCADA,1,"2019/09/04 15:05:00",HUMENSW,0
D,DISPATCH,UNIT_SCADA,1,"2019/09/04 15:05:00",HUMEV,25.30
D,DISPATCH,UNIT_SCADA,1,"2019/09/04 15:05:00",HVGTS,0
D,DISPATCH,UNIT_SCADA,1,"2019/09/04 15:05:00",JBUTTERS,40.54
D,DISPATCH,UNIT_SCADA,1,"2019/09/04 15:05:00",JLA01,40.40
D,DISPATCH,UNIT_SCADA,1,"2019/09/04 15:05:00",JLA02,0
D,DISPATCH,UNIT_SCADA,1,"2019/09/04 15:05:00",JLA03,0
D,DISPATCH,UNIT_SCADA,1,"2019/09/04 15:05:00",JLA04,0
D,DISPATCH,UNIT_SCADA,1,"2019/09/04 15:05:00",JLB01,0
D,DISPATCH,UNIT_SCADA,1,"2019/09/04 15:05:00",JLB02,0.10
D,DISPATCH,UNIT_SCADA,1,"2019/09/04 15:05:00",JLB03,0
D,DISPATCH,UNIT_SCADA,1,"2019/09/04 15:05:00",KAREEYA1,21.5325
D,DISPATCH,UNIT_SCADA,1,"2019/09/04 15:05:00",KAREEYA2,21.6075
D,DISPATCH,UNIT_SCADA,1,"2019/09/04 15:05:00",KAREEYA3,0
D,DISPATCH,UNIT_SCADA,1,"2019/09/04 15:05:00",KAREEYA4,21.66
D,DISPATCH,UNIT_SCADA,1,"2019/09/04 15:05:00",KARSF1,82.10
D,DISPATCH,UNIT_SCADA,1,"2019/09/04 15:05:00",KIATAWF1,2.20
D,DISPATCH,UNIT_SCADA,1,"2019/09/04 15:05:00",KPP_1,0
D,DISPATCH,UNIT_SCADA,1,"2019/09/04 15:05:00",KSP1,46.59
D,DISPATCH,UNIT_SCADA,1,"2019/09/04 15:05:00",LADBROK1,0
D,DISPATCH,UNIT_SCADA,1,"2019/09/04 15:05:00",LADBROK2,0
D,DISPATCH,UNIT_SCADA,1,"2019/09/04 15:05:00",LD01,377.3063
D,DISPATCH,UNIT_SCADA,1,"2019/09/04 15:05:00",LD02,379.912510
D,DISPATCH,UNIT_SCADA,1,"2019/09/04 15:05:00",LD03,379.162540
D,DISPATCH,UNIT_SCADA,1,"2019/09/04 15:05:00",LD04,344.043730
D,DISPATCH,UNIT_SCADA,1,"2019/09/04 15:05:00",LEM_WIL,85.313450
D,DISPATCH,UNIT_SCADA,1,"2019/09/04 15:05:00",LGAPWF1,1.24
D,DISPATCH,UNIT_SCADA,1,"2019/09/04 15:05:00",LILYSF1,87.556090
D,DISPATCH,UNIT_SCADA,1,"2019/09/04 15:05:00",LI_WY_CA,100.009160
D,DISPATCH,UNIT_SCADA,1,"2019/09/04 15:05:00",LKBONNY2,1.741480
D,DISPATCH,UNIT_SCADA,1,"2019/09/04 15:05:00",LKBONNY3,0.893150
D,DISPATCH,UNIT_SCADA,1,"2019/09/04 15:05:00",LK_ECHO,0
D,DISPATCH,UNIT_SCADA,1,"2019/09/04 15:05:00",LNGS1,0
D,DISPATCH,UNIT_SCADA,1,"2019/09/04 15:05:00",LNGS2,0
D,DISPATCH,UNIT_SCADA,1,"2019/09/04 15:05:00",LONSDALE,0
D,DISPATCH,UNIT_SCADA,1,"2019/09/04 15:05:00",LOYYB1,535.336730
D,DISPATCH,UNIT_SCADA,1,"2019/09/04 15:05:00",LOYYB2,581.202510
D,DISPATCH,UNIT_SCADA,1,"2019/09/04 15:05:00",LYA1,0
D,DISPATCH,UNIT_SCADA,1,"2019/09/04 15:05:00",LYA2,0
D,DISPATCH,UNIT_SCADA,1,"2019/09/04 15:05:00",LYA3,560
D,DISPATCH,UNIT_SCADA,1,"2019/09/04 15:05:00",LYA4,540
D,DISPATCH,UNIT_SCADA,1,"2019/09/04 15:05:00",MACARTH1,0
D,DISPATCH,UNIT_SCADA,1,"2019/09/04 15:05:00",MACKAYGT,0.2240
D,DISPATCH,UNIT_SCADA,1,"2019/09/04 15:05:00",MACKNTSH,89.190010
D,DISPATCH,UNIT_SCADA,1,"2019/09/04 15:05:00",MANSLR1,40.5680
D,DISPATCH,UNIT_SCADA,1,"2019/09/04 15:05:00",MCKAY1,0.0750
D,DISPATCH,UNIT_SCADA,1,"2019/09/04 15:05:00",MEADOWBK,25.2933
D,DISPATCH,UNIT_SCADA,1,"2019/09/04 15:05:00",MERCER01,27.1140
D,DISPATCH,UNIT_SCADA,1,"2019/09/04 15:05:00",MEWF1,47.654910
D,DISPATCH,UNIT_SCADA,1,"2019/09/04 15:05:00",MINTARO,0
D,DISPATCH,UNIT_SCADA,1,"2019/09/04 15:05:00",MOREESF1,49.4540
D,DISPATCH,UNIT_SCADA,1,"2019/09/04 15:05:00",MORTLK11,260
D,DISPATCH,UNIT_SCADA,1,"2019/09/04 15:05:00",MORTLK12,0
D,DISPATCH,UNIT_SCADA,1,"2019/09/04 15:05:00",MP1,220.849980
D,DISPATCH,UNIT_SCADA,1,"2019/09/04 15:05:00",MP2,0
D,DISPATCH,UNIT_SCADA,1,"2019/09/04 15:05:00",MPP_1,318.50
D,DISPATCH,UNIT_SCADA,1,"2019/09/04 15:05:00",MPP_2,290
D,DISPATCH,UNIT_SCADA,1,"2019/09/04 15:05:00",MSTUART1,0
D,DISPATCH,UNIT_SCADA,1,"2019/09/04 15:05:00",MSTUART2,0
D,DISPATCH,UNIT_SCADA,1,"2019/09/04 15:05:00",MSTUART3,0
D,DISPATCH,UNIT_SCADA,1,"2019/09/04 15:05:00",MTGELWF1,55.636770
D,DISPATCH,UNIT_SCADA,1,"2019/09/04 15:05:00",MURRAY,0
D,DISPATCH,UNIT_SCADA,1,"2019/09/04 15:05:00",MUSSELR1,164.399990
D,DISPATCH,UNIT_SCADA,1,"2019/09/04 15:05:00",MUWAWF1,7.58
D,DISPATCH,UNIT_SCADA,1,"2019/09/04 15:05:00",NBHWF1,-0.40
D,DISPATCH,UNIT_SCADA,1,"2019/09/04 15:05:00",NPS,144
D,DISPATCH,UNIT_SCADA,1,"2019/09/04 15:05:00",NUMURSF1,38.98
D,DISPATCH,UNIT_SCADA,1,"2019/09/04 15:05:00",NYNGAN1,76.75
D,DISPATCH,UNIT_SCADA,1,"2019/09/04 15:05:00",OAKEY1,0
D,DISPATCH,UNIT_SCADA,1,"2019/09/04 15:05:00",OAKEY1SF,24.0160
D,DISPATCH,UNIT_SCADA,1,"2019/09/04 15:05:00",OAKEY2,0
D,DISPATCH,UNIT_SCADA,1,"2019/09/04 15:05:00",OAKEY2SF,0
D,DISPATCH,UNIT_SCADA,1,"2019/09/04 15:05:00",OAKLAND1,18.10
D,DISPATCH,UNIT_SCADA,1,"2019/09/04 15:05:00",OSB-AG,178.31
D,DISPATCH,UNIT_SCADA,1,"2019/09/04 15:05:00",PARSF1,46.103120
D,DISPATCH,UNIT_SCADA,1,"2019/09/04 15:05:00",POAT110,0
D,DISPATCH,UNIT_SCADA,1,"2019/09/04 15:05:00",POAT220,7.93
D,DISPATCH,UNIT_SCADA,1,"2019/09/04 15:05:00",POR01,0
D,DISPATCH,UNIT_SCADA,1,"2019/09/04 15:05:00",POR03,0
D,DISPATCH,UNIT_SCADA,1,"2019/09/04 15:05:00",PPCCGT,479.575960
D,DISPATCH,UNIT_SCADA,1,"2019/09/04 15:05:00",PTSTAN1,0
D,DISPATCH,UNIT_SCADA,1,"2019/09/04 15:05:00",PUMP1,0
D,DISPATCH,UNIT_SCADA,1,"2019/09/04 15:05:00",PUMP2,0
D,DISPATCH,UNIT_SCADA,1,"2019/09/04 15:05:00",QPS1,29
D,DISPATCH,UNIT_SCADA,1,"2019/09/04 15:05:00",QPS2,0
D,DISPATCH,UNIT_SCADA,1,"2019/09/04 15:05:00",QPS3,0
D,DISPATCH,UNIT_SCADA,1,"2019/09/04 15:05:00",QPS4,0
D,DISPATCH,UNIT_SCADA,1,"2019/09/04 15:05:00",QPS5,0
D,DISPATCH,UNIT_SCADA,1,"2019/09/04 15:05:00",REECE1,117.970010
D,DISPATCH,UNIT_SCADA,1,"2019/09/04 15:05:00",REECE2,101.820010
D,DISPATCH,UNIT_SCADA,1,"2019/09/04 15:05:00",ROMA_7,0
D,DISPATCH,UNIT_SCADA,1,"2019/09/04 15:05:00",ROMA_8,0
D,DISPATCH,UNIT_SCADA,1,"2019/09/04 15:05:00",RRSF1,115.092560
D,DISPATCH,UNIT_SCADA,1,"2019/09/04 15:05:00",RT_NSW1,0
D,DISPATCH,UNIT_SCADA,1,"2019/09/04 15:05:00",RT_NSW2,0
D,DISPATCH,UNIT_SCADA,1,"2019/09/04 15:05:00",RT_NSW3,0
D,DISPATCH,UNIT_SCADA,1,"2019/09/04 15:05:00",RT_NSW4,0
D,DISPATCH,UNIT_SCADA,1,"2019/09/04 15:05:00",RT_NSW5,0
D,DISPATCH,UNIT_SCADA,1,"2019/09/04 15:05:00",RT_NSW6,0
D,DISPATCH,UNIT_SCADA,1,"2019/09/04 15:05:00",RT_QLD1,0
D,DISPATCH,UNIT_SCADA,1,"2019/09/04 15:05:00",RT_SA1,0
D,DISPATCH,UNIT_SCADA,1,"2019/09/04 15:05:00",RT_SA2,0
D,DISPATCH,UNIT_SCADA,1,"2019/09/04 15:05:00",RT_SA3,0
D,DISPATCH,UNIT_SCADA,1,"2019/09/04 15:05:00",RT_SA4,0
D,DISPATCH,UNIT_SCADA,1,"2019/09/04 15:05:00",RT_SA5,0
D,DISPATCH,UNIT_SCADA,1,"2019/09/04 15:05:00",RT_SA6,0
D,DISPATCH,UNIT_SCADA,1,"2019/09/04 15:05:00",RT_TAS1,0
D,DISPATCH,UNIT_SCADA,1,"2019/09/04 15:05:00",RT_VIC1,0
D,DISPATCH,UNIT_SCADA,1,"2019/09/04 15:05:00",RT_VIC10,0
D,DISPATCH,UNIT_SCADA,1,"2019/09/04 15:05:00",RT_VIC11,0
D,DISPATCH,UNIT_SCADA,1,"2019/09/04 15:05:00",RT_VIC12,0
D,DISPATCH,UNIT_SCADA,1,"2019/09/04 15:05:00",RT_VIC2,0
D,DISPATCH,UNIT_SCADA,1,"2019/09/04 15:05:00",RT_VIC3,0
D,DISPATCH,UNIT_SCADA,1,"2019/09/04 15:05:00",RT_VIC4,0
D,DISPATCH,UNIT_SCADA,1,"2019/09/04 15:05:00",RT_VIC5,0
D,DISPATCH,UNIT_SCADA,1,"2019/09/04 15:05:00",RT_VIC6,0
D,DISPATCH,UNIT_SCADA,1,"2019/09/04 15:05:00",RT_VIC7,0
D,DISPATCH,UNIT_SCADA,1,"2019/09/04 15:05:00",RT_VIC8,0
D,DISPATCH,UNIT_SCADA,1,"2019/09/04 15:05:00",RT_VIC9,0
D,DISPATCH,UNIT_SCADA,1,"2019/09/04 15:05:00",RUGBYR1,62.3145
D,DISPATCH,UNIT_SCADA,1,"2019/09/04 15:05:00",SALTCRK1,8.96
D,DISPATCH,UNIT_SCADA,1,"2019/09/04 15:05:00",SAPHWF1,197.906250
D,DISPATCH,UNIT_SCADA,1,"2019/09/04 15:05:00",SHGEN,0
D,DISPATCH,UNIT_SCADA,1,"2019/09/04 15:05:00",SHPUMP,158.273280
D,DISPATCH,UNIT_SCADA,1,"2019/09/04 15:05:00",SITHE01,0.194050
D,DISPATCH,UNIT_SCADA,1,"2019/09/04 15:05:00",SMCSF1,69.123320
D,DISPATCH,UNIT_SCADA,1,"2019/09/04 15:05:00",SNOWNTH1,4.90
D,DISPATCH,UNIT_SCADA,1,"2019/09/04 15:05:00",SNOWSTH1,9.90
D,DISPATCH,UNIT_SCADA,1,"2019/09/04 15:05:00",SNOWTWN1,0.181790
D,DISPATCH,UNIT_SCADA,1,"2019/09/04 15:05:00",SNOWYP,0
D,DISPATCH,UNIT_SCADA,1,"2019/09/04 15:05:00",SNUG1,0.019440
D,DISPATCH,UNIT_SCADA,1,"2019/09/04 15:05:00",SRSF1,34.61
D,DISPATCH,UNIT_SCADA,1,"2019/09/04 15:05:00",STAN-1,355.565770
D,DISPATCH,UNIT_SCADA,1,"2019/09/04 15:05:00",STAN-2,253.215640
D,DISPATCH,UNIT_SCADA,1,"2019/09/04 15:05:00",STAN-3,251.780040
D,DISPATCH,UNIT_SCADA,1,"2019/09/04 15:05:00",STAN-4,247.409180
D,DISPATCH,UNIT_SCADA,1,"2019/09/04 15:05:00",STWF1,35.381260
D,DISPATCH,UNIT_SCADA,1,"2019/09/04 15:05:00",SWAN_E,0
D,DISPATCH,UNIT_SCADA,1,"2019/09/04 15:05:00",TALWA1,411
D,DISPATCH,UNIT_SCADA,1,"2019/09/04 15:05:00",TARALGA1,97.203750
D,DISPATCH,UNIT_SCADA,1,"2019/09/04 15:05:00",TARONG#1,348.300020
D,DISPATCH,UNIT_SCADA,1,"2019/09/04 15:05:00",TARONG#2,0
D,DISPATCH,UNIT_SCADA,1,"2019/09/04 15:05:00",TARONG#3,278.399990
D,DISPATCH,UNIT_SCADA,1,"2019/09/04 15:05:00",TARONG#4,348.50
D,DISPATCH,UNIT_SCADA,1,"2019/09/04 15:05:00",TARRALEA,75.80
D,DISPATCH,UNIT_SCADA,1,"2019/09/04 15:05:00",TBSF1,13.40
D,DISPATCH,UNIT_SCADA,1,"2019/09/04 15:05:00",TNPS1,442.000030
D,DISPATCH,UNIT_SCADA,1,"2019/09/04 15:05:00",TORRA1,64.627220
D,DISPATCH,UNIT_SCADA,1,"2019/09/04 15:05:00",TORRA2,0
D,DISPATCH,UNIT_SCADA,1,"2019/09/04 15:05:00",TORRA3,0
D,DISPATCH,UNIT_SCADA,1,"2019/09/04 15:05:00",TORRA4,60.931870
D,DISPATCH,UNIT_SCADA,1,"2019/09/04 15:05:00",TORRB1,90.96
D,DISPATCH,UNIT_SCADA,1,"2019/09/04 15:05:00",TORRB2,93.34
D,DISPATCH,UNIT_SCADA,1,"2019/09/04 15:05:00",TORRB3,91.40
D,DISPATCH,UNIT_SCADA,1,"2019/09/04 15:05:00",TORRB4,0
D,DISPATCH,UNIT_SCADA,1,"2019/09/04 15:05:00",TREVALLN,0
D,DISPATCH,UNIT_SCADA,1,"2019/09/04 15:05:00",TRIBUTE,0
D,DISPATCH,UNIT_SCADA,1,"2019/09/04 15:05:00",TUMUT3,0
D,DISPATCH,UNIT_SCADA,1,"2019/09/04 15:05:00",TUNGATIN,19.50
D,DISPATCH,UNIT_SCADA,1,"2019/09/04 15:05:00",TVCC201,0
D,DISPATCH,UNIT_SCADA,1,"2019/09/04 15:05:00",TVPP104,0
D,DISPATCH,UNIT_SCADA,1,"2019/09/04 15:05:00",UPPTUMUT,299.557460
D,DISPATCH,UNIT_SCADA,1,"2019/09/04 15:05:00",URANQ11,0
D,DISPATCH,UNIT_SCADA,1,"2019/09/04 15:05:00",URANQ12,0
D,DISPATCH,UNIT_SCADA,1,"2019/09/04 15:05:00",URANQ13,158.774990
D,DISPATCH,UNIT_SCADA,1,"2019/09/04 15:05:00",URANQ14,0
D,DISPATCH,UNIT_SCADA,1,"2019/09/04 15:05:00",VP5,477.825010
D,DISPATCH,UNIT_SCADA,1,"2019/09/04 15:05:00",VP6,0
D,DISPATCH,UNIT_SCADA,1,"2019/09/04 15:05:00",VPGS1,0
D,DISPATCH,UNIT_SCADA,1,"2019/09/04 15:05:00",VPGS2,0
D,DISPATCH,UNIT_SCADA,1,"2019/09/04 15:05:00",VPGS3,0
D,DISPATCH,UNIT_SCADA,1,"2019/09/04 15:05:00",VPGS4,0
D,DISPATCH,UNIT_SCADA,1,"2019/09/04 15:05:00",VPGS5,0
D,DISPATCH,UNIT_SCADA,1,"2019/09/04 15:05:00",VPGS6,0
D,DISPATCH,UNIT_SCADA,1,"2019/09/04 15:05:00",W/HOE#1,0
D,DISPATCH,UNIT_SCADA,1,"2019/09/04 15:05:00",W/HOE#2,0
D,DISPATCH,UNIT_SCADA,1,"2019/09/04 15:05:00",WATERLWF,5
D,DISPATCH,UNIT_SCADA,1,"2019/09/04 15:05:00",WEMENSF1,51.50
D,DISPATCH,UNIT_SCADA,1,"2019/09/04 15:05:00",WGWF1,2.30
D,DISPATCH,UNIT_SCADA,1,"2019/09/04 15:05:00",WHITSF1,33.80
D,DISPATCH,UNIT_SCADA,1,"2019/09/04 15:05:00",WKIEWA1,0
D,DISPATCH,UNIT_SCADA,1,"2019/09/04 15:05:00",WKIEWA2,0.10
D,DISPATCH,UNIT_SCADA,1,"2019/09/04 15:05:00",WOODLWN1,46.9350
D,DISPATCH,UNIT_SCADA,1,"2019/09/04 15:05:00",WRSF1,14.37
D,DISPATCH,UNIT_SCADA,1,"2019/09/04 15:05:00",WRWF1,142.1250
D,DISPATCH,UNIT_SCADA,1,"2019/09/04 15:05:00",YABULU,0
D,DISPATCH,UNIT_SCADA,1,"2019/09/04 15:05:00",YABULU2,0
D,DISPATCH,UNIT_SCADA,1,"2019/09/04 15:05:00",YARWUN_1,115.06
D,DISPATCH,UNIT_SCADA,1,"2019/09/04 15:05:00",YENDWF1,18.61
D,DISPATCH,UNIT_SCADA,1,"2019/09/04 15:05:00",YWPS1,378.946840
D,DISPATCH,UNIT_SCADA,1,"2019/09/04 15:05:00",YWPS2,278.192410
D,DISPATCH,UNIT_SCADA,1,"2019/09/04 15:05:00",YWPS3,352.613920
D,DISPATCH,UNIT_SCADA,1,"2019/09/04 15:05:00",YWPS4,339.911410
C,"END OF REPORT",335
