C,NEMP.WORLD,DISPATCHSCADA,AEMO,PUBLIC,2019/08/19,15:45:07,0000000311751179,DISPATCHSCADA,0000000311751173
I,DISPATCH,UNIT_SCADA,1,SETTLEMENTDATE,DUID,SCADAVALUE
D,DISPATCH,UNIT_SCADA,1,"2019/08/19 15:50:00",BARCSF1,17.400002
D,DISPATCH,UNIT_SCADA,1,"2019/08/19 15:50:00",BUTLERSG,9.699999
D,DISPATCH,UNIT_SCADA,1,"2019/08/19 15:50:00",CALL_A_4,0
D,DISPATCH,UNIT_SCADA,1,"2019/08/19 15:50:00",CAPTL_WF,130.940002
D,DISPATCH,UNIT_SCADA,1,"2019/08/19 15:50:00",CATHROCK,18.169998
D,DISPATCH,UNIT_SCADA,1,"2019/08/19 15:50:00",CHALLHWF,29.599998
D,DISPATCH,UNIT_SCADA,1,"2019/08/19 15:50:00",CLOVER,-0.01
D,DISPATCH,UNIT_SCADA,1,"2019/08/19 15:50:00",CLUNY,17.087206
D,DISPATCH,UNIT_SCADA,1,"2019/08/19 15:50:00",CNUNDAWF,25.930248
D,DISPATCH,UNIT_SCADA,1,"2019/08/19 15:50:00",CULLRGWF,29.299999
D,DISPATCH,UNIT_SCADA,1,"2019/08/19 15:50:00",ERGT01,0
D,DISPATCH,UNIT_SCADA,1,"2019/08/19 15:50:00",GB01,0.066620
D,DISPATCH,UNIT_SCADA,1,"2019/08/19 15:50:00",GERMCRK,35.799999
D,DISPATCH,UNIT_SCADA,1,"2019/08/19 15:50:00",GRIFSF1,25.399994
D,DISPATCH,UNIT_SCADA,1,"2019/08/19 15:50:00",HUGSF1,8.872001
D,DISPATCH,UNIT_SCADA,1,"2019/08/19 15:50:00",LKBONNY1,41.350235
D,DISPATCH,UNIT_SCADA,1,"2019/08/19 15:50:00",LRSF1,11.77
D,DISPATCH,UNIT_SCADA,1,"2019/08/19 15:50:00",MBAHNTH,53.8125
D,DISPATCH,UNIT_SCADA,1,"2019/08/19 15:50:00",MLSP1,0.997001
D,DISPATCH,UNIT_SCADA,1,"2019/08/19 15:50:00",MLWF1,19.7250
D,DISPATCH,UNIT_SCADA,1,"2019/08/19 15:50:00",MTMILLAR,2.120774
D,DISPATCH,UNIT_SCADA,1,"2019/08/19 15:50:00",PALOONA,24.42
D,DISPATCH,UNIT_SCADA,1,"2019/08/19 15:50:00",PIONEER,44.50
D,DISPATCH,UNIT_SCADA,1,"2019/08/19 15:50:00",PORTWF,114.199997
D,DISPATCH,UNIT_SCADA,1,"2019/08/19 15:50:00",REPULSE,29.025711
D,DISPATCH,UNIT_SCADA,1,"2019/08/19 15:50:00",ROWALLAN,9.8690
D,DISPATCH,UNIT_SCADA,1,"2019/08/19 15:50:00",ROYALLA1,2.4710
D,DISPATCH,UNIT_SCADA,1,"2019/08/19 15:50:00",RPCG,-0.90
D,DISPATCH,UNIT_SCADA,1,"2019/08/19 15:50:00",RUBICON,0
D,DISPATCH,UNIT_SCADA,1,"2019/08/19 15:50:00",SATGN1,0
D,DISPATCH,UNIT_SCADA,1,"2019/08/19 15:50:00",SATGS1,0
D,DISPATCH,UNIT_SCADA,1,"2019/08/19 15:50:00",STARHLWF,0.199942
D,DISPATCH,UNIT_SCADA,1,"2019/08/19 15:50:00",WAUBRAWF,145.207001
D,DISPATCH,UNIT_SCADA,1,"2019/08/19 15:50:00",WOOLNTH1,130.240021
D,DISPATCH,UNIT_SCADA,1,"2019/08/19 15:50:00",WPWF,16
D,DISPATCH,UNIT_SCADA,1,"2019/08/19 15:50:00",YAMBUKWF,28.299999
D,DISPATCH,UNIT_SCADA,1,"2019/08/19 15:50:00",YSWF1,26.200001
D,DISPATCH,UNIT_SCADA,1,"2019/08/19 15:50:00",AGLHAL,0
D,DISPATCH,UNIT_SCADA,1,"2019/08/19 15:50:00",AGLSOM,0
D,DISPATCH,UNIT_SCADA,1,"2019/08/19 15:50:00",ANGAST1,0
D,DISPATCH,UNIT_SCADA,1,"2019/08/19 15:50:00",ARWF1,113.80
D,DISPATCH,UNIT_SCADA,1,"2019/08/19 15:50:00",BALBG1,0
D,DISPATCH,UNIT_SCADA,1,"2019/08/19 15:50:00",BALBL1,0
D,DISPATCH,UNIT_SCADA,1,"2019/08/19 15:50:00",BALDHWF1,103.074010
D,DISPATCH,UNIT_SCADA,1,"2019/08/19 15:50:00",BANN1,0
D,DISPATCH,UNIT_SCADA,1,"2019/08/19 15:50:00",BARCALDN,0
D,DISPATCH,UNIT_SCADA,1,"2019/08/19 15:50:00",BARRON-1,0
D,DISPATCH,UNIT_SCADA,1,"2019/08/19 15:50:00",BARRON-2,25.16
D,DISPATCH,UNIT_SCADA,1,"2019/08/19 15:50:00",BASTYAN,79.470010
D,DISPATCH,UNIT_SCADA,1,"2019/08/19 15:50:00",BBTHREE1,0
D,DISPATCH,UNIT_SCADA,1,"2019/08/19 15:50:00",BBTHREE2,0
D,DISPATCH,UNIT_SCADA,1,"2019/08/19 15:50:00",BBTHREE3,0
D,DISPATCH,UNIT_SCADA,1,"2019/08/19 15:50:00",BDL01,0
D,DISPATCH,UNIT_SCADA,1,"2019/08/19 15:50:00",BDL02,0
D,DISPATCH,UNIT_SCADA,1,"2019/08/19 15:50:00",BERYLSF1,53.271190
D,DISPATCH,UNIT_SCADA,1,"2019/08/19 15:50:00",BLOWERNG,0
D,DISPATCH,UNIT_SCADA,1,"2019/08/19 15:50:00",BLUFF1,19.90
D,DISPATCH,UNIT_SCADA,1,"2019/08/19 15:50:00",BNGSF1,98.26
D,DISPATCH,UNIT_SCADA,1,"2019/08/19 15:50:00",BNGSF2,22.37
D,DISPATCH,UNIT_SCADA,1,"2019/08/19 15:50:00",BOCORWF1,110.85
D,DISPATCH,UNIT_SCADA,1,"2019/08/19 15:50:00",BODWF1,105.146320
D,DISPATCH,UNIT_SCADA,1,"2019/08/19 15:50:00",BRAEMAR1,0
D,DISPATCH,UNIT_SCADA,1,"2019/08/19 15:50:00",BRAEMAR2,0
D,DISPATCH,UNIT_SCADA,1,"2019/08/19 15:50:00",BRAEMAR3,0
D,DISPATCH,UNIT_SCADA,1,"2019/08/19 15:50:00",BRAEMAR5,0
D,DISPATCH,UNIT_SCADA,1,"2019/08/19 15:50:00",BRAEMAR6,0
D,DISPATCH,UNIT_SCADA,1,"2019/08/19 15:50:00",BRAEMAR7,0
D,DISPATCH,UNIT_SCADA,1,"2019/08/19 15:50:00",BROKENH1,21.298580
D,DISPATCH,UNIT_SCADA,1,"2019/08/19 15:50:00",BW01,625.675050
D,DISPATCH,UNIT_SCADA,1,"2019/08/19 15:50:00",BW02,647.349980
D,DISPATCH,UNIT_SCADA,1,"2019/08/19 15:50:00",BW03,640.900020
D,DISPATCH,UNIT_SCADA,1,"2019/08/19 15:50:00",BW04,0
D,DISPATCH,UNIT_SCADA,1,"2019/08/19 15:50:00",CALL_B_1,350.399990
D,DISPATCH,UNIT_SCADA,1,"2019/08/19 15:50:00",CALL_B_2,279.300020
D,DISPATCH,UNIT_SCADA,1,"2019/08/19 15:50:00",CETHANA,79.2640
D,DISPATCH,UNIT_SCADA,1,"2019/08/19 15:50:00",CG1,0
D,DISPATCH,UNIT_SCADA,1,"2019/08/19 15:50:00",CG2,0
D,DISPATCH,UNIT_SCADA,1,"2019/08/19 15:50:00",CG3,0
D,DISPATCH,UNIT_SCADA,1,"2019/08/19 15:50:00",CG4,0
D,DISPATCH,UNIT_SCADA,1,"2019/08/19 15:50:00",CHILDSF1,40.06
D,DISPATCH,UNIT_SCADA,1,"2019/08/19 15:50:00",CLARESF1,38.991870
D,DISPATCH,UNIT_SCADA,1,"2019/08/19 15:50:00",CLEMGPWF,13.182410
D,DISPATCH,UNIT_SCADA,1,"2019/08/19 15:50:00",CLERMSF1,14.97
D,DISPATCH,UNIT_SCADA,1,"2019/08/19 15:50:00",COLEASF1,114.899990
D,DISPATCH,UNIT_SCADA,1,"2019/08/19 15:50:00",COOPGWF1,33.969030
D,DISPATCH,UNIT_SCADA,1,"2019/08/19 15:50:00",CPP_3,403.700010
D,DISPATCH,UNIT_SCADA,1,"2019/08/19 15:50:00",CPP_4,403.425020
D,DISPATCH,UNIT_SCADA,1,"2019/08/19 15:50:00",CPSA,143.03
D,DISPATCH,UNIT_SCADA,1,"2019/08/19 15:50:00",CROOKWF2,85.2750
D,DISPATCH,UNIT_SCADA,1,"2019/08/19 15:50:00",CROWLWF1,15.681540
D,DISPATCH,UNIT_SCADA,1,"2019/08/19 15:50:00",CSPVPS1,23.0420
D,DISPATCH,UNIT_SCADA,1,"2019/08/19 15:50:00",DALNTH01,0
D,DISPATCH,UNIT_SCADA,1,"2019/08/19 15:50:00",DALNTHL1,0.077820
D,DISPATCH,UNIT_SCADA,1,"2019/08/19 15:50:00",DARTM1,132.899990
D,DISPATCH,UNIT_SCADA,1,"2019/08/19 15:50:00",DAYDSF1,103.514010
D,DISPATCH,UNIT_SCADA,1,"2019/08/19 15:50:00",DDPS1,171.602220
D,DISPATCH,UNIT_SCADA,1,"2019/08/19 15:50:00",DDSF1,56.260610
D,DISPATCH,UNIT_SCADA,1,"2019/08/19 15:50:00",DEVILS_G,0
D,DISPATCH,UNIT_SCADA,1,"2019/08/19 15:50:00",DG_NSW1,0
D,DISPATCH,UNIT_SCADA,1,"2019/08/19 15:50:00",DG_QLD1,0
D,DISPATCH,UNIT_SCADA,1,"2019/08/19 15:50:00",DG_SA1,0
D,DISPATCH,UNIT_SCADA,1,"2019/08/19 15:50:00",DG_TAS1,0
D,DISPATCH,UNIT_SCADA,1,"2019/08/19 15:50:00",DG_VIC1,0
D,DISPATCH,UNIT_SCADA,1,"2019/08/19 15:50:00",DRYCGT1,0
D,DISPATCH,UNIT_SCADA,1,"2019/08/19 15:50:00",DRYCGT2,0
D,DISPATCH,UNIT_SCADA,1,"2019/08/19 15:50:00",DRYCGT3,0
D,DISPATCH,UNIT_SCADA,1,"2019/08/19 15:50:00",EILDON1,0
D,DISPATCH,UNIT_SCADA,1,"2019/08/19 15:50:00",EILDON2,0
D,DISPATCH,UNIT_SCADA,1,"2019/08/19 15:50:00",EMERASF1,53.92
D,DISPATCH,UNIT_SCADA,1,"2019/08/19 15:50:00",ER01,410.025020
D,DISPATCH,UNIT_SCADA,1,"2019/08/19 15:50:00",ER02,416.450070
D,DISPATCH,UNIT_SCADA,1,"2019/08/19 15:50:00",ER03,409.50
D,DISPATCH,UNIT_SCADA,1,"2019/08/19 15:50:00",ER04,408.8750
D,DISPATCH,UNIT_SCADA,1,"2019/08/19 15:50:00",FINLYSF1,0.534940
D,DISPATCH,UNIT_SCADA,1,"2019/08/19 15:50:00",FISHER,45.82
D,DISPATCH,UNIT_SCADA,1,"2019/08/19 15:50:00",GANNBG1,0
D,DISPATCH,UNIT_SCADA,1,"2019/08/19 15:50:00",GANNBL1,9.308980
D,DISPATCH,UNIT_SCADA,1,"2019/08/19 15:50:00",GANNSF1,41
D,DISPATCH,UNIT_SCADA,1,"2019/08/19 15:50:00",GORDON,18.213440
D,DISPATCH,UNIT_SCADA,1,"2019/08/19 15:50:00",GSTONE1,138.4250
D,DISPATCH,UNIT_SCADA,1,"2019/08/19 15:50:00",GSTONE2,149.974990
D,DISPATCH,UNIT_SCADA,1,"2019/08/19 15:50:00",GSTONE3,140
D,DISPATCH,UNIT_SCADA,1,"2019/08/19 15:50:00",GSTONE4,134.224990
D,DISPATCH,UNIT_SCADA,1,"2019/08/19 15:50:00",GSTONE5,137.3750
D,DISPATCH,UNIT_SCADA,1,"2019/08/19 15:50:00",GSTONE6,0
D,DISPATCH,UNIT_SCADA,1,"2019/08/19 15:50:00",GULLRSF1,3.0412
D,DISPATCH,UNIT_SCADA,1,"2019/08/19 15:50:00",GULLRWF1,147.021390
D,DISPATCH,UNIT_SCADA,1,"2019/08/19 15:50:00",GUNNING1,44.728980
D,DISPATCH,UNIT_SCADA,1,"2019/08/19 15:50:00",GUTHEGA,31
D,DISPATCH,UNIT_SCADA,1,"2019/08/19 15:50:00",HALLWF1,42.06
D,DISPATCH,UNIT_SCADA,1,"2019/08/19 15:50:00",HALLWF2,55.42
D,DISPATCH,UNIT_SCADA,1,"2019/08/19 15:50:00",HAMISF1,42.30
D,DISPATCH,UNIT_SCADA,1,"2019/08/19 15:50:00",HAUGHT11,50.051070
D,DISPATCH,UNIT_SCADA,1,"2019/08/19 15:50:00",HAYMSF1,36.1790
D,DISPATCH,UNIT_SCADA,1,"2019/08/19 15:50:00",HDWF1,27.10
D,DISPATCH,UNIT_SCADA,1,"2019/08/19 15:50:00",HDWF2,22.40
D,DISPATCH,UNIT_SCADA,1,"2019/08/19 15:50:00",HDWF3,19.90
D,DISPATCH,UNIT_SCADA,1,"2019/08/19 15:50:00",HPRG1,0.50
D,DISPATCH,UNIT_SCADA,1,"2019/08/19 15:50:00",HPRL1,0
D,DISPATCH,UNIT_SCADA,1,"2019/08/19 15:50:00",HUMENSW,0
D,DISPATCH,UNIT_SCADA,1,"2019/08/19 15:50:00",HUMEV,8
D,DISPATCH,UNIT_SCADA,1,"2019/08/19 15:50:00",HVGTS,0
D,DISPATCH,UNIT_SCADA,1,"2019/08/19 15:50:00",JBUTTERS,134.86
D,DISPATCH,UNIT_SCADA,1,"2019/08/19 15:50:00",JLA01,0.50
D,DISPATCH,UNIT_SCADA,1,"2019/08/19 15:50:00",JLA02,0
D,DISPATCH,UNIT_SCADA,1,"2019/08/19 15:50:00",JLA03,0.10
D,DISPATCH,UNIT_SCADA,1,"2019/08/19 15:50:00",JLA04,0.10
D,DISPATCH,UNIT_SCADA,1,"2019/08/19 15:50:00",JLB01,0
D,DISPATCH,UNIT_SCADA,1,"2019/08/19 15:50:00",JLB02,0.10
D,DISPATCH,UNIT_SCADA,1,"2019/08/19 15:50:00",JLB03,0
D,DISPATCH,UNIT_SCADA,1,"2019/08/19 15:50:00",KAREEYA1,21.52
D,DISPATCH,UNIT_SCADA,1,"2019/08/19 15:50:00",KAREEYA2,21.6125
D,DISPATCH,UNIT_SCADA,1,"2019/08/19 15:50:00",KAREEYA3,0
D,DISPATCH,UNIT_SCADA,1,"2019/08/19 15:50:00",KAREEYA4,21.56
D,DISPATCH,UNIT_SCADA,1,"2019/08/19 15:50:00",KARSF1,0
D,DISPATCH,UNIT_SCADA,1,"2019/08/19 15:50:00",KIATAWF1,26.40
D,DISPATCH,UNIT_SCADA,1,"2019/08/19 15:50:00",KPP_1,0
D,DISPATCH,UNIT_SCADA,1,"2019/08/19 15:50:00",KSP1,45.50
D,DISPATCH,UNIT_SCADA,1,"2019/08/19 15:50:00",LADBROK1,0
D,DISPATCH,UNIT_SCADA,1,"2019/08/19 15:50:00",LADBROK2,0
D,DISPATCH,UNIT_SCADA,1,"2019/08/19 15:50:00",LD01,355.6312
D,DISPATCH,UNIT_SCADA,1,"2019/08/19 15:50:00",LD02,349.668730
D,DISPATCH,UNIT_SCADA,1,"2019/08/19 15:50:00",LD03,348.693790
D,DISPATCH,UNIT_SCADA,1,"2019/08/19 15:50:00",LD04,346.743710
D,DISPATCH,UNIT_SCADA,1,"2019/08/19 15:50:00",LEM_WIL,75.812250
D,DISPATCH,UNIT_SCADA,1,"2019/08/19 15:50:00",LGAPWF1,11.13
D,DISPATCH,UNIT_SCADA,1,"2019/08/19 15:50:00",LILYSF1,76.546040
D,DISPATCH,UNIT_SCADA,1,"2019/08/19 15:50:00",LI_WY_CA,147.384520
D,DISPATCH,UNIT_SCADA,1,"2019/08/19 15:50:00",LKBONNY2,86.663310
D,DISPATCH,UNIT_SCADA,1,"2019/08/19 15:50:00",LKBONNY3,17.918870
D,DISPATCH,UNIT_SCADA,1,"2019/08/19 15:50:00",LK_ECHO,0
D,DISPATCH,UNIT_SCADA,1,"2019/08/19 15:50:00",LNGS1,0
D,DISPATCH,UNIT_SCADA,1,"2019/08/19 15:50:00",LNGS2,0
D,DISPATCH,UNIT_SCADA,1,"2019/08/19 15:50:00",LONSDALE,0
D,DISPATCH,UNIT_SCADA,1,"2019/08/19 15:50:00",LOYYB1,530.073430
D,DISPATCH,UNIT_SCADA,1,"2019/08/19 15:50:00",LOYYB2,581.202510
D,DISPATCH,UNIT_SCADA,1,"2019/08/19 15:50:00",LYA1,557
D,DISPATCH,UNIT_SCADA,1,"2019/08/19 15:50:00",LYA2,0
D,DISPATCH,UNIT_SCADA,1,"2019/08/19 15:50:00",LYA3,558
D,DISPATCH,UNIT_SCADA,1,"2019/08/19 15:50:00",LYA4,538
D,DISPATCH,UNIT_SCADA,1,"2019/08/19 15:50:00",MACARTH1,260.593990
D,DISPATCH,UNIT_SCADA,1,"2019/08/19 15:50:00",MACKAYGT,0
D,DISPATCH,UNIT_SCADA,1,"2019/08/19 15:50:00",MACKNTSH,84.290010
D,DISPATCH,UNIT_SCADA,1,"2019/08/19 15:50:00",MANSLR1,38.6760
D,DISPATCH,UNIT_SCADA,1,"2019/08/19 15:50:00",MCKAY1,0.02
D,DISPATCH,UNIT_SCADA,1,"2019/08/19 15:50:00",MEADOWBK,33.953040
D,DISPATCH,UNIT_SCADA,1,"2019/08/19 15:50:00",MERCER01,93.76
D,DISPATCH,UNIT_SCADA,1,"2019/08/19 15:50:00",MEWF1,47.503360
D,DISPATCH,UNIT_SCADA,1,"2019/08/19 15:50:00",MINTARO,0
D,DISPATCH,UNIT_SCADA,1,"2019/08/19 15:50:00",MOREESF1,47.84
D,DISPATCH,UNIT_SCADA,1,"2019/08/19 15:50:00",MORTLK11,149
D,DISPATCH,UNIT_SCADA,1,"2019/08/19 15:50:00",MORTLK12,0
D,DISPATCH,UNIT_SCADA,1,"2019/08/19 15:50:00",MP1,329.724980
D,DISPATCH,UNIT_SCADA,1,"2019/08/19 15:50:00",MP2,0
D,DISPATCH,UNIT_SCADA,1,"2019/08/19 15:50:00",MPP_1,386
D,DISPATCH,UNIT_SCADA,1,"2019/08/19 15:50:00",MPP_2,434.50
D,DISPATCH,UNIT_SCADA,1,"2019/08/19 15:50:00",MSTUART1,0
D,DISPATCH,UNIT_SCADA,1,"2019/08/19 15:50:00",MSTUART2,0
D,DISPATCH,UNIT_SCADA,1,"2019/08/19 15:50:00",MSTUART3,0
D,DISPATCH,UNIT_SCADA,1,"2019/08/19 15:50:00",MTGELWF1,64.044620
D,DISPATCH,UNIT_SCADA,1,"2019/08/19 15:50:00",MURRAY,0
D,DISPATCH,UNIT_SCADA,1,"2019/08/19 15:50:00",MUSSELR1,165.20
D,DISPATCH,UNIT_SCADA,1,"2019/08/19 15:50:00",MUWAWF1,47.04
D,DISPATCH,UNIT_SCADA,1,"2019/08/19 15:50:00",NBHWF1,50.50
D,DISPATCH,UNIT_SCADA,1,"2019/08/19 15:50:00",NPS,199.1250
D,DISPATCH,UNIT_SCADA,1,"2019/08/19 15:50:00",NUMURSF1,69.02
D,DISPATCH,UNIT_SCADA,1,"2019/08/19 15:50:00",NYNGAN1,63
D,DISPATCH,UNIT_SCADA,1,"2019/08/19 15:50:00",OAKEY1,0
D,DISPATCH,UNIT_SCADA,1,"2019/08/19 15:50:00",OAKEY1SF,19.5840
D,DISPATCH,UNIT_SCADA,1,"2019/08/19 15:50:00",OAKEY2,0
D,DISPATCH,UNIT_SCADA,1,"2019/08/19 15:50:00",OAKLAND1,32.90
D,DISPATCH,UNIT_SCADA,1,"2019/08/19 15:50:00",OSB-AG,17.07
D,DISPATCH,UNIT_SCADA,1,"2019/08/19 15:50:00",PARSF1,33.603120
D,DISPATCH,UNIT_SCADA,1,"2019/08/19 15:50:00",POAT110,1.004560
D,DISPATCH,UNIT_SCADA,1,"2019/08/19 15:50:00",POAT220,28.0548
D,DISPATCH,UNIT_SCADA,1,"2019/08/19 15:50:00",POR01,0
D,DISPATCH,UNIT_SCADA,1,"2019/08/19 15:50:00",POR03,0
D,DISPATCH,UNIT_SCADA,1,"2019/08/19 15:50:00",PPCCGT,348.710540
D,DISPATCH,UNIT_SCADA,1,"2019/08/19 15:50:00",PTSTAN1,0
D,DISPATCH,UNIT_SCADA,1,"2019/08/19 15:50:00",PUMP1,0
D,DISPATCH,UNIT_SCADA,1,"2019/08/19 15:50:00",PUMP2,0
D,DISPATCH,UNIT_SCADA,1,"2019/08/19 15:50:00",QPS1,0
D,DISPATCH,UNIT_SCADA,1,"2019/08/19 15:50:00",QPS2,0
D,DISPATCH,UNIT_SCADA,1,"2019/08/19 15:50:00",QPS3,0
D,DISPATCH,UNIT_SCADA,1,"2019/08/19 15:50:00",QPS4,0
D,DISPATCH,UNIT_SCADA,1,"2019/08/19 15:50:00",QPS5,0
D,DISPATCH,UNIT_SCADA,1,"2019/08/19 15:50:00",REECE1,113.360010
D,DISPATCH,UNIT_SCADA,1,"2019/08/19 15:50:00",REECE2,111.490010
D,DISPATCH,UNIT_SCADA,1,"2019/08/19 15:50:00",ROMA_7,0
D,DISPATCH,UNIT_SCADA,1,"2019/08/19 15:50:00",ROMA_8,0
D,DISPATCH,UNIT_SCADA,1,"2019/08/19 15:50:00",RRSF1,96.463460
D,DISPATCH,UNIT_SCADA,1,"2019/08/19 15:50:00",RT_NSW1,0
D,DISPATCH,UNIT_SCADA,1,"2019/08/19 15:50:00",RT_NSW2,0
D,DISPATCH,UNIT_SCADA,1,"2019/08/19 15:50:00",RT_NSW3,0
D,DISPATCH,UNIT_SCADA,1,"2019/08/19 15:50:00",RT_NSW4,0
D,DISPATCH,UNIT_SCADA,1,"2019/08/19 15:50:00",RT_NSW5,0
D,DISPATCH,UNIT_SCADA,1,"2019/08/19 15:50:00",RT_NSW6,0
D,DISPATCH,UNIT_SCADA,1,"2019/08/19 15:50:00",RT_QLD1,0
D,DISPATCH,UNIT_SCADA,1,"2019/08/19 15:50:00",RT_SA1,0
D,DISPATCH,UNIT_SCADA,1,"2019/08/19 15:50:00",RT_SA2,0
D,DISPATCH,UNIT_SCADA,1,"2019/08/19 15:50:00",RT_SA3,0
D,DISPATCH,UNIT_SCADA,1,"2019/08/19 15:50:00",RT_SA4,0
D,DISPATCH,UNIT_SCADA,1,"2019/08/19 15:50:00",RT_SA5,0
D,DISPATCH,UNIT_SCADA,1,"2019/08/19 15:50:00",RT_SA6,0
D,DISPATCH,UNIT_SCADA,1,"2019/08/19 15:50:00",RT_TAS1,0
D,DISPATCH,UNIT_SCADA,1,"2019/08/19 15:50:00",RT_VIC1,0
D,DISPATCH,UNIT_SCADA,1,"2019/08/19 15:50:00",RT_VIC10,0
D,DISPATCH,UNIT_SCADA,1,"2019/08/19 15:50:00",RT_VIC11,0
D,DISPATCH,UNIT_SCADA,1,"2019/08/19 15:50:00",RT_VIC12,0
D,DISPATCH,UNIT_SCADA,1,"2019/08/19 15:50:00",RT_VIC2,0
D,DISPATCH,UNIT_SCADA,1,"2019/08/19 15:50:00",RT_VIC3,0
D,DISPATCH,UNIT_SCADA,1,"2019/08/19 15:50:00",RT_VIC4,0
D,DISPATCH,UNIT_SCADA,1,"2019/08/19 15:50:00",RT_VIC5,0
D,DISPATCH,UNIT_SCADA,1,"2019/08/19 15:50:00",RT_VIC6,0
D,DISPATCH,UNIT_SCADA,1,"2019/08/19 15:50:00",RT_VIC7,0
D,DISPATCH,UNIT_SCADA,1,"2019/08/19 15:50:00",RT_VIC8,0
D,DISPATCH,UNIT_SCADA,1,"2019/08/19 15:50:00",RT_VIC9,0
D,DISPATCH,UNIT_SCADA,1,"2019/08/19 15:50:00",RUGBYR1,44.9495
D,DISPATCH,UNIT_SCADA,1,"2019/08/19 15:50:00",SALTCRK1,45.98
D,DISPATCH,UNIT_SCADA,1,"2019/08/19 15:50:00",SAPHWF1,205.1250
D,DISPATCH,UNIT_SCADA,1,"2019/08/19 15:50:00",SHGEN,0
D,DISPATCH,UNIT_SCADA,1,"2019/08/19 15:50:00",SHPUMP,122.821870
D,DISPATCH,UNIT_SCADA,1,"2019/08/19 15:50:00",SITHE01,0.005650
D,DISPATCH,UNIT_SCADA,1,"2019/08/19 15:50:00",SMCSF1,53.6820
D,DISPATCH,UNIT_SCADA,1,"2019/08/19 15:50:00",SNOWNTH1,24.60
D,DISPATCH,UNIT_SCADA,1,"2019/08/19 15:50:00",SNOWSTH1,52.50
D,DISPATCH,UNIT_SCADA,1,"2019/08/19 15:50:00",SNOWTWN1,19.207280
D,DISPATCH,UNIT_SCADA,1,"2019/08/19 15:50:00",SNOWYP,186.20
D,DISPATCH,UNIT_SCADA,1,"2019/08/19 15:50:00",SNUG1,0.019440
D,DISPATCH,UNIT_SCADA,1,"2019/08/19 15:50:00",SRSF1,35.46
D,DISPATCH,UNIT_SCADA,1,"2019/08/19 15:50:00",STAN-1,0
D,DISPATCH,UNIT_SCADA,1,"2019/08/19 15:50:00",STAN-2,276.620940
D,DISPATCH,UNIT_SCADA,1,"2019/08/19 15:50:00",STAN-3,276.454320
D,DISPATCH,UNIT_SCADA,1,"2019/08/19 15:50:00",STAN-4,283.273380
D,DISPATCH,UNIT_SCADA,1,"2019/08/19 15:50:00",STWF1,21.734990
D,DISPATCH,UNIT_SCADA,1,"2019/08/19 15:50:00",SWAN_E,0
D,DISPATCH,UNIT_SCADA,1,"2019/08/19 15:50:00",TALWA1,300
D,DISPATCH,UNIT_SCADA,1,"2019/08/19 15:50:00",TARALGA1,97.271260
D,DISPATCH,UNIT_SCADA,1,"2019/08/19 15:50:00",TARONG#1,274.800020
D,DISPATCH,UNIT_SCADA,1,"2019/08/19 15:50:00",TARONG#2,274.800020
D,DISPATCH,UNIT_SCADA,1,"2019/08/19 15:50:00",TARONG#3,259
D,DISPATCH,UNIT_SCADA,1,"2019/08/19 15:50:00",TARONG#4,280.700010
D,DISPATCH,UNIT_SCADA,1,"2019/08/19 15:50:00",TARRALEA,78.70
D,DISPATCH,UNIT_SCADA,1,"2019/08/19 15:50:00",TBSF1,0
D,DISPATCH,UNIT_SCADA,1,"2019/08/19 15:50:00",TNPS1,442.000030
D,DISPATCH,UNIT_SCADA,1,"2019/08/19 15:50:00",TORRA1,37.870430
D,DISPATCH,UNIT_SCADA,1,"2019/08/19 15:50:00",TORRA2,0
D,DISPATCH,UNIT_SCADA,1,"2019/08/19 15:50:00",TORRA3,39.033750
D,DISPATCH,UNIT_SCADA,1,"2019/08/19 15:50:00",TORRA4,0
D,DISPATCH,UNIT_SCADA,1,"2019/08/19 15:50:00",TORRB1,41.23
D,DISPATCH,UNIT_SCADA,1,"2019/08/19 15:50:00",TORRB2,41.27
D,DISPATCH,UNIT_SCADA,1,"2019/08/19 15:50:00",TORRB3,0
D,DISPATCH,UNIT_SCADA,1,"2019/08/19 15:50:00",TORRB4,0
D,DISPATCH,UNIT_SCADA,1,"2019/08/19 15:50:00",TREVALLN,39.670010
D,DISPATCH,UNIT_SCADA,1,"2019/08/19 15:50:00",TRIBUTE,70.50
D,DISPATCH,UNIT_SCADA,1,"2019/08/19 15:50:00",TUMUT3,0
D,DISPATCH,UNIT_SCADA,1,"2019/08/19 15:50:00",TUNGATIN,119.550030
D,DISPATCH,UNIT_SCADA,1,"2019/08/19 15:50:00",TVCC201,0
D,DISPATCH,UNIT_SCADA,1,"2019/08/19 15:50:00",TVPP104,0
D,DISPATCH,UNIT_SCADA,1,"2019/08/19 15:50:00",UPPTUMUT,0
D,DISPATCH,UNIT_SCADA,1,"2019/08/19 15:50:00",URANQ11,0
D,DISPATCH,UNIT_SCADA,1,"2019/08/19 15:50:00",URANQ12,0
D,DISPATCH,UNIT_SCADA,1,"2019/08/19 15:50:00",URANQ13,0
D,DISPATCH,UNIT_SCADA,1,"2019/08/19 15:50:00",URANQ14,0
D,DISPATCH,UNIT_SCADA,1,"2019/08/19 15:50:00",VP5,432.899990
D,DISPATCH,UNIT_SCADA,1,"2019/08/19 15:50:00",VP6,435.274990
D,DISPATCH,UNIT_SCADA,1,"2019/08/19 15:50:00",VPGS1,0
D,DISPATCH,UNIT_SCADA,1,"2019/08/19 15:50:00",VPGS2,0
D,DISPATCH,UNIT_SCADA,1,"2019/08/19 15:50:00",VPGS3,0
D,DISPATCH,UNIT_SCADA,1,"2019/08/19 15:50:00",VPGS4,0
D,DISPATCH,UNIT_SCADA,1,"2019/08/19 15:50:00",VPGS5,0
D,DISPATCH,UNIT_SCADA,1,"2019/08/19 15:50:00",VPGS6,0
D,DISPATCH,UNIT_SCADA,1,"2019/08/19 15:50:00",W/HOE#1,0
D,DISPATCH,UNIT_SCADA,1,"2019/08/19 15:50:00",W/HOE#2,0
D,DISPATCH,UNIT_SCADA,1,"2019/08/19 15:50:00",WATERLWF,91.70
D,DISPATCH,UNIT_SCADA,1,"2019/08/19 15:50:00",WEMENSF1,0.10
D,DISPATCH,UNIT_SCADA,1,"2019/08/19 15:50:00",WGWF1,35.50
D,DISPATCH,UNIT_SCADA,1,"2019/08/19 15:50:00",WHITSF1,40.30
D,DISPATCH,UNIT_SCADA,1,"2019/08/19 15:50:00",WKIEWA1,0
D,DISPATCH,UNIT_SCADA,1,"2019/08/19 15:50:00",WKIEWA2,0.10
D,DISPATCH,UNIT_SCADA,1,"2019/08/19 15:50:00",WOODLWN1,45.1170
D,DISPATCH,UNIT_SCADA,1,"2019/08/19 15:50:00",WRSF1,10.38
D,DISPATCH,UNIT_SCADA,1,"2019/08/19 15:50:00",WRWF1,146.7775
D,DISPATCH,UNIT_SCADA,1,"2019/08/19 15:50:00",YABULU,0
D,DISPATCH,UNIT_SCADA,1,"2019/08/19 15:50:00",YABULU2,0
D,DISPATCH,UNIT_SCADA,1,"2019/08/19 15:50:00",YARWUN_1,0
D,DISPATCH,UNIT_SCADA,1,"2019/08/19 15:50:00",YENDWF1,42.11
D,DISPATCH,UNIT_SCADA,1,"2019/08/19 15:50:00",YWPS1,378.946840
D,DISPATCH,UNIT_SCADA,1,"2019/08/19 15:50:00",YWPS2,283.706330
D,DISPATCH,UNIT_SCADA,1,"2019/08/19 15:50:00",YWPS3,0
D,DISPATCH,UNIT_SCADA,1,"2019/08/19 15:50:00",YWPS4,395.520260
C,"END OF REPORT",334
