C,NEMP.WORLD,DISPATCHSCADA,AEMO,PUBLIC,2019/09/04,16:05:07,0000000312388549,DISPATCHSCADA,0000000312388543
I,DISPATCH,UNIT_SCADA,1,SETTLEMENTDATE,DUID,SCADAVALUE
D,DISPATCH,UNIT_SCADA,1,"2019/09/04 16:10:00",BARCSF1,10.10
D,DISPATCH,UNIT_SCADA,1,"2019/09/04 16:10:00",BUTLERSG,10.199999
D,DISPATCH,UNIT_SCADA,1,"2019/09/04 16:10:00",CALL_A_4,0
D,DISPATCH,UNIT_SCADA,1,"2019/09/04 16:10:00",CAPTL_WF,102.568001
D,DISPATCH,UNIT_SCADA,1,"2019/09/04 16:10:00",CATHROCK,0
D,DISPATCH,UNIT_SCADA,1,"2019/09/04 16:10:00",CHALLHWF,0
D,DISPATCH,UNIT_SCADA,1,"2019/09/04 16:10:00",CLOVER,-0.01
D,DISPATCH,UNIT_SCADA,1,"2019/09/04 16:10:00",CLUNY,12.182651
D,DISPATCH,UNIT_SCADA,1,"2019/09/04 16:10:00",CNUNDAWF,0
D,DISPATCH,UNIT_SCADA,1,"2019/09/04 16:10:00",CULLRGWF,18.799999
D,DISPATCH,UNIT_SCADA,1,"2019/09/04 16:10:00",ERGT01,0
D,DISPATCH,UNIT_SCADA,1,"2019/09/04 16:10:00",GB01,0.0079
D,DISPATCH,UNIT_SCADA,1,"2019/09/04 16:10:00",GERMCRK,36.200001
D,DISPATCH,UNIT_SCADA,1,"2019/09/04 16:10:00",GRIFSF1,7.900002
D,DISPATCH,UNIT_SCADA,1,"2019/09/04 16:10:00",HUGSF1,9.0010
D,DISPATCH,UNIT_SCADA,1,"2019/09/04 16:10:00",LKBONNY1,-0.449338
D,DISPATCH,UNIT_SCADA,1,"2019/09/04 16:10:00",LRSF1,12.601001
D,DISPATCH,UNIT_SCADA,1,"2019/09/04 16:10:00",MBAHNTH,26.8125
D,DISPATCH,UNIT_SCADA,1,"2019/09/04 16:10:00",MLSP1,5.574001
D,DISPATCH,UNIT_SCADA,1,"2019/09/04 16:10:00",MLWF1,1.02
D,DISPATCH,UNIT_SCADA,1,"2019/09/04 16:10:00",MTMILLAR,-0.078134
D,DISPATCH,UNIT_SCADA,1,"2019/09/04 16:10:00",PALOONA,24.539999
D,DISPATCH,UNIT_SCADA,1,"2019/09/04 16:10:00",PIONEER,41.299999
D,DISPATCH,UNIT_SCADA,1,"2019/09/04 16:10:00",PORTWF,8.60
D,DISPATCH,UNIT_SCADA,1,"2019/09/04 16:10:00",REPULSE,20.109560
D,DISPATCH,UNIT_SCADA,1,"2019/09/04 16:10:00",ROWALLAN,10.4228
D,DISPATCH,UNIT_SCADA,1,"2019/09/04 16:10:00",ROYALLA1,8.5080
D,DISPATCH,UNIT_SCADA,1,"2019/09/04 16:10:00",RPCG,-0.40
D,DISPATCH,UNIT_SCADA,1,"2019/09/04 16:10:00",RUBICON,0
D,DISPATCH,UNIT_SCADA,1,"2019/09/04 16:10:00",SATGN1,0
D,DISPATCH,UNIT_SCADA,1,"2019/09/04 16:10:00",SATGS1,0
D,DISPATCH,UNIT_SCADA,1,"2019/09/04 16:10:00",STARHLWF,0.499854
D,DISPATCH,UNIT_SCADA,1,"2019/09/04 16:10:00",WAUBRAWF,19.917999
D,DISPATCH,UNIT_SCADA,1,"2019/09/04 16:10:00",WOOLNTH1,60.400017
D,DISPATCH,UNIT_SCADA,1,"2019/09/04 16:10:00",WPWF,0
D,DISPATCH,UNIT_SCADA,1,"2019/09/04 16:10:00",YAMBUKWF,1.90
D,DISPATCH,UNIT_SCADA,1,"2019/09/04 16:10:00",YSWF1,7.30
D,DISPATCH,UNIT_SCADA,1,"2019/09/04 16:10:00",AGLHAL,0
D,DISPATCH,UNIT_SCADA,1,"2019/09/04 16:10:00",AGLSOM,0
D,DISPATCH,UNIT_SCADA,1,"2019/09/04 16:10:00",ANGAST1,0
D,DISPATCH,UNIT_SCADA,1,"2019/09/04 16:10:00",ARWF1,29.60
D,DISPATCH,UNIT_SCADA,1,"2019/09/04 16:10:00",BALBG1,0
D,DISPATCH,UNIT_SCADA,1,"2019/09/04 16:10:00",BALBL1,0
D,DISPATCH,UNIT_SCADA,1,"2019/09/04 16:10:00",BALDHWF1,49.0850
D,DISPATCH,UNIT_SCADA,1,"2019/09/04 16:10:00",BANN1,15.26
D,DISPATCH,UNIT_SCADA,1,"2019/09/04 16:10:00",BARCALDN,0
D,DISPATCH,UNIT_SCADA,1,"2019/09/04 16:10:00",BARRON-1,25.48
D,DISPATCH,UNIT_SCADA,1,"2019/09/04 16:10:00",BARRON-2,0
D,DISPATCH,UNIT_SCADA,1,"2019/09/04 16:10:00",BASTYAN,80.41
D,DISPATCH,UNIT_SCADA,1,"2019/09/04 16:10:00",BBTHREE1,0
D,DISPATCH,UNIT_SCADA,1,"2019/09/04 16:10:00",BBTHREE2,0
D,DISPATCH,UNIT_SCADA,1,"2019/09/04 16:10:00",BBTHREE3,0
D,DISPATCH,UNIT_SCADA,1,"2019/09/04 16:10:00",BDL01,0
D,DISPATCH,UNIT_SCADA,1,"2019/09/04 16:10:00",BDL02,-0.06
D,DISPATCH,UNIT_SCADA,1,"2019/09/04 16:10:00",BERYLSF1,52.670350
D,DISPATCH,UNIT_SCADA,1,"2019/09/04 16:10:00",BLOWERNG,11.20
D,DISPATCH,UNIT_SCADA,1,"2019/09/04 16:10:00",BLUFF1,0
D,DISPATCH,UNIT_SCADA,1,"2019/09/04 16:10:00",BNGSF1,100.22
D,DISPATCH,UNIT_SCADA,1,"2019/09/04 16:10:00",BNGSF2,19.99
D,DISPATCH,UNIT_SCADA,1,"2019/09/04 16:10:00",BOCORWF1,105.39
D,DISPATCH,UNIT_SCADA,1,"2019/09/04 16:10:00",BODWF1,85.109470
D,DISPATCH,UNIT_SCADA,1,"2019/09/04 16:10:00",BRAEMAR1,0
D,DISPATCH,UNIT_SCADA,1,"2019/09/04 16:10:00",BRAEMAR2,0
D,DISPATCH,UNIT_SCADA,1,"2019/09/04 16:10:00",BRAEMAR3,0
D,DISPATCH,UNIT_SCADA,1,"2019/09/04 16:10:00",BRAEMAR5,0
D,DISPATCH,UNIT_SCADA,1,"2019/09/04 16:10:00",BRAEMAR6,0
D,DISPATCH,UNIT_SCADA,1,"2019/09/04 16:10:00",BRAEMAR7,0
D,DISPATCH,UNIT_SCADA,1,"2019/09/04 16:10:00",BROKENH1,33.585940
D,DISPATCH,UNIT_SCADA,1,"2019/09/04 16:10:00",BW01,632.1250
D,DISPATCH,UNIT_SCADA,1,"2019/09/04 16:10:00",BW02,633.974980
D,DISPATCH,UNIT_SCADA,1,"2019/09/04 16:10:00",BW03,635.025020
D,DISPATCH,UNIT_SCADA,1,"2019/09/04 16:10:00",BW04,0
D,DISPATCH,UNIT_SCADA,1,"2019/09/04 16:10:00",CALL_B_1,161.400010
D,DISPATCH,UNIT_SCADA,1,"2019/09/04 16:10:00",CALL_B_2,160.50
D,DISPATCH,UNIT_SCADA,1,"2019/09/04 16:10:00",CETHANA,84.2935
D,DISPATCH,UNIT_SCADA,1,"2019/09/04 16:10:00",CG1,0
D,DISPATCH,UNIT_SCADA,1,"2019/09/04 16:10:00",CG2,0
D,DISPATCH,UNIT_SCADA,1,"2019/09/04 16:10:00",CG3,0
D,DISPATCH,UNIT_SCADA,1,"2019/09/04 16:10:00",CG4,0
D,DISPATCH,UNIT_SCADA,1,"2019/09/04 16:10:00",CHILDSF1,43.29
D,DISPATCH,UNIT_SCADA,1,"2019/09/04 16:10:00",CLARESF1,43.108350
D,DISPATCH,UNIT_SCADA,1,"2019/09/04 16:10:00",CLEMGPWF,-0.360180
D,DISPATCH,UNIT_SCADA,1,"2019/09/04 16:10:00",CLERMSF1,15.07
D,DISPATCH,UNIT_SCADA,1,"2019/09/04 16:10:00",COLEASF1,40
D,DISPATCH,UNIT_SCADA,1,"2019/09/04 16:10:00",COOPGWF1,19.943150
D,DISPATCH,UNIT_SCADA,1,"2019/09/04 16:10:00",CPP_3,363.825010
D,DISPATCH,UNIT_SCADA,1,"2019/09/04 16:10:00",CPP_4,169.95
D,DISPATCH,UNIT_SCADA,1,"2019/09/04 16:10:00",CPSA,75.303120
D,DISPATCH,UNIT_SCADA,1,"2019/09/04 16:10:00",CROOKWF2,80.465010
D,DISPATCH,UNIT_SCADA,1,"2019/09/04 16:10:00",CROWLWF1,10.288130
D,DISPATCH,UNIT_SCADA,1,"2019/09/04 16:10:00",CSPVPS1,17.6980
D,DISPATCH,UNIT_SCADA,1,"2019/09/04 16:10:00",DALNTH01,0
D,DISPATCH,UNIT_SCADA,1,"2019/09/04 16:10:00",DALNTHL1,0.172430
D,DISPATCH,UNIT_SCADA,1,"2019/09/04 16:10:00",DARTM1,131.100010
D,DISPATCH,UNIT_SCADA,1,"2019/09/04 16:10:00",DAYDSF1,112.706010
D,DISPATCH,UNIT_SCADA,1,"2019/09/04 16:10:00",DDPS1,291.0921
D,DISPATCH,UNIT_SCADA,1,"2019/09/04 16:10:00",DDSF1,48.099330
D,DISPATCH,UNIT_SCADA,1,"2019/09/04 16:10:00",DEVILS_G,56.361580
D,DISPATCH,UNIT_SCADA,1,"2019/09/04 16:10:00",DG_NSW1,0
D,DISPATCH,UNIT_SCADA,1,"2019/09/04 16:10:00",DG_QLD1,0
D,DISPATCH,UNIT_SCADA,1,"2019/09/04 16:10:00",DG_SA1,0
D,DISPATCH,UNIT_SCADA,1,"2019/09/04 16:10:00",DG_TAS1,0
D,DISPATCH,UNIT_SCADA,1,"2019/09/04 16:10:00",DG_VIC1,0
D,DISPATCH,UNIT_SCADA,1,"2019/09/04 16:10:00",DRYCGT1,0
D,DISPATCH,UNIT_SCADA,1,"2019/09/04 16:10:00",DRYCGT2,0
D,DISPATCH,UNIT_SCADA,1,"2019/09/04 16:10:00",DRYCGT3,0
D,DISPATCH,UNIT_SCADA,1,"2019/09/04 16:10:00",EILDON1,0
D,DISPATCH,UNIT_SCADA,1,"2019/09/04 16:10:00",EILDON2,0
D,DISPATCH,UNIT_SCADA,1,"2019/09/04 16:10:00",EMERASF1,35.05
D,DISPATCH,UNIT_SCADA,1,"2019/09/04 16:10:00",ER01,578.324950
D,DISPATCH,UNIT_SCADA,1,"2019/09/04 16:10:00",ER02,682.849980
D,DISPATCH,UNIT_SCADA,1,"2019/09/04 16:10:00",ER03,0
D,DISPATCH,UNIT_SCADA,1,"2019/09/04 16:10:00",ER04,682.900020
D,DISPATCH,UNIT_SCADA,1,"2019/09/04 16:10:00",FINLYSF1,0
D,DISPATCH,UNIT_SCADA,1,"2019/09/04 16:10:00",FISHER,45.77
D,DISPATCH,UNIT_SCADA,1,"2019/09/04 16:10:00",GANNBG1,0
D,DISPATCH,UNIT_SCADA,1,"2019/09/04 16:10:00",GANNBL1,5.519170
D,DISPATCH,UNIT_SCADA,1,"2019/09/04 16:10:00",GANNSF1,16.10
D,DISPATCH,UNIT_SCADA,1,"2019/09/04 16:10:00",GORDON,19.666640
D,DISPATCH,UNIT_SCADA,1,"2019/09/04 16:10:00",GSTONE1,157.3250
D,DISPATCH,UNIT_SCADA,1,"2019/09/04 16:10:00",GSTONE2,142.974990
D,DISPATCH,UNIT_SCADA,1,"2019/09/04 16:10:00",GSTONE3,0
D,DISPATCH,UNIT_SCADA,1,"2019/09/04 16:10:00",GSTONE4,159.0750
D,DISPATCH,UNIT_SCADA,1,"2019/09/04 16:10:00",GSTONE5,159.0750
D,DISPATCH,UNIT_SCADA,1,"2019/09/04 16:10:00",GSTONE6,157.849990
D,DISPATCH,UNIT_SCADA,1,"2019/09/04 16:10:00",GULLRSF1,1.044460
D,DISPATCH,UNIT_SCADA,1,"2019/09/04 16:10:00",GULLRWF1,116.0054
D,DISPATCH,UNIT_SCADA,1,"2019/09/04 16:10:00",GUNNING1,18.880140
D,DISPATCH,UNIT_SCADA,1,"2019/09/04 16:10:00",GUTHEGA,0
D,DISPATCH,UNIT_SCADA,1,"2019/09/04 16:10:00",HALLWF1,-0.46
D,DISPATCH,UNIT_SCADA,1,"2019/09/04 16:10:00",HALLWF2,-0.31
D,DISPATCH,UNIT_SCADA,1,"2019/09/04 16:10:00",HAMISF1,40.90
D,DISPATCH,UNIT_SCADA,1,"2019/09/04 16:10:00",HAUGHT11,91.992070
D,DISPATCH,UNIT_SCADA,1,"2019/09/04 16:10:00",HAYMSF1,37.1840
D,DISPATCH,UNIT_SCADA,1,"2019/09/04 16:10:00",HDWF1,10.20
D,DISPATCH,UNIT_SCADA,1,"2019/09/04 16:10:00",HDWF2,11.80
D,DISPATCH,UNIT_SCADA,1,"2019/09/04 16:10:00",HDWF3,12.40
D,DISPATCH,UNIT_SCADA,1,"2019/09/04 16:10:00",HPRG1,10
D,DISPATCH,UNIT_SCADA,1,"2019/09/04 16:10:00",HPRL1,0
D,DISPATCH,UNIT_SCADA,1,"2019/09/04 16:10:00",HUMENSW,0
D,DISPATCH,UNIT_SCADA,1,"2019/09/04 16:10:00",HUMEV,25.70
D,DISPATCH,UNIT_SCADA,1,"2019/09/04 16:10:00",HVGTS,0
D,DISPATCH,UNIT_SCADA,1,"2019/09/04 16:10:00",JBUTTERS,18.77
D,DISPATCH,UNIT_SCADA,1,"2019/09/04 16:10:00",JLA01,20.20
D,DISPATCH,UNIT_SCADA,1,"2019/09/04 16:10:00",JLA02,0
D,DISPATCH,UNIT_SCADA,1,"2019/09/04 16:10:00",JLA03,0
D,DISPATCH,UNIT_SCADA,1,"2019/09/04 16:10:00",JLA04,0
D,DISPATCH,UNIT_SCADA,1,"2019/09/04 16:10:00",JLB01,0
D,DISPATCH,UNIT_SCADA,1,"2019/09/04 16:10:00",JLB02,0.10
D,DISPATCH,UNIT_SCADA,1,"2019/09/04 16:10:00",JLB03,0
D,DISPATCH,UNIT_SCADA,1,"2019/09/04 16:10:00",KAREEYA1,21.56
D,DISPATCH,UNIT_SCADA,1,"2019/09/04 16:10:00",KAREEYA2,21.8650
D,DISPATCH,UNIT_SCADA,1,"2019/09/04 16:10:00",KAREEYA3,0
D,DISPATCH,UNIT_SCADA,1,"2019/09/04 16:10:00",KAREEYA4,21.7675
D,DISPATCH,UNIT_SCADA,1,"2019/09/04 16:10:00",KARSF1,17.80
D,DISPATCH,UNIT_SCADA,1,"2019/09/04 16:10:00",KIATAWF1,0.80
D,DISPATCH,UNIT_SCADA,1,"2019/09/04 16:10:00",KPP_1,0
D,DISPATCH,UNIT_SCADA,1,"2019/09/04 16:10:00",KSP1,46.21
D,DISPATCH,UNIT_SCADA,1,"2019/09/04 16:10:00",LADBROK1,41
D,DISPATCH,UNIT_SCADA,1,"2019/09/04 16:10:00",LADBROK2,41.44
D,DISPATCH,UNIT_SCADA,1,"2019/09/04 16:10:00",LD01,401.381290
D,DISPATCH,UNIT_SCADA,1,"2019/09/04 16:10:00",LD02,395.231230
D,DISPATCH,UNIT_SCADA,1,"2019/09/04 16:10:00",LD03,395.568790
D,DISPATCH,UNIT_SCADA,1,"2019/09/04 16:10:00",LD04,367.574950
D,DISPATCH,UNIT_SCADA,1,"2019/09/04 16:10:00",LEM_WIL,85.313450
D,DISPATCH,UNIT_SCADA,1,"2019/09/04 16:10:00",LGAPWF1,3.10
D,DISPATCH,UNIT_SCADA,1,"2019/09/04 16:10:00",LILYSF1,80.740340
D,DISPATCH,UNIT_SCADA,1,"2019/09/04 16:10:00",LI_WY_CA,117.783690
D,DISPATCH,UNIT_SCADA,1,"2019/09/04 16:10:00",LKBONNY2,-0.853150
D,DISPATCH,UNIT_SCADA,1,"2019/09/04 16:10:00",LKBONNY3,-0.113390
D,DISPATCH,UNIT_SCADA,1,"2019/09/04 16:10:00",LK_ECHO,0
D,DISPATCH,UNIT_SCADA,1,"2019/09/04 16:10:00",LNGS1,0
D,DISPATCH,UNIT_SCADA,1,"2019/09/04 16:10:00",LNGS2,0
D,DISPATCH,UNIT_SCADA,1,"2019/09/04 16:10:00",LONSDALE,0
D,DISPATCH,UNIT_SCADA,1,"2019/09/04 16:10:00",LOYYB1,535.336730
D,DISPATCH,UNIT_SCADA,1,"2019/09/04 16:10:00",LOYYB2,583.458250
D,DISPATCH,UNIT_SCADA,1,"2019/09/04 16:10:00",LYA1,0
D,DISPATCH,UNIT_SCADA,1,"2019/09/04 16:10:00",LYA2,0
D,DISPATCH,UNIT_SCADA,1,"2019/09/04 16:10:00",LYA3,558
D,DISPATCH,UNIT_SCADA,1,"2019/09/04 16:10:00",LYA4,539
D,DISPATCH,UNIT_SCADA,1,"2019/09/04 16:10:00",MACARTH1,0
D,DISPATCH,UNIT_SCADA,1,"2019/09/04 16:10:00",MACKAYGT,0.2240
D,DISPATCH,UNIT_SCADA,1,"2019/09/04 16:10:00",MACKNTSH,89.250010
D,DISPATCH,UNIT_SCADA,1,"2019/09/04 16:10:00",MANSLR1,33.8020
D,DISPATCH,UNIT_SCADA,1,"2019/09/04 16:10:00",MCKAY1,0.02
D,DISPATCH,UNIT_SCADA,1,"2019/09/04 16:10:00",MEADOWBK,25.036080
D,DISPATCH,UNIT_SCADA,1,"2019/09/04 16:10:00",MERCER01,22.1540
D,DISPATCH,UNIT_SCADA,1,"2019/09/04 16:10:00",MEWF1,35.465210
D,DISPATCH,UNIT_SCADA,1,"2019/09/04 16:10:00",MINTARO,0
D,DISPATCH,UNIT_SCADA,1,"2019/09/04 16:10:00",MOREESF1,46.26
D,DISPATCH,UNIT_SCADA,1,"2019/09/04 16:10:00",MORTLK11,259
D,DISPATCH,UNIT_SCADA,1,"2019/09/04 16:10:00",MORTLK12,0
D,DISPATCH,UNIT_SCADA,1,"2019/09/04 16:10:00",MP1,220.724980
D,DISPATCH,UNIT_SCADA,1,"2019/09/04 16:10:00",MP2,0
D,DISPATCH,UNIT_SCADA,1,"2019/09/04 16:10:00",MPP_1,353
D,DISPATCH,UNIT_SCADA,1,"2019/09/04 16:10:00",MPP_2,403
D,DISPATCH,UNIT_SCADA,1,"2019/09/04 16:10:00",MSTUART1,0
D,DISPATCH,UNIT_SCADA,1,"2019/09/04 16:10:00",MSTUART2,0
D,DISPATCH,UNIT_SCADA,1,"2019/09/04 16:10:00",MSTUART3,0
D,DISPATCH,UNIT_SCADA,1,"2019/09/04 16:10:00",MTGELWF1,40.157780
D,DISPATCH,UNIT_SCADA,1,"2019/09/04 16:10:00",MURRAY,113.495190
D,DISPATCH,UNIT_SCADA,1,"2019/09/04 16:10:00",MUSSELR1,165.099990
D,DISPATCH,UNIT_SCADA,1,"2019/09/04 16:10:00",MUWAWF1,3.75
D,DISPATCH,UNIT_SCADA,1,"2019/09/04 16:10:00",NBHWF1,1
D,DISPATCH,UNIT_SCADA,1,"2019/09/04 16:10:00",NPS,300
D,DISPATCH,UNIT_SCADA,1,"2019/09/04 16:10:00",NUMURSF1,13.34
D,DISPATCH,UNIT_SCADA,1,"2019/09/04 16:10:00",NYNGAN1,21.25
D,DISPATCH,UNIT_SCADA,1,"2019/09/04 16:10:00",OAKEY1,0
D,DISPATCH,UNIT_SCADA,1,"2019/09/04 16:10:00",OAKEY1SF,19.3730
D,DISPATCH,UNIT_SCADA,1,"2019/09/04 16:10:00",OAKEY2,0
D,DISPATCH,UNIT_SCADA,1,"2019/09/04 16:10:00",OAKEY2SF,0
D,DISPATCH,UNIT_SCADA,1,"2019/09/04 16:10:00",OAKLAND1,12.50
D,DISPATCH,UNIT_SCADA,1,"2019/09/04 16:10:00",OSB-AG,177.179990
D,DISPATCH,UNIT_SCADA,1,"2019/09/04 16:10:00",PARSF1,41.50
D,DISPATCH,UNIT_SCADA,1,"2019/09/04 16:10:00",POAT110,0
D,DISPATCH,UNIT_SCADA,1,"2019/09/04 16:10:00",POAT220,9.50
D,DISPATCH,UNIT_SCADA,1,"2019/09/04 16:10:00",POR01,0
D,DISPATCH,UNIT_SCADA,1,"2019/09/04 16:10:00",POR03,0
D,DISPATCH,UNIT_SCADA,1,"2019/09/04 16:10:00",PPCCGT,440.651890
D,DISPATCH,UNIT_SCADA,1,"2019/09/04 16:10:00",PTSTAN1,0
D,DISPATCH,UNIT_SCADA,1,"2019/09/04 16:10:00",PUMP1,0
D,DISPATCH,UNIT_SCADA,1,"2019/09/04 16:10:00",PUMP2,0
D,DISPATCH,UNIT_SCADA,1,"2019/09/04 16:10:00",QPS1,29
D,DISPATCH,UNIT_SCADA,1,"2019/09/04 16:10:00",QPS2,0
D,DISPATCH,UNIT_SCADA,1,"2019/09/04 16:10:00",QPS3,0
D,DISPATCH,UNIT_SCADA,1,"2019/09/04 16:10:00",QPS4,0
D,DISPATCH,UNIT_SCADA,1,"2019/09/04 16:10:00",QPS5,0
D,DISPATCH,UNIT_SCADA,1,"2019/09/04 16:10:00",REECE1,117.960010
D,DISPATCH,UNIT_SCADA,1,"2019/09/04 16:10:00",REECE2,101.670010
D,DISPATCH,UNIT_SCADA,1,"2019/09/04 16:10:00",ROMA_7,0
D,DISPATCH,UNIT_SCADA,1,"2019/09/04 16:10:00",ROMA_8,0
D,DISPATCH,UNIT_SCADA,1,"2019/09/04 16:10:00",RRSF1,94.970280
D,DISPATCH,UNIT_SCADA,1,"2019/09/04 16:10:00",RT_NSW1,0
D,DISPATCH,UNIT_SCADA,1,"2019/09/04 16:10:00",RT_NSW2,0
D,DISPATCH,UNIT_SCADA,1,"2019/09/04 16:10:00",RT_NSW3,0
D,DISPATCH,UNIT_SCADA,1,"2019/09/04 16:10:00",RT_NSW4,0
D,DISPATCH,UNIT_SCADA,1,"2019/09/04 16:10:00",RT_NSW5,0
D,DISPATCH,UNIT_SCADA,1,"2019/09/04 16:10:00",RT_NSW6,0
D,DISPATCH,UNIT_SCADA,1,"2019/09/04 16:10:00",RT_QLD1,0
D,DISPATCH,UNIT_SCADA,1,"2019/09/04 16:10:00",RT_SA1,0
D,DISPATCH,UNIT_SCADA,1,"2019/09/04 16:10:00",RT_SA2,0
D,DISPATCH,UNIT_SCADA,1,"2019/09/04 16:10:00",RT_SA3,0
D,DISPATCH,UNIT_SCADA,1,"2019/09/04 16:10:00",RT_SA4,0
D,DISPATCH,UNIT_SCADA,1,"2019/09/04 16:10:00",RT_SA5,0
D,DISPATCH,UNIT_SCADA,1,"2019/09/04 16:10:00",RT_SA6,0
D,DISPATCH,UNIT_SCADA,1,"2019/09/04 16:10:00",RT_TAS1,0
D,DISPATCH,UNIT_SCADA,1,"2019/09/04 16:10:00",RT_VIC1,0
D,DISPATCH,UNIT_SCADA,1,"2019/09/04 16:10:00",RT_VIC10,0
D,DISPATCH,UNIT_SCADA,1,"2019/09/04 16:10:00",RT_VIC11,0
D,DISPATCH,UNIT_SCADA,1,"2019/09/04 16:10:00",RT_VIC12,0
D,DISPATCH,UNIT_SCADA,1,"2019/09/04 16:10:00",RT_VIC2,0
D,DISPATCH,UNIT_SCADA,1,"2019/09/04 16:10:00",RT_VIC3,0
D,DISPATCH,UNIT_SCADA,1,"2019/09/04 16:10:00",RT_VIC4,0
D,DISPATCH,UNIT_SCADA,1,"2019/09/04 16:10:00",RT_VIC5,0
D,DISPATCH,UNIT_SCADA,1,"2019/09/04 16:10:00",RT_VIC6,0
D,DISPATCH,UNIT_SCADA,1,"2019/09/04 16:10:00",RT_VIC7,0
D,DISPATCH,UNIT_SCADA,1,"2019/09/04 16:10:00",RT_VIC8,0
D,DISPATCH,UNIT_SCADA,1,"2019/09/04 16:10:00",RT_VIC9,0
D,DISPATCH,UNIT_SCADA,1,"2019/09/04 16:10:00",RUGBYR1,57.788410
D,DISPATCH,UNIT_SCADA,1,"2019/09/04 16:10:00",SALTCRK1,4.87
D,DISPATCH,UNIT_SCADA,1,"2019/09/04 16:10:00",SAPHWF1,170.043760
D,DISPATCH,UNIT_SCADA,1,"2019/09/04 16:10:00",SHGEN,0
D,DISPATCH,UNIT_SCADA,1,"2019/09/04 16:10:00",SHPUMP,0
D,DISPATCH,UNIT_SCADA,1,"2019/09/04 16:10:00",SITHE01,0.173950
D,DISPATCH,UNIT_SCADA,1,"2019/09/04 16:10:00",SMCSF1,47.894580
D,DISPATCH,UNIT_SCADA,1,"2019/09/04 16:10:00",SNOWNTH1,1.30
D,DISPATCH,UNIT_SCADA,1,"2019/09/04 16:10:00",SNOWSTH1,7.80
D,DISPATCH,UNIT_SCADA,1,"2019/09/04 16:10:00",SNOWTWN1,-0.206340
D,DISPATCH,UNIT_SCADA,1,"2019/09/04 16:10:00",SNOWYP,0
D,DISPATCH,UNIT_SCADA,1,"2019/09/04 16:10:00",SNUG1,0.019440
D,DISPATCH,UNIT_SCADA,1,"2019/09/04 16:10:00",SRSF1,34.61
D,DISPATCH,UNIT_SCADA,1,"2019/09/04 16:10:00",STAN-1,228.913090
D,DISPATCH,UNIT_SCADA,1,"2019/09/04 16:10:00",STAN-2,266.276980
D,DISPATCH,UNIT_SCADA,1,"2019/09/04 16:10:00",STAN-3,265.020840
D,DISPATCH,UNIT_SCADA,1,"2019/09/04 16:10:00",STAN-4,262.2522
D,DISPATCH,UNIT_SCADA,1,"2019/09/04 16:10:00",STWF1,38.8125
D,DISPATCH,UNIT_SCADA,1,"2019/09/04 16:10:00",SWAN_E,0
D,DISPATCH,UNIT_SCADA,1,"2019/09/04 16:10:00",TALWA1,414
D,DISPATCH,UNIT_SCADA,1,"2019/09/04 16:10:00",TARALGA1,89.917480
D,DISPATCH,UNIT_SCADA,1,"2019/09/04 16:10:00",TARONG#1,344.700010
D,DISPATCH,UNIT_SCADA,1,"2019/09/04 16:10:00",TARONG#2,0
D,DISPATCH,UNIT_SCADA,1,"2019/09/04 16:10:00",TARONG#3,295.100010
D,DISPATCH,UNIT_SCADA,1,"2019/09/04 16:10:00",TARONG#4,350.100010
D,DISPATCH,UNIT_SCADA,1,"2019/09/04 16:10:00",TARRALEA,75.80
D,DISPATCH,UNIT_SCADA,1,"2019/09/04 16:10:00",TBSF1,4.50
D,DISPATCH,UNIT_SCADA,1,"2019/09/04 16:10:00",TNPS1,380.500030
D,DISPATCH,UNIT_SCADA,1,"2019/09/04 16:10:00",TORRA1,84.846580
D,DISPATCH,UNIT_SCADA,1,"2019/09/04 16:10:00",TORRA2,0
D,DISPATCH,UNIT_SCADA,1,"2019/09/04 16:10:00",TORRA3,0
D,DISPATCH,UNIT_SCADA,1,"2019/09/04 16:10:00",TORRA4,77.040290
D,DISPATCH,UNIT_SCADA,1,"2019/09/04 16:10:00",TORRB1,111.97
D,DISPATCH,UNIT_SCADA,1,"2019/09/04 16:10:00",TORRB2,156.89
D,DISPATCH,UNIT_SCADA,1,"2019/09/04 16:10:00",TORRB3,157.77
D,DISPATCH,UNIT_SCADA,1,"2019/09/04 16:10:00",TORRB4,0
D,DISPATCH,UNIT_SCADA,1,"2019/09/04 16:10:00",TREVALLN,2
D,DISPATCH,UNIT_SCADA,1,"2019/09/04 16:10:00",TRIBUTE,0
D,DISPATCH,UNIT_SCADA,1,"2019/09/04 16:10:00",TUMUT3,0
D,DISPATCH,UNIT_SCADA,1,"2019/09/04 16:10:00",TUNGATIN,20.20
D,DISPATCH,UNIT_SCADA,1,"2019/09/04 16:10:00",TVCC201,0
D,DISPATCH,UNIT_SCADA,1,"2019/09/04 16:10:00",TVPP104,0
D,DISPATCH,UNIT_SCADA,1,"2019/09/04 16:10:00",UPPTUMUT,409.444310
D,DISPATCH,UNIT_SCADA,1,"2019/09/04 16:10:00",URANQ11,0
D,DISPATCH,UNIT_SCADA,1,"2019/09/04 16:10:00",URANQ12,0
D,DISPATCH,UNIT_SCADA,1,"2019/09/04 16:10:00",URANQ13,158.400020
D,DISPATCH,UNIT_SCADA,1,"2019/09/04 16:10:00",URANQ14,0
D,DISPATCH,UNIT_SCADA,1,"2019/09/04 16:10:00",VP5,570.800050
D,DISPATCH,UNIT_SCADA,1,"2019/09/04 16:10:00",VP6,0
D,DISPATCH,UNIT_SCADA,1,"2019/09/04 16:10:00",VPGS1,0
D,DISPATCH,UNIT_SCADA,1,"2019/09/04 16:10:00",VPGS2,0
D,DISPATCH,UNIT_SCADA,1,"2019/09/04 16:10:00",VPGS3,0
D,DISPATCH,UNIT_SCADA,1,"2019/09/04 16:10:00",VPGS4,0
D,DISPATCH,UNIT_SCADA,1,"2019/09/04 16:10:00",VPGS5,0
D,DISPATCH,UNIT_SCADA,1,"2019/09/04 16:10:00",VPGS6,0
D,DISPATCH,UNIT_SCADA,1,"2019/09/04 16:10:00",W/HOE#1,0
D,DISPATCH,UNIT_SCADA,1,"2019/09/04 16:10:00",W/HOE#2,0
D,DISPATCH,UNIT_SCADA,1,"2019/09/04 16:10:00",WATERLWF,0.60
D,DISPATCH,UNIT_SCADA,1,"2019/09/04 16:10:00",WEMENSF1,10.10
D,DISPATCH,UNIT_SCADA,1,"2019/09/04 16:10:00",WGWF1,0
D,DISPATCH,UNIT_SCADA,1,"2019/09/04 16:10:00",WHITSF1,27.30
D,DISPATCH,UNIT_SCADA,1,"2019/09/04 16:10:00",WKIEWA1,13.70
D,DISPATCH,UNIT_SCADA,1,"2019/09/04 16:10:00",WKIEWA2,0.10
D,DISPATCH,UNIT_SCADA,1,"2019/09/04 16:10:00",WOODLWN1,38.627990
D,DISPATCH,UNIT_SCADA,1,"2019/09/04 16:10:00",WRSF1,8.12
D,DISPATCH,UNIT_SCADA,1,"2019/09/04 16:10:00",WRWF1,102.6550
D,DISPATCH,UNIT_SCADA,1,"2019/09/04 16:10:00",YABULU,0
D,DISPATCH,UNIT_SCADA,1,"2019/09/04 16:10:00",YABULU2,0
D,DISPATCH,UNIT_SCADA,1,"2019/09/04 16:10:00",YARWUN_1,139.899990
D,DISPATCH,UNIT_SCADA,1,"2019/09/04 16:10:00",YENDWF1,23.84
D,DISPATCH,UNIT_SCADA,1,"2019/09/04 16:10:00",YWPS1,384.460750
D,DISPATCH,UNIT_SCADA,1,"2019/09/04 16:10:00",YWPS2,283.706330
D,DISPATCH,UNIT_SCADA,1,"2019/09/04 16:10:00",YWPS3,366.445560
D,DISPATCH,UNIT_SCADA,1,"2019/09/04 16:10:00",YWPS4,392.415190
C,"END OF REPORT",335
