C,NEMP.WORLD,DISPATCHSCADA,AEMO,PUBLIC,2019/09/05,13:15:07,0000000312423379,DISPATCHSCADA,0000000312423373
I,DISPATCH,UNIT_SCADA,1,SETTLEMENTDATE,DUID,SCADAVALUE
D,DISPATCH,UNIT_SCADA,1,"2019/09/05 13:20:00",BARCSF1,8.900001
D,DISPATCH,UNIT_SCADA,1,"2019/09/05 13:20:00",BUTLERSG,10.199999
D,DISPATCH,UNIT_SCADA,1,"2019/09/05 13:20:00",CALL_A_4,0
D,DISPATCH,UNIT_SCADA,1,"2019/09/05 13:20:00",CAPTL_WF,0
D,DISPATCH,UNIT_SCADA,1,"2019/09/05 13:20:00",CATHROCK,30.539999
D,DISPATCH,UNIT_SCADA,1,"2019/09/05 13:20:00",CHALLHWF,13.10
D,DISPATCH,UNIT_SCADA,1,"2019/09/05 13:20:00",CLOVER,-0.01
D,DISPATCH,UNIT_SCADA,1,"2019/09/05 13:20:00",CLUNY,18.183107
D,DISPATCH,UNIT_SCADA,1,"2019/09/05 13:20:00",CNUNDAWF,27.131649
D,DISPATCH,UNIT_SCADA,1,"2019/09/05 13:20:00",CULLRGWF,6.98
D,DISPATCH,UNIT_SCADA,1,"2019/09/05 13:20:00",ERGT01,0
D,DISPATCH,UNIT_SCADA,1,"2019/09/05 13:20:00",GB01,-0.003567
D,DISPATCH,UNIT_SCADA,1,"2019/09/05 13:20:00",GERMCRK,33.299999
D,DISPATCH,UNIT_SCADA,1,"2019/09/05 13:20:00",GRIFSF1,24.600006
D,DISPATCH,UNIT_SCADA,1,"2019/09/05 13:20:00",HUGSF1,0.03
D,DISPATCH,UNIT_SCADA,1,"2019/09/05 13:20:00",LKBONNY1,31.526205
D,DISPATCH,UNIT_SCADA,1,"2019/09/05 13:20:00",LRSF1,12.893001
D,DISPATCH,UNIT_SCADA,1,"2019/09/05 13:20:00",MBAHNTH,25.106247
D,DISPATCH,UNIT_SCADA,1,"2019/09/05 13:20:00",MLSP1,12.775002
D,DISPATCH,UNIT_SCADA,1,"2019/09/05 13:20:00",MLWF1,3.48
D,DISPATCH,UNIT_SCADA,1,"2019/09/05 13:20:00",MTMILLAR,28.321630
D,DISPATCH,UNIT_SCADA,1,"2019/09/05 13:20:00",PALOONA,25.619999
D,DISPATCH,UNIT_SCADA,1,"2019/09/05 13:20:00",PIONEER,15.70
D,DISPATCH,UNIT_SCADA,1,"2019/09/05 13:20:00",PORTWF,45.50
D,DISPATCH,UNIT_SCADA,1,"2019/09/05 13:20:00",REPULSE,28.923170
D,DISPATCH,UNIT_SCADA,1,"2019/09/05 13:20:00",ROWALLAN,10.195601
D,DISPATCH,UNIT_SCADA,1,"2019/09/05 13:20:00",ROYALLA1,16.309002
D,DISPATCH,UNIT_SCADA,1,"2019/09/05 13:20:00",RPCG,11.70
D,DISPATCH,UNIT_SCADA,1,"2019/09/05 13:20:00",RUBICON,0
D,DISPATCH,UNIT_SCADA,1,"2019/09/05 13:20:00",SATGN1,0
D,DISPATCH,UNIT_SCADA,1,"2019/09/05 13:20:00",SATGS1,0
D,DISPATCH,UNIT_SCADA,1,"2019/09/05 13:20:00",STARHLWF,22.993296
D,DISPATCH,UNIT_SCADA,1,"2019/09/05 13:20:00",WAUBRAWF,40.828999
D,DISPATCH,UNIT_SCADA,1,"2019/09/05 13:20:00",WOOLNTH1,5.320015
D,DISPATCH,UNIT_SCADA,1,"2019/09/05 13:20:00",WPWF,70
D,DISPATCH,UNIT_SCADA,1,"2019/09/05 13:20:00",YAMBUKWF,5.40
D,DISPATCH,UNIT_SCADA,1,"2019/09/05 13:20:00",YSWF1,0.50
D,DISPATCH,UNIT_SCADA,1,"2019/09/05 13:20:00",AGLHAL,0
D,DISPATCH,UNIT_SCADA,1,"2019/09/05 13:20:00",AGLSOM,0
D,DISPATCH,UNIT_SCADA,1,"2019/09/05 13:20:00",ANGAST1,0
D,DISPATCH,UNIT_SCADA,1,"2019/09/05 13:20:00",ARWF1,41.30
D,DISPATCH,UNIT_SCADA,1,"2019/09/05 13:20:00",BALBG1,0
D,DISPATCH,UNIT_SCADA,1,"2019/09/05 13:20:00",BALBL1,0
D,DISPATCH,UNIT_SCADA,1,"2019/09/05 13:20:00",BALDHWF1,18.0960
D,DISPATCH,UNIT_SCADA,1,"2019/09/05 13:20:00",BANN1,60.03
D,DISPATCH,UNIT_SCADA,1,"2019/09/05 13:20:00",BARCALDN,0
D,DISPATCH,UNIT_SCADA,1,"2019/09/05 13:20:00",BARRON-1,0
D,DISPATCH,UNIT_SCADA,1,"2019/09/05 13:20:00",BARRON-2,0
D,DISPATCH,UNIT_SCADA,1,"2019/09/05 13:20:00",BASTYAN,80.920010
D,DISPATCH,UNIT_SCADA,1,"2019/09/05 13:20:00",BBTHREE1,0
D,DISPATCH,UNIT_SCADA,1,"2019/09/05 13:20:00",BBTHREE2,0
D,DISPATCH,UNIT_SCADA,1,"2019/09/05 13:20:00",BBTHREE3,0
D,DISPATCH,UNIT_SCADA,1,"2019/09/05 13:20:00",BDL01,0
D,DISPATCH,UNIT_SCADA,1,"2019/09/05 13:20:00",BDL02,0
D,DISPATCH,UNIT_SCADA,1,"2019/09/05 13:20:00",BERYLSF1,72.422060
D,DISPATCH,UNIT_SCADA,1,"2019/09/05 13:20:00",BLOWERNG,11.20
D,DISPATCH,UNIT_SCADA,1,"2019/09/05 13:20:00",BLUFF1,17.10
D,DISPATCH,UNIT_SCADA,1,"2019/09/05 13:20:00",BNGSF1,94.93
D,DISPATCH,UNIT_SCADA,1,"2019/09/05 13:20:00",BNGSF2,20.03
D,DISPATCH,UNIT_SCADA,1,"2019/09/05 13:20:00",BOCORWF1,9.93
D,DISPATCH,UNIT_SCADA,1,"2019/09/05 13:20:00",BODWF1,18.832240
D,DISPATCH,UNIT_SCADA,1,"2019/09/05 13:20:00",BRAEMAR1,0
D,DISPATCH,UNIT_SCADA,1,"2019/09/05 13:20:00",BRAEMAR2,0
D,DISPATCH,UNIT_SCADA,1,"2019/09/05 13:20:00",BRAEMAR3,0
D,DISPATCH,UNIT_SCADA,1,"2019/09/05 13:20:00",BRAEMAR5,0
D,DISPATCH,UNIT_SCADA,1,"2019/09/05 13:20:00",BRAEMAR6,0
D,DISPATCH,UNIT_SCADA,1,"2019/09/05 13:20:00",BRAEMAR7,0
D,DISPATCH,UNIT_SCADA,1,"2019/09/05 13:20:00",BROKENH1,52.836430
D,DISPATCH,UNIT_SCADA,1,"2019/09/05 13:20:00",BW01,535
D,DISPATCH,UNIT_SCADA,1,"2019/09/05 13:20:00",BW02,607.349980
D,DISPATCH,UNIT_SCADA,1,"2019/09/05 13:20:00",BW03,613.974980
D,DISPATCH,UNIT_SCADA,1,"2019/09/05 13:20:00",BW04,0
D,DISPATCH,UNIT_SCADA,1,"2019/09/05 13:20:00",CALL_B_1,300.50
D,DISPATCH,UNIT_SCADA,1,"2019/09/05 13:20:00",CALL_B_2,220.80
D,DISPATCH,UNIT_SCADA,1,"2019/09/05 13:20:00",CETHANA,97.7055
D,DISPATCH,UNIT_SCADA,1,"2019/09/05 13:20:00",CG1,0
D,DISPATCH,UNIT_SCADA,1,"2019/09/05 13:20:00",CG2,0
D,DISPATCH,UNIT_SCADA,1,"2019/09/05 13:20:00",CG3,0
D,DISPATCH,UNIT_SCADA,1,"2019/09/05 13:20:00",CG4,0
D,DISPATCH,UNIT_SCADA,1,"2019/09/05 13:20:00",CHILDSF1,51.09
D,DISPATCH,UNIT_SCADA,1,"2019/09/05 13:20:00",CLARESF1,2.0313
D,DISPATCH,UNIT_SCADA,1,"2019/09/05 13:20:00",CLEMGPWF,39.331120
D,DISPATCH,UNIT_SCADA,1,"2019/09/05 13:20:00",CLERMSF1,0.30
D,DISPATCH,UNIT_SCADA,1,"2019/09/05 13:20:00",COLEASF1,127.200010
D,DISPATCH,UNIT_SCADA,1,"2019/09/05 13:20:00",COOPGWF1,7.6397
D,DISPATCH,UNIT_SCADA,1,"2019/09/05 13:20:00",CPP_3,199.650010
D,DISPATCH,UNIT_SCADA,1,"2019/09/05 13:20:00",CPP_4,179.850010
D,DISPATCH,UNIT_SCADA,1,"2019/09/05 13:20:00",CPSA,76.034380
D,DISPATCH,UNIT_SCADA,1,"2019/09/05 13:20:00",CROOKWF2,7.753750
D,DISPATCH,UNIT_SCADA,1,"2019/09/05 13:20:00",CROWLWF1,2.7849
D,DISPATCH,UNIT_SCADA,1,"2019/09/05 13:20:00",CSPVPS1,32.01
D,DISPATCH,UNIT_SCADA,1,"2019/09/05 13:20:00",DALNTH01,0
D,DISPATCH,UNIT_SCADA,1,"2019/09/05 13:20:00",DALNTHL1,2.015720
D,DISPATCH,UNIT_SCADA,1,"2019/09/05 13:20:00",DARTM1,0
D,DISPATCH,UNIT_SCADA,1,"2019/09/05 13:20:00",DAYDSF1,0
D,DISPATCH,UNIT_SCADA,1,"2019/09/05 13:20:00",DDPS1,0
D,DISPATCH,UNIT_SCADA,1,"2019/09/05 13:20:00",DDSF1,105.697280
D,DISPATCH,UNIT_SCADA,1,"2019/09/05 13:20:00",DEVILS_G,63.600570
D,DISPATCH,UNIT_SCADA,1,"2019/09/05 13:20:00",DG_NSW1,0
D,DISPATCH,UNIT_SCADA,1,"2019/09/05 13:20:00",DG_QLD1,0
D,DISPATCH,UNIT_SCADA,1,"2019/09/05 13:20:00",DG_SA1,0
D,DISPATCH,UNIT_SCADA,1,"2019/09/05 13:20:00",DG_TAS1,0
D,DISPATCH,UNIT_SCADA,1,"2019/09/05 13:20:00",DG_VIC1,0
D,DISPATCH,UNIT_SCADA,1,"2019/09/05 13:20:00",DRYCGT1,0
D,DISPATCH,UNIT_SCADA,1,"2019/09/05 13:20:00",DRYCGT2,0
D,DISPATCH,UNIT_SCADA,1,"2019/09/05 13:20:00",DRYCGT3,0
D,DISPATCH,UNIT_SCADA,1,"2019/09/05 13:20:00",EILDON1,0
D,DISPATCH,UNIT_SCADA,1,"2019/09/05 13:20:00",EILDON2,0
D,DISPATCH,UNIT_SCADA,1,"2019/09/05 13:20:00",EMERASF1,0.12
D,DISPATCH,UNIT_SCADA,1,"2019/09/05 13:20:00",ER01,562.1250
D,DISPATCH,UNIT_SCADA,1,"2019/09/05 13:20:00",ER02,353.474980
D,DISPATCH,UNIT_SCADA,1,"2019/09/05 13:20:00",ER03,0
D,DISPATCH,UNIT_SCADA,1,"2019/09/05 13:20:00",ER04,668.074950
D,DISPATCH,UNIT_SCADA,1,"2019/09/05 13:20:00",FINLYSF1,8.537510
D,DISPATCH,UNIT_SCADA,1,"2019/09/05 13:20:00",FISHER,45.93
D,DISPATCH,UNIT_SCADA,1,"2019/09/05 13:20:00",GANNBG1,4.4959
D,DISPATCH,UNIT_SCADA,1,"2019/09/05 13:20:00",GANNBL1,0
D,DISPATCH,UNIT_SCADA,1,"2019/09/05 13:20:00",GANNSF1,2.10
D,DISPATCH,UNIT_SCADA,1,"2019/09/05 13:20:00",GORDON,19.666640
D,DISPATCH,UNIT_SCADA,1,"2019/09/05 13:20:00",GSTONE1,150.149990
D,DISPATCH,UNIT_SCADA,1,"2019/09/05 13:20:00",GSTONE2,113.5750
D,DISPATCH,UNIT_SCADA,1,"2019/09/05 13:20:00",GSTONE3,0
D,DISPATCH,UNIT_SCADA,1,"2019/09/05 13:20:00",GSTONE4,150.6750
D,DISPATCH,UNIT_SCADA,1,"2019/09/05 13:20:00",GSTONE5,151.724990
D,DISPATCH,UNIT_SCADA,1,"2019/09/05 13:20:00",GSTONE6,150.50
D,DISPATCH,UNIT_SCADA,1,"2019/09/05 13:20:00",GULLRSF1,6.3486
D,DISPATCH,UNIT_SCADA,1,"2019/09/05 13:20:00",GULLRWF1,13.659730
D,DISPATCH,UNIT_SCADA,1,"2019/09/05 13:20:00",GUNNING1,5.637140
D,DISPATCH,UNIT_SCADA,1,"2019/09/05 13:20:00",GUTHEGA,0
D,DISPATCH,UNIT_SCADA,1,"2019/09/05 13:20:00",HALLWF1,48.72
D,DISPATCH,UNIT_SCADA,1,"2019/09/05 13:20:00",HALLWF2,29.56
D,DISPATCH,UNIT_SCADA,1,"2019/09/05 13:20:00",HAMISF1,43.60
D,DISPATCH,UNIT_SCADA,1,"2019/09/05 13:20:00",HAUGHT11,95.055870
D,DISPATCH,UNIT_SCADA,1,"2019/09/05 13:20:00",HAYMSF1,41.0880
D,DISPATCH,UNIT_SCADA,1,"2019/09/05 13:20:00",HDWF1,47
D,DISPATCH,UNIT_SCADA,1,"2019/09/05 13:20:00",HDWF2,41.30
D,DISPATCH,UNIT_SCADA,1,"2019/09/05 13:20:00",HDWF3,52.90
D,DISPATCH,UNIT_SCADA,1,"2019/09/05 13:20:00",HPRG1,0
D,DISPATCH,UNIT_SCADA,1,"2019/09/05 13:20:00",HPRL1,18.80
D,DISPATCH,UNIT_SCADA,1,"2019/09/05 13:20:00",HUMENSW,0
D,DISPATCH,UNIT_SCADA,1,"2019/09/05 13:20:00",HUMEV,25.90
D,DISPATCH,UNIT_SCADA,1,"2019/09/05 13:20:00",HVGTS,0
D,DISPATCH,UNIT_SCADA,1,"2019/09/05 13:20:00",JBUTTERS,19.95
D,DISPATCH,UNIT_SCADA,1,"2019/09/05 13:20:00",JLA01,0.10
D,DISPATCH,UNIT_SCADA,1,"2019/09/05 13:20:00",JLA02,0
D,DISPATCH,UNIT_SCADA,1,"2019/09/05 13:20:00",JLA03,0
D,DISPATCH,UNIT_SCADA,1,"2019/09/05 13:20:00",JLA04,0
D,DISPATCH,UNIT_SCADA,1,"2019/09/05 13:20:00",JLB01,0
D,DISPATCH,UNIT_SCADA,1,"2019/09/05 13:20:00",JLB02,83.50
D,DISPATCH,UNIT_SCADA,1,"2019/09/05 13:20:00",JLB03,0
D,DISPATCH,UNIT_SCADA,1,"2019/09/05 13:20:00",KAREEYA1,21.4825
D,DISPATCH,UNIT_SCADA,1,"2019/09/05 13:20:00",KAREEYA2,21.47
D,DISPATCH,UNIT_SCADA,1,"2019/09/05 13:20:00",KAREEYA3,0
D,DISPATCH,UNIT_SCADA,1,"2019/09/05 13:20:00",KAREEYA4,21.5925
D,DISPATCH,UNIT_SCADA,1,"2019/09/05 13:20:00",KARSF1,74.10
D,DISPATCH,UNIT_SCADA,1,"2019/09/05 13:20:00",KIATAWF1,9.90
D,DISPATCH,UNIT_SCADA,1,"2019/09/05 13:20:00",KPP_1,0
D,DISPATCH,UNIT_SCADA,1,"2019/09/05 13:20:00",KSP1,0
D,DISPATCH,UNIT_SCADA,1,"2019/09/05 13:20:00",LADBROK1,0
D,DISPATCH,UNIT_SCADA,1,"2019/09/05 13:20:00",LADBROK2,0
D,DISPATCH,UNIT_SCADA,1,"2019/09/05 13:20:00",LD01,383.512480
D,DISPATCH,UNIT_SCADA,1,"2019/09/05 13:20:00",LD02,380.850040
D,DISPATCH,UNIT_SCADA,1,"2019/09/05 13:20:00",LD03,378.243710
D,DISPATCH,UNIT_SCADA,1,"2019/09/05 13:20:00",LD04,379.143770
D,DISPATCH,UNIT_SCADA,1,"2019/09/05 13:20:00",LEM_WIL,82.379750
D,DISPATCH,UNIT_SCADA,1,"2019/09/05 13:20:00",LGAPWF1,8.64
D,DISPATCH,UNIT_SCADA,1,"2019/09/05 13:20:00",LILYSF1,87.556090
D,DISPATCH,UNIT_SCADA,1,"2019/09/05 13:20:00",LI_WY_CA,144.1926
D,DISPATCH,UNIT_SCADA,1,"2019/09/05 13:20:00",LKBONNY2,35.627370
D,DISPATCH,UNIT_SCADA,1,"2019/09/05 13:20:00",LKBONNY3,23.110320
D,DISPATCH,UNIT_SCADA,1,"2019/09/05 13:20:00",LK_ECHO,0
D,DISPATCH,UNIT_SCADA,1,"2019/09/05 13:20:00",LNGS1,0
D,DISPATCH,UNIT_SCADA,1,"2019/09/05 13:20:00",LNGS2,0
D,DISPATCH,UNIT_SCADA,1,"2019/09/05 13:20:00",LONSDALE,0
D,DISPATCH,UNIT_SCADA,1,"2019/09/05 13:20:00",LOYYB1,501.877230
D,DISPATCH,UNIT_SCADA,1,"2019/09/05 13:20:00",LOYYB2,583.082280
D,DISPATCH,UNIT_SCADA,1,"2019/09/05 13:20:00",LYA1,0
D,DISPATCH,UNIT_SCADA,1,"2019/09/05 13:20:00",LYA2,0
D,DISPATCH,UNIT_SCADA,1,"2019/09/05 13:20:00",LYA3,558
D,DISPATCH,UNIT_SCADA,1,"2019/09/05 13:20:00",LYA4,539
D,DISPATCH,UNIT_SCADA,1,"2019/09/05 13:20:00",MACARTH1,82.798090
D,DISPATCH,UNIT_SCADA,1,"2019/09/05 13:20:00",MACKAYGT,0.2240
D,DISPATCH,UNIT_SCADA,1,"2019/09/05 13:20:00",MACKNTSH,88.140010
D,DISPATCH,UNIT_SCADA,1,"2019/09/05 13:20:00",MANSLR1,39.5050
D,DISPATCH,UNIT_SCADA,1,"2019/09/05 13:20:00",MCKAY1,0.02
D,DISPATCH,UNIT_SCADA,1,"2019/09/05 13:20:00",MEADOWBK,31.8667
D,DISPATCH,UNIT_SCADA,1,"2019/09/05 13:20:00",MERCER01,4.2040
D,DISPATCH,UNIT_SCADA,1,"2019/09/05 13:20:00",MEWF1,0
D,DISPATCH,UNIT_SCADA,1,"2019/09/05 13:20:00",MINTARO,0
D,DISPATCH,UNIT_SCADA,1,"2019/09/05 13:20:00",MOREESF1,48.0840
D,DISPATCH,UNIT_SCADA,1,"2019/09/05 13:20:00",MORTLK11,124
D,DISPATCH,UNIT_SCADA,1,"2019/09/05 13:20:00",MORTLK12,0
D,DISPATCH,UNIT_SCADA,1,"2019/09/05 13:20:00",MP1,219.6250
D,DISPATCH,UNIT_SCADA,1,"2019/09/05 13:20:00",MP2,0
D,DISPATCH,UNIT_SCADA,1,"2019/09/05 13:20:00",MPP_1,320.50
D,DISPATCH,UNIT_SCADA,1,"2019/09/05 13:20:00",MPP_2,248.75
D,DISPATCH,UNIT_SCADA,1,"2019/09/05 13:20:00",MSTUART1,0
D,DISPATCH,UNIT_SCADA,1,"2019/09/05 13:20:00",MSTUART2,0
D,DISPATCH,UNIT_SCADA,1,"2019/09/05 13:20:00",MSTUART3,0
D,DISPATCH,UNIT_SCADA,1,"2019/09/05 13:20:00",MTGELWF1,10.434280
D,DISPATCH,UNIT_SCADA,1,"2019/09/05 13:20:00",MURRAY,0
D,DISPATCH,UNIT_SCADA,1,"2019/09/05 13:20:00",MUSSELR1,-0.40
D,DISPATCH,UNIT_SCADA,1,"2019/09/05 13:20:00",MUWAWF1,6.82
D,DISPATCH,UNIT_SCADA,1,"2019/09/05 13:20:00",NBHWF1,56.10
D,DISPATCH,UNIT_SCADA,1,"2019/09/05 13:20:00",NPS,0
D,DISPATCH,UNIT_SCADA,1,"2019/09/05 13:20:00",NUMURSF1,65.86
D,DISPATCH,UNIT_SCADA,1,"2019/09/05 13:20:00",NYNGAN1,100.75
D,DISPATCH,UNIT_SCADA,1,"2019/09/05 13:20:00",OAKEY1,0
D,DISPATCH,UNIT_SCADA,1,"2019/09/05 13:20:00",OAKEY1SF,23.0390
D,DISPATCH,UNIT_SCADA,1,"2019/09/05 13:20:00",OAKEY2,0
D,DISPATCH,UNIT_SCADA,1,"2019/09/05 13:20:00",OAKEY2SF,0
D,DISPATCH,UNIT_SCADA,1,"2019/09/05 13:20:00",OAKLAND1,17.60
D,DISPATCH,UNIT_SCADA,1,"2019/09/05 13:20:00",OSB-AG,141.39
D,DISPATCH,UNIT_SCADA,1,"2019/09/05 13:20:00",PARSF1,44.599990
D,DISPATCH,UNIT_SCADA,1,"2019/09/05 13:20:00",POAT110,0
D,DISPATCH,UNIT_SCADA,1,"2019/09/05 13:20:00",POAT220,1.48
D,DISPATCH,UNIT_SCADA,1,"2019/09/05 13:20:00",POR01,0
D,DISPATCH,UNIT_SCADA,1,"2019/09/05 13:20:00",POR03,0
D,DISPATCH,UNIT_SCADA,1,"2019/09/05 13:20:00",PPCCGT,172.209990
D,DISPATCH,UNIT_SCADA,1,"2019/09/05 13:20:00",PTSTAN1,0
D,DISPATCH,UNIT_SCADA,1,"2019/09/05 13:20:00",PUMP1,0
D,DISPATCH,UNIT_SCADA,1,"2019/09/05 13:20:00",PUMP2,0
D,DISPATCH,UNIT_SCADA,1,"2019/09/05 13:20:00",QPS1,0
D,DISPATCH,UNIT_SCADA,1,"2019/09/05 13:20:00",QPS2,0
D,DISPATCH,UNIT_SCADA,1,"2019/09/05 13:20:00",QPS3,0
D,DISPATCH,UNIT_SCADA,1,"2019/09/05 13:20:00",QPS4,0
D,DISPATCH,UNIT_SCADA,1,"2019/09/05 13:20:00",QPS5,0
D,DISPATCH,UNIT_SCADA,1,"2019/09/05 13:20:00",REECE1,100.930010
D,DISPATCH,UNIT_SCADA,1,"2019/09/05 13:20:00",REECE2,101.960010
D,DISPATCH,UNIT_SCADA,1,"2019/09/05 13:20:00",ROMA_7,0
D,DISPATCH,UNIT_SCADA,1,"2019/09/05 13:20:00",ROMA_8,0
D,DISPATCH,UNIT_SCADA,1,"2019/09/05 13:20:00",RRSF1,110.928050
D,DISPATCH,UNIT_SCADA,1,"2019/09/05 13:20:00",RT_NSW1,0
D,DISPATCH,UNIT_SCADA,1,"2019/09/05 13:20:00",RT_NSW2,0
D,DISPATCH,UNIT_SCADA,1,"2019/09/05 13:20:00",RT_NSW3,0
D,DISPATCH,UNIT_SCADA,1,"2019/09/05 13:20:00",RT_NSW4,0
D,DISPATCH,UNIT_SCADA,1,"2019/09/05 13:20:00",RT_NSW5,0
D,DISPATCH,UNIT_SCADA,1,"2019/09/05 13:20:00",RT_NSW6,0
D,DISPATCH,UNIT_SCADA,1,"2019/09/05 13:20:00",RT_QLD1,0
D,DISPATCH,UNIT_SCADA,1,"2019/09/05 13:20:00",RT_SA1,0
D,DISPATCH,UNIT_SCADA,1,"2019/09/05 13:20:00",RT_SA2,0
D,DISPATCH,UNIT_SCADA,1,"2019/09/05 13:20:00",RT_SA3,0
D,DISPATCH,UNIT_SCADA,1,"2019/09/05 13:20:00",RT_SA4,0
D,DISPATCH,UNIT_SCADA,1,"2019/09/05 13:20:00",RT_SA5,0
D,DISPATCH,UNIT_SCADA,1,"2019/09/05 13:20:00",RT_SA6,0
D,DISPATCH,UNIT_SCADA,1,"2019/09/05 13:20:00",RT_TAS1,0
D,DISPATCH,UNIT_SCADA,1,"2019/09/05 13:20:00",RT_VIC1,0
D,DISPATCH,UNIT_SCADA,1,"2019/09/05 13:20:00",RT_VIC10,0
D,DISPATCH,UNIT_SCADA,1,"2019/09/05 13:20:00",RT_VIC11,0
D,DISPATCH,UNIT_SCADA,1,"2019/09/05 13:20:00",RT_VIC12,0
D,DISPATCH,UNIT_SCADA,1,"2019/09/05 13:20:00",RT_VIC2,0
D,DISPATCH,UNIT_SCADA,1,"2019/09/05 13:20:00",RT_VIC3,0
D,DISPATCH,UNIT_SCADA,1,"2019/09/05 13:20:00",RT_VIC4,0
D,DISPATCH,UNIT_SCADA,1,"2019/09/05 13:20:00",RT_VIC5,0
D,DISPATCH,UNIT_SCADA,1,"2019/09/05 13:20:00",RT_VIC6,0
D,DISPATCH,UNIT_SCADA,1,"2019/09/05 13:20:00",RT_VIC7,0
D,DISPATCH,UNIT_SCADA,1,"2019/09/05 13:20:00",RT_VIC8,0
D,DISPATCH,UNIT_SCADA,1,"2019/09/05 13:20:00",RT_VIC9,0
D,DISPATCH,UNIT_SCADA,1,"2019/09/05 13:20:00",RUGBYR1,0
D,DISPATCH,UNIT_SCADA,1,"2019/09/05 13:20:00",SALTCRK1,18.43
D,DISPATCH,UNIT_SCADA,1,"2019/09/05 13:20:00",SAPHWF1,103.406250
D,DISPATCH,UNIT_SCADA,1,"2019/09/05 13:20:00",SHGEN,0
D,DISPATCH,UNIT_SCADA,1,"2019/09/05 13:20:00",SHPUMP,157.555310
D,DISPATCH,UNIT_SCADA,1,"2019/09/05 13:20:00",SITHE01,0.214140
D,DISPATCH,UNIT_SCADA,1,"2019/09/05 13:20:00",SMCSF1,23.988980
D,DISPATCH,UNIT_SCADA,1,"2019/09/05 13:20:00",SNOWNTH1,98.50
D,DISPATCH,UNIT_SCADA,1,"2019/09/05 13:20:00",SNOWSTH1,100
D,DISPATCH,UNIT_SCADA,1,"2019/09/05 13:20:00",SNOWTWN1,77.236950
D,DISPATCH,UNIT_SCADA,1,"2019/09/05 13:20:00",SNOWYP,0
D,DISPATCH,UNIT_SCADA,1,"2019/09/05 13:20:00",SNUG1,0.019440
D,DISPATCH,UNIT_SCADA,1,"2019/09/05 13:20:00",SRSF1,34.42
D,DISPATCH,UNIT_SCADA,1,"2019/09/05 13:20:00",STAN-1,352.092160
D,DISPATCH,UNIT_SCADA,1,"2019/09/05 13:20:00",STAN-2,222.119660
D,DISPATCH,UNIT_SCADA,1,"2019/09/05 13:20:00",STAN-3,220.299530
D,DISPATCH,UNIT_SCADA,1,"2019/09/05 13:20:00",STAN-4,219.171570
D,DISPATCH,UNIT_SCADA,1,"2019/09/05 13:20:00",STWF1,0
D,DISPATCH,UNIT_SCADA,1,"2019/09/05 13:20:00",SWAN_E,0
D,DISPATCH,UNIT_SCADA,1,"2019/09/05 13:20:00",TALWA1,300
D,DISPATCH,UNIT_SCADA,1,"2019/09/05 13:20:00",TARALGA1,11.868750
D,DISPATCH,UNIT_SCADA,1,"2019/09/05 13:20:00",TARONG#1,349.899990
D,DISPATCH,UNIT_SCADA,1,"2019/09/05 13:20:00",TARONG#2,0
D,DISPATCH,UNIT_SCADA,1,"2019/09/05 13:20:00",TARONG#3,279.399990
D,DISPATCH,UNIT_SCADA,1,"2019/09/05 13:20:00",TARONG#4,348.700010
D,DISPATCH,UNIT_SCADA,1,"2019/09/05 13:20:00",TARRALEA,71
D,DISPATCH,UNIT_SCADA,1,"2019/09/05 13:20:00",TBSF1,0
D,DISPATCH,UNIT_SCADA,1,"2019/09/05 13:20:00",TNPS1,379.300020
D,DISPATCH,UNIT_SCADA,1,"2019/09/05 13:20:00",TORRA1,42.540030
D,DISPATCH,UNIT_SCADA,1,"2019/09/05 13:20:00",TORRA2,0
D,DISPATCH,UNIT_SCADA,1,"2019/09/05 13:20:00",TORRA3,0
D,DISPATCH,UNIT_SCADA,1,"2019/09/05 13:20:00",TORRA4,43.4694
D,DISPATCH,UNIT_SCADA,1,"2019/09/05 13:20:00",TORRB1,40.36
D,DISPATCH,UNIT_SCADA,1,"2019/09/05 13:20:00",TORRB2,41.49
D,DISPATCH,UNIT_SCADA,1,"2019/09/05 13:20:00",TORRB3,40.80
D,DISPATCH,UNIT_SCADA,1,"2019/09/05 13:20:00",TORRB4,0
D,DISPATCH,UNIT_SCADA,1,"2019/09/05 13:20:00",TREVALLN,18.050030
D,DISPATCH,UNIT_SCADA,1,"2019/09/05 13:20:00",TRIBUTE,0
D,DISPATCH,UNIT_SCADA,1,"2019/09/05 13:20:00",TUMUT3,0
D,DISPATCH,UNIT_SCADA,1,"2019/09/05 13:20:00",TUNGATIN,58.50
D,DISPATCH,UNIT_SCADA,1,"2019/09/05 13:20:00",TVCC201,0
D,DISPATCH,UNIT_SCADA,1,"2019/09/05 13:20:00",TVPP104,0
D,DISPATCH,UNIT_SCADA,1,"2019/09/05 13:20:00",UPPTUMUT,78.6803
D,DISPATCH,UNIT_SCADA,1,"2019/09/05 13:20:00",URANQ11,0
D,DISPATCH,UNIT_SCADA,1,"2019/09/05 13:20:00",URANQ12,0
D,DISPATCH,UNIT_SCADA,1,"2019/09/05 13:20:00",URANQ13,163.868770
D,DISPATCH,UNIT_SCADA,1,"2019/09/05 13:20:00",URANQ14,0
D,DISPATCH,UNIT_SCADA,1,"2019/09/05 13:20:00",VP5,517.899960
D,DISPATCH,UNIT_SCADA,1,"2019/09/05 13:20:00",VP6,0
D,DISPATCH,UNIT_SCADA,1,"2019/09/05 13:20:00",VPGS1,0
D,DISPATCH,UNIT_SCADA,1,"2019/09/05 13:20:00",VPGS2,0
D,DISPATCH,UNIT_SCADA,1,"2019/09/05 13:20:00",VPGS3,0
D,DISPATCH,UNIT_SCADA,1,"2019/09/05 13:20:00",VPGS4,0
D,DISPATCH,UNIT_SCADA,1,"2019/09/05 13:20:00",VPGS5,0
D,DISPATCH,UNIT_SCADA,1,"2019/09/05 13:20:00",VPGS6,0
D,DISPATCH,UNIT_SCADA,1,"2019/09/05 13:20:00",W/HOE#1,0
D,DISPATCH,UNIT_SCADA,1,"2019/09/05 13:20:00",W/HOE#2,0
D,DISPATCH,UNIT_SCADA,1,"2019/09/05 13:20:00",WATERLWF,70.40
D,DISPATCH,UNIT_SCADA,1,"2019/09/05 13:20:00",WEMENSF1,74.40
D,DISPATCH,UNIT_SCADA,1,"2019/09/05 13:20:00",WGWF1,44.50
D,DISPATCH,UNIT_SCADA,1,"2019/09/05 13:20:00",WHITSF1,0
D,DISPATCH,UNIT_SCADA,1,"2019/09/05 13:20:00",WKIEWA1,0
D,DISPATCH,UNIT_SCADA,1,"2019/09/05 13:20:00",WKIEWA2,0.10
D,DISPATCH,UNIT_SCADA,1,"2019/09/05 13:20:00",WOODLWN1,0
D,DISPATCH,UNIT_SCADA,1,"2019/09/05 13:20:00",WRSF1,19.74
D,DISPATCH,UNIT_SCADA,1,"2019/09/05 13:20:00",WRWF1,80.061260
D,DISPATCH,UNIT_SCADA,1,"2019/09/05 13:20:00",YABULU,0
D,DISPATCH,UNIT_SCADA,1,"2019/09/05 13:20:00",YABULU2,0
D,DISPATCH,UNIT_SCADA,1,"2019/09/05 13:20:00",YARWUN_1,120.259990
D,DISPATCH,UNIT_SCADA,1,"2019/09/05 13:20:00",YENDWF1,11.47
D,DISPATCH,UNIT_SCADA,1,"2019/09/05 13:20:00",YWPS1,381.954440
D,DISPATCH,UNIT_SCADA,1,"2019/09/05 13:20:00",YWPS2,279.946840
D,DISPATCH,UNIT_SCADA,1,"2019/09/05 13:20:00",YWPS3,331.443020
D,DISPATCH,UNIT_SCADA,1,"2019/09/05 13:20:00",YWPS4,393.262020
C,"END OF REPORT",335
