C,NEMP.WORLD,DISPATCHSCADA,AEMO,PUBLIC,2019/08/20,09:20:08,0000000311779850,DISPATCHSCADA,0000000311779844
I,DISPATCH,UNIT_SCADA,1,SETTLEMENTDATE,DUID,SCADAVALUE
D,DISPATCH,UNIT_SCADA,1,"2019/08/20 09:25:00",BARCSF1,18.50
D,DISPATCH,UNIT_SCADA,1,"2019/08/20 09:25:00",BUTLERSG,9.799998
D,DISPATCH,UNIT_SCADA,1,"2019/08/20 09:25:00",CALL_A_4,0
D,DISPATCH,UNIT_SCADA,1,"2019/08/20 09:25:00",CAPTL_WF,131.4720
D,DISPATCH,UNIT_SCADA,1,"2019/08/20 09:25:00",CATHROCK,49.629997
D,DISPATCH,UNIT_SCADA,1,"2019/08/20 09:25:00",CHALLHWF,19.90
D,DISPATCH,UNIT_SCADA,1,"2019/08/20 09:25:00",CLOVER,-0.01
D,DISPATCH,UNIT_SCADA,1,"2019/08/20 09:25:00",CLUNY,14.867933
D,DISPATCH,UNIT_SCADA,1,"2019/08/20 09:25:00",CNUNDAWF,40.046715
D,DISPATCH,UNIT_SCADA,1,"2019/08/20 09:25:00",CULLRGWF,30.42
D,DISPATCH,UNIT_SCADA,1,"2019/08/20 09:25:00",ERGT01,0
D,DISPATCH,UNIT_SCADA,1,"2019/08/20 09:25:00",GB01,0.054256
D,DISPATCH,UNIT_SCADA,1,"2019/08/20 09:25:00",GERMCRK,37.50
D,DISPATCH,UNIT_SCADA,1,"2019/08/20 09:25:00",GRIFSF1,9.199997
D,DISPATCH,UNIT_SCADA,1,"2019/08/20 09:25:00",HUGSF1,8.9890
D,DISPATCH,UNIT_SCADA,1,"2019/08/20 09:25:00",LKBONNY1,66.446167
D,DISPATCH,UNIT_SCADA,1,"2019/08/20 09:25:00",LRSF1,11.3550
D,DISPATCH,UNIT_SCADA,1,"2019/08/20 09:25:00",MBAHNTH,55.631256
D,DISPATCH,UNIT_SCADA,1,"2019/08/20 09:25:00",MLSP1,8.312001
D,DISPATCH,UNIT_SCADA,1,"2019/08/20 09:25:00",MLWF1,19.619999
D,DISPATCH,UNIT_SCADA,1,"2019/08/20 09:25:00",MTMILLAR,11.898657
D,DISPATCH,UNIT_SCADA,1,"2019/08/20 09:25:00",PALOONA,23.549999
D,DISPATCH,UNIT_SCADA,1,"2019/08/20 09:25:00",PIONEER,9.80
D,DISPATCH,UNIT_SCADA,1,"2019/08/20 09:25:00",PORTWF,136.800003
D,DISPATCH,UNIT_SCADA,1,"2019/08/20 09:25:00",REPULSE,28.784008
D,DISPATCH,UNIT_SCADA,1,"2019/08/20 09:25:00",ROWALLAN,9.8264
D,DISPATCH,UNIT_SCADA,1,"2019/08/20 09:25:00",ROYALLA1,15.104001
D,DISPATCH,UNIT_SCADA,1,"2019/08/20 09:25:00",RPCG,12.40
D,DISPATCH,UNIT_SCADA,1,"2019/08/20 09:25:00",RUBICON,0
D,DISPATCH,UNIT_SCADA,1,"2019/08/20 09:25:00",SATGN1,0
D,DISPATCH,UNIT_SCADA,1,"2019/08/20 09:25:00",SATGS1,0
D,DISPATCH,UNIT_SCADA,1,"2019/08/20 09:25:00",STARHLWF,13.795977
D,DISPATCH,UNIT_SCADA,1,"2019/08/20 09:25:00",WAUBRAWF,93.995003
D,DISPATCH,UNIT_SCADA,1,"2019/08/20 09:25:00",WOOLNTH1,126.720016
D,DISPATCH,UNIT_SCADA,1,"2019/08/20 09:25:00",WPWF,30
D,DISPATCH,UNIT_SCADA,1,"2019/08/20 09:25:00",YAMBUKWF,19.200001
D,DISPATCH,UNIT_SCADA,1,"2019/08/20 09:25:00",YSWF1,28.799999
D,DISPATCH,UNIT_SCADA,1,"2019/08/20 09:25:00",AGLHAL,0
D,DISPATCH,UNIT_SCADA,1,"2019/08/20 09:25:00",AGLSOM,0
D,DISPATCH,UNIT_SCADA,1,"2019/08/20 09:25:00",ANGAST1,0
D,DISPATCH,UNIT_SCADA,1,"2019/08/20 09:25:00",ARWF1,59.10
D,DISPATCH,UNIT_SCADA,1,"2019/08/20 09:25:00",BALBG1,10.34
D,DISPATCH,UNIT_SCADA,1,"2019/08/20 09:25:00",BALBL1,0
D,DISPATCH,UNIT_SCADA,1,"2019/08/20 09:25:00",BALDHWF1,103.1730
D,DISPATCH,UNIT_SCADA,1,"2019/08/20 09:25:00",BANN1,59.95
D,DISPATCH,UNIT_SCADA,1,"2019/08/20 09:25:00",BARCALDN,0
D,DISPATCH,UNIT_SCADA,1,"2019/08/20 09:25:00",BARRON-1,0
D,DISPATCH,UNIT_SCADA,1,"2019/08/20 09:25:00",BARRON-2,28.92
D,DISPATCH,UNIT_SCADA,1,"2019/08/20 09:25:00",BASTYAN,80.98
D,DISPATCH,UNIT_SCADA,1,"2019/08/20 09:25:00",BBTHREE1,-1.95
D,DISPATCH,UNIT_SCADA,1,"2019/08/20 09:25:00",BBTHREE2,-2.10
D,DISPATCH,UNIT_SCADA,1,"2019/08/20 09:25:00",BBTHREE3,-1.07
D,DISPATCH,UNIT_SCADA,1,"2019/08/20 09:25:00",BDL01,43.38
D,DISPATCH,UNIT_SCADA,1,"2019/08/20 09:25:00",BDL02,43.44
D,DISPATCH,UNIT_SCADA,1,"2019/08/20 09:25:00",BERYLSF1,70.739170
D,DISPATCH,UNIT_SCADA,1,"2019/08/20 09:25:00",BLOWERNG,0
D,DISPATCH,UNIT_SCADA,1,"2019/08/20 09:25:00",BLUFF1,26.30
D,DISPATCH,UNIT_SCADA,1,"2019/08/20 09:25:00",BNGSF1,96.91
D,DISPATCH,UNIT_SCADA,1,"2019/08/20 09:25:00",BNGSF2,19.99
D,DISPATCH,UNIT_SCADA,1,"2019/08/20 09:25:00",BOCORWF1,59.19
D,DISPATCH,UNIT_SCADA,1,"2019/08/20 09:25:00",BODWF1,25.714810
D,DISPATCH,UNIT_SCADA,1,"2019/08/20 09:25:00",BRAEMAR1,0
D,DISPATCH,UNIT_SCADA,1,"2019/08/20 09:25:00",BRAEMAR2,0
D,DISPATCH,UNIT_SCADA,1,"2019/08/20 09:25:00",BRAEMAR3,0
D,DISPATCH,UNIT_SCADA,1,"2019/08/20 09:25:00",BRAEMAR5,0
D,DISPATCH,UNIT_SCADA,1,"2019/08/20 09:25:00",BRAEMAR6,0
D,DISPATCH,UNIT_SCADA,1,"2019/08/20 09:25:00",BRAEMAR7,0
D,DISPATCH,UNIT_SCADA,1,"2019/08/20 09:25:00",BROKENH1,35.019780
D,DISPATCH,UNIT_SCADA,1,"2019/08/20 09:25:00",BW01,572.775020
D,DISPATCH,UNIT_SCADA,1,"2019/08/20 09:25:00",BW02,596.224980
D,DISPATCH,UNIT_SCADA,1,"2019/08/20 09:25:00",BW03,616.775020
D,DISPATCH,UNIT_SCADA,1,"2019/08/20 09:25:00",BW04,0
D,DISPATCH,UNIT_SCADA,1,"2019/08/20 09:25:00",CALL_B_1,349.300020
D,DISPATCH,UNIT_SCADA,1,"2019/08/20 09:25:00",CALL_B_2,287.50
D,DISPATCH,UNIT_SCADA,1,"2019/08/20 09:25:00",CETHANA,93.1550
D,DISPATCH,UNIT_SCADA,1,"2019/08/20 09:25:00",CG1,0
D,DISPATCH,UNIT_SCADA,1,"2019/08/20 09:25:00",CG2,0
D,DISPATCH,UNIT_SCADA,1,"2019/08/20 09:25:00",CG3,0
D,DISPATCH,UNIT_SCADA,1,"2019/08/20 09:25:00",CG4,0
D,DISPATCH,UNIT_SCADA,1,"2019/08/20 09:25:00",CHILDSF1,40.08
D,DISPATCH,UNIT_SCADA,1,"2019/08/20 09:25:00",CLARESF1,43.337730
D,DISPATCH,UNIT_SCADA,1,"2019/08/20 09:25:00",CLEMGPWF,5.690770
D,DISPATCH,UNIT_SCADA,1,"2019/08/20 09:25:00",CLERMSF1,15.13
D,DISPATCH,UNIT_SCADA,1,"2019/08/20 09:25:00",COLEASF1,54.90
D,DISPATCH,UNIT_SCADA,1,"2019/08/20 09:25:00",COOPGWF1,8.366470
D,DISPATCH,UNIT_SCADA,1,"2019/08/20 09:25:00",CPP_3,369.050020
D,DISPATCH,UNIT_SCADA,1,"2019/08/20 09:25:00",CPP_4,273.075010
D,DISPATCH,UNIT_SCADA,1,"2019/08/20 09:25:00",CPSA,143.106870
D,DISPATCH,UNIT_SCADA,1,"2019/08/20 09:25:00",CROOKWF2,85.213750
D,DISPATCH,UNIT_SCADA,1,"2019/08/20 09:25:00",CROWLWF1,24.3159
D,DISPATCH,UNIT_SCADA,1,"2019/08/20 09:25:00",CSPVPS1,30.0210
D,DISPATCH,UNIT_SCADA,1,"2019/08/20 09:25:00",DALNTH01,0
D,DISPATCH,UNIT_SCADA,1,"2019/08/20 09:25:00",DALNTHL1,0.199890
D,DISPATCH,UNIT_SCADA,1,"2019/08/20 09:25:00",DARTM1,134.399990
D,DISPATCH,UNIT_SCADA,1,"2019/08/20 09:25:00",DAYDSF1,113.761010
D,DISPATCH,UNIT_SCADA,1,"2019/08/20 09:25:00",DDPS1,0
D,DISPATCH,UNIT_SCADA,1,"2019/08/20 09:25:00",DDSF1,93.650950
D,DISPATCH,UNIT_SCADA,1,"2019/08/20 09:25:00",DEVILS_G,0
D,DISPATCH,UNIT_SCADA,1,"2019/08/20 09:25:00",DG_NSW1,0
D,DISPATCH,UNIT_SCADA,1,"2019/08/20 09:25:00",DG_QLD1,0
D,DISPATCH,UNIT_SCADA,1,"2019/08/20 09:25:00",DG_SA1,0
D,DISPATCH,UNIT_SCADA,1,"2019/08/20 09:25:00",DG_TAS1,0
D,DISPATCH,UNIT_SCADA,1,"2019/08/20 09:25:00",DG_VIC1,0
D,DISPATCH,UNIT_SCADA,1,"2019/08/20 09:25:00",DRYCGT1,0
D,DISPATCH,UNIT_SCADA,1,"2019/08/20 09:25:00",DRYCGT2,0
D,DISPATCH,UNIT_SCADA,1,"2019/08/20 09:25:00",DRYCGT3,0
D,DISPATCH,UNIT_SCADA,1,"2019/08/20 09:25:00",EILDON1,0
D,DISPATCH,UNIT_SCADA,1,"2019/08/20 09:25:00",EILDON2,0
D,DISPATCH,UNIT_SCADA,1,"2019/08/20 09:25:00",EMERASF1,60.39
D,DISPATCH,UNIT_SCADA,1,"2019/08/20 09:25:00",ER01,543.3750
D,DISPATCH,UNIT_SCADA,1,"2019/08/20 09:25:00",ER02,626.449950
D,DISPATCH,UNIT_SCADA,1,"2019/08/20 09:25:00",ER03,626.825070
D,DISPATCH,UNIT_SCADA,1,"2019/08/20 09:25:00",ER04,628.3750
D,DISPATCH,UNIT_SCADA,1,"2019/08/20 09:25:00",FINLYSF1,0
D,DISPATCH,UNIT_SCADA,1,"2019/08/20 09:25:00",FISHER,45.89
D,DISPATCH,UNIT_SCADA,1,"2019/08/20 09:25:00",GANNBG1,0
D,DISPATCH,UNIT_SCADA,1,"2019/08/20 09:25:00",GANNBL1,0
D,DISPATCH,UNIT_SCADA,1,"2019/08/20 09:25:00",GANNSF1,16
D,DISPATCH,UNIT_SCADA,1,"2019/08/20 09:25:00",GORDON,6.394080
D,DISPATCH,UNIT_SCADA,1,"2019/08/20 09:25:00",GSTONE1,131.0750
D,DISPATCH,UNIT_SCADA,1,"2019/08/20 09:25:00",GSTONE2,129.849990
D,DISPATCH,UNIT_SCADA,1,"2019/08/20 09:25:00",GSTONE3,133.1750
D,DISPATCH,UNIT_SCADA,1,"2019/08/20 09:25:00",GSTONE4,132.30
D,DISPATCH,UNIT_SCADA,1,"2019/08/20 09:25:00",GSTONE5,126.5250
D,DISPATCH,UNIT_SCADA,1,"2019/08/20 09:25:00",GSTONE6,0
D,DISPATCH,UNIT_SCADA,1,"2019/08/20 09:25:00",GULLRSF1,2.211760
D,DISPATCH,UNIT_SCADA,1,"2019/08/20 09:25:00",GULLRWF1,130.248810
D,DISPATCH,UNIT_SCADA,1,"2019/08/20 09:25:00",GUNNING1,43.095230
D,DISPATCH,UNIT_SCADA,1,"2019/08/20 09:25:00",GUTHEGA,0
D,DISPATCH,UNIT_SCADA,1,"2019/08/20 09:25:00",HALLWF1,80.15
D,DISPATCH,UNIT_SCADA,1,"2019/08/20 09:25:00",HALLWF2,63.50
D,DISPATCH,UNIT_SCADA,1,"2019/08/20 09:25:00",HAMISF1,46.20
D,DISPATCH,UNIT_SCADA,1,"2019/08/20 09:25:00",HAUGHT11,50.049020
D,DISPATCH,UNIT_SCADA,1,"2019/08/20 09:25:00",HAYMSF1,21.8810
D,DISPATCH,UNIT_SCADA,1,"2019/08/20 09:25:00",HDWF1,31.10
D,DISPATCH,UNIT_SCADA,1,"2019/08/20 09:25:00",HDWF2,20.50
D,DISPATCH,UNIT_SCADA,1,"2019/08/20 09:25:00",HDWF3,33.60
D,DISPATCH,UNIT_SCADA,1,"2019/08/20 09:25:00",HPRG1,0
D,DISPATCH,UNIT_SCADA,1,"2019/08/20 09:25:00",HPRL1,0.20
D,DISPATCH,UNIT_SCADA,1,"2019/08/20 09:25:00",HUMENSW,0
D,DISPATCH,UNIT_SCADA,1,"2019/08/20 09:25:00",HUMEV,9.70
D,DISPATCH,UNIT_SCADA,1,"2019/08/20 09:25:00",HVGTS,0
D,DISPATCH,UNIT_SCADA,1,"2019/08/20 09:25:00",JBUTTERS,141.70
D,DISPATCH,UNIT_SCADA,1,"2019/08/20 09:25:00",JLA01,0.50
D,DISPATCH,UNIT_SCADA,1,"2019/08/20 09:25:00",JLA02,0
D,DISPATCH,UNIT_SCADA,1,"2019/08/20 09:25:00",JLA03,0.10
D,DISPATCH,UNIT_SCADA,1,"2019/08/20 09:25:00",JLA04,0.10
D,DISPATCH,UNIT_SCADA,1,"2019/08/20 09:25:00",JLB01,0
D,DISPATCH,UNIT_SCADA,1,"2019/08/20 09:25:00",JLB02,0.10
D,DISPATCH,UNIT_SCADA,1,"2019/08/20 09:25:00",JLB03,0
D,DISPATCH,UNIT_SCADA,1,"2019/08/20 09:25:00",KAREEYA1,21.5850
D,DISPATCH,UNIT_SCADA,1,"2019/08/20 09:25:00",KAREEYA2,21.8625
D,DISPATCH,UNIT_SCADA,1,"2019/08/20 09:25:00",KAREEYA3,0
D,DISPATCH,UNIT_SCADA,1,"2019/08/20 09:25:00",KAREEYA4,21.73
D,DISPATCH,UNIT_SCADA,1,"2019/08/20 09:25:00",KARSF1,80.40
D,DISPATCH,UNIT_SCADA,1,"2019/08/20 09:25:00",KIATAWF1,28.70
D,DISPATCH,UNIT_SCADA,1,"2019/08/20 09:25:00",KPP_1,0
D,DISPATCH,UNIT_SCADA,1,"2019/08/20 09:25:00",KSP1,46.04
D,DISPATCH,UNIT_SCADA,1,"2019/08/20 09:25:00",LADBROK1,42.36
D,DISPATCH,UNIT_SCADA,1,"2019/08/20 09:25:00",LADBROK2,42.77
D,DISPATCH,UNIT_SCADA,1,"2019/08/20 09:25:00",LD01,372.300020
D,DISPATCH,UNIT_SCADA,1,"2019/08/20 09:25:00",LD02,379.275050
D,DISPATCH,UNIT_SCADA,1,"2019/08/20 09:25:00",LD03,375.3938
D,DISPATCH,UNIT_SCADA,1,"2019/08/20 09:25:00",LD04,376.800020
D,DISPATCH,UNIT_SCADA,1,"2019/08/20 09:25:00",LEM_WIL,85.5468
D,DISPATCH,UNIT_SCADA,1,"2019/08/20 09:25:00",LGAPWF1,7.95
D,DISPATCH,UNIT_SCADA,1,"2019/08/20 09:25:00",LILYSF1,91.750390
D,DISPATCH,UNIT_SCADA,1,"2019/08/20 09:25:00",LI_WY_CA,147.939590
D,DISPATCH,UNIT_SCADA,1,"2019/08/20 09:25:00",LKBONNY2,143.714460
D,DISPATCH,UNIT_SCADA,1,"2019/08/20 09:25:00",LKBONNY3,37.344930
D,DISPATCH,UNIT_SCADA,1,"2019/08/20 09:25:00",LK_ECHO,0
D,DISPATCH,UNIT_SCADA,1,"2019/08/20 09:25:00",LNGS1,0
D,DISPATCH,UNIT_SCADA,1,"2019/08/20 09:25:00",LNGS2,0
D,DISPATCH,UNIT_SCADA,1,"2019/08/20 09:25:00",LONSDALE,0
D,DISPATCH,UNIT_SCADA,1,"2019/08/20 09:25:00",LOYYB1,546.239260
D,DISPATCH,UNIT_SCADA,1,"2019/08/20 09:25:00",LOYYB2,582.330380
D,DISPATCH,UNIT_SCADA,1,"2019/08/20 09:25:00",LYA1,561
D,DISPATCH,UNIT_SCADA,1,"2019/08/20 09:25:00",LYA2,0
D,DISPATCH,UNIT_SCADA,1,"2019/08/20 09:25:00",LYA3,560
D,DISPATCH,UNIT_SCADA,1,"2019/08/20 09:25:00",LYA4,541
D,DISPATCH,UNIT_SCADA,1,"2019/08/20 09:25:00",MACARTH1,324.792510
D,DISPATCH,UNIT_SCADA,1,"2019/08/20 09:25:00",MACKAYGT,0
D,DISPATCH,UNIT_SCADA,1,"2019/08/20 09:25:00",MACKNTSH,85.77
D,DISPATCH,UNIT_SCADA,1,"2019/08/20 09:25:00",MANSLR1,35.3140
D,DISPATCH,UNIT_SCADA,1,"2019/08/20 09:25:00",MCKAY1,0.02
D,DISPATCH,UNIT_SCADA,1,"2019/08/20 09:25:00",MEADOWBK,34.038780
D,DISPATCH,UNIT_SCADA,1,"2019/08/20 09:25:00",MERCER01,126.937010
D,DISPATCH,UNIT_SCADA,1,"2019/08/20 09:25:00",MEWF1,29.306880
D,DISPATCH,UNIT_SCADA,1,"2019/08/20 09:25:00",MINTARO,0
D,DISPATCH,UNIT_SCADA,1,"2019/08/20 09:25:00",MOREESF1,53.3560
D,DISPATCH,UNIT_SCADA,1,"2019/08/20 09:25:00",MORTLK11,260
D,DISPATCH,UNIT_SCADA,1,"2019/08/20 09:25:00",MORTLK12,0
D,DISPATCH,UNIT_SCADA,1,"2019/08/20 09:25:00",MP1,277.900020
D,DISPATCH,UNIT_SCADA,1,"2019/08/20 09:25:00",MP2,0
D,DISPATCH,UNIT_SCADA,1,"2019/08/20 09:25:00",MPP_1,393.75
D,DISPATCH,UNIT_SCADA,1,"2019/08/20 09:25:00",MPP_2,397.75
D,DISPATCH,UNIT_SCADA,1,"2019/08/20 09:25:00",MSTUART1,0
D,DISPATCH,UNIT_SCADA,1,"2019/08/20 09:25:00",MSTUART2,0
D,DISPATCH,UNIT_SCADA,1,"2019/08/20 09:25:00",MSTUART3,0
D,DISPATCH,UNIT_SCADA,1,"2019/08/20 09:25:00",MTGELWF1,64.278090
D,DISPATCH,UNIT_SCADA,1,"2019/08/20 09:25:00",MURRAY,0
D,DISPATCH,UNIT_SCADA,1,"2019/08/20 09:25:00",MUSSELR1,163.399990
D,DISPATCH,UNIT_SCADA,1,"2019/08/20 09:25:00",MUWAWF1,22.85
D,DISPATCH,UNIT_SCADA,1,"2019/08/20 09:25:00",NBHWF1,74.70
D,DISPATCH,UNIT_SCADA,1,"2019/08/20 09:25:00",NPS,0
D,DISPATCH,UNIT_SCADA,1,"2019/08/20 09:25:00",NUMURSF1,31.27
D,DISPATCH,UNIT_SCADA,1,"2019/08/20 09:25:00",NYNGAN1,76.50
D,DISPATCH,UNIT_SCADA,1,"2019/08/20 09:25:00",OAKEY1,0
D,DISPATCH,UNIT_SCADA,1,"2019/08/20 09:25:00",OAKEY1SF,21.5690
D,DISPATCH,UNIT_SCADA,1,"2019/08/20 09:25:00",OAKEY2,0
D,DISPATCH,UNIT_SCADA,1,"2019/08/20 09:25:00",OAKLAND1,61.20
D,DISPATCH,UNIT_SCADA,1,"2019/08/20 09:25:00",OSB-AG,140.41
D,DISPATCH,UNIT_SCADA,1,"2019/08/20 09:25:00",PARSF1,46.103120
D,DISPATCH,UNIT_SCADA,1,"2019/08/20 09:25:00",POAT110,0
D,DISPATCH,UNIT_SCADA,1,"2019/08/20 09:25:00",POAT220,6.503520
D,DISPATCH,UNIT_SCADA,1,"2019/08/20 09:25:00",POR01,0
D,DISPATCH,UNIT_SCADA,1,"2019/08/20 09:25:00",POR03,0
D,DISPATCH,UNIT_SCADA,1,"2019/08/20 09:25:00",PPCCGT,249.387040
D,DISPATCH,UNIT_SCADA,1,"2019/08/20 09:25:00",PTSTAN1,0
D,DISPATCH,UNIT_SCADA,1,"2019/08/20 09:25:00",PUMP1,0
D,DISPATCH,UNIT_SCADA,1,"2019/08/20 09:25:00",PUMP2,0
D,DISPATCH,UNIT_SCADA,1,"2019/08/20 09:25:00",QPS1,29.10
D,DISPATCH,UNIT_SCADA,1,"2019/08/20 09:25:00",QPS2,0
D,DISPATCH,UNIT_SCADA,1,"2019/08/20 09:25:00",QPS3,0
D,DISPATCH,UNIT_SCADA,1,"2019/08/20 09:25:00",QPS4,0
D,DISPATCH,UNIT_SCADA,1,"2019/08/20 09:25:00",QPS5,83.38
D,DISPATCH,UNIT_SCADA,1,"2019/08/20 09:25:00",REECE1,115.370010
D,DISPATCH,UNIT_SCADA,1,"2019/08/20 09:25:00",REECE2,115.680010
D,DISPATCH,UNIT_SCADA,1,"2019/08/20 09:25:00",ROMA_7,0
D,DISPATCH,UNIT_SCADA,1,"2019/08/20 09:25:00",ROMA_8,0
D,DISPATCH,UNIT_SCADA,1,"2019/08/20 09:25:00",RRSF1,101.547060
D,DISPATCH,UNIT_SCADA,1,"2019/08/20 09:25:00",RT_NSW1,0
D,DISPATCH,UNIT_SCADA,1,"2019/08/20 09:25:00",RT_NSW2,0
D,DISPATCH,UNIT_SCADA,1,"2019/08/20 09:25:00",RT_NSW3,0
D,DISPATCH,UNIT_SCADA,1,"2019/08/20 09:25:00",RT_NSW4,0
D,DISPATCH,UNIT_SCADA,1,"2019/08/20 09:25:00",RT_NSW5,0
D,DISPATCH,UNIT_SCADA,1,"2019/08/20 09:25:00",RT_NSW6,0
D,DISPATCH,UNIT_SCADA,1,"2019/08/20 09:25:00",RT_QLD1,0
D,DISPATCH,UNIT_SCADA,1,"2019/08/20 09:25:00",RT_SA1,0
D,DISPATCH,UNIT_SCADA,1,"2019/08/20 09:25:00",RT_SA2,0
D,DISPATCH,UNIT_SCADA,1,"2019/08/20 09:25:00",RT_SA3,0
D,DISPATCH,UNIT_SCADA,1,"2019/08/20 09:25:00",RT_SA4,0
D,DISPATCH,UNIT_SCADA,1,"2019/08/20 09:25:00",RT_SA5,0
D,DISPATCH,UNIT_SCADA,1,"2019/08/20 09:25:00",RT_SA6,0
D,DISPATCH,UNIT_SCADA,1,"2019/08/20 09:25:00",RT_TAS1,0
D,DISPATCH,UNIT_SCADA,1,"2019/08/20 09:25:00",RT_VIC1,0
D,DISPATCH,UNIT_SCADA,1,"2019/08/20 09:25:00",RT_VIC10,0
D,DISPATCH,UNIT_SCADA,1,"2019/08/20 09:25:00",RT_VIC11,0
D,DISPATCH,UNIT_SCADA,1,"2019/08/20 09:25:00",RT_VIC12,0
D,DISPATCH,UNIT_SCADA,1,"2019/08/20 09:25:00",RT_VIC2,0
D,DISPATCH,UNIT_SCADA,1,"2019/08/20 09:25:00",RT_VIC3,0
D,DISPATCH,UNIT_SCADA,1,"2019/08/20 09:25:00",RT_VIC4,0
D,DISPATCH,UNIT_SCADA,1,"2019/08/20 09:25:00",RT_VIC5,0
D,DISPATCH,UNIT_SCADA,1,"2019/08/20 09:25:00",RT_VIC6,0
D,DISPATCH,UNIT_SCADA,1,"2019/08/20 09:25:00",RT_VIC7,0
D,DISPATCH,UNIT_SCADA,1,"2019/08/20 09:25:00",RT_VIC8,0
D,DISPATCH,UNIT_SCADA,1,"2019/08/20 09:25:00",RT_VIC9,0
D,DISPATCH,UNIT_SCADA,1,"2019/08/20 09:25:00",RUGBYR1,45.252610
D,DISPATCH,UNIT_SCADA,1,"2019/08/20 09:25:00",SALTCRK1,50.95
D,DISPATCH,UNIT_SCADA,1,"2019/08/20 09:25:00",SAPHWF1,38.840640
D,DISPATCH,UNIT_SCADA,1,"2019/08/20 09:25:00",SHGEN,0
D,DISPATCH,UNIT_SCADA,1,"2019/08/20 09:25:00",SHPUMP,0
D,DISPATCH,UNIT_SCADA,1,"2019/08/20 09:25:00",SITHE01,0.083520
D,DISPATCH,UNIT_SCADA,1,"2019/08/20 09:25:00",SMCSF1,65.448360
D,DISPATCH,UNIT_SCADA,1,"2019/08/20 09:25:00",SNOWNTH1,32
D,DISPATCH,UNIT_SCADA,1,"2019/08/20 09:25:00",SNOWSTH1,74.30
D,DISPATCH,UNIT_SCADA,1,"2019/08/20 09:25:00",SNOWTWN1,37.172840
D,DISPATCH,UNIT_SCADA,1,"2019/08/20 09:25:00",SNOWYP,0
D,DISPATCH,UNIT_SCADA,1,"2019/08/20 09:25:00",SNUG1,0.019440
D,DISPATCH,UNIT_SCADA,1,"2019/08/20 09:25:00",SRSF1,35.25
D,DISPATCH,UNIT_SCADA,1,"2019/08/20 09:25:00",STAN-1,0
D,DISPATCH,UNIT_SCADA,1,"2019/08/20 09:25:00",STAN-2,279.428040
D,DISPATCH,UNIT_SCADA,1,"2019/08/20 09:25:00",STAN-3,281.299440
D,DISPATCH,UNIT_SCADA,1,"2019/08/20 09:25:00",STAN-4,280.7739
D,DISPATCH,UNIT_SCADA,1,"2019/08/20 09:25:00",STWF1,1.642490
D,DISPATCH,UNIT_SCADA,1,"2019/08/20 09:25:00",SWAN_E,0
D,DISPATCH,UNIT_SCADA,1,"2019/08/20 09:25:00",TALWA1,300
D,DISPATCH,UNIT_SCADA,1,"2019/08/20 09:25:00",TARALGA1,103.177490
D,DISPATCH,UNIT_SCADA,1,"2019/08/20 09:25:00",TARONG#1,286
D,DISPATCH,UNIT_SCADA,1,"2019/08/20 09:25:00",TARONG#2,349.50
D,DISPATCH,UNIT_SCADA,1,"2019/08/20 09:25:00",TARONG#3,259.300020
D,DISPATCH,UNIT_SCADA,1,"2019/08/20 09:25:00",TARONG#4,280.399990
D,DISPATCH,UNIT_SCADA,1,"2019/08/20 09:25:00",TARRALEA,84.90
D,DISPATCH,UNIT_SCADA,1,"2019/08/20 09:25:00",TBSF1,50.70
D,DISPATCH,UNIT_SCADA,1,"2019/08/20 09:25:00",TNPS1,441.700010
D,DISPATCH,UNIT_SCADA,1,"2019/08/20 09:25:00",TORRA1,66.168190
D,DISPATCH,UNIT_SCADA,1,"2019/08/20 09:25:00",TORRA2,0
D,DISPATCH,UNIT_SCADA,1,"2019/08/20 09:25:00",TORRA3,0
D,DISPATCH,UNIT_SCADA,1,"2019/08/20 09:25:00",TORRA4,0
D,DISPATCH,UNIT_SCADA,1,"2019/08/20 09:25:00",TORRB1,67.66
D,DISPATCH,UNIT_SCADA,1,"2019/08/20 09:25:00",TORRB2,68.20
D,DISPATCH,UNIT_SCADA,1,"2019/08/20 09:25:00",TORRB3,0
D,DISPATCH,UNIT_SCADA,1,"2019/08/20 09:25:00",TORRB4,0
D,DISPATCH,UNIT_SCADA,1,"2019/08/20 09:25:00",TREVALLN,71.610020
D,DISPATCH,UNIT_SCADA,1,"2019/08/20 09:25:00",TRIBUTE,84.99
D,DISPATCH,UNIT_SCADA,1,"2019/08/20 09:25:00",TUMUT3,0
D,DISPATCH,UNIT_SCADA,1,"2019/08/20 09:25:00",TUNGATIN,125.610030
D,DISPATCH,UNIT_SCADA,1,"2019/08/20 09:25:00",TVCC201,0
D,DISPATCH,UNIT_SCADA,1,"2019/08/20 09:25:00",TVPP104,0
D,DISPATCH,UNIT_SCADA,1,"2019/08/20 09:25:00",UPPTUMUT,0
D,DISPATCH,UNIT_SCADA,1,"2019/08/20 09:25:00",URANQ11,0
D,DISPATCH,UNIT_SCADA,1,"2019/08/20 09:25:00",URANQ12,0
D,DISPATCH,UNIT_SCADA,1,"2019/08/20 09:25:00",URANQ13,0
D,DISPATCH,UNIT_SCADA,1,"2019/08/20 09:25:00",URANQ14,0
D,DISPATCH,UNIT_SCADA,1,"2019/08/20 09:25:00",VP5,386.649990
D,DISPATCH,UNIT_SCADA,1,"2019/08/20 09:25:00",VP6,384.649990
D,DISPATCH,UNIT_SCADA,1,"2019/08/20 09:25:00",VPGS1,0
D,DISPATCH,UNIT_SCADA,1,"2019/08/20 09:25:00",VPGS2,0
D,DISPATCH,UNIT_SCADA,1,"2019/08/20 09:25:00",VPGS3,0
D,DISPATCH,UNIT_SCADA,1,"2019/08/20 09:25:00",VPGS4,0
D,DISPATCH,UNIT_SCADA,1,"2019/08/20 09:25:00",VPGS5,0
D,DISPATCH,UNIT_SCADA,1,"2019/08/20 09:25:00",VPGS6,0
D,DISPATCH,UNIT_SCADA,1,"2019/08/20 09:25:00",W/HOE#1,0
D,DISPATCH,UNIT_SCADA,1,"2019/08/20 09:25:00",W/HOE#2,0
D,DISPATCH,UNIT_SCADA,1,"2019/08/20 09:25:00",WATERLWF,110
D,DISPATCH,UNIT_SCADA,1,"2019/08/20 09:25:00",WEMENSF1,72.10
D,DISPATCH,UNIT_SCADA,1,"2019/08/20 09:25:00",WGWF1,77
D,DISPATCH,UNIT_SCADA,1,"2019/08/20 09:25:00",WHITSF1,44.30
D,DISPATCH,UNIT_SCADA,1,"2019/08/20 09:25:00",WKIEWA1,0
D,DISPATCH,UNIT_SCADA,1,"2019/08/20 09:25:00",WKIEWA2,9.60
D,DISPATCH,UNIT_SCADA,1,"2019/08/20 09:25:00",WOODLWN1,45.027010
D,DISPATCH,UNIT_SCADA,1,"2019/08/20 09:25:00",WRSF1,17.80
D,DISPATCH,UNIT_SCADA,1,"2019/08/20 09:25:00",WRWF1,16.77
D,DISPATCH,UNIT_SCADA,1,"2019/08/20 09:25:00",YABULU,0
D,DISPATCH,UNIT_SCADA,1,"2019/08/20 09:25:00",YABULU2,0
D,DISPATCH,UNIT_SCADA,1,"2019/08/20 09:25:00",YARWUN_1,0
D,DISPATCH,UNIT_SCADA,1,"2019/08/20 09:25:00",YENDWF1,42.10
D,DISPATCH,UNIT_SCADA,1,"2019/08/20 09:25:00",YWPS1,377.443020
D,DISPATCH,UNIT_SCADA,1,"2019/08/20 09:25:00",YWPS2,278.443020
D,DISPATCH,UNIT_SCADA,1,"2019/08/20 09:25:00",YWPS3,0
D,DISPATCH,UNIT_SCADA,1,"2019/08/20 09:25:00",YWPS4,396.649350
C,"END OF REPORT",334
