C,NEMP.WORLD,DISPATCHSCADA,AEMO,PUBLIC,2019/08/23,07:55:07,0000000311898728,DISPATCHSCADA,0000000311898722
I,DISPATCH,UNIT_SCADA,1,SETTLEMENTDATE,DUID,SCADAVALUE
D,DISPATCH,UNIT_SCADA,1,"2019/08/23 08:00:00",BARCSF1,13.700001
D,DISPATCH,UNIT_SCADA,1,"2019/08/23 08:00:00",BUTLERSG,9.699999
D,DISPATCH,UNIT_SCADA,1,"2019/08/23 08:00:00",CALL_A_4,0
D,DISPATCH,UNIT_SCADA,1,"2019/08/23 08:00:00",CAPTL_WF,0
D,DISPATCH,UNIT_SCADA,1,"2019/08/23 08:00:00",CATHROCK,53.419998
D,DISPATCH,UNIT_SCADA,1,"2019/08/23 08:00:00",CHALLHWF,0
D,DISPATCH,UNIT_SCADA,1,"2019/08/23 08:00:00",CLOVER,-0.01
D,DISPATCH,UNIT_SCADA,1,"2019/08/23 08:00:00",CLUNY,20.316320
D,DISPATCH,UNIT_SCADA,1,"2019/08/23 08:00:00",CNUNDAWF,6.507591
D,DISPATCH,UNIT_SCADA,1,"2019/08/23 08:00:00",CULLRGWF,1.18
D,DISPATCH,UNIT_SCADA,1,"2019/08/23 08:00:00",ERGT01,0
D,DISPATCH,UNIT_SCADA,1,"2019/08/23 08:00:00",GB01,0.055931
D,DISPATCH,UNIT_SCADA,1,"2019/08/23 08:00:00",GERMCRK,38.299999
D,DISPATCH,UNIT_SCADA,1,"2019/08/23 08:00:00",GRIFSF1,13.399994
D,DISPATCH,UNIT_SCADA,1,"2019/08/23 08:00:00",HUGSF1,7.8040
D,DISPATCH,UNIT_SCADA,1,"2019/08/23 08:00:00",LKBONNY1,6.966130
D,DISPATCH,UNIT_SCADA,1,"2019/08/23 08:00:00",LRSF1,-0.0130
D,DISPATCH,UNIT_SCADA,1,"2019/08/23 08:00:00",MBAHNTH,55.724991
D,DISPATCH,UNIT_SCADA,1,"2019/08/23 08:00:00",MLSP1,4.582001
D,DISPATCH,UNIT_SCADA,1,"2019/08/23 08:00:00",MLWF1,5.28
D,DISPATCH,UNIT_SCADA,1,"2019/08/23 08:00:00",MTMILLAR,19.317644
D,DISPATCH,UNIT_SCADA,1,"2019/08/23 08:00:00",PALOONA,30.179998
D,DISPATCH,UNIT_SCADA,1,"2019/08/23 08:00:00",PIONEER,47.700001
D,DISPATCH,UNIT_SCADA,1,"2019/08/23 08:00:00",PORTWF,50.299999
D,DISPATCH,UNIT_SCADA,1,"2019/08/23 08:00:00",REPULSE,28.962234
D,DISPATCH,UNIT_SCADA,1,"2019/08/23 08:00:00",ROWALLAN,10.4157
D,DISPATCH,UNIT_SCADA,1,"2019/08/23 08:00:00",ROYALLA1,8.592001
D,DISPATCH,UNIT_SCADA,1,"2019/08/23 08:00:00",RPCG,13.10
D,DISPATCH,UNIT_SCADA,1,"2019/08/23 08:00:00",RUBICON,0
D,DISPATCH,UNIT_SCADA,1,"2019/08/23 08:00:00",SATGN1,0
D,DISPATCH,UNIT_SCADA,1,"2019/08/23 08:00:00",SATGS1,0
D,DISPATCH,UNIT_SCADA,1,"2019/08/23 08:00:00",STARHLWF,12.396385
D,DISPATCH,UNIT_SCADA,1,"2019/08/23 08:00:00",WAUBRAWF,0
D,DISPATCH,UNIT_SCADA,1,"2019/08/23 08:00:00",WOOLNTH1,40.760017
D,DISPATCH,UNIT_SCADA,1,"2019/08/23 08:00:00",WPWF,18
D,DISPATCH,UNIT_SCADA,1,"2019/08/23 08:00:00",YAMBUKWF,4.10
D,DISPATCH,UNIT_SCADA,1,"2019/08/23 08:00:00",YSWF1,5.90
D,DISPATCH,UNIT_SCADA,1,"2019/08/23 08:00:00",AGLHAL,40.269170
D,DISPATCH,UNIT_SCADA,1,"2019/08/23 08:00:00",AGLSOM,0
D,DISPATCH,UNIT_SCADA,1,"2019/08/23 08:00:00",ANGAST1,0
D,DISPATCH,UNIT_SCADA,1,"2019/08/23 08:00:00",ARWF1,-0.20
D,DISPATCH,UNIT_SCADA,1,"2019/08/23 08:00:00",BALBG1,0
D,DISPATCH,UNIT_SCADA,1,"2019/08/23 08:00:00",BALBL1,0
D,DISPATCH,UNIT_SCADA,1,"2019/08/23 08:00:00",BALDHWF1,27.12
D,DISPATCH,UNIT_SCADA,1,"2019/08/23 08:00:00",BANN1,21.38
D,DISPATCH,UNIT_SCADA,1,"2019/08/23 08:00:00",BARCALDN,0
D,DISPATCH,UNIT_SCADA,1,"2019/08/23 08:00:00",BARRON-1,0
D,DISPATCH,UNIT_SCADA,1,"2019/08/23 08:00:00",BARRON-2,27.72
D,DISPATCH,UNIT_SCADA,1,"2019/08/23 08:00:00",BASTYAN,77.540010
D,DISPATCH,UNIT_SCADA,1,"2019/08/23 08:00:00",BBTHREE1,0
D,DISPATCH,UNIT_SCADA,1,"2019/08/23 08:00:00",BBTHREE2,-1.98
D,DISPATCH,UNIT_SCADA,1,"2019/08/23 08:00:00",BBTHREE3,0
D,DISPATCH,UNIT_SCADA,1,"2019/08/23 08:00:00",BDL01,40.92
D,DISPATCH,UNIT_SCADA,1,"2019/08/23 08:00:00",BDL02,44.64
D,DISPATCH,UNIT_SCADA,1,"2019/08/23 08:00:00",BERYLSF1,43.611470
D,DISPATCH,UNIT_SCADA,1,"2019/08/23 08:00:00",BLOWERNG,0
D,DISPATCH,UNIT_SCADA,1,"2019/08/23 08:00:00",BLUFF1,15.60
D,DISPATCH,UNIT_SCADA,1,"2019/08/23 08:00:00",BNGSF1,14.90
D,DISPATCH,UNIT_SCADA,1,"2019/08/23 08:00:00",BNGSF2,5.47
D,DISPATCH,UNIT_SCADA,1,"2019/08/23 08:00:00",BOCORWF1,6.82
D,DISPATCH,UNIT_SCADA,1,"2019/08/23 08:00:00",BODWF1,63.381450
D,DISPATCH,UNIT_SCADA,1,"2019/08/23 08:00:00",BRAEMAR1,0
D,DISPATCH,UNIT_SCADA,1,"2019/08/23 08:00:00",BRAEMAR2,42.60
D,DISPATCH,UNIT_SCADA,1,"2019/08/23 08:00:00",BRAEMAR3,0
D,DISPATCH,UNIT_SCADA,1,"2019/08/23 08:00:00",BRAEMAR5,0
D,DISPATCH,UNIT_SCADA,1,"2019/08/23 08:00:00",BRAEMAR6,159.927470
D,DISPATCH,UNIT_SCADA,1,"2019/08/23 08:00:00",BRAEMAR7,0
D,DISPATCH,UNIT_SCADA,1,"2019/08/23 08:00:00",BROKENH1,11.877690
D,DISPATCH,UNIT_SCADA,1,"2019/08/23 08:00:00",BW01,640.575070
D,DISPATCH,UNIT_SCADA,1,"2019/08/23 08:00:00",BW02,642.525020
D,DISPATCH,UNIT_SCADA,1,"2019/08/23 08:00:00",BW03,647.325070
D,DISPATCH,UNIT_SCADA,1,"2019/08/23 08:00:00",BW04,0
D,DISPATCH,UNIT_SCADA,1,"2019/08/23 08:00:00",CALL_B_1,340.100010
D,DISPATCH,UNIT_SCADA,1,"2019/08/23 08:00:00",CALL_B_2,348.700010
D,DISPATCH,UNIT_SCADA,1,"2019/08/23 08:00:00",CETHANA,98.124630
D,DISPATCH,UNIT_SCADA,1,"2019/08/23 08:00:00",CG1,0
D,DISPATCH,UNIT_SCADA,1,"2019/08/23 08:00:00",CG2,0
D,DISPATCH,UNIT_SCADA,1,"2019/08/23 08:00:00",CG3,0
D,DISPATCH,UNIT_SCADA,1,"2019/08/23 08:00:00",CG4,0
D,DISPATCH,UNIT_SCADA,1,"2019/08/23 08:00:00",CHILDSF1,40.07
D,DISPATCH,UNIT_SCADA,1,"2019/08/23 08:00:00",CLARESF1,0
D,DISPATCH,UNIT_SCADA,1,"2019/08/23 08:00:00",CLEMGPWF,8.211990
D,DISPATCH,UNIT_SCADA,1,"2019/08/23 08:00:00",CLERMSF1,14.65
D,DISPATCH,UNIT_SCADA,1,"2019/08/23 08:00:00",COLEASF1,58.50
D,DISPATCH,UNIT_SCADA,1,"2019/08/23 08:00:00",COOPGWF1,21.964850
D,DISPATCH,UNIT_SCADA,1,"2019/08/23 08:00:00",CPP_3,404.25
D,DISPATCH,UNIT_SCADA,1,"2019/08/23 08:00:00",CPP_4,404.25
D,DISPATCH,UNIT_SCADA,1,"2019/08/23 08:00:00",CPSA,141.693130
D,DISPATCH,UNIT_SCADA,1,"2019/08/23 08:00:00",CROOKWF2,-0.141250
D,DISPATCH,UNIT_SCADA,1,"2019/08/23 08:00:00",CROWLWF1,-0.193140
D,DISPATCH,UNIT_SCADA,1,"2019/08/23 08:00:00",CSPVPS1,14.3610
D,DISPATCH,UNIT_SCADA,1,"2019/08/23 08:00:00",DALNTH01,0
D,DISPATCH,UNIT_SCADA,1,"2019/08/23 08:00:00",DALNTHL1,0.080870
D,DISPATCH,UNIT_SCADA,1,"2019/08/23 08:00:00",DARTM1,133.50
D,DISPATCH,UNIT_SCADA,1,"2019/08/23 08:00:00",DAYDSF1,100.364010
D,DISPATCH,UNIT_SCADA,1,"2019/08/23 08:00:00",DDPS1,379.103760
D,DISPATCH,UNIT_SCADA,1,"2019/08/23 08:00:00",DDSF1,48.162820
D,DISPATCH,UNIT_SCADA,1,"2019/08/23 08:00:00",DEVILS_G,0
D,DISPATCH,UNIT_SCADA,1,"2019/08/23 08:00:00",DG_NSW1,0
D,DISPATCH,UNIT_SCADA,1,"2019/08/23 08:00:00",DG_QLD1,0
D,DISPATCH,UNIT_SCADA,1,"2019/08/23 08:00:00",DG_SA1,0
D,DISPATCH,UNIT_SCADA,1,"2019/08/23 08:00:00",DG_TAS1,0
D,DISPATCH,UNIT_SCADA,1,"2019/08/23 08:00:00",DG_VIC1,0
D,DISPATCH,UNIT_SCADA,1,"2019/08/23 08:00:00",DRYCGT1,0
D,DISPATCH,UNIT_SCADA,1,"2019/08/23 08:00:00",DRYCGT2,0
D,DISPATCH,UNIT_SCADA,1,"2019/08/23 08:00:00",DRYCGT3,0
D,DISPATCH,UNIT_SCADA,1,"2019/08/23 08:00:00",EILDON1,0
D,DISPATCH,UNIT_SCADA,1,"2019/08/23 08:00:00",EILDON2,0
D,DISPATCH,UNIT_SCADA,1,"2019/08/23 08:00:00",EMERASF1,43.54
D,DISPATCH,UNIT_SCADA,1,"2019/08/23 08:00:00",ER01,576.799930
D,DISPATCH,UNIT_SCADA,1,"2019/08/23 08:00:00",ER02,684.6250
D,DISPATCH,UNIT_SCADA,1,"2019/08/23 08:00:00",ER03,698.700070
D,DISPATCH,UNIT_SCADA,1,"2019/08/23 08:00:00",ER04,601.424930
D,DISPATCH,UNIT_SCADA,1,"2019/08/23 08:00:00",FINLYSF1,0.624370
D,DISPATCH,UNIT_SCADA,1,"2019/08/23 08:00:00",FISHER,45.70
D,DISPATCH,UNIT_SCADA,1,"2019/08/23 08:00:00",GANNBG1,25.360140
D,DISPATCH,UNIT_SCADA,1,"2019/08/23 08:00:00",GANNBL1,0
D,DISPATCH,UNIT_SCADA,1,"2019/08/23 08:00:00",GANNSF1,18.80
D,DISPATCH,UNIT_SCADA,1,"2019/08/23 08:00:00",GORDON,187.269040
D,DISPATCH,UNIT_SCADA,1,"2019/08/23 08:00:00",GSTONE1,207.3750
D,DISPATCH,UNIT_SCADA,1,"2019/08/23 08:00:00",GSTONE2,230.30
D,DISPATCH,UNIT_SCADA,1,"2019/08/23 08:00:00",GSTONE3,189
D,DISPATCH,UNIT_SCADA,1,"2019/08/23 08:00:00",GSTONE4,207.899990
D,DISPATCH,UNIT_SCADA,1,"2019/08/23 08:00:00",GSTONE5,201.0750
D,DISPATCH,UNIT_SCADA,1,"2019/08/23 08:00:00",GSTONE6,0
D,DISPATCH,UNIT_SCADA,1,"2019/08/23 08:00:00",GULLRSF1,5.498690
D,DISPATCH,UNIT_SCADA,1,"2019/08/23 08:00:00",GULLRWF1,16.291350
D,DISPATCH,UNIT_SCADA,1,"2019/08/23 08:00:00",GUNNING1,5.465750
D,DISPATCH,UNIT_SCADA,1,"2019/08/23 08:00:00",GUTHEGA,0
D,DISPATCH,UNIT_SCADA,1,"2019/08/23 08:00:00",HALLWF1,33.84
D,DISPATCH,UNIT_SCADA,1,"2019/08/23 08:00:00",HALLWF2,34.60
D,DISPATCH,UNIT_SCADA,1,"2019/08/23 08:00:00",HAMISF1,39.70
D,DISPATCH,UNIT_SCADA,1,"2019/08/23 08:00:00",HAUGHT11,49.983490
D,DISPATCH,UNIT_SCADA,1,"2019/08/23 08:00:00",HAYMSF1,35.8220
D,DISPATCH,UNIT_SCADA,1,"2019/08/23 08:00:00",HDWF1,67.30
D,DISPATCH,UNIT_SCADA,1,"2019/08/23 08:00:00",HDWF2,62
D,DISPATCH,UNIT_SCADA,1,"2019/08/23 08:00:00",HDWF3,54.90
D,DISPATCH,UNIT_SCADA,1,"2019/08/23 08:00:00",HPRG1,29.90
D,DISPATCH,UNIT_SCADA,1,"2019/08/23 08:00:00",HPRL1,0
D,DISPATCH,UNIT_SCADA,1,"2019/08/23 08:00:00",HUMENSW,0
D,DISPATCH,UNIT_SCADA,1,"2019/08/23 08:00:00",HUMEV,7.50
D,DISPATCH,UNIT_SCADA,1,"2019/08/23 08:00:00",HVGTS,0
D,DISPATCH,UNIT_SCADA,1,"2019/08/23 08:00:00",JBUTTERS,135.009990
D,DISPATCH,UNIT_SCADA,1,"2019/08/23 08:00:00",JLA01,53.70
D,DISPATCH,UNIT_SCADA,1,"2019/08/23 08:00:00",JLA02,54
D,DISPATCH,UNIT_SCADA,1,"2019/08/23 08:00:00",JLA03,0.10
D,DISPATCH,UNIT_SCADA,1,"2019/08/23 08:00:00",JLA04,0.10
D,DISPATCH,UNIT_SCADA,1,"2019/08/23 08:00:00",JLB01,0
D,DISPATCH,UNIT_SCADA,1,"2019/08/23 08:00:00",JLB02,83.20
D,DISPATCH,UNIT_SCADA,1,"2019/08/23 08:00:00",JLB03,83.10
D,DISPATCH,UNIT_SCADA,1,"2019/08/23 08:00:00",KAREEYA1,21.43
D,DISPATCH,UNIT_SCADA,1,"2019/08/23 08:00:00",KAREEYA2,21.6925
D,DISPATCH,UNIT_SCADA,1,"2019/08/23 08:00:00",KAREEYA3,0
D,DISPATCH,UNIT_SCADA,1,"2019/08/23 08:00:00",KAREEYA4,21.71
D,DISPATCH,UNIT_SCADA,1,"2019/08/23 08:00:00",KARSF1,24.30
D,DISPATCH,UNIT_SCADA,1,"2019/08/23 08:00:00",KIATAWF1,13.50
D,DISPATCH,UNIT_SCADA,1,"2019/08/23 08:00:00",KPP_1,0
D,DISPATCH,UNIT_SCADA,1,"2019/08/23 08:00:00",KSP1,34.38
D,DISPATCH,UNIT_SCADA,1,"2019/08/23 08:00:00",LADBROK1,43.41
D,DISPATCH,UNIT_SCADA,1,"2019/08/23 08:00:00",LADBROK2,43.34
D,DISPATCH,UNIT_SCADA,1,"2019/08/23 08:00:00",LD01,423.3750
D,DISPATCH,UNIT_SCADA,1,"2019/08/23 08:00:00",LD02,300.037450
D,DISPATCH,UNIT_SCADA,1,"2019/08/23 08:00:00",LD03,418.1813
D,DISPATCH,UNIT_SCADA,1,"2019/08/23 08:00:00",LD04,380.193790
D,DISPATCH,UNIT_SCADA,1,"2019/08/23 08:00:00",LEM_WIL,86.1183
D,DISPATCH,UNIT_SCADA,1,"2019/08/23 08:00:00",LGAPWF1,23.68
D,DISPATCH,UNIT_SCADA,1,"2019/08/23 08:00:00",LILYSF1,74.448890
D,DISPATCH,UNIT_SCADA,1,"2019/08/23 08:00:00",LI_WY_CA,149.714690
D,DISPATCH,UNIT_SCADA,1,"2019/08/23 08:00:00",LKBONNY2,22.305140
D,DISPATCH,UNIT_SCADA,1,"2019/08/23 08:00:00",LKBONNY3,3.126030
D,DISPATCH,UNIT_SCADA,1,"2019/08/23 08:00:00",LK_ECHO,0
D,DISPATCH,UNIT_SCADA,1,"2019/08/23 08:00:00",LNGS1,0
D,DISPATCH,UNIT_SCADA,1,"2019/08/23 08:00:00",LNGS2,0
D,DISPATCH,UNIT_SCADA,1,"2019/08/23 08:00:00",LONSDALE,0
D,DISPATCH,UNIT_SCADA,1,"2019/08/23 08:00:00",LOYYB1,535.712650
D,DISPATCH,UNIT_SCADA,1,"2019/08/23 08:00:00",LOYYB2,580.074710
D,DISPATCH,UNIT_SCADA,1,"2019/08/23 08:00:00",LYA1,558
D,DISPATCH,UNIT_SCADA,1,"2019/08/23 08:00:00",LYA2,0
D,DISPATCH,UNIT_SCADA,1,"2019/08/23 08:00:00",LYA3,560
D,DISPATCH,UNIT_SCADA,1,"2019/08/23 08:00:00",LYA4,538
D,DISPATCH,UNIT_SCADA,1,"2019/08/23 08:00:00",MACARTH1,119.997230
D,DISPATCH,UNIT_SCADA,1,"2019/08/23 08:00:00",MACKAYGT,0
D,DISPATCH,UNIT_SCADA,1,"2019/08/23 08:00:00",MACKNTSH,85.87
D,DISPATCH,UNIT_SCADA,1,"2019/08/23 08:00:00",MANSLR1,23.3360
D,DISPATCH,UNIT_SCADA,1,"2019/08/23 08:00:00",MCKAY1,0.02
D,DISPATCH,UNIT_SCADA,1,"2019/08/23 08:00:00",MEADOWBK,34.0102
D,DISPATCH,UNIT_SCADA,1,"2019/08/23 08:00:00",MERCER01,7.0520
D,DISPATCH,UNIT_SCADA,1,"2019/08/23 08:00:00",MEWF1,90.857470
D,DISPATCH,UNIT_SCADA,1,"2019/08/23 08:00:00",MINTARO,0
D,DISPATCH,UNIT_SCADA,1,"2019/08/23 08:00:00",MOREESF1,45.7880
D,DISPATCH,UNIT_SCADA,1,"2019/08/23 08:00:00",MORTLK11,260
D,DISPATCH,UNIT_SCADA,1,"2019/08/23 08:00:00",MORTLK12,0
D,DISPATCH,UNIT_SCADA,1,"2019/08/23 08:00:00",MP1,493.200070
D,DISPATCH,UNIT_SCADA,1,"2019/08/23 08:00:00",MP2,0
D,DISPATCH,UNIT_SCADA,1,"2019/08/23 08:00:00",MPP_1,407.75
D,DISPATCH,UNIT_SCADA,1,"2019/08/23 08:00:00",MPP_2,434
D,DISPATCH,UNIT_SCADA,1,"2019/08/23 08:00:00",MSTUART1,0
D,DISPATCH,UNIT_SCADA,1,"2019/08/23 08:00:00",MSTUART2,0
D,DISPATCH,UNIT_SCADA,1,"2019/08/23 08:00:00",MSTUART3,0
D,DISPATCH,UNIT_SCADA,1,"2019/08/23 08:00:00",MTGELWF1,22.066410
D,DISPATCH,UNIT_SCADA,1,"2019/08/23 08:00:00",MURRAY,927.411070
D,DISPATCH,UNIT_SCADA,1,"2019/08/23 08:00:00",MUSSELR1,98.10
D,DISPATCH,UNIT_SCADA,1,"2019/08/23 08:00:00",MUWAWF1,7.76
D,DISPATCH,UNIT_SCADA,1,"2019/08/23 08:00:00",NBHWF1,72.70
D,DISPATCH,UNIT_SCADA,1,"2019/08/23 08:00:00",NPS,511.1250
D,DISPATCH,UNIT_SCADA,1,"2019/08/23 08:00:00",NUMURSF1,52.06
D,DISPATCH,UNIT_SCADA,1,"2019/08/23 08:00:00",NYNGAN1,33.50
D,DISPATCH,UNIT_SCADA,1,"2019/08/23 08:00:00",OAKEY1,0
D,DISPATCH,UNIT_SCADA,1,"2019/08/23 08:00:00",OAKEY1SF,18.1470
D,DISPATCH,UNIT_SCADA,1,"2019/08/23 08:00:00",OAKEY2,0
D,DISPATCH,UNIT_SCADA,1,"2019/08/23 08:00:00",OAKLAND1,5.10
D,DISPATCH,UNIT_SCADA,1,"2019/08/23 08:00:00",OSB-AG,188.700010
D,DISPATCH,UNIT_SCADA,1,"2019/08/23 08:00:00",PARSF1,35.399990
D,DISPATCH,UNIT_SCADA,1,"2019/08/23 08:00:00",POAT110,34.21
D,DISPATCH,UNIT_SCADA,1,"2019/08/23 08:00:00",POAT220,137.913210
D,DISPATCH,UNIT_SCADA,1,"2019/08/23 08:00:00",POR01,0
D,DISPATCH,UNIT_SCADA,1,"2019/08/23 08:00:00",POR03,0
D,DISPATCH,UNIT_SCADA,1,"2019/08/23 08:00:00",PPCCGT,484.944790
D,DISPATCH,UNIT_SCADA,1,"2019/08/23 08:00:00",PTSTAN1,0
D,DISPATCH,UNIT_SCADA,1,"2019/08/23 08:00:00",PUMP1,0
D,DISPATCH,UNIT_SCADA,1,"2019/08/23 08:00:00",PUMP2,0
D,DISPATCH,UNIT_SCADA,1,"2019/08/23 08:00:00",QPS1,29
D,DISPATCH,UNIT_SCADA,1,"2019/08/23 08:00:00",QPS2,0
D,DISPATCH,UNIT_SCADA,1,"2019/08/23 08:00:00",QPS3,0
D,DISPATCH,UNIT_SCADA,1,"2019/08/23 08:00:00",QPS4,0
D,DISPATCH,UNIT_SCADA,1,"2019/08/23 08:00:00",QPS5,128.53
D,DISPATCH,UNIT_SCADA,1,"2019/08/23 08:00:00",REECE1,116.680010
D,DISPATCH,UNIT_SCADA,1,"2019/08/23 08:00:00",REECE2,116.250010
D,DISPATCH,UNIT_SCADA,1,"2019/08/23 08:00:00",ROMA_7,0
D,DISPATCH,UNIT_SCADA,1,"2019/08/23 08:00:00",ROMA_8,0
D,DISPATCH,UNIT_SCADA,1,"2019/08/23 08:00:00",RRSF1,73.2254
D,DISPATCH,UNIT_SCADA,1,"2019/08/23 08:00:00",RT_NSW1,0
D,DISPATCH,UNIT_SCADA,1,"2019/08/23 08:00:00",RT_NSW2,0
D,DISPATCH,UNIT_SCADA,1,"2019/08/23 08:00:00",RT_NSW3,0
D,DISPATCH,UNIT_SCADA,1,"2019/08/23 08:00:00",RT_NSW4,0
D,DISPATCH,UNIT_SCADA,1,"2019/08/23 08:00:00",RT_NSW5,0
D,DISPATCH,UNIT_SCADA,1,"2019/08/23 08:00:00",RT_NSW6,0
D,DISPATCH,UNIT_SCADA,1,"2019/08/23 08:00:00",RT_QLD1,0
D,DISPATCH,UNIT_SCADA,1,"2019/08/23 08:00:00",RT_SA1,0
D,DISPATCH,UNIT_SCADA,1,"2019/08/23 08:00:00",RT_SA2,0
D,DISPATCH,UNIT_SCADA,1,"2019/08/23 08:00:00",RT_SA3,0
D,DISPATCH,UNIT_SCADA,1,"2019/08/23 08:00:00",RT_SA4,0
D,DISPATCH,UNIT_SCADA,1,"2019/08/23 08:00:00",RT_SA5,0
D,DISPATCH,UNIT_SCADA,1,"2019/08/23 08:00:00",RT_SA6,0
D,DISPATCH,UNIT_SCADA,1,"2019/08/23 08:00:00",RT_TAS1,0
D,DISPATCH,UNIT_SCADA,1,"2019/08/23 08:00:00",RT_VIC1,0
D,DISPATCH,UNIT_SCADA,1,"2019/08/23 08:00:00",RT_VIC10,0
D,DISPATCH,UNIT_SCADA,1,"2019/08/23 08:00:00",RT_VIC11,0
D,DISPATCH,UNIT_SCADA,1,"2019/08/23 08:00:00",RT_VIC12,0
D,DISPATCH,UNIT_SCADA,1,"2019/08/23 08:00:00",RT_VIC2,0
D,DISPATCH,UNIT_SCADA,1,"2019/08/23 08:00:00",RT_VIC3,0
D,DISPATCH,UNIT_SCADA,1,"2019/08/23 08:00:00",RT_VIC4,0
D,DISPATCH,UNIT_SCADA,1,"2019/08/23 08:00:00",RT_VIC5,0
D,DISPATCH,UNIT_SCADA,1,"2019/08/23 08:00:00",RT_VIC6,0
D,DISPATCH,UNIT_SCADA,1,"2019/08/23 08:00:00",RT_VIC7,0
D,DISPATCH,UNIT_SCADA,1,"2019/08/23 08:00:00",RT_VIC8,0
D,DISPATCH,UNIT_SCADA,1,"2019/08/23 08:00:00",RT_VIC9,0
D,DISPATCH,UNIT_SCADA,1,"2019/08/23 08:00:00",RUGBYR1,54.470660
D,DISPATCH,UNIT_SCADA,1,"2019/08/23 08:00:00",SALTCRK1,5.27
D,DISPATCH,UNIT_SCADA,1,"2019/08/23 08:00:00",SAPHWF1,4.771850
D,DISPATCH,UNIT_SCADA,1,"2019/08/23 08:00:00",SHGEN,197.550660
D,DISPATCH,UNIT_SCADA,1,"2019/08/23 08:00:00",SHPUMP,0
D,DISPATCH,UNIT_SCADA,1,"2019/08/23 08:00:00",SITHE01,123.738790
D,DISPATCH,UNIT_SCADA,1,"2019/08/23 08:00:00",SMCSF1,33.371360
D,DISPATCH,UNIT_SCADA,1,"2019/08/23 08:00:00",SNOWNTH1,65.10
D,DISPATCH,UNIT_SCADA,1,"2019/08/23 08:00:00",SNOWSTH1,46.30
D,DISPATCH,UNIT_SCADA,1,"2019/08/23 08:00:00",SNOWTWN1,51.404910
D,DISPATCH,UNIT_SCADA,1,"2019/08/23 08:00:00",SNOWYP,0
D,DISPATCH,UNIT_SCADA,1,"2019/08/23 08:00:00",SNUG1,0.019440
D,DISPATCH,UNIT_SCADA,1,"2019/08/23 08:00:00",SRSF1,1.56
D,DISPATCH,UNIT_SCADA,1,"2019/08/23 08:00:00",STAN-1,0
D,DISPATCH,UNIT_SCADA,1,"2019/08/23 08:00:00",STAN-2,336.223720
D,DISPATCH,UNIT_SCADA,1,"2019/08/23 08:00:00",STAN-3,336.800510
D,DISPATCH,UNIT_SCADA,1,"2019/08/23 08:00:00",STAN-4,338.325840
D,DISPATCH,UNIT_SCADA,1,"2019/08/23 08:00:00",STWF1,20.8125
D,DISPATCH,UNIT_SCADA,1,"2019/08/23 08:00:00",SWAN_E,0
D,DISPATCH,UNIT_SCADA,1,"2019/08/23 08:00:00",TALWA1,430
D,DISPATCH,UNIT_SCADA,1,"2019/08/23 08:00:00",TARALGA1,0
D,DISPATCH,UNIT_SCADA,1,"2019/08/23 08:00:00",TARONG#1,331.300020
D,DISPATCH,UNIT_SCADA,1,"2019/08/23 08:00:00",TARONG#2,140.70
D,DISPATCH,UNIT_SCADA,1,"2019/08/23 08:00:00",TARONG#3,273.899990
D,DISPATCH,UNIT_SCADA,1,"2019/08/23 08:00:00",TARONG#4,344
D,DISPATCH,UNIT_SCADA,1,"2019/08/23 08:00:00",TARRALEA,82.10
D,DISPATCH,UNIT_SCADA,1,"2019/08/23 08:00:00",TBSF1,7.70
D,DISPATCH,UNIT_SCADA,1,"2019/08/23 08:00:00",TNPS1,441.700010
D,DISPATCH,UNIT_SCADA,1,"2019/08/23 08:00:00",TORRA1,110.482670
D,DISPATCH,UNIT_SCADA,1,"2019/08/23 08:00:00",TORRA2,49.030770
D,DISPATCH,UNIT_SCADA,1,"2019/08/23 08:00:00",TORRA3,0
D,DISPATCH,UNIT_SCADA,1,"2019/08/23 08:00:00",TORRA4,0
D,DISPATCH,UNIT_SCADA,1,"2019/08/23 08:00:00",TORRB1,0
D,DISPATCH,UNIT_SCADA,1,"2019/08/23 08:00:00",TORRB2,182.53
D,DISPATCH,UNIT_SCADA,1,"2019/08/23 08:00:00",TORRB3,0
D,DISPATCH,UNIT_SCADA,1,"2019/08/23 08:00:00",TORRB4,0
D,DISPATCH,UNIT_SCADA,1,"2019/08/23 08:00:00",TREVALLN,87.170030
D,DISPATCH,UNIT_SCADA,1,"2019/08/23 08:00:00",TRIBUTE,83.31
D,DISPATCH,UNIT_SCADA,1,"2019/08/23 08:00:00",TUMUT3,251.30
D,DISPATCH,UNIT_SCADA,1,"2019/08/23 08:00:00",TUNGATIN,136.280030
D,DISPATCH,UNIT_SCADA,1,"2019/08/23 08:00:00",TVCC201,0
D,DISPATCH,UNIT_SCADA,1,"2019/08/23 08:00:00",TVPP104,57.807020
D,DISPATCH,UNIT_SCADA,1,"2019/08/23 08:00:00",UPPTUMUT,0
D,DISPATCH,UNIT_SCADA,1,"2019/08/23 08:00:00",URANQ11,0
D,DISPATCH,UNIT_SCADA,1,"2019/08/23 08:00:00",URANQ12,0
D,DISPATCH,UNIT_SCADA,1,"2019/08/23 08:00:00",URANQ13,0
D,DISPATCH,UNIT_SCADA,1,"2019/08/23 08:00:00",URANQ14,0
D,DISPATCH,UNIT_SCADA,1,"2019/08/23 08:00:00",VP5,625.700010
D,DISPATCH,UNIT_SCADA,1,"2019/08/23 08:00:00",VP6,398.200010
D,DISPATCH,UNIT_SCADA,1,"2019/08/23 08:00:00",VPGS1,0
D,DISPATCH,UNIT_SCADA,1,"2019/08/23 08:00:00",VPGS2,0
D,DISPATCH,UNIT_SCADA,1,"2019/08/23 08:00:00",VPGS3,0
D,DISPATCH,UNIT_SCADA,1,"2019/08/23 08:00:00",VPGS4,0
D,DISPATCH,UNIT_SCADA,1,"2019/08/23 08:00:00",VPGS5,0
D,DISPATCH,UNIT_SCADA,1,"2019/08/23 08:00:00",VPGS6,0
D,DISPATCH,UNIT_SCADA,1,"2019/08/23 08:00:00",W/HOE#1,0
D,DISPATCH,UNIT_SCADA,1,"2019/08/23 08:00:00",W/HOE#2,0
D,DISPATCH,UNIT_SCADA,1,"2019/08/23 08:00:00",WATERLWF,25
D,DISPATCH,UNIT_SCADA,1,"2019/08/23 08:00:00",WEMENSF1,29.80
D,DISPATCH,UNIT_SCADA,1,"2019/08/23 08:00:00",WGWF1,49.60
D,DISPATCH,UNIT_SCADA,1,"2019/08/23 08:00:00",WHITSF1,36.80
D,DISPATCH,UNIT_SCADA,1,"2019/08/23 08:00:00",WKIEWA1,0
D,DISPATCH,UNIT_SCADA,1,"2019/08/23 08:00:00",WKIEWA2,12.60
D,DISPATCH,UNIT_SCADA,1,"2019/08/23 08:00:00",WOODLWN1,0
D,DISPATCH,UNIT_SCADA,1,"2019/08/23 08:00:00",WRSF1,10.30
D,DISPATCH,UNIT_SCADA,1,"2019/08/23 08:00:00",WRWF1,9.528750
D,DISPATCH,UNIT_SCADA,1,"2019/08/23 08:00:00",YABULU,0
D,DISPATCH,UNIT_SCADA,1,"2019/08/23 08:00:00",YABULU2,0
D,DISPATCH,UNIT_SCADA,1,"2019/08/23 08:00:00",YARWUN_1,0
D,DISPATCH,UNIT_SCADA,1,"2019/08/23 08:00:00",YENDWF1,10.66
D,DISPATCH,UNIT_SCADA,1,"2019/08/23 08:00:00",YWPS1,378.6962
D,DISPATCH,UNIT_SCADA,1,"2019/08/23 08:00:00",YWPS2,280.197480
D,DISPATCH,UNIT_SCADA,1,"2019/08/23 08:00:00",YWPS3,0
D,DISPATCH,UNIT_SCADA,1,"2019/08/23 08:00:00",YWPS4,0
C,"END OF REPORT",334
