C,NEMP.WORLD,DISPATCHSCADA,AEMO,PUBLIC,2019/08/20,20:05:07,0000000311799244,DISPATCHSCADA,0000000311799238
I,DISPATCH,UNIT_SCADA,1,SETTLEMENTDATE,DUID,SCADAVALUE
D,DISPATCH,UNIT_SCADA,1,"2019/08/20 20:10:00",BARCSF1,0.50
D,DISPATCH,UNIT_SCADA,1,"2019/08/20 20:10:00",BUTLERSG,9.699999
D,DISPATCH,UNIT_SCADA,1,"2019/08/20 20:10:00",CALL_A_4,0
D,DISPATCH,UNIT_SCADA,1,"2019/08/20 20:10:00",CAPTL_WF,117.760002
D,DISPATCH,UNIT_SCADA,1,"2019/08/20 20:10:00",CATHROCK,54.179996
D,DISPATCH,UNIT_SCADA,1,"2019/08/20 20:10:00",CHALLHWF,28.700001
D,DISPATCH,UNIT_SCADA,1,"2019/08/20 20:10:00",CLOVER,0
D,DISPATCH,UNIT_SCADA,1,"2019/08/20 20:10:00",CLUNY,19.202106
D,DISPATCH,UNIT_SCADA,1,"2019/08/20 20:10:00",CNUNDAWF,41.748703
D,DISPATCH,UNIT_SCADA,1,"2019/08/20 20:10:00",CULLRGWF,30.35
D,DISPATCH,UNIT_SCADA,1,"2019/08/20 20:10:00",ERGT01,0
D,DISPATCH,UNIT_SCADA,1,"2019/08/20 20:10:00",GB01,0.073112
D,DISPATCH,UNIT_SCADA,1,"2019/08/20 20:10:00",GERMCRK,34.299999
D,DISPATCH,UNIT_SCADA,1,"2019/08/20 20:10:00",GRIFSF1,0
D,DISPATCH,UNIT_SCADA,1,"2019/08/20 20:10:00",HUGSF1,-0.2040
D,DISPATCH,UNIT_SCADA,1,"2019/08/20 20:10:00",LKBONNY1,73.948151
D,DISPATCH,UNIT_SCADA,1,"2019/08/20 20:10:00",LRSF1,0.0290
D,DISPATCH,UNIT_SCADA,1,"2019/08/20 20:10:00",MBAHNTH,56.043747
D,DISPATCH,UNIT_SCADA,1,"2019/08/20 20:10:00",MLSP1,0.283001
D,DISPATCH,UNIT_SCADA,1,"2019/08/20 20:10:00",MLWF1,17.415001
D,DISPATCH,UNIT_SCADA,1,"2019/08/20 20:10:00",MTMILLAR,32.585503
D,DISPATCH,UNIT_SCADA,1,"2019/08/20 20:10:00",PALOONA,12.86
D,DISPATCH,UNIT_SCADA,1,"2019/08/20 20:10:00",PIONEER,30.300001
D,DISPATCH,UNIT_SCADA,1,"2019/08/20 20:10:00",PORTWF,137.600006
D,DISPATCH,UNIT_SCADA,1,"2019/08/20 20:10:00",REPULSE,29.133135
D,DISPATCH,UNIT_SCADA,1,"2019/08/20 20:10:00",ROWALLAN,9.9968
D,DISPATCH,UNIT_SCADA,1,"2019/08/20 20:10:00",ROYALLA1,0
D,DISPATCH,UNIT_SCADA,1,"2019/08/20 20:10:00",RPCG,10.90
D,DISPATCH,UNIT_SCADA,1,"2019/08/20 20:10:00",RUBICON,0
D,DISPATCH,UNIT_SCADA,1,"2019/08/20 20:10:00",SATGN1,0
D,DISPATCH,UNIT_SCADA,1,"2019/08/20 20:10:00",SATGS1,0
D,DISPATCH,UNIT_SCADA,1,"2019/08/20 20:10:00",STARHLWF,22.593412
D,DISPATCH,UNIT_SCADA,1,"2019/08/20 20:10:00",WAUBRAWF,139.429993
D,DISPATCH,UNIT_SCADA,1,"2019/08/20 20:10:00",WOOLNTH1,59.740021
D,DISPATCH,UNIT_SCADA,1,"2019/08/20 20:10:00",WPWF,35
D,DISPATCH,UNIT_SCADA,1,"2019/08/20 20:10:00",YAMBUKWF,29.799999
D,DISPATCH,UNIT_SCADA,1,"2019/08/20 20:10:00",YSWF1,28.40
D,DISPATCH,UNIT_SCADA,1,"2019/08/20 20:10:00",AGLHAL,0
D,DISPATCH,UNIT_SCADA,1,"2019/08/20 20:10:00",AGLSOM,80.60
D,DISPATCH,UNIT_SCADA,1,"2019/08/20 20:10:00",ANGAST1,0
D,DISPATCH,UNIT_SCADA,1,"2019/08/20 20:10:00",ARWF1,41.70
D,DISPATCH,UNIT_SCADA,1,"2019/08/20 20:10:00",BALBG1,0.13
D,DISPATCH,UNIT_SCADA,1,"2019/08/20 20:10:00",BALBL1,0
D,DISPATCH,UNIT_SCADA,1,"2019/08/20 20:10:00",BALDHWF1,103.2050
D,DISPATCH,UNIT_SCADA,1,"2019/08/20 20:10:00",BANN1,0
D,DISPATCH,UNIT_SCADA,1,"2019/08/20 20:10:00",BARCALDN,0
D,DISPATCH,UNIT_SCADA,1,"2019/08/20 20:10:00",BARRON-1,0
D,DISPATCH,UNIT_SCADA,1,"2019/08/20 20:10:00",BARRON-2,28.36
D,DISPATCH,UNIT_SCADA,1,"2019/08/20 20:10:00",BASTYAN,80.430010
D,DISPATCH,UNIT_SCADA,1,"2019/08/20 20:10:00",BBTHREE1,-1.86
D,DISPATCH,UNIT_SCADA,1,"2019/08/20 20:10:00",BBTHREE2,-1.86
D,DISPATCH,UNIT_SCADA,1,"2019/08/20 20:10:00",BBTHREE3,0
D,DISPATCH,UNIT_SCADA,1,"2019/08/20 20:10:00",BDL01,0
D,DISPATCH,UNIT_SCADA,1,"2019/08/20 20:10:00",BDL02,-0.24
D,DISPATCH,UNIT_SCADA,1,"2019/08/20 20:10:00",BERYLSF1,0
D,DISPATCH,UNIT_SCADA,1,"2019/08/20 20:10:00",BLOWERNG,0
D,DISPATCH,UNIT_SCADA,1,"2019/08/20 20:10:00",BLUFF1,42.10
D,DISPATCH,UNIT_SCADA,1,"2019/08/20 20:10:00",BNGSF1,0
D,DISPATCH,UNIT_SCADA,1,"2019/08/20 20:10:00",BNGSF2,0
D,DISPATCH,UNIT_SCADA,1,"2019/08/20 20:10:00",BOCORWF1,97.56
D,DISPATCH,UNIT_SCADA,1,"2019/08/20 20:10:00",BODWF1,69.121570
D,DISPATCH,UNIT_SCADA,1,"2019/08/20 20:10:00",BRAEMAR1,0
D,DISPATCH,UNIT_SCADA,1,"2019/08/20 20:10:00",BRAEMAR2,173
D,DISPATCH,UNIT_SCADA,1,"2019/08/20 20:10:00",BRAEMAR3,0
D,DISPATCH,UNIT_SCADA,1,"2019/08/20 20:10:00",BRAEMAR5,0
D,DISPATCH,UNIT_SCADA,1,"2019/08/20 20:10:00",BRAEMAR6,159.927470
D,DISPATCH,UNIT_SCADA,1,"2019/08/20 20:10:00",BRAEMAR7,0
D,DISPATCH,UNIT_SCADA,1,"2019/08/20 20:10:00",BROKENH1,0
D,DISPATCH,UNIT_SCADA,1,"2019/08/20 20:10:00",BW01,660.025020
D,DISPATCH,UNIT_SCADA,1,"2019/08/20 20:10:00",BW02,658.800050
D,DISPATCH,UNIT_SCADA,1,"2019/08/20 20:10:00",BW03,654.150020
D,DISPATCH,UNIT_SCADA,1,"2019/08/20 20:10:00",BW04,0
D,DISPATCH,UNIT_SCADA,1,"2019/08/20 20:10:00",CALL_B_1,349.899990
D,DISPATCH,UNIT_SCADA,1,"2019/08/20 20:10:00",CALL_B_2,300
D,DISPATCH,UNIT_SCADA,1,"2019/08/20 20:10:00",CETHANA,96.0290
D,DISPATCH,UNIT_SCADA,1,"2019/08/20 20:10:00",CG1,0
D,DISPATCH,UNIT_SCADA,1,"2019/08/20 20:10:00",CG2,0
D,DISPATCH,UNIT_SCADA,1,"2019/08/20 20:10:00",CG3,0
D,DISPATCH,UNIT_SCADA,1,"2019/08/20 20:10:00",CG4,0
D,DISPATCH,UNIT_SCADA,1,"2019/08/20 20:10:00",CHILDSF1,0
D,DISPATCH,UNIT_SCADA,1,"2019/08/20 20:10:00",CLARESF1,0
D,DISPATCH,UNIT_SCADA,1,"2019/08/20 20:10:00",CLEMGPWF,37.170070
D,DISPATCH,UNIT_SCADA,1,"2019/08/20 20:10:00",CLERMSF1,0
D,DISPATCH,UNIT_SCADA,1,"2019/08/20 20:10:00",COLEASF1,0
D,DISPATCH,UNIT_SCADA,1,"2019/08/20 20:10:00",COOPGWF1,51.831590
D,DISPATCH,UNIT_SCADA,1,"2019/08/20 20:10:00",CPP_3,403.149990
D,DISPATCH,UNIT_SCADA,1,"2019/08/20 20:10:00",CPP_4,307.725010
D,DISPATCH,UNIT_SCADA,1,"2019/08/20 20:10:00",CPSA,143.503750
D,DISPATCH,UNIT_SCADA,1,"2019/08/20 20:10:00",CROOKWF2,90.383740
D,DISPATCH,UNIT_SCADA,1,"2019/08/20 20:10:00",CROWLWF1,46.452740
D,DISPATCH,UNIT_SCADA,1,"2019/08/20 20:10:00",CSPVPS1,0
D,DISPATCH,UNIT_SCADA,1,"2019/08/20 20:10:00",DALNTH01,0
D,DISPATCH,UNIT_SCADA,1,"2019/08/20 20:10:00",DALNTHL1,0.099180
D,DISPATCH,UNIT_SCADA,1,"2019/08/20 20:10:00",DARTM1,134.30
D,DISPATCH,UNIT_SCADA,1,"2019/08/20 20:10:00",DAYDSF1,0
D,DISPATCH,UNIT_SCADA,1,"2019/08/20 20:10:00",DDPS1,474.661380
D,DISPATCH,UNIT_SCADA,1,"2019/08/20 20:10:00",DDSF1,0
D,DISPATCH,UNIT_SCADA,1,"2019/08/20 20:10:00",DEVILS_G,60.653710
D,DISPATCH,UNIT_SCADA,1,"2019/08/20 20:10:00",DG_NSW1,0
D,DISPATCH,UNIT_SCADA,1,"2019/08/20 20:10:00",DG_QLD1,0
D,DISPATCH,UNIT_SCADA,1,"2019/08/20 20:10:00",DG_SA1,0
D,DISPATCH,UNIT_SCADA,1,"2019/08/20 20:10:00",DG_TAS1,0
D,DISPATCH,UNIT_SCADA,1,"2019/08/20 20:10:00",DG_VIC1,0
D,DISPATCH,UNIT_SCADA,1,"2019/08/20 20:10:00",DRYCGT1,0
D,DISPATCH,UNIT_SCADA,1,"2019/08/20 20:10:00",DRYCGT2,0
D,DISPATCH,UNIT_SCADA,1,"2019/08/20 20:10:00",DRYCGT3,0
D,DISPATCH,UNIT_SCADA,1,"2019/08/20 20:10:00",EILDON1,0
D,DISPATCH,UNIT_SCADA,1,"2019/08/20 20:10:00",EILDON2,0
D,DISPATCH,UNIT_SCADA,1,"2019/08/20 20:10:00",EMERASF1,0
D,DISPATCH,UNIT_SCADA,1,"2019/08/20 20:10:00",ER01,595.150020
D,DISPATCH,UNIT_SCADA,1,"2019/08/20 20:10:00",ER02,699.849980
D,DISPATCH,UNIT_SCADA,1,"2019/08/20 20:10:00",ER03,699.8999
D,DISPATCH,UNIT_SCADA,1,"2019/08/20 20:10:00",ER04,699.50
D,DISPATCH,UNIT_SCADA,1,"2019/08/20 20:10:00",FINLYSF1,0
D,DISPATCH,UNIT_SCADA,1,"2019/08/20 20:10:00",FISHER,45.93
D,DISPATCH,UNIT_SCADA,1,"2019/08/20 20:10:00",GANNBG1,16.0270
D,DISPATCH,UNIT_SCADA,1,"2019/08/20 20:10:00",GANNBL1,0
D,DISPATCH,UNIT_SCADA,1,"2019/08/20 20:10:00",GANNSF1,0
D,DISPATCH,UNIT_SCADA,1,"2019/08/20 20:10:00",GORDON,1.743840
D,DISPATCH,UNIT_SCADA,1,"2019/08/20 20:10:00",GSTONE1,219.974990
D,DISPATCH,UNIT_SCADA,1,"2019/08/20 20:10:00",GSTONE2,219.80
D,DISPATCH,UNIT_SCADA,1,"2019/08/20 20:10:00",GSTONE3,227.50
D,DISPATCH,UNIT_SCADA,1,"2019/08/20 20:10:00",GSTONE4,219.099990
D,DISPATCH,UNIT_SCADA,1,"2019/08/20 20:10:00",GSTONE5,220.149990
D,DISPATCH,UNIT_SCADA,1,"2019/08/20 20:10:00",GSTONE6,0
D,DISPATCH,UNIT_SCADA,1,"2019/08/20 20:10:00",GULLRSF1,0
D,DISPATCH,UNIT_SCADA,1,"2019/08/20 20:10:00",GULLRWF1,144.348850
D,DISPATCH,UNIT_SCADA,1,"2019/08/20 20:10:00",GUNNING1,39.674590
D,DISPATCH,UNIT_SCADA,1,"2019/08/20 20:10:00",GUTHEGA,31
D,DISPATCH,UNIT_SCADA,1,"2019/08/20 20:10:00",HALLWF1,88.56
D,DISPATCH,UNIT_SCADA,1,"2019/08/20 20:10:00",HALLWF2,66.09
D,DISPATCH,UNIT_SCADA,1,"2019/08/20 20:10:00",HAMISF1,0
D,DISPATCH,UNIT_SCADA,1,"2019/08/20 20:10:00",HAUGHT11,0
D,DISPATCH,UNIT_SCADA,1,"2019/08/20 20:10:00",HAYMSF1,0
D,DISPATCH,UNIT_SCADA,1,"2019/08/20 20:10:00",HDWF1,59.40
D,DISPATCH,UNIT_SCADA,1,"2019/08/20 20:10:00",HDWF2,42
D,DISPATCH,UNIT_SCADA,1,"2019/08/20 20:10:00",HDWF3,50.30
D,DISPATCH,UNIT_SCADA,1,"2019/08/20 20:10:00",HPRG1,1
D,DISPATCH,UNIT_SCADA,1,"2019/08/20 20:10:00",HPRL1,0
D,DISPATCH,UNIT_SCADA,1,"2019/08/20 20:10:00",HUMENSW,0
D,DISPATCH,UNIT_SCADA,1,"2019/08/20 20:10:00",HUMEV,8.60
D,DISPATCH,UNIT_SCADA,1,"2019/08/20 20:10:00",HVGTS,0
D,DISPATCH,UNIT_SCADA,1,"2019/08/20 20:10:00",JBUTTERS,135.70
D,DISPATCH,UNIT_SCADA,1,"2019/08/20 20:10:00",JLA01,0.50
D,DISPATCH,UNIT_SCADA,1,"2019/08/20 20:10:00",JLA02,0
D,DISPATCH,UNIT_SCADA,1,"2019/08/20 20:10:00",JLA03,0.10
D,DISPATCH,UNIT_SCADA,1,"2019/08/20 20:10:00",JLA04,0.10
D,DISPATCH,UNIT_SCADA,1,"2019/08/20 20:10:00",JLB01,0
D,DISPATCH,UNIT_SCADA,1,"2019/08/20 20:10:00",JLB02,0.10
D,DISPATCH,UNIT_SCADA,1,"2019/08/20 20:10:00",JLB03,0
D,DISPATCH,UNIT_SCADA,1,"2019/08/20 20:10:00",KAREEYA1,21.4575
D,DISPATCH,UNIT_SCADA,1,"2019/08/20 20:10:00",KAREEYA2,21.8350
D,DISPATCH,UNIT_SCADA,1,"2019/08/20 20:10:00",KAREEYA3,0
D,DISPATCH,UNIT_SCADA,1,"2019/08/20 20:10:00",KAREEYA4,21.7775
D,DISPATCH,UNIT_SCADA,1,"2019/08/20 20:10:00",KARSF1,0
D,DISPATCH,UNIT_SCADA,1,"2019/08/20 20:10:00",KIATAWF1,30.80
D,DISPATCH,UNIT_SCADA,1,"2019/08/20 20:10:00",KPP_1,0
D,DISPATCH,UNIT_SCADA,1,"2019/08/20 20:10:00",KSP1,0
D,DISPATCH,UNIT_SCADA,1,"2019/08/20 20:10:00",LADBROK1,34.49
D,DISPATCH,UNIT_SCADA,1,"2019/08/20 20:10:00",LADBROK2,43.06
D,DISPATCH,UNIT_SCADA,1,"2019/08/20 20:10:00",LD01,423.093750
D,DISPATCH,UNIT_SCADA,1,"2019/08/20 20:10:00",LD02,419.8125
D,DISPATCH,UNIT_SCADA,1,"2019/08/20 20:10:00",LD03,420.637450
D,DISPATCH,UNIT_SCADA,1,"2019/08/20 20:10:00",LD04,378.768770
D,DISPATCH,UNIT_SCADA,1,"2019/08/20 20:10:00",LEM_WIL,85.6230
D,DISPATCH,UNIT_SCADA,1,"2019/08/20 20:10:00",LGAPWF1,32.86
D,DISPATCH,UNIT_SCADA,1,"2019/08/20 20:10:00",LILYSF1,0
D,DISPATCH,UNIT_SCADA,1,"2019/08/20 20:10:00",LI_WY_CA,149.001880
D,DISPATCH,UNIT_SCADA,1,"2019/08/20 20:10:00",LKBONNY2,152.969270
D,DISPATCH,UNIT_SCADA,1,"2019/08/20 20:10:00",LKBONNY3,37.7915
D,DISPATCH,UNIT_SCADA,1,"2019/08/20 20:10:00",LK_ECHO,0
D,DISPATCH,UNIT_SCADA,1,"2019/08/20 20:10:00",LNGS1,0
D,DISPATCH,UNIT_SCADA,1,"2019/08/20 20:10:00",LNGS2,0
D,DISPATCH,UNIT_SCADA,1,"2019/08/20 20:10:00",LONSDALE,0
D,DISPATCH,UNIT_SCADA,1,"2019/08/20 20:10:00",LOYYB1,536.088620
D,DISPATCH,UNIT_SCADA,1,"2019/08/20 20:10:00",LOYYB2,581.954410
D,DISPATCH,UNIT_SCADA,1,"2019/08/20 20:10:00",LYA1,559
D,DISPATCH,UNIT_SCADA,1,"2019/08/20 20:10:00",LYA2,0
D,DISPATCH,UNIT_SCADA,1,"2019/08/20 20:10:00",LYA3,560
D,DISPATCH,UNIT_SCADA,1,"2019/08/20 20:10:00",LYA4,540
D,DISPATCH,UNIT_SCADA,1,"2019/08/20 20:10:00",MACARTH1,383.191160
D,DISPATCH,UNIT_SCADA,1,"2019/08/20 20:10:00",MACKAYGT,0
D,DISPATCH,UNIT_SCADA,1,"2019/08/20 20:10:00",MACKNTSH,85.530010
D,DISPATCH,UNIT_SCADA,1,"2019/08/20 20:10:00",MANSLR1,0
D,DISPATCH,UNIT_SCADA,1,"2019/08/20 20:10:00",MCKAY1,0.02
D,DISPATCH,UNIT_SCADA,1,"2019/08/20 20:10:00",MEADOWBK,34.0102
D,DISPATCH,UNIT_SCADA,1,"2019/08/20 20:10:00",MERCER01,128.9290
D,DISPATCH,UNIT_SCADA,1,"2019/08/20 20:10:00",MEWF1,44.7529
D,DISPATCH,UNIT_SCADA,1,"2019/08/20 20:10:00",MINTARO,0
D,DISPATCH,UNIT_SCADA,1,"2019/08/20 20:10:00",MOREESF1,0
D,DISPATCH,UNIT_SCADA,1,"2019/08/20 20:10:00",MORTLK11,125
D,DISPATCH,UNIT_SCADA,1,"2019/08/20 20:10:00",MORTLK12,0
D,DISPATCH,UNIT_SCADA,1,"2019/08/20 20:10:00",MP1,281.25
D,DISPATCH,UNIT_SCADA,1,"2019/08/20 20:10:00",MP2,0
D,DISPATCH,UNIT_SCADA,1,"2019/08/20 20:10:00",MPP_1,405.75
D,DISPATCH,UNIT_SCADA,1,"2019/08/20 20:10:00",MPP_2,425
D,DISPATCH,UNIT_SCADA,1,"2019/08/20 20:10:00",MSTUART1,0
D,DISPATCH,UNIT_SCADA,1,"2019/08/20 20:10:00",MSTUART2,0
D,DISPATCH,UNIT_SCADA,1,"2019/08/20 20:10:00",MSTUART3,0
D,DISPATCH,UNIT_SCADA,1,"2019/08/20 20:10:00",MTGELWF1,64.435260
D,DISPATCH,UNIT_SCADA,1,"2019/08/20 20:10:00",MURRAY,0
D,DISPATCH,UNIT_SCADA,1,"2019/08/20 20:10:00",MUSSELR1,40.40
D,DISPATCH,UNIT_SCADA,1,"2019/08/20 20:10:00",MUWAWF1,48.33
D,DISPATCH,UNIT_SCADA,1,"2019/08/20 20:10:00",NBHWF1,100.80
D,DISPATCH,UNIT_SCADA,1,"2019/08/20 20:10:00",NPS,511.8750
D,DISPATCH,UNIT_SCADA,1,"2019/08/20 20:10:00",NUMURSF1,0
D,DISPATCH,UNIT_SCADA,1,"2019/08/20 20:10:00",NYNGAN1,0
D,DISPATCH,UNIT_SCADA,1,"2019/08/20 20:10:00",OAKEY1,0
D,DISPATCH,UNIT_SCADA,1,"2019/08/20 20:10:00",OAKEY1SF,0.0380
D,DISPATCH,UNIT_SCADA,1,"2019/08/20 20:10:00",OAKEY2,0
D,DISPATCH,UNIT_SCADA,1,"2019/08/20 20:10:00",OAKLAND1,53
D,DISPATCH,UNIT_SCADA,1,"2019/08/20 20:10:00",OSB-AG,183.64
D,DISPATCH,UNIT_SCADA,1,"2019/08/20 20:10:00",PARSF1,0
D,DISPATCH,UNIT_SCADA,1,"2019/08/20 20:10:00",POAT110,0
D,DISPATCH,UNIT_SCADA,1,"2019/08/20 20:10:00",POAT220,30.153840
D,DISPATCH,UNIT_SCADA,1,"2019/08/20 20:10:00",POR01,0
D,DISPATCH,UNIT_SCADA,1,"2019/08/20 20:10:00",POR03,0
D,DISPATCH,UNIT_SCADA,1,"2019/08/20 20:10:00",PPCCGT,495.682460
D,DISPATCH,UNIT_SCADA,1,"2019/08/20 20:10:00",PTSTAN1,0
D,DISPATCH,UNIT_SCADA,1,"2019/08/20 20:10:00",PUMP1,0
D,DISPATCH,UNIT_SCADA,1,"2019/08/20 20:10:00",PUMP2,0
D,DISPATCH,UNIT_SCADA,1,"2019/08/20 20:10:00",QPS1,29
D,DISPATCH,UNIT_SCADA,1,"2019/08/20 20:10:00",QPS2,0
D,DISPATCH,UNIT_SCADA,1,"2019/08/20 20:10:00",QPS3,0
D,DISPATCH,UNIT_SCADA,1,"2019/08/20 20:10:00",QPS4,0
D,DISPATCH,UNIT_SCADA,1,"2019/08/20 20:10:00",QPS5,0
D,DISPATCH,UNIT_SCADA,1,"2019/08/20 20:10:00",REECE1,117.110010
D,DISPATCH,UNIT_SCADA,1,"2019/08/20 20:10:00",REECE2,117.300010
D,DISPATCH,UNIT_SCADA,1,"2019/08/20 20:10:00",ROMA_7,0
D,DISPATCH,UNIT_SCADA,1,"2019/08/20 20:10:00",ROMA_8,0
D,DISPATCH,UNIT_SCADA,1,"2019/08/20 20:10:00",RRSF1,0
D,DISPATCH,UNIT_SCADA,1,"2019/08/20 20:10:00",RT_NSW1,0
D,DISPATCH,UNIT_SCADA,1,"2019/08/20 20:10:00",RT_NSW2,0
D,DISPATCH,UNIT_SCADA,1,"2019/08/20 20:10:00",RT_NSW3,0
D,DISPATCH,UNIT_SCADA,1,"2019/08/20 20:10:00",RT_NSW4,0
D,DISPATCH,UNIT_SCADA,1,"2019/08/20 20:10:00",RT_NSW5,0
D,DISPATCH,UNIT_SCADA,1,"2019/08/20 20:10:00",RT_NSW6,0
D,DISPATCH,UNIT_SCADA,1,"2019/08/20 20:10:00",RT_QLD1,0
D,DISPATCH,UNIT_SCADA,1,"2019/08/20 20:10:00",RT_SA1,0
D,DISPATCH,UNIT_SCADA,1,"2019/08/20 20:10:00",RT_SA2,0
D,DISPATCH,UNIT_SCADA,1,"2019/08/20 20:10:00",RT_SA3,0
D,DISPATCH,UNIT_SCADA,1,"2019/08/20 20:10:00",RT_SA4,0
D,DISPATCH,UNIT_SCADA,1,"2019/08/20 20:10:00",RT_SA5,0
D,DISPATCH,UNIT_SCADA,1,"2019/08/20 20:10:00",RT_SA6,0
D,DISPATCH,UNIT_SCADA,1,"2019/08/20 20:10:00",RT_TAS1,0
D,DISPATCH,UNIT_SCADA,1,"2019/08/20 20:10:00",RT_VIC1,0
D,DISPATCH,UNIT_SCADA,1,"2019/08/20 20:10:00",RT_VIC10,0
D,DISPATCH,UNIT_SCADA,1,"2019/08/20 20:10:00",RT_VIC11,0
D,DISPATCH,UNIT_SCADA,1,"2019/08/20 20:10:00",RT_VIC12,0
D,DISPATCH,UNIT_SCADA,1,"2019/08/20 20:10:00",RT_VIC2,0
D,DISPATCH,UNIT_SCADA,1,"2019/08/20 20:10:00",RT_VIC3,0
D,DISPATCH,UNIT_SCADA,1,"2019/08/20 20:10:00",RT_VIC4,0
D,DISPATCH,UNIT_SCADA,1,"2019/08/20 20:10:00",RT_VIC5,0
D,DISPATCH,UNIT_SCADA,1,"2019/08/20 20:10:00",RT_VIC6,0
D,DISPATCH,UNIT_SCADA,1,"2019/08/20 20:10:00",RT_VIC7,0
D,DISPATCH,UNIT_SCADA,1,"2019/08/20 20:10:00",RT_VIC8,0
D,DISPATCH,UNIT_SCADA,1,"2019/08/20 20:10:00",RT_VIC9,0
D,DISPATCH,UNIT_SCADA,1,"2019/08/20 20:10:00",RUGBYR1,0
D,DISPATCH,UNIT_SCADA,1,"2019/08/20 20:10:00",SALTCRK1,46.77
D,DISPATCH,UNIT_SCADA,1,"2019/08/20 20:10:00",SAPHWF1,123.524990
D,DISPATCH,UNIT_SCADA,1,"2019/08/20 20:10:00",SHGEN,81.037490
D,DISPATCH,UNIT_SCADA,1,"2019/08/20 20:10:00",SHPUMP,0
D,DISPATCH,UNIT_SCADA,1,"2019/08/20 20:10:00",SITHE01,0.123710
D,DISPATCH,UNIT_SCADA,1,"2019/08/20 20:10:00",SMCSF1,0
D,DISPATCH,UNIT_SCADA,1,"2019/08/20 20:10:00",SNOWNTH1,123.40
D,DISPATCH,UNIT_SCADA,1,"2019/08/20 20:10:00",SNOWSTH1,110.100010
D,DISPATCH,UNIT_SCADA,1,"2019/08/20 20:10:00",SNOWTWN1,86.685750
D,DISPATCH,UNIT_SCADA,1,"2019/08/20 20:10:00",SNOWYP,0
D,DISPATCH,UNIT_SCADA,1,"2019/08/20 20:10:00",SNUG1,0.019440
D,DISPATCH,UNIT_SCADA,1,"2019/08/20 20:10:00",SRSF1,0.07
D,DISPATCH,UNIT_SCADA,1,"2019/08/20 20:10:00",STAN-1,0
D,DISPATCH,UNIT_SCADA,1,"2019/08/20 20:10:00",STAN-2,357.155180
D,DISPATCH,UNIT_SCADA,1,"2019/08/20 20:10:00",STAN-3,361.385040
D,DISPATCH,UNIT_SCADA,1,"2019/08/20 20:10:00",STAN-4,365.332950
D,DISPATCH,UNIT_SCADA,1,"2019/08/20 20:10:00",STWF1,51.5025
D,DISPATCH,UNIT_SCADA,1,"2019/08/20 20:10:00",SWAN_E,0
D,DISPATCH,UNIT_SCADA,1,"2019/08/20 20:10:00",TALWA1,422
D,DISPATCH,UNIT_SCADA,1,"2019/08/20 20:10:00",TARALGA1,81.873750
D,DISPATCH,UNIT_SCADA,1,"2019/08/20 20:10:00",TARONG#1,349.600010
D,DISPATCH,UNIT_SCADA,1,"2019/08/20 20:10:00",TARONG#2,347.700010
D,DISPATCH,UNIT_SCADA,1,"2019/08/20 20:10:00",TARONG#3,261
D,DISPATCH,UNIT_SCADA,1,"2019/08/20 20:10:00",TARONG#4,350.100010
D,DISPATCH,UNIT_SCADA,1,"2019/08/20 20:10:00",TARRALEA,85.10
D,DISPATCH,UNIT_SCADA,1,"2019/08/20 20:10:00",TBSF1,-0.20
D,DISPATCH,UNIT_SCADA,1,"2019/08/20 20:10:00",TNPS1,441.700010
D,DISPATCH,UNIT_SCADA,1,"2019/08/20 20:10:00",TORRA1,79.663330
D,DISPATCH,UNIT_SCADA,1,"2019/08/20 20:10:00",TORRA2,0
D,DISPATCH,UNIT_SCADA,1,"2019/08/20 20:10:00",TORRA3,0
D,DISPATCH,UNIT_SCADA,1,"2019/08/20 20:10:00",TORRA4,0
D,DISPATCH,UNIT_SCADA,1,"2019/08/20 20:10:00",TORRB1,74.13
D,DISPATCH,UNIT_SCADA,1,"2019/08/20 20:10:00",TORRB2,136.929990
D,DISPATCH,UNIT_SCADA,1,"2019/08/20 20:10:00",TORRB3,0
D,DISPATCH,UNIT_SCADA,1,"2019/08/20 20:10:00",TORRB4,0
D,DISPATCH,UNIT_SCADA,1,"2019/08/20 20:10:00",TREVALLN,70.930020
D,DISPATCH,UNIT_SCADA,1,"2019/08/20 20:10:00",TRIBUTE,70.89
D,DISPATCH,UNIT_SCADA,1,"2019/08/20 20:10:00",TUMUT3,536.38
D,DISPATCH,UNIT_SCADA,1,"2019/08/20 20:10:00",TUNGATIN,129.200030
D,DISPATCH,UNIT_SCADA,1,"2019/08/20 20:10:00",TVCC201,0
D,DISPATCH,UNIT_SCADA,1,"2019/08/20 20:10:00",TVPP104,0
D,DISPATCH,UNIT_SCADA,1,"2019/08/20 20:10:00",UPPTUMUT,0
D,DISPATCH,UNIT_SCADA,1,"2019/08/20 20:10:00",URANQ11,0
D,DISPATCH,UNIT_SCADA,1,"2019/08/20 20:10:00",URANQ12,0
D,DISPATCH,UNIT_SCADA,1,"2019/08/20 20:10:00",URANQ13,0
D,DISPATCH,UNIT_SCADA,1,"2019/08/20 20:10:00",URANQ14,0
D,DISPATCH,UNIT_SCADA,1,"2019/08/20 20:10:00",VP5,604.225040
D,DISPATCH,UNIT_SCADA,1,"2019/08/20 20:10:00",VP6,523.775020
D,DISPATCH,UNIT_SCADA,1,"2019/08/20 20:10:00",VPGS1,0
D,DISPATCH,UNIT_SCADA,1,"2019/08/20 20:10:00",VPGS2,0
D,DISPATCH,UNIT_SCADA,1,"2019/08/20 20:10:00",VPGS3,0
D,DISPATCH,UNIT_SCADA,1,"2019/08/20 20:10:00",VPGS4,0
D,DISPATCH,UNIT_SCADA,1,"2019/08/20 20:10:00",VPGS5,0
D,DISPATCH,UNIT_SCADA,1,"2019/08/20 20:10:00",VPGS6,0
D,DISPATCH,UNIT_SCADA,1,"2019/08/20 20:10:00",W/HOE#1,286.509980
D,DISPATCH,UNIT_SCADA,1,"2019/08/20 20:10:00",W/HOE#2,0
D,DISPATCH,UNIT_SCADA,1,"2019/08/20 20:10:00",WATERLWF,121
D,DISPATCH,UNIT_SCADA,1,"2019/08/20 20:10:00",WEMENSF1,0
D,DISPATCH,UNIT_SCADA,1,"2019/08/20 20:10:00",WGWF1,85
D,DISPATCH,UNIT_SCADA,1,"2019/08/20 20:10:00",WHITSF1,0
D,DISPATCH,UNIT_SCADA,1,"2019/08/20 20:10:00",WKIEWA1,0
D,DISPATCH,UNIT_SCADA,1,"2019/08/20 20:10:00",WKIEWA2,0.10
D,DISPATCH,UNIT_SCADA,1,"2019/08/20 20:10:00",WOODLWN1,45.018010
D,DISPATCH,UNIT_SCADA,1,"2019/08/20 20:10:00",WRSF1,0
D,DISPATCH,UNIT_SCADA,1,"2019/08/20 20:10:00",WRWF1,131.837490
D,DISPATCH,UNIT_SCADA,1,"2019/08/20 20:10:00",YABULU,0
D,DISPATCH,UNIT_SCADA,1,"2019/08/20 20:10:00",YABULU2,0
D,DISPATCH,UNIT_SCADA,1,"2019/08/20 20:10:00",YARWUN_1,0
D,DISPATCH,UNIT_SCADA,1,"2019/08/20 20:10:00",YENDWF1,42.16
D,DISPATCH,UNIT_SCADA,1,"2019/08/20 20:10:00",YWPS1,380.200010
D,DISPATCH,UNIT_SCADA,1,"2019/08/20 20:10:00",YWPS2,278.443020
D,DISPATCH,UNIT_SCADA,1,"2019/08/20 20:10:00",YWPS3,0
D,DISPATCH,UNIT_SCADA,1,"2019/08/20 20:10:00",YWPS4,393.262020
C,"END OF REPORT",334
