C,NEMP.WORLD,DISPATCHSCADA,AEMO,PUBLIC,2019/08/20,02:10:09,0000000311768270,DISPATCHSCADA,0000000311768264
I,DISPATCH,UNIT_SCADA,1,SETTLEMENTDATE,DUID,SCADAVALUE
D,DISPATCH,UNIT_SCADA,1,"2019/08/20 02:15:00",BARCSF1,0
D,DISPATCH,UNIT_SCADA,1,"2019/08/20 02:15:00",BUTLERSG,9.799998
D,DISPATCH,UNIT_SCADA,1,"2019/08/20 02:15:00",CALL_A_4,0
D,DISPATCH,UNIT_SCADA,1,"2019/08/20 02:15:00",CAPTL_WF,126.220001
D,DISPATCH,UNIT_SCADA,1,"2019/08/20 02:15:00",CATHROCK,42.689999
D,DISPATCH,UNIT_SCADA,1,"2019/08/20 02:15:00",CHALLHWF,18.900002
D,DISPATCH,UNIT_SCADA,1,"2019/08/20 02:15:00",CLOVER,-0.01
D,DISPATCH,UNIT_SCADA,1,"2019/08/20 02:15:00",CLUNY,16.796978
D,DISPATCH,UNIT_SCADA,1,"2019/08/20 02:15:00",CNUNDAWF,37.744030
D,DISPATCH,UNIT_SCADA,1,"2019/08/20 02:15:00",CULLRGWF,29.610001
D,DISPATCH,UNIT_SCADA,1,"2019/08/20 02:15:00",ERGT01,0
D,DISPATCH,UNIT_SCADA,1,"2019/08/20 02:15:00",GB01,0.060070
D,DISPATCH,UNIT_SCADA,1,"2019/08/20 02:15:00",GERMCRK,38
D,DISPATCH,UNIT_SCADA,1,"2019/08/20 02:15:00",GRIFSF1,0
D,DISPATCH,UNIT_SCADA,1,"2019/08/20 02:15:00",HUGSF1,-0.2580
D,DISPATCH,UNIT_SCADA,1,"2019/08/20 02:15:00",LKBONNY1,72.787132
D,DISPATCH,UNIT_SCADA,1,"2019/08/20 02:15:00",LRSF1,-0.03
D,DISPATCH,UNIT_SCADA,1,"2019/08/20 02:15:00",MBAHNTH,55.237503
D,DISPATCH,UNIT_SCADA,1,"2019/08/20 02:15:00",MLSP1,0.304001
D,DISPATCH,UNIT_SCADA,1,"2019/08/20 02:15:00",MLWF1,19.17
D,DISPATCH,UNIT_SCADA,1,"2019/08/20 02:15:00",MTMILLAR,14.436144
D,DISPATCH,UNIT_SCADA,1,"2019/08/20 02:15:00",PALOONA,23.51
D,DISPATCH,UNIT_SCADA,1,"2019/08/20 02:15:00",PIONEER,9.50
D,DISPATCH,UNIT_SCADA,1,"2019/08/20 02:15:00",PORTWF,137.800003
D,DISPATCH,UNIT_SCADA,1,"2019/08/20 02:15:00",REPULSE,28.746166
D,DISPATCH,UNIT_SCADA,1,"2019/08/20 02:15:00",ROWALLAN,9.8477
D,DISPATCH,UNIT_SCADA,1,"2019/08/20 02:15:00",ROYALLA1,0
D,DISPATCH,UNIT_SCADA,1,"2019/08/20 02:15:00",RPCG,1.50
D,DISPATCH,UNIT_SCADA,1,"2019/08/20 02:15:00",RUBICON,0
D,DISPATCH,UNIT_SCADA,1,"2019/08/20 02:15:00",SATGN1,0
D,DISPATCH,UNIT_SCADA,1,"2019/08/20 02:15:00",SATGS1,0
D,DISPATCH,UNIT_SCADA,1,"2019/08/20 02:15:00",STARHLWF,18.394636
D,DISPATCH,UNIT_SCADA,1,"2019/08/20 02:15:00",WAUBRAWF,128.244995
D,DISPATCH,UNIT_SCADA,1,"2019/08/20 02:15:00",WOOLNTH1,130.030014
D,DISPATCH,UNIT_SCADA,1,"2019/08/20 02:15:00",WPWF,37
D,DISPATCH,UNIT_SCADA,1,"2019/08/20 02:15:00",YAMBUKWF,13.10
D,DISPATCH,UNIT_SCADA,1,"2019/08/20 02:15:00",YSWF1,28.700001
D,DISPATCH,UNIT_SCADA,1,"2019/08/20 02:15:00",AGLHAL,0
D,DISPATCH,UNIT_SCADA,1,"2019/08/20 02:15:00",AGLSOM,0
D,DISPATCH,UNIT_SCADA,1,"2019/08/20 02:15:00",ANGAST1,0
D,DISPATCH,UNIT_SCADA,1,"2019/08/20 02:15:00",ARWF1,22.90
D,DISPATCH,UNIT_SCADA,1,"2019/08/20 02:15:00",BALBG1,0
D,DISPATCH,UNIT_SCADA,1,"2019/08/20 02:15:00",BALBL1,0
D,DISPATCH,UNIT_SCADA,1,"2019/08/20 02:15:00",BALDHWF1,100.5420
D,DISPATCH,UNIT_SCADA,1,"2019/08/20 02:15:00",BANN1,0
D,DISPATCH,UNIT_SCADA,1,"2019/08/20 02:15:00",BARCALDN,0
D,DISPATCH,UNIT_SCADA,1,"2019/08/20 02:15:00",BARRON-1,0
D,DISPATCH,UNIT_SCADA,1,"2019/08/20 02:15:00",BARRON-2,24.64
D,DISPATCH,UNIT_SCADA,1,"2019/08/20 02:15:00",BASTYAN,80.470010
D,DISPATCH,UNIT_SCADA,1,"2019/08/20 02:15:00",BBTHREE1,0
D,DISPATCH,UNIT_SCADA,1,"2019/08/20 02:15:00",BBTHREE2,0
D,DISPATCH,UNIT_SCADA,1,"2019/08/20 02:15:00",BBTHREE3,0
D,DISPATCH,UNIT_SCADA,1,"2019/08/20 02:15:00",BDL01,0
D,DISPATCH,UNIT_SCADA,1,"2019/08/20 02:15:00",BDL02,0
D,DISPATCH,UNIT_SCADA,1,"2019/08/20 02:15:00",BERYLSF1,0
D,DISPATCH,UNIT_SCADA,1,"2019/08/20 02:15:00",BLOWERNG,0
D,DISPATCH,UNIT_SCADA,1,"2019/08/20 02:15:00",BLUFF1,32.20
D,DISPATCH,UNIT_SCADA,1,"2019/08/20 02:15:00",BNGSF1,0
D,DISPATCH,UNIT_SCADA,1,"2019/08/20 02:15:00",BNGSF2,0
D,DISPATCH,UNIT_SCADA,1,"2019/08/20 02:15:00",BOCORWF1,71.04
D,DISPATCH,UNIT_SCADA,1,"2019/08/20 02:15:00",BODWF1,41.801320
D,DISPATCH,UNIT_SCADA,1,"2019/08/20 02:15:00",BRAEMAR1,0
D,DISPATCH,UNIT_SCADA,1,"2019/08/20 02:15:00",BRAEMAR2,0
D,DISPATCH,UNIT_SCADA,1,"2019/08/20 02:15:00",BRAEMAR3,0
D,DISPATCH,UNIT_SCADA,1,"2019/08/20 02:15:00",BRAEMAR5,0
D,DISPATCH,UNIT_SCADA,1,"2019/08/20 02:15:00",BRAEMAR6,0
D,DISPATCH,UNIT_SCADA,1,"2019/08/20 02:15:00",BRAEMAR7,0
D,DISPATCH,UNIT_SCADA,1,"2019/08/20 02:15:00",BROKENH1,0
D,DISPATCH,UNIT_SCADA,1,"2019/08/20 02:15:00",BW01,474.199950
D,DISPATCH,UNIT_SCADA,1,"2019/08/20 02:15:00",BW02,508.075070
D,DISPATCH,UNIT_SCADA,1,"2019/08/20 02:15:00",BW03,590.400020
D,DISPATCH,UNIT_SCADA,1,"2019/08/20 02:15:00",BW04,0
D,DISPATCH,UNIT_SCADA,1,"2019/08/20 02:15:00",CALL_B_1,340.200010
D,DISPATCH,UNIT_SCADA,1,"2019/08/20 02:15:00",CALL_B_2,289.50
D,DISPATCH,UNIT_SCADA,1,"2019/08/20 02:15:00",CETHANA,85.071880
D,DISPATCH,UNIT_SCADA,1,"2019/08/20 02:15:00",CG1,0
D,DISPATCH,UNIT_SCADA,1,"2019/08/20 02:15:00",CG2,0
D,DISPATCH,UNIT_SCADA,1,"2019/08/20 02:15:00",CG3,0
D,DISPATCH,UNIT_SCADA,1,"2019/08/20 02:15:00",CG4,0
D,DISPATCH,UNIT_SCADA,1,"2019/08/20 02:15:00",CHILDSF1,0
D,DISPATCH,UNIT_SCADA,1,"2019/08/20 02:15:00",CLARESF1,0
D,DISPATCH,UNIT_SCADA,1,"2019/08/20 02:15:00",CLEMGPWF,12.245950
D,DISPATCH,UNIT_SCADA,1,"2019/08/20 02:15:00",CLERMSF1,0
D,DISPATCH,UNIT_SCADA,1,"2019/08/20 02:15:00",COLEASF1,0
D,DISPATCH,UNIT_SCADA,1,"2019/08/20 02:15:00",COOPGWF1,35.289170
D,DISPATCH,UNIT_SCADA,1,"2019/08/20 02:15:00",CPP_3,404.800020
D,DISPATCH,UNIT_SCADA,1,"2019/08/20 02:15:00",CPP_4,405.075010
D,DISPATCH,UNIT_SCADA,1,"2019/08/20 02:15:00",CPSA,142.3275
D,DISPATCH,UNIT_SCADA,1,"2019/08/20 02:15:00",CROOKWF2,41.133750
D,DISPATCH,UNIT_SCADA,1,"2019/08/20 02:15:00",CROWLWF1,33.500160
D,DISPATCH,UNIT_SCADA,1,"2019/08/20 02:15:00",CSPVPS1,0
D,DISPATCH,UNIT_SCADA,1,"2019/08/20 02:15:00",DALNTH01,0
D,DISPATCH,UNIT_SCADA,1,"2019/08/20 02:15:00",DALNTHL1,5.882350
D,DISPATCH,UNIT_SCADA,1,"2019/08/20 02:15:00",DARTM1,134.50
D,DISPATCH,UNIT_SCADA,1,"2019/08/20 02:15:00",DAYDSF1,0
D,DISPATCH,UNIT_SCADA,1,"2019/08/20 02:15:00",DDPS1,0
D,DISPATCH,UNIT_SCADA,1,"2019/08/20 02:15:00",DDSF1,0
D,DISPATCH,UNIT_SCADA,1,"2019/08/20 02:15:00",DEVILS_G,60.031130
D,DISPATCH,UNIT_SCADA,1,"2019/08/20 02:15:00",DG_NSW1,0
D,DISPATCH,UNIT_SCADA,1,"2019/08/20 02:15:00",DG_QLD1,0
D,DISPATCH,UNIT_SCADA,1,"2019/08/20 02:15:00",DG_SA1,0
D,DISPATCH,UNIT_SCADA,1,"2019/08/20 02:15:00",DG_TAS1,0
D,DISPATCH,UNIT_SCADA,1,"2019/08/20 02:15:00",DG_VIC1,0
D,DISPATCH,UNIT_SCADA,1,"2019/08/20 02:15:00",DRYCGT1,0
D,DISPATCH,UNIT_SCADA,1,"2019/08/20 02:15:00",DRYCGT2,0
D,DISPATCH,UNIT_SCADA,1,"2019/08/20 02:15:00",DRYCGT3,0
D,DISPATCH,UNIT_SCADA,1,"2019/08/20 02:15:00",EILDON1,0
D,DISPATCH,UNIT_SCADA,1,"2019/08/20 02:15:00",EILDON2,0
D,DISPATCH,UNIT_SCADA,1,"2019/08/20 02:15:00",EMERASF1,0
D,DISPATCH,UNIT_SCADA,1,"2019/08/20 02:15:00",ER01,362.675050
D,DISPATCH,UNIT_SCADA,1,"2019/08/20 02:15:00",ER02,490.25
D,DISPATCH,UNIT_SCADA,1,"2019/08/20 02:15:00",ER03,458.8750
D,DISPATCH,UNIT_SCADA,1,"2019/08/20 02:15:00",ER04,461.400020
D,DISPATCH,UNIT_SCADA,1,"2019/08/20 02:15:00",FINLYSF1,0
D,DISPATCH,UNIT_SCADA,1,"2019/08/20 02:15:00",FISHER,45.80
D,DISPATCH,UNIT_SCADA,1,"2019/08/20 02:15:00",GANNBG1,0
D,DISPATCH,UNIT_SCADA,1,"2019/08/20 02:15:00",GANNBL1,10
D,DISPATCH,UNIT_SCADA,1,"2019/08/20 02:15:00",GANNSF1,0
D,DISPATCH,UNIT_SCADA,1,"2019/08/20 02:15:00",GORDON,0
D,DISPATCH,UNIT_SCADA,1,"2019/08/20 02:15:00",GSTONE1,134.05
D,DISPATCH,UNIT_SCADA,1,"2019/08/20 02:15:00",GSTONE2,138.599990
D,DISPATCH,UNIT_SCADA,1,"2019/08/20 02:15:00",GSTONE3,133.1750
D,DISPATCH,UNIT_SCADA,1,"2019/08/20 02:15:00",GSTONE4,133.8750
D,DISPATCH,UNIT_SCADA,1,"2019/08/20 02:15:00",GSTONE5,134.399990
D,DISPATCH,UNIT_SCADA,1,"2019/08/20 02:15:00",GSTONE6,0
D,DISPATCH,UNIT_SCADA,1,"2019/08/20 02:15:00",GULLRSF1,0
D,DISPATCH,UNIT_SCADA,1,"2019/08/20 02:15:00",GULLRWF1,160.036130
D,DISPATCH,UNIT_SCADA,1,"2019/08/20 02:15:00",GUNNING1,43.845850
D,DISPATCH,UNIT_SCADA,1,"2019/08/20 02:15:00",GUTHEGA,0
D,DISPATCH,UNIT_SCADA,1,"2019/08/20 02:15:00",HALLWF1,89.41
D,DISPATCH,UNIT_SCADA,1,"2019/08/20 02:15:00",HALLWF2,67.10
D,DISPATCH,UNIT_SCADA,1,"2019/08/20 02:15:00",HAMISF1,0
D,DISPATCH,UNIT_SCADA,1,"2019/08/20 02:15:00",HAUGHT11,0
D,DISPATCH,UNIT_SCADA,1,"2019/08/20 02:15:00",HAYMSF1,0
D,DISPATCH,UNIT_SCADA,1,"2019/08/20 02:15:00",HDWF1,59.50
D,DISPATCH,UNIT_SCADA,1,"2019/08/20 02:15:00",HDWF2,38.40
D,DISPATCH,UNIT_SCADA,1,"2019/08/20 02:15:00",HDWF3,48.20
D,DISPATCH,UNIT_SCADA,1,"2019/08/20 02:15:00",HPRG1,0
D,DISPATCH,UNIT_SCADA,1,"2019/08/20 02:15:00",HPRL1,23.90
D,DISPATCH,UNIT_SCADA,1,"2019/08/20 02:15:00",HUMENSW,0
D,DISPATCH,UNIT_SCADA,1,"2019/08/20 02:15:00",HUMEV,8
D,DISPATCH,UNIT_SCADA,1,"2019/08/20 02:15:00",HVGTS,0
D,DISPATCH,UNIT_SCADA,1,"2019/08/20 02:15:00",JBUTTERS,132.129990
D,DISPATCH,UNIT_SCADA,1,"2019/08/20 02:15:00",JLA01,0.50
D,DISPATCH,UNIT_SCADA,1,"2019/08/20 02:15:00",JLA02,0
D,DISPATCH,UNIT_SCADA,1,"2019/08/20 02:15:00",JLA03,0.10
D,DISPATCH,UNIT_SCADA,1,"2019/08/20 02:15:00",JLA04,0.10
D,DISPATCH,UNIT_SCADA,1,"2019/08/20 02:15:00",JLB01,0
D,DISPATCH,UNIT_SCADA,1,"2019/08/20 02:15:00",JLB02,0.10
D,DISPATCH,UNIT_SCADA,1,"2019/08/20 02:15:00",JLB03,0
D,DISPATCH,UNIT_SCADA,1,"2019/08/20 02:15:00",KAREEYA1,21.4675
D,DISPATCH,UNIT_SCADA,1,"2019/08/20 02:15:00",KAREEYA2,21.8950
D,DISPATCH,UNIT_SCADA,1,"2019/08/20 02:15:00",KAREEYA3,0
D,DISPATCH,UNIT_SCADA,1,"2019/08/20 02:15:00",KAREEYA4,21.7425
D,DISPATCH,UNIT_SCADA,1,"2019/08/20 02:15:00",KARSF1,0
D,DISPATCH,UNIT_SCADA,1,"2019/08/20 02:15:00",KIATAWF1,30.10
D,DISPATCH,UNIT_SCADA,1,"2019/08/20 02:15:00",KPP_1,0
D,DISPATCH,UNIT_SCADA,1,"2019/08/20 02:15:00",KSP1,0
D,DISPATCH,UNIT_SCADA,1,"2019/08/20 02:15:00",LADBROK1,0
D,DISPATCH,UNIT_SCADA,1,"2019/08/20 02:15:00",LADBROK2,0
D,DISPATCH,UNIT_SCADA,1,"2019/08/20 02:15:00",LD01,352.481230
D,DISPATCH,UNIT_SCADA,1,"2019/08/20 02:15:00",LD02,348.262480
D,DISPATCH,UNIT_SCADA,1,"2019/08/20 02:15:00",LD03,353.137480
D,DISPATCH,UNIT_SCADA,1,"2019/08/20 02:15:00",LD04,350.175020
D,DISPATCH,UNIT_SCADA,1,"2019/08/20 02:15:00",LEM_WIL,85.422950
D,DISPATCH,UNIT_SCADA,1,"2019/08/20 02:15:00",LGAPWF1,15.89
D,DISPATCH,UNIT_SCADA,1,"2019/08/20 02:15:00",LILYSF1,0
D,DISPATCH,UNIT_SCADA,1,"2019/08/20 02:15:00",LI_WY_CA,144.144030
D,DISPATCH,UNIT_SCADA,1,"2019/08/20 02:15:00",LKBONNY2,144.702560
D,DISPATCH,UNIT_SCADA,1,"2019/08/20 02:15:00",LKBONNY3,34.4980
D,DISPATCH,UNIT_SCADA,1,"2019/08/20 02:15:00",LK_ECHO,0
D,DISPATCH,UNIT_SCADA,1,"2019/08/20 02:15:00",LNGS1,0
D,DISPATCH,UNIT_SCADA,1,"2019/08/20 02:15:00",LNGS2,0
D,DISPATCH,UNIT_SCADA,1,"2019/08/20 02:15:00",LONSDALE,0
D,DISPATCH,UNIT_SCADA,1,"2019/08/20 02:15:00",LOYYB1,535.336730
D,DISPATCH,UNIT_SCADA,1,"2019/08/20 02:15:00",LOYYB2,582.7063
D,DISPATCH,UNIT_SCADA,1,"2019/08/20 02:15:00",LYA1,560
D,DISPATCH,UNIT_SCADA,1,"2019/08/20 02:15:00",LYA2,0
D,DISPATCH,UNIT_SCADA,1,"2019/08/20 02:15:00",LYA3,560
D,DISPATCH,UNIT_SCADA,1,"2019/08/20 02:15:00",LYA4,538
D,DISPATCH,UNIT_SCADA,1,"2019/08/20 02:15:00",MACARTH1,271.193730
D,DISPATCH,UNIT_SCADA,1,"2019/08/20 02:15:00",MACKAYGT,0
D,DISPATCH,UNIT_SCADA,1,"2019/08/20 02:15:00",MACKNTSH,85.280010
D,DISPATCH,UNIT_SCADA,1,"2019/08/20 02:15:00",MANSLR1,0
D,DISPATCH,UNIT_SCADA,1,"2019/08/20 02:15:00",MCKAY1,0.02
D,DISPATCH,UNIT_SCADA,1,"2019/08/20 02:15:00",MEADOWBK,34.0102
D,DISPATCH,UNIT_SCADA,1,"2019/08/20 02:15:00",MERCER01,123.555010
D,DISPATCH,UNIT_SCADA,1,"2019/08/20 02:15:00",MEWF1,89.128960
D,DISPATCH,UNIT_SCADA,1,"2019/08/20 02:15:00",MINTARO,0
D,DISPATCH,UNIT_SCADA,1,"2019/08/20 02:15:00",MOREESF1,0
D,DISPATCH,UNIT_SCADA,1,"2019/08/20 02:15:00",MORTLK11,126
D,DISPATCH,UNIT_SCADA,1,"2019/08/20 02:15:00",MORTLK12,0
D,DISPATCH,UNIT_SCADA,1,"2019/08/20 02:15:00",MP1,280.150020
D,DISPATCH,UNIT_SCADA,1,"2019/08/20 02:15:00",MP2,0
D,DISPATCH,UNIT_SCADA,1,"2019/08/20 02:15:00",MPP_1,425.50
D,DISPATCH,UNIT_SCADA,1,"2019/08/20 02:15:00",MPP_2,434.50
D,DISPATCH,UNIT_SCADA,1,"2019/08/20 02:15:00",MSTUART1,0
D,DISPATCH,UNIT_SCADA,1,"2019/08/20 02:15:00",MSTUART2,0
D,DISPATCH,UNIT_SCADA,1,"2019/08/20 02:15:00",MSTUART3,0
D,DISPATCH,UNIT_SCADA,1,"2019/08/20 02:15:00",MTGELWF1,65.137180
D,DISPATCH,UNIT_SCADA,1,"2019/08/20 02:15:00",MURRAY,0
D,DISPATCH,UNIT_SCADA,1,"2019/08/20 02:15:00",MUSSELR1,157.299990
D,DISPATCH,UNIT_SCADA,1,"2019/08/20 02:15:00",MUWAWF1,36.47
D,DISPATCH,UNIT_SCADA,1,"2019/08/20 02:15:00",NBHWF1,84.70
D,DISPATCH,UNIT_SCADA,1,"2019/08/20 02:15:00",NPS,0
D,DISPATCH,UNIT_SCADA,1,"2019/08/20 02:15:00",NUMURSF1,0
D,DISPATCH,UNIT_SCADA,1,"2019/08/20 02:15:00",NYNGAN1,0
D,DISPATCH,UNIT_SCADA,1,"2019/08/20 02:15:00",OAKEY1,0
D,DISPATCH,UNIT_SCADA,1,"2019/08/20 02:15:00",OAKEY1SF,0
D,DISPATCH,UNIT_SCADA,1,"2019/08/20 02:15:00",OAKEY2,0
D,DISPATCH,UNIT_SCADA,1,"2019/08/20 02:15:00",OAKLAND1,62.10
D,DISPATCH,UNIT_SCADA,1,"2019/08/20 02:15:00",OSB-AG,141.980010
D,DISPATCH,UNIT_SCADA,1,"2019/08/20 02:15:00",PARSF1,0
D,DISPATCH,UNIT_SCADA,1,"2019/08/20 02:15:00",POAT110,0
D,DISPATCH,UNIT_SCADA,1,"2019/08/20 02:15:00",POAT220,2.75
D,DISPATCH,UNIT_SCADA,1,"2019/08/20 02:15:00",POR01,0
D,DISPATCH,UNIT_SCADA,1,"2019/08/20 02:15:00",POR03,0
D,DISPATCH,UNIT_SCADA,1,"2019/08/20 02:15:00",PPCCGT,0
D,DISPATCH,UNIT_SCADA,1,"2019/08/20 02:15:00",PTSTAN1,0
D,DISPATCH,UNIT_SCADA,1,"2019/08/20 02:15:00",PUMP1,0
D,DISPATCH,UNIT_SCADA,1,"2019/08/20 02:15:00",PUMP2,0
D,DISPATCH,UNIT_SCADA,1,"2019/08/20 02:15:00",QPS1,0
D,DISPATCH,UNIT_SCADA,1,"2019/08/20 02:15:00",QPS2,0
D,DISPATCH,UNIT_SCADA,1,"2019/08/20 02:15:00",QPS3,0
D,DISPATCH,UNIT_SCADA,1,"2019/08/20 02:15:00",QPS4,0
D,DISPATCH,UNIT_SCADA,1,"2019/08/20 02:15:00",QPS5,0
D,DISPATCH,UNIT_SCADA,1,"2019/08/20 02:15:00",REECE1,114.430010
D,DISPATCH,UNIT_SCADA,1,"2019/08/20 02:15:00",REECE2,114.740010
D,DISPATCH,UNIT_SCADA,1,"2019/08/20 02:15:00",ROMA_7,0
D,DISPATCH,UNIT_SCADA,1,"2019/08/20 02:15:00",ROMA_8,0
D,DISPATCH,UNIT_SCADA,1,"2019/08/20 02:15:00",RRSF1,0
D,DISPATCH,UNIT_SCADA,1,"2019/08/20 02:15:00",RT_NSW1,0
D,DISPATCH,UNIT_SCADA,1,"2019/08/20 02:15:00",RT_NSW2,0
D,DISPATCH,UNIT_SCADA,1,"2019/08/20 02:15:00",RT_NSW3,0
D,DISPATCH,UNIT_SCADA,1,"2019/08/20 02:15:00",RT_NSW4,0
D,DISPATCH,UNIT_SCADA,1,"2019/08/20 02:15:00",RT_NSW5,0
D,DISPATCH,UNIT_SCADA,1,"2019/08/20 02:15:00",RT_NSW6,0
D,DISPATCH,UNIT_SCADA,1,"2019/08/20 02:15:00",RT_QLD1,0
D,DISPATCH,UNIT_SCADA,1,"2019/08/20 02:15:00",RT_SA1,0
D,DISPATCH,UNIT_SCADA,1,"2019/08/20 02:15:00",RT_SA2,0
D,DISPATCH,UNIT_SCADA,1,"2019/08/20 02:15:00",RT_SA3,0
D,DISPATCH,UNIT_SCADA,1,"2019/08/20 02:15:00",RT_SA4,0
D,DISPATCH,UNIT_SCADA,1,"2019/08/20 02:15:00",RT_SA5,0
D,DISPATCH,UNIT_SCADA,1,"2019/08/20 02:15:00",RT_SA6,0
D,DISPATCH,UNIT_SCADA,1,"2019/08/20 02:15:00",RT_TAS1,0
D,DISPATCH,UNIT_SCADA,1,"2019/08/20 02:15:00",RT_VIC1,0
D,DISPATCH,UNIT_SCADA,1,"2019/08/20 02:15:00",RT_VIC10,0
D,DISPATCH,UNIT_SCADA,1,"2019/08/20 02:15:00",RT_VIC11,0
D,DISPATCH,UNIT_SCADA,1,"2019/08/20 02:15:00",RT_VIC12,0
D,DISPATCH,UNIT_SCADA,1,"2019/08/20 02:15:00",RT_VIC2,0
D,DISPATCH,UNIT_SCADA,1,"2019/08/20 02:15:00",RT_VIC3,0
D,DISPATCH,UNIT_SCADA,1,"2019/08/20 02:15:00",RT_VIC4,0
D,DISPATCH,UNIT_SCADA,1,"2019/08/20 02:15:00",RT_VIC5,0
D,DISPATCH,UNIT_SCADA,1,"2019/08/20 02:15:00",RT_VIC6,0
D,DISPATCH,UNIT_SCADA,1,"2019/08/20 02:15:00",RT_VIC7,0
D,DISPATCH,UNIT_SCADA,1,"2019/08/20 02:15:00",RT_VIC8,0
D,DISPATCH,UNIT_SCADA,1,"2019/08/20 02:15:00",RT_VIC9,0
D,DISPATCH,UNIT_SCADA,1,"2019/08/20 02:15:00",RUGBYR1,0
D,DISPATCH,UNIT_SCADA,1,"2019/08/20 02:15:00",SALTCRK1,45.88
D,DISPATCH,UNIT_SCADA,1,"2019/08/20 02:15:00",SAPHWF1,217.162540
D,DISPATCH,UNIT_SCADA,1,"2019/08/20 02:15:00",SHGEN,0
D,DISPATCH,UNIT_SCADA,1,"2019/08/20 02:15:00",SHPUMP,158.951680
D,DISPATCH,UNIT_SCADA,1,"2019/08/20 02:15:00",SITHE01,0.123710
D,DISPATCH,UNIT_SCADA,1,"2019/08/20 02:15:00",SMCSF1,0
D,DISPATCH,UNIT_SCADA,1,"2019/08/20 02:15:00",SNOWNTH1,23.40
D,DISPATCH,UNIT_SCADA,1,"2019/08/20 02:15:00",SNOWSTH1,57.40
D,DISPATCH,UNIT_SCADA,1,"2019/08/20 02:15:00",SNOWTWN1,26.8441
D,DISPATCH,UNIT_SCADA,1,"2019/08/20 02:15:00",SNOWYP,191.20
D,DISPATCH,UNIT_SCADA,1,"2019/08/20 02:15:00",SNUG1,0.019440
D,DISPATCH,UNIT_SCADA,1,"2019/08/20 02:15:00",SRSF1,0
D,DISPATCH,UNIT_SCADA,1,"2019/08/20 02:15:00",STAN-1,0
D,DISPATCH,UNIT_SCADA,1,"2019/08/20 02:15:00",STAN-2,177.372710
D,DISPATCH,UNIT_SCADA,1,"2019/08/20 02:15:00",STAN-3,216.684910
D,DISPATCH,UNIT_SCADA,1,"2019/08/20 02:15:00",STAN-4,187.934590
D,DISPATCH,UNIT_SCADA,1,"2019/08/20 02:15:00",STWF1,139.781230
D,DISPATCH,UNIT_SCADA,1,"2019/08/20 02:15:00",SWAN_E,0
D,DISPATCH,UNIT_SCADA,1,"2019/08/20 02:15:00",TALWA1,300
D,DISPATCH,UNIT_SCADA,1,"2019/08/20 02:15:00",TARALGA1,103.4850
D,DISPATCH,UNIT_SCADA,1,"2019/08/20 02:15:00",TARONG#1,225.600010
D,DISPATCH,UNIT_SCADA,1,"2019/08/20 02:15:00",TARONG#2,225.900010
D,DISPATCH,UNIT_SCADA,1,"2019/08/20 02:15:00",TARONG#3,179.600010
D,DISPATCH,UNIT_SCADA,1,"2019/08/20 02:15:00",TARONG#4,224.400010
D,DISPATCH,UNIT_SCADA,1,"2019/08/20 02:15:00",TARRALEA,79
D,DISPATCH,UNIT_SCADA,1,"2019/08/20 02:15:00",TBSF1,-0.20
D,DISPATCH,UNIT_SCADA,1,"2019/08/20 02:15:00",TNPS1,299.50
D,DISPATCH,UNIT_SCADA,1,"2019/08/20 02:15:00",TORRA1,37.169990
D,DISPATCH,UNIT_SCADA,1,"2019/08/20 02:15:00",TORRA2,0
D,DISPATCH,UNIT_SCADA,1,"2019/08/20 02:15:00",TORRA3,38.146620
D,DISPATCH,UNIT_SCADA,1,"2019/08/20 02:15:00",TORRA4,0
D,DISPATCH,UNIT_SCADA,1,"2019/08/20 02:15:00",TORRB1,41.10
D,DISPATCH,UNIT_SCADA,1,"2019/08/20 02:15:00",TORRB2,40
D,DISPATCH,UNIT_SCADA,1,"2019/08/20 02:15:00",TORRB3,0
D,DISPATCH,UNIT_SCADA,1,"2019/08/20 02:15:00",TORRB4,0
D,DISPATCH,UNIT_SCADA,1,"2019/08/20 02:15:00",TREVALLN,1.90
D,DISPATCH,UNIT_SCADA,1,"2019/08/20 02:15:00",TRIBUTE,70.93
D,DISPATCH,UNIT_SCADA,1,"2019/08/20 02:15:00",TUMUT3,0
D,DISPATCH,UNIT_SCADA,1,"2019/08/20 02:15:00",TUNGATIN,1.90
D,DISPATCH,UNIT_SCADA,1,"2019/08/20 02:15:00",TVCC201,0
D,DISPATCH,UNIT_SCADA,1,"2019/08/20 02:15:00",TVPP104,0
D,DISPATCH,UNIT_SCADA,1,"2019/08/20 02:15:00",UPPTUMUT,0
D,DISPATCH,UNIT_SCADA,1,"2019/08/20 02:15:00",URANQ11,0
D,DISPATCH,UNIT_SCADA,1,"2019/08/20 02:15:00",URANQ12,0
D,DISPATCH,UNIT_SCADA,1,"2019/08/20 02:15:00",URANQ13,0
D,DISPATCH,UNIT_SCADA,1,"2019/08/20 02:15:00",URANQ14,0
D,DISPATCH,UNIT_SCADA,1,"2019/08/20 02:15:00",VP5,309.549990
D,DISPATCH,UNIT_SCADA,1,"2019/08/20 02:15:00",VP6,309.424990
D,DISPATCH,UNIT_SCADA,1,"2019/08/20 02:15:00",VPGS1,0
D,DISPATCH,UNIT_SCADA,1,"2019/08/20 02:15:00",VPGS2,0
D,DISPATCH,UNIT_SCADA,1,"2019/08/20 02:15:00",VPGS3,0
D,DISPATCH,UNIT_SCADA,1,"2019/08/20 02:15:00",VPGS4,0
D,DISPATCH,UNIT_SCADA,1,"2019/08/20 02:15:00",VPGS5,0
D,DISPATCH,UNIT_SCADA,1,"2019/08/20 02:15:00",VPGS6,0
D,DISPATCH,UNIT_SCADA,1,"2019/08/20 02:15:00",W/HOE#1,0
D,DISPATCH,UNIT_SCADA,1,"2019/08/20 02:15:00",W/HOE#2,0
D,DISPATCH,UNIT_SCADA,1,"2019/08/20 02:15:00",WATERLWF,91.10
D,DISPATCH,UNIT_SCADA,1,"2019/08/20 02:15:00",WEMENSF1,0
D,DISPATCH,UNIT_SCADA,1,"2019/08/20 02:15:00",WGWF1,76.80
D,DISPATCH,UNIT_SCADA,1,"2019/08/20 02:15:00",WHITSF1,0
D,DISPATCH,UNIT_SCADA,1,"2019/08/20 02:15:00",WKIEWA1,0
D,DISPATCH,UNIT_SCADA,1,"2019/08/20 02:15:00",WKIEWA2,15
D,DISPATCH,UNIT_SCADA,1,"2019/08/20 02:15:00",WOODLWN1,43.856990
D,DISPATCH,UNIT_SCADA,1,"2019/08/20 02:15:00",WRSF1,0
D,DISPATCH,UNIT_SCADA,1,"2019/08/20 02:15:00",WRWF1,139.052510
D,DISPATCH,UNIT_SCADA,1,"2019/08/20 02:15:00",YABULU,0
D,DISPATCH,UNIT_SCADA,1,"2019/08/20 02:15:00",YABULU2,0
D,DISPATCH,UNIT_SCADA,1,"2019/08/20 02:15:00",YARWUN_1,0
D,DISPATCH,UNIT_SCADA,1,"2019/08/20 02:15:00",YENDWF1,42.05
D,DISPATCH,UNIT_SCADA,1,"2019/08/20 02:15:00",YWPS1,380.450620
D,DISPATCH,UNIT_SCADA,1,"2019/08/20 02:15:00",YWPS2,281.450620
D,DISPATCH,UNIT_SCADA,1,"2019/08/20 02:15:00",YWPS3,0
D,DISPATCH,UNIT_SCADA,1,"2019/08/20 02:15:00",YWPS4,394.673430
C,"END OF REPORT",334
