C,NEMP.WORLD,DISPATCHSCADA,AEMO,PUBLIC,2019/08/22,02:20:11,0000000311849444,DISPATCHSCADA,0000000311849438
I,DISPATCH,UNIT_SCADA,1,SETTLEMENTDATE,DUID,SCADAVALUE
D,DISPATCH,UNIT_SCADA,1,"2019/08/22 02:25:00",BARCSF1,0.70
D,DISPATCH,UNIT_SCADA,1,"2019/08/22 02:25:00",BUTLERSG,9.699999
D,DISPATCH,UNIT_SCADA,1,"2019/08/22 02:25:00",CALL_A_4,0
D,DISPATCH,UNIT_SCADA,1,"2019/08/22 02:25:00",CAPTL_WF,127.136002
D,DISPATCH,UNIT_SCADA,1,"2019/08/22 02:25:00",CATHROCK,24.749998
D,DISPATCH,UNIT_SCADA,1,"2019/08/22 02:25:00",CHALLHWF,50.699997
D,DISPATCH,UNIT_SCADA,1,"2019/08/22 02:25:00",CLOVER,-0.01
D,DISPATCH,UNIT_SCADA,1,"2019/08/22 02:25:00",CLUNY,20.002289
D,DISPATCH,UNIT_SCADA,1,"2019/08/22 02:25:00",CNUNDAWF,39.946602
D,DISPATCH,UNIT_SCADA,1,"2019/08/22 02:25:00",CULLRGWF,28.120001
D,DISPATCH,UNIT_SCADA,1,"2019/08/22 02:25:00",ERGT01,0
D,DISPATCH,UNIT_SCADA,1,"2019/08/22 02:25:00",GB01,0.066643
D,DISPATCH,UNIT_SCADA,1,"2019/08/22 02:25:00",GERMCRK,39.200001
D,DISPATCH,UNIT_SCADA,1,"2019/08/22 02:25:00",GRIFSF1,0
D,DISPATCH,UNIT_SCADA,1,"2019/08/22 02:25:00",HUGSF1,-0.2430
D,DISPATCH,UNIT_SCADA,1,"2019/08/22 02:25:00",LKBONNY1,67.249954
D,DISPATCH,UNIT_SCADA,1,"2019/08/22 02:25:00",LRSF1,0.0390
D,DISPATCH,UNIT_SCADA,1,"2019/08/22 02:25:00",MBAHNTH,56.025009
D,DISPATCH,UNIT_SCADA,1,"2019/08/22 02:25:00",MLSP1,0.271001
D,DISPATCH,UNIT_SCADA,1,"2019/08/22 02:25:00",MLWF1,19.755001
D,DISPATCH,UNIT_SCADA,1,"2019/08/22 02:25:00",MTMILLAR,13.290182
D,DISPATCH,UNIT_SCADA,1,"2019/08/22 02:25:00",PALOONA,8.05
D,DISPATCH,UNIT_SCADA,1,"2019/08/22 02:25:00",PIONEER,47.600002
D,DISPATCH,UNIT_SCADA,1,"2019/08/22 02:25:00",PORTWF,137.800003
D,DISPATCH,UNIT_SCADA,1,"2019/08/22 02:25:00",REPULSE,0.000610
D,DISPATCH,UNIT_SCADA,1,"2019/08/22 02:25:00",ROWALLAN,10.3305
D,DISPATCH,UNIT_SCADA,1,"2019/08/22 02:25:00",ROYALLA1,0
D,DISPATCH,UNIT_SCADA,1,"2019/08/22 02:25:00",RPCG,10.80
D,DISPATCH,UNIT_SCADA,1,"2019/08/22 02:25:00",RUBICON,0
D,DISPATCH,UNIT_SCADA,1,"2019/08/22 02:25:00",SATGN1,0
D,DISPATCH,UNIT_SCADA,1,"2019/08/22 02:25:00",SATGS1,0
D,DISPATCH,UNIT_SCADA,1,"2019/08/22 02:25:00",STARHLWF,11.896531
D,DISPATCH,UNIT_SCADA,1,"2019/08/22 02:25:00",WAUBRAWF,174.985001
D,DISPATCH,UNIT_SCADA,1,"2019/08/22 02:25:00",WOOLNTH1,99.890022
D,DISPATCH,UNIT_SCADA,1,"2019/08/22 02:25:00",WPWF,41
D,DISPATCH,UNIT_SCADA,1,"2019/08/22 02:25:00",YAMBUKWF,28.10
D,DISPATCH,UNIT_SCADA,1,"2019/08/22 02:25:00",YSWF1,28.200001
D,DISPATCH,UNIT_SCADA,1,"2019/08/22 02:25:00",AGLHAL,0
D,DISPATCH,UNIT_SCADA,1,"2019/08/22 02:25:00",AGLSOM,0
D,DISPATCH,UNIT_SCADA,1,"2019/08/22 02:25:00",ANGAST1,0
D,DISPATCH,UNIT_SCADA,1,"2019/08/22 02:25:00",ARWF1,220.80
D,DISPATCH,UNIT_SCADA,1,"2019/08/22 02:25:00",BALBG1,0
D,DISPATCH,UNIT_SCADA,1,"2019/08/22 02:25:00",BALBL1,0
D,DISPATCH,UNIT_SCADA,1,"2019/08/22 02:25:00",BALDHWF1,96.531010
D,DISPATCH,UNIT_SCADA,1,"2019/08/22 02:25:00",BANN1,0
D,DISPATCH,UNIT_SCADA,1,"2019/08/22 02:25:00",BARCALDN,0
D,DISPATCH,UNIT_SCADA,1,"2019/08/22 02:25:00",BARRON-1,0
D,DISPATCH,UNIT_SCADA,1,"2019/08/22 02:25:00",BARRON-2,25
D,DISPATCH,UNIT_SCADA,1,"2019/08/22 02:25:00",BASTYAN,78.420010
D,DISPATCH,UNIT_SCADA,1,"2019/08/22 02:25:00",BBTHREE1,-1.83
D,DISPATCH,UNIT_SCADA,1,"2019/08/22 02:25:00",BBTHREE2,-1.89
D,DISPATCH,UNIT_SCADA,1,"2019/08/22 02:25:00",BBTHREE3,0
D,DISPATCH,UNIT_SCADA,1,"2019/08/22 02:25:00",BDL01,0
D,DISPATCH,UNIT_SCADA,1,"2019/08/22 02:25:00",BDL02,0
D,DISPATCH,UNIT_SCADA,1,"2019/08/22 02:25:00",BERYLSF1,0
D,DISPATCH,UNIT_SCADA,1,"2019/08/22 02:25:00",BLOWERNG,0
D,DISPATCH,UNIT_SCADA,1,"2019/08/22 02:25:00",BLUFF1,30.40
D,DISPATCH,UNIT_SCADA,1,"2019/08/22 02:25:00",BNGSF1,0
D,DISPATCH,UNIT_SCADA,1,"2019/08/22 02:25:00",BNGSF2,0
D,DISPATCH,UNIT_SCADA,1,"2019/08/22 02:25:00",BOCORWF1,89.51
D,DISPATCH,UNIT_SCADA,1,"2019/08/22 02:25:00",BODWF1,91.839860
D,DISPATCH,UNIT_SCADA,1,"2019/08/22 02:25:00",BRAEMAR1,0
D,DISPATCH,UNIT_SCADA,1,"2019/08/22 02:25:00",BRAEMAR2,0
D,DISPATCH,UNIT_SCADA,1,"2019/08/22 02:25:00",BRAEMAR3,0
D,DISPATCH,UNIT_SCADA,1,"2019/08/22 02:25:00",BRAEMAR5,0
D,DISPATCH,UNIT_SCADA,1,"2019/08/22 02:25:00",BRAEMAR6,0
D,DISPATCH,UNIT_SCADA,1,"2019/08/22 02:25:00",BRAEMAR7,0
D,DISPATCH,UNIT_SCADA,1,"2019/08/22 02:25:00",BROKENH1,0
D,DISPATCH,UNIT_SCADA,1,"2019/08/22 02:25:00",BW01,338.25
D,DISPATCH,UNIT_SCADA,1,"2019/08/22 02:25:00",BW02,545.824950
D,DISPATCH,UNIT_SCADA,1,"2019/08/22 02:25:00",BW03,456.175050
D,DISPATCH,UNIT_SCADA,1,"2019/08/22 02:25:00",BW04,0
D,DISPATCH,UNIT_SCADA,1,"2019/08/22 02:25:00",CALL_B_1,344
D,DISPATCH,UNIT_SCADA,1,"2019/08/22 02:25:00",CALL_B_2,296.800020
D,DISPATCH,UNIT_SCADA,1,"2019/08/22 02:25:00",CETHANA,98.4240
D,DISPATCH,UNIT_SCADA,1,"2019/08/22 02:25:00",CG1,0
D,DISPATCH,UNIT_SCADA,1,"2019/08/22 02:25:00",CG2,0
D,DISPATCH,UNIT_SCADA,1,"2019/08/22 02:25:00",CG3,0
D,DISPATCH,UNIT_SCADA,1,"2019/08/22 02:25:00",CG4,0
D,DISPATCH,UNIT_SCADA,1,"2019/08/22 02:25:00",CHILDSF1,0.01
D,DISPATCH,UNIT_SCADA,1,"2019/08/22 02:25:00",CLARESF1,0
D,DISPATCH,UNIT_SCADA,1,"2019/08/22 02:25:00",CLEMGPWF,11.957810
D,DISPATCH,UNIT_SCADA,1,"2019/08/22 02:25:00",CLERMSF1,0
D,DISPATCH,UNIT_SCADA,1,"2019/08/22 02:25:00",COLEASF1,0
D,DISPATCH,UNIT_SCADA,1,"2019/08/22 02:25:00",COOPGWF1,13.741020
D,DISPATCH,UNIT_SCADA,1,"2019/08/22 02:25:00",CPP_3,349.25
D,DISPATCH,UNIT_SCADA,1,"2019/08/22 02:25:00",CPP_4,347.8750
D,DISPATCH,UNIT_SCADA,1,"2019/08/22 02:25:00",CPSA,142.100620
D,DISPATCH,UNIT_SCADA,1,"2019/08/22 02:25:00",CROOKWF2,23.4250
D,DISPATCH,UNIT_SCADA,1,"2019/08/22 02:25:00",CROWLWF1,47.597570
D,DISPATCH,UNIT_SCADA,1,"2019/08/22 02:25:00",CSPVPS1,0.0430
D,DISPATCH,UNIT_SCADA,1,"2019/08/22 02:25:00",DALNTH01,0
D,DISPATCH,UNIT_SCADA,1,"2019/08/22 02:25:00",DALNTHL1,6.083770
D,DISPATCH,UNIT_SCADA,1,"2019/08/22 02:25:00",DARTM1,0
D,DISPATCH,UNIT_SCADA,1,"2019/08/22 02:25:00",DAYDSF1,0
D,DISPATCH,UNIT_SCADA,1,"2019/08/22 02:25:00",DDPS1,0
D,DISPATCH,UNIT_SCADA,1,"2019/08/22 02:25:00",DDSF1,0
D,DISPATCH,UNIT_SCADA,1,"2019/08/22 02:25:00",DEVILS_G,0
D,DISPATCH,UNIT_SCADA,1,"2019/08/22 02:25:00",DG_NSW1,0
D,DISPATCH,UNIT_SCADA,1,"2019/08/22 02:25:00",DG_QLD1,0
D,DISPATCH,UNIT_SCADA,1,"2019/08/22 02:25:00",DG_SA1,0
D,DISPATCH,UNIT_SCADA,1,"2019/08/22 02:25:00",DG_TAS1,0
D,DISPATCH,UNIT_SCADA,1,"2019/08/22 02:25:00",DG_VIC1,0
D,DISPATCH,UNIT_SCADA,1,"2019/08/22 02:25:00",DRYCGT1,0
D,DISPATCH,UNIT_SCADA,1,"2019/08/22 02:25:00",DRYCGT2,0
D,DISPATCH,UNIT_SCADA,1,"2019/08/22 02:25:00",DRYCGT3,0
D,DISPATCH,UNIT_SCADA,1,"2019/08/22 02:25:00",EILDON1,0
D,DISPATCH,UNIT_SCADA,1,"2019/08/22 02:25:00",EILDON2,0
D,DISPATCH,UNIT_SCADA,1,"2019/08/22 02:25:00",EMERASF1,0
D,DISPATCH,UNIT_SCADA,1,"2019/08/22 02:25:00",ER01,327.074950
D,DISPATCH,UNIT_SCADA,1,"2019/08/22 02:25:00",ER02,395.400020
D,DISPATCH,UNIT_SCADA,1,"2019/08/22 02:25:00",ER03,379.424930
D,DISPATCH,UNIT_SCADA,1,"2019/08/22 02:25:00",ER04,349.75
D,DISPATCH,UNIT_SCADA,1,"2019/08/22 02:25:00",FINLYSF1,0
D,DISPATCH,UNIT_SCADA,1,"2019/08/22 02:25:00",FISHER,45.92
D,DISPATCH,UNIT_SCADA,1,"2019/08/22 02:25:00",GANNBG1,0
D,DISPATCH,UNIT_SCADA,1,"2019/08/22 02:25:00",GANNBL1,10.010110
D,DISPATCH,UNIT_SCADA,1,"2019/08/22 02:25:00",GANNSF1,0
D,DISPATCH,UNIT_SCADA,1,"2019/08/22 02:25:00",GORDON,10.366160
D,DISPATCH,UNIT_SCADA,1,"2019/08/22 02:25:00",GSTONE1,130.20
D,DISPATCH,UNIT_SCADA,1,"2019/08/22 02:25:00",GSTONE2,130.3750
D,DISPATCH,UNIT_SCADA,1,"2019/08/22 02:25:00",GSTONE3,129.50
D,DISPATCH,UNIT_SCADA,1,"2019/08/22 02:25:00",GSTONE4,130.20
D,DISPATCH,UNIT_SCADA,1,"2019/08/22 02:25:00",GSTONE5,129.50
D,DISPATCH,UNIT_SCADA,1,"2019/08/22 02:25:00",GSTONE6,0
D,DISPATCH,UNIT_SCADA,1,"2019/08/22 02:25:00",GULLRSF1,0
D,DISPATCH,UNIT_SCADA,1,"2019/08/22 02:25:00",GULLRWF1,153.728490
D,DISPATCH,UNIT_SCADA,1,"2019/08/22 02:25:00",GUNNING1,46.191350
D,DISPATCH,UNIT_SCADA,1,"2019/08/22 02:25:00",GUTHEGA,0
D,DISPATCH,UNIT_SCADA,1,"2019/08/22 02:25:00",HALLWF1,66.85
D,DISPATCH,UNIT_SCADA,1,"2019/08/22 02:25:00",HALLWF2,47.46
D,DISPATCH,UNIT_SCADA,1,"2019/08/22 02:25:00",HAMISF1,0
D,DISPATCH,UNIT_SCADA,1,"2019/08/22 02:25:00",HAUGHT11,0
D,DISPATCH,UNIT_SCADA,1,"2019/08/22 02:25:00",HAYMSF1,0
D,DISPATCH,UNIT_SCADA,1,"2019/08/22 02:25:00",HDWF1,43.40
D,DISPATCH,UNIT_SCADA,1,"2019/08/22 02:25:00",HDWF2,34.40
D,DISPATCH,UNIT_SCADA,1,"2019/08/22 02:25:00",HDWF3,34.60
D,DISPATCH,UNIT_SCADA,1,"2019/08/22 02:25:00",HPRG1,0
D,DISPATCH,UNIT_SCADA,1,"2019/08/22 02:25:00",HPRL1,40
D,DISPATCH,UNIT_SCADA,1,"2019/08/22 02:25:00",HUMENSW,0
D,DISPATCH,UNIT_SCADA,1,"2019/08/22 02:25:00",HUMEV,10.30
D,DISPATCH,UNIT_SCADA,1,"2019/08/22 02:25:00",HVGTS,0
D,DISPATCH,UNIT_SCADA,1,"2019/08/22 02:25:00",JBUTTERS,14.22
D,DISPATCH,UNIT_SCADA,1,"2019/08/22 02:25:00",JLA01,0.50
D,DISPATCH,UNIT_SCADA,1,"2019/08/22 02:25:00",JLA02,0
D,DISPATCH,UNIT_SCADA,1,"2019/08/22 02:25:00",JLA03,0.10
D,DISPATCH,UNIT_SCADA,1,"2019/08/22 02:25:00",JLA04,0.10
D,DISPATCH,UNIT_SCADA,1,"2019/08/22 02:25:00",JLB01,0
D,DISPATCH,UNIT_SCADA,1,"2019/08/22 02:25:00",JLB02,0.10
D,DISPATCH,UNIT_SCADA,1,"2019/08/22 02:25:00",JLB03,0
D,DISPATCH,UNIT_SCADA,1,"2019/08/22 02:25:00",KAREEYA1,21.4775
D,DISPATCH,UNIT_SCADA,1,"2019/08/22 02:25:00",KAREEYA2,21.8250
D,DISPATCH,UNIT_SCADA,1,"2019/08/22 02:25:00",KAREEYA3,0
D,DISPATCH,UNIT_SCADA,1,"2019/08/22 02:25:00",KAREEYA4,21.6475
D,DISPATCH,UNIT_SCADA,1,"2019/08/22 02:25:00",KARSF1,0
D,DISPATCH,UNIT_SCADA,1,"2019/08/22 02:25:00",KIATAWF1,30.80
D,DISPATCH,UNIT_SCADA,1,"2019/08/22 02:25:00",KPP_1,0
D,DISPATCH,UNIT_SCADA,1,"2019/08/22 02:25:00",KSP1,0
D,DISPATCH,UNIT_SCADA,1,"2019/08/22 02:25:00",LADBROK1,0
D,DISPATCH,UNIT_SCADA,1,"2019/08/22 02:25:00",LADBROK2,0
D,DISPATCH,UNIT_SCADA,1,"2019/08/22 02:25:00",LD01,342
D,DISPATCH,UNIT_SCADA,1,"2019/08/22 02:25:00",LD02,297.093750
D,DISPATCH,UNIT_SCADA,1,"2019/08/22 02:25:00",LD03,312.675020
D,DISPATCH,UNIT_SCADA,1,"2019/08/22 02:25:00",LD04,343.706270
D,DISPATCH,UNIT_SCADA,1,"2019/08/22 02:25:00",LEM_WIL,86.1183
D,DISPATCH,UNIT_SCADA,1,"2019/08/22 02:25:00",LGAPWF1,23.83
D,DISPATCH,UNIT_SCADA,1,"2019/08/22 02:25:00",LILYSF1,0
D,DISPATCH,UNIT_SCADA,1,"2019/08/22 02:25:00",LI_WY_CA,148.562590
D,DISPATCH,UNIT_SCADA,1,"2019/08/22 02:25:00",LKBONNY2,141.007510
D,DISPATCH,UNIT_SCADA,1,"2019/08/22 02:25:00",LKBONNY3,34.832940
D,DISPATCH,UNIT_SCADA,1,"2019/08/22 02:25:00",LK_ECHO,0
D,DISPATCH,UNIT_SCADA,1,"2019/08/22 02:25:00",LNGS1,0
D,DISPATCH,UNIT_SCADA,1,"2019/08/22 02:25:00",LNGS2,0
D,DISPATCH,UNIT_SCADA,1,"2019/08/22 02:25:00",LONSDALE,0
D,DISPATCH,UNIT_SCADA,1,"2019/08/22 02:25:00",LOYYB1,536.088620
D,DISPATCH,UNIT_SCADA,1,"2019/08/22 02:25:00",LOYYB2,580.450620
D,DISPATCH,UNIT_SCADA,1,"2019/08/22 02:25:00",LYA1,511
D,DISPATCH,UNIT_SCADA,1,"2019/08/22 02:25:00",LYA2,0
D,DISPATCH,UNIT_SCADA,1,"2019/08/22 02:25:00",LYA3,511
D,DISPATCH,UNIT_SCADA,1,"2019/08/22 02:25:00",LYA4,511
D,DISPATCH,UNIT_SCADA,1,"2019/08/22 02:25:00",MACARTH1,371.491420
D,DISPATCH,UNIT_SCADA,1,"2019/08/22 02:25:00",MACKAYGT,0
D,DISPATCH,UNIT_SCADA,1,"2019/08/22 02:25:00",MACKNTSH,73.77
D,DISPATCH,UNIT_SCADA,1,"2019/08/22 02:25:00",MANSLR1,0
D,DISPATCH,UNIT_SCADA,1,"2019/08/22 02:25:00",MCKAY1,0.02
D,DISPATCH,UNIT_SCADA,1,"2019/08/22 02:25:00",MEADOWBK,33.895880
D,DISPATCH,UNIT_SCADA,1,"2019/08/22 02:25:00",MERCER01,125.259990
D,DISPATCH,UNIT_SCADA,1,"2019/08/22 02:25:00",MEWF1,75.390980
D,DISPATCH,UNIT_SCADA,1,"2019/08/22 02:25:00",MINTARO,0
D,DISPATCH,UNIT_SCADA,1,"2019/08/22 02:25:00",MOREESF1,0
D,DISPATCH,UNIT_SCADA,1,"2019/08/22 02:25:00",MORTLK11,0
D,DISPATCH,UNIT_SCADA,1,"2019/08/22 02:25:00",MORTLK12,0
D,DISPATCH,UNIT_SCADA,1,"2019/08/22 02:25:00",MP1,276.074950
D,DISPATCH,UNIT_SCADA,1,"2019/08/22 02:25:00",MP2,0
D,DISPATCH,UNIT_SCADA,1,"2019/08/22 02:25:00",MPP_1,410.50
D,DISPATCH,UNIT_SCADA,1,"2019/08/22 02:25:00",MPP_2,410.25
D,DISPATCH,UNIT_SCADA,1,"2019/08/22 02:25:00",MSTUART1,0
D,DISPATCH,UNIT_SCADA,1,"2019/08/22 02:25:00",MSTUART2,0
D,DISPATCH,UNIT_SCADA,1,"2019/08/22 02:25:00",MSTUART3,0
D,DISPATCH,UNIT_SCADA,1,"2019/08/22 02:25:00",MTGELWF1,64.746540
D,DISPATCH,UNIT_SCADA,1,"2019/08/22 02:25:00",MURRAY,0
D,DISPATCH,UNIT_SCADA,1,"2019/08/22 02:25:00",MUSSELR1,156.80
D,DISPATCH,UNIT_SCADA,1,"2019/08/22 02:25:00",MUWAWF1,56
D,DISPATCH,UNIT_SCADA,1,"2019/08/22 02:25:00",NBHWF1,72.70
D,DISPATCH,UNIT_SCADA,1,"2019/08/22 02:25:00",NPS,0
D,DISPATCH,UNIT_SCADA,1,"2019/08/22 02:25:00",NUMURSF1,0
D,DISPATCH,UNIT_SCADA,1,"2019/08/22 02:25:00",NYNGAN1,0
D,DISPATCH,UNIT_SCADA,1,"2019/08/22 02:25:00",OAKEY1,0
D,DISPATCH,UNIT_SCADA,1,"2019/08/22 02:25:00",OAKEY1SF,0
D,DISPATCH,UNIT_SCADA,1,"2019/08/22 02:25:00",OAKEY2,0
D,DISPATCH,UNIT_SCADA,1,"2019/08/22 02:25:00",OAKLAND1,61.90
D,DISPATCH,UNIT_SCADA,1,"2019/08/22 02:25:00",OSB-AG,0
D,DISPATCH,UNIT_SCADA,1,"2019/08/22 02:25:00",PARSF1,0
D,DISPATCH,UNIT_SCADA,1,"2019/08/22 02:25:00",POAT110,0
D,DISPATCH,UNIT_SCADA,1,"2019/08/22 02:25:00",POAT220,0.83
D,DISPATCH,UNIT_SCADA,1,"2019/08/22 02:25:00",POR01,0
D,DISPATCH,UNIT_SCADA,1,"2019/08/22 02:25:00",POR03,0
D,DISPATCH,UNIT_SCADA,1,"2019/08/22 02:25:00",PPCCGT,172.8811
D,DISPATCH,UNIT_SCADA,1,"2019/08/22 02:25:00",PTSTAN1,0
D,DISPATCH,UNIT_SCADA,1,"2019/08/22 02:25:00",PUMP1,0
D,DISPATCH,UNIT_SCADA,1,"2019/08/22 02:25:00",PUMP2,0
D,DISPATCH,UNIT_SCADA,1,"2019/08/22 02:25:00",QPS1,0
D,DISPATCH,UNIT_SCADA,1,"2019/08/22 02:25:00",QPS2,0
D,DISPATCH,UNIT_SCADA,1,"2019/08/22 02:25:00",QPS3,0
D,DISPATCH,UNIT_SCADA,1,"2019/08/22 02:25:00",QPS4,0
D,DISPATCH,UNIT_SCADA,1,"2019/08/22 02:25:00",QPS5,0
D,DISPATCH,UNIT_SCADA,1,"2019/08/22 02:25:00",REECE1,120.300010
D,DISPATCH,UNIT_SCADA,1,"2019/08/22 02:25:00",REECE2,118.570010
D,DISPATCH,UNIT_SCADA,1,"2019/08/22 02:25:00",ROMA_7,0
D,DISPATCH,UNIT_SCADA,1,"2019/08/22 02:25:00",ROMA_8,0
D,DISPATCH,UNIT_SCADA,1,"2019/08/22 02:25:00",RRSF1,0
D,DISPATCH,UNIT_SCADA,1,"2019/08/22 02:25:00",RT_NSW1,0
D,DISPATCH,UNIT_SCADA,1,"2019/08/22 02:25:00",RT_NSW2,0
D,DISPATCH,UNIT_SCADA,1,"2019/08/22 02:25:00",RT_NSW3,0
D,DISPATCH,UNIT_SCADA,1,"2019/08/22 02:25:00",RT_NSW4,0
D,DISPATCH,UNIT_SCADA,1,"2019/08/22 02:25:00",RT_NSW5,0
D,DISPATCH,UNIT_SCADA,1,"2019/08/22 02:25:00",RT_NSW6,0
D,DISPATCH,UNIT_SCADA,1,"2019/08/22 02:25:00",RT_QLD1,0
D,DISPATCH,UNIT_SCADA,1,"2019/08/22 02:25:00",RT_SA1,0
D,DISPATCH,UNIT_SCADA,1,"2019/08/22 02:25:00",RT_SA2,0
D,DISPATCH,UNIT_SCADA,1,"2019/08/22 02:25:00",RT_SA3,0
D,DISPATCH,UNIT_SCADA,1,"2019/08/22 02:25:00",RT_SA4,0
D,DISPATCH,UNIT_SCADA,1,"2019/08/22 02:25:00",RT_SA5,0
D,DISPATCH,UNIT_SCADA,1,"2019/08/22 02:25:00",RT_SA6,0
D,DISPATCH,UNIT_SCADA,1,"2019/08/22 02:25:00",RT_TAS1,0
D,DISPATCH,UNIT_SCADA,1,"2019/08/22 02:25:00",RT_VIC1,0
D,DISPATCH,UNIT_SCADA,1,"2019/08/22 02:25:00",RT_VIC10,0
D,DISPATCH,UNIT_SCADA,1,"2019/08/22 02:25:00",RT_VIC11,0
D,DISPATCH,UNIT_SCADA,1,"2019/08/22 02:25:00",RT_VIC12,0
D,DISPATCH,UNIT_SCADA,1,"2019/08/22 02:25:00",RT_VIC2,0
D,DISPATCH,UNIT_SCADA,1,"2019/08/22 02:25:00",RT_VIC3,0
D,DISPATCH,UNIT_SCADA,1,"2019/08/22 02:25:00",RT_VIC4,0
D,DISPATCH,UNIT_SCADA,1,"2019/08/22 02:25:00",RT_VIC5,0
D,DISPATCH,UNIT_SCADA,1,"2019/08/22 02:25:00",RT_VIC6,0
D,DISPATCH,UNIT_SCADA,1,"2019/08/22 02:25:00",RT_VIC7,0
D,DISPATCH,UNIT_SCADA,1,"2019/08/22 02:25:00",RT_VIC8,0
D,DISPATCH,UNIT_SCADA,1,"2019/08/22 02:25:00",RT_VIC9,0
D,DISPATCH,UNIT_SCADA,1,"2019/08/22 02:25:00",RUGBYR1,0
D,DISPATCH,UNIT_SCADA,1,"2019/08/22 02:25:00",SALTCRK1,52.52
D,DISPATCH,UNIT_SCADA,1,"2019/08/22 02:25:00",SAPHWF1,198.234380
D,DISPATCH,UNIT_SCADA,1,"2019/08/22 02:25:00",SHGEN,0
D,DISPATCH,UNIT_SCADA,1,"2019/08/22 02:25:00",SHPUMP,122.573440
D,DISPATCH,UNIT_SCADA,1,"2019/08/22 02:25:00",SITHE01,0.005650
D,DISPATCH,UNIT_SCADA,1,"2019/08/22 02:25:00",SMCSF1,0
D,DISPATCH,UNIT_SCADA,1,"2019/08/22 02:25:00",SNOWNTH1,77.20
D,DISPATCH,UNIT_SCADA,1,"2019/08/22 02:25:00",SNOWSTH1,51.80
D,DISPATCH,UNIT_SCADA,1,"2019/08/22 02:25:00",SNOWTWN1,52.603010
D,DISPATCH,UNIT_SCADA,1,"2019/08/22 02:25:00",SNOWYP,191.400010
D,DISPATCH,UNIT_SCADA,1,"2019/08/22 02:25:00",SNUG1,0.019440
D,DISPATCH,UNIT_SCADA,1,"2019/08/22 02:25:00",SRSF1,0.44
D,DISPATCH,UNIT_SCADA,1,"2019/08/22 02:25:00",STAN-1,0
D,DISPATCH,UNIT_SCADA,1,"2019/08/22 02:25:00",STAN-2,176.257570
D,DISPATCH,UNIT_SCADA,1,"2019/08/22 02:25:00",STAN-3,219.684280
D,DISPATCH,UNIT_SCADA,1,"2019/08/22 02:25:00",STAN-4,190.562240
D,DISPATCH,UNIT_SCADA,1,"2019/08/22 02:25:00",STWF1,185.445010
D,DISPATCH,UNIT_SCADA,1,"2019/08/22 02:25:00",SWAN_E,0
D,DISPATCH,UNIT_SCADA,1,"2019/08/22 02:25:00",TALWA1,189
D,DISPATCH,UNIT_SCADA,1,"2019/08/22 02:25:00",TARALGA1,19.136240
D,DISPATCH,UNIT_SCADA,1,"2019/08/22 02:25:00",TARONG#1,277.50
D,DISPATCH,UNIT_SCADA,1,"2019/08/22 02:25:00",TARONG#2,223.900010
D,DISPATCH,UNIT_SCADA,1,"2019/08/22 02:25:00",TARONG#3,259.899990
D,DISPATCH,UNIT_SCADA,1,"2019/08/22 02:25:00",TARONG#4,279.50
D,DISPATCH,UNIT_SCADA,1,"2019/08/22 02:25:00",TARRALEA,83.90
D,DISPATCH,UNIT_SCADA,1,"2019/08/22 02:25:00",TBSF1,-0.20
D,DISPATCH,UNIT_SCADA,1,"2019/08/22 02:25:00",TNPS1,399.400020
D,DISPATCH,UNIT_SCADA,1,"2019/08/22 02:25:00",TORRA1,42.399940
D,DISPATCH,UNIT_SCADA,1,"2019/08/22 02:25:00",TORRA2,0
D,DISPATCH,UNIT_SCADA,1,"2019/08/22 02:25:00",TORRA3,0
D,DISPATCH,UNIT_SCADA,1,"2019/08/22 02:25:00",TORRA4,0
D,DISPATCH,UNIT_SCADA,1,"2019/08/22 02:25:00",TORRB1,38.69
D,DISPATCH,UNIT_SCADA,1,"2019/08/22 02:25:00",TORRB2,40.14
D,DISPATCH,UNIT_SCADA,1,"2019/08/22 02:25:00",TORRB3,0
D,DISPATCH,UNIT_SCADA,1,"2019/08/22 02:25:00",TORRB4,0
D,DISPATCH,UNIT_SCADA,1,"2019/08/22 02:25:00",TREVALLN,1.10
D,DISPATCH,UNIT_SCADA,1,"2019/08/22 02:25:00",TRIBUTE,84.689990
D,DISPATCH,UNIT_SCADA,1,"2019/08/22 02:25:00",TUMUT3,0
D,DISPATCH,UNIT_SCADA,1,"2019/08/22 02:25:00",TUNGATIN,2.80
D,DISPATCH,UNIT_SCADA,1,"2019/08/22 02:25:00",TVCC201,0
D,DISPATCH,UNIT_SCADA,1,"2019/08/22 02:25:00",TVPP104,0
D,DISPATCH,UNIT_SCADA,1,"2019/08/22 02:25:00",UPPTUMUT,0
D,DISPATCH,UNIT_SCADA,1,"2019/08/22 02:25:00",URANQ11,0
D,DISPATCH,UNIT_SCADA,1,"2019/08/22 02:25:00",URANQ12,0
D,DISPATCH,UNIT_SCADA,1,"2019/08/22 02:25:00",URANQ13,0
D,DISPATCH,UNIT_SCADA,1,"2019/08/22 02:25:00",URANQ14,0
D,DISPATCH,UNIT_SCADA,1,"2019/08/22 02:25:00",VP5,280.1250
D,DISPATCH,UNIT_SCADA,1,"2019/08/22 02:25:00",VP6,283.100010
D,DISPATCH,UNIT_SCADA,1,"2019/08/22 02:25:00",VPGS1,0
D,DISPATCH,UNIT_SCADA,1,"2019/08/22 02:25:00",VPGS2,0
D,DISPATCH,UNIT_SCADA,1,"2019/08/22 02:25:00",VPGS3,0
D,DISPATCH,UNIT_SCADA,1,"2019/08/22 02:25:00",VPGS4,0
D,DISPATCH,UNIT_SCADA,1,"2019/08/22 02:25:00",VPGS5,0
D,DISPATCH,UNIT_SCADA,1,"2019/08/22 02:25:00",VPGS6,0
D,DISPATCH,UNIT_SCADA,1,"2019/08/22 02:25:00",W/HOE#1,0
D,DISPATCH,UNIT_SCADA,1,"2019/08/22 02:25:00",W/HOE#2,0
D,DISPATCH,UNIT_SCADA,1,"2019/08/22 02:25:00",WATERLWF,115.30
D,DISPATCH,UNIT_SCADA,1,"2019/08/22 02:25:00",WEMENSF1,0
D,DISPATCH,UNIT_SCADA,1,"2019/08/22 02:25:00",WGWF1,64.90
D,DISPATCH,UNIT_SCADA,1,"2019/08/22 02:25:00",WHITSF1,0
D,DISPATCH,UNIT_SCADA,1,"2019/08/22 02:25:00",WKIEWA1,29.90
D,DISPATCH,UNIT_SCADA,1,"2019/08/22 02:25:00",WKIEWA2,30.10
D,DISPATCH,UNIT_SCADA,1,"2019/08/22 02:25:00",WOODLWN1,44.3880
D,DISPATCH,UNIT_SCADA,1,"2019/08/22 02:25:00",WRSF1,0
D,DISPATCH,UNIT_SCADA,1,"2019/08/22 02:25:00",WRWF1,146.1125
D,DISPATCH,UNIT_SCADA,1,"2019/08/22 02:25:00",YABULU,0
D,DISPATCH,UNIT_SCADA,1,"2019/08/22 02:25:00",YABULU2,0
D,DISPATCH,UNIT_SCADA,1,"2019/08/22 02:25:00",YARWUN_1,0
D,DISPATCH,UNIT_SCADA,1,"2019/08/22 02:25:00",YENDWF1,42.56
D,DISPATCH,UNIT_SCADA,1,"2019/08/22 02:25:00",YWPS1,377.693660
D,DISPATCH,UNIT_SCADA,1,"2019/08/22 02:25:00",YWPS2,275.686070
D,DISPATCH,UNIT_SCADA,1,"2019/08/22 02:25:00",YWPS3,0
D,DISPATCH,UNIT_SCADA,1,"2019/08/22 02:25:00",YWPS4,396.084810
C,"END OF REPORT",334
