C,NEMP.WORLD,DISPATCHSCADA,AEMO,PUBLIC,2019/09/06,04:00:09,0000000312447020,DISPATCHSCADA,0000000312447014
I,DISPATCH,UNIT_SCADA,1,SETTLEMENTDATE,DUID,SCADAVALUE
D,DISPATCH,UNIT_SCADA,1,"2019/09/06 04:05:00",BARCSF1,0.30
D,DISPATCH,UNIT_SCADA,1,"2019/09/06 04:05:00",BUTLERSG,10.199999
D,DISPATCH,UNIT_SCADA,1,"2019/09/06 04:05:00",CALL_A_4,0
D,DISPATCH,UNIT_SCADA,1,"2019/09/06 04:05:00",CAPTL_WF,51.9720
D,DISPATCH,UNIT_SCADA,1,"2019/09/06 04:05:00",CATHROCK,0
D,DISPATCH,UNIT_SCADA,1,"2019/09/06 04:05:00",CHALLHWF,23.60
D,DISPATCH,UNIT_SCADA,1,"2019/09/06 04:05:00",CLOVER,-0.01
D,DISPATCH,UNIT_SCADA,1,"2019/09/06 04:05:00",CLUNY,14.282903
D,DISPATCH,UNIT_SCADA,1,"2019/09/06 04:05:00",CNUNDAWF,9.911562
D,DISPATCH,UNIT_SCADA,1,"2019/09/06 04:05:00",CULLRGWF,6.97
D,DISPATCH,UNIT_SCADA,1,"2019/09/06 04:05:00",ERGT01,0
D,DISPATCH,UNIT_SCADA,1,"2019/09/06 04:05:00",GB01,0.014961
D,DISPATCH,UNIT_SCADA,1,"2019/09/06 04:05:00",GERMCRK,34
D,DISPATCH,UNIT_SCADA,1,"2019/09/06 04:05:00",GRIFSF1,0
D,DISPATCH,UNIT_SCADA,1,"2019/09/06 04:05:00",HUGSF1,-0.2330
D,DISPATCH,UNIT_SCADA,1,"2019/09/06 04:05:00",LKBONNY1,19.915989
D,DISPATCH,UNIT_SCADA,1,"2019/09/06 04:05:00",LRSF1,-0.0010
D,DISPATCH,UNIT_SCADA,1,"2019/09/06 04:05:00",MBAHNTH,50.024994
D,DISPATCH,UNIT_SCADA,1,"2019/09/06 04:05:00",MLSP1,0
D,DISPATCH,UNIT_SCADA,1,"2019/09/06 04:05:00",MLWF1,15.120001
D,DISPATCH,UNIT_SCADA,1,"2019/09/06 04:05:00",MTMILLAR,56.025635
D,DISPATCH,UNIT_SCADA,1,"2019/09/06 04:05:00",PALOONA,25.91
D,DISPATCH,UNIT_SCADA,1,"2019/09/06 04:05:00",PIONEER,46.400002
D,DISPATCH,UNIT_SCADA,1,"2019/09/06 04:05:00",PORTWF,64.400002
D,DISPATCH,UNIT_SCADA,1,"2019/09/06 04:05:00",REPULSE,32.454720
D,DISPATCH,UNIT_SCADA,1,"2019/09/06 04:05:00",ROWALLAN,10.2453
D,DISPATCH,UNIT_SCADA,1,"2019/09/06 04:05:00",ROYALLA1,0
D,DISPATCH,UNIT_SCADA,1,"2019/09/06 04:05:00",RPCG,10.20
D,DISPATCH,UNIT_SCADA,1,"2019/09/06 04:05:00",RUBICON,0
D,DISPATCH,UNIT_SCADA,1,"2019/09/06 04:05:00",SATGN1,0
D,DISPATCH,UNIT_SCADA,1,"2019/09/06 04:05:00",SATGS1,0
D,DISPATCH,UNIT_SCADA,1,"2019/09/06 04:05:00",STARHLWF,28.791605
D,DISPATCH,UNIT_SCADA,1,"2019/09/06 04:05:00",WAUBRAWF,21.537001
D,DISPATCH,UNIT_SCADA,1,"2019/09/06 04:05:00",WOOLNTH1,115.670013
D,DISPATCH,UNIT_SCADA,1,"2019/09/06 04:05:00",WPWF,81
D,DISPATCH,UNIT_SCADA,1,"2019/09/06 04:05:00",YAMBUKWF,12.40
D,DISPATCH,UNIT_SCADA,1,"2019/09/06 04:05:00",YSWF1,-0.10
D,DISPATCH,UNIT_SCADA,1,"2019/09/06 04:05:00",AGLHAL,0
D,DISPATCH,UNIT_SCADA,1,"2019/09/06 04:05:00",AGLSOM,0
D,DISPATCH,UNIT_SCADA,1,"2019/09/06 04:05:00",ANGAST1,0
D,DISPATCH,UNIT_SCADA,1,"2019/09/06 04:05:00",ARWF1,27.60
D,DISPATCH,UNIT_SCADA,1,"2019/09/06 04:05:00",BALBG1,0
D,DISPATCH,UNIT_SCADA,1,"2019/09/06 04:05:00",BALBL1,0
D,DISPATCH,UNIT_SCADA,1,"2019/09/06 04:05:00",BALDHWF1,71.1260
D,DISPATCH,UNIT_SCADA,1,"2019/09/06 04:05:00",BANN1,0
D,DISPATCH,UNIT_SCADA,1,"2019/09/06 04:05:00",BARCALDN,0
D,DISPATCH,UNIT_SCADA,1,"2019/09/06 04:05:00",BARRON-1,0
D,DISPATCH,UNIT_SCADA,1,"2019/09/06 04:05:00",BARRON-2,0
D,DISPATCH,UNIT_SCADA,1,"2019/09/06 04:05:00",BASTYAN,80.860010
D,DISPATCH,UNIT_SCADA,1,"2019/09/06 04:05:00",BBTHREE1,0
D,DISPATCH,UNIT_SCADA,1,"2019/09/06 04:05:00",BBTHREE2,0
D,DISPATCH,UNIT_SCADA,1,"2019/09/06 04:05:00",BBTHREE3,0
D,DISPATCH,UNIT_SCADA,1,"2019/09/06 04:05:00",BDL01,0
D,DISPATCH,UNIT_SCADA,1,"2019/09/06 04:05:00",BDL02,0
D,DISPATCH,UNIT_SCADA,1,"2019/09/06 04:05:00",BERYLSF1,0
D,DISPATCH,UNIT_SCADA,1,"2019/09/06 04:05:00",BLOWERNG,15.30
D,DISPATCH,UNIT_SCADA,1,"2019/09/06 04:05:00",BLUFF1,52.80
D,DISPATCH,UNIT_SCADA,1,"2019/09/06 04:05:00",BNGSF1,0
D,DISPATCH,UNIT_SCADA,1,"2019/09/06 04:05:00",BNGSF2,0
D,DISPATCH,UNIT_SCADA,1,"2019/09/06 04:05:00",BOCORWF1,75.69
D,DISPATCH,UNIT_SCADA,1,"2019/09/06 04:05:00",BODWF1,41.964210
D,DISPATCH,UNIT_SCADA,1,"2019/09/06 04:05:00",BRAEMAR1,0
D,DISPATCH,UNIT_SCADA,1,"2019/09/06 04:05:00",BRAEMAR2,0
D,DISPATCH,UNIT_SCADA,1,"2019/09/06 04:05:00",BRAEMAR3,0
D,DISPATCH,UNIT_SCADA,1,"2019/09/06 04:05:00",BRAEMAR5,0
D,DISPATCH,UNIT_SCADA,1,"2019/09/06 04:05:00",BRAEMAR6,0
D,DISPATCH,UNIT_SCADA,1,"2019/09/06 04:05:00",BRAEMAR7,0
D,DISPATCH,UNIT_SCADA,1,"2019/09/06 04:05:00",BROKENH1,0
D,DISPATCH,UNIT_SCADA,1,"2019/09/06 04:05:00",BW01,487.8750
D,DISPATCH,UNIT_SCADA,1,"2019/09/06 04:05:00",BW02,526.599980
D,DISPATCH,UNIT_SCADA,1,"2019/09/06 04:05:00",BW03,593.675050
D,DISPATCH,UNIT_SCADA,1,"2019/09/06 04:05:00",BW04,0
D,DISPATCH,UNIT_SCADA,1,"2019/09/06 04:05:00",CALL_B_1,349.300020
D,DISPATCH,UNIT_SCADA,1,"2019/09/06 04:05:00",CALL_B_2,280.100010
D,DISPATCH,UNIT_SCADA,1,"2019/09/06 04:05:00",CETHANA,97.286380
D,DISPATCH,UNIT_SCADA,1,"2019/09/06 04:05:00",CG1,0
D,DISPATCH,UNIT_SCADA,1,"2019/09/06 04:05:00",CG2,0
D,DISPATCH,UNIT_SCADA,1,"2019/09/06 04:05:00",CG3,0
D,DISPATCH,UNIT_SCADA,1,"2019/09/06 04:05:00",CG4,0
D,DISPATCH,UNIT_SCADA,1,"2019/09/06 04:05:00",CHILDSF1,0
D,DISPATCH,UNIT_SCADA,1,"2019/09/06 04:05:00",CLARESF1,0
D,DISPATCH,UNIT_SCADA,1,"2019/09/06 04:05:00",CLEMGPWF,55.538990
D,DISPATCH,UNIT_SCADA,1,"2019/09/06 04:05:00",CLERMSF1,0
D,DISPATCH,UNIT_SCADA,1,"2019/09/06 04:05:00",COLEASF1,0
D,DISPATCH,UNIT_SCADA,1,"2019/09/06 04:05:00",COOPGWF1,21.440720
D,DISPATCH,UNIT_SCADA,1,"2019/09/06 04:05:00",CPP_3,381.149990
D,DISPATCH,UNIT_SCADA,1,"2019/09/06 04:05:00",CPP_4,381.975010
D,DISPATCH,UNIT_SCADA,1,"2019/09/06 04:05:00",CPSA,142.1250
D,DISPATCH,UNIT_SCADA,1,"2019/09/06 04:05:00",CROOKWF2,74.723740
D,DISPATCH,UNIT_SCADA,1,"2019/09/06 04:05:00",CROWLWF1,22.883330
D,DISPATCH,UNIT_SCADA,1,"2019/09/06 04:05:00",CSPVPS1,0
D,DISPATCH,UNIT_SCADA,1,"2019/09/06 04:05:00",DALNTH01,0
D,DISPATCH,UNIT_SCADA,1,"2019/09/06 04:05:00",DALNTHL1,0.984210
D,DISPATCH,UNIT_SCADA,1,"2019/09/06 04:05:00",DARTM1,0
D,DISPATCH,UNIT_SCADA,1,"2019/09/06 04:05:00",DAYDSF1,0
D,DISPATCH,UNIT_SCADA,1,"2019/09/06 04:05:00",DDPS1,0
D,DISPATCH,UNIT_SCADA,1,"2019/09/06 04:05:00",DDSF1,0
D,DISPATCH,UNIT_SCADA,1,"2019/09/06 04:05:00",DEVILS_G,62.914520
D,DISPATCH,UNIT_SCADA,1,"2019/09/06 04:05:00",DG_NSW1,0
D,DISPATCH,UNIT_SCADA,1,"2019/09/06 04:05:00",DG_QLD1,0
D,DISPATCH,UNIT_SCADA,1,"2019/09/06 04:05:00",DG_SA1,0
D,DISPATCH,UNIT_SCADA,1,"2019/09/06 04:05:00",DG_TAS1,0
D,DISPATCH,UNIT_SCADA,1,"2019/09/06 04:05:00",DG_VIC1,0
D,DISPATCH,UNIT_SCADA,1,"2019/09/06 04:05:00",DRYCGT1,0
D,DISPATCH,UNIT_SCADA,1,"2019/09/06 04:05:00",DRYCGT2,0
D,DISPATCH,UNIT_SCADA,1,"2019/09/06 04:05:00",DRYCGT3,0
D,DISPATCH,UNIT_SCADA,1,"2019/09/06 04:05:00",EILDON1,0
D,DISPATCH,UNIT_SCADA,1,"2019/09/06 04:05:00",EILDON2,0
D,DISPATCH,UNIT_SCADA,1,"2019/09/06 04:05:00",EMERASF1,0
D,DISPATCH,UNIT_SCADA,1,"2019/09/06 04:05:00",ER01,450.25
D,DISPATCH,UNIT_SCADA,1,"2019/09/06 04:05:00",ER02,450
D,DISPATCH,UNIT_SCADA,1,"2019/09/06 04:05:00",ER03,0
D,DISPATCH,UNIT_SCADA,1,"2019/09/06 04:05:00",ER04,450.300050
D,DISPATCH,UNIT_SCADA,1,"2019/09/06 04:05:00",FINLYSF1,0
D,DISPATCH,UNIT_SCADA,1,"2019/09/06 04:05:00",FISHER,43.96
D,DISPATCH,UNIT_SCADA,1,"2019/09/06 04:05:00",GANNBG1,0
D,DISPATCH,UNIT_SCADA,1,"2019/09/06 04:05:00",GANNBL1,10.008080
D,DISPATCH,UNIT_SCADA,1,"2019/09/06 04:05:00",GANNSF1,0
D,DISPATCH,UNIT_SCADA,1,"2019/09/06 04:05:00",GORDON,20.247920
D,DISPATCH,UNIT_SCADA,1,"2019/09/06 04:05:00",GSTONE1,129.849990
D,DISPATCH,UNIT_SCADA,1,"2019/09/06 04:05:00",GSTONE2,109.7250
D,DISPATCH,UNIT_SCADA,1,"2019/09/06 04:05:00",GSTONE3,0
D,DISPATCH,UNIT_SCADA,1,"2019/09/06 04:05:00",GSTONE4,130.3750
D,DISPATCH,UNIT_SCADA,1,"2019/09/06 04:05:00",GSTONE5,130.024990
D,DISPATCH,UNIT_SCADA,1,"2019/09/06 04:05:00",GSTONE6,129.849990
D,DISPATCH,UNIT_SCADA,1,"2019/09/06 04:05:00",GULLRSF1,0
D,DISPATCH,UNIT_SCADA,1,"2019/09/06 04:05:00",GULLRWF1,55.611690
D,DISPATCH,UNIT_SCADA,1,"2019/09/06 04:05:00",GUNNING1,12.395910
D,DISPATCH,UNIT_SCADA,1,"2019/09/06 04:05:00",GUTHEGA,0
D,DISPATCH,UNIT_SCADA,1,"2019/09/06 04:05:00",HALLWF1,90.40
D,DISPATCH,UNIT_SCADA,1,"2019/09/06 04:05:00",HALLWF2,68.33
D,DISPATCH,UNIT_SCADA,1,"2019/09/06 04:05:00",HAMISF1,0
D,DISPATCH,UNIT_SCADA,1,"2019/09/06 04:05:00",HAUGHT11,0
D,DISPATCH,UNIT_SCADA,1,"2019/09/06 04:05:00",HAYMSF1,0
D,DISPATCH,UNIT_SCADA,1,"2019/09/06 04:05:00",HDWF1,73.50
D,DISPATCH,UNIT_SCADA,1,"2019/09/06 04:05:00",HDWF2,53.80
D,DISPATCH,UNIT_SCADA,1,"2019/09/06 04:05:00",HDWF3,56.90
D,DISPATCH,UNIT_SCADA,1,"2019/09/06 04:05:00",HPRG1,0.40
D,DISPATCH,UNIT_SCADA,1,"2019/09/06 04:05:00",HPRL1,0
D,DISPATCH,UNIT_SCADA,1,"2019/09/06 04:05:00",HUMENSW,0
D,DISPATCH,UNIT_SCADA,1,"2019/09/06 04:05:00",HUMEV,24.10
D,DISPATCH,UNIT_SCADA,1,"2019/09/06 04:05:00",HVGTS,0
D,DISPATCH,UNIT_SCADA,1,"2019/09/06 04:05:00",JBUTTERS,0
D,DISPATCH,UNIT_SCADA,1,"2019/09/06 04:05:00",JLA01,0.10
D,DISPATCH,UNIT_SCADA,1,"2019/09/06 04:05:00",JLA02,0
D,DISPATCH,UNIT_SCADA,1,"2019/09/06 04:05:00",JLA03,0
D,DISPATCH,UNIT_SCADA,1,"2019/09/06 04:05:00",JLA04,0
D,DISPATCH,UNIT_SCADA,1,"2019/09/06 04:05:00",JLB01,0
D,DISPATCH,UNIT_SCADA,1,"2019/09/06 04:05:00",JLB02,0.10
D,DISPATCH,UNIT_SCADA,1,"2019/09/06 04:05:00",JLB03,0
D,DISPATCH,UNIT_SCADA,1,"2019/09/06 04:05:00",KAREEYA1,21.4650
D,DISPATCH,UNIT_SCADA,1,"2019/09/06 04:05:00",KAREEYA2,21.72
D,DISPATCH,UNIT_SCADA,1,"2019/09/06 04:05:00",KAREEYA3,0
D,DISPATCH,UNIT_SCADA,1,"2019/09/06 04:05:00",KAREEYA4,21.6150
D,DISPATCH,UNIT_SCADA,1,"2019/09/06 04:05:00",KARSF1,0
D,DISPATCH,UNIT_SCADA,1,"2019/09/06 04:05:00",KIATAWF1,29.40
D,DISPATCH,UNIT_SCADA,1,"2019/09/06 04:05:00",KPP_1,0
D,DISPATCH,UNIT_SCADA,1,"2019/09/06 04:05:00",KSP1,0
D,DISPATCH,UNIT_SCADA,1,"2019/09/06 04:05:00",LADBROK1,0
D,DISPATCH,UNIT_SCADA,1,"2019/09/06 04:05:00",LADBROK2,0
D,DISPATCH,UNIT_SCADA,1,"2019/09/06 04:05:00",LD01,347.4375
D,DISPATCH,UNIT_SCADA,1,"2019/09/06 04:05:00",LD02,320.943790
D,DISPATCH,UNIT_SCADA,1,"2019/09/06 04:05:00",LD03,349.574980
D,DISPATCH,UNIT_SCADA,1,"2019/09/06 04:05:00",LD04,350.906250
D,DISPATCH,UNIT_SCADA,1,"2019/09/06 04:05:00",LEM_WIL,84.9134
D,DISPATCH,UNIT_SCADA,1,"2019/09/06 04:05:00",LGAPWF1,34.45
D,DISPATCH,UNIT_SCADA,1,"2019/09/06 04:05:00",LILYSF1,0
D,DISPATCH,UNIT_SCADA,1,"2019/09/06 04:05:00",LI_WY_CA,136.454770
D,DISPATCH,UNIT_SCADA,1,"2019/09/06 04:05:00",LKBONNY2,36.784030
D,DISPATCH,UNIT_SCADA,1,"2019/09/06 04:05:00",LKBONNY3,12.392490
D,DISPATCH,UNIT_SCADA,1,"2019/09/06 04:05:00",LK_ECHO,0
D,DISPATCH,UNIT_SCADA,1,"2019/09/06 04:05:00",LNGS1,0
D,DISPATCH,UNIT_SCADA,1,"2019/09/06 04:05:00",LNGS2,0
D,DISPATCH,UNIT_SCADA,1,"2019/09/06 04:05:00",LONSDALE,0
D,DISPATCH,UNIT_SCADA,1,"2019/09/06 04:05:00",LOYYB1,536.840520
D,DISPATCH,UNIT_SCADA,1,"2019/09/06 04:05:00",LOYYB2,582.7063
D,DISPATCH,UNIT_SCADA,1,"2019/09/06 04:05:00",LYA1,0
D,DISPATCH,UNIT_SCADA,1,"2019/09/06 04:05:00",LYA2,0
D,DISPATCH,UNIT_SCADA,1,"2019/09/06 04:05:00",LYA3,559
D,DISPATCH,UNIT_SCADA,1,"2019/09/06 04:05:00",LYA4,541
D,DISPATCH,UNIT_SCADA,1,"2019/09/06 04:05:00",MACARTH1,113.497380
D,DISPATCH,UNIT_SCADA,1,"2019/09/06 04:05:00",MACKAYGT,0.2240
D,DISPATCH,UNIT_SCADA,1,"2019/09/06 04:05:00",MACKNTSH,88.62
D,DISPATCH,UNIT_SCADA,1,"2019/09/06 04:05:00",MANSLR1,0
D,DISPATCH,UNIT_SCADA,1,"2019/09/06 04:05:00",MCKAY1,-0.0350
D,DISPATCH,UNIT_SCADA,1,"2019/09/06 04:05:00",MEADOWBK,33.981620
D,DISPATCH,UNIT_SCADA,1,"2019/09/06 04:05:00",MERCER01,-0.1940
D,DISPATCH,UNIT_SCADA,1,"2019/09/06 04:05:00",MEWF1,41.857030
D,DISPATCH,UNIT_SCADA,1,"2019/09/06 04:05:00",MINTARO,0
D,DISPATCH,UNIT_SCADA,1,"2019/09/06 04:05:00",MOREESF1,0
D,DISPATCH,UNIT_SCADA,1,"2019/09/06 04:05:00",MORTLK11,125
D,DISPATCH,UNIT_SCADA,1,"2019/09/06 04:05:00",MORTLK12,0
D,DISPATCH,UNIT_SCADA,1,"2019/09/06 04:05:00",MP1,218.274960
D,DISPATCH,UNIT_SCADA,1,"2019/09/06 04:05:00",MP2,0
D,DISPATCH,UNIT_SCADA,1,"2019/09/06 04:05:00",MPP_1,389.50
D,DISPATCH,UNIT_SCADA,1,"2019/09/06 04:05:00",MPP_2,417.75
D,DISPATCH,UNIT_SCADA,1,"2019/09/06 04:05:00",MSTUART1,0
D,DISPATCH,UNIT_SCADA,1,"2019/09/06 04:05:00",MSTUART2,0
D,DISPATCH,UNIT_SCADA,1,"2019/09/06 04:05:00",MSTUART3,0
D,DISPATCH,UNIT_SCADA,1,"2019/09/06 04:05:00",MTGELWF1,-0.350960
D,DISPATCH,UNIT_SCADA,1,"2019/09/06 04:05:00",MURRAY,0
D,DISPATCH,UNIT_SCADA,1,"2019/09/06 04:05:00",MUSSELR1,116.899990
D,DISPATCH,UNIT_SCADA,1,"2019/09/06 04:05:00",MUWAWF1,72.16
D,DISPATCH,UNIT_SCADA,1,"2019/09/06 04:05:00",NBHWF1,119.10
D,DISPATCH,UNIT_SCADA,1,"2019/09/06 04:05:00",NPS,0
D,DISPATCH,UNIT_SCADA,1,"2019/09/06 04:05:00",NUMURSF1,0
D,DISPATCH,UNIT_SCADA,1,"2019/09/06 04:05:00",NYNGAN1,0
D,DISPATCH,UNIT_SCADA,1,"2019/09/06 04:05:00",OAKEY1,0
D,DISPATCH,UNIT_SCADA,1,"2019/09/06 04:05:00",OAKEY1SF,0
D,DISPATCH,UNIT_SCADA,1,"2019/09/06 04:05:00",OAKEY2,0
D,DISPATCH,UNIT_SCADA,1,"2019/09/06 04:05:00",OAKEY2SF,0
D,DISPATCH,UNIT_SCADA,1,"2019/09/06 04:05:00",OAKLAND1,17.40
D,DISPATCH,UNIT_SCADA,1,"2019/09/06 04:05:00",OSB-AG,0
D,DISPATCH,UNIT_SCADA,1,"2019/09/06 04:05:00",PARSF1,0
D,DISPATCH,UNIT_SCADA,1,"2019/09/06 04:05:00",POAT110,0
D,DISPATCH,UNIT_SCADA,1,"2019/09/06 04:05:00",POAT220,1.64
D,DISPATCH,UNIT_SCADA,1,"2019/09/06 04:05:00",POR01,0
D,DISPATCH,UNIT_SCADA,1,"2019/09/06 04:05:00",POR03,0
D,DISPATCH,UNIT_SCADA,1,"2019/09/06 04:05:00",PPCCGT,174.223310
D,DISPATCH,UNIT_SCADA,1,"2019/09/06 04:05:00",PTSTAN1,0
D,DISPATCH,UNIT_SCADA,1,"2019/09/06 04:05:00",PUMP1,0
D,DISPATCH,UNIT_SCADA,1,"2019/09/06 04:05:00",PUMP2,0
D,DISPATCH,UNIT_SCADA,1,"2019/09/06 04:05:00",QPS1,0
D,DISPATCH,UNIT_SCADA,1,"2019/09/06 04:05:00",QPS2,0
D,DISPATCH,UNIT_SCADA,1,"2019/09/06 04:05:00",QPS3,0
D,DISPATCH,UNIT_SCADA,1,"2019/09/06 04:05:00",QPS4,0
D,DISPATCH,UNIT_SCADA,1,"2019/09/06 04:05:00",QPS5,0
D,DISPATCH,UNIT_SCADA,1,"2019/09/06 04:05:00",REECE1,90.13
D,DISPATCH,UNIT_SCADA,1,"2019/09/06 04:05:00",REECE2,0
D,DISPATCH,UNIT_SCADA,1,"2019/09/06 04:05:00",ROMA_7,0
D,DISPATCH,UNIT_SCADA,1,"2019/09/06 04:05:00",ROMA_8,0
D,DISPATCH,UNIT_SCADA,1,"2019/09/06 04:05:00",RRSF1,0
D,DISPATCH,UNIT_SCADA,1,"2019/09/06 04:05:00",RT_NSW1,0
D,DISPATCH,UNIT_SCADA,1,"2019/09/06 04:05:00",RT_NSW2,0
D,DISPATCH,UNIT_SCADA,1,"2019/09/06 04:05:00",RT_NSW3,0
D,DISPATCH,UNIT_SCADA,1,"2019/09/06 04:05:00",RT_NSW4,0
D,DISPATCH,UNIT_SCADA,1,"2019/09/06 04:05:00",RT_NSW5,0
D,DISPATCH,UNIT_SCADA,1,"2019/09/06 04:05:00",RT_NSW6,0
D,DISPATCH,UNIT_SCADA,1,"2019/09/06 04:05:00",RT_QLD1,0
D,DISPATCH,UNIT_SCADA,1,"2019/09/06 04:05:00",RT_SA1,0
D,DISPATCH,UNIT_SCADA,1,"2019/09/06 04:05:00",RT_SA2,0
D,DISPATCH,UNIT_SCADA,1,"2019/09/06 04:05:00",RT_SA3,0
D,DISPATCH,UNIT_SCADA,1,"2019/09/06 04:05:00",RT_SA4,0
D,DISPATCH,UNIT_SCADA,1,"2019/09/06 04:05:00",RT_SA5,0
D,DISPATCH,UNIT_SCADA,1,"2019/09/06 04:05:00",RT_SA6,0
D,DISPATCH,UNIT_SCADA,1,"2019/09/06 04:05:00",RT_TAS1,0
D,DISPATCH,UNIT_SCADA,1,"2019/09/06 04:05:00",RT_VIC1,0
D,DISPATCH,UNIT_SCADA,1,"2019/09/06 04:05:00",RT_VIC10,0
D,DISPATCH,UNIT_SCADA,1,"2019/09/06 04:05:00",RT_VIC11,0
D,DISPATCH,UNIT_SCADA,1,"2019/09/06 04:05:00",RT_VIC12,0
D,DISPATCH,UNIT_SCADA,1,"2019/09/06 04:05:00",RT_VIC2,0
D,DISPATCH,UNIT_SCADA,1,"2019/09/06 04:05:00",RT_VIC3,0
D,DISPATCH,UNIT_SCADA,1,"2019/09/06 04:05:00",RT_VIC4,0
D,DISPATCH,UNIT_SCADA,1,"2019/09/06 04:05:00",RT_VIC5,0
D,DISPATCH,UNIT_SCADA,1,"2019/09/06 04:05:00",RT_VIC6,0
D,DISPATCH,UNIT_SCADA,1,"2019/09/06 04:05:00",RT_VIC7,0
D,DISPATCH,UNIT_SCADA,1,"2019/09/06 04:05:00",RT_VIC8,0
D,DISPATCH,UNIT_SCADA,1,"2019/09/06 04:05:00",RT_VIC9,0
D,DISPATCH,UNIT_SCADA,1,"2019/09/06 04:05:00",RUGBYR1,0
D,DISPATCH,UNIT_SCADA,1,"2019/09/06 04:05:00",SALTCRK1,9.40
D,DISPATCH,UNIT_SCADA,1,"2019/09/06 04:05:00",SAPHWF1,19.846890
D,DISPATCH,UNIT_SCADA,1,"2019/09/06 04:05:00",SHGEN,0
D,DISPATCH,UNIT_SCADA,1,"2019/09/06 04:05:00",SHPUMP,158.953110
D,DISPATCH,UNIT_SCADA,1,"2019/09/06 04:05:00",SITHE01,0.2041
D,DISPATCH,UNIT_SCADA,1,"2019/09/06 04:05:00",SMCSF1,0
D,DISPATCH,UNIT_SCADA,1,"2019/09/06 04:05:00",SNOWNTH1,133.70
D,DISPATCH,UNIT_SCADA,1,"2019/09/06 04:05:00",SNOWSTH1,118.60
D,DISPATCH,UNIT_SCADA,1,"2019/09/06 04:05:00",SNOWTWN1,95.5803
D,DISPATCH,UNIT_SCADA,1,"2019/09/06 04:05:00",SNOWYP,0
D,DISPATCH,UNIT_SCADA,1,"2019/09/06 04:05:00",SNUG1,0.019440
D,DISPATCH,UNIT_SCADA,1,"2019/09/06 04:05:00",SRSF1,0.22
D,DISPATCH,UNIT_SCADA,1,"2019/09/06 04:05:00",STAN-1,258.368410
D,DISPATCH,UNIT_SCADA,1,"2019/09/06 04:05:00",STAN-2,250.036820
D,DISPATCH,UNIT_SCADA,1,"2019/09/06 04:05:00",STAN-3,248.165420
D,DISPATCH,UNIT_SCADA,1,"2019/09/06 04:05:00",STAN-4,249.101120
D,DISPATCH,UNIT_SCADA,1,"2019/09/06 04:05:00",STWF1,0
D,DISPATCH,UNIT_SCADA,1,"2019/09/06 04:05:00",SWAN_E,0
D,DISPATCH,UNIT_SCADA,1,"2019/09/06 04:05:00",TALWA1,191
D,DISPATCH,UNIT_SCADA,1,"2019/09/06 04:05:00",TARALGA1,29.962510
D,DISPATCH,UNIT_SCADA,1,"2019/09/06 04:05:00",TARONG#1,275.200010
D,DISPATCH,UNIT_SCADA,1,"2019/09/06 04:05:00",TARONG#2,0
D,DISPATCH,UNIT_SCADA,1,"2019/09/06 04:05:00",TARONG#3,260.200010
D,DISPATCH,UNIT_SCADA,1,"2019/09/06 04:05:00",TARONG#4,275.200010
D,DISPATCH,UNIT_SCADA,1,"2019/09/06 04:05:00",TARRALEA,74
D,DISPATCH,UNIT_SCADA,1,"2019/09/06 04:05:00",TBSF1,-0.20
D,DISPATCH,UNIT_SCADA,1,"2019/09/06 04:05:00",TNPS1,397.600010
D,DISPATCH,UNIT_SCADA,1,"2019/09/06 04:05:00",TORRA1,39.4114
D,DISPATCH,UNIT_SCADA,1,"2019/09/06 04:05:00",TORRA2,0
D,DISPATCH,UNIT_SCADA,1,"2019/09/06 04:05:00",TORRA3,0
D,DISPATCH,UNIT_SCADA,1,"2019/09/06 04:05:00",TORRA4,39.874190
D,DISPATCH,UNIT_SCADA,1,"2019/09/06 04:05:00",TORRB1,40.68
D,DISPATCH,UNIT_SCADA,1,"2019/09/06 04:05:00",TORRB2,40.53
D,DISPATCH,UNIT_SCADA,1,"2019/09/06 04:05:00",TORRB3,40.69
D,DISPATCH,UNIT_SCADA,1,"2019/09/06 04:05:00",TORRB4,0
D,DISPATCH,UNIT_SCADA,1,"2019/09/06 04:05:00",TREVALLN,17.060020
D,DISPATCH,UNIT_SCADA,1,"2019/09/06 04:05:00",TRIBUTE,0
D,DISPATCH,UNIT_SCADA,1,"2019/09/06 04:05:00",TUMUT3,0
D,DISPATCH,UNIT_SCADA,1,"2019/09/06 04:05:00",TUNGATIN,4.80
D,DISPATCH,UNIT_SCADA,1,"2019/09/06 04:05:00",TVCC201,0
D,DISPATCH,UNIT_SCADA,1,"2019/09/06 04:05:00",TVPP104,0
D,DISPATCH,UNIT_SCADA,1,"2019/09/06 04:05:00",UPPTUMUT,0
D,DISPATCH,UNIT_SCADA,1,"2019/09/06 04:05:00",URANQ11,0
D,DISPATCH,UNIT_SCADA,1,"2019/09/06 04:05:00",URANQ12,0
D,DISPATCH,UNIT_SCADA,1,"2019/09/06 04:05:00",URANQ13,0
D,DISPATCH,UNIT_SCADA,1,"2019/09/06 04:05:00",URANQ14,0
D,DISPATCH,UNIT_SCADA,1,"2019/09/06 04:05:00",VP5,431.724980
D,DISPATCH,UNIT_SCADA,1,"2019/09/06 04:05:00",VP6,0
D,DISPATCH,UNIT_SCADA,1,"2019/09/06 04:05:00",VPGS1,0
D,DISPATCH,UNIT_SCADA,1,"2019/09/06 04:05:00",VPGS2,0
D,DISPATCH,UNIT_SCADA,1,"2019/09/06 04:05:00",VPGS3,0
D,DISPATCH,UNIT_SCADA,1,"2019/09/06 04:05:00",VPGS4,0
D,DISPATCH,UNIT_SCADA,1,"2019/09/06 04:05:00",VPGS5,0
D,DISPATCH,UNIT_SCADA,1,"2019/09/06 04:05:00",VPGS6,0
D,DISPATCH,UNIT_SCADA,1,"2019/09/06 04:05:00",W/HOE#1,0
D,DISPATCH,UNIT_SCADA,1,"2019/09/06 04:05:00",W/HOE#2,0
D,DISPATCH,UNIT_SCADA,1,"2019/09/06 04:05:00",WATERLWF,124.90
D,DISPATCH,UNIT_SCADA,1,"2019/09/06 04:05:00",WEMENSF1,0
D,DISPATCH,UNIT_SCADA,1,"2019/09/06 04:05:00",WGWF1,110.20
D,DISPATCH,UNIT_SCADA,1,"2019/09/06 04:05:00",WHITSF1,0
D,DISPATCH,UNIT_SCADA,1,"2019/09/06 04:05:00",WKIEWA1,0
D,DISPATCH,UNIT_SCADA,1,"2019/09/06 04:05:00",WKIEWA2,0.10
D,DISPATCH,UNIT_SCADA,1,"2019/09/06 04:05:00",WOODLWN1,23.696990
D,DISPATCH,UNIT_SCADA,1,"2019/09/06 04:05:00",WRSF1,0
D,DISPATCH,UNIT_SCADA,1,"2019/09/06 04:05:00",WRWF1,11.698760
D,DISPATCH,UNIT_SCADA,1,"2019/09/06 04:05:00",YABULU,0
D,DISPATCH,UNIT_SCADA,1,"2019/09/06 04:05:00",YABULU2,0
D,DISPATCH,UNIT_SCADA,1,"2019/09/06 04:05:00",YARWUN_1,165.459990
D,DISPATCH,UNIT_SCADA,1,"2019/09/06 04:05:00",YENDWF1,1.53
D,DISPATCH,UNIT_SCADA,1,"2019/09/06 04:05:00",YWPS1,380.200010
D,DISPATCH,UNIT_SCADA,1,"2019/09/06 04:05:00",YWPS2,277.440520
D,DISPATCH,UNIT_SCADA,1,"2019/09/06 04:05:00",YWPS3,328.337980
D,DISPATCH,UNIT_SCADA,1,"2019/09/06 04:05:00",YWPS4,394.673430
C,"END OF REPORT",335
