C,NEMP.WORLD,DISPATCHSCADA,AEMO,PUBLIC,2019/08/23,04:20:21,0000000311893209,DISPATCHSCADA,0000000311893203
I,DISPATCH,UNIT_SCADA,1,SETTLEMENTDATE,DUID,SCADAVALUE
D,DISPATCH,UNIT_SCADA,1,"2019/08/23 04:25:00",BARCSF1,0
D,DISPATCH,UNIT_SCADA,1,"2019/08/23 04:25:00",BUTLERSG,9.699999
D,DISPATCH,UNIT_SCADA,1,"2019/08/23 04:25:00",CALL_A_4,0
D,DISPATCH,UNIT_SCADA,1,"2019/08/23 04:25:00",CAPTL_WF,0
D,DISPATCH,UNIT_SCADA,1,"2019/08/23 04:25:00",CATHROCK,51.359997
D,DISPATCH,UNIT_SCADA,1,"2019/08/23 04:25:00",CHALLHWF,0
D,DISPATCH,UNIT_SCADA,1,"2019/08/23 04:25:00",CLOVER,-0.01
D,DISPATCH,UNIT_SCADA,1,"2019/08/23 04:25:00",CLUNY,20.383154
D,DISPATCH,UNIT_SCADA,1,"2019/08/23 04:25:00",CNUNDAWF,3.103621
D,DISPATCH,UNIT_SCADA,1,"2019/08/23 04:25:00",CULLRGWF,3.83
D,DISPATCH,UNIT_SCADA,1,"2019/08/23 04:25:00",ERGT01,0
D,DISPATCH,UNIT_SCADA,1,"2019/08/23 04:25:00",GB01,0.061127
D,DISPATCH,UNIT_SCADA,1,"2019/08/23 04:25:00",GERMCRK,37.50
D,DISPATCH,UNIT_SCADA,1,"2019/08/23 04:25:00",GRIFSF1,0
D,DISPATCH,UNIT_SCADA,1,"2019/08/23 04:25:00",HUGSF1,-0.2370
D,DISPATCH,UNIT_SCADA,1,"2019/08/23 04:25:00",LKBONNY1,5.358562
D,DISPATCH,UNIT_SCADA,1,"2019/08/23 04:25:00",LRSF1,-0.0130
D,DISPATCH,UNIT_SCADA,1,"2019/08/23 04:25:00",MBAHNTH,55.631256
D,DISPATCH,UNIT_SCADA,1,"2019/08/23 04:25:00",MLSP1,0.180001
D,DISPATCH,UNIT_SCADA,1,"2019/08/23 04:25:00",MLWF1,0.6150
D,DISPATCH,UNIT_SCADA,1,"2019/08/23 04:25:00",MTMILLAR,12.553493
D,DISPATCH,UNIT_SCADA,1,"2019/08/23 04:25:00",PALOONA,30.469999
D,DISPATCH,UNIT_SCADA,1,"2019/08/23 04:25:00",PIONEER,47.50
D,DISPATCH,UNIT_SCADA,1,"2019/08/23 04:25:00",PORTWF,28.799999
D,DISPATCH,UNIT_SCADA,1,"2019/08/23 04:25:00",REPULSE,28.936598
D,DISPATCH,UNIT_SCADA,1,"2019/08/23 04:25:00",ROWALLAN,10.4370
D,DISPATCH,UNIT_SCADA,1,"2019/08/23 04:25:00",ROYALLA1,0
D,DISPATCH,UNIT_SCADA,1,"2019/08/23 04:25:00",RPCG,11.70
D,DISPATCH,UNIT_SCADA,1,"2019/08/23 04:25:00",RUBICON,0
D,DISPATCH,UNIT_SCADA,1,"2019/08/23 04:25:00",SATGN1,0
D,DISPATCH,UNIT_SCADA,1,"2019/08/23 04:25:00",SATGS1,0
D,DISPATCH,UNIT_SCADA,1,"2019/08/23 04:25:00",STARHLWF,2.699213
D,DISPATCH,UNIT_SCADA,1,"2019/08/23 04:25:00",WAUBRAWF,3.4920
D,DISPATCH,UNIT_SCADA,1,"2019/08/23 04:25:00",WOOLNTH1,22.770016
D,DISPATCH,UNIT_SCADA,1,"2019/08/23 04:25:00",WPWF,7
D,DISPATCH,UNIT_SCADA,1,"2019/08/23 04:25:00",YAMBUKWF,3.20
D,DISPATCH,UNIT_SCADA,1,"2019/08/23 04:25:00",YSWF1,0
D,DISPATCH,UNIT_SCADA,1,"2019/08/23 04:25:00",AGLHAL,0
D,DISPATCH,UNIT_SCADA,1,"2019/08/23 04:25:00",AGLSOM,0
D,DISPATCH,UNIT_SCADA,1,"2019/08/23 04:25:00",ANGAST1,0
D,DISPATCH,UNIT_SCADA,1,"2019/08/23 04:25:00",ARWF1,-0.20
D,DISPATCH,UNIT_SCADA,1,"2019/08/23 04:25:00",BALBG1,0
D,DISPATCH,UNIT_SCADA,1,"2019/08/23 04:25:00",BALBL1,6.99
D,DISPATCH,UNIT_SCADA,1,"2019/08/23 04:25:00",BALDHWF1,9.73
D,DISPATCH,UNIT_SCADA,1,"2019/08/23 04:25:00",BANN1,0
D,DISPATCH,UNIT_SCADA,1,"2019/08/23 04:25:00",BARCALDN,0
D,DISPATCH,UNIT_SCADA,1,"2019/08/23 04:25:00",BARRON-1,0
D,DISPATCH,UNIT_SCADA,1,"2019/08/23 04:25:00",BARRON-2,0
D,DISPATCH,UNIT_SCADA,1,"2019/08/23 04:25:00",BASTYAN,77.94
D,DISPATCH,UNIT_SCADA,1,"2019/08/23 04:25:00",BBTHREE1,-1.93
D,DISPATCH,UNIT_SCADA,1,"2019/08/23 04:25:00",BBTHREE2,-1.99
D,DISPATCH,UNIT_SCADA,1,"2019/08/23 04:25:00",BBTHREE3,-1.01
D,DISPATCH,UNIT_SCADA,1,"2019/08/23 04:25:00",BDL01,0
D,DISPATCH,UNIT_SCADA,1,"2019/08/23 04:25:00",BDL02,0
D,DISPATCH,UNIT_SCADA,1,"2019/08/23 04:25:00",BERYLSF1,-0.179440
D,DISPATCH,UNIT_SCADA,1,"2019/08/23 04:25:00",BLOWERNG,0
D,DISPATCH,UNIT_SCADA,1,"2019/08/23 04:25:00",BLUFF1,5.20
D,DISPATCH,UNIT_SCADA,1,"2019/08/23 04:25:00",BNGSF1,0
D,DISPATCH,UNIT_SCADA,1,"2019/08/23 04:25:00",BNGSF2,0
D,DISPATCH,UNIT_SCADA,1,"2019/08/23 04:25:00",BOCORWF1,14.65
D,DISPATCH,UNIT_SCADA,1,"2019/08/23 04:25:00",BODWF1,65.1112
D,DISPATCH,UNIT_SCADA,1,"2019/08/23 04:25:00",BRAEMAR1,0
D,DISPATCH,UNIT_SCADA,1,"2019/08/23 04:25:00",BRAEMAR2,0
D,DISPATCH,UNIT_SCADA,1,"2019/08/23 04:25:00",BRAEMAR3,0
D,DISPATCH,UNIT_SCADA,1,"2019/08/23 04:25:00",BRAEMAR5,0
D,DISPATCH,UNIT_SCADA,1,"2019/08/23 04:25:00",BRAEMAR6,0
D,DISPATCH,UNIT_SCADA,1,"2019/08/23 04:25:00",BRAEMAR7,0
D,DISPATCH,UNIT_SCADA,1,"2019/08/23 04:25:00",BROKENH1,0
D,DISPATCH,UNIT_SCADA,1,"2019/08/23 04:25:00",BW01,574.8750
D,DISPATCH,UNIT_SCADA,1,"2019/08/23 04:25:00",BW02,615.925050
D,DISPATCH,UNIT_SCADA,1,"2019/08/23 04:25:00",BW03,619.849980
D,DISPATCH,UNIT_SCADA,1,"2019/08/23 04:25:00",BW04,0
D,DISPATCH,UNIT_SCADA,1,"2019/08/23 04:25:00",CALL_B_1,339.700010
D,DISPATCH,UNIT_SCADA,1,"2019/08/23 04:25:00",CALL_B_2,348.899990
D,DISPATCH,UNIT_SCADA,1,"2019/08/23 04:25:00",CETHANA,97.166630
D,DISPATCH,UNIT_SCADA,1,"2019/08/23 04:25:00",CG1,0
D,DISPATCH,UNIT_SCADA,1,"2019/08/23 04:25:00",CG2,0
D,DISPATCH,UNIT_SCADA,1,"2019/08/23 04:25:00",CG3,0
D,DISPATCH,UNIT_SCADA,1,"2019/08/23 04:25:00",CG4,0
D,DISPATCH,UNIT_SCADA,1,"2019/08/23 04:25:00",CHILDSF1,0
D,DISPATCH,UNIT_SCADA,1,"2019/08/23 04:25:00",CLARESF1,0
D,DISPATCH,UNIT_SCADA,1,"2019/08/23 04:25:00",CLEMGPWF,28.021620
D,DISPATCH,UNIT_SCADA,1,"2019/08/23 04:25:00",CLERMSF1,0
D,DISPATCH,UNIT_SCADA,1,"2019/08/23 04:25:00",COLEASF1,0
D,DISPATCH,UNIT_SCADA,1,"2019/08/23 04:25:00",COOPGWF1,7.497640
D,DISPATCH,UNIT_SCADA,1,"2019/08/23 04:25:00",CPP_3,404.25
D,DISPATCH,UNIT_SCADA,1,"2019/08/23 04:25:00",CPP_4,406.725010
D,DISPATCH,UNIT_SCADA,1,"2019/08/23 04:25:00",CPSA,142.526250
D,DISPATCH,UNIT_SCADA,1,"2019/08/23 04:25:00",CROOKWF2,3.463750
D,DISPATCH,UNIT_SCADA,1,"2019/08/23 04:25:00",CROWLWF1,1.782210
D,DISPATCH,UNIT_SCADA,1,"2019/08/23 04:25:00",CSPVPS1,0
D,DISPATCH,UNIT_SCADA,1,"2019/08/23 04:25:00",DALNTH01,0
D,DISPATCH,UNIT_SCADA,1,"2019/08/23 04:25:00",DALNTHL1,0.062560
D,DISPATCH,UNIT_SCADA,1,"2019/08/23 04:25:00",DARTM1,0
D,DISPATCH,UNIT_SCADA,1,"2019/08/23 04:25:00",DAYDSF1,0
D,DISPATCH,UNIT_SCADA,1,"2019/08/23 04:25:00",DDPS1,256.561950
D,DISPATCH,UNIT_SCADA,1,"2019/08/23 04:25:00",DDSF1,0
D,DISPATCH,UNIT_SCADA,1,"2019/08/23 04:25:00",DEVILS_G,0
D,DISPATCH,UNIT_SCADA,1,"2019/08/23 04:25:00",DG_NSW1,0
D,DISPATCH,UNIT_SCADA,1,"2019/08/23 04:25:00",DG_QLD1,0
D,DISPATCH,UNIT_SCADA,1,"2019/08/23 04:25:00",DG_SA1,0
D,DISPATCH,UNIT_SCADA,1,"2019/08/23 04:25:00",DG_TAS1,0
D,DISPATCH,UNIT_SCADA,1,"2019/08/23 04:25:00",DG_VIC1,0
D,DISPATCH,UNIT_SCADA,1,"2019/08/23 04:25:00",DRYCGT1,0
D,DISPATCH,UNIT_SCADA,1,"2019/08/23 04:25:00",DRYCGT2,0
D,DISPATCH,UNIT_SCADA,1,"2019/08/23 04:25:00",DRYCGT3,0
D,DISPATCH,UNIT_SCADA,1,"2019/08/23 04:25:00",EILDON1,0
D,DISPATCH,UNIT_SCADA,1,"2019/08/23 04:25:00",EILDON2,0
D,DISPATCH,UNIT_SCADA,1,"2019/08/23 04:25:00",EMERASF1,0
D,DISPATCH,UNIT_SCADA,1,"2019/08/23 04:25:00",ER01,486.974980
D,DISPATCH,UNIT_SCADA,1,"2019/08/23 04:25:00",ER02,350
D,DISPATCH,UNIT_SCADA,1,"2019/08/23 04:25:00",ER03,379.424930
D,DISPATCH,UNIT_SCADA,1,"2019/08/23 04:25:00",ER04,488.825070
D,DISPATCH,UNIT_SCADA,1,"2019/08/23 04:25:00",FINLYSF1,0
D,DISPATCH,UNIT_SCADA,1,"2019/08/23 04:25:00",FISHER,45.93
D,DISPATCH,UNIT_SCADA,1,"2019/08/23 04:25:00",GANNBG1,0
D,DISPATCH,UNIT_SCADA,1,"2019/08/23 04:25:00",GANNBL1,9.431320
D,DISPATCH,UNIT_SCADA,1,"2019/08/23 04:25:00",GANNSF1,0
D,DISPATCH,UNIT_SCADA,1,"2019/08/23 04:25:00",GORDON,100.464550
D,DISPATCH,UNIT_SCADA,1,"2019/08/23 04:25:00",GSTONE1,198.274990
D,DISPATCH,UNIT_SCADA,1,"2019/08/23 04:25:00",GSTONE2,189
D,DISPATCH,UNIT_SCADA,1,"2019/08/23 04:25:00",GSTONE3,198.974990
D,DISPATCH,UNIT_SCADA,1,"2019/08/23 04:25:00",GSTONE4,198.45
D,DISPATCH,UNIT_SCADA,1,"2019/08/23 04:25:00",GSTONE5,199.6750
D,DISPATCH,UNIT_SCADA,1,"2019/08/23 04:25:00",GSTONE6,0
D,DISPATCH,UNIT_SCADA,1,"2019/08/23 04:25:00",GULLRSF1,0
D,DISPATCH,UNIT_SCADA,1,"2019/08/23 04:25:00",GULLRWF1,9.533080
D,DISPATCH,UNIT_SCADA,1,"2019/08/23 04:25:00",GUNNING1,6.612310
D,DISPATCH,UNIT_SCADA,1,"2019/08/23 04:25:00",GUTHEGA,0
D,DISPATCH,UNIT_SCADA,1,"2019/08/23 04:25:00",HALLWF1,24.74
D,DISPATCH,UNIT_SCADA,1,"2019/08/23 04:25:00",HALLWF2,10.36
D,DISPATCH,UNIT_SCADA,1,"2019/08/23 04:25:00",HAMISF1,0
D,DISPATCH,UNIT_SCADA,1,"2019/08/23 04:25:00",HAUGHT11,0
D,DISPATCH,UNIT_SCADA,1,"2019/08/23 04:25:00",HAYMSF1,0
D,DISPATCH,UNIT_SCADA,1,"2019/08/23 04:25:00",HDWF1,41.10
D,DISPATCH,UNIT_SCADA,1,"2019/08/23 04:25:00",HDWF2,47.50
D,DISPATCH,UNIT_SCADA,1,"2019/08/23 04:25:00",HDWF3,46.40
D,DISPATCH,UNIT_SCADA,1,"2019/08/23 04:25:00",HPRG1,0
D,DISPATCH,UNIT_SCADA,1,"2019/08/23 04:25:00",HPRL1,2.80
D,DISPATCH,UNIT_SCADA,1,"2019/08/23 04:25:00",HUMENSW,0
D,DISPATCH,UNIT_SCADA,1,"2019/08/23 04:25:00",HUMEV,8.50
D,DISPATCH,UNIT_SCADA,1,"2019/08/23 04:25:00",HVGTS,0
D,DISPATCH,UNIT_SCADA,1,"2019/08/23 04:25:00",JBUTTERS,141.239990
D,DISPATCH,UNIT_SCADA,1,"2019/08/23 04:25:00",JLA01,0.10
D,DISPATCH,UNIT_SCADA,1,"2019/08/23 04:25:00",JLA02,0
D,DISPATCH,UNIT_SCADA,1,"2019/08/23 04:25:00",JLA03,0.10
D,DISPATCH,UNIT_SCADA,1,"2019/08/23 04:25:00",JLA04,0.10
D,DISPATCH,UNIT_SCADA,1,"2019/08/23 04:25:00",JLB01,0
D,DISPATCH,UNIT_SCADA,1,"2019/08/23 04:25:00",JLB02,0.10
D,DISPATCH,UNIT_SCADA,1,"2019/08/23 04:25:00",JLB03,0
D,DISPATCH,UNIT_SCADA,1,"2019/08/23 04:25:00",KAREEYA1,21.5550
D,DISPATCH,UNIT_SCADA,1,"2019/08/23 04:25:00",KAREEYA2,21.9350
D,DISPATCH,UNIT_SCADA,1,"2019/08/23 04:25:00",KAREEYA3,0
D,DISPATCH,UNIT_SCADA,1,"2019/08/23 04:25:00",KAREEYA4,21.7675
D,DISPATCH,UNIT_SCADA,1,"2019/08/23 04:25:00",KARSF1,0
D,DISPATCH,UNIT_SCADA,1,"2019/08/23 04:25:00",KIATAWF1,-0.20
D,DISPATCH,UNIT_SCADA,1,"2019/08/23 04:25:00",KPP_1,0
D,DISPATCH,UNIT_SCADA,1,"2019/08/23 04:25:00",KSP1,0
D,DISPATCH,UNIT_SCADA,1,"2019/08/23 04:25:00",LADBROK1,0
D,DISPATCH,UNIT_SCADA,1,"2019/08/23 04:25:00",LADBROK2,0
D,DISPATCH,UNIT_SCADA,1,"2019/08/23 04:25:00",LD01,359.25
D,DISPATCH,UNIT_SCADA,1,"2019/08/23 04:25:00",LD02,298.162540
D,DISPATCH,UNIT_SCADA,1,"2019/08/23 04:25:00",LD03,348.975040
D,DISPATCH,UNIT_SCADA,1,"2019/08/23 04:25:00",LD04,350.550020
D,DISPATCH,UNIT_SCADA,1,"2019/08/23 04:25:00",LEM_WIL,86.137340
D,DISPATCH,UNIT_SCADA,1,"2019/08/23 04:25:00",LGAPWF1,4.70
D,DISPATCH,UNIT_SCADA,1,"2019/08/23 04:25:00",LILYSF1,0
D,DISPATCH,UNIT_SCADA,1,"2019/08/23 04:25:00",LI_WY_CA,149.803540
D,DISPATCH,UNIT_SCADA,1,"2019/08/23 04:25:00",LKBONNY2,7.211710
D,DISPATCH,UNIT_SCADA,1,"2019/08/23 04:25:00",LKBONNY3,2.177060
D,DISPATCH,UNIT_SCADA,1,"2019/08/23 04:25:00",LK_ECHO,0
D,DISPATCH,UNIT_SCADA,1,"2019/08/23 04:25:00",LNGS1,0
D,DISPATCH,UNIT_SCADA,1,"2019/08/23 04:25:00",LNGS2,0
D,DISPATCH,UNIT_SCADA,1,"2019/08/23 04:25:00",LONSDALE,0
D,DISPATCH,UNIT_SCADA,1,"2019/08/23 04:25:00",LOYYB1,536.088620
D,DISPATCH,UNIT_SCADA,1,"2019/08/23 04:25:00",LOYYB2,581.202510
D,DISPATCH,UNIT_SCADA,1,"2019/08/23 04:25:00",LYA1,558
D,DISPATCH,UNIT_SCADA,1,"2019/08/23 04:25:00",LYA2,0
D,DISPATCH,UNIT_SCADA,1,"2019/08/23 04:25:00",LYA3,559
D,DISPATCH,UNIT_SCADA,1,"2019/08/23 04:25:00",LYA4,499
D,DISPATCH,UNIT_SCADA,1,"2019/08/23 04:25:00",MACARTH1,31.199280
D,DISPATCH,UNIT_SCADA,1,"2019/08/23 04:25:00",MACKAYGT,0
D,DISPATCH,UNIT_SCADA,1,"2019/08/23 04:25:00",MACKNTSH,87.20
D,DISPATCH,UNIT_SCADA,1,"2019/08/23 04:25:00",MANSLR1,0
D,DISPATCH,UNIT_SCADA,1,"2019/08/23 04:25:00",MCKAY1,0.02
D,DISPATCH,UNIT_SCADA,1,"2019/08/23 04:25:00",MEADOWBK,33.838720
D,DISPATCH,UNIT_SCADA,1,"2019/08/23 04:25:00",MERCER01,-0.4020
D,DISPATCH,UNIT_SCADA,1,"2019/08/23 04:25:00",MEWF1,70.692860
D,DISPATCH,UNIT_SCADA,1,"2019/08/23 04:25:00",MINTARO,0
D,DISPATCH,UNIT_SCADA,1,"2019/08/23 04:25:00",MOREESF1,0
D,DISPATCH,UNIT_SCADA,1,"2019/08/23 04:25:00",MORTLK11,216
D,DISPATCH,UNIT_SCADA,1,"2019/08/23 04:25:00",MORTLK12,0
D,DISPATCH,UNIT_SCADA,1,"2019/08/23 04:25:00",MP1,279.724980
D,DISPATCH,UNIT_SCADA,1,"2019/08/23 04:25:00",MP2,0
D,DISPATCH,UNIT_SCADA,1,"2019/08/23 04:25:00",MPP_1,375.75
D,DISPATCH,UNIT_SCADA,1,"2019/08/23 04:25:00",MPP_2,425
D,DISPATCH,UNIT_SCADA,1,"2019/08/23 04:25:00",MSTUART1,0
D,DISPATCH,UNIT_SCADA,1,"2019/08/23 04:25:00",MSTUART2,0
D,DISPATCH,UNIT_SCADA,1,"2019/08/23 04:25:00",MSTUART3,0
D,DISPATCH,UNIT_SCADA,1,"2019/08/23 04:25:00",MTGELWF1,7.057410
D,DISPATCH,UNIT_SCADA,1,"2019/08/23 04:25:00",MURRAY,0
D,DISPATCH,UNIT_SCADA,1,"2019/08/23 04:25:00",MUSSELR1,14.60
D,DISPATCH,UNIT_SCADA,1,"2019/08/23 04:25:00",MUWAWF1,-0.08
D,DISPATCH,UNIT_SCADA,1,"2019/08/23 04:25:00",NBHWF1,26.70
D,DISPATCH,UNIT_SCADA,1,"2019/08/23 04:25:00",NPS,204
D,DISPATCH,UNIT_SCADA,1,"2019/08/23 04:25:00",NUMURSF1,0
D,DISPATCH,UNIT_SCADA,1,"2019/08/23 04:25:00",NYNGAN1,0
D,DISPATCH,UNIT_SCADA,1,"2019/08/23 04:25:00",OAKEY1,0
D,DISPATCH,UNIT_SCADA,1,"2019/08/23 04:25:00",OAKEY1SF,0
D,DISPATCH,UNIT_SCADA,1,"2019/08/23 04:25:00",OAKEY2,0
D,DISPATCH,UNIT_SCADA,1,"2019/08/23 04:25:00",OAKLAND1,-0.20
D,DISPATCH,UNIT_SCADA,1,"2019/08/23 04:25:00",OSB-AG,142.59
D,DISPATCH,UNIT_SCADA,1,"2019/08/23 04:25:00",PARSF1,0
D,DISPATCH,UNIT_SCADA,1,"2019/08/23 04:25:00",POAT110,0
D,DISPATCH,UNIT_SCADA,1,"2019/08/23 04:25:00",POAT220,2.84
D,DISPATCH,UNIT_SCADA,1,"2019/08/23 04:25:00",POR01,0
D,DISPATCH,UNIT_SCADA,1,"2019/08/23 04:25:00",POR03,0
D,DISPATCH,UNIT_SCADA,1,"2019/08/23 04:25:00",PPCCGT,497.024660
D,DISPATCH,UNIT_SCADA,1,"2019/08/23 04:25:00",PTSTAN1,0
D,DISPATCH,UNIT_SCADA,1,"2019/08/23 04:25:00",PUMP1,0
D,DISPATCH,UNIT_SCADA,1,"2019/08/23 04:25:00",PUMP2,0
D,DISPATCH,UNIT_SCADA,1,"2019/08/23 04:25:00",QPS1,0
D,DISPATCH,UNIT_SCADA,1,"2019/08/23 04:25:00",QPS2,0
D,DISPATCH,UNIT_SCADA,1,"2019/08/23 04:25:00",QPS3,0
D,DISPATCH,UNIT_SCADA,1,"2019/08/23 04:25:00",QPS4,0
D,DISPATCH,UNIT_SCADA,1,"2019/08/23 04:25:00",QPS5,0
D,DISPATCH,UNIT_SCADA,1,"2019/08/23 04:25:00",REECE1,119.830010
D,DISPATCH,UNIT_SCADA,1,"2019/08/23 04:25:00",REECE2,118.400010
D,DISPATCH,UNIT_SCADA,1,"2019/08/23 04:25:00",ROMA_7,0
D,DISPATCH,UNIT_SCADA,1,"2019/08/23 04:25:00",ROMA_8,0
D,DISPATCH,UNIT_SCADA,1,"2019/08/23 04:25:00",RRSF1,0
D,DISPATCH,UNIT_SCADA,1,"2019/08/23 04:25:00",RT_NSW1,0
D,DISPATCH,UNIT_SCADA,1,"2019/08/23 04:25:00",RT_NSW2,0
D,DISPATCH,UNIT_SCADA,1,"2019/08/23 04:25:00",RT_NSW3,0
D,DISPATCH,UNIT_SCADA,1,"2019/08/23 04:25:00",RT_NSW4,0
D,DISPATCH,UNIT_SCADA,1,"2019/08/23 04:25:00",RT_NSW5,0
D,DISPATCH,UNIT_SCADA,1,"2019/08/23 04:25:00",RT_NSW6,0
D,DISPATCH,UNIT_SCADA,1,"2019/08/23 04:25:00",RT_QLD1,0
D,DISPATCH,UNIT_SCADA,1,"2019/08/23 04:25:00",RT_SA1,0
D,DISPATCH,UNIT_SCADA,1,"2019/08/23 04:25:00",RT_SA2,0
D,DISPATCH,UNIT_SCADA,1,"2019/08/23 04:25:00",RT_SA3,0
D,DISPATCH,UNIT_SCADA,1,"2019/08/23 04:25:00",RT_SA4,0
D,DISPATCH,UNIT_SCADA,1,"2019/08/23 04:25:00",RT_SA5,0
D,DISPATCH,UNIT_SCADA,1,"2019/08/23 04:25:00",RT_SA6,0
D,DISPATCH,UNIT_SCADA,1,"2019/08/23 04:25:00",RT_TAS1,0
D,DISPATCH,UNIT_SCADA,1,"2019/08/23 04:25:00",RT_VIC1,0
D,DISPATCH,UNIT_SCADA,1,"2019/08/23 04:25:00",RT_VIC10,0
D,DISPATCH,UNIT_SCADA,1,"2019/08/23 04:25:00",RT_VIC11,0
D,DISPATCH,UNIT_SCADA,1,"2019/08/23 04:25:00",RT_VIC12,0
D,DISPATCH,UNIT_SCADA,1,"2019/08/23 04:25:00",RT_VIC2,0
D,DISPATCH,UNIT_SCADA,1,"2019/08/23 04:25:00",RT_VIC3,0
D,DISPATCH,UNIT_SCADA,1,"2019/08/23 04:25:00",RT_VIC4,0
D,DISPATCH,UNIT_SCADA,1,"2019/08/23 04:25:00",RT_VIC5,0
D,DISPATCH,UNIT_SCADA,1,"2019/08/23 04:25:00",RT_VIC6,0
D,DISPATCH,UNIT_SCADA,1,"2019/08/23 04:25:00",RT_VIC7,0
D,DISPATCH,UNIT_SCADA,1,"2019/08/23 04:25:00",RT_VIC8,0
D,DISPATCH,UNIT_SCADA,1,"2019/08/23 04:25:00",RT_VIC9,0
D,DISPATCH,UNIT_SCADA,1,"2019/08/23 04:25:00",RUGBYR1,0
D,DISPATCH,UNIT_SCADA,1,"2019/08/23 04:25:00",SALTCRK1,3.72
D,DISPATCH,UNIT_SCADA,1,"2019/08/23 04:25:00",SAPHWF1,64.528110
D,DISPATCH,UNIT_SCADA,1,"2019/08/23 04:25:00",SHGEN,0
D,DISPATCH,UNIT_SCADA,1,"2019/08/23 04:25:00",SHPUMP,0
D,DISPATCH,UNIT_SCADA,1,"2019/08/23 04:25:00",SITHE01,0.194050
D,DISPATCH,UNIT_SCADA,1,"2019/08/23 04:25:00",SMCSF1,0
D,DISPATCH,UNIT_SCADA,1,"2019/08/23 04:25:00",SNOWNTH1,13.60
D,DISPATCH,UNIT_SCADA,1,"2019/08/23 04:25:00",SNOWSTH1,30
D,DISPATCH,UNIT_SCADA,1,"2019/08/23 04:25:00",SNOWTWN1,16.048570
D,DISPATCH,UNIT_SCADA,1,"2019/08/23 04:25:00",SNOWYP,0
D,DISPATCH,UNIT_SCADA,1,"2019/08/23 04:25:00",SNUG1,0.019440
D,DISPATCH,UNIT_SCADA,1,"2019/08/23 04:25:00",SRSF1,0
D,DISPATCH,UNIT_SCADA,1,"2019/08/23 04:25:00",STAN-1,0
D,DISPATCH,UNIT_SCADA,1,"2019/08/23 04:25:00",STAN-2,215.710750
D,DISPATCH,UNIT_SCADA,1,"2019/08/23 04:25:00",STAN-3,217.530880
D,DISPATCH,UNIT_SCADA,1,"2019/08/23 04:25:00",STAN-4,223.132260
D,DISPATCH,UNIT_SCADA,1,"2019/08/23 04:25:00",STWF1,176.208760
D,DISPATCH,UNIT_SCADA,1,"2019/08/23 04:25:00",SWAN_E,0
D,DISPATCH,UNIT_SCADA,1,"2019/08/23 04:25:00",TALWA1,420
D,DISPATCH,UNIT_SCADA,1,"2019/08/23 04:25:00",TARALGA1,3.4725
D,DISPATCH,UNIT_SCADA,1,"2019/08/23 04:25:00",TARONG#1,242.900010
D,DISPATCH,UNIT_SCADA,1,"2019/08/23 04:25:00",TARONG#2,243.600010
D,DISPATCH,UNIT_SCADA,1,"2019/08/23 04:25:00",TARONG#3,208.80
D,DISPATCH,UNIT_SCADA,1,"2019/08/23 04:25:00",TARONG#4,245.400010
D,DISPATCH,UNIT_SCADA,1,"2019/08/23 04:25:00",TARRALEA,83.90
D,DISPATCH,UNIT_SCADA,1,"2019/08/23 04:25:00",TBSF1,-0.20
D,DISPATCH,UNIT_SCADA,1,"2019/08/23 04:25:00",TNPS1,400.000030
D,DISPATCH,UNIT_SCADA,1,"2019/08/23 04:25:00",TORRA1,66.1215
D,DISPATCH,UNIT_SCADA,1,"2019/08/23 04:25:00",TORRA2,0
D,DISPATCH,UNIT_SCADA,1,"2019/08/23 04:25:00",TORRA3,0
D,DISPATCH,UNIT_SCADA,1,"2019/08/23 04:25:00",TORRA4,0
D,DISPATCH,UNIT_SCADA,1,"2019/08/23 04:25:00",TORRB1,0
D,DISPATCH,UNIT_SCADA,1,"2019/08/23 04:25:00",TORRB2,76.43
D,DISPATCH,UNIT_SCADA,1,"2019/08/23 04:25:00",TORRB3,0
D,DISPATCH,UNIT_SCADA,1,"2019/08/23 04:25:00",TORRB4,0
D,DISPATCH,UNIT_SCADA,1,"2019/08/23 04:25:00",TREVALLN,43.930020
D,DISPATCH,UNIT_SCADA,1,"2019/08/23 04:25:00",TRIBUTE,84.80
D,DISPATCH,UNIT_SCADA,1,"2019/08/23 04:25:00",TUMUT3,0
D,DISPATCH,UNIT_SCADA,1,"2019/08/23 04:25:00",TUNGATIN,139.830030
D,DISPATCH,UNIT_SCADA,1,"2019/08/23 04:25:00",TVCC201,0
D,DISPATCH,UNIT_SCADA,1,"2019/08/23 04:25:00",TVPP104,0
D,DISPATCH,UNIT_SCADA,1,"2019/08/23 04:25:00",UPPTUMUT,0
D,DISPATCH,UNIT_SCADA,1,"2019/08/23 04:25:00",URANQ11,0
D,DISPATCH,UNIT_SCADA,1,"2019/08/23 04:25:00",URANQ12,0
D,DISPATCH,UNIT_SCADA,1,"2019/08/23 04:25:00",URANQ13,0
D,DISPATCH,UNIT_SCADA,1,"2019/08/23 04:25:00",URANQ14,0
D,DISPATCH,UNIT_SCADA,1,"2019/08/23 04:25:00",VP5,450.400020
D,DISPATCH,UNIT_SCADA,1,"2019/08/23 04:25:00",VP6,401.550020
D,DISPATCH,UNIT_SCADA,1,"2019/08/23 04:25:00",VPGS1,0
D,DISPATCH,UNIT_SCADA,1,"2019/08/23 04:25:00",VPGS2,0
D,DISPATCH,UNIT_SCADA,1,"2019/08/23 04:25:00",VPGS3,0
D,DISPATCH,UNIT_SCADA,1,"2019/08/23 04:25:00",VPGS4,0
D,DISPATCH,UNIT_SCADA,1,"2019/08/23 04:25:00",VPGS5,0
D,DISPATCH,UNIT_SCADA,1,"2019/08/23 04:25:00",VPGS6,0
D,DISPATCH,UNIT_SCADA,1,"2019/08/23 04:25:00",W/HOE#1,0
D,DISPATCH,UNIT_SCADA,1,"2019/08/23 04:25:00",W/HOE#2,0
D,DISPATCH,UNIT_SCADA,1,"2019/08/23 04:25:00",WATERLWF,21.60
D,DISPATCH,UNIT_SCADA,1,"2019/08/23 04:25:00",WEMENSF1,0
D,DISPATCH,UNIT_SCADA,1,"2019/08/23 04:25:00",WGWF1,26.30
D,DISPATCH,UNIT_SCADA,1,"2019/08/23 04:25:00",WHITSF1,0
D,DISPATCH,UNIT_SCADA,1,"2019/08/23 04:25:00",WKIEWA1,32.50
D,DISPATCH,UNIT_SCADA,1,"2019/08/23 04:25:00",WKIEWA2,16.20
D,DISPATCH,UNIT_SCADA,1,"2019/08/23 04:25:00",WOODLWN1,0
D,DISPATCH,UNIT_SCADA,1,"2019/08/23 04:25:00",WRSF1,0
D,DISPATCH,UNIT_SCADA,1,"2019/08/23 04:25:00",WRWF1,20.166240
D,DISPATCH,UNIT_SCADA,1,"2019/08/23 04:25:00",YABULU,0
D,DISPATCH,UNIT_SCADA,1,"2019/08/23 04:25:00",YABULU2,0
D,DISPATCH,UNIT_SCADA,1,"2019/08/23 04:25:00",YARWUN_1,0
D,DISPATCH,UNIT_SCADA,1,"2019/08/23 04:25:00",YENDWF1,-1.38
D,DISPATCH,UNIT_SCADA,1,"2019/08/23 04:25:00",YWPS1,362.405060
D,DISPATCH,UNIT_SCADA,1,"2019/08/23 04:25:00",YWPS2,283.455690
D,DISPATCH,UNIT_SCADA,1,"2019/08/23 04:25:00",YWPS3,0
D,DISPATCH,UNIT_SCADA,1,"2019/08/23 04:25:00",YWPS4,0
C,"END OF REPORT",334
