C,NEMP.WORLD,DISPATCHSCADA,AEMO,PUBLIC,2019/08/20,18:35:07,0000000311796729,DISPATCHSCADA,0000000311796723
I,DISPATCH,UNIT_SCADA,1,SETTLEMENTDATE,DUID,SCADAVALUE
D,DISPATCH,UNIT_SCADA,1,"2019/08/20 18:40:00",BARCSF1,0.50
D,DISPATCH,UNIT_SCADA,1,"2019/08/20 18:40:00",BUTLERSG,9.699999
D,DISPATCH,UNIT_SCADA,1,"2019/08/20 18:40:00",CALL_A_4,0
D,DISPATCH,UNIT_SCADA,1,"2019/08/20 18:40:00",CAPTL_WF,136.447998
D,DISPATCH,UNIT_SCADA,1,"2019/08/20 18:40:00",CATHROCK,49.569996
D,DISPATCH,UNIT_SCADA,1,"2019/08/20 18:40:00",CHALLHWF,33.099998
D,DISPATCH,UNIT_SCADA,1,"2019/08/20 18:40:00",CLOVER,-0.02
D,DISPATCH,UNIT_SCADA,1,"2019/08/20 18:40:00",CLUNY,18.473335
D,DISPATCH,UNIT_SCADA,1,"2019/08/20 18:40:00",CNUNDAWF,40.747536
D,DISPATCH,UNIT_SCADA,1,"2019/08/20 18:40:00",CULLRGWF,30.32
D,DISPATCH,UNIT_SCADA,1,"2019/08/20 18:40:00",ERGT01,0
D,DISPATCH,UNIT_SCADA,1,"2019/08/20 18:40:00",GB01,0.070988
D,DISPATCH,UNIT_SCADA,1,"2019/08/20 18:40:00",GERMCRK,25.200001
D,DISPATCH,UNIT_SCADA,1,"2019/08/20 18:40:00",GRIFSF1,0
D,DISPATCH,UNIT_SCADA,1,"2019/08/20 18:40:00",HUGSF1,-0.2040
D,DISPATCH,UNIT_SCADA,1,"2019/08/20 18:40:00",LKBONNY1,75.912956
D,DISPATCH,UNIT_SCADA,1,"2019/08/20 18:40:00",LRSF1,0.0290
D,DISPATCH,UNIT_SCADA,1,"2019/08/20 18:40:00",MBAHNTH,58.012497
D,DISPATCH,UNIT_SCADA,1,"2019/08/20 18:40:00",MLSP1,0.283001
D,DISPATCH,UNIT_SCADA,1,"2019/08/20 18:40:00",MLWF1,19.68
D,DISPATCH,UNIT_SCADA,1,"2019/08/20 18:40:00",MTMILLAR,33.761230
D,DISPATCH,UNIT_SCADA,1,"2019/08/20 18:40:00",PALOONA,7.75
D,DISPATCH,UNIT_SCADA,1,"2019/08/20 18:40:00",PIONEER,11.20
D,DISPATCH,UNIT_SCADA,1,"2019/08/20 18:40:00",PORTWF,136.899994
D,DISPATCH,UNIT_SCADA,1,"2019/08/20 18:40:00",REPULSE,29.177080
D,DISPATCH,UNIT_SCADA,1,"2019/08/20 18:40:00",ROWALLAN,9.9826
D,DISPATCH,UNIT_SCADA,1,"2019/08/20 18:40:00",ROYALLA1,0
D,DISPATCH,UNIT_SCADA,1,"2019/08/20 18:40:00",RPCG,11.30
D,DISPATCH,UNIT_SCADA,1,"2019/08/20 18:40:00",RUBICON,0
D,DISPATCH,UNIT_SCADA,1,"2019/08/20 18:40:00",SATGN1,0
D,DISPATCH,UNIT_SCADA,1,"2019/08/20 18:40:00",SATGS1,0
D,DISPATCH,UNIT_SCADA,1,"2019/08/20 18:40:00",STARHLWF,29.091516
D,DISPATCH,UNIT_SCADA,1,"2019/08/20 18:40:00",WAUBRAWF,152.238007
D,DISPATCH,UNIT_SCADA,1,"2019/08/20 18:40:00",WOOLNTH1,60.350018
D,DISPATCH,UNIT_SCADA,1,"2019/08/20 18:40:00",WPWF,59
D,DISPATCH,UNIT_SCADA,1,"2019/08/20 18:40:00",YAMBUKWF,29.700001
D,DISPATCH,UNIT_SCADA,1,"2019/08/20 18:40:00",YSWF1,28.50
D,DISPATCH,UNIT_SCADA,1,"2019/08/20 18:40:00",AGLHAL,0
D,DISPATCH,UNIT_SCADA,1,"2019/08/20 18:40:00",AGLSOM,79.50
D,DISPATCH,UNIT_SCADA,1,"2019/08/20 18:40:00",ANGAST1,0
D,DISPATCH,UNIT_SCADA,1,"2019/08/20 18:40:00",ARWF1,31.30
D,DISPATCH,UNIT_SCADA,1,"2019/08/20 18:40:00",BALBG1,0.14
D,DISPATCH,UNIT_SCADA,1,"2019/08/20 18:40:00",BALBL1,0
D,DISPATCH,UNIT_SCADA,1,"2019/08/20 18:40:00",BALDHWF1,103.3060
D,DISPATCH,UNIT_SCADA,1,"2019/08/20 18:40:00",BANN1,0
D,DISPATCH,UNIT_SCADA,1,"2019/08/20 18:40:00",BARCALDN,0
D,DISPATCH,UNIT_SCADA,1,"2019/08/20 18:40:00",BARRON-1,0
D,DISPATCH,UNIT_SCADA,1,"2019/08/20 18:40:00",BARRON-2,28.68
D,DISPATCH,UNIT_SCADA,1,"2019/08/20 18:40:00",BASTYAN,80.640010
D,DISPATCH,UNIT_SCADA,1,"2019/08/20 18:40:00",BBTHREE1,-1.97
D,DISPATCH,UNIT_SCADA,1,"2019/08/20 18:40:00",BBTHREE2,-2.04
D,DISPATCH,UNIT_SCADA,1,"2019/08/20 18:40:00",BBTHREE3,-1.11
D,DISPATCH,UNIT_SCADA,1,"2019/08/20 18:40:00",BDL01,0
D,DISPATCH,UNIT_SCADA,1,"2019/08/20 18:40:00",BDL02,42.90
D,DISPATCH,UNIT_SCADA,1,"2019/08/20 18:40:00",BERYLSF1,0
D,DISPATCH,UNIT_SCADA,1,"2019/08/20 18:40:00",BLOWERNG,0
D,DISPATCH,UNIT_SCADA,1,"2019/08/20 18:40:00",BLUFF1,27.50
D,DISPATCH,UNIT_SCADA,1,"2019/08/20 18:40:00",BNGSF1,0
D,DISPATCH,UNIT_SCADA,1,"2019/08/20 18:40:00",BNGSF2,0
D,DISPATCH,UNIT_SCADA,1,"2019/08/20 18:40:00",BOCORWF1,108.74
D,DISPATCH,UNIT_SCADA,1,"2019/08/20 18:40:00",BODWF1,48.375240
D,DISPATCH,UNIT_SCADA,1,"2019/08/20 18:40:00",BRAEMAR1,0
D,DISPATCH,UNIT_SCADA,1,"2019/08/20 18:40:00",BRAEMAR2,172.80
D,DISPATCH,UNIT_SCADA,1,"2019/08/20 18:40:00",BRAEMAR3,0
D,DISPATCH,UNIT_SCADA,1,"2019/08/20 18:40:00",BRAEMAR5,0
D,DISPATCH,UNIT_SCADA,1,"2019/08/20 18:40:00",BRAEMAR6,159.867050
D,DISPATCH,UNIT_SCADA,1,"2019/08/20 18:40:00",BRAEMAR7,0
D,DISPATCH,UNIT_SCADA,1,"2019/08/20 18:40:00",BROKENH1,0
D,DISPATCH,UNIT_SCADA,1,"2019/08/20 18:40:00",BW01,655.424930
D,DISPATCH,UNIT_SCADA,1,"2019/08/20 18:40:00",BW02,662.3999
D,DISPATCH,UNIT_SCADA,1,"2019/08/20 18:40:00",BW03,658.800050
D,DISPATCH,UNIT_SCADA,1,"2019/08/20 18:40:00",BW04,0
D,DISPATCH,UNIT_SCADA,1,"2019/08/20 18:40:00",CALL_B_1,349.899990
D,DISPATCH,UNIT_SCADA,1,"2019/08/20 18:40:00",CALL_B_2,295
D,DISPATCH,UNIT_SCADA,1,"2019/08/20 18:40:00",CETHANA,95.370380
D,DISPATCH,UNIT_SCADA,1,"2019/08/20 18:40:00",CG1,0
D,DISPATCH,UNIT_SCADA,1,"2019/08/20 18:40:00",CG2,0
D,DISPATCH,UNIT_SCADA,1,"2019/08/20 18:40:00",CG3,0
D,DISPATCH,UNIT_SCADA,1,"2019/08/20 18:40:00",CG4,0
D,DISPATCH,UNIT_SCADA,1,"2019/08/20 18:40:00",CHILDSF1,0
D,DISPATCH,UNIT_SCADA,1,"2019/08/20 18:40:00",CLARESF1,0
D,DISPATCH,UNIT_SCADA,1,"2019/08/20 18:40:00",CLEMGPWF,17.2884
D,DISPATCH,UNIT_SCADA,1,"2019/08/20 18:40:00",CLERMSF1,0
D,DISPATCH,UNIT_SCADA,1,"2019/08/20 18:40:00",COLEASF1,0
D,DISPATCH,UNIT_SCADA,1,"2019/08/20 18:40:00",COOPGWF1,36.419340
D,DISPATCH,UNIT_SCADA,1,"2019/08/20 18:40:00",CPP_3,404.800020
D,DISPATCH,UNIT_SCADA,1,"2019/08/20 18:40:00",CPP_4,404.25
D,DISPATCH,UNIT_SCADA,1,"2019/08/20 18:40:00",CPSA,142.366260
D,DISPATCH,UNIT_SCADA,1,"2019/08/20 18:40:00",CROOKWF2,82.913760
D,DISPATCH,UNIT_SCADA,1,"2019/08/20 18:40:00",CROWLWF1,24.9641
D,DISPATCH,UNIT_SCADA,1,"2019/08/20 18:40:00",CSPVPS1,0
D,DISPATCH,UNIT_SCADA,1,"2019/08/20 18:40:00",DALNTH01,0
D,DISPATCH,UNIT_SCADA,1,"2019/08/20 18:40:00",DALNTHL1,0.028990
D,DISPATCH,UNIT_SCADA,1,"2019/08/20 18:40:00",DARTM1,134.50
D,DISPATCH,UNIT_SCADA,1,"2019/08/20 18:40:00",DAYDSF1,0
D,DISPATCH,UNIT_SCADA,1,"2019/08/20 18:40:00",DDPS1,476.083130
D,DISPATCH,UNIT_SCADA,1,"2019/08/20 18:40:00",DDSF1,0
D,DISPATCH,UNIT_SCADA,1,"2019/08/20 18:40:00",DEVILS_G,59.979860
D,DISPATCH,UNIT_SCADA,1,"2019/08/20 18:40:00",DG_NSW1,0
D,DISPATCH,UNIT_SCADA,1,"2019/08/20 18:40:00",DG_QLD1,0
D,DISPATCH,UNIT_SCADA,1,"2019/08/20 18:40:00",DG_SA1,0
D,DISPATCH,UNIT_SCADA,1,"2019/08/20 18:40:00",DG_TAS1,0
D,DISPATCH,UNIT_SCADA,1,"2019/08/20 18:40:00",DG_VIC1,0
D,DISPATCH,UNIT_SCADA,1,"2019/08/20 18:40:00",DRYCGT1,0
D,DISPATCH,UNIT_SCADA,1,"2019/08/20 18:40:00",DRYCGT2,0
D,DISPATCH,UNIT_SCADA,1,"2019/08/20 18:40:00",DRYCGT3,0
D,DISPATCH,UNIT_SCADA,1,"2019/08/20 18:40:00",EILDON1,0
D,DISPATCH,UNIT_SCADA,1,"2019/08/20 18:40:00",EILDON2,0
D,DISPATCH,UNIT_SCADA,1,"2019/08/20 18:40:00",EMERASF1,0
D,DISPATCH,UNIT_SCADA,1,"2019/08/20 18:40:00",ER01,592.675050
D,DISPATCH,UNIT_SCADA,1,"2019/08/20 18:40:00",ER02,699.150020
D,DISPATCH,UNIT_SCADA,1,"2019/08/20 18:40:00",ER03,698.949950
D,DISPATCH,UNIT_SCADA,1,"2019/08/20 18:40:00",ER04,699.050050
D,DISPATCH,UNIT_SCADA,1,"2019/08/20 18:40:00",FINLYSF1,0
D,DISPATCH,UNIT_SCADA,1,"2019/08/20 18:40:00",FISHER,45.75
D,DISPATCH,UNIT_SCADA,1,"2019/08/20 18:40:00",GANNBG1,0.167820
D,DISPATCH,UNIT_SCADA,1,"2019/08/20 18:40:00",GANNBL1,0
D,DISPATCH,UNIT_SCADA,1,"2019/08/20 18:40:00",GANNSF1,0
D,DISPATCH,UNIT_SCADA,1,"2019/08/20 18:40:00",GORDON,9.881760
D,DISPATCH,UNIT_SCADA,1,"2019/08/20 18:40:00",GSTONE1,219.80
D,DISPATCH,UNIT_SCADA,1,"2019/08/20 18:40:00",GSTONE2,219.80
D,DISPATCH,UNIT_SCADA,1,"2019/08/20 18:40:00",GSTONE3,220.50
D,DISPATCH,UNIT_SCADA,1,"2019/08/20 18:40:00",GSTONE4,219.45
D,DISPATCH,UNIT_SCADA,1,"2019/08/20 18:40:00",GSTONE5,220.50
D,DISPATCH,UNIT_SCADA,1,"2019/08/20 18:40:00",GSTONE6,0
D,DISPATCH,UNIT_SCADA,1,"2019/08/20 18:40:00",GULLRSF1,0
D,DISPATCH,UNIT_SCADA,1,"2019/08/20 18:40:00",GULLRWF1,156.912960
D,DISPATCH,UNIT_SCADA,1,"2019/08/20 18:40:00",GUNNING1,44.974170
D,DISPATCH,UNIT_SCADA,1,"2019/08/20 18:40:00",GUTHEGA,31.20
D,DISPATCH,UNIT_SCADA,1,"2019/08/20 18:40:00",HALLWF1,90.41
D,DISPATCH,UNIT_SCADA,1,"2019/08/20 18:40:00",HALLWF2,62.55
D,DISPATCH,UNIT_SCADA,1,"2019/08/20 18:40:00",HAMISF1,0
D,DISPATCH,UNIT_SCADA,1,"2019/08/20 18:40:00",HAUGHT11,0
D,DISPATCH,UNIT_SCADA,1,"2019/08/20 18:40:00",HAYMSF1,0
D,DISPATCH,UNIT_SCADA,1,"2019/08/20 18:40:00",HDWF1,43.60
D,DISPATCH,UNIT_SCADA,1,"2019/08/20 18:40:00",HDWF2,38
D,DISPATCH,UNIT_SCADA,1,"2019/08/20 18:40:00",HDWF3,58
D,DISPATCH,UNIT_SCADA,1,"2019/08/20 18:40:00",HPRG1,0.20
D,DISPATCH,UNIT_SCADA,1,"2019/08/20 18:40:00",HPRL1,0
D,DISPATCH,UNIT_SCADA,1,"2019/08/20 18:40:00",HUMENSW,0
D,DISPATCH,UNIT_SCADA,1,"2019/08/20 18:40:00",HUMEV,8.10
D,DISPATCH,UNIT_SCADA,1,"2019/08/20 18:40:00",HVGTS,0
D,DISPATCH,UNIT_SCADA,1,"2019/08/20 18:40:00",JBUTTERS,136.11
D,DISPATCH,UNIT_SCADA,1,"2019/08/20 18:40:00",JLA01,0.50
D,DISPATCH,UNIT_SCADA,1,"2019/08/20 18:40:00",JLA02,0
D,DISPATCH,UNIT_SCADA,1,"2019/08/20 18:40:00",JLA03,0.10
D,DISPATCH,UNIT_SCADA,1,"2019/08/20 18:40:00",JLA04,0.10
D,DISPATCH,UNIT_SCADA,1,"2019/08/20 18:40:00",JLB01,0
D,DISPATCH,UNIT_SCADA,1,"2019/08/20 18:40:00",JLB02,84
D,DISPATCH,UNIT_SCADA,1,"2019/08/20 18:40:00",JLB03,0
D,DISPATCH,UNIT_SCADA,1,"2019/08/20 18:40:00",KAREEYA1,21.4325
D,DISPATCH,UNIT_SCADA,1,"2019/08/20 18:40:00",KAREEYA2,21.5450
D,DISPATCH,UNIT_SCADA,1,"2019/08/20 18:40:00",KAREEYA3,0
D,DISPATCH,UNIT_SCADA,1,"2019/08/20 18:40:00",KAREEYA4,21.49
D,DISPATCH,UNIT_SCADA,1,"2019/08/20 18:40:00",KARSF1,0
D,DISPATCH,UNIT_SCADA,1,"2019/08/20 18:40:00",KIATAWF1,30.90
D,DISPATCH,UNIT_SCADA,1,"2019/08/20 18:40:00",KPP_1,0
D,DISPATCH,UNIT_SCADA,1,"2019/08/20 18:40:00",KSP1,0
D,DISPATCH,UNIT_SCADA,1,"2019/08/20 18:40:00",LADBROK1,42.38
D,DISPATCH,UNIT_SCADA,1,"2019/08/20 18:40:00",LADBROK2,43.35
D,DISPATCH,UNIT_SCADA,1,"2019/08/20 18:40:00",LD01,418.631290
D,DISPATCH,UNIT_SCADA,1,"2019/08/20 18:40:00",LD02,417.8063
D,DISPATCH,UNIT_SCADA,1,"2019/08/20 18:40:00",LD03,419.887480
D,DISPATCH,UNIT_SCADA,1,"2019/08/20 18:40:00",LD04,380.737520
D,DISPATCH,UNIT_SCADA,1,"2019/08/20 18:40:00",LEM_WIL,85.4849
D,DISPATCH,UNIT_SCADA,1,"2019/08/20 18:40:00",LGAPWF1,24.29
D,DISPATCH,UNIT_SCADA,1,"2019/08/20 18:40:00",LILYSF1,0
D,DISPATCH,UNIT_SCADA,1,"2019/08/20 18:40:00",LI_WY_CA,148.659670
D,DISPATCH,UNIT_SCADA,1,"2019/08/20 18:40:00",LKBONNY2,153.689330
D,DISPATCH,UNIT_SCADA,1,"2019/08/20 18:40:00",LKBONNY3,38.2939
D,DISPATCH,UNIT_SCADA,1,"2019/08/20 18:40:00",LK_ECHO,0
D,DISPATCH,UNIT_SCADA,1,"2019/08/20 18:40:00",LNGS1,0
D,DISPATCH,UNIT_SCADA,1,"2019/08/20 18:40:00",LNGS2,0
D,DISPATCH,UNIT_SCADA,1,"2019/08/20 18:40:00",LONSDALE,0
D,DISPATCH,UNIT_SCADA,1,"2019/08/20 18:40:00",LOYYB1,534.960750
D,DISPATCH,UNIT_SCADA,1,"2019/08/20 18:40:00",LOYYB2,583.458250
D,DISPATCH,UNIT_SCADA,1,"2019/08/20 18:40:00",LYA1,559
D,DISPATCH,UNIT_SCADA,1,"2019/08/20 18:40:00",LYA2,0
D,DISPATCH,UNIT_SCADA,1,"2019/08/20 18:40:00",LYA3,560
D,DISPATCH,UNIT_SCADA,1,"2019/08/20 18:40:00",LYA4,540
D,DISPATCH,UNIT_SCADA,1,"2019/08/20 18:40:00",MACARTH1,348.091950
D,DISPATCH,UNIT_SCADA,1,"2019/08/20 18:40:00",MACKAYGT,0
D,DISPATCH,UNIT_SCADA,1,"2019/08/20 18:40:00",MACKNTSH,85.170010
D,DISPATCH,UNIT_SCADA,1,"2019/08/20 18:40:00",MANSLR1,0
D,DISPATCH,UNIT_SCADA,1,"2019/08/20 18:40:00",MCKAY1,0.02
D,DISPATCH,UNIT_SCADA,1,"2019/08/20 18:40:00",MEADOWBK,33.8673
D,DISPATCH,UNIT_SCADA,1,"2019/08/20 18:40:00",MERCER01,124.6460
D,DISPATCH,UNIT_SCADA,1,"2019/08/20 18:40:00",MEWF1,20.508670
D,DISPATCH,UNIT_SCADA,1,"2019/08/20 18:40:00",MINTARO,0
D,DISPATCH,UNIT_SCADA,1,"2019/08/20 18:40:00",MOREESF1,0
D,DISPATCH,UNIT_SCADA,1,"2019/08/20 18:40:00",MORTLK11,260
D,DISPATCH,UNIT_SCADA,1,"2019/08/20 18:40:00",MORTLK12,0
D,DISPATCH,UNIT_SCADA,1,"2019/08/20 18:40:00",MP1,280.574950
D,DISPATCH,UNIT_SCADA,1,"2019/08/20 18:40:00",MP2,0
D,DISPATCH,UNIT_SCADA,1,"2019/08/20 18:40:00",MPP_1,412.50
D,DISPATCH,UNIT_SCADA,1,"2019/08/20 18:40:00",MPP_2,436
D,DISPATCH,UNIT_SCADA,1,"2019/08/20 18:40:00",MSTUART1,0
D,DISPATCH,UNIT_SCADA,1,"2019/08/20 18:40:00",MSTUART2,0
D,DISPATCH,UNIT_SCADA,1,"2019/08/20 18:40:00",MSTUART3,0
D,DISPATCH,UNIT_SCADA,1,"2019/08/20 18:40:00",MTGELWF1,64.729760
D,DISPATCH,UNIT_SCADA,1,"2019/08/20 18:40:00",MURRAY,178.937330
D,DISPATCH,UNIT_SCADA,1,"2019/08/20 18:40:00",MUSSELR1,49.30
D,DISPATCH,UNIT_SCADA,1,"2019/08/20 18:40:00",MUWAWF1,46.14
D,DISPATCH,UNIT_SCADA,1,"2019/08/20 18:40:00",NBHWF1,75.70
D,DISPATCH,UNIT_SCADA,1,"2019/08/20 18:40:00",NPS,512.25
D,DISPATCH,UNIT_SCADA,1,"2019/08/20 18:40:00",NUMURSF1,0
D,DISPATCH,UNIT_SCADA,1,"2019/08/20 18:40:00",NYNGAN1,0
D,DISPATCH,UNIT_SCADA,1,"2019/08/20 18:40:00",OAKEY1,0
D,DISPATCH,UNIT_SCADA,1,"2019/08/20 18:40:00",OAKEY1SF,0.0380
D,DISPATCH,UNIT_SCADA,1,"2019/08/20 18:40:00",OAKEY2,0
D,DISPATCH,UNIT_SCADA,1,"2019/08/20 18:40:00",OAKLAND1,62.90
D,DISPATCH,UNIT_SCADA,1,"2019/08/20 18:40:00",OSB-AG,183.44
D,DISPATCH,UNIT_SCADA,1,"2019/08/20 18:40:00",PARSF1,0
D,DISPATCH,UNIT_SCADA,1,"2019/08/20 18:40:00",POAT110,38.658240
D,DISPATCH,UNIT_SCADA,1,"2019/08/20 18:40:00",POAT220,126.934490
D,DISPATCH,UNIT_SCADA,1,"2019/08/20 18:40:00",POR01,0
D,DISPATCH,UNIT_SCADA,1,"2019/08/20 18:40:00",POR03,0
D,DISPATCH,UNIT_SCADA,1,"2019/08/20 18:40:00",PPCCGT,497.024660
D,DISPATCH,UNIT_SCADA,1,"2019/08/20 18:40:00",PTSTAN1,0
D,DISPATCH,UNIT_SCADA,1,"2019/08/20 18:40:00",PUMP1,0
D,DISPATCH,UNIT_SCADA,1,"2019/08/20 18:40:00",PUMP2,0
D,DISPATCH,UNIT_SCADA,1,"2019/08/20 18:40:00",QPS1,29
D,DISPATCH,UNIT_SCADA,1,"2019/08/20 18:40:00",QPS2,0
D,DISPATCH,UNIT_SCADA,1,"2019/08/20 18:40:00",QPS3,0
D,DISPATCH,UNIT_SCADA,1,"2019/08/20 18:40:00",QPS4,0
D,DISPATCH,UNIT_SCADA,1,"2019/08/20 18:40:00",QPS5,0
D,DISPATCH,UNIT_SCADA,1,"2019/08/20 18:40:00",REECE1,116.510010
D,DISPATCH,UNIT_SCADA,1,"2019/08/20 18:40:00",REECE2,116.080010
D,DISPATCH,UNIT_SCADA,1,"2019/08/20 18:40:00",ROMA_7,0
D,DISPATCH,UNIT_SCADA,1,"2019/08/20 18:40:00",ROMA_8,0
D,DISPATCH,UNIT_SCADA,1,"2019/08/20 18:40:00",RRSF1,0
D,DISPATCH,UNIT_SCADA,1,"2019/08/20 18:40:00",RT_NSW1,0
D,DISPATCH,UNIT_SCADA,1,"2019/08/20 18:40:00",RT_NSW2,0
D,DISPATCH,UNIT_SCADA,1,"2019/08/20 18:40:00",RT_NSW3,0
D,DISPATCH,UNIT_SCADA,1,"2019/08/20 18:40:00",RT_NSW4,0
D,DISPATCH,UNIT_SCADA,1,"2019/08/20 18:40:00",RT_NSW5,0
D,DISPATCH,UNIT_SCADA,1,"2019/08/20 18:40:00",RT_NSW6,0
D,DISPATCH,UNIT_SCADA,1,"2019/08/20 18:40:00",RT_QLD1,0
D,DISPATCH,UNIT_SCADA,1,"2019/08/20 18:40:00",RT_SA1,0
D,DISPATCH,UNIT_SCADA,1,"2019/08/20 18:40:00",RT_SA2,0
D,DISPATCH,UNIT_SCADA,1,"2019/08/20 18:40:00",RT_SA3,0
D,DISPATCH,UNIT_SCADA,1,"2019/08/20 18:40:00",RT_SA4,0
D,DISPATCH,UNIT_SCADA,1,"2019/08/20 18:40:00",RT_SA5,0
D,DISPATCH,UNIT_SCADA,1,"2019/08/20 18:40:00",RT_SA6,0
D,DISPATCH,UNIT_SCADA,1,"2019/08/20 18:40:00",RT_TAS1,0
D,DISPATCH,UNIT_SCADA,1,"2019/08/20 18:40:00",RT_VIC1,0
D,DISPATCH,UNIT_SCADA,1,"2019/08/20 18:40:00",RT_VIC10,0
D,DISPATCH,UNIT_SCADA,1,"2019/08/20 18:40:00",RT_VIC11,0
D,DISPATCH,UNIT_SCADA,1,"2019/08/20 18:40:00",RT_VIC12,0
D,DISPATCH,UNIT_SCADA,1,"2019/08/20 18:40:00",RT_VIC2,0
D,DISPATCH,UNIT_SCADA,1,"2019/08/20 18:40:00",RT_VIC3,0
D,DISPATCH,UNIT_SCADA,1,"2019/08/20 18:40:00",RT_VIC4,0
D,DISPATCH,UNIT_SCADA,1,"2019/08/20 18:40:00",RT_VIC5,0
D,DISPATCH,UNIT_SCADA,1,"2019/08/20 18:40:00",RT_VIC6,0
D,DISPATCH,UNIT_SCADA,1,"2019/08/20 18:40:00",RT_VIC7,0
D,DISPATCH,UNIT_SCADA,1,"2019/08/20 18:40:00",RT_VIC8,0
D,DISPATCH,UNIT_SCADA,1,"2019/08/20 18:40:00",RT_VIC9,0
D,DISPATCH,UNIT_SCADA,1,"2019/08/20 18:40:00",RUGBYR1,0
D,DISPATCH,UNIT_SCADA,1,"2019/08/20 18:40:00",SALTCRK1,44.98
D,DISPATCH,UNIT_SCADA,1,"2019/08/20 18:40:00",SAPHWF1,144.468750
D,DISPATCH,UNIT_SCADA,1,"2019/08/20 18:40:00",SHGEN,198.080990
D,DISPATCH,UNIT_SCADA,1,"2019/08/20 18:40:00",SHPUMP,0
D,DISPATCH,UNIT_SCADA,1,"2019/08/20 18:40:00",SITHE01,0.153860
D,DISPATCH,UNIT_SCADA,1,"2019/08/20 18:40:00",SMCSF1,0
D,DISPATCH,UNIT_SCADA,1,"2019/08/20 18:40:00",SNOWNTH1,100.90
D,DISPATCH,UNIT_SCADA,1,"2019/08/20 18:40:00",SNOWSTH1,112.90
D,DISPATCH,UNIT_SCADA,1,"2019/08/20 18:40:00",SNOWTWN1,84.683210
D,DISPATCH,UNIT_SCADA,1,"2019/08/20 18:40:00",SNOWYP,0
D,DISPATCH,UNIT_SCADA,1,"2019/08/20 18:40:00",SNUG1,0.019440
D,DISPATCH,UNIT_SCADA,1,"2019/08/20 18:40:00",SRSF1,0.07
D,DISPATCH,UNIT_SCADA,1,"2019/08/20 18:40:00",STAN-1,0
D,DISPATCH,UNIT_SCADA,1,"2019/08/20 18:40:00",STAN-2,345.388430
D,DISPATCH,UNIT_SCADA,1,"2019/08/20 18:40:00",STAN-3,341.158570
D,DISPATCH,UNIT_SCADA,1,"2019/08/20 18:40:00",STAN-4,367.345340
D,DISPATCH,UNIT_SCADA,1,"2019/08/20 18:40:00",STWF1,40.364990
D,DISPATCH,UNIT_SCADA,1,"2019/08/20 18:40:00",SWAN_E,0
D,DISPATCH,UNIT_SCADA,1,"2019/08/20 18:40:00",TALWA1,421
D,DISPATCH,UNIT_SCADA,1,"2019/08/20 18:40:00",TARALGA1,99.146240
D,DISPATCH,UNIT_SCADA,1,"2019/08/20 18:40:00",TARONG#1,345.700010
D,DISPATCH,UNIT_SCADA,1,"2019/08/20 18:40:00",TARONG#2,344.899990
D,DISPATCH,UNIT_SCADA,1,"2019/08/20 18:40:00",TARONG#3,259.899990
D,DISPATCH,UNIT_SCADA,1,"2019/08/20 18:40:00",TARONG#4,351
D,DISPATCH,UNIT_SCADA,1,"2019/08/20 18:40:00",TARRALEA,84.90
D,DISPATCH,UNIT_SCADA,1,"2019/08/20 18:40:00",TBSF1,-0.20
D,DISPATCH,UNIT_SCADA,1,"2019/08/20 18:40:00",TNPS1,441.700010
D,DISPATCH,UNIT_SCADA,1,"2019/08/20 18:40:00",TORRA1,73.826330
D,DISPATCH,UNIT_SCADA,1,"2019/08/20 18:40:00",TORRA2,0
D,DISPATCH,UNIT_SCADA,1,"2019/08/20 18:40:00",TORRA3,0
D,DISPATCH,UNIT_SCADA,1,"2019/08/20 18:40:00",TORRA4,0
D,DISPATCH,UNIT_SCADA,1,"2019/08/20 18:40:00",TORRB1,95.73
D,DISPATCH,UNIT_SCADA,1,"2019/08/20 18:40:00",TORRB2,162.64
D,DISPATCH,UNIT_SCADA,1,"2019/08/20 18:40:00",TORRB3,0
D,DISPATCH,UNIT_SCADA,1,"2019/08/20 18:40:00",TORRB4,0
D,DISPATCH,UNIT_SCADA,1,"2019/08/20 18:40:00",TREVALLN,69.040020
D,DISPATCH,UNIT_SCADA,1,"2019/08/20 18:40:00",TRIBUTE,70.63
D,DISPATCH,UNIT_SCADA,1,"2019/08/20 18:40:00",TUMUT3,982.700010
D,DISPATCH,UNIT_SCADA,1,"2019/08/20 18:40:00",TUNGATIN,124.020030
D,DISPATCH,UNIT_SCADA,1,"2019/08/20 18:40:00",TVCC201,0
D,DISPATCH,UNIT_SCADA,1,"2019/08/20 18:40:00",TVPP104,0
D,DISPATCH,UNIT_SCADA,1,"2019/08/20 18:40:00",UPPTUMUT,0
D,DISPATCH,UNIT_SCADA,1,"2019/08/20 18:40:00",URANQ11,0
D,DISPATCH,UNIT_SCADA,1,"2019/08/20 18:40:00",URANQ12,0
D,DISPATCH,UNIT_SCADA,1,"2019/08/20 18:40:00",URANQ13,0
D,DISPATCH,UNIT_SCADA,1,"2019/08/20 18:40:00",URANQ14,0
D,DISPATCH,UNIT_SCADA,1,"2019/08/20 18:40:00",VP5,626.799990
D,DISPATCH,UNIT_SCADA,1,"2019/08/20 18:40:00",VP6,614.575010
D,DISPATCH,UNIT_SCADA,1,"2019/08/20 18:40:00",VPGS1,0
D,DISPATCH,UNIT_SCADA,1,"2019/08/20 18:40:00",VPGS2,0
D,DISPATCH,UNIT_SCADA,1,"2019/08/20 18:40:00",VPGS3,0
D,DISPATCH,UNIT_SCADA,1,"2019/08/20 18:40:00",VPGS4,0
D,DISPATCH,UNIT_SCADA,1,"2019/08/20 18:40:00",VPGS5,0
D,DISPATCH,UNIT_SCADA,1,"2019/08/20 18:40:00",VPGS6,0
D,DISPATCH,UNIT_SCADA,1,"2019/08/20 18:40:00",W/HOE#1,286.579990
D,DISPATCH,UNIT_SCADA,1,"2019/08/20 18:40:00",W/HOE#2,0
D,DISPATCH,UNIT_SCADA,1,"2019/08/20 18:40:00",WATERLWF,123
D,DISPATCH,UNIT_SCADA,1,"2019/08/20 18:40:00",WEMENSF1,0
D,DISPATCH,UNIT_SCADA,1,"2019/08/20 18:40:00",WGWF1,89.70
D,DISPATCH,UNIT_SCADA,1,"2019/08/20 18:40:00",WHITSF1,0
D,DISPATCH,UNIT_SCADA,1,"2019/08/20 18:40:00",WKIEWA1,0
D,DISPATCH,UNIT_SCADA,1,"2019/08/20 18:40:00",WKIEWA2,0.10
D,DISPATCH,UNIT_SCADA,1,"2019/08/20 18:40:00",WOODLWN1,44.8830
D,DISPATCH,UNIT_SCADA,1,"2019/08/20 18:40:00",WRSF1,0
D,DISPATCH,UNIT_SCADA,1,"2019/08/20 18:40:00",WRWF1,115.438750
D,DISPATCH,UNIT_SCADA,1,"2019/08/20 18:40:00",YABULU,0
D,DISPATCH,UNIT_SCADA,1,"2019/08/20 18:40:00",YABULU2,0
D,DISPATCH,UNIT_SCADA,1,"2019/08/20 18:40:00",YARWUN_1,0
D,DISPATCH,UNIT_SCADA,1,"2019/08/20 18:40:00",YENDWF1,41.92
D,DISPATCH,UNIT_SCADA,1,"2019/08/20 18:40:00",YWPS1,382.205080
D,DISPATCH,UNIT_SCADA,1,"2019/08/20 18:40:00",YWPS2,278.693660
D,DISPATCH,UNIT_SCADA,1,"2019/08/20 18:40:00",YWPS3,0
D,DISPATCH,UNIT_SCADA,1,"2019/08/20 18:40:00",YWPS4,396.3671
C,"END OF REPORT",334
