C,NEMP.WORLD,DISPATCHSCADA,AEMO,PUBLIC,2019/09/05,15:30:07,0000000312427276,DISPATCHSCADA,0000000312427270
I,DISPATCH,UNIT_SCADA,1,SETTLEMENTDATE,DUID,SCADAVALUE
D,DISPATCH,UNIT_SCADA,1,"2019/09/05 15:35:00",BARCSF1,8.900001
D,DISPATCH,UNIT_SCADA,1,"2019/09/05 15:35:00",BUTLERSG,10.199999
D,DISPATCH,UNIT_SCADA,1,"2019/09/05 15:35:00",CALL_A_4,0
D,DISPATCH,UNIT_SCADA,1,"2019/09/05 15:35:00",CAPTL_WF,0
D,DISPATCH,UNIT_SCADA,1,"2019/09/05 15:35:00",CATHROCK,40.789997
D,DISPATCH,UNIT_SCADA,1,"2019/09/05 15:35:00",CHALLHWF,3.80
D,DISPATCH,UNIT_SCADA,1,"2019/09/05 15:35:00",CLOVER,-0.02
D,DISPATCH,UNIT_SCADA,1,"2019/09/05 15:35:00",CLUNY,18.154726
D,DISPATCH,UNIT_SCADA,1,"2019/09/05 15:35:00",CNUNDAWF,29.133987
D,DISPATCH,UNIT_SCADA,1,"2019/09/05 15:35:00",CULLRGWF,0.47
D,DISPATCH,UNIT_SCADA,1,"2019/09/05 15:35:00",ERGT01,0
D,DISPATCH,UNIT_SCADA,1,"2019/09/05 15:35:00",GB01,0.003838
D,DISPATCH,UNIT_SCADA,1,"2019/09/05 15:35:00",GERMCRK,35.900002
D,DISPATCH,UNIT_SCADA,1,"2019/09/05 15:35:00",GRIFSF1,15.199997
D,DISPATCH,UNIT_SCADA,1,"2019/09/05 15:35:00",HUGSF1,8.957001
D,DISPATCH,UNIT_SCADA,1,"2019/09/05 15:35:00",LKBONNY1,49.923935
D,DISPATCH,UNIT_SCADA,1,"2019/09/05 15:35:00",LRSF1,-0.0340
D,DISPATCH,UNIT_SCADA,1,"2019/09/05 15:35:00",MBAHNTH,42.543747
D,DISPATCH,UNIT_SCADA,1,"2019/09/05 15:35:00",MLSP1,2.451001
D,DISPATCH,UNIT_SCADA,1,"2019/09/05 15:35:00",MLWF1,10.41
D,DISPATCH,UNIT_SCADA,1,"2019/09/05 15:35:00",MTMILLAR,-0.189753
D,DISPATCH,UNIT_SCADA,1,"2019/09/05 15:35:00",PALOONA,25.529999
D,DISPATCH,UNIT_SCADA,1,"2019/09/05 15:35:00",PIONEER,28.800001
D,DISPATCH,UNIT_SCADA,1,"2019/09/05 15:35:00",PORTWF,64.300003
D,DISPATCH,UNIT_SCADA,1,"2019/09/05 15:35:00",REPULSE,28.936598
D,DISPATCH,UNIT_SCADA,1,"2019/09/05 15:35:00",ROWALLAN,10.2950
D,DISPATCH,UNIT_SCADA,1,"2019/09/05 15:35:00",ROYALLA1,12.348001
D,DISPATCH,UNIT_SCADA,1,"2019/09/05 15:35:00",RPCG,11.50
D,DISPATCH,UNIT_SCADA,1,"2019/09/05 15:35:00",RUBICON,0
D,DISPATCH,UNIT_SCADA,1,"2019/09/05 15:35:00",SATGN1,0
D,DISPATCH,UNIT_SCADA,1,"2019/09/05 15:35:00",SATGS1,0
D,DISPATCH,UNIT_SCADA,1,"2019/09/05 15:35:00",STARHLWF,26.492275
D,DISPATCH,UNIT_SCADA,1,"2019/09/05 15:35:00",WAUBRAWF,58.278999
D,DISPATCH,UNIT_SCADA,1,"2019/09/05 15:35:00",WOOLNTH1,26.320015
D,DISPATCH,UNIT_SCADA,1,"2019/09/05 15:35:00",WPWF,72
D,DISPATCH,UNIT_SCADA,1,"2019/09/05 15:35:00",YAMBUKWF,23.10
D,DISPATCH,UNIT_SCADA,1,"2019/09/05 15:35:00",YSWF1,0
D,DISPATCH,UNIT_SCADA,1,"2019/09/05 15:35:00",AGLHAL,0
D,DISPATCH,UNIT_SCADA,1,"2019/09/05 15:35:00",AGLSOM,0
D,DISPATCH,UNIT_SCADA,1,"2019/09/05 15:35:00",ANGAST1,0
D,DISPATCH,UNIT_SCADA,1,"2019/09/05 15:35:00",ARWF1,17
D,DISPATCH,UNIT_SCADA,1,"2019/09/05 15:35:00",BALBG1,0
D,DISPATCH,UNIT_SCADA,1,"2019/09/05 15:35:00",BALBL1,28.19
D,DISPATCH,UNIT_SCADA,1,"2019/09/05 15:35:00",BALDHWF1,52.2910
D,DISPATCH,UNIT_SCADA,1,"2019/09/05 15:35:00",BANN1,67.03
D,DISPATCH,UNIT_SCADA,1,"2019/09/05 15:35:00",BARCALDN,0
D,DISPATCH,UNIT_SCADA,1,"2019/09/05 15:35:00",BARRON-1,24.44
D,DISPATCH,UNIT_SCADA,1,"2019/09/05 15:35:00",BARRON-2,0
D,DISPATCH,UNIT_SCADA,1,"2019/09/05 15:35:00",BASTYAN,80.94
D,DISPATCH,UNIT_SCADA,1,"2019/09/05 15:35:00",BBTHREE1,0
D,DISPATCH,UNIT_SCADA,1,"2019/09/05 15:35:00",BBTHREE2,0
D,DISPATCH,UNIT_SCADA,1,"2019/09/05 15:35:00",BBTHREE3,0
D,DISPATCH,UNIT_SCADA,1,"2019/09/05 15:35:00",BDL01,0
D,DISPATCH,UNIT_SCADA,1,"2019/09/05 15:35:00",BDL02,0
D,DISPATCH,UNIT_SCADA,1,"2019/09/05 15:35:00",BERYLSF1,72.740160
D,DISPATCH,UNIT_SCADA,1,"2019/09/05 15:35:00",BLOWERNG,14.90
D,DISPATCH,UNIT_SCADA,1,"2019/09/05 15:35:00",BLUFF1,32.50
D,DISPATCH,UNIT_SCADA,1,"2019/09/05 15:35:00",BNGSF1,96.58
D,DISPATCH,UNIT_SCADA,1,"2019/09/05 15:35:00",BNGSF2,20.01
D,DISPATCH,UNIT_SCADA,1,"2019/09/05 15:35:00",BOCORWF1,108.22
D,DISPATCH,UNIT_SCADA,1,"2019/09/05 15:35:00",BODWF1,64.303120
D,DISPATCH,UNIT_SCADA,1,"2019/09/05 15:35:00",BRAEMAR1,0
D,DISPATCH,UNIT_SCADA,1,"2019/09/05 15:35:00",BRAEMAR2,0
D,DISPATCH,UNIT_SCADA,1,"2019/09/05 15:35:00",BRAEMAR3,0
D,DISPATCH,UNIT_SCADA,1,"2019/09/05 15:35:00",BRAEMAR5,0
D,DISPATCH,UNIT_SCADA,1,"2019/09/05 15:35:00",BRAEMAR6,0
D,DISPATCH,UNIT_SCADA,1,"2019/09/05 15:35:00",BRAEMAR7,0
D,DISPATCH,UNIT_SCADA,1,"2019/09/05 15:35:00",BROKENH1,41.368650
D,DISPATCH,UNIT_SCADA,1,"2019/09/05 15:35:00",BW01,535.974980
D,DISPATCH,UNIT_SCADA,1,"2019/09/05 15:35:00",BW02,620.549930
D,DISPATCH,UNIT_SCADA,1,"2019/09/05 15:35:00",BW03,642.150020
D,DISPATCH,UNIT_SCADA,1,"2019/09/05 15:35:00",BW04,0
D,DISPATCH,UNIT_SCADA,1,"2019/09/05 15:35:00",CALL_B_1,312.600010
D,DISPATCH,UNIT_SCADA,1,"2019/09/05 15:35:00",CALL_B_2,230.30
D,DISPATCH,UNIT_SCADA,1,"2019/09/05 15:35:00",CETHANA,96.867250
D,DISPATCH,UNIT_SCADA,1,"2019/09/05 15:35:00",CG1,0
D,DISPATCH,UNIT_SCADA,1,"2019/09/05 15:35:00",CG2,0
D,DISPATCH,UNIT_SCADA,1,"2019/09/05 15:35:00",CG3,0
D,DISPATCH,UNIT_SCADA,1,"2019/09/05 15:35:00",CG4,0
D,DISPATCH,UNIT_SCADA,1,"2019/09/05 15:35:00",CHILDSF1,54.20
D,DISPATCH,UNIT_SCADA,1,"2019/09/05 15:35:00",CLARESF1,46.471170
D,DISPATCH,UNIT_SCADA,1,"2019/09/05 15:35:00",CLEMGPWF,27.301270
D,DISPATCH,UNIT_SCADA,1,"2019/09/05 15:35:00",CLERMSF1,14.35
D,DISPATCH,UNIT_SCADA,1,"2019/09/05 15:35:00",COLEASF1,127.500010
D,DISPATCH,UNIT_SCADA,1,"2019/09/05 15:35:00",COOPGWF1,4.076490
D,DISPATCH,UNIT_SCADA,1,"2019/09/05 15:35:00",CPP_3,273.6250
D,DISPATCH,UNIT_SCADA,1,"2019/09/05 15:35:00",CPP_4,276.3750
D,DISPATCH,UNIT_SCADA,1,"2019/09/05 15:35:00",CPSA,76.214370
D,DISPATCH,UNIT_SCADA,1,"2019/09/05 15:35:00",CROOKWF2,0
D,DISPATCH,UNIT_SCADA,1,"2019/09/05 15:35:00",CROWLWF1,3.031940
D,DISPATCH,UNIT_SCADA,1,"2019/09/05 15:35:00",CSPVPS1,24.1320
D,DISPATCH,UNIT_SCADA,1,"2019/09/05 15:35:00",DALNTH01,0
D,DISPATCH,UNIT_SCADA,1,"2019/09/05 15:35:00",DALNTHL1,0.120550
D,DISPATCH,UNIT_SCADA,1,"2019/09/05 15:35:00",DARTM1,0
D,DISPATCH,UNIT_SCADA,1,"2019/09/05 15:35:00",DAYDSF1,114.778010
D,DISPATCH,UNIT_SCADA,1,"2019/09/05 15:35:00",DDPS1,92.380910
D,DISPATCH,UNIT_SCADA,1,"2019/09/05 15:35:00",DDSF1,65.218560
D,DISPATCH,UNIT_SCADA,1,"2019/09/05 15:35:00",DEVILS_G,62.9902
D,DISPATCH,UNIT_SCADA,1,"2019/09/05 15:35:00",DG_NSW1,0
D,DISPATCH,UNIT_SCADA,1,"2019/09/05 15:35:00",DG_QLD1,0
D,DISPATCH,UNIT_SCADA,1,"2019/09/05 15:35:00",DG_SA1,0
D,DISPATCH,UNIT_SCADA,1,"2019/09/05 15:35:00",DG_TAS1,0
D,DISPATCH,UNIT_SCADA,1,"2019/09/05 15:35:00",DG_VIC1,0
D,DISPATCH,UNIT_SCADA,1,"2019/09/05 15:35:00",DRYCGT1,0
D,DISPATCH,UNIT_SCADA,1,"2019/09/05 15:35:00",DRYCGT2,0
D,DISPATCH,UNIT_SCADA,1,"2019/09/05 15:35:00",DRYCGT3,0
D,DISPATCH,UNIT_SCADA,1,"2019/09/05 15:35:00",EILDON1,0
D,DISPATCH,UNIT_SCADA,1,"2019/09/05 15:35:00",EILDON2,0
D,DISPATCH,UNIT_SCADA,1,"2019/09/05 15:35:00",EMERASF1,63.80
D,DISPATCH,UNIT_SCADA,1,"2019/09/05 15:35:00",ER01,574.324950
D,DISPATCH,UNIT_SCADA,1,"2019/09/05 15:35:00",ER02,351.325070
D,DISPATCH,UNIT_SCADA,1,"2019/09/05 15:35:00",ER03,0
D,DISPATCH,UNIT_SCADA,1,"2019/09/05 15:35:00",ER04,680.300050
D,DISPATCH,UNIT_SCADA,1,"2019/09/05 15:35:00",FINLYSF1,3.331250
D,DISPATCH,UNIT_SCADA,1,"2019/09/05 15:35:00",FISHER,44.46
D,DISPATCH,UNIT_SCADA,1,"2019/09/05 15:35:00",GANNBG1,0
D,DISPATCH,UNIT_SCADA,1,"2019/09/05 15:35:00",GANNBL1,9.776310
D,DISPATCH,UNIT_SCADA,1,"2019/09/05 15:35:00",GANNSF1,43.70
D,DISPATCH,UNIT_SCADA,1,"2019/09/05 15:35:00",GORDON,25.382560
D,DISPATCH,UNIT_SCADA,1,"2019/09/05 15:35:00",GSTONE1,132.649990
D,DISPATCH,UNIT_SCADA,1,"2019/09/05 15:35:00",GSTONE2,110.25
D,DISPATCH,UNIT_SCADA,1,"2019/09/05 15:35:00",GSTONE3,0
D,DISPATCH,UNIT_SCADA,1,"2019/09/05 15:35:00",GSTONE4,133.349990
D,DISPATCH,UNIT_SCADA,1,"2019/09/05 15:35:00",GSTONE5,131.25
D,DISPATCH,UNIT_SCADA,1,"2019/09/05 15:35:00",GSTONE6,131.95
D,DISPATCH,UNIT_SCADA,1,"2019/09/05 15:35:00",GULLRSF1,5.488460
D,DISPATCH,UNIT_SCADA,1,"2019/09/05 15:35:00",GULLRWF1,2.856840
D,DISPATCH,UNIT_SCADA,1,"2019/09/05 15:35:00",GUNNING1,0.022550
D,DISPATCH,UNIT_SCADA,1,"2019/09/05 15:35:00",GUTHEGA,0
D,DISPATCH,UNIT_SCADA,1,"2019/09/05 15:35:00",HALLWF1,9.89
D,DISPATCH,UNIT_SCADA,1,"2019/09/05 15:35:00",HALLWF2,10.07
D,DISPATCH,UNIT_SCADA,1,"2019/09/05 15:35:00",HAMISF1,43.10
D,DISPATCH,UNIT_SCADA,1,"2019/09/05 15:35:00",HAUGHT11,92.659710
D,DISPATCH,UNIT_SCADA,1,"2019/09/05 15:35:00",HAYMSF1,39.63
D,DISPATCH,UNIT_SCADA,1,"2019/09/05 15:35:00",HDWF1,54
D,DISPATCH,UNIT_SCADA,1,"2019/09/05 15:35:00",HDWF2,40.70
D,DISPATCH,UNIT_SCADA,1,"2019/09/05 15:35:00",HDWF3,49.70
D,DISPATCH,UNIT_SCADA,1,"2019/09/05 15:35:00",HPRG1,24.70
D,DISPATCH,UNIT_SCADA,1,"2019/09/05 15:35:00",HPRL1,0
D,DISPATCH,UNIT_SCADA,1,"2019/09/05 15:35:00",HUMENSW,0
D,DISPATCH,UNIT_SCADA,1,"2019/09/05 15:35:00",HUMEV,23.60
D,DISPATCH,UNIT_SCADA,1,"2019/09/05 15:35:00",HVGTS,0
D,DISPATCH,UNIT_SCADA,1,"2019/09/05 15:35:00",JBUTTERS,20.98
D,DISPATCH,UNIT_SCADA,1,"2019/09/05 15:35:00",JLA01,0.10
D,DISPATCH,UNIT_SCADA,1,"2019/09/05 15:35:00",JLA02,0
D,DISPATCH,UNIT_SCADA,1,"2019/09/05 15:35:00",JLA03,0
D,DISPATCH,UNIT_SCADA,1,"2019/09/05 15:35:00",JLA04,0
D,DISPATCH,UNIT_SCADA,1,"2019/09/05 15:35:00",JLB01,0
D,DISPATCH,UNIT_SCADA,1,"2019/09/05 15:35:00",JLB02,29.70
D,DISPATCH,UNIT_SCADA,1,"2019/09/05 15:35:00",JLB03,0
D,DISPATCH,UNIT_SCADA,1,"2019/09/05 15:35:00",KAREEYA1,21.53
D,DISPATCH,UNIT_SCADA,1,"2019/09/05 15:35:00",KAREEYA2,21.5250
D,DISPATCH,UNIT_SCADA,1,"2019/09/05 15:35:00",KAREEYA3,0
D,DISPATCH,UNIT_SCADA,1,"2019/09/05 15:35:00",KAREEYA4,21.4225
D,DISPATCH,UNIT_SCADA,1,"2019/09/05 15:35:00",KARSF1,78
D,DISPATCH,UNIT_SCADA,1,"2019/09/05 15:35:00",KIATAWF1,4.50
D,DISPATCH,UNIT_SCADA,1,"2019/09/05 15:35:00",KPP_1,0
D,DISPATCH,UNIT_SCADA,1,"2019/09/05 15:35:00",KSP1,46.12
D,DISPATCH,UNIT_SCADA,1,"2019/09/05 15:35:00",LADBROK1,0
D,DISPATCH,UNIT_SCADA,1,"2019/09/05 15:35:00",LADBROK2,0
D,DISPATCH,UNIT_SCADA,1,"2019/09/05 15:35:00",LD01,384.337550
D,DISPATCH,UNIT_SCADA,1,"2019/09/05 15:35:00",LD02,379.537540
D,DISPATCH,UNIT_SCADA,1,"2019/09/05 15:35:00",LD03,377.887480
D,DISPATCH,UNIT_SCADA,1,"2019/09/05 15:35:00",LD04,379.950010
D,DISPATCH,UNIT_SCADA,1,"2019/09/05 15:35:00",LEM_WIL,84.4801
D,DISPATCH,UNIT_SCADA,1,"2019/09/05 15:35:00",LGAPWF1,14.29
D,DISPATCH,UNIT_SCADA,1,"2019/09/05 15:35:00",LILYSF1,79.167480
D,DISPATCH,UNIT_SCADA,1,"2019/09/05 15:35:00",LI_WY_CA,132.2135
D,DISPATCH,UNIT_SCADA,1,"2019/09/05 15:35:00",LKBONNY2,97.737590
D,DISPATCH,UNIT_SCADA,1,"2019/09/05 15:35:00",LKBONNY3,19.928460
D,DISPATCH,UNIT_SCADA,1,"2019/09/05 15:35:00",LK_ECHO,0
D,DISPATCH,UNIT_SCADA,1,"2019/09/05 15:35:00",LNGS1,0
D,DISPATCH,UNIT_SCADA,1,"2019/09/05 15:35:00",LNGS2,0
D,DISPATCH,UNIT_SCADA,1,"2019/09/05 15:35:00",LONSDALE,0
D,DISPATCH,UNIT_SCADA,1,"2019/09/05 15:35:00",LOYYB1,534.960750
D,DISPATCH,UNIT_SCADA,1,"2019/09/05 15:35:00",LOYYB2,551.126590
D,DISPATCH,UNIT_SCADA,1,"2019/09/05 15:35:00",LYA1,0
D,DISPATCH,UNIT_SCADA,1,"2019/09/05 15:35:00",LYA2,0
D,DISPATCH,UNIT_SCADA,1,"2019/09/05 15:35:00",LYA3,557
D,DISPATCH,UNIT_SCADA,1,"2019/09/05 15:35:00",LYA4,539
D,DISPATCH,UNIT_SCADA,1,"2019/09/05 15:35:00",MACARTH1,271.593720
D,DISPATCH,UNIT_SCADA,1,"2019/09/05 15:35:00",MACKAYGT,0.2240
D,DISPATCH,UNIT_SCADA,1,"2019/09/05 15:35:00",MACKNTSH,87.13
D,DISPATCH,UNIT_SCADA,1,"2019/09/05 15:35:00",MANSLR1,39.2550
D,DISPATCH,UNIT_SCADA,1,"2019/09/05 15:35:00",MCKAY1,-0.0350
D,DISPATCH,UNIT_SCADA,1,"2019/09/05 15:35:00",MEADOWBK,33.324280
D,DISPATCH,UNIT_SCADA,1,"2019/09/05 15:35:00",MERCER01,31.4120
D,DISPATCH,UNIT_SCADA,1,"2019/09/05 15:35:00",MEWF1,0
D,DISPATCH,UNIT_SCADA,1,"2019/09/05 15:35:00",MINTARO,0
D,DISPATCH,UNIT_SCADA,1,"2019/09/05 15:35:00",MOREESF1,49.4160
D,DISPATCH,UNIT_SCADA,1,"2019/09/05 15:35:00",MORTLK11,260
D,DISPATCH,UNIT_SCADA,1,"2019/09/05 15:35:00",MORTLK12,0
D,DISPATCH,UNIT_SCADA,1,"2019/09/05 15:35:00",MP1,218.725040
D,DISPATCH,UNIT_SCADA,1,"2019/09/05 15:35:00",MP2,0
D,DISPATCH,UNIT_SCADA,1,"2019/09/05 15:35:00",MPP_1,394.50
D,DISPATCH,UNIT_SCADA,1,"2019/09/05 15:35:00",MPP_2,363.25
D,DISPATCH,UNIT_SCADA,1,"2019/09/05 15:35:00",MSTUART1,0
D,DISPATCH,UNIT_SCADA,1,"2019/09/05 15:35:00",MSTUART2,0
D,DISPATCH,UNIT_SCADA,1,"2019/09/05 15:35:00",MSTUART3,0
D,DISPATCH,UNIT_SCADA,1,"2019/09/05 15:35:00",MTGELWF1,30.399490
D,DISPATCH,UNIT_SCADA,1,"2019/09/05 15:35:00",MURRAY,0
D,DISPATCH,UNIT_SCADA,1,"2019/09/05 15:35:00",MUSSELR1,7.40
D,DISPATCH,UNIT_SCADA,1,"2019/09/05 15:35:00",MUWAWF1,11.50
D,DISPATCH,UNIT_SCADA,1,"2019/09/05 15:35:00",NBHWF1,92.20
D,DISPATCH,UNIT_SCADA,1,"2019/09/05 15:35:00",NPS,21
D,DISPATCH,UNIT_SCADA,1,"2019/09/05 15:35:00",NUMURSF1,29.79
D,DISPATCH,UNIT_SCADA,1,"2019/09/05 15:35:00",NYNGAN1,65.25
D,DISPATCH,UNIT_SCADA,1,"2019/09/05 15:35:00",OAKEY1,0
D,DISPATCH,UNIT_SCADA,1,"2019/09/05 15:35:00",OAKEY1SF,22.8760
D,DISPATCH,UNIT_SCADA,1,"2019/09/05 15:35:00",OAKEY2,0
D,DISPATCH,UNIT_SCADA,1,"2019/09/05 15:35:00",OAKEY2SF,0
D,DISPATCH,UNIT_SCADA,1,"2019/09/05 15:35:00",OAKLAND1,14.10
D,DISPATCH,UNIT_SCADA,1,"2019/09/05 15:35:00",OSB-AG,140.259990
D,DISPATCH,UNIT_SCADA,1,"2019/09/05 15:35:00",PARSF1,45.399990
D,DISPATCH,UNIT_SCADA,1,"2019/09/05 15:35:00",POAT110,0
D,DISPATCH,UNIT_SCADA,1,"2019/09/05 15:35:00",POAT220,0.55
D,DISPATCH,UNIT_SCADA,1,"2019/09/05 15:35:00",POR01,0
D,DISPATCH,UNIT_SCADA,1,"2019/09/05 15:35:00",POR03,0
D,DISPATCH,UNIT_SCADA,1,"2019/09/05 15:35:00",PPCCGT,124.561560
D,DISPATCH,UNIT_SCADA,1,"2019/09/05 15:35:00",PTSTAN1,0
D,DISPATCH,UNIT_SCADA,1,"2019/09/05 15:35:00",PUMP1,0
D,DISPATCH,UNIT_SCADA,1,"2019/09/05 15:35:00",PUMP2,0
D,DISPATCH,UNIT_SCADA,1,"2019/09/05 15:35:00",QPS1,0
D,DISPATCH,UNIT_SCADA,1,"2019/09/05 15:35:00",QPS2,0
D,DISPATCH,UNIT_SCADA,1,"2019/09/05 15:35:00",QPS3,0
D,DISPATCH,UNIT_SCADA,1,"2019/09/05 15:35:00",QPS4,0
D,DISPATCH,UNIT_SCADA,1,"2019/09/05 15:35:00",QPS5,0
D,DISPATCH,UNIT_SCADA,1,"2019/09/05 15:35:00",REECE1,112.160010
D,DISPATCH,UNIT_SCADA,1,"2019/09/05 15:35:00",REECE2,102.38
D,DISPATCH,UNIT_SCADA,1,"2019/09/05 15:35:00",ROMA_7,0
D,DISPATCH,UNIT_SCADA,1,"2019/09/05 15:35:00",ROMA_8,0
D,DISPATCH,UNIT_SCADA,1,"2019/09/05 15:35:00",RRSF1,112.541510
D,DISPATCH,UNIT_SCADA,1,"2019/09/05 15:35:00",RT_NSW1,0
D,DISPATCH,UNIT_SCADA,1,"2019/09/05 15:35:00",RT_NSW2,0
D,DISPATCH,UNIT_SCADA,1,"2019/09/05 15:35:00",RT_NSW3,0
D,DISPATCH,UNIT_SCADA,1,"2019/09/05 15:35:00",RT_NSW4,0
D,DISPATCH,UNIT_SCADA,1,"2019/09/05 15:35:00",RT_NSW5,0
D,DISPATCH,UNIT_SCADA,1,"2019/09/05 15:35:00",RT_NSW6,0
D,DISPATCH,UNIT_SCADA,1,"2019/09/05 15:35:00",RT_QLD1,0
D,DISPATCH,UNIT_SCADA,1,"2019/09/05 15:35:00",RT_SA1,0
D,DISPATCH,UNIT_SCADA,1,"2019/09/05 15:35:00",RT_SA2,0
D,DISPATCH,UNIT_SCADA,1,"2019/09/05 15:35:00",RT_SA3,0
D,DISPATCH,UNIT_SCADA,1,"2019/09/05 15:35:00",RT_SA4,0
D,DISPATCH,UNIT_SCADA,1,"2019/09/05 15:35:00",RT_SA5,0
D,DISPATCH,UNIT_SCADA,1,"2019/09/05 15:35:00",RT_SA6,0
D,DISPATCH,UNIT_SCADA,1,"2019/09/05 15:35:00",RT_TAS1,0
D,DISPATCH,UNIT_SCADA,1,"2019/09/05 15:35:00",RT_VIC1,0
D,DISPATCH,UNIT_SCADA,1,"2019/09/05 15:35:00",RT_VIC10,0
D,DISPATCH,UNIT_SCADA,1,"2019/09/05 15:35:00",RT_VIC11,0
D,DISPATCH,UNIT_SCADA,1,"2019/09/05 15:35:00",RT_VIC12,0
D,DISPATCH,UNIT_SCADA,1,"2019/09/05 15:35:00",RT_VIC2,0
D,DISPATCH,UNIT_SCADA,1,"2019/09/05 15:35:00",RT_VIC3,0
D,DISPATCH,UNIT_SCADA,1,"2019/09/05 15:35:00",RT_VIC4,0
D,DISPATCH,UNIT_SCADA,1,"2019/09/05 15:35:00",RT_VIC5,0
D,DISPATCH,UNIT_SCADA,1,"2019/09/05 15:35:00",RT_VIC6,0
D,DISPATCH,UNIT_SCADA,1,"2019/09/05 15:35:00",RT_VIC7,0
D,DISPATCH,UNIT_SCADA,1,"2019/09/05 15:35:00",RT_VIC8,0
D,DISPATCH,UNIT_SCADA,1,"2019/09/05 15:35:00",RT_VIC9,0
D,DISPATCH,UNIT_SCADA,1,"2019/09/05 15:35:00",RUGBYR1,53.420030
D,DISPATCH,UNIT_SCADA,1,"2019/09/05 15:35:00",SALTCRK1,18.58
D,DISPATCH,UNIT_SCADA,1,"2019/09/05 15:35:00",SAPHWF1,130.143740
D,DISPATCH,UNIT_SCADA,1,"2019/09/05 15:35:00",SHGEN,0
D,DISPATCH,UNIT_SCADA,1,"2019/09/05 15:35:00",SHPUMP,0
D,DISPATCH,UNIT_SCADA,1,"2019/09/05 15:35:00",SITHE01,0.224190
D,DISPATCH,UNIT_SCADA,1,"2019/09/05 15:35:00",SMCSF1,61.294480
D,DISPATCH,UNIT_SCADA,1,"2019/09/05 15:35:00",SNOWNTH1,67.600010
D,DISPATCH,UNIT_SCADA,1,"2019/09/05 15:35:00",SNOWSTH1,95.40
D,DISPATCH,UNIT_SCADA,1,"2019/09/05 15:35:00",SNOWTWN1,61.236720
D,DISPATCH,UNIT_SCADA,1,"2019/09/05 15:35:00",SNOWYP,0
D,DISPATCH,UNIT_SCADA,1,"2019/09/05 15:35:00",SNUG1,0.019440
D,DISPATCH,UNIT_SCADA,1,"2019/09/05 15:35:00",SRSF1,34.42
D,DISPATCH,UNIT_SCADA,1,"2019/09/05 15:35:00",STAN-1,352.258790
D,DISPATCH,UNIT_SCADA,1,"2019/09/05 15:35:00",STAN-2,217.518070
D,DISPATCH,UNIT_SCADA,1,"2019/09/05 15:35:00",STAN-3,220.7097
D,DISPATCH,UNIT_SCADA,1,"2019/09/05 15:35:00",STAN-4,217.966690
D,DISPATCH,UNIT_SCADA,1,"2019/09/05 15:35:00",STWF1,0
D,DISPATCH,UNIT_SCADA,1,"2019/09/05 15:35:00",SWAN_E,0
D,DISPATCH,UNIT_SCADA,1,"2019/09/05 15:35:00",TALWA1,352
D,DISPATCH,UNIT_SCADA,1,"2019/09/05 15:35:00",TARALGA1,14.5575
D,DISPATCH,UNIT_SCADA,1,"2019/09/05 15:35:00",TARONG#1,346
D,DISPATCH,UNIT_SCADA,1,"2019/09/05 15:35:00",TARONG#2,0
D,DISPATCH,UNIT_SCADA,1,"2019/09/05 15:35:00",TARONG#3,279.399990
D,DISPATCH,UNIT_SCADA,1,"2019/09/05 15:35:00",TARONG#4,350.100010
D,DISPATCH,UNIT_SCADA,1,"2019/09/05 15:35:00",TARRALEA,74
D,DISPATCH,UNIT_SCADA,1,"2019/09/05 15:35:00",TBSF1,0
D,DISPATCH,UNIT_SCADA,1,"2019/09/05 15:35:00",TNPS1,379.000030
D,DISPATCH,UNIT_SCADA,1,"2019/09/05 15:35:00",TORRA1,33.5744
D,DISPATCH,UNIT_SCADA,1,"2019/09/05 15:35:00",TORRA2,0
D,DISPATCH,UNIT_SCADA,1,"2019/09/05 15:35:00",TORRA3,0
D,DISPATCH,UNIT_SCADA,1,"2019/09/05 15:35:00",TORRA4,34.831550
D,DISPATCH,UNIT_SCADA,1,"2019/09/05 15:35:00",TORRB1,48.52
D,DISPATCH,UNIT_SCADA,1,"2019/09/05 15:35:00",TORRB2,62.01
D,DISPATCH,UNIT_SCADA,1,"2019/09/05 15:35:00",TORRB3,49.21
D,DISPATCH,UNIT_SCADA,1,"2019/09/05 15:35:00",TORRB4,0
D,DISPATCH,UNIT_SCADA,1,"2019/09/05 15:35:00",TREVALLN,90.880040
D,DISPATCH,UNIT_SCADA,1,"2019/09/05 15:35:00",TRIBUTE,0
D,DISPATCH,UNIT_SCADA,1,"2019/09/05 15:35:00",TUMUT3,0
D,DISPATCH,UNIT_SCADA,1,"2019/09/05 15:35:00",TUNGATIN,15.50
D,DISPATCH,UNIT_SCADA,1,"2019/09/05 15:35:00",TVCC201,0
D,DISPATCH,UNIT_SCADA,1,"2019/09/05 15:35:00",TVPP104,0
D,DISPATCH,UNIT_SCADA,1,"2019/09/05 15:35:00",UPPTUMUT,89.928740
D,DISPATCH,UNIT_SCADA,1,"2019/09/05 15:35:00",URANQ11,0
D,DISPATCH,UNIT_SCADA,1,"2019/09/05 15:35:00",URANQ12,0
D,DISPATCH,UNIT_SCADA,1,"2019/09/05 15:35:00",URANQ13,155.3125
D,DISPATCH,UNIT_SCADA,1,"2019/09/05 15:35:00",URANQ14,0
D,DISPATCH,UNIT_SCADA,1,"2019/09/05 15:35:00",VP5,512.299990
D,DISPATCH,UNIT_SCADA,1,"2019/09/05 15:35:00",VP6,0
D,DISPATCH,UNIT_SCADA,1,"2019/09/05 15:35:00",VPGS1,0
D,DISPATCH,UNIT_SCADA,1,"2019/09/05 15:35:00",VPGS2,0
D,DISPATCH,UNIT_SCADA,1,"2019/09/05 15:35:00",VPGS3,0
D,DISPATCH,UNIT_SCADA,1,"2019/09/05 15:35:00",VPGS4,0
D,DISPATCH,UNIT_SCADA,1,"2019/09/05 15:35:00",VPGS5,0
D,DISPATCH,UNIT_SCADA,1,"2019/09/05 15:35:00",VPGS6,0
D,DISPATCH,UNIT_SCADA,1,"2019/09/05 15:35:00",W/HOE#1,0
D,DISPATCH,UNIT_SCADA,1,"2019/09/05 15:35:00",W/HOE#2,0
D,DISPATCH,UNIT_SCADA,1,"2019/09/05 15:35:00",WATERLWF,106.10
D,DISPATCH,UNIT_SCADA,1,"2019/09/05 15:35:00",WEMENSF1,67.60
D,DISPATCH,UNIT_SCADA,1,"2019/09/05 15:35:00",WGWF1,60.80
D,DISPATCH,UNIT_SCADA,1,"2019/09/05 15:35:00",WHITSF1,41.50
D,DISPATCH,UNIT_SCADA,1,"2019/09/05 15:35:00",WKIEWA1,0
D,DISPATCH,UNIT_SCADA,1,"2019/09/05 15:35:00",WKIEWA2,0.10
D,DISPATCH,UNIT_SCADA,1,"2019/09/05 15:35:00",WOODLWN1,1.2150
D,DISPATCH,UNIT_SCADA,1,"2019/09/05 15:35:00",WRSF1,11.55
D,DISPATCH,UNIT_SCADA,1,"2019/09/05 15:35:00",WRWF1,104.307510
D,DISPATCH,UNIT_SCADA,1,"2019/09/05 15:35:00",YABULU,0
D,DISPATCH,UNIT_SCADA,1,"2019/09/05 15:35:00",YABULU2,0
D,DISPATCH,UNIT_SCADA,1,"2019/09/05 15:35:00",YARWUN_1,118.74
D,DISPATCH,UNIT_SCADA,1,"2019/09/05 15:35:00",YENDWF1,24.40
D,DISPATCH,UNIT_SCADA,1,"2019/09/05 15:35:00",YWPS1,381.202550
D,DISPATCH,UNIT_SCADA,1,"2019/09/05 15:35:00",YWPS2,281.701260
D,DISPATCH,UNIT_SCADA,1,"2019/09/05 15:35:00",YWPS3,327.208860
D,DISPATCH,UNIT_SCADA,1,"2019/09/05 15:35:00",YWPS4,388.1810
C,"END OF REPORT",335
