C,NEMP.WORLD,DISPATCHSCADA,AEMO,PUBLIC,2019/09/05,15:45:08,0000000312427745,DISPATCHSCADA,0000000312427739
I,DISPATCH,UNIT_SCADA,1,SETTLEMENTDATE,DUID,SCADAVALUE
D,DISPATCH,UNIT_SCADA,1,"2019/09/05 15:50:00",BARCSF1,8.900001
D,DISPATCH,UNIT_SCADA,1,"2019/09/05 15:50:00",BUTLERSG,10.199999
D,DISPATCH,UNIT_SCADA,1,"2019/09/05 15:50:00",CALL_A_4,0
D,DISPATCH,UNIT_SCADA,1,"2019/09/05 15:50:00",CAPTL_WF,0
D,DISPATCH,UNIT_SCADA,1,"2019/09/05 15:50:00",CATHROCK,30.429998
D,DISPATCH,UNIT_SCADA,1,"2019/09/05 15:50:00",CHALLHWF,0.40
D,DISPATCH,UNIT_SCADA,1,"2019/09/05 15:50:00",CLOVER,-0.01
D,DISPATCH,UNIT_SCADA,1,"2019/09/05 15:50:00",CLUNY,18.159304
D,DISPATCH,UNIT_SCADA,1,"2019/09/05 15:50:00",CNUNDAWF,28.833635
D,DISPATCH,UNIT_SCADA,1,"2019/09/05 15:50:00",CULLRGWF,-0.05
D,DISPATCH,UNIT_SCADA,1,"2019/09/05 15:50:00",ERGT01,0
D,DISPATCH,UNIT_SCADA,1,"2019/09/05 15:50:00",GB01,0.005070
D,DISPATCH,UNIT_SCADA,1,"2019/09/05 15:50:00",GERMCRK,32.700001
D,DISPATCH,UNIT_SCADA,1,"2019/09/05 15:50:00",GRIFSF1,23.50
D,DISPATCH,UNIT_SCADA,1,"2019/09/05 15:50:00",HUGSF1,8.957001
D,DISPATCH,UNIT_SCADA,1,"2019/09/05 15:50:00",LKBONNY1,48.941532
D,DISPATCH,UNIT_SCADA,1,"2019/09/05 15:50:00",LRSF1,-0.0340
D,DISPATCH,UNIT_SCADA,1,"2019/09/05 15:50:00",MBAHNTH,46.481247
D,DISPATCH,UNIT_SCADA,1,"2019/09/05 15:50:00",MLSP1,1.650001
D,DISPATCH,UNIT_SCADA,1,"2019/09/05 15:50:00",MLWF1,8.70
D,DISPATCH,UNIT_SCADA,1,"2019/09/05 15:50:00",MTMILLAR,33.039421
D,DISPATCH,UNIT_SCADA,1,"2019/09/05 15:50:00",PALOONA,25.439999
D,DISPATCH,UNIT_SCADA,1,"2019/09/05 15:50:00",PIONEER,32.50
D,DISPATCH,UNIT_SCADA,1,"2019/09/05 15:50:00",PORTWF,49.799999
D,DISPATCH,UNIT_SCADA,1,"2019/09/05 15:50:00",REPULSE,29.190510
D,DISPATCH,UNIT_SCADA,1,"2019/09/05 15:50:00",ROWALLAN,10.5009
D,DISPATCH,UNIT_SCADA,1,"2019/09/05 15:50:00",ROYALLA1,2.9520
D,DISPATCH,UNIT_SCADA,1,"2019/09/05 15:50:00",RPCG,11.50
D,DISPATCH,UNIT_SCADA,1,"2019/09/05 15:50:00",RUBICON,0
D,DISPATCH,UNIT_SCADA,1,"2019/09/05 15:50:00",SATGN1,0
D,DISPATCH,UNIT_SCADA,1,"2019/09/05 15:50:00",SATGS1,0
D,DISPATCH,UNIT_SCADA,1,"2019/09/05 15:50:00",STARHLWF,26.292334
D,DISPATCH,UNIT_SCADA,1,"2019/09/05 15:50:00",WAUBRAWF,60.478001
D,DISPATCH,UNIT_SCADA,1,"2019/09/05 15:50:00",WOOLNTH1,31.040016
D,DISPATCH,UNIT_SCADA,1,"2019/09/05 15:50:00",WPWF,68
D,DISPATCH,UNIT_SCADA,1,"2019/09/05 15:50:00",YAMBUKWF,12.60
D,DISPATCH,UNIT_SCADA,1,"2019/09/05 15:50:00",YSWF1,0
D,DISPATCH,UNIT_SCADA,1,"2019/09/05 15:50:00",AGLHAL,0
D,DISPATCH,UNIT_SCADA,1,"2019/09/05 15:50:00",AGLSOM,0
D,DISPATCH,UNIT_SCADA,1,"2019/09/05 15:50:00",ANGAST1,0
D,DISPATCH,UNIT_SCADA,1,"2019/09/05 15:50:00",ARWF1,21.20
D,DISPATCH,UNIT_SCADA,1,"2019/09/05 15:50:00",BALBG1,0
D,DISPATCH,UNIT_SCADA,1,"2019/09/05 15:50:00",BALBL1,26.39
D,DISPATCH,UNIT_SCADA,1,"2019/09/05 15:50:00",BALDHWF1,64.7060
D,DISPATCH,UNIT_SCADA,1,"2019/09/05 15:50:00",BANN1,60
D,DISPATCH,UNIT_SCADA,1,"2019/09/05 15:50:00",BARCALDN,0
D,DISPATCH,UNIT_SCADA,1,"2019/09/05 15:50:00",BARRON-1,26.04
D,DISPATCH,UNIT_SCADA,1,"2019/09/05 15:50:00",BARRON-2,0
D,DISPATCH,UNIT_SCADA,1,"2019/09/05 15:50:00",BASTYAN,80.960010
D,DISPATCH,UNIT_SCADA,1,"2019/09/05 15:50:00",BBTHREE1,0
D,DISPATCH,UNIT_SCADA,1,"2019/09/05 15:50:00",BBTHREE2,0
D,DISPATCH,UNIT_SCADA,1,"2019/09/05 15:50:00",BBTHREE3,0
D,DISPATCH,UNIT_SCADA,1,"2019/09/05 15:50:00",BDL01,0
D,DISPATCH,UNIT_SCADA,1,"2019/09/05 15:50:00",BDL02,0
D,DISPATCH,UNIT_SCADA,1,"2019/09/05 15:50:00",BERYLSF1,65.500120
D,DISPATCH,UNIT_SCADA,1,"2019/09/05 15:50:00",BLOWERNG,15.50
D,DISPATCH,UNIT_SCADA,1,"2019/09/05 15:50:00",BLUFF1,33
D,DISPATCH,UNIT_SCADA,1,"2019/09/05 15:50:00",BNGSF1,96.27
D,DISPATCH,UNIT_SCADA,1,"2019/09/05 15:50:00",BNGSF2,20.03
D,DISPATCH,UNIT_SCADA,1,"2019/09/05 15:50:00",BOCORWF1,105.96
D,DISPATCH,UNIT_SCADA,1,"2019/09/05 15:50:00",BODWF1,53.778830
D,DISPATCH,UNIT_SCADA,1,"2019/09/05 15:50:00",BRAEMAR1,0
D,DISPATCH,UNIT_SCADA,1,"2019/09/05 15:50:00",BRAEMAR2,0
D,DISPATCH,UNIT_SCADA,1,"2019/09/05 15:50:00",BRAEMAR3,0
D,DISPATCH,UNIT_SCADA,1,"2019/09/05 15:50:00",BRAEMAR5,0
D,DISPATCH,UNIT_SCADA,1,"2019/09/05 15:50:00",BRAEMAR6,0
D,DISPATCH,UNIT_SCADA,1,"2019/09/05 15:50:00",BRAEMAR7,0
D,DISPATCH,UNIT_SCADA,1,"2019/09/05 15:50:00",BROKENH1,38.193850
D,DISPATCH,UNIT_SCADA,1,"2019/09/05 15:50:00",BW01,547.824950
D,DISPATCH,UNIT_SCADA,1,"2019/09/05 15:50:00",BW02,634.574950
D,DISPATCH,UNIT_SCADA,1,"2019/09/05 15:50:00",BW03,642.550050
D,DISPATCH,UNIT_SCADA,1,"2019/09/05 15:50:00",BW04,0
D,DISPATCH,UNIT_SCADA,1,"2019/09/05 15:50:00",CALL_B_1,317.800020
D,DISPATCH,UNIT_SCADA,1,"2019/09/05 15:50:00",CALL_B_2,237
D,DISPATCH,UNIT_SCADA,1,"2019/09/05 15:50:00",CETHANA,97.585750
D,DISPATCH,UNIT_SCADA,1,"2019/09/05 15:50:00",CG1,0
D,DISPATCH,UNIT_SCADA,1,"2019/09/05 15:50:00",CG2,0
D,DISPATCH,UNIT_SCADA,1,"2019/09/05 15:50:00",CG3,0
D,DISPATCH,UNIT_SCADA,1,"2019/09/05 15:50:00",CG4,0
D,DISPATCH,UNIT_SCADA,1,"2019/09/05 15:50:00",CHILDSF1,52.41
D,DISPATCH,UNIT_SCADA,1,"2019/09/05 15:50:00",CLARESF1,45.629440
D,DISPATCH,UNIT_SCADA,1,"2019/09/05 15:50:00",CLEMGPWF,21.826610
D,DISPATCH,UNIT_SCADA,1,"2019/09/05 15:50:00",CLERMSF1,14.35
D,DISPATCH,UNIT_SCADA,1,"2019/09/05 15:50:00",COLEASF1,124.20
D,DISPATCH,UNIT_SCADA,1,"2019/09/05 15:50:00",COOPGWF1,5.196930
D,DISPATCH,UNIT_SCADA,1,"2019/09/05 15:50:00",CPP_3,280.774990
D,DISPATCH,UNIT_SCADA,1,"2019/09/05 15:50:00",CPP_4,280.50
D,DISPATCH,UNIT_SCADA,1,"2019/09/05 15:50:00",CPSA,74.819370
D,DISPATCH,UNIT_SCADA,1,"2019/09/05 15:50:00",CROOKWF2,0
D,DISPATCH,UNIT_SCADA,1,"2019/09/05 15:50:00",CROWLWF1,3.509760
D,DISPATCH,UNIT_SCADA,1,"2019/09/05 15:50:00",CSPVPS1,21.4820
D,DISPATCH,UNIT_SCADA,1,"2019/09/05 15:50:00",DALNTH01,0
D,DISPATCH,UNIT_SCADA,1,"2019/09/05 15:50:00",DALNTHL1,0.013730
D,DISPATCH,UNIT_SCADA,1,"2019/09/05 15:50:00",DARTM1,0
D,DISPATCH,UNIT_SCADA,1,"2019/09/05 15:50:00",DAYDSF1,111.748010
D,DISPATCH,UNIT_SCADA,1,"2019/09/05 15:50:00",DDPS1,178.284850
D,DISPATCH,UNIT_SCADA,1,"2019/09/05 15:50:00",DDSF1,57.686020
D,DISPATCH,UNIT_SCADA,1,"2019/09/05 15:50:00",DEVILS_G,64.020510
D,DISPATCH,UNIT_SCADA,1,"2019/09/05 15:50:00",DG_NSW1,0
D,DISPATCH,UNIT_SCADA,1,"2019/09/05 15:50:00",DG_QLD1,0
D,DISPATCH,UNIT_SCADA,1,"2019/09/05 15:50:00",DG_SA1,0
D,DISPATCH,UNIT_SCADA,1,"2019/09/05 15:50:00",DG_TAS1,0
D,DISPATCH,UNIT_SCADA,1,"2019/09/05 15:50:00",DG_VIC1,0
D,DISPATCH,UNIT_SCADA,1,"2019/09/05 15:50:00",DRYCGT1,0
D,DISPATCH,UNIT_SCADA,1,"2019/09/05 15:50:00",DRYCGT2,0
D,DISPATCH,UNIT_SCADA,1,"2019/09/05 15:50:00",DRYCGT3,0
D,DISPATCH,UNIT_SCADA,1,"2019/09/05 15:50:00",EILDON1,0
D,DISPATCH,UNIT_SCADA,1,"2019/09/05 15:50:00",EILDON2,0
D,DISPATCH,UNIT_SCADA,1,"2019/09/05 15:50:00",EMERASF1,62.61
D,DISPATCH,UNIT_SCADA,1,"2019/09/05 15:50:00",ER01,565.200070
D,DISPATCH,UNIT_SCADA,1,"2019/09/05 15:50:00",ER02,354
D,DISPATCH,UNIT_SCADA,1,"2019/09/05 15:50:00",ER03,0
D,DISPATCH,UNIT_SCADA,1,"2019/09/05 15:50:00",ER04,674.724980
D,DISPATCH,UNIT_SCADA,1,"2019/09/05 15:50:00",FINLYSF1,7.306240
D,DISPATCH,UNIT_SCADA,1,"2019/09/05 15:50:00",FISHER,45.95
D,DISPATCH,UNIT_SCADA,1,"2019/09/05 15:50:00",GANNBG1,1.165340
D,DISPATCH,UNIT_SCADA,1,"2019/09/05 15:50:00",GANNBL1,0
D,DISPATCH,UNIT_SCADA,1,"2019/09/05 15:50:00",GANNSF1,43
D,DISPATCH,UNIT_SCADA,1,"2019/09/05 15:50:00",GORDON,19.666640
D,DISPATCH,UNIT_SCADA,1,"2019/09/05 15:50:00",GSTONE1,129.6750
D,DISPATCH,UNIT_SCADA,1,"2019/09/05 15:50:00",GSTONE2,110.25
D,DISPATCH,UNIT_SCADA,1,"2019/09/05 15:50:00",GSTONE3,0
D,DISPATCH,UNIT_SCADA,1,"2019/09/05 15:50:00",GSTONE4,142.274990
D,DISPATCH,UNIT_SCADA,1,"2019/09/05 15:50:00",GSTONE5,141.75
D,DISPATCH,UNIT_SCADA,1,"2019/09/05 15:50:00",GSTONE6,142.974990
D,DISPATCH,UNIT_SCADA,1,"2019/09/05 15:50:00",GULLRSF1,5.734250
D,DISPATCH,UNIT_SCADA,1,"2019/09/05 15:50:00",GULLRWF1,1.628110
D,DISPATCH,UNIT_SCADA,1,"2019/09/05 15:50:00",GUNNING1,-0.455120
D,DISPATCH,UNIT_SCADA,1,"2019/09/05 15:50:00",GUTHEGA,0
D,DISPATCH,UNIT_SCADA,1,"2019/09/05 15:50:00",HALLWF1,9.83
D,DISPATCH,UNIT_SCADA,1,"2019/09/05 15:50:00",HALLWF2,9.74
D,DISPATCH,UNIT_SCADA,1,"2019/09/05 15:50:00",HAMISF1,42.50
D,DISPATCH,UNIT_SCADA,1,"2019/09/05 15:50:00",HAUGHT11,91.500540
D,DISPATCH,UNIT_SCADA,1,"2019/09/05 15:50:00",HAYMSF1,39.0050
D,DISPATCH,UNIT_SCADA,1,"2019/09/05 15:50:00",HDWF1,52.50
D,DISPATCH,UNIT_SCADA,1,"2019/09/05 15:50:00",HDWF2,45.30
D,DISPATCH,UNIT_SCADA,1,"2019/09/05 15:50:00",HDWF3,55.60
D,DISPATCH,UNIT_SCADA,1,"2019/09/05 15:50:00",HPRG1,3.40
D,DISPATCH,UNIT_SCADA,1,"2019/09/05 15:50:00",HPRL1,0
D,DISPATCH,UNIT_SCADA,1,"2019/09/05 15:50:00",HUMENSW,0
D,DISPATCH,UNIT_SCADA,1,"2019/09/05 15:50:00",HUMEV,24.80
D,DISPATCH,UNIT_SCADA,1,"2019/09/05 15:50:00",HVGTS,0
D,DISPATCH,UNIT_SCADA,1,"2019/09/05 15:50:00",JBUTTERS,18.83
D,DISPATCH,UNIT_SCADA,1,"2019/09/05 15:50:00",JLA01,0.10
D,DISPATCH,UNIT_SCADA,1,"2019/09/05 15:50:00",JLA02,0
D,DISPATCH,UNIT_SCADA,1,"2019/09/05 15:50:00",JLA03,0
D,DISPATCH,UNIT_SCADA,1,"2019/09/05 15:50:00",JLA04,0
D,DISPATCH,UNIT_SCADA,1,"2019/09/05 15:50:00",JLB01,0
D,DISPATCH,UNIT_SCADA,1,"2019/09/05 15:50:00",JLB02,29.80
D,DISPATCH,UNIT_SCADA,1,"2019/09/05 15:50:00",JLB03,0
D,DISPATCH,UNIT_SCADA,1,"2019/09/05 15:50:00",KAREEYA1,21.4475
D,DISPATCH,UNIT_SCADA,1,"2019/09/05 15:50:00",KAREEYA2,21.5625
D,DISPATCH,UNIT_SCADA,1,"2019/09/05 15:50:00",KAREEYA3,0
D,DISPATCH,UNIT_SCADA,1,"2019/09/05 15:50:00",KAREEYA4,21.4425
D,DISPATCH,UNIT_SCADA,1,"2019/09/05 15:50:00",KARSF1,77.50
D,DISPATCH,UNIT_SCADA,1,"2019/09/05 15:50:00",KIATAWF1,4.50
D,DISPATCH,UNIT_SCADA,1,"2019/09/05 15:50:00",KPP_1,0
D,DISPATCH,UNIT_SCADA,1,"2019/09/05 15:50:00",KSP1,46.29
D,DISPATCH,UNIT_SCADA,1,"2019/09/05 15:50:00",LADBROK1,0
D,DISPATCH,UNIT_SCADA,1,"2019/09/05 15:50:00",LADBROK2,0
D,DISPATCH,UNIT_SCADA,1,"2019/09/05 15:50:00",LD01,384.412450
D,DISPATCH,UNIT_SCADA,1,"2019/09/05 15:50:00",LD02,381.037450
D,DISPATCH,UNIT_SCADA,1,"2019/09/05 15:50:00",LD03,380.6250
D,DISPATCH,UNIT_SCADA,1,"2019/09/05 15:50:00",LD04,379.237520
D,DISPATCH,UNIT_SCADA,1,"2019/09/05 15:50:00",LEM_WIL,85.299150
D,DISPATCH,UNIT_SCADA,1,"2019/09/05 15:50:00",LGAPWF1,13.29
D,DISPATCH,UNIT_SCADA,1,"2019/09/05 15:50:00",LILYSF1,77.594620
D,DISPATCH,UNIT_SCADA,1,"2019/09/05 15:50:00",LI_WY_CA,132.346330
D,DISPATCH,UNIT_SCADA,1,"2019/09/05 15:50:00",LKBONNY2,104.1734
D,DISPATCH,UNIT_SCADA,1,"2019/09/05 15:50:00",LKBONNY3,22.663740
D,DISPATCH,UNIT_SCADA,1,"2019/09/05 15:50:00",LK_ECHO,0
D,DISPATCH,UNIT_SCADA,1,"2019/09/05 15:50:00",LNGS1,0
D,DISPATCH,UNIT_SCADA,1,"2019/09/05 15:50:00",LNGS2,0
D,DISPATCH,UNIT_SCADA,1,"2019/09/05 15:50:00",LONSDALE,0
D,DISPATCH,UNIT_SCADA,1,"2019/09/05 15:50:00",LOYYB1,535.712650
D,DISPATCH,UNIT_SCADA,1,"2019/09/05 15:50:00",LOYYB2,551.5025
D,DISPATCH,UNIT_SCADA,1,"2019/09/05 15:50:00",LYA1,0
D,DISPATCH,UNIT_SCADA,1,"2019/09/05 15:50:00",LYA2,0
D,DISPATCH,UNIT_SCADA,1,"2019/09/05 15:50:00",LYA3,558
D,DISPATCH,UNIT_SCADA,1,"2019/09/05 15:50:00",LYA4,541
D,DISPATCH,UNIT_SCADA,1,"2019/09/05 15:50:00",MACARTH1,246.094310
D,DISPATCH,UNIT_SCADA,1,"2019/09/05 15:50:00",MACKAYGT,0.2240
D,DISPATCH,UNIT_SCADA,1,"2019/09/05 15:50:00",MACKNTSH,88.88
D,DISPATCH,UNIT_SCADA,1,"2019/09/05 15:50:00",MANSLR1,38.2340
D,DISPATCH,UNIT_SCADA,1,"2019/09/05 15:50:00",MCKAY1,-0.0350
D,DISPATCH,UNIT_SCADA,1,"2019/09/05 15:50:00",MEADOWBK,33.953040
D,DISPATCH,UNIT_SCADA,1,"2019/09/05 15:50:00",MERCER01,22.67
D,DISPATCH,UNIT_SCADA,1,"2019/09/05 15:50:00",MEWF1,0
D,DISPATCH,UNIT_SCADA,1,"2019/09/05 15:50:00",MINTARO,0
D,DISPATCH,UNIT_SCADA,1,"2019/09/05 15:50:00",MOREESF1,48.6240
D,DISPATCH,UNIT_SCADA,1,"2019/09/05 15:50:00",MORTLK11,260
D,DISPATCH,UNIT_SCADA,1,"2019/09/05 15:50:00",MORTLK12,0
D,DISPATCH,UNIT_SCADA,1,"2019/09/05 15:50:00",MP1,221.424990
D,DISPATCH,UNIT_SCADA,1,"2019/09/05 15:50:00",MP2,0
D,DISPATCH,UNIT_SCADA,1,"2019/09/05 15:50:00",MPP_1,402.25
D,DISPATCH,UNIT_SCADA,1,"2019/09/05 15:50:00",MPP_2,377
D,DISPATCH,UNIT_SCADA,1,"2019/09/05 15:50:00",MSTUART1,0
D,DISPATCH,UNIT_SCADA,1,"2019/09/05 15:50:00",MSTUART2,0
D,DISPATCH,UNIT_SCADA,1,"2019/09/05 15:50:00",MSTUART3,0
D,DISPATCH,UNIT_SCADA,1,"2019/09/05 15:50:00",MTGELWF1,28.313550
D,DISPATCH,UNIT_SCADA,1,"2019/09/05 15:50:00",MURRAY,0
D,DISPATCH,UNIT_SCADA,1,"2019/09/05 15:50:00",MUSSELR1,8.80
D,DISPATCH,UNIT_SCADA,1,"2019/09/05 15:50:00",MUWAWF1,14.16
D,DISPATCH,UNIT_SCADA,1,"2019/09/05 15:50:00",NBHWF1,90.70
D,DISPATCH,UNIT_SCADA,1,"2019/09/05 15:50:00",NPS,58.8750
D,DISPATCH,UNIT_SCADA,1,"2019/09/05 15:50:00",NUMURSF1,94.54
D,DISPATCH,UNIT_SCADA,1,"2019/09/05 15:50:00",NYNGAN1,58.25
D,DISPATCH,UNIT_SCADA,1,"2019/09/05 15:50:00",OAKEY1,0
D,DISPATCH,UNIT_SCADA,1,"2019/09/05 15:50:00",OAKEY1SF,22.4150
D,DISPATCH,UNIT_SCADA,1,"2019/09/05 15:50:00",OAKEY2,0
D,DISPATCH,UNIT_SCADA,1,"2019/09/05 15:50:00",OAKEY2SF,0
D,DISPATCH,UNIT_SCADA,1,"2019/09/05 15:50:00",OAKLAND1,16.70
D,DISPATCH,UNIT_SCADA,1,"2019/09/05 15:50:00",OSB-AG,139.989990
D,DISPATCH,UNIT_SCADA,1,"2019/09/05 15:50:00",PARSF1,44.50
D,DISPATCH,UNIT_SCADA,1,"2019/09/05 15:50:00",POAT110,0
D,DISPATCH,UNIT_SCADA,1,"2019/09/05 15:50:00",POAT220,0
D,DISPATCH,UNIT_SCADA,1,"2019/09/05 15:50:00",POR01,0
D,DISPATCH,UNIT_SCADA,1,"2019/09/05 15:50:00",POR03,0
D,DISPATCH,UNIT_SCADA,1,"2019/09/05 15:50:00",PPCCGT,124.561560
D,DISPATCH,UNIT_SCADA,1,"2019/09/05 15:50:00",PTSTAN1,0
D,DISPATCH,UNIT_SCADA,1,"2019/09/05 15:50:00",PUMP1,0
D,DISPATCH,UNIT_SCADA,1,"2019/09/05 15:50:00",PUMP2,0
D,DISPATCH,UNIT_SCADA,1,"2019/09/05 15:50:00",QPS1,0
D,DISPATCH,UNIT_SCADA,1,"2019/09/05 15:50:00",QPS2,0
D,DISPATCH,UNIT_SCADA,1,"2019/09/05 15:50:00",QPS3,0
D,DISPATCH,UNIT_SCADA,1,"2019/09/05 15:50:00",QPS4,0
D,DISPATCH,UNIT_SCADA,1,"2019/09/05 15:50:00",QPS5,0
D,DISPATCH,UNIT_SCADA,1,"2019/09/05 15:50:00",REECE1,100.240010
D,DISPATCH,UNIT_SCADA,1,"2019/09/05 15:50:00",REECE2,101.760010
D,DISPATCH,UNIT_SCADA,1,"2019/09/05 15:50:00",ROMA_7,0
D,DISPATCH,UNIT_SCADA,1,"2019/09/05 15:50:00",ROMA_8,0
D,DISPATCH,UNIT_SCADA,1,"2019/09/05 15:50:00",RRSF1,103.399540
D,DISPATCH,UNIT_SCADA,1,"2019/09/05 15:50:00",RT_NSW1,0
D,DISPATCH,UNIT_SCADA,1,"2019/09/05 15:50:00",RT_NSW2,0
D,DISPATCH,UNIT_SCADA,1,"2019/09/05 15:50:00",RT_NSW3,0
D,DISPATCH,UNIT_SCADA,1,"2019/09/05 15:50:00",RT_NSW4,0
D,DISPATCH,UNIT_SCADA,1,"2019/09/05 15:50:00",RT_NSW5,0
D,DISPATCH,UNIT_SCADA,1,"2019/09/05 15:50:00",RT_NSW6,0
D,DISPATCH,UNIT_SCADA,1,"2019/09/05 15:50:00",RT_QLD1,0
D,DISPATCH,UNIT_SCADA,1,"2019/09/05 15:50:00",RT_SA1,0
D,DISPATCH,UNIT_SCADA,1,"2019/09/05 15:50:00",RT_SA2,0
D,DISPATCH,UNIT_SCADA,1,"2019/09/05 15:50:00",RT_SA3,0
D,DISPATCH,UNIT_SCADA,1,"2019/09/05 15:50:00",RT_SA4,0
D,DISPATCH,UNIT_SCADA,1,"2019/09/05 15:50:00",RT_SA5,0
D,DISPATCH,UNIT_SCADA,1,"2019/09/05 15:50:00",RT_SA6,0
D,DISPATCH,UNIT_SCADA,1,"2019/09/05 15:50:00",RT_TAS1,0
D,DISPATCH,UNIT_SCADA,1,"2019/09/05 15:50:00",RT_VIC1,0
D,DISPATCH,UNIT_SCADA,1,"2019/09/05 15:50:00",RT_VIC10,0
D,DISPATCH,UNIT_SCADA,1,"2019/09/05 15:50:00",RT_VIC11,0
D,DISPATCH,UNIT_SCADA,1,"2019/09/05 15:50:00",RT_VIC12,0
D,DISPATCH,UNIT_SCADA,1,"2019/09/05 15:50:00",RT_VIC2,0
D,DISPATCH,UNIT_SCADA,1,"2019/09/05 15:50:00",RT_VIC3,0
D,DISPATCH,UNIT_SCADA,1,"2019/09/05 15:50:00",RT_VIC4,0
D,DISPATCH,UNIT_SCADA,1,"2019/09/05 15:50:00",RT_VIC5,0
D,DISPATCH,UNIT_SCADA,1,"2019/09/05 15:50:00",RT_VIC6,0
D,DISPATCH,UNIT_SCADA,1,"2019/09/05 15:50:00",RT_VIC7,0
D,DISPATCH,UNIT_SCADA,1,"2019/09/05 15:50:00",RT_VIC8,0
D,DISPATCH,UNIT_SCADA,1,"2019/09/05 15:50:00",RT_VIC9,0
D,DISPATCH,UNIT_SCADA,1,"2019/09/05 15:50:00",RUGBYR1,61.075450
D,DISPATCH,UNIT_SCADA,1,"2019/09/05 15:50:00",SALTCRK1,14.39
D,DISPATCH,UNIT_SCADA,1,"2019/09/05 15:50:00",SAPHWF1,123.440610
D,DISPATCH,UNIT_SCADA,1,"2019/09/05 15:50:00",SHGEN,0
D,DISPATCH,UNIT_SCADA,1,"2019/09/05 15:50:00",SHPUMP,0
D,DISPATCH,UNIT_SCADA,1,"2019/09/05 15:50:00",SITHE01,0.234240
D,DISPATCH,UNIT_SCADA,1,"2019/09/05 15:50:00",SMCSF1,55.732660
D,DISPATCH,UNIT_SCADA,1,"2019/09/05 15:50:00",SNOWNTH1,82.70
D,DISPATCH,UNIT_SCADA,1,"2019/09/05 15:50:00",SNOWSTH1,78
D,DISPATCH,UNIT_SCADA,1,"2019/09/05 15:50:00",SNOWTWN1,60.368210
D,DISPATCH,UNIT_SCADA,1,"2019/09/05 15:50:00",SNOWYP,0
D,DISPATCH,UNIT_SCADA,1,"2019/09/05 15:50:00",SNUG1,0.019440
D,DISPATCH,UNIT_SCADA,1,"2019/09/05 15:50:00",SRSF1,56.33
D,DISPATCH,UNIT_SCADA,1,"2019/09/05 15:50:00",STAN-1,351.399990
D,DISPATCH,UNIT_SCADA,1,"2019/09/05 15:50:00",STAN-2,221.5685
D,DISPATCH,UNIT_SCADA,1,"2019/09/05 15:50:00",STAN-3,224.324330
D,DISPATCH,UNIT_SCADA,1,"2019/09/05 15:50:00",STAN-4,220.120090
D,DISPATCH,UNIT_SCADA,1,"2019/09/05 15:50:00",STWF1,0
D,DISPATCH,UNIT_SCADA,1,"2019/09/05 15:50:00",SWAN_E,0
D,DISPATCH,UNIT_SCADA,1,"2019/09/05 15:50:00",TALWA1,413
D,DISPATCH,UNIT_SCADA,1,"2019/09/05 15:50:00",TARALGA1,9.232510
D,DISPATCH,UNIT_SCADA,1,"2019/09/05 15:50:00",TARONG#1,349.50
D,DISPATCH,UNIT_SCADA,1,"2019/09/05 15:50:00",TARONG#2,0
D,DISPATCH,UNIT_SCADA,1,"2019/09/05 15:50:00",TARONG#3,279.300020
D,DISPATCH,UNIT_SCADA,1,"2019/09/05 15:50:00",TARONG#4,348
D,DISPATCH,UNIT_SCADA,1,"2019/09/05 15:50:00",TARRALEA,73.90
D,DISPATCH,UNIT_SCADA,1,"2019/09/05 15:50:00",TBSF1,0
D,DISPATCH,UNIT_SCADA,1,"2019/09/05 15:50:00",TNPS1,379.000030
D,DISPATCH,UNIT_SCADA,1,"2019/09/05 15:50:00",TORRA1,39.4114
D,DISPATCH,UNIT_SCADA,1,"2019/09/05 15:50:00",TORRA2,0
D,DISPATCH,UNIT_SCADA,1,"2019/09/05 15:50:00",TORRA3,0
D,DISPATCH,UNIT_SCADA,1,"2019/09/05 15:50:00",TORRA4,40.574550
D,DISPATCH,UNIT_SCADA,1,"2019/09/05 15:50:00",TORRB1,43.87
D,DISPATCH,UNIT_SCADA,1,"2019/09/05 15:50:00",TORRB2,65.37
D,DISPATCH,UNIT_SCADA,1,"2019/09/05 15:50:00",TORRB3,43.83
D,DISPATCH,UNIT_SCADA,1,"2019/09/05 15:50:00",TORRB4,0
D,DISPATCH,UNIT_SCADA,1,"2019/09/05 15:50:00",TREVALLN,91.190030
D,DISPATCH,UNIT_SCADA,1,"2019/09/05 15:50:00",TRIBUTE,0
D,DISPATCH,UNIT_SCADA,1,"2019/09/05 15:50:00",TUMUT3,0
D,DISPATCH,UNIT_SCADA,1,"2019/09/05 15:50:00",TUNGATIN,28.20
D,DISPATCH,UNIT_SCADA,1,"2019/09/05 15:50:00",TVCC201,0
D,DISPATCH,UNIT_SCADA,1,"2019/09/05 15:50:00",TVPP104,0
D,DISPATCH,UNIT_SCADA,1,"2019/09/05 15:50:00",UPPTUMUT,193.730960
D,DISPATCH,UNIT_SCADA,1,"2019/09/05 15:50:00",URANQ11,0
D,DISPATCH,UNIT_SCADA,1,"2019/09/05 15:50:00",URANQ12,0
D,DISPATCH,UNIT_SCADA,1,"2019/09/05 15:50:00",URANQ13,154.806240
D,DISPATCH,UNIT_SCADA,1,"2019/09/05 15:50:00",URANQ14,0
D,DISPATCH,UNIT_SCADA,1,"2019/09/05 15:50:00",VP5,525.349980
D,DISPATCH,UNIT_SCADA,1,"2019/09/05 15:50:00",VP6,0
D,DISPATCH,UNIT_SCADA,1,"2019/09/05 15:50:00",VPGS1,0
D,DISPATCH,UNIT_SCADA,1,"2019/09/05 15:50:00",VPGS2,0
D,DISPATCH,UNIT_SCADA,1,"2019/09/05 15:50:00",VPGS3,0
D,DISPATCH,UNIT_SCADA,1,"2019/09/05 15:50:00",VPGS4,0
D,DISPATCH,UNIT_SCADA,1,"2019/09/05 15:50:00",VPGS5,0
D,DISPATCH,UNIT_SCADA,1,"2019/09/05 15:50:00",VPGS6,0
D,DISPATCH,UNIT_SCADA,1,"2019/09/05 15:50:00",W/HOE#1,0
D,DISPATCH,UNIT_SCADA,1,"2019/09/05 15:50:00",W/HOE#2,0
D,DISPATCH,UNIT_SCADA,1,"2019/09/05 15:50:00",WATERLWF,109.30
D,DISPATCH,UNIT_SCADA,1,"2019/09/05 15:50:00",WEMENSF1,65.80
D,DISPATCH,UNIT_SCADA,1,"2019/09/05 15:50:00",WGWF1,48.90
D,DISPATCH,UNIT_SCADA,1,"2019/09/05 15:50:00",WHITSF1,41.30
D,DISPATCH,UNIT_SCADA,1,"2019/09/05 15:50:00",WKIEWA1,0
D,DISPATCH,UNIT_SCADA,1,"2019/09/05 15:50:00",WKIEWA2,0.10
D,DISPATCH,UNIT_SCADA,1,"2019/09/05 15:50:00",WOODLWN1,2.105990
D,DISPATCH,UNIT_SCADA,1,"2019/09/05 15:50:00",WRSF1,10.12
D,DISPATCH,UNIT_SCADA,1,"2019/09/05 15:50:00",WRWF1,93.581250
D,DISPATCH,UNIT_SCADA,1,"2019/09/05 15:50:00",YABULU,0
D,DISPATCH,UNIT_SCADA,1,"2019/09/05 15:50:00",YABULU2,0
D,DISPATCH,UNIT_SCADA,1,"2019/09/05 15:50:00",YARWUN_1,119.10
D,DISPATCH,UNIT_SCADA,1,"2019/09/05 15:50:00",YENDWF1,22.14
D,DISPATCH,UNIT_SCADA,1,"2019/09/05 15:50:00",YWPS1,380.9519
D,DISPATCH,UNIT_SCADA,1,"2019/09/05 15:50:00",YWPS2,279.6962
D,DISPATCH,UNIT_SCADA,1,"2019/09/05 15:50:00",YWPS3,332.572140
D,DISPATCH,UNIT_SCADA,1,"2019/09/05 15:50:00",YWPS4,391.003780
C,"END OF REPORT",335
