C,NEMP.WORLD,DISPATCHSCADA,AEMO,PUBLIC,2019/08/20,22:20:09,0000000311802790,DISPATCHSCADA,0000000311802784
I,DISPATCH,UNIT_SCADA,1,SETTLEMENTDATE,DUID,SCADAVALUE
D,DISPATCH,UNIT_SCADA,1,"2019/08/20 22:25:00",BARCSF1,0.50
D,DISPATCH,UNIT_SCADA,1,"2019/08/20 22:25:00",BUTLERSG,9.699999
D,DISPATCH,UNIT_SCADA,1,"2019/08/20 22:25:00",CALL_A_4,0
D,DISPATCH,UNIT_SCADA,1,"2019/08/20 22:25:00",CAPTL_WF,130.552002
D,DISPATCH,UNIT_SCADA,1,"2019/08/20 22:25:00",CATHROCK,48.369999
D,DISPATCH,UNIT_SCADA,1,"2019/08/20 22:25:00",CHALLHWF,35.200001
D,DISPATCH,UNIT_SCADA,1,"2019/08/20 22:25:00",CLOVER,-0.01
D,DISPATCH,UNIT_SCADA,1,"2019/08/20 22:25:00",CLUNY,20.292515
D,DISPATCH,UNIT_SCADA,1,"2019/08/20 22:25:00",CNUNDAWF,41.148003
D,DISPATCH,UNIT_SCADA,1,"2019/08/20 22:25:00",CULLRGWF,30.32
D,DISPATCH,UNIT_SCADA,1,"2019/08/20 22:25:00",ERGT01,0
D,DISPATCH,UNIT_SCADA,1,"2019/08/20 22:25:00",GB01,0.068787
D,DISPATCH,UNIT_SCADA,1,"2019/08/20 22:25:00",GERMCRK,37.400002
D,DISPATCH,UNIT_SCADA,1,"2019/08/20 22:25:00",GRIFSF1,0
D,DISPATCH,UNIT_SCADA,1,"2019/08/20 22:25:00",HUGSF1,-0.2040
D,DISPATCH,UNIT_SCADA,1,"2019/08/20 22:25:00",LKBONNY1,75.823647
D,DISPATCH,UNIT_SCADA,1,"2019/08/20 22:25:00",LRSF1,0.0290
D,DISPATCH,UNIT_SCADA,1,"2019/08/20 22:25:00",MBAHNTH,56.043747
D,DISPATCH,UNIT_SCADA,1,"2019/08/20 22:25:00",MLSP1,0.283001
D,DISPATCH,UNIT_SCADA,1,"2019/08/20 22:25:00",MLWF1,18.014999
D,DISPATCH,UNIT_SCADA,1,"2019/08/20 22:25:00",MTMILLAR,23.001093
D,DISPATCH,UNIT_SCADA,1,"2019/08/20 22:25:00",PALOONA,23.84
D,DISPATCH,UNIT_SCADA,1,"2019/08/20 22:25:00",PIONEER,33
D,DISPATCH,UNIT_SCADA,1,"2019/08/20 22:25:00",PORTWF,137.199997
D,DISPATCH,UNIT_SCADA,1,"2019/08/20 22:25:00",REPULSE,29.170977
D,DISPATCH,UNIT_SCADA,1,"2019/08/20 22:25:00",ROWALLAN,10.0110
D,DISPATCH,UNIT_SCADA,1,"2019/08/20 22:25:00",ROYALLA1,0
D,DISPATCH,UNIT_SCADA,1,"2019/08/20 22:25:00",RPCG,12.70
D,DISPATCH,UNIT_SCADA,1,"2019/08/20 22:25:00",RUBICON,0
D,DISPATCH,UNIT_SCADA,1,"2019/08/20 22:25:00",SATGN1,0
D,DISPATCH,UNIT_SCADA,1,"2019/08/20 22:25:00",SATGS1,0
D,DISPATCH,UNIT_SCADA,1,"2019/08/20 22:25:00",STARHLWF,7.697755
D,DISPATCH,UNIT_SCADA,1,"2019/08/20 22:25:00",WAUBRAWF,148.042999
D,DISPATCH,UNIT_SCADA,1,"2019/08/20 22:25:00",WOOLNTH1,98.930023
D,DISPATCH,UNIT_SCADA,1,"2019/08/20 22:25:00",WPWF,32
D,DISPATCH,UNIT_SCADA,1,"2019/08/20 22:25:00",YAMBUKWF,30.200001
D,DISPATCH,UNIT_SCADA,1,"2019/08/20 22:25:00",YSWF1,27.60
D,DISPATCH,UNIT_SCADA,1,"2019/08/20 22:25:00",AGLHAL,0
D,DISPATCH,UNIT_SCADA,1,"2019/08/20 22:25:00",AGLSOM,0
D,DISPATCH,UNIT_SCADA,1,"2019/08/20 22:25:00",ANGAST1,0
D,DISPATCH,UNIT_SCADA,1,"2019/08/20 22:25:00",ARWF1,42.900010
D,DISPATCH,UNIT_SCADA,1,"2019/08/20 22:25:00",BALBG1,0
D,DISPATCH,UNIT_SCADA,1,"2019/08/20 22:25:00",BALBL1,0
D,DISPATCH,UNIT_SCADA,1,"2019/08/20 22:25:00",BALDHWF1,103.1660
D,DISPATCH,UNIT_SCADA,1,"2019/08/20 22:25:00",BANN1,0
D,DISPATCH,UNIT_SCADA,1,"2019/08/20 22:25:00",BARCALDN,0
D,DISPATCH,UNIT_SCADA,1,"2019/08/20 22:25:00",BARRON-1,0
D,DISPATCH,UNIT_SCADA,1,"2019/08/20 22:25:00",BARRON-2,29.32
D,DISPATCH,UNIT_SCADA,1,"2019/08/20 22:25:00",BASTYAN,80.23
D,DISPATCH,UNIT_SCADA,1,"2019/08/20 22:25:00",BBTHREE1,-1.86
D,DISPATCH,UNIT_SCADA,1,"2019/08/20 22:25:00",BBTHREE2,-1.81
D,DISPATCH,UNIT_SCADA,1,"2019/08/20 22:25:00",BBTHREE3,0
D,DISPATCH,UNIT_SCADA,1,"2019/08/20 22:25:00",BDL01,0
D,DISPATCH,UNIT_SCADA,1,"2019/08/20 22:25:00",BDL02,0
D,DISPATCH,UNIT_SCADA,1,"2019/08/20 22:25:00",BERYLSF1,0
D,DISPATCH,UNIT_SCADA,1,"2019/08/20 22:25:00",BLOWERNG,0
D,DISPATCH,UNIT_SCADA,1,"2019/08/20 22:25:00",BLUFF1,44.10
D,DISPATCH,UNIT_SCADA,1,"2019/08/20 22:25:00",BNGSF1,0
D,DISPATCH,UNIT_SCADA,1,"2019/08/20 22:25:00",BNGSF2,0
D,DISPATCH,UNIT_SCADA,1,"2019/08/20 22:25:00",BOCORWF1,92.46
D,DISPATCH,UNIT_SCADA,1,"2019/08/20 22:25:00",BODWF1,44.701390
D,DISPATCH,UNIT_SCADA,1,"2019/08/20 22:25:00",BRAEMAR1,0
D,DISPATCH,UNIT_SCADA,1,"2019/08/20 22:25:00",BRAEMAR2,0
D,DISPATCH,UNIT_SCADA,1,"2019/08/20 22:25:00",BRAEMAR3,0
D,DISPATCH,UNIT_SCADA,1,"2019/08/20 22:25:00",BRAEMAR5,0
D,DISPATCH,UNIT_SCADA,1,"2019/08/20 22:25:00",BRAEMAR6,0
D,DISPATCH,UNIT_SCADA,1,"2019/08/20 22:25:00",BRAEMAR7,0
D,DISPATCH,UNIT_SCADA,1,"2019/08/20 22:25:00",BROKENH1,0
D,DISPATCH,UNIT_SCADA,1,"2019/08/20 22:25:00",BW01,630.574950
D,DISPATCH,UNIT_SCADA,1,"2019/08/20 22:25:00",BW02,621.724980
D,DISPATCH,UNIT_SCADA,1,"2019/08/20 22:25:00",BW03,628.950070
D,DISPATCH,UNIT_SCADA,1,"2019/08/20 22:25:00",BW04,0
D,DISPATCH,UNIT_SCADA,1,"2019/08/20 22:25:00",CALL_B_1,350.200010
D,DISPATCH,UNIT_SCADA,1,"2019/08/20 22:25:00",CALL_B_2,300
D,DISPATCH,UNIT_SCADA,1,"2019/08/20 22:25:00",CETHANA,96.567880
D,DISPATCH,UNIT_SCADA,1,"2019/08/20 22:25:00",CG1,0
D,DISPATCH,UNIT_SCADA,1,"2019/08/20 22:25:00",CG2,0
D,DISPATCH,UNIT_SCADA,1,"2019/08/20 22:25:00",CG3,0
D,DISPATCH,UNIT_SCADA,1,"2019/08/20 22:25:00",CG4,0
D,DISPATCH,UNIT_SCADA,1,"2019/08/20 22:25:00",CHILDSF1,0
D,DISPATCH,UNIT_SCADA,1,"2019/08/20 22:25:00",CLARESF1,0
D,DISPATCH,UNIT_SCADA,1,"2019/08/20 22:25:00",CLEMGPWF,41.131990
D,DISPATCH,UNIT_SCADA,1,"2019/08/20 22:25:00",CLERMSF1,0
D,DISPATCH,UNIT_SCADA,1,"2019/08/20 22:25:00",COLEASF1,0
D,DISPATCH,UNIT_SCADA,1,"2019/08/20 22:25:00",COOPGWF1,37.542710
D,DISPATCH,UNIT_SCADA,1,"2019/08/20 22:25:00",CPP_3,405.075010
D,DISPATCH,UNIT_SCADA,1,"2019/08/20 22:25:00",CPP_4,405.899990
D,DISPATCH,UNIT_SCADA,1,"2019/08/20 22:25:00",CPSA,141.434370
D,DISPATCH,UNIT_SCADA,1,"2019/08/20 22:25:00",CROOKWF2,90.695010
D,DISPATCH,UNIT_SCADA,1,"2019/08/20 22:25:00",CROWLWF1,54.865920
D,DISPATCH,UNIT_SCADA,1,"2019/08/20 22:25:00",CSPVPS1,0
D,DISPATCH,UNIT_SCADA,1,"2019/08/20 22:25:00",DALNTH01,0
D,DISPATCH,UNIT_SCADA,1,"2019/08/20 22:25:00",DALNTHL1,0.083920
D,DISPATCH,UNIT_SCADA,1,"2019/08/20 22:25:00",DARTM1,134.399990
D,DISPATCH,UNIT_SCADA,1,"2019/08/20 22:25:00",DAYDSF1,0
D,DISPATCH,UNIT_SCADA,1,"2019/08/20 22:25:00",DDPS1,0
D,DISPATCH,UNIT_SCADA,1,"2019/08/20 22:25:00",DDSF1,0
D,DISPATCH,UNIT_SCADA,1,"2019/08/20 22:25:00",DEVILS_G,61.073640
D,DISPATCH,UNIT_SCADA,1,"2019/08/20 22:25:00",DG_NSW1,0
D,DISPATCH,UNIT_SCADA,1,"2019/08/20 22:25:00",DG_QLD1,0
D,DISPATCH,UNIT_SCADA,1,"2019/08/20 22:25:00",DG_SA1,0
D,DISPATCH,UNIT_SCADA,1,"2019/08/20 22:25:00",DG_TAS1,0
D,DISPATCH,UNIT_SCADA,1,"2019/08/20 22:25:00",DG_VIC1,0
D,DISPATCH,UNIT_SCADA,1,"2019/08/20 22:25:00",DRYCGT1,0
D,DISPATCH,UNIT_SCADA,1,"2019/08/20 22:25:00",DRYCGT2,0
D,DISPATCH,UNIT_SCADA,1,"2019/08/20 22:25:00",DRYCGT3,0
D,DISPATCH,UNIT_SCADA,1,"2019/08/20 22:25:00",EILDON1,0
D,DISPATCH,UNIT_SCADA,1,"2019/08/20 22:25:00",EILDON2,0
D,DISPATCH,UNIT_SCADA,1,"2019/08/20 22:25:00",EMERASF1,0
D,DISPATCH,UNIT_SCADA,1,"2019/08/20 22:25:00",ER01,593.1250
D,DISPATCH,UNIT_SCADA,1,"2019/08/20 22:25:00",ER02,693.449950
D,DISPATCH,UNIT_SCADA,1,"2019/08/20 22:25:00",ER03,693.275020
D,DISPATCH,UNIT_SCADA,1,"2019/08/20 22:25:00",ER04,691.574950
D,DISPATCH,UNIT_SCADA,1,"2019/08/20 22:25:00",FINLYSF1,0
D,DISPATCH,UNIT_SCADA,1,"2019/08/20 22:25:00",FISHER,45.90
D,DISPATCH,UNIT_SCADA,1,"2019/08/20 22:25:00",GANNBG1,0
D,DISPATCH,UNIT_SCADA,1,"2019/08/20 22:25:00",GANNBL1,0.104680
D,DISPATCH,UNIT_SCADA,1,"2019/08/20 22:25:00",GANNSF1,0
D,DISPATCH,UNIT_SCADA,1,"2019/08/20 22:25:00",GORDON,0
D,DISPATCH,UNIT_SCADA,1,"2019/08/20 22:25:00",GSTONE1,193.024990
D,DISPATCH,UNIT_SCADA,1,"2019/08/20 22:25:00",GSTONE2,190.5750
D,DISPATCH,UNIT_SCADA,1,"2019/08/20 22:25:00",GSTONE3,201.0750
D,DISPATCH,UNIT_SCADA,1,"2019/08/20 22:25:00",GSTONE4,189.524990
D,DISPATCH,UNIT_SCADA,1,"2019/08/20 22:25:00",GSTONE5,187.95
D,DISPATCH,UNIT_SCADA,1,"2019/08/20 22:25:00",GSTONE6,0
D,DISPATCH,UNIT_SCADA,1,"2019/08/20 22:25:00",GULLRSF1,0
D,DISPATCH,UNIT_SCADA,1,"2019/08/20 22:25:00",GULLRWF1,158.029140
D,DISPATCH,UNIT_SCADA,1,"2019/08/20 22:25:00",GUNNING1,46.376230
D,DISPATCH,UNIT_SCADA,1,"2019/08/20 22:25:00",GUTHEGA,0
D,DISPATCH,UNIT_SCADA,1,"2019/08/20 22:25:00",HALLWF1,77.82
D,DISPATCH,UNIT_SCADA,1,"2019/08/20 22:25:00",HALLWF2,58.20
D,DISPATCH,UNIT_SCADA,1,"2019/08/20 22:25:00",HAMISF1,0
D,DISPATCH,UNIT_SCADA,1,"2019/08/20 22:25:00",HAUGHT11,0
D,DISPATCH,UNIT_SCADA,1,"2019/08/20 22:25:00",HAYMSF1,0
D,DISPATCH,UNIT_SCADA,1,"2019/08/20 22:25:00",HDWF1,82.60
D,DISPATCH,UNIT_SCADA,1,"2019/08/20 22:25:00",HDWF2,79.60
D,DISPATCH,UNIT_SCADA,1,"2019/08/20 22:25:00",HDWF3,87.70
D,DISPATCH,UNIT_SCADA,1,"2019/08/20 22:25:00",HPRG1,29.40
D,DISPATCH,UNIT_SCADA,1,"2019/08/20 22:25:00",HPRL1,0
D,DISPATCH,UNIT_SCADA,1,"2019/08/20 22:25:00",HUMENSW,0
D,DISPATCH,UNIT_SCADA,1,"2019/08/20 22:25:00",HUMEV,9.60
D,DISPATCH,UNIT_SCADA,1,"2019/08/20 22:25:00",HVGTS,0
D,DISPATCH,UNIT_SCADA,1,"2019/08/20 22:25:00",JBUTTERS,138.819990
D,DISPATCH,UNIT_SCADA,1,"2019/08/20 22:25:00",JLA01,0.50
D,DISPATCH,UNIT_SCADA,1,"2019/08/20 22:25:00",JLA02,0
D,DISPATCH,UNIT_SCADA,1,"2019/08/20 22:25:00",JLA03,0.10
D,DISPATCH,UNIT_SCADA,1,"2019/08/20 22:25:00",JLA04,0.10
D,DISPATCH,UNIT_SCADA,1,"2019/08/20 22:25:00",JLB01,0
D,DISPATCH,UNIT_SCADA,1,"2019/08/20 22:25:00",JLB02,0.10
D,DISPATCH,UNIT_SCADA,1,"2019/08/20 22:25:00",JLB03,0
D,DISPATCH,UNIT_SCADA,1,"2019/08/20 22:25:00",KAREEYA1,21.57
D,DISPATCH,UNIT_SCADA,1,"2019/08/20 22:25:00",KAREEYA2,21.8575
D,DISPATCH,UNIT_SCADA,1,"2019/08/20 22:25:00",KAREEYA3,0
D,DISPATCH,UNIT_SCADA,1,"2019/08/20 22:25:00",KAREEYA4,21.7925
D,DISPATCH,UNIT_SCADA,1,"2019/08/20 22:25:00",KARSF1,0
D,DISPATCH,UNIT_SCADA,1,"2019/08/20 22:25:00",KIATAWF1,30
D,DISPATCH,UNIT_SCADA,1,"2019/08/20 22:25:00",KPP_1,0
D,DISPATCH,UNIT_SCADA,1,"2019/08/20 22:25:00",KSP1,0
D,DISPATCH,UNIT_SCADA,1,"2019/08/20 22:25:00",LADBROK1,0
D,DISPATCH,UNIT_SCADA,1,"2019/08/20 22:25:00",LADBROK2,0
D,DISPATCH,UNIT_SCADA,1,"2019/08/20 22:25:00",LD01,412.387480
D,DISPATCH,UNIT_SCADA,1,"2019/08/20 22:25:00",LD02,416.024960
D,DISPATCH,UNIT_SCADA,1,"2019/08/20 22:25:00",LD03,414.281250
D,DISPATCH,UNIT_SCADA,1,"2019/08/20 22:25:00",LD04,375.037450
D,DISPATCH,UNIT_SCADA,1,"2019/08/20 22:25:00",LEM_WIL,85.7754
D,DISPATCH,UNIT_SCADA,1,"2019/08/20 22:25:00",LGAPWF1,21.05
D,DISPATCH,UNIT_SCADA,1,"2019/08/20 22:25:00",LILYSF1,0
D,DISPATCH,UNIT_SCADA,1,"2019/08/20 22:25:00",LI_WY_CA,149.275160
D,DISPATCH,UNIT_SCADA,1,"2019/08/20 22:25:00",LKBONNY2,129.704220
D,DISPATCH,UNIT_SCADA,1,"2019/08/20 22:25:00",LKBONNY3,32.153480
D,DISPATCH,UNIT_SCADA,1,"2019/08/20 22:25:00",LK_ECHO,0
D,DISPATCH,UNIT_SCADA,1,"2019/08/20 22:25:00",LNGS1,0
D,DISPATCH,UNIT_SCADA,1,"2019/08/20 22:25:00",LNGS2,0
D,DISPATCH,UNIT_SCADA,1,"2019/08/20 22:25:00",LONSDALE,0
D,DISPATCH,UNIT_SCADA,1,"2019/08/20 22:25:00",LOYYB1,536.840520
D,DISPATCH,UNIT_SCADA,1,"2019/08/20 22:25:00",LOYYB2,582.7063
D,DISPATCH,UNIT_SCADA,1,"2019/08/20 22:25:00",LYA1,521
D,DISPATCH,UNIT_SCADA,1,"2019/08/20 22:25:00",LYA2,0
D,DISPATCH,UNIT_SCADA,1,"2019/08/20 22:25:00",LYA3,562
D,DISPATCH,UNIT_SCADA,1,"2019/08/20 22:25:00",LYA4,541
D,DISPATCH,UNIT_SCADA,1,"2019/08/20 22:25:00",MACARTH1,366.991520
D,DISPATCH,UNIT_SCADA,1,"2019/08/20 22:25:00",MACKAYGT,0
D,DISPATCH,UNIT_SCADA,1,"2019/08/20 22:25:00",MACKNTSH,86.100010
D,DISPATCH,UNIT_SCADA,1,"2019/08/20 22:25:00",MANSLR1,0
D,DISPATCH,UNIT_SCADA,1,"2019/08/20 22:25:00",MCKAY1,0.02
D,DISPATCH,UNIT_SCADA,1,"2019/08/20 22:25:00",MEADOWBK,34.067360
D,DISPATCH,UNIT_SCADA,1,"2019/08/20 22:25:00",MERCER01,128.681990
D,DISPATCH,UNIT_SCADA,1,"2019/08/20 22:25:00",MEWF1,67.842050
D,DISPATCH,UNIT_SCADA,1,"2019/08/20 22:25:00",MINTARO,0
D,DISPATCH,UNIT_SCADA,1,"2019/08/20 22:25:00",MOREESF1,0
D,DISPATCH,UNIT_SCADA,1,"2019/08/20 22:25:00",MORTLK11,116
D,DISPATCH,UNIT_SCADA,1,"2019/08/20 22:25:00",MORTLK12,0
D,DISPATCH,UNIT_SCADA,1,"2019/08/20 22:25:00",MP1,275.574950
D,DISPATCH,UNIT_SCADA,1,"2019/08/20 22:25:00",MP2,0
D,DISPATCH,UNIT_SCADA,1,"2019/08/20 22:25:00",MPP_1,394
D,DISPATCH,UNIT_SCADA,1,"2019/08/20 22:25:00",MPP_2,432
D,DISPATCH,UNIT_SCADA,1,"2019/08/20 22:25:00",MSTUART1,0
D,DISPATCH,UNIT_SCADA,1,"2019/08/20 22:25:00",MSTUART2,0
D,DISPATCH,UNIT_SCADA,1,"2019/08/20 22:25:00",MSTUART3,0
D,DISPATCH,UNIT_SCADA,1,"2019/08/20 22:25:00",MTGELWF1,64.636670
D,DISPATCH,UNIT_SCADA,1,"2019/08/20 22:25:00",MURRAY,0
D,DISPATCH,UNIT_SCADA,1,"2019/08/20 22:25:00",MUSSELR1,143.50
D,DISPATCH,UNIT_SCADA,1,"2019/08/20 22:25:00",MUWAWF1,51.78
D,DISPATCH,UNIT_SCADA,1,"2019/08/20 22:25:00",NBHWF1,96.90
D,DISPATCH,UNIT_SCADA,1,"2019/08/20 22:25:00",NPS,0
D,DISPATCH,UNIT_SCADA,1,"2019/08/20 22:25:00",NUMURSF1,0
D,DISPATCH,UNIT_SCADA,1,"2019/08/20 22:25:00",NYNGAN1,0
D,DISPATCH,UNIT_SCADA,1,"2019/08/20 22:25:00",OAKEY1,0
D,DISPATCH,UNIT_SCADA,1,"2019/08/20 22:25:00",OAKEY1SF,0.0380
D,DISPATCH,UNIT_SCADA,1,"2019/08/20 22:25:00",OAKEY2,0
D,DISPATCH,UNIT_SCADA,1,"2019/08/20 22:25:00",OAKLAND1,62.40
D,DISPATCH,UNIT_SCADA,1,"2019/08/20 22:25:00",OSB-AG,0
D,DISPATCH,UNIT_SCADA,1,"2019/08/20 22:25:00",PARSF1,0
D,DISPATCH,UNIT_SCADA,1,"2019/08/20 22:25:00",POAT110,0
D,DISPATCH,UNIT_SCADA,1,"2019/08/20 22:25:00",POAT220,6.45
D,DISPATCH,UNIT_SCADA,1,"2019/08/20 22:25:00",POR01,0
D,DISPATCH,UNIT_SCADA,1,"2019/08/20 22:25:00",POR03,0
D,DISPATCH,UNIT_SCADA,1,"2019/08/20 22:25:00",PPCCGT,368.172580
D,DISPATCH,UNIT_SCADA,1,"2019/08/20 22:25:00",PTSTAN1,0
D,DISPATCH,UNIT_SCADA,1,"2019/08/20 22:25:00",PUMP1,0
D,DISPATCH,UNIT_SCADA,1,"2019/08/20 22:25:00",PUMP2,0
D,DISPATCH,UNIT_SCADA,1,"2019/08/20 22:25:00",QPS1,0
D,DISPATCH,UNIT_SCADA,1,"2019/08/20 22:25:00",QPS2,0
D,DISPATCH,UNIT_SCADA,1,"2019/08/20 22:25:00",QPS3,0
D,DISPATCH,UNIT_SCADA,1,"2019/08/20 22:25:00",QPS4,0
D,DISPATCH,UNIT_SCADA,1,"2019/08/20 22:25:00",QPS5,0
D,DISPATCH,UNIT_SCADA,1,"2019/08/20 22:25:00",REECE1,117.620010
D,DISPATCH,UNIT_SCADA,1,"2019/08/20 22:25:00",REECE2,117.930010
D,DISPATCH,UNIT_SCADA,1,"2019/08/20 22:25:00",ROMA_7,0
D,DISPATCH,UNIT_SCADA,1,"2019/08/20 22:25:00",ROMA_8,0
D,DISPATCH,UNIT_SCADA,1,"2019/08/20 22:25:00",RRSF1,0
D,DISPATCH,UNIT_SCADA,1,"2019/08/20 22:25:00",RT_NSW1,0
D,DISPATCH,UNIT_SCADA,1,"2019/08/20 22:25:00",RT_NSW2,0
D,DISPATCH,UNIT_SCADA,1,"2019/08/20 22:25:00",RT_NSW3,0
D,DISPATCH,UNIT_SCADA,1,"2019/08/20 22:25:00",RT_NSW4,0
D,DISPATCH,UNIT_SCADA,1,"2019/08/20 22:25:00",RT_NSW5,0
D,DISPATCH,UNIT_SCADA,1,"2019/08/20 22:25:00",RT_NSW6,0
D,DISPATCH,UNIT_SCADA,1,"2019/08/20 22:25:00",RT_QLD1,0
D,DISPATCH,UNIT_SCADA,1,"2019/08/20 22:25:00",RT_SA1,0
D,DISPATCH,UNIT_SCADA,1,"2019/08/20 22:25:00",RT_SA2,0
D,DISPATCH,UNIT_SCADA,1,"2019/08/20 22:25:00",RT_SA3,0
D,DISPATCH,UNIT_SCADA,1,"2019/08/20 22:25:00",RT_SA4,0
D,DISPATCH,UNIT_SCADA,1,"2019/08/20 22:25:00",RT_SA5,0
D,DISPATCH,UNIT_SCADA,1,"2019/08/20 22:25:00",RT_SA6,0
D,DISPATCH,UNIT_SCADA,1,"2019/08/20 22:25:00",RT_TAS1,0
D,DISPATCH,UNIT_SCADA,1,"2019/08/20 22:25:00",RT_VIC1,0
D,DISPATCH,UNIT_SCADA,1,"2019/08/20 22:25:00",RT_VIC10,0
D,DISPATCH,UNIT_SCADA,1,"2019/08/20 22:25:00",RT_VIC11,0
D,DISPATCH,UNIT_SCADA,1,"2019/08/20 22:25:00",RT_VIC12,0
D,DISPATCH,UNIT_SCADA,1,"2019/08/20 22:25:00",RT_VIC2,0
D,DISPATCH,UNIT_SCADA,1,"2019/08/20 22:25:00",RT_VIC3,0
D,DISPATCH,UNIT_SCADA,1,"2019/08/20 22:25:00",RT_VIC4,0
D,DISPATCH,UNIT_SCADA,1,"2019/08/20 22:25:00",RT_VIC5,0
D,DISPATCH,UNIT_SCADA,1,"2019/08/20 22:25:00",RT_VIC6,0
D,DISPATCH,UNIT_SCADA,1,"2019/08/20 22:25:00",RT_VIC7,0
D,DISPATCH,UNIT_SCADA,1,"2019/08/20 22:25:00",RT_VIC8,0
D,DISPATCH,UNIT_SCADA,1,"2019/08/20 22:25:00",RT_VIC9,0
D,DISPATCH,UNIT_SCADA,1,"2019/08/20 22:25:00",RUGBYR1,0
D,DISPATCH,UNIT_SCADA,1,"2019/08/20 22:25:00",SALTCRK1,52.52
D,DISPATCH,UNIT_SCADA,1,"2019/08/20 22:25:00",SAPHWF1,224.681270
D,DISPATCH,UNIT_SCADA,1,"2019/08/20 22:25:00",SHGEN,0
D,DISPATCH,UNIT_SCADA,1,"2019/08/20 22:25:00",SHPUMP,0
D,DISPATCH,UNIT_SCADA,1,"2019/08/20 22:25:00",SITHE01,0.123710
D,DISPATCH,UNIT_SCADA,1,"2019/08/20 22:25:00",SMCSF1,0
D,DISPATCH,UNIT_SCADA,1,"2019/08/20 22:25:00",SNOWNTH1,90.899990
D,DISPATCH,UNIT_SCADA,1,"2019/08/20 22:25:00",SNOWSTH1,94.100010
D,DISPATCH,UNIT_SCADA,1,"2019/08/20 22:25:00",SNOWTWN1,75.882880
D,DISPATCH,UNIT_SCADA,1,"2019/08/20 22:25:00",SNOWYP,0
D,DISPATCH,UNIT_SCADA,1,"2019/08/20 22:25:00",SNUG1,0.019440
D,DISPATCH,UNIT_SCADA,1,"2019/08/20 22:25:00",SRSF1,0.07
D,DISPATCH,UNIT_SCADA,1,"2019/08/20 22:25:00",STAN-1,0
D,DISPATCH,UNIT_SCADA,1,"2019/08/20 22:25:00",STAN-2,284.990970
D,DISPATCH,UNIT_SCADA,1,"2019/08/20 22:25:00",STAN-3,287.439180
D,DISPATCH,UNIT_SCADA,1,"2019/08/20 22:25:00",STAN-4,284.106540
D,DISPATCH,UNIT_SCADA,1,"2019/08/20 22:25:00",STWF1,189.731250
D,DISPATCH,UNIT_SCADA,1,"2019/08/20 22:25:00",SWAN_E,0
D,DISPATCH,UNIT_SCADA,1,"2019/08/20 22:25:00",TALWA1,300
D,DISPATCH,UNIT_SCADA,1,"2019/08/20 22:25:00",TARALGA1,68.489970
D,DISPATCH,UNIT_SCADA,1,"2019/08/20 22:25:00",TARONG#1,319.200010
D,DISPATCH,UNIT_SCADA,1,"2019/08/20 22:25:00",TARONG#2,278.800020
D,DISPATCH,UNIT_SCADA,1,"2019/08/20 22:25:00",TARONG#3,259.300020
D,DISPATCH,UNIT_SCADA,1,"2019/08/20 22:25:00",TARONG#4,309.300020
D,DISPATCH,UNIT_SCADA,1,"2019/08/20 22:25:00",TARRALEA,85
D,DISPATCH,UNIT_SCADA,1,"2019/08/20 22:25:00",TBSF1,-0.20
D,DISPATCH,UNIT_SCADA,1,"2019/08/20 22:25:00",TNPS1,441.700010
D,DISPATCH,UNIT_SCADA,1,"2019/08/20 22:25:00",TORRA1,57.856310
D,DISPATCH,UNIT_SCADA,1,"2019/08/20 22:25:00",TORRA2,0
D,DISPATCH,UNIT_SCADA,1,"2019/08/20 22:25:00",TORRA3,0
D,DISPATCH,UNIT_SCADA,1,"2019/08/20 22:25:00",TORRA4,0
D,DISPATCH,UNIT_SCADA,1,"2019/08/20 22:25:00",TORRB1,58.80
D,DISPATCH,UNIT_SCADA,1,"2019/08/20 22:25:00",TORRB2,59.85
D,DISPATCH,UNIT_SCADA,1,"2019/08/20 22:25:00",TORRB3,0
D,DISPATCH,UNIT_SCADA,1,"2019/08/20 22:25:00",TORRB4,0
D,DISPATCH,UNIT_SCADA,1,"2019/08/20 22:25:00",TREVALLN,18.10
D,DISPATCH,UNIT_SCADA,1,"2019/08/20 22:25:00",TRIBUTE,84.41
D,DISPATCH,UNIT_SCADA,1,"2019/08/20 22:25:00",TUMUT3,0
D,DISPATCH,UNIT_SCADA,1,"2019/08/20 22:25:00",TUNGATIN,125.720030
D,DISPATCH,UNIT_SCADA,1,"2019/08/20 22:25:00",TVCC201,0
D,DISPATCH,UNIT_SCADA,1,"2019/08/20 22:25:00",TVPP104,0
D,DISPATCH,UNIT_SCADA,1,"2019/08/20 22:25:00",UPPTUMUT,0
D,DISPATCH,UNIT_SCADA,1,"2019/08/20 22:25:00",URANQ11,0
D,DISPATCH,UNIT_SCADA,1,"2019/08/20 22:25:00",URANQ12,0
D,DISPATCH,UNIT_SCADA,1,"2019/08/20 22:25:00",URANQ13,0
D,DISPATCH,UNIT_SCADA,1,"2019/08/20 22:25:00",URANQ14,0
D,DISPATCH,UNIT_SCADA,1,"2019/08/20 22:25:00",VP5,448.050020
D,DISPATCH,UNIT_SCADA,1,"2019/08/20 22:25:00",VP6,420.674990
D,DISPATCH,UNIT_SCADA,1,"2019/08/20 22:25:00",VPGS1,0
D,DISPATCH,UNIT_SCADA,1,"2019/08/20 22:25:00",VPGS2,0
D,DISPATCH,UNIT_SCADA,1,"2019/08/20 22:25:00",VPGS3,0
D,DISPATCH,UNIT_SCADA,1,"2019/08/20 22:25:00",VPGS4,0
D,DISPATCH,UNIT_SCADA,1,"2019/08/20 22:25:00",VPGS5,0
D,DISPATCH,UNIT_SCADA,1,"2019/08/20 22:25:00",VPGS6,0
D,DISPATCH,UNIT_SCADA,1,"2019/08/20 22:25:00",W/HOE#1,0
D,DISPATCH,UNIT_SCADA,1,"2019/08/20 22:25:00",W/HOE#2,0
D,DISPATCH,UNIT_SCADA,1,"2019/08/20 22:25:00",WATERLWF,105.50
D,DISPATCH,UNIT_SCADA,1,"2019/08/20 22:25:00",WEMENSF1,0
D,DISPATCH,UNIT_SCADA,1,"2019/08/20 22:25:00",WGWF1,98.30
D,DISPATCH,UNIT_SCADA,1,"2019/08/20 22:25:00",WHITSF1,0
D,DISPATCH,UNIT_SCADA,1,"2019/08/20 22:25:00",WKIEWA1,17.10
D,DISPATCH,UNIT_SCADA,1,"2019/08/20 22:25:00",WKIEWA2,17.30
D,DISPATCH,UNIT_SCADA,1,"2019/08/20 22:25:00",WOODLWN1,44.972990
D,DISPATCH,UNIT_SCADA,1,"2019/08/20 22:25:00",WRSF1,0
D,DISPATCH,UNIT_SCADA,1,"2019/08/20 22:25:00",WRWF1,150.853740
D,DISPATCH,UNIT_SCADA,1,"2019/08/20 22:25:00",YABULU,0
D,DISPATCH,UNIT_SCADA,1,"2019/08/20 22:25:00",YABULU2,0
D,DISPATCH,UNIT_SCADA,1,"2019/08/20 22:25:00",YARWUN_1,0
D,DISPATCH,UNIT_SCADA,1,"2019/08/20 22:25:00",YENDWF1,42.22
D,DISPATCH,UNIT_SCADA,1,"2019/08/20 22:25:00",YWPS1,375.187350
D,DISPATCH,UNIT_SCADA,1,"2019/08/20 22:25:00",YWPS2,274.683530
D,DISPATCH,UNIT_SCADA,1,"2019/08/20 22:25:00",YWPS3,0
D,DISPATCH,UNIT_SCADA,1,"2019/08/20 22:25:00",YWPS4,395.802520
C,"END OF REPORT",334
