C,NEMP.WORLD,DISPATCHSCADA,AEMO,PUBLIC,2019/08/22,11:35:07,0000000311865265,DISPATCHSCADA,0000000311865259
I,DISPATCH,UNIT_SCADA,1,SETTLEMENTDATE,DUID,SCADAVALUE
D,DISPATCH,UNIT_SCADA,1,"2019/08/22 11:40:00",BARCSF1,18
D,DISPATCH,UNIT_SCADA,1,"2019/08/22 11:40:00",BUTLERSG,9.699999
D,DISPATCH,UNIT_SCADA,1,"2019/08/22 11:40:00",CALL_A_4,0
D,DISPATCH,UNIT_SCADA,1,"2019/08/22 11:40:00",CAPTL_WF,41.624001
D,DISPATCH,UNIT_SCADA,1,"2019/08/22 11:40:00",CATHROCK,0
D,DISPATCH,UNIT_SCADA,1,"2019/08/22 11:40:00",CHALLHWF,35.099998
D,DISPATCH,UNIT_SCADA,1,"2019/08/22 11:40:00",CLOVER,0
D,DISPATCH,UNIT_SCADA,1,"2019/08/22 11:40:00",CLUNY,19.997711
D,DISPATCH,UNIT_SCADA,1,"2019/08/22 11:40:00",CNUNDAWF,6.707825
D,DISPATCH,UNIT_SCADA,1,"2019/08/22 11:40:00",CULLRGWF,27.51
D,DISPATCH,UNIT_SCADA,1,"2019/08/22 11:40:00",ERGT01,0
D,DISPATCH,UNIT_SCADA,1,"2019/08/22 11:40:00",GB01,0.057842
D,DISPATCH,UNIT_SCADA,1,"2019/08/22 11:40:00",GERMCRK,33.400002
D,DISPATCH,UNIT_SCADA,1,"2019/08/22 11:40:00",GRIFSF1,20.299995
D,DISPATCH,UNIT_SCADA,1,"2019/08/22 11:40:00",HUGSF1,8.9930
D,DISPATCH,UNIT_SCADA,1,"2019/08/22 11:40:00",LKBONNY1,17.951181
D,DISPATCH,UNIT_SCADA,1,"2019/08/22 11:40:00",LRSF1,12.695001
D,DISPATCH,UNIT_SCADA,1,"2019/08/22 11:40:00",MBAHNTH,55.425003
D,DISPATCH,UNIT_SCADA,1,"2019/08/22 11:40:00",MLSP1,12.591002
D,DISPATCH,UNIT_SCADA,1,"2019/08/22 11:40:00",MLWF1,13.3950
D,DISPATCH,UNIT_SCADA,1,"2019/08/22 11:40:00",MTMILLAR,2.671431
D,DISPATCH,UNIT_SCADA,1,"2019/08/22 11:40:00",PALOONA,28.76
D,DISPATCH,UNIT_SCADA,1,"2019/08/22 11:40:00",PIONEER,42.600002
D,DISPATCH,UNIT_SCADA,1,"2019/08/22 11:40:00",PORTWF,49.200001
D,DISPATCH,UNIT_SCADA,1,"2019/08/22 11:40:00",REPULSE,28.917067
D,DISPATCH,UNIT_SCADA,1,"2019/08/22 11:40:00",ROWALLAN,10.2879
D,DISPATCH,UNIT_SCADA,1,"2019/08/22 11:40:00",ROYALLA1,19.883001
D,DISPATCH,UNIT_SCADA,1,"2019/08/22 11:40:00",RPCG,11.70
D,DISPATCH,UNIT_SCADA,1,"2019/08/22 11:40:00",RUBICON,0
D,DISPATCH,UNIT_SCADA,1,"2019/08/22 11:40:00",SATGN1,0
D,DISPATCH,UNIT_SCADA,1,"2019/08/22 11:40:00",SATGS1,0
D,DISPATCH,UNIT_SCADA,1,"2019/08/22 11:40:00",STARHLWF,1.199650
D,DISPATCH,UNIT_SCADA,1,"2019/08/22 11:40:00",WAUBRAWF,177.240997
D,DISPATCH,UNIT_SCADA,1,"2019/08/22 11:40:00",WOOLNTH1,114.160019
D,DISPATCH,UNIT_SCADA,1,"2019/08/22 11:40:00",WPWF,3
D,DISPATCH,UNIT_SCADA,1,"2019/08/22 11:40:00",YAMBUKWF,15.90
D,DISPATCH,UNIT_SCADA,1,"2019/08/22 11:40:00",YSWF1,23.40
D,DISPATCH,UNIT_SCADA,1,"2019/08/22 11:40:00",AGLHAL,0
D,DISPATCH,UNIT_SCADA,1,"2019/08/22 11:40:00",AGLSOM,0
D,DISPATCH,UNIT_SCADA,1,"2019/08/22 11:40:00",ANGAST1,0
D,DISPATCH,UNIT_SCADA,1,"2019/08/22 11:40:00",ARWF1,210.099990
D,DISPATCH,UNIT_SCADA,1,"2019/08/22 11:40:00",BALBG1,0
D,DISPATCH,UNIT_SCADA,1,"2019/08/22 11:40:00",BALBL1,17.50
D,DISPATCH,UNIT_SCADA,1,"2019/08/22 11:40:00",BALDHWF1,92.615010
D,DISPATCH,UNIT_SCADA,1,"2019/08/22 11:40:00",BANN1,55.69
D,DISPATCH,UNIT_SCADA,1,"2019/08/22 11:40:00",BARCALDN,0
D,DISPATCH,UNIT_SCADA,1,"2019/08/22 11:40:00",BARRON-1,0
D,DISPATCH,UNIT_SCADA,1,"2019/08/22 11:40:00",BARRON-2,25.80
D,DISPATCH,UNIT_SCADA,1,"2019/08/22 11:40:00",BASTYAN,78.08
D,DISPATCH,UNIT_SCADA,1,"2019/08/22 11:40:00",BBTHREE1,-2
D,DISPATCH,UNIT_SCADA,1,"2019/08/22 11:40:00",BBTHREE2,-2.04
D,DISPATCH,UNIT_SCADA,1,"2019/08/22 11:40:00",BBTHREE3,-1.09
D,DISPATCH,UNIT_SCADA,1,"2019/08/22 11:40:00",BDL01,0
D,DISPATCH,UNIT_SCADA,1,"2019/08/22 11:40:00",BDL02,0
D,DISPATCH,UNIT_SCADA,1,"2019/08/22 11:40:00",BERYLSF1,49.410570
D,DISPATCH,UNIT_SCADA,1,"2019/08/22 11:40:00",BLOWERNG,0
D,DISPATCH,UNIT_SCADA,1,"2019/08/22 11:40:00",BLUFF1,0.10
D,DISPATCH,UNIT_SCADA,1,"2019/08/22 11:40:00",BNGSF1,47.16
D,DISPATCH,UNIT_SCADA,1,"2019/08/22 11:40:00",BNGSF2,15.33
D,DISPATCH,UNIT_SCADA,1,"2019/08/22 11:40:00",BOCORWF1,82.23
D,DISPATCH,UNIT_SCADA,1,"2019/08/22 11:40:00",BODWF1,111.613080
D,DISPATCH,UNIT_SCADA,1,"2019/08/22 11:40:00",BRAEMAR1,0
D,DISPATCH,UNIT_SCADA,1,"2019/08/22 11:40:00",BRAEMAR2,0
D,DISPATCH,UNIT_SCADA,1,"2019/08/22 11:40:00",BRAEMAR3,0
D,DISPATCH,UNIT_SCADA,1,"2019/08/22 11:40:00",BRAEMAR5,0
D,DISPATCH,UNIT_SCADA,1,"2019/08/22 11:40:00",BRAEMAR6,0
D,DISPATCH,UNIT_SCADA,1,"2019/08/22 11:40:00",BRAEMAR7,0
D,DISPATCH,UNIT_SCADA,1,"2019/08/22 11:40:00",BROKENH1,53.1438
D,DISPATCH,UNIT_SCADA,1,"2019/08/22 11:40:00",BW01,536.3750
D,DISPATCH,UNIT_SCADA,1,"2019/08/22 11:40:00",BW02,531.974980
D,DISPATCH,UNIT_SCADA,1,"2019/08/22 11:40:00",BW03,535.275020
D,DISPATCH,UNIT_SCADA,1,"2019/08/22 11:40:00",BW04,0
D,DISPATCH,UNIT_SCADA,1,"2019/08/22 11:40:00",CALL_B_1,249.70
D,DISPATCH,UNIT_SCADA,1,"2019/08/22 11:40:00",CALL_B_2,279.899990
D,DISPATCH,UNIT_SCADA,1,"2019/08/22 11:40:00",CETHANA,98.723370
D,DISPATCH,UNIT_SCADA,1,"2019/08/22 11:40:00",CG1,0
D,DISPATCH,UNIT_SCADA,1,"2019/08/22 11:40:00",CG2,0
D,DISPATCH,UNIT_SCADA,1,"2019/08/22 11:40:00",CG3,0
D,DISPATCH,UNIT_SCADA,1,"2019/08/22 11:40:00",CG4,0
D,DISPATCH,UNIT_SCADA,1,"2019/08/22 11:40:00",CHILDSF1,40.12
D,DISPATCH,UNIT_SCADA,1,"2019/08/22 11:40:00",CLARESF1,0
D,DISPATCH,UNIT_SCADA,1,"2019/08/22 11:40:00",CLEMGPWF,-0.288140
D,DISPATCH,UNIT_SCADA,1,"2019/08/22 11:40:00",CLERMSF1,0
D,DISPATCH,UNIT_SCADA,1,"2019/08/22 11:40:00",COLEASF1,89.899990
D,DISPATCH,UNIT_SCADA,1,"2019/08/22 11:40:00",COOPGWF1,32.170950
D,DISPATCH,UNIT_SCADA,1,"2019/08/22 11:40:00",CPP_3,404.800020
D,DISPATCH,UNIT_SCADA,1,"2019/08/22 11:40:00",CPP_4,229.900010
D,DISPATCH,UNIT_SCADA,1,"2019/08/22 11:40:00",CPSA,87.076870
D,DISPATCH,UNIT_SCADA,1,"2019/08/22 11:40:00",CROOKWF2,81.443750
D,DISPATCH,UNIT_SCADA,1,"2019/08/22 11:40:00",CROWLWF1,45.400060
D,DISPATCH,UNIT_SCADA,1,"2019/08/22 11:40:00",CSPVPS1,4.4810
D,DISPATCH,UNIT_SCADA,1,"2019/08/22 11:40:00",DALNTH01,0
D,DISPATCH,UNIT_SCADA,1,"2019/08/22 11:40:00",DALNTHL1,0.074770
D,DISPATCH,UNIT_SCADA,1,"2019/08/22 11:40:00",DARTM1,134.600010
D,DISPATCH,UNIT_SCADA,1,"2019/08/22 11:40:00",DAYDSF1,0
D,DISPATCH,UNIT_SCADA,1,"2019/08/22 11:40:00",DDPS1,0
D,DISPATCH,UNIT_SCADA,1,"2019/08/22 11:40:00",DDSF1,0
D,DISPATCH,UNIT_SCADA,1,"2019/08/22 11:40:00",DEVILS_G,0
D,DISPATCH,UNIT_SCADA,1,"2019/08/22 11:40:00",DG_NSW1,0
D,DISPATCH,UNIT_SCADA,1,"2019/08/22 11:40:00",DG_QLD1,0
D,DISPATCH,UNIT_SCADA,1,"2019/08/22 11:40:00",DG_SA1,0
D,DISPATCH,UNIT_SCADA,1,"2019/08/22 11:40:00",DG_TAS1,0
D,DISPATCH,UNIT_SCADA,1,"2019/08/22 11:40:00",DG_VIC1,0
D,DISPATCH,UNIT_SCADA,1,"2019/08/22 11:40:00",DRYCGT1,0
D,DISPATCH,UNIT_SCADA,1,"2019/08/22 11:40:00",DRYCGT2,0
D,DISPATCH,UNIT_SCADA,1,"2019/08/22 11:40:00",DRYCGT3,0
D,DISPATCH,UNIT_SCADA,1,"2019/08/22 11:40:00",EILDON1,0
D,DISPATCH,UNIT_SCADA,1,"2019/08/22 11:40:00",EILDON2,0
D,DISPATCH,UNIT_SCADA,1,"2019/08/22 11:40:00",EMERASF1,62.18
D,DISPATCH,UNIT_SCADA,1,"2019/08/22 11:40:00",ER01,322.925050
D,DISPATCH,UNIT_SCADA,1,"2019/08/22 11:40:00",ER02,372.349980
D,DISPATCH,UNIT_SCADA,1,"2019/08/22 11:40:00",ER03,677.700070
D,DISPATCH,UNIT_SCADA,1,"2019/08/22 11:40:00",ER04,372.1250
D,DISPATCH,UNIT_SCADA,1,"2019/08/22 11:40:00",FINLYSF1,3.373310
D,DISPATCH,UNIT_SCADA,1,"2019/08/22 11:40:00",FISHER,45.87
D,DISPATCH,UNIT_SCADA,1,"2019/08/22 11:40:00",GANNBG1,0
D,DISPATCH,UNIT_SCADA,1,"2019/08/22 11:40:00",GANNBL1,9.470160
D,DISPATCH,UNIT_SCADA,1,"2019/08/22 11:40:00",GANNSF1,41.70
D,DISPATCH,UNIT_SCADA,1,"2019/08/22 11:40:00",GORDON,3.3908
D,DISPATCH,UNIT_SCADA,1,"2019/08/22 11:40:00",GSTONE1,109.90
D,DISPATCH,UNIT_SCADA,1,"2019/08/22 11:40:00",GSTONE2,110.25
D,DISPATCH,UNIT_SCADA,1,"2019/08/22 11:40:00",GSTONE3,110.25
D,DISPATCH,UNIT_SCADA,1,"2019/08/22 11:40:00",GSTONE4,138.599990
D,DISPATCH,UNIT_SCADA,1,"2019/08/22 11:40:00",GSTONE5,140.8750
D,DISPATCH,UNIT_SCADA,1,"2019/08/22 11:40:00",GSTONE6,0
D,DISPATCH,UNIT_SCADA,1,"2019/08/22 11:40:00",GULLRSF1,3.532710
D,DISPATCH,UNIT_SCADA,1,"2019/08/22 11:40:00",GULLRWF1,141.840150
D,DISPATCH,UNIT_SCADA,1,"2019/08/22 11:40:00",GUNNING1,43.321370
D,DISPATCH,UNIT_SCADA,1,"2019/08/22 11:40:00",GUTHEGA,0
D,DISPATCH,UNIT_SCADA,1,"2019/08/22 11:40:00",HALLWF1,-0.48
D,DISPATCH,UNIT_SCADA,1,"2019/08/22 11:40:00",HALLWF2,-0.26
D,DISPATCH,UNIT_SCADA,1,"2019/08/22 11:40:00",HAMISF1,46.70
D,DISPATCH,UNIT_SCADA,1,"2019/08/22 11:40:00",HAUGHT11,50.055170
D,DISPATCH,UNIT_SCADA,1,"2019/08/22 11:40:00",HAYMSF1,37.7190
D,DISPATCH,UNIT_SCADA,1,"2019/08/22 11:40:00",HDWF1,3.10
D,DISPATCH,UNIT_SCADA,1,"2019/08/22 11:40:00",HDWF2,2.90
D,DISPATCH,UNIT_SCADA,1,"2019/08/22 11:40:00",HDWF3,1.70
D,DISPATCH,UNIT_SCADA,1,"2019/08/22 11:40:00",HPRG1,0
D,DISPATCH,UNIT_SCADA,1,"2019/08/22 11:40:00",HPRL1,2.10
D,DISPATCH,UNIT_SCADA,1,"2019/08/22 11:40:00",HUMENSW,0
D,DISPATCH,UNIT_SCADA,1,"2019/08/22 11:40:00",HUMEV,9.20
D,DISPATCH,UNIT_SCADA,1,"2019/08/22 11:40:00",HVGTS,0
D,DISPATCH,UNIT_SCADA,1,"2019/08/22 11:40:00",JBUTTERS,137.97
D,DISPATCH,UNIT_SCADA,1,"2019/08/22 11:40:00",JLA01,0.50
D,DISPATCH,UNIT_SCADA,1,"2019/08/22 11:40:00",JLA02,0
D,DISPATCH,UNIT_SCADA,1,"2019/08/22 11:40:00",JLA03,0.10
D,DISPATCH,UNIT_SCADA,1,"2019/08/22 11:40:00",JLA04,0.10
D,DISPATCH,UNIT_SCADA,1,"2019/08/22 11:40:00",JLB01,0
D,DISPATCH,UNIT_SCADA,1,"2019/08/22 11:40:00",JLB02,0.10
D,DISPATCH,UNIT_SCADA,1,"2019/08/22 11:40:00",JLB03,0
D,DISPATCH,UNIT_SCADA,1,"2019/08/22 11:40:00",KAREEYA1,21.5250
D,DISPATCH,UNIT_SCADA,1,"2019/08/22 11:40:00",KAREEYA2,21.6475
D,DISPATCH,UNIT_SCADA,1,"2019/08/22 11:40:00",KAREEYA3,0
D,DISPATCH,UNIT_SCADA,1,"2019/08/22 11:40:00",KAREEYA4,21.7175
D,DISPATCH,UNIT_SCADA,1,"2019/08/22 11:40:00",KARSF1,68.90
D,DISPATCH,UNIT_SCADA,1,"2019/08/22 11:40:00",KIATAWF1,22.70
D,DISPATCH,UNIT_SCADA,1,"2019/08/22 11:40:00",KPP_1,0
D,DISPATCH,UNIT_SCADA,1,"2019/08/22 11:40:00",KSP1,47.62
D,DISPATCH,UNIT_SCADA,1,"2019/08/22 11:40:00",LADBROK1,0
D,DISPATCH,UNIT_SCADA,1,"2019/08/22 11:40:00",LADBROK2,0
D,DISPATCH,UNIT_SCADA,1,"2019/08/22 11:40:00",LD01,348.093750
D,DISPATCH,UNIT_SCADA,1,"2019/08/22 11:40:00",LD02,352.031250
D,DISPATCH,UNIT_SCADA,1,"2019/08/22 11:40:00",LD03,360.168730
D,DISPATCH,UNIT_SCADA,1,"2019/08/22 11:40:00",LD04,350.887480
D,DISPATCH,UNIT_SCADA,1,"2019/08/22 11:40:00",LEM_WIL,86.061140
D,DISPATCH,UNIT_SCADA,1,"2019/08/22 11:40:00",LGAPWF1,8.06
D,DISPATCH,UNIT_SCADA,1,"2019/08/22 11:40:00",LILYSF1,94.371830
D,DISPATCH,UNIT_SCADA,1,"2019/08/22 11:40:00",LI_WY_CA,147.0587
D,DISPATCH,UNIT_SCADA,1,"2019/08/22 11:40:00",LKBONNY2,28.037380
D,DISPATCH,UNIT_SCADA,1,"2019/08/22 11:40:00",LKBONNY3,7.033570
D,DISPATCH,UNIT_SCADA,1,"2019/08/22 11:40:00",LK_ECHO,0
D,DISPATCH,UNIT_SCADA,1,"2019/08/22 11:40:00",LNGS1,0
D,DISPATCH,UNIT_SCADA,1,"2019/08/22 11:40:00",LNGS2,0
D,DISPATCH,UNIT_SCADA,1,"2019/08/22 11:40:00",LONSDALE,0
D,DISPATCH,UNIT_SCADA,1,"2019/08/22 11:40:00",LOYYB1,535.336730
D,DISPATCH,UNIT_SCADA,1,"2019/08/22 11:40:00",LOYYB2,584.210140
D,DISPATCH,UNIT_SCADA,1,"2019/08/22 11:40:00",LYA1,560
D,DISPATCH,UNIT_SCADA,1,"2019/08/22 11:40:00",LYA2,0
D,DISPATCH,UNIT_SCADA,1,"2019/08/22 11:40:00",LYA3,562
D,DISPATCH,UNIT_SCADA,1,"2019/08/22 11:40:00",LYA4,539
D,DISPATCH,UNIT_SCADA,1,"2019/08/22 11:40:00",MACARTH1,235.794560
D,DISPATCH,UNIT_SCADA,1,"2019/08/22 11:40:00",MACKAYGT,0
D,DISPATCH,UNIT_SCADA,1,"2019/08/22 11:40:00",MACKNTSH,86.30
D,DISPATCH,UNIT_SCADA,1,"2019/08/22 11:40:00",MANSLR1,37.6310
D,DISPATCH,UNIT_SCADA,1,"2019/08/22 11:40:00",MCKAY1,0.02
D,DISPATCH,UNIT_SCADA,1,"2019/08/22 11:40:00",MEADOWBK,33.895880
D,DISPATCH,UNIT_SCADA,1,"2019/08/22 11:40:00",MERCER01,57.38
D,DISPATCH,UNIT_SCADA,1,"2019/08/22 11:40:00",MEWF1,51.6055
D,DISPATCH,UNIT_SCADA,1,"2019/08/22 11:40:00",MINTARO,0
D,DISPATCH,UNIT_SCADA,1,"2019/08/22 11:40:00",MOREESF1,48.5340
D,DISPATCH,UNIT_SCADA,1,"2019/08/22 11:40:00",MORTLK11,124
D,DISPATCH,UNIT_SCADA,1,"2019/08/22 11:40:00",MORTLK12,0
D,DISPATCH,UNIT_SCADA,1,"2019/08/22 11:40:00",MP1,285.849980
D,DISPATCH,UNIT_SCADA,1,"2019/08/22 11:40:00",MP2,0
D,DISPATCH,UNIT_SCADA,1,"2019/08/22 11:40:00",MPP_1,294.25
D,DISPATCH,UNIT_SCADA,1,"2019/08/22 11:40:00",MPP_2,380
D,DISPATCH,UNIT_SCADA,1,"2019/08/22 11:40:00",MSTUART1,0
D,DISPATCH,UNIT_SCADA,1,"2019/08/22 11:40:00",MSTUART2,0
D,DISPATCH,UNIT_SCADA,1,"2019/08/22 11:40:00",MSTUART3,0
D,DISPATCH,UNIT_SCADA,1,"2019/08/22 11:40:00",MTGELWF1,63.023770
D,DISPATCH,UNIT_SCADA,1,"2019/08/22 11:40:00",MURRAY,0
D,DISPATCH,UNIT_SCADA,1,"2019/08/22 11:40:00",MUSSELR1,97.80
D,DISPATCH,UNIT_SCADA,1,"2019/08/22 11:40:00",MUWAWF1,46.30
D,DISPATCH,UNIT_SCADA,1,"2019/08/22 11:40:00",NBHWF1,-0.40
D,DISPATCH,UNIT_SCADA,1,"2019/08/22 11:40:00",NPS,0
D,DISPATCH,UNIT_SCADA,1,"2019/08/22 11:40:00",NUMURSF1,69.45
D,DISPATCH,UNIT_SCADA,1,"2019/08/22 11:40:00",NYNGAN1,90.75
D,DISPATCH,UNIT_SCADA,1,"2019/08/22 11:40:00",OAKEY1,0
D,DISPATCH,UNIT_SCADA,1,"2019/08/22 11:40:00",OAKEY1SF,21.6430
D,DISPATCH,UNIT_SCADA,1,"2019/08/22 11:40:00",OAKEY2,0
D,DISPATCH,UNIT_SCADA,1,"2019/08/22 11:40:00",OAKLAND1,58.50
D,DISPATCH,UNIT_SCADA,1,"2019/08/22 11:40:00",OSB-AG,138.510010
D,DISPATCH,UNIT_SCADA,1,"2019/08/22 11:40:00",PARSF1,41.803120
D,DISPATCH,UNIT_SCADA,1,"2019/08/22 11:40:00",POAT110,0
D,DISPATCH,UNIT_SCADA,1,"2019/08/22 11:40:00",POAT220,0
D,DISPATCH,UNIT_SCADA,1,"2019/08/22 11:40:00",POR01,0
D,DISPATCH,UNIT_SCADA,1,"2019/08/22 11:40:00",POR03,0
D,DISPATCH,UNIT_SCADA,1,"2019/08/22 11:40:00",PPCCGT,395.687870
D,DISPATCH,UNIT_SCADA,1,"2019/08/22 11:40:00",PTSTAN1,0
D,DISPATCH,UNIT_SCADA,1,"2019/08/22 11:40:00",PUMP1,0
D,DISPATCH,UNIT_SCADA,1,"2019/08/22 11:40:00",PUMP2,0
D,DISPATCH,UNIT_SCADA,1,"2019/08/22 11:40:00",QPS1,0
D,DISPATCH,UNIT_SCADA,1,"2019/08/22 11:40:00",QPS2,0
D,DISPATCH,UNIT_SCADA,1,"2019/08/22 11:40:00",QPS3,0
D,DISPATCH,UNIT_SCADA,1,"2019/08/22 11:40:00",QPS4,0
D,DISPATCH,UNIT_SCADA,1,"2019/08/22 11:40:00",QPS5,0
D,DISPATCH,UNIT_SCADA,1,"2019/08/22 11:40:00",REECE1,117.030010
D,DISPATCH,UNIT_SCADA,1,"2019/08/22 11:40:00",REECE2,118.260010
D,DISPATCH,UNIT_SCADA,1,"2019/08/22 11:40:00",ROMA_7,0
D,DISPATCH,UNIT_SCADA,1,"2019/08/22 11:40:00",ROMA_8,0
D,DISPATCH,UNIT_SCADA,1,"2019/08/22 11:40:00",RRSF1,110.518050
D,DISPATCH,UNIT_SCADA,1,"2019/08/22 11:40:00",RT_NSW1,0
D,DISPATCH,UNIT_SCADA,1,"2019/08/22 11:40:00",RT_NSW2,0
D,DISPATCH,UNIT_SCADA,1,"2019/08/22 11:40:00",RT_NSW3,0
D,DISPATCH,UNIT_SCADA,1,"2019/08/22 11:40:00",RT_NSW4,0
D,DISPATCH,UNIT_SCADA,1,"2019/08/22 11:40:00",RT_NSW5,0
D,DISPATCH,UNIT_SCADA,1,"2019/08/22 11:40:00",RT_NSW6,0
D,DISPATCH,UNIT_SCADA,1,"2019/08/22 11:40:00",RT_QLD1,0
D,DISPATCH,UNIT_SCADA,1,"2019/08/22 11:40:00",RT_SA1,0
D,DISPATCH,UNIT_SCADA,1,"2019/08/22 11:40:00",RT_SA2,0
D,DISPATCH,UNIT_SCADA,1,"2019/08/22 11:40:00",RT_SA3,0
D,DISPATCH,UNIT_SCADA,1,"2019/08/22 11:40:00",RT_SA4,0
D,DISPATCH,UNIT_SCADA,1,"2019/08/22 11:40:00",RT_SA5,0
D,DISPATCH,UNIT_SCADA,1,"2019/08/22 11:40:00",RT_SA6,0
D,DISPATCH,UNIT_SCADA,1,"2019/08/22 11:40:00",RT_TAS1,0
D,DISPATCH,UNIT_SCADA,1,"2019/08/22 11:40:00",RT_VIC1,0
D,DISPATCH,UNIT_SCADA,1,"2019/08/22 11:40:00",RT_VIC10,0
D,DISPATCH,UNIT_SCADA,1,"2019/08/22 11:40:00",RT_VIC11,0
D,DISPATCH,UNIT_SCADA,1,"2019/08/22 11:40:00",RT_VIC12,0
D,DISPATCH,UNIT_SCADA,1,"2019/08/22 11:40:00",RT_VIC2,0
D,DISPATCH,UNIT_SCADA,1,"2019/08/22 11:40:00",RT_VIC3,0
D,DISPATCH,UNIT_SCADA,1,"2019/08/22 11:40:00",RT_VIC4,0
D,DISPATCH,UNIT_SCADA,1,"2019/08/22 11:40:00",RT_VIC5,0
D,DISPATCH,UNIT_SCADA,1,"2019/08/22 11:40:00",RT_VIC6,0
D,DISPATCH,UNIT_SCADA,1,"2019/08/22 11:40:00",RT_VIC7,0
D,DISPATCH,UNIT_SCADA,1,"2019/08/22 11:40:00",RT_VIC8,0
D,DISPATCH,UNIT_SCADA,1,"2019/08/22 11:40:00",RT_VIC9,0
D,DISPATCH,UNIT_SCADA,1,"2019/08/22 11:40:00",RUGBYR1,59.367420
D,DISPATCH,UNIT_SCADA,1,"2019/08/22 11:40:00",SALTCRK1,26.15
D,DISPATCH,UNIT_SCADA,1,"2019/08/22 11:40:00",SAPHWF1,229.171880
D,DISPATCH,UNIT_SCADA,1,"2019/08/22 11:40:00",SHGEN,0
D,DISPATCH,UNIT_SCADA,1,"2019/08/22 11:40:00",SHPUMP,201.6264
D,DISPATCH,UNIT_SCADA,1,"2019/08/22 11:40:00",SITHE01,0.005650
D,DISPATCH,UNIT_SCADA,1,"2019/08/22 11:40:00",SMCSF1,0
D,DISPATCH,UNIT_SCADA,1,"2019/08/22 11:40:00",SNOWNTH1,2.20
D,DISPATCH,UNIT_SCADA,1,"2019/08/22 11:40:00",SNOWSTH1,3.30
D,DISPATCH,UNIT_SCADA,1,"2019/08/22 11:40:00",SNOWTWN1,-0.428690
D,DISPATCH,UNIT_SCADA,1,"2019/08/22 11:40:00",SNOWYP,0
D,DISPATCH,UNIT_SCADA,1,"2019/08/22 11:40:00",SNUG1,0.019440
D,DISPATCH,UNIT_SCADA,1,"2019/08/22 11:40:00",SRSF1,34.91
D,DISPATCH,UNIT_SCADA,1,"2019/08/22 11:40:00",STAN-1,0
D,DISPATCH,UNIT_SCADA,1,"2019/08/22 11:40:00",STAN-2,283.580990
D,DISPATCH,UNIT_SCADA,1,"2019/08/22 11:40:00",STAN-3,279.940770
D,DISPATCH,UNIT_SCADA,1,"2019/08/22 11:40:00",STAN-4,278.761510
D,DISPATCH,UNIT_SCADA,1,"2019/08/22 11:40:00",STWF1,18.843750
D,DISPATCH,UNIT_SCADA,1,"2019/08/22 11:40:00",SWAN_E,0
D,DISPATCH,UNIT_SCADA,1,"2019/08/22 11:40:00",TALWA1,190
D,DISPATCH,UNIT_SCADA,1,"2019/08/22 11:40:00",TARALGA1,96.281230
D,DISPATCH,UNIT_SCADA,1,"2019/08/22 11:40:00",TARONG#1,285.300020
D,DISPATCH,UNIT_SCADA,1,"2019/08/22 11:40:00",TARONG#2,285.200010
D,DISPATCH,UNIT_SCADA,1,"2019/08/22 11:40:00",TARONG#3,260.800020
D,DISPATCH,UNIT_SCADA,1,"2019/08/22 11:40:00",TARONG#4,280.300020
D,DISPATCH,UNIT_SCADA,1,"2019/08/22 11:40:00",TARRALEA,84.10
D,DISPATCH,UNIT_SCADA,1,"2019/08/22 11:40:00",TBSF1,26.80
D,DISPATCH,UNIT_SCADA,1,"2019/08/22 11:40:00",TNPS1,229.000020
D,DISPATCH,UNIT_SCADA,1,"2019/08/22 11:40:00",TORRA1,37.917130
D,DISPATCH,UNIT_SCADA,1,"2019/08/22 11:40:00",TORRA2,0
D,DISPATCH,UNIT_SCADA,1,"2019/08/22 11:40:00",TORRA3,38.520150
D,DISPATCH,UNIT_SCADA,1,"2019/08/22 11:40:00",TORRA4,16.902170
D,DISPATCH,UNIT_SCADA,1,"2019/08/22 11:40:00",TORRB1,57.84
D,DISPATCH,UNIT_SCADA,1,"2019/08/22 11:40:00",TORRB2,57.40
D,DISPATCH,UNIT_SCADA,1,"2019/08/22 11:40:00",TORRB3,0
D,DISPATCH,UNIT_SCADA,1,"2019/08/22 11:40:00",TORRB4,0
D,DISPATCH,UNIT_SCADA,1,"2019/08/22 11:40:00",TREVALLN,44.070010
D,DISPATCH,UNIT_SCADA,1,"2019/08/22 11:40:00",TRIBUTE,84.80
D,DISPATCH,UNIT_SCADA,1,"2019/08/22 11:40:00",TUMUT3,0
D,DISPATCH,UNIT_SCADA,1,"2019/08/22 11:40:00",TUNGATIN,106.930030
D,DISPATCH,UNIT_SCADA,1,"2019/08/22 11:40:00",TVCC201,0
D,DISPATCH,UNIT_SCADA,1,"2019/08/22 11:40:00",TVPP104,0
D,DISPATCH,UNIT_SCADA,1,"2019/08/22 11:40:00",UPPTUMUT,0
D,DISPATCH,UNIT_SCADA,1,"2019/08/22 11:40:00",URANQ11,0
D,DISPATCH,UNIT_SCADA,1,"2019/08/22 11:40:00",URANQ12,0
D,DISPATCH,UNIT_SCADA,1,"2019/08/22 11:40:00",URANQ13,0
D,DISPATCH,UNIT_SCADA,1,"2019/08/22 11:40:00",URANQ14,0
D,DISPATCH,UNIT_SCADA,1,"2019/08/22 11:40:00",VP5,199.5750
D,DISPATCH,UNIT_SCADA,1,"2019/08/22 11:40:00",VP6,601.224980
D,DISPATCH,UNIT_SCADA,1,"2019/08/22 11:40:00",VPGS1,0
D,DISPATCH,UNIT_SCADA,1,"2019/08/22 11:40:00",VPGS2,0
D,DISPATCH,UNIT_SCADA,1,"2019/08/22 11:40:00",VPGS3,0
D,DISPATCH,UNIT_SCADA,1,"2019/08/22 11:40:00",VPGS4,0
D,DISPATCH,UNIT_SCADA,1,"2019/08/22 11:40:00",VPGS5,0
D,DISPATCH,UNIT_SCADA,1,"2019/08/22 11:40:00",VPGS6,0
D,DISPATCH,UNIT_SCADA,1,"2019/08/22 11:40:00",W/HOE#1,0
D,DISPATCH,UNIT_SCADA,1,"2019/08/22 11:40:00",W/HOE#2,0
D,DISPATCH,UNIT_SCADA,1,"2019/08/22 11:40:00",WATERLWF,3.50
D,DISPATCH,UNIT_SCADA,1,"2019/08/22 11:40:00",WEMENSF1,58.20
D,DISPATCH,UNIT_SCADA,1,"2019/08/22 11:40:00",WGWF1,4.80
D,DISPATCH,UNIT_SCADA,1,"2019/08/22 11:40:00",WHITSF1,0
D,DISPATCH,UNIT_SCADA,1,"2019/08/22 11:40:00",WKIEWA1,0
D,DISPATCH,UNIT_SCADA,1,"2019/08/22 11:40:00",WKIEWA2,6.80
D,DISPATCH,UNIT_SCADA,1,"2019/08/22 11:40:00",WOODLWN1,25.3530
D,DISPATCH,UNIT_SCADA,1,"2019/08/22 11:40:00",WRSF1,4.10
D,DISPATCH,UNIT_SCADA,1,"2019/08/22 11:40:00",WRWF1,164.428740
D,DISPATCH,UNIT_SCADA,1,"2019/08/22 11:40:00",YABULU,0
D,DISPATCH,UNIT_SCADA,1,"2019/08/22 11:40:00",YABULU2,0
D,DISPATCH,UNIT_SCADA,1,"2019/08/22 11:40:00",YARWUN_1,0
D,DISPATCH,UNIT_SCADA,1,"2019/08/22 11:40:00",YENDWF1,42.17
D,DISPATCH,UNIT_SCADA,1,"2019/08/22 11:40:00",YWPS1,350.124050
D,DISPATCH,UNIT_SCADA,1,"2019/08/22 11:40:00",YWPS2,280.949370
D,DISPATCH,UNIT_SCADA,1,"2019/08/22 11:40:00",YWPS3,0
D,DISPATCH,UNIT_SCADA,1,"2019/08/22 11:40:00",YWPS4,394.673430
C,"END OF REPORT",334
