C,NEMP.WORLD,DISPATCHSCADA,AEMO,PUBLIC,2019/08/22,07:20:07,0000000311857166,DISPATCHSCADA,0000000311857160
I,DISPATCH,UNIT_SCADA,1,SETTLEMENTDATE,DUID,SCADAVALUE
D,DISPATCH,UNIT_SCADA,1,"2019/08/22 07:25:00",BARCSF1,4.10
D,DISPATCH,UNIT_SCADA,1,"2019/08/22 07:25:00",BUTLERSG,9.699999
D,DISPATCH,UNIT_SCADA,1,"2019/08/22 07:25:00",CALL_A_4,0
D,DISPATCH,UNIT_SCADA,1,"2019/08/22 07:25:00",CAPTL_WF,129.167999
D,DISPATCH,UNIT_SCADA,1,"2019/08/22 07:25:00",CATHROCK,0
D,DISPATCH,UNIT_SCADA,1,"2019/08/22 07:25:00",CHALLHWF,43.299999
D,DISPATCH,UNIT_SCADA,1,"2019/08/22 07:25:00",CLOVER,0
D,DISPATCH,UNIT_SCADA,1,"2019/08/22 07:25:00",CLUNY,19.811855
D,DISPATCH,UNIT_SCADA,1,"2019/08/22 07:25:00",CNUNDAWF,32.137489
D,DISPATCH,UNIT_SCADA,1,"2019/08/22 07:25:00",CULLRGWF,29.66
D,DISPATCH,UNIT_SCADA,1,"2019/08/22 07:25:00",ERGT01,0
D,DISPATCH,UNIT_SCADA,1,"2019/08/22 07:25:00",GB01,0.058491
D,DISPATCH,UNIT_SCADA,1,"2019/08/22 07:25:00",GERMCRK,37.299999
D,DISPATCH,UNIT_SCADA,1,"2019/08/22 07:25:00",GRIFSF1,2.199997
D,DISPATCH,UNIT_SCADA,1,"2019/08/22 07:25:00",HUGSF1,2.1370
D,DISPATCH,UNIT_SCADA,1,"2019/08/22 07:25:00",LKBONNY1,66.446167
D,DISPATCH,UNIT_SCADA,1,"2019/08/22 07:25:00",LRSF1,0.0390
D,DISPATCH,UNIT_SCADA,1,"2019/08/22 07:25:00",MBAHNTH,55.968750
D,DISPATCH,UNIT_SCADA,1,"2019/08/22 07:25:00",MLSP1,1.875001
D,DISPATCH,UNIT_SCADA,1,"2019/08/22 07:25:00",MLWF1,16.049999
D,DISPATCH,UNIT_SCADA,1,"2019/08/22 07:25:00",MTMILLAR,8.840278
D,DISPATCH,UNIT_SCADA,1,"2019/08/22 07:25:00",PALOONA,28.539999
D,DISPATCH,UNIT_SCADA,1,"2019/08/22 07:25:00",PIONEER,46.799999
D,DISPATCH,UNIT_SCADA,1,"2019/08/22 07:25:00",PORTWF,103.400002
D,DISPATCH,UNIT_SCADA,1,"2019/08/22 07:25:00",REPULSE,28.898756
D,DISPATCH,UNIT_SCADA,1,"2019/08/22 07:25:00",ROWALLAN,10.3305
D,DISPATCH,UNIT_SCADA,1,"2019/08/22 07:25:00",ROYALLA1,3.844001
D,DISPATCH,UNIT_SCADA,1,"2019/08/22 07:25:00",RPCG,15.20
D,DISPATCH,UNIT_SCADA,1,"2019/08/22 07:25:00",RUBICON,0
D,DISPATCH,UNIT_SCADA,1,"2019/08/22 07:25:00",SATGN1,0
D,DISPATCH,UNIT_SCADA,1,"2019/08/22 07:25:00",SATGS1,0
D,DISPATCH,UNIT_SCADA,1,"2019/08/22 07:25:00",STARHLWF,2.199359
D,DISPATCH,UNIT_SCADA,1,"2019/08/22 07:25:00",WAUBRAWF,173.692993
D,DISPATCH,UNIT_SCADA,1,"2019/08/22 07:25:00",WOOLNTH1,130.790024
D,DISPATCH,UNIT_SCADA,1,"2019/08/22 07:25:00",WPWF,8
D,DISPATCH,UNIT_SCADA,1,"2019/08/22 07:25:00",YAMBUKWF,26.200001
D,DISPATCH,UNIT_SCADA,1,"2019/08/22 07:25:00",YSWF1,18.799999
D,DISPATCH,UNIT_SCADA,1,"2019/08/22 07:25:00",AGLHAL,0
D,DISPATCH,UNIT_SCADA,1,"2019/08/22 07:25:00",AGLSOM,0
D,DISPATCH,UNIT_SCADA,1,"2019/08/22 07:25:00",ANGAST1,0
D,DISPATCH,UNIT_SCADA,1,"2019/08/22 07:25:00",ARWF1,200.100010
D,DISPATCH,UNIT_SCADA,1,"2019/08/22 07:25:00",BALBG1,0
D,DISPATCH,UNIT_SCADA,1,"2019/08/22 07:25:00",BALBL1,0
D,DISPATCH,UNIT_SCADA,1,"2019/08/22 07:25:00",BALDHWF1,99.085010
D,DISPATCH,UNIT_SCADA,1,"2019/08/22 07:25:00",BANN1,1.49
D,DISPATCH,UNIT_SCADA,1,"2019/08/22 07:25:00",BARCALDN,0
D,DISPATCH,UNIT_SCADA,1,"2019/08/22 07:25:00",BARRON-1,0
D,DISPATCH,UNIT_SCADA,1,"2019/08/22 07:25:00",BARRON-2,27.64
D,DISPATCH,UNIT_SCADA,1,"2019/08/22 07:25:00",BASTYAN,78.27
D,DISPATCH,UNIT_SCADA,1,"2019/08/22 07:25:00",BBTHREE1,-1.88
D,DISPATCH,UNIT_SCADA,1,"2019/08/22 07:25:00",BBTHREE2,-1.98
D,DISPATCH,UNIT_SCADA,1,"2019/08/22 07:25:00",BBTHREE3,-1.04
D,DISPATCH,UNIT_SCADA,1,"2019/08/22 07:25:00",BDL01,0
D,DISPATCH,UNIT_SCADA,1,"2019/08/22 07:25:00",BDL02,34.80
D,DISPATCH,UNIT_SCADA,1,"2019/08/22 07:25:00",BERYLSF1,4.820340
D,DISPATCH,UNIT_SCADA,1,"2019/08/22 07:25:00",BLOWERNG,0
D,DISPATCH,UNIT_SCADA,1,"2019/08/22 07:25:00",BLUFF1,30.90
D,DISPATCH,UNIT_SCADA,1,"2019/08/22 07:25:00",BNGSF1,0.05
D,DISPATCH,UNIT_SCADA,1,"2019/08/22 07:25:00",BNGSF2,0
D,DISPATCH,UNIT_SCADA,1,"2019/08/22 07:25:00",BOCORWF1,6.90
D,DISPATCH,UNIT_SCADA,1,"2019/08/22 07:25:00",BODWF1,107.615550
D,DISPATCH,UNIT_SCADA,1,"2019/08/22 07:25:00",BRAEMAR1,0
D,DISPATCH,UNIT_SCADA,1,"2019/08/22 07:25:00",BRAEMAR2,0
D,DISPATCH,UNIT_SCADA,1,"2019/08/22 07:25:00",BRAEMAR3,0
D,DISPATCH,UNIT_SCADA,1,"2019/08/22 07:25:00",BRAEMAR5,0
D,DISPATCH,UNIT_SCADA,1,"2019/08/22 07:25:00",BRAEMAR6,0
D,DISPATCH,UNIT_SCADA,1,"2019/08/22 07:25:00",BRAEMAR7,0
D,DISPATCH,UNIT_SCADA,1,"2019/08/22 07:25:00",BROKENH1,0
D,DISPATCH,UNIT_SCADA,1,"2019/08/22 07:25:00",BW01,651.799930
D,DISPATCH,UNIT_SCADA,1,"2019/08/22 07:25:00",BW02,652.400020
D,DISPATCH,UNIT_SCADA,1,"2019/08/22 07:25:00",BW03,658.8750
D,DISPATCH,UNIT_SCADA,1,"2019/08/22 07:25:00",BW04,0
D,DISPATCH,UNIT_SCADA,1,"2019/08/22 07:25:00",CALL_B_1,349.600010
D,DISPATCH,UNIT_SCADA,1,"2019/08/22 07:25:00",CALL_B_2,290.200010
D,DISPATCH,UNIT_SCADA,1,"2019/08/22 07:25:00",CETHANA,99.202380
D,DISPATCH,UNIT_SCADA,1,"2019/08/22 07:25:00",CG1,0
D,DISPATCH,UNIT_SCADA,1,"2019/08/22 07:25:00",CG2,0
D,DISPATCH,UNIT_SCADA,1,"2019/08/22 07:25:00",CG3,0
D,DISPATCH,UNIT_SCADA,1,"2019/08/22 07:25:00",CG4,0
D,DISPATCH,UNIT_SCADA,1,"2019/08/22 07:25:00",CHILDSF1,29.78
D,DISPATCH,UNIT_SCADA,1,"2019/08/22 07:25:00",CLARESF1,17.474560
D,DISPATCH,UNIT_SCADA,1,"2019/08/22 07:25:00",CLEMGPWF,9.940830
D,DISPATCH,UNIT_SCADA,1,"2019/08/22 07:25:00",CLERMSF1,15.17
D,DISPATCH,UNIT_SCADA,1,"2019/08/22 07:25:00",COLEASF1,9.999990
D,DISPATCH,UNIT_SCADA,1,"2019/08/22 07:25:00",COOPGWF1,35.218220
D,DISPATCH,UNIT_SCADA,1,"2019/08/22 07:25:00",CPP_3,404.524990
D,DISPATCH,UNIT_SCADA,1,"2019/08/22 07:25:00",CPP_4,405.899990
D,DISPATCH,UNIT_SCADA,1,"2019/08/22 07:25:00",CPSA,143.041890
D,DISPATCH,UNIT_SCADA,1,"2019/08/22 07:25:00",CROOKWF2,80.913750
D,DISPATCH,UNIT_SCADA,1,"2019/08/22 07:25:00",CROWLWF1,44.7488
D,DISPATCH,UNIT_SCADA,1,"2019/08/22 07:25:00",CSPVPS1,7.25
D,DISPATCH,UNIT_SCADA,1,"2019/08/22 07:25:00",DALNTH01,0
D,DISPATCH,UNIT_SCADA,1,"2019/08/22 07:25:00",DALNTHL1,0.071720
D,DISPATCH,UNIT_SCADA,1,"2019/08/22 07:25:00",DARTM1,134.600010
D,DISPATCH,UNIT_SCADA,1,"2019/08/22 07:25:00",DAYDSF1,50.8860
D,DISPATCH,UNIT_SCADA,1,"2019/08/22 07:25:00",DDPS1,0
D,DISPATCH,UNIT_SCADA,1,"2019/08/22 07:25:00",DDSF1,27.862020
D,DISPATCH,UNIT_SCADA,1,"2019/08/22 07:25:00",DEVILS_G,0
D,DISPATCH,UNIT_SCADA,1,"2019/08/22 07:25:00",DG_NSW1,0
D,DISPATCH,UNIT_SCADA,1,"2019/08/22 07:25:00",DG_QLD1,0
D,DISPATCH,UNIT_SCADA,1,"2019/08/22 07:25:00",DG_SA1,0
D,DISPATCH,UNIT_SCADA,1,"2019/08/22 07:25:00",DG_TAS1,0
D,DISPATCH,UNIT_SCADA,1,"2019/08/22 07:25:00",DG_VIC1,0
D,DISPATCH,UNIT_SCADA,1,"2019/08/22 07:25:00",DRYCGT1,0
D,DISPATCH,UNIT_SCADA,1,"2019/08/22 07:25:00",DRYCGT2,0
D,DISPATCH,UNIT_SCADA,1,"2019/08/22 07:25:00",DRYCGT3,0
D,DISPATCH,UNIT_SCADA,1,"2019/08/22 07:25:00",EILDON1,0
D,DISPATCH,UNIT_SCADA,1,"2019/08/22 07:25:00",EILDON2,0
D,DISPATCH,UNIT_SCADA,1,"2019/08/22 07:25:00",EMERASF1,24
D,DISPATCH,UNIT_SCADA,1,"2019/08/22 07:25:00",ER01,591.800050
D,DISPATCH,UNIT_SCADA,1,"2019/08/22 07:25:00",ER02,615.425050
D,DISPATCH,UNIT_SCADA,1,"2019/08/22 07:25:00",ER03,700.074950
D,DISPATCH,UNIT_SCADA,1,"2019/08/22 07:25:00",ER04,697.925050
D,DISPATCH,UNIT_SCADA,1,"2019/08/22 07:25:00",FINLYSF1,0
D,DISPATCH,UNIT_SCADA,1,"2019/08/22 07:25:00",FISHER,46
D,DISPATCH,UNIT_SCADA,1,"2019/08/22 07:25:00",GANNBG1,5.002840
D,DISPATCH,UNIT_SCADA,1,"2019/08/22 07:25:00",GANNBL1,0
D,DISPATCH,UNIT_SCADA,1,"2019/08/22 07:25:00",GANNSF1,1.90
D,DISPATCH,UNIT_SCADA,1,"2019/08/22 07:25:00",GORDON,86.901360
D,DISPATCH,UNIT_SCADA,1,"2019/08/22 07:25:00",GSTONE1,256.899990
D,DISPATCH,UNIT_SCADA,1,"2019/08/22 07:25:00",GSTONE2,229.4250
D,DISPATCH,UNIT_SCADA,1,"2019/08/22 07:25:00",GSTONE3,243.0750
D,DISPATCH,UNIT_SCADA,1,"2019/08/22 07:25:00",GSTONE4,251.474990
D,DISPATCH,UNIT_SCADA,1,"2019/08/22 07:25:00",GSTONE5,259.699980
D,DISPATCH,UNIT_SCADA,1,"2019/08/22 07:25:00",GSTONE6,0
D,DISPATCH,UNIT_SCADA,1,"2019/08/22 07:25:00",GULLRSF1,0
D,DISPATCH,UNIT_SCADA,1,"2019/08/22 07:25:00",GULLRWF1,154.138030
D,DISPATCH,UNIT_SCADA,1,"2019/08/22 07:25:00",GUNNING1,46.722180
D,DISPATCH,UNIT_SCADA,1,"2019/08/22 07:25:00",GUTHEGA,0
D,DISPATCH,UNIT_SCADA,1,"2019/08/22 07:25:00",HALLWF1,73.37
D,DISPATCH,UNIT_SCADA,1,"2019/08/22 07:25:00",HALLWF2,55.60
D,DISPATCH,UNIT_SCADA,1,"2019/08/22 07:25:00",HAMISF1,18.70
D,DISPATCH,UNIT_SCADA,1,"2019/08/22 07:25:00",HAUGHT11,45.680640
D,DISPATCH,UNIT_SCADA,1,"2019/08/22 07:25:00",HAYMSF1,17.9880
D,DISPATCH,UNIT_SCADA,1,"2019/08/22 07:25:00",HDWF1,31.10
D,DISPATCH,UNIT_SCADA,1,"2019/08/22 07:25:00",HDWF2,28.30
D,DISPATCH,UNIT_SCADA,1,"2019/08/22 07:25:00",HDWF3,35.30
D,DISPATCH,UNIT_SCADA,1,"2019/08/22 07:25:00",HPRG1,0
D,DISPATCH,UNIT_SCADA,1,"2019/08/22 07:25:00",HPRL1,0
D,DISPATCH,UNIT_SCADA,1,"2019/08/22 07:25:00",HUMENSW,0
D,DISPATCH,UNIT_SCADA,1,"2019/08/22 07:25:00",HUMEV,9.90
D,DISPATCH,UNIT_SCADA,1,"2019/08/22 07:25:00",HVGTS,0
D,DISPATCH,UNIT_SCADA,1,"2019/08/22 07:25:00",JBUTTERS,137.319990
D,DISPATCH,UNIT_SCADA,1,"2019/08/22 07:25:00",JLA01,0.50
D,DISPATCH,UNIT_SCADA,1,"2019/08/22 07:25:00",JLA02,0
D,DISPATCH,UNIT_SCADA,1,"2019/08/22 07:25:00",JLA03,0.10
D,DISPATCH,UNIT_SCADA,1,"2019/08/22 07:25:00",JLA04,0.10
D,DISPATCH,UNIT_SCADA,1,"2019/08/22 07:25:00",JLB01,0
D,DISPATCH,UNIT_SCADA,1,"2019/08/22 07:25:00",JLB02,0.10
D,DISPATCH,UNIT_SCADA,1,"2019/08/22 07:25:00",JLB03,0
D,DISPATCH,UNIT_SCADA,1,"2019/08/22 07:25:00",KAREEYA1,21.5750
D,DISPATCH,UNIT_SCADA,1,"2019/08/22 07:25:00",KAREEYA2,21.6050
D,DISPATCH,UNIT_SCADA,1,"2019/08/22 07:25:00",KAREEYA3,0
D,DISPATCH,UNIT_SCADA,1,"2019/08/22 07:25:00",KAREEYA4,21.73
D,DISPATCH,UNIT_SCADA,1,"2019/08/22 07:25:00",KARSF1,1.50
D,DISPATCH,UNIT_SCADA,1,"2019/08/22 07:25:00",KIATAWF1,25
D,DISPATCH,UNIT_SCADA,1,"2019/08/22 07:25:00",KPP_1,0
D,DISPATCH,UNIT_SCADA,1,"2019/08/22 07:25:00",KSP1,16.38
D,DISPATCH,UNIT_SCADA,1,"2019/08/22 07:25:00",LADBROK1,42.90
D,DISPATCH,UNIT_SCADA,1,"2019/08/22 07:25:00",LADBROK2,42.82
D,DISPATCH,UNIT_SCADA,1,"2019/08/22 07:25:00",LD01,346.218750
D,DISPATCH,UNIT_SCADA,1,"2019/08/22 07:25:00",LD02,347.2688
D,DISPATCH,UNIT_SCADA,1,"2019/08/22 07:25:00",LD03,352.6875
D,DISPATCH,UNIT_SCADA,1,"2019/08/22 07:25:00",LD04,349.125030
D,DISPATCH,UNIT_SCADA,1,"2019/08/22 07:25:00",LEM_WIL,86.1183
D,DISPATCH,UNIT_SCADA,1,"2019/08/22 07:25:00",LGAPWF1,11.30
D,DISPATCH,UNIT_SCADA,1,"2019/08/22 07:25:00",LILYSF1,37.224450
D,DISPATCH,UNIT_SCADA,1,"2019/08/22 07:25:00",LI_WY_CA,149.048680
D,DISPATCH,UNIT_SCADA,1,"2019/08/22 07:25:00",LKBONNY2,117.179090
D,DISPATCH,UNIT_SCADA,1,"2019/08/22 07:25:00",LKBONNY3,25.566480
D,DISPATCH,UNIT_SCADA,1,"2019/08/22 07:25:00",LK_ECHO,0
D,DISPATCH,UNIT_SCADA,1,"2019/08/22 07:25:00",LNGS1,0
D,DISPATCH,UNIT_SCADA,1,"2019/08/22 07:25:00",LNGS2,0
D,DISPATCH,UNIT_SCADA,1,"2019/08/22 07:25:00",LONSDALE,0
D,DISPATCH,UNIT_SCADA,1,"2019/08/22 07:25:00",LOYYB1,536.088620
D,DISPATCH,UNIT_SCADA,1,"2019/08/22 07:25:00",LOYYB2,580.450620
D,DISPATCH,UNIT_SCADA,1,"2019/08/22 07:25:00",LYA1,558
D,DISPATCH,UNIT_SCADA,1,"2019/08/22 07:25:00",LYA2,0
D,DISPATCH,UNIT_SCADA,1,"2019/08/22 07:25:00",LYA3,560
D,DISPATCH,UNIT_SCADA,1,"2019/08/22 07:25:00",LYA4,529
D,DISPATCH,UNIT_SCADA,1,"2019/08/22 07:25:00",MACARTH1,184.095750
D,DISPATCH,UNIT_SCADA,1,"2019/08/22 07:25:00",MACKAYGT,0
D,DISPATCH,UNIT_SCADA,1,"2019/08/22 07:25:00",MACKNTSH,86.080010
D,DISPATCH,UNIT_SCADA,1,"2019/08/22 07:25:00",MANSLR1,0
D,DISPATCH,UNIT_SCADA,1,"2019/08/22 07:25:00",MCKAY1,0.02
D,DISPATCH,UNIT_SCADA,1,"2019/08/22 07:25:00",MEADOWBK,33.981620
D,DISPATCH,UNIT_SCADA,1,"2019/08/22 07:25:00",MERCER01,79.8770
D,DISPATCH,UNIT_SCADA,1,"2019/08/22 07:25:00",MEWF1,63.6969
D,DISPATCH,UNIT_SCADA,1,"2019/08/22 07:25:00",MINTARO,0
D,DISPATCH,UNIT_SCADA,1,"2019/08/22 07:25:00",MOREESF1,24.5480
D,DISPATCH,UNIT_SCADA,1,"2019/08/22 07:25:00",MORTLK11,150
D,DISPATCH,UNIT_SCADA,1,"2019/08/22 07:25:00",MORTLK12,0
D,DISPATCH,UNIT_SCADA,1,"2019/08/22 07:25:00",MP1,280.349980
D,DISPATCH,UNIT_SCADA,1,"2019/08/22 07:25:00",MP2,0
D,DISPATCH,UNIT_SCADA,1,"2019/08/22 07:25:00",MPP_1,424.50
D,DISPATCH,UNIT_SCADA,1,"2019/08/22 07:25:00",MPP_2,435
D,DISPATCH,UNIT_SCADA,1,"2019/08/22 07:25:00",MSTUART1,0
D,DISPATCH,UNIT_SCADA,1,"2019/08/22 07:25:00",MSTUART2,0
D,DISPATCH,UNIT_SCADA,1,"2019/08/22 07:25:00",MSTUART3,0
D,DISPATCH,UNIT_SCADA,1,"2019/08/22 07:25:00",MTGELWF1,51.953190
D,DISPATCH,UNIT_SCADA,1,"2019/08/22 07:25:00",MURRAY,199.929990
D,DISPATCH,UNIT_SCADA,1,"2019/08/22 07:25:00",MUSSELR1,107
D,DISPATCH,UNIT_SCADA,1,"2019/08/22 07:25:00",MUWAWF1,53.20
D,DISPATCH,UNIT_SCADA,1,"2019/08/22 07:25:00",NBHWF1,82.80
D,DISPATCH,UNIT_SCADA,1,"2019/08/22 07:25:00",NPS,0
D,DISPATCH,UNIT_SCADA,1,"2019/08/22 07:25:00",NUMURSF1,6.90
D,DISPATCH,UNIT_SCADA,1,"2019/08/22 07:25:00",NYNGAN1,13.50
D,DISPATCH,UNIT_SCADA,1,"2019/08/22 07:25:00",OAKEY1,0
D,DISPATCH,UNIT_SCADA,1,"2019/08/22 07:25:00",OAKEY1SF,0.8070
D,DISPATCH,UNIT_SCADA,1,"2019/08/22 07:25:00",OAKEY2,0
D,DISPATCH,UNIT_SCADA,1,"2019/08/22 07:25:00",OAKLAND1,59.90
D,DISPATCH,UNIT_SCADA,1,"2019/08/22 07:25:00",OSB-AG,0
D,DISPATCH,UNIT_SCADA,1,"2019/08/22 07:25:00",PARSF1,2.100010
D,DISPATCH,UNIT_SCADA,1,"2019/08/22 07:25:00",POAT110,0
D,DISPATCH,UNIT_SCADA,1,"2019/08/22 07:25:00",POAT220,0.66
D,DISPATCH,UNIT_SCADA,1,"2019/08/22 07:25:00",POR01,0
D,DISPATCH,UNIT_SCADA,1,"2019/08/22 07:25:00",POR03,0
D,DISPATCH,UNIT_SCADA,1,"2019/08/22 07:25:00",PPCCGT,318.510830
D,DISPATCH,UNIT_SCADA,1,"2019/08/22 07:25:00",PTSTAN1,0
D,DISPATCH,UNIT_SCADA,1,"2019/08/22 07:25:00",PUMP1,0
D,DISPATCH,UNIT_SCADA,1,"2019/08/22 07:25:00",PUMP2,0
D,DISPATCH,UNIT_SCADA,1,"2019/08/22 07:25:00",QPS1,29
D,DISPATCH,UNIT_SCADA,1,"2019/08/22 07:25:00",QPS2,0
D,DISPATCH,UNIT_SCADA,1,"2019/08/22 07:25:00",QPS3,0
D,DISPATCH,UNIT_SCADA,1,"2019/08/22 07:25:00",QPS4,0
D,DISPATCH,UNIT_SCADA,1,"2019/08/22 07:25:00",QPS5,0
D,DISPATCH,UNIT_SCADA,1,"2019/08/22 07:25:00",REECE1,119.230010
D,DISPATCH,UNIT_SCADA,1,"2019/08/22 07:25:00",REECE2,118.010010
D,DISPATCH,UNIT_SCADA,1,"2019/08/22 07:25:00",ROMA_7,0
D,DISPATCH,UNIT_SCADA,1,"2019/08/22 07:25:00",ROMA_8,0
D,DISPATCH,UNIT_SCADA,1,"2019/08/22 07:25:00",RRSF1,28.128760
D,DISPATCH,UNIT_SCADA,1,"2019/08/22 07:25:00",RT_NSW1,0
D,DISPATCH,UNIT_SCADA,1,"2019/08/22 07:25:00",RT_NSW2,0
D,DISPATCH,UNIT_SCADA,1,"2019/08/22 07:25:00",RT_NSW3,0
D,DISPATCH,UNIT_SCADA,1,"2019/08/22 07:25:00",RT_NSW4,0
D,DISPATCH,UNIT_SCADA,1,"2019/08/22 07:25:00",RT_NSW5,0
D,DISPATCH,UNIT_SCADA,1,"2019/08/22 07:25:00",RT_NSW6,0
D,DISPATCH,UNIT_SCADA,1,"2019/08/22 07:25:00",RT_QLD1,0
D,DISPATCH,UNIT_SCADA,1,"2019/08/22 07:25:00",RT_SA1,0
D,DISPATCH,UNIT_SCADA,1,"2019/08/22 07:25:00",RT_SA2,0
D,DISPATCH,UNIT_SCADA,1,"2019/08/22 07:25:00",RT_SA3,0
D,DISPATCH,UNIT_SCADA,1,"2019/08/22 07:25:00",RT_SA4,0
D,DISPATCH,UNIT_SCADA,1,"2019/08/22 07:25:00",RT_SA5,0
D,DISPATCH,UNIT_SCADA,1,"2019/08/22 07:25:00",RT_SA6,0
D,DISPATCH,UNIT_SCADA,1,"2019/08/22 07:25:00",RT_TAS1,0
D,DISPATCH,UNIT_SCADA,1,"2019/08/22 07:25:00",RT_VIC1,0
D,DISPATCH,UNIT_SCADA,1,"2019/08/22 07:25:00",RT_VIC10,0
D,DISPATCH,UNIT_SCADA,1,"2019/08/22 07:25:00",RT_VIC11,0
D,DISPATCH,UNIT_SCADA,1,"2019/08/22 07:25:00",RT_VIC12,0
D,DISPATCH,UNIT_SCADA,1,"2019/08/22 07:25:00",RT_VIC2,0
D,DISPATCH,UNIT_SCADA,1,"2019/08/22 07:25:00",RT_VIC3,0
D,DISPATCH,UNIT_SCADA,1,"2019/08/22 07:25:00",RT_VIC4,0
D,DISPATCH,UNIT_SCADA,1,"2019/08/22 07:25:00",RT_VIC5,0
D,DISPATCH,UNIT_SCADA,1,"2019/08/22 07:25:00",RT_VIC6,0
D,DISPATCH,UNIT_SCADA,1,"2019/08/22 07:25:00",RT_VIC7,0
D,DISPATCH,UNIT_SCADA,1,"2019/08/22 07:25:00",RT_VIC8,0
D,DISPATCH,UNIT_SCADA,1,"2019/08/22 07:25:00",RT_VIC9,0
D,DISPATCH,UNIT_SCADA,1,"2019/08/22 07:25:00",RUGBYR1,25.196540
D,DISPATCH,UNIT_SCADA,1,"2019/08/22 07:25:00",SALTCRK1,28.93
D,DISPATCH,UNIT_SCADA,1,"2019/08/22 07:25:00",SAPHWF1,237.712460
D,DISPATCH,UNIT_SCADA,1,"2019/08/22 07:25:00",SHGEN,201.008880
D,DISPATCH,UNIT_SCADA,1,"2019/08/22 07:25:00",SHPUMP,0
D,DISPATCH,UNIT_SCADA,1,"2019/08/22 07:25:00",SITHE01,0.1639
D,DISPATCH,UNIT_SCADA,1,"2019/08/22 07:25:00",SMCSF1,15.341280
D,DISPATCH,UNIT_SCADA,1,"2019/08/22 07:25:00",SNOWNTH1,21.80
D,DISPATCH,UNIT_SCADA,1,"2019/08/22 07:25:00",SNOWSTH1,27.70
D,DISPATCH,UNIT_SCADA,1,"2019/08/22 07:25:00",SNOWTWN1,21.454510
D,DISPATCH,UNIT_SCADA,1,"2019/08/22 07:25:00",SNOWYP,0
D,DISPATCH,UNIT_SCADA,1,"2019/08/22 07:25:00",SNUG1,0.019440
D,DISPATCH,UNIT_SCADA,1,"2019/08/22 07:25:00",SRSF1,32.38
D,DISPATCH,UNIT_SCADA,1,"2019/08/22 07:25:00",STAN-1,0
D,DISPATCH,UNIT_SCADA,1,"2019/08/22 07:25:00",STAN-2,319.983550
D,DISPATCH,UNIT_SCADA,1,"2019/08/22 07:25:00",STAN-3,319.778470
D,DISPATCH,UNIT_SCADA,1,"2019/08/22 07:25:00",STAN-4,314.625730
D,DISPATCH,UNIT_SCADA,1,"2019/08/22 07:25:00",STWF1,40.601230
D,DISPATCH,UNIT_SCADA,1,"2019/08/22 07:25:00",SWAN_E,0
D,DISPATCH,UNIT_SCADA,1,"2019/08/22 07:25:00",TALWA1,420
D,DISPATCH,UNIT_SCADA,1,"2019/08/22 07:25:00",TARALGA1,86.036250
D,DISPATCH,UNIT_SCADA,1,"2019/08/22 07:25:00",TARONG#1,338.700010
D,DISPATCH,UNIT_SCADA,1,"2019/08/22 07:25:00",TARONG#2,339.200010
D,DISPATCH,UNIT_SCADA,1,"2019/08/22 07:25:00",TARONG#3,261.300020
D,DISPATCH,UNIT_SCADA,1,"2019/08/22 07:25:00",TARONG#4,340
D,DISPATCH,UNIT_SCADA,1,"2019/08/22 07:25:00",TARRALEA,83.90
D,DISPATCH,UNIT_SCADA,1,"2019/08/22 07:25:00",TBSF1,-0.20
D,DISPATCH,UNIT_SCADA,1,"2019/08/22 07:25:00",TNPS1,220.000020
D,DISPATCH,UNIT_SCADA,1,"2019/08/22 07:25:00",TORRA1,47.676590
D,DISPATCH,UNIT_SCADA,1,"2019/08/22 07:25:00",TORRA2,0
D,DISPATCH,UNIT_SCADA,1,"2019/08/22 07:25:00",TORRA3,46.644390
D,DISPATCH,UNIT_SCADA,1,"2019/08/22 07:25:00",TORRA4,0
D,DISPATCH,UNIT_SCADA,1,"2019/08/22 07:25:00",TORRB1,63.87
D,DISPATCH,UNIT_SCADA,1,"2019/08/22 07:25:00",TORRB2,60.32
D,DISPATCH,UNIT_SCADA,1,"2019/08/22 07:25:00",TORRB3,0
D,DISPATCH,UNIT_SCADA,1,"2019/08/22 07:25:00",TORRB4,0
D,DISPATCH,UNIT_SCADA,1,"2019/08/22 07:25:00",TREVALLN,87.050030
D,DISPATCH,UNIT_SCADA,1,"2019/08/22 07:25:00",TRIBUTE,83.56
D,DISPATCH,UNIT_SCADA,1,"2019/08/22 07:25:00",TUMUT3,0
D,DISPATCH,UNIT_SCADA,1,"2019/08/22 07:25:00",TUNGATIN,137.010040
D,DISPATCH,UNIT_SCADA,1,"2019/08/22 07:25:00",TVCC201,0
D,DISPATCH,UNIT_SCADA,1,"2019/08/22 07:25:00",TVPP104,57.807020
D,DISPATCH,UNIT_SCADA,1,"2019/08/22 07:25:00",UPPTUMUT,339.693540
D,DISPATCH,UNIT_SCADA,1,"2019/08/22 07:25:00",URANQ11,0
D,DISPATCH,UNIT_SCADA,1,"2019/08/22 07:25:00",URANQ12,0
D,DISPATCH,UNIT_SCADA,1,"2019/08/22 07:25:00",URANQ13,0
D,DISPATCH,UNIT_SCADA,1,"2019/08/22 07:25:00",URANQ14,0
D,DISPATCH,UNIT_SCADA,1,"2019/08/22 07:25:00",VP5,596.850040
D,DISPATCH,UNIT_SCADA,1,"2019/08/22 07:25:00",VP6,601.299990
D,DISPATCH,UNIT_SCADA,1,"2019/08/22 07:25:00",VPGS1,0
D,DISPATCH,UNIT_SCADA,1,"2019/08/22 07:25:00",VPGS2,0
D,DISPATCH,UNIT_SCADA,1,"2019/08/22 07:25:00",VPGS3,0
D,DISPATCH,UNIT_SCADA,1,"2019/08/22 07:25:00",VPGS4,0
D,DISPATCH,UNIT_SCADA,1,"2019/08/22 07:25:00",VPGS5,0
D,DISPATCH,UNIT_SCADA,1,"2019/08/22 07:25:00",VPGS6,0
D,DISPATCH,UNIT_SCADA,1,"2019/08/22 07:25:00",W/HOE#1,0
D,DISPATCH,UNIT_SCADA,1,"2019/08/22 07:25:00",W/HOE#2,0
D,DISPATCH,UNIT_SCADA,1,"2019/08/22 07:25:00",WATERLWF,46.60
D,DISPATCH,UNIT_SCADA,1,"2019/08/22 07:25:00",WEMENSF1,0.60
D,DISPATCH,UNIT_SCADA,1,"2019/08/22 07:25:00",WGWF1,76.20
D,DISPATCH,UNIT_SCADA,1,"2019/08/22 07:25:00",WHITSF1,17.10
D,DISPATCH,UNIT_SCADA,1,"2019/08/22 07:25:00",WKIEWA1,0
D,DISPATCH,UNIT_SCADA,1,"2019/08/22 07:25:00",WKIEWA2,16.70
D,DISPATCH,UNIT_SCADA,1,"2019/08/22 07:25:00",WOODLWN1,44.865010
D,DISPATCH,UNIT_SCADA,1,"2019/08/22 07:25:00",WRSF1,1.64
D,DISPATCH,UNIT_SCADA,1,"2019/08/22 07:25:00",WRWF1,164.95
D,DISPATCH,UNIT_SCADA,1,"2019/08/22 07:25:00",YABULU,0
D,DISPATCH,UNIT_SCADA,1,"2019/08/22 07:25:00",YABULU2,0
D,DISPATCH,UNIT_SCADA,1,"2019/08/22 07:25:00",YARWUN_1,0
D,DISPATCH,UNIT_SCADA,1,"2019/08/22 07:25:00",YENDWF1,42
D,DISPATCH,UNIT_SCADA,1,"2019/08/22 07:25:00",YWPS1,378.946840
D,DISPATCH,UNIT_SCADA,1,"2019/08/22 07:25:00",YWPS2,280.448090
D,DISPATCH,UNIT_SCADA,1,"2019/08/22 07:25:00",YWPS3,0
D,DISPATCH,UNIT_SCADA,1,"2019/08/22 07:25:00",YWPS4,398.343050
C,"END OF REPORT",334
