C,NEMP.WORLD,DISPATCHSCADA,AEMO,PUBLIC,2019/09/05,08:35:08,0000000312414844,DISPATCHSCADA,0000000312414838
I,DISPATCH,UNIT_SCADA,1,SETTLEMENTDATE,DUID,SCADAVALUE
D,DISPATCH,UNIT_SCADA,1,"2019/09/05 08:40:00",BARCSF1,8.80
D,DISPATCH,UNIT_SCADA,1,"2019/09/05 08:40:00",BUTLERSG,10.199999
D,DISPATCH,UNIT_SCADA,1,"2019/09/05 08:40:00",CALL_A_4,0
D,DISPATCH,UNIT_SCADA,1,"2019/09/05 08:40:00",CAPTL_WF,0
D,DISPATCH,UNIT_SCADA,1,"2019/09/05 08:40:00",CATHROCK,45.619999
D,DISPATCH,UNIT_SCADA,1,"2019/09/05 08:40:00",CHALLHWF,1.40
D,DISPATCH,UNIT_SCADA,1,"2019/09/05 08:40:00",CLOVER,-0.01
D,DISPATCH,UNIT_SCADA,1,"2019/09/05 08:40:00",CLUNY,8.800641
D,DISPATCH,UNIT_SCADA,1,"2019/09/05 08:40:00",CNUNDAWF,23.627563
D,DISPATCH,UNIT_SCADA,1,"2019/09/05 08:40:00",CULLRGWF,6.52
D,DISPATCH,UNIT_SCADA,1,"2019/09/05 08:40:00",ERGT01,0
D,DISPATCH,UNIT_SCADA,1,"2019/09/05 08:40:00",GB01,0.015625
D,DISPATCH,UNIT_SCADA,1,"2019/09/05 08:40:00",GERMCRK,36.700001
D,DISPATCH,UNIT_SCADA,1,"2019/09/05 08:40:00",GRIFSF1,23.899994
D,DISPATCH,UNIT_SCADA,1,"2019/09/05 08:40:00",HUGSF1,8.9610
D,DISPATCH,UNIT_SCADA,1,"2019/09/05 08:40:00",LKBONNY1,35.009270
D,DISPATCH,UNIT_SCADA,1,"2019/09/05 08:40:00",LRSF1,12.955001
D,DISPATCH,UNIT_SCADA,1,"2019/09/05 08:40:00",MBAHNTH,27.037498
D,DISPATCH,UNIT_SCADA,1,"2019/09/05 08:40:00",MLSP1,4.353001
D,DISPATCH,UNIT_SCADA,1,"2019/09/05 08:40:00",MLWF1,4.08
D,DISPATCH,UNIT_SCADA,1,"2019/09/05 08:40:00",MTMILLAR,12.903234
D,DISPATCH,UNIT_SCADA,1,"2019/09/05 08:40:00",PALOONA,24.65
D,DISPATCH,UNIT_SCADA,1,"2019/09/05 08:40:00",PIONEER,47.799999
D,DISPATCH,UNIT_SCADA,1,"2019/09/05 08:40:00",PORTWF,24.60
D,DISPATCH,UNIT_SCADA,1,"2019/09/05 08:40:00",REPULSE,24.891127
D,DISPATCH,UNIT_SCADA,1,"2019/09/05 08:40:00",ROWALLAN,10.3731
D,DISPATCH,UNIT_SCADA,1,"2019/09/05 08:40:00",ROYALLA1,2.779001
D,DISPATCH,UNIT_SCADA,1,"2019/09/05 08:40:00",RPCG,8.80
D,DISPATCH,UNIT_SCADA,1,"2019/09/05 08:40:00",RUBICON,0
D,DISPATCH,UNIT_SCADA,1,"2019/09/05 08:40:00",SATGN1,0
D,DISPATCH,UNIT_SCADA,1,"2019/09/05 08:40:00",SATGS1,0
D,DISPATCH,UNIT_SCADA,1,"2019/09/05 08:40:00",STARHLWF,0.299913
D,DISPATCH,UNIT_SCADA,1,"2019/09/05 08:40:00",WAUBRAWF,21.061001
D,DISPATCH,UNIT_SCADA,1,"2019/09/05 08:40:00",WOOLNTH1,-0.149985
D,DISPATCH,UNIT_SCADA,1,"2019/09/05 08:40:00",WPWF,11
D,DISPATCH,UNIT_SCADA,1,"2019/09/05 08:40:00",YAMBUKWF,3.80
D,DISPATCH,UNIT_SCADA,1,"2019/09/05 08:40:00",YSWF1,0
D,DISPATCH,UNIT_SCADA,1,"2019/09/05 08:40:00",AGLHAL,0
D,DISPATCH,UNIT_SCADA,1,"2019/09/05 08:40:00",AGLSOM,0
D,DISPATCH,UNIT_SCADA,1,"2019/09/05 08:40:00",ANGAST1,0
D,DISPATCH,UNIT_SCADA,1,"2019/09/05 08:40:00",ARWF1,9.70
D,DISPATCH,UNIT_SCADA,1,"2019/09/05 08:40:00",BALBG1,0.29
D,DISPATCH,UNIT_SCADA,1,"2019/09/05 08:40:00",BALBL1,0
D,DISPATCH,UNIT_SCADA,1,"2019/09/05 08:40:00",BALDHWF1,2.3590
D,DISPATCH,UNIT_SCADA,1,"2019/09/05 08:40:00",BANN1,12.12
D,DISPATCH,UNIT_SCADA,1,"2019/09/05 08:40:00",BARCALDN,0
D,DISPATCH,UNIT_SCADA,1,"2019/09/05 08:40:00",BARRON-1,34.16
D,DISPATCH,UNIT_SCADA,1,"2019/09/05 08:40:00",BARRON-2,0
D,DISPATCH,UNIT_SCADA,1,"2019/09/05 08:40:00",BASTYAN,80.600010
D,DISPATCH,UNIT_SCADA,1,"2019/09/05 08:40:00",BBTHREE1,0
D,DISPATCH,UNIT_SCADA,1,"2019/09/05 08:40:00",BBTHREE2,0
D,DISPATCH,UNIT_SCADA,1,"2019/09/05 08:40:00",BBTHREE3,0
D,DISPATCH,UNIT_SCADA,1,"2019/09/05 08:40:00",BDL01,35.16
D,DISPATCH,UNIT_SCADA,1,"2019/09/05 08:40:00",BDL02,-0.12
D,DISPATCH,UNIT_SCADA,1,"2019/09/05 08:40:00",BERYLSF1,70.502620
D,DISPATCH,UNIT_SCADA,1,"2019/09/05 08:40:00",BLOWERNG,11.10
D,DISPATCH,UNIT_SCADA,1,"2019/09/05 08:40:00",BLUFF1,0
D,DISPATCH,UNIT_SCADA,1,"2019/09/05 08:40:00",BNGSF1,73.16
D,DISPATCH,UNIT_SCADA,1,"2019/09/05 08:40:00",BNGSF2,19.99
D,DISPATCH,UNIT_SCADA,1,"2019/09/05 08:40:00",BOCORWF1,0.05
D,DISPATCH,UNIT_SCADA,1,"2019/09/05 08:40:00",BODWF1,17.220370
D,DISPATCH,UNIT_SCADA,1,"2019/09/05 08:40:00",BRAEMAR1,0
D,DISPATCH,UNIT_SCADA,1,"2019/09/05 08:40:00",BRAEMAR2,0
D,DISPATCH,UNIT_SCADA,1,"2019/09/05 08:40:00",BRAEMAR3,0
D,DISPATCH,UNIT_SCADA,1,"2019/09/05 08:40:00",BRAEMAR5,0
D,DISPATCH,UNIT_SCADA,1,"2019/09/05 08:40:00",BRAEMAR6,0
D,DISPATCH,UNIT_SCADA,1,"2019/09/05 08:40:00",BRAEMAR7,0
D,DISPATCH,UNIT_SCADA,1,"2019/09/05 08:40:00",BROKENH1,25.496830
D,DISPATCH,UNIT_SCADA,1,"2019/09/05 08:40:00",BW01,571.3750
D,DISPATCH,UNIT_SCADA,1,"2019/09/05 08:40:00",BW02,637.525020
D,DISPATCH,UNIT_SCADA,1,"2019/09/05 08:40:00",BW03,651.199950
D,DISPATCH,UNIT_SCADA,1,"2019/09/05 08:40:00",BW04,0
D,DISPATCH,UNIT_SCADA,1,"2019/09/05 08:40:00",CALL_B_1,302.600010
D,DISPATCH,UNIT_SCADA,1,"2019/09/05 08:40:00",CALL_B_2,266.600010
D,DISPATCH,UNIT_SCADA,1,"2019/09/05 08:40:00",CETHANA,80.641130
D,DISPATCH,UNIT_SCADA,1,"2019/09/05 08:40:00",CG1,0
D,DISPATCH,UNIT_SCADA,1,"2019/09/05 08:40:00",CG2,0
D,DISPATCH,UNIT_SCADA,1,"2019/09/05 08:40:00",CG3,0
D,DISPATCH,UNIT_SCADA,1,"2019/09/05 08:40:00",CG4,0
D,DISPATCH,UNIT_SCADA,1,"2019/09/05 08:40:00",CHILDSF1,55.94
D,DISPATCH,UNIT_SCADA,1,"2019/09/05 08:40:00",CLARESF1,33.6384
D,DISPATCH,UNIT_SCADA,1,"2019/09/05 08:40:00",CLEMGPWF,20.890150
D,DISPATCH,UNIT_SCADA,1,"2019/09/05 08:40:00",CLERMSF1,0.24
D,DISPATCH,UNIT_SCADA,1,"2019/09/05 08:40:00",COLEASF1,39.50
D,DISPATCH,UNIT_SCADA,1,"2019/09/05 08:40:00",COOPGWF1,0
D,DISPATCH,UNIT_SCADA,1,"2019/09/05 08:40:00",CPP_3,199.3750
D,DISPATCH,UNIT_SCADA,1,"2019/09/05 08:40:00",CPP_4,195.80
D,DISPATCH,UNIT_SCADA,1,"2019/09/05 08:40:00",CPSA,135.821260
D,DISPATCH,UNIT_SCADA,1,"2019/09/05 08:40:00",CROOKWF2,2.953750
D,DISPATCH,UNIT_SCADA,1,"2019/09/05 08:40:00",CROWLWF1,1.227780
D,DISPATCH,UNIT_SCADA,1,"2019/09/05 08:40:00",CSPVPS1,21.7750
D,DISPATCH,UNIT_SCADA,1,"2019/09/05 08:40:00",DALNTH01,0
D,DISPATCH,UNIT_SCADA,1,"2019/09/05 08:40:00",DALNTHL1,0.1297
D,DISPATCH,UNIT_SCADA,1,"2019/09/05 08:40:00",DARTM1,133.600010
D,DISPATCH,UNIT_SCADA,1,"2019/09/05 08:40:00",DAYDSF1,0
D,DISPATCH,UNIT_SCADA,1,"2019/09/05 08:40:00",DDPS1,16.508870
D,DISPATCH,UNIT_SCADA,1,"2019/09/05 08:40:00",DDSF1,73.981950
D,DISPATCH,UNIT_SCADA,1,"2019/09/05 08:40:00",DEVILS_G,55.878170
D,DISPATCH,UNIT_SCADA,1,"2019/09/05 08:40:00",DG_NSW1,0
D,DISPATCH,UNIT_SCADA,1,"2019/09/05 08:40:00",DG_QLD1,0
D,DISPATCH,UNIT_SCADA,1,"2019/09/05 08:40:00",DG_SA1,0
D,DISPATCH,UNIT_SCADA,1,"2019/09/05 08:40:00",DG_TAS1,0
D,DISPATCH,UNIT_SCADA,1,"2019/09/05 08:40:00",DG_VIC1,0
D,DISPATCH,UNIT_SCADA,1,"2019/09/05 08:40:00",DRYCGT1,0
D,DISPATCH,UNIT_SCADA,1,"2019/09/05 08:40:00",DRYCGT2,0
D,DISPATCH,UNIT_SCADA,1,"2019/09/05 08:40:00",DRYCGT3,0
D,DISPATCH,UNIT_SCADA,1,"2019/09/05 08:40:00",EILDON1,0
D,DISPATCH,UNIT_SCADA,1,"2019/09/05 08:40:00",EILDON2,0
D,DISPATCH,UNIT_SCADA,1,"2019/09/05 08:40:00",EMERASF1,0.20
D,DISPATCH,UNIT_SCADA,1,"2019/09/05 08:40:00",ER01,593.599980
D,DISPATCH,UNIT_SCADA,1,"2019/09/05 08:40:00",ER02,680.349980
D,DISPATCH,UNIT_SCADA,1,"2019/09/05 08:40:00",ER03,0
D,DISPATCH,UNIT_SCADA,1,"2019/09/05 08:40:00",ER04,698.949950
D,DISPATCH,UNIT_SCADA,1,"2019/09/05 08:40:00",FINLYSF1,5.056240
D,DISPATCH,UNIT_SCADA,1,"2019/09/05 08:40:00",FISHER,45.85
D,DISPATCH,UNIT_SCADA,1,"2019/09/05 08:40:00",GANNBG1,5.5674
D,DISPATCH,UNIT_SCADA,1,"2019/09/05 08:40:00",GANNBL1,0
D,DISPATCH,UNIT_SCADA,1,"2019/09/05 08:40:00",GANNSF1,9
D,DISPATCH,UNIT_SCADA,1,"2019/09/05 08:40:00",GORDON,100.658320
D,DISPATCH,UNIT_SCADA,1,"2019/09/05 08:40:00",GSTONE1,142.099990
D,DISPATCH,UNIT_SCADA,1,"2019/09/05 08:40:00",GSTONE2,110.0750
D,DISPATCH,UNIT_SCADA,1,"2019/09/05 08:40:00",GSTONE3,0
D,DISPATCH,UNIT_SCADA,1,"2019/09/05 08:40:00",GSTONE4,142.974990
D,DISPATCH,UNIT_SCADA,1,"2019/09/05 08:40:00",GSTONE5,141.75
D,DISPATCH,UNIT_SCADA,1,"2019/09/05 08:40:00",GSTONE6,142.974990
D,DISPATCH,UNIT_SCADA,1,"2019/09/05 08:40:00",GULLRSF1,7.321380
D,DISPATCH,UNIT_SCADA,1,"2019/09/05 08:40:00",GULLRWF1,15.8204
D,DISPATCH,UNIT_SCADA,1,"2019/09/05 08:40:00",GUNNING1,4.845260
D,DISPATCH,UNIT_SCADA,1,"2019/09/05 08:40:00",GUTHEGA,30.90
D,DISPATCH,UNIT_SCADA,1,"2019/09/05 08:40:00",HALLWF1,-0.41
D,DISPATCH,UNIT_SCADA,1,"2019/09/05 08:40:00",HALLWF2,-0.31
D,DISPATCH,UNIT_SCADA,1,"2019/09/05 08:40:00",HAMISF1,45.20
D,DISPATCH,UNIT_SCADA,1,"2019/09/05 08:40:00",HAUGHT11,95.481860
D,DISPATCH,UNIT_SCADA,1,"2019/09/05 08:40:00",HAYMSF1,39.5620
D,DISPATCH,UNIT_SCADA,1,"2019/09/05 08:40:00",HDWF1,-0.70
D,DISPATCH,UNIT_SCADA,1,"2019/09/05 08:40:00",HDWF2,-0.60
D,DISPATCH,UNIT_SCADA,1,"2019/09/05 08:40:00",HDWF3,-0.70
D,DISPATCH,UNIT_SCADA,1,"2019/09/05 08:40:00",HPRG1,2.50
D,DISPATCH,UNIT_SCADA,1,"2019/09/05 08:40:00",HPRL1,0
D,DISPATCH,UNIT_SCADA,1,"2019/09/05 08:40:00",HUMENSW,0
D,DISPATCH,UNIT_SCADA,1,"2019/09/05 08:40:00",HUMEV,25.70
D,DISPATCH,UNIT_SCADA,1,"2019/09/05 08:40:00",HVGTS,0
D,DISPATCH,UNIT_SCADA,1,"2019/09/05 08:40:00",JBUTTERS,112.38
D,DISPATCH,UNIT_SCADA,1,"2019/09/05 08:40:00",JLA01,0.10
D,DISPATCH,UNIT_SCADA,1,"2019/09/05 08:40:00",JLA02,0
D,DISPATCH,UNIT_SCADA,1,"2019/09/05 08:40:00",JLA03,0
D,DISPATCH,UNIT_SCADA,1,"2019/09/05 08:40:00",JLA04,0
D,DISPATCH,UNIT_SCADA,1,"2019/09/05 08:40:00",JLB01,0
D,DISPATCH,UNIT_SCADA,1,"2019/09/05 08:40:00",JLB02,56.10
D,DISPATCH,UNIT_SCADA,1,"2019/09/05 08:40:00",JLB03,55.90
D,DISPATCH,UNIT_SCADA,1,"2019/09/05 08:40:00",KAREEYA1,21.5875
D,DISPATCH,UNIT_SCADA,1,"2019/09/05 08:40:00",KAREEYA2,21.74
D,DISPATCH,UNIT_SCADA,1,"2019/09/05 08:40:00",KAREEYA3,0
D,DISPATCH,UNIT_SCADA,1,"2019/09/05 08:40:00",KAREEYA4,21.6075
D,DISPATCH,UNIT_SCADA,1,"2019/09/05 08:40:00",KARSF1,78.60
D,DISPATCH,UNIT_SCADA,1,"2019/09/05 08:40:00",KIATAWF1,4.60
D,DISPATCH,UNIT_SCADA,1,"2019/09/05 08:40:00",KPP_1,0
D,DISPATCH,UNIT_SCADA,1,"2019/09/05 08:40:00",KSP1,0
D,DISPATCH,UNIT_SCADA,1,"2019/09/05 08:40:00",LADBROK1,42.35
D,DISPATCH,UNIT_SCADA,1,"2019/09/05 08:40:00",LADBROK2,43.07
D,DISPATCH,UNIT_SCADA,1,"2019/09/05 08:40:00",LD01,381.168730
D,DISPATCH,UNIT_SCADA,1,"2019/09/05 08:40:00",LD02,380.025050
D,DISPATCH,UNIT_SCADA,1,"2019/09/05 08:40:00",LD03,382.349950
D,DISPATCH,UNIT_SCADA,1,"2019/09/05 08:40:00",LD04,381.468750
D,DISPATCH,UNIT_SCADA,1,"2019/09/05 08:40:00",LEM_WIL,82.4226
D,DISPATCH,UNIT_SCADA,1,"2019/09/05 08:40:00",LGAPWF1,34.61
D,DISPATCH,UNIT_SCADA,1,"2019/09/05 08:40:00",LILYSF1,88.080380
D,DISPATCH,UNIT_SCADA,1,"2019/09/05 08:40:00",LI_WY_CA,161.985240
D,DISPATCH,UNIT_SCADA,1,"2019/09/05 08:40:00",LKBONNY2,40.254910
D,DISPATCH,UNIT_SCADA,1,"2019/09/05 08:40:00",LKBONNY3,20.207570
D,DISPATCH,UNIT_SCADA,1,"2019/09/05 08:40:00",LK_ECHO,0
D,DISPATCH,UNIT_SCADA,1,"2019/09/05 08:40:00",LNGS1,0
D,DISPATCH,UNIT_SCADA,1,"2019/09/05 08:40:00",LNGS2,0
D,DISPATCH,UNIT_SCADA,1,"2019/09/05 08:40:00",LONSDALE,0
D,DISPATCH,UNIT_SCADA,1,"2019/09/05 08:40:00",LOYYB1,535.336730
D,DISPATCH,UNIT_SCADA,1,"2019/09/05 08:40:00",LOYYB2,582.330380
D,DISPATCH,UNIT_SCADA,1,"2019/09/05 08:40:00",LYA1,0
D,DISPATCH,UNIT_SCADA,1,"2019/09/05 08:40:00",LYA2,0
D,DISPATCH,UNIT_SCADA,1,"2019/09/05 08:40:00",LYA3,559
D,DISPATCH,UNIT_SCADA,1,"2019/09/05 08:40:00",LYA4,540
D,DISPATCH,UNIT_SCADA,1,"2019/09/05 08:40:00",MACARTH1,0
D,DISPATCH,UNIT_SCADA,1,"2019/09/05 08:40:00",MACKAYGT,0.2240
D,DISPATCH,UNIT_SCADA,1,"2019/09/05 08:40:00",MACKNTSH,88.88
D,DISPATCH,UNIT_SCADA,1,"2019/09/05 08:40:00",MANSLR1,36.3330
D,DISPATCH,UNIT_SCADA,1,"2019/09/05 08:40:00",MCKAY1,0.0750
D,DISPATCH,UNIT_SCADA,1,"2019/09/05 08:40:00",MEADOWBK,32.266820
D,DISPATCH,UNIT_SCADA,1,"2019/09/05 08:40:00",MERCER01,23.8950
D,DISPATCH,UNIT_SCADA,1,"2019/09/05 08:40:00",MEWF1,39.712770
D,DISPATCH,UNIT_SCADA,1,"2019/09/05 08:40:00",MINTARO,0
D,DISPATCH,UNIT_SCADA,1,"2019/09/05 08:40:00",MOREESF1,51.1820
D,DISPATCH,UNIT_SCADA,1,"2019/09/05 08:40:00",MORTLK11,259
D,DISPATCH,UNIT_SCADA,1,"2019/09/05 08:40:00",MORTLK12,0
D,DISPATCH,UNIT_SCADA,1,"2019/09/05 08:40:00",MP1,221.899960
D,DISPATCH,UNIT_SCADA,1,"2019/09/05 08:40:00",MP2,0
D,DISPATCH,UNIT_SCADA,1,"2019/09/05 08:40:00",MPP_1,253.50
D,DISPATCH,UNIT_SCADA,1,"2019/09/05 08:40:00",MPP_2,342.50
D,DISPATCH,UNIT_SCADA,1,"2019/09/05 08:40:00",MSTUART1,0
D,DISPATCH,UNIT_SCADA,1,"2019/09/05 08:40:00",MSTUART2,0
D,DISPATCH,UNIT_SCADA,1,"2019/09/05 08:40:00",MSTUART3,0
D,DISPATCH,UNIT_SCADA,1,"2019/09/05 08:40:00",MTGELWF1,-0.389110
D,DISPATCH,UNIT_SCADA,1,"2019/09/05 08:40:00",MURRAY,0
D,DISPATCH,UNIT_SCADA,1,"2019/09/05 08:40:00",MUSSELR1,0.40
D,DISPATCH,UNIT_SCADA,1,"2019/09/05 08:40:00",MUWAWF1,12.07
D,DISPATCH,UNIT_SCADA,1,"2019/09/05 08:40:00",NBHWF1,-0.60
D,DISPATCH,UNIT_SCADA,1,"2019/09/05 08:40:00",NPS,291.3750
D,DISPATCH,UNIT_SCADA,1,"2019/09/05 08:40:00",NUMURSF1,10.98
D,DISPATCH,UNIT_SCADA,1,"2019/09/05 08:40:00",NYNGAN1,58.75
D,DISPATCH,UNIT_SCADA,1,"2019/09/05 08:40:00",OAKEY1,0
D,DISPATCH,UNIT_SCADA,1,"2019/09/05 08:40:00",OAKEY1SF,21.6260
D,DISPATCH,UNIT_SCADA,1,"2019/09/05 08:40:00",OAKEY2,0
D,DISPATCH,UNIT_SCADA,1,"2019/09/05 08:40:00",OAKEY2SF,0
D,DISPATCH,UNIT_SCADA,1,"2019/09/05 08:40:00",OAKLAND1,16.90
D,DISPATCH,UNIT_SCADA,1,"2019/09/05 08:40:00",OSB-AG,180.02
D,DISPATCH,UNIT_SCADA,1,"2019/09/05 08:40:00",PARSF1,45.399990
D,DISPATCH,UNIT_SCADA,1,"2019/09/05 08:40:00",POAT110,0
D,DISPATCH,UNIT_SCADA,1,"2019/09/05 08:40:00",POAT220,38.70
D,DISPATCH,UNIT_SCADA,1,"2019/09/05 08:40:00",POR01,0
D,DISPATCH,UNIT_SCADA,1,"2019/09/05 08:40:00",POR03,0
D,DISPATCH,UNIT_SCADA,1,"2019/09/05 08:40:00",PPCCGT,483.602570
D,DISPATCH,UNIT_SCADA,1,"2019/09/05 08:40:00",PTSTAN1,0
D,DISPATCH,UNIT_SCADA,1,"2019/09/05 08:40:00",PUMP1,0
D,DISPATCH,UNIT_SCADA,1,"2019/09/05 08:40:00",PUMP2,0
D,DISPATCH,UNIT_SCADA,1,"2019/09/05 08:40:00",QPS1,29.10
D,DISPATCH,UNIT_SCADA,1,"2019/09/05 08:40:00",QPS2,0
D,DISPATCH,UNIT_SCADA,1,"2019/09/05 08:40:00",QPS3,23.10
D,DISPATCH,UNIT_SCADA,1,"2019/09/05 08:40:00",QPS4,23.50
D,DISPATCH,UNIT_SCADA,1,"2019/09/05 08:40:00",QPS5,34.32
D,DISPATCH,UNIT_SCADA,1,"2019/09/05 08:40:00",REECE1,100.870010
D,DISPATCH,UNIT_SCADA,1,"2019/09/05 08:40:00",REECE2,101.77
D,DISPATCH,UNIT_SCADA,1,"2019/09/05 08:40:00",ROMA_7,0
D,DISPATCH,UNIT_SCADA,1,"2019/09/05 08:40:00",ROMA_8,0
D,DISPATCH,UNIT_SCADA,1,"2019/09/05 08:40:00",RRSF1,100.358490
D,DISPATCH,UNIT_SCADA,1,"2019/09/05 08:40:00",RT_NSW1,0
D,DISPATCH,UNIT_SCADA,1,"2019/09/05 08:40:00",RT_NSW2,0
D,DISPATCH,UNIT_SCADA,1,"2019/09/05 08:40:00",RT_NSW3,0
D,DISPATCH,UNIT_SCADA,1,"2019/09/05 08:40:00",RT_NSW4,0
D,DISPATCH,UNIT_SCADA,1,"2019/09/05 08:40:00",RT_NSW5,0
D,DISPATCH,UNIT_SCADA,1,"2019/09/05 08:40:00",RT_NSW6,0
D,DISPATCH,UNIT_SCADA,1,"2019/09/05 08:40:00",RT_QLD1,0
D,DISPATCH,UNIT_SCADA,1,"2019/09/05 08:40:00",RT_SA1,0
D,DISPATCH,UNIT_SCADA,1,"2019/09/05 08:40:00",RT_SA2,0
D,DISPATCH,UNIT_SCADA,1,"2019/09/05 08:40:00",RT_SA3,0
D,DISPATCH,UNIT_SCADA,1,"2019/09/05 08:40:00",RT_SA4,0
D,DISPATCH,UNIT_SCADA,1,"2019/09/05 08:40:00",RT_SA5,0
D,DISPATCH,UNIT_SCADA,1,"2019/09/05 08:40:00",RT_SA6,0
D,DISPATCH,UNIT_SCADA,1,"2019/09/05 08:40:00",RT_TAS1,0
D,DISPATCH,UNIT_SCADA,1,"2019/09/05 08:40:00",RT_VIC1,0
D,DISPATCH,UNIT_SCADA,1,"2019/09/05 08:40:00",RT_VIC10,0
D,DISPATCH,UNIT_SCADA,1,"2019/09/05 08:40:00",RT_VIC11,0
D,DISPATCH,UNIT_SCADA,1,"2019/09/05 08:40:00",RT_VIC12,0
D,DISPATCH,UNIT_SCADA,1,"2019/09/05 08:40:00",RT_VIC2,0
D,DISPATCH,UNIT_SCADA,1,"2019/09/05 08:40:00",RT_VIC3,0
D,DISPATCH,UNIT_SCADA,1,"2019/09/05 08:40:00",RT_VIC4,0
D,DISPATCH,UNIT_SCADA,1,"2019/09/05 08:40:00",RT_VIC5,0
D,DISPATCH,UNIT_SCADA,1,"2019/09/05 08:40:00",RT_VIC6,0
D,DISPATCH,UNIT_SCADA,1,"2019/09/05 08:40:00",RT_VIC7,0
D,DISPATCH,UNIT_SCADA,1,"2019/09/05 08:40:00",RT_VIC8,0
D,DISPATCH,UNIT_SCADA,1,"2019/09/05 08:40:00",RT_VIC9,0
D,DISPATCH,UNIT_SCADA,1,"2019/09/05 08:40:00",RUGBYR1,0
D,DISPATCH,UNIT_SCADA,1,"2019/09/05 08:40:00",SALTCRK1,14.39
D,DISPATCH,UNIT_SCADA,1,"2019/09/05 08:40:00",SAPHWF1,3
D,DISPATCH,UNIT_SCADA,1,"2019/09/05 08:40:00",SHGEN,0
D,DISPATCH,UNIT_SCADA,1,"2019/09/05 08:40:00",SHPUMP,0
D,DISPATCH,UNIT_SCADA,1,"2019/09/05 08:40:00",SITHE01,0.1840
D,DISPATCH,UNIT_SCADA,1,"2019/09/05 08:40:00",SMCSF1,54.241020
D,DISPATCH,UNIT_SCADA,1,"2019/09/05 08:40:00",SNOWNTH1,86.50
D,DISPATCH,UNIT_SCADA,1,"2019/09/05 08:40:00",SNOWSTH1,106.40
D,DISPATCH,UNIT_SCADA,1,"2019/09/05 08:40:00",SNOWTWN1,50.223360
D,DISPATCH,UNIT_SCADA,1,"2019/09/05 08:40:00",SNOWYP,0
D,DISPATCH,UNIT_SCADA,1,"2019/09/05 08:40:00",SNUG1,0.019440
D,DISPATCH,UNIT_SCADA,1,"2019/09/05 08:40:00",SRSF1,34.37
D,DISPATCH,UNIT_SCADA,1,"2019/09/05 08:40:00",STAN-1,287.157170
D,DISPATCH,UNIT_SCADA,1,"2019/09/05 08:40:00",STAN-2,258.676030
D,DISPATCH,UNIT_SCADA,1,"2019/09/05 08:40:00",STAN-3,302.999970
D,DISPATCH,UNIT_SCADA,1,"2019/09/05 08:40:00",STAN-4,297.565220
D,DISPATCH,UNIT_SCADA,1,"2019/09/05 08:40:00",STWF1,0
D,DISPATCH,UNIT_SCADA,1,"2019/09/05 08:40:00",SWAN_E,0
D,DISPATCH,UNIT_SCADA,1,"2019/09/05 08:40:00",TALWA1,416
D,DISPATCH,UNIT_SCADA,1,"2019/09/05 08:40:00",TARALGA1,11.883760
D,DISPATCH,UNIT_SCADA,1,"2019/09/05 08:40:00",TARONG#1,348.399990
D,DISPATCH,UNIT_SCADA,1,"2019/09/05 08:40:00",TARONG#2,0
D,DISPATCH,UNIT_SCADA,1,"2019/09/05 08:40:00",TARONG#3,279.50
D,DISPATCH,UNIT_SCADA,1,"2019/09/05 08:40:00",TARONG#4,349.399990
D,DISPATCH,UNIT_SCADA,1,"2019/09/05 08:40:00",TARRALEA,71
D,DISPATCH,UNIT_SCADA,1,"2019/09/05 08:40:00",TBSF1,10.70
D,DISPATCH,UNIT_SCADA,1,"2019/09/05 08:40:00",TNPS1,379.300020
D,DISPATCH,UNIT_SCADA,1,"2019/09/05 08:40:00",TORRA1,79.429850
D,DISPATCH,UNIT_SCADA,1,"2019/09/05 08:40:00",TORRA2,0
D,DISPATCH,UNIT_SCADA,1,"2019/09/05 08:40:00",TORRA3,0
D,DISPATCH,UNIT_SCADA,1,"2019/09/05 08:40:00",TORRA4,75.125950
D,DISPATCH,UNIT_SCADA,1,"2019/09/05 08:40:00",TORRB1,132.649990
D,DISPATCH,UNIT_SCADA,1,"2019/09/05 08:40:00",TORRB2,132.009990
D,DISPATCH,UNIT_SCADA,1,"2019/09/05 08:40:00",TORRB3,135.08
D,DISPATCH,UNIT_SCADA,1,"2019/09/05 08:40:00",TORRB4,0
D,DISPATCH,UNIT_SCADA,1,"2019/09/05 08:40:00",TREVALLN,62.330020
D,DISPATCH,UNIT_SCADA,1,"2019/09/05 08:40:00",TRIBUTE,0
D,DISPATCH,UNIT_SCADA,1,"2019/09/05 08:40:00",TUMUT3,209.50
D,DISPATCH,UNIT_SCADA,1,"2019/09/05 08:40:00",TUNGATIN,121.970020
D,DISPATCH,UNIT_SCADA,1,"2019/09/05 08:40:00",TVCC201,0
D,DISPATCH,UNIT_SCADA,1,"2019/09/05 08:40:00",TVPP104,0
D,DISPATCH,UNIT_SCADA,1,"2019/09/05 08:40:00",UPPTUMUT,401.273440
D,DISPATCH,UNIT_SCADA,1,"2019/09/05 08:40:00",URANQ11,162.074980
D,DISPATCH,UNIT_SCADA,1,"2019/09/05 08:40:00",URANQ12,165.212490
D,DISPATCH,UNIT_SCADA,1,"2019/09/05 08:40:00",URANQ13,0
D,DISPATCH,UNIT_SCADA,1,"2019/09/05 08:40:00",URANQ14,0
D,DISPATCH,UNIT_SCADA,1,"2019/09/05 08:40:00",VP5,636.850040
D,DISPATCH,UNIT_SCADA,1,"2019/09/05 08:40:00",VP6,0
D,DISPATCH,UNIT_SCADA,1,"2019/09/05 08:40:00",VPGS1,0
D,DISPATCH,UNIT_SCADA,1,"2019/09/05 08:40:00",VPGS2,0
D,DISPATCH,UNIT_SCADA,1,"2019/09/05 08:40:00",VPGS3,0
D,DISPATCH,UNIT_SCADA,1,"2019/09/05 08:40:00",VPGS4,0
D,DISPATCH,UNIT_SCADA,1,"2019/09/05 08:40:00",VPGS5,0
D,DISPATCH,UNIT_SCADA,1,"2019/09/05 08:40:00",VPGS6,0
D,DISPATCH,UNIT_SCADA,1,"2019/09/05 08:40:00",W/HOE#1,0
D,DISPATCH,UNIT_SCADA,1,"2019/09/05 08:40:00",W/HOE#2,0
D,DISPATCH,UNIT_SCADA,1,"2019/09/05 08:40:00",WATERLWF,1.60
D,DISPATCH,UNIT_SCADA,1,"2019/09/05 08:40:00",WEMENSF1,5.70
D,DISPATCH,UNIT_SCADA,1,"2019/09/05 08:40:00",WGWF1,0
D,DISPATCH,UNIT_SCADA,1,"2019/09/05 08:40:00",WHITSF1,0
D,DISPATCH,UNIT_SCADA,1,"2019/09/05 08:40:00",WKIEWA1,33.90
D,DISPATCH,UNIT_SCADA,1,"2019/09/05 08:40:00",WKIEWA2,6
D,DISPATCH,UNIT_SCADA,1,"2019/09/05 08:40:00",WOODLWN1,0.998990
D,DISPATCH,UNIT_SCADA,1,"2019/09/05 08:40:00",WRSF1,14.10
D,DISPATCH,UNIT_SCADA,1,"2019/09/05 08:40:00",WRWF1,2.509990
D,DISPATCH,UNIT_SCADA,1,"2019/09/05 08:40:00",YABULU,0
D,DISPATCH,UNIT_SCADA,1,"2019/09/05 08:40:00",YABULU2,0
D,DISPATCH,UNIT_SCADA,1,"2019/09/05 08:40:00",YARWUN_1,119.75
D,DISPATCH,UNIT_SCADA,1,"2019/09/05 08:40:00",YENDWF1,21.20
D,DISPATCH,UNIT_SCADA,1,"2019/09/05 08:40:00",YWPS1,376.941770
D,DISPATCH,UNIT_SCADA,1,"2019/09/05 08:40:00",YWPS2,278.443020
D,DISPATCH,UNIT_SCADA,1,"2019/09/05 08:40:00",YWPS3,326.926570
D,DISPATCH,UNIT_SCADA,1,"2019/09/05 08:40:00",YWPS4,384.229130
C,"END OF REPORT",335
