C,NEMP.WORLD,DISPATCHSCADA,AEMO,PUBLIC,2019/09/04,23:30:09,0000000312400597,DISPATCHSCADA,0000000312400591
I,DISPATCH,UNIT_SCADA,1,SETTLEMENTDATE,DUID,SCADAVALUE
D,DISPATCH,UNIT_SCADA,1,"2019/09/04 23:35:00",BARCSF1,0
D,DISPATCH,UNIT_SCADA,1,"2019/09/04 23:35:00",BUTLERSG,10.199999
D,DISPATCH,UNIT_SCADA,1,"2019/09/04 23:35:00",CALL_A_4,0
D,DISPATCH,UNIT_SCADA,1,"2019/09/04 23:35:00",CAPTL_WF,25.171997
D,DISPATCH,UNIT_SCADA,1,"2019/09/04 23:35:00",CATHROCK,0
D,DISPATCH,UNIT_SCADA,1,"2019/09/04 23:35:00",CHALLHWF,0
D,DISPATCH,UNIT_SCADA,1,"2019/09/04 23:35:00",CLOVER,-0.02
D,DISPATCH,UNIT_SCADA,1,"2019/09/04 23:35:00",CLUNY,10.024719
D,DISPATCH,UNIT_SCADA,1,"2019/09/04 23:35:00",CNUNDAWF,4.405139
D,DISPATCH,UNIT_SCADA,1,"2019/09/04 23:35:00",CULLRGWF,12.87
D,DISPATCH,UNIT_SCADA,1,"2019/09/04 23:35:00",ERGT01,0
D,DISPATCH,UNIT_SCADA,1,"2019/09/04 23:35:00",GB01,0.015362
D,DISPATCH,UNIT_SCADA,1,"2019/09/04 23:35:00",GERMCRK,38.799999
D,DISPATCH,UNIT_SCADA,1,"2019/09/04 23:35:00",GRIFSF1,0
D,DISPATCH,UNIT_SCADA,1,"2019/09/04 23:35:00",HUGSF1,-0.19
D,DISPATCH,UNIT_SCADA,1,"2019/09/04 23:35:00",LKBONNY1,8.395081
D,DISPATCH,UNIT_SCADA,1,"2019/09/04 23:35:00",LRSF1,-0.0310
D,DISPATCH,UNIT_SCADA,1,"2019/09/04 23:35:00",MBAHNTH,26.962502
D,DISPATCH,UNIT_SCADA,1,"2019/09/04 23:35:00",MLSP1,0.366001
D,DISPATCH,UNIT_SCADA,1,"2019/09/04 23:35:00",MLWF1,2.3250
D,DISPATCH,UNIT_SCADA,1,"2019/09/04 23:35:00",MTMILLAR,4.993120
D,DISPATCH,UNIT_SCADA,1,"2019/09/04 23:35:00",PALOONA,16.73
D,DISPATCH,UNIT_SCADA,1,"2019/09/04 23:35:00",PIONEER,21.40
D,DISPATCH,UNIT_SCADA,1,"2019/09/04 23:35:00",PORTWF,1.20
D,DISPATCH,UNIT_SCADA,1,"2019/09/04 23:35:00",REPULSE,20.192570
D,DISPATCH,UNIT_SCADA,1,"2019/09/04 23:35:00",ROWALLAN,10.3731
D,DISPATCH,UNIT_SCADA,1,"2019/09/04 23:35:00",ROYALLA1,0
D,DISPATCH,UNIT_SCADA,1,"2019/09/04 23:35:00",RPCG,16.60
D,DISPATCH,UNIT_SCADA,1,"2019/09/04 23:35:00",RUBICON,0
D,DISPATCH,UNIT_SCADA,1,"2019/09/04 23:35:00",SATGN1,0
D,DISPATCH,UNIT_SCADA,1,"2019/09/04 23:35:00",SATGS1,0
D,DISPATCH,UNIT_SCADA,1,"2019/09/04 23:35:00",STARHLWF,-0.099971
D,DISPATCH,UNIT_SCADA,1,"2019/09/04 23:35:00",WAUBRAWF,0
D,DISPATCH,UNIT_SCADA,1,"2019/09/04 23:35:00",WOOLNTH1,11.430016
D,DISPATCH,UNIT_SCADA,1,"2019/09/04 23:35:00",WPWF,0
D,DISPATCH,UNIT_SCADA,1,"2019/09/04 23:35:00",YAMBUKWF,1.50
D,DISPATCH,UNIT_SCADA,1,"2019/09/04 23:35:00",YSWF1,0
D,DISPATCH,UNIT_SCADA,1,"2019/09/04 23:35:00",AGLHAL,0
D,DISPATCH,UNIT_SCADA,1,"2019/09/04 23:35:00",AGLSOM,120.70
D,DISPATCH,UNIT_SCADA,1,"2019/09/04 23:35:00",ANGAST1,0
D,DISPATCH,UNIT_SCADA,1,"2019/09/04 23:35:00",ARWF1,-0.10
D,DISPATCH,UNIT_SCADA,1,"2019/09/04 23:35:00",BALBG1,0
D,DISPATCH,UNIT_SCADA,1,"2019/09/04 23:35:00",BALBL1,0
D,DISPATCH,UNIT_SCADA,1,"2019/09/04 23:35:00",BALDHWF1,0
D,DISPATCH,UNIT_SCADA,1,"2019/09/04 23:35:00",BANN1,0
D,DISPATCH,UNIT_SCADA,1,"2019/09/04 23:35:00",BARCALDN,0
D,DISPATCH,UNIT_SCADA,1,"2019/09/04 23:35:00",BARRON-1,32.80
D,DISPATCH,UNIT_SCADA,1,"2019/09/04 23:35:00",BARRON-2,0
D,DISPATCH,UNIT_SCADA,1,"2019/09/04 23:35:00",BASTYAN,80.80
D,DISPATCH,UNIT_SCADA,1,"2019/09/04 23:35:00",BBTHREE1,0
D,DISPATCH,UNIT_SCADA,1,"2019/09/04 23:35:00",BBTHREE2,0
D,DISPATCH,UNIT_SCADA,1,"2019/09/04 23:35:00",BBTHREE3,0
D,DISPATCH,UNIT_SCADA,1,"2019/09/04 23:35:00",BDL01,44.28
D,DISPATCH,UNIT_SCADA,1,"2019/09/04 23:35:00",BDL02,44.52
D,DISPATCH,UNIT_SCADA,1,"2019/09/04 23:35:00",BERYLSF1,0
D,DISPATCH,UNIT_SCADA,1,"2019/09/04 23:35:00",BLOWERNG,11.10
D,DISPATCH,UNIT_SCADA,1,"2019/09/04 23:35:00",BLUFF1,4.40
D,DISPATCH,UNIT_SCADA,1,"2019/09/04 23:35:00",BNGSF1,0
D,DISPATCH,UNIT_SCADA,1,"2019/09/04 23:35:00",BNGSF2,0
D,DISPATCH,UNIT_SCADA,1,"2019/09/04 23:35:00",BOCORWF1,0
D,DISPATCH,UNIT_SCADA,1,"2019/09/04 23:35:00",BODWF1,29.112160
D,DISPATCH,UNIT_SCADA,1,"2019/09/04 23:35:00",BRAEMAR1,0
D,DISPATCH,UNIT_SCADA,1,"2019/09/04 23:35:00",BRAEMAR2,0
D,DISPATCH,UNIT_SCADA,1,"2019/09/04 23:35:00",BRAEMAR3,0
D,DISPATCH,UNIT_SCADA,1,"2019/09/04 23:35:00",BRAEMAR5,0
D,DISPATCH,UNIT_SCADA,1,"2019/09/04 23:35:00",BRAEMAR6,0
D,DISPATCH,UNIT_SCADA,1,"2019/09/04 23:35:00",BRAEMAR7,0
D,DISPATCH,UNIT_SCADA,1,"2019/09/04 23:35:00",BROKENH1,0
D,DISPATCH,UNIT_SCADA,1,"2019/09/04 23:35:00",BW01,547.550050
D,DISPATCH,UNIT_SCADA,1,"2019/09/04 23:35:00",BW02,604.324950
D,DISPATCH,UNIT_SCADA,1,"2019/09/04 23:35:00",BW03,623.400020
D,DISPATCH,UNIT_SCADA,1,"2019/09/04 23:35:00",BW04,0
D,DISPATCH,UNIT_SCADA,1,"2019/09/04 23:35:00",CALL_B_1,349.50
D,DISPATCH,UNIT_SCADA,1,"2019/09/04 23:35:00",CALL_B_2,349.800020
D,DISPATCH,UNIT_SCADA,1,"2019/09/04 23:35:00",CETHANA,80.820750
D,DISPATCH,UNIT_SCADA,1,"2019/09/04 23:35:00",CG1,0
D,DISPATCH,UNIT_SCADA,1,"2019/09/04 23:35:00",CG2,0
D,DISPATCH,UNIT_SCADA,1,"2019/09/04 23:35:00",CG3,0
D,DISPATCH,UNIT_SCADA,1,"2019/09/04 23:35:00",CG4,0
D,DISPATCH,UNIT_SCADA,1,"2019/09/04 23:35:00",CHILDSF1,0
D,DISPATCH,UNIT_SCADA,1,"2019/09/04 23:35:00",CLARESF1,0
D,DISPATCH,UNIT_SCADA,1,"2019/09/04 23:35:00",CLEMGPWF,-0.432210
D,DISPATCH,UNIT_SCADA,1,"2019/09/04 23:35:00",CLERMSF1,0
D,DISPATCH,UNIT_SCADA,1,"2019/09/04 23:35:00",COLEASF1,0
D,DISPATCH,UNIT_SCADA,1,"2019/09/04 23:35:00",COOPGWF1,20.135440
D,DISPATCH,UNIT_SCADA,1,"2019/09/04 23:35:00",CPP_3,405.075010
D,DISPATCH,UNIT_SCADA,1,"2019/09/04 23:35:00",CPP_4,405.899990
D,DISPATCH,UNIT_SCADA,1,"2019/09/04 23:35:00",CPSA,142.259370
D,DISPATCH,UNIT_SCADA,1,"2019/09/04 23:35:00",CROOKWF2,58.343750
D,DISPATCH,UNIT_SCADA,1,"2019/09/04 23:35:00",CROWLWF1,-0.242510
D,DISPATCH,UNIT_SCADA,1,"2019/09/04 23:35:00",CSPVPS1,0
D,DISPATCH,UNIT_SCADA,1,"2019/09/04 23:35:00",DALNTH01,0
D,DISPATCH,UNIT_SCADA,1,"2019/09/04 23:35:00",DALNTHL1,0.071720
D,DISPATCH,UNIT_SCADA,1,"2019/09/04 23:35:00",DARTM1,133.70
D,DISPATCH,UNIT_SCADA,1,"2019/09/04 23:35:00",DAYDSF1,0
D,DISPATCH,UNIT_SCADA,1,"2019/09/04 23:35:00",DDPS1,348.1304
D,DISPATCH,UNIT_SCADA,1,"2019/09/04 23:35:00",DDSF1,0
D,DISPATCH,UNIT_SCADA,1,"2019/09/04 23:35:00",DEVILS_G,57.072060
D,DISPATCH,UNIT_SCADA,1,"2019/09/04 23:35:00",DG_NSW1,0
D,DISPATCH,UNIT_SCADA,1,"2019/09/04 23:35:00",DG_QLD1,0
D,DISPATCH,UNIT_SCADA,1,"2019/09/04 23:35:00",DG_SA1,0
D,DISPATCH,UNIT_SCADA,1,"2019/09/04 23:35:00",DG_TAS1,0
D,DISPATCH,UNIT_SCADA,1,"2019/09/04 23:35:00",DG_VIC1,0
D,DISPATCH,UNIT_SCADA,1,"2019/09/04 23:35:00",DRYCGT1,0
D,DISPATCH,UNIT_SCADA,1,"2019/09/04 23:35:00",DRYCGT2,0
D,DISPATCH,UNIT_SCADA,1,"2019/09/04 23:35:00",DRYCGT3,0
D,DISPATCH,UNIT_SCADA,1,"2019/09/04 23:35:00",EILDON1,0
D,DISPATCH,UNIT_SCADA,1,"2019/09/04 23:35:00",EILDON2,0
D,DISPATCH,UNIT_SCADA,1,"2019/09/04 23:35:00",EMERASF1,0
D,DISPATCH,UNIT_SCADA,1,"2019/09/04 23:35:00",ER01,560.3750
D,DISPATCH,UNIT_SCADA,1,"2019/09/04 23:35:00",ER02,666.950070
D,DISPATCH,UNIT_SCADA,1,"2019/09/04 23:35:00",ER03,0
D,DISPATCH,UNIT_SCADA,1,"2019/09/04 23:35:00",ER04,666.50
D,DISPATCH,UNIT_SCADA,1,"2019/09/04 23:35:00",FINLYSF1,0
D,DISPATCH,UNIT_SCADA,1,"2019/09/04 23:35:00",FISHER,46.01
D,DISPATCH,UNIT_SCADA,1,"2019/09/04 23:35:00",GANNBG1,0
D,DISPATCH,UNIT_SCADA,1,"2019/09/04 23:35:00",GANNBL1,0.032610
D,DISPATCH,UNIT_SCADA,1,"2019/09/04 23:35:00",GANNSF1,0
D,DISPATCH,UNIT_SCADA,1,"2019/09/04 23:35:00",GORDON,0
D,DISPATCH,UNIT_SCADA,1,"2019/09/04 23:35:00",GSTONE1,199.849990
D,DISPATCH,UNIT_SCADA,1,"2019/09/04 23:35:00",GSTONE2,200.20
D,DISPATCH,UNIT_SCADA,1,"2019/09/04 23:35:00",GSTONE3,0
D,DISPATCH,UNIT_SCADA,1,"2019/09/04 23:35:00",GSTONE4,199.6750
D,DISPATCH,UNIT_SCADA,1,"2019/09/04 23:35:00",GSTONE5,199.6750
D,DISPATCH,UNIT_SCADA,1,"2019/09/04 23:35:00",GSTONE6,200.024990
D,DISPATCH,UNIT_SCADA,1,"2019/09/04 23:35:00",GULLRSF1,0
D,DISPATCH,UNIT_SCADA,1,"2019/09/04 23:35:00",GULLRWF1,117.397980
D,DISPATCH,UNIT_SCADA,1,"2019/09/04 23:35:00",GUNNING1,17.880370
D,DISPATCH,UNIT_SCADA,1,"2019/09/04 23:35:00",GUTHEGA,31.10
D,DISPATCH,UNIT_SCADA,1,"2019/09/04 23:35:00",HALLWF1,24.76
D,DISPATCH,UNIT_SCADA,1,"2019/09/04 23:35:00",HALLWF2,27.11
D,DISPATCH,UNIT_SCADA,1,"2019/09/04 23:35:00",HAMISF1,0
D,DISPATCH,UNIT_SCADA,1,"2019/09/04 23:35:00",HAUGHT11,0
D,DISPATCH,UNIT_SCADA,1,"2019/09/04 23:35:00",HAYMSF1,0
D,DISPATCH,UNIT_SCADA,1,"2019/09/04 23:35:00",HDWF1,75
D,DISPATCH,UNIT_SCADA,1,"2019/09/04 23:35:00",HDWF2,66.90
D,DISPATCH,UNIT_SCADA,1,"2019/09/04 23:35:00",HDWF3,57.50
D,DISPATCH,UNIT_SCADA,1,"2019/09/04 23:35:00",HPRG1,0
D,DISPATCH,UNIT_SCADA,1,"2019/09/04 23:35:00",HPRL1,3.40
D,DISPATCH,UNIT_SCADA,1,"2019/09/04 23:35:00",HUMENSW,0
D,DISPATCH,UNIT_SCADA,1,"2019/09/04 23:35:00",HUMEV,25
D,DISPATCH,UNIT_SCADA,1,"2019/09/04 23:35:00",HVGTS,0
D,DISPATCH,UNIT_SCADA,1,"2019/09/04 23:35:00",JBUTTERS,13.76
D,DISPATCH,UNIT_SCADA,1,"2019/09/04 23:35:00",JLA01,0.10
D,DISPATCH,UNIT_SCADA,1,"2019/09/04 23:35:00",JLA02,0
D,DISPATCH,UNIT_SCADA,1,"2019/09/04 23:35:00",JLA03,0
D,DISPATCH,UNIT_SCADA,1,"2019/09/04 23:35:00",JLA04,0
D,DISPATCH,UNIT_SCADA,1,"2019/09/04 23:35:00",JLB01,0
D,DISPATCH,UNIT_SCADA,1,"2019/09/04 23:35:00",JLB02,83.80
D,DISPATCH,UNIT_SCADA,1,"2019/09/04 23:35:00",JLB03,57.30
D,DISPATCH,UNIT_SCADA,1,"2019/09/04 23:35:00",KAREEYA1,21.45
D,DISPATCH,UNIT_SCADA,1,"2019/09/04 23:35:00",KAREEYA2,21.5075
D,DISPATCH,UNIT_SCADA,1,"2019/09/04 23:35:00",KAREEYA3,0
D,DISPATCH,UNIT_SCADA,1,"2019/09/04 23:35:00",KAREEYA4,21.5475
D,DISPATCH,UNIT_SCADA,1,"2019/09/04 23:35:00",KARSF1,0
D,DISPATCH,UNIT_SCADA,1,"2019/09/04 23:35:00",KIATAWF1,-0.40
D,DISPATCH,UNIT_SCADA,1,"2019/09/04 23:35:00",KPP_1,0
D,DISPATCH,UNIT_SCADA,1,"2019/09/04 23:35:00",KSP1,0
D,DISPATCH,UNIT_SCADA,1,"2019/09/04 23:35:00",LADBROK1,42.60
D,DISPATCH,UNIT_SCADA,1,"2019/09/04 23:35:00",LADBROK2,43.27
D,DISPATCH,UNIT_SCADA,1,"2019/09/04 23:35:00",LD01,419.343750
D,DISPATCH,UNIT_SCADA,1,"2019/09/04 23:35:00",LD02,399.5437
D,DISPATCH,UNIT_SCADA,1,"2019/09/04 23:35:00",LD03,423.150050
D,DISPATCH,UNIT_SCADA,1,"2019/09/04 23:35:00",LD04,381.824980
D,DISPATCH,UNIT_SCADA,1,"2019/09/04 23:35:00",LEM_WIL,82.0559
D,DISPATCH,UNIT_SCADA,1,"2019/09/04 23:35:00",LGAPWF1,12.50
D,DISPATCH,UNIT_SCADA,1,"2019/09/04 23:35:00",LILYSF1,0
D,DISPATCH,UNIT_SCADA,1,"2019/09/04 23:35:00",LI_WY_CA,164.293620
D,DISPATCH,UNIT_SCADA,1,"2019/09/04 23:35:00",LKBONNY2,20.423710
D,DISPATCH,UNIT_SCADA,1,"2019/09/04 23:35:00",LKBONNY3,6.140420
D,DISPATCH,UNIT_SCADA,1,"2019/09/04 23:35:00",LK_ECHO,0
D,DISPATCH,UNIT_SCADA,1,"2019/09/04 23:35:00",LNGS1,0
D,DISPATCH,UNIT_SCADA,1,"2019/09/04 23:35:00",LNGS2,0
D,DISPATCH,UNIT_SCADA,1,"2019/09/04 23:35:00",LONSDALE,0
D,DISPATCH,UNIT_SCADA,1,"2019/09/04 23:35:00",LOYYB1,535.336730
D,DISPATCH,UNIT_SCADA,1,"2019/09/04 23:35:00",LOYYB2,581.578490
D,DISPATCH,UNIT_SCADA,1,"2019/09/04 23:35:00",LYA1,0
D,DISPATCH,UNIT_SCADA,1,"2019/09/04 23:35:00",LYA2,0
D,DISPATCH,UNIT_SCADA,1,"2019/09/04 23:35:00",LYA3,559
D,DISPATCH,UNIT_SCADA,1,"2019/09/04 23:35:00",LYA4,540
D,DISPATCH,UNIT_SCADA,1,"2019/09/04 23:35:00",MACARTH1,7.699820
D,DISPATCH,UNIT_SCADA,1,"2019/09/04 23:35:00",MACKAYGT,0.2240
D,DISPATCH,UNIT_SCADA,1,"2019/09/04 23:35:00",MACKNTSH,89.02
D,DISPATCH,UNIT_SCADA,1,"2019/09/04 23:35:00",MANSLR1,0
D,DISPATCH,UNIT_SCADA,1,"2019/09/04 23:35:00",MCKAY1,120.0650
D,DISPATCH,UNIT_SCADA,1,"2019/09/04 23:35:00",MEADOWBK,25.064660
D,DISPATCH,UNIT_SCADA,1,"2019/09/04 23:35:00",MERCER01,0.51
D,DISPATCH,UNIT_SCADA,1,"2019/09/04 23:35:00",MEWF1,81.993730
D,DISPATCH,UNIT_SCADA,1,"2019/09/04 23:35:00",MINTARO,0
D,DISPATCH,UNIT_SCADA,1,"2019/09/04 23:35:00",MOREESF1,0
D,DISPATCH,UNIT_SCADA,1,"2019/09/04 23:35:00",MORTLK11,260
D,DISPATCH,UNIT_SCADA,1,"2019/09/04 23:35:00",MORTLK12,0
D,DISPATCH,UNIT_SCADA,1,"2019/09/04 23:35:00",MP1,223.050050
D,DISPATCH,UNIT_SCADA,1,"2019/09/04 23:35:00",MP2,0
D,DISPATCH,UNIT_SCADA,1,"2019/09/04 23:35:00",MPP_1,400.75
D,DISPATCH,UNIT_SCADA,1,"2019/09/04 23:35:00",MPP_2,434.75
D,DISPATCH,UNIT_SCADA,1,"2019/09/04 23:35:00",MSTUART1,0
D,DISPATCH,UNIT_SCADA,1,"2019/09/04 23:35:00",MSTUART2,0
D,DISPATCH,UNIT_SCADA,1,"2019/09/04 23:35:00",MSTUART3,0
D,DISPATCH,UNIT_SCADA,1,"2019/09/04 23:35:00",MTGELWF1,-0.344860
D,DISPATCH,UNIT_SCADA,1,"2019/09/04 23:35:00",MURRAY,262.959990
D,DISPATCH,UNIT_SCADA,1,"2019/09/04 23:35:00",MUSSELR1,59
D,DISPATCH,UNIT_SCADA,1,"2019/09/04 23:35:00",MUWAWF1,-0.08
D,DISPATCH,UNIT_SCADA,1,"2019/09/04 23:35:00",NBHWF1,83.20
D,DISPATCH,UNIT_SCADA,1,"2019/09/04 23:35:00",NPS,301.8750
D,DISPATCH,UNIT_SCADA,1,"2019/09/04 23:35:00",NUMURSF1,0
D,DISPATCH,UNIT_SCADA,1,"2019/09/04 23:35:00",NYNGAN1,0
D,DISPATCH,UNIT_SCADA,1,"2019/09/04 23:35:00",OAKEY1,0
D,DISPATCH,UNIT_SCADA,1,"2019/09/04 23:35:00",OAKEY1SF,0
D,DISPATCH,UNIT_SCADA,1,"2019/09/04 23:35:00",OAKEY2,0
D,DISPATCH,UNIT_SCADA,1,"2019/09/04 23:35:00",OAKEY2SF,0
D,DISPATCH,UNIT_SCADA,1,"2019/09/04 23:35:00",OAKLAND1,-0.30
D,DISPATCH,UNIT_SCADA,1,"2019/09/04 23:35:00",OSB-AG,179.84
D,DISPATCH,UNIT_SCADA,1,"2019/09/04 23:35:00",PARSF1,0
D,DISPATCH,UNIT_SCADA,1,"2019/09/04 23:35:00",POAT110,0
D,DISPATCH,UNIT_SCADA,1,"2019/09/04 23:35:00",POAT220,2.53
D,DISPATCH,UNIT_SCADA,1,"2019/09/04 23:35:00",POR01,0
D,DISPATCH,UNIT_SCADA,1,"2019/09/04 23:35:00",POR03,0
D,DISPATCH,UNIT_SCADA,1,"2019/09/04 23:35:00",PPCCGT,480.918150
D,DISPATCH,UNIT_SCADA,1,"2019/09/04 23:35:00",PTSTAN1,0
D,DISPATCH,UNIT_SCADA,1,"2019/09/04 23:35:00",PUMP1,0
D,DISPATCH,UNIT_SCADA,1,"2019/09/04 23:35:00",PUMP2,0
D,DISPATCH,UNIT_SCADA,1,"2019/09/04 23:35:00",QPS1,29
D,DISPATCH,UNIT_SCADA,1,"2019/09/04 23:35:00",QPS2,0
D,DISPATCH,UNIT_SCADA,1,"2019/09/04 23:35:00",QPS3,0
D,DISPATCH,UNIT_SCADA,1,"2019/09/04 23:35:00",QPS4,0
D,DISPATCH,UNIT_SCADA,1,"2019/09/04 23:35:00",QPS5,123.25
D,DISPATCH,UNIT_SCADA,1,"2019/09/04 23:35:00",REECE1,101.530010
D,DISPATCH,UNIT_SCADA,1,"2019/09/04 23:35:00",REECE2,102.540010
D,DISPATCH,UNIT_SCADA,1,"2019/09/04 23:35:00",ROMA_7,0
D,DISPATCH,UNIT_SCADA,1,"2019/09/04 23:35:00",ROMA_8,0
D,DISPATCH,UNIT_SCADA,1,"2019/09/04 23:35:00",RRSF1,0
D,DISPATCH,UNIT_SCADA,1,"2019/09/04 23:35:00",RT_NSW1,0
D,DISPATCH,UNIT_SCADA,1,"2019/09/04 23:35:00",RT_NSW2,0
D,DISPATCH,UNIT_SCADA,1,"2019/09/04 23:35:00",RT_NSW3,0
D,DISPATCH,UNIT_SCADA,1,"2019/09/04 23:35:00",RT_NSW4,0
D,DISPATCH,UNIT_SCADA,1,"2019/09/04 23:35:00",RT_NSW5,0
D,DISPATCH,UNIT_SCADA,1,"2019/09/04 23:35:00",RT_NSW6,0
D,DISPATCH,UNIT_SCADA,1,"2019/09/04 23:35:00",RT_QLD1,0
D,DISPATCH,UNIT_SCADA,1,"2019/09/04 23:35:00",RT_SA1,0
D,DISPATCH,UNIT_SCADA,1,"2019/09/04 23:35:00",RT_SA2,0
D,DISPATCH,UNIT_SCADA,1,"2019/09/04 23:35:00",RT_SA3,0
D,DISPATCH,UNIT_SCADA,1,"2019/09/04 23:35:00",RT_SA4,0
D,DISPATCH,UNIT_SCADA,1,"2019/09/04 23:35:00",RT_SA5,0
D,DISPATCH,UNIT_SCADA,1,"2019/09/04 23:35:00",RT_SA6,0
D,DISPATCH,UNIT_SCADA,1,"2019/09/04 23:35:00",RT_TAS1,0
D,DISPATCH,UNIT_SCADA,1,"2019/09/04 23:35:00",RT_VIC1,0
D,DISPATCH,UNIT_SCADA,1,"2019/09/04 23:35:00",RT_VIC10,0
D,DISPATCH,UNIT_SCADA,1,"2019/09/04 23:35:00",RT_VIC11,0
D,DISPATCH,UNIT_SCADA,1,"2019/09/04 23:35:00",RT_VIC12,0
D,DISPATCH,UNIT_SCADA,1,"2019/09/04 23:35:00",RT_VIC2,0
D,DISPATCH,UNIT_SCADA,1,"2019/09/04 23:35:00",RT_VIC3,0
D,DISPATCH,UNIT_SCADA,1,"2019/09/04 23:35:00",RT_VIC4,0
D,DISPATCH,UNIT_SCADA,1,"2019/09/04 23:35:00",RT_VIC5,0
D,DISPATCH,UNIT_SCADA,1,"2019/09/04 23:35:00",RT_VIC6,0
D,DISPATCH,UNIT_SCADA,1,"2019/09/04 23:35:00",RT_VIC7,0
D,DISPATCH,UNIT_SCADA,1,"2019/09/04 23:35:00",RT_VIC8,0
D,DISPATCH,UNIT_SCADA,1,"2019/09/04 23:35:00",RT_VIC9,0
D,DISPATCH,UNIT_SCADA,1,"2019/09/04 23:35:00",RUGBYR1,0
D,DISPATCH,UNIT_SCADA,1,"2019/09/04 23:35:00",SALTCRK1,3.01
D,DISPATCH,UNIT_SCADA,1,"2019/09/04 23:35:00",SAPHWF1,36.524990
D,DISPATCH,UNIT_SCADA,1,"2019/09/04 23:35:00",SHGEN,0
D,DISPATCH,UNIT_SCADA,1,"2019/09/04 23:35:00",SHPUMP,159.445160
D,DISPATCH,UNIT_SCADA,1,"2019/09/04 23:35:00",SITHE01,0.1840
D,DISPATCH,UNIT_SCADA,1,"2019/09/04 23:35:00",SMCSF1,0
D,DISPATCH,UNIT_SCADA,1,"2019/09/04 23:35:00",SNOWNTH1,8.70
D,DISPATCH,UNIT_SCADA,1,"2019/09/04 23:35:00",SNOWSTH1,19.10
D,DISPATCH,UNIT_SCADA,1,"2019/09/04 23:35:00",SNOWTWN1,7.201030
D,DISPATCH,UNIT_SCADA,1,"2019/09/04 23:35:00",SNOWYP,0
D,DISPATCH,UNIT_SCADA,1,"2019/09/04 23:35:00",SNUG1,0.019440
D,DISPATCH,UNIT_SCADA,1,"2019/09/04 23:35:00",SRSF1,0
D,DISPATCH,UNIT_SCADA,1,"2019/09/04 23:35:00",STAN-1,220.773790
D,DISPATCH,UNIT_SCADA,1,"2019/09/04 23:35:00",STAN-2,299.616090
D,DISPATCH,UNIT_SCADA,1,"2019/09/04 23:35:00",STAN-3,296.360350
D,DISPATCH,UNIT_SCADA,1,"2019/09/04 23:35:00",STAN-4,296.385990
D,DISPATCH,UNIT_SCADA,1,"2019/09/04 23:35:00",STWF1,169.560010
D,DISPATCH,UNIT_SCADA,1,"2019/09/04 23:35:00",SWAN_E,0
D,DISPATCH,UNIT_SCADA,1,"2019/09/04 23:35:00",TALWA1,409
D,DISPATCH,UNIT_SCADA,1,"2019/09/04 23:35:00",TARALGA1,85.882480
D,DISPATCH,UNIT_SCADA,1,"2019/09/04 23:35:00",TARONG#1,349.899990
D,DISPATCH,UNIT_SCADA,1,"2019/09/04 23:35:00",TARONG#2,0
D,DISPATCH,UNIT_SCADA,1,"2019/09/04 23:35:00",TARONG#3,279.50
D,DISPATCH,UNIT_SCADA,1,"2019/09/04 23:35:00",TARONG#4,349.800020
D,DISPATCH,UNIT_SCADA,1,"2019/09/04 23:35:00",TARRALEA,71.10
D,DISPATCH,UNIT_SCADA,1,"2019/09/04 23:35:00",TBSF1,-0.20
D,DISPATCH,UNIT_SCADA,1,"2019/09/04 23:35:00",TNPS1,379.600010
D,DISPATCH,UNIT_SCADA,1,"2019/09/04 23:35:00",TORRA1,57.202560
D,DISPATCH,UNIT_SCADA,1,"2019/09/04 23:35:00",TORRA2,0
D,DISPATCH,UNIT_SCADA,1,"2019/09/04 23:35:00",TORRA3,0
D,DISPATCH,UNIT_SCADA,1,"2019/09/04 23:35:00",TORRA4,57.756870
D,DISPATCH,UNIT_SCADA,1,"2019/09/04 23:35:00",TORRB1,83.19
D,DISPATCH,UNIT_SCADA,1,"2019/09/04 23:35:00",TORRB2,82.31
D,DISPATCH,UNIT_SCADA,1,"2019/09/04 23:35:00",TORRB3,82.54
D,DISPATCH,UNIT_SCADA,1,"2019/09/04 23:35:00",TORRB4,0
D,DISPATCH,UNIT_SCADA,1,"2019/09/04 23:35:00",TREVALLN,18.30
D,DISPATCH,UNIT_SCADA,1,"2019/09/04 23:35:00",TRIBUTE,0
D,DISPATCH,UNIT_SCADA,1,"2019/09/04 23:35:00",TUMUT3,0
D,DISPATCH,UNIT_SCADA,1,"2019/09/04 23:35:00",TUNGATIN,123.000030
D,DISPATCH,UNIT_SCADA,1,"2019/09/04 23:35:00",TVCC201,0
D,DISPATCH,UNIT_SCADA,1,"2019/09/04 23:35:00",TVPP104,0
D,DISPATCH,UNIT_SCADA,1,"2019/09/04 23:35:00",UPPTUMUT,0
D,DISPATCH,UNIT_SCADA,1,"2019/09/04 23:35:00",URANQ11,0
D,DISPATCH,UNIT_SCADA,1,"2019/09/04 23:35:00",URANQ12,0
D,DISPATCH,UNIT_SCADA,1,"2019/09/04 23:35:00",URANQ13,0
D,DISPATCH,UNIT_SCADA,1,"2019/09/04 23:35:00",URANQ14,0
D,DISPATCH,UNIT_SCADA,1,"2019/09/04 23:35:00",VP5,624.025020
D,DISPATCH,UNIT_SCADA,1,"2019/09/04 23:35:00",VP6,0
D,DISPATCH,UNIT_SCADA,1,"2019/09/04 23:35:00",VPGS1,0
D,DISPATCH,UNIT_SCADA,1,"2019/09/04 23:35:00",VPGS2,0
D,DISPATCH,UNIT_SCADA,1,"2019/09/04 23:35:00",VPGS3,0
D,DISPATCH,UNIT_SCADA,1,"2019/09/04 23:35:00",VPGS4,0
D,DISPATCH,UNIT_SCADA,1,"2019/09/04 23:35:00",VPGS5,0
D,DISPATCH,UNIT_SCADA,1,"2019/09/04 23:35:00",VPGS6,0
D,DISPATCH,UNIT_SCADA,1,"2019/09/04 23:35:00",W/HOE#1,0
D,DISPATCH,UNIT_SCADA,1,"2019/09/04 23:35:00",W/HOE#2,0
D,DISPATCH,UNIT_SCADA,1,"2019/09/04 23:35:00",WATERLWF,11.40
D,DISPATCH,UNIT_SCADA,1,"2019/09/04 23:35:00",WEMENSF1,0
D,DISPATCH,UNIT_SCADA,1,"2019/09/04 23:35:00",WGWF1,28.20
D,DISPATCH,UNIT_SCADA,1,"2019/09/04 23:35:00",WHITSF1,0
D,DISPATCH,UNIT_SCADA,1,"2019/09/04 23:35:00",WKIEWA1,13.90
D,DISPATCH,UNIT_SCADA,1,"2019/09/04 23:35:00",WKIEWA2,14.10
D,DISPATCH,UNIT_SCADA,1,"2019/09/04 23:35:00",WOODLWN1,19.295990
D,DISPATCH,UNIT_SCADA,1,"2019/09/04 23:35:00",WRSF1,0
D,DISPATCH,UNIT_SCADA,1,"2019/09/04 23:35:00",WRWF1,59.807490
D,DISPATCH,UNIT_SCADA,1,"2019/09/04 23:35:00",YABULU,0
D,DISPATCH,UNIT_SCADA,1,"2019/09/04 23:35:00",YABULU2,0
D,DISPATCH,UNIT_SCADA,1,"2019/09/04 23:35:00",YARWUN_1,159.25
D,DISPATCH,UNIT_SCADA,1,"2019/09/04 23:35:00",YENDWF1,-0.65
D,DISPATCH,UNIT_SCADA,1,"2019/09/04 23:35:00",YWPS1,381.7038
D,DISPATCH,UNIT_SCADA,1,"2019/09/04 23:35:00",YWPS2,279.946840
D,DISPATCH,UNIT_SCADA,1,"2019/09/04 23:35:00",YWPS3,132.436710
D,DISPATCH,UNIT_SCADA,1,"2019/09/04 23:35:00",YWPS4,380.277220
C,"END OF REPORT",335
