C,NEMP.WORLD,DISPATCHSCADA,AEMO,PUBLIC,2019/08/21,02:05:09,0000000311808410,DISPATCHSCADA,0000000311808404
I,DISPATCH,UNIT_SCADA,1,SETTLEMENTDATE,DUID,SCADAVALUE
D,DISPATCH,UNIT_SCADA,1,"2019/08/21 02:10:00",BARCSF1,0.50
D,DISPATCH,UNIT_SCADA,1,"2019/08/21 02:10:00",BUTLERSG,9.699999
D,DISPATCH,UNIT_SCADA,1,"2019/08/21 02:10:00",CALL_A_4,0
D,DISPATCH,UNIT_SCADA,1,"2019/08/21 02:10:00",CAPTL_WF,127.279999
D,DISPATCH,UNIT_SCADA,1,"2019/08/21 02:10:00",CATHROCK,41.279999
D,DISPATCH,UNIT_SCADA,1,"2019/08/21 02:10:00",CHALLHWF,28.299999
D,DISPATCH,UNIT_SCADA,1,"2019/08/21 02:10:00",CLOVER,-0.02
D,DISPATCH,UNIT_SCADA,1,"2019/08/21 02:10:00",CLUNY,20.631266
D,DISPATCH,UNIT_SCADA,1,"2019/08/21 02:10:00",CNUNDAWF,41.548470
D,DISPATCH,UNIT_SCADA,1,"2019/08/21 02:10:00",CULLRGWF,30.440001
D,DISPATCH,UNIT_SCADA,1,"2019/08/21 02:10:00",ERGT01,0
D,DISPATCH,UNIT_SCADA,1,"2019/08/21 02:10:00",GB01,0.063969
D,DISPATCH,UNIT_SCADA,1,"2019/08/21 02:10:00",GERMCRK,36.799999
D,DISPATCH,UNIT_SCADA,1,"2019/08/21 02:10:00",GRIFSF1,0
D,DISPATCH,UNIT_SCADA,1,"2019/08/21 02:10:00",HUGSF1,-0.2040
D,DISPATCH,UNIT_SCADA,1,"2019/08/21 02:10:00",LKBONNY1,74.573318
D,DISPATCH,UNIT_SCADA,1,"2019/08/21 02:10:00",LRSF1,0.0290
D,DISPATCH,UNIT_SCADA,1,"2019/08/21 02:10:00",MBAHNTH,55.724991
D,DISPATCH,UNIT_SCADA,1,"2019/08/21 02:10:00",MLSP1,0.283001
D,DISPATCH,UNIT_SCADA,1,"2019/08/21 02:10:00",MLWF1,19.6050
D,DISPATCH,UNIT_SCADA,1,"2019/08/21 02:10:00",MTMILLAR,21.073793
D,DISPATCH,UNIT_SCADA,1,"2019/08/21 02:10:00",PALOONA,26.019999
D,DISPATCH,UNIT_SCADA,1,"2019/08/21 02:10:00",PIONEER,28.90
D,DISPATCH,UNIT_SCADA,1,"2019/08/21 02:10:00",PORTWF,137.399994
D,DISPATCH,UNIT_SCADA,1,"2019/08/21 02:10:00",REPULSE,28.835279
D,DISPATCH,UNIT_SCADA,1,"2019/08/21 02:10:00",ROWALLAN,10.0110
D,DISPATCH,UNIT_SCADA,1,"2019/08/21 02:10:00",ROYALLA1,0
D,DISPATCH,UNIT_SCADA,1,"2019/08/21 02:10:00",RPCG,11
D,DISPATCH,UNIT_SCADA,1,"2019/08/21 02:10:00",RUBICON,0
D,DISPATCH,UNIT_SCADA,1,"2019/08/21 02:10:00",SATGN1,0
D,DISPATCH,UNIT_SCADA,1,"2019/08/21 02:10:00",SATGS1,0
D,DISPATCH,UNIT_SCADA,1,"2019/08/21 02:10:00",STARHLWF,14.195861
D,DISPATCH,UNIT_SCADA,1,"2019/08/21 02:10:00",WAUBRAWF,161.876007
D,DISPATCH,UNIT_SCADA,1,"2019/08/21 02:10:00",WOOLNTH1,74.810020
D,DISPATCH,UNIT_SCADA,1,"2019/08/21 02:10:00",WPWF,42
D,DISPATCH,UNIT_SCADA,1,"2019/08/21 02:10:00",YAMBUKWF,27.799999
D,DISPATCH,UNIT_SCADA,1,"2019/08/21 02:10:00",YSWF1,28.799999
D,DISPATCH,UNIT_SCADA,1,"2019/08/21 02:10:00",AGLHAL,0
D,DISPATCH,UNIT_SCADA,1,"2019/08/21 02:10:00",AGLSOM,0
D,DISPATCH,UNIT_SCADA,1,"2019/08/21 02:10:00",ANGAST1,0
D,DISPATCH,UNIT_SCADA,1,"2019/08/21 02:10:00",ARWF1,33.90
D,DISPATCH,UNIT_SCADA,1,"2019/08/21 02:10:00",BALBG1,0
D,DISPATCH,UNIT_SCADA,1,"2019/08/21 02:10:00",BALBL1,0.96
D,DISPATCH,UNIT_SCADA,1,"2019/08/21 02:10:00",BALDHWF1,101.0590
D,DISPATCH,UNIT_SCADA,1,"2019/08/21 02:10:00",BANN1,0
D,DISPATCH,UNIT_SCADA,1,"2019/08/21 02:10:00",BARCALDN,0
D,DISPATCH,UNIT_SCADA,1,"2019/08/21 02:10:00",BARRON-1,0
D,DISPATCH,UNIT_SCADA,1,"2019/08/21 02:10:00",BARRON-2,0
D,DISPATCH,UNIT_SCADA,1,"2019/08/21 02:10:00",BASTYAN,79.710010
D,DISPATCH,UNIT_SCADA,1,"2019/08/21 02:10:00",BBTHREE1,-1.96
D,DISPATCH,UNIT_SCADA,1,"2019/08/21 02:10:00",BBTHREE2,-1.93
D,DISPATCH,UNIT_SCADA,1,"2019/08/21 02:10:00",BBTHREE3,-1.06
D,DISPATCH,UNIT_SCADA,1,"2019/08/21 02:10:00",BDL01,0
D,DISPATCH,UNIT_SCADA,1,"2019/08/21 02:10:00",BDL02,0
D,DISPATCH,UNIT_SCADA,1,"2019/08/21 02:10:00",BERYLSF1,0
D,DISPATCH,UNIT_SCADA,1,"2019/08/21 02:10:00",BLOWERNG,0
D,DISPATCH,UNIT_SCADA,1,"2019/08/21 02:10:00",BLUFF1,43.30
D,DISPATCH,UNIT_SCADA,1,"2019/08/21 02:10:00",BNGSF1,0
D,DISPATCH,UNIT_SCADA,1,"2019/08/21 02:10:00",BNGSF2,0
D,DISPATCH,UNIT_SCADA,1,"2019/08/21 02:10:00",BOCORWF1,109.75
D,DISPATCH,UNIT_SCADA,1,"2019/08/21 02:10:00",BODWF1,82.0422
D,DISPATCH,UNIT_SCADA,1,"2019/08/21 02:10:00",BRAEMAR1,0
D,DISPATCH,UNIT_SCADA,1,"2019/08/21 02:10:00",BRAEMAR2,0
D,DISPATCH,UNIT_SCADA,1,"2019/08/21 02:10:00",BRAEMAR3,0
D,DISPATCH,UNIT_SCADA,1,"2019/08/21 02:10:00",BRAEMAR5,0
D,DISPATCH,UNIT_SCADA,1,"2019/08/21 02:10:00",BRAEMAR6,0
D,DISPATCH,UNIT_SCADA,1,"2019/08/21 02:10:00",BRAEMAR7,0
D,DISPATCH,UNIT_SCADA,1,"2019/08/21 02:10:00",BROKENH1,0
D,DISPATCH,UNIT_SCADA,1,"2019/08/21 02:10:00",BW01,483.025020
D,DISPATCH,UNIT_SCADA,1,"2019/08/21 02:10:00",BW02,606.224980
D,DISPATCH,UNIT_SCADA,1,"2019/08/21 02:10:00",BW03,537.525020
D,DISPATCH,UNIT_SCADA,1,"2019/08/21 02:10:00",BW04,0
D,DISPATCH,UNIT_SCADA,1,"2019/08/21 02:10:00",CALL_B_1,349.800020
D,DISPATCH,UNIT_SCADA,1,"2019/08/21 02:10:00",CALL_B_2,298
D,DISPATCH,UNIT_SCADA,1,"2019/08/21 02:10:00",CETHANA,98.364130
D,DISPATCH,UNIT_SCADA,1,"2019/08/21 02:10:00",CG1,0
D,DISPATCH,UNIT_SCADA,1,"2019/08/21 02:10:00",CG2,0
D,DISPATCH,UNIT_SCADA,1,"2019/08/21 02:10:00",CG3,0
D,DISPATCH,UNIT_SCADA,1,"2019/08/21 02:10:00",CG4,0
D,DISPATCH,UNIT_SCADA,1,"2019/08/21 02:10:00",CHILDSF1,0
D,DISPATCH,UNIT_SCADA,1,"2019/08/21 02:10:00",CLARESF1,0
D,DISPATCH,UNIT_SCADA,1,"2019/08/21 02:10:00",CLEMGPWF,13.758690
D,DISPATCH,UNIT_SCADA,1,"2019/08/21 02:10:00",CLERMSF1,0
D,DISPATCH,UNIT_SCADA,1,"2019/08/21 02:10:00",COLEASF1,0
D,DISPATCH,UNIT_SCADA,1,"2019/08/21 02:10:00",COOPGWF1,48.357060
D,DISPATCH,UNIT_SCADA,1,"2019/08/21 02:10:00",CPP_3,385.550020
D,DISPATCH,UNIT_SCADA,1,"2019/08/21 02:10:00",CPP_4,387.475010
D,DISPATCH,UNIT_SCADA,1,"2019/08/21 02:10:00",CPSA,143.585010
D,DISPATCH,UNIT_SCADA,1,"2019/08/21 02:10:00",CROOKWF2,91.503750
D,DISPATCH,UNIT_SCADA,1,"2019/08/21 02:10:00",CROWLWF1,56.6825
D,DISPATCH,UNIT_SCADA,1,"2019/08/21 02:10:00",CSPVPS1,0
D,DISPATCH,UNIT_SCADA,1,"2019/08/21 02:10:00",DALNTH01,0
D,DISPATCH,UNIT_SCADA,1,"2019/08/21 02:10:00",DALNTHL1,6.010530
D,DISPATCH,UNIT_SCADA,1,"2019/08/21 02:10:00",DARTM1,0
D,DISPATCH,UNIT_SCADA,1,"2019/08/21 02:10:00",DAYDSF1,0
D,DISPATCH,UNIT_SCADA,1,"2019/08/21 02:10:00",DDPS1,0
D,DISPATCH,UNIT_SCADA,1,"2019/08/21 02:10:00",DDSF1,0
D,DISPATCH,UNIT_SCADA,1,"2019/08/21 02:10:00",DEVILS_G,60.744040
D,DISPATCH,UNIT_SCADA,1,"2019/08/21 02:10:00",DG_NSW1,0
D,DISPATCH,UNIT_SCADA,1,"2019/08/21 02:10:00",DG_QLD1,0
D,DISPATCH,UNIT_SCADA,1,"2019/08/21 02:10:00",DG_SA1,0
D,DISPATCH,UNIT_SCADA,1,"2019/08/21 02:10:00",DG_TAS1,0
D,DISPATCH,UNIT_SCADA,1,"2019/08/21 02:10:00",DG_VIC1,0
D,DISPATCH,UNIT_SCADA,1,"2019/08/21 02:10:00",DRYCGT1,0
D,DISPATCH,UNIT_SCADA,1,"2019/08/21 02:10:00",DRYCGT2,0
D,DISPATCH,UNIT_SCADA,1,"2019/08/21 02:10:00",DRYCGT3,0
D,DISPATCH,UNIT_SCADA,1,"2019/08/21 02:10:00",EILDON1,0
D,DISPATCH,UNIT_SCADA,1,"2019/08/21 02:10:00",EILDON2,0
D,DISPATCH,UNIT_SCADA,1,"2019/08/21 02:10:00",EMERASF1,0
D,DISPATCH,UNIT_SCADA,1,"2019/08/21 02:10:00",ER01,497.75
D,DISPATCH,UNIT_SCADA,1,"2019/08/21 02:10:00",ER02,358.324950
D,DISPATCH,UNIT_SCADA,1,"2019/08/21 02:10:00",ER03,379.525020
D,DISPATCH,UNIT_SCADA,1,"2019/08/21 02:10:00",ER04,497.974980
D,DISPATCH,UNIT_SCADA,1,"2019/08/21 02:10:00",FINLYSF1,0
D,DISPATCH,UNIT_SCADA,1,"2019/08/21 02:10:00",FISHER,45.91
D,DISPATCH,UNIT_SCADA,1,"2019/08/21 02:10:00",GANNBG1,0
D,DISPATCH,UNIT_SCADA,1,"2019/08/21 02:10:00",GANNBL1,10.010160
D,DISPATCH,UNIT_SCADA,1,"2019/08/21 02:10:00",GANNSF1,0
D,DISPATCH,UNIT_SCADA,1,"2019/08/21 02:10:00",GORDON,0
D,DISPATCH,UNIT_SCADA,1,"2019/08/21 02:10:00",GSTONE1,135.274990
D,DISPATCH,UNIT_SCADA,1,"2019/08/21 02:10:00",GSTONE2,130.20
D,DISPATCH,UNIT_SCADA,1,"2019/08/21 02:10:00",GSTONE3,137.55
D,DISPATCH,UNIT_SCADA,1,"2019/08/21 02:10:00",GSTONE4,137.024990
D,DISPATCH,UNIT_SCADA,1,"2019/08/21 02:10:00",GSTONE5,134.9250
D,DISPATCH,UNIT_SCADA,1,"2019/08/21 02:10:00",GSTONE6,0
D,DISPATCH,UNIT_SCADA,1,"2019/08/21 02:10:00",GULLRSF1,0
D,DISPATCH,UNIT_SCADA,1,"2019/08/21 02:10:00",GULLRWF1,161.479890
D,DISPATCH,UNIT_SCADA,1,"2019/08/21 02:10:00",GUNNING1,46.334960
D,DISPATCH,UNIT_SCADA,1,"2019/08/21 02:10:00",GUTHEGA,0
D,DISPATCH,UNIT_SCADA,1,"2019/08/21 02:10:00",HALLWF1,74.79
D,DISPATCH,UNIT_SCADA,1,"2019/08/21 02:10:00",HALLWF2,55.64
D,DISPATCH,UNIT_SCADA,1,"2019/08/21 02:10:00",HAMISF1,0
D,DISPATCH,UNIT_SCADA,1,"2019/08/21 02:10:00",HAUGHT11,0
D,DISPATCH,UNIT_SCADA,1,"2019/08/21 02:10:00",HAYMSF1,0
D,DISPATCH,UNIT_SCADA,1,"2019/08/21 02:10:00",HDWF1,82.20
D,DISPATCH,UNIT_SCADA,1,"2019/08/21 02:10:00",HDWF2,80
D,DISPATCH,UNIT_SCADA,1,"2019/08/21 02:10:00",HDWF3,89.90
D,DISPATCH,UNIT_SCADA,1,"2019/08/21 02:10:00",HPRG1,0
D,DISPATCH,UNIT_SCADA,1,"2019/08/21 02:10:00",HPRL1,2.30
D,DISPATCH,UNIT_SCADA,1,"2019/08/21 02:10:00",HUMENSW,0
D,DISPATCH,UNIT_SCADA,1,"2019/08/21 02:10:00",HUMEV,9.90
D,DISPATCH,UNIT_SCADA,1,"2019/08/21 02:10:00",HVGTS,0
D,DISPATCH,UNIT_SCADA,1,"2019/08/21 02:10:00",JBUTTERS,8.91
D,DISPATCH,UNIT_SCADA,1,"2019/08/21 02:10:00",JLA01,0.50
D,DISPATCH,UNIT_SCADA,1,"2019/08/21 02:10:00",JLA02,0
D,DISPATCH,UNIT_SCADA,1,"2019/08/21 02:10:00",JLA03,0.10
D,DISPATCH,UNIT_SCADA,1,"2019/08/21 02:10:00",JLA04,0.10
D,DISPATCH,UNIT_SCADA,1,"2019/08/21 02:10:00",JLB01,0
D,DISPATCH,UNIT_SCADA,1,"2019/08/21 02:10:00",JLB02,0.10
D,DISPATCH,UNIT_SCADA,1,"2019/08/21 02:10:00",JLB03,0
D,DISPATCH,UNIT_SCADA,1,"2019/08/21 02:10:00",KAREEYA1,21.4850
D,DISPATCH,UNIT_SCADA,1,"2019/08/21 02:10:00",KAREEYA2,21.6150
D,DISPATCH,UNIT_SCADA,1,"2019/08/21 02:10:00",KAREEYA3,0
D,DISPATCH,UNIT_SCADA,1,"2019/08/21 02:10:00",KAREEYA4,21.6350
D,DISPATCH,UNIT_SCADA,1,"2019/08/21 02:10:00",KARSF1,0
D,DISPATCH,UNIT_SCADA,1,"2019/08/21 02:10:00",KIATAWF1,29.80
D,DISPATCH,UNIT_SCADA,1,"2019/08/21 02:10:00",KPP_1,0
D,DISPATCH,UNIT_SCADA,1,"2019/08/21 02:10:00",KSP1,0
D,DISPATCH,UNIT_SCADA,1,"2019/08/21 02:10:00",LADBROK1,0
D,DISPATCH,UNIT_SCADA,1,"2019/08/21 02:10:00",LADBROK2,0
D,DISPATCH,UNIT_SCADA,1,"2019/08/21 02:10:00",LD01,349.6875
D,DISPATCH,UNIT_SCADA,1,"2019/08/21 02:10:00",LD02,325.837460
D,DISPATCH,UNIT_SCADA,1,"2019/08/21 02:10:00",LD03,321.000030
D,DISPATCH,UNIT_SCADA,1,"2019/08/21 02:10:00",LD04,349.5563
D,DISPATCH,UNIT_SCADA,1,"2019/08/21 02:10:00",LEM_WIL,86.0897
D,DISPATCH,UNIT_SCADA,1,"2019/08/21 02:10:00",LGAPWF1,10.93
D,DISPATCH,UNIT_SCADA,1,"2019/08/21 02:10:00",LILYSF1,0
D,DISPATCH,UNIT_SCADA,1,"2019/08/21 02:10:00",LI_WY_CA,148.987820
D,DISPATCH,UNIT_SCADA,1,"2019/08/21 02:10:00",LKBONNY2,124.797870
D,DISPATCH,UNIT_SCADA,1,"2019/08/21 02:10:00",LKBONNY3,31.148690
D,DISPATCH,UNIT_SCADA,1,"2019/08/21 02:10:00",LK_ECHO,0
D,DISPATCH,UNIT_SCADA,1,"2019/08/21 02:10:00",LNGS1,0
D,DISPATCH,UNIT_SCADA,1,"2019/08/21 02:10:00",LNGS2,0
D,DISPATCH,UNIT_SCADA,1,"2019/08/21 02:10:00",LONSDALE,0
D,DISPATCH,UNIT_SCADA,1,"2019/08/21 02:10:00",LOYYB1,535.712650
D,DISPATCH,UNIT_SCADA,1,"2019/08/21 02:10:00",LOYYB2,525.562010
D,DISPATCH,UNIT_SCADA,1,"2019/08/21 02:10:00",LYA1,518
D,DISPATCH,UNIT_SCADA,1,"2019/08/21 02:10:00",LYA2,0
D,DISPATCH,UNIT_SCADA,1,"2019/08/21 02:10:00",LYA3,561
D,DISPATCH,UNIT_SCADA,1,"2019/08/21 02:10:00",LYA4,539
D,DISPATCH,UNIT_SCADA,1,"2019/08/21 02:10:00",MACARTH1,402.490690
D,DISPATCH,UNIT_SCADA,1,"2019/08/21 02:10:00",MACKAYGT,0
D,DISPATCH,UNIT_SCADA,1,"2019/08/21 02:10:00",MACKNTSH,27.25
D,DISPATCH,UNIT_SCADA,1,"2019/08/21 02:10:00",MANSLR1,0
D,DISPATCH,UNIT_SCADA,1,"2019/08/21 02:10:00",MCKAY1,0.02
D,DISPATCH,UNIT_SCADA,1,"2019/08/21 02:10:00",MEADOWBK,33.924460
D,DISPATCH,UNIT_SCADA,1,"2019/08/21 02:10:00",MERCER01,129.3470
D,DISPATCH,UNIT_SCADA,1,"2019/08/21 02:10:00",MEWF1,90.406910
D,DISPATCH,UNIT_SCADA,1,"2019/08/21 02:10:00",MINTARO,0
D,DISPATCH,UNIT_SCADA,1,"2019/08/21 02:10:00",MOREESF1,0
D,DISPATCH,UNIT_SCADA,1,"2019/08/21 02:10:00",MORTLK11,0
D,DISPATCH,UNIT_SCADA,1,"2019/08/21 02:10:00",MORTLK12,0
D,DISPATCH,UNIT_SCADA,1,"2019/08/21 02:10:00",MP1,280.574950
D,DISPATCH,UNIT_SCADA,1,"2019/08/21 02:10:00",MP2,0
D,DISPATCH,UNIT_SCADA,1,"2019/08/21 02:10:00",MPP_1,376.50
D,DISPATCH,UNIT_SCADA,1,"2019/08/21 02:10:00",MPP_2,411.75
D,DISPATCH,UNIT_SCADA,1,"2019/08/21 02:10:00",MSTUART1,0
D,DISPATCH,UNIT_SCADA,1,"2019/08/21 02:10:00",MSTUART2,0
D,DISPATCH,UNIT_SCADA,1,"2019/08/21 02:10:00",MSTUART3,0
D,DISPATCH,UNIT_SCADA,1,"2019/08/21 02:10:00",MTGELWF1,63.971370
D,DISPATCH,UNIT_SCADA,1,"2019/08/21 02:10:00",MURRAY,0
D,DISPATCH,UNIT_SCADA,1,"2019/08/21 02:10:00",MUSSELR1,163.100010
D,DISPATCH,UNIT_SCADA,1,"2019/08/21 02:10:00",MUWAWF1,44.99
D,DISPATCH,UNIT_SCADA,1,"2019/08/21 02:10:00",NBHWF1,92.80
D,DISPATCH,UNIT_SCADA,1,"2019/08/21 02:10:00",NPS,0
D,DISPATCH,UNIT_SCADA,1,"2019/08/21 02:10:00",NUMURSF1,0
D,DISPATCH,UNIT_SCADA,1,"2019/08/21 02:10:00",NYNGAN1,0
D,DISPATCH,UNIT_SCADA,1,"2019/08/21 02:10:00",OAKEY1,0
D,DISPATCH,UNIT_SCADA,1,"2019/08/21 02:10:00",OAKEY1SF,0
D,DISPATCH,UNIT_SCADA,1,"2019/08/21 02:10:00",OAKEY2,0
D,DISPATCH,UNIT_SCADA,1,"2019/08/21 02:10:00",OAKLAND1,62.40
D,DISPATCH,UNIT_SCADA,1,"2019/08/21 02:10:00",OSB-AG,0
D,DISPATCH,UNIT_SCADA,1,"2019/08/21 02:10:00",PARSF1,0
D,DISPATCH,UNIT_SCADA,1,"2019/08/21 02:10:00",POAT110,0
D,DISPATCH,UNIT_SCADA,1,"2019/08/21 02:10:00",POAT220,46.90
D,DISPATCH,UNIT_SCADA,1,"2019/08/21 02:10:00",POR01,0
D,DISPATCH,UNIT_SCADA,1,"2019/08/21 02:10:00",POR03,0
D,DISPATCH,UNIT_SCADA,1,"2019/08/21 02:10:00",PPCCGT,179.592150
D,DISPATCH,UNIT_SCADA,1,"2019/08/21 02:10:00",PTSTAN1,0
D,DISPATCH,UNIT_SCADA,1,"2019/08/21 02:10:00",PUMP1,0
D,DISPATCH,UNIT_SCADA,1,"2019/08/21 02:10:00",PUMP2,0
D,DISPATCH,UNIT_SCADA,1,"2019/08/21 02:10:00",QPS1,0
D,DISPATCH,UNIT_SCADA,1,"2019/08/21 02:10:00",QPS2,0
D,DISPATCH,UNIT_SCADA,1,"2019/08/21 02:10:00",QPS3,0
D,DISPATCH,UNIT_SCADA,1,"2019/08/21 02:10:00",QPS4,0
D,DISPATCH,UNIT_SCADA,1,"2019/08/21 02:10:00",QPS5,0
D,DISPATCH,UNIT_SCADA,1,"2019/08/21 02:10:00",REECE1,118.480010
D,DISPATCH,UNIT_SCADA,1,"2019/08/21 02:10:00",REECE2,107.730010
D,DISPATCH,UNIT_SCADA,1,"2019/08/21 02:10:00",ROMA_7,0
D,DISPATCH,UNIT_SCADA,1,"2019/08/21 02:10:00",ROMA_8,0
D,DISPATCH,UNIT_SCADA,1,"2019/08/21 02:10:00",RRSF1,0
D,DISPATCH,UNIT_SCADA,1,"2019/08/21 02:10:00",RT_NSW1,0
D,DISPATCH,UNIT_SCADA,1,"2019/08/21 02:10:00",RT_NSW2,0
D,DISPATCH,UNIT_SCADA,1,"2019/08/21 02:10:00",RT_NSW3,0
D,DISPATCH,UNIT_SCADA,1,"2019/08/21 02:10:00",RT_NSW4,0
D,DISPATCH,UNIT_SCADA,1,"2019/08/21 02:10:00",RT_NSW5,0
D,DISPATCH,UNIT_SCADA,1,"2019/08/21 02:10:00",RT_NSW6,0
D,DISPATCH,UNIT_SCADA,1,"2019/08/21 02:10:00",RT_QLD1,0
D,DISPATCH,UNIT_SCADA,1,"2019/08/21 02:10:00",RT_SA1,0
D,DISPATCH,UNIT_SCADA,1,"2019/08/21 02:10:00",RT_SA2,0
D,DISPATCH,UNIT_SCADA,1,"2019/08/21 02:10:00",RT_SA3,0
D,DISPATCH,UNIT_SCADA,1,"2019/08/21 02:10:00",RT_SA4,0
D,DISPATCH,UNIT_SCADA,1,"2019/08/21 02:10:00",RT_SA5,0
D,DISPATCH,UNIT_SCADA,1,"2019/08/21 02:10:00",RT_SA6,0
D,DISPATCH,UNIT_SCADA,1,"2019/08/21 02:10:00",RT_TAS1,0
D,DISPATCH,UNIT_SCADA,1,"2019/08/21 02:10:00",RT_VIC1,0
D,DISPATCH,UNIT_SCADA,1,"2019/08/21 02:10:00",RT_VIC10,0
D,DISPATCH,UNIT_SCADA,1,"2019/08/21 02:10:00",RT_VIC11,0
D,DISPATCH,UNIT_SCADA,1,"2019/08/21 02:10:00",RT_VIC12,0
D,DISPATCH,UNIT_SCADA,1,"2019/08/21 02:10:00",RT_VIC2,0
D,DISPATCH,UNIT_SCADA,1,"2019/08/21 02:10:00",RT_VIC3,0
D,DISPATCH,UNIT_SCADA,1,"2019/08/21 02:10:00",RT_VIC4,0
D,DISPATCH,UNIT_SCADA,1,"2019/08/21 02:10:00",RT_VIC5,0
D,DISPATCH,UNIT_SCADA,1,"2019/08/21 02:10:00",RT_VIC6,0
D,DISPATCH,UNIT_SCADA,1,"2019/08/21 02:10:00",RT_VIC7,0
D,DISPATCH,UNIT_SCADA,1,"2019/08/21 02:10:00",RT_VIC8,0
D,DISPATCH,UNIT_SCADA,1,"2019/08/21 02:10:00",RT_VIC9,0
D,DISPATCH,UNIT_SCADA,1,"2019/08/21 02:10:00",RUGBYR1,0
D,DISPATCH,UNIT_SCADA,1,"2019/08/21 02:10:00",SALTCRK1,52.11
D,DISPATCH,UNIT_SCADA,1,"2019/08/21 02:10:00",SAPHWF1,209.859340
D,DISPATCH,UNIT_SCADA,1,"2019/08/21 02:10:00",SHGEN,0
D,DISPATCH,UNIT_SCADA,1,"2019/08/21 02:10:00",SHPUMP,200.336180
D,DISPATCH,UNIT_SCADA,1,"2019/08/21 02:10:00",SITHE01,0.153860
D,DISPATCH,UNIT_SCADA,1,"2019/08/21 02:10:00",SMCSF1,0
D,DISPATCH,UNIT_SCADA,1,"2019/08/21 02:10:00",SNOWNTH1,65
D,DISPATCH,UNIT_SCADA,1,"2019/08/21 02:10:00",SNOWSTH1,60.40
D,DISPATCH,UNIT_SCADA,1,"2019/08/21 02:10:00",SNOWTWN1,44.297710
D,DISPATCH,UNIT_SCADA,1,"2019/08/21 02:10:00",SNOWYP,380.200010
D,DISPATCH,UNIT_SCADA,1,"2019/08/21 02:10:00",SNUG1,0.019440
D,DISPATCH,UNIT_SCADA,1,"2019/08/21 02:10:00",SRSF1,0.07
D,DISPATCH,UNIT_SCADA,1,"2019/08/21 02:10:00",STAN-1,0
D,DISPATCH,UNIT_SCADA,1,"2019/08/21 02:10:00",STAN-2,182.820280
D,DISPATCH,UNIT_SCADA,1,"2019/08/21 02:10:00",STAN-3,222.350370
D,DISPATCH,UNIT_SCADA,1,"2019/08/21 02:10:00",STAN-4,188.4473
D,DISPATCH,UNIT_SCADA,1,"2019/08/21 02:10:00",STWF1,147.69
D,DISPATCH,UNIT_SCADA,1,"2019/08/21 02:10:00",SWAN_E,0
D,DISPATCH,UNIT_SCADA,1,"2019/08/21 02:10:00",TALWA1,190
D,DISPATCH,UNIT_SCADA,1,"2019/08/21 02:10:00",TARALGA1,53.801250
D,DISPATCH,UNIT_SCADA,1,"2019/08/21 02:10:00",TARONG#1,283.300020
D,DISPATCH,UNIT_SCADA,1,"2019/08/21 02:10:00",TARONG#2,110.50
D,DISPATCH,UNIT_SCADA,1,"2019/08/21 02:10:00",TARONG#3,259.399990
D,DISPATCH,UNIT_SCADA,1,"2019/08/21 02:10:00",TARONG#4,281.200010
D,DISPATCH,UNIT_SCADA,1,"2019/08/21 02:10:00",TARRALEA,85.10
D,DISPATCH,UNIT_SCADA,1,"2019/08/21 02:10:00",TBSF1,-0.20
D,DISPATCH,UNIT_SCADA,1,"2019/08/21 02:10:00",TNPS1,398.800020
D,DISPATCH,UNIT_SCADA,1,"2019/08/21 02:10:00",TORRA1,44.174390
D,DISPATCH,UNIT_SCADA,1,"2019/08/21 02:10:00",TORRA2,0
D,DISPATCH,UNIT_SCADA,1,"2019/08/21 02:10:00",TORRA3,0
D,DISPATCH,UNIT_SCADA,1,"2019/08/21 02:10:00",TORRA4,0
D,DISPATCH,UNIT_SCADA,1,"2019/08/21 02:10:00",TORRB1,39.45
D,DISPATCH,UNIT_SCADA,1,"2019/08/21 02:10:00",TORRB2,40.01
D,DISPATCH,UNIT_SCADA,1,"2019/08/21 02:10:00",TORRB3,0
D,DISPATCH,UNIT_SCADA,1,"2019/08/21 02:10:00",TORRB4,0
D,DISPATCH,UNIT_SCADA,1,"2019/08/21 02:10:00",TREVALLN,2.20
D,DISPATCH,UNIT_SCADA,1,"2019/08/21 02:10:00",TRIBUTE,0
D,DISPATCH,UNIT_SCADA,1,"2019/08/21 02:10:00",TUMUT3,0
D,DISPATCH,UNIT_SCADA,1,"2019/08/21 02:10:00",TUNGATIN,17.40
D,DISPATCH,UNIT_SCADA,1,"2019/08/21 02:10:00",TVCC201,0
D,DISPATCH,UNIT_SCADA,1,"2019/08/21 02:10:00",TVPP104,0
D,DISPATCH,UNIT_SCADA,1,"2019/08/21 02:10:00",UPPTUMUT,0
D,DISPATCH,UNIT_SCADA,1,"2019/08/21 02:10:00",URANQ11,0
D,DISPATCH,UNIT_SCADA,1,"2019/08/21 02:10:00",URANQ12,0
D,DISPATCH,UNIT_SCADA,1,"2019/08/21 02:10:00",URANQ13,0
D,DISPATCH,UNIT_SCADA,1,"2019/08/21 02:10:00",URANQ14,0
D,DISPATCH,UNIT_SCADA,1,"2019/08/21 02:10:00",VP5,380.275020
D,DISPATCH,UNIT_SCADA,1,"2019/08/21 02:10:00",VP6,378.774990
D,DISPATCH,UNIT_SCADA,1,"2019/08/21 02:10:00",VPGS1,0
D,DISPATCH,UNIT_SCADA,1,"2019/08/21 02:10:00",VPGS2,0
D,DISPATCH,UNIT_SCADA,1,"2019/08/21 02:10:00",VPGS3,0
D,DISPATCH,UNIT_SCADA,1,"2019/08/21 02:10:00",VPGS4,0
D,DISPATCH,UNIT_SCADA,1,"2019/08/21 02:10:00",VPGS5,0
D,DISPATCH,UNIT_SCADA,1,"2019/08/21 02:10:00",VPGS6,0
D,DISPATCH,UNIT_SCADA,1,"2019/08/21 02:10:00",W/HOE#1,0
D,DISPATCH,UNIT_SCADA,1,"2019/08/21 02:10:00",W/HOE#2,0
D,DISPATCH,UNIT_SCADA,1,"2019/08/21 02:10:00",WATERLWF,98
D,DISPATCH,UNIT_SCADA,1,"2019/08/21 02:10:00",WEMENSF1,0
D,DISPATCH,UNIT_SCADA,1,"2019/08/21 02:10:00",WGWF1,94.20
D,DISPATCH,UNIT_SCADA,1,"2019/08/21 02:10:00",WHITSF1,0
D,DISPATCH,UNIT_SCADA,1,"2019/08/21 02:10:00",WKIEWA1,0.10
D,DISPATCH,UNIT_SCADA,1,"2019/08/21 02:10:00",WKIEWA2,16.20
D,DISPATCH,UNIT_SCADA,1,"2019/08/21 02:10:00",WOODLWN1,30.230990
D,DISPATCH,UNIT_SCADA,1,"2019/08/21 02:10:00",WRSF1,0
D,DISPATCH,UNIT_SCADA,1,"2019/08/21 02:10:00",WRWF1,149.0025
D,DISPATCH,UNIT_SCADA,1,"2019/08/21 02:10:00",YABULU,0
D,DISPATCH,UNIT_SCADA,1,"2019/08/21 02:10:00",YABULU2,0
D,DISPATCH,UNIT_SCADA,1,"2019/08/21 02:10:00",YARWUN_1,0
D,DISPATCH,UNIT_SCADA,1,"2019/08/21 02:10:00",YENDWF1,42
D,DISPATCH,UNIT_SCADA,1,"2019/08/21 02:10:00",YWPS1,372.430390
D,DISPATCH,UNIT_SCADA,1,"2019/08/21 02:10:00",YWPS2,277.440520
D,DISPATCH,UNIT_SCADA,1,"2019/08/21 02:10:00",YWPS3,0
D,DISPATCH,UNIT_SCADA,1,"2019/08/21 02:10:00",YWPS4,397.778470
C,"END OF REPORT",334
