C,NEMP.WORLD,DISPATCHSCADA,AEMO,PUBLIC,2019/08/20,16:35:07,0000000311793305,DISPATCHSCADA,0000000311793299
I,DISPATCH,UNIT_SCADA,1,SETTLEMENTDATE,DUID,SCADAVALUE
D,DISPATCH,UNIT_SCADA,1,"2019/08/20 16:40:00",BARCSF1,18.50
D,DISPATCH,UNIT_SCADA,1,"2019/08/20 16:40:00",BUTLERSG,9.699999
D,DISPATCH,UNIT_SCADA,1,"2019/08/20 16:40:00",CALL_A_4,0
D,DISPATCH,UNIT_SCADA,1,"2019/08/20 16:40:00",CAPTL_WF,135.399994
D,DISPATCH,UNIT_SCADA,1,"2019/08/20 16:40:00",CATHROCK,46.589996
D,DISPATCH,UNIT_SCADA,1,"2019/08/20 16:40:00",CHALLHWF,44.099998
D,DISPATCH,UNIT_SCADA,1,"2019/08/20 16:40:00",CLOVER,-0.01
D,DISPATCH,UNIT_SCADA,1,"2019/08/20 16:40:00",CLUNY,17.763790
D,DISPATCH,UNIT_SCADA,1,"2019/08/20 16:40:00",CNUNDAWF,41.648582
D,DISPATCH,UNIT_SCADA,1,"2019/08/20 16:40:00",CULLRGWF,30.540001
D,DISPATCH,UNIT_SCADA,1,"2019/08/20 16:40:00",ERGT01,0
D,DISPATCH,UNIT_SCADA,1,"2019/08/20 16:40:00",GB01,0.070290
D,DISPATCH,UNIT_SCADA,1,"2019/08/20 16:40:00",GERMCRK,27.50
D,DISPATCH,UNIT_SCADA,1,"2019/08/20 16:40:00",GRIFSF1,15.896881
D,DISPATCH,UNIT_SCADA,1,"2019/08/20 16:40:00",HUGSF1,8.761001
D,DISPATCH,UNIT_SCADA,1,"2019/08/20 16:40:00",LKBONNY1,59.658653
D,DISPATCH,UNIT_SCADA,1,"2019/08/20 16:40:00",LRSF1,12.188001
D,DISPATCH,UNIT_SCADA,1,"2019/08/20 16:40:00",MBAHNTH,52.856247
D,DISPATCH,UNIT_SCADA,1,"2019/08/20 16:40:00",MLSP1,2.684001
D,DISPATCH,UNIT_SCADA,1,"2019/08/20 16:40:00",MLWF1,18.4650
D,DISPATCH,UNIT_SCADA,1,"2019/08/20 16:40:00",MTMILLAR,34.669071
D,DISPATCH,UNIT_SCADA,1,"2019/08/20 16:40:00",PALOONA,7.92
D,DISPATCH,UNIT_SCADA,1,"2019/08/20 16:40:00",PIONEER,11.50
D,DISPATCH,UNIT_SCADA,1,"2019/08/20 16:40:00",PORTWF,139.300003
D,DISPATCH,UNIT_SCADA,1,"2019/08/20 16:40:00",REPULSE,29.069658
D,DISPATCH,UNIT_SCADA,1,"2019/08/20 16:40:00",ROWALLAN,9.9897
D,DISPATCH,UNIT_SCADA,1,"2019/08/20 16:40:00",ROYALLA1,2.90
D,DISPATCH,UNIT_SCADA,1,"2019/08/20 16:40:00",RPCG,11.60
D,DISPATCH,UNIT_SCADA,1,"2019/08/20 16:40:00",RUBICON,0
D,DISPATCH,UNIT_SCADA,1,"2019/08/20 16:40:00",SATGN1,0
D,DISPATCH,UNIT_SCADA,1,"2019/08/20 16:40:00",SATGS1,0
D,DISPATCH,UNIT_SCADA,1,"2019/08/20 16:40:00",STARHLWF,28.691633
D,DISPATCH,UNIT_SCADA,1,"2019/08/20 16:40:00",WAUBRAWF,125.515999
D,DISPATCH,UNIT_SCADA,1,"2019/08/20 16:40:00",WOOLNTH1,56.070019
D,DISPATCH,UNIT_SCADA,1,"2019/08/20 16:40:00",WPWF,50
D,DISPATCH,UNIT_SCADA,1,"2019/08/20 16:40:00",YAMBUKWF,29.60
D,DISPATCH,UNIT_SCADA,1,"2019/08/20 16:40:00",YSWF1,28.40
D,DISPATCH,UNIT_SCADA,1,"2019/08/20 16:40:00",AGLHAL,0
D,DISPATCH,UNIT_SCADA,1,"2019/08/20 16:40:00",AGLSOM,-0.40
D,DISPATCH,UNIT_SCADA,1,"2019/08/20 16:40:00",ANGAST1,0
D,DISPATCH,UNIT_SCADA,1,"2019/08/20 16:40:00",ARWF1,88.000010
D,DISPATCH,UNIT_SCADA,1,"2019/08/20 16:40:00",BALBG1,11.39
D,DISPATCH,UNIT_SCADA,1,"2019/08/20 16:40:00",BALBL1,0
D,DISPATCH,UNIT_SCADA,1,"2019/08/20 16:40:00",BALDHWF1,103.1430
D,DISPATCH,UNIT_SCADA,1,"2019/08/20 16:40:00",BANN1,14
D,DISPATCH,UNIT_SCADA,1,"2019/08/20 16:40:00",BARCALDN,0
D,DISPATCH,UNIT_SCADA,1,"2019/08/20 16:40:00",BARRON-1,0
D,DISPATCH,UNIT_SCADA,1,"2019/08/20 16:40:00",BARRON-2,25.20
D,DISPATCH,UNIT_SCADA,1,"2019/08/20 16:40:00",BASTYAN,76.460010
D,DISPATCH,UNIT_SCADA,1,"2019/08/20 16:40:00",BBTHREE1,-2.04
D,DISPATCH,UNIT_SCADA,1,"2019/08/20 16:40:00",BBTHREE2,-2.02
D,DISPATCH,UNIT_SCADA,1,"2019/08/20 16:40:00",BBTHREE3,-1.15
D,DISPATCH,UNIT_SCADA,1,"2019/08/20 16:40:00",BDL01,0
D,DISPATCH,UNIT_SCADA,1,"2019/08/20 16:40:00",BDL02,0
D,DISPATCH,UNIT_SCADA,1,"2019/08/20 16:40:00",BERYLSF1,26.950970
D,DISPATCH,UNIT_SCADA,1,"2019/08/20 16:40:00",BLOWERNG,0
D,DISPATCH,UNIT_SCADA,1,"2019/08/20 16:40:00",BLUFF1,48.70
D,DISPATCH,UNIT_SCADA,1,"2019/08/20 16:40:00",BNGSF1,93.38
D,DISPATCH,UNIT_SCADA,1,"2019/08/20 16:40:00",BNGSF2,20
D,DISPATCH,UNIT_SCADA,1,"2019/08/20 16:40:00",BOCORWF1,109.77
D,DISPATCH,UNIT_SCADA,1,"2019/08/20 16:40:00",BODWF1,86.033290
D,DISPATCH,UNIT_SCADA,1,"2019/08/20 16:40:00",BRAEMAR1,0
D,DISPATCH,UNIT_SCADA,1,"2019/08/20 16:40:00",BRAEMAR2,0
D,DISPATCH,UNIT_SCADA,1,"2019/08/20 16:40:00",BRAEMAR3,0
D,DISPATCH,UNIT_SCADA,1,"2019/08/20 16:40:00",BRAEMAR5,0
D,DISPATCH,UNIT_SCADA,1,"2019/08/20 16:40:00",BRAEMAR6,0
D,DISPATCH,UNIT_SCADA,1,"2019/08/20 16:40:00",BRAEMAR7,0
D,DISPATCH,UNIT_SCADA,1,"2019/08/20 16:40:00",BROKENH1,25.599120
D,DISPATCH,UNIT_SCADA,1,"2019/08/20 16:40:00",BW01,437.6001
D,DISPATCH,UNIT_SCADA,1,"2019/08/20 16:40:00",BW02,620.849980
D,DISPATCH,UNIT_SCADA,1,"2019/08/20 16:40:00",BW03,603.525020
D,DISPATCH,UNIT_SCADA,1,"2019/08/20 16:40:00",BW04,0
D,DISPATCH,UNIT_SCADA,1,"2019/08/20 16:40:00",CALL_B_1,345.600010
D,DISPATCH,UNIT_SCADA,1,"2019/08/20 16:40:00",CALL_B_2,293.50
D,DISPATCH,UNIT_SCADA,1,"2019/08/20 16:40:00",CETHANA,94.292630
D,DISPATCH,UNIT_SCADA,1,"2019/08/20 16:40:00",CG1,0
D,DISPATCH,UNIT_SCADA,1,"2019/08/20 16:40:00",CG2,0
D,DISPATCH,UNIT_SCADA,1,"2019/08/20 16:40:00",CG3,0
D,DISPATCH,UNIT_SCADA,1,"2019/08/20 16:40:00",CG4,0
D,DISPATCH,UNIT_SCADA,1,"2019/08/20 16:40:00",CHILDSF1,20.65
D,DISPATCH,UNIT_SCADA,1,"2019/08/20 16:40:00",CLARESF1,29.919230
D,DISPATCH,UNIT_SCADA,1,"2019/08/20 16:40:00",CLEMGPWF,15.199390
D,DISPATCH,UNIT_SCADA,1,"2019/08/20 16:40:00",CLERMSF1,15.06
D,DISPATCH,UNIT_SCADA,1,"2019/08/20 16:40:00",COLEASF1,20
D,DISPATCH,UNIT_SCADA,1,"2019/08/20 16:40:00",COOPGWF1,26.613440
D,DISPATCH,UNIT_SCADA,1,"2019/08/20 16:40:00",CPP_3,405.6250
D,DISPATCH,UNIT_SCADA,1,"2019/08/20 16:40:00",CPP_4,405.6250
D,DISPATCH,UNIT_SCADA,1,"2019/08/20 16:40:00",CPSA,142.601260
D,DISPATCH,UNIT_SCADA,1,"2019/08/20 16:40:00",CROOKWF2,75.693760
D,DISPATCH,UNIT_SCADA,1,"2019/08/20 16:40:00",CROWLWF1,52.0704
D,DISPATCH,UNIT_SCADA,1,"2019/08/20 16:40:00",CSPVPS1,13.1590
D,DISPATCH,UNIT_SCADA,1,"2019/08/20 16:40:00",DALNTH01,0
D,DISPATCH,UNIT_SCADA,1,"2019/08/20 16:40:00",DALNTHL1,0.154120
D,DISPATCH,UNIT_SCADA,1,"2019/08/20 16:40:00",DARTM1,134.30
D,DISPATCH,UNIT_SCADA,1,"2019/08/20 16:40:00",DAYDSF1,86.543010
D,DISPATCH,UNIT_SCADA,1,"2019/08/20 16:40:00",DDPS1,198.1720
D,DISPATCH,UNIT_SCADA,1,"2019/08/20 16:40:00",DDSF1,30.985220
D,DISPATCH,UNIT_SCADA,1,"2019/08/20 16:40:00",DEVILS_G,60.209360
D,DISPATCH,UNIT_SCADA,1,"2019/08/20 16:40:00",DG_NSW1,0
D,DISPATCH,UNIT_SCADA,1,"2019/08/20 16:40:00",DG_QLD1,0
D,DISPATCH,UNIT_SCADA,1,"2019/08/20 16:40:00",DG_SA1,0
D,DISPATCH,UNIT_SCADA,1,"2019/08/20 16:40:00",DG_TAS1,0
D,DISPATCH,UNIT_SCADA,1,"2019/08/20 16:40:00",DG_VIC1,0
D,DISPATCH,UNIT_SCADA,1,"2019/08/20 16:40:00",DRYCGT1,0
D,DISPATCH,UNIT_SCADA,1,"2019/08/20 16:40:00",DRYCGT2,0
D,DISPATCH,UNIT_SCADA,1,"2019/08/20 16:40:00",DRYCGT3,0
D,DISPATCH,UNIT_SCADA,1,"2019/08/20 16:40:00",EILDON1,0
D,DISPATCH,UNIT_SCADA,1,"2019/08/20 16:40:00",EILDON2,0
D,DISPATCH,UNIT_SCADA,1,"2019/08/20 16:40:00",EMERASF1,40.58
D,DISPATCH,UNIT_SCADA,1,"2019/08/20 16:40:00",ER01,431.224980
D,DISPATCH,UNIT_SCADA,1,"2019/08/20 16:40:00",ER02,431.324950
D,DISPATCH,UNIT_SCADA,1,"2019/08/20 16:40:00",ER03,698.974980
D,DISPATCH,UNIT_SCADA,1,"2019/08/20 16:40:00",ER04,434.325070
D,DISPATCH,UNIT_SCADA,1,"2019/08/20 16:40:00",FINLYSF1,0
D,DISPATCH,UNIT_SCADA,1,"2019/08/20 16:40:00",FISHER,45.80
D,DISPATCH,UNIT_SCADA,1,"2019/08/20 16:40:00",GANNBG1,5.096270
D,DISPATCH,UNIT_SCADA,1,"2019/08/20 16:40:00",GANNBL1,0
D,DISPATCH,UNIT_SCADA,1,"2019/08/20 16:40:00",GANNSF1,6.10
D,DISPATCH,UNIT_SCADA,1,"2019/08/20 16:40:00",GORDON,14.5320
D,DISPATCH,UNIT_SCADA,1,"2019/08/20 16:40:00",GSTONE1,155.5750
D,DISPATCH,UNIT_SCADA,1,"2019/08/20 16:40:00",GSTONE2,169.5750
D,DISPATCH,UNIT_SCADA,1,"2019/08/20 16:40:00",GSTONE3,149.6250
D,DISPATCH,UNIT_SCADA,1,"2019/08/20 16:40:00",GSTONE4,149.974990
D,DISPATCH,UNIT_SCADA,1,"2019/08/20 16:40:00",GSTONE5,149.80
D,DISPATCH,UNIT_SCADA,1,"2019/08/20 16:40:00",GSTONE6,0
D,DISPATCH,UNIT_SCADA,1,"2019/08/20 16:40:00",GULLRSF1,0.573430
D,DISPATCH,UNIT_SCADA,1,"2019/08/20 16:40:00",GULLRWF1,158.981410
D,DISPATCH,UNIT_SCADA,1,"2019/08/20 16:40:00",GUNNING1,41.414670
D,DISPATCH,UNIT_SCADA,1,"2019/08/20 16:40:00",GUTHEGA,0
D,DISPATCH,UNIT_SCADA,1,"2019/08/20 16:40:00",HALLWF1,91.36
D,DISPATCH,UNIT_SCADA,1,"2019/08/20 16:40:00",HALLWF2,63.99
D,DISPATCH,UNIT_SCADA,1,"2019/08/20 16:40:00",HAMISF1,33.60
D,DISPATCH,UNIT_SCADA,1,"2019/08/20 16:40:00",HAUGHT11,49.944580
D,DISPATCH,UNIT_SCADA,1,"2019/08/20 16:40:00",HAYMSF1,30.08
D,DISPATCH,UNIT_SCADA,1,"2019/08/20 16:40:00",HDWF1,74.30
D,DISPATCH,UNIT_SCADA,1,"2019/08/20 16:40:00",HDWF2,63.50
D,DISPATCH,UNIT_SCADA,1,"2019/08/20 16:40:00",HDWF3,75.90
D,DISPATCH,UNIT_SCADA,1,"2019/08/20 16:40:00",HPRG1,0
D,DISPATCH,UNIT_SCADA,1,"2019/08/20 16:40:00",HPRL1,3.50
D,DISPATCH,UNIT_SCADA,1,"2019/08/20 16:40:00",HUMENSW,0
D,DISPATCH,UNIT_SCADA,1,"2019/08/20 16:40:00",HUMEV,8.40
D,DISPATCH,UNIT_SCADA,1,"2019/08/20 16:40:00",HVGTS,0
D,DISPATCH,UNIT_SCADA,1,"2019/08/20 16:40:00",JBUTTERS,132.66
D,DISPATCH,UNIT_SCADA,1,"2019/08/20 16:40:00",JLA01,0.50
D,DISPATCH,UNIT_SCADA,1,"2019/08/20 16:40:00",JLA02,0
D,DISPATCH,UNIT_SCADA,1,"2019/08/20 16:40:00",JLA03,0.10
D,DISPATCH,UNIT_SCADA,1,"2019/08/20 16:40:00",JLA04,0.10
D,DISPATCH,UNIT_SCADA,1,"2019/08/20 16:40:00",JLB01,0
D,DISPATCH,UNIT_SCADA,1,"2019/08/20 16:40:00",JLB02,0.10
D,DISPATCH,UNIT_SCADA,1,"2019/08/20 16:40:00",JLB03,0
D,DISPATCH,UNIT_SCADA,1,"2019/08/20 16:40:00",KAREEYA1,21.4825
D,DISPATCH,UNIT_SCADA,1,"2019/08/20 16:40:00",KAREEYA2,21.6825
D,DISPATCH,UNIT_SCADA,1,"2019/08/20 16:40:00",KAREEYA3,0
D,DISPATCH,UNIT_SCADA,1,"2019/08/20 16:40:00",KAREEYA4,21.64
D,DISPATCH,UNIT_SCADA,1,"2019/08/20 16:40:00",KARSF1,50.50
D,DISPATCH,UNIT_SCADA,1,"2019/08/20 16:40:00",KIATAWF1,30.90
D,DISPATCH,UNIT_SCADA,1,"2019/08/20 16:40:00",KPP_1,0
D,DISPATCH,UNIT_SCADA,1,"2019/08/20 16:40:00",KSP1,40.34
D,DISPATCH,UNIT_SCADA,1,"2019/08/20 16:40:00",LADBROK1,0
D,DISPATCH,UNIT_SCADA,1,"2019/08/20 16:40:00",LADBROK2,0
D,DISPATCH,UNIT_SCADA,1,"2019/08/20 16:40:00",LD01,392.25
D,DISPATCH,UNIT_SCADA,1,"2019/08/20 16:40:00",LD02,393.618710
D,DISPATCH,UNIT_SCADA,1,"2019/08/20 16:40:00",LD03,387.862520
D,DISPATCH,UNIT_SCADA,1,"2019/08/20 16:40:00",LD04,371.662450
D,DISPATCH,UNIT_SCADA,1,"2019/08/20 16:40:00",LEM_WIL,85.603940
D,DISPATCH,UNIT_SCADA,1,"2019/08/20 16:40:00",LGAPWF1,22.97
D,DISPATCH,UNIT_SCADA,1,"2019/08/20 16:40:00",LILYSF1,57.147390
D,DISPATCH,UNIT_SCADA,1,"2019/08/20 16:40:00",LI_WY_CA,148.683170
D,DISPATCH,UNIT_SCADA,1,"2019/08/20 16:40:00",LKBONNY2,152.528240
D,DISPATCH,UNIT_SCADA,1,"2019/08/20 16:40:00",LKBONNY3,38.517190
D,DISPATCH,UNIT_SCADA,1,"2019/08/20 16:40:00",LK_ECHO,0
D,DISPATCH,UNIT_SCADA,1,"2019/08/20 16:40:00",LNGS1,0
D,DISPATCH,UNIT_SCADA,1,"2019/08/20 16:40:00",LNGS2,0
D,DISPATCH,UNIT_SCADA,1,"2019/08/20 16:40:00",LONSDALE,0
D,DISPATCH,UNIT_SCADA,1,"2019/08/20 16:40:00",LOYYB1,537.216430
D,DISPATCH,UNIT_SCADA,1,"2019/08/20 16:40:00",LOYYB2,581.954410
D,DISPATCH,UNIT_SCADA,1,"2019/08/20 16:40:00",LYA1,559
D,DISPATCH,UNIT_SCADA,1,"2019/08/20 16:40:00",LYA2,0
D,DISPATCH,UNIT_SCADA,1,"2019/08/20 16:40:00",LYA3,560
D,DISPATCH,UNIT_SCADA,1,"2019/08/20 16:40:00",LYA4,540
D,DISPATCH,UNIT_SCADA,1,"2019/08/20 16:40:00",MACARTH1,374.091370
D,DISPATCH,UNIT_SCADA,1,"2019/08/20 16:40:00",MACKAYGT,0
D,DISPATCH,UNIT_SCADA,1,"2019/08/20 16:40:00",MACKNTSH,85.010010
D,DISPATCH,UNIT_SCADA,1,"2019/08/20 16:40:00",MANSLR1,21.2040
D,DISPATCH,UNIT_SCADA,1,"2019/08/20 16:40:00",MCKAY1,0.02
D,DISPATCH,UNIT_SCADA,1,"2019/08/20 16:40:00",MEADOWBK,33.895880
D,DISPATCH,UNIT_SCADA,1,"2019/08/20 16:40:00",MERCER01,129.054990
D,DISPATCH,UNIT_SCADA,1,"2019/08/20 16:40:00",MEWF1,47.198210
D,DISPATCH,UNIT_SCADA,1,"2019/08/20 16:40:00",MINTARO,0
D,DISPATCH,UNIT_SCADA,1,"2019/08/20 16:40:00",MOREESF1,31.0980
D,DISPATCH,UNIT_SCADA,1,"2019/08/20 16:40:00",MORTLK11,124
D,DISPATCH,UNIT_SCADA,1,"2019/08/20 16:40:00",MORTLK12,0
D,DISPATCH,UNIT_SCADA,1,"2019/08/20 16:40:00",MP1,275.849980
D,DISPATCH,UNIT_SCADA,1,"2019/08/20 16:40:00",MP2,0
D,DISPATCH,UNIT_SCADA,1,"2019/08/20 16:40:00",MPP_1,385.50
D,DISPATCH,UNIT_SCADA,1,"2019/08/20 16:40:00",MPP_2,431.75
D,DISPATCH,UNIT_SCADA,1,"2019/08/20 16:40:00",MSTUART1,0
D,DISPATCH,UNIT_SCADA,1,"2019/08/20 16:40:00",MSTUART2,0
D,DISPATCH,UNIT_SCADA,1,"2019/08/20 16:40:00",MSTUART3,0
D,DISPATCH,UNIT_SCADA,1,"2019/08/20 16:40:00",MTGELWF1,65.015110
D,DISPATCH,UNIT_SCADA,1,"2019/08/20 16:40:00",MURRAY,0
D,DISPATCH,UNIT_SCADA,1,"2019/08/20 16:40:00",MUSSELR1,22.40
D,DISPATCH,UNIT_SCADA,1,"2019/08/20 16:40:00",MUWAWF1,55.52
D,DISPATCH,UNIT_SCADA,1,"2019/08/20 16:40:00",NBHWF1,120
D,DISPATCH,UNIT_SCADA,1,"2019/08/20 16:40:00",NPS,151.1250
D,DISPATCH,UNIT_SCADA,1,"2019/08/20 16:40:00",NUMURSF1,8.89
D,DISPATCH,UNIT_SCADA,1,"2019/08/20 16:40:00",NYNGAN1,33.25
D,DISPATCH,UNIT_SCADA,1,"2019/08/20 16:40:00",OAKEY1,0
D,DISPATCH,UNIT_SCADA,1,"2019/08/20 16:40:00",OAKEY1SF,10.5130
D,DISPATCH,UNIT_SCADA,1,"2019/08/20 16:40:00",OAKEY2,0
D,DISPATCH,UNIT_SCADA,1,"2019/08/20 16:40:00",OAKLAND1,62.10
D,DISPATCH,UNIT_SCADA,1,"2019/08/20 16:40:00",OSB-AG,142.320010
D,DISPATCH,UNIT_SCADA,1,"2019/08/20 16:40:00",PARSF1,32.899990
D,DISPATCH,UNIT_SCADA,1,"2019/08/20 16:40:00",POAT110,0
D,DISPATCH,UNIT_SCADA,1,"2019/08/20 16:40:00",POAT220,3.49
D,DISPATCH,UNIT_SCADA,1,"2019/08/20 16:40:00",POR01,0
D,DISPATCH,UNIT_SCADA,1,"2019/08/20 16:40:00",POR03,0
D,DISPATCH,UNIT_SCADA,1,"2019/08/20 16:40:00",PPCCGT,351.394960
D,DISPATCH,UNIT_SCADA,1,"2019/08/20 16:40:00",PTSTAN1,0
D,DISPATCH,UNIT_SCADA,1,"2019/08/20 16:40:00",PUMP1,0
D,DISPATCH,UNIT_SCADA,1,"2019/08/20 16:40:00",PUMP2,0
D,DISPATCH,UNIT_SCADA,1,"2019/08/20 16:40:00",QPS1,0
D,DISPATCH,UNIT_SCADA,1,"2019/08/20 16:40:00",QPS2,0
D,DISPATCH,UNIT_SCADA,1,"2019/08/20 16:40:00",QPS3,0
D,DISPATCH,UNIT_SCADA,1,"2019/08/20 16:40:00",QPS4,0
D,DISPATCH,UNIT_SCADA,1,"2019/08/20 16:40:00",QPS5,0
D,DISPATCH,UNIT_SCADA,1,"2019/08/20 16:40:00",REECE1,116.160010
D,DISPATCH,UNIT_SCADA,1,"2019/08/20 16:40:00",REECE2,116.400010
D,DISPATCH,UNIT_SCADA,1,"2019/08/20 16:40:00",ROMA_7,0
D,DISPATCH,UNIT_SCADA,1,"2019/08/20 16:40:00",ROMA_8,0
D,DISPATCH,UNIT_SCADA,1,"2019/08/20 16:40:00",RRSF1,57.759190
D,DISPATCH,UNIT_SCADA,1,"2019/08/20 16:40:00",RT_NSW1,0
D,DISPATCH,UNIT_SCADA,1,"2019/08/20 16:40:00",RT_NSW2,0
D,DISPATCH,UNIT_SCADA,1,"2019/08/20 16:40:00",RT_NSW3,0
D,DISPATCH,UNIT_SCADA,1,"2019/08/20 16:40:00",RT_NSW4,0
D,DISPATCH,UNIT_SCADA,1,"2019/08/20 16:40:00",RT_NSW5,0
D,DISPATCH,UNIT_SCADA,1,"2019/08/20 16:40:00",RT_NSW6,0
D,DISPATCH,UNIT_SCADA,1,"2019/08/20 16:40:00",RT_QLD1,0
D,DISPATCH,UNIT_SCADA,1,"2019/08/20 16:40:00",RT_SA1,0
D,DISPATCH,UNIT_SCADA,1,"2019/08/20 16:40:00",RT_SA2,0
D,DISPATCH,UNIT_SCADA,1,"2019/08/20 16:40:00",RT_SA3,0
D,DISPATCH,UNIT_SCADA,1,"2019/08/20 16:40:00",RT_SA4,0
D,DISPATCH,UNIT_SCADA,1,"2019/08/20 16:40:00",RT_SA5,0
D,DISPATCH,UNIT_SCADA,1,"2019/08/20 16:40:00",RT_SA6,0
D,DISPATCH,UNIT_SCADA,1,"2019/08/20 16:40:00",RT_TAS1,0
D,DISPATCH,UNIT_SCADA,1,"2019/08/20 16:40:00",RT_VIC1,0
D,DISPATCH,UNIT_SCADA,1,"2019/08/20 16:40:00",RT_VIC10,0
D,DISPATCH,UNIT_SCADA,1,"2019/08/20 16:40:00",RT_VIC11,0
D,DISPATCH,UNIT_SCADA,1,"2019/08/20 16:40:00",RT_VIC12,0
D,DISPATCH,UNIT_SCADA,1,"2019/08/20 16:40:00",RT_VIC2,0
D,DISPATCH,UNIT_SCADA,1,"2019/08/20 16:40:00",RT_VIC3,0
D,DISPATCH,UNIT_SCADA,1,"2019/08/20 16:40:00",RT_VIC4,0
D,DISPATCH,UNIT_SCADA,1,"2019/08/20 16:40:00",RT_VIC5,0
D,DISPATCH,UNIT_SCADA,1,"2019/08/20 16:40:00",RT_VIC6,0
D,DISPATCH,UNIT_SCADA,1,"2019/08/20 16:40:00",RT_VIC7,0
D,DISPATCH,UNIT_SCADA,1,"2019/08/20 16:40:00",RT_VIC8,0
D,DISPATCH,UNIT_SCADA,1,"2019/08/20 16:40:00",RT_VIC9,0
D,DISPATCH,UNIT_SCADA,1,"2019/08/20 16:40:00",RUGBYR1,45.017090
D,DISPATCH,UNIT_SCADA,1,"2019/08/20 16:40:00",SALTCRK1,52.58
D,DISPATCH,UNIT_SCADA,1,"2019/08/20 16:40:00",SAPHWF1,132.637480
D,DISPATCH,UNIT_SCADA,1,"2019/08/20 16:40:00",SHGEN,0
D,DISPATCH,UNIT_SCADA,1,"2019/08/20 16:40:00",SHPUMP,0
D,DISPATCH,UNIT_SCADA,1,"2019/08/20 16:40:00",SITHE01,0.005650
D,DISPATCH,UNIT_SCADA,1,"2019/08/20 16:40:00",SMCSF1,31.394820
D,DISPATCH,UNIT_SCADA,1,"2019/08/20 16:40:00",SNOWNTH1,108
D,DISPATCH,UNIT_SCADA,1,"2019/08/20 16:40:00",SNOWSTH1,109.899990
D,DISPATCH,UNIT_SCADA,1,"2019/08/20 16:40:00",SNOWTWN1,81.232930
D,DISPATCH,UNIT_SCADA,1,"2019/08/20 16:40:00",SNOWYP,0
D,DISPATCH,UNIT_SCADA,1,"2019/08/20 16:40:00",SNUG1,0.019440
D,DISPATCH,UNIT_SCADA,1,"2019/08/20 16:40:00",SRSF1,18.31
D,DISPATCH,UNIT_SCADA,1,"2019/08/20 16:40:00",STAN-1,0
D,DISPATCH,UNIT_SCADA,1,"2019/08/20 16:40:00",STAN-2,281.043090
D,DISPATCH,UNIT_SCADA,1,"2019/08/20 16:40:00",STAN-3,284.3757
D,DISPATCH,UNIT_SCADA,1,"2019/08/20 16:40:00",STAN-4,281.235350
D,DISPATCH,UNIT_SCADA,1,"2019/08/20 16:40:00",STWF1,21.419980
D,DISPATCH,UNIT_SCADA,1,"2019/08/20 16:40:00",SWAN_E,0
D,DISPATCH,UNIT_SCADA,1,"2019/08/20 16:40:00",TALWA1,359
D,DISPATCH,UNIT_SCADA,1,"2019/08/20 16:40:00",TARALGA1,101.156230
D,DISPATCH,UNIT_SCADA,1,"2019/08/20 16:40:00",TARONG#1,304.300020
D,DISPATCH,UNIT_SCADA,1,"2019/08/20 16:40:00",TARONG#2,305.100010
D,DISPATCH,UNIT_SCADA,1,"2019/08/20 16:40:00",TARONG#3,260
D,DISPATCH,UNIT_SCADA,1,"2019/08/20 16:40:00",TARONG#4,313.600010
D,DISPATCH,UNIT_SCADA,1,"2019/08/20 16:40:00",TARRALEA,85.20
D,DISPATCH,UNIT_SCADA,1,"2019/08/20 16:40:00",TBSF1,7.80
D,DISPATCH,UNIT_SCADA,1,"2019/08/20 16:40:00",TNPS1,441.700010
D,DISPATCH,UNIT_SCADA,1,"2019/08/20 16:40:00",TORRA1,43.240470
D,DISPATCH,UNIT_SCADA,1,"2019/08/20 16:40:00",TORRA2,0
D,DISPATCH,UNIT_SCADA,1,"2019/08/20 16:40:00",TORRA3,0
D,DISPATCH,UNIT_SCADA,1,"2019/08/20 16:40:00",TORRA4,0
D,DISPATCH,UNIT_SCADA,1,"2019/08/20 16:40:00",TORRB1,39.35
D,DISPATCH,UNIT_SCADA,1,"2019/08/20 16:40:00",TORRB2,47.40
D,DISPATCH,UNIT_SCADA,1,"2019/08/20 16:40:00",TORRB3,0
D,DISPATCH,UNIT_SCADA,1,"2019/08/20 16:40:00",TORRB4,0
D,DISPATCH,UNIT_SCADA,1,"2019/08/20 16:40:00",TREVALLN,43.800020
D,DISPATCH,UNIT_SCADA,1,"2019/08/20 16:40:00",TRIBUTE,44.87
D,DISPATCH,UNIT_SCADA,1,"2019/08/20 16:40:00",TUMUT3,0
D,DISPATCH,UNIT_SCADA,1,"2019/08/20 16:40:00",TUNGATIN,122.320030
D,DISPATCH,UNIT_SCADA,1,"2019/08/20 16:40:00",TVCC201,0
D,DISPATCH,UNIT_SCADA,1,"2019/08/20 16:40:00",TVPP104,0
D,DISPATCH,UNIT_SCADA,1,"2019/08/20 16:40:00",UPPTUMUT,0
D,DISPATCH,UNIT_SCADA,1,"2019/08/20 16:40:00",URANQ11,0
D,DISPATCH,UNIT_SCADA,1,"2019/08/20 16:40:00",URANQ12,0
D,DISPATCH,UNIT_SCADA,1,"2019/08/20 16:40:00",URANQ13,0
D,DISPATCH,UNIT_SCADA,1,"2019/08/20 16:40:00",URANQ14,0
D,DISPATCH,UNIT_SCADA,1,"2019/08/20 16:40:00",VP5,463.824980
D,DISPATCH,UNIT_SCADA,1,"2019/08/20 16:40:00",VP6,462.75
D,DISPATCH,UNIT_SCADA,1,"2019/08/20 16:40:00",VPGS1,0
D,DISPATCH,UNIT_SCADA,1,"2019/08/20 16:40:00",VPGS2,0
D,DISPATCH,UNIT_SCADA,1,"2019/08/20 16:40:00",VPGS3,0
D,DISPATCH,UNIT_SCADA,1,"2019/08/20 16:40:00",VPGS4,0
D,DISPATCH,UNIT_SCADA,1,"2019/08/20 16:40:00",VPGS5,0
D,DISPATCH,UNIT_SCADA,1,"2019/08/20 16:40:00",VPGS6,0
D,DISPATCH,UNIT_SCADA,1,"2019/08/20 16:40:00",W/HOE#1,0
D,DISPATCH,UNIT_SCADA,1,"2019/08/20 16:40:00",W/HOE#2,0
D,DISPATCH,UNIT_SCADA,1,"2019/08/20 16:40:00",WATERLWF,123.90
D,DISPATCH,UNIT_SCADA,1,"2019/08/20 16:40:00",WEMENSF1,6.30
D,DISPATCH,UNIT_SCADA,1,"2019/08/20 16:40:00",WGWF1,109.50
D,DISPATCH,UNIT_SCADA,1,"2019/08/20 16:40:00",WHITSF1,31.60
D,DISPATCH,UNIT_SCADA,1,"2019/08/20 16:40:00",WKIEWA1,0
D,DISPATCH,UNIT_SCADA,1,"2019/08/20 16:40:00",WKIEWA2,0.10
D,DISPATCH,UNIT_SCADA,1,"2019/08/20 16:40:00",WOODLWN1,44.559010
D,DISPATCH,UNIT_SCADA,1,"2019/08/20 16:40:00",WRSF1,4.99
D,DISPATCH,UNIT_SCADA,1,"2019/08/20 16:40:00",WRWF1,92.121250
D,DISPATCH,UNIT_SCADA,1,"2019/08/20 16:40:00",YABULU,0
D,DISPATCH,UNIT_SCADA,1,"2019/08/20 16:40:00",YABULU2,0
D,DISPATCH,UNIT_SCADA,1,"2019/08/20 16:40:00",YARWUN_1,0
D,DISPATCH,UNIT_SCADA,1,"2019/08/20 16:40:00",YENDWF1,41.80
D,DISPATCH,UNIT_SCADA,1,"2019/08/20 16:40:00",YWPS1,380.450620
D,DISPATCH,UNIT_SCADA,1,"2019/08/20 16:40:00",YWPS2,278.693660
D,DISPATCH,UNIT_SCADA,1,"2019/08/20 16:40:00",YWPS3,0
D,DISPATCH,UNIT_SCADA,1,"2019/08/20 16:40:00",YWPS4,399.189880
C,"END OF REPORT",334
