C,NEMP.WORLD,DISPATCHSCADA,AEMO,PUBLIC,2019/09/05,22:20:07,0000000312438616,DISPATCHSCADA,0000000312438610
I,DISPATCH,UNIT_SCADA,1,SETTLEMENTDATE,DUID,SCADAVALUE
D,DISPATCH,UNIT_SCADA,1,"2019/09/05 22:25:00",BARCSF1,0.30
D,DISPATCH,UNIT_SCADA,1,"2019/09/05 22:25:00",BUTLERSG,10.199999
D,DISPATCH,UNIT_SCADA,1,"2019/09/05 22:25:00",CALL_A_4,0
D,DISPATCH,UNIT_SCADA,1,"2019/09/05 22:25:00",CAPTL_WF,33.159996
D,DISPATCH,UNIT_SCADA,1,"2019/09/05 22:25:00",CATHROCK,0
D,DISPATCH,UNIT_SCADA,1,"2019/09/05 22:25:00",CHALLHWF,0
D,DISPATCH,UNIT_SCADA,1,"2019/09/05 22:25:00",CLOVER,-0.01
D,DISPATCH,UNIT_SCADA,1,"2019/09/05 22:25:00",CLUNY,16.935225
D,DISPATCH,UNIT_SCADA,1,"2019/09/05 22:25:00",CNUNDAWF,7.408643
D,DISPATCH,UNIT_SCADA,1,"2019/09/05 22:25:00",CULLRGWF,13.57
D,DISPATCH,UNIT_SCADA,1,"2019/09/05 22:25:00",ERGT01,0
D,DISPATCH,UNIT_SCADA,1,"2019/09/05 22:25:00",GB01,0.008663
D,DISPATCH,UNIT_SCADA,1,"2019/09/05 22:25:00",GERMCRK,37
D,DISPATCH,UNIT_SCADA,1,"2019/09/05 22:25:00",GRIFSF1,0
D,DISPATCH,UNIT_SCADA,1,"2019/09/05 22:25:00",HUGSF1,-0.1310
D,DISPATCH,UNIT_SCADA,1,"2019/09/05 22:25:00",LKBONNY1,13.664332
D,DISPATCH,UNIT_SCADA,1,"2019/09/05 22:25:00",LRSF1,-0.0010
D,DISPATCH,UNIT_SCADA,1,"2019/09/05 22:25:00",MBAHNTH,46.856247
D,DISPATCH,UNIT_SCADA,1,"2019/09/05 22:25:00",MLSP1,0
D,DISPATCH,UNIT_SCADA,1,"2019/09/05 22:25:00",MLWF1,-0.0150
D,DISPATCH,UNIT_SCADA,1,"2019/09/05 22:25:00",MTMILLAR,40.190521
D,DISPATCH,UNIT_SCADA,1,"2019/09/05 22:25:00",PALOONA,25.40
D,DISPATCH,UNIT_SCADA,1,"2019/09/05 22:25:00",PIONEER,43.299999
D,DISPATCH,UNIT_SCADA,1,"2019/09/05 22:25:00",PORTWF,26.700001
D,DISPATCH,UNIT_SCADA,1,"2019/09/05 22:25:00",REPULSE,32.682995
D,DISPATCH,UNIT_SCADA,1,"2019/09/05 22:25:00",ROWALLAN,10.2879
D,DISPATCH,UNIT_SCADA,1,"2019/09/05 22:25:00",ROYALLA1,0
D,DISPATCH,UNIT_SCADA,1,"2019/09/05 22:25:00",RPCG,11
D,DISPATCH,UNIT_SCADA,1,"2019/09/05 22:25:00",RUBICON,0
D,DISPATCH,UNIT_SCADA,1,"2019/09/05 22:25:00",SATGN1,0
D,DISPATCH,UNIT_SCADA,1,"2019/09/05 22:25:00",SATGS1,0
D,DISPATCH,UNIT_SCADA,1,"2019/09/05 22:25:00",STARHLWF,30.191196
D,DISPATCH,UNIT_SCADA,1,"2019/09/05 22:25:00",WAUBRAWF,47.1880
D,DISPATCH,UNIT_SCADA,1,"2019/09/05 22:25:00",WOOLNTH1,128.540009
D,DISPATCH,UNIT_SCADA,1,"2019/09/05 22:25:00",WPWF,58
D,DISPATCH,UNIT_SCADA,1,"2019/09/05 22:25:00",YAMBUKWF,1.20
D,DISPATCH,UNIT_SCADA,1,"2019/09/05 22:25:00",YSWF1,10.60
D,DISPATCH,UNIT_SCADA,1,"2019/09/05 22:25:00",AGLHAL,0
D,DISPATCH,UNIT_SCADA,1,"2019/09/05 22:25:00",AGLSOM,118.80
D,DISPATCH,UNIT_SCADA,1,"2019/09/05 22:25:00",ANGAST1,0
D,DISPATCH,UNIT_SCADA,1,"2019/09/05 22:25:00",ARWF1,21.50
D,DISPATCH,UNIT_SCADA,1,"2019/09/05 22:25:00",BALBG1,0
D,DISPATCH,UNIT_SCADA,1,"2019/09/05 22:25:00",BALBL1,0
D,DISPATCH,UNIT_SCADA,1,"2019/09/05 22:25:00",BALDHWF1,33.9250
D,DISPATCH,UNIT_SCADA,1,"2019/09/05 22:25:00",BANN1,0
D,DISPATCH,UNIT_SCADA,1,"2019/09/05 22:25:00",BARCALDN,0
D,DISPATCH,UNIT_SCADA,1,"2019/09/05 22:25:00",BARRON-1,33.60
D,DISPATCH,UNIT_SCADA,1,"2019/09/05 22:25:00",BARRON-2,0
D,DISPATCH,UNIT_SCADA,1,"2019/09/05 22:25:00",BASTYAN,79.530010
D,DISPATCH,UNIT_SCADA,1,"2019/09/05 22:25:00",BBTHREE1,0
D,DISPATCH,UNIT_SCADA,1,"2019/09/05 22:25:00",BBTHREE2,0
D,DISPATCH,UNIT_SCADA,1,"2019/09/05 22:25:00",BBTHREE3,0
D,DISPATCH,UNIT_SCADA,1,"2019/09/05 22:25:00",BDL01,2.76
D,DISPATCH,UNIT_SCADA,1,"2019/09/05 22:25:00",BDL02,2.58
D,DISPATCH,UNIT_SCADA,1,"2019/09/05 22:25:00",BERYLSF1,0
D,DISPATCH,UNIT_SCADA,1,"2019/09/05 22:25:00",BLOWERNG,15.40
D,DISPATCH,UNIT_SCADA,1,"2019/09/05 22:25:00",BLUFF1,52.20
D,DISPATCH,UNIT_SCADA,1,"2019/09/05 22:25:00",BNGSF1,0
D,DISPATCH,UNIT_SCADA,1,"2019/09/05 22:25:00",BNGSF2,0
D,DISPATCH,UNIT_SCADA,1,"2019/09/05 22:25:00",BOCORWF1,7.70
D,DISPATCH,UNIT_SCADA,1,"2019/09/05 22:25:00",BODWF1,12.314050
D,DISPATCH,UNIT_SCADA,1,"2019/09/05 22:25:00",BRAEMAR1,0
D,DISPATCH,UNIT_SCADA,1,"2019/09/05 22:25:00",BRAEMAR2,0
D,DISPATCH,UNIT_SCADA,1,"2019/09/05 22:25:00",BRAEMAR3,0
D,DISPATCH,UNIT_SCADA,1,"2019/09/05 22:25:00",BRAEMAR5,0
D,DISPATCH,UNIT_SCADA,1,"2019/09/05 22:25:00",BRAEMAR6,0
D,DISPATCH,UNIT_SCADA,1,"2019/09/05 22:25:00",BRAEMAR7,0
D,DISPATCH,UNIT_SCADA,1,"2019/09/05 22:25:00",BROKENH1,0
D,DISPATCH,UNIT_SCADA,1,"2019/09/05 22:25:00",BW01,555.825070
D,DISPATCH,UNIT_SCADA,1,"2019/09/05 22:25:00",BW02,634.1250
D,DISPATCH,UNIT_SCADA,1,"2019/09/05 22:25:00",BW03,637
D,DISPATCH,UNIT_SCADA,1,"2019/09/05 22:25:00",BW04,0
D,DISPATCH,UNIT_SCADA,1,"2019/09/05 22:25:00",CALL_B_1,348.399990
D,DISPATCH,UNIT_SCADA,1,"2019/09/05 22:25:00",CALL_B_2,297.700010
D,DISPATCH,UNIT_SCADA,1,"2019/09/05 22:25:00",CETHANA,23.4605
D,DISPATCH,UNIT_SCADA,1,"2019/09/05 22:25:00",CG1,0
D,DISPATCH,UNIT_SCADA,1,"2019/09/05 22:25:00",CG2,0
D,DISPATCH,UNIT_SCADA,1,"2019/09/05 22:25:00",CG3,0
D,DISPATCH,UNIT_SCADA,1,"2019/09/05 22:25:00",CG4,0
D,DISPATCH,UNIT_SCADA,1,"2019/09/05 22:25:00",CHILDSF1,0
D,DISPATCH,UNIT_SCADA,1,"2019/09/05 22:25:00",CLARESF1,0
D,DISPATCH,UNIT_SCADA,1,"2019/09/05 22:25:00",CLEMGPWF,45.382060
D,DISPATCH,UNIT_SCADA,1,"2019/09/05 22:25:00",CLERMSF1,0
D,DISPATCH,UNIT_SCADA,1,"2019/09/05 22:25:00",COLEASF1,0
D,DISPATCH,UNIT_SCADA,1,"2019/09/05 22:25:00",COOPGWF1,27.199730
D,DISPATCH,UNIT_SCADA,1,"2019/09/05 22:25:00",CPP_3,405.6250
D,DISPATCH,UNIT_SCADA,1,"2019/09/05 22:25:00",CPP_4,405.6250
D,DISPATCH,UNIT_SCADA,1,"2019/09/05 22:25:00",CPSA,142.0475
D,DISPATCH,UNIT_SCADA,1,"2019/09/05 22:25:00",CROOKWF2,28.573740
D,DISPATCH,UNIT_SCADA,1,"2019/09/05 22:25:00",CROWLWF1,14.646270
D,DISPATCH,UNIT_SCADA,1,"2019/09/05 22:25:00",CSPVPS1,0
D,DISPATCH,UNIT_SCADA,1,"2019/09/05 22:25:00",DALNTH01,0
D,DISPATCH,UNIT_SCADA,1,"2019/09/05 22:25:00",DALNTHL1,0.068670
D,DISPATCH,UNIT_SCADA,1,"2019/09/05 22:25:00",DARTM1,133.600010
D,DISPATCH,UNIT_SCADA,1,"2019/09/05 22:25:00",DAYDSF1,0
D,DISPATCH,UNIT_SCADA,1,"2019/09/05 22:25:00",DDPS1,558.940860
D,DISPATCH,UNIT_SCADA,1,"2019/09/05 22:25:00",DDSF1,0
D,DISPATCH,UNIT_SCADA,1,"2019/09/05 22:25:00",DEVILS_G,63.346660
D,DISPATCH,UNIT_SCADA,1,"2019/09/05 22:25:00",DG_NSW1,0
D,DISPATCH,UNIT_SCADA,1,"2019/09/05 22:25:00",DG_QLD1,0
D,DISPATCH,UNIT_SCADA,1,"2019/09/05 22:25:00",DG_SA1,0
D,DISPATCH,UNIT_SCADA,1,"2019/09/05 22:25:00",DG_TAS1,0
D,DISPATCH,UNIT_SCADA,1,"2019/09/05 22:25:00",DG_VIC1,0
D,DISPATCH,UNIT_SCADA,1,"2019/09/05 22:25:00",DRYCGT1,0
D,DISPATCH,UNIT_SCADA,1,"2019/09/05 22:25:00",DRYCGT2,0
D,DISPATCH,UNIT_SCADA,1,"2019/09/05 22:25:00",DRYCGT3,0
D,DISPATCH,UNIT_SCADA,1,"2019/09/05 22:25:00",EILDON1,0
D,DISPATCH,UNIT_SCADA,1,"2019/09/05 22:25:00",EILDON2,0
D,DISPATCH,UNIT_SCADA,1,"2019/09/05 22:25:00",EMERASF1,0
D,DISPATCH,UNIT_SCADA,1,"2019/09/05 22:25:00",ER01,582.925050
D,DISPATCH,UNIT_SCADA,1,"2019/09/05 22:25:00",ER02,688.974980
D,DISPATCH,UNIT_SCADA,1,"2019/09/05 22:25:00",ER03,0
D,DISPATCH,UNIT_SCADA,1,"2019/09/05 22:25:00",ER04,671.025020
D,DISPATCH,UNIT_SCADA,1,"2019/09/05 22:25:00",FINLYSF1,0
D,DISPATCH,UNIT_SCADA,1,"2019/09/05 22:25:00",FISHER,45.30
D,DISPATCH,UNIT_SCADA,1,"2019/09/05 22:25:00",GANNBG1,16.804870
D,DISPATCH,UNIT_SCADA,1,"2019/09/05 22:25:00",GANNBL1,0
D,DISPATCH,UNIT_SCADA,1,"2019/09/05 22:25:00",GANNSF1,0
D,DISPATCH,UNIT_SCADA,1,"2019/09/05 22:25:00",GORDON,17.825920
D,DISPATCH,UNIT_SCADA,1,"2019/09/05 22:25:00",GSTONE1,195.8250
D,DISPATCH,UNIT_SCADA,1,"2019/09/05 22:25:00",GSTONE2,190.75
D,DISPATCH,UNIT_SCADA,1,"2019/09/05 22:25:00",GSTONE3,0
D,DISPATCH,UNIT_SCADA,1,"2019/09/05 22:25:00",GSTONE4,208.774990
D,DISPATCH,UNIT_SCADA,1,"2019/09/05 22:25:00",GSTONE5,194.95
D,DISPATCH,UNIT_SCADA,1,"2019/09/05 22:25:00",GSTONE6,195.8250
D,DISPATCH,UNIT_SCADA,1,"2019/09/05 22:25:00",GULLRSF1,0
D,DISPATCH,UNIT_SCADA,1,"2019/09/05 22:25:00",GULLRWF1,47.051390
D,DISPATCH,UNIT_SCADA,1,"2019/09/05 22:25:00",GUNNING1,19.318930
D,DISPATCH,UNIT_SCADA,1,"2019/09/05 22:25:00",GUTHEGA,0
D,DISPATCH,UNIT_SCADA,1,"2019/09/05 22:25:00",HALLWF1,87.64
D,DISPATCH,UNIT_SCADA,1,"2019/09/05 22:25:00",HALLWF2,45.21
D,DISPATCH,UNIT_SCADA,1,"2019/09/05 22:25:00",HAMISF1,0
D,DISPATCH,UNIT_SCADA,1,"2019/09/05 22:25:00",HAUGHT11,0
D,DISPATCH,UNIT_SCADA,1,"2019/09/05 22:25:00",HAYMSF1,0
D,DISPATCH,UNIT_SCADA,1,"2019/09/05 22:25:00",HDWF1,67.20
D,DISPATCH,UNIT_SCADA,1,"2019/09/05 22:25:00",HDWF2,42.20
D,DISPATCH,UNIT_SCADA,1,"2019/09/05 22:25:00",HDWF3,65.80
D,DISPATCH,UNIT_SCADA,1,"2019/09/05 22:25:00",HPRG1,0
D,DISPATCH,UNIT_SCADA,1,"2019/09/05 22:25:00",HPRL1,5.80
D,DISPATCH,UNIT_SCADA,1,"2019/09/05 22:25:00",HUMENSW,0
D,DISPATCH,UNIT_SCADA,1,"2019/09/05 22:25:00",HUMEV,24.70
D,DISPATCH,UNIT_SCADA,1,"2019/09/05 22:25:00",HVGTS,0
D,DISPATCH,UNIT_SCADA,1,"2019/09/05 22:25:00",JBUTTERS,17.74
D,DISPATCH,UNIT_SCADA,1,"2019/09/05 22:25:00",JLA01,0.10
D,DISPATCH,UNIT_SCADA,1,"2019/09/05 22:25:00",JLA02,0
D,DISPATCH,UNIT_SCADA,1,"2019/09/05 22:25:00",JLA03,0
D,DISPATCH,UNIT_SCADA,1,"2019/09/05 22:25:00",JLA04,0
D,DISPATCH,UNIT_SCADA,1,"2019/09/05 22:25:00",JLB01,0
D,DISPATCH,UNIT_SCADA,1,"2019/09/05 22:25:00",JLB02,0.10
D,DISPATCH,UNIT_SCADA,1,"2019/09/05 22:25:00",JLB03,0
D,DISPATCH,UNIT_SCADA,1,"2019/09/05 22:25:00",KAREEYA1,21.6125
D,DISPATCH,UNIT_SCADA,1,"2019/09/05 22:25:00",KAREEYA2,21.5325
D,DISPATCH,UNIT_SCADA,1,"2019/09/05 22:25:00",KAREEYA3,0
D,DISPATCH,UNIT_SCADA,1,"2019/09/05 22:25:00",KAREEYA4,21.5250
D,DISPATCH,UNIT_SCADA,1,"2019/09/05 22:25:00",KARSF1,0
D,DISPATCH,UNIT_SCADA,1,"2019/09/05 22:25:00",KIATAWF1,30.40
D,DISPATCH,UNIT_SCADA,1,"2019/09/05 22:25:00",KPP_1,0
D,DISPATCH,UNIT_SCADA,1,"2019/09/05 22:25:00",KSP1,0
D,DISPATCH,UNIT_SCADA,1,"2019/09/05 22:25:00",LADBROK1,42.34
D,DISPATCH,UNIT_SCADA,1,"2019/09/05 22:25:00",LADBROK2,42.73
D,DISPATCH,UNIT_SCADA,1,"2019/09/05 22:25:00",LD01,412.837550
D,DISPATCH,UNIT_SCADA,1,"2019/09/05 22:25:00",LD02,398.174990
D,DISPATCH,UNIT_SCADA,1,"2019/09/05 22:25:00",LD03,414.956270
D,DISPATCH,UNIT_SCADA,1,"2019/09/05 22:25:00",LD04,376.443790
D,DISPATCH,UNIT_SCADA,1,"2019/09/05 22:25:00",LEM_WIL,85.222950
D,DISPATCH,UNIT_SCADA,1,"2019/09/05 22:25:00",LGAPWF1,32.03
D,DISPATCH,UNIT_SCADA,1,"2019/09/05 22:25:00",LILYSF1,0
D,DISPATCH,UNIT_SCADA,1,"2019/09/05 22:25:00",LI_WY_CA,138.791720
D,DISPATCH,UNIT_SCADA,1,"2019/09/05 22:25:00",LKBONNY2,31.916710
D,DISPATCH,UNIT_SCADA,1,"2019/09/05 22:25:00",LKBONNY3,9.433920
D,DISPATCH,UNIT_SCADA,1,"2019/09/05 22:25:00",LK_ECHO,0
D,DISPATCH,UNIT_SCADA,1,"2019/09/05 22:25:00",LNGS1,0
D,DISPATCH,UNIT_SCADA,1,"2019/09/05 22:25:00",LNGS2,0
D,DISPATCH,UNIT_SCADA,1,"2019/09/05 22:25:00",LONSDALE,0
D,DISPATCH,UNIT_SCADA,1,"2019/09/05 22:25:00",LOYYB1,536.840520
D,DISPATCH,UNIT_SCADA,1,"2019/09/05 22:25:00",LOYYB2,583.082280
D,DISPATCH,UNIT_SCADA,1,"2019/09/05 22:25:00",LYA1,0
D,DISPATCH,UNIT_SCADA,1,"2019/09/05 22:25:00",LYA2,0
D,DISPATCH,UNIT_SCADA,1,"2019/09/05 22:25:00",LYA3,560
D,DISPATCH,UNIT_SCADA,1,"2019/09/05 22:25:00",LYA4,541
D,DISPATCH,UNIT_SCADA,1,"2019/09/05 22:25:00",MACARTH1,0
D,DISPATCH,UNIT_SCADA,1,"2019/09/05 22:25:00",MACKAYGT,0.2240
D,DISPATCH,UNIT_SCADA,1,"2019/09/05 22:25:00",MACKNTSH,85.210010
D,DISPATCH,UNIT_SCADA,1,"2019/09/05 22:25:00",MANSLR1,0
D,DISPATCH,UNIT_SCADA,1,"2019/09/05 22:25:00",MCKAY1,0.0750
D,DISPATCH,UNIT_SCADA,1,"2019/09/05 22:25:00",MEADOWBK,33.467180
D,DISPATCH,UNIT_SCADA,1,"2019/09/05 22:25:00",MERCER01,16.3370
D,DISPATCH,UNIT_SCADA,1,"2019/09/05 22:25:00",MEWF1,28.818430
D,DISPATCH,UNIT_SCADA,1,"2019/09/05 22:25:00",MINTARO,0
D,DISPATCH,UNIT_SCADA,1,"2019/09/05 22:25:00",MOREESF1,0
D,DISPATCH,UNIT_SCADA,1,"2019/09/05 22:25:00",MORTLK11,259
D,DISPATCH,UNIT_SCADA,1,"2019/09/05 22:25:00",MORTLK12,0
D,DISPATCH,UNIT_SCADA,1,"2019/09/05 22:25:00",MP1,216.524960
D,DISPATCH,UNIT_SCADA,1,"2019/09/05 22:25:00",MP2,0
D,DISPATCH,UNIT_SCADA,1,"2019/09/05 22:25:00",MPP_1,400
D,DISPATCH,UNIT_SCADA,1,"2019/09/05 22:25:00",MPP_2,436
D,DISPATCH,UNIT_SCADA,1,"2019/09/05 22:25:00",MSTUART1,0
D,DISPATCH,UNIT_SCADA,1,"2019/09/05 22:25:00",MSTUART2,0
D,DISPATCH,UNIT_SCADA,1,"2019/09/05 22:25:00",MSTUART3,0
D,DISPATCH,UNIT_SCADA,1,"2019/09/05 22:25:00",MTGELWF1,-0.758380
D,DISPATCH,UNIT_SCADA,1,"2019/09/05 22:25:00",MURRAY,0
D,DISPATCH,UNIT_SCADA,1,"2019/09/05 22:25:00",MUSSELR1,71
D,DISPATCH,UNIT_SCADA,1,"2019/09/05 22:25:00",MUWAWF1,28.48
D,DISPATCH,UNIT_SCADA,1,"2019/09/05 22:25:00",NBHWF1,103.70
D,DISPATCH,UNIT_SCADA,1,"2019/09/05 22:25:00",NPS,111
D,DISPATCH,UNIT_SCADA,1,"2019/09/05 22:25:00",NUMURSF1,0
D,DISPATCH,UNIT_SCADA,1,"2019/09/05 22:25:00",NYNGAN1,0
D,DISPATCH,UNIT_SCADA,1,"2019/09/05 22:25:00",OAKEY1,0
D,DISPATCH,UNIT_SCADA,1,"2019/09/05 22:25:00",OAKEY1SF,0
D,DISPATCH,UNIT_SCADA,1,"2019/09/05 22:25:00",OAKEY2,0
D,DISPATCH,UNIT_SCADA,1,"2019/09/05 22:25:00",OAKEY2SF,0
D,DISPATCH,UNIT_SCADA,1,"2019/09/05 22:25:00",OAKLAND1,-0.20
D,DISPATCH,UNIT_SCADA,1,"2019/09/05 22:25:00",OSB-AG,0
D,DISPATCH,UNIT_SCADA,1,"2019/09/05 22:25:00",PARSF1,0
D,DISPATCH,UNIT_SCADA,1,"2019/09/05 22:25:00",POAT110,0
D,DISPATCH,UNIT_SCADA,1,"2019/09/05 22:25:00",POAT220,0
D,DISPATCH,UNIT_SCADA,1,"2019/09/05 22:25:00",POR01,0
D,DISPATCH,UNIT_SCADA,1,"2019/09/05 22:25:00",POR03,0
D,DISPATCH,UNIT_SCADA,1,"2019/09/05 22:25:00",PPCCGT,431.256410
D,DISPATCH,UNIT_SCADA,1,"2019/09/05 22:25:00",PTSTAN1,0
D,DISPATCH,UNIT_SCADA,1,"2019/09/05 22:25:00",PUMP1,0
D,DISPATCH,UNIT_SCADA,1,"2019/09/05 22:25:00",PUMP2,0
D,DISPATCH,UNIT_SCADA,1,"2019/09/05 22:25:00",QPS1,29
D,DISPATCH,UNIT_SCADA,1,"2019/09/05 22:25:00",QPS2,0
D,DISPATCH,UNIT_SCADA,1,"2019/09/05 22:25:00",QPS3,0
D,DISPATCH,UNIT_SCADA,1,"2019/09/05 22:25:00",QPS4,0
D,DISPATCH,UNIT_SCADA,1,"2019/09/05 22:25:00",QPS5,0
D,DISPATCH,UNIT_SCADA,1,"2019/09/05 22:25:00",REECE1,117.110010
D,DISPATCH,UNIT_SCADA,1,"2019/09/05 22:25:00",REECE2,114.150010
D,DISPATCH,UNIT_SCADA,1,"2019/09/05 22:25:00",ROMA_7,0
D,DISPATCH,UNIT_SCADA,1,"2019/09/05 22:25:00",ROMA_8,0
D,DISPATCH,UNIT_SCADA,1,"2019/09/05 22:25:00",RRSF1,0
D,DISPATCH,UNIT_SCADA,1,"2019/09/05 22:25:00",RT_NSW1,0
D,DISPATCH,UNIT_SCADA,1,"2019/09/05 22:25:00",RT_NSW2,0
D,DISPATCH,UNIT_SCADA,1,"2019/09/05 22:25:00",RT_NSW3,0
D,DISPATCH,UNIT_SCADA,1,"2019/09/05 22:25:00",RT_NSW4,0
D,DISPATCH,UNIT_SCADA,1,"2019/09/05 22:25:00",RT_NSW5,0
D,DISPATCH,UNIT_SCADA,1,"2019/09/05 22:25:00",RT_NSW6,0
D,DISPATCH,UNIT_SCADA,1,"2019/09/05 22:25:00",RT_QLD1,0
D,DISPATCH,UNIT_SCADA,1,"2019/09/05 22:25:00",RT_SA1,0
D,DISPATCH,UNIT_SCADA,1,"2019/09/05 22:25:00",RT_SA2,0
D,DISPATCH,UNIT_SCADA,1,"2019/09/05 22:25:00",RT_SA3,0
D,DISPATCH,UNIT_SCADA,1,"2019/09/05 22:25:00",RT_SA4,0
D,DISPATCH,UNIT_SCADA,1,"2019/09/05 22:25:00",RT_SA5,0
D,DISPATCH,UNIT_SCADA,1,"2019/09/05 22:25:00",RT_SA6,0
D,DISPATCH,UNIT_SCADA,1,"2019/09/05 22:25:00",RT_TAS1,0
D,DISPATCH,UNIT_SCADA,1,"2019/09/05 22:25:00",RT_VIC1,0
D,DISPATCH,UNIT_SCADA,1,"2019/09/05 22:25:00",RT_VIC10,0
D,DISPATCH,UNIT_SCADA,1,"2019/09/05 22:25:00",RT_VIC11,0
D,DISPATCH,UNIT_SCADA,1,"2019/09/05 22:25:00",RT_VIC12,0
D,DISPATCH,UNIT_SCADA,1,"2019/09/05 22:25:00",RT_VIC2,0
D,DISPATCH,UNIT_SCADA,1,"2019/09/05 22:25:00",RT_VIC3,0
D,DISPATCH,UNIT_SCADA,1,"2019/09/05 22:25:00",RT_VIC4,0
D,DISPATCH,UNIT_SCADA,1,"2019/09/05 22:25:00",RT_VIC5,0
D,DISPATCH,UNIT_SCADA,1,"2019/09/05 22:25:00",RT_VIC6,0
D,DISPATCH,UNIT_SCADA,1,"2019/09/05 22:25:00",RT_VIC7,0
D,DISPATCH,UNIT_SCADA,1,"2019/09/05 22:25:00",RT_VIC8,0
D,DISPATCH,UNIT_SCADA,1,"2019/09/05 22:25:00",RT_VIC9,0
D,DISPATCH,UNIT_SCADA,1,"2019/09/05 22:25:00",RUGBYR1,0
D,DISPATCH,UNIT_SCADA,1,"2019/09/05 22:25:00",SALTCRK1,-0.45
D,DISPATCH,UNIT_SCADA,1,"2019/09/05 22:25:00",SAPHWF1,66.759370
D,DISPATCH,UNIT_SCADA,1,"2019/09/05 22:25:00",SHGEN,0
D,DISPATCH,UNIT_SCADA,1,"2019/09/05 22:25:00",SHPUMP,0
D,DISPATCH,UNIT_SCADA,1,"2019/09/05 22:25:00",SITHE01,0.234240
D,DISPATCH,UNIT_SCADA,1,"2019/09/05 22:25:00",SMCSF1,0
D,DISPATCH,UNIT_SCADA,1,"2019/09/05 22:25:00",SNOWNTH1,134.30
D,DISPATCH,UNIT_SCADA,1,"2019/09/05 22:25:00",SNOWSTH1,109.80
D,DISPATCH,UNIT_SCADA,1,"2019/09/05 22:25:00",SNOWTWN1,97.187150
D,DISPATCH,UNIT_SCADA,1,"2019/09/05 22:25:00",SNOWYP,0
D,DISPATCH,UNIT_SCADA,1,"2019/09/05 22:25:00",SNUG1,0.019440
D,DISPATCH,UNIT_SCADA,1,"2019/09/05 22:25:00",SRSF1,0.22
D,DISPATCH,UNIT_SCADA,1,"2019/09/05 22:25:00",STAN-1,255.6382
D,DISPATCH,UNIT_SCADA,1,"2019/09/05 22:25:00",STAN-2,359.231660
D,DISPATCH,UNIT_SCADA,1,"2019/09/05 22:25:00",STAN-3,367.896480
D,DISPATCH,UNIT_SCADA,1,"2019/09/05 22:25:00",STAN-4,368.319490
D,DISPATCH,UNIT_SCADA,1,"2019/09/05 22:25:00",STWF1,0
D,DISPATCH,UNIT_SCADA,1,"2019/09/05 22:25:00",SWAN_E,0
D,DISPATCH,UNIT_SCADA,1,"2019/09/05 22:25:00",TALWA1,414
D,DISPATCH,UNIT_SCADA,1,"2019/09/05 22:25:00",TARALGA1,24.881240
D,DISPATCH,UNIT_SCADA,1,"2019/09/05 22:25:00",TARONG#1,349.399990
D,DISPATCH,UNIT_SCADA,1,"2019/09/05 22:25:00",TARONG#2,0
D,DISPATCH,UNIT_SCADA,1,"2019/09/05 22:25:00",TARONG#3,349.50
D,DISPATCH,UNIT_SCADA,1,"2019/09/05 22:25:00",TARONG#4,349.300020
D,DISPATCH,UNIT_SCADA,1,"2019/09/05 22:25:00",TARRALEA,73.90
D,DISPATCH,UNIT_SCADA,1,"2019/09/05 22:25:00",TBSF1,-0.20
D,DISPATCH,UNIT_SCADA,1,"2019/09/05 22:25:00",TNPS1,397.600010
D,DISPATCH,UNIT_SCADA,1,"2019/09/05 22:25:00",TORRA1,69.390210
D,DISPATCH,UNIT_SCADA,1,"2019/09/05 22:25:00",TORRA2,0
D,DISPATCH,UNIT_SCADA,1,"2019/09/05 22:25:00",TORRA3,0
D,DISPATCH,UNIT_SCADA,1,"2019/09/05 22:25:00",TORRA4,68.309060
D,DISPATCH,UNIT_SCADA,1,"2019/09/05 22:25:00",TORRB1,101.87
D,DISPATCH,UNIT_SCADA,1,"2019/09/05 22:25:00",TORRB2,107.34
D,DISPATCH,UNIT_SCADA,1,"2019/09/05 22:25:00",TORRB3,103.10
D,DISPATCH,UNIT_SCADA,1,"2019/09/05 22:25:00",TORRB4,0
D,DISPATCH,UNIT_SCADA,1,"2019/09/05 22:25:00",TREVALLN,93.000030
D,DISPATCH,UNIT_SCADA,1,"2019/09/05 22:25:00",TRIBUTE,0
D,DISPATCH,UNIT_SCADA,1,"2019/09/05 22:25:00",TUMUT3,118.719990
D,DISPATCH,UNIT_SCADA,1,"2019/09/05 22:25:00",TUNGATIN,1.80
D,DISPATCH,UNIT_SCADA,1,"2019/09/05 22:25:00",TVCC201,0
D,DISPATCH,UNIT_SCADA,1,"2019/09/05 22:25:00",TVPP104,0
D,DISPATCH,UNIT_SCADA,1,"2019/09/05 22:25:00",UPPTUMUT,402.112980
D,DISPATCH,UNIT_SCADA,1,"2019/09/05 22:25:00",URANQ11,0
D,DISPATCH,UNIT_SCADA,1,"2019/09/05 22:25:00",URANQ12,0
D,DISPATCH,UNIT_SCADA,1,"2019/09/05 22:25:00",URANQ13,0
D,DISPATCH,UNIT_SCADA,1,"2019/09/05 22:25:00",URANQ14,0
D,DISPATCH,UNIT_SCADA,1,"2019/09/05 22:25:00",VP5,406.899960
D,DISPATCH,UNIT_SCADA,1,"2019/09/05 22:25:00",VP6,0
D,DISPATCH,UNIT_SCADA,1,"2019/09/05 22:25:00",VPGS1,0
D,DISPATCH,UNIT_SCADA,1,"2019/09/05 22:25:00",VPGS2,0
D,DISPATCH,UNIT_SCADA,1,"2019/09/05 22:25:00",VPGS3,0
D,DISPATCH,UNIT_SCADA,1,"2019/09/05 22:25:00",VPGS4,0
D,DISPATCH,UNIT_SCADA,1,"2019/09/05 22:25:00",VPGS5,0
D,DISPATCH,UNIT_SCADA,1,"2019/09/05 22:25:00",VPGS6,0
D,DISPATCH,UNIT_SCADA,1,"2019/09/05 22:25:00",W/HOE#1,0
D,DISPATCH,UNIT_SCADA,1,"2019/09/05 22:25:00",W/HOE#2,0
D,DISPATCH,UNIT_SCADA,1,"2019/09/05 22:25:00",WATERLWF,112.60
D,DISPATCH,UNIT_SCADA,1,"2019/09/05 22:25:00",WEMENSF1,0
D,DISPATCH,UNIT_SCADA,1,"2019/09/05 22:25:00",WGWF1,49.50
D,DISPATCH,UNIT_SCADA,1,"2019/09/05 22:25:00",WHITSF1,0
D,DISPATCH,UNIT_SCADA,1,"2019/09/05 22:25:00",WKIEWA1,16.10
D,DISPATCH,UNIT_SCADA,1,"2019/09/05 22:25:00",WKIEWA2,16
D,DISPATCH,UNIT_SCADA,1,"2019/09/05 22:25:00",WOODLWN1,12.717010
D,DISPATCH,UNIT_SCADA,1,"2019/09/05 22:25:00",WRSF1,0
D,DISPATCH,UNIT_SCADA,1,"2019/09/05 22:25:00",WRWF1,17.273750
D,DISPATCH,UNIT_SCADA,1,"2019/09/05 22:25:00",YABULU,160.020020
D,DISPATCH,UNIT_SCADA,1,"2019/09/05 22:25:00",YABULU2,0
D,DISPATCH,UNIT_SCADA,1,"2019/09/05 22:25:00",YARWUN_1,167.17
D,DISPATCH,UNIT_SCADA,1,"2019/09/05 22:25:00",YENDWF1,42.08
D,DISPATCH,UNIT_SCADA,1,"2019/09/05 22:25:00",YWPS1,325.3114
D,DISPATCH,UNIT_SCADA,1,"2019/09/05 22:25:00",YWPS2,275.435460
D,DISPATCH,UNIT_SCADA,1,"2019/09/05 22:25:00",YWPS3,332.854430
D,DISPATCH,UNIT_SCADA,1,"2019/09/05 22:25:00",YWPS4,396.084810
C,"END OF REPORT",335
