C,NEMP.WORLD,DISPATCHSCADA,AEMO,PUBLIC,2019/08/22,05:30:09,0000000311854406,DISPATCHSCADA,0000000311854400
I,DISPATCH,UNIT_SCADA,1,SETTLEMENTDATE,DUID,SCADAVALUE
D,DISPATCH,UNIT_SCADA,1,"2019/08/22 05:35:00",BARCSF1,0.70
D,DISPATCH,UNIT_SCADA,1,"2019/08/22 05:35:00",BUTLERSG,9.699999
D,DISPATCH,UNIT_SCADA,1,"2019/08/22 05:35:00",CALL_A_4,0
D,DISPATCH,UNIT_SCADA,1,"2019/08/22 05:35:00",CAPTL_WF,125.300003
D,DISPATCH,UNIT_SCADA,1,"2019/08/22 05:35:00",CATHROCK,6.63
D,DISPATCH,UNIT_SCADA,1,"2019/08/22 05:35:00",CHALLHWF,44.900002
D,DISPATCH,UNIT_SCADA,1,"2019/08/22 05:35:00",CLOVER,-0.01
D,DISPATCH,UNIT_SCADA,1,"2019/08/22 05:35:00",CLUNY,19.777981
D,DISPATCH,UNIT_SCADA,1,"2019/08/22 05:35:00",CNUNDAWF,40.547302
D,DISPATCH,UNIT_SCADA,1,"2019/08/22 05:35:00",CULLRGWF,30.309999
D,DISPATCH,UNIT_SCADA,1,"2019/08/22 05:35:00",ERGT01,0
D,DISPATCH,UNIT_SCADA,1,"2019/08/22 05:35:00",GB01,0.062233
D,DISPATCH,UNIT_SCADA,1,"2019/08/22 05:35:00",GERMCRK,37.599998
D,DISPATCH,UNIT_SCADA,1,"2019/08/22 05:35:00",GRIFSF1,0
D,DISPATCH,UNIT_SCADA,1,"2019/08/22 05:35:00",HUGSF1,-0.2430
D,DISPATCH,UNIT_SCADA,1,"2019/08/22 05:35:00",LKBONNY1,65.999619
D,DISPATCH,UNIT_SCADA,1,"2019/08/22 05:35:00",LRSF1,0.0390
D,DISPATCH,UNIT_SCADA,1,"2019/08/22 05:35:00",MBAHNTH,55.968750
D,DISPATCH,UNIT_SCADA,1,"2019/08/22 05:35:00",MLSP1,0.271001
D,DISPATCH,UNIT_SCADA,1,"2019/08/22 05:35:00",MLWF1,18.93
D,DISPATCH,UNIT_SCADA,1,"2019/08/22 05:35:00",MTMILLAR,13.401802
D,DISPATCH,UNIT_SCADA,1,"2019/08/22 05:35:00",PALOONA,11.88
D,DISPATCH,UNIT_SCADA,1,"2019/08/22 05:35:00",PIONEER,48.100002
D,DISPATCH,UNIT_SCADA,1,"2019/08/22 05:35:00",PORTWF,107.900002
D,DISPATCH,UNIT_SCADA,1,"2019/08/22 05:35:00",REPULSE,-0.050660
D,DISPATCH,UNIT_SCADA,1,"2019/08/22 05:35:00",ROWALLAN,10.4796
D,DISPATCH,UNIT_SCADA,1,"2019/08/22 05:35:00",ROYALLA1,0
D,DISPATCH,UNIT_SCADA,1,"2019/08/22 05:35:00",RPCG,14.80
D,DISPATCH,UNIT_SCADA,1,"2019/08/22 05:35:00",RUBICON,0
D,DISPATCH,UNIT_SCADA,1,"2019/08/22 05:35:00",SATGN1,0
D,DISPATCH,UNIT_SCADA,1,"2019/08/22 05:35:00",SATGS1,0
D,DISPATCH,UNIT_SCADA,1,"2019/08/22 05:35:00",STARHLWF,1.799475
D,DISPATCH,UNIT_SCADA,1,"2019/08/22 05:35:00",WAUBRAWF,174.927002
D,DISPATCH,UNIT_SCADA,1,"2019/08/22 05:35:00",WOOLNTH1,102.820023
D,DISPATCH,UNIT_SCADA,1,"2019/08/22 05:35:00",WPWF,11
D,DISPATCH,UNIT_SCADA,1,"2019/08/22 05:35:00",YAMBUKWF,28.10
D,DISPATCH,UNIT_SCADA,1,"2019/08/22 05:35:00",YSWF1,27.200001
D,DISPATCH,UNIT_SCADA,1,"2019/08/22 05:35:00",AGLHAL,0
D,DISPATCH,UNIT_SCADA,1,"2019/08/22 05:35:00",AGLSOM,0
D,DISPATCH,UNIT_SCADA,1,"2019/08/22 05:35:00",ANGAST1,0
D,DISPATCH,UNIT_SCADA,1,"2019/08/22 05:35:00",ARWF1,215.399990
D,DISPATCH,UNIT_SCADA,1,"2019/08/22 05:35:00",BALBG1,0
D,DISPATCH,UNIT_SCADA,1,"2019/08/22 05:35:00",BALBL1,0
D,DISPATCH,UNIT_SCADA,1,"2019/08/22 05:35:00",BALDHWF1,95.3560
D,DISPATCH,UNIT_SCADA,1,"2019/08/22 05:35:00",BANN1,0
D,DISPATCH,UNIT_SCADA,1,"2019/08/22 05:35:00",BARCALDN,0
D,DISPATCH,UNIT_SCADA,1,"2019/08/22 05:35:00",BARRON-1,0
D,DISPATCH,UNIT_SCADA,1,"2019/08/22 05:35:00",BARRON-2,26.04
D,DISPATCH,UNIT_SCADA,1,"2019/08/22 05:35:00",BASTYAN,78.55
D,DISPATCH,UNIT_SCADA,1,"2019/08/22 05:35:00",BBTHREE1,-1.83
D,DISPATCH,UNIT_SCADA,1,"2019/08/22 05:35:00",BBTHREE2,-1.86
D,DISPATCH,UNIT_SCADA,1,"2019/08/22 05:35:00",BBTHREE3,0
D,DISPATCH,UNIT_SCADA,1,"2019/08/22 05:35:00",BDL01,0
D,DISPATCH,UNIT_SCADA,1,"2019/08/22 05:35:00",BDL02,0
D,DISPATCH,UNIT_SCADA,1,"2019/08/22 05:35:00",BERYLSF1,0
D,DISPATCH,UNIT_SCADA,1,"2019/08/22 05:35:00",BLOWERNG,0
D,DISPATCH,UNIT_SCADA,1,"2019/08/22 05:35:00",BLUFF1,27.80
D,DISPATCH,UNIT_SCADA,1,"2019/08/22 05:35:00",BNGSF1,0
D,DISPATCH,UNIT_SCADA,1,"2019/08/22 05:35:00",BNGSF2,0
D,DISPATCH,UNIT_SCADA,1,"2019/08/22 05:35:00",BOCORWF1,106.68
D,DISPATCH,UNIT_SCADA,1,"2019/08/22 05:35:00",BODWF1,107.782730
D,DISPATCH,UNIT_SCADA,1,"2019/08/22 05:35:00",BRAEMAR1,0
D,DISPATCH,UNIT_SCADA,1,"2019/08/22 05:35:00",BRAEMAR2,0
D,DISPATCH,UNIT_SCADA,1,"2019/08/22 05:35:00",BRAEMAR3,0
D,DISPATCH,UNIT_SCADA,1,"2019/08/22 05:35:00",BRAEMAR5,0
D,DISPATCH,UNIT_SCADA,1,"2019/08/22 05:35:00",BRAEMAR6,0
D,DISPATCH,UNIT_SCADA,1,"2019/08/22 05:35:00",BRAEMAR7,0
D,DISPATCH,UNIT_SCADA,1,"2019/08/22 05:35:00",BROKENH1,0
D,DISPATCH,UNIT_SCADA,1,"2019/08/22 05:35:00",BW01,414.349980
D,DISPATCH,UNIT_SCADA,1,"2019/08/22 05:35:00",BW02,502.525020
D,DISPATCH,UNIT_SCADA,1,"2019/08/22 05:35:00",BW03,511.699950
D,DISPATCH,UNIT_SCADA,1,"2019/08/22 05:35:00",BW04,0
D,DISPATCH,UNIT_SCADA,1,"2019/08/22 05:35:00",CALL_B_1,349.50
D,DISPATCH,UNIT_SCADA,1,"2019/08/22 05:35:00",CALL_B_2,290.100010
D,DISPATCH,UNIT_SCADA,1,"2019/08/22 05:35:00",CETHANA,97.645620
D,DISPATCH,UNIT_SCADA,1,"2019/08/22 05:35:00",CG1,0
D,DISPATCH,UNIT_SCADA,1,"2019/08/22 05:35:00",CG2,0
D,DISPATCH,UNIT_SCADA,1,"2019/08/22 05:35:00",CG3,0
D,DISPATCH,UNIT_SCADA,1,"2019/08/22 05:35:00",CG4,0
D,DISPATCH,UNIT_SCADA,1,"2019/08/22 05:35:00",CHILDSF1,0.01
D,DISPATCH,UNIT_SCADA,1,"2019/08/22 05:35:00",CLARESF1,0
D,DISPATCH,UNIT_SCADA,1,"2019/08/22 05:35:00",CLEMGPWF,9.652690
D,DISPATCH,UNIT_SCADA,1,"2019/08/22 05:35:00",CLERMSF1,0
D,DISPATCH,UNIT_SCADA,1,"2019/08/22 05:35:00",COLEASF1,0
D,DISPATCH,UNIT_SCADA,1,"2019/08/22 05:35:00",COOPGWF1,34.918220
D,DISPATCH,UNIT_SCADA,1,"2019/08/22 05:35:00",CPP_3,405.350010
D,DISPATCH,UNIT_SCADA,1,"2019/08/22 05:35:00",CPP_4,405.075010
D,DISPATCH,UNIT_SCADA,1,"2019/08/22 05:35:00",CPSA,142.961260
D,DISPATCH,UNIT_SCADA,1,"2019/08/22 05:35:00",CROOKWF2,62.393750
D,DISPATCH,UNIT_SCADA,1,"2019/08/22 05:35:00",CROWLWF1,47.5095
D,DISPATCH,UNIT_SCADA,1,"2019/08/22 05:35:00",CSPVPS1,0.0430
D,DISPATCH,UNIT_SCADA,1,"2019/08/22 05:35:00",DALNTH01,0
D,DISPATCH,UNIT_SCADA,1,"2019/08/22 05:35:00",DALNTHL1,0.068670
D,DISPATCH,UNIT_SCADA,1,"2019/08/22 05:35:00",DARTM1,0
D,DISPATCH,UNIT_SCADA,1,"2019/08/22 05:35:00",DAYDSF1,0
D,DISPATCH,UNIT_SCADA,1,"2019/08/22 05:35:00",DDPS1,0
D,DISPATCH,UNIT_SCADA,1,"2019/08/22 05:35:00",DDSF1,0
D,DISPATCH,UNIT_SCADA,1,"2019/08/22 05:35:00",DEVILS_G,0
D,DISPATCH,UNIT_SCADA,1,"2019/08/22 05:35:00",DG_NSW1,0
D,DISPATCH,UNIT_SCADA,1,"2019/08/22 05:35:00",DG_QLD1,0
D,DISPATCH,UNIT_SCADA,1,"2019/08/22 05:35:00",DG_SA1,0
D,DISPATCH,UNIT_SCADA,1,"2019/08/22 05:35:00",DG_TAS1,0
D,DISPATCH,UNIT_SCADA,1,"2019/08/22 05:35:00",DG_VIC1,0
D,DISPATCH,UNIT_SCADA,1,"2019/08/22 05:35:00",DRYCGT1,0
D,DISPATCH,UNIT_SCADA,1,"2019/08/22 05:35:00",DRYCGT2,0
D,DISPATCH,UNIT_SCADA,1,"2019/08/22 05:35:00",DRYCGT3,0
D,DISPATCH,UNIT_SCADA,1,"2019/08/22 05:35:00",EILDON1,0
D,DISPATCH,UNIT_SCADA,1,"2019/08/22 05:35:00",EILDON2,0
D,DISPATCH,UNIT_SCADA,1,"2019/08/22 05:35:00",EMERASF1,0
D,DISPATCH,UNIT_SCADA,1,"2019/08/22 05:35:00",ER01,512.724980
D,DISPATCH,UNIT_SCADA,1,"2019/08/22 05:35:00",ER02,471.224980
D,DISPATCH,UNIT_SCADA,1,"2019/08/22 05:35:00",ER03,454.650020
D,DISPATCH,UNIT_SCADA,1,"2019/08/22 05:35:00",ER04,514.074950
D,DISPATCH,UNIT_SCADA,1,"2019/08/22 05:35:00",FINLYSF1,0
D,DISPATCH,UNIT_SCADA,1,"2019/08/22 05:35:00",FISHER,46.01
D,DISPATCH,UNIT_SCADA,1,"2019/08/22 05:35:00",GANNBG1,0
D,DISPATCH,UNIT_SCADA,1,"2019/08/22 05:35:00",GANNBL1,10.011290
D,DISPATCH,UNIT_SCADA,1,"2019/08/22 05:35:00",GANNSF1,0
D,DISPATCH,UNIT_SCADA,1,"2019/08/22 05:35:00",GORDON,12.691280
D,DISPATCH,UNIT_SCADA,1,"2019/08/22 05:35:00",GSTONE1,135.099990
D,DISPATCH,UNIT_SCADA,1,"2019/08/22 05:35:00",GSTONE2,139.1250
D,DISPATCH,UNIT_SCADA,1,"2019/08/22 05:35:00",GSTONE3,141.5750
D,DISPATCH,UNIT_SCADA,1,"2019/08/22 05:35:00",GSTONE4,139.8250
D,DISPATCH,UNIT_SCADA,1,"2019/08/22 05:35:00",GSTONE5,139.8250
D,DISPATCH,UNIT_SCADA,1,"2019/08/22 05:35:00",GSTONE6,0
D,DISPATCH,UNIT_SCADA,1,"2019/08/22 05:35:00",GULLRSF1,0
D,DISPATCH,UNIT_SCADA,1,"2019/08/22 05:35:00",GULLRWF1,153.595340
D,DISPATCH,UNIT_SCADA,1,"2019/08/22 05:35:00",GUNNING1,46.564280
D,DISPATCH,UNIT_SCADA,1,"2019/08/22 05:35:00",GUTHEGA,0
D,DISPATCH,UNIT_SCADA,1,"2019/08/22 05:35:00",HALLWF1,81.91
D,DISPATCH,UNIT_SCADA,1,"2019/08/22 05:35:00",HALLWF2,59.54
D,DISPATCH,UNIT_SCADA,1,"2019/08/22 05:35:00",HAMISF1,0
D,DISPATCH,UNIT_SCADA,1,"2019/08/22 05:35:00",HAUGHT11,0
D,DISPATCH,UNIT_SCADA,1,"2019/08/22 05:35:00",HAYMSF1,0
D,DISPATCH,UNIT_SCADA,1,"2019/08/22 05:35:00",HDWF1,56.20
D,DISPATCH,UNIT_SCADA,1,"2019/08/22 05:35:00",HDWF2,50.20
D,DISPATCH,UNIT_SCADA,1,"2019/08/22 05:35:00",HDWF3,55.70
D,DISPATCH,UNIT_SCADA,1,"2019/08/22 05:35:00",HPRG1,4.50
D,DISPATCH,UNIT_SCADA,1,"2019/08/22 05:35:00",HPRL1,0
D,DISPATCH,UNIT_SCADA,1,"2019/08/22 05:35:00",HUMENSW,0
D,DISPATCH,UNIT_SCADA,1,"2019/08/22 05:35:00",HUMEV,10.40
D,DISPATCH,UNIT_SCADA,1,"2019/08/22 05:35:00",HVGTS,0
D,DISPATCH,UNIT_SCADA,1,"2019/08/22 05:35:00",JBUTTERS,137.39
D,DISPATCH,UNIT_SCADA,1,"2019/08/22 05:35:00",JLA01,0.50
D,DISPATCH,UNIT_SCADA,1,"2019/08/22 05:35:00",JLA02,0
D,DISPATCH,UNIT_SCADA,1,"2019/08/22 05:35:00",JLA03,0.10
D,DISPATCH,UNIT_SCADA,1,"2019/08/22 05:35:00",JLA04,0.10
D,DISPATCH,UNIT_SCADA,1,"2019/08/22 05:35:00",JLB01,0
D,DISPATCH,UNIT_SCADA,1,"2019/08/22 05:35:00",JLB02,0.10
D,DISPATCH,UNIT_SCADA,1,"2019/08/22 05:35:00",JLB03,0
D,DISPATCH,UNIT_SCADA,1,"2019/08/22 05:35:00",KAREEYA1,21.4275
D,DISPATCH,UNIT_SCADA,1,"2019/08/22 05:35:00",KAREEYA2,21.63
D,DISPATCH,UNIT_SCADA,1,"2019/08/22 05:35:00",KAREEYA3,0
D,DISPATCH,UNIT_SCADA,1,"2019/08/22 05:35:00",KAREEYA4,21.6975
D,DISPATCH,UNIT_SCADA,1,"2019/08/22 05:35:00",KARSF1,0
D,DISPATCH,UNIT_SCADA,1,"2019/08/22 05:35:00",KIATAWF1,30.50
D,DISPATCH,UNIT_SCADA,1,"2019/08/22 05:35:00",KPP_1,0
D,DISPATCH,UNIT_SCADA,1,"2019/08/22 05:35:00",KSP1,0
D,DISPATCH,UNIT_SCADA,1,"2019/08/22 05:35:00",LADBROK1,0
D,DISPATCH,UNIT_SCADA,1,"2019/08/22 05:35:00",LADBROK2,0
D,DISPATCH,UNIT_SCADA,1,"2019/08/22 05:35:00",LD01,348.9375
D,DISPATCH,UNIT_SCADA,1,"2019/08/22 05:35:00",LD02,297.731320
D,DISPATCH,UNIT_SCADA,1,"2019/08/22 05:35:00",LD03,320.137480
D,DISPATCH,UNIT_SCADA,1,"2019/08/22 05:35:00",LD04,349.912450
D,DISPATCH,UNIT_SCADA,1,"2019/08/22 05:35:00",LEM_WIL,86.275450
D,DISPATCH,UNIT_SCADA,1,"2019/08/22 05:35:00",LGAPWF1,7.09
D,DISPATCH,UNIT_SCADA,1,"2019/08/22 05:35:00",LILYSF1,0
D,DISPATCH,UNIT_SCADA,1,"2019/08/22 05:35:00",LI_WY_CA,149.0320
D,DISPATCH,UNIT_SCADA,1,"2019/08/22 05:35:00",LKBONNY2,146.851640
D,DISPATCH,UNIT_SCADA,1,"2019/08/22 05:35:00",LKBONNY3,34.609650
D,DISPATCH,UNIT_SCADA,1,"2019/08/22 05:35:00",LK_ECHO,0
D,DISPATCH,UNIT_SCADA,1,"2019/08/22 05:35:00",LNGS1,0
D,DISPATCH,UNIT_SCADA,1,"2019/08/22 05:35:00",LNGS2,0
D,DISPATCH,UNIT_SCADA,1,"2019/08/22 05:35:00",LONSDALE,0
D,DISPATCH,UNIT_SCADA,1,"2019/08/22 05:35:00",LOYYB1,536.840520
D,DISPATCH,UNIT_SCADA,1,"2019/08/22 05:35:00",LOYYB2,582.330380
D,DISPATCH,UNIT_SCADA,1,"2019/08/22 05:35:00",LYA1,559
D,DISPATCH,UNIT_SCADA,1,"2019/08/22 05:35:00",LYA2,0
D,DISPATCH,UNIT_SCADA,1,"2019/08/22 05:35:00",LYA3,559
D,DISPATCH,UNIT_SCADA,1,"2019/08/22 05:35:00",LYA4,529
D,DISPATCH,UNIT_SCADA,1,"2019/08/22 05:35:00",MACARTH1,268.4938
D,DISPATCH,UNIT_SCADA,1,"2019/08/22 05:35:00",MACKAYGT,0
D,DISPATCH,UNIT_SCADA,1,"2019/08/22 05:35:00",MACKNTSH,86.820010
D,DISPATCH,UNIT_SCADA,1,"2019/08/22 05:35:00",MANSLR1,0
D,DISPATCH,UNIT_SCADA,1,"2019/08/22 05:35:00",MCKAY1,0.02
D,DISPATCH,UNIT_SCADA,1,"2019/08/22 05:35:00",MEADOWBK,34.210260
D,DISPATCH,UNIT_SCADA,1,"2019/08/22 05:35:00",MERCER01,94.06
D,DISPATCH,UNIT_SCADA,1,"2019/08/22 05:35:00",MEWF1,64.342020
D,DISPATCH,UNIT_SCADA,1,"2019/08/22 05:35:00",MINTARO,0
D,DISPATCH,UNIT_SCADA,1,"2019/08/22 05:35:00",MOREESF1,0
D,DISPATCH,UNIT_SCADA,1,"2019/08/22 05:35:00",MORTLK11,0
D,DISPATCH,UNIT_SCADA,1,"2019/08/22 05:35:00",MORTLK12,0
D,DISPATCH,UNIT_SCADA,1,"2019/08/22 05:35:00",MP1,277.200070
D,DISPATCH,UNIT_SCADA,1,"2019/08/22 05:35:00",MP2,0
D,DISPATCH,UNIT_SCADA,1,"2019/08/22 05:35:00",MPP_1,417
D,DISPATCH,UNIT_SCADA,1,"2019/08/22 05:35:00",MPP_2,420.75
D,DISPATCH,UNIT_SCADA,1,"2019/08/22 05:35:00",MSTUART1,0
D,DISPATCH,UNIT_SCADA,1,"2019/08/22 05:35:00",MSTUART2,0
D,DISPATCH,UNIT_SCADA,1,"2019/08/22 05:35:00",MSTUART3,0
D,DISPATCH,UNIT_SCADA,1,"2019/08/22 05:35:00",MTGELWF1,64.398640
D,DISPATCH,UNIT_SCADA,1,"2019/08/22 05:35:00",MURRAY,0
D,DISPATCH,UNIT_SCADA,1,"2019/08/22 05:35:00",MUSSELR1,133.299990
D,DISPATCH,UNIT_SCADA,1,"2019/08/22 05:35:00",MUWAWF1,53.10
D,DISPATCH,UNIT_SCADA,1,"2019/08/22 05:35:00",NBHWF1,92.50
D,DISPATCH,UNIT_SCADA,1,"2019/08/22 05:35:00",NPS,0
D,DISPATCH,UNIT_SCADA,1,"2019/08/22 05:35:00",NUMURSF1,0
D,DISPATCH,UNIT_SCADA,1,"2019/08/22 05:35:00",NYNGAN1,0
D,DISPATCH,UNIT_SCADA,1,"2019/08/22 05:35:00",OAKEY1,0
D,DISPATCH,UNIT_SCADA,1,"2019/08/22 05:35:00",OAKEY1SF,0
D,DISPATCH,UNIT_SCADA,1,"2019/08/22 05:35:00",OAKEY2,0
D,DISPATCH,UNIT_SCADA,1,"2019/08/22 05:35:00",OAKLAND1,58.50
D,DISPATCH,UNIT_SCADA,1,"2019/08/22 05:35:00",OSB-AG,0
D,DISPATCH,UNIT_SCADA,1,"2019/08/22 05:35:00",PARSF1,0
D,DISPATCH,UNIT_SCADA,1,"2019/08/22 05:35:00",POAT110,0
D,DISPATCH,UNIT_SCADA,1,"2019/08/22 05:35:00",POAT220,2.51
D,DISPATCH,UNIT_SCADA,1,"2019/08/22 05:35:00",POR01,0
D,DISPATCH,UNIT_SCADA,1,"2019/08/22 05:35:00",POR03,0
D,DISPATCH,UNIT_SCADA,1,"2019/08/22 05:35:00",PPCCGT,172.8811
D,DISPATCH,UNIT_SCADA,1,"2019/08/22 05:35:00",PTSTAN1,0
D,DISPATCH,UNIT_SCADA,1,"2019/08/22 05:35:00",PUMP1,0
D,DISPATCH,UNIT_SCADA,1,"2019/08/22 05:35:00",PUMP2,0
D,DISPATCH,UNIT_SCADA,1,"2019/08/22 05:35:00",QPS1,0
D,DISPATCH,UNIT_SCADA,1,"2019/08/22 05:35:00",QPS2,0
D,DISPATCH,UNIT_SCADA,1,"2019/08/22 05:35:00",QPS3,0
D,DISPATCH,UNIT_SCADA,1,"2019/08/22 05:35:00",QPS4,0
D,DISPATCH,UNIT_SCADA,1,"2019/08/22 05:35:00",QPS5,0
D,DISPATCH,UNIT_SCADA,1,"2019/08/22 05:35:00",REECE1,118.480010
D,DISPATCH,UNIT_SCADA,1,"2019/08/22 05:35:00",REECE2,119.310010
D,DISPATCH,UNIT_SCADA,1,"2019/08/22 05:35:00",ROMA_7,0
D,DISPATCH,UNIT_SCADA,1,"2019/08/22 05:35:00",ROMA_8,0
D,DISPATCH,UNIT_SCADA,1,"2019/08/22 05:35:00",RRSF1,0
D,DISPATCH,UNIT_SCADA,1,"2019/08/22 05:35:00",RT_NSW1,0
D,DISPATCH,UNIT_SCADA,1,"2019/08/22 05:35:00",RT_NSW2,0
D,DISPATCH,UNIT_SCADA,1,"2019/08/22 05:35:00",RT_NSW3,0
D,DISPATCH,UNIT_SCADA,1,"2019/08/22 05:35:00",RT_NSW4,0
D,DISPATCH,UNIT_SCADA,1,"2019/08/22 05:35:00",RT_NSW5,0
D,DISPATCH,UNIT_SCADA,1,"2019/08/22 05:35:00",RT_NSW6,0
D,DISPATCH,UNIT_SCADA,1,"2019/08/22 05:35:00",RT_QLD1,0
D,DISPATCH,UNIT_SCADA,1,"2019/08/22 05:35:00",RT_SA1,0
D,DISPATCH,UNIT_SCADA,1,"2019/08/22 05:35:00",RT_SA2,0
D,DISPATCH,UNIT_SCADA,1,"2019/08/22 05:35:00",RT_SA3,0
D,DISPATCH,UNIT_SCADA,1,"2019/08/22 05:35:00",RT_SA4,0
D,DISPATCH,UNIT_SCADA,1,"2019/08/22 05:35:00",RT_SA5,0
D,DISPATCH,UNIT_SCADA,1,"2019/08/22 05:35:00",RT_SA6,0
D,DISPATCH,UNIT_SCADA,1,"2019/08/22 05:35:00",RT_TAS1,0
D,DISPATCH,UNIT_SCADA,1,"2019/08/22 05:35:00",RT_VIC1,0
D,DISPATCH,UNIT_SCADA,1,"2019/08/22 05:35:00",RT_VIC10,0
D,DISPATCH,UNIT_SCADA,1,"2019/08/22 05:35:00",RT_VIC11,0
D,DISPATCH,UNIT_SCADA,1,"2019/08/22 05:35:00",RT_VIC12,0
D,DISPATCH,UNIT_SCADA,1,"2019/08/22 05:35:00",RT_VIC2,0
D,DISPATCH,UNIT_SCADA,1,"2019/08/22 05:35:00",RT_VIC3,0
D,DISPATCH,UNIT_SCADA,1,"2019/08/22 05:35:00",RT_VIC4,0
D,DISPATCH,UNIT_SCADA,1,"2019/08/22 05:35:00",RT_VIC5,0
D,DISPATCH,UNIT_SCADA,1,"2019/08/22 05:35:00",RT_VIC6,0
D,DISPATCH,UNIT_SCADA,1,"2019/08/22 05:35:00",RT_VIC7,0
D,DISPATCH,UNIT_SCADA,1,"2019/08/22 05:35:00",RT_VIC8,0
D,DISPATCH,UNIT_SCADA,1,"2019/08/22 05:35:00",RT_VIC9,0
D,DISPATCH,UNIT_SCADA,1,"2019/08/22 05:35:00",RUGBYR1,0
D,DISPATCH,UNIT_SCADA,1,"2019/08/22 05:35:00",SALTCRK1,50.30
D,DISPATCH,UNIT_SCADA,1,"2019/08/22 05:35:00",SAPHWF1,248.615660
D,DISPATCH,UNIT_SCADA,1,"2019/08/22 05:35:00",SHGEN,0
D,DISPATCH,UNIT_SCADA,1,"2019/08/22 05:35:00",SHPUMP,123.260940
D,DISPATCH,UNIT_SCADA,1,"2019/08/22 05:35:00",SITHE01,0.043330
D,DISPATCH,UNIT_SCADA,1,"2019/08/22 05:35:00",SMCSF1,0
D,DISPATCH,UNIT_SCADA,1,"2019/08/22 05:35:00",SNOWNTH1,20.60
D,DISPATCH,UNIT_SCADA,1,"2019/08/22 05:35:00",SNOWSTH1,25.20
D,DISPATCH,UNIT_SCADA,1,"2019/08/22 05:35:00",SNOWTWN1,15.476330
D,DISPATCH,UNIT_SCADA,1,"2019/08/22 05:35:00",SNOWYP,191.600010
D,DISPATCH,UNIT_SCADA,1,"2019/08/22 05:35:00",SNUG1,0.019440
D,DISPATCH,UNIT_SCADA,1,"2019/08/22 05:35:00",SRSF1,0.44
D,DISPATCH,UNIT_SCADA,1,"2019/08/22 05:35:00",STAN-1,0
D,DISPATCH,UNIT_SCADA,1,"2019/08/22 05:35:00",STAN-2,181.269330
D,DISPATCH,UNIT_SCADA,1,"2019/08/22 05:35:00",STAN-3,219.4920
D,DISPATCH,UNIT_SCADA,1,"2019/08/22 05:35:00",STAN-4,190.946760
D,DISPATCH,UNIT_SCADA,1,"2019/08/22 05:35:00",STWF1,174.555010
D,DISPATCH,UNIT_SCADA,1,"2019/08/22 05:35:00",SWAN_E,0
D,DISPATCH,UNIT_SCADA,1,"2019/08/22 05:35:00",TALWA1,301
D,DISPATCH,UNIT_SCADA,1,"2019/08/22 05:35:00",TARALGA1,90.843750
D,DISPATCH,UNIT_SCADA,1,"2019/08/22 05:35:00",TARONG#1,280.50
D,DISPATCH,UNIT_SCADA,1,"2019/08/22 05:35:00",TARONG#2,230.400010
D,DISPATCH,UNIT_SCADA,1,"2019/08/22 05:35:00",TARONG#3,260.100010
D,DISPATCH,UNIT_SCADA,1,"2019/08/22 05:35:00",TARONG#4,280.200010
D,DISPATCH,UNIT_SCADA,1,"2019/08/22 05:35:00",TARRALEA,83.90
D,DISPATCH,UNIT_SCADA,1,"2019/08/22 05:35:00",TBSF1,-0.20
D,DISPATCH,UNIT_SCADA,1,"2019/08/22 05:35:00",TNPS1,220.000020
D,DISPATCH,UNIT_SCADA,1,"2019/08/22 05:35:00",TORRA1,40.205230
D,DISPATCH,UNIT_SCADA,1,"2019/08/22 05:35:00",TORRA2,0
D,DISPATCH,UNIT_SCADA,1,"2019/08/22 05:35:00",TORRA3,15
D,DISPATCH,UNIT_SCADA,1,"2019/08/22 05:35:00",TORRA4,0
D,DISPATCH,UNIT_SCADA,1,"2019/08/22 05:35:00",TORRB1,39.30
D,DISPATCH,UNIT_SCADA,1,"2019/08/22 05:35:00",TORRB2,40.04
D,DISPATCH,UNIT_SCADA,1,"2019/08/22 05:35:00",TORRB3,0
D,DISPATCH,UNIT_SCADA,1,"2019/08/22 05:35:00",TORRB4,0
D,DISPATCH,UNIT_SCADA,1,"2019/08/22 05:35:00",TREVALLN,0.90
D,DISPATCH,UNIT_SCADA,1,"2019/08/22 05:35:00",TRIBUTE,85.22
D,DISPATCH,UNIT_SCADA,1,"2019/08/22 05:35:00",TUMUT3,0
D,DISPATCH,UNIT_SCADA,1,"2019/08/22 05:35:00",TUNGATIN,8.60
D,DISPATCH,UNIT_SCADA,1,"2019/08/22 05:35:00",TVCC201,0
D,DISPATCH,UNIT_SCADA,1,"2019/08/22 05:35:00",TVPP104,0
D,DISPATCH,UNIT_SCADA,1,"2019/08/22 05:35:00",UPPTUMUT,0
D,DISPATCH,UNIT_SCADA,1,"2019/08/22 05:35:00",URANQ11,0
D,DISPATCH,UNIT_SCADA,1,"2019/08/22 05:35:00",URANQ12,0
D,DISPATCH,UNIT_SCADA,1,"2019/08/22 05:35:00",URANQ13,0
D,DISPATCH,UNIT_SCADA,1,"2019/08/22 05:35:00",URANQ14,0
D,DISPATCH,UNIT_SCADA,1,"2019/08/22 05:35:00",VP5,379.800020
D,DISPATCH,UNIT_SCADA,1,"2019/08/22 05:35:00",VP6,354.299990
D,DISPATCH,UNIT_SCADA,1,"2019/08/22 05:35:00",VPGS1,0
D,DISPATCH,UNIT_SCADA,1,"2019/08/22 05:35:00",VPGS2,0
D,DISPATCH,UNIT_SCADA,1,"2019/08/22 05:35:00",VPGS3,0
D,DISPATCH,UNIT_SCADA,1,"2019/08/22 05:35:00",VPGS4,0
D,DISPATCH,UNIT_SCADA,1,"2019/08/22 05:35:00",VPGS5,0
D,DISPATCH,UNIT_SCADA,1,"2019/08/22 05:35:00",VPGS6,0
D,DISPATCH,UNIT_SCADA,1,"2019/08/22 05:35:00",W/HOE#1,0
D,DISPATCH,UNIT_SCADA,1,"2019/08/22 05:35:00",W/HOE#2,0
D,DISPATCH,UNIT_SCADA,1,"2019/08/22 05:35:00",WATERLWF,111.10
D,DISPATCH,UNIT_SCADA,1,"2019/08/22 05:35:00",WEMENSF1,0
D,DISPATCH,UNIT_SCADA,1,"2019/08/22 05:35:00",WGWF1,94.20
D,DISPATCH,UNIT_SCADA,1,"2019/08/22 05:35:00",WHITSF1,0
D,DISPATCH,UNIT_SCADA,1,"2019/08/22 05:35:00",WKIEWA1,0
D,DISPATCH,UNIT_SCADA,1,"2019/08/22 05:35:00",WKIEWA2,15
D,DISPATCH,UNIT_SCADA,1,"2019/08/22 05:35:00",WOODLWN1,40.940990
D,DISPATCH,UNIT_SCADA,1,"2019/08/22 05:35:00",WRSF1,0
D,DISPATCH,UNIT_SCADA,1,"2019/08/22 05:35:00",WRWF1,163.873750
D,DISPATCH,UNIT_SCADA,1,"2019/08/22 05:35:00",YABULU,0
D,DISPATCH,UNIT_SCADA,1,"2019/08/22 05:35:00",YABULU2,0
D,DISPATCH,UNIT_SCADA,1,"2019/08/22 05:35:00",YARWUN_1,0
D,DISPATCH,UNIT_SCADA,1,"2019/08/22 05:35:00",YENDWF1,42.05
D,DISPATCH,UNIT_SCADA,1,"2019/08/22 05:35:00",YWPS1,299.496220
D,DISPATCH,UNIT_SCADA,1,"2019/08/22 05:35:00",YWPS2,278.693660
D,DISPATCH,UNIT_SCADA,1,"2019/08/22 05:35:00",YWPS3,0
D,DISPATCH,UNIT_SCADA,1,"2019/08/22 05:35:00",YWPS4,396.649350
C,"END OF REPORT",334
