C,NEMP.WORLD,DISPATCHSCADA,AEMO,PUBLIC,2019/09/05,17:15:08,0000000312430475,DISPATCHSCADA,0000000312430469
I,DISPATCH,UNIT_SCADA,1,SETTLEMENTDATE,DUID,SCADAVALUE
D,DISPATCH,UNIT_SCADA,1,"2019/09/05 17:20:00",BARCSF1,4.80
D,DISPATCH,UNIT_SCADA,1,"2019/09/05 17:20:00",BUTLERSG,10.199999
D,DISPATCH,UNIT_SCADA,1,"2019/09/05 17:20:00",CALL_A_4,0
D,DISPATCH,UNIT_SCADA,1,"2019/09/05 17:20:00",CAPTL_WF,0
D,DISPATCH,UNIT_SCADA,1,"2019/09/05 17:20:00",CATHROCK,33.689999
D,DISPATCH,UNIT_SCADA,1,"2019/09/05 17:20:00",CHALLHWF,9.90
D,DISPATCH,UNIT_SCADA,1,"2019/09/05 17:20:00",CLOVER,-0.01
D,DISPATCH,UNIT_SCADA,1,"2019/09/05 17:20:00",CLUNY,18.040283
D,DISPATCH,UNIT_SCADA,1,"2019/09/05 17:20:00",CNUNDAWF,18.021023
D,DISPATCH,UNIT_SCADA,1,"2019/09/05 17:20:00",CULLRGWF,-0.08
D,DISPATCH,UNIT_SCADA,1,"2019/09/05 17:20:00",ERGT01,0
D,DISPATCH,UNIT_SCADA,1,"2019/09/05 17:20:00",GB01,0.008808
D,DISPATCH,UNIT_SCADA,1,"2019/09/05 17:20:00",GERMCRK,36.099998
D,DISPATCH,UNIT_SCADA,1,"2019/09/05 17:20:00",GRIFSF1,7.296875
D,DISPATCH,UNIT_SCADA,1,"2019/09/05 17:20:00",HUGSF1,4.1770
D,DISPATCH,UNIT_SCADA,1,"2019/09/05 17:20:00",LKBONNY1,24.738693
D,DISPATCH,UNIT_SCADA,1,"2019/09/05 17:20:00",LRSF1,6.677001
D,DISPATCH,UNIT_SCADA,1,"2019/09/05 17:20:00",MBAHNTH,48.300003
D,DISPATCH,UNIT_SCADA,1,"2019/09/05 17:20:00",MLSP1,0.460001
D,DISPATCH,UNIT_SCADA,1,"2019/09/05 17:20:00",MLWF1,2.46
D,DISPATCH,UNIT_SCADA,1,"2019/09/05 17:20:00",MTMILLAR,36.923786
D,DISPATCH,UNIT_SCADA,1,"2019/09/05 17:20:00",PALOONA,25.599998
D,DISPATCH,UNIT_SCADA,1,"2019/09/05 17:20:00",PIONEER,26.700001
D,DISPATCH,UNIT_SCADA,1,"2019/09/05 17:20:00",PORTWF,50.599998
D,DISPATCH,UNIT_SCADA,1,"2019/09/05 17:20:00",REPULSE,28.599680
D,DISPATCH,UNIT_SCADA,1,"2019/09/05 17:20:00",ROWALLAN,10.2950
D,DISPATCH,UNIT_SCADA,1,"2019/09/05 17:20:00",ROYALLA1,0.9120
D,DISPATCH,UNIT_SCADA,1,"2019/09/05 17:20:00",RPCG,10.30
D,DISPATCH,UNIT_SCADA,1,"2019/09/05 17:20:00",RUBICON,0
D,DISPATCH,UNIT_SCADA,1,"2019/09/05 17:20:00",SATGN1,0
D,DISPATCH,UNIT_SCADA,1,"2019/09/05 17:20:00",SATGS1,0
D,DISPATCH,UNIT_SCADA,1,"2019/09/05 17:20:00",STARHLWF,28.791605
D,DISPATCH,UNIT_SCADA,1,"2019/09/05 17:20:00",WAUBRAWF,79.365997
D,DISPATCH,UNIT_SCADA,1,"2019/09/05 17:20:00",WOOLNTH1,66.110016
D,DISPATCH,UNIT_SCADA,1,"2019/09/05 17:20:00",WPWF,70
D,DISPATCH,UNIT_SCADA,1,"2019/09/05 17:20:00",YAMBUKWF,12.40
D,DISPATCH,UNIT_SCADA,1,"2019/09/05 17:20:00",YSWF1,0.70
D,DISPATCH,UNIT_SCADA,1,"2019/09/05 17:20:00",AGLHAL,0
D,DISPATCH,UNIT_SCADA,1,"2019/09/05 17:20:00",AGLSOM,-0.30
D,DISPATCH,UNIT_SCADA,1,"2019/09/05 17:20:00",ANGAST1,0
D,DISPATCH,UNIT_SCADA,1,"2019/09/05 17:20:00",ARWF1,38.20
D,DISPATCH,UNIT_SCADA,1,"2019/09/05 17:20:00",BALBG1,1.40
D,DISPATCH,UNIT_SCADA,1,"2019/09/05 17:20:00",BALBL1,0
D,DISPATCH,UNIT_SCADA,1,"2019/09/05 17:20:00",BALDHWF1,77.5110
D,DISPATCH,UNIT_SCADA,1,"2019/09/05 17:20:00",BANN1,21.19
D,DISPATCH,UNIT_SCADA,1,"2019/09/05 17:20:00",BARCALDN,0
D,DISPATCH,UNIT_SCADA,1,"2019/09/05 17:20:00",BARRON-1,33.28
D,DISPATCH,UNIT_SCADA,1,"2019/09/05 17:20:00",BARRON-2,0
D,DISPATCH,UNIT_SCADA,1,"2019/09/05 17:20:00",BASTYAN,78.740010
D,DISPATCH,UNIT_SCADA,1,"2019/09/05 17:20:00",BBTHREE1,0
D,DISPATCH,UNIT_SCADA,1,"2019/09/05 17:20:00",BBTHREE2,0
D,DISPATCH,UNIT_SCADA,1,"2019/09/05 17:20:00",BBTHREE3,0
D,DISPATCH,UNIT_SCADA,1,"2019/09/05 17:20:00",BDL01,32.22
D,DISPATCH,UNIT_SCADA,1,"2019/09/05 17:20:00",BDL02,43.56
D,DISPATCH,UNIT_SCADA,1,"2019/09/05 17:20:00",BERYLSF1,6.201460
D,DISPATCH,UNIT_SCADA,1,"2019/09/05 17:20:00",BLOWERNG,15.40
D,DISPATCH,UNIT_SCADA,1,"2019/09/05 17:20:00",BLUFF1,29.70
D,DISPATCH,UNIT_SCADA,1,"2019/09/05 17:20:00",BNGSF1,55.41
D,DISPATCH,UNIT_SCADA,1,"2019/09/05 17:20:00",BNGSF2,20.29
D,DISPATCH,UNIT_SCADA,1,"2019/09/05 17:20:00",BOCORWF1,37.19
D,DISPATCH,UNIT_SCADA,1,"2019/09/05 17:20:00",BODWF1,31.332760
D,DISPATCH,UNIT_SCADA,1,"2019/09/05 17:20:00",BRAEMAR1,0
D,DISPATCH,UNIT_SCADA,1,"2019/09/05 17:20:00",BRAEMAR2,130.400010
D,DISPATCH,UNIT_SCADA,1,"2019/09/05 17:20:00",BRAEMAR3,129.200010
D,DISPATCH,UNIT_SCADA,1,"2019/09/05 17:20:00",BRAEMAR5,140.248750
D,DISPATCH,UNIT_SCADA,1,"2019/09/05 17:20:00",BRAEMAR6,0
D,DISPATCH,UNIT_SCADA,1,"2019/09/05 17:20:00",BRAEMAR7,139.110720
D,DISPATCH,UNIT_SCADA,1,"2019/09/05 17:20:00",BROKENH1,13.414060
D,DISPATCH,UNIT_SCADA,1,"2019/09/05 17:20:00",BW01,547.900020
D,DISPATCH,UNIT_SCADA,1,"2019/09/05 17:20:00",BW02,644.8750
D,DISPATCH,UNIT_SCADA,1,"2019/09/05 17:20:00",BW03,638.300050
D,DISPATCH,UNIT_SCADA,1,"2019/09/05 17:20:00",BW04,0
D,DISPATCH,UNIT_SCADA,1,"2019/09/05 17:20:00",CALL_B_1,331
D,DISPATCH,UNIT_SCADA,1,"2019/09/05 17:20:00",CALL_B_2,281.100010
D,DISPATCH,UNIT_SCADA,1,"2019/09/05 17:20:00",CETHANA,95.909250
D,DISPATCH,UNIT_SCADA,1,"2019/09/05 17:20:00",CG1,0
D,DISPATCH,UNIT_SCADA,1,"2019/09/05 17:20:00",CG2,0
D,DISPATCH,UNIT_SCADA,1,"2019/09/05 17:20:00",CG3,0
D,DISPATCH,UNIT_SCADA,1,"2019/09/05 17:20:00",CG4,0
D,DISPATCH,UNIT_SCADA,1,"2019/09/05 17:20:00",CHILDSF1,1.33
D,DISPATCH,UNIT_SCADA,1,"2019/09/05 17:20:00",CLARESF1,10.368510
D,DISPATCH,UNIT_SCADA,1,"2019/09/05 17:20:00",CLEMGPWF,25.428360
D,DISPATCH,UNIT_SCADA,1,"2019/09/05 17:20:00",CLERMSF1,11.29
D,DISPATCH,UNIT_SCADA,1,"2019/09/05 17:20:00",COLEASF1,39.50
D,DISPATCH,UNIT_SCADA,1,"2019/09/05 17:20:00",COOPGWF1,1.413240
D,DISPATCH,UNIT_SCADA,1,"2019/09/05 17:20:00",CPP_3,405.899990
D,DISPATCH,UNIT_SCADA,1,"2019/09/05 17:20:00",CPP_4,406.450010
D,DISPATCH,UNIT_SCADA,1,"2019/09/05 17:20:00",CPSA,117.070620
D,DISPATCH,UNIT_SCADA,1,"2019/09/05 17:20:00",CROOKWF2,0
D,DISPATCH,UNIT_SCADA,1,"2019/09/05 17:20:00",CROWLWF1,5.910020
D,DISPATCH,UNIT_SCADA,1,"2019/09/05 17:20:00",CSPVPS1,4.4720
D,DISPATCH,UNIT_SCADA,1,"2019/09/05 17:20:00",DALNTH01,0
D,DISPATCH,UNIT_SCADA,1,"2019/09/05 17:20:00",DALNTHL1,0.105290
D,DISPATCH,UNIT_SCADA,1,"2019/09/05 17:20:00",DARTM1,133.399990
D,DISPATCH,UNIT_SCADA,1,"2019/09/05 17:20:00",DAYDSF1,44.7750
D,DISPATCH,UNIT_SCADA,1,"2019/09/05 17:20:00",DDPS1,492.329710
D,DISPATCH,UNIT_SCADA,1,"2019/09/05 17:20:00",DDSF1,7.332860
D,DISPATCH,UNIT_SCADA,1,"2019/09/05 17:20:00",DEVILS_G,63.117160
D,DISPATCH,UNIT_SCADA,1,"2019/09/05 17:20:00",DG_NSW1,0
D,DISPATCH,UNIT_SCADA,1,"2019/09/05 17:20:00",DG_QLD1,0
D,DISPATCH,UNIT_SCADA,1,"2019/09/05 17:20:00",DG_SA1,0
D,DISPATCH,UNIT_SCADA,1,"2019/09/05 17:20:00",DG_TAS1,0
D,DISPATCH,UNIT_SCADA,1,"2019/09/05 17:20:00",DG_VIC1,0
D,DISPATCH,UNIT_SCADA,1,"2019/09/05 17:20:00",DRYCGT1,0
D,DISPATCH,UNIT_SCADA,1,"2019/09/05 17:20:00",DRYCGT2,0
D,DISPATCH,UNIT_SCADA,1,"2019/09/05 17:20:00",DRYCGT3,0
D,DISPATCH,UNIT_SCADA,1,"2019/09/05 17:20:00",EILDON1,0
D,DISPATCH,UNIT_SCADA,1,"2019/09/05 17:20:00",EILDON2,0
D,DISPATCH,UNIT_SCADA,1,"2019/09/05 17:20:00",EMERASF1,13.57
D,DISPATCH,UNIT_SCADA,1,"2019/09/05 17:20:00",ER01,560.1499
D,DISPATCH,UNIT_SCADA,1,"2019/09/05 17:20:00",ER02,350.6250
D,DISPATCH,UNIT_SCADA,1,"2019/09/05 17:20:00",ER03,0
D,DISPATCH,UNIT_SCADA,1,"2019/09/05 17:20:00",ER04,668.75
D,DISPATCH,UNIT_SCADA,1,"2019/09/05 17:20:00",FINLYSF1,9.6750
D,DISPATCH,UNIT_SCADA,1,"2019/09/05 17:20:00",FISHER,44.95
D,DISPATCH,UNIT_SCADA,1,"2019/09/05 17:20:00",GANNBG1,2.162830
D,DISPATCH,UNIT_SCADA,1,"2019/09/05 17:20:00",GANNBL1,0
D,DISPATCH,UNIT_SCADA,1,"2019/09/05 17:20:00",GANNSF1,15.30
D,DISPATCH,UNIT_SCADA,1,"2019/09/05 17:20:00",GORDON,16.663360
D,DISPATCH,UNIT_SCADA,1,"2019/09/05 17:20:00",GSTONE1,182.349990
D,DISPATCH,UNIT_SCADA,1,"2019/09/05 17:20:00",GSTONE2,182.1750
D,DISPATCH,UNIT_SCADA,1,"2019/09/05 17:20:00",GSTONE3,0
D,DISPATCH,UNIT_SCADA,1,"2019/09/05 17:20:00",GSTONE4,199.6750
D,DISPATCH,UNIT_SCADA,1,"2019/09/05 17:20:00",GSTONE5,183.399990
D,DISPATCH,UNIT_SCADA,1,"2019/09/05 17:20:00",GSTONE6,182.1750
D,DISPATCH,UNIT_SCADA,1,"2019/09/05 17:20:00",GULLRSF1,0.378850
D,DISPATCH,UNIT_SCADA,1,"2019/09/05 17:20:00",GULLRWF1,0
D,DISPATCH,UNIT_SCADA,1,"2019/09/05 17:20:00",GUNNING1,-0.216280
D,DISPATCH,UNIT_SCADA,1,"2019/09/05 17:20:00",GUTHEGA,31.10
D,DISPATCH,UNIT_SCADA,1,"2019/09/05 17:20:00",HALLWF1,67.35
D,DISPATCH,UNIT_SCADA,1,"2019/09/05 17:20:00",HALLWF2,57.99
D,DISPATCH,UNIT_SCADA,1,"2019/09/05 17:20:00",HAMISF1,14.50
D,DISPATCH,UNIT_SCADA,1,"2019/09/05 17:20:00",HAUGHT11,39.561210
D,DISPATCH,UNIT_SCADA,1,"2019/09/05 17:20:00",HAYMSF1,14.7220
D,DISPATCH,UNIT_SCADA,1,"2019/09/05 17:20:00",HDWF1,34.70
D,DISPATCH,UNIT_SCADA,1,"2019/09/05 17:20:00",HDWF2,30.80
D,DISPATCH,UNIT_SCADA,1,"2019/09/05 17:20:00",HDWF3,35.90
D,DISPATCH,UNIT_SCADA,1,"2019/09/05 17:20:00",HPRG1,0.50
D,DISPATCH,UNIT_SCADA,1,"2019/09/05 17:20:00",HPRL1,0
D,DISPATCH,UNIT_SCADA,1,"2019/09/05 17:20:00",HUMENSW,0
D,DISPATCH,UNIT_SCADA,1,"2019/09/05 17:20:00",HUMEV,24.90
D,DISPATCH,UNIT_SCADA,1,"2019/09/05 17:20:00",HVGTS,0
D,DISPATCH,UNIT_SCADA,1,"2019/09/05 17:20:00",JBUTTERS,18.82
D,DISPATCH,UNIT_SCADA,1,"2019/09/05 17:20:00",JLA01,0.10
D,DISPATCH,UNIT_SCADA,1,"2019/09/05 17:20:00",JLA02,0
D,DISPATCH,UNIT_SCADA,1,"2019/09/05 17:20:00",JLA03,0
D,DISPATCH,UNIT_SCADA,1,"2019/09/05 17:20:00",JLA04,0
D,DISPATCH,UNIT_SCADA,1,"2019/09/05 17:20:00",JLB01,0
D,DISPATCH,UNIT_SCADA,1,"2019/09/05 17:20:00",JLB02,29.70
D,DISPATCH,UNIT_SCADA,1,"2019/09/05 17:20:00",JLB03,29.70
D,DISPATCH,UNIT_SCADA,1,"2019/09/05 17:20:00",KAREEYA1,21.5850
D,DISPATCH,UNIT_SCADA,1,"2019/09/05 17:20:00",KAREEYA2,21.5775
D,DISPATCH,UNIT_SCADA,1,"2019/09/05 17:20:00",KAREEYA3,0
D,DISPATCH,UNIT_SCADA,1,"2019/09/05 17:20:00",KAREEYA4,21.6375
D,DISPATCH,UNIT_SCADA,1,"2019/09/05 17:20:00",KARSF1,18.40
D,DISPATCH,UNIT_SCADA,1,"2019/09/05 17:20:00",KIATAWF1,15.30
D,DISPATCH,UNIT_SCADA,1,"2019/09/05 17:20:00",KPP_1,0
D,DISPATCH,UNIT_SCADA,1,"2019/09/05 17:20:00",KSP1,26.31
D,DISPATCH,UNIT_SCADA,1,"2019/09/05 17:20:00",LADBROK1,0
D,DISPATCH,UNIT_SCADA,1,"2019/09/05 17:20:00",LADBROK2,0
D,DISPATCH,UNIT_SCADA,1,"2019/09/05 17:20:00",LD01,422.175020
D,DISPATCH,UNIT_SCADA,1,"2019/09/05 17:20:00",LD02,401.681210
D,DISPATCH,UNIT_SCADA,1,"2019/09/05 17:20:00",LD03,422.925020
D,DISPATCH,UNIT_SCADA,1,"2019/09/05 17:20:00",LD04,382.3688
D,DISPATCH,UNIT_SCADA,1,"2019/09/05 17:20:00",LEM_WIL,85.2420
D,DISPATCH,UNIT_SCADA,1,"2019/09/05 17:20:00",LGAPWF1,8.07
D,DISPATCH,UNIT_SCADA,1,"2019/09/05 17:20:00",LILYSF1,13.893630
D,DISPATCH,UNIT_SCADA,1,"2019/09/05 17:20:00",LI_WY_CA,131.714750
D,DISPATCH,UNIT_SCADA,1,"2019/09/05 17:20:00",LKBONNY2,57.927510
D,DISPATCH,UNIT_SCADA,1,"2019/09/05 17:20:00",LKBONNY3,19.760990
D,DISPATCH,UNIT_SCADA,1,"2019/09/05 17:20:00",LK_ECHO,0
D,DISPATCH,UNIT_SCADA,1,"2019/09/05 17:20:00",LNGS1,0
D,DISPATCH,UNIT_SCADA,1,"2019/09/05 17:20:00",LNGS2,0
D,DISPATCH,UNIT_SCADA,1,"2019/09/05 17:20:00",LONSDALE,0
D,DISPATCH,UNIT_SCADA,1,"2019/09/05 17:20:00",LOYYB1,536.088620
D,DISPATCH,UNIT_SCADA,1,"2019/09/05 17:20:00",LOYYB2,583.458250
D,DISPATCH,UNIT_SCADA,1,"2019/09/05 17:20:00",LYA1,0
D,DISPATCH,UNIT_SCADA,1,"2019/09/05 17:20:00",LYA2,0
D,DISPATCH,UNIT_SCADA,1,"2019/09/05 17:20:00",LYA3,558
D,DISPATCH,UNIT_SCADA,1,"2019/09/05 17:20:00",LYA4,539
D,DISPATCH,UNIT_SCADA,1,"2019/09/05 17:20:00",MACARTH1,62.998550
D,DISPATCH,UNIT_SCADA,1,"2019/09/05 17:20:00",MACKAYGT,0.2240
D,DISPATCH,UNIT_SCADA,1,"2019/09/05 17:20:00",MACKNTSH,82.890010
D,DISPATCH,UNIT_SCADA,1,"2019/09/05 17:20:00",MANSLR1,8.0690
D,DISPATCH,UNIT_SCADA,1,"2019/09/05 17:20:00",MCKAY1,-0.0350
D,DISPATCH,UNIT_SCADA,1,"2019/09/05 17:20:00",MEADOWBK,33.752980
D,DISPATCH,UNIT_SCADA,1,"2019/09/05 17:20:00",MERCER01,12.6660
D,DISPATCH,UNIT_SCADA,1,"2019/09/05 17:20:00",MEWF1,31.286270
D,DISPATCH,UNIT_SCADA,1,"2019/09/05 17:20:00",MINTARO,0
D,DISPATCH,UNIT_SCADA,1,"2019/09/05 17:20:00",MOREESF1,8.5160
D,DISPATCH,UNIT_SCADA,1,"2019/09/05 17:20:00",MORTLK11,260
D,DISPATCH,UNIT_SCADA,1,"2019/09/05 17:20:00",MORTLK12,0
D,DISPATCH,UNIT_SCADA,1,"2019/09/05 17:20:00",MP1,219.874940
D,DISPATCH,UNIT_SCADA,1,"2019/09/05 17:20:00",MP2,0
D,DISPATCH,UNIT_SCADA,1,"2019/09/05 17:20:00",MPP_1,405
D,DISPATCH,UNIT_SCADA,1,"2019/09/05 17:20:00",MPP_2,434.75
D,DISPATCH,UNIT_SCADA,1,"2019/09/05 17:20:00",MSTUART1,0
D,DISPATCH,UNIT_SCADA,1,"2019/09/05 17:20:00",MSTUART2,0
D,DISPATCH,UNIT_SCADA,1,"2019/09/05 17:20:00",MSTUART3,0
D,DISPATCH,UNIT_SCADA,1,"2019/09/05 17:20:00",MTGELWF1,48.524430
D,DISPATCH,UNIT_SCADA,1,"2019/09/05 17:20:00",MURRAY,0
D,DISPATCH,UNIT_SCADA,1,"2019/09/05 17:20:00",MUSSELR1,22.30
D,DISPATCH,UNIT_SCADA,1,"2019/09/05 17:20:00",MUWAWF1,20.04
D,DISPATCH,UNIT_SCADA,1,"2019/09/05 17:20:00",NBHWF1,73.100010
D,DISPATCH,UNIT_SCADA,1,"2019/09/05 17:20:00",NPS,333.75
D,DISPATCH,UNIT_SCADA,1,"2019/09/05 17:20:00",NUMURSF1,8.84
D,DISPATCH,UNIT_SCADA,1,"2019/09/05 17:20:00",NYNGAN1,12
D,DISPATCH,UNIT_SCADA,1,"2019/09/05 17:20:00",OAKEY1,0
D,DISPATCH,UNIT_SCADA,1,"2019/09/05 17:20:00",OAKEY1SF,2.7840
D,DISPATCH,UNIT_SCADA,1,"2019/09/05 17:20:00",OAKEY2,0
D,DISPATCH,UNIT_SCADA,1,"2019/09/05 17:20:00",OAKEY2SF,0
D,DISPATCH,UNIT_SCADA,1,"2019/09/05 17:20:00",OAKLAND1,58.60
D,DISPATCH,UNIT_SCADA,1,"2019/09/05 17:20:00",OSB-AG,177.13
D,DISPATCH,UNIT_SCADA,1,"2019/09/05 17:20:00",PARSF1,11.899990
D,DISPATCH,UNIT_SCADA,1,"2019/09/05 17:20:00",POAT110,0
D,DISPATCH,UNIT_SCADA,1,"2019/09/05 17:20:00",POAT220,0
D,DISPATCH,UNIT_SCADA,1,"2019/09/05 17:20:00",POR01,0
D,DISPATCH,UNIT_SCADA,1,"2019/09/05 17:20:00",POR03,0
D,DISPATCH,UNIT_SCADA,1,"2019/09/05 17:20:00",PPCCGT,262.138030
D,DISPATCH,UNIT_SCADA,1,"2019/09/05 17:20:00",PTSTAN1,0
D,DISPATCH,UNIT_SCADA,1,"2019/09/05 17:20:00",PUMP1,0
D,DISPATCH,UNIT_SCADA,1,"2019/09/05 17:20:00",PUMP2,0
D,DISPATCH,UNIT_SCADA,1,"2019/09/05 17:20:00",QPS1,0
D,DISPATCH,UNIT_SCADA,1,"2019/09/05 17:20:00",QPS2,0
D,DISPATCH,UNIT_SCADA,1,"2019/09/05 17:20:00",QPS3,0
D,DISPATCH,UNIT_SCADA,1,"2019/09/05 17:20:00",QPS4,0
D,DISPATCH,UNIT_SCADA,1,"2019/09/05 17:20:00",QPS5,0
D,DISPATCH,UNIT_SCADA,1,"2019/09/05 17:20:00",REECE1,117.220010
D,DISPATCH,UNIT_SCADA,1,"2019/09/05 17:20:00",REECE2,116.38
D,DISPATCH,UNIT_SCADA,1,"2019/09/05 17:20:00",ROMA_7,0
D,DISPATCH,UNIT_SCADA,1,"2019/09/05 17:20:00",ROMA_8,0
D,DISPATCH,UNIT_SCADA,1,"2019/09/05 17:20:00",RRSF1,28.764430
D,DISPATCH,UNIT_SCADA,1,"2019/09/05 17:20:00",RT_NSW1,0
D,DISPATCH,UNIT_SCADA,1,"2019/09/05 17:20:00",RT_NSW2,0
D,DISPATCH,UNIT_SCADA,1,"2019/09/05 17:20:00",RT_NSW3,0
D,DISPATCH,UNIT_SCADA,1,"2019/09/05 17:20:00",RT_NSW4,0
D,DISPATCH,UNIT_SCADA,1,"2019/09/05 17:20:00",RT_NSW5,0
D,DISPATCH,UNIT_SCADA,1,"2019/09/05 17:20:00",RT_NSW6,0
D,DISPATCH,UNIT_SCADA,1,"2019/09/05 17:20:00",RT_QLD1,0
D,DISPATCH,UNIT_SCADA,1,"2019/09/05 17:20:00",RT_SA1,0
D,DISPATCH,UNIT_SCADA,1,"2019/09/05 17:20:00",RT_SA2,0
D,DISPATCH,UNIT_SCADA,1,"2019/09/05 17:20:00",RT_SA3,0
D,DISPATCH,UNIT_SCADA,1,"2019/09/05 17:20:00",RT_SA4,0
D,DISPATCH,UNIT_SCADA,1,"2019/09/05 17:20:00",RT_SA5,0
D,DISPATCH,UNIT_SCADA,1,"2019/09/05 17:20:00",RT_SA6,0
D,DISPATCH,UNIT_SCADA,1,"2019/09/05 17:20:00",RT_TAS1,0
D,DISPATCH,UNIT_SCADA,1,"2019/09/05 17:20:00",RT_VIC1,0
D,DISPATCH,UNIT_SCADA,1,"2019/09/05 17:20:00",RT_VIC10,0
D,DISPATCH,UNIT_SCADA,1,"2019/09/05 17:20:00",RT_VIC11,0
D,DISPATCH,UNIT_SCADA,1,"2019/09/05 17:20:00",RT_VIC12,0
D,DISPATCH,UNIT_SCADA,1,"2019/09/05 17:20:00",RT_VIC2,0
D,DISPATCH,UNIT_SCADA,1,"2019/09/05 17:20:00",RT_VIC3,0
D,DISPATCH,UNIT_SCADA,1,"2019/09/05 17:20:00",RT_VIC4,0
D,DISPATCH,UNIT_SCADA,1,"2019/09/05 17:20:00",RT_VIC5,0
D,DISPATCH,UNIT_SCADA,1,"2019/09/05 17:20:00",RT_VIC6,0
D,DISPATCH,UNIT_SCADA,1,"2019/09/05 17:20:00",RT_VIC7,0
D,DISPATCH,UNIT_SCADA,1,"2019/09/05 17:20:00",RT_VIC8,0
D,DISPATCH,UNIT_SCADA,1,"2019/09/05 17:20:00",RT_VIC9,0
D,DISPATCH,UNIT_SCADA,1,"2019/09/05 17:20:00",RUGBYR1,21.749760
D,DISPATCH,UNIT_SCADA,1,"2019/09/05 17:20:00",SALTCRK1,27.51
D,DISPATCH,UNIT_SCADA,1,"2019/09/05 17:20:00",SAPHWF1,43.546880
D,DISPATCH,UNIT_SCADA,1,"2019/09/05 17:20:00",SHGEN,0
D,DISPATCH,UNIT_SCADA,1,"2019/09/05 17:20:00",SHPUMP,0
D,DISPATCH,UNIT_SCADA,1,"2019/09/05 17:20:00",SITHE01,0.194050
D,DISPATCH,UNIT_SCADA,1,"2019/09/05 17:20:00",SMCSF1,12.263590
D,DISPATCH,UNIT_SCADA,1,"2019/09/05 17:20:00",SNOWNTH1,67.40
D,DISPATCH,UNIT_SCADA,1,"2019/09/05 17:20:00",SNOWSTH1,84.30
D,DISPATCH,UNIT_SCADA,1,"2019/09/05 17:20:00",SNOWTWN1,54.285130
D,DISPATCH,UNIT_SCADA,1,"2019/09/05 17:20:00",SNOWYP,0
D,DISPATCH,UNIT_SCADA,1,"2019/09/05 17:20:00",SNUG1,0.019440
D,DISPATCH,UNIT_SCADA,1,"2019/09/05 17:20:00",SRSF1,2.23
D,DISPATCH,UNIT_SCADA,1,"2019/09/05 17:20:00",STAN-1,334.7753
D,DISPATCH,UNIT_SCADA,1,"2019/09/05 17:20:00",STAN-2,304.807280
D,DISPATCH,UNIT_SCADA,1,"2019/09/05 17:20:00",STAN-3,275.377620
D,DISPATCH,UNIT_SCADA,1,"2019/09/05 17:20:00",STAN-4,261.816380
D,DISPATCH,UNIT_SCADA,1,"2019/09/05 17:20:00",STWF1,0
D,DISPATCH,UNIT_SCADA,1,"2019/09/05 17:20:00",SWAN_E,0
D,DISPATCH,UNIT_SCADA,1,"2019/09/05 17:20:00",TALWA1,413
D,DISPATCH,UNIT_SCADA,1,"2019/09/05 17:20:00",TARALGA1,0
D,DISPATCH,UNIT_SCADA,1,"2019/09/05 17:20:00",TARONG#1,349.399990
D,DISPATCH,UNIT_SCADA,1,"2019/09/05 17:20:00",TARONG#2,0
D,DISPATCH,UNIT_SCADA,1,"2019/09/05 17:20:00",TARONG#3,350.50
D,DISPATCH,UNIT_SCADA,1,"2019/09/05 17:20:00",TARONG#4,349.700010
D,DISPATCH,UNIT_SCADA,1,"2019/09/05 17:20:00",TARRALEA,74
D,DISPATCH,UNIT_SCADA,1,"2019/09/05 17:20:00",TBSF1,0
D,DISPATCH,UNIT_SCADA,1,"2019/09/05 17:20:00",TNPS1,379.000030
D,DISPATCH,UNIT_SCADA,1,"2019/09/05 17:20:00",TORRA1,59.490670
D,DISPATCH,UNIT_SCADA,1,"2019/09/05 17:20:00",TORRA2,0
D,DISPATCH,UNIT_SCADA,1,"2019/09/05 17:20:00",TORRA3,0
D,DISPATCH,UNIT_SCADA,1,"2019/09/05 17:20:00",TORRA4,62.612750
D,DISPATCH,UNIT_SCADA,1,"2019/09/05 17:20:00",TORRB1,70.78
D,DISPATCH,UNIT_SCADA,1,"2019/09/05 17:20:00",TORRB2,71.51
D,DISPATCH,UNIT_SCADA,1,"2019/09/05 17:20:00",TORRB3,72.59
D,DISPATCH,UNIT_SCADA,1,"2019/09/05 17:20:00",TORRB4,0
D,DISPATCH,UNIT_SCADA,1,"2019/09/05 17:20:00",TREVALLN,89.800030
D,DISPATCH,UNIT_SCADA,1,"2019/09/05 17:20:00",TRIBUTE,0
D,DISPATCH,UNIT_SCADA,1,"2019/09/05 17:20:00",TUMUT3,170.30
D,DISPATCH,UNIT_SCADA,1,"2019/09/05 17:20:00",TUNGATIN,33.640030
D,DISPATCH,UNIT_SCADA,1,"2019/09/05 17:20:00",TVCC201,0
D,DISPATCH,UNIT_SCADA,1,"2019/09/05 17:20:00",TVPP104,0
D,DISPATCH,UNIT_SCADA,1,"2019/09/05 17:20:00",UPPTUMUT,501.540560
D,DISPATCH,UNIT_SCADA,1,"2019/09/05 17:20:00",URANQ11,154.968750
D,DISPATCH,UNIT_SCADA,1,"2019/09/05 17:20:00",URANQ12,156.224980
D,DISPATCH,UNIT_SCADA,1,"2019/09/05 17:20:00",URANQ13,156.793760
D,DISPATCH,UNIT_SCADA,1,"2019/09/05 17:20:00",URANQ14,0
D,DISPATCH,UNIT_SCADA,1,"2019/09/05 17:20:00",VP5,524.949950
D,DISPATCH,UNIT_SCADA,1,"2019/09/05 17:20:00",VP6,0
D,DISPATCH,UNIT_SCADA,1,"2019/09/05 17:20:00",VPGS1,0
D,DISPATCH,UNIT_SCADA,1,"2019/09/05 17:20:00",VPGS2,0
D,DISPATCH,UNIT_SCADA,1,"2019/09/05 17:20:00",VPGS3,0
D,DISPATCH,UNIT_SCADA,1,"2019/09/05 17:20:00",VPGS4,0
D,DISPATCH,UNIT_SCADA,1,"2019/09/05 17:20:00",VPGS5,0
D,DISPATCH,UNIT_SCADA,1,"2019/09/05 17:20:00",VPGS6,0
D,DISPATCH,UNIT_SCADA,1,"2019/09/05 17:20:00",W/HOE#1,0
D,DISPATCH,UNIT_SCADA,1,"2019/09/05 17:20:00",W/HOE#2,0
D,DISPATCH,UNIT_SCADA,1,"2019/09/05 17:20:00",WATERLWF,112.60
D,DISPATCH,UNIT_SCADA,1,"2019/09/05 17:20:00",WEMENSF1,34.40
D,DISPATCH,UNIT_SCADA,1,"2019/09/05 17:20:00",WGWF1,48.90
D,DISPATCH,UNIT_SCADA,1,"2019/09/05 17:20:00",WHITSF1,12.20
D,DISPATCH,UNIT_SCADA,1,"2019/09/05 17:20:00",WKIEWA1,32.30
D,DISPATCH,UNIT_SCADA,1,"2019/09/05 17:20:00",WKIEWA2,0.10
D,DISPATCH,UNIT_SCADA,1,"2019/09/05 17:20:00",WOODLWN1,0
D,DISPATCH,UNIT_SCADA,1,"2019/09/05 17:20:00",WRSF1,0.92
D,DISPATCH,UNIT_SCADA,1,"2019/09/05 17:20:00",WRWF1,53.688760
D,DISPATCH,UNIT_SCADA,1,"2019/09/05 17:20:00",YABULU,83.250010
D,DISPATCH,UNIT_SCADA,1,"2019/09/05 17:20:00",YABULU2,0
D,DISPATCH,UNIT_SCADA,1,"2019/09/05 17:20:00",YARWUN_1,149.599990
D,DISPATCH,UNIT_SCADA,1,"2019/09/05 17:20:00",YENDWF1,5.71
D,DISPATCH,UNIT_SCADA,1,"2019/09/05 17:20:00",YWPS1,382.956970
D,DISPATCH,UNIT_SCADA,1,"2019/09/05 17:20:00",YWPS2,282.7038
D,DISPATCH,UNIT_SCADA,1,"2019/09/05 17:20:00",YWPS3,332.289890
D,DISPATCH,UNIT_SCADA,1,"2019/09/05 17:20:00",YWPS4,392.979740
C,"END OF REPORT",335
