C,NEMP.WORLD,DISPATCHSCADA,AEMO,PUBLIC,2019/08/19,18:45:07,0000000311756614,DISPATCHSCADA,0000000311756608
I,DISPATCH,UNIT_SCADA,1,SETTLEMENTDATE,DUID,SCADAVALUE
D,DISPATCH,UNIT_SCADA,1,"2019/08/19 18:50:00",BARCSF1,1.10
D,DISPATCH,UNIT_SCADA,1,"2019/08/19 18:50:00",BUTLERSG,9.799998
D,DISPATCH,UNIT_SCADA,1,"2019/08/19 18:50:00",CALL_A_4,0
D,DISPATCH,UNIT_SCADA,1,"2019/08/19 18:50:00",CAPTL_WF,132.252014
D,DISPATCH,UNIT_SCADA,1,"2019/08/19 18:50:00",CATHROCK,26.509998
D,DISPATCH,UNIT_SCADA,1,"2019/08/19 18:50:00",CHALLHWF,14.60
D,DISPATCH,UNIT_SCADA,1,"2019/08/19 18:50:00",CLOVER,-0.01
D,DISPATCH,UNIT_SCADA,1,"2019/08/19 18:50:00",CLUNY,14.049439
D,DISPATCH,UNIT_SCADA,1,"2019/08/19 18:50:00",CNUNDAWF,23.227097
D,DISPATCH,UNIT_SCADA,1,"2019/08/19 18:50:00",CULLRGWF,30.17
D,DISPATCH,UNIT_SCADA,1,"2019/08/19 18:50:00",ERGT01,0
D,DISPATCH,UNIT_SCADA,1,"2019/08/19 18:50:00",GB01,0.065586
D,DISPATCH,UNIT_SCADA,1,"2019/08/19 18:50:00",GERMCRK,36.700001
D,DISPATCH,UNIT_SCADA,1,"2019/08/19 18:50:00",GRIFSF1,0
D,DISPATCH,UNIT_SCADA,1,"2019/08/19 18:50:00",HUGSF1,-0.1880
D,DISPATCH,UNIT_SCADA,1,"2019/08/19 18:50:00",LKBONNY1,56.979374
D,DISPATCH,UNIT_SCADA,1,"2019/08/19 18:50:00",LRSF1,0.0240
D,DISPATCH,UNIT_SCADA,1,"2019/08/19 18:50:00",MBAHNTH,57.056244
D,DISPATCH,UNIT_SCADA,1,"2019/08/19 18:50:00",MLSP1,0.304001
D,DISPATCH,UNIT_SCADA,1,"2019/08/19 18:50:00",MLWF1,10.139999
D,DISPATCH,UNIT_SCADA,1,"2019/08/19 18:50:00",MTMILLAR,2.113333
D,DISPATCH,UNIT_SCADA,1,"2019/08/19 18:50:00",PALOONA,19.859999
D,DISPATCH,UNIT_SCADA,1,"2019/08/19 18:50:00",PIONEER,42.700001
D,DISPATCH,UNIT_SCADA,1,"2019/08/19 18:50:00",PORTWF,135.100006
D,DISPATCH,UNIT_SCADA,1,"2019/08/19 18:50:00",REPULSE,29.482262
D,DISPATCH,UNIT_SCADA,1,"2019/08/19 18:50:00",ROWALLAN,9.9329
D,DISPATCH,UNIT_SCADA,1,"2019/08/19 18:50:00",ROYALLA1,0
D,DISPATCH,UNIT_SCADA,1,"2019/08/19 18:50:00",RPCG,-2.10
D,DISPATCH,UNIT_SCADA,1,"2019/08/19 18:50:00",RUBICON,0
D,DISPATCH,UNIT_SCADA,1,"2019/08/19 18:50:00",SATGN1,0
D,DISPATCH,UNIT_SCADA,1,"2019/08/19 18:50:00",SATGS1,0
D,DISPATCH,UNIT_SCADA,1,"2019/08/19 18:50:00",STARHLWF,5.298455
D,DISPATCH,UNIT_SCADA,1,"2019/08/19 18:50:00",WAUBRAWF,92.802002
D,DISPATCH,UNIT_SCADA,1,"2019/08/19 18:50:00",WOOLNTH1,131.330017
D,DISPATCH,UNIT_SCADA,1,"2019/08/19 18:50:00",WPWF,29
D,DISPATCH,UNIT_SCADA,1,"2019/08/19 18:50:00",YAMBUKWF,26.60
D,DISPATCH,UNIT_SCADA,1,"2019/08/19 18:50:00",YSWF1,27.60
D,DISPATCH,UNIT_SCADA,1,"2019/08/19 18:50:00",AGLHAL,0
D,DISPATCH,UNIT_SCADA,1,"2019/08/19 18:50:00",AGLSOM,39.80
D,DISPATCH,UNIT_SCADA,1,"2019/08/19 18:50:00",ANGAST1,0
D,DISPATCH,UNIT_SCADA,1,"2019/08/19 18:50:00",ARWF1,26.90
D,DISPATCH,UNIT_SCADA,1,"2019/08/19 18:50:00",BALBG1,0
D,DISPATCH,UNIT_SCADA,1,"2019/08/19 18:50:00",BALBL1,0
D,DISPATCH,UNIT_SCADA,1,"2019/08/19 18:50:00",BALDHWF1,103.4580
D,DISPATCH,UNIT_SCADA,1,"2019/08/19 18:50:00",BANN1,0
D,DISPATCH,UNIT_SCADA,1,"2019/08/19 18:50:00",BARCALDN,0
D,DISPATCH,UNIT_SCADA,1,"2019/08/19 18:50:00",BARRON-1,0
D,DISPATCH,UNIT_SCADA,1,"2019/08/19 18:50:00",BARRON-2,27.56
D,DISPATCH,UNIT_SCADA,1,"2019/08/19 18:50:00",BASTYAN,79.84
D,DISPATCH,UNIT_SCADA,1,"2019/08/19 18:50:00",BBTHREE1,0
D,DISPATCH,UNIT_SCADA,1,"2019/08/19 18:50:00",BBTHREE2,0
D,DISPATCH,UNIT_SCADA,1,"2019/08/19 18:50:00",BBTHREE3,0
D,DISPATCH,UNIT_SCADA,1,"2019/08/19 18:50:00",BDL01,42.90
D,DISPATCH,UNIT_SCADA,1,"2019/08/19 18:50:00",BDL02,44.76
D,DISPATCH,UNIT_SCADA,1,"2019/08/19 18:50:00",BERYLSF1,0
D,DISPATCH,UNIT_SCADA,1,"2019/08/19 18:50:00",BLOWERNG,0
D,DISPATCH,UNIT_SCADA,1,"2019/08/19 18:50:00",BLUFF1,10.40
D,DISPATCH,UNIT_SCADA,1,"2019/08/19 18:50:00",BNGSF1,0
D,DISPATCH,UNIT_SCADA,1,"2019/08/19 18:50:00",BNGSF2,0
D,DISPATCH,UNIT_SCADA,1,"2019/08/19 18:50:00",BOCORWF1,111.22
D,DISPATCH,UNIT_SCADA,1,"2019/08/19 18:50:00",BODWF1,81.021940
D,DISPATCH,UNIT_SCADA,1,"2019/08/19 18:50:00",BRAEMAR1,0
D,DISPATCH,UNIT_SCADA,1,"2019/08/19 18:50:00",BRAEMAR2,173.200010
D,DISPATCH,UNIT_SCADA,1,"2019/08/19 18:50:00",BRAEMAR3,170
D,DISPATCH,UNIT_SCADA,1,"2019/08/19 18:50:00",BRAEMAR5,159.655560
D,DISPATCH,UNIT_SCADA,1,"2019/08/19 18:50:00",BRAEMAR6,0
D,DISPATCH,UNIT_SCADA,1,"2019/08/19 18:50:00",BRAEMAR7,159.756270
D,DISPATCH,UNIT_SCADA,1,"2019/08/19 18:50:00",BROKENH1,0
D,DISPATCH,UNIT_SCADA,1,"2019/08/19 18:50:00",BW01,624
D,DISPATCH,UNIT_SCADA,1,"2019/08/19 18:50:00",BW02,628.474980
D,DISPATCH,UNIT_SCADA,1,"2019/08/19 18:50:00",BW03,645.75
D,DISPATCH,UNIT_SCADA,1,"2019/08/19 18:50:00",BW04,0
D,DISPATCH,UNIT_SCADA,1,"2019/08/19 18:50:00",CALL_B_1,339.50
D,DISPATCH,UNIT_SCADA,1,"2019/08/19 18:50:00",CALL_B_2,280.399990
D,DISPATCH,UNIT_SCADA,1,"2019/08/19 18:50:00",CETHANA,71.659870
D,DISPATCH,UNIT_SCADA,1,"2019/08/19 18:50:00",CG1,0
D,DISPATCH,UNIT_SCADA,1,"2019/08/19 18:50:00",CG2,0
D,DISPATCH,UNIT_SCADA,1,"2019/08/19 18:50:00",CG3,0
D,DISPATCH,UNIT_SCADA,1,"2019/08/19 18:50:00",CG4,0
D,DISPATCH,UNIT_SCADA,1,"2019/08/19 18:50:00",CHILDSF1,0
D,DISPATCH,UNIT_SCADA,1,"2019/08/19 18:50:00",CLARESF1,0
D,DISPATCH,UNIT_SCADA,1,"2019/08/19 18:50:00",CLEMGPWF,13.110370
D,DISPATCH,UNIT_SCADA,1,"2019/08/19 18:50:00",CLERMSF1,0
D,DISPATCH,UNIT_SCADA,1,"2019/08/19 18:50:00",COLEASF1,0
D,DISPATCH,UNIT_SCADA,1,"2019/08/19 18:50:00",COOPGWF1,27.860370
D,DISPATCH,UNIT_SCADA,1,"2019/08/19 18:50:00",CPP_3,405.899990
D,DISPATCH,UNIT_SCADA,1,"2019/08/19 18:50:00",CPP_4,405.899990
D,DISPATCH,UNIT_SCADA,1,"2019/08/19 18:50:00",CPSA,141.888120
D,DISPATCH,UNIT_SCADA,1,"2019/08/19 18:50:00",CROOKWF2,42.703740
D,DISPATCH,UNIT_SCADA,1,"2019/08/19 18:50:00",CROWLWF1,25.234430
D,DISPATCH,UNIT_SCADA,1,"2019/08/19 18:50:00",CSPVPS1,0
D,DISPATCH,UNIT_SCADA,1,"2019/08/19 18:50:00",DALNTH01,5.995270
D,DISPATCH,UNIT_SCADA,1,"2019/08/19 18:50:00",DALNTHL1,0
D,DISPATCH,UNIT_SCADA,1,"2019/08/19 18:50:00",DARTM1,133.30
D,DISPATCH,UNIT_SCADA,1,"2019/08/19 18:50:00",DAYDSF1,0
D,DISPATCH,UNIT_SCADA,1,"2019/08/19 18:50:00",DDPS1,532.386540
D,DISPATCH,UNIT_SCADA,1,"2019/08/19 18:50:00",DDSF1,0
D,DISPATCH,UNIT_SCADA,1,"2019/08/19 18:50:00",DEVILS_G,59.789420
D,DISPATCH,UNIT_SCADA,1,"2019/08/19 18:50:00",DG_NSW1,0
D,DISPATCH,UNIT_SCADA,1,"2019/08/19 18:50:00",DG_QLD1,0
D,DISPATCH,UNIT_SCADA,1,"2019/08/19 18:50:00",DG_SA1,0
D,DISPATCH,UNIT_SCADA,1,"2019/08/19 18:50:00",DG_TAS1,0
D,DISPATCH,UNIT_SCADA,1,"2019/08/19 18:50:00",DG_VIC1,0
D,DISPATCH,UNIT_SCADA,1,"2019/08/19 18:50:00",DRYCGT1,0
D,DISPATCH,UNIT_SCADA,1,"2019/08/19 18:50:00",DRYCGT2,0
D,DISPATCH,UNIT_SCADA,1,"2019/08/19 18:50:00",DRYCGT3,0
D,DISPATCH,UNIT_SCADA,1,"2019/08/19 18:50:00",EILDON1,0
D,DISPATCH,UNIT_SCADA,1,"2019/08/19 18:50:00",EILDON2,36.68
D,DISPATCH,UNIT_SCADA,1,"2019/08/19 18:50:00",EMERASF1,0
D,DISPATCH,UNIT_SCADA,1,"2019/08/19 18:50:00",ER01,574.549930
D,DISPATCH,UNIT_SCADA,1,"2019/08/19 18:50:00",ER02,683.275020
D,DISPATCH,UNIT_SCADA,1,"2019/08/19 18:50:00",ER03,681.275020
D,DISPATCH,UNIT_SCADA,1,"2019/08/19 18:50:00",ER04,684.025020
D,DISPATCH,UNIT_SCADA,1,"2019/08/19 18:50:00",FINLYSF1,0
D,DISPATCH,UNIT_SCADA,1,"2019/08/19 18:50:00",FISHER,45.78
D,DISPATCH,UNIT_SCADA,1,"2019/08/19 18:50:00",GANNBG1,0.6361
D,DISPATCH,UNIT_SCADA,1,"2019/08/19 18:50:00",GANNBL1,0
D,DISPATCH,UNIT_SCADA,1,"2019/08/19 18:50:00",GANNSF1,0
D,DISPATCH,UNIT_SCADA,1,"2019/08/19 18:50:00",GORDON,180.196790
D,DISPATCH,UNIT_SCADA,1,"2019/08/19 18:50:00",GSTONE1,189.70
D,DISPATCH,UNIT_SCADA,1,"2019/08/19 18:50:00",GSTONE2,219.80
D,DISPATCH,UNIT_SCADA,1,"2019/08/19 18:50:00",GSTONE3,219.974990
D,DISPATCH,UNIT_SCADA,1,"2019/08/19 18:50:00",GSTONE4,218.224990
D,DISPATCH,UNIT_SCADA,1,"2019/08/19 18:50:00",GSTONE5,219.80
D,DISPATCH,UNIT_SCADA,1,"2019/08/19 18:50:00",GSTONE6,0
D,DISPATCH,UNIT_SCADA,1,"2019/08/19 18:50:00",GULLRSF1,0
D,DISPATCH,UNIT_SCADA,1,"2019/08/19 18:50:00",GULLRWF1,95.741090
D,DISPATCH,UNIT_SCADA,1,"2019/08/19 18:50:00",GUNNING1,25.707150
D,DISPATCH,UNIT_SCADA,1,"2019/08/19 18:50:00",GUTHEGA,31.10
D,DISPATCH,UNIT_SCADA,1,"2019/08/19 18:50:00",HALLWF1,30.79
D,DISPATCH,UNIT_SCADA,1,"2019/08/19 18:50:00",HALLWF2,29.93
D,DISPATCH,UNIT_SCADA,1,"2019/08/19 18:50:00",HAMISF1,0
D,DISPATCH,UNIT_SCADA,1,"2019/08/19 18:50:00",HAUGHT11,0
D,DISPATCH,UNIT_SCADA,1,"2019/08/19 18:50:00",HAYMSF1,0
D,DISPATCH,UNIT_SCADA,1,"2019/08/19 18:50:00",HDWF1,28.60
D,DISPATCH,UNIT_SCADA,1,"2019/08/19 18:50:00",HDWF2,23.20
D,DISPATCH,UNIT_SCADA,1,"2019/08/19 18:50:00",HDWF3,23.10
D,DISPATCH,UNIT_SCADA,1,"2019/08/19 18:50:00",HPRG1,0.30
D,DISPATCH,UNIT_SCADA,1,"2019/08/19 18:50:00",HPRL1,0
D,DISPATCH,UNIT_SCADA,1,"2019/08/19 18:50:00",HUMENSW,0
D,DISPATCH,UNIT_SCADA,1,"2019/08/19 18:50:00",HUMEV,7.90
D,DISPATCH,UNIT_SCADA,1,"2019/08/19 18:50:00",HVGTS,0
D,DISPATCH,UNIT_SCADA,1,"2019/08/19 18:50:00",JBUTTERS,135.069990
D,DISPATCH,UNIT_SCADA,1,"2019/08/19 18:50:00",JLA01,0.50
D,DISPATCH,UNIT_SCADA,1,"2019/08/19 18:50:00",JLA02,53.80
D,DISPATCH,UNIT_SCADA,1,"2019/08/19 18:50:00",JLA03,0.10
D,DISPATCH,UNIT_SCADA,1,"2019/08/19 18:50:00",JLA04,0.10
D,DISPATCH,UNIT_SCADA,1,"2019/08/19 18:50:00",JLB01,0
D,DISPATCH,UNIT_SCADA,1,"2019/08/19 18:50:00",JLB02,84
D,DISPATCH,UNIT_SCADA,1,"2019/08/19 18:50:00",JLB03,83.60
D,DISPATCH,UNIT_SCADA,1,"2019/08/19 18:50:00",KAREEYA1,21.57
D,DISPATCH,UNIT_SCADA,1,"2019/08/19 18:50:00",KAREEYA2,21.5925
D,DISPATCH,UNIT_SCADA,1,"2019/08/19 18:50:00",KAREEYA3,0
D,DISPATCH,UNIT_SCADA,1,"2019/08/19 18:50:00",KAREEYA4,21.6625
D,DISPATCH,UNIT_SCADA,1,"2019/08/19 18:50:00",KARSF1,0
D,DISPATCH,UNIT_SCADA,1,"2019/08/19 18:50:00",KIATAWF1,23.40
D,DISPATCH,UNIT_SCADA,1,"2019/08/19 18:50:00",KPP_1,0
D,DISPATCH,UNIT_SCADA,1,"2019/08/19 18:50:00",KSP1,0
D,DISPATCH,UNIT_SCADA,1,"2019/08/19 18:50:00",LADBROK1,43.18
D,DISPATCH,UNIT_SCADA,1,"2019/08/19 18:50:00",LADBROK2,42.81
D,DISPATCH,UNIT_SCADA,1,"2019/08/19 18:50:00",LD01,423.675020
D,DISPATCH,UNIT_SCADA,1,"2019/08/19 18:50:00",LD02,420.787540
D,DISPATCH,UNIT_SCADA,1,"2019/08/19 18:50:00",LD03,421.931210
D,DISPATCH,UNIT_SCADA,1,"2019/08/19 18:50:00",LD04,381.899960
D,DISPATCH,UNIT_SCADA,1,"2019/08/19 18:50:00",LEM_WIL,73.3691
D,DISPATCH,UNIT_SCADA,1,"2019/08/19 18:50:00",LGAPWF1,7.71
D,DISPATCH,UNIT_SCADA,1,"2019/08/19 18:50:00",LILYSF1,0
D,DISPATCH,UNIT_SCADA,1,"2019/08/19 18:50:00",LI_WY_CA,143.037160
D,DISPATCH,UNIT_SCADA,1,"2019/08/19 18:50:00",LKBONNY2,95.431530
D,DISPATCH,UNIT_SCADA,1,"2019/08/19 18:50:00",LKBONNY3,28.748340
D,DISPATCH,UNIT_SCADA,1,"2019/08/19 18:50:00",LK_ECHO,0
D,DISPATCH,UNIT_SCADA,1,"2019/08/19 18:50:00",LNGS1,0
D,DISPATCH,UNIT_SCADA,1,"2019/08/19 18:50:00",LNGS2,0
D,DISPATCH,UNIT_SCADA,1,"2019/08/19 18:50:00",LONSDALE,0
D,DISPATCH,UNIT_SCADA,1,"2019/08/19 18:50:00",LOYYB1,529.321530
D,DISPATCH,UNIT_SCADA,1,"2019/08/19 18:50:00",LOYYB2,578.570860
D,DISPATCH,UNIT_SCADA,1,"2019/08/19 18:50:00",LYA1,559
D,DISPATCH,UNIT_SCADA,1,"2019/08/19 18:50:00",LYA2,0
D,DISPATCH,UNIT_SCADA,1,"2019/08/19 18:50:00",LYA3,560
D,DISPATCH,UNIT_SCADA,1,"2019/08/19 18:50:00",LYA4,539
D,DISPATCH,UNIT_SCADA,1,"2019/08/19 18:50:00",MACARTH1,201.695340
D,DISPATCH,UNIT_SCADA,1,"2019/08/19 18:50:00",MACKAYGT,0
D,DISPATCH,UNIT_SCADA,1,"2019/08/19 18:50:00",MACKNTSH,84.250010
D,DISPATCH,UNIT_SCADA,1,"2019/08/19 18:50:00",MANSLR1,0
D,DISPATCH,UNIT_SCADA,1,"2019/08/19 18:50:00",MCKAY1,0.02
D,DISPATCH,UNIT_SCADA,1,"2019/08/19 18:50:00",MEADOWBK,33.924460
D,DISPATCH,UNIT_SCADA,1,"2019/08/19 18:50:00",MERCER01,77.9610
D,DISPATCH,UNIT_SCADA,1,"2019/08/19 18:50:00",MEWF1,122.114040
D,DISPATCH,UNIT_SCADA,1,"2019/08/19 18:50:00",MINTARO,0
D,DISPATCH,UNIT_SCADA,1,"2019/08/19 18:50:00",MOREESF1,0
D,DISPATCH,UNIT_SCADA,1,"2019/08/19 18:50:00",MORTLK11,259
D,DISPATCH,UNIT_SCADA,1,"2019/08/19 18:50:00",MORTLK12,0
D,DISPATCH,UNIT_SCADA,1,"2019/08/19 18:50:00",MP1,397.050050
D,DISPATCH,UNIT_SCADA,1,"2019/08/19 18:50:00",MP2,0
D,DISPATCH,UNIT_SCADA,1,"2019/08/19 18:50:00",MPP_1,425
D,DISPATCH,UNIT_SCADA,1,"2019/08/19 18:50:00",MPP_2,434.75
D,DISPATCH,UNIT_SCADA,1,"2019/08/19 18:50:00",MSTUART1,0
D,DISPATCH,UNIT_SCADA,1,"2019/08/19 18:50:00",MSTUART2,0
D,DISPATCH,UNIT_SCADA,1,"2019/08/19 18:50:00",MSTUART3,0
D,DISPATCH,UNIT_SCADA,1,"2019/08/19 18:50:00",MTGELWF1,63.521220
D,DISPATCH,UNIT_SCADA,1,"2019/08/19 18:50:00",MURRAY,374.789980
D,DISPATCH,UNIT_SCADA,1,"2019/08/19 18:50:00",MUSSELR1,165.80
D,DISPATCH,UNIT_SCADA,1,"2019/08/19 18:50:00",MUWAWF1,59.52
D,DISPATCH,UNIT_SCADA,1,"2019/08/19 18:50:00",NBHWF1,29.90
D,DISPATCH,UNIT_SCADA,1,"2019/08/19 18:50:00",NPS,508.50
D,DISPATCH,UNIT_SCADA,1,"2019/08/19 18:50:00",NUMURSF1,0
D,DISPATCH,UNIT_SCADA,1,"2019/08/19 18:50:00",NYNGAN1,0
D,DISPATCH,UNIT_SCADA,1,"2019/08/19 18:50:00",OAKEY1,0
D,DISPATCH,UNIT_SCADA,1,"2019/08/19 18:50:00",OAKEY1SF,0.05
D,DISPATCH,UNIT_SCADA,1,"2019/08/19 18:50:00",OAKEY2,0
D,DISPATCH,UNIT_SCADA,1,"2019/08/19 18:50:00",OAKLAND1,33.70
D,DISPATCH,UNIT_SCADA,1,"2019/08/19 18:50:00",OSB-AG,183.30
D,DISPATCH,UNIT_SCADA,1,"2019/08/19 18:50:00",PARSF1,0
D,DISPATCH,UNIT_SCADA,1,"2019/08/19 18:50:00",POAT110,42.4340
D,DISPATCH,UNIT_SCADA,1,"2019/08/19 18:50:00",POAT220,141.262010
D,DISPATCH,UNIT_SCADA,1,"2019/08/19 18:50:00",POR01,0
D,DISPATCH,UNIT_SCADA,1,"2019/08/19 18:50:00",POR03,0
D,DISPATCH,UNIT_SCADA,1,"2019/08/19 18:50:00",PPCCGT,497.695770
D,DISPATCH,UNIT_SCADA,1,"2019/08/19 18:50:00",PTSTAN1,0
D,DISPATCH,UNIT_SCADA,1,"2019/08/19 18:50:00",PUMP1,0
D,DISPATCH,UNIT_SCADA,1,"2019/08/19 18:50:00",PUMP2,0
D,DISPATCH,UNIT_SCADA,1,"2019/08/19 18:50:00",QPS1,29
D,DISPATCH,UNIT_SCADA,1,"2019/08/19 18:50:00",QPS2,0
D,DISPATCH,UNIT_SCADA,1,"2019/08/19 18:50:00",QPS3,23.80
D,DISPATCH,UNIT_SCADA,1,"2019/08/19 18:50:00",QPS4,20.40
D,DISPATCH,UNIT_SCADA,1,"2019/08/19 18:50:00",QPS5,0
D,DISPATCH,UNIT_SCADA,1,"2019/08/19 18:50:00",REECE1,113.740010
D,DISPATCH,UNIT_SCADA,1,"2019/08/19 18:50:00",REECE2,111.010010
D,DISPATCH,UNIT_SCADA,1,"2019/08/19 18:50:00",ROMA_7,0
D,DISPATCH,UNIT_SCADA,1,"2019/08/19 18:50:00",ROMA_8,0
D,DISPATCH,UNIT_SCADA,1,"2019/08/19 18:50:00",RRSF1,0
D,DISPATCH,UNIT_SCADA,1,"2019/08/19 18:50:00",RT_NSW1,0
D,DISPATCH,UNIT_SCADA,1,"2019/08/19 18:50:00",RT_NSW2,0
D,DISPATCH,UNIT_SCADA,1,"2019/08/19 18:50:00",RT_NSW3,0
D,DISPATCH,UNIT_SCADA,1,"2019/08/19 18:50:00",RT_NSW4,0
D,DISPATCH,UNIT_SCADA,1,"2019/08/19 18:50:00",RT_NSW5,0
D,DISPATCH,UNIT_SCADA,1,"2019/08/19 18:50:00",RT_NSW6,0
D,DISPATCH,UNIT_SCADA,1,"2019/08/19 18:50:00",RT_QLD1,0
D,DISPATCH,UNIT_SCADA,1,"2019/08/19 18:50:00",RT_SA1,0
D,DISPATCH,UNIT_SCADA,1,"2019/08/19 18:50:00",RT_SA2,0
D,DISPATCH,UNIT_SCADA,1,"2019/08/19 18:50:00",RT_SA3,0
D,DISPATCH,UNIT_SCADA,1,"2019/08/19 18:50:00",RT_SA4,0
D,DISPATCH,UNIT_SCADA,1,"2019/08/19 18:50:00",RT_SA5,0
D,DISPATCH,UNIT_SCADA,1,"2019/08/19 18:50:00",RT_SA6,0
D,DISPATCH,UNIT_SCADA,1,"2019/08/19 18:50:00",RT_TAS1,0
D,DISPATCH,UNIT_SCADA,1,"2019/08/19 18:50:00",RT_VIC1,0
D,DISPATCH,UNIT_SCADA,1,"2019/08/19 18:50:00",RT_VIC10,0
D,DISPATCH,UNIT_SCADA,1,"2019/08/19 18:50:00",RT_VIC11,0
D,DISPATCH,UNIT_SCADA,1,"2019/08/19 18:50:00",RT_VIC12,0
D,DISPATCH,UNIT_SCADA,1,"2019/08/19 18:50:00",RT_VIC2,0
D,DISPATCH,UNIT_SCADA,1,"2019/08/19 18:50:00",RT_VIC3,0
D,DISPATCH,UNIT_SCADA,1,"2019/08/19 18:50:00",RT_VIC4,0
D,DISPATCH,UNIT_SCADA,1,"2019/08/19 18:50:00",RT_VIC5,0
D,DISPATCH,UNIT_SCADA,1,"2019/08/19 18:50:00",RT_VIC6,0
D,DISPATCH,UNIT_SCADA,1,"2019/08/19 18:50:00",RT_VIC7,0
D,DISPATCH,UNIT_SCADA,1,"2019/08/19 18:50:00",RT_VIC8,0
D,DISPATCH,UNIT_SCADA,1,"2019/08/19 18:50:00",RT_VIC9,0
D,DISPATCH,UNIT_SCADA,1,"2019/08/19 18:50:00",RUGBYR1,0
D,DISPATCH,UNIT_SCADA,1,"2019/08/19 18:50:00",SALTCRK1,36.83
D,DISPATCH,UNIT_SCADA,1,"2019/08/19 18:50:00",SAPHWF1,230.146850
D,DISPATCH,UNIT_SCADA,1,"2019/08/19 18:50:00",SHGEN,196.729030
D,DISPATCH,UNIT_SCADA,1,"2019/08/19 18:50:00",SHPUMP,0
D,DISPATCH,UNIT_SCADA,1,"2019/08/19 18:50:00",SITHE01,0.043330
D,DISPATCH,UNIT_SCADA,1,"2019/08/19 18:50:00",SMCSF1,0
D,DISPATCH,UNIT_SCADA,1,"2019/08/19 18:50:00",SNOWNTH1,41.50
D,DISPATCH,UNIT_SCADA,1,"2019/08/19 18:50:00",SNOWSTH1,47.30
D,DISPATCH,UNIT_SCADA,1,"2019/08/19 18:50:00",SNOWTWN1,28.079030
D,DISPATCH,UNIT_SCADA,1,"2019/08/19 18:50:00",SNOWYP,0
D,DISPATCH,UNIT_SCADA,1,"2019/08/19 18:50:00",SNUG1,0.019440
D,DISPATCH,UNIT_SCADA,1,"2019/08/19 18:50:00",SRSF1,0.30
D,DISPATCH,UNIT_SCADA,1,"2019/08/19 18:50:00",STAN-1,0
D,DISPATCH,UNIT_SCADA,1,"2019/08/19 18:50:00",STAN-2,345.8627
D,DISPATCH,UNIT_SCADA,1,"2019/08/19 18:50:00",STAN-3,335.980160
D,DISPATCH,UNIT_SCADA,1,"2019/08/19 18:50:00",STAN-4,368.345120
D,DISPATCH,UNIT_SCADA,1,"2019/08/19 18:50:00",STWF1,39.296260
D,DISPATCH,UNIT_SCADA,1,"2019/08/19 18:50:00",SWAN_E,0
D,DISPATCH,UNIT_SCADA,1,"2019/08/19 18:50:00",TALWA1,423
D,DISPATCH,UNIT_SCADA,1,"2019/08/19 18:50:00",TARALGA1,84.389980
D,DISPATCH,UNIT_SCADA,1,"2019/08/19 18:50:00",TARONG#1,338.800020
D,DISPATCH,UNIT_SCADA,1,"2019/08/19 18:50:00",TARONG#2,338.700010
D,DISPATCH,UNIT_SCADA,1,"2019/08/19 18:50:00",TARONG#3,279.899990
D,DISPATCH,UNIT_SCADA,1,"2019/08/19 18:50:00",TARONG#4,349.300020
D,DISPATCH,UNIT_SCADA,1,"2019/08/19 18:50:00",TARRALEA,79.10
D,DISPATCH,UNIT_SCADA,1,"2019/08/19 18:50:00",TBSF1,-0.20
D,DISPATCH,UNIT_SCADA,1,"2019/08/19 18:50:00",TNPS1,442.000030
D,DISPATCH,UNIT_SCADA,1,"2019/08/19 18:50:00",TORRA1,92.924980
D,DISPATCH,UNIT_SCADA,1,"2019/08/19 18:50:00",TORRA2,0
D,DISPATCH,UNIT_SCADA,1,"2019/08/19 18:50:00",TORRA3,45.243660
D,DISPATCH,UNIT_SCADA,1,"2019/08/19 18:50:00",TORRA4,0
D,DISPATCH,UNIT_SCADA,1,"2019/08/19 18:50:00",TORRB1,116.48
D,DISPATCH,UNIT_SCADA,1,"2019/08/19 18:50:00",TORRB2,193.56
D,DISPATCH,UNIT_SCADA,1,"2019/08/19 18:50:00",TORRB3,0
D,DISPATCH,UNIT_SCADA,1,"2019/08/19 18:50:00",TORRB4,0
D,DISPATCH,UNIT_SCADA,1,"2019/08/19 18:50:00",TREVALLN,39.660020
D,DISPATCH,UNIT_SCADA,1,"2019/08/19 18:50:00",TRIBUTE,83.65
D,DISPATCH,UNIT_SCADA,1,"2019/08/19 18:50:00",TUMUT3,1002.38
D,DISPATCH,UNIT_SCADA,1,"2019/08/19 18:50:00",TUNGATIN,135.570040
D,DISPATCH,UNIT_SCADA,1,"2019/08/19 18:50:00",TVCC201,0
D,DISPATCH,UNIT_SCADA,1,"2019/08/19 18:50:00",TVPP104,57.924240
D,DISPATCH,UNIT_SCADA,1,"2019/08/19 18:50:00",UPPTUMUT,0
D,DISPATCH,UNIT_SCADA,1,"2019/08/19 18:50:00",URANQ11,166.050020
D,DISPATCH,UNIT_SCADA,1,"2019/08/19 18:50:00",URANQ12,166.031250
D,DISPATCH,UNIT_SCADA,1,"2019/08/19 18:50:00",URANQ13,0
D,DISPATCH,UNIT_SCADA,1,"2019/08/19 18:50:00",URANQ14,0
D,DISPATCH,UNIT_SCADA,1,"2019/08/19 18:50:00",VP5,629.349980
D,DISPATCH,UNIT_SCADA,1,"2019/08/19 18:50:00",VP6,627.899960
D,DISPATCH,UNIT_SCADA,1,"2019/08/19 18:50:00",VPGS1,0
D,DISPATCH,UNIT_SCADA,1,"2019/08/19 18:50:00",VPGS2,0
D,DISPATCH,UNIT_SCADA,1,"2019/08/19 18:50:00",VPGS3,0
D,DISPATCH,UNIT_SCADA,1,"2019/08/19 18:50:00",VPGS4,0
D,DISPATCH,UNIT_SCADA,1,"2019/08/19 18:50:00",VPGS5,0
D,DISPATCH,UNIT_SCADA,1,"2019/08/19 18:50:00",VPGS6,0
D,DISPATCH,UNIT_SCADA,1,"2019/08/19 18:50:00",W/HOE#1,286.889980
D,DISPATCH,UNIT_SCADA,1,"2019/08/19 18:50:00",W/HOE#2,0
D,DISPATCH,UNIT_SCADA,1,"2019/08/19 18:50:00",WATERLWF,39.60
D,DISPATCH,UNIT_SCADA,1,"2019/08/19 18:50:00",WEMENSF1,0
D,DISPATCH,UNIT_SCADA,1,"2019/08/19 18:50:00",WGWF1,25.80
D,DISPATCH,UNIT_SCADA,1,"2019/08/19 18:50:00",WHITSF1,0
D,DISPATCH,UNIT_SCADA,1,"2019/08/19 18:50:00",WKIEWA1,16.40
D,DISPATCH,UNIT_SCADA,1,"2019/08/19 18:50:00",WKIEWA2,16.50
D,DISPATCH,UNIT_SCADA,1,"2019/08/19 18:50:00",WOODLWN1,42.6870
D,DISPATCH,UNIT_SCADA,1,"2019/08/19 18:50:00",WRSF1,0
D,DISPATCH,UNIT_SCADA,1,"2019/08/19 18:50:00",WRWF1,157.905010
D,DISPATCH,UNIT_SCADA,1,"2019/08/19 18:50:00",YABULU,0
D,DISPATCH,UNIT_SCADA,1,"2019/08/19 18:50:00",YABULU2,0
D,DISPATCH,UNIT_SCADA,1,"2019/08/19 18:50:00",YARWUN_1,0
D,DISPATCH,UNIT_SCADA,1,"2019/08/19 18:50:00",YENDWF1,42.11
D,DISPATCH,UNIT_SCADA,1,"2019/08/19 18:50:00",YWPS1,377.944310
D,DISPATCH,UNIT_SCADA,1,"2019/08/19 18:50:00",YWPS2,280.698730
D,DISPATCH,UNIT_SCADA,1,"2019/08/19 18:50:00",YWPS3,0
D,DISPATCH,UNIT_SCADA,1,"2019/08/19 18:50:00",YWPS4,392.415190
C,"END OF REPORT",334
