C,NEMP.WORLD,DISPATCHSCADA,AEMO,PUBLIC,2019/09/06,11:45:09,0000000312460533,DISPATCHSCADA,0000000312460527
I,DISPATCH,UNIT_SCADA,1,SETTLEMENTDATE,DUID,SCADAVALUE
D,DISPATCH,UNIT_SCADA,1,"2019/09/06 11:50:00",BARCSF1,8.900001
D,DISPATCH,UNIT_SCADA,1,"2019/09/06 11:50:00",BUTLERSG,10.199999
D,DISPATCH,UNIT_SCADA,1,"2019/09/06 11:50:00",CALL_A_4,0
D,DISPATCH,UNIT_SCADA,1,"2019/09/06 11:50:00",CAPTL_WF,119.804001
D,DISPATCH,UNIT_SCADA,1,"2019/09/06 11:50:00",CATHROCK,0
D,DISPATCH,UNIT_SCADA,1,"2019/09/06 11:50:00",CHALLHWF,16.400002
D,DISPATCH,UNIT_SCADA,1,"2019/09/06 11:50:00",CLOVER,-0.01
D,DISPATCH,UNIT_SCADA,1,"2019/09/06 11:50:00",CLUNY,18.464180
D,DISPATCH,UNIT_SCADA,1,"2019/09/06 11:50:00",CNUNDAWF,35.341228
D,DISPATCH,UNIT_SCADA,1,"2019/09/06 11:50:00",CULLRGWF,25.65
D,DISPATCH,UNIT_SCADA,1,"2019/09/06 11:50:00",ERGT01,0
D,DISPATCH,UNIT_SCADA,1,"2019/09/06 11:50:00",GB01,0.011379
D,DISPATCH,UNIT_SCADA,1,"2019/09/06 11:50:00",GERMCRK,32
D,DISPATCH,UNIT_SCADA,1,"2019/09/06 11:50:00",GRIFSF1,1.900009
D,DISPATCH,UNIT_SCADA,1,"2019/09/06 11:50:00",HUGSF1,9.04
D,DISPATCH,UNIT_SCADA,1,"2019/09/06 11:50:00",LKBONNY1,62.516556
D,DISPATCH,UNIT_SCADA,1,"2019/09/06 11:50:00",LRSF1,10.584001
D,DISPATCH,UNIT_SCADA,1,"2019/09/06 11:50:00",MBAHNTH,51.618744
D,DISPATCH,UNIT_SCADA,1,"2019/09/06 11:50:00",MLSP1,4.858001
D,DISPATCH,UNIT_SCADA,1,"2019/09/06 11:50:00",MLWF1,9.48
D,DISPATCH,UNIT_SCADA,1,"2019/09/06 11:50:00",MTMILLAR,53.726269
D,DISPATCH,UNIT_SCADA,1,"2019/09/06 11:50:00",PALOONA,24.73
D,DISPATCH,UNIT_SCADA,1,"2019/09/06 11:50:00",PIONEER,34.299999
D,DISPATCH,UNIT_SCADA,1,"2019/09/06 11:50:00",PORTWF,64.300003
D,DISPATCH,UNIT_SCADA,1,"2019/09/06 11:50:00",REPULSE,32.504768
D,DISPATCH,UNIT_SCADA,1,"2019/09/06 11:50:00",ROWALLAN,10.3305
D,DISPATCH,UNIT_SCADA,1,"2019/09/06 11:50:00",ROYALLA1,9.295001
D,DISPATCH,UNIT_SCADA,1,"2019/09/06 11:50:00",RPCG,9.30
D,DISPATCH,UNIT_SCADA,1,"2019/09/06 11:50:00",RUBICON,0
D,DISPATCH,UNIT_SCADA,1,"2019/09/06 11:50:00",SATGN1,0
D,DISPATCH,UNIT_SCADA,1,"2019/09/06 11:50:00",SATGS1,0
D,DISPATCH,UNIT_SCADA,1,"2019/09/06 11:50:00",STARHLWF,24.092974
D,DISPATCH,UNIT_SCADA,1,"2019/09/06 11:50:00",WAUBRAWF,88.742996
D,DISPATCH,UNIT_SCADA,1,"2019/09/06 11:50:00",WOOLNTH1,6.780015
D,DISPATCH,UNIT_SCADA,1,"2019/09/06 11:50:00",WPWF,80
D,DISPATCH,UNIT_SCADA,1,"2019/09/06 11:50:00",YAMBUKWF,13.30
D,DISPATCH,UNIT_SCADA,1,"2019/09/06 11:50:00",YSWF1,18.799999
D,DISPATCH,UNIT_SCADA,1,"2019/09/06 11:50:00",AGLHAL,0
D,DISPATCH,UNIT_SCADA,1,"2019/09/06 11:50:00",AGLSOM,0
D,DISPATCH,UNIT_SCADA,1,"2019/09/06 11:50:00",ANGAST1,0
D,DISPATCH,UNIT_SCADA,1,"2019/09/06 11:50:00",ARWF1,42.20
D,DISPATCH,UNIT_SCADA,1,"2019/09/06 11:50:00",BALBG1,0
D,DISPATCH,UNIT_SCADA,1,"2019/09/06 11:50:00",BALBL1,11.16
D,DISPATCH,UNIT_SCADA,1,"2019/09/06 11:50:00",BALDHWF1,88.1520
D,DISPATCH,UNIT_SCADA,1,"2019/09/06 11:50:00",BANN1,59.10
D,DISPATCH,UNIT_SCADA,1,"2019/09/06 11:50:00",BARCALDN,0
D,DISPATCH,UNIT_SCADA,1,"2019/09/06 11:50:00",BARRON-1,0
D,DISPATCH,UNIT_SCADA,1,"2019/09/06 11:50:00",BARRON-2,0
D,DISPATCH,UNIT_SCADA,1,"2019/09/06 11:50:00",BASTYAN,80.490010
D,DISPATCH,UNIT_SCADA,1,"2019/09/06 11:50:00",BBTHREE1,0
D,DISPATCH,UNIT_SCADA,1,"2019/09/06 11:50:00",BBTHREE2,0
D,DISPATCH,UNIT_SCADA,1,"2019/09/06 11:50:00",BBTHREE3,0
D,DISPATCH,UNIT_SCADA,1,"2019/09/06 11:50:00",BDL01,0
D,DISPATCH,UNIT_SCADA,1,"2019/09/06 11:50:00",BDL02,0
D,DISPATCH,UNIT_SCADA,1,"2019/09/06 11:50:00",BERYLSF1,46.2106
D,DISPATCH,UNIT_SCADA,1,"2019/09/06 11:50:00",BLOWERNG,15.30
D,DISPATCH,UNIT_SCADA,1,"2019/09/06 11:50:00",BLUFF1,52.60
D,DISPATCH,UNIT_SCADA,1,"2019/09/06 11:50:00",BNGSF1,26.84
D,DISPATCH,UNIT_SCADA,1,"2019/09/06 11:50:00",BNGSF2,10
D,DISPATCH,UNIT_SCADA,1,"2019/09/06 11:50:00",BOCORWF1,106.35
D,DISPATCH,UNIT_SCADA,1,"2019/09/06 11:50:00",BODWF1,108.783740
D,DISPATCH,UNIT_SCADA,1,"2019/09/06 11:50:00",BRAEMAR1,0
D,DISPATCH,UNIT_SCADA,1,"2019/09/06 11:50:00",BRAEMAR2,0
D,DISPATCH,UNIT_SCADA,1,"2019/09/06 11:50:00",BRAEMAR3,0
D,DISPATCH,UNIT_SCADA,1,"2019/09/06 11:50:00",BRAEMAR5,0
D,DISPATCH,UNIT_SCADA,1,"2019/09/06 11:50:00",BRAEMAR6,0
D,DISPATCH,UNIT_SCADA,1,"2019/09/06 11:50:00",BRAEMAR7,0
D,DISPATCH,UNIT_SCADA,1,"2019/09/06 11:50:00",BROKENH1,46.897710
D,DISPATCH,UNIT_SCADA,1,"2019/09/06 11:50:00",BW01,586.674930
D,DISPATCH,UNIT_SCADA,1,"2019/09/06 11:50:00",BW02,590.8750
D,DISPATCH,UNIT_SCADA,1,"2019/09/06 11:50:00",BW03,613.50
D,DISPATCH,UNIT_SCADA,1,"2019/09/06 11:50:00",BW04,0
D,DISPATCH,UNIT_SCADA,1,"2019/09/06 11:50:00",CALL_B_1,349.100010
D,DISPATCH,UNIT_SCADA,1,"2019/09/06 11:50:00",CALL_B_2,350
D,DISPATCH,UNIT_SCADA,1,"2019/09/06 11:50:00",CETHANA,97.346250
D,DISPATCH,UNIT_SCADA,1,"2019/09/06 11:50:00",CG1,0
D,DISPATCH,UNIT_SCADA,1,"2019/09/06 11:50:00",CG2,0
D,DISPATCH,UNIT_SCADA,1,"2019/09/06 11:50:00",CG3,0
D,DISPATCH,UNIT_SCADA,1,"2019/09/06 11:50:00",CG4,0
D,DISPATCH,UNIT_SCADA,1,"2019/09/06 11:50:00",CHILDSF1,28.07
D,DISPATCH,UNIT_SCADA,1,"2019/09/06 11:50:00",CLARESF1,42.987520
D,DISPATCH,UNIT_SCADA,1,"2019/09/06 11:50:00",CLEMGPWF,49.560090
D,DISPATCH,UNIT_SCADA,1,"2019/09/06 11:50:00",CLERMSF1,14.72
D,DISPATCH,UNIT_SCADA,1,"2019/09/06 11:50:00",COLEASF1,14.800010
D,DISPATCH,UNIT_SCADA,1,"2019/09/06 11:50:00",COOPGWF1,49.470960
D,DISPATCH,UNIT_SCADA,1,"2019/09/06 11:50:00",CPP_3,260.425020
D,DISPATCH,UNIT_SCADA,1,"2019/09/06 11:50:00",CPP_4,345.1250
D,DISPATCH,UNIT_SCADA,1,"2019/09/06 11:50:00",CPSA,73.923750
D,DISPATCH,UNIT_SCADA,1,"2019/09/06 11:50:00",CROOKWF2,80.203750
D,DISPATCH,UNIT_SCADA,1,"2019/09/06 11:50:00",CROWLWF1,28.3689
D,DISPATCH,UNIT_SCADA,1,"2019/09/06 11:50:00",CSPVPS1,32.0020
D,DISPATCH,UNIT_SCADA,1,"2019/09/06 11:50:00",DALNTH01,0
D,DISPATCH,UNIT_SCADA,1,"2019/09/06 11:50:00",DALNTHL1,0.068670
D,DISPATCH,UNIT_SCADA,1,"2019/09/06 11:50:00",DARTM1,0
D,DISPATCH,UNIT_SCADA,1,"2019/09/06 11:50:00",DAYDSF1,113.91
D,DISPATCH,UNIT_SCADA,1,"2019/09/06 11:50:00",DDPS1,0
D,DISPATCH,UNIT_SCADA,1,"2019/09/06 11:50:00",DDSF1,106.106880
D,DISPATCH,UNIT_SCADA,1,"2019/09/06 11:50:00",DEVILS_G,0
D,DISPATCH,UNIT_SCADA,1,"2019/09/06 11:50:00",DG_NSW1,0
D,DISPATCH,UNIT_SCADA,1,"2019/09/06 11:50:00",DG_QLD1,0
D,DISPATCH,UNIT_SCADA,1,"2019/09/06 11:50:00",DG_SA1,0
D,DISPATCH,UNIT_SCADA,1,"2019/09/06 11:50:00",DG_TAS1,0
D,DISPATCH,UNIT_SCADA,1,"2019/09/06 11:50:00",DG_VIC1,0
D,DISPATCH,UNIT_SCADA,1,"2019/09/06 11:50:00",DRYCGT1,0
D,DISPATCH,UNIT_SCADA,1,"2019/09/06 11:50:00",DRYCGT2,0
D,DISPATCH,UNIT_SCADA,1,"2019/09/06 11:50:00",DRYCGT3,0
D,DISPATCH,UNIT_SCADA,1,"2019/09/06 11:50:00",EILDON1,0
D,DISPATCH,UNIT_SCADA,1,"2019/09/06 11:50:00",EILDON2,0
D,DISPATCH,UNIT_SCADA,1,"2019/09/06 11:50:00",EMERASF1,67.82
D,DISPATCH,UNIT_SCADA,1,"2019/09/06 11:50:00",ER01,502.6250
D,DISPATCH,UNIT_SCADA,1,"2019/09/06 11:50:00",ER02,585.175050
D,DISPATCH,UNIT_SCADA,1,"2019/09/06 11:50:00",ER03,0
D,DISPATCH,UNIT_SCADA,1,"2019/09/06 11:50:00",ER04,584.1250
D,DISPATCH,UNIT_SCADA,1,"2019/09/06 11:50:00",FINLYSF1,3.337510
D,DISPATCH,UNIT_SCADA,1,"2019/09/06 11:50:00",FISHER,45.85
D,DISPATCH,UNIT_SCADA,1,"2019/09/06 11:50:00",GANNBG1,1.868920
D,DISPATCH,UNIT_SCADA,1,"2019/09/06 11:50:00",GANNBL1,0
D,DISPATCH,UNIT_SCADA,1,"2019/09/06 11:50:00",GANNSF1,20.80
D,DISPATCH,UNIT_SCADA,1,"2019/09/06 11:50:00",GORDON,21.7980
D,DISPATCH,UNIT_SCADA,1,"2019/09/06 11:50:00",GSTONE1,133.524990
D,DISPATCH,UNIT_SCADA,1,"2019/09/06 11:50:00",GSTONE2,109.7250
D,DISPATCH,UNIT_SCADA,1,"2019/09/06 11:50:00",GSTONE3,0
D,DISPATCH,UNIT_SCADA,1,"2019/09/06 11:50:00",GSTONE4,134.224990
D,DISPATCH,UNIT_SCADA,1,"2019/09/06 11:50:00",GSTONE5,133.8750
D,DISPATCH,UNIT_SCADA,1,"2019/09/06 11:50:00",GSTONE6,133.349990
D,DISPATCH,UNIT_SCADA,1,"2019/09/06 11:50:00",GULLRSF1,5.7547
D,DISPATCH,UNIT_SCADA,1,"2019/09/06 11:50:00",GULLRWF1,137.109340
D,DISPATCH,UNIT_SCADA,1,"2019/09/06 11:50:00",GUNNING1,32.868210
D,DISPATCH,UNIT_SCADA,1,"2019/09/06 11:50:00",GUTHEGA,0
D,DISPATCH,UNIT_SCADA,1,"2019/09/06 11:50:00",HALLWF1,-0.45
D,DISPATCH,UNIT_SCADA,1,"2019/09/06 11:50:00",HALLWF2,-0.30
D,DISPATCH,UNIT_SCADA,1,"2019/09/06 11:50:00",HAMISF1,45.80
D,DISPATCH,UNIT_SCADA,1,"2019/09/06 11:50:00",HAUGHT11,93.843450
D,DISPATCH,UNIT_SCADA,1,"2019/09/06 11:50:00",HAYMSF1,40.7780
D,DISPATCH,UNIT_SCADA,1,"2019/09/06 11:50:00",HDWF1,78.70
D,DISPATCH,UNIT_SCADA,1,"2019/09/06 11:50:00",HDWF2,79.30
D,DISPATCH,UNIT_SCADA,1,"2019/09/06 11:50:00",HDWF3,83.90
D,DISPATCH,UNIT_SCADA,1,"2019/09/06 11:50:00",HPRG1,3.60
D,DISPATCH,UNIT_SCADA,1,"2019/09/06 11:50:00",HPRL1,0
D,DISPATCH,UNIT_SCADA,1,"2019/09/06 11:50:00",HUMENSW,0
D,DISPATCH,UNIT_SCADA,1,"2019/09/06 11:50:00",HUMEV,24.40
D,DISPATCH,UNIT_SCADA,1,"2019/09/06 11:50:00",HVGTS,0
D,DISPATCH,UNIT_SCADA,1,"2019/09/06 11:50:00",JBUTTERS,117.63
D,DISPATCH,UNIT_SCADA,1,"2019/09/06 11:50:00",JLA01,0.10
D,DISPATCH,UNIT_SCADA,1,"2019/09/06 11:50:00",JLA02,0
D,DISPATCH,UNIT_SCADA,1,"2019/09/06 11:50:00",JLA03,0
D,DISPATCH,UNIT_SCADA,1,"2019/09/06 11:50:00",JLA04,0
D,DISPATCH,UNIT_SCADA,1,"2019/09/06 11:50:00",JLB01,0
D,DISPATCH,UNIT_SCADA,1,"2019/09/06 11:50:00",JLB02,0.10
D,DISPATCH,UNIT_SCADA,1,"2019/09/06 11:50:00",JLB03,0
D,DISPATCH,UNIT_SCADA,1,"2019/09/06 11:50:00",KAREEYA1,21.5725
D,DISPATCH,UNIT_SCADA,1,"2019/09/06 11:50:00",KAREEYA2,21.7375
D,DISPATCH,UNIT_SCADA,1,"2019/09/06 11:50:00",KAREEYA3,0
D,DISPATCH,UNIT_SCADA,1,"2019/09/06 11:50:00",KAREEYA4,21.5725
D,DISPATCH,UNIT_SCADA,1,"2019/09/06 11:50:00",KARSF1,14.80
D,DISPATCH,UNIT_SCADA,1,"2019/09/06 11:50:00",KIATAWF1,30.90
D,DISPATCH,UNIT_SCADA,1,"2019/09/06 11:50:00",KPP_1,0
D,DISPATCH,UNIT_SCADA,1,"2019/09/06 11:50:00",KSP1,46.50
D,DISPATCH,UNIT_SCADA,1,"2019/09/06 11:50:00",LADBROK1,0
D,DISPATCH,UNIT_SCADA,1,"2019/09/06 11:50:00",LADBROK2,0
D,DISPATCH,UNIT_SCADA,1,"2019/09/06 11:50:00",LD01,374.4375
D,DISPATCH,UNIT_SCADA,1,"2019/09/06 11:50:00",LD02,381.487520
D,DISPATCH,UNIT_SCADA,1,"2019/09/06 11:50:00",LD03,374.568790
D,DISPATCH,UNIT_SCADA,1,"2019/09/06 11:50:00",LD04,376.893770
D,DISPATCH,UNIT_SCADA,1,"2019/09/06 11:50:00",LEM_WIL,84.9515
D,DISPATCH,UNIT_SCADA,1,"2019/09/06 11:50:00",LGAPWF1,34.45
D,DISPATCH,UNIT_SCADA,1,"2019/09/06 11:50:00",LILYSF1,0
D,DISPATCH,UNIT_SCADA,1,"2019/09/06 11:50:00",LI_WY_CA,163.360290
D,DISPATCH,UNIT_SCADA,1,"2019/09/06 11:50:00",LKBONNY2,94.812580
D,DISPATCH,UNIT_SCADA,1,"2019/09/06 11:50:00",LKBONNY3,21.491480
D,DISPATCH,UNIT_SCADA,1,"2019/09/06 11:50:00",LK_ECHO,0
D,DISPATCH,UNIT_SCADA,1,"2019/09/06 11:50:00",LNGS1,0
D,DISPATCH,UNIT_SCADA,1,"2019/09/06 11:50:00",LNGS2,0
D,DISPATCH,UNIT_SCADA,1,"2019/09/06 11:50:00",LONSDALE,0
D,DISPATCH,UNIT_SCADA,1,"2019/09/06 11:50:00",LOYYB1,537.592410
D,DISPATCH,UNIT_SCADA,1,"2019/09/06 11:50:00",LOYYB2,583.458250
D,DISPATCH,UNIT_SCADA,1,"2019/09/06 11:50:00",LYA1,0
D,DISPATCH,UNIT_SCADA,1,"2019/09/06 11:50:00",LYA2,0
D,DISPATCH,UNIT_SCADA,1,"2019/09/06 11:50:00",LYA3,559
D,DISPATCH,UNIT_SCADA,1,"2019/09/06 11:50:00",LYA4,541
D,DISPATCH,UNIT_SCADA,1,"2019/09/06 11:50:00",MACARTH1,97.097760
D,DISPATCH,UNIT_SCADA,1,"2019/09/06 11:50:00",MACKAYGT,0.2240
D,DISPATCH,UNIT_SCADA,1,"2019/09/06 11:50:00",MACKNTSH,88.530010
D,DISPATCH,UNIT_SCADA,1,"2019/09/06 11:50:00",MANSLR1,21.2460
D,DISPATCH,UNIT_SCADA,1,"2019/09/06 11:50:00",MCKAY1,-0.0350
D,DISPATCH,UNIT_SCADA,1,"2019/09/06 11:50:00",MEADOWBK,34.2960
D,DISPATCH,UNIT_SCADA,1,"2019/09/06 11:50:00",MERCER01,76.3370
D,DISPATCH,UNIT_SCADA,1,"2019/09/06 11:50:00",MEWF1,17.983490
D,DISPATCH,UNIT_SCADA,1,"2019/09/06 11:50:00",MINTARO,0
D,DISPATCH,UNIT_SCADA,1,"2019/09/06 11:50:00",MOREESF1,48.5540
D,DISPATCH,UNIT_SCADA,1,"2019/09/06 11:50:00",MORTLK11,126
D,DISPATCH,UNIT_SCADA,1,"2019/09/06 11:50:00",MORTLK12,0
D,DISPATCH,UNIT_SCADA,1,"2019/09/06 11:50:00",MP1,147.025020
D,DISPATCH,UNIT_SCADA,1,"2019/09/06 11:50:00",MP2,0
D,DISPATCH,UNIT_SCADA,1,"2019/09/06 11:50:00",MPP_1,379.75
D,DISPATCH,UNIT_SCADA,1,"2019/09/06 11:50:00",MPP_2,220.25
D,DISPATCH,UNIT_SCADA,1,"2019/09/06 11:50:00",MSTUART1,0
D,DISPATCH,UNIT_SCADA,1,"2019/09/06 11:50:00",MSTUART2,0
D,DISPATCH,UNIT_SCADA,1,"2019/09/06 11:50:00",MSTUART3,0
D,DISPATCH,UNIT_SCADA,1,"2019/09/06 11:50:00",MTGELWF1,64.505450
D,DISPATCH,UNIT_SCADA,1,"2019/09/06 11:50:00",MURRAY,0
D,DISPATCH,UNIT_SCADA,1,"2019/09/06 11:50:00",MUSSELR1,166
D,DISPATCH,UNIT_SCADA,1,"2019/09/06 11:50:00",MUWAWF1,73.16
D,DISPATCH,UNIT_SCADA,1,"2019/09/06 11:50:00",NBHWF1,119.10
D,DISPATCH,UNIT_SCADA,1,"2019/09/06 11:50:00",NPS,0
D,DISPATCH,UNIT_SCADA,1,"2019/09/06 11:50:00",NUMURSF1,64
D,DISPATCH,UNIT_SCADA,1,"2019/09/06 11:50:00",NYNGAN1,80.50
D,DISPATCH,UNIT_SCADA,1,"2019/09/06 11:50:00",OAKEY1,0
D,DISPATCH,UNIT_SCADA,1,"2019/09/06 11:50:00",OAKEY1SF,22.7350
D,DISPATCH,UNIT_SCADA,1,"2019/09/06 11:50:00",OAKEY2,0
D,DISPATCH,UNIT_SCADA,1,"2019/09/06 11:50:00",OAKEY2SF,0
D,DISPATCH,UNIT_SCADA,1,"2019/09/06 11:50:00",OAKLAND1,16.70
D,DISPATCH,UNIT_SCADA,1,"2019/09/06 11:50:00",OSB-AG,0
D,DISPATCH,UNIT_SCADA,1,"2019/09/06 11:50:00",PARSF1,20.60
D,DISPATCH,UNIT_SCADA,1,"2019/09/06 11:50:00",POAT110,0
D,DISPATCH,UNIT_SCADA,1,"2019/09/06 11:50:00",POAT220,1.39
D,DISPATCH,UNIT_SCADA,1,"2019/09/06 11:50:00",POR01,0
D,DISPATCH,UNIT_SCADA,1,"2019/09/06 11:50:00",POR03,0
D,DISPATCH,UNIT_SCADA,1,"2019/09/06 11:50:00",PPCCGT,0
D,DISPATCH,UNIT_SCADA,1,"2019/09/06 11:50:00",PTSTAN1,0
D,DISPATCH,UNIT_SCADA,1,"2019/09/06 11:50:00",PUMP1,0
D,DISPATCH,UNIT_SCADA,1,"2019/09/06 11:50:00",PUMP2,0
D,DISPATCH,UNIT_SCADA,1,"2019/09/06 11:50:00",QPS1,0
D,DISPATCH,UNIT_SCADA,1,"2019/09/06 11:50:00",QPS2,0
D,DISPATCH,UNIT_SCADA,1,"2019/09/06 11:50:00",QPS3,0
D,DISPATCH,UNIT_SCADA,1,"2019/09/06 11:50:00",QPS4,0
D,DISPATCH,UNIT_SCADA,1,"2019/09/06 11:50:00",QPS5,0
D,DISPATCH,UNIT_SCADA,1,"2019/09/06 11:50:00",REECE1,101.780010
D,DISPATCH,UNIT_SCADA,1,"2019/09/06 11:50:00",REECE2,101.63
D,DISPATCH,UNIT_SCADA,1,"2019/09/06 11:50:00",ROMA_7,0
D,DISPATCH,UNIT_SCADA,1,"2019/09/06 11:50:00",ROMA_8,0
D,DISPATCH,UNIT_SCADA,1,"2019/09/06 11:50:00",RRSF1,110.037780
D,DISPATCH,UNIT_SCADA,1,"2019/09/06 11:50:00",RT_NSW1,0
D,DISPATCH,UNIT_SCADA,1,"2019/09/06 11:50:00",RT_NSW2,0
D,DISPATCH,UNIT_SCADA,1,"2019/09/06 11:50:00",RT_NSW3,0
D,DISPATCH,UNIT_SCADA,1,"2019/09/06 11:50:00",RT_NSW4,0
D,DISPATCH,UNIT_SCADA,1,"2019/09/06 11:50:00",RT_NSW5,0
D,DISPATCH,UNIT_SCADA,1,"2019/09/06 11:50:00",RT_NSW6,0
D,DISPATCH,UNIT_SCADA,1,"2019/09/06 11:50:00",RT_QLD1,0
D,DISPATCH,UNIT_SCADA,1,"2019/09/06 11:50:00",RT_SA1,0
D,DISPATCH,UNIT_SCADA,1,"2019/09/06 11:50:00",RT_SA2,0
D,DISPATCH,UNIT_SCADA,1,"2019/09/06 11:50:00",RT_SA3,0
D,DISPATCH,UNIT_SCADA,1,"2019/09/06 11:50:00",RT_SA4,0
D,DISPATCH,UNIT_SCADA,1,"2019/09/06 11:50:00",RT_SA5,0
D,DISPATCH,UNIT_SCADA,1,"2019/09/06 11:50:00",RT_SA6,0
D,DISPATCH,UNIT_SCADA,1,"2019/09/06 11:50:00",RT_TAS1,0
D,DISPATCH,UNIT_SCADA,1,"2019/09/06 11:50:00",RT_VIC1,0
D,DISPATCH,UNIT_SCADA,1,"2019/09/06 11:50:00",RT_VIC10,0
D,DISPATCH,UNIT_SCADA,1,"2019/09/06 11:50:00",RT_VIC11,0
D,DISPATCH,UNIT_SCADA,1,"2019/09/06 11:50:00",RT_VIC12,0
D,DISPATCH,UNIT_SCADA,1,"2019/09/06 11:50:00",RT_VIC2,0
D,DISPATCH,UNIT_SCADA,1,"2019/09/06 11:50:00",RT_VIC3,0
D,DISPATCH,UNIT_SCADA,1,"2019/09/06 11:50:00",RT_VIC4,0
D,DISPATCH,UNIT_SCADA,1,"2019/09/06 11:50:00",RT_VIC5,0
D,DISPATCH,UNIT_SCADA,1,"2019/09/06 11:50:00",RT_VIC6,0
D,DISPATCH,UNIT_SCADA,1,"2019/09/06 11:50:00",RT_VIC7,0
D,DISPATCH,UNIT_SCADA,1,"2019/09/06 11:50:00",RT_VIC8,0
D,DISPATCH,UNIT_SCADA,1,"2019/09/06 11:50:00",RT_VIC9,0
D,DISPATCH,UNIT_SCADA,1,"2019/09/06 11:50:00",RUGBYR1,63.936510
D,DISPATCH,UNIT_SCADA,1,"2019/09/06 11:50:00",SALTCRK1,23.86
D,DISPATCH,UNIT_SCADA,1,"2019/09/06 11:50:00",SAPHWF1,212.099980
D,DISPATCH,UNIT_SCADA,1,"2019/09/06 11:50:00",SHGEN,0
D,DISPATCH,UNIT_SCADA,1,"2019/09/06 11:50:00",SHPUMP,79.414950
D,DISPATCH,UNIT_SCADA,1,"2019/09/06 11:50:00",SITHE01,0.194050
D,DISPATCH,UNIT_SCADA,1,"2019/09/06 11:50:00",SMCSF1,87.151760
D,DISPATCH,UNIT_SCADA,1,"2019/09/06 11:50:00",SNOWNTH1,138.399990
D,DISPATCH,UNIT_SCADA,1,"2019/09/06 11:50:00",SNOWSTH1,118.80
D,DISPATCH,UNIT_SCADA,1,"2019/09/06 11:50:00",SNOWTWN1,90.997180
D,DISPATCH,UNIT_SCADA,1,"2019/09/06 11:50:00",SNOWYP,392.700010
D,DISPATCH,UNIT_SCADA,1,"2019/09/06 11:50:00",SNUG1,0.019440
D,DISPATCH,UNIT_SCADA,1,"2019/09/06 11:50:00",SRSF1,69.439990
D,DISPATCH,UNIT_SCADA,1,"2019/09/06 11:50:00",STAN-1,210.570820
D,DISPATCH,UNIT_SCADA,1,"2019/09/06 11:50:00",STAN-2,231.451020
D,DISPATCH,UNIT_SCADA,1,"2019/09/06 11:50:00",STAN-3,233.066060
D,DISPATCH,UNIT_SCADA,1,"2019/09/06 11:50:00",STAN-4,229.259170
D,DISPATCH,UNIT_SCADA,1,"2019/09/06 11:50:00",STWF1,0
D,DISPATCH,UNIT_SCADA,1,"2019/09/06 11:50:00",SWAN_E,0
D,DISPATCH,UNIT_SCADA,1,"2019/09/06 11:50:00",TALWA1,237
D,DISPATCH,UNIT_SCADA,1,"2019/09/06 11:50:00",TARALGA1,91.608750
D,DISPATCH,UNIT_SCADA,1,"2019/09/06 11:50:00",TARONG#1,350.600010
D,DISPATCH,UNIT_SCADA,1,"2019/09/06 11:50:00",TARONG#2,0
D,DISPATCH,UNIT_SCADA,1,"2019/09/06 11:50:00",TARONG#3,279.100010
D,DISPATCH,UNIT_SCADA,1,"2019/09/06 11:50:00",TARONG#4,349.200010
D,DISPATCH,UNIT_SCADA,1,"2019/09/06 11:50:00",TARRALEA,73.90
D,DISPATCH,UNIT_SCADA,1,"2019/09/06 11:50:00",TBSF1,32
D,DISPATCH,UNIT_SCADA,1,"2019/09/06 11:50:00",TNPS1,399.700010
D,DISPATCH,UNIT_SCADA,1,"2019/09/06 11:50:00",TORRA1,39.831670
D,DISPATCH,UNIT_SCADA,1,"2019/09/06 11:50:00",TORRA2,0
D,DISPATCH,UNIT_SCADA,1,"2019/09/06 11:50:00",TORRA3,0
D,DISPATCH,UNIT_SCADA,1,"2019/09/06 11:50:00",TORRA4,37.2128
D,DISPATCH,UNIT_SCADA,1,"2019/09/06 11:50:00",TORRB1,67.47
D,DISPATCH,UNIT_SCADA,1,"2019/09/06 11:50:00",TORRB2,70.82
D,DISPATCH,UNIT_SCADA,1,"2019/09/06 11:50:00",TORRB3,39.77
D,DISPATCH,UNIT_SCADA,1,"2019/09/06 11:50:00",TORRB4,0
D,DISPATCH,UNIT_SCADA,1,"2019/09/06 11:50:00",TREVALLN,67.240020
D,DISPATCH,UNIT_SCADA,1,"2019/09/06 11:50:00",TRIBUTE,0
D,DISPATCH,UNIT_SCADA,1,"2019/09/06 11:50:00",TUMUT3,0
D,DISPATCH,UNIT_SCADA,1,"2019/09/06 11:50:00",TUNGATIN,97.660030
D,DISPATCH,UNIT_SCADA,1,"2019/09/06 11:50:00",TVCC201,0
D,DISPATCH,UNIT_SCADA,1,"2019/09/06 11:50:00",TVPP104,0
D,DISPATCH,UNIT_SCADA,1,"2019/09/06 11:50:00",UPPTUMUT,37.046490
D,DISPATCH,UNIT_SCADA,1,"2019/09/06 11:50:00",URANQ11,0
D,DISPATCH,UNIT_SCADA,1,"2019/09/06 11:50:00",URANQ12,0
D,DISPATCH,UNIT_SCADA,1,"2019/09/06 11:50:00",URANQ13,0
D,DISPATCH,UNIT_SCADA,1,"2019/09/06 11:50:00",URANQ14,0
D,DISPATCH,UNIT_SCADA,1,"2019/09/06 11:50:00",VP5,400.524990
D,DISPATCH,UNIT_SCADA,1,"2019/09/06 11:50:00",VP6,0
D,DISPATCH,UNIT_SCADA,1,"2019/09/06 11:50:00",VPGS1,0
D,DISPATCH,UNIT_SCADA,1,"2019/09/06 11:50:00",VPGS2,0
D,DISPATCH,UNIT_SCADA,1,"2019/09/06 11:50:00",VPGS3,0
D,DISPATCH,UNIT_SCADA,1,"2019/09/06 11:50:00",VPGS4,0
D,DISPATCH,UNIT_SCADA,1,"2019/09/06 11:50:00",VPGS5,0
D,DISPATCH,UNIT_SCADA,1,"2019/09/06 11:50:00",VPGS6,0
D,DISPATCH,UNIT_SCADA,1,"2019/09/06 11:50:00",W/HOE#1,0
D,DISPATCH,UNIT_SCADA,1,"2019/09/06 11:50:00",W/HOE#2,0
D,DISPATCH,UNIT_SCADA,1,"2019/09/06 11:50:00",WATERLWF,99.40
D,DISPATCH,UNIT_SCADA,1,"2019/09/06 11:50:00",WEMENSF1,11.70
D,DISPATCH,UNIT_SCADA,1,"2019/09/06 11:50:00",WGWF1,0.90
D,DISPATCH,UNIT_SCADA,1,"2019/09/06 11:50:00",WHITSF1,42
D,DISPATCH,UNIT_SCADA,1,"2019/09/06 11:50:00",WKIEWA1,16.80
D,DISPATCH,UNIT_SCADA,1,"2019/09/06 11:50:00",WKIEWA2,0.10
D,DISPATCH,UNIT_SCADA,1,"2019/09/06 11:50:00",WOODLWN1,39.735020
D,DISPATCH,UNIT_SCADA,1,"2019/09/06 11:50:00",WRSF1,12.68
D,DISPATCH,UNIT_SCADA,1,"2019/09/06 11:50:00",WRWF1,150.1050
D,DISPATCH,UNIT_SCADA,1,"2019/09/06 11:50:00",YABULU,0
D,DISPATCH,UNIT_SCADA,1,"2019/09/06 11:50:00",YABULU2,0
D,DISPATCH,UNIT_SCADA,1,"2019/09/06 11:50:00",YARWUN_1,120.16
D,DISPATCH,UNIT_SCADA,1,"2019/09/06 11:50:00",YENDWF1,41.92
D,DISPATCH,UNIT_SCADA,1,"2019/09/06 11:50:00",YWPS1,378.445560
D,DISPATCH,UNIT_SCADA,1,"2019/09/06 11:50:00",YWPS2,279.194950
D,DISPATCH,UNIT_SCADA,1,"2019/09/06 11:50:00",YWPS3,326.926570
D,DISPATCH,UNIT_SCADA,1,"2019/09/06 11:50:00",YWPS4,394.108860
C,"END OF REPORT",335
