C,NEMP.WORLD,DISPATCHSCADA,AEMO,PUBLIC,2019/09/06,02:00:09,0000000312443977,DISPATCHSCADA,0000000312443971
I,DISPATCH,UNIT_SCADA,1,SETTLEMENTDATE,DUID,SCADAVALUE
D,DISPATCH,UNIT_SCADA,1,"2019/09/06 02:05:00",BARCSF1,0.30
D,DISPATCH,UNIT_SCADA,1,"2019/09/06 02:05:00",BUTLERSG,10.199999
D,DISPATCH,UNIT_SCADA,1,"2019/09/06 02:05:00",CALL_A_4,0
D,DISPATCH,UNIT_SCADA,1,"2019/09/06 02:05:00",CAPTL_WF,26.540001
D,DISPATCH,UNIT_SCADA,1,"2019/09/06 02:05:00",CATHROCK,0
D,DISPATCH,UNIT_SCADA,1,"2019/09/06 02:05:00",CHALLHWF,20.099998
D,DISPATCH,UNIT_SCADA,1,"2019/09/06 02:05:00",CLOVER,-0.01
D,DISPATCH,UNIT_SCADA,1,"2019/09/06 02:05:00",CLUNY,14.430305
D,DISPATCH,UNIT_SCADA,1,"2019/09/06 02:05:00",CNUNDAWF,17.820789
D,DISPATCH,UNIT_SCADA,1,"2019/09/06 02:05:00",CULLRGWF,7.65
D,DISPATCH,UNIT_SCADA,1,"2019/09/06 02:05:00",ERGT01,0
D,DISPATCH,UNIT_SCADA,1,"2019/09/06 02:05:00",GB01,0.002285
D,DISPATCH,UNIT_SCADA,1,"2019/09/06 02:05:00",GERMCRK,35.900002
D,DISPATCH,UNIT_SCADA,1,"2019/09/06 02:05:00",GRIFSF1,0
D,DISPATCH,UNIT_SCADA,1,"2019/09/06 02:05:00",HUGSF1,-0.2330
D,DISPATCH,UNIT_SCADA,1,"2019/09/06 02:05:00",LKBONNY1,40.278522
D,DISPATCH,UNIT_SCADA,1,"2019/09/06 02:05:00",LRSF1,-0.0010
D,DISPATCH,UNIT_SCADA,1,"2019/09/06 02:05:00",MBAHNTH,50.024994
D,DISPATCH,UNIT_SCADA,1,"2019/09/06 02:05:00",MLSP1,0
D,DISPATCH,UNIT_SCADA,1,"2019/09/06 02:05:00",MLWF1,8.70
D,DISPATCH,UNIT_SCADA,1,"2019/09/06 02:05:00",MTMILLAR,55.504742
D,DISPATCH,UNIT_SCADA,1,"2019/09/06 02:05:00",PALOONA,25.93
D,DISPATCH,UNIT_SCADA,1,"2019/09/06 02:05:00",PIONEER,41.700001
D,DISPATCH,UNIT_SCADA,1,"2019/09/06 02:05:00",PORTWF,63.799999
D,DISPATCH,UNIT_SCADA,1,"2019/09/06 02:05:00",REPULSE,33.051651
D,DISPATCH,UNIT_SCADA,1,"2019/09/06 02:05:00",ROWALLAN,10.2950
D,DISPATCH,UNIT_SCADA,1,"2019/09/06 02:05:00",ROYALLA1,0
D,DISPATCH,UNIT_SCADA,1,"2019/09/06 02:05:00",RPCG,9.40
D,DISPATCH,UNIT_SCADA,1,"2019/09/06 02:05:00",RUBICON,0
D,DISPATCH,UNIT_SCADA,1,"2019/09/06 02:05:00",SATGN1,0
D,DISPATCH,UNIT_SCADA,1,"2019/09/06 02:05:00",SATGS1,0
D,DISPATCH,UNIT_SCADA,1,"2019/09/06 02:05:00",STARHLWF,28.691633
D,DISPATCH,UNIT_SCADA,1,"2019/09/06 02:05:00",WAUBRAWF,41.303001
D,DISPATCH,UNIT_SCADA,1,"2019/09/06 02:05:00",WOOLNTH1,124.830017
D,DISPATCH,UNIT_SCADA,1,"2019/09/06 02:05:00",WPWF,86
D,DISPATCH,UNIT_SCADA,1,"2019/09/06 02:05:00",YAMBUKWF,4.60
D,DISPATCH,UNIT_SCADA,1,"2019/09/06 02:05:00",YSWF1,5.50
D,DISPATCH,UNIT_SCADA,1,"2019/09/06 02:05:00",AGLHAL,0
D,DISPATCH,UNIT_SCADA,1,"2019/09/06 02:05:00",AGLSOM,0
D,DISPATCH,UNIT_SCADA,1,"2019/09/06 02:05:00",ANGAST1,0
D,DISPATCH,UNIT_SCADA,1,"2019/09/06 02:05:00",ARWF1,34.20
D,DISPATCH,UNIT_SCADA,1,"2019/09/06 02:05:00",BALBG1,0
D,DISPATCH,UNIT_SCADA,1,"2019/09/06 02:05:00",BALBL1,0
D,DISPATCH,UNIT_SCADA,1,"2019/09/06 02:05:00",BALDHWF1,13.3120
D,DISPATCH,UNIT_SCADA,1,"2019/09/06 02:05:00",BANN1,0
D,DISPATCH,UNIT_SCADA,1,"2019/09/06 02:05:00",BARCALDN,0
D,DISPATCH,UNIT_SCADA,1,"2019/09/06 02:05:00",BARRON-1,0
D,DISPATCH,UNIT_SCADA,1,"2019/09/06 02:05:00",BARRON-2,0
D,DISPATCH,UNIT_SCADA,1,"2019/09/06 02:05:00",BASTYAN,80.240010
D,DISPATCH,UNIT_SCADA,1,"2019/09/06 02:05:00",BBTHREE1,0
D,DISPATCH,UNIT_SCADA,1,"2019/09/06 02:05:00",BBTHREE2,0
D,DISPATCH,UNIT_SCADA,1,"2019/09/06 02:05:00",BBTHREE3,0
D,DISPATCH,UNIT_SCADA,1,"2019/09/06 02:05:00",BDL01,0
D,DISPATCH,UNIT_SCADA,1,"2019/09/06 02:05:00",BDL02,0
D,DISPATCH,UNIT_SCADA,1,"2019/09/06 02:05:00",BERYLSF1,0
D,DISPATCH,UNIT_SCADA,1,"2019/09/06 02:05:00",BLOWERNG,15.30
D,DISPATCH,UNIT_SCADA,1,"2019/09/06 02:05:00",BLUFF1,52.60
D,DISPATCH,UNIT_SCADA,1,"2019/09/06 02:05:00",BNGSF1,0
D,DISPATCH,UNIT_SCADA,1,"2019/09/06 02:05:00",BNGSF2,0
D,DISPATCH,UNIT_SCADA,1,"2019/09/06 02:05:00",BOCORWF1,58.81
D,DISPATCH,UNIT_SCADA,1,"2019/09/06 02:05:00",BODWF1,48.941110
D,DISPATCH,UNIT_SCADA,1,"2019/09/06 02:05:00",BRAEMAR1,0
D,DISPATCH,UNIT_SCADA,1,"2019/09/06 02:05:00",BRAEMAR2,0
D,DISPATCH,UNIT_SCADA,1,"2019/09/06 02:05:00",BRAEMAR3,0
D,DISPATCH,UNIT_SCADA,1,"2019/09/06 02:05:00",BRAEMAR5,0
D,DISPATCH,UNIT_SCADA,1,"2019/09/06 02:05:00",BRAEMAR6,0
D,DISPATCH,UNIT_SCADA,1,"2019/09/06 02:05:00",BRAEMAR7,0
D,DISPATCH,UNIT_SCADA,1,"2019/09/06 02:05:00",BROKENH1,0
D,DISPATCH,UNIT_SCADA,1,"2019/09/06 02:05:00",BW01,622.525020
D,DISPATCH,UNIT_SCADA,1,"2019/09/06 02:05:00",BW02,609.50
D,DISPATCH,UNIT_SCADA,1,"2019/09/06 02:05:00",BW03,615.075070
D,DISPATCH,UNIT_SCADA,1,"2019/09/06 02:05:00",BW04,0
D,DISPATCH,UNIT_SCADA,1,"2019/09/06 02:05:00",CALL_B_1,348.200010
D,DISPATCH,UNIT_SCADA,1,"2019/09/06 02:05:00",CALL_B_2,271.399990
D,DISPATCH,UNIT_SCADA,1,"2019/09/06 02:05:00",CETHANA,18.550750
D,DISPATCH,UNIT_SCADA,1,"2019/09/06 02:05:00",CG1,0
D,DISPATCH,UNIT_SCADA,1,"2019/09/06 02:05:00",CG2,0
D,DISPATCH,UNIT_SCADA,1,"2019/09/06 02:05:00",CG3,0
D,DISPATCH,UNIT_SCADA,1,"2019/09/06 02:05:00",CG4,0
D,DISPATCH,UNIT_SCADA,1,"2019/09/06 02:05:00",CHILDSF1,0
D,DISPATCH,UNIT_SCADA,1,"2019/09/06 02:05:00",CLARESF1,0
D,DISPATCH,UNIT_SCADA,1,"2019/09/06 02:05:00",CLEMGPWF,55.322890
D,DISPATCH,UNIT_SCADA,1,"2019/09/06 02:05:00",CLERMSF1,0
D,DISPATCH,UNIT_SCADA,1,"2019/09/06 02:05:00",COLEASF1,0
D,DISPATCH,UNIT_SCADA,1,"2019/09/06 02:05:00",COOPGWF1,17.780380
D,DISPATCH,UNIT_SCADA,1,"2019/09/06 02:05:00",CPP_3,392.425020
D,DISPATCH,UNIT_SCADA,1,"2019/09/06 02:05:00",CPP_4,392.975010
D,DISPATCH,UNIT_SCADA,1,"2019/09/06 02:05:00",CPSA,143.3075
D,DISPATCH,UNIT_SCADA,1,"2019/09/06 02:05:00",CROOKWF2,78.373750
D,DISPATCH,UNIT_SCADA,1,"2019/09/06 02:05:00",CROWLWF1,26.454020
D,DISPATCH,UNIT_SCADA,1,"2019/09/06 02:05:00",CSPVPS1,0
D,DISPATCH,UNIT_SCADA,1,"2019/09/06 02:05:00",DALNTH01,0.056460
D,DISPATCH,UNIT_SCADA,1,"2019/09/06 02:05:00",DALNTHL1,0
D,DISPATCH,UNIT_SCADA,1,"2019/09/06 02:05:00",DARTM1,0
D,DISPATCH,UNIT_SCADA,1,"2019/09/06 02:05:00",DAYDSF1,0
D,DISPATCH,UNIT_SCADA,1,"2019/09/06 02:05:00",DDPS1,0
D,DISPATCH,UNIT_SCADA,1,"2019/09/06 02:05:00",DDSF1,0
D,DISPATCH,UNIT_SCADA,1,"2019/09/06 02:05:00",DEVILS_G,63.397930
D,DISPATCH,UNIT_SCADA,1,"2019/09/06 02:05:00",DG_NSW1,0
D,DISPATCH,UNIT_SCADA,1,"2019/09/06 02:05:00",DG_QLD1,0
D,DISPATCH,UNIT_SCADA,1,"2019/09/06 02:05:00",DG_SA1,0
D,DISPATCH,UNIT_SCADA,1,"2019/09/06 02:05:00",DG_TAS1,0
D,DISPATCH,UNIT_SCADA,1,"2019/09/06 02:05:00",DG_VIC1,0
D,DISPATCH,UNIT_SCADA,1,"2019/09/06 02:05:00",DRYCGT1,0
D,DISPATCH,UNIT_SCADA,1,"2019/09/06 02:05:00",DRYCGT2,0
D,DISPATCH,UNIT_SCADA,1,"2019/09/06 02:05:00",DRYCGT3,0
D,DISPATCH,UNIT_SCADA,1,"2019/09/06 02:05:00",EILDON1,0
D,DISPATCH,UNIT_SCADA,1,"2019/09/06 02:05:00",EILDON2,0
D,DISPATCH,UNIT_SCADA,1,"2019/09/06 02:05:00",EMERASF1,0
D,DISPATCH,UNIT_SCADA,1,"2019/09/06 02:05:00",ER01,548.474980
D,DISPATCH,UNIT_SCADA,1,"2019/09/06 02:05:00",ER02,651.849980
D,DISPATCH,UNIT_SCADA,1,"2019/09/06 02:05:00",ER03,0
D,DISPATCH,UNIT_SCADA,1,"2019/09/06 02:05:00",ER04,652.800050
D,DISPATCH,UNIT_SCADA,1,"2019/09/06 02:05:00",FINLYSF1,0
D,DISPATCH,UNIT_SCADA,1,"2019/09/06 02:05:00",FISHER,45.81
D,DISPATCH,UNIT_SCADA,1,"2019/09/06 02:05:00",GANNBG1,0
D,DISPATCH,UNIT_SCADA,1,"2019/09/06 02:05:00",GANNBL1,10.008110
D,DISPATCH,UNIT_SCADA,1,"2019/09/06 02:05:00",GANNSF1,0
D,DISPATCH,UNIT_SCADA,1,"2019/09/06 02:05:00",GORDON,18.8916
D,DISPATCH,UNIT_SCADA,1,"2019/09/06 02:05:00",GSTONE1,154.349990
D,DISPATCH,UNIT_SCADA,1,"2019/09/06 02:05:00",GSTONE2,150.3250
D,DISPATCH,UNIT_SCADA,1,"2019/09/06 02:05:00",GSTONE3,0
D,DISPATCH,UNIT_SCADA,1,"2019/09/06 02:05:00",GSTONE4,151.20
D,DISPATCH,UNIT_SCADA,1,"2019/09/06 02:05:00",GSTONE5,154.349990
D,DISPATCH,UNIT_SCADA,1,"2019/09/06 02:05:00",GSTONE6,150.50
D,DISPATCH,UNIT_SCADA,1,"2019/09/06 02:05:00",GULLRSF1,0
D,DISPATCH,UNIT_SCADA,1,"2019/09/06 02:05:00",GULLRWF1,46.9899
D,DISPATCH,UNIT_SCADA,1,"2019/09/06 02:05:00",GUNNING1,8.8134
D,DISPATCH,UNIT_SCADA,1,"2019/09/06 02:05:00",GUTHEGA,0
D,DISPATCH,UNIT_SCADA,1,"2019/09/06 02:05:00",HALLWF1,90.80
D,DISPATCH,UNIT_SCADA,1,"2019/09/06 02:05:00",HALLWF2,63.81
D,DISPATCH,UNIT_SCADA,1,"2019/09/06 02:05:00",HAMISF1,0
D,DISPATCH,UNIT_SCADA,1,"2019/09/06 02:05:00",HAUGHT11,0
D,DISPATCH,UNIT_SCADA,1,"2019/09/06 02:05:00",HAYMSF1,0
D,DISPATCH,UNIT_SCADA,1,"2019/09/06 02:05:00",HDWF1,94.20
D,DISPATCH,UNIT_SCADA,1,"2019/09/06 02:05:00",HDWF2,81.90
D,DISPATCH,UNIT_SCADA,1,"2019/09/06 02:05:00",HDWF3,80.40
D,DISPATCH,UNIT_SCADA,1,"2019/09/06 02:05:00",HPRG1,0
D,DISPATCH,UNIT_SCADA,1,"2019/09/06 02:05:00",HPRL1,36.40
D,DISPATCH,UNIT_SCADA,1,"2019/09/06 02:05:00",HUMENSW,0
D,DISPATCH,UNIT_SCADA,1,"2019/09/06 02:05:00",HUMEV,24.10
D,DISPATCH,UNIT_SCADA,1,"2019/09/06 02:05:00",HVGTS,0
D,DISPATCH,UNIT_SCADA,1,"2019/09/06 02:05:00",JBUTTERS,0
D,DISPATCH,UNIT_SCADA,1,"2019/09/06 02:05:00",JLA01,0.10
D,DISPATCH,UNIT_SCADA,1,"2019/09/06 02:05:00",JLA02,0
D,DISPATCH,UNIT_SCADA,1,"2019/09/06 02:05:00",JLA03,0
D,DISPATCH,UNIT_SCADA,1,"2019/09/06 02:05:00",JLA04,0
D,DISPATCH,UNIT_SCADA,1,"2019/09/06 02:05:00",JLB01,0
D,DISPATCH,UNIT_SCADA,1,"2019/09/06 02:05:00",JLB02,0.10
D,DISPATCH,UNIT_SCADA,1,"2019/09/06 02:05:00",JLB03,0
D,DISPATCH,UNIT_SCADA,1,"2019/09/06 02:05:00",KAREEYA1,21.5150
D,DISPATCH,UNIT_SCADA,1,"2019/09/06 02:05:00",KAREEYA2,21.97
D,DISPATCH,UNIT_SCADA,1,"2019/09/06 02:05:00",KAREEYA3,0
D,DISPATCH,UNIT_SCADA,1,"2019/09/06 02:05:00",KAREEYA4,21.58
D,DISPATCH,UNIT_SCADA,1,"2019/09/06 02:05:00",KARSF1,0
D,DISPATCH,UNIT_SCADA,1,"2019/09/06 02:05:00",KIATAWF1,17.80
D,DISPATCH,UNIT_SCADA,1,"2019/09/06 02:05:00",KPP_1,0
D,DISPATCH,UNIT_SCADA,1,"2019/09/06 02:05:00",KSP1,0
D,DISPATCH,UNIT_SCADA,1,"2019/09/06 02:05:00",LADBROK1,0
D,DISPATCH,UNIT_SCADA,1,"2019/09/06 02:05:00",LADBROK2,0
D,DISPATCH,UNIT_SCADA,1,"2019/09/06 02:05:00",LD01,342.093780
D,DISPATCH,UNIT_SCADA,1,"2019/09/06 02:05:00",LD02,318.168820
D,DISPATCH,UNIT_SCADA,1,"2019/09/06 02:05:00",LD03,348.468720
D,DISPATCH,UNIT_SCADA,1,"2019/09/06 02:05:00",LD04,342.018770
D,DISPATCH,UNIT_SCADA,1,"2019/09/06 02:05:00",LEM_WIL,84.494350
D,DISPATCH,UNIT_SCADA,1,"2019/09/06 02:05:00",LGAPWF1,34.56
D,DISPATCH,UNIT_SCADA,1,"2019/09/06 02:05:00",LILYSF1,0
D,DISPATCH,UNIT_SCADA,1,"2019/09/06 02:05:00",LI_WY_CA,137.700790
D,DISPATCH,UNIT_SCADA,1,"2019/09/06 02:05:00",LKBONNY2,51.453850
D,DISPATCH,UNIT_SCADA,1,"2019/09/06 02:05:00",LKBONNY3,7.815080
D,DISPATCH,UNIT_SCADA,1,"2019/09/06 02:05:00",LK_ECHO,0
D,DISPATCH,UNIT_SCADA,1,"2019/09/06 02:05:00",LNGS1,0
D,DISPATCH,UNIT_SCADA,1,"2019/09/06 02:05:00",LNGS2,0
D,DISPATCH,UNIT_SCADA,1,"2019/09/06 02:05:00",LONSDALE,0
D,DISPATCH,UNIT_SCADA,1,"2019/09/06 02:05:00",LOYYB1,533.456970
D,DISPATCH,UNIT_SCADA,1,"2019/09/06 02:05:00",LOYYB2,583.834170
D,DISPATCH,UNIT_SCADA,1,"2019/09/06 02:05:00",LYA1,0
D,DISPATCH,UNIT_SCADA,1,"2019/09/06 02:05:00",LYA2,0
D,DISPATCH,UNIT_SCADA,1,"2019/09/06 02:05:00",LYA3,560
D,DISPATCH,UNIT_SCADA,1,"2019/09/06 02:05:00",LYA4,541
D,DISPATCH,UNIT_SCADA,1,"2019/09/06 02:05:00",MACARTH1,54.898730
D,DISPATCH,UNIT_SCADA,1,"2019/09/06 02:05:00",MACKAYGT,0.2240
D,DISPATCH,UNIT_SCADA,1,"2019/09/06 02:05:00",MACKNTSH,87.48
D,DISPATCH,UNIT_SCADA,1,"2019/09/06 02:05:00",MANSLR1,0
D,DISPATCH,UNIT_SCADA,1,"2019/09/06 02:05:00",MCKAY1,-0.0350
D,DISPATCH,UNIT_SCADA,1,"2019/09/06 02:05:00",MEADOWBK,34.0102
D,DISPATCH,UNIT_SCADA,1,"2019/09/06 02:05:00",MERCER01,0.0730
D,DISPATCH,UNIT_SCADA,1,"2019/09/06 02:05:00",MEWF1,37.156860
D,DISPATCH,UNIT_SCADA,1,"2019/09/06 02:05:00",MINTARO,0
D,DISPATCH,UNIT_SCADA,1,"2019/09/06 02:05:00",MOREESF1,0
D,DISPATCH,UNIT_SCADA,1,"2019/09/06 02:05:00",MORTLK11,125
D,DISPATCH,UNIT_SCADA,1,"2019/09/06 02:05:00",MORTLK12,0
D,DISPATCH,UNIT_SCADA,1,"2019/09/06 02:05:00",MP1,215.674990
D,DISPATCH,UNIT_SCADA,1,"2019/09/06 02:05:00",MP2,0
D,DISPATCH,UNIT_SCADA,1,"2019/09/06 02:05:00",MPP_1,378
D,DISPATCH,UNIT_SCADA,1,"2019/09/06 02:05:00",MPP_2,435
D,DISPATCH,UNIT_SCADA,1,"2019/09/06 02:05:00",MSTUART1,0
D,DISPATCH,UNIT_SCADA,1,"2019/09/06 02:05:00",MSTUART2,0
D,DISPATCH,UNIT_SCADA,1,"2019/09/06 02:05:00",MSTUART3,0
D,DISPATCH,UNIT_SCADA,1,"2019/09/06 02:05:00",MTGELWF1,16.931670
D,DISPATCH,UNIT_SCADA,1,"2019/09/06 02:05:00",MURRAY,0
D,DISPATCH,UNIT_SCADA,1,"2019/09/06 02:05:00",MUSSELR1,80.899990
D,DISPATCH,UNIT_SCADA,1,"2019/09/06 02:05:00",MUWAWF1,73.95
D,DISPATCH,UNIT_SCADA,1,"2019/09/06 02:05:00",NBHWF1,119.30
D,DISPATCH,UNIT_SCADA,1,"2019/09/06 02:05:00",NPS,0
D,DISPATCH,UNIT_SCADA,1,"2019/09/06 02:05:00",NUMURSF1,0
D,DISPATCH,UNIT_SCADA,1,"2019/09/06 02:05:00",NYNGAN1,0
D,DISPATCH,UNIT_SCADA,1,"2019/09/06 02:05:00",OAKEY1,0
D,DISPATCH,UNIT_SCADA,1,"2019/09/06 02:05:00",OAKEY1SF,0
D,DISPATCH,UNIT_SCADA,1,"2019/09/06 02:05:00",OAKEY2,0
D,DISPATCH,UNIT_SCADA,1,"2019/09/06 02:05:00",OAKEY2SF,0
D,DISPATCH,UNIT_SCADA,1,"2019/09/06 02:05:00",OAKLAND1,10.40
D,DISPATCH,UNIT_SCADA,1,"2019/09/06 02:05:00",OSB-AG,0
D,DISPATCH,UNIT_SCADA,1,"2019/09/06 02:05:00",PARSF1,0
D,DISPATCH,UNIT_SCADA,1,"2019/09/06 02:05:00",POAT110,0
D,DISPATCH,UNIT_SCADA,1,"2019/09/06 02:05:00",POAT220,1.33
D,DISPATCH,UNIT_SCADA,1,"2019/09/06 02:05:00",POR01,0
D,DISPATCH,UNIT_SCADA,1,"2019/09/06 02:05:00",POR03,0
D,DISPATCH,UNIT_SCADA,1,"2019/09/06 02:05:00",PPCCGT,174.223310
D,DISPATCH,UNIT_SCADA,1,"2019/09/06 02:05:00",PTSTAN1,0
D,DISPATCH,UNIT_SCADA,1,"2019/09/06 02:05:00",PUMP1,0
D,DISPATCH,UNIT_SCADA,1,"2019/09/06 02:05:00",PUMP2,0
D,DISPATCH,UNIT_SCADA,1,"2019/09/06 02:05:00",QPS1,0
D,DISPATCH,UNIT_SCADA,1,"2019/09/06 02:05:00",QPS2,0
D,DISPATCH,UNIT_SCADA,1,"2019/09/06 02:05:00",QPS3,0
D,DISPATCH,UNIT_SCADA,1,"2019/09/06 02:05:00",QPS4,0
D,DISPATCH,UNIT_SCADA,1,"2019/09/06 02:05:00",QPS5,0
D,DISPATCH,UNIT_SCADA,1,"2019/09/06 02:05:00",REECE1,112.970010
D,DISPATCH,UNIT_SCADA,1,"2019/09/06 02:05:00",REECE2,56.150010
D,DISPATCH,UNIT_SCADA,1,"2019/09/06 02:05:00",ROMA_7,0
D,DISPATCH,UNIT_SCADA,1,"2019/09/06 02:05:00",ROMA_8,0
D,DISPATCH,UNIT_SCADA,1,"2019/09/06 02:05:00",RRSF1,0
D,DISPATCH,UNIT_SCADA,1,"2019/09/06 02:05:00",RT_NSW1,0
D,DISPATCH,UNIT_SCADA,1,"2019/09/06 02:05:00",RT_NSW2,0
D,DISPATCH,UNIT_SCADA,1,"2019/09/06 02:05:00",RT_NSW3,0
D,DISPATCH,UNIT_SCADA,1,"2019/09/06 02:05:00",RT_NSW4,0
D,DISPATCH,UNIT_SCADA,1,"2019/09/06 02:05:00",RT_NSW5,0
D,DISPATCH,UNIT_SCADA,1,"2019/09/06 02:05:00",RT_NSW6,0
D,DISPATCH,UNIT_SCADA,1,"2019/09/06 02:05:00",RT_QLD1,0
D,DISPATCH,UNIT_SCADA,1,"2019/09/06 02:05:00",RT_SA1,0
D,DISPATCH,UNIT_SCADA,1,"2019/09/06 02:05:00",RT_SA2,0
D,DISPATCH,UNIT_SCADA,1,"2019/09/06 02:05:00",RT_SA3,0
D,DISPATCH,UNIT_SCADA,1,"2019/09/06 02:05:00",RT_SA4,0
D,DISPATCH,UNIT_SCADA,1,"2019/09/06 02:05:00",RT_SA5,0
D,DISPATCH,UNIT_SCADA,1,"2019/09/06 02:05:00",RT_SA6,0
D,DISPATCH,UNIT_SCADA,1,"2019/09/06 02:05:00",RT_TAS1,0
D,DISPATCH,UNIT_SCADA,1,"2019/09/06 02:05:00",RT_VIC1,0
D,DISPATCH,UNIT_SCADA,1,"2019/09/06 02:05:00",RT_VIC10,0
D,DISPATCH,UNIT_SCADA,1,"2019/09/06 02:05:00",RT_VIC11,0
D,DISPATCH,UNIT_SCADA,1,"2019/09/06 02:05:00",RT_VIC12,0
D,DISPATCH,UNIT_SCADA,1,"2019/09/06 02:05:00",RT_VIC2,0
D,DISPATCH,UNIT_SCADA,1,"2019/09/06 02:05:00",RT_VIC3,0
D,DISPATCH,UNIT_SCADA,1,"2019/09/06 02:05:00",RT_VIC4,0
D,DISPATCH,UNIT_SCADA,1,"2019/09/06 02:05:00",RT_VIC5,0
D,DISPATCH,UNIT_SCADA,1,"2019/09/06 02:05:00",RT_VIC6,0
D,DISPATCH,UNIT_SCADA,1,"2019/09/06 02:05:00",RT_VIC7,0
D,DISPATCH,UNIT_SCADA,1,"2019/09/06 02:05:00",RT_VIC8,0
D,DISPATCH,UNIT_SCADA,1,"2019/09/06 02:05:00",RT_VIC9,0
D,DISPATCH,UNIT_SCADA,1,"2019/09/06 02:05:00",RUGBYR1,0
D,DISPATCH,UNIT_SCADA,1,"2019/09/06 02:05:00",SALTCRK1,9.70
D,DISPATCH,UNIT_SCADA,1,"2019/09/06 02:05:00",SAPHWF1,11.381260
D,DISPATCH,UNIT_SCADA,1,"2019/09/06 02:05:00",SHGEN,0
D,DISPATCH,UNIT_SCADA,1,"2019/09/06 02:05:00",SHPUMP,159.274320
D,DISPATCH,UNIT_SCADA,1,"2019/09/06 02:05:00",SITHE01,0.244290
D,DISPATCH,UNIT_SCADA,1,"2019/09/06 02:05:00",SMCSF1,0
D,DISPATCH,UNIT_SCADA,1,"2019/09/06 02:05:00",SNOWNTH1,131.80
D,DISPATCH,UNIT_SCADA,1,"2019/09/06 02:05:00",SNOWSTH1,121.100010
D,DISPATCH,UNIT_SCADA,1,"2019/09/06 02:05:00",SNOWTWN1,95.5403
D,DISPATCH,UNIT_SCADA,1,"2019/09/06 02:05:00",SNOWYP,0
D,DISPATCH,UNIT_SCADA,1,"2019/09/06 02:05:00",SNUG1,0.019440
D,DISPATCH,UNIT_SCADA,1,"2019/09/06 02:05:00",SRSF1,0.22
D,DISPATCH,UNIT_SCADA,1,"2019/09/06 02:05:00",STAN-1,256.176540
D,DISPATCH,UNIT_SCADA,1,"2019/09/06 02:05:00",STAN-2,246.665740
D,DISPATCH,UNIT_SCADA,1,"2019/09/06 02:05:00",STAN-3,247.832170
D,DISPATCH,UNIT_SCADA,1,"2019/09/06 02:05:00",STAN-4,251.421140
D,DISPATCH,UNIT_SCADA,1,"2019/09/06 02:05:00",STWF1,0
D,DISPATCH,UNIT_SCADA,1,"2019/09/06 02:05:00",SWAN_E,0
D,DISPATCH,UNIT_SCADA,1,"2019/09/06 02:05:00",TALWA1,235
D,DISPATCH,UNIT_SCADA,1,"2019/09/06 02:05:00",TARALGA1,41.201250
D,DISPATCH,UNIT_SCADA,1,"2019/09/06 02:05:00",TARONG#1,269.100010
D,DISPATCH,UNIT_SCADA,1,"2019/09/06 02:05:00",TARONG#2,0
D,DISPATCH,UNIT_SCADA,1,"2019/09/06 02:05:00",TARONG#3,261
D,DISPATCH,UNIT_SCADA,1,"2019/09/06 02:05:00",TARONG#4,276.100010
D,DISPATCH,UNIT_SCADA,1,"2019/09/06 02:05:00",TARRALEA,74
D,DISPATCH,UNIT_SCADA,1,"2019/09/06 02:05:00",TBSF1,-0.20
D,DISPATCH,UNIT_SCADA,1,"2019/09/06 02:05:00",TNPS1,397.600010
D,DISPATCH,UNIT_SCADA,1,"2019/09/06 02:05:00",TORRA1,35.9559
D,DISPATCH,UNIT_SCADA,1,"2019/09/06 02:05:00",TORRA2,0
D,DISPATCH,UNIT_SCADA,1,"2019/09/06 02:05:00",TORRA3,0
D,DISPATCH,UNIT_SCADA,1,"2019/09/06 02:05:00",TORRA4,34.691480
D,DISPATCH,UNIT_SCADA,1,"2019/09/06 02:05:00",TORRB1,41.40
D,DISPATCH,UNIT_SCADA,1,"2019/09/06 02:05:00",TORRB2,40
D,DISPATCH,UNIT_SCADA,1,"2019/09/06 02:05:00",TORRB3,40.76
D,DISPATCH,UNIT_SCADA,1,"2019/09/06 02:05:00",TORRB4,0
D,DISPATCH,UNIT_SCADA,1,"2019/09/06 02:05:00",TREVALLN,26.470030
D,DISPATCH,UNIT_SCADA,1,"2019/09/06 02:05:00",TRIBUTE,0
D,DISPATCH,UNIT_SCADA,1,"2019/09/06 02:05:00",TUMUT3,0
D,DISPATCH,UNIT_SCADA,1,"2019/09/06 02:05:00",TUNGATIN,2.10
D,DISPATCH,UNIT_SCADA,1,"2019/09/06 02:05:00",TVCC201,0
D,DISPATCH,UNIT_SCADA,1,"2019/09/06 02:05:00",TVPP104,0
D,DISPATCH,UNIT_SCADA,1,"2019/09/06 02:05:00",UPPTUMUT,27.946260
D,DISPATCH,UNIT_SCADA,1,"2019/09/06 02:05:00",URANQ11,0
D,DISPATCH,UNIT_SCADA,1,"2019/09/06 02:05:00",URANQ12,0
D,DISPATCH,UNIT_SCADA,1,"2019/09/06 02:05:00",URANQ13,0
D,DISPATCH,UNIT_SCADA,1,"2019/09/06 02:05:00",URANQ14,0
D,DISPATCH,UNIT_SCADA,1,"2019/09/06 02:05:00",VP5,444.175020
D,DISPATCH,UNIT_SCADA,1,"2019/09/06 02:05:00",VP6,0
D,DISPATCH,UNIT_SCADA,1,"2019/09/06 02:05:00",VPGS1,0
D,DISPATCH,UNIT_SCADA,1,"2019/09/06 02:05:00",VPGS2,0
D,DISPATCH,UNIT_SCADA,1,"2019/09/06 02:05:00",VPGS3,0
D,DISPATCH,UNIT_SCADA,1,"2019/09/06 02:05:00",VPGS4,0
D,DISPATCH,UNIT_SCADA,1,"2019/09/06 02:05:00",VPGS5,0
D,DISPATCH,UNIT_SCADA,1,"2019/09/06 02:05:00",VPGS6,0
D,DISPATCH,UNIT_SCADA,1,"2019/09/06 02:05:00",W/HOE#1,0
D,DISPATCH,UNIT_SCADA,1,"2019/09/06 02:05:00",W/HOE#2,0
D,DISPATCH,UNIT_SCADA,1,"2019/09/06 02:05:00",WATERLWF,124.60
D,DISPATCH,UNIT_SCADA,1,"2019/09/06 02:05:00",WEMENSF1,0
D,DISPATCH,UNIT_SCADA,1,"2019/09/06 02:05:00",WGWF1,110.70
D,DISPATCH,UNIT_SCADA,1,"2019/09/06 02:05:00",WHITSF1,0
D,DISPATCH,UNIT_SCADA,1,"2019/09/06 02:05:00",WKIEWA1,15.40
D,DISPATCH,UNIT_SCADA,1,"2019/09/06 02:05:00",WKIEWA2,0.10
D,DISPATCH,UNIT_SCADA,1,"2019/09/06 02:05:00",WOODLWN1,15.372010
D,DISPATCH,UNIT_SCADA,1,"2019/09/06 02:05:00",WRSF1,0
D,DISPATCH,UNIT_SCADA,1,"2019/09/06 02:05:00",WRWF1,14.1250
D,DISPATCH,UNIT_SCADA,1,"2019/09/06 02:05:00",YABULU,0
D,DISPATCH,UNIT_SCADA,1,"2019/09/06 02:05:00",YABULU2,0
D,DISPATCH,UNIT_SCADA,1,"2019/09/06 02:05:00",YARWUN_1,166.769990
D,DISPATCH,UNIT_SCADA,1,"2019/09/06 02:05:00",YENDWF1,5.44
D,DISPATCH,UNIT_SCADA,1,"2019/09/06 02:05:00",YWPS1,377.192410
D,DISPATCH,UNIT_SCADA,1,"2019/09/06 02:05:00",YWPS2,274.934170
D,DISPATCH,UNIT_SCADA,1,"2019/09/06 02:05:00",YWPS3,324.386080
D,DISPATCH,UNIT_SCADA,1,"2019/09/06 02:05:00",YWPS4,392.1329
C,"END OF REPORT",335
