C,NEMP.WORLD,DISPATCHSCADA,AEMO,PUBLIC,2019/08/19,23:35:07,0000000311764424,DISPATCHSCADA,0000000311764418
I,DISPATCH,UNIT_SCADA,1,SETTLEMENTDATE,DUID,SCADAVALUE
D,DISPATCH,UNIT_SCADA,1,"2019/08/19 23:40:00",BARCSF1,0
D,DISPATCH,UNIT_SCADA,1,"2019/08/19 23:40:00",BUTLERSG,9.699999
D,DISPATCH,UNIT_SCADA,1,"2019/08/19 23:40:00",CALL_A_4,0
D,DISPATCH,UNIT_SCADA,1,"2019/08/19 23:40:00",CAPTL_WF,121.832001
D,DISPATCH,UNIT_SCADA,1,"2019/08/19 23:40:00",CATHROCK,48.819996
D,DISPATCH,UNIT_SCADA,1,"2019/08/19 23:40:00",CHALLHWF,15.70
D,DISPATCH,UNIT_SCADA,1,"2019/08/19 23:40:00",CLOVER,0
D,DISPATCH,UNIT_SCADA,1,"2019/08/19 23:40:00",CLUNY,17.487297
D,DISPATCH,UNIT_SCADA,1,"2019/08/19 23:40:00",CNUNDAWF,39.846481
D,DISPATCH,UNIT_SCADA,1,"2019/08/19 23:40:00",CULLRGWF,30.48
D,DISPATCH,UNIT_SCADA,1,"2019/08/19 23:40:00",ERGT01,0
D,DISPATCH,UNIT_SCADA,1,"2019/08/19 23:40:00",GB01,0.066597
D,DISPATCH,UNIT_SCADA,1,"2019/08/19 23:40:00",GERMCRK,35.099998
D,DISPATCH,UNIT_SCADA,1,"2019/08/19 23:40:00",GRIFSF1,0
D,DISPATCH,UNIT_SCADA,1,"2019/08/19 23:40:00",HUGSF1,-0.2580
D,DISPATCH,UNIT_SCADA,1,"2019/08/19 23:40:00",LKBONNY1,70.375778
D,DISPATCH,UNIT_SCADA,1,"2019/08/19 23:40:00",LRSF1,-0.03
D,DISPATCH,UNIT_SCADA,1,"2019/08/19 23:40:00",MBAHNTH,56.118759
D,DISPATCH,UNIT_SCADA,1,"2019/08/19 23:40:00",MLSP1,0.304001
D,DISPATCH,UNIT_SCADA,1,"2019/08/19 23:40:00",MLWF1,16.860001
D,DISPATCH,UNIT_SCADA,1,"2019/08/19 23:40:00",MTMILLAR,22.963886
D,DISPATCH,UNIT_SCADA,1,"2019/08/19 23:40:00",PALOONA,23.59
D,DISPATCH,UNIT_SCADA,1,"2019/08/19 23:40:00",PIONEER,27.300001
D,DISPATCH,UNIT_SCADA,1,"2019/08/19 23:40:00",PORTWF,139.199997
D,DISPATCH,UNIT_SCADA,1,"2019/08/19 23:40:00",REPULSE,28.942703
D,DISPATCH,UNIT_SCADA,1,"2019/08/19 23:40:00",ROWALLAN,9.8974
D,DISPATCH,UNIT_SCADA,1,"2019/08/19 23:40:00",ROYALLA1,0
D,DISPATCH,UNIT_SCADA,1,"2019/08/19 23:40:00",RPCG,-3.20
D,DISPATCH,UNIT_SCADA,1,"2019/08/19 23:40:00",RUBICON,0
D,DISPATCH,UNIT_SCADA,1,"2019/08/19 23:40:00",SATGN1,0
D,DISPATCH,UNIT_SCADA,1,"2019/08/19 23:40:00",SATGS1,0
D,DISPATCH,UNIT_SCADA,1,"2019/08/19 23:40:00",STARHLWF,13.795977
D,DISPATCH,UNIT_SCADA,1,"2019/08/19 23:40:00",WAUBRAWF,128.033005
D,DISPATCH,UNIT_SCADA,1,"2019/08/19 23:40:00",WOOLNTH1,118.190018
D,DISPATCH,UNIT_SCADA,1,"2019/08/19 23:40:00",WPWF,33
D,DISPATCH,UNIT_SCADA,1,"2019/08/19 23:40:00",YAMBUKWF,14
D,DISPATCH,UNIT_SCADA,1,"2019/08/19 23:40:00",YSWF1,28.60
D,DISPATCH,UNIT_SCADA,1,"2019/08/19 23:40:00",AGLHAL,0
D,DISPATCH,UNIT_SCADA,1,"2019/08/19 23:40:00",AGLSOM,0
D,DISPATCH,UNIT_SCADA,1,"2019/08/19 23:40:00",ANGAST1,0
D,DISPATCH,UNIT_SCADA,1,"2019/08/19 23:40:00",ARWF1,17.40
D,DISPATCH,UNIT_SCADA,1,"2019/08/19 23:40:00",BALBG1,0
D,DISPATCH,UNIT_SCADA,1,"2019/08/19 23:40:00",BALBL1,0
D,DISPATCH,UNIT_SCADA,1,"2019/08/19 23:40:00",BALDHWF1,99.7240
D,DISPATCH,UNIT_SCADA,1,"2019/08/19 23:40:00",BANN1,0
D,DISPATCH,UNIT_SCADA,1,"2019/08/19 23:40:00",BARCALDN,0
D,DISPATCH,UNIT_SCADA,1,"2019/08/19 23:40:00",BARRON-1,0
D,DISPATCH,UNIT_SCADA,1,"2019/08/19 23:40:00",BARRON-2,24.44
D,DISPATCH,UNIT_SCADA,1,"2019/08/19 23:40:00",BASTYAN,80.70
D,DISPATCH,UNIT_SCADA,1,"2019/08/19 23:40:00",BBTHREE1,0
D,DISPATCH,UNIT_SCADA,1,"2019/08/19 23:40:00",BBTHREE2,0
D,DISPATCH,UNIT_SCADA,1,"2019/08/19 23:40:00",BBTHREE3,0
D,DISPATCH,UNIT_SCADA,1,"2019/08/19 23:40:00",BDL01,0
D,DISPATCH,UNIT_SCADA,1,"2019/08/19 23:40:00",BDL02,0
D,DISPATCH,UNIT_SCADA,1,"2019/08/19 23:40:00",BERYLSF1,0
D,DISPATCH,UNIT_SCADA,1,"2019/08/19 23:40:00",BLOWERNG,0
D,DISPATCH,UNIT_SCADA,1,"2019/08/19 23:40:00",BLUFF1,28
D,DISPATCH,UNIT_SCADA,1,"2019/08/19 23:40:00",BNGSF1,0
D,DISPATCH,UNIT_SCADA,1,"2019/08/19 23:40:00",BNGSF2,0
D,DISPATCH,UNIT_SCADA,1,"2019/08/19 23:40:00",BOCORWF1,79.54
D,DISPATCH,UNIT_SCADA,1,"2019/08/19 23:40:00",BODWF1,34.560780
D,DISPATCH,UNIT_SCADA,1,"2019/08/19 23:40:00",BRAEMAR1,0
D,DISPATCH,UNIT_SCADA,1,"2019/08/19 23:40:00",BRAEMAR2,0
D,DISPATCH,UNIT_SCADA,1,"2019/08/19 23:40:00",BRAEMAR3,0
D,DISPATCH,UNIT_SCADA,1,"2019/08/19 23:40:00",BRAEMAR5,0
D,DISPATCH,UNIT_SCADA,1,"2019/08/19 23:40:00",BRAEMAR6,0
D,DISPATCH,UNIT_SCADA,1,"2019/08/19 23:40:00",BRAEMAR7,0
D,DISPATCH,UNIT_SCADA,1,"2019/08/19 23:40:00",BROKENH1,0
D,DISPATCH,UNIT_SCADA,1,"2019/08/19 23:40:00",BW01,631.724980
D,DISPATCH,UNIT_SCADA,1,"2019/08/19 23:40:00",BW02,629.424930
D,DISPATCH,UNIT_SCADA,1,"2019/08/19 23:40:00",BW03,641.174930
D,DISPATCH,UNIT_SCADA,1,"2019/08/19 23:40:00",BW04,0
D,DISPATCH,UNIT_SCADA,1,"2019/08/19 23:40:00",CALL_B_1,340.399990
D,DISPATCH,UNIT_SCADA,1,"2019/08/19 23:40:00",CALL_B_2,279.399990
D,DISPATCH,UNIT_SCADA,1,"2019/08/19 23:40:00",CETHANA,79.7430
D,DISPATCH,UNIT_SCADA,1,"2019/08/19 23:40:00",CG1,0
D,DISPATCH,UNIT_SCADA,1,"2019/08/19 23:40:00",CG2,0
D,DISPATCH,UNIT_SCADA,1,"2019/08/19 23:40:00",CG3,0
D,DISPATCH,UNIT_SCADA,1,"2019/08/19 23:40:00",CG4,0
D,DISPATCH,UNIT_SCADA,1,"2019/08/19 23:40:00",CHILDSF1,0
D,DISPATCH,UNIT_SCADA,1,"2019/08/19 23:40:00",CLARESF1,0
D,DISPATCH,UNIT_SCADA,1,"2019/08/19 23:40:00",CLEMGPWF,0.648320
D,DISPATCH,UNIT_SCADA,1,"2019/08/19 23:40:00",CLERMSF1,0
D,DISPATCH,UNIT_SCADA,1,"2019/08/19 23:40:00",COLEASF1,0
D,DISPATCH,UNIT_SCADA,1,"2019/08/19 23:40:00",COOPGWF1,35.462780
D,DISPATCH,UNIT_SCADA,1,"2019/08/19 23:40:00",CPP_3,407.274990
D,DISPATCH,UNIT_SCADA,1,"2019/08/19 23:40:00",CPP_4,405.350010
D,DISPATCH,UNIT_SCADA,1,"2019/08/19 23:40:00",CPSA,142.174380
D,DISPATCH,UNIT_SCADA,1,"2019/08/19 23:40:00",CROOKWF2,70.983750
D,DISPATCH,UNIT_SCADA,1,"2019/08/19 23:40:00",CROWLWF1,39.006210
D,DISPATCH,UNIT_SCADA,1,"2019/08/19 23:40:00",CSPVPS1,0
D,DISPATCH,UNIT_SCADA,1,"2019/08/19 23:40:00",DALNTH01,0.065610
D,DISPATCH,UNIT_SCADA,1,"2019/08/19 23:40:00",DALNTHL1,0
D,DISPATCH,UNIT_SCADA,1,"2019/08/19 23:40:00",DARTM1,132.600010
D,DISPATCH,UNIT_SCADA,1,"2019/08/19 23:40:00",DAYDSF1,0
D,DISPATCH,UNIT_SCADA,1,"2019/08/19 23:40:00",DDPS1,0
D,DISPATCH,UNIT_SCADA,1,"2019/08/19 23:40:00",DDSF1,0
D,DISPATCH,UNIT_SCADA,1,"2019/08/19 23:40:00",DEVILS_G,60.744040
D,DISPATCH,UNIT_SCADA,1,"2019/08/19 23:40:00",DG_NSW1,0
D,DISPATCH,UNIT_SCADA,1,"2019/08/19 23:40:00",DG_QLD1,0
D,DISPATCH,UNIT_SCADA,1,"2019/08/19 23:40:00",DG_SA1,0
D,DISPATCH,UNIT_SCADA,1,"2019/08/19 23:40:00",DG_TAS1,0
D,DISPATCH,UNIT_SCADA,1,"2019/08/19 23:40:00",DG_VIC1,0
D,DISPATCH,UNIT_SCADA,1,"2019/08/19 23:40:00",DRYCGT1,0
D,DISPATCH,UNIT_SCADA,1,"2019/08/19 23:40:00",DRYCGT2,0
D,DISPATCH,UNIT_SCADA,1,"2019/08/19 23:40:00",DRYCGT3,0
D,DISPATCH,UNIT_SCADA,1,"2019/08/19 23:40:00",EILDON1,0
D,DISPATCH,UNIT_SCADA,1,"2019/08/19 23:40:00",EILDON2,0
D,DISPATCH,UNIT_SCADA,1,"2019/08/19 23:40:00",EMERASF1,0
D,DISPATCH,UNIT_SCADA,1,"2019/08/19 23:40:00",ER01,567.9751
D,DISPATCH,UNIT_SCADA,1,"2019/08/19 23:40:00",ER02,637.525020
D,DISPATCH,UNIT_SCADA,1,"2019/08/19 23:40:00",ER03,634.949950
D,DISPATCH,UNIT_SCADA,1,"2019/08/19 23:40:00",ER04,637.474980
D,DISPATCH,UNIT_SCADA,1,"2019/08/19 23:40:00",FINLYSF1,0
D,DISPATCH,UNIT_SCADA,1,"2019/08/19 23:40:00",FISHER,45.85
D,DISPATCH,UNIT_SCADA,1,"2019/08/19 23:40:00",GANNBG1,0
D,DISPATCH,UNIT_SCADA,1,"2019/08/19 23:40:00",GANNBL1,0.033270
D,DISPATCH,UNIT_SCADA,1,"2019/08/19 23:40:00",GANNSF1,0
D,DISPATCH,UNIT_SCADA,1,"2019/08/19 23:40:00",GORDON,1.162560
D,DISPATCH,UNIT_SCADA,1,"2019/08/19 23:40:00",GSTONE1,170.80
D,DISPATCH,UNIT_SCADA,1,"2019/08/19 23:40:00",GSTONE2,147
D,DISPATCH,UNIT_SCADA,1,"2019/08/19 23:40:00",GSTONE3,145.4250
D,DISPATCH,UNIT_SCADA,1,"2019/08/19 23:40:00",GSTONE4,148.75
D,DISPATCH,UNIT_SCADA,1,"2019/08/19 23:40:00",GSTONE5,168.70
D,DISPATCH,UNIT_SCADA,1,"2019/08/19 23:40:00",GSTONE6,0
D,DISPATCH,UNIT_SCADA,1,"2019/08/19 23:40:00",GULLRSF1,0
D,DISPATCH,UNIT_SCADA,1,"2019/08/19 23:40:00",GULLRWF1,160.619750
D,DISPATCH,UNIT_SCADA,1,"2019/08/19 23:40:00",GUNNING1,43.991060
D,DISPATCH,UNIT_SCADA,1,"2019/08/19 23:40:00",GUTHEGA,0
D,DISPATCH,UNIT_SCADA,1,"2019/08/19 23:40:00",HALLWF1,80.08
D,DISPATCH,UNIT_SCADA,1,"2019/08/19 23:40:00",HALLWF2,62.59
D,DISPATCH,UNIT_SCADA,1,"2019/08/19 23:40:00",HAMISF1,0
D,DISPATCH,UNIT_SCADA,1,"2019/08/19 23:40:00",HAUGHT11,0
D,DISPATCH,UNIT_SCADA,1,"2019/08/19 23:40:00",HAYMSF1,0
D,DISPATCH,UNIT_SCADA,1,"2019/08/19 23:40:00",HDWF1,52.40
D,DISPATCH,UNIT_SCADA,1,"2019/08/19 23:40:00",HDWF2,30.80
D,DISPATCH,UNIT_SCADA,1,"2019/08/19 23:40:00",HDWF3,41.90
D,DISPATCH,UNIT_SCADA,1,"2019/08/19 23:40:00",HPRG1,0
D,DISPATCH,UNIT_SCADA,1,"2019/08/19 23:40:00",HPRL1,10.10
D,DISPATCH,UNIT_SCADA,1,"2019/08/19 23:40:00",HUMENSW,0
D,DISPATCH,UNIT_SCADA,1,"2019/08/19 23:40:00",HUMEV,8.30
D,DISPATCH,UNIT_SCADA,1,"2019/08/19 23:40:00",HVGTS,0
D,DISPATCH,UNIT_SCADA,1,"2019/08/19 23:40:00",JBUTTERS,135.16
D,DISPATCH,UNIT_SCADA,1,"2019/08/19 23:40:00",JLA01,0.50
D,DISPATCH,UNIT_SCADA,1,"2019/08/19 23:40:00",JLA02,0
D,DISPATCH,UNIT_SCADA,1,"2019/08/19 23:40:00",JLA03,0.10
D,DISPATCH,UNIT_SCADA,1,"2019/08/19 23:40:00",JLA04,0.10
D,DISPATCH,UNIT_SCADA,1,"2019/08/19 23:40:00",JLB01,0
D,DISPATCH,UNIT_SCADA,1,"2019/08/19 23:40:00",JLB02,0.10
D,DISPATCH,UNIT_SCADA,1,"2019/08/19 23:40:00",JLB03,0
D,DISPATCH,UNIT_SCADA,1,"2019/08/19 23:40:00",KAREEYA1,21.5275
D,DISPATCH,UNIT_SCADA,1,"2019/08/19 23:40:00",KAREEYA2,21.8050
D,DISPATCH,UNIT_SCADA,1,"2019/08/19 23:40:00",KAREEYA3,0
D,DISPATCH,UNIT_SCADA,1,"2019/08/19 23:40:00",KAREEYA4,21.6350
D,DISPATCH,UNIT_SCADA,1,"2019/08/19 23:40:00",KARSF1,0
D,DISPATCH,UNIT_SCADA,1,"2019/08/19 23:40:00",KIATAWF1,30
D,DISPATCH,UNIT_SCADA,1,"2019/08/19 23:40:00",KPP_1,0
D,DISPATCH,UNIT_SCADA,1,"2019/08/19 23:40:00",KSP1,0
D,DISPATCH,UNIT_SCADA,1,"2019/08/19 23:40:00",LADBROK1,0
D,DISPATCH,UNIT_SCADA,1,"2019/08/19 23:40:00",LADBROK2,0
D,DISPATCH,UNIT_SCADA,1,"2019/08/19 23:40:00",LD01,417.731230
D,DISPATCH,UNIT_SCADA,1,"2019/08/19 23:40:00",LD02,419.1937
D,DISPATCH,UNIT_SCADA,1,"2019/08/19 23:40:00",LD03,421.931210
D,DISPATCH,UNIT_SCADA,1,"2019/08/19 23:40:00",LD04,379.668730
D,DISPATCH,UNIT_SCADA,1,"2019/08/19 23:40:00",LEM_WIL,82.670250
D,DISPATCH,UNIT_SCADA,1,"2019/08/19 23:40:00",LGAPWF1,7.06
D,DISPATCH,UNIT_SCADA,1,"2019/08/19 23:40:00",LILYSF1,0
D,DISPATCH,UNIT_SCADA,1,"2019/08/19 23:40:00",LI_WY_CA,141.973460
D,DISPATCH,UNIT_SCADA,1,"2019/08/19 23:40:00",LKBONNY2,151.947780
D,DISPATCH,UNIT_SCADA,1,"2019/08/19 23:40:00",LKBONNY3,37.400750
D,DISPATCH,UNIT_SCADA,1,"2019/08/19 23:40:00",LK_ECHO,0
D,DISPATCH,UNIT_SCADA,1,"2019/08/19 23:40:00",LNGS1,0
D,DISPATCH,UNIT_SCADA,1,"2019/08/19 23:40:00",LNGS2,0
D,DISPATCH,UNIT_SCADA,1,"2019/08/19 23:40:00",LONSDALE,0
D,DISPATCH,UNIT_SCADA,1,"2019/08/19 23:40:00",LOYYB1,534.960750
D,DISPATCH,UNIT_SCADA,1,"2019/08/19 23:40:00",LOYYB2,580.074710
D,DISPATCH,UNIT_SCADA,1,"2019/08/19 23:40:00",LYA1,559
D,DISPATCH,UNIT_SCADA,1,"2019/08/19 23:40:00",LYA2,0
D,DISPATCH,UNIT_SCADA,1,"2019/08/19 23:40:00",LYA3,560
D,DISPATCH,UNIT_SCADA,1,"2019/08/19 23:40:00",LYA4,539
D,DISPATCH,UNIT_SCADA,1,"2019/08/19 23:40:00",MACARTH1,255.094120
D,DISPATCH,UNIT_SCADA,1,"2019/08/19 23:40:00",MACKAYGT,0
D,DISPATCH,UNIT_SCADA,1,"2019/08/19 23:40:00",MACKNTSH,85.170010
D,DISPATCH,UNIT_SCADA,1,"2019/08/19 23:40:00",MANSLR1,0
D,DISPATCH,UNIT_SCADA,1,"2019/08/19 23:40:00",MCKAY1,0.02
D,DISPATCH,UNIT_SCADA,1,"2019/08/19 23:40:00",MEADOWBK,33.8673
D,DISPATCH,UNIT_SCADA,1,"2019/08/19 23:40:00",MERCER01,122.750010
D,DISPATCH,UNIT_SCADA,1,"2019/08/19 23:40:00",MEWF1,106.819590
D,DISPATCH,UNIT_SCADA,1,"2019/08/19 23:40:00",MINTARO,0
D,DISPATCH,UNIT_SCADA,1,"2019/08/19 23:40:00",MOREESF1,0
D,DISPATCH,UNIT_SCADA,1,"2019/08/19 23:40:00",MORTLK11,125
D,DISPATCH,UNIT_SCADA,1,"2019/08/19 23:40:00",MORTLK12,0
D,DISPATCH,UNIT_SCADA,1,"2019/08/19 23:40:00",MP1,280.4751
D,DISPATCH,UNIT_SCADA,1,"2019/08/19 23:40:00",MP2,0
D,DISPATCH,UNIT_SCADA,1,"2019/08/19 23:40:00",MPP_1,433
D,DISPATCH,UNIT_SCADA,1,"2019/08/19 23:40:00",MPP_2,434.75
D,DISPATCH,UNIT_SCADA,1,"2019/08/19 23:40:00",MSTUART1,0
D,DISPATCH,UNIT_SCADA,1,"2019/08/19 23:40:00",MSTUART2,0
D,DISPATCH,UNIT_SCADA,1,"2019/08/19 23:40:00",MSTUART3,0
D,DISPATCH,UNIT_SCADA,1,"2019/08/19 23:40:00",MTGELWF1,64.6916
D,DISPATCH,UNIT_SCADA,1,"2019/08/19 23:40:00",MURRAY,0
D,DISPATCH,UNIT_SCADA,1,"2019/08/19 23:40:00",MUSSELR1,166.20
D,DISPATCH,UNIT_SCADA,1,"2019/08/19 23:40:00",MUWAWF1,48.52
D,DISPATCH,UNIT_SCADA,1,"2019/08/19 23:40:00",NBHWF1,69.10
D,DISPATCH,UNIT_SCADA,1,"2019/08/19 23:40:00",NPS,0
D,DISPATCH,UNIT_SCADA,1,"2019/08/19 23:40:00",NUMURSF1,0
D,DISPATCH,UNIT_SCADA,1,"2019/08/19 23:40:00",NYNGAN1,0
D,DISPATCH,UNIT_SCADA,1,"2019/08/19 23:40:00",OAKEY1,0
D,DISPATCH,UNIT_SCADA,1,"2019/08/19 23:40:00",OAKEY1SF,0
D,DISPATCH,UNIT_SCADA,1,"2019/08/19 23:40:00",OAKEY2,0
D,DISPATCH,UNIT_SCADA,1,"2019/08/19 23:40:00",OAKLAND1,61.70
D,DISPATCH,UNIT_SCADA,1,"2019/08/19 23:40:00",OSB-AG,141.14
D,DISPATCH,UNIT_SCADA,1,"2019/08/19 23:40:00",PARSF1,0
D,DISPATCH,UNIT_SCADA,1,"2019/08/19 23:40:00",POAT110,0
D,DISPATCH,UNIT_SCADA,1,"2019/08/19 23:40:00",POAT220,2.92
D,DISPATCH,UNIT_SCADA,1,"2019/08/19 23:40:00",POR01,0
D,DISPATCH,UNIT_SCADA,1,"2019/08/19 23:40:00",POR03,0
D,DISPATCH,UNIT_SCADA,1,"2019/08/19 23:40:00",PPCCGT,356.092680
D,DISPATCH,UNIT_SCADA,1,"2019/08/19 23:40:00",PTSTAN1,0
D,DISPATCH,UNIT_SCADA,1,"2019/08/19 23:40:00",PUMP1,0
D,DISPATCH,UNIT_SCADA,1,"2019/08/19 23:40:00",PUMP2,0
D,DISPATCH,UNIT_SCADA,1,"2019/08/19 23:40:00",QPS1,0
D,DISPATCH,UNIT_SCADA,1,"2019/08/19 23:40:00",QPS2,0
D,DISPATCH,UNIT_SCADA,1,"2019/08/19 23:40:00",QPS3,0
D,DISPATCH,UNIT_SCADA,1,"2019/08/19 23:40:00",QPS4,0
D,DISPATCH,UNIT_SCADA,1,"2019/08/19 23:40:00",QPS5,0
D,DISPATCH,UNIT_SCADA,1,"2019/08/19 23:40:00",REECE1,114.120010
D,DISPATCH,UNIT_SCADA,1,"2019/08/19 23:40:00",REECE2,112.290010
D,DISPATCH,UNIT_SCADA,1,"2019/08/19 23:40:00",ROMA_7,0
D,DISPATCH,UNIT_SCADA,1,"2019/08/19 23:40:00",ROMA_8,0
D,DISPATCH,UNIT_SCADA,1,"2019/08/19 23:40:00",RRSF1,0
D,DISPATCH,UNIT_SCADA,1,"2019/08/19 23:40:00",RT_NSW1,0
D,DISPATCH,UNIT_SCADA,1,"2019/08/19 23:40:00",RT_NSW2,0
D,DISPATCH,UNIT_SCADA,1,"2019/08/19 23:40:00",RT_NSW3,0
D,DISPATCH,UNIT_SCADA,1,"2019/08/19 23:40:00",RT_NSW4,0
D,DISPATCH,UNIT_SCADA,1,"2019/08/19 23:40:00",RT_NSW5,0
D,DISPATCH,UNIT_SCADA,1,"2019/08/19 23:40:00",RT_NSW6,0
D,DISPATCH,UNIT_SCADA,1,"2019/08/19 23:40:00",RT_QLD1,0
D,DISPATCH,UNIT_SCADA,1,"2019/08/19 23:40:00",RT_SA1,0
D,DISPATCH,UNIT_SCADA,1,"2019/08/19 23:40:00",RT_SA2,0
D,DISPATCH,UNIT_SCADA,1,"2019/08/19 23:40:00",RT_SA3,0
D,DISPATCH,UNIT_SCADA,1,"2019/08/19 23:40:00",RT_SA4,0
D,DISPATCH,UNIT_SCADA,1,"2019/08/19 23:40:00",RT_SA5,0
D,DISPATCH,UNIT_SCADA,1,"2019/08/19 23:40:00",RT_SA6,0
D,DISPATCH,UNIT_SCADA,1,"2019/08/19 23:40:00",RT_TAS1,0
D,DISPATCH,UNIT_SCADA,1,"2019/08/19 23:40:00",RT_VIC1,0
D,DISPATCH,UNIT_SCADA,1,"2019/08/19 23:40:00",RT_VIC10,0
D,DISPATCH,UNIT_SCADA,1,"2019/08/19 23:40:00",RT_VIC11,0
D,DISPATCH,UNIT_SCADA,1,"2019/08/19 23:40:00",RT_VIC12,0
D,DISPATCH,UNIT_SCADA,1,"2019/08/19 23:40:00",RT_VIC2,0
D,DISPATCH,UNIT_SCADA,1,"2019/08/19 23:40:00",RT_VIC3,0
D,DISPATCH,UNIT_SCADA,1,"2019/08/19 23:40:00",RT_VIC4,0
D,DISPATCH,UNIT_SCADA,1,"2019/08/19 23:40:00",RT_VIC5,0
D,DISPATCH,UNIT_SCADA,1,"2019/08/19 23:40:00",RT_VIC6,0
D,DISPATCH,UNIT_SCADA,1,"2019/08/19 23:40:00",RT_VIC7,0
D,DISPATCH,UNIT_SCADA,1,"2019/08/19 23:40:00",RT_VIC8,0
D,DISPATCH,UNIT_SCADA,1,"2019/08/19 23:40:00",RT_VIC9,0
D,DISPATCH,UNIT_SCADA,1,"2019/08/19 23:40:00",RUGBYR1,0
D,DISPATCH,UNIT_SCADA,1,"2019/08/19 23:40:00",SALTCRK1,48.56
D,DISPATCH,UNIT_SCADA,1,"2019/08/19 23:40:00",SAPHWF1,232.368710
D,DISPATCH,UNIT_SCADA,1,"2019/08/19 23:40:00",SHGEN,0
D,DISPATCH,UNIT_SCADA,1,"2019/08/19 23:40:00",SHPUMP,0
D,DISPATCH,UNIT_SCADA,1,"2019/08/19 23:40:00",SITHE01,0.123710
D,DISPATCH,UNIT_SCADA,1,"2019/08/19 23:40:00",SMCSF1,0
D,DISPATCH,UNIT_SCADA,1,"2019/08/19 23:40:00",SNOWNTH1,14
D,DISPATCH,UNIT_SCADA,1,"2019/08/19 23:40:00",SNOWSTH1,29.30
D,DISPATCH,UNIT_SCADA,1,"2019/08/19 23:40:00",SNOWTWN1,15.741330
D,DISPATCH,UNIT_SCADA,1,"2019/08/19 23:40:00",SNOWYP,0
D,DISPATCH,UNIT_SCADA,1,"2019/08/19 23:40:00",SNUG1,0.019440
D,DISPATCH,UNIT_SCADA,1,"2019/08/19 23:40:00",SRSF1,0
D,DISPATCH,UNIT_SCADA,1,"2019/08/19 23:40:00",STAN-1,0
D,DISPATCH,UNIT_SCADA,1,"2019/08/19 23:40:00",STAN-2,279.517760
D,DISPATCH,UNIT_SCADA,1,"2019/08/19 23:40:00",STAN-3,279.081970
D,DISPATCH,UNIT_SCADA,1,"2019/08/19 23:40:00",STAN-4,312.792790
D,DISPATCH,UNIT_SCADA,1,"2019/08/19 23:40:00",STWF1,144.753750
D,DISPATCH,UNIT_SCADA,1,"2019/08/19 23:40:00",SWAN_E,0
D,DISPATCH,UNIT_SCADA,1,"2019/08/19 23:40:00",TALWA1,305
D,DISPATCH,UNIT_SCADA,1,"2019/08/19 23:40:00",TARALGA1,100.646260
D,DISPATCH,UNIT_SCADA,1,"2019/08/19 23:40:00",TARONG#1,283.800020
D,DISPATCH,UNIT_SCADA,1,"2019/08/19 23:40:00",TARONG#2,283.899990
D,DISPATCH,UNIT_SCADA,1,"2019/08/19 23:40:00",TARONG#3,260.50
D,DISPATCH,UNIT_SCADA,1,"2019/08/19 23:40:00",TARONG#4,282.600010
D,DISPATCH,UNIT_SCADA,1,"2019/08/19 23:40:00",TARRALEA,79
D,DISPATCH,UNIT_SCADA,1,"2019/08/19 23:40:00",TBSF1,-0.20
D,DISPATCH,UNIT_SCADA,1,"2019/08/19 23:40:00",TNPS1,399.400020
D,DISPATCH,UNIT_SCADA,1,"2019/08/19 23:40:00",TORRA1,45.1550
D,DISPATCH,UNIT_SCADA,1,"2019/08/19 23:40:00",TORRA2,0
D,DISPATCH,UNIT_SCADA,1,"2019/08/19 23:40:00",TORRA3,45.103590
D,DISPATCH,UNIT_SCADA,1,"2019/08/19 23:40:00",TORRA4,0
D,DISPATCH,UNIT_SCADA,1,"2019/08/19 23:40:00",TORRB1,59.68
D,DISPATCH,UNIT_SCADA,1,"2019/08/19 23:40:00",TORRB2,59.76
D,DISPATCH,UNIT_SCADA,1,"2019/08/19 23:40:00",TORRB3,0
D,DISPATCH,UNIT_SCADA,1,"2019/08/19 23:40:00",TORRB4,0
D,DISPATCH,UNIT_SCADA,1,"2019/08/19 23:40:00",TREVALLN,16.70
D,DISPATCH,UNIT_SCADA,1,"2019/08/19 23:40:00",TRIBUTE,44.50
D,DISPATCH,UNIT_SCADA,1,"2019/08/19 23:40:00",TUMUT3,0
D,DISPATCH,UNIT_SCADA,1,"2019/08/19 23:40:00",TUNGATIN,119.410030
D,DISPATCH,UNIT_SCADA,1,"2019/08/19 23:40:00",TVCC201,0
D,DISPATCH,UNIT_SCADA,1,"2019/08/19 23:40:00",TVPP104,0
D,DISPATCH,UNIT_SCADA,1,"2019/08/19 23:40:00",UPPTUMUT,0
D,DISPATCH,UNIT_SCADA,1,"2019/08/19 23:40:00",URANQ11,0
D,DISPATCH,UNIT_SCADA,1,"2019/08/19 23:40:00",URANQ12,0
D,DISPATCH,UNIT_SCADA,1,"2019/08/19 23:40:00",URANQ13,0
D,DISPATCH,UNIT_SCADA,1,"2019/08/19 23:40:00",URANQ14,0
D,DISPATCH,UNIT_SCADA,1,"2019/08/19 23:40:00",VP5,431.524990
D,DISPATCH,UNIT_SCADA,1,"2019/08/19 23:40:00",VP6,414.75
D,DISPATCH,UNIT_SCADA,1,"2019/08/19 23:40:00",VPGS1,0
D,DISPATCH,UNIT_SCADA,1,"2019/08/19 23:40:00",VPGS2,0
D,DISPATCH,UNIT_SCADA,1,"2019/08/19 23:40:00",VPGS3,0
D,DISPATCH,UNIT_SCADA,1,"2019/08/19 23:40:00",VPGS4,0
D,DISPATCH,UNIT_SCADA,1,"2019/08/19 23:40:00",VPGS5,0
D,DISPATCH,UNIT_SCADA,1,"2019/08/19 23:40:00",VPGS6,0
D,DISPATCH,UNIT_SCADA,1,"2019/08/19 23:40:00",W/HOE#1,0
D,DISPATCH,UNIT_SCADA,1,"2019/08/19 23:40:00",W/HOE#2,0
D,DISPATCH,UNIT_SCADA,1,"2019/08/19 23:40:00",WATERLWF,105.50
D,DISPATCH,UNIT_SCADA,1,"2019/08/19 23:40:00",WEMENSF1,0
D,DISPATCH,UNIT_SCADA,1,"2019/08/19 23:40:00",WGWF1,58.50
D,DISPATCH,UNIT_SCADA,1,"2019/08/19 23:40:00",WHITSF1,0
D,DISPATCH,UNIT_SCADA,1,"2019/08/19 23:40:00",WKIEWA1,0
D,DISPATCH,UNIT_SCADA,1,"2019/08/19 23:40:00",WKIEWA2,14.50
D,DISPATCH,UNIT_SCADA,1,"2019/08/19 23:40:00",WOODLWN1,42.1920
D,DISPATCH,UNIT_SCADA,1,"2019/08/19 23:40:00",WRSF1,0
D,DISPATCH,UNIT_SCADA,1,"2019/08/19 23:40:00",WRWF1,145.311230
D,DISPATCH,UNIT_SCADA,1,"2019/08/19 23:40:00",YABULU,0
D,DISPATCH,UNIT_SCADA,1,"2019/08/19 23:40:00",YABULU2,0
D,DISPATCH,UNIT_SCADA,1,"2019/08/19 23:40:00",YARWUN_1,0
D,DISPATCH,UNIT_SCADA,1,"2019/08/19 23:40:00",YENDWF1,42.03
D,DISPATCH,UNIT_SCADA,1,"2019/08/19 23:40:00",YWPS1,377.443020
D,DISPATCH,UNIT_SCADA,1,"2019/08/19 23:40:00",YWPS2,278.192410
D,DISPATCH,UNIT_SCADA,1,"2019/08/19 23:40:00",YWPS3,0
D,DISPATCH,UNIT_SCADA,1,"2019/08/19 23:40:00",YWPS4,391.850650
C,"END OF REPORT",334
