C,NEMP.WORLD,DISPATCHSCADA,AEMO,PUBLIC,2019/08/20,10:15:08,0000000311781550,DISPATCHSCADA,0000000311781544
I,DISPATCH,UNIT_SCADA,1,SETTLEMENTDATE,DUID,SCADAVALUE
D,DISPATCH,UNIT_SCADA,1,"2019/08/20 10:20:00",BARCSF1,18.50
D,DISPATCH,UNIT_SCADA,1,"2019/08/20 10:20:00",BUTLERSG,9.799998
D,DISPATCH,UNIT_SCADA,1,"2019/08/20 10:20:00",CALL_A_4,0
D,DISPATCH,UNIT_SCADA,1,"2019/08/20 10:20:00",CAPTL_WF,133.824005
D,DISPATCH,UNIT_SCADA,1,"2019/08/20 10:20:00",CATHROCK,50.049995
D,DISPATCH,UNIT_SCADA,1,"2019/08/20 10:20:00",CHALLHWF,17.10
D,DISPATCH,UNIT_SCADA,1,"2019/08/20 10:20:00",CLOVER,0
D,DISPATCH,UNIT_SCADA,1,"2019/08/20 10:20:00",CLUNY,14.953994
D,DISPATCH,UNIT_SCADA,1,"2019/08/20 10:20:00",CNUNDAWF,39.846481
D,DISPATCH,UNIT_SCADA,1,"2019/08/20 10:20:00",CULLRGWF,30.48
D,DISPATCH,UNIT_SCADA,1,"2019/08/20 10:20:00",ERGT01,0
D,DISPATCH,UNIT_SCADA,1,"2019/08/20 10:20:00",GB01,0.056068
D,DISPATCH,UNIT_SCADA,1,"2019/08/20 10:20:00",GERMCRK,38.50
D,DISPATCH,UNIT_SCADA,1,"2019/08/20 10:20:00",GRIFSF1,25.796875
D,DISPATCH,UNIT_SCADA,1,"2019/08/20 10:20:00",HUGSF1,8.9890
D,DISPATCH,UNIT_SCADA,1,"2019/08/20 10:20:00",LKBONNY1,71.715416
D,DISPATCH,UNIT_SCADA,1,"2019/08/20 10:20:00",LRSF1,9.6780
D,DISPATCH,UNIT_SCADA,1,"2019/08/20 10:20:00",MBAHNTH,54.824997
D,DISPATCH,UNIT_SCADA,1,"2019/08/20 10:20:00",MLSP1,9.913001
D,DISPATCH,UNIT_SCADA,1,"2019/08/20 10:20:00",MLWF1,19.7250
D,DISPATCH,UNIT_SCADA,1,"2019/08/20 10:20:00",MTMILLAR,19.191143
D,DISPATCH,UNIT_SCADA,1,"2019/08/20 10:20:00",PALOONA,14.73
D,DISPATCH,UNIT_SCADA,1,"2019/08/20 10:20:00",PIONEER,10.80
D,DISPATCH,UNIT_SCADA,1,"2019/08/20 10:20:00",PORTWF,135.50
D,DISPATCH,UNIT_SCADA,1,"2019/08/20 10:20:00",REPULSE,29.000076
D,DISPATCH,UNIT_SCADA,1,"2019/08/20 10:20:00",ROWALLAN,9.940001
D,DISPATCH,UNIT_SCADA,1,"2019/08/20 10:20:00",ROYALLA1,17.542002
D,DISPATCH,UNIT_SCADA,1,"2019/08/20 10:20:00",RPCG,10.20
D,DISPATCH,UNIT_SCADA,1,"2019/08/20 10:20:00",RUBICON,0
D,DISPATCH,UNIT_SCADA,1,"2019/08/20 10:20:00",SATGN1,0
D,DISPATCH,UNIT_SCADA,1,"2019/08/20 10:20:00",SATGS1,0
D,DISPATCH,UNIT_SCADA,1,"2019/08/20 10:20:00",STARHLWF,12.196444
D,DISPATCH,UNIT_SCADA,1,"2019/08/20 10:20:00",WAUBRAWF,88.698997
D,DISPATCH,UNIT_SCADA,1,"2019/08/20 10:20:00",WOOLNTH1,118.330017
D,DISPATCH,UNIT_SCADA,1,"2019/08/20 10:20:00",WPWF,22
D,DISPATCH,UNIT_SCADA,1,"2019/08/20 10:20:00",YAMBUKWF,24.700001
D,DISPATCH,UNIT_SCADA,1,"2019/08/20 10:20:00",YSWF1,28.50
D,DISPATCH,UNIT_SCADA,1,"2019/08/20 10:20:00",AGLHAL,0
D,DISPATCH,UNIT_SCADA,1,"2019/08/20 10:20:00",AGLSOM,0
D,DISPATCH,UNIT_SCADA,1,"2019/08/20 10:20:00",ANGAST1,-0.172820
D,DISPATCH,UNIT_SCADA,1,"2019/08/20 10:20:00",ARWF1,56.80
D,DISPATCH,UNIT_SCADA,1,"2019/08/20 10:20:00",BALBG1,0
D,DISPATCH,UNIT_SCADA,1,"2019/08/20 10:20:00",BALBL1,0
D,DISPATCH,UNIT_SCADA,1,"2019/08/20 10:20:00",BALDHWF1,102.88
D,DISPATCH,UNIT_SCADA,1,"2019/08/20 10:20:00",BANN1,59.83
D,DISPATCH,UNIT_SCADA,1,"2019/08/20 10:20:00",BARCALDN,0
D,DISPATCH,UNIT_SCADA,1,"2019/08/20 10:20:00",BARRON-1,0
D,DISPATCH,UNIT_SCADA,1,"2019/08/20 10:20:00",BARRON-2,0
D,DISPATCH,UNIT_SCADA,1,"2019/08/20 10:20:00",BASTYAN,80.990010
D,DISPATCH,UNIT_SCADA,1,"2019/08/20 10:20:00",BBTHREE1,-1.76
D,DISPATCH,UNIT_SCADA,1,"2019/08/20 10:20:00",BBTHREE2,-2.07
D,DISPATCH,UNIT_SCADA,1,"2019/08/20 10:20:00",BBTHREE3,0
D,DISPATCH,UNIT_SCADA,1,"2019/08/20 10:20:00",BDL01,0
D,DISPATCH,UNIT_SCADA,1,"2019/08/20 10:20:00",BDL02,-0.06
D,DISPATCH,UNIT_SCADA,1,"2019/08/20 10:20:00",BERYLSF1,69.591840
D,DISPATCH,UNIT_SCADA,1,"2019/08/20 10:20:00",BLOWERNG,0
D,DISPATCH,UNIT_SCADA,1,"2019/08/20 10:20:00",BLUFF1,36.90
D,DISPATCH,UNIT_SCADA,1,"2019/08/20 10:20:00",BNGSF1,87.80
D,DISPATCH,UNIT_SCADA,1,"2019/08/20 10:20:00",BNGSF2,20.28
D,DISPATCH,UNIT_SCADA,1,"2019/08/20 10:20:00",BOCORWF1,99.61
D,DISPATCH,UNIT_SCADA,1,"2019/08/20 10:20:00",BODWF1,38.569020
D,DISPATCH,UNIT_SCADA,1,"2019/08/20 10:20:00",BRAEMAR1,0
D,DISPATCH,UNIT_SCADA,1,"2019/08/20 10:20:00",BRAEMAR2,0
D,DISPATCH,UNIT_SCADA,1,"2019/08/20 10:20:00",BRAEMAR3,0
D,DISPATCH,UNIT_SCADA,1,"2019/08/20 10:20:00",BRAEMAR5,0
D,DISPATCH,UNIT_SCADA,1,"2019/08/20 10:20:00",BRAEMAR6,0
D,DISPATCH,UNIT_SCADA,1,"2019/08/20 10:20:00",BRAEMAR7,0
D,DISPATCH,UNIT_SCADA,1,"2019/08/20 10:20:00",BROKENH1,47.409670
D,DISPATCH,UNIT_SCADA,1,"2019/08/20 10:20:00",BW01,535.175050
D,DISPATCH,UNIT_SCADA,1,"2019/08/20 10:20:00",BW02,565.599980
D,DISPATCH,UNIT_SCADA,1,"2019/08/20 10:20:00",BW03,617.675050
D,DISPATCH,UNIT_SCADA,1,"2019/08/20 10:20:00",BW04,0
D,DISPATCH,UNIT_SCADA,1,"2019/08/20 10:20:00",CALL_B_1,350.100010
D,DISPATCH,UNIT_SCADA,1,"2019/08/20 10:20:00",CALL_B_2,289.200010
D,DISPATCH,UNIT_SCADA,1,"2019/08/20 10:20:00",CETHANA,93.334630
D,DISPATCH,UNIT_SCADA,1,"2019/08/20 10:20:00",CG1,0
D,DISPATCH,UNIT_SCADA,1,"2019/08/20 10:20:00",CG2,0
D,DISPATCH,UNIT_SCADA,1,"2019/08/20 10:20:00",CG3,0
D,DISPATCH,UNIT_SCADA,1,"2019/08/20 10:20:00",CG4,0
D,DISPATCH,UNIT_SCADA,1,"2019/08/20 10:20:00",CHILDSF1,40.08
D,DISPATCH,UNIT_SCADA,1,"2019/08/20 10:20:00",CLARESF1,44.687360
D,DISPATCH,UNIT_SCADA,1,"2019/08/20 10:20:00",CLEMGPWF,5.042450
D,DISPATCH,UNIT_SCADA,1,"2019/08/20 10:20:00",CLERMSF1,15.13
D,DISPATCH,UNIT_SCADA,1,"2019/08/20 10:20:00",COLEASF1,39
D,DISPATCH,UNIT_SCADA,1,"2019/08/20 10:20:00",COOPGWF1,13.826720
D,DISPATCH,UNIT_SCADA,1,"2019/08/20 10:20:00",CPP_3,318.725010
D,DISPATCH,UNIT_SCADA,1,"2019/08/20 10:20:00",CPP_4,374.274990
D,DISPATCH,UNIT_SCADA,1,"2019/08/20 10:20:00",CPSA,143.258760
D,DISPATCH,UNIT_SCADA,1,"2019/08/20 10:20:00",CROOKWF2,84.923750
D,DISPATCH,UNIT_SCADA,1,"2019/08/20 10:20:00",CROWLWF1,33.453060
D,DISPATCH,UNIT_SCADA,1,"2019/08/20 10:20:00",CSPVPS1,31.9820
D,DISPATCH,UNIT_SCADA,1,"2019/08/20 10:20:00",DALNTH01,0
D,DISPATCH,UNIT_SCADA,1,"2019/08/20 10:20:00",DALNTHL1,0.071720
D,DISPATCH,UNIT_SCADA,1,"2019/08/20 10:20:00",DARTM1,134.50
D,DISPATCH,UNIT_SCADA,1,"2019/08/20 10:20:00",DAYDSF1,115.7330
D,DISPATCH,UNIT_SCADA,1,"2019/08/20 10:20:00",DDPS1,0
D,DISPATCH,UNIT_SCADA,1,"2019/08/20 10:20:00",DDSF1,108.498950
D,DISPATCH,UNIT_SCADA,1,"2019/08/20 10:20:00",DEVILS_G,0
D,DISPATCH,UNIT_SCADA,1,"2019/08/20 10:20:00",DG_NSW1,0
D,DISPATCH,UNIT_SCADA,1,"2019/08/20 10:20:00",DG_QLD1,0
D,DISPATCH,UNIT_SCADA,1,"2019/08/20 10:20:00",DG_SA1,0
D,DISPATCH,UNIT_SCADA,1,"2019/08/20 10:20:00",DG_TAS1,0
D,DISPATCH,UNIT_SCADA,1,"2019/08/20 10:20:00",DG_VIC1,0
D,DISPATCH,UNIT_SCADA,1,"2019/08/20 10:20:00",DRYCGT1,0
D,DISPATCH,UNIT_SCADA,1,"2019/08/20 10:20:00",DRYCGT2,0
D,DISPATCH,UNIT_SCADA,1,"2019/08/20 10:20:00",DRYCGT3,0
D,DISPATCH,UNIT_SCADA,1,"2019/08/20 10:20:00",EILDON1,0
D,DISPATCH,UNIT_SCADA,1,"2019/08/20 10:20:00",EILDON2,0
D,DISPATCH,UNIT_SCADA,1,"2019/08/20 10:20:00",EMERASF1,62.54
D,DISPATCH,UNIT_SCADA,1,"2019/08/20 10:20:00",ER01,538.224980
D,DISPATCH,UNIT_SCADA,1,"2019/08/20 10:20:00",ER02,539.574950
D,DISPATCH,UNIT_SCADA,1,"2019/08/20 10:20:00",ER03,538.949950
D,DISPATCH,UNIT_SCADA,1,"2019/08/20 10:20:00",ER04,538.924930
D,DISPATCH,UNIT_SCADA,1,"2019/08/20 10:20:00",FINLYSF1,0
D,DISPATCH,UNIT_SCADA,1,"2019/08/20 10:20:00",FISHER,45.87
D,DISPATCH,UNIT_SCADA,1,"2019/08/20 10:20:00",GANNBG1,0
D,DISPATCH,UNIT_SCADA,1,"2019/08/20 10:20:00",GANNBL1,24.3064
D,DISPATCH,UNIT_SCADA,1,"2019/08/20 10:20:00",GANNSF1,32
D,DISPATCH,UNIT_SCADA,1,"2019/08/20 10:20:00",GORDON,2.131360
D,DISPATCH,UNIT_SCADA,1,"2019/08/20 10:20:00",GSTONE1,109.3750
D,DISPATCH,UNIT_SCADA,1,"2019/08/20 10:20:00",GSTONE2,109.3750
D,DISPATCH,UNIT_SCADA,1,"2019/08/20 10:20:00",GSTONE3,110.4250
D,DISPATCH,UNIT_SCADA,1,"2019/08/20 10:20:00",GSTONE4,135.099990
D,DISPATCH,UNIT_SCADA,1,"2019/08/20 10:20:00",GSTONE5,132.474990
D,DISPATCH,UNIT_SCADA,1,"2019/08/20 10:20:00",GSTONE6,0
D,DISPATCH,UNIT_SCADA,1,"2019/08/20 10:20:00",GULLRSF1,3.532710
D,DISPATCH,UNIT_SCADA,1,"2019/08/20 10:20:00",GULLRWF1,140.867370
D,DISPATCH,UNIT_SCADA,1,"2019/08/20 10:20:00",GUNNING1,42.022460
D,DISPATCH,UNIT_SCADA,1,"2019/08/20 10:20:00",GUTHEGA,0
D,DISPATCH,UNIT_SCADA,1,"2019/08/20 10:20:00",HALLWF1,68.54
D,DISPATCH,UNIT_SCADA,1,"2019/08/20 10:20:00",HALLWF2,62.54
D,DISPATCH,UNIT_SCADA,1,"2019/08/20 10:20:00",HAMISF1,46.70
D,DISPATCH,UNIT_SCADA,1,"2019/08/20 10:20:00",HAUGHT11,50.051070
D,DISPATCH,UNIT_SCADA,1,"2019/08/20 10:20:00",HAYMSF1,41.78
D,DISPATCH,UNIT_SCADA,1,"2019/08/20 10:20:00",HDWF1,36.40
D,DISPATCH,UNIT_SCADA,1,"2019/08/20 10:20:00",HDWF2,22.10
D,DISPATCH,UNIT_SCADA,1,"2019/08/20 10:20:00",HDWF3,32.60
D,DISPATCH,UNIT_SCADA,1,"2019/08/20 10:20:00",HPRG1,12.30
D,DISPATCH,UNIT_SCADA,1,"2019/08/20 10:20:00",HPRL1,0
D,DISPATCH,UNIT_SCADA,1,"2019/08/20 10:20:00",HUMENSW,0
D,DISPATCH,UNIT_SCADA,1,"2019/08/20 10:20:00",HUMEV,8.70
D,DISPATCH,UNIT_SCADA,1,"2019/08/20 10:20:00",HVGTS,0
D,DISPATCH,UNIT_SCADA,1,"2019/08/20 10:20:00",JBUTTERS,136.399990
D,DISPATCH,UNIT_SCADA,1,"2019/08/20 10:20:00",JLA01,0.50
D,DISPATCH,UNIT_SCADA,1,"2019/08/20 10:20:00",JLA02,0
D,DISPATCH,UNIT_SCADA,1,"2019/08/20 10:20:00",JLA03,0.10
D,DISPATCH,UNIT_SCADA,1,"2019/08/20 10:20:00",JLA04,0.10
D,DISPATCH,UNIT_SCADA,1,"2019/08/20 10:20:00",JLB01,0
D,DISPATCH,UNIT_SCADA,1,"2019/08/20 10:20:00",JLB02,0.10
D,DISPATCH,UNIT_SCADA,1,"2019/08/20 10:20:00",JLB03,0
D,DISPATCH,UNIT_SCADA,1,"2019/08/20 10:20:00",KAREEYA1,21.5650
D,DISPATCH,UNIT_SCADA,1,"2019/08/20 10:20:00",KAREEYA2,21.5725
D,DISPATCH,UNIT_SCADA,1,"2019/08/20 10:20:00",KAREEYA3,0
D,DISPATCH,UNIT_SCADA,1,"2019/08/20 10:20:00",KAREEYA4,21.65
D,DISPATCH,UNIT_SCADA,1,"2019/08/20 10:20:00",KARSF1,79.80
D,DISPATCH,UNIT_SCADA,1,"2019/08/20 10:20:00",KIATAWF1,30.80
D,DISPATCH,UNIT_SCADA,1,"2019/08/20 10:20:00",KPP_1,0
D,DISPATCH,UNIT_SCADA,1,"2019/08/20 10:20:00",KSP1,46.94
D,DISPATCH,UNIT_SCADA,1,"2019/08/20 10:20:00",LADBROK1,0
D,DISPATCH,UNIT_SCADA,1,"2019/08/20 10:20:00",LADBROK2,0
D,DISPATCH,UNIT_SCADA,1,"2019/08/20 10:20:00",LD01,385.143770
D,DISPATCH,UNIT_SCADA,1,"2019/08/20 10:20:00",LD02,381.281220
D,DISPATCH,UNIT_SCADA,1,"2019/08/20 10:20:00",LD03,385.237520
D,DISPATCH,UNIT_SCADA,1,"2019/08/20 10:20:00",LD04,384.506290
D,DISPATCH,UNIT_SCADA,1,"2019/08/20 10:20:00",LEM_WIL,85.603940
D,DISPATCH,UNIT_SCADA,1,"2019/08/20 10:20:00",LGAPWF1,4.27
D,DISPATCH,UNIT_SCADA,1,"2019/08/20 10:20:00",LILYSF1,94.371830
D,DISPATCH,UNIT_SCADA,1,"2019/08/20 10:20:00",LI_WY_CA,148.0262
D,DISPATCH,UNIT_SCADA,1,"2019/08/20 10:20:00",LKBONNY2,147.990040
D,DISPATCH,UNIT_SCADA,1,"2019/08/20 10:20:00",LKBONNY3,38.517190
D,DISPATCH,UNIT_SCADA,1,"2019/08/20 10:20:00",LK_ECHO,0
D,DISPATCH,UNIT_SCADA,1,"2019/08/20 10:20:00",LNGS1,0
D,DISPATCH,UNIT_SCADA,1,"2019/08/20 10:20:00",LNGS2,0
D,DISPATCH,UNIT_SCADA,1,"2019/08/20 10:20:00",LONSDALE,0
D,DISPATCH,UNIT_SCADA,1,"2019/08/20 10:20:00",LOYYB1,535.712650
D,DISPATCH,UNIT_SCADA,1,"2019/08/20 10:20:00",LOYYB2,583.082280
D,DISPATCH,UNIT_SCADA,1,"2019/08/20 10:20:00",LYA1,560
D,DISPATCH,UNIT_SCADA,1,"2019/08/20 10:20:00",LYA2,0
D,DISPATCH,UNIT_SCADA,1,"2019/08/20 10:20:00",LYA3,560
D,DISPATCH,UNIT_SCADA,1,"2019/08/20 10:20:00",LYA4,540
D,DISPATCH,UNIT_SCADA,1,"2019/08/20 10:20:00",MACARTH1,323.992520
D,DISPATCH,UNIT_SCADA,1,"2019/08/20 10:20:00",MACKAYGT,0
D,DISPATCH,UNIT_SCADA,1,"2019/08/20 10:20:00",MACKNTSH,85.650010
D,DISPATCH,UNIT_SCADA,1,"2019/08/20 10:20:00",MANSLR1,37.2940
D,DISPATCH,UNIT_SCADA,1,"2019/08/20 10:20:00",MCKAY1,0.02
D,DISPATCH,UNIT_SCADA,1,"2019/08/20 10:20:00",MEADOWBK,34.124520
D,DISPATCH,UNIT_SCADA,1,"2019/08/20 10:20:00",MERCER01,125.0010
D,DISPATCH,UNIT_SCADA,1,"2019/08/20 10:20:00",MEWF1,38.078460
D,DISPATCH,UNIT_SCADA,1,"2019/08/20 10:20:00",MINTARO,0
D,DISPATCH,UNIT_SCADA,1,"2019/08/20 10:20:00",MOREESF1,51.7940
D,DISPATCH,UNIT_SCADA,1,"2019/08/20 10:20:00",MORTLK11,182
D,DISPATCH,UNIT_SCADA,1,"2019/08/20 10:20:00",MORTLK12,0
D,DISPATCH,UNIT_SCADA,1,"2019/08/20 10:20:00",MP1,283.574950
D,DISPATCH,UNIT_SCADA,1,"2019/08/20 10:20:00",MP2,0
D,DISPATCH,UNIT_SCADA,1,"2019/08/20 10:20:00",MPP_1,357.75
D,DISPATCH,UNIT_SCADA,1,"2019/08/20 10:20:00",MPP_2,358
D,DISPATCH,UNIT_SCADA,1,"2019/08/20 10:20:00",MSTUART1,0
D,DISPATCH,UNIT_SCADA,1,"2019/08/20 10:20:00",MSTUART2,0
D,DISPATCH,UNIT_SCADA,1,"2019/08/20 10:20:00",MSTUART3,0
D,DISPATCH,UNIT_SCADA,1,"2019/08/20 10:20:00",MTGELWF1,65.028840
D,DISPATCH,UNIT_SCADA,1,"2019/08/20 10:20:00",MURRAY,0
D,DISPATCH,UNIT_SCADA,1,"2019/08/20 10:20:00",MUSSELR1,163.100010
D,DISPATCH,UNIT_SCADA,1,"2019/08/20 10:20:00",MUWAWF1,17.47
D,DISPATCH,UNIT_SCADA,1,"2019/08/20 10:20:00",NBHWF1,70.80
D,DISPATCH,UNIT_SCADA,1,"2019/08/20 10:20:00",NPS,0
D,DISPATCH,UNIT_SCADA,1,"2019/08/20 10:20:00",NUMURSF1,62.74
D,DISPATCH,UNIT_SCADA,1,"2019/08/20 10:20:00",NYNGAN1,95.25
D,DISPATCH,UNIT_SCADA,1,"2019/08/20 10:20:00",OAKEY1,0
D,DISPATCH,UNIT_SCADA,1,"2019/08/20 10:20:00",OAKEY1SF,21.2250
D,DISPATCH,UNIT_SCADA,1,"2019/08/20 10:20:00",OAKEY2,0
D,DISPATCH,UNIT_SCADA,1,"2019/08/20 10:20:00",OAKLAND1,59.50
D,DISPATCH,UNIT_SCADA,1,"2019/08/20 10:20:00",OSB-AG,141.70
D,DISPATCH,UNIT_SCADA,1,"2019/08/20 10:20:00",PARSF1,45.099990
D,DISPATCH,UNIT_SCADA,1,"2019/08/20 10:20:00",POAT110,0
D,DISPATCH,UNIT_SCADA,1,"2019/08/20 10:20:00",POAT220,7.812080
D,DISPATCH,UNIT_SCADA,1,"2019/08/20 10:20:00",POR01,0
D,DISPATCH,UNIT_SCADA,1,"2019/08/20 10:20:00",POR03,0
D,DISPATCH,UNIT_SCADA,1,"2019/08/20 10:20:00",PPCCGT,173.5522
D,DISPATCH,UNIT_SCADA,1,"2019/08/20 10:20:00",PTSTAN1,0
D,DISPATCH,UNIT_SCADA,1,"2019/08/20 10:20:00",PUMP1,0
D,DISPATCH,UNIT_SCADA,1,"2019/08/20 10:20:00",PUMP2,238.67
D,DISPATCH,UNIT_SCADA,1,"2019/08/20 10:20:00",QPS1,0
D,DISPATCH,UNIT_SCADA,1,"2019/08/20 10:20:00",QPS2,0
D,DISPATCH,UNIT_SCADA,1,"2019/08/20 10:20:00",QPS3,0
D,DISPATCH,UNIT_SCADA,1,"2019/08/20 10:20:00",QPS4,0
D,DISPATCH,UNIT_SCADA,1,"2019/08/20 10:20:00",QPS5,0
D,DISPATCH,UNIT_SCADA,1,"2019/08/20 10:20:00",REECE1,115.70
D,DISPATCH,UNIT_SCADA,1,"2019/08/20 10:20:00",REECE2,115.980010
D,DISPATCH,UNIT_SCADA,1,"2019/08/20 10:20:00",ROMA_7,0
D,DISPATCH,UNIT_SCADA,1,"2019/08/20 10:20:00",ROMA_8,0
D,DISPATCH,UNIT_SCADA,1,"2019/08/20 10:20:00",RRSF1,103.555520
D,DISPATCH,UNIT_SCADA,1,"2019/08/20 10:20:00",RT_NSW1,0
D,DISPATCH,UNIT_SCADA,1,"2019/08/20 10:20:00",RT_NSW2,0
D,DISPATCH,UNIT_SCADA,1,"2019/08/20 10:20:00",RT_NSW3,0
D,DISPATCH,UNIT_SCADA,1,"2019/08/20 10:20:00",RT_NSW4,0
D,DISPATCH,UNIT_SCADA,1,"2019/08/20 10:20:00",RT_NSW5,0
D,DISPATCH,UNIT_SCADA,1,"2019/08/20 10:20:00",RT_NSW6,0
D,DISPATCH,UNIT_SCADA,1,"2019/08/20 10:20:00",RT_QLD1,0
D,DISPATCH,UNIT_SCADA,1,"2019/08/20 10:20:00",RT_SA1,0
D,DISPATCH,UNIT_SCADA,1,"2019/08/20 10:20:00",RT_SA2,0
D,DISPATCH,UNIT_SCADA,1,"2019/08/20 10:20:00",RT_SA3,0
D,DISPATCH,UNIT_SCADA,1,"2019/08/20 10:20:00",RT_SA4,0
D,DISPATCH,UNIT_SCADA,1,"2019/08/20 10:20:00",RT_SA5,0
D,DISPATCH,UNIT_SCADA,1,"2019/08/20 10:20:00",RT_SA6,0
D,DISPATCH,UNIT_SCADA,1,"2019/08/20 10:20:00",RT_TAS1,0
D,DISPATCH,UNIT_SCADA,1,"2019/08/20 10:20:00",RT_VIC1,0
D,DISPATCH,UNIT_SCADA,1,"2019/08/20 10:20:00",RT_VIC10,0
D,DISPATCH,UNIT_SCADA,1,"2019/08/20 10:20:00",RT_VIC11,0
D,DISPATCH,UNIT_SCADA,1,"2019/08/20 10:20:00",RT_VIC12,0
D,DISPATCH,UNIT_SCADA,1,"2019/08/20 10:20:00",RT_VIC2,0
D,DISPATCH,UNIT_SCADA,1,"2019/08/20 10:20:00",RT_VIC3,0
D,DISPATCH,UNIT_SCADA,1,"2019/08/20 10:20:00",RT_VIC4,0
D,DISPATCH,UNIT_SCADA,1,"2019/08/20 10:20:00",RT_VIC5,0
D,DISPATCH,UNIT_SCADA,1,"2019/08/20 10:20:00",RT_VIC6,0
D,DISPATCH,UNIT_SCADA,1,"2019/08/20 10:20:00",RT_VIC7,0
D,DISPATCH,UNIT_SCADA,1,"2019/08/20 10:20:00",RT_VIC8,0
D,DISPATCH,UNIT_SCADA,1,"2019/08/20 10:20:00",RT_VIC9,0
D,DISPATCH,UNIT_SCADA,1,"2019/08/20 10:20:00",RUGBYR1,45.101060
D,DISPATCH,UNIT_SCADA,1,"2019/08/20 10:20:00",SALTCRK1,52.08
D,DISPATCH,UNIT_SCADA,1,"2019/08/20 10:20:00",SAPHWF1,40.565610
D,DISPATCH,UNIT_SCADA,1,"2019/08/20 10:20:00",SHGEN,0
D,DISPATCH,UNIT_SCADA,1,"2019/08/20 10:20:00",SHPUMP,0
D,DISPATCH,UNIT_SCADA,1,"2019/08/20 10:20:00",SITHE01,0.005650
D,DISPATCH,UNIT_SCADA,1,"2019/08/20 10:20:00",SMCSF1,78.406940
D,DISPATCH,UNIT_SCADA,1,"2019/08/20 10:20:00",SNOWNTH1,27.20
D,DISPATCH,UNIT_SCADA,1,"2019/08/20 10:20:00",SNOWSTH1,64.60
D,DISPATCH,UNIT_SCADA,1,"2019/08/20 10:20:00",SNOWTWN1,32.1157
D,DISPATCH,UNIT_SCADA,1,"2019/08/20 10:20:00",SNOWYP,190.600010
D,DISPATCH,UNIT_SCADA,1,"2019/08/20 10:20:00",SNUG1,0.019440
D,DISPATCH,UNIT_SCADA,1,"2019/08/20 10:20:00",SRSF1,35.25
D,DISPATCH,UNIT_SCADA,1,"2019/08/20 10:20:00",STAN-1,0
D,DISPATCH,UNIT_SCADA,1,"2019/08/20 10:20:00",STAN-2,281.581420
D,DISPATCH,UNIT_SCADA,1,"2019/08/20 10:20:00",STAN-3,279.530580
D,DISPATCH,UNIT_SCADA,1,"2019/08/20 10:20:00",STAN-4,277.9668
D,DISPATCH,UNIT_SCADA,1,"2019/08/20 10:20:00",STWF1,1.946260
D,DISPATCH,UNIT_SCADA,1,"2019/08/20 10:20:00",SWAN_E,0
D,DISPATCH,UNIT_SCADA,1,"2019/08/20 10:20:00",TALWA1,191
D,DISPATCH,UNIT_SCADA,1,"2019/08/20 10:20:00",TARALGA1,103.263760
D,DISPATCH,UNIT_SCADA,1,"2019/08/20 10:20:00",TARONG#1,282.399990
D,DISPATCH,UNIT_SCADA,1,"2019/08/20 10:20:00",TARONG#2,301.800020
D,DISPATCH,UNIT_SCADA,1,"2019/08/20 10:20:00",TARONG#3,260.399990
D,DISPATCH,UNIT_SCADA,1,"2019/08/20 10:20:00",TARONG#4,280.600010
D,DISPATCH,UNIT_SCADA,1,"2019/08/20 10:20:00",TARRALEA,87
D,DISPATCH,UNIT_SCADA,1,"2019/08/20 10:20:00",TBSF1,75.80
D,DISPATCH,UNIT_SCADA,1,"2019/08/20 10:20:00",TNPS1,441.700010
D,DISPATCH,UNIT_SCADA,1,"2019/08/20 10:20:00",TORRA1,37.310080
D,DISPATCH,UNIT_SCADA,1,"2019/08/20 10:20:00",TORRA2,0
D,DISPATCH,UNIT_SCADA,1,"2019/08/20 10:20:00",TORRA3,0
D,DISPATCH,UNIT_SCADA,1,"2019/08/20 10:20:00",TORRA4,0
D,DISPATCH,UNIT_SCADA,1,"2019/08/20 10:20:00",TORRB1,41.23
D,DISPATCH,UNIT_SCADA,1,"2019/08/20 10:20:00",TORRB2,40.28
D,DISPATCH,UNIT_SCADA,1,"2019/08/20 10:20:00",TORRB3,0
D,DISPATCH,UNIT_SCADA,1,"2019/08/20 10:20:00",TORRB4,0
D,DISPATCH,UNIT_SCADA,1,"2019/08/20 10:20:00",TREVALLN,44.310010
D,DISPATCH,UNIT_SCADA,1,"2019/08/20 10:20:00",TRIBUTE,84.74
D,DISPATCH,UNIT_SCADA,1,"2019/08/20 10:20:00",TUMUT3,0
D,DISPATCH,UNIT_SCADA,1,"2019/08/20 10:20:00",TUNGATIN,123.580020
D,DISPATCH,UNIT_SCADA,1,"2019/08/20 10:20:00",TVCC201,0
D,DISPATCH,UNIT_SCADA,1,"2019/08/20 10:20:00",TVPP104,0
D,DISPATCH,UNIT_SCADA,1,"2019/08/20 10:20:00",UPPTUMUT,0
D,DISPATCH,UNIT_SCADA,1,"2019/08/20 10:20:00",URANQ11,0
D,DISPATCH,UNIT_SCADA,1,"2019/08/20 10:20:00",URANQ12,0
D,DISPATCH,UNIT_SCADA,1,"2019/08/20 10:20:00",URANQ13,0
D,DISPATCH,UNIT_SCADA,1,"2019/08/20 10:20:00",URANQ14,0
D,DISPATCH,UNIT_SCADA,1,"2019/08/20 10:20:00",VP5,410.974980
D,DISPATCH,UNIT_SCADA,1,"2019/08/20 10:20:00",VP6,409.299990
D,DISPATCH,UNIT_SCADA,1,"2019/08/20 10:20:00",VPGS1,0
D,DISPATCH,UNIT_SCADA,1,"2019/08/20 10:20:00",VPGS2,0
D,DISPATCH,UNIT_SCADA,1,"2019/08/20 10:20:00",VPGS3,0
D,DISPATCH,UNIT_SCADA,1,"2019/08/20 10:20:00",VPGS4,0
D,DISPATCH,UNIT_SCADA,1,"2019/08/20 10:20:00",VPGS5,0
D,DISPATCH,UNIT_SCADA,1,"2019/08/20 10:20:00",VPGS6,0
D,DISPATCH,UNIT_SCADA,1,"2019/08/20 10:20:00",W/HOE#1,0
D,DISPATCH,UNIT_SCADA,1,"2019/08/20 10:20:00",W/HOE#2,0
D,DISPATCH,UNIT_SCADA,1,"2019/08/20 10:20:00",WATERLWF,121.90
D,DISPATCH,UNIT_SCADA,1,"2019/08/20 10:20:00",WEMENSF1,44.60
D,DISPATCH,UNIT_SCADA,1,"2019/08/20 10:20:00",WGWF1,85.90
D,DISPATCH,UNIT_SCADA,1,"2019/08/20 10:20:00",WHITSF1,44.60
D,DISPATCH,UNIT_SCADA,1,"2019/08/20 10:20:00",WKIEWA1,0
D,DISPATCH,UNIT_SCADA,1,"2019/08/20 10:20:00",WKIEWA2,9.10
D,DISPATCH,UNIT_SCADA,1,"2019/08/20 10:20:00",WOODLWN1,42.831010
D,DISPATCH,UNIT_SCADA,1,"2019/08/20 10:20:00",WRSF1,19.85
D,DISPATCH,UNIT_SCADA,1,"2019/08/20 10:20:00",WRWF1,19.5225
D,DISPATCH,UNIT_SCADA,1,"2019/08/20 10:20:00",YABULU,0
D,DISPATCH,UNIT_SCADA,1,"2019/08/20 10:20:00",YABULU2,0
D,DISPATCH,UNIT_SCADA,1,"2019/08/20 10:20:00",YARWUN_1,0
D,DISPATCH,UNIT_SCADA,1,"2019/08/20 10:20:00",YENDWF1,42.07
D,DISPATCH,UNIT_SCADA,1,"2019/08/20 10:20:00",YWPS1,374.686070
D,DISPATCH,UNIT_SCADA,1,"2019/08/20 10:20:00",YWPS2,280.197480
D,DISPATCH,UNIT_SCADA,1,"2019/08/20 10:20:00",YWPS3,0
D,DISPATCH,UNIT_SCADA,1,"2019/08/20 10:20:00",YWPS4,396.3671
C,"END OF REPORT",334
