C,NEMP.WORLD,DISPATCHSCADA,AEMO,PUBLIC,2019/08/22,22:20:07,0000000311884107,DISPATCHSCADA,0000000311884101
I,DISPATCH,UNIT_SCADA,1,SETTLEMENTDATE,DUID,SCADAVALUE
D,DISPATCH,UNIT_SCADA,1,"2019/08/22 22:25:00",BARCSF1,0
D,DISPATCH,UNIT_SCADA,1,"2019/08/22 22:25:00",BUTLERSG,9.699999
D,DISPATCH,UNIT_SCADA,1,"2019/08/22 22:25:00",CALL_A_4,0
D,DISPATCH,UNIT_SCADA,1,"2019/08/22 22:25:00",CAPTL_WF,27.399994
D,DISPATCH,UNIT_SCADA,1,"2019/08/22 22:25:00",CATHROCK,3.28
D,DISPATCH,UNIT_SCADA,1,"2019/08/22 22:25:00",CHALLHWF,3.50
D,DISPATCH,UNIT_SCADA,1,"2019/08/22 22:25:00",CLOVER,-0.01
D,DISPATCH,UNIT_SCADA,1,"2019/08/22 22:25:00",CLUNY,20.221104
D,DISPATCH,UNIT_SCADA,1,"2019/08/22 22:25:00",CNUNDAWF,0
D,DISPATCH,UNIT_SCADA,1,"2019/08/22 22:25:00",CULLRGWF,9.37
D,DISPATCH,UNIT_SCADA,1,"2019/08/22 22:25:00",ERGT01,0
D,DISPATCH,UNIT_SCADA,1,"2019/08/22 22:25:00",GB01,0.063931
D,DISPATCH,UNIT_SCADA,1,"2019/08/22 22:25:00",GERMCRK,34
D,DISPATCH,UNIT_SCADA,1,"2019/08/22 22:25:00",GRIFSF1,0
D,DISPATCH,UNIT_SCADA,1,"2019/08/22 22:25:00",HUGSF1,-0.2370
D,DISPATCH,UNIT_SCADA,1,"2019/08/22 22:25:00",LKBONNY1,-0.360028
D,DISPATCH,UNIT_SCADA,1,"2019/08/22 22:25:00",LRSF1,-0.0130
D,DISPATCH,UNIT_SCADA,1,"2019/08/22 22:25:00",MBAHNTH,44.512497
D,DISPATCH,UNIT_SCADA,1,"2019/08/22 22:25:00",MLSP1,0.180001
D,DISPATCH,UNIT_SCADA,1,"2019/08/22 22:25:00",MLWF1,0.9150
D,DISPATCH,UNIT_SCADA,1,"2019/08/22 22:25:00",MTMILLAR,4.978237
D,DISPATCH,UNIT_SCADA,1,"2019/08/22 22:25:00",PALOONA,28.68
D,DISPATCH,UNIT_SCADA,1,"2019/08/22 22:25:00",PIONEER,43
D,DISPATCH,UNIT_SCADA,1,"2019/08/22 22:25:00",PORTWF,4.30
D,DISPATCH,UNIT_SCADA,1,"2019/08/22 22:25:00",REPULSE,28.936598
D,DISPATCH,UNIT_SCADA,1,"2019/08/22 22:25:00",ROWALLAN,10.5151
D,DISPATCH,UNIT_SCADA,1,"2019/08/22 22:25:00",ROYALLA1,0
D,DISPATCH,UNIT_SCADA,1,"2019/08/22 22:25:00",RPCG,11.30
D,DISPATCH,UNIT_SCADA,1,"2019/08/22 22:25:00",RUBICON,0
D,DISPATCH,UNIT_SCADA,1,"2019/08/22 22:25:00",SATGN1,0
D,DISPATCH,UNIT_SCADA,1,"2019/08/22 22:25:00",SATGS1,0
D,DISPATCH,UNIT_SCADA,1,"2019/08/22 22:25:00",STARHLWF,-0.099971
D,DISPATCH,UNIT_SCADA,1,"2019/08/22 22:25:00",WAUBRAWF,39.310001
D,DISPATCH,UNIT_SCADA,1,"2019/08/22 22:25:00",WOOLNTH1,26.380016
D,DISPATCH,UNIT_SCADA,1,"2019/08/22 22:25:00",WPWF,0
D,DISPATCH,UNIT_SCADA,1,"2019/08/22 22:25:00",YAMBUKWF,-0.10
D,DISPATCH,UNIT_SCADA,1,"2019/08/22 22:25:00",YSWF1,0.90
D,DISPATCH,UNIT_SCADA,1,"2019/08/22 22:25:00",AGLHAL,0
D,DISPATCH,UNIT_SCADA,1,"2019/08/22 22:25:00",AGLSOM,81.50
D,DISPATCH,UNIT_SCADA,1,"2019/08/22 22:25:00",ANGAST1,0
D,DISPATCH,UNIT_SCADA,1,"2019/08/22 22:25:00",ARWF1,39.90
D,DISPATCH,UNIT_SCADA,1,"2019/08/22 22:25:00",BALBG1,0
D,DISPATCH,UNIT_SCADA,1,"2019/08/22 22:25:00",BALBL1,0
D,DISPATCH,UNIT_SCADA,1,"2019/08/22 22:25:00",BALDHWF1,24.0140
D,DISPATCH,UNIT_SCADA,1,"2019/08/22 22:25:00",BANN1,0
D,DISPATCH,UNIT_SCADA,1,"2019/08/22 22:25:00",BARCALDN,0
D,DISPATCH,UNIT_SCADA,1,"2019/08/22 22:25:00",BARRON-1,0
D,DISPATCH,UNIT_SCADA,1,"2019/08/22 22:25:00",BARRON-2,27.80
D,DISPATCH,UNIT_SCADA,1,"2019/08/22 22:25:00",BASTYAN,77.55
D,DISPATCH,UNIT_SCADA,1,"2019/08/22 22:25:00",BBTHREE1,-2.18
D,DISPATCH,UNIT_SCADA,1,"2019/08/22 22:25:00",BBTHREE2,-2.18
D,DISPATCH,UNIT_SCADA,1,"2019/08/22 22:25:00",BBTHREE3,-1.29
D,DISPATCH,UNIT_SCADA,1,"2019/08/22 22:25:00",BDL01,-0.18
D,DISPATCH,UNIT_SCADA,1,"2019/08/22 22:25:00",BDL02,-0.24
D,DISPATCH,UNIT_SCADA,1,"2019/08/22 22:25:00",BERYLSF1,-0.179440
D,DISPATCH,UNIT_SCADA,1,"2019/08/22 22:25:00",BLOWERNG,0
D,DISPATCH,UNIT_SCADA,1,"2019/08/22 22:25:00",BLUFF1,4.50
D,DISPATCH,UNIT_SCADA,1,"2019/08/22 22:25:00",BNGSF1,0
D,DISPATCH,UNIT_SCADA,1,"2019/08/22 22:25:00",BNGSF2,0
D,DISPATCH,UNIT_SCADA,1,"2019/08/22 22:25:00",BOCORWF1,67.75
D,DISPATCH,UNIT_SCADA,1,"2019/08/22 22:25:00",BODWF1,72.512480
D,DISPATCH,UNIT_SCADA,1,"2019/08/22 22:25:00",BRAEMAR1,0
D,DISPATCH,UNIT_SCADA,1,"2019/08/22 22:25:00",BRAEMAR2,0
D,DISPATCH,UNIT_SCADA,1,"2019/08/22 22:25:00",BRAEMAR3,0
D,DISPATCH,UNIT_SCADA,1,"2019/08/22 22:25:00",BRAEMAR5,0
D,DISPATCH,UNIT_SCADA,1,"2019/08/22 22:25:00",BRAEMAR6,0
D,DISPATCH,UNIT_SCADA,1,"2019/08/22 22:25:00",BRAEMAR7,151.508120
D,DISPATCH,UNIT_SCADA,1,"2019/08/22 22:25:00",BROKENH1,0
D,DISPATCH,UNIT_SCADA,1,"2019/08/22 22:25:00",BW01,656.574950
D,DISPATCH,UNIT_SCADA,1,"2019/08/22 22:25:00",BW02,661.900020
D,DISPATCH,UNIT_SCADA,1,"2019/08/22 22:25:00",BW03,656.1499
D,DISPATCH,UNIT_SCADA,1,"2019/08/22 22:25:00",BW04,0
D,DISPATCH,UNIT_SCADA,1,"2019/08/22 22:25:00",CALL_B_1,0
D,DISPATCH,UNIT_SCADA,1,"2019/08/22 22:25:00",CALL_B_2,349
D,DISPATCH,UNIT_SCADA,1,"2019/08/22 22:25:00",CETHANA,97.765370
D,DISPATCH,UNIT_SCADA,1,"2019/08/22 22:25:00",CG1,0
D,DISPATCH,UNIT_SCADA,1,"2019/08/22 22:25:00",CG2,0
D,DISPATCH,UNIT_SCADA,1,"2019/08/22 22:25:00",CG3,0
D,DISPATCH,UNIT_SCADA,1,"2019/08/22 22:25:00",CG4,0
D,DISPATCH,UNIT_SCADA,1,"2019/08/22 22:25:00",CHILDSF1,0
D,DISPATCH,UNIT_SCADA,1,"2019/08/22 22:25:00",CLARESF1,0
D,DISPATCH,UNIT_SCADA,1,"2019/08/22 22:25:00",CLEMGPWF,3.097510
D,DISPATCH,UNIT_SCADA,1,"2019/08/22 22:25:00",CLERMSF1,0
D,DISPATCH,UNIT_SCADA,1,"2019/08/22 22:25:00",COLEASF1,0
D,DISPATCH,UNIT_SCADA,1,"2019/08/22 22:25:00",COOPGWF1,35.254540
D,DISPATCH,UNIT_SCADA,1,"2019/08/22 22:25:00",CPP_3,404.524990
D,DISPATCH,UNIT_SCADA,1,"2019/08/22 22:25:00",CPP_4,403.425020
D,DISPATCH,UNIT_SCADA,1,"2019/08/22 22:25:00",CPSA,142.382510
D,DISPATCH,UNIT_SCADA,1,"2019/08/22 22:25:00",CROOKWF2,6.1250
D,DISPATCH,UNIT_SCADA,1,"2019/08/22 22:25:00",CROWLWF1,12.443140
D,DISPATCH,UNIT_SCADA,1,"2019/08/22 22:25:00",CSPVPS1,0
D,DISPATCH,UNIT_SCADA,1,"2019/08/22 22:25:00",DALNTH01,0
D,DISPATCH,UNIT_SCADA,1,"2019/08/22 22:25:00",DALNTHL1,7.002370
D,DISPATCH,UNIT_SCADA,1,"2019/08/22 22:25:00",DARTM1,134.70
D,DISPATCH,UNIT_SCADA,1,"2019/08/22 22:25:00",DAYDSF1,0
D,DISPATCH,UNIT_SCADA,1,"2019/08/22 22:25:00",DDPS1,577.727660
D,DISPATCH,UNIT_SCADA,1,"2019/08/22 22:25:00",DDSF1,0
D,DISPATCH,UNIT_SCADA,1,"2019/08/22 22:25:00",DEVILS_G,0
D,DISPATCH,UNIT_SCADA,1,"2019/08/22 22:25:00",DG_NSW1,0
D,DISPATCH,UNIT_SCADA,1,"2019/08/22 22:25:00",DG_QLD1,0
D,DISPATCH,UNIT_SCADA,1,"2019/08/22 22:25:00",DG_SA1,0
D,DISPATCH,UNIT_SCADA,1,"2019/08/22 22:25:00",DG_TAS1,0
D,DISPATCH,UNIT_SCADA,1,"2019/08/22 22:25:00",DG_VIC1,0
D,DISPATCH,UNIT_SCADA,1,"2019/08/22 22:25:00",DRYCGT1,0
D,DISPATCH,UNIT_SCADA,1,"2019/08/22 22:25:00",DRYCGT2,0
D,DISPATCH,UNIT_SCADA,1,"2019/08/22 22:25:00",DRYCGT3,0
D,DISPATCH,UNIT_SCADA,1,"2019/08/22 22:25:00",EILDON1,0
D,DISPATCH,UNIT_SCADA,1,"2019/08/22 22:25:00",EILDON2,0
D,DISPATCH,UNIT_SCADA,1,"2019/08/22 22:25:00",EMERASF1,0
D,DISPATCH,UNIT_SCADA,1,"2019/08/22 22:25:00",ER01,593.325070
D,DISPATCH,UNIT_SCADA,1,"2019/08/22 22:25:00",ER02,683.3999
D,DISPATCH,UNIT_SCADA,1,"2019/08/22 22:25:00",ER03,630.825070
D,DISPATCH,UNIT_SCADA,1,"2019/08/22 22:25:00",ER04,690.949950
D,DISPATCH,UNIT_SCADA,1,"2019/08/22 22:25:00",FINLYSF1,0
D,DISPATCH,UNIT_SCADA,1,"2019/08/22 22:25:00",FISHER,45.94
D,DISPATCH,UNIT_SCADA,1,"2019/08/22 22:25:00",GANNBG1,0
D,DISPATCH,UNIT_SCADA,1,"2019/08/22 22:25:00",GANNBL1,0.034730
D,DISPATCH,UNIT_SCADA,1,"2019/08/22 22:25:00",GANNSF1,0
D,DISPATCH,UNIT_SCADA,1,"2019/08/22 22:25:00",GORDON,110.540070
D,DISPATCH,UNIT_SCADA,1,"2019/08/22 22:25:00",GSTONE1,256.3750
D,DISPATCH,UNIT_SCADA,1,"2019/08/22 22:25:00",GSTONE2,229.95
D,DISPATCH,UNIT_SCADA,1,"2019/08/22 22:25:00",GSTONE3,241.6750
D,DISPATCH,UNIT_SCADA,1,"2019/08/22 22:25:00",GSTONE4,260.924990
D,DISPATCH,UNIT_SCADA,1,"2019/08/22 22:25:00",GSTONE5,259.524990
D,DISPATCH,UNIT_SCADA,1,"2019/08/22 22:25:00",GSTONE6,0
D,DISPATCH,UNIT_SCADA,1,"2019/08/22 22:25:00",GULLRSF1,0
D,DISPATCH,UNIT_SCADA,1,"2019/08/22 22:25:00",GULLRWF1,14.7554
D,DISPATCH,UNIT_SCADA,1,"2019/08/22 22:25:00",GUNNING1,3.018690
D,DISPATCH,UNIT_SCADA,1,"2019/08/22 22:25:00",GUTHEGA,0
D,DISPATCH,UNIT_SCADA,1,"2019/08/22 22:25:00",HALLWF1,37.48
D,DISPATCH,UNIT_SCADA,1,"2019/08/22 22:25:00",HALLWF2,20.18
D,DISPATCH,UNIT_SCADA,1,"2019/08/22 22:25:00",HAMISF1,0
D,DISPATCH,UNIT_SCADA,1,"2019/08/22 22:25:00",HAUGHT11,0
D,DISPATCH,UNIT_SCADA,1,"2019/08/22 22:25:00",HAYMSF1,0
D,DISPATCH,UNIT_SCADA,1,"2019/08/22 22:25:00",HDWF1,75
D,DISPATCH,UNIT_SCADA,1,"2019/08/22 22:25:00",HDWF2,65.60
D,DISPATCH,UNIT_SCADA,1,"2019/08/22 22:25:00",HDWF3,66.60
D,DISPATCH,UNIT_SCADA,1,"2019/08/22 22:25:00",HPRG1,0.50
D,DISPATCH,UNIT_SCADA,1,"2019/08/22 22:25:00",HPRL1,0
D,DISPATCH,UNIT_SCADA,1,"2019/08/22 22:25:00",HUMENSW,0
D,DISPATCH,UNIT_SCADA,1,"2019/08/22 22:25:00",HUMEV,8.60
D,DISPATCH,UNIT_SCADA,1,"2019/08/22 22:25:00",HVGTS,0
D,DISPATCH,UNIT_SCADA,1,"2019/08/22 22:25:00",JBUTTERS,140.25
D,DISPATCH,UNIT_SCADA,1,"2019/08/22 22:25:00",JLA01,0.10
D,DISPATCH,UNIT_SCADA,1,"2019/08/22 22:25:00",JLA02,0
D,DISPATCH,UNIT_SCADA,1,"2019/08/22 22:25:00",JLA03,0.10
D,DISPATCH,UNIT_SCADA,1,"2019/08/22 22:25:00",JLA04,0.10
D,DISPATCH,UNIT_SCADA,1,"2019/08/22 22:25:00",JLB01,0
D,DISPATCH,UNIT_SCADA,1,"2019/08/22 22:25:00",JLB02,0.10
D,DISPATCH,UNIT_SCADA,1,"2019/08/22 22:25:00",JLB03,0
D,DISPATCH,UNIT_SCADA,1,"2019/08/22 22:25:00",KAREEYA1,21.53
D,DISPATCH,UNIT_SCADA,1,"2019/08/22 22:25:00",KAREEYA2,21.6825
D,DISPATCH,UNIT_SCADA,1,"2019/08/22 22:25:00",KAREEYA3,0
D,DISPATCH,UNIT_SCADA,1,"2019/08/22 22:25:00",KAREEYA4,21.6975
D,DISPATCH,UNIT_SCADA,1,"2019/08/22 22:25:00",KARSF1,0
D,DISPATCH,UNIT_SCADA,1,"2019/08/22 22:25:00",KIATAWF1,8.50
D,DISPATCH,UNIT_SCADA,1,"2019/08/22 22:25:00",KPP_1,0
D,DISPATCH,UNIT_SCADA,1,"2019/08/22 22:25:00",KSP1,0
D,DISPATCH,UNIT_SCADA,1,"2019/08/22 22:25:00",LADBROK1,42.82
D,DISPATCH,UNIT_SCADA,1,"2019/08/22 22:25:00",LADBROK2,42.46
D,DISPATCH,UNIT_SCADA,1,"2019/08/22 22:25:00",LD01,413.175020
D,DISPATCH,UNIT_SCADA,1,"2019/08/22 22:25:00",LD02,390.712550
D,DISPATCH,UNIT_SCADA,1,"2019/08/22 22:25:00",LD03,414.5062
D,DISPATCH,UNIT_SCADA,1,"2019/08/22 22:25:00",LD04,372.206270
D,DISPATCH,UNIT_SCADA,1,"2019/08/22 22:25:00",LEM_WIL,86.199250
D,DISPATCH,UNIT_SCADA,1,"2019/08/22 22:25:00",LGAPWF1,1.05
D,DISPATCH,UNIT_SCADA,1,"2019/08/22 22:25:00",LILYSF1,0
D,DISPATCH,UNIT_SCADA,1,"2019/08/22 22:25:00",LI_WY_CA,149.2850
D,DISPATCH,UNIT_SCADA,1,"2019/08/22 22:25:00",LKBONNY2,-1.0206
D,DISPATCH,UNIT_SCADA,1,"2019/08/22 22:25:00",LKBONNY3,-0.225030
D,DISPATCH,UNIT_SCADA,1,"2019/08/22 22:25:00",LK_ECHO,0
D,DISPATCH,UNIT_SCADA,1,"2019/08/22 22:25:00",LNGS1,0
D,DISPATCH,UNIT_SCADA,1,"2019/08/22 22:25:00",LNGS2,0
D,DISPATCH,UNIT_SCADA,1,"2019/08/22 22:25:00",LONSDALE,0
D,DISPATCH,UNIT_SCADA,1,"2019/08/22 22:25:00",LOYYB1,536.088620
D,DISPATCH,UNIT_SCADA,1,"2019/08/22 22:25:00",LOYYB2,581.954410
D,DISPATCH,UNIT_SCADA,1,"2019/08/22 22:25:00",LYA1,561
D,DISPATCH,UNIT_SCADA,1,"2019/08/22 22:25:00",LYA2,0
D,DISPATCH,UNIT_SCADA,1,"2019/08/22 22:25:00",LYA3,560
D,DISPATCH,UNIT_SCADA,1,"2019/08/22 22:25:00",LYA4,542
D,DISPATCH,UNIT_SCADA,1,"2019/08/22 22:25:00",MACARTH1,0
D,DISPATCH,UNIT_SCADA,1,"2019/08/22 22:25:00",MACKAYGT,0
D,DISPATCH,UNIT_SCADA,1,"2019/08/22 22:25:00",MACKNTSH,86.330010
D,DISPATCH,UNIT_SCADA,1,"2019/08/22 22:25:00",MANSLR1,0
D,DISPATCH,UNIT_SCADA,1,"2019/08/22 22:25:00",MCKAY1,0.02
D,DISPATCH,UNIT_SCADA,1,"2019/08/22 22:25:00",MEADOWBK,33.8673
D,DISPATCH,UNIT_SCADA,1,"2019/08/22 22:25:00",MERCER01,1.8870
D,DISPATCH,UNIT_SCADA,1,"2019/08/22 22:25:00",MEWF1,4.112380
D,DISPATCH,UNIT_SCADA,1,"2019/08/22 22:25:00",MINTARO,0
D,DISPATCH,UNIT_SCADA,1,"2019/08/22 22:25:00",MOREESF1,0
D,DISPATCH,UNIT_SCADA,1,"2019/08/22 22:25:00",MORTLK11,124
D,DISPATCH,UNIT_SCADA,1,"2019/08/22 22:25:00",MORTLK12,0
D,DISPATCH,UNIT_SCADA,1,"2019/08/22 22:25:00",MP1,276.224980
D,DISPATCH,UNIT_SCADA,1,"2019/08/22 22:25:00",MP2,0
D,DISPATCH,UNIT_SCADA,1,"2019/08/22 22:25:00",MPP_1,374.75
D,DISPATCH,UNIT_SCADA,1,"2019/08/22 22:25:00",MPP_2,401.50
D,DISPATCH,UNIT_SCADA,1,"2019/08/22 22:25:00",MSTUART1,0
D,DISPATCH,UNIT_SCADA,1,"2019/08/22 22:25:00",MSTUART2,0
D,DISPATCH,UNIT_SCADA,1,"2019/08/22 22:25:00",MSTUART3,0
D,DISPATCH,UNIT_SCADA,1,"2019/08/22 22:25:00",MTGELWF1,5.458240
D,DISPATCH,UNIT_SCADA,1,"2019/08/22 22:25:00",MURRAY,17.927640
D,DISPATCH,UNIT_SCADA,1,"2019/08/22 22:25:00",MUSSELR1,0.70
D,DISPATCH,UNIT_SCADA,1,"2019/08/22 22:25:00",MUWAWF1,0.07
D,DISPATCH,UNIT_SCADA,1,"2019/08/22 22:25:00",NBHWF1,75.600010
D,DISPATCH,UNIT_SCADA,1,"2019/08/22 22:25:00",NPS,508.50
D,DISPATCH,UNIT_SCADA,1,"2019/08/22 22:25:00",NUMURSF1,0
D,DISPATCH,UNIT_SCADA,1,"2019/08/22 22:25:00",NYNGAN1,0
D,DISPATCH,UNIT_SCADA,1,"2019/08/22 22:25:00",OAKEY1,0
D,DISPATCH,UNIT_SCADA,1,"2019/08/22 22:25:00",OAKEY1SF,0
D,DISPATCH,UNIT_SCADA,1,"2019/08/22 22:25:00",OAKEY2,0
D,DISPATCH,UNIT_SCADA,1,"2019/08/22 22:25:00",OAKLAND1,7.90
D,DISPATCH,UNIT_SCADA,1,"2019/08/22 22:25:00",OSB-AG,183.94
D,DISPATCH,UNIT_SCADA,1,"2019/08/22 22:25:00",PARSF1,0
D,DISPATCH,UNIT_SCADA,1,"2019/08/22 22:25:00",POAT110,0
D,DISPATCH,UNIT_SCADA,1,"2019/08/22 22:25:00",POAT220,1.19
D,DISPATCH,UNIT_SCADA,1,"2019/08/22 22:25:00",POR01,0
D,DISPATCH,UNIT_SCADA,1,"2019/08/22 22:25:00",POR03,0
D,DISPATCH,UNIT_SCADA,1,"2019/08/22 22:25:00",PPCCGT,495.011350
D,DISPATCH,UNIT_SCADA,1,"2019/08/22 22:25:00",PTSTAN1,0
D,DISPATCH,UNIT_SCADA,1,"2019/08/22 22:25:00",PUMP1,0
D,DISPATCH,UNIT_SCADA,1,"2019/08/22 22:25:00",PUMP2,0
D,DISPATCH,UNIT_SCADA,1,"2019/08/22 22:25:00",QPS1,29.10
D,DISPATCH,UNIT_SCADA,1,"2019/08/22 22:25:00",QPS2,0
D,DISPATCH,UNIT_SCADA,1,"2019/08/22 22:25:00",QPS3,0
D,DISPATCH,UNIT_SCADA,1,"2019/08/22 22:25:00",QPS4,0
D,DISPATCH,UNIT_SCADA,1,"2019/08/22 22:25:00",QPS5,123.93
D,DISPATCH,UNIT_SCADA,1,"2019/08/22 22:25:00",REECE1,120.000010
D,DISPATCH,UNIT_SCADA,1,"2019/08/22 22:25:00",REECE2,118.940010
D,DISPATCH,UNIT_SCADA,1,"2019/08/22 22:25:00",ROMA_7,0
D,DISPATCH,UNIT_SCADA,1,"2019/08/22 22:25:00",ROMA_8,0
D,DISPATCH,UNIT_SCADA,1,"2019/08/22 22:25:00",RRSF1,0
D,DISPATCH,UNIT_SCADA,1,"2019/08/22 22:25:00",RT_NSW1,0
D,DISPATCH,UNIT_SCADA,1,"2019/08/22 22:25:00",RT_NSW2,0
D,DISPATCH,UNIT_SCADA,1,"2019/08/22 22:25:00",RT_NSW3,0
D,DISPATCH,UNIT_SCADA,1,"2019/08/22 22:25:00",RT_NSW4,0
D,DISPATCH,UNIT_SCADA,1,"2019/08/22 22:25:00",RT_NSW5,0
D,DISPATCH,UNIT_SCADA,1,"2019/08/22 22:25:00",RT_NSW6,0
D,DISPATCH,UNIT_SCADA,1,"2019/08/22 22:25:00",RT_QLD1,0
D,DISPATCH,UNIT_SCADA,1,"2019/08/22 22:25:00",RT_SA1,0
D,DISPATCH,UNIT_SCADA,1,"2019/08/22 22:25:00",RT_SA2,0
D,DISPATCH,UNIT_SCADA,1,"2019/08/22 22:25:00",RT_SA3,0
D,DISPATCH,UNIT_SCADA,1,"2019/08/22 22:25:00",RT_SA4,0
D,DISPATCH,UNIT_SCADA,1,"2019/08/22 22:25:00",RT_SA5,0
D,DISPATCH,UNIT_SCADA,1,"2019/08/22 22:25:00",RT_SA6,0
D,DISPATCH,UNIT_SCADA,1,"2019/08/22 22:25:00",RT_TAS1,0
D,DISPATCH,UNIT_SCADA,1,"2019/08/22 22:25:00",RT_VIC1,0
D,DISPATCH,UNIT_SCADA,1,"2019/08/22 22:25:00",RT_VIC10,0
D,DISPATCH,UNIT_SCADA,1,"2019/08/22 22:25:00",RT_VIC11,0
D,DISPATCH,UNIT_SCADA,1,"2019/08/22 22:25:00",RT_VIC12,0
D,DISPATCH,UNIT_SCADA,1,"2019/08/22 22:25:00",RT_VIC2,0
D,DISPATCH,UNIT_SCADA,1,"2019/08/22 22:25:00",RT_VIC3,0
D,DISPATCH,UNIT_SCADA,1,"2019/08/22 22:25:00",RT_VIC4,0
D,DISPATCH,UNIT_SCADA,1,"2019/08/22 22:25:00",RT_VIC5,0
D,DISPATCH,UNIT_SCADA,1,"2019/08/22 22:25:00",RT_VIC6,0
D,DISPATCH,UNIT_SCADA,1,"2019/08/22 22:25:00",RT_VIC7,0
D,DISPATCH,UNIT_SCADA,1,"2019/08/22 22:25:00",RT_VIC8,0
D,DISPATCH,UNIT_SCADA,1,"2019/08/22 22:25:00",RT_VIC9,0
D,DISPATCH,UNIT_SCADA,1,"2019/08/22 22:25:00",RUGBYR1,0
D,DISPATCH,UNIT_SCADA,1,"2019/08/22 22:25:00",SALTCRK1,-0.56
D,DISPATCH,UNIT_SCADA,1,"2019/08/22 22:25:00",SAPHWF1,46.181240
D,DISPATCH,UNIT_SCADA,1,"2019/08/22 22:25:00",SHGEN,0
D,DISPATCH,UNIT_SCADA,1,"2019/08/22 22:25:00",SHPUMP,0
D,DISPATCH,UNIT_SCADA,1,"2019/08/22 22:25:00",SITHE01,0.214140
D,DISPATCH,UNIT_SCADA,1,"2019/08/22 22:25:00",SMCSF1,0
D,DISPATCH,UNIT_SCADA,1,"2019/08/22 22:25:00",SNOWNTH1,9.10
D,DISPATCH,UNIT_SCADA,1,"2019/08/22 22:25:00",SNOWSTH1,7.90
D,DISPATCH,UNIT_SCADA,1,"2019/08/22 22:25:00",SNOWTWN1,8.603440
D,DISPATCH,UNIT_SCADA,1,"2019/08/22 22:25:00",SNOWYP,0
D,DISPATCH,UNIT_SCADA,1,"2019/08/22 22:25:00",SNUG1,0.019440
D,DISPATCH,UNIT_SCADA,1,"2019/08/22 22:25:00",SRSF1,0
D,DISPATCH,UNIT_SCADA,1,"2019/08/22 22:25:00",STAN-1,0
D,DISPATCH,UNIT_SCADA,1,"2019/08/22 22:25:00",STAN-2,340.274140
D,DISPATCH,UNIT_SCADA,1,"2019/08/22 22:25:00",STAN-3,341.4021
D,DISPATCH,UNIT_SCADA,1,"2019/08/22 22:25:00",STAN-4,353.027860
D,DISPATCH,UNIT_SCADA,1,"2019/08/22 22:25:00",STWF1,157.6575
D,DISPATCH,UNIT_SCADA,1,"2019/08/22 22:25:00",SWAN_E,0
D,DISPATCH,UNIT_SCADA,1,"2019/08/22 22:25:00",TALWA1,425
D,DISPATCH,UNIT_SCADA,1,"2019/08/22 22:25:00",TARALGA1,25.796250
D,DISPATCH,UNIT_SCADA,1,"2019/08/22 22:25:00",TARONG#1,341.200010
D,DISPATCH,UNIT_SCADA,1,"2019/08/22 22:25:00",TARONG#2,340.700010
D,DISPATCH,UNIT_SCADA,1,"2019/08/22 22:25:00",TARONG#3,259.899990
D,DISPATCH,UNIT_SCADA,1,"2019/08/22 22:25:00",TARONG#4,349
D,DISPATCH,UNIT_SCADA,1,"2019/08/22 22:25:00",TARRALEA,83.80
D,DISPATCH,UNIT_SCADA,1,"2019/08/22 22:25:00",TBSF1,-0.20
D,DISPATCH,UNIT_SCADA,1,"2019/08/22 22:25:00",TNPS1,442.300020
D,DISPATCH,UNIT_SCADA,1,"2019/08/22 22:25:00",TORRA1,115.198960
D,DISPATCH,UNIT_SCADA,1,"2019/08/22 22:25:00",TORRA2,0
D,DISPATCH,UNIT_SCADA,1,"2019/08/22 22:25:00",TORRA3,46.831160
D,DISPATCH,UNIT_SCADA,1,"2019/08/22 22:25:00",TORRA4,105.148320
D,DISPATCH,UNIT_SCADA,1,"2019/08/22 22:25:00",TORRB1,131
D,DISPATCH,UNIT_SCADA,1,"2019/08/22 22:25:00",TORRB2,195.490010
D,DISPATCH,UNIT_SCADA,1,"2019/08/22 22:25:00",TORRB3,0
D,DISPATCH,UNIT_SCADA,1,"2019/08/22 22:25:00",TORRB4,0
D,DISPATCH,UNIT_SCADA,1,"2019/08/22 22:25:00",TREVALLN,69.500030
D,DISPATCH,UNIT_SCADA,1,"2019/08/22 22:25:00",TRIBUTE,84.90
D,DISPATCH,UNIT_SCADA,1,"2019/08/22 22:25:00",TUMUT3,0
D,DISPATCH,UNIT_SCADA,1,"2019/08/22 22:25:00",TUNGATIN,139.300020
D,DISPATCH,UNIT_SCADA,1,"2019/08/22 22:25:00",TVCC201,0
D,DISPATCH,UNIT_SCADA,1,"2019/08/22 22:25:00",TVPP104,57.904710
D,DISPATCH,UNIT_SCADA,1,"2019/08/22 22:25:00",UPPTUMUT,390.6615
D,DISPATCH,UNIT_SCADA,1,"2019/08/22 22:25:00",URANQ11,0
D,DISPATCH,UNIT_SCADA,1,"2019/08/22 22:25:00",URANQ12,0
D,DISPATCH,UNIT_SCADA,1,"2019/08/22 22:25:00",URANQ13,0
D,DISPATCH,UNIT_SCADA,1,"2019/08/22 22:25:00",URANQ14,0
D,DISPATCH,UNIT_SCADA,1,"2019/08/22 22:25:00",VP5,622.174990
D,DISPATCH,UNIT_SCADA,1,"2019/08/22 22:25:00",VP6,624
D,DISPATCH,UNIT_SCADA,1,"2019/08/22 22:25:00",VPGS1,0
D,DISPATCH,UNIT_SCADA,1,"2019/08/22 22:25:00",VPGS2,0
D,DISPATCH,UNIT_SCADA,1,"2019/08/22 22:25:00",VPGS3,0
D,DISPATCH,UNIT_SCADA,1,"2019/08/22 22:25:00",VPGS4,0
D,DISPATCH,UNIT_SCADA,1,"2019/08/22 22:25:00",VPGS5,0
D,DISPATCH,UNIT_SCADA,1,"2019/08/22 22:25:00",VPGS6,0
D,DISPATCH,UNIT_SCADA,1,"2019/08/22 22:25:00",W/HOE#1,0
D,DISPATCH,UNIT_SCADA,1,"2019/08/22 22:25:00",W/HOE#2,0
D,DISPATCH,UNIT_SCADA,1,"2019/08/22 22:25:00",WATERLWF,2.60
D,DISPATCH,UNIT_SCADA,1,"2019/08/22 22:25:00",WEMENSF1,0
D,DISPATCH,UNIT_SCADA,1,"2019/08/22 22:25:00",WGWF1,14.20
D,DISPATCH,UNIT_SCADA,1,"2019/08/22 22:25:00",WHITSF1,0
D,DISPATCH,UNIT_SCADA,1,"2019/08/22 22:25:00",WKIEWA1,32
D,DISPATCH,UNIT_SCADA,1,"2019/08/22 22:25:00",WKIEWA2,32
D,DISPATCH,UNIT_SCADA,1,"2019/08/22 22:25:00",WOODLWN1,16.127990
D,DISPATCH,UNIT_SCADA,1,"2019/08/22 22:25:00",WRSF1,0
D,DISPATCH,UNIT_SCADA,1,"2019/08/22 22:25:00",WRWF1,11.86
D,DISPATCH,UNIT_SCADA,1,"2019/08/22 22:25:00",YABULU,0
D,DISPATCH,UNIT_SCADA,1,"2019/08/22 22:25:00",YABULU2,0
D,DISPATCH,UNIT_SCADA,1,"2019/08/22 22:25:00",YARWUN_1,0
D,DISPATCH,UNIT_SCADA,1,"2019/08/22 22:25:00",YENDWF1,3.36
D,DISPATCH,UNIT_SCADA,1,"2019/08/22 22:25:00",YWPS1,276.437990
D,DISPATCH,UNIT_SCADA,1,"2019/08/22 22:25:00",YWPS2,275.686070
D,DISPATCH,UNIT_SCADA,1,"2019/08/22 22:25:00",YWPS3,0
D,DISPATCH,UNIT_SCADA,1,"2019/08/22 22:25:00",YWPS4,362.775940
C,"END OF REPORT",334
