C,NEMP.WORLD,DISPATCHSCADA,AEMO,PUBLIC,2019/09/04,14:40:07,0000000312386023,DISPATCHSCADA,0000000312386017
I,DISPATCH,UNIT_SCADA,1,SETTLEMENTDATE,DUID,SCADAVALUE
D,DISPATCH,UNIT_SCADA,1,"2019/09/04 14:45:00",BARCSF1,10.10
D,DISPATCH,UNIT_SCADA,1,"2019/09/04 14:45:00",BUTLERSG,3.799998
D,DISPATCH,UNIT_SCADA,1,"2019/09/04 14:45:00",CALL_A_4,0
D,DISPATCH,UNIT_SCADA,1,"2019/09/04 14:45:00",CAPTL_WF,130.552002
D,DISPATCH,UNIT_SCADA,1,"2019/09/04 14:45:00",CATHROCK,0
D,DISPATCH,UNIT_SCADA,1,"2019/09/04 14:45:00",CHALLHWF,0
D,DISPATCH,UNIT_SCADA,1,"2019/09/04 14:45:00",CLOVER,-0.01
D,DISPATCH,UNIT_SCADA,1,"2019/09/04 14:45:00",CLUNY,11.929961
D,DISPATCH,UNIT_SCADA,1,"2019/09/04 14:45:00",CNUNDAWF,1.802102
D,DISPATCH,UNIT_SCADA,1,"2019/09/04 14:45:00",CULLRGWF,28.360001
D,DISPATCH,UNIT_SCADA,1,"2019/09/04 14:45:00",ERGT01,0
D,DISPATCH,UNIT_SCADA,1,"2019/09/04 14:45:00",GB01,0.005852
D,DISPATCH,UNIT_SCADA,1,"2019/09/04 14:45:00",GERMCRK,32.599998
D,DISPATCH,UNIT_SCADA,1,"2019/09/04 14:45:00",GRIFSF1,25.600006
D,DISPATCH,UNIT_SCADA,1,"2019/09/04 14:45:00",HUGSF1,9.0010
D,DISPATCH,UNIT_SCADA,1,"2019/09/04 14:45:00",LKBONNY1,2.411353
D,DISPATCH,UNIT_SCADA,1,"2019/09/04 14:45:00",LRSF1,11.818001
D,DISPATCH,UNIT_SCADA,1,"2019/09/04 14:45:00",MBAHNTH,52.631241
D,DISPATCH,UNIT_SCADA,1,"2019/09/04 14:45:00",MLSP1,3.253001
D,DISPATCH,UNIT_SCADA,1,"2019/09/04 14:45:00",MLWF1,3.63
D,DISPATCH,UNIT_SCADA,1,"2019/09/04 14:45:00",MTMILLAR,-0.249284
D,DISPATCH,UNIT_SCADA,1,"2019/09/04 14:45:00",PALOONA,24.25
D,DISPATCH,UNIT_SCADA,1,"2019/09/04 14:45:00",PIONEER,24.200001
D,DISPATCH,UNIT_SCADA,1,"2019/09/04 14:45:00",PORTWF,12
D,DISPATCH,UNIT_SCADA,1,"2019/09/04 14:45:00",REPULSE,19.881285
D,DISPATCH,UNIT_SCADA,1,"2019/09/04 14:45:00",ROWALLAN,10.3092
D,DISPATCH,UNIT_SCADA,1,"2019/09/04 14:45:00",ROYALLA1,7.637001
D,DISPATCH,UNIT_SCADA,1,"2019/09/04 14:45:00",RPCG,-1.70
D,DISPATCH,UNIT_SCADA,1,"2019/09/04 14:45:00",RUBICON,0
D,DISPATCH,UNIT_SCADA,1,"2019/09/04 14:45:00",SATGN1,0
D,DISPATCH,UNIT_SCADA,1,"2019/09/04 14:45:00",SATGS1,0
D,DISPATCH,UNIT_SCADA,1,"2019/09/04 14:45:00",STARHLWF,2.899155
D,DISPATCH,UNIT_SCADA,1,"2019/09/04 14:45:00",WAUBRAWF,18.481001
D,DISPATCH,UNIT_SCADA,1,"2019/09/04 14:45:00",WOOLNTH1,59.700016
D,DISPATCH,UNIT_SCADA,1,"2019/09/04 14:45:00",WPWF,-1
D,DISPATCH,UNIT_SCADA,1,"2019/09/04 14:45:00",YAMBUKWF,2.10
D,DISPATCH,UNIT_SCADA,1,"2019/09/04 14:45:00",YSWF1,13.20
D,DISPATCH,UNIT_SCADA,1,"2019/09/04 14:45:00",AGLHAL,0
D,DISPATCH,UNIT_SCADA,1,"2019/09/04 14:45:00",AGLSOM,0
D,DISPATCH,UNIT_SCADA,1,"2019/09/04 14:45:00",ANGAST1,0
D,DISPATCH,UNIT_SCADA,1,"2019/09/04 14:45:00",ARWF1,36.10
D,DISPATCH,UNIT_SCADA,1,"2019/09/04 14:45:00",BALBG1,0
D,DISPATCH,UNIT_SCADA,1,"2019/09/04 14:45:00",BALBL1,0
D,DISPATCH,UNIT_SCADA,1,"2019/09/04 14:45:00",BALDHWF1,52.69
D,DISPATCH,UNIT_SCADA,1,"2019/09/04 14:45:00",BANN1,28.72
D,DISPATCH,UNIT_SCADA,1,"2019/09/04 14:45:00",BARCALDN,0
D,DISPATCH,UNIT_SCADA,1,"2019/09/04 14:45:00",BARRON-1,25
D,DISPATCH,UNIT_SCADA,1,"2019/09/04 14:45:00",BARRON-2,0
D,DISPATCH,UNIT_SCADA,1,"2019/09/04 14:45:00",BASTYAN,80.310010
D,DISPATCH,UNIT_SCADA,1,"2019/09/04 14:45:00",BBTHREE1,0
D,DISPATCH,UNIT_SCADA,1,"2019/09/04 14:45:00",BBTHREE2,0
D,DISPATCH,UNIT_SCADA,1,"2019/09/04 14:45:00",BBTHREE3,0
D,DISPATCH,UNIT_SCADA,1,"2019/09/04 14:45:00",BDL01,0
D,DISPATCH,UNIT_SCADA,1,"2019/09/04 14:45:00",BDL02,0
D,DISPATCH,UNIT_SCADA,1,"2019/09/04 14:45:00",BERYLSF1,77.220660
D,DISPATCH,UNIT_SCADA,1,"2019/09/04 14:45:00",BLOWERNG,11.10
D,DISPATCH,UNIT_SCADA,1,"2019/09/04 14:45:00",BLUFF1,0
D,DISPATCH,UNIT_SCADA,1,"2019/09/04 14:45:00",BNGSF1,98.83
D,DISPATCH,UNIT_SCADA,1,"2019/09/04 14:45:00",BNGSF2,20.01
D,DISPATCH,UNIT_SCADA,1,"2019/09/04 14:45:00",BOCORWF1,85.02
D,DISPATCH,UNIT_SCADA,1,"2019/09/04 14:45:00",BODWF1,71.380760
D,DISPATCH,UNIT_SCADA,1,"2019/09/04 14:45:00",BRAEMAR1,0
D,DISPATCH,UNIT_SCADA,1,"2019/09/04 14:45:00",BRAEMAR2,0
D,DISPATCH,UNIT_SCADA,1,"2019/09/04 14:45:00",BRAEMAR3,0
D,DISPATCH,UNIT_SCADA,1,"2019/09/04 14:45:00",BRAEMAR5,0
D,DISPATCH,UNIT_SCADA,1,"2019/09/04 14:45:00",BRAEMAR6,0
D,DISPATCH,UNIT_SCADA,1,"2019/09/04 14:45:00",BRAEMAR7,0
D,DISPATCH,UNIT_SCADA,1,"2019/09/04 14:45:00",BROKENH1,27.749510
D,DISPATCH,UNIT_SCADA,1,"2019/09/04 14:45:00",BW01,602.974980
D,DISPATCH,UNIT_SCADA,1,"2019/09/04 14:45:00",BW02,602.724980
D,DISPATCH,UNIT_SCADA,1,"2019/09/04 14:45:00",BW03,606.849980
D,DISPATCH,UNIT_SCADA,1,"2019/09/04 14:45:00",BW04,0
D,DISPATCH,UNIT_SCADA,1,"2019/09/04 14:45:00",CALL_B_1,159.70
D,DISPATCH,UNIT_SCADA,1,"2019/09/04 14:45:00",CALL_B_2,159.900010
D,DISPATCH,UNIT_SCADA,1,"2019/09/04 14:45:00",CETHANA,22.861750
D,DISPATCH,UNIT_SCADA,1,"2019/09/04 14:45:00",CG1,0
D,DISPATCH,UNIT_SCADA,1,"2019/09/04 14:45:00",CG2,0
D,DISPATCH,UNIT_SCADA,1,"2019/09/04 14:45:00",CG3,0
D,DISPATCH,UNIT_SCADA,1,"2019/09/04 14:45:00",CG4,0
D,DISPATCH,UNIT_SCADA,1,"2019/09/04 14:45:00",CHILDSF1,47.64
D,DISPATCH,UNIT_SCADA,1,"2019/09/04 14:45:00",CLARESF1,49.4592
D,DISPATCH,UNIT_SCADA,1,"2019/09/04 14:45:00",CLEMGPWF,-0.432210
D,DISPATCH,UNIT_SCADA,1,"2019/09/04 14:45:00",CLERMSF1,15.07
D,DISPATCH,UNIT_SCADA,1,"2019/09/04 14:45:00",COLEASF1,71.70
D,DISPATCH,UNIT_SCADA,1,"2019/09/04 14:45:00",COOPGWF1,0
D,DISPATCH,UNIT_SCADA,1,"2019/09/04 14:45:00",CPP_3,200.20
D,DISPATCH,UNIT_SCADA,1,"2019/09/04 14:45:00",CPP_4,169.400010
D,DISPATCH,UNIT_SCADA,1,"2019/09/04 14:45:00",CPSA,75.078130
D,DISPATCH,UNIT_SCADA,1,"2019/09/04 14:45:00",CROOKWF2,90.453750
D,DISPATCH,UNIT_SCADA,1,"2019/09/04 14:45:00",CROWLWF1,10.492420
D,DISPATCH,UNIT_SCADA,1,"2019/09/04 14:45:00",CSPVPS1,31.5780
D,DISPATCH,UNIT_SCADA,1,"2019/09/04 14:45:00",DALNTH01,0
D,DISPATCH,UNIT_SCADA,1,"2019/09/04 14:45:00",DALNTHL1,0.038150
D,DISPATCH,UNIT_SCADA,1,"2019/09/04 14:45:00",DARTM1,0
D,DISPATCH,UNIT_SCADA,1,"2019/09/04 14:45:00",DAYDSF1,31.17
D,DISPATCH,UNIT_SCADA,1,"2019/09/04 14:45:00",DDPS1,21.735770
D,DISPATCH,UNIT_SCADA,1,"2019/09/04 14:45:00",DDSF1,86.962170
D,DISPATCH,UNIT_SCADA,1,"2019/09/04 14:45:00",DEVILS_G,56.500750
D,DISPATCH,UNIT_SCADA,1,"2019/09/04 14:45:00",DG_NSW1,0
D,DISPATCH,UNIT_SCADA,1,"2019/09/04 14:45:00",DG_QLD1,0
D,DISPATCH,UNIT_SCADA,1,"2019/09/04 14:45:00",DG_SA1,0
D,DISPATCH,UNIT_SCADA,1,"2019/09/04 14:45:00",DG_TAS1,0
D,DISPATCH,UNIT_SCADA,1,"2019/09/04 14:45:00",DG_VIC1,0
D,DISPATCH,UNIT_SCADA,1,"2019/09/04 14:45:00",DRYCGT1,0
D,DISPATCH,UNIT_SCADA,1,"2019/09/04 14:45:00",DRYCGT2,0
D,DISPATCH,UNIT_SCADA,1,"2019/09/04 14:45:00",DRYCGT3,0
D,DISPATCH,UNIT_SCADA,1,"2019/09/04 14:45:00",EILDON1,0
D,DISPATCH,UNIT_SCADA,1,"2019/09/04 14:45:00",EILDON2,0
D,DISPATCH,UNIT_SCADA,1,"2019/09/04 14:45:00",EMERASF1,13.97
D,DISPATCH,UNIT_SCADA,1,"2019/09/04 14:45:00",ER01,590.50
D,DISPATCH,UNIT_SCADA,1,"2019/09/04 14:45:00",ER02,699.425050
D,DISPATCH,UNIT_SCADA,1,"2019/09/04 14:45:00",ER03,0
D,DISPATCH,UNIT_SCADA,1,"2019/09/04 14:45:00",ER04,695.650020
D,DISPATCH,UNIT_SCADA,1,"2019/09/04 14:45:00",FINLYSF1,11.137510
D,DISPATCH,UNIT_SCADA,1,"2019/09/04 14:45:00",FISHER,31.82
D,DISPATCH,UNIT_SCADA,1,"2019/09/04 14:45:00",GANNBG1,0
D,DISPATCH,UNIT_SCADA,1,"2019/09/04 14:45:00",GANNBL1,9.7773
D,DISPATCH,UNIT_SCADA,1,"2019/09/04 14:45:00",GANNSF1,35.60
D,DISPATCH,UNIT_SCADA,1,"2019/09/04 14:45:00",GORDON,19.279120
D,DISPATCH,UNIT_SCADA,1,"2019/09/04 14:45:00",GSTONE1,135.274990
D,DISPATCH,UNIT_SCADA,1,"2019/09/04 14:45:00",GSTONE2,109.90
D,DISPATCH,UNIT_SCADA,1,"2019/09/04 14:45:00",GSTONE3,0
D,DISPATCH,UNIT_SCADA,1,"2019/09/04 14:45:00",GSTONE4,135.45
D,DISPATCH,UNIT_SCADA,1,"2019/09/04 14:45:00",GSTONE5,134.9250
D,DISPATCH,UNIT_SCADA,1,"2019/09/04 14:45:00",GSTONE6,134.05
D,DISPATCH,UNIT_SCADA,1,"2019/09/04 14:45:00",GULLRSF1,9.778930
D,DISPATCH,UNIT_SCADA,1,"2019/09/04 14:45:00",GULLRWF1,141.236020
D,DISPATCH,UNIT_SCADA,1,"2019/09/04 14:45:00",GUNNING1,37.988460
D,DISPATCH,UNIT_SCADA,1,"2019/09/04 14:45:00",GUTHEGA,0
D,DISPATCH,UNIT_SCADA,1,"2019/09/04 14:45:00",HALLWF1,-0.57
D,DISPATCH,UNIT_SCADA,1,"2019/09/04 14:45:00",HALLWF2,-0.32
D,DISPATCH,UNIT_SCADA,1,"2019/09/04 14:45:00",HAMISF1,44.70
D,DISPATCH,UNIT_SCADA,1,"2019/09/04 14:45:00",HAUGHT11,50.059270
D,DISPATCH,UNIT_SCADA,1,"2019/09/04 14:45:00",HAYMSF1,38.3640
D,DISPATCH,UNIT_SCADA,1,"2019/09/04 14:45:00",HDWF1,5.70
D,DISPATCH,UNIT_SCADA,1,"2019/09/04 14:45:00",HDWF2,4.30
D,DISPATCH,UNIT_SCADA,1,"2019/09/04 14:45:00",HDWF3,2.40
D,DISPATCH,UNIT_SCADA,1,"2019/09/04 14:45:00",HPRG1,0
D,DISPATCH,UNIT_SCADA,1,"2019/09/04 14:45:00",HPRL1,4.40
D,DISPATCH,UNIT_SCADA,1,"2019/09/04 14:45:00",HUMENSW,0
D,DISPATCH,UNIT_SCADA,1,"2019/09/04 14:45:00",HUMEV,25.60
D,DISPATCH,UNIT_SCADA,1,"2019/09/04 14:45:00",HVGTS,0
D,DISPATCH,UNIT_SCADA,1,"2019/09/04 14:45:00",JBUTTERS,17.78
D,DISPATCH,UNIT_SCADA,1,"2019/09/04 14:45:00",JLA01,40.10
D,DISPATCH,UNIT_SCADA,1,"2019/09/04 14:45:00",JLA02,0
D,DISPATCH,UNIT_SCADA,1,"2019/09/04 14:45:00",JLA03,0
D,DISPATCH,UNIT_SCADA,1,"2019/09/04 14:45:00",JLA04,0
D,DISPATCH,UNIT_SCADA,1,"2019/09/04 14:45:00",JLB01,0
D,DISPATCH,UNIT_SCADA,1,"2019/09/04 14:45:00",JLB02,0.10
D,DISPATCH,UNIT_SCADA,1,"2019/09/04 14:45:00",JLB03,0
D,DISPATCH,UNIT_SCADA,1,"2019/09/04 14:45:00",KAREEYA1,21.5475
D,DISPATCH,UNIT_SCADA,1,"2019/09/04 14:45:00",KAREEYA2,21.74
D,DISPATCH,UNIT_SCADA,1,"2019/09/04 14:45:00",KAREEYA3,0
D,DISPATCH,UNIT_SCADA,1,"2019/09/04 14:45:00",KAREEYA4,21.6525
D,DISPATCH,UNIT_SCADA,1,"2019/09/04 14:45:00",KARSF1,57.40
D,DISPATCH,UNIT_SCADA,1,"2019/09/04 14:45:00",KIATAWF1,3.20
D,DISPATCH,UNIT_SCADA,1,"2019/09/04 14:45:00",KPP_1,0
D,DISPATCH,UNIT_SCADA,1,"2019/09/04 14:45:00",KSP1,34.65
D,DISPATCH,UNIT_SCADA,1,"2019/09/04 14:45:00",LADBROK1,0
D,DISPATCH,UNIT_SCADA,1,"2019/09/04 14:45:00",LADBROK2,0
D,DISPATCH,UNIT_SCADA,1,"2019/09/04 14:45:00",LD01,381.356230
D,DISPATCH,UNIT_SCADA,1,"2019/09/04 14:45:00",LD02,379.0687
D,DISPATCH,UNIT_SCADA,1,"2019/09/04 14:45:00",LD03,380.868710
D,DISPATCH,UNIT_SCADA,1,"2019/09/04 14:45:00",LD04,352.949980
D,DISPATCH,UNIT_SCADA,1,"2019/09/04 14:45:00",LEM_WIL,85.3325
D,DISPATCH,UNIT_SCADA,1,"2019/09/04 14:45:00",LGAPWF1,3.33
D,DISPATCH,UNIT_SCADA,1,"2019/09/04 14:45:00",LILYSF1,87.556090
D,DISPATCH,UNIT_SCADA,1,"2019/09/04 14:45:00",LI_WY_CA,100.285960
D,DISPATCH,UNIT_SCADA,1,"2019/09/04 14:45:00",LKBONNY2,5.911030
D,DISPATCH,UNIT_SCADA,1,"2019/09/04 14:45:00",LKBONNY3,2.400350
D,DISPATCH,UNIT_SCADA,1,"2019/09/04 14:45:00",LK_ECHO,0
D,DISPATCH,UNIT_SCADA,1,"2019/09/04 14:45:00",LNGS1,0
D,DISPATCH,UNIT_SCADA,1,"2019/09/04 14:45:00",LNGS2,0
D,DISPATCH,UNIT_SCADA,1,"2019/09/04 14:45:00",LONSDALE,0
D,DISPATCH,UNIT_SCADA,1,"2019/09/04 14:45:00",LOYYB1,535.712650
D,DISPATCH,UNIT_SCADA,1,"2019/09/04 14:45:00",LOYYB2,581.578490
D,DISPATCH,UNIT_SCADA,1,"2019/09/04 14:45:00",LYA1,0
D,DISPATCH,UNIT_SCADA,1,"2019/09/04 14:45:00",LYA2,0
D,DISPATCH,UNIT_SCADA,1,"2019/09/04 14:45:00",LYA3,559
D,DISPATCH,UNIT_SCADA,1,"2019/09/04 14:45:00",LYA4,540
D,DISPATCH,UNIT_SCADA,1,"2019/09/04 14:45:00",MACARTH1,0
D,DISPATCH,UNIT_SCADA,1,"2019/09/04 14:45:00",MACKAYGT,0.2240
D,DISPATCH,UNIT_SCADA,1,"2019/09/04 14:45:00",MACKNTSH,88.52
D,DISPATCH,UNIT_SCADA,1,"2019/09/04 14:45:00",MANSLR1,39.8190
D,DISPATCH,UNIT_SCADA,1,"2019/09/04 14:45:00",MCKAY1,0.02
D,DISPATCH,UNIT_SCADA,1,"2019/09/04 14:45:00",MEADOWBK,25.064660
D,DISPATCH,UNIT_SCADA,1,"2019/09/04 14:45:00",MERCER01,40.1240
D,DISPATCH,UNIT_SCADA,1,"2019/09/04 14:45:00",MEWF1,44.763140
D,DISPATCH,UNIT_SCADA,1,"2019/09/04 14:45:00",MINTARO,0
D,DISPATCH,UNIT_SCADA,1,"2019/09/04 14:45:00",MOREESF1,49.3060
D,DISPATCH,UNIT_SCADA,1,"2019/09/04 14:45:00",MORTLK11,234
D,DISPATCH,UNIT_SCADA,1,"2019/09/04 14:45:00",MORTLK12,0
D,DISPATCH,UNIT_SCADA,1,"2019/09/04 14:45:00",MP1,216.825010
D,DISPATCH,UNIT_SCADA,1,"2019/09/04 14:45:00",MP2,0
D,DISPATCH,UNIT_SCADA,1,"2019/09/04 14:45:00",MPP_1,305.75
D,DISPATCH,UNIT_SCADA,1,"2019/09/04 14:45:00",MPP_2,290
D,DISPATCH,UNIT_SCADA,1,"2019/09/04 14:45:00",MSTUART1,0
D,DISPATCH,UNIT_SCADA,1,"2019/09/04 14:45:00",MSTUART2,0
D,DISPATCH,UNIT_SCADA,1,"2019/09/04 14:45:00",MSTUART3,0
D,DISPATCH,UNIT_SCADA,1,"2019/09/04 14:45:00",MTGELWF1,64.3437
D,DISPATCH,UNIT_SCADA,1,"2019/09/04 14:45:00",MURRAY,0
D,DISPATCH,UNIT_SCADA,1,"2019/09/04 14:45:00",MUSSELR1,157.099990
D,DISPATCH,UNIT_SCADA,1,"2019/09/04 14:45:00",MUWAWF1,7.06
D,DISPATCH,UNIT_SCADA,1,"2019/09/04 14:45:00",NBHWF1,-0.40
D,DISPATCH,UNIT_SCADA,1,"2019/09/04 14:45:00",NPS,115.8750
D,DISPATCH,UNIT_SCADA,1,"2019/09/04 14:45:00",NUMURSF1,36.71
D,DISPATCH,UNIT_SCADA,1,"2019/09/04 14:45:00",NYNGAN1,83.25
D,DISPATCH,UNIT_SCADA,1,"2019/09/04 14:45:00",OAKEY1,0
D,DISPATCH,UNIT_SCADA,1,"2019/09/04 14:45:00",OAKEY1SF,24.1190
D,DISPATCH,UNIT_SCADA,1,"2019/09/04 14:45:00",OAKEY2,0
D,DISPATCH,UNIT_SCADA,1,"2019/09/04 14:45:00",OAKEY2SF,0
D,DISPATCH,UNIT_SCADA,1,"2019/09/04 14:45:00",OAKLAND1,12
D,DISPATCH,UNIT_SCADA,1,"2019/09/04 14:45:00",OSB-AG,178.010010
D,DISPATCH,UNIT_SCADA,1,"2019/09/04 14:45:00",PARSF1,46.20
D,DISPATCH,UNIT_SCADA,1,"2019/09/04 14:45:00",POAT110,0
D,DISPATCH,UNIT_SCADA,1,"2019/09/04 14:45:00",POAT220,9.28
D,DISPATCH,UNIT_SCADA,1,"2019/09/04 14:45:00",POR01,0
D,DISPATCH,UNIT_SCADA,1,"2019/09/04 14:45:00",POR03,0
D,DISPATCH,UNIT_SCADA,1,"2019/09/04 14:45:00",PPCCGT,458.7717
D,DISPATCH,UNIT_SCADA,1,"2019/09/04 14:45:00",PTSTAN1,0
D,DISPATCH,UNIT_SCADA,1,"2019/09/04 14:45:00",PUMP1,0
D,DISPATCH,UNIT_SCADA,1,"2019/09/04 14:45:00",PUMP2,0
D,DISPATCH,UNIT_SCADA,1,"2019/09/04 14:45:00",QPS1,0
D,DISPATCH,UNIT_SCADA,1,"2019/09/04 14:45:00",QPS2,0
D,DISPATCH,UNIT_SCADA,1,"2019/09/04 14:45:00",QPS3,0
D,DISPATCH,UNIT_SCADA,1,"2019/09/04 14:45:00",QPS4,0
D,DISPATCH,UNIT_SCADA,1,"2019/09/04 14:45:00",QPS5,0
D,DISPATCH,UNIT_SCADA,1,"2019/09/04 14:45:00",REECE1,117.670010
D,DISPATCH,UNIT_SCADA,1,"2019/09/04 14:45:00",REECE2,101.260010
D,DISPATCH,UNIT_SCADA,1,"2019/09/04 14:45:00",ROMA_7,0
D,DISPATCH,UNIT_SCADA,1,"2019/09/04 14:45:00",ROMA_8,0
D,DISPATCH,UNIT_SCADA,1,"2019/09/04 14:45:00",RRSF1,115.076260
D,DISPATCH,UNIT_SCADA,1,"2019/09/04 14:45:00",RT_NSW1,0
D,DISPATCH,UNIT_SCADA,1,"2019/09/04 14:45:00",RT_NSW2,0
D,DISPATCH,UNIT_SCADA,1,"2019/09/04 14:45:00",RT_NSW3,0
D,DISPATCH,UNIT_SCADA,1,"2019/09/04 14:45:00",RT_NSW4,0
D,DISPATCH,UNIT_SCADA,1,"2019/09/04 14:45:00",RT_NSW5,0
D,DISPATCH,UNIT_SCADA,1,"2019/09/04 14:45:00",RT_NSW6,0
D,DISPATCH,UNIT_SCADA,1,"2019/09/04 14:45:00",RT_QLD1,0
D,DISPATCH,UNIT_SCADA,1,"2019/09/04 14:45:00",RT_SA1,0
D,DISPATCH,UNIT_SCADA,1,"2019/09/04 14:45:00",RT_SA2,0
D,DISPATCH,UNIT_SCADA,1,"2019/09/04 14:45:00",RT_SA3,0
D,DISPATCH,UNIT_SCADA,1,"2019/09/04 14:45:00",RT_SA4,0
D,DISPATCH,UNIT_SCADA,1,"2019/09/04 14:45:00",RT_SA5,0
D,DISPATCH,UNIT_SCADA,1,"2019/09/04 14:45:00",RT_SA6,0
D,DISPATCH,UNIT_SCADA,1,"2019/09/04 14:45:00",RT_TAS1,0
D,DISPATCH,UNIT_SCADA,1,"2019/09/04 14:45:00",RT_VIC1,0
D,DISPATCH,UNIT_SCADA,1,"2019/09/04 14:45:00",RT_VIC10,0
D,DISPATCH,UNIT_SCADA,1,"2019/09/04 14:45:00",RT_VIC11,0
D,DISPATCH,UNIT_SCADA,1,"2019/09/04 14:45:00",RT_VIC12,0
D,DISPATCH,UNIT_SCADA,1,"2019/09/04 14:45:00",RT_VIC2,0
D,DISPATCH,UNIT_SCADA,1,"2019/09/04 14:45:00",RT_VIC3,0
D,DISPATCH,UNIT_SCADA,1,"2019/09/04 14:45:00",RT_VIC4,0
D,DISPATCH,UNIT_SCADA,1,"2019/09/04 14:45:00",RT_VIC5,0
D,DISPATCH,UNIT_SCADA,1,"2019/09/04 14:45:00",RT_VIC6,0
D,DISPATCH,UNIT_SCADA,1,"2019/09/04 14:45:00",RT_VIC7,0
D,DISPATCH,UNIT_SCADA,1,"2019/09/04 14:45:00",RT_VIC8,0
D,DISPATCH,UNIT_SCADA,1,"2019/09/04 14:45:00",RT_VIC9,0
D,DISPATCH,UNIT_SCADA,1,"2019/09/04 14:45:00",RUGBYR1,62.615550
D,DISPATCH,UNIT_SCADA,1,"2019/09/04 14:45:00",SALTCRK1,12.13
D,DISPATCH,UNIT_SCADA,1,"2019/09/04 14:45:00",SAPHWF1,201.956240
D,DISPATCH,UNIT_SCADA,1,"2019/09/04 14:45:00",SHGEN,0
D,DISPATCH,UNIT_SCADA,1,"2019/09/04 14:45:00",SHPUMP,157.868850
D,DISPATCH,UNIT_SCADA,1,"2019/09/04 14:45:00",SITHE01,0.1840
D,DISPATCH,UNIT_SCADA,1,"2019/09/04 14:45:00",SMCSF1,73.368230
D,DISPATCH,UNIT_SCADA,1,"2019/09/04 14:45:00",SNOWNTH1,3
D,DISPATCH,UNIT_SCADA,1,"2019/09/04 14:45:00",SNOWSTH1,1.90
D,DISPATCH,UNIT_SCADA,1,"2019/09/04 14:45:00",SNOWTWN1,-0.0530
D,DISPATCH,UNIT_SCADA,1,"2019/09/04 14:45:00",SNOWYP,0
D,DISPATCH,UNIT_SCADA,1,"2019/09/04 14:45:00",SNUG1,0.019440
D,DISPATCH,UNIT_SCADA,1,"2019/09/04 14:45:00",SRSF1,34.61
D,DISPATCH,UNIT_SCADA,1,"2019/09/04 14:45:00",STAN-1,365.525210
D,DISPATCH,UNIT_SCADA,1,"2019/09/04 14:45:00",STAN-2,246.178670
D,DISPATCH,UNIT_SCADA,1,"2019/09/04 14:45:00",STAN-3,244.896880
D,DISPATCH,UNIT_SCADA,1,"2019/09/04 14:45:00",STAN-4,248.024430
D,DISPATCH,UNIT_SCADA,1,"2019/09/04 14:45:00",STWF1,35.628750
D,DISPATCH,UNIT_SCADA,1,"2019/09/04 14:45:00",SWAN_E,0
D,DISPATCH,UNIT_SCADA,1,"2019/09/04 14:45:00",TALWA1,411
D,DISPATCH,UNIT_SCADA,1,"2019/09/04 14:45:00",TARALGA1,97.428760
D,DISPATCH,UNIT_SCADA,1,"2019/09/04 14:45:00",TARONG#1,350.100010
D,DISPATCH,UNIT_SCADA,1,"2019/09/04 14:45:00",TARONG#2,0
D,DISPATCH,UNIT_SCADA,1,"2019/09/04 14:45:00",TARONG#3,278.800020
D,DISPATCH,UNIT_SCADA,1,"2019/09/04 14:45:00",TARONG#4,349.600010
D,DISPATCH,UNIT_SCADA,1,"2019/09/04 14:45:00",TARRALEA,75.70
D,DISPATCH,UNIT_SCADA,1,"2019/09/04 14:45:00",TBSF1,15.40
D,DISPATCH,UNIT_SCADA,1,"2019/09/04 14:45:00",TNPS1,442.000030
D,DISPATCH,UNIT_SCADA,1,"2019/09/04 14:45:00",TORRA1,64.440440
D,DISPATCH,UNIT_SCADA,1,"2019/09/04 14:45:00",TORRA2,0
D,DISPATCH,UNIT_SCADA,1,"2019/09/04 14:45:00",TORRA3,0
D,DISPATCH,UNIT_SCADA,1,"2019/09/04 14:45:00",TORRA4,56.963120
D,DISPATCH,UNIT_SCADA,1,"2019/09/04 14:45:00",TORRB1,88.01
D,DISPATCH,UNIT_SCADA,1,"2019/09/04 14:45:00",TORRB2,90.05
D,DISPATCH,UNIT_SCADA,1,"2019/09/04 14:45:00",TORRB3,88.90
D,DISPATCH,UNIT_SCADA,1,"2019/09/04 14:45:00",TORRB4,0
D,DISPATCH,UNIT_SCADA,1,"2019/09/04 14:45:00",TREVALLN,0
D,DISPATCH,UNIT_SCADA,1,"2019/09/04 14:45:00",TRIBUTE,0
D,DISPATCH,UNIT_SCADA,1,"2019/09/04 14:45:00",TUMUT3,0
D,DISPATCH,UNIT_SCADA,1,"2019/09/04 14:45:00",TUNGATIN,19
D,DISPATCH,UNIT_SCADA,1,"2019/09/04 14:45:00",TVCC201,0
D,DISPATCH,UNIT_SCADA,1,"2019/09/04 14:45:00",TVPP104,0
D,DISPATCH,UNIT_SCADA,1,"2019/09/04 14:45:00",UPPTUMUT,252.635410
D,DISPATCH,UNIT_SCADA,1,"2019/09/04 14:45:00",URANQ11,0
D,DISPATCH,UNIT_SCADA,1,"2019/09/04 14:45:00",URANQ12,0
D,DISPATCH,UNIT_SCADA,1,"2019/09/04 14:45:00",URANQ13,158.987490
D,DISPATCH,UNIT_SCADA,1,"2019/09/04 14:45:00",URANQ14,0
D,DISPATCH,UNIT_SCADA,1,"2019/09/04 14:45:00",VP5,490.600010
D,DISPATCH,UNIT_SCADA,1,"2019/09/04 14:45:00",VP6,0
D,DISPATCH,UNIT_SCADA,1,"2019/09/04 14:45:00",VPGS1,0
D,DISPATCH,UNIT_SCADA,1,"2019/09/04 14:45:00",VPGS2,0
D,DISPATCH,UNIT_SCADA,1,"2019/09/04 14:45:00",VPGS3,0
D,DISPATCH,UNIT_SCADA,1,"2019/09/04 14:45:00",VPGS4,0
D,DISPATCH,UNIT_SCADA,1,"2019/09/04 14:45:00",VPGS5,0
D,DISPATCH,UNIT_SCADA,1,"2019/09/04 14:45:00",VPGS6,0
D,DISPATCH,UNIT_SCADA,1,"2019/09/04 14:45:00",W/HOE#1,0
D,DISPATCH,UNIT_SCADA,1,"2019/09/04 14:45:00",W/HOE#2,0
D,DISPATCH,UNIT_SCADA,1,"2019/09/04 14:45:00",WATERLWF,2.20
D,DISPATCH,UNIT_SCADA,1,"2019/09/04 14:45:00",WEMENSF1,64.40
D,DISPATCH,UNIT_SCADA,1,"2019/09/04 14:45:00",WGWF1,1.90
D,DISPATCH,UNIT_SCADA,1,"2019/09/04 14:45:00",WHITSF1,11.60
D,DISPATCH,UNIT_SCADA,1,"2019/09/04 14:45:00",WKIEWA1,0
D,DISPATCH,UNIT_SCADA,1,"2019/09/04 14:45:00",WKIEWA2,0.10
D,DISPATCH,UNIT_SCADA,1,"2019/09/04 14:45:00",WOODLWN1,44.892010
D,DISPATCH,UNIT_SCADA,1,"2019/09/04 14:45:00",WRSF1,15.89
D,DISPATCH,UNIT_SCADA,1,"2019/09/04 14:45:00",WRWF1,141.068760
D,DISPATCH,UNIT_SCADA,1,"2019/09/04 14:45:00",YABULU,0
D,DISPATCH,UNIT_SCADA,1,"2019/09/04 14:45:00",YABULU2,0
D,DISPATCH,UNIT_SCADA,1,"2019/09/04 14:45:00",YARWUN_1,113.64
D,DISPATCH,UNIT_SCADA,1,"2019/09/04 14:45:00",YENDWF1,24.64
D,DISPATCH,UNIT_SCADA,1,"2019/09/04 14:45:00",YWPS1,379.949370
D,DISPATCH,UNIT_SCADA,1,"2019/09/04 14:45:00",YWPS2,282.202550
D,DISPATCH,UNIT_SCADA,1,"2019/09/04 14:45:00",YWPS3,359.6709
D,DISPATCH,UNIT_SCADA,1,"2019/09/04 14:45:00",YWPS4,342.4519
C,"END OF REPORT",335
