C,NEMP.WORLD,DISPATCHSCADA,AEMO,PUBLIC,2019/09/05,01:35:09,0000000312404114,DISPATCHSCADA,0000000312404108
I,DISPATCH,UNIT_SCADA,1,SETTLEMENTDATE,DUID,SCADAVALUE
D,DISPATCH,UNIT_SCADA,1,"2019/09/05 01:40:00",BARCSF1,0
D,DISPATCH,UNIT_SCADA,1,"2019/09/05 01:40:00",BUTLERSG,10.199999
D,DISPATCH,UNIT_SCADA,1,"2019/09/05 01:40:00",CALL_A_4,0
D,DISPATCH,UNIT_SCADA,1,"2019/09/05 01:40:00",CAPTL_WF,7.732002
D,DISPATCH,UNIT_SCADA,1,"2019/09/05 01:40:00",CATHROCK,0
D,DISPATCH,UNIT_SCADA,1,"2019/09/05 01:40:00",CHALLHWF,0
D,DISPATCH,UNIT_SCADA,1,"2019/09/05 01:40:00",CLOVER,-0.01
D,DISPATCH,UNIT_SCADA,1,"2019/09/05 01:40:00",CLUNY,9.934081
D,DISPATCH,UNIT_SCADA,1,"2019/09/05 01:40:00",CNUNDAWF,2.703153
D,DISPATCH,UNIT_SCADA,1,"2019/09/05 01:40:00",CULLRGWF,8.67
D,DISPATCH,UNIT_SCADA,1,"2019/09/05 01:40:00",ERGT01,0
D,DISPATCH,UNIT_SCADA,1,"2019/09/05 01:40:00",GB01,0.015377
D,DISPATCH,UNIT_SCADA,1,"2019/09/05 01:40:00",GERMCRK,36.599998
D,DISPATCH,UNIT_SCADA,1,"2019/09/05 01:40:00",GRIFSF1,0
D,DISPATCH,UNIT_SCADA,1,"2019/09/05 01:40:00",HUGSF1,-0.19
D,DISPATCH,UNIT_SCADA,1,"2019/09/05 01:40:00",LKBONNY1,10.091958
D,DISPATCH,UNIT_SCADA,1,"2019/09/05 01:40:00",LRSF1,-0.0310
D,DISPATCH,UNIT_SCADA,1,"2019/09/05 01:40:00",MBAHNTH,34.237495
D,DISPATCH,UNIT_SCADA,1,"2019/09/05 01:40:00",MLSP1,0.366001
D,DISPATCH,UNIT_SCADA,1,"2019/09/05 01:40:00",MLWF1,2.22
D,DISPATCH,UNIT_SCADA,1,"2019/09/05 01:40:00",MTMILLAR,3.586712
D,DISPATCH,UNIT_SCADA,1,"2019/09/05 01:40:00",PALOONA,16.75
D,DISPATCH,UNIT_SCADA,1,"2019/09/05 01:40:00",PIONEER,42.400002
D,DISPATCH,UNIT_SCADA,1,"2019/09/05 01:40:00",PORTWF,25.10
D,DISPATCH,UNIT_SCADA,1,"2019/09/05 01:40:00",REPULSE,20.224308
D,DISPATCH,UNIT_SCADA,1,"2019/09/05 01:40:00",ROWALLAN,10.4015
D,DISPATCH,UNIT_SCADA,1,"2019/09/05 01:40:00",ROYALLA1,0
D,DISPATCH,UNIT_SCADA,1,"2019/09/05 01:40:00",RPCG,10.40
D,DISPATCH,UNIT_SCADA,1,"2019/09/05 01:40:00",RUBICON,0
D,DISPATCH,UNIT_SCADA,1,"2019/09/05 01:40:00",SATGN1,0
D,DISPATCH,UNIT_SCADA,1,"2019/09/05 01:40:00",SATGS1,0
D,DISPATCH,UNIT_SCADA,1,"2019/09/05 01:40:00",STARHLWF,-0.099971
D,DISPATCH,UNIT_SCADA,1,"2019/09/05 01:40:00",WAUBRAWF,0
D,DISPATCH,UNIT_SCADA,1,"2019/09/05 01:40:00",WOOLNTH1,0.490015
D,DISPATCH,UNIT_SCADA,1,"2019/09/05 01:40:00",WPWF,0
D,DISPATCH,UNIT_SCADA,1,"2019/09/05 01:40:00",YAMBUKWF,6.70
D,DISPATCH,UNIT_SCADA,1,"2019/09/05 01:40:00",YSWF1,0
D,DISPATCH,UNIT_SCADA,1,"2019/09/05 01:40:00",AGLHAL,0
D,DISPATCH,UNIT_SCADA,1,"2019/09/05 01:40:00",AGLSOM,0
D,DISPATCH,UNIT_SCADA,1,"2019/09/05 01:40:00",ANGAST1,0
D,DISPATCH,UNIT_SCADA,1,"2019/09/05 01:40:00",ARWF1,-1.10
D,DISPATCH,UNIT_SCADA,1,"2019/09/05 01:40:00",BALBG1,0
D,DISPATCH,UNIT_SCADA,1,"2019/09/05 01:40:00",BALBL1,0
D,DISPATCH,UNIT_SCADA,1,"2019/09/05 01:40:00",BALDHWF1,0
D,DISPATCH,UNIT_SCADA,1,"2019/09/05 01:40:00",BANN1,0
D,DISPATCH,UNIT_SCADA,1,"2019/09/05 01:40:00",BARCALDN,0
D,DISPATCH,UNIT_SCADA,1,"2019/09/05 01:40:00",BARRON-1,0
D,DISPATCH,UNIT_SCADA,1,"2019/09/05 01:40:00",BARRON-2,0
D,DISPATCH,UNIT_SCADA,1,"2019/09/05 01:40:00",BASTYAN,79.930010
D,DISPATCH,UNIT_SCADA,1,"2019/09/05 01:40:00",BBTHREE1,0
D,DISPATCH,UNIT_SCADA,1,"2019/09/05 01:40:00",BBTHREE2,0
D,DISPATCH,UNIT_SCADA,1,"2019/09/05 01:40:00",BBTHREE3,0
D,DISPATCH,UNIT_SCADA,1,"2019/09/05 01:40:00",BDL01,-0.18
D,DISPATCH,UNIT_SCADA,1,"2019/09/05 01:40:00",BDL02,-0.24
D,DISPATCH,UNIT_SCADA,1,"2019/09/05 01:40:00",BERYLSF1,0
D,DISPATCH,UNIT_SCADA,1,"2019/09/05 01:40:00",BLOWERNG,11.10
D,DISPATCH,UNIT_SCADA,1,"2019/09/05 01:40:00",BLUFF1,0
D,DISPATCH,UNIT_SCADA,1,"2019/09/05 01:40:00",BNGSF1,0
D,DISPATCH,UNIT_SCADA,1,"2019/09/05 01:40:00",BNGSF2,0
D,DISPATCH,UNIT_SCADA,1,"2019/09/05 01:40:00",BOCORWF1,0
D,DISPATCH,UNIT_SCADA,1,"2019/09/05 01:40:00",BODWF1,10.309940
D,DISPATCH,UNIT_SCADA,1,"2019/09/05 01:40:00",BRAEMAR1,0
D,DISPATCH,UNIT_SCADA,1,"2019/09/05 01:40:00",BRAEMAR2,0
D,DISPATCH,UNIT_SCADA,1,"2019/09/05 01:40:00",BRAEMAR3,0
D,DISPATCH,UNIT_SCADA,1,"2019/09/05 01:40:00",BRAEMAR5,0
D,DISPATCH,UNIT_SCADA,1,"2019/09/05 01:40:00",BRAEMAR6,0
D,DISPATCH,UNIT_SCADA,1,"2019/09/05 01:40:00",BRAEMAR7,0
D,DISPATCH,UNIT_SCADA,1,"2019/09/05 01:40:00",BROKENH1,0
D,DISPATCH,UNIT_SCADA,1,"2019/09/05 01:40:00",BW01,556.849980
D,DISPATCH,UNIT_SCADA,1,"2019/09/05 01:40:00",BW02,605.650020
D,DISPATCH,UNIT_SCADA,1,"2019/09/05 01:40:00",BW03,631.824950
D,DISPATCH,UNIT_SCADA,1,"2019/09/05 01:40:00",BW04,0
D,DISPATCH,UNIT_SCADA,1,"2019/09/05 01:40:00",CALL_B_1,349.200010
D,DISPATCH,UNIT_SCADA,1,"2019/09/05 01:40:00",CALL_B_2,349.200010
D,DISPATCH,UNIT_SCADA,1,"2019/09/05 01:40:00",CETHANA,78.186250
D,DISPATCH,UNIT_SCADA,1,"2019/09/05 01:40:00",CG1,0
D,DISPATCH,UNIT_SCADA,1,"2019/09/05 01:40:00",CG2,0
D,DISPATCH,UNIT_SCADA,1,"2019/09/05 01:40:00",CG3,0
D,DISPATCH,UNIT_SCADA,1,"2019/09/05 01:40:00",CG4,0
D,DISPATCH,UNIT_SCADA,1,"2019/09/05 01:40:00",CHILDSF1,0
D,DISPATCH,UNIT_SCADA,1,"2019/09/05 01:40:00",CLARESF1,0
D,DISPATCH,UNIT_SCADA,1,"2019/09/05 01:40:00",CLEMGPWF,0.360180
D,DISPATCH,UNIT_SCADA,1,"2019/09/05 01:40:00",CLERMSF1,0
D,DISPATCH,UNIT_SCADA,1,"2019/09/05 01:40:00",COLEASF1,0
D,DISPATCH,UNIT_SCADA,1,"2019/09/05 01:40:00",COOPGWF1,11.1210
D,DISPATCH,UNIT_SCADA,1,"2019/09/05 01:40:00",CPP_3,405.6250
D,DISPATCH,UNIT_SCADA,1,"2019/09/05 01:40:00",CPP_4,406.175020
D,DISPATCH,UNIT_SCADA,1,"2019/09/05 01:40:00",CPSA,143.226880
D,DISPATCH,UNIT_SCADA,1,"2019/09/05 01:40:00",CROOKWF2,38.133750
D,DISPATCH,UNIT_SCADA,1,"2019/09/05 01:40:00",CROWLWF1,-0.225890
D,DISPATCH,UNIT_SCADA,1,"2019/09/05 01:40:00",CSPVPS1,0
D,DISPATCH,UNIT_SCADA,1,"2019/09/05 01:40:00",DALNTH01,0
D,DISPATCH,UNIT_SCADA,1,"2019/09/05 01:40:00",DALNTHL1,0.001530
D,DISPATCH,UNIT_SCADA,1,"2019/09/05 01:40:00",DARTM1,133.600010
D,DISPATCH,UNIT_SCADA,1,"2019/09/05 01:40:00",DAYDSF1,0
D,DISPATCH,UNIT_SCADA,1,"2019/09/05 01:40:00",DDPS1,257.942780
D,DISPATCH,UNIT_SCADA,1,"2019/09/05 01:40:00",DDSF1,0
D,DISPATCH,UNIT_SCADA,1,"2019/09/05 01:40:00",DEVILS_G,55.968510
D,DISPATCH,UNIT_SCADA,1,"2019/09/05 01:40:00",DG_NSW1,0
D,DISPATCH,UNIT_SCADA,1,"2019/09/05 01:40:00",DG_QLD1,0
D,DISPATCH,UNIT_SCADA,1,"2019/09/05 01:40:00",DG_SA1,0
D,DISPATCH,UNIT_SCADA,1,"2019/09/05 01:40:00",DG_TAS1,0
D,DISPATCH,UNIT_SCADA,1,"2019/09/05 01:40:00",DG_VIC1,0
D,DISPATCH,UNIT_SCADA,1,"2019/09/05 01:40:00",DRYCGT1,0
D,DISPATCH,UNIT_SCADA,1,"2019/09/05 01:40:00",DRYCGT2,0
D,DISPATCH,UNIT_SCADA,1,"2019/09/05 01:40:00",DRYCGT3,0
D,DISPATCH,UNIT_SCADA,1,"2019/09/05 01:40:00",EILDON1,0
D,DISPATCH,UNIT_SCADA,1,"2019/09/05 01:40:00",EILDON2,0
D,DISPATCH,UNIT_SCADA,1,"2019/09/05 01:40:00",EMERASF1,0
D,DISPATCH,UNIT_SCADA,1,"2019/09/05 01:40:00",ER01,570.849980
D,DISPATCH,UNIT_SCADA,1,"2019/09/05 01:40:00",ER02,676.050050
D,DISPATCH,UNIT_SCADA,1,"2019/09/05 01:40:00",ER03,0
D,DISPATCH,UNIT_SCADA,1,"2019/09/05 01:40:00",ER04,543.349980
D,DISPATCH,UNIT_SCADA,1,"2019/09/05 01:40:00",FINLYSF1,0
D,DISPATCH,UNIT_SCADA,1,"2019/09/05 01:40:00",FISHER,45.83
D,DISPATCH,UNIT_SCADA,1,"2019/09/05 01:40:00",GANNBG1,0
D,DISPATCH,UNIT_SCADA,1,"2019/09/05 01:40:00",GANNBL1,7.464340
D,DISPATCH,UNIT_SCADA,1,"2019/09/05 01:40:00",GANNSF1,0
D,DISPATCH,UNIT_SCADA,1,"2019/09/05 01:40:00",GORDON,18.697840
D,DISPATCH,UNIT_SCADA,1,"2019/09/05 01:40:00",GSTONE1,185.3250
D,DISPATCH,UNIT_SCADA,1,"2019/09/05 01:40:00",GSTONE2,182
D,DISPATCH,UNIT_SCADA,1,"2019/09/05 01:40:00",GSTONE3,0
D,DISPATCH,UNIT_SCADA,1,"2019/09/05 01:40:00",GSTONE4,201.4250
D,DISPATCH,UNIT_SCADA,1,"2019/09/05 01:40:00",GSTONE5,184.6250
D,DISPATCH,UNIT_SCADA,1,"2019/09/05 01:40:00",GSTONE6,183.75
D,DISPATCH,UNIT_SCADA,1,"2019/09/05 01:40:00",GULLRSF1,0
D,DISPATCH,UNIT_SCADA,1,"2019/09/05 01:40:00",GULLRWF1,84.9382
D,DISPATCH,UNIT_SCADA,1,"2019/09/05 01:40:00",GUNNING1,14.463690
D,DISPATCH,UNIT_SCADA,1,"2019/09/05 01:40:00",GUTHEGA,0
D,DISPATCH,UNIT_SCADA,1,"2019/09/05 01:40:00",HALLWF1,9.91
D,DISPATCH,UNIT_SCADA,1,"2019/09/05 01:40:00",HALLWF2,4.21
D,DISPATCH,UNIT_SCADA,1,"2019/09/05 01:40:00",HAMISF1,0
D,DISPATCH,UNIT_SCADA,1,"2019/09/05 01:40:00",HAUGHT11,0
D,DISPATCH,UNIT_SCADA,1,"2019/09/05 01:40:00",HAYMSF1,0
D,DISPATCH,UNIT_SCADA,1,"2019/09/05 01:40:00",HDWF1,40.80
D,DISPATCH,UNIT_SCADA,1,"2019/09/05 01:40:00",HDWF2,24.50
D,DISPATCH,UNIT_SCADA,1,"2019/09/05 01:40:00",HDWF3,24.40
D,DISPATCH,UNIT_SCADA,1,"2019/09/05 01:40:00",HPRG1,0
D,DISPATCH,UNIT_SCADA,1,"2019/09/05 01:40:00",HPRL1,0
D,DISPATCH,UNIT_SCADA,1,"2019/09/05 01:40:00",HUMENSW,0
D,DISPATCH,UNIT_SCADA,1,"2019/09/05 01:40:00",HUMEV,25.40
D,DISPATCH,UNIT_SCADA,1,"2019/09/05 01:40:00",HVGTS,0
D,DISPATCH,UNIT_SCADA,1,"2019/09/05 01:40:00",JBUTTERS,0
D,DISPATCH,UNIT_SCADA,1,"2019/09/05 01:40:00",JLA01,0.10
D,DISPATCH,UNIT_SCADA,1,"2019/09/05 01:40:00",JLA02,0
D,DISPATCH,UNIT_SCADA,1,"2019/09/05 01:40:00",JLA03,0
D,DISPATCH,UNIT_SCADA,1,"2019/09/05 01:40:00",JLA04,0
D,DISPATCH,UNIT_SCADA,1,"2019/09/05 01:40:00",JLB01,0
D,DISPATCH,UNIT_SCADA,1,"2019/09/05 01:40:00",JLB02,0.10
D,DISPATCH,UNIT_SCADA,1,"2019/09/05 01:40:00",JLB03,0
D,DISPATCH,UNIT_SCADA,1,"2019/09/05 01:40:00",KAREEYA1,21.5925
D,DISPATCH,UNIT_SCADA,1,"2019/09/05 01:40:00",KAREEYA2,21.7025
D,DISPATCH,UNIT_SCADA,1,"2019/09/05 01:40:00",KAREEYA3,0
D,DISPATCH,UNIT_SCADA,1,"2019/09/05 01:40:00",KAREEYA4,21.5725
D,DISPATCH,UNIT_SCADA,1,"2019/09/05 01:40:00",KARSF1,0
D,DISPATCH,UNIT_SCADA,1,"2019/09/05 01:40:00",KIATAWF1,1.30
D,DISPATCH,UNIT_SCADA,1,"2019/09/05 01:40:00",KPP_1,0
D,DISPATCH,UNIT_SCADA,1,"2019/09/05 01:40:00",KSP1,0
D,DISPATCH,UNIT_SCADA,1,"2019/09/05 01:40:00",LADBROK1,0
D,DISPATCH,UNIT_SCADA,1,"2019/09/05 01:40:00",LADBROK2,0
D,DISPATCH,UNIT_SCADA,1,"2019/09/05 01:40:00",LD01,350.681180
D,DISPATCH,UNIT_SCADA,1,"2019/09/05 01:40:00",LD02,326.4375
D,DISPATCH,UNIT_SCADA,1,"2019/09/05 01:40:00",LD03,353.118710
D,DISPATCH,UNIT_SCADA,1,"2019/09/05 01:40:00",LD04,351.693790
D,DISPATCH,UNIT_SCADA,1,"2019/09/05 01:40:00",LEM_WIL,83.165550
D,DISPATCH,UNIT_SCADA,1,"2019/09/05 01:40:00",LGAPWF1,34.07
D,DISPATCH,UNIT_SCADA,1,"2019/09/05 01:40:00",LILYSF1,0
D,DISPATCH,UNIT_SCADA,1,"2019/09/05 01:40:00",LI_WY_CA,145.676510
D,DISPATCH,UNIT_SCADA,1,"2019/09/05 01:40:00",LKBONNY2,16.650230
D,DISPATCH,UNIT_SCADA,1,"2019/09/05 01:40:00",LKBONNY3,7.8709
D,DISPATCH,UNIT_SCADA,1,"2019/09/05 01:40:00",LK_ECHO,0
D,DISPATCH,UNIT_SCADA,1,"2019/09/05 01:40:00",LNGS1,0
D,DISPATCH,UNIT_SCADA,1,"2019/09/05 01:40:00",LNGS2,0
D,DISPATCH,UNIT_SCADA,1,"2019/09/05 01:40:00",LONSDALE,0
D,DISPATCH,UNIT_SCADA,1,"2019/09/05 01:40:00",LOYYB1,535.336730
D,DISPATCH,UNIT_SCADA,1,"2019/09/05 01:40:00",LOYYB2,583.834170
D,DISPATCH,UNIT_SCADA,1,"2019/09/05 01:40:00",LYA1,0
D,DISPATCH,UNIT_SCADA,1,"2019/09/05 01:40:00",LYA2,0
D,DISPATCH,UNIT_SCADA,1,"2019/09/05 01:40:00",LYA3,558
D,DISPATCH,UNIT_SCADA,1,"2019/09/05 01:40:00",LYA4,540
D,DISPATCH,UNIT_SCADA,1,"2019/09/05 01:40:00",MACARTH1,42.899010
D,DISPATCH,UNIT_SCADA,1,"2019/09/05 01:40:00",MACKAYGT,0.2240
D,DISPATCH,UNIT_SCADA,1,"2019/09/05 01:40:00",MACKNTSH,88.09
D,DISPATCH,UNIT_SCADA,1,"2019/09/05 01:40:00",MANSLR1,0
D,DISPATCH,UNIT_SCADA,1,"2019/09/05 01:40:00",MCKAY1,0.0750
D,DISPATCH,UNIT_SCADA,1,"2019/09/05 01:40:00",MEADOWBK,25.0075
D,DISPATCH,UNIT_SCADA,1,"2019/09/05 01:40:00",MERCER01,4.0720
D,DISPATCH,UNIT_SCADA,1,"2019/09/05 01:40:00",MEWF1,58.427390
D,DISPATCH,UNIT_SCADA,1,"2019/09/05 01:40:00",MINTARO,0
D,DISPATCH,UNIT_SCADA,1,"2019/09/05 01:40:00",MOREESF1,0
D,DISPATCH,UNIT_SCADA,1,"2019/09/05 01:40:00",MORTLK11,260
D,DISPATCH,UNIT_SCADA,1,"2019/09/05 01:40:00",MORTLK12,0
D,DISPATCH,UNIT_SCADA,1,"2019/09/05 01:40:00",MP1,222.949950
D,DISPATCH,UNIT_SCADA,1,"2019/09/05 01:40:00",MP2,0
D,DISPATCH,UNIT_SCADA,1,"2019/09/05 01:40:00",MPP_1,400.75
D,DISPATCH,UNIT_SCADA,1,"2019/09/05 01:40:00",MPP_2,436
D,DISPATCH,UNIT_SCADA,1,"2019/09/05 01:40:00",MSTUART1,0
D,DISPATCH,UNIT_SCADA,1,"2019/09/05 01:40:00",MSTUART2,0
D,DISPATCH,UNIT_SCADA,1,"2019/09/05 01:40:00",MSTUART3,0
D,DISPATCH,UNIT_SCADA,1,"2019/09/05 01:40:00",MTGELWF1,4.840240
D,DISPATCH,UNIT_SCADA,1,"2019/09/05 01:40:00",MURRAY,110.100010
D,DISPATCH,UNIT_SCADA,1,"2019/09/05 01:40:00",MUSSELR1,33.30
D,DISPATCH,UNIT_SCADA,1,"2019/09/05 01:40:00",MUWAWF1,-0.21
D,DISPATCH,UNIT_SCADA,1,"2019/09/05 01:40:00",NBHWF1,23.80
D,DISPATCH,UNIT_SCADA,1,"2019/09/05 01:40:00",NPS,160.1250
D,DISPATCH,UNIT_SCADA,1,"2019/09/05 01:40:00",NUMURSF1,0
D,DISPATCH,UNIT_SCADA,1,"2019/09/05 01:40:00",NYNGAN1,0
D,DISPATCH,UNIT_SCADA,1,"2019/09/05 01:40:00",OAKEY1,0
D,DISPATCH,UNIT_SCADA,1,"2019/09/05 01:40:00",OAKEY1SF,0
D,DISPATCH,UNIT_SCADA,1,"2019/09/05 01:40:00",OAKEY2,0
D,DISPATCH,UNIT_SCADA,1,"2019/09/05 01:40:00",OAKEY2SF,0
D,DISPATCH,UNIT_SCADA,1,"2019/09/05 01:40:00",OAKLAND1,6
D,DISPATCH,UNIT_SCADA,1,"2019/09/05 01:40:00",OSB-AG,179.88
D,DISPATCH,UNIT_SCADA,1,"2019/09/05 01:40:00",PARSF1,0
D,DISPATCH,UNIT_SCADA,1,"2019/09/05 01:40:00",POAT110,0
D,DISPATCH,UNIT_SCADA,1,"2019/09/05 01:40:00",POAT220,1.24
D,DISPATCH,UNIT_SCADA,1,"2019/09/05 01:40:00",POR01,0
D,DISPATCH,UNIT_SCADA,1,"2019/09/05 01:40:00",POR03,0
D,DISPATCH,UNIT_SCADA,1,"2019/09/05 01:40:00",PPCCGT,486.286990
D,DISPATCH,UNIT_SCADA,1,"2019/09/05 01:40:00",PTSTAN1,0
D,DISPATCH,UNIT_SCADA,1,"2019/09/05 01:40:00",PUMP1,0
D,DISPATCH,UNIT_SCADA,1,"2019/09/05 01:40:00",PUMP2,0
D,DISPATCH,UNIT_SCADA,1,"2019/09/05 01:40:00",QPS1,0
D,DISPATCH,UNIT_SCADA,1,"2019/09/05 01:40:00",QPS2,0
D,DISPATCH,UNIT_SCADA,1,"2019/09/05 01:40:00",QPS3,0
D,DISPATCH,UNIT_SCADA,1,"2019/09/05 01:40:00",QPS4,0
D,DISPATCH,UNIT_SCADA,1,"2019/09/05 01:40:00",QPS5,0
D,DISPATCH,UNIT_SCADA,1,"2019/09/05 01:40:00",REECE1,103.730010
D,DISPATCH,UNIT_SCADA,1,"2019/09/05 01:40:00",REECE2,100.70
D,DISPATCH,UNIT_SCADA,1,"2019/09/05 01:40:00",ROMA_7,0
D,DISPATCH,UNIT_SCADA,1,"2019/09/05 01:40:00",ROMA_8,0
D,DISPATCH,UNIT_SCADA,1,"2019/09/05 01:40:00",RRSF1,0
D,DISPATCH,UNIT_SCADA,1,"2019/09/05 01:40:00",RT_NSW1,0
D,DISPATCH,UNIT_SCADA,1,"2019/09/05 01:40:00",RT_NSW2,0
D,DISPATCH,UNIT_SCADA,1,"2019/09/05 01:40:00",RT_NSW3,0
D,DISPATCH,UNIT_SCADA,1,"2019/09/05 01:40:00",RT_NSW4,0
D,DISPATCH,UNIT_SCADA,1,"2019/09/05 01:40:00",RT_NSW5,0
D,DISPATCH,UNIT_SCADA,1,"2019/09/05 01:40:00",RT_NSW6,0
D,DISPATCH,UNIT_SCADA,1,"2019/09/05 01:40:00",RT_QLD1,0
D,DISPATCH,UNIT_SCADA,1,"2019/09/05 01:40:00",RT_SA1,0
D,DISPATCH,UNIT_SCADA,1,"2019/09/05 01:40:00",RT_SA2,0
D,DISPATCH,UNIT_SCADA,1,"2019/09/05 01:40:00",RT_SA3,0
D,DISPATCH,UNIT_SCADA,1,"2019/09/05 01:40:00",RT_SA4,0
D,DISPATCH,UNIT_SCADA,1,"2019/09/05 01:40:00",RT_SA5,0
D,DISPATCH,UNIT_SCADA,1,"2019/09/05 01:40:00",RT_SA6,0
D,DISPATCH,UNIT_SCADA,1,"2019/09/05 01:40:00",RT_TAS1,0
D,DISPATCH,UNIT_SCADA,1,"2019/09/05 01:40:00",RT_VIC1,0
D,DISPATCH,UNIT_SCADA,1,"2019/09/05 01:40:00",RT_VIC10,0
D,DISPATCH,UNIT_SCADA,1,"2019/09/05 01:40:00",RT_VIC11,0
D,DISPATCH,UNIT_SCADA,1,"2019/09/05 01:40:00",RT_VIC12,0
D,DISPATCH,UNIT_SCADA,1,"2019/09/05 01:40:00",RT_VIC2,0
D,DISPATCH,UNIT_SCADA,1,"2019/09/05 01:40:00",RT_VIC3,0
D,DISPATCH,UNIT_SCADA,1,"2019/09/05 01:40:00",RT_VIC4,0
D,DISPATCH,UNIT_SCADA,1,"2019/09/05 01:40:00",RT_VIC5,0
D,DISPATCH,UNIT_SCADA,1,"2019/09/05 01:40:00",RT_VIC6,0
D,DISPATCH,UNIT_SCADA,1,"2019/09/05 01:40:00",RT_VIC7,0
D,DISPATCH,UNIT_SCADA,1,"2019/09/05 01:40:00",RT_VIC8,0
D,DISPATCH,UNIT_SCADA,1,"2019/09/05 01:40:00",RT_VIC9,0
D,DISPATCH,UNIT_SCADA,1,"2019/09/05 01:40:00",RUGBYR1,0
D,DISPATCH,UNIT_SCADA,1,"2019/09/05 01:40:00",SALTCRK1,1.79
D,DISPATCH,UNIT_SCADA,1,"2019/09/05 01:40:00",SAPHWF1,30.900020
D,DISPATCH,UNIT_SCADA,1,"2019/09/05 01:40:00",SHGEN,0
D,DISPATCH,UNIT_SCADA,1,"2019/09/05 01:40:00",SHPUMP,158.1626
D,DISPATCH,UNIT_SCADA,1,"2019/09/05 01:40:00",SITHE01,0.2041
D,DISPATCH,UNIT_SCADA,1,"2019/09/05 01:40:00",SMCSF1,0
D,DISPATCH,UNIT_SCADA,1,"2019/09/05 01:40:00",SNOWNTH1,0
D,DISPATCH,UNIT_SCADA,1,"2019/09/05 01:40:00",SNOWSTH1,0
D,DISPATCH,UNIT_SCADA,1,"2019/09/05 01:40:00",SNOWTWN1,-0.498140
D,DISPATCH,UNIT_SCADA,1,"2019/09/05 01:40:00",SNOWYP,0
D,DISPATCH,UNIT_SCADA,1,"2019/09/05 01:40:00",SNUG1,0.019440
D,DISPATCH,UNIT_SCADA,1,"2019/09/05 01:40:00",SRSF1,0
D,DISPATCH,UNIT_SCADA,1,"2019/09/05 01:40:00",STAN-1,219.235660
D,DISPATCH,UNIT_SCADA,1,"2019/09/05 01:40:00",STAN-2,251.510880
D,DISPATCH,UNIT_SCADA,1,"2019/09/05 01:40:00",STAN-3,252.959290
D,DISPATCH,UNIT_SCADA,1,"2019/09/05 01:40:00",STAN-4,250.895610
D,DISPATCH,UNIT_SCADA,1,"2019/09/05 01:40:00",STWF1,173.013750
D,DISPATCH,UNIT_SCADA,1,"2019/09/05 01:40:00",SWAN_E,0
D,DISPATCH,UNIT_SCADA,1,"2019/09/05 01:40:00",TALWA1,408
D,DISPATCH,UNIT_SCADA,1,"2019/09/05 01:40:00",TARALGA1,56.2050
D,DISPATCH,UNIT_SCADA,1,"2019/09/05 01:40:00",TARONG#1,277.200010
D,DISPATCH,UNIT_SCADA,1,"2019/09/05 01:40:00",TARONG#2,0
D,DISPATCH,UNIT_SCADA,1,"2019/09/05 01:40:00",TARONG#3,261.50
D,DISPATCH,UNIT_SCADA,1,"2019/09/05 01:40:00",TARONG#4,275.800020
D,DISPATCH,UNIT_SCADA,1,"2019/09/05 01:40:00",TARRALEA,71
D,DISPATCH,UNIT_SCADA,1,"2019/09/05 01:40:00",TBSF1,-0.20
D,DISPATCH,UNIT_SCADA,1,"2019/09/05 01:40:00",TNPS1,379.600010
D,DISPATCH,UNIT_SCADA,1,"2019/09/05 01:40:00",TORRA1,60.564670
D,DISPATCH,UNIT_SCADA,1,"2019/09/05 01:40:00",TORRA2,0
D,DISPATCH,UNIT_SCADA,1,"2019/09/05 01:40:00",TORRA3,0
D,DISPATCH,UNIT_SCADA,1,"2019/09/05 01:40:00",TORRA4,60.838490
D,DISPATCH,UNIT_SCADA,1,"2019/09/05 01:40:00",TORRB1,95.56
D,DISPATCH,UNIT_SCADA,1,"2019/09/05 01:40:00",TORRB2,96.77
D,DISPATCH,UNIT_SCADA,1,"2019/09/05 01:40:00",TORRB3,98.05
D,DISPATCH,UNIT_SCADA,1,"2019/09/05 01:40:00",TORRB4,0
D,DISPATCH,UNIT_SCADA,1,"2019/09/05 01:40:00",TREVALLN,5
D,DISPATCH,UNIT_SCADA,1,"2019/09/05 01:40:00",TRIBUTE,0
D,DISPATCH,UNIT_SCADA,1,"2019/09/05 01:40:00",TUMUT3,0
D,DISPATCH,UNIT_SCADA,1,"2019/09/05 01:40:00",TUNGATIN,118.770030
D,DISPATCH,UNIT_SCADA,1,"2019/09/05 01:40:00",TVCC201,0
D,DISPATCH,UNIT_SCADA,1,"2019/09/05 01:40:00",TVPP104,0
D,DISPATCH,UNIT_SCADA,1,"2019/09/05 01:40:00",UPPTUMUT,40.458470
D,DISPATCH,UNIT_SCADA,1,"2019/09/05 01:40:00",URANQ11,0
D,DISPATCH,UNIT_SCADA,1,"2019/09/05 01:40:00",URANQ12,0
D,DISPATCH,UNIT_SCADA,1,"2019/09/05 01:40:00",URANQ13,0
D,DISPATCH,UNIT_SCADA,1,"2019/09/05 01:40:00",URANQ14,0
D,DISPATCH,UNIT_SCADA,1,"2019/09/05 01:40:00",VP5,626.149960
D,DISPATCH,UNIT_SCADA,1,"2019/09/05 01:40:00",VP6,0
D,DISPATCH,UNIT_SCADA,1,"2019/09/05 01:40:00",VPGS1,0
D,DISPATCH,UNIT_SCADA,1,"2019/09/05 01:40:00",VPGS2,0
D,DISPATCH,UNIT_SCADA,1,"2019/09/05 01:40:00",VPGS3,0
D,DISPATCH,UNIT_SCADA,1,"2019/09/05 01:40:00",VPGS4,0
D,DISPATCH,UNIT_SCADA,1,"2019/09/05 01:40:00",VPGS5,0
D,DISPATCH,UNIT_SCADA,1,"2019/09/05 01:40:00",VPGS6,0
D,DISPATCH,UNIT_SCADA,1,"2019/09/05 01:40:00",W/HOE#1,0
D,DISPATCH,UNIT_SCADA,1,"2019/09/05 01:40:00",W/HOE#2,0
D,DISPATCH,UNIT_SCADA,1,"2019/09/05 01:40:00",WATERLWF,-0.90
D,DISPATCH,UNIT_SCADA,1,"2019/09/05 01:40:00",WEMENSF1,0
D,DISPATCH,UNIT_SCADA,1,"2019/09/05 01:40:00",WGWF1,14.80
D,DISPATCH,UNIT_SCADA,1,"2019/09/05 01:40:00",WHITSF1,0
D,DISPATCH,UNIT_SCADA,1,"2019/09/05 01:40:00",WKIEWA1,13.90
D,DISPATCH,UNIT_SCADA,1,"2019/09/05 01:40:00",WKIEWA2,14.10
D,DISPATCH,UNIT_SCADA,1,"2019/09/05 01:40:00",WOODLWN1,12.149990
D,DISPATCH,UNIT_SCADA,1,"2019/09/05 01:40:00",WRSF1,0
D,DISPATCH,UNIT_SCADA,1,"2019/09/05 01:40:00",WRWF1,18.3525
D,DISPATCH,UNIT_SCADA,1,"2019/09/05 01:40:00",YABULU,0
D,DISPATCH,UNIT_SCADA,1,"2019/09/05 01:40:00",YABULU2,0
D,DISPATCH,UNIT_SCADA,1,"2019/09/05 01:40:00",YARWUN_1,165.709990
D,DISPATCH,UNIT_SCADA,1,"2019/09/05 01:40:00",YENDWF1,-1.45
D,DISPATCH,UNIT_SCADA,1,"2019/09/05 01:40:00",YWPS1,378.946840
D,DISPATCH,UNIT_SCADA,1,"2019/09/05 01:40:00",YWPS2,280.448090
D,DISPATCH,UNIT_SCADA,1,"2019/09/05 01:40:00",YWPS3,319.587340
D,DISPATCH,UNIT_SCADA,1,"2019/09/05 01:40:00",YWPS4,384.793670
C,"END OF REPORT",335
