C,NEMP.WORLD,DISPATCHSCADA,AEMO,PUBLIC,2019/09/04,14:35:08,0000000312385884,DISPATCHSCADA,0000000312385878
I,DISPATCH,UNIT_SCADA,1,SETTLEMENTDATE,DUID,SCADAVALUE
D,DISPATCH,UNIT_SCADA,1,"2019/09/04 14:40:00",BARCSF1,7.70
D,DISPATCH,UNIT_SCADA,1,"2019/09/04 14:40:00",BUTLERSG,-0.000002
D,DISPATCH,UNIT_SCADA,1,"2019/09/04 14:40:00",CALL_A_4,0
D,DISPATCH,UNIT_SCADA,1,"2019/09/04 14:40:00",CAPTL_WF,128.119995
D,DISPATCH,UNIT_SCADA,1,"2019/09/04 14:40:00",CATHROCK,0
D,DISPATCH,UNIT_SCADA,1,"2019/09/04 14:40:00",CHALLHWF,0
D,DISPATCH,UNIT_SCADA,1,"2019/09/04 14:40:00",CLOVER,-0.01
D,DISPATCH,UNIT_SCADA,1,"2019/09/04 14:40:00",CLUNY,11.944610
D,DISPATCH,UNIT_SCADA,1,"2019/09/04 14:40:00",CNUNDAWF,2.202569
D,DISPATCH,UNIT_SCADA,1,"2019/09/04 14:40:00",CULLRGWF,29.40
D,DISPATCH,UNIT_SCADA,1,"2019/09/04 14:40:00",ERGT01,0
D,DISPATCH,UNIT_SCADA,1,"2019/09/04 14:40:00",GB01,0.005852
D,DISPATCH,UNIT_SCADA,1,"2019/09/04 14:40:00",GERMCRK,32.50
D,DISPATCH,UNIT_SCADA,1,"2019/09/04 14:40:00",GRIFSF1,25.50
D,DISPATCH,UNIT_SCADA,1,"2019/09/04 14:40:00",HUGSF1,9.0010
D,DISPATCH,UNIT_SCADA,1,"2019/09/04 14:40:00",LKBONNY1,3.572375
D,DISPATCH,UNIT_SCADA,1,"2019/09/04 14:40:00",LRSF1,12.985001
D,DISPATCH,UNIT_SCADA,1,"2019/09/04 14:40:00",MBAHNTH,26.868744
D,DISPATCH,UNIT_SCADA,1,"2019/09/04 14:40:00",MLSP1,3.653001
D,DISPATCH,UNIT_SCADA,1,"2019/09/04 14:40:00",MLWF1,2.94
D,DISPATCH,UNIT_SCADA,1,"2019/09/04 14:40:00",MTMILLAR,-0.107899
D,DISPATCH,UNIT_SCADA,1,"2019/09/04 14:40:00",PALOONA,24.439999
D,DISPATCH,UNIT_SCADA,1,"2019/09/04 14:40:00",PIONEER,24.200001
D,DISPATCH,UNIT_SCADA,1,"2019/09/04 14:40:00",PORTWF,13.20
D,DISPATCH,UNIT_SCADA,1,"2019/09/04 14:40:00",REPULSE,19.875181
D,DISPATCH,UNIT_SCADA,1,"2019/09/04 14:40:00",ROWALLAN,10.4228
D,DISPATCH,UNIT_SCADA,1,"2019/09/04 14:40:00",ROYALLA1,10.142001
D,DISPATCH,UNIT_SCADA,1,"2019/09/04 14:40:00",RPCG,-1.70
D,DISPATCH,UNIT_SCADA,1,"2019/09/04 14:40:00",RUBICON,0
D,DISPATCH,UNIT_SCADA,1,"2019/09/04 14:40:00",SATGN1,0
D,DISPATCH,UNIT_SCADA,1,"2019/09/04 14:40:00",SATGS1,0
D,DISPATCH,UNIT_SCADA,1,"2019/09/04 14:40:00",STARHLWF,2.499271
D,DISPATCH,UNIT_SCADA,1,"2019/09/04 14:40:00",WAUBRAWF,19.6180
D,DISPATCH,UNIT_SCADA,1,"2019/09/04 14:40:00",WOOLNTH1,60.210014
D,DISPATCH,UNIT_SCADA,1,"2019/09/04 14:40:00",WPWF,-1
D,DISPATCH,UNIT_SCADA,1,"2019/09/04 14:40:00",YAMBUKWF,3.30
D,DISPATCH,UNIT_SCADA,1,"2019/09/04 14:40:00",YSWF1,13.70
D,DISPATCH,UNIT_SCADA,1,"2019/09/04 14:40:00",AGLHAL,0
D,DISPATCH,UNIT_SCADA,1,"2019/09/04 14:40:00",AGLSOM,0
D,DISPATCH,UNIT_SCADA,1,"2019/09/04 14:40:00",ANGAST1,0
D,DISPATCH,UNIT_SCADA,1,"2019/09/04 14:40:00",ARWF1,35.90
D,DISPATCH,UNIT_SCADA,1,"2019/09/04 14:40:00",BALBG1,0
D,DISPATCH,UNIT_SCADA,1,"2019/09/04 14:40:00",BALBL1,1.32
D,DISPATCH,UNIT_SCADA,1,"2019/09/04 14:40:00",BALDHWF1,50.4010
D,DISPATCH,UNIT_SCADA,1,"2019/09/04 14:40:00",BANN1,41.07
D,DISPATCH,UNIT_SCADA,1,"2019/09/04 14:40:00",BARCALDN,0
D,DISPATCH,UNIT_SCADA,1,"2019/09/04 14:40:00",BARRON-1,25.20
D,DISPATCH,UNIT_SCADA,1,"2019/09/04 14:40:00",BARRON-2,0
D,DISPATCH,UNIT_SCADA,1,"2019/09/04 14:40:00",BASTYAN,80.420010
D,DISPATCH,UNIT_SCADA,1,"2019/09/04 14:40:00",BBTHREE1,0
D,DISPATCH,UNIT_SCADA,1,"2019/09/04 14:40:00",BBTHREE2,0
D,DISPATCH,UNIT_SCADA,1,"2019/09/04 14:40:00",BBTHREE3,0
D,DISPATCH,UNIT_SCADA,1,"2019/09/04 14:40:00",BDL01,0
D,DISPATCH,UNIT_SCADA,1,"2019/09/04 14:40:00",BDL02,-0.06
D,DISPATCH,UNIT_SCADA,1,"2019/09/04 14:40:00",BERYLSF1,76.967820
D,DISPATCH,UNIT_SCADA,1,"2019/09/04 14:40:00",BLOWERNG,11.10
D,DISPATCH,UNIT_SCADA,1,"2019/09/04 14:40:00",BLUFF1,0
D,DISPATCH,UNIT_SCADA,1,"2019/09/04 14:40:00",BNGSF1,100.15
D,DISPATCH,UNIT_SCADA,1,"2019/09/04 14:40:00",BNGSF2,20.02
D,DISPATCH,UNIT_SCADA,1,"2019/09/04 14:40:00",BOCORWF1,89.99
D,DISPATCH,UNIT_SCADA,1,"2019/09/04 14:40:00",BODWF1,75.121060
D,DISPATCH,UNIT_SCADA,1,"2019/09/04 14:40:00",BRAEMAR1,0
D,DISPATCH,UNIT_SCADA,1,"2019/09/04 14:40:00",BRAEMAR2,0
D,DISPATCH,UNIT_SCADA,1,"2019/09/04 14:40:00",BRAEMAR3,0
D,DISPATCH,UNIT_SCADA,1,"2019/09/04 14:40:00",BRAEMAR5,0
D,DISPATCH,UNIT_SCADA,1,"2019/09/04 14:40:00",BRAEMAR6,0
D,DISPATCH,UNIT_SCADA,1,"2019/09/04 14:40:00",BRAEMAR7,0
D,DISPATCH,UNIT_SCADA,1,"2019/09/04 14:40:00",BROKENH1,27.9541
D,DISPATCH,UNIT_SCADA,1,"2019/09/04 14:40:00",BW01,597.8750
D,DISPATCH,UNIT_SCADA,1,"2019/09/04 14:40:00",BW02,595.025020
D,DISPATCH,UNIT_SCADA,1,"2019/09/04 14:40:00",BW03,605.974980
D,DISPATCH,UNIT_SCADA,1,"2019/09/04 14:40:00",BW04,0
D,DISPATCH,UNIT_SCADA,1,"2019/09/04 14:40:00",CALL_B_1,159.50
D,DISPATCH,UNIT_SCADA,1,"2019/09/04 14:40:00",CALL_B_2,159.900010
D,DISPATCH,UNIT_SCADA,1,"2019/09/04 14:40:00",CETHANA,16.7545
D,DISPATCH,UNIT_SCADA,1,"2019/09/04 14:40:00",CG1,0
D,DISPATCH,UNIT_SCADA,1,"2019/09/04 14:40:00",CG2,0
D,DISPATCH,UNIT_SCADA,1,"2019/09/04 14:40:00",CG3,0
D,DISPATCH,UNIT_SCADA,1,"2019/09/04 14:40:00",CG4,0
D,DISPATCH,UNIT_SCADA,1,"2019/09/04 14:40:00",CHILDSF1,53.67
D,DISPATCH,UNIT_SCADA,1,"2019/09/04 14:40:00",CLARESF1,49.4592
D,DISPATCH,UNIT_SCADA,1,"2019/09/04 14:40:00",CLEMGPWF,-0.360180
D,DISPATCH,UNIT_SCADA,1,"2019/09/04 14:40:00",CLERMSF1,15.07
D,DISPATCH,UNIT_SCADA,1,"2019/09/04 14:40:00",COLEASF1,62.40
D,DISPATCH,UNIT_SCADA,1,"2019/09/04 14:40:00",COOPGWF1,0
D,DISPATCH,UNIT_SCADA,1,"2019/09/04 14:40:00",CPP_3,200.20
D,DISPATCH,UNIT_SCADA,1,"2019/09/04 14:40:00",CPP_4,170.775010
D,DISPATCH,UNIT_SCADA,1,"2019/09/04 14:40:00",CPSA,74.920620
D,DISPATCH,UNIT_SCADA,1,"2019/09/04 14:40:00",CROOKWF2,91.163760
D,DISPATCH,UNIT_SCADA,1,"2019/09/04 14:40:00",CROWLWF1,9.272320
D,DISPATCH,UNIT_SCADA,1,"2019/09/04 14:40:00",CSPVPS1,31.9450
D,DISPATCH,UNIT_SCADA,1,"2019/09/04 14:40:00",DALNTH01,0
D,DISPATCH,UNIT_SCADA,1,"2019/09/04 14:40:00",DALNTHL1,0.071720
D,DISPATCH,UNIT_SCADA,1,"2019/09/04 14:40:00",DARTM1,0
D,DISPATCH,UNIT_SCADA,1,"2019/09/04 14:40:00",DAYDSF1,0
D,DISPATCH,UNIT_SCADA,1,"2019/09/04 14:40:00",DDPS1,22.251420
D,DISPATCH,UNIT_SCADA,1,"2019/09/04 14:40:00",DDSF1,89.128960
D,DISPATCH,UNIT_SCADA,1,"2019/09/04 14:40:00",DEVILS_G,56.222420
D,DISPATCH,UNIT_SCADA,1,"2019/09/04 14:40:00",DG_NSW1,0
D,DISPATCH,UNIT_SCADA,1,"2019/09/04 14:40:00",DG_QLD1,0
D,DISPATCH,UNIT_SCADA,1,"2019/09/04 14:40:00",DG_SA1,0
D,DISPATCH,UNIT_SCADA,1,"2019/09/04 14:40:00",DG_TAS1,0
D,DISPATCH,UNIT_SCADA,1,"2019/09/04 14:40:00",DG_VIC1,0
D,DISPATCH,UNIT_SCADA,1,"2019/09/04 14:40:00",DRYCGT1,0
D,DISPATCH,UNIT_SCADA,1,"2019/09/04 14:40:00",DRYCGT2,0
D,DISPATCH,UNIT_SCADA,1,"2019/09/04 14:40:00",DRYCGT3,0
D,DISPATCH,UNIT_SCADA,1,"2019/09/04 14:40:00",EILDON1,0
D,DISPATCH,UNIT_SCADA,1,"2019/09/04 14:40:00",EILDON2,0
D,DISPATCH,UNIT_SCADA,1,"2019/09/04 14:40:00",EMERASF1,0.18
D,DISPATCH,UNIT_SCADA,1,"2019/09/04 14:40:00",ER01,593.574950
D,DISPATCH,UNIT_SCADA,1,"2019/09/04 14:40:00",ER02,700.049930
D,DISPATCH,UNIT_SCADA,1,"2019/09/04 14:40:00",ER03,0
D,DISPATCH,UNIT_SCADA,1,"2019/09/04 14:40:00",ER04,699.050050
D,DISPATCH,UNIT_SCADA,1,"2019/09/04 14:40:00",FINLYSF1,10.437480
D,DISPATCH,UNIT_SCADA,1,"2019/09/04 14:40:00",FISHER,31.87
D,DISPATCH,UNIT_SCADA,1,"2019/09/04 14:40:00",GANNBG1,0
D,DISPATCH,UNIT_SCADA,1,"2019/09/04 14:40:00",GANNBL1,7.367070
D,DISPATCH,UNIT_SCADA,1,"2019/09/04 14:40:00",GANNSF1,30.20
D,DISPATCH,UNIT_SCADA,1,"2019/09/04 14:40:00",GORDON,19.666640
D,DISPATCH,UNIT_SCADA,1,"2019/09/04 14:40:00",GSTONE1,135.45
D,DISPATCH,UNIT_SCADA,1,"2019/09/04 14:40:00",GSTONE2,109.90
D,DISPATCH,UNIT_SCADA,1,"2019/09/04 14:40:00",GSTONE3,0
D,DISPATCH,UNIT_SCADA,1,"2019/09/04 14:40:00",GSTONE4,135.45
D,DISPATCH,UNIT_SCADA,1,"2019/09/04 14:40:00",GSTONE5,135.6250
D,DISPATCH,UNIT_SCADA,1,"2019/09/04 14:40:00",GSTONE6,135.099990
D,DISPATCH,UNIT_SCADA,1,"2019/09/04 14:40:00",GULLRSF1,8.386320
D,DISPATCH,UNIT_SCADA,1,"2019/09/04 14:40:00",GULLRWF1,142.925540
D,DISPATCH,UNIT_SCADA,1,"2019/09/04 14:40:00",GUNNING1,37.725830
D,DISPATCH,UNIT_SCADA,1,"2019/09/04 14:40:00",GUTHEGA,0
D,DISPATCH,UNIT_SCADA,1,"2019/09/04 14:40:00",HALLWF1,-0.57
D,DISPATCH,UNIT_SCADA,1,"2019/09/04 14:40:00",HALLWF2,-0.31
D,DISPATCH,UNIT_SCADA,1,"2019/09/04 14:40:00",HAMISF1,44.40
D,DISPATCH,UNIT_SCADA,1,"2019/09/04 14:40:00",HAUGHT11,52.529150
D,DISPATCH,UNIT_SCADA,1,"2019/09/04 14:40:00",HAYMSF1,36.4330
D,DISPATCH,UNIT_SCADA,1,"2019/09/04 14:40:00",HDWF1,5.70
D,DISPATCH,UNIT_SCADA,1,"2019/09/04 14:40:00",HDWF2,6.10
D,DISPATCH,UNIT_SCADA,1,"2019/09/04 14:40:00",HDWF3,3.20
D,DISPATCH,UNIT_SCADA,1,"2019/09/04 14:40:00",HPRG1,0
D,DISPATCH,UNIT_SCADA,1,"2019/09/04 14:40:00",HPRL1,0.10
D,DISPATCH,UNIT_SCADA,1,"2019/09/04 14:40:00",HUMENSW,0
D,DISPATCH,UNIT_SCADA,1,"2019/09/04 14:40:00",HUMEV,25.80
D,DISPATCH,UNIT_SCADA,1,"2019/09/04 14:40:00",HVGTS,0
D,DISPATCH,UNIT_SCADA,1,"2019/09/04 14:40:00",JBUTTERS,20.75
D,DISPATCH,UNIT_SCADA,1,"2019/09/04 14:40:00",JLA01,39.80
D,DISPATCH,UNIT_SCADA,1,"2019/09/04 14:40:00",JLA02,0
D,DISPATCH,UNIT_SCADA,1,"2019/09/04 14:40:00",JLA03,0
D,DISPATCH,UNIT_SCADA,1,"2019/09/04 14:40:00",JLA04,0
D,DISPATCH,UNIT_SCADA,1,"2019/09/04 14:40:00",JLB01,0
D,DISPATCH,UNIT_SCADA,1,"2019/09/04 14:40:00",JLB02,0.10
D,DISPATCH,UNIT_SCADA,1,"2019/09/04 14:40:00",JLB03,0
D,DISPATCH,UNIT_SCADA,1,"2019/09/04 14:40:00",KAREEYA1,21.5950
D,DISPATCH,UNIT_SCADA,1,"2019/09/04 14:40:00",KAREEYA2,21.9075
D,DISPATCH,UNIT_SCADA,1,"2019/09/04 14:40:00",KAREEYA3,0
D,DISPATCH,UNIT_SCADA,1,"2019/09/04 14:40:00",KAREEYA4,21.70
D,DISPATCH,UNIT_SCADA,1,"2019/09/04 14:40:00",KARSF1,70.60
D,DISPATCH,UNIT_SCADA,1,"2019/09/04 14:40:00",KIATAWF1,3.80
D,DISPATCH,UNIT_SCADA,1,"2019/09/04 14:40:00",KPP_1,0
D,DISPATCH,UNIT_SCADA,1,"2019/09/04 14:40:00",KSP1,9.42
D,DISPATCH,UNIT_SCADA,1,"2019/09/04 14:40:00",LADBROK1,0
D,DISPATCH,UNIT_SCADA,1,"2019/09/04 14:40:00",LADBROK2,0
D,DISPATCH,UNIT_SCADA,1,"2019/09/04 14:40:00",LD01,383.550020
D,DISPATCH,UNIT_SCADA,1,"2019/09/04 14:40:00",LD02,381.112520
D,DISPATCH,UNIT_SCADA,1,"2019/09/04 14:40:00",LD03,380.943790
D,DISPATCH,UNIT_SCADA,1,"2019/09/04 14:40:00",LD04,353.268770
D,DISPATCH,UNIT_SCADA,1,"2019/09/04 14:40:00",LEM_WIL,85.337250
D,DISPATCH,UNIT_SCADA,1,"2019/09/04 14:40:00",LGAPWF1,1.65
D,DISPATCH,UNIT_SCADA,1,"2019/09/04 14:40:00",LILYSF1,87.556090
D,DISPATCH,UNIT_SCADA,1,"2019/09/04 14:40:00",LI_WY_CA,100.378480
D,DISPATCH,UNIT_SCADA,1,"2019/09/04 14:40:00",LKBONNY2,7.200420
D,DISPATCH,UNIT_SCADA,1,"2019/09/04 14:40:00",LKBONNY3,2.958570
D,DISPATCH,UNIT_SCADA,1,"2019/09/04 14:40:00",LK_ECHO,0
D,DISPATCH,UNIT_SCADA,1,"2019/09/04 14:40:00",LNGS1,0
D,DISPATCH,UNIT_SCADA,1,"2019/09/04 14:40:00",LNGS2,0
D,DISPATCH,UNIT_SCADA,1,"2019/09/04 14:40:00",LONSDALE,0
D,DISPATCH,UNIT_SCADA,1,"2019/09/04 14:40:00",LOYYB1,535.336730
D,DISPATCH,UNIT_SCADA,1,"2019/09/04 14:40:00",LOYYB2,581.578490
D,DISPATCH,UNIT_SCADA,1,"2019/09/04 14:40:00",LYA1,0
D,DISPATCH,UNIT_SCADA,1,"2019/09/04 14:40:00",LYA2,0
D,DISPATCH,UNIT_SCADA,1,"2019/09/04 14:40:00",LYA3,559
D,DISPATCH,UNIT_SCADA,1,"2019/09/04 14:40:00",LYA4,539
D,DISPATCH,UNIT_SCADA,1,"2019/09/04 14:40:00",MACARTH1,0
D,DISPATCH,UNIT_SCADA,1,"2019/09/04 14:40:00",MACKAYGT,0.2240
D,DISPATCH,UNIT_SCADA,1,"2019/09/04 14:40:00",MACKNTSH,87.84
D,DISPATCH,UNIT_SCADA,1,"2019/09/04 14:40:00",MANSLR1,42.7320
D,DISPATCH,UNIT_SCADA,1,"2019/09/04 14:40:00",MCKAY1,-0.0350
D,DISPATCH,UNIT_SCADA,1,"2019/09/04 14:40:00",MEADOWBK,24.8646
D,DISPATCH,UNIT_SCADA,1,"2019/09/04 14:40:00",MERCER01,48.2870
D,DISPATCH,UNIT_SCADA,1,"2019/09/04 14:40:00",MEWF1,42.776570
D,DISPATCH,UNIT_SCADA,1,"2019/09/04 14:40:00",MINTARO,0
D,DISPATCH,UNIT_SCADA,1,"2019/09/04 14:40:00",MOREESF1,49.5540
D,DISPATCH,UNIT_SCADA,1,"2019/09/04 14:40:00",MORTLK11,260
D,DISPATCH,UNIT_SCADA,1,"2019/09/04 14:40:00",MORTLK12,0
D,DISPATCH,UNIT_SCADA,1,"2019/09/04 14:40:00",MP1,223.25
D,DISPATCH,UNIT_SCADA,1,"2019/09/04 14:40:00",MP2,0
D,DISPATCH,UNIT_SCADA,1,"2019/09/04 14:40:00",MPP_1,301.50
D,DISPATCH,UNIT_SCADA,1,"2019/09/04 14:40:00",MPP_2,290
D,DISPATCH,UNIT_SCADA,1,"2019/09/04 14:40:00",MSTUART1,0
D,DISPATCH,UNIT_SCADA,1,"2019/09/04 14:40:00",MSTUART2,0
D,DISPATCH,UNIT_SCADA,1,"2019/09/04 14:40:00",MSTUART3,0
D,DISPATCH,UNIT_SCADA,1,"2019/09/04 14:40:00",MTGELWF1,64.276560
D,DISPATCH,UNIT_SCADA,1,"2019/09/04 14:40:00",MURRAY,0
D,DISPATCH,UNIT_SCADA,1,"2019/09/04 14:40:00",MUSSELR1,159.70
D,DISPATCH,UNIT_SCADA,1,"2019/09/04 14:40:00",MUWAWF1,8.94
D,DISPATCH,UNIT_SCADA,1,"2019/09/04 14:40:00",NBHWF1,-0.40
D,DISPATCH,UNIT_SCADA,1,"2019/09/04 14:40:00",NPS,117
D,DISPATCH,UNIT_SCADA,1,"2019/09/04 14:40:00",NUMURSF1,69.56
D,DISPATCH,UNIT_SCADA,1,"2019/09/04 14:40:00",NYNGAN1,85
D,DISPATCH,UNIT_SCADA,1,"2019/09/04 14:40:00",OAKEY1,0
D,DISPATCH,UNIT_SCADA,1,"2019/09/04 14:40:00",OAKEY1SF,24.0190
D,DISPATCH,UNIT_SCADA,1,"2019/09/04 14:40:00",OAKEY2,0
D,DISPATCH,UNIT_SCADA,1,"2019/09/04 14:40:00",OAKEY2SF,0
D,DISPATCH,UNIT_SCADA,1,"2019/09/04 14:40:00",OAKLAND1,7.40
D,DISPATCH,UNIT_SCADA,1,"2019/09/04 14:40:00",OSB-AG,177.88
D,DISPATCH,UNIT_SCADA,1,"2019/09/04 14:40:00",PARSF1,46.20
D,DISPATCH,UNIT_SCADA,1,"2019/09/04 14:40:00",POAT110,0
D,DISPATCH,UNIT_SCADA,1,"2019/09/04 14:40:00",POAT220,11.79
D,DISPATCH,UNIT_SCADA,1,"2019/09/04 14:40:00",POR01,0
D,DISPATCH,UNIT_SCADA,1,"2019/09/04 14:40:00",POR03,0
D,DISPATCH,UNIT_SCADA,1,"2019/09/04 14:40:00",PPCCGT,481.589260
D,DISPATCH,UNIT_SCADA,1,"2019/09/04 14:40:00",PTSTAN1,0
D,DISPATCH,UNIT_SCADA,1,"2019/09/04 14:40:00",PUMP1,0
D,DISPATCH,UNIT_SCADA,1,"2019/09/04 14:40:00",PUMP2,0
D,DISPATCH,UNIT_SCADA,1,"2019/09/04 14:40:00",QPS1,0
D,DISPATCH,UNIT_SCADA,1,"2019/09/04 14:40:00",QPS2,0
D,DISPATCH,UNIT_SCADA,1,"2019/09/04 14:40:00",QPS3,0
D,DISPATCH,UNIT_SCADA,1,"2019/09/04 14:40:00",QPS4,0
D,DISPATCH,UNIT_SCADA,1,"2019/09/04 14:40:00",QPS5,0
D,DISPATCH,UNIT_SCADA,1,"2019/09/04 14:40:00",REECE1,116.030010
D,DISPATCH,UNIT_SCADA,1,"2019/09/04 14:40:00",REECE2,100.70
D,DISPATCH,UNIT_SCADA,1,"2019/09/04 14:40:00",ROMA_7,0
D,DISPATCH,UNIT_SCADA,1,"2019/09/04 14:40:00",ROMA_8,0
D,DISPATCH,UNIT_SCADA,1,"2019/09/04 14:40:00",RRSF1,115.076260
D,DISPATCH,UNIT_SCADA,1,"2019/09/04 14:40:00",RT_NSW1,0
D,DISPATCH,UNIT_SCADA,1,"2019/09/04 14:40:00",RT_NSW2,0
D,DISPATCH,UNIT_SCADA,1,"2019/09/04 14:40:00",RT_NSW3,0
D,DISPATCH,UNIT_SCADA,1,"2019/09/04 14:40:00",RT_NSW4,0
D,DISPATCH,UNIT_SCADA,1,"2019/09/04 14:40:00",RT_NSW5,0
D,DISPATCH,UNIT_SCADA,1,"2019/09/04 14:40:00",RT_NSW6,0
D,DISPATCH,UNIT_SCADA,1,"2019/09/04 14:40:00",RT_QLD1,0
D,DISPATCH,UNIT_SCADA,1,"2019/09/04 14:40:00",RT_SA1,0
D,DISPATCH,UNIT_SCADA,1,"2019/09/04 14:40:00",RT_SA2,0
D,DISPATCH,UNIT_SCADA,1,"2019/09/04 14:40:00",RT_SA3,0
D,DISPATCH,UNIT_SCADA,1,"2019/09/04 14:40:00",RT_SA4,0
D,DISPATCH,UNIT_SCADA,1,"2019/09/04 14:40:00",RT_SA5,0
D,DISPATCH,UNIT_SCADA,1,"2019/09/04 14:40:00",RT_SA6,0
D,DISPATCH,UNIT_SCADA,1,"2019/09/04 14:40:00",RT_TAS1,0
D,DISPATCH,UNIT_SCADA,1,"2019/09/04 14:40:00",RT_VIC1,0
D,DISPATCH,UNIT_SCADA,1,"2019/09/04 14:40:00",RT_VIC10,0
D,DISPATCH,UNIT_SCADA,1,"2019/09/04 14:40:00",RT_VIC11,0
D,DISPATCH,UNIT_SCADA,1,"2019/09/04 14:40:00",RT_VIC12,0
D,DISPATCH,UNIT_SCADA,1,"2019/09/04 14:40:00",RT_VIC2,0
D,DISPATCH,UNIT_SCADA,1,"2019/09/04 14:40:00",RT_VIC3,0
D,DISPATCH,UNIT_SCADA,1,"2019/09/04 14:40:00",RT_VIC4,0
D,DISPATCH,UNIT_SCADA,1,"2019/09/04 14:40:00",RT_VIC5,0
D,DISPATCH,UNIT_SCADA,1,"2019/09/04 14:40:00",RT_VIC6,0
D,DISPATCH,UNIT_SCADA,1,"2019/09/04 14:40:00",RT_VIC7,0
D,DISPATCH,UNIT_SCADA,1,"2019/09/04 14:40:00",RT_VIC8,0
D,DISPATCH,UNIT_SCADA,1,"2019/09/04 14:40:00",RT_VIC9,0
D,DISPATCH,UNIT_SCADA,1,"2019/09/04 14:40:00",RUGBYR1,62.482430
D,DISPATCH,UNIT_SCADA,1,"2019/09/04 14:40:00",SALTCRK1,10.71
D,DISPATCH,UNIT_SCADA,1,"2019/09/04 14:40:00",SAPHWF1,208.781250
D,DISPATCH,UNIT_SCADA,1,"2019/09/04 14:40:00",SHGEN,0
D,DISPATCH,UNIT_SCADA,1,"2019/09/04 14:40:00",SHPUMP,158.052060
D,DISPATCH,UNIT_SCADA,1,"2019/09/04 14:40:00",SITHE01,0.214140
D,DISPATCH,UNIT_SCADA,1,"2019/09/04 14:40:00",SMCSF1,74.106420
D,DISPATCH,UNIT_SCADA,1,"2019/09/04 14:40:00",SNOWNTH1,1.50
D,DISPATCH,UNIT_SCADA,1,"2019/09/04 14:40:00",SNOWSTH1,1.40
D,DISPATCH,UNIT_SCADA,1,"2019/09/04 14:40:00",SNOWTWN1,-0.065450
D,DISPATCH,UNIT_SCADA,1,"2019/09/04 14:40:00",SNOWYP,0
D,DISPATCH,UNIT_SCADA,1,"2019/09/04 14:40:00",SNUG1,0.019440
D,DISPATCH,UNIT_SCADA,1,"2019/09/04 14:40:00",SRSF1,34.61
D,DISPATCH,UNIT_SCADA,1,"2019/09/04 14:40:00",STAN-1,364.3588
D,DISPATCH,UNIT_SCADA,1,"2019/09/04 14:40:00",STAN-2,249.665120
D,DISPATCH,UNIT_SCADA,1,"2019/09/04 14:40:00",STAN-3,250.421360
D,DISPATCH,UNIT_SCADA,1,"2019/09/04 14:40:00",STAN-4,248.191060
D,DISPATCH,UNIT_SCADA,1,"2019/09/04 14:40:00",STWF1,34.447510
D,DISPATCH,UNIT_SCADA,1,"2019/09/04 14:40:00",SWAN_E,0
D,DISPATCH,UNIT_SCADA,1,"2019/09/04 14:40:00",TALWA1,411
D,DISPATCH,UNIT_SCADA,1,"2019/09/04 14:40:00",TARALGA1,97.1925
D,DISPATCH,UNIT_SCADA,1,"2019/09/04 14:40:00",TARONG#1,350.100010
D,DISPATCH,UNIT_SCADA,1,"2019/09/04 14:40:00",TARONG#2,0
D,DISPATCH,UNIT_SCADA,1,"2019/09/04 14:40:00",TARONG#3,278.800020
D,DISPATCH,UNIT_SCADA,1,"2019/09/04 14:40:00",TARONG#4,349.399990
D,DISPATCH,UNIT_SCADA,1,"2019/09/04 14:40:00",TARRALEA,75.90
D,DISPATCH,UNIT_SCADA,1,"2019/09/04 14:40:00",TBSF1,17.50
D,DISPATCH,UNIT_SCADA,1,"2019/09/04 14:40:00",TNPS1,442.000030
D,DISPATCH,UNIT_SCADA,1,"2019/09/04 14:40:00",TORRA1,75.600780
D,DISPATCH,UNIT_SCADA,1,"2019/09/04 14:40:00",TORRA2,0
D,DISPATCH,UNIT_SCADA,1,"2019/09/04 14:40:00",TORRA3,0
D,DISPATCH,UNIT_SCADA,1,"2019/09/04 14:40:00",TORRA4,73.118240
D,DISPATCH,UNIT_SCADA,1,"2019/09/04 14:40:00",TORRB1,107.33
D,DISPATCH,UNIT_SCADA,1,"2019/09/04 14:40:00",TORRB2,107.12
D,DISPATCH,UNIT_SCADA,1,"2019/09/04 14:40:00",TORRB3,106.59
D,DISPATCH,UNIT_SCADA,1,"2019/09/04 14:40:00",TORRB4,0
D,DISPATCH,UNIT_SCADA,1,"2019/09/04 14:40:00",TREVALLN,0
D,DISPATCH,UNIT_SCADA,1,"2019/09/04 14:40:00",TRIBUTE,0
D,DISPATCH,UNIT_SCADA,1,"2019/09/04 14:40:00",TUMUT3,0
D,DISPATCH,UNIT_SCADA,1,"2019/09/04 14:40:00",TUNGATIN,18.90
D,DISPATCH,UNIT_SCADA,1,"2019/09/04 14:40:00",TVCC201,0
D,DISPATCH,UNIT_SCADA,1,"2019/09/04 14:40:00",TVPP104,0
D,DISPATCH,UNIT_SCADA,1,"2019/09/04 14:40:00",UPPTUMUT,130.6434
D,DISPATCH,UNIT_SCADA,1,"2019/09/04 14:40:00",URANQ11,0
D,DISPATCH,UNIT_SCADA,1,"2019/09/04 14:40:00",URANQ12,0
D,DISPATCH,UNIT_SCADA,1,"2019/09/04 14:40:00",URANQ13,159.018770
D,DISPATCH,UNIT_SCADA,1,"2019/09/04 14:40:00",URANQ14,0
D,DISPATCH,UNIT_SCADA,1,"2019/09/04 14:40:00",VP5,496.575010
D,DISPATCH,UNIT_SCADA,1,"2019/09/04 14:40:00",VP6,0
D,DISPATCH,UNIT_SCADA,1,"2019/09/04 14:40:00",VPGS1,0
D,DISPATCH,UNIT_SCADA,1,"2019/09/04 14:40:00",VPGS2,0
D,DISPATCH,UNIT_SCADA,1,"2019/09/04 14:40:00",VPGS3,0
D,DISPATCH,UNIT_SCADA,1,"2019/09/04 14:40:00",VPGS4,0
D,DISPATCH,UNIT_SCADA,1,"2019/09/04 14:40:00",VPGS5,0
D,DISPATCH,UNIT_SCADA,1,"2019/09/04 14:40:00",VPGS6,0
D,DISPATCH,UNIT_SCADA,1,"2019/09/04 14:40:00",W/HOE#1,0
D,DISPATCH,UNIT_SCADA,1,"2019/09/04 14:40:00",W/HOE#2,0
D,DISPATCH,UNIT_SCADA,1,"2019/09/04 14:40:00",WATERLWF,2.30
D,DISPATCH,UNIT_SCADA,1,"2019/09/04 14:40:00",WEMENSF1,49.10
D,DISPATCH,UNIT_SCADA,1,"2019/09/04 14:40:00",WGWF1,3.70
D,DISPATCH,UNIT_SCADA,1,"2019/09/04 14:40:00",WHITSF1,0
D,DISPATCH,UNIT_SCADA,1,"2019/09/04 14:40:00",WKIEWA1,0
D,DISPATCH,UNIT_SCADA,1,"2019/09/04 14:40:00",WKIEWA2,0.10
D,DISPATCH,UNIT_SCADA,1,"2019/09/04 14:40:00",WOODLWN1,44.720990
D,DISPATCH,UNIT_SCADA,1,"2019/09/04 14:40:00",WRSF1,16.26
D,DISPATCH,UNIT_SCADA,1,"2019/09/04 14:40:00",WRWF1,143.511260
D,DISPATCH,UNIT_SCADA,1,"2019/09/04 14:40:00",YABULU,0
D,DISPATCH,UNIT_SCADA,1,"2019/09/04 14:40:00",YABULU2,0
D,DISPATCH,UNIT_SCADA,1,"2019/09/04 14:40:00",YARWUN_1,114.91
D,DISPATCH,UNIT_SCADA,1,"2019/09/04 14:40:00",YENDWF1,27.41
D,DISPATCH,UNIT_SCADA,1,"2019/09/04 14:40:00",YWPS1,382.706330
D,DISPATCH,UNIT_SCADA,1,"2019/09/04 14:40:00",YWPS2,282.453160
D,DISPATCH,UNIT_SCADA,1,"2019/09/04 14:40:00",YWPS3,358.541780
D,DISPATCH,UNIT_SCADA,1,"2019/09/04 14:40:00",YWPS4,343.863280
C,"END OF REPORT",335
