C,NEMP.WORLD,DISPATCHSCADA,AEMO,PUBLIC,2019/09/06,07:20:11,0000000312452010,DISPATCHSCADA,0000000312452004
I,DISPATCH,UNIT_SCADA,1,SETTLEMENTDATE,DUID,SCADAVALUE
D,DISPATCH,UNIT_SCADA,1,"2019/09/06 07:25:00",BARCSF1,2.40
D,DISPATCH,UNIT_SCADA,1,"2019/09/06 07:25:00",BUTLERSG,10.199999
D,DISPATCH,UNIT_SCADA,1,"2019/09/06 07:25:00",CALL_A_4,0
D,DISPATCH,UNIT_SCADA,1,"2019/09/06 07:25:00",CAPTL_WF,0
D,DISPATCH,UNIT_SCADA,1,"2019/09/06 07:25:00",CATHROCK,0
D,DISPATCH,UNIT_SCADA,1,"2019/09/06 07:25:00",CHALLHWF,14.299999
D,DISPATCH,UNIT_SCADA,1,"2019/09/06 07:25:00",CLOVER,-0.01
D,DISPATCH,UNIT_SCADA,1,"2019/09/06 07:25:00",CLUNY,18.802013
D,DISPATCH,UNIT_SCADA,1,"2019/09/06 07:25:00",CNUNDAWF,2.202569
D,DISPATCH,UNIT_SCADA,1,"2019/09/06 07:25:00",CULLRGWF,3.65
D,DISPATCH,UNIT_SCADA,1,"2019/09/06 07:25:00",ERGT01,0
D,DISPATCH,UNIT_SCADA,1,"2019/09/06 07:25:00",GB01,0.006580
D,DISPATCH,UNIT_SCADA,1,"2019/09/06 07:25:00",GERMCRK,35.400002
D,DISPATCH,UNIT_SCADA,1,"2019/09/06 07:25:00",GRIFSF1,2.600006
D,DISPATCH,UNIT_SCADA,1,"2019/09/06 07:25:00",HUGSF1,2.6360
D,DISPATCH,UNIT_SCADA,1,"2019/09/06 07:25:00",LKBONNY1,2.322043
D,DISPATCH,UNIT_SCADA,1,"2019/09/06 07:25:00",LRSF1,5.5220
D,DISPATCH,UNIT_SCADA,1,"2019/09/06 07:25:00",MBAHNTH,47.043747
D,DISPATCH,UNIT_SCADA,1,"2019/09/06 07:25:00",MLSP1,0.860001
D,DISPATCH,UNIT_SCADA,1,"2019/09/06 07:25:00",MLWF1,7.47
D,DISPATCH,UNIT_SCADA,1,"2019/09/06 07:25:00",MTMILLAR,56.018192
D,DISPATCH,UNIT_SCADA,1,"2019/09/06 07:25:00",PALOONA,25.779999
D,DISPATCH,UNIT_SCADA,1,"2019/09/06 07:25:00",PIONEER,48
D,DISPATCH,UNIT_SCADA,1,"2019/09/06 07:25:00",PORTWF,37.299999
D,DISPATCH,UNIT_SCADA,1,"2019/09/06 07:25:00",REPULSE,32.498665
D,DISPATCH,UNIT_SCADA,1,"2019/09/06 07:25:00",ROWALLAN,10.2666
D,DISPATCH,UNIT_SCADA,1,"2019/09/06 07:25:00",ROYALLA1,2.5220
D,DISPATCH,UNIT_SCADA,1,"2019/09/06 07:25:00",RPCG,10.60
D,DISPATCH,UNIT_SCADA,1,"2019/09/06 07:25:00",RUBICON,0
D,DISPATCH,UNIT_SCADA,1,"2019/09/06 07:25:00",SATGN1,0
D,DISPATCH,UNIT_SCADA,1,"2019/09/06 07:25:00",SATGS1,0
D,DISPATCH,UNIT_SCADA,1,"2019/09/06 07:25:00",STARHLWF,22.693382
D,DISPATCH,UNIT_SCADA,1,"2019/09/06 07:25:00",WAUBRAWF,26.936001
D,DISPATCH,UNIT_SCADA,1,"2019/09/06 07:25:00",WOOLNTH1,129.100021
D,DISPATCH,UNIT_SCADA,1,"2019/09/06 07:25:00",WPWF,78
D,DISPATCH,UNIT_SCADA,1,"2019/09/06 07:25:00",YAMBUKWF,8.60
D,DISPATCH,UNIT_SCADA,1,"2019/09/06 07:25:00",YSWF1,1.80
D,DISPATCH,UNIT_SCADA,1,"2019/09/06 07:25:00",AGLHAL,0
D,DISPATCH,UNIT_SCADA,1,"2019/09/06 07:25:00",AGLSOM,0
D,DISPATCH,UNIT_SCADA,1,"2019/09/06 07:25:00",ANGAST1,0
D,DISPATCH,UNIT_SCADA,1,"2019/09/06 07:25:00",ARWF1,34.70
D,DISPATCH,UNIT_SCADA,1,"2019/09/06 07:25:00",BALBG1,0
D,DISPATCH,UNIT_SCADA,1,"2019/09/06 07:25:00",BALBL1,0
D,DISPATCH,UNIT_SCADA,1,"2019/09/06 07:25:00",BALDHWF1,73.18
D,DISPATCH,UNIT_SCADA,1,"2019/09/06 07:25:00",BANN1,5.33
D,DISPATCH,UNIT_SCADA,1,"2019/09/06 07:25:00",BARCALDN,0
D,DISPATCH,UNIT_SCADA,1,"2019/09/06 07:25:00",BARRON-1,25
D,DISPATCH,UNIT_SCADA,1,"2019/09/06 07:25:00",BARRON-2,0
D,DISPATCH,UNIT_SCADA,1,"2019/09/06 07:25:00",BASTYAN,80.470010
D,DISPATCH,UNIT_SCADA,1,"2019/09/06 07:25:00",BBTHREE1,0
D,DISPATCH,UNIT_SCADA,1,"2019/09/06 07:25:00",BBTHREE2,0
D,DISPATCH,UNIT_SCADA,1,"2019/09/06 07:25:00",BBTHREE3,0
D,DISPATCH,UNIT_SCADA,1,"2019/09/06 07:25:00",BDL01,40.74
D,DISPATCH,UNIT_SCADA,1,"2019/09/06 07:25:00",BDL02,44.10
D,DISPATCH,UNIT_SCADA,1,"2019/09/06 07:25:00",BERYLSF1,28.810590
D,DISPATCH,UNIT_SCADA,1,"2019/09/06 07:25:00",BLOWERNG,15.30
D,DISPATCH,UNIT_SCADA,1,"2019/09/06 07:25:00",BLUFF1,52.70
D,DISPATCH,UNIT_SCADA,1,"2019/09/06 07:25:00",BNGSF1,0.36
D,DISPATCH,UNIT_SCADA,1,"2019/09/06 07:25:00",BNGSF2,0.09
D,DISPATCH,UNIT_SCADA,1,"2019/09/06 07:25:00",BOCORWF1,90.16
D,DISPATCH,UNIT_SCADA,1,"2019/09/06 07:25:00",BODWF1,60.972220
D,DISPATCH,UNIT_SCADA,1,"2019/09/06 07:25:00",BRAEMAR1,0
D,DISPATCH,UNIT_SCADA,1,"2019/09/06 07:25:00",BRAEMAR2,0
D,DISPATCH,UNIT_SCADA,1,"2019/09/06 07:25:00",BRAEMAR3,0
D,DISPATCH,UNIT_SCADA,1,"2019/09/06 07:25:00",BRAEMAR5,153.139630
D,DISPATCH,UNIT_SCADA,1,"2019/09/06 07:25:00",BRAEMAR6,0
D,DISPATCH,UNIT_SCADA,1,"2019/09/06 07:25:00",BRAEMAR7,0
D,DISPATCH,UNIT_SCADA,1,"2019/09/06 07:25:00",BROKENH1,0
D,DISPATCH,UNIT_SCADA,1,"2019/09/06 07:25:00",BW01,641.300050
D,DISPATCH,UNIT_SCADA,1,"2019/09/06 07:25:00",BW02,626.449950
D,DISPATCH,UNIT_SCADA,1,"2019/09/06 07:25:00",BW03,649.50
D,DISPATCH,UNIT_SCADA,1,"2019/09/06 07:25:00",BW04,0
D,DISPATCH,UNIT_SCADA,1,"2019/09/06 07:25:00",CALL_B_1,342.399990
D,DISPATCH,UNIT_SCADA,1,"2019/09/06 07:25:00",CALL_B_2,277.300020
D,DISPATCH,UNIT_SCADA,1,"2019/09/06 07:25:00",CETHANA,97.286380
D,DISPATCH,UNIT_SCADA,1,"2019/09/06 07:25:00",CG1,0
D,DISPATCH,UNIT_SCADA,1,"2019/09/06 07:25:00",CG2,0
D,DISPATCH,UNIT_SCADA,1,"2019/09/06 07:25:00",CG3,0
D,DISPATCH,UNIT_SCADA,1,"2019/09/06 07:25:00",CG4,0
D,DISPATCH,UNIT_SCADA,1,"2019/09/06 07:25:00",CHILDSF1,37.78
D,DISPATCH,UNIT_SCADA,1,"2019/09/06 07:25:00",CLARESF1,14.9248
D,DISPATCH,UNIT_SCADA,1,"2019/09/06 07:25:00",CLEMGPWF,55.250850
D,DISPATCH,UNIT_SCADA,1,"2019/09/06 07:25:00",CLERMSF1,14.68
D,DISPATCH,UNIT_SCADA,1,"2019/09/06 07:25:00",COLEASF1,6.299990
D,DISPATCH,UNIT_SCADA,1,"2019/09/06 07:25:00",COOPGWF1,21.635940
D,DISPATCH,UNIT_SCADA,1,"2019/09/06 07:25:00",CPP_3,393.524990
D,DISPATCH,UNIT_SCADA,1,"2019/09/06 07:25:00",CPP_4,394.6250
D,DISPATCH,UNIT_SCADA,1,"2019/09/06 07:25:00",CPSA,142.259370
D,DISPATCH,UNIT_SCADA,1,"2019/09/06 07:25:00",CROOKWF2,83.523750
D,DISPATCH,UNIT_SCADA,1,"2019/09/06 07:25:00",CROWLWF1,36.036610
D,DISPATCH,UNIT_SCADA,1,"2019/09/06 07:25:00",CSPVPS1,7.2320
D,DISPATCH,UNIT_SCADA,1,"2019/09/06 07:25:00",DALNTH01,0
D,DISPATCH,UNIT_SCADA,1,"2019/09/06 07:25:00",DALNTHL1,0.086980
D,DISPATCH,UNIT_SCADA,1,"2019/09/06 07:25:00",DARTM1,132.70
D,DISPATCH,UNIT_SCADA,1,"2019/09/06 07:25:00",DAYDSF1,69.8470
D,DISPATCH,UNIT_SCADA,1,"2019/09/06 07:25:00",DDPS1,0
D,DISPATCH,UNIT_SCADA,1,"2019/09/06 07:25:00",DDSF1,35.0761
D,DISPATCH,UNIT_SCADA,1,"2019/09/06 07:25:00",DEVILS_G,64.1084
D,DISPATCH,UNIT_SCADA,1,"2019/09/06 07:25:00",DG_NSW1,0
D,DISPATCH,UNIT_SCADA,1,"2019/09/06 07:25:00",DG_QLD1,0
D,DISPATCH,UNIT_SCADA,1,"2019/09/06 07:25:00",DG_SA1,0
D,DISPATCH,UNIT_SCADA,1,"2019/09/06 07:25:00",DG_TAS1,0
D,DISPATCH,UNIT_SCADA,1,"2019/09/06 07:25:00",DG_VIC1,0
D,DISPATCH,UNIT_SCADA,1,"2019/09/06 07:25:00",DRYCGT1,0
D,DISPATCH,UNIT_SCADA,1,"2019/09/06 07:25:00",DRYCGT2,0
D,DISPATCH,UNIT_SCADA,1,"2019/09/06 07:25:00",DRYCGT3,0
D,DISPATCH,UNIT_SCADA,1,"2019/09/06 07:25:00",EILDON1,0
D,DISPATCH,UNIT_SCADA,1,"2019/09/06 07:25:00",EILDON2,0
D,DISPATCH,UNIT_SCADA,1,"2019/09/06 07:25:00",EMERASF1,29.02
D,DISPATCH,UNIT_SCADA,1,"2019/09/06 07:25:00",ER01,572.775020
D,DISPATCH,UNIT_SCADA,1,"2019/09/06 07:25:00",ER02,678.75
D,DISPATCH,UNIT_SCADA,1,"2019/09/06 07:25:00",ER03,0
D,DISPATCH,UNIT_SCADA,1,"2019/09/06 07:25:00",ER04,668.050050
D,DISPATCH,UNIT_SCADA,1,"2019/09/06 07:25:00",FINLYSF1,0
D,DISPATCH,UNIT_SCADA,1,"2019/09/06 07:25:00",FISHER,46.03
D,DISPATCH,UNIT_SCADA,1,"2019/09/06 07:25:00",GANNBG1,0
D,DISPATCH,UNIT_SCADA,1,"2019/09/06 07:25:00",GANNBL1,0.007950
D,DISPATCH,UNIT_SCADA,1,"2019/09/06 07:25:00",GANNSF1,0.40
D,DISPATCH,UNIT_SCADA,1,"2019/09/06 07:25:00",GORDON,21.604240
D,DISPATCH,UNIT_SCADA,1,"2019/09/06 07:25:00",GSTONE1,189.524990
D,DISPATCH,UNIT_SCADA,1,"2019/09/06 07:25:00",GSTONE2,181.649990
D,DISPATCH,UNIT_SCADA,1,"2019/09/06 07:25:00",GSTONE3,0
D,DISPATCH,UNIT_SCADA,1,"2019/09/06 07:25:00",GSTONE4,190.224990
D,DISPATCH,UNIT_SCADA,1,"2019/09/06 07:25:00",GSTONE5,189.1750
D,DISPATCH,UNIT_SCADA,1,"2019/09/06 07:25:00",GSTONE6,189.349990
D,DISPATCH,UNIT_SCADA,1,"2019/09/06 07:25:00",GULLRSF1,3.532710
D,DISPATCH,UNIT_SCADA,1,"2019/09/06 07:25:00",GULLRWF1,97.819730
D,DISPATCH,UNIT_SCADA,1,"2019/09/06 07:25:00",GUNNING1,31.938260
D,DISPATCH,UNIT_SCADA,1,"2019/09/06 07:25:00",GUTHEGA,31.10
D,DISPATCH,UNIT_SCADA,1,"2019/09/06 07:25:00",HALLWF1,91.87
D,DISPATCH,UNIT_SCADA,1,"2019/09/06 07:25:00",HALLWF2,62.45
D,DISPATCH,UNIT_SCADA,1,"2019/09/06 07:25:00",HAMISF1,0
D,DISPATCH,UNIT_SCADA,1,"2019/09/06 07:25:00",HAUGHT11,0
D,DISPATCH,UNIT_SCADA,1,"2019/09/06 07:25:00",HAYMSF1,0
D,DISPATCH,UNIT_SCADA,1,"2019/09/06 07:25:00",HDWF1,98.80
D,DISPATCH,UNIT_SCADA,1,"2019/09/06 07:25:00",HDWF2,96.50
D,DISPATCH,UNIT_SCADA,1,"2019/09/06 07:25:00",HDWF3,107.80
D,DISPATCH,UNIT_SCADA,1,"2019/09/06 07:25:00",HPRG1,0
D,DISPATCH,UNIT_SCADA,1,"2019/09/06 07:25:00",HPRL1,11.60
D,DISPATCH,UNIT_SCADA,1,"2019/09/06 07:25:00",HUMENSW,0
D,DISPATCH,UNIT_SCADA,1,"2019/09/06 07:25:00",HUMEV,23.80
D,DISPATCH,UNIT_SCADA,1,"2019/09/06 07:25:00",HVGTS,0
D,DISPATCH,UNIT_SCADA,1,"2019/09/06 07:25:00",JBUTTERS,86.36
D,DISPATCH,UNIT_SCADA,1,"2019/09/06 07:25:00",JLA01,0.10
D,DISPATCH,UNIT_SCADA,1,"2019/09/06 07:25:00",JLA02,0
D,DISPATCH,UNIT_SCADA,1,"2019/09/06 07:25:00",JLA03,0
D,DISPATCH,UNIT_SCADA,1,"2019/09/06 07:25:00",JLA04,0
D,DISPATCH,UNIT_SCADA,1,"2019/09/06 07:25:00",JLB01,0
D,DISPATCH,UNIT_SCADA,1,"2019/09/06 07:25:00",JLB02,0.10
D,DISPATCH,UNIT_SCADA,1,"2019/09/06 07:25:00",JLB03,58.10
D,DISPATCH,UNIT_SCADA,1,"2019/09/06 07:25:00",KAREEYA1,21.5725
D,DISPATCH,UNIT_SCADA,1,"2019/09/06 07:25:00",KAREEYA2,21.7125
D,DISPATCH,UNIT_SCADA,1,"2019/09/06 07:25:00",KAREEYA3,0
D,DISPATCH,UNIT_SCADA,1,"2019/09/06 07:25:00",KAREEYA4,21.61
D,DISPATCH,UNIT_SCADA,1,"2019/09/06 07:25:00",KARSF1,2.90
D,DISPATCH,UNIT_SCADA,1,"2019/09/06 07:25:00",KIATAWF1,28.80
D,DISPATCH,UNIT_SCADA,1,"2019/09/06 07:25:00",KPP_1,0
D,DISPATCH,UNIT_SCADA,1,"2019/09/06 07:25:00",KSP1,12.60
D,DISPATCH,UNIT_SCADA,1,"2019/09/06 07:25:00",LADBROK1,42.87
D,DISPATCH,UNIT_SCADA,1,"2019/09/06 07:25:00",LADBROK2,42.81
D,DISPATCH,UNIT_SCADA,1,"2019/09/06 07:25:00",LD01,385.406250
D,DISPATCH,UNIT_SCADA,1,"2019/09/06 07:25:00",LD02,381.656250
D,DISPATCH,UNIT_SCADA,1,"2019/09/06 07:25:00",LD03,386.193790
D,DISPATCH,UNIT_SCADA,1,"2019/09/06 07:25:00",LD04,385.931210
D,DISPATCH,UNIT_SCADA,1,"2019/09/06 07:25:00",LEM_WIL,84.970550
D,DISPATCH,UNIT_SCADA,1,"2019/09/06 07:25:00",LGAPWF1,34.50
D,DISPATCH,UNIT_SCADA,1,"2019/09/06 07:25:00",LILYSF1,0
D,DISPATCH,UNIT_SCADA,1,"2019/09/06 07:25:00",LI_WY_CA,142.292720
D,DISPATCH,UNIT_SCADA,1,"2019/09/06 07:25:00",LKBONNY2,16.644730
D,DISPATCH,UNIT_SCADA,1,"2019/09/06 07:25:00",LKBONNY3,5.917130
D,DISPATCH,UNIT_SCADA,1,"2019/09/06 07:25:00",LK_ECHO,0
D,DISPATCH,UNIT_SCADA,1,"2019/09/06 07:25:00",LNGS1,0
D,DISPATCH,UNIT_SCADA,1,"2019/09/06 07:25:00",LNGS2,0
D,DISPATCH,UNIT_SCADA,1,"2019/09/06 07:25:00",LONSDALE,0
D,DISPATCH,UNIT_SCADA,1,"2019/09/06 07:25:00",LOYYB1,535.336730
D,DISPATCH,UNIT_SCADA,1,"2019/09/06 07:25:00",LOYYB2,583.458250
D,DISPATCH,UNIT_SCADA,1,"2019/09/06 07:25:00",LYA1,0
D,DISPATCH,UNIT_SCADA,1,"2019/09/06 07:25:00",LYA2,0
D,DISPATCH,UNIT_SCADA,1,"2019/09/06 07:25:00",LYA3,559
D,DISPATCH,UNIT_SCADA,1,"2019/09/06 07:25:00",LYA4,540
D,DISPATCH,UNIT_SCADA,1,"2019/09/06 07:25:00",MACARTH1,164.896190
D,DISPATCH,UNIT_SCADA,1,"2019/09/06 07:25:00",MACKAYGT,0.2240
D,DISPATCH,UNIT_SCADA,1,"2019/09/06 07:25:00",MACKNTSH,88.310010
D,DISPATCH,UNIT_SCADA,1,"2019/09/06 07:25:00",MANSLR1,16.7870
D,DISPATCH,UNIT_SCADA,1,"2019/09/06 07:25:00",MCKAY1,-0.0350
D,DISPATCH,UNIT_SCADA,1,"2019/09/06 07:25:00",MEADOWBK,34.067360
D,DISPATCH,UNIT_SCADA,1,"2019/09/06 07:25:00",MERCER01,25.2910
D,DISPATCH,UNIT_SCADA,1,"2019/09/06 07:25:00",MEWF1,37.539840
D,DISPATCH,UNIT_SCADA,1,"2019/09/06 07:25:00",MINTARO,0
D,DISPATCH,UNIT_SCADA,1,"2019/09/06 07:25:00",MOREESF1,35.51
D,DISPATCH,UNIT_SCADA,1,"2019/09/06 07:25:00",MORTLK11,260
D,DISPATCH,UNIT_SCADA,1,"2019/09/06 07:25:00",MORTLK12,0
D,DISPATCH,UNIT_SCADA,1,"2019/09/06 07:25:00",MP1,223.499940
D,DISPATCH,UNIT_SCADA,1,"2019/09/06 07:25:00",MP2,0
D,DISPATCH,UNIT_SCADA,1,"2019/09/06 07:25:00",MPP_1,400.75
D,DISPATCH,UNIT_SCADA,1,"2019/09/06 07:25:00",MPP_2,437
D,DISPATCH,UNIT_SCADA,1,"2019/09/06 07:25:00",MSTUART1,0
D,DISPATCH,UNIT_SCADA,1,"2019/09/06 07:25:00",MSTUART2,0
D,DISPATCH,UNIT_SCADA,1,"2019/09/06 07:25:00",MSTUART3,0
D,DISPATCH,UNIT_SCADA,1,"2019/09/06 07:25:00",MTGELWF1,0.427260
D,DISPATCH,UNIT_SCADA,1,"2019/09/06 07:25:00",MURRAY,0
D,DISPATCH,UNIT_SCADA,1,"2019/09/06 07:25:00",MUSSELR1,132.70
D,DISPATCH,UNIT_SCADA,1,"2019/09/06 07:25:00",MUWAWF1,72.15
D,DISPATCH,UNIT_SCADA,1,"2019/09/06 07:25:00",NBHWF1,118.50
D,DISPATCH,UNIT_SCADA,1,"2019/09/06 07:25:00",NPS,0
D,DISPATCH,UNIT_SCADA,1,"2019/09/06 07:25:00",NUMURSF1,5.67
D,DISPATCH,UNIT_SCADA,1,"2019/09/06 07:25:00",NYNGAN1,20
D,DISPATCH,UNIT_SCADA,1,"2019/09/06 07:25:00",OAKEY1,0
D,DISPATCH,UNIT_SCADA,1,"2019/09/06 07:25:00",OAKEY1SF,15.2560
D,DISPATCH,UNIT_SCADA,1,"2019/09/06 07:25:00",OAKEY2,0
D,DISPATCH,UNIT_SCADA,1,"2019/09/06 07:25:00",OAKEY2SF,0
D,DISPATCH,UNIT_SCADA,1,"2019/09/06 07:25:00",OAKLAND1,10.40
D,DISPATCH,UNIT_SCADA,1,"2019/09/06 07:25:00",OSB-AG,0
D,DISPATCH,UNIT_SCADA,1,"2019/09/06 07:25:00",PARSF1,8.40
D,DISPATCH,UNIT_SCADA,1,"2019/09/06 07:25:00",POAT110,0
D,DISPATCH,UNIT_SCADA,1,"2019/09/06 07:25:00",POAT220,0
D,DISPATCH,UNIT_SCADA,1,"2019/09/06 07:25:00",POR01,0
D,DISPATCH,UNIT_SCADA,1,"2019/09/06 07:25:00",POR03,0
D,DISPATCH,UNIT_SCADA,1,"2019/09/06 07:25:00",PPCCGT,180.263240
D,DISPATCH,UNIT_SCADA,1,"2019/09/06 07:25:00",PTSTAN1,0
D,DISPATCH,UNIT_SCADA,1,"2019/09/06 07:25:00",PUMP1,0
D,DISPATCH,UNIT_SCADA,1,"2019/09/06 07:25:00",PUMP2,0
D,DISPATCH,UNIT_SCADA,1,"2019/09/06 07:25:00",QPS1,29
D,DISPATCH,UNIT_SCADA,1,"2019/09/06 07:25:00",QPS2,0
D,DISPATCH,UNIT_SCADA,1,"2019/09/06 07:25:00",QPS3,0
D,DISPATCH,UNIT_SCADA,1,"2019/09/06 07:25:00",QPS4,0
D,DISPATCH,UNIT_SCADA,1,"2019/09/06 07:25:00",QPS5,0
D,DISPATCH,UNIT_SCADA,1,"2019/09/06 07:25:00",REECE1,102.45
D,DISPATCH,UNIT_SCADA,1,"2019/09/06 07:25:00",REECE2,101.690010
D,DISPATCH,UNIT_SCADA,1,"2019/09/06 07:25:00",ROMA_7,0
D,DISPATCH,UNIT_SCADA,1,"2019/09/06 07:25:00",ROMA_8,0
D,DISPATCH,UNIT_SCADA,1,"2019/09/06 07:25:00",RRSF1,32.577960
D,DISPATCH,UNIT_SCADA,1,"2019/09/06 07:25:00",RT_NSW1,0
D,DISPATCH,UNIT_SCADA,1,"2019/09/06 07:25:00",RT_NSW2,0
D,DISPATCH,UNIT_SCADA,1,"2019/09/06 07:25:00",RT_NSW3,0
D,DISPATCH,UNIT_SCADA,1,"2019/09/06 07:25:00",RT_NSW4,0
D,DISPATCH,UNIT_SCADA,1,"2019/09/06 07:25:00",RT_NSW5,0
D,DISPATCH,UNIT_SCADA,1,"2019/09/06 07:25:00",RT_NSW6,0
D,DISPATCH,UNIT_SCADA,1,"2019/09/06 07:25:00",RT_QLD1,0
D,DISPATCH,UNIT_SCADA,1,"2019/09/06 07:25:00",RT_SA1,0
D,DISPATCH,UNIT_SCADA,1,"2019/09/06 07:25:00",RT_SA2,0
D,DISPATCH,UNIT_SCADA,1,"2019/09/06 07:25:00",RT_SA3,0
D,DISPATCH,UNIT_SCADA,1,"2019/09/06 07:25:00",RT_SA4,0
D,DISPATCH,UNIT_SCADA,1,"2019/09/06 07:25:00",RT_SA5,0
D,DISPATCH,UNIT_SCADA,1,"2019/09/06 07:25:00",RT_SA6,0
D,DISPATCH,UNIT_SCADA,1,"2019/09/06 07:25:00",RT_TAS1,0
D,DISPATCH,UNIT_SCADA,1,"2019/09/06 07:25:00",RT_VIC1,0
D,DISPATCH,UNIT_SCADA,1,"2019/09/06 07:25:00",RT_VIC10,0
D,DISPATCH,UNIT_SCADA,1,"2019/09/06 07:25:00",RT_VIC11,0
D,DISPATCH,UNIT_SCADA,1,"2019/09/06 07:25:00",RT_VIC12,0
D,DISPATCH,UNIT_SCADA,1,"2019/09/06 07:25:00",RT_VIC2,0
D,DISPATCH,UNIT_SCADA,1,"2019/09/06 07:25:00",RT_VIC3,0
D,DISPATCH,UNIT_SCADA,1,"2019/09/06 07:25:00",RT_VIC4,0
D,DISPATCH,UNIT_SCADA,1,"2019/09/06 07:25:00",RT_VIC5,0
D,DISPATCH,UNIT_SCADA,1,"2019/09/06 07:25:00",RT_VIC6,0
D,DISPATCH,UNIT_SCADA,1,"2019/09/06 07:25:00",RT_VIC7,0
D,DISPATCH,UNIT_SCADA,1,"2019/09/06 07:25:00",RT_VIC8,0
D,DISPATCH,UNIT_SCADA,1,"2019/09/06 07:25:00",RT_VIC9,0
D,DISPATCH,UNIT_SCADA,1,"2019/09/06 07:25:00",RUGBYR1,34.924550
D,DISPATCH,UNIT_SCADA,1,"2019/09/06 07:25:00",SALTCRK1,25.65
D,DISPATCH,UNIT_SCADA,1,"2019/09/06 07:25:00",SAPHWF1,166.200010
D,DISPATCH,UNIT_SCADA,1,"2019/09/06 07:25:00",SHGEN,161.848570
D,DISPATCH,UNIT_SCADA,1,"2019/09/06 07:25:00",SHPUMP,0
D,DISPATCH,UNIT_SCADA,1,"2019/09/06 07:25:00",SITHE01,0.1840
D,DISPATCH,UNIT_SCADA,1,"2019/09/06 07:25:00",SMCSF1,19.122130
D,DISPATCH,UNIT_SCADA,1,"2019/09/06 07:25:00",SNOWNTH1,137.20
D,DISPATCH,UNIT_SCADA,1,"2019/09/06 07:25:00",SNOWSTH1,119.50
D,DISPATCH,UNIT_SCADA,1,"2019/09/06 07:25:00",SNOWTWN1,95.382290
D,DISPATCH,UNIT_SCADA,1,"2019/09/06 07:25:00",SNOWYP,0
D,DISPATCH,UNIT_SCADA,1,"2019/09/06 07:25:00",SNUG1,0.019440
D,DISPATCH,UNIT_SCADA,1,"2019/09/06 07:25:00",SRSF1,20.59
D,DISPATCH,UNIT_SCADA,1,"2019/09/06 07:25:00",STAN-1,259.137450
D,DISPATCH,UNIT_SCADA,1,"2019/09/06 07:25:00",STAN-2,306.588960
D,DISPATCH,UNIT_SCADA,1,"2019/09/06 07:25:00",STAN-3,307.524660
D,DISPATCH,UNIT_SCADA,1,"2019/09/06 07:25:00",STAN-4,311.049560
D,DISPATCH,UNIT_SCADA,1,"2019/09/06 07:25:00",STWF1,0
D,DISPATCH,UNIT_SCADA,1,"2019/09/06 07:25:00",SWAN_E,0
D,DISPATCH,UNIT_SCADA,1,"2019/09/06 07:25:00",TALWA1,411
D,DISPATCH,UNIT_SCADA,1,"2019/09/06 07:25:00",TARALGA1,17.7525
D,DISPATCH,UNIT_SCADA,1,"2019/09/06 07:25:00",TARONG#1,349.399990
D,DISPATCH,UNIT_SCADA,1,"2019/09/06 07:25:00",TARONG#2,0
D,DISPATCH,UNIT_SCADA,1,"2019/09/06 07:25:00",TARONG#3,290
D,DISPATCH,UNIT_SCADA,1,"2019/09/06 07:25:00",TARONG#4,349.899990
D,DISPATCH,UNIT_SCADA,1,"2019/09/06 07:25:00",TARRALEA,73.90
D,DISPATCH,UNIT_SCADA,1,"2019/09/06 07:25:00",TBSF1,-0.20
D,DISPATCH,UNIT_SCADA,1,"2019/09/06 07:25:00",TNPS1,398.500030
D,DISPATCH,UNIT_SCADA,1,"2019/09/06 07:25:00",TORRA1,35.208760
D,DISPATCH,UNIT_SCADA,1,"2019/09/06 07:25:00",TORRA2,0
D,DISPATCH,UNIT_SCADA,1,"2019/09/06 07:25:00",TORRA3,0
D,DISPATCH,UNIT_SCADA,1,"2019/09/06 07:25:00",TORRA4,34.317950
D,DISPATCH,UNIT_SCADA,1,"2019/09/06 07:25:00",TORRB1,76.33
D,DISPATCH,UNIT_SCADA,1,"2019/09/06 07:25:00",TORRB2,76
D,DISPATCH,UNIT_SCADA,1,"2019/09/06 07:25:00",TORRB3,77.26
D,DISPATCH,UNIT_SCADA,1,"2019/09/06 07:25:00",TORRB4,0
D,DISPATCH,UNIT_SCADA,1,"2019/09/06 07:25:00",TREVALLN,66.760020
D,DISPATCH,UNIT_SCADA,1,"2019/09/06 07:25:00",TRIBUTE,0
D,DISPATCH,UNIT_SCADA,1,"2019/09/06 07:25:00",TUMUT3,217.679990
D,DISPATCH,UNIT_SCADA,1,"2019/09/06 07:25:00",TUNGATIN,42.90
D,DISPATCH,UNIT_SCADA,1,"2019/09/06 07:25:00",TVCC201,0
D,DISPATCH,UNIT_SCADA,1,"2019/09/06 07:25:00",TVPP104,0
D,DISPATCH,UNIT_SCADA,1,"2019/09/06 07:25:00",UPPTUMUT,544.975650
D,DISPATCH,UNIT_SCADA,1,"2019/09/06 07:25:00",URANQ11,0
D,DISPATCH,UNIT_SCADA,1,"2019/09/06 07:25:00",URANQ12,0
D,DISPATCH,UNIT_SCADA,1,"2019/09/06 07:25:00",URANQ13,0
D,DISPATCH,UNIT_SCADA,1,"2019/09/06 07:25:00",URANQ14,0
D,DISPATCH,UNIT_SCADA,1,"2019/09/06 07:25:00",VP5,538.50
D,DISPATCH,UNIT_SCADA,1,"2019/09/06 07:25:00",VP6,0
D,DISPATCH,UNIT_SCADA,1,"2019/09/06 07:25:00",VPGS1,0
D,DISPATCH,UNIT_SCADA,1,"2019/09/06 07:25:00",VPGS2,0
D,DISPATCH,UNIT_SCADA,1,"2019/09/06 07:25:00",VPGS3,0
D,DISPATCH,UNIT_SCADA,1,"2019/09/06 07:25:00",VPGS4,0
D,DISPATCH,UNIT_SCADA,1,"2019/09/06 07:25:00",VPGS5,0
D,DISPATCH,UNIT_SCADA,1,"2019/09/06 07:25:00",VPGS6,0
D,DISPATCH,UNIT_SCADA,1,"2019/09/06 07:25:00",W/HOE#1,0
D,DISPATCH,UNIT_SCADA,1,"2019/09/06 07:25:00",W/HOE#2,0
D,DISPATCH,UNIT_SCADA,1,"2019/09/06 07:25:00",WATERLWF,103.90
D,DISPATCH,UNIT_SCADA,1,"2019/09/06 07:25:00",WEMENSF1,2.40
D,DISPATCH,UNIT_SCADA,1,"2019/09/06 07:25:00",WGWF1,80.50
D,DISPATCH,UNIT_SCADA,1,"2019/09/06 07:25:00",WHITSF1,24.50
D,DISPATCH,UNIT_SCADA,1,"2019/09/06 07:25:00",WKIEWA1,31.90
D,DISPATCH,UNIT_SCADA,1,"2019/09/06 07:25:00",WKIEWA2,0.10
D,DISPATCH,UNIT_SCADA,1,"2019/09/06 07:25:00",WOODLWN1,10.6470
D,DISPATCH,UNIT_SCADA,1,"2019/09/06 07:25:00",WRSF1,6.48
D,DISPATCH,UNIT_SCADA,1,"2019/09/06 07:25:00",WRWF1,30.336260
D,DISPATCH,UNIT_SCADA,1,"2019/09/06 07:25:00",YABULU,0
D,DISPATCH,UNIT_SCADA,1,"2019/09/06 07:25:00",YABULU2,0
D,DISPATCH,UNIT_SCADA,1,"2019/09/06 07:25:00",YARWUN_1,168.539990
D,DISPATCH,UNIT_SCADA,1,"2019/09/06 07:25:00",YENDWF1,25.28
D,DISPATCH,UNIT_SCADA,1,"2019/09/06 07:25:00",YWPS1,379.949370
D,DISPATCH,UNIT_SCADA,1,"2019/09/06 07:25:00",YWPS2,280.197480
D,DISPATCH,UNIT_SCADA,1,"2019/09/06 07:25:00",YWPS3,328.055690
D,DISPATCH,UNIT_SCADA,1,"2019/09/06 07:25:00",YWPS4,391.568360
C,"END OF REPORT",335
