C,NEMP.WORLD,DISPATCHSCADA,AEMO,PUBLIC,2019/09/06,13:40:10,0000000312464402,DISPATCHSCADA,0000000312464396
I,DISPATCH,UNIT_SCADA,1,SETTLEMENTDATE,DUID,SCADAVALUE
D,DISPATCH,UNIT_SCADA,1,"2019/09/06 13:45:00",BARCSF1,8.900001
D,DISPATCH,UNIT_SCADA,1,"2019/09/06 13:45:00",BUTLERSG,10.199999
D,DISPATCH,UNIT_SCADA,1,"2019/09/06 13:45:00",CALL_A_4,0
D,DISPATCH,UNIT_SCADA,1,"2019/09/06 13:45:00",CAPTL_WF,126.867996
D,DISPATCH,UNIT_SCADA,1,"2019/09/06 13:45:00",CATHROCK,20.859999
D,DISPATCH,UNIT_SCADA,1,"2019/09/06 13:45:00",CHALLHWF,2
D,DISPATCH,UNIT_SCADA,1,"2019/09/06 13:45:00",CLOVER,-0.02
D,DISPATCH,UNIT_SCADA,1,"2019/09/06 13:45:00",CLUNY,18.130922
D,DISPATCH,UNIT_SCADA,1,"2019/09/06 13:45:00",CNUNDAWF,43.550804
D,DISPATCH,UNIT_SCADA,1,"2019/09/06 13:45:00",CULLRGWF,28.07
D,DISPATCH,UNIT_SCADA,1,"2019/09/06 13:45:00",ERGT01,0
D,DISPATCH,UNIT_SCADA,1,"2019/09/06 13:45:00",GB01,0.012226
D,DISPATCH,UNIT_SCADA,1,"2019/09/06 13:45:00",GERMCRK,31.200001
D,DISPATCH,UNIT_SCADA,1,"2019/09/06 13:45:00",GRIFSF1,13.399994
D,DISPATCH,UNIT_SCADA,1,"2019/09/06 13:45:00",HUGSF1,9.04
D,DISPATCH,UNIT_SCADA,1,"2019/09/06 13:45:00",LKBONNY1,75.645027
D,DISPATCH,UNIT_SCADA,1,"2019/09/06 13:45:00",LRSF1,11.6350
D,DISPATCH,UNIT_SCADA,1,"2019/09/06 13:45:00",MBAHNTH,51.618744
D,DISPATCH,UNIT_SCADA,1,"2019/09/06 13:45:00",MLSP1,3.798001
D,DISPATCH,UNIT_SCADA,1,"2019/09/06 13:45:00",MLWF1,5.76
D,DISPATCH,UNIT_SCADA,1,"2019/09/06 13:45:00",MTMILLAR,53.264908
D,DISPATCH,UNIT_SCADA,1,"2019/09/06 13:45:00",PALOONA,23.469999
D,DISPATCH,UNIT_SCADA,1,"2019/09/06 13:45:00",PIONEER,36
D,DISPATCH,UNIT_SCADA,1,"2019/09/06 13:45:00",PORTWF,65.699997
D,DISPATCH,UNIT_SCADA,1,"2019/09/06 13:45:00",REPULSE,32.352177
D,DISPATCH,UNIT_SCADA,1,"2019/09/06 13:45:00",ROWALLAN,10.4512
D,DISPATCH,UNIT_SCADA,1,"2019/09/06 13:45:00",ROYALLA1,5.207001
D,DISPATCH,UNIT_SCADA,1,"2019/09/06 13:45:00",RPCG,11.40
D,DISPATCH,UNIT_SCADA,1,"2019/09/06 13:45:00",RUBICON,0
D,DISPATCH,UNIT_SCADA,1,"2019/09/06 13:45:00",SATGN1,0
D,DISPATCH,UNIT_SCADA,1,"2019/09/06 13:45:00",SATGS1,0
D,DISPATCH,UNIT_SCADA,1,"2019/09/06 13:45:00",STARHLWF,26.292334
D,DISPATCH,UNIT_SCADA,1,"2019/09/06 13:45:00",WAUBRAWF,46.0350
D,DISPATCH,UNIT_SCADA,1,"2019/09/06 13:45:00",WOOLNTH1,53.930016
D,DISPATCH,UNIT_SCADA,1,"2019/09/06 13:45:00",WPWF,82
D,DISPATCH,UNIT_SCADA,1,"2019/09/06 13:45:00",YAMBUKWF,17.60
D,DISPATCH,UNIT_SCADA,1,"2019/09/06 13:45:00",YSWF1,23
D,DISPATCH,UNIT_SCADA,1,"2019/09/06 13:45:00",AGLHAL,0
D,DISPATCH,UNIT_SCADA,1,"2019/09/06 13:45:00",AGLSOM,0
D,DISPATCH,UNIT_SCADA,1,"2019/09/06 13:45:00",ANGAST1,0
D,DISPATCH,UNIT_SCADA,1,"2019/09/06 13:45:00",ARWF1,26.10
D,DISPATCH,UNIT_SCADA,1,"2019/09/06 13:45:00",BALBG1,0
D,DISPATCH,UNIT_SCADA,1,"2019/09/06 13:45:00",BALBL1,0
D,DISPATCH,UNIT_SCADA,1,"2019/09/06 13:45:00",BALDHWF1,86.2650
D,DISPATCH,UNIT_SCADA,1,"2019/09/06 13:45:00",BANN1,6.41
D,DISPATCH,UNIT_SCADA,1,"2019/09/06 13:45:00",BARCALDN,0
D,DISPATCH,UNIT_SCADA,1,"2019/09/06 13:45:00",BARRON-1,0
D,DISPATCH,UNIT_SCADA,1,"2019/09/06 13:45:00",BARRON-2,0
D,DISPATCH,UNIT_SCADA,1,"2019/09/06 13:45:00",BASTYAN,78.490010
D,DISPATCH,UNIT_SCADA,1,"2019/09/06 13:45:00",BBTHREE1,0
D,DISPATCH,UNIT_SCADA,1,"2019/09/06 13:45:00",BBTHREE2,0
D,DISPATCH,UNIT_SCADA,1,"2019/09/06 13:45:00",BBTHREE3,0
D,DISPATCH,UNIT_SCADA,1,"2019/09/06 13:45:00",BDL01,0
D,DISPATCH,UNIT_SCADA,1,"2019/09/06 13:45:00",BDL02,0
D,DISPATCH,UNIT_SCADA,1,"2019/09/06 13:45:00",BERYLSF1,19.800660
D,DISPATCH,UNIT_SCADA,1,"2019/09/06 13:45:00",BLOWERNG,15.30
D,DISPATCH,UNIT_SCADA,1,"2019/09/06 13:45:00",BLUFF1,29.60
D,DISPATCH,UNIT_SCADA,1,"2019/09/06 13:45:00",BNGSF1,73.11
D,DISPATCH,UNIT_SCADA,1,"2019/09/06 13:45:00",BNGSF2,10.55
D,DISPATCH,UNIT_SCADA,1,"2019/09/06 13:45:00",BOCORWF1,96.04
D,DISPATCH,UNIT_SCADA,1,"2019/09/06 13:45:00",BODWF1,93.768960
D,DISPATCH,UNIT_SCADA,1,"2019/09/06 13:45:00",BRAEMAR1,0
D,DISPATCH,UNIT_SCADA,1,"2019/09/06 13:45:00",BRAEMAR2,0
D,DISPATCH,UNIT_SCADA,1,"2019/09/06 13:45:00",BRAEMAR3,0
D,DISPATCH,UNIT_SCADA,1,"2019/09/06 13:45:00",BRAEMAR5,0
D,DISPATCH,UNIT_SCADA,1,"2019/09/06 13:45:00",BRAEMAR6,0
D,DISPATCH,UNIT_SCADA,1,"2019/09/06 13:45:00",BRAEMAR7,0
D,DISPATCH,UNIT_SCADA,1,"2019/09/06 13:45:00",BROKENH1,25.394530
D,DISPATCH,UNIT_SCADA,1,"2019/09/06 13:45:00",BW01,583.324950
D,DISPATCH,UNIT_SCADA,1,"2019/09/06 13:45:00",BW02,585.700070
D,DISPATCH,UNIT_SCADA,1,"2019/09/06 13:45:00",BW03,644.449950
D,DISPATCH,UNIT_SCADA,1,"2019/09/06 13:45:00",BW04,0
D,DISPATCH,UNIT_SCADA,1,"2019/09/06 13:45:00",CALL_B_1,343
D,DISPATCH,UNIT_SCADA,1,"2019/09/06 13:45:00",CALL_B_2,344.600010
D,DISPATCH,UNIT_SCADA,1,"2019/09/06 13:45:00",CETHANA,96.927120
D,DISPATCH,UNIT_SCADA,1,"2019/09/06 13:45:00",CG1,0
D,DISPATCH,UNIT_SCADA,1,"2019/09/06 13:45:00",CG2,0
D,DISPATCH,UNIT_SCADA,1,"2019/09/06 13:45:00",CG3,0
D,DISPATCH,UNIT_SCADA,1,"2019/09/06 13:45:00",CG4,0
D,DISPATCH,UNIT_SCADA,1,"2019/09/06 13:45:00",CHILDSF1,52.13
D,DISPATCH,UNIT_SCADA,1,"2019/09/06 13:45:00",CLARESF1,46.106620
D,DISPATCH,UNIT_SCADA,1,"2019/09/06 13:45:00",CLEMGPWF,30.758950
D,DISPATCH,UNIT_SCADA,1,"2019/09/06 13:45:00",CLERMSF1,14.72
D,DISPATCH,UNIT_SCADA,1,"2019/09/06 13:45:00",COLEASF1,91.90
D,DISPATCH,UNIT_SCADA,1,"2019/09/06 13:45:00",COOPGWF1,58.830750
D,DISPATCH,UNIT_SCADA,1,"2019/09/06 13:45:00",CPP_3,334.675020
D,DISPATCH,UNIT_SCADA,1,"2019/09/06 13:45:00",CPP_4,252.450010
D,DISPATCH,UNIT_SCADA,1,"2019/09/06 13:45:00",CPSA,73.968750
D,DISPATCH,UNIT_SCADA,1,"2019/09/06 13:45:00",CROOKWF2,68.493750
D,DISPATCH,UNIT_SCADA,1,"2019/09/06 13:45:00",CROWLWF1,10.5344
D,DISPATCH,UNIT_SCADA,1,"2019/09/06 13:45:00",CSPVPS1,31.9820
D,DISPATCH,UNIT_SCADA,1,"2019/09/06 13:45:00",DALNTH01,0
D,DISPATCH,UNIT_SCADA,1,"2019/09/06 13:45:00",DALNTHL1,0.193790
D,DISPATCH,UNIT_SCADA,1,"2019/09/06 13:45:00",DARTM1,0
D,DISPATCH,UNIT_SCADA,1,"2019/09/06 13:45:00",DAYDSF1,113.611010
D,DISPATCH,UNIT_SCADA,1,"2019/09/06 13:45:00",DDPS1,0
D,DISPATCH,UNIT_SCADA,1,"2019/09/06 13:45:00",DDSF1,105.447430
D,DISPATCH,UNIT_SCADA,1,"2019/09/06 13:45:00",DEVILS_G,0
D,DISPATCH,UNIT_SCADA,1,"2019/09/06 13:45:00",DG_NSW1,0
D,DISPATCH,UNIT_SCADA,1,"2019/09/06 13:45:00",DG_QLD1,0
D,DISPATCH,UNIT_SCADA,1,"2019/09/06 13:45:00",DG_SA1,0
D,DISPATCH,UNIT_SCADA,1,"2019/09/06 13:45:00",DG_TAS1,0
D,DISPATCH,UNIT_SCADA,1,"2019/09/06 13:45:00",DG_VIC1,0
D,DISPATCH,UNIT_SCADA,1,"2019/09/06 13:45:00",DRYCGT1,0
D,DISPATCH,UNIT_SCADA,1,"2019/09/06 13:45:00",DRYCGT2,0
D,DISPATCH,UNIT_SCADA,1,"2019/09/06 13:45:00",DRYCGT3,0
D,DISPATCH,UNIT_SCADA,1,"2019/09/06 13:45:00",EILDON1,0
D,DISPATCH,UNIT_SCADA,1,"2019/09/06 13:45:00",EILDON2,0
D,DISPATCH,UNIT_SCADA,1,"2019/09/06 13:45:00",EMERASF1,67.31
D,DISPATCH,UNIT_SCADA,1,"2019/09/06 13:45:00",ER01,541.574950
D,DISPATCH,UNIT_SCADA,1,"2019/09/06 13:45:00",ER02,647.3750
D,DISPATCH,UNIT_SCADA,1,"2019/09/06 13:45:00",ER03,0
D,DISPATCH,UNIT_SCADA,1,"2019/09/06 13:45:00",ER04,644.974980
D,DISPATCH,UNIT_SCADA,1,"2019/09/06 13:45:00",FINLYSF1,0
D,DISPATCH,UNIT_SCADA,1,"2019/09/06 13:45:00",FISHER,45.84
D,DISPATCH,UNIT_SCADA,1,"2019/09/06 13:45:00",GANNBG1,5.304790
D,DISPATCH,UNIT_SCADA,1,"2019/09/06 13:45:00",GANNBL1,0
D,DISPATCH,UNIT_SCADA,1,"2019/09/06 13:45:00",GANNSF1,7.20
D,DISPATCH,UNIT_SCADA,1,"2019/09/06 13:45:00",GORDON,20.054160
D,DISPATCH,UNIT_SCADA,1,"2019/09/06 13:45:00",GSTONE1,134.75
D,DISPATCH,UNIT_SCADA,1,"2019/09/06 13:45:00",GSTONE2,117.7750
D,DISPATCH,UNIT_SCADA,1,"2019/09/06 13:45:00",GSTONE3,0
D,DISPATCH,UNIT_SCADA,1,"2019/09/06 13:45:00",GSTONE4,137.024990
D,DISPATCH,UNIT_SCADA,1,"2019/09/06 13:45:00",GSTONE5,138.95
D,DISPATCH,UNIT_SCADA,1,"2019/09/06 13:45:00",GSTONE6,135.80
D,DISPATCH,UNIT_SCADA,1,"2019/09/06 13:45:00",GULLRSF1,5.396330
D,DISPATCH,UNIT_SCADA,1,"2019/09/06 13:45:00",GULLRWF1,111.633030
D,DISPATCH,UNIT_SCADA,1,"2019/09/06 13:45:00",GUNNING1,43.777610
D,DISPATCH,UNIT_SCADA,1,"2019/09/06 13:45:00",GUTHEGA,0
D,DISPATCH,UNIT_SCADA,1,"2019/09/06 13:45:00",HALLWF1,7.10
D,DISPATCH,UNIT_SCADA,1,"2019/09/06 13:45:00",HALLWF2,3.78
D,DISPATCH,UNIT_SCADA,1,"2019/09/06 13:45:00",HAMISF1,45.60
D,DISPATCH,UNIT_SCADA,1,"2019/09/06 13:45:00",HAUGHT11,95.506430
D,DISPATCH,UNIT_SCADA,1,"2019/09/06 13:45:00",HAYMSF1,40.6920
D,DISPATCH,UNIT_SCADA,1,"2019/09/06 13:45:00",HDWF1,55.50
D,DISPATCH,UNIT_SCADA,1,"2019/09/06 13:45:00",HDWF2,61.10
D,DISPATCH,UNIT_SCADA,1,"2019/09/06 13:45:00",HDWF3,64.80
D,DISPATCH,UNIT_SCADA,1,"2019/09/06 13:45:00",HPRG1,0
D,DISPATCH,UNIT_SCADA,1,"2019/09/06 13:45:00",HPRL1,0.40
D,DISPATCH,UNIT_SCADA,1,"2019/09/06 13:45:00",HUMENSW,0
D,DISPATCH,UNIT_SCADA,1,"2019/09/06 13:45:00",HUMEV,25
D,DISPATCH,UNIT_SCADA,1,"2019/09/06 13:45:00",HVGTS,0
D,DISPATCH,UNIT_SCADA,1,"2019/09/06 13:45:00",JBUTTERS,23.34
D,DISPATCH,UNIT_SCADA,1,"2019/09/06 13:45:00",JLA01,0.10
D,DISPATCH,UNIT_SCADA,1,"2019/09/06 13:45:00",JLA02,0
D,DISPATCH,UNIT_SCADA,1,"2019/09/06 13:45:00",JLA03,0
D,DISPATCH,UNIT_SCADA,1,"2019/09/06 13:45:00",JLA04,0
D,DISPATCH,UNIT_SCADA,1,"2019/09/06 13:45:00",JLB01,0
D,DISPATCH,UNIT_SCADA,1,"2019/09/06 13:45:00",JLB02,0.10
D,DISPATCH,UNIT_SCADA,1,"2019/09/06 13:45:00",JLB03,0
D,DISPATCH,UNIT_SCADA,1,"2019/09/06 13:45:00",KAREEYA1,21.58
D,DISPATCH,UNIT_SCADA,1,"2019/09/06 13:45:00",KAREEYA2,21.7150
D,DISPATCH,UNIT_SCADA,1,"2019/09/06 13:45:00",KAREEYA3,0
D,DISPATCH,UNIT_SCADA,1,"2019/09/06 13:45:00",KAREEYA4,21.6175
D,DISPATCH,UNIT_SCADA,1,"2019/09/06 13:45:00",KARSF1,7.10
D,DISPATCH,UNIT_SCADA,1,"2019/09/06 13:45:00",KIATAWF1,30.60
D,DISPATCH,UNIT_SCADA,1,"2019/09/06 13:45:00",KPP_1,0
D,DISPATCH,UNIT_SCADA,1,"2019/09/06 13:45:00",KSP1,46.14
D,DISPATCH,UNIT_SCADA,1,"2019/09/06 13:45:00",LADBROK1,0
D,DISPATCH,UNIT_SCADA,1,"2019/09/06 13:45:00",LADBROK2,0
D,DISPATCH,UNIT_SCADA,1,"2019/09/06 13:45:00",LD01,387.862520
D,DISPATCH,UNIT_SCADA,1,"2019/09/06 13:45:00",LD02,382.274960
D,DISPATCH,UNIT_SCADA,1,"2019/09/06 13:45:00",LD03,381.431210
D,DISPATCH,UNIT_SCADA,1,"2019/09/06 13:45:00",LD04,381.712550
D,DISPATCH,UNIT_SCADA,1,"2019/09/06 13:45:00",LEM_WIL,84.8134
D,DISPATCH,UNIT_SCADA,1,"2019/09/06 13:45:00",LGAPWF1,33.21
D,DISPATCH,UNIT_SCADA,1,"2019/09/06 13:45:00",LILYSF1,0
D,DISPATCH,UNIT_SCADA,1,"2019/09/06 13:45:00",LI_WY_CA,163.627040
D,DISPATCH,UNIT_SCADA,1,"2019/09/06 13:45:00",LKBONNY2,139.751590
D,DISPATCH,UNIT_SCADA,1,"2019/09/06 13:45:00",LKBONNY3,34.274720
D,DISPATCH,UNIT_SCADA,1,"2019/09/06 13:45:00",LK_ECHO,0
D,DISPATCH,UNIT_SCADA,1,"2019/09/06 13:45:00",LNGS1,0
D,DISPATCH,UNIT_SCADA,1,"2019/09/06 13:45:00",LNGS2,0
D,DISPATCH,UNIT_SCADA,1,"2019/09/06 13:45:00",LONSDALE,0
D,DISPATCH,UNIT_SCADA,1,"2019/09/06 13:45:00",LOYYB1,536.464540
D,DISPATCH,UNIT_SCADA,1,"2019/09/06 13:45:00",LOYYB2,582.330380
D,DISPATCH,UNIT_SCADA,1,"2019/09/06 13:45:00",LYA1,0
D,DISPATCH,UNIT_SCADA,1,"2019/09/06 13:45:00",LYA2,0
D,DISPATCH,UNIT_SCADA,1,"2019/09/06 13:45:00",LYA3,557
D,DISPATCH,UNIT_SCADA,1,"2019/09/06 13:45:00",LYA4,540
D,DISPATCH,UNIT_SCADA,1,"2019/09/06 13:45:00",MACARTH1,194.495510
D,DISPATCH,UNIT_SCADA,1,"2019/09/06 13:45:00",MACKAYGT,0.2240
D,DISPATCH,UNIT_SCADA,1,"2019/09/06 13:45:00",MACKNTSH,86.930010
D,DISPATCH,UNIT_SCADA,1,"2019/09/06 13:45:00",MANSLR1,12.6830
D,DISPATCH,UNIT_SCADA,1,"2019/09/06 13:45:00",MCKAY1,-0.0350
D,DISPATCH,UNIT_SCADA,1,"2019/09/06 13:45:00",MEADOWBK,33.953040
D,DISPATCH,UNIT_SCADA,1,"2019/09/06 13:45:00",MERCER01,55.4240
D,DISPATCH,UNIT_SCADA,1,"2019/09/06 13:45:00",MEWF1,11.503620
D,DISPATCH,UNIT_SCADA,1,"2019/09/06 13:45:00",MINTARO,0
D,DISPATCH,UNIT_SCADA,1,"2019/09/06 13:45:00",MOREESF1,45.6220
D,DISPATCH,UNIT_SCADA,1,"2019/09/06 13:45:00",MORTLK11,260
D,DISPATCH,UNIT_SCADA,1,"2019/09/06 13:45:00",MORTLK12,0
D,DISPATCH,UNIT_SCADA,1,"2019/09/06 13:45:00",MP1,159.624940
D,DISPATCH,UNIT_SCADA,1,"2019/09/06 13:45:00",MP2,0
D,DISPATCH,UNIT_SCADA,1,"2019/09/06 13:45:00",MPP_1,370.75
D,DISPATCH,UNIT_SCADA,1,"2019/09/06 13:45:00",MPP_2,424.50
D,DISPATCH,UNIT_SCADA,1,"2019/09/06 13:45:00",MSTUART1,0
D,DISPATCH,UNIT_SCADA,1,"2019/09/06 13:45:00",MSTUART2,0
D,DISPATCH,UNIT_SCADA,1,"2019/09/06 13:45:00",MSTUART3,0
D,DISPATCH,UNIT_SCADA,1,"2019/09/06 13:45:00",MTGELWF1,53.640860
D,DISPATCH,UNIT_SCADA,1,"2019/09/06 13:45:00",MURRAY,0
D,DISPATCH,UNIT_SCADA,1,"2019/09/06 13:45:00",MUSSELR1,162.699980
D,DISPATCH,UNIT_SCADA,1,"2019/09/06 13:45:00",MUWAWF1,72.35
D,DISPATCH,UNIT_SCADA,1,"2019/09/06 13:45:00",NBHWF1,65.50
D,DISPATCH,UNIT_SCADA,1,"2019/09/06 13:45:00",NPS,0
D,DISPATCH,UNIT_SCADA,1,"2019/09/06 13:45:00",NUMURSF1,48.27
D,DISPATCH,UNIT_SCADA,1,"2019/09/06 13:45:00",NYNGAN1,46.75
D,DISPATCH,UNIT_SCADA,1,"2019/09/06 13:45:00",OAKEY1,0
D,DISPATCH,UNIT_SCADA,1,"2019/09/06 13:45:00",OAKEY1SF,23.79
D,DISPATCH,UNIT_SCADA,1,"2019/09/06 13:45:00",OAKEY2,0
D,DISPATCH,UNIT_SCADA,1,"2019/09/06 13:45:00",OAKEY2SF,0
D,DISPATCH,UNIT_SCADA,1,"2019/09/06 13:45:00",OAKLAND1,11.70
D,DISPATCH,UNIT_SCADA,1,"2019/09/06 13:45:00",OSB-AG,0
D,DISPATCH,UNIT_SCADA,1,"2019/09/06 13:45:00",PARSF1,24.70
D,DISPATCH,UNIT_SCADA,1,"2019/09/06 13:45:00",POAT110,0
D,DISPATCH,UNIT_SCADA,1,"2019/09/06 13:45:00",POAT220,0.55
D,DISPATCH,UNIT_SCADA,1,"2019/09/06 13:45:00",POR01,0
D,DISPATCH,UNIT_SCADA,1,"2019/09/06 13:45:00",POR03,0
D,DISPATCH,UNIT_SCADA,1,"2019/09/06 13:45:00",PPCCGT,0
D,DISPATCH,UNIT_SCADA,1,"2019/09/06 13:45:00",PTSTAN1,0
D,DISPATCH,UNIT_SCADA,1,"2019/09/06 13:45:00",PUMP1,0
D,DISPATCH,UNIT_SCADA,1,"2019/09/06 13:45:00",PUMP2,0
D,DISPATCH,UNIT_SCADA,1,"2019/09/06 13:45:00",QPS1,0
D,DISPATCH,UNIT_SCADA,1,"2019/09/06 13:45:00",QPS2,0
D,DISPATCH,UNIT_SCADA,1,"2019/09/06 13:45:00",QPS3,0
D,DISPATCH,UNIT_SCADA,1,"2019/09/06 13:45:00",QPS4,0
D,DISPATCH,UNIT_SCADA,1,"2019/09/06 13:45:00",QPS5,0
D,DISPATCH,UNIT_SCADA,1,"2019/09/06 13:45:00",REECE1,104.09
D,DISPATCH,UNIT_SCADA,1,"2019/09/06 13:45:00",REECE2,99.500010
D,DISPATCH,UNIT_SCADA,1,"2019/09/06 13:45:00",ROMA_7,0
D,DISPATCH,UNIT_SCADA,1,"2019/09/06 13:45:00",ROMA_8,0
D,DISPATCH,UNIT_SCADA,1,"2019/09/06 13:45:00",RRSF1,115.084580
D,DISPATCH,UNIT_SCADA,1,"2019/09/06 13:45:00",RT_NSW1,0
D,DISPATCH,UNIT_SCADA,1,"2019/09/06 13:45:00",RT_NSW2,0
D,DISPATCH,UNIT_SCADA,1,"2019/09/06 13:45:00",RT_NSW3,0
D,DISPATCH,UNIT_SCADA,1,"2019/09/06 13:45:00",RT_NSW4,0
D,DISPATCH,UNIT_SCADA,1,"2019/09/06 13:45:00",RT_NSW5,0
D,DISPATCH,UNIT_SCADA,1,"2019/09/06 13:45:00",RT_NSW6,0
D,DISPATCH,UNIT_SCADA,1,"2019/09/06 13:45:00",RT_QLD1,0
D,DISPATCH,UNIT_SCADA,1,"2019/09/06 13:45:00",RT_SA1,0
D,DISPATCH,UNIT_SCADA,1,"2019/09/06 13:45:00",RT_SA2,0
D,DISPATCH,UNIT_SCADA,1,"2019/09/06 13:45:00",RT_SA3,0
D,DISPATCH,UNIT_SCADA,1,"2019/09/06 13:45:00",RT_SA4,0
D,DISPATCH,UNIT_SCADA,1,"2019/09/06 13:45:00",RT_SA5,0
D,DISPATCH,UNIT_SCADA,1,"2019/09/06 13:45:00",RT_SA6,0
D,DISPATCH,UNIT_SCADA,1,"2019/09/06 13:45:00",RT_TAS1,0
D,DISPATCH,UNIT_SCADA,1,"2019/09/06 13:45:00",RT_VIC1,0
D,DISPATCH,UNIT_SCADA,1,"2019/09/06 13:45:00",RT_VIC10,0
D,DISPATCH,UNIT_SCADA,1,"2019/09/06 13:45:00",RT_VIC11,0
D,DISPATCH,UNIT_SCADA,1,"2019/09/06 13:45:00",RT_VIC12,0
D,DISPATCH,UNIT_SCADA,1,"2019/09/06 13:45:00",RT_VIC2,0
D,DISPATCH,UNIT_SCADA,1,"2019/09/06 13:45:00",RT_VIC3,0
D,DISPATCH,UNIT_SCADA,1,"2019/09/06 13:45:00",RT_VIC4,0
D,DISPATCH,UNIT_SCADA,1,"2019/09/06 13:45:00",RT_VIC5,0
D,DISPATCH,UNIT_SCADA,1,"2019/09/06 13:45:00",RT_VIC6,0
D,DISPATCH,UNIT_SCADA,1,"2019/09/06 13:45:00",RT_VIC7,0
D,DISPATCH,UNIT_SCADA,1,"2019/09/06 13:45:00",RT_VIC8,0
D,DISPATCH,UNIT_SCADA,1,"2019/09/06 13:45:00",RT_VIC9,0
D,DISPATCH,UNIT_SCADA,1,"2019/09/06 13:45:00",RUGBYR1,62.554110
D,DISPATCH,UNIT_SCADA,1,"2019/09/06 13:45:00",SALTCRK1,31.99
D,DISPATCH,UNIT_SCADA,1,"2019/09/06 13:45:00",SAPHWF1,236.306270
D,DISPATCH,UNIT_SCADA,1,"2019/09/06 13:45:00",SHGEN,0
D,DISPATCH,UNIT_SCADA,1,"2019/09/06 13:45:00",SHPUMP,0
D,DISPATCH,UNIT_SCADA,1,"2019/09/06 13:45:00",SITHE01,0.194050
D,DISPATCH,UNIT_SCADA,1,"2019/09/06 13:45:00",SMCSF1,83.557170
D,DISPATCH,UNIT_SCADA,1,"2019/09/06 13:45:00",SNOWNTH1,123.100010
D,DISPATCH,UNIT_SCADA,1,"2019/09/06 13:45:00",SNOWSTH1,105.70
D,DISPATCH,UNIT_SCADA,1,"2019/09/06 13:45:00",SNOWTWN1,32.704140
D,DISPATCH,UNIT_SCADA,1,"2019/09/06 13:45:00",SNOWYP,197.900010
D,DISPATCH,UNIT_SCADA,1,"2019/09/06 13:45:00",SNUG1,0.019440
D,DISPATCH,UNIT_SCADA,1,"2019/09/06 13:45:00",SRSF1,69.47
D,DISPATCH,UNIT_SCADA,1,"2019/09/06 13:45:00",STAN-1,260.778140
D,DISPATCH,UNIT_SCADA,1,"2019/09/06 13:45:00",STAN-2,234.770830
D,DISPATCH,UNIT_SCADA,1,"2019/09/06 13:45:00",STAN-3,235.514250
D,DISPATCH,UNIT_SCADA,1,"2019/09/06 13:45:00",STAN-4,233.386510
D,DISPATCH,UNIT_SCADA,1,"2019/09/06 13:45:00",STWF1,0
D,DISPATCH,UNIT_SCADA,1,"2019/09/06 13:45:00",SWAN_E,0
D,DISPATCH,UNIT_SCADA,1,"2019/09/06 13:45:00",TALWA1,190
D,DISPATCH,UNIT_SCADA,1,"2019/09/06 13:45:00",TARALGA1,102.513730
D,DISPATCH,UNIT_SCADA,1,"2019/09/06 13:45:00",TARONG#1,349.399990
D,DISPATCH,UNIT_SCADA,1,"2019/09/06 13:45:00",TARONG#2,0
D,DISPATCH,UNIT_SCADA,1,"2019/09/06 13:45:00",TARONG#3,280.399990
D,DISPATCH,UNIT_SCADA,1,"2019/09/06 13:45:00",TARONG#4,351.800020
D,DISPATCH,UNIT_SCADA,1,"2019/09/06 13:45:00",TARRALEA,73.80
D,DISPATCH,UNIT_SCADA,1,"2019/09/06 13:45:00",TBSF1,14.50
D,DISPATCH,UNIT_SCADA,1,"2019/09/06 13:45:00",TNPS1,398.800020
D,DISPATCH,UNIT_SCADA,1,"2019/09/06 13:45:00",TORRA1,40.438710
D,DISPATCH,UNIT_SCADA,1,"2019/09/06 13:45:00",TORRA2,0
D,DISPATCH,UNIT_SCADA,1,"2019/09/06 13:45:00",TORRA3,0
D,DISPATCH,UNIT_SCADA,1,"2019/09/06 13:45:00",TORRA4,41.835210
D,DISPATCH,UNIT_SCADA,1,"2019/09/06 13:45:00",TORRB1,81.43
D,DISPATCH,UNIT_SCADA,1,"2019/09/06 13:45:00",TORRB2,93.66
D,DISPATCH,UNIT_SCADA,1,"2019/09/06 13:45:00",TORRB3,74.53
D,DISPATCH,UNIT_SCADA,1,"2019/09/06 13:45:00",TORRB4,0
D,DISPATCH,UNIT_SCADA,1,"2019/09/06 13:45:00",TREVALLN,88.250030
D,DISPATCH,UNIT_SCADA,1,"2019/09/06 13:45:00",TRIBUTE,0
D,DISPATCH,UNIT_SCADA,1,"2019/09/06 13:45:00",TUMUT3,0
D,DISPATCH,UNIT_SCADA,1,"2019/09/06 13:45:00",TUNGATIN,115.890040
D,DISPATCH,UNIT_SCADA,1,"2019/09/06 13:45:00",TVCC201,0
D,DISPATCH,UNIT_SCADA,1,"2019/09/06 13:45:00",TVPP104,0
D,DISPATCH,UNIT_SCADA,1,"2019/09/06 13:45:00",UPPTUMUT,0
D,DISPATCH,UNIT_SCADA,1,"2019/09/06 13:45:00",URANQ11,0
D,DISPATCH,UNIT_SCADA,1,"2019/09/06 13:45:00",URANQ12,0
D,DISPATCH,UNIT_SCADA,1,"2019/09/06 13:45:00",URANQ13,0
D,DISPATCH,UNIT_SCADA,1,"2019/09/06 13:45:00",URANQ14,0
D,DISPATCH,UNIT_SCADA,1,"2019/09/06 13:45:00",VP5,395.225010
D,DISPATCH,UNIT_SCADA,1,"2019/09/06 13:45:00",VP6,0
D,DISPATCH,UNIT_SCADA,1,"2019/09/06 13:45:00",VPGS1,0
D,DISPATCH,UNIT_SCADA,1,"2019/09/06 13:45:00",VPGS2,0
D,DISPATCH,UNIT_SCADA,1,"2019/09/06 13:45:00",VPGS3,0
D,DISPATCH,UNIT_SCADA,1,"2019/09/06 13:45:00",VPGS4,0
D,DISPATCH,UNIT_SCADA,1,"2019/09/06 13:45:00",VPGS5,0
D,DISPATCH,UNIT_SCADA,1,"2019/09/06 13:45:00",VPGS6,0
D,DISPATCH,UNIT_SCADA,1,"2019/09/06 13:45:00",W/HOE#1,0
D,DISPATCH,UNIT_SCADA,1,"2019/09/06 13:45:00",W/HOE#2,0
D,DISPATCH,UNIT_SCADA,1,"2019/09/06 13:45:00",WATERLWF,85.50
D,DISPATCH,UNIT_SCADA,1,"2019/09/06 13:45:00",WEMENSF1,41.10
D,DISPATCH,UNIT_SCADA,1,"2019/09/06 13:45:00",WGWF1,58.50
D,DISPATCH,UNIT_SCADA,1,"2019/09/06 13:45:00",WHITSF1,41.90
D,DISPATCH,UNIT_SCADA,1,"2019/09/06 13:45:00",WKIEWA1,0
D,DISPATCH,UNIT_SCADA,1,"2019/09/06 13:45:00",WKIEWA2,0.10
D,DISPATCH,UNIT_SCADA,1,"2019/09/06 13:45:00",WOODLWN1,46.5930
D,DISPATCH,UNIT_SCADA,1,"2019/09/06 13:45:00",WRSF1,11.56
D,DISPATCH,UNIT_SCADA,1,"2019/09/06 13:45:00",WRWF1,151.729980
D,DISPATCH,UNIT_SCADA,1,"2019/09/06 13:45:00",YABULU,0
D,DISPATCH,UNIT_SCADA,1,"2019/09/06 13:45:00",YABULU2,0
D,DISPATCH,UNIT_SCADA,1,"2019/09/06 13:45:00",YARWUN_1,118.59
D,DISPATCH,UNIT_SCADA,1,"2019/09/06 13:45:00",YENDWF1,42.09
D,DISPATCH,UNIT_SCADA,1,"2019/09/06 13:45:00",YWPS1,381.7038
D,DISPATCH,UNIT_SCADA,1,"2019/09/06 13:45:00",YWPS2,281.450620
D,DISPATCH,UNIT_SCADA,1,"2019/09/06 13:45:00",YWPS3,332.854430
D,DISPATCH,UNIT_SCADA,1,"2019/09/06 13:45:00",YWPS4,399.754430
C,"END OF REPORT",335
