C,NEMP.WORLD,DISPATCHSCADA,AEMO,PUBLIC,2019/08/20,05:40:09,0000000311773797,DISPATCHSCADA,0000000311773791
I,DISPATCH,UNIT_SCADA,1,SETTLEMENTDATE,DUID,SCADAVALUE
D,DISPATCH,UNIT_SCADA,1,"2019/08/20 05:45:00",BARCSF1,0
D,DISPATCH,UNIT_SCADA,1,"2019/08/20 05:45:00",BUTLERSG,9.799998
D,DISPATCH,UNIT_SCADA,1,"2019/08/20 05:45:00",CALL_A_4,0
D,DISPATCH,UNIT_SCADA,1,"2019/08/20 05:45:00",CAPTL_WF,111.872002
D,DISPATCH,UNIT_SCADA,1,"2019/08/20 05:45:00",CATHROCK,48.849998
D,DISPATCH,UNIT_SCADA,1,"2019/08/20 05:45:00",CHALLHWF,25.700001
D,DISPATCH,UNIT_SCADA,1,"2019/08/20 05:45:00",CLOVER,-0.02
D,DISPATCH,UNIT_SCADA,1,"2019/08/20 05:45:00",CLUNY,16.154268
D,DISPATCH,UNIT_SCADA,1,"2019/08/20 05:45:00",CNUNDAWF,36.542629
D,DISPATCH,UNIT_SCADA,1,"2019/08/20 05:45:00",CULLRGWF,30.440001
D,DISPATCH,UNIT_SCADA,1,"2019/08/20 05:45:00",ERGT01,0
D,DISPATCH,UNIT_SCADA,1,"2019/08/20 05:45:00",GB01,0.054962
D,DISPATCH,UNIT_SCADA,1,"2019/08/20 05:45:00",GERMCRK,39
D,DISPATCH,UNIT_SCADA,1,"2019/08/20 05:45:00",GRIFSF1,0
D,DISPATCH,UNIT_SCADA,1,"2019/08/20 05:45:00",HUGSF1,-0.2580
D,DISPATCH,UNIT_SCADA,1,"2019/08/20 05:45:00",LKBONNY1,67.160645
D,DISPATCH,UNIT_SCADA,1,"2019/08/20 05:45:00",LRSF1,-0.03
D,DISPATCH,UNIT_SCADA,1,"2019/08/20 05:45:00",MBAHNTH,55.6875
D,DISPATCH,UNIT_SCADA,1,"2019/08/20 05:45:00",MLSP1,0.304001
D,DISPATCH,UNIT_SCADA,1,"2019/08/20 05:45:00",MLWF1,19.35
D,DISPATCH,UNIT_SCADA,1,"2019/08/20 05:45:00",MTMILLAR,24.139614
D,DISPATCH,UNIT_SCADA,1,"2019/08/20 05:45:00",PALOONA,23.83
D,DISPATCH,UNIT_SCADA,1,"2019/08/20 05:45:00",PIONEER,9.80
D,DISPATCH,UNIT_SCADA,1,"2019/08/20 05:45:00",PORTWF,138.399994
D,DISPATCH,UNIT_SCADA,1,"2019/08/20 05:45:00",REPULSE,28.980545
D,DISPATCH,UNIT_SCADA,1,"2019/08/20 05:45:00",ROWALLAN,10.0465
D,DISPATCH,UNIT_SCADA,1,"2019/08/20 05:45:00",ROYALLA1,0
D,DISPATCH,UNIT_SCADA,1,"2019/08/20 05:45:00",RPCG,14.10
D,DISPATCH,UNIT_SCADA,1,"2019/08/20 05:45:00",RUBICON,0
D,DISPATCH,UNIT_SCADA,1,"2019/08/20 05:45:00",SATGN1,0
D,DISPATCH,UNIT_SCADA,1,"2019/08/20 05:45:00",SATGS1,0
D,DISPATCH,UNIT_SCADA,1,"2019/08/20 05:45:00",STARHLWF,12.396385
D,DISPATCH,UNIT_SCADA,1,"2019/08/20 05:45:00",WAUBRAWF,92.912003
D,DISPATCH,UNIT_SCADA,1,"2019/08/20 05:45:00",WOOLNTH1,130.230011
D,DISPATCH,UNIT_SCADA,1,"2019/08/20 05:45:00",WPWF,47
D,DISPATCH,UNIT_SCADA,1,"2019/08/20 05:45:00",YAMBUKWF,11.30
D,DISPATCH,UNIT_SCADA,1,"2019/08/20 05:45:00",YSWF1,28.10
D,DISPATCH,UNIT_SCADA,1,"2019/08/20 05:45:00",AGLHAL,0
D,DISPATCH,UNIT_SCADA,1,"2019/08/20 05:45:00",AGLSOM,0
D,DISPATCH,UNIT_SCADA,1,"2019/08/20 05:45:00",ANGAST1,0
D,DISPATCH,UNIT_SCADA,1,"2019/08/20 05:45:00",ARWF1,48.90
D,DISPATCH,UNIT_SCADA,1,"2019/08/20 05:45:00",BALBG1,0
D,DISPATCH,UNIT_SCADA,1,"2019/08/20 05:45:00",BALBL1,0
D,DISPATCH,UNIT_SCADA,1,"2019/08/20 05:45:00",BALDHWF1,100.93
D,DISPATCH,UNIT_SCADA,1,"2019/08/20 05:45:00",BANN1,0
D,DISPATCH,UNIT_SCADA,1,"2019/08/20 05:45:00",BARCALDN,0
D,DISPATCH,UNIT_SCADA,1,"2019/08/20 05:45:00",BARRON-1,0
D,DISPATCH,UNIT_SCADA,1,"2019/08/20 05:45:00",BARRON-2,24.12
D,DISPATCH,UNIT_SCADA,1,"2019/08/20 05:45:00",BASTYAN,80.210010
D,DISPATCH,UNIT_SCADA,1,"2019/08/20 05:45:00",BBTHREE1,-1.89
D,DISPATCH,UNIT_SCADA,1,"2019/08/20 05:45:00",BBTHREE2,0
D,DISPATCH,UNIT_SCADA,1,"2019/08/20 05:45:00",BBTHREE3,0
D,DISPATCH,UNIT_SCADA,1,"2019/08/20 05:45:00",BDL01,0
D,DISPATCH,UNIT_SCADA,1,"2019/08/20 05:45:00",BDL02,0
D,DISPATCH,UNIT_SCADA,1,"2019/08/20 05:45:00",BERYLSF1,0
D,DISPATCH,UNIT_SCADA,1,"2019/08/20 05:45:00",BLOWERNG,0
D,DISPATCH,UNIT_SCADA,1,"2019/08/20 05:45:00",BLUFF1,29.80
D,DISPATCH,UNIT_SCADA,1,"2019/08/20 05:45:00",BNGSF1,0
D,DISPATCH,UNIT_SCADA,1,"2019/08/20 05:45:00",BNGSF2,0
D,DISPATCH,UNIT_SCADA,1,"2019/08/20 05:45:00",BOCORWF1,55.12
D,DISPATCH,UNIT_SCADA,1,"2019/08/20 05:45:00",BODWF1,60.567110
D,DISPATCH,UNIT_SCADA,1,"2019/08/20 05:45:00",BRAEMAR1,0
D,DISPATCH,UNIT_SCADA,1,"2019/08/20 05:45:00",BRAEMAR2,0
D,DISPATCH,UNIT_SCADA,1,"2019/08/20 05:45:00",BRAEMAR3,0
D,DISPATCH,UNIT_SCADA,1,"2019/08/20 05:45:00",BRAEMAR5,0
D,DISPATCH,UNIT_SCADA,1,"2019/08/20 05:45:00",BRAEMAR6,0
D,DISPATCH,UNIT_SCADA,1,"2019/08/20 05:45:00",BRAEMAR7,0
D,DISPATCH,UNIT_SCADA,1,"2019/08/20 05:45:00",BROKENH1,0
D,DISPATCH,UNIT_SCADA,1,"2019/08/20 05:45:00",BW01,483.099980
D,DISPATCH,UNIT_SCADA,1,"2019/08/20 05:45:00",BW02,584.325070
D,DISPATCH,UNIT_SCADA,1,"2019/08/20 05:45:00",BW03,583.199950
D,DISPATCH,UNIT_SCADA,1,"2019/08/20 05:45:00",BW04,0
D,DISPATCH,UNIT_SCADA,1,"2019/08/20 05:45:00",CALL_B_1,339.899990
D,DISPATCH,UNIT_SCADA,1,"2019/08/20 05:45:00",CALL_B_2,290.100010
D,DISPATCH,UNIT_SCADA,1,"2019/08/20 05:45:00",CETHANA,92.556250
D,DISPATCH,UNIT_SCADA,1,"2019/08/20 05:45:00",CG1,0
D,DISPATCH,UNIT_SCADA,1,"2019/08/20 05:45:00",CG2,0
D,DISPATCH,UNIT_SCADA,1,"2019/08/20 05:45:00",CG3,0
D,DISPATCH,UNIT_SCADA,1,"2019/08/20 05:45:00",CG4,0
D,DISPATCH,UNIT_SCADA,1,"2019/08/20 05:45:00",CHILDSF1,0
D,DISPATCH,UNIT_SCADA,1,"2019/08/20 05:45:00",CLARESF1,0
D,DISPATCH,UNIT_SCADA,1,"2019/08/20 05:45:00",CLEMGPWF,2.521230
D,DISPATCH,UNIT_SCADA,1,"2019/08/20 05:45:00",CLERMSF1,0
D,DISPATCH,UNIT_SCADA,1,"2019/08/20 05:45:00",COLEASF1,0
D,DISPATCH,UNIT_SCADA,1,"2019/08/20 05:45:00",COOPGWF1,25.705440
D,DISPATCH,UNIT_SCADA,1,"2019/08/20 05:45:00",CPP_3,406.175020
D,DISPATCH,UNIT_SCADA,1,"2019/08/20 05:45:00",CPP_4,404.524990
D,DISPATCH,UNIT_SCADA,1,"2019/08/20 05:45:00",CPSA,143.605640
D,DISPATCH,UNIT_SCADA,1,"2019/08/20 05:45:00",CROOKWF2,72.473740
D,DISPATCH,UNIT_SCADA,1,"2019/08/20 05:45:00",CROWLWF1,22.945790
D,DISPATCH,UNIT_SCADA,1,"2019/08/20 05:45:00",CSPVPS1,0
D,DISPATCH,UNIT_SCADA,1,"2019/08/20 05:45:00",DALNTH01,0
D,DISPATCH,UNIT_SCADA,1,"2019/08/20 05:45:00",DALNTHL1,0.050350
D,DISPATCH,UNIT_SCADA,1,"2019/08/20 05:45:00",DARTM1,0
D,DISPATCH,UNIT_SCADA,1,"2019/08/20 05:45:00",DAYDSF1,0
D,DISPATCH,UNIT_SCADA,1,"2019/08/20 05:45:00",DDPS1,0
D,DISPATCH,UNIT_SCADA,1,"2019/08/20 05:45:00",DDSF1,0
D,DISPATCH,UNIT_SCADA,1,"2019/08/20 05:45:00",DEVILS_G,60.272830
D,DISPATCH,UNIT_SCADA,1,"2019/08/20 05:45:00",DG_NSW1,0
D,DISPATCH,UNIT_SCADA,1,"2019/08/20 05:45:00",DG_QLD1,0
D,DISPATCH,UNIT_SCADA,1,"2019/08/20 05:45:00",DG_SA1,0
D,DISPATCH,UNIT_SCADA,1,"2019/08/20 05:45:00",DG_TAS1,0
D,DISPATCH,UNIT_SCADA,1,"2019/08/20 05:45:00",DG_VIC1,0
D,DISPATCH,UNIT_SCADA,1,"2019/08/20 05:45:00",DRYCGT1,0
D,DISPATCH,UNIT_SCADA,1,"2019/08/20 05:45:00",DRYCGT2,0
D,DISPATCH,UNIT_SCADA,1,"2019/08/20 05:45:00",DRYCGT3,0
D,DISPATCH,UNIT_SCADA,1,"2019/08/20 05:45:00",EILDON1,0
D,DISPATCH,UNIT_SCADA,1,"2019/08/20 05:45:00",EILDON2,0
D,DISPATCH,UNIT_SCADA,1,"2019/08/20 05:45:00",EMERASF1,0
D,DISPATCH,UNIT_SCADA,1,"2019/08/20 05:45:00",ER01,591.800050
D,DISPATCH,UNIT_SCADA,1,"2019/08/20 05:45:00",ER02,593.425050
D,DISPATCH,UNIT_SCADA,1,"2019/08/20 05:45:00",ER03,591.900020
D,DISPATCH,UNIT_SCADA,1,"2019/08/20 05:45:00",ER04,592.9751
D,DISPATCH,UNIT_SCADA,1,"2019/08/20 05:45:00",FINLYSF1,0
D,DISPATCH,UNIT_SCADA,1,"2019/08/20 05:45:00",FISHER,45.83
D,DISPATCH,UNIT_SCADA,1,"2019/08/20 05:45:00",GANNBG1,0
D,DISPATCH,UNIT_SCADA,1,"2019/08/20 05:45:00",GANNBL1,10
D,DISPATCH,UNIT_SCADA,1,"2019/08/20 05:45:00",GANNSF1,0
D,DISPATCH,UNIT_SCADA,1,"2019/08/20 05:45:00",GORDON,0
D,DISPATCH,UNIT_SCADA,1,"2019/08/20 05:45:00",GSTONE1,169.05
D,DISPATCH,UNIT_SCADA,1,"2019/08/20 05:45:00",GSTONE2,178.3250
D,DISPATCH,UNIT_SCADA,1,"2019/08/20 05:45:00",GSTONE3,169.399990
D,DISPATCH,UNIT_SCADA,1,"2019/08/20 05:45:00",GSTONE4,177.974990
D,DISPATCH,UNIT_SCADA,1,"2019/08/20 05:45:00",GSTONE5,155.75
D,DISPATCH,UNIT_SCADA,1,"2019/08/20 05:45:00",GSTONE6,0
D,DISPATCH,UNIT_SCADA,1,"2019/08/20 05:45:00",GULLRSF1,0
D,DISPATCH,UNIT_SCADA,1,"2019/08/20 05:45:00",GULLRWF1,148.598360
D,DISPATCH,UNIT_SCADA,1,"2019/08/20 05:45:00",GUNNING1,41.466240
D,DISPATCH,UNIT_SCADA,1,"2019/08/20 05:45:00",GUTHEGA,31.60
D,DISPATCH,UNIT_SCADA,1,"2019/08/20 05:45:00",HALLWF1,75.62
D,DISPATCH,UNIT_SCADA,1,"2019/08/20 05:45:00",HALLWF2,50.07
D,DISPATCH,UNIT_SCADA,1,"2019/08/20 05:45:00",HAMISF1,0
D,DISPATCH,UNIT_SCADA,1,"2019/08/20 05:45:00",HAUGHT11,0
D,DISPATCH,UNIT_SCADA,1,"2019/08/20 05:45:00",HAYMSF1,0
D,DISPATCH,UNIT_SCADA,1,"2019/08/20 05:45:00",HDWF1,47.60
D,DISPATCH,UNIT_SCADA,1,"2019/08/20 05:45:00",HDWF2,31.70
D,DISPATCH,UNIT_SCADA,1,"2019/08/20 05:45:00",HDWF3,47.30
D,DISPATCH,UNIT_SCADA,1,"2019/08/20 05:45:00",HPRG1,0
D,DISPATCH,UNIT_SCADA,1,"2019/08/20 05:45:00",HPRL1,20.30
D,DISPATCH,UNIT_SCADA,1,"2019/08/20 05:45:00",HUMENSW,0
D,DISPATCH,UNIT_SCADA,1,"2019/08/20 05:45:00",HUMEV,8
D,DISPATCH,UNIT_SCADA,1,"2019/08/20 05:45:00",HVGTS,0
D,DISPATCH,UNIT_SCADA,1,"2019/08/20 05:45:00",JBUTTERS,130.879990
D,DISPATCH,UNIT_SCADA,1,"2019/08/20 05:45:00",JLA01,0.50
D,DISPATCH,UNIT_SCADA,1,"2019/08/20 05:45:00",JLA02,0
D,DISPATCH,UNIT_SCADA,1,"2019/08/20 05:45:00",JLA03,0.10
D,DISPATCH,UNIT_SCADA,1,"2019/08/20 05:45:00",JLA04,0.10
D,DISPATCH,UNIT_SCADA,1,"2019/08/20 05:45:00",JLB01,0
D,DISPATCH,UNIT_SCADA,1,"2019/08/20 05:45:00",JLB02,0.10
D,DISPATCH,UNIT_SCADA,1,"2019/08/20 05:45:00",JLB03,0
D,DISPATCH,UNIT_SCADA,1,"2019/08/20 05:45:00",KAREEYA1,21.5125
D,DISPATCH,UNIT_SCADA,1,"2019/08/20 05:45:00",KAREEYA2,21.5625
D,DISPATCH,UNIT_SCADA,1,"2019/08/20 05:45:00",KAREEYA3,0
D,DISPATCH,UNIT_SCADA,1,"2019/08/20 05:45:00",KAREEYA4,21.71
D,DISPATCH,UNIT_SCADA,1,"2019/08/20 05:45:00",KARSF1,0
D,DISPATCH,UNIT_SCADA,1,"2019/08/20 05:45:00",KIATAWF1,30.90
D,DISPATCH,UNIT_SCADA,1,"2019/08/20 05:45:00",KPP_1,0
D,DISPATCH,UNIT_SCADA,1,"2019/08/20 05:45:00",KSP1,0
D,DISPATCH,UNIT_SCADA,1,"2019/08/20 05:45:00",LADBROK1,0
D,DISPATCH,UNIT_SCADA,1,"2019/08/20 05:45:00",LADBROK2,0
D,DISPATCH,UNIT_SCADA,1,"2019/08/20 05:45:00",LD01,383.0625
D,DISPATCH,UNIT_SCADA,1,"2019/08/20 05:45:00",LD02,382.762570
D,DISPATCH,UNIT_SCADA,1,"2019/08/20 05:45:00",LD03,370.162540
D,DISPATCH,UNIT_SCADA,1,"2019/08/20 05:45:00",LD04,375.487520
D,DISPATCH,UNIT_SCADA,1,"2019/08/20 05:45:00",LEM_WIL,85.313450
D,DISPATCH,UNIT_SCADA,1,"2019/08/20 05:45:00",LGAPWF1,17.77
D,DISPATCH,UNIT_SCADA,1,"2019/08/20 05:45:00",LILYSF1,0
D,DISPATCH,UNIT_SCADA,1,"2019/08/20 05:45:00",LI_WY_CA,147.874850
D,DISPATCH,UNIT_SCADA,1,"2019/08/20 05:45:00",LKBONNY2,144.914750
D,DISPATCH,UNIT_SCADA,1,"2019/08/20 05:45:00",LKBONNY3,35.056220
D,DISPATCH,UNIT_SCADA,1,"2019/08/20 05:45:00",LK_ECHO,0
D,DISPATCH,UNIT_SCADA,1,"2019/08/20 05:45:00",LNGS1,0
D,DISPATCH,UNIT_SCADA,1,"2019/08/20 05:45:00",LNGS2,0
D,DISPATCH,UNIT_SCADA,1,"2019/08/20 05:45:00",LONSDALE,0
D,DISPATCH,UNIT_SCADA,1,"2019/08/20 05:45:00",LOYYB1,536.840520
D,DISPATCH,UNIT_SCADA,1,"2019/08/20 05:45:00",LOYYB2,584.962040
D,DISPATCH,UNIT_SCADA,1,"2019/08/20 05:45:00",LYA1,559
D,DISPATCH,UNIT_SCADA,1,"2019/08/20 05:45:00",LYA2,0
D,DISPATCH,UNIT_SCADA,1,"2019/08/20 05:45:00",LYA3,559
D,DISPATCH,UNIT_SCADA,1,"2019/08/20 05:45:00",LYA4,539
D,DISPATCH,UNIT_SCADA,1,"2019/08/20 05:45:00",MACARTH1,333.492310
D,DISPATCH,UNIT_SCADA,1,"2019/08/20 05:45:00",MACKAYGT,0
D,DISPATCH,UNIT_SCADA,1,"2019/08/20 05:45:00",MACKNTSH,84.860010
D,DISPATCH,UNIT_SCADA,1,"2019/08/20 05:45:00",MANSLR1,0
D,DISPATCH,UNIT_SCADA,1,"2019/08/20 05:45:00",MCKAY1,0.02
D,DISPATCH,UNIT_SCADA,1,"2019/08/20 05:45:00",MEADOWBK,33.924460
D,DISPATCH,UNIT_SCADA,1,"2019/08/20 05:45:00",MERCER01,123.2070
D,DISPATCH,UNIT_SCADA,1,"2019/08/20 05:45:00",MEWF1,34.990080
D,DISPATCH,UNIT_SCADA,1,"2019/08/20 05:45:00",MINTARO,0
D,DISPATCH,UNIT_SCADA,1,"2019/08/20 05:45:00",MOREESF1,0
D,DISPATCH,UNIT_SCADA,1,"2019/08/20 05:45:00",MORTLK11,125
D,DISPATCH,UNIT_SCADA,1,"2019/08/20 05:45:00",MORTLK12,0
D,DISPATCH,UNIT_SCADA,1,"2019/08/20 05:45:00",MP1,283.275020
D,DISPATCH,UNIT_SCADA,1,"2019/08/20 05:45:00",MP2,0
D,DISPATCH,UNIT_SCADA,1,"2019/08/20 05:45:00",MPP_1,428.75
D,DISPATCH,UNIT_SCADA,1,"2019/08/20 05:45:00",MPP_2,435.75
D,DISPATCH,UNIT_SCADA,1,"2019/08/20 05:45:00",MSTUART1,0
D,DISPATCH,UNIT_SCADA,1,"2019/08/20 05:45:00",MSTUART2,0
D,DISPATCH,UNIT_SCADA,1,"2019/08/20 05:45:00",MSTUART3,0
D,DISPATCH,UNIT_SCADA,1,"2019/08/20 05:45:00",MTGELWF1,64.470350
D,DISPATCH,UNIT_SCADA,1,"2019/08/20 05:45:00",MURRAY,0
D,DISPATCH,UNIT_SCADA,1,"2019/08/20 05:45:00",MUSSELR1,163.399990
D,DISPATCH,UNIT_SCADA,1,"2019/08/20 05:45:00",MUWAWF1,33.10
D,DISPATCH,UNIT_SCADA,1,"2019/08/20 05:45:00",NBHWF1,81.60
D,DISPATCH,UNIT_SCADA,1,"2019/08/20 05:45:00",NPS,0
D,DISPATCH,UNIT_SCADA,1,"2019/08/20 05:45:00",NUMURSF1,0
D,DISPATCH,UNIT_SCADA,1,"2019/08/20 05:45:00",NYNGAN1,0
D,DISPATCH,UNIT_SCADA,1,"2019/08/20 05:45:00",OAKEY1,0
D,DISPATCH,UNIT_SCADA,1,"2019/08/20 05:45:00",OAKEY1SF,0
D,DISPATCH,UNIT_SCADA,1,"2019/08/20 05:45:00",OAKEY2,0
D,DISPATCH,UNIT_SCADA,1,"2019/08/20 05:45:00",OAKLAND1,62.40
D,DISPATCH,UNIT_SCADA,1,"2019/08/20 05:45:00",OSB-AG,142.53
D,DISPATCH,UNIT_SCADA,1,"2019/08/20 05:45:00",PARSF1,0
D,DISPATCH,UNIT_SCADA,1,"2019/08/20 05:45:00",POAT110,0
D,DISPATCH,UNIT_SCADA,1,"2019/08/20 05:45:00",POAT220,2.09
D,DISPATCH,UNIT_SCADA,1,"2019/08/20 05:45:00",POR01,0
D,DISPATCH,UNIT_SCADA,1,"2019/08/20 05:45:00",POR03,0
D,DISPATCH,UNIT_SCADA,1,"2019/08/20 05:45:00",PPCCGT,0
D,DISPATCH,UNIT_SCADA,1,"2019/08/20 05:45:00",PTSTAN1,0
D,DISPATCH,UNIT_SCADA,1,"2019/08/20 05:45:00",PUMP1,0
D,DISPATCH,UNIT_SCADA,1,"2019/08/20 05:45:00",PUMP2,0
D,DISPATCH,UNIT_SCADA,1,"2019/08/20 05:45:00",QPS1,0
D,DISPATCH,UNIT_SCADA,1,"2019/08/20 05:45:00",QPS2,0
D,DISPATCH,UNIT_SCADA,1,"2019/08/20 05:45:00",QPS3,0
D,DISPATCH,UNIT_SCADA,1,"2019/08/20 05:45:00",QPS4,0
D,DISPATCH,UNIT_SCADA,1,"2019/08/20 05:45:00",QPS5,0
D,DISPATCH,UNIT_SCADA,1,"2019/08/20 05:45:00",REECE1,115.120010
D,DISPATCH,UNIT_SCADA,1,"2019/08/20 05:45:00",REECE2,115.230010
D,DISPATCH,UNIT_SCADA,1,"2019/08/20 05:45:00",ROMA_7,0
D,DISPATCH,UNIT_SCADA,1,"2019/08/20 05:45:00",ROMA_8,0
D,DISPATCH,UNIT_SCADA,1,"2019/08/20 05:45:00",RRSF1,0
D,DISPATCH,UNIT_SCADA,1,"2019/08/20 05:45:00",RT_NSW1,0
D,DISPATCH,UNIT_SCADA,1,"2019/08/20 05:45:00",RT_NSW2,0
D,DISPATCH,UNIT_SCADA,1,"2019/08/20 05:45:00",RT_NSW3,0
D,DISPATCH,UNIT_SCADA,1,"2019/08/20 05:45:00",RT_NSW4,0
D,DISPATCH,UNIT_SCADA,1,"2019/08/20 05:45:00",RT_NSW5,0
D,DISPATCH,UNIT_SCADA,1,"2019/08/20 05:45:00",RT_NSW6,0
D,DISPATCH,UNIT_SCADA,1,"2019/08/20 05:45:00",RT_QLD1,0
D,DISPATCH,UNIT_SCADA,1,"2019/08/20 05:45:00",RT_SA1,0
D,DISPATCH,UNIT_SCADA,1,"2019/08/20 05:45:00",RT_SA2,0
D,DISPATCH,UNIT_SCADA,1,"2019/08/20 05:45:00",RT_SA3,0
D,DISPATCH,UNIT_SCADA,1,"2019/08/20 05:45:00",RT_SA4,0
D,DISPATCH,UNIT_SCADA,1,"2019/08/20 05:45:00",RT_SA5,0
D,DISPATCH,UNIT_SCADA,1,"2019/08/20 05:45:00",RT_SA6,0
D,DISPATCH,UNIT_SCADA,1,"2019/08/20 05:45:00",RT_TAS1,0
D,DISPATCH,UNIT_SCADA,1,"2019/08/20 05:45:00",RT_VIC1,0
D,DISPATCH,UNIT_SCADA,1,"2019/08/20 05:45:00",RT_VIC10,0
D,DISPATCH,UNIT_SCADA,1,"2019/08/20 05:45:00",RT_VIC11,0
D,DISPATCH,UNIT_SCADA,1,"2019/08/20 05:45:00",RT_VIC12,0
D,DISPATCH,UNIT_SCADA,1,"2019/08/20 05:45:00",RT_VIC2,0
D,DISPATCH,UNIT_SCADA,1,"2019/08/20 05:45:00",RT_VIC3,0
D,DISPATCH,UNIT_SCADA,1,"2019/08/20 05:45:00",RT_VIC4,0
D,DISPATCH,UNIT_SCADA,1,"2019/08/20 05:45:00",RT_VIC5,0
D,DISPATCH,UNIT_SCADA,1,"2019/08/20 05:45:00",RT_VIC6,0
D,DISPATCH,UNIT_SCADA,1,"2019/08/20 05:45:00",RT_VIC7,0
D,DISPATCH,UNIT_SCADA,1,"2019/08/20 05:45:00",RT_VIC8,0
D,DISPATCH,UNIT_SCADA,1,"2019/08/20 05:45:00",RT_VIC9,0
D,DISPATCH,UNIT_SCADA,1,"2019/08/20 05:45:00",RUGBYR1,0
D,DISPATCH,UNIT_SCADA,1,"2019/08/20 05:45:00",SALTCRK1,49.05
D,DISPATCH,UNIT_SCADA,1,"2019/08/20 05:45:00",SAPHWF1,111.9375
D,DISPATCH,UNIT_SCADA,1,"2019/08/20 05:45:00",SHGEN,0
D,DISPATCH,UNIT_SCADA,1,"2019/08/20 05:45:00",SHPUMP,0
D,DISPATCH,UNIT_SCADA,1,"2019/08/20 05:45:00",SITHE01,0.043330
D,DISPATCH,UNIT_SCADA,1,"2019/08/20 05:45:00",SMCSF1,0
D,DISPATCH,UNIT_SCADA,1,"2019/08/20 05:45:00",SNOWNTH1,19.10
D,DISPATCH,UNIT_SCADA,1,"2019/08/20 05:45:00",SNOWSTH1,53.90
D,DISPATCH,UNIT_SCADA,1,"2019/08/20 05:45:00",SNOWTWN1,23.356260
D,DISPATCH,UNIT_SCADA,1,"2019/08/20 05:45:00",SNOWYP,188.900010
D,DISPATCH,UNIT_SCADA,1,"2019/08/20 05:45:00",SNUG1,0.019440
D,DISPATCH,UNIT_SCADA,1,"2019/08/20 05:45:00",SRSF1,0
D,DISPATCH,UNIT_SCADA,1,"2019/08/20 05:45:00",STAN-1,0
D,DISPATCH,UNIT_SCADA,1,"2019/08/20 05:45:00",STAN-2,217.5437
D,DISPATCH,UNIT_SCADA,1,"2019/08/20 05:45:00",STAN-3,215.569760
D,DISPATCH,UNIT_SCADA,1,"2019/08/20 05:45:00",STAN-4,223.862880
D,DISPATCH,UNIT_SCADA,1,"2019/08/20 05:45:00",STWF1,133.143740
D,DISPATCH,UNIT_SCADA,1,"2019/08/20 05:45:00",SWAN_E,0
D,DISPATCH,UNIT_SCADA,1,"2019/08/20 05:45:00",TALWA1,300
D,DISPATCH,UNIT_SCADA,1,"2019/08/20 05:45:00",TARALGA1,85.237490
D,DISPATCH,UNIT_SCADA,1,"2019/08/20 05:45:00",TARONG#1,226.600010
D,DISPATCH,UNIT_SCADA,1,"2019/08/20 05:45:00",TARONG#2,224.900010
D,DISPATCH,UNIT_SCADA,1,"2019/08/20 05:45:00",TARONG#3,179.80
D,DISPATCH,UNIT_SCADA,1,"2019/08/20 05:45:00",TARONG#4,224.80
D,DISPATCH,UNIT_SCADA,1,"2019/08/20 05:45:00",TARRALEA,79
D,DISPATCH,UNIT_SCADA,1,"2019/08/20 05:45:00",TBSF1,-0.20
D,DISPATCH,UNIT_SCADA,1,"2019/08/20 05:45:00",TNPS1,325.300020
D,DISPATCH,UNIT_SCADA,1,"2019/08/20 05:45:00",TORRA1,48.984070
D,DISPATCH,UNIT_SCADA,1,"2019/08/20 05:45:00",TORRA2,0
D,DISPATCH,UNIT_SCADA,1,"2019/08/20 05:45:00",TORRA3,38.846980
D,DISPATCH,UNIT_SCADA,1,"2019/08/20 05:45:00",TORRA4,0
D,DISPATCH,UNIT_SCADA,1,"2019/08/20 05:45:00",TORRB1,60.01
D,DISPATCH,UNIT_SCADA,1,"2019/08/20 05:45:00",TORRB2,61.88
D,DISPATCH,UNIT_SCADA,1,"2019/08/20 05:45:00",TORRB3,0
D,DISPATCH,UNIT_SCADA,1,"2019/08/20 05:45:00",TORRB4,0
D,DISPATCH,UNIT_SCADA,1,"2019/08/20 05:45:00",TREVALLN,2
D,DISPATCH,UNIT_SCADA,1,"2019/08/20 05:45:00",TRIBUTE,84.65
D,DISPATCH,UNIT_SCADA,1,"2019/08/20 05:45:00",TUMUT3,0
D,DISPATCH,UNIT_SCADA,1,"2019/08/20 05:45:00",TUNGATIN,122.330030
D,DISPATCH,UNIT_SCADA,1,"2019/08/20 05:45:00",TVCC201,0
D,DISPATCH,UNIT_SCADA,1,"2019/08/20 05:45:00",TVPP104,0
D,DISPATCH,UNIT_SCADA,1,"2019/08/20 05:45:00",UPPTUMUT,0
D,DISPATCH,UNIT_SCADA,1,"2019/08/20 05:45:00",URANQ11,0
D,DISPATCH,UNIT_SCADA,1,"2019/08/20 05:45:00",URANQ12,0
D,DISPATCH,UNIT_SCADA,1,"2019/08/20 05:45:00",URANQ13,0
D,DISPATCH,UNIT_SCADA,1,"2019/08/20 05:45:00",URANQ14,0
D,DISPATCH,UNIT_SCADA,1,"2019/08/20 05:45:00",VP5,402.374970
D,DISPATCH,UNIT_SCADA,1,"2019/08/20 05:45:00",VP6,401.525020
D,DISPATCH,UNIT_SCADA,1,"2019/08/20 05:45:00",VPGS1,0
D,DISPATCH,UNIT_SCADA,1,"2019/08/20 05:45:00",VPGS2,0
D,DISPATCH,UNIT_SCADA,1,"2019/08/20 05:45:00",VPGS3,0
D,DISPATCH,UNIT_SCADA,1,"2019/08/20 05:45:00",VPGS4,0
D,DISPATCH,UNIT_SCADA,1,"2019/08/20 05:45:00",VPGS5,0
D,DISPATCH,UNIT_SCADA,1,"2019/08/20 05:45:00",VPGS6,0
D,DISPATCH,UNIT_SCADA,1,"2019/08/20 05:45:00",W/HOE#1,0
D,DISPATCH,UNIT_SCADA,1,"2019/08/20 05:45:00",W/HOE#2,0
D,DISPATCH,UNIT_SCADA,1,"2019/08/20 05:45:00",WATERLWF,100.10
D,DISPATCH,UNIT_SCADA,1,"2019/08/20 05:45:00",WEMENSF1,0
D,DISPATCH,UNIT_SCADA,1,"2019/08/20 05:45:00",WGWF1,67.90
D,DISPATCH,UNIT_SCADA,1,"2019/08/20 05:45:00",WHITSF1,0
D,DISPATCH,UNIT_SCADA,1,"2019/08/20 05:45:00",WKIEWA1,10.90
D,DISPATCH,UNIT_SCADA,1,"2019/08/20 05:45:00",WKIEWA2,11.10
D,DISPATCH,UNIT_SCADA,1,"2019/08/20 05:45:00",WOODLWN1,45.1530
D,DISPATCH,UNIT_SCADA,1,"2019/08/20 05:45:00",WRSF1,0
D,DISPATCH,UNIT_SCADA,1,"2019/08/20 05:45:00",WRWF1,82.7675
D,DISPATCH,UNIT_SCADA,1,"2019/08/20 05:45:00",YABULU,0
D,DISPATCH,UNIT_SCADA,1,"2019/08/20 05:45:00",YABULU2,0
D,DISPATCH,UNIT_SCADA,1,"2019/08/20 05:45:00",YARWUN_1,0
D,DISPATCH,UNIT_SCADA,1,"2019/08/20 05:45:00",YENDWF1,42.06
D,DISPATCH,UNIT_SCADA,1,"2019/08/20 05:45:00",YWPS1,381.7038
D,DISPATCH,UNIT_SCADA,1,"2019/08/20 05:45:00",YWPS2,281.9519
D,DISPATCH,UNIT_SCADA,1,"2019/08/20 05:45:00",YWPS3,0
D,DISPATCH,UNIT_SCADA,1,"2019/08/20 05:45:00",YWPS4,398.343050
C,"END OF REPORT",334
