C,NEMP.WORLD,DISPATCHSCADA,AEMO,PUBLIC,2019/09/04,18:05:07,0000000312392015,DISPATCHSCADA,0000000312392009
I,DISPATCH,UNIT_SCADA,1,SETTLEMENTDATE,DUID,SCADAVALUE
D,DISPATCH,UNIT_SCADA,1,"2019/09/04 18:10:00",BARCSF1,0.80
D,DISPATCH,UNIT_SCADA,1,"2019/09/04 18:10:00",BUTLERSG,10.199999
D,DISPATCH,UNIT_SCADA,1,"2019/09/04 18:10:00",CALL_A_4,0
D,DISPATCH,UNIT_SCADA,1,"2019/09/04 18:10:00",CAPTL_WF,31.059998
D,DISPATCH,UNIT_SCADA,1,"2019/09/04 18:10:00",CATHROCK,0
D,DISPATCH,UNIT_SCADA,1,"2019/09/04 18:10:00",CHALLHWF,4.90
D,DISPATCH,UNIT_SCADA,1,"2019/09/04 18:10:00",CLOVER,-0.01
D,DISPATCH,UNIT_SCADA,1,"2019/09/04 18:10:00",CLUNY,12.187228
D,DISPATCH,UNIT_SCADA,1,"2019/09/04 18:10:00",CNUNDAWF,0.400467
D,DISPATCH,UNIT_SCADA,1,"2019/09/04 18:10:00",CULLRGWF,19.709999
D,DISPATCH,UNIT_SCADA,1,"2019/09/04 18:10:00",ERGT01,0
D,DISPATCH,UNIT_SCADA,1,"2019/09/04 18:10:00",GB01,0.012703
D,DISPATCH,UNIT_SCADA,1,"2019/09/04 18:10:00",GERMCRK,37.700001
D,DISPATCH,UNIT_SCADA,1,"2019/09/04 18:10:00",GRIFSF1,0
D,DISPATCH,UNIT_SCADA,1,"2019/09/04 18:10:00",HUGSF1,0.0160
D,DISPATCH,UNIT_SCADA,1,"2019/09/04 18:10:00",LKBONNY1,-0.449338
D,DISPATCH,UNIT_SCADA,1,"2019/09/04 18:10:00",LRSF1,0.0870
D,DISPATCH,UNIT_SCADA,1,"2019/09/04 18:10:00",MBAHNTH,26.8125
D,DISPATCH,UNIT_SCADA,1,"2019/09/04 18:10:00",MLSP1,0.366001
D,DISPATCH,UNIT_SCADA,1,"2019/09/04 18:10:00",MLWF1,0.06
D,DISPATCH,UNIT_SCADA,1,"2019/09/04 18:10:00",MTMILLAR,0.104178
D,DISPATCH,UNIT_SCADA,1,"2019/09/04 18:10:00",PALOONA,24
D,DISPATCH,UNIT_SCADA,1,"2019/09/04 18:10:00",PIONEER,41.100002
D,DISPATCH,UNIT_SCADA,1,"2019/09/04 18:10:00",PORTWF,0
D,DISPATCH,UNIT_SCADA,1,"2019/09/04 18:10:00",REPULSE,20.166933
D,DISPATCH,UNIT_SCADA,1,"2019/09/04 18:10:00",ROWALLAN,10.5222
D,DISPATCH,UNIT_SCADA,1,"2019/09/04 18:10:00",ROYALLA1,0
D,DISPATCH,UNIT_SCADA,1,"2019/09/04 18:10:00",RPCG,-1.80
D,DISPATCH,UNIT_SCADA,1,"2019/09/04 18:10:00",RUBICON,0
D,DISPATCH,UNIT_SCADA,1,"2019/09/04 18:10:00",SATGN1,9.67
D,DISPATCH,UNIT_SCADA,1,"2019/09/04 18:10:00",SATGS1,15.130001
D,DISPATCH,UNIT_SCADA,1,"2019/09/04 18:10:00",STARHLWF,-0.099971
D,DISPATCH,UNIT_SCADA,1,"2019/09/04 18:10:00",WAUBRAWF,14.1550
D,DISPATCH,UNIT_SCADA,1,"2019/09/04 18:10:00",WOOLNTH1,49.350018
D,DISPATCH,UNIT_SCADA,1,"2019/09/04 18:10:00",WPWF,0
D,DISPATCH,UNIT_SCADA,1,"2019/09/04 18:10:00",YAMBUKWF,0.20
D,DISPATCH,UNIT_SCADA,1,"2019/09/04 18:10:00",YSWF1,5.70
D,DISPATCH,UNIT_SCADA,1,"2019/09/04 18:10:00",AGLHAL,0
D,DISPATCH,UNIT_SCADA,1,"2019/09/04 18:10:00",AGLSOM,118.70
D,DISPATCH,UNIT_SCADA,1,"2019/09/04 18:10:00",ANGAST1,0
D,DISPATCH,UNIT_SCADA,1,"2019/09/04 18:10:00",ARWF1,20.60
D,DISPATCH,UNIT_SCADA,1,"2019/09/04 18:10:00",BALBG1,1.34
D,DISPATCH,UNIT_SCADA,1,"2019/09/04 18:10:00",BALBL1,0
D,DISPATCH,UNIT_SCADA,1,"2019/09/04 18:10:00",BALDHWF1,16.6430
D,DISPATCH,UNIT_SCADA,1,"2019/09/04 18:10:00",BANN1,0.28
D,DISPATCH,UNIT_SCADA,1,"2019/09/04 18:10:00",BARCALDN,0
D,DISPATCH,UNIT_SCADA,1,"2019/09/04 18:10:00",BARRON-1,33.20
D,DISPATCH,UNIT_SCADA,1,"2019/09/04 18:10:00",BARRON-2,0
D,DISPATCH,UNIT_SCADA,1,"2019/09/04 18:10:00",BASTYAN,80.51
D,DISPATCH,UNIT_SCADA,1,"2019/09/04 18:10:00",BBTHREE1,0
D,DISPATCH,UNIT_SCADA,1,"2019/09/04 18:10:00",BBTHREE2,0
D,DISPATCH,UNIT_SCADA,1,"2019/09/04 18:10:00",BBTHREE3,0
D,DISPATCH,UNIT_SCADA,1,"2019/09/04 18:10:00",BDL01,43.68
D,DISPATCH,UNIT_SCADA,1,"2019/09/04 18:10:00",BDL02,43.44
D,DISPATCH,UNIT_SCADA,1,"2019/09/04 18:10:00",BERYLSF1,0
D,DISPATCH,UNIT_SCADA,1,"2019/09/04 18:10:00",BLOWERNG,11.10
D,DISPATCH,UNIT_SCADA,1,"2019/09/04 18:10:00",BLUFF1,1.90
D,DISPATCH,UNIT_SCADA,1,"2019/09/04 18:10:00",BNGSF1,2.50
D,DISPATCH,UNIT_SCADA,1,"2019/09/04 18:10:00",BNGSF2,0.99
D,DISPATCH,UNIT_SCADA,1,"2019/09/04 18:10:00",BOCORWF1,43.33
D,DISPATCH,UNIT_SCADA,1,"2019/09/04 18:10:00",BODWF1,69.183740
D,DISPATCH,UNIT_SCADA,1,"2019/09/04 18:10:00",BRAEMAR1,157.80
D,DISPATCH,UNIT_SCADA,1,"2019/09/04 18:10:00",BRAEMAR2,0
D,DISPATCH,UNIT_SCADA,1,"2019/09/04 18:10:00",BRAEMAR3,172.200010
D,DISPATCH,UNIT_SCADA,1,"2019/09/04 18:10:00",BRAEMAR5,159.796550
D,DISPATCH,UNIT_SCADA,1,"2019/09/04 18:10:00",BRAEMAR6,0
D,DISPATCH,UNIT_SCADA,1,"2019/09/04 18:10:00",BRAEMAR7,0
D,DISPATCH,UNIT_SCADA,1,"2019/09/04 18:10:00",BROKENH1,1.2290
D,DISPATCH,UNIT_SCADA,1,"2019/09/04 18:10:00",BW01,658.549930
D,DISPATCH,UNIT_SCADA,1,"2019/09/04 18:10:00",BW02,644.174930
D,DISPATCH,UNIT_SCADA,1,"2019/09/04 18:10:00",BW03,620.525020
D,DISPATCH,UNIT_SCADA,1,"2019/09/04 18:10:00",BW04,0
D,DISPATCH,UNIT_SCADA,1,"2019/09/04 18:10:00",CALL_B_1,175.50
D,DISPATCH,UNIT_SCADA,1,"2019/09/04 18:10:00",CALL_B_2,174.600010
D,DISPATCH,UNIT_SCADA,1,"2019/09/04 18:10:00",CETHANA,80.4615
D,DISPATCH,UNIT_SCADA,1,"2019/09/04 18:10:00",CG1,0
D,DISPATCH,UNIT_SCADA,1,"2019/09/04 18:10:00",CG2,0
D,DISPATCH,UNIT_SCADA,1,"2019/09/04 18:10:00",CG3,0
D,DISPATCH,UNIT_SCADA,1,"2019/09/04 18:10:00",CG4,0
D,DISPATCH,UNIT_SCADA,1,"2019/09/04 18:10:00",CHILDSF1,0
D,DISPATCH,UNIT_SCADA,1,"2019/09/04 18:10:00",CLARESF1,0
D,DISPATCH,UNIT_SCADA,1,"2019/09/04 18:10:00",CLEMGPWF,10.877290
D,DISPATCH,UNIT_SCADA,1,"2019/09/04 18:10:00",CLERMSF1,0.18
D,DISPATCH,UNIT_SCADA,1,"2019/09/04 18:10:00",COLEASF1,0
D,DISPATCH,UNIT_SCADA,1,"2019/09/04 18:10:00",COOPGWF1,26.526030
D,DISPATCH,UNIT_SCADA,1,"2019/09/04 18:10:00",CPP_3,405.6250
D,DISPATCH,UNIT_SCADA,1,"2019/09/04 18:10:00",CPP_4,284.899990
D,DISPATCH,UNIT_SCADA,1,"2019/09/04 18:10:00",CPSA,141.1925
D,DISPATCH,UNIT_SCADA,1,"2019/09/04 18:10:00",CROOKWF2,72.873750
D,DISPATCH,UNIT_SCADA,1,"2019/09/04 18:10:00",CROWLWF1,9.943550
D,DISPATCH,UNIT_SCADA,1,"2019/09/04 18:10:00",CSPVPS1,0.0540
D,DISPATCH,UNIT_SCADA,1,"2019/09/04 18:10:00",DALNTH01,5.9556
D,DISPATCH,UNIT_SCADA,1,"2019/09/04 18:10:00",DALNTHL1,0
D,DISPATCH,UNIT_SCADA,1,"2019/09/04 18:10:00",DARTM1,133.399990
D,DISPATCH,UNIT_SCADA,1,"2019/09/04 18:10:00",DAYDSF1,0
D,DISPATCH,UNIT_SCADA,1,"2019/09/04 18:10:00",DDPS1,405.8432
D,DISPATCH,UNIT_SCADA,1,"2019/09/04 18:10:00",DDSF1,0
D,DISPATCH,UNIT_SCADA,1,"2019/09/04 18:10:00",DEVILS_G,55.802480
D,DISPATCH,UNIT_SCADA,1,"2019/09/04 18:10:00",DG_NSW1,0
D,DISPATCH,UNIT_SCADA,1,"2019/09/04 18:10:00",DG_QLD1,0
D,DISPATCH,UNIT_SCADA,1,"2019/09/04 18:10:00",DG_SA1,0
D,DISPATCH,UNIT_SCADA,1,"2019/09/04 18:10:00",DG_TAS1,0
D,DISPATCH,UNIT_SCADA,1,"2019/09/04 18:10:00",DG_VIC1,0
D,DISPATCH,UNIT_SCADA,1,"2019/09/04 18:10:00",DRYCGT1,0
D,DISPATCH,UNIT_SCADA,1,"2019/09/04 18:10:00",DRYCGT2,0
D,DISPATCH,UNIT_SCADA,1,"2019/09/04 18:10:00",DRYCGT3,0
D,DISPATCH,UNIT_SCADA,1,"2019/09/04 18:10:00",EILDON1,0
D,DISPATCH,UNIT_SCADA,1,"2019/09/04 18:10:00",EILDON2,0
D,DISPATCH,UNIT_SCADA,1,"2019/09/04 18:10:00",EMERASF1,0
D,DISPATCH,UNIT_SCADA,1,"2019/09/04 18:10:00",ER01,583.549930
D,DISPATCH,UNIT_SCADA,1,"2019/09/04 18:10:00",ER02,699.8999
D,DISPATCH,UNIT_SCADA,1,"2019/09/04 18:10:00",ER03,0
D,DISPATCH,UNIT_SCADA,1,"2019/09/04 18:10:00",ER04,699.699950
D,DISPATCH,UNIT_SCADA,1,"2019/09/04 18:10:00",FINLYSF1,0
D,DISPATCH,UNIT_SCADA,1,"2019/09/04 18:10:00",FISHER,45.56
D,DISPATCH,UNIT_SCADA,1,"2019/09/04 18:10:00",GANNBG1,5.233770
D,DISPATCH,UNIT_SCADA,1,"2019/09/04 18:10:00",GANNBL1,0
D,DISPATCH,UNIT_SCADA,1,"2019/09/04 18:10:00",GANNSF1,0
D,DISPATCH,UNIT_SCADA,1,"2019/09/04 18:10:00",GORDON,17.632160
D,DISPATCH,UNIT_SCADA,1,"2019/09/04 18:10:00",GSTONE1,248.149990
D,DISPATCH,UNIT_SCADA,1,"2019/09/04 18:10:00",GSTONE2,229.4250
D,DISPATCH,UNIT_SCADA,1,"2019/09/04 18:10:00",GSTONE3,0
D,DISPATCH,UNIT_SCADA,1,"2019/09/04 18:10:00",GSTONE4,264.424990
D,DISPATCH,UNIT_SCADA,1,"2019/09/04 18:10:00",GSTONE5,249.724990
D,DISPATCH,UNIT_SCADA,1,"2019/09/04 18:10:00",GSTONE6,244.649990
D,DISPATCH,UNIT_SCADA,1,"2019/09/04 18:10:00",GULLRSF1,0
D,DISPATCH,UNIT_SCADA,1,"2019/09/04 18:10:00",GULLRWF1,89.279820
D,DISPATCH,UNIT_SCADA,1,"2019/09/04 18:10:00",GUNNING1,15.141310
D,DISPATCH,UNIT_SCADA,1,"2019/09/04 18:10:00",GUTHEGA,30.90
D,DISPATCH,UNIT_SCADA,1,"2019/09/04 18:10:00",HALLWF1,8.76
D,DISPATCH,UNIT_SCADA,1,"2019/09/04 18:10:00",HALLWF2,13.46
D,DISPATCH,UNIT_SCADA,1,"2019/09/04 18:10:00",HAMISF1,0
D,DISPATCH,UNIT_SCADA,1,"2019/09/04 18:10:00",HAUGHT11,0
D,DISPATCH,UNIT_SCADA,1,"2019/09/04 18:10:00",HAYMSF1,0
D,DISPATCH,UNIT_SCADA,1,"2019/09/04 18:10:00",HDWF1,18
D,DISPATCH,UNIT_SCADA,1,"2019/09/04 18:10:00",HDWF2,18.80
D,DISPATCH,UNIT_SCADA,1,"2019/09/04 18:10:00",HDWF3,16.80
D,DISPATCH,UNIT_SCADA,1,"2019/09/04 18:10:00",HPRG1,24.20
D,DISPATCH,UNIT_SCADA,1,"2019/09/04 18:10:00",HPRL1,0
D,DISPATCH,UNIT_SCADA,1,"2019/09/04 18:10:00",HUMENSW,0
D,DISPATCH,UNIT_SCADA,1,"2019/09/04 18:10:00",HUMEV,25.40
D,DISPATCH,UNIT_SCADA,1,"2019/09/04 18:10:00",HVGTS,0
D,DISPATCH,UNIT_SCADA,1,"2019/09/04 18:10:00",JBUTTERS,110.46
D,DISPATCH,UNIT_SCADA,1,"2019/09/04 18:10:00",JLA01,51.80
D,DISPATCH,UNIT_SCADA,1,"2019/09/04 18:10:00",JLA02,53.80
D,DISPATCH,UNIT_SCADA,1,"2019/09/04 18:10:00",JLA03,0
D,DISPATCH,UNIT_SCADA,1,"2019/09/04 18:10:00",JLA04,0
D,DISPATCH,UNIT_SCADA,1,"2019/09/04 18:10:00",JLB01,0
D,DISPATCH,UNIT_SCADA,1,"2019/09/04 18:10:00",JLB02,83.40
D,DISPATCH,UNIT_SCADA,1,"2019/09/04 18:10:00",JLB03,83.30
D,DISPATCH,UNIT_SCADA,1,"2019/09/04 18:10:00",KAREEYA1,21.5275
D,DISPATCH,UNIT_SCADA,1,"2019/09/04 18:10:00",KAREEYA2,21.5950
D,DISPATCH,UNIT_SCADA,1,"2019/09/04 18:10:00",KAREEYA3,0
D,DISPATCH,UNIT_SCADA,1,"2019/09/04 18:10:00",KAREEYA4,21.7050
D,DISPATCH,UNIT_SCADA,1,"2019/09/04 18:10:00",KARSF1,0.60
D,DISPATCH,UNIT_SCADA,1,"2019/09/04 18:10:00",KIATAWF1,1.30
D,DISPATCH,UNIT_SCADA,1,"2019/09/04 18:10:00",KPP_1,0
D,DISPATCH,UNIT_SCADA,1,"2019/09/04 18:10:00",KSP1,1.20
D,DISPATCH,UNIT_SCADA,1,"2019/09/04 18:10:00",LADBROK1,41.25
D,DISPATCH,UNIT_SCADA,1,"2019/09/04 18:10:00",LADBROK2,41.60
D,DISPATCH,UNIT_SCADA,1,"2019/09/04 18:10:00",LD01,420.356230
D,DISPATCH,UNIT_SCADA,1,"2019/09/04 18:10:00",LD02,401.324980
D,DISPATCH,UNIT_SCADA,1,"2019/09/04 18:10:00",LD03,420.300020
D,DISPATCH,UNIT_SCADA,1,"2019/09/04 18:10:00",LD04,379.443790
D,DISPATCH,UNIT_SCADA,1,"2019/09/04 18:10:00",LEM_WIL,85.2563
D,DISPATCH,UNIT_SCADA,1,"2019/09/04 18:10:00",LGAPWF1,24.92
D,DISPATCH,UNIT_SCADA,1,"2019/09/04 18:10:00",LILYSF1,0
D,DISPATCH,UNIT_SCADA,1,"2019/09/04 18:10:00",LI_WY_CA,119.625270
D,DISPATCH,UNIT_SCADA,1,"2019/09/04 18:10:00",LKBONNY2,-1.0206
D,DISPATCH,UNIT_SCADA,1,"2019/09/04 18:10:00",LKBONNY3,-0.225030
D,DISPATCH,UNIT_SCADA,1,"2019/09/04 18:10:00",LK_ECHO,0
D,DISPATCH,UNIT_SCADA,1,"2019/09/04 18:10:00",LNGS1,0
D,DISPATCH,UNIT_SCADA,1,"2019/09/04 18:10:00",LNGS2,0
D,DISPATCH,UNIT_SCADA,1,"2019/09/04 18:10:00",LONSDALE,0
D,DISPATCH,UNIT_SCADA,1,"2019/09/04 18:10:00",LOYYB1,536.088620
D,DISPATCH,UNIT_SCADA,1,"2019/09/04 18:10:00",LOYYB2,582.330380
D,DISPATCH,UNIT_SCADA,1,"2019/09/04 18:10:00",LYA1,0
D,DISPATCH,UNIT_SCADA,1,"2019/09/04 18:10:00",LYA2,0
D,DISPATCH,UNIT_SCADA,1,"2019/09/04 18:10:00",LYA3,560
D,DISPATCH,UNIT_SCADA,1,"2019/09/04 18:10:00",LYA4,540
D,DISPATCH,UNIT_SCADA,1,"2019/09/04 18:10:00",MACARTH1,0
D,DISPATCH,UNIT_SCADA,1,"2019/09/04 18:10:00",MACKAYGT,0.2240
D,DISPATCH,UNIT_SCADA,1,"2019/09/04 18:10:00",MACKNTSH,88.970010
D,DISPATCH,UNIT_SCADA,1,"2019/09/04 18:10:00",MANSLR1,0
D,DISPATCH,UNIT_SCADA,1,"2019/09/04 18:10:00",MCKAY1,260.924990
D,DISPATCH,UNIT_SCADA,1,"2019/09/04 18:10:00",MEADOWBK,25.1504
D,DISPATCH,UNIT_SCADA,1,"2019/09/04 18:10:00",MERCER01,3.5080
D,DISPATCH,UNIT_SCADA,1,"2019/09/04 18:10:00",MEWF1,12.461570
D,DISPATCH,UNIT_SCADA,1,"2019/09/04 18:10:00",MINTARO,0
D,DISPATCH,UNIT_SCADA,1,"2019/09/04 18:10:00",MOREESF1,0
D,DISPATCH,UNIT_SCADA,1,"2019/09/04 18:10:00",MORTLK11,259
D,DISPATCH,UNIT_SCADA,1,"2019/09/04 18:10:00",MORTLK12,0
D,DISPATCH,UNIT_SCADA,1,"2019/09/04 18:10:00",MP1,277.674930
D,DISPATCH,UNIT_SCADA,1,"2019/09/04 18:10:00",MP2,0
D,DISPATCH,UNIT_SCADA,1,"2019/09/04 18:10:00",MPP_1,433.75
D,DISPATCH,UNIT_SCADA,1,"2019/09/04 18:10:00",MPP_2,414.50
D,DISPATCH,UNIT_SCADA,1,"2019/09/04 18:10:00",MSTUART1,0
D,DISPATCH,UNIT_SCADA,1,"2019/09/04 18:10:00",MSTUART2,0
D,DISPATCH,UNIT_SCADA,1,"2019/09/04 18:10:00",MSTUART3,0
D,DISPATCH,UNIT_SCADA,1,"2019/09/04 18:10:00",MTGELWF1,-0.271610
D,DISPATCH,UNIT_SCADA,1,"2019/09/04 18:10:00",MURRAY,585.9541
D,DISPATCH,UNIT_SCADA,1,"2019/09/04 18:10:00",MUSSELR1,165.799990
D,DISPATCH,UNIT_SCADA,1,"2019/09/04 18:10:00",MUWAWF1,4.32
D,DISPATCH,UNIT_SCADA,1,"2019/09/04 18:10:00",NBHWF1,11.90
D,DISPATCH,UNIT_SCADA,1,"2019/09/04 18:10:00",NPS,301.50
D,DISPATCH,UNIT_SCADA,1,"2019/09/04 18:10:00",NUMURSF1,0
D,DISPATCH,UNIT_SCADA,1,"2019/09/04 18:10:00",NYNGAN1,0
D,DISPATCH,UNIT_SCADA,1,"2019/09/04 18:10:00",OAKEY1,0
D,DISPATCH,UNIT_SCADA,1,"2019/09/04 18:10:00",OAKEY1SF,0.03
D,DISPATCH,UNIT_SCADA,1,"2019/09/04 18:10:00",OAKEY2,0
D,DISPATCH,UNIT_SCADA,1,"2019/09/04 18:10:00",OAKEY2SF,0
D,DISPATCH,UNIT_SCADA,1,"2019/09/04 18:10:00",OAKLAND1,2.80
D,DISPATCH,UNIT_SCADA,1,"2019/09/04 18:10:00",OSB-AG,177.13
D,DISPATCH,UNIT_SCADA,1,"2019/09/04 18:10:00",PARSF1,0
D,DISPATCH,UNIT_SCADA,1,"2019/09/04 18:10:00",POAT110,0
D,DISPATCH,UNIT_SCADA,1,"2019/09/04 18:10:00",POAT220,0
D,DISPATCH,UNIT_SCADA,1,"2019/09/04 18:10:00",POR01,0
D,DISPATCH,UNIT_SCADA,1,"2019/09/04 18:10:00",POR03,0
D,DISPATCH,UNIT_SCADA,1,"2019/09/04 18:10:00",PPCCGT,476.891540
D,DISPATCH,UNIT_SCADA,1,"2019/09/04 18:10:00",PTSTAN1,0
D,DISPATCH,UNIT_SCADA,1,"2019/09/04 18:10:00",PUMP1,0
D,DISPATCH,UNIT_SCADA,1,"2019/09/04 18:10:00",PUMP2,0
D,DISPATCH,UNIT_SCADA,1,"2019/09/04 18:10:00",QPS1,28.90
D,DISPATCH,UNIT_SCADA,1,"2019/09/04 18:10:00",QPS2,22.80
D,DISPATCH,UNIT_SCADA,1,"2019/09/04 18:10:00",QPS3,22.60
D,DISPATCH,UNIT_SCADA,1,"2019/09/04 18:10:00",QPS4,22.70
D,DISPATCH,UNIT_SCADA,1,"2019/09/04 18:10:00",QPS5,121.26
D,DISPATCH,UNIT_SCADA,1,"2019/09/04 18:10:00",REECE1,113.930010
D,DISPATCH,UNIT_SCADA,1,"2019/09/04 18:10:00",REECE2,114.730010
D,DISPATCH,UNIT_SCADA,1,"2019/09/04 18:10:00",ROMA_7,0
D,DISPATCH,UNIT_SCADA,1,"2019/09/04 18:10:00",ROMA_8,0
D,DISPATCH,UNIT_SCADA,1,"2019/09/04 18:10:00",RRSF1,0
D,DISPATCH,UNIT_SCADA,1,"2019/09/04 18:10:00",RT_NSW1,0
D,DISPATCH,UNIT_SCADA,1,"2019/09/04 18:10:00",RT_NSW2,0
D,DISPATCH,UNIT_SCADA,1,"2019/09/04 18:10:00",RT_NSW3,0
D,DISPATCH,UNIT_SCADA,1,"2019/09/04 18:10:00",RT_NSW4,0
D,DISPATCH,UNIT_SCADA,1,"2019/09/04 18:10:00",RT_NSW5,0
D,DISPATCH,UNIT_SCADA,1,"2019/09/04 18:10:00",RT_NSW6,0
D,DISPATCH,UNIT_SCADA,1,"2019/09/04 18:10:00",RT_QLD1,0
D,DISPATCH,UNIT_SCADA,1,"2019/09/04 18:10:00",RT_SA1,0
D,DISPATCH,UNIT_SCADA,1,"2019/09/04 18:10:00",RT_SA2,0
D,DISPATCH,UNIT_SCADA,1,"2019/09/04 18:10:00",RT_SA3,0
D,DISPATCH,UNIT_SCADA,1,"2019/09/04 18:10:00",RT_SA4,0
D,DISPATCH,UNIT_SCADA,1,"2019/09/04 18:10:00",RT_SA5,0
D,DISPATCH,UNIT_SCADA,1,"2019/09/04 18:10:00",RT_SA6,0
D,DISPATCH,UNIT_SCADA,1,"2019/09/04 18:10:00",RT_TAS1,0
D,DISPATCH,UNIT_SCADA,1,"2019/09/04 18:10:00",RT_VIC1,0
D,DISPATCH,UNIT_SCADA,1,"2019/09/04 18:10:00",RT_VIC10,0
D,DISPATCH,UNIT_SCADA,1,"2019/09/04 18:10:00",RT_VIC11,0
D,DISPATCH,UNIT_SCADA,1,"2019/09/04 18:10:00",RT_VIC12,0
D,DISPATCH,UNIT_SCADA,1,"2019/09/04 18:10:00",RT_VIC2,0
D,DISPATCH,UNIT_SCADA,1,"2019/09/04 18:10:00",RT_VIC3,0
D,DISPATCH,UNIT_SCADA,1,"2019/09/04 18:10:00",RT_VIC4,0
D,DISPATCH,UNIT_SCADA,1,"2019/09/04 18:10:00",RT_VIC5,0
D,DISPATCH,UNIT_SCADA,1,"2019/09/04 18:10:00",RT_VIC6,0
D,DISPATCH,UNIT_SCADA,1,"2019/09/04 18:10:00",RT_VIC7,0
D,DISPATCH,UNIT_SCADA,1,"2019/09/04 18:10:00",RT_VIC8,0
D,DISPATCH,UNIT_SCADA,1,"2019/09/04 18:10:00",RT_VIC9,0
D,DISPATCH,UNIT_SCADA,1,"2019/09/04 18:10:00",RUGBYR1,0
D,DISPATCH,UNIT_SCADA,1,"2019/09/04 18:10:00",SALTCRK1,1.59
D,DISPATCH,UNIT_SCADA,1,"2019/09/04 18:10:00",SAPHWF1,86.371890
D,DISPATCH,UNIT_SCADA,1,"2019/09/04 18:10:00",SHGEN,158.7056
D,DISPATCH,UNIT_SCADA,1,"2019/09/04 18:10:00",SHPUMP,0
D,DISPATCH,UNIT_SCADA,1,"2019/09/04 18:10:00",SITHE01,113.816640
D,DISPATCH,UNIT_SCADA,1,"2019/09/04 18:10:00",SMCSF1,0
D,DISPATCH,UNIT_SCADA,1,"2019/09/04 18:10:00",SNOWNTH1,4.10
D,DISPATCH,UNIT_SCADA,1,"2019/09/04 18:10:00",SNOWSTH1,0.30
D,DISPATCH,UNIT_SCADA,1,"2019/09/04 18:10:00",SNOWTWN1,0.235140
D,DISPATCH,UNIT_SCADA,1,"2019/09/04 18:10:00",SNOWYP,0
D,DISPATCH,UNIT_SCADA,1,"2019/09/04 18:10:00",SNUG1,0.019440
D,DISPATCH,UNIT_SCADA,1,"2019/09/04 18:10:00",SRSF1,0.06
D,DISPATCH,UNIT_SCADA,1,"2019/09/04 18:10:00",STAN-1,217.710330
D,DISPATCH,UNIT_SCADA,1,"2019/09/04 18:10:00",STAN-2,359.0394
D,DISPATCH,UNIT_SCADA,1,"2019/09/04 18:10:00",STAN-3,356.052860
D,DISPATCH,UNIT_SCADA,1,"2019/09/04 18:10:00",STAN-4,362.2951
D,DISPATCH,UNIT_SCADA,1,"2019/09/04 18:10:00",STWF1,0
D,DISPATCH,UNIT_SCADA,1,"2019/09/04 18:10:00",SWAN_E,0
D,DISPATCH,UNIT_SCADA,1,"2019/09/04 18:10:00",TALWA1,435
D,DISPATCH,UNIT_SCADA,1,"2019/09/04 18:10:00",TARALGA1,33.517510
D,DISPATCH,UNIT_SCADA,1,"2019/09/04 18:10:00",TARONG#1,346.200010
D,DISPATCH,UNIT_SCADA,1,"2019/09/04 18:10:00",TARONG#2,0
D,DISPATCH,UNIT_SCADA,1,"2019/09/04 18:10:00",TARONG#3,349.300020
D,DISPATCH,UNIT_SCADA,1,"2019/09/04 18:10:00",TARONG#4,349.50
D,DISPATCH,UNIT_SCADA,1,"2019/09/04 18:10:00",TARRALEA,71.10
D,DISPATCH,UNIT_SCADA,1,"2019/09/04 18:10:00",TBSF1,-0.20
D,DISPATCH,UNIT_SCADA,1,"2019/09/04 18:10:00",TNPS1,380.500030
D,DISPATCH,UNIT_SCADA,1,"2019/09/04 18:10:00",TORRA1,114.218350
D,DISPATCH,UNIT_SCADA,1,"2019/09/04 18:10:00",TORRA2,0
D,DISPATCH,UNIT_SCADA,1,"2019/09/04 18:10:00",TORRA3,0
D,DISPATCH,UNIT_SCADA,1,"2019/09/04 18:10:00",TORRA4,100.992820
D,DISPATCH,UNIT_SCADA,1,"2019/09/04 18:10:00",TORRB1,186.44
D,DISPATCH,UNIT_SCADA,1,"2019/09/04 18:10:00",TORRB2,186.98
D,DISPATCH,UNIT_SCADA,1,"2019/09/04 18:10:00",TORRB3,187.31
D,DISPATCH,UNIT_SCADA,1,"2019/09/04 18:10:00",TORRB4,0
D,DISPATCH,UNIT_SCADA,1,"2019/09/04 18:10:00",TREVALLN,43.790020
D,DISPATCH,UNIT_SCADA,1,"2019/09/04 18:10:00",TRIBUTE,0
D,DISPATCH,UNIT_SCADA,1,"2019/09/04 18:10:00",TUMUT3,-1.10
D,DISPATCH,UNIT_SCADA,1,"2019/09/04 18:10:00",TUNGATIN,119.050030
D,DISPATCH,UNIT_SCADA,1,"2019/09/04 18:10:00",TVCC201,0
D,DISPATCH,UNIT_SCADA,1,"2019/09/04 18:10:00",TVPP104,0
D,DISPATCH,UNIT_SCADA,1,"2019/09/04 18:10:00",UPPTUMUT,557.481750
D,DISPATCH,UNIT_SCADA,1,"2019/09/04 18:10:00",URANQ11,160.912480
D,DISPATCH,UNIT_SCADA,1,"2019/09/04 18:10:00",URANQ12,162.406250
D,DISPATCH,UNIT_SCADA,1,"2019/09/04 18:10:00",URANQ13,165.831270
D,DISPATCH,UNIT_SCADA,1,"2019/09/04 18:10:00",URANQ14,0
D,DISPATCH,UNIT_SCADA,1,"2019/09/04 18:10:00",VP5,628.200010
D,DISPATCH,UNIT_SCADA,1,"2019/09/04 18:10:00",VP6,0
D,DISPATCH,UNIT_SCADA,1,"2019/09/04 18:10:00",VPGS1,0
D,DISPATCH,UNIT_SCADA,1,"2019/09/04 18:10:00",VPGS2,0
D,DISPATCH,UNIT_SCADA,1,"2019/09/04 18:10:00",VPGS3,0
D,DISPATCH,UNIT_SCADA,1,"2019/09/04 18:10:00",VPGS4,0
D,DISPATCH,UNIT_SCADA,1,"2019/09/04 18:10:00",VPGS5,0
D,DISPATCH,UNIT_SCADA,1,"2019/09/04 18:10:00",VPGS6,0
D,DISPATCH,UNIT_SCADA,1,"2019/09/04 18:10:00",W/HOE#1,286.070010
D,DISPATCH,UNIT_SCADA,1,"2019/09/04 18:10:00",W/HOE#2,0
D,DISPATCH,UNIT_SCADA,1,"2019/09/04 18:10:00",WATERLWF,14.20
D,DISPATCH,UNIT_SCADA,1,"2019/09/04 18:10:00",WEMENSF1,0.20
D,DISPATCH,UNIT_SCADA,1,"2019/09/04 18:10:00",WGWF1,13.70
D,DISPATCH,UNIT_SCADA,1,"2019/09/04 18:10:00",WHITSF1,0
D,DISPATCH,UNIT_SCADA,1,"2019/09/04 18:10:00",WKIEWA1,31.60
D,DISPATCH,UNIT_SCADA,1,"2019/09/04 18:10:00",WKIEWA2,31.60
D,DISPATCH,UNIT_SCADA,1,"2019/09/04 18:10:00",WOODLWN1,5.399990
D,DISPATCH,UNIT_SCADA,1,"2019/09/04 18:10:00",WRSF1,0
D,DISPATCH,UNIT_SCADA,1,"2019/09/04 18:10:00",WRWF1,47.7425
D,DISPATCH,UNIT_SCADA,1,"2019/09/04 18:10:00",YABULU,160.380020
D,DISPATCH,UNIT_SCADA,1,"2019/09/04 18:10:00",YABULU2,0
D,DISPATCH,UNIT_SCADA,1,"2019/09/04 18:10:00",YARWUN_1,158.39
D,DISPATCH,UNIT_SCADA,1,"2019/09/04 18:10:00",YENDWF1,9.29
D,DISPATCH,UNIT_SCADA,1,"2019/09/04 18:10:00",YWPS1,380.450620
D,DISPATCH,UNIT_SCADA,1,"2019/09/04 18:10:00",YWPS2,280.698730
D,DISPATCH,UNIT_SCADA,1,"2019/09/04 18:10:00",YWPS3,279.503780
D,DISPATCH,UNIT_SCADA,1,"2019/09/04 18:10:00",YWPS4,386.769620
C,"END OF REPORT",335
