C,NEMP.WORLD,DISPATCHSCADA,AEMO,PUBLIC,2019/08/20,19:50:08,0000000311798876,DISPATCHSCADA,0000000311798870
I,DISPATCH,UNIT_SCADA,1,SETTLEMENTDATE,DUID,SCADAVALUE
D,DISPATCH,UNIT_SCADA,1,"2019/08/20 19:55:00",BARCSF1,0.50
D,DISPATCH,UNIT_SCADA,1,"2019/08/20 19:55:00",BUTLERSG,9.699999
D,DISPATCH,UNIT_SCADA,1,"2019/08/20 19:55:00",CALL_A_4,0
D,DISPATCH,UNIT_SCADA,1,"2019/08/20 19:55:00",CAPTL_WF,110.492004
D,DISPATCH,UNIT_SCADA,1,"2019/08/20 19:55:00",CATHROCK,50.529999
D,DISPATCH,UNIT_SCADA,1,"2019/08/20 19:55:00",CHALLHWF,26.299999
D,DISPATCH,UNIT_SCADA,1,"2019/08/20 19:55:00",CLOVER,-0.02
D,DISPATCH,UNIT_SCADA,1,"2019/08/20 19:55:00",CLUNY,19.106890
D,DISPATCH,UNIT_SCADA,1,"2019/08/20 19:55:00",CNUNDAWF,41.548470
D,DISPATCH,UNIT_SCADA,1,"2019/08/20 19:55:00",CULLRGWF,29.65
D,DISPATCH,UNIT_SCADA,1,"2019/08/20 19:55:00",ERGT01,0
D,DISPATCH,UNIT_SCADA,1,"2019/08/20 19:55:00",GB01,0.070530
D,DISPATCH,UNIT_SCADA,1,"2019/08/20 19:55:00",GERMCRK,33
D,DISPATCH,UNIT_SCADA,1,"2019/08/20 19:55:00",GRIFSF1,0
D,DISPATCH,UNIT_SCADA,1,"2019/08/20 19:55:00",HUGSF1,-0.2040
D,DISPATCH,UNIT_SCADA,1,"2019/08/20 19:55:00",LKBONNY1,76.270195
D,DISPATCH,UNIT_SCADA,1,"2019/08/20 19:55:00",LRSF1,0.0290
D,DISPATCH,UNIT_SCADA,1,"2019/08/20 19:55:00",MBAHNTH,59.043747
D,DISPATCH,UNIT_SCADA,1,"2019/08/20 19:55:00",MLSP1,0.283001
D,DISPATCH,UNIT_SCADA,1,"2019/08/20 19:55:00",MLWF1,15.735001
D,DISPATCH,UNIT_SCADA,1,"2019/08/20 19:55:00",MTMILLAR,34.624424
D,DISPATCH,UNIT_SCADA,1,"2019/08/20 19:55:00",PALOONA,12.90
D,DISPATCH,UNIT_SCADA,1,"2019/08/20 19:55:00",PIONEER,32.50
D,DISPATCH,UNIT_SCADA,1,"2019/08/20 19:55:00",PORTWF,137.199997
D,DISPATCH,UNIT_SCADA,1,"2019/08/20 19:55:00",REPULSE,29.152666
D,DISPATCH,UNIT_SCADA,1,"2019/08/20 19:55:00",ROWALLAN,9.9897
D,DISPATCH,UNIT_SCADA,1,"2019/08/20 19:55:00",ROYALLA1,0
D,DISPATCH,UNIT_SCADA,1,"2019/08/20 19:55:00",RPCG,11
D,DISPATCH,UNIT_SCADA,1,"2019/08/20 19:55:00",RUBICON,0
D,DISPATCH,UNIT_SCADA,1,"2019/08/20 19:55:00",SATGN1,0
D,DISPATCH,UNIT_SCADA,1,"2019/08/20 19:55:00",SATGS1,0
D,DISPATCH,UNIT_SCADA,1,"2019/08/20 19:55:00",STARHLWF,25.192654
D,DISPATCH,UNIT_SCADA,1,"2019/08/20 19:55:00",WAUBRAWF,144.845001
D,DISPATCH,UNIT_SCADA,1,"2019/08/20 19:55:00",WOOLNTH1,55.480019
D,DISPATCH,UNIT_SCADA,1,"2019/08/20 19:55:00",WPWF,31
D,DISPATCH,UNIT_SCADA,1,"2019/08/20 19:55:00",YAMBUKWF,29.90
D,DISPATCH,UNIT_SCADA,1,"2019/08/20 19:55:00",YSWF1,28.50
D,DISPATCH,UNIT_SCADA,1,"2019/08/20 19:55:00",AGLHAL,0
D,DISPATCH,UNIT_SCADA,1,"2019/08/20 19:55:00",AGLSOM,79.70
D,DISPATCH,UNIT_SCADA,1,"2019/08/20 19:55:00",ANGAST1,0
D,DISPATCH,UNIT_SCADA,1,"2019/08/20 19:55:00",ARWF1,66.000010
D,DISPATCH,UNIT_SCADA,1,"2019/08/20 19:55:00",BALBG1,0
D,DISPATCH,UNIT_SCADA,1,"2019/08/20 19:55:00",BALBL1,10.81
D,DISPATCH,UNIT_SCADA,1,"2019/08/20 19:55:00",BALDHWF1,103.1610
D,DISPATCH,UNIT_SCADA,1,"2019/08/20 19:55:00",BANN1,0
D,DISPATCH,UNIT_SCADA,1,"2019/08/20 19:55:00",BARCALDN,0
D,DISPATCH,UNIT_SCADA,1,"2019/08/20 19:55:00",BARRON-1,0
D,DISPATCH,UNIT_SCADA,1,"2019/08/20 19:55:00",BARRON-2,27.92
D,DISPATCH,UNIT_SCADA,1,"2019/08/20 19:55:00",BASTYAN,80.250010
D,DISPATCH,UNIT_SCADA,1,"2019/08/20 19:55:00",BBTHREE1,-1.99
D,DISPATCH,UNIT_SCADA,1,"2019/08/20 19:55:00",BBTHREE2,-1.95
D,DISPATCH,UNIT_SCADA,1,"2019/08/20 19:55:00",BBTHREE3,-1.10
D,DISPATCH,UNIT_SCADA,1,"2019/08/20 19:55:00",BDL01,0
D,DISPATCH,UNIT_SCADA,1,"2019/08/20 19:55:00",BDL02,-0.18
D,DISPATCH,UNIT_SCADA,1,"2019/08/20 19:55:00",BERYLSF1,0
D,DISPATCH,UNIT_SCADA,1,"2019/08/20 19:55:00",BLOWERNG,0
D,DISPATCH,UNIT_SCADA,1,"2019/08/20 19:55:00",BLUFF1,41.20
D,DISPATCH,UNIT_SCADA,1,"2019/08/20 19:55:00",BNGSF1,0
D,DISPATCH,UNIT_SCADA,1,"2019/08/20 19:55:00",BNGSF2,0
D,DISPATCH,UNIT_SCADA,1,"2019/08/20 19:55:00",BOCORWF1,94.16
D,DISPATCH,UNIT_SCADA,1,"2019/08/20 19:55:00",BODWF1,60.905780
D,DISPATCH,UNIT_SCADA,1,"2019/08/20 19:55:00",BRAEMAR1,0
D,DISPATCH,UNIT_SCADA,1,"2019/08/20 19:55:00",BRAEMAR2,173
D,DISPATCH,UNIT_SCADA,1,"2019/08/20 19:55:00",BRAEMAR3,0
D,DISPATCH,UNIT_SCADA,1,"2019/08/20 19:55:00",BRAEMAR5,0
D,DISPATCH,UNIT_SCADA,1,"2019/08/20 19:55:00",BRAEMAR6,160.491460
D,DISPATCH,UNIT_SCADA,1,"2019/08/20 19:55:00",BRAEMAR7,0
D,DISPATCH,UNIT_SCADA,1,"2019/08/20 19:55:00",BROKENH1,0
D,DISPATCH,UNIT_SCADA,1,"2019/08/20 19:55:00",BW01,662.50
D,DISPATCH,UNIT_SCADA,1,"2019/08/20 19:55:00",BW02,656.1250
D,DISPATCH,UNIT_SCADA,1,"2019/08/20 19:55:00",BW03,656.8750
D,DISPATCH,UNIT_SCADA,1,"2019/08/20 19:55:00",BW04,0
D,DISPATCH,UNIT_SCADA,1,"2019/08/20 19:55:00",CALL_B_1,349.899990
D,DISPATCH,UNIT_SCADA,1,"2019/08/20 19:55:00",CALL_B_2,298.700010
D,DISPATCH,UNIT_SCADA,1,"2019/08/20 19:55:00",CETHANA,95.3105
D,DISPATCH,UNIT_SCADA,1,"2019/08/20 19:55:00",CG1,0
D,DISPATCH,UNIT_SCADA,1,"2019/08/20 19:55:00",CG2,0
D,DISPATCH,UNIT_SCADA,1,"2019/08/20 19:55:00",CG3,0
D,DISPATCH,UNIT_SCADA,1,"2019/08/20 19:55:00",CG4,0
D,DISPATCH,UNIT_SCADA,1,"2019/08/20 19:55:00",CHILDSF1,0
D,DISPATCH,UNIT_SCADA,1,"2019/08/20 19:55:00",CLARESF1,0
D,DISPATCH,UNIT_SCADA,1,"2019/08/20 19:55:00",CLEMGPWF,38.4667
D,DISPATCH,UNIT_SCADA,1,"2019/08/20 19:55:00",CLERMSF1,0
D,DISPATCH,UNIT_SCADA,1,"2019/08/20 19:55:00",COLEASF1,0
D,DISPATCH,UNIT_SCADA,1,"2019/08/20 19:55:00",COOPGWF1,54.594060
D,DISPATCH,UNIT_SCADA,1,"2019/08/20 19:55:00",CPP_3,406.450010
D,DISPATCH,UNIT_SCADA,1,"2019/08/20 19:55:00",CPP_4,359.149990
D,DISPATCH,UNIT_SCADA,1,"2019/08/20 19:55:00",CPSA,142.441880
D,DISPATCH,UNIT_SCADA,1,"2019/08/20 19:55:00",CROOKWF2,88.233750
D,DISPATCH,UNIT_SCADA,1,"2019/08/20 19:55:00",CROWLWF1,42.475520
D,DISPATCH,UNIT_SCADA,1,"2019/08/20 19:55:00",CSPVPS1,0
D,DISPATCH,UNIT_SCADA,1,"2019/08/20 19:55:00",DALNTH01,0
D,DISPATCH,UNIT_SCADA,1,"2019/08/20 19:55:00",DALNTHL1,0.093080
D,DISPATCH,UNIT_SCADA,1,"2019/08/20 19:55:00",DARTM1,132.399990
D,DISPATCH,UNIT_SCADA,1,"2019/08/20 19:55:00",DAYDSF1,0
D,DISPATCH,UNIT_SCADA,1,"2019/08/20 19:55:00",DDPS1,483.871860
D,DISPATCH,UNIT_SCADA,1,"2019/08/20 19:55:00",DDSF1,0
D,DISPATCH,UNIT_SCADA,1,"2019/08/20 19:55:00",DEVILS_G,60.680560
D,DISPATCH,UNIT_SCADA,1,"2019/08/20 19:55:00",DG_NSW1,0
D,DISPATCH,UNIT_SCADA,1,"2019/08/20 19:55:00",DG_QLD1,0
D,DISPATCH,UNIT_SCADA,1,"2019/08/20 19:55:00",DG_SA1,0
D,DISPATCH,UNIT_SCADA,1,"2019/08/20 19:55:00",DG_TAS1,0
D,DISPATCH,UNIT_SCADA,1,"2019/08/20 19:55:00",DG_VIC1,0
D,DISPATCH,UNIT_SCADA,1,"2019/08/20 19:55:00",DRYCGT1,0
D,DISPATCH,UNIT_SCADA,1,"2019/08/20 19:55:00",DRYCGT2,0
D,DISPATCH,UNIT_SCADA,1,"2019/08/20 19:55:00",DRYCGT3,0
D,DISPATCH,UNIT_SCADA,1,"2019/08/20 19:55:00",EILDON1,0
D,DISPATCH,UNIT_SCADA,1,"2019/08/20 19:55:00",EILDON2,0
D,DISPATCH,UNIT_SCADA,1,"2019/08/20 19:55:00",EMERASF1,0
D,DISPATCH,UNIT_SCADA,1,"2019/08/20 19:55:00",ER01,590.25
D,DISPATCH,UNIT_SCADA,1,"2019/08/20 19:55:00",ER02,696.1001
D,DISPATCH,UNIT_SCADA,1,"2019/08/20 19:55:00",ER03,699.425050
D,DISPATCH,UNIT_SCADA,1,"2019/08/20 19:55:00",ER04,695.474980
D,DISPATCH,UNIT_SCADA,1,"2019/08/20 19:55:00",FINLYSF1,0
D,DISPATCH,UNIT_SCADA,1,"2019/08/20 19:55:00",FISHER,45.82
D,DISPATCH,UNIT_SCADA,1,"2019/08/20 19:55:00",GANNBG1,6.774440
D,DISPATCH,UNIT_SCADA,1,"2019/08/20 19:55:00",GANNBL1,0
D,DISPATCH,UNIT_SCADA,1,"2019/08/20 19:55:00",GANNSF1,0
D,DISPATCH,UNIT_SCADA,1,"2019/08/20 19:55:00",GORDON,10.947440
D,DISPATCH,UNIT_SCADA,1,"2019/08/20 19:55:00",GSTONE1,220.50
D,DISPATCH,UNIT_SCADA,1,"2019/08/20 19:55:00",GSTONE2,219.80
D,DISPATCH,UNIT_SCADA,1,"2019/08/20 19:55:00",GSTONE3,222.774990
D,DISPATCH,UNIT_SCADA,1,"2019/08/20 19:55:00",GSTONE4,220.149990
D,DISPATCH,UNIT_SCADA,1,"2019/08/20 19:55:00",GSTONE5,212.80
D,DISPATCH,UNIT_SCADA,1,"2019/08/20 19:55:00",GSTONE6,0
D,DISPATCH,UNIT_SCADA,1,"2019/08/20 19:55:00",GULLRSF1,0
D,DISPATCH,UNIT_SCADA,1,"2019/08/20 19:55:00",GULLRWF1,148.946530
D,DISPATCH,UNIT_SCADA,1,"2019/08/20 19:55:00",GUNNING1,37.982910
D,DISPATCH,UNIT_SCADA,1,"2019/08/20 19:55:00",GUTHEGA,30.90
D,DISPATCH,UNIT_SCADA,1,"2019/08/20 19:55:00",HALLWF1,90.67
D,DISPATCH,UNIT_SCADA,1,"2019/08/20 19:55:00",HALLWF2,66.36
D,DISPATCH,UNIT_SCADA,1,"2019/08/20 19:55:00",HAMISF1,0
D,DISPATCH,UNIT_SCADA,1,"2019/08/20 19:55:00",HAUGHT11,0
D,DISPATCH,UNIT_SCADA,1,"2019/08/20 19:55:00",HAYMSF1,0
D,DISPATCH,UNIT_SCADA,1,"2019/08/20 19:55:00",HDWF1,59.20
D,DISPATCH,UNIT_SCADA,1,"2019/08/20 19:55:00",HDWF2,41.80
D,DISPATCH,UNIT_SCADA,1,"2019/08/20 19:55:00",HDWF3,52.30
D,DISPATCH,UNIT_SCADA,1,"2019/08/20 19:55:00",HPRG1,0
D,DISPATCH,UNIT_SCADA,1,"2019/08/20 19:55:00",HPRL1,15
D,DISPATCH,UNIT_SCADA,1,"2019/08/20 19:55:00",HUMENSW,0
D,DISPATCH,UNIT_SCADA,1,"2019/08/20 19:55:00",HUMEV,8.30
D,DISPATCH,UNIT_SCADA,1,"2019/08/20 19:55:00",HVGTS,0
D,DISPATCH,UNIT_SCADA,1,"2019/08/20 19:55:00",JBUTTERS,135.179990
D,DISPATCH,UNIT_SCADA,1,"2019/08/20 19:55:00",JLA01,0.50
D,DISPATCH,UNIT_SCADA,1,"2019/08/20 19:55:00",JLA02,0
D,DISPATCH,UNIT_SCADA,1,"2019/08/20 19:55:00",JLA03,0.10
D,DISPATCH,UNIT_SCADA,1,"2019/08/20 19:55:00",JLA04,0.10
D,DISPATCH,UNIT_SCADA,1,"2019/08/20 19:55:00",JLB01,0
D,DISPATCH,UNIT_SCADA,1,"2019/08/20 19:55:00",JLB02,0.10
D,DISPATCH,UNIT_SCADA,1,"2019/08/20 19:55:00",JLB03,0
D,DISPATCH,UNIT_SCADA,1,"2019/08/20 19:55:00",KAREEYA1,21.5050
D,DISPATCH,UNIT_SCADA,1,"2019/08/20 19:55:00",KAREEYA2,21.6250
D,DISPATCH,UNIT_SCADA,1,"2019/08/20 19:55:00",KAREEYA3,0
D,DISPATCH,UNIT_SCADA,1,"2019/08/20 19:55:00",KAREEYA4,21.69
D,DISPATCH,UNIT_SCADA,1,"2019/08/20 19:55:00",KARSF1,0
D,DISPATCH,UNIT_SCADA,1,"2019/08/20 19:55:00",KIATAWF1,30.80
D,DISPATCH,UNIT_SCADA,1,"2019/08/20 19:55:00",KPP_1,0
D,DISPATCH,UNIT_SCADA,1,"2019/08/20 19:55:00",KSP1,0
D,DISPATCH,UNIT_SCADA,1,"2019/08/20 19:55:00",LADBROK1,42.57
D,DISPATCH,UNIT_SCADA,1,"2019/08/20 19:55:00",LADBROK2,43.32
D,DISPATCH,UNIT_SCADA,1,"2019/08/20 19:55:00",LD01,420.074980
D,DISPATCH,UNIT_SCADA,1,"2019/08/20 19:55:00",LD02,418.706270
D,DISPATCH,UNIT_SCADA,1,"2019/08/20 19:55:00",LD03,421.649990
D,DISPATCH,UNIT_SCADA,1,"2019/08/20 19:55:00",LD04,380.7562
D,DISPATCH,UNIT_SCADA,1,"2019/08/20 19:55:00",LEM_WIL,86.022990
D,DISPATCH,UNIT_SCADA,1,"2019/08/20 19:55:00",LGAPWF1,21.13
D,DISPATCH,UNIT_SCADA,1,"2019/08/20 19:55:00",LILYSF1,0
D,DISPATCH,UNIT_SCADA,1,"2019/08/20 19:55:00",LI_WY_CA,149.076970
D,DISPATCH,UNIT_SCADA,1,"2019/08/20 19:55:00",LKBONNY2,145.857890
D,DISPATCH,UNIT_SCADA,1,"2019/08/20 19:55:00",LKBONNY3,38.126440
D,DISPATCH,UNIT_SCADA,1,"2019/08/20 19:55:00",LK_ECHO,0
D,DISPATCH,UNIT_SCADA,1,"2019/08/20 19:55:00",LNGS1,0
D,DISPATCH,UNIT_SCADA,1,"2019/08/20 19:55:00",LNGS2,0
D,DISPATCH,UNIT_SCADA,1,"2019/08/20 19:55:00",LONSDALE,0
D,DISPATCH,UNIT_SCADA,1,"2019/08/20 19:55:00",LOYYB1,534.208860
D,DISPATCH,UNIT_SCADA,1,"2019/08/20 19:55:00",LOYYB2,579.698730
D,DISPATCH,UNIT_SCADA,1,"2019/08/20 19:55:00",LYA1,559
D,DISPATCH,UNIT_SCADA,1,"2019/08/20 19:55:00",LYA2,0
D,DISPATCH,UNIT_SCADA,1,"2019/08/20 19:55:00",LYA3,560
D,DISPATCH,UNIT_SCADA,1,"2019/08/20 19:55:00",LYA4,540
D,DISPATCH,UNIT_SCADA,1,"2019/08/20 19:55:00",MACARTH1,378.591250
D,DISPATCH,UNIT_SCADA,1,"2019/08/20 19:55:00",MACKAYGT,0
D,DISPATCH,UNIT_SCADA,1,"2019/08/20 19:55:00",MACKNTSH,85.37
D,DISPATCH,UNIT_SCADA,1,"2019/08/20 19:55:00",MANSLR1,0
D,DISPATCH,UNIT_SCADA,1,"2019/08/20 19:55:00",MCKAY1,0.02
D,DISPATCH,UNIT_SCADA,1,"2019/08/20 19:55:00",MEADOWBK,33.981620
D,DISPATCH,UNIT_SCADA,1,"2019/08/20 19:55:00",MERCER01,125.139010
D,DISPATCH,UNIT_SCADA,1,"2019/08/20 19:55:00",MEWF1,38.369280
D,DISPATCH,UNIT_SCADA,1,"2019/08/20 19:55:00",MINTARO,0
D,DISPATCH,UNIT_SCADA,1,"2019/08/20 19:55:00",MOREESF1,0
D,DISPATCH,UNIT_SCADA,1,"2019/08/20 19:55:00",MORTLK11,124
D,DISPATCH,UNIT_SCADA,1,"2019/08/20 19:55:00",MORTLK12,0
D,DISPATCH,UNIT_SCADA,1,"2019/08/20 19:55:00",MP1,281.224980
D,DISPATCH,UNIT_SCADA,1,"2019/08/20 19:55:00",MP2,0
D,DISPATCH,UNIT_SCADA,1,"2019/08/20 19:55:00",MPP_1,405.75
D,DISPATCH,UNIT_SCADA,1,"2019/08/20 19:55:00",MPP_2,425
D,DISPATCH,UNIT_SCADA,1,"2019/08/20 19:55:00",MSTUART1,0
D,DISPATCH,UNIT_SCADA,1,"2019/08/20 19:55:00",MSTUART2,0
D,DISPATCH,UNIT_SCADA,1,"2019/08/20 19:55:00",MSTUART3,0
D,DISPATCH,UNIT_SCADA,1,"2019/08/20 19:55:00",MTGELWF1,64.281140
D,DISPATCH,UNIT_SCADA,1,"2019/08/20 19:55:00",MURRAY,0
D,DISPATCH,UNIT_SCADA,1,"2019/08/20 19:55:00",MUSSELR1,23.10
D,DISPATCH,UNIT_SCADA,1,"2019/08/20 19:55:00",MUWAWF1,56.46
D,DISPATCH,UNIT_SCADA,1,"2019/08/20 19:55:00",NBHWF1,93.20
D,DISPATCH,UNIT_SCADA,1,"2019/08/20 19:55:00",NPS,511.50
D,DISPATCH,UNIT_SCADA,1,"2019/08/20 19:55:00",NUMURSF1,0
D,DISPATCH,UNIT_SCADA,1,"2019/08/20 19:55:00",NYNGAN1,0
D,DISPATCH,UNIT_SCADA,1,"2019/08/20 19:55:00",OAKEY1,0
D,DISPATCH,UNIT_SCADA,1,"2019/08/20 19:55:00",OAKEY1SF,0.0380
D,DISPATCH,UNIT_SCADA,1,"2019/08/20 19:55:00",OAKEY2,0
D,DISPATCH,UNIT_SCADA,1,"2019/08/20 19:55:00",OAKLAND1,61.20
D,DISPATCH,UNIT_SCADA,1,"2019/08/20 19:55:00",OSB-AG,185.09
D,DISPATCH,UNIT_SCADA,1,"2019/08/20 19:55:00",PARSF1,0
D,DISPATCH,UNIT_SCADA,1,"2019/08/20 19:55:00",POAT110,0
D,DISPATCH,UNIT_SCADA,1,"2019/08/20 19:55:00",POAT220,21.070720
D,DISPATCH,UNIT_SCADA,1,"2019/08/20 19:55:00",POR01,0
D,DISPATCH,UNIT_SCADA,1,"2019/08/20 19:55:00",POR03,0
D,DISPATCH,UNIT_SCADA,1,"2019/08/20 19:55:00",PPCCGT,495.682460
D,DISPATCH,UNIT_SCADA,1,"2019/08/20 19:55:00",PTSTAN1,0
D,DISPATCH,UNIT_SCADA,1,"2019/08/20 19:55:00",PUMP1,0
D,DISPATCH,UNIT_SCADA,1,"2019/08/20 19:55:00",PUMP2,0
D,DISPATCH,UNIT_SCADA,1,"2019/08/20 19:55:00",QPS1,29
D,DISPATCH,UNIT_SCADA,1,"2019/08/20 19:55:00",QPS2,0
D,DISPATCH,UNIT_SCADA,1,"2019/08/20 19:55:00",QPS3,0
D,DISPATCH,UNIT_SCADA,1,"2019/08/20 19:55:00",QPS4,0
D,DISPATCH,UNIT_SCADA,1,"2019/08/20 19:55:00",QPS5,0
D,DISPATCH,UNIT_SCADA,1,"2019/08/20 19:55:00",REECE1,116.930010
D,DISPATCH,UNIT_SCADA,1,"2019/08/20 19:55:00",REECE2,117.20
D,DISPATCH,UNIT_SCADA,1,"2019/08/20 19:55:00",ROMA_7,0
D,DISPATCH,UNIT_SCADA,1,"2019/08/20 19:55:00",ROMA_8,0
D,DISPATCH,UNIT_SCADA,1,"2019/08/20 19:55:00",RRSF1,0
D,DISPATCH,UNIT_SCADA,1,"2019/08/20 19:55:00",RT_NSW1,0
D,DISPATCH,UNIT_SCADA,1,"2019/08/20 19:55:00",RT_NSW2,0
D,DISPATCH,UNIT_SCADA,1,"2019/08/20 19:55:00",RT_NSW3,0
D,DISPATCH,UNIT_SCADA,1,"2019/08/20 19:55:00",RT_NSW4,0
D,DISPATCH,UNIT_SCADA,1,"2019/08/20 19:55:00",RT_NSW5,0
D,DISPATCH,UNIT_SCADA,1,"2019/08/20 19:55:00",RT_NSW6,0
D,DISPATCH,UNIT_SCADA,1,"2019/08/20 19:55:00",RT_QLD1,0
D,DISPATCH,UNIT_SCADA,1,"2019/08/20 19:55:00",RT_SA1,0
D,DISPATCH,UNIT_SCADA,1,"2019/08/20 19:55:00",RT_SA2,0
D,DISPATCH,UNIT_SCADA,1,"2019/08/20 19:55:00",RT_SA3,0
D,DISPATCH,UNIT_SCADA,1,"2019/08/20 19:55:00",RT_SA4,0
D,DISPATCH,UNIT_SCADA,1,"2019/08/20 19:55:00",RT_SA5,0
D,DISPATCH,UNIT_SCADA,1,"2019/08/20 19:55:00",RT_SA6,0
D,DISPATCH,UNIT_SCADA,1,"2019/08/20 19:55:00",RT_TAS1,0
D,DISPATCH,UNIT_SCADA,1,"2019/08/20 19:55:00",RT_VIC1,0
D,DISPATCH,UNIT_SCADA,1,"2019/08/20 19:55:00",RT_VIC10,0
D,DISPATCH,UNIT_SCADA,1,"2019/08/20 19:55:00",RT_VIC11,0
D,DISPATCH,UNIT_SCADA,1,"2019/08/20 19:55:00",RT_VIC12,0
D,DISPATCH,UNIT_SCADA,1,"2019/08/20 19:55:00",RT_VIC2,0
D,DISPATCH,UNIT_SCADA,1,"2019/08/20 19:55:00",RT_VIC3,0
D,DISPATCH,UNIT_SCADA,1,"2019/08/20 19:55:00",RT_VIC4,0
D,DISPATCH,UNIT_SCADA,1,"2019/08/20 19:55:00",RT_VIC5,0
D,DISPATCH,UNIT_SCADA,1,"2019/08/20 19:55:00",RT_VIC6,0
D,DISPATCH,UNIT_SCADA,1,"2019/08/20 19:55:00",RT_VIC7,0
D,DISPATCH,UNIT_SCADA,1,"2019/08/20 19:55:00",RT_VIC8,0
D,DISPATCH,UNIT_SCADA,1,"2019/08/20 19:55:00",RT_VIC9,0
D,DISPATCH,UNIT_SCADA,1,"2019/08/20 19:55:00",RUGBYR1,0
D,DISPATCH,UNIT_SCADA,1,"2019/08/20 19:55:00",SALTCRK1,49.39
D,DISPATCH,UNIT_SCADA,1,"2019/08/20 19:55:00",SAPHWF1,122.559390
D,DISPATCH,UNIT_SCADA,1,"2019/08/20 19:55:00",SHGEN,81.037490
D,DISPATCH,UNIT_SCADA,1,"2019/08/20 19:55:00",SHPUMP,0
D,DISPATCH,UNIT_SCADA,1,"2019/08/20 19:55:00",SITHE01,0.123710
D,DISPATCH,UNIT_SCADA,1,"2019/08/20 19:55:00",SMCSF1,0
D,DISPATCH,UNIT_SCADA,1,"2019/08/20 19:55:00",SNOWNTH1,119.80
D,DISPATCH,UNIT_SCADA,1,"2019/08/20 19:55:00",SNOWSTH1,111.70
D,DISPATCH,UNIT_SCADA,1,"2019/08/20 19:55:00",SNOWTWN1,81.999190
D,DISPATCH,UNIT_SCADA,1,"2019/08/20 19:55:00",SNOWYP,0
D,DISPATCH,UNIT_SCADA,1,"2019/08/20 19:55:00",SNUG1,0.019440
D,DISPATCH,UNIT_SCADA,1,"2019/08/20 19:55:00",SRSF1,0.07
D,DISPATCH,UNIT_SCADA,1,"2019/08/20 19:55:00",STAN-1,0
D,DISPATCH,UNIT_SCADA,1,"2019/08/20 19:55:00",STAN-2,345.798610
D,DISPATCH,UNIT_SCADA,1,"2019/08/20 19:55:00",STAN-3,354.630070
D,DISPATCH,UNIT_SCADA,1,"2019/08/20 19:55:00",STAN-4,364.192140
D,DISPATCH,UNIT_SCADA,1,"2019/08/20 19:55:00",STWF1,47.508760
D,DISPATCH,UNIT_SCADA,1,"2019/08/20 19:55:00",SWAN_E,0
D,DISPATCH,UNIT_SCADA,1,"2019/08/20 19:55:00",TALWA1,422
D,DISPATCH,UNIT_SCADA,1,"2019/08/20 19:55:00",TARALGA1,92.932510
D,DISPATCH,UNIT_SCADA,1,"2019/08/20 19:55:00",TARONG#1,347.700010
D,DISPATCH,UNIT_SCADA,1,"2019/08/20 19:55:00",TARONG#2,347.600010
D,DISPATCH,UNIT_SCADA,1,"2019/08/20 19:55:00",TARONG#3,260.200010
D,DISPATCH,UNIT_SCADA,1,"2019/08/20 19:55:00",TARONG#4,350.200010
D,DISPATCH,UNIT_SCADA,1,"2019/08/20 19:55:00",TARRALEA,85
D,DISPATCH,UNIT_SCADA,1,"2019/08/20 19:55:00",TBSF1,-0.20
D,DISPATCH,UNIT_SCADA,1,"2019/08/20 19:55:00",TNPS1,441.700010
D,DISPATCH,UNIT_SCADA,1,"2019/08/20 19:55:00",TORRA1,71.164660
D,DISPATCH,UNIT_SCADA,1,"2019/08/20 19:55:00",TORRA2,0
D,DISPATCH,UNIT_SCADA,1,"2019/08/20 19:55:00",TORRA3,0
D,DISPATCH,UNIT_SCADA,1,"2019/08/20 19:55:00",TORRA4,0
D,DISPATCH,UNIT_SCADA,1,"2019/08/20 19:55:00",TORRB1,86.22
D,DISPATCH,UNIT_SCADA,1,"2019/08/20 19:55:00",TORRB2,156.75
D,DISPATCH,UNIT_SCADA,1,"2019/08/20 19:55:00",TORRB3,0
D,DISPATCH,UNIT_SCADA,1,"2019/08/20 19:55:00",TORRB4,0
D,DISPATCH,UNIT_SCADA,1,"2019/08/20 19:55:00",TREVALLN,71.000020
D,DISPATCH,UNIT_SCADA,1,"2019/08/20 19:55:00",TRIBUTE,70.72
D,DISPATCH,UNIT_SCADA,1,"2019/08/20 19:55:00",TUMUT3,696.429990
D,DISPATCH,UNIT_SCADA,1,"2019/08/20 19:55:00",TUNGATIN,121.870030
D,DISPATCH,UNIT_SCADA,1,"2019/08/20 19:55:00",TVCC201,0
D,DISPATCH,UNIT_SCADA,1,"2019/08/20 19:55:00",TVPP104,0
D,DISPATCH,UNIT_SCADA,1,"2019/08/20 19:55:00",UPPTUMUT,0
D,DISPATCH,UNIT_SCADA,1,"2019/08/20 19:55:00",URANQ11,0
D,DISPATCH,UNIT_SCADA,1,"2019/08/20 19:55:00",URANQ12,0
D,DISPATCH,UNIT_SCADA,1,"2019/08/20 19:55:00",URANQ13,0
D,DISPATCH,UNIT_SCADA,1,"2019/08/20 19:55:00",URANQ14,0
D,DISPATCH,UNIT_SCADA,1,"2019/08/20 19:55:00",VP5,627.50
D,DISPATCH,UNIT_SCADA,1,"2019/08/20 19:55:00",VP6,548.450010
D,DISPATCH,UNIT_SCADA,1,"2019/08/20 19:55:00",VPGS1,0
D,DISPATCH,UNIT_SCADA,1,"2019/08/20 19:55:00",VPGS2,0
D,DISPATCH,UNIT_SCADA,1,"2019/08/20 19:55:00",VPGS3,0
D,DISPATCH,UNIT_SCADA,1,"2019/08/20 19:55:00",VPGS4,0
D,DISPATCH,UNIT_SCADA,1,"2019/08/20 19:55:00",VPGS5,0
D,DISPATCH,UNIT_SCADA,1,"2019/08/20 19:55:00",VPGS6,0
D,DISPATCH,UNIT_SCADA,1,"2019/08/20 19:55:00",W/HOE#1,286.859990
D,DISPATCH,UNIT_SCADA,1,"2019/08/20 19:55:00",W/HOE#2,0
D,DISPATCH,UNIT_SCADA,1,"2019/08/20 19:55:00",WATERLWF,120.40
D,DISPATCH,UNIT_SCADA,1,"2019/08/20 19:55:00",WEMENSF1,0
D,DISPATCH,UNIT_SCADA,1,"2019/08/20 19:55:00",WGWF1,91
D,DISPATCH,UNIT_SCADA,1,"2019/08/20 19:55:00",WHITSF1,0
D,DISPATCH,UNIT_SCADA,1,"2019/08/20 19:55:00",WKIEWA1,0
D,DISPATCH,UNIT_SCADA,1,"2019/08/20 19:55:00",WKIEWA2,0.10
D,DISPATCH,UNIT_SCADA,1,"2019/08/20 19:55:00",WOODLWN1,44.819990
D,DISPATCH,UNIT_SCADA,1,"2019/08/20 19:55:00",WRSF1,0
D,DISPATCH,UNIT_SCADA,1,"2019/08/20 19:55:00",WRWF1,139.3325
D,DISPATCH,UNIT_SCADA,1,"2019/08/20 19:55:00",YABULU,0
D,DISPATCH,UNIT_SCADA,1,"2019/08/20 19:55:00",YABULU2,0
D,DISPATCH,UNIT_SCADA,1,"2019/08/20 19:55:00",YARWUN_1,0
D,DISPATCH,UNIT_SCADA,1,"2019/08/20 19:55:00",YENDWF1,42.10
D,DISPATCH,UNIT_SCADA,1,"2019/08/20 19:55:00",YWPS1,376.941770
D,DISPATCH,UNIT_SCADA,1,"2019/08/20 19:55:00",YWPS2,279.445560
D,DISPATCH,UNIT_SCADA,1,"2019/08/20 19:55:00",YWPS3,0
D,DISPATCH,UNIT_SCADA,1,"2019/08/20 19:55:00",YWPS4,391.850650
C,"END OF REPORT",334
