C,NEMP.WORLD,DISPATCHSCADA,AEMO,PUBLIC,2019/08/20,20:50:07,0000000311800359,DISPATCHSCADA,0000000311800353
I,DISPATCH,UNIT_SCADA,1,SETTLEMENTDATE,DUID,SCADAVALUE
D,DISPATCH,UNIT_SCADA,1,"2019/08/20 20:55:00",BARCSF1,0.50
D,DISPATCH,UNIT_SCADA,1,"2019/08/20 20:55:00",BUTLERSG,9.699999
D,DISPATCH,UNIT_SCADA,1,"2019/08/20 20:55:00",CALL_A_4,0
D,DISPATCH,UNIT_SCADA,1,"2019/08/20 20:55:00",CAPTL_WF,134.220001
D,DISPATCH,UNIT_SCADA,1,"2019/08/20 20:55:00",CATHROCK,54.169998
D,DISPATCH,UNIT_SCADA,1,"2019/08/20 20:55:00",CHALLHWF,27.400002
D,DISPATCH,UNIT_SCADA,1,"2019/08/20 20:55:00",CLOVER,0
D,DISPATCH,UNIT_SCADA,1,"2019/08/20 20:55:00",CLUNY,19.554588
D,DISPATCH,UNIT_SCADA,1,"2019/08/20 20:55:00",CNUNDAWF,40.847649
D,DISPATCH,UNIT_SCADA,1,"2019/08/20 20:55:00",CULLRGWF,29.83
D,DISPATCH,UNIT_SCADA,1,"2019/08/20 20:55:00",ERGT01,0
D,DISPATCH,UNIT_SCADA,1,"2019/08/20 20:55:00",GB01,0.071815
D,DISPATCH,UNIT_SCADA,1,"2019/08/20 20:55:00",GERMCRK,37.599998
D,DISPATCH,UNIT_SCADA,1,"2019/08/20 20:55:00",GRIFSF1,0
D,DISPATCH,UNIT_SCADA,1,"2019/08/20 20:55:00",HUGSF1,-0.2040
D,DISPATCH,UNIT_SCADA,1,"2019/08/20 20:55:00",LKBONNY1,74.841248
D,DISPATCH,UNIT_SCADA,1,"2019/08/20 20:55:00",LRSF1,0.0290
D,DISPATCH,UNIT_SCADA,1,"2019/08/20 20:55:00",MBAHNTH,56.043747
D,DISPATCH,UNIT_SCADA,1,"2019/08/20 20:55:00",MLSP1,0.283001
D,DISPATCH,UNIT_SCADA,1,"2019/08/20 20:55:00",MLWF1,19.5450
D,DISPATCH,UNIT_SCADA,1,"2019/08/20 20:55:00",MTMILLAR,24.228910
D,DISPATCH,UNIT_SCADA,1,"2019/08/20 20:55:00",PALOONA,23.09
D,DISPATCH,UNIT_SCADA,1,"2019/08/20 20:55:00",PIONEER,30.60
D,DISPATCH,UNIT_SCADA,1,"2019/08/20 20:55:00",PORTWF,137.100006
D,DISPATCH,UNIT_SCADA,1,"2019/08/20 20:55:00",REPULSE,29.095293
D,DISPATCH,UNIT_SCADA,1,"2019/08/20 20:55:00",ROWALLAN,10.2737
D,DISPATCH,UNIT_SCADA,1,"2019/08/20 20:55:00",ROYALLA1,0
D,DISPATCH,UNIT_SCADA,1,"2019/08/20 20:55:00",RPCG,10.70
D,DISPATCH,UNIT_SCADA,1,"2019/08/20 20:55:00",RUBICON,0
D,DISPATCH,UNIT_SCADA,1,"2019/08/20 20:55:00",SATGN1,0
D,DISPATCH,UNIT_SCADA,1,"2019/08/20 20:55:00",SATGS1,0
D,DISPATCH,UNIT_SCADA,1,"2019/08/20 20:55:00",STARHLWF,15.195569
D,DISPATCH,UNIT_SCADA,1,"2019/08/20 20:55:00",WAUBRAWF,137.830994
D,DISPATCH,UNIT_SCADA,1,"2019/08/20 20:55:00",WOOLNTH1,55.180019
D,DISPATCH,UNIT_SCADA,1,"2019/08/20 20:55:00",WPWF,37
D,DISPATCH,UNIT_SCADA,1,"2019/08/20 20:55:00",YAMBUKWF,29.799999
D,DISPATCH,UNIT_SCADA,1,"2019/08/20 20:55:00",YSWF1,28.40
D,DISPATCH,UNIT_SCADA,1,"2019/08/20 20:55:00",AGLHAL,0
D,DISPATCH,UNIT_SCADA,1,"2019/08/20 20:55:00",AGLSOM,79.90
D,DISPATCH,UNIT_SCADA,1,"2019/08/20 20:55:00",ANGAST1,0
D,DISPATCH,UNIT_SCADA,1,"2019/08/20 20:55:00",ARWF1,45.80
D,DISPATCH,UNIT_SCADA,1,"2019/08/20 20:55:00",BALBG1,0
D,DISPATCH,UNIT_SCADA,1,"2019/08/20 20:55:00",BALBL1,2.79
D,DISPATCH,UNIT_SCADA,1,"2019/08/20 20:55:00",BALDHWF1,103.1040
D,DISPATCH,UNIT_SCADA,1,"2019/08/20 20:55:00",BANN1,0
D,DISPATCH,UNIT_SCADA,1,"2019/08/20 20:55:00",BARCALDN,0
D,DISPATCH,UNIT_SCADA,1,"2019/08/20 20:55:00",BARRON-1,0
D,DISPATCH,UNIT_SCADA,1,"2019/08/20 20:55:00",BARRON-2,28.56
D,DISPATCH,UNIT_SCADA,1,"2019/08/20 20:55:00",BASTYAN,80.16
D,DISPATCH,UNIT_SCADA,1,"2019/08/20 20:55:00",BBTHREE1,-1.76
D,DISPATCH,UNIT_SCADA,1,"2019/08/20 20:55:00",BBTHREE2,-1.78
D,DISPATCH,UNIT_SCADA,1,"2019/08/20 20:55:00",BBTHREE3,0
D,DISPATCH,UNIT_SCADA,1,"2019/08/20 20:55:00",BDL01,0
D,DISPATCH,UNIT_SCADA,1,"2019/08/20 20:55:00",BDL02,-0.06
D,DISPATCH,UNIT_SCADA,1,"2019/08/20 20:55:00",BERYLSF1,0
D,DISPATCH,UNIT_SCADA,1,"2019/08/20 20:55:00",BLOWERNG,0
D,DISPATCH,UNIT_SCADA,1,"2019/08/20 20:55:00",BLUFF1,43.80
D,DISPATCH,UNIT_SCADA,1,"2019/08/20 20:55:00",BNGSF1,0
D,DISPATCH,UNIT_SCADA,1,"2019/08/20 20:55:00",BNGSF2,0
D,DISPATCH,UNIT_SCADA,1,"2019/08/20 20:55:00",BOCORWF1,96.14
D,DISPATCH,UNIT_SCADA,1,"2019/08/20 20:55:00",BODWF1,56.582470
D,DISPATCH,UNIT_SCADA,1,"2019/08/20 20:55:00",BRAEMAR1,0
D,DISPATCH,UNIT_SCADA,1,"2019/08/20 20:55:00",BRAEMAR2,173
D,DISPATCH,UNIT_SCADA,1,"2019/08/20 20:55:00",BRAEMAR3,0
D,DISPATCH,UNIT_SCADA,1,"2019/08/20 20:55:00",BRAEMAR5,0
D,DISPATCH,UNIT_SCADA,1,"2019/08/20 20:55:00",BRAEMAR6,139.775410
D,DISPATCH,UNIT_SCADA,1,"2019/08/20 20:55:00",BRAEMAR7,0
D,DISPATCH,UNIT_SCADA,1,"2019/08/20 20:55:00",BROKENH1,0
D,DISPATCH,UNIT_SCADA,1,"2019/08/20 20:55:00",BW01,650.924930
D,DISPATCH,UNIT_SCADA,1,"2019/08/20 20:55:00",BW02,665.849980
D,DISPATCH,UNIT_SCADA,1,"2019/08/20 20:55:00",BW03,652.775020
D,DISPATCH,UNIT_SCADA,1,"2019/08/20 20:55:00",BW04,0
D,DISPATCH,UNIT_SCADA,1,"2019/08/20 20:55:00",CALL_B_1,349
D,DISPATCH,UNIT_SCADA,1,"2019/08/20 20:55:00",CALL_B_2,300
D,DISPATCH,UNIT_SCADA,1,"2019/08/20 20:55:00",CETHANA,96.208630
D,DISPATCH,UNIT_SCADA,1,"2019/08/20 20:55:00",CG1,0
D,DISPATCH,UNIT_SCADA,1,"2019/08/20 20:55:00",CG2,0
D,DISPATCH,UNIT_SCADA,1,"2019/08/20 20:55:00",CG3,0
D,DISPATCH,UNIT_SCADA,1,"2019/08/20 20:55:00",CG4,0
D,DISPATCH,UNIT_SCADA,1,"2019/08/20 20:55:00",CHILDSF1,0
D,DISPATCH,UNIT_SCADA,1,"2019/08/20 20:55:00",CLARESF1,0
D,DISPATCH,UNIT_SCADA,1,"2019/08/20 20:55:00",CLEMGPWF,42.7888
D,DISPATCH,UNIT_SCADA,1,"2019/08/20 20:55:00",CLERMSF1,0
D,DISPATCH,UNIT_SCADA,1,"2019/08/20 20:55:00",COLEASF1,0
D,DISPATCH,UNIT_SCADA,1,"2019/08/20 20:55:00",COOPGWF1,26.988770
D,DISPATCH,UNIT_SCADA,1,"2019/08/20 20:55:00",CPP_3,405.350010
D,DISPATCH,UNIT_SCADA,1,"2019/08/20 20:55:00",CPP_4,279.675020
D,DISPATCH,UNIT_SCADA,1,"2019/08/20 20:55:00",CPSA,141.461240
D,DISPATCH,UNIT_SCADA,1,"2019/08/20 20:55:00",CROOKWF2,88.263750
D,DISPATCH,UNIT_SCADA,1,"2019/08/20 20:55:00",CROWLWF1,52.420610
D,DISPATCH,UNIT_SCADA,1,"2019/08/20 20:55:00",CSPVPS1,0
D,DISPATCH,UNIT_SCADA,1,"2019/08/20 20:55:00",DALNTH01,0
D,DISPATCH,UNIT_SCADA,1,"2019/08/20 20:55:00",DALNTHL1,0.010680
D,DISPATCH,UNIT_SCADA,1,"2019/08/20 20:55:00",DARTM1,134.399990
D,DISPATCH,UNIT_SCADA,1,"2019/08/20 20:55:00",DAYDSF1,0
D,DISPATCH,UNIT_SCADA,1,"2019/08/20 20:55:00",DDPS1,345.527890
D,DISPATCH,UNIT_SCADA,1,"2019/08/20 20:55:00",DDSF1,0
D,DISPATCH,UNIT_SCADA,1,"2019/08/20 20:55:00",DEVILS_G,59.8529
D,DISPATCH,UNIT_SCADA,1,"2019/08/20 20:55:00",DG_NSW1,0
D,DISPATCH,UNIT_SCADA,1,"2019/08/20 20:55:00",DG_QLD1,0
D,DISPATCH,UNIT_SCADA,1,"2019/08/20 20:55:00",DG_SA1,0
D,DISPATCH,UNIT_SCADA,1,"2019/08/20 20:55:00",DG_TAS1,0
D,DISPATCH,UNIT_SCADA,1,"2019/08/20 20:55:00",DG_VIC1,0
D,DISPATCH,UNIT_SCADA,1,"2019/08/20 20:55:00",DRYCGT1,0
D,DISPATCH,UNIT_SCADA,1,"2019/08/20 20:55:00",DRYCGT2,0
D,DISPATCH,UNIT_SCADA,1,"2019/08/20 20:55:00",DRYCGT3,0
D,DISPATCH,UNIT_SCADA,1,"2019/08/20 20:55:00",EILDON1,0
D,DISPATCH,UNIT_SCADA,1,"2019/08/20 20:55:00",EILDON2,0
D,DISPATCH,UNIT_SCADA,1,"2019/08/20 20:55:00",EMERASF1,0
D,DISPATCH,UNIT_SCADA,1,"2019/08/20 20:55:00",ER01,582.050050
D,DISPATCH,UNIT_SCADA,1,"2019/08/20 20:55:00",ER02,693.224980
D,DISPATCH,UNIT_SCADA,1,"2019/08/20 20:55:00",ER03,699.8750
D,DISPATCH,UNIT_SCADA,1,"2019/08/20 20:55:00",ER04,694.3750
D,DISPATCH,UNIT_SCADA,1,"2019/08/20 20:55:00",FINLYSF1,0
D,DISPATCH,UNIT_SCADA,1,"2019/08/20 20:55:00",FISHER,44.85
D,DISPATCH,UNIT_SCADA,1,"2019/08/20 20:55:00",GANNBG1,0
D,DISPATCH,UNIT_SCADA,1,"2019/08/20 20:55:00",GANNBL1,0.9478
D,DISPATCH,UNIT_SCADA,1,"2019/08/20 20:55:00",GANNSF1,0
D,DISPATCH,UNIT_SCADA,1,"2019/08/20 20:55:00",GORDON,0
D,DISPATCH,UNIT_SCADA,1,"2019/08/20 20:55:00",GSTONE1,220.50
D,DISPATCH,UNIT_SCADA,1,"2019/08/20 20:55:00",GSTONE2,219.80
D,DISPATCH,UNIT_SCADA,1,"2019/08/20 20:55:00",GSTONE3,219.974990
D,DISPATCH,UNIT_SCADA,1,"2019/08/20 20:55:00",GSTONE4,221.20
D,DISPATCH,UNIT_SCADA,1,"2019/08/20 20:55:00",GSTONE5,211.399990
D,DISPATCH,UNIT_SCADA,1,"2019/08/20 20:55:00",GSTONE6,0
D,DISPATCH,UNIT_SCADA,1,"2019/08/20 20:55:00",GULLRSF1,0
D,DISPATCH,UNIT_SCADA,1,"2019/08/20 20:55:00",GULLRWF1,141.7377
D,DISPATCH,UNIT_SCADA,1,"2019/08/20 20:55:00",GUNNING1,45.801750
D,DISPATCH,UNIT_SCADA,1,"2019/08/20 20:55:00",GUTHEGA,31.10
D,DISPATCH,UNIT_SCADA,1,"2019/08/20 20:55:00",HALLWF1,89.22
D,DISPATCH,UNIT_SCADA,1,"2019/08/20 20:55:00",HALLWF2,66.34
D,DISPATCH,UNIT_SCADA,1,"2019/08/20 20:55:00",HAMISF1,0
D,DISPATCH,UNIT_SCADA,1,"2019/08/20 20:55:00",HAUGHT11,0
D,DISPATCH,UNIT_SCADA,1,"2019/08/20 20:55:00",HAYMSF1,0
D,DISPATCH,UNIT_SCADA,1,"2019/08/20 20:55:00",HDWF1,74.60
D,DISPATCH,UNIT_SCADA,1,"2019/08/20 20:55:00",HDWF2,48.70
D,DISPATCH,UNIT_SCADA,1,"2019/08/20 20:55:00",HDWF3,64
D,DISPATCH,UNIT_SCADA,1,"2019/08/20 20:55:00",HPRG1,0
D,DISPATCH,UNIT_SCADA,1,"2019/08/20 20:55:00",HPRL1,14.20
D,DISPATCH,UNIT_SCADA,1,"2019/08/20 20:55:00",HUMENSW,0
D,DISPATCH,UNIT_SCADA,1,"2019/08/20 20:55:00",HUMEV,8
D,DISPATCH,UNIT_SCADA,1,"2019/08/20 20:55:00",HVGTS,0
D,DISPATCH,UNIT_SCADA,1,"2019/08/20 20:55:00",JBUTTERS,131.259990
D,DISPATCH,UNIT_SCADA,1,"2019/08/20 20:55:00",JLA01,0.50
D,DISPATCH,UNIT_SCADA,1,"2019/08/20 20:55:00",JLA02,0
D,DISPATCH,UNIT_SCADA,1,"2019/08/20 20:55:00",JLA03,0.10
D,DISPATCH,UNIT_SCADA,1,"2019/08/20 20:55:00",JLA04,0.10
D,DISPATCH,UNIT_SCADA,1,"2019/08/20 20:55:00",JLB01,0
D,DISPATCH,UNIT_SCADA,1,"2019/08/20 20:55:00",JLB02,0.10
D,DISPATCH,UNIT_SCADA,1,"2019/08/20 20:55:00",JLB03,0
D,DISPATCH,UNIT_SCADA,1,"2019/08/20 20:55:00",KAREEYA1,21.4850
D,DISPATCH,UNIT_SCADA,1,"2019/08/20 20:55:00",KAREEYA2,21.7425
D,DISPATCH,UNIT_SCADA,1,"2019/08/20 20:55:00",KAREEYA3,0
D,DISPATCH,UNIT_SCADA,1,"2019/08/20 20:55:00",KAREEYA4,21.7150
D,DISPATCH,UNIT_SCADA,1,"2019/08/20 20:55:00",KARSF1,0
D,DISPATCH,UNIT_SCADA,1,"2019/08/20 20:55:00",KIATAWF1,30.80
D,DISPATCH,UNIT_SCADA,1,"2019/08/20 20:55:00",KPP_1,0
D,DISPATCH,UNIT_SCADA,1,"2019/08/20 20:55:00",KSP1,0
D,DISPATCH,UNIT_SCADA,1,"2019/08/20 20:55:00",LADBROK1,0
D,DISPATCH,UNIT_SCADA,1,"2019/08/20 20:55:00",LADBROK2,0
D,DISPATCH,UNIT_SCADA,1,"2019/08/20 20:55:00",LD01,421.350040
D,DISPATCH,UNIT_SCADA,1,"2019/08/20 20:55:00",LD02,419.1937
D,DISPATCH,UNIT_SCADA,1,"2019/08/20 20:55:00",LD03,419.324980
D,DISPATCH,UNIT_SCADA,1,"2019/08/20 20:55:00",LD04,378.956180
D,DISPATCH,UNIT_SCADA,1,"2019/08/20 20:55:00",LEM_WIL,85.5611
D,DISPATCH,UNIT_SCADA,1,"2019/08/20 20:55:00",LGAPWF1,23.88
D,DISPATCH,UNIT_SCADA,1,"2019/08/20 20:55:00",LILYSF1,0
D,DISPATCH,UNIT_SCADA,1,"2019/08/20 20:55:00",LI_WY_CA,149.369510
D,DISPATCH,UNIT_SCADA,1,"2019/08/20 20:55:00",LKBONNY2,153.215070
D,DISPATCH,UNIT_SCADA,1,"2019/08/20 20:55:00",LKBONNY3,35.558620
D,DISPATCH,UNIT_SCADA,1,"2019/08/20 20:55:00",LK_ECHO,0
D,DISPATCH,UNIT_SCADA,1,"2019/08/20 20:55:00",LNGS1,0
D,DISPATCH,UNIT_SCADA,1,"2019/08/20 20:55:00",LNGS2,0
D,DISPATCH,UNIT_SCADA,1,"2019/08/20 20:55:00",LONSDALE,0
D,DISPATCH,UNIT_SCADA,1,"2019/08/20 20:55:00",LOYYB1,534.584840
D,DISPATCH,UNIT_SCADA,1,"2019/08/20 20:55:00",LOYYB2,578.194950
D,DISPATCH,UNIT_SCADA,1,"2019/08/20 20:55:00",LYA1,558
D,DISPATCH,UNIT_SCADA,1,"2019/08/20 20:55:00",LYA2,0
D,DISPATCH,UNIT_SCADA,1,"2019/08/20 20:55:00",LYA3,560
D,DISPATCH,UNIT_SCADA,1,"2019/08/20 20:55:00",LYA4,540
D,DISPATCH,UNIT_SCADA,1,"2019/08/20 20:55:00",MACARTH1,357.791750
D,DISPATCH,UNIT_SCADA,1,"2019/08/20 20:55:00",MACKAYGT,0
D,DISPATCH,UNIT_SCADA,1,"2019/08/20 20:55:00",MACKNTSH,84.94
D,DISPATCH,UNIT_SCADA,1,"2019/08/20 20:55:00",MANSLR1,0
D,DISPATCH,UNIT_SCADA,1,"2019/08/20 20:55:00",MCKAY1,0.02
D,DISPATCH,UNIT_SCADA,1,"2019/08/20 20:55:00",MEADOWBK,33.7244
D,DISPATCH,UNIT_SCADA,1,"2019/08/20 20:55:00",MERCER01,126.663010
D,DISPATCH,UNIT_SCADA,1,"2019/08/20 20:55:00",MEWF1,51.589120
D,DISPATCH,UNIT_SCADA,1,"2019/08/20 20:55:00",MINTARO,0
D,DISPATCH,UNIT_SCADA,1,"2019/08/20 20:55:00",MOREESF1,0
D,DISPATCH,UNIT_SCADA,1,"2019/08/20 20:55:00",MORTLK11,115
D,DISPATCH,UNIT_SCADA,1,"2019/08/20 20:55:00",MORTLK12,0
D,DISPATCH,UNIT_SCADA,1,"2019/08/20 20:55:00",MP1,278.8750
D,DISPATCH,UNIT_SCADA,1,"2019/08/20 20:55:00",MP2,0
D,DISPATCH,UNIT_SCADA,1,"2019/08/20 20:55:00",MPP_1,405.25
D,DISPATCH,UNIT_SCADA,1,"2019/08/20 20:55:00",MPP_2,424.25
D,DISPATCH,UNIT_SCADA,1,"2019/08/20 20:55:00",MSTUART1,0
D,DISPATCH,UNIT_SCADA,1,"2019/08/20 20:55:00",MSTUART2,0
D,DISPATCH,UNIT_SCADA,1,"2019/08/20 20:55:00",MSTUART3,0
D,DISPATCH,UNIT_SCADA,1,"2019/08/20 20:55:00",MTGELWF1,64.787740
D,DISPATCH,UNIT_SCADA,1,"2019/08/20 20:55:00",MURRAY,0
D,DISPATCH,UNIT_SCADA,1,"2019/08/20 20:55:00",MUSSELR1,28.80
D,DISPATCH,UNIT_SCADA,1,"2019/08/20 20:55:00",MUWAWF1,49.87
D,DISPATCH,UNIT_SCADA,1,"2019/08/20 20:55:00",NBHWF1,97.10
D,DISPATCH,UNIT_SCADA,1,"2019/08/20 20:55:00",NPS,229.1250
D,DISPATCH,UNIT_SCADA,1,"2019/08/20 20:55:00",NUMURSF1,0
D,DISPATCH,UNIT_SCADA,1,"2019/08/20 20:55:00",NYNGAN1,0
D,DISPATCH,UNIT_SCADA,1,"2019/08/20 20:55:00",OAKEY1,0
D,DISPATCH,UNIT_SCADA,1,"2019/08/20 20:55:00",OAKEY1SF,0.0380
D,DISPATCH,UNIT_SCADA,1,"2019/08/20 20:55:00",OAKEY2,0
D,DISPATCH,UNIT_SCADA,1,"2019/08/20 20:55:00",OAKLAND1,61.50
D,DISPATCH,UNIT_SCADA,1,"2019/08/20 20:55:00",OSB-AG,183.570010
D,DISPATCH,UNIT_SCADA,1,"2019/08/20 20:55:00",PARSF1,0
D,DISPATCH,UNIT_SCADA,1,"2019/08/20 20:55:00",POAT110,0
D,DISPATCH,UNIT_SCADA,1,"2019/08/20 20:55:00",POAT220,2.8612
D,DISPATCH,UNIT_SCADA,1,"2019/08/20 20:55:00",POR01,0
D,DISPATCH,UNIT_SCADA,1,"2019/08/20 20:55:00",POR03,0
D,DISPATCH,UNIT_SCADA,1,"2019/08/20 20:55:00",PPCCGT,494.340240
D,DISPATCH,UNIT_SCADA,1,"2019/08/20 20:55:00",PTSTAN1,0
D,DISPATCH,UNIT_SCADA,1,"2019/08/20 20:55:00",PUMP1,0
D,DISPATCH,UNIT_SCADA,1,"2019/08/20 20:55:00",PUMP2,0
D,DISPATCH,UNIT_SCADA,1,"2019/08/20 20:55:00",QPS1,0
D,DISPATCH,UNIT_SCADA,1,"2019/08/20 20:55:00",QPS2,0
D,DISPATCH,UNIT_SCADA,1,"2019/08/20 20:55:00",QPS3,0
D,DISPATCH,UNIT_SCADA,1,"2019/08/20 20:55:00",QPS4,0
D,DISPATCH,UNIT_SCADA,1,"2019/08/20 20:55:00",QPS5,0
D,DISPATCH,UNIT_SCADA,1,"2019/08/20 20:55:00",REECE1,117.190010
D,DISPATCH,UNIT_SCADA,1,"2019/08/20 20:55:00",REECE2,117.560010
D,DISPATCH,UNIT_SCADA,1,"2019/08/20 20:55:00",ROMA_7,0
D,DISPATCH,UNIT_SCADA,1,"2019/08/20 20:55:00",ROMA_8,0
D,DISPATCH,UNIT_SCADA,1,"2019/08/20 20:55:00",RRSF1,0
D,DISPATCH,UNIT_SCADA,1,"2019/08/20 20:55:00",RT_NSW1,0
D,DISPATCH,UNIT_SCADA,1,"2019/08/20 20:55:00",RT_NSW2,0
D,DISPATCH,UNIT_SCADA,1,"2019/08/20 20:55:00",RT_NSW3,0
D,DISPATCH,UNIT_SCADA,1,"2019/08/20 20:55:00",RT_NSW4,0
D,DISPATCH,UNIT_SCADA,1,"2019/08/20 20:55:00",RT_NSW5,0
D,DISPATCH,UNIT_SCADA,1,"2019/08/20 20:55:00",RT_NSW6,0
D,DISPATCH,UNIT_SCADA,1,"2019/08/20 20:55:00",RT_QLD1,0
D,DISPATCH,UNIT_SCADA,1,"2019/08/20 20:55:00",RT_SA1,0
D,DISPATCH,UNIT_SCADA,1,"2019/08/20 20:55:00",RT_SA2,0
D,DISPATCH,UNIT_SCADA,1,"2019/08/20 20:55:00",RT_SA3,0
D,DISPATCH,UNIT_SCADA,1,"2019/08/20 20:55:00",RT_SA4,0
D,DISPATCH,UNIT_SCADA,1,"2019/08/20 20:55:00",RT_SA5,0
D,DISPATCH,UNIT_SCADA,1,"2019/08/20 20:55:00",RT_SA6,0
D,DISPATCH,UNIT_SCADA,1,"2019/08/20 20:55:00",RT_TAS1,0
D,DISPATCH,UNIT_SCADA,1,"2019/08/20 20:55:00",RT_VIC1,0
D,DISPATCH,UNIT_SCADA,1,"2019/08/20 20:55:00",RT_VIC10,0
D,DISPATCH,UNIT_SCADA,1,"2019/08/20 20:55:00",RT_VIC11,0
D,DISPATCH,UNIT_SCADA,1,"2019/08/20 20:55:00",RT_VIC12,0
D,DISPATCH,UNIT_SCADA,1,"2019/08/20 20:55:00",RT_VIC2,0
D,DISPATCH,UNIT_SCADA,1,"2019/08/20 20:55:00",RT_VIC3,0
D,DISPATCH,UNIT_SCADA,1,"2019/08/20 20:55:00",RT_VIC4,0
D,DISPATCH,UNIT_SCADA,1,"2019/08/20 20:55:00",RT_VIC5,0
D,DISPATCH,UNIT_SCADA,1,"2019/08/20 20:55:00",RT_VIC6,0
D,DISPATCH,UNIT_SCADA,1,"2019/08/20 20:55:00",RT_VIC7,0
D,DISPATCH,UNIT_SCADA,1,"2019/08/20 20:55:00",RT_VIC8,0
D,DISPATCH,UNIT_SCADA,1,"2019/08/20 20:55:00",RT_VIC9,0
D,DISPATCH,UNIT_SCADA,1,"2019/08/20 20:55:00",RUGBYR1,0
D,DISPATCH,UNIT_SCADA,1,"2019/08/20 20:55:00",SALTCRK1,50.04
D,DISPATCH,UNIT_SCADA,1,"2019/08/20 20:55:00",SAPHWF1,171.984380
D,DISPATCH,UNIT_SCADA,1,"2019/08/20 20:55:00",SHGEN,0
D,DISPATCH,UNIT_SCADA,1,"2019/08/20 20:55:00",SHPUMP,0
D,DISPATCH,UNIT_SCADA,1,"2019/08/20 20:55:00",SITHE01,0.043330
D,DISPATCH,UNIT_SCADA,1,"2019/08/20 20:55:00",SMCSF1,0
D,DISPATCH,UNIT_SCADA,1,"2019/08/20 20:55:00",SNOWNTH1,125.70
D,DISPATCH,UNIT_SCADA,1,"2019/08/20 20:55:00",SNOWSTH1,112.90
D,DISPATCH,UNIT_SCADA,1,"2019/08/20 20:55:00",SNOWTWN1,85.922490
D,DISPATCH,UNIT_SCADA,1,"2019/08/20 20:55:00",SNOWYP,0
D,DISPATCH,UNIT_SCADA,1,"2019/08/20 20:55:00",SNUG1,0.019440
D,DISPATCH,UNIT_SCADA,1,"2019/08/20 20:55:00",SRSF1,0.07
D,DISPATCH,UNIT_SCADA,1,"2019/08/20 20:55:00",STAN-1,0
D,DISPATCH,UNIT_SCADA,1,"2019/08/20 20:55:00",STAN-2,364.576690
D,DISPATCH,UNIT_SCADA,1,"2019/08/20 20:55:00",STAN-3,351.348720
D,DISPATCH,UNIT_SCADA,1,"2019/08/20 20:55:00",STAN-4,368.4733
D,DISPATCH,UNIT_SCADA,1,"2019/08/20 20:55:00",STWF1,109.507490
D,DISPATCH,UNIT_SCADA,1,"2019/08/20 20:55:00",SWAN_E,0
D,DISPATCH,UNIT_SCADA,1,"2019/08/20 20:55:00",TALWA1,422
D,DISPATCH,UNIT_SCADA,1,"2019/08/20 20:55:00",TARALGA1,98.688750
D,DISPATCH,UNIT_SCADA,1,"2019/08/20 20:55:00",TARONG#1,345.200010
D,DISPATCH,UNIT_SCADA,1,"2019/08/20 20:55:00",TARONG#2,346.200010
D,DISPATCH,UNIT_SCADA,1,"2019/08/20 20:55:00",TARONG#3,259.800020
D,DISPATCH,UNIT_SCADA,1,"2019/08/20 20:55:00",TARONG#4,349.200010
D,DISPATCH,UNIT_SCADA,1,"2019/08/20 20:55:00",TARRALEA,85
D,DISPATCH,UNIT_SCADA,1,"2019/08/20 20:55:00",TBSF1,-0.20
D,DISPATCH,UNIT_SCADA,1,"2019/08/20 20:55:00",TNPS1,441.700010
D,DISPATCH,UNIT_SCADA,1,"2019/08/20 20:55:00",TORRA1,53.233410
D,DISPATCH,UNIT_SCADA,1,"2019/08/20 20:55:00",TORRA2,0
D,DISPATCH,UNIT_SCADA,1,"2019/08/20 20:55:00",TORRA3,0
D,DISPATCH,UNIT_SCADA,1,"2019/08/20 20:55:00",TORRA4,0
D,DISPATCH,UNIT_SCADA,1,"2019/08/20 20:55:00",TORRB1,60.95
D,DISPATCH,UNIT_SCADA,1,"2019/08/20 20:55:00",TORRB2,61.73
D,DISPATCH,UNIT_SCADA,1,"2019/08/20 20:55:00",TORRB3,0
D,DISPATCH,UNIT_SCADA,1,"2019/08/20 20:55:00",TORRB4,0
D,DISPATCH,UNIT_SCADA,1,"2019/08/20 20:55:00",TREVALLN,69.350020
D,DISPATCH,UNIT_SCADA,1,"2019/08/20 20:55:00",TRIBUTE,83.439990
D,DISPATCH,UNIT_SCADA,1,"2019/08/20 20:55:00",TUMUT3,279.260010
D,DISPATCH,UNIT_SCADA,1,"2019/08/20 20:55:00",TUNGATIN,105.800030
D,DISPATCH,UNIT_SCADA,1,"2019/08/20 20:55:00",TVCC201,0
D,DISPATCH,UNIT_SCADA,1,"2019/08/20 20:55:00",TVPP104,0
D,DISPATCH,UNIT_SCADA,1,"2019/08/20 20:55:00",UPPTUMUT,0
D,DISPATCH,UNIT_SCADA,1,"2019/08/20 20:55:00",URANQ11,0
D,DISPATCH,UNIT_SCADA,1,"2019/08/20 20:55:00",URANQ12,0
D,DISPATCH,UNIT_SCADA,1,"2019/08/20 20:55:00",URANQ13,0
D,DISPATCH,UNIT_SCADA,1,"2019/08/20 20:55:00",URANQ14,0
D,DISPATCH,UNIT_SCADA,1,"2019/08/20 20:55:00",VP5,597.900020
D,DISPATCH,UNIT_SCADA,1,"2019/08/20 20:55:00",VP6,518.025020
D,DISPATCH,UNIT_SCADA,1,"2019/08/20 20:55:00",VPGS1,0
D,DISPATCH,UNIT_SCADA,1,"2019/08/20 20:55:00",VPGS2,0
D,DISPATCH,UNIT_SCADA,1,"2019/08/20 20:55:00",VPGS3,0
D,DISPATCH,UNIT_SCADA,1,"2019/08/20 20:55:00",VPGS4,0
D,DISPATCH,UNIT_SCADA,1,"2019/08/20 20:55:00",VPGS5,0
D,DISPATCH,UNIT_SCADA,1,"2019/08/20 20:55:00",VPGS6,0
D,DISPATCH,UNIT_SCADA,1,"2019/08/20 20:55:00",W/HOE#1,201.86
D,DISPATCH,UNIT_SCADA,1,"2019/08/20 20:55:00",W/HOE#2,0
D,DISPATCH,UNIT_SCADA,1,"2019/08/20 20:55:00",WATERLWF,125
D,DISPATCH,UNIT_SCADA,1,"2019/08/20 20:55:00",WEMENSF1,0
D,DISPATCH,UNIT_SCADA,1,"2019/08/20 20:55:00",WGWF1,100.50
D,DISPATCH,UNIT_SCADA,1,"2019/08/20 20:55:00",WHITSF1,0
D,DISPATCH,UNIT_SCADA,1,"2019/08/20 20:55:00",WKIEWA1,0
D,DISPATCH,UNIT_SCADA,1,"2019/08/20 20:55:00",WKIEWA2,17.10
D,DISPATCH,UNIT_SCADA,1,"2019/08/20 20:55:00",WOODLWN1,45.071990
D,DISPATCH,UNIT_SCADA,1,"2019/08/20 20:55:00",WRSF1,0
D,DISPATCH,UNIT_SCADA,1,"2019/08/20 20:55:00",WRWF1,142.022490
D,DISPATCH,UNIT_SCADA,1,"2019/08/20 20:55:00",YABULU,0
D,DISPATCH,UNIT_SCADA,1,"2019/08/20 20:55:00",YABULU2,0
D,DISPATCH,UNIT_SCADA,1,"2019/08/20 20:55:00",YARWUN_1,0
D,DISPATCH,UNIT_SCADA,1,"2019/08/20 20:55:00",YENDWF1,41.84
D,DISPATCH,UNIT_SCADA,1,"2019/08/20 20:55:00",YWPS1,377.944310
D,DISPATCH,UNIT_SCADA,1,"2019/08/20 20:55:00",YWPS2,279.445560
D,DISPATCH,UNIT_SCADA,1,"2019/08/20 20:55:00",YWPS3,0
D,DISPATCH,UNIT_SCADA,1,"2019/08/20 20:55:00",YWPS4,394.955690
C,"END OF REPORT",334
