C,NEMP.WORLD,DISPATCHSCADA,AEMO,PUBLIC,2019/08/21,18:30:07,0000000311836570,DISPATCHSCADA,0000000311836564
I,DISPATCH,UNIT_SCADA,1,SETTLEMENTDATE,DUID,SCADAVALUE
D,DISPATCH,UNIT_SCADA,1,"2019/08/21 18:35:00",BARCSF1,0.70
D,DISPATCH,UNIT_SCADA,1,"2019/08/21 18:35:00",BUTLERSG,9.699999
D,DISPATCH,UNIT_SCADA,1,"2019/08/21 18:35:00",CALL_A_4,0
D,DISPATCH,UNIT_SCADA,1,"2019/08/21 18:35:00",CAPTL_WF,131.268005
D,DISPATCH,UNIT_SCADA,1,"2019/08/21 18:35:00",CATHROCK,32.649998
D,DISPATCH,UNIT_SCADA,1,"2019/08/21 18:35:00",CHALLHWF,30.799999
D,DISPATCH,UNIT_SCADA,1,"2019/08/21 18:35:00",CLOVER,0
D,DISPATCH,UNIT_SCADA,1,"2019/08/21 18:35:00",CLUNY,20.149691
D,DISPATCH,UNIT_SCADA,1,"2019/08/21 18:35:00",CNUNDAWF,40.347069
D,DISPATCH,UNIT_SCADA,1,"2019/08/21 18:35:00",CULLRGWF,30.49
D,DISPATCH,UNIT_SCADA,1,"2019/08/21 18:35:00",ERGT01,0
D,DISPATCH,UNIT_SCADA,1,"2019/08/21 18:35:00",GB01,0.069134
D,DISPATCH,UNIT_SCADA,1,"2019/08/21 18:35:00",GERMCRK,35.099998
D,DISPATCH,UNIT_SCADA,1,"2019/08/21 18:35:00",GRIFSF1,0
D,DISPATCH,UNIT_SCADA,1,"2019/08/21 18:35:00",HUGSF1,-0.1430
D,DISPATCH,UNIT_SCADA,1,"2019/08/21 18:35:00",LKBONNY1,70.375778
D,DISPATCH,UNIT_SCADA,1,"2019/08/21 18:35:00",LRSF1,0.0390
D,DISPATCH,UNIT_SCADA,1,"2019/08/21 18:35:00",MBAHNTH,55.856247
D,DISPATCH,UNIT_SCADA,1,"2019/08/21 18:35:00",MLSP1,0.271001
D,DISPATCH,UNIT_SCADA,1,"2019/08/21 18:35:00",MLWF1,19.185001
D,DISPATCH,UNIT_SCADA,1,"2019/08/21 18:35:00",MTMILLAR,16.795040
D,DISPATCH,UNIT_SCADA,1,"2019/08/21 18:35:00",PALOONA,23.769999
D,DISPATCH,UNIT_SCADA,1,"2019/08/21 18:35:00",PIONEER,28.200001
D,DISPATCH,UNIT_SCADA,1,"2019/08/21 18:35:00",PORTWF,141.300003
D,DISPATCH,UNIT_SCADA,1,"2019/08/21 18:35:00",REPULSE,28.784008
D,DISPATCH,UNIT_SCADA,1,"2019/08/21 18:35:00",ROWALLAN,10.3163
D,DISPATCH,UNIT_SCADA,1,"2019/08/21 18:35:00",ROYALLA1,0
D,DISPATCH,UNIT_SCADA,1,"2019/08/21 18:35:00",RPCG,11.40
D,DISPATCH,UNIT_SCADA,1,"2019/08/21 18:35:00",RUBICON,0
D,DISPATCH,UNIT_SCADA,1,"2019/08/21 18:35:00",SATGN1,0
D,DISPATCH,UNIT_SCADA,1,"2019/08/21 18:35:00",SATGS1,0
D,DISPATCH,UNIT_SCADA,1,"2019/08/21 18:35:00",STARHLWF,3.698921
D,DISPATCH,UNIT_SCADA,1,"2019/08/21 18:35:00",WAUBRAWF,162.559998
D,DISPATCH,UNIT_SCADA,1,"2019/08/21 18:35:00",WOOLNTH1,134.100021
D,DISPATCH,UNIT_SCADA,1,"2019/08/21 18:35:00",WPWF,63
D,DISPATCH,UNIT_SCADA,1,"2019/08/21 18:35:00",YAMBUKWF,29.50
D,DISPATCH,UNIT_SCADA,1,"2019/08/21 18:35:00",YSWF1,28.40
D,DISPATCH,UNIT_SCADA,1,"2019/08/21 18:35:00",AGLHAL,0
D,DISPATCH,UNIT_SCADA,1,"2019/08/21 18:35:00",AGLSOM,0
D,DISPATCH,UNIT_SCADA,1,"2019/08/21 18:35:00",ANGAST1,0
D,DISPATCH,UNIT_SCADA,1,"2019/08/21 18:35:00",ARWF1,119.400010
D,DISPATCH,UNIT_SCADA,1,"2019/08/21 18:35:00",BALBG1,0
D,DISPATCH,UNIT_SCADA,1,"2019/08/21 18:35:00",BALBL1,0
D,DISPATCH,UNIT_SCADA,1,"2019/08/21 18:35:00",BALDHWF1,101.0450
D,DISPATCH,UNIT_SCADA,1,"2019/08/21 18:35:00",BANN1,0
D,DISPATCH,UNIT_SCADA,1,"2019/08/21 18:35:00",BARCALDN,0
D,DISPATCH,UNIT_SCADA,1,"2019/08/21 18:35:00",BARRON-1,0
D,DISPATCH,UNIT_SCADA,1,"2019/08/21 18:35:00",BARRON-2,27.48
D,DISPATCH,UNIT_SCADA,1,"2019/08/21 18:35:00",BASTYAN,78.360010
D,DISPATCH,UNIT_SCADA,1,"2019/08/21 18:35:00",BBTHREE1,-1.82
D,DISPATCH,UNIT_SCADA,1,"2019/08/21 18:35:00",BBTHREE2,-1.85
D,DISPATCH,UNIT_SCADA,1,"2019/08/21 18:35:00",BBTHREE3,0
D,DISPATCH,UNIT_SCADA,1,"2019/08/21 18:35:00",BDL01,42.96
D,DISPATCH,UNIT_SCADA,1,"2019/08/21 18:35:00",BDL02,0
D,DISPATCH,UNIT_SCADA,1,"2019/08/21 18:35:00",BERYLSF1,0
D,DISPATCH,UNIT_SCADA,1,"2019/08/21 18:35:00",BLOWERNG,0
D,DISPATCH,UNIT_SCADA,1,"2019/08/21 18:35:00",BLUFF1,26.40
D,DISPATCH,UNIT_SCADA,1,"2019/08/21 18:35:00",BNGSF1,0
D,DISPATCH,UNIT_SCADA,1,"2019/08/21 18:35:00",BNGSF2,0
D,DISPATCH,UNIT_SCADA,1,"2019/08/21 18:35:00",BOCORWF1,109.49
D,DISPATCH,UNIT_SCADA,1,"2019/08/21 18:35:00",BODWF1,89.7886
D,DISPATCH,UNIT_SCADA,1,"2019/08/21 18:35:00",BRAEMAR1,0
D,DISPATCH,UNIT_SCADA,1,"2019/08/21 18:35:00",BRAEMAR2,173.200010
D,DISPATCH,UNIT_SCADA,1,"2019/08/21 18:35:00",BRAEMAR3,0
D,DISPATCH,UNIT_SCADA,1,"2019/08/21 18:35:00",BRAEMAR5,0
D,DISPATCH,UNIT_SCADA,1,"2019/08/21 18:35:00",BRAEMAR6,0
D,DISPATCH,UNIT_SCADA,1,"2019/08/21 18:35:00",BRAEMAR7,0
D,DISPATCH,UNIT_SCADA,1,"2019/08/21 18:35:00",BROKENH1,0
D,DISPATCH,UNIT_SCADA,1,"2019/08/21 18:35:00",BW01,637.175050
D,DISPATCH,UNIT_SCADA,1,"2019/08/21 18:35:00",BW02,626.474980
D,DISPATCH,UNIT_SCADA,1,"2019/08/21 18:35:00",BW03,637.175050
D,DISPATCH,UNIT_SCADA,1,"2019/08/21 18:35:00",BW04,0
D,DISPATCH,UNIT_SCADA,1,"2019/08/21 18:35:00",CALL_B_1,350.200010
D,DISPATCH,UNIT_SCADA,1,"2019/08/21 18:35:00",CALL_B_2,350.399990
D,DISPATCH,UNIT_SCADA,1,"2019/08/21 18:35:00",CETHANA,99.801120
D,DISPATCH,UNIT_SCADA,1,"2019/08/21 18:35:00",CG1,0
D,DISPATCH,UNIT_SCADA,1,"2019/08/21 18:35:00",CG2,0
D,DISPATCH,UNIT_SCADA,1,"2019/08/21 18:35:00",CG3,0
D,DISPATCH,UNIT_SCADA,1,"2019/08/21 18:35:00",CG4,0
D,DISPATCH,UNIT_SCADA,1,"2019/08/21 18:35:00",CHILDSF1,0.01
D,DISPATCH,UNIT_SCADA,1,"2019/08/21 18:35:00",CLARESF1,0
D,DISPATCH,UNIT_SCADA,1,"2019/08/21 18:35:00",CLEMGPWF,21.034220
D,DISPATCH,UNIT_SCADA,1,"2019/08/21 18:35:00",CLERMSF1,0
D,DISPATCH,UNIT_SCADA,1,"2019/08/21 18:35:00",COLEASF1,0
D,DISPATCH,UNIT_SCADA,1,"2019/08/21 18:35:00",COOPGWF1,36.487420
D,DISPATCH,UNIT_SCADA,1,"2019/08/21 18:35:00",CPP_3,405.075010
D,DISPATCH,UNIT_SCADA,1,"2019/08/21 18:35:00",CPP_4,403.425020
D,DISPATCH,UNIT_SCADA,1,"2019/08/21 18:35:00",CPSA,141.403120
D,DISPATCH,UNIT_SCADA,1,"2019/08/21 18:35:00",CROOKWF2,91.743750
D,DISPATCH,UNIT_SCADA,1,"2019/08/21 18:35:00",CROWLWF1,28.959740
D,DISPATCH,UNIT_SCADA,1,"2019/08/21 18:35:00",CSPVPS1,0.0430
D,DISPATCH,UNIT_SCADA,1,"2019/08/21 18:35:00",DALNTH01,5.970860
D,DISPATCH,UNIT_SCADA,1,"2019/08/21 18:35:00",DALNTHL1,0
D,DISPATCH,UNIT_SCADA,1,"2019/08/21 18:35:00",DARTM1,133.80
D,DISPATCH,UNIT_SCADA,1,"2019/08/21 18:35:00",DAYDSF1,0
D,DISPATCH,UNIT_SCADA,1,"2019/08/21 18:35:00",DDPS1,472.473450
D,DISPATCH,UNIT_SCADA,1,"2019/08/21 18:35:00",DDSF1,0
D,DISPATCH,UNIT_SCADA,1,"2019/08/21 18:35:00",DEVILS_G,0
D,DISPATCH,UNIT_SCADA,1,"2019/08/21 18:35:00",DG_NSW1,0
D,DISPATCH,UNIT_SCADA,1,"2019/08/21 18:35:00",DG_QLD1,0
D,DISPATCH,UNIT_SCADA,1,"2019/08/21 18:35:00",DG_SA1,0
D,DISPATCH,UNIT_SCADA,1,"2019/08/21 18:35:00",DG_TAS1,0
D,DISPATCH,UNIT_SCADA,1,"2019/08/21 18:35:00",DG_VIC1,0
D,DISPATCH,UNIT_SCADA,1,"2019/08/21 18:35:00",DRYCGT1,0
D,DISPATCH,UNIT_SCADA,1,"2019/08/21 18:35:00",DRYCGT2,0
D,DISPATCH,UNIT_SCADA,1,"2019/08/21 18:35:00",DRYCGT3,0
D,DISPATCH,UNIT_SCADA,1,"2019/08/21 18:35:00",EILDON1,0
D,DISPATCH,UNIT_SCADA,1,"2019/08/21 18:35:00",EILDON2,0
D,DISPATCH,UNIT_SCADA,1,"2019/08/21 18:35:00",EMERASF1,0
D,DISPATCH,UNIT_SCADA,1,"2019/08/21 18:35:00",ER01,583.3750
D,DISPATCH,UNIT_SCADA,1,"2019/08/21 18:35:00",ER02,605.675050
D,DISPATCH,UNIT_SCADA,1,"2019/08/21 18:35:00",ER03,699.599980
D,DISPATCH,UNIT_SCADA,1,"2019/08/21 18:35:00",ER04,683.3999
D,DISPATCH,UNIT_SCADA,1,"2019/08/21 18:35:00",FINLYSF1,0
D,DISPATCH,UNIT_SCADA,1,"2019/08/21 18:35:00",FISHER,45.78
D,DISPATCH,UNIT_SCADA,1,"2019/08/21 18:35:00",GANNBG1,1.627120
D,DISPATCH,UNIT_SCADA,1,"2019/08/21 18:35:00",GANNBL1,0
D,DISPATCH,UNIT_SCADA,1,"2019/08/21 18:35:00",GANNSF1,0
D,DISPATCH,UNIT_SCADA,1,"2019/08/21 18:35:00",GORDON,110.152560
D,DISPATCH,UNIT_SCADA,1,"2019/08/21 18:35:00",GSTONE1,221.3750
D,DISPATCH,UNIT_SCADA,1,"2019/08/21 18:35:00",GSTONE2,220.149990
D,DISPATCH,UNIT_SCADA,1,"2019/08/21 18:35:00",GSTONE3,221.3750
D,DISPATCH,UNIT_SCADA,1,"2019/08/21 18:35:00",GSTONE4,221.20
D,DISPATCH,UNIT_SCADA,1,"2019/08/21 18:35:00",GSTONE5,219.974990
D,DISPATCH,UNIT_SCADA,1,"2019/08/21 18:35:00",GSTONE6,0
D,DISPATCH,UNIT_SCADA,1,"2019/08/21 18:35:00",GULLRSF1,0
D,DISPATCH,UNIT_SCADA,1,"2019/08/21 18:35:00",GULLRWF1,159.4729
D,DISPATCH,UNIT_SCADA,1,"2019/08/21 18:35:00",GUNNING1,46.116760
D,DISPATCH,UNIT_SCADA,1,"2019/08/21 18:35:00",GUTHEGA,31
D,DISPATCH,UNIT_SCADA,1,"2019/08/21 18:35:00",HALLWF1,37.48
D,DISPATCH,UNIT_SCADA,1,"2019/08/21 18:35:00",HALLWF2,33.92
D,DISPATCH,UNIT_SCADA,1,"2019/08/21 18:35:00",HAMISF1,0
D,DISPATCH,UNIT_SCADA,1,"2019/08/21 18:35:00",HAUGHT11,0
D,DISPATCH,UNIT_SCADA,1,"2019/08/21 18:35:00",HAYMSF1,0
D,DISPATCH,UNIT_SCADA,1,"2019/08/21 18:35:00",HDWF1,38.60
D,DISPATCH,UNIT_SCADA,1,"2019/08/21 18:35:00",HDWF2,31.10
D,DISPATCH,UNIT_SCADA,1,"2019/08/21 18:35:00",HDWF3,39.50
D,DISPATCH,UNIT_SCADA,1,"2019/08/21 18:35:00",HPRG1,0.30
D,DISPATCH,UNIT_SCADA,1,"2019/08/21 18:35:00",HPRL1,0
D,DISPATCH,UNIT_SCADA,1,"2019/08/21 18:35:00",HUMENSW,0
D,DISPATCH,UNIT_SCADA,1,"2019/08/21 18:35:00",HUMEV,9.80
D,DISPATCH,UNIT_SCADA,1,"2019/08/21 18:35:00",HVGTS,0
D,DISPATCH,UNIT_SCADA,1,"2019/08/21 18:35:00",JBUTTERS,137.789990
D,DISPATCH,UNIT_SCADA,1,"2019/08/21 18:35:00",JLA01,0.50
D,DISPATCH,UNIT_SCADA,1,"2019/08/21 18:35:00",JLA02,0
D,DISPATCH,UNIT_SCADA,1,"2019/08/21 18:35:00",JLA03,0.10
D,DISPATCH,UNIT_SCADA,1,"2019/08/21 18:35:00",JLA04,0.10
D,DISPATCH,UNIT_SCADA,1,"2019/08/21 18:35:00",JLB01,0
D,DISPATCH,UNIT_SCADA,1,"2019/08/21 18:35:00",JLB02,0.10
D,DISPATCH,UNIT_SCADA,1,"2019/08/21 18:35:00",JLB03,0
D,DISPATCH,UNIT_SCADA,1,"2019/08/21 18:35:00",KAREEYA1,21.4925
D,DISPATCH,UNIT_SCADA,1,"2019/08/21 18:35:00",KAREEYA2,21.68
D,DISPATCH,UNIT_SCADA,1,"2019/08/21 18:35:00",KAREEYA3,0
D,DISPATCH,UNIT_SCADA,1,"2019/08/21 18:35:00",KAREEYA4,21.6175
D,DISPATCH,UNIT_SCADA,1,"2019/08/21 18:35:00",KARSF1,0
D,DISPATCH,UNIT_SCADA,1,"2019/08/21 18:35:00",KIATAWF1,27.60
D,DISPATCH,UNIT_SCADA,1,"2019/08/21 18:35:00",KPP_1,0
D,DISPATCH,UNIT_SCADA,1,"2019/08/21 18:35:00",KSP1,0
D,DISPATCH,UNIT_SCADA,1,"2019/08/21 18:35:00",LADBROK1,42.12
D,DISPATCH,UNIT_SCADA,1,"2019/08/21 18:35:00",LADBROK2,43.06
D,DISPATCH,UNIT_SCADA,1,"2019/08/21 18:35:00",LD01,420.862520
D,DISPATCH,UNIT_SCADA,1,"2019/08/21 18:35:00",LD02,420.506160
D,DISPATCH,UNIT_SCADA,1,"2019/08/21 18:35:00",LD03,419.512480
D,DISPATCH,UNIT_SCADA,1,"2019/08/21 18:35:00",LD04,380.606230
D,DISPATCH,UNIT_SCADA,1,"2019/08/21 18:35:00",LEM_WIL,85.923050
D,DISPATCH,UNIT_SCADA,1,"2019/08/21 18:35:00",LGAPWF1,22.11
D,DISPATCH,UNIT_SCADA,1,"2019/08/21 18:35:00",LILYSF1,0
D,DISPATCH,UNIT_SCADA,1,"2019/08/21 18:35:00",LI_WY_CA,150.430470
D,DISPATCH,UNIT_SCADA,1,"2019/08/21 18:35:00",LKBONNY2,152.751790
D,DISPATCH,UNIT_SCADA,1,"2019/08/21 18:35:00",LKBONNY3,35.391160
D,DISPATCH,UNIT_SCADA,1,"2019/08/21 18:35:00",LK_ECHO,0
D,DISPATCH,UNIT_SCADA,1,"2019/08/21 18:35:00",LNGS1,0
D,DISPATCH,UNIT_SCADA,1,"2019/08/21 18:35:00",LNGS2,0
D,DISPATCH,UNIT_SCADA,1,"2019/08/21 18:35:00",LONSDALE,0
D,DISPATCH,UNIT_SCADA,1,"2019/08/21 18:35:00",LOYYB1,535.712650
D,DISPATCH,UNIT_SCADA,1,"2019/08/21 18:35:00",LOYYB2,583.458250
D,DISPATCH,UNIT_SCADA,1,"2019/08/21 18:35:00",LYA1,559
D,DISPATCH,UNIT_SCADA,1,"2019/08/21 18:35:00",LYA2,0
D,DISPATCH,UNIT_SCADA,1,"2019/08/21 18:35:00",LYA3,561
D,DISPATCH,UNIT_SCADA,1,"2019/08/21 18:35:00",LYA4,530
D,DISPATCH,UNIT_SCADA,1,"2019/08/21 18:35:00",MACARTH1,341.5921
D,DISPATCH,UNIT_SCADA,1,"2019/08/21 18:35:00",MACKAYGT,0
D,DISPATCH,UNIT_SCADA,1,"2019/08/21 18:35:00",MACKNTSH,85.030010
D,DISPATCH,UNIT_SCADA,1,"2019/08/21 18:35:00",MANSLR1,0
D,DISPATCH,UNIT_SCADA,1,"2019/08/21 18:35:00",MCKAY1,0.02
D,DISPATCH,UNIT_SCADA,1,"2019/08/21 18:35:00",MEADOWBK,33.924460
D,DISPATCH,UNIT_SCADA,1,"2019/08/21 18:35:00",MERCER01,125.38
D,DISPATCH,UNIT_SCADA,1,"2019/08/21 18:35:00",MEWF1,55.670780
D,DISPATCH,UNIT_SCADA,1,"2019/08/21 18:35:00",MINTARO,0
D,DISPATCH,UNIT_SCADA,1,"2019/08/21 18:35:00",MOREESF1,0
D,DISPATCH,UNIT_SCADA,1,"2019/08/21 18:35:00",MORTLK11,0
D,DISPATCH,UNIT_SCADA,1,"2019/08/21 18:35:00",MORTLK12,0
D,DISPATCH,UNIT_SCADA,1,"2019/08/21 18:35:00",MP1,279.6250
D,DISPATCH,UNIT_SCADA,1,"2019/08/21 18:35:00",MP2,0
D,DISPATCH,UNIT_SCADA,1,"2019/08/21 18:35:00",MPP_1,299.75
D,DISPATCH,UNIT_SCADA,1,"2019/08/21 18:35:00",MPP_2,435.25
D,DISPATCH,UNIT_SCADA,1,"2019/08/21 18:35:00",MSTUART1,0
D,DISPATCH,UNIT_SCADA,1,"2019/08/21 18:35:00",MSTUART2,0
D,DISPATCH,UNIT_SCADA,1,"2019/08/21 18:35:00",MSTUART3,0
D,DISPATCH,UNIT_SCADA,1,"2019/08/21 18:35:00",MTGELWF1,64.455090
D,DISPATCH,UNIT_SCADA,1,"2019/08/21 18:35:00",MURRAY,0
D,DISPATCH,UNIT_SCADA,1,"2019/08/21 18:35:00",MUSSELR1,162.599990
D,DISPATCH,UNIT_SCADA,1,"2019/08/21 18:35:00",MUWAWF1,54.80
D,DISPATCH,UNIT_SCADA,1,"2019/08/21 18:35:00",NBHWF1,43.30
D,DISPATCH,UNIT_SCADA,1,"2019/08/21 18:35:00",NPS,399
D,DISPATCH,UNIT_SCADA,1,"2019/08/21 18:35:00",NUMURSF1,0
D,DISPATCH,UNIT_SCADA,1,"2019/08/21 18:35:00",NYNGAN1,0
D,DISPATCH,UNIT_SCADA,1,"2019/08/21 18:35:00",OAKEY1,0
D,DISPATCH,UNIT_SCADA,1,"2019/08/21 18:35:00",OAKEY1SF,0.0510
D,DISPATCH,UNIT_SCADA,1,"2019/08/21 18:35:00",OAKEY2,0
D,DISPATCH,UNIT_SCADA,1,"2019/08/21 18:35:00",OAKLAND1,57.10
D,DISPATCH,UNIT_SCADA,1,"2019/08/21 18:35:00",OSB-AG,0
D,DISPATCH,UNIT_SCADA,1,"2019/08/21 18:35:00",PARSF1,0
D,DISPATCH,UNIT_SCADA,1,"2019/08/21 18:35:00",POAT110,42.191520
D,DISPATCH,UNIT_SCADA,1,"2019/08/21 18:35:00",POAT220,94.075120
D,DISPATCH,UNIT_SCADA,1,"2019/08/21 18:35:00",POR01,0
D,DISPATCH,UNIT_SCADA,1,"2019/08/21 18:35:00",POR03,0
D,DISPATCH,UNIT_SCADA,1,"2019/08/21 18:35:00",PPCCGT,492.998050
D,DISPATCH,UNIT_SCADA,1,"2019/08/21 18:35:00",PTSTAN1,0
D,DISPATCH,UNIT_SCADA,1,"2019/08/21 18:35:00",PUMP1,0
D,DISPATCH,UNIT_SCADA,1,"2019/08/21 18:35:00",PUMP2,0
D,DISPATCH,UNIT_SCADA,1,"2019/08/21 18:35:00",QPS1,0
D,DISPATCH,UNIT_SCADA,1,"2019/08/21 18:35:00",QPS2,0
D,DISPATCH,UNIT_SCADA,1,"2019/08/21 18:35:00",QPS3,0
D,DISPATCH,UNIT_SCADA,1,"2019/08/21 18:35:00",QPS4,0
D,DISPATCH,UNIT_SCADA,1,"2019/08/21 18:35:00",QPS5,0
D,DISPATCH,UNIT_SCADA,1,"2019/08/21 18:35:00",REECE1,115.970010
D,DISPATCH,UNIT_SCADA,1,"2019/08/21 18:35:00",REECE2,115.63
D,DISPATCH,UNIT_SCADA,1,"2019/08/21 18:35:00",ROMA_7,0
D,DISPATCH,UNIT_SCADA,1,"2019/08/21 18:35:00",ROMA_8,0
D,DISPATCH,UNIT_SCADA,1,"2019/08/21 18:35:00",RRSF1,0
D,DISPATCH,UNIT_SCADA,1,"2019/08/21 18:35:00",RT_NSW1,0
D,DISPATCH,UNIT_SCADA,1,"2019/08/21 18:35:00",RT_NSW2,0
D,DISPATCH,UNIT_SCADA,1,"2019/08/21 18:35:00",RT_NSW3,0
D,DISPATCH,UNIT_SCADA,1,"2019/08/21 18:35:00",RT_NSW4,0
D,DISPATCH,UNIT_SCADA,1,"2019/08/21 18:35:00",RT_NSW5,0
D,DISPATCH,UNIT_SCADA,1,"2019/08/21 18:35:00",RT_NSW6,0
D,DISPATCH,UNIT_SCADA,1,"2019/08/21 18:35:00",RT_QLD1,0
D,DISPATCH,UNIT_SCADA,1,"2019/08/21 18:35:00",RT_SA1,0
D,DISPATCH,UNIT_SCADA,1,"2019/08/21 18:35:00",RT_SA2,0
D,DISPATCH,UNIT_SCADA,1,"2019/08/21 18:35:00",RT_SA3,0
D,DISPATCH,UNIT_SCADA,1,"2019/08/21 18:35:00",RT_SA4,0
D,DISPATCH,UNIT_SCADA,1,"2019/08/21 18:35:00",RT_SA5,0
D,DISPATCH,UNIT_SCADA,1,"2019/08/21 18:35:00",RT_SA6,0
D,DISPATCH,UNIT_SCADA,1,"2019/08/21 18:35:00",RT_TAS1,0
D,DISPATCH,UNIT_SCADA,1,"2019/08/21 18:35:00",RT_VIC1,0
D,DISPATCH,UNIT_SCADA,1,"2019/08/21 18:35:00",RT_VIC10,0
D,DISPATCH,UNIT_SCADA,1,"2019/08/21 18:35:00",RT_VIC11,0
D,DISPATCH,UNIT_SCADA,1,"2019/08/21 18:35:00",RT_VIC12,0
D,DISPATCH,UNIT_SCADA,1,"2019/08/21 18:35:00",RT_VIC2,0
D,DISPATCH,UNIT_SCADA,1,"2019/08/21 18:35:00",RT_VIC3,0
D,DISPATCH,UNIT_SCADA,1,"2019/08/21 18:35:00",RT_VIC4,0
D,DISPATCH,UNIT_SCADA,1,"2019/08/21 18:35:00",RT_VIC5,0
D,DISPATCH,UNIT_SCADA,1,"2019/08/21 18:35:00",RT_VIC6,0
D,DISPATCH,UNIT_SCADA,1,"2019/08/21 18:35:00",RT_VIC7,0
D,DISPATCH,UNIT_SCADA,1,"2019/08/21 18:35:00",RT_VIC8,0
D,DISPATCH,UNIT_SCADA,1,"2019/08/21 18:35:00",RT_VIC9,0
D,DISPATCH,UNIT_SCADA,1,"2019/08/21 18:35:00",RUGBYR1,0
D,DISPATCH,UNIT_SCADA,1,"2019/08/21 18:35:00",SALTCRK1,51.38
D,DISPATCH,UNIT_SCADA,1,"2019/08/21 18:35:00",SAPHWF1,179.456240
D,DISPATCH,UNIT_SCADA,1,"2019/08/21 18:35:00",SHGEN,201.269420
D,DISPATCH,UNIT_SCADA,1,"2019/08/21 18:35:00",SHPUMP,0
D,DISPATCH,UNIT_SCADA,1,"2019/08/21 18:35:00",SITHE01,0.133760
D,DISPATCH,UNIT_SCADA,1,"2019/08/21 18:35:00",SMCSF1,0
D,DISPATCH,UNIT_SCADA,1,"2019/08/21 18:35:00",SNOWNTH1,61.30
D,DISPATCH,UNIT_SCADA,1,"2019/08/21 18:35:00",SNOWSTH1,65.90
D,DISPATCH,UNIT_SCADA,1,"2019/08/21 18:35:00",SNOWTWN1,36.923470
D,DISPATCH,UNIT_SCADA,1,"2019/08/21 18:35:00",SNOWYP,0
D,DISPATCH,UNIT_SCADA,1,"2019/08/21 18:35:00",SNUG1,0.019440
D,DISPATCH,UNIT_SCADA,1,"2019/08/21 18:35:00",SRSF1,0.44
D,DISPATCH,UNIT_SCADA,1,"2019/08/21 18:35:00",STAN-1,0
D,DISPATCH,UNIT_SCADA,1,"2019/08/21 18:35:00",STAN-2,345.324340
D,DISPATCH,UNIT_SCADA,1,"2019/08/21 18:35:00",STAN-3,342.158360
D,DISPATCH,UNIT_SCADA,1,"2019/08/21 18:35:00",STAN-4,363.743530
D,DISPATCH,UNIT_SCADA,1,"2019/08/21 18:35:00",STWF1,113.726240
D,DISPATCH,UNIT_SCADA,1,"2019/08/21 18:35:00",SWAN_E,0
D,DISPATCH,UNIT_SCADA,1,"2019/08/21 18:35:00",TALWA1,419
D,DISPATCH,UNIT_SCADA,1,"2019/08/21 18:35:00",TARALGA1,67.1925
D,DISPATCH,UNIT_SCADA,1,"2019/08/21 18:35:00",TARONG#1,340.50
D,DISPATCH,UNIT_SCADA,1,"2019/08/21 18:35:00",TARONG#2,341.600010
D,DISPATCH,UNIT_SCADA,1,"2019/08/21 18:35:00",TARONG#3,260.899990
D,DISPATCH,UNIT_SCADA,1,"2019/08/21 18:35:00",TARONG#4,349.800020
D,DISPATCH,UNIT_SCADA,1,"2019/08/21 18:35:00",TARRALEA,83.80
D,DISPATCH,UNIT_SCADA,1,"2019/08/21 18:35:00",TBSF1,-0.20
D,DISPATCH,UNIT_SCADA,1,"2019/08/21 18:35:00",TNPS1,442.000030
D,DISPATCH,UNIT_SCADA,1,"2019/08/21 18:35:00",TORRA1,115.665920
D,DISPATCH,UNIT_SCADA,1,"2019/08/21 18:35:00",TORRA2,0
D,DISPATCH,UNIT_SCADA,1,"2019/08/21 18:35:00",TORRA3,0
D,DISPATCH,UNIT_SCADA,1,"2019/08/21 18:35:00",TORRA4,0
D,DISPATCH,UNIT_SCADA,1,"2019/08/21 18:35:00",TORRB1,123.96
D,DISPATCH,UNIT_SCADA,1,"2019/08/21 18:35:00",TORRB2,188.78
D,DISPATCH,UNIT_SCADA,1,"2019/08/21 18:35:00",TORRB3,0
D,DISPATCH,UNIT_SCADA,1,"2019/08/21 18:35:00",TORRB4,0
D,DISPATCH,UNIT_SCADA,1,"2019/08/21 18:35:00",TREVALLN,70.220020
D,DISPATCH,UNIT_SCADA,1,"2019/08/21 18:35:00",TRIBUTE,83.22
D,DISPATCH,UNIT_SCADA,1,"2019/08/21 18:35:00",TUMUT3,760.089970
D,DISPATCH,UNIT_SCADA,1,"2019/08/21 18:35:00",TUNGATIN,132.880020
D,DISPATCH,UNIT_SCADA,1,"2019/08/21 18:35:00",TVCC201,0
D,DISPATCH,UNIT_SCADA,1,"2019/08/21 18:35:00",TVPP104,0
D,DISPATCH,UNIT_SCADA,1,"2019/08/21 18:35:00",UPPTUMUT,0
D,DISPATCH,UNIT_SCADA,1,"2019/08/21 18:35:00",URANQ11,0
D,DISPATCH,UNIT_SCADA,1,"2019/08/21 18:35:00",URANQ12,0
D,DISPATCH,UNIT_SCADA,1,"2019/08/21 18:35:00",URANQ13,0
D,DISPATCH,UNIT_SCADA,1,"2019/08/21 18:35:00",URANQ14,0
D,DISPATCH,UNIT_SCADA,1,"2019/08/21 18:35:00",VP5,604.8750
D,DISPATCH,UNIT_SCADA,1,"2019/08/21 18:35:00",VP6,608.075010
D,DISPATCH,UNIT_SCADA,1,"2019/08/21 18:35:00",VPGS1,0
D,DISPATCH,UNIT_SCADA,1,"2019/08/21 18:35:00",VPGS2,0
D,DISPATCH,UNIT_SCADA,1,"2019/08/21 18:35:00",VPGS3,0
D,DISPATCH,UNIT_SCADA,1,"2019/08/21 18:35:00",VPGS4,0
D,DISPATCH,UNIT_SCADA,1,"2019/08/21 18:35:00",VPGS5,0
D,DISPATCH,UNIT_SCADA,1,"2019/08/21 18:35:00",VPGS6,0
D,DISPATCH,UNIT_SCADA,1,"2019/08/21 18:35:00",W/HOE#1,0
D,DISPATCH,UNIT_SCADA,1,"2019/08/21 18:35:00",W/HOE#2,0
D,DISPATCH,UNIT_SCADA,1,"2019/08/21 18:35:00",WATERLWF,69.60
D,DISPATCH,UNIT_SCADA,1,"2019/08/21 18:35:00",WEMENSF1,0
D,DISPATCH,UNIT_SCADA,1,"2019/08/21 18:35:00",WGWF1,41.90
D,DISPATCH,UNIT_SCADA,1,"2019/08/21 18:35:00",WHITSF1,0
D,DISPATCH,UNIT_SCADA,1,"2019/08/21 18:35:00",WKIEWA1,0
D,DISPATCH,UNIT_SCADA,1,"2019/08/21 18:35:00",WKIEWA2,16.70
D,DISPATCH,UNIT_SCADA,1,"2019/08/21 18:35:00",WOODLWN1,44.720990
D,DISPATCH,UNIT_SCADA,1,"2019/08/21 18:35:00",WRSF1,0
D,DISPATCH,UNIT_SCADA,1,"2019/08/21 18:35:00",WRWF1,147.976260
D,DISPATCH,UNIT_SCADA,1,"2019/08/21 18:35:00",YABULU,0
D,DISPATCH,UNIT_SCADA,1,"2019/08/21 18:35:00",YABULU2,0
D,DISPATCH,UNIT_SCADA,1,"2019/08/21 18:35:00",YARWUN_1,0
D,DISPATCH,UNIT_SCADA,1,"2019/08/21 18:35:00",YENDWF1,42.02
D,DISPATCH,UNIT_SCADA,1,"2019/08/21 18:35:00",YWPS1,379.949370
D,DISPATCH,UNIT_SCADA,1,"2019/08/21 18:35:00",YWPS2,279.6962
D,DISPATCH,UNIT_SCADA,1,"2019/08/21 18:35:00",YWPS3,0
D,DISPATCH,UNIT_SCADA,1,"2019/08/21 18:35:00",YWPS4,394.391140
C,"END OF REPORT",334
