C,NEMP.WORLD,DISPATCHSCADA,AEMO,PUBLIC,2019/08/23,04:00:07,0000000311892701,DISPATCHSCADA,0000000311892695
I,DISPATCH,UNIT_SCADA,1,SETTLEMENTDATE,DUID,SCADAVALUE
D,DISPATCH,UNIT_SCADA,1,"2019/08/23 04:05:00",BARCSF1,0
D,DISPATCH,UNIT_SCADA,1,"2019/08/23 04:05:00",BUTLERSG,9.699999
D,DISPATCH,UNIT_SCADA,1,"2019/08/23 04:05:00",CALL_A_4,0
D,DISPATCH,UNIT_SCADA,1,"2019/08/23 04:05:00",CAPTL_WF,0
D,DISPATCH,UNIT_SCADA,1,"2019/08/23 04:05:00",CATHROCK,50.139996
D,DISPATCH,UNIT_SCADA,1,"2019/08/23 04:05:00",CHALLHWF,0
D,DISPATCH,UNIT_SCADA,1,"2019/08/23 04:05:00",CLOVER,0
D,DISPATCH,UNIT_SCADA,1,"2019/08/23 04:05:00",CLUNY,20.340124
D,DISPATCH,UNIT_SCADA,1,"2019/08/23 04:05:00",CNUNDAWF,3.403971
D,DISPATCH,UNIT_SCADA,1,"2019/08/23 04:05:00",CULLRGWF,3.62
D,DISPATCH,UNIT_SCADA,1,"2019/08/23 04:05:00",ERGT01,0
D,DISPATCH,UNIT_SCADA,1,"2019/08/23 04:05:00",GB01,0.061951
D,DISPATCH,UNIT_SCADA,1,"2019/08/23 04:05:00",GERMCRK,36.50
D,DISPATCH,UNIT_SCADA,1,"2019/08/23 04:05:00",GRIFSF1,0
D,DISPATCH,UNIT_SCADA,1,"2019/08/23 04:05:00",HUGSF1,-0.2370
D,DISPATCH,UNIT_SCADA,1,"2019/08/23 04:05:00",LKBONNY1,2.768590
D,DISPATCH,UNIT_SCADA,1,"2019/08/23 04:05:00",LRSF1,-0.0130
D,DISPATCH,UNIT_SCADA,1,"2019/08/23 04:05:00",MBAHNTH,55.631256
D,DISPATCH,UNIT_SCADA,1,"2019/08/23 04:05:00",MLSP1,0.180001
D,DISPATCH,UNIT_SCADA,1,"2019/08/23 04:05:00",MLWF1,0.96
D,DISPATCH,UNIT_SCADA,1,"2019/08/23 04:05:00",MTMILLAR,10.328540
D,DISPATCH,UNIT_SCADA,1,"2019/08/23 04:05:00",PALOONA,28.57
D,DISPATCH,UNIT_SCADA,1,"2019/08/23 04:05:00",PIONEER,48.200001
D,DISPATCH,UNIT_SCADA,1,"2019/08/23 04:05:00",PORTWF,23.799999
D,DISPATCH,UNIT_SCADA,1,"2019/08/23 04:05:00",REPULSE,29.170977
D,DISPATCH,UNIT_SCADA,1,"2019/08/23 04:05:00",ROWALLAN,10.4441
D,DISPATCH,UNIT_SCADA,1,"2019/08/23 04:05:00",ROYALLA1,0
D,DISPATCH,UNIT_SCADA,1,"2019/08/23 04:05:00",RPCG,11.70
D,DISPATCH,UNIT_SCADA,1,"2019/08/23 04:05:00",RUBICON,0
D,DISPATCH,UNIT_SCADA,1,"2019/08/23 04:05:00",SATGN1,0
D,DISPATCH,UNIT_SCADA,1,"2019/08/23 04:05:00",SATGS1,0
D,DISPATCH,UNIT_SCADA,1,"2019/08/23 04:05:00",STARHLWF,4.398717
D,DISPATCH,UNIT_SCADA,1,"2019/08/23 04:05:00",WAUBRAWF,0.5160
D,DISPATCH,UNIT_SCADA,1,"2019/08/23 04:05:00",WOOLNTH1,31.650017
D,DISPATCH,UNIT_SCADA,1,"2019/08/23 04:05:00",WPWF,6
D,DISPATCH,UNIT_SCADA,1,"2019/08/23 04:05:00",YAMBUKWF,2.40
D,DISPATCH,UNIT_SCADA,1,"2019/08/23 04:05:00",YSWF1,0
D,DISPATCH,UNIT_SCADA,1,"2019/08/23 04:05:00",AGLHAL,0
D,DISPATCH,UNIT_SCADA,1,"2019/08/23 04:05:00",AGLSOM,0
D,DISPATCH,UNIT_SCADA,1,"2019/08/23 04:05:00",ANGAST1,0
D,DISPATCH,UNIT_SCADA,1,"2019/08/23 04:05:00",ARWF1,-0.20
D,DISPATCH,UNIT_SCADA,1,"2019/08/23 04:05:00",BALBG1,0
D,DISPATCH,UNIT_SCADA,1,"2019/08/23 04:05:00",BALBL1,3.32
D,DISPATCH,UNIT_SCADA,1,"2019/08/23 04:05:00",BALDHWF1,6.0880
D,DISPATCH,UNIT_SCADA,1,"2019/08/23 04:05:00",BANN1,0
D,DISPATCH,UNIT_SCADA,1,"2019/08/23 04:05:00",BARCALDN,0
D,DISPATCH,UNIT_SCADA,1,"2019/08/23 04:05:00",BARRON-1,0
D,DISPATCH,UNIT_SCADA,1,"2019/08/23 04:05:00",BARRON-2,0
D,DISPATCH,UNIT_SCADA,1,"2019/08/23 04:05:00",BASTYAN,77.960010
D,DISPATCH,UNIT_SCADA,1,"2019/08/23 04:05:00",BBTHREE1,-1.92
D,DISPATCH,UNIT_SCADA,1,"2019/08/23 04:05:00",BBTHREE2,-1.92
D,DISPATCH,UNIT_SCADA,1,"2019/08/23 04:05:00",BBTHREE3,-1.02
D,DISPATCH,UNIT_SCADA,1,"2019/08/23 04:05:00",BDL01,0
D,DISPATCH,UNIT_SCADA,1,"2019/08/23 04:05:00",BDL02,0
D,DISPATCH,UNIT_SCADA,1,"2019/08/23 04:05:00",BERYLSF1,-0.179440
D,DISPATCH,UNIT_SCADA,1,"2019/08/23 04:05:00",BLOWERNG,0
D,DISPATCH,UNIT_SCADA,1,"2019/08/23 04:05:00",BLUFF1,6.20
D,DISPATCH,UNIT_SCADA,1,"2019/08/23 04:05:00",BNGSF1,0
D,DISPATCH,UNIT_SCADA,1,"2019/08/23 04:05:00",BNGSF2,0
D,DISPATCH,UNIT_SCADA,1,"2019/08/23 04:05:00",BOCORWF1,15.53
D,DISPATCH,UNIT_SCADA,1,"2019/08/23 04:05:00",BODWF1,74.591610
D,DISPATCH,UNIT_SCADA,1,"2019/08/23 04:05:00",BRAEMAR1,0
D,DISPATCH,UNIT_SCADA,1,"2019/08/23 04:05:00",BRAEMAR2,0
D,DISPATCH,UNIT_SCADA,1,"2019/08/23 04:05:00",BRAEMAR3,0
D,DISPATCH,UNIT_SCADA,1,"2019/08/23 04:05:00",BRAEMAR5,0
D,DISPATCH,UNIT_SCADA,1,"2019/08/23 04:05:00",BRAEMAR6,0
D,DISPATCH,UNIT_SCADA,1,"2019/08/23 04:05:00",BRAEMAR7,0
D,DISPATCH,UNIT_SCADA,1,"2019/08/23 04:05:00",BROKENH1,0
D,DISPATCH,UNIT_SCADA,1,"2019/08/23 04:05:00",BW01,590.50
D,DISPATCH,UNIT_SCADA,1,"2019/08/23 04:05:00",BW02,616.3999
D,DISPATCH,UNIT_SCADA,1,"2019/08/23 04:05:00",BW03,619.925050
D,DISPATCH,UNIT_SCADA,1,"2019/08/23 04:05:00",BW04,0
D,DISPATCH,UNIT_SCADA,1,"2019/08/23 04:05:00",CALL_B_1,339.800020
D,DISPATCH,UNIT_SCADA,1,"2019/08/23 04:05:00",CALL_B_2,349.100010
D,DISPATCH,UNIT_SCADA,1,"2019/08/23 04:05:00",CETHANA,98.483880
D,DISPATCH,UNIT_SCADA,1,"2019/08/23 04:05:00",CG1,0
D,DISPATCH,UNIT_SCADA,1,"2019/08/23 04:05:00",CG2,0
D,DISPATCH,UNIT_SCADA,1,"2019/08/23 04:05:00",CG3,0
D,DISPATCH,UNIT_SCADA,1,"2019/08/23 04:05:00",CG4,0
D,DISPATCH,UNIT_SCADA,1,"2019/08/23 04:05:00",CHILDSF1,0
D,DISPATCH,UNIT_SCADA,1,"2019/08/23 04:05:00",CLARESF1,0
D,DISPATCH,UNIT_SCADA,1,"2019/08/23 04:05:00",CLEMGPWF,27.877550
D,DISPATCH,UNIT_SCADA,1,"2019/08/23 04:05:00",CLERMSF1,0
D,DISPATCH,UNIT_SCADA,1,"2019/08/23 04:05:00",COLEASF1,0
D,DISPATCH,UNIT_SCADA,1,"2019/08/23 04:05:00",COOPGWF1,11.906710
D,DISPATCH,UNIT_SCADA,1,"2019/08/23 04:05:00",CPP_3,406.175020
D,DISPATCH,UNIT_SCADA,1,"2019/08/23 04:05:00",CPP_4,405.6250
D,DISPATCH,UNIT_SCADA,1,"2019/08/23 04:05:00",CPSA,142.526250
D,DISPATCH,UNIT_SCADA,1,"2019/08/23 04:05:00",CROOKWF2,5.313750
D,DISPATCH,UNIT_SCADA,1,"2019/08/23 04:05:00",CROWLWF1,1.868030
D,DISPATCH,UNIT_SCADA,1,"2019/08/23 04:05:00",CSPVPS1,0
D,DISPATCH,UNIT_SCADA,1,"2019/08/23 04:05:00",DALNTH01,0
D,DISPATCH,UNIT_SCADA,1,"2019/08/23 04:05:00",DALNTHL1,0.163270
D,DISPATCH,UNIT_SCADA,1,"2019/08/23 04:05:00",DARTM1,0
D,DISPATCH,UNIT_SCADA,1,"2019/08/23 04:05:00",DAYDSF1,0
D,DISPATCH,UNIT_SCADA,1,"2019/08/23 04:05:00",DDPS1,253.337340
D,DISPATCH,UNIT_SCADA,1,"2019/08/23 04:05:00",DDSF1,0
D,DISPATCH,UNIT_SCADA,1,"2019/08/23 04:05:00",DEVILS_G,0
D,DISPATCH,UNIT_SCADA,1,"2019/08/23 04:05:00",DG_NSW1,0
D,DISPATCH,UNIT_SCADA,1,"2019/08/23 04:05:00",DG_QLD1,0
D,DISPATCH,UNIT_SCADA,1,"2019/08/23 04:05:00",DG_SA1,0
D,DISPATCH,UNIT_SCADA,1,"2019/08/23 04:05:00",DG_TAS1,0
D,DISPATCH,UNIT_SCADA,1,"2019/08/23 04:05:00",DG_VIC1,0
D,DISPATCH,UNIT_SCADA,1,"2019/08/23 04:05:00",DRYCGT1,0
D,DISPATCH,UNIT_SCADA,1,"2019/08/23 04:05:00",DRYCGT2,0
D,DISPATCH,UNIT_SCADA,1,"2019/08/23 04:05:00",DRYCGT3,0
D,DISPATCH,UNIT_SCADA,1,"2019/08/23 04:05:00",EILDON1,0
D,DISPATCH,UNIT_SCADA,1,"2019/08/23 04:05:00",EILDON2,0
D,DISPATCH,UNIT_SCADA,1,"2019/08/23 04:05:00",EMERASF1,0
D,DISPATCH,UNIT_SCADA,1,"2019/08/23 04:05:00",ER01,489.099980
D,DISPATCH,UNIT_SCADA,1,"2019/08/23 04:05:00",ER02,351.724980
D,DISPATCH,UNIT_SCADA,1,"2019/08/23 04:05:00",ER03,379.650020
D,DISPATCH,UNIT_SCADA,1,"2019/08/23 04:05:00",ER04,490.800050
D,DISPATCH,UNIT_SCADA,1,"2019/08/23 04:05:00",FINLYSF1,0
D,DISPATCH,UNIT_SCADA,1,"2019/08/23 04:05:00",FISHER,45.85
D,DISPATCH,UNIT_SCADA,1,"2019/08/23 04:05:00",GANNBG1,0
D,DISPATCH,UNIT_SCADA,1,"2019/08/23 04:05:00",GANNBL1,10.010170
D,DISPATCH,UNIT_SCADA,1,"2019/08/23 04:05:00",GANNSF1,0
D,DISPATCH,UNIT_SCADA,1,"2019/08/23 04:05:00",GORDON,110.9276
D,DISPATCH,UNIT_SCADA,1,"2019/08/23 04:05:00",GSTONE1,164.149990
D,DISPATCH,UNIT_SCADA,1,"2019/08/23 04:05:00",GSTONE2,150.50
D,DISPATCH,UNIT_SCADA,1,"2019/08/23 04:05:00",GSTONE3,200.20
D,DISPATCH,UNIT_SCADA,1,"2019/08/23 04:05:00",GSTONE4,165.724990
D,DISPATCH,UNIT_SCADA,1,"2019/08/23 04:05:00",GSTONE5,201.599990
D,DISPATCH,UNIT_SCADA,1,"2019/08/23 04:05:00",GSTONE6,0
D,DISPATCH,UNIT_SCADA,1,"2019/08/23 04:05:00",GULLRSF1,0
D,DISPATCH,UNIT_SCADA,1,"2019/08/23 04:05:00",GULLRWF1,8.365810
D,DISPATCH,UNIT_SCADA,1,"2019/08/23 04:05:00",GUNNING1,7.189960
D,DISPATCH,UNIT_SCADA,1,"2019/08/23 04:05:00",GUTHEGA,0
D,DISPATCH,UNIT_SCADA,1,"2019/08/23 04:05:00",HALLWF1,29.03
D,DISPATCH,UNIT_SCADA,1,"2019/08/23 04:05:00",HALLWF2,10.25
D,DISPATCH,UNIT_SCADA,1,"2019/08/23 04:05:00",HAMISF1,0
D,DISPATCH,UNIT_SCADA,1,"2019/08/23 04:05:00",HAUGHT11,0
D,DISPATCH,UNIT_SCADA,1,"2019/08/23 04:05:00",HAYMSF1,0
D,DISPATCH,UNIT_SCADA,1,"2019/08/23 04:05:00",HDWF1,48.90
D,DISPATCH,UNIT_SCADA,1,"2019/08/23 04:05:00",HDWF2,51.60
D,DISPATCH,UNIT_SCADA,1,"2019/08/23 04:05:00",HDWF3,51.80
D,DISPATCH,UNIT_SCADA,1,"2019/08/23 04:05:00",HPRG1,0
D,DISPATCH,UNIT_SCADA,1,"2019/08/23 04:05:00",HPRL1,39.60
D,DISPATCH,UNIT_SCADA,1,"2019/08/23 04:05:00",HUMENSW,0
D,DISPATCH,UNIT_SCADA,1,"2019/08/23 04:05:00",HUMEV,9.10
D,DISPATCH,UNIT_SCADA,1,"2019/08/23 04:05:00",HVGTS,0
D,DISPATCH,UNIT_SCADA,1,"2019/08/23 04:05:00",JBUTTERS,142.33
D,DISPATCH,UNIT_SCADA,1,"2019/08/23 04:05:00",JLA01,0.10
D,DISPATCH,UNIT_SCADA,1,"2019/08/23 04:05:00",JLA02,0
D,DISPATCH,UNIT_SCADA,1,"2019/08/23 04:05:00",JLA03,0.10
D,DISPATCH,UNIT_SCADA,1,"2019/08/23 04:05:00",JLA04,0.10
D,DISPATCH,UNIT_SCADA,1,"2019/08/23 04:05:00",JLB01,0
D,DISPATCH,UNIT_SCADA,1,"2019/08/23 04:05:00",JLB02,0.10
D,DISPATCH,UNIT_SCADA,1,"2019/08/23 04:05:00",JLB03,0
D,DISPATCH,UNIT_SCADA,1,"2019/08/23 04:05:00",KAREEYA1,21.5975
D,DISPATCH,UNIT_SCADA,1,"2019/08/23 04:05:00",KAREEYA2,21.8475
D,DISPATCH,UNIT_SCADA,1,"2019/08/23 04:05:00",KAREEYA3,0
D,DISPATCH,UNIT_SCADA,1,"2019/08/23 04:05:00",KAREEYA4,21.7675
D,DISPATCH,UNIT_SCADA,1,"2019/08/23 04:05:00",KARSF1,0
D,DISPATCH,UNIT_SCADA,1,"2019/08/23 04:05:00",KIATAWF1,-0.20
D,DISPATCH,UNIT_SCADA,1,"2019/08/23 04:05:00",KPP_1,0
D,DISPATCH,UNIT_SCADA,1,"2019/08/23 04:05:00",KSP1,0
D,DISPATCH,UNIT_SCADA,1,"2019/08/23 04:05:00",LADBROK1,0
D,DISPATCH,UNIT_SCADA,1,"2019/08/23 04:05:00",LADBROK2,0
D,DISPATCH,UNIT_SCADA,1,"2019/08/23 04:05:00",LD01,352.725040
D,DISPATCH,UNIT_SCADA,1,"2019/08/23 04:05:00",LD02,297.918730
D,DISPATCH,UNIT_SCADA,1,"2019/08/23 04:05:00",LD03,343.068820
D,DISPATCH,UNIT_SCADA,1,"2019/08/23 04:05:00",LD04,347.925020
D,DISPATCH,UNIT_SCADA,1,"2019/08/23 04:05:00",LEM_WIL,86.0564
D,DISPATCH,UNIT_SCADA,1,"2019/08/23 04:05:00",LGAPWF1,1.95
D,DISPATCH,UNIT_SCADA,1,"2019/08/23 04:05:00",LILYSF1,0
D,DISPATCH,UNIT_SCADA,1,"2019/08/23 04:05:00",LI_WY_CA,149.716420
D,DISPATCH,UNIT_SCADA,1,"2019/08/23 04:05:00",LKBONNY2,9.807280
D,DISPATCH,UNIT_SCADA,1,"2019/08/23 04:05:00",LKBONNY3,2.009590
D,DISPATCH,UNIT_SCADA,1,"2019/08/23 04:05:00",LK_ECHO,0
D,DISPATCH,UNIT_SCADA,1,"2019/08/23 04:05:00",LNGS1,0
D,DISPATCH,UNIT_SCADA,1,"2019/08/23 04:05:00",LNGS2,0
D,DISPATCH,UNIT_SCADA,1,"2019/08/23 04:05:00",LONSDALE,0
D,DISPATCH,UNIT_SCADA,1,"2019/08/23 04:05:00",LOYYB1,536.088620
D,DISPATCH,UNIT_SCADA,1,"2019/08/23 04:05:00",LOYYB2,583.458250
D,DISPATCH,UNIT_SCADA,1,"2019/08/23 04:05:00",LYA1,520
D,DISPATCH,UNIT_SCADA,1,"2019/08/23 04:05:00",LYA2,0
D,DISPATCH,UNIT_SCADA,1,"2019/08/23 04:05:00",LYA3,560
D,DISPATCH,UNIT_SCADA,1,"2019/08/23 04:05:00",LYA4,539
D,DISPATCH,UNIT_SCADA,1,"2019/08/23 04:05:00",MACARTH1,20.599520
D,DISPATCH,UNIT_SCADA,1,"2019/08/23 04:05:00",MACKAYGT,0
D,DISPATCH,UNIT_SCADA,1,"2019/08/23 04:05:00",MACKNTSH,86.330010
D,DISPATCH,UNIT_SCADA,1,"2019/08/23 04:05:00",MANSLR1,0
D,DISPATCH,UNIT_SCADA,1,"2019/08/23 04:05:00",MCKAY1,0.02
D,DISPATCH,UNIT_SCADA,1,"2019/08/23 04:05:00",MEADOWBK,33.752980
D,DISPATCH,UNIT_SCADA,1,"2019/08/23 04:05:00",MERCER01,-0.2540
D,DISPATCH,UNIT_SCADA,1,"2019/08/23 04:05:00",MEWF1,75.792380
D,DISPATCH,UNIT_SCADA,1,"2019/08/23 04:05:00",MINTARO,0
D,DISPATCH,UNIT_SCADA,1,"2019/08/23 04:05:00",MOREESF1,0
D,DISPATCH,UNIT_SCADA,1,"2019/08/23 04:05:00",MORTLK11,149
D,DISPATCH,UNIT_SCADA,1,"2019/08/23 04:05:00",MORTLK12,0
D,DISPATCH,UNIT_SCADA,1,"2019/08/23 04:05:00",MP1,279.900020
D,DISPATCH,UNIT_SCADA,1,"2019/08/23 04:05:00",MP2,0
D,DISPATCH,UNIT_SCADA,1,"2019/08/23 04:05:00",MPP_1,374.25
D,DISPATCH,UNIT_SCADA,1,"2019/08/23 04:05:00",MPP_2,420
D,DISPATCH,UNIT_SCADA,1,"2019/08/23 04:05:00",MSTUART1,0
D,DISPATCH,UNIT_SCADA,1,"2019/08/23 04:05:00",MSTUART2,0
D,DISPATCH,UNIT_SCADA,1,"2019/08/23 04:05:00",MSTUART3,0
D,DISPATCH,UNIT_SCADA,1,"2019/08/23 04:05:00",MTGELWF1,2.729880
D,DISPATCH,UNIT_SCADA,1,"2019/08/23 04:05:00",MURRAY,0
D,DISPATCH,UNIT_SCADA,1,"2019/08/23 04:05:00",MUSSELR1,7.10
D,DISPATCH,UNIT_SCADA,1,"2019/08/23 04:05:00",MUWAWF1,-0.08
D,DISPATCH,UNIT_SCADA,1,"2019/08/23 04:05:00",NBHWF1,35.40
D,DISPATCH,UNIT_SCADA,1,"2019/08/23 04:05:00",NPS,204.3750
D,DISPATCH,UNIT_SCADA,1,"2019/08/23 04:05:00",NUMURSF1,0
D,DISPATCH,UNIT_SCADA,1,"2019/08/23 04:05:00",NYNGAN1,0
D,DISPATCH,UNIT_SCADA,1,"2019/08/23 04:05:00",OAKEY1,0
D,DISPATCH,UNIT_SCADA,1,"2019/08/23 04:05:00",OAKEY1SF,0
D,DISPATCH,UNIT_SCADA,1,"2019/08/23 04:05:00",OAKEY2,0
D,DISPATCH,UNIT_SCADA,1,"2019/08/23 04:05:00",OAKLAND1,-0.40
D,DISPATCH,UNIT_SCADA,1,"2019/08/23 04:05:00",OSB-AG,142.41
D,DISPATCH,UNIT_SCADA,1,"2019/08/23 04:05:00",PARSF1,0
D,DISPATCH,UNIT_SCADA,1,"2019/08/23 04:05:00",POAT110,0
D,DISPATCH,UNIT_SCADA,1,"2019/08/23 04:05:00",POAT220,3.63
D,DISPATCH,UNIT_SCADA,1,"2019/08/23 04:05:00",POR01,0
D,DISPATCH,UNIT_SCADA,1,"2019/08/23 04:05:00",POR03,0
D,DISPATCH,UNIT_SCADA,1,"2019/08/23 04:05:00",PPCCGT,496.353580
D,DISPATCH,UNIT_SCADA,1,"2019/08/23 04:05:00",PTSTAN1,0
D,DISPATCH,UNIT_SCADA,1,"2019/08/23 04:05:00",PUMP1,0
D,DISPATCH,UNIT_SCADA,1,"2019/08/23 04:05:00",PUMP2,0
D,DISPATCH,UNIT_SCADA,1,"2019/08/23 04:05:00",QPS1,0
D,DISPATCH,UNIT_SCADA,1,"2019/08/23 04:05:00",QPS2,0
D,DISPATCH,UNIT_SCADA,1,"2019/08/23 04:05:00",QPS3,0
D,DISPATCH,UNIT_SCADA,1,"2019/08/23 04:05:00",QPS4,0
D,DISPATCH,UNIT_SCADA,1,"2019/08/23 04:05:00",QPS5,0
D,DISPATCH,UNIT_SCADA,1,"2019/08/23 04:05:00",REECE1,120.110010
D,DISPATCH,UNIT_SCADA,1,"2019/08/23 04:05:00",REECE2,118.580010
D,DISPATCH,UNIT_SCADA,1,"2019/08/23 04:05:00",ROMA_7,0
D,DISPATCH,UNIT_SCADA,1,"2019/08/23 04:05:00",ROMA_8,0
D,DISPATCH,UNIT_SCADA,1,"2019/08/23 04:05:00",RRSF1,0
D,DISPATCH,UNIT_SCADA,1,"2019/08/23 04:05:00",RT_NSW1,0
D,DISPATCH,UNIT_SCADA,1,"2019/08/23 04:05:00",RT_NSW2,0
D,DISPATCH,UNIT_SCADA,1,"2019/08/23 04:05:00",RT_NSW3,0
D,DISPATCH,UNIT_SCADA,1,"2019/08/23 04:05:00",RT_NSW4,0
D,DISPATCH,UNIT_SCADA,1,"2019/08/23 04:05:00",RT_NSW5,0
D,DISPATCH,UNIT_SCADA,1,"2019/08/23 04:05:00",RT_NSW6,0
D,DISPATCH,UNIT_SCADA,1,"2019/08/23 04:05:00",RT_QLD1,0
D,DISPATCH,UNIT_SCADA,1,"2019/08/23 04:05:00",RT_SA1,0
D,DISPATCH,UNIT_SCADA,1,"2019/08/23 04:05:00",RT_SA2,0
D,DISPATCH,UNIT_SCADA,1,"2019/08/23 04:05:00",RT_SA3,0
D,DISPATCH,UNIT_SCADA,1,"2019/08/23 04:05:00",RT_SA4,0
D,DISPATCH,UNIT_SCADA,1,"2019/08/23 04:05:00",RT_SA5,0
D,DISPATCH,UNIT_SCADA,1,"2019/08/23 04:05:00",RT_SA6,0
D,DISPATCH,UNIT_SCADA,1,"2019/08/23 04:05:00",RT_TAS1,0
D,DISPATCH,UNIT_SCADA,1,"2019/08/23 04:05:00",RT_VIC1,0
D,DISPATCH,UNIT_SCADA,1,"2019/08/23 04:05:00",RT_VIC10,0
D,DISPATCH,UNIT_SCADA,1,"2019/08/23 04:05:00",RT_VIC11,0
D,DISPATCH,UNIT_SCADA,1,"2019/08/23 04:05:00",RT_VIC12,0
D,DISPATCH,UNIT_SCADA,1,"2019/08/23 04:05:00",RT_VIC2,0
D,DISPATCH,UNIT_SCADA,1,"2019/08/23 04:05:00",RT_VIC3,0
D,DISPATCH,UNIT_SCADA,1,"2019/08/23 04:05:00",RT_VIC4,0
D,DISPATCH,UNIT_SCADA,1,"2019/08/23 04:05:00",RT_VIC5,0
D,DISPATCH,UNIT_SCADA,1,"2019/08/23 04:05:00",RT_VIC6,0
D,DISPATCH,UNIT_SCADA,1,"2019/08/23 04:05:00",RT_VIC7,0
D,DISPATCH,UNIT_SCADA,1,"2019/08/23 04:05:00",RT_VIC8,0
D,DISPATCH,UNIT_SCADA,1,"2019/08/23 04:05:00",RT_VIC9,0
D,DISPATCH,UNIT_SCADA,1,"2019/08/23 04:05:00",RUGBYR1,0
D,DISPATCH,UNIT_SCADA,1,"2019/08/23 04:05:00",SALTCRK1,3.99
D,DISPATCH,UNIT_SCADA,1,"2019/08/23 04:05:00",SAPHWF1,69.928130
D,DISPATCH,UNIT_SCADA,1,"2019/08/23 04:05:00",SHGEN,0
D,DISPATCH,UNIT_SCADA,1,"2019/08/23 04:05:00",SHPUMP,0
D,DISPATCH,UNIT_SCADA,1,"2019/08/23 04:05:00",SITHE01,0.224190
D,DISPATCH,UNIT_SCADA,1,"2019/08/23 04:05:00",SMCSF1,0
D,DISPATCH,UNIT_SCADA,1,"2019/08/23 04:05:00",SNOWNTH1,10.20
D,DISPATCH,UNIT_SCADA,1,"2019/08/23 04:05:00",SNOWSTH1,39.70
D,DISPATCH,UNIT_SCADA,1,"2019/08/23 04:05:00",SNOWTWN1,16.9615
D,DISPATCH,UNIT_SCADA,1,"2019/08/23 04:05:00",SNOWYP,0
D,DISPATCH,UNIT_SCADA,1,"2019/08/23 04:05:00",SNUG1,0.019440
D,DISPATCH,UNIT_SCADA,1,"2019/08/23 04:05:00",SRSF1,0
D,DISPATCH,UNIT_SCADA,1,"2019/08/23 04:05:00",STAN-1,0
D,DISPATCH,UNIT_SCADA,1,"2019/08/23 04:05:00",STAN-2,218.543490
D,DISPATCH,UNIT_SCADA,1,"2019/08/23 04:05:00",STAN-3,218.812670
D,DISPATCH,UNIT_SCADA,1,"2019/08/23 04:05:00",STAN-4,223.106630
D,DISPATCH,UNIT_SCADA,1,"2019/08/23 04:05:00",STWF1,184.0950
D,DISPATCH,UNIT_SCADA,1,"2019/08/23 04:05:00",SWAN_E,0
D,DISPATCH,UNIT_SCADA,1,"2019/08/23 04:05:00",TALWA1,366
D,DISPATCH,UNIT_SCADA,1,"2019/08/23 04:05:00",TARALGA1,6.359990
D,DISPATCH,UNIT_SCADA,1,"2019/08/23 04:05:00",TARONG#1,236.100010
D,DISPATCH,UNIT_SCADA,1,"2019/08/23 04:05:00",TARONG#2,237
D,DISPATCH,UNIT_SCADA,1,"2019/08/23 04:05:00",TARONG#3,180.400010
D,DISPATCH,UNIT_SCADA,1,"2019/08/23 04:05:00",TARONG#4,226
D,DISPATCH,UNIT_SCADA,1,"2019/08/23 04:05:00",TARRALEA,83.90
D,DISPATCH,UNIT_SCADA,1,"2019/08/23 04:05:00",TBSF1,-0.20
D,DISPATCH,UNIT_SCADA,1,"2019/08/23 04:05:00",TNPS1,400.000030
D,DISPATCH,UNIT_SCADA,1,"2019/08/23 04:05:00",TORRA1,44.594650
D,DISPATCH,UNIT_SCADA,1,"2019/08/23 04:05:00",TORRA2,0
D,DISPATCH,UNIT_SCADA,1,"2019/08/23 04:05:00",TORRA3,0
D,DISPATCH,UNIT_SCADA,1,"2019/08/23 04:05:00",TORRA4,0
D,DISPATCH,UNIT_SCADA,1,"2019/08/23 04:05:00",TORRB1,0
D,DISPATCH,UNIT_SCADA,1,"2019/08/23 04:05:00",TORRB2,61.53
D,DISPATCH,UNIT_SCADA,1,"2019/08/23 04:05:00",TORRB3,0
D,DISPATCH,UNIT_SCADA,1,"2019/08/23 04:05:00",TORRB4,0
D,DISPATCH,UNIT_SCADA,1,"2019/08/23 04:05:00",TREVALLN,44.130010
D,DISPATCH,UNIT_SCADA,1,"2019/08/23 04:05:00",TRIBUTE,84.71
D,DISPATCH,UNIT_SCADA,1,"2019/08/23 04:05:00",TUMUT3,0
D,DISPATCH,UNIT_SCADA,1,"2019/08/23 04:05:00",TUNGATIN,140.200030
D,DISPATCH,UNIT_SCADA,1,"2019/08/23 04:05:00",TVCC201,0
D,DISPATCH,UNIT_SCADA,1,"2019/08/23 04:05:00",TVPP104,0
D,DISPATCH,UNIT_SCADA,1,"2019/08/23 04:05:00",UPPTUMUT,0
D,DISPATCH,UNIT_SCADA,1,"2019/08/23 04:05:00",URANQ11,0
D,DISPATCH,UNIT_SCADA,1,"2019/08/23 04:05:00",URANQ12,0
D,DISPATCH,UNIT_SCADA,1,"2019/08/23 04:05:00",URANQ13,0
D,DISPATCH,UNIT_SCADA,1,"2019/08/23 04:05:00",URANQ14,0
D,DISPATCH,UNIT_SCADA,1,"2019/08/23 04:05:00",VP5,446.950010
D,DISPATCH,UNIT_SCADA,1,"2019/08/23 04:05:00",VP6,453.450010
D,DISPATCH,UNIT_SCADA,1,"2019/08/23 04:05:00",VPGS1,0
D,DISPATCH,UNIT_SCADA,1,"2019/08/23 04:05:00",VPGS2,0
D,DISPATCH,UNIT_SCADA,1,"2019/08/23 04:05:00",VPGS3,0
D,DISPATCH,UNIT_SCADA,1,"2019/08/23 04:05:00",VPGS4,0
D,DISPATCH,UNIT_SCADA,1,"2019/08/23 04:05:00",VPGS5,0
D,DISPATCH,UNIT_SCADA,1,"2019/08/23 04:05:00",VPGS6,0
D,DISPATCH,UNIT_SCADA,1,"2019/08/23 04:05:00",W/HOE#1,0
D,DISPATCH,UNIT_SCADA,1,"2019/08/23 04:05:00",W/HOE#2,0
D,DISPATCH,UNIT_SCADA,1,"2019/08/23 04:05:00",WATERLWF,15.10
D,DISPATCH,UNIT_SCADA,1,"2019/08/23 04:05:00",WEMENSF1,0
D,DISPATCH,UNIT_SCADA,1,"2019/08/23 04:05:00",WGWF1,23.30
D,DISPATCH,UNIT_SCADA,1,"2019/08/23 04:05:00",WHITSF1,0
D,DISPATCH,UNIT_SCADA,1,"2019/08/23 04:05:00",WKIEWA1,28.80
D,DISPATCH,UNIT_SCADA,1,"2019/08/23 04:05:00",WKIEWA2,19.10
D,DISPATCH,UNIT_SCADA,1,"2019/08/23 04:05:00",WOODLWN1,0
D,DISPATCH,UNIT_SCADA,1,"2019/08/23 04:05:00",WRSF1,0
D,DISPATCH,UNIT_SCADA,1,"2019/08/23 04:05:00",WRWF1,22.406260
D,DISPATCH,UNIT_SCADA,1,"2019/08/23 04:05:00",YABULU,0
D,DISPATCH,UNIT_SCADA,1,"2019/08/23 04:05:00",YABULU2,0
D,DISPATCH,UNIT_SCADA,1,"2019/08/23 04:05:00",YARWUN_1,0
D,DISPATCH,UNIT_SCADA,1,"2019/08/23 04:05:00",YENDWF1,-1.28
D,DISPATCH,UNIT_SCADA,1,"2019/08/23 04:05:00",YWPS1,358.896210
D,DISPATCH,UNIT_SCADA,1,"2019/08/23 04:05:00",YWPS2,280.448090
D,DISPATCH,UNIT_SCADA,1,"2019/08/23 04:05:00",YWPS3,0
D,DISPATCH,UNIT_SCADA,1,"2019/08/23 04:05:00",YWPS4,0
C,"END OF REPORT",334
