C,NEMP.WORLD,DISPATCHSCADA,AEMO,PUBLIC,2019/08/19,23:50:08,0000000311764777,DISPATCHSCADA,0000000311764771
I,DISPATCH,UNIT_SCADA,1,SETTLEMENTDATE,DUID,SCADAVALUE
D,DISPATCH,UNIT_SCADA,1,"2019/08/19 23:55:00",BARCSF1,0
D,DISPATCH,UNIT_SCADA,1,"2019/08/19 23:55:00",BUTLERSG,9.699999
D,DISPATCH,UNIT_SCADA,1,"2019/08/19 23:55:00",CALL_A_4,0
D,DISPATCH,UNIT_SCADA,1,"2019/08/19 23:55:00",CAPTL_WF,121.371994
D,DISPATCH,UNIT_SCADA,1,"2019/08/19 23:55:00",CATHROCK,49.719997
D,DISPATCH,UNIT_SCADA,1,"2019/08/19 23:55:00",CHALLHWF,13.799999
D,DISPATCH,UNIT_SCADA,1,"2019/08/19 23:55:00",CLOVER,0
D,DISPATCH,UNIT_SCADA,1,"2019/08/19 23:55:00",CLUNY,17.430532
D,DISPATCH,UNIT_SCADA,1,"2019/08/19 23:55:00",CNUNDAWF,37.844147
D,DISPATCH,UNIT_SCADA,1,"2019/08/19 23:55:00",CULLRGWF,30.209999
D,DISPATCH,UNIT_SCADA,1,"2019/08/19 23:55:00",ERGT01,0
D,DISPATCH,UNIT_SCADA,1,"2019/08/19 23:55:00",GB01,0.064407
D,DISPATCH,UNIT_SCADA,1,"2019/08/19 23:55:00",GERMCRK,36
D,DISPATCH,UNIT_SCADA,1,"2019/08/19 23:55:00",GRIFSF1,0
D,DISPATCH,UNIT_SCADA,1,"2019/08/19 23:55:00",HUGSF1,-0.2580
D,DISPATCH,UNIT_SCADA,1,"2019/08/19 23:55:00",LKBONNY1,69.036140
D,DISPATCH,UNIT_SCADA,1,"2019/08/19 23:55:00",LRSF1,-0.03
D,DISPATCH,UNIT_SCADA,1,"2019/08/19 23:55:00",MBAHNTH,56.118759
D,DISPATCH,UNIT_SCADA,1,"2019/08/19 23:55:00",MLSP1,0.304001
D,DISPATCH,UNIT_SCADA,1,"2019/08/19 23:55:00",MLWF1,17.415001
D,DISPATCH,UNIT_SCADA,1,"2019/08/19 23:55:00",MTMILLAR,17.576378
D,DISPATCH,UNIT_SCADA,1,"2019/08/19 23:55:00",PALOONA,23.449999
D,DISPATCH,UNIT_SCADA,1,"2019/08/19 23:55:00",PIONEER,27.800001
D,DISPATCH,UNIT_SCADA,1,"2019/08/19 23:55:00",PORTWF,134.199997
D,DISPATCH,UNIT_SCADA,1,"2019/08/19 23:55:00",REPULSE,28.980545
D,DISPATCH,UNIT_SCADA,1,"2019/08/19 23:55:00",ROWALLAN,9.9897
D,DISPATCH,UNIT_SCADA,1,"2019/08/19 23:55:00",ROYALLA1,0
D,DISPATCH,UNIT_SCADA,1,"2019/08/19 23:55:00",RPCG,-3.20
D,DISPATCH,UNIT_SCADA,1,"2019/08/19 23:55:00",RUBICON,0
D,DISPATCH,UNIT_SCADA,1,"2019/08/19 23:55:00",SATGN1,0
D,DISPATCH,UNIT_SCADA,1,"2019/08/19 23:55:00",SATGS1,0
D,DISPATCH,UNIT_SCADA,1,"2019/08/19 23:55:00",STARHLWF,17.994753
D,DISPATCH,UNIT_SCADA,1,"2019/08/19 23:55:00",WAUBRAWF,119
D,DISPATCH,UNIT_SCADA,1,"2019/08/19 23:55:00",WOOLNTH1,129.220016
D,DISPATCH,UNIT_SCADA,1,"2019/08/19 23:55:00",WPWF,26
D,DISPATCH,UNIT_SCADA,1,"2019/08/19 23:55:00",YAMBUKWF,18.299999
D,DISPATCH,UNIT_SCADA,1,"2019/08/19 23:55:00",YSWF1,28.200001
D,DISPATCH,UNIT_SCADA,1,"2019/08/19 23:55:00",AGLHAL,0
D,DISPATCH,UNIT_SCADA,1,"2019/08/19 23:55:00",AGLSOM,0
D,DISPATCH,UNIT_SCADA,1,"2019/08/19 23:55:00",ANGAST1,0
D,DISPATCH,UNIT_SCADA,1,"2019/08/19 23:55:00",ARWF1,13.50
D,DISPATCH,UNIT_SCADA,1,"2019/08/19 23:55:00",BALBG1,0
D,DISPATCH,UNIT_SCADA,1,"2019/08/19 23:55:00",BALBL1,0
D,DISPATCH,UNIT_SCADA,1,"2019/08/19 23:55:00",BALDHWF1,99.30
D,DISPATCH,UNIT_SCADA,1,"2019/08/19 23:55:00",BANN1,0
D,DISPATCH,UNIT_SCADA,1,"2019/08/19 23:55:00",BARCALDN,0
D,DISPATCH,UNIT_SCADA,1,"2019/08/19 23:55:00",BARRON-1,0
D,DISPATCH,UNIT_SCADA,1,"2019/08/19 23:55:00",BARRON-2,24.52
D,DISPATCH,UNIT_SCADA,1,"2019/08/19 23:55:00",BASTYAN,80.500010
D,DISPATCH,UNIT_SCADA,1,"2019/08/19 23:55:00",BBTHREE1,0
D,DISPATCH,UNIT_SCADA,1,"2019/08/19 23:55:00",BBTHREE2,0
D,DISPATCH,UNIT_SCADA,1,"2019/08/19 23:55:00",BBTHREE3,0
D,DISPATCH,UNIT_SCADA,1,"2019/08/19 23:55:00",BDL01,0
D,DISPATCH,UNIT_SCADA,1,"2019/08/19 23:55:00",BDL02,0
D,DISPATCH,UNIT_SCADA,1,"2019/08/19 23:55:00",BERYLSF1,0
D,DISPATCH,UNIT_SCADA,1,"2019/08/19 23:55:00",BLOWERNG,0
D,DISPATCH,UNIT_SCADA,1,"2019/08/19 23:55:00",BLUFF1,34.90
D,DISPATCH,UNIT_SCADA,1,"2019/08/19 23:55:00",BNGSF1,0
D,DISPATCH,UNIT_SCADA,1,"2019/08/19 23:55:00",BNGSF2,0
D,DISPATCH,UNIT_SCADA,1,"2019/08/19 23:55:00",BOCORWF1,77.11
D,DISPATCH,UNIT_SCADA,1,"2019/08/19 23:55:00",BODWF1,29.350090
D,DISPATCH,UNIT_SCADA,1,"2019/08/19 23:55:00",BRAEMAR1,0
D,DISPATCH,UNIT_SCADA,1,"2019/08/19 23:55:00",BRAEMAR2,0
D,DISPATCH,UNIT_SCADA,1,"2019/08/19 23:55:00",BRAEMAR3,0
D,DISPATCH,UNIT_SCADA,1,"2019/08/19 23:55:00",BRAEMAR5,0
D,DISPATCH,UNIT_SCADA,1,"2019/08/19 23:55:00",BRAEMAR6,0
D,DISPATCH,UNIT_SCADA,1,"2019/08/19 23:55:00",BRAEMAR7,0
D,DISPATCH,UNIT_SCADA,1,"2019/08/19 23:55:00",BROKENH1,0
D,DISPATCH,UNIT_SCADA,1,"2019/08/19 23:55:00",BW01,594.025020
D,DISPATCH,UNIT_SCADA,1,"2019/08/19 23:55:00",BW02,617.924930
D,DISPATCH,UNIT_SCADA,1,"2019/08/19 23:55:00",BW03,645.974980
D,DISPATCH,UNIT_SCADA,1,"2019/08/19 23:55:00",BW04,0
D,DISPATCH,UNIT_SCADA,1,"2019/08/19 23:55:00",CALL_B_1,339.300020
D,DISPATCH,UNIT_SCADA,1,"2019/08/19 23:55:00",CALL_B_2,279.399990
D,DISPATCH,UNIT_SCADA,1,"2019/08/19 23:55:00",CETHANA,79.683130
D,DISPATCH,UNIT_SCADA,1,"2019/08/19 23:55:00",CG1,0
D,DISPATCH,UNIT_SCADA,1,"2019/08/19 23:55:00",CG2,0
D,DISPATCH,UNIT_SCADA,1,"2019/08/19 23:55:00",CG3,0
D,DISPATCH,UNIT_SCADA,1,"2019/08/19 23:55:00",CG4,0
D,DISPATCH,UNIT_SCADA,1,"2019/08/19 23:55:00",CHILDSF1,0
D,DISPATCH,UNIT_SCADA,1,"2019/08/19 23:55:00",CLARESF1,0
D,DISPATCH,UNIT_SCADA,1,"2019/08/19 23:55:00",CLEMGPWF,2.593260
D,DISPATCH,UNIT_SCADA,1,"2019/08/19 23:55:00",CLERMSF1,0
D,DISPATCH,UNIT_SCADA,1,"2019/08/19 23:55:00",COLEASF1,0
D,DISPATCH,UNIT_SCADA,1,"2019/08/19 23:55:00",COOPGWF1,35.400920
D,DISPATCH,UNIT_SCADA,1,"2019/08/19 23:55:00",CPP_3,385.550020
D,DISPATCH,UNIT_SCADA,1,"2019/08/19 23:55:00",CPP_4,385
D,DISPATCH,UNIT_SCADA,1,"2019/08/19 23:55:00",CPSA,143.2950
D,DISPATCH,UNIT_SCADA,1,"2019/08/19 23:55:00",CROOKWF2,58.773750
D,DISPATCH,UNIT_SCADA,1,"2019/08/19 23:55:00",CROWLWF1,42.391550
D,DISPATCH,UNIT_SCADA,1,"2019/08/19 23:55:00",CSPVPS1,0
D,DISPATCH,UNIT_SCADA,1,"2019/08/19 23:55:00",DALNTH01,0
D,DISPATCH,UNIT_SCADA,1,"2019/08/19 23:55:00",DALNTHL1,0.0473
D,DISPATCH,UNIT_SCADA,1,"2019/08/19 23:55:00",DARTM1,134.70
D,DISPATCH,UNIT_SCADA,1,"2019/08/19 23:55:00",DAYDSF1,0
D,DISPATCH,UNIT_SCADA,1,"2019/08/19 23:55:00",DDPS1,0
D,DISPATCH,UNIT_SCADA,1,"2019/08/19 23:55:00",DDSF1,0
D,DISPATCH,UNIT_SCADA,1,"2019/08/19 23:55:00",DEVILS_G,60.324110
D,DISPATCH,UNIT_SCADA,1,"2019/08/19 23:55:00",DG_NSW1,0
D,DISPATCH,UNIT_SCADA,1,"2019/08/19 23:55:00",DG_QLD1,0
D,DISPATCH,UNIT_SCADA,1,"2019/08/19 23:55:00",DG_SA1,0
D,DISPATCH,UNIT_SCADA,1,"2019/08/19 23:55:00",DG_TAS1,0
D,DISPATCH,UNIT_SCADA,1,"2019/08/19 23:55:00",DG_VIC1,0
D,DISPATCH,UNIT_SCADA,1,"2019/08/19 23:55:00",DRYCGT1,0
D,DISPATCH,UNIT_SCADA,1,"2019/08/19 23:55:00",DRYCGT2,0
D,DISPATCH,UNIT_SCADA,1,"2019/08/19 23:55:00",DRYCGT3,0
D,DISPATCH,UNIT_SCADA,1,"2019/08/19 23:55:00",EILDON1,0
D,DISPATCH,UNIT_SCADA,1,"2019/08/19 23:55:00",EILDON2,0
D,DISPATCH,UNIT_SCADA,1,"2019/08/19 23:55:00",EMERASF1,0
D,DISPATCH,UNIT_SCADA,1,"2019/08/19 23:55:00",ER01,550.900020
D,DISPATCH,UNIT_SCADA,1,"2019/08/19 23:55:00",ER02,613.224980
D,DISPATCH,UNIT_SCADA,1,"2019/08/19 23:55:00",ER03,613.949950
D,DISPATCH,UNIT_SCADA,1,"2019/08/19 23:55:00",ER04,614.25
D,DISPATCH,UNIT_SCADA,1,"2019/08/19 23:55:00",FINLYSF1,0
D,DISPATCH,UNIT_SCADA,1,"2019/08/19 23:55:00",FISHER,45.94
D,DISPATCH,UNIT_SCADA,1,"2019/08/19 23:55:00",GANNBG1,0
D,DISPATCH,UNIT_SCADA,1,"2019/08/19 23:55:00",GANNBL1,0.033490
D,DISPATCH,UNIT_SCADA,1,"2019/08/19 23:55:00",GANNSF1,0
D,DISPATCH,UNIT_SCADA,1,"2019/08/19 23:55:00",GORDON,0
D,DISPATCH,UNIT_SCADA,1,"2019/08/19 23:55:00",GSTONE1,151.724990
D,DISPATCH,UNIT_SCADA,1,"2019/08/19 23:55:00",GSTONE2,128.974990
D,DISPATCH,UNIT_SCADA,1,"2019/08/19 23:55:00",GSTONE3,130.024990
D,DISPATCH,UNIT_SCADA,1,"2019/08/19 23:55:00",GSTONE4,119.8750
D,DISPATCH,UNIT_SCADA,1,"2019/08/19 23:55:00",GSTONE5,150.50
D,DISPATCH,UNIT_SCADA,1,"2019/08/19 23:55:00",GSTONE6,0
D,DISPATCH,UNIT_SCADA,1,"2019/08/19 23:55:00",GULLRSF1,0
D,DISPATCH,UNIT_SCADA,1,"2019/08/19 23:55:00",GULLRWF1,159.196410
D,DISPATCH,UNIT_SCADA,1,"2019/08/19 23:55:00",GUNNING1,40.010220
D,DISPATCH,UNIT_SCADA,1,"2019/08/19 23:55:00",GUTHEGA,0
D,DISPATCH,UNIT_SCADA,1,"2019/08/19 23:55:00",HALLWF1,81.53
D,DISPATCH,UNIT_SCADA,1,"2019/08/19 23:55:00",HALLWF2,64.29
D,DISPATCH,UNIT_SCADA,1,"2019/08/19 23:55:00",HAMISF1,0
D,DISPATCH,UNIT_SCADA,1,"2019/08/19 23:55:00",HAUGHT11,0
D,DISPATCH,UNIT_SCADA,1,"2019/08/19 23:55:00",HAYMSF1,0
D,DISPATCH,UNIT_SCADA,1,"2019/08/19 23:55:00",HDWF1,48.80
D,DISPATCH,UNIT_SCADA,1,"2019/08/19 23:55:00",HDWF2,34.80
D,DISPATCH,UNIT_SCADA,1,"2019/08/19 23:55:00",HDWF3,45
D,DISPATCH,UNIT_SCADA,1,"2019/08/19 23:55:00",HPRG1,0
D,DISPATCH,UNIT_SCADA,1,"2019/08/19 23:55:00",HPRL1,30.70
D,DISPATCH,UNIT_SCADA,1,"2019/08/19 23:55:00",HUMENSW,0
D,DISPATCH,UNIT_SCADA,1,"2019/08/19 23:55:00",HUMEV,8.20
D,DISPATCH,UNIT_SCADA,1,"2019/08/19 23:55:00",HVGTS,0
D,DISPATCH,UNIT_SCADA,1,"2019/08/19 23:55:00",JBUTTERS,129.23
D,DISPATCH,UNIT_SCADA,1,"2019/08/19 23:55:00",JLA01,0.50
D,DISPATCH,UNIT_SCADA,1,"2019/08/19 23:55:00",JLA02,0
D,DISPATCH,UNIT_SCADA,1,"2019/08/19 23:55:00",JLA03,0.10
D,DISPATCH,UNIT_SCADA,1,"2019/08/19 23:55:00",JLA04,0.10
D,DISPATCH,UNIT_SCADA,1,"2019/08/19 23:55:00",JLB01,0
D,DISPATCH,UNIT_SCADA,1,"2019/08/19 23:55:00",JLB02,0.10
D,DISPATCH,UNIT_SCADA,1,"2019/08/19 23:55:00",JLB03,0
D,DISPATCH,UNIT_SCADA,1,"2019/08/19 23:55:00",KAREEYA1,21.5250
D,DISPATCH,UNIT_SCADA,1,"2019/08/19 23:55:00",KAREEYA2,21.55
D,DISPATCH,UNIT_SCADA,1,"2019/08/19 23:55:00",KAREEYA3,0
D,DISPATCH,UNIT_SCADA,1,"2019/08/19 23:55:00",KAREEYA4,21.5975
D,DISPATCH,UNIT_SCADA,1,"2019/08/19 23:55:00",KARSF1,0
D,DISPATCH,UNIT_SCADA,1,"2019/08/19 23:55:00",KIATAWF1,30.40
D,DISPATCH,UNIT_SCADA,1,"2019/08/19 23:55:00",KPP_1,0
D,DISPATCH,UNIT_SCADA,1,"2019/08/19 23:55:00",KSP1,0
D,DISPATCH,UNIT_SCADA,1,"2019/08/19 23:55:00",LADBROK1,0
D,DISPATCH,UNIT_SCADA,1,"2019/08/19 23:55:00",LADBROK2,0
D,DISPATCH,UNIT_SCADA,1,"2019/08/19 23:55:00",LD01,420.581270
D,DISPATCH,UNIT_SCADA,1,"2019/08/19 23:55:00",LD02,419.5687
D,DISPATCH,UNIT_SCADA,1,"2019/08/19 23:55:00",LD03,420.243710
D,DISPATCH,UNIT_SCADA,1,"2019/08/19 23:55:00",LD04,382.349950
D,DISPATCH,UNIT_SCADA,1,"2019/08/19 23:55:00",LEM_WIL,83.8085
D,DISPATCH,UNIT_SCADA,1,"2019/08/19 23:55:00",LGAPWF1,6.53
D,DISPATCH,UNIT_SCADA,1,"2019/08/19 23:55:00",LILYSF1,0
D,DISPATCH,UNIT_SCADA,1,"2019/08/19 23:55:00",LI_WY_CA,143.276870
D,DISPATCH,UNIT_SCADA,1,"2019/08/19 23:55:00",LKBONNY2,146.951930
D,DISPATCH,UNIT_SCADA,1,"2019/08/19 23:55:00",LKBONNY3,37.958970
D,DISPATCH,UNIT_SCADA,1,"2019/08/19 23:55:00",LK_ECHO,0
D,DISPATCH,UNIT_SCADA,1,"2019/08/19 23:55:00",LNGS1,0
D,DISPATCH,UNIT_SCADA,1,"2019/08/19 23:55:00",LNGS2,0
D,DISPATCH,UNIT_SCADA,1,"2019/08/19 23:55:00",LONSDALE,0
D,DISPATCH,UNIT_SCADA,1,"2019/08/19 23:55:00",LOYYB1,535.712650
D,DISPATCH,UNIT_SCADA,1,"2019/08/19 23:55:00",LOYYB2,582.330380
D,DISPATCH,UNIT_SCADA,1,"2019/08/19 23:55:00",LYA1,559
D,DISPATCH,UNIT_SCADA,1,"2019/08/19 23:55:00",LYA2,0
D,DISPATCH,UNIT_SCADA,1,"2019/08/19 23:55:00",LYA3,561
D,DISPATCH,UNIT_SCADA,1,"2019/08/19 23:55:00",LYA4,539
D,DISPATCH,UNIT_SCADA,1,"2019/08/19 23:55:00",MACARTH1,224.394820
D,DISPATCH,UNIT_SCADA,1,"2019/08/19 23:55:00",MACKAYGT,0
D,DISPATCH,UNIT_SCADA,1,"2019/08/19 23:55:00",MACKNTSH,85.150010
D,DISPATCH,UNIT_SCADA,1,"2019/08/19 23:55:00",MANSLR1,0
D,DISPATCH,UNIT_SCADA,1,"2019/08/19 23:55:00",MCKAY1,0.02
D,DISPATCH,UNIT_SCADA,1,"2019/08/19 23:55:00",MEADOWBK,34.0102
D,DISPATCH,UNIT_SCADA,1,"2019/08/19 23:55:00",MERCER01,123.0480
D,DISPATCH,UNIT_SCADA,1,"2019/08/19 23:55:00",MEWF1,106.872830
D,DISPATCH,UNIT_SCADA,1,"2019/08/19 23:55:00",MINTARO,0
D,DISPATCH,UNIT_SCADA,1,"2019/08/19 23:55:00",MOREESF1,0
D,DISPATCH,UNIT_SCADA,1,"2019/08/19 23:55:00",MORTLK11,125
D,DISPATCH,UNIT_SCADA,1,"2019/08/19 23:55:00",MORTLK12,0
D,DISPATCH,UNIT_SCADA,1,"2019/08/19 23:55:00",MP1,285.299930
D,DISPATCH,UNIT_SCADA,1,"2019/08/19 23:55:00",MP2,0
D,DISPATCH,UNIT_SCADA,1,"2019/08/19 23:55:00",MPP_1,428.50
D,DISPATCH,UNIT_SCADA,1,"2019/08/19 23:55:00",MPP_2,434.75
D,DISPATCH,UNIT_SCADA,1,"2019/08/19 23:55:00",MSTUART1,0
D,DISPATCH,UNIT_SCADA,1,"2019/08/19 23:55:00",MSTUART2,0
D,DISPATCH,UNIT_SCADA,1,"2019/08/19 23:55:00",MSTUART3,0
D,DISPATCH,UNIT_SCADA,1,"2019/08/19 23:55:00",MTGELWF1,64.043090
D,DISPATCH,UNIT_SCADA,1,"2019/08/19 23:55:00",MURRAY,0
D,DISPATCH,UNIT_SCADA,1,"2019/08/19 23:55:00",MUSSELR1,166.099990
D,DISPATCH,UNIT_SCADA,1,"2019/08/19 23:55:00",MUWAWF1,45.98
D,DISPATCH,UNIT_SCADA,1,"2019/08/19 23:55:00",NBHWF1,64.399990
D,DISPATCH,UNIT_SCADA,1,"2019/08/19 23:55:00",NPS,0
D,DISPATCH,UNIT_SCADA,1,"2019/08/19 23:55:00",NUMURSF1,0
D,DISPATCH,UNIT_SCADA,1,"2019/08/19 23:55:00",NYNGAN1,0
D,DISPATCH,UNIT_SCADA,1,"2019/08/19 23:55:00",OAKEY1,0
D,DISPATCH,UNIT_SCADA,1,"2019/08/19 23:55:00",OAKEY1SF,0
D,DISPATCH,UNIT_SCADA,1,"2019/08/19 23:55:00",OAKEY2,0
D,DISPATCH,UNIT_SCADA,1,"2019/08/19 23:55:00",OAKLAND1,60.90
D,DISPATCH,UNIT_SCADA,1,"2019/08/19 23:55:00",OSB-AG,141.08
D,DISPATCH,UNIT_SCADA,1,"2019/08/19 23:55:00",PARSF1,0
D,DISPATCH,UNIT_SCADA,1,"2019/08/19 23:55:00",POAT110,0
D,DISPATCH,UNIT_SCADA,1,"2019/08/19 23:55:00",POAT220,1.63
D,DISPATCH,UNIT_SCADA,1,"2019/08/19 23:55:00",POR01,0
D,DISPATCH,UNIT_SCADA,1,"2019/08/19 23:55:00",POR03,0
D,DISPATCH,UNIT_SCADA,1,"2019/08/19 23:55:00",PPCCGT,355.421570
D,DISPATCH,UNIT_SCADA,1,"2019/08/19 23:55:00",PTSTAN1,0
D,DISPATCH,UNIT_SCADA,1,"2019/08/19 23:55:00",PUMP1,0
D,DISPATCH,UNIT_SCADA,1,"2019/08/19 23:55:00",PUMP2,0
D,DISPATCH,UNIT_SCADA,1,"2019/08/19 23:55:00",QPS1,0
D,DISPATCH,UNIT_SCADA,1,"2019/08/19 23:55:00",QPS2,0
D,DISPATCH,UNIT_SCADA,1,"2019/08/19 23:55:00",QPS3,0
D,DISPATCH,UNIT_SCADA,1,"2019/08/19 23:55:00",QPS4,0
D,DISPATCH,UNIT_SCADA,1,"2019/08/19 23:55:00",QPS5,0
D,DISPATCH,UNIT_SCADA,1,"2019/08/19 23:55:00",REECE1,113.960010
D,DISPATCH,UNIT_SCADA,1,"2019/08/19 23:55:00",REECE2,112.650010
D,DISPATCH,UNIT_SCADA,1,"2019/08/19 23:55:00",ROMA_7,0
D,DISPATCH,UNIT_SCADA,1,"2019/08/19 23:55:00",ROMA_8,0
D,DISPATCH,UNIT_SCADA,1,"2019/08/19 23:55:00",RRSF1,0
D,DISPATCH,UNIT_SCADA,1,"2019/08/19 23:55:00",RT_NSW1,0
D,DISPATCH,UNIT_SCADA,1,"2019/08/19 23:55:00",RT_NSW2,0
D,DISPATCH,UNIT_SCADA,1,"2019/08/19 23:55:00",RT_NSW3,0
D,DISPATCH,UNIT_SCADA,1,"2019/08/19 23:55:00",RT_NSW4,0
D,DISPATCH,UNIT_SCADA,1,"2019/08/19 23:55:00",RT_NSW5,0
D,DISPATCH,UNIT_SCADA,1,"2019/08/19 23:55:00",RT_NSW6,0
D,DISPATCH,UNIT_SCADA,1,"2019/08/19 23:55:00",RT_QLD1,0
D,DISPATCH,UNIT_SCADA,1,"2019/08/19 23:55:00",RT_SA1,0
D,DISPATCH,UNIT_SCADA,1,"2019/08/19 23:55:00",RT_SA2,0
D,DISPATCH,UNIT_SCADA,1,"2019/08/19 23:55:00",RT_SA3,0
D,DISPATCH,UNIT_SCADA,1,"2019/08/19 23:55:00",RT_SA4,0
D,DISPATCH,UNIT_SCADA,1,"2019/08/19 23:55:00",RT_SA5,0
D,DISPATCH,UNIT_SCADA,1,"2019/08/19 23:55:00",RT_SA6,0
D,DISPATCH,UNIT_SCADA,1,"2019/08/19 23:55:00",RT_TAS1,0
D,DISPATCH,UNIT_SCADA,1,"2019/08/19 23:55:00",RT_VIC1,0
D,DISPATCH,UNIT_SCADA,1,"2019/08/19 23:55:00",RT_VIC10,0
D,DISPATCH,UNIT_SCADA,1,"2019/08/19 23:55:00",RT_VIC11,0
D,DISPATCH,UNIT_SCADA,1,"2019/08/19 23:55:00",RT_VIC12,0
D,DISPATCH,UNIT_SCADA,1,"2019/08/19 23:55:00",RT_VIC2,0
D,DISPATCH,UNIT_SCADA,1,"2019/08/19 23:55:00",RT_VIC3,0
D,DISPATCH,UNIT_SCADA,1,"2019/08/19 23:55:00",RT_VIC4,0
D,DISPATCH,UNIT_SCADA,1,"2019/08/19 23:55:00",RT_VIC5,0
D,DISPATCH,UNIT_SCADA,1,"2019/08/19 23:55:00",RT_VIC6,0
D,DISPATCH,UNIT_SCADA,1,"2019/08/19 23:55:00",RT_VIC7,0
D,DISPATCH,UNIT_SCADA,1,"2019/08/19 23:55:00",RT_VIC8,0
D,DISPATCH,UNIT_SCADA,1,"2019/08/19 23:55:00",RT_VIC9,0
D,DISPATCH,UNIT_SCADA,1,"2019/08/19 23:55:00",RUGBYR1,0
D,DISPATCH,UNIT_SCADA,1,"2019/08/19 23:55:00",SALTCRK1,46.90
D,DISPATCH,UNIT_SCADA,1,"2019/08/19 23:55:00",SAPHWF1,242.775020
D,DISPATCH,UNIT_SCADA,1,"2019/08/19 23:55:00",SHGEN,0
D,DISPATCH,UNIT_SCADA,1,"2019/08/19 23:55:00",SHPUMP,119.788060
D,DISPATCH,UNIT_SCADA,1,"2019/08/19 23:55:00",SITHE01,0.123710
D,DISPATCH,UNIT_SCADA,1,"2019/08/19 23:55:00",SMCSF1,0
D,DISPATCH,UNIT_SCADA,1,"2019/08/19 23:55:00",SNOWNTH1,17.20
D,DISPATCH,UNIT_SCADA,1,"2019/08/19 23:55:00",SNOWSTH1,41.80
D,DISPATCH,UNIT_SCADA,1,"2019/08/19 23:55:00",SNOWTWN1,24.417880
D,DISPATCH,UNIT_SCADA,1,"2019/08/19 23:55:00",SNOWYP,0
D,DISPATCH,UNIT_SCADA,1,"2019/08/19 23:55:00",SNUG1,0.019440
D,DISPATCH,UNIT_SCADA,1,"2019/08/19 23:55:00",SRSF1,0
D,DISPATCH,UNIT_SCADA,1,"2019/08/19 23:55:00",STAN-1,0
D,DISPATCH,UNIT_SCADA,1,"2019/08/19 23:55:00",STAN-2,275.326350
D,DISPATCH,UNIT_SCADA,1,"2019/08/19 23:55:00",STAN-3,276.300510
D,DISPATCH,UNIT_SCADA,1,"2019/08/19 23:55:00",STAN-4,313.754120
D,DISPATCH,UNIT_SCADA,1,"2019/08/19 23:55:00",STWF1,145.023760
D,DISPATCH,UNIT_SCADA,1,"2019/08/19 23:55:00",SWAN_E,0
D,DISPATCH,UNIT_SCADA,1,"2019/08/19 23:55:00",TALWA1,302
D,DISPATCH,UNIT_SCADA,1,"2019/08/19 23:55:00",TARALGA1,104.246230
D,DISPATCH,UNIT_SCADA,1,"2019/08/19 23:55:00",TARONG#1,275.399990
D,DISPATCH,UNIT_SCADA,1,"2019/08/19 23:55:00",TARONG#2,276.800020
D,DISPATCH,UNIT_SCADA,1,"2019/08/19 23:55:00",TARONG#3,259.50
D,DISPATCH,UNIT_SCADA,1,"2019/08/19 23:55:00",TARONG#4,280.600010
D,DISPATCH,UNIT_SCADA,1,"2019/08/19 23:55:00",TARRALEA,79
D,DISPATCH,UNIT_SCADA,1,"2019/08/19 23:55:00",TBSF1,-0.20
D,DISPATCH,UNIT_SCADA,1,"2019/08/19 23:55:00",TNPS1,399.400020
D,DISPATCH,UNIT_SCADA,1,"2019/08/19 23:55:00",TORRA1,47.5365
D,DISPATCH,UNIT_SCADA,1,"2019/08/19 23:55:00",TORRA2,0
D,DISPATCH,UNIT_SCADA,1,"2019/08/19 23:55:00",TORRA3,47.858360
D,DISPATCH,UNIT_SCADA,1,"2019/08/19 23:55:00",TORRA4,0
D,DISPATCH,UNIT_SCADA,1,"2019/08/19 23:55:00",TORRB1,60.48
D,DISPATCH,UNIT_SCADA,1,"2019/08/19 23:55:00",TORRB2,60.82
D,DISPATCH,UNIT_SCADA,1,"2019/08/19 23:55:00",TORRB3,0
D,DISPATCH,UNIT_SCADA,1,"2019/08/19 23:55:00",TORRB4,0
D,DISPATCH,UNIT_SCADA,1,"2019/08/19 23:55:00",TREVALLN,17
D,DISPATCH,UNIT_SCADA,1,"2019/08/19 23:55:00",TRIBUTE,44.72
D,DISPATCH,UNIT_SCADA,1,"2019/08/19 23:55:00",TUMUT3,0
D,DISPATCH,UNIT_SCADA,1,"2019/08/19 23:55:00",TUNGATIN,119.440040
D,DISPATCH,UNIT_SCADA,1,"2019/08/19 23:55:00",TVCC201,0
D,DISPATCH,UNIT_SCADA,1,"2019/08/19 23:55:00",TVPP104,0
D,DISPATCH,UNIT_SCADA,1,"2019/08/19 23:55:00",UPPTUMUT,0
D,DISPATCH,UNIT_SCADA,1,"2019/08/19 23:55:00",URANQ11,0
D,DISPATCH,UNIT_SCADA,1,"2019/08/19 23:55:00",URANQ12,0
D,DISPATCH,UNIT_SCADA,1,"2019/08/19 23:55:00",URANQ13,0
D,DISPATCH,UNIT_SCADA,1,"2019/08/19 23:55:00",URANQ14,0
D,DISPATCH,UNIT_SCADA,1,"2019/08/19 23:55:00",VP5,406.350010
D,DISPATCH,UNIT_SCADA,1,"2019/08/19 23:55:00",VP6,402.150020
D,DISPATCH,UNIT_SCADA,1,"2019/08/19 23:55:00",VPGS1,0
D,DISPATCH,UNIT_SCADA,1,"2019/08/19 23:55:00",VPGS2,0
D,DISPATCH,UNIT_SCADA,1,"2019/08/19 23:55:00",VPGS3,0
D,DISPATCH,UNIT_SCADA,1,"2019/08/19 23:55:00",VPGS4,0
D,DISPATCH,UNIT_SCADA,1,"2019/08/19 23:55:00",VPGS5,0
D,DISPATCH,UNIT_SCADA,1,"2019/08/19 23:55:00",VPGS6,0
D,DISPATCH,UNIT_SCADA,1,"2019/08/19 23:55:00",W/HOE#1,0
D,DISPATCH,UNIT_SCADA,1,"2019/08/19 23:55:00",W/HOE#2,0
D,DISPATCH,UNIT_SCADA,1,"2019/08/19 23:55:00",WATERLWF,108.30
D,DISPATCH,UNIT_SCADA,1,"2019/08/19 23:55:00",WEMENSF1,0
D,DISPATCH,UNIT_SCADA,1,"2019/08/19 23:55:00",WGWF1,75.70
D,DISPATCH,UNIT_SCADA,1,"2019/08/19 23:55:00",WHITSF1,0
D,DISPATCH,UNIT_SCADA,1,"2019/08/19 23:55:00",WKIEWA1,0
D,DISPATCH,UNIT_SCADA,1,"2019/08/19 23:55:00",WKIEWA2,15.10
D,DISPATCH,UNIT_SCADA,1,"2019/08/19 23:55:00",WOODLWN1,43.8390
D,DISPATCH,UNIT_SCADA,1,"2019/08/19 23:55:00",WRSF1,0
D,DISPATCH,UNIT_SCADA,1,"2019/08/19 23:55:00",WRWF1,154.037510
D,DISPATCH,UNIT_SCADA,1,"2019/08/19 23:55:00",YABULU,0
D,DISPATCH,UNIT_SCADA,1,"2019/08/19 23:55:00",YABULU2,0
D,DISPATCH,UNIT_SCADA,1,"2019/08/19 23:55:00",YARWUN_1,0
D,DISPATCH,UNIT_SCADA,1,"2019/08/19 23:55:00",YENDWF1,42.24
D,DISPATCH,UNIT_SCADA,1,"2019/08/19 23:55:00",YWPS1,378.445560
D,DISPATCH,UNIT_SCADA,1,"2019/08/19 23:55:00",YWPS2,280.949370
D,DISPATCH,UNIT_SCADA,1,"2019/08/19 23:55:00",YWPS3,0
D,DISPATCH,UNIT_SCADA,1,"2019/08/19 23:55:00",YWPS4,394.673430
C,"END OF REPORT",334
