C,NEMP.WORLD,DISPATCHSCADA,AEMO,PUBLIC,2019/08/22,04:05:11,0000000311852239,DISPATCHSCADA,0000000311852233
I,DISPATCH,UNIT_SCADA,1,SETTLEMENTDATE,DUID,SCADAVALUE
D,DISPATCH,UNIT_SCADA,1,"2019/08/22 04:10:00",BARCSF1,0.70
D,DISPATCH,UNIT_SCADA,1,"2019/08/22 04:10:00",BUTLERSG,9.599998
D,DISPATCH,UNIT_SCADA,1,"2019/08/22 04:10:00",CALL_A_4,0
D,DISPATCH,UNIT_SCADA,1,"2019/08/22 04:10:00",CAPTL_WF,127.792007
D,DISPATCH,UNIT_SCADA,1,"2019/08/22 04:10:00",CATHROCK,14.749999
D,DISPATCH,UNIT_SCADA,1,"2019/08/22 04:10:00",CHALLHWF,46.700001
D,DISPATCH,UNIT_SCADA,1,"2019/08/22 04:10:00",CLOVER,0
D,DISPATCH,UNIT_SCADA,1,"2019/08/22 04:10:00",CLUNY,20.011444
D,DISPATCH,UNIT_SCADA,1,"2019/08/22 04:10:00",CNUNDAWF,41.148003
D,DISPATCH,UNIT_SCADA,1,"2019/08/22 04:10:00",CULLRGWF,28.299999
D,DISPATCH,UNIT_SCADA,1,"2019/08/22 04:10:00",ERGT01,0
D,DISPATCH,UNIT_SCADA,1,"2019/08/22 04:10:00",GB01,0.061935
D,DISPATCH,UNIT_SCADA,1,"2019/08/22 04:10:00",GERMCRK,36.799999
D,DISPATCH,UNIT_SCADA,1,"2019/08/22 04:10:00",GRIFSF1,0
D,DISPATCH,UNIT_SCADA,1,"2019/08/22 04:10:00",HUGSF1,-0.2430
D,DISPATCH,UNIT_SCADA,1,"2019/08/22 04:10:00",LKBONNY1,71.358185
D,DISPATCH,UNIT_SCADA,1,"2019/08/22 04:10:00",LRSF1,0.0390
D,DISPATCH,UNIT_SCADA,1,"2019/08/22 04:10:00",MBAHNTH,56.025009
D,DISPATCH,UNIT_SCADA,1,"2019/08/22 04:10:00",MLSP1,0.271001
D,DISPATCH,UNIT_SCADA,1,"2019/08/22 04:10:00",MLWF1,19.3950
D,DISPATCH,UNIT_SCADA,1,"2019/08/22 04:10:00",MTMILLAR,15.969054
D,DISPATCH,UNIT_SCADA,1,"2019/08/22 04:10:00",PALOONA,8.099999
D,DISPATCH,UNIT_SCADA,1,"2019/08/22 04:10:00",PIONEER,46.200001
D,DISPATCH,UNIT_SCADA,1,"2019/08/22 04:10:00",PORTWF,115.300003
D,DISPATCH,UNIT_SCADA,1,"2019/08/22 04:10:00",REPULSE,0.000610
D,DISPATCH,UNIT_SCADA,1,"2019/08/22 04:10:00",ROWALLAN,10.3660
D,DISPATCH,UNIT_SCADA,1,"2019/08/22 04:10:00",ROYALLA1,0
D,DISPATCH,UNIT_SCADA,1,"2019/08/22 04:10:00",RPCG,11.60
D,DISPATCH,UNIT_SCADA,1,"2019/08/22 04:10:00",RUBICON,0
D,DISPATCH,UNIT_SCADA,1,"2019/08/22 04:10:00",SATGN1,0
D,DISPATCH,UNIT_SCADA,1,"2019/08/22 04:10:00",SATGS1,0
D,DISPATCH,UNIT_SCADA,1,"2019/08/22 04:10:00",STARHLWF,3.199067
D,DISPATCH,UNIT_SCADA,1,"2019/08/22 04:10:00",WAUBRAWF,173.876007
D,DISPATCH,UNIT_SCADA,1,"2019/08/22 04:10:00",WOOLNTH1,104.690018
D,DISPATCH,UNIT_SCADA,1,"2019/08/22 04:10:00",WPWF,24
D,DISPATCH,UNIT_SCADA,1,"2019/08/22 04:10:00",YAMBUKWF,27.90
D,DISPATCH,UNIT_SCADA,1,"2019/08/22 04:10:00",YSWF1,28.60
D,DISPATCH,UNIT_SCADA,1,"2019/08/22 04:10:00",AGLHAL,0
D,DISPATCH,UNIT_SCADA,1,"2019/08/22 04:10:00",AGLSOM,0
D,DISPATCH,UNIT_SCADA,1,"2019/08/22 04:10:00",ANGAST1,0
D,DISPATCH,UNIT_SCADA,1,"2019/08/22 04:10:00",ARWF1,207.600010
D,DISPATCH,UNIT_SCADA,1,"2019/08/22 04:10:00",BALBG1,0
D,DISPATCH,UNIT_SCADA,1,"2019/08/22 04:10:00",BALBL1,6.83
D,DISPATCH,UNIT_SCADA,1,"2019/08/22 04:10:00",BALDHWF1,98.92
D,DISPATCH,UNIT_SCADA,1,"2019/08/22 04:10:00",BANN1,0
D,DISPATCH,UNIT_SCADA,1,"2019/08/22 04:10:00",BARCALDN,0
D,DISPATCH,UNIT_SCADA,1,"2019/08/22 04:10:00",BARRON-1,0
D,DISPATCH,UNIT_SCADA,1,"2019/08/22 04:10:00",BARRON-2,25.68
D,DISPATCH,UNIT_SCADA,1,"2019/08/22 04:10:00",BASTYAN,78.610010
D,DISPATCH,UNIT_SCADA,1,"2019/08/22 04:10:00",BBTHREE1,-1.81
D,DISPATCH,UNIT_SCADA,1,"2019/08/22 04:10:00",BBTHREE2,-1.89
D,DISPATCH,UNIT_SCADA,1,"2019/08/22 04:10:00",BBTHREE3,0
D,DISPATCH,UNIT_SCADA,1,"2019/08/22 04:10:00",BDL01,0
D,DISPATCH,UNIT_SCADA,1,"2019/08/22 04:10:00",BDL02,0
D,DISPATCH,UNIT_SCADA,1,"2019/08/22 04:10:00",BERYLSF1,0
D,DISPATCH,UNIT_SCADA,1,"2019/08/22 04:10:00",BLOWERNG,0
D,DISPATCH,UNIT_SCADA,1,"2019/08/22 04:10:00",BLUFF1,29.50
D,DISPATCH,UNIT_SCADA,1,"2019/08/22 04:10:00",BNGSF1,0
D,DISPATCH,UNIT_SCADA,1,"2019/08/22 04:10:00",BNGSF2,0
D,DISPATCH,UNIT_SCADA,1,"2019/08/22 04:10:00",BOCORWF1,111.21
D,DISPATCH,UNIT_SCADA,1,"2019/08/22 04:10:00",BODWF1,101.693250
D,DISPATCH,UNIT_SCADA,1,"2019/08/22 04:10:00",BRAEMAR1,0
D,DISPATCH,UNIT_SCADA,1,"2019/08/22 04:10:00",BRAEMAR2,0
D,DISPATCH,UNIT_SCADA,1,"2019/08/22 04:10:00",BRAEMAR3,0
D,DISPATCH,UNIT_SCADA,1,"2019/08/22 04:10:00",BRAEMAR5,0
D,DISPATCH,UNIT_SCADA,1,"2019/08/22 04:10:00",BRAEMAR6,0
D,DISPATCH,UNIT_SCADA,1,"2019/08/22 04:10:00",BRAEMAR7,0
D,DISPATCH,UNIT_SCADA,1,"2019/08/22 04:10:00",BROKENH1,0
D,DISPATCH,UNIT_SCADA,1,"2019/08/22 04:10:00",BW01,349.25
D,DISPATCH,UNIT_SCADA,1,"2019/08/22 04:10:00",BW02,400.400020
D,DISPATCH,UNIT_SCADA,1,"2019/08/22 04:10:00",BW03,456.949950
D,DISPATCH,UNIT_SCADA,1,"2019/08/22 04:10:00",BW04,0
D,DISPATCH,UNIT_SCADA,1,"2019/08/22 04:10:00",CALL_B_1,350.600010
D,DISPATCH,UNIT_SCADA,1,"2019/08/22 04:10:00",CALL_B_2,288
D,DISPATCH,UNIT_SCADA,1,"2019/08/22 04:10:00",CETHANA,98.723370
D,DISPATCH,UNIT_SCADA,1,"2019/08/22 04:10:00",CG1,0
D,DISPATCH,UNIT_SCADA,1,"2019/08/22 04:10:00",CG2,0
D,DISPATCH,UNIT_SCADA,1,"2019/08/22 04:10:00",CG3,0
D,DISPATCH,UNIT_SCADA,1,"2019/08/22 04:10:00",CG4,0
D,DISPATCH,UNIT_SCADA,1,"2019/08/22 04:10:00",CHILDSF1,0.01
D,DISPATCH,UNIT_SCADA,1,"2019/08/22 04:10:00",CLARESF1,0
D,DISPATCH,UNIT_SCADA,1,"2019/08/22 04:10:00",CLEMGPWF,12.9663
D,DISPATCH,UNIT_SCADA,1,"2019/08/22 04:10:00",CLERMSF1,0
D,DISPATCH,UNIT_SCADA,1,"2019/08/22 04:10:00",COLEASF1,0
D,DISPATCH,UNIT_SCADA,1,"2019/08/22 04:10:00",COOPGWF1,21.013530
D,DISPATCH,UNIT_SCADA,1,"2019/08/22 04:10:00",CPP_3,337.975010
D,DISPATCH,UNIT_SCADA,1,"2019/08/22 04:10:00",CPP_4,337.425020
D,DISPATCH,UNIT_SCADA,1,"2019/08/22 04:10:00",CPSA,141.948760
D,DISPATCH,UNIT_SCADA,1,"2019/08/22 04:10:00",CROOKWF2,49.373750
D,DISPATCH,UNIT_SCADA,1,"2019/08/22 04:10:00",CROWLWF1,49.729530
D,DISPATCH,UNIT_SCADA,1,"2019/08/22 04:10:00",CSPVPS1,0.0430
D,DISPATCH,UNIT_SCADA,1,"2019/08/22 04:10:00",DALNTH01,0
D,DISPATCH,UNIT_SCADA,1,"2019/08/22 04:10:00",DALNTHL1,1.057450
D,DISPATCH,UNIT_SCADA,1,"2019/08/22 04:10:00",DARTM1,0
D,DISPATCH,UNIT_SCADA,1,"2019/08/22 04:10:00",DAYDSF1,0
D,DISPATCH,UNIT_SCADA,1,"2019/08/22 04:10:00",DDPS1,0
D,DISPATCH,UNIT_SCADA,1,"2019/08/22 04:10:00",DDSF1,0
D,DISPATCH,UNIT_SCADA,1,"2019/08/22 04:10:00",DEVILS_G,0
D,DISPATCH,UNIT_SCADA,1,"2019/08/22 04:10:00",DG_NSW1,0
D,DISPATCH,UNIT_SCADA,1,"2019/08/22 04:10:00",DG_QLD1,0
D,DISPATCH,UNIT_SCADA,1,"2019/08/22 04:10:00",DG_SA1,0
D,DISPATCH,UNIT_SCADA,1,"2019/08/22 04:10:00",DG_TAS1,0
D,DISPATCH,UNIT_SCADA,1,"2019/08/22 04:10:00",DG_VIC1,0
D,DISPATCH,UNIT_SCADA,1,"2019/08/22 04:10:00",DRYCGT1,0
D,DISPATCH,UNIT_SCADA,1,"2019/08/22 04:10:00",DRYCGT2,0
D,DISPATCH,UNIT_SCADA,1,"2019/08/22 04:10:00",DRYCGT3,0
D,DISPATCH,UNIT_SCADA,1,"2019/08/22 04:10:00",EILDON1,0
D,DISPATCH,UNIT_SCADA,1,"2019/08/22 04:10:00",EILDON2,0
D,DISPATCH,UNIT_SCADA,1,"2019/08/22 04:10:00",EMERASF1,0
D,DISPATCH,UNIT_SCADA,1,"2019/08/22 04:10:00",ER01,280.550050
D,DISPATCH,UNIT_SCADA,1,"2019/08/22 04:10:00",ER02,282.950070
D,DISPATCH,UNIT_SCADA,1,"2019/08/22 04:10:00",ER03,380.175050
D,DISPATCH,UNIT_SCADA,1,"2019/08/22 04:10:00",ER04,279.074950
D,DISPATCH,UNIT_SCADA,1,"2019/08/22 04:10:00",FINLYSF1,0
D,DISPATCH,UNIT_SCADA,1,"2019/08/22 04:10:00",FISHER,45.99
D,DISPATCH,UNIT_SCADA,1,"2019/08/22 04:10:00",GANNBG1,0
D,DISPATCH,UNIT_SCADA,1,"2019/08/22 04:10:00",GANNBL1,10.010360
D,DISPATCH,UNIT_SCADA,1,"2019/08/22 04:10:00",GANNSF1,0
D,DISPATCH,UNIT_SCADA,1,"2019/08/22 04:10:00",GORDON,14.435120
D,DISPATCH,UNIT_SCADA,1,"2019/08/22 04:10:00",GSTONE1,135.274990
D,DISPATCH,UNIT_SCADA,1,"2019/08/22 04:10:00",GSTONE2,130.20
D,DISPATCH,UNIT_SCADA,1,"2019/08/22 04:10:00",GSTONE3,134.5750
D,DISPATCH,UNIT_SCADA,1,"2019/08/22 04:10:00",GSTONE4,135.974990
D,DISPATCH,UNIT_SCADA,1,"2019/08/22 04:10:00",GSTONE5,135.099990
D,DISPATCH,UNIT_SCADA,1,"2019/08/22 04:10:00",GSTONE6,0
D,DISPATCH,UNIT_SCADA,1,"2019/08/22 04:10:00",GULLRSF1,0
D,DISPATCH,UNIT_SCADA,1,"2019/08/22 04:10:00",GULLRWF1,154.7319
D,DISPATCH,UNIT_SCADA,1,"2019/08/22 04:10:00",GUNNING1,46.316720
D,DISPATCH,UNIT_SCADA,1,"2019/08/22 04:10:00",GUTHEGA,0
D,DISPATCH,UNIT_SCADA,1,"2019/08/22 04:10:00",HALLWF1,82.60
D,DISPATCH,UNIT_SCADA,1,"2019/08/22 04:10:00",HALLWF2,57.98
D,DISPATCH,UNIT_SCADA,1,"2019/08/22 04:10:00",HAMISF1,0
D,DISPATCH,UNIT_SCADA,1,"2019/08/22 04:10:00",HAUGHT11,0
D,DISPATCH,UNIT_SCADA,1,"2019/08/22 04:10:00",HAYMSF1,0
D,DISPATCH,UNIT_SCADA,1,"2019/08/22 04:10:00",HDWF1,40.20
D,DISPATCH,UNIT_SCADA,1,"2019/08/22 04:10:00",HDWF2,39.20
D,DISPATCH,UNIT_SCADA,1,"2019/08/22 04:10:00",HDWF3,59.60
D,DISPATCH,UNIT_SCADA,1,"2019/08/22 04:10:00",HPRG1,0
D,DISPATCH,UNIT_SCADA,1,"2019/08/22 04:10:00",HPRL1,39.70
D,DISPATCH,UNIT_SCADA,1,"2019/08/22 04:10:00",HUMENSW,0
D,DISPATCH,UNIT_SCADA,1,"2019/08/22 04:10:00",HUMEV,10.50
D,DISPATCH,UNIT_SCADA,1,"2019/08/22 04:10:00",HVGTS,0
D,DISPATCH,UNIT_SCADA,1,"2019/08/22 04:10:00",JBUTTERS,110.28
D,DISPATCH,UNIT_SCADA,1,"2019/08/22 04:10:00",JLA01,0.50
D,DISPATCH,UNIT_SCADA,1,"2019/08/22 04:10:00",JLA02,0
D,DISPATCH,UNIT_SCADA,1,"2019/08/22 04:10:00",JLA03,0.10
D,DISPATCH,UNIT_SCADA,1,"2019/08/22 04:10:00",JLA04,0.10
D,DISPATCH,UNIT_SCADA,1,"2019/08/22 04:10:00",JLB01,0
D,DISPATCH,UNIT_SCADA,1,"2019/08/22 04:10:00",JLB02,0.10
D,DISPATCH,UNIT_SCADA,1,"2019/08/22 04:10:00",JLB03,0
D,DISPATCH,UNIT_SCADA,1,"2019/08/22 04:10:00",KAREEYA1,21.59
D,DISPATCH,UNIT_SCADA,1,"2019/08/22 04:10:00",KAREEYA2,21.6775
D,DISPATCH,UNIT_SCADA,1,"2019/08/22 04:10:00",KAREEYA3,0
D,DISPATCH,UNIT_SCADA,1,"2019/08/22 04:10:00",KAREEYA4,21.75
D,DISPATCH,UNIT_SCADA,1,"2019/08/22 04:10:00",KARSF1,0
D,DISPATCH,UNIT_SCADA,1,"2019/08/22 04:10:00",KIATAWF1,30.40
D,DISPATCH,UNIT_SCADA,1,"2019/08/22 04:10:00",KPP_1,0
D,DISPATCH,UNIT_SCADA,1,"2019/08/22 04:10:00",KSP1,0
D,DISPATCH,UNIT_SCADA,1,"2019/08/22 04:10:00",LADBROK1,0
D,DISPATCH,UNIT_SCADA,1,"2019/08/22 04:10:00",LADBROK2,0
D,DISPATCH,UNIT_SCADA,1,"2019/08/22 04:10:00",LD01,347.718750
D,DISPATCH,UNIT_SCADA,1,"2019/08/22 04:10:00",LD02,300.843750
D,DISPATCH,UNIT_SCADA,1,"2019/08/22 04:10:00",LD03,313.593750
D,DISPATCH,UNIT_SCADA,1,"2019/08/22 04:10:00",LD04,351.093750
D,DISPATCH,UNIT_SCADA,1,"2019/08/22 04:10:00",LEM_WIL,86.237350
D,DISPATCH,UNIT_SCADA,1,"2019/08/22 04:10:00",LGAPWF1,8.40
D,DISPATCH,UNIT_SCADA,1,"2019/08/22 04:10:00",LILYSF1,0
D,DISPATCH,UNIT_SCADA,1,"2019/08/22 04:10:00",LI_WY_CA,148.553010
D,DISPATCH,UNIT_SCADA,1,"2019/08/22 04:10:00",LKBONNY2,131.563050
D,DISPATCH,UNIT_SCADA,1,"2019/08/22 04:10:00",LKBONNY3,31.762730
D,DISPATCH,UNIT_SCADA,1,"2019/08/22 04:10:00",LK_ECHO,0
D,DISPATCH,UNIT_SCADA,1,"2019/08/22 04:10:00",LNGS1,0
D,DISPATCH,UNIT_SCADA,1,"2019/08/22 04:10:00",LNGS2,0
D,DISPATCH,UNIT_SCADA,1,"2019/08/22 04:10:00",LONSDALE,0
D,DISPATCH,UNIT_SCADA,1,"2019/08/22 04:10:00",LOYYB1,535.336730
D,DISPATCH,UNIT_SCADA,1,"2019/08/22 04:10:00",LOYYB2,581.202510
D,DISPATCH,UNIT_SCADA,1,"2019/08/22 04:10:00",LYA1,501
D,DISPATCH,UNIT_SCADA,1,"2019/08/22 04:10:00",LYA2,0
D,DISPATCH,UNIT_SCADA,1,"2019/08/22 04:10:00",LYA3,502
D,DISPATCH,UNIT_SCADA,1,"2019/08/22 04:10:00",LYA4,500
D,DISPATCH,UNIT_SCADA,1,"2019/08/22 04:10:00",MACARTH1,323.892520
D,DISPATCH,UNIT_SCADA,1,"2019/08/22 04:10:00",MACKAYGT,0
D,DISPATCH,UNIT_SCADA,1,"2019/08/22 04:10:00",MACKNTSH,86.02
D,DISPATCH,UNIT_SCADA,1,"2019/08/22 04:10:00",MANSLR1,0
D,DISPATCH,UNIT_SCADA,1,"2019/08/22 04:10:00",MCKAY1,0.02
D,DISPATCH,UNIT_SCADA,1,"2019/08/22 04:10:00",MEADOWBK,34.181680
D,DISPATCH,UNIT_SCADA,1,"2019/08/22 04:10:00",MERCER01,121.8030
D,DISPATCH,UNIT_SCADA,1,"2019/08/22 04:10:00",MEWF1,65.003520
D,DISPATCH,UNIT_SCADA,1,"2019/08/22 04:10:00",MINTARO,0
D,DISPATCH,UNIT_SCADA,1,"2019/08/22 04:10:00",MOREESF1,0
D,DISPATCH,UNIT_SCADA,1,"2019/08/22 04:10:00",MORTLK11,0
D,DISPATCH,UNIT_SCADA,1,"2019/08/22 04:10:00",MORTLK12,0
D,DISPATCH,UNIT_SCADA,1,"2019/08/22 04:10:00",MP1,277.8750
D,DISPATCH,UNIT_SCADA,1,"2019/08/22 04:10:00",MP2,0
D,DISPATCH,UNIT_SCADA,1,"2019/08/22 04:10:00",MPP_1,404
D,DISPATCH,UNIT_SCADA,1,"2019/08/22 04:10:00",MPP_2,410.50
D,DISPATCH,UNIT_SCADA,1,"2019/08/22 04:10:00",MSTUART1,0
D,DISPATCH,UNIT_SCADA,1,"2019/08/22 04:10:00",MSTUART2,0
D,DISPATCH,UNIT_SCADA,1,"2019/08/22 04:10:00",MSTUART3,0
D,DISPATCH,UNIT_SCADA,1,"2019/08/22 04:10:00",MTGELWF1,64.499340
D,DISPATCH,UNIT_SCADA,1,"2019/08/22 04:10:00",MURRAY,0
D,DISPATCH,UNIT_SCADA,1,"2019/08/22 04:10:00",MUSSELR1,138.799990
D,DISPATCH,UNIT_SCADA,1,"2019/08/22 04:10:00",MUWAWF1,55.30
D,DISPATCH,UNIT_SCADA,1,"2019/08/22 04:10:00",NBHWF1,82.80
D,DISPATCH,UNIT_SCADA,1,"2019/08/22 04:10:00",NPS,0
D,DISPATCH,UNIT_SCADA,1,"2019/08/22 04:10:00",NUMURSF1,0
D,DISPATCH,UNIT_SCADA,1,"2019/08/22 04:10:00",NYNGAN1,0
D,DISPATCH,UNIT_SCADA,1,"2019/08/22 04:10:00",OAKEY1,0
D,DISPATCH,UNIT_SCADA,1,"2019/08/22 04:10:00",OAKEY1SF,0
D,DISPATCH,UNIT_SCADA,1,"2019/08/22 04:10:00",OAKEY2,0
D,DISPATCH,UNIT_SCADA,1,"2019/08/22 04:10:00",OAKLAND1,62.10
D,DISPATCH,UNIT_SCADA,1,"2019/08/22 04:10:00",OSB-AG,0
D,DISPATCH,UNIT_SCADA,1,"2019/08/22 04:10:00",PARSF1,0
D,DISPATCH,UNIT_SCADA,1,"2019/08/22 04:10:00",POAT110,0
D,DISPATCH,UNIT_SCADA,1,"2019/08/22 04:10:00",POAT220,0
D,DISPATCH,UNIT_SCADA,1,"2019/08/22 04:10:00",POR01,0
D,DISPATCH,UNIT_SCADA,1,"2019/08/22 04:10:00",POR03,0
D,DISPATCH,UNIT_SCADA,1,"2019/08/22 04:10:00",PPCCGT,174.223310
D,DISPATCH,UNIT_SCADA,1,"2019/08/22 04:10:00",PTSTAN1,0
D,DISPATCH,UNIT_SCADA,1,"2019/08/22 04:10:00",PUMP1,0
D,DISPATCH,UNIT_SCADA,1,"2019/08/22 04:10:00",PUMP2,0
D,DISPATCH,UNIT_SCADA,1,"2019/08/22 04:10:00",QPS1,0
D,DISPATCH,UNIT_SCADA,1,"2019/08/22 04:10:00",QPS2,0
D,DISPATCH,UNIT_SCADA,1,"2019/08/22 04:10:00",QPS3,0
D,DISPATCH,UNIT_SCADA,1,"2019/08/22 04:10:00",QPS4,0
D,DISPATCH,UNIT_SCADA,1,"2019/08/22 04:10:00",QPS5,0
D,DISPATCH,UNIT_SCADA,1,"2019/08/22 04:10:00",REECE1,117.870010
D,DISPATCH,UNIT_SCADA,1,"2019/08/22 04:10:00",REECE2,118.950010
D,DISPATCH,UNIT_SCADA,1,"2019/08/22 04:10:00",ROMA_7,0
D,DISPATCH,UNIT_SCADA,1,"2019/08/22 04:10:00",ROMA_8,0
D,DISPATCH,UNIT_SCADA,1,"2019/08/22 04:10:00",RRSF1,0
D,DISPATCH,UNIT_SCADA,1,"2019/08/22 04:10:00",RT_NSW1,0
D,DISPATCH,UNIT_SCADA,1,"2019/08/22 04:10:00",RT_NSW2,0
D,DISPATCH,UNIT_SCADA,1,"2019/08/22 04:10:00",RT_NSW3,0
D,DISPATCH,UNIT_SCADA,1,"2019/08/22 04:10:00",RT_NSW4,0
D,DISPATCH,UNIT_SCADA,1,"2019/08/22 04:10:00",RT_NSW5,0
D,DISPATCH,UNIT_SCADA,1,"2019/08/22 04:10:00",RT_NSW6,0
D,DISPATCH,UNIT_SCADA,1,"2019/08/22 04:10:00",RT_QLD1,0
D,DISPATCH,UNIT_SCADA,1,"2019/08/22 04:10:00",RT_SA1,0
D,DISPATCH,UNIT_SCADA,1,"2019/08/22 04:10:00",RT_SA2,0
D,DISPATCH,UNIT_SCADA,1,"2019/08/22 04:10:00",RT_SA3,0
D,DISPATCH,UNIT_SCADA,1,"2019/08/22 04:10:00",RT_SA4,0
D,DISPATCH,UNIT_SCADA,1,"2019/08/22 04:10:00",RT_SA5,0
D,DISPATCH,UNIT_SCADA,1,"2019/08/22 04:10:00",RT_SA6,0
D,DISPATCH,UNIT_SCADA,1,"2019/08/22 04:10:00",RT_TAS1,0
D,DISPATCH,UNIT_SCADA,1,"2019/08/22 04:10:00",RT_VIC1,0
D,DISPATCH,UNIT_SCADA,1,"2019/08/22 04:10:00",RT_VIC10,0
D,DISPATCH,UNIT_SCADA,1,"2019/08/22 04:10:00",RT_VIC11,0
D,DISPATCH,UNIT_SCADA,1,"2019/08/22 04:10:00",RT_VIC12,0
D,DISPATCH,UNIT_SCADA,1,"2019/08/22 04:10:00",RT_VIC2,0
D,DISPATCH,UNIT_SCADA,1,"2019/08/22 04:10:00",RT_VIC3,0
D,DISPATCH,UNIT_SCADA,1,"2019/08/22 04:10:00",RT_VIC4,0
D,DISPATCH,UNIT_SCADA,1,"2019/08/22 04:10:00",RT_VIC5,0
D,DISPATCH,UNIT_SCADA,1,"2019/08/22 04:10:00",RT_VIC6,0
D,DISPATCH,UNIT_SCADA,1,"2019/08/22 04:10:00",RT_VIC7,0
D,DISPATCH,UNIT_SCADA,1,"2019/08/22 04:10:00",RT_VIC8,0
D,DISPATCH,UNIT_SCADA,1,"2019/08/22 04:10:00",RT_VIC9,0
D,DISPATCH,UNIT_SCADA,1,"2019/08/22 04:10:00",RUGBYR1,0
D,DISPATCH,UNIT_SCADA,1,"2019/08/22 04:10:00",SALTCRK1,51.79
D,DISPATCH,UNIT_SCADA,1,"2019/08/22 04:10:00",SAPHWF1,190.565610
D,DISPATCH,UNIT_SCADA,1,"2019/08/22 04:10:00",SHGEN,0
D,DISPATCH,UNIT_SCADA,1,"2019/08/22 04:10:00",SHPUMP,122.5250
D,DISPATCH,UNIT_SCADA,1,"2019/08/22 04:10:00",SITHE01,0.123710
D,DISPATCH,UNIT_SCADA,1,"2019/08/22 04:10:00",SMCSF1,0
D,DISPATCH,UNIT_SCADA,1,"2019/08/22 04:10:00",SNOWNTH1,38.30
D,DISPATCH,UNIT_SCADA,1,"2019/08/22 04:10:00",SNOWSTH1,61.30
D,DISPATCH,UNIT_SCADA,1,"2019/08/22 04:10:00",SNOWTWN1,35.341610
D,DISPATCH,UNIT_SCADA,1,"2019/08/22 04:10:00",SNOWYP,191.600010
D,DISPATCH,UNIT_SCADA,1,"2019/08/22 04:10:00",SNUG1,0.019440
D,DISPATCH,UNIT_SCADA,1,"2019/08/22 04:10:00",SRSF1,0.44
D,DISPATCH,UNIT_SCADA,1,"2019/08/22 04:10:00",STAN-1,0
D,DISPATCH,UNIT_SCADA,1,"2019/08/22 04:10:00",STAN-2,181.077060
D,DISPATCH,UNIT_SCADA,1,"2019/08/22 04:10:00",STAN-3,222.337550
D,DISPATCH,UNIT_SCADA,1,"2019/08/22 04:10:00",STAN-4,191.151860
D,DISPATCH,UNIT_SCADA,1,"2019/08/22 04:10:00",STWF1,155.0025
D,DISPATCH,UNIT_SCADA,1,"2019/08/22 04:10:00",SWAN_E,0
D,DISPATCH,UNIT_SCADA,1,"2019/08/22 04:10:00",TALWA1,190
D,DISPATCH,UNIT_SCADA,1,"2019/08/22 04:10:00",TARALGA1,54.390010
D,DISPATCH,UNIT_SCADA,1,"2019/08/22 04:10:00",TARONG#1,281.300020
D,DISPATCH,UNIT_SCADA,1,"2019/08/22 04:10:00",TARONG#2,227.600010
D,DISPATCH,UNIT_SCADA,1,"2019/08/22 04:10:00",TARONG#3,260.600010
D,DISPATCH,UNIT_SCADA,1,"2019/08/22 04:10:00",TARONG#4,280
D,DISPATCH,UNIT_SCADA,1,"2019/08/22 04:10:00",TARRALEA,84
D,DISPATCH,UNIT_SCADA,1,"2019/08/22 04:10:00",TBSF1,-0.20
D,DISPATCH,UNIT_SCADA,1,"2019/08/22 04:10:00",TNPS1,399.400020
D,DISPATCH,UNIT_SCADA,1,"2019/08/22 04:10:00",TORRA1,42.446640
D,DISPATCH,UNIT_SCADA,1,"2019/08/22 04:10:00",TORRA2,0
D,DISPATCH,UNIT_SCADA,1,"2019/08/22 04:10:00",TORRA3,0
D,DISPATCH,UNIT_SCADA,1,"2019/08/22 04:10:00",TORRA4,0
D,DISPATCH,UNIT_SCADA,1,"2019/08/22 04:10:00",TORRB1,39.79
D,DISPATCH,UNIT_SCADA,1,"2019/08/22 04:10:00",TORRB2,39.36
D,DISPATCH,UNIT_SCADA,1,"2019/08/22 04:10:00",TORRB3,0
D,DISPATCH,UNIT_SCADA,1,"2019/08/22 04:10:00",TORRB4,0
D,DISPATCH,UNIT_SCADA,1,"2019/08/22 04:10:00",TREVALLN,0.80
D,DISPATCH,UNIT_SCADA,1,"2019/08/22 04:10:00",TRIBUTE,0
D,DISPATCH,UNIT_SCADA,1,"2019/08/22 04:10:00",TUMUT3,0
D,DISPATCH,UNIT_SCADA,1,"2019/08/22 04:10:00",TUNGATIN,10
D,DISPATCH,UNIT_SCADA,1,"2019/08/22 04:10:00",TVCC201,0
D,DISPATCH,UNIT_SCADA,1,"2019/08/22 04:10:00",TVPP104,0
D,DISPATCH,UNIT_SCADA,1,"2019/08/22 04:10:00",UPPTUMUT,0
D,DISPATCH,UNIT_SCADA,1,"2019/08/22 04:10:00",URANQ11,0
D,DISPATCH,UNIT_SCADA,1,"2019/08/22 04:10:00",URANQ12,0
D,DISPATCH,UNIT_SCADA,1,"2019/08/22 04:10:00",URANQ13,0
D,DISPATCH,UNIT_SCADA,1,"2019/08/22 04:10:00",URANQ14,0
D,DISPATCH,UNIT_SCADA,1,"2019/08/22 04:10:00",VP5,252.924990
D,DISPATCH,UNIT_SCADA,1,"2019/08/22 04:10:00",VP6,255.725010
D,DISPATCH,UNIT_SCADA,1,"2019/08/22 04:10:00",VPGS1,0
D,DISPATCH,UNIT_SCADA,1,"2019/08/22 04:10:00",VPGS2,0
D,DISPATCH,UNIT_SCADA,1,"2019/08/22 04:10:00",VPGS3,0
D,DISPATCH,UNIT_SCADA,1,"2019/08/22 04:10:00",VPGS4,0
D,DISPATCH,UNIT_SCADA,1,"2019/08/22 04:10:00",VPGS5,0
D,DISPATCH,UNIT_SCADA,1,"2019/08/22 04:10:00",VPGS6,0
D,DISPATCH,UNIT_SCADA,1,"2019/08/22 04:10:00",W/HOE#1,0
D,DISPATCH,UNIT_SCADA,1,"2019/08/22 04:10:00",W/HOE#2,0
D,DISPATCH,UNIT_SCADA,1,"2019/08/22 04:10:00",WATERLWF,109.10
D,DISPATCH,UNIT_SCADA,1,"2019/08/22 04:10:00",WEMENSF1,0
D,DISPATCH,UNIT_SCADA,1,"2019/08/22 04:10:00",WGWF1,103.70
D,DISPATCH,UNIT_SCADA,1,"2019/08/22 04:10:00",WHITSF1,0
D,DISPATCH,UNIT_SCADA,1,"2019/08/22 04:10:00",WKIEWA1,16.90
D,DISPATCH,UNIT_SCADA,1,"2019/08/22 04:10:00",WKIEWA2,17
D,DISPATCH,UNIT_SCADA,1,"2019/08/22 04:10:00",WOODLWN1,44.9910
D,DISPATCH,UNIT_SCADA,1,"2019/08/22 04:10:00",WRSF1,0
D,DISPATCH,UNIT_SCADA,1,"2019/08/22 04:10:00",WRWF1,155.5025
D,DISPATCH,UNIT_SCADA,1,"2019/08/22 04:10:00",YABULU,0
D,DISPATCH,UNIT_SCADA,1,"2019/08/22 04:10:00",YABULU2,0
D,DISPATCH,UNIT_SCADA,1,"2019/08/22 04:10:00",YARWUN_1,0
D,DISPATCH,UNIT_SCADA,1,"2019/08/22 04:10:00",YENDWF1,42.10
D,DISPATCH,UNIT_SCADA,1,"2019/08/22 04:10:00",YWPS1,306.764560
D,DISPATCH,UNIT_SCADA,1,"2019/08/22 04:10:00",YWPS2,275.686070
D,DISPATCH,UNIT_SCADA,1,"2019/08/22 04:10:00",YWPS3,0
D,DISPATCH,UNIT_SCADA,1,"2019/08/22 04:10:00",YWPS4,392.697480
C,"END OF REPORT",334
