C,NEMP.WORLD,DISPATCHSCADA,AEMO,PUBLIC,2019/08/20,21:55:07,0000000311802177,DISPATCHSCADA,0000000311802171
I,DISPATCH,UNIT_SCADA,1,SETTLEMENTDATE,DUID,SCADAVALUE
D,DISPATCH,UNIT_SCADA,1,"2019/08/20 22:00:00",BARCSF1,0.50
D,DISPATCH,UNIT_SCADA,1,"2019/08/20 22:00:00",BUTLERSG,9.699999
D,DISPATCH,UNIT_SCADA,1,"2019/08/20 22:00:00",CALL_A_4,0
D,DISPATCH,UNIT_SCADA,1,"2019/08/20 22:00:00",CAPTL_WF,135.531998
D,DISPATCH,UNIT_SCADA,1,"2019/08/20 22:00:00",CATHROCK,49.959995
D,DISPATCH,UNIT_SCADA,1,"2019/08/20 22:00:00",CHALLHWF,36.50
D,DISPATCH,UNIT_SCADA,1,"2019/08/20 22:00:00",CLOVER,0
D,DISPATCH,UNIT_SCADA,1,"2019/08/20 22:00:00",CLUNY,20.297092
D,DISPATCH,UNIT_SCADA,1,"2019/08/20 22:00:00",CNUNDAWF,40.246948
D,DISPATCH,UNIT_SCADA,1,"2019/08/20 22:00:00",CULLRGWF,30.610001
D,DISPATCH,UNIT_SCADA,1,"2019/08/20 22:00:00",ERGT01,0
D,DISPATCH,UNIT_SCADA,1,"2019/08/20 22:00:00",GB01,0.066940
D,DISPATCH,UNIT_SCADA,1,"2019/08/20 22:00:00",GERMCRK,36.599998
D,DISPATCH,UNIT_SCADA,1,"2019/08/20 22:00:00",GRIFSF1,0
D,DISPATCH,UNIT_SCADA,1,"2019/08/20 22:00:00",HUGSF1,-0.2040
D,DISPATCH,UNIT_SCADA,1,"2019/08/20 22:00:00",LKBONNY1,76.538124
D,DISPATCH,UNIT_SCADA,1,"2019/08/20 22:00:00",LRSF1,0.0290
D,DISPATCH,UNIT_SCADA,1,"2019/08/20 22:00:00",MBAHNTH,56.043747
D,DISPATCH,UNIT_SCADA,1,"2019/08/20 22:00:00",MLSP1,0.283001
D,DISPATCH,UNIT_SCADA,1,"2019/08/20 22:00:00",MLWF1,19.1250
D,DISPATCH,UNIT_SCADA,1,"2019/08/20 22:00:00",MTMILLAR,23.172243
D,DISPATCH,UNIT_SCADA,1,"2019/08/20 22:00:00",PALOONA,23.799999
D,DISPATCH,UNIT_SCADA,1,"2019/08/20 22:00:00",PIONEER,27.40
D,DISPATCH,UNIT_SCADA,1,"2019/08/20 22:00:00",PORTWF,136.699997
D,DISPATCH,UNIT_SCADA,1,"2019/08/20 22:00:00",REPULSE,28.873121
D,DISPATCH,UNIT_SCADA,1,"2019/08/20 22:00:00",ROWALLAN,10.0891
D,DISPATCH,UNIT_SCADA,1,"2019/08/20 22:00:00",ROYALLA1,0
D,DISPATCH,UNIT_SCADA,1,"2019/08/20 22:00:00",RPCG,11.70
D,DISPATCH,UNIT_SCADA,1,"2019/08/20 22:00:00",RUBICON,0
D,DISPATCH,UNIT_SCADA,1,"2019/08/20 22:00:00",SATGN1,0
D,DISPATCH,UNIT_SCADA,1,"2019/08/20 22:00:00",SATGS1,0
D,DISPATCH,UNIT_SCADA,1,"2019/08/20 22:00:00",STARHLWF,10.896822
D,DISPATCH,UNIT_SCADA,1,"2019/08/20 22:00:00",WAUBRAWF,125.778999
D,DISPATCH,UNIT_SCADA,1,"2019/08/20 22:00:00",WOOLNTH1,31.820017
D,DISPATCH,UNIT_SCADA,1,"2019/08/20 22:00:00",WPWF,33
D,DISPATCH,UNIT_SCADA,1,"2019/08/20 22:00:00",YAMBUKWF,29
D,DISPATCH,UNIT_SCADA,1,"2019/08/20 22:00:00",YSWF1,28.40
D,DISPATCH,UNIT_SCADA,1,"2019/08/20 22:00:00",AGLHAL,0
D,DISPATCH,UNIT_SCADA,1,"2019/08/20 22:00:00",AGLSOM,0
D,DISPATCH,UNIT_SCADA,1,"2019/08/20 22:00:00",ANGAST1,0
D,DISPATCH,UNIT_SCADA,1,"2019/08/20 22:00:00",ARWF1,61.80
D,DISPATCH,UNIT_SCADA,1,"2019/08/20 22:00:00",BALBG1,0.32
D,DISPATCH,UNIT_SCADA,1,"2019/08/20 22:00:00",BALBL1,0
D,DISPATCH,UNIT_SCADA,1,"2019/08/20 22:00:00",BALDHWF1,103.5520
D,DISPATCH,UNIT_SCADA,1,"2019/08/20 22:00:00",BANN1,0
D,DISPATCH,UNIT_SCADA,1,"2019/08/20 22:00:00",BARCALDN,0
D,DISPATCH,UNIT_SCADA,1,"2019/08/20 22:00:00",BARRON-1,0
D,DISPATCH,UNIT_SCADA,1,"2019/08/20 22:00:00",BARRON-2,28.80
D,DISPATCH,UNIT_SCADA,1,"2019/08/20 22:00:00",BASTYAN,80.420010
D,DISPATCH,UNIT_SCADA,1,"2019/08/20 22:00:00",BBTHREE1,-1.75
D,DISPATCH,UNIT_SCADA,1,"2019/08/20 22:00:00",BBTHREE2,-1.74
D,DISPATCH,UNIT_SCADA,1,"2019/08/20 22:00:00",BBTHREE3,0
D,DISPATCH,UNIT_SCADA,1,"2019/08/20 22:00:00",BDL01,0
D,DISPATCH,UNIT_SCADA,1,"2019/08/20 22:00:00",BDL02,-0.06
D,DISPATCH,UNIT_SCADA,1,"2019/08/20 22:00:00",BERYLSF1,0
D,DISPATCH,UNIT_SCADA,1,"2019/08/20 22:00:00",BLOWERNG,0
D,DISPATCH,UNIT_SCADA,1,"2019/08/20 22:00:00",BLUFF1,45.20
D,DISPATCH,UNIT_SCADA,1,"2019/08/20 22:00:00",BNGSF1,0
D,DISPATCH,UNIT_SCADA,1,"2019/08/20 22:00:00",BNGSF2,0
D,DISPATCH,UNIT_SCADA,1,"2019/08/20 22:00:00",BOCORWF1,94.93
D,DISPATCH,UNIT_SCADA,1,"2019/08/20 22:00:00",BODWF1,50.394360
D,DISPATCH,UNIT_SCADA,1,"2019/08/20 22:00:00",BRAEMAR1,0
D,DISPATCH,UNIT_SCADA,1,"2019/08/20 22:00:00",BRAEMAR2,0
D,DISPATCH,UNIT_SCADA,1,"2019/08/20 22:00:00",BRAEMAR3,0
D,DISPATCH,UNIT_SCADA,1,"2019/08/20 22:00:00",BRAEMAR5,0
D,DISPATCH,UNIT_SCADA,1,"2019/08/20 22:00:00",BRAEMAR6,0
D,DISPATCH,UNIT_SCADA,1,"2019/08/20 22:00:00",BRAEMAR7,0
D,DISPATCH,UNIT_SCADA,1,"2019/08/20 22:00:00",BROKENH1,0
D,DISPATCH,UNIT_SCADA,1,"2019/08/20 22:00:00",BW01,644.949950
D,DISPATCH,UNIT_SCADA,1,"2019/08/20 22:00:00",BW02,639.574950
D,DISPATCH,UNIT_SCADA,1,"2019/08/20 22:00:00",BW03,650.8750
D,DISPATCH,UNIT_SCADA,1,"2019/08/20 22:00:00",BW04,0
D,DISPATCH,UNIT_SCADA,1,"2019/08/20 22:00:00",CALL_B_1,350.100010
D,DISPATCH,UNIT_SCADA,1,"2019/08/20 22:00:00",CALL_B_2,300
D,DISPATCH,UNIT_SCADA,1,"2019/08/20 22:00:00",CETHANA,96.2685
D,DISPATCH,UNIT_SCADA,1,"2019/08/20 22:00:00",CG1,0
D,DISPATCH,UNIT_SCADA,1,"2019/08/20 22:00:00",CG2,0
D,DISPATCH,UNIT_SCADA,1,"2019/08/20 22:00:00",CG3,0
D,DISPATCH,UNIT_SCADA,1,"2019/08/20 22:00:00",CG4,0
D,DISPATCH,UNIT_SCADA,1,"2019/08/20 22:00:00",CHILDSF1,0
D,DISPATCH,UNIT_SCADA,1,"2019/08/20 22:00:00",CLARESF1,0
D,DISPATCH,UNIT_SCADA,1,"2019/08/20 22:00:00",CLEMGPWF,44.949850
D,DISPATCH,UNIT_SCADA,1,"2019/08/20 22:00:00",CLERMSF1,0
D,DISPATCH,UNIT_SCADA,1,"2019/08/20 22:00:00",COLEASF1,0
D,DISPATCH,UNIT_SCADA,1,"2019/08/20 22:00:00",COOPGWF1,29.752390
D,DISPATCH,UNIT_SCADA,1,"2019/08/20 22:00:00",CPP_3,406.450010
D,DISPATCH,UNIT_SCADA,1,"2019/08/20 22:00:00",CPP_4,362.175020
D,DISPATCH,UNIT_SCADA,1,"2019/08/20 22:00:00",CPSA,141.434370
D,DISPATCH,UNIT_SCADA,1,"2019/08/20 22:00:00",CROOKWF2,91.463760
D,DISPATCH,UNIT_SCADA,1,"2019/08/20 22:00:00",CROWLWF1,58.071040
D,DISPATCH,UNIT_SCADA,1,"2019/08/20 22:00:00",CSPVPS1,0
D,DISPATCH,UNIT_SCADA,1,"2019/08/20 22:00:00",DALNTH01,0
D,DISPATCH,UNIT_SCADA,1,"2019/08/20 22:00:00",DALNTHL1,0.090030
D,DISPATCH,UNIT_SCADA,1,"2019/08/20 22:00:00",DARTM1,134.399990
D,DISPATCH,UNIT_SCADA,1,"2019/08/20 22:00:00",DAYDSF1,0
D,DISPATCH,UNIT_SCADA,1,"2019/08/20 22:00:00",DDPS1,0
D,DISPATCH,UNIT_SCADA,1,"2019/08/20 22:00:00",DDSF1,0
D,DISPATCH,UNIT_SCADA,1,"2019/08/20 22:00:00",DEVILS_G,60.018920
D,DISPATCH,UNIT_SCADA,1,"2019/08/20 22:00:00",DG_NSW1,0
D,DISPATCH,UNIT_SCADA,1,"2019/08/20 22:00:00",DG_QLD1,0
D,DISPATCH,UNIT_SCADA,1,"2019/08/20 22:00:00",DG_SA1,0
D,DISPATCH,UNIT_SCADA,1,"2019/08/20 22:00:00",DG_TAS1,0
D,DISPATCH,UNIT_SCADA,1,"2019/08/20 22:00:00",DG_VIC1,0
D,DISPATCH,UNIT_SCADA,1,"2019/08/20 22:00:00",DRYCGT1,0
D,DISPATCH,UNIT_SCADA,1,"2019/08/20 22:00:00",DRYCGT2,0
D,DISPATCH,UNIT_SCADA,1,"2019/08/20 22:00:00",DRYCGT3,0
D,DISPATCH,UNIT_SCADA,1,"2019/08/20 22:00:00",EILDON1,0
D,DISPATCH,UNIT_SCADA,1,"2019/08/20 22:00:00",EILDON2,0
D,DISPATCH,UNIT_SCADA,1,"2019/08/20 22:00:00",EMERASF1,0
D,DISPATCH,UNIT_SCADA,1,"2019/08/20 22:00:00",ER01,595.1250
D,DISPATCH,UNIT_SCADA,1,"2019/08/20 22:00:00",ER02,700.50
D,DISPATCH,UNIT_SCADA,1,"2019/08/20 22:00:00",ER03,699.174930
D,DISPATCH,UNIT_SCADA,1,"2019/08/20 22:00:00",ER04,699.050050
D,DISPATCH,UNIT_SCADA,1,"2019/08/20 22:00:00",FINLYSF1,0
D,DISPATCH,UNIT_SCADA,1,"2019/08/20 22:00:00",FISHER,45.98
D,DISPATCH,UNIT_SCADA,1,"2019/08/20 22:00:00",GANNBG1,2.338070
D,DISPATCH,UNIT_SCADA,1,"2019/08/20 22:00:00",GANNBL1,0
D,DISPATCH,UNIT_SCADA,1,"2019/08/20 22:00:00",GANNSF1,0
D,DISPATCH,UNIT_SCADA,1,"2019/08/20 22:00:00",GORDON,0
D,DISPATCH,UNIT_SCADA,1,"2019/08/20 22:00:00",GSTONE1,202.474990
D,DISPATCH,UNIT_SCADA,1,"2019/08/20 22:00:00",GSTONE2,205.974990
D,DISPATCH,UNIT_SCADA,1,"2019/08/20 22:00:00",GSTONE3,214.899990
D,DISPATCH,UNIT_SCADA,1,"2019/08/20 22:00:00",GSTONE4,202.30
D,DISPATCH,UNIT_SCADA,1,"2019/08/20 22:00:00",GSTONE5,203.1750
D,DISPATCH,UNIT_SCADA,1,"2019/08/20 22:00:00",GSTONE6,0
D,DISPATCH,UNIT_SCADA,1,"2019/08/20 22:00:00",GULLRSF1,0
D,DISPATCH,UNIT_SCADA,1,"2019/08/20 22:00:00",GULLRWF1,156.964170
D,DISPATCH,UNIT_SCADA,1,"2019/08/20 22:00:00",GUNNING1,46.328620
D,DISPATCH,UNIT_SCADA,1,"2019/08/20 22:00:00",GUTHEGA,0
D,DISPATCH,UNIT_SCADA,1,"2019/08/20 22:00:00",HALLWF1,78.43
D,DISPATCH,UNIT_SCADA,1,"2019/08/20 22:00:00",HALLWF2,59.26
D,DISPATCH,UNIT_SCADA,1,"2019/08/20 22:00:00",HAMISF1,0
D,DISPATCH,UNIT_SCADA,1,"2019/08/20 22:00:00",HAUGHT11,0
D,DISPATCH,UNIT_SCADA,1,"2019/08/20 22:00:00",HAYMSF1,0
D,DISPATCH,UNIT_SCADA,1,"2019/08/20 22:00:00",HDWF1,84.80
D,DISPATCH,UNIT_SCADA,1,"2019/08/20 22:00:00",HDWF2,61.60
D,DISPATCH,UNIT_SCADA,1,"2019/08/20 22:00:00",HDWF3,0
D,DISPATCH,UNIT_SCADA,1,"2019/08/20 22:00:00",HPRG1,1.40
D,DISPATCH,UNIT_SCADA,1,"2019/08/20 22:00:00",HPRL1,0
D,DISPATCH,UNIT_SCADA,1,"2019/08/20 22:00:00",HUMENSW,0
D,DISPATCH,UNIT_SCADA,1,"2019/08/20 22:00:00",HUMEV,8.40
D,DISPATCH,UNIT_SCADA,1,"2019/08/20 22:00:00",HVGTS,0
D,DISPATCH,UNIT_SCADA,1,"2019/08/20 22:00:00",JBUTTERS,136.83
D,DISPATCH,UNIT_SCADA,1,"2019/08/20 22:00:00",JLA01,0.50
D,DISPATCH,UNIT_SCADA,1,"2019/08/20 22:00:00",JLA02,0
D,DISPATCH,UNIT_SCADA,1,"2019/08/20 22:00:00",JLA03,0.10
D,DISPATCH,UNIT_SCADA,1,"2019/08/20 22:00:00",JLA04,0.10
D,DISPATCH,UNIT_SCADA,1,"2019/08/20 22:00:00",JLB01,0
D,DISPATCH,UNIT_SCADA,1,"2019/08/20 22:00:00",JLB02,0.10
D,DISPATCH,UNIT_SCADA,1,"2019/08/20 22:00:00",JLB03,0
D,DISPATCH,UNIT_SCADA,1,"2019/08/20 22:00:00",KAREEYA1,21.48
D,DISPATCH,UNIT_SCADA,1,"2019/08/20 22:00:00",KAREEYA2,21.74
D,DISPATCH,UNIT_SCADA,1,"2019/08/20 22:00:00",KAREEYA3,0
D,DISPATCH,UNIT_SCADA,1,"2019/08/20 22:00:00",KAREEYA4,21.7050
D,DISPATCH,UNIT_SCADA,1,"2019/08/20 22:00:00",KARSF1,0
D,DISPATCH,UNIT_SCADA,1,"2019/08/20 22:00:00",KIATAWF1,30.50
D,DISPATCH,UNIT_SCADA,1,"2019/08/20 22:00:00",KPP_1,0
D,DISPATCH,UNIT_SCADA,1,"2019/08/20 22:00:00",KSP1,0
D,DISPATCH,UNIT_SCADA,1,"2019/08/20 22:00:00",LADBROK1,0
D,DISPATCH,UNIT_SCADA,1,"2019/08/20 22:00:00",LADBROK2,0
D,DISPATCH,UNIT_SCADA,1,"2019/08/20 22:00:00",LD01,421.837550
D,DISPATCH,UNIT_SCADA,1,"2019/08/20 22:00:00",LD02,418.6875
D,DISPATCH,UNIT_SCADA,1,"2019/08/20 22:00:00",LD03,423.262480
D,DISPATCH,UNIT_SCADA,1,"2019/08/20 22:00:00",LD04,383.531250
D,DISPATCH,UNIT_SCADA,1,"2019/08/20 22:00:00",LEM_WIL,85.656350
D,DISPATCH,UNIT_SCADA,1,"2019/08/20 22:00:00",LGAPWF1,16.96
D,DISPATCH,UNIT_SCADA,1,"2019/08/20 22:00:00",LILYSF1,0
D,DISPATCH,UNIT_SCADA,1,"2019/08/20 22:00:00",LI_WY_CA,149.546550
D,DISPATCH,UNIT_SCADA,1,"2019/08/20 22:00:00",LKBONNY2,131.9370
D,DISPATCH,UNIT_SCADA,1,"2019/08/20 22:00:00",LKBONNY3,32.097660
D,DISPATCH,UNIT_SCADA,1,"2019/08/20 22:00:00",LK_ECHO,0
D,DISPATCH,UNIT_SCADA,1,"2019/08/20 22:00:00",LNGS1,0
D,DISPATCH,UNIT_SCADA,1,"2019/08/20 22:00:00",LNGS2,0
D,DISPATCH,UNIT_SCADA,1,"2019/08/20 22:00:00",LONSDALE,0
D,DISPATCH,UNIT_SCADA,1,"2019/08/20 22:00:00",LOYYB1,536.464540
D,DISPATCH,UNIT_SCADA,1,"2019/08/20 22:00:00",LOYYB2,581.202510
D,DISPATCH,UNIT_SCADA,1,"2019/08/20 22:00:00",LYA1,501
D,DISPATCH,UNIT_SCADA,1,"2019/08/20 22:00:00",LYA2,0
D,DISPATCH,UNIT_SCADA,1,"2019/08/20 22:00:00",LYA3,559
D,DISPATCH,UNIT_SCADA,1,"2019/08/20 22:00:00",LYA4,540
D,DISPATCH,UNIT_SCADA,1,"2019/08/20 22:00:00",MACARTH1,351.191890
D,DISPATCH,UNIT_SCADA,1,"2019/08/20 22:00:00",MACKAYGT,0
D,DISPATCH,UNIT_SCADA,1,"2019/08/20 22:00:00",MACKNTSH,85.580010
D,DISPATCH,UNIT_SCADA,1,"2019/08/20 22:00:00",MANSLR1,0
D,DISPATCH,UNIT_SCADA,1,"2019/08/20 22:00:00",MCKAY1,0.02
D,DISPATCH,UNIT_SCADA,1,"2019/08/20 22:00:00",MEADOWBK,34.210260
D,DISPATCH,UNIT_SCADA,1,"2019/08/20 22:00:00",MERCER01,129.6530
D,DISPATCH,UNIT_SCADA,1,"2019/08/20 22:00:00",MEWF1,57.937920
D,DISPATCH,UNIT_SCADA,1,"2019/08/20 22:00:00",MINTARO,0
D,DISPATCH,UNIT_SCADA,1,"2019/08/20 22:00:00",MOREESF1,0
D,DISPATCH,UNIT_SCADA,1,"2019/08/20 22:00:00",MORTLK11,114
D,DISPATCH,UNIT_SCADA,1,"2019/08/20 22:00:00",MORTLK12,0
D,DISPATCH,UNIT_SCADA,1,"2019/08/20 22:00:00",MP1,281.425050
D,DISPATCH,UNIT_SCADA,1,"2019/08/20 22:00:00",MP2,0
D,DISPATCH,UNIT_SCADA,1,"2019/08/20 22:00:00",MPP_1,401.25
D,DISPATCH,UNIT_SCADA,1,"2019/08/20 22:00:00",MPP_2,425.50
D,DISPATCH,UNIT_SCADA,1,"2019/08/20 22:00:00",MSTUART1,0
D,DISPATCH,UNIT_SCADA,1,"2019/08/20 22:00:00",MSTUART2,0
D,DISPATCH,UNIT_SCADA,1,"2019/08/20 22:00:00",MSTUART3,0
D,DISPATCH,UNIT_SCADA,1,"2019/08/20 22:00:00",MTGELWF1,64.172790
D,DISPATCH,UNIT_SCADA,1,"2019/08/20 22:00:00",MURRAY,0
D,DISPATCH,UNIT_SCADA,1,"2019/08/20 22:00:00",MUSSELR1,151.50
D,DISPATCH,UNIT_SCADA,1,"2019/08/20 22:00:00",MUWAWF1,38.89
D,DISPATCH,UNIT_SCADA,1,"2019/08/20 22:00:00",NBHWF1,99
D,DISPATCH,UNIT_SCADA,1,"2019/08/20 22:00:00",NPS,0
D,DISPATCH,UNIT_SCADA,1,"2019/08/20 22:00:00",NUMURSF1,0
D,DISPATCH,UNIT_SCADA,1,"2019/08/20 22:00:00",NYNGAN1,0
D,DISPATCH,UNIT_SCADA,1,"2019/08/20 22:00:00",OAKEY1,0
D,DISPATCH,UNIT_SCADA,1,"2019/08/20 22:00:00",OAKEY1SF,0.0380
D,DISPATCH,UNIT_SCADA,1,"2019/08/20 22:00:00",OAKEY2,0
D,DISPATCH,UNIT_SCADA,1,"2019/08/20 22:00:00",OAKLAND1,62.90
D,DISPATCH,UNIT_SCADA,1,"2019/08/20 22:00:00",OSB-AG,0
D,DISPATCH,UNIT_SCADA,1,"2019/08/20 22:00:00",PARSF1,0
D,DISPATCH,UNIT_SCADA,1,"2019/08/20 22:00:00",POAT110,0
D,DISPATCH,UNIT_SCADA,1,"2019/08/20 22:00:00",POAT220,5.23
D,DISPATCH,UNIT_SCADA,1,"2019/08/20 22:00:00",POR01,0
D,DISPATCH,UNIT_SCADA,1,"2019/08/20 22:00:00",POR03,0
D,DISPATCH,UNIT_SCADA,1,"2019/08/20 22:00:00",PPCCGT,354.750490
D,DISPATCH,UNIT_SCADA,1,"2019/08/20 22:00:00",PTSTAN1,0
D,DISPATCH,UNIT_SCADA,1,"2019/08/20 22:00:00",PUMP1,0
D,DISPATCH,UNIT_SCADA,1,"2019/08/20 22:00:00",PUMP2,0
D,DISPATCH,UNIT_SCADA,1,"2019/08/20 22:00:00",QPS1,0
D,DISPATCH,UNIT_SCADA,1,"2019/08/20 22:00:00",QPS2,0
D,DISPATCH,UNIT_SCADA,1,"2019/08/20 22:00:00",QPS3,0
D,DISPATCH,UNIT_SCADA,1,"2019/08/20 22:00:00",QPS4,0
D,DISPATCH,UNIT_SCADA,1,"2019/08/20 22:00:00",QPS5,0
D,DISPATCH,UNIT_SCADA,1,"2019/08/20 22:00:00",REECE1,117.610010
D,DISPATCH,UNIT_SCADA,1,"2019/08/20 22:00:00",REECE2,117.820010
D,DISPATCH,UNIT_SCADA,1,"2019/08/20 22:00:00",ROMA_7,0
D,DISPATCH,UNIT_SCADA,1,"2019/08/20 22:00:00",ROMA_8,0
D,DISPATCH,UNIT_SCADA,1,"2019/08/20 22:00:00",RRSF1,0
D,DISPATCH,UNIT_SCADA,1,"2019/08/20 22:00:00",RT_NSW1,0
D,DISPATCH,UNIT_SCADA,1,"2019/08/20 22:00:00",RT_NSW2,0
D,DISPATCH,UNIT_SCADA,1,"2019/08/20 22:00:00",RT_NSW3,0
D,DISPATCH,UNIT_SCADA,1,"2019/08/20 22:00:00",RT_NSW4,0
D,DISPATCH,UNIT_SCADA,1,"2019/08/20 22:00:00",RT_NSW5,0
D,DISPATCH,UNIT_SCADA,1,"2019/08/20 22:00:00",RT_NSW6,0
D,DISPATCH,UNIT_SCADA,1,"2019/08/20 22:00:00",RT_QLD1,0
D,DISPATCH,UNIT_SCADA,1,"2019/08/20 22:00:00",RT_SA1,0
D,DISPATCH,UNIT_SCADA,1,"2019/08/20 22:00:00",RT_SA2,0
D,DISPATCH,UNIT_SCADA,1,"2019/08/20 22:00:00",RT_SA3,0
D,DISPATCH,UNIT_SCADA,1,"2019/08/20 22:00:00",RT_SA4,0
D,DISPATCH,UNIT_SCADA,1,"2019/08/20 22:00:00",RT_SA5,0
D,DISPATCH,UNIT_SCADA,1,"2019/08/20 22:00:00",RT_SA6,0
D,DISPATCH,UNIT_SCADA,1,"2019/08/20 22:00:00",RT_TAS1,0
D,DISPATCH,UNIT_SCADA,1,"2019/08/20 22:00:00",RT_VIC1,0
D,DISPATCH,UNIT_SCADA,1,"2019/08/20 22:00:00",RT_VIC10,0
D,DISPATCH,UNIT_SCADA,1,"2019/08/20 22:00:00",RT_VIC11,0
D,DISPATCH,UNIT_SCADA,1,"2019/08/20 22:00:00",RT_VIC12,0
D,DISPATCH,UNIT_SCADA,1,"2019/08/20 22:00:00",RT_VIC2,0
D,DISPATCH,UNIT_SCADA,1,"2019/08/20 22:00:00",RT_VIC3,0
D,DISPATCH,UNIT_SCADA,1,"2019/08/20 22:00:00",RT_VIC4,0
D,DISPATCH,UNIT_SCADA,1,"2019/08/20 22:00:00",RT_VIC5,0
D,DISPATCH,UNIT_SCADA,1,"2019/08/20 22:00:00",RT_VIC6,0
D,DISPATCH,UNIT_SCADA,1,"2019/08/20 22:00:00",RT_VIC7,0
D,DISPATCH,UNIT_SCADA,1,"2019/08/20 22:00:00",RT_VIC8,0
D,DISPATCH,UNIT_SCADA,1,"2019/08/20 22:00:00",RT_VIC9,0
D,DISPATCH,UNIT_SCADA,1,"2019/08/20 22:00:00",RUGBYR1,0
D,DISPATCH,UNIT_SCADA,1,"2019/08/20 22:00:00",SALTCRK1,51.06
D,DISPATCH,UNIT_SCADA,1,"2019/08/20 22:00:00",SAPHWF1,227.146850
D,DISPATCH,UNIT_SCADA,1,"2019/08/20 22:00:00",SHGEN,0
D,DISPATCH,UNIT_SCADA,1,"2019/08/20 22:00:00",SHPUMP,0
D,DISPATCH,UNIT_SCADA,1,"2019/08/20 22:00:00",SITHE01,0.123710
D,DISPATCH,UNIT_SCADA,1,"2019/08/20 22:00:00",SMCSF1,0
D,DISPATCH,UNIT_SCADA,1,"2019/08/20 22:00:00",SNOWNTH1,96.80
D,DISPATCH,UNIT_SCADA,1,"2019/08/20 22:00:00",SNOWSTH1,103.10
D,DISPATCH,UNIT_SCADA,1,"2019/08/20 22:00:00",SNOWTWN1,80.890130
D,DISPATCH,UNIT_SCADA,1,"2019/08/20 22:00:00",SNOWYP,0
D,DISPATCH,UNIT_SCADA,1,"2019/08/20 22:00:00",SNUG1,0.019440
D,DISPATCH,UNIT_SCADA,1,"2019/08/20 22:00:00",SRSF1,0.07
D,DISPATCH,UNIT_SCADA,1,"2019/08/20 22:00:00",STAN-1,0
D,DISPATCH,UNIT_SCADA,1,"2019/08/20 22:00:00",STAN-2,297.693420
D,DISPATCH,UNIT_SCADA,1,"2019/08/20 22:00:00",STAN-3,292.463750
D,DISPATCH,UNIT_SCADA,1,"2019/08/20 22:00:00",STAN-4,296.603880
D,DISPATCH,UNIT_SCADA,1,"2019/08/20 22:00:00",STWF1,181.08
D,DISPATCH,UNIT_SCADA,1,"2019/08/20 22:00:00",SWAN_E,0
D,DISPATCH,UNIT_SCADA,1,"2019/08/20 22:00:00",TALWA1,299
D,DISPATCH,UNIT_SCADA,1,"2019/08/20 22:00:00",TARALGA1,96.097470
D,DISPATCH,UNIT_SCADA,1,"2019/08/20 22:00:00",TARONG#1,330.200010
D,DISPATCH,UNIT_SCADA,1,"2019/08/20 22:00:00",TARONG#2,329.300020
D,DISPATCH,UNIT_SCADA,1,"2019/08/20 22:00:00",TARONG#3,259.800020
D,DISPATCH,UNIT_SCADA,1,"2019/08/20 22:00:00",TARONG#4,330.399990
D,DISPATCH,UNIT_SCADA,1,"2019/08/20 22:00:00",TARRALEA,85.10
D,DISPATCH,UNIT_SCADA,1,"2019/08/20 22:00:00",TBSF1,-0.20
D,DISPATCH,UNIT_SCADA,1,"2019/08/20 22:00:00",TNPS1,441.700010
D,DISPATCH,UNIT_SCADA,1,"2019/08/20 22:00:00",TORRA1,46.509190
D,DISPATCH,UNIT_SCADA,1,"2019/08/20 22:00:00",TORRA2,0
D,DISPATCH,UNIT_SCADA,1,"2019/08/20 22:00:00",TORRA3,0
D,DISPATCH,UNIT_SCADA,1,"2019/08/20 22:00:00",TORRA4,0
D,DISPATCH,UNIT_SCADA,1,"2019/08/20 22:00:00",TORRB1,61.42
D,DISPATCH,UNIT_SCADA,1,"2019/08/20 22:00:00",TORRB2,60.15
D,DISPATCH,UNIT_SCADA,1,"2019/08/20 22:00:00",TORRB3,0
D,DISPATCH,UNIT_SCADA,1,"2019/08/20 22:00:00",TORRB4,0
D,DISPATCH,UNIT_SCADA,1,"2019/08/20 22:00:00",TREVALLN,17.660020
D,DISPATCH,UNIT_SCADA,1,"2019/08/20 22:00:00",TRIBUTE,85.04
D,DISPATCH,UNIT_SCADA,1,"2019/08/20 22:00:00",TUMUT3,0
D,DISPATCH,UNIT_SCADA,1,"2019/08/20 22:00:00",TUNGATIN,123.700040
D,DISPATCH,UNIT_SCADA,1,"2019/08/20 22:00:00",TVCC201,0
D,DISPATCH,UNIT_SCADA,1,"2019/08/20 22:00:00",TVPP104,0
D,DISPATCH,UNIT_SCADA,1,"2019/08/20 22:00:00",UPPTUMUT,0
D,DISPATCH,UNIT_SCADA,1,"2019/08/20 22:00:00",URANQ11,0
D,DISPATCH,UNIT_SCADA,1,"2019/08/20 22:00:00",URANQ12,0
D,DISPATCH,UNIT_SCADA,1,"2019/08/20 22:00:00",URANQ13,0
D,DISPATCH,UNIT_SCADA,1,"2019/08/20 22:00:00",URANQ14,0
D,DISPATCH,UNIT_SCADA,1,"2019/08/20 22:00:00",VP5,553.3750
D,DISPATCH,UNIT_SCADA,1,"2019/08/20 22:00:00",VP6,481.774990
D,DISPATCH,UNIT_SCADA,1,"2019/08/20 22:00:00",VPGS1,0
D,DISPATCH,UNIT_SCADA,1,"2019/08/20 22:00:00",VPGS2,0
D,DISPATCH,UNIT_SCADA,1,"2019/08/20 22:00:00",VPGS3,0
D,DISPATCH,UNIT_SCADA,1,"2019/08/20 22:00:00",VPGS4,0
D,DISPATCH,UNIT_SCADA,1,"2019/08/20 22:00:00",VPGS5,0
D,DISPATCH,UNIT_SCADA,1,"2019/08/20 22:00:00",VPGS6,0
D,DISPATCH,UNIT_SCADA,1,"2019/08/20 22:00:00",W/HOE#1,201.81
D,DISPATCH,UNIT_SCADA,1,"2019/08/20 22:00:00",W/HOE#2,0
D,DISPATCH,UNIT_SCADA,1,"2019/08/20 22:00:00",WATERLWF,107.30
D,DISPATCH,UNIT_SCADA,1,"2019/08/20 22:00:00",WEMENSF1,0
D,DISPATCH,UNIT_SCADA,1,"2019/08/20 22:00:00",WGWF1,100.10
D,DISPATCH,UNIT_SCADA,1,"2019/08/20 22:00:00",WHITSF1,0
D,DISPATCH,UNIT_SCADA,1,"2019/08/20 22:00:00",WKIEWA1,9.80
D,DISPATCH,UNIT_SCADA,1,"2019/08/20 22:00:00",WKIEWA2,17
D,DISPATCH,UNIT_SCADA,1,"2019/08/20 22:00:00",WOODLWN1,43.8120
D,DISPATCH,UNIT_SCADA,1,"2019/08/20 22:00:00",WRSF1,0
D,DISPATCH,UNIT_SCADA,1,"2019/08/20 22:00:00",WRWF1,157.4975
D,DISPATCH,UNIT_SCADA,1,"2019/08/20 22:00:00",YABULU,0
D,DISPATCH,UNIT_SCADA,1,"2019/08/20 22:00:00",YABULU2,0
D,DISPATCH,UNIT_SCADA,1,"2019/08/20 22:00:00",YARWUN_1,0
D,DISPATCH,UNIT_SCADA,1,"2019/08/20 22:00:00",YENDWF1,41.88
D,DISPATCH,UNIT_SCADA,1,"2019/08/20 22:00:00",YWPS1,378.194950
D,DISPATCH,UNIT_SCADA,1,"2019/08/20 22:00:00",YWPS2,284.9595
D,DISPATCH,UNIT_SCADA,1,"2019/08/20 22:00:00",YWPS3,0
D,DISPATCH,UNIT_SCADA,1,"2019/08/20 22:00:00",YWPS4,395.802520
C,"END OF REPORT",334
