C,NEMP.WORLD,DISPATCHSCADA,AEMO,PUBLIC,2019/09/04,16:50:08,0000000312389893,DISPATCHSCADA,0000000312389887
I,DISPATCH,UNIT_SCADA,1,SETTLEMENTDATE,DUID,SCADAVALUE
D,DISPATCH,UNIT_SCADA,1,"2019/09/04 16:55:00",BARCSF1,9
D,DISPATCH,UNIT_SCADA,1,"2019/09/04 16:55:00",BUTLERSG,10.199999
D,DISPATCH,UNIT_SCADA,1,"2019/09/04 16:55:00",CALL_A_4,0
D,DISPATCH,UNIT_SCADA,1,"2019/09/04 16:55:00",CAPTL_WF,79.096001
D,DISPATCH,UNIT_SCADA,1,"2019/09/04 16:55:00",CATHROCK,0
D,DISPATCH,UNIT_SCADA,1,"2019/09/04 16:55:00",CHALLHWF,0
D,DISPATCH,UNIT_SCADA,1,"2019/09/04 16:55:00",CLOVER,-0.01
D,DISPATCH,UNIT_SCADA,1,"2019/09/04 16:55:00",CLUNY,12.153353
D,DISPATCH,UNIT_SCADA,1,"2019/09/04 16:55:00",CNUNDAWF,1.101285
D,DISPATCH,UNIT_SCADA,1,"2019/09/04 16:55:00",CULLRGWF,27.92
D,DISPATCH,UNIT_SCADA,1,"2019/09/04 16:55:00",ERGT01,0
D,DISPATCH,UNIT_SCADA,1,"2019/09/04 16:55:00",GB01,0.012554
D,DISPATCH,UNIT_SCADA,1,"2019/09/04 16:55:00",GERMCRK,35.400002
D,DISPATCH,UNIT_SCADA,1,"2019/09/04 16:55:00",GRIFSF1,16.700005
D,DISPATCH,UNIT_SCADA,1,"2019/09/04 16:55:00",HUGSF1,7.4410
D,DISPATCH,UNIT_SCADA,1,"2019/09/04 16:55:00",LKBONNY1,1.071712
D,DISPATCH,UNIT_SCADA,1,"2019/09/04 16:55:00",LRSF1,11.0810
D,DISPATCH,UNIT_SCADA,1,"2019/09/04 16:55:00",MBAHNTH,26.868744
D,DISPATCH,UNIT_SCADA,1,"2019/09/04 16:55:00",MLSP1,1.968001
D,DISPATCH,UNIT_SCADA,1,"2019/09/04 16:55:00",MLWF1,1.3350
D,DISPATCH,UNIT_SCADA,1,"2019/09/04 16:55:00",MTMILLAR,-0.256725
D,DISPATCH,UNIT_SCADA,1,"2019/09/04 16:55:00",PALOONA,24.539999
D,DISPATCH,UNIT_SCADA,1,"2019/09/04 16:55:00",PIONEER,47
D,DISPATCH,UNIT_SCADA,1,"2019/09/04 16:55:00",PORTWF,4.30
D,DISPATCH,UNIT_SCADA,1,"2019/09/04 16:55:00",REPULSE,19.996033
D,DISPATCH,UNIT_SCADA,1,"2019/09/04 16:55:00",ROWALLAN,10.2666
D,DISPATCH,UNIT_SCADA,1,"2019/09/04 16:55:00",ROYALLA1,2.80
D,DISPATCH,UNIT_SCADA,1,"2019/09/04 16:55:00",RPCG,-1.80
D,DISPATCH,UNIT_SCADA,1,"2019/09/04 16:55:00",RUBICON,0
D,DISPATCH,UNIT_SCADA,1,"2019/09/04 16:55:00",SATGN1,0
D,DISPATCH,UNIT_SCADA,1,"2019/09/04 16:55:00",SATGS1,0
D,DISPATCH,UNIT_SCADA,1,"2019/09/04 16:55:00",STARHLWF,0.299913
D,DISPATCH,UNIT_SCADA,1,"2019/09/04 16:55:00",WAUBRAWF,20.162001
D,DISPATCH,UNIT_SCADA,1,"2019/09/04 16:55:00",WOOLNTH1,48.720016
D,DISPATCH,UNIT_SCADA,1,"2019/09/04 16:55:00",WPWF,0
D,DISPATCH,UNIT_SCADA,1,"2019/09/04 16:55:00",YAMBUKWF,2.70
D,DISPATCH,UNIT_SCADA,1,"2019/09/04 16:55:00",YSWF1,4
D,DISPATCH,UNIT_SCADA,1,"2019/09/04 16:55:00",AGLHAL,0
D,DISPATCH,UNIT_SCADA,1,"2019/09/04 16:55:00",AGLSOM,-0.30
D,DISPATCH,UNIT_SCADA,1,"2019/09/04 16:55:00",ANGAST1,0
D,DISPATCH,UNIT_SCADA,1,"2019/09/04 16:55:00",ARWF1,24.70
D,DISPATCH,UNIT_SCADA,1,"2019/09/04 16:55:00",BALBG1,3.37
D,DISPATCH,UNIT_SCADA,1,"2019/09/04 16:55:00",BALBL1,0
D,DISPATCH,UNIT_SCADA,1,"2019/09/04 16:55:00",BALDHWF1,49.7370
D,DISPATCH,UNIT_SCADA,1,"2019/09/04 16:55:00",BANN1,7.56
D,DISPATCH,UNIT_SCADA,1,"2019/09/04 16:55:00",BARCALDN,0
D,DISPATCH,UNIT_SCADA,1,"2019/09/04 16:55:00",BARRON-1,26.48
D,DISPATCH,UNIT_SCADA,1,"2019/09/04 16:55:00",BARRON-2,0
D,DISPATCH,UNIT_SCADA,1,"2019/09/04 16:55:00",BASTYAN,80.540010
D,DISPATCH,UNIT_SCADA,1,"2019/09/04 16:55:00",BBTHREE1,0
D,DISPATCH,UNIT_SCADA,1,"2019/09/04 16:55:00",BBTHREE2,0
D,DISPATCH,UNIT_SCADA,1,"2019/09/04 16:55:00",BBTHREE3,0
D,DISPATCH,UNIT_SCADA,1,"2019/09/04 16:55:00",BDL01,43.14
D,DISPATCH,UNIT_SCADA,1,"2019/09/04 16:55:00",BDL02,43.50
D,DISPATCH,UNIT_SCADA,1,"2019/09/04 16:55:00",BERYLSF1,20.801160
D,DISPATCH,UNIT_SCADA,1,"2019/09/04 16:55:00",BLOWERNG,11.10
D,DISPATCH,UNIT_SCADA,1,"2019/09/04 16:55:00",BLUFF1,0.10
D,DISPATCH,UNIT_SCADA,1,"2019/09/04 16:55:00",BNGSF1,87.09
D,DISPATCH,UNIT_SCADA,1,"2019/09/04 16:55:00",BNGSF2,19.87
D,DISPATCH,UNIT_SCADA,1,"2019/09/04 16:55:00",BOCORWF1,89.67
D,DISPATCH,UNIT_SCADA,1,"2019/09/04 16:55:00",BODWF1,88.292470
D,DISPATCH,UNIT_SCADA,1,"2019/09/04 16:55:00",BRAEMAR1,0
D,DISPATCH,UNIT_SCADA,1,"2019/09/04 16:55:00",BRAEMAR2,0
D,DISPATCH,UNIT_SCADA,1,"2019/09/04 16:55:00",BRAEMAR3,42.60
D,DISPATCH,UNIT_SCADA,1,"2019/09/04 16:55:00",BRAEMAR5,0
D,DISPATCH,UNIT_SCADA,1,"2019/09/04 16:55:00",BRAEMAR6,0
D,DISPATCH,UNIT_SCADA,1,"2019/09/04 16:55:00",BRAEMAR7,0
D,DISPATCH,UNIT_SCADA,1,"2019/09/04 16:55:00",BROKENH1,20.991460
D,DISPATCH,UNIT_SCADA,1,"2019/09/04 16:55:00",BW01,647.75
D,DISPATCH,UNIT_SCADA,1,"2019/09/04 16:55:00",BW02,639.50
D,DISPATCH,UNIT_SCADA,1,"2019/09/04 16:55:00",BW03,639
D,DISPATCH,UNIT_SCADA,1,"2019/09/04 16:55:00",BW04,0
D,DISPATCH,UNIT_SCADA,1,"2019/09/04 16:55:00",CALL_B_1,159.400010
D,DISPATCH,UNIT_SCADA,1,"2019/09/04 16:55:00",CALL_B_2,159.70
D,DISPATCH,UNIT_SCADA,1,"2019/09/04 16:55:00",CETHANA,95.190750
D,DISPATCH,UNIT_SCADA,1,"2019/09/04 16:55:00",CG1,0
D,DISPATCH,UNIT_SCADA,1,"2019/09/04 16:55:00",CG2,0
D,DISPATCH,UNIT_SCADA,1,"2019/09/04 16:55:00",CG3,0
D,DISPATCH,UNIT_SCADA,1,"2019/09/04 16:55:00",CG4,0
D,DISPATCH,UNIT_SCADA,1,"2019/09/04 16:55:00",CHILDSF1,15.10
D,DISPATCH,UNIT_SCADA,1,"2019/09/04 16:55:00",CLARESF1,29.178880
D,DISPATCH,UNIT_SCADA,1,"2019/09/04 16:55:00",CLEMGPWF,-0.432210
D,DISPATCH,UNIT_SCADA,1,"2019/09/04 16:55:00",CLERMSF1,15.07
D,DISPATCH,UNIT_SCADA,1,"2019/09/04 16:55:00",COLEASF1,12.899990
D,DISPATCH,UNIT_SCADA,1,"2019/09/04 16:55:00",COOPGWF1,36.503130
D,DISPATCH,UNIT_SCADA,1,"2019/09/04 16:55:00",CPP_3,404.800020
D,DISPATCH,UNIT_SCADA,1,"2019/09/04 16:55:00",CPP_4,169.400010
D,DISPATCH,UNIT_SCADA,1,"2019/09/04 16:55:00",CPSA,75.370620
D,DISPATCH,UNIT_SCADA,1,"2019/09/04 16:55:00",CROOKWF2,86.343760
D,DISPATCH,UNIT_SCADA,1,"2019/09/04 16:55:00",CROWLWF1,5.438980
D,DISPATCH,UNIT_SCADA,1,"2019/09/04 16:55:00",CSPVPS1,8.7340
D,DISPATCH,UNIT_SCADA,1,"2019/09/04 16:55:00",DALNTH01,0
D,DISPATCH,UNIT_SCADA,1,"2019/09/04 16:55:00",DALNTHL1,0.215150
D,DISPATCH,UNIT_SCADA,1,"2019/09/04 16:55:00",DARTM1,133.80
D,DISPATCH,UNIT_SCADA,1,"2019/09/04 16:55:00",DAYDSF1,80.98
D,DISPATCH,UNIT_SCADA,1,"2019/09/04 16:55:00",DDPS1,359.057560
D,DISPATCH,UNIT_SCADA,1,"2019/09/04 16:55:00",DDSF1,21.074940
D,DISPATCH,UNIT_SCADA,1,"2019/09/04 16:55:00",DEVILS_G,56.6155
D,DISPATCH,UNIT_SCADA,1,"2019/09/04 16:55:00",DG_NSW1,0
D,DISPATCH,UNIT_SCADA,1,"2019/09/04 16:55:00",DG_QLD1,0
D,DISPATCH,UNIT_SCADA,1,"2019/09/04 16:55:00",DG_SA1,0
D,DISPATCH,UNIT_SCADA,1,"2019/09/04 16:55:00",DG_TAS1,0
D,DISPATCH,UNIT_SCADA,1,"2019/09/04 16:55:00",DG_VIC1,0
D,DISPATCH,UNIT_SCADA,1,"2019/09/04 16:55:00",DRYCGT1,0
D,DISPATCH,UNIT_SCADA,1,"2019/09/04 16:55:00",DRYCGT2,0
D,DISPATCH,UNIT_SCADA,1,"2019/09/04 16:55:00",DRYCGT3,0
D,DISPATCH,UNIT_SCADA,1,"2019/09/04 16:55:00",EILDON1,0
D,DISPATCH,UNIT_SCADA,1,"2019/09/04 16:55:00",EILDON2,0
D,DISPATCH,UNIT_SCADA,1,"2019/09/04 16:55:00",EMERASF1,33.80
D,DISPATCH,UNIT_SCADA,1,"2019/09/04 16:55:00",ER01,585.6250
D,DISPATCH,UNIT_SCADA,1,"2019/09/04 16:55:00",ER02,691.224980
D,DISPATCH,UNIT_SCADA,1,"2019/09/04 16:55:00",ER03,0
D,DISPATCH,UNIT_SCADA,1,"2019/09/04 16:55:00",ER04,690.575070
D,DISPATCH,UNIT_SCADA,1,"2019/09/04 16:55:00",FINLYSF1,0
D,DISPATCH,UNIT_SCADA,1,"2019/09/04 16:55:00",FISHER,45.80
D,DISPATCH,UNIT_SCADA,1,"2019/09/04 16:55:00",GANNBG1,0
D,DISPATCH,UNIT_SCADA,1,"2019/09/04 16:55:00",GANNBL1,7.390290
D,DISPATCH,UNIT_SCADA,1,"2019/09/04 16:55:00",GANNSF1,4.20
D,DISPATCH,UNIT_SCADA,1,"2019/09/04 16:55:00",GORDON,21.991760
D,DISPATCH,UNIT_SCADA,1,"2019/09/04 16:55:00",GSTONE1,211.399990
D,DISPATCH,UNIT_SCADA,1,"2019/09/04 16:55:00",GSTONE2,197.9250
D,DISPATCH,UNIT_SCADA,1,"2019/09/04 16:55:00",GSTONE3,0
D,DISPATCH,UNIT_SCADA,1,"2019/09/04 16:55:00",GSTONE4,224.1750
D,DISPATCH,UNIT_SCADA,1,"2019/09/04 16:55:00",GSTONE5,212.80
D,DISPATCH,UNIT_SCADA,1,"2019/09/04 16:55:00",GSTONE6,212.974990
D,DISPATCH,UNIT_SCADA,1,"2019/09/04 16:55:00",GULLRSF1,0.419830
D,DISPATCH,UNIT_SCADA,1,"2019/09/04 16:55:00",GULLRWF1,100.5640
D,DISPATCH,UNIT_SCADA,1,"2019/09/04 16:55:00",GUNNING1,23.556850
D,DISPATCH,UNIT_SCADA,1,"2019/09/04 16:55:00",GUTHEGA,0
D,DISPATCH,UNIT_SCADA,1,"2019/09/04 16:55:00",HALLWF1,-0.46
D,DISPATCH,UNIT_SCADA,1,"2019/09/04 16:55:00",HALLWF2,0.04
D,DISPATCH,UNIT_SCADA,1,"2019/09/04 16:55:00",HAMISF1,27.50
D,DISPATCH,UNIT_SCADA,1,"2019/09/04 16:55:00",HAUGHT11,73.601020
D,DISPATCH,UNIT_SCADA,1,"2019/09/04 16:55:00",HAYMSF1,26.1520
D,DISPATCH,UNIT_SCADA,1,"2019/09/04 16:55:00",HDWF1,18.40
D,DISPATCH,UNIT_SCADA,1,"2019/09/04 16:55:00",HDWF2,13.70
D,DISPATCH,UNIT_SCADA,1,"2019/09/04 16:55:00",HDWF3,15.40
D,DISPATCH,UNIT_SCADA,1,"2019/09/04 16:55:00",HPRG1,9.90
D,DISPATCH,UNIT_SCADA,1,"2019/09/04 16:55:00",HPRL1,0
D,DISPATCH,UNIT_SCADA,1,"2019/09/04 16:55:00",HUMENSW,0
D,DISPATCH,UNIT_SCADA,1,"2019/09/04 16:55:00",HUMEV,25.70
D,DISPATCH,UNIT_SCADA,1,"2019/09/04 16:55:00",HVGTS,0
D,DISPATCH,UNIT_SCADA,1,"2019/09/04 16:55:00",JBUTTERS,25.21
D,DISPATCH,UNIT_SCADA,1,"2019/09/04 16:55:00",JLA01,20.20
D,DISPATCH,UNIT_SCADA,1,"2019/09/04 16:55:00",JLA02,0
D,DISPATCH,UNIT_SCADA,1,"2019/09/04 16:55:00",JLA03,0
D,DISPATCH,UNIT_SCADA,1,"2019/09/04 16:55:00",JLA04,0
D,DISPATCH,UNIT_SCADA,1,"2019/09/04 16:55:00",JLB01,0
D,DISPATCH,UNIT_SCADA,1,"2019/09/04 16:55:00",JLB02,0.10
D,DISPATCH,UNIT_SCADA,1,"2019/09/04 16:55:00",JLB03,0
D,DISPATCH,UNIT_SCADA,1,"2019/09/04 16:55:00",KAREEYA1,21.4575
D,DISPATCH,UNIT_SCADA,1,"2019/09/04 16:55:00",KAREEYA2,21.77
D,DISPATCH,UNIT_SCADA,1,"2019/09/04 16:55:00",KAREEYA3,0
D,DISPATCH,UNIT_SCADA,1,"2019/09/04 16:55:00",KAREEYA4,21.6650
D,DISPATCH,UNIT_SCADA,1,"2019/09/04 16:55:00",KARSF1,14.50
D,DISPATCH,UNIT_SCADA,1,"2019/09/04 16:55:00",KIATAWF1,2.50
D,DISPATCH,UNIT_SCADA,1,"2019/09/04 16:55:00",KPP_1,0
D,DISPATCH,UNIT_SCADA,1,"2019/09/04 16:55:00",KSP1,40.37
D,DISPATCH,UNIT_SCADA,1,"2019/09/04 16:55:00",LADBROK1,40.91
D,DISPATCH,UNIT_SCADA,1,"2019/09/04 16:55:00",LADBROK2,41.34
D,DISPATCH,UNIT_SCADA,1,"2019/09/04 16:55:00",LD01,419.849950
D,DISPATCH,UNIT_SCADA,1,"2019/09/04 16:55:00",LD02,400.574980
D,DISPATCH,UNIT_SCADA,1,"2019/09/04 16:55:00",LD03,425.043730
D,DISPATCH,UNIT_SCADA,1,"2019/09/04 16:55:00",LD04,378.843750
D,DISPATCH,UNIT_SCADA,1,"2019/09/04 16:55:00",LEM_WIL,85.2563
D,DISPATCH,UNIT_SCADA,1,"2019/09/04 16:55:00",LGAPWF1,9.14
D,DISPATCH,UNIT_SCADA,1,"2019/09/04 16:55:00",LILYSF1,42.729470
D,DISPATCH,UNIT_SCADA,1,"2019/09/04 16:55:00",LI_WY_CA,121.4557
D,DISPATCH,UNIT_SCADA,1,"2019/09/04 16:55:00",LKBONNY2,2.461570
D,DISPATCH,UNIT_SCADA,1,"2019/09/04 16:55:00",LKBONNY3,0.837330
D,DISPATCH,UNIT_SCADA,1,"2019/09/04 16:55:00",LK_ECHO,0
D,DISPATCH,UNIT_SCADA,1,"2019/09/04 16:55:00",LNGS1,0
D,DISPATCH,UNIT_SCADA,1,"2019/09/04 16:55:00",LNGS2,0
D,DISPATCH,UNIT_SCADA,1,"2019/09/04 16:55:00",LONSDALE,0
D,DISPATCH,UNIT_SCADA,1,"2019/09/04 16:55:00",LOYYB1,536.464540
D,DISPATCH,UNIT_SCADA,1,"2019/09/04 16:55:00",LOYYB2,578.946840
D,DISPATCH,UNIT_SCADA,1,"2019/09/04 16:55:00",LYA1,0
D,DISPATCH,UNIT_SCADA,1,"2019/09/04 16:55:00",LYA2,0
D,DISPATCH,UNIT_SCADA,1,"2019/09/04 16:55:00",LYA3,560
D,DISPATCH,UNIT_SCADA,1,"2019/09/04 16:55:00",LYA4,541
D,DISPATCH,UNIT_SCADA,1,"2019/09/04 16:55:00",MACARTH1,0
D,DISPATCH,UNIT_SCADA,1,"2019/09/04 16:55:00",MACKAYGT,0.2240
D,DISPATCH,UNIT_SCADA,1,"2019/09/04 16:55:00",MACKNTSH,88.960010
D,DISPATCH,UNIT_SCADA,1,"2019/09/04 16:55:00",MANSLR1,16.5970
D,DISPATCH,UNIT_SCADA,1,"2019/09/04 16:55:00",MCKAY1,0.02
D,DISPATCH,UNIT_SCADA,1,"2019/09/04 16:55:00",MEADOWBK,24.778860
D,DISPATCH,UNIT_SCADA,1,"2019/09/04 16:55:00",MERCER01,14.3630
D,DISPATCH,UNIT_SCADA,1,"2019/09/04 16:55:00",MEWF1,30.675970
D,DISPATCH,UNIT_SCADA,1,"2019/09/04 16:55:00",MINTARO,0
D,DISPATCH,UNIT_SCADA,1,"2019/09/04 16:55:00",MOREESF1,23.9460
D,DISPATCH,UNIT_SCADA,1,"2019/09/04 16:55:00",MORTLK11,259
D,DISPATCH,UNIT_SCADA,1,"2019/09/04 16:55:00",MORTLK12,0
D,DISPATCH,UNIT_SCADA,1,"2019/09/04 16:55:00",MP1,221.574950
D,DISPATCH,UNIT_SCADA,1,"2019/09/04 16:55:00",MP2,0
D,DISPATCH,UNIT_SCADA,1,"2019/09/04 16:55:00",MPP_1,384.75
D,DISPATCH,UNIT_SCADA,1,"2019/09/04 16:55:00",MPP_2,434.50
D,DISPATCH,UNIT_SCADA,1,"2019/09/04 16:55:00",MSTUART1,0
D,DISPATCH,UNIT_SCADA,1,"2019/09/04 16:55:00",MSTUART2,0
D,DISPATCH,UNIT_SCADA,1,"2019/09/04 16:55:00",MSTUART3,0
D,DISPATCH,UNIT_SCADA,1,"2019/09/04 16:55:00",MTGELWF1,3.912470
D,DISPATCH,UNIT_SCADA,1,"2019/09/04 16:55:00",MURRAY,445.240050
D,DISPATCH,UNIT_SCADA,1,"2019/09/04 16:55:00",MUSSELR1,165.599990
D,DISPATCH,UNIT_SCADA,1,"2019/09/04 16:55:00",MUWAWF1,5.25
D,DISPATCH,UNIT_SCADA,1,"2019/09/04 16:55:00",NBHWF1,-0.50
D,DISPATCH,UNIT_SCADA,1,"2019/09/04 16:55:00",NPS,298.1250
D,DISPATCH,UNIT_SCADA,1,"2019/09/04 16:55:00",NUMURSF1,4.08
D,DISPATCH,UNIT_SCADA,1,"2019/09/04 16:55:00",NYNGAN1,27.50
D,DISPATCH,UNIT_SCADA,1,"2019/09/04 16:55:00",OAKEY1,0
D,DISPATCH,UNIT_SCADA,1,"2019/09/04 16:55:00",OAKEY1SF,7.9760
D,DISPATCH,UNIT_SCADA,1,"2019/09/04 16:55:00",OAKEY2,0
D,DISPATCH,UNIT_SCADA,1,"2019/09/04 16:55:00",OAKEY2SF,0
D,DISPATCH,UNIT_SCADA,1,"2019/09/04 16:55:00",OAKLAND1,18.80
D,DISPATCH,UNIT_SCADA,1,"2019/09/04 16:55:00",OSB-AG,177
D,DISPATCH,UNIT_SCADA,1,"2019/09/04 16:55:00",PARSF1,27.90
D,DISPATCH,UNIT_SCADA,1,"2019/09/04 16:55:00",POAT110,0
D,DISPATCH,UNIT_SCADA,1,"2019/09/04 16:55:00",POAT220,0
D,DISPATCH,UNIT_SCADA,1,"2019/09/04 16:55:00",POR01,0
D,DISPATCH,UNIT_SCADA,1,"2019/09/04 16:55:00",POR03,0
D,DISPATCH,UNIT_SCADA,1,"2019/09/04 16:55:00",PPCCGT,482.260380
D,DISPATCH,UNIT_SCADA,1,"2019/09/04 16:55:00",PTSTAN1,0
D,DISPATCH,UNIT_SCADA,1,"2019/09/04 16:55:00",PUMP1,0
D,DISPATCH,UNIT_SCADA,1,"2019/09/04 16:55:00",PUMP2,0
D,DISPATCH,UNIT_SCADA,1,"2019/09/04 16:55:00",QPS1,29
D,DISPATCH,UNIT_SCADA,1,"2019/09/04 16:55:00",QPS2,0
D,DISPATCH,UNIT_SCADA,1,"2019/09/04 16:55:00",QPS3,0
D,DISPATCH,UNIT_SCADA,1,"2019/09/04 16:55:00",QPS4,0
D,DISPATCH,UNIT_SCADA,1,"2019/09/04 16:55:00",QPS5,31.92
D,DISPATCH,UNIT_SCADA,1,"2019/09/04 16:55:00",REECE1,117.440010
D,DISPATCH,UNIT_SCADA,1,"2019/09/04 16:55:00",REECE2,101.63
D,DISPATCH,UNIT_SCADA,1,"2019/09/04 16:55:00",ROMA_7,0
D,DISPATCH,UNIT_SCADA,1,"2019/09/04 16:55:00",ROMA_8,0
D,DISPATCH,UNIT_SCADA,1,"2019/09/04 16:55:00",RRSF1,57.8449
D,DISPATCH,UNIT_SCADA,1,"2019/09/04 16:55:00",RT_NSW1,0
D,DISPATCH,UNIT_SCADA,1,"2019/09/04 16:55:00",RT_NSW2,0
D,DISPATCH,UNIT_SCADA,1,"2019/09/04 16:55:00",RT_NSW3,0
D,DISPATCH,UNIT_SCADA,1,"2019/09/04 16:55:00",RT_NSW4,0
D,DISPATCH,UNIT_SCADA,1,"2019/09/04 16:55:00",RT_NSW5,0
D,DISPATCH,UNIT_SCADA,1,"2019/09/04 16:55:00",RT_NSW6,0
D,DISPATCH,UNIT_SCADA,1,"2019/09/04 16:55:00",RT_QLD1,0
D,DISPATCH,UNIT_SCADA,1,"2019/09/04 16:55:00",RT_SA1,0
D,DISPATCH,UNIT_SCADA,1,"2019/09/04 16:55:00",RT_SA2,0
D,DISPATCH,UNIT_SCADA,1,"2019/09/04 16:55:00",RT_SA3,0
D,DISPATCH,UNIT_SCADA,1,"2019/09/04 16:55:00",RT_SA4,0
D,DISPATCH,UNIT_SCADA,1,"2019/09/04 16:55:00",RT_SA5,0
D,DISPATCH,UNIT_SCADA,1,"2019/09/04 16:55:00",RT_SA6,0
D,DISPATCH,UNIT_SCADA,1,"2019/09/04 16:55:00",RT_TAS1,0
D,DISPATCH,UNIT_SCADA,1,"2019/09/04 16:55:00",RT_VIC1,0
D,DISPATCH,UNIT_SCADA,1,"2019/09/04 16:55:00",RT_VIC10,0
D,DISPATCH,UNIT_SCADA,1,"2019/09/04 16:55:00",RT_VIC11,0
D,DISPATCH,UNIT_SCADA,1,"2019/09/04 16:55:00",RT_VIC12,0
D,DISPATCH,UNIT_SCADA,1,"2019/09/04 16:55:00",RT_VIC2,0
D,DISPATCH,UNIT_SCADA,1,"2019/09/04 16:55:00",RT_VIC3,0
D,DISPATCH,UNIT_SCADA,1,"2019/09/04 16:55:00",RT_VIC4,0
D,DISPATCH,UNIT_SCADA,1,"2019/09/04 16:55:00",RT_VIC5,0
D,DISPATCH,UNIT_SCADA,1,"2019/09/04 16:55:00",RT_VIC6,0
D,DISPATCH,UNIT_SCADA,1,"2019/09/04 16:55:00",RT_VIC7,0
D,DISPATCH,UNIT_SCADA,1,"2019/09/04 16:55:00",RT_VIC8,0
D,DISPATCH,UNIT_SCADA,1,"2019/09/04 16:55:00",RT_VIC9,0
D,DISPATCH,UNIT_SCADA,1,"2019/09/04 16:55:00",RUGBYR1,40.091650
D,DISPATCH,UNIT_SCADA,1,"2019/09/04 16:55:00",SALTCRK1,4.03
D,DISPATCH,UNIT_SCADA,1,"2019/09/04 16:55:00",SAPHWF1,167.859380
D,DISPATCH,UNIT_SCADA,1,"2019/09/04 16:55:00",SHGEN,0
D,DISPATCH,UNIT_SCADA,1,"2019/09/04 16:55:00",SHPUMP,0
D,DISPATCH,UNIT_SCADA,1,"2019/09/04 16:55:00",SITHE01,0.173950
D,DISPATCH,UNIT_SCADA,1,"2019/09/04 16:55:00",SMCSF1,26.941420
D,DISPATCH,UNIT_SCADA,1,"2019/09/04 16:55:00",SNOWNTH1,0.20
D,DISPATCH,UNIT_SCADA,1,"2019/09/04 16:55:00",SNOWSTH1,2.90
D,DISPATCH,UNIT_SCADA,1,"2019/09/04 16:55:00",SNOWTWN1,-0.569580
D,DISPATCH,UNIT_SCADA,1,"2019/09/04 16:55:00",SNOWYP,0
D,DISPATCH,UNIT_SCADA,1,"2019/09/04 16:55:00",SNUG1,0.019440
D,DISPATCH,UNIT_SCADA,1,"2019/09/04 16:55:00",SRSF1,14.80
D,DISPATCH,UNIT_SCADA,1,"2019/09/04 16:55:00",STAN-1,215.198040
D,DISPATCH,UNIT_SCADA,1,"2019/09/04 16:55:00",STAN-2,320.906430
D,DISPATCH,UNIT_SCADA,1,"2019/09/04 16:55:00",STAN-3,321.829320
D,DISPATCH,UNIT_SCADA,1,"2019/09/04 16:55:00",STAN-4,313.369570
D,DISPATCH,UNIT_SCADA,1,"2019/09/04 16:55:00",STWF1,28.878750
D,DISPATCH,UNIT_SCADA,1,"2019/09/04 16:55:00",SWAN_E,0
D,DISPATCH,UNIT_SCADA,1,"2019/09/04 16:55:00",TALWA1,413
D,DISPATCH,UNIT_SCADA,1,"2019/09/04 16:55:00",TARALGA1,91.998730
D,DISPATCH,UNIT_SCADA,1,"2019/09/04 16:55:00",TARONG#1,343.700010
D,DISPATCH,UNIT_SCADA,1,"2019/09/04 16:55:00",TARONG#2,0
D,DISPATCH,UNIT_SCADA,1,"2019/09/04 16:55:00",TARONG#3,349.899990
D,DISPATCH,UNIT_SCADA,1,"2019/09/04 16:55:00",TARONG#4,349.100010
D,DISPATCH,UNIT_SCADA,1,"2019/09/04 16:55:00",TARRALEA,72.90
D,DISPATCH,UNIT_SCADA,1,"2019/09/04 16:55:00",TBSF1,2.60
D,DISPATCH,UNIT_SCADA,1,"2019/09/04 16:55:00",TNPS1,380.200010
D,DISPATCH,UNIT_SCADA,1,"2019/09/04 16:55:00",TORRA1,114.591910
D,DISPATCH,UNIT_SCADA,1,"2019/09/04 16:55:00",TORRA2,0
D,DISPATCH,UNIT_SCADA,1,"2019/09/04 16:55:00",TORRA3,0
D,DISPATCH,UNIT_SCADA,1,"2019/09/04 16:55:00",TORRA4,103.233990
D,DISPATCH,UNIT_SCADA,1,"2019/09/04 16:55:00",TORRB1,188.37
D,DISPATCH,UNIT_SCADA,1,"2019/09/04 16:55:00",TORRB2,187.679990
D,DISPATCH,UNIT_SCADA,1,"2019/09/04 16:55:00",TORRB3,188.850010
D,DISPATCH,UNIT_SCADA,1,"2019/09/04 16:55:00",TORRB4,0
D,DISPATCH,UNIT_SCADA,1,"2019/09/04 16:55:00",TREVALLN,43.670010
D,DISPATCH,UNIT_SCADA,1,"2019/09/04 16:55:00",TRIBUTE,0
D,DISPATCH,UNIT_SCADA,1,"2019/09/04 16:55:00",TUMUT3,0
D,DISPATCH,UNIT_SCADA,1,"2019/09/04 16:55:00",TUNGATIN,40.10
D,DISPATCH,UNIT_SCADA,1,"2019/09/04 16:55:00",TVCC201,0
D,DISPATCH,UNIT_SCADA,1,"2019/09/04 16:55:00",TVPP104,0
D,DISPATCH,UNIT_SCADA,1,"2019/09/04 16:55:00",UPPTUMUT,418.340730
D,DISPATCH,UNIT_SCADA,1,"2019/09/04 16:55:00",URANQ11,-4.1375
D,DISPATCH,UNIT_SCADA,1,"2019/09/04 16:55:00",URANQ12,0
D,DISPATCH,UNIT_SCADA,1,"2019/09/04 16:55:00",URANQ13,159.674990
D,DISPATCH,UNIT_SCADA,1,"2019/09/04 16:55:00",URANQ14,0
D,DISPATCH,UNIT_SCADA,1,"2019/09/04 16:55:00",VP5,616.50
D,DISPATCH,UNIT_SCADA,1,"2019/09/04 16:55:00",VP6,0
D,DISPATCH,UNIT_SCADA,1,"2019/09/04 16:55:00",VPGS1,0
D,DISPATCH,UNIT_SCADA,1,"2019/09/04 16:55:00",VPGS2,0
D,DISPATCH,UNIT_SCADA,1,"2019/09/04 16:55:00",VPGS3,0
D,DISPATCH,UNIT_SCADA,1,"2019/09/04 16:55:00",VPGS4,0
D,DISPATCH,UNIT_SCADA,1,"2019/09/04 16:55:00",VPGS5,0
D,DISPATCH,UNIT_SCADA,1,"2019/09/04 16:55:00",VPGS6,0
D,DISPATCH,UNIT_SCADA,1,"2019/09/04 16:55:00",W/HOE#1,0
D,DISPATCH,UNIT_SCADA,1,"2019/09/04 16:55:00",W/HOE#2,0
D,DISPATCH,UNIT_SCADA,1,"2019/09/04 16:55:00",WATERLWF,4.20
D,DISPATCH,UNIT_SCADA,1,"2019/09/04 16:55:00",WEMENSF1,23.20
D,DISPATCH,UNIT_SCADA,1,"2019/09/04 16:55:00",WGWF1,4.20
D,DISPATCH,UNIT_SCADA,1,"2019/09/04 16:55:00",WHITSF1,25.90
D,DISPATCH,UNIT_SCADA,1,"2019/09/04 16:55:00",WKIEWA1,12.90
D,DISPATCH,UNIT_SCADA,1,"2019/09/04 16:55:00",WKIEWA2,0.10
D,DISPATCH,UNIT_SCADA,1,"2019/09/04 16:55:00",WOODLWN1,38.610020
D,DISPATCH,UNIT_SCADA,1,"2019/09/04 16:55:00",WRSF1,3.15
D,DISPATCH,UNIT_SCADA,1,"2019/09/04 16:55:00",WRWF1,119.316260
D,DISPATCH,UNIT_SCADA,1,"2019/09/04 16:55:00",YABULU,84.690010
D,DISPATCH,UNIT_SCADA,1,"2019/09/04 16:55:00",YABULU2,0
D,DISPATCH,UNIT_SCADA,1,"2019/09/04 16:55:00",YARWUN_1,140.66
D,DISPATCH,UNIT_SCADA,1,"2019/09/04 16:55:00",YENDWF1,15.16
D,DISPATCH,UNIT_SCADA,1,"2019/09/04 16:55:00",YWPS1,381.954440
D,DISPATCH,UNIT_SCADA,1,"2019/09/04 16:55:00",YWPS2,281.701260
D,DISPATCH,UNIT_SCADA,1,"2019/09/04 16:55:00",YWPS3,359.388610
D,DISPATCH,UNIT_SCADA,1,"2019/09/04 16:55:00",YWPS4,387.334170
C,"END OF REPORT",335
