C,NEMP.WORLD,DISPATCHSCADA,AEMO,PUBLIC,2019/08/19,20:00:07,0000000311758871,DISPATCHSCADA,0000000311758865
I,DISPATCH,UNIT_SCADA,1,SETTLEMENTDATE,DUID,SCADAVALUE
D,DISPATCH,UNIT_SCADA,1,"2019/08/19 20:05:00",BARCSF1,1.10
D,DISPATCH,UNIT_SCADA,1,"2019/08/19 20:05:00",BUTLERSG,9.699999
D,DISPATCH,UNIT_SCADA,1,"2019/08/19 20:05:00",CALL_A_4,0
D,DISPATCH,UNIT_SCADA,1,"2019/08/19 20:05:00",CAPTL_WF,129.959991
D,DISPATCH,UNIT_SCADA,1,"2019/08/19 20:05:00",CATHROCK,38.179996
D,DISPATCH,UNIT_SCADA,1,"2019/08/19 20:05:00",CHALLHWF,12.90
D,DISPATCH,UNIT_SCADA,1,"2019/08/19 20:05:00",CLOVER,-0.01
D,DISPATCH,UNIT_SCADA,1,"2019/08/19 20:05:00",CLUNY,12.053559
D,DISPATCH,UNIT_SCADA,1,"2019/08/19 20:05:00",CNUNDAWF,34.740528
D,DISPATCH,UNIT_SCADA,1,"2019/08/19 20:05:00",CULLRGWF,27.85
D,DISPATCH,UNIT_SCADA,1,"2019/08/19 20:05:00",ERGT01,0
D,DISPATCH,UNIT_SCADA,1,"2019/08/19 20:05:00",GB01,0.065773
D,DISPATCH,UNIT_SCADA,1,"2019/08/19 20:05:00",GERMCRK,37.599998
D,DISPATCH,UNIT_SCADA,1,"2019/08/19 20:05:00",GRIFSF1,0
D,DISPATCH,UNIT_SCADA,1,"2019/08/19 20:05:00",HUGSF1,-0.1880
D,DISPATCH,UNIT_SCADA,1,"2019/08/19 20:05:00",LKBONNY1,49.388077
D,DISPATCH,UNIT_SCADA,1,"2019/08/19 20:05:00",LRSF1,0.0240
D,DISPATCH,UNIT_SCADA,1,"2019/08/19 20:05:00",MBAHNTH,58.031250
D,DISPATCH,UNIT_SCADA,1,"2019/08/19 20:05:00",MLSP1,0.304001
D,DISPATCH,UNIT_SCADA,1,"2019/08/19 20:05:00",MLWF1,9.809999
D,DISPATCH,UNIT_SCADA,1,"2019/08/19 20:05:00",MTMILLAR,4.315960
D,DISPATCH,UNIT_SCADA,1,"2019/08/19 20:05:00",PALOONA,12.79
D,DISPATCH,UNIT_SCADA,1,"2019/08/19 20:05:00",PIONEER,40.299999
D,DISPATCH,UNIT_SCADA,1,"2019/08/19 20:05:00",PORTWF,134.399994
D,DISPATCH,UNIT_SCADA,1,"2019/08/19 20:05:00",REPULSE,28.917067
D,DISPATCH,UNIT_SCADA,1,"2019/08/19 20:05:00",ROWALLAN,9.876101
D,DISPATCH,UNIT_SCADA,1,"2019/08/19 20:05:00",ROYALLA1,0
D,DISPATCH,UNIT_SCADA,1,"2019/08/19 20:05:00",RPCG,-2.10
D,DISPATCH,UNIT_SCADA,1,"2019/08/19 20:05:00",RUBICON,0
D,DISPATCH,UNIT_SCADA,1,"2019/08/19 20:05:00",SATGN1,0
D,DISPATCH,UNIT_SCADA,1,"2019/08/19 20:05:00",SATGS1,0
D,DISPATCH,UNIT_SCADA,1,"2019/08/19 20:05:00",STARHLWF,10.396968
D,DISPATCH,UNIT_SCADA,1,"2019/08/19 20:05:00",WAUBRAWF,101.207001
D,DISPATCH,UNIT_SCADA,1,"2019/08/19 20:05:00",WOOLNTH1,126.630020
D,DISPATCH,UNIT_SCADA,1,"2019/08/19 20:05:00",WPWF,7
D,DISPATCH,UNIT_SCADA,1,"2019/08/19 20:05:00",YAMBUKWF,14.30
D,DISPATCH,UNIT_SCADA,1,"2019/08/19 20:05:00",YSWF1,25.60
D,DISPATCH,UNIT_SCADA,1,"2019/08/19 20:05:00",AGLHAL,0
D,DISPATCH,UNIT_SCADA,1,"2019/08/19 20:05:00",AGLSOM,39.80
D,DISPATCH,UNIT_SCADA,1,"2019/08/19 20:05:00",ANGAST1,0
D,DISPATCH,UNIT_SCADA,1,"2019/08/19 20:05:00",ARWF1,13.90
D,DISPATCH,UNIT_SCADA,1,"2019/08/19 20:05:00",BALBG1,0
D,DISPATCH,UNIT_SCADA,1,"2019/08/19 20:05:00",BALBL1,22.39
D,DISPATCH,UNIT_SCADA,1,"2019/08/19 20:05:00",BALDHWF1,102.9950
D,DISPATCH,UNIT_SCADA,1,"2019/08/19 20:05:00",BANN1,0
D,DISPATCH,UNIT_SCADA,1,"2019/08/19 20:05:00",BARCALDN,0
D,DISPATCH,UNIT_SCADA,1,"2019/08/19 20:05:00",BARRON-1,0
D,DISPATCH,UNIT_SCADA,1,"2019/08/19 20:05:00",BARRON-2,28.04
D,DISPATCH,UNIT_SCADA,1,"2019/08/19 20:05:00",BASTYAN,76.70
D,DISPATCH,UNIT_SCADA,1,"2019/08/19 20:05:00",BBTHREE1,0
D,DISPATCH,UNIT_SCADA,1,"2019/08/19 20:05:00",BBTHREE2,0
D,DISPATCH,UNIT_SCADA,1,"2019/08/19 20:05:00",BBTHREE3,0
D,DISPATCH,UNIT_SCADA,1,"2019/08/19 20:05:00",BDL01,42.96
D,DISPATCH,UNIT_SCADA,1,"2019/08/19 20:05:00",BDL02,44.70
D,DISPATCH,UNIT_SCADA,1,"2019/08/19 20:05:00",BERYLSF1,0
D,DISPATCH,UNIT_SCADA,1,"2019/08/19 20:05:00",BLOWERNG,0
D,DISPATCH,UNIT_SCADA,1,"2019/08/19 20:05:00",BLUFF1,14.70
D,DISPATCH,UNIT_SCADA,1,"2019/08/19 20:05:00",BNGSF1,0
D,DISPATCH,UNIT_SCADA,1,"2019/08/19 20:05:00",BNGSF2,0
D,DISPATCH,UNIT_SCADA,1,"2019/08/19 20:05:00",BOCORWF1,107.75
D,DISPATCH,UNIT_SCADA,1,"2019/08/19 20:05:00",BODWF1,55.570760
D,DISPATCH,UNIT_SCADA,1,"2019/08/19 20:05:00",BRAEMAR1,0
D,DISPATCH,UNIT_SCADA,1,"2019/08/19 20:05:00",BRAEMAR2,139.200010
D,DISPATCH,UNIT_SCADA,1,"2019/08/19 20:05:00",BRAEMAR3,0
D,DISPATCH,UNIT_SCADA,1,"2019/08/19 20:05:00",BRAEMAR5,130.167680
D,DISPATCH,UNIT_SCADA,1,"2019/08/19 20:05:00",BRAEMAR6,0
D,DISPATCH,UNIT_SCADA,1,"2019/08/19 20:05:00",BRAEMAR7,130.560440
D,DISPATCH,UNIT_SCADA,1,"2019/08/19 20:05:00",BROKENH1,0
D,DISPATCH,UNIT_SCADA,1,"2019/08/19 20:05:00",BW01,661.050050
D,DISPATCH,UNIT_SCADA,1,"2019/08/19 20:05:00",BW02,666.950070
D,DISPATCH,UNIT_SCADA,1,"2019/08/19 20:05:00",BW03,646.9751
D,DISPATCH,UNIT_SCADA,1,"2019/08/19 20:05:00",BW04,0
D,DISPATCH,UNIT_SCADA,1,"2019/08/19 20:05:00",CALL_B_1,339.800020
D,DISPATCH,UNIT_SCADA,1,"2019/08/19 20:05:00",CALL_B_2,280.100010
D,DISPATCH,UNIT_SCADA,1,"2019/08/19 20:05:00",CETHANA,60.1040
D,DISPATCH,UNIT_SCADA,1,"2019/08/19 20:05:00",CG1,0
D,DISPATCH,UNIT_SCADA,1,"2019/08/19 20:05:00",CG2,0
D,DISPATCH,UNIT_SCADA,1,"2019/08/19 20:05:00",CG3,0
D,DISPATCH,UNIT_SCADA,1,"2019/08/19 20:05:00",CG4,0
D,DISPATCH,UNIT_SCADA,1,"2019/08/19 20:05:00",CHILDSF1,0
D,DISPATCH,UNIT_SCADA,1,"2019/08/19 20:05:00",CLARESF1,0
D,DISPATCH,UNIT_SCADA,1,"2019/08/19 20:05:00",CLEMGPWF,7.059430
D,DISPATCH,UNIT_SCADA,1,"2019/08/19 20:05:00",CLERMSF1,0
D,DISPATCH,UNIT_SCADA,1,"2019/08/19 20:05:00",COLEASF1,0
D,DISPATCH,UNIT_SCADA,1,"2019/08/19 20:05:00",COOPGWF1,32.430190
D,DISPATCH,UNIT_SCADA,1,"2019/08/19 20:05:00",CPP_3,405.350010
D,DISPATCH,UNIT_SCADA,1,"2019/08/19 20:05:00",CPP_4,405.899990
D,DISPATCH,UNIT_SCADA,1,"2019/08/19 20:05:00",CPSA,142.218140
D,DISPATCH,UNIT_SCADA,1,"2019/08/19 20:05:00",CROOKWF2,80.353750
D,DISPATCH,UNIT_SCADA,1,"2019/08/19 20:05:00",CROWLWF1,28.884990
D,DISPATCH,UNIT_SCADA,1,"2019/08/19 20:05:00",CSPVPS1,0
D,DISPATCH,UNIT_SCADA,1,"2019/08/19 20:05:00",DALNTH01,0
D,DISPATCH,UNIT_SCADA,1,"2019/08/19 20:05:00",DALNTHL1,0.071720
D,DISPATCH,UNIT_SCADA,1,"2019/08/19 20:05:00",DARTM1,134.600010
D,DISPATCH,UNIT_SCADA,1,"2019/08/19 20:05:00",DAYDSF1,0
D,DISPATCH,UNIT_SCADA,1,"2019/08/19 20:05:00",DDPS1,591.670410
D,DISPATCH,UNIT_SCADA,1,"2019/08/19 20:05:00",DDSF1,0
D,DISPATCH,UNIT_SCADA,1,"2019/08/19 20:05:00",DEVILS_G,60.272830
D,DISPATCH,UNIT_SCADA,1,"2019/08/19 20:05:00",DG_NSW1,0
D,DISPATCH,UNIT_SCADA,1,"2019/08/19 20:05:00",DG_QLD1,0
D,DISPATCH,UNIT_SCADA,1,"2019/08/19 20:05:00",DG_SA1,0
D,DISPATCH,UNIT_SCADA,1,"2019/08/19 20:05:00",DG_TAS1,0
D,DISPATCH,UNIT_SCADA,1,"2019/08/19 20:05:00",DG_VIC1,0
D,DISPATCH,UNIT_SCADA,1,"2019/08/19 20:05:00",DRYCGT1,0
D,DISPATCH,UNIT_SCADA,1,"2019/08/19 20:05:00",DRYCGT2,0
D,DISPATCH,UNIT_SCADA,1,"2019/08/19 20:05:00",DRYCGT3,0
D,DISPATCH,UNIT_SCADA,1,"2019/08/19 20:05:00",EILDON1,0
D,DISPATCH,UNIT_SCADA,1,"2019/08/19 20:05:00",EILDON2,37.16
D,DISPATCH,UNIT_SCADA,1,"2019/08/19 20:05:00",EMERASF1,0
D,DISPATCH,UNIT_SCADA,1,"2019/08/19 20:05:00",ER01,593.574950
D,DISPATCH,UNIT_SCADA,1,"2019/08/19 20:05:00",ER02,696.25
D,DISPATCH,UNIT_SCADA,1,"2019/08/19 20:05:00",ER03,694.200070
D,DISPATCH,UNIT_SCADA,1,"2019/08/19 20:05:00",ER04,694.349980
D,DISPATCH,UNIT_SCADA,1,"2019/08/19 20:05:00",FINLYSF1,0
D,DISPATCH,UNIT_SCADA,1,"2019/08/19 20:05:00",FISHER,45.91
D,DISPATCH,UNIT_SCADA,1,"2019/08/19 20:05:00",GANNBG1,0
D,DISPATCH,UNIT_SCADA,1,"2019/08/19 20:05:00",GANNBL1,5.4259
D,DISPATCH,UNIT_SCADA,1,"2019/08/19 20:05:00",GANNSF1,0
D,DISPATCH,UNIT_SCADA,1,"2019/08/19 20:05:00",GORDON,109.765040
D,DISPATCH,UNIT_SCADA,1,"2019/08/19 20:05:00",GSTONE1,200.55
D,DISPATCH,UNIT_SCADA,1,"2019/08/19 20:05:00",GSTONE2,219.80
D,DISPATCH,UNIT_SCADA,1,"2019/08/19 20:05:00",GSTONE3,220.6750
D,DISPATCH,UNIT_SCADA,1,"2019/08/19 20:05:00",GSTONE4,219.45
D,DISPATCH,UNIT_SCADA,1,"2019/08/19 20:05:00",GSTONE5,220.6750
D,DISPATCH,UNIT_SCADA,1,"2019/08/19 20:05:00",GSTONE6,0
D,DISPATCH,UNIT_SCADA,1,"2019/08/19 20:05:00",GULLRSF1,0
D,DISPATCH,UNIT_SCADA,1,"2019/08/19 20:05:00",GULLRWF1,117.039580
D,DISPATCH,UNIT_SCADA,1,"2019/08/19 20:05:00",GUNNING1,25.655570
D,DISPATCH,UNIT_SCADA,1,"2019/08/19 20:05:00",GUTHEGA,0
D,DISPATCH,UNIT_SCADA,1,"2019/08/19 20:05:00",HALLWF1,46.58
D,DISPATCH,UNIT_SCADA,1,"2019/08/19 20:05:00",HALLWF2,19.83
D,DISPATCH,UNIT_SCADA,1,"2019/08/19 20:05:00",HAMISF1,0
D,DISPATCH,UNIT_SCADA,1,"2019/08/19 20:05:00",HAUGHT11,0
D,DISPATCH,UNIT_SCADA,1,"2019/08/19 20:05:00",HAYMSF1,0
D,DISPATCH,UNIT_SCADA,1,"2019/08/19 20:05:00",HDWF1,32.70
D,DISPATCH,UNIT_SCADA,1,"2019/08/19 20:05:00",HDWF2,25.60
D,DISPATCH,UNIT_SCADA,1,"2019/08/19 20:05:00",HDWF3,29.50
D,DISPATCH,UNIT_SCADA,1,"2019/08/19 20:05:00",HPRG1,3.60
D,DISPATCH,UNIT_SCADA,1,"2019/08/19 20:05:00",HPRL1,0
D,DISPATCH,UNIT_SCADA,1,"2019/08/19 20:05:00",HUMENSW,0
D,DISPATCH,UNIT_SCADA,1,"2019/08/19 20:05:00",HUMEV,8.90
D,DISPATCH,UNIT_SCADA,1,"2019/08/19 20:05:00",HVGTS,0
D,DISPATCH,UNIT_SCADA,1,"2019/08/19 20:05:00",JBUTTERS,139.16
D,DISPATCH,UNIT_SCADA,1,"2019/08/19 20:05:00",JLA01,0.50
D,DISPATCH,UNIT_SCADA,1,"2019/08/19 20:05:00",JLA02,54.20
D,DISPATCH,UNIT_SCADA,1,"2019/08/19 20:05:00",JLA03,0.10
D,DISPATCH,UNIT_SCADA,1,"2019/08/19 20:05:00",JLA04,0.10
D,DISPATCH,UNIT_SCADA,1,"2019/08/19 20:05:00",JLB01,0
D,DISPATCH,UNIT_SCADA,1,"2019/08/19 20:05:00",JLB02,83.80
D,DISPATCH,UNIT_SCADA,1,"2019/08/19 20:05:00",JLB03,83.60
D,DISPATCH,UNIT_SCADA,1,"2019/08/19 20:05:00",KAREEYA1,21.5475
D,DISPATCH,UNIT_SCADA,1,"2019/08/19 20:05:00",KAREEYA2,21.6475
D,DISPATCH,UNIT_SCADA,1,"2019/08/19 20:05:00",KAREEYA3,0
D,DISPATCH,UNIT_SCADA,1,"2019/08/19 20:05:00",KAREEYA4,21.53
D,DISPATCH,UNIT_SCADA,1,"2019/08/19 20:05:00",KARSF1,0
D,DISPATCH,UNIT_SCADA,1,"2019/08/19 20:05:00",KIATAWF1,22.90
D,DISPATCH,UNIT_SCADA,1,"2019/08/19 20:05:00",KPP_1,0
D,DISPATCH,UNIT_SCADA,1,"2019/08/19 20:05:00",KSP1,0
D,DISPATCH,UNIT_SCADA,1,"2019/08/19 20:05:00",LADBROK1,43.15
D,DISPATCH,UNIT_SCADA,1,"2019/08/19 20:05:00",LADBROK2,43.34
D,DISPATCH,UNIT_SCADA,1,"2019/08/19 20:05:00",LD01,422.737520
D,DISPATCH,UNIT_SCADA,1,"2019/08/19 20:05:00",LD02,422.4375
D,DISPATCH,UNIT_SCADA,1,"2019/08/19 20:05:00",LD03,418.237520
D,DISPATCH,UNIT_SCADA,1,"2019/08/19 20:05:00",LD04,382.574980
D,DISPATCH,UNIT_SCADA,1,"2019/08/19 20:05:00",LEM_WIL,59.253050
D,DISPATCH,UNIT_SCADA,1,"2019/08/19 20:05:00",LGAPWF1,5.71
D,DISPATCH,UNIT_SCADA,1,"2019/08/19 20:05:00",LILYSF1,0
D,DISPATCH,UNIT_SCADA,1,"2019/08/19 20:05:00",LI_WY_CA,143.730220
D,DISPATCH,UNIT_SCADA,1,"2019/08/19 20:05:00",LKBONNY2,124.585390
D,DISPATCH,UNIT_SCADA,1,"2019/08/19 20:05:00",LKBONNY3,36.061020
D,DISPATCH,UNIT_SCADA,1,"2019/08/19 20:05:00",LK_ECHO,0
D,DISPATCH,UNIT_SCADA,1,"2019/08/19 20:05:00",LNGS1,0
D,DISPATCH,UNIT_SCADA,1,"2019/08/19 20:05:00",LNGS2,0
D,DISPATCH,UNIT_SCADA,1,"2019/08/19 20:05:00",LONSDALE,0
D,DISPATCH,UNIT_SCADA,1,"2019/08/19 20:05:00",LOYYB1,530.073430
D,DISPATCH,UNIT_SCADA,1,"2019/08/19 20:05:00",LOYYB2,581.202510
D,DISPATCH,UNIT_SCADA,1,"2019/08/19 20:05:00",LYA1,528
D,DISPATCH,UNIT_SCADA,1,"2019/08/19 20:05:00",LYA2,0
D,DISPATCH,UNIT_SCADA,1,"2019/08/19 20:05:00",LYA3,559
D,DISPATCH,UNIT_SCADA,1,"2019/08/19 20:05:00",LYA4,539
D,DISPATCH,UNIT_SCADA,1,"2019/08/19 20:05:00",MACARTH1,151.6965
D,DISPATCH,UNIT_SCADA,1,"2019/08/19 20:05:00",MACKAYGT,0
D,DISPATCH,UNIT_SCADA,1,"2019/08/19 20:05:00",MACKNTSH,85.23
D,DISPATCH,UNIT_SCADA,1,"2019/08/19 20:05:00",MANSLR1,0
D,DISPATCH,UNIT_SCADA,1,"2019/08/19 20:05:00",MCKAY1,0.02
D,DISPATCH,UNIT_SCADA,1,"2019/08/19 20:05:00",MEADOWBK,33.8673
D,DISPATCH,UNIT_SCADA,1,"2019/08/19 20:05:00",MERCER01,108.2710
D,DISPATCH,UNIT_SCADA,1,"2019/08/19 20:05:00",MEWF1,137.814010
D,DISPATCH,UNIT_SCADA,1,"2019/08/19 20:05:00",MINTARO,0
D,DISPATCH,UNIT_SCADA,1,"2019/08/19 20:05:00",MOREESF1,0
D,DISPATCH,UNIT_SCADA,1,"2019/08/19 20:05:00",MORTLK11,259
D,DISPATCH,UNIT_SCADA,1,"2019/08/19 20:05:00",MORTLK12,0
D,DISPATCH,UNIT_SCADA,1,"2019/08/19 20:05:00",MP1,344.299930
D,DISPATCH,UNIT_SCADA,1,"2019/08/19 20:05:00",MP2,0
D,DISPATCH,UNIT_SCADA,1,"2019/08/19 20:05:00",MPP_1,424.75
D,DISPATCH,UNIT_SCADA,1,"2019/08/19 20:05:00",MPP_2,434.75
D,DISPATCH,UNIT_SCADA,1,"2019/08/19 20:05:00",MSTUART1,0
D,DISPATCH,UNIT_SCADA,1,"2019/08/19 20:05:00",MSTUART2,0
D,DISPATCH,UNIT_SCADA,1,"2019/08/19 20:05:00",MSTUART3,0
D,DISPATCH,UNIT_SCADA,1,"2019/08/19 20:05:00",MTGELWF1,64.284190
D,DISPATCH,UNIT_SCADA,1,"2019/08/19 20:05:00",MURRAY,0
D,DISPATCH,UNIT_SCADA,1,"2019/08/19 20:05:00",MUSSELR1,162.899990
D,DISPATCH,UNIT_SCADA,1,"2019/08/19 20:05:00",MUWAWF1,55.15
D,DISPATCH,UNIT_SCADA,1,"2019/08/19 20:05:00",NBHWF1,56.60
D,DISPATCH,UNIT_SCADA,1,"2019/08/19 20:05:00",NPS,508.50
D,DISPATCH,UNIT_SCADA,1,"2019/08/19 20:05:00",NUMURSF1,0
D,DISPATCH,UNIT_SCADA,1,"2019/08/19 20:05:00",NYNGAN1,0
D,DISPATCH,UNIT_SCADA,1,"2019/08/19 20:05:00",OAKEY1,0
D,DISPATCH,UNIT_SCADA,1,"2019/08/19 20:05:00",OAKEY1SF,0.05
D,DISPATCH,UNIT_SCADA,1,"2019/08/19 20:05:00",OAKEY2,0
D,DISPATCH,UNIT_SCADA,1,"2019/08/19 20:05:00",OAKLAND1,41.50
D,DISPATCH,UNIT_SCADA,1,"2019/08/19 20:05:00",OSB-AG,184.25
D,DISPATCH,UNIT_SCADA,1,"2019/08/19 20:05:00",PARSF1,0
D,DISPATCH,UNIT_SCADA,1,"2019/08/19 20:05:00",POAT110,23.2088
D,DISPATCH,UNIT_SCADA,1,"2019/08/19 20:05:00",POAT220,144.283450
D,DISPATCH,UNIT_SCADA,1,"2019/08/19 20:05:00",POR01,0
D,DISPATCH,UNIT_SCADA,1,"2019/08/19 20:05:00",POR03,0
D,DISPATCH,UNIT_SCADA,1,"2019/08/19 20:05:00",PPCCGT,498.366880
D,DISPATCH,UNIT_SCADA,1,"2019/08/19 20:05:00",PTSTAN1,0
D,DISPATCH,UNIT_SCADA,1,"2019/08/19 20:05:00",PUMP1,0
D,DISPATCH,UNIT_SCADA,1,"2019/08/19 20:05:00",PUMP2,0
D,DISPATCH,UNIT_SCADA,1,"2019/08/19 20:05:00",QPS1,29
D,DISPATCH,UNIT_SCADA,1,"2019/08/19 20:05:00",QPS2,0
D,DISPATCH,UNIT_SCADA,1,"2019/08/19 20:05:00",QPS3,24
D,DISPATCH,UNIT_SCADA,1,"2019/08/19 20:05:00",QPS4,24
D,DISPATCH,UNIT_SCADA,1,"2019/08/19 20:05:00",QPS5,0
D,DISPATCH,UNIT_SCADA,1,"2019/08/19 20:05:00",REECE1,114.350010
D,DISPATCH,UNIT_SCADA,1,"2019/08/19 20:05:00",REECE2,112.870010
D,DISPATCH,UNIT_SCADA,1,"2019/08/19 20:05:00",ROMA_7,0
D,DISPATCH,UNIT_SCADA,1,"2019/08/19 20:05:00",ROMA_8,0
D,DISPATCH,UNIT_SCADA,1,"2019/08/19 20:05:00",RRSF1,0
D,DISPATCH,UNIT_SCADA,1,"2019/08/19 20:05:00",RT_NSW1,0
D,DISPATCH,UNIT_SCADA,1,"2019/08/19 20:05:00",RT_NSW2,0
D,DISPATCH,UNIT_SCADA,1,"2019/08/19 20:05:00",RT_NSW3,0
D,DISPATCH,UNIT_SCADA,1,"2019/08/19 20:05:00",RT_NSW4,0
D,DISPATCH,UNIT_SCADA,1,"2019/08/19 20:05:00",RT_NSW5,0
D,DISPATCH,UNIT_SCADA,1,"2019/08/19 20:05:00",RT_NSW6,0
D,DISPATCH,UNIT_SCADA,1,"2019/08/19 20:05:00",RT_QLD1,0
D,DISPATCH,UNIT_SCADA,1,"2019/08/19 20:05:00",RT_SA1,0
D,DISPATCH,UNIT_SCADA,1,"2019/08/19 20:05:00",RT_SA2,0
D,DISPATCH,UNIT_SCADA,1,"2019/08/19 20:05:00",RT_SA3,0
D,DISPATCH,UNIT_SCADA,1,"2019/08/19 20:05:00",RT_SA4,0
D,DISPATCH,UNIT_SCADA,1,"2019/08/19 20:05:00",RT_SA5,0
D,DISPATCH,UNIT_SCADA,1,"2019/08/19 20:05:00",RT_SA6,0
D,DISPATCH,UNIT_SCADA,1,"2019/08/19 20:05:00",RT_TAS1,0
D,DISPATCH,UNIT_SCADA,1,"2019/08/19 20:05:00",RT_VIC1,0
D,DISPATCH,UNIT_SCADA,1,"2019/08/19 20:05:00",RT_VIC10,0
D,DISPATCH,UNIT_SCADA,1,"2019/08/19 20:05:00",RT_VIC11,0
D,DISPATCH,UNIT_SCADA,1,"2019/08/19 20:05:00",RT_VIC12,0
D,DISPATCH,UNIT_SCADA,1,"2019/08/19 20:05:00",RT_VIC2,0
D,DISPATCH,UNIT_SCADA,1,"2019/08/19 20:05:00",RT_VIC3,0
D,DISPATCH,UNIT_SCADA,1,"2019/08/19 20:05:00",RT_VIC4,0
D,DISPATCH,UNIT_SCADA,1,"2019/08/19 20:05:00",RT_VIC5,0
D,DISPATCH,UNIT_SCADA,1,"2019/08/19 20:05:00",RT_VIC6,0
D,DISPATCH,UNIT_SCADA,1,"2019/08/19 20:05:00",RT_VIC7,0
D,DISPATCH,UNIT_SCADA,1,"2019/08/19 20:05:00",RT_VIC8,0
D,DISPATCH,UNIT_SCADA,1,"2019/08/19 20:05:00",RT_VIC9,0
D,DISPATCH,UNIT_SCADA,1,"2019/08/19 20:05:00",RUGBYR1,0
D,DISPATCH,UNIT_SCADA,1,"2019/08/19 20:05:00",SALTCRK1,40.16
D,DISPATCH,UNIT_SCADA,1,"2019/08/19 20:05:00",SAPHWF1,234.1781
D,DISPATCH,UNIT_SCADA,1,"2019/08/19 20:05:00",SHGEN,201.597810
D,DISPATCH,UNIT_SCADA,1,"2019/08/19 20:05:00",SHPUMP,0
D,DISPATCH,UNIT_SCADA,1,"2019/08/19 20:05:00",SITHE01,0.043330
D,DISPATCH,UNIT_SCADA,1,"2019/08/19 20:05:00",SMCSF1,0
D,DISPATCH,UNIT_SCADA,1,"2019/08/19 20:05:00",SNOWNTH1,36.20
D,DISPATCH,UNIT_SCADA,1,"2019/08/19 20:05:00",SNOWSTH1,34.10
D,DISPATCH,UNIT_SCADA,1,"2019/08/19 20:05:00",SNOWTWN1,24.406320
D,DISPATCH,UNIT_SCADA,1,"2019/08/19 20:05:00",SNOWYP,0
D,DISPATCH,UNIT_SCADA,1,"2019/08/19 20:05:00",SNUG1,0.019440
D,DISPATCH,UNIT_SCADA,1,"2019/08/19 20:05:00",SRSF1,0.30
D,DISPATCH,UNIT_SCADA,1,"2019/08/19 20:05:00",STAN-1,0
D,DISPATCH,UNIT_SCADA,1,"2019/08/19 20:05:00",STAN-2,309.178160
D,DISPATCH,UNIT_SCADA,1,"2019/08/19 20:05:00",STAN-3,313.779750
D,DISPATCH,UNIT_SCADA,1,"2019/08/19 20:05:00",STAN-4,309.639590
D,DISPATCH,UNIT_SCADA,1,"2019/08/19 20:05:00",STWF1,24.952510
D,DISPATCH,UNIT_SCADA,1,"2019/08/19 20:05:00",SWAN_E,0
D,DISPATCH,UNIT_SCADA,1,"2019/08/19 20:05:00",TALWA1,423
D,DISPATCH,UNIT_SCADA,1,"2019/08/19 20:05:00",TARALGA1,93.296260
D,DISPATCH,UNIT_SCADA,1,"2019/08/19 20:05:00",TARONG#1,338.200010
D,DISPATCH,UNIT_SCADA,1,"2019/08/19 20:05:00",TARONG#2,337.399990
D,DISPATCH,UNIT_SCADA,1,"2019/08/19 20:05:00",TARONG#3,260.300020
D,DISPATCH,UNIT_SCADA,1,"2019/08/19 20:05:00",TARONG#4,344.300020
D,DISPATCH,UNIT_SCADA,1,"2019/08/19 20:05:00",TARRALEA,79
D,DISPATCH,UNIT_SCADA,1,"2019/08/19 20:05:00",TBSF1,-0.20
D,DISPATCH,UNIT_SCADA,1,"2019/08/19 20:05:00",TNPS1,442.000030
D,DISPATCH,UNIT_SCADA,1,"2019/08/19 20:05:00",TORRA1,96.333790
D,DISPATCH,UNIT_SCADA,1,"2019/08/19 20:05:00",TORRA2,0
D,DISPATCH,UNIT_SCADA,1,"2019/08/19 20:05:00",TORRA3,53.9282
D,DISPATCH,UNIT_SCADA,1,"2019/08/19 20:05:00",TORRA4,0
D,DISPATCH,UNIT_SCADA,1,"2019/08/19 20:05:00",TORRB1,111.91
D,DISPATCH,UNIT_SCADA,1,"2019/08/19 20:05:00",TORRB2,191.34
D,DISPATCH,UNIT_SCADA,1,"2019/08/19 20:05:00",TORRB3,0
D,DISPATCH,UNIT_SCADA,1,"2019/08/19 20:05:00",TORRB4,0
D,DISPATCH,UNIT_SCADA,1,"2019/08/19 20:05:00",TREVALLN,40.130020
D,DISPATCH,UNIT_SCADA,1,"2019/08/19 20:05:00",TRIBUTE,85
D,DISPATCH,UNIT_SCADA,1,"2019/08/19 20:05:00",TUMUT3,670.510010
D,DISPATCH,UNIT_SCADA,1,"2019/08/19 20:05:00",TUNGATIN,120.370030
D,DISPATCH,UNIT_SCADA,1,"2019/08/19 20:05:00",TVCC201,0
D,DISPATCH,UNIT_SCADA,1,"2019/08/19 20:05:00",TVPP104,57.885170
D,DISPATCH,UNIT_SCADA,1,"2019/08/19 20:05:00",UPPTUMUT,154.776990
D,DISPATCH,UNIT_SCADA,1,"2019/08/19 20:05:00",URANQ11,0
D,DISPATCH,UNIT_SCADA,1,"2019/08/19 20:05:00",URANQ12,0
D,DISPATCH,UNIT_SCADA,1,"2019/08/19 20:05:00",URANQ13,0
D,DISPATCH,UNIT_SCADA,1,"2019/08/19 20:05:00",URANQ14,0
D,DISPATCH,UNIT_SCADA,1,"2019/08/19 20:05:00",VP5,635.700010
D,DISPATCH,UNIT_SCADA,1,"2019/08/19 20:05:00",VP6,629.274960
D,DISPATCH,UNIT_SCADA,1,"2019/08/19 20:05:00",VPGS1,0
D,DISPATCH,UNIT_SCADA,1,"2019/08/19 20:05:00",VPGS2,0
D,DISPATCH,UNIT_SCADA,1,"2019/08/19 20:05:00",VPGS3,0
D,DISPATCH,UNIT_SCADA,1,"2019/08/19 20:05:00",VPGS4,0
D,DISPATCH,UNIT_SCADA,1,"2019/08/19 20:05:00",VPGS5,0
D,DISPATCH,UNIT_SCADA,1,"2019/08/19 20:05:00",VPGS6,0
D,DISPATCH,UNIT_SCADA,1,"2019/08/19 20:05:00",W/HOE#1,202.989990
D,DISPATCH,UNIT_SCADA,1,"2019/08/19 20:05:00",W/HOE#2,0
D,DISPATCH,UNIT_SCADA,1,"2019/08/19 20:05:00",WATERLWF,46.60
D,DISPATCH,UNIT_SCADA,1,"2019/08/19 20:05:00",WEMENSF1,0
D,DISPATCH,UNIT_SCADA,1,"2019/08/19 20:05:00",WGWF1,34.90
D,DISPATCH,UNIT_SCADA,1,"2019/08/19 20:05:00",WHITSF1,0
D,DISPATCH,UNIT_SCADA,1,"2019/08/19 20:05:00",WKIEWA1,17.20
D,DISPATCH,UNIT_SCADA,1,"2019/08/19 20:05:00",WKIEWA2,17.40
D,DISPATCH,UNIT_SCADA,1,"2019/08/19 20:05:00",WOODLWN1,45.126010
D,DISPATCH,UNIT_SCADA,1,"2019/08/19 20:05:00",WRSF1,0
D,DISPATCH,UNIT_SCADA,1,"2019/08/19 20:05:00",WRWF1,155.773740
D,DISPATCH,UNIT_SCADA,1,"2019/08/19 20:05:00",YABULU,0
D,DISPATCH,UNIT_SCADA,1,"2019/08/19 20:05:00",YABULU2,0
D,DISPATCH,UNIT_SCADA,1,"2019/08/19 20:05:00",YARWUN_1,0
D,DISPATCH,UNIT_SCADA,1,"2019/08/19 20:05:00",YENDWF1,41.99
D,DISPATCH,UNIT_SCADA,1,"2019/08/19 20:05:00",YWPS1,381.453160
D,DISPATCH,UNIT_SCADA,1,"2019/08/19 20:05:00",YWPS2,283.706330
D,DISPATCH,UNIT_SCADA,1,"2019/08/19 20:05:00",YWPS3,0
D,DISPATCH,UNIT_SCADA,1,"2019/08/19 20:05:00",YWPS4,402.012660
C,"END OF REPORT",334
