C,NEMP.WORLD,DISPATCHSCADA,AEMO,PUBLIC,2019/09/05,12:25:08,0000000312421897,DISPATCHSCADA,0000000312421891
I,DISPATCH,UNIT_SCADA,1,SETTLEMENTDATE,DUID,SCADAVALUE
D,DISPATCH,UNIT_SCADA,1,"2019/09/05 12:30:00",BARCSF1,0.30
D,DISPATCH,UNIT_SCADA,1,"2019/09/05 12:30:00",BUTLERSG,10.199999
D,DISPATCH,UNIT_SCADA,1,"2019/09/05 12:30:00",CALL_A_4,0
D,DISPATCH,UNIT_SCADA,1,"2019/09/05 12:30:00",CAPTL_WF,0
D,DISPATCH,UNIT_SCADA,1,"2019/09/05 12:30:00",CATHROCK,24.589998
D,DISPATCH,UNIT_SCADA,1,"2019/09/05 12:30:00",CHALLHWF,12.40
D,DISPATCH,UNIT_SCADA,1,"2019/09/05 12:30:00",CLOVER,0
D,DISPATCH,UNIT_SCADA,1,"2019/09/05 12:30:00",CLUNY,18.087893
D,DISPATCH,UNIT_SCADA,1,"2019/09/05 12:30:00",CNUNDAWF,19.022190
D,DISPATCH,UNIT_SCADA,1,"2019/09/05 12:30:00",CULLRGWF,0.66
D,DISPATCH,UNIT_SCADA,1,"2019/09/05 12:30:00",ERGT01,0
D,DISPATCH,UNIT_SCADA,1,"2019/09/05 12:30:00",GB01,-0.001175
D,DISPATCH,UNIT_SCADA,1,"2019/09/05 12:30:00",GERMCRK,33.200001
D,DISPATCH,UNIT_SCADA,1,"2019/09/05 12:30:00",GRIFSF1,24.199997
D,DISPATCH,UNIT_SCADA,1,"2019/09/05 12:30:00",HUGSF1,0.03
D,DISPATCH,UNIT_SCADA,1,"2019/09/05 12:30:00",LKBONNY1,32.4193
D,DISPATCH,UNIT_SCADA,1,"2019/09/05 12:30:00",LRSF1,12.9320
D,DISPATCH,UNIT_SCADA,1,"2019/09/05 12:30:00",MBAHNTH,41.718750
D,DISPATCH,UNIT_SCADA,1,"2019/09/05 12:30:00",MLSP1,7.521001
D,DISPATCH,UNIT_SCADA,1,"2019/09/05 12:30:00",MLWF1,2.34
D,DISPATCH,UNIT_SCADA,1,"2019/09/05 12:30:00",MTMILLAR,28.038862
D,DISPATCH,UNIT_SCADA,1,"2019/09/05 12:30:00",PALOONA,25.439999
D,DISPATCH,UNIT_SCADA,1,"2019/09/05 12:30:00",PIONEER,14.60
D,DISPATCH,UNIT_SCADA,1,"2019/09/05 12:30:00",PORTWF,41.799999
D,DISPATCH,UNIT_SCADA,1,"2019/09/05 12:30:00",REPULSE,28.593576
D,DISPATCH,UNIT_SCADA,1,"2019/09/05 12:30:00",ROWALLAN,10.1743
D,DISPATCH,UNIT_SCADA,1,"2019/09/05 12:30:00",ROYALLA1,10.163001
D,DISPATCH,UNIT_SCADA,1,"2019/09/05 12:30:00",RPCG,10.50
D,DISPATCH,UNIT_SCADA,1,"2019/09/05 12:30:00",RUBICON,0
D,DISPATCH,UNIT_SCADA,1,"2019/09/05 12:30:00",SATGN1,0
D,DISPATCH,UNIT_SCADA,1,"2019/09/05 12:30:00",SATGS1,0
D,DISPATCH,UNIT_SCADA,1,"2019/09/05 12:30:00",STARHLWF,13.496064
D,DISPATCH,UNIT_SCADA,1,"2019/09/05 12:30:00",WAUBRAWF,49.301998
D,DISPATCH,UNIT_SCADA,1,"2019/09/05 12:30:00",WOOLNTH1,2.940015
D,DISPATCH,UNIT_SCADA,1,"2019/09/05 12:30:00",WPWF,73
D,DISPATCH,UNIT_SCADA,1,"2019/09/05 12:30:00",YAMBUKWF,2
D,DISPATCH,UNIT_SCADA,1,"2019/09/05 12:30:00",YSWF1,0.30
D,DISPATCH,UNIT_SCADA,1,"2019/09/05 12:30:00",AGLHAL,0
D,DISPATCH,UNIT_SCADA,1,"2019/09/05 12:30:00",AGLSOM,0
D,DISPATCH,UNIT_SCADA,1,"2019/09/05 12:30:00",ANGAST1,0
D,DISPATCH,UNIT_SCADA,1,"2019/09/05 12:30:00",ARWF1,41.80
D,DISPATCH,UNIT_SCADA,1,"2019/09/05 12:30:00",BALBG1,12.91
D,DISPATCH,UNIT_SCADA,1,"2019/09/05 12:30:00",BALBL1,0
D,DISPATCH,UNIT_SCADA,1,"2019/09/05 12:30:00",BALDHWF1,9.1870
D,DISPATCH,UNIT_SCADA,1,"2019/09/05 12:30:00",BANN1,59.98
D,DISPATCH,UNIT_SCADA,1,"2019/09/05 12:30:00",BARCALDN,0
D,DISPATCH,UNIT_SCADA,1,"2019/09/05 12:30:00",BARRON-1,0
D,DISPATCH,UNIT_SCADA,1,"2019/09/05 12:30:00",BARRON-2,0
D,DISPATCH,UNIT_SCADA,1,"2019/09/05 12:30:00",BASTYAN,80.66
D,DISPATCH,UNIT_SCADA,1,"2019/09/05 12:30:00",BBTHREE1,0
D,DISPATCH,UNIT_SCADA,1,"2019/09/05 12:30:00",BBTHREE2,0
D,DISPATCH,UNIT_SCADA,1,"2019/09/05 12:30:00",BBTHREE3,0
D,DISPATCH,UNIT_SCADA,1,"2019/09/05 12:30:00",BDL01,-0.06
D,DISPATCH,UNIT_SCADA,1,"2019/09/05 12:30:00",BDL02,0
D,DISPATCH,UNIT_SCADA,1,"2019/09/05 12:30:00",BERYLSF1,69.371630
D,DISPATCH,UNIT_SCADA,1,"2019/09/05 12:30:00",BLOWERNG,11
D,DISPATCH,UNIT_SCADA,1,"2019/09/05 12:30:00",BLUFF1,31.10
D,DISPATCH,UNIT_SCADA,1,"2019/09/05 12:30:00",BNGSF1,105.5830
D,DISPATCH,UNIT_SCADA,1,"2019/09/05 12:30:00",BNGSF2,20.03
D,DISPATCH,UNIT_SCADA,1,"2019/09/05 12:30:00",BOCORWF1,9.20
D,DISPATCH,UNIT_SCADA,1,"2019/09/05 12:30:00",BODWF1,6.3703
D,DISPATCH,UNIT_SCADA,1,"2019/09/05 12:30:00",BRAEMAR1,0
D,DISPATCH,UNIT_SCADA,1,"2019/09/05 12:30:00",BRAEMAR2,0
D,DISPATCH,UNIT_SCADA,1,"2019/09/05 12:30:00",BRAEMAR3,0
D,DISPATCH,UNIT_SCADA,1,"2019/09/05 12:30:00",BRAEMAR5,0
D,DISPATCH,UNIT_SCADA,1,"2019/09/05 12:30:00",BRAEMAR6,0
D,DISPATCH,UNIT_SCADA,1,"2019/09/05 12:30:00",BRAEMAR7,0
D,DISPATCH,UNIT_SCADA,1,"2019/09/05 12:30:00",BROKENH1,52.734130
D,DISPATCH,UNIT_SCADA,1,"2019/09/05 12:30:00",BW01,537.150020
D,DISPATCH,UNIT_SCADA,1,"2019/09/05 12:30:00",BW02,617.900020
D,DISPATCH,UNIT_SCADA,1,"2019/09/05 12:30:00",BW03,616.900020
D,DISPATCH,UNIT_SCADA,1,"2019/09/05 12:30:00",BW04,0
D,DISPATCH,UNIT_SCADA,1,"2019/09/05 12:30:00",CALL_B_1,299.800020
D,DISPATCH,UNIT_SCADA,1,"2019/09/05 12:30:00",CALL_B_2,218.70
D,DISPATCH,UNIT_SCADA,1,"2019/09/05 12:30:00",CETHANA,97.825250
D,DISPATCH,UNIT_SCADA,1,"2019/09/05 12:30:00",CG1,0
D,DISPATCH,UNIT_SCADA,1,"2019/09/05 12:30:00",CG2,0
D,DISPATCH,UNIT_SCADA,1,"2019/09/05 12:30:00",CG3,0
D,DISPATCH,UNIT_SCADA,1,"2019/09/05 12:30:00",CG4,0
D,DISPATCH,UNIT_SCADA,1,"2019/09/05 12:30:00",CHILDSF1,52.11
D,DISPATCH,UNIT_SCADA,1,"2019/09/05 12:30:00",CLARESF1,2.0313
D,DISPATCH,UNIT_SCADA,1,"2019/09/05 12:30:00",CLEMGPWF,30.0386
D,DISPATCH,UNIT_SCADA,1,"2019/09/05 12:30:00",CLERMSF1,0.30
D,DISPATCH,UNIT_SCADA,1,"2019/09/05 12:30:00",COLEASF1,123.100010
D,DISPATCH,UNIT_SCADA,1,"2019/09/05 12:30:00",COOPGWF1,6.884920
D,DISPATCH,UNIT_SCADA,1,"2019/09/05 12:30:00",CPP_3,317.350010
D,DISPATCH,UNIT_SCADA,1,"2019/09/05 12:30:00",CPP_4,180.6750
D,DISPATCH,UNIT_SCADA,1,"2019/09/05 12:30:00",CPSA,76.754380
D,DISPATCH,UNIT_SCADA,1,"2019/09/05 12:30:00",CROOKWF2,15.273750
D,DISPATCH,UNIT_SCADA,1,"2019/09/05 12:30:00",CROWLWF1,3.067010
D,DISPATCH,UNIT_SCADA,1,"2019/09/05 12:30:00",CSPVPS1,0.5430
D,DISPATCH,UNIT_SCADA,1,"2019/09/05 12:30:00",DALNTH01,0
D,DISPATCH,UNIT_SCADA,1,"2019/09/05 12:30:00",DALNTHL1,1.866180
D,DISPATCH,UNIT_SCADA,1,"2019/09/05 12:30:00",DARTM1,0
D,DISPATCH,UNIT_SCADA,1,"2019/09/05 12:30:00",DAYDSF1,0
D,DISPATCH,UNIT_SCADA,1,"2019/09/05 12:30:00",DDPS1,0
D,DISPATCH,UNIT_SCADA,1,"2019/09/05 12:30:00",DDSF1,87.470080
D,DISPATCH,UNIT_SCADA,1,"2019/09/05 12:30:00",DEVILS_G,64.3379
D,DISPATCH,UNIT_SCADA,1,"2019/09/05 12:30:00",DG_NSW1,0
D,DISPATCH,UNIT_SCADA,1,"2019/09/05 12:30:00",DG_QLD1,0
D,DISPATCH,UNIT_SCADA,1,"2019/09/05 12:30:00",DG_SA1,0
D,DISPATCH,UNIT_SCADA,1,"2019/09/05 12:30:00",DG_TAS1,0
D,DISPATCH,UNIT_SCADA,1,"2019/09/05 12:30:00",DG_VIC1,0
D,DISPATCH,UNIT_SCADA,1,"2019/09/05 12:30:00",DRYCGT1,0
D,DISPATCH,UNIT_SCADA,1,"2019/09/05 12:30:00",DRYCGT2,0
D,DISPATCH,UNIT_SCADA,1,"2019/09/05 12:30:00",DRYCGT3,0
D,DISPATCH,UNIT_SCADA,1,"2019/09/05 12:30:00",EILDON1,0
D,DISPATCH,UNIT_SCADA,1,"2019/09/05 12:30:00",EILDON2,0
D,DISPATCH,UNIT_SCADA,1,"2019/09/05 12:30:00",EMERASF1,0.12
D,DISPATCH,UNIT_SCADA,1,"2019/09/05 12:30:00",ER01,549.549930
D,DISPATCH,UNIT_SCADA,1,"2019/09/05 12:30:00",ER02,361.025020
D,DISPATCH,UNIT_SCADA,1,"2019/09/05 12:30:00",ER03,0
D,DISPATCH,UNIT_SCADA,1,"2019/09/05 12:30:00",ER04,657.2251
D,DISPATCH,UNIT_SCADA,1,"2019/09/05 12:30:00",FINLYSF1,9.3625
D,DISPATCH,UNIT_SCADA,1,"2019/09/05 12:30:00",FISHER,45.82
D,DISPATCH,UNIT_SCADA,1,"2019/09/05 12:30:00",GANNBG1,15.927180
D,DISPATCH,UNIT_SCADA,1,"2019/09/05 12:30:00",GANNBL1,0
D,DISPATCH,UNIT_SCADA,1,"2019/09/05 12:30:00",GANNSF1,23.90
D,DISPATCH,UNIT_SCADA,1,"2019/09/05 12:30:00",GORDON,19.472880
D,DISPATCH,UNIT_SCADA,1,"2019/09/05 12:30:00",GSTONE1,155.224990
D,DISPATCH,UNIT_SCADA,1,"2019/09/05 12:30:00",GSTONE2,150.149990
D,DISPATCH,UNIT_SCADA,1,"2019/09/05 12:30:00",GSTONE3,0
D,DISPATCH,UNIT_SCADA,1,"2019/09/05 12:30:00",GSTONE4,155.05
D,DISPATCH,UNIT_SCADA,1,"2019/09/05 12:30:00",GSTONE5,154.1750
D,DISPATCH,UNIT_SCADA,1,"2019/09/05 12:30:00",GSTONE6,153.649990
D,DISPATCH,UNIT_SCADA,1,"2019/09/05 12:30:00",GULLRSF1,9.901760
D,DISPATCH,UNIT_SCADA,1,"2019/09/05 12:30:00",GULLRWF1,20.315550
D,DISPATCH,UNIT_SCADA,1,"2019/09/05 12:30:00",GUNNING1,6.632940
D,DISPATCH,UNIT_SCADA,1,"2019/09/05 12:30:00",GUTHEGA,0
D,DISPATCH,UNIT_SCADA,1,"2019/09/05 12:30:00",HALLWF1,57.93
D,DISPATCH,UNIT_SCADA,1,"2019/09/05 12:30:00",HALLWF2,51.65
D,DISPATCH,UNIT_SCADA,1,"2019/09/05 12:30:00",HAMISF1,0
D,DISPATCH,UNIT_SCADA,1,"2019/09/05 12:30:00",HAUGHT11,0
D,DISPATCH,UNIT_SCADA,1,"2019/09/05 12:30:00",HAYMSF1,0
D,DISPATCH,UNIT_SCADA,1,"2019/09/05 12:30:00",HDWF1,39.10
D,DISPATCH,UNIT_SCADA,1,"2019/09/05 12:30:00",HDWF2,38.80
D,DISPATCH,UNIT_SCADA,1,"2019/09/05 12:30:00",HDWF3,44.50
D,DISPATCH,UNIT_SCADA,1,"2019/09/05 12:30:00",HPRG1,0
D,DISPATCH,UNIT_SCADA,1,"2019/09/05 12:30:00",HPRL1,39.90
D,DISPATCH,UNIT_SCADA,1,"2019/09/05 12:30:00",HUMENSW,0
D,DISPATCH,UNIT_SCADA,1,"2019/09/05 12:30:00",HUMEV,26.20
D,DISPATCH,UNIT_SCADA,1,"2019/09/05 12:30:00",HVGTS,0
D,DISPATCH,UNIT_SCADA,1,"2019/09/05 12:30:00",JBUTTERS,19.27
D,DISPATCH,UNIT_SCADA,1,"2019/09/05 12:30:00",JLA01,0.10
D,DISPATCH,UNIT_SCADA,1,"2019/09/05 12:30:00",JLA02,0
D,DISPATCH,UNIT_SCADA,1,"2019/09/05 12:30:00",JLA03,0
D,DISPATCH,UNIT_SCADA,1,"2019/09/05 12:30:00",JLA04,0
D,DISPATCH,UNIT_SCADA,1,"2019/09/05 12:30:00",JLB01,0
D,DISPATCH,UNIT_SCADA,1,"2019/09/05 12:30:00",JLB02,84.60
D,DISPATCH,UNIT_SCADA,1,"2019/09/05 12:30:00",JLB03,0
D,DISPATCH,UNIT_SCADA,1,"2019/09/05 12:30:00",KAREEYA1,21.5450
D,DISPATCH,UNIT_SCADA,1,"2019/09/05 12:30:00",KAREEYA2,21.9175
D,DISPATCH,UNIT_SCADA,1,"2019/09/05 12:30:00",KAREEYA3,0
D,DISPATCH,UNIT_SCADA,1,"2019/09/05 12:30:00",KAREEYA4,21.50
D,DISPATCH,UNIT_SCADA,1,"2019/09/05 12:30:00",KARSF1,74.30
D,DISPATCH,UNIT_SCADA,1,"2019/09/05 12:30:00",KIATAWF1,10.30
D,DISPATCH,UNIT_SCADA,1,"2019/09/05 12:30:00",KPP_1,0
D,DISPATCH,UNIT_SCADA,1,"2019/09/05 12:30:00",KSP1,0
D,DISPATCH,UNIT_SCADA,1,"2019/09/05 12:30:00",LADBROK1,0
D,DISPATCH,UNIT_SCADA,1,"2019/09/05 12:30:00",LADBROK2,0
D,DISPATCH,UNIT_SCADA,1,"2019/09/05 12:30:00",LD01,375.768770
D,DISPATCH,UNIT_SCADA,1,"2019/09/05 12:30:00",LD02,379.762570
D,DISPATCH,UNIT_SCADA,1,"2019/09/05 12:30:00",LD03,375.093720
D,DISPATCH,UNIT_SCADA,1,"2019/09/05 12:30:00",LD04,375.899960
D,DISPATCH,UNIT_SCADA,1,"2019/09/05 12:30:00",LEM_WIL,81.7130
D,DISPATCH,UNIT_SCADA,1,"2019/09/05 12:30:00",LGAPWF1,10.19
D,DISPATCH,UNIT_SCADA,1,"2019/09/05 12:30:00",LILYSF1,87.556090
D,DISPATCH,UNIT_SCADA,1,"2019/09/05 12:30:00",LI_WY_CA,138.655060
D,DISPATCH,UNIT_SCADA,1,"2019/09/05 12:30:00",LKBONNY2,54.109850
D,DISPATCH,UNIT_SCADA,1,"2019/09/05 12:30:00",LKBONNY3,15.351050
D,DISPATCH,UNIT_SCADA,1,"2019/09/05 12:30:00",LK_ECHO,0
D,DISPATCH,UNIT_SCADA,1,"2019/09/05 12:30:00",LNGS1,0
D,DISPATCH,UNIT_SCADA,1,"2019/09/05 12:30:00",LNGS2,0
D,DISPATCH,UNIT_SCADA,1,"2019/09/05 12:30:00",LONSDALE,0
D,DISPATCH,UNIT_SCADA,1,"2019/09/05 12:30:00",LOYYB1,536.088620
D,DISPATCH,UNIT_SCADA,1,"2019/09/05 12:30:00",LOYYB2,584.210140
D,DISPATCH,UNIT_SCADA,1,"2019/09/05 12:30:00",LYA1,0
D,DISPATCH,UNIT_SCADA,1,"2019/09/05 12:30:00",LYA2,0
D,DISPATCH,UNIT_SCADA,1,"2019/09/05 12:30:00",LYA3,560
D,DISPATCH,UNIT_SCADA,1,"2019/09/05 12:30:00",LYA4,540
D,DISPATCH,UNIT_SCADA,1,"2019/09/05 12:30:00",MACARTH1,82.2981
D,DISPATCH,UNIT_SCADA,1,"2019/09/05 12:30:00",MACKAYGT,0.2240
D,DISPATCH,UNIT_SCADA,1,"2019/09/05 12:30:00",MACKNTSH,87.100010
D,DISPATCH,UNIT_SCADA,1,"2019/09/05 12:30:00",MANSLR1,38.0830
D,DISPATCH,UNIT_SCADA,1,"2019/09/05 12:30:00",MCKAY1,0.02
D,DISPATCH,UNIT_SCADA,1,"2019/09/05 12:30:00",MEADOWBK,31.838120
D,DISPATCH,UNIT_SCADA,1,"2019/09/05 12:30:00",MERCER01,6.0280
D,DISPATCH,UNIT_SCADA,1,"2019/09/05 12:30:00",MEWF1,50.829310
D,DISPATCH,UNIT_SCADA,1,"2019/09/05 12:30:00",MINTARO,0
D,DISPATCH,UNIT_SCADA,1,"2019/09/05 12:30:00",MOREESF1,48.1520
D,DISPATCH,UNIT_SCADA,1,"2019/09/05 12:30:00",MORTLK11,125
D,DISPATCH,UNIT_SCADA,1,"2019/09/05 12:30:00",MORTLK12,0
D,DISPATCH,UNIT_SCADA,1,"2019/09/05 12:30:00",MP1,221.325010
D,DISPATCH,UNIT_SCADA,1,"2019/09/05 12:30:00",MP2,0
D,DISPATCH,UNIT_SCADA,1,"2019/09/05 12:30:00",MPP_1,327.75
D,DISPATCH,UNIT_SCADA,1,"2019/09/05 12:30:00",MPP_2,299.75
D,DISPATCH,UNIT_SCADA,1,"2019/09/05 12:30:00",MSTUART1,0
D,DISPATCH,UNIT_SCADA,1,"2019/09/05 12:30:00",MSTUART2,0
D,DISPATCH,UNIT_SCADA,1,"2019/09/05 12:30:00",MSTUART3,0
D,DISPATCH,UNIT_SCADA,1,"2019/09/05 12:30:00",MTGELWF1,7.945490
D,DISPATCH,UNIT_SCADA,1,"2019/09/05 12:30:00",MURRAY,0
D,DISPATCH,UNIT_SCADA,1,"2019/09/05 12:30:00",MUSSELR1,-0.30
D,DISPATCH,UNIT_SCADA,1,"2019/09/05 12:30:00",MUWAWF1,14.97
D,DISPATCH,UNIT_SCADA,1,"2019/09/05 12:30:00",NBHWF1,62
D,DISPATCH,UNIT_SCADA,1,"2019/09/05 12:30:00",NPS,0
D,DISPATCH,UNIT_SCADA,1,"2019/09/05 12:30:00",NUMURSF1,15.87
D,DISPATCH,UNIT_SCADA,1,"2019/09/05 12:30:00",NYNGAN1,101.25
D,DISPATCH,UNIT_SCADA,1,"2019/09/05 12:30:00",OAKEY1,0
D,DISPATCH,UNIT_SCADA,1,"2019/09/05 12:30:00",OAKEY1SF,22.0130
D,DISPATCH,UNIT_SCADA,1,"2019/09/05 12:30:00",OAKEY2,0
D,DISPATCH,UNIT_SCADA,1,"2019/09/05 12:30:00",OAKEY2SF,0
D,DISPATCH,UNIT_SCADA,1,"2019/09/05 12:30:00",OAKLAND1,13.70
D,DISPATCH,UNIT_SCADA,1,"2019/09/05 12:30:00",OSB-AG,139.09
D,DISPATCH,UNIT_SCADA,1,"2019/09/05 12:30:00",PARSF1,43.600010
D,DISPATCH,UNIT_SCADA,1,"2019/09/05 12:30:00",POAT110,0
D,DISPATCH,UNIT_SCADA,1,"2019/09/05 12:30:00",POAT220,0
D,DISPATCH,UNIT_SCADA,1,"2019/09/05 12:30:00",POR01,0
D,DISPATCH,UNIT_SCADA,1,"2019/09/05 12:30:00",POR03,0
D,DISPATCH,UNIT_SCADA,1,"2019/09/05 12:30:00",PPCCGT,171.538890
D,DISPATCH,UNIT_SCADA,1,"2019/09/05 12:30:00",PTSTAN1,0
D,DISPATCH,UNIT_SCADA,1,"2019/09/05 12:30:00",PUMP1,0
D,DISPATCH,UNIT_SCADA,1,"2019/09/05 12:30:00",PUMP2,0
D,DISPATCH,UNIT_SCADA,1,"2019/09/05 12:30:00",QPS1,0
D,DISPATCH,UNIT_SCADA,1,"2019/09/05 12:30:00",QPS2,0
D,DISPATCH,UNIT_SCADA,1,"2019/09/05 12:30:00",QPS3,0
D,DISPATCH,UNIT_SCADA,1,"2019/09/05 12:30:00",QPS4,0
D,DISPATCH,UNIT_SCADA,1,"2019/09/05 12:30:00",QPS5,0
D,DISPATCH,UNIT_SCADA,1,"2019/09/05 12:30:00",REECE1,102.70
D,DISPATCH,UNIT_SCADA,1,"2019/09/05 12:30:00",REECE2,101.13
D,DISPATCH,UNIT_SCADA,1,"2019/09/05 12:30:00",ROMA_7,0
D,DISPATCH,UNIT_SCADA,1,"2019/09/05 12:30:00",ROMA_8,0
D,DISPATCH,UNIT_SCADA,1,"2019/09/05 12:30:00",RRSF1,0
D,DISPATCH,UNIT_SCADA,1,"2019/09/05 12:30:00",RT_NSW1,0
D,DISPATCH,UNIT_SCADA,1,"2019/09/05 12:30:00",RT_NSW2,0
D,DISPATCH,UNIT_SCADA,1,"2019/09/05 12:30:00",RT_NSW3,0
D,DISPATCH,UNIT_SCADA,1,"2019/09/05 12:30:00",RT_NSW4,0
D,DISPATCH,UNIT_SCADA,1,"2019/09/05 12:30:00",RT_NSW5,0
D,DISPATCH,UNIT_SCADA,1,"2019/09/05 12:30:00",RT_NSW6,0
D,DISPATCH,UNIT_SCADA,1,"2019/09/05 12:30:00",RT_QLD1,0
D,DISPATCH,UNIT_SCADA,1,"2019/09/05 12:30:00",RT_SA1,0
D,DISPATCH,UNIT_SCADA,1,"2019/09/05 12:30:00",RT_SA2,0
D,DISPATCH,UNIT_SCADA,1,"2019/09/05 12:30:00",RT_SA3,0
D,DISPATCH,UNIT_SCADA,1,"2019/09/05 12:30:00",RT_SA4,0
D,DISPATCH,UNIT_SCADA,1,"2019/09/05 12:30:00",RT_SA5,0
D,DISPATCH,UNIT_SCADA,1,"2019/09/05 12:30:00",RT_SA6,0
D,DISPATCH,UNIT_SCADA,1,"2019/09/05 12:30:00",RT_TAS1,0
D,DISPATCH,UNIT_SCADA,1,"2019/09/05 12:30:00",RT_VIC1,0
D,DISPATCH,UNIT_SCADA,1,"2019/09/05 12:30:00",RT_VIC10,0
D,DISPATCH,UNIT_SCADA,1,"2019/09/05 12:30:00",RT_VIC11,0
D,DISPATCH,UNIT_SCADA,1,"2019/09/05 12:30:00",RT_VIC12,0
D,DISPATCH,UNIT_SCADA,1,"2019/09/05 12:30:00",RT_VIC2,0
D,DISPATCH,UNIT_SCADA,1,"2019/09/05 12:30:00",RT_VIC3,0
D,DISPATCH,UNIT_SCADA,1,"2019/09/05 12:30:00",RT_VIC4,0
D,DISPATCH,UNIT_SCADA,1,"2019/09/05 12:30:00",RT_VIC5,0
D,DISPATCH,UNIT_SCADA,1,"2019/09/05 12:30:00",RT_VIC6,0
D,DISPATCH,UNIT_SCADA,1,"2019/09/05 12:30:00",RT_VIC7,0
D,DISPATCH,UNIT_SCADA,1,"2019/09/05 12:30:00",RT_VIC8,0
D,DISPATCH,UNIT_SCADA,1,"2019/09/05 12:30:00",RT_VIC9,0
D,DISPATCH,UNIT_SCADA,1,"2019/09/05 12:30:00",RUGBYR1,0.075810
D,DISPATCH,UNIT_SCADA,1,"2019/09/05 12:30:00",SALTCRK1,10.81
D,DISPATCH,UNIT_SCADA,1,"2019/09/05 12:30:00",SAPHWF1,62.409390
D,DISPATCH,UNIT_SCADA,1,"2019/09/05 12:30:00",SHGEN,0
D,DISPATCH,UNIT_SCADA,1,"2019/09/05 12:30:00",SHPUMP,79.759380
D,DISPATCH,UNIT_SCADA,1,"2019/09/05 12:30:00",SITHE01,0.1639
D,DISPATCH,UNIT_SCADA,1,"2019/09/05 12:30:00",SMCSF1,0
D,DISPATCH,UNIT_SCADA,1,"2019/09/05 12:30:00",SNOWNTH1,71.40
D,DISPATCH,UNIT_SCADA,1,"2019/09/05 12:30:00",SNOWSTH1,83.70
D,DISPATCH,UNIT_SCADA,1,"2019/09/05 12:30:00",SNOWTWN1,50.162940
D,DISPATCH,UNIT_SCADA,1,"2019/09/05 12:30:00",SNOWYP,0
D,DISPATCH,UNIT_SCADA,1,"2019/09/05 12:30:00",SNUG1,0.019440
D,DISPATCH,UNIT_SCADA,1,"2019/09/05 12:30:00",SRSF1,1.65
D,DISPATCH,UNIT_SCADA,1,"2019/09/05 12:30:00",STAN-1,366.883880
D,DISPATCH,UNIT_SCADA,1,"2019/09/05 12:30:00",STAN-2,223.7347
D,DISPATCH,UNIT_SCADA,1,"2019/09/05 12:30:00",STAN-3,221.914570
D,DISPATCH,UNIT_SCADA,1,"2019/09/05 12:30:00",STAN-4,221.465940
D,DISPATCH,UNIT_SCADA,1,"2019/09/05 12:30:00",STWF1,0
D,DISPATCH,UNIT_SCADA,1,"2019/09/05 12:30:00",SWAN_E,0
D,DISPATCH,UNIT_SCADA,1,"2019/09/05 12:30:00",TALWA1,251
D,DISPATCH,UNIT_SCADA,1,"2019/09/05 12:30:00",TARALGA1,12.348750
D,DISPATCH,UNIT_SCADA,1,"2019/09/05 12:30:00",TARONG#1,349
D,DISPATCH,UNIT_SCADA,1,"2019/09/05 12:30:00",TARONG#2,0
D,DISPATCH,UNIT_SCADA,1,"2019/09/05 12:30:00",TARONG#3,280
D,DISPATCH,UNIT_SCADA,1,"2019/09/05 12:30:00",TARONG#4,349.700010
D,DISPATCH,UNIT_SCADA,1,"2019/09/05 12:30:00",TARRALEA,71
D,DISPATCH,UNIT_SCADA,1,"2019/09/05 12:30:00",TBSF1,84.30
D,DISPATCH,UNIT_SCADA,1,"2019/09/05 12:30:00",TNPS1,379.300020
D,DISPATCH,UNIT_SCADA,1,"2019/09/05 12:30:00",TORRA1,49.170860
D,DISPATCH,UNIT_SCADA,1,"2019/09/05 12:30:00",TORRA2,0
D,DISPATCH,UNIT_SCADA,1,"2019/09/05 12:30:00",TORRA3,0
D,DISPATCH,UNIT_SCADA,1,"2019/09/05 12:30:00",TORRA4,44.403220
D,DISPATCH,UNIT_SCADA,1,"2019/09/05 12:30:00",TORRB1,39.09
D,DISPATCH,UNIT_SCADA,1,"2019/09/05 12:30:00",TORRB2,40.29
D,DISPATCH,UNIT_SCADA,1,"2019/09/05 12:30:00",TORRB3,39.37
D,DISPATCH,UNIT_SCADA,1,"2019/09/05 12:30:00",TORRB4,0
D,DISPATCH,UNIT_SCADA,1,"2019/09/05 12:30:00",TREVALLN,1.60
D,DISPATCH,UNIT_SCADA,1,"2019/09/05 12:30:00",TRIBUTE,0
D,DISPATCH,UNIT_SCADA,1,"2019/09/05 12:30:00",TUMUT3,0
D,DISPATCH,UNIT_SCADA,1,"2019/09/05 12:30:00",TUNGATIN,100.460040
D,DISPATCH,UNIT_SCADA,1,"2019/09/05 12:30:00",TVCC201,0
D,DISPATCH,UNIT_SCADA,1,"2019/09/05 12:30:00",TVPP104,0
D,DISPATCH,UNIT_SCADA,1,"2019/09/05 12:30:00",UPPTUMUT,120.526520
D,DISPATCH,UNIT_SCADA,1,"2019/09/05 12:30:00",URANQ11,0
D,DISPATCH,UNIT_SCADA,1,"2019/09/05 12:30:00",URANQ12,0
D,DISPATCH,UNIT_SCADA,1,"2019/09/05 12:30:00",URANQ13,21.143750
D,DISPATCH,UNIT_SCADA,1,"2019/09/05 12:30:00",URANQ14,0
D,DISPATCH,UNIT_SCADA,1,"2019/09/05 12:30:00",VP5,502.974980
D,DISPATCH,UNIT_SCADA,1,"2019/09/05 12:30:00",VP6,0
D,DISPATCH,UNIT_SCADA,1,"2019/09/05 12:30:00",VPGS1,0
D,DISPATCH,UNIT_SCADA,1,"2019/09/05 12:30:00",VPGS2,0
D,DISPATCH,UNIT_SCADA,1,"2019/09/05 12:30:00",VPGS3,0
D,DISPATCH,UNIT_SCADA,1,"2019/09/05 12:30:00",VPGS4,0
D,DISPATCH,UNIT_SCADA,1,"2019/09/05 12:30:00",VPGS5,0
D,DISPATCH,UNIT_SCADA,1,"2019/09/05 12:30:00",VPGS6,0
D,DISPATCH,UNIT_SCADA,1,"2019/09/05 12:30:00",W/HOE#1,0
D,DISPATCH,UNIT_SCADA,1,"2019/09/05 12:30:00",W/HOE#2,0
D,DISPATCH,UNIT_SCADA,1,"2019/09/05 12:30:00",WATERLWF,50.50
D,DISPATCH,UNIT_SCADA,1,"2019/09/05 12:30:00",WEMENSF1,75.70
D,DISPATCH,UNIT_SCADA,1,"2019/09/05 12:30:00",WGWF1,57.80
D,DISPATCH,UNIT_SCADA,1,"2019/09/05 12:30:00",WHITSF1,0
D,DISPATCH,UNIT_SCADA,1,"2019/09/05 12:30:00",WKIEWA1,0
D,DISPATCH,UNIT_SCADA,1,"2019/09/05 12:30:00",WKIEWA2,0.10
D,DISPATCH,UNIT_SCADA,1,"2019/09/05 12:30:00",WOODLWN1,0
D,DISPATCH,UNIT_SCADA,1,"2019/09/05 12:30:00",WRSF1,19.85
D,DISPATCH,UNIT_SCADA,1,"2019/09/05 12:30:00",WRWF1,95.662510
D,DISPATCH,UNIT_SCADA,1,"2019/09/05 12:30:00",YABULU,0
D,DISPATCH,UNIT_SCADA,1,"2019/09/05 12:30:00",YABULU2,0
D,DISPATCH,UNIT_SCADA,1,"2019/09/05 12:30:00",YARWUN_1,119.75
D,DISPATCH,UNIT_SCADA,1,"2019/09/05 12:30:00",YENDWF1,5.78
D,DISPATCH,UNIT_SCADA,1,"2019/09/05 12:30:00",YWPS1,377.693660
D,DISPATCH,UNIT_SCADA,1,"2019/09/05 12:30:00",YWPS2,277.440520
D,DISPATCH,UNIT_SCADA,1,"2019/09/05 12:30:00",YWPS3,332.289890
D,DISPATCH,UNIT_SCADA,1,"2019/09/05 12:30:00",YWPS4,391.286070
C,"END OF REPORT",335
