C,NEMP.WORLD,DISPATCHSCADA,AEMO,PUBLIC,2019/08/20,04:55:10,0000000311772605,DISPATCHSCADA,0000000311772599
I,DISPATCH,UNIT_SCADA,1,SETTLEMENTDATE,DUID,SCADAVALUE
D,DISPATCH,UNIT_SCADA,1,"2019/08/20 05:00:00",BARCSF1,0
D,DISPATCH,UNIT_SCADA,1,"2019/08/20 05:00:00",BUTLERSG,9.799998
D,DISPATCH,UNIT_SCADA,1,"2019/08/20 05:00:00",CALL_A_4,0
D,DISPATCH,UNIT_SCADA,1,"2019/08/20 05:00:00",CAPTL_WF,116.459999
D,DISPATCH,UNIT_SCADA,1,"2019/08/20 05:00:00",CATHROCK,48.099998
D,DISPATCH,UNIT_SCADA,1,"2019/08/20 05:00:00",CHALLHWF,29.50
D,DISPATCH,UNIT_SCADA,1,"2019/08/20 05:00:00",CLOVER,-0.01
D,DISPATCH,UNIT_SCADA,1,"2019/08/20 05:00:00",CLUNY,16.244907
D,DISPATCH,UNIT_SCADA,1,"2019/08/20 05:00:00",CNUNDAWF,35.641579
D,DISPATCH,UNIT_SCADA,1,"2019/08/20 05:00:00",CULLRGWF,30.360001
D,DISPATCH,UNIT_SCADA,1,"2019/08/20 05:00:00",ERGT01,0
D,DISPATCH,UNIT_SCADA,1,"2019/08/20 05:00:00",GB01,0.057449
D,DISPATCH,UNIT_SCADA,1,"2019/08/20 05:00:00",GERMCRK,38.400002
D,DISPATCH,UNIT_SCADA,1,"2019/08/20 05:00:00",GRIFSF1,0
D,DISPATCH,UNIT_SCADA,1,"2019/08/20 05:00:00",HUGSF1,-0.2580
D,DISPATCH,UNIT_SCADA,1,"2019/08/20 05:00:00",LKBONNY1,62.070007
D,DISPATCH,UNIT_SCADA,1,"2019/08/20 05:00:00",LRSF1,-0.03
D,DISPATCH,UNIT_SCADA,1,"2019/08/20 05:00:00",MBAHNTH,55.781250
D,DISPATCH,UNIT_SCADA,1,"2019/08/20 05:00:00",MLSP1,0.304001
D,DISPATCH,UNIT_SCADA,1,"2019/08/20 05:00:00",MLWF1,18.389999
D,DISPATCH,UNIT_SCADA,1,"2019/08/20 05:00:00",MTMILLAR,20.880320
D,DISPATCH,UNIT_SCADA,1,"2019/08/20 05:00:00",PALOONA,23.60
D,DISPATCH,UNIT_SCADA,1,"2019/08/20 05:00:00",PIONEER,10.10
D,DISPATCH,UNIT_SCADA,1,"2019/08/20 05:00:00",PORTWF,138.100006
D,DISPATCH,UNIT_SCADA,1,"2019/08/20 05:00:00",REPULSE,29.012283
D,DISPATCH,UNIT_SCADA,1,"2019/08/20 05:00:00",ROWALLAN,9.9187
D,DISPATCH,UNIT_SCADA,1,"2019/08/20 05:00:00",ROYALLA1,0
D,DISPATCH,UNIT_SCADA,1,"2019/08/20 05:00:00",RPCG,15
D,DISPATCH,UNIT_SCADA,1,"2019/08/20 05:00:00",RUBICON,0
D,DISPATCH,UNIT_SCADA,1,"2019/08/20 05:00:00",SATGN1,0
D,DISPATCH,UNIT_SCADA,1,"2019/08/20 05:00:00",SATGS1,0
D,DISPATCH,UNIT_SCADA,1,"2019/08/20 05:00:00",STARHLWF,15.695423
D,DISPATCH,UNIT_SCADA,1,"2019/08/20 05:00:00",WAUBRAWF,126.525002
D,DISPATCH,UNIT_SCADA,1,"2019/08/20 05:00:00",WOOLNTH1,133.580017
D,DISPATCH,UNIT_SCADA,1,"2019/08/20 05:00:00",WPWF,30
D,DISPATCH,UNIT_SCADA,1,"2019/08/20 05:00:00",YAMBUKWF,9.50
D,DISPATCH,UNIT_SCADA,1,"2019/08/20 05:00:00",YSWF1,27.50
D,DISPATCH,UNIT_SCADA,1,"2019/08/20 05:00:00",AGLHAL,0
D,DISPATCH,UNIT_SCADA,1,"2019/08/20 05:00:00",AGLSOM,0
D,DISPATCH,UNIT_SCADA,1,"2019/08/20 05:00:00",ANGAST1,0
D,DISPATCH,UNIT_SCADA,1,"2019/08/20 05:00:00",ARWF1,33.10
D,DISPATCH,UNIT_SCADA,1,"2019/08/20 05:00:00",BALBG1,0
D,DISPATCH,UNIT_SCADA,1,"2019/08/20 05:00:00",BALBL1,4.22
D,DISPATCH,UNIT_SCADA,1,"2019/08/20 05:00:00",BALDHWF1,99.1230
D,DISPATCH,UNIT_SCADA,1,"2019/08/20 05:00:00",BANN1,0
D,DISPATCH,UNIT_SCADA,1,"2019/08/20 05:00:00",BARCALDN,0
D,DISPATCH,UNIT_SCADA,1,"2019/08/20 05:00:00",BARRON-1,0
D,DISPATCH,UNIT_SCADA,1,"2019/08/20 05:00:00",BARRON-2,25.28
D,DISPATCH,UNIT_SCADA,1,"2019/08/20 05:00:00",BASTYAN,80.810010
D,DISPATCH,UNIT_SCADA,1,"2019/08/20 05:00:00",BBTHREE1,0
D,DISPATCH,UNIT_SCADA,1,"2019/08/20 05:00:00",BBTHREE2,0
D,DISPATCH,UNIT_SCADA,1,"2019/08/20 05:00:00",BBTHREE3,0
D,DISPATCH,UNIT_SCADA,1,"2019/08/20 05:00:00",BDL01,0
D,DISPATCH,UNIT_SCADA,1,"2019/08/20 05:00:00",BDL02,0
D,DISPATCH,UNIT_SCADA,1,"2019/08/20 05:00:00",BERYLSF1,0
D,DISPATCH,UNIT_SCADA,1,"2019/08/20 05:00:00",BLOWERNG,0
D,DISPATCH,UNIT_SCADA,1,"2019/08/20 05:00:00",BLUFF1,33.30
D,DISPATCH,UNIT_SCADA,1,"2019/08/20 05:00:00",BNGSF1,0
D,DISPATCH,UNIT_SCADA,1,"2019/08/20 05:00:00",BNGSF2,0
D,DISPATCH,UNIT_SCADA,1,"2019/08/20 05:00:00",BOCORWF1,33.59
D,DISPATCH,UNIT_SCADA,1,"2019/08/20 05:00:00",BODWF1,50.051410
D,DISPATCH,UNIT_SCADA,1,"2019/08/20 05:00:00",BRAEMAR1,0
D,DISPATCH,UNIT_SCADA,1,"2019/08/20 05:00:00",BRAEMAR2,0
D,DISPATCH,UNIT_SCADA,1,"2019/08/20 05:00:00",BRAEMAR3,0
D,DISPATCH,UNIT_SCADA,1,"2019/08/20 05:00:00",BRAEMAR5,0
D,DISPATCH,UNIT_SCADA,1,"2019/08/20 05:00:00",BRAEMAR6,0
D,DISPATCH,UNIT_SCADA,1,"2019/08/20 05:00:00",BRAEMAR7,0
D,DISPATCH,UNIT_SCADA,1,"2019/08/20 05:00:00",BROKENH1,0
D,DISPATCH,UNIT_SCADA,1,"2019/08/20 05:00:00",BW01,409.849980
D,DISPATCH,UNIT_SCADA,1,"2019/08/20 05:00:00",BW02,482.050050
D,DISPATCH,UNIT_SCADA,1,"2019/08/20 05:00:00",BW03,543.200070
D,DISPATCH,UNIT_SCADA,1,"2019/08/20 05:00:00",BW04,0
D,DISPATCH,UNIT_SCADA,1,"2019/08/20 05:00:00",CALL_B_1,339.899990
D,DISPATCH,UNIT_SCADA,1,"2019/08/20 05:00:00",CALL_B_2,290
D,DISPATCH,UNIT_SCADA,1,"2019/08/20 05:00:00",CETHANA,92.4365
D,DISPATCH,UNIT_SCADA,1,"2019/08/20 05:00:00",CG1,0
D,DISPATCH,UNIT_SCADA,1,"2019/08/20 05:00:00",CG2,0
D,DISPATCH,UNIT_SCADA,1,"2019/08/20 05:00:00",CG3,0
D,DISPATCH,UNIT_SCADA,1,"2019/08/20 05:00:00",CG4,0
D,DISPATCH,UNIT_SCADA,1,"2019/08/20 05:00:00",CHILDSF1,0
D,DISPATCH,UNIT_SCADA,1,"2019/08/20 05:00:00",CLARESF1,0
D,DISPATCH,UNIT_SCADA,1,"2019/08/20 05:00:00",CLEMGPWF,2.8814
D,DISPATCH,UNIT_SCADA,1,"2019/08/20 05:00:00",CLERMSF1,0
D,DISPATCH,UNIT_SCADA,1,"2019/08/20 05:00:00",COLEASF1,0
D,DISPATCH,UNIT_SCADA,1,"2019/08/20 05:00:00",COOPGWF1,21.203130
D,DISPATCH,UNIT_SCADA,1,"2019/08/20 05:00:00",CPP_3,406.450010
D,DISPATCH,UNIT_SCADA,1,"2019/08/20 05:00:00",CPP_4,405.6250
D,DISPATCH,UNIT_SCADA,1,"2019/08/20 05:00:00",CPSA,142.426240
D,DISPATCH,UNIT_SCADA,1,"2019/08/20 05:00:00",CROOKWF2,56.383750
D,DISPATCH,UNIT_SCADA,1,"2019/08/20 05:00:00",CROWLWF1,22.894590
D,DISPATCH,UNIT_SCADA,1,"2019/08/20 05:00:00",CSPVPS1,0
D,DISPATCH,UNIT_SCADA,1,"2019/08/20 05:00:00",DALNTH01,0.065610
D,DISPATCH,UNIT_SCADA,1,"2019/08/20 05:00:00",DALNTHL1,0
D,DISPATCH,UNIT_SCADA,1,"2019/08/20 05:00:00",DARTM1,0
D,DISPATCH,UNIT_SCADA,1,"2019/08/20 05:00:00",DAYDSF1,0
D,DISPATCH,UNIT_SCADA,1,"2019/08/20 05:00:00",DDPS1,0
D,DISPATCH,UNIT_SCADA,1,"2019/08/20 05:00:00",DDSF1,0
D,DISPATCH,UNIT_SCADA,1,"2019/08/20 05:00:00",DEVILS_G,60.3119
D,DISPATCH,UNIT_SCADA,1,"2019/08/20 05:00:00",DG_NSW1,0
D,DISPATCH,UNIT_SCADA,1,"2019/08/20 05:00:00",DG_QLD1,0
D,DISPATCH,UNIT_SCADA,1,"2019/08/20 05:00:00",DG_SA1,0
D,DISPATCH,UNIT_SCADA,1,"2019/08/20 05:00:00",DG_TAS1,0
D,DISPATCH,UNIT_SCADA,1,"2019/08/20 05:00:00",DG_VIC1,0
D,DISPATCH,UNIT_SCADA,1,"2019/08/20 05:00:00",DRYCGT1,0
D,DISPATCH,UNIT_SCADA,1,"2019/08/20 05:00:00",DRYCGT2,0
D,DISPATCH,UNIT_SCADA,1,"2019/08/20 05:00:00",DRYCGT3,0
D,DISPATCH,UNIT_SCADA,1,"2019/08/20 05:00:00",EILDON1,0
D,DISPATCH,UNIT_SCADA,1,"2019/08/20 05:00:00",EILDON2,0
D,DISPATCH,UNIT_SCADA,1,"2019/08/20 05:00:00",EMERASF1,0
D,DISPATCH,UNIT_SCADA,1,"2019/08/20 05:00:00",ER01,474.849980
D,DISPATCH,UNIT_SCADA,1,"2019/08/20 05:00:00",ER02,473.224980
D,DISPATCH,UNIT_SCADA,1,"2019/08/20 05:00:00",ER03,473.8750
D,DISPATCH,UNIT_SCADA,1,"2019/08/20 05:00:00",ER04,473.575070
D,DISPATCH,UNIT_SCADA,1,"2019/08/20 05:00:00",FINLYSF1,0
D,DISPATCH,UNIT_SCADA,1,"2019/08/20 05:00:00",FISHER,45.94
D,DISPATCH,UNIT_SCADA,1,"2019/08/20 05:00:00",GANNBG1,0
D,DISPATCH,UNIT_SCADA,1,"2019/08/20 05:00:00",GANNBL1,10
D,DISPATCH,UNIT_SCADA,1,"2019/08/20 05:00:00",GANNSF1,0
D,DISPATCH,UNIT_SCADA,1,"2019/08/20 05:00:00",GORDON,0
D,DISPATCH,UNIT_SCADA,1,"2019/08/20 05:00:00",GSTONE1,143.50
D,DISPATCH,UNIT_SCADA,1,"2019/08/20 05:00:00",GSTONE2,150.50
D,DISPATCH,UNIT_SCADA,1,"2019/08/20 05:00:00",GSTONE3,141.9250
D,DISPATCH,UNIT_SCADA,1,"2019/08/20 05:00:00",GSTONE4,144.024990
D,DISPATCH,UNIT_SCADA,1,"2019/08/20 05:00:00",GSTONE5,148.5750
D,DISPATCH,UNIT_SCADA,1,"2019/08/20 05:00:00",GSTONE6,0
D,DISPATCH,UNIT_SCADA,1,"2019/08/20 05:00:00",GULLRSF1,0
D,DISPATCH,UNIT_SCADA,1,"2019/08/20 05:00:00",GULLRWF1,159.667420
D,DISPATCH,UNIT_SCADA,1,"2019/08/20 05:00:00",GUNNING1,44.621070
D,DISPATCH,UNIT_SCADA,1,"2019/08/20 05:00:00",GUTHEGA,0
D,DISPATCH,UNIT_SCADA,1,"2019/08/20 05:00:00",HALLWF1,70.15
D,DISPATCH,UNIT_SCADA,1,"2019/08/20 05:00:00",HALLWF2,44.42
D,DISPATCH,UNIT_SCADA,1,"2019/08/20 05:00:00",HAMISF1,0
D,DISPATCH,UNIT_SCADA,1,"2019/08/20 05:00:00",HAUGHT11,0
D,DISPATCH,UNIT_SCADA,1,"2019/08/20 05:00:00",HAYMSF1,0
D,DISPATCH,UNIT_SCADA,1,"2019/08/20 05:00:00",HDWF1,43
D,DISPATCH,UNIT_SCADA,1,"2019/08/20 05:00:00",HDWF2,30.40
D,DISPATCH,UNIT_SCADA,1,"2019/08/20 05:00:00",HDWF3,42.50
D,DISPATCH,UNIT_SCADA,1,"2019/08/20 05:00:00",HPRG1,0
D,DISPATCH,UNIT_SCADA,1,"2019/08/20 05:00:00",HPRL1,0
D,DISPATCH,UNIT_SCADA,1,"2019/08/20 05:00:00",HUMENSW,0
D,DISPATCH,UNIT_SCADA,1,"2019/08/20 05:00:00",HUMEV,8.80
D,DISPATCH,UNIT_SCADA,1,"2019/08/20 05:00:00",HVGTS,0
D,DISPATCH,UNIT_SCADA,1,"2019/08/20 05:00:00",JBUTTERS,136.22
D,DISPATCH,UNIT_SCADA,1,"2019/08/20 05:00:00",JLA01,0.50
D,DISPATCH,UNIT_SCADA,1,"2019/08/20 05:00:00",JLA02,0
D,DISPATCH,UNIT_SCADA,1,"2019/08/20 05:00:00",JLA03,0.10
D,DISPATCH,UNIT_SCADA,1,"2019/08/20 05:00:00",JLA04,0.10
D,DISPATCH,UNIT_SCADA,1,"2019/08/20 05:00:00",JLB01,0
D,DISPATCH,UNIT_SCADA,1,"2019/08/20 05:00:00",JLB02,0.10
D,DISPATCH,UNIT_SCADA,1,"2019/08/20 05:00:00",JLB03,0
D,DISPATCH,UNIT_SCADA,1,"2019/08/20 05:00:00",KAREEYA1,21.5125
D,DISPATCH,UNIT_SCADA,1,"2019/08/20 05:00:00",KAREEYA2,21.6725
D,DISPATCH,UNIT_SCADA,1,"2019/08/20 05:00:00",KAREEYA3,0
D,DISPATCH,UNIT_SCADA,1,"2019/08/20 05:00:00",KAREEYA4,21.7175
D,DISPATCH,UNIT_SCADA,1,"2019/08/20 05:00:00",KARSF1,0
D,DISPATCH,UNIT_SCADA,1,"2019/08/20 05:00:00",KIATAWF1,29.70
D,DISPATCH,UNIT_SCADA,1,"2019/08/20 05:00:00",KPP_1,0
D,DISPATCH,UNIT_SCADA,1,"2019/08/20 05:00:00",KSP1,0
D,DISPATCH,UNIT_SCADA,1,"2019/08/20 05:00:00",LADBROK1,0
D,DISPATCH,UNIT_SCADA,1,"2019/08/20 05:00:00",LADBROK2,0
D,DISPATCH,UNIT_SCADA,1,"2019/08/20 05:00:00",LD01,345.131290
D,DISPATCH,UNIT_SCADA,1,"2019/08/20 05:00:00",LD02,348
D,DISPATCH,UNIT_SCADA,1,"2019/08/20 05:00:00",LD03,350.231230
D,DISPATCH,UNIT_SCADA,1,"2019/08/20 05:00:00",LD04,347.925020
D,DISPATCH,UNIT_SCADA,1,"2019/08/20 05:00:00",LEM_WIL,85.118190
D,DISPATCH,UNIT_SCADA,1,"2019/08/20 05:00:00",LGAPWF1,19.46
D,DISPATCH,UNIT_SCADA,1,"2019/08/20 05:00:00",LILYSF1,0
D,DISPATCH,UNIT_SCADA,1,"2019/08/20 05:00:00",LI_WY_CA,147.727710
D,DISPATCH,UNIT_SCADA,1,"2019/08/20 05:00:00",LKBONNY2,134.225280
D,DISPATCH,UNIT_SCADA,1,"2019/08/20 05:00:00",LKBONNY3,35.949380
D,DISPATCH,UNIT_SCADA,1,"2019/08/20 05:00:00",LK_ECHO,0
D,DISPATCH,UNIT_SCADA,1,"2019/08/20 05:00:00",LNGS1,0
D,DISPATCH,UNIT_SCADA,1,"2019/08/20 05:00:00",LNGS2,0
D,DISPATCH,UNIT_SCADA,1,"2019/08/20 05:00:00",LONSDALE,0
D,DISPATCH,UNIT_SCADA,1,"2019/08/20 05:00:00",LOYYB1,538.3443
D,DISPATCH,UNIT_SCADA,1,"2019/08/20 05:00:00",LOYYB2,584.210140
D,DISPATCH,UNIT_SCADA,1,"2019/08/20 05:00:00",LYA1,560
D,DISPATCH,UNIT_SCADA,1,"2019/08/20 05:00:00",LYA2,0
D,DISPATCH,UNIT_SCADA,1,"2019/08/20 05:00:00",LYA3,560
D,DISPATCH,UNIT_SCADA,1,"2019/08/20 05:00:00",LYA4,540
D,DISPATCH,UNIT_SCADA,1,"2019/08/20 05:00:00",MACARTH1,284.593410
D,DISPATCH,UNIT_SCADA,1,"2019/08/20 05:00:00",MACKAYGT,0
D,DISPATCH,UNIT_SCADA,1,"2019/08/20 05:00:00",MACKNTSH,85.390010
D,DISPATCH,UNIT_SCADA,1,"2019/08/20 05:00:00",MANSLR1,0
D,DISPATCH,UNIT_SCADA,1,"2019/08/20 05:00:00",MCKAY1,0.02
D,DISPATCH,UNIT_SCADA,1,"2019/08/20 05:00:00",MEADOWBK,33.924460
D,DISPATCH,UNIT_SCADA,1,"2019/08/20 05:00:00",MERCER01,125.3650
D,DISPATCH,UNIT_SCADA,1,"2019/08/20 05:00:00",MEWF1,40.122370
D,DISPATCH,UNIT_SCADA,1,"2019/08/20 05:00:00",MINTARO,0
D,DISPATCH,UNIT_SCADA,1,"2019/08/20 05:00:00",MOREESF1,0
D,DISPATCH,UNIT_SCADA,1,"2019/08/20 05:00:00",MORTLK11,124
D,DISPATCH,UNIT_SCADA,1,"2019/08/20 05:00:00",MORTLK12,0
D,DISPATCH,UNIT_SCADA,1,"2019/08/20 05:00:00",MP1,276.50
D,DISPATCH,UNIT_SCADA,1,"2019/08/20 05:00:00",MP2,0
D,DISPATCH,UNIT_SCADA,1,"2019/08/20 05:00:00",MPP_1,427.75
D,DISPATCH,UNIT_SCADA,1,"2019/08/20 05:00:00",MPP_2,435.50
D,DISPATCH,UNIT_SCADA,1,"2019/08/20 05:00:00",MSTUART1,0
D,DISPATCH,UNIT_SCADA,1,"2019/08/20 05:00:00",MSTUART2,0
D,DISPATCH,UNIT_SCADA,1,"2019/08/20 05:00:00",MSTUART3,0
D,DISPATCH,UNIT_SCADA,1,"2019/08/20 05:00:00",MTGELWF1,64.462720
D,DISPATCH,UNIT_SCADA,1,"2019/08/20 05:00:00",MURRAY,0
D,DISPATCH,UNIT_SCADA,1,"2019/08/20 05:00:00",MUSSELR1,144.50
D,DISPATCH,UNIT_SCADA,1,"2019/08/20 05:00:00",MUWAWF1,39.82
D,DISPATCH,UNIT_SCADA,1,"2019/08/20 05:00:00",NBHWF1,68.80
D,DISPATCH,UNIT_SCADA,1,"2019/08/20 05:00:00",NPS,0
D,DISPATCH,UNIT_SCADA,1,"2019/08/20 05:00:00",NUMURSF1,0
D,DISPATCH,UNIT_SCADA,1,"2019/08/20 05:00:00",NYNGAN1,0
D,DISPATCH,UNIT_SCADA,1,"2019/08/20 05:00:00",OAKEY1,0
D,DISPATCH,UNIT_SCADA,1,"2019/08/20 05:00:00",OAKEY1SF,0
D,DISPATCH,UNIT_SCADA,1,"2019/08/20 05:00:00",OAKEY2,0
D,DISPATCH,UNIT_SCADA,1,"2019/08/20 05:00:00",OAKLAND1,61.20
D,DISPATCH,UNIT_SCADA,1,"2019/08/20 05:00:00",OSB-AG,140.540010
D,DISPATCH,UNIT_SCADA,1,"2019/08/20 05:00:00",PARSF1,0
D,DISPATCH,UNIT_SCADA,1,"2019/08/20 05:00:00",POAT110,0
D,DISPATCH,UNIT_SCADA,1,"2019/08/20 05:00:00",POAT220,3.14
D,DISPATCH,UNIT_SCADA,1,"2019/08/20 05:00:00",POR01,0
D,DISPATCH,UNIT_SCADA,1,"2019/08/20 05:00:00",POR03,0
D,DISPATCH,UNIT_SCADA,1,"2019/08/20 05:00:00",PPCCGT,0
D,DISPATCH,UNIT_SCADA,1,"2019/08/20 05:00:00",PTSTAN1,0
D,DISPATCH,UNIT_SCADA,1,"2019/08/20 05:00:00",PUMP1,0
D,DISPATCH,UNIT_SCADA,1,"2019/08/20 05:00:00",PUMP2,0
D,DISPATCH,UNIT_SCADA,1,"2019/08/20 05:00:00",QPS1,0
D,DISPATCH,UNIT_SCADA,1,"2019/08/20 05:00:00",QPS2,0
D,DISPATCH,UNIT_SCADA,1,"2019/08/20 05:00:00",QPS3,0
D,DISPATCH,UNIT_SCADA,1,"2019/08/20 05:00:00",QPS4,0
D,DISPATCH,UNIT_SCADA,1,"2019/08/20 05:00:00",QPS5,0
D,DISPATCH,UNIT_SCADA,1,"2019/08/20 05:00:00",REECE1,114.770010
D,DISPATCH,UNIT_SCADA,1,"2019/08/20 05:00:00",REECE2,114.850010
D,DISPATCH,UNIT_SCADA,1,"2019/08/20 05:00:00",ROMA_7,0
D,DISPATCH,UNIT_SCADA,1,"2019/08/20 05:00:00",ROMA_8,0
D,DISPATCH,UNIT_SCADA,1,"2019/08/20 05:00:00",RRSF1,0
D,DISPATCH,UNIT_SCADA,1,"2019/08/20 05:00:00",RT_NSW1,0
D,DISPATCH,UNIT_SCADA,1,"2019/08/20 05:00:00",RT_NSW2,0
D,DISPATCH,UNIT_SCADA,1,"2019/08/20 05:00:00",RT_NSW3,0
D,DISPATCH,UNIT_SCADA,1,"2019/08/20 05:00:00",RT_NSW4,0
D,DISPATCH,UNIT_SCADA,1,"2019/08/20 05:00:00",RT_NSW5,0
D,DISPATCH,UNIT_SCADA,1,"2019/08/20 05:00:00",RT_NSW6,0
D,DISPATCH,UNIT_SCADA,1,"2019/08/20 05:00:00",RT_QLD1,0
D,DISPATCH,UNIT_SCADA,1,"2019/08/20 05:00:00",RT_SA1,0
D,DISPATCH,UNIT_SCADA,1,"2019/08/20 05:00:00",RT_SA2,0
D,DISPATCH,UNIT_SCADA,1,"2019/08/20 05:00:00",RT_SA3,0
D,DISPATCH,UNIT_SCADA,1,"2019/08/20 05:00:00",RT_SA4,0
D,DISPATCH,UNIT_SCADA,1,"2019/08/20 05:00:00",RT_SA5,0
D,DISPATCH,UNIT_SCADA,1,"2019/08/20 05:00:00",RT_SA6,0
D,DISPATCH,UNIT_SCADA,1,"2019/08/20 05:00:00",RT_TAS1,0
D,DISPATCH,UNIT_SCADA,1,"2019/08/20 05:00:00",RT_VIC1,0
D,DISPATCH,UNIT_SCADA,1,"2019/08/20 05:00:00",RT_VIC10,0
D,DISPATCH,UNIT_SCADA,1,"2019/08/20 05:00:00",RT_VIC11,0
D,DISPATCH,UNIT_SCADA,1,"2019/08/20 05:00:00",RT_VIC12,0
D,DISPATCH,UNIT_SCADA,1,"2019/08/20 05:00:00",RT_VIC2,0
D,DISPATCH,UNIT_SCADA,1,"2019/08/20 05:00:00",RT_VIC3,0
D,DISPATCH,UNIT_SCADA,1,"2019/08/20 05:00:00",RT_VIC4,0
D,DISPATCH,UNIT_SCADA,1,"2019/08/20 05:00:00",RT_VIC5,0
D,DISPATCH,UNIT_SCADA,1,"2019/08/20 05:00:00",RT_VIC6,0
D,DISPATCH,UNIT_SCADA,1,"2019/08/20 05:00:00",RT_VIC7,0
D,DISPATCH,UNIT_SCADA,1,"2019/08/20 05:00:00",RT_VIC8,0
D,DISPATCH,UNIT_SCADA,1,"2019/08/20 05:00:00",RT_VIC9,0
D,DISPATCH,UNIT_SCADA,1,"2019/08/20 05:00:00",RUGBYR1,0
D,DISPATCH,UNIT_SCADA,1,"2019/08/20 05:00:00",SALTCRK1,51.84
D,DISPATCH,UNIT_SCADA,1,"2019/08/20 05:00:00",SAPHWF1,137.465610
D,DISPATCH,UNIT_SCADA,1,"2019/08/20 05:00:00",SHGEN,0
D,DISPATCH,UNIT_SCADA,1,"2019/08/20 05:00:00",SHPUMP,0
D,DISPATCH,UNIT_SCADA,1,"2019/08/20 05:00:00",SITHE01,0.123710
D,DISPATCH,UNIT_SCADA,1,"2019/08/20 05:00:00",SMCSF1,0
D,DISPATCH,UNIT_SCADA,1,"2019/08/20 05:00:00",SNOWNTH1,17.30
D,DISPATCH,UNIT_SCADA,1,"2019/08/20 05:00:00",SNOWSTH1,58.30
D,DISPATCH,UNIT_SCADA,1,"2019/08/20 05:00:00",SNOWTWN1,27.516240
D,DISPATCH,UNIT_SCADA,1,"2019/08/20 05:00:00",SNOWYP,379.50
D,DISPATCH,UNIT_SCADA,1,"2019/08/20 05:00:00",SNUG1,0.019440
D,DISPATCH,UNIT_SCADA,1,"2019/08/20 05:00:00",SRSF1,0
D,DISPATCH,UNIT_SCADA,1,"2019/08/20 05:00:00",STAN-1,0
D,DISPATCH,UNIT_SCADA,1,"2019/08/20 05:00:00",STAN-2,206.148680
D,DISPATCH,UNIT_SCADA,1,"2019/08/20 05:00:00",STAN-3,223.170720
D,DISPATCH,UNIT_SCADA,1,"2019/08/20 05:00:00",STAN-4,216.1722
D,DISPATCH,UNIT_SCADA,1,"2019/08/20 05:00:00",STWF1,148.522490
D,DISPATCH,UNIT_SCADA,1,"2019/08/20 05:00:00",SWAN_E,0
D,DISPATCH,UNIT_SCADA,1,"2019/08/20 05:00:00",TALWA1,190
D,DISPATCH,UNIT_SCADA,1,"2019/08/20 05:00:00",TARALGA1,103.267490
D,DISPATCH,UNIT_SCADA,1,"2019/08/20 05:00:00",TARONG#1,234.70
D,DISPATCH,UNIT_SCADA,1,"2019/08/20 05:00:00",TARONG#2,234.400010
D,DISPATCH,UNIT_SCADA,1,"2019/08/20 05:00:00",TARONG#3,179.900010
D,DISPATCH,UNIT_SCADA,1,"2019/08/20 05:00:00",TARONG#4,225.80
D,DISPATCH,UNIT_SCADA,1,"2019/08/20 05:00:00",TARRALEA,79
D,DISPATCH,UNIT_SCADA,1,"2019/08/20 05:00:00",TBSF1,-0.20
D,DISPATCH,UNIT_SCADA,1,"2019/08/20 05:00:00",TNPS1,299.50
D,DISPATCH,UNIT_SCADA,1,"2019/08/20 05:00:00",TORRA1,42.9136
D,DISPATCH,UNIT_SCADA,1,"2019/08/20 05:00:00",TORRA2,0
D,DISPATCH,UNIT_SCADA,1,"2019/08/20 05:00:00",TORRA3,41.975280
D,DISPATCH,UNIT_SCADA,1,"2019/08/20 05:00:00",TORRA4,0
D,DISPATCH,UNIT_SCADA,1,"2019/08/20 05:00:00",TORRB1,39.26
D,DISPATCH,UNIT_SCADA,1,"2019/08/20 05:00:00",TORRB2,39.43
D,DISPATCH,UNIT_SCADA,1,"2019/08/20 05:00:00",TORRB3,0
D,DISPATCH,UNIT_SCADA,1,"2019/08/20 05:00:00",TORRB4,0
D,DISPATCH,UNIT_SCADA,1,"2019/08/20 05:00:00",TREVALLN,2.20
D,DISPATCH,UNIT_SCADA,1,"2019/08/20 05:00:00",TRIBUTE,84.93
D,DISPATCH,UNIT_SCADA,1,"2019/08/20 05:00:00",TUMUT3,0
D,DISPATCH,UNIT_SCADA,1,"2019/08/20 05:00:00",TUNGATIN,2.50
D,DISPATCH,UNIT_SCADA,1,"2019/08/20 05:00:00",TVCC201,0
D,DISPATCH,UNIT_SCADA,1,"2019/08/20 05:00:00",TVPP104,0
D,DISPATCH,UNIT_SCADA,1,"2019/08/20 05:00:00",UPPTUMUT,0
D,DISPATCH,UNIT_SCADA,1,"2019/08/20 05:00:00",URANQ11,0
D,DISPATCH,UNIT_SCADA,1,"2019/08/20 05:00:00",URANQ12,0
D,DISPATCH,UNIT_SCADA,1,"2019/08/20 05:00:00",URANQ13,0
D,DISPATCH,UNIT_SCADA,1,"2019/08/20 05:00:00",URANQ14,0
D,DISPATCH,UNIT_SCADA,1,"2019/08/20 05:00:00",VP5,382.8750
D,DISPATCH,UNIT_SCADA,1,"2019/08/20 05:00:00",VP6,360.700010
D,DISPATCH,UNIT_SCADA,1,"2019/08/20 05:00:00",VPGS1,0
D,DISPATCH,UNIT_SCADA,1,"2019/08/20 05:00:00",VPGS2,0
D,DISPATCH,UNIT_SCADA,1,"2019/08/20 05:00:00",VPGS3,0
D,DISPATCH,UNIT_SCADA,1,"2019/08/20 05:00:00",VPGS4,0
D,DISPATCH,UNIT_SCADA,1,"2019/08/20 05:00:00",VPGS5,0
D,DISPATCH,UNIT_SCADA,1,"2019/08/20 05:00:00",VPGS6,0
D,DISPATCH,UNIT_SCADA,1,"2019/08/20 05:00:00",W/HOE#1,0
D,DISPATCH,UNIT_SCADA,1,"2019/08/20 05:00:00",W/HOE#2,0
D,DISPATCH,UNIT_SCADA,1,"2019/08/20 05:00:00",WATERLWF,100.10
D,DISPATCH,UNIT_SCADA,1,"2019/08/20 05:00:00",WEMENSF1,0
D,DISPATCH,UNIT_SCADA,1,"2019/08/20 05:00:00",WGWF1,78.60
D,DISPATCH,UNIT_SCADA,1,"2019/08/20 05:00:00",WHITSF1,0
D,DISPATCH,UNIT_SCADA,1,"2019/08/20 05:00:00",WKIEWA1,30.10
D,DISPATCH,UNIT_SCADA,1,"2019/08/20 05:00:00",WKIEWA2,17.10
D,DISPATCH,UNIT_SCADA,1,"2019/08/20 05:00:00",WOODLWN1,45.126010
D,DISPATCH,UNIT_SCADA,1,"2019/08/20 05:00:00",WRSF1,0
D,DISPATCH,UNIT_SCADA,1,"2019/08/20 05:00:00",WRWF1,65.757510
D,DISPATCH,UNIT_SCADA,1,"2019/08/20 05:00:00",YABULU,0
D,DISPATCH,UNIT_SCADA,1,"2019/08/20 05:00:00",YABULU2,0
D,DISPATCH,UNIT_SCADA,1,"2019/08/20 05:00:00",YARWUN_1,0
D,DISPATCH,UNIT_SCADA,1,"2019/08/20 05:00:00",YENDWF1,41.86
D,DISPATCH,UNIT_SCADA,1,"2019/08/20 05:00:00",YWPS1,362.154420
D,DISPATCH,UNIT_SCADA,1,"2019/08/20 05:00:00",YWPS2,278.192410
D,DISPATCH,UNIT_SCADA,1,"2019/08/20 05:00:00",YWPS3,0
D,DISPATCH,UNIT_SCADA,1,"2019/08/20 05:00:00",YWPS4,391.286070
C,"END OF REPORT",334
