C,NEMP.WORLD,DISPATCHSCADA,AEMO,PUBLIC,2019/08/19,15:25:08,0000000311750573,DISPATCHSCADA,0000000311750567
I,DISPATCH,UNIT_SCADA,1,SETTLEMENTDATE,DUID,SCADAVALUE
D,DISPATCH,UNIT_SCADA,1,"2019/08/19 15:30:00",BARCSF1,17.400002
D,DISPATCH,UNIT_SCADA,1,"2019/08/19 15:30:00",BUTLERSG,9.699999
D,DISPATCH,UNIT_SCADA,1,"2019/08/19 15:30:00",CALL_A_4,0
D,DISPATCH,UNIT_SCADA,1,"2019/08/19 15:30:00",CAPTL_WF,130.679993
D,DISPATCH,UNIT_SCADA,1,"2019/08/19 15:30:00",CATHROCK,15.029999
D,DISPATCH,UNIT_SCADA,1,"2019/08/19 15:30:00",CHALLHWF,16.10
D,DISPATCH,UNIT_SCADA,1,"2019/08/19 15:30:00",CLOVER,0
D,DISPATCH,UNIT_SCADA,1,"2019/08/19 15:30:00",CLUNY,17.287708
D,DISPATCH,UNIT_SCADA,1,"2019/08/19 15:30:00",CNUNDAWF,22.225929
D,DISPATCH,UNIT_SCADA,1,"2019/08/19 15:30:00",CULLRGWF,30.43
D,DISPATCH,UNIT_SCADA,1,"2019/08/19 15:30:00",ERGT01,0
D,DISPATCH,UNIT_SCADA,1,"2019/08/19 15:30:00",GB01,0.065208
D,DISPATCH,UNIT_SCADA,1,"2019/08/19 15:30:00",GERMCRK,35.400002
D,DISPATCH,UNIT_SCADA,1,"2019/08/19 15:30:00",GRIFSF1,17.999992
D,DISPATCH,UNIT_SCADA,1,"2019/08/19 15:30:00",HUGSF1,8.8230
D,DISPATCH,UNIT_SCADA,1,"2019/08/19 15:30:00",LKBONNY1,33.580322
D,DISPATCH,UNIT_SCADA,1,"2019/08/19 15:30:00",LRSF1,10.9370
D,DISPATCH,UNIT_SCADA,1,"2019/08/19 15:30:00",MBAHNTH,55.368744
D,DISPATCH,UNIT_SCADA,1,"2019/08/19 15:30:00",MLSP1,5.390001
D,DISPATCH,UNIT_SCADA,1,"2019/08/19 15:30:00",MLWF1,13.23
D,DISPATCH,UNIT_SCADA,1,"2019/08/19 15:30:00",MTMILLAR,2.210069
D,DISPATCH,UNIT_SCADA,1,"2019/08/19 15:30:00",PALOONA,24.789999
D,DISPATCH,UNIT_SCADA,1,"2019/08/19 15:30:00",PIONEER,44.700001
D,DISPATCH,UNIT_SCADA,1,"2019/08/19 15:30:00",PORTWF,105.50
D,DISPATCH,UNIT_SCADA,1,"2019/08/19 15:30:00",REPULSE,29.152666
D,DISPATCH,UNIT_SCADA,1,"2019/08/19 15:30:00",ROWALLAN,9.9187
D,DISPATCH,UNIT_SCADA,1,"2019/08/19 15:30:00",ROYALLA1,3.187001
D,DISPATCH,UNIT_SCADA,1,"2019/08/19 15:30:00",RPCG,-0.90
D,DISPATCH,UNIT_SCADA,1,"2019/08/19 15:30:00",RUBICON,0
D,DISPATCH,UNIT_SCADA,1,"2019/08/19 15:30:00",SATGN1,0
D,DISPATCH,UNIT_SCADA,1,"2019/08/19 15:30:00",SATGS1,0
D,DISPATCH,UNIT_SCADA,1,"2019/08/19 15:30:00",STARHLWF,6.997959
D,DISPATCH,UNIT_SCADA,1,"2019/08/19 15:30:00",WAUBRAWF,134.983002
D,DISPATCH,UNIT_SCADA,1,"2019/08/19 15:30:00",WOOLNTH1,124.820023
D,DISPATCH,UNIT_SCADA,1,"2019/08/19 15:30:00",WPWF,33
D,DISPATCH,UNIT_SCADA,1,"2019/08/19 15:30:00",YAMBUKWF,28.10
D,DISPATCH,UNIT_SCADA,1,"2019/08/19 15:30:00",YSWF1,26
D,DISPATCH,UNIT_SCADA,1,"2019/08/19 15:30:00",AGLHAL,0
D,DISPATCH,UNIT_SCADA,1,"2019/08/19 15:30:00",AGLSOM,0
D,DISPATCH,UNIT_SCADA,1,"2019/08/19 15:30:00",ANGAST1,0
D,DISPATCH,UNIT_SCADA,1,"2019/08/19 15:30:00",ARWF1,65.30
D,DISPATCH,UNIT_SCADA,1,"2019/08/19 15:30:00",BALBG1,0
D,DISPATCH,UNIT_SCADA,1,"2019/08/19 15:30:00",BALBL1,0
D,DISPATCH,UNIT_SCADA,1,"2019/08/19 15:30:00",BALDHWF1,103.3480
D,DISPATCH,UNIT_SCADA,1,"2019/08/19 15:30:00",BANN1,0
D,DISPATCH,UNIT_SCADA,1,"2019/08/19 15:30:00",BARCALDN,0
D,DISPATCH,UNIT_SCADA,1,"2019/08/19 15:30:00",BARRON-1,0
D,DISPATCH,UNIT_SCADA,1,"2019/08/19 15:30:00",BARRON-2,25.44
D,DISPATCH,UNIT_SCADA,1,"2019/08/19 15:30:00",BASTYAN,80.560010
D,DISPATCH,UNIT_SCADA,1,"2019/08/19 15:30:00",BBTHREE1,0
D,DISPATCH,UNIT_SCADA,1,"2019/08/19 15:30:00",BBTHREE2,0
D,DISPATCH,UNIT_SCADA,1,"2019/08/19 15:30:00",BBTHREE3,0
D,DISPATCH,UNIT_SCADA,1,"2019/08/19 15:30:00",BDL01,0
D,DISPATCH,UNIT_SCADA,1,"2019/08/19 15:30:00",BDL02,0
D,DISPATCH,UNIT_SCADA,1,"2019/08/19 15:30:00",BERYLSF1,13.071750
D,DISPATCH,UNIT_SCADA,1,"2019/08/19 15:30:00",BLOWERNG,0
D,DISPATCH,UNIT_SCADA,1,"2019/08/19 15:30:00",BLUFF1,19.60
D,DISPATCH,UNIT_SCADA,1,"2019/08/19 15:30:00",BNGSF1,94.33
D,DISPATCH,UNIT_SCADA,1,"2019/08/19 15:30:00",BNGSF2,20.31
D,DISPATCH,UNIT_SCADA,1,"2019/08/19 15:30:00",BOCORWF1,111.14
D,DISPATCH,UNIT_SCADA,1,"2019/08/19 15:30:00",BODWF1,106.2309
D,DISPATCH,UNIT_SCADA,1,"2019/08/19 15:30:00",BRAEMAR1,0
D,DISPATCH,UNIT_SCADA,1,"2019/08/19 15:30:00",BRAEMAR2,0
D,DISPATCH,UNIT_SCADA,1,"2019/08/19 15:30:00",BRAEMAR3,0
D,DISPATCH,UNIT_SCADA,1,"2019/08/19 15:30:00",BRAEMAR5,0
D,DISPATCH,UNIT_SCADA,1,"2019/08/19 15:30:00",BRAEMAR6,0
D,DISPATCH,UNIT_SCADA,1,"2019/08/19 15:30:00",BRAEMAR7,0
D,DISPATCH,UNIT_SCADA,1,"2019/08/19 15:30:00",BROKENH1,23.653560
D,DISPATCH,UNIT_SCADA,1,"2019/08/19 15:30:00",BW01,639
D,DISPATCH,UNIT_SCADA,1,"2019/08/19 15:30:00",BW02,639.775020
D,DISPATCH,UNIT_SCADA,1,"2019/08/19 15:30:00",BW03,642.849980
D,DISPATCH,UNIT_SCADA,1,"2019/08/19 15:30:00",BW04,0
D,DISPATCH,UNIT_SCADA,1,"2019/08/19 15:30:00",CALL_B_1,349.50
D,DISPATCH,UNIT_SCADA,1,"2019/08/19 15:30:00",CALL_B_2,279.300020
D,DISPATCH,UNIT_SCADA,1,"2019/08/19 15:30:00",CETHANA,80.341750
D,DISPATCH,UNIT_SCADA,1,"2019/08/19 15:30:00",CG1,0
D,DISPATCH,UNIT_SCADA,1,"2019/08/19 15:30:00",CG2,0
D,DISPATCH,UNIT_SCADA,1,"2019/08/19 15:30:00",CG3,0
D,DISPATCH,UNIT_SCADA,1,"2019/08/19 15:30:00",CG4,0
D,DISPATCH,UNIT_SCADA,1,"2019/08/19 15:30:00",CHILDSF1,40.06
D,DISPATCH,UNIT_SCADA,1,"2019/08/19 15:30:00",CLARESF1,40.6016
D,DISPATCH,UNIT_SCADA,1,"2019/08/19 15:30:00",CLEMGPWF,13.326480
D,DISPATCH,UNIT_SCADA,1,"2019/08/19 15:30:00",CLERMSF1,14.97
D,DISPATCH,UNIT_SCADA,1,"2019/08/19 15:30:00",COLEASF1,57.40
D,DISPATCH,UNIT_SCADA,1,"2019/08/19 15:30:00",COOPGWF1,33.859980
D,DISPATCH,UNIT_SCADA,1,"2019/08/19 15:30:00",CPP_3,386.100010
D,DISPATCH,UNIT_SCADA,1,"2019/08/19 15:30:00",CPP_4,387.75
D,DISPATCH,UNIT_SCADA,1,"2019/08/19 15:30:00",CPSA,143.003130
D,DISPATCH,UNIT_SCADA,1,"2019/08/19 15:30:00",CROOKWF2,88.2750
D,DISPATCH,UNIT_SCADA,1,"2019/08/19 15:30:00",CROWLWF1,22.054910
D,DISPATCH,UNIT_SCADA,1,"2019/08/19 15:30:00",CSPVPS1,26.4590
D,DISPATCH,UNIT_SCADA,1,"2019/08/19 15:30:00",DALNTH01,0
D,DISPATCH,UNIT_SCADA,1,"2019/08/19 15:30:00",DALNTHL1,0.077820
D,DISPATCH,UNIT_SCADA,1,"2019/08/19 15:30:00",DARTM1,0
D,DISPATCH,UNIT_SCADA,1,"2019/08/19 15:30:00",DAYDSF1,106.6920
D,DISPATCH,UNIT_SCADA,1,"2019/08/19 15:30:00",DDPS1,162.221310
D,DISPATCH,UNIT_SCADA,1,"2019/08/19 15:30:00",DDSF1,65.015810
D,DISPATCH,UNIT_SCADA,1,"2019/08/19 15:30:00",DEVILS_G,0
D,DISPATCH,UNIT_SCADA,1,"2019/08/19 15:30:00",DG_NSW1,0
D,DISPATCH,UNIT_SCADA,1,"2019/08/19 15:30:00",DG_QLD1,0
D,DISPATCH,UNIT_SCADA,1,"2019/08/19 15:30:00",DG_SA1,0
D,DISPATCH,UNIT_SCADA,1,"2019/08/19 15:30:00",DG_TAS1,0
D,DISPATCH,UNIT_SCADA,1,"2019/08/19 15:30:00",DG_VIC1,0
D,DISPATCH,UNIT_SCADA,1,"2019/08/19 15:30:00",DRYCGT1,0
D,DISPATCH,UNIT_SCADA,1,"2019/08/19 15:30:00",DRYCGT2,0
D,DISPATCH,UNIT_SCADA,1,"2019/08/19 15:30:00",DRYCGT3,0
D,DISPATCH,UNIT_SCADA,1,"2019/08/19 15:30:00",EILDON1,0
D,DISPATCH,UNIT_SCADA,1,"2019/08/19 15:30:00",EILDON2,0
D,DISPATCH,UNIT_SCADA,1,"2019/08/19 15:30:00",EMERASF1,57.90
D,DISPATCH,UNIT_SCADA,1,"2019/08/19 15:30:00",ER01,402.50
D,DISPATCH,UNIT_SCADA,1,"2019/08/19 15:30:00",ER02,402.275020
D,DISPATCH,UNIT_SCADA,1,"2019/08/19 15:30:00",ER03,399.525020
D,DISPATCH,UNIT_SCADA,1,"2019/08/19 15:30:00",ER04,398.849980
D,DISPATCH,UNIT_SCADA,1,"2019/08/19 15:30:00",FINLYSF1,1.299380
D,DISPATCH,UNIT_SCADA,1,"2019/08/19 15:30:00",FISHER,45.94
D,DISPATCH,UNIT_SCADA,1,"2019/08/19 15:30:00",GANNBG1,0
D,DISPATCH,UNIT_SCADA,1,"2019/08/19 15:30:00",GANNBL1,8.362420
D,DISPATCH,UNIT_SCADA,1,"2019/08/19 15:30:00",GANNSF1,42
D,DISPATCH,UNIT_SCADA,1,"2019/08/19 15:30:00",GORDON,62.681360
D,DISPATCH,UNIT_SCADA,1,"2019/08/19 15:30:00",GSTONE1,134.75
D,DISPATCH,UNIT_SCADA,1,"2019/08/19 15:30:00",GSTONE2,130.20
D,DISPATCH,UNIT_SCADA,1,"2019/08/19 15:30:00",GSTONE3,135.6250
D,DISPATCH,UNIT_SCADA,1,"2019/08/19 15:30:00",GSTONE4,136.149990
D,DISPATCH,UNIT_SCADA,1,"2019/08/19 15:30:00",GSTONE5,135.099990
D,DISPATCH,UNIT_SCADA,1,"2019/08/19 15:30:00",GSTONE6,0
D,DISPATCH,UNIT_SCADA,1,"2019/08/19 15:30:00",GULLRSF1,0.9830
D,DISPATCH,UNIT_SCADA,1,"2019/08/19 15:30:00",GULLRWF1,151.0354
D,DISPATCH,UNIT_SCADA,1,"2019/08/19 15:30:00",GUNNING1,44.740090
D,DISPATCH,UNIT_SCADA,1,"2019/08/19 15:30:00",GUTHEGA,31
D,DISPATCH,UNIT_SCADA,1,"2019/08/19 15:30:00",HALLWF1,41.67
D,DISPATCH,UNIT_SCADA,1,"2019/08/19 15:30:00",HALLWF2,48.10
D,DISPATCH,UNIT_SCADA,1,"2019/08/19 15:30:00",HAMISF1,43.80
D,DISPATCH,UNIT_SCADA,1,"2019/08/19 15:30:00",HAUGHT11,49.950720
D,DISPATCH,UNIT_SCADA,1,"2019/08/19 15:30:00",HAYMSF1,37.0330
D,DISPATCH,UNIT_SCADA,1,"2019/08/19 15:30:00",HDWF1,29.10
D,DISPATCH,UNIT_SCADA,1,"2019/08/19 15:30:00",HDWF2,46.40
D,DISPATCH,UNIT_SCADA,1,"2019/08/19 15:30:00",HDWF3,44.80
D,DISPATCH,UNIT_SCADA,1,"2019/08/19 15:30:00",HPRG1,1.40
D,DISPATCH,UNIT_SCADA,1,"2019/08/19 15:30:00",HPRL1,0
D,DISPATCH,UNIT_SCADA,1,"2019/08/19 15:30:00",HUMENSW,0
D,DISPATCH,UNIT_SCADA,1,"2019/08/19 15:30:00",HUMEV,8.70
D,DISPATCH,UNIT_SCADA,1,"2019/08/19 15:30:00",HVGTS,0
D,DISPATCH,UNIT_SCADA,1,"2019/08/19 15:30:00",JBUTTERS,137.34
D,DISPATCH,UNIT_SCADA,1,"2019/08/19 15:30:00",JLA01,0.50
D,DISPATCH,UNIT_SCADA,1,"2019/08/19 15:30:00",JLA02,0
D,DISPATCH,UNIT_SCADA,1,"2019/08/19 15:30:00",JLA03,0.10
D,DISPATCH,UNIT_SCADA,1,"2019/08/19 15:30:00",JLA04,0.10
D,DISPATCH,UNIT_SCADA,1,"2019/08/19 15:30:00",JLB01,0
D,DISPATCH,UNIT_SCADA,1,"2019/08/19 15:30:00",JLB02,0.10
D,DISPATCH,UNIT_SCADA,1,"2019/08/19 15:30:00",JLB03,0
D,DISPATCH,UNIT_SCADA,1,"2019/08/19 15:30:00",KAREEYA1,21.5050
D,DISPATCH,UNIT_SCADA,1,"2019/08/19 15:30:00",KAREEYA2,21.7875
D,DISPATCH,UNIT_SCADA,1,"2019/08/19 15:30:00",KAREEYA3,0
D,DISPATCH,UNIT_SCADA,1,"2019/08/19 15:30:00",KAREEYA4,21.54
D,DISPATCH,UNIT_SCADA,1,"2019/08/19 15:30:00",KARSF1,46.10
D,DISPATCH,UNIT_SCADA,1,"2019/08/19 15:30:00",KIATAWF1,26.50
D,DISPATCH,UNIT_SCADA,1,"2019/08/19 15:30:00",KPP_1,0
D,DISPATCH,UNIT_SCADA,1,"2019/08/19 15:30:00",KSP1,32.70
D,DISPATCH,UNIT_SCADA,1,"2019/08/19 15:30:00",LADBROK1,0
D,DISPATCH,UNIT_SCADA,1,"2019/08/19 15:30:00",LADBROK2,0
D,DISPATCH,UNIT_SCADA,1,"2019/08/19 15:30:00",LD01,357.862430
D,DISPATCH,UNIT_SCADA,1,"2019/08/19 15:30:00",LD02,353.6250
D,DISPATCH,UNIT_SCADA,1,"2019/08/19 15:30:00",LD03,352.949980
D,DISPATCH,UNIT_SCADA,1,"2019/08/19 15:30:00",LD04,357.712430
D,DISPATCH,UNIT_SCADA,1,"2019/08/19 15:30:00",LEM_WIL,79.2984
D,DISPATCH,UNIT_SCADA,1,"2019/08/19 15:30:00",LGAPWF1,17.12
D,DISPATCH,UNIT_SCADA,1,"2019/08/19 15:30:00",LILYSF1,82.313210
D,DISPATCH,UNIT_SCADA,1,"2019/08/19 15:30:00",LI_WY_CA,147.908980
D,DISPATCH,UNIT_SCADA,1,"2019/08/19 15:30:00",LKBONNY2,84.016580
D,DISPATCH,UNIT_SCADA,1,"2019/08/19 15:30:00",LKBONNY3,26.906210
D,DISPATCH,UNIT_SCADA,1,"2019/08/19 15:30:00",LK_ECHO,0
D,DISPATCH,UNIT_SCADA,1,"2019/08/19 15:30:00",LNGS1,0
D,DISPATCH,UNIT_SCADA,1,"2019/08/19 15:30:00",LNGS2,0
D,DISPATCH,UNIT_SCADA,1,"2019/08/19 15:30:00",LONSDALE,0
D,DISPATCH,UNIT_SCADA,1,"2019/08/19 15:30:00",LOYYB1,530.449340
D,DISPATCH,UNIT_SCADA,1,"2019/08/19 15:30:00",LOYYB2,580.8266
D,DISPATCH,UNIT_SCADA,1,"2019/08/19 15:30:00",LYA1,560
D,DISPATCH,UNIT_SCADA,1,"2019/08/19 15:30:00",LYA2,0
D,DISPATCH,UNIT_SCADA,1,"2019/08/19 15:30:00",LYA3,561
D,DISPATCH,UNIT_SCADA,1,"2019/08/19 15:30:00",LYA4,538
D,DISPATCH,UNIT_SCADA,1,"2019/08/19 15:30:00",MACARTH1,95.3978
D,DISPATCH,UNIT_SCADA,1,"2019/08/19 15:30:00",MACKAYGT,0
D,DISPATCH,UNIT_SCADA,1,"2019/08/19 15:30:00",MACKNTSH,85.23
D,DISPATCH,UNIT_SCADA,1,"2019/08/19 15:30:00",MANSLR1,38.6040
D,DISPATCH,UNIT_SCADA,1,"2019/08/19 15:30:00",MCKAY1,0.02
D,DISPATCH,UNIT_SCADA,1,"2019/08/19 15:30:00",MEADOWBK,33.981620
D,DISPATCH,UNIT_SCADA,1,"2019/08/19 15:30:00",MERCER01,101.5590
D,DISPATCH,UNIT_SCADA,1,"2019/08/19 15:30:00",MEWF1,51.789830
D,DISPATCH,UNIT_SCADA,1,"2019/08/19 15:30:00",MINTARO,0
D,DISPATCH,UNIT_SCADA,1,"2019/08/19 15:30:00",MOREESF1,49.1360
D,DISPATCH,UNIT_SCADA,1,"2019/08/19 15:30:00",MORTLK11,149
D,DISPATCH,UNIT_SCADA,1,"2019/08/19 15:30:00",MORTLK12,0
D,DISPATCH,UNIT_SCADA,1,"2019/08/19 15:30:00",MP1,282.549930
D,DISPATCH,UNIT_SCADA,1,"2019/08/19 15:30:00",MP2,0
D,DISPATCH,UNIT_SCADA,1,"2019/08/19 15:30:00",MPP_1,372.50
D,DISPATCH,UNIT_SCADA,1,"2019/08/19 15:30:00",MPP_2,416.50
D,DISPATCH,UNIT_SCADA,1,"2019/08/19 15:30:00",MSTUART1,0
D,DISPATCH,UNIT_SCADA,1,"2019/08/19 15:30:00",MSTUART2,0
D,DISPATCH,UNIT_SCADA,1,"2019/08/19 15:30:00",MSTUART3,0
D,DISPATCH,UNIT_SCADA,1,"2019/08/19 15:30:00",MTGELWF1,64.119380
D,DISPATCH,UNIT_SCADA,1,"2019/08/19 15:30:00",MURRAY,0
D,DISPATCH,UNIT_SCADA,1,"2019/08/19 15:30:00",MUSSELR1,165.799990
D,DISPATCH,UNIT_SCADA,1,"2019/08/19 15:30:00",MUWAWF1,41.24
D,DISPATCH,UNIT_SCADA,1,"2019/08/19 15:30:00",NBHWF1,40.40
D,DISPATCH,UNIT_SCADA,1,"2019/08/19 15:30:00",NPS,157.1250
D,DISPATCH,UNIT_SCADA,1,"2019/08/19 15:30:00",NUMURSF1,57.30
D,DISPATCH,UNIT_SCADA,1,"2019/08/19 15:30:00",NYNGAN1,77.25
D,DISPATCH,UNIT_SCADA,1,"2019/08/19 15:30:00",OAKEY1,0
D,DISPATCH,UNIT_SCADA,1,"2019/08/19 15:30:00",OAKEY1SF,21.5580
D,DISPATCH,UNIT_SCADA,1,"2019/08/19 15:30:00",OAKEY2,0
D,DISPATCH,UNIT_SCADA,1,"2019/08/19 15:30:00",OAKLAND1,33.30
D,DISPATCH,UNIT_SCADA,1,"2019/08/19 15:30:00",OSB-AG,17.82
D,DISPATCH,UNIT_SCADA,1,"2019/08/19 15:30:00",PARSF1,46.20
D,DISPATCH,UNIT_SCADA,1,"2019/08/19 15:30:00",POAT110,1.350960
D,DISPATCH,UNIT_SCADA,1,"2019/08/19 15:30:00",POAT220,23.860320
D,DISPATCH,UNIT_SCADA,1,"2019/08/19 15:30:00",POR01,0
D,DISPATCH,UNIT_SCADA,1,"2019/08/19 15:30:00",POR03,0
D,DISPATCH,UNIT_SCADA,1,"2019/08/19 15:30:00",PPCCGT,258.111390
D,DISPATCH,UNIT_SCADA,1,"2019/08/19 15:30:00",PTSTAN1,0
D,DISPATCH,UNIT_SCADA,1,"2019/08/19 15:30:00",PUMP1,0
D,DISPATCH,UNIT_SCADA,1,"2019/08/19 15:30:00",PUMP2,0
D,DISPATCH,UNIT_SCADA,1,"2019/08/19 15:30:00",QPS1,0
D,DISPATCH,UNIT_SCADA,1,"2019/08/19 15:30:00",QPS2,0
D,DISPATCH,UNIT_SCADA,1,"2019/08/19 15:30:00",QPS3,0
D,DISPATCH,UNIT_SCADA,1,"2019/08/19 15:30:00",QPS4,0
D,DISPATCH,UNIT_SCADA,1,"2019/08/19 15:30:00",QPS5,0
D,DISPATCH,UNIT_SCADA,1,"2019/08/19 15:30:00",REECE1,113.760010
D,DISPATCH,UNIT_SCADA,1,"2019/08/19 15:30:00",REECE2,113.620010
D,DISPATCH,UNIT_SCADA,1,"2019/08/19 15:30:00",ROMA_7,0
D,DISPATCH,UNIT_SCADA,1,"2019/08/19 15:30:00",ROMA_8,0
D,DISPATCH,UNIT_SCADA,1,"2019/08/19 15:30:00",RRSF1,106.5135
D,DISPATCH,UNIT_SCADA,1,"2019/08/19 15:30:00",RT_NSW1,0
D,DISPATCH,UNIT_SCADA,1,"2019/08/19 15:30:00",RT_NSW2,0
D,DISPATCH,UNIT_SCADA,1,"2019/08/19 15:30:00",RT_NSW3,0
D,DISPATCH,UNIT_SCADA,1,"2019/08/19 15:30:00",RT_NSW4,0
D,DISPATCH,UNIT_SCADA,1,"2019/08/19 15:30:00",RT_NSW5,0
D,DISPATCH,UNIT_SCADA,1,"2019/08/19 15:30:00",RT_NSW6,0
D,DISPATCH,UNIT_SCADA,1,"2019/08/19 15:30:00",RT_QLD1,0
D,DISPATCH,UNIT_SCADA,1,"2019/08/19 15:30:00",RT_SA1,0
D,DISPATCH,UNIT_SCADA,1,"2019/08/19 15:30:00",RT_SA2,0
D,DISPATCH,UNIT_SCADA,1,"2019/08/19 15:30:00",RT_SA3,0
D,DISPATCH,UNIT_SCADA,1,"2019/08/19 15:30:00",RT_SA4,0
D,DISPATCH,UNIT_SCADA,1,"2019/08/19 15:30:00",RT_SA5,0
D,DISPATCH,UNIT_SCADA,1,"2019/08/19 15:30:00",RT_SA6,0
D,DISPATCH,UNIT_SCADA,1,"2019/08/19 15:30:00",RT_TAS1,0
D,DISPATCH,UNIT_SCADA,1,"2019/08/19 15:30:00",RT_VIC1,0
D,DISPATCH,UNIT_SCADA,1,"2019/08/19 15:30:00",RT_VIC10,0
D,DISPATCH,UNIT_SCADA,1,"2019/08/19 15:30:00",RT_VIC11,0
D,DISPATCH,UNIT_SCADA,1,"2019/08/19 15:30:00",RT_VIC12,0
D,DISPATCH,UNIT_SCADA,1,"2019/08/19 15:30:00",RT_VIC2,0
D,DISPATCH,UNIT_SCADA,1,"2019/08/19 15:30:00",RT_VIC3,0
D,DISPATCH,UNIT_SCADA,1,"2019/08/19 15:30:00",RT_VIC4,0
D,DISPATCH,UNIT_SCADA,1,"2019/08/19 15:30:00",RT_VIC5,0
D,DISPATCH,UNIT_SCADA,1,"2019/08/19 15:30:00",RT_VIC6,0
D,DISPATCH,UNIT_SCADA,1,"2019/08/19 15:30:00",RT_VIC7,0
D,DISPATCH,UNIT_SCADA,1,"2019/08/19 15:30:00",RT_VIC8,0
D,DISPATCH,UNIT_SCADA,1,"2019/08/19 15:30:00",RT_VIC9,0
D,DISPATCH,UNIT_SCADA,1,"2019/08/19 15:30:00",RUGBYR1,44.883970
D,DISPATCH,UNIT_SCADA,1,"2019/08/19 15:30:00",SALTCRK1,45.90
D,DISPATCH,UNIT_SCADA,1,"2019/08/19 15:30:00",SAPHWF1,194.296880
D,DISPATCH,UNIT_SCADA,1,"2019/08/19 15:30:00",SHGEN,0
D,DISPATCH,UNIT_SCADA,1,"2019/08/19 15:30:00",SHPUMP,121.8875
D,DISPATCH,UNIT_SCADA,1,"2019/08/19 15:30:00",SITHE01,0.043330
D,DISPATCH,UNIT_SCADA,1,"2019/08/19 15:30:00",SMCSF1,60.897210
D,DISPATCH,UNIT_SCADA,1,"2019/08/19 15:30:00",SNOWNTH1,36.70
D,DISPATCH,UNIT_SCADA,1,"2019/08/19 15:30:00",SNOWSTH1,48
D,DISPATCH,UNIT_SCADA,1,"2019/08/19 15:30:00",SNOWTWN1,26.198690
D,DISPATCH,UNIT_SCADA,1,"2019/08/19 15:30:00",SNOWYP,186.20
D,DISPATCH,UNIT_SCADA,1,"2019/08/19 15:30:00",SNUG1,0.019440
D,DISPATCH,UNIT_SCADA,1,"2019/08/19 15:30:00",SRSF1,35.46
D,DISPATCH,UNIT_SCADA,1,"2019/08/19 15:30:00",STAN-1,0
D,DISPATCH,UNIT_SCADA,1,"2019/08/19 15:30:00",STAN-2,282.2095
D,DISPATCH,UNIT_SCADA,1,"2019/08/19 15:30:00",STAN-3,281.5686
D,DISPATCH,UNIT_SCADA,1,"2019/08/19 15:30:00",STAN-4,285.439580
D,DISPATCH,UNIT_SCADA,1,"2019/08/19 15:30:00",STWF1,22.9725
D,DISPATCH,UNIT_SCADA,1,"2019/08/19 15:30:00",SWAN_E,0
D,DISPATCH,UNIT_SCADA,1,"2019/08/19 15:30:00",TALWA1,250
D,DISPATCH,UNIT_SCADA,1,"2019/08/19 15:30:00",TARALGA1,95.328750
D,DISPATCH,UNIT_SCADA,1,"2019/08/19 15:30:00",TARONG#1,281.899990
D,DISPATCH,UNIT_SCADA,1,"2019/08/19 15:30:00",TARONG#2,281.399990
D,DISPATCH,UNIT_SCADA,1,"2019/08/19 15:30:00",TARONG#3,259
D,DISPATCH,UNIT_SCADA,1,"2019/08/19 15:30:00",TARONG#4,280.700010
D,DISPATCH,UNIT_SCADA,1,"2019/08/19 15:30:00",TARRALEA,79
D,DISPATCH,UNIT_SCADA,1,"2019/08/19 15:30:00",TBSF1,0
D,DISPATCH,UNIT_SCADA,1,"2019/08/19 15:30:00",TNPS1,442.000030
D,DISPATCH,UNIT_SCADA,1,"2019/08/19 15:30:00",TORRA1,38.570870
D,DISPATCH,UNIT_SCADA,1,"2019/08/19 15:30:00",TORRA2,0
D,DISPATCH,UNIT_SCADA,1,"2019/08/19 15:30:00",TORRA3,39.500660
D,DISPATCH,UNIT_SCADA,1,"2019/08/19 15:30:00",TORRA4,0
D,DISPATCH,UNIT_SCADA,1,"2019/08/19 15:30:00",TORRB1,41.66
D,DISPATCH,UNIT_SCADA,1,"2019/08/19 15:30:00",TORRB2,41.35
D,DISPATCH,UNIT_SCADA,1,"2019/08/19 15:30:00",TORRB3,0
D,DISPATCH,UNIT_SCADA,1,"2019/08/19 15:30:00",TORRB4,0
D,DISPATCH,UNIT_SCADA,1,"2019/08/19 15:30:00",TREVALLN,39.810020
D,DISPATCH,UNIT_SCADA,1,"2019/08/19 15:30:00",TRIBUTE,84.13
D,DISPATCH,UNIT_SCADA,1,"2019/08/19 15:30:00",TUMUT3,21.36
D,DISPATCH,UNIT_SCADA,1,"2019/08/19 15:30:00",TUNGATIN,121.370030
D,DISPATCH,UNIT_SCADA,1,"2019/08/19 15:30:00",TVCC201,0
D,DISPATCH,UNIT_SCADA,1,"2019/08/19 15:30:00",TVPP104,0
D,DISPATCH,UNIT_SCADA,1,"2019/08/19 15:30:00",UPPTUMUT,0
D,DISPATCH,UNIT_SCADA,1,"2019/08/19 15:30:00",URANQ11,0
D,DISPATCH,UNIT_SCADA,1,"2019/08/19 15:30:00",URANQ12,0
D,DISPATCH,UNIT_SCADA,1,"2019/08/19 15:30:00",URANQ13,0
D,DISPATCH,UNIT_SCADA,1,"2019/08/19 15:30:00",URANQ14,0
D,DISPATCH,UNIT_SCADA,1,"2019/08/19 15:30:00",VP5,425.675020
D,DISPATCH,UNIT_SCADA,1,"2019/08/19 15:30:00",VP6,419.024990
D,DISPATCH,UNIT_SCADA,1,"2019/08/19 15:30:00",VPGS1,0
D,DISPATCH,UNIT_SCADA,1,"2019/08/19 15:30:00",VPGS2,0
D,DISPATCH,UNIT_SCADA,1,"2019/08/19 15:30:00",VPGS3,0
D,DISPATCH,UNIT_SCADA,1,"2019/08/19 15:30:00",VPGS4,0
D,DISPATCH,UNIT_SCADA,1,"2019/08/19 15:30:00",VPGS5,0
D,DISPATCH,UNIT_SCADA,1,"2019/08/19 15:30:00",VPGS6,0
D,DISPATCH,UNIT_SCADA,1,"2019/08/19 15:30:00",W/HOE#1,0
D,DISPATCH,UNIT_SCADA,1,"2019/08/19 15:30:00",W/HOE#2,0
D,DISPATCH,UNIT_SCADA,1,"2019/08/19 15:30:00",WATERLWF,88.60
D,DISPATCH,UNIT_SCADA,1,"2019/08/19 15:30:00",WEMENSF1,0.10
D,DISPATCH,UNIT_SCADA,1,"2019/08/19 15:30:00",WGWF1,48.20
D,DISPATCH,UNIT_SCADA,1,"2019/08/19 15:30:00",WHITSF1,41.90
D,DISPATCH,UNIT_SCADA,1,"2019/08/19 15:30:00",WKIEWA1,0
D,DISPATCH,UNIT_SCADA,1,"2019/08/19 15:30:00",WKIEWA2,0.10
D,DISPATCH,UNIT_SCADA,1,"2019/08/19 15:30:00",WOODLWN1,44.855990
D,DISPATCH,UNIT_SCADA,1,"2019/08/19 15:30:00",WRSF1,11.82
D,DISPATCH,UNIT_SCADA,1,"2019/08/19 15:30:00",WRWF1,156.0975
D,DISPATCH,UNIT_SCADA,1,"2019/08/19 15:30:00",YABULU,0
D,DISPATCH,UNIT_SCADA,1,"2019/08/19 15:30:00",YABULU2,0
D,DISPATCH,UNIT_SCADA,1,"2019/08/19 15:30:00",YARWUN_1,0
D,DISPATCH,UNIT_SCADA,1,"2019/08/19 15:30:00",YENDWF1,42.04
D,DISPATCH,UNIT_SCADA,1,"2019/08/19 15:30:00",YWPS1,363.908870
D,DISPATCH,UNIT_SCADA,1,"2019/08/19 15:30:00",YWPS2,282.954440
D,DISPATCH,UNIT_SCADA,1,"2019/08/19 15:30:00",YWPS3,0
D,DISPATCH,UNIT_SCADA,1,"2019/08/19 15:30:00",YWPS4,398.625310
C,"END OF REPORT",334
