C,NEMP.WORLD,DISPATCHSCADA,AEMO,PUBLIC,2019/08/23,04:50:09,0000000311893944,DISPATCHSCADA,0000000311893938
I,DISPATCH,UNIT_SCADA,1,SETTLEMENTDATE,DUID,SCADAVALUE
D,DISPATCH,UNIT_SCADA,1,"2019/08/23 04:55:00",BARCSF1,0
D,DISPATCH,UNIT_SCADA,1,"2019/08/23 04:55:00",BUTLERSG,9.699999
D,DISPATCH,UNIT_SCADA,1,"2019/08/23 04:55:00",CALL_A_4,0
D,DISPATCH,UNIT_SCADA,1,"2019/08/23 04:55:00",CAPTL_WF,0
D,DISPATCH,UNIT_SCADA,1,"2019/08/23 04:55:00",CATHROCK,48.469997
D,DISPATCH,UNIT_SCADA,1,"2019/08/23 04:55:00",CHALLHWF,0
D,DISPATCH,UNIT_SCADA,1,"2019/08/23 04:55:00",CLOVER,0
D,DISPATCH,UNIT_SCADA,1,"2019/08/23 04:55:00",CLUNY,20.292515
D,DISPATCH,UNIT_SCADA,1,"2019/08/23 04:55:00",CNUNDAWF,4.104789
D,DISPATCH,UNIT_SCADA,1,"2019/08/23 04:55:00",CULLRGWF,4.69
D,DISPATCH,UNIT_SCADA,1,"2019/08/23 04:55:00",ERGT01,0
D,DISPATCH,UNIT_SCADA,1,"2019/08/23 04:55:00",GB01,0.061127
D,DISPATCH,UNIT_SCADA,1,"2019/08/23 04:55:00",GERMCRK,37.900002
D,DISPATCH,UNIT_SCADA,1,"2019/08/23 04:55:00",GRIFSF1,0
D,DISPATCH,UNIT_SCADA,1,"2019/08/23 04:55:00",HUGSF1,-0.2370
D,DISPATCH,UNIT_SCADA,1,"2019/08/23 04:55:00",LKBONNY1,4.018921
D,DISPATCH,UNIT_SCADA,1,"2019/08/23 04:55:00",LRSF1,-0.0130
D,DISPATCH,UNIT_SCADA,1,"2019/08/23 04:55:00",MBAHNTH,55.631256
D,DISPATCH,UNIT_SCADA,1,"2019/08/23 04:55:00",MLSP1,0.180001
D,DISPATCH,UNIT_SCADA,1,"2019/08/23 04:55:00",MLWF1,0.96
D,DISPATCH,UNIT_SCADA,1,"2019/08/23 04:55:00",MTMILLAR,15.998819
D,DISPATCH,UNIT_SCADA,1,"2019/08/23 04:55:00",PALOONA,30.469999
D,DISPATCH,UNIT_SCADA,1,"2019/08/23 04:55:00",PIONEER,46.700001
D,DISPATCH,UNIT_SCADA,1,"2019/08/23 04:55:00",PORTWF,31.700001
D,DISPATCH,UNIT_SCADA,1,"2019/08/23 04:55:00",REPULSE,28.574045
D,DISPATCH,UNIT_SCADA,1,"2019/08/23 04:55:00",ROWALLAN,10.4228
D,DISPATCH,UNIT_SCADA,1,"2019/08/23 04:55:00",ROYALLA1,0
D,DISPATCH,UNIT_SCADA,1,"2019/08/23 04:55:00",RPCG,10.50
D,DISPATCH,UNIT_SCADA,1,"2019/08/23 04:55:00",RUBICON,0
D,DISPATCH,UNIT_SCADA,1,"2019/08/23 04:55:00",SATGN1,0
D,DISPATCH,UNIT_SCADA,1,"2019/08/23 04:55:00",SATGS1,0
D,DISPATCH,UNIT_SCADA,1,"2019/08/23 04:55:00",STARHLWF,2.299330
D,DISPATCH,UNIT_SCADA,1,"2019/08/23 04:55:00",WAUBRAWF,6.1730
D,DISPATCH,UNIT_SCADA,1,"2019/08/23 04:55:00",WOOLNTH1,29.030016
D,DISPATCH,UNIT_SCADA,1,"2019/08/23 04:55:00",WPWF,9
D,DISPATCH,UNIT_SCADA,1,"2019/08/23 04:55:00",YAMBUKWF,3
D,DISPATCH,UNIT_SCADA,1,"2019/08/23 04:55:00",YSWF1,0
D,DISPATCH,UNIT_SCADA,1,"2019/08/23 04:55:00",AGLHAL,0
D,DISPATCH,UNIT_SCADA,1,"2019/08/23 04:55:00",AGLSOM,0
D,DISPATCH,UNIT_SCADA,1,"2019/08/23 04:55:00",ANGAST1,0
D,DISPATCH,UNIT_SCADA,1,"2019/08/23 04:55:00",ARWF1,-0.50
D,DISPATCH,UNIT_SCADA,1,"2019/08/23 04:55:00",BALBG1,0
D,DISPATCH,UNIT_SCADA,1,"2019/08/23 04:55:00",BALBL1,6.05
D,DISPATCH,UNIT_SCADA,1,"2019/08/23 04:55:00",BALDHWF1,10.97
D,DISPATCH,UNIT_SCADA,1,"2019/08/23 04:55:00",BANN1,0
D,DISPATCH,UNIT_SCADA,1,"2019/08/23 04:55:00",BARCALDN,0
D,DISPATCH,UNIT_SCADA,1,"2019/08/23 04:55:00",BARRON-1,0
D,DISPATCH,UNIT_SCADA,1,"2019/08/23 04:55:00",BARRON-2,0
D,DISPATCH,UNIT_SCADA,1,"2019/08/23 04:55:00",BASTYAN,77.87
D,DISPATCH,UNIT_SCADA,1,"2019/08/23 04:55:00",BBTHREE1,-1.90
D,DISPATCH,UNIT_SCADA,1,"2019/08/23 04:55:00",BBTHREE2,-1.94
D,DISPATCH,UNIT_SCADA,1,"2019/08/23 04:55:00",BBTHREE3,0
D,DISPATCH,UNIT_SCADA,1,"2019/08/23 04:55:00",BDL01,0
D,DISPATCH,UNIT_SCADA,1,"2019/08/23 04:55:00",BDL02,0
D,DISPATCH,UNIT_SCADA,1,"2019/08/23 04:55:00",BERYLSF1,-0.179440
D,DISPATCH,UNIT_SCADA,1,"2019/08/23 04:55:00",BLOWERNG,0
D,DISPATCH,UNIT_SCADA,1,"2019/08/23 04:55:00",BLUFF1,8.60
D,DISPATCH,UNIT_SCADA,1,"2019/08/23 04:55:00",BNGSF1,0
D,DISPATCH,UNIT_SCADA,1,"2019/08/23 04:55:00",BNGSF2,0
D,DISPATCH,UNIT_SCADA,1,"2019/08/23 04:55:00",BOCORWF1,19.76
D,DISPATCH,UNIT_SCADA,1,"2019/08/23 04:55:00",BODWF1,51.271010
D,DISPATCH,UNIT_SCADA,1,"2019/08/23 04:55:00",BRAEMAR1,0
D,DISPATCH,UNIT_SCADA,1,"2019/08/23 04:55:00",BRAEMAR2,0
D,DISPATCH,UNIT_SCADA,1,"2019/08/23 04:55:00",BRAEMAR3,0
D,DISPATCH,UNIT_SCADA,1,"2019/08/23 04:55:00",BRAEMAR5,0
D,DISPATCH,UNIT_SCADA,1,"2019/08/23 04:55:00",BRAEMAR6,0
D,DISPATCH,UNIT_SCADA,1,"2019/08/23 04:55:00",BRAEMAR7,0
D,DISPATCH,UNIT_SCADA,1,"2019/08/23 04:55:00",BROKENH1,0
D,DISPATCH,UNIT_SCADA,1,"2019/08/23 04:55:00",BW01,612.549930
D,DISPATCH,UNIT_SCADA,1,"2019/08/23 04:55:00",BW02,616.549930
D,DISPATCH,UNIT_SCADA,1,"2019/08/23 04:55:00",BW03,645.599980
D,DISPATCH,UNIT_SCADA,1,"2019/08/23 04:55:00",BW04,0
D,DISPATCH,UNIT_SCADA,1,"2019/08/23 04:55:00",CALL_B_1,340.700010
D,DISPATCH,UNIT_SCADA,1,"2019/08/23 04:55:00",CALL_B_2,348.700010
D,DISPATCH,UNIT_SCADA,1,"2019/08/23 04:55:00",CETHANA,98.483880
D,DISPATCH,UNIT_SCADA,1,"2019/08/23 04:55:00",CG1,0
D,DISPATCH,UNIT_SCADA,1,"2019/08/23 04:55:00",CG2,0
D,DISPATCH,UNIT_SCADA,1,"2019/08/23 04:55:00",CG3,0
D,DISPATCH,UNIT_SCADA,1,"2019/08/23 04:55:00",CG4,0
D,DISPATCH,UNIT_SCADA,1,"2019/08/23 04:55:00",CHILDSF1,0
D,DISPATCH,UNIT_SCADA,1,"2019/08/23 04:55:00",CLARESF1,0
D,DISPATCH,UNIT_SCADA,1,"2019/08/23 04:55:00",CLEMGPWF,29.678420
D,DISPATCH,UNIT_SCADA,1,"2019/08/23 04:55:00",CLERMSF1,0
D,DISPATCH,UNIT_SCADA,1,"2019/08/23 04:55:00",COLEASF1,0
D,DISPATCH,UNIT_SCADA,1,"2019/08/23 04:55:00",COOPGWF1,9.410410
D,DISPATCH,UNIT_SCADA,1,"2019/08/23 04:55:00",CPP_3,408.649990
D,DISPATCH,UNIT_SCADA,1,"2019/08/23 04:55:00",CPP_4,405.899990
D,DISPATCH,UNIT_SCADA,1,"2019/08/23 04:55:00",CPSA,142.526250
D,DISPATCH,UNIT_SCADA,1,"2019/08/23 04:55:00",CROOKWF2,1.853760
D,DISPATCH,UNIT_SCADA,1,"2019/08/23 04:55:00",CROWLWF1,1.656450
D,DISPATCH,UNIT_SCADA,1,"2019/08/23 04:55:00",CSPVPS1,0
D,DISPATCH,UNIT_SCADA,1,"2019/08/23 04:55:00",DALNTH01,0
D,DISPATCH,UNIT_SCADA,1,"2019/08/23 04:55:00",DALNTHL1,0.114440
D,DISPATCH,UNIT_SCADA,1,"2019/08/23 04:55:00",DARTM1,0
D,DISPATCH,UNIT_SCADA,1,"2019/08/23 04:55:00",DAYDSF1,0
D,DISPATCH,UNIT_SCADA,1,"2019/08/23 04:55:00",DDPS1,255.718170
D,DISPATCH,UNIT_SCADA,1,"2019/08/23 04:55:00",DDSF1,0
D,DISPATCH,UNIT_SCADA,1,"2019/08/23 04:55:00",DEVILS_G,0
D,DISPATCH,UNIT_SCADA,1,"2019/08/23 04:55:00",DG_NSW1,0
D,DISPATCH,UNIT_SCADA,1,"2019/08/23 04:55:00",DG_QLD1,0
D,DISPATCH,UNIT_SCADA,1,"2019/08/23 04:55:00",DG_SA1,0
D,DISPATCH,UNIT_SCADA,1,"2019/08/23 04:55:00",DG_TAS1,0
D,DISPATCH,UNIT_SCADA,1,"2019/08/23 04:55:00",DG_VIC1,0
D,DISPATCH,UNIT_SCADA,1,"2019/08/23 04:55:00",DRYCGT1,0
D,DISPATCH,UNIT_SCADA,1,"2019/08/23 04:55:00",DRYCGT2,0
D,DISPATCH,UNIT_SCADA,1,"2019/08/23 04:55:00",DRYCGT3,0
D,DISPATCH,UNIT_SCADA,1,"2019/08/23 04:55:00",EILDON1,0
D,DISPATCH,UNIT_SCADA,1,"2019/08/23 04:55:00",EILDON2,0
D,DISPATCH,UNIT_SCADA,1,"2019/08/23 04:55:00",EMERASF1,0
D,DISPATCH,UNIT_SCADA,1,"2019/08/23 04:55:00",ER01,489.824950
D,DISPATCH,UNIT_SCADA,1,"2019/08/23 04:55:00",ER02,437.049930
D,DISPATCH,UNIT_SCADA,1,"2019/08/23 04:55:00",ER03,405.1250
D,DISPATCH,UNIT_SCADA,1,"2019/08/23 04:55:00",ER04,489.675050
D,DISPATCH,UNIT_SCADA,1,"2019/08/23 04:55:00",FINLYSF1,0
D,DISPATCH,UNIT_SCADA,1,"2019/08/23 04:55:00",FISHER,45.96
D,DISPATCH,UNIT_SCADA,1,"2019/08/23 04:55:00",GANNBG1,0
D,DISPATCH,UNIT_SCADA,1,"2019/08/23 04:55:00",GANNBL1,6.340580
D,DISPATCH,UNIT_SCADA,1,"2019/08/23 04:55:00",GANNSF1,0
D,DISPATCH,UNIT_SCADA,1,"2019/08/23 04:55:00",GORDON,116.159120
D,DISPATCH,UNIT_SCADA,1,"2019/08/23 04:55:00",GSTONE1,214.724990
D,DISPATCH,UNIT_SCADA,1,"2019/08/23 04:55:00",GSTONE2,210.524990
D,DISPATCH,UNIT_SCADA,1,"2019/08/23 04:55:00",GSTONE3,214.3750
D,DISPATCH,UNIT_SCADA,1,"2019/08/23 04:55:00",GSTONE4,215.0750
D,DISPATCH,UNIT_SCADA,1,"2019/08/23 04:55:00",GSTONE5,214.3750
D,DISPATCH,UNIT_SCADA,1,"2019/08/23 04:55:00",GSTONE6,0
D,DISPATCH,UNIT_SCADA,1,"2019/08/23 04:55:00",GULLRSF1,0
D,DISPATCH,UNIT_SCADA,1,"2019/08/23 04:55:00",GULLRWF1,15.748660
D,DISPATCH,UNIT_SCADA,1,"2019/08/23 04:55:00",GUNNING1,6.327460
D,DISPATCH,UNIT_SCADA,1,"2019/08/23 04:55:00",GUTHEGA,0
D,DISPATCH,UNIT_SCADA,1,"2019/08/23 04:55:00",HALLWF1,38.27
D,DISPATCH,UNIT_SCADA,1,"2019/08/23 04:55:00",HALLWF2,14.93
D,DISPATCH,UNIT_SCADA,1,"2019/08/23 04:55:00",HAMISF1,0
D,DISPATCH,UNIT_SCADA,1,"2019/08/23 04:55:00",HAUGHT11,0
D,DISPATCH,UNIT_SCADA,1,"2019/08/23 04:55:00",HAYMSF1,0
D,DISPATCH,UNIT_SCADA,1,"2019/08/23 04:55:00",HDWF1,52.20
D,DISPATCH,UNIT_SCADA,1,"2019/08/23 04:55:00",HDWF2,55.90
D,DISPATCH,UNIT_SCADA,1,"2019/08/23 04:55:00",HDWF3,55.60
D,DISPATCH,UNIT_SCADA,1,"2019/08/23 04:55:00",HPRG1,0
D,DISPATCH,UNIT_SCADA,1,"2019/08/23 04:55:00",HPRL1,39.60
D,DISPATCH,UNIT_SCADA,1,"2019/08/23 04:55:00",HUMENSW,0
D,DISPATCH,UNIT_SCADA,1,"2019/08/23 04:55:00",HUMEV,9.20
D,DISPATCH,UNIT_SCADA,1,"2019/08/23 04:55:00",HVGTS,0
D,DISPATCH,UNIT_SCADA,1,"2019/08/23 04:55:00",JBUTTERS,142.67
D,DISPATCH,UNIT_SCADA,1,"2019/08/23 04:55:00",JLA01,0.10
D,DISPATCH,UNIT_SCADA,1,"2019/08/23 04:55:00",JLA02,0
D,DISPATCH,UNIT_SCADA,1,"2019/08/23 04:55:00",JLA03,0.10
D,DISPATCH,UNIT_SCADA,1,"2019/08/23 04:55:00",JLA04,0.10
D,DISPATCH,UNIT_SCADA,1,"2019/08/23 04:55:00",JLB01,0
D,DISPATCH,UNIT_SCADA,1,"2019/08/23 04:55:00",JLB02,0.10
D,DISPATCH,UNIT_SCADA,1,"2019/08/23 04:55:00",JLB03,0
D,DISPATCH,UNIT_SCADA,1,"2019/08/23 04:55:00",KAREEYA1,21.5325
D,DISPATCH,UNIT_SCADA,1,"2019/08/23 04:55:00",KAREEYA2,21.46
D,DISPATCH,UNIT_SCADA,1,"2019/08/23 04:55:00",KAREEYA3,0
D,DISPATCH,UNIT_SCADA,1,"2019/08/23 04:55:00",KAREEYA4,21.7150
D,DISPATCH,UNIT_SCADA,1,"2019/08/23 04:55:00",KARSF1,0
D,DISPATCH,UNIT_SCADA,1,"2019/08/23 04:55:00",KIATAWF1,0.30
D,DISPATCH,UNIT_SCADA,1,"2019/08/23 04:55:00",KPP_1,0
D,DISPATCH,UNIT_SCADA,1,"2019/08/23 04:55:00",KSP1,0
D,DISPATCH,UNIT_SCADA,1,"2019/08/23 04:55:00",LADBROK1,0
D,DISPATCH,UNIT_SCADA,1,"2019/08/23 04:55:00",LADBROK2,0
D,DISPATCH,UNIT_SCADA,1,"2019/08/23 04:55:00",LD01,350.906250
D,DISPATCH,UNIT_SCADA,1,"2019/08/23 04:55:00",LD02,298.574980
D,DISPATCH,UNIT_SCADA,1,"2019/08/23 04:55:00",LD03,353.268770
D,DISPATCH,UNIT_SCADA,1,"2019/08/23 04:55:00",LD04,349.837550
D,DISPATCH,UNIT_SCADA,1,"2019/08/23 04:55:00",LEM_WIL,86.137340
D,DISPATCH,UNIT_SCADA,1,"2019/08/23 04:55:00",LGAPWF1,5.72
D,DISPATCH,UNIT_SCADA,1,"2019/08/23 04:55:00",LILYSF1,0
D,DISPATCH,UNIT_SCADA,1,"2019/08/23 04:55:00",LI_WY_CA,150.050110
D,DISPATCH,UNIT_SCADA,1,"2019/08/23 04:55:00",LKBONNY2,11.660420
D,DISPATCH,UNIT_SCADA,1,"2019/08/23 04:55:00",LKBONNY3,3.2935
D,DISPATCH,UNIT_SCADA,1,"2019/08/23 04:55:00",LK_ECHO,0
D,DISPATCH,UNIT_SCADA,1,"2019/08/23 04:55:00",LNGS1,0
D,DISPATCH,UNIT_SCADA,1,"2019/08/23 04:55:00",LNGS2,0
D,DISPATCH,UNIT_SCADA,1,"2019/08/23 04:55:00",LONSDALE,0
D,DISPATCH,UNIT_SCADA,1,"2019/08/23 04:55:00",LOYYB1,535.712650
D,DISPATCH,UNIT_SCADA,1,"2019/08/23 04:55:00",LOYYB2,583.082280
D,DISPATCH,UNIT_SCADA,1,"2019/08/23 04:55:00",LYA1,560
D,DISPATCH,UNIT_SCADA,1,"2019/08/23 04:55:00",LYA2,0
D,DISPATCH,UNIT_SCADA,1,"2019/08/23 04:55:00",LYA3,560
D,DISPATCH,UNIT_SCADA,1,"2019/08/23 04:55:00",LYA4,501
D,DISPATCH,UNIT_SCADA,1,"2019/08/23 04:55:00",MACARTH1,28.699340
D,DISPATCH,UNIT_SCADA,1,"2019/08/23 04:55:00",MACKAYGT,0
D,DISPATCH,UNIT_SCADA,1,"2019/08/23 04:55:00",MACKNTSH,87.59
D,DISPATCH,UNIT_SCADA,1,"2019/08/23 04:55:00",MANSLR1,0
D,DISPATCH,UNIT_SCADA,1,"2019/08/23 04:55:00",MCKAY1,0.02
D,DISPATCH,UNIT_SCADA,1,"2019/08/23 04:55:00",MEADOWBK,33.810140
D,DISPATCH,UNIT_SCADA,1,"2019/08/23 04:55:00",MERCER01,2.9440
D,DISPATCH,UNIT_SCADA,1,"2019/08/23 04:55:00",MEWF1,55.173120
D,DISPATCH,UNIT_SCADA,1,"2019/08/23 04:55:00",MINTARO,0
D,DISPATCH,UNIT_SCADA,1,"2019/08/23 04:55:00",MOREESF1,0
D,DISPATCH,UNIT_SCADA,1,"2019/08/23 04:55:00",MORTLK11,162
D,DISPATCH,UNIT_SCADA,1,"2019/08/23 04:55:00",MORTLK12,0
D,DISPATCH,UNIT_SCADA,1,"2019/08/23 04:55:00",MP1,277.824950
D,DISPATCH,UNIT_SCADA,1,"2019/08/23 04:55:00",MP2,0
D,DISPATCH,UNIT_SCADA,1,"2019/08/23 04:55:00",MPP_1,374.25
D,DISPATCH,UNIT_SCADA,1,"2019/08/23 04:55:00",MPP_2,435.25
D,DISPATCH,UNIT_SCADA,1,"2019/08/23 04:55:00",MSTUART1,0
D,DISPATCH,UNIT_SCADA,1,"2019/08/23 04:55:00",MSTUART2,0
D,DISPATCH,UNIT_SCADA,1,"2019/08/23 04:55:00",MSTUART3,0
D,DISPATCH,UNIT_SCADA,1,"2019/08/23 04:55:00",MTGELWF1,4.858550
D,DISPATCH,UNIT_SCADA,1,"2019/08/23 04:55:00",MURRAY,0
D,DISPATCH,UNIT_SCADA,1,"2019/08/23 04:55:00",MUSSELR1,34.10
D,DISPATCH,UNIT_SCADA,1,"2019/08/23 04:55:00",MUWAWF1,-0.13
D,DISPATCH,UNIT_SCADA,1,"2019/08/23 04:55:00",NBHWF1,42.40
D,DISPATCH,UNIT_SCADA,1,"2019/08/23 04:55:00",NPS,204
D,DISPATCH,UNIT_SCADA,1,"2019/08/23 04:55:00",NUMURSF1,0
D,DISPATCH,UNIT_SCADA,1,"2019/08/23 04:55:00",NYNGAN1,0
D,DISPATCH,UNIT_SCADA,1,"2019/08/23 04:55:00",OAKEY1,0
D,DISPATCH,UNIT_SCADA,1,"2019/08/23 04:55:00",OAKEY1SF,0
D,DISPATCH,UNIT_SCADA,1,"2019/08/23 04:55:00",OAKEY2,0
D,DISPATCH,UNIT_SCADA,1,"2019/08/23 04:55:00",OAKLAND1,-0.40
D,DISPATCH,UNIT_SCADA,1,"2019/08/23 04:55:00",OSB-AG,142.64
D,DISPATCH,UNIT_SCADA,1,"2019/08/23 04:55:00",PARSF1,0
D,DISPATCH,UNIT_SCADA,1,"2019/08/23 04:55:00",POAT110,0
D,DISPATCH,UNIT_SCADA,1,"2019/08/23 04:55:00",POAT220,7.04
D,DISPATCH,UNIT_SCADA,1,"2019/08/23 04:55:00",POR01,0
D,DISPATCH,UNIT_SCADA,1,"2019/08/23 04:55:00",POR03,0
D,DISPATCH,UNIT_SCADA,1,"2019/08/23 04:55:00",PPCCGT,497.024660
D,DISPATCH,UNIT_SCADA,1,"2019/08/23 04:55:00",PTSTAN1,0
D,DISPATCH,UNIT_SCADA,1,"2019/08/23 04:55:00",PUMP1,0
D,DISPATCH,UNIT_SCADA,1,"2019/08/23 04:55:00",PUMP2,0
D,DISPATCH,UNIT_SCADA,1,"2019/08/23 04:55:00",QPS1,0
D,DISPATCH,UNIT_SCADA,1,"2019/08/23 04:55:00",QPS2,0
D,DISPATCH,UNIT_SCADA,1,"2019/08/23 04:55:00",QPS3,0
D,DISPATCH,UNIT_SCADA,1,"2019/08/23 04:55:00",QPS4,0
D,DISPATCH,UNIT_SCADA,1,"2019/08/23 04:55:00",QPS5,0
D,DISPATCH,UNIT_SCADA,1,"2019/08/23 04:55:00",REECE1,118.760010
D,DISPATCH,UNIT_SCADA,1,"2019/08/23 04:55:00",REECE2,119.100010
D,DISPATCH,UNIT_SCADA,1,"2019/08/23 04:55:00",ROMA_7,0
D,DISPATCH,UNIT_SCADA,1,"2019/08/23 04:55:00",ROMA_8,0
D,DISPATCH,UNIT_SCADA,1,"2019/08/23 04:55:00",RRSF1,0
D,DISPATCH,UNIT_SCADA,1,"2019/08/23 04:55:00",RT_NSW1,0
D,DISPATCH,UNIT_SCADA,1,"2019/08/23 04:55:00",RT_NSW2,0
D,DISPATCH,UNIT_SCADA,1,"2019/08/23 04:55:00",RT_NSW3,0
D,DISPATCH,UNIT_SCADA,1,"2019/08/23 04:55:00",RT_NSW4,0
D,DISPATCH,UNIT_SCADA,1,"2019/08/23 04:55:00",RT_NSW5,0
D,DISPATCH,UNIT_SCADA,1,"2019/08/23 04:55:00",RT_NSW6,0
D,DISPATCH,UNIT_SCADA,1,"2019/08/23 04:55:00",RT_QLD1,0
D,DISPATCH,UNIT_SCADA,1,"2019/08/23 04:55:00",RT_SA1,0
D,DISPATCH,UNIT_SCADA,1,"2019/08/23 04:55:00",RT_SA2,0
D,DISPATCH,UNIT_SCADA,1,"2019/08/23 04:55:00",RT_SA3,0
D,DISPATCH,UNIT_SCADA,1,"2019/08/23 04:55:00",RT_SA4,0
D,DISPATCH,UNIT_SCADA,1,"2019/08/23 04:55:00",RT_SA5,0
D,DISPATCH,UNIT_SCADA,1,"2019/08/23 04:55:00",RT_SA6,0
D,DISPATCH,UNIT_SCADA,1,"2019/08/23 04:55:00",RT_TAS1,0
D,DISPATCH,UNIT_SCADA,1,"2019/08/23 04:55:00",RT_VIC1,0
D,DISPATCH,UNIT_SCADA,1,"2019/08/23 04:55:00",RT_VIC10,0
D,DISPATCH,UNIT_SCADA,1,"2019/08/23 04:55:00",RT_VIC11,0
D,DISPATCH,UNIT_SCADA,1,"2019/08/23 04:55:00",RT_VIC12,0
D,DISPATCH,UNIT_SCADA,1,"2019/08/23 04:55:00",RT_VIC2,0
D,DISPATCH,UNIT_SCADA,1,"2019/08/23 04:55:00",RT_VIC3,0
D,DISPATCH,UNIT_SCADA,1,"2019/08/23 04:55:00",RT_VIC4,0
D,DISPATCH,UNIT_SCADA,1,"2019/08/23 04:55:00",RT_VIC5,0
D,DISPATCH,UNIT_SCADA,1,"2019/08/23 04:55:00",RT_VIC6,0
D,DISPATCH,UNIT_SCADA,1,"2019/08/23 04:55:00",RT_VIC7,0
D,DISPATCH,UNIT_SCADA,1,"2019/08/23 04:55:00",RT_VIC8,0
D,DISPATCH,UNIT_SCADA,1,"2019/08/23 04:55:00",RT_VIC9,0
D,DISPATCH,UNIT_SCADA,1,"2019/08/23 04:55:00",RUGBYR1,0
D,DISPATCH,UNIT_SCADA,1,"2019/08/23 04:55:00",SALTCRK1,2.48
D,DISPATCH,UNIT_SCADA,1,"2019/08/23 04:55:00",SAPHWF1,48.253110
D,DISPATCH,UNIT_SCADA,1,"2019/08/23 04:55:00",SHGEN,0
D,DISPATCH,UNIT_SCADA,1,"2019/08/23 04:55:00",SHPUMP,0
D,DISPATCH,UNIT_SCADA,1,"2019/08/23 04:55:00",SITHE01,0.254330
D,DISPATCH,UNIT_SCADA,1,"2019/08/23 04:55:00",SMCSF1,0
D,DISPATCH,UNIT_SCADA,1,"2019/08/23 04:55:00",SNOWNTH1,30.80
D,DISPATCH,UNIT_SCADA,1,"2019/08/23 04:55:00",SNOWSTH1,19.50
D,DISPATCH,UNIT_SCADA,1,"2019/08/23 04:55:00",SNOWTWN1,34.000790
D,DISPATCH,UNIT_SCADA,1,"2019/08/23 04:55:00",SNOWYP,0
D,DISPATCH,UNIT_SCADA,1,"2019/08/23 04:55:00",SNUG1,0.019440
D,DISPATCH,UNIT_SCADA,1,"2019/08/23 04:55:00",SRSF1,0
D,DISPATCH,UNIT_SCADA,1,"2019/08/23 04:55:00",STAN-1,0
D,DISPATCH,UNIT_SCADA,1,"2019/08/23 04:55:00",STAN-2,221.581310
D,DISPATCH,UNIT_SCADA,1,"2019/08/23 04:55:00",STAN-3,221.401860
D,DISPATCH,UNIT_SCADA,1,"2019/08/23 04:55:00",STAN-4,222.017120
D,DISPATCH,UNIT_SCADA,1,"2019/08/23 04:55:00",STWF1,160.346250
D,DISPATCH,UNIT_SCADA,1,"2019/08/23 04:55:00",SWAN_E,0
D,DISPATCH,UNIT_SCADA,1,"2019/08/23 04:55:00",TALWA1,419
D,DISPATCH,UNIT_SCADA,1,"2019/08/23 04:55:00",TARALGA1,1.601250
D,DISPATCH,UNIT_SCADA,1,"2019/08/23 04:55:00",TARONG#1,263.200010
D,DISPATCH,UNIT_SCADA,1,"2019/08/23 04:55:00",TARONG#2,228.400010
D,DISPATCH,UNIT_SCADA,1,"2019/08/23 04:55:00",TARONG#3,230.600010
D,DISPATCH,UNIT_SCADA,1,"2019/08/23 04:55:00",TARONG#4,260.399990
D,DISPATCH,UNIT_SCADA,1,"2019/08/23 04:55:00",TARRALEA,83.80
D,DISPATCH,UNIT_SCADA,1,"2019/08/23 04:55:00",TBSF1,-0.30
D,DISPATCH,UNIT_SCADA,1,"2019/08/23 04:55:00",TNPS1,400.000030
D,DISPATCH,UNIT_SCADA,1,"2019/08/23 04:55:00",TORRA1,54.354110
D,DISPATCH,UNIT_SCADA,1,"2019/08/23 04:55:00",TORRA2,8.638750
D,DISPATCH,UNIT_SCADA,1,"2019/08/23 04:55:00",TORRA3,0
D,DISPATCH,UNIT_SCADA,1,"2019/08/23 04:55:00",TORRA4,0
D,DISPATCH,UNIT_SCADA,1,"2019/08/23 04:55:00",TORRB1,0
D,DISPATCH,UNIT_SCADA,1,"2019/08/23 04:55:00",TORRB2,62.21
D,DISPATCH,UNIT_SCADA,1,"2019/08/23 04:55:00",TORRB3,0
D,DISPATCH,UNIT_SCADA,1,"2019/08/23 04:55:00",TORRB4,0
D,DISPATCH,UNIT_SCADA,1,"2019/08/23 04:55:00",TREVALLN,44.190020
D,DISPATCH,UNIT_SCADA,1,"2019/08/23 04:55:00",TRIBUTE,84.89
D,DISPATCH,UNIT_SCADA,1,"2019/08/23 04:55:00",TUMUT3,0
D,DISPATCH,UNIT_SCADA,1,"2019/08/23 04:55:00",TUNGATIN,140.240040
D,DISPATCH,UNIT_SCADA,1,"2019/08/23 04:55:00",TVCC201,0
D,DISPATCH,UNIT_SCADA,1,"2019/08/23 04:55:00",TVPP104,0
D,DISPATCH,UNIT_SCADA,1,"2019/08/23 04:55:00",UPPTUMUT,0
D,DISPATCH,UNIT_SCADA,1,"2019/08/23 04:55:00",URANQ11,0
D,DISPATCH,UNIT_SCADA,1,"2019/08/23 04:55:00",URANQ12,0
D,DISPATCH,UNIT_SCADA,1,"2019/08/23 04:55:00",URANQ13,0
D,DISPATCH,UNIT_SCADA,1,"2019/08/23 04:55:00",URANQ14,0
D,DISPATCH,UNIT_SCADA,1,"2019/08/23 04:55:00",VP5,508
D,DISPATCH,UNIT_SCADA,1,"2019/08/23 04:55:00",VP6,396.199980
D,DISPATCH,UNIT_SCADA,1,"2019/08/23 04:55:00",VPGS1,0
D,DISPATCH,UNIT_SCADA,1,"2019/08/23 04:55:00",VPGS2,0
D,DISPATCH,UNIT_SCADA,1,"2019/08/23 04:55:00",VPGS3,0
D,DISPATCH,UNIT_SCADA,1,"2019/08/23 04:55:00",VPGS4,0
D,DISPATCH,UNIT_SCADA,1,"2019/08/23 04:55:00",VPGS5,0
D,DISPATCH,UNIT_SCADA,1,"2019/08/23 04:55:00",VPGS6,0
D,DISPATCH,UNIT_SCADA,1,"2019/08/23 04:55:00",W/HOE#1,0
D,DISPATCH,UNIT_SCADA,1,"2019/08/23 04:55:00",W/HOE#2,0
D,DISPATCH,UNIT_SCADA,1,"2019/08/23 04:55:00",WATERLWF,31.50
D,DISPATCH,UNIT_SCADA,1,"2019/08/23 04:55:00",WEMENSF1,0
D,DISPATCH,UNIT_SCADA,1,"2019/08/23 04:55:00",WGWF1,33
D,DISPATCH,UNIT_SCADA,1,"2019/08/23 04:55:00",WHITSF1,0
D,DISPATCH,UNIT_SCADA,1,"2019/08/23 04:55:00",WKIEWA1,32.40
D,DISPATCH,UNIT_SCADA,1,"2019/08/23 04:55:00",WKIEWA2,16.20
D,DISPATCH,UNIT_SCADA,1,"2019/08/23 04:55:00",WOODLWN1,0
D,DISPATCH,UNIT_SCADA,1,"2019/08/23 04:55:00",WRSF1,0
D,DISPATCH,UNIT_SCADA,1,"2019/08/23 04:55:00",WRWF1,24.796250
D,DISPATCH,UNIT_SCADA,1,"2019/08/23 04:55:00",YABULU,0
D,DISPATCH,UNIT_SCADA,1,"2019/08/23 04:55:00",YABULU2,0
D,DISPATCH,UNIT_SCADA,1,"2019/08/23 04:55:00",YARWUN_1,0
D,DISPATCH,UNIT_SCADA,1,"2019/08/23 04:55:00",YENDWF1,0.31
D,DISPATCH,UNIT_SCADA,1,"2019/08/23 04:55:00",YWPS1,360.650630
D,DISPATCH,UNIT_SCADA,1,"2019/08/23 04:55:00",YWPS2,280.949370
D,DISPATCH,UNIT_SCADA,1,"2019/08/23 04:55:00",YWPS3,0
D,DISPATCH,UNIT_SCADA,1,"2019/08/23 04:55:00",YWPS4,0
C,"END OF REPORT",334
