C,NEMP.WORLD,DISPATCHSCADA,AEMO,PUBLIC,2019/09/05,13:25:09,0000000312423648,DISPATCHSCADA,0000000312423642
I,DISPATCH,UNIT_SCADA,1,SETTLEMENTDATE,DUID,SCADAVALUE
D,DISPATCH,UNIT_SCADA,1,"2019/09/05 13:30:00",BARCSF1,8.900001
D,DISPATCH,UNIT_SCADA,1,"2019/09/05 13:30:00",BUTLERSG,10.199999
D,DISPATCH,UNIT_SCADA,1,"2019/09/05 13:30:00",CALL_A_4,0
D,DISPATCH,UNIT_SCADA,1,"2019/09/05 13:30:00",CAPTL_WF,0
D,DISPATCH,UNIT_SCADA,1,"2019/09/05 13:30:00",CATHROCK,36.199997
D,DISPATCH,UNIT_SCADA,1,"2019/09/05 13:30:00",CHALLHWF,11.10
D,DISPATCH,UNIT_SCADA,1,"2019/09/05 13:30:00",CLOVER,-0.01
D,DISPATCH,UNIT_SCADA,1,"2019/09/05 13:30:00",CLUNY,18.097048
D,DISPATCH,UNIT_SCADA,1,"2019/09/05 13:30:00",CNUNDAWF,25.129314
D,DISPATCH,UNIT_SCADA,1,"2019/09/05 13:30:00",CULLRGWF,8.38
D,DISPATCH,UNIT_SCADA,1,"2019/09/05 13:30:00",ERGT01,0
D,DISPATCH,UNIT_SCADA,1,"2019/09/05 13:30:00",GB01,-0.002239
D,DISPATCH,UNIT_SCADA,1,"2019/09/05 13:30:00",GERMCRK,32.50
D,DISPATCH,UNIT_SCADA,1,"2019/09/05 13:30:00",GRIFSF1,24.699997
D,DISPATCH,UNIT_SCADA,1,"2019/09/05 13:30:00",HUGSF1,0.03
D,DISPATCH,UNIT_SCADA,1,"2019/09/05 13:30:00",LKBONNY1,42.243328
D,DISPATCH,UNIT_SCADA,1,"2019/09/05 13:30:00",LRSF1,12.997001
D,DISPATCH,UNIT_SCADA,1,"2019/09/05 13:30:00",MBAHNTH,24.956253
D,DISPATCH,UNIT_SCADA,1,"2019/09/05 13:30:00",MLSP1,5.237001
D,DISPATCH,UNIT_SCADA,1,"2019/09/05 13:30:00",MLWF1,6.0150
D,DISPATCH,UNIT_SCADA,1,"2019/09/05 13:30:00",MTMILLAR,23.157362
D,DISPATCH,UNIT_SCADA,1,"2019/09/05 13:30:00",PALOONA,25.619999
D,DISPATCH,UNIT_SCADA,1,"2019/09/05 13:30:00",PIONEER,21
D,DISPATCH,UNIT_SCADA,1,"2019/09/05 13:30:00",PORTWF,51
D,DISPATCH,UNIT_SCADA,1,"2019/09/05 13:30:00",REPULSE,28.803539
D,DISPATCH,UNIT_SCADA,1,"2019/09/05 13:30:00",ROWALLAN,10.3092
D,DISPATCH,UNIT_SCADA,1,"2019/09/05 13:30:00",ROYALLA1,6.503001
D,DISPATCH,UNIT_SCADA,1,"2019/09/05 13:30:00",RPCG,11.70
D,DISPATCH,UNIT_SCADA,1,"2019/09/05 13:30:00",RUBICON,0
D,DISPATCH,UNIT_SCADA,1,"2019/09/05 13:30:00",SATGN1,0
D,DISPATCH,UNIT_SCADA,1,"2019/09/05 13:30:00",SATGS1,0
D,DISPATCH,UNIT_SCADA,1,"2019/09/05 13:30:00",STARHLWF,22.493441
D,DISPATCH,UNIT_SCADA,1,"2019/09/05 13:30:00",WAUBRAWF,41.477001
D,DISPATCH,UNIT_SCADA,1,"2019/09/05 13:30:00",WOOLNTH1,8.350016
D,DISPATCH,UNIT_SCADA,1,"2019/09/05 13:30:00",WPWF,69
D,DISPATCH,UNIT_SCADA,1,"2019/09/05 13:30:00",YAMBUKWF,7.20
D,DISPATCH,UNIT_SCADA,1,"2019/09/05 13:30:00",YSWF1,0.70
D,DISPATCH,UNIT_SCADA,1,"2019/09/05 13:30:00",AGLHAL,0
D,DISPATCH,UNIT_SCADA,1,"2019/09/05 13:30:00",AGLSOM,0
D,DISPATCH,UNIT_SCADA,1,"2019/09/05 13:30:00",ANGAST1,0
D,DISPATCH,UNIT_SCADA,1,"2019/09/05 13:30:00",ARWF1,35.90
D,DISPATCH,UNIT_SCADA,1,"2019/09/05 13:30:00",BALBG1,0
D,DISPATCH,UNIT_SCADA,1,"2019/09/05 13:30:00",BALBL1,0
D,DISPATCH,UNIT_SCADA,1,"2019/09/05 13:30:00",BALDHWF1,25.8730
D,DISPATCH,UNIT_SCADA,1,"2019/09/05 13:30:00",BANN1,59.99
D,DISPATCH,UNIT_SCADA,1,"2019/09/05 13:30:00",BARCALDN,0
D,DISPATCH,UNIT_SCADA,1,"2019/09/05 13:30:00",BARRON-1,0
D,DISPATCH,UNIT_SCADA,1,"2019/09/05 13:30:00",BARRON-2,0
D,DISPATCH,UNIT_SCADA,1,"2019/09/05 13:30:00",BASTYAN,80.970010
D,DISPATCH,UNIT_SCADA,1,"2019/09/05 13:30:00",BBTHREE1,0
D,DISPATCH,UNIT_SCADA,1,"2019/09/05 13:30:00",BBTHREE2,0
D,DISPATCH,UNIT_SCADA,1,"2019/09/05 13:30:00",BBTHREE3,0
D,DISPATCH,UNIT_SCADA,1,"2019/09/05 13:30:00",BDL01,0
D,DISPATCH,UNIT_SCADA,1,"2019/09/05 13:30:00",BDL02,0
D,DISPATCH,UNIT_SCADA,1,"2019/09/05 13:30:00",BERYLSF1,73.199630
D,DISPATCH,UNIT_SCADA,1,"2019/09/05 13:30:00",BLOWERNG,11
D,DISPATCH,UNIT_SCADA,1,"2019/09/05 13:30:00",BLUFF1,18
D,DISPATCH,UNIT_SCADA,1,"2019/09/05 13:30:00",BNGSF1,94.78
D,DISPATCH,UNIT_SCADA,1,"2019/09/05 13:30:00",BNGSF2,20.03
D,DISPATCH,UNIT_SCADA,1,"2019/09/05 13:30:00",BOCORWF1,6.57
D,DISPATCH,UNIT_SCADA,1,"2019/09/05 13:30:00",BODWF1,20.932820
D,DISPATCH,UNIT_SCADA,1,"2019/09/05 13:30:00",BRAEMAR1,0
D,DISPATCH,UNIT_SCADA,1,"2019/09/05 13:30:00",BRAEMAR2,0
D,DISPATCH,UNIT_SCADA,1,"2019/09/05 13:30:00",BRAEMAR3,0
D,DISPATCH,UNIT_SCADA,1,"2019/09/05 13:30:00",BRAEMAR5,0
D,DISPATCH,UNIT_SCADA,1,"2019/09/05 13:30:00",BRAEMAR6,0
D,DISPATCH,UNIT_SCADA,1,"2019/09/05 13:30:00",BRAEMAR7,0
D,DISPATCH,UNIT_SCADA,1,"2019/09/05 13:30:00",BROKENH1,52.734130
D,DISPATCH,UNIT_SCADA,1,"2019/09/05 13:30:00",BW01,549.199950
D,DISPATCH,UNIT_SCADA,1,"2019/09/05 13:30:00",BW02,592.199950
D,DISPATCH,UNIT_SCADA,1,"2019/09/05 13:30:00",BW03,619.050050
D,DISPATCH,UNIT_SCADA,1,"2019/09/05 13:30:00",BW04,0
D,DISPATCH,UNIT_SCADA,1,"2019/09/05 13:30:00",CALL_B_1,303.399990
D,DISPATCH,UNIT_SCADA,1,"2019/09/05 13:30:00",CALL_B_2,221.900010
D,DISPATCH,UNIT_SCADA,1,"2019/09/05 13:30:00",CETHANA,97.645620
D,DISPATCH,UNIT_SCADA,1,"2019/09/05 13:30:00",CG1,0
D,DISPATCH,UNIT_SCADA,1,"2019/09/05 13:30:00",CG2,0
D,DISPATCH,UNIT_SCADA,1,"2019/09/05 13:30:00",CG3,0
D,DISPATCH,UNIT_SCADA,1,"2019/09/05 13:30:00",CG4,0
D,DISPATCH,UNIT_SCADA,1,"2019/09/05 13:30:00",CHILDSF1,51.79
D,DISPATCH,UNIT_SCADA,1,"2019/09/05 13:30:00",CLARESF1,2.0313
D,DISPATCH,UNIT_SCADA,1,"2019/09/05 13:30:00",CLEMGPWF,41.708270
D,DISPATCH,UNIT_SCADA,1,"2019/09/05 13:30:00",CLERMSF1,0.30
D,DISPATCH,UNIT_SCADA,1,"2019/09/05 13:30:00",COLEASF1,122.999990
D,DISPATCH,UNIT_SCADA,1,"2019/09/05 13:30:00",COOPGWF1,1.967690
D,DISPATCH,UNIT_SCADA,1,"2019/09/05 13:30:00",CPP_3,199.100010
D,DISPATCH,UNIT_SCADA,1,"2019/09/05 13:30:00",CPP_4,180.95
D,DISPATCH,UNIT_SCADA,1,"2019/09/05 13:30:00",CPSA,75.966870
D,DISPATCH,UNIT_SCADA,1,"2019/09/05 13:30:00",CROOKWF2,5.193760
D,DISPATCH,UNIT_SCADA,1,"2019/09/05 13:30:00",CROWLWF1,3.086980
D,DISPATCH,UNIT_SCADA,1,"2019/09/05 13:30:00",CSPVPS1,32.0430
D,DISPATCH,UNIT_SCADA,1,"2019/09/05 13:30:00",DALNTH01,0
D,DISPATCH,UNIT_SCADA,1,"2019/09/05 13:30:00",DALNTHL1,1.023880
D,DISPATCH,UNIT_SCADA,1,"2019/09/05 13:30:00",DARTM1,0
D,DISPATCH,UNIT_SCADA,1,"2019/09/05 13:30:00",DAYDSF1,0
D,DISPATCH,UNIT_SCADA,1,"2019/09/05 13:30:00",DDPS1,0
D,DISPATCH,UNIT_SCADA,1,"2019/09/05 13:30:00",DDSF1,95.739910
D,DISPATCH,UNIT_SCADA,1,"2019/09/05 13:30:00",DEVILS_G,63.524890
D,DISPATCH,UNIT_SCADA,1,"2019/09/05 13:30:00",DG_NSW1,0
D,DISPATCH,UNIT_SCADA,1,"2019/09/05 13:30:00",DG_QLD1,0
D,DISPATCH,UNIT_SCADA,1,"2019/09/05 13:30:00",DG_SA1,0
D,DISPATCH,UNIT_SCADA,1,"2019/09/05 13:30:00",DG_TAS1,0
D,DISPATCH,UNIT_SCADA,1,"2019/09/05 13:30:00",DG_VIC1,0
D,DISPATCH,UNIT_SCADA,1,"2019/09/05 13:30:00",DRYCGT1,0
D,DISPATCH,UNIT_SCADA,1,"2019/09/05 13:30:00",DRYCGT2,0
D,DISPATCH,UNIT_SCADA,1,"2019/09/05 13:30:00",DRYCGT3,0
D,DISPATCH,UNIT_SCADA,1,"2019/09/05 13:30:00",EILDON1,0
D,DISPATCH,UNIT_SCADA,1,"2019/09/05 13:30:00",EILDON2,0
D,DISPATCH,UNIT_SCADA,1,"2019/09/05 13:30:00",EMERASF1,0.12
D,DISPATCH,UNIT_SCADA,1,"2019/09/05 13:30:00",ER01,565.75
D,DISPATCH,UNIT_SCADA,1,"2019/09/05 13:30:00",ER02,350.525020
D,DISPATCH,UNIT_SCADA,1,"2019/09/05 13:30:00",ER03,0
D,DISPATCH,UNIT_SCADA,1,"2019/09/05 13:30:00",ER04,672.550050
D,DISPATCH,UNIT_SCADA,1,"2019/09/05 13:30:00",FINLYSF1,8.918730
D,DISPATCH,UNIT_SCADA,1,"2019/09/05 13:30:00",FISHER,45.96
D,DISPATCH,UNIT_SCADA,1,"2019/09/05 13:30:00",GANNBG1,16.280640
D,DISPATCH,UNIT_SCADA,1,"2019/09/05 13:30:00",GANNBL1,0
D,DISPATCH,UNIT_SCADA,1,"2019/09/05 13:30:00",GANNSF1,8.40
D,DISPATCH,UNIT_SCADA,1,"2019/09/05 13:30:00",GORDON,20.054160
D,DISPATCH,UNIT_SCADA,1,"2019/09/05 13:30:00",GSTONE1,160.474990
D,DISPATCH,UNIT_SCADA,1,"2019/09/05 13:30:00",GSTONE2,107.9750
D,DISPATCH,UNIT_SCADA,1,"2019/09/05 13:30:00",GSTONE3,0
D,DISPATCH,UNIT_SCADA,1,"2019/09/05 13:30:00",GSTONE4,159.774990
D,DISPATCH,UNIT_SCADA,1,"2019/09/05 13:30:00",GSTONE5,161.8750
D,DISPATCH,UNIT_SCADA,1,"2019/09/05 13:30:00",GSTONE6,160.8250
D,DISPATCH,UNIT_SCADA,1,"2019/09/05 13:30:00",GULLRSF1,5.396330
D,DISPATCH,UNIT_SCADA,1,"2019/09/05 13:30:00",GULLRWF1,11.908810
D,DISPATCH,UNIT_SCADA,1,"2019/09/05 13:30:00",GUNNING1,4.428690
D,DISPATCH,UNIT_SCADA,1,"2019/09/05 13:30:00",GUTHEGA,0
D,DISPATCH,UNIT_SCADA,1,"2019/09/05 13:30:00",HALLWF1,55.38
D,DISPATCH,UNIT_SCADA,1,"2019/09/05 13:30:00",HALLWF2,42.92
D,DISPATCH,UNIT_SCADA,1,"2019/09/05 13:30:00",HAMISF1,43.70
D,DISPATCH,UNIT_SCADA,1,"2019/09/05 13:30:00",HAUGHT11,95.0231
D,DISPATCH,UNIT_SCADA,1,"2019/09/05 13:30:00",HAYMSF1,41.0880
D,DISPATCH,UNIT_SCADA,1,"2019/09/05 13:30:00",HDWF1,51.40
D,DISPATCH,UNIT_SCADA,1,"2019/09/05 13:30:00",HDWF2,49.10
D,DISPATCH,UNIT_SCADA,1,"2019/09/05 13:30:00",HDWF3,55.90
D,DISPATCH,UNIT_SCADA,1,"2019/09/05 13:30:00",HPRG1,0
D,DISPATCH,UNIT_SCADA,1,"2019/09/05 13:30:00",HPRL1,39.90
D,DISPATCH,UNIT_SCADA,1,"2019/09/05 13:30:00",HUMENSW,0
D,DISPATCH,UNIT_SCADA,1,"2019/09/05 13:30:00",HUMEV,25.80
D,DISPATCH,UNIT_SCADA,1,"2019/09/05 13:30:00",HVGTS,0
D,DISPATCH,UNIT_SCADA,1,"2019/09/05 13:30:00",JBUTTERS,24.83
D,DISPATCH,UNIT_SCADA,1,"2019/09/05 13:30:00",JLA01,0.10
D,DISPATCH,UNIT_SCADA,1,"2019/09/05 13:30:00",JLA02,0
D,DISPATCH,UNIT_SCADA,1,"2019/09/05 13:30:00",JLA03,0
D,DISPATCH,UNIT_SCADA,1,"2019/09/05 13:30:00",JLA04,0
D,DISPATCH,UNIT_SCADA,1,"2019/09/05 13:30:00",JLB01,0
D,DISPATCH,UNIT_SCADA,1,"2019/09/05 13:30:00",JLB02,84
D,DISPATCH,UNIT_SCADA,1,"2019/09/05 13:30:00",JLB03,0
D,DISPATCH,UNIT_SCADA,1,"2019/09/05 13:30:00",KAREEYA1,21.5225
D,DISPATCH,UNIT_SCADA,1,"2019/09/05 13:30:00",KAREEYA2,21.7425
D,DISPATCH,UNIT_SCADA,1,"2019/09/05 13:30:00",KAREEYA3,0
D,DISPATCH,UNIT_SCADA,1,"2019/09/05 13:30:00",KAREEYA4,21.54
D,DISPATCH,UNIT_SCADA,1,"2019/09/05 13:30:00",KARSF1,74.20
D,DISPATCH,UNIT_SCADA,1,"2019/09/05 13:30:00",KIATAWF1,18.30
D,DISPATCH,UNIT_SCADA,1,"2019/09/05 13:30:00",KPP_1,0
D,DISPATCH,UNIT_SCADA,1,"2019/09/05 13:30:00",KSP1,0
D,DISPATCH,UNIT_SCADA,1,"2019/09/05 13:30:00",LADBROK1,0
D,DISPATCH,UNIT_SCADA,1,"2019/09/05 13:30:00",LADBROK2,0
D,DISPATCH,UNIT_SCADA,1,"2019/09/05 13:30:00",LD01,383.006160
D,DISPATCH,UNIT_SCADA,1,"2019/09/05 13:30:00",LD02,381.318790
D,DISPATCH,UNIT_SCADA,1,"2019/09/05 13:30:00",LD03,384.975040
D,DISPATCH,UNIT_SCADA,1,"2019/09/05 13:30:00",LD04,382.949980
D,DISPATCH,UNIT_SCADA,1,"2019/09/05 13:30:00",LEM_WIL,80.9653
D,DISPATCH,UNIT_SCADA,1,"2019/09/05 13:30:00",LGAPWF1,10.98
D,DISPATCH,UNIT_SCADA,1,"2019/09/05 13:30:00",LILYSF1,87.556090
D,DISPATCH,UNIT_SCADA,1,"2019/09/05 13:30:00",LI_WY_CA,143.690350
D,DISPATCH,UNIT_SCADA,1,"2019/09/05 13:30:00",LKBONNY2,40.9304
D,DISPATCH,UNIT_SCADA,1,"2019/09/05 13:30:00",LKBONNY3,19.816820
D,DISPATCH,UNIT_SCADA,1,"2019/09/05 13:30:00",LK_ECHO,0
D,DISPATCH,UNIT_SCADA,1,"2019/09/05 13:30:00",LNGS1,0
D,DISPATCH,UNIT_SCADA,1,"2019/09/05 13:30:00",LNGS2,0
D,DISPATCH,UNIT_SCADA,1,"2019/09/05 13:30:00",LONSDALE,0
D,DISPATCH,UNIT_SCADA,1,"2019/09/05 13:30:00",LOYYB1,503.381010
D,DISPATCH,UNIT_SCADA,1,"2019/09/05 13:30:00",LOYYB2,583.458250
D,DISPATCH,UNIT_SCADA,1,"2019/09/05 13:30:00",LYA1,0
D,DISPATCH,UNIT_SCADA,1,"2019/09/05 13:30:00",LYA2,0
D,DISPATCH,UNIT_SCADA,1,"2019/09/05 13:30:00",LYA3,560
D,DISPATCH,UNIT_SCADA,1,"2019/09/05 13:30:00",LYA4,540
D,DISPATCH,UNIT_SCADA,1,"2019/09/05 13:30:00",MACARTH1,79.998150
D,DISPATCH,UNIT_SCADA,1,"2019/09/05 13:30:00",MACKAYGT,0.2240
D,DISPATCH,UNIT_SCADA,1,"2019/09/05 13:30:00",MACKNTSH,89.000010
D,DISPATCH,UNIT_SCADA,1,"2019/09/05 13:30:00",MANSLR1,39.6540
D,DISPATCH,UNIT_SCADA,1,"2019/09/05 13:30:00",MCKAY1,0.0750
D,DISPATCH,UNIT_SCADA,1,"2019/09/05 13:30:00",MEADOWBK,31.952440
D,DISPATCH,UNIT_SCADA,1,"2019/09/05 13:30:00",MERCER01,8.0870
D,DISPATCH,UNIT_SCADA,1,"2019/09/05 13:30:00",MEWF1,0
D,DISPATCH,UNIT_SCADA,1,"2019/09/05 13:30:00",MINTARO,0
D,DISPATCH,UNIT_SCADA,1,"2019/09/05 13:30:00",MOREESF1,48.11
D,DISPATCH,UNIT_SCADA,1,"2019/09/05 13:30:00",MORTLK11,125
D,DISPATCH,UNIT_SCADA,1,"2019/09/05 13:30:00",MORTLK12,0
D,DISPATCH,UNIT_SCADA,1,"2019/09/05 13:30:00",MP1,220.075010
D,DISPATCH,UNIT_SCADA,1,"2019/09/05 13:30:00",MP2,0
D,DISPATCH,UNIT_SCADA,1,"2019/09/05 13:30:00",MPP_1,320.50
D,DISPATCH,UNIT_SCADA,1,"2019/09/05 13:30:00",MPP_2,251.50
D,DISPATCH,UNIT_SCADA,1,"2019/09/05 13:30:00",MSTUART1,0
D,DISPATCH,UNIT_SCADA,1,"2019/09/05 13:30:00",MSTUART2,0
D,DISPATCH,UNIT_SCADA,1,"2019/09/05 13:30:00",MSTUART3,0
D,DISPATCH,UNIT_SCADA,1,"2019/09/05 13:30:00",MTGELWF1,14.619890
D,DISPATCH,UNIT_SCADA,1,"2019/09/05 13:30:00",MURRAY,0
D,DISPATCH,UNIT_SCADA,1,"2019/09/05 13:30:00",MUSSELR1,-0.30
D,DISPATCH,UNIT_SCADA,1,"2019/09/05 13:30:00",MUWAWF1,8.74
D,DISPATCH,UNIT_SCADA,1,"2019/09/05 13:30:00",NBHWF1,59.80
D,DISPATCH,UNIT_SCADA,1,"2019/09/05 13:30:00",NPS,0
D,DISPATCH,UNIT_SCADA,1,"2019/09/05 13:30:00",NUMURSF1,40.48
D,DISPATCH,UNIT_SCADA,1,"2019/09/05 13:30:00",NYNGAN1,100.25
D,DISPATCH,UNIT_SCADA,1,"2019/09/05 13:30:00",OAKEY1,0
D,DISPATCH,UNIT_SCADA,1,"2019/09/05 13:30:00",OAKEY1SF,23.2910
D,DISPATCH,UNIT_SCADA,1,"2019/09/05 13:30:00",OAKEY2,0
D,DISPATCH,UNIT_SCADA,1,"2019/09/05 13:30:00",OAKEY2SF,0
D,DISPATCH,UNIT_SCADA,1,"2019/09/05 13:30:00",OAKLAND1,16.50
D,DISPATCH,UNIT_SCADA,1,"2019/09/05 13:30:00",OSB-AG,140.960010
D,DISPATCH,UNIT_SCADA,1,"2019/09/05 13:30:00",PARSF1,44.50
D,DISPATCH,UNIT_SCADA,1,"2019/09/05 13:30:00",POAT110,0
D,DISPATCH,UNIT_SCADA,1,"2019/09/05 13:30:00",POAT220,1.43
D,DISPATCH,UNIT_SCADA,1,"2019/09/05 13:30:00",POR01,0
D,DISPATCH,UNIT_SCADA,1,"2019/09/05 13:30:00",POR03,0
D,DISPATCH,UNIT_SCADA,1,"2019/09/05 13:30:00",PPCCGT,172.209990
D,DISPATCH,UNIT_SCADA,1,"2019/09/05 13:30:00",PTSTAN1,0
D,DISPATCH,UNIT_SCADA,1,"2019/09/05 13:30:00",PUMP1,0
D,DISPATCH,UNIT_SCADA,1,"2019/09/05 13:30:00",PUMP2,0
D,DISPATCH,UNIT_SCADA,1,"2019/09/05 13:30:00",QPS1,0
D,DISPATCH,UNIT_SCADA,1,"2019/09/05 13:30:00",QPS2,0
D,DISPATCH,UNIT_SCADA,1,"2019/09/05 13:30:00",QPS3,0
D,DISPATCH,UNIT_SCADA,1,"2019/09/05 13:30:00",QPS4,0
D,DISPATCH,UNIT_SCADA,1,"2019/09/05 13:30:00",QPS5,0
D,DISPATCH,UNIT_SCADA,1,"2019/09/05 13:30:00",REECE1,100.95
D,DISPATCH,UNIT_SCADA,1,"2019/09/05 13:30:00",REECE2,101.720010
D,DISPATCH,UNIT_SCADA,1,"2019/09/05 13:30:00",ROMA_7,0
D,DISPATCH,UNIT_SCADA,1,"2019/09/05 13:30:00",ROMA_8,0
D,DISPATCH,UNIT_SCADA,1,"2019/09/05 13:30:00",RRSF1,110.928050
D,DISPATCH,UNIT_SCADA,1,"2019/09/05 13:30:00",RT_NSW1,0
D,DISPATCH,UNIT_SCADA,1,"2019/09/05 13:30:00",RT_NSW2,0
D,DISPATCH,UNIT_SCADA,1,"2019/09/05 13:30:00",RT_NSW3,0
D,DISPATCH,UNIT_SCADA,1,"2019/09/05 13:30:00",RT_NSW4,0
D,DISPATCH,UNIT_SCADA,1,"2019/09/05 13:30:00",RT_NSW5,0
D,DISPATCH,UNIT_SCADA,1,"2019/09/05 13:30:00",RT_NSW6,0
D,DISPATCH,UNIT_SCADA,1,"2019/09/05 13:30:00",RT_QLD1,0
D,DISPATCH,UNIT_SCADA,1,"2019/09/05 13:30:00",RT_SA1,0
D,DISPATCH,UNIT_SCADA,1,"2019/09/05 13:30:00",RT_SA2,0
D,DISPATCH,UNIT_SCADA,1,"2019/09/05 13:30:00",RT_SA3,0
D,DISPATCH,UNIT_SCADA,1,"2019/09/05 13:30:00",RT_SA4,0
D,DISPATCH,UNIT_SCADA,1,"2019/09/05 13:30:00",RT_SA5,0
D,DISPATCH,UNIT_SCADA,1,"2019/09/05 13:30:00",RT_SA6,0
D,DISPATCH,UNIT_SCADA,1,"2019/09/05 13:30:00",RT_TAS1,0
D,DISPATCH,UNIT_SCADA,1,"2019/09/05 13:30:00",RT_VIC1,0
D,DISPATCH,UNIT_SCADA,1,"2019/09/05 13:30:00",RT_VIC10,0
D,DISPATCH,UNIT_SCADA,1,"2019/09/05 13:30:00",RT_VIC11,0
D,DISPATCH,UNIT_SCADA,1,"2019/09/05 13:30:00",RT_VIC12,0
D,DISPATCH,UNIT_SCADA,1,"2019/09/05 13:30:00",RT_VIC2,0
D,DISPATCH,UNIT_SCADA,1,"2019/09/05 13:30:00",RT_VIC3,0
D,DISPATCH,UNIT_SCADA,1,"2019/09/05 13:30:00",RT_VIC4,0
D,DISPATCH,UNIT_SCADA,1,"2019/09/05 13:30:00",RT_VIC5,0
D,DISPATCH,UNIT_SCADA,1,"2019/09/05 13:30:00",RT_VIC6,0
D,DISPATCH,UNIT_SCADA,1,"2019/09/05 13:30:00",RT_VIC7,0
D,DISPATCH,UNIT_SCADA,1,"2019/09/05 13:30:00",RT_VIC8,0
D,DISPATCH,UNIT_SCADA,1,"2019/09/05 13:30:00",RT_VIC9,0
D,DISPATCH,UNIT_SCADA,1,"2019/09/05 13:30:00",RUGBYR1,0
D,DISPATCH,UNIT_SCADA,1,"2019/09/05 13:30:00",SALTCRK1,16.89
D,DISPATCH,UNIT_SCADA,1,"2019/09/05 13:30:00",SAPHWF1,109.921880
D,DISPATCH,UNIT_SCADA,1,"2019/09/05 13:30:00",SHGEN,0
D,DISPATCH,UNIT_SCADA,1,"2019/09/05 13:30:00",SHPUMP,156.774060
D,DISPATCH,UNIT_SCADA,1,"2019/09/05 13:30:00",SITHE01,0.1840
D,DISPATCH,UNIT_SCADA,1,"2019/09/05 13:30:00",SMCSF1,0
D,DISPATCH,UNIT_SCADA,1,"2019/09/05 13:30:00",SNOWNTH1,89.899990
D,DISPATCH,UNIT_SCADA,1,"2019/09/05 13:30:00",SNOWSTH1,89.60
D,DISPATCH,UNIT_SCADA,1,"2019/09/05 13:30:00",SNOWTWN1,76.896940
D,DISPATCH,UNIT_SCADA,1,"2019/09/05 13:30:00",SNOWYP,0
D,DISPATCH,UNIT_SCADA,1,"2019/09/05 13:30:00",SNUG1,0.019440
D,DISPATCH,UNIT_SCADA,1,"2019/09/05 13:30:00",SRSF1,34.42
D,DISPATCH,UNIT_SCADA,1,"2019/09/05 13:30:00",STAN-1,350.425840
D,DISPATCH,UNIT_SCADA,1,"2019/09/05 13:30:00",STAN-2,224.772950
D,DISPATCH,UNIT_SCADA,1,"2019/09/05 13:30:00",STAN-3,225.670180
D,DISPATCH,UNIT_SCADA,1,"2019/09/05 13:30:00",STAN-4,219.914990
D,DISPATCH,UNIT_SCADA,1,"2019/09/05 13:30:00",STWF1,0
D,DISPATCH,UNIT_SCADA,1,"2019/09/05 13:30:00",SWAN_E,0
D,DISPATCH,UNIT_SCADA,1,"2019/09/05 13:30:00",TALWA1,249
D,DISPATCH,UNIT_SCADA,1,"2019/09/05 13:30:00",TARALGA1,13.177510
D,DISPATCH,UNIT_SCADA,1,"2019/09/05 13:30:00",TARONG#1,348.399990
D,DISPATCH,UNIT_SCADA,1,"2019/09/05 13:30:00",TARONG#2,0
D,DISPATCH,UNIT_SCADA,1,"2019/09/05 13:30:00",TARONG#3,280
D,DISPATCH,UNIT_SCADA,1,"2019/09/05 13:30:00",TARONG#4,348.800020
D,DISPATCH,UNIT_SCADA,1,"2019/09/05 13:30:00",TARRALEA,71.10
D,DISPATCH,UNIT_SCADA,1,"2019/09/05 13:30:00",TBSF1,0
D,DISPATCH,UNIT_SCADA,1,"2019/09/05 13:30:00",TNPS1,379.300020
D,DISPATCH,UNIT_SCADA,1,"2019/09/05 13:30:00",TORRA1,44.688050
D,DISPATCH,UNIT_SCADA,1,"2019/09/05 13:30:00",TORRA2,0
D,DISPATCH,UNIT_SCADA,1,"2019/09/05 13:30:00",TORRA3,0
D,DISPATCH,UNIT_SCADA,1,"2019/09/05 13:30:00",TORRA4,43.889620
D,DISPATCH,UNIT_SCADA,1,"2019/09/05 13:30:00",TORRB1,40.24
D,DISPATCH,UNIT_SCADA,1,"2019/09/05 13:30:00",TORRB2,40.19
D,DISPATCH,UNIT_SCADA,1,"2019/09/05 13:30:00",TORRB3,40.21
D,DISPATCH,UNIT_SCADA,1,"2019/09/05 13:30:00",TORRB4,0
D,DISPATCH,UNIT_SCADA,1,"2019/09/05 13:30:00",TREVALLN,17.970030
D,DISPATCH,UNIT_SCADA,1,"2019/09/05 13:30:00",TRIBUTE,0
D,DISPATCH,UNIT_SCADA,1,"2019/09/05 13:30:00",TUMUT3,0
D,DISPATCH,UNIT_SCADA,1,"2019/09/05 13:30:00",TUNGATIN,50.70
D,DISPATCH,UNIT_SCADA,1,"2019/09/05 13:30:00",TVCC201,0
D,DISPATCH,UNIT_SCADA,1,"2019/09/05 13:30:00",TVPP104,0
D,DISPATCH,UNIT_SCADA,1,"2019/09/05 13:30:00",UPPTUMUT,77.827320
D,DISPATCH,UNIT_SCADA,1,"2019/09/05 13:30:00",URANQ11,0
D,DISPATCH,UNIT_SCADA,1,"2019/09/05 13:30:00",URANQ12,0
D,DISPATCH,UNIT_SCADA,1,"2019/09/05 13:30:00",URANQ13,163.518740
D,DISPATCH,UNIT_SCADA,1,"2019/09/05 13:30:00",URANQ14,0
D,DISPATCH,UNIT_SCADA,1,"2019/09/05 13:30:00",VP5,531.325010
D,DISPATCH,UNIT_SCADA,1,"2019/09/05 13:30:00",VP6,0
D,DISPATCH,UNIT_SCADA,1,"2019/09/05 13:30:00",VPGS1,0
D,DISPATCH,UNIT_SCADA,1,"2019/09/05 13:30:00",VPGS2,0
D,DISPATCH,UNIT_SCADA,1,"2019/09/05 13:30:00",VPGS3,0
D,DISPATCH,UNIT_SCADA,1,"2019/09/05 13:30:00",VPGS4,0
D,DISPATCH,UNIT_SCADA,1,"2019/09/05 13:30:00",VPGS5,0
D,DISPATCH,UNIT_SCADA,1,"2019/09/05 13:30:00",VPGS6,0
D,DISPATCH,UNIT_SCADA,1,"2019/09/05 13:30:00",W/HOE#1,0
D,DISPATCH,UNIT_SCADA,1,"2019/09/05 13:30:00",W/HOE#2,0
D,DISPATCH,UNIT_SCADA,1,"2019/09/05 13:30:00",WATERLWF,79.20
D,DISPATCH,UNIT_SCADA,1,"2019/09/05 13:30:00",WEMENSF1,74.70
D,DISPATCH,UNIT_SCADA,1,"2019/09/05 13:30:00",WGWF1,50.40
D,DISPATCH,UNIT_SCADA,1,"2019/09/05 13:30:00",WHITSF1,0
D,DISPATCH,UNIT_SCADA,1,"2019/09/05 13:30:00",WKIEWA1,0
D,DISPATCH,UNIT_SCADA,1,"2019/09/05 13:30:00",WKIEWA2,0.10
D,DISPATCH,UNIT_SCADA,1,"2019/09/05 13:30:00",WOODLWN1,1.601990
D,DISPATCH,UNIT_SCADA,1,"2019/09/05 13:30:00",WRSF1,19.53
D,DISPATCH,UNIT_SCADA,1,"2019/09/05 13:30:00",WRWF1,78.016250
D,DISPATCH,UNIT_SCADA,1,"2019/09/05 13:30:00",YABULU,0
D,DISPATCH,UNIT_SCADA,1,"2019/09/05 13:30:00",YABULU2,0
D,DISPATCH,UNIT_SCADA,1,"2019/09/05 13:30:00",YARWUN_1,120.259990
D,DISPATCH,UNIT_SCADA,1,"2019/09/05 13:30:00",YENDWF1,12.65
D,DISPATCH,UNIT_SCADA,1,"2019/09/05 13:30:00",YWPS1,379.197480
D,DISPATCH,UNIT_SCADA,1,"2019/09/05 13:30:00",YWPS2,282.954440
D,DISPATCH,UNIT_SCADA,1,"2019/09/05 13:30:00",YWPS3,330.031650
D,DISPATCH,UNIT_SCADA,1,"2019/09/05 13:30:00",YWPS4,391.850650
C,"END OF REPORT",335
