C,NEMP.WORLD,DISPATCHSCADA,AEMO,PUBLIC,2019/08/20,04:40:10,0000000311772269,DISPATCHSCADA,0000000311772263
I,DISPATCH,UNIT_SCADA,1,SETTLEMENTDATE,DUID,SCADAVALUE
D,DISPATCH,UNIT_SCADA,1,"2019/08/20 04:45:00",BARCSF1,0
D,DISPATCH,UNIT_SCADA,1,"2019/08/20 04:45:00",BUTLERSG,9.699999
D,DISPATCH,UNIT_SCADA,1,"2019/08/20 04:45:00",CALL_A_4,0
D,DISPATCH,UNIT_SCADA,1,"2019/08/20 04:45:00",CAPTL_WF,115.079994
D,DISPATCH,UNIT_SCADA,1,"2019/08/20 04:45:00",CATHROCK,50.759998
D,DISPATCH,UNIT_SCADA,1,"2019/08/20 04:45:00",CHALLHWF,25.40
D,DISPATCH,UNIT_SCADA,1,"2019/08/20 04:45:00",CLOVER,-0.01
D,DISPATCH,UNIT_SCADA,1,"2019/08/20 04:45:00",CLUNY,16.221104
D,DISPATCH,UNIT_SCADA,1,"2019/08/20 04:45:00",CNUNDAWF,37.443680
D,DISPATCH,UNIT_SCADA,1,"2019/08/20 04:45:00",CULLRGWF,30.360001
D,DISPATCH,UNIT_SCADA,1,"2019/08/20 04:45:00",ERGT01,0
D,DISPATCH,UNIT_SCADA,1,"2019/08/20 04:45:00",GB01,0.057449
D,DISPATCH,UNIT_SCADA,1,"2019/08/20 04:45:00",GERMCRK,38.900002
D,DISPATCH,UNIT_SCADA,1,"2019/08/20 04:45:00",GRIFSF1,0
D,DISPATCH,UNIT_SCADA,1,"2019/08/20 04:45:00",HUGSF1,-0.2580
D,DISPATCH,UNIT_SCADA,1,"2019/08/20 04:45:00",LKBONNY1,71.179565
D,DISPATCH,UNIT_SCADA,1,"2019/08/20 04:45:00",LRSF1,-0.03
D,DISPATCH,UNIT_SCADA,1,"2019/08/20 04:45:00",MBAHNTH,55.781250
D,DISPATCH,UNIT_SCADA,1,"2019/08/20 04:45:00",MLSP1,0.304001
D,DISPATCH,UNIT_SCADA,1,"2019/08/20 04:45:00",MLWF1,19.110001
D,DISPATCH,UNIT_SCADA,1,"2019/08/20 04:45:00",MTMILLAR,22.271845
D,DISPATCH,UNIT_SCADA,1,"2019/08/20 04:45:00",PALOONA,23.60
D,DISPATCH,UNIT_SCADA,1,"2019/08/20 04:45:00",PIONEER,11
D,DISPATCH,UNIT_SCADA,1,"2019/08/20 04:45:00",PORTWF,138.800003
D,DISPATCH,UNIT_SCADA,1,"2019/08/20 04:45:00",REPULSE,28.898756
D,DISPATCH,UNIT_SCADA,1,"2019/08/20 04:45:00",ROWALLAN,9.8903
D,DISPATCH,UNIT_SCADA,1,"2019/08/20 04:45:00",ROYALLA1,0
D,DISPATCH,UNIT_SCADA,1,"2019/08/20 04:45:00",RPCG,15
D,DISPATCH,UNIT_SCADA,1,"2019/08/20 04:45:00",RUBICON,0
D,DISPATCH,UNIT_SCADA,1,"2019/08/20 04:45:00",SATGN1,0
D,DISPATCH,UNIT_SCADA,1,"2019/08/20 04:45:00",SATGS1,0
D,DISPATCH,UNIT_SCADA,1,"2019/08/20 04:45:00",STARHLWF,19.994169
D,DISPATCH,UNIT_SCADA,1,"2019/08/20 04:45:00",WAUBRAWF,121.346001
D,DISPATCH,UNIT_SCADA,1,"2019/08/20 04:45:00",WOOLNTH1,130.910019
D,DISPATCH,UNIT_SCADA,1,"2019/08/20 04:45:00",WPWF,31
D,DISPATCH,UNIT_SCADA,1,"2019/08/20 04:45:00",YAMBUKWF,12.10
D,DISPATCH,UNIT_SCADA,1,"2019/08/20 04:45:00",YSWF1,28.700001
D,DISPATCH,UNIT_SCADA,1,"2019/08/20 04:45:00",AGLHAL,0
D,DISPATCH,UNIT_SCADA,1,"2019/08/20 04:45:00",AGLSOM,0
D,DISPATCH,UNIT_SCADA,1,"2019/08/20 04:45:00",ANGAST1,0
D,DISPATCH,UNIT_SCADA,1,"2019/08/20 04:45:00",ARWF1,29.80
D,DISPATCH,UNIT_SCADA,1,"2019/08/20 04:45:00",BALBG1,0
D,DISPATCH,UNIT_SCADA,1,"2019/08/20 04:45:00",BALBL1,0
D,DISPATCH,UNIT_SCADA,1,"2019/08/20 04:45:00",BALDHWF1,100.2530
D,DISPATCH,UNIT_SCADA,1,"2019/08/20 04:45:00",BANN1,0
D,DISPATCH,UNIT_SCADA,1,"2019/08/20 04:45:00",BARCALDN,0
D,DISPATCH,UNIT_SCADA,1,"2019/08/20 04:45:00",BARRON-1,0
D,DISPATCH,UNIT_SCADA,1,"2019/08/20 04:45:00",BARRON-2,26.60
D,DISPATCH,UNIT_SCADA,1,"2019/08/20 04:45:00",BASTYAN,81.600010
D,DISPATCH,UNIT_SCADA,1,"2019/08/20 04:45:00",BBTHREE1,0
D,DISPATCH,UNIT_SCADA,1,"2019/08/20 04:45:00",BBTHREE2,0
D,DISPATCH,UNIT_SCADA,1,"2019/08/20 04:45:00",BBTHREE3,0
D,DISPATCH,UNIT_SCADA,1,"2019/08/20 04:45:00",BDL01,0
D,DISPATCH,UNIT_SCADA,1,"2019/08/20 04:45:00",BDL02,0
D,DISPATCH,UNIT_SCADA,1,"2019/08/20 04:45:00",BERYLSF1,0
D,DISPATCH,UNIT_SCADA,1,"2019/08/20 04:45:00",BLOWERNG,0
D,DISPATCH,UNIT_SCADA,1,"2019/08/20 04:45:00",BLUFF1,32.10
D,DISPATCH,UNIT_SCADA,1,"2019/08/20 04:45:00",BNGSF1,0
D,DISPATCH,UNIT_SCADA,1,"2019/08/20 04:45:00",BNGSF2,0
D,DISPATCH,UNIT_SCADA,1,"2019/08/20 04:45:00",BOCORWF1,34.97
D,DISPATCH,UNIT_SCADA,1,"2019/08/20 04:45:00",BODWF1,51.560390
D,DISPATCH,UNIT_SCADA,1,"2019/08/20 04:45:00",BRAEMAR1,0
D,DISPATCH,UNIT_SCADA,1,"2019/08/20 04:45:00",BRAEMAR2,0
D,DISPATCH,UNIT_SCADA,1,"2019/08/20 04:45:00",BRAEMAR3,0
D,DISPATCH,UNIT_SCADA,1,"2019/08/20 04:45:00",BRAEMAR5,0
D,DISPATCH,UNIT_SCADA,1,"2019/08/20 04:45:00",BRAEMAR6,0
D,DISPATCH,UNIT_SCADA,1,"2019/08/20 04:45:00",BRAEMAR7,0
D,DISPATCH,UNIT_SCADA,1,"2019/08/20 04:45:00",BROKENH1,0
D,DISPATCH,UNIT_SCADA,1,"2019/08/20 04:45:00",BW01,376.775020
D,DISPATCH,UNIT_SCADA,1,"2019/08/20 04:45:00",BW02,455.50
D,DISPATCH,UNIT_SCADA,1,"2019/08/20 04:45:00",BW03,536.800050
D,DISPATCH,UNIT_SCADA,1,"2019/08/20 04:45:00",BW04,0
D,DISPATCH,UNIT_SCADA,1,"2019/08/20 04:45:00",CALL_B_1,339.899990
D,DISPATCH,UNIT_SCADA,1,"2019/08/20 04:45:00",CALL_B_2,290
D,DISPATCH,UNIT_SCADA,1,"2019/08/20 04:45:00",CETHANA,92.376630
D,DISPATCH,UNIT_SCADA,1,"2019/08/20 04:45:00",CG1,0
D,DISPATCH,UNIT_SCADA,1,"2019/08/20 04:45:00",CG2,0
D,DISPATCH,UNIT_SCADA,1,"2019/08/20 04:45:00",CG3,0
D,DISPATCH,UNIT_SCADA,1,"2019/08/20 04:45:00",CG4,0
D,DISPATCH,UNIT_SCADA,1,"2019/08/20 04:45:00",CHILDSF1,0
D,DISPATCH,UNIT_SCADA,1,"2019/08/20 04:45:00",CLARESF1,0
D,DISPATCH,UNIT_SCADA,1,"2019/08/20 04:45:00",CLEMGPWF,2.449190
D,DISPATCH,UNIT_SCADA,1,"2019/08/20 04:45:00",CLERMSF1,0
D,DISPATCH,UNIT_SCADA,1,"2019/08/20 04:45:00",COLEASF1,0
D,DISPATCH,UNIT_SCADA,1,"2019/08/20 04:45:00",COOPGWF1,17.530450
D,DISPATCH,UNIT_SCADA,1,"2019/08/20 04:45:00",CPP_3,394.075010
D,DISPATCH,UNIT_SCADA,1,"2019/08/20 04:45:00",CPP_4,398.75
D,DISPATCH,UNIT_SCADA,1,"2019/08/20 04:45:00",CPSA,143.474370
D,DISPATCH,UNIT_SCADA,1,"2019/08/20 04:45:00",CROOKWF2,68.393750
D,DISPATCH,UNIT_SCADA,1,"2019/08/20 04:45:00",CROWLWF1,21.9095
D,DISPATCH,UNIT_SCADA,1,"2019/08/20 04:45:00",CSPVPS1,0
D,DISPATCH,UNIT_SCADA,1,"2019/08/20 04:45:00",DALNTH01,0
D,DISPATCH,UNIT_SCADA,1,"2019/08/20 04:45:00",DALNTHL1,0.028990
D,DISPATCH,UNIT_SCADA,1,"2019/08/20 04:45:00",DARTM1,0
D,DISPATCH,UNIT_SCADA,1,"2019/08/20 04:45:00",DAYDSF1,0
D,DISPATCH,UNIT_SCADA,1,"2019/08/20 04:45:00",DDPS1,0
D,DISPATCH,UNIT_SCADA,1,"2019/08/20 04:45:00",DDSF1,0
D,DISPATCH,UNIT_SCADA,1,"2019/08/20 04:45:00",DEVILS_G,61.288490
D,DISPATCH,UNIT_SCADA,1,"2019/08/20 04:45:00",DG_NSW1,0
D,DISPATCH,UNIT_SCADA,1,"2019/08/20 04:45:00",DG_QLD1,0
D,DISPATCH,UNIT_SCADA,1,"2019/08/20 04:45:00",DG_SA1,0
D,DISPATCH,UNIT_SCADA,1,"2019/08/20 04:45:00",DG_TAS1,0
D,DISPATCH,UNIT_SCADA,1,"2019/08/20 04:45:00",DG_VIC1,0
D,DISPATCH,UNIT_SCADA,1,"2019/08/20 04:45:00",DRYCGT1,0
D,DISPATCH,UNIT_SCADA,1,"2019/08/20 04:45:00",DRYCGT2,0
D,DISPATCH,UNIT_SCADA,1,"2019/08/20 04:45:00",DRYCGT3,0
D,DISPATCH,UNIT_SCADA,1,"2019/08/20 04:45:00",EILDON1,0
D,DISPATCH,UNIT_SCADA,1,"2019/08/20 04:45:00",EILDON2,0
D,DISPATCH,UNIT_SCADA,1,"2019/08/20 04:45:00",EMERASF1,0
D,DISPATCH,UNIT_SCADA,1,"2019/08/20 04:45:00",ER01,459.75
D,DISPATCH,UNIT_SCADA,1,"2019/08/20 04:45:00",ER02,459.2749
D,DISPATCH,UNIT_SCADA,1,"2019/08/20 04:45:00",ER03,460.674930
D,DISPATCH,UNIT_SCADA,1,"2019/08/20 04:45:00",ER04,467.550050
D,DISPATCH,UNIT_SCADA,1,"2019/08/20 04:45:00",FINLYSF1,0
D,DISPATCH,UNIT_SCADA,1,"2019/08/20 04:45:00",FISHER,46.05
D,DISPATCH,UNIT_SCADA,1,"2019/08/20 04:45:00",GANNBG1,0
D,DISPATCH,UNIT_SCADA,1,"2019/08/20 04:45:00",GANNBL1,10
D,DISPATCH,UNIT_SCADA,1,"2019/08/20 04:45:00",GANNSF1,0
D,DISPATCH,UNIT_SCADA,1,"2019/08/20 04:45:00",GORDON,0
D,DISPATCH,UNIT_SCADA,1,"2019/08/20 04:45:00",GSTONE1,148.5750
D,DISPATCH,UNIT_SCADA,1,"2019/08/20 04:45:00",GSTONE2,134.05
D,DISPATCH,UNIT_SCADA,1,"2019/08/20 04:45:00",GSTONE3,148.05
D,DISPATCH,UNIT_SCADA,1,"2019/08/20 04:45:00",GSTONE4,147.8750
D,DISPATCH,UNIT_SCADA,1,"2019/08/20 04:45:00",GSTONE5,149.45
D,DISPATCH,UNIT_SCADA,1,"2019/08/20 04:45:00",GSTONE6,0
D,DISPATCH,UNIT_SCADA,1,"2019/08/20 04:45:00",GULLRSF1,0
D,DISPATCH,UNIT_SCADA,1,"2019/08/20 04:45:00",GULLRWF1,161.326290
D,DISPATCH,UNIT_SCADA,1,"2019/08/20 04:45:00",GUNNING1,43.423730
D,DISPATCH,UNIT_SCADA,1,"2019/08/20 04:45:00",GUTHEGA,0
D,DISPATCH,UNIT_SCADA,1,"2019/08/20 04:45:00",HALLWF1,70.27
D,DISPATCH,UNIT_SCADA,1,"2019/08/20 04:45:00",HALLWF2,41.58
D,DISPATCH,UNIT_SCADA,1,"2019/08/20 04:45:00",HAMISF1,0
D,DISPATCH,UNIT_SCADA,1,"2019/08/20 04:45:00",HAUGHT11,0
D,DISPATCH,UNIT_SCADA,1,"2019/08/20 04:45:00",HAYMSF1,0
D,DISPATCH,UNIT_SCADA,1,"2019/08/20 04:45:00",HDWF1,46.20
D,DISPATCH,UNIT_SCADA,1,"2019/08/20 04:45:00",HDWF2,31.80
D,DISPATCH,UNIT_SCADA,1,"2019/08/20 04:45:00",HDWF3,46.10
D,DISPATCH,UNIT_SCADA,1,"2019/08/20 04:45:00",HPRG1,0
D,DISPATCH,UNIT_SCADA,1,"2019/08/20 04:45:00",HPRL1,0.10
D,DISPATCH,UNIT_SCADA,1,"2019/08/20 04:45:00",HUMENSW,0
D,DISPATCH,UNIT_SCADA,1,"2019/08/20 04:45:00",HUMEV,9.90
D,DISPATCH,UNIT_SCADA,1,"2019/08/20 04:45:00",HVGTS,0
D,DISPATCH,UNIT_SCADA,1,"2019/08/20 04:45:00",JBUTTERS,105.23
D,DISPATCH,UNIT_SCADA,1,"2019/08/20 04:45:00",JLA01,0.50
D,DISPATCH,UNIT_SCADA,1,"2019/08/20 04:45:00",JLA02,0
D,DISPATCH,UNIT_SCADA,1,"2019/08/20 04:45:00",JLA03,0.10
D,DISPATCH,UNIT_SCADA,1,"2019/08/20 04:45:00",JLA04,0.10
D,DISPATCH,UNIT_SCADA,1,"2019/08/20 04:45:00",JLB01,0
D,DISPATCH,UNIT_SCADA,1,"2019/08/20 04:45:00",JLB02,0.10
D,DISPATCH,UNIT_SCADA,1,"2019/08/20 04:45:00",JLB03,0
D,DISPATCH,UNIT_SCADA,1,"2019/08/20 04:45:00",KAREEYA1,21.6150
D,DISPATCH,UNIT_SCADA,1,"2019/08/20 04:45:00",KAREEYA2,21.6950
D,DISPATCH,UNIT_SCADA,1,"2019/08/20 04:45:00",KAREEYA3,0
D,DISPATCH,UNIT_SCADA,1,"2019/08/20 04:45:00",KAREEYA4,21.7850
D,DISPATCH,UNIT_SCADA,1,"2019/08/20 04:45:00",KARSF1,0
D,DISPATCH,UNIT_SCADA,1,"2019/08/20 04:45:00",KIATAWF1,30.20
D,DISPATCH,UNIT_SCADA,1,"2019/08/20 04:45:00",KPP_1,0
D,DISPATCH,UNIT_SCADA,1,"2019/08/20 04:45:00",KSP1,0
D,DISPATCH,UNIT_SCADA,1,"2019/08/20 04:45:00",LADBROK1,0
D,DISPATCH,UNIT_SCADA,1,"2019/08/20 04:45:00",LADBROK2,0
D,DISPATCH,UNIT_SCADA,1,"2019/08/20 04:45:00",LD01,350.643770
D,DISPATCH,UNIT_SCADA,1,"2019/08/20 04:45:00",LD02,349.706270
D,DISPATCH,UNIT_SCADA,1,"2019/08/20 04:45:00",LD03,347.118710
D,DISPATCH,UNIT_SCADA,1,"2019/08/20 04:45:00",LD04,348.75
D,DISPATCH,UNIT_SCADA,1,"2019/08/20 04:45:00",LEM_WIL,85.4182
D,DISPATCH,UNIT_SCADA,1,"2019/08/20 04:45:00",LGAPWF1,10.01
D,DISPATCH,UNIT_SCADA,1,"2019/08/20 04:45:00",LILYSF1,0
D,DISPATCH,UNIT_SCADA,1,"2019/08/20 04:45:00",LI_WY_CA,147.849760
D,DISPATCH,UNIT_SCADA,1,"2019/08/20 04:45:00",LKBONNY2,141.113340
D,DISPATCH,UNIT_SCADA,1,"2019/08/20 04:45:00",LKBONNY3,36.451770
D,DISPATCH,UNIT_SCADA,1,"2019/08/20 04:45:00",LK_ECHO,0
D,DISPATCH,UNIT_SCADA,1,"2019/08/20 04:45:00",LNGS1,0
D,DISPATCH,UNIT_SCADA,1,"2019/08/20 04:45:00",LNGS2,0
D,DISPATCH,UNIT_SCADA,1,"2019/08/20 04:45:00",LONSDALE,0
D,DISPATCH,UNIT_SCADA,1,"2019/08/20 04:45:00",LOYYB1,537.216430
D,DISPATCH,UNIT_SCADA,1,"2019/08/20 04:45:00",LOYYB2,585.713930
D,DISPATCH,UNIT_SCADA,1,"2019/08/20 04:45:00",LYA1,561
D,DISPATCH,UNIT_SCADA,1,"2019/08/20 04:45:00",LYA2,0
D,DISPATCH,UNIT_SCADA,1,"2019/08/20 04:45:00",LYA3,559
D,DISPATCH,UNIT_SCADA,1,"2019/08/20 04:45:00",LYA4,541
D,DISPATCH,UNIT_SCADA,1,"2019/08/20 04:45:00",MACARTH1,304.292970
D,DISPATCH,UNIT_SCADA,1,"2019/08/20 04:45:00",MACKAYGT,0
D,DISPATCH,UNIT_SCADA,1,"2019/08/20 04:45:00",MACKNTSH,85.570010
D,DISPATCH,UNIT_SCADA,1,"2019/08/20 04:45:00",MANSLR1,0
D,DISPATCH,UNIT_SCADA,1,"2019/08/20 04:45:00",MCKAY1,0.02
D,DISPATCH,UNIT_SCADA,1,"2019/08/20 04:45:00",MEADOWBK,33.924460
D,DISPATCH,UNIT_SCADA,1,"2019/08/20 04:45:00",MERCER01,124.7710
D,DISPATCH,UNIT_SCADA,1,"2019/08/20 04:45:00",MEWF1,25.481220
D,DISPATCH,UNIT_SCADA,1,"2019/08/20 04:45:00",MINTARO,0
D,DISPATCH,UNIT_SCADA,1,"2019/08/20 04:45:00",MOREESF1,0
D,DISPATCH,UNIT_SCADA,1,"2019/08/20 04:45:00",MORTLK11,123
D,DISPATCH,UNIT_SCADA,1,"2019/08/20 04:45:00",MORTLK12,0
D,DISPATCH,UNIT_SCADA,1,"2019/08/20 04:45:00",MP1,278.300050
D,DISPATCH,UNIT_SCADA,1,"2019/08/20 04:45:00",MP2,0
D,DISPATCH,UNIT_SCADA,1,"2019/08/20 04:45:00",MPP_1,426.25
D,DISPATCH,UNIT_SCADA,1,"2019/08/20 04:45:00",MPP_2,435.50
D,DISPATCH,UNIT_SCADA,1,"2019/08/20 04:45:00",MSTUART1,0
D,DISPATCH,UNIT_SCADA,1,"2019/08/20 04:45:00",MSTUART2,0
D,DISPATCH,UNIT_SCADA,1,"2019/08/20 04:45:00",MSTUART3,0
D,DISPATCH,UNIT_SCADA,1,"2019/08/20 04:45:00",MTGELWF1,64.206370
D,DISPATCH,UNIT_SCADA,1,"2019/08/20 04:45:00",MURRAY,0
D,DISPATCH,UNIT_SCADA,1,"2019/08/20 04:45:00",MUSSELR1,151.100010
D,DISPATCH,UNIT_SCADA,1,"2019/08/20 04:45:00",MUWAWF1,39.02
D,DISPATCH,UNIT_SCADA,1,"2019/08/20 04:45:00",NBHWF1,63
D,DISPATCH,UNIT_SCADA,1,"2019/08/20 04:45:00",NPS,0
D,DISPATCH,UNIT_SCADA,1,"2019/08/20 04:45:00",NUMURSF1,0
D,DISPATCH,UNIT_SCADA,1,"2019/08/20 04:45:00",NYNGAN1,0
D,DISPATCH,UNIT_SCADA,1,"2019/08/20 04:45:00",OAKEY1,0
D,DISPATCH,UNIT_SCADA,1,"2019/08/20 04:45:00",OAKEY1SF,0
D,DISPATCH,UNIT_SCADA,1,"2019/08/20 04:45:00",OAKEY2,0
D,DISPATCH,UNIT_SCADA,1,"2019/08/20 04:45:00",OAKLAND1,61.90
D,DISPATCH,UNIT_SCADA,1,"2019/08/20 04:45:00",OSB-AG,140.78
D,DISPATCH,UNIT_SCADA,1,"2019/08/20 04:45:00",PARSF1,0
D,DISPATCH,UNIT_SCADA,1,"2019/08/20 04:45:00",POAT110,0
D,DISPATCH,UNIT_SCADA,1,"2019/08/20 04:45:00",POAT220,17.24
D,DISPATCH,UNIT_SCADA,1,"2019/08/20 04:45:00",POR01,0
D,DISPATCH,UNIT_SCADA,1,"2019/08/20 04:45:00",POR03,0
D,DISPATCH,UNIT_SCADA,1,"2019/08/20 04:45:00",PPCCGT,0
D,DISPATCH,UNIT_SCADA,1,"2019/08/20 04:45:00",PTSTAN1,0
D,DISPATCH,UNIT_SCADA,1,"2019/08/20 04:45:00",PUMP1,0
D,DISPATCH,UNIT_SCADA,1,"2019/08/20 04:45:00",PUMP2,0
D,DISPATCH,UNIT_SCADA,1,"2019/08/20 04:45:00",QPS1,0
D,DISPATCH,UNIT_SCADA,1,"2019/08/20 04:45:00",QPS2,0
D,DISPATCH,UNIT_SCADA,1,"2019/08/20 04:45:00",QPS3,0
D,DISPATCH,UNIT_SCADA,1,"2019/08/20 04:45:00",QPS4,0
D,DISPATCH,UNIT_SCADA,1,"2019/08/20 04:45:00",QPS5,0
D,DISPATCH,UNIT_SCADA,1,"2019/08/20 04:45:00",REECE1,114.740010
D,DISPATCH,UNIT_SCADA,1,"2019/08/20 04:45:00",REECE2,114.63
D,DISPATCH,UNIT_SCADA,1,"2019/08/20 04:45:00",ROMA_7,0
D,DISPATCH,UNIT_SCADA,1,"2019/08/20 04:45:00",ROMA_8,0
D,DISPATCH,UNIT_SCADA,1,"2019/08/20 04:45:00",RRSF1,0
D,DISPATCH,UNIT_SCADA,1,"2019/08/20 04:45:00",RT_NSW1,0
D,DISPATCH,UNIT_SCADA,1,"2019/08/20 04:45:00",RT_NSW2,0
D,DISPATCH,UNIT_SCADA,1,"2019/08/20 04:45:00",RT_NSW3,0
D,DISPATCH,UNIT_SCADA,1,"2019/08/20 04:45:00",RT_NSW4,0
D,DISPATCH,UNIT_SCADA,1,"2019/08/20 04:45:00",RT_NSW5,0
D,DISPATCH,UNIT_SCADA,1,"2019/08/20 04:45:00",RT_NSW6,0
D,DISPATCH,UNIT_SCADA,1,"2019/08/20 04:45:00",RT_QLD1,0
D,DISPATCH,UNIT_SCADA,1,"2019/08/20 04:45:00",RT_SA1,0
D,DISPATCH,UNIT_SCADA,1,"2019/08/20 04:45:00",RT_SA2,0
D,DISPATCH,UNIT_SCADA,1,"2019/08/20 04:45:00",RT_SA3,0
D,DISPATCH,UNIT_SCADA,1,"2019/08/20 04:45:00",RT_SA4,0
D,DISPATCH,UNIT_SCADA,1,"2019/08/20 04:45:00",RT_SA5,0
D,DISPATCH,UNIT_SCADA,1,"2019/08/20 04:45:00",RT_SA6,0
D,DISPATCH,UNIT_SCADA,1,"2019/08/20 04:45:00",RT_TAS1,0
D,DISPATCH,UNIT_SCADA,1,"2019/08/20 04:45:00",RT_VIC1,0
D,DISPATCH,UNIT_SCADA,1,"2019/08/20 04:45:00",RT_VIC10,0
D,DISPATCH,UNIT_SCADA,1,"2019/08/20 04:45:00",RT_VIC11,0
D,DISPATCH,UNIT_SCADA,1,"2019/08/20 04:45:00",RT_VIC12,0
D,DISPATCH,UNIT_SCADA,1,"2019/08/20 04:45:00",RT_VIC2,0
D,DISPATCH,UNIT_SCADA,1,"2019/08/20 04:45:00",RT_VIC3,0
D,DISPATCH,UNIT_SCADA,1,"2019/08/20 04:45:00",RT_VIC4,0
D,DISPATCH,UNIT_SCADA,1,"2019/08/20 04:45:00",RT_VIC5,0
D,DISPATCH,UNIT_SCADA,1,"2019/08/20 04:45:00",RT_VIC6,0
D,DISPATCH,UNIT_SCADA,1,"2019/08/20 04:45:00",RT_VIC7,0
D,DISPATCH,UNIT_SCADA,1,"2019/08/20 04:45:00",RT_VIC8,0
D,DISPATCH,UNIT_SCADA,1,"2019/08/20 04:45:00",RT_VIC9,0
D,DISPATCH,UNIT_SCADA,1,"2019/08/20 04:45:00",RUGBYR1,0
D,DISPATCH,UNIT_SCADA,1,"2019/08/20 04:45:00",SALTCRK1,51.20
D,DISPATCH,UNIT_SCADA,1,"2019/08/20 04:45:00",SAPHWF1,161.512510
D,DISPATCH,UNIT_SCADA,1,"2019/08/20 04:45:00",SHGEN,0
D,DISPATCH,UNIT_SCADA,1,"2019/08/20 04:45:00",SHPUMP,0
D,DISPATCH,UNIT_SCADA,1,"2019/08/20 04:45:00",SITHE01,0.143810
D,DISPATCH,UNIT_SCADA,1,"2019/08/20 04:45:00",SMCSF1,0
D,DISPATCH,UNIT_SCADA,1,"2019/08/20 04:45:00",SNOWNTH1,20.20
D,DISPATCH,UNIT_SCADA,1,"2019/08/20 04:45:00",SNOWSTH1,58.60
D,DISPATCH,UNIT_SCADA,1,"2019/08/20 04:45:00",SNOWTWN1,28.850540
D,DISPATCH,UNIT_SCADA,1,"2019/08/20 04:45:00",SNOWYP,377.50
D,DISPATCH,UNIT_SCADA,1,"2019/08/20 04:45:00",SNUG1,0.019440
D,DISPATCH,UNIT_SCADA,1,"2019/08/20 04:45:00",SRSF1,0
D,DISPATCH,UNIT_SCADA,1,"2019/08/20 04:45:00",STAN-1,0
D,DISPATCH,UNIT_SCADA,1,"2019/08/20 04:45:00",STAN-2,184.396870
D,DISPATCH,UNIT_SCADA,1,"2019/08/20 04:45:00",STAN-3,226.054720
D,DISPATCH,UNIT_SCADA,1,"2019/08/20 04:45:00",STAN-4,189.293270
D,DISPATCH,UNIT_SCADA,1,"2019/08/20 04:45:00",STWF1,131.22
D,DISPATCH,UNIT_SCADA,1,"2019/08/20 04:45:00",SWAN_E,0
D,DISPATCH,UNIT_SCADA,1,"2019/08/20 04:45:00",TALWA1,189
D,DISPATCH,UNIT_SCADA,1,"2019/08/20 04:45:00",TARALGA1,103.4325
D,DISPATCH,UNIT_SCADA,1,"2019/08/20 04:45:00",TARONG#1,233.400010
D,DISPATCH,UNIT_SCADA,1,"2019/08/20 04:45:00",TARONG#2,234.50
D,DISPATCH,UNIT_SCADA,1,"2019/08/20 04:45:00",TARONG#3,179.50
D,DISPATCH,UNIT_SCADA,1,"2019/08/20 04:45:00",TARONG#4,224.900010
D,DISPATCH,UNIT_SCADA,1,"2019/08/20 04:45:00",TARRALEA,79.10
D,DISPATCH,UNIT_SCADA,1,"2019/08/20 04:45:00",TBSF1,-0.20
D,DISPATCH,UNIT_SCADA,1,"2019/08/20 04:45:00",TNPS1,299.50
D,DISPATCH,UNIT_SCADA,1,"2019/08/20 04:45:00",TORRA1,47.116230
D,DISPATCH,UNIT_SCADA,1,"2019/08/20 04:45:00",TORRA2,0
D,DISPATCH,UNIT_SCADA,1,"2019/08/20 04:45:00",TORRA3,47.6716
D,DISPATCH,UNIT_SCADA,1,"2019/08/20 04:45:00",TORRA4,0
D,DISPATCH,UNIT_SCADA,1,"2019/08/20 04:45:00",TORRB1,39.59
D,DISPATCH,UNIT_SCADA,1,"2019/08/20 04:45:00",TORRB2,39.93
D,DISPATCH,UNIT_SCADA,1,"2019/08/20 04:45:00",TORRB3,0
D,DISPATCH,UNIT_SCADA,1,"2019/08/20 04:45:00",TORRB4,0
D,DISPATCH,UNIT_SCADA,1,"2019/08/20 04:45:00",TREVALLN,2.10
D,DISPATCH,UNIT_SCADA,1,"2019/08/20 04:45:00",TRIBUTE,84.87
D,DISPATCH,UNIT_SCADA,1,"2019/08/20 04:45:00",TUMUT3,0
D,DISPATCH,UNIT_SCADA,1,"2019/08/20 04:45:00",TUNGATIN,20.50
D,DISPATCH,UNIT_SCADA,1,"2019/08/20 04:45:00",TVCC201,0
D,DISPATCH,UNIT_SCADA,1,"2019/08/20 04:45:00",TVPP104,0
D,DISPATCH,UNIT_SCADA,1,"2019/08/20 04:45:00",UPPTUMUT,0
D,DISPATCH,UNIT_SCADA,1,"2019/08/20 04:45:00",URANQ11,0
D,DISPATCH,UNIT_SCADA,1,"2019/08/20 04:45:00",URANQ12,0
D,DISPATCH,UNIT_SCADA,1,"2019/08/20 04:45:00",URANQ13,0
D,DISPATCH,UNIT_SCADA,1,"2019/08/20 04:45:00",URANQ14,0
D,DISPATCH,UNIT_SCADA,1,"2019/08/20 04:45:00",VP5,311.1250
D,DISPATCH,UNIT_SCADA,1,"2019/08/20 04:45:00",VP6,309.25
D,DISPATCH,UNIT_SCADA,1,"2019/08/20 04:45:00",VPGS1,0
D,DISPATCH,UNIT_SCADA,1,"2019/08/20 04:45:00",VPGS2,0
D,DISPATCH,UNIT_SCADA,1,"2019/08/20 04:45:00",VPGS3,0
D,DISPATCH,UNIT_SCADA,1,"2019/08/20 04:45:00",VPGS4,0
D,DISPATCH,UNIT_SCADA,1,"2019/08/20 04:45:00",VPGS5,0
D,DISPATCH,UNIT_SCADA,1,"2019/08/20 04:45:00",VPGS6,0
D,DISPATCH,UNIT_SCADA,1,"2019/08/20 04:45:00",W/HOE#1,0
D,DISPATCH,UNIT_SCADA,1,"2019/08/20 04:45:00",W/HOE#2,0
D,DISPATCH,UNIT_SCADA,1,"2019/08/20 04:45:00",WATERLWF,93.20
D,DISPATCH,UNIT_SCADA,1,"2019/08/20 04:45:00",WEMENSF1,0
D,DISPATCH,UNIT_SCADA,1,"2019/08/20 04:45:00",WGWF1,73.20
D,DISPATCH,UNIT_SCADA,1,"2019/08/20 04:45:00",WHITSF1,0
D,DISPATCH,UNIT_SCADA,1,"2019/08/20 04:45:00",WKIEWA1,31.10
D,DISPATCH,UNIT_SCADA,1,"2019/08/20 04:45:00",WKIEWA2,17.30
D,DISPATCH,UNIT_SCADA,1,"2019/08/20 04:45:00",WOODLWN1,45.0630
D,DISPATCH,UNIT_SCADA,1,"2019/08/20 04:45:00",WRSF1,0
D,DISPATCH,UNIT_SCADA,1,"2019/08/20 04:45:00",WRWF1,67.162510
D,DISPATCH,UNIT_SCADA,1,"2019/08/20 04:45:00",YABULU,0
D,DISPATCH,UNIT_SCADA,1,"2019/08/20 04:45:00",YABULU2,0
D,DISPATCH,UNIT_SCADA,1,"2019/08/20 04:45:00",YARWUN_1,0
D,DISPATCH,UNIT_SCADA,1,"2019/08/20 04:45:00",YENDWF1,42.04
D,DISPATCH,UNIT_SCADA,1,"2019/08/20 04:45:00",YWPS1,348.620240
D,DISPATCH,UNIT_SCADA,1,"2019/08/20 04:45:00",YWPS2,278.192410
D,DISPATCH,UNIT_SCADA,1,"2019/08/20 04:45:00",YWPS3,0
D,DISPATCH,UNIT_SCADA,1,"2019/08/20 04:45:00",YWPS4,368.139250
C,"END OF REPORT",334
