C,NEMP.WORLD,DISPATCHSCADA,AEMO,PUBLIC,2019/08/21,08:50:09,0000000311819165,DISPATCHSCADA,0000000311819159
I,DISPATCH,UNIT_SCADA,1,SETTLEMENTDATE,DUID,SCADAVALUE
D,DISPATCH,UNIT_SCADA,1,"2019/08/21 08:55:00",BARCSF1,17.800001
D,DISPATCH,UNIT_SCADA,1,"2019/08/21 08:55:00",BUTLERSG,9.699999
D,DISPATCH,UNIT_SCADA,1,"2019/08/21 08:55:00",CALL_A_4,0
D,DISPATCH,UNIT_SCADA,1,"2019/08/21 08:55:00",CAPTL_WF,131.272003
D,DISPATCH,UNIT_SCADA,1,"2019/08/21 08:55:00",CATHROCK,31.909998
D,DISPATCH,UNIT_SCADA,1,"2019/08/21 08:55:00",CHALLHWF,36.50
D,DISPATCH,UNIT_SCADA,1,"2019/08/21 08:55:00",CLOVER,-0.01
D,DISPATCH,UNIT_SCADA,1,"2019/08/21 08:55:00",CLUNY,20.201878
D,DISPATCH,UNIT_SCADA,1,"2019/08/21 08:55:00",CNUNDAWF,33.038540
D,DISPATCH,UNIT_SCADA,1,"2019/08/21 08:55:00",CULLRGWF,30.290001
D,DISPATCH,UNIT_SCADA,1,"2019/08/21 08:55:00",ERGT01,0
D,DISPATCH,UNIT_SCADA,1,"2019/08/21 08:55:00",GB01,0.058857
D,DISPATCH,UNIT_SCADA,1,"2019/08/21 08:55:00",GERMCRK,39.299999
D,DISPATCH,UNIT_SCADA,1,"2019/08/21 08:55:00",GRIFSF1,2.800003
D,DISPATCH,UNIT_SCADA,1,"2019/08/21 08:55:00",HUGSF1,8.9490
D,DISPATCH,UNIT_SCADA,1,"2019/08/21 08:55:00",LKBONNY1,61.534153
D,DISPATCH,UNIT_SCADA,1,"2019/08/21 08:55:00",LRSF1,13.295001
D,DISPATCH,UNIT_SCADA,1,"2019/08/21 08:55:00",MBAHNTH,55.856247
D,DISPATCH,UNIT_SCADA,1,"2019/08/21 08:55:00",MLSP1,7.472001
D,DISPATCH,UNIT_SCADA,1,"2019/08/21 08:55:00",MLWF1,18.689999
D,DISPATCH,UNIT_SCADA,1,"2019/08/21 08:55:00",MTMILLAR,11.705183
D,DISPATCH,UNIT_SCADA,1,"2019/08/21 08:55:00",PALOONA,26.539999
D,DISPATCH,UNIT_SCADA,1,"2019/08/21 08:55:00",PIONEER,46.200001
D,DISPATCH,UNIT_SCADA,1,"2019/08/21 08:55:00",PORTWF,125.400002
D,DISPATCH,UNIT_SCADA,1,"2019/08/21 08:55:00",REPULSE,29.000076
D,DISPATCH,UNIT_SCADA,1,"2019/08/21 08:55:00",ROWALLAN,10.3234
D,DISPATCH,UNIT_SCADA,1,"2019/08/21 08:55:00",ROYALLA1,7.456001
D,DISPATCH,UNIT_SCADA,1,"2019/08/21 08:55:00",RPCG,10.70
D,DISPATCH,UNIT_SCADA,1,"2019/08/21 08:55:00",RUBICON,0
D,DISPATCH,UNIT_SCADA,1,"2019/08/21 08:55:00",SATGN1,0
D,DISPATCH,UNIT_SCADA,1,"2019/08/21 08:55:00",SATGS1,0
D,DISPATCH,UNIT_SCADA,1,"2019/08/21 08:55:00",STARHLWF,5.698339
D,DISPATCH,UNIT_SCADA,1,"2019/08/21 08:55:00",WAUBRAWF,183.871002
D,DISPATCH,UNIT_SCADA,1,"2019/08/21 08:55:00",WOOLNTH1,94.760017
D,DISPATCH,UNIT_SCADA,1,"2019/08/21 08:55:00",WPWF,22
D,DISPATCH,UNIT_SCADA,1,"2019/08/21 08:55:00",YAMBUKWF,29.200001
D,DISPATCH,UNIT_SCADA,1,"2019/08/21 08:55:00",YSWF1,28.799999
D,DISPATCH,UNIT_SCADA,1,"2019/08/21 08:55:00",AGLHAL,0
D,DISPATCH,UNIT_SCADA,1,"2019/08/21 08:55:00",AGLSOM,0
D,DISPATCH,UNIT_SCADA,1,"2019/08/21 08:55:00",ANGAST1,0
D,DISPATCH,UNIT_SCADA,1,"2019/08/21 08:55:00",ARWF1,146.70
D,DISPATCH,UNIT_SCADA,1,"2019/08/21 08:55:00",BALBG1,0
D,DISPATCH,UNIT_SCADA,1,"2019/08/21 08:55:00",BALBL1,0
D,DISPATCH,UNIT_SCADA,1,"2019/08/21 08:55:00",BALDHWF1,101.0020
D,DISPATCH,UNIT_SCADA,1,"2019/08/21 08:55:00",BANN1,14.95
D,DISPATCH,UNIT_SCADA,1,"2019/08/21 08:55:00",BARCALDN,0
D,DISPATCH,UNIT_SCADA,1,"2019/08/21 08:55:00",BARRON-1,0
D,DISPATCH,UNIT_SCADA,1,"2019/08/21 08:55:00",BARRON-2,29
D,DISPATCH,UNIT_SCADA,1,"2019/08/21 08:55:00",BASTYAN,79.100010
D,DISPATCH,UNIT_SCADA,1,"2019/08/21 08:55:00",BBTHREE1,-1.92
D,DISPATCH,UNIT_SCADA,1,"2019/08/21 08:55:00",BBTHREE2,-1.96
D,DISPATCH,UNIT_SCADA,1,"2019/08/21 08:55:00",BBTHREE3,-1.05
D,DISPATCH,UNIT_SCADA,1,"2019/08/21 08:55:00",BDL01,19.86
D,DISPATCH,UNIT_SCADA,1,"2019/08/21 08:55:00",BDL02,19.80
D,DISPATCH,UNIT_SCADA,1,"2019/08/21 08:55:00",BERYLSF1,9.999570
D,DISPATCH,UNIT_SCADA,1,"2019/08/21 08:55:00",BLOWERNG,0
D,DISPATCH,UNIT_SCADA,1,"2019/08/21 08:55:00",BLUFF1,22.60
D,DISPATCH,UNIT_SCADA,1,"2019/08/21 08:55:00",BNGSF1,70.74
D,DISPATCH,UNIT_SCADA,1,"2019/08/21 08:55:00",BNGSF2,20
D,DISPATCH,UNIT_SCADA,1,"2019/08/21 08:55:00",BOCORWF1,6.04
D,DISPATCH,UNIT_SCADA,1,"2019/08/21 08:55:00",BODWF1,65.282670
D,DISPATCH,UNIT_SCADA,1,"2019/08/21 08:55:00",BRAEMAR1,0
D,DISPATCH,UNIT_SCADA,1,"2019/08/21 08:55:00",BRAEMAR2,0
D,DISPATCH,UNIT_SCADA,1,"2019/08/21 08:55:00",BRAEMAR3,0
D,DISPATCH,UNIT_SCADA,1,"2019/08/21 08:55:00",BRAEMAR5,0
D,DISPATCH,UNIT_SCADA,1,"2019/08/21 08:55:00",BRAEMAR6,0
D,DISPATCH,UNIT_SCADA,1,"2019/08/21 08:55:00",BRAEMAR7,0
D,DISPATCH,UNIT_SCADA,1,"2019/08/21 08:55:00",BROKENH1,27.032710
D,DISPATCH,UNIT_SCADA,1,"2019/08/21 08:55:00",BW01,632.50
D,DISPATCH,UNIT_SCADA,1,"2019/08/21 08:55:00",BW02,642.1250
D,DISPATCH,UNIT_SCADA,1,"2019/08/21 08:55:00",BW03,627.1250
D,DISPATCH,UNIT_SCADA,1,"2019/08/21 08:55:00",BW04,0
D,DISPATCH,UNIT_SCADA,1,"2019/08/21 08:55:00",CALL_B_1,349.800020
D,DISPATCH,UNIT_SCADA,1,"2019/08/21 08:55:00",CALL_B_2,284.800020
D,DISPATCH,UNIT_SCADA,1,"2019/08/21 08:55:00",CETHANA,80.401630
D,DISPATCH,UNIT_SCADA,1,"2019/08/21 08:55:00",CG1,0
D,DISPATCH,UNIT_SCADA,1,"2019/08/21 08:55:00",CG2,0
D,DISPATCH,UNIT_SCADA,1,"2019/08/21 08:55:00",CG3,0
D,DISPATCH,UNIT_SCADA,1,"2019/08/21 08:55:00",CG4,0
D,DISPATCH,UNIT_SCADA,1,"2019/08/21 08:55:00",CHILDSF1,40.04
D,DISPATCH,UNIT_SCADA,1,"2019/08/21 08:55:00",CLARESF1,43.3623
D,DISPATCH,UNIT_SCADA,1,"2019/08/21 08:55:00",CLEMGPWF,-0.216110
D,DISPATCH,UNIT_SCADA,1,"2019/08/21 08:55:00",CLERMSF1,15.04
D,DISPATCH,UNIT_SCADA,1,"2019/08/21 08:55:00",COLEASF1,98.600010
D,DISPATCH,UNIT_SCADA,1,"2019/08/21 08:55:00",COOPGWF1,29.914880
D,DISPATCH,UNIT_SCADA,1,"2019/08/21 08:55:00",CPP_3,323.399990
D,DISPATCH,UNIT_SCADA,1,"2019/08/21 08:55:00",CPP_4,407
D,DISPATCH,UNIT_SCADA,1,"2019/08/21 08:55:00",CPSA,142.634990
D,DISPATCH,UNIT_SCADA,1,"2019/08/21 08:55:00",CROOKWF2,76.573750
D,DISPATCH,UNIT_SCADA,1,"2019/08/21 08:55:00",CROWLWF1,39.536640
D,DISPATCH,UNIT_SCADA,1,"2019/08/21 08:55:00",CSPVPS1,25.6690
D,DISPATCH,UNIT_SCADA,1,"2019/08/21 08:55:00",DALNTH01,0
D,DISPATCH,UNIT_SCADA,1,"2019/08/21 08:55:00",DALNTHL1,0.190740
D,DISPATCH,UNIT_SCADA,1,"2019/08/21 08:55:00",DARTM1,134.30
D,DISPATCH,UNIT_SCADA,1,"2019/08/21 08:55:00",DAYDSF1,115.3150
D,DISPATCH,UNIT_SCADA,1,"2019/08/21 08:55:00",DDPS1,0
D,DISPATCH,UNIT_SCADA,1,"2019/08/21 08:55:00",DDSF1,80.125950
D,DISPATCH,UNIT_SCADA,1,"2019/08/21 08:55:00",DEVILS_G,0
D,DISPATCH,UNIT_SCADA,1,"2019/08/21 08:55:00",DG_NSW1,0
D,DISPATCH,UNIT_SCADA,1,"2019/08/21 08:55:00",DG_QLD1,0
D,DISPATCH,UNIT_SCADA,1,"2019/08/21 08:55:00",DG_SA1,0
D,DISPATCH,UNIT_SCADA,1,"2019/08/21 08:55:00",DG_TAS1,0
D,DISPATCH,UNIT_SCADA,1,"2019/08/21 08:55:00",DG_VIC1,0
D,DISPATCH,UNIT_SCADA,1,"2019/08/21 08:55:00",DRYCGT1,0
D,DISPATCH,UNIT_SCADA,1,"2019/08/21 08:55:00",DRYCGT2,0
D,DISPATCH,UNIT_SCADA,1,"2019/08/21 08:55:00",DRYCGT3,0
D,DISPATCH,UNIT_SCADA,1,"2019/08/21 08:55:00",EILDON1,0
D,DISPATCH,UNIT_SCADA,1,"2019/08/21 08:55:00",EILDON2,0
D,DISPATCH,UNIT_SCADA,1,"2019/08/21 08:55:00",EMERASF1,59.41
D,DISPATCH,UNIT_SCADA,1,"2019/08/21 08:55:00",ER01,577.425050
D,DISPATCH,UNIT_SCADA,1,"2019/08/21 08:55:00",ER02,661.349980
D,DISPATCH,UNIT_SCADA,1,"2019/08/21 08:55:00",ER03,699.050050
D,DISPATCH,UNIT_SCADA,1,"2019/08/21 08:55:00",ER04,661.50
D,DISPATCH,UNIT_SCADA,1,"2019/08/21 08:55:00",FINLYSF1,0.374630
D,DISPATCH,UNIT_SCADA,1,"2019/08/21 08:55:00",FISHER,45.90
D,DISPATCH,UNIT_SCADA,1,"2019/08/21 08:55:00",GANNBG1,14.346240
D,DISPATCH,UNIT_SCADA,1,"2019/08/21 08:55:00",GANNBL1,0
D,DISPATCH,UNIT_SCADA,1,"2019/08/21 08:55:00",GANNSF1,19.40
D,DISPATCH,UNIT_SCADA,1,"2019/08/21 08:55:00",GORDON,119.549920
D,DISPATCH,UNIT_SCADA,1,"2019/08/21 08:55:00",GSTONE1,157.6750
D,DISPATCH,UNIT_SCADA,1,"2019/08/21 08:55:00",GSTONE2,137.724990
D,DISPATCH,UNIT_SCADA,1,"2019/08/21 08:55:00",GSTONE3,167.8250
D,DISPATCH,UNIT_SCADA,1,"2019/08/21 08:55:00",GSTONE4,156.974990
D,DISPATCH,UNIT_SCADA,1,"2019/08/21 08:55:00",GSTONE5,157.3250
D,DISPATCH,UNIT_SCADA,1,"2019/08/21 08:55:00",GSTONE6,0
D,DISPATCH,UNIT_SCADA,1,"2019/08/21 08:55:00",GULLRSF1,4.065160
D,DISPATCH,UNIT_SCADA,1,"2019/08/21 08:55:00",GULLRWF1,158.5820
D,DISPATCH,UNIT_SCADA,1,"2019/08/21 08:55:00",GUNNING1,44.191810
D,DISPATCH,UNIT_SCADA,1,"2019/08/21 08:55:00",GUTHEGA,0
D,DISPATCH,UNIT_SCADA,1,"2019/08/21 08:55:00",HALLWF1,50.03
D,DISPATCH,UNIT_SCADA,1,"2019/08/21 08:55:00",HALLWF2,44.58
D,DISPATCH,UNIT_SCADA,1,"2019/08/21 08:55:00",HAMISF1,46.20
D,DISPATCH,UNIT_SCADA,1,"2019/08/21 08:55:00",HAUGHT11,50.032640
D,DISPATCH,UNIT_SCADA,1,"2019/08/21 08:55:00",HAYMSF1,41.5390
D,DISPATCH,UNIT_SCADA,1,"2019/08/21 08:55:00",HDWF1,53.10
D,DISPATCH,UNIT_SCADA,1,"2019/08/21 08:55:00",HDWF2,30.70
D,DISPATCH,UNIT_SCADA,1,"2019/08/21 08:55:00",HDWF3,47
D,DISPATCH,UNIT_SCADA,1,"2019/08/21 08:55:00",HPRG1,10.70
D,DISPATCH,UNIT_SCADA,1,"2019/08/21 08:55:00",HPRL1,0
D,DISPATCH,UNIT_SCADA,1,"2019/08/21 08:55:00",HUMENSW,0
D,DISPATCH,UNIT_SCADA,1,"2019/08/21 08:55:00",HUMEV,9.30
D,DISPATCH,UNIT_SCADA,1,"2019/08/21 08:55:00",HVGTS,0
D,DISPATCH,UNIT_SCADA,1,"2019/08/21 08:55:00",JBUTTERS,135.17
D,DISPATCH,UNIT_SCADA,1,"2019/08/21 08:55:00",JLA01,0.50
D,DISPATCH,UNIT_SCADA,1,"2019/08/21 08:55:00",JLA02,0
D,DISPATCH,UNIT_SCADA,1,"2019/08/21 08:55:00",JLA03,0.10
D,DISPATCH,UNIT_SCADA,1,"2019/08/21 08:55:00",JLA04,0.10
D,DISPATCH,UNIT_SCADA,1,"2019/08/21 08:55:00",JLB01,0
D,DISPATCH,UNIT_SCADA,1,"2019/08/21 08:55:00",JLB02,84.50
D,DISPATCH,UNIT_SCADA,1,"2019/08/21 08:55:00",JLB03,0
D,DISPATCH,UNIT_SCADA,1,"2019/08/21 08:55:00",KAREEYA1,21.5525
D,DISPATCH,UNIT_SCADA,1,"2019/08/21 08:55:00",KAREEYA2,21.64
D,DISPATCH,UNIT_SCADA,1,"2019/08/21 08:55:00",KAREEYA3,0
D,DISPATCH,UNIT_SCADA,1,"2019/08/21 08:55:00",KAREEYA4,21.6575
D,DISPATCH,UNIT_SCADA,1,"2019/08/21 08:55:00",KARSF1,22.30
D,DISPATCH,UNIT_SCADA,1,"2019/08/21 08:55:00",KIATAWF1,30.90
D,DISPATCH,UNIT_SCADA,1,"2019/08/21 08:55:00",KPP_1,0
D,DISPATCH,UNIT_SCADA,1,"2019/08/21 08:55:00",KSP1,45.71
D,DISPATCH,UNIT_SCADA,1,"2019/08/21 08:55:00",LADBROK1,42.37
D,DISPATCH,UNIT_SCADA,1,"2019/08/21 08:55:00",LADBROK2,43.05
D,DISPATCH,UNIT_SCADA,1,"2019/08/21 08:55:00",LD01,415.274960
D,DISPATCH,UNIT_SCADA,1,"2019/08/21 08:55:00",LD02,417.093780
D,DISPATCH,UNIT_SCADA,1,"2019/08/21 08:55:00",LD03,414.993710
D,DISPATCH,UNIT_SCADA,1,"2019/08/21 08:55:00",LD04,374.118680
D,DISPATCH,UNIT_SCADA,1,"2019/08/21 08:55:00",LEM_WIL,85.770650
D,DISPATCH,UNIT_SCADA,1,"2019/08/21 08:55:00",LGAPWF1,17.98
D,DISPATCH,UNIT_SCADA,1,"2019/08/21 08:55:00",LILYSF1,95.420410
D,DISPATCH,UNIT_SCADA,1,"2019/08/21 08:55:00",LI_WY_CA,147.756480
D,DISPATCH,UNIT_SCADA,1,"2019/08/21 08:55:00",LKBONNY2,110.971720
D,DISPATCH,UNIT_SCADA,1,"2019/08/21 08:55:00",LKBONNY3,28.804160
D,DISPATCH,UNIT_SCADA,1,"2019/08/21 08:55:00",LK_ECHO,0
D,DISPATCH,UNIT_SCADA,1,"2019/08/21 08:55:00",LNGS1,0
D,DISPATCH,UNIT_SCADA,1,"2019/08/21 08:55:00",LNGS2,0
D,DISPATCH,UNIT_SCADA,1,"2019/08/21 08:55:00",LONSDALE,0
D,DISPATCH,UNIT_SCADA,1,"2019/08/21 08:55:00",LOYYB1,535.712650
D,DISPATCH,UNIT_SCADA,1,"2019/08/21 08:55:00",LOYYB2,581.954410
D,DISPATCH,UNIT_SCADA,1,"2019/08/21 08:55:00",LYA1,500
D,DISPATCH,UNIT_SCADA,1,"2019/08/21 08:55:00",LYA2,0
D,DISPATCH,UNIT_SCADA,1,"2019/08/21 08:55:00",LYA3,559
D,DISPATCH,UNIT_SCADA,1,"2019/08/21 08:55:00",LYA4,530
D,DISPATCH,UNIT_SCADA,1,"2019/08/21 08:55:00",MACARTH1,323.392520
D,DISPATCH,UNIT_SCADA,1,"2019/08/21 08:55:00",MACKAYGT,0
D,DISPATCH,UNIT_SCADA,1,"2019/08/21 08:55:00",MACKNTSH,78.750010
D,DISPATCH,UNIT_SCADA,1,"2019/08/21 08:55:00",MANSLR1,2.0370
D,DISPATCH,UNIT_SCADA,1,"2019/08/21 08:55:00",MCKAY1,0.02
D,DISPATCH,UNIT_SCADA,1,"2019/08/21 08:55:00",MEADOWBK,33.953040
D,DISPATCH,UNIT_SCADA,1,"2019/08/21 08:55:00",MERCER01,128.5620
D,DISPATCH,UNIT_SCADA,1,"2019/08/21 08:55:00",MEWF1,90.599420
D,DISPATCH,UNIT_SCADA,1,"2019/08/21 08:55:00",MINTARO,0
D,DISPATCH,UNIT_SCADA,1,"2019/08/21 08:55:00",MOREESF1,50.9740
D,DISPATCH,UNIT_SCADA,1,"2019/08/21 08:55:00",MORTLK11,0
D,DISPATCH,UNIT_SCADA,1,"2019/08/21 08:55:00",MORTLK12,0
D,DISPATCH,UNIT_SCADA,1,"2019/08/21 08:55:00",MP1,277.224980
D,DISPATCH,UNIT_SCADA,1,"2019/08/21 08:55:00",MP2,0
D,DISPATCH,UNIT_SCADA,1,"2019/08/21 08:55:00",MPP_1,241.75
D,DISPATCH,UNIT_SCADA,1,"2019/08/21 08:55:00",MPP_2,418.75
D,DISPATCH,UNIT_SCADA,1,"2019/08/21 08:55:00",MSTUART1,0
D,DISPATCH,UNIT_SCADA,1,"2019/08/21 08:55:00",MSTUART2,0
D,DISPATCH,UNIT_SCADA,1,"2019/08/21 08:55:00",MSTUART3,0
D,DISPATCH,UNIT_SCADA,1,"2019/08/21 08:55:00",MTGELWF1,64.900670
D,DISPATCH,UNIT_SCADA,1,"2019/08/21 08:55:00",MURRAY,119.80
D,DISPATCH,UNIT_SCADA,1,"2019/08/21 08:55:00",MUSSELR1,144.70
D,DISPATCH,UNIT_SCADA,1,"2019/08/21 08:55:00",MUWAWF1,52.78
D,DISPATCH,UNIT_SCADA,1,"2019/08/21 08:55:00",NBHWF1,56
D,DISPATCH,UNIT_SCADA,1,"2019/08/21 08:55:00",NPS,0
D,DISPATCH,UNIT_SCADA,1,"2019/08/21 08:55:00",NUMURSF1,23.07
D,DISPATCH,UNIT_SCADA,1,"2019/08/21 08:55:00",NYNGAN1,62
D,DISPATCH,UNIT_SCADA,1,"2019/08/21 08:55:00",OAKEY1,0
D,DISPATCH,UNIT_SCADA,1,"2019/08/21 08:55:00",OAKEY1SF,0.8180
D,DISPATCH,UNIT_SCADA,1,"2019/08/21 08:55:00",OAKEY2,0
D,DISPATCH,UNIT_SCADA,1,"2019/08/21 08:55:00",OAKLAND1,54.50
D,DISPATCH,UNIT_SCADA,1,"2019/08/21 08:55:00",OSB-AG,0
D,DISPATCH,UNIT_SCADA,1,"2019/08/21 08:55:00",PARSF1,6.10
D,DISPATCH,UNIT_SCADA,1,"2019/08/21 08:55:00",POAT110,1.247040
D,DISPATCH,UNIT_SCADA,1,"2019/08/21 08:55:00",POAT220,104.106960
D,DISPATCH,UNIT_SCADA,1,"2019/08/21 08:55:00",POR01,0
D,DISPATCH,UNIT_SCADA,1,"2019/08/21 08:55:00",POR03,0
D,DISPATCH,UNIT_SCADA,1,"2019/08/21 08:55:00",PPCCGT,174.223310
D,DISPATCH,UNIT_SCADA,1,"2019/08/21 08:55:00",PTSTAN1,0
D,DISPATCH,UNIT_SCADA,1,"2019/08/21 08:55:00",PUMP1,0
D,DISPATCH,UNIT_SCADA,1,"2019/08/21 08:55:00",PUMP2,0
D,DISPATCH,UNIT_SCADA,1,"2019/08/21 08:55:00",QPS1,29
D,DISPATCH,UNIT_SCADA,1,"2019/08/21 08:55:00",QPS2,0
D,DISPATCH,UNIT_SCADA,1,"2019/08/21 08:55:00",QPS3,0
D,DISPATCH,UNIT_SCADA,1,"2019/08/21 08:55:00",QPS4,0
D,DISPATCH,UNIT_SCADA,1,"2019/08/21 08:55:00",QPS5,74.19
D,DISPATCH,UNIT_SCADA,1,"2019/08/21 08:55:00",REECE1,117.990010
D,DISPATCH,UNIT_SCADA,1,"2019/08/21 08:55:00",REECE2,116.560010
D,DISPATCH,UNIT_SCADA,1,"2019/08/21 08:55:00",ROMA_7,0
D,DISPATCH,UNIT_SCADA,1,"2019/08/21 08:55:00",ROMA_8,0
D,DISPATCH,UNIT_SCADA,1,"2019/08/21 08:55:00",RRSF1,101.576980
D,DISPATCH,UNIT_SCADA,1,"2019/08/21 08:55:00",RT_NSW1,0
D,DISPATCH,UNIT_SCADA,1,"2019/08/21 08:55:00",RT_NSW2,0
D,DISPATCH,UNIT_SCADA,1,"2019/08/21 08:55:00",RT_NSW3,0
D,DISPATCH,UNIT_SCADA,1,"2019/08/21 08:55:00",RT_NSW4,0
D,DISPATCH,UNIT_SCADA,1,"2019/08/21 08:55:00",RT_NSW5,0
D,DISPATCH,UNIT_SCADA,1,"2019/08/21 08:55:00",RT_NSW6,0
D,DISPATCH,UNIT_SCADA,1,"2019/08/21 08:55:00",RT_QLD1,0
D,DISPATCH,UNIT_SCADA,1,"2019/08/21 08:55:00",RT_SA1,0
D,DISPATCH,UNIT_SCADA,1,"2019/08/21 08:55:00",RT_SA2,0
D,DISPATCH,UNIT_SCADA,1,"2019/08/21 08:55:00",RT_SA3,0
D,DISPATCH,UNIT_SCADA,1,"2019/08/21 08:55:00",RT_SA4,0
D,DISPATCH,UNIT_SCADA,1,"2019/08/21 08:55:00",RT_SA5,0
D,DISPATCH,UNIT_SCADA,1,"2019/08/21 08:55:00",RT_SA6,0
D,DISPATCH,UNIT_SCADA,1,"2019/08/21 08:55:00",RT_TAS1,0
D,DISPATCH,UNIT_SCADA,1,"2019/08/21 08:55:00",RT_VIC1,0
D,DISPATCH,UNIT_SCADA,1,"2019/08/21 08:55:00",RT_VIC10,0
D,DISPATCH,UNIT_SCADA,1,"2019/08/21 08:55:00",RT_VIC11,0
D,DISPATCH,UNIT_SCADA,1,"2019/08/21 08:55:00",RT_VIC12,0
D,DISPATCH,UNIT_SCADA,1,"2019/08/21 08:55:00",RT_VIC2,0
D,DISPATCH,UNIT_SCADA,1,"2019/08/21 08:55:00",RT_VIC3,0
D,DISPATCH,UNIT_SCADA,1,"2019/08/21 08:55:00",RT_VIC4,0
D,DISPATCH,UNIT_SCADA,1,"2019/08/21 08:55:00",RT_VIC5,0
D,DISPATCH,UNIT_SCADA,1,"2019/08/21 08:55:00",RT_VIC6,0
D,DISPATCH,UNIT_SCADA,1,"2019/08/21 08:55:00",RT_VIC7,0
D,DISPATCH,UNIT_SCADA,1,"2019/08/21 08:55:00",RT_VIC8,0
D,DISPATCH,UNIT_SCADA,1,"2019/08/21 08:55:00",RT_VIC9,0
D,DISPATCH,UNIT_SCADA,1,"2019/08/21 08:55:00",RUGBYR1,45.228030
D,DISPATCH,UNIT_SCADA,1,"2019/08/21 08:55:00",SALTCRK1,51.67
D,DISPATCH,UNIT_SCADA,1,"2019/08/21 08:55:00",SAPHWF1,103.340610
D,DISPATCH,UNIT_SCADA,1,"2019/08/21 08:55:00",SHGEN,0
D,DISPATCH,UNIT_SCADA,1,"2019/08/21 08:55:00",SHPUMP,0
D,DISPATCH,UNIT_SCADA,1,"2019/08/21 08:55:00",SITHE01,0.525620
D,DISPATCH,UNIT_SCADA,1,"2019/08/21 08:55:00",SMCSF1,56.498630
D,DISPATCH,UNIT_SCADA,1,"2019/08/21 08:55:00",SNOWNTH1,30.60
D,DISPATCH,UNIT_SCADA,1,"2019/08/21 08:55:00",SNOWSTH1,53.40
D,DISPATCH,UNIT_SCADA,1,"2019/08/21 08:55:00",SNOWTWN1,23.6386
D,DISPATCH,UNIT_SCADA,1,"2019/08/21 08:55:00",SNOWYP,0
D,DISPATCH,UNIT_SCADA,1,"2019/08/21 08:55:00",SNUG1,0.019440
D,DISPATCH,UNIT_SCADA,1,"2019/08/21 08:55:00",SRSF1,35.57
D,DISPATCH,UNIT_SCADA,1,"2019/08/21 08:55:00",STAN-1,0
D,DISPATCH,UNIT_SCADA,1,"2019/08/21 08:55:00",STAN-2,280.197110
D,DISPATCH,UNIT_SCADA,1,"2019/08/21 08:55:00",STAN-3,281.619870
D,DISPATCH,UNIT_SCADA,1,"2019/08/21 08:55:00",STAN-4,276.544040
D,DISPATCH,UNIT_SCADA,1,"2019/08/21 08:55:00",STWF1,14.6925
D,DISPATCH,UNIT_SCADA,1,"2019/08/21 08:55:00",SWAN_E,0
D,DISPATCH,UNIT_SCADA,1,"2019/08/21 08:55:00",TALWA1,189
D,DISPATCH,UNIT_SCADA,1,"2019/08/21 08:55:00",TARALGA1,11.129990
D,DISPATCH,UNIT_SCADA,1,"2019/08/21 08:55:00",TARONG#1,295.800020
D,DISPATCH,UNIT_SCADA,1,"2019/08/21 08:55:00",TARONG#2,295.200010
D,DISPATCH,UNIT_SCADA,1,"2019/08/21 08:55:00",TARONG#3,259.399990
D,DISPATCH,UNIT_SCADA,1,"2019/08/21 08:55:00",TARONG#4,293.300020
D,DISPATCH,UNIT_SCADA,1,"2019/08/21 08:55:00",TARRALEA,75
D,DISPATCH,UNIT_SCADA,1,"2019/08/21 08:55:00",TBSF1,31
D,DISPATCH,UNIT_SCADA,1,"2019/08/21 08:55:00",TNPS1,442.000030
D,DISPATCH,UNIT_SCADA,1,"2019/08/21 08:55:00",TORRA1,60.844850
D,DISPATCH,UNIT_SCADA,1,"2019/08/21 08:55:00",TORRA2,0
D,DISPATCH,UNIT_SCADA,1,"2019/08/21 08:55:00",TORRA3,0
D,DISPATCH,UNIT_SCADA,1,"2019/08/21 08:55:00",TORRA4,0
D,DISPATCH,UNIT_SCADA,1,"2019/08/21 08:55:00",TORRB1,42.18
D,DISPATCH,UNIT_SCADA,1,"2019/08/21 08:55:00",TORRB2,60.85
D,DISPATCH,UNIT_SCADA,1,"2019/08/21 08:55:00",TORRB3,0
D,DISPATCH,UNIT_SCADA,1,"2019/08/21 08:55:00",TORRB4,0
D,DISPATCH,UNIT_SCADA,1,"2019/08/21 08:55:00",TREVALLN,69.240020
D,DISPATCH,UNIT_SCADA,1,"2019/08/21 08:55:00",TRIBUTE,70.91
D,DISPATCH,UNIT_SCADA,1,"2019/08/21 08:55:00",TUMUT3,0
D,DISPATCH,UNIT_SCADA,1,"2019/08/21 08:55:00",TUNGATIN,124.090040
D,DISPATCH,UNIT_SCADA,1,"2019/08/21 08:55:00",TVCC201,0
D,DISPATCH,UNIT_SCADA,1,"2019/08/21 08:55:00",TVPP104,57.943780
D,DISPATCH,UNIT_SCADA,1,"2019/08/21 08:55:00",UPPTUMUT,0
D,DISPATCH,UNIT_SCADA,1,"2019/08/21 08:55:00",URANQ11,0
D,DISPATCH,UNIT_SCADA,1,"2019/08/21 08:55:00",URANQ12,0
D,DISPATCH,UNIT_SCADA,1,"2019/08/21 08:55:00",URANQ13,0
D,DISPATCH,UNIT_SCADA,1,"2019/08/21 08:55:00",URANQ14,0
D,DISPATCH,UNIT_SCADA,1,"2019/08/21 08:55:00",VP5,396.799990
D,DISPATCH,UNIT_SCADA,1,"2019/08/21 08:55:00",VP6,398.574980
D,DISPATCH,UNIT_SCADA,1,"2019/08/21 08:55:00",VPGS1,0
D,DISPATCH,UNIT_SCADA,1,"2019/08/21 08:55:00",VPGS2,0
D,DISPATCH,UNIT_SCADA,1,"2019/08/21 08:55:00",VPGS3,0
D,DISPATCH,UNIT_SCADA,1,"2019/08/21 08:55:00",VPGS4,0
D,DISPATCH,UNIT_SCADA,1,"2019/08/21 08:55:00",VPGS5,0
D,DISPATCH,UNIT_SCADA,1,"2019/08/21 08:55:00",VPGS6,0
D,DISPATCH,UNIT_SCADA,1,"2019/08/21 08:55:00",W/HOE#1,0
D,DISPATCH,UNIT_SCADA,1,"2019/08/21 08:55:00",W/HOE#2,0
D,DISPATCH,UNIT_SCADA,1,"2019/08/21 08:55:00",WATERLWF,66.50
D,DISPATCH,UNIT_SCADA,1,"2019/08/21 08:55:00",WEMENSF1,9
D,DISPATCH,UNIT_SCADA,1,"2019/08/21 08:55:00",WGWF1,53.40
D,DISPATCH,UNIT_SCADA,1,"2019/08/21 08:55:00",WHITSF1,44.30
D,DISPATCH,UNIT_SCADA,1,"2019/08/21 08:55:00",WKIEWA1,0
D,DISPATCH,UNIT_SCADA,1,"2019/08/21 08:55:00",WKIEWA2,11.30
D,DISPATCH,UNIT_SCADA,1,"2019/08/21 08:55:00",WOODLWN1,45.180010
D,DISPATCH,UNIT_SCADA,1,"2019/08/21 08:55:00",WRSF1,15.65
D,DISPATCH,UNIT_SCADA,1,"2019/08/21 08:55:00",WRWF1,130.570010
D,DISPATCH,UNIT_SCADA,1,"2019/08/21 08:55:00",YABULU,0
D,DISPATCH,UNIT_SCADA,1,"2019/08/21 08:55:00",YABULU2,0
D,DISPATCH,UNIT_SCADA,1,"2019/08/21 08:55:00",YARWUN_1,0
D,DISPATCH,UNIT_SCADA,1,"2019/08/21 08:55:00",YENDWF1,41.92
D,DISPATCH,UNIT_SCADA,1,"2019/08/21 08:55:00",YWPS1,380.200010
D,DISPATCH,UNIT_SCADA,1,"2019/08/21 08:55:00",YWPS2,277.941770
D,DISPATCH,UNIT_SCADA,1,"2019/08/21 08:55:00",YWPS3,0
D,DISPATCH,UNIT_SCADA,1,"2019/08/21 08:55:00",YWPS4,397.778470
C,"END OF REPORT",334
