C,NEMP.WORLD,DISPATCHSCADA,AEMO,PUBLIC,2019/08/20,00:40:09,0000000311766026,DISPATCHSCADA,0000000311766020
I,DISPATCH,UNIT_SCADA,1,SETTLEMENTDATE,DUID,SCADAVALUE
D,DISPATCH,UNIT_SCADA,1,"2019/08/20 00:45:00",BARCSF1,0
D,DISPATCH,UNIT_SCADA,1,"2019/08/20 00:45:00",BUTLERSG,9.699999
D,DISPATCH,UNIT_SCADA,1,"2019/08/20 00:45:00",CALL_A_4,0
D,DISPATCH,UNIT_SCADA,1,"2019/08/20 00:45:00",CAPTL_WF,84.800003
D,DISPATCH,UNIT_SCADA,1,"2019/08/20 00:45:00",CATHROCK,39.059998
D,DISPATCH,UNIT_SCADA,1,"2019/08/20 00:45:00",CHALLHWF,14.20
D,DISPATCH,UNIT_SCADA,1,"2019/08/20 00:45:00",CLOVER,-0.02
D,DISPATCH,UNIT_SCADA,1,"2019/08/20 00:45:00",CLUNY,17.235523
D,DISPATCH,UNIT_SCADA,1,"2019/08/20 00:45:00",CNUNDAWF,38.044380
D,DISPATCH,UNIT_SCADA,1,"2019/08/20 00:45:00",CULLRGWF,30.360001
D,DISPATCH,UNIT_SCADA,1,"2019/08/20 00:45:00",ERGT01,0
D,DISPATCH,UNIT_SCADA,1,"2019/08/20 00:45:00",GB01,0.063011
D,DISPATCH,UNIT_SCADA,1,"2019/08/20 00:45:00",GERMCRK,37
D,DISPATCH,UNIT_SCADA,1,"2019/08/20 00:45:00",GRIFSF1,0
D,DISPATCH,UNIT_SCADA,1,"2019/08/20 00:45:00",HUGSF1,-0.2580
D,DISPATCH,UNIT_SCADA,1,"2019/08/20 00:45:00",LKBONNY1,67.249954
D,DISPATCH,UNIT_SCADA,1,"2019/08/20 00:45:00",LRSF1,-0.03
D,DISPATCH,UNIT_SCADA,1,"2019/08/20 00:45:00",MBAHNTH,52.968750
D,DISPATCH,UNIT_SCADA,1,"2019/08/20 00:45:00",MLSP1,0.304001
D,DISPATCH,UNIT_SCADA,1,"2019/08/20 00:45:00",MLWF1,16.244999
D,DISPATCH,UNIT_SCADA,1,"2019/08/20 00:45:00",MTMILLAR,9.361170
D,DISPATCH,UNIT_SCADA,1,"2019/08/20 00:45:00",PALOONA,23.49
D,DISPATCH,UNIT_SCADA,1,"2019/08/20 00:45:00",PIONEER,28.10
D,DISPATCH,UNIT_SCADA,1,"2019/08/20 00:45:00",PORTWF,139
D,DISPATCH,UNIT_SCADA,1,"2019/08/20 00:45:00",REPULSE,28.835279
D,DISPATCH,UNIT_SCADA,1,"2019/08/20 00:45:00",ROWALLAN,9.8335
D,DISPATCH,UNIT_SCADA,1,"2019/08/20 00:45:00",ROYALLA1,0
D,DISPATCH,UNIT_SCADA,1,"2019/08/20 00:45:00",RPCG,-0.80
D,DISPATCH,UNIT_SCADA,1,"2019/08/20 00:45:00",RUBICON,0
D,DISPATCH,UNIT_SCADA,1,"2019/08/20 00:45:00",SATGN1,0
D,DISPATCH,UNIT_SCADA,1,"2019/08/20 00:45:00",SATGS1,0
D,DISPATCH,UNIT_SCADA,1,"2019/08/20 00:45:00",STARHLWF,17.594870
D,DISPATCH,UNIT_SCADA,1,"2019/08/20 00:45:00",WAUBRAWF,117.996002
D,DISPATCH,UNIT_SCADA,1,"2019/08/20 00:45:00",WOOLNTH1,131.690018
D,DISPATCH,UNIT_SCADA,1,"2019/08/20 00:45:00",WPWF,17
D,DISPATCH,UNIT_SCADA,1,"2019/08/20 00:45:00",YAMBUKWF,12.90
D,DISPATCH,UNIT_SCADA,1,"2019/08/20 00:45:00",YSWF1,28.700001
D,DISPATCH,UNIT_SCADA,1,"2019/08/20 00:45:00",AGLHAL,0
D,DISPATCH,UNIT_SCADA,1,"2019/08/20 00:45:00",AGLSOM,0
D,DISPATCH,UNIT_SCADA,1,"2019/08/20 00:45:00",ANGAST1,0
D,DISPATCH,UNIT_SCADA,1,"2019/08/20 00:45:00",ARWF1,27.80
D,DISPATCH,UNIT_SCADA,1,"2019/08/20 00:45:00",BALBG1,0
D,DISPATCH,UNIT_SCADA,1,"2019/08/20 00:45:00",BALBL1,0
D,DISPATCH,UNIT_SCADA,1,"2019/08/20 00:45:00",BALDHWF1,100.0770
D,DISPATCH,UNIT_SCADA,1,"2019/08/20 00:45:00",BANN1,0
D,DISPATCH,UNIT_SCADA,1,"2019/08/20 00:45:00",BARCALDN,0
D,DISPATCH,UNIT_SCADA,1,"2019/08/20 00:45:00",BARRON-1,0
D,DISPATCH,UNIT_SCADA,1,"2019/08/20 00:45:00",BARRON-2,25.32
D,DISPATCH,UNIT_SCADA,1,"2019/08/20 00:45:00",BASTYAN,81.170010
D,DISPATCH,UNIT_SCADA,1,"2019/08/20 00:45:00",BBTHREE1,0
D,DISPATCH,UNIT_SCADA,1,"2019/08/20 00:45:00",BBTHREE2,0
D,DISPATCH,UNIT_SCADA,1,"2019/08/20 00:45:00",BBTHREE3,0
D,DISPATCH,UNIT_SCADA,1,"2019/08/20 00:45:00",BDL01,0
D,DISPATCH,UNIT_SCADA,1,"2019/08/20 00:45:00",BDL02,0
D,DISPATCH,UNIT_SCADA,1,"2019/08/20 00:45:00",BERYLSF1,0
D,DISPATCH,UNIT_SCADA,1,"2019/08/20 00:45:00",BLOWERNG,0
D,DISPATCH,UNIT_SCADA,1,"2019/08/20 00:45:00",BLUFF1,33.70
D,DISPATCH,UNIT_SCADA,1,"2019/08/20 00:45:00",BNGSF1,0
D,DISPATCH,UNIT_SCADA,1,"2019/08/20 00:45:00",BNGSF2,0
D,DISPATCH,UNIT_SCADA,1,"2019/08/20 00:45:00",BOCORWF1,53.98
D,DISPATCH,UNIT_SCADA,1,"2019/08/20 00:45:00",BODWF1,28.730640
D,DISPATCH,UNIT_SCADA,1,"2019/08/20 00:45:00",BRAEMAR1,0
D,DISPATCH,UNIT_SCADA,1,"2019/08/20 00:45:00",BRAEMAR2,0
D,DISPATCH,UNIT_SCADA,1,"2019/08/20 00:45:00",BRAEMAR3,0
D,DISPATCH,UNIT_SCADA,1,"2019/08/20 00:45:00",BRAEMAR5,0
D,DISPATCH,UNIT_SCADA,1,"2019/08/20 00:45:00",BRAEMAR6,0
D,DISPATCH,UNIT_SCADA,1,"2019/08/20 00:45:00",BRAEMAR7,0
D,DISPATCH,UNIT_SCADA,1,"2019/08/20 00:45:00",BROKENH1,0
D,DISPATCH,UNIT_SCADA,1,"2019/08/20 00:45:00",BW01,576.1250
D,DISPATCH,UNIT_SCADA,1,"2019/08/20 00:45:00",BW02,597.199950
D,DISPATCH,UNIT_SCADA,1,"2019/08/20 00:45:00",BW03,620.099980
D,DISPATCH,UNIT_SCADA,1,"2019/08/20 00:45:00",BW04,0
D,DISPATCH,UNIT_SCADA,1,"2019/08/20 00:45:00",CALL_B_1,339.399990
D,DISPATCH,UNIT_SCADA,1,"2019/08/20 00:45:00",CALL_B_2,289.200010
D,DISPATCH,UNIT_SCADA,1,"2019/08/20 00:45:00",CETHANA,82.078130
D,DISPATCH,UNIT_SCADA,1,"2019/08/20 00:45:00",CG1,0
D,DISPATCH,UNIT_SCADA,1,"2019/08/20 00:45:00",CG2,0
D,DISPATCH,UNIT_SCADA,1,"2019/08/20 00:45:00",CG3,0
D,DISPATCH,UNIT_SCADA,1,"2019/08/20 00:45:00",CG4,0
D,DISPATCH,UNIT_SCADA,1,"2019/08/20 00:45:00",CHILDSF1,0
D,DISPATCH,UNIT_SCADA,1,"2019/08/20 00:45:00",CLARESF1,0
D,DISPATCH,UNIT_SCADA,1,"2019/08/20 00:45:00",CLEMGPWF,8.067920
D,DISPATCH,UNIT_SCADA,1,"2019/08/20 00:45:00",CLERMSF1,0
D,DISPATCH,UNIT_SCADA,1,"2019/08/20 00:45:00",COLEASF1,0
D,DISPATCH,UNIT_SCADA,1,"2019/08/20 00:45:00",COOPGWF1,35.263230
D,DISPATCH,UNIT_SCADA,1,"2019/08/20 00:45:00",CPP_3,407
D,DISPATCH,UNIT_SCADA,1,"2019/08/20 00:45:00",CPP_4,405.899990
D,DISPATCH,UNIT_SCADA,1,"2019/08/20 00:45:00",CPSA,142.354370
D,DISPATCH,UNIT_SCADA,1,"2019/08/20 00:45:00",CROOKWF2,40.563750
D,DISPATCH,UNIT_SCADA,1,"2019/08/20 00:45:00",CROWLWF1,44.556290
D,DISPATCH,UNIT_SCADA,1,"2019/08/20 00:45:00",CSPVPS1,0
D,DISPATCH,UNIT_SCADA,1,"2019/08/20 00:45:00",DALNTH01,0
D,DISPATCH,UNIT_SCADA,1,"2019/08/20 00:45:00",DALNTHL1,0.0473
D,DISPATCH,UNIT_SCADA,1,"2019/08/20 00:45:00",DARTM1,134.399990
D,DISPATCH,UNIT_SCADA,1,"2019/08/20 00:45:00",DAYDSF1,0
D,DISPATCH,UNIT_SCADA,1,"2019/08/20 00:45:00",DDPS1,0
D,DISPATCH,UNIT_SCADA,1,"2019/08/20 00:45:00",DDSF1,0
D,DISPATCH,UNIT_SCADA,1,"2019/08/20 00:45:00",DEVILS_G,60.831940
D,DISPATCH,UNIT_SCADA,1,"2019/08/20 00:45:00",DG_NSW1,0
D,DISPATCH,UNIT_SCADA,1,"2019/08/20 00:45:00",DG_QLD1,0
D,DISPATCH,UNIT_SCADA,1,"2019/08/20 00:45:00",DG_SA1,0
D,DISPATCH,UNIT_SCADA,1,"2019/08/20 00:45:00",DG_TAS1,0
D,DISPATCH,UNIT_SCADA,1,"2019/08/20 00:45:00",DG_VIC1,0
D,DISPATCH,UNIT_SCADA,1,"2019/08/20 00:45:00",DRYCGT1,0
D,DISPATCH,UNIT_SCADA,1,"2019/08/20 00:45:00",DRYCGT2,0
D,DISPATCH,UNIT_SCADA,1,"2019/08/20 00:45:00",DRYCGT3,0
D,DISPATCH,UNIT_SCADA,1,"2019/08/20 00:45:00",EILDON1,0
D,DISPATCH,UNIT_SCADA,1,"2019/08/20 00:45:00",EILDON2,0
D,DISPATCH,UNIT_SCADA,1,"2019/08/20 00:45:00",EMERASF1,0
D,DISPATCH,UNIT_SCADA,1,"2019/08/20 00:45:00",ER01,568.074950
D,DISPATCH,UNIT_SCADA,1,"2019/08/20 00:45:00",ER02,573.299930
D,DISPATCH,UNIT_SCADA,1,"2019/08/20 00:45:00",ER03,567.50
D,DISPATCH,UNIT_SCADA,1,"2019/08/20 00:45:00",ER04,569.299930
D,DISPATCH,UNIT_SCADA,1,"2019/08/20 00:45:00",FINLYSF1,0
D,DISPATCH,UNIT_SCADA,1,"2019/08/20 00:45:00",FISHER,45.87
D,DISPATCH,UNIT_SCADA,1,"2019/08/20 00:45:00",GANNBG1,0
D,DISPATCH,UNIT_SCADA,1,"2019/08/20 00:45:00",GANNBL1,0.032940
D,DISPATCH,UNIT_SCADA,1,"2019/08/20 00:45:00",GANNSF1,0
D,DISPATCH,UNIT_SCADA,1,"2019/08/20 00:45:00",GORDON,0
D,DISPATCH,UNIT_SCADA,1,"2019/08/20 00:45:00",GSTONE1,156.099990
D,DISPATCH,UNIT_SCADA,1,"2019/08/20 00:45:00",GSTONE2,150.149990
D,DISPATCH,UNIT_SCADA,1,"2019/08/20 00:45:00",GSTONE3,148.5750
D,DISPATCH,UNIT_SCADA,1,"2019/08/20 00:45:00",GSTONE4,157.3250
D,DISPATCH,UNIT_SCADA,1,"2019/08/20 00:45:00",GSTONE5,156.80
D,DISPATCH,UNIT_SCADA,1,"2019/08/20 00:45:00",GSTONE6,0
D,DISPATCH,UNIT_SCADA,1,"2019/08/20 00:45:00",GULLRSF1,0
D,DISPATCH,UNIT_SCADA,1,"2019/08/20 00:45:00",GULLRWF1,156.616030
D,DISPATCH,UNIT_SCADA,1,"2019/08/20 00:45:00",GUNNING1,42.341430
D,DISPATCH,UNIT_SCADA,1,"2019/08/20 00:45:00",GUTHEGA,0
D,DISPATCH,UNIT_SCADA,1,"2019/08/20 00:45:00",HALLWF1,73.81
D,DISPATCH,UNIT_SCADA,1,"2019/08/20 00:45:00",HALLWF2,68.25
D,DISPATCH,UNIT_SCADA,1,"2019/08/20 00:45:00",HAMISF1,0
D,DISPATCH,UNIT_SCADA,1,"2019/08/20 00:45:00",HAUGHT11,0
D,DISPATCH,UNIT_SCADA,1,"2019/08/20 00:45:00",HAYMSF1,0
D,DISPATCH,UNIT_SCADA,1,"2019/08/20 00:45:00",HDWF1,38.40
D,DISPATCH,UNIT_SCADA,1,"2019/08/20 00:45:00",HDWF2,25.10
D,DISPATCH,UNIT_SCADA,1,"2019/08/20 00:45:00",HDWF3,32.90
D,DISPATCH,UNIT_SCADA,1,"2019/08/20 00:45:00",HPRG1,19.80
D,DISPATCH,UNIT_SCADA,1,"2019/08/20 00:45:00",HPRL1,0
D,DISPATCH,UNIT_SCADA,1,"2019/08/20 00:45:00",HUMENSW,0
D,DISPATCH,UNIT_SCADA,1,"2019/08/20 00:45:00",HUMEV,9.30
D,DISPATCH,UNIT_SCADA,1,"2019/08/20 00:45:00",HVGTS,0
D,DISPATCH,UNIT_SCADA,1,"2019/08/20 00:45:00",JBUTTERS,136.42
D,DISPATCH,UNIT_SCADA,1,"2019/08/20 00:45:00",JLA01,0.50
D,DISPATCH,UNIT_SCADA,1,"2019/08/20 00:45:00",JLA02,0
D,DISPATCH,UNIT_SCADA,1,"2019/08/20 00:45:00",JLA03,0.10
D,DISPATCH,UNIT_SCADA,1,"2019/08/20 00:45:00",JLA04,0.10
D,DISPATCH,UNIT_SCADA,1,"2019/08/20 00:45:00",JLB01,0
D,DISPATCH,UNIT_SCADA,1,"2019/08/20 00:45:00",JLB02,0.10
D,DISPATCH,UNIT_SCADA,1,"2019/08/20 00:45:00",JLB03,0
D,DISPATCH,UNIT_SCADA,1,"2019/08/20 00:45:00",KAREEYA1,21.4425
D,DISPATCH,UNIT_SCADA,1,"2019/08/20 00:45:00",KAREEYA2,21.6625
D,DISPATCH,UNIT_SCADA,1,"2019/08/20 00:45:00",KAREEYA3,0
D,DISPATCH,UNIT_SCADA,1,"2019/08/20 00:45:00",KAREEYA4,21.69
D,DISPATCH,UNIT_SCADA,1,"2019/08/20 00:45:00",KARSF1,0
D,DISPATCH,UNIT_SCADA,1,"2019/08/20 00:45:00",KIATAWF1,30.80
D,DISPATCH,UNIT_SCADA,1,"2019/08/20 00:45:00",KPP_1,0
D,DISPATCH,UNIT_SCADA,1,"2019/08/20 00:45:00",KSP1,0
D,DISPATCH,UNIT_SCADA,1,"2019/08/20 00:45:00",LADBROK1,0
D,DISPATCH,UNIT_SCADA,1,"2019/08/20 00:45:00",LADBROK2,0
D,DISPATCH,UNIT_SCADA,1,"2019/08/20 00:45:00",LD01,414.956270
D,DISPATCH,UNIT_SCADA,1,"2019/08/20 00:45:00",LD02,416.981230
D,DISPATCH,UNIT_SCADA,1,"2019/08/20 00:45:00",LD03,415.237550
D,DISPATCH,UNIT_SCADA,1,"2019/08/20 00:45:00",LD04,376.087460
D,DISPATCH,UNIT_SCADA,1,"2019/08/20 00:45:00",LEM_WIL,85.184840
D,DISPATCH,UNIT_SCADA,1,"2019/08/20 00:45:00",LGAPWF1,12.25
D,DISPATCH,UNIT_SCADA,1,"2019/08/20 00:45:00",LILYSF1,0
D,DISPATCH,UNIT_SCADA,1,"2019/08/20 00:45:00",LI_WY_CA,142.685760
D,DISPATCH,UNIT_SCADA,1,"2019/08/20 00:45:00",LKBONNY2,144.6857
D,DISPATCH,UNIT_SCADA,1,"2019/08/20 00:45:00",LKBONNY3,37.679860
D,DISPATCH,UNIT_SCADA,1,"2019/08/20 00:45:00",LK_ECHO,0
D,DISPATCH,UNIT_SCADA,1,"2019/08/20 00:45:00",LNGS1,0
D,DISPATCH,UNIT_SCADA,1,"2019/08/20 00:45:00",LNGS2,0
D,DISPATCH,UNIT_SCADA,1,"2019/08/20 00:45:00",LONSDALE,0
D,DISPATCH,UNIT_SCADA,1,"2019/08/20 00:45:00",LOYYB1,536.840520
D,DISPATCH,UNIT_SCADA,1,"2019/08/20 00:45:00",LOYYB2,584.962040
D,DISPATCH,UNIT_SCADA,1,"2019/08/20 00:45:00",LYA1,560
D,DISPATCH,UNIT_SCADA,1,"2019/08/20 00:45:00",LYA2,0
D,DISPATCH,UNIT_SCADA,1,"2019/08/20 00:45:00",LYA3,561
D,DISPATCH,UNIT_SCADA,1,"2019/08/20 00:45:00",LYA4,541
D,DISPATCH,UNIT_SCADA,1,"2019/08/20 00:45:00",MACARTH1,295.593170
D,DISPATCH,UNIT_SCADA,1,"2019/08/20 00:45:00",MACKAYGT,0
D,DISPATCH,UNIT_SCADA,1,"2019/08/20 00:45:00",MACKNTSH,85.34
D,DISPATCH,UNIT_SCADA,1,"2019/08/20 00:45:00",MANSLR1,0
D,DISPATCH,UNIT_SCADA,1,"2019/08/20 00:45:00",MCKAY1,0.02
D,DISPATCH,UNIT_SCADA,1,"2019/08/20 00:45:00",MEADOWBK,34.067360
D,DISPATCH,UNIT_SCADA,1,"2019/08/20 00:45:00",MERCER01,125.3850
D,DISPATCH,UNIT_SCADA,1,"2019/08/20 00:45:00",MEWF1,120.532990
D,DISPATCH,UNIT_SCADA,1,"2019/08/20 00:45:00",MINTARO,0
D,DISPATCH,UNIT_SCADA,1,"2019/08/20 00:45:00",MOREESF1,0
D,DISPATCH,UNIT_SCADA,1,"2019/08/20 00:45:00",MORTLK11,125
D,DISPATCH,UNIT_SCADA,1,"2019/08/20 00:45:00",MORTLK12,0
D,DISPATCH,UNIT_SCADA,1,"2019/08/20 00:45:00",MP1,274.800050
D,DISPATCH,UNIT_SCADA,1,"2019/08/20 00:45:00",MP2,0
D,DISPATCH,UNIT_SCADA,1,"2019/08/20 00:45:00",MPP_1,428.75
D,DISPATCH,UNIT_SCADA,1,"2019/08/20 00:45:00",MPP_2,434.75
D,DISPATCH,UNIT_SCADA,1,"2019/08/20 00:45:00",MSTUART1,0
D,DISPATCH,UNIT_SCADA,1,"2019/08/20 00:45:00",MSTUART2,0
D,DISPATCH,UNIT_SCADA,1,"2019/08/20 00:45:00",MSTUART3,0
D,DISPATCH,UNIT_SCADA,1,"2019/08/20 00:45:00",MTGELWF1,64.2552
D,DISPATCH,UNIT_SCADA,1,"2019/08/20 00:45:00",MURRAY,0
D,DISPATCH,UNIT_SCADA,1,"2019/08/20 00:45:00",MUSSELR1,115
D,DISPATCH,UNIT_SCADA,1,"2019/08/20 00:45:00",MUWAWF1,47.86
D,DISPATCH,UNIT_SCADA,1,"2019/08/20 00:45:00",NBHWF1,53.80
D,DISPATCH,UNIT_SCADA,1,"2019/08/20 00:45:00",NPS,0
D,DISPATCH,UNIT_SCADA,1,"2019/08/20 00:45:00",NUMURSF1,0
D,DISPATCH,UNIT_SCADA,1,"2019/08/20 00:45:00",NYNGAN1,0
D,DISPATCH,UNIT_SCADA,1,"2019/08/20 00:45:00",OAKEY1,0
D,DISPATCH,UNIT_SCADA,1,"2019/08/20 00:45:00",OAKEY1SF,0
D,DISPATCH,UNIT_SCADA,1,"2019/08/20 00:45:00",OAKEY2,0
D,DISPATCH,UNIT_SCADA,1,"2019/08/20 00:45:00",OAKLAND1,47.60
D,DISPATCH,UNIT_SCADA,1,"2019/08/20 00:45:00",OSB-AG,139.25
D,DISPATCH,UNIT_SCADA,1,"2019/08/20 00:45:00",PARSF1,0
D,DISPATCH,UNIT_SCADA,1,"2019/08/20 00:45:00",POAT110,0
D,DISPATCH,UNIT_SCADA,1,"2019/08/20 00:45:00",POAT220,8.09
D,DISPATCH,UNIT_SCADA,1,"2019/08/20 00:45:00",POR01,0
D,DISPATCH,UNIT_SCADA,1,"2019/08/20 00:45:00",POR03,0
D,DISPATCH,UNIT_SCADA,1,"2019/08/20 00:45:00",PPCCGT,123.890460
D,DISPATCH,UNIT_SCADA,1,"2019/08/20 00:45:00",PTSTAN1,0
D,DISPATCH,UNIT_SCADA,1,"2019/08/20 00:45:00",PUMP1,0
D,DISPATCH,UNIT_SCADA,1,"2019/08/20 00:45:00",PUMP2,0
D,DISPATCH,UNIT_SCADA,1,"2019/08/20 00:45:00",QPS1,0
D,DISPATCH,UNIT_SCADA,1,"2019/08/20 00:45:00",QPS2,0
D,DISPATCH,UNIT_SCADA,1,"2019/08/20 00:45:00",QPS3,0
D,DISPATCH,UNIT_SCADA,1,"2019/08/20 00:45:00",QPS4,0
D,DISPATCH,UNIT_SCADA,1,"2019/08/20 00:45:00",QPS5,0
D,DISPATCH,UNIT_SCADA,1,"2019/08/20 00:45:00",REECE1,114.590010
D,DISPATCH,UNIT_SCADA,1,"2019/08/20 00:45:00",REECE2,114.220010
D,DISPATCH,UNIT_SCADA,1,"2019/08/20 00:45:00",ROMA_7,0
D,DISPATCH,UNIT_SCADA,1,"2019/08/20 00:45:00",ROMA_8,0
D,DISPATCH,UNIT_SCADA,1,"2019/08/20 00:45:00",RRSF1,0
D,DISPATCH,UNIT_SCADA,1,"2019/08/20 00:45:00",RT_NSW1,0
D,DISPATCH,UNIT_SCADA,1,"2019/08/20 00:45:00",RT_NSW2,0
D,DISPATCH,UNIT_SCADA,1,"2019/08/20 00:45:00",RT_NSW3,0
D,DISPATCH,UNIT_SCADA,1,"2019/08/20 00:45:00",RT_NSW4,0
D,DISPATCH,UNIT_SCADA,1,"2019/08/20 00:45:00",RT_NSW5,0
D,DISPATCH,UNIT_SCADA,1,"2019/08/20 00:45:00",RT_NSW6,0
D,DISPATCH,UNIT_SCADA,1,"2019/08/20 00:45:00",RT_QLD1,0
D,DISPATCH,UNIT_SCADA,1,"2019/08/20 00:45:00",RT_SA1,0
D,DISPATCH,UNIT_SCADA,1,"2019/08/20 00:45:00",RT_SA2,0
D,DISPATCH,UNIT_SCADA,1,"2019/08/20 00:45:00",RT_SA3,0
D,DISPATCH,UNIT_SCADA,1,"2019/08/20 00:45:00",RT_SA4,0
D,DISPATCH,UNIT_SCADA,1,"2019/08/20 00:45:00",RT_SA5,0
D,DISPATCH,UNIT_SCADA,1,"2019/08/20 00:45:00",RT_SA6,0
D,DISPATCH,UNIT_SCADA,1,"2019/08/20 00:45:00",RT_TAS1,0
D,DISPATCH,UNIT_SCADA,1,"2019/08/20 00:45:00",RT_VIC1,0
D,DISPATCH,UNIT_SCADA,1,"2019/08/20 00:45:00",RT_VIC10,0
D,DISPATCH,UNIT_SCADA,1,"2019/08/20 00:45:00",RT_VIC11,0
D,DISPATCH,UNIT_SCADA,1,"2019/08/20 00:45:00",RT_VIC12,0
D,DISPATCH,UNIT_SCADA,1,"2019/08/20 00:45:00",RT_VIC2,0
D,DISPATCH,UNIT_SCADA,1,"2019/08/20 00:45:00",RT_VIC3,0
D,DISPATCH,UNIT_SCADA,1,"2019/08/20 00:45:00",RT_VIC4,0
D,DISPATCH,UNIT_SCADA,1,"2019/08/20 00:45:00",RT_VIC5,0
D,DISPATCH,UNIT_SCADA,1,"2019/08/20 00:45:00",RT_VIC6,0
D,DISPATCH,UNIT_SCADA,1,"2019/08/20 00:45:00",RT_VIC7,0
D,DISPATCH,UNIT_SCADA,1,"2019/08/20 00:45:00",RT_VIC8,0
D,DISPATCH,UNIT_SCADA,1,"2019/08/20 00:45:00",RT_VIC9,0
D,DISPATCH,UNIT_SCADA,1,"2019/08/20 00:45:00",RUGBYR1,0
D,DISPATCH,UNIT_SCADA,1,"2019/08/20 00:45:00",SALTCRK1,50.18
D,DISPATCH,UNIT_SCADA,1,"2019/08/20 00:45:00",SAPHWF1,244.593750
D,DISPATCH,UNIT_SCADA,1,"2019/08/20 00:45:00",SHGEN,0
D,DISPATCH,UNIT_SCADA,1,"2019/08/20 00:45:00",SHPUMP,157.868850
D,DISPATCH,UNIT_SCADA,1,"2019/08/20 00:45:00",SITHE01,0.043330
D,DISPATCH,UNIT_SCADA,1,"2019/08/20 00:45:00",SMCSF1,0
D,DISPATCH,UNIT_SCADA,1,"2019/08/20 00:45:00",SNOWNTH1,11.90
D,DISPATCH,UNIT_SCADA,1,"2019/08/20 00:45:00",SNOWSTH1,29.30
D,DISPATCH,UNIT_SCADA,1,"2019/08/20 00:45:00",SNOWTWN1,13.976030
D,DISPATCH,UNIT_SCADA,1,"2019/08/20 00:45:00",SNOWYP,0
D,DISPATCH,UNIT_SCADA,1,"2019/08/20 00:45:00",SNUG1,0.019440
D,DISPATCH,UNIT_SCADA,1,"2019/08/20 00:45:00",SRSF1,0
D,DISPATCH,UNIT_SCADA,1,"2019/08/20 00:45:00",STAN-1,0
D,DISPATCH,UNIT_SCADA,1,"2019/08/20 00:45:00",STAN-2,207.430470
D,DISPATCH,UNIT_SCADA,1,"2019/08/20 00:45:00",STAN-3,220.517430
D,DISPATCH,UNIT_SCADA,1,"2019/08/20 00:45:00",STAN-4,219.363830
D,DISPATCH,UNIT_SCADA,1,"2019/08/20 00:45:00",STWF1,166.983750
D,DISPATCH,UNIT_SCADA,1,"2019/08/20 00:45:00",SWAN_E,0
D,DISPATCH,UNIT_SCADA,1,"2019/08/20 00:45:00",TALWA1,301
D,DISPATCH,UNIT_SCADA,1,"2019/08/20 00:45:00",TARALGA1,85.102510
D,DISPATCH,UNIT_SCADA,1,"2019/08/20 00:45:00",TARONG#1,233.50
D,DISPATCH,UNIT_SCADA,1,"2019/08/20 00:45:00",TARONG#2,233.50
D,DISPATCH,UNIT_SCADA,1,"2019/08/20 00:45:00",TARONG#3,180.20
D,DISPATCH,UNIT_SCADA,1,"2019/08/20 00:45:00",TARONG#4,225.30
D,DISPATCH,UNIT_SCADA,1,"2019/08/20 00:45:00",TARRALEA,79
D,DISPATCH,UNIT_SCADA,1,"2019/08/20 00:45:00",TBSF1,-0.20
D,DISPATCH,UNIT_SCADA,1,"2019/08/20 00:45:00",TNPS1,319.300020
D,DISPATCH,UNIT_SCADA,1,"2019/08/20 00:45:00",TORRA1,43.193770
D,DISPATCH,UNIT_SCADA,1,"2019/08/20 00:45:00",TORRA2,0
D,DISPATCH,UNIT_SCADA,1,"2019/08/20 00:45:00",TORRA3,42.535580
D,DISPATCH,UNIT_SCADA,1,"2019/08/20 00:45:00",TORRA4,0
D,DISPATCH,UNIT_SCADA,1,"2019/08/20 00:45:00",TORRB1,38.83
D,DISPATCH,UNIT_SCADA,1,"2019/08/20 00:45:00",TORRB2,39.29
D,DISPATCH,UNIT_SCADA,1,"2019/08/20 00:45:00",TORRB3,0
D,DISPATCH,UNIT_SCADA,1,"2019/08/20 00:45:00",TORRB4,0
D,DISPATCH,UNIT_SCADA,1,"2019/08/20 00:45:00",TREVALLN,17
D,DISPATCH,UNIT_SCADA,1,"2019/08/20 00:45:00",TRIBUTE,70.98
D,DISPATCH,UNIT_SCADA,1,"2019/08/20 00:45:00",TUMUT3,0
D,DISPATCH,UNIT_SCADA,1,"2019/08/20 00:45:00",TUNGATIN,72.130040
D,DISPATCH,UNIT_SCADA,1,"2019/08/20 00:45:00",TVCC201,0
D,DISPATCH,UNIT_SCADA,1,"2019/08/20 00:45:00",TVPP104,0
D,DISPATCH,UNIT_SCADA,1,"2019/08/20 00:45:00",UPPTUMUT,0
D,DISPATCH,UNIT_SCADA,1,"2019/08/20 00:45:00",URANQ11,0
D,DISPATCH,UNIT_SCADA,1,"2019/08/20 00:45:00",URANQ12,0
D,DISPATCH,UNIT_SCADA,1,"2019/08/20 00:45:00",URANQ13,0
D,DISPATCH,UNIT_SCADA,1,"2019/08/20 00:45:00",URANQ14,0
D,DISPATCH,UNIT_SCADA,1,"2019/08/20 00:45:00",VP5,402.150020
D,DISPATCH,UNIT_SCADA,1,"2019/08/20 00:45:00",VP6,394.300020
D,DISPATCH,UNIT_SCADA,1,"2019/08/20 00:45:00",VPGS1,0
D,DISPATCH,UNIT_SCADA,1,"2019/08/20 00:45:00",VPGS2,0
D,DISPATCH,UNIT_SCADA,1,"2019/08/20 00:45:00",VPGS3,0
D,DISPATCH,UNIT_SCADA,1,"2019/08/20 00:45:00",VPGS4,0
D,DISPATCH,UNIT_SCADA,1,"2019/08/20 00:45:00",VPGS5,0
D,DISPATCH,UNIT_SCADA,1,"2019/08/20 00:45:00",VPGS6,0
D,DISPATCH,UNIT_SCADA,1,"2019/08/20 00:45:00",W/HOE#1,0
D,DISPATCH,UNIT_SCADA,1,"2019/08/20 00:45:00",W/HOE#2,0
D,DISPATCH,UNIT_SCADA,1,"2019/08/20 00:45:00",WATERLWF,95.40
D,DISPATCH,UNIT_SCADA,1,"2019/08/20 00:45:00",WEMENSF1,0
D,DISPATCH,UNIT_SCADA,1,"2019/08/20 00:45:00",WGWF1,73.40
D,DISPATCH,UNIT_SCADA,1,"2019/08/20 00:45:00",WHITSF1,0
D,DISPATCH,UNIT_SCADA,1,"2019/08/20 00:45:00",WKIEWA1,0
D,DISPATCH,UNIT_SCADA,1,"2019/08/20 00:45:00",WKIEWA2,15.20
D,DISPATCH,UNIT_SCADA,1,"2019/08/20 00:45:00",WOODLWN1,44.829010
D,DISPATCH,UNIT_SCADA,1,"2019/08/20 00:45:00",WRSF1,0
D,DISPATCH,UNIT_SCADA,1,"2019/08/20 00:45:00",WRWF1,141.781270
D,DISPATCH,UNIT_SCADA,1,"2019/08/20 00:45:00",YABULU,0
D,DISPATCH,UNIT_SCADA,1,"2019/08/20 00:45:00",YABULU2,0
D,DISPATCH,UNIT_SCADA,1,"2019/08/20 00:45:00",YARWUN_1,0
D,DISPATCH,UNIT_SCADA,1,"2019/08/20 00:45:00",YENDWF1,42.11
D,DISPATCH,UNIT_SCADA,1,"2019/08/20 00:45:00",YWPS1,376.189880
D,DISPATCH,UNIT_SCADA,1,"2019/08/20 00:45:00",YWPS2,273.430390
D,DISPATCH,UNIT_SCADA,1,"2019/08/20 00:45:00",YWPS3,0
D,DISPATCH,UNIT_SCADA,1,"2019/08/20 00:45:00",YWPS4,391.286070
C,"END OF REPORT",334
