C,NEMP.WORLD,DISPATCHSCADA,AEMO,PUBLIC,2019/09/05,03:50:07,0000000312407703,DISPATCHSCADA,0000000312407697
I,DISPATCH,UNIT_SCADA,1,SETTLEMENTDATE,DUID,SCADAVALUE
D,DISPATCH,UNIT_SCADA,1,"2019/09/05 03:55:00",BARCSF1,0
D,DISPATCH,UNIT_SCADA,1,"2019/09/05 03:55:00",BUTLERSG,10.199999
D,DISPATCH,UNIT_SCADA,1,"2019/09/05 03:55:00",CALL_A_4,0
D,DISPATCH,UNIT_SCADA,1,"2019/09/05 03:55:00",CAPTL_WF,6.748001
D,DISPATCH,UNIT_SCADA,1,"2019/09/05 03:55:00",CATHROCK,31.319998
D,DISPATCH,UNIT_SCADA,1,"2019/09/05 03:55:00",CHALLHWF,0
D,DISPATCH,UNIT_SCADA,1,"2019/09/05 03:55:00",CLOVER,-0.02
D,DISPATCH,UNIT_SCADA,1,"2019/09/05 03:55:00",CLUNY,9.981689
D,DISPATCH,UNIT_SCADA,1,"2019/09/05 03:55:00",CNUNDAWF,9.911562
D,DISPATCH,UNIT_SCADA,1,"2019/09/05 03:55:00",CULLRGWF,2.28
D,DISPATCH,UNIT_SCADA,1,"2019/09/05 03:55:00",ERGT01,0
D,DISPATCH,UNIT_SCADA,1,"2019/09/05 03:55:00",GB01,0.016071
D,DISPATCH,UNIT_SCADA,1,"2019/09/05 03:55:00",GERMCRK,37.799999
D,DISPATCH,UNIT_SCADA,1,"2019/09/05 03:55:00",GRIFSF1,0
D,DISPATCH,UNIT_SCADA,1,"2019/09/05 03:55:00",HUGSF1,-0.19
D,DISPATCH,UNIT_SCADA,1,"2019/09/05 03:55:00",LKBONNY1,13.664332
D,DISPATCH,UNIT_SCADA,1,"2019/09/05 03:55:00",LRSF1,-0.0310
D,DISPATCH,UNIT_SCADA,1,"2019/09/05 03:55:00",MBAHNTH,31.912498
D,DISPATCH,UNIT_SCADA,1,"2019/09/05 03:55:00",MLSP1,0.366001
D,DISPATCH,UNIT_SCADA,1,"2019/09/05 03:55:00",MLWF1,4.44
D,DISPATCH,UNIT_SCADA,1,"2019/09/05 03:55:00",MTMILLAR,7.396664
D,DISPATCH,UNIT_SCADA,1,"2019/09/05 03:55:00",PALOONA,16.92
D,DISPATCH,UNIT_SCADA,1,"2019/09/05 03:55:00",PIONEER,47.50
D,DISPATCH,UNIT_SCADA,1,"2019/09/05 03:55:00",PORTWF,29.90
D,DISPATCH,UNIT_SCADA,1,"2019/09/05 03:55:00",REPULSE,19.919127
D,DISPATCH,UNIT_SCADA,1,"2019/09/05 03:55:00",ROWALLAN,10.2027
D,DISPATCH,UNIT_SCADA,1,"2019/09/05 03:55:00",ROYALLA1,0
D,DISPATCH,UNIT_SCADA,1,"2019/09/05 03:55:00",RPCG,11
D,DISPATCH,UNIT_SCADA,1,"2019/09/05 03:55:00",RUBICON,0
D,DISPATCH,UNIT_SCADA,1,"2019/09/05 03:55:00",SATGN1,0
D,DISPATCH,UNIT_SCADA,1,"2019/09/05 03:55:00",SATGS1,0
D,DISPATCH,UNIT_SCADA,1,"2019/09/05 03:55:00",STARHLWF,0.599825
D,DISPATCH,UNIT_SCADA,1,"2019/09/05 03:55:00",WAUBRAWF,0
D,DISPATCH,UNIT_SCADA,1,"2019/09/05 03:55:00",WOOLNTH1,-0.829985
D,DISPATCH,UNIT_SCADA,1,"2019/09/05 03:55:00",WPWF,7
D,DISPATCH,UNIT_SCADA,1,"2019/09/05 03:55:00",YAMBUKWF,6.20
D,DISPATCH,UNIT_SCADA,1,"2019/09/05 03:55:00",YSWF1,0.40
D,DISPATCH,UNIT_SCADA,1,"2019/09/05 03:55:00",AGLHAL,0
D,DISPATCH,UNIT_SCADA,1,"2019/09/05 03:55:00",AGLSOM,0
D,DISPATCH,UNIT_SCADA,1,"2019/09/05 03:55:00",ANGAST1,0
D,DISPATCH,UNIT_SCADA,1,"2019/09/05 03:55:00",ARWF1,-0.20
D,DISPATCH,UNIT_SCADA,1,"2019/09/05 03:55:00",BALBG1,0
D,DISPATCH,UNIT_SCADA,1,"2019/09/05 03:55:00",BALBL1,0
D,DISPATCH,UNIT_SCADA,1,"2019/09/05 03:55:00",BALDHWF1,0
D,DISPATCH,UNIT_SCADA,1,"2019/09/05 03:55:00",BANN1,0
D,DISPATCH,UNIT_SCADA,1,"2019/09/05 03:55:00",BARCALDN,0
D,DISPATCH,UNIT_SCADA,1,"2019/09/05 03:55:00",BARRON-1,0
D,DISPATCH,UNIT_SCADA,1,"2019/09/05 03:55:00",BARRON-2,0
D,DISPATCH,UNIT_SCADA,1,"2019/09/05 03:55:00",BASTYAN,80.70
D,DISPATCH,UNIT_SCADA,1,"2019/09/05 03:55:00",BBTHREE1,0
D,DISPATCH,UNIT_SCADA,1,"2019/09/05 03:55:00",BBTHREE2,0
D,DISPATCH,UNIT_SCADA,1,"2019/09/05 03:55:00",BBTHREE3,0
D,DISPATCH,UNIT_SCADA,1,"2019/09/05 03:55:00",BDL01,0
D,DISPATCH,UNIT_SCADA,1,"2019/09/05 03:55:00",BDL02,0
D,DISPATCH,UNIT_SCADA,1,"2019/09/05 03:55:00",BERYLSF1,0
D,DISPATCH,UNIT_SCADA,1,"2019/09/05 03:55:00",BLOWERNG,11.10
D,DISPATCH,UNIT_SCADA,1,"2019/09/05 03:55:00",BLUFF1,0
D,DISPATCH,UNIT_SCADA,1,"2019/09/05 03:55:00",BNGSF1,0
D,DISPATCH,UNIT_SCADA,1,"2019/09/05 03:55:00",BNGSF2,0
D,DISPATCH,UNIT_SCADA,1,"2019/09/05 03:55:00",BOCORWF1,0
D,DISPATCH,UNIT_SCADA,1,"2019/09/05 03:55:00",BODWF1,4.010370
D,DISPATCH,UNIT_SCADA,1,"2019/09/05 03:55:00",BRAEMAR1,0
D,DISPATCH,UNIT_SCADA,1,"2019/09/05 03:55:00",BRAEMAR2,0
D,DISPATCH,UNIT_SCADA,1,"2019/09/05 03:55:00",BRAEMAR3,0
D,DISPATCH,UNIT_SCADA,1,"2019/09/05 03:55:00",BRAEMAR5,0
D,DISPATCH,UNIT_SCADA,1,"2019/09/05 03:55:00",BRAEMAR6,0
D,DISPATCH,UNIT_SCADA,1,"2019/09/05 03:55:00",BRAEMAR7,0
D,DISPATCH,UNIT_SCADA,1,"2019/09/05 03:55:00",BROKENH1,0
D,DISPATCH,UNIT_SCADA,1,"2019/09/05 03:55:00",BW01,536.550050
D,DISPATCH,UNIT_SCADA,1,"2019/09/05 03:55:00",BW02,587.675050
D,DISPATCH,UNIT_SCADA,1,"2019/09/05 03:55:00",BW03,608.324950
D,DISPATCH,UNIT_SCADA,1,"2019/09/05 03:55:00",BW04,0
D,DISPATCH,UNIT_SCADA,1,"2019/09/05 03:55:00",CALL_B_1,349.399990
D,DISPATCH,UNIT_SCADA,1,"2019/09/05 03:55:00",CALL_B_2,350.300020
D,DISPATCH,UNIT_SCADA,1,"2019/09/05 03:55:00",CETHANA,80.760870
D,DISPATCH,UNIT_SCADA,1,"2019/09/05 03:55:00",CG1,0
D,DISPATCH,UNIT_SCADA,1,"2019/09/05 03:55:00",CG2,0
D,DISPATCH,UNIT_SCADA,1,"2019/09/05 03:55:00",CG3,0
D,DISPATCH,UNIT_SCADA,1,"2019/09/05 03:55:00",CG4,0
D,DISPATCH,UNIT_SCADA,1,"2019/09/05 03:55:00",CHILDSF1,0
D,DISPATCH,UNIT_SCADA,1,"2019/09/05 03:55:00",CLARESF1,0
D,DISPATCH,UNIT_SCADA,1,"2019/09/05 03:55:00",CLEMGPWF,8.4281
D,DISPATCH,UNIT_SCADA,1,"2019/09/05 03:55:00",CLERMSF1,0
D,DISPATCH,UNIT_SCADA,1,"2019/09/05 03:55:00",COLEASF1,0
D,DISPATCH,UNIT_SCADA,1,"2019/09/05 03:55:00",COOPGWF1,7.171440
D,DISPATCH,UNIT_SCADA,1,"2019/09/05 03:55:00",CPP_3,406.450010
D,DISPATCH,UNIT_SCADA,1,"2019/09/05 03:55:00",CPP_4,406.725010
D,DISPATCH,UNIT_SCADA,1,"2019/09/05 03:55:00",CPSA,141.2225
D,DISPATCH,UNIT_SCADA,1,"2019/09/05 03:55:00",CROOKWF2,12.743750
D,DISPATCH,UNIT_SCADA,1,"2019/09/05 03:55:00",CROWLWF1,-0.015290
D,DISPATCH,UNIT_SCADA,1,"2019/09/05 03:55:00",CSPVPS1,0
D,DISPATCH,UNIT_SCADA,1,"2019/09/05 03:55:00",DALNTH01,0
D,DISPATCH,UNIT_SCADA,1,"2019/09/05 03:55:00",DALNTHL1,5.018690
D,DISPATCH,UNIT_SCADA,1,"2019/09/05 03:55:00",DARTM1,133.70
D,DISPATCH,UNIT_SCADA,1,"2019/09/05 03:55:00",DAYDSF1,0
D,DISPATCH,UNIT_SCADA,1,"2019/09/05 03:55:00",DDPS1,256.258120
D,DISPATCH,UNIT_SCADA,1,"2019/09/05 03:55:00",DDSF1,0
D,DISPATCH,UNIT_SCADA,1,"2019/09/05 03:55:00",DEVILS_G,56.830350
D,DISPATCH,UNIT_SCADA,1,"2019/09/05 03:55:00",DG_NSW1,0
D,DISPATCH,UNIT_SCADA,1,"2019/09/05 03:55:00",DG_QLD1,0
D,DISPATCH,UNIT_SCADA,1,"2019/09/05 03:55:00",DG_SA1,0
D,DISPATCH,UNIT_SCADA,1,"2019/09/05 03:55:00",DG_TAS1,0
D,DISPATCH,UNIT_SCADA,1,"2019/09/05 03:55:00",DG_VIC1,0
D,DISPATCH,UNIT_SCADA,1,"2019/09/05 03:55:00",DRYCGT1,0
D,DISPATCH,UNIT_SCADA,1,"2019/09/05 03:55:00",DRYCGT2,0
D,DISPATCH,UNIT_SCADA,1,"2019/09/05 03:55:00",DRYCGT3,0
D,DISPATCH,UNIT_SCADA,1,"2019/09/05 03:55:00",EILDON1,0
D,DISPATCH,UNIT_SCADA,1,"2019/09/05 03:55:00",EILDON2,0
D,DISPATCH,UNIT_SCADA,1,"2019/09/05 03:55:00",EMERASF1,0
D,DISPATCH,UNIT_SCADA,1,"2019/09/05 03:55:00",ER01,488.924930
D,DISPATCH,UNIT_SCADA,1,"2019/09/05 03:55:00",ER02,490.974980
D,DISPATCH,UNIT_SCADA,1,"2019/09/05 03:55:00",ER03,0
D,DISPATCH,UNIT_SCADA,1,"2019/09/05 03:55:00",ER04,350.424930
D,DISPATCH,UNIT_SCADA,1,"2019/09/05 03:55:00",FINLYSF1,0
D,DISPATCH,UNIT_SCADA,1,"2019/09/05 03:55:00",FISHER,45.94
D,DISPATCH,UNIT_SCADA,1,"2019/09/05 03:55:00",GANNBG1,0
D,DISPATCH,UNIT_SCADA,1,"2019/09/05 03:55:00",GANNBL1,10.0088
D,DISPATCH,UNIT_SCADA,1,"2019/09/05 03:55:00",GANNSF1,0
D,DISPATCH,UNIT_SCADA,1,"2019/09/05 03:55:00",GORDON,21.410480
D,DISPATCH,UNIT_SCADA,1,"2019/09/05 03:55:00",GSTONE1,190.224990
D,DISPATCH,UNIT_SCADA,1,"2019/09/05 03:55:00",GSTONE2,175.70
D,DISPATCH,UNIT_SCADA,1,"2019/09/05 03:55:00",GSTONE3,0
D,DISPATCH,UNIT_SCADA,1,"2019/09/05 03:55:00",GSTONE4,199.50
D,DISPATCH,UNIT_SCADA,1,"2019/09/05 03:55:00",GSTONE5,188.474990
D,DISPATCH,UNIT_SCADA,1,"2019/09/05 03:55:00",GSTONE6,190.5750
D,DISPATCH,UNIT_SCADA,1,"2019/09/05 03:55:00",GULLRSF1,0
D,DISPATCH,UNIT_SCADA,1,"2019/09/05 03:55:00",GULLRWF1,41.532170
D,DISPATCH,UNIT_SCADA,1,"2019/09/05 03:55:00",GUNNING1,4.151770
D,DISPATCH,UNIT_SCADA,1,"2019/09/05 03:55:00",GUTHEGA,0
D,DISPATCH,UNIT_SCADA,1,"2019/09/05 03:55:00",HALLWF1,-0.51
D,DISPATCH,UNIT_SCADA,1,"2019/09/05 03:55:00",HALLWF2,-0.23
D,DISPATCH,UNIT_SCADA,1,"2019/09/05 03:55:00",HAMISF1,0
D,DISPATCH,UNIT_SCADA,1,"2019/09/05 03:55:00",HAUGHT11,0
D,DISPATCH,UNIT_SCADA,1,"2019/09/05 03:55:00",HAYMSF1,0
D,DISPATCH,UNIT_SCADA,1,"2019/09/05 03:55:00",HDWF1,10.20
D,DISPATCH,UNIT_SCADA,1,"2019/09/05 03:55:00",HDWF2,5.10
D,DISPATCH,UNIT_SCADA,1,"2019/09/05 03:55:00",HDWF3,6.50
D,DISPATCH,UNIT_SCADA,1,"2019/09/05 03:55:00",HPRG1,0.30
D,DISPATCH,UNIT_SCADA,1,"2019/09/05 03:55:00",HPRL1,0
D,DISPATCH,UNIT_SCADA,1,"2019/09/05 03:55:00",HUMENSW,0
D,DISPATCH,UNIT_SCADA,1,"2019/09/05 03:55:00",HUMEV,25.70
D,DISPATCH,UNIT_SCADA,1,"2019/09/05 03:55:00",HVGTS,0
D,DISPATCH,UNIT_SCADA,1,"2019/09/05 03:55:00",JBUTTERS,0
D,DISPATCH,UNIT_SCADA,1,"2019/09/05 03:55:00",JLA01,0.10
D,DISPATCH,UNIT_SCADA,1,"2019/09/05 03:55:00",JLA02,0
D,DISPATCH,UNIT_SCADA,1,"2019/09/05 03:55:00",JLA03,0
D,DISPATCH,UNIT_SCADA,1,"2019/09/05 03:55:00",JLA04,0
D,DISPATCH,UNIT_SCADA,1,"2019/09/05 03:55:00",JLB01,0
D,DISPATCH,UNIT_SCADA,1,"2019/09/05 03:55:00",JLB02,0.10
D,DISPATCH,UNIT_SCADA,1,"2019/09/05 03:55:00",JLB03,0
D,DISPATCH,UNIT_SCADA,1,"2019/09/05 03:55:00",KAREEYA1,21.5275
D,DISPATCH,UNIT_SCADA,1,"2019/09/05 03:55:00",KAREEYA2,21.6650
D,DISPATCH,UNIT_SCADA,1,"2019/09/05 03:55:00",KAREEYA3,0
D,DISPATCH,UNIT_SCADA,1,"2019/09/05 03:55:00",KAREEYA4,21.63
D,DISPATCH,UNIT_SCADA,1,"2019/09/05 03:55:00",KARSF1,0
D,DISPATCH,UNIT_SCADA,1,"2019/09/05 03:55:00",KIATAWF1,4.70
D,DISPATCH,UNIT_SCADA,1,"2019/09/05 03:55:00",KPP_1,0
D,DISPATCH,UNIT_SCADA,1,"2019/09/05 03:55:00",KSP1,0
D,DISPATCH,UNIT_SCADA,1,"2019/09/05 03:55:00",LADBROK1,0
D,DISPATCH,UNIT_SCADA,1,"2019/09/05 03:55:00",LADBROK2,0
D,DISPATCH,UNIT_SCADA,1,"2019/09/05 03:55:00",LD01,351.731230
D,DISPATCH,UNIT_SCADA,1,"2019/09/05 03:55:00",LD02,321.281250
D,DISPATCH,UNIT_SCADA,1,"2019/09/05 03:55:00",LD03,349.368710
D,DISPATCH,UNIT_SCADA,1,"2019/09/05 03:55:00",LD04,350.175020
D,DISPATCH,UNIT_SCADA,1,"2019/09/05 03:55:00",LEM_WIL,85.356290
D,DISPATCH,UNIT_SCADA,1,"2019/09/05 03:55:00",LGAPWF1,19.30
D,DISPATCH,UNIT_SCADA,1,"2019/09/05 03:55:00",LILYSF1,0
D,DISPATCH,UNIT_SCADA,1,"2019/09/05 03:55:00",LI_WY_CA,143.600570
D,DISPATCH,UNIT_SCADA,1,"2019/09/05 03:55:00",LKBONNY2,36.008270
D,DISPATCH,UNIT_SCADA,1,"2019/09/05 03:55:00",LKBONNY3,8.708230
D,DISPATCH,UNIT_SCADA,1,"2019/09/05 03:55:00",LK_ECHO,0
D,DISPATCH,UNIT_SCADA,1,"2019/09/05 03:55:00",LNGS1,0
D,DISPATCH,UNIT_SCADA,1,"2019/09/05 03:55:00",LNGS2,0
D,DISPATCH,UNIT_SCADA,1,"2019/09/05 03:55:00",LONSDALE,0
D,DISPATCH,UNIT_SCADA,1,"2019/09/05 03:55:00",LOYYB1,536.088620
D,DISPATCH,UNIT_SCADA,1,"2019/09/05 03:55:00",LOYYB2,582.330380
D,DISPATCH,UNIT_SCADA,1,"2019/09/05 03:55:00",LYA1,0
D,DISPATCH,UNIT_SCADA,1,"2019/09/05 03:55:00",LYA2,0
D,DISPATCH,UNIT_SCADA,1,"2019/09/05 03:55:00",LYA3,558
D,DISPATCH,UNIT_SCADA,1,"2019/09/05 03:55:00",LYA4,539
D,DISPATCH,UNIT_SCADA,1,"2019/09/05 03:55:00",MACARTH1,52.298790
D,DISPATCH,UNIT_SCADA,1,"2019/09/05 03:55:00",MACKAYGT,0.2240
D,DISPATCH,UNIT_SCADA,1,"2019/09/05 03:55:00",MACKNTSH,89.12
D,DISPATCH,UNIT_SCADA,1,"2019/09/05 03:55:00",MANSLR1,0
D,DISPATCH,UNIT_SCADA,1,"2019/09/05 03:55:00",MCKAY1,0.0750
D,DISPATCH,UNIT_SCADA,1,"2019/09/05 03:55:00",MEADOWBK,24.978920
D,DISPATCH,UNIT_SCADA,1,"2019/09/05 03:55:00",MERCER01,17.61
D,DISPATCH,UNIT_SCADA,1,"2019/09/05 03:55:00",MEWF1,64.923650
D,DISPATCH,UNIT_SCADA,1,"2019/09/05 03:55:00",MINTARO,0
D,DISPATCH,UNIT_SCADA,1,"2019/09/05 03:55:00",MOREESF1,0
D,DISPATCH,UNIT_SCADA,1,"2019/09/05 03:55:00",MORTLK11,125
D,DISPATCH,UNIT_SCADA,1,"2019/09/05 03:55:00",MORTLK12,0
D,DISPATCH,UNIT_SCADA,1,"2019/09/05 03:55:00",MP1,222.525020
D,DISPATCH,UNIT_SCADA,1,"2019/09/05 03:55:00",MP2,0
D,DISPATCH,UNIT_SCADA,1,"2019/09/05 03:55:00",MPP_1,401.25
D,DISPATCH,UNIT_SCADA,1,"2019/09/05 03:55:00",MPP_2,434.75
D,DISPATCH,UNIT_SCADA,1,"2019/09/05 03:55:00",MSTUART1,0
D,DISPATCH,UNIT_SCADA,1,"2019/09/05 03:55:00",MSTUART2,0
D,DISPATCH,UNIT_SCADA,1,"2019/09/05 03:55:00",MSTUART3,0
D,DISPATCH,UNIT_SCADA,1,"2019/09/05 03:55:00",MTGELWF1,11.151460
D,DISPATCH,UNIT_SCADA,1,"2019/09/05 03:55:00",MURRAY,0
D,DISPATCH,UNIT_SCADA,1,"2019/09/05 03:55:00",MUSSELR1,29.20
D,DISPATCH,UNIT_SCADA,1,"2019/09/05 03:55:00",MUWAWF1,8.59
D,DISPATCH,UNIT_SCADA,1,"2019/09/05 03:55:00",NBHWF1,-0.20
D,DISPATCH,UNIT_SCADA,1,"2019/09/05 03:55:00",NPS,100.8750
D,DISPATCH,UNIT_SCADA,1,"2019/09/05 03:55:00",NUMURSF1,0
D,DISPATCH,UNIT_SCADA,1,"2019/09/05 03:55:00",NYNGAN1,0
D,DISPATCH,UNIT_SCADA,1,"2019/09/05 03:55:00",OAKEY1,0
D,DISPATCH,UNIT_SCADA,1,"2019/09/05 03:55:00",OAKEY1SF,0
D,DISPATCH,UNIT_SCADA,1,"2019/09/05 03:55:00",OAKEY2,0
D,DISPATCH,UNIT_SCADA,1,"2019/09/05 03:55:00",OAKEY2SF,0
D,DISPATCH,UNIT_SCADA,1,"2019/09/05 03:55:00",OAKLAND1,3.90
D,DISPATCH,UNIT_SCADA,1,"2019/09/05 03:55:00",OSB-AG,147.78
D,DISPATCH,UNIT_SCADA,1,"2019/09/05 03:55:00",PARSF1,0
D,DISPATCH,UNIT_SCADA,1,"2019/09/05 03:55:00",POAT110,0
D,DISPATCH,UNIT_SCADA,1,"2019/09/05 03:55:00",POAT220,5.74
D,DISPATCH,UNIT_SCADA,1,"2019/09/05 03:55:00",POR01,0
D,DISPATCH,UNIT_SCADA,1,"2019/09/05 03:55:00",POR03,0
D,DISPATCH,UNIT_SCADA,1,"2019/09/05 03:55:00",PPCCGT,356.092680
D,DISPATCH,UNIT_SCADA,1,"2019/09/05 03:55:00",PTSTAN1,0
D,DISPATCH,UNIT_SCADA,1,"2019/09/05 03:55:00",PUMP1,0
D,DISPATCH,UNIT_SCADA,1,"2019/09/05 03:55:00",PUMP2,0
D,DISPATCH,UNIT_SCADA,1,"2019/09/05 03:55:00",QPS1,0
D,DISPATCH,UNIT_SCADA,1,"2019/09/05 03:55:00",QPS2,0
D,DISPATCH,UNIT_SCADA,1,"2019/09/05 03:55:00",QPS3,0
D,DISPATCH,UNIT_SCADA,1,"2019/09/05 03:55:00",QPS4,0
D,DISPATCH,UNIT_SCADA,1,"2019/09/05 03:55:00",QPS5,0
D,DISPATCH,UNIT_SCADA,1,"2019/09/05 03:55:00",REECE1,101.77
D,DISPATCH,UNIT_SCADA,1,"2019/09/05 03:55:00",REECE2,102.13
D,DISPATCH,UNIT_SCADA,1,"2019/09/05 03:55:00",ROMA_7,0
D,DISPATCH,UNIT_SCADA,1,"2019/09/05 03:55:00",ROMA_8,0
D,DISPATCH,UNIT_SCADA,1,"2019/09/05 03:55:00",RRSF1,0
D,DISPATCH,UNIT_SCADA,1,"2019/09/05 03:55:00",RT_NSW1,0
D,DISPATCH,UNIT_SCADA,1,"2019/09/05 03:55:00",RT_NSW2,0
D,DISPATCH,UNIT_SCADA,1,"2019/09/05 03:55:00",RT_NSW3,0
D,DISPATCH,UNIT_SCADA,1,"2019/09/05 03:55:00",RT_NSW4,0
D,DISPATCH,UNIT_SCADA,1,"2019/09/05 03:55:00",RT_NSW5,0
D,DISPATCH,UNIT_SCADA,1,"2019/09/05 03:55:00",RT_NSW6,0
D,DISPATCH,UNIT_SCADA,1,"2019/09/05 03:55:00",RT_QLD1,0
D,DISPATCH,UNIT_SCADA,1,"2019/09/05 03:55:00",RT_SA1,0
D,DISPATCH,UNIT_SCADA,1,"2019/09/05 03:55:00",RT_SA2,0
D,DISPATCH,UNIT_SCADA,1,"2019/09/05 03:55:00",RT_SA3,0
D,DISPATCH,UNIT_SCADA,1,"2019/09/05 03:55:00",RT_SA4,0
D,DISPATCH,UNIT_SCADA,1,"2019/09/05 03:55:00",RT_SA5,0
D,DISPATCH,UNIT_SCADA,1,"2019/09/05 03:55:00",RT_SA6,0
D,DISPATCH,UNIT_SCADA,1,"2019/09/05 03:55:00",RT_TAS1,0
D,DISPATCH,UNIT_SCADA,1,"2019/09/05 03:55:00",RT_VIC1,0
D,DISPATCH,UNIT_SCADA,1,"2019/09/05 03:55:00",RT_VIC10,0
D,DISPATCH,UNIT_SCADA,1,"2019/09/05 03:55:00",RT_VIC11,0
D,DISPATCH,UNIT_SCADA,1,"2019/09/05 03:55:00",RT_VIC12,0
D,DISPATCH,UNIT_SCADA,1,"2019/09/05 03:55:00",RT_VIC2,0
D,DISPATCH,UNIT_SCADA,1,"2019/09/05 03:55:00",RT_VIC3,0
D,DISPATCH,UNIT_SCADA,1,"2019/09/05 03:55:00",RT_VIC4,0
D,DISPATCH,UNIT_SCADA,1,"2019/09/05 03:55:00",RT_VIC5,0
D,DISPATCH,UNIT_SCADA,1,"2019/09/05 03:55:00",RT_VIC6,0
D,DISPATCH,UNIT_SCADA,1,"2019/09/05 03:55:00",RT_VIC7,0
D,DISPATCH,UNIT_SCADA,1,"2019/09/05 03:55:00",RT_VIC8,0
D,DISPATCH,UNIT_SCADA,1,"2019/09/05 03:55:00",RT_VIC9,0
D,DISPATCH,UNIT_SCADA,1,"2019/09/05 03:55:00",RUGBYR1,0
D,DISPATCH,UNIT_SCADA,1,"2019/09/05 03:55:00",SALTCRK1,5.75
D,DISPATCH,UNIT_SCADA,1,"2019/09/05 03:55:00",SAPHWF1,-2.737490
D,DISPATCH,UNIT_SCADA,1,"2019/09/05 03:55:00",SHGEN,0
D,DISPATCH,UNIT_SCADA,1,"2019/09/05 03:55:00",SHPUMP,158.052060
D,DISPATCH,UNIT_SCADA,1,"2019/09/05 03:55:00",SITHE01,0.1840
D,DISPATCH,UNIT_SCADA,1,"2019/09/05 03:55:00",SMCSF1,0
D,DISPATCH,UNIT_SCADA,1,"2019/09/05 03:55:00",SNOWNTH1,6
D,DISPATCH,UNIT_SCADA,1,"2019/09/05 03:55:00",SNOWSTH1,5.70
D,DISPATCH,UNIT_SCADA,1,"2019/09/05 03:55:00",SNOWTWN1,2.216890
D,DISPATCH,UNIT_SCADA,1,"2019/09/05 03:55:00",SNOWYP,0
D,DISPATCH,UNIT_SCADA,1,"2019/09/05 03:55:00",SNUG1,0.019440
D,DISPATCH,UNIT_SCADA,1,"2019/09/05 03:55:00",SRSF1,0
D,DISPATCH,UNIT_SCADA,1,"2019/09/05 03:55:00",STAN-1,220.773790
D,DISPATCH,UNIT_SCADA,1,"2019/09/05 03:55:00",STAN-2,249.998370
D,DISPATCH,UNIT_SCADA,1,"2019/09/05 03:55:00",STAN-3,248.7935
D,DISPATCH,UNIT_SCADA,1,"2019/09/05 03:55:00",STAN-4,247.678340
D,DISPATCH,UNIT_SCADA,1,"2019/09/05 03:55:00",STWF1,173.553760
D,DISPATCH,UNIT_SCADA,1,"2019/09/05 03:55:00",SWAN_E,0
D,DISPATCH,UNIT_SCADA,1,"2019/09/05 03:55:00",TALWA1,317
D,DISPATCH,UNIT_SCADA,1,"2019/09/05 03:55:00",TARALGA1,16.413740
D,DISPATCH,UNIT_SCADA,1,"2019/09/05 03:55:00",TARONG#1,275.200010
D,DISPATCH,UNIT_SCADA,1,"2019/09/05 03:55:00",TARONG#2,0
D,DISPATCH,UNIT_SCADA,1,"2019/09/05 03:55:00",TARONG#3,260.200010
D,DISPATCH,UNIT_SCADA,1,"2019/09/05 03:55:00",TARONG#4,274.899990
D,DISPATCH,UNIT_SCADA,1,"2019/09/05 03:55:00",TARRALEA,71.10
D,DISPATCH,UNIT_SCADA,1,"2019/09/05 03:55:00",TBSF1,-0.20
D,DISPATCH,UNIT_SCADA,1,"2019/09/05 03:55:00",TNPS1,379.600010
D,DISPATCH,UNIT_SCADA,1,"2019/09/05 03:55:00",TORRA1,41.512720
D,DISPATCH,UNIT_SCADA,1,"2019/09/05 03:55:00",TORRA2,0
D,DISPATCH,UNIT_SCADA,1,"2019/09/05 03:55:00",TORRA3,0
D,DISPATCH,UNIT_SCADA,1,"2019/09/05 03:55:00",TORRA4,42.348820
D,DISPATCH,UNIT_SCADA,1,"2019/09/05 03:55:00",TORRB1,61.61
D,DISPATCH,UNIT_SCADA,1,"2019/09/05 03:55:00",TORRB2,60.80
D,DISPATCH,UNIT_SCADA,1,"2019/09/05 03:55:00",TORRB3,40.82
D,DISPATCH,UNIT_SCADA,1,"2019/09/05 03:55:00",TORRB4,0
D,DISPATCH,UNIT_SCADA,1,"2019/09/05 03:55:00",TREVALLN,2.60
D,DISPATCH,UNIT_SCADA,1,"2019/09/05 03:55:00",TRIBUTE,0
D,DISPATCH,UNIT_SCADA,1,"2019/09/05 03:55:00",TUMUT3,0
D,DISPATCH,UNIT_SCADA,1,"2019/09/05 03:55:00",TUNGATIN,124.010030
D,DISPATCH,UNIT_SCADA,1,"2019/09/05 03:55:00",TVCC201,0
D,DISPATCH,UNIT_SCADA,1,"2019/09/05 03:55:00",TVPP104,0
D,DISPATCH,UNIT_SCADA,1,"2019/09/05 03:55:00",UPPTUMUT,0
D,DISPATCH,UNIT_SCADA,1,"2019/09/05 03:55:00",URANQ11,0
D,DISPATCH,UNIT_SCADA,1,"2019/09/05 03:55:00",URANQ12,0
D,DISPATCH,UNIT_SCADA,1,"2019/09/05 03:55:00",URANQ13,0
D,DISPATCH,UNIT_SCADA,1,"2019/09/05 03:55:00",URANQ14,0
D,DISPATCH,UNIT_SCADA,1,"2019/09/05 03:55:00",VP5,626.350040
D,DISPATCH,UNIT_SCADA,1,"2019/09/05 03:55:00",VP6,0
D,DISPATCH,UNIT_SCADA,1,"2019/09/05 03:55:00",VPGS1,0
D,DISPATCH,UNIT_SCADA,1,"2019/09/05 03:55:00",VPGS2,0
D,DISPATCH,UNIT_SCADA,1,"2019/09/05 03:55:00",VPGS3,0
D,DISPATCH,UNIT_SCADA,1,"2019/09/05 03:55:00",VPGS4,0
D,DISPATCH,UNIT_SCADA,1,"2019/09/05 03:55:00",VPGS5,0
D,DISPATCH,UNIT_SCADA,1,"2019/09/05 03:55:00",VPGS6,0
D,DISPATCH,UNIT_SCADA,1,"2019/09/05 03:55:00",W/HOE#1,0
D,DISPATCH,UNIT_SCADA,1,"2019/09/05 03:55:00",W/HOE#2,0
D,DISPATCH,UNIT_SCADA,1,"2019/09/05 03:55:00",WATERLWF,-0.70
D,DISPATCH,UNIT_SCADA,1,"2019/09/05 03:55:00",WEMENSF1,0
D,DISPATCH,UNIT_SCADA,1,"2019/09/05 03:55:00",WGWF1,0
D,DISPATCH,UNIT_SCADA,1,"2019/09/05 03:55:00",WHITSF1,0
D,DISPATCH,UNIT_SCADA,1,"2019/09/05 03:55:00",WKIEWA1,17
D,DISPATCH,UNIT_SCADA,1,"2019/09/05 03:55:00",WKIEWA2,17.10
D,DISPATCH,UNIT_SCADA,1,"2019/09/05 03:55:00",WOODLWN1,12.213010
D,DISPATCH,UNIT_SCADA,1,"2019/09/05 03:55:00",WRSF1,0
D,DISPATCH,UNIT_SCADA,1,"2019/09/05 03:55:00",WRWF1,7.38
D,DISPATCH,UNIT_SCADA,1,"2019/09/05 03:55:00",YABULU,0
D,DISPATCH,UNIT_SCADA,1,"2019/09/05 03:55:00",YABULU2,0
D,DISPATCH,UNIT_SCADA,1,"2019/09/05 03:55:00",YARWUN_1,165.959990
D,DISPATCH,UNIT_SCADA,1,"2019/09/05 03:55:00",YENDWF1,3.45
D,DISPATCH,UNIT_SCADA,1,"2019/09/05 03:55:00",YWPS1,379.698730
D,DISPATCH,UNIT_SCADA,1,"2019/09/05 03:55:00",YWPS2,280.197480
D,DISPATCH,UNIT_SCADA,1,"2019/09/05 03:55:00",YWPS3,321.845580
D,DISPATCH,UNIT_SCADA,1,"2019/09/05 03:55:00",YWPS4,387.051910
C,"END OF REPORT",335
