C,NEMP.WORLD,DISPATCHSCADA,AEMO,PUBLIC,2019/08/20,12:55:07,0000000311786962,DISPATCHSCADA,0000000311786956
I,DISPATCH,UNIT_SCADA,1,SETTLEMENTDATE,DUID,SCADAVALUE
D,DISPATCH,UNIT_SCADA,1,"2019/08/20 13:00:00",BARCSF1,18.50
D,DISPATCH,UNIT_SCADA,1,"2019/08/20 13:00:00",BUTLERSG,9.799998
D,DISPATCH,UNIT_SCADA,1,"2019/08/20 13:00:00",CALL_A_4,0
D,DISPATCH,UNIT_SCADA,1,"2019/08/20 13:00:00",CAPTL_WF,133.759995
D,DISPATCH,UNIT_SCADA,1,"2019/08/20 13:00:00",CATHROCK,40.659996
D,DISPATCH,UNIT_SCADA,1,"2019/08/20 13:00:00",CHALLHWF,20.60
D,DISPATCH,UNIT_SCADA,1,"2019/08/20 13:00:00",CLOVER,-0.01
D,DISPATCH,UNIT_SCADA,1,"2019/08/20 13:00:00",CLUNY,17.025864
D,DISPATCH,UNIT_SCADA,1,"2019/08/20 13:00:00",CNUNDAWF,39.646248
D,DISPATCH,UNIT_SCADA,1,"2019/08/20 13:00:00",CULLRGWF,30.25
D,DISPATCH,UNIT_SCADA,1,"2019/08/20 13:00:00",ERGT01,0
D,DISPATCH,UNIT_SCADA,1,"2019/08/20 13:00:00",GB01,0.072495
D,DISPATCH,UNIT_SCADA,1,"2019/08/20 13:00:00",GERMCRK,35.50
D,DISPATCH,UNIT_SCADA,1,"2019/08/20 13:00:00",GRIFSF1,21.699997
D,DISPATCH,UNIT_SCADA,1,"2019/08/20 13:00:00",HUGSF1,8.9890
D,DISPATCH,UNIT_SCADA,1,"2019/08/20 13:00:00",LKBONNY1,74.930557
D,DISPATCH,UNIT_SCADA,1,"2019/08/20 13:00:00",LRSF1,8.7880
D,DISPATCH,UNIT_SCADA,1,"2019/08/20 13:00:00",MBAHNTH,17.868744
D,DISPATCH,UNIT_SCADA,1,"2019/08/20 13:00:00",MLSP1,10.378001
D,DISPATCH,UNIT_SCADA,1,"2019/08/20 13:00:00",MLWF1,19.665001
D,DISPATCH,UNIT_SCADA,1,"2019/08/20 13:00:00",MTMILLAR,24.623299
D,DISPATCH,UNIT_SCADA,1,"2019/08/20 13:00:00",PALOONA,7.96
D,DISPATCH,UNIT_SCADA,1,"2019/08/20 13:00:00",PIONEER,11
D,DISPATCH,UNIT_SCADA,1,"2019/08/20 13:00:00",PORTWF,135.600006
D,DISPATCH,UNIT_SCADA,1,"2019/08/20 13:00:00",REPULSE,29.202717
D,DISPATCH,UNIT_SCADA,1,"2019/08/20 13:00:00",ROWALLAN,10.0110
D,DISPATCH,UNIT_SCADA,1,"2019/08/20 13:00:00",ROYALLA1,16.802002
D,DISPATCH,UNIT_SCADA,1,"2019/08/20 13:00:00",RPCG,10.90
D,DISPATCH,UNIT_SCADA,1,"2019/08/20 13:00:00",RUBICON,0
D,DISPATCH,UNIT_SCADA,1,"2019/08/20 13:00:00",SATGN1,0
D,DISPATCH,UNIT_SCADA,1,"2019/08/20 13:00:00",SATGS1,0
D,DISPATCH,UNIT_SCADA,1,"2019/08/20 13:00:00",STARHLWF,28.091808
D,DISPATCH,UNIT_SCADA,1,"2019/08/20 13:00:00",WAUBRAWF,82.821999
D,DISPATCH,UNIT_SCADA,1,"2019/08/20 13:00:00",WOOLNTH1,104.090027
D,DISPATCH,UNIT_SCADA,1,"2019/08/20 13:00:00",WPWF,56
D,DISPATCH,UNIT_SCADA,1,"2019/08/20 13:00:00",YAMBUKWF,29.40
D,DISPATCH,UNIT_SCADA,1,"2019/08/20 13:00:00",YSWF1,28.799999
D,DISPATCH,UNIT_SCADA,1,"2019/08/20 13:00:00",AGLHAL,0
D,DISPATCH,UNIT_SCADA,1,"2019/08/20 13:00:00",AGLSOM,0
D,DISPATCH,UNIT_SCADA,1,"2019/08/20 13:00:00",ANGAST1,0
D,DISPATCH,UNIT_SCADA,1,"2019/08/20 13:00:00",ARWF1,98.80
D,DISPATCH,UNIT_SCADA,1,"2019/08/20 13:00:00",BALBG1,7.64
D,DISPATCH,UNIT_SCADA,1,"2019/08/20 13:00:00",BALBL1,0
D,DISPATCH,UNIT_SCADA,1,"2019/08/20 13:00:00",BALDHWF1,102.8170
D,DISPATCH,UNIT_SCADA,1,"2019/08/20 13:00:00",BANN1,57.92
D,DISPATCH,UNIT_SCADA,1,"2019/08/20 13:00:00",BARCALDN,0
D,DISPATCH,UNIT_SCADA,1,"2019/08/20 13:00:00",BARRON-1,0
D,DISPATCH,UNIT_SCADA,1,"2019/08/20 13:00:00",BARRON-2,0
D,DISPATCH,UNIT_SCADA,1,"2019/08/20 13:00:00",BASTYAN,80.500010
D,DISPATCH,UNIT_SCADA,1,"2019/08/20 13:00:00",BBTHREE1,-1.97
D,DISPATCH,UNIT_SCADA,1,"2019/08/20 13:00:00",BBTHREE2,-1.97
D,DISPATCH,UNIT_SCADA,1,"2019/08/20 13:00:00",BBTHREE3,-1.12
D,DISPATCH,UNIT_SCADA,1,"2019/08/20 13:00:00",BDL01,0
D,DISPATCH,UNIT_SCADA,1,"2019/08/20 13:00:00",BDL02,0
D,DISPATCH,UNIT_SCADA,1,"2019/08/20 13:00:00",BERYLSF1,73.960880
D,DISPATCH,UNIT_SCADA,1,"2019/08/20 13:00:00",BLOWERNG,0
D,DISPATCH,UNIT_SCADA,1,"2019/08/20 13:00:00",BLUFF1,35.70
D,DISPATCH,UNIT_SCADA,1,"2019/08/20 13:00:00",BNGSF1,57.95
D,DISPATCH,UNIT_SCADA,1,"2019/08/20 13:00:00",BNGSF2,19.99
D,DISPATCH,UNIT_SCADA,1,"2019/08/20 13:00:00",BOCORWF1,105.30
D,DISPATCH,UNIT_SCADA,1,"2019/08/20 13:00:00",BODWF1,41.921340
D,DISPATCH,UNIT_SCADA,1,"2019/08/20 13:00:00",BRAEMAR1,0
D,DISPATCH,UNIT_SCADA,1,"2019/08/20 13:00:00",BRAEMAR2,0
D,DISPATCH,UNIT_SCADA,1,"2019/08/20 13:00:00",BRAEMAR3,0
D,DISPATCH,UNIT_SCADA,1,"2019/08/20 13:00:00",BRAEMAR5,0
D,DISPATCH,UNIT_SCADA,1,"2019/08/20 13:00:00",BRAEMAR6,0
D,DISPATCH,UNIT_SCADA,1,"2019/08/20 13:00:00",BRAEMAR7,0
D,DISPATCH,UNIT_SCADA,1,"2019/08/20 13:00:00",BROKENH1,52.938960
D,DISPATCH,UNIT_SCADA,1,"2019/08/20 13:00:00",BW01,330.1250
D,DISPATCH,UNIT_SCADA,1,"2019/08/20 13:00:00",BW02,411.200070
D,DISPATCH,UNIT_SCADA,1,"2019/08/20 13:00:00",BW03,501.050050
D,DISPATCH,UNIT_SCADA,1,"2019/08/20 13:00:00",BW04,0
D,DISPATCH,UNIT_SCADA,1,"2019/08/20 13:00:00",CALL_B_1,350.399990
D,DISPATCH,UNIT_SCADA,1,"2019/08/20 13:00:00",CALL_B_2,289.700010
D,DISPATCH,UNIT_SCADA,1,"2019/08/20 13:00:00",CETHANA,93.574130
D,DISPATCH,UNIT_SCADA,1,"2019/08/20 13:00:00",CG1,0
D,DISPATCH,UNIT_SCADA,1,"2019/08/20 13:00:00",CG2,0
D,DISPATCH,UNIT_SCADA,1,"2019/08/20 13:00:00",CG3,0
D,DISPATCH,UNIT_SCADA,1,"2019/08/20 13:00:00",CG4,0
D,DISPATCH,UNIT_SCADA,1,"2019/08/20 13:00:00",CHILDSF1,40.03
D,DISPATCH,UNIT_SCADA,1,"2019/08/20 13:00:00",CLARESF1,44.648450
D,DISPATCH,UNIT_SCADA,1,"2019/08/20 13:00:00",CLEMGPWF,31.839480
D,DISPATCH,UNIT_SCADA,1,"2019/08/20 13:00:00",CLERMSF1,15.06
D,DISPATCH,UNIT_SCADA,1,"2019/08/20 13:00:00",COLEASF1,106.099990
D,DISPATCH,UNIT_SCADA,1,"2019/08/20 13:00:00",COOPGWF1,21.785940
D,DISPATCH,UNIT_SCADA,1,"2019/08/20 13:00:00",CPP_3,307.450010
D,DISPATCH,UNIT_SCADA,1,"2019/08/20 13:00:00",CPP_4,309.649990
D,DISPATCH,UNIT_SCADA,1,"2019/08/20 13:00:00",CPSA,142.389370
D,DISPATCH,UNIT_SCADA,1,"2019/08/20 13:00:00",CROOKWF2,88.693750
D,DISPATCH,UNIT_SCADA,1,"2019/08/20 13:00:00",CROWLWF1,46.432250
D,DISPATCH,UNIT_SCADA,1,"2019/08/20 13:00:00",CSPVPS1,32.0060
D,DISPATCH,UNIT_SCADA,1,"2019/08/20 13:00:00",DALNTH01,0.032040
D,DISPATCH,UNIT_SCADA,1,"2019/08/20 13:00:00",DALNTHL1,0
D,DISPATCH,UNIT_SCADA,1,"2019/08/20 13:00:00",DARTM1,0
D,DISPATCH,UNIT_SCADA,1,"2019/08/20 13:00:00",DAYDSF1,108.155010
D,DISPATCH,UNIT_SCADA,1,"2019/08/20 13:00:00",DDPS1,0
D,DISPATCH,UNIT_SCADA,1,"2019/08/20 13:00:00",DDSF1,108.433410
D,DISPATCH,UNIT_SCADA,1,"2019/08/20 13:00:00",DEVILS_G,0
D,DISPATCH,UNIT_SCADA,1,"2019/08/20 13:00:00",DG_NSW1,0
D,DISPATCH,UNIT_SCADA,1,"2019/08/20 13:00:00",DG_QLD1,0
D,DISPATCH,UNIT_SCADA,1,"2019/08/20 13:00:00",DG_SA1,0
D,DISPATCH,UNIT_SCADA,1,"2019/08/20 13:00:00",DG_TAS1,0
D,DISPATCH,UNIT_SCADA,1,"2019/08/20 13:00:00",DG_VIC1,0
D,DISPATCH,UNIT_SCADA,1,"2019/08/20 13:00:00",DRYCGT1,0
D,DISPATCH,UNIT_SCADA,1,"2019/08/20 13:00:00",DRYCGT2,0
D,DISPATCH,UNIT_SCADA,1,"2019/08/20 13:00:00",DRYCGT3,0
D,DISPATCH,UNIT_SCADA,1,"2019/08/20 13:00:00",EILDON1,0
D,DISPATCH,UNIT_SCADA,1,"2019/08/20 13:00:00",EILDON2,0
D,DISPATCH,UNIT_SCADA,1,"2019/08/20 13:00:00",EMERASF1,67.08
D,DISPATCH,UNIT_SCADA,1,"2019/08/20 13:00:00",ER01,352.25
D,DISPATCH,UNIT_SCADA,1,"2019/08/20 13:00:00",ER02,353.6250
D,DISPATCH,UNIT_SCADA,1,"2019/08/20 13:00:00",ER03,697.824950
D,DISPATCH,UNIT_SCADA,1,"2019/08/20 13:00:00",ER04,353.8999
D,DISPATCH,UNIT_SCADA,1,"2019/08/20 13:00:00",FINLYSF1,0
D,DISPATCH,UNIT_SCADA,1,"2019/08/20 13:00:00",FISHER,45.89
D,DISPATCH,UNIT_SCADA,1,"2019/08/20 13:00:00",GANNBG1,0
D,DISPATCH,UNIT_SCADA,1,"2019/08/20 13:00:00",GANNBL1,0.035660
D,DISPATCH,UNIT_SCADA,1,"2019/08/20 13:00:00",GANNSF1,15.80
D,DISPATCH,UNIT_SCADA,1,"2019/08/20 13:00:00",GORDON,0
D,DISPATCH,UNIT_SCADA,1,"2019/08/20 13:00:00",GSTONE1,110.25
D,DISPATCH,UNIT_SCADA,1,"2019/08/20 13:00:00",GSTONE2,109.7250
D,DISPATCH,UNIT_SCADA,1,"2019/08/20 13:00:00",GSTONE3,169.399990
D,DISPATCH,UNIT_SCADA,1,"2019/08/20 13:00:00",GSTONE4,130.899990
D,DISPATCH,UNIT_SCADA,1,"2019/08/20 13:00:00",GSTONE5,130.3750
D,DISPATCH,UNIT_SCADA,1,"2019/08/20 13:00:00",GSTONE6,0
D,DISPATCH,UNIT_SCADA,1,"2019/08/20 13:00:00",GULLRSF1,5.488460
D,DISPATCH,UNIT_SCADA,1,"2019/08/20 13:00:00",GULLRWF1,157.517090
D,DISPATCH,UNIT_SCADA,1,"2019/08/20 13:00:00",GUNNING1,46.095340
D,DISPATCH,UNIT_SCADA,1,"2019/08/20 13:00:00",GUTHEGA,0
D,DISPATCH,UNIT_SCADA,1,"2019/08/20 13:00:00",HALLWF1,63.19
D,DISPATCH,UNIT_SCADA,1,"2019/08/20 13:00:00",HALLWF2,47.40
D,DISPATCH,UNIT_SCADA,1,"2019/08/20 13:00:00",HAMISF1,44.80
D,DISPATCH,UNIT_SCADA,1,"2019/08/20 13:00:00",HAUGHT11,49.942530
D,DISPATCH,UNIT_SCADA,1,"2019/08/20 13:00:00",HAYMSF1,40.4040
D,DISPATCH,UNIT_SCADA,1,"2019/08/20 13:00:00",HDWF1,67.70
D,DISPATCH,UNIT_SCADA,1,"2019/08/20 13:00:00",HDWF2,68.20
D,DISPATCH,UNIT_SCADA,1,"2019/08/20 13:00:00",HDWF3,72.90
D,DISPATCH,UNIT_SCADA,1,"2019/08/20 13:00:00",HPRG1,0
D,DISPATCH,UNIT_SCADA,1,"2019/08/20 13:00:00",HPRL1,0.30
D,DISPATCH,UNIT_SCADA,1,"2019/08/20 13:00:00",HUMENSW,0
D,DISPATCH,UNIT_SCADA,1,"2019/08/20 13:00:00",HUMEV,8.80
D,DISPATCH,UNIT_SCADA,1,"2019/08/20 13:00:00",HVGTS,0
D,DISPATCH,UNIT_SCADA,1,"2019/08/20 13:00:00",JBUTTERS,138.649990
D,DISPATCH,UNIT_SCADA,1,"2019/08/20 13:00:00",JLA01,0.50
D,DISPATCH,UNIT_SCADA,1,"2019/08/20 13:00:00",JLA02,0
D,DISPATCH,UNIT_SCADA,1,"2019/08/20 13:00:00",JLA03,0.10
D,DISPATCH,UNIT_SCADA,1,"2019/08/20 13:00:00",JLA04,0.10
D,DISPATCH,UNIT_SCADA,1,"2019/08/20 13:00:00",JLB01,0
D,DISPATCH,UNIT_SCADA,1,"2019/08/20 13:00:00",JLB02,0.10
D,DISPATCH,UNIT_SCADA,1,"2019/08/20 13:00:00",JLB03,0
D,DISPATCH,UNIT_SCADA,1,"2019/08/20 13:00:00",KAREEYA1,21.5475
D,DISPATCH,UNIT_SCADA,1,"2019/08/20 13:00:00",KAREEYA2,21.7825
D,DISPATCH,UNIT_SCADA,1,"2019/08/20 13:00:00",KAREEYA3,0
D,DISPATCH,UNIT_SCADA,1,"2019/08/20 13:00:00",KAREEYA4,21.7450
D,DISPATCH,UNIT_SCADA,1,"2019/08/20 13:00:00",KARSF1,52.50
D,DISPATCH,UNIT_SCADA,1,"2019/08/20 13:00:00",KIATAWF1,31.10
D,DISPATCH,UNIT_SCADA,1,"2019/08/20 13:00:00",KPP_1,0
D,DISPATCH,UNIT_SCADA,1,"2019/08/20 13:00:00",KSP1,46.88
D,DISPATCH,UNIT_SCADA,1,"2019/08/20 13:00:00",LADBROK1,0
D,DISPATCH,UNIT_SCADA,1,"2019/08/20 13:00:00",LADBROK2,0
D,DISPATCH,UNIT_SCADA,1,"2019/08/20 13:00:00",LD01,383.9812
D,DISPATCH,UNIT_SCADA,1,"2019/08/20 13:00:00",LD02,382.331270
D,DISPATCH,UNIT_SCADA,1,"2019/08/20 13:00:00",LD03,375.918730
D,DISPATCH,UNIT_SCADA,1,"2019/08/20 13:00:00",LD04,350.662540
D,DISPATCH,UNIT_SCADA,1,"2019/08/20 13:00:00",LEM_WIL,85.4468
D,DISPATCH,UNIT_SCADA,1,"2019/08/20 13:00:00",LGAPWF1,0
D,DISPATCH,UNIT_SCADA,1,"2019/08/20 13:00:00",LILYSF1,92.798970
D,DISPATCH,UNIT_SCADA,1,"2019/08/20 13:00:00",LI_WY_CA,148.438580
D,DISPATCH,UNIT_SCADA,1,"2019/08/20 13:00:00",LKBONNY2,106.065270
D,DISPATCH,UNIT_SCADA,1,"2019/08/20 13:00:00",LKBONNY3,26.1247
D,DISPATCH,UNIT_SCADA,1,"2019/08/20 13:00:00",LK_ECHO,0
D,DISPATCH,UNIT_SCADA,1,"2019/08/20 13:00:00",LNGS1,0
D,DISPATCH,UNIT_SCADA,1,"2019/08/20 13:00:00",LNGS2,0
D,DISPATCH,UNIT_SCADA,1,"2019/08/20 13:00:00",LONSDALE,0
D,DISPATCH,UNIT_SCADA,1,"2019/08/20 13:00:00",LOYYB1,536.088620
D,DISPATCH,UNIT_SCADA,1,"2019/08/20 13:00:00",LOYYB2,584.586060
D,DISPATCH,UNIT_SCADA,1,"2019/08/20 13:00:00",LYA1,561
D,DISPATCH,UNIT_SCADA,1,"2019/08/20 13:00:00",LYA2,0
D,DISPATCH,UNIT_SCADA,1,"2019/08/20 13:00:00",LYA3,560
D,DISPATCH,UNIT_SCADA,1,"2019/08/20 13:00:00",LYA4,540
D,DISPATCH,UNIT_SCADA,1,"2019/08/20 13:00:00",MACARTH1,385.391110
D,DISPATCH,UNIT_SCADA,1,"2019/08/20 13:00:00",MACKAYGT,0
D,DISPATCH,UNIT_SCADA,1,"2019/08/20 13:00:00",MACKNTSH,85.500010
D,DISPATCH,UNIT_SCADA,1,"2019/08/20 13:00:00",MANSLR1,39.4440
D,DISPATCH,UNIT_SCADA,1,"2019/08/20 13:00:00",MCKAY1,0.02
D,DISPATCH,UNIT_SCADA,1,"2019/08/20 13:00:00",MEADOWBK,34.0102
D,DISPATCH,UNIT_SCADA,1,"2019/08/20 13:00:00",MERCER01,124.95
D,DISPATCH,UNIT_SCADA,1,"2019/08/20 13:00:00",MEWF1,49.260540
D,DISPATCH,UNIT_SCADA,1,"2019/08/20 13:00:00",MINTARO,0
D,DISPATCH,UNIT_SCADA,1,"2019/08/20 13:00:00",MOREESF1,48.1780
D,DISPATCH,UNIT_SCADA,1,"2019/08/20 13:00:00",MORTLK11,125
D,DISPATCH,UNIT_SCADA,1,"2019/08/20 13:00:00",MORTLK12,0
D,DISPATCH,UNIT_SCADA,1,"2019/08/20 13:00:00",MP1,277.650020
D,DISPATCH,UNIT_SCADA,1,"2019/08/20 13:00:00",MP2,0
D,DISPATCH,UNIT_SCADA,1,"2019/08/20 13:00:00",MPP_1,344
D,DISPATCH,UNIT_SCADA,1,"2019/08/20 13:00:00",MPP_2,379.75
D,DISPATCH,UNIT_SCADA,1,"2019/08/20 13:00:00",MSTUART1,0
D,DISPATCH,UNIT_SCADA,1,"2019/08/20 13:00:00",MSTUART2,0
D,DISPATCH,UNIT_SCADA,1,"2019/08/20 13:00:00",MSTUART3,0
D,DISPATCH,UNIT_SCADA,1,"2019/08/20 13:00:00",MTGELWF1,64.1087
D,DISPATCH,UNIT_SCADA,1,"2019/08/20 13:00:00",MURRAY,0
D,DISPATCH,UNIT_SCADA,1,"2019/08/20 13:00:00",MUSSELR1,17
D,DISPATCH,UNIT_SCADA,1,"2019/08/20 13:00:00",MUWAWF1,54.16
D,DISPATCH,UNIT_SCADA,1,"2019/08/20 13:00:00",NBHWF1,80
D,DISPATCH,UNIT_SCADA,1,"2019/08/20 13:00:00",NPS,0
D,DISPATCH,UNIT_SCADA,1,"2019/08/20 13:00:00",NUMURSF1,33.68
D,DISPATCH,UNIT_SCADA,1,"2019/08/20 13:00:00",NYNGAN1,101.75
D,DISPATCH,UNIT_SCADA,1,"2019/08/20 13:00:00",OAKEY1,0
D,DISPATCH,UNIT_SCADA,1,"2019/08/20 13:00:00",OAKEY1SF,22.35
D,DISPATCH,UNIT_SCADA,1,"2019/08/20 13:00:00",OAKEY2,0
D,DISPATCH,UNIT_SCADA,1,"2019/08/20 13:00:00",OAKLAND1,62.10
D,DISPATCH,UNIT_SCADA,1,"2019/08/20 13:00:00",OSB-AG,139.64
D,DISPATCH,UNIT_SCADA,1,"2019/08/20 13:00:00",PARSF1,47.403120
D,DISPATCH,UNIT_SCADA,1,"2019/08/20 13:00:00",POAT110,0
D,DISPATCH,UNIT_SCADA,1,"2019/08/20 13:00:00",POAT220,3.69
D,DISPATCH,UNIT_SCADA,1,"2019/08/20 13:00:00",POR01,0
D,DISPATCH,UNIT_SCADA,1,"2019/08/20 13:00:00",POR03,0
D,DISPATCH,UNIT_SCADA,1,"2019/08/20 13:00:00",PPCCGT,174.223310
D,DISPATCH,UNIT_SCADA,1,"2019/08/20 13:00:00",PTSTAN1,0
D,DISPATCH,UNIT_SCADA,1,"2019/08/20 13:00:00",PUMP1,240.61
D,DISPATCH,UNIT_SCADA,1,"2019/08/20 13:00:00",PUMP2,235.769990
D,DISPATCH,UNIT_SCADA,1,"2019/08/20 13:00:00",QPS1,0
D,DISPATCH,UNIT_SCADA,1,"2019/08/20 13:00:00",QPS2,0
D,DISPATCH,UNIT_SCADA,1,"2019/08/20 13:00:00",QPS3,0
D,DISPATCH,UNIT_SCADA,1,"2019/08/20 13:00:00",QPS4,0
D,DISPATCH,UNIT_SCADA,1,"2019/08/20 13:00:00",QPS5,0
D,DISPATCH,UNIT_SCADA,1,"2019/08/20 13:00:00",REECE1,115.770010
D,DISPATCH,UNIT_SCADA,1,"2019/08/20 13:00:00",REECE2,115.960010
D,DISPATCH,UNIT_SCADA,1,"2019/08/20 13:00:00",ROMA_7,0
D,DISPATCH,UNIT_SCADA,1,"2019/08/20 13:00:00",ROMA_8,0
D,DISPATCH,UNIT_SCADA,1,"2019/08/20 13:00:00",RRSF1,106.9930
D,DISPATCH,UNIT_SCADA,1,"2019/08/20 13:00:00",RT_NSW1,0
D,DISPATCH,UNIT_SCADA,1,"2019/08/20 13:00:00",RT_NSW2,0
D,DISPATCH,UNIT_SCADA,1,"2019/08/20 13:00:00",RT_NSW3,0
D,DISPATCH,UNIT_SCADA,1,"2019/08/20 13:00:00",RT_NSW4,0
D,DISPATCH,UNIT_SCADA,1,"2019/08/20 13:00:00",RT_NSW5,0
D,DISPATCH,UNIT_SCADA,1,"2019/08/20 13:00:00",RT_NSW6,0
D,DISPATCH,UNIT_SCADA,1,"2019/08/20 13:00:00",RT_QLD1,0
D,DISPATCH,UNIT_SCADA,1,"2019/08/20 13:00:00",RT_SA1,0
D,DISPATCH,UNIT_SCADA,1,"2019/08/20 13:00:00",RT_SA2,0
D,DISPATCH,UNIT_SCADA,1,"2019/08/20 13:00:00",RT_SA3,0
D,DISPATCH,UNIT_SCADA,1,"2019/08/20 13:00:00",RT_SA4,0
D,DISPATCH,UNIT_SCADA,1,"2019/08/20 13:00:00",RT_SA5,0
D,DISPATCH,UNIT_SCADA,1,"2019/08/20 13:00:00",RT_SA6,0
D,DISPATCH,UNIT_SCADA,1,"2019/08/20 13:00:00",RT_TAS1,0
D,DISPATCH,UNIT_SCADA,1,"2019/08/20 13:00:00",RT_VIC1,0
D,DISPATCH,UNIT_SCADA,1,"2019/08/20 13:00:00",RT_VIC10,0
D,DISPATCH,UNIT_SCADA,1,"2019/08/20 13:00:00",RT_VIC11,0
D,DISPATCH,UNIT_SCADA,1,"2019/08/20 13:00:00",RT_VIC12,0
D,DISPATCH,UNIT_SCADA,1,"2019/08/20 13:00:00",RT_VIC2,0
D,DISPATCH,UNIT_SCADA,1,"2019/08/20 13:00:00",RT_VIC3,0
D,DISPATCH,UNIT_SCADA,1,"2019/08/20 13:00:00",RT_VIC4,0
D,DISPATCH,UNIT_SCADA,1,"2019/08/20 13:00:00",RT_VIC5,0
D,DISPATCH,UNIT_SCADA,1,"2019/08/20 13:00:00",RT_VIC6,0
D,DISPATCH,UNIT_SCADA,1,"2019/08/20 13:00:00",RT_VIC7,0
D,DISPATCH,UNIT_SCADA,1,"2019/08/20 13:00:00",RT_VIC8,0
D,DISPATCH,UNIT_SCADA,1,"2019/08/20 13:00:00",RT_VIC9,0
D,DISPATCH,UNIT_SCADA,1,"2019/08/20 13:00:00",RUGBYR1,44.6464
D,DISPATCH,UNIT_SCADA,1,"2019/08/20 13:00:00",SALTCRK1,52.12
D,DISPATCH,UNIT_SCADA,1,"2019/08/20 13:00:00",SAPHWF1,56.371890
D,DISPATCH,UNIT_SCADA,1,"2019/08/20 13:00:00",SHGEN,0
D,DISPATCH,UNIT_SCADA,1,"2019/08/20 13:00:00",SHPUMP,0
D,DISPATCH,UNIT_SCADA,1,"2019/08/20 13:00:00",SITHE01,0.005650
D,DISPATCH,UNIT_SCADA,1,"2019/08/20 13:00:00",SMCSF1,86.034920
D,DISPATCH,UNIT_SCADA,1,"2019/08/20 13:00:00",SNOWNTH1,95.10
D,DISPATCH,UNIT_SCADA,1,"2019/08/20 13:00:00",SNOWSTH1,82.80
D,DISPATCH,UNIT_SCADA,1,"2019/08/20 13:00:00",SNOWTWN1,65.129910
D,DISPATCH,UNIT_SCADA,1,"2019/08/20 13:00:00",SNOWYP,375.299990
D,DISPATCH,UNIT_SCADA,1,"2019/08/20 13:00:00",SNUG1,0.019440
D,DISPATCH,UNIT_SCADA,1,"2019/08/20 13:00:00",SRSF1,35.25
D,DISPATCH,UNIT_SCADA,1,"2019/08/20 13:00:00",STAN-1,0
D,DISPATCH,UNIT_SCADA,1,"2019/08/20 13:00:00",STAN-2,281.299440
D,DISPATCH,UNIT_SCADA,1,"2019/08/20 13:00:00",STAN-3,279.992030
D,DISPATCH,UNIT_SCADA,1,"2019/08/20 13:00:00",STAN-4,281.4917
D,DISPATCH,UNIT_SCADA,1,"2019/08/20 13:00:00",STWF1,5.242490
D,DISPATCH,UNIT_SCADA,1,"2019/08/20 13:00:00",SWAN_E,0
D,DISPATCH,UNIT_SCADA,1,"2019/08/20 13:00:00",TALWA1,192
D,DISPATCH,UNIT_SCADA,1,"2019/08/20 13:00:00",TARALGA1,94.1390
D,DISPATCH,UNIT_SCADA,1,"2019/08/20 13:00:00",TARONG#1,284.300020
D,DISPATCH,UNIT_SCADA,1,"2019/08/20 13:00:00",TARONG#2,283.50
D,DISPATCH,UNIT_SCADA,1,"2019/08/20 13:00:00",TARONG#3,260.200010
D,DISPATCH,UNIT_SCADA,1,"2019/08/20 13:00:00",TARONG#4,281.399990
D,DISPATCH,UNIT_SCADA,1,"2019/08/20 13:00:00",TARRALEA,86.90
D,DISPATCH,UNIT_SCADA,1,"2019/08/20 13:00:00",TBSF1,62.90
D,DISPATCH,UNIT_SCADA,1,"2019/08/20 13:00:00",TNPS1,441.700010
D,DISPATCH,UNIT_SCADA,1,"2019/08/20 13:00:00",TORRA1,43.053680
D,DISPATCH,UNIT_SCADA,1,"2019/08/20 13:00:00",TORRA2,0
D,DISPATCH,UNIT_SCADA,1,"2019/08/20 13:00:00",TORRA3,0
D,DISPATCH,UNIT_SCADA,1,"2019/08/20 13:00:00",TORRA4,0
D,DISPATCH,UNIT_SCADA,1,"2019/08/20 13:00:00",TORRB1,40.78
D,DISPATCH,UNIT_SCADA,1,"2019/08/20 13:00:00",TORRB2,41.31
D,DISPATCH,UNIT_SCADA,1,"2019/08/20 13:00:00",TORRB3,0
D,DISPATCH,UNIT_SCADA,1,"2019/08/20 13:00:00",TORRB4,0
D,DISPATCH,UNIT_SCADA,1,"2019/08/20 13:00:00",TREVALLN,43.580020
D,DISPATCH,UNIT_SCADA,1,"2019/08/20 13:00:00",TRIBUTE,0
D,DISPATCH,UNIT_SCADA,1,"2019/08/20 13:00:00",TUMUT3,0
D,DISPATCH,UNIT_SCADA,1,"2019/08/20 13:00:00",TUNGATIN,124.670040
D,DISPATCH,UNIT_SCADA,1,"2019/08/20 13:00:00",TVCC201,0
D,DISPATCH,UNIT_SCADA,1,"2019/08/20 13:00:00",TVPP104,0
D,DISPATCH,UNIT_SCADA,1,"2019/08/20 13:00:00",UPPTUMUT,0
D,DISPATCH,UNIT_SCADA,1,"2019/08/20 13:00:00",URANQ11,0
D,DISPATCH,UNIT_SCADA,1,"2019/08/20 13:00:00",URANQ12,0
D,DISPATCH,UNIT_SCADA,1,"2019/08/20 13:00:00",URANQ13,0
D,DISPATCH,UNIT_SCADA,1,"2019/08/20 13:00:00",URANQ14,0
D,DISPATCH,UNIT_SCADA,1,"2019/08/20 13:00:00",VP5,278.225010
D,DISPATCH,UNIT_SCADA,1,"2019/08/20 13:00:00",VP6,265.149990
D,DISPATCH,UNIT_SCADA,1,"2019/08/20 13:00:00",VPGS1,0
D,DISPATCH,UNIT_SCADA,1,"2019/08/20 13:00:00",VPGS2,0
D,DISPATCH,UNIT_SCADA,1,"2019/08/20 13:00:00",VPGS3,0
D,DISPATCH,UNIT_SCADA,1,"2019/08/20 13:00:00",VPGS4,0
D,DISPATCH,UNIT_SCADA,1,"2019/08/20 13:00:00",VPGS5,0
D,DISPATCH,UNIT_SCADA,1,"2019/08/20 13:00:00",VPGS6,0
D,DISPATCH,UNIT_SCADA,1,"2019/08/20 13:00:00",W/HOE#1,0
D,DISPATCH,UNIT_SCADA,1,"2019/08/20 13:00:00",W/HOE#2,0
D,DISPATCH,UNIT_SCADA,1,"2019/08/20 13:00:00",WATERLWF,87.60
D,DISPATCH,UNIT_SCADA,1,"2019/08/20 13:00:00",WEMENSF1,55.30
D,DISPATCH,UNIT_SCADA,1,"2019/08/20 13:00:00",WGWF1,80.40
D,DISPATCH,UNIT_SCADA,1,"2019/08/20 13:00:00",WHITSF1,42.60
D,DISPATCH,UNIT_SCADA,1,"2019/08/20 13:00:00",WKIEWA1,0
D,DISPATCH,UNIT_SCADA,1,"2019/08/20 13:00:00",WKIEWA2,0.10
D,DISPATCH,UNIT_SCADA,1,"2019/08/20 13:00:00",WOODLWN1,40.77
D,DISPATCH,UNIT_SCADA,1,"2019/08/20 13:00:00",WRSF1,19.87
D,DISPATCH,UNIT_SCADA,1,"2019/08/20 13:00:00",WRWF1,47.326250
D,DISPATCH,UNIT_SCADA,1,"2019/08/20 13:00:00",YABULU,0
D,DISPATCH,UNIT_SCADA,1,"2019/08/20 13:00:00",YABULU2,0
D,DISPATCH,UNIT_SCADA,1,"2019/08/20 13:00:00",YARWUN_1,0
D,DISPATCH,UNIT_SCADA,1,"2019/08/20 13:00:00",YENDWF1,42.12
D,DISPATCH,UNIT_SCADA,1,"2019/08/20 13:00:00",YWPS1,369.422790
D,DISPATCH,UNIT_SCADA,1,"2019/08/20 13:00:00",YWPS2,280.197480
D,DISPATCH,UNIT_SCADA,1,"2019/08/20 13:00:00",YWPS3,0
D,DISPATCH,UNIT_SCADA,1,"2019/08/20 13:00:00",YWPS4,380.277220
C,"END OF REPORT",334
