C,NEMP.WORLD,DISPATCHSCADA,AEMO,PUBLIC,2019/09/06,00:50:09,0000000312442227,DISPATCHSCADA,0000000312442221
I,DISPATCH,UNIT_SCADA,1,SETTLEMENTDATE,DUID,SCADAVALUE
D,DISPATCH,UNIT_SCADA,1,"2019/09/06 00:55:00",BARCSF1,0.30
D,DISPATCH,UNIT_SCADA,1,"2019/09/06 00:55:00",BUTLERSG,10.199999
D,DISPATCH,UNIT_SCADA,1,"2019/09/06 00:55:00",CALL_A_4,0
D,DISPATCH,UNIT_SCADA,1,"2019/09/06 00:55:00",CAPTL_WF,20.772003
D,DISPATCH,UNIT_SCADA,1,"2019/09/06 00:55:00",CATHROCK,0
D,DISPATCH,UNIT_SCADA,1,"2019/09/06 00:55:00",CHALLHWF,3.10
D,DISPATCH,UNIT_SCADA,1,"2019/09/06 00:55:00",CLOVER,-0.01
D,DISPATCH,UNIT_SCADA,1,"2019/09/06 00:55:00",CLUNY,14.034791
D,DISPATCH,UNIT_SCADA,1,"2019/09/06 00:55:00",CNUNDAWF,18.421490
D,DISPATCH,UNIT_SCADA,1,"2019/09/06 00:55:00",CULLRGWF,8.42
D,DISPATCH,UNIT_SCADA,1,"2019/09/06 00:55:00",ERGT01,0
D,DISPATCH,UNIT_SCADA,1,"2019/09/06 00:55:00",GB01,0.005733
D,DISPATCH,UNIT_SCADA,1,"2019/09/06 00:55:00",GERMCRK,35.900002
D,DISPATCH,UNIT_SCADA,1,"2019/09/06 00:55:00",GRIFSF1,0
D,DISPATCH,UNIT_SCADA,1,"2019/09/06 00:55:00",HUGSF1,-0.2330
D,DISPATCH,UNIT_SCADA,1,"2019/09/06 00:55:00",LKBONNY1,31.794134
D,DISPATCH,UNIT_SCADA,1,"2019/09/06 00:55:00",LRSF1,-0.0010
D,DISPATCH,UNIT_SCADA,1,"2019/09/06 00:55:00",MBAHNTH,50.024994
D,DISPATCH,UNIT_SCADA,1,"2019/09/06 00:55:00",MLSP1,0
D,DISPATCH,UNIT_SCADA,1,"2019/09/06 00:55:00",MLWF1,4.3650
D,DISPATCH,UNIT_SCADA,1,"2019/09/06 00:55:00",MTMILLAR,56.189342
D,DISPATCH,UNIT_SCADA,1,"2019/09/06 00:55:00",PALOONA,25.43
D,DISPATCH,UNIT_SCADA,1,"2019/09/06 00:55:00",PIONEER,47.200001
D,DISPATCH,UNIT_SCADA,1,"2019/09/06 00:55:00",PORTWF,48.400002
D,DISPATCH,UNIT_SCADA,1,"2019/09/06 00:55:00",REPULSE,32.746471
D,DISPATCH,UNIT_SCADA,1,"2019/09/06 00:55:00",ROWALLAN,10.3731
D,DISPATCH,UNIT_SCADA,1,"2019/09/06 00:55:00",ROYALLA1,0
D,DISPATCH,UNIT_SCADA,1,"2019/09/06 00:55:00",RPCG,11.40
D,DISPATCH,UNIT_SCADA,1,"2019/09/06 00:55:00",RUBICON,0
D,DISPATCH,UNIT_SCADA,1,"2019/09/06 00:55:00",SATGN1,0
D,DISPATCH,UNIT_SCADA,1,"2019/09/06 00:55:00",SATGS1,0
D,DISPATCH,UNIT_SCADA,1,"2019/09/06 00:55:00",STARHLWF,27.591953
D,DISPATCH,UNIT_SCADA,1,"2019/09/06 00:55:00",WAUBRAWF,26.427999
D,DISPATCH,UNIT_SCADA,1,"2019/09/06 00:55:00",WOOLNTH1,94.070023
D,DISPATCH,UNIT_SCADA,1,"2019/09/06 00:55:00",WPWF,84
D,DISPATCH,UNIT_SCADA,1,"2019/09/06 00:55:00",YAMBUKWF,1.90
D,DISPATCH,UNIT_SCADA,1,"2019/09/06 00:55:00",YSWF1,8.20
D,DISPATCH,UNIT_SCADA,1,"2019/09/06 00:55:00",AGLHAL,0
D,DISPATCH,UNIT_SCADA,1,"2019/09/06 00:55:00",AGLSOM,0
D,DISPATCH,UNIT_SCADA,1,"2019/09/06 00:55:00",ANGAST1,0
D,DISPATCH,UNIT_SCADA,1,"2019/09/06 00:55:00",ARWF1,9.20
D,DISPATCH,UNIT_SCADA,1,"2019/09/06 00:55:00",BALBG1,0
D,DISPATCH,UNIT_SCADA,1,"2019/09/06 00:55:00",BALBL1,0
D,DISPATCH,UNIT_SCADA,1,"2019/09/06 00:55:00",BALDHWF1,55.08
D,DISPATCH,UNIT_SCADA,1,"2019/09/06 00:55:00",BANN1,0
D,DISPATCH,UNIT_SCADA,1,"2019/09/06 00:55:00",BARCALDN,0
D,DISPATCH,UNIT_SCADA,1,"2019/09/06 00:55:00",BARRON-1,32.84
D,DISPATCH,UNIT_SCADA,1,"2019/09/06 00:55:00",BARRON-2,0
D,DISPATCH,UNIT_SCADA,1,"2019/09/06 00:55:00",BASTYAN,79.84
D,DISPATCH,UNIT_SCADA,1,"2019/09/06 00:55:00",BBTHREE1,0
D,DISPATCH,UNIT_SCADA,1,"2019/09/06 00:55:00",BBTHREE2,0
D,DISPATCH,UNIT_SCADA,1,"2019/09/06 00:55:00",BBTHREE3,0
D,DISPATCH,UNIT_SCADA,1,"2019/09/06 00:55:00",BDL01,0
D,DISPATCH,UNIT_SCADA,1,"2019/09/06 00:55:00",BDL02,0
D,DISPATCH,UNIT_SCADA,1,"2019/09/06 00:55:00",BERYLSF1,0
D,DISPATCH,UNIT_SCADA,1,"2019/09/06 00:55:00",BLOWERNG,15.30
D,DISPATCH,UNIT_SCADA,1,"2019/09/06 00:55:00",BLUFF1,52.30
D,DISPATCH,UNIT_SCADA,1,"2019/09/06 00:55:00",BNGSF1,0
D,DISPATCH,UNIT_SCADA,1,"2019/09/06 00:55:00",BNGSF2,0
D,DISPATCH,UNIT_SCADA,1,"2019/09/06 00:55:00",BOCORWF1,37.34
D,DISPATCH,UNIT_SCADA,1,"2019/09/06 00:55:00",BODWF1,34.183550
D,DISPATCH,UNIT_SCADA,1,"2019/09/06 00:55:00",BRAEMAR1,0
D,DISPATCH,UNIT_SCADA,1,"2019/09/06 00:55:00",BRAEMAR2,0
D,DISPATCH,UNIT_SCADA,1,"2019/09/06 00:55:00",BRAEMAR3,0
D,DISPATCH,UNIT_SCADA,1,"2019/09/06 00:55:00",BRAEMAR5,0
D,DISPATCH,UNIT_SCADA,1,"2019/09/06 00:55:00",BRAEMAR6,0
D,DISPATCH,UNIT_SCADA,1,"2019/09/06 00:55:00",BRAEMAR7,0
D,DISPATCH,UNIT_SCADA,1,"2019/09/06 00:55:00",BROKENH1,0
D,DISPATCH,UNIT_SCADA,1,"2019/09/06 00:55:00",BW01,637.75
D,DISPATCH,UNIT_SCADA,1,"2019/09/06 00:55:00",BW02,622.8501
D,DISPATCH,UNIT_SCADA,1,"2019/09/06 00:55:00",BW03,653.800050
D,DISPATCH,UNIT_SCADA,1,"2019/09/06 00:55:00",BW04,0
D,DISPATCH,UNIT_SCADA,1,"2019/09/06 00:55:00",CALL_B_1,349
D,DISPATCH,UNIT_SCADA,1,"2019/09/06 00:55:00",CALL_B_2,288.300020
D,DISPATCH,UNIT_SCADA,1,"2019/09/06 00:55:00",CETHANA,20.287120
D,DISPATCH,UNIT_SCADA,1,"2019/09/06 00:55:00",CG1,0
D,DISPATCH,UNIT_SCADA,1,"2019/09/06 00:55:00",CG2,0
D,DISPATCH,UNIT_SCADA,1,"2019/09/06 00:55:00",CG3,0
D,DISPATCH,UNIT_SCADA,1,"2019/09/06 00:55:00",CG4,0
D,DISPATCH,UNIT_SCADA,1,"2019/09/06 00:55:00",CHILDSF1,0
D,DISPATCH,UNIT_SCADA,1,"2019/09/06 00:55:00",CLARESF1,0
D,DISPATCH,UNIT_SCADA,1,"2019/09/06 00:55:00",CLEMGPWF,55.250850
D,DISPATCH,UNIT_SCADA,1,"2019/09/06 00:55:00",CLERMSF1,0
D,DISPATCH,UNIT_SCADA,1,"2019/09/06 00:55:00",COLEASF1,0
D,DISPATCH,UNIT_SCADA,1,"2019/09/06 00:55:00",COOPGWF1,12.253880
D,DISPATCH,UNIT_SCADA,1,"2019/09/06 00:55:00",CPP_3,404.524990
D,DISPATCH,UNIT_SCADA,1,"2019/09/06 00:55:00",CPP_4,405.899990
D,DISPATCH,UNIT_SCADA,1,"2019/09/06 00:55:00",CPSA,143.3075
D,DISPATCH,UNIT_SCADA,1,"2019/09/06 00:55:00",CROOKWF2,44.6450
D,DISPATCH,UNIT_SCADA,1,"2019/09/06 00:55:00",CROWLWF1,15.678980
D,DISPATCH,UNIT_SCADA,1,"2019/09/06 00:55:00",CSPVPS1,0
D,DISPATCH,UNIT_SCADA,1,"2019/09/06 00:55:00",DALNTH01,0
D,DISPATCH,UNIT_SCADA,1,"2019/09/06 00:55:00",DALNTHL1,0.053410
D,DISPATCH,UNIT_SCADA,1,"2019/09/06 00:55:00",DARTM1,0
D,DISPATCH,UNIT_SCADA,1,"2019/09/06 00:55:00",DAYDSF1,0
D,DISPATCH,UNIT_SCADA,1,"2019/09/06 00:55:00",DDPS1,0
D,DISPATCH,UNIT_SCADA,1,"2019/09/06 00:55:00",DDSF1,0
D,DISPATCH,UNIT_SCADA,1,"2019/09/06 00:55:00",DEVILS_G,63.942380
D,DISPATCH,UNIT_SCADA,1,"2019/09/06 00:55:00",DG_NSW1,0
D,DISPATCH,UNIT_SCADA,1,"2019/09/06 00:55:00",DG_QLD1,0
D,DISPATCH,UNIT_SCADA,1,"2019/09/06 00:55:00",DG_SA1,0
D,DISPATCH,UNIT_SCADA,1,"2019/09/06 00:55:00",DG_TAS1,0
D,DISPATCH,UNIT_SCADA,1,"2019/09/06 00:55:00",DG_VIC1,0
D,DISPATCH,UNIT_SCADA,1,"2019/09/06 00:55:00",DRYCGT1,0
D,DISPATCH,UNIT_SCADA,1,"2019/09/06 00:55:00",DRYCGT2,0
D,DISPATCH,UNIT_SCADA,1,"2019/09/06 00:55:00",DRYCGT3,0
D,DISPATCH,UNIT_SCADA,1,"2019/09/06 00:55:00",EILDON1,0
D,DISPATCH,UNIT_SCADA,1,"2019/09/06 00:55:00",EILDON2,0
D,DISPATCH,UNIT_SCADA,1,"2019/09/06 00:55:00",EMERASF1,0
D,DISPATCH,UNIT_SCADA,1,"2019/09/06 00:55:00",ER01,572.550050
D,DISPATCH,UNIT_SCADA,1,"2019/09/06 00:55:00",ER02,680.925050
D,DISPATCH,UNIT_SCADA,1,"2019/09/06 00:55:00",ER03,0
D,DISPATCH,UNIT_SCADA,1,"2019/09/06 00:55:00",ER04,679.599980
D,DISPATCH,UNIT_SCADA,1,"2019/09/06 00:55:00",FINLYSF1,0
D,DISPATCH,UNIT_SCADA,1,"2019/09/06 00:55:00",FISHER,45.74
D,DISPATCH,UNIT_SCADA,1,"2019/09/06 00:55:00",GANNBG1,0
D,DISPATCH,UNIT_SCADA,1,"2019/09/06 00:55:00",GANNBL1,9.029990
D,DISPATCH,UNIT_SCADA,1,"2019/09/06 00:55:00",GANNSF1,0
D,DISPATCH,UNIT_SCADA,1,"2019/09/06 00:55:00",GORDON,18.697840
D,DISPATCH,UNIT_SCADA,1,"2019/09/06 00:55:00",GSTONE1,190.399990
D,DISPATCH,UNIT_SCADA,1,"2019/09/06 00:55:00",GSTONE2,191.45
D,DISPATCH,UNIT_SCADA,1,"2019/09/06 00:55:00",GSTONE3,0
D,DISPATCH,UNIT_SCADA,1,"2019/09/06 00:55:00",GSTONE4,186.024990
D,DISPATCH,UNIT_SCADA,1,"2019/09/06 00:55:00",GSTONE5,189.524990
D,DISPATCH,UNIT_SCADA,1,"2019/09/06 00:55:00",GSTONE6,191.099990
D,DISPATCH,UNIT_SCADA,1,"2019/09/06 00:55:00",GULLRSF1,0
D,DISPATCH,UNIT_SCADA,1,"2019/09/06 00:55:00",GULLRWF1,56.942870
D,DISPATCH,UNIT_SCADA,1,"2019/09/06 00:55:00",GUNNING1,21.218490
D,DISPATCH,UNIT_SCADA,1,"2019/09/06 00:55:00",GUTHEGA,0
D,DISPATCH,UNIT_SCADA,1,"2019/09/06 00:55:00",HALLWF1,90.12
D,DISPATCH,UNIT_SCADA,1,"2019/09/06 00:55:00",HALLWF2,66.05
D,DISPATCH,UNIT_SCADA,1,"2019/09/06 00:55:00",HAMISF1,0
D,DISPATCH,UNIT_SCADA,1,"2019/09/06 00:55:00",HAUGHT11,0
D,DISPATCH,UNIT_SCADA,1,"2019/09/06 00:55:00",HAYMSF1,0
D,DISPATCH,UNIT_SCADA,1,"2019/09/06 00:55:00",HDWF1,95.90
D,DISPATCH,UNIT_SCADA,1,"2019/09/06 00:55:00",HDWF2,75.80
D,DISPATCH,UNIT_SCADA,1,"2019/09/06 00:55:00",HDWF3,97
D,DISPATCH,UNIT_SCADA,1,"2019/09/06 00:55:00",HPRG1,0
D,DISPATCH,UNIT_SCADA,1,"2019/09/06 00:55:00",HPRL1,9.50
D,DISPATCH,UNIT_SCADA,1,"2019/09/06 00:55:00",HUMENSW,0
D,DISPATCH,UNIT_SCADA,1,"2019/09/06 00:55:00",HUMEV,23.80
D,DISPATCH,UNIT_SCADA,1,"2019/09/06 00:55:00",HVGTS,0
D,DISPATCH,UNIT_SCADA,1,"2019/09/06 00:55:00",JBUTTERS,0
D,DISPATCH,UNIT_SCADA,1,"2019/09/06 00:55:00",JLA01,0.10
D,DISPATCH,UNIT_SCADA,1,"2019/09/06 00:55:00",JLA02,0
D,DISPATCH,UNIT_SCADA,1,"2019/09/06 00:55:00",JLA03,0
D,DISPATCH,UNIT_SCADA,1,"2019/09/06 00:55:00",JLA04,0
D,DISPATCH,UNIT_SCADA,1,"2019/09/06 00:55:00",JLB01,0
D,DISPATCH,UNIT_SCADA,1,"2019/09/06 00:55:00",JLB02,0.10
D,DISPATCH,UNIT_SCADA,1,"2019/09/06 00:55:00",JLB03,0
D,DISPATCH,UNIT_SCADA,1,"2019/09/06 00:55:00",KAREEYA1,21.5550
D,DISPATCH,UNIT_SCADA,1,"2019/09/06 00:55:00",KAREEYA2,21.9425
D,DISPATCH,UNIT_SCADA,1,"2019/09/06 00:55:00",KAREEYA3,0
D,DISPATCH,UNIT_SCADA,1,"2019/09/06 00:55:00",KAREEYA4,21.6625
D,DISPATCH,UNIT_SCADA,1,"2019/09/06 00:55:00",KARSF1,0
D,DISPATCH,UNIT_SCADA,1,"2019/09/06 00:55:00",KIATAWF1,22.80
D,DISPATCH,UNIT_SCADA,1,"2019/09/06 00:55:00",KPP_1,0
D,DISPATCH,UNIT_SCADA,1,"2019/09/06 00:55:00",KSP1,0
D,DISPATCH,UNIT_SCADA,1,"2019/09/06 00:55:00",LADBROK1,0
D,DISPATCH,UNIT_SCADA,1,"2019/09/06 00:55:00",LADBROK2,0
D,DISPATCH,UNIT_SCADA,1,"2019/09/06 00:55:00",LD01,384.824980
D,DISPATCH,UNIT_SCADA,1,"2019/09/06 00:55:00",LD02,383.231230
D,DISPATCH,UNIT_SCADA,1,"2019/09/06 00:55:00",LD03,387.468780
D,DISPATCH,UNIT_SCADA,1,"2019/09/06 00:55:00",LD04,385.031250
D,DISPATCH,UNIT_SCADA,1,"2019/09/06 00:55:00",LEM_WIL,84.708650
D,DISPATCH,UNIT_SCADA,1,"2019/09/06 00:55:00",LGAPWF1,34.50
D,DISPATCH,UNIT_SCADA,1,"2019/09/06 00:55:00",LILYSF1,0
D,DISPATCH,UNIT_SCADA,1,"2019/09/06 00:55:00",LI_WY_CA,138.455080
D,DISPATCH,UNIT_SCADA,1,"2019/09/06 00:55:00",LKBONNY2,62.918320
D,DISPATCH,UNIT_SCADA,1,"2019/09/06 00:55:00",LKBONNY3,16.411670
D,DISPATCH,UNIT_SCADA,1,"2019/09/06 00:55:00",LK_ECHO,0
D,DISPATCH,UNIT_SCADA,1,"2019/09/06 00:55:00",LNGS1,0
D,DISPATCH,UNIT_SCADA,1,"2019/09/06 00:55:00",LNGS2,0
D,DISPATCH,UNIT_SCADA,1,"2019/09/06 00:55:00",LONSDALE,0
D,DISPATCH,UNIT_SCADA,1,"2019/09/06 00:55:00",LOYYB1,536.088620
D,DISPATCH,UNIT_SCADA,1,"2019/09/06 00:55:00",LOYYB2,581.954410
D,DISPATCH,UNIT_SCADA,1,"2019/09/06 00:55:00",LYA1,0
D,DISPATCH,UNIT_SCADA,1,"2019/09/06 00:55:00",LYA2,0
D,DISPATCH,UNIT_SCADA,1,"2019/09/06 00:55:00",LYA3,558
D,DISPATCH,UNIT_SCADA,1,"2019/09/06 00:55:00",LYA4,539
D,DISPATCH,UNIT_SCADA,1,"2019/09/06 00:55:00",MACARTH1,37.399140
D,DISPATCH,UNIT_SCADA,1,"2019/09/06 00:55:00",MACKAYGT,0.2240
D,DISPATCH,UNIT_SCADA,1,"2019/09/06 00:55:00",MACKNTSH,86.850010
D,DISPATCH,UNIT_SCADA,1,"2019/09/06 00:55:00",MANSLR1,0
D,DISPATCH,UNIT_SCADA,1,"2019/09/06 00:55:00",MCKAY1,0.02
D,DISPATCH,UNIT_SCADA,1,"2019/09/06 00:55:00",MEADOWBK,33.610080
D,DISPATCH,UNIT_SCADA,1,"2019/09/06 00:55:00",MERCER01,6.7510
D,DISPATCH,UNIT_SCADA,1,"2019/09/06 00:55:00",MEWF1,62.425090
D,DISPATCH,UNIT_SCADA,1,"2019/09/06 00:55:00",MINTARO,0
D,DISPATCH,UNIT_SCADA,1,"2019/09/06 00:55:00",MOREESF1,0
D,DISPATCH,UNIT_SCADA,1,"2019/09/06 00:55:00",MORTLK11,259
D,DISPATCH,UNIT_SCADA,1,"2019/09/06 00:55:00",MORTLK12,0
D,DISPATCH,UNIT_SCADA,1,"2019/09/06 00:55:00",MP1,224.324950
D,DISPATCH,UNIT_SCADA,1,"2019/09/06 00:55:00",MP2,0
D,DISPATCH,UNIT_SCADA,1,"2019/09/06 00:55:00",MPP_1,389.50
D,DISPATCH,UNIT_SCADA,1,"2019/09/06 00:55:00",MPP_2,436.75
D,DISPATCH,UNIT_SCADA,1,"2019/09/06 00:55:00",MSTUART1,0
D,DISPATCH,UNIT_SCADA,1,"2019/09/06 00:55:00",MSTUART2,0
D,DISPATCH,UNIT_SCADA,1,"2019/09/06 00:55:00",MSTUART3,0
D,DISPATCH,UNIT_SCADA,1,"2019/09/06 00:55:00",MTGELWF1,3.180030
D,DISPATCH,UNIT_SCADA,1,"2019/09/06 00:55:00",MURRAY,0
D,DISPATCH,UNIT_SCADA,1,"2019/09/06 00:55:00",MUSSELR1,75.20
D,DISPATCH,UNIT_SCADA,1,"2019/09/06 00:55:00",MUWAWF1,72.15
D,DISPATCH,UNIT_SCADA,1,"2019/09/06 00:55:00",NBHWF1,112.30
D,DISPATCH,UNIT_SCADA,1,"2019/09/06 00:55:00",NPS,0
D,DISPATCH,UNIT_SCADA,1,"2019/09/06 00:55:00",NUMURSF1,0
D,DISPATCH,UNIT_SCADA,1,"2019/09/06 00:55:00",NYNGAN1,0
D,DISPATCH,UNIT_SCADA,1,"2019/09/06 00:55:00",OAKEY1,0
D,DISPATCH,UNIT_SCADA,1,"2019/09/06 00:55:00",OAKEY1SF,0
D,DISPATCH,UNIT_SCADA,1,"2019/09/06 00:55:00",OAKEY2,0
D,DISPATCH,UNIT_SCADA,1,"2019/09/06 00:55:00",OAKEY2SF,0
D,DISPATCH,UNIT_SCADA,1,"2019/09/06 00:55:00",OAKLAND1,6.50
D,DISPATCH,UNIT_SCADA,1,"2019/09/06 00:55:00",OSB-AG,0
D,DISPATCH,UNIT_SCADA,1,"2019/09/06 00:55:00",PARSF1,0
D,DISPATCH,UNIT_SCADA,1,"2019/09/06 00:55:00",POAT110,0
D,DISPATCH,UNIT_SCADA,1,"2019/09/06 00:55:00",POAT220,1.17
D,DISPATCH,UNIT_SCADA,1,"2019/09/06 00:55:00",POR01,0
D,DISPATCH,UNIT_SCADA,1,"2019/09/06 00:55:00",POR03,0
D,DISPATCH,UNIT_SCADA,1,"2019/09/06 00:55:00",PPCCGT,361.461520
D,DISPATCH,UNIT_SCADA,1,"2019/09/06 00:55:00",PTSTAN1,0
D,DISPATCH,UNIT_SCADA,1,"2019/09/06 00:55:00",PUMP1,0
D,DISPATCH,UNIT_SCADA,1,"2019/09/06 00:55:00",PUMP2,0
D,DISPATCH,UNIT_SCADA,1,"2019/09/06 00:55:00",QPS1,0
D,DISPATCH,UNIT_SCADA,1,"2019/09/06 00:55:00",QPS2,0
D,DISPATCH,UNIT_SCADA,1,"2019/09/06 00:55:00",QPS3,0
D,DISPATCH,UNIT_SCADA,1,"2019/09/06 00:55:00",QPS4,0
D,DISPATCH,UNIT_SCADA,1,"2019/09/06 00:55:00",QPS5,0
D,DISPATCH,UNIT_SCADA,1,"2019/09/06 00:55:00",REECE1,117.520010
D,DISPATCH,UNIT_SCADA,1,"2019/09/06 00:55:00",REECE2,91.610010
D,DISPATCH,UNIT_SCADA,1,"2019/09/06 00:55:00",ROMA_7,0
D,DISPATCH,UNIT_SCADA,1,"2019/09/06 00:55:00",ROMA_8,0
D,DISPATCH,UNIT_SCADA,1,"2019/09/06 00:55:00",RRSF1,0
D,DISPATCH,UNIT_SCADA,1,"2019/09/06 00:55:00",RT_NSW1,0
D,DISPATCH,UNIT_SCADA,1,"2019/09/06 00:55:00",RT_NSW2,0
D,DISPATCH,UNIT_SCADA,1,"2019/09/06 00:55:00",RT_NSW3,0
D,DISPATCH,UNIT_SCADA,1,"2019/09/06 00:55:00",RT_NSW4,0
D,DISPATCH,UNIT_SCADA,1,"2019/09/06 00:55:00",RT_NSW5,0
D,DISPATCH,UNIT_SCADA,1,"2019/09/06 00:55:00",RT_NSW6,0
D,DISPATCH,UNIT_SCADA,1,"2019/09/06 00:55:00",RT_QLD1,0
D,DISPATCH,UNIT_SCADA,1,"2019/09/06 00:55:00",RT_SA1,0
D,DISPATCH,UNIT_SCADA,1,"2019/09/06 00:55:00",RT_SA2,0
D,DISPATCH,UNIT_SCADA,1,"2019/09/06 00:55:00",RT_SA3,0
D,DISPATCH,UNIT_SCADA,1,"2019/09/06 00:55:00",RT_SA4,0
D,DISPATCH,UNIT_SCADA,1,"2019/09/06 00:55:00",RT_SA5,0
D,DISPATCH,UNIT_SCADA,1,"2019/09/06 00:55:00",RT_SA6,0
D,DISPATCH,UNIT_SCADA,1,"2019/09/06 00:55:00",RT_TAS1,0
D,DISPATCH,UNIT_SCADA,1,"2019/09/06 00:55:00",RT_VIC1,0
D,DISPATCH,UNIT_SCADA,1,"2019/09/06 00:55:00",RT_VIC10,0
D,DISPATCH,UNIT_SCADA,1,"2019/09/06 00:55:00",RT_VIC11,0
D,DISPATCH,UNIT_SCADA,1,"2019/09/06 00:55:00",RT_VIC12,0
D,DISPATCH,UNIT_SCADA,1,"2019/09/06 00:55:00",RT_VIC2,0
D,DISPATCH,UNIT_SCADA,1,"2019/09/06 00:55:00",RT_VIC3,0
D,DISPATCH,UNIT_SCADA,1,"2019/09/06 00:55:00",RT_VIC4,0
D,DISPATCH,UNIT_SCADA,1,"2019/09/06 00:55:00",RT_VIC5,0
D,DISPATCH,UNIT_SCADA,1,"2019/09/06 00:55:00",RT_VIC6,0
D,DISPATCH,UNIT_SCADA,1,"2019/09/06 00:55:00",RT_VIC7,0
D,DISPATCH,UNIT_SCADA,1,"2019/09/06 00:55:00",RT_VIC8,0
D,DISPATCH,UNIT_SCADA,1,"2019/09/06 00:55:00",RT_VIC9,0
D,DISPATCH,UNIT_SCADA,1,"2019/09/06 00:55:00",RUGBYR1,0
D,DISPATCH,UNIT_SCADA,1,"2019/09/06 00:55:00",SALTCRK1,-0.39
D,DISPATCH,UNIT_SCADA,1,"2019/09/06 00:55:00",SAPHWF1,41.709380
D,DISPATCH,UNIT_SCADA,1,"2019/09/06 00:55:00",SHGEN,0
D,DISPATCH,UNIT_SCADA,1,"2019/09/06 00:55:00",SHPUMP,0
D,DISPATCH,UNIT_SCADA,1,"2019/09/06 00:55:00",SITHE01,0.194050
D,DISPATCH,UNIT_SCADA,1,"2019/09/06 00:55:00",SMCSF1,0
D,DISPATCH,UNIT_SCADA,1,"2019/09/06 00:55:00",SNOWNTH1,128.20
D,DISPATCH,UNIT_SCADA,1,"2019/09/06 00:55:00",SNOWSTH1,119.70
D,DISPATCH,UNIT_SCADA,1,"2019/09/06 00:55:00",SNOWTWN1,94.867820
D,DISPATCH,UNIT_SCADA,1,"2019/09/06 00:55:00",SNOWYP,0
D,DISPATCH,UNIT_SCADA,1,"2019/09/06 00:55:00",SNUG1,0.019440
D,DISPATCH,UNIT_SCADA,1,"2019/09/06 00:55:00",SRSF1,0.22
D,DISPATCH,UNIT_SCADA,1,"2019/09/06 00:55:00",STAN-1,253.677080
D,DISPATCH,UNIT_SCADA,1,"2019/09/06 00:55:00",STAN-2,250.459810
D,DISPATCH,UNIT_SCADA,1,"2019/09/06 00:55:00",STAN-3,250.639270
D,DISPATCH,UNIT_SCADA,1,"2019/09/06 00:55:00",STAN-4,248.396150
D,DISPATCH,UNIT_SCADA,1,"2019/09/06 00:55:00",STWF1,0
D,DISPATCH,UNIT_SCADA,1,"2019/09/06 00:55:00",SWAN_E,0
D,DISPATCH,UNIT_SCADA,1,"2019/09/06 00:55:00",TALWA1,301
D,DISPATCH,UNIT_SCADA,1,"2019/09/06 00:55:00",TARALGA1,48.333740
D,DISPATCH,UNIT_SCADA,1,"2019/09/06 00:55:00",TARONG#1,290.800020
D,DISPATCH,UNIT_SCADA,1,"2019/09/06 00:55:00",TARONG#2,0
D,DISPATCH,UNIT_SCADA,1,"2019/09/06 00:55:00",TARONG#3,259.50
D,DISPATCH,UNIT_SCADA,1,"2019/09/06 00:55:00",TARONG#4,280.300020
D,DISPATCH,UNIT_SCADA,1,"2019/09/06 00:55:00",TARRALEA,73.90
D,DISPATCH,UNIT_SCADA,1,"2019/09/06 00:55:00",TBSF1,-0.20
D,DISPATCH,UNIT_SCADA,1,"2019/09/06 00:55:00",TNPS1,397.600010
D,DISPATCH,UNIT_SCADA,1,"2019/09/06 00:55:00",TORRA1,35.488940
D,DISPATCH,UNIT_SCADA,1,"2019/09/06 00:55:00",TORRA2,0
D,DISPATCH,UNIT_SCADA,1,"2019/09/06 00:55:00",TORRA3,0
D,DISPATCH,UNIT_SCADA,1,"2019/09/06 00:55:00",TORRA4,36.045520
D,DISPATCH,UNIT_SCADA,1,"2019/09/06 00:55:00",TORRB1,66.48
D,DISPATCH,UNIT_SCADA,1,"2019/09/06 00:55:00",TORRB2,67.06
D,DISPATCH,UNIT_SCADA,1,"2019/09/06 00:55:00",TORRB3,68.01
D,DISPATCH,UNIT_SCADA,1,"2019/09/06 00:55:00",TORRB4,0
D,DISPATCH,UNIT_SCADA,1,"2019/09/06 00:55:00",TREVALLN,31.840030
D,DISPATCH,UNIT_SCADA,1,"2019/09/06 00:55:00",TRIBUTE,0
D,DISPATCH,UNIT_SCADA,1,"2019/09/06 00:55:00",TUMUT3,0
D,DISPATCH,UNIT_SCADA,1,"2019/09/06 00:55:00",TUNGATIN,1.80
D,DISPATCH,UNIT_SCADA,1,"2019/09/06 00:55:00",TVCC201,0
D,DISPATCH,UNIT_SCADA,1,"2019/09/06 00:55:00",TVPP104,0
D,DISPATCH,UNIT_SCADA,1,"2019/09/06 00:55:00",UPPTUMUT,107.802730
D,DISPATCH,UNIT_SCADA,1,"2019/09/06 00:55:00",URANQ11,0
D,DISPATCH,UNIT_SCADA,1,"2019/09/06 00:55:00",URANQ12,0
D,DISPATCH,UNIT_SCADA,1,"2019/09/06 00:55:00",URANQ13,0
D,DISPATCH,UNIT_SCADA,1,"2019/09/06 00:55:00",URANQ14,0
D,DISPATCH,UNIT_SCADA,1,"2019/09/06 00:55:00",VP5,449.599980
D,DISPATCH,UNIT_SCADA,1,"2019/09/06 00:55:00",VP6,0
D,DISPATCH,UNIT_SCADA,1,"2019/09/06 00:55:00",VPGS1,0
D,DISPATCH,UNIT_SCADA,1,"2019/09/06 00:55:00",VPGS2,0
D,DISPATCH,UNIT_SCADA,1,"2019/09/06 00:55:00",VPGS3,0
D,DISPATCH,UNIT_SCADA,1,"2019/09/06 00:55:00",VPGS4,0
D,DISPATCH,UNIT_SCADA,1,"2019/09/06 00:55:00",VPGS5,0
D,DISPATCH,UNIT_SCADA,1,"2019/09/06 00:55:00",VPGS6,0
D,DISPATCH,UNIT_SCADA,1,"2019/09/06 00:55:00",W/HOE#1,0
D,DISPATCH,UNIT_SCADA,1,"2019/09/06 00:55:00",W/HOE#2,0
D,DISPATCH,UNIT_SCADA,1,"2019/09/06 00:55:00",WATERLWF,110.50
D,DISPATCH,UNIT_SCADA,1,"2019/09/06 00:55:00",WEMENSF1,0
D,DISPATCH,UNIT_SCADA,1,"2019/09/06 00:55:00",WGWF1,107.10
D,DISPATCH,UNIT_SCADA,1,"2019/09/06 00:55:00",WHITSF1,0
D,DISPATCH,UNIT_SCADA,1,"2019/09/06 00:55:00",WKIEWA1,15.90
D,DISPATCH,UNIT_SCADA,1,"2019/09/06 00:55:00",WKIEWA2,0.10
D,DISPATCH,UNIT_SCADA,1,"2019/09/06 00:55:00",WOODLWN1,16.325990
D,DISPATCH,UNIT_SCADA,1,"2019/09/06 00:55:00",WRSF1,0
D,DISPATCH,UNIT_SCADA,1,"2019/09/06 00:55:00",WRWF1,19.8725
D,DISPATCH,UNIT_SCADA,1,"2019/09/06 00:55:00",YABULU,0
D,DISPATCH,UNIT_SCADA,1,"2019/09/06 00:55:00",YABULU2,0
D,DISPATCH,UNIT_SCADA,1,"2019/09/06 00:55:00",YARWUN_1,166.92
D,DISPATCH,UNIT_SCADA,1,"2019/09/06 00:55:00",YENDWF1,24.73
D,DISPATCH,UNIT_SCADA,1,"2019/09/06 00:55:00",YWPS1,381.954440
D,DISPATCH,UNIT_SCADA,1,"2019/09/06 00:55:00",YWPS2,282.453160
D,DISPATCH,UNIT_SCADA,1,"2019/09/06 00:55:00",YWPS3,329.749360
D,DISPATCH,UNIT_SCADA,1,"2019/09/06 00:55:00",YWPS4,394.391140
C,"END OF REPORT",335
