C,NEMP.WORLD,DISPATCHSCADA,AEMO,PUBLIC,2019/08/22,01:25:09,0000000311848046,DISPATCHSCADA,0000000311848040
I,DISPATCH,UNIT_SCADA,1,SETTLEMENTDATE,DUID,SCADAVALUE
D,DISPATCH,UNIT_SCADA,1,"2019/08/22 01:30:00",BARCSF1,0.70
D,DISPATCH,UNIT_SCADA,1,"2019/08/22 01:30:00",BUTLERSG,9.599998
D,DISPATCH,UNIT_SCADA,1,"2019/08/22 01:30:00",CALL_A_4,0
D,DISPATCH,UNIT_SCADA,1,"2019/08/22 01:30:00",CAPTL_WF,127.272003
D,DISPATCH,UNIT_SCADA,1,"2019/08/22 01:30:00",CATHROCK,23.739998
D,DISPATCH,UNIT_SCADA,1,"2019/08/22 01:30:00",CHALLHWF,49.199997
D,DISPATCH,UNIT_SCADA,1,"2019/08/22 01:30:00",CLOVER,-0.01
D,DISPATCH,UNIT_SCADA,1,"2019/08/22 01:30:00",CLUNY,19.859465
D,DISPATCH,UNIT_SCADA,1,"2019/08/22 01:30:00",CNUNDAWF,41.047882
D,DISPATCH,UNIT_SCADA,1,"2019/08/22 01:30:00",CULLRGWF,28.379999
D,DISPATCH,UNIT_SCADA,1,"2019/08/22 01:30:00",ERGT01,0
D,DISPATCH,UNIT_SCADA,1,"2019/08/22 01:30:00",GB01,0.069931
D,DISPATCH,UNIT_SCADA,1,"2019/08/22 01:30:00",GERMCRK,38.599998
D,DISPATCH,UNIT_SCADA,1,"2019/08/22 01:30:00",GRIFSF1,0
D,DISPATCH,UNIT_SCADA,1,"2019/08/22 01:30:00",HUGSF1,-0.2430
D,DISPATCH,UNIT_SCADA,1,"2019/08/22 01:30:00",LKBONNY1,69.661301
D,DISPATCH,UNIT_SCADA,1,"2019/08/22 01:30:00",LRSF1,0.0390
D,DISPATCH,UNIT_SCADA,1,"2019/08/22 01:30:00",MBAHNTH,52.893753
D,DISPATCH,UNIT_SCADA,1,"2019/08/22 01:30:00",MLSP1,0.271001
D,DISPATCH,UNIT_SCADA,1,"2019/08/22 01:30:00",MLWF1,19.77
D,DISPATCH,UNIT_SCADA,1,"2019/08/22 01:30:00",MTMILLAR,16.542036
D,DISPATCH,UNIT_SCADA,1,"2019/08/22 01:30:00",PALOONA,24.959999
D,DISPATCH,UNIT_SCADA,1,"2019/08/22 01:30:00",PIONEER,37.900002
D,DISPATCH,UNIT_SCADA,1,"2019/08/22 01:30:00",PORTWF,136.800003
D,DISPATCH,UNIT_SCADA,1,"2019/08/22 01:30:00",REPULSE,28.867018
D,DISPATCH,UNIT_SCADA,1,"2019/08/22 01:30:00",ROWALLAN,10.2240
D,DISPATCH,UNIT_SCADA,1,"2019/08/22 01:30:00",ROYALLA1,0
D,DISPATCH,UNIT_SCADA,1,"2019/08/22 01:30:00",RPCG,12.10
D,DISPATCH,UNIT_SCADA,1,"2019/08/22 01:30:00",RUBICON,0
D,DISPATCH,UNIT_SCADA,1,"2019/08/22 01:30:00",SATGN1,0
D,DISPATCH,UNIT_SCADA,1,"2019/08/22 01:30:00",SATGS1,0
D,DISPATCH,UNIT_SCADA,1,"2019/08/22 01:30:00",STARHLWF,18.194695
D,DISPATCH,UNIT_SCADA,1,"2019/08/22 01:30:00",WAUBRAWF,166.087997
D,DISPATCH,UNIT_SCADA,1,"2019/08/22 01:30:00",WOOLNTH1,82.670021
D,DISPATCH,UNIT_SCADA,1,"2019/08/22 01:30:00",WPWF,8
D,DISPATCH,UNIT_SCADA,1,"2019/08/22 01:30:00",YAMBUKWF,28
D,DISPATCH,UNIT_SCADA,1,"2019/08/22 01:30:00",YSWF1,26.40
D,DISPATCH,UNIT_SCADA,1,"2019/08/22 01:30:00",AGLHAL,0
D,DISPATCH,UNIT_SCADA,1,"2019/08/22 01:30:00",AGLSOM,0
D,DISPATCH,UNIT_SCADA,1,"2019/08/22 01:30:00",ANGAST1,0
D,DISPATCH,UNIT_SCADA,1,"2019/08/22 01:30:00",ARWF1,223.700010
D,DISPATCH,UNIT_SCADA,1,"2019/08/22 01:30:00",BALBG1,0
D,DISPATCH,UNIT_SCADA,1,"2019/08/22 01:30:00",BALBL1,0
D,DISPATCH,UNIT_SCADA,1,"2019/08/22 01:30:00",BALDHWF1,101.0730
D,DISPATCH,UNIT_SCADA,1,"2019/08/22 01:30:00",BANN1,0
D,DISPATCH,UNIT_SCADA,1,"2019/08/22 01:30:00",BARCALDN,0
D,DISPATCH,UNIT_SCADA,1,"2019/08/22 01:30:00",BARRON-1,0
D,DISPATCH,UNIT_SCADA,1,"2019/08/22 01:30:00",BARRON-2,25.96
D,DISPATCH,UNIT_SCADA,1,"2019/08/22 01:30:00",BASTYAN,78.490010
D,DISPATCH,UNIT_SCADA,1,"2019/08/22 01:30:00",BBTHREE1,-2.03
D,DISPATCH,UNIT_SCADA,1,"2019/08/22 01:30:00",BBTHREE2,-2.02
D,DISPATCH,UNIT_SCADA,1,"2019/08/22 01:30:00",BBTHREE3,-1.12
D,DISPATCH,UNIT_SCADA,1,"2019/08/22 01:30:00",BDL01,0
D,DISPATCH,UNIT_SCADA,1,"2019/08/22 01:30:00",BDL02,0
D,DISPATCH,UNIT_SCADA,1,"2019/08/22 01:30:00",BERYLSF1,0
D,DISPATCH,UNIT_SCADA,1,"2019/08/22 01:30:00",BLOWERNG,0
D,DISPATCH,UNIT_SCADA,1,"2019/08/22 01:30:00",BLUFF1,30.30
D,DISPATCH,UNIT_SCADA,1,"2019/08/22 01:30:00",BNGSF1,0
D,DISPATCH,UNIT_SCADA,1,"2019/08/22 01:30:00",BNGSF2,0
D,DISPATCH,UNIT_SCADA,1,"2019/08/22 01:30:00",BOCORWF1,74.95
D,DISPATCH,UNIT_SCADA,1,"2019/08/22 01:30:00",BODWF1,99.320450
D,DISPATCH,UNIT_SCADA,1,"2019/08/22 01:30:00",BRAEMAR1,0
D,DISPATCH,UNIT_SCADA,1,"2019/08/22 01:30:00",BRAEMAR2,0
D,DISPATCH,UNIT_SCADA,1,"2019/08/22 01:30:00",BRAEMAR3,0
D,DISPATCH,UNIT_SCADA,1,"2019/08/22 01:30:00",BRAEMAR5,0
D,DISPATCH,UNIT_SCADA,1,"2019/08/22 01:30:00",BRAEMAR6,0
D,DISPATCH,UNIT_SCADA,1,"2019/08/22 01:30:00",BRAEMAR7,0
D,DISPATCH,UNIT_SCADA,1,"2019/08/22 01:30:00",BROKENH1,0
D,DISPATCH,UNIT_SCADA,1,"2019/08/22 01:30:00",BW01,347.824950
D,DISPATCH,UNIT_SCADA,1,"2019/08/22 01:30:00",BW02,548.299930
D,DISPATCH,UNIT_SCADA,1,"2019/08/22 01:30:00",BW03,466.25
D,DISPATCH,UNIT_SCADA,1,"2019/08/22 01:30:00",BW04,0
D,DISPATCH,UNIT_SCADA,1,"2019/08/22 01:30:00",CALL_B_1,349.300020
D,DISPATCH,UNIT_SCADA,1,"2019/08/22 01:30:00",CALL_B_2,299.300020
D,DISPATCH,UNIT_SCADA,1,"2019/08/22 01:30:00",CETHANA,98.543750
D,DISPATCH,UNIT_SCADA,1,"2019/08/22 01:30:00",CG1,0
D,DISPATCH,UNIT_SCADA,1,"2019/08/22 01:30:00",CG2,0
D,DISPATCH,UNIT_SCADA,1,"2019/08/22 01:30:00",CG3,0
D,DISPATCH,UNIT_SCADA,1,"2019/08/22 01:30:00",CG4,0
D,DISPATCH,UNIT_SCADA,1,"2019/08/22 01:30:00",CHILDSF1,0.01
D,DISPATCH,UNIT_SCADA,1,"2019/08/22 01:30:00",CLARESF1,0
D,DISPATCH,UNIT_SCADA,1,"2019/08/22 01:30:00",CLEMGPWF,18.945210
D,DISPATCH,UNIT_SCADA,1,"2019/08/22 01:30:00",CLERMSF1,0
D,DISPATCH,UNIT_SCADA,1,"2019/08/22 01:30:00",COLEASF1,0
D,DISPATCH,UNIT_SCADA,1,"2019/08/22 01:30:00",COOPGWF1,31.854520
D,DISPATCH,UNIT_SCADA,1,"2019/08/22 01:30:00",CPP_3,380.600010
D,DISPATCH,UNIT_SCADA,1,"2019/08/22 01:30:00",CPP_4,381.149990
D,DISPATCH,UNIT_SCADA,1,"2019/08/22 01:30:00",CPSA,142.100620
D,DISPATCH,UNIT_SCADA,1,"2019/08/22 01:30:00",CROOKWF2,70.683750
D,DISPATCH,UNIT_SCADA,1,"2019/08/22 01:30:00",CROWLWF1,49.590270
D,DISPATCH,UNIT_SCADA,1,"2019/08/22 01:30:00",CSPVPS1,0.0430
D,DISPATCH,UNIT_SCADA,1,"2019/08/22 01:30:00",DALNTH01,0
D,DISPATCH,UNIT_SCADA,1,"2019/08/22 01:30:00",DALNTHL1,0.132750
D,DISPATCH,UNIT_SCADA,1,"2019/08/22 01:30:00",DARTM1,0
D,DISPATCH,UNIT_SCADA,1,"2019/08/22 01:30:00",DAYDSF1,0
D,DISPATCH,UNIT_SCADA,1,"2019/08/22 01:30:00",DDPS1,0
D,DISPATCH,UNIT_SCADA,1,"2019/08/22 01:30:00",DDSF1,0
D,DISPATCH,UNIT_SCADA,1,"2019/08/22 01:30:00",DEVILS_G,0
D,DISPATCH,UNIT_SCADA,1,"2019/08/22 01:30:00",DG_NSW1,0
D,DISPATCH,UNIT_SCADA,1,"2019/08/22 01:30:00",DG_QLD1,0
D,DISPATCH,UNIT_SCADA,1,"2019/08/22 01:30:00",DG_SA1,0
D,DISPATCH,UNIT_SCADA,1,"2019/08/22 01:30:00",DG_TAS1,0
D,DISPATCH,UNIT_SCADA,1,"2019/08/22 01:30:00",DG_VIC1,0
D,DISPATCH,UNIT_SCADA,1,"2019/08/22 01:30:00",DRYCGT1,0
D,DISPATCH,UNIT_SCADA,1,"2019/08/22 01:30:00",DRYCGT2,0
D,DISPATCH,UNIT_SCADA,1,"2019/08/22 01:30:00",DRYCGT3,0
D,DISPATCH,UNIT_SCADA,1,"2019/08/22 01:30:00",EILDON1,0
D,DISPATCH,UNIT_SCADA,1,"2019/08/22 01:30:00",EILDON2,0
D,DISPATCH,UNIT_SCADA,1,"2019/08/22 01:30:00",EMERASF1,0
D,DISPATCH,UNIT_SCADA,1,"2019/08/22 01:30:00",ER01,349.425050
D,DISPATCH,UNIT_SCADA,1,"2019/08/22 01:30:00",ER02,415.150020
D,DISPATCH,UNIT_SCADA,1,"2019/08/22 01:30:00",ER03,379.424930
D,DISPATCH,UNIT_SCADA,1,"2019/08/22 01:30:00",ER04,351.650020
D,DISPATCH,UNIT_SCADA,1,"2019/08/22 01:30:00",FINLYSF1,0
D,DISPATCH,UNIT_SCADA,1,"2019/08/22 01:30:00",FISHER,45.86
D,DISPATCH,UNIT_SCADA,1,"2019/08/22 01:30:00",GANNBG1,0
D,DISPATCH,UNIT_SCADA,1,"2019/08/22 01:30:00",GANNBL1,5.678270
D,DISPATCH,UNIT_SCADA,1,"2019/08/22 01:30:00",GANNSF1,0
D,DISPATCH,UNIT_SCADA,1,"2019/08/22 01:30:00",GORDON,11.1412
D,DISPATCH,UNIT_SCADA,1,"2019/08/22 01:30:00",GSTONE1,131.25
D,DISPATCH,UNIT_SCADA,1,"2019/08/22 01:30:00",GSTONE2,130.20
D,DISPATCH,UNIT_SCADA,1,"2019/08/22 01:30:00",GSTONE3,131.95
D,DISPATCH,UNIT_SCADA,1,"2019/08/22 01:30:00",GSTONE4,132.30
D,DISPATCH,UNIT_SCADA,1,"2019/08/22 01:30:00",GSTONE5,131.95
D,DISPATCH,UNIT_SCADA,1,"2019/08/22 01:30:00",GSTONE6,0
D,DISPATCH,UNIT_SCADA,1,"2019/08/22 01:30:00",GULLRSF1,0
D,DISPATCH,UNIT_SCADA,1,"2019/08/22 01:30:00",GULLRWF1,157.967620
D,DISPATCH,UNIT_SCADA,1,"2019/08/22 01:30:00",GUNNING1,46.6349
D,DISPATCH,UNIT_SCADA,1,"2019/08/22 01:30:00",GUTHEGA,0
D,DISPATCH,UNIT_SCADA,1,"2019/08/22 01:30:00",HALLWF1,67.47
D,DISPATCH,UNIT_SCADA,1,"2019/08/22 01:30:00",HALLWF2,47.63
D,DISPATCH,UNIT_SCADA,1,"2019/08/22 01:30:00",HAMISF1,0
D,DISPATCH,UNIT_SCADA,1,"2019/08/22 01:30:00",HAUGHT11,0
D,DISPATCH,UNIT_SCADA,1,"2019/08/22 01:30:00",HAYMSF1,0
D,DISPATCH,UNIT_SCADA,1,"2019/08/22 01:30:00",HDWF1,55.80
D,DISPATCH,UNIT_SCADA,1,"2019/08/22 01:30:00",HDWF2,41.50
D,DISPATCH,UNIT_SCADA,1,"2019/08/22 01:30:00",HDWF3,46.40
D,DISPATCH,UNIT_SCADA,1,"2019/08/22 01:30:00",HPRG1,0
D,DISPATCH,UNIT_SCADA,1,"2019/08/22 01:30:00",HPRL1,3.70
D,DISPATCH,UNIT_SCADA,1,"2019/08/22 01:30:00",HUMENSW,0
D,DISPATCH,UNIT_SCADA,1,"2019/08/22 01:30:00",HUMEV,10.20
D,DISPATCH,UNIT_SCADA,1,"2019/08/22 01:30:00",HVGTS,0
D,DISPATCH,UNIT_SCADA,1,"2019/08/22 01:30:00",JBUTTERS,121.36
D,DISPATCH,UNIT_SCADA,1,"2019/08/22 01:30:00",JLA01,0.50
D,DISPATCH,UNIT_SCADA,1,"2019/08/22 01:30:00",JLA02,0
D,DISPATCH,UNIT_SCADA,1,"2019/08/22 01:30:00",JLA03,0.10
D,DISPATCH,UNIT_SCADA,1,"2019/08/22 01:30:00",JLA04,0.10
D,DISPATCH,UNIT_SCADA,1,"2019/08/22 01:30:00",JLB01,0
D,DISPATCH,UNIT_SCADA,1,"2019/08/22 01:30:00",JLB02,0.10
D,DISPATCH,UNIT_SCADA,1,"2019/08/22 01:30:00",JLB03,0
D,DISPATCH,UNIT_SCADA,1,"2019/08/22 01:30:00",KAREEYA1,21.5750
D,DISPATCH,UNIT_SCADA,1,"2019/08/22 01:30:00",KAREEYA2,21.55
D,DISPATCH,UNIT_SCADA,1,"2019/08/22 01:30:00",KAREEYA3,0
D,DISPATCH,UNIT_SCADA,1,"2019/08/22 01:30:00",KAREEYA4,21.7725
D,DISPATCH,UNIT_SCADA,1,"2019/08/22 01:30:00",KARSF1,0
D,DISPATCH,UNIT_SCADA,1,"2019/08/22 01:30:00",KIATAWF1,30.80
D,DISPATCH,UNIT_SCADA,1,"2019/08/22 01:30:00",KPP_1,0
D,DISPATCH,UNIT_SCADA,1,"2019/08/22 01:30:00",KSP1,0
D,DISPATCH,UNIT_SCADA,1,"2019/08/22 01:30:00",LADBROK1,0
D,DISPATCH,UNIT_SCADA,1,"2019/08/22 01:30:00",LADBROK2,0
D,DISPATCH,UNIT_SCADA,1,"2019/08/22 01:30:00",LD01,385.125030
D,DISPATCH,UNIT_SCADA,1,"2019/08/22 01:30:00",LD02,382.968750
D,DISPATCH,UNIT_SCADA,1,"2019/08/22 01:30:00",LD03,385.6875
D,DISPATCH,UNIT_SCADA,1,"2019/08/22 01:30:00",LD04,385.4437
D,DISPATCH,UNIT_SCADA,1,"2019/08/22 01:30:00",LEM_WIL,86.1183
D,DISPATCH,UNIT_SCADA,1,"2019/08/22 01:30:00",LGAPWF1,22.10
D,DISPATCH,UNIT_SCADA,1,"2019/08/22 01:30:00",LILYSF1,0
D,DISPATCH,UNIT_SCADA,1,"2019/08/22 01:30:00",LI_WY_CA,148.653810
D,DISPATCH,UNIT_SCADA,1,"2019/08/22 01:30:00",LKBONNY2,150.6420
D,DISPATCH,UNIT_SCADA,1,"2019/08/22 01:30:00",LKBONNY3,33.381570
D,DISPATCH,UNIT_SCADA,1,"2019/08/22 01:30:00",LK_ECHO,0
D,DISPATCH,UNIT_SCADA,1,"2019/08/22 01:30:00",LNGS1,0
D,DISPATCH,UNIT_SCADA,1,"2019/08/22 01:30:00",LNGS2,0
D,DISPATCH,UNIT_SCADA,1,"2019/08/22 01:30:00",LONSDALE,0
D,DISPATCH,UNIT_SCADA,1,"2019/08/22 01:30:00",LOYYB1,535.712650
D,DISPATCH,UNIT_SCADA,1,"2019/08/22 01:30:00",LOYYB2,580.450620
D,DISPATCH,UNIT_SCADA,1,"2019/08/22 01:30:00",LYA1,558
D,DISPATCH,UNIT_SCADA,1,"2019/08/22 01:30:00",LYA2,0
D,DISPATCH,UNIT_SCADA,1,"2019/08/22 01:30:00",LYA3,558
D,DISPATCH,UNIT_SCADA,1,"2019/08/22 01:30:00",LYA4,530
D,DISPATCH,UNIT_SCADA,1,"2019/08/22 01:30:00",MACARTH1,366.291530
D,DISPATCH,UNIT_SCADA,1,"2019/08/22 01:30:00",MACKAYGT,0
D,DISPATCH,UNIT_SCADA,1,"2019/08/22 01:30:00",MACKNTSH,85.390010
D,DISPATCH,UNIT_SCADA,1,"2019/08/22 01:30:00",MANSLR1,0
D,DISPATCH,UNIT_SCADA,1,"2019/08/22 01:30:00",MCKAY1,0.02
D,DISPATCH,UNIT_SCADA,1,"2019/08/22 01:30:00",MEADOWBK,34.095940
D,DISPATCH,UNIT_SCADA,1,"2019/08/22 01:30:00",MERCER01,124.1790
D,DISPATCH,UNIT_SCADA,1,"2019/08/22 01:30:00",MEWF1,72.052730
D,DISPATCH,UNIT_SCADA,1,"2019/08/22 01:30:00",MINTARO,0
D,DISPATCH,UNIT_SCADA,1,"2019/08/22 01:30:00",MOREESF1,0
D,DISPATCH,UNIT_SCADA,1,"2019/08/22 01:30:00",MORTLK11,0
D,DISPATCH,UNIT_SCADA,1,"2019/08/22 01:30:00",MORTLK12,0
D,DISPATCH,UNIT_SCADA,1,"2019/08/22 01:30:00",MP1,283.6001
D,DISPATCH,UNIT_SCADA,1,"2019/08/22 01:30:00",MP2,0
D,DISPATCH,UNIT_SCADA,1,"2019/08/22 01:30:00",MPP_1,410.50
D,DISPATCH,UNIT_SCADA,1,"2019/08/22 01:30:00",MPP_2,409.75
D,DISPATCH,UNIT_SCADA,1,"2019/08/22 01:30:00",MSTUART1,0
D,DISPATCH,UNIT_SCADA,1,"2019/08/22 01:30:00",MSTUART2,0
D,DISPATCH,UNIT_SCADA,1,"2019/08/22 01:30:00",MSTUART3,0
D,DISPATCH,UNIT_SCADA,1,"2019/08/22 01:30:00",MTGELWF1,64.752650
D,DISPATCH,UNIT_SCADA,1,"2019/08/22 01:30:00",MURRAY,0
D,DISPATCH,UNIT_SCADA,1,"2019/08/22 01:30:00",MUSSELR1,155.899990
D,DISPATCH,UNIT_SCADA,1,"2019/08/22 01:30:00",MUWAWF1,74
D,DISPATCH,UNIT_SCADA,1,"2019/08/22 01:30:00",NBHWF1,67.30
D,DISPATCH,UNIT_SCADA,1,"2019/08/22 01:30:00",NPS,0
D,DISPATCH,UNIT_SCADA,1,"2019/08/22 01:30:00",NUMURSF1,0
D,DISPATCH,UNIT_SCADA,1,"2019/08/22 01:30:00",NYNGAN1,0
D,DISPATCH,UNIT_SCADA,1,"2019/08/22 01:30:00",OAKEY1,0
D,DISPATCH,UNIT_SCADA,1,"2019/08/22 01:30:00",OAKEY1SF,0
D,DISPATCH,UNIT_SCADA,1,"2019/08/22 01:30:00",OAKEY2,0
D,DISPATCH,UNIT_SCADA,1,"2019/08/22 01:30:00",OAKLAND1,61.60
D,DISPATCH,UNIT_SCADA,1,"2019/08/22 01:30:00",OSB-AG,0
D,DISPATCH,UNIT_SCADA,1,"2019/08/22 01:30:00",PARSF1,0
D,DISPATCH,UNIT_SCADA,1,"2019/08/22 01:30:00",POAT110,0
D,DISPATCH,UNIT_SCADA,1,"2019/08/22 01:30:00",POAT220,1.24
D,DISPATCH,UNIT_SCADA,1,"2019/08/22 01:30:00",POR01,0
D,DISPATCH,UNIT_SCADA,1,"2019/08/22 01:30:00",POR03,0
D,DISPATCH,UNIT_SCADA,1,"2019/08/22 01:30:00",PPCCGT,173.5522
D,DISPATCH,UNIT_SCADA,1,"2019/08/22 01:30:00",PTSTAN1,0
D,DISPATCH,UNIT_SCADA,1,"2019/08/22 01:30:00",PUMP1,0
D,DISPATCH,UNIT_SCADA,1,"2019/08/22 01:30:00",PUMP2,0
D,DISPATCH,UNIT_SCADA,1,"2019/08/22 01:30:00",QPS1,0
D,DISPATCH,UNIT_SCADA,1,"2019/08/22 01:30:00",QPS2,0
D,DISPATCH,UNIT_SCADA,1,"2019/08/22 01:30:00",QPS3,0
D,DISPATCH,UNIT_SCADA,1,"2019/08/22 01:30:00",QPS4,0
D,DISPATCH,UNIT_SCADA,1,"2019/08/22 01:30:00",QPS5,0
D,DISPATCH,UNIT_SCADA,1,"2019/08/22 01:30:00",REECE1,118.38
D,DISPATCH,UNIT_SCADA,1,"2019/08/22 01:30:00",REECE2,118.300010
D,DISPATCH,UNIT_SCADA,1,"2019/08/22 01:30:00",ROMA_7,0
D,DISPATCH,UNIT_SCADA,1,"2019/08/22 01:30:00",ROMA_8,0
D,DISPATCH,UNIT_SCADA,1,"2019/08/22 01:30:00",RRSF1,0
D,DISPATCH,UNIT_SCADA,1,"2019/08/22 01:30:00",RT_NSW1,0
D,DISPATCH,UNIT_SCADA,1,"2019/08/22 01:30:00",RT_NSW2,0
D,DISPATCH,UNIT_SCADA,1,"2019/08/22 01:30:00",RT_NSW3,0
D,DISPATCH,UNIT_SCADA,1,"2019/08/22 01:30:00",RT_NSW4,0
D,DISPATCH,UNIT_SCADA,1,"2019/08/22 01:30:00",RT_NSW5,0
D,DISPATCH,UNIT_SCADA,1,"2019/08/22 01:30:00",RT_NSW6,0
D,DISPATCH,UNIT_SCADA,1,"2019/08/22 01:30:00",RT_QLD1,0
D,DISPATCH,UNIT_SCADA,1,"2019/08/22 01:30:00",RT_SA1,0
D,DISPATCH,UNIT_SCADA,1,"2019/08/22 01:30:00",RT_SA2,0
D,DISPATCH,UNIT_SCADA,1,"2019/08/22 01:30:00",RT_SA3,0
D,DISPATCH,UNIT_SCADA,1,"2019/08/22 01:30:00",RT_SA4,0
D,DISPATCH,UNIT_SCADA,1,"2019/08/22 01:30:00",RT_SA5,0
D,DISPATCH,UNIT_SCADA,1,"2019/08/22 01:30:00",RT_SA6,0
D,DISPATCH,UNIT_SCADA,1,"2019/08/22 01:30:00",RT_TAS1,0
D,DISPATCH,UNIT_SCADA,1,"2019/08/22 01:30:00",RT_VIC1,0
D,DISPATCH,UNIT_SCADA,1,"2019/08/22 01:30:00",RT_VIC10,0
D,DISPATCH,UNIT_SCADA,1,"2019/08/22 01:30:00",RT_VIC11,0
D,DISPATCH,UNIT_SCADA,1,"2019/08/22 01:30:00",RT_VIC12,0
D,DISPATCH,UNIT_SCADA,1,"2019/08/22 01:30:00",RT_VIC2,0
D,DISPATCH,UNIT_SCADA,1,"2019/08/22 01:30:00",RT_VIC3,0
D,DISPATCH,UNIT_SCADA,1,"2019/08/22 01:30:00",RT_VIC4,0
D,DISPATCH,UNIT_SCADA,1,"2019/08/22 01:30:00",RT_VIC5,0
D,DISPATCH,UNIT_SCADA,1,"2019/08/22 01:30:00",RT_VIC6,0
D,DISPATCH,UNIT_SCADA,1,"2019/08/22 01:30:00",RT_VIC7,0
D,DISPATCH,UNIT_SCADA,1,"2019/08/22 01:30:00",RT_VIC8,0
D,DISPATCH,UNIT_SCADA,1,"2019/08/22 01:30:00",RT_VIC9,0
D,DISPATCH,UNIT_SCADA,1,"2019/08/22 01:30:00",RUGBYR1,0
D,DISPATCH,UNIT_SCADA,1,"2019/08/22 01:30:00",SALTCRK1,52.52
D,DISPATCH,UNIT_SCADA,1,"2019/08/22 01:30:00",SAPHWF1,214.190610
D,DISPATCH,UNIT_SCADA,1,"2019/08/22 01:30:00",SHGEN,0
D,DISPATCH,UNIT_SCADA,1,"2019/08/22 01:30:00",SHPUMP,122.379680
D,DISPATCH,UNIT_SCADA,1,"2019/08/22 01:30:00",SITHE01,0.043330
D,DISPATCH,UNIT_SCADA,1,"2019/08/22 01:30:00",SMCSF1,0
D,DISPATCH,UNIT_SCADA,1,"2019/08/22 01:30:00",SNOWNTH1,80.30
D,DISPATCH,UNIT_SCADA,1,"2019/08/22 01:30:00",SNOWSTH1,64.30
D,DISPATCH,UNIT_SCADA,1,"2019/08/22 01:30:00",SNOWTWN1,55.024930
D,DISPATCH,UNIT_SCADA,1,"2019/08/22 01:30:00",SNOWYP,191.400010
D,DISPATCH,UNIT_SCADA,1,"2019/08/22 01:30:00",SNUG1,0.019440
D,DISPATCH,UNIT_SCADA,1,"2019/08/22 01:30:00",SRSF1,0.44
D,DISPATCH,UNIT_SCADA,1,"2019/08/22 01:30:00",STAN-1,0
D,DISPATCH,UNIT_SCADA,1,"2019/08/22 01:30:00",STAN-2,181.3206
D,DISPATCH,UNIT_SCADA,1,"2019/08/22 01:30:00",STAN-3,220.504610
D,DISPATCH,UNIT_SCADA,1,"2019/08/22 01:30:00",STAN-4,188.652370
D,DISPATCH,UNIT_SCADA,1,"2019/08/22 01:30:00",STWF1,165.7350
D,DISPATCH,UNIT_SCADA,1,"2019/08/22 01:30:00",SWAN_E,0
D,DISPATCH,UNIT_SCADA,1,"2019/08/22 01:30:00",TALWA1,190
D,DISPATCH,UNIT_SCADA,1,"2019/08/22 01:30:00",TARALGA1,69.236240
D,DISPATCH,UNIT_SCADA,1,"2019/08/22 01:30:00",TARONG#1,281.200010
D,DISPATCH,UNIT_SCADA,1,"2019/08/22 01:30:00",TARONG#2,223.80
D,DISPATCH,UNIT_SCADA,1,"2019/08/22 01:30:00",TARONG#3,261
D,DISPATCH,UNIT_SCADA,1,"2019/08/22 01:30:00",TARONG#4,279.399990
D,DISPATCH,UNIT_SCADA,1,"2019/08/22 01:30:00",TARRALEA,83.90
D,DISPATCH,UNIT_SCADA,1,"2019/08/22 01:30:00",TBSF1,-0.20
D,DISPATCH,UNIT_SCADA,1,"2019/08/22 01:30:00",TNPS1,399.400020
D,DISPATCH,UNIT_SCADA,1,"2019/08/22 01:30:00",TORRA1,36.516250
D,DISPATCH,UNIT_SCADA,1,"2019/08/22 01:30:00",TORRA2,0
D,DISPATCH,UNIT_SCADA,1,"2019/08/22 01:30:00",TORRA3,0
D,DISPATCH,UNIT_SCADA,1,"2019/08/22 01:30:00",TORRA4,0
D,DISPATCH,UNIT_SCADA,1,"2019/08/22 01:30:00",TORRB1,40.27
D,DISPATCH,UNIT_SCADA,1,"2019/08/22 01:30:00",TORRB2,40.09
D,DISPATCH,UNIT_SCADA,1,"2019/08/22 01:30:00",TORRB3,0
D,DISPATCH,UNIT_SCADA,1,"2019/08/22 01:30:00",TORRB4,0
D,DISPATCH,UNIT_SCADA,1,"2019/08/22 01:30:00",TREVALLN,0.70
D,DISPATCH,UNIT_SCADA,1,"2019/08/22 01:30:00",TRIBUTE,84.70
D,DISPATCH,UNIT_SCADA,1,"2019/08/22 01:30:00",TUMUT3,0
D,DISPATCH,UNIT_SCADA,1,"2019/08/22 01:30:00",TUNGATIN,3.50
D,DISPATCH,UNIT_SCADA,1,"2019/08/22 01:30:00",TVCC201,0
D,DISPATCH,UNIT_SCADA,1,"2019/08/22 01:30:00",TVPP104,0
D,DISPATCH,UNIT_SCADA,1,"2019/08/22 01:30:00",UPPTUMUT,0
D,DISPATCH,UNIT_SCADA,1,"2019/08/22 01:30:00",URANQ11,0
D,DISPATCH,UNIT_SCADA,1,"2019/08/22 01:30:00",URANQ12,0
D,DISPATCH,UNIT_SCADA,1,"2019/08/22 01:30:00",URANQ13,0
D,DISPATCH,UNIT_SCADA,1,"2019/08/22 01:30:00",URANQ14,0
D,DISPATCH,UNIT_SCADA,1,"2019/08/22 01:30:00",VP5,354.274990
D,DISPATCH,UNIT_SCADA,1,"2019/08/22 01:30:00",VP6,353.075010
D,DISPATCH,UNIT_SCADA,1,"2019/08/22 01:30:00",VPGS1,0
D,DISPATCH,UNIT_SCADA,1,"2019/08/22 01:30:00",VPGS2,0
D,DISPATCH,UNIT_SCADA,1,"2019/08/22 01:30:00",VPGS3,0
D,DISPATCH,UNIT_SCADA,1,"2019/08/22 01:30:00",VPGS4,0
D,DISPATCH,UNIT_SCADA,1,"2019/08/22 01:30:00",VPGS5,0
D,DISPATCH,UNIT_SCADA,1,"2019/08/22 01:30:00",VPGS6,0
D,DISPATCH,UNIT_SCADA,1,"2019/08/22 01:30:00",W/HOE#1,0
D,DISPATCH,UNIT_SCADA,1,"2019/08/22 01:30:00",W/HOE#2,0
D,DISPATCH,UNIT_SCADA,1,"2019/08/22 01:30:00",WATERLWF,111.40
D,DISPATCH,UNIT_SCADA,1,"2019/08/22 01:30:00",WEMENSF1,0
D,DISPATCH,UNIT_SCADA,1,"2019/08/22 01:30:00",WGWF1,76.10
D,DISPATCH,UNIT_SCADA,1,"2019/08/22 01:30:00",WHITSF1,0
D,DISPATCH,UNIT_SCADA,1,"2019/08/22 01:30:00",WKIEWA1,29.90
D,DISPATCH,UNIT_SCADA,1,"2019/08/22 01:30:00",WKIEWA2,29.90
D,DISPATCH,UNIT_SCADA,1,"2019/08/22 01:30:00",WOODLWN1,44.5410
D,DISPATCH,UNIT_SCADA,1,"2019/08/22 01:30:00",WRSF1,0
D,DISPATCH,UNIT_SCADA,1,"2019/08/22 01:30:00",WRWF1,154.797490
D,DISPATCH,UNIT_SCADA,1,"2019/08/22 01:30:00",YABULU,0
D,DISPATCH,UNIT_SCADA,1,"2019/08/22 01:30:00",YABULU2,0
D,DISPATCH,UNIT_SCADA,1,"2019/08/22 01:30:00",YARWUN_1,116.37
D,DISPATCH,UNIT_SCADA,1,"2019/08/22 01:30:00",YENDWF1,42.06
D,DISPATCH,UNIT_SCADA,1,"2019/08/22 01:30:00",YWPS1,320.298740
D,DISPATCH,UNIT_SCADA,1,"2019/08/22 01:30:00",YWPS2,283.205080
D,DISPATCH,UNIT_SCADA,1,"2019/08/22 01:30:00",YWPS3,0
D,DISPATCH,UNIT_SCADA,1,"2019/08/22 01:30:00",YWPS4,396.931640
C,"END OF REPORT",334
