C,NEMP.WORLD,DISPATCHSCADA,AEMO,PUBLIC,2019/09/06,02:15:09,0000000312444347,DISPATCHSCADA,0000000312444341
I,DISPATCH,UNIT_SCADA,1,SETTLEMENTDATE,DUID,SCADAVALUE
D,DISPATCH,UNIT_SCADA,1,"2019/09/06 02:20:00",BARCSF1,0.30
D,DISPATCH,UNIT_SCADA,1,"2019/09/06 02:20:00",BUTLERSG,10.199999
D,DISPATCH,UNIT_SCADA,1,"2019/09/06 02:20:00",CALL_A_4,0
D,DISPATCH,UNIT_SCADA,1,"2019/09/06 02:20:00",CAPTL_WF,30.080002
D,DISPATCH,UNIT_SCADA,1,"2019/09/06 02:20:00",CATHROCK,0
D,DISPATCH,UNIT_SCADA,1,"2019/09/06 02:20:00",CHALLHWF,21.099998
D,DISPATCH,UNIT_SCADA,1,"2019/09/06 02:20:00",CLOVER,-0.02
D,DISPATCH,UNIT_SCADA,1,"2019/09/06 02:20:00",CLUNY,14.363470
D,DISPATCH,UNIT_SCADA,1,"2019/09/06 02:20:00",CNUNDAWF,9.110628
D,DISPATCH,UNIT_SCADA,1,"2019/09/06 02:20:00",CULLRGWF,6.95
D,DISPATCH,UNIT_SCADA,1,"2019/09/06 02:20:00",ERGT01,0
D,DISPATCH,UNIT_SCADA,1,"2019/09/06 02:20:00",GB01,0.007275
D,DISPATCH,UNIT_SCADA,1,"2019/09/06 02:20:00",GERMCRK,36.50
D,DISPATCH,UNIT_SCADA,1,"2019/09/06 02:20:00",GRIFSF1,0
D,DISPATCH,UNIT_SCADA,1,"2019/09/06 02:20:00",HUGSF1,-0.2330
D,DISPATCH,UNIT_SCADA,1,"2019/09/06 02:20:00",LKBONNY1,15.629139
D,DISPATCH,UNIT_SCADA,1,"2019/09/06 02:20:00",LRSF1,-0.0010
D,DISPATCH,UNIT_SCADA,1,"2019/09/06 02:20:00",MBAHNTH,50.024994
D,DISPATCH,UNIT_SCADA,1,"2019/09/06 02:20:00",MLSP1,0
D,DISPATCH,UNIT_SCADA,1,"2019/09/06 02:20:00",MLWF1,13.139999
D,DISPATCH,UNIT_SCADA,1,"2019/09/06 02:20:00",MTMILLAR,56.345612
D,DISPATCH,UNIT_SCADA,1,"2019/09/06 02:20:00",PALOONA,25.93
D,DISPATCH,UNIT_SCADA,1,"2019/09/06 02:20:00",PIONEER,43
D,DISPATCH,UNIT_SCADA,1,"2019/09/06 02:20:00",PORTWF,64.199997
D,DISPATCH,UNIT_SCADA,1,"2019/09/06 02:20:00",REPULSE,32.905167
D,DISPATCH,UNIT_SCADA,1,"2019/09/06 02:20:00",ROWALLAN,10.3305
D,DISPATCH,UNIT_SCADA,1,"2019/09/06 02:20:00",ROYALLA1,0
D,DISPATCH,UNIT_SCADA,1,"2019/09/06 02:20:00",RPCG,8.40
D,DISPATCH,UNIT_SCADA,1,"2019/09/06 02:20:00",RUBICON,0
D,DISPATCH,UNIT_SCADA,1,"2019/09/06 02:20:00",SATGN1,0
D,DISPATCH,UNIT_SCADA,1,"2019/09/06 02:20:00",SATGS1,0
D,DISPATCH,UNIT_SCADA,1,"2019/09/06 02:20:00",STARHLWF,28.991547
D,DISPATCH,UNIT_SCADA,1,"2019/09/06 02:20:00",WAUBRAWF,38.155998
D,DISPATCH,UNIT_SCADA,1,"2019/09/06 02:20:00",WOOLNTH1,127.770020
D,DISPATCH,UNIT_SCADA,1,"2019/09/06 02:20:00",WPWF,85
D,DISPATCH,UNIT_SCADA,1,"2019/09/06 02:20:00",YAMBUKWF,4.10
D,DISPATCH,UNIT_SCADA,1,"2019/09/06 02:20:00",YSWF1,6
D,DISPATCH,UNIT_SCADA,1,"2019/09/06 02:20:00",AGLHAL,0
D,DISPATCH,UNIT_SCADA,1,"2019/09/06 02:20:00",AGLSOM,0
D,DISPATCH,UNIT_SCADA,1,"2019/09/06 02:20:00",ANGAST1,0
D,DISPATCH,UNIT_SCADA,1,"2019/09/06 02:20:00",ARWF1,43.90
D,DISPATCH,UNIT_SCADA,1,"2019/09/06 02:20:00",BALBG1,0
D,DISPATCH,UNIT_SCADA,1,"2019/09/06 02:20:00",BALBL1,0
D,DISPATCH,UNIT_SCADA,1,"2019/09/06 02:20:00",BALDHWF1,23.1390
D,DISPATCH,UNIT_SCADA,1,"2019/09/06 02:20:00",BANN1,0
D,DISPATCH,UNIT_SCADA,1,"2019/09/06 02:20:00",BARCALDN,0
D,DISPATCH,UNIT_SCADA,1,"2019/09/06 02:20:00",BARRON-1,0
D,DISPATCH,UNIT_SCADA,1,"2019/09/06 02:20:00",BARRON-2,0
D,DISPATCH,UNIT_SCADA,1,"2019/09/06 02:20:00",BASTYAN,79.350010
D,DISPATCH,UNIT_SCADA,1,"2019/09/06 02:20:00",BBTHREE1,0
D,DISPATCH,UNIT_SCADA,1,"2019/09/06 02:20:00",BBTHREE2,0
D,DISPATCH,UNIT_SCADA,1,"2019/09/06 02:20:00",BBTHREE3,0
D,DISPATCH,UNIT_SCADA,1,"2019/09/06 02:20:00",BDL01,0
D,DISPATCH,UNIT_SCADA,1,"2019/09/06 02:20:00",BDL02,0
D,DISPATCH,UNIT_SCADA,1,"2019/09/06 02:20:00",BERYLSF1,0
D,DISPATCH,UNIT_SCADA,1,"2019/09/06 02:20:00",BLOWERNG,15.30
D,DISPATCH,UNIT_SCADA,1,"2019/09/06 02:20:00",BLUFF1,52.90
D,DISPATCH,UNIT_SCADA,1,"2019/09/06 02:20:00",BNGSF1,0
D,DISPATCH,UNIT_SCADA,1,"2019/09/06 02:20:00",BNGSF2,0
D,DISPATCH,UNIT_SCADA,1,"2019/09/06 02:20:00",BOCORWF1,80.07
D,DISPATCH,UNIT_SCADA,1,"2019/09/06 02:20:00",BODWF1,47.841510
D,DISPATCH,UNIT_SCADA,1,"2019/09/06 02:20:00",BRAEMAR1,0
D,DISPATCH,UNIT_SCADA,1,"2019/09/06 02:20:00",BRAEMAR2,0
D,DISPATCH,UNIT_SCADA,1,"2019/09/06 02:20:00",BRAEMAR3,0
D,DISPATCH,UNIT_SCADA,1,"2019/09/06 02:20:00",BRAEMAR5,0
D,DISPATCH,UNIT_SCADA,1,"2019/09/06 02:20:00",BRAEMAR6,0
D,DISPATCH,UNIT_SCADA,1,"2019/09/06 02:20:00",BRAEMAR7,0
D,DISPATCH,UNIT_SCADA,1,"2019/09/06 02:20:00",BROKENH1,0
D,DISPATCH,UNIT_SCADA,1,"2019/09/06 02:20:00",BW01,619.550050
D,DISPATCH,UNIT_SCADA,1,"2019/09/06 02:20:00",BW02,607.900020
D,DISPATCH,UNIT_SCADA,1,"2019/09/06 02:20:00",BW03,614.474980
D,DISPATCH,UNIT_SCADA,1,"2019/09/06 02:20:00",BW04,0
D,DISPATCH,UNIT_SCADA,1,"2019/09/06 02:20:00",CALL_B_1,349.50
D,DISPATCH,UNIT_SCADA,1,"2019/09/06 02:20:00",CALL_B_2,280
D,DISPATCH,UNIT_SCADA,1,"2019/09/06 02:20:00",CETHANA,90.76
D,DISPATCH,UNIT_SCADA,1,"2019/09/06 02:20:00",CG1,0
D,DISPATCH,UNIT_SCADA,1,"2019/09/06 02:20:00",CG2,0
D,DISPATCH,UNIT_SCADA,1,"2019/09/06 02:20:00",CG3,0
D,DISPATCH,UNIT_SCADA,1,"2019/09/06 02:20:00",CG4,0
D,DISPATCH,UNIT_SCADA,1,"2019/09/06 02:20:00",CHILDSF1,0
D,DISPATCH,UNIT_SCADA,1,"2019/09/06 02:20:00",CLARESF1,0
D,DISPATCH,UNIT_SCADA,1,"2019/09/06 02:20:00",CLEMGPWF,55.250850
D,DISPATCH,UNIT_SCADA,1,"2019/09/06 02:20:00",CLERMSF1,0
D,DISPATCH,UNIT_SCADA,1,"2019/09/06 02:20:00",COLEASF1,0
D,DISPATCH,UNIT_SCADA,1,"2019/09/06 02:20:00",COOPGWF1,22.338290
D,DISPATCH,UNIT_SCADA,1,"2019/09/06 02:20:00",CPP_3,380.8750
D,DISPATCH,UNIT_SCADA,1,"2019/09/06 02:20:00",CPP_4,383.6250
D,DISPATCH,UNIT_SCADA,1,"2019/09/06 02:20:00",CPSA,143.226880
D,DISPATCH,UNIT_SCADA,1,"2019/09/06 02:20:00",CROOKWF2,73.843760
D,DISPATCH,UNIT_SCADA,1,"2019/09/06 02:20:00",CROWLWF1,32.713730
D,DISPATCH,UNIT_SCADA,1,"2019/09/06 02:20:00",CSPVPS1,0
D,DISPATCH,UNIT_SCADA,1,"2019/09/06 02:20:00",DALNTH01,0
D,DISPATCH,UNIT_SCADA,1,"2019/09/06 02:20:00",DALNTHL1,6.919970
D,DISPATCH,UNIT_SCADA,1,"2019/09/06 02:20:00",DARTM1,0
D,DISPATCH,UNIT_SCADA,1,"2019/09/06 02:20:00",DAYDSF1,0
D,DISPATCH,UNIT_SCADA,1,"2019/09/06 02:20:00",DDPS1,0
D,DISPATCH,UNIT_SCADA,1,"2019/09/06 02:20:00",DDSF1,0
D,DISPATCH,UNIT_SCADA,1,"2019/09/06 02:20:00",DEVILS_G,63.664050
D,DISPATCH,UNIT_SCADA,1,"2019/09/06 02:20:00",DG_NSW1,0
D,DISPATCH,UNIT_SCADA,1,"2019/09/06 02:20:00",DG_QLD1,0
D,DISPATCH,UNIT_SCADA,1,"2019/09/06 02:20:00",DG_SA1,0
D,DISPATCH,UNIT_SCADA,1,"2019/09/06 02:20:00",DG_TAS1,0
D,DISPATCH,UNIT_SCADA,1,"2019/09/06 02:20:00",DG_VIC1,0
D,DISPATCH,UNIT_SCADA,1,"2019/09/06 02:20:00",DRYCGT1,0
D,DISPATCH,UNIT_SCADA,1,"2019/09/06 02:20:00",DRYCGT2,0
D,DISPATCH,UNIT_SCADA,1,"2019/09/06 02:20:00",DRYCGT3,0
D,DISPATCH,UNIT_SCADA,1,"2019/09/06 02:20:00",EILDON1,0
D,DISPATCH,UNIT_SCADA,1,"2019/09/06 02:20:00",EILDON2,0
D,DISPATCH,UNIT_SCADA,1,"2019/09/06 02:20:00",EMERASF1,0
D,DISPATCH,UNIT_SCADA,1,"2019/09/06 02:20:00",ER01,548.474980
D,DISPATCH,UNIT_SCADA,1,"2019/09/06 02:20:00",ER02,632.25
D,DISPATCH,UNIT_SCADA,1,"2019/09/06 02:20:00",ER03,0
D,DISPATCH,UNIT_SCADA,1,"2019/09/06 02:20:00",ER04,635.074950
D,DISPATCH,UNIT_SCADA,1,"2019/09/06 02:20:00",FINLYSF1,0
D,DISPATCH,UNIT_SCADA,1,"2019/09/06 02:20:00",FISHER,45
D,DISPATCH,UNIT_SCADA,1,"2019/09/06 02:20:00",GANNBG1,0
D,DISPATCH,UNIT_SCADA,1,"2019/09/06 02:20:00",GANNBL1,10.007950
D,DISPATCH,UNIT_SCADA,1,"2019/09/06 02:20:00",GANNSF1,0
D,DISPATCH,UNIT_SCADA,1,"2019/09/06 02:20:00",GORDON,17.825920
D,DISPATCH,UNIT_SCADA,1,"2019/09/06 02:20:00",GSTONE1,128.80
D,DISPATCH,UNIT_SCADA,1,"2019/09/06 02:20:00",GSTONE2,111.30
D,DISPATCH,UNIT_SCADA,1,"2019/09/06 02:20:00",GSTONE3,0
D,DISPATCH,UNIT_SCADA,1,"2019/09/06 02:20:00",GSTONE4,128.80
D,DISPATCH,UNIT_SCADA,1,"2019/09/06 02:20:00",GSTONE5,129.3250
D,DISPATCH,UNIT_SCADA,1,"2019/09/06 02:20:00",GSTONE6,129.6750
D,DISPATCH,UNIT_SCADA,1,"2019/09/06 02:20:00",GULLRSF1,0
D,DISPATCH,UNIT_SCADA,1,"2019/09/06 02:20:00",GULLRWF1,43.743960
D,DISPATCH,UNIT_SCADA,1,"2019/09/06 02:20:00",GUNNING1,10.639170
D,DISPATCH,UNIT_SCADA,1,"2019/09/06 02:20:00",GUTHEGA,0
D,DISPATCH,UNIT_SCADA,1,"2019/09/06 02:20:00",HALLWF1,89.81
D,DISPATCH,UNIT_SCADA,1,"2019/09/06 02:20:00",HALLWF2,68.32
D,DISPATCH,UNIT_SCADA,1,"2019/09/06 02:20:00",HAMISF1,0
D,DISPATCH,UNIT_SCADA,1,"2019/09/06 02:20:00",HAUGHT11,0
D,DISPATCH,UNIT_SCADA,1,"2019/09/06 02:20:00",HAYMSF1,0
D,DISPATCH,UNIT_SCADA,1,"2019/09/06 02:20:00",HDWF1,92.30
D,DISPATCH,UNIT_SCADA,1,"2019/09/06 02:20:00",HDWF2,76.90
D,DISPATCH,UNIT_SCADA,1,"2019/09/06 02:20:00",HDWF3,85.90
D,DISPATCH,UNIT_SCADA,1,"2019/09/06 02:20:00",HPRG1,0
D,DISPATCH,UNIT_SCADA,1,"2019/09/06 02:20:00",HPRL1,0.20
D,DISPATCH,UNIT_SCADA,1,"2019/09/06 02:20:00",HUMENSW,0
D,DISPATCH,UNIT_SCADA,1,"2019/09/06 02:20:00",HUMEV,24.20
D,DISPATCH,UNIT_SCADA,1,"2019/09/06 02:20:00",HVGTS,0
D,DISPATCH,UNIT_SCADA,1,"2019/09/06 02:20:00",JBUTTERS,0
D,DISPATCH,UNIT_SCADA,1,"2019/09/06 02:20:00",JLA01,0.10
D,DISPATCH,UNIT_SCADA,1,"2019/09/06 02:20:00",JLA02,0
D,DISPATCH,UNIT_SCADA,1,"2019/09/06 02:20:00",JLA03,0
D,DISPATCH,UNIT_SCADA,1,"2019/09/06 02:20:00",JLA04,0
D,DISPATCH,UNIT_SCADA,1,"2019/09/06 02:20:00",JLB01,0
D,DISPATCH,UNIT_SCADA,1,"2019/09/06 02:20:00",JLB02,0.10
D,DISPATCH,UNIT_SCADA,1,"2019/09/06 02:20:00",JLB03,0
D,DISPATCH,UNIT_SCADA,1,"2019/09/06 02:20:00",KAREEYA1,21.5925
D,DISPATCH,UNIT_SCADA,1,"2019/09/06 02:20:00",KAREEYA2,21.5725
D,DISPATCH,UNIT_SCADA,1,"2019/09/06 02:20:00",KAREEYA3,0
D,DISPATCH,UNIT_SCADA,1,"2019/09/06 02:20:00",KAREEYA4,21.6075
D,DISPATCH,UNIT_SCADA,1,"2019/09/06 02:20:00",KARSF1,0
D,DISPATCH,UNIT_SCADA,1,"2019/09/06 02:20:00",KIATAWF1,23
D,DISPATCH,UNIT_SCADA,1,"2019/09/06 02:20:00",KPP_1,0
D,DISPATCH,UNIT_SCADA,1,"2019/09/06 02:20:00",KSP1,0
D,DISPATCH,UNIT_SCADA,1,"2019/09/06 02:20:00",LADBROK1,0
D,DISPATCH,UNIT_SCADA,1,"2019/09/06 02:20:00",LADBROK2,0
D,DISPATCH,UNIT_SCADA,1,"2019/09/06 02:20:00",LD01,348.3750
D,DISPATCH,UNIT_SCADA,1,"2019/09/06 02:20:00",LD02,319.612520
D,DISPATCH,UNIT_SCADA,1,"2019/09/06 02:20:00",LD03,350.4563
D,DISPATCH,UNIT_SCADA,1,"2019/09/06 02:20:00",LD04,350.4375
D,DISPATCH,UNIT_SCADA,1,"2019/09/06 02:20:00",LEM_WIL,85.146740
D,DISPATCH,UNIT_SCADA,1,"2019/09/06 02:20:00",LGAPWF1,34.27
D,DISPATCH,UNIT_SCADA,1,"2019/09/06 02:20:00",LILYSF1,0
D,DISPATCH,UNIT_SCADA,1,"2019/09/06 02:20:00",LI_WY_CA,137.555710
D,DISPATCH,UNIT_SCADA,1,"2019/09/06 02:20:00",LKBONNY2,30.862210
D,DISPATCH,UNIT_SCADA,1,"2019/09/06 02:20:00",LKBONNY3,4.633230
D,DISPATCH,UNIT_SCADA,1,"2019/09/06 02:20:00",LK_ECHO,0
D,DISPATCH,UNIT_SCADA,1,"2019/09/06 02:20:00",LNGS1,0
D,DISPATCH,UNIT_SCADA,1,"2019/09/06 02:20:00",LNGS2,0
D,DISPATCH,UNIT_SCADA,1,"2019/09/06 02:20:00",LONSDALE,0
D,DISPATCH,UNIT_SCADA,1,"2019/09/06 02:20:00",LOYYB1,536.840520
D,DISPATCH,UNIT_SCADA,1,"2019/09/06 02:20:00",LOYYB2,583.458250
D,DISPATCH,UNIT_SCADA,1,"2019/09/06 02:20:00",LYA1,0
D,DISPATCH,UNIT_SCADA,1,"2019/09/06 02:20:00",LYA2,0
D,DISPATCH,UNIT_SCADA,1,"2019/09/06 02:20:00",LYA3,559
D,DISPATCH,UNIT_SCADA,1,"2019/09/06 02:20:00",LYA4,540
D,DISPATCH,UNIT_SCADA,1,"2019/09/06 02:20:00",MACARTH1,60.098610
D,DISPATCH,UNIT_SCADA,1,"2019/09/06 02:20:00",MACKAYGT,0.2240
D,DISPATCH,UNIT_SCADA,1,"2019/09/06 02:20:00",MACKNTSH,84.580010
D,DISPATCH,UNIT_SCADA,1,"2019/09/06 02:20:00",MANSLR1,0
D,DISPATCH,UNIT_SCADA,1,"2019/09/06 02:20:00",MCKAY1,-0.0350
D,DISPATCH,UNIT_SCADA,1,"2019/09/06 02:20:00",MEADOWBK,33.981620
D,DISPATCH,UNIT_SCADA,1,"2019/09/06 02:20:00",MERCER01,3.5030
D,DISPATCH,UNIT_SCADA,1,"2019/09/06 02:20:00",MEWF1,34.7136
D,DISPATCH,UNIT_SCADA,1,"2019/09/06 02:20:00",MINTARO,0
D,DISPATCH,UNIT_SCADA,1,"2019/09/06 02:20:00",MOREESF1,0
D,DISPATCH,UNIT_SCADA,1,"2019/09/06 02:20:00",MORTLK11,125
D,DISPATCH,UNIT_SCADA,1,"2019/09/06 02:20:00",MORTLK12,0
D,DISPATCH,UNIT_SCADA,1,"2019/09/06 02:20:00",MP1,220.575070
D,DISPATCH,UNIT_SCADA,1,"2019/09/06 02:20:00",MP2,0
D,DISPATCH,UNIT_SCADA,1,"2019/09/06 02:20:00",MPP_1,379
D,DISPATCH,UNIT_SCADA,1,"2019/09/06 02:20:00",MPP_2,425
D,DISPATCH,UNIT_SCADA,1,"2019/09/06 02:20:00",MSTUART1,0
D,DISPATCH,UNIT_SCADA,1,"2019/09/06 02:20:00",MSTUART2,0
D,DISPATCH,UNIT_SCADA,1,"2019/09/06 02:20:00",MSTUART3,0
D,DISPATCH,UNIT_SCADA,1,"2019/09/06 02:20:00",MTGELWF1,12.533950
D,DISPATCH,UNIT_SCADA,1,"2019/09/06 02:20:00",MURRAY,0
D,DISPATCH,UNIT_SCADA,1,"2019/09/06 02:20:00",MUSSELR1,83.60
D,DISPATCH,UNIT_SCADA,1,"2019/09/06 02:20:00",MUWAWF1,72.29
D,DISPATCH,UNIT_SCADA,1,"2019/09/06 02:20:00",NBHWF1,119.10
D,DISPATCH,UNIT_SCADA,1,"2019/09/06 02:20:00",NPS,0
D,DISPATCH,UNIT_SCADA,1,"2019/09/06 02:20:00",NUMURSF1,0
D,DISPATCH,UNIT_SCADA,1,"2019/09/06 02:20:00",NYNGAN1,0
D,DISPATCH,UNIT_SCADA,1,"2019/09/06 02:20:00",OAKEY1,0
D,DISPATCH,UNIT_SCADA,1,"2019/09/06 02:20:00",OAKEY1SF,0
D,DISPATCH,UNIT_SCADA,1,"2019/09/06 02:20:00",OAKEY2,0
D,DISPATCH,UNIT_SCADA,1,"2019/09/06 02:20:00",OAKEY2SF,0
D,DISPATCH,UNIT_SCADA,1,"2019/09/06 02:20:00",OAKLAND1,22.50
D,DISPATCH,UNIT_SCADA,1,"2019/09/06 02:20:00",OSB-AG,0
D,DISPATCH,UNIT_SCADA,1,"2019/09/06 02:20:00",PARSF1,0
D,DISPATCH,UNIT_SCADA,1,"2019/09/06 02:20:00",POAT110,0
D,DISPATCH,UNIT_SCADA,1,"2019/09/06 02:20:00",POAT220,1.28
D,DISPATCH,UNIT_SCADA,1,"2019/09/06 02:20:00",POR01,0
D,DISPATCH,UNIT_SCADA,1,"2019/09/06 02:20:00",POR03,0
D,DISPATCH,UNIT_SCADA,1,"2019/09/06 02:20:00",PPCCGT,174.894410
D,DISPATCH,UNIT_SCADA,1,"2019/09/06 02:20:00",PTSTAN1,0
D,DISPATCH,UNIT_SCADA,1,"2019/09/06 02:20:00",PUMP1,0
D,DISPATCH,UNIT_SCADA,1,"2019/09/06 02:20:00",PUMP2,0
D,DISPATCH,UNIT_SCADA,1,"2019/09/06 02:20:00",QPS1,0
D,DISPATCH,UNIT_SCADA,1,"2019/09/06 02:20:00",QPS2,0
D,DISPATCH,UNIT_SCADA,1,"2019/09/06 02:20:00",QPS3,0
D,DISPATCH,UNIT_SCADA,1,"2019/09/06 02:20:00",QPS4,0
D,DISPATCH,UNIT_SCADA,1,"2019/09/06 02:20:00",QPS5,0
D,DISPATCH,UNIT_SCADA,1,"2019/09/06 02:20:00",REECE1,102.240010
D,DISPATCH,UNIT_SCADA,1,"2019/09/06 02:20:00",REECE2,0
D,DISPATCH,UNIT_SCADA,1,"2019/09/06 02:20:00",ROMA_7,0
D,DISPATCH,UNIT_SCADA,1,"2019/09/06 02:20:00",ROMA_8,0
D,DISPATCH,UNIT_SCADA,1,"2019/09/06 02:20:00",RRSF1,0
D,DISPATCH,UNIT_SCADA,1,"2019/09/06 02:20:00",RT_NSW1,0
D,DISPATCH,UNIT_SCADA,1,"2019/09/06 02:20:00",RT_NSW2,0
D,DISPATCH,UNIT_SCADA,1,"2019/09/06 02:20:00",RT_NSW3,0
D,DISPATCH,UNIT_SCADA,1,"2019/09/06 02:20:00",RT_NSW4,0
D,DISPATCH,UNIT_SCADA,1,"2019/09/06 02:20:00",RT_NSW5,0
D,DISPATCH,UNIT_SCADA,1,"2019/09/06 02:20:00",RT_NSW6,0
D,DISPATCH,UNIT_SCADA,1,"2019/09/06 02:20:00",RT_QLD1,0
D,DISPATCH,UNIT_SCADA,1,"2019/09/06 02:20:00",RT_SA1,0
D,DISPATCH,UNIT_SCADA,1,"2019/09/06 02:20:00",RT_SA2,0
D,DISPATCH,UNIT_SCADA,1,"2019/09/06 02:20:00",RT_SA3,0
D,DISPATCH,UNIT_SCADA,1,"2019/09/06 02:20:00",RT_SA4,0
D,DISPATCH,UNIT_SCADA,1,"2019/09/06 02:20:00",RT_SA5,0
D,DISPATCH,UNIT_SCADA,1,"2019/09/06 02:20:00",RT_SA6,0
D,DISPATCH,UNIT_SCADA,1,"2019/09/06 02:20:00",RT_TAS1,0
D,DISPATCH,UNIT_SCADA,1,"2019/09/06 02:20:00",RT_VIC1,0
D,DISPATCH,UNIT_SCADA,1,"2019/09/06 02:20:00",RT_VIC10,0
D,DISPATCH,UNIT_SCADA,1,"2019/09/06 02:20:00",RT_VIC11,0
D,DISPATCH,UNIT_SCADA,1,"2019/09/06 02:20:00",RT_VIC12,0
D,DISPATCH,UNIT_SCADA,1,"2019/09/06 02:20:00",RT_VIC2,0
D,DISPATCH,UNIT_SCADA,1,"2019/09/06 02:20:00",RT_VIC3,0
D,DISPATCH,UNIT_SCADA,1,"2019/09/06 02:20:00",RT_VIC4,0
D,DISPATCH,UNIT_SCADA,1,"2019/09/06 02:20:00",RT_VIC5,0
D,DISPATCH,UNIT_SCADA,1,"2019/09/06 02:20:00",RT_VIC6,0
D,DISPATCH,UNIT_SCADA,1,"2019/09/06 02:20:00",RT_VIC7,0
D,DISPATCH,UNIT_SCADA,1,"2019/09/06 02:20:00",RT_VIC8,0
D,DISPATCH,UNIT_SCADA,1,"2019/09/06 02:20:00",RT_VIC9,0
D,DISPATCH,UNIT_SCADA,1,"2019/09/06 02:20:00",RUGBYR1,0
D,DISPATCH,UNIT_SCADA,1,"2019/09/06 02:20:00",SALTCRK1,9.63
D,DISPATCH,UNIT_SCADA,1,"2019/09/06 02:20:00",SAPHWF1,8.6344
D,DISPATCH,UNIT_SCADA,1,"2019/09/06 02:20:00",SHGEN,0
D,DISPATCH,UNIT_SCADA,1,"2019/09/06 02:20:00",SHPUMP,157.473680
D,DISPATCH,UNIT_SCADA,1,"2019/09/06 02:20:00",SITHE01,0.224190
D,DISPATCH,UNIT_SCADA,1,"2019/09/06 02:20:00",SMCSF1,0
D,DISPATCH,UNIT_SCADA,1,"2019/09/06 02:20:00",SNOWNTH1,134.30
D,DISPATCH,UNIT_SCADA,1,"2019/09/06 02:20:00",SNOWSTH1,121.100010
D,DISPATCH,UNIT_SCADA,1,"2019/09/06 02:20:00",SNOWTWN1,95.012160
D,DISPATCH,UNIT_SCADA,1,"2019/09/06 02:20:00",SNOWYP,0
D,DISPATCH,UNIT_SCADA,1,"2019/09/06 02:20:00",SNUG1,0.019440
D,DISPATCH,UNIT_SCADA,1,"2019/09/06 02:20:00",SRSF1,0.22
D,DISPATCH,UNIT_SCADA,1,"2019/09/06 02:20:00",STAN-1,257.330140
D,DISPATCH,UNIT_SCADA,1,"2019/09/06 02:20:00",STAN-2,250.011180
D,DISPATCH,UNIT_SCADA,1,"2019/09/06 02:20:00",STAN-3,249.613830
D,DISPATCH,UNIT_SCADA,1,"2019/09/06 02:20:00",STAN-4,251.549330
D,DISPATCH,UNIT_SCADA,1,"2019/09/06 02:20:00",STWF1,0
D,DISPATCH,UNIT_SCADA,1,"2019/09/06 02:20:00",SWAN_E,0
D,DISPATCH,UNIT_SCADA,1,"2019/09/06 02:20:00",TALWA1,191
D,DISPATCH,UNIT_SCADA,1,"2019/09/06 02:20:00",TARALGA1,46.743740
D,DISPATCH,UNIT_SCADA,1,"2019/09/06 02:20:00",TARONG#1,274.200010
D,DISPATCH,UNIT_SCADA,1,"2019/09/06 02:20:00",TARONG#2,0
D,DISPATCH,UNIT_SCADA,1,"2019/09/06 02:20:00",TARONG#3,261
D,DISPATCH,UNIT_SCADA,1,"2019/09/06 02:20:00",TARONG#4,275.100010
D,DISPATCH,UNIT_SCADA,1,"2019/09/06 02:20:00",TARRALEA,73.90
D,DISPATCH,UNIT_SCADA,1,"2019/09/06 02:20:00",TBSF1,-0.20
D,DISPATCH,UNIT_SCADA,1,"2019/09/06 02:20:00",TNPS1,397.600010
D,DISPATCH,UNIT_SCADA,1,"2019/09/06 02:20:00",TORRA1,40.065140
D,DISPATCH,UNIT_SCADA,1,"2019/09/06 02:20:00",TORRA2,0
D,DISPATCH,UNIT_SCADA,1,"2019/09/06 02:20:00",TORRA3,0
D,DISPATCH,UNIT_SCADA,1,"2019/09/06 02:20:00",TORRA4,40.387790
D,DISPATCH,UNIT_SCADA,1,"2019/09/06 02:20:00",TORRB1,40.35
D,DISPATCH,UNIT_SCADA,1,"2019/09/06 02:20:00",TORRB2,40.82
D,DISPATCH,UNIT_SCADA,1,"2019/09/06 02:20:00",TORRB3,40.61
D,DISPATCH,UNIT_SCADA,1,"2019/09/06 02:20:00",TORRB4,0
D,DISPATCH,UNIT_SCADA,1,"2019/09/06 02:20:00",TREVALLN,28.060030
D,DISPATCH,UNIT_SCADA,1,"2019/09/06 02:20:00",TRIBUTE,0
D,DISPATCH,UNIT_SCADA,1,"2019/09/06 02:20:00",TUMUT3,0
D,DISPATCH,UNIT_SCADA,1,"2019/09/06 02:20:00",TUNGATIN,1.70
D,DISPATCH,UNIT_SCADA,1,"2019/09/06 02:20:00",TVCC201,0
D,DISPATCH,UNIT_SCADA,1,"2019/09/06 02:20:00",TVPP104,0
D,DISPATCH,UNIT_SCADA,1,"2019/09/06 02:20:00",UPPTUMUT,0
D,DISPATCH,UNIT_SCADA,1,"2019/09/06 02:20:00",URANQ11,0
D,DISPATCH,UNIT_SCADA,1,"2019/09/06 02:20:00",URANQ12,0
D,DISPATCH,UNIT_SCADA,1,"2019/09/06 02:20:00",URANQ13,0
D,DISPATCH,UNIT_SCADA,1,"2019/09/06 02:20:00",URANQ14,0
D,DISPATCH,UNIT_SCADA,1,"2019/09/06 02:20:00",VP5,421.474980
D,DISPATCH,UNIT_SCADA,1,"2019/09/06 02:20:00",VP6,0
D,DISPATCH,UNIT_SCADA,1,"2019/09/06 02:20:00",VPGS1,0
D,DISPATCH,UNIT_SCADA,1,"2019/09/06 02:20:00",VPGS2,0
D,DISPATCH,UNIT_SCADA,1,"2019/09/06 02:20:00",VPGS3,0
D,DISPATCH,UNIT_SCADA,1,"2019/09/06 02:20:00",VPGS4,0
D,DISPATCH,UNIT_SCADA,1,"2019/09/06 02:20:00",VPGS5,0
D,DISPATCH,UNIT_SCADA,1,"2019/09/06 02:20:00",VPGS6,0
D,DISPATCH,UNIT_SCADA,1,"2019/09/06 02:20:00",W/HOE#1,0
D,DISPATCH,UNIT_SCADA,1,"2019/09/06 02:20:00",W/HOE#2,0
D,DISPATCH,UNIT_SCADA,1,"2019/09/06 02:20:00",WATERLWF,112.90
D,DISPATCH,UNIT_SCADA,1,"2019/09/06 02:20:00",WEMENSF1,0
D,DISPATCH,UNIT_SCADA,1,"2019/09/06 02:20:00",WGWF1,110.10
D,DISPATCH,UNIT_SCADA,1,"2019/09/06 02:20:00",WHITSF1,0
D,DISPATCH,UNIT_SCADA,1,"2019/09/06 02:20:00",WKIEWA1,16.10
D,DISPATCH,UNIT_SCADA,1,"2019/09/06 02:20:00",WKIEWA2,0.10
D,DISPATCH,UNIT_SCADA,1,"2019/09/06 02:20:00",WOODLWN1,17.550020
D,DISPATCH,UNIT_SCADA,1,"2019/09/06 02:20:00",WRSF1,0
D,DISPATCH,UNIT_SCADA,1,"2019/09/06 02:20:00",WRWF1,9.1275
D,DISPATCH,UNIT_SCADA,1,"2019/09/06 02:20:00",YABULU,0
D,DISPATCH,UNIT_SCADA,1,"2019/09/06 02:20:00",YABULU2,0
D,DISPATCH,UNIT_SCADA,1,"2019/09/06 02:20:00",YARWUN_1,166.319990
D,DISPATCH,UNIT_SCADA,1,"2019/09/06 02:20:00",YENDWF1,15.73
D,DISPATCH,UNIT_SCADA,1,"2019/09/06 02:20:00",YWPS1,379.197480
D,DISPATCH,UNIT_SCADA,1,"2019/09/06 02:20:00",YWPS2,278.192410
D,DISPATCH,UNIT_SCADA,1,"2019/09/06 02:20:00",YWPS3,329.184810
D,DISPATCH,UNIT_SCADA,1,"2019/09/06 02:20:00",YWPS4,401.165830
C,"END OF REPORT",335
