C,NEMP.WORLD,DISPATCHSCADA,AEMO,PUBLIC,2019/08/21,01:45:09,0000000311807931,DISPATCHSCADA,0000000311807925
I,DISPATCH,UNIT_SCADA,1,SETTLEMENTDATE,DUID,SCADAVALUE
D,DISPATCH,UNIT_SCADA,1,"2019/08/21 01:50:00",BARCSF1,0.50
D,DISPATCH,UNIT_SCADA,1,"2019/08/21 01:50:00",BUTLERSG,9.699999
D,DISPATCH,UNIT_SCADA,1,"2019/08/21 01:50:00",CALL_A_4,0
D,DISPATCH,UNIT_SCADA,1,"2019/08/21 01:50:00",CAPTL_WF,131.399994
D,DISPATCH,UNIT_SCADA,1,"2019/08/21 01:50:00",CATHROCK,42.139999
D,DISPATCH,UNIT_SCADA,1,"2019/08/21 01:50:00",CHALLHWF,26.200001
D,DISPATCH,UNIT_SCADA,1,"2019/08/21 01:50:00",CLOVER,-0.01
D,DISPATCH,UNIT_SCADA,1,"2019/08/21 01:50:00",CLUNY,20.678873
D,DISPATCH,UNIT_SCADA,1,"2019/08/21 01:50:00",CNUNDAWF,41.548470
D,DISPATCH,UNIT_SCADA,1,"2019/08/21 01:50:00",CULLRGWF,30.41
D,DISPATCH,UNIT_SCADA,1,"2019/08/21 01:50:00",ERGT01,0
D,DISPATCH,UNIT_SCADA,1,"2019/08/21 01:50:00",GB01,0.064728
D,DISPATCH,UNIT_SCADA,1,"2019/08/21 01:50:00",GERMCRK,37.299999
D,DISPATCH,UNIT_SCADA,1,"2019/08/21 01:50:00",GRIFSF1,0
D,DISPATCH,UNIT_SCADA,1,"2019/08/21 01:50:00",HUGSF1,-0.2040
D,DISPATCH,UNIT_SCADA,1,"2019/08/21 01:50:00",LKBONNY1,75.912956
D,DISPATCH,UNIT_SCADA,1,"2019/08/21 01:50:00",LRSF1,0.0290
D,DISPATCH,UNIT_SCADA,1,"2019/08/21 01:50:00",MBAHNTH,55.724991
D,DISPATCH,UNIT_SCADA,1,"2019/08/21 01:50:00",MLSP1,0.283001
D,DISPATCH,UNIT_SCADA,1,"2019/08/21 01:50:00",MLWF1,19.74
D,DISPATCH,UNIT_SCADA,1,"2019/08/21 01:50:00",MTMILLAR,17.427551
D,DISPATCH,UNIT_SCADA,1,"2019/08/21 01:50:00",PALOONA,25.619999
D,DISPATCH,UNIT_SCADA,1,"2019/08/21 01:50:00",PIONEER,28.10
D,DISPATCH,UNIT_SCADA,1,"2019/08/21 01:50:00",PORTWF,137.50
D,DISPATCH,UNIT_SCADA,1,"2019/08/21 01:50:00",REPULSE,28.873121
D,DISPATCH,UNIT_SCADA,1,"2019/08/21 01:50:00",ROWALLAN,10.067801
D,DISPATCH,UNIT_SCADA,1,"2019/08/21 01:50:00",ROYALLA1,0
D,DISPATCH,UNIT_SCADA,1,"2019/08/21 01:50:00",RPCG,12.30
D,DISPATCH,UNIT_SCADA,1,"2019/08/21 01:50:00",RUBICON,0
D,DISPATCH,UNIT_SCADA,1,"2019/08/21 01:50:00",SATGN1,0
D,DISPATCH,UNIT_SCADA,1,"2019/08/21 01:50:00",SATGS1,0
D,DISPATCH,UNIT_SCADA,1,"2019/08/21 01:50:00",STARHLWF,19.994169
D,DISPATCH,UNIT_SCADA,1,"2019/08/21 01:50:00",WAUBRAWF,167.436996
D,DISPATCH,UNIT_SCADA,1,"2019/08/21 01:50:00",WOOLNTH1,92.460022
D,DISPATCH,UNIT_SCADA,1,"2019/08/21 01:50:00",WPWF,51
D,DISPATCH,UNIT_SCADA,1,"2019/08/21 01:50:00",YAMBUKWF,29.40
D,DISPATCH,UNIT_SCADA,1,"2019/08/21 01:50:00",YSWF1,28.90
D,DISPATCH,UNIT_SCADA,1,"2019/08/21 01:50:00",AGLHAL,0
D,DISPATCH,UNIT_SCADA,1,"2019/08/21 01:50:00",AGLSOM,0
D,DISPATCH,UNIT_SCADA,1,"2019/08/21 01:50:00",ANGAST1,0
D,DISPATCH,UNIT_SCADA,1,"2019/08/21 01:50:00",ARWF1,32.50
D,DISPATCH,UNIT_SCADA,1,"2019/08/21 01:50:00",BALBG1,0
D,DISPATCH,UNIT_SCADA,1,"2019/08/21 01:50:00",BALBL1,0
D,DISPATCH,UNIT_SCADA,1,"2019/08/21 01:50:00",BALDHWF1,103.33
D,DISPATCH,UNIT_SCADA,1,"2019/08/21 01:50:00",BANN1,0
D,DISPATCH,UNIT_SCADA,1,"2019/08/21 01:50:00",BARCALDN,0
D,DISPATCH,UNIT_SCADA,1,"2019/08/21 01:50:00",BARRON-1,0
D,DISPATCH,UNIT_SCADA,1,"2019/08/21 01:50:00",BARRON-2,0
D,DISPATCH,UNIT_SCADA,1,"2019/08/21 01:50:00",BASTYAN,80.000010
D,DISPATCH,UNIT_SCADA,1,"2019/08/21 01:50:00",BBTHREE1,-1.94
D,DISPATCH,UNIT_SCADA,1,"2019/08/21 01:50:00",BBTHREE2,-1.94
D,DISPATCH,UNIT_SCADA,1,"2019/08/21 01:50:00",BBTHREE3,-1.04
D,DISPATCH,UNIT_SCADA,1,"2019/08/21 01:50:00",BDL01,0
D,DISPATCH,UNIT_SCADA,1,"2019/08/21 01:50:00",BDL02,0
D,DISPATCH,UNIT_SCADA,1,"2019/08/21 01:50:00",BERYLSF1,0
D,DISPATCH,UNIT_SCADA,1,"2019/08/21 01:50:00",BLOWERNG,0
D,DISPATCH,UNIT_SCADA,1,"2019/08/21 01:50:00",BLUFF1,43
D,DISPATCH,UNIT_SCADA,1,"2019/08/21 01:50:00",BNGSF1,0
D,DISPATCH,UNIT_SCADA,1,"2019/08/21 01:50:00",BNGSF2,0
D,DISPATCH,UNIT_SCADA,1,"2019/08/21 01:50:00",BOCORWF1,109.44
D,DISPATCH,UNIT_SCADA,1,"2019/08/21 01:50:00",BODWF1,74.021460
D,DISPATCH,UNIT_SCADA,1,"2019/08/21 01:50:00",BRAEMAR1,0
D,DISPATCH,UNIT_SCADA,1,"2019/08/21 01:50:00",BRAEMAR2,0
D,DISPATCH,UNIT_SCADA,1,"2019/08/21 01:50:00",BRAEMAR3,0
D,DISPATCH,UNIT_SCADA,1,"2019/08/21 01:50:00",BRAEMAR5,0
D,DISPATCH,UNIT_SCADA,1,"2019/08/21 01:50:00",BRAEMAR6,0
D,DISPATCH,UNIT_SCADA,1,"2019/08/21 01:50:00",BRAEMAR7,0
D,DISPATCH,UNIT_SCADA,1,"2019/08/21 01:50:00",BROKENH1,0
D,DISPATCH,UNIT_SCADA,1,"2019/08/21 01:50:00",BW01,494.974980
D,DISPATCH,UNIT_SCADA,1,"2019/08/21 01:50:00",BW02,602.074950
D,DISPATCH,UNIT_SCADA,1,"2019/08/21 01:50:00",BW03,559.974980
D,DISPATCH,UNIT_SCADA,1,"2019/08/21 01:50:00",BW04,0
D,DISPATCH,UNIT_SCADA,1,"2019/08/21 01:50:00",CALL_B_1,349.800020
D,DISPATCH,UNIT_SCADA,1,"2019/08/21 01:50:00",CALL_B_2,297.800020
D,DISPATCH,UNIT_SCADA,1,"2019/08/21 01:50:00",CETHANA,98.4240
D,DISPATCH,UNIT_SCADA,1,"2019/08/21 01:50:00",CG1,0
D,DISPATCH,UNIT_SCADA,1,"2019/08/21 01:50:00",CG2,0
D,DISPATCH,UNIT_SCADA,1,"2019/08/21 01:50:00",CG3,0
D,DISPATCH,UNIT_SCADA,1,"2019/08/21 01:50:00",CG4,0
D,DISPATCH,UNIT_SCADA,1,"2019/08/21 01:50:00",CHILDSF1,0
D,DISPATCH,UNIT_SCADA,1,"2019/08/21 01:50:00",CLARESF1,0
D,DISPATCH,UNIT_SCADA,1,"2019/08/21 01:50:00",CLEMGPWF,15.343460
D,DISPATCH,UNIT_SCADA,1,"2019/08/21 01:50:00",CLERMSF1,0
D,DISPATCH,UNIT_SCADA,1,"2019/08/21 01:50:00",COLEASF1,0
D,DISPATCH,UNIT_SCADA,1,"2019/08/21 01:50:00",COOPGWF1,50.077170
D,DISPATCH,UNIT_SCADA,1,"2019/08/21 01:50:00",CPP_3,405.350010
D,DISPATCH,UNIT_SCADA,1,"2019/08/21 01:50:00",CPP_4,403.975010
D,DISPATCH,UNIT_SCADA,1,"2019/08/21 01:50:00",CPSA,142.429380
D,DISPATCH,UNIT_SCADA,1,"2019/08/21 01:50:00",CROOKWF2,90.953750
D,DISPATCH,UNIT_SCADA,1,"2019/08/21 01:50:00",CROWLWF1,56.307710
D,DISPATCH,UNIT_SCADA,1,"2019/08/21 01:50:00",CSPVPS1,0
D,DISPATCH,UNIT_SCADA,1,"2019/08/21 01:50:00",DALNTH01,0
D,DISPATCH,UNIT_SCADA,1,"2019/08/21 01:50:00",DALNTHL1,0.099180
D,DISPATCH,UNIT_SCADA,1,"2019/08/21 01:50:00",DARTM1,0
D,DISPATCH,UNIT_SCADA,1,"2019/08/21 01:50:00",DAYDSF1,0
D,DISPATCH,UNIT_SCADA,1,"2019/08/21 01:50:00",DDPS1,0
D,DISPATCH,UNIT_SCADA,1,"2019/08/21 01:50:00",DDSF1,0
D,DISPATCH,UNIT_SCADA,1,"2019/08/21 01:50:00",DEVILS_G,60.043330
D,DISPATCH,UNIT_SCADA,1,"2019/08/21 01:50:00",DG_NSW1,0
D,DISPATCH,UNIT_SCADA,1,"2019/08/21 01:50:00",DG_QLD1,0
D,DISPATCH,UNIT_SCADA,1,"2019/08/21 01:50:00",DG_SA1,0
D,DISPATCH,UNIT_SCADA,1,"2019/08/21 01:50:00",DG_TAS1,0
D,DISPATCH,UNIT_SCADA,1,"2019/08/21 01:50:00",DG_VIC1,0
D,DISPATCH,UNIT_SCADA,1,"2019/08/21 01:50:00",DRYCGT1,0
D,DISPATCH,UNIT_SCADA,1,"2019/08/21 01:50:00",DRYCGT2,0
D,DISPATCH,UNIT_SCADA,1,"2019/08/21 01:50:00",DRYCGT3,0
D,DISPATCH,UNIT_SCADA,1,"2019/08/21 01:50:00",EILDON1,0
D,DISPATCH,UNIT_SCADA,1,"2019/08/21 01:50:00",EILDON2,0
D,DISPATCH,UNIT_SCADA,1,"2019/08/21 01:50:00",EMERASF1,0
D,DISPATCH,UNIT_SCADA,1,"2019/08/21 01:50:00",ER01,486.7251
D,DISPATCH,UNIT_SCADA,1,"2019/08/21 01:50:00",ER02,350.599980
D,DISPATCH,UNIT_SCADA,1,"2019/08/21 01:50:00",ER03,380.525020
D,DISPATCH,UNIT_SCADA,1,"2019/08/21 01:50:00",ER04,486.900020
D,DISPATCH,UNIT_SCADA,1,"2019/08/21 01:50:00",FINLYSF1,0
D,DISPATCH,UNIT_SCADA,1,"2019/08/21 01:50:00",FISHER,45.80
D,DISPATCH,UNIT_SCADA,1,"2019/08/21 01:50:00",GANNBG1,0
D,DISPATCH,UNIT_SCADA,1,"2019/08/21 01:50:00",GANNBL1,10.009650
D,DISPATCH,UNIT_SCADA,1,"2019/08/21 01:50:00",GANNSF1,0
D,DISPATCH,UNIT_SCADA,1,"2019/08/21 01:50:00",GORDON,0
D,DISPATCH,UNIT_SCADA,1,"2019/08/21 01:50:00",GSTONE1,127.05
D,DISPATCH,UNIT_SCADA,1,"2019/08/21 01:50:00",GSTONE2,145.25
D,DISPATCH,UNIT_SCADA,1,"2019/08/21 01:50:00",GSTONE3,128.974990
D,DISPATCH,UNIT_SCADA,1,"2019/08/21 01:50:00",GSTONE4,128.274990
D,DISPATCH,UNIT_SCADA,1,"2019/08/21 01:50:00",GSTONE5,128.974990
D,DISPATCH,UNIT_SCADA,1,"2019/08/21 01:50:00",GSTONE6,0
D,DISPATCH,UNIT_SCADA,1,"2019/08/21 01:50:00",GULLRSF1,0
D,DISPATCH,UNIT_SCADA,1,"2019/08/21 01:50:00",GULLRWF1,159.882480
D,DISPATCH,UNIT_SCADA,1,"2019/08/21 01:50:00",GUNNING1,46.290530
D,DISPATCH,UNIT_SCADA,1,"2019/08/21 01:50:00",GUTHEGA,0
D,DISPATCH,UNIT_SCADA,1,"2019/08/21 01:50:00",HALLWF1,75.81
D,DISPATCH,UNIT_SCADA,1,"2019/08/21 01:50:00",HALLWF2,56.97
D,DISPATCH,UNIT_SCADA,1,"2019/08/21 01:50:00",HAMISF1,0
D,DISPATCH,UNIT_SCADA,1,"2019/08/21 01:50:00",HAUGHT11,0
D,DISPATCH,UNIT_SCADA,1,"2019/08/21 01:50:00",HAYMSF1,0
D,DISPATCH,UNIT_SCADA,1,"2019/08/21 01:50:00",HDWF1,80.60
D,DISPATCH,UNIT_SCADA,1,"2019/08/21 01:50:00",HDWF2,74.90
D,DISPATCH,UNIT_SCADA,1,"2019/08/21 01:50:00",HDWF3,86.30
D,DISPATCH,UNIT_SCADA,1,"2019/08/21 01:50:00",HPRG1,0
D,DISPATCH,UNIT_SCADA,1,"2019/08/21 01:50:00",HPRL1,2.90
D,DISPATCH,UNIT_SCADA,1,"2019/08/21 01:50:00",HUMENSW,0
D,DISPATCH,UNIT_SCADA,1,"2019/08/21 01:50:00",HUMEV,8.70
D,DISPATCH,UNIT_SCADA,1,"2019/08/21 01:50:00",HVGTS,0
D,DISPATCH,UNIT_SCADA,1,"2019/08/21 01:50:00",JBUTTERS,14.83
D,DISPATCH,UNIT_SCADA,1,"2019/08/21 01:50:00",JLA01,0.50
D,DISPATCH,UNIT_SCADA,1,"2019/08/21 01:50:00",JLA02,0
D,DISPATCH,UNIT_SCADA,1,"2019/08/21 01:50:00",JLA03,0.10
D,DISPATCH,UNIT_SCADA,1,"2019/08/21 01:50:00",JLA04,0.10
D,DISPATCH,UNIT_SCADA,1,"2019/08/21 01:50:00",JLB01,0
D,DISPATCH,UNIT_SCADA,1,"2019/08/21 01:50:00",JLB02,0.10
D,DISPATCH,UNIT_SCADA,1,"2019/08/21 01:50:00",JLB03,0
D,DISPATCH,UNIT_SCADA,1,"2019/08/21 01:50:00",KAREEYA1,21.5275
D,DISPATCH,UNIT_SCADA,1,"2019/08/21 01:50:00",KAREEYA2,21.6775
D,DISPATCH,UNIT_SCADA,1,"2019/08/21 01:50:00",KAREEYA3,0
D,DISPATCH,UNIT_SCADA,1,"2019/08/21 01:50:00",KAREEYA4,21.6450
D,DISPATCH,UNIT_SCADA,1,"2019/08/21 01:50:00",KARSF1,0
D,DISPATCH,UNIT_SCADA,1,"2019/08/21 01:50:00",KIATAWF1,30
D,DISPATCH,UNIT_SCADA,1,"2019/08/21 01:50:00",KPP_1,0
D,DISPATCH,UNIT_SCADA,1,"2019/08/21 01:50:00",KSP1,0
D,DISPATCH,UNIT_SCADA,1,"2019/08/21 01:50:00",LADBROK1,0
D,DISPATCH,UNIT_SCADA,1,"2019/08/21 01:50:00",LADBROK2,0
D,DISPATCH,UNIT_SCADA,1,"2019/08/21 01:50:00",LD01,344.418730
D,DISPATCH,UNIT_SCADA,1,"2019/08/21 01:50:00",LD02,340.649960
D,DISPATCH,UNIT_SCADA,1,"2019/08/21 01:50:00",LD03,336.675020
D,DISPATCH,UNIT_SCADA,1,"2019/08/21 01:50:00",LD04,344.550020
D,DISPATCH,UNIT_SCADA,1,"2019/08/21 01:50:00",LEM_WIL,85.8373
D,DISPATCH,UNIT_SCADA,1,"2019/08/21 01:50:00",LGAPWF1,11.41
D,DISPATCH,UNIT_SCADA,1,"2019/08/21 01:50:00",LILYSF1,0
D,DISPATCH,UNIT_SCADA,1,"2019/08/21 01:50:00",LI_WY_CA,148.898570
D,DISPATCH,UNIT_SCADA,1,"2019/08/21 01:50:00",LKBONNY2,126.645480
D,DISPATCH,UNIT_SCADA,1,"2019/08/21 01:50:00",LKBONNY3,31.148690
D,DISPATCH,UNIT_SCADA,1,"2019/08/21 01:50:00",LK_ECHO,0
D,DISPATCH,UNIT_SCADA,1,"2019/08/21 01:50:00",LNGS1,0
D,DISPATCH,UNIT_SCADA,1,"2019/08/21 01:50:00",LNGS2,0
D,DISPATCH,UNIT_SCADA,1,"2019/08/21 01:50:00",LONSDALE,0
D,DISPATCH,UNIT_SCADA,1,"2019/08/21 01:50:00",LOYYB1,535.336730
D,DISPATCH,UNIT_SCADA,1,"2019/08/21 01:50:00",LOYYB2,540.224060
D,DISPATCH,UNIT_SCADA,1,"2019/08/21 01:50:00",LYA1,519
D,DISPATCH,UNIT_SCADA,1,"2019/08/21 01:50:00",LYA2,0
D,DISPATCH,UNIT_SCADA,1,"2019/08/21 01:50:00",LYA3,562
D,DISPATCH,UNIT_SCADA,1,"2019/08/21 01:50:00",LYA4,539
D,DISPATCH,UNIT_SCADA,1,"2019/08/21 01:50:00",MACARTH1,397.7908
D,DISPATCH,UNIT_SCADA,1,"2019/08/21 01:50:00",MACKAYGT,0
D,DISPATCH,UNIT_SCADA,1,"2019/08/21 01:50:00",MACKNTSH,35.18
D,DISPATCH,UNIT_SCADA,1,"2019/08/21 01:50:00",MANSLR1,0
D,DISPATCH,UNIT_SCADA,1,"2019/08/21 01:50:00",MCKAY1,0.02
D,DISPATCH,UNIT_SCADA,1,"2019/08/21 01:50:00",MEADOWBK,34.038780
D,DISPATCH,UNIT_SCADA,1,"2019/08/21 01:50:00",MERCER01,129.545990
D,DISPATCH,UNIT_SCADA,1,"2019/08/21 01:50:00",MEWF1,99.254270
D,DISPATCH,UNIT_SCADA,1,"2019/08/21 01:50:00",MINTARO,0
D,DISPATCH,UNIT_SCADA,1,"2019/08/21 01:50:00",MOREESF1,0
D,DISPATCH,UNIT_SCADA,1,"2019/08/21 01:50:00",MORTLK11,0
D,DISPATCH,UNIT_SCADA,1,"2019/08/21 01:50:00",MORTLK12,0
D,DISPATCH,UNIT_SCADA,1,"2019/08/21 01:50:00",MP1,277.25
D,DISPATCH,UNIT_SCADA,1,"2019/08/21 01:50:00",MP2,0
D,DISPATCH,UNIT_SCADA,1,"2019/08/21 01:50:00",MPP_1,382
D,DISPATCH,UNIT_SCADA,1,"2019/08/21 01:50:00",MPP_2,420.50
D,DISPATCH,UNIT_SCADA,1,"2019/08/21 01:50:00",MSTUART1,0
D,DISPATCH,UNIT_SCADA,1,"2019/08/21 01:50:00",MSTUART2,0
D,DISPATCH,UNIT_SCADA,1,"2019/08/21 01:50:00",MSTUART3,0
D,DISPATCH,UNIT_SCADA,1,"2019/08/21 01:50:00",MTGELWF1,64.239940
D,DISPATCH,UNIT_SCADA,1,"2019/08/21 01:50:00",MURRAY,0
D,DISPATCH,UNIT_SCADA,1,"2019/08/21 01:50:00",MUSSELR1,162.799990
D,DISPATCH,UNIT_SCADA,1,"2019/08/21 01:50:00",MUWAWF1,46.27
D,DISPATCH,UNIT_SCADA,1,"2019/08/21 01:50:00",NBHWF1,94.90
D,DISPATCH,UNIT_SCADA,1,"2019/08/21 01:50:00",NPS,0
D,DISPATCH,UNIT_SCADA,1,"2019/08/21 01:50:00",NUMURSF1,0
D,DISPATCH,UNIT_SCADA,1,"2019/08/21 01:50:00",NYNGAN1,0
D,DISPATCH,UNIT_SCADA,1,"2019/08/21 01:50:00",OAKEY1,0
D,DISPATCH,UNIT_SCADA,1,"2019/08/21 01:50:00",OAKEY1SF,0.0380
D,DISPATCH,UNIT_SCADA,1,"2019/08/21 01:50:00",OAKEY2,0
D,DISPATCH,UNIT_SCADA,1,"2019/08/21 01:50:00",OAKLAND1,62.20
D,DISPATCH,UNIT_SCADA,1,"2019/08/21 01:50:00",OSB-AG,0
D,DISPATCH,UNIT_SCADA,1,"2019/08/21 01:50:00",PARSF1,0
D,DISPATCH,UNIT_SCADA,1,"2019/08/21 01:50:00",POAT110,0
D,DISPATCH,UNIT_SCADA,1,"2019/08/21 01:50:00",POAT220,14.72
D,DISPATCH,UNIT_SCADA,1,"2019/08/21 01:50:00",POR01,0
D,DISPATCH,UNIT_SCADA,1,"2019/08/21 01:50:00",POR03,0
D,DISPATCH,UNIT_SCADA,1,"2019/08/21 01:50:00",PPCCGT,174.223310
D,DISPATCH,UNIT_SCADA,1,"2019/08/21 01:50:00",PTSTAN1,0
D,DISPATCH,UNIT_SCADA,1,"2019/08/21 01:50:00",PUMP1,0
D,DISPATCH,UNIT_SCADA,1,"2019/08/21 01:50:00",PUMP2,0
D,DISPATCH,UNIT_SCADA,1,"2019/08/21 01:50:00",QPS1,0
D,DISPATCH,UNIT_SCADA,1,"2019/08/21 01:50:00",QPS2,0
D,DISPATCH,UNIT_SCADA,1,"2019/08/21 01:50:00",QPS3,0
D,DISPATCH,UNIT_SCADA,1,"2019/08/21 01:50:00",QPS4,0
D,DISPATCH,UNIT_SCADA,1,"2019/08/21 01:50:00",QPS5,0
D,DISPATCH,UNIT_SCADA,1,"2019/08/21 01:50:00",REECE1,111.670010
D,DISPATCH,UNIT_SCADA,1,"2019/08/21 01:50:00",REECE2,117.340010
D,DISPATCH,UNIT_SCADA,1,"2019/08/21 01:50:00",ROMA_7,0
D,DISPATCH,UNIT_SCADA,1,"2019/08/21 01:50:00",ROMA_8,0
D,DISPATCH,UNIT_SCADA,1,"2019/08/21 01:50:00",RRSF1,0
D,DISPATCH,UNIT_SCADA,1,"2019/08/21 01:50:00",RT_NSW1,0
D,DISPATCH,UNIT_SCADA,1,"2019/08/21 01:50:00",RT_NSW2,0
D,DISPATCH,UNIT_SCADA,1,"2019/08/21 01:50:00",RT_NSW3,0
D,DISPATCH,UNIT_SCADA,1,"2019/08/21 01:50:00",RT_NSW4,0
D,DISPATCH,UNIT_SCADA,1,"2019/08/21 01:50:00",RT_NSW5,0
D,DISPATCH,UNIT_SCADA,1,"2019/08/21 01:50:00",RT_NSW6,0
D,DISPATCH,UNIT_SCADA,1,"2019/08/21 01:50:00",RT_QLD1,0
D,DISPATCH,UNIT_SCADA,1,"2019/08/21 01:50:00",RT_SA1,0
D,DISPATCH,UNIT_SCADA,1,"2019/08/21 01:50:00",RT_SA2,0
D,DISPATCH,UNIT_SCADA,1,"2019/08/21 01:50:00",RT_SA3,0
D,DISPATCH,UNIT_SCADA,1,"2019/08/21 01:50:00",RT_SA4,0
D,DISPATCH,UNIT_SCADA,1,"2019/08/21 01:50:00",RT_SA5,0
D,DISPATCH,UNIT_SCADA,1,"2019/08/21 01:50:00",RT_SA6,0
D,DISPATCH,UNIT_SCADA,1,"2019/08/21 01:50:00",RT_TAS1,0
D,DISPATCH,UNIT_SCADA,1,"2019/08/21 01:50:00",RT_VIC1,0
D,DISPATCH,UNIT_SCADA,1,"2019/08/21 01:50:00",RT_VIC10,0
D,DISPATCH,UNIT_SCADA,1,"2019/08/21 01:50:00",RT_VIC11,0
D,DISPATCH,UNIT_SCADA,1,"2019/08/21 01:50:00",RT_VIC12,0
D,DISPATCH,UNIT_SCADA,1,"2019/08/21 01:50:00",RT_VIC2,0
D,DISPATCH,UNIT_SCADA,1,"2019/08/21 01:50:00",RT_VIC3,0
D,DISPATCH,UNIT_SCADA,1,"2019/08/21 01:50:00",RT_VIC4,0
D,DISPATCH,UNIT_SCADA,1,"2019/08/21 01:50:00",RT_VIC5,0
D,DISPATCH,UNIT_SCADA,1,"2019/08/21 01:50:00",RT_VIC6,0
D,DISPATCH,UNIT_SCADA,1,"2019/08/21 01:50:00",RT_VIC7,0
D,DISPATCH,UNIT_SCADA,1,"2019/08/21 01:50:00",RT_VIC8,0
D,DISPATCH,UNIT_SCADA,1,"2019/08/21 01:50:00",RT_VIC9,0
D,DISPATCH,UNIT_SCADA,1,"2019/08/21 01:50:00",RUGBYR1,0
D,DISPATCH,UNIT_SCADA,1,"2019/08/21 01:50:00",SALTCRK1,52.44
D,DISPATCH,UNIT_SCADA,1,"2019/08/21 01:50:00",SAPHWF1,198.262480
D,DISPATCH,UNIT_SCADA,1,"2019/08/21 01:50:00",SHGEN,0
D,DISPATCH,UNIT_SCADA,1,"2019/08/21 01:50:00",SHPUMP,123.164060
D,DISPATCH,UNIT_SCADA,1,"2019/08/21 01:50:00",SITHE01,0.123710
D,DISPATCH,UNIT_SCADA,1,"2019/08/21 01:50:00",SMCSF1,0
D,DISPATCH,UNIT_SCADA,1,"2019/08/21 01:50:00",SNOWNTH1,48.80
D,DISPATCH,UNIT_SCADA,1,"2019/08/21 01:50:00",SNOWSTH1,60.10
D,DISPATCH,UNIT_SCADA,1,"2019/08/21 01:50:00",SNOWTWN1,27.650340
D,DISPATCH,UNIT_SCADA,1,"2019/08/21 01:50:00",SNOWYP,381.600010
D,DISPATCH,UNIT_SCADA,1,"2019/08/21 01:50:00",SNUG1,0.019440
D,DISPATCH,UNIT_SCADA,1,"2019/08/21 01:50:00",SRSF1,0.07
D,DISPATCH,UNIT_SCADA,1,"2019/08/21 01:50:00",STAN-1,0
D,DISPATCH,UNIT_SCADA,1,"2019/08/21 01:50:00",STAN-2,198.573360
D,DISPATCH,UNIT_SCADA,1,"2019/08/21 01:50:00",STAN-3,219.876540
D,DISPATCH,UNIT_SCADA,1,"2019/08/21 01:50:00",STAN-4,206.2384
D,DISPATCH,UNIT_SCADA,1,"2019/08/21 01:50:00",STWF1,142.2450
D,DISPATCH,UNIT_SCADA,1,"2019/08/21 01:50:00",SWAN_E,0
D,DISPATCH,UNIT_SCADA,1,"2019/08/21 01:50:00",TALWA1,189
D,DISPATCH,UNIT_SCADA,1,"2019/08/21 01:50:00",TARALGA1,53.801240
D,DISPATCH,UNIT_SCADA,1,"2019/08/21 01:50:00",TARONG#1,279
D,DISPATCH,UNIT_SCADA,1,"2019/08/21 01:50:00",TARONG#2,110.50
D,DISPATCH,UNIT_SCADA,1,"2019/08/21 01:50:00",TARONG#3,259.50
D,DISPATCH,UNIT_SCADA,1,"2019/08/21 01:50:00",TARONG#4,280.600010
D,DISPATCH,UNIT_SCADA,1,"2019/08/21 01:50:00",TARRALEA,85
D,DISPATCH,UNIT_SCADA,1,"2019/08/21 01:50:00",TBSF1,-0.20
D,DISPATCH,UNIT_SCADA,1,"2019/08/21 01:50:00",TNPS1,400.000030
D,DISPATCH,UNIT_SCADA,1,"2019/08/21 01:50:00",TORRA1,42.259850
D,DISPATCH,UNIT_SCADA,1,"2019/08/21 01:50:00",TORRA2,0
D,DISPATCH,UNIT_SCADA,1,"2019/08/21 01:50:00",TORRA3,0
D,DISPATCH,UNIT_SCADA,1,"2019/08/21 01:50:00",TORRA4,0
D,DISPATCH,UNIT_SCADA,1,"2019/08/21 01:50:00",TORRB1,39.59
D,DISPATCH,UNIT_SCADA,1,"2019/08/21 01:50:00",TORRB2,40.09
D,DISPATCH,UNIT_SCADA,1,"2019/08/21 01:50:00",TORRB3,0
D,DISPATCH,UNIT_SCADA,1,"2019/08/21 01:50:00",TORRB4,0
D,DISPATCH,UNIT_SCADA,1,"2019/08/21 01:50:00",TREVALLN,2.30
D,DISPATCH,UNIT_SCADA,1,"2019/08/21 01:50:00",TRIBUTE,0
D,DISPATCH,UNIT_SCADA,1,"2019/08/21 01:50:00",TUMUT3,0
D,DISPATCH,UNIT_SCADA,1,"2019/08/21 01:50:00",TUNGATIN,3.30
D,DISPATCH,UNIT_SCADA,1,"2019/08/21 01:50:00",TVCC201,0
D,DISPATCH,UNIT_SCADA,1,"2019/08/21 01:50:00",TVPP104,0
D,DISPATCH,UNIT_SCADA,1,"2019/08/21 01:50:00",UPPTUMUT,0
D,DISPATCH,UNIT_SCADA,1,"2019/08/21 01:50:00",URANQ11,0
D,DISPATCH,UNIT_SCADA,1,"2019/08/21 01:50:00",URANQ12,0
D,DISPATCH,UNIT_SCADA,1,"2019/08/21 01:50:00",URANQ13,0
D,DISPATCH,UNIT_SCADA,1,"2019/08/21 01:50:00",URANQ14,0
D,DISPATCH,UNIT_SCADA,1,"2019/08/21 01:50:00",VP5,399.974980
D,DISPATCH,UNIT_SCADA,1,"2019/08/21 01:50:00",VP6,393.799990
D,DISPATCH,UNIT_SCADA,1,"2019/08/21 01:50:00",VPGS1,0
D,DISPATCH,UNIT_SCADA,1,"2019/08/21 01:50:00",VPGS2,0
D,DISPATCH,UNIT_SCADA,1,"2019/08/21 01:50:00",VPGS3,0
D,DISPATCH,UNIT_SCADA,1,"2019/08/21 01:50:00",VPGS4,0
D,DISPATCH,UNIT_SCADA,1,"2019/08/21 01:50:00",VPGS5,0
D,DISPATCH,UNIT_SCADA,1,"2019/08/21 01:50:00",VPGS6,0
D,DISPATCH,UNIT_SCADA,1,"2019/08/21 01:50:00",W/HOE#1,0
D,DISPATCH,UNIT_SCADA,1,"2019/08/21 01:50:00",W/HOE#2,0
D,DISPATCH,UNIT_SCADA,1,"2019/08/21 01:50:00",WATERLWF,98.30
D,DISPATCH,UNIT_SCADA,1,"2019/08/21 01:50:00",WEMENSF1,0
D,DISPATCH,UNIT_SCADA,1,"2019/08/21 01:50:00",WGWF1,95.50
D,DISPATCH,UNIT_SCADA,1,"2019/08/21 01:50:00",WHITSF1,0
D,DISPATCH,UNIT_SCADA,1,"2019/08/21 01:50:00",WKIEWA1,34
D,DISPATCH,UNIT_SCADA,1,"2019/08/21 01:50:00",WKIEWA2,17.10
D,DISPATCH,UNIT_SCADA,1,"2019/08/21 01:50:00",WOODLWN1,34.694990
D,DISPATCH,UNIT_SCADA,1,"2019/08/21 01:50:00",WRSF1,0
D,DISPATCH,UNIT_SCADA,1,"2019/08/21 01:50:00",WRWF1,137.778750
D,DISPATCH,UNIT_SCADA,1,"2019/08/21 01:50:00",YABULU,0
D,DISPATCH,UNIT_SCADA,1,"2019/08/21 01:50:00",YABULU2,0
D,DISPATCH,UNIT_SCADA,1,"2019/08/21 01:50:00",YARWUN_1,0
D,DISPATCH,UNIT_SCADA,1,"2019/08/21 01:50:00",YENDWF1,42.15
D,DISPATCH,UNIT_SCADA,1,"2019/08/21 01:50:00",YWPS1,378.445560
D,DISPATCH,UNIT_SCADA,1,"2019/08/21 01:50:00",YWPS2,278.693660
D,DISPATCH,UNIT_SCADA,1,"2019/08/21 01:50:00",YWPS3,0
D,DISPATCH,UNIT_SCADA,1,"2019/08/21 01:50:00",YWPS4,395.520260
C,"END OF REPORT",334
