C,NEMP.WORLD,DISPATCHSCADA,AEMO,PUBLIC,2019/08/22,22:35:09,0000000311884504,DISPATCHSCADA,0000000311884498
I,DISPATCH,UNIT_SCADA,1,SETTLEMENTDATE,DUID,SCADAVALUE
D,DISPATCH,UNIT_SCADA,1,"2019/08/22 22:40:00",BARCSF1,0
D,DISPATCH,UNIT_SCADA,1,"2019/08/22 22:40:00",BUTLERSG,9.699999
D,DISPATCH,UNIT_SCADA,1,"2019/08/22 22:40:00",CALL_A_4,0
D,DISPATCH,UNIT_SCADA,1,"2019/08/22 22:40:00",CAPTL_WF,25.099998
D,DISPATCH,UNIT_SCADA,1,"2019/08/22 22:40:00",CATHROCK,6.869999
D,DISPATCH,UNIT_SCADA,1,"2019/08/22 22:40:00",CHALLHWF,3.50
D,DISPATCH,UNIT_SCADA,1,"2019/08/22 22:40:00",CLOVER,0
D,DISPATCH,UNIT_SCADA,1,"2019/08/22 22:40:00",CLUNY,20.159761
D,DISPATCH,UNIT_SCADA,1,"2019/08/22 22:40:00",CNUNDAWF,0
D,DISPATCH,UNIT_SCADA,1,"2019/08/22 22:40:00",CULLRGWF,6.13
D,DISPATCH,UNIT_SCADA,1,"2019/08/22 22:40:00",ERGT01,0
D,DISPATCH,UNIT_SCADA,1,"2019/08/22 22:40:00",GB01,0.063931
D,DISPATCH,UNIT_SCADA,1,"2019/08/22 22:40:00",GERMCRK,34.50
D,DISPATCH,UNIT_SCADA,1,"2019/08/22 22:40:00",GRIFSF1,0
D,DISPATCH,UNIT_SCADA,1,"2019/08/22 22:40:00",HUGSF1,-0.2370
D,DISPATCH,UNIT_SCADA,1,"2019/08/22 22:40:00",LKBONNY1,-0.449338
D,DISPATCH,UNIT_SCADA,1,"2019/08/22 22:40:00",LRSF1,-0.0130
D,DISPATCH,UNIT_SCADA,1,"2019/08/22 22:40:00",MBAHNTH,47.868759
D,DISPATCH,UNIT_SCADA,1,"2019/08/22 22:40:00",MLSP1,0.180001
D,DISPATCH,UNIT_SCADA,1,"2019/08/22 22:40:00",MLWF1,0.81
D,DISPATCH,UNIT_SCADA,1,"2019/08/22 22:40:00",MTMILLAR,5.342862
D,DISPATCH,UNIT_SCADA,1,"2019/08/22 22:40:00",PALOONA,28.68
D,DISPATCH,UNIT_SCADA,1,"2019/08/22 22:40:00",PIONEER,46.600002
D,DISPATCH,UNIT_SCADA,1,"2019/08/22 22:40:00",PORTWF,0.40
D,DISPATCH,UNIT_SCADA,1,"2019/08/22 22:40:00",REPULSE,29.158770
D,DISPATCH,UNIT_SCADA,1,"2019/08/22 22:40:00",ROWALLAN,10.3518
D,DISPATCH,UNIT_SCADA,1,"2019/08/22 22:40:00",ROYALLA1,0
D,DISPATCH,UNIT_SCADA,1,"2019/08/22 22:40:00",RPCG,9.90
D,DISPATCH,UNIT_SCADA,1,"2019/08/22 22:40:00",RUBICON,0
D,DISPATCH,UNIT_SCADA,1,"2019/08/22 22:40:00",SATGN1,0
D,DISPATCH,UNIT_SCADA,1,"2019/08/22 22:40:00",SATGS1,0
D,DISPATCH,UNIT_SCADA,1,"2019/08/22 22:40:00",STARHLWF,-0.099971
D,DISPATCH,UNIT_SCADA,1,"2019/08/22 22:40:00",WAUBRAWF,45.356998
D,DISPATCH,UNIT_SCADA,1,"2019/08/22 22:40:00",WOOLNTH1,32.840015
D,DISPATCH,UNIT_SCADA,1,"2019/08/22 22:40:00",WPWF,0
D,DISPATCH,UNIT_SCADA,1,"2019/08/22 22:40:00",YAMBUKWF,-0.20
D,DISPATCH,UNIT_SCADA,1,"2019/08/22 22:40:00",YSWF1,1.40
D,DISPATCH,UNIT_SCADA,1,"2019/08/22 22:40:00",AGLHAL,0
D,DISPATCH,UNIT_SCADA,1,"2019/08/22 22:40:00",AGLSOM,81.100010
D,DISPATCH,UNIT_SCADA,1,"2019/08/22 22:40:00",ANGAST1,0
D,DISPATCH,UNIT_SCADA,1,"2019/08/22 22:40:00",ARWF1,33.80
D,DISPATCH,UNIT_SCADA,1,"2019/08/22 22:40:00",BALBG1,0
D,DISPATCH,UNIT_SCADA,1,"2019/08/22 22:40:00",BALBL1,0
D,DISPATCH,UNIT_SCADA,1,"2019/08/22 22:40:00",BALDHWF1,21.6780
D,DISPATCH,UNIT_SCADA,1,"2019/08/22 22:40:00",BANN1,0
D,DISPATCH,UNIT_SCADA,1,"2019/08/22 22:40:00",BARCALDN,0
D,DISPATCH,UNIT_SCADA,1,"2019/08/22 22:40:00",BARRON-1,0
D,DISPATCH,UNIT_SCADA,1,"2019/08/22 22:40:00",BARRON-2,16.28
D,DISPATCH,UNIT_SCADA,1,"2019/08/22 22:40:00",BASTYAN,77.91
D,DISPATCH,UNIT_SCADA,1,"2019/08/22 22:40:00",BBTHREE1,-2.08
D,DISPATCH,UNIT_SCADA,1,"2019/08/22 22:40:00",BBTHREE2,-2.11
D,DISPATCH,UNIT_SCADA,1,"2019/08/22 22:40:00",BBTHREE3,-1.15
D,DISPATCH,UNIT_SCADA,1,"2019/08/22 22:40:00",BDL01,0
D,DISPATCH,UNIT_SCADA,1,"2019/08/22 22:40:00",BDL02,-0.12
D,DISPATCH,UNIT_SCADA,1,"2019/08/22 22:40:00",BERYLSF1,-0.179440
D,DISPATCH,UNIT_SCADA,1,"2019/08/22 22:40:00",BLOWERNG,0
D,DISPATCH,UNIT_SCADA,1,"2019/08/22 22:40:00",BLUFF1,8.30
D,DISPATCH,UNIT_SCADA,1,"2019/08/22 22:40:00",BNGSF1,0
D,DISPATCH,UNIT_SCADA,1,"2019/08/22 22:40:00",BNGSF2,0
D,DISPATCH,UNIT_SCADA,1,"2019/08/22 22:40:00",BOCORWF1,78.73
D,DISPATCH,UNIT_SCADA,1,"2019/08/22 22:40:00",BODWF1,66.240780
D,DISPATCH,UNIT_SCADA,1,"2019/08/22 22:40:00",BRAEMAR1,0
D,DISPATCH,UNIT_SCADA,1,"2019/08/22 22:40:00",BRAEMAR2,0
D,DISPATCH,UNIT_SCADA,1,"2019/08/22 22:40:00",BRAEMAR3,0
D,DISPATCH,UNIT_SCADA,1,"2019/08/22 22:40:00",BRAEMAR5,0
D,DISPATCH,UNIT_SCADA,1,"2019/08/22 22:40:00",BRAEMAR6,0
D,DISPATCH,UNIT_SCADA,1,"2019/08/22 22:40:00",BRAEMAR7,101.143050
D,DISPATCH,UNIT_SCADA,1,"2019/08/22 22:40:00",BROKENH1,0
D,DISPATCH,UNIT_SCADA,1,"2019/08/22 22:40:00",BW01,658.049930
D,DISPATCH,UNIT_SCADA,1,"2019/08/22 22:40:00",BW02,644.974980
D,DISPATCH,UNIT_SCADA,1,"2019/08/22 22:40:00",BW03,659.525020
D,DISPATCH,UNIT_SCADA,1,"2019/08/22 22:40:00",BW04,0
D,DISPATCH,UNIT_SCADA,1,"2019/08/22 22:40:00",CALL_B_1,0
D,DISPATCH,UNIT_SCADA,1,"2019/08/22 22:40:00",CALL_B_2,350
D,DISPATCH,UNIT_SCADA,1,"2019/08/22 22:40:00",CETHANA,97.825250
D,DISPATCH,UNIT_SCADA,1,"2019/08/22 22:40:00",CG1,0
D,DISPATCH,UNIT_SCADA,1,"2019/08/22 22:40:00",CG2,0
D,DISPATCH,UNIT_SCADA,1,"2019/08/22 22:40:00",CG3,0
D,DISPATCH,UNIT_SCADA,1,"2019/08/22 22:40:00",CG4,0
D,DISPATCH,UNIT_SCADA,1,"2019/08/22 22:40:00",CHILDSF1,0
D,DISPATCH,UNIT_SCADA,1,"2019/08/22 22:40:00",CLARESF1,0
D,DISPATCH,UNIT_SCADA,1,"2019/08/22 22:40:00",CLEMGPWF,3.673790
D,DISPATCH,UNIT_SCADA,1,"2019/08/22 22:40:00",CLERMSF1,0
D,DISPATCH,UNIT_SCADA,1,"2019/08/22 22:40:00",COLEASF1,0
D,DISPATCH,UNIT_SCADA,1,"2019/08/22 22:40:00",COOPGWF1,31.711020
D,DISPATCH,UNIT_SCADA,1,"2019/08/22 22:40:00",CPP_3,405.6250
D,DISPATCH,UNIT_SCADA,1,"2019/08/22 22:40:00",CPP_4,406.175020
D,DISPATCH,UNIT_SCADA,1,"2019/08/22 22:40:00",CPSA,142.382510
D,DISPATCH,UNIT_SCADA,1,"2019/08/22 22:40:00",CROOKWF2,7.996250
D,DISPATCH,UNIT_SCADA,1,"2019/08/22 22:40:00",CROWLWF1,14.593020
D,DISPATCH,UNIT_SCADA,1,"2019/08/22 22:40:00",CSPVPS1,0
D,DISPATCH,UNIT_SCADA,1,"2019/08/22 22:40:00",DALNTH01,0
D,DISPATCH,UNIT_SCADA,1,"2019/08/22 22:40:00",DALNTHL1,0.148010
D,DISPATCH,UNIT_SCADA,1,"2019/08/22 22:40:00",DARTM1,134.30
D,DISPATCH,UNIT_SCADA,1,"2019/08/22 22:40:00",DAYDSF1,0
D,DISPATCH,UNIT_SCADA,1,"2019/08/22 22:40:00",DDPS1,502.475010
D,DISPATCH,UNIT_SCADA,1,"2019/08/22 22:40:00",DDSF1,0
D,DISPATCH,UNIT_SCADA,1,"2019/08/22 22:40:00",DEVILS_G,0
D,DISPATCH,UNIT_SCADA,1,"2019/08/22 22:40:00",DG_NSW1,0
D,DISPATCH,UNIT_SCADA,1,"2019/08/22 22:40:00",DG_QLD1,0
D,DISPATCH,UNIT_SCADA,1,"2019/08/22 22:40:00",DG_SA1,0
D,DISPATCH,UNIT_SCADA,1,"2019/08/22 22:40:00",DG_TAS1,0
D,DISPATCH,UNIT_SCADA,1,"2019/08/22 22:40:00",DG_VIC1,0
D,DISPATCH,UNIT_SCADA,1,"2019/08/22 22:40:00",DRYCGT1,0
D,DISPATCH,UNIT_SCADA,1,"2019/08/22 22:40:00",DRYCGT2,0
D,DISPATCH,UNIT_SCADA,1,"2019/08/22 22:40:00",DRYCGT3,0
D,DISPATCH,UNIT_SCADA,1,"2019/08/22 22:40:00",EILDON1,0
D,DISPATCH,UNIT_SCADA,1,"2019/08/22 22:40:00",EILDON2,0
D,DISPATCH,UNIT_SCADA,1,"2019/08/22 22:40:00",EMERASF1,0
D,DISPATCH,UNIT_SCADA,1,"2019/08/22 22:40:00",ER01,593.1250
D,DISPATCH,UNIT_SCADA,1,"2019/08/22 22:40:00",ER02,699.675050
D,DISPATCH,UNIT_SCADA,1,"2019/08/22 22:40:00",ER03,575.474980
D,DISPATCH,UNIT_SCADA,1,"2019/08/22 22:40:00",ER04,698.400020
D,DISPATCH,UNIT_SCADA,1,"2019/08/22 22:40:00",FINLYSF1,0
D,DISPATCH,UNIT_SCADA,1,"2019/08/22 22:40:00",FISHER,46.09
D,DISPATCH,UNIT_SCADA,1,"2019/08/22 22:40:00",GANNBG1,0
D,DISPATCH,UNIT_SCADA,1,"2019/08/22 22:40:00",GANNBL1,0.033750
D,DISPATCH,UNIT_SCADA,1,"2019/08/22 22:40:00",GANNSF1,0
D,DISPATCH,UNIT_SCADA,1,"2019/08/22 22:40:00",GORDON,67.622240
D,DISPATCH,UNIT_SCADA,1,"2019/08/22 22:40:00",GSTONE1,271.774990
D,DISPATCH,UNIT_SCADA,1,"2019/08/22 22:40:00",GSTONE2,229.95
D,DISPATCH,UNIT_SCADA,1,"2019/08/22 22:40:00",GSTONE3,248.50
D,DISPATCH,UNIT_SCADA,1,"2019/08/22 22:40:00",GSTONE4,271.074980
D,DISPATCH,UNIT_SCADA,1,"2019/08/22 22:40:00",GSTONE5,273.8750
D,DISPATCH,UNIT_SCADA,1,"2019/08/22 22:40:00",GSTONE6,0
D,DISPATCH,UNIT_SCADA,1,"2019/08/22 22:40:00",GULLRSF1,0
D,DISPATCH,UNIT_SCADA,1,"2019/08/22 22:40:00",GULLRWF1,15.728150
D,DISPATCH,UNIT_SCADA,1,"2019/08/22 22:40:00",GUNNING1,3.9042
D,DISPATCH,UNIT_SCADA,1,"2019/08/22 22:40:00",GUTHEGA,0
D,DISPATCH,UNIT_SCADA,1,"2019/08/22 22:40:00",HALLWF1,43.08
D,DISPATCH,UNIT_SCADA,1,"2019/08/22 22:40:00",HALLWF2,27.01
D,DISPATCH,UNIT_SCADA,1,"2019/08/22 22:40:00",HAMISF1,0
D,DISPATCH,UNIT_SCADA,1,"2019/08/22 22:40:00",HAUGHT11,0
D,DISPATCH,UNIT_SCADA,1,"2019/08/22 22:40:00",HAYMSF1,0
D,DISPATCH,UNIT_SCADA,1,"2019/08/22 22:40:00",HDWF1,74.10
D,DISPATCH,UNIT_SCADA,1,"2019/08/22 22:40:00",HDWF2,65.60
D,DISPATCH,UNIT_SCADA,1,"2019/08/22 22:40:00",HDWF3,67.20
D,DISPATCH,UNIT_SCADA,1,"2019/08/22 22:40:00",HPRG1,24.80
D,DISPATCH,UNIT_SCADA,1,"2019/08/22 22:40:00",HPRL1,0
D,DISPATCH,UNIT_SCADA,1,"2019/08/22 22:40:00",HUMENSW,0
D,DISPATCH,UNIT_SCADA,1,"2019/08/22 22:40:00",HUMEV,9.40
D,DISPATCH,UNIT_SCADA,1,"2019/08/22 22:40:00",HVGTS,0
D,DISPATCH,UNIT_SCADA,1,"2019/08/22 22:40:00",JBUTTERS,140.25
D,DISPATCH,UNIT_SCADA,1,"2019/08/22 22:40:00",JLA01,0.10
D,DISPATCH,UNIT_SCADA,1,"2019/08/22 22:40:00",JLA02,0
D,DISPATCH,UNIT_SCADA,1,"2019/08/22 22:40:00",JLA03,0.10
D,DISPATCH,UNIT_SCADA,1,"2019/08/22 22:40:00",JLA04,0.10
D,DISPATCH,UNIT_SCADA,1,"2019/08/22 22:40:00",JLB01,0
D,DISPATCH,UNIT_SCADA,1,"2019/08/22 22:40:00",JLB02,0.10
D,DISPATCH,UNIT_SCADA,1,"2019/08/22 22:40:00",JLB03,0
D,DISPATCH,UNIT_SCADA,1,"2019/08/22 22:40:00",KAREEYA1,21.4575
D,DISPATCH,UNIT_SCADA,1,"2019/08/22 22:40:00",KAREEYA2,21.5350
D,DISPATCH,UNIT_SCADA,1,"2019/08/22 22:40:00",KAREEYA3,0
D,DISPATCH,UNIT_SCADA,1,"2019/08/22 22:40:00",KAREEYA4,21.6725
D,DISPATCH,UNIT_SCADA,1,"2019/08/22 22:40:00",KARSF1,0
D,DISPATCH,UNIT_SCADA,1,"2019/08/22 22:40:00",KIATAWF1,7.50
D,DISPATCH,UNIT_SCADA,1,"2019/08/22 22:40:00",KPP_1,0
D,DISPATCH,UNIT_SCADA,1,"2019/08/22 22:40:00",KSP1,0
D,DISPATCH,UNIT_SCADA,1,"2019/08/22 22:40:00",LADBROK1,42.82
D,DISPATCH,UNIT_SCADA,1,"2019/08/22 22:40:00",LADBROK2,43.03
D,DISPATCH,UNIT_SCADA,1,"2019/08/22 22:40:00",LD01,418.631290
D,DISPATCH,UNIT_SCADA,1,"2019/08/22 22:40:00",LD02,351.599950
D,DISPATCH,UNIT_SCADA,1,"2019/08/22 22:40:00",LD03,416.831270
D,DISPATCH,UNIT_SCADA,1,"2019/08/22 22:40:00",LD04,380.774960
D,DISPATCH,UNIT_SCADA,1,"2019/08/22 22:40:00",LEM_WIL,86.2183
D,DISPATCH,UNIT_SCADA,1,"2019/08/22 22:40:00",LGAPWF1,0.75
D,DISPATCH,UNIT_SCADA,1,"2019/08/22 22:40:00",LILYSF1,0
D,DISPATCH,UNIT_SCADA,1,"2019/08/22 22:40:00",LI_WY_CA,149.1358
D,DISPATCH,UNIT_SCADA,1,"2019/08/22 22:40:00",LKBONNY2,-1.215970
D,DISPATCH,UNIT_SCADA,1,"2019/08/22 22:40:00",LKBONNY3,-0.169210
D,DISPATCH,UNIT_SCADA,1,"2019/08/22 22:40:00",LK_ECHO,0
D,DISPATCH,UNIT_SCADA,1,"2019/08/22 22:40:00",LNGS1,0
D,DISPATCH,UNIT_SCADA,1,"2019/08/22 22:40:00",LNGS2,0
D,DISPATCH,UNIT_SCADA,1,"2019/08/22 22:40:00",LONSDALE,0
D,DISPATCH,UNIT_SCADA,1,"2019/08/22 22:40:00",LOYYB1,536.088620
D,DISPATCH,UNIT_SCADA,1,"2019/08/22 22:40:00",LOYYB2,581.202510
D,DISPATCH,UNIT_SCADA,1,"2019/08/22 22:40:00",LYA1,559
D,DISPATCH,UNIT_SCADA,1,"2019/08/22 22:40:00",LYA2,0
D,DISPATCH,UNIT_SCADA,1,"2019/08/22 22:40:00",LYA3,557
D,DISPATCH,UNIT_SCADA,1,"2019/08/22 22:40:00",LYA4,540
D,DISPATCH,UNIT_SCADA,1,"2019/08/22 22:40:00",MACARTH1,0
D,DISPATCH,UNIT_SCADA,1,"2019/08/22 22:40:00",MACKAYGT,0
D,DISPATCH,UNIT_SCADA,1,"2019/08/22 22:40:00",MACKNTSH,86.680010
D,DISPATCH,UNIT_SCADA,1,"2019/08/22 22:40:00",MANSLR1,0
D,DISPATCH,UNIT_SCADA,1,"2019/08/22 22:40:00",MCKAY1,0.02
D,DISPATCH,UNIT_SCADA,1,"2019/08/22 22:40:00",MEADOWBK,33.695820
D,DISPATCH,UNIT_SCADA,1,"2019/08/22 22:40:00",MERCER01,3.7980
D,DISPATCH,UNIT_SCADA,1,"2019/08/22 22:40:00",MEWF1,5.496830
D,DISPATCH,UNIT_SCADA,1,"2019/08/22 22:40:00",MINTARO,0
D,DISPATCH,UNIT_SCADA,1,"2019/08/22 22:40:00",MOREESF1,0
D,DISPATCH,UNIT_SCADA,1,"2019/08/22 22:40:00",MORTLK11,123
D,DISPATCH,UNIT_SCADA,1,"2019/08/22 22:40:00",MORTLK12,0
D,DISPATCH,UNIT_SCADA,1,"2019/08/22 22:40:00",MP1,277.525020
D,DISPATCH,UNIT_SCADA,1,"2019/08/22 22:40:00",MP2,0
D,DISPATCH,UNIT_SCADA,1,"2019/08/22 22:40:00",MPP_1,374.75
D,DISPATCH,UNIT_SCADA,1,"2019/08/22 22:40:00",MPP_2,398.75
D,DISPATCH,UNIT_SCADA,1,"2019/08/22 22:40:00",MSTUART1,0
D,DISPATCH,UNIT_SCADA,1,"2019/08/22 22:40:00",MSTUART2,0
D,DISPATCH,UNIT_SCADA,1,"2019/08/22 22:40:00",MSTUART3,0
D,DISPATCH,UNIT_SCADA,1,"2019/08/22 22:40:00",MTGELWF1,6.486710
D,DISPATCH,UNIT_SCADA,1,"2019/08/22 22:40:00",MURRAY,0
D,DISPATCH,UNIT_SCADA,1,"2019/08/22 22:40:00",MUSSELR1,-0.70
D,DISPATCH,UNIT_SCADA,1,"2019/08/22 22:40:00",MUWAWF1,0.03
D,DISPATCH,UNIT_SCADA,1,"2019/08/22 22:40:00",NBHWF1,78.10
D,DISPATCH,UNIT_SCADA,1,"2019/08/22 22:40:00",NPS,492.3750
D,DISPATCH,UNIT_SCADA,1,"2019/08/22 22:40:00",NUMURSF1,0
D,DISPATCH,UNIT_SCADA,1,"2019/08/22 22:40:00",NYNGAN1,0
D,DISPATCH,UNIT_SCADA,1,"2019/08/22 22:40:00",OAKEY1,0
D,DISPATCH,UNIT_SCADA,1,"2019/08/22 22:40:00",OAKEY1SF,0
D,DISPATCH,UNIT_SCADA,1,"2019/08/22 22:40:00",OAKEY2,0
D,DISPATCH,UNIT_SCADA,1,"2019/08/22 22:40:00",OAKLAND1,7.40
D,DISPATCH,UNIT_SCADA,1,"2019/08/22 22:40:00",OSB-AG,140.08
D,DISPATCH,UNIT_SCADA,1,"2019/08/22 22:40:00",PARSF1,0
D,DISPATCH,UNIT_SCADA,1,"2019/08/22 22:40:00",POAT110,0
D,DISPATCH,UNIT_SCADA,1,"2019/08/22 22:40:00",POAT220,10.48
D,DISPATCH,UNIT_SCADA,1,"2019/08/22 22:40:00",POR01,0
D,DISPATCH,UNIT_SCADA,1,"2019/08/22 22:40:00",POR03,0
D,DISPATCH,UNIT_SCADA,1,"2019/08/22 22:40:00",PPCCGT,495.011350
D,DISPATCH,UNIT_SCADA,1,"2019/08/22 22:40:00",PTSTAN1,0
D,DISPATCH,UNIT_SCADA,1,"2019/08/22 22:40:00",PUMP1,0
D,DISPATCH,UNIT_SCADA,1,"2019/08/22 22:40:00",PUMP2,0
D,DISPATCH,UNIT_SCADA,1,"2019/08/22 22:40:00",QPS1,29.10
D,DISPATCH,UNIT_SCADA,1,"2019/08/22 22:40:00",QPS2,0
D,DISPATCH,UNIT_SCADA,1,"2019/08/22 22:40:00",QPS3,0
D,DISPATCH,UNIT_SCADA,1,"2019/08/22 22:40:00",QPS4,0
D,DISPATCH,UNIT_SCADA,1,"2019/08/22 22:40:00",QPS5,126.35
D,DISPATCH,UNIT_SCADA,1,"2019/08/22 22:40:00",REECE1,118.720010
D,DISPATCH,UNIT_SCADA,1,"2019/08/22 22:40:00",REECE2,119.160010
D,DISPATCH,UNIT_SCADA,1,"2019/08/22 22:40:00",ROMA_7,0
D,DISPATCH,UNIT_SCADA,1,"2019/08/22 22:40:00",ROMA_8,0
D,DISPATCH,UNIT_SCADA,1,"2019/08/22 22:40:00",RRSF1,0
D,DISPATCH,UNIT_SCADA,1,"2019/08/22 22:40:00",RT_NSW1,0
D,DISPATCH,UNIT_SCADA,1,"2019/08/22 22:40:00",RT_NSW2,0
D,DISPATCH,UNIT_SCADA,1,"2019/08/22 22:40:00",RT_NSW3,0
D,DISPATCH,UNIT_SCADA,1,"2019/08/22 22:40:00",RT_NSW4,0
D,DISPATCH,UNIT_SCADA,1,"2019/08/22 22:40:00",RT_NSW5,0
D,DISPATCH,UNIT_SCADA,1,"2019/08/22 22:40:00",RT_NSW6,0
D,DISPATCH,UNIT_SCADA,1,"2019/08/22 22:40:00",RT_QLD1,0
D,DISPATCH,UNIT_SCADA,1,"2019/08/22 22:40:00",RT_SA1,0
D,DISPATCH,UNIT_SCADA,1,"2019/08/22 22:40:00",RT_SA2,0
D,DISPATCH,UNIT_SCADA,1,"2019/08/22 22:40:00",RT_SA3,0
D,DISPATCH,UNIT_SCADA,1,"2019/08/22 22:40:00",RT_SA4,0
D,DISPATCH,UNIT_SCADA,1,"2019/08/22 22:40:00",RT_SA5,0
D,DISPATCH,UNIT_SCADA,1,"2019/08/22 22:40:00",RT_SA6,0
D,DISPATCH,UNIT_SCADA,1,"2019/08/22 22:40:00",RT_TAS1,0
D,DISPATCH,UNIT_SCADA,1,"2019/08/22 22:40:00",RT_VIC1,0
D,DISPATCH,UNIT_SCADA,1,"2019/08/22 22:40:00",RT_VIC10,0
D,DISPATCH,UNIT_SCADA,1,"2019/08/22 22:40:00",RT_VIC11,0
D,DISPATCH,UNIT_SCADA,1,"2019/08/22 22:40:00",RT_VIC12,0
D,DISPATCH,UNIT_SCADA,1,"2019/08/22 22:40:00",RT_VIC2,0
D,DISPATCH,UNIT_SCADA,1,"2019/08/22 22:40:00",RT_VIC3,0
D,DISPATCH,UNIT_SCADA,1,"2019/08/22 22:40:00",RT_VIC4,0
D,DISPATCH,UNIT_SCADA,1,"2019/08/22 22:40:00",RT_VIC5,0
D,DISPATCH,UNIT_SCADA,1,"2019/08/22 22:40:00",RT_VIC6,0
D,DISPATCH,UNIT_SCADA,1,"2019/08/22 22:40:00",RT_VIC7,0
D,DISPATCH,UNIT_SCADA,1,"2019/08/22 22:40:00",RT_VIC8,0
D,DISPATCH,UNIT_SCADA,1,"2019/08/22 22:40:00",RT_VIC9,0
D,DISPATCH,UNIT_SCADA,1,"2019/08/22 22:40:00",RUGBYR1,0
D,DISPATCH,UNIT_SCADA,1,"2019/08/22 22:40:00",SALTCRK1,-0.49
D,DISPATCH,UNIT_SCADA,1,"2019/08/22 22:40:00",SAPHWF1,43.321870
D,DISPATCH,UNIT_SCADA,1,"2019/08/22 22:40:00",SHGEN,0
D,DISPATCH,UNIT_SCADA,1,"2019/08/22 22:40:00",SHPUMP,0
D,DISPATCH,UNIT_SCADA,1,"2019/08/22 22:40:00",SITHE01,0.224190
D,DISPATCH,UNIT_SCADA,1,"2019/08/22 22:40:00",SMCSF1,0
D,DISPATCH,UNIT_SCADA,1,"2019/08/22 22:40:00",SNOWNTH1,7.90
D,DISPATCH,UNIT_SCADA,1,"2019/08/22 22:40:00",SNOWSTH1,6.20
D,DISPATCH,UNIT_SCADA,1,"2019/08/22 22:40:00",SNOWTWN1,7.806510
D,DISPATCH,UNIT_SCADA,1,"2019/08/22 22:40:00",SNOWYP,0
D,DISPATCH,UNIT_SCADA,1,"2019/08/22 22:40:00",SNUG1,0.019440
D,DISPATCH,UNIT_SCADA,1,"2019/08/22 22:40:00",SRSF1,0
D,DISPATCH,UNIT_SCADA,1,"2019/08/22 22:40:00",STAN-1,0
D,DISPATCH,UNIT_SCADA,1,"2019/08/22 22:40:00",STAN-2,324.521060
D,DISPATCH,UNIT_SCADA,1,"2019/08/22 22:40:00",STAN-3,314.946170
D,DISPATCH,UNIT_SCADA,1,"2019/08/22 22:40:00",STAN-4,312.946590
D,DISPATCH,UNIT_SCADA,1,"2019/08/22 22:40:00",STWF1,157.556240
D,DISPATCH,UNIT_SCADA,1,"2019/08/22 22:40:00",SWAN_E,0
D,DISPATCH,UNIT_SCADA,1,"2019/08/22 22:40:00",TALWA1,423
D,DISPATCH,UNIT_SCADA,1,"2019/08/22 22:40:00",TARALGA1,28.083760
D,DISPATCH,UNIT_SCADA,1,"2019/08/22 22:40:00",TARONG#1,344.399990
D,DISPATCH,UNIT_SCADA,1,"2019/08/22 22:40:00",TARONG#2,343.399990
D,DISPATCH,UNIT_SCADA,1,"2019/08/22 22:40:00",TARONG#3,259.899990
D,DISPATCH,UNIT_SCADA,1,"2019/08/22 22:40:00",TARONG#4,342.800020
D,DISPATCH,UNIT_SCADA,1,"2019/08/22 22:40:00",TARRALEA,83.80
D,DISPATCH,UNIT_SCADA,1,"2019/08/22 22:40:00",TBSF1,-0.20
D,DISPATCH,UNIT_SCADA,1,"2019/08/22 22:40:00",TNPS1,442.300020
D,DISPATCH,UNIT_SCADA,1,"2019/08/22 22:40:00",TORRA1,110.435970
D,DISPATCH,UNIT_SCADA,1,"2019/08/22 22:40:00",TORRA2,0
D,DISPATCH,UNIT_SCADA,1,"2019/08/22 22:40:00",TORRA3,49.492550
D,DISPATCH,UNIT_SCADA,1,"2019/08/22 22:40:00",TORRA4,100.665990
D,DISPATCH,UNIT_SCADA,1,"2019/08/22 22:40:00",TORRB1,125.93
D,DISPATCH,UNIT_SCADA,1,"2019/08/22 22:40:00",TORRB2,182.75
D,DISPATCH,UNIT_SCADA,1,"2019/08/22 22:40:00",TORRB3,0
D,DISPATCH,UNIT_SCADA,1,"2019/08/22 22:40:00",TORRB4,0
D,DISPATCH,UNIT_SCADA,1,"2019/08/22 22:40:00",TREVALLN,70.350030
D,DISPATCH,UNIT_SCADA,1,"2019/08/22 22:40:00",TRIBUTE,84.79
D,DISPATCH,UNIT_SCADA,1,"2019/08/22 22:40:00",TUMUT3,0
D,DISPATCH,UNIT_SCADA,1,"2019/08/22 22:40:00",TUNGATIN,140.460040
D,DISPATCH,UNIT_SCADA,1,"2019/08/22 22:40:00",TVCC201,0
D,DISPATCH,UNIT_SCADA,1,"2019/08/22 22:40:00",TVPP104,57.943780
D,DISPATCH,UNIT_SCADA,1,"2019/08/22 22:40:00",UPPTUMUT,375.922580
D,DISPATCH,UNIT_SCADA,1,"2019/08/22 22:40:00",URANQ11,0
D,DISPATCH,UNIT_SCADA,1,"2019/08/22 22:40:00",URANQ12,0
D,DISPATCH,UNIT_SCADA,1,"2019/08/22 22:40:00",URANQ13,0
D,DISPATCH,UNIT_SCADA,1,"2019/08/22 22:40:00",URANQ14,0
D,DISPATCH,UNIT_SCADA,1,"2019/08/22 22:40:00",VP5,599.149960
D,DISPATCH,UNIT_SCADA,1,"2019/08/22 22:40:00",VP6,600.349980
D,DISPATCH,UNIT_SCADA,1,"2019/08/22 22:40:00",VPGS1,0
D,DISPATCH,UNIT_SCADA,1,"2019/08/22 22:40:00",VPGS2,0
D,DISPATCH,UNIT_SCADA,1,"2019/08/22 22:40:00",VPGS3,0
D,DISPATCH,UNIT_SCADA,1,"2019/08/22 22:40:00",VPGS4,0
D,DISPATCH,UNIT_SCADA,1,"2019/08/22 22:40:00",VPGS5,0
D,DISPATCH,UNIT_SCADA,1,"2019/08/22 22:40:00",VPGS6,0
D,DISPATCH,UNIT_SCADA,1,"2019/08/22 22:40:00",W/HOE#1,0
D,DISPATCH,UNIT_SCADA,1,"2019/08/22 22:40:00",W/HOE#2,0
D,DISPATCH,UNIT_SCADA,1,"2019/08/22 22:40:00",WATERLWF,2.60
D,DISPATCH,UNIT_SCADA,1,"2019/08/22 22:40:00",WEMENSF1,0
D,DISPATCH,UNIT_SCADA,1,"2019/08/22 22:40:00",WGWF1,19.80
D,DISPATCH,UNIT_SCADA,1,"2019/08/22 22:40:00",WHITSF1,0
D,DISPATCH,UNIT_SCADA,1,"2019/08/22 22:40:00",WKIEWA1,32.10
D,DISPATCH,UNIT_SCADA,1,"2019/08/22 22:40:00",WKIEWA2,32.10
D,DISPATCH,UNIT_SCADA,1,"2019/08/22 22:40:00",WOODLWN1,16.199980
D,DISPATCH,UNIT_SCADA,1,"2019/08/22 22:40:00",WRSF1,0
D,DISPATCH,UNIT_SCADA,1,"2019/08/22 22:40:00",WRWF1,14.697510
D,DISPATCH,UNIT_SCADA,1,"2019/08/22 22:40:00",YABULU,0
D,DISPATCH,UNIT_SCADA,1,"2019/08/22 22:40:00",YABULU2,0
D,DISPATCH,UNIT_SCADA,1,"2019/08/22 22:40:00",YARWUN_1,0
D,DISPATCH,UNIT_SCADA,1,"2019/08/22 22:40:00",YENDWF1,1.38
D,DISPATCH,UNIT_SCADA,1,"2019/08/22 22:40:00",YWPS1,279.6962
D,DISPATCH,UNIT_SCADA,1,"2019/08/22 22:40:00",YWPS2,278.443020
D,DISPATCH,UNIT_SCADA,1,"2019/08/22 22:40:00",YWPS3,0
D,DISPATCH,UNIT_SCADA,1,"2019/08/22 22:40:00",YWPS4,382.535430
C,"END OF REPORT",334
