C,NEMP.WORLD,DISPATCHSCADA,AEMO,PUBLIC,2019/08/22,04:15:10,0000000311852501,DISPATCHSCADA,0000000311852495
I,DISPATCH,UNIT_SCADA,1,SETTLEMENTDATE,DUID,SCADAVALUE
D,DISPATCH,UNIT_SCADA,1,"2019/08/22 04:20:00",BARCSF1,0.70
D,DISPATCH,UNIT_SCADA,1,"2019/08/22 04:20:00",BUTLERSG,9.699999
D,DISPATCH,UNIT_SCADA,1,"2019/08/22 04:20:00",CALL_A_4,0
D,DISPATCH,UNIT_SCADA,1,"2019/08/22 04:20:00",CAPTL_WF,124.979996
D,DISPATCH,UNIT_SCADA,1,"2019/08/22 04:20:00",CATHROCK,12.61
D,DISPATCH,UNIT_SCADA,1,"2019/08/22 04:20:00",CHALLHWF,49.300003
D,DISPATCH,UNIT_SCADA,1,"2019/08/22 04:20:00",CLOVER,-0.01
D,DISPATCH,UNIT_SCADA,1,"2019/08/22 04:20:00",CLUNY,20.049896
D,DISPATCH,UNIT_SCADA,1,"2019/08/22 04:20:00",CNUNDAWF,37.844147
D,DISPATCH,UNIT_SCADA,1,"2019/08/22 04:20:00",CULLRGWF,28.34
D,DISPATCH,UNIT_SCADA,1,"2019/08/22 04:20:00",ERGT01,0
D,DISPATCH,UNIT_SCADA,1,"2019/08/22 04:20:00",GB01,0.061935
D,DISPATCH,UNIT_SCADA,1,"2019/08/22 04:20:00",GERMCRK,37.599998
D,DISPATCH,UNIT_SCADA,1,"2019/08/22 04:20:00",GRIFSF1,0
D,DISPATCH,UNIT_SCADA,1,"2019/08/22 04:20:00",HUGSF1,-0.2430
D,DISPATCH,UNIT_SCADA,1,"2019/08/22 04:20:00",LKBONNY1,66.803406
D,DISPATCH,UNIT_SCADA,1,"2019/08/22 04:20:00",LRSF1,0.0390
D,DISPATCH,UNIT_SCADA,1,"2019/08/22 04:20:00",MBAHNTH,56.025009
D,DISPATCH,UNIT_SCADA,1,"2019/08/22 04:20:00",MLSP1,0.271001
D,DISPATCH,UNIT_SCADA,1,"2019/08/22 04:20:00",MLWF1,19.139999
D,DISPATCH,UNIT_SCADA,1,"2019/08/22 04:20:00",MTMILLAR,15.388632
D,DISPATCH,UNIT_SCADA,1,"2019/08/22 04:20:00",PALOONA,8.08
D,DISPATCH,UNIT_SCADA,1,"2019/08/22 04:20:00",PIONEER,43.50
D,DISPATCH,UNIT_SCADA,1,"2019/08/22 04:20:00",PORTWF,122.800003
D,DISPATCH,UNIT_SCADA,1,"2019/08/22 04:20:00",REPULSE,0.000610
D,DISPATCH,UNIT_SCADA,1,"2019/08/22 04:20:00",ROWALLAN,10.3660
D,DISPATCH,UNIT_SCADA,1,"2019/08/22 04:20:00",ROYALLA1,0
D,DISPATCH,UNIT_SCADA,1,"2019/08/22 04:20:00",RPCG,11.60
D,DISPATCH,UNIT_SCADA,1,"2019/08/22 04:20:00",RUBICON,0
D,DISPATCH,UNIT_SCADA,1,"2019/08/22 04:20:00",SATGN1,0
D,DISPATCH,UNIT_SCADA,1,"2019/08/22 04:20:00",SATGS1,0
D,DISPATCH,UNIT_SCADA,1,"2019/08/22 04:20:00",STARHLWF,3.399009
D,DISPATCH,UNIT_SCADA,1,"2019/08/22 04:20:00",WAUBRAWF,173.759003
D,DISPATCH,UNIT_SCADA,1,"2019/08/22 04:20:00",WOOLNTH1,101.040024
D,DISPATCH,UNIT_SCADA,1,"2019/08/22 04:20:00",WPWF,21
D,DISPATCH,UNIT_SCADA,1,"2019/08/22 04:20:00",YAMBUKWF,27.700001
D,DISPATCH,UNIT_SCADA,1,"2019/08/22 04:20:00",YSWF1,28.799999
D,DISPATCH,UNIT_SCADA,1,"2019/08/22 04:20:00",AGLHAL,0
D,DISPATCH,UNIT_SCADA,1,"2019/08/22 04:20:00",AGLSOM,0
D,DISPATCH,UNIT_SCADA,1,"2019/08/22 04:20:00",ANGAST1,0
D,DISPATCH,UNIT_SCADA,1,"2019/08/22 04:20:00",ARWF1,210.30
D,DISPATCH,UNIT_SCADA,1,"2019/08/22 04:20:00",BALBG1,0
D,DISPATCH,UNIT_SCADA,1,"2019/08/22 04:20:00",BALBL1,6.15
D,DISPATCH,UNIT_SCADA,1,"2019/08/22 04:20:00",BALDHWF1,98.2130
D,DISPATCH,UNIT_SCADA,1,"2019/08/22 04:20:00",BANN1,0
D,DISPATCH,UNIT_SCADA,1,"2019/08/22 04:20:00",BARCALDN,0
D,DISPATCH,UNIT_SCADA,1,"2019/08/22 04:20:00",BARRON-1,0
D,DISPATCH,UNIT_SCADA,1,"2019/08/22 04:20:00",BARRON-2,25.68
D,DISPATCH,UNIT_SCADA,1,"2019/08/22 04:20:00",BASTYAN,78.320010
D,DISPATCH,UNIT_SCADA,1,"2019/08/22 04:20:00",BBTHREE1,-1.82
D,DISPATCH,UNIT_SCADA,1,"2019/08/22 04:20:00",BBTHREE2,-1.86
D,DISPATCH,UNIT_SCADA,1,"2019/08/22 04:20:00",BBTHREE3,0
D,DISPATCH,UNIT_SCADA,1,"2019/08/22 04:20:00",BDL01,0
D,DISPATCH,UNIT_SCADA,1,"2019/08/22 04:20:00",BDL02,0
D,DISPATCH,UNIT_SCADA,1,"2019/08/22 04:20:00",BERYLSF1,0
D,DISPATCH,UNIT_SCADA,1,"2019/08/22 04:20:00",BLOWERNG,0
D,DISPATCH,UNIT_SCADA,1,"2019/08/22 04:20:00",BLUFF1,22.40
D,DISPATCH,UNIT_SCADA,1,"2019/08/22 04:20:00",BNGSF1,0
D,DISPATCH,UNIT_SCADA,1,"2019/08/22 04:20:00",BNGSF2,0
D,DISPATCH,UNIT_SCADA,1,"2019/08/22 04:20:00",BOCORWF1,111.13
D,DISPATCH,UNIT_SCADA,1,"2019/08/22 04:20:00",BODWF1,104.323230
D,DISPATCH,UNIT_SCADA,1,"2019/08/22 04:20:00",BRAEMAR1,0
D,DISPATCH,UNIT_SCADA,1,"2019/08/22 04:20:00",BRAEMAR2,0
D,DISPATCH,UNIT_SCADA,1,"2019/08/22 04:20:00",BRAEMAR3,0
D,DISPATCH,UNIT_SCADA,1,"2019/08/22 04:20:00",BRAEMAR5,0
D,DISPATCH,UNIT_SCADA,1,"2019/08/22 04:20:00",BRAEMAR6,0
D,DISPATCH,UNIT_SCADA,1,"2019/08/22 04:20:00",BRAEMAR7,0
D,DISPATCH,UNIT_SCADA,1,"2019/08/22 04:20:00",BROKENH1,0
D,DISPATCH,UNIT_SCADA,1,"2019/08/22 04:20:00",BW01,361.025020
D,DISPATCH,UNIT_SCADA,1,"2019/08/22 04:20:00",BW02,396.900020
D,DISPATCH,UNIT_SCADA,1,"2019/08/22 04:20:00",BW03,465.925050
D,DISPATCH,UNIT_SCADA,1,"2019/08/22 04:20:00",BW04,0
D,DISPATCH,UNIT_SCADA,1,"2019/08/22 04:20:00",CALL_B_1,349.700010
D,DISPATCH,UNIT_SCADA,1,"2019/08/22 04:20:00",CALL_B_2,289.50
D,DISPATCH,UNIT_SCADA,1,"2019/08/22 04:20:00",CETHANA,99.3820
D,DISPATCH,UNIT_SCADA,1,"2019/08/22 04:20:00",CG1,0
D,DISPATCH,UNIT_SCADA,1,"2019/08/22 04:20:00",CG2,0
D,DISPATCH,UNIT_SCADA,1,"2019/08/22 04:20:00",CG3,0
D,DISPATCH,UNIT_SCADA,1,"2019/08/22 04:20:00",CG4,0
D,DISPATCH,UNIT_SCADA,1,"2019/08/22 04:20:00",CHILDSF1,0.01
D,DISPATCH,UNIT_SCADA,1,"2019/08/22 04:20:00",CLARESF1,0
D,DISPATCH,UNIT_SCADA,1,"2019/08/22 04:20:00",CLEMGPWF,11.3095
D,DISPATCH,UNIT_SCADA,1,"2019/08/22 04:20:00",CLERMSF1,0
D,DISPATCH,UNIT_SCADA,1,"2019/08/22 04:20:00",COLEASF1,0
D,DISPATCH,UNIT_SCADA,1,"2019/08/22 04:20:00",COOPGWF1,32.067420
D,DISPATCH,UNIT_SCADA,1,"2019/08/22 04:20:00",CPP_3,334.950010
D,DISPATCH,UNIT_SCADA,1,"2019/08/22 04:20:00",CPP_4,338.800020
D,DISPATCH,UNIT_SCADA,1,"2019/08/22 04:20:00",CPSA,141.948760
D,DISPATCH,UNIT_SCADA,1,"2019/08/22 04:20:00",CROOKWF2,43.695010
D,DISPATCH,UNIT_SCADA,1,"2019/08/22 04:20:00",CROWLWF1,49.227780
D,DISPATCH,UNIT_SCADA,1,"2019/08/22 04:20:00",CSPVPS1,0.0430
D,DISPATCH,UNIT_SCADA,1,"2019/08/22 04:20:00",DALNTH01,0
D,DISPATCH,UNIT_SCADA,1,"2019/08/22 04:20:00",DALNTHL1,0.038150
D,DISPATCH,UNIT_SCADA,1,"2019/08/22 04:20:00",DARTM1,0
D,DISPATCH,UNIT_SCADA,1,"2019/08/22 04:20:00",DAYDSF1,0
D,DISPATCH,UNIT_SCADA,1,"2019/08/22 04:20:00",DDPS1,0
D,DISPATCH,UNIT_SCADA,1,"2019/08/22 04:20:00",DDSF1,0
D,DISPATCH,UNIT_SCADA,1,"2019/08/22 04:20:00",DEVILS_G,0
D,DISPATCH,UNIT_SCADA,1,"2019/08/22 04:20:00",DG_NSW1,0
D,DISPATCH,UNIT_SCADA,1,"2019/08/22 04:20:00",DG_QLD1,0
D,DISPATCH,UNIT_SCADA,1,"2019/08/22 04:20:00",DG_SA1,0
D,DISPATCH,UNIT_SCADA,1,"2019/08/22 04:20:00",DG_TAS1,0
D,DISPATCH,UNIT_SCADA,1,"2019/08/22 04:20:00",DG_VIC1,0
D,DISPATCH,UNIT_SCADA,1,"2019/08/22 04:20:00",DRYCGT1,0
D,DISPATCH,UNIT_SCADA,1,"2019/08/22 04:20:00",DRYCGT2,0
D,DISPATCH,UNIT_SCADA,1,"2019/08/22 04:20:00",DRYCGT3,0
D,DISPATCH,UNIT_SCADA,1,"2019/08/22 04:20:00",EILDON1,0
D,DISPATCH,UNIT_SCADA,1,"2019/08/22 04:20:00",EILDON2,0
D,DISPATCH,UNIT_SCADA,1,"2019/08/22 04:20:00",EMERASF1,0
D,DISPATCH,UNIT_SCADA,1,"2019/08/22 04:20:00",ER01,282.6250
D,DISPATCH,UNIT_SCADA,1,"2019/08/22 04:20:00",ER02,285.449950
D,DISPATCH,UNIT_SCADA,1,"2019/08/22 04:20:00",ER03,379.900020
D,DISPATCH,UNIT_SCADA,1,"2019/08/22 04:20:00",ER04,280.449950
D,DISPATCH,UNIT_SCADA,1,"2019/08/22 04:20:00",FINLYSF1,0
D,DISPATCH,UNIT_SCADA,1,"2019/08/22 04:20:00",FISHER,45.98
D,DISPATCH,UNIT_SCADA,1,"2019/08/22 04:20:00",GANNBG1,0
D,DISPATCH,UNIT_SCADA,1,"2019/08/22 04:20:00",GANNBL1,10.008890
D,DISPATCH,UNIT_SCADA,1,"2019/08/22 04:20:00",GANNSF1,0
D,DISPATCH,UNIT_SCADA,1,"2019/08/22 04:20:00",GORDON,15.888320
D,DISPATCH,UNIT_SCADA,1,"2019/08/22 04:20:00",GSTONE1,137.20
D,DISPATCH,UNIT_SCADA,1,"2019/08/22 04:20:00",GSTONE2,130.20
D,DISPATCH,UNIT_SCADA,1,"2019/08/22 04:20:00",GSTONE3,137.724990
D,DISPATCH,UNIT_SCADA,1,"2019/08/22 04:20:00",GSTONE4,137.3750
D,DISPATCH,UNIT_SCADA,1,"2019/08/22 04:20:00",GSTONE5,137.724990
D,DISPATCH,UNIT_SCADA,1,"2019/08/22 04:20:00",GSTONE6,0
D,DISPATCH,UNIT_SCADA,1,"2019/08/22 04:20:00",GULLRSF1,0
D,DISPATCH,UNIT_SCADA,1,"2019/08/22 04:20:00",GULLRWF1,150.881770
D,DISPATCH,UNIT_SCADA,1,"2019/08/22 04:20:00",GUNNING1,46.381780
D,DISPATCH,UNIT_SCADA,1,"2019/08/22 04:20:00",GUTHEGA,0
D,DISPATCH,UNIT_SCADA,1,"2019/08/22 04:20:00",HALLWF1,79.89
D,DISPATCH,UNIT_SCADA,1,"2019/08/22 04:20:00",HALLWF2,60.01
D,DISPATCH,UNIT_SCADA,1,"2019/08/22 04:20:00",HAMISF1,0
D,DISPATCH,UNIT_SCADA,1,"2019/08/22 04:20:00",HAUGHT11,0
D,DISPATCH,UNIT_SCADA,1,"2019/08/22 04:20:00",HAYMSF1,0
D,DISPATCH,UNIT_SCADA,1,"2019/08/22 04:20:00",HDWF1,51
D,DISPATCH,UNIT_SCADA,1,"2019/08/22 04:20:00",HDWF2,50
D,DISPATCH,UNIT_SCADA,1,"2019/08/22 04:20:00",HDWF3,52.50
D,DISPATCH,UNIT_SCADA,1,"2019/08/22 04:20:00",HPRG1,0
D,DISPATCH,UNIT_SCADA,1,"2019/08/22 04:20:00",HPRL1,39.70
D,DISPATCH,UNIT_SCADA,1,"2019/08/22 04:20:00",HUMENSW,0
D,DISPATCH,UNIT_SCADA,1,"2019/08/22 04:20:00",HUMEV,10.70
D,DISPATCH,UNIT_SCADA,1,"2019/08/22 04:20:00",HVGTS,0
D,DISPATCH,UNIT_SCADA,1,"2019/08/22 04:20:00",JBUTTERS,115.17
D,DISPATCH,UNIT_SCADA,1,"2019/08/22 04:20:00",JLA01,0.50
D,DISPATCH,UNIT_SCADA,1,"2019/08/22 04:20:00",JLA02,0
D,DISPATCH,UNIT_SCADA,1,"2019/08/22 04:20:00",JLA03,0.10
D,DISPATCH,UNIT_SCADA,1,"2019/08/22 04:20:00",JLA04,0.10
D,DISPATCH,UNIT_SCADA,1,"2019/08/22 04:20:00",JLB01,0
D,DISPATCH,UNIT_SCADA,1,"2019/08/22 04:20:00",JLB02,0.10
D,DISPATCH,UNIT_SCADA,1,"2019/08/22 04:20:00",JLB03,0
D,DISPATCH,UNIT_SCADA,1,"2019/08/22 04:20:00",KAREEYA1,21.4325
D,DISPATCH,UNIT_SCADA,1,"2019/08/22 04:20:00",KAREEYA2,21.4950
D,DISPATCH,UNIT_SCADA,1,"2019/08/22 04:20:00",KAREEYA3,0
D,DISPATCH,UNIT_SCADA,1,"2019/08/22 04:20:00",KAREEYA4,21.5725
D,DISPATCH,UNIT_SCADA,1,"2019/08/22 04:20:00",KARSF1,0
D,DISPATCH,UNIT_SCADA,1,"2019/08/22 04:20:00",KIATAWF1,30.80
D,DISPATCH,UNIT_SCADA,1,"2019/08/22 04:20:00",KPP_1,0
D,DISPATCH,UNIT_SCADA,1,"2019/08/22 04:20:00",KSP1,0
D,DISPATCH,UNIT_SCADA,1,"2019/08/22 04:20:00",LADBROK1,0
D,DISPATCH,UNIT_SCADA,1,"2019/08/22 04:20:00",LADBROK2,0
D,DISPATCH,UNIT_SCADA,1,"2019/08/22 04:20:00",LD01,351.449980
D,DISPATCH,UNIT_SCADA,1,"2019/08/22 04:20:00",LD02,303.243710
D,DISPATCH,UNIT_SCADA,1,"2019/08/22 04:20:00",LD03,324.524960
D,DISPATCH,UNIT_SCADA,1,"2019/08/22 04:20:00",LD04,355.800020
D,DISPATCH,UNIT_SCADA,1,"2019/08/22 04:20:00",LEM_WIL,86.137340
D,DISPATCH,UNIT_SCADA,1,"2019/08/22 04:20:00",LGAPWF1,8.14
D,DISPATCH,UNIT_SCADA,1,"2019/08/22 04:20:00",LILYSF1,0
D,DISPATCH,UNIT_SCADA,1,"2019/08/22 04:20:00",LI_WY_CA,148.807820
D,DISPATCH,UNIT_SCADA,1,"2019/08/22 04:20:00",LKBONNY2,126.226380
D,DISPATCH,UNIT_SCADA,1,"2019/08/22 04:20:00",LKBONNY3,34.442180
D,DISPATCH,UNIT_SCADA,1,"2019/08/22 04:20:00",LK_ECHO,0
D,DISPATCH,UNIT_SCADA,1,"2019/08/22 04:20:00",LNGS1,0
D,DISPATCH,UNIT_SCADA,1,"2019/08/22 04:20:00",LNGS2,0
D,DISPATCH,UNIT_SCADA,1,"2019/08/22 04:20:00",LONSDALE,0
D,DISPATCH,UNIT_SCADA,1,"2019/08/22 04:20:00",LOYYB1,535.712650
D,DISPATCH,UNIT_SCADA,1,"2019/08/22 04:20:00",LOYYB2,584.210140
D,DISPATCH,UNIT_SCADA,1,"2019/08/22 04:20:00",LYA1,513
D,DISPATCH,UNIT_SCADA,1,"2019/08/22 04:20:00",LYA2,0
D,DISPATCH,UNIT_SCADA,1,"2019/08/22 04:20:00",LYA3,514
D,DISPATCH,UNIT_SCADA,1,"2019/08/22 04:20:00",LYA4,500
D,DISPATCH,UNIT_SCADA,1,"2019/08/22 04:20:00",MACARTH1,291.093290
D,DISPATCH,UNIT_SCADA,1,"2019/08/22 04:20:00",MACKAYGT,0
D,DISPATCH,UNIT_SCADA,1,"2019/08/22 04:20:00",MACKNTSH,86.710010
D,DISPATCH,UNIT_SCADA,1,"2019/08/22 04:20:00",MANSLR1,0
D,DISPATCH,UNIT_SCADA,1,"2019/08/22 04:20:00",MCKAY1,0.02
D,DISPATCH,UNIT_SCADA,1,"2019/08/22 04:20:00",MEADOWBK,34.0102
D,DISPATCH,UNIT_SCADA,1,"2019/08/22 04:20:00",MERCER01,124.7430
D,DISPATCH,UNIT_SCADA,1,"2019/08/22 04:20:00",MEWF1,72.024060
D,DISPATCH,UNIT_SCADA,1,"2019/08/22 04:20:00",MINTARO,0
D,DISPATCH,UNIT_SCADA,1,"2019/08/22 04:20:00",MOREESF1,0
D,DISPATCH,UNIT_SCADA,1,"2019/08/22 04:20:00",MORTLK11,0
D,DISPATCH,UNIT_SCADA,1,"2019/08/22 04:20:00",MORTLK12,0
D,DISPATCH,UNIT_SCADA,1,"2019/08/22 04:20:00",MP1,281.75
D,DISPATCH,UNIT_SCADA,1,"2019/08/22 04:20:00",MP2,0
D,DISPATCH,UNIT_SCADA,1,"2019/08/22 04:20:00",MPP_1,410
D,DISPATCH,UNIT_SCADA,1,"2019/08/22 04:20:00",MPP_2,410.50
D,DISPATCH,UNIT_SCADA,1,"2019/08/22 04:20:00",MSTUART1,0
D,DISPATCH,UNIT_SCADA,1,"2019/08/22 04:20:00",MSTUART2,0
D,DISPATCH,UNIT_SCADA,1,"2019/08/22 04:20:00",MSTUART3,0
D,DISPATCH,UNIT_SCADA,1,"2019/08/22 04:20:00",MTGELWF1,63.934750
D,DISPATCH,UNIT_SCADA,1,"2019/08/22 04:20:00",MURRAY,0
D,DISPATCH,UNIT_SCADA,1,"2019/08/22 04:20:00",MUSSELR1,141.399990
D,DISPATCH,UNIT_SCADA,1,"2019/08/22 04:20:00",MUWAWF1,51.90
D,DISPATCH,UNIT_SCADA,1,"2019/08/22 04:20:00",NBHWF1,87.30
D,DISPATCH,UNIT_SCADA,1,"2019/08/22 04:20:00",NPS,0
D,DISPATCH,UNIT_SCADA,1,"2019/08/22 04:20:00",NUMURSF1,0
D,DISPATCH,UNIT_SCADA,1,"2019/08/22 04:20:00",NYNGAN1,0
D,DISPATCH,UNIT_SCADA,1,"2019/08/22 04:20:00",OAKEY1,0
D,DISPATCH,UNIT_SCADA,1,"2019/08/22 04:20:00",OAKEY1SF,0
D,DISPATCH,UNIT_SCADA,1,"2019/08/22 04:20:00",OAKEY2,0
D,DISPATCH,UNIT_SCADA,1,"2019/08/22 04:20:00",OAKLAND1,61.80
D,DISPATCH,UNIT_SCADA,1,"2019/08/22 04:20:00",OSB-AG,0
D,DISPATCH,UNIT_SCADA,1,"2019/08/22 04:20:00",PARSF1,0
D,DISPATCH,UNIT_SCADA,1,"2019/08/22 04:20:00",POAT110,0
D,DISPATCH,UNIT_SCADA,1,"2019/08/22 04:20:00",POAT220,0
D,DISPATCH,UNIT_SCADA,1,"2019/08/22 04:20:00",POR01,0
D,DISPATCH,UNIT_SCADA,1,"2019/08/22 04:20:00",POR03,0
D,DISPATCH,UNIT_SCADA,1,"2019/08/22 04:20:00",PPCCGT,172.8811
D,DISPATCH,UNIT_SCADA,1,"2019/08/22 04:20:00",PTSTAN1,0
D,DISPATCH,UNIT_SCADA,1,"2019/08/22 04:20:00",PUMP1,0
D,DISPATCH,UNIT_SCADA,1,"2019/08/22 04:20:00",PUMP2,0
D,DISPATCH,UNIT_SCADA,1,"2019/08/22 04:20:00",QPS1,0
D,DISPATCH,UNIT_SCADA,1,"2019/08/22 04:20:00",QPS2,0
D,DISPATCH,UNIT_SCADA,1,"2019/08/22 04:20:00",QPS3,0
D,DISPATCH,UNIT_SCADA,1,"2019/08/22 04:20:00",QPS4,0
D,DISPATCH,UNIT_SCADA,1,"2019/08/22 04:20:00",QPS5,0
D,DISPATCH,UNIT_SCADA,1,"2019/08/22 04:20:00",REECE1,119.810010
D,DISPATCH,UNIT_SCADA,1,"2019/08/22 04:20:00",REECE2,119.210010
D,DISPATCH,UNIT_SCADA,1,"2019/08/22 04:20:00",ROMA_7,0
D,DISPATCH,UNIT_SCADA,1,"2019/08/22 04:20:00",ROMA_8,0
D,DISPATCH,UNIT_SCADA,1,"2019/08/22 04:20:00",RRSF1,0
D,DISPATCH,UNIT_SCADA,1,"2019/08/22 04:20:00",RT_NSW1,0
D,DISPATCH,UNIT_SCADA,1,"2019/08/22 04:20:00",RT_NSW2,0
D,DISPATCH,UNIT_SCADA,1,"2019/08/22 04:20:00",RT_NSW3,0
D,DISPATCH,UNIT_SCADA,1,"2019/08/22 04:20:00",RT_NSW4,0
D,DISPATCH,UNIT_SCADA,1,"2019/08/22 04:20:00",RT_NSW5,0
D,DISPATCH,UNIT_SCADA,1,"2019/08/22 04:20:00",RT_NSW6,0
D,DISPATCH,UNIT_SCADA,1,"2019/08/22 04:20:00",RT_QLD1,0
D,DISPATCH,UNIT_SCADA,1,"2019/08/22 04:20:00",RT_SA1,0
D,DISPATCH,UNIT_SCADA,1,"2019/08/22 04:20:00",RT_SA2,0
D,DISPATCH,UNIT_SCADA,1,"2019/08/22 04:20:00",RT_SA3,0
D,DISPATCH,UNIT_SCADA,1,"2019/08/22 04:20:00",RT_SA4,0
D,DISPATCH,UNIT_SCADA,1,"2019/08/22 04:20:00",RT_SA5,0
D,DISPATCH,UNIT_SCADA,1,"2019/08/22 04:20:00",RT_SA6,0
D,DISPATCH,UNIT_SCADA,1,"2019/08/22 04:20:00",RT_TAS1,0
D,DISPATCH,UNIT_SCADA,1,"2019/08/22 04:20:00",RT_VIC1,0
D,DISPATCH,UNIT_SCADA,1,"2019/08/22 04:20:00",RT_VIC10,0
D,DISPATCH,UNIT_SCADA,1,"2019/08/22 04:20:00",RT_VIC11,0
D,DISPATCH,UNIT_SCADA,1,"2019/08/22 04:20:00",RT_VIC12,0
D,DISPATCH,UNIT_SCADA,1,"2019/08/22 04:20:00",RT_VIC2,0
D,DISPATCH,UNIT_SCADA,1,"2019/08/22 04:20:00",RT_VIC3,0
D,DISPATCH,UNIT_SCADA,1,"2019/08/22 04:20:00",RT_VIC4,0
D,DISPATCH,UNIT_SCADA,1,"2019/08/22 04:20:00",RT_VIC5,0
D,DISPATCH,UNIT_SCADA,1,"2019/08/22 04:20:00",RT_VIC6,0
D,DISPATCH,UNIT_SCADA,1,"2019/08/22 04:20:00",RT_VIC7,0
D,DISPATCH,UNIT_SCADA,1,"2019/08/22 04:20:00",RT_VIC8,0
D,DISPATCH,UNIT_SCADA,1,"2019/08/22 04:20:00",RT_VIC9,0
D,DISPATCH,UNIT_SCADA,1,"2019/08/22 04:20:00",RUGBYR1,0
D,DISPATCH,UNIT_SCADA,1,"2019/08/22 04:20:00",SALTCRK1,51.69
D,DISPATCH,UNIT_SCADA,1,"2019/08/22 04:20:00",SAPHWF1,193.096860
D,DISPATCH,UNIT_SCADA,1,"2019/08/22 04:20:00",SHGEN,0
D,DISPATCH,UNIT_SCADA,1,"2019/08/22 04:20:00",SHPUMP,121.45
D,DISPATCH,UNIT_SCADA,1,"2019/08/22 04:20:00",SITHE01,0.153860
D,DISPATCH,UNIT_SCADA,1,"2019/08/22 04:20:00",SMCSF1,0
D,DISPATCH,UNIT_SCADA,1,"2019/08/22 04:20:00",SNOWNTH1,41.60
D,DISPATCH,UNIT_SCADA,1,"2019/08/22 04:20:00",SNOWSTH1,47.90
D,DISPATCH,UNIT_SCADA,1,"2019/08/22 04:20:00",SNOWTWN1,26.152280
D,DISPATCH,UNIT_SCADA,1,"2019/08/22 04:20:00",SNOWYP,190.900010
D,DISPATCH,UNIT_SCADA,1,"2019/08/22 04:20:00",SNUG1,0.019440
D,DISPATCH,UNIT_SCADA,1,"2019/08/22 04:20:00",SRSF1,0.44
D,DISPATCH,UNIT_SCADA,1,"2019/08/22 04:20:00",STAN-1,0
D,DISPATCH,UNIT_SCADA,1,"2019/08/22 04:20:00",STAN-2,180.795070
D,DISPATCH,UNIT_SCADA,1,"2019/08/22 04:20:00",STAN-3,221.465940
D,DISPATCH,UNIT_SCADA,1,"2019/08/22 04:20:00",STAN-4,193.100160
D,DISPATCH,UNIT_SCADA,1,"2019/08/22 04:20:00",STWF1,162.078750
D,DISPATCH,UNIT_SCADA,1,"2019/08/22 04:20:00",SWAN_E,0
D,DISPATCH,UNIT_SCADA,1,"2019/08/22 04:20:00",TALWA1,191
D,DISPATCH,UNIT_SCADA,1,"2019/08/22 04:20:00",TARALGA1,53.418750
D,DISPATCH,UNIT_SCADA,1,"2019/08/22 04:20:00",TARONG#1,283.800020
D,DISPATCH,UNIT_SCADA,1,"2019/08/22 04:20:00",TARONG#2,227.70
D,DISPATCH,UNIT_SCADA,1,"2019/08/22 04:20:00",TARONG#3,260.600010
D,DISPATCH,UNIT_SCADA,1,"2019/08/22 04:20:00",TARONG#4,280
D,DISPATCH,UNIT_SCADA,1,"2019/08/22 04:20:00",TARRALEA,84.10
D,DISPATCH,UNIT_SCADA,1,"2019/08/22 04:20:00",TBSF1,-0.20
D,DISPATCH,UNIT_SCADA,1,"2019/08/22 04:20:00",TNPS1,399.400020
D,DISPATCH,UNIT_SCADA,1,"2019/08/22 04:20:00",TORRA1,42.119770
D,DISPATCH,UNIT_SCADA,1,"2019/08/22 04:20:00",TORRA2,0
D,DISPATCH,UNIT_SCADA,1,"2019/08/22 04:20:00",TORRA3,0
D,DISPATCH,UNIT_SCADA,1,"2019/08/22 04:20:00",TORRA4,0
D,DISPATCH,UNIT_SCADA,1,"2019/08/22 04:20:00",TORRB1,39.72
D,DISPATCH,UNIT_SCADA,1,"2019/08/22 04:20:00",TORRB2,39.27
D,DISPATCH,UNIT_SCADA,1,"2019/08/22 04:20:00",TORRB3,0
D,DISPATCH,UNIT_SCADA,1,"2019/08/22 04:20:00",TORRB4,0
D,DISPATCH,UNIT_SCADA,1,"2019/08/22 04:20:00",TREVALLN,1.10
D,DISPATCH,UNIT_SCADA,1,"2019/08/22 04:20:00",TRIBUTE,0
D,DISPATCH,UNIT_SCADA,1,"2019/08/22 04:20:00",TUMUT3,0
D,DISPATCH,UNIT_SCADA,1,"2019/08/22 04:20:00",TUNGATIN,13.80
D,DISPATCH,UNIT_SCADA,1,"2019/08/22 04:20:00",TVCC201,0
D,DISPATCH,UNIT_SCADA,1,"2019/08/22 04:20:00",TVPP104,0
D,DISPATCH,UNIT_SCADA,1,"2019/08/22 04:20:00",UPPTUMUT,0
D,DISPATCH,UNIT_SCADA,1,"2019/08/22 04:20:00",URANQ11,0
D,DISPATCH,UNIT_SCADA,1,"2019/08/22 04:20:00",URANQ12,0
D,DISPATCH,UNIT_SCADA,1,"2019/08/22 04:20:00",URANQ13,0
D,DISPATCH,UNIT_SCADA,1,"2019/08/22 04:20:00",URANQ14,0
D,DISPATCH,UNIT_SCADA,1,"2019/08/22 04:20:00",VP5,249.350010
D,DISPATCH,UNIT_SCADA,1,"2019/08/22 04:20:00",VP6,252.55
D,DISPATCH,UNIT_SCADA,1,"2019/08/22 04:20:00",VPGS1,0
D,DISPATCH,UNIT_SCADA,1,"2019/08/22 04:20:00",VPGS2,0
D,DISPATCH,UNIT_SCADA,1,"2019/08/22 04:20:00",VPGS3,0
D,DISPATCH,UNIT_SCADA,1,"2019/08/22 04:20:00",VPGS4,0
D,DISPATCH,UNIT_SCADA,1,"2019/08/22 04:20:00",VPGS5,0
D,DISPATCH,UNIT_SCADA,1,"2019/08/22 04:20:00",VPGS6,0
D,DISPATCH,UNIT_SCADA,1,"2019/08/22 04:20:00",W/HOE#1,0
D,DISPATCH,UNIT_SCADA,1,"2019/08/22 04:20:00",W/HOE#2,0
D,DISPATCH,UNIT_SCADA,1,"2019/08/22 04:20:00",WATERLWF,111.20
D,DISPATCH,UNIT_SCADA,1,"2019/08/22 04:20:00",WEMENSF1,0
D,DISPATCH,UNIT_SCADA,1,"2019/08/22 04:20:00",WGWF1,89.90
D,DISPATCH,UNIT_SCADA,1,"2019/08/22 04:20:00",WHITSF1,0
D,DISPATCH,UNIT_SCADA,1,"2019/08/22 04:20:00",WKIEWA1,16.90
D,DISPATCH,UNIT_SCADA,1,"2019/08/22 04:20:00",WKIEWA2,17
D,DISPATCH,UNIT_SCADA,1,"2019/08/22 04:20:00",WOODLWN1,44.918990
D,DISPATCH,UNIT_SCADA,1,"2019/08/22 04:20:00",WRSF1,0
D,DISPATCH,UNIT_SCADA,1,"2019/08/22 04:20:00",WRWF1,154.554990
D,DISPATCH,UNIT_SCADA,1,"2019/08/22 04:20:00",YABULU,0
D,DISPATCH,UNIT_SCADA,1,"2019/08/22 04:20:00",YABULU2,0
D,DISPATCH,UNIT_SCADA,1,"2019/08/22 04:20:00",YARWUN_1,0
D,DISPATCH,UNIT_SCADA,1,"2019/08/22 04:20:00",YENDWF1,41.42
D,DISPATCH,UNIT_SCADA,1,"2019/08/22 04:20:00",YWPS1,326.063290
D,DISPATCH,UNIT_SCADA,1,"2019/08/22 04:20:00",YWPS2,283.205080
D,DISPATCH,UNIT_SCADA,1,"2019/08/22 04:20:00",YWPS3,0
D,DISPATCH,UNIT_SCADA,1,"2019/08/22 04:20:00",YWPS4,394.391140
C,"END OF REPORT",334
