C,NEMP.WORLD,DISPATCHSCADA,AEMO,PUBLIC,2019/09/04,20:20:07,0000000312395909,DISPATCHSCADA,0000000312395903
I,DISPATCH,UNIT_SCADA,1,SETTLEMENTDATE,DUID,SCADAVALUE
D,DISPATCH,UNIT_SCADA,1,"2019/09/04 20:25:00",BARCSF1,0
D,DISPATCH,UNIT_SCADA,1,"2019/09/04 20:25:00",BUTLERSG,10.199999
D,DISPATCH,UNIT_SCADA,1,"2019/09/04 20:25:00",CALL_A_4,0
D,DISPATCH,UNIT_SCADA,1,"2019/09/04 20:25:00",CAPTL_WF,89.199997
D,DISPATCH,UNIT_SCADA,1,"2019/09/04 20:25:00",CATHROCK,0
D,DISPATCH,UNIT_SCADA,1,"2019/09/04 20:25:00",CHALLHWF,0
D,DISPATCH,UNIT_SCADA,1,"2019/09/04 20:25:00",CLOVER,-0.01
D,DISPATCH,UNIT_SCADA,1,"2019/09/04 20:25:00",CLUNY,12.115816
D,DISPATCH,UNIT_SCADA,1,"2019/09/04 20:25:00",CNUNDAWF,0
D,DISPATCH,UNIT_SCADA,1,"2019/09/04 20:25:00",CULLRGWF,15.13
D,DISPATCH,UNIT_SCADA,1,"2019/09/04 20:25:00",ERGT01,0
D,DISPATCH,UNIT_SCADA,1,"2019/09/04 20:25:00",GB01,0.018803
D,DISPATCH,UNIT_SCADA,1,"2019/09/04 20:25:00",GERMCRK,39.599998
D,DISPATCH,UNIT_SCADA,1,"2019/09/04 20:25:00",GRIFSF1,0
D,DISPATCH,UNIT_SCADA,1,"2019/09/04 20:25:00",HUGSF1,-0.1750
D,DISPATCH,UNIT_SCADA,1,"2019/09/04 20:25:00",LKBONNY1,-0.360028
D,DISPATCH,UNIT_SCADA,1,"2019/09/04 20:25:00",LRSF1,-0.03
D,DISPATCH,UNIT_SCADA,1,"2019/09/04 20:25:00",MBAHNTH,43.274994
D,DISPATCH,UNIT_SCADA,1,"2019/09/04 20:25:00",MLSP1,0.366001
D,DISPATCH,UNIT_SCADA,1,"2019/09/04 20:25:00",MLWF1,-0.0450
D,DISPATCH,UNIT_SCADA,1,"2019/09/04 20:25:00",MTMILLAR,3.110468
D,DISPATCH,UNIT_SCADA,1,"2019/09/04 20:25:00",PALOONA,23.74
D,DISPATCH,UNIT_SCADA,1,"2019/09/04 20:25:00",PIONEER,46.799999
D,DISPATCH,UNIT_SCADA,1,"2019/09/04 20:25:00",PORTWF,-0.40
D,DISPATCH,UNIT_SCADA,1,"2019/09/04 20:25:00",REPULSE,19.875181
D,DISPATCH,UNIT_SCADA,1,"2019/09/04 20:25:00",ROWALLAN,10.4228
D,DISPATCH,UNIT_SCADA,1,"2019/09/04 20:25:00",ROYALLA1,0
D,DISPATCH,UNIT_SCADA,1,"2019/09/04 20:25:00",RPCG,-1.80
D,DISPATCH,UNIT_SCADA,1,"2019/09/04 20:25:00",RUBICON,0
D,DISPATCH,UNIT_SCADA,1,"2019/09/04 20:25:00",SATGN1,0
D,DISPATCH,UNIT_SCADA,1,"2019/09/04 20:25:00",SATGS1,0
D,DISPATCH,UNIT_SCADA,1,"2019/09/04 20:25:00",STARHLWF,-0.099971
D,DISPATCH,UNIT_SCADA,1,"2019/09/04 20:25:00",WAUBRAWF,0
D,DISPATCH,UNIT_SCADA,1,"2019/09/04 20:25:00",WOOLNTH1,30.220016
D,DISPATCH,UNIT_SCADA,1,"2019/09/04 20:25:00",WPWF,0
D,DISPATCH,UNIT_SCADA,1,"2019/09/04 20:25:00",YAMBUKWF,-0.20
D,DISPATCH,UNIT_SCADA,1,"2019/09/04 20:25:00",YSWF1,0
D,DISPATCH,UNIT_SCADA,1,"2019/09/04 20:25:00",AGLHAL,180.997650
D,DISPATCH,UNIT_SCADA,1,"2019/09/04 20:25:00",AGLSOM,119.60
D,DISPATCH,UNIT_SCADA,1,"2019/09/04 20:25:00",ANGAST1,0
D,DISPATCH,UNIT_SCADA,1,"2019/09/04 20:25:00",ARWF1,21.70
D,DISPATCH,UNIT_SCADA,1,"2019/09/04 20:25:00",BALBG1,0
D,DISPATCH,UNIT_SCADA,1,"2019/09/04 20:25:00",BALBL1,0
D,DISPATCH,UNIT_SCADA,1,"2019/09/04 20:25:00",BALDHWF1,8.1660
D,DISPATCH,UNIT_SCADA,1,"2019/09/04 20:25:00",BANN1,0
D,DISPATCH,UNIT_SCADA,1,"2019/09/04 20:25:00",BARCALDN,0
D,DISPATCH,UNIT_SCADA,1,"2019/09/04 20:25:00",BARRON-1,33.04
D,DISPATCH,UNIT_SCADA,1,"2019/09/04 20:25:00",BARRON-2,0
D,DISPATCH,UNIT_SCADA,1,"2019/09/04 20:25:00",BASTYAN,80.560010
D,DISPATCH,UNIT_SCADA,1,"2019/09/04 20:25:00",BBTHREE1,0
D,DISPATCH,UNIT_SCADA,1,"2019/09/04 20:25:00",BBTHREE2,0
D,DISPATCH,UNIT_SCADA,1,"2019/09/04 20:25:00",BBTHREE3,0
D,DISPATCH,UNIT_SCADA,1,"2019/09/04 20:25:00",BDL01,43.92
D,DISPATCH,UNIT_SCADA,1,"2019/09/04 20:25:00",BDL02,44.22
D,DISPATCH,UNIT_SCADA,1,"2019/09/04 20:25:00",BERYLSF1,0
D,DISPATCH,UNIT_SCADA,1,"2019/09/04 20:25:00",BLOWERNG,11.10
D,DISPATCH,UNIT_SCADA,1,"2019/09/04 20:25:00",BLUFF1,5.30
D,DISPATCH,UNIT_SCADA,1,"2019/09/04 20:25:00",BNGSF1,0
D,DISPATCH,UNIT_SCADA,1,"2019/09/04 20:25:00",BNGSF2,0
D,DISPATCH,UNIT_SCADA,1,"2019/09/04 20:25:00",BOCORWF1,21.37
D,DISPATCH,UNIT_SCADA,1,"2019/09/04 20:25:00",BODWF1,69.760310
D,DISPATCH,UNIT_SCADA,1,"2019/09/04 20:25:00",BRAEMAR1,140.80
D,DISPATCH,UNIT_SCADA,1,"2019/09/04 20:25:00",BRAEMAR2,0
D,DISPATCH,UNIT_SCADA,1,"2019/09/04 20:25:00",BRAEMAR3,172.80
D,DISPATCH,UNIT_SCADA,1,"2019/09/04 20:25:00",BRAEMAR5,130.489940
D,DISPATCH,UNIT_SCADA,1,"2019/09/04 20:25:00",BRAEMAR6,0
D,DISPATCH,UNIT_SCADA,1,"2019/09/04 20:25:00",BRAEMAR7,0
D,DISPATCH,UNIT_SCADA,1,"2019/09/04 20:25:00",BROKENH1,0
D,DISPATCH,UNIT_SCADA,1,"2019/09/04 20:25:00",BW01,659.2749
D,DISPATCH,UNIT_SCADA,1,"2019/09/04 20:25:00",BW02,649.824950
D,DISPATCH,UNIT_SCADA,1,"2019/09/04 20:25:00",BW03,651.825070
D,DISPATCH,UNIT_SCADA,1,"2019/09/04 20:25:00",BW04,0
D,DISPATCH,UNIT_SCADA,1,"2019/09/04 20:25:00",CALL_B_1,333.100010
D,DISPATCH,UNIT_SCADA,1,"2019/09/04 20:25:00",CALL_B_2,332.899990
D,DISPATCH,UNIT_SCADA,1,"2019/09/04 20:25:00",CETHANA,79.9825
D,DISPATCH,UNIT_SCADA,1,"2019/09/04 20:25:00",CG1,0
D,DISPATCH,UNIT_SCADA,1,"2019/09/04 20:25:00",CG2,0
D,DISPATCH,UNIT_SCADA,1,"2019/09/04 20:25:00",CG3,0
D,DISPATCH,UNIT_SCADA,1,"2019/09/04 20:25:00",CG4,0
D,DISPATCH,UNIT_SCADA,1,"2019/09/04 20:25:00",CHILDSF1,0
D,DISPATCH,UNIT_SCADA,1,"2019/09/04 20:25:00",CLARESF1,0
D,DISPATCH,UNIT_SCADA,1,"2019/09/04 20:25:00",CLEMGPWF,19.017240
D,DISPATCH,UNIT_SCADA,1,"2019/09/04 20:25:00",CLERMSF1,0
D,DISPATCH,UNIT_SCADA,1,"2019/09/04 20:25:00",COLEASF1,0
D,DISPATCH,UNIT_SCADA,1,"2019/09/04 20:25:00",COOPGWF1,28.452870
D,DISPATCH,UNIT_SCADA,1,"2019/09/04 20:25:00",CPP_3,381.700010
D,DISPATCH,UNIT_SCADA,1,"2019/09/04 20:25:00",CPP_4,406.450010
D,DISPATCH,UNIT_SCADA,1,"2019/09/04 20:25:00",CPSA,143.159380
D,DISPATCH,UNIT_SCADA,1,"2019/09/04 20:25:00",CROOKWF2,73.063750
D,DISPATCH,UNIT_SCADA,1,"2019/09/04 20:25:00",CROWLWF1,8.167680
D,DISPATCH,UNIT_SCADA,1,"2019/09/04 20:25:00",CSPVPS1,0
D,DISPATCH,UNIT_SCADA,1,"2019/09/04 20:25:00",DALNTH01,0.0412
D,DISPATCH,UNIT_SCADA,1,"2019/09/04 20:25:00",DALNTHL1,0
D,DISPATCH,UNIT_SCADA,1,"2019/09/04 20:25:00",DARTM1,131.600010
D,DISPATCH,UNIT_SCADA,1,"2019/09/04 20:25:00",DAYDSF1,0
D,DISPATCH,UNIT_SCADA,1,"2019/09/04 20:25:00",DDPS1,609.832760
D,DISPATCH,UNIT_SCADA,1,"2019/09/04 20:25:00",DDSF1,0
D,DISPATCH,UNIT_SCADA,1,"2019/09/04 20:25:00",DEVILS_G,56.2981
D,DISPATCH,UNIT_SCADA,1,"2019/09/04 20:25:00",DG_NSW1,0
D,DISPATCH,UNIT_SCADA,1,"2019/09/04 20:25:00",DG_QLD1,0
D,DISPATCH,UNIT_SCADA,1,"2019/09/04 20:25:00",DG_SA1,0
D,DISPATCH,UNIT_SCADA,1,"2019/09/04 20:25:00",DG_TAS1,0
D,DISPATCH,UNIT_SCADA,1,"2019/09/04 20:25:00",DG_VIC1,0
D,DISPATCH,UNIT_SCADA,1,"2019/09/04 20:25:00",DRYCGT1,0
D,DISPATCH,UNIT_SCADA,1,"2019/09/04 20:25:00",DRYCGT2,0
D,DISPATCH,UNIT_SCADA,1,"2019/09/04 20:25:00",DRYCGT3,0
D,DISPATCH,UNIT_SCADA,1,"2019/09/04 20:25:00",EILDON1,0
D,DISPATCH,UNIT_SCADA,1,"2019/09/04 20:25:00",EILDON2,0
D,DISPATCH,UNIT_SCADA,1,"2019/09/04 20:25:00",EMERASF1,0
D,DISPATCH,UNIT_SCADA,1,"2019/09/04 20:25:00",ER01,579.8750
D,DISPATCH,UNIT_SCADA,1,"2019/09/04 20:25:00",ER02,686
D,DISPATCH,UNIT_SCADA,1,"2019/09/04 20:25:00",ER03,0
D,DISPATCH,UNIT_SCADA,1,"2019/09/04 20:25:00",ER04,685.099980
D,DISPATCH,UNIT_SCADA,1,"2019/09/04 20:25:00",FINLYSF1,0
D,DISPATCH,UNIT_SCADA,1,"2019/09/04 20:25:00",FISHER,45.86
D,DISPATCH,UNIT_SCADA,1,"2019/09/04 20:25:00",GANNBG1,1.198060
D,DISPATCH,UNIT_SCADA,1,"2019/09/04 20:25:00",GANNBL1,0
D,DISPATCH,UNIT_SCADA,1,"2019/09/04 20:25:00",GANNSF1,0
D,DISPATCH,UNIT_SCADA,1,"2019/09/04 20:25:00",GORDON,19.472880
D,DISPATCH,UNIT_SCADA,1,"2019/09/04 20:25:00",GSTONE1,206.849990
D,DISPATCH,UNIT_SCADA,1,"2019/09/04 20:25:00",GSTONE2,210.349990
D,DISPATCH,UNIT_SCADA,1,"2019/09/04 20:25:00",GSTONE3,0
D,DISPATCH,UNIT_SCADA,1,"2019/09/04 20:25:00",GSTONE4,207.55
D,DISPATCH,UNIT_SCADA,1,"2019/09/04 20:25:00",GSTONE5,206.6750
D,DISPATCH,UNIT_SCADA,1,"2019/09/04 20:25:00",GSTONE6,206.149990
D,DISPATCH,UNIT_SCADA,1,"2019/09/04 20:25:00",GULLRSF1,0
D,DISPATCH,UNIT_SCADA,1,"2019/09/04 20:25:00",GULLRWF1,121.555360
D,DISPATCH,UNIT_SCADA,1,"2019/09/04 20:25:00",GUNNING1,30.3180
D,DISPATCH,UNIT_SCADA,1,"2019/09/04 20:25:00",GUTHEGA,31.10
D,DISPATCH,UNIT_SCADA,1,"2019/09/04 20:25:00",HALLWF1,11.94
D,DISPATCH,UNIT_SCADA,1,"2019/09/04 20:25:00",HALLWF2,0.67
D,DISPATCH,UNIT_SCADA,1,"2019/09/04 20:25:00",HAMISF1,0
D,DISPATCH,UNIT_SCADA,1,"2019/09/04 20:25:00",HAUGHT11,0
D,DISPATCH,UNIT_SCADA,1,"2019/09/04 20:25:00",HAYMSF1,0
D,DISPATCH,UNIT_SCADA,1,"2019/09/04 20:25:00",HDWF1,46.20
D,DISPATCH,UNIT_SCADA,1,"2019/09/04 20:25:00",HDWF2,44.90
D,DISPATCH,UNIT_SCADA,1,"2019/09/04 20:25:00",HDWF3,54.30
D,DISPATCH,UNIT_SCADA,1,"2019/09/04 20:25:00",HPRG1,0
D,DISPATCH,UNIT_SCADA,1,"2019/09/04 20:25:00",HPRL1,2
D,DISPATCH,UNIT_SCADA,1,"2019/09/04 20:25:00",HUMENSW,0
D,DISPATCH,UNIT_SCADA,1,"2019/09/04 20:25:00",HUMEV,25
D,DISPATCH,UNIT_SCADA,1,"2019/09/04 20:25:00",HVGTS,0
D,DISPATCH,UNIT_SCADA,1,"2019/09/04 20:25:00",JBUTTERS,91.32
D,DISPATCH,UNIT_SCADA,1,"2019/09/04 20:25:00",JLA01,51.80
D,DISPATCH,UNIT_SCADA,1,"2019/09/04 20:25:00",JLA02,53.70
D,DISPATCH,UNIT_SCADA,1,"2019/09/04 20:25:00",JLA03,0
D,DISPATCH,UNIT_SCADA,1,"2019/09/04 20:25:00",JLA04,0
D,DISPATCH,UNIT_SCADA,1,"2019/09/04 20:25:00",JLB01,0
D,DISPATCH,UNIT_SCADA,1,"2019/09/04 20:25:00",JLB02,83.30
D,DISPATCH,UNIT_SCADA,1,"2019/09/04 20:25:00",JLB03,83.30
D,DISPATCH,UNIT_SCADA,1,"2019/09/04 20:25:00",KAREEYA1,21.5650
D,DISPATCH,UNIT_SCADA,1,"2019/09/04 20:25:00",KAREEYA2,21.7325
D,DISPATCH,UNIT_SCADA,1,"2019/09/04 20:25:00",KAREEYA3,0
D,DISPATCH,UNIT_SCADA,1,"2019/09/04 20:25:00",KAREEYA4,21.53
D,DISPATCH,UNIT_SCADA,1,"2019/09/04 20:25:00",KARSF1,0
D,DISPATCH,UNIT_SCADA,1,"2019/09/04 20:25:00",KIATAWF1,-0.30
D,DISPATCH,UNIT_SCADA,1,"2019/09/04 20:25:00",KPP_1,0
D,DISPATCH,UNIT_SCADA,1,"2019/09/04 20:25:00",KSP1,0
D,DISPATCH,UNIT_SCADA,1,"2019/09/04 20:25:00",LADBROK1,42.57
D,DISPATCH,UNIT_SCADA,1,"2019/09/04 20:25:00",LADBROK2,43.25
D,DISPATCH,UNIT_SCADA,1,"2019/09/04 20:25:00",LD01,418.987520
D,DISPATCH,UNIT_SCADA,1,"2019/09/04 20:25:00",LD02,399.524960
D,DISPATCH,UNIT_SCADA,1,"2019/09/04 20:25:00",LD03,423.206270
D,DISPATCH,UNIT_SCADA,1,"2019/09/04 20:25:00",LD04,379.912510
D,DISPATCH,UNIT_SCADA,1,"2019/09/04 20:25:00",LEM_WIL,82.355950
D,DISPATCH,UNIT_SCADA,1,"2019/09/04 20:25:00",LGAPWF1,35.02
D,DISPATCH,UNIT_SCADA,1,"2019/09/04 20:25:00",LILYSF1,0
D,DISPATCH,UNIT_SCADA,1,"2019/09/04 20:25:00",LI_WY_CA,164.624370
D,DISPATCH,UNIT_SCADA,1,"2019/09/04 20:25:00",LKBONNY2,-1.160150
D,DISPATCH,UNIT_SCADA,1,"2019/09/04 20:25:00",LKBONNY3,-0.225030
D,DISPATCH,UNIT_SCADA,1,"2019/09/04 20:25:00",LK_ECHO,0
D,DISPATCH,UNIT_SCADA,1,"2019/09/04 20:25:00",LNGS1,0
D,DISPATCH,UNIT_SCADA,1,"2019/09/04 20:25:00",LNGS2,0
D,DISPATCH,UNIT_SCADA,1,"2019/09/04 20:25:00",LONSDALE,0
D,DISPATCH,UNIT_SCADA,1,"2019/09/04 20:25:00",LOYYB1,533.080990
D,DISPATCH,UNIT_SCADA,1,"2019/09/04 20:25:00",LOYYB2,582.330380
D,DISPATCH,UNIT_SCADA,1,"2019/09/04 20:25:00",LYA1,0
D,DISPATCH,UNIT_SCADA,1,"2019/09/04 20:25:00",LYA2,0
D,DISPATCH,UNIT_SCADA,1,"2019/09/04 20:25:00",LYA3,559
D,DISPATCH,UNIT_SCADA,1,"2019/09/04 20:25:00",LYA4,540
D,DISPATCH,UNIT_SCADA,1,"2019/09/04 20:25:00",MACARTH1,0
D,DISPATCH,UNIT_SCADA,1,"2019/09/04 20:25:00",MACKAYGT,0.2240
D,DISPATCH,UNIT_SCADA,1,"2019/09/04 20:25:00",MACKNTSH,89.140010
D,DISPATCH,UNIT_SCADA,1,"2019/09/04 20:25:00",MANSLR1,0
D,DISPATCH,UNIT_SCADA,1,"2019/09/04 20:25:00",MCKAY1,245.929990
D,DISPATCH,UNIT_SCADA,1,"2019/09/04 20:25:00",MEADOWBK,24.836020
D,DISPATCH,UNIT_SCADA,1,"2019/09/04 20:25:00",MERCER01,-0.1810
D,DISPATCH,UNIT_SCADA,1,"2019/09/04 20:25:00",MEWF1,33.941510
D,DISPATCH,UNIT_SCADA,1,"2019/09/04 20:25:00",MINTARO,0
D,DISPATCH,UNIT_SCADA,1,"2019/09/04 20:25:00",MOREESF1,0
D,DISPATCH,UNIT_SCADA,1,"2019/09/04 20:25:00",MORTLK11,260
D,DISPATCH,UNIT_SCADA,1,"2019/09/04 20:25:00",MORTLK12,0
D,DISPATCH,UNIT_SCADA,1,"2019/09/04 20:25:00",MP1,233.525020
D,DISPATCH,UNIT_SCADA,1,"2019/09/04 20:25:00",MP2,0
D,DISPATCH,UNIT_SCADA,1,"2019/09/04 20:25:00",MPP_1,419.25
D,DISPATCH,UNIT_SCADA,1,"2019/09/04 20:25:00",MPP_2,434.75
D,DISPATCH,UNIT_SCADA,1,"2019/09/04 20:25:00",MSTUART1,0
D,DISPATCH,UNIT_SCADA,1,"2019/09/04 20:25:00",MSTUART2,0
D,DISPATCH,UNIT_SCADA,1,"2019/09/04 20:25:00",MSTUART3,0
D,DISPATCH,UNIT_SCADA,1,"2019/09/04 20:25:00",MTGELWF1,-0.367750
D,DISPATCH,UNIT_SCADA,1,"2019/09/04 20:25:00",MURRAY,686.849370
D,DISPATCH,UNIT_SCADA,1,"2019/09/04 20:25:00",MUSSELR1,156.399990
D,DISPATCH,UNIT_SCADA,1,"2019/09/04 20:25:00",MUWAWF1,-0.03
D,DISPATCH,UNIT_SCADA,1,"2019/09/04 20:25:00",NBHWF1,32.20
D,DISPATCH,UNIT_SCADA,1,"2019/09/04 20:25:00",NPS,302.25
D,DISPATCH,UNIT_SCADA,1,"2019/09/04 20:25:00",NUMURSF1,0
D,DISPATCH,UNIT_SCADA,1,"2019/09/04 20:25:00",NYNGAN1,0
D,DISPATCH,UNIT_SCADA,1,"2019/09/04 20:25:00",OAKEY1,0
D,DISPATCH,UNIT_SCADA,1,"2019/09/04 20:25:00",OAKEY1SF,0
D,DISPATCH,UNIT_SCADA,1,"2019/09/04 20:25:00",OAKEY2,0
D,DISPATCH,UNIT_SCADA,1,"2019/09/04 20:25:00",OAKEY2SF,0
D,DISPATCH,UNIT_SCADA,1,"2019/09/04 20:25:00",OAKLAND1,-0.30
D,DISPATCH,UNIT_SCADA,1,"2019/09/04 20:25:00",OSB-AG,179.62
D,DISPATCH,UNIT_SCADA,1,"2019/09/04 20:25:00",PARSF1,0
D,DISPATCH,UNIT_SCADA,1,"2019/09/04 20:25:00",POAT110,0
D,DISPATCH,UNIT_SCADA,1,"2019/09/04 20:25:00",POAT220,1.16
D,DISPATCH,UNIT_SCADA,1,"2019/09/04 20:25:00",POR01,0
D,DISPATCH,UNIT_SCADA,1,"2019/09/04 20:25:00",POR03,0
D,DISPATCH,UNIT_SCADA,1,"2019/09/04 20:25:00",PPCCGT,476.891540
D,DISPATCH,UNIT_SCADA,1,"2019/09/04 20:25:00",PTSTAN1,0
D,DISPATCH,UNIT_SCADA,1,"2019/09/04 20:25:00",PUMP1,0
D,DISPATCH,UNIT_SCADA,1,"2019/09/04 20:25:00",PUMP2,0
D,DISPATCH,UNIT_SCADA,1,"2019/09/04 20:25:00",QPS1,29
D,DISPATCH,UNIT_SCADA,1,"2019/09/04 20:25:00",QPS2,23.50
D,DISPATCH,UNIT_SCADA,1,"2019/09/04 20:25:00",QPS3,22.90
D,DISPATCH,UNIT_SCADA,1,"2019/09/04 20:25:00",QPS4,23.50
D,DISPATCH,UNIT_SCADA,1,"2019/09/04 20:25:00",QPS5,123.94
D,DISPATCH,UNIT_SCADA,1,"2019/09/04 20:25:00",REECE1,101.250010
D,DISPATCH,UNIT_SCADA,1,"2019/09/04 20:25:00",REECE2,101.59
D,DISPATCH,UNIT_SCADA,1,"2019/09/04 20:25:00",ROMA_7,0
D,DISPATCH,UNIT_SCADA,1,"2019/09/04 20:25:00",ROMA_8,0
D,DISPATCH,UNIT_SCADA,1,"2019/09/04 20:25:00",RRSF1,0
D,DISPATCH,UNIT_SCADA,1,"2019/09/04 20:25:00",RT_NSW1,0
D,DISPATCH,UNIT_SCADA,1,"2019/09/04 20:25:00",RT_NSW2,0
D,DISPATCH,UNIT_SCADA,1,"2019/09/04 20:25:00",RT_NSW3,0
D,DISPATCH,UNIT_SCADA,1,"2019/09/04 20:25:00",RT_NSW4,0
D,DISPATCH,UNIT_SCADA,1,"2019/09/04 20:25:00",RT_NSW5,0
D,DISPATCH,UNIT_SCADA,1,"2019/09/04 20:25:00",RT_NSW6,0
D,DISPATCH,UNIT_SCADA,1,"2019/09/04 20:25:00",RT_QLD1,0
D,DISPATCH,UNIT_SCADA,1,"2019/09/04 20:25:00",RT_SA1,0
D,DISPATCH,UNIT_SCADA,1,"2019/09/04 20:25:00",RT_SA2,0
D,DISPATCH,UNIT_SCADA,1,"2019/09/04 20:25:00",RT_SA3,0
D,DISPATCH,UNIT_SCADA,1,"2019/09/04 20:25:00",RT_SA4,0
D,DISPATCH,UNIT_SCADA,1,"2019/09/04 20:25:00",RT_SA5,0
D,DISPATCH,UNIT_SCADA,1,"2019/09/04 20:25:00",RT_SA6,0
D,DISPATCH,UNIT_SCADA,1,"2019/09/04 20:25:00",RT_TAS1,0
D,DISPATCH,UNIT_SCADA,1,"2019/09/04 20:25:00",RT_VIC1,0
D,DISPATCH,UNIT_SCADA,1,"2019/09/04 20:25:00",RT_VIC10,0
D,DISPATCH,UNIT_SCADA,1,"2019/09/04 20:25:00",RT_VIC11,0
D,DISPATCH,UNIT_SCADA,1,"2019/09/04 20:25:00",RT_VIC12,0
D,DISPATCH,UNIT_SCADA,1,"2019/09/04 20:25:00",RT_VIC2,0
D,DISPATCH,UNIT_SCADA,1,"2019/09/04 20:25:00",RT_VIC3,0
D,DISPATCH,UNIT_SCADA,1,"2019/09/04 20:25:00",RT_VIC4,0
D,DISPATCH,UNIT_SCADA,1,"2019/09/04 20:25:00",RT_VIC5,0
D,DISPATCH,UNIT_SCADA,1,"2019/09/04 20:25:00",RT_VIC6,0
D,DISPATCH,UNIT_SCADA,1,"2019/09/04 20:25:00",RT_VIC7,0
D,DISPATCH,UNIT_SCADA,1,"2019/09/04 20:25:00",RT_VIC8,0
D,DISPATCH,UNIT_SCADA,1,"2019/09/04 20:25:00",RT_VIC9,0
D,DISPATCH,UNIT_SCADA,1,"2019/09/04 20:25:00",RUGBYR1,0
D,DISPATCH,UNIT_SCADA,1,"2019/09/04 20:25:00",SALTCRK1,0.01
D,DISPATCH,UNIT_SCADA,1,"2019/09/04 20:25:00",SAPHWF1,153.693760
D,DISPATCH,UNIT_SCADA,1,"2019/09/04 20:25:00",SHGEN,159.588290
D,DISPATCH,UNIT_SCADA,1,"2019/09/04 20:25:00",SHPUMP,0
D,DISPATCH,UNIT_SCADA,1,"2019/09/04 20:25:00",SITHE01,0.194050
D,DISPATCH,UNIT_SCADA,1,"2019/09/04 20:25:00",SMCSF1,0
D,DISPATCH,UNIT_SCADA,1,"2019/09/04 20:25:00",SNOWNTH1,0.30
D,DISPATCH,UNIT_SCADA,1,"2019/09/04 20:25:00",SNOWSTH1,0
D,DISPATCH,UNIT_SCADA,1,"2019/09/04 20:25:00",SNOWTWN1,-0.523140
D,DISPATCH,UNIT_SCADA,1,"2019/09/04 20:25:00",SNOWYP,0
D,DISPATCH,UNIT_SCADA,1,"2019/09/04 20:25:00",SNUG1,0.019440
D,DISPATCH,UNIT_SCADA,1,"2019/09/04 20:25:00",SRSF1,0
D,DISPATCH,UNIT_SCADA,1,"2019/09/04 20:25:00",STAN-1,218.774220
D,DISPATCH,UNIT_SCADA,1,"2019/09/04 20:25:00",STAN-2,358.847140
D,DISPATCH,UNIT_SCADA,1,"2019/09/04 20:25:00",STAN-3,363.640990
D,DISPATCH,UNIT_SCADA,1,"2019/09/04 20:25:00",STAN-4,360.410890
D,DISPATCH,UNIT_SCADA,1,"2019/09/04 20:25:00",STWF1,44.651250
D,DISPATCH,UNIT_SCADA,1,"2019/09/04 20:25:00",SWAN_E,0
D,DISPATCH,UNIT_SCADA,1,"2019/09/04 20:25:00",TALWA1,415
D,DISPATCH,UNIT_SCADA,1,"2019/09/04 20:25:00",TARALGA1,76.192490
D,DISPATCH,UNIT_SCADA,1,"2019/09/04 20:25:00",TARONG#1,347.50
D,DISPATCH,UNIT_SCADA,1,"2019/09/04 20:25:00",TARONG#2,0
D,DISPATCH,UNIT_SCADA,1,"2019/09/04 20:25:00",TARONG#3,349.600010
D,DISPATCH,UNIT_SCADA,1,"2019/09/04 20:25:00",TARONG#4,349.700010
D,DISPATCH,UNIT_SCADA,1,"2019/09/04 20:25:00",TARRALEA,71.10
D,DISPATCH,UNIT_SCADA,1,"2019/09/04 20:25:00",TBSF1,-0.20
D,DISPATCH,UNIT_SCADA,1,"2019/09/04 20:25:00",TNPS1,380.500030
D,DISPATCH,UNIT_SCADA,1,"2019/09/04 20:25:00",TORRA1,113.284420
D,DISPATCH,UNIT_SCADA,1,"2019/09/04 20:25:00",TORRA2,0
D,DISPATCH,UNIT_SCADA,1,"2019/09/04 20:25:00",TORRA3,0
D,DISPATCH,UNIT_SCADA,1,"2019/09/04 20:25:00",TORRA4,98.564880
D,DISPATCH,UNIT_SCADA,1,"2019/09/04 20:25:00",TORRB1,188.25
D,DISPATCH,UNIT_SCADA,1,"2019/09/04 20:25:00",TORRB2,188.19
D,DISPATCH,UNIT_SCADA,1,"2019/09/04 20:25:00",TORRB3,188.539990
D,DISPATCH,UNIT_SCADA,1,"2019/09/04 20:25:00",TORRB4,0
D,DISPATCH,UNIT_SCADA,1,"2019/09/04 20:25:00",TREVALLN,43.790020
D,DISPATCH,UNIT_SCADA,1,"2019/09/04 20:25:00",TRIBUTE,0
D,DISPATCH,UNIT_SCADA,1,"2019/09/04 20:25:00",TUMUT3,0
D,DISPATCH,UNIT_SCADA,1,"2019/09/04 20:25:00",TUNGATIN,122.840030
D,DISPATCH,UNIT_SCADA,1,"2019/09/04 20:25:00",TVCC201,0
D,DISPATCH,UNIT_SCADA,1,"2019/09/04 20:25:00",TVPP104,0
D,DISPATCH,UNIT_SCADA,1,"2019/09/04 20:25:00",UPPTUMUT,0
D,DISPATCH,UNIT_SCADA,1,"2019/09/04 20:25:00",URANQ11,0
D,DISPATCH,UNIT_SCADA,1,"2019/09/04 20:25:00",URANQ12,0
D,DISPATCH,UNIT_SCADA,1,"2019/09/04 20:25:00",URANQ13,0
D,DISPATCH,UNIT_SCADA,1,"2019/09/04 20:25:00",URANQ14,0
D,DISPATCH,UNIT_SCADA,1,"2019/09/04 20:25:00",VP5,621.824950
D,DISPATCH,UNIT_SCADA,1,"2019/09/04 20:25:00",VP6,0
D,DISPATCH,UNIT_SCADA,1,"2019/09/04 20:25:00",VPGS1,0
D,DISPATCH,UNIT_SCADA,1,"2019/09/04 20:25:00",VPGS2,0
D,DISPATCH,UNIT_SCADA,1,"2019/09/04 20:25:00",VPGS3,0
D,DISPATCH,UNIT_SCADA,1,"2019/09/04 20:25:00",VPGS4,0
D,DISPATCH,UNIT_SCADA,1,"2019/09/04 20:25:00",VPGS5,0
D,DISPATCH,UNIT_SCADA,1,"2019/09/04 20:25:00",VPGS6,0
D,DISPATCH,UNIT_SCADA,1,"2019/09/04 20:25:00",W/HOE#1,0
D,DISPATCH,UNIT_SCADA,1,"2019/09/04 20:25:00",W/HOE#2,0
D,DISPATCH,UNIT_SCADA,1,"2019/09/04 20:25:00",WATERLWF,2.10
D,DISPATCH,UNIT_SCADA,1,"2019/09/04 20:25:00",WEMENSF1,0
D,DISPATCH,UNIT_SCADA,1,"2019/09/04 20:25:00",WGWF1,22.50
D,DISPATCH,UNIT_SCADA,1,"2019/09/04 20:25:00",WHITSF1,0
D,DISPATCH,UNIT_SCADA,1,"2019/09/04 20:25:00",WKIEWA1,13.30
D,DISPATCH,UNIT_SCADA,1,"2019/09/04 20:25:00",WKIEWA2,13.60
D,DISPATCH,UNIT_SCADA,1,"2019/09/04 20:25:00",WOODLWN1,29.5470
D,DISPATCH,UNIT_SCADA,1,"2019/09/04 20:25:00",WRSF1,0
D,DISPATCH,UNIT_SCADA,1,"2019/09/04 20:25:00",WRWF1,58.95
D,DISPATCH,UNIT_SCADA,1,"2019/09/04 20:25:00",YABULU,160.740020
D,DISPATCH,UNIT_SCADA,1,"2019/09/04 20:25:00",YABULU2,0
D,DISPATCH,UNIT_SCADA,1,"2019/09/04 20:25:00",YARWUN_1,159.849990
D,DISPATCH,UNIT_SCADA,1,"2019/09/04 20:25:00",YENDWF1,-1.43
D,DISPATCH,UNIT_SCADA,1,"2019/09/04 20:25:00",YWPS1,379.448090
D,DISPATCH,UNIT_SCADA,1,"2019/09/04 20:25:00",YWPS2,277.440520
D,DISPATCH,UNIT_SCADA,1,"2019/09/04 20:25:00",YWPS3,0
D,DISPATCH,UNIT_SCADA,1,"2019/09/04 20:25:00",YWPS4,384.511380
C,"END OF REPORT",335
