C,NEMP.WORLD,DISPATCHSCADA,AEMO,PUBLIC,2019/08/20,23:15:07,0000000311804157,DISPATCHSCADA,0000000311804151
I,DISPATCH,UNIT_SCADA,1,SETTLEMENTDATE,DUID,SCADAVALUE
D,DISPATCH,UNIT_SCADA,1,"2019/08/20 23:20:00",BARCSF1,0.50
D,DISPATCH,UNIT_SCADA,1,"2019/08/20 23:20:00",BUTLERSG,9.699999
D,DISPATCH,UNIT_SCADA,1,"2019/08/20 23:20:00",CALL_A_4,0
D,DISPATCH,UNIT_SCADA,1,"2019/08/20 23:20:00",CAPTL_WF,132.320007
D,DISPATCH,UNIT_SCADA,1,"2019/08/20 23:20:00",CATHROCK,47.779999
D,DISPATCH,UNIT_SCADA,1,"2019/08/20 23:20:00",CHALLHWF,28.700001
D,DISPATCH,UNIT_SCADA,1,"2019/08/20 23:20:00",CLOVER,-0.01
D,DISPATCH,UNIT_SCADA,1,"2019/08/20 23:20:00",CLUNY,20.616617
D,DISPATCH,UNIT_SCADA,1,"2019/08/20 23:20:00",CNUNDAWF,41.348236
D,DISPATCH,UNIT_SCADA,1,"2019/08/20 23:20:00",CULLRGWF,30.299999
D,DISPATCH,UNIT_SCADA,1,"2019/08/20 23:20:00",ERGT01,0
D,DISPATCH,UNIT_SCADA,1,"2019/08/20 23:20:00",GB01,0.066872
D,DISPATCH,UNIT_SCADA,1,"2019/08/20 23:20:00",GERMCRK,38.400002
D,DISPATCH,UNIT_SCADA,1,"2019/08/20 23:20:00",GRIFSF1,0
D,DISPATCH,UNIT_SCADA,1,"2019/08/20 23:20:00",HUGSF1,-0.2040
D,DISPATCH,UNIT_SCADA,1,"2019/08/20 23:20:00",LKBONNY1,75.109177
D,DISPATCH,UNIT_SCADA,1,"2019/08/20 23:20:00",LRSF1,0.0290
D,DISPATCH,UNIT_SCADA,1,"2019/08/20 23:20:00",MBAHNTH,55.631256
D,DISPATCH,UNIT_SCADA,1,"2019/08/20 23:20:00",MLSP1,0.283001
D,DISPATCH,UNIT_SCADA,1,"2019/08/20 23:20:00",MLWF1,19.4550
D,DISPATCH,UNIT_SCADA,1,"2019/08/20 23:20:00",MTMILLAR,28.693697
D,DISPATCH,UNIT_SCADA,1,"2019/08/20 23:20:00",PALOONA,23.879999
D,DISPATCH,UNIT_SCADA,1,"2019/08/20 23:20:00",PIONEER,33.200001
D,DISPATCH,UNIT_SCADA,1,"2019/08/20 23:20:00",PORTWF,136.50
D,DISPATCH,UNIT_SCADA,1,"2019/08/20 23:20:00",REPULSE,29.031815
D,DISPATCH,UNIT_SCADA,1,"2019/08/20 23:20:00",ROWALLAN,10.1246
D,DISPATCH,UNIT_SCADA,1,"2019/08/20 23:20:00",ROYALLA1,0
D,DISPATCH,UNIT_SCADA,1,"2019/08/20 23:20:00",RPCG,11.50
D,DISPATCH,UNIT_SCADA,1,"2019/08/20 23:20:00",RUBICON,0
D,DISPATCH,UNIT_SCADA,1,"2019/08/20 23:20:00",SATGN1,0
D,DISPATCH,UNIT_SCADA,1,"2019/08/20 23:20:00",SATGS1,0
D,DISPATCH,UNIT_SCADA,1,"2019/08/20 23:20:00",STARHLWF,6.798018
D,DISPATCH,UNIT_SCADA,1,"2019/08/20 23:20:00",WAUBRAWF,151.792999
D,DISPATCH,UNIT_SCADA,1,"2019/08/20 23:20:00",WOOLNTH1,124.920021
D,DISPATCH,UNIT_SCADA,1,"2019/08/20 23:20:00",WPWF,33
D,DISPATCH,UNIT_SCADA,1,"2019/08/20 23:20:00",YAMBUKWF,29.40
D,DISPATCH,UNIT_SCADA,1,"2019/08/20 23:20:00",YSWF1,28.200001
D,DISPATCH,UNIT_SCADA,1,"2019/08/20 23:20:00",AGLHAL,0
D,DISPATCH,UNIT_SCADA,1,"2019/08/20 23:20:00",AGLSOM,0
D,DISPATCH,UNIT_SCADA,1,"2019/08/20 23:20:00",ANGAST1,0
D,DISPATCH,UNIT_SCADA,1,"2019/08/20 23:20:00",ARWF1,56.10
D,DISPATCH,UNIT_SCADA,1,"2019/08/20 23:20:00",BALBG1,0
D,DISPATCH,UNIT_SCADA,1,"2019/08/20 23:20:00",BALBL1,0
D,DISPATCH,UNIT_SCADA,1,"2019/08/20 23:20:00",BALDHWF1,103.4180
D,DISPATCH,UNIT_SCADA,1,"2019/08/20 23:20:00",BANN1,0
D,DISPATCH,UNIT_SCADA,1,"2019/08/20 23:20:00",BARCALDN,0
D,DISPATCH,UNIT_SCADA,1,"2019/08/20 23:20:00",BARRON-1,0
D,DISPATCH,UNIT_SCADA,1,"2019/08/20 23:20:00",BARRON-2,25.24
D,DISPATCH,UNIT_SCADA,1,"2019/08/20 23:20:00",BASTYAN,80.26
D,DISPATCH,UNIT_SCADA,1,"2019/08/20 23:20:00",BBTHREE1,-1.90
D,DISPATCH,UNIT_SCADA,1,"2019/08/20 23:20:00",BBTHREE2,-1.90
D,DISPATCH,UNIT_SCADA,1,"2019/08/20 23:20:00",BBTHREE3,-1.02
D,DISPATCH,UNIT_SCADA,1,"2019/08/20 23:20:00",BDL01,0
D,DISPATCH,UNIT_SCADA,1,"2019/08/20 23:20:00",BDL02,0
D,DISPATCH,UNIT_SCADA,1,"2019/08/20 23:20:00",BERYLSF1,0
D,DISPATCH,UNIT_SCADA,1,"2019/08/20 23:20:00",BLOWERNG,0
D,DISPATCH,UNIT_SCADA,1,"2019/08/20 23:20:00",BLUFF1,39.10
D,DISPATCH,UNIT_SCADA,1,"2019/08/20 23:20:00",BNGSF1,0
D,DISPATCH,UNIT_SCADA,1,"2019/08/20 23:20:00",BNGSF2,0
D,DISPATCH,UNIT_SCADA,1,"2019/08/20 23:20:00",BOCORWF1,95.73
D,DISPATCH,UNIT_SCADA,1,"2019/08/20 23:20:00",BODWF1,48.098740
D,DISPATCH,UNIT_SCADA,1,"2019/08/20 23:20:00",BRAEMAR1,0
D,DISPATCH,UNIT_SCADA,1,"2019/08/20 23:20:00",BRAEMAR2,0
D,DISPATCH,UNIT_SCADA,1,"2019/08/20 23:20:00",BRAEMAR3,0
D,DISPATCH,UNIT_SCADA,1,"2019/08/20 23:20:00",BRAEMAR5,0
D,DISPATCH,UNIT_SCADA,1,"2019/08/20 23:20:00",BRAEMAR6,0
D,DISPATCH,UNIT_SCADA,1,"2019/08/20 23:20:00",BRAEMAR7,0
D,DISPATCH,UNIT_SCADA,1,"2019/08/20 23:20:00",BROKENH1,0
D,DISPATCH,UNIT_SCADA,1,"2019/08/20 23:20:00",BW01,599.675050
D,DISPATCH,UNIT_SCADA,1,"2019/08/20 23:20:00",BW02,632.8750
D,DISPATCH,UNIT_SCADA,1,"2019/08/20 23:20:00",BW03,636.575070
D,DISPATCH,UNIT_SCADA,1,"2019/08/20 23:20:00",BW04,0
D,DISPATCH,UNIT_SCADA,1,"2019/08/20 23:20:00",CALL_B_1,349.200010
D,DISPATCH,UNIT_SCADA,1,"2019/08/20 23:20:00",CALL_B_2,299.800020
D,DISPATCH,UNIT_SCADA,1,"2019/08/20 23:20:00",CETHANA,97.046880
D,DISPATCH,UNIT_SCADA,1,"2019/08/20 23:20:00",CG1,0
D,DISPATCH,UNIT_SCADA,1,"2019/08/20 23:20:00",CG2,0
D,DISPATCH,UNIT_SCADA,1,"2019/08/20 23:20:00",CG3,0
D,DISPATCH,UNIT_SCADA,1,"2019/08/20 23:20:00",CG4,0
D,DISPATCH,UNIT_SCADA,1,"2019/08/20 23:20:00",CHILDSF1,0
D,DISPATCH,UNIT_SCADA,1,"2019/08/20 23:20:00",CLARESF1,0
D,DISPATCH,UNIT_SCADA,1,"2019/08/20 23:20:00",CLEMGPWF,36.809890
D,DISPATCH,UNIT_SCADA,1,"2019/08/20 23:20:00",CLERMSF1,0
D,DISPATCH,UNIT_SCADA,1,"2019/08/20 23:20:00",COLEASF1,0
D,DISPATCH,UNIT_SCADA,1,"2019/08/20 23:20:00",COOPGWF1,43.099140
D,DISPATCH,UNIT_SCADA,1,"2019/08/20 23:20:00",CPP_3,407.274990
D,DISPATCH,UNIT_SCADA,1,"2019/08/20 23:20:00",CPP_4,404.25
D,DISPATCH,UNIT_SCADA,1,"2019/08/20 23:20:00",CPSA,142.469380
D,DISPATCH,UNIT_SCADA,1,"2019/08/20 23:20:00",CROOKWF2,88.883740
D,DISPATCH,UNIT_SCADA,1,"2019/08/20 23:20:00",CROWLWF1,61.204480
D,DISPATCH,UNIT_SCADA,1,"2019/08/20 23:20:00",CSPVPS1,0
D,DISPATCH,UNIT_SCADA,1,"2019/08/20 23:20:00",DALNTH01,0.025940
D,DISPATCH,UNIT_SCADA,1,"2019/08/20 23:20:00",DALNTHL1,0
D,DISPATCH,UNIT_SCADA,1,"2019/08/20 23:20:00",DARTM1,0
D,DISPATCH,UNIT_SCADA,1,"2019/08/20 23:20:00",DAYDSF1,0
D,DISPATCH,UNIT_SCADA,1,"2019/08/20 23:20:00",DDPS1,0
D,DISPATCH,UNIT_SCADA,1,"2019/08/20 23:20:00",DDSF1,0
D,DISPATCH,UNIT_SCADA,1,"2019/08/20 23:20:00",DEVILS_G,60.145880
D,DISPATCH,UNIT_SCADA,1,"2019/08/20 23:20:00",DG_NSW1,0
D,DISPATCH,UNIT_SCADA,1,"2019/08/20 23:20:00",DG_QLD1,0
D,DISPATCH,UNIT_SCADA,1,"2019/08/20 23:20:00",DG_SA1,0
D,DISPATCH,UNIT_SCADA,1,"2019/08/20 23:20:00",DG_TAS1,0
D,DISPATCH,UNIT_SCADA,1,"2019/08/20 23:20:00",DG_VIC1,0
D,DISPATCH,UNIT_SCADA,1,"2019/08/20 23:20:00",DRYCGT1,0
D,DISPATCH,UNIT_SCADA,1,"2019/08/20 23:20:00",DRYCGT2,0
D,DISPATCH,UNIT_SCADA,1,"2019/08/20 23:20:00",DRYCGT3,0
D,DISPATCH,UNIT_SCADA,1,"2019/08/20 23:20:00",EILDON1,0
D,DISPATCH,UNIT_SCADA,1,"2019/08/20 23:20:00",EILDON2,0
D,DISPATCH,UNIT_SCADA,1,"2019/08/20 23:20:00",EMERASF1,0
D,DISPATCH,UNIT_SCADA,1,"2019/08/20 23:20:00",ER01,590.699950
D,DISPATCH,UNIT_SCADA,1,"2019/08/20 23:20:00",ER02,675.349980
D,DISPATCH,UNIT_SCADA,1,"2019/08/20 23:20:00",ER03,531.75
D,DISPATCH,UNIT_SCADA,1,"2019/08/20 23:20:00",ER04,674.599980
D,DISPATCH,UNIT_SCADA,1,"2019/08/20 23:20:00",FINLYSF1,0
D,DISPATCH,UNIT_SCADA,1,"2019/08/20 23:20:00",FISHER,45.86
D,DISPATCH,UNIT_SCADA,1,"2019/08/20 23:20:00",GANNBG1,0
D,DISPATCH,UNIT_SCADA,1,"2019/08/20 23:20:00",GANNBL1,0.032610
D,DISPATCH,UNIT_SCADA,1,"2019/08/20 23:20:00",GANNSF1,0
D,DISPATCH,UNIT_SCADA,1,"2019/08/20 23:20:00",GORDON,0
D,DISPATCH,UNIT_SCADA,1,"2019/08/20 23:20:00",GSTONE1,152.95
D,DISPATCH,UNIT_SCADA,1,"2019/08/20 23:20:00",GSTONE2,163.45
D,DISPATCH,UNIT_SCADA,1,"2019/08/20 23:20:00",GSTONE3,151.20
D,DISPATCH,UNIT_SCADA,1,"2019/08/20 23:20:00",GSTONE4,153.649990
D,DISPATCH,UNIT_SCADA,1,"2019/08/20 23:20:00",GSTONE5,153.30
D,DISPATCH,UNIT_SCADA,1,"2019/08/20 23:20:00",GSTONE6,0
D,DISPATCH,UNIT_SCADA,1,"2019/08/20 23:20:00",GULLRSF1,0
D,DISPATCH,UNIT_SCADA,1,"2019/08/20 23:20:00",GULLRWF1,152.530430
D,DISPATCH,UNIT_SCADA,1,"2019/08/20 23:20:00",GUNNING1,46.365910
D,DISPATCH,UNIT_SCADA,1,"2019/08/20 23:20:00",GUTHEGA,0
D,DISPATCH,UNIT_SCADA,1,"2019/08/20 23:20:00",HALLWF1,68.03
D,DISPATCH,UNIT_SCADA,1,"2019/08/20 23:20:00",HALLWF2,51.18
D,DISPATCH,UNIT_SCADA,1,"2019/08/20 23:20:00",HAMISF1,0
D,DISPATCH,UNIT_SCADA,1,"2019/08/20 23:20:00",HAUGHT11,0
D,DISPATCH,UNIT_SCADA,1,"2019/08/20 23:20:00",HAYMSF1,0
D,DISPATCH,UNIT_SCADA,1,"2019/08/20 23:20:00",HDWF1,74.10
D,DISPATCH,UNIT_SCADA,1,"2019/08/20 23:20:00",HDWF2,74.30
D,DISPATCH,UNIT_SCADA,1,"2019/08/20 23:20:00",HDWF3,78.80
D,DISPATCH,UNIT_SCADA,1,"2019/08/20 23:20:00",HPRG1,0
D,DISPATCH,UNIT_SCADA,1,"2019/08/20 23:20:00",HPRL1,5.50
D,DISPATCH,UNIT_SCADA,1,"2019/08/20 23:20:00",HUMENSW,0
D,DISPATCH,UNIT_SCADA,1,"2019/08/20 23:20:00",HUMEV,8.80
D,DISPATCH,UNIT_SCADA,1,"2019/08/20 23:20:00",HVGTS,0
D,DISPATCH,UNIT_SCADA,1,"2019/08/20 23:20:00",JBUTTERS,102.39
D,DISPATCH,UNIT_SCADA,1,"2019/08/20 23:20:00",JLA01,0.50
D,DISPATCH,UNIT_SCADA,1,"2019/08/20 23:20:00",JLA02,0
D,DISPATCH,UNIT_SCADA,1,"2019/08/20 23:20:00",JLA03,0.10
D,DISPATCH,UNIT_SCADA,1,"2019/08/20 23:20:00",JLA04,0.10
D,DISPATCH,UNIT_SCADA,1,"2019/08/20 23:20:00",JLB01,0
D,DISPATCH,UNIT_SCADA,1,"2019/08/20 23:20:00",JLB02,0.10
D,DISPATCH,UNIT_SCADA,1,"2019/08/20 23:20:00",JLB03,0
D,DISPATCH,UNIT_SCADA,1,"2019/08/20 23:20:00",KAREEYA1,21.57
D,DISPATCH,UNIT_SCADA,1,"2019/08/20 23:20:00",KAREEYA2,21.5575
D,DISPATCH,UNIT_SCADA,1,"2019/08/20 23:20:00",KAREEYA3,0
D,DISPATCH,UNIT_SCADA,1,"2019/08/20 23:20:00",KAREEYA4,21.6975
D,DISPATCH,UNIT_SCADA,1,"2019/08/20 23:20:00",KARSF1,0
D,DISPATCH,UNIT_SCADA,1,"2019/08/20 23:20:00",KIATAWF1,29.70
D,DISPATCH,UNIT_SCADA,1,"2019/08/20 23:20:00",KPP_1,0
D,DISPATCH,UNIT_SCADA,1,"2019/08/20 23:20:00",KSP1,0
D,DISPATCH,UNIT_SCADA,1,"2019/08/20 23:20:00",LADBROK1,0
D,DISPATCH,UNIT_SCADA,1,"2019/08/20 23:20:00",LADBROK2,0
D,DISPATCH,UNIT_SCADA,1,"2019/08/20 23:20:00",LD01,421.593750
D,DISPATCH,UNIT_SCADA,1,"2019/08/20 23:20:00",LD02,420.112430
D,DISPATCH,UNIT_SCADA,1,"2019/08/20 23:20:00",LD03,419.456180
D,DISPATCH,UNIT_SCADA,1,"2019/08/20 23:20:00",LD04,378.5625
D,DISPATCH,UNIT_SCADA,1,"2019/08/20 23:20:00",LEM_WIL,85.7754
D,DISPATCH,UNIT_SCADA,1,"2019/08/20 23:20:00",LGAPWF1,12.89
D,DISPATCH,UNIT_SCADA,1,"2019/08/20 23:20:00",LILYSF1,0
D,DISPATCH,UNIT_SCADA,1,"2019/08/20 23:20:00",LI_WY_CA,149.913440
D,DISPATCH,UNIT_SCADA,1,"2019/08/20 23:20:00",LKBONNY2,114.1868
D,DISPATCH,UNIT_SCADA,1,"2019/08/20 23:20:00",LKBONNY3,28.1343
D,DISPATCH,UNIT_SCADA,1,"2019/08/20 23:20:00",LK_ECHO,0
D,DISPATCH,UNIT_SCADA,1,"2019/08/20 23:20:00",LNGS1,0
D,DISPATCH,UNIT_SCADA,1,"2019/08/20 23:20:00",LNGS2,0
D,DISPATCH,UNIT_SCADA,1,"2019/08/20 23:20:00",LONSDALE,0
D,DISPATCH,UNIT_SCADA,1,"2019/08/20 23:20:00",LOYYB1,536.088620
D,DISPATCH,UNIT_SCADA,1,"2019/08/20 23:20:00",LOYYB2,581.202510
D,DISPATCH,UNIT_SCADA,1,"2019/08/20 23:20:00",LYA1,519
D,DISPATCH,UNIT_SCADA,1,"2019/08/20 23:20:00",LYA2,0
D,DISPATCH,UNIT_SCADA,1,"2019/08/20 23:20:00",LYA3,560
D,DISPATCH,UNIT_SCADA,1,"2019/08/20 23:20:00",LYA4,540
D,DISPATCH,UNIT_SCADA,1,"2019/08/20 23:20:00",MACARTH1,348.891940
D,DISPATCH,UNIT_SCADA,1,"2019/08/20 23:20:00",MACKAYGT,0
D,DISPATCH,UNIT_SCADA,1,"2019/08/20 23:20:00",MACKNTSH,85.02
D,DISPATCH,UNIT_SCADA,1,"2019/08/20 23:20:00",MANSLR1,0
D,DISPATCH,UNIT_SCADA,1,"2019/08/20 23:20:00",MCKAY1,0.02
D,DISPATCH,UNIT_SCADA,1,"2019/08/20 23:20:00",MEADOWBK,33.981620
D,DISPATCH,UNIT_SCADA,1,"2019/08/20 23:20:00",MERCER01,128.7390
D,DISPATCH,UNIT_SCADA,1,"2019/08/20 23:20:00",MEWF1,65.579010
D,DISPATCH,UNIT_SCADA,1,"2019/08/20 23:20:00",MINTARO,0
D,DISPATCH,UNIT_SCADA,1,"2019/08/20 23:20:00",MOREESF1,0
D,DISPATCH,UNIT_SCADA,1,"2019/08/20 23:20:00",MORTLK11,0
D,DISPATCH,UNIT_SCADA,1,"2019/08/20 23:20:00",MORTLK12,0
D,DISPATCH,UNIT_SCADA,1,"2019/08/20 23:20:00",MP1,277.299930
D,DISPATCH,UNIT_SCADA,1,"2019/08/20 23:20:00",MP2,0
D,DISPATCH,UNIT_SCADA,1,"2019/08/20 23:20:00",MPP_1,395.25
D,DISPATCH,UNIT_SCADA,1,"2019/08/20 23:20:00",MPP_2,424.25
D,DISPATCH,UNIT_SCADA,1,"2019/08/20 23:20:00",MSTUART1,0
D,DISPATCH,UNIT_SCADA,1,"2019/08/20 23:20:00",MSTUART2,0
D,DISPATCH,UNIT_SCADA,1,"2019/08/20 23:20:00",MSTUART3,0
D,DISPATCH,UNIT_SCADA,1,"2019/08/20 23:20:00",MTGELWF1,63.989690
D,DISPATCH,UNIT_SCADA,1,"2019/08/20 23:20:00",MURRAY,0
D,DISPATCH,UNIT_SCADA,1,"2019/08/20 23:20:00",MUSSELR1,165.80
D,DISPATCH,UNIT_SCADA,1,"2019/08/20 23:20:00",MUWAWF1,41.94
D,DISPATCH,UNIT_SCADA,1,"2019/08/20 23:20:00",NBHWF1,86.40
D,DISPATCH,UNIT_SCADA,1,"2019/08/20 23:20:00",NPS,0
D,DISPATCH,UNIT_SCADA,1,"2019/08/20 23:20:00",NUMURSF1,0
D,DISPATCH,UNIT_SCADA,1,"2019/08/20 23:20:00",NYNGAN1,0
D,DISPATCH,UNIT_SCADA,1,"2019/08/20 23:20:00",OAKEY1,0
D,DISPATCH,UNIT_SCADA,1,"2019/08/20 23:20:00",OAKEY1SF,0.0380
D,DISPATCH,UNIT_SCADA,1,"2019/08/20 23:20:00",OAKEY2,0
D,DISPATCH,UNIT_SCADA,1,"2019/08/20 23:20:00",OAKLAND1,62
D,DISPATCH,UNIT_SCADA,1,"2019/08/20 23:20:00",OSB-AG,0
D,DISPATCH,UNIT_SCADA,1,"2019/08/20 23:20:00",PARSF1,0
D,DISPATCH,UNIT_SCADA,1,"2019/08/20 23:20:00",POAT110,0
D,DISPATCH,UNIT_SCADA,1,"2019/08/20 23:20:00",POAT220,1.13
D,DISPATCH,UNIT_SCADA,1,"2019/08/20 23:20:00",POR01,0
D,DISPATCH,UNIT_SCADA,1,"2019/08/20 23:20:00",POR03,0
D,DISPATCH,UNIT_SCADA,1,"2019/08/20 23:20:00",PPCCGT,174.894410
D,DISPATCH,UNIT_SCADA,1,"2019/08/20 23:20:00",PTSTAN1,0
D,DISPATCH,UNIT_SCADA,1,"2019/08/20 23:20:00",PUMP1,0
D,DISPATCH,UNIT_SCADA,1,"2019/08/20 23:20:00",PUMP2,0
D,DISPATCH,UNIT_SCADA,1,"2019/08/20 23:20:00",QPS1,0
D,DISPATCH,UNIT_SCADA,1,"2019/08/20 23:20:00",QPS2,0
D,DISPATCH,UNIT_SCADA,1,"2019/08/20 23:20:00",QPS3,0
D,DISPATCH,UNIT_SCADA,1,"2019/08/20 23:20:00",QPS4,0
D,DISPATCH,UNIT_SCADA,1,"2019/08/20 23:20:00",QPS5,0
D,DISPATCH,UNIT_SCADA,1,"2019/08/20 23:20:00",REECE1,117.88
D,DISPATCH,UNIT_SCADA,1,"2019/08/20 23:20:00",REECE2,117.63
D,DISPATCH,UNIT_SCADA,1,"2019/08/20 23:20:00",ROMA_7,0
D,DISPATCH,UNIT_SCADA,1,"2019/08/20 23:20:00",ROMA_8,0
D,DISPATCH,UNIT_SCADA,1,"2019/08/20 23:20:00",RRSF1,0
D,DISPATCH,UNIT_SCADA,1,"2019/08/20 23:20:00",RT_NSW1,0
D,DISPATCH,UNIT_SCADA,1,"2019/08/20 23:20:00",RT_NSW2,0
D,DISPATCH,UNIT_SCADA,1,"2019/08/20 23:20:00",RT_NSW3,0
D,DISPATCH,UNIT_SCADA,1,"2019/08/20 23:20:00",RT_NSW4,0
D,DISPATCH,UNIT_SCADA,1,"2019/08/20 23:20:00",RT_NSW5,0
D,DISPATCH,UNIT_SCADA,1,"2019/08/20 23:20:00",RT_NSW6,0
D,DISPATCH,UNIT_SCADA,1,"2019/08/20 23:20:00",RT_QLD1,0
D,DISPATCH,UNIT_SCADA,1,"2019/08/20 23:20:00",RT_SA1,0
D,DISPATCH,UNIT_SCADA,1,"2019/08/20 23:20:00",RT_SA2,0
D,DISPATCH,UNIT_SCADA,1,"2019/08/20 23:20:00",RT_SA3,0
D,DISPATCH,UNIT_SCADA,1,"2019/08/20 23:20:00",RT_SA4,0
D,DISPATCH,UNIT_SCADA,1,"2019/08/20 23:20:00",RT_SA5,0
D,DISPATCH,UNIT_SCADA,1,"2019/08/20 23:20:00",RT_SA6,0
D,DISPATCH,UNIT_SCADA,1,"2019/08/20 23:20:00",RT_TAS1,0
D,DISPATCH,UNIT_SCADA,1,"2019/08/20 23:20:00",RT_VIC1,0
D,DISPATCH,UNIT_SCADA,1,"2019/08/20 23:20:00",RT_VIC10,0
D,DISPATCH,UNIT_SCADA,1,"2019/08/20 23:20:00",RT_VIC11,0
D,DISPATCH,UNIT_SCADA,1,"2019/08/20 23:20:00",RT_VIC12,0
D,DISPATCH,UNIT_SCADA,1,"2019/08/20 23:20:00",RT_VIC2,0
D,DISPATCH,UNIT_SCADA,1,"2019/08/20 23:20:00",RT_VIC3,0
D,DISPATCH,UNIT_SCADA,1,"2019/08/20 23:20:00",RT_VIC4,0
D,DISPATCH,UNIT_SCADA,1,"2019/08/20 23:20:00",RT_VIC5,0
D,DISPATCH,UNIT_SCADA,1,"2019/08/20 23:20:00",RT_VIC6,0
D,DISPATCH,UNIT_SCADA,1,"2019/08/20 23:20:00",RT_VIC7,0
D,DISPATCH,UNIT_SCADA,1,"2019/08/20 23:20:00",RT_VIC8,0
D,DISPATCH,UNIT_SCADA,1,"2019/08/20 23:20:00",RT_VIC9,0
D,DISPATCH,UNIT_SCADA,1,"2019/08/20 23:20:00",RUGBYR1,0
D,DISPATCH,UNIT_SCADA,1,"2019/08/20 23:20:00",SALTCRK1,50.63
D,DISPATCH,UNIT_SCADA,1,"2019/08/20 23:20:00",SAPHWF1,187.950010
D,DISPATCH,UNIT_SCADA,1,"2019/08/20 23:20:00",SHGEN,0
D,DISPATCH,UNIT_SCADA,1,"2019/08/20 23:20:00",SHPUMP,0
D,DISPATCH,UNIT_SCADA,1,"2019/08/20 23:20:00",SITHE01,0.153860
D,DISPATCH,UNIT_SCADA,1,"2019/08/20 23:20:00",SMCSF1,0
D,DISPATCH,UNIT_SCADA,1,"2019/08/20 23:20:00",SNOWNTH1,70.399990
D,DISPATCH,UNIT_SCADA,1,"2019/08/20 23:20:00",SNOWSTH1,86.80
D,DISPATCH,UNIT_SCADA,1,"2019/08/20 23:20:00",SNOWTWN1,61.519610
D,DISPATCH,UNIT_SCADA,1,"2019/08/20 23:20:00",SNOWYP,0
D,DISPATCH,UNIT_SCADA,1,"2019/08/20 23:20:00",SNUG1,0.019440
D,DISPATCH,UNIT_SCADA,1,"2019/08/20 23:20:00",SRSF1,0.07
D,DISPATCH,UNIT_SCADA,1,"2019/08/20 23:20:00",STAN-1,0
D,DISPATCH,UNIT_SCADA,1,"2019/08/20 23:20:00",STAN-2,284.132170
D,DISPATCH,UNIT_SCADA,1,"2019/08/20 23:20:00",STAN-3,283.747650
D,DISPATCH,UNIT_SCADA,1,"2019/08/20 23:20:00",STAN-4,284.529510
D,DISPATCH,UNIT_SCADA,1,"2019/08/20 23:20:00",STWF1,178.537510
D,DISPATCH,UNIT_SCADA,1,"2019/08/20 23:20:00",SWAN_E,0
D,DISPATCH,UNIT_SCADA,1,"2019/08/20 23:20:00",TALWA1,300
D,DISPATCH,UNIT_SCADA,1,"2019/08/20 23:20:00",TARALGA1,97.5150
D,DISPATCH,UNIT_SCADA,1,"2019/08/20 23:20:00",TARONG#1,322.800020
D,DISPATCH,UNIT_SCADA,1,"2019/08/20 23:20:00",TARONG#2,171.400010
D,DISPATCH,UNIT_SCADA,1,"2019/08/20 23:20:00",TARONG#3,260.50
D,DISPATCH,UNIT_SCADA,1,"2019/08/20 23:20:00",TARONG#4,323.200010
D,DISPATCH,UNIT_SCADA,1,"2019/08/20 23:20:00",TARRALEA,85
D,DISPATCH,UNIT_SCADA,1,"2019/08/20 23:20:00",TBSF1,-0.20
D,DISPATCH,UNIT_SCADA,1,"2019/08/20 23:20:00",TNPS1,441.700010
D,DISPATCH,UNIT_SCADA,1,"2019/08/20 23:20:00",TORRA1,37.823740
D,DISPATCH,UNIT_SCADA,1,"2019/08/20 23:20:00",TORRA2,0
D,DISPATCH,UNIT_SCADA,1,"2019/08/20 23:20:00",TORRA3,0
D,DISPATCH,UNIT_SCADA,1,"2019/08/20 23:20:00",TORRA4,0
D,DISPATCH,UNIT_SCADA,1,"2019/08/20 23:20:00",TORRB1,38.99
D,DISPATCH,UNIT_SCADA,1,"2019/08/20 23:20:00",TORRB2,40.80
D,DISPATCH,UNIT_SCADA,1,"2019/08/20 23:20:00",TORRB3,0
D,DISPATCH,UNIT_SCADA,1,"2019/08/20 23:20:00",TORRB4,0
D,DISPATCH,UNIT_SCADA,1,"2019/08/20 23:20:00",TREVALLN,1.40
D,DISPATCH,UNIT_SCADA,1,"2019/08/20 23:20:00",TRIBUTE,84.84
D,DISPATCH,UNIT_SCADA,1,"2019/08/20 23:20:00",TUMUT3,0
D,DISPATCH,UNIT_SCADA,1,"2019/08/20 23:20:00",TUNGATIN,123.180020
D,DISPATCH,UNIT_SCADA,1,"2019/08/20 23:20:00",TVCC201,0
D,DISPATCH,UNIT_SCADA,1,"2019/08/20 23:20:00",TVPP104,0
D,DISPATCH,UNIT_SCADA,1,"2019/08/20 23:20:00",UPPTUMUT,0
D,DISPATCH,UNIT_SCADA,1,"2019/08/20 23:20:00",URANQ11,0
D,DISPATCH,UNIT_SCADA,1,"2019/08/20 23:20:00",URANQ12,0
D,DISPATCH,UNIT_SCADA,1,"2019/08/20 23:20:00",URANQ13,0
D,DISPATCH,UNIT_SCADA,1,"2019/08/20 23:20:00",URANQ14,0
D,DISPATCH,UNIT_SCADA,1,"2019/08/20 23:20:00",VP5,399.399990
D,DISPATCH,UNIT_SCADA,1,"2019/08/20 23:20:00",VP6,399.524990
D,DISPATCH,UNIT_SCADA,1,"2019/08/20 23:20:00",VPGS1,0
D,DISPATCH,UNIT_SCADA,1,"2019/08/20 23:20:00",VPGS2,0
D,DISPATCH,UNIT_SCADA,1,"2019/08/20 23:20:00",VPGS3,0
D,DISPATCH,UNIT_SCADA,1,"2019/08/20 23:20:00",VPGS4,0
D,DISPATCH,UNIT_SCADA,1,"2019/08/20 23:20:00",VPGS5,0
D,DISPATCH,UNIT_SCADA,1,"2019/08/20 23:20:00",VPGS6,0
D,DISPATCH,UNIT_SCADA,1,"2019/08/20 23:20:00",W/HOE#1,0
D,DISPATCH,UNIT_SCADA,1,"2019/08/20 23:20:00",W/HOE#2,0
D,DISPATCH,UNIT_SCADA,1,"2019/08/20 23:20:00",WATERLWF,92.70
D,DISPATCH,UNIT_SCADA,1,"2019/08/20 23:20:00",WEMENSF1,0
D,DISPATCH,UNIT_SCADA,1,"2019/08/20 23:20:00",WGWF1,86.40
D,DISPATCH,UNIT_SCADA,1,"2019/08/20 23:20:00",WHITSF1,0
D,DISPATCH,UNIT_SCADA,1,"2019/08/20 23:20:00",WKIEWA1,24.90
D,DISPATCH,UNIT_SCADA,1,"2019/08/20 23:20:00",WKIEWA2,17
D,DISPATCH,UNIT_SCADA,1,"2019/08/20 23:20:00",WOODLWN1,30.8970
D,DISPATCH,UNIT_SCADA,1,"2019/08/20 23:20:00",WRSF1,0
D,DISPATCH,UNIT_SCADA,1,"2019/08/20 23:20:00",WRWF1,135.463760
D,DISPATCH,UNIT_SCADA,1,"2019/08/20 23:20:00",YABULU,0
D,DISPATCH,UNIT_SCADA,1,"2019/08/20 23:20:00",YABULU2,0
D,DISPATCH,UNIT_SCADA,1,"2019/08/20 23:20:00",YARWUN_1,0
D,DISPATCH,UNIT_SCADA,1,"2019/08/20 23:20:00",YENDWF1,41.97
D,DISPATCH,UNIT_SCADA,1,"2019/08/20 23:20:00",YWPS1,381.453160
D,DISPATCH,UNIT_SCADA,1,"2019/08/20 23:20:00",YWPS2,275.686070
D,DISPATCH,UNIT_SCADA,1,"2019/08/20 23:20:00",YWPS3,0
D,DISPATCH,UNIT_SCADA,1,"2019/08/20 23:20:00",YWPS4,395.520260
C,"END OF REPORT",334
