C,NEMP.WORLD,DISPATCHSCADA,AEMO,PUBLIC,2019/09/04,22:40:09,0000000312399408,DISPATCHSCADA,0000000312399402
I,DISPATCH,UNIT_SCADA,1,SETTLEMENTDATE,DUID,SCADAVALUE
D,DISPATCH,UNIT_SCADA,1,"2019/09/04 22:45:00",BARCSF1,0
D,DISPATCH,UNIT_SCADA,1,"2019/09/04 22:45:00",BUTLERSG,10.199999
D,DISPATCH,UNIT_SCADA,1,"2019/09/04 22:45:00",CALL_A_4,0
D,DISPATCH,UNIT_SCADA,1,"2019/09/04 22:45:00",CAPTL_WF,46.459999
D,DISPATCH,UNIT_SCADA,1,"2019/09/04 22:45:00",CATHROCK,0
D,DISPATCH,UNIT_SCADA,1,"2019/09/04 22:45:00",CHALLHWF,0
D,DISPATCH,UNIT_SCADA,1,"2019/09/04 22:45:00",CLOVER,-0.02
D,DISPATCH,UNIT_SCADA,1,"2019/09/04 22:45:00",CLUNY,10.067750
D,DISPATCH,UNIT_SCADA,1,"2019/09/04 22:45:00",CNUNDAWF,2.803270
D,DISPATCH,UNIT_SCADA,1,"2019/09/04 22:45:00",CULLRGWF,13.18
D,DISPATCH,UNIT_SCADA,1,"2019/09/04 22:45:00",ERGT01,0
D,DISPATCH,UNIT_SCADA,1,"2019/09/04 22:45:00",GB01,0.015366
D,DISPATCH,UNIT_SCADA,1,"2019/09/04 22:45:00",GERMCRK,39
D,DISPATCH,UNIT_SCADA,1,"2019/09/04 22:45:00",GRIFSF1,0
D,DISPATCH,UNIT_SCADA,1,"2019/09/04 22:45:00",HUGSF1,-0.19
D,DISPATCH,UNIT_SCADA,1,"2019/09/04 22:45:00",LKBONNY1,3.572375
D,DISPATCH,UNIT_SCADA,1,"2019/09/04 22:45:00",LRSF1,-0.0310
D,DISPATCH,UNIT_SCADA,1,"2019/09/04 22:45:00",MBAHNTH,27.018753
D,DISPATCH,UNIT_SCADA,1,"2019/09/04 22:45:00",MLSP1,0.366001
D,DISPATCH,UNIT_SCADA,1,"2019/09/04 22:45:00",MLWF1,1.6950
D,DISPATCH,UNIT_SCADA,1,"2019/09/04 22:45:00",MTMILLAR,4.211782
D,DISPATCH,UNIT_SCADA,1,"2019/09/04 22:45:00",PALOONA,16.799999
D,DISPATCH,UNIT_SCADA,1,"2019/09/04 22:45:00",PIONEER,9.50
D,DISPATCH,UNIT_SCADA,1,"2019/09/04 22:45:00",PORTWF,-0.40
D,DISPATCH,UNIT_SCADA,1,"2019/09/04 22:45:00",REPULSE,20.331732
D,DISPATCH,UNIT_SCADA,1,"2019/09/04 22:45:00",ROWALLAN,10.3305
D,DISPATCH,UNIT_SCADA,1,"2019/09/04 22:45:00",ROYALLA1,0
D,DISPATCH,UNIT_SCADA,1,"2019/09/04 22:45:00",RPCG,7.60
D,DISPATCH,UNIT_SCADA,1,"2019/09/04 22:45:00",RUBICON,0
D,DISPATCH,UNIT_SCADA,1,"2019/09/04 22:45:00",SATGN1,0
D,DISPATCH,UNIT_SCADA,1,"2019/09/04 22:45:00",SATGS1,0
D,DISPATCH,UNIT_SCADA,1,"2019/09/04 22:45:00",STARHLWF,-0.099971
D,DISPATCH,UNIT_SCADA,1,"2019/09/04 22:45:00",WAUBRAWF,0
D,DISPATCH,UNIT_SCADA,1,"2019/09/04 22:45:00",WOOLNTH1,11.390016
D,DISPATCH,UNIT_SCADA,1,"2019/09/04 22:45:00",WPWF,0
D,DISPATCH,UNIT_SCADA,1,"2019/09/04 22:45:00",YAMBUKWF,0.20
D,DISPATCH,UNIT_SCADA,1,"2019/09/04 22:45:00",YSWF1,0
D,DISPATCH,UNIT_SCADA,1,"2019/09/04 22:45:00",AGLHAL,0
D,DISPATCH,UNIT_SCADA,1,"2019/09/04 22:45:00",AGLSOM,120.10
D,DISPATCH,UNIT_SCADA,1,"2019/09/04 22:45:00",ANGAST1,0
D,DISPATCH,UNIT_SCADA,1,"2019/09/04 22:45:00",ARWF1,-0.70
D,DISPATCH,UNIT_SCADA,1,"2019/09/04 22:45:00",BALBG1,0
D,DISPATCH,UNIT_SCADA,1,"2019/09/04 22:45:00",BALBL1,0
D,DISPATCH,UNIT_SCADA,1,"2019/09/04 22:45:00",BALDHWF1,2.5270
D,DISPATCH,UNIT_SCADA,1,"2019/09/04 22:45:00",BANN1,0
D,DISPATCH,UNIT_SCADA,1,"2019/09/04 22:45:00",BARCALDN,0
D,DISPATCH,UNIT_SCADA,1,"2019/09/04 22:45:00",BARRON-1,34.24
D,DISPATCH,UNIT_SCADA,1,"2019/09/04 22:45:00",BARRON-2,0
D,DISPATCH,UNIT_SCADA,1,"2019/09/04 22:45:00",BASTYAN,80.150010
D,DISPATCH,UNIT_SCADA,1,"2019/09/04 22:45:00",BBTHREE1,0
D,DISPATCH,UNIT_SCADA,1,"2019/09/04 22:45:00",BBTHREE2,0
D,DISPATCH,UNIT_SCADA,1,"2019/09/04 22:45:00",BBTHREE3,0
D,DISPATCH,UNIT_SCADA,1,"2019/09/04 22:45:00",BDL01,44.16
D,DISPATCH,UNIT_SCADA,1,"2019/09/04 22:45:00",BDL02,44.40
D,DISPATCH,UNIT_SCADA,1,"2019/09/04 22:45:00",BERYLSF1,0
D,DISPATCH,UNIT_SCADA,1,"2019/09/04 22:45:00",BLOWERNG,11.10
D,DISPATCH,UNIT_SCADA,1,"2019/09/04 22:45:00",BLUFF1,1.60
D,DISPATCH,UNIT_SCADA,1,"2019/09/04 22:45:00",BNGSF1,0
D,DISPATCH,UNIT_SCADA,1,"2019/09/04 22:45:00",BNGSF2,0
D,DISPATCH,UNIT_SCADA,1,"2019/09/04 22:45:00",BOCORWF1,1.14
D,DISPATCH,UNIT_SCADA,1,"2019/09/04 22:45:00",BODWF1,42.493660
D,DISPATCH,UNIT_SCADA,1,"2019/09/04 22:45:00",BRAEMAR1,0
D,DISPATCH,UNIT_SCADA,1,"2019/09/04 22:45:00",BRAEMAR2,0
D,DISPATCH,UNIT_SCADA,1,"2019/09/04 22:45:00",BRAEMAR3,0
D,DISPATCH,UNIT_SCADA,1,"2019/09/04 22:45:00",BRAEMAR5,0
D,DISPATCH,UNIT_SCADA,1,"2019/09/04 22:45:00",BRAEMAR6,0
D,DISPATCH,UNIT_SCADA,1,"2019/09/04 22:45:00",BRAEMAR7,0
D,DISPATCH,UNIT_SCADA,1,"2019/09/04 22:45:00",BROKENH1,0
D,DISPATCH,UNIT_SCADA,1,"2019/09/04 22:45:00",BW01,566.6250
D,DISPATCH,UNIT_SCADA,1,"2019/09/04 22:45:00",BW02,632.075070
D,DISPATCH,UNIT_SCADA,1,"2019/09/04 22:45:00",BW03,639.425050
D,DISPATCH,UNIT_SCADA,1,"2019/09/04 22:45:00",BW04,0
D,DISPATCH,UNIT_SCADA,1,"2019/09/04 22:45:00",CALL_B_1,349.300020
D,DISPATCH,UNIT_SCADA,1,"2019/09/04 22:45:00",CALL_B_2,350.700010
D,DISPATCH,UNIT_SCADA,1,"2019/09/04 22:45:00",CETHANA,79.683130
D,DISPATCH,UNIT_SCADA,1,"2019/09/04 22:45:00",CG1,0
D,DISPATCH,UNIT_SCADA,1,"2019/09/04 22:45:00",CG2,0
D,DISPATCH,UNIT_SCADA,1,"2019/09/04 22:45:00",CG3,0
D,DISPATCH,UNIT_SCADA,1,"2019/09/04 22:45:00",CG4,0
D,DISPATCH,UNIT_SCADA,1,"2019/09/04 22:45:00",CHILDSF1,0
D,DISPATCH,UNIT_SCADA,1,"2019/09/04 22:45:00",CLARESF1,0
D,DISPATCH,UNIT_SCADA,1,"2019/09/04 22:45:00",CLEMGPWF,8.932340
D,DISPATCH,UNIT_SCADA,1,"2019/09/04 22:45:00",CLERMSF1,0
D,DISPATCH,UNIT_SCADA,1,"2019/09/04 22:45:00",COLEASF1,0
D,DISPATCH,UNIT_SCADA,1,"2019/09/04 22:45:00",COOPGWF1,19.422270
D,DISPATCH,UNIT_SCADA,1,"2019/09/04 22:45:00",CPP_3,407.825010
D,DISPATCH,UNIT_SCADA,1,"2019/09/04 22:45:00",CPP_4,406.450010
D,DISPATCH,UNIT_SCADA,1,"2019/09/04 22:45:00",CPSA,143.173130
D,DISPATCH,UNIT_SCADA,1,"2019/09/04 22:45:00",CROOKWF2,62.333750
D,DISPATCH,UNIT_SCADA,1,"2019/09/04 22:45:00",CROWLWF1,-0.205610
D,DISPATCH,UNIT_SCADA,1,"2019/09/04 22:45:00",CSPVPS1,0
D,DISPATCH,UNIT_SCADA,1,"2019/09/04 22:45:00",DALNTH01,0
D,DISPATCH,UNIT_SCADA,1,"2019/09/04 22:45:00",DALNTHL1,0.090030
D,DISPATCH,UNIT_SCADA,1,"2019/09/04 22:45:00",DARTM1,133.50
D,DISPATCH,UNIT_SCADA,1,"2019/09/04 22:45:00",DAYDSF1,0
D,DISPATCH,UNIT_SCADA,1,"2019/09/04 22:45:00",DDPS1,519.840760
D,DISPATCH,UNIT_SCADA,1,"2019/09/04 22:45:00",DDSF1,0
D,DISPATCH,UNIT_SCADA,1,"2019/09/04 22:45:00",DEVILS_G,56.552020
D,DISPATCH,UNIT_SCADA,1,"2019/09/04 22:45:00",DG_NSW1,0
D,DISPATCH,UNIT_SCADA,1,"2019/09/04 22:45:00",DG_QLD1,0
D,DISPATCH,UNIT_SCADA,1,"2019/09/04 22:45:00",DG_SA1,0
D,DISPATCH,UNIT_SCADA,1,"2019/09/04 22:45:00",DG_TAS1,0
D,DISPATCH,UNIT_SCADA,1,"2019/09/04 22:45:00",DG_VIC1,0
D,DISPATCH,UNIT_SCADA,1,"2019/09/04 22:45:00",DRYCGT1,0
D,DISPATCH,UNIT_SCADA,1,"2019/09/04 22:45:00",DRYCGT2,0
D,DISPATCH,UNIT_SCADA,1,"2019/09/04 22:45:00",DRYCGT3,0
D,DISPATCH,UNIT_SCADA,1,"2019/09/04 22:45:00",EILDON1,0
D,DISPATCH,UNIT_SCADA,1,"2019/09/04 22:45:00",EILDON2,0
D,DISPATCH,UNIT_SCADA,1,"2019/09/04 22:45:00",EMERASF1,0
D,DISPATCH,UNIT_SCADA,1,"2019/09/04 22:45:00",ER01,571.450070
D,DISPATCH,UNIT_SCADA,1,"2019/09/04 22:45:00",ER02,676.25
D,DISPATCH,UNIT_SCADA,1,"2019/09/04 22:45:00",ER03,0
D,DISPATCH,UNIT_SCADA,1,"2019/09/04 22:45:00",ER04,677.800050
D,DISPATCH,UNIT_SCADA,1,"2019/09/04 22:45:00",FINLYSF1,0
D,DISPATCH,UNIT_SCADA,1,"2019/09/04 22:45:00",FISHER,45.80
D,DISPATCH,UNIT_SCADA,1,"2019/09/04 22:45:00",GANNBG1,0
D,DISPATCH,UNIT_SCADA,1,"2019/09/04 22:45:00",GANNBL1,0.041090
D,DISPATCH,UNIT_SCADA,1,"2019/09/04 22:45:00",GANNSF1,0
D,DISPATCH,UNIT_SCADA,1,"2019/09/04 22:45:00",GORDON,0
D,DISPATCH,UNIT_SCADA,1,"2019/09/04 22:45:00",GSTONE1,207.20
D,DISPATCH,UNIT_SCADA,1,"2019/09/04 22:45:00",GSTONE2,178.849990
D,DISPATCH,UNIT_SCADA,1,"2019/09/04 22:45:00",GSTONE3,0
D,DISPATCH,UNIT_SCADA,1,"2019/09/04 22:45:00",GSTONE4,206.3250
D,DISPATCH,UNIT_SCADA,1,"2019/09/04 22:45:00",GSTONE5,205.274990
D,DISPATCH,UNIT_SCADA,1,"2019/09/04 22:45:00",GSTONE6,207.3750
D,DISPATCH,UNIT_SCADA,1,"2019/09/04 22:45:00",GULLRSF1,0
D,DISPATCH,UNIT_SCADA,1,"2019/09/04 22:45:00",GULLRWF1,119.200160
D,DISPATCH,UNIT_SCADA,1,"2019/09/04 22:45:00",GUNNING1,18.9579
D,DISPATCH,UNIT_SCADA,1,"2019/09/04 22:45:00",GUTHEGA,31
D,DISPATCH,UNIT_SCADA,1,"2019/09/04 22:45:00",HALLWF1,12.64
D,DISPATCH,UNIT_SCADA,1,"2019/09/04 22:45:00",HALLWF2,4.68
D,DISPATCH,UNIT_SCADA,1,"2019/09/04 22:45:00",HAMISF1,0
D,DISPATCH,UNIT_SCADA,1,"2019/09/04 22:45:00",HAUGHT11,0
D,DISPATCH,UNIT_SCADA,1,"2019/09/04 22:45:00",HAYMSF1,0
D,DISPATCH,UNIT_SCADA,1,"2019/09/04 22:45:00",HDWF1,80.90
D,DISPATCH,UNIT_SCADA,1,"2019/09/04 22:45:00",HDWF2,65.60
D,DISPATCH,UNIT_SCADA,1,"2019/09/04 22:45:00",HDWF3,60.50
D,DISPATCH,UNIT_SCADA,1,"2019/09/04 22:45:00",HPRG1,22.30
D,DISPATCH,UNIT_SCADA,1,"2019/09/04 22:45:00",HPRL1,0
D,DISPATCH,UNIT_SCADA,1,"2019/09/04 22:45:00",HUMENSW,0
D,DISPATCH,UNIT_SCADA,1,"2019/09/04 22:45:00",HUMEV,26.30
D,DISPATCH,UNIT_SCADA,1,"2019/09/04 22:45:00",HVGTS,0
D,DISPATCH,UNIT_SCADA,1,"2019/09/04 22:45:00",JBUTTERS,33
D,DISPATCH,UNIT_SCADA,1,"2019/09/04 22:45:00",JLA01,0.10
D,DISPATCH,UNIT_SCADA,1,"2019/09/04 22:45:00",JLA02,0
D,DISPATCH,UNIT_SCADA,1,"2019/09/04 22:45:00",JLA03,0
D,DISPATCH,UNIT_SCADA,1,"2019/09/04 22:45:00",JLA04,0
D,DISPATCH,UNIT_SCADA,1,"2019/09/04 22:45:00",JLB01,0
D,DISPATCH,UNIT_SCADA,1,"2019/09/04 22:45:00",JLB02,84
D,DISPATCH,UNIT_SCADA,1,"2019/09/04 22:45:00",JLB03,83.60
D,DISPATCH,UNIT_SCADA,1,"2019/09/04 22:45:00",KAREEYA1,21.5375
D,DISPATCH,UNIT_SCADA,1,"2019/09/04 22:45:00",KAREEYA2,21.5175
D,DISPATCH,UNIT_SCADA,1,"2019/09/04 22:45:00",KAREEYA3,0
D,DISPATCH,UNIT_SCADA,1,"2019/09/04 22:45:00",KAREEYA4,21.6325
D,DISPATCH,UNIT_SCADA,1,"2019/09/04 22:45:00",KARSF1,0
D,DISPATCH,UNIT_SCADA,1,"2019/09/04 22:45:00",KIATAWF1,-0.20
D,DISPATCH,UNIT_SCADA,1,"2019/09/04 22:45:00",KPP_1,0
D,DISPATCH,UNIT_SCADA,1,"2019/09/04 22:45:00",KSP1,0
D,DISPATCH,UNIT_SCADA,1,"2019/09/04 22:45:00",LADBROK1,42.60
D,DISPATCH,UNIT_SCADA,1,"2019/09/04 22:45:00",LADBROK2,43.01
D,DISPATCH,UNIT_SCADA,1,"2019/09/04 22:45:00",LD01,416.681210
D,DISPATCH,UNIT_SCADA,1,"2019/09/04 22:45:00",LD02,400.181210
D,DISPATCH,UNIT_SCADA,1,"2019/09/04 22:45:00",LD03,419.1937
D,DISPATCH,UNIT_SCADA,1,"2019/09/04 22:45:00",LD04,375.824980
D,DISPATCH,UNIT_SCADA,1,"2019/09/04 22:45:00",LEM_WIL,81.655850
D,DISPATCH,UNIT_SCADA,1,"2019/09/04 22:45:00",LGAPWF1,9.36
D,DISPATCH,UNIT_SCADA,1,"2019/09/04 22:45:00",LILYSF1,0
D,DISPATCH,UNIT_SCADA,1,"2019/09/04 22:45:00",LI_WY_CA,164.2502
D,DISPATCH,UNIT_SCADA,1,"2019/09/04 22:45:00",LKBONNY2,10.175620
D,DISPATCH,UNIT_SCADA,1,"2019/09/04 22:45:00",LKBONNY3,2.177060
D,DISPATCH,UNIT_SCADA,1,"2019/09/04 22:45:00",LK_ECHO,0
D,DISPATCH,UNIT_SCADA,1,"2019/09/04 22:45:00",LNGS1,0
D,DISPATCH,UNIT_SCADA,1,"2019/09/04 22:45:00",LNGS2,0
D,DISPATCH,UNIT_SCADA,1,"2019/09/04 22:45:00",LONSDALE,0
D,DISPATCH,UNIT_SCADA,1,"2019/09/04 22:45:00",LOYYB1,536.088620
D,DISPATCH,UNIT_SCADA,1,"2019/09/04 22:45:00",LOYYB2,583.834170
D,DISPATCH,UNIT_SCADA,1,"2019/09/04 22:45:00",LYA1,0
D,DISPATCH,UNIT_SCADA,1,"2019/09/04 22:45:00",LYA2,0
D,DISPATCH,UNIT_SCADA,1,"2019/09/04 22:45:00",LYA3,560
D,DISPATCH,UNIT_SCADA,1,"2019/09/04 22:45:00",LYA4,540
D,DISPATCH,UNIT_SCADA,1,"2019/09/04 22:45:00",MACARTH1,0
D,DISPATCH,UNIT_SCADA,1,"2019/09/04 22:45:00",MACKAYGT,0.2240
D,DISPATCH,UNIT_SCADA,1,"2019/09/04 22:45:00",MACKNTSH,88.600010
D,DISPATCH,UNIT_SCADA,1,"2019/09/04 22:45:00",MANSLR1,0
D,DISPATCH,UNIT_SCADA,1,"2019/09/04 22:45:00",MCKAY1,120.8550
D,DISPATCH,UNIT_SCADA,1,"2019/09/04 22:45:00",MEADOWBK,24.893180
D,DISPATCH,UNIT_SCADA,1,"2019/09/04 22:45:00",MERCER01,-0.1620
D,DISPATCH,UNIT_SCADA,1,"2019/09/04 22:45:00",MEWF1,72.683530
D,DISPATCH,UNIT_SCADA,1,"2019/09/04 22:45:00",MINTARO,0
D,DISPATCH,UNIT_SCADA,1,"2019/09/04 22:45:00",MOREESF1,0
D,DISPATCH,UNIT_SCADA,1,"2019/09/04 22:45:00",MORTLK11,259
D,DISPATCH,UNIT_SCADA,1,"2019/09/04 22:45:00",MORTLK12,0
D,DISPATCH,UNIT_SCADA,1,"2019/09/04 22:45:00",MP1,220
D,DISPATCH,UNIT_SCADA,1,"2019/09/04 22:45:00",MP2,0
D,DISPATCH,UNIT_SCADA,1,"2019/09/04 22:45:00",MPP_1,400.50
D,DISPATCH,UNIT_SCADA,1,"2019/09/04 22:45:00",MPP_2,434.75
D,DISPATCH,UNIT_SCADA,1,"2019/09/04 22:45:00",MSTUART1,0
D,DISPATCH,UNIT_SCADA,1,"2019/09/04 22:45:00",MSTUART2,0
D,DISPATCH,UNIT_SCADA,1,"2019/09/04 22:45:00",MSTUART3,0
D,DISPATCH,UNIT_SCADA,1,"2019/09/04 22:45:00",MTGELWF1,0.3296
D,DISPATCH,UNIT_SCADA,1,"2019/09/04 22:45:00",MURRAY,130.600010
D,DISPATCH,UNIT_SCADA,1,"2019/09/04 22:45:00",MUSSELR1,105.50
D,DISPATCH,UNIT_SCADA,1,"2019/09/04 22:45:00",MUWAWF1,-0.04
D,DISPATCH,UNIT_SCADA,1,"2019/09/04 22:45:00",NBHWF1,54.80
D,DISPATCH,UNIT_SCADA,1,"2019/09/04 22:45:00",NPS,301.1250
D,DISPATCH,UNIT_SCADA,1,"2019/09/04 22:45:00",NUMURSF1,0
D,DISPATCH,UNIT_SCADA,1,"2019/09/04 22:45:00",NYNGAN1,0
D,DISPATCH,UNIT_SCADA,1,"2019/09/04 22:45:00",OAKEY1,0
D,DISPATCH,UNIT_SCADA,1,"2019/09/04 22:45:00",OAKEY1SF,0
D,DISPATCH,UNIT_SCADA,1,"2019/09/04 22:45:00",OAKEY2,0
D,DISPATCH,UNIT_SCADA,1,"2019/09/04 22:45:00",OAKEY2SF,0
D,DISPATCH,UNIT_SCADA,1,"2019/09/04 22:45:00",OAKLAND1,-0.20
D,DISPATCH,UNIT_SCADA,1,"2019/09/04 22:45:00",OSB-AG,178.98
D,DISPATCH,UNIT_SCADA,1,"2019/09/04 22:45:00",PARSF1,0
D,DISPATCH,UNIT_SCADA,1,"2019/09/04 22:45:00",POAT110,0
D,DISPATCH,UNIT_SCADA,1,"2019/09/04 22:45:00",POAT220,1.29
D,DISPATCH,UNIT_SCADA,1,"2019/09/04 22:45:00",POR01,0
D,DISPATCH,UNIT_SCADA,1,"2019/09/04 22:45:00",POR03,0
D,DISPATCH,UNIT_SCADA,1,"2019/09/04 22:45:00",PPCCGT,482.931490
D,DISPATCH,UNIT_SCADA,1,"2019/09/04 22:45:00",PTSTAN1,0
D,DISPATCH,UNIT_SCADA,1,"2019/09/04 22:45:00",PUMP1,0
D,DISPATCH,UNIT_SCADA,1,"2019/09/04 22:45:00",PUMP2,0
D,DISPATCH,UNIT_SCADA,1,"2019/09/04 22:45:00",QPS1,29
D,DISPATCH,UNIT_SCADA,1,"2019/09/04 22:45:00",QPS2,0
D,DISPATCH,UNIT_SCADA,1,"2019/09/04 22:45:00",QPS3,0
D,DISPATCH,UNIT_SCADA,1,"2019/09/04 22:45:00",QPS4,0
D,DISPATCH,UNIT_SCADA,1,"2019/09/04 22:45:00",QPS5,122.65
D,DISPATCH,UNIT_SCADA,1,"2019/09/04 22:45:00",REECE1,102.390010
D,DISPATCH,UNIT_SCADA,1,"2019/09/04 22:45:00",REECE2,101.170010
D,DISPATCH,UNIT_SCADA,1,"2019/09/04 22:45:00",ROMA_7,0
D,DISPATCH,UNIT_SCADA,1,"2019/09/04 22:45:00",ROMA_8,0
D,DISPATCH,UNIT_SCADA,1,"2019/09/04 22:45:00",RRSF1,0
D,DISPATCH,UNIT_SCADA,1,"2019/09/04 22:45:00",RT_NSW1,0
D,DISPATCH,UNIT_SCADA,1,"2019/09/04 22:45:00",RT_NSW2,0
D,DISPATCH,UNIT_SCADA,1,"2019/09/04 22:45:00",RT_NSW3,0
D,DISPATCH,UNIT_SCADA,1,"2019/09/04 22:45:00",RT_NSW4,0
D,DISPATCH,UNIT_SCADA,1,"2019/09/04 22:45:00",RT_NSW5,0
D,DISPATCH,UNIT_SCADA,1,"2019/09/04 22:45:00",RT_NSW6,0
D,DISPATCH,UNIT_SCADA,1,"2019/09/04 22:45:00",RT_QLD1,0
D,DISPATCH,UNIT_SCADA,1,"2019/09/04 22:45:00",RT_SA1,0
D,DISPATCH,UNIT_SCADA,1,"2019/09/04 22:45:00",RT_SA2,0
D,DISPATCH,UNIT_SCADA,1,"2019/09/04 22:45:00",RT_SA3,0
D,DISPATCH,UNIT_SCADA,1,"2019/09/04 22:45:00",RT_SA4,0
D,DISPATCH,UNIT_SCADA,1,"2019/09/04 22:45:00",RT_SA5,0
D,DISPATCH,UNIT_SCADA,1,"2019/09/04 22:45:00",RT_SA6,0
D,DISPATCH,UNIT_SCADA,1,"2019/09/04 22:45:00",RT_TAS1,0
D,DISPATCH,UNIT_SCADA,1,"2019/09/04 22:45:00",RT_VIC1,0
D,DISPATCH,UNIT_SCADA,1,"2019/09/04 22:45:00",RT_VIC10,0
D,DISPATCH,UNIT_SCADA,1,"2019/09/04 22:45:00",RT_VIC11,0
D,DISPATCH,UNIT_SCADA,1,"2019/09/04 22:45:00",RT_VIC12,0
D,DISPATCH,UNIT_SCADA,1,"2019/09/04 22:45:00",RT_VIC2,0
D,DISPATCH,UNIT_SCADA,1,"2019/09/04 22:45:00",RT_VIC3,0
D,DISPATCH,UNIT_SCADA,1,"2019/09/04 22:45:00",RT_VIC4,0
D,DISPATCH,UNIT_SCADA,1,"2019/09/04 22:45:00",RT_VIC5,0
D,DISPATCH,UNIT_SCADA,1,"2019/09/04 22:45:00",RT_VIC6,0
D,DISPATCH,UNIT_SCADA,1,"2019/09/04 22:45:00",RT_VIC7,0
D,DISPATCH,UNIT_SCADA,1,"2019/09/04 22:45:00",RT_VIC8,0
D,DISPATCH,UNIT_SCADA,1,"2019/09/04 22:45:00",RT_VIC9,0
D,DISPATCH,UNIT_SCADA,1,"2019/09/04 22:45:00",RUGBYR1,0
D,DISPATCH,UNIT_SCADA,1,"2019/09/04 22:45:00",SALTCRK1,3.97
D,DISPATCH,UNIT_SCADA,1,"2019/09/04 22:45:00",SAPHWF1,66.534360
D,DISPATCH,UNIT_SCADA,1,"2019/09/04 22:45:00",SHGEN,0
D,DISPATCH,UNIT_SCADA,1,"2019/09/04 22:45:00",SHPUMP,0
D,DISPATCH,UNIT_SCADA,1,"2019/09/04 22:45:00",SITHE01,0.1840
D,DISPATCH,UNIT_SCADA,1,"2019/09/04 22:45:00",SMCSF1,0
D,DISPATCH,UNIT_SCADA,1,"2019/09/04 22:45:00",SNOWNTH1,0
D,DISPATCH,UNIT_SCADA,1,"2019/09/04 22:45:00",SNOWSTH1,0
D,DISPATCH,UNIT_SCADA,1,"2019/09/04 22:45:00",SNOWTWN1,-0.500140
D,DISPATCH,UNIT_SCADA,1,"2019/09/04 22:45:00",SNOWYP,0
D,DISPATCH,UNIT_SCADA,1,"2019/09/04 22:45:00",SNUG1,0.019440
D,DISPATCH,UNIT_SCADA,1,"2019/09/04 22:45:00",SRSF1,0
D,DISPATCH,UNIT_SCADA,1,"2019/09/04 22:45:00",STAN-1,220.568710
D,DISPATCH,UNIT_SCADA,1,"2019/09/04 22:45:00",STAN-2,305.691710
D,DISPATCH,UNIT_SCADA,1,"2019/09/04 22:45:00",STAN-3,305.883970
D,DISPATCH,UNIT_SCADA,1,"2019/09/04 22:45:00",STAN-4,300.718410
D,DISPATCH,UNIT_SCADA,1,"2019/09/04 22:45:00",STWF1,163.856260
D,DISPATCH,UNIT_SCADA,1,"2019/09/04 22:45:00",SWAN_E,0
D,DISPATCH,UNIT_SCADA,1,"2019/09/04 22:45:00",TALWA1,368
D,DISPATCH,UNIT_SCADA,1,"2019/09/04 22:45:00",TARALGA1,91.848740
D,DISPATCH,UNIT_SCADA,1,"2019/09/04 22:45:00",TARONG#1,353.300020
D,DISPATCH,UNIT_SCADA,1,"2019/09/04 22:45:00",TARONG#2,0
D,DISPATCH,UNIT_SCADA,1,"2019/09/04 22:45:00",TARONG#3,279.200010
D,DISPATCH,UNIT_SCADA,1,"2019/09/04 22:45:00",TARONG#4,348.899990
D,DISPATCH,UNIT_SCADA,1,"2019/09/04 22:45:00",TARRALEA,71.10
D,DISPATCH,UNIT_SCADA,1,"2019/09/04 22:45:00",TBSF1,-0.20
D,DISPATCH,UNIT_SCADA,1,"2019/09/04 22:45:00",TNPS1,379.600010
D,DISPATCH,UNIT_SCADA,1,"2019/09/04 22:45:00",TORRA1,87.228070
D,DISPATCH,UNIT_SCADA,1,"2019/09/04 22:45:00",TORRA2,0
D,DISPATCH,UNIT_SCADA,1,"2019/09/04 22:45:00",TORRA3,0
D,DISPATCH,UNIT_SCADA,1,"2019/09/04 22:45:00",TORRA4,80.822270
D,DISPATCH,UNIT_SCADA,1,"2019/09/04 22:45:00",TORRB1,113.53
D,DISPATCH,UNIT_SCADA,1,"2019/09/04 22:45:00",TORRB2,113.65
D,DISPATCH,UNIT_SCADA,1,"2019/09/04 22:45:00",TORRB3,113.99
D,DISPATCH,UNIT_SCADA,1,"2019/09/04 22:45:00",TORRB4,0
D,DISPATCH,UNIT_SCADA,1,"2019/09/04 22:45:00",TREVALLN,18
D,DISPATCH,UNIT_SCADA,1,"2019/09/04 22:45:00",TRIBUTE,0
D,DISPATCH,UNIT_SCADA,1,"2019/09/04 22:45:00",TUMUT3,0
D,DISPATCH,UNIT_SCADA,1,"2019/09/04 22:45:00",TUNGATIN,123.420040
D,DISPATCH,UNIT_SCADA,1,"2019/09/04 22:45:00",TVCC201,0
D,DISPATCH,UNIT_SCADA,1,"2019/09/04 22:45:00",TVPP104,0
D,DISPATCH,UNIT_SCADA,1,"2019/09/04 22:45:00",UPPTUMUT,0
D,DISPATCH,UNIT_SCADA,1,"2019/09/04 22:45:00",URANQ11,0
D,DISPATCH,UNIT_SCADA,1,"2019/09/04 22:45:00",URANQ12,0
D,DISPATCH,UNIT_SCADA,1,"2019/09/04 22:45:00",URANQ13,0
D,DISPATCH,UNIT_SCADA,1,"2019/09/04 22:45:00",URANQ14,0
D,DISPATCH,UNIT_SCADA,1,"2019/09/04 22:45:00",VP5,626.474980
D,DISPATCH,UNIT_SCADA,1,"2019/09/04 22:45:00",VP6,0
D,DISPATCH,UNIT_SCADA,1,"2019/09/04 22:45:00",VPGS1,0
D,DISPATCH,UNIT_SCADA,1,"2019/09/04 22:45:00",VPGS2,0
D,DISPATCH,UNIT_SCADA,1,"2019/09/04 22:45:00",VPGS3,0
D,DISPATCH,UNIT_SCADA,1,"2019/09/04 22:45:00",VPGS4,0
D,DISPATCH,UNIT_SCADA,1,"2019/09/04 22:45:00",VPGS5,0
D,DISPATCH,UNIT_SCADA,1,"2019/09/04 22:45:00",VPGS6,0
D,DISPATCH,UNIT_SCADA,1,"2019/09/04 22:45:00",W/HOE#1,0
D,DISPATCH,UNIT_SCADA,1,"2019/09/04 22:45:00",W/HOE#2,0
D,DISPATCH,UNIT_SCADA,1,"2019/09/04 22:45:00",WATERLWF,-0.90
D,DISPATCH,UNIT_SCADA,1,"2019/09/04 22:45:00",WEMENSF1,0
D,DISPATCH,UNIT_SCADA,1,"2019/09/04 22:45:00",WGWF1,10.40
D,DISPATCH,UNIT_SCADA,1,"2019/09/04 22:45:00",WHITSF1,0
D,DISPATCH,UNIT_SCADA,1,"2019/09/04 22:45:00",WKIEWA1,13.90
D,DISPATCH,UNIT_SCADA,1,"2019/09/04 22:45:00",WKIEWA2,14.10
D,DISPATCH,UNIT_SCADA,1,"2019/09/04 22:45:00",WOODLWN1,29.403020
D,DISPATCH,UNIT_SCADA,1,"2019/09/04 22:45:00",WRSF1,0
D,DISPATCH,UNIT_SCADA,1,"2019/09/04 22:45:00",WRWF1,61.283750
D,DISPATCH,UNIT_SCADA,1,"2019/09/04 22:45:00",YABULU,161.010010
D,DISPATCH,UNIT_SCADA,1,"2019/09/04 22:45:00",YABULU2,0
D,DISPATCH,UNIT_SCADA,1,"2019/09/04 22:45:00",YARWUN_1,159.55
D,DISPATCH,UNIT_SCADA,1,"2019/09/04 22:45:00",YENDWF1,-1.34
D,DISPATCH,UNIT_SCADA,1,"2019/09/04 22:45:00",YWPS1,377.443020
D,DISPATCH,UNIT_SCADA,1,"2019/09/04 22:45:00",YWPS2,278.192410
D,DISPATCH,UNIT_SCADA,1,"2019/09/04 22:45:00",YWPS3,34.768360
D,DISPATCH,UNIT_SCADA,1,"2019/09/04 22:45:00",YWPS4,389.027860
C,"END OF REPORT",335
