C,NEMP.WORLD,DISPATCHSCADA,AEMO,PUBLIC,2019/08/21,00:25:07,0000000311805888,DISPATCHSCADA,0000000311805882
I,DISPATCH,UNIT_SCADA,1,SETTLEMENTDATE,DUID,SCADAVALUE
D,DISPATCH,UNIT_SCADA,1,"2019/08/21 00:30:00",BARCSF1,0.50
D,DISPATCH,UNIT_SCADA,1,"2019/08/21 00:30:00",BUTLERSG,9.699999
D,DISPATCH,UNIT_SCADA,1,"2019/08/21 00:30:00",CALL_A_4,0
D,DISPATCH,UNIT_SCADA,1,"2019/08/21 00:30:00",CAPTL_WF,133.687988
D,DISPATCH,UNIT_SCADA,1,"2019/08/21 00:30:00",CATHROCK,33.259998
D,DISPATCH,UNIT_SCADA,1,"2019/08/21 00:30:00",CHALLHWF,35.400002
D,DISPATCH,UNIT_SCADA,1,"2019/08/21 00:30:00",CLOVER,-0.01
D,DISPATCH,UNIT_SCADA,1,"2019/08/21 00:30:00",CLUNY,20.826277
D,DISPATCH,UNIT_SCADA,1,"2019/08/21 00:30:00",CNUNDAWF,41.548470
D,DISPATCH,UNIT_SCADA,1,"2019/08/21 00:30:00",CULLRGWF,30.280001
D,DISPATCH,UNIT_SCADA,1,"2019/08/21 00:30:00",ERGT01,0
D,DISPATCH,UNIT_SCADA,1,"2019/08/21 00:30:00",GB01,0.067280
D,DISPATCH,UNIT_SCADA,1,"2019/08/21 00:30:00",GERMCRK,39.200001
D,DISPATCH,UNIT_SCADA,1,"2019/08/21 00:30:00",GRIFSF1,0
D,DISPATCH,UNIT_SCADA,1,"2019/08/21 00:30:00",HUGSF1,-0.2040
D,DISPATCH,UNIT_SCADA,1,"2019/08/21 00:30:00",LKBONNY1,72.251274
D,DISPATCH,UNIT_SCADA,1,"2019/08/21 00:30:00",LRSF1,0.0290
D,DISPATCH,UNIT_SCADA,1,"2019/08/21 00:30:00",MBAHNTH,55.724991
D,DISPATCH,UNIT_SCADA,1,"2019/08/21 00:30:00",MLSP1,0.283001
D,DISPATCH,UNIT_SCADA,1,"2019/08/21 00:30:00",MLWF1,19.470001
D,DISPATCH,UNIT_SCADA,1,"2019/08/21 00:30:00",MTMILLAR,21.177973
D,DISPATCH,UNIT_SCADA,1,"2019/08/21 00:30:00",PALOONA,24.039999
D,DISPATCH,UNIT_SCADA,1,"2019/08/21 00:30:00",PIONEER,27
D,DISPATCH,UNIT_SCADA,1,"2019/08/21 00:30:00",PORTWF,137.699997
D,DISPATCH,UNIT_SCADA,1,"2019/08/21 00:30:00",REPULSE,28.726635
D,DISPATCH,UNIT_SCADA,1,"2019/08/21 00:30:00",ROWALLAN,10.0607
D,DISPATCH,UNIT_SCADA,1,"2019/08/21 00:30:00",ROYALLA1,0
D,DISPATCH,UNIT_SCADA,1,"2019/08/21 00:30:00",RPCG,12.40
D,DISPATCH,UNIT_SCADA,1,"2019/08/21 00:30:00",RUBICON,0
D,DISPATCH,UNIT_SCADA,1,"2019/08/21 00:30:00",SATGN1,0
D,DISPATCH,UNIT_SCADA,1,"2019/08/21 00:30:00",SATGS1,0
D,DISPATCH,UNIT_SCADA,1,"2019/08/21 00:30:00",STARHLWF,19.194403
D,DISPATCH,UNIT_SCADA,1,"2019/08/21 00:30:00",WAUBRAWF,149.119995
D,DISPATCH,UNIT_SCADA,1,"2019/08/21 00:30:00",WOOLNTH1,125.080017
D,DISPATCH,UNIT_SCADA,1,"2019/08/21 00:30:00",WPWF,59
D,DISPATCH,UNIT_SCADA,1,"2019/08/21 00:30:00",YAMBUKWF,30
D,DISPATCH,UNIT_SCADA,1,"2019/08/21 00:30:00",YSWF1,28.700001
D,DISPATCH,UNIT_SCADA,1,"2019/08/21 00:30:00",AGLHAL,0
D,DISPATCH,UNIT_SCADA,1,"2019/08/21 00:30:00",AGLSOM,0
D,DISPATCH,UNIT_SCADA,1,"2019/08/21 00:30:00",ANGAST1,0
D,DISPATCH,UNIT_SCADA,1,"2019/08/21 00:30:00",ARWF1,35.90
D,DISPATCH,UNIT_SCADA,1,"2019/08/21 00:30:00",BALBG1,0
D,DISPATCH,UNIT_SCADA,1,"2019/08/21 00:30:00",BALBL1,0
D,DISPATCH,UNIT_SCADA,1,"2019/08/21 00:30:00",BALDHWF1,103.5370
D,DISPATCH,UNIT_SCADA,1,"2019/08/21 00:30:00",BANN1,0
D,DISPATCH,UNIT_SCADA,1,"2019/08/21 00:30:00",BARCALDN,0
D,DISPATCH,UNIT_SCADA,1,"2019/08/21 00:30:00",BARRON-1,0
D,DISPATCH,UNIT_SCADA,1,"2019/08/21 00:30:00",BARRON-2,25.44
D,DISPATCH,UNIT_SCADA,1,"2019/08/21 00:30:00",BASTYAN,79.930010
D,DISPATCH,UNIT_SCADA,1,"2019/08/21 00:30:00",BBTHREE1,-1.99
D,DISPATCH,UNIT_SCADA,1,"2019/08/21 00:30:00",BBTHREE2,-1.93
D,DISPATCH,UNIT_SCADA,1,"2019/08/21 00:30:00",BBTHREE3,-1.09
D,DISPATCH,UNIT_SCADA,1,"2019/08/21 00:30:00",BDL01,0
D,DISPATCH,UNIT_SCADA,1,"2019/08/21 00:30:00",BDL02,0
D,DISPATCH,UNIT_SCADA,1,"2019/08/21 00:30:00",BERYLSF1,0
D,DISPATCH,UNIT_SCADA,1,"2019/08/21 00:30:00",BLOWERNG,0
D,DISPATCH,UNIT_SCADA,1,"2019/08/21 00:30:00",BLUFF1,40.20
D,DISPATCH,UNIT_SCADA,1,"2019/08/21 00:30:00",BNGSF1,0
D,DISPATCH,UNIT_SCADA,1,"2019/08/21 00:30:00",BNGSF2,0
D,DISPATCH,UNIT_SCADA,1,"2019/08/21 00:30:00",BOCORWF1,110.92
D,DISPATCH,UNIT_SCADA,1,"2019/08/21 00:30:00",BODWF1,71.622960
D,DISPATCH,UNIT_SCADA,1,"2019/08/21 00:30:00",BRAEMAR1,0
D,DISPATCH,UNIT_SCADA,1,"2019/08/21 00:30:00",BRAEMAR2,0
D,DISPATCH,UNIT_SCADA,1,"2019/08/21 00:30:00",BRAEMAR3,0
D,DISPATCH,UNIT_SCADA,1,"2019/08/21 00:30:00",BRAEMAR5,0
D,DISPATCH,UNIT_SCADA,1,"2019/08/21 00:30:00",BRAEMAR6,0
D,DISPATCH,UNIT_SCADA,1,"2019/08/21 00:30:00",BRAEMAR7,0
D,DISPATCH,UNIT_SCADA,1,"2019/08/21 00:30:00",BROKENH1,0
D,DISPATCH,UNIT_SCADA,1,"2019/08/21 00:30:00",BW01,469.449950
D,DISPATCH,UNIT_SCADA,1,"2019/08/21 00:30:00",BW02,580.50
D,DISPATCH,UNIT_SCADA,1,"2019/08/21 00:30:00",BW03,515.099980
D,DISPATCH,UNIT_SCADA,1,"2019/08/21 00:30:00",BW04,0
D,DISPATCH,UNIT_SCADA,1,"2019/08/21 00:30:00",CALL_B_1,350.50
D,DISPATCH,UNIT_SCADA,1,"2019/08/21 00:30:00",CALL_B_2,299.800020
D,DISPATCH,UNIT_SCADA,1,"2019/08/21 00:30:00",CETHANA,97.7055
D,DISPATCH,UNIT_SCADA,1,"2019/08/21 00:30:00",CG1,0
D,DISPATCH,UNIT_SCADA,1,"2019/08/21 00:30:00",CG2,0
D,DISPATCH,UNIT_SCADA,1,"2019/08/21 00:30:00",CG3,0
D,DISPATCH,UNIT_SCADA,1,"2019/08/21 00:30:00",CG4,0
D,DISPATCH,UNIT_SCADA,1,"2019/08/21 00:30:00",CHILDSF1,0
D,DISPATCH,UNIT_SCADA,1,"2019/08/21 00:30:00",CLARESF1,0
D,DISPATCH,UNIT_SCADA,1,"2019/08/21 00:30:00",CLEMGPWF,25.356330
D,DISPATCH,UNIT_SCADA,1,"2019/08/21 00:30:00",CLERMSF1,0
D,DISPATCH,UNIT_SCADA,1,"2019/08/21 00:30:00",COLEASF1,0
D,DISPATCH,UNIT_SCADA,1,"2019/08/21 00:30:00",COOPGWF1,54.706510
D,DISPATCH,UNIT_SCADA,1,"2019/08/21 00:30:00",CPP_3,406.175020
D,DISPATCH,UNIT_SCADA,1,"2019/08/21 00:30:00",CPP_4,407.274990
D,DISPATCH,UNIT_SCADA,1,"2019/08/21 00:30:00",CPSA,142.469380
D,DISPATCH,UNIT_SCADA,1,"2019/08/21 00:30:00",CROOKWF2,91.603760
D,DISPATCH,UNIT_SCADA,1,"2019/08/21 00:30:00",CROWLWF1,53.522430
D,DISPATCH,UNIT_SCADA,1,"2019/08/21 00:30:00",CSPVPS1,0
D,DISPATCH,UNIT_SCADA,1,"2019/08/21 00:30:00",DALNTH01,0
D,DISPATCH,UNIT_SCADA,1,"2019/08/21 00:30:00",DALNTHL1,0.077820
D,DISPATCH,UNIT_SCADA,1,"2019/08/21 00:30:00",DARTM1,0
D,DISPATCH,UNIT_SCADA,1,"2019/08/21 00:30:00",DAYDSF1,0
D,DISPATCH,UNIT_SCADA,1,"2019/08/21 00:30:00",DDPS1,0
D,DISPATCH,UNIT_SCADA,1,"2019/08/21 00:30:00",DDSF1,0
D,DISPATCH,UNIT_SCADA,1,"2019/08/21 00:30:00",DEVILS_G,60.629290
D,DISPATCH,UNIT_SCADA,1,"2019/08/21 00:30:00",DG_NSW1,0
D,DISPATCH,UNIT_SCADA,1,"2019/08/21 00:30:00",DG_QLD1,0
D,DISPATCH,UNIT_SCADA,1,"2019/08/21 00:30:00",DG_SA1,0
D,DISPATCH,UNIT_SCADA,1,"2019/08/21 00:30:00",DG_TAS1,0
D,DISPATCH,UNIT_SCADA,1,"2019/08/21 00:30:00",DG_VIC1,0
D,DISPATCH,UNIT_SCADA,1,"2019/08/21 00:30:00",DRYCGT1,0
D,DISPATCH,UNIT_SCADA,1,"2019/08/21 00:30:00",DRYCGT2,0
D,DISPATCH,UNIT_SCADA,1,"2019/08/21 00:30:00",DRYCGT3,0
D,DISPATCH,UNIT_SCADA,1,"2019/08/21 00:30:00",EILDON1,0
D,DISPATCH,UNIT_SCADA,1,"2019/08/21 00:30:00",EILDON2,0
D,DISPATCH,UNIT_SCADA,1,"2019/08/21 00:30:00",EMERASF1,0
D,DISPATCH,UNIT_SCADA,1,"2019/08/21 00:30:00",ER01,494.275020
D,DISPATCH,UNIT_SCADA,1,"2019/08/21 00:30:00",ER02,542.400020
D,DISPATCH,UNIT_SCADA,1,"2019/08/21 00:30:00",ER03,380
D,DISPATCH,UNIT_SCADA,1,"2019/08/21 00:30:00",ER04,551.325070
D,DISPATCH,UNIT_SCADA,1,"2019/08/21 00:30:00",FINLYSF1,0
D,DISPATCH,UNIT_SCADA,1,"2019/08/21 00:30:00",FISHER,46
D,DISPATCH,UNIT_SCADA,1,"2019/08/21 00:30:00",GANNBG1,0
D,DISPATCH,UNIT_SCADA,1,"2019/08/21 00:30:00",GANNBL1,0.033740
D,DISPATCH,UNIT_SCADA,1,"2019/08/21 00:30:00",GANNSF1,0
D,DISPATCH,UNIT_SCADA,1,"2019/08/21 00:30:00",GORDON,0
D,DISPATCH,UNIT_SCADA,1,"2019/08/21 00:30:00",GSTONE1,139.1250
D,DISPATCH,UNIT_SCADA,1,"2019/08/21 00:30:00",GSTONE2,136.3250
D,DISPATCH,UNIT_SCADA,1,"2019/08/21 00:30:00",GSTONE3,140.524990
D,DISPATCH,UNIT_SCADA,1,"2019/08/21 00:30:00",GSTONE4,139.30
D,DISPATCH,UNIT_SCADA,1,"2019/08/21 00:30:00",GSTONE5,137.55
D,DISPATCH,UNIT_SCADA,1,"2019/08/21 00:30:00",GSTONE6,0
D,DISPATCH,UNIT_SCADA,1,"2019/08/21 00:30:00",GULLRSF1,0
D,DISPATCH,UNIT_SCADA,1,"2019/08/21 00:30:00",GULLRWF1,159.175960
D,DISPATCH,UNIT_SCADA,1,"2019/08/21 00:30:00",GUNNING1,46.632520
D,DISPATCH,UNIT_SCADA,1,"2019/08/21 00:30:00",GUTHEGA,0
D,DISPATCH,UNIT_SCADA,1,"2019/08/21 00:30:00",HALLWF1,69.99
D,DISPATCH,UNIT_SCADA,1,"2019/08/21 00:30:00",HALLWF2,52.18
D,DISPATCH,UNIT_SCADA,1,"2019/08/21 00:30:00",HAMISF1,0
D,DISPATCH,UNIT_SCADA,1,"2019/08/21 00:30:00",HAUGHT11,0
D,DISPATCH,UNIT_SCADA,1,"2019/08/21 00:30:00",HAYMSF1,0
D,DISPATCH,UNIT_SCADA,1,"2019/08/21 00:30:00",HDWF1,79.20
D,DISPATCH,UNIT_SCADA,1,"2019/08/21 00:30:00",HDWF2,79.40
D,DISPATCH,UNIT_SCADA,1,"2019/08/21 00:30:00",HDWF3,84
D,DISPATCH,UNIT_SCADA,1,"2019/08/21 00:30:00",HPRG1,10.50
D,DISPATCH,UNIT_SCADA,1,"2019/08/21 00:30:00",HPRL1,0
D,DISPATCH,UNIT_SCADA,1,"2019/08/21 00:30:00",HUMENSW,0
D,DISPATCH,UNIT_SCADA,1,"2019/08/21 00:30:00",HUMEV,9.60
D,DISPATCH,UNIT_SCADA,1,"2019/08/21 00:30:00",HVGTS,0
D,DISPATCH,UNIT_SCADA,1,"2019/08/21 00:30:00",JBUTTERS,137.64
D,DISPATCH,UNIT_SCADA,1,"2019/08/21 00:30:00",JLA01,0.50
D,DISPATCH,UNIT_SCADA,1,"2019/08/21 00:30:00",JLA02,0
D,DISPATCH,UNIT_SCADA,1,"2019/08/21 00:30:00",JLA03,0.10
D,DISPATCH,UNIT_SCADA,1,"2019/08/21 00:30:00",JLA04,0.10
D,DISPATCH,UNIT_SCADA,1,"2019/08/21 00:30:00",JLB01,0
D,DISPATCH,UNIT_SCADA,1,"2019/08/21 00:30:00",JLB02,0.10
D,DISPATCH,UNIT_SCADA,1,"2019/08/21 00:30:00",JLB03,0
D,DISPATCH,UNIT_SCADA,1,"2019/08/21 00:30:00",KAREEYA1,21.6125
D,DISPATCH,UNIT_SCADA,1,"2019/08/21 00:30:00",KAREEYA2,21.61
D,DISPATCH,UNIT_SCADA,1,"2019/08/21 00:30:00",KAREEYA3,0
D,DISPATCH,UNIT_SCADA,1,"2019/08/21 00:30:00",KAREEYA4,21.6075
D,DISPATCH,UNIT_SCADA,1,"2019/08/21 00:30:00",KARSF1,0
D,DISPATCH,UNIT_SCADA,1,"2019/08/21 00:30:00",KIATAWF1,30.90
D,DISPATCH,UNIT_SCADA,1,"2019/08/21 00:30:00",KPP_1,0
D,DISPATCH,UNIT_SCADA,1,"2019/08/21 00:30:00",KSP1,0
D,DISPATCH,UNIT_SCADA,1,"2019/08/21 00:30:00",LADBROK1,0
D,DISPATCH,UNIT_SCADA,1,"2019/08/21 00:30:00",LADBROK2,0
D,DISPATCH,UNIT_SCADA,1,"2019/08/21 00:30:00",LD01,415.031250
D,DISPATCH,UNIT_SCADA,1,"2019/08/21 00:30:00",LD02,417.5625
D,DISPATCH,UNIT_SCADA,1,"2019/08/21 00:30:00",LD03,415.443790
D,DISPATCH,UNIT_SCADA,1,"2019/08/21 00:30:00",LD04,374.981230
D,DISPATCH,UNIT_SCADA,1,"2019/08/21 00:30:00",LEM_WIL,86.1897
D,DISPATCH,UNIT_SCADA,1,"2019/08/21 00:30:00",LGAPWF1,18.58
D,DISPATCH,UNIT_SCADA,1,"2019/08/21 00:30:00",LILYSF1,0
D,DISPATCH,UNIT_SCADA,1,"2019/08/21 00:30:00",LI_WY_CA,149.704030
D,DISPATCH,UNIT_SCADA,1,"2019/08/21 00:30:00",LKBONNY2,116.787940
D,DISPATCH,UNIT_SCADA,1,"2019/08/21 00:30:00",LKBONNY3,29.139090
D,DISPATCH,UNIT_SCADA,1,"2019/08/21 00:30:00",LK_ECHO,0
D,DISPATCH,UNIT_SCADA,1,"2019/08/21 00:30:00",LNGS1,0
D,DISPATCH,UNIT_SCADA,1,"2019/08/21 00:30:00",LNGS2,0
D,DISPATCH,UNIT_SCADA,1,"2019/08/21 00:30:00",LONSDALE,0
D,DISPATCH,UNIT_SCADA,1,"2019/08/21 00:30:00",LOYYB1,536.088620
D,DISPATCH,UNIT_SCADA,1,"2019/08/21 00:30:00",LOYYB2,580.8266
D,DISPATCH,UNIT_SCADA,1,"2019/08/21 00:30:00",LYA1,521
D,DISPATCH,UNIT_SCADA,1,"2019/08/21 00:30:00",LYA2,0
D,DISPATCH,UNIT_SCADA,1,"2019/08/21 00:30:00",LYA3,561
D,DISPATCH,UNIT_SCADA,1,"2019/08/21 00:30:00",LYA4,541
D,DISPATCH,UNIT_SCADA,1,"2019/08/21 00:30:00",MACARTH1,358.891720
D,DISPATCH,UNIT_SCADA,1,"2019/08/21 00:30:00",MACKAYGT,0
D,DISPATCH,UNIT_SCADA,1,"2019/08/21 00:30:00",MACKNTSH,85.330010
D,DISPATCH,UNIT_SCADA,1,"2019/08/21 00:30:00",MANSLR1,0
D,DISPATCH,UNIT_SCADA,1,"2019/08/21 00:30:00",MCKAY1,0.02
D,DISPATCH,UNIT_SCADA,1,"2019/08/21 00:30:00",MEADOWBK,34.210260
D,DISPATCH,UNIT_SCADA,1,"2019/08/21 00:30:00",MERCER01,129.194990
D,DISPATCH,UNIT_SCADA,1,"2019/08/21 00:30:00",MEWF1,80.445430
D,DISPATCH,UNIT_SCADA,1,"2019/08/21 00:30:00",MINTARO,0
D,DISPATCH,UNIT_SCADA,1,"2019/08/21 00:30:00",MOREESF1,0
D,DISPATCH,UNIT_SCADA,1,"2019/08/21 00:30:00",MORTLK11,0
D,DISPATCH,UNIT_SCADA,1,"2019/08/21 00:30:00",MORTLK12,0
D,DISPATCH,UNIT_SCADA,1,"2019/08/21 00:30:00",MP1,276.599980
D,DISPATCH,UNIT_SCADA,1,"2019/08/21 00:30:00",MP2,0
D,DISPATCH,UNIT_SCADA,1,"2019/08/21 00:30:00",MPP_1,390.25
D,DISPATCH,UNIT_SCADA,1,"2019/08/21 00:30:00",MPP_2,425.50
D,DISPATCH,UNIT_SCADA,1,"2019/08/21 00:30:00",MSTUART1,0
D,DISPATCH,UNIT_SCADA,1,"2019/08/21 00:30:00",MSTUART2,0
D,DISPATCH,UNIT_SCADA,1,"2019/08/21 00:30:00",MSTUART3,0
D,DISPATCH,UNIT_SCADA,1,"2019/08/21 00:30:00",MTGELWF1,64.476460
D,DISPATCH,UNIT_SCADA,1,"2019/08/21 00:30:00",MURRAY,0
D,DISPATCH,UNIT_SCADA,1,"2019/08/21 00:30:00",MUSSELR1,165.70
D,DISPATCH,UNIT_SCADA,1,"2019/08/21 00:30:00",MUWAWF1,41.22
D,DISPATCH,UNIT_SCADA,1,"2019/08/21 00:30:00",NBHWF1,86.899990
D,DISPATCH,UNIT_SCADA,1,"2019/08/21 00:30:00",NPS,0
D,DISPATCH,UNIT_SCADA,1,"2019/08/21 00:30:00",NUMURSF1,0
D,DISPATCH,UNIT_SCADA,1,"2019/08/21 00:30:00",NYNGAN1,0
D,DISPATCH,UNIT_SCADA,1,"2019/08/21 00:30:00",OAKEY1,0
D,DISPATCH,UNIT_SCADA,1,"2019/08/21 00:30:00",OAKEY1SF,0.0380
D,DISPATCH,UNIT_SCADA,1,"2019/08/21 00:30:00",OAKEY2,0
D,DISPATCH,UNIT_SCADA,1,"2019/08/21 00:30:00",OAKLAND1,61.80
D,DISPATCH,UNIT_SCADA,1,"2019/08/21 00:30:00",OSB-AG,0
D,DISPATCH,UNIT_SCADA,1,"2019/08/21 00:30:00",PARSF1,0
D,DISPATCH,UNIT_SCADA,1,"2019/08/21 00:30:00",POAT110,0
D,DISPATCH,UNIT_SCADA,1,"2019/08/21 00:30:00",POAT220,0
D,DISPATCH,UNIT_SCADA,1,"2019/08/21 00:30:00",POR01,0
D,DISPATCH,UNIT_SCADA,1,"2019/08/21 00:30:00",POR03,0
D,DISPATCH,UNIT_SCADA,1,"2019/08/21 00:30:00",PPCCGT,172.8811
D,DISPATCH,UNIT_SCADA,1,"2019/08/21 00:30:00",PTSTAN1,0
D,DISPATCH,UNIT_SCADA,1,"2019/08/21 00:30:00",PUMP1,0
D,DISPATCH,UNIT_SCADA,1,"2019/08/21 00:30:00",PUMP2,0
D,DISPATCH,UNIT_SCADA,1,"2019/08/21 00:30:00",QPS1,0
D,DISPATCH,UNIT_SCADA,1,"2019/08/21 00:30:00",QPS2,0
D,DISPATCH,UNIT_SCADA,1,"2019/08/21 00:30:00",QPS3,0
D,DISPATCH,UNIT_SCADA,1,"2019/08/21 00:30:00",QPS4,0
D,DISPATCH,UNIT_SCADA,1,"2019/08/21 00:30:00",QPS5,0
D,DISPATCH,UNIT_SCADA,1,"2019/08/21 00:30:00",REECE1,118.470010
D,DISPATCH,UNIT_SCADA,1,"2019/08/21 00:30:00",REECE2,118.120010
D,DISPATCH,UNIT_SCADA,1,"2019/08/21 00:30:00",ROMA_7,0
D,DISPATCH,UNIT_SCADA,1,"2019/08/21 00:30:00",ROMA_8,0
D,DISPATCH,UNIT_SCADA,1,"2019/08/21 00:30:00",RRSF1,0
D,DISPATCH,UNIT_SCADA,1,"2019/08/21 00:30:00",RT_NSW1,0
D,DISPATCH,UNIT_SCADA,1,"2019/08/21 00:30:00",RT_NSW2,0
D,DISPATCH,UNIT_SCADA,1,"2019/08/21 00:30:00",RT_NSW3,0
D,DISPATCH,UNIT_SCADA,1,"2019/08/21 00:30:00",RT_NSW4,0
D,DISPATCH,UNIT_SCADA,1,"2019/08/21 00:30:00",RT_NSW5,0
D,DISPATCH,UNIT_SCADA,1,"2019/08/21 00:30:00",RT_NSW6,0
D,DISPATCH,UNIT_SCADA,1,"2019/08/21 00:30:00",RT_QLD1,0
D,DISPATCH,UNIT_SCADA,1,"2019/08/21 00:30:00",RT_SA1,0
D,DISPATCH,UNIT_SCADA,1,"2019/08/21 00:30:00",RT_SA2,0
D,DISPATCH,UNIT_SCADA,1,"2019/08/21 00:30:00",RT_SA3,0
D,DISPATCH,UNIT_SCADA,1,"2019/08/21 00:30:00",RT_SA4,0
D,DISPATCH,UNIT_SCADA,1,"2019/08/21 00:30:00",RT_SA5,0
D,DISPATCH,UNIT_SCADA,1,"2019/08/21 00:30:00",RT_SA6,0
D,DISPATCH,UNIT_SCADA,1,"2019/08/21 00:30:00",RT_TAS1,0
D,DISPATCH,UNIT_SCADA,1,"2019/08/21 00:30:00",RT_VIC1,0
D,DISPATCH,UNIT_SCADA,1,"2019/08/21 00:30:00",RT_VIC10,0
D,DISPATCH,UNIT_SCADA,1,"2019/08/21 00:30:00",RT_VIC11,0
D,DISPATCH,UNIT_SCADA,1,"2019/08/21 00:30:00",RT_VIC12,0
D,DISPATCH,UNIT_SCADA,1,"2019/08/21 00:30:00",RT_VIC2,0
D,DISPATCH,UNIT_SCADA,1,"2019/08/21 00:30:00",RT_VIC3,0
D,DISPATCH,UNIT_SCADA,1,"2019/08/21 00:30:00",RT_VIC4,0
D,DISPATCH,UNIT_SCADA,1,"2019/08/21 00:30:00",RT_VIC5,0
D,DISPATCH,UNIT_SCADA,1,"2019/08/21 00:30:00",RT_VIC6,0
D,DISPATCH,UNIT_SCADA,1,"2019/08/21 00:30:00",RT_VIC7,0
D,DISPATCH,UNIT_SCADA,1,"2019/08/21 00:30:00",RT_VIC8,0
D,DISPATCH,UNIT_SCADA,1,"2019/08/21 00:30:00",RT_VIC9,0
D,DISPATCH,UNIT_SCADA,1,"2019/08/21 00:30:00",RUGBYR1,0
D,DISPATCH,UNIT_SCADA,1,"2019/08/21 00:30:00",SALTCRK1,51.77
D,DISPATCH,UNIT_SCADA,1,"2019/08/21 00:30:00",SAPHWF1,195.571870
D,DISPATCH,UNIT_SCADA,1,"2019/08/21 00:30:00",SHGEN,0
D,DISPATCH,UNIT_SCADA,1,"2019/08/21 00:30:00",SHPUMP,0
D,DISPATCH,UNIT_SCADA,1,"2019/08/21 00:30:00",SITHE01,0.083520
D,DISPATCH,UNIT_SCADA,1,"2019/08/21 00:30:00",SMCSF1,0
D,DISPATCH,UNIT_SCADA,1,"2019/08/21 00:30:00",SNOWNTH1,34.10
D,DISPATCH,UNIT_SCADA,1,"2019/08/21 00:30:00",SNOWSTH1,89.80
D,DISPATCH,UNIT_SCADA,1,"2019/08/21 00:30:00",SNOWTWN1,41.426170
D,DISPATCH,UNIT_SCADA,1,"2019/08/21 00:30:00",SNOWYP,0
D,DISPATCH,UNIT_SCADA,1,"2019/08/21 00:30:00",SNUG1,0.019440
D,DISPATCH,UNIT_SCADA,1,"2019/08/21 00:30:00",SRSF1,0.07
D,DISPATCH,UNIT_SCADA,1,"2019/08/21 00:30:00",STAN-1,0
D,DISPATCH,UNIT_SCADA,1,"2019/08/21 00:30:00",STAN-2,201.303540
D,DISPATCH,UNIT_SCADA,1,"2019/08/21 00:30:00",STAN-3,220.184170
D,DISPATCH,UNIT_SCADA,1,"2019/08/21 00:30:00",STAN-4,219.927810
D,DISPATCH,UNIT_SCADA,1,"2019/08/21 00:30:00",STWF1,127.406270
D,DISPATCH,UNIT_SCADA,1,"2019/08/21 00:30:00",SWAN_E,0
D,DISPATCH,UNIT_SCADA,1,"2019/08/21 00:30:00",TALWA1,301
D,DISPATCH,UNIT_SCADA,1,"2019/08/21 00:30:00",TARALGA1,95.1075
D,DISPATCH,UNIT_SCADA,1,"2019/08/21 00:30:00",TARONG#1,280.600010
D,DISPATCH,UNIT_SCADA,1,"2019/08/21 00:30:00",TARONG#2,110.20
D,DISPATCH,UNIT_SCADA,1,"2019/08/21 00:30:00",TARONG#3,259.50
D,DISPATCH,UNIT_SCADA,1,"2019/08/21 00:30:00",TARONG#4,279.800020
D,DISPATCH,UNIT_SCADA,1,"2019/08/21 00:30:00",TARRALEA,85
D,DISPATCH,UNIT_SCADA,1,"2019/08/21 00:30:00",TBSF1,-0.20
D,DISPATCH,UNIT_SCADA,1,"2019/08/21 00:30:00",TNPS1,399.100010
D,DISPATCH,UNIT_SCADA,1,"2019/08/21 00:30:00",TORRA1,42.540030
D,DISPATCH,UNIT_SCADA,1,"2019/08/21 00:30:00",TORRA2,0
D,DISPATCH,UNIT_SCADA,1,"2019/08/21 00:30:00",TORRA3,0
D,DISPATCH,UNIT_SCADA,1,"2019/08/21 00:30:00",TORRA4,0
D,DISPATCH,UNIT_SCADA,1,"2019/08/21 00:30:00",TORRB1,38.14
D,DISPATCH,UNIT_SCADA,1,"2019/08/21 00:30:00",TORRB2,39.61
D,DISPATCH,UNIT_SCADA,1,"2019/08/21 00:30:00",TORRB3,0
D,DISPATCH,UNIT_SCADA,1,"2019/08/21 00:30:00",TORRB4,0
D,DISPATCH,UNIT_SCADA,1,"2019/08/21 00:30:00",TREVALLN,2.30
D,DISPATCH,UNIT_SCADA,1,"2019/08/21 00:30:00",TRIBUTE,84.72
D,DISPATCH,UNIT_SCADA,1,"2019/08/21 00:30:00",TUMUT3,0
D,DISPATCH,UNIT_SCADA,1,"2019/08/21 00:30:00",TUNGATIN,123.310040
D,DISPATCH,UNIT_SCADA,1,"2019/08/21 00:30:00",TVCC201,0
D,DISPATCH,UNIT_SCADA,1,"2019/08/21 00:30:00",TVPP104,0
D,DISPATCH,UNIT_SCADA,1,"2019/08/21 00:30:00",UPPTUMUT,0
D,DISPATCH,UNIT_SCADA,1,"2019/08/21 00:30:00",URANQ11,0
D,DISPATCH,UNIT_SCADA,1,"2019/08/21 00:30:00",URANQ12,0
D,DISPATCH,UNIT_SCADA,1,"2019/08/21 00:30:00",URANQ13,0
D,DISPATCH,UNIT_SCADA,1,"2019/08/21 00:30:00",URANQ14,0
D,DISPATCH,UNIT_SCADA,1,"2019/08/21 00:30:00",VP5,399.025020
D,DISPATCH,UNIT_SCADA,1,"2019/08/21 00:30:00",VP6,394.225010
D,DISPATCH,UNIT_SCADA,1,"2019/08/21 00:30:00",VPGS1,0
D,DISPATCH,UNIT_SCADA,1,"2019/08/21 00:30:00",VPGS2,0
D,DISPATCH,UNIT_SCADA,1,"2019/08/21 00:30:00",VPGS3,0
D,DISPATCH,UNIT_SCADA,1,"2019/08/21 00:30:00",VPGS4,0
D,DISPATCH,UNIT_SCADA,1,"2019/08/21 00:30:00",VPGS5,0
D,DISPATCH,UNIT_SCADA,1,"2019/08/21 00:30:00",VPGS6,0
D,DISPATCH,UNIT_SCADA,1,"2019/08/21 00:30:00",W/HOE#1,0
D,DISPATCH,UNIT_SCADA,1,"2019/08/21 00:30:00",W/HOE#2,0
D,DISPATCH,UNIT_SCADA,1,"2019/08/21 00:30:00",WATERLWF,93.20
D,DISPATCH,UNIT_SCADA,1,"2019/08/21 00:30:00",WEMENSF1,0
D,DISPATCH,UNIT_SCADA,1,"2019/08/21 00:30:00",WGWF1,88.70
D,DISPATCH,UNIT_SCADA,1,"2019/08/21 00:30:00",WHITSF1,0
D,DISPATCH,UNIT_SCADA,1,"2019/08/21 00:30:00",WKIEWA1,20
D,DISPATCH,UNIT_SCADA,1,"2019/08/21 00:30:00",WKIEWA2,14.30
D,DISPATCH,UNIT_SCADA,1,"2019/08/21 00:30:00",WOODLWN1,36.881990
D,DISPATCH,UNIT_SCADA,1,"2019/08/21 00:30:00",WRSF1,0
D,DISPATCH,UNIT_SCADA,1,"2019/08/21 00:30:00",WRWF1,136.706240
D,DISPATCH,UNIT_SCADA,1,"2019/08/21 00:30:00",YABULU,0
D,DISPATCH,UNIT_SCADA,1,"2019/08/21 00:30:00",YABULU2,0
D,DISPATCH,UNIT_SCADA,1,"2019/08/21 00:30:00",YARWUN_1,0
D,DISPATCH,UNIT_SCADA,1,"2019/08/21 00:30:00",YENDWF1,42.17
D,DISPATCH,UNIT_SCADA,1,"2019/08/21 00:30:00",YWPS1,376.440520
D,DISPATCH,UNIT_SCADA,1,"2019/08/21 00:30:00",YWPS2,273.430390
D,DISPATCH,UNIT_SCADA,1,"2019/08/21 00:30:00",YWPS3,0
D,DISPATCH,UNIT_SCADA,1,"2019/08/21 00:30:00",YWPS4,393.826570
C,"END OF REPORT",334
