C,NEMP.WORLD,DISPATCHSCADA,AEMO,PUBLIC,2019/08/21,12:15:10,0000000311825469,DISPATCHSCADA,0000000311825463
I,DISPATCH,UNIT_SCADA,1,SETTLEMENTDATE,DUID,SCADAVALUE
D,DISPATCH,UNIT_SCADA,1,"2019/08/21 12:20:00",BARCSF1,17.800001
D,DISPATCH,UNIT_SCADA,1,"2019/08/21 12:20:00",BUTLERSG,9.599998
D,DISPATCH,UNIT_SCADA,1,"2019/08/21 12:20:00",CALL_A_4,0
D,DISPATCH,UNIT_SCADA,1,"2019/08/21 12:20:00",CAPTL_WF,127.399994
D,DISPATCH,UNIT_SCADA,1,"2019/08/21 12:20:00",CATHROCK,24.139999
D,DISPATCH,UNIT_SCADA,1,"2019/08/21 12:20:00",CHALLHWF,26.50
D,DISPATCH,UNIT_SCADA,1,"2019/08/21 12:20:00",CLOVER,0
D,DISPATCH,UNIT_SCADA,1,"2019/08/21 12:20:00",CLUNY,20.249485
D,DISPATCH,UNIT_SCADA,1,"2019/08/21 12:20:00",CNUNDAWF,30.335388
D,DISPATCH,UNIT_SCADA,1,"2019/08/21 12:20:00",CULLRGWF,30.26
D,DISPATCH,UNIT_SCADA,1,"2019/08/21 12:20:00",ERGT01,0
D,DISPATCH,UNIT_SCADA,1,"2019/08/21 12:20:00",GB01,0.066833
D,DISPATCH,UNIT_SCADA,1,"2019/08/21 12:20:00",GERMCRK,33.50
D,DISPATCH,UNIT_SCADA,1,"2019/08/21 12:20:00",GRIFSF1,7.799995
D,DISPATCH,UNIT_SCADA,1,"2019/08/21 12:20:00",HUGSF1,8.9490
D,DISPATCH,UNIT_SCADA,1,"2019/08/21 12:20:00",LKBONNY1,40.725071
D,DISPATCH,UNIT_SCADA,1,"2019/08/21 12:20:00",LRSF1,12.6350
D,DISPATCH,UNIT_SCADA,1,"2019/08/21 12:20:00",MBAHNTH,55.856247
D,DISPATCH,UNIT_SCADA,1,"2019/08/21 12:20:00",MLSP1,11.172001
D,DISPATCH,UNIT_SCADA,1,"2019/08/21 12:20:00",MLWF1,19.049999
D,DISPATCH,UNIT_SCADA,1,"2019/08/21 12:20:00",MTMILLAR,7.865466
D,DISPATCH,UNIT_SCADA,1,"2019/08/21 12:20:00",PALOONA,25.549999
D,DISPATCH,UNIT_SCADA,1,"2019/08/21 12:20:00",PIONEER,40.799999
D,DISPATCH,UNIT_SCADA,1,"2019/08/21 12:20:00",PORTWF,124.699997
D,DISPATCH,UNIT_SCADA,1,"2019/08/21 12:20:00",REPULSE,28.873121
D,DISPATCH,UNIT_SCADA,1,"2019/08/21 12:20:00",ROWALLAN,10.3092
D,DISPATCH,UNIT_SCADA,1,"2019/08/21 12:20:00",ROYALLA1,5.9670
D,DISPATCH,UNIT_SCADA,1,"2019/08/21 12:20:00",RPCG,10.90
D,DISPATCH,UNIT_SCADA,1,"2019/08/21 12:20:00",RUBICON,0
D,DISPATCH,UNIT_SCADA,1,"2019/08/21 12:20:00",SATGN1,0
D,DISPATCH,UNIT_SCADA,1,"2019/08/21 12:20:00",SATGS1,0
D,DISPATCH,UNIT_SCADA,1,"2019/08/21 12:20:00",STARHLWF,4.698630
D,DISPATCH,UNIT_SCADA,1,"2019/08/21 12:20:00",WAUBRAWF,174.199997
D,DISPATCH,UNIT_SCADA,1,"2019/08/21 12:20:00",WOOLNTH1,129.360016
D,DISPATCH,UNIT_SCADA,1,"2019/08/21 12:20:00",WPWF,49
D,DISPATCH,UNIT_SCADA,1,"2019/08/21 12:20:00",YAMBUKWF,29.200001
D,DISPATCH,UNIT_SCADA,1,"2019/08/21 12:20:00",YSWF1,28.299999
D,DISPATCH,UNIT_SCADA,1,"2019/08/21 12:20:00",AGLHAL,0
D,DISPATCH,UNIT_SCADA,1,"2019/08/21 12:20:00",AGLSOM,-0.10
D,DISPATCH,UNIT_SCADA,1,"2019/08/21 12:20:00",ANGAST1,0
D,DISPATCH,UNIT_SCADA,1,"2019/08/21 12:20:00",ARWF1,187.599990
D,DISPATCH,UNIT_SCADA,1,"2019/08/21 12:20:00",BALBG1,0
D,DISPATCH,UNIT_SCADA,1,"2019/08/21 12:20:00",BALBL1,4.57
D,DISPATCH,UNIT_SCADA,1,"2019/08/21 12:20:00",BALDHWF1,101.2720
D,DISPATCH,UNIT_SCADA,1,"2019/08/21 12:20:00",BANN1,60.41
D,DISPATCH,UNIT_SCADA,1,"2019/08/21 12:20:00",BARCALDN,0
D,DISPATCH,UNIT_SCADA,1,"2019/08/21 12:20:00",BARRON-1,0
D,DISPATCH,UNIT_SCADA,1,"2019/08/21 12:20:00",BARRON-2,0
D,DISPATCH,UNIT_SCADA,1,"2019/08/21 12:20:00",BASTYAN,78.750010
D,DISPATCH,UNIT_SCADA,1,"2019/08/21 12:20:00",BBTHREE1,-2.04
D,DISPATCH,UNIT_SCADA,1,"2019/08/21 12:20:00",BBTHREE2,-2.02
D,DISPATCH,UNIT_SCADA,1,"2019/08/21 12:20:00",BBTHREE3,-1.11
D,DISPATCH,UNIT_SCADA,1,"2019/08/21 12:20:00",BDL01,0
D,DISPATCH,UNIT_SCADA,1,"2019/08/21 12:20:00",BDL02,0
D,DISPATCH,UNIT_SCADA,1,"2019/08/21 12:20:00",BERYLSF1,48.638440
D,DISPATCH,UNIT_SCADA,1,"2019/08/21 12:20:00",BLOWERNG,0
D,DISPATCH,UNIT_SCADA,1,"2019/08/21 12:20:00",BLUFF1,19.10
D,DISPATCH,UNIT_SCADA,1,"2019/08/21 12:20:00",BNGSF1,88.99
D,DISPATCH,UNIT_SCADA,1,"2019/08/21 12:20:00",BNGSF2,20.16
D,DISPATCH,UNIT_SCADA,1,"2019/08/21 12:20:00",BOCORWF1,42.96
D,DISPATCH,UNIT_SCADA,1,"2019/08/21 12:20:00",BODWF1,88.819760
D,DISPATCH,UNIT_SCADA,1,"2019/08/21 12:20:00",BRAEMAR1,0
D,DISPATCH,UNIT_SCADA,1,"2019/08/21 12:20:00",BRAEMAR2,0
D,DISPATCH,UNIT_SCADA,1,"2019/08/21 12:20:00",BRAEMAR3,0
D,DISPATCH,UNIT_SCADA,1,"2019/08/21 12:20:00",BRAEMAR5,0
D,DISPATCH,UNIT_SCADA,1,"2019/08/21 12:20:00",BRAEMAR6,0
D,DISPATCH,UNIT_SCADA,1,"2019/08/21 12:20:00",BRAEMAR7,0
D,DISPATCH,UNIT_SCADA,1,"2019/08/21 12:20:00",BROKENH1,53.0415
D,DISPATCH,UNIT_SCADA,1,"2019/08/21 12:20:00",BW01,343.3750
D,DISPATCH,UNIT_SCADA,1,"2019/08/21 12:20:00",BW02,451.925050
D,DISPATCH,UNIT_SCADA,1,"2019/08/21 12:20:00",BW03,457.449950
D,DISPATCH,UNIT_SCADA,1,"2019/08/21 12:20:00",BW04,0
D,DISPATCH,UNIT_SCADA,1,"2019/08/21 12:20:00",CALL_B_1,280.399990
D,DISPATCH,UNIT_SCADA,1,"2019/08/21 12:20:00",CALL_B_2,200
D,DISPATCH,UNIT_SCADA,1,"2019/08/21 12:20:00",CETHANA,82.676870
D,DISPATCH,UNIT_SCADA,1,"2019/08/21 12:20:00",CG1,0
D,DISPATCH,UNIT_SCADA,1,"2019/08/21 12:20:00",CG2,0
D,DISPATCH,UNIT_SCADA,1,"2019/08/21 12:20:00",CG3,0
D,DISPATCH,UNIT_SCADA,1,"2019/08/21 12:20:00",CG4,0
D,DISPATCH,UNIT_SCADA,1,"2019/08/21 12:20:00",CHILDSF1,40.04
D,DISPATCH,UNIT_SCADA,1,"2019/08/21 12:20:00",CLARESF1,2.029570
D,DISPATCH,UNIT_SCADA,1,"2019/08/21 12:20:00",CLEMGPWF,11.093390
D,DISPATCH,UNIT_SCADA,1,"2019/08/21 12:20:00",CLERMSF1,0.59
D,DISPATCH,UNIT_SCADA,1,"2019/08/21 12:20:00",COLEASF1,79.099990
D,DISPATCH,UNIT_SCADA,1,"2019/08/21 12:20:00",COOPGWF1,24.357390
D,DISPATCH,UNIT_SCADA,1,"2019/08/21 12:20:00",CPP_3,293.425020
D,DISPATCH,UNIT_SCADA,1,"2019/08/21 12:20:00",CPP_4,300.575010
D,DISPATCH,UNIT_SCADA,1,"2019/08/21 12:20:00",CPSA,142.819370
D,DISPATCH,UNIT_SCADA,1,"2019/08/21 12:20:00",CROOKWF2,91.033750
D,DISPATCH,UNIT_SCADA,1,"2019/08/21 12:20:00",CROWLWF1,48.1833
D,DISPATCH,UNIT_SCADA,1,"2019/08/21 12:20:00",CSPVPS1,0.5160
D,DISPATCH,UNIT_SCADA,1,"2019/08/21 12:20:00",DALNTH01,0
D,DISPATCH,UNIT_SCADA,1,"2019/08/21 12:20:00",DALNTHL1,0.096130
D,DISPATCH,UNIT_SCADA,1,"2019/08/21 12:20:00",DARTM1,0
D,DISPATCH,UNIT_SCADA,1,"2019/08/21 12:20:00",DAYDSF1,110.2970
D,DISPATCH,UNIT_SCADA,1,"2019/08/21 12:20:00",DDPS1,0
D,DISPATCH,UNIT_SCADA,1,"2019/08/21 12:20:00",DDSF1,0
D,DISPATCH,UNIT_SCADA,1,"2019/08/21 12:20:00",DEVILS_G,0
D,DISPATCH,UNIT_SCADA,1,"2019/08/21 12:20:00",DG_NSW1,0
D,DISPATCH,UNIT_SCADA,1,"2019/08/21 12:20:00",DG_QLD1,0
D,DISPATCH,UNIT_SCADA,1,"2019/08/21 12:20:00",DG_SA1,0
D,DISPATCH,UNIT_SCADA,1,"2019/08/21 12:20:00",DG_TAS1,0
D,DISPATCH,UNIT_SCADA,1,"2019/08/21 12:20:00",DG_VIC1,0
D,DISPATCH,UNIT_SCADA,1,"2019/08/21 12:20:00",DRYCGT1,0
D,DISPATCH,UNIT_SCADA,1,"2019/08/21 12:20:00",DRYCGT2,0
D,DISPATCH,UNIT_SCADA,1,"2019/08/21 12:20:00",DRYCGT3,0
D,DISPATCH,UNIT_SCADA,1,"2019/08/21 12:20:00",EILDON1,0
D,DISPATCH,UNIT_SCADA,1,"2019/08/21 12:20:00",EILDON2,0
D,DISPATCH,UNIT_SCADA,1,"2019/08/21 12:20:00",EMERASF1,63.98
D,DISPATCH,UNIT_SCADA,1,"2019/08/21 12:20:00",ER01,350.324950
D,DISPATCH,UNIT_SCADA,1,"2019/08/21 12:20:00",ER02,420.8750
D,DISPATCH,UNIT_SCADA,1,"2019/08/21 12:20:00",ER03,649.400020
D,DISPATCH,UNIT_SCADA,1,"2019/08/21 12:20:00",ER04,350.424930
D,DISPATCH,UNIT_SCADA,1,"2019/08/21 12:20:00",FINLYSF1,0.4860
D,DISPATCH,UNIT_SCADA,1,"2019/08/21 12:20:00",FISHER,45.89
D,DISPATCH,UNIT_SCADA,1,"2019/08/21 12:20:00",GANNBG1,5.861490
D,DISPATCH,UNIT_SCADA,1,"2019/08/21 12:20:00",GANNBL1,0
D,DISPATCH,UNIT_SCADA,1,"2019/08/21 12:20:00",GANNSF1,17.40
D,DISPATCH,UNIT_SCADA,1,"2019/08/21 12:20:00",GORDON,0
D,DISPATCH,UNIT_SCADA,1,"2019/08/21 12:20:00",GSTONE1,109.7250
D,DISPATCH,UNIT_SCADA,1,"2019/08/21 12:20:00",GSTONE2,110.7750
D,DISPATCH,UNIT_SCADA,1,"2019/08/21 12:20:00",GSTONE3,110.0750
D,DISPATCH,UNIT_SCADA,1,"2019/08/21 12:20:00",GSTONE4,135.45
D,DISPATCH,UNIT_SCADA,1,"2019/08/21 12:20:00",GSTONE5,135.974990
D,DISPATCH,UNIT_SCADA,1,"2019/08/21 12:20:00",GSTONE6,0
D,DISPATCH,UNIT_SCADA,1,"2019/08/21 12:20:00",GULLRSF1,4.116360
D,DISPATCH,UNIT_SCADA,1,"2019/08/21 12:20:00",GULLRWF1,158.602480
D,DISPATCH,UNIT_SCADA,1,"2019/08/21 12:20:00",GUNNING1,45.019390
D,DISPATCH,UNIT_SCADA,1,"2019/08/21 12:20:00",GUTHEGA,0
D,DISPATCH,UNIT_SCADA,1,"2019/08/21 12:20:00",HALLWF1,53.02
D,DISPATCH,UNIT_SCADA,1,"2019/08/21 12:20:00",HALLWF2,40.18
D,DISPATCH,UNIT_SCADA,1,"2019/08/21 12:20:00",HAMISF1,45.20
D,DISPATCH,UNIT_SCADA,1,"2019/08/21 12:20:00",HAUGHT11,50.055170
D,DISPATCH,UNIT_SCADA,1,"2019/08/21 12:20:00",HAYMSF1,40.2920
D,DISPATCH,UNIT_SCADA,1,"2019/08/21 12:20:00",HDWF1,35.20
D,DISPATCH,UNIT_SCADA,1,"2019/08/21 12:20:00",HDWF2,29
D,DISPATCH,UNIT_SCADA,1,"2019/08/21 12:20:00",HDWF3,34.50
D,DISPATCH,UNIT_SCADA,1,"2019/08/21 12:20:00",HPRG1,22.90
D,DISPATCH,UNIT_SCADA,1,"2019/08/21 12:20:00",HPRL1,0
D,DISPATCH,UNIT_SCADA,1,"2019/08/21 12:20:00",HUMENSW,0
D,DISPATCH,UNIT_SCADA,1,"2019/08/21 12:20:00",HUMEV,9.60
D,DISPATCH,UNIT_SCADA,1,"2019/08/21 12:20:00",HVGTS,0
D,DISPATCH,UNIT_SCADA,1,"2019/08/21 12:20:00",JBUTTERS,138.52
D,DISPATCH,UNIT_SCADA,1,"2019/08/21 12:20:00",JLA01,0.50
D,DISPATCH,UNIT_SCADA,1,"2019/08/21 12:20:00",JLA02,0
D,DISPATCH,UNIT_SCADA,1,"2019/08/21 12:20:00",JLA03,0.10
D,DISPATCH,UNIT_SCADA,1,"2019/08/21 12:20:00",JLA04,0.10
D,DISPATCH,UNIT_SCADA,1,"2019/08/21 12:20:00",JLB01,0
D,DISPATCH,UNIT_SCADA,1,"2019/08/21 12:20:00",JLB02,0.10
D,DISPATCH,UNIT_SCADA,1,"2019/08/21 12:20:00",JLB03,0
D,DISPATCH,UNIT_SCADA,1,"2019/08/21 12:20:00",KAREEYA1,21.5225
D,DISPATCH,UNIT_SCADA,1,"2019/08/21 12:20:00",KAREEYA2,21.8525
D,DISPATCH,UNIT_SCADA,1,"2019/08/21 12:20:00",KAREEYA3,0
D,DISPATCH,UNIT_SCADA,1,"2019/08/21 12:20:00",KAREEYA4,21.7150
D,DISPATCH,UNIT_SCADA,1,"2019/08/21 12:20:00",KARSF1,45.80
D,DISPATCH,UNIT_SCADA,1,"2019/08/21 12:20:00",KIATAWF1,30.80
D,DISPATCH,UNIT_SCADA,1,"2019/08/21 12:20:00",KPP_1,0
D,DISPATCH,UNIT_SCADA,1,"2019/08/21 12:20:00",KSP1,47.56
D,DISPATCH,UNIT_SCADA,1,"2019/08/21 12:20:00",LADBROK1,0
D,DISPATCH,UNIT_SCADA,1,"2019/08/21 12:20:00",LADBROK2,0
D,DISPATCH,UNIT_SCADA,1,"2019/08/21 12:20:00",LD01,371.924930
D,DISPATCH,UNIT_SCADA,1,"2019/08/21 12:20:00",LD02,379.331270
D,DISPATCH,UNIT_SCADA,1,"2019/08/21 12:20:00",LD03,378.449950
D,DISPATCH,UNIT_SCADA,1,"2019/08/21 12:20:00",LD04,376.275050
D,DISPATCH,UNIT_SCADA,1,"2019/08/21 12:20:00",LEM_WIL,85.884950
D,DISPATCH,UNIT_SCADA,1,"2019/08/21 12:20:00",LGAPWF1,4.71
D,DISPATCH,UNIT_SCADA,1,"2019/08/21 12:20:00",LILYSF1,93.847540
D,DISPATCH,UNIT_SCADA,1,"2019/08/21 12:20:00",LI_WY_CA,147.8817
D,DISPATCH,UNIT_SCADA,1,"2019/08/21 12:20:00",LKBONNY2,99.908160
D,DISPATCH,UNIT_SCADA,1,"2019/08/21 12:20:00",LKBONNY3,28.580870
D,DISPATCH,UNIT_SCADA,1,"2019/08/21 12:20:00",LK_ECHO,0
D,DISPATCH,UNIT_SCADA,1,"2019/08/21 12:20:00",LNGS1,0
D,DISPATCH,UNIT_SCADA,1,"2019/08/21 12:20:00",LNGS2,0
D,DISPATCH,UNIT_SCADA,1,"2019/08/21 12:20:00",LONSDALE,0
D,DISPATCH,UNIT_SCADA,1,"2019/08/21 12:20:00",LOYYB1,536.840520
D,DISPATCH,UNIT_SCADA,1,"2019/08/21 12:20:00",LOYYB2,581.578490
D,DISPATCH,UNIT_SCADA,1,"2019/08/21 12:20:00",LYA1,500
D,DISPATCH,UNIT_SCADA,1,"2019/08/21 12:20:00",LYA2,0
D,DISPATCH,UNIT_SCADA,1,"2019/08/21 12:20:00",LYA3,561
D,DISPATCH,UNIT_SCADA,1,"2019/08/21 12:20:00",LYA4,530
D,DISPATCH,UNIT_SCADA,1,"2019/08/21 12:20:00",MACARTH1,263.093930
D,DISPATCH,UNIT_SCADA,1,"2019/08/21 12:20:00",MACKAYGT,0
D,DISPATCH,UNIT_SCADA,1,"2019/08/21 12:20:00",MACKNTSH,85.70
D,DISPATCH,UNIT_SCADA,1,"2019/08/21 12:20:00",MANSLR1,41.4140
D,DISPATCH,UNIT_SCADA,1,"2019/08/21 12:20:00",MCKAY1,0.02
D,DISPATCH,UNIT_SCADA,1,"2019/08/21 12:20:00",MEADOWBK,33.924460
D,DISPATCH,UNIT_SCADA,1,"2019/08/21 12:20:00",MERCER01,113.238010
D,DISPATCH,UNIT_SCADA,1,"2019/08/21 12:20:00",MEWF1,76.898310
D,DISPATCH,UNIT_SCADA,1,"2019/08/21 12:20:00",MINTARO,0
D,DISPATCH,UNIT_SCADA,1,"2019/08/21 12:20:00",MOREESF1,47.1340
D,DISPATCH,UNIT_SCADA,1,"2019/08/21 12:20:00",MORTLK11,0
D,DISPATCH,UNIT_SCADA,1,"2019/08/21 12:20:00",MORTLK12,0
D,DISPATCH,UNIT_SCADA,1,"2019/08/21 12:20:00",MP1,278.1250
D,DISPATCH,UNIT_SCADA,1,"2019/08/21 12:20:00",MP2,0
D,DISPATCH,UNIT_SCADA,1,"2019/08/21 12:20:00",MPP_1,287.75
D,DISPATCH,UNIT_SCADA,1,"2019/08/21 12:20:00",MPP_2,379.75
D,DISPATCH,UNIT_SCADA,1,"2019/08/21 12:20:00",MSTUART1,0
D,DISPATCH,UNIT_SCADA,1,"2019/08/21 12:20:00",MSTUART2,0
D,DISPATCH,UNIT_SCADA,1,"2019/08/21 12:20:00",MSTUART3,0
D,DISPATCH,UNIT_SCADA,1,"2019/08/21 12:20:00",MTGELWF1,63.852350
D,DISPATCH,UNIT_SCADA,1,"2019/08/21 12:20:00",MURRAY,0
D,DISPATCH,UNIT_SCADA,1,"2019/08/21 12:20:00",MUSSELR1,159.399990
D,DISPATCH,UNIT_SCADA,1,"2019/08/21 12:20:00",MUWAWF1,49.77
D,DISPATCH,UNIT_SCADA,1,"2019/08/21 12:20:00",NBHWF1,53.50
D,DISPATCH,UNIT_SCADA,1,"2019/08/21 12:20:00",NPS,0
D,DISPATCH,UNIT_SCADA,1,"2019/08/21 12:20:00",NUMURSF1,18.28
D,DISPATCH,UNIT_SCADA,1,"2019/08/21 12:20:00",NYNGAN1,101.50
D,DISPATCH,UNIT_SCADA,1,"2019/08/21 12:20:00",OAKEY1,0
D,DISPATCH,UNIT_SCADA,1,"2019/08/21 12:20:00",OAKEY1SF,21.0120
D,DISPATCH,UNIT_SCADA,1,"2019/08/21 12:20:00",OAKEY2,0
D,DISPATCH,UNIT_SCADA,1,"2019/08/21 12:20:00",OAKLAND1,51.90
D,DISPATCH,UNIT_SCADA,1,"2019/08/21 12:20:00",OSB-AG,0
D,DISPATCH,UNIT_SCADA,1,"2019/08/21 12:20:00",PARSF1,39.80
D,DISPATCH,UNIT_SCADA,1,"2019/08/21 12:20:00",POAT110,0
D,DISPATCH,UNIT_SCADA,1,"2019/08/21 12:20:00",POAT220,0
D,DISPATCH,UNIT_SCADA,1,"2019/08/21 12:20:00",POR01,0
D,DISPATCH,UNIT_SCADA,1,"2019/08/21 12:20:00",POR03,0
D,DISPATCH,UNIT_SCADA,1,"2019/08/21 12:20:00",PPCCGT,178.921040
D,DISPATCH,UNIT_SCADA,1,"2019/08/21 12:20:00",PTSTAN1,0
D,DISPATCH,UNIT_SCADA,1,"2019/08/21 12:20:00",PUMP1,0
D,DISPATCH,UNIT_SCADA,1,"2019/08/21 12:20:00",PUMP2,0
D,DISPATCH,UNIT_SCADA,1,"2019/08/21 12:20:00",QPS1,0
D,DISPATCH,UNIT_SCADA,1,"2019/08/21 12:20:00",QPS2,0
D,DISPATCH,UNIT_SCADA,1,"2019/08/21 12:20:00",QPS3,0
D,DISPATCH,UNIT_SCADA,1,"2019/08/21 12:20:00",QPS4,0
D,DISPATCH,UNIT_SCADA,1,"2019/08/21 12:20:00",QPS5,0
D,DISPATCH,UNIT_SCADA,1,"2019/08/21 12:20:00",REECE1,116.260010
D,DISPATCH,UNIT_SCADA,1,"2019/08/21 12:20:00",REECE2,117.210010
D,DISPATCH,UNIT_SCADA,1,"2019/08/21 12:20:00",ROMA_7,0
D,DISPATCH,UNIT_SCADA,1,"2019/08/21 12:20:00",ROMA_8,0
D,DISPATCH,UNIT_SCADA,1,"2019/08/21 12:20:00",RRSF1,107.580690
D,DISPATCH,UNIT_SCADA,1,"2019/08/21 12:20:00",RT_NSW1,0
D,DISPATCH,UNIT_SCADA,1,"2019/08/21 12:20:00",RT_NSW2,0
D,DISPATCH,UNIT_SCADA,1,"2019/08/21 12:20:00",RT_NSW3,0
D,DISPATCH,UNIT_SCADA,1,"2019/08/21 12:20:00",RT_NSW4,0
D,DISPATCH,UNIT_SCADA,1,"2019/08/21 12:20:00",RT_NSW5,0
D,DISPATCH,UNIT_SCADA,1,"2019/08/21 12:20:00",RT_NSW6,0
D,DISPATCH,UNIT_SCADA,1,"2019/08/21 12:20:00",RT_QLD1,0
D,DISPATCH,UNIT_SCADA,1,"2019/08/21 12:20:00",RT_SA1,0
D,DISPATCH,UNIT_SCADA,1,"2019/08/21 12:20:00",RT_SA2,0
D,DISPATCH,UNIT_SCADA,1,"2019/08/21 12:20:00",RT_SA3,0
D,DISPATCH,UNIT_SCADA,1,"2019/08/21 12:20:00",RT_SA4,0
D,DISPATCH,UNIT_SCADA,1,"2019/08/21 12:20:00",RT_SA5,0
D,DISPATCH,UNIT_SCADA,1,"2019/08/21 12:20:00",RT_SA6,0
D,DISPATCH,UNIT_SCADA,1,"2019/08/21 12:20:00",RT_TAS1,0
D,DISPATCH,UNIT_SCADA,1,"2019/08/21 12:20:00",RT_VIC1,0
D,DISPATCH,UNIT_SCADA,1,"2019/08/21 12:20:00",RT_VIC10,0
D,DISPATCH,UNIT_SCADA,1,"2019/08/21 12:20:00",RT_VIC11,0
D,DISPATCH,UNIT_SCADA,1,"2019/08/21 12:20:00",RT_VIC12,0
D,DISPATCH,UNIT_SCADA,1,"2019/08/21 12:20:00",RT_VIC2,0
D,DISPATCH,UNIT_SCADA,1,"2019/08/21 12:20:00",RT_VIC3,0
D,DISPATCH,UNIT_SCADA,1,"2019/08/21 12:20:00",RT_VIC4,0
D,DISPATCH,UNIT_SCADA,1,"2019/08/21 12:20:00",RT_VIC5,0
D,DISPATCH,UNIT_SCADA,1,"2019/08/21 12:20:00",RT_VIC6,0
D,DISPATCH,UNIT_SCADA,1,"2019/08/21 12:20:00",RT_VIC7,0
D,DISPATCH,UNIT_SCADA,1,"2019/08/21 12:20:00",RT_VIC8,0
D,DISPATCH,UNIT_SCADA,1,"2019/08/21 12:20:00",RT_VIC9,0
D,DISPATCH,UNIT_SCADA,1,"2019/08/21 12:20:00",RUGBYR1,1.155390
D,DISPATCH,UNIT_SCADA,1,"2019/08/21 12:20:00",SALTCRK1,41.76
D,DISPATCH,UNIT_SCADA,1,"2019/08/21 12:20:00",SAPHWF1,139.8656
D,DISPATCH,UNIT_SCADA,1,"2019/08/21 12:20:00",SHGEN,0
D,DISPATCH,UNIT_SCADA,1,"2019/08/21 12:20:00",SHPUMP,200.283190
D,DISPATCH,UNIT_SCADA,1,"2019/08/21 12:20:00",SITHE01,0.043330
D,DISPATCH,UNIT_SCADA,1,"2019/08/21 12:20:00",SMCSF1,69.245160
D,DISPATCH,UNIT_SCADA,1,"2019/08/21 12:20:00",SNOWNTH1,11.40
D,DISPATCH,UNIT_SCADA,1,"2019/08/21 12:20:00",SNOWSTH1,30.40
D,DISPATCH,UNIT_SCADA,1,"2019/08/21 12:20:00",SNOWTWN1,14.603820
D,DISPATCH,UNIT_SCADA,1,"2019/08/21 12:20:00",SNOWYP,378.299990
D,DISPATCH,UNIT_SCADA,1,"2019/08/21 12:20:00",SNUG1,0.019440
D,DISPATCH,UNIT_SCADA,1,"2019/08/21 12:20:00",SRSF1,34.55
D,DISPATCH,UNIT_SCADA,1,"2019/08/21 12:20:00",STAN-1,0
D,DISPATCH,UNIT_SCADA,1,"2019/08/21 12:20:00",STAN-2,284.016820
D,DISPATCH,UNIT_SCADA,1,"2019/08/21 12:20:00",STAN-3,284.978150
D,DISPATCH,UNIT_SCADA,1,"2019/08/21 12:20:00",STAN-4,282.478670
D,DISPATCH,UNIT_SCADA,1,"2019/08/21 12:20:00",STWF1,7.076230
D,DISPATCH,UNIT_SCADA,1,"2019/08/21 12:20:00",SWAN_E,0
D,DISPATCH,UNIT_SCADA,1,"2019/08/21 12:20:00",TALWA1,0
D,DISPATCH,UNIT_SCADA,1,"2019/08/21 12:20:00",TARALGA1,60.4425
D,DISPATCH,UNIT_SCADA,1,"2019/08/21 12:20:00",TARONG#1,286
D,DISPATCH,UNIT_SCADA,1,"2019/08/21 12:20:00",TARONG#2,285.800020
D,DISPATCH,UNIT_SCADA,1,"2019/08/21 12:20:00",TARONG#3,260.50
D,DISPATCH,UNIT_SCADA,1,"2019/08/21 12:20:00",TARONG#4,280.200010
D,DISPATCH,UNIT_SCADA,1,"2019/08/21 12:20:00",TARRALEA,74.90
D,DISPATCH,UNIT_SCADA,1,"2019/08/21 12:20:00",TBSF1,63.80
D,DISPATCH,UNIT_SCADA,1,"2019/08/21 12:20:00",TNPS1,442.000030
D,DISPATCH,UNIT_SCADA,1,"2019/08/21 12:20:00",TORRA1,45.948840
D,DISPATCH,UNIT_SCADA,1,"2019/08/21 12:20:00",TORRA2,0
D,DISPATCH,UNIT_SCADA,1,"2019/08/21 12:20:00",TORRA3,0
D,DISPATCH,UNIT_SCADA,1,"2019/08/21 12:20:00",TORRA4,0
D,DISPATCH,UNIT_SCADA,1,"2019/08/21 12:20:00",TORRB1,39
D,DISPATCH,UNIT_SCADA,1,"2019/08/21 12:20:00",TORRB2,38.98
D,DISPATCH,UNIT_SCADA,1,"2019/08/21 12:20:00",TORRB3,0
D,DISPATCH,UNIT_SCADA,1,"2019/08/21 12:20:00",TORRB4,0
D,DISPATCH,UNIT_SCADA,1,"2019/08/21 12:20:00",TREVALLN,49.060010
D,DISPATCH,UNIT_SCADA,1,"2019/08/21 12:20:00",TRIBUTE,0
D,DISPATCH,UNIT_SCADA,1,"2019/08/21 12:20:00",TUMUT3,0
D,DISPATCH,UNIT_SCADA,1,"2019/08/21 12:20:00",TUNGATIN,31.760030
D,DISPATCH,UNIT_SCADA,1,"2019/08/21 12:20:00",TVCC201,0
D,DISPATCH,UNIT_SCADA,1,"2019/08/21 12:20:00",TVPP104,0
D,DISPATCH,UNIT_SCADA,1,"2019/08/21 12:20:00",UPPTUMUT,0
D,DISPATCH,UNIT_SCADA,1,"2019/08/21 12:20:00",URANQ11,0
D,DISPATCH,UNIT_SCADA,1,"2019/08/21 12:20:00",URANQ12,0
D,DISPATCH,UNIT_SCADA,1,"2019/08/21 12:20:00",URANQ13,0
D,DISPATCH,UNIT_SCADA,1,"2019/08/21 12:20:00",URANQ14,0
D,DISPATCH,UNIT_SCADA,1,"2019/08/21 12:20:00",VP5,366.524990
D,DISPATCH,UNIT_SCADA,1,"2019/08/21 12:20:00",VP6,365.949980
D,DISPATCH,UNIT_SCADA,1,"2019/08/21 12:20:00",VPGS1,0
D,DISPATCH,UNIT_SCADA,1,"2019/08/21 12:20:00",VPGS2,0
D,DISPATCH,UNIT_SCADA,1,"2019/08/21 12:20:00",VPGS3,0
D,DISPATCH,UNIT_SCADA,1,"2019/08/21 12:20:00",VPGS4,0
D,DISPATCH,UNIT_SCADA,1,"2019/08/21 12:20:00",VPGS5,0
D,DISPATCH,UNIT_SCADA,1,"2019/08/21 12:20:00",VPGS6,0
D,DISPATCH,UNIT_SCADA,1,"2019/08/21 12:20:00",W/HOE#1,0
D,DISPATCH,UNIT_SCADA,1,"2019/08/21 12:20:00",W/HOE#2,0
D,DISPATCH,UNIT_SCADA,1,"2019/08/21 12:20:00",WATERLWF,82.20
D,DISPATCH,UNIT_SCADA,1,"2019/08/21 12:20:00",WEMENSF1,44.10
D,DISPATCH,UNIT_SCADA,1,"2019/08/21 12:20:00",WGWF1,53.20
D,DISPATCH,UNIT_SCADA,1,"2019/08/21 12:20:00",WHITSF1,0
D,DISPATCH,UNIT_SCADA,1,"2019/08/21 12:20:00",WKIEWA1,0
D,DISPATCH,UNIT_SCADA,1,"2019/08/21 12:20:00",WKIEWA2,7.10
D,DISPATCH,UNIT_SCADA,1,"2019/08/21 12:20:00",WOODLWN1,42.974990
D,DISPATCH,UNIT_SCADA,1,"2019/08/21 12:20:00",WRSF1,10.47
D,DISPATCH,UNIT_SCADA,1,"2019/08/21 12:20:00",WRWF1,155.702510
D,DISPATCH,UNIT_SCADA,1,"2019/08/21 12:20:00",YABULU,0
D,DISPATCH,UNIT_SCADA,1,"2019/08/21 12:20:00",YABULU2,0
D,DISPATCH,UNIT_SCADA,1,"2019/08/21 12:20:00",YARWUN_1,0
D,DISPATCH,UNIT_SCADA,1,"2019/08/21 12:20:00",YENDWF1,41.99
D,DISPATCH,UNIT_SCADA,1,"2019/08/21 12:20:00",YWPS1,367.417720
D,DISPATCH,UNIT_SCADA,1,"2019/08/21 12:20:00",YWPS2,279.946840
D,DISPATCH,UNIT_SCADA,1,"2019/08/21 12:20:00",YWPS3,0
D,DISPATCH,UNIT_SCADA,1,"2019/08/21 12:20:00",YWPS4,369.550630
C,"END OF REPORT",334
