C,NEMP.WORLD,DISPATCHSCADA,AEMO,PUBLIC,2019/08/22,03:10:09,0000000311850690,DISPATCHSCADA,0000000311850684
I,DISPATCH,UNIT_SCADA,1,SETTLEMENTDATE,DUID,SCADAVALUE
D,DISPATCH,UNIT_SCADA,1,"2019/08/22 03:15:00",BARCSF1,0.70
D,DISPATCH,UNIT_SCADA,1,"2019/08/22 03:15:00",BUTLERSG,9.599998
D,DISPATCH,UNIT_SCADA,1,"2019/08/22 03:15:00",CALL_A_4,0
D,DISPATCH,UNIT_SCADA,1,"2019/08/22 03:15:00",CAPTL_WF,127.136002
D,DISPATCH,UNIT_SCADA,1,"2019/08/22 03:15:00",CATHROCK,14.669999
D,DISPATCH,UNIT_SCADA,1,"2019/08/22 03:15:00",CHALLHWF,49.200001
D,DISPATCH,UNIT_SCADA,1,"2019/08/22 03:15:00",CLOVER,-0.01
D,DISPATCH,UNIT_SCADA,1,"2019/08/22 03:15:00",CLUNY,19.987640
D,DISPATCH,UNIT_SCADA,1,"2019/08/22 03:15:00",CNUNDAWF,37.643913
D,DISPATCH,UNIT_SCADA,1,"2019/08/22 03:15:00",CULLRGWF,24.280001
D,DISPATCH,UNIT_SCADA,1,"2019/08/22 03:15:00",ERGT01,0
D,DISPATCH,UNIT_SCADA,1,"2019/08/22 03:15:00",GB01,0.065262
D,DISPATCH,UNIT_SCADA,1,"2019/08/22 03:15:00",GERMCRK,39
D,DISPATCH,UNIT_SCADA,1,"2019/08/22 03:15:00",GRIFSF1,0
D,DISPATCH,UNIT_SCADA,1,"2019/08/22 03:15:00",HUGSF1,-0.2430
D,DISPATCH,UNIT_SCADA,1,"2019/08/22 03:15:00",LKBONNY1,65.731689
D,DISPATCH,UNIT_SCADA,1,"2019/08/22 03:15:00",LRSF1,0.0390
D,DISPATCH,UNIT_SCADA,1,"2019/08/22 03:15:00",MBAHNTH,56.025009
D,DISPATCH,UNIT_SCADA,1,"2019/08/22 03:15:00",MLSP1,0.271001
D,DISPATCH,UNIT_SCADA,1,"2019/08/22 03:15:00",MLWF1,18.27
D,DISPATCH,UNIT_SCADA,1,"2019/08/22 03:15:00",MTMILLAR,13.982224
D,DISPATCH,UNIT_SCADA,1,"2019/08/22 03:15:00",PALOONA,8.07
D,DISPATCH,UNIT_SCADA,1,"2019/08/22 03:15:00",PIONEER,48.299999
D,DISPATCH,UNIT_SCADA,1,"2019/08/22 03:15:00",PORTWF,132.50
D,DISPATCH,UNIT_SCADA,1,"2019/08/22 03:15:00",REPULSE,0.000610
D,DISPATCH,UNIT_SCADA,1,"2019/08/22 03:15:00",ROWALLAN,10.3092
D,DISPATCH,UNIT_SCADA,1,"2019/08/22 03:15:00",ROYALLA1,0
D,DISPATCH,UNIT_SCADA,1,"2019/08/22 03:15:00",RPCG,10.80
D,DISPATCH,UNIT_SCADA,1,"2019/08/22 03:15:00",RUBICON,0
D,DISPATCH,UNIT_SCADA,1,"2019/08/22 03:15:00",SATGN1,0
D,DISPATCH,UNIT_SCADA,1,"2019/08/22 03:15:00",SATGS1,0
D,DISPATCH,UNIT_SCADA,1,"2019/08/22 03:15:00",STARHLWF,5.598368
D,DISPATCH,UNIT_SCADA,1,"2019/08/22 03:15:00",WAUBRAWF,172.031998
D,DISPATCH,UNIT_SCADA,1,"2019/08/22 03:15:00",WOOLNTH1,102.230019
D,DISPATCH,UNIT_SCADA,1,"2019/08/22 03:15:00",WPWF,54
D,DISPATCH,UNIT_SCADA,1,"2019/08/22 03:15:00",YAMBUKWF,27.60
D,DISPATCH,UNIT_SCADA,1,"2019/08/22 03:15:00",YSWF1,28.60
D,DISPATCH,UNIT_SCADA,1,"2019/08/22 03:15:00",AGLHAL,0
D,DISPATCH,UNIT_SCADA,1,"2019/08/22 03:15:00",AGLSOM,0
D,DISPATCH,UNIT_SCADA,1,"2019/08/22 03:15:00",ANGAST1,0
D,DISPATCH,UNIT_SCADA,1,"2019/08/22 03:15:00",ARWF1,221.899990
D,DISPATCH,UNIT_SCADA,1,"2019/08/22 03:15:00",BALBG1,0
D,DISPATCH,UNIT_SCADA,1,"2019/08/22 03:15:00",BALBL1,25.36
D,DISPATCH,UNIT_SCADA,1,"2019/08/22 03:15:00",BALDHWF1,98.79
D,DISPATCH,UNIT_SCADA,1,"2019/08/22 03:15:00",BANN1,0
D,DISPATCH,UNIT_SCADA,1,"2019/08/22 03:15:00",BARCALDN,0
D,DISPATCH,UNIT_SCADA,1,"2019/08/22 03:15:00",BARRON-1,0
D,DISPATCH,UNIT_SCADA,1,"2019/08/22 03:15:00",BARRON-2,25.24
D,DISPATCH,UNIT_SCADA,1,"2019/08/22 03:15:00",BASTYAN,78.37
D,DISPATCH,UNIT_SCADA,1,"2019/08/22 03:15:00",BBTHREE1,-1.87
D,DISPATCH,UNIT_SCADA,1,"2019/08/22 03:15:00",BBTHREE2,-1.86
D,DISPATCH,UNIT_SCADA,1,"2019/08/22 03:15:00",BBTHREE3,0
D,DISPATCH,UNIT_SCADA,1,"2019/08/22 03:15:00",BDL01,0
D,DISPATCH,UNIT_SCADA,1,"2019/08/22 03:15:00",BDL02,0
D,DISPATCH,UNIT_SCADA,1,"2019/08/22 03:15:00",BERYLSF1,0
D,DISPATCH,UNIT_SCADA,1,"2019/08/22 03:15:00",BLOWERNG,0
D,DISPATCH,UNIT_SCADA,1,"2019/08/22 03:15:00",BLUFF1,27.70
D,DISPATCH,UNIT_SCADA,1,"2019/08/22 03:15:00",BNGSF1,0
D,DISPATCH,UNIT_SCADA,1,"2019/08/22 03:15:00",BNGSF2,0
D,DISPATCH,UNIT_SCADA,1,"2019/08/22 03:15:00",BOCORWF1,110.98
D,DISPATCH,UNIT_SCADA,1,"2019/08/22 03:15:00",BODWF1,92.253550
D,DISPATCH,UNIT_SCADA,1,"2019/08/22 03:15:00",BRAEMAR1,0
D,DISPATCH,UNIT_SCADA,1,"2019/08/22 03:15:00",BRAEMAR2,0
D,DISPATCH,UNIT_SCADA,1,"2019/08/22 03:15:00",BRAEMAR3,0
D,DISPATCH,UNIT_SCADA,1,"2019/08/22 03:15:00",BRAEMAR5,0
D,DISPATCH,UNIT_SCADA,1,"2019/08/22 03:15:00",BRAEMAR6,0
D,DISPATCH,UNIT_SCADA,1,"2019/08/22 03:15:00",BRAEMAR7,0
D,DISPATCH,UNIT_SCADA,1,"2019/08/22 03:15:00",BROKENH1,0
D,DISPATCH,UNIT_SCADA,1,"2019/08/22 03:15:00",BW01,341.199950
D,DISPATCH,UNIT_SCADA,1,"2019/08/22 03:15:00",BW02,486.324950
D,DISPATCH,UNIT_SCADA,1,"2019/08/22 03:15:00",BW03,450.450070
D,DISPATCH,UNIT_SCADA,1,"2019/08/22 03:15:00",BW04,0
D,DISPATCH,UNIT_SCADA,1,"2019/08/22 03:15:00",CALL_B_1,343.700010
D,DISPATCH,UNIT_SCADA,1,"2019/08/22 03:15:00",CALL_B_2,300.300020
D,DISPATCH,UNIT_SCADA,1,"2019/08/22 03:15:00",CETHANA,98.364130
D,DISPATCH,UNIT_SCADA,1,"2019/08/22 03:15:00",CG1,0
D,DISPATCH,UNIT_SCADA,1,"2019/08/22 03:15:00",CG2,0
D,DISPATCH,UNIT_SCADA,1,"2019/08/22 03:15:00",CG3,0
D,DISPATCH,UNIT_SCADA,1,"2019/08/22 03:15:00",CG4,0
D,DISPATCH,UNIT_SCADA,1,"2019/08/22 03:15:00",CHILDSF1,0.01
D,DISPATCH,UNIT_SCADA,1,"2019/08/22 03:15:00",CLARESF1,0
D,DISPATCH,UNIT_SCADA,1,"2019/08/22 03:15:00",CLEMGPWF,11.5256
D,DISPATCH,UNIT_SCADA,1,"2019/08/22 03:15:00",CLERMSF1,0
D,DISPATCH,UNIT_SCADA,1,"2019/08/22 03:15:00",COLEASF1,0
D,DISPATCH,UNIT_SCADA,1,"2019/08/22 03:15:00",COOPGWF1,3.217580
D,DISPATCH,UNIT_SCADA,1,"2019/08/22 03:15:00",CPP_3,315.425020
D,DISPATCH,UNIT_SCADA,1,"2019/08/22 03:15:00",CPP_4,323.1250
D,DISPATCH,UNIT_SCADA,1,"2019/08/22 03:15:00",CPSA,143.158140
D,DISPATCH,UNIT_SCADA,1,"2019/08/22 03:15:00",CROOKWF2,26.9050
D,DISPATCH,UNIT_SCADA,1,"2019/08/22 03:15:00",CROWLWF1,49.5145
D,DISPATCH,UNIT_SCADA,1,"2019/08/22 03:15:00",CSPVPS1,0.0430
D,DISPATCH,UNIT_SCADA,1,"2019/08/22 03:15:00",DALNTH01,0
D,DISPATCH,UNIT_SCADA,1,"2019/08/22 03:15:00",DALNTHL1,5.973910
D,DISPATCH,UNIT_SCADA,1,"2019/08/22 03:15:00",DARTM1,0
D,DISPATCH,UNIT_SCADA,1,"2019/08/22 03:15:00",DAYDSF1,0
D,DISPATCH,UNIT_SCADA,1,"2019/08/22 03:15:00",DDPS1,0
D,DISPATCH,UNIT_SCADA,1,"2019/08/22 03:15:00",DDSF1,0
D,DISPATCH,UNIT_SCADA,1,"2019/08/22 03:15:00",DEVILS_G,0
D,DISPATCH,UNIT_SCADA,1,"2019/08/22 03:15:00",DG_NSW1,0
D,DISPATCH,UNIT_SCADA,1,"2019/08/22 03:15:00",DG_QLD1,0
D,DISPATCH,UNIT_SCADA,1,"2019/08/22 03:15:00",DG_SA1,0
D,DISPATCH,UNIT_SCADA,1,"2019/08/22 03:15:00",DG_TAS1,0
D,DISPATCH,UNIT_SCADA,1,"2019/08/22 03:15:00",DG_VIC1,0
D,DISPATCH,UNIT_SCADA,1,"2019/08/22 03:15:00",DRYCGT1,0
D,DISPATCH,UNIT_SCADA,1,"2019/08/22 03:15:00",DRYCGT2,0
D,DISPATCH,UNIT_SCADA,1,"2019/08/22 03:15:00",DRYCGT3,0
D,DISPATCH,UNIT_SCADA,1,"2019/08/22 03:15:00",EILDON1,0
D,DISPATCH,UNIT_SCADA,1,"2019/08/22 03:15:00",EILDON2,0
D,DISPATCH,UNIT_SCADA,1,"2019/08/22 03:15:00",EMERASF1,0
D,DISPATCH,UNIT_SCADA,1,"2019/08/22 03:15:00",ER01,280.224980
D,DISPATCH,UNIT_SCADA,1,"2019/08/22 03:15:00",ER02,297.824950
D,DISPATCH,UNIT_SCADA,1,"2019/08/22 03:15:00",ER03,379.900020
D,DISPATCH,UNIT_SCADA,1,"2019/08/22 03:15:00",ER04,288.550050
D,DISPATCH,UNIT_SCADA,1,"2019/08/22 03:15:00",FINLYSF1,0
D,DISPATCH,UNIT_SCADA,1,"2019/08/22 03:15:00",FISHER,45.87
D,DISPATCH,UNIT_SCADA,1,"2019/08/22 03:15:00",GANNBG1,0
D,DISPATCH,UNIT_SCADA,1,"2019/08/22 03:15:00",GANNBL1,10.008550
D,DISPATCH,UNIT_SCADA,1,"2019/08/22 03:15:00",GANNSF1,0
D,DISPATCH,UNIT_SCADA,1,"2019/08/22 03:15:00",GORDON,11.1412
D,DISPATCH,UNIT_SCADA,1,"2019/08/22 03:15:00",GSTONE1,130.899990
D,DISPATCH,UNIT_SCADA,1,"2019/08/22 03:15:00",GSTONE2,130.20
D,DISPATCH,UNIT_SCADA,1,"2019/08/22 03:15:00",GSTONE3,130.724990
D,DISPATCH,UNIT_SCADA,1,"2019/08/22 03:15:00",GSTONE4,131.0750
D,DISPATCH,UNIT_SCADA,1,"2019/08/22 03:15:00",GSTONE5,129.6750
D,DISPATCH,UNIT_SCADA,1,"2019/08/22 03:15:00",GSTONE6,0
D,DISPATCH,UNIT_SCADA,1,"2019/08/22 03:15:00",GULLRSF1,0
D,DISPATCH,UNIT_SCADA,1,"2019/08/22 03:15:00",GULLRWF1,153.574860
D,DISPATCH,UNIT_SCADA,1,"2019/08/22 03:15:00",GUNNING1,46.193730
D,DISPATCH,UNIT_SCADA,1,"2019/08/22 03:15:00",GUTHEGA,0
D,DISPATCH,UNIT_SCADA,1,"2019/08/22 03:15:00",HALLWF1,76.43
D,DISPATCH,UNIT_SCADA,1,"2019/08/22 03:15:00",HALLWF2,59.50
D,DISPATCH,UNIT_SCADA,1,"2019/08/22 03:15:00",HAMISF1,0
D,DISPATCH,UNIT_SCADA,1,"2019/08/22 03:15:00",HAUGHT11,0
D,DISPATCH,UNIT_SCADA,1,"2019/08/22 03:15:00",HAYMSF1,0
D,DISPATCH,UNIT_SCADA,1,"2019/08/22 03:15:00",HDWF1,48.70
D,DISPATCH,UNIT_SCADA,1,"2019/08/22 03:15:00",HDWF2,30.80
D,DISPATCH,UNIT_SCADA,1,"2019/08/22 03:15:00",HDWF3,43.10
D,DISPATCH,UNIT_SCADA,1,"2019/08/22 03:15:00",HPRG1,0
D,DISPATCH,UNIT_SCADA,1,"2019/08/22 03:15:00",HPRL1,12.80
D,DISPATCH,UNIT_SCADA,1,"2019/08/22 03:15:00",HUMENSW,0
D,DISPATCH,UNIT_SCADA,1,"2019/08/22 03:15:00",HUMEV,10.30
D,DISPATCH,UNIT_SCADA,1,"2019/08/22 03:15:00",HVGTS,0
D,DISPATCH,UNIT_SCADA,1,"2019/08/22 03:15:00",JBUTTERS,68.11
D,DISPATCH,UNIT_SCADA,1,"2019/08/22 03:15:00",JLA01,0.50
D,DISPATCH,UNIT_SCADA,1,"2019/08/22 03:15:00",JLA02,0
D,DISPATCH,UNIT_SCADA,1,"2019/08/22 03:15:00",JLA03,0.10
D,DISPATCH,UNIT_SCADA,1,"2019/08/22 03:15:00",JLA04,0.10
D,DISPATCH,UNIT_SCADA,1,"2019/08/22 03:15:00",JLB01,0
D,DISPATCH,UNIT_SCADA,1,"2019/08/22 03:15:00",JLB02,0.10
D,DISPATCH,UNIT_SCADA,1,"2019/08/22 03:15:00",JLB03,0
D,DISPATCH,UNIT_SCADA,1,"2019/08/22 03:15:00",KAREEYA1,21.4150
D,DISPATCH,UNIT_SCADA,1,"2019/08/22 03:15:00",KAREEYA2,21.37
D,DISPATCH,UNIT_SCADA,1,"2019/08/22 03:15:00",KAREEYA3,0
D,DISPATCH,UNIT_SCADA,1,"2019/08/22 03:15:00",KAREEYA4,21.6475
D,DISPATCH,UNIT_SCADA,1,"2019/08/22 03:15:00",KARSF1,0
D,DISPATCH,UNIT_SCADA,1,"2019/08/22 03:15:00",KIATAWF1,30.90
D,DISPATCH,UNIT_SCADA,1,"2019/08/22 03:15:00",KPP_1,0
D,DISPATCH,UNIT_SCADA,1,"2019/08/22 03:15:00",KSP1,0
D,DISPATCH,UNIT_SCADA,1,"2019/08/22 03:15:00",LADBROK1,0
D,DISPATCH,UNIT_SCADA,1,"2019/08/22 03:15:00",LADBROK2,0
D,DISPATCH,UNIT_SCADA,1,"2019/08/22 03:15:00",LD01,353.362520
D,DISPATCH,UNIT_SCADA,1,"2019/08/22 03:15:00",LD02,300.168730
D,DISPATCH,UNIT_SCADA,1,"2019/08/22 03:15:00",LD03,321.712550
D,DISPATCH,UNIT_SCADA,1,"2019/08/22 03:15:00",LD04,351.862520
D,DISPATCH,UNIT_SCADA,1,"2019/08/22 03:15:00",LEM_WIL,86.2183
D,DISPATCH,UNIT_SCADA,1,"2019/08/22 03:15:00",LGAPWF1,14.95
D,DISPATCH,UNIT_SCADA,1,"2019/08/22 03:15:00",LILYSF1,0
D,DISPATCH,UNIT_SCADA,1,"2019/08/22 03:15:00",LI_WY_CA,148.598480
D,DISPATCH,UNIT_SCADA,1,"2019/08/22 03:15:00",LKBONNY2,132.417180
D,DISPATCH,UNIT_SCADA,1,"2019/08/22 03:15:00",LKBONNY3,31.986020
D,DISPATCH,UNIT_SCADA,1,"2019/08/22 03:15:00",LK_ECHO,0
D,DISPATCH,UNIT_SCADA,1,"2019/08/22 03:15:00",LNGS1,0
D,DISPATCH,UNIT_SCADA,1,"2019/08/22 03:15:00",LNGS2,0
D,DISPATCH,UNIT_SCADA,1,"2019/08/22 03:15:00",LONSDALE,0
D,DISPATCH,UNIT_SCADA,1,"2019/08/22 03:15:00",LOYYB1,534.584840
D,DISPATCH,UNIT_SCADA,1,"2019/08/22 03:15:00",LOYYB2,546.615170
D,DISPATCH,UNIT_SCADA,1,"2019/08/22 03:15:00",LYA1,543
D,DISPATCH,UNIT_SCADA,1,"2019/08/22 03:15:00",LYA2,0
D,DISPATCH,UNIT_SCADA,1,"2019/08/22 03:15:00",LYA3,543
D,DISPATCH,UNIT_SCADA,1,"2019/08/22 03:15:00",LYA4,530
D,DISPATCH,UNIT_SCADA,1,"2019/08/22 03:15:00",MACARTH1,349.791930
D,DISPATCH,UNIT_SCADA,1,"2019/08/22 03:15:00",MACKAYGT,0
D,DISPATCH,UNIT_SCADA,1,"2019/08/22 03:15:00",MACKNTSH,85.290010
D,DISPATCH,UNIT_SCADA,1,"2019/08/22 03:15:00",MANSLR1,0
D,DISPATCH,UNIT_SCADA,1,"2019/08/22 03:15:00",MCKAY1,0.02
D,DISPATCH,UNIT_SCADA,1,"2019/08/22 03:15:00",MEADOWBK,34.067360
D,DISPATCH,UNIT_SCADA,1,"2019/08/22 03:15:00",MERCER01,115.6790
D,DISPATCH,UNIT_SCADA,1,"2019/08/22 03:15:00",MEWF1,73.998340
D,DISPATCH,UNIT_SCADA,1,"2019/08/22 03:15:00",MINTARO,0
D,DISPATCH,UNIT_SCADA,1,"2019/08/22 03:15:00",MOREESF1,0
D,DISPATCH,UNIT_SCADA,1,"2019/08/22 03:15:00",MORTLK11,0
D,DISPATCH,UNIT_SCADA,1,"2019/08/22 03:15:00",MORTLK12,0
D,DISPATCH,UNIT_SCADA,1,"2019/08/22 03:15:00",MP1,281.724980
D,DISPATCH,UNIT_SCADA,1,"2019/08/22 03:15:00",MP2,0
D,DISPATCH,UNIT_SCADA,1,"2019/08/22 03:15:00",MPP_1,400.75
D,DISPATCH,UNIT_SCADA,1,"2019/08/22 03:15:00",MPP_2,409.25
D,DISPATCH,UNIT_SCADA,1,"2019/08/22 03:15:00",MSTUART1,0
D,DISPATCH,UNIT_SCADA,1,"2019/08/22 03:15:00",MSTUART2,0
D,DISPATCH,UNIT_SCADA,1,"2019/08/22 03:15:00",MSTUART3,0
D,DISPATCH,UNIT_SCADA,1,"2019/08/22 03:15:00",MTGELWF1,65.463730
D,DISPATCH,UNIT_SCADA,1,"2019/08/22 03:15:00",MURRAY,0
D,DISPATCH,UNIT_SCADA,1,"2019/08/22 03:15:00",MUSSELR1,134.899990
D,DISPATCH,UNIT_SCADA,1,"2019/08/22 03:15:00",MUWAWF1,56
D,DISPATCH,UNIT_SCADA,1,"2019/08/22 03:15:00",NBHWF1,73.10
D,DISPATCH,UNIT_SCADA,1,"2019/08/22 03:15:00",NPS,0
D,DISPATCH,UNIT_SCADA,1,"2019/08/22 03:15:00",NUMURSF1,0
D,DISPATCH,UNIT_SCADA,1,"2019/08/22 03:15:00",NYNGAN1,0
D,DISPATCH,UNIT_SCADA,1,"2019/08/22 03:15:00",OAKEY1,0
D,DISPATCH,UNIT_SCADA,1,"2019/08/22 03:15:00",OAKEY1SF,0
D,DISPATCH,UNIT_SCADA,1,"2019/08/22 03:15:00",OAKEY2,0
D,DISPATCH,UNIT_SCADA,1,"2019/08/22 03:15:00",OAKLAND1,61.60
D,DISPATCH,UNIT_SCADA,1,"2019/08/22 03:15:00",OSB-AG,0
D,DISPATCH,UNIT_SCADA,1,"2019/08/22 03:15:00",PARSF1,0
D,DISPATCH,UNIT_SCADA,1,"2019/08/22 03:15:00",POAT110,0
D,DISPATCH,UNIT_SCADA,1,"2019/08/22 03:15:00",POAT220,1.06
D,DISPATCH,UNIT_SCADA,1,"2019/08/22 03:15:00",POR01,0
D,DISPATCH,UNIT_SCADA,1,"2019/08/22 03:15:00",POR03,0
D,DISPATCH,UNIT_SCADA,1,"2019/08/22 03:15:00",PPCCGT,172.8811
D,DISPATCH,UNIT_SCADA,1,"2019/08/22 03:15:00",PTSTAN1,0
D,DISPATCH,UNIT_SCADA,1,"2019/08/22 03:15:00",PUMP1,0
D,DISPATCH,UNIT_SCADA,1,"2019/08/22 03:15:00",PUMP2,0
D,DISPATCH,UNIT_SCADA,1,"2019/08/22 03:15:00",QPS1,0
D,DISPATCH,UNIT_SCADA,1,"2019/08/22 03:15:00",QPS2,0
D,DISPATCH,UNIT_SCADA,1,"2019/08/22 03:15:00",QPS3,0
D,DISPATCH,UNIT_SCADA,1,"2019/08/22 03:15:00",QPS4,0
D,DISPATCH,UNIT_SCADA,1,"2019/08/22 03:15:00",QPS5,0
D,DISPATCH,UNIT_SCADA,1,"2019/08/22 03:15:00",REECE1,119.540010
D,DISPATCH,UNIT_SCADA,1,"2019/08/22 03:15:00",REECE2,118.770010
D,DISPATCH,UNIT_SCADA,1,"2019/08/22 03:15:00",ROMA_7,0
D,DISPATCH,UNIT_SCADA,1,"2019/08/22 03:15:00",ROMA_8,0
D,DISPATCH,UNIT_SCADA,1,"2019/08/22 03:15:00",RRSF1,0
D,DISPATCH,UNIT_SCADA,1,"2019/08/22 03:15:00",RT_NSW1,0
D,DISPATCH,UNIT_SCADA,1,"2019/08/22 03:15:00",RT_NSW2,0
D,DISPATCH,UNIT_SCADA,1,"2019/08/22 03:15:00",RT_NSW3,0
D,DISPATCH,UNIT_SCADA,1,"2019/08/22 03:15:00",RT_NSW4,0
D,DISPATCH,UNIT_SCADA,1,"2019/08/22 03:15:00",RT_NSW5,0
D,DISPATCH,UNIT_SCADA,1,"2019/08/22 03:15:00",RT_NSW6,0
D,DISPATCH,UNIT_SCADA,1,"2019/08/22 03:15:00",RT_QLD1,0
D,DISPATCH,UNIT_SCADA,1,"2019/08/22 03:15:00",RT_SA1,0
D,DISPATCH,UNIT_SCADA,1,"2019/08/22 03:15:00",RT_SA2,0
D,DISPATCH,UNIT_SCADA,1,"2019/08/22 03:15:00",RT_SA3,0
D,DISPATCH,UNIT_SCADA,1,"2019/08/22 03:15:00",RT_SA4,0
D,DISPATCH,UNIT_SCADA,1,"2019/08/22 03:15:00",RT_SA5,0
D,DISPATCH,UNIT_SCADA,1,"2019/08/22 03:15:00",RT_SA6,0
D,DISPATCH,UNIT_SCADA,1,"2019/08/22 03:15:00",RT_TAS1,0
D,DISPATCH,UNIT_SCADA,1,"2019/08/22 03:15:00",RT_VIC1,0
D,DISPATCH,UNIT_SCADA,1,"2019/08/22 03:15:00",RT_VIC10,0
D,DISPATCH,UNIT_SCADA,1,"2019/08/22 03:15:00",RT_VIC11,0
D,DISPATCH,UNIT_SCADA,1,"2019/08/22 03:15:00",RT_VIC12,0
D,DISPATCH,UNIT_SCADA,1,"2019/08/22 03:15:00",RT_VIC2,0
D,DISPATCH,UNIT_SCADA,1,"2019/08/22 03:15:00",RT_VIC3,0
D,DISPATCH,UNIT_SCADA,1,"2019/08/22 03:15:00",RT_VIC4,0
D,DISPATCH,UNIT_SCADA,1,"2019/08/22 03:15:00",RT_VIC5,0
D,DISPATCH,UNIT_SCADA,1,"2019/08/22 03:15:00",RT_VIC6,0
D,DISPATCH,UNIT_SCADA,1,"2019/08/22 03:15:00",RT_VIC7,0
D,DISPATCH,UNIT_SCADA,1,"2019/08/22 03:15:00",RT_VIC8,0
D,DISPATCH,UNIT_SCADA,1,"2019/08/22 03:15:00",RT_VIC9,0
D,DISPATCH,UNIT_SCADA,1,"2019/08/22 03:15:00",RUGBYR1,0
D,DISPATCH,UNIT_SCADA,1,"2019/08/22 03:15:00",SALTCRK1,52.16
D,DISPATCH,UNIT_SCADA,1,"2019/08/22 03:15:00",SAPHWF1,222.665650
D,DISPATCH,UNIT_SCADA,1,"2019/08/22 03:15:00",SHGEN,0
D,DISPATCH,UNIT_SCADA,1,"2019/08/22 03:15:00",SHPUMP,121.790630
D,DISPATCH,UNIT_SCADA,1,"2019/08/22 03:15:00",SITHE01,0.043330
D,DISPATCH,UNIT_SCADA,1,"2019/08/22 03:15:00",SMCSF1,0
D,DISPATCH,UNIT_SCADA,1,"2019/08/22 03:15:00",SNOWNTH1,48.30
D,DISPATCH,UNIT_SCADA,1,"2019/08/22 03:15:00",SNOWSTH1,35.40
D,DISPATCH,UNIT_SCADA,1,"2019/08/22 03:15:00",SNOWTWN1,25.744940
D,DISPATCH,UNIT_SCADA,1,"2019/08/22 03:15:00",SNOWYP,190.30
D,DISPATCH,UNIT_SCADA,1,"2019/08/22 03:15:00",SNUG1,0.019440
D,DISPATCH,UNIT_SCADA,1,"2019/08/22 03:15:00",SRSF1,0.44
D,DISPATCH,UNIT_SCADA,1,"2019/08/22 03:15:00",STAN-1,0
D,DISPATCH,UNIT_SCADA,1,"2019/08/22 03:15:00",STAN-2,177.7957
D,DISPATCH,UNIT_SCADA,1,"2019/08/22 03:15:00",STAN-3,218.453770
D,DISPATCH,UNIT_SCADA,1,"2019/08/22 03:15:00",STAN-4,189.959790
D,DISPATCH,UNIT_SCADA,1,"2019/08/22 03:15:00",STWF1,184.218750
D,DISPATCH,UNIT_SCADA,1,"2019/08/22 03:15:00",SWAN_E,0
D,DISPATCH,UNIT_SCADA,1,"2019/08/22 03:15:00",TALWA1,190
D,DISPATCH,UNIT_SCADA,1,"2019/08/22 03:15:00",TARALGA1,19.218740
D,DISPATCH,UNIT_SCADA,1,"2019/08/22 03:15:00",TARONG#1,277.600010
D,DISPATCH,UNIT_SCADA,1,"2019/08/22 03:15:00",TARONG#2,226
D,DISPATCH,UNIT_SCADA,1,"2019/08/22 03:15:00",TARONG#3,261.300020
D,DISPATCH,UNIT_SCADA,1,"2019/08/22 03:15:00",TARONG#4,280.50
D,DISPATCH,UNIT_SCADA,1,"2019/08/22 03:15:00",TARRALEA,83.90
D,DISPATCH,UNIT_SCADA,1,"2019/08/22 03:15:00",TBSF1,-0.20
D,DISPATCH,UNIT_SCADA,1,"2019/08/22 03:15:00",TNPS1,399.400020
D,DISPATCH,UNIT_SCADA,1,"2019/08/22 03:15:00",TORRA1,38.617570
D,DISPATCH,UNIT_SCADA,1,"2019/08/22 03:15:00",TORRA2,0
D,DISPATCH,UNIT_SCADA,1,"2019/08/22 03:15:00",TORRA3,0
D,DISPATCH,UNIT_SCADA,1,"2019/08/22 03:15:00",TORRA4,0
D,DISPATCH,UNIT_SCADA,1,"2019/08/22 03:15:00",TORRB1,41.29
D,DISPATCH,UNIT_SCADA,1,"2019/08/22 03:15:00",TORRB2,40.63
D,DISPATCH,UNIT_SCADA,1,"2019/08/22 03:15:00",TORRB3,0
D,DISPATCH,UNIT_SCADA,1,"2019/08/22 03:15:00",TORRB4,0
D,DISPATCH,UNIT_SCADA,1,"2019/08/22 03:15:00",TREVALLN,0.80
D,DISPATCH,UNIT_SCADA,1,"2019/08/22 03:15:00",TRIBUTE,0
D,DISPATCH,UNIT_SCADA,1,"2019/08/22 03:15:00",TUMUT3,0
D,DISPATCH,UNIT_SCADA,1,"2019/08/22 03:15:00",TUNGATIN,2.30
D,DISPATCH,UNIT_SCADA,1,"2019/08/22 03:15:00",TVCC201,0
D,DISPATCH,UNIT_SCADA,1,"2019/08/22 03:15:00",TVPP104,0
D,DISPATCH,UNIT_SCADA,1,"2019/08/22 03:15:00",UPPTUMUT,0
D,DISPATCH,UNIT_SCADA,1,"2019/08/22 03:15:00",URANQ11,0
D,DISPATCH,UNIT_SCADA,1,"2019/08/22 03:15:00",URANQ12,0
D,DISPATCH,UNIT_SCADA,1,"2019/08/22 03:15:00",URANQ13,0
D,DISPATCH,UNIT_SCADA,1,"2019/08/22 03:15:00",URANQ14,0
D,DISPATCH,UNIT_SCADA,1,"2019/08/22 03:15:00",VP5,288.8750
D,DISPATCH,UNIT_SCADA,1,"2019/08/22 03:15:00",VP6,262.175020
D,DISPATCH,UNIT_SCADA,1,"2019/08/22 03:15:00",VPGS1,0
D,DISPATCH,UNIT_SCADA,1,"2019/08/22 03:15:00",VPGS2,0
D,DISPATCH,UNIT_SCADA,1,"2019/08/22 03:15:00",VPGS3,0
D,DISPATCH,UNIT_SCADA,1,"2019/08/22 03:15:00",VPGS4,0
D,DISPATCH,UNIT_SCADA,1,"2019/08/22 03:15:00",VPGS5,0
D,DISPATCH,UNIT_SCADA,1,"2019/08/22 03:15:00",VPGS6,0
D,DISPATCH,UNIT_SCADA,1,"2019/08/22 03:15:00",W/HOE#1,0
D,DISPATCH,UNIT_SCADA,1,"2019/08/22 03:15:00",W/HOE#2,0
D,DISPATCH,UNIT_SCADA,1,"2019/08/22 03:15:00",WATERLWF,103.60
D,DISPATCH,UNIT_SCADA,1,"2019/08/22 03:15:00",WEMENSF1,0
D,DISPATCH,UNIT_SCADA,1,"2019/08/22 03:15:00",WGWF1,84.70
D,DISPATCH,UNIT_SCADA,1,"2019/08/22 03:15:00",WHITSF1,0
D,DISPATCH,UNIT_SCADA,1,"2019/08/22 03:15:00",WKIEWA1,17
D,DISPATCH,UNIT_SCADA,1,"2019/08/22 03:15:00",WKIEWA2,17
D,DISPATCH,UNIT_SCADA,1,"2019/08/22 03:15:00",WOODLWN1,42.5970
D,DISPATCH,UNIT_SCADA,1,"2019/08/22 03:15:00",WRSF1,0
D,DISPATCH,UNIT_SCADA,1,"2019/08/22 03:15:00",WRWF1,150.218750
D,DISPATCH,UNIT_SCADA,1,"2019/08/22 03:15:00",YABULU,0
D,DISPATCH,UNIT_SCADA,1,"2019/08/22 03:15:00",YABULU2,0
D,DISPATCH,UNIT_SCADA,1,"2019/08/22 03:15:00",YARWUN_1,0
D,DISPATCH,UNIT_SCADA,1,"2019/08/22 03:15:00",YENDWF1,42.06
D,DISPATCH,UNIT_SCADA,1,"2019/08/22 03:15:00",YWPS1,303.255710
D,DISPATCH,UNIT_SCADA,1,"2019/08/22 03:15:00",YWPS2,282.7038
D,DISPATCH,UNIT_SCADA,1,"2019/08/22 03:15:00",YWPS3,0
D,DISPATCH,UNIT_SCADA,1,"2019/08/22 03:15:00",YWPS4,395.520260
C,"END OF REPORT",334
