C,NEMP.WORLD,DISPATCHSCADA,AEMO,PUBLIC,2019/08/20,14:05:08,0000000311788932,DISPATCHSCADA,0000000311788926
I,DISPATCH,UNIT_SCADA,1,SETTLEMENTDATE,DUID,SCADAVALUE
D,DISPATCH,UNIT_SCADA,1,"2019/08/20 14:10:00",BARCSF1,18.50
D,DISPATCH,UNIT_SCADA,1,"2019/08/20 14:10:00",BUTLERSG,9.799998
D,DISPATCH,UNIT_SCADA,1,"2019/08/20 14:10:00",CALL_A_4,0
D,DISPATCH,UNIT_SCADA,1,"2019/08/20 14:10:00",CAPTL_WF,131.136002
D,DISPATCH,UNIT_SCADA,1,"2019/08/20 14:10:00",CATHROCK,44.349998
D,DISPATCH,UNIT_SCADA,1,"2019/08/20 14:10:00",CHALLHWF,35.099998
D,DISPATCH,UNIT_SCADA,1,"2019/08/20 14:10:00",CLOVER,0
D,DISPATCH,UNIT_SCADA,1,"2019/08/20 14:10:00",CLUNY,17.287708
D,DISPATCH,UNIT_SCADA,1,"2019/08/20 14:10:00",CNUNDAWF,41.148003
D,DISPATCH,UNIT_SCADA,1,"2019/08/20 14:10:00",CULLRGWF,30.33
D,DISPATCH,UNIT_SCADA,1,"2019/08/20 14:10:00",ERGT01,0
D,DISPATCH,UNIT_SCADA,1,"2019/08/20 14:10:00",GB01,0.070240
D,DISPATCH,UNIT_SCADA,1,"2019/08/20 14:10:00",GERMCRK,33.599998
D,DISPATCH,UNIT_SCADA,1,"2019/08/20 14:10:00",GRIFSF1,23.399994
D,DISPATCH,UNIT_SCADA,1,"2019/08/20 14:10:00",HUGSF1,8.9890
D,DISPATCH,UNIT_SCADA,1,"2019/08/20 14:10:00",LKBONNY1,74.037460
D,DISPATCH,UNIT_SCADA,1,"2019/08/20 14:10:00",LRSF1,8.6440
D,DISPATCH,UNIT_SCADA,1,"2019/08/20 14:10:00",MBAHNTH,52.856247
D,DISPATCH,UNIT_SCADA,1,"2019/08/20 14:10:00",MLSP1,9.961001
D,DISPATCH,UNIT_SCADA,1,"2019/08/20 14:10:00",MLWF1,19.709999
D,DISPATCH,UNIT_SCADA,1,"2019/08/20 14:10:00",MTMILLAR,27.250082
D,DISPATCH,UNIT_SCADA,1,"2019/08/20 14:10:00",PALOONA,7.93
D,DISPATCH,UNIT_SCADA,1,"2019/08/20 14:10:00",PIONEER,11.50
D,DISPATCH,UNIT_SCADA,1,"2019/08/20 14:10:00",PORTWF,135
D,DISPATCH,UNIT_SCADA,1,"2019/08/20 14:10:00",REPULSE,29.559166
D,DISPATCH,UNIT_SCADA,1,"2019/08/20 14:10:00",ROWALLAN,9.8264
D,DISPATCH,UNIT_SCADA,1,"2019/08/20 14:10:00",ROYALLA1,16.683001
D,DISPATCH,UNIT_SCADA,1,"2019/08/20 14:10:00",RPCG,10.90
D,DISPATCH,UNIT_SCADA,1,"2019/08/20 14:10:00",RUBICON,0
D,DISPATCH,UNIT_SCADA,1,"2019/08/20 14:10:00",SATGN1,0
D,DISPATCH,UNIT_SCADA,1,"2019/08/20 14:10:00",SATGS1,0
D,DISPATCH,UNIT_SCADA,1,"2019/08/20 14:10:00",STARHLWF,27.292042
D,DISPATCH,UNIT_SCADA,1,"2019/08/20 14:10:00",WAUBRAWF,123.302002
D,DISPATCH,UNIT_SCADA,1,"2019/08/20 14:10:00",WOOLNTH1,116.040024
D,DISPATCH,UNIT_SCADA,1,"2019/08/20 14:10:00",WPWF,52
D,DISPATCH,UNIT_SCADA,1,"2019/08/20 14:10:00",YAMBUKWF,29.60
D,DISPATCH,UNIT_SCADA,1,"2019/08/20 14:10:00",YSWF1,28.50
D,DISPATCH,UNIT_SCADA,1,"2019/08/20 14:10:00",AGLHAL,0
D,DISPATCH,UNIT_SCADA,1,"2019/08/20 14:10:00",AGLSOM,0
D,DISPATCH,UNIT_SCADA,1,"2019/08/20 14:10:00",ANGAST1,0
D,DISPATCH,UNIT_SCADA,1,"2019/08/20 14:10:00",ARWF1,149.200010
D,DISPATCH,UNIT_SCADA,1,"2019/08/20 14:10:00",BALBG1,19.11
D,DISPATCH,UNIT_SCADA,1,"2019/08/20 14:10:00",BALBL1,0
D,DISPATCH,UNIT_SCADA,1,"2019/08/20 14:10:00",BALDHWF1,103.44
D,DISPATCH,UNIT_SCADA,1,"2019/08/20 14:10:00",BANN1,59.09
D,DISPATCH,UNIT_SCADA,1,"2019/08/20 14:10:00",BARCALDN,0
D,DISPATCH,UNIT_SCADA,1,"2019/08/20 14:10:00",BARRON-1,0
D,DISPATCH,UNIT_SCADA,1,"2019/08/20 14:10:00",BARRON-2,25.64
D,DISPATCH,UNIT_SCADA,1,"2019/08/20 14:10:00",BASTYAN,80.62
D,DISPATCH,UNIT_SCADA,1,"2019/08/20 14:10:00",BBTHREE1,-1.93
D,DISPATCH,UNIT_SCADA,1,"2019/08/20 14:10:00",BBTHREE2,-2
D,DISPATCH,UNIT_SCADA,1,"2019/08/20 14:10:00",BBTHREE3,-1.07
D,DISPATCH,UNIT_SCADA,1,"2019/08/20 14:10:00",BDL01,0
D,DISPATCH,UNIT_SCADA,1,"2019/08/20 14:10:00",BDL02,0
D,DISPATCH,UNIT_SCADA,1,"2019/08/20 14:10:00",BERYLSF1,79.450030
D,DISPATCH,UNIT_SCADA,1,"2019/08/20 14:10:00",BLOWERNG,0
D,DISPATCH,UNIT_SCADA,1,"2019/08/20 14:10:00",BLUFF1,37.80
D,DISPATCH,UNIT_SCADA,1,"2019/08/20 14:10:00",BNGSF1,71.16
D,DISPATCH,UNIT_SCADA,1,"2019/08/20 14:10:00",BNGSF2,19.97
D,DISPATCH,UNIT_SCADA,1,"2019/08/20 14:10:00",BOCORWF1,107.72
D,DISPATCH,UNIT_SCADA,1,"2019/08/20 14:10:00",BODWF1,67.177470
D,DISPATCH,UNIT_SCADA,1,"2019/08/20 14:10:00",BRAEMAR1,0
D,DISPATCH,UNIT_SCADA,1,"2019/08/20 14:10:00",BRAEMAR2,0
D,DISPATCH,UNIT_SCADA,1,"2019/08/20 14:10:00",BRAEMAR3,0
D,DISPATCH,UNIT_SCADA,1,"2019/08/20 14:10:00",BRAEMAR5,0
D,DISPATCH,UNIT_SCADA,1,"2019/08/20 14:10:00",BRAEMAR6,0
D,DISPATCH,UNIT_SCADA,1,"2019/08/20 14:10:00",BRAEMAR7,0
D,DISPATCH,UNIT_SCADA,1,"2019/08/20 14:10:00",BROKENH1,52.938960
D,DISPATCH,UNIT_SCADA,1,"2019/08/20 14:10:00",BW01,352.525020
D,DISPATCH,UNIT_SCADA,1,"2019/08/20 14:10:00",BW02,412.8750
D,DISPATCH,UNIT_SCADA,1,"2019/08/20 14:10:00",BW03,465.349980
D,DISPATCH,UNIT_SCADA,1,"2019/08/20 14:10:00",BW04,0
D,DISPATCH,UNIT_SCADA,1,"2019/08/20 14:10:00",CALL_B_1,350.200010
D,DISPATCH,UNIT_SCADA,1,"2019/08/20 14:10:00",CALL_B_2,281.50
D,DISPATCH,UNIT_SCADA,1,"2019/08/20 14:10:00",CETHANA,93.8735
D,DISPATCH,UNIT_SCADA,1,"2019/08/20 14:10:00",CG1,0
D,DISPATCH,UNIT_SCADA,1,"2019/08/20 14:10:00",CG2,0
D,DISPATCH,UNIT_SCADA,1,"2019/08/20 14:10:00",CG3,0
D,DISPATCH,UNIT_SCADA,1,"2019/08/20 14:10:00",CG4,0
D,DISPATCH,UNIT_SCADA,1,"2019/08/20 14:10:00",CHILDSF1,40.05
D,DISPATCH,UNIT_SCADA,1,"2019/08/20 14:10:00",CLARESF1,43.476990
D,DISPATCH,UNIT_SCADA,1,"2019/08/20 14:10:00",CLEMGPWF,36.881930
D,DISPATCH,UNIT_SCADA,1,"2019/08/20 14:10:00",CLERMSF1,15.06
D,DISPATCH,UNIT_SCADA,1,"2019/08/20 14:10:00",COLEASF1,102.899990
D,DISPATCH,UNIT_SCADA,1,"2019/08/20 14:10:00",COOPGWF1,24.117180
D,DISPATCH,UNIT_SCADA,1,"2019/08/20 14:10:00",CPP_3,293.975010
D,DISPATCH,UNIT_SCADA,1,"2019/08/20 14:10:00",CPP_4,294.25
D,DISPATCH,UNIT_SCADA,1,"2019/08/20 14:10:00",CPSA,143.595630
D,DISPATCH,UNIT_SCADA,1,"2019/08/20 14:10:00",CROOKWF2,86.323750
D,DISPATCH,UNIT_SCADA,1,"2019/08/20 14:10:00",CROWLWF1,54.962180
D,DISPATCH,UNIT_SCADA,1,"2019/08/20 14:10:00",CSPVPS1,32.0160
D,DISPATCH,UNIT_SCADA,1,"2019/08/20 14:10:00",DALNTH01,0
D,DISPATCH,UNIT_SCADA,1,"2019/08/20 14:10:00",DALNTHL1,0.090030
D,DISPATCH,UNIT_SCADA,1,"2019/08/20 14:10:00",DARTM1,0
D,DISPATCH,UNIT_SCADA,1,"2019/08/20 14:10:00",DAYDSF1,108.804010
D,DISPATCH,UNIT_SCADA,1,"2019/08/20 14:10:00",DDPS1,0
D,DISPATCH,UNIT_SCADA,1,"2019/08/20 14:10:00",DDSF1,101.695490
D,DISPATCH,UNIT_SCADA,1,"2019/08/20 14:10:00",DEVILS_G,0
D,DISPATCH,UNIT_SCADA,1,"2019/08/20 14:10:00",DG_NSW1,0
D,DISPATCH,UNIT_SCADA,1,"2019/08/20 14:10:00",DG_QLD1,0
D,DISPATCH,UNIT_SCADA,1,"2019/08/20 14:10:00",DG_SA1,0
D,DISPATCH,UNIT_SCADA,1,"2019/08/20 14:10:00",DG_TAS1,0
D,DISPATCH,UNIT_SCADA,1,"2019/08/20 14:10:00",DG_VIC1,0
D,DISPATCH,UNIT_SCADA,1,"2019/08/20 14:10:00",DRYCGT1,0
D,DISPATCH,UNIT_SCADA,1,"2019/08/20 14:10:00",DRYCGT2,0
D,DISPATCH,UNIT_SCADA,1,"2019/08/20 14:10:00",DRYCGT3,0
D,DISPATCH,UNIT_SCADA,1,"2019/08/20 14:10:00",EILDON1,0
D,DISPATCH,UNIT_SCADA,1,"2019/08/20 14:10:00",EILDON2,0
D,DISPATCH,UNIT_SCADA,1,"2019/08/20 14:10:00",EMERASF1,65.939990
D,DISPATCH,UNIT_SCADA,1,"2019/08/20 14:10:00",ER01,363.574950
D,DISPATCH,UNIT_SCADA,1,"2019/08/20 14:10:00",ER02,362.549930
D,DISPATCH,UNIT_SCADA,1,"2019/08/20 14:10:00",ER03,699.425050
D,DISPATCH,UNIT_SCADA,1,"2019/08/20 14:10:00",ER04,362.775020
D,DISPATCH,UNIT_SCADA,1,"2019/08/20 14:10:00",FINLYSF1,0
D,DISPATCH,UNIT_SCADA,1,"2019/08/20 14:10:00",FISHER,45.89
D,DISPATCH,UNIT_SCADA,1,"2019/08/20 14:10:00",GANNBG1,0
D,DISPATCH,UNIT_SCADA,1,"2019/08/20 14:10:00",GANNBL1,0.035260
D,DISPATCH,UNIT_SCADA,1,"2019/08/20 14:10:00",GANNSF1,15.60
D,DISPATCH,UNIT_SCADA,1,"2019/08/20 14:10:00",GORDON,0
D,DISPATCH,UNIT_SCADA,1,"2019/08/20 14:10:00",GSTONE1,109.90
D,DISPATCH,UNIT_SCADA,1,"2019/08/20 14:10:00",GSTONE2,109.7250
D,DISPATCH,UNIT_SCADA,1,"2019/08/20 14:10:00",GSTONE3,110.25
D,DISPATCH,UNIT_SCADA,1,"2019/08/20 14:10:00",GSTONE4,136.149990
D,DISPATCH,UNIT_SCADA,1,"2019/08/20 14:10:00",GSTONE5,135.974990
D,DISPATCH,UNIT_SCADA,1,"2019/08/20 14:10:00",GSTONE6,0
D,DISPATCH,UNIT_SCADA,1,"2019/08/20 14:10:00",GULLRSF1,9.901760
D,DISPATCH,UNIT_SCADA,1,"2019/08/20 14:10:00",GULLRWF1,147.236480
D,DISPATCH,UNIT_SCADA,1,"2019/08/20 14:10:00",GUNNING1,44.290990
D,DISPATCH,UNIT_SCADA,1,"2019/08/20 14:10:00",GUTHEGA,0
D,DISPATCH,UNIT_SCADA,1,"2019/08/20 14:10:00",HALLWF1,65.92
D,DISPATCH,UNIT_SCADA,1,"2019/08/20 14:10:00",HALLWF2,49.19
D,DISPATCH,UNIT_SCADA,1,"2019/08/20 14:10:00",HAMISF1,45.10
D,DISPATCH,UNIT_SCADA,1,"2019/08/20 14:10:00",HAUGHT11,50.046970
D,DISPATCH,UNIT_SCADA,1,"2019/08/20 14:10:00",HAYMSF1,38.1650
D,DISPATCH,UNIT_SCADA,1,"2019/08/20 14:10:00",HDWF1,72.80
D,DISPATCH,UNIT_SCADA,1,"2019/08/20 14:10:00",HDWF2,69.50
D,DISPATCH,UNIT_SCADA,1,"2019/08/20 14:10:00",HDWF3,75.50
D,DISPATCH,UNIT_SCADA,1,"2019/08/20 14:10:00",HPRG1,22.20
D,DISPATCH,UNIT_SCADA,1,"2019/08/20 14:10:00",HPRL1,0
D,DISPATCH,UNIT_SCADA,1,"2019/08/20 14:10:00",HUMENSW,0
D,DISPATCH,UNIT_SCADA,1,"2019/08/20 14:10:00",HUMEV,9.10
D,DISPATCH,UNIT_SCADA,1,"2019/08/20 14:10:00",HVGTS,0
D,DISPATCH,UNIT_SCADA,1,"2019/08/20 14:10:00",JBUTTERS,138.92
D,DISPATCH,UNIT_SCADA,1,"2019/08/20 14:10:00",JLA01,0.50
D,DISPATCH,UNIT_SCADA,1,"2019/08/20 14:10:00",JLA02,0
D,DISPATCH,UNIT_SCADA,1,"2019/08/20 14:10:00",JLA03,0.10
D,DISPATCH,UNIT_SCADA,1,"2019/08/20 14:10:00",JLA04,0.10
D,DISPATCH,UNIT_SCADA,1,"2019/08/20 14:10:00",JLB01,0
D,DISPATCH,UNIT_SCADA,1,"2019/08/20 14:10:00",JLB02,0.10
D,DISPATCH,UNIT_SCADA,1,"2019/08/20 14:10:00",JLB03,0
D,DISPATCH,UNIT_SCADA,1,"2019/08/20 14:10:00",KAREEYA1,21.5275
D,DISPATCH,UNIT_SCADA,1,"2019/08/20 14:10:00",KAREEYA2,21.7150
D,DISPATCH,UNIT_SCADA,1,"2019/08/20 14:10:00",KAREEYA3,0
D,DISPATCH,UNIT_SCADA,1,"2019/08/20 14:10:00",KAREEYA4,21.6925
D,DISPATCH,UNIT_SCADA,1,"2019/08/20 14:10:00",KARSF1,45.30
D,DISPATCH,UNIT_SCADA,1,"2019/08/20 14:10:00",KIATAWF1,30.90
D,DISPATCH,UNIT_SCADA,1,"2019/08/20 14:10:00",KPP_1,0
D,DISPATCH,UNIT_SCADA,1,"2019/08/20 14:10:00",KSP1,47.02
D,DISPATCH,UNIT_SCADA,1,"2019/08/20 14:10:00",LADBROK1,0
D,DISPATCH,UNIT_SCADA,1,"2019/08/20 14:10:00",LADBROK2,0
D,DISPATCH,UNIT_SCADA,1,"2019/08/20 14:10:00",LD01,381.506290
D,DISPATCH,UNIT_SCADA,1,"2019/08/20 14:10:00",LD02,381.018770
D,DISPATCH,UNIT_SCADA,1,"2019/08/20 14:10:00",LD03,377.3063
D,DISPATCH,UNIT_SCADA,1,"2019/08/20 14:10:00",LD04,345.206270
D,DISPATCH,UNIT_SCADA,1,"2019/08/20 14:10:00",LEM_WIL,85.503950
D,DISPATCH,UNIT_SCADA,1,"2019/08/20 14:10:00",LGAPWF1,0
D,DISPATCH,UNIT_SCADA,1,"2019/08/20 14:10:00",LILYSF1,95.420410
D,DISPATCH,UNIT_SCADA,1,"2019/08/20 14:10:00",LI_WY_CA,148.215160
D,DISPATCH,UNIT_SCADA,1,"2019/08/20 14:10:00",LKBONNY2,110.307510
D,DISPATCH,UNIT_SCADA,1,"2019/08/20 14:10:00",LKBONNY3,27.1295
D,DISPATCH,UNIT_SCADA,1,"2019/08/20 14:10:00",LK_ECHO,0
D,DISPATCH,UNIT_SCADA,1,"2019/08/20 14:10:00",LNGS1,0
D,DISPATCH,UNIT_SCADA,1,"2019/08/20 14:10:00",LNGS2,0
D,DISPATCH,UNIT_SCADA,1,"2019/08/20 14:10:00",LONSDALE,0
D,DISPATCH,UNIT_SCADA,1,"2019/08/20 14:10:00",LOYYB1,536.088620
D,DISPATCH,UNIT_SCADA,1,"2019/08/20 14:10:00",LOYYB2,583.834170
D,DISPATCH,UNIT_SCADA,1,"2019/08/20 14:10:00",LYA1,560
D,DISPATCH,UNIT_SCADA,1,"2019/08/20 14:10:00",LYA2,0
D,DISPATCH,UNIT_SCADA,1,"2019/08/20 14:10:00",LYA3,561
D,DISPATCH,UNIT_SCADA,1,"2019/08/20 14:10:00",LYA4,540
D,DISPATCH,UNIT_SCADA,1,"2019/08/20 14:10:00",MACARTH1,392.290950
D,DISPATCH,UNIT_SCADA,1,"2019/08/20 14:10:00",MACKAYGT,0
D,DISPATCH,UNIT_SCADA,1,"2019/08/20 14:10:00",MACKNTSH,85.560010
D,DISPATCH,UNIT_SCADA,1,"2019/08/20 14:10:00",MANSLR1,36.4490
D,DISPATCH,UNIT_SCADA,1,"2019/08/20 14:10:00",MCKAY1,0.02
D,DISPATCH,UNIT_SCADA,1,"2019/08/20 14:10:00",MEADOWBK,34.0102
D,DISPATCH,UNIT_SCADA,1,"2019/08/20 14:10:00",MERCER01,121.325010
D,DISPATCH,UNIT_SCADA,1,"2019/08/20 14:10:00",MEWF1,61.450240
D,DISPATCH,UNIT_SCADA,1,"2019/08/20 14:10:00",MINTARO,0
D,DISPATCH,UNIT_SCADA,1,"2019/08/20 14:10:00",MOREESF1,49.5260
D,DISPATCH,UNIT_SCADA,1,"2019/08/20 14:10:00",MORTLK11,131
D,DISPATCH,UNIT_SCADA,1,"2019/08/20 14:10:00",MORTLK12,0
D,DISPATCH,UNIT_SCADA,1,"2019/08/20 14:10:00",MP1,278.2251
D,DISPATCH,UNIT_SCADA,1,"2019/08/20 14:10:00",MP2,0
D,DISPATCH,UNIT_SCADA,1,"2019/08/20 14:10:00",MPP_1,343.75
D,DISPATCH,UNIT_SCADA,1,"2019/08/20 14:10:00",MPP_2,383.50
D,DISPATCH,UNIT_SCADA,1,"2019/08/20 14:10:00",MSTUART1,0
D,DISPATCH,UNIT_SCADA,1,"2019/08/20 14:10:00",MSTUART2,0
D,DISPATCH,UNIT_SCADA,1,"2019/08/20 14:10:00",MSTUART3,0
D,DISPATCH,UNIT_SCADA,1,"2019/08/20 14:10:00",MTGELWF1,64.42
D,DISPATCH,UNIT_SCADA,1,"2019/08/20 14:10:00",MURRAY,12.6696
D,DISPATCH,UNIT_SCADA,1,"2019/08/20 14:10:00",MUSSELR1,5.20
D,DISPATCH,UNIT_SCADA,1,"2019/08/20 14:10:00",MUWAWF1,55.88
D,DISPATCH,UNIT_SCADA,1,"2019/08/20 14:10:00",NBHWF1,83.100010
D,DISPATCH,UNIT_SCADA,1,"2019/08/20 14:10:00",NPS,0
D,DISPATCH,UNIT_SCADA,1,"2019/08/20 14:10:00",NUMURSF1,25.66
D,DISPATCH,UNIT_SCADA,1,"2019/08/20 14:10:00",NYNGAN1,96.25
D,DISPATCH,UNIT_SCADA,1,"2019/08/20 14:10:00",OAKEY1,0
D,DISPATCH,UNIT_SCADA,1,"2019/08/20 14:10:00",OAKEY1SF,23.5620
D,DISPATCH,UNIT_SCADA,1,"2019/08/20 14:10:00",OAKEY2,0
D,DISPATCH,UNIT_SCADA,1,"2019/08/20 14:10:00",OAKLAND1,58.30
D,DISPATCH,UNIT_SCADA,1,"2019/08/20 14:10:00",OSB-AG,139.929990
D,DISPATCH,UNIT_SCADA,1,"2019/08/20 14:10:00",PARSF1,29.50
D,DISPATCH,UNIT_SCADA,1,"2019/08/20 14:10:00",POAT110,0
D,DISPATCH,UNIT_SCADA,1,"2019/08/20 14:10:00",POAT220,1.30
D,DISPATCH,UNIT_SCADA,1,"2019/08/20 14:10:00",POR01,0
D,DISPATCH,UNIT_SCADA,1,"2019/08/20 14:10:00",POR03,0
D,DISPATCH,UNIT_SCADA,1,"2019/08/20 14:10:00",PPCCGT,125.232670
D,DISPATCH,UNIT_SCADA,1,"2019/08/20 14:10:00",PTSTAN1,0
D,DISPATCH,UNIT_SCADA,1,"2019/08/20 14:10:00",PUMP1,0
D,DISPATCH,UNIT_SCADA,1,"2019/08/20 14:10:00",PUMP2,235.349990
D,DISPATCH,UNIT_SCADA,1,"2019/08/20 14:10:00",QPS1,0
D,DISPATCH,UNIT_SCADA,1,"2019/08/20 14:10:00",QPS2,0
D,DISPATCH,UNIT_SCADA,1,"2019/08/20 14:10:00",QPS3,0
D,DISPATCH,UNIT_SCADA,1,"2019/08/20 14:10:00",QPS4,0
D,DISPATCH,UNIT_SCADA,1,"2019/08/20 14:10:00",QPS5,0
D,DISPATCH,UNIT_SCADA,1,"2019/08/20 14:10:00",REECE1,115.840010
D,DISPATCH,UNIT_SCADA,1,"2019/08/20 14:10:00",REECE2,116.090010
D,DISPATCH,UNIT_SCADA,1,"2019/08/20 14:10:00",ROMA_7,0
D,DISPATCH,UNIT_SCADA,1,"2019/08/20 14:10:00",ROMA_8,0
D,DISPATCH,UNIT_SCADA,1,"2019/08/20 14:10:00",RRSF1,109.003160
D,DISPATCH,UNIT_SCADA,1,"2019/08/20 14:10:00",RT_NSW1,0
D,DISPATCH,UNIT_SCADA,1,"2019/08/20 14:10:00",RT_NSW2,0
D,DISPATCH,UNIT_SCADA,1,"2019/08/20 14:10:00",RT_NSW3,0
D,DISPATCH,UNIT_SCADA,1,"2019/08/20 14:10:00",RT_NSW4,0
D,DISPATCH,UNIT_SCADA,1,"2019/08/20 14:10:00",RT_NSW5,0
D,DISPATCH,UNIT_SCADA,1,"2019/08/20 14:10:00",RT_NSW6,0
D,DISPATCH,UNIT_SCADA,1,"2019/08/20 14:10:00",RT_QLD1,0
D,DISPATCH,UNIT_SCADA,1,"2019/08/20 14:10:00",RT_SA1,0
D,DISPATCH,UNIT_SCADA,1,"2019/08/20 14:10:00",RT_SA2,0
D,DISPATCH,UNIT_SCADA,1,"2019/08/20 14:10:00",RT_SA3,0
D,DISPATCH,UNIT_SCADA,1,"2019/08/20 14:10:00",RT_SA4,0
D,DISPATCH,UNIT_SCADA,1,"2019/08/20 14:10:00",RT_SA5,0
D,DISPATCH,UNIT_SCADA,1,"2019/08/20 14:10:00",RT_SA6,0
D,DISPATCH,UNIT_SCADA,1,"2019/08/20 14:10:00",RT_TAS1,0
D,DISPATCH,UNIT_SCADA,1,"2019/08/20 14:10:00",RT_VIC1,0
D,DISPATCH,UNIT_SCADA,1,"2019/08/20 14:10:00",RT_VIC10,0
D,DISPATCH,UNIT_SCADA,1,"2019/08/20 14:10:00",RT_VIC11,0
D,DISPATCH,UNIT_SCADA,1,"2019/08/20 14:10:00",RT_VIC12,0
D,DISPATCH,UNIT_SCADA,1,"2019/08/20 14:10:00",RT_VIC2,0
D,DISPATCH,UNIT_SCADA,1,"2019/08/20 14:10:00",RT_VIC3,0
D,DISPATCH,UNIT_SCADA,1,"2019/08/20 14:10:00",RT_VIC4,0
D,DISPATCH,UNIT_SCADA,1,"2019/08/20 14:10:00",RT_VIC5,0
D,DISPATCH,UNIT_SCADA,1,"2019/08/20 14:10:00",RT_VIC6,0
D,DISPATCH,UNIT_SCADA,1,"2019/08/20 14:10:00",RT_VIC7,0
D,DISPATCH,UNIT_SCADA,1,"2019/08/20 14:10:00",RT_VIC8,0
D,DISPATCH,UNIT_SCADA,1,"2019/08/20 14:10:00",RT_VIC9,0
D,DISPATCH,UNIT_SCADA,1,"2019/08/20 14:10:00",RUGBYR1,45.121540
D,DISPATCH,UNIT_SCADA,1,"2019/08/20 14:10:00",SALTCRK1,52.27
D,DISPATCH,UNIT_SCADA,1,"2019/08/20 14:10:00",SAPHWF1,96.618740
D,DISPATCH,UNIT_SCADA,1,"2019/08/20 14:10:00",SHGEN,0
D,DISPATCH,UNIT_SCADA,1,"2019/08/20 14:10:00",SHPUMP,0
D,DISPATCH,UNIT_SCADA,1,"2019/08/20 14:10:00",SITHE01,0.005650
D,DISPATCH,UNIT_SCADA,1,"2019/08/20 14:10:00",SMCSF1,79.720540
D,DISPATCH,UNIT_SCADA,1,"2019/08/20 14:10:00",SNOWNTH1,99.40
D,DISPATCH,UNIT_SCADA,1,"2019/08/20 14:10:00",SNOWSTH1,86
D,DISPATCH,UNIT_SCADA,1,"2019/08/20 14:10:00",SNOWTWN1,67.223890
D,DISPATCH,UNIT_SCADA,1,"2019/08/20 14:10:00",SNOWYP,377.600010
D,DISPATCH,UNIT_SCADA,1,"2019/08/20 14:10:00",SNUG1,0.019440
D,DISPATCH,UNIT_SCADA,1,"2019/08/20 14:10:00",SRSF1,35.25
D,DISPATCH,UNIT_SCADA,1,"2019/08/20 14:10:00",STAN-1,0
D,DISPATCH,UNIT_SCADA,1,"2019/08/20 14:10:00",STAN-2,284.273160
D,DISPATCH,UNIT_SCADA,1,"2019/08/20 14:10:00",STAN-3,286.580380
D,DISPATCH,UNIT_SCADA,1,"2019/08/20 14:10:00",STAN-4,280.517550
D,DISPATCH,UNIT_SCADA,1,"2019/08/20 14:10:00",STWF1,7.796260
D,DISPATCH,UNIT_SCADA,1,"2019/08/20 14:10:00",SWAN_E,0
D,DISPATCH,UNIT_SCADA,1,"2019/08/20 14:10:00",TALWA1,191
D,DISPATCH,UNIT_SCADA,1,"2019/08/20 14:10:00",TARALGA1,103.601270
D,DISPATCH,UNIT_SCADA,1,"2019/08/20 14:10:00",TARONG#1,286.600010
D,DISPATCH,UNIT_SCADA,1,"2019/08/20 14:10:00",TARONG#2,286.800020
D,DISPATCH,UNIT_SCADA,1,"2019/08/20 14:10:00",TARONG#3,259.800020
D,DISPATCH,UNIT_SCADA,1,"2019/08/20 14:10:00",TARONG#4,280.399990
D,DISPATCH,UNIT_SCADA,1,"2019/08/20 14:10:00",TARRALEA,87
D,DISPATCH,UNIT_SCADA,1,"2019/08/20 14:10:00",TBSF1,17.10
D,DISPATCH,UNIT_SCADA,1,"2019/08/20 14:10:00",TNPS1,441.700010
D,DISPATCH,UNIT_SCADA,1,"2019/08/20 14:10:00",TORRA1,43.567340
D,DISPATCH,UNIT_SCADA,1,"2019/08/20 14:10:00",TORRA2,0
D,DISPATCH,UNIT_SCADA,1,"2019/08/20 14:10:00",TORRA3,0
D,DISPATCH,UNIT_SCADA,1,"2019/08/20 14:10:00",TORRA4,0
D,DISPATCH,UNIT_SCADA,1,"2019/08/20 14:10:00",TORRB1,39.95
D,DISPATCH,UNIT_SCADA,1,"2019/08/20 14:10:00",TORRB2,40.64
D,DISPATCH,UNIT_SCADA,1,"2019/08/20 14:10:00",TORRB3,0
D,DISPATCH,UNIT_SCADA,1,"2019/08/20 14:10:00",TORRB4,0
D,DISPATCH,UNIT_SCADA,1,"2019/08/20 14:10:00",TREVALLN,44.040020
D,DISPATCH,UNIT_SCADA,1,"2019/08/20 14:10:00",TRIBUTE,0
D,DISPATCH,UNIT_SCADA,1,"2019/08/20 14:10:00",TUMUT3,0
D,DISPATCH,UNIT_SCADA,1,"2019/08/20 14:10:00",TUNGATIN,124.890020
D,DISPATCH,UNIT_SCADA,1,"2019/08/20 14:10:00",TVCC201,0
D,DISPATCH,UNIT_SCADA,1,"2019/08/20 14:10:00",TVPP104,0
D,DISPATCH,UNIT_SCADA,1,"2019/08/20 14:10:00",UPPTUMUT,0
D,DISPATCH,UNIT_SCADA,1,"2019/08/20 14:10:00",URANQ11,0
D,DISPATCH,UNIT_SCADA,1,"2019/08/20 14:10:00",URANQ12,0
D,DISPATCH,UNIT_SCADA,1,"2019/08/20 14:10:00",URANQ13,0
D,DISPATCH,UNIT_SCADA,1,"2019/08/20 14:10:00",URANQ14,0
D,DISPATCH,UNIT_SCADA,1,"2019/08/20 14:10:00",VP5,281.50
D,DISPATCH,UNIT_SCADA,1,"2019/08/20 14:10:00",VP6,249.8250
D,DISPATCH,UNIT_SCADA,1,"2019/08/20 14:10:00",VPGS1,0
D,DISPATCH,UNIT_SCADA,1,"2019/08/20 14:10:00",VPGS2,0
D,DISPATCH,UNIT_SCADA,1,"2019/08/20 14:10:00",VPGS3,0
D,DISPATCH,UNIT_SCADA,1,"2019/08/20 14:10:00",VPGS4,0
D,DISPATCH,UNIT_SCADA,1,"2019/08/20 14:10:00",VPGS5,0
D,DISPATCH,UNIT_SCADA,1,"2019/08/20 14:10:00",VPGS6,0
D,DISPATCH,UNIT_SCADA,1,"2019/08/20 14:10:00",W/HOE#1,0
D,DISPATCH,UNIT_SCADA,1,"2019/08/20 14:10:00",W/HOE#2,0
D,DISPATCH,UNIT_SCADA,1,"2019/08/20 14:10:00",WATERLWF,90.50
D,DISPATCH,UNIT_SCADA,1,"2019/08/20 14:10:00",WEMENSF1,46.50
D,DISPATCH,UNIT_SCADA,1,"2019/08/20 14:10:00",WGWF1,83.90
D,DISPATCH,UNIT_SCADA,1,"2019/08/20 14:10:00",WHITSF1,43
D,DISPATCH,UNIT_SCADA,1,"2019/08/20 14:10:00",WKIEWA1,0
D,DISPATCH,UNIT_SCADA,1,"2019/08/20 14:10:00",WKIEWA2,0.10
D,DISPATCH,UNIT_SCADA,1,"2019/08/20 14:10:00",WOODLWN1,40.986010
D,DISPATCH,UNIT_SCADA,1,"2019/08/20 14:10:00",WRSF1,18.57
D,DISPATCH,UNIT_SCADA,1,"2019/08/20 14:10:00",WRWF1,68.736250
D,DISPATCH,UNIT_SCADA,1,"2019/08/20 14:10:00",YABULU,0
D,DISPATCH,UNIT_SCADA,1,"2019/08/20 14:10:00",YABULU2,0
D,DISPATCH,UNIT_SCADA,1,"2019/08/20 14:10:00",YARWUN_1,0
D,DISPATCH,UNIT_SCADA,1,"2019/08/20 14:10:00",YENDWF1,41.69
D,DISPATCH,UNIT_SCADA,1,"2019/08/20 14:10:00",YWPS1,377.443020
D,DISPATCH,UNIT_SCADA,1,"2019/08/20 14:10:00",YWPS2,278.693660
D,DISPATCH,UNIT_SCADA,1,"2019/08/20 14:10:00",YWPS3,0
D,DISPATCH,UNIT_SCADA,1,"2019/08/20 14:10:00",YWPS4,396.3671
C,"END OF REPORT",334
