C,NEMP.WORLD,DISPATCHSCADA,AEMO,PUBLIC,2019/08/21,00:15:07,0000000311805641,DISPATCHSCADA,0000000311805635
I,DISPATCH,UNIT_SCADA,1,SETTLEMENTDATE,DUID,SCADAVALUE
D,DISPATCH,UNIT_SCADA,1,"2019/08/21 00:20:00",BARCSF1,0.50
D,DISPATCH,UNIT_SCADA,1,"2019/08/21 00:20:00",BUTLERSG,9.699999
D,DISPATCH,UNIT_SCADA,1,"2019/08/21 00:20:00",CALL_A_4,0
D,DISPATCH,UNIT_SCADA,1,"2019/08/21 00:20:00",CAPTL_WF,127.411995
D,DISPATCH,UNIT_SCADA,1,"2019/08/21 00:20:00",CATHROCK,44.679996
D,DISPATCH,UNIT_SCADA,1,"2019/08/21 00:20:00",CHALLHWF,36.400002
D,DISPATCH,UNIT_SCADA,1,"2019/08/21 00:20:00",CLOVER,-0.01
D,DISPATCH,UNIT_SCADA,1,"2019/08/21 00:20:00",CLUNY,20.744793
D,DISPATCH,UNIT_SCADA,1,"2019/08/21 00:20:00",CNUNDAWF,41.448349
D,DISPATCH,UNIT_SCADA,1,"2019/08/21 00:20:00",CULLRGWF,30.35
D,DISPATCH,UNIT_SCADA,1,"2019/08/21 00:20:00",ERGT01,0
D,DISPATCH,UNIT_SCADA,1,"2019/08/21 00:20:00",GB01,0.067280
D,DISPATCH,UNIT_SCADA,1,"2019/08/21 00:20:00",GERMCRK,38.200001
D,DISPATCH,UNIT_SCADA,1,"2019/08/21 00:20:00",GRIFSF1,0
D,DISPATCH,UNIT_SCADA,1,"2019/08/21 00:20:00",HUGSF1,-0.2040
D,DISPATCH,UNIT_SCADA,1,"2019/08/21 00:20:00",LKBONNY1,77.252602
D,DISPATCH,UNIT_SCADA,1,"2019/08/21 00:20:00",LRSF1,0.0290
D,DISPATCH,UNIT_SCADA,1,"2019/08/21 00:20:00",MBAHNTH,55.724991
D,DISPATCH,UNIT_SCADA,1,"2019/08/21 00:20:00",MLSP1,0.283001
D,DISPATCH,UNIT_SCADA,1,"2019/08/21 00:20:00",MLWF1,19.560001
D,DISPATCH,UNIT_SCADA,1,"2019/08/21 00:20:00",MTMILLAR,19.109287
D,DISPATCH,UNIT_SCADA,1,"2019/08/21 00:20:00",PALOONA,24
D,DISPATCH,UNIT_SCADA,1,"2019/08/21 00:20:00",PIONEER,27.800001
D,DISPATCH,UNIT_SCADA,1,"2019/08/21 00:20:00",PORTWF,136.300003
D,DISPATCH,UNIT_SCADA,1,"2019/08/21 00:20:00",REPULSE,28.974442
D,DISPATCH,UNIT_SCADA,1,"2019/08/21 00:20:00",ROWALLAN,10.2240
D,DISPATCH,UNIT_SCADA,1,"2019/08/21 00:20:00",ROYALLA1,0
D,DISPATCH,UNIT_SCADA,1,"2019/08/21 00:20:00",RPCG,13.50
D,DISPATCH,UNIT_SCADA,1,"2019/08/21 00:20:00",RUBICON,0
D,DISPATCH,UNIT_SCADA,1,"2019/08/21 00:20:00",SATGN1,0
D,DISPATCH,UNIT_SCADA,1,"2019/08/21 00:20:00",SATGS1,0
D,DISPATCH,UNIT_SCADA,1,"2019/08/21 00:20:00",STARHLWF,17.794811
D,DISPATCH,UNIT_SCADA,1,"2019/08/21 00:20:00",WAUBRAWF,149.149002
D,DISPATCH,UNIT_SCADA,1,"2019/08/21 00:20:00",WOOLNTH1,124.890015
D,DISPATCH,UNIT_SCADA,1,"2019/08/21 00:20:00",WPWF,60
D,DISPATCH,UNIT_SCADA,1,"2019/08/21 00:20:00",YAMBUKWF,29.299999
D,DISPATCH,UNIT_SCADA,1,"2019/08/21 00:20:00",YSWF1,28.50
D,DISPATCH,UNIT_SCADA,1,"2019/08/21 00:20:00",AGLHAL,0
D,DISPATCH,UNIT_SCADA,1,"2019/08/21 00:20:00",AGLSOM,0
D,DISPATCH,UNIT_SCADA,1,"2019/08/21 00:20:00",ANGAST1,0
D,DISPATCH,UNIT_SCADA,1,"2019/08/21 00:20:00",ARWF1,37.50
D,DISPATCH,UNIT_SCADA,1,"2019/08/21 00:20:00",BALBG1,0
D,DISPATCH,UNIT_SCADA,1,"2019/08/21 00:20:00",BALBL1,0
D,DISPATCH,UNIT_SCADA,1,"2019/08/21 00:20:00",BALDHWF1,103.192990
D,DISPATCH,UNIT_SCADA,1,"2019/08/21 00:20:00",BANN1,0
D,DISPATCH,UNIT_SCADA,1,"2019/08/21 00:20:00",BARCALDN,0
D,DISPATCH,UNIT_SCADA,1,"2019/08/21 00:20:00",BARRON-1,0
D,DISPATCH,UNIT_SCADA,1,"2019/08/21 00:20:00",BARRON-2,25.44
D,DISPATCH,UNIT_SCADA,1,"2019/08/21 00:20:00",BASTYAN,80.060010
D,DISPATCH,UNIT_SCADA,1,"2019/08/21 00:20:00",BBTHREE1,-2
D,DISPATCH,UNIT_SCADA,1,"2019/08/21 00:20:00",BBTHREE2,-1.99
D,DISPATCH,UNIT_SCADA,1,"2019/08/21 00:20:00",BBTHREE3,-1.10
D,DISPATCH,UNIT_SCADA,1,"2019/08/21 00:20:00",BDL01,0
D,DISPATCH,UNIT_SCADA,1,"2019/08/21 00:20:00",BDL02,0
D,DISPATCH,UNIT_SCADA,1,"2019/08/21 00:20:00",BERYLSF1,0
D,DISPATCH,UNIT_SCADA,1,"2019/08/21 00:20:00",BLOWERNG,0
D,DISPATCH,UNIT_SCADA,1,"2019/08/21 00:20:00",BLUFF1,39.10
D,DISPATCH,UNIT_SCADA,1,"2019/08/21 00:20:00",BNGSF1,0
D,DISPATCH,UNIT_SCADA,1,"2019/08/21 00:20:00",BNGSF2,0
D,DISPATCH,UNIT_SCADA,1,"2019/08/21 00:20:00",BOCORWF1,110.73
D,DISPATCH,UNIT_SCADA,1,"2019/08/21 00:20:00",BODWF1,71.550090
D,DISPATCH,UNIT_SCADA,1,"2019/08/21 00:20:00",BRAEMAR1,0
D,DISPATCH,UNIT_SCADA,1,"2019/08/21 00:20:00",BRAEMAR2,0
D,DISPATCH,UNIT_SCADA,1,"2019/08/21 00:20:00",BRAEMAR3,0
D,DISPATCH,UNIT_SCADA,1,"2019/08/21 00:20:00",BRAEMAR5,0
D,DISPATCH,UNIT_SCADA,1,"2019/08/21 00:20:00",BRAEMAR6,0
D,DISPATCH,UNIT_SCADA,1,"2019/08/21 00:20:00",BRAEMAR7,0
D,DISPATCH,UNIT_SCADA,1,"2019/08/21 00:20:00",BROKENH1,0
D,DISPATCH,UNIT_SCADA,1,"2019/08/21 00:20:00",BW01,502.299930
D,DISPATCH,UNIT_SCADA,1,"2019/08/21 00:20:00",BW02,591.849980
D,DISPATCH,UNIT_SCADA,1,"2019/08/21 00:20:00",BW03,545.974980
D,DISPATCH,UNIT_SCADA,1,"2019/08/21 00:20:00",BW04,0
D,DISPATCH,UNIT_SCADA,1,"2019/08/21 00:20:00",CALL_B_1,349.50
D,DISPATCH,UNIT_SCADA,1,"2019/08/21 00:20:00",CALL_B_2,299.800020
D,DISPATCH,UNIT_SCADA,1,"2019/08/21 00:20:00",CETHANA,97.346250
D,DISPATCH,UNIT_SCADA,1,"2019/08/21 00:20:00",CG1,0
D,DISPATCH,UNIT_SCADA,1,"2019/08/21 00:20:00",CG2,0
D,DISPATCH,UNIT_SCADA,1,"2019/08/21 00:20:00",CG3,0
D,DISPATCH,UNIT_SCADA,1,"2019/08/21 00:20:00",CG4,0
D,DISPATCH,UNIT_SCADA,1,"2019/08/21 00:20:00",CHILDSF1,0
D,DISPATCH,UNIT_SCADA,1,"2019/08/21 00:20:00",CLARESF1,0
D,DISPATCH,UNIT_SCADA,1,"2019/08/21 00:20:00",CLEMGPWF,28.237730
D,DISPATCH,UNIT_SCADA,1,"2019/08/21 00:20:00",CLERMSF1,0
D,DISPATCH,UNIT_SCADA,1,"2019/08/21 00:20:00",COLEASF1,0
D,DISPATCH,UNIT_SCADA,1,"2019/08/21 00:20:00",COOPGWF1,52.320190
D,DISPATCH,UNIT_SCADA,1,"2019/08/21 00:20:00",CPP_3,404.800020
D,DISPATCH,UNIT_SCADA,1,"2019/08/21 00:20:00",CPP_4,405.6250
D,DISPATCH,UNIT_SCADA,1,"2019/08/21 00:20:00",CPSA,142.469380
D,DISPATCH,UNIT_SCADA,1,"2019/08/21 00:20:00",CROOKWF2,90.003760
D,DISPATCH,UNIT_SCADA,1,"2019/08/21 00:20:00",CROWLWF1,52.494340
D,DISPATCH,UNIT_SCADA,1,"2019/08/21 00:20:00",CSPVPS1,0
D,DISPATCH,UNIT_SCADA,1,"2019/08/21 00:20:00",DALNTH01,0
D,DISPATCH,UNIT_SCADA,1,"2019/08/21 00:20:00",DALNTHL1,0.044250
D,DISPATCH,UNIT_SCADA,1,"2019/08/21 00:20:00",DARTM1,0
D,DISPATCH,UNIT_SCADA,1,"2019/08/21 00:20:00",DAYDSF1,0
D,DISPATCH,UNIT_SCADA,1,"2019/08/21 00:20:00",DDPS1,0
D,DISPATCH,UNIT_SCADA,1,"2019/08/21 00:20:00",DDSF1,0
D,DISPATCH,UNIT_SCADA,1,"2019/08/21 00:20:00",DEVILS_G,60.387580
D,DISPATCH,UNIT_SCADA,1,"2019/08/21 00:20:00",DG_NSW1,0
D,DISPATCH,UNIT_SCADA,1,"2019/08/21 00:20:00",DG_QLD1,0
D,DISPATCH,UNIT_SCADA,1,"2019/08/21 00:20:00",DG_SA1,0
D,DISPATCH,UNIT_SCADA,1,"2019/08/21 00:20:00",DG_TAS1,0
D,DISPATCH,UNIT_SCADA,1,"2019/08/21 00:20:00",DG_VIC1,0
D,DISPATCH,UNIT_SCADA,1,"2019/08/21 00:20:00",DRYCGT1,0
D,DISPATCH,UNIT_SCADA,1,"2019/08/21 00:20:00",DRYCGT2,0
D,DISPATCH,UNIT_SCADA,1,"2019/08/21 00:20:00",DRYCGT3,0
D,DISPATCH,UNIT_SCADA,1,"2019/08/21 00:20:00",EILDON1,0
D,DISPATCH,UNIT_SCADA,1,"2019/08/21 00:20:00",EILDON2,0
D,DISPATCH,UNIT_SCADA,1,"2019/08/21 00:20:00",EMERASF1,0
D,DISPATCH,UNIT_SCADA,1,"2019/08/21 00:20:00",ER01,510.425050
D,DISPATCH,UNIT_SCADA,1,"2019/08/21 00:20:00",ER02,579.900020
D,DISPATCH,UNIT_SCADA,1,"2019/08/21 00:20:00",ER03,379.924930
D,DISPATCH,UNIT_SCADA,1,"2019/08/21 00:20:00",ER04,586.6250
D,DISPATCH,UNIT_SCADA,1,"2019/08/21 00:20:00",FINLYSF1,0
D,DISPATCH,UNIT_SCADA,1,"2019/08/21 00:20:00",FISHER,45.99
D,DISPATCH,UNIT_SCADA,1,"2019/08/21 00:20:00",GANNBG1,0
D,DISPATCH,UNIT_SCADA,1,"2019/08/21 00:20:00",GANNBL1,0.034040
D,DISPATCH,UNIT_SCADA,1,"2019/08/21 00:20:00",GANNSF1,0
D,DISPATCH,UNIT_SCADA,1,"2019/08/21 00:20:00",GORDON,0
D,DISPATCH,UNIT_SCADA,1,"2019/08/21 00:20:00",GSTONE1,147.70
D,DISPATCH,UNIT_SCADA,1,"2019/08/21 00:20:00",GSTONE2,149.6250
D,DISPATCH,UNIT_SCADA,1,"2019/08/21 00:20:00",GSTONE3,147.524990
D,DISPATCH,UNIT_SCADA,1,"2019/08/21 00:20:00",GSTONE4,148.399990
D,DISPATCH,UNIT_SCADA,1,"2019/08/21 00:20:00",GSTONE5,147.70
D,DISPATCH,UNIT_SCADA,1,"2019/08/21 00:20:00",GSTONE6,0
D,DISPATCH,UNIT_SCADA,1,"2019/08/21 00:20:00",GULLRSF1,0
D,DISPATCH,UNIT_SCADA,1,"2019/08/21 00:20:00",GULLRWF1,157.424990
D,DISPATCH,UNIT_SCADA,1,"2019/08/21 00:20:00",GUNNING1,46.845960
D,DISPATCH,UNIT_SCADA,1,"2019/08/21 00:20:00",GUTHEGA,0
D,DISPATCH,UNIT_SCADA,1,"2019/08/21 00:20:00",HALLWF1,66.69
D,DISPATCH,UNIT_SCADA,1,"2019/08/21 00:20:00",HALLWF2,50.23
D,DISPATCH,UNIT_SCADA,1,"2019/08/21 00:20:00",HAMISF1,0
D,DISPATCH,UNIT_SCADA,1,"2019/08/21 00:20:00",HAUGHT11,0
D,DISPATCH,UNIT_SCADA,1,"2019/08/21 00:20:00",HAYMSF1,0
D,DISPATCH,UNIT_SCADA,1,"2019/08/21 00:20:00",HDWF1,73.10
D,DISPATCH,UNIT_SCADA,1,"2019/08/21 00:20:00",HDWF2,73
D,DISPATCH,UNIT_SCADA,1,"2019/08/21 00:20:00",HDWF3,77.50
D,DISPATCH,UNIT_SCADA,1,"2019/08/21 00:20:00",HPRG1,0
D,DISPATCH,UNIT_SCADA,1,"2019/08/21 00:20:00",HPRL1,4.30
D,DISPATCH,UNIT_SCADA,1,"2019/08/21 00:20:00",HUMENSW,0
D,DISPATCH,UNIT_SCADA,1,"2019/08/21 00:20:00",HUMEV,8.80
D,DISPATCH,UNIT_SCADA,1,"2019/08/21 00:20:00",HVGTS,0
D,DISPATCH,UNIT_SCADA,1,"2019/08/21 00:20:00",JBUTTERS,136.459990
D,DISPATCH,UNIT_SCADA,1,"2019/08/21 00:20:00",JLA01,0.50
D,DISPATCH,UNIT_SCADA,1,"2019/08/21 00:20:00",JLA02,0
D,DISPATCH,UNIT_SCADA,1,"2019/08/21 00:20:00",JLA03,0.10
D,DISPATCH,UNIT_SCADA,1,"2019/08/21 00:20:00",JLA04,0.10
D,DISPATCH,UNIT_SCADA,1,"2019/08/21 00:20:00",JLB01,0
D,DISPATCH,UNIT_SCADA,1,"2019/08/21 00:20:00",JLB02,0.10
D,DISPATCH,UNIT_SCADA,1,"2019/08/21 00:20:00",JLB03,0
D,DISPATCH,UNIT_SCADA,1,"2019/08/21 00:20:00",KAREEYA1,21.4825
D,DISPATCH,UNIT_SCADA,1,"2019/08/21 00:20:00",KAREEYA2,21.6925
D,DISPATCH,UNIT_SCADA,1,"2019/08/21 00:20:00",KAREEYA3,0
D,DISPATCH,UNIT_SCADA,1,"2019/08/21 00:20:00",KAREEYA4,21.7050
D,DISPATCH,UNIT_SCADA,1,"2019/08/21 00:20:00",KARSF1,0
D,DISPATCH,UNIT_SCADA,1,"2019/08/21 00:20:00",KIATAWF1,30.40
D,DISPATCH,UNIT_SCADA,1,"2019/08/21 00:20:00",KPP_1,0
D,DISPATCH,UNIT_SCADA,1,"2019/08/21 00:20:00",KSP1,0
D,DISPATCH,UNIT_SCADA,1,"2019/08/21 00:20:00",LADBROK1,0
D,DISPATCH,UNIT_SCADA,1,"2019/08/21 00:20:00",LADBROK2,0
D,DISPATCH,UNIT_SCADA,1,"2019/08/21 00:20:00",LD01,421.274960
D,DISPATCH,UNIT_SCADA,1,"2019/08/21 00:20:00",LD02,417.5625
D,DISPATCH,UNIT_SCADA,1,"2019/08/21 00:20:00",LD03,417.337460
D,DISPATCH,UNIT_SCADA,1,"2019/08/21 00:20:00",LD04,376.650050
D,DISPATCH,UNIT_SCADA,1,"2019/08/21 00:20:00",LEM_WIL,85.956340
D,DISPATCH,UNIT_SCADA,1,"2019/08/21 00:20:00",LGAPWF1,17.52
D,DISPATCH,UNIT_SCADA,1,"2019/08/21 00:20:00",LILYSF1,0
D,DISPATCH,UNIT_SCADA,1,"2019/08/21 00:20:00",LI_WY_CA,149.986980
D,DISPATCH,UNIT_SCADA,1,"2019/08/21 00:20:00",LKBONNY2,112.640640
D,DISPATCH,UNIT_SCADA,1,"2019/08/21 00:20:00",LKBONNY3,28.1343
D,DISPATCH,UNIT_SCADA,1,"2019/08/21 00:20:00",LK_ECHO,0
D,DISPATCH,UNIT_SCADA,1,"2019/08/21 00:20:00",LNGS1,0
D,DISPATCH,UNIT_SCADA,1,"2019/08/21 00:20:00",LNGS2,0
D,DISPATCH,UNIT_SCADA,1,"2019/08/21 00:20:00",LONSDALE,0
D,DISPATCH,UNIT_SCADA,1,"2019/08/21 00:20:00",LOYYB1,535.336730
D,DISPATCH,UNIT_SCADA,1,"2019/08/21 00:20:00",LOYYB2,580.074710
D,DISPATCH,UNIT_SCADA,1,"2019/08/21 00:20:00",LYA1,520
D,DISPATCH,UNIT_SCADA,1,"2019/08/21 00:20:00",LYA2,0
D,DISPATCH,UNIT_SCADA,1,"2019/08/21 00:20:00",LYA3,560
D,DISPATCH,UNIT_SCADA,1,"2019/08/21 00:20:00",LYA4,540
D,DISPATCH,UNIT_SCADA,1,"2019/08/21 00:20:00",MACARTH1,358.9917
D,DISPATCH,UNIT_SCADA,1,"2019/08/21 00:20:00",MACKAYGT,0
D,DISPATCH,UNIT_SCADA,1,"2019/08/21 00:20:00",MACKNTSH,85.41
D,DISPATCH,UNIT_SCADA,1,"2019/08/21 00:20:00",MANSLR1,0
D,DISPATCH,UNIT_SCADA,1,"2019/08/21 00:20:00",MCKAY1,0.02
D,DISPATCH,UNIT_SCADA,1,"2019/08/21 00:20:00",MEADOWBK,34.038780
D,DISPATCH,UNIT_SCADA,1,"2019/08/21 00:20:00",MERCER01,129.0090
D,DISPATCH,UNIT_SCADA,1,"2019/08/21 00:20:00",MEWF1,77.717510
D,DISPATCH,UNIT_SCADA,1,"2019/08/21 00:20:00",MINTARO,0
D,DISPATCH,UNIT_SCADA,1,"2019/08/21 00:20:00",MOREESF1,0
D,DISPATCH,UNIT_SCADA,1,"2019/08/21 00:20:00",MORTLK11,0
D,DISPATCH,UNIT_SCADA,1,"2019/08/21 00:20:00",MORTLK12,0
D,DISPATCH,UNIT_SCADA,1,"2019/08/21 00:20:00",MP1,274.925050
D,DISPATCH,UNIT_SCADA,1,"2019/08/21 00:20:00",MP2,0
D,DISPATCH,UNIT_SCADA,1,"2019/08/21 00:20:00",MPP_1,390.25
D,DISPATCH,UNIT_SCADA,1,"2019/08/21 00:20:00",MPP_2,428
D,DISPATCH,UNIT_SCADA,1,"2019/08/21 00:20:00",MSTUART1,0
D,DISPATCH,UNIT_SCADA,1,"2019/08/21 00:20:00",MSTUART2,0
D,DISPATCH,UNIT_SCADA,1,"2019/08/21 00:20:00",MSTUART3,0
D,DISPATCH,UNIT_SCADA,1,"2019/08/21 00:20:00",MTGELWF1,64.557330
D,DISPATCH,UNIT_SCADA,1,"2019/08/21 00:20:00",MURRAY,0
D,DISPATCH,UNIT_SCADA,1,"2019/08/21 00:20:00",MUSSELR1,165.70
D,DISPATCH,UNIT_SCADA,1,"2019/08/21 00:20:00",MUWAWF1,40.20
D,DISPATCH,UNIT_SCADA,1,"2019/08/21 00:20:00",NBHWF1,85.20
D,DISPATCH,UNIT_SCADA,1,"2019/08/21 00:20:00",NPS,0
D,DISPATCH,UNIT_SCADA,1,"2019/08/21 00:20:00",NUMURSF1,0
D,DISPATCH,UNIT_SCADA,1,"2019/08/21 00:20:00",NYNGAN1,0
D,DISPATCH,UNIT_SCADA,1,"2019/08/21 00:20:00",OAKEY1,0
D,DISPATCH,UNIT_SCADA,1,"2019/08/21 00:20:00",OAKEY1SF,0.0380
D,DISPATCH,UNIT_SCADA,1,"2019/08/21 00:20:00",OAKEY2,0
D,DISPATCH,UNIT_SCADA,1,"2019/08/21 00:20:00",OAKLAND1,62.10
D,DISPATCH,UNIT_SCADA,1,"2019/08/21 00:20:00",OSB-AG,0
D,DISPATCH,UNIT_SCADA,1,"2019/08/21 00:20:00",PARSF1,0
D,DISPATCH,UNIT_SCADA,1,"2019/08/21 00:20:00",POAT110,0
D,DISPATCH,UNIT_SCADA,1,"2019/08/21 00:20:00",POAT220,0
D,DISPATCH,UNIT_SCADA,1,"2019/08/21 00:20:00",POR01,0
D,DISPATCH,UNIT_SCADA,1,"2019/08/21 00:20:00",POR03,0
D,DISPATCH,UNIT_SCADA,1,"2019/08/21 00:20:00",PPCCGT,172.8811
D,DISPATCH,UNIT_SCADA,1,"2019/08/21 00:20:00",PTSTAN1,0
D,DISPATCH,UNIT_SCADA,1,"2019/08/21 00:20:00",PUMP1,0
D,DISPATCH,UNIT_SCADA,1,"2019/08/21 00:20:00",PUMP2,0
D,DISPATCH,UNIT_SCADA,1,"2019/08/21 00:20:00",QPS1,0
D,DISPATCH,UNIT_SCADA,1,"2019/08/21 00:20:00",QPS2,0
D,DISPATCH,UNIT_SCADA,1,"2019/08/21 00:20:00",QPS3,0
D,DISPATCH,UNIT_SCADA,1,"2019/08/21 00:20:00",QPS4,0
D,DISPATCH,UNIT_SCADA,1,"2019/08/21 00:20:00",QPS5,0
D,DISPATCH,UNIT_SCADA,1,"2019/08/21 00:20:00",REECE1,118.300010
D,DISPATCH,UNIT_SCADA,1,"2019/08/21 00:20:00",REECE2,117.63
D,DISPATCH,UNIT_SCADA,1,"2019/08/21 00:20:00",ROMA_7,0
D,DISPATCH,UNIT_SCADA,1,"2019/08/21 00:20:00",ROMA_8,0
D,DISPATCH,UNIT_SCADA,1,"2019/08/21 00:20:00",RRSF1,0
D,DISPATCH,UNIT_SCADA,1,"2019/08/21 00:20:00",RT_NSW1,0
D,DISPATCH,UNIT_SCADA,1,"2019/08/21 00:20:00",RT_NSW2,0
D,DISPATCH,UNIT_SCADA,1,"2019/08/21 00:20:00",RT_NSW3,0
D,DISPATCH,UNIT_SCADA,1,"2019/08/21 00:20:00",RT_NSW4,0
D,DISPATCH,UNIT_SCADA,1,"2019/08/21 00:20:00",RT_NSW5,0
D,DISPATCH,UNIT_SCADA,1,"2019/08/21 00:20:00",RT_NSW6,0
D,DISPATCH,UNIT_SCADA,1,"2019/08/21 00:20:00",RT_QLD1,0
D,DISPATCH,UNIT_SCADA,1,"2019/08/21 00:20:00",RT_SA1,0
D,DISPATCH,UNIT_SCADA,1,"2019/08/21 00:20:00",RT_SA2,0
D,DISPATCH,UNIT_SCADA,1,"2019/08/21 00:20:00",RT_SA3,0
D,DISPATCH,UNIT_SCADA,1,"2019/08/21 00:20:00",RT_SA4,0
D,DISPATCH,UNIT_SCADA,1,"2019/08/21 00:20:00",RT_SA5,0
D,DISPATCH,UNIT_SCADA,1,"2019/08/21 00:20:00",RT_SA6,0
D,DISPATCH,UNIT_SCADA,1,"2019/08/21 00:20:00",RT_TAS1,0
D,DISPATCH,UNIT_SCADA,1,"2019/08/21 00:20:00",RT_VIC1,0
D,DISPATCH,UNIT_SCADA,1,"2019/08/21 00:20:00",RT_VIC10,0
D,DISPATCH,UNIT_SCADA,1,"2019/08/21 00:20:00",RT_VIC11,0
D,DISPATCH,UNIT_SCADA,1,"2019/08/21 00:20:00",RT_VIC12,0
D,DISPATCH,UNIT_SCADA,1,"2019/08/21 00:20:00",RT_VIC2,0
D,DISPATCH,UNIT_SCADA,1,"2019/08/21 00:20:00",RT_VIC3,0
D,DISPATCH,UNIT_SCADA,1,"2019/08/21 00:20:00",RT_VIC4,0
D,DISPATCH,UNIT_SCADA,1,"2019/08/21 00:20:00",RT_VIC5,0
D,DISPATCH,UNIT_SCADA,1,"2019/08/21 00:20:00",RT_VIC6,0
D,DISPATCH,UNIT_SCADA,1,"2019/08/21 00:20:00",RT_VIC7,0
D,DISPATCH,UNIT_SCADA,1,"2019/08/21 00:20:00",RT_VIC8,0
D,DISPATCH,UNIT_SCADA,1,"2019/08/21 00:20:00",RT_VIC9,0
D,DISPATCH,UNIT_SCADA,1,"2019/08/21 00:20:00",RUGBYR1,0
D,DISPATCH,UNIT_SCADA,1,"2019/08/21 00:20:00",SALTCRK1,51.73
D,DISPATCH,UNIT_SCADA,1,"2019/08/21 00:20:00",SAPHWF1,183.281250
D,DISPATCH,UNIT_SCADA,1,"2019/08/21 00:20:00",SHGEN,0
D,DISPATCH,UNIT_SCADA,1,"2019/08/21 00:20:00",SHPUMP,0
D,DISPATCH,UNIT_SCADA,1,"2019/08/21 00:20:00",SITHE01,0.133760
D,DISPATCH,UNIT_SCADA,1,"2019/08/21 00:20:00",SMCSF1,0
D,DISPATCH,UNIT_SCADA,1,"2019/08/21 00:20:00",SNOWNTH1,53.90
D,DISPATCH,UNIT_SCADA,1,"2019/08/21 00:20:00",SNOWSTH1,84.80
D,DISPATCH,UNIT_SCADA,1,"2019/08/21 00:20:00",SNOWTWN1,50.801080
D,DISPATCH,UNIT_SCADA,1,"2019/08/21 00:20:00",SNOWYP,0
D,DISPATCH,UNIT_SCADA,1,"2019/08/21 00:20:00",SNUG1,0.019440
D,DISPATCH,UNIT_SCADA,1,"2019/08/21 00:20:00",SRSF1,0.07
D,DISPATCH,UNIT_SCADA,1,"2019/08/21 00:20:00",STAN-1,0
D,DISPATCH,UNIT_SCADA,1,"2019/08/21 00:20:00",STAN-2,232.348270
D,DISPATCH,UNIT_SCADA,1,"2019/08/21 00:20:00",STAN-3,236.091060
D,DISPATCH,UNIT_SCADA,1,"2019/08/21 00:20:00",STAN-4,242.064150
D,DISPATCH,UNIT_SCADA,1,"2019/08/21 00:20:00",STWF1,136.53
D,DISPATCH,UNIT_SCADA,1,"2019/08/21 00:20:00",SWAN_E,0
D,DISPATCH,UNIT_SCADA,1,"2019/08/21 00:20:00",TALWA1,300
D,DISPATCH,UNIT_SCADA,1,"2019/08/21 00:20:00",TARALGA1,97.443760
D,DISPATCH,UNIT_SCADA,1,"2019/08/21 00:20:00",TARONG#1,280.200010
D,DISPATCH,UNIT_SCADA,1,"2019/08/21 00:20:00",TARONG#2,110.20
D,DISPATCH,UNIT_SCADA,1,"2019/08/21 00:20:00",TARONG#3,259.50
D,DISPATCH,UNIT_SCADA,1,"2019/08/21 00:20:00",TARONG#4,279.800020
D,DISPATCH,UNIT_SCADA,1,"2019/08/21 00:20:00",TARRALEA,85
D,DISPATCH,UNIT_SCADA,1,"2019/08/21 00:20:00",TBSF1,-0.20
D,DISPATCH,UNIT_SCADA,1,"2019/08/21 00:20:00",TNPS1,400.300020
D,DISPATCH,UNIT_SCADA,1,"2019/08/21 00:20:00",TORRA1,39.037830
D,DISPATCH,UNIT_SCADA,1,"2019/08/21 00:20:00",TORRA2,0
D,DISPATCH,UNIT_SCADA,1,"2019/08/21 00:20:00",TORRA3,0
D,DISPATCH,UNIT_SCADA,1,"2019/08/21 00:20:00",TORRA4,0
D,DISPATCH,UNIT_SCADA,1,"2019/08/21 00:20:00",TORRB1,38.34
D,DISPATCH,UNIT_SCADA,1,"2019/08/21 00:20:00",TORRB2,40.56
D,DISPATCH,UNIT_SCADA,1,"2019/08/21 00:20:00",TORRB3,0
D,DISPATCH,UNIT_SCADA,1,"2019/08/21 00:20:00",TORRB4,0
D,DISPATCH,UNIT_SCADA,1,"2019/08/21 00:20:00",TREVALLN,1.70
D,DISPATCH,UNIT_SCADA,1,"2019/08/21 00:20:00",TRIBUTE,84.78
D,DISPATCH,UNIT_SCADA,1,"2019/08/21 00:20:00",TUMUT3,0
D,DISPATCH,UNIT_SCADA,1,"2019/08/21 00:20:00",TUNGATIN,124.210040
D,DISPATCH,UNIT_SCADA,1,"2019/08/21 00:20:00",TVCC201,0
D,DISPATCH,UNIT_SCADA,1,"2019/08/21 00:20:00",TVPP104,0
D,DISPATCH,UNIT_SCADA,1,"2019/08/21 00:20:00",UPPTUMUT,0
D,DISPATCH,UNIT_SCADA,1,"2019/08/21 00:20:00",URANQ11,0
D,DISPATCH,UNIT_SCADA,1,"2019/08/21 00:20:00",URANQ12,0
D,DISPATCH,UNIT_SCADA,1,"2019/08/21 00:20:00",URANQ13,0
D,DISPATCH,UNIT_SCADA,1,"2019/08/21 00:20:00",URANQ14,0
D,DISPATCH,UNIT_SCADA,1,"2019/08/21 00:20:00",VP5,395.774990
D,DISPATCH,UNIT_SCADA,1,"2019/08/21 00:20:00",VP6,398.550020
D,DISPATCH,UNIT_SCADA,1,"2019/08/21 00:20:00",VPGS1,0
D,DISPATCH,UNIT_SCADA,1,"2019/08/21 00:20:00",VPGS2,0
D,DISPATCH,UNIT_SCADA,1,"2019/08/21 00:20:00",VPGS3,0
D,DISPATCH,UNIT_SCADA,1,"2019/08/21 00:20:00",VPGS4,0
D,DISPATCH,UNIT_SCADA,1,"2019/08/21 00:20:00",VPGS5,0
D,DISPATCH,UNIT_SCADA,1,"2019/08/21 00:20:00",VPGS6,0
D,DISPATCH,UNIT_SCADA,1,"2019/08/21 00:20:00",W/HOE#1,0
D,DISPATCH,UNIT_SCADA,1,"2019/08/21 00:20:00",W/HOE#2,0
D,DISPATCH,UNIT_SCADA,1,"2019/08/21 00:20:00",WATERLWF,91.40
D,DISPATCH,UNIT_SCADA,1,"2019/08/21 00:20:00",WEMENSF1,0
D,DISPATCH,UNIT_SCADA,1,"2019/08/21 00:20:00",WGWF1,85.80
D,DISPATCH,UNIT_SCADA,1,"2019/08/21 00:20:00",WHITSF1,0
D,DISPATCH,UNIT_SCADA,1,"2019/08/21 00:20:00",WKIEWA1,19.90
D,DISPATCH,UNIT_SCADA,1,"2019/08/21 00:20:00",WKIEWA2,14
D,DISPATCH,UNIT_SCADA,1,"2019/08/21 00:20:00",WOODLWN1,30.9780
D,DISPATCH,UNIT_SCADA,1,"2019/08/21 00:20:00",WRSF1,0
D,DISPATCH,UNIT_SCADA,1,"2019/08/21 00:20:00",WRWF1,132.9975
D,DISPATCH,UNIT_SCADA,1,"2019/08/21 00:20:00",YABULU,0
D,DISPATCH,UNIT_SCADA,1,"2019/08/21 00:20:00",YABULU2,0
D,DISPATCH,UNIT_SCADA,1,"2019/08/21 00:20:00",YARWUN_1,0
D,DISPATCH,UNIT_SCADA,1,"2019/08/21 00:20:00",YENDWF1,42.08
D,DISPATCH,UNIT_SCADA,1,"2019/08/21 00:20:00",YWPS1,377.944310
D,DISPATCH,UNIT_SCADA,1,"2019/08/21 00:20:00",YWPS2,276.187350
D,DISPATCH,UNIT_SCADA,1,"2019/08/21 00:20:00",YWPS3,0
D,DISPATCH,UNIT_SCADA,1,"2019/08/21 00:20:00",YWPS4,393.262020
C,"END OF REPORT",334
