C,NEMP.WORLD,DISPATCHSCADA,AEMO,PUBLIC,2019/08/21,02:55:08,0000000311809663,DISPATCHSCADA,0000000311809657
I,DISPATCH,UNIT_SCADA,1,SETTLEMENTDATE,DUID,SCADAVALUE
D,DISPATCH,UNIT_SCADA,1,"2019/08/21 03:00:00",BARCSF1,0.50
D,DISPATCH,UNIT_SCADA,1,"2019/08/21 03:00:00",BUTLERSG,9.699999
D,DISPATCH,UNIT_SCADA,1,"2019/08/21 03:00:00",CALL_A_4,0
D,DISPATCH,UNIT_SCADA,1,"2019/08/21 03:00:00",CAPTL_WF,126.872002
D,DISPATCH,UNIT_SCADA,1,"2019/08/21 03:00:00",CATHROCK,40.499996
D,DISPATCH,UNIT_SCADA,1,"2019/08/21 03:00:00",CHALLHWF,37.599998
D,DISPATCH,UNIT_SCADA,1,"2019/08/21 03:00:00",CLOVER,-0.01
D,DISPATCH,UNIT_SCADA,1,"2019/08/21 03:00:00",CLUNY,20.540627
D,DISPATCH,UNIT_SCADA,1,"2019/08/21 03:00:00",CNUNDAWF,41.448349
D,DISPATCH,UNIT_SCADA,1,"2019/08/21 03:00:00",CULLRGWF,30.209999
D,DISPATCH,UNIT_SCADA,1,"2019/08/21 03:00:00",ERGT01,0
D,DISPATCH,UNIT_SCADA,1,"2019/08/21 03:00:00",GB01,0.061279
D,DISPATCH,UNIT_SCADA,1,"2019/08/21 03:00:00",GERMCRK,39
D,DISPATCH,UNIT_SCADA,1,"2019/08/21 03:00:00",GRIFSF1,0
D,DISPATCH,UNIT_SCADA,1,"2019/08/21 03:00:00",HUGSF1,-0.2040
D,DISPATCH,UNIT_SCADA,1,"2019/08/21 03:00:00",LKBONNY1,74.394699
D,DISPATCH,UNIT_SCADA,1,"2019/08/21 03:00:00",LRSF1,0.0290
D,DISPATCH,UNIT_SCADA,1,"2019/08/21 03:00:00",MBAHNTH,55.724991
D,DISPATCH,UNIT_SCADA,1,"2019/08/21 03:00:00",MLSP1,0.283001
D,DISPATCH,UNIT_SCADA,1,"2019/08/21 03:00:00",MLWF1,17.595001
D,DISPATCH,UNIT_SCADA,1,"2019/08/21 03:00:00",MTMILLAR,22.629028
D,DISPATCH,UNIT_SCADA,1,"2019/08/21 03:00:00",PALOONA,26.40
D,DISPATCH,UNIT_SCADA,1,"2019/08/21 03:00:00",PIONEER,32.900002
D,DISPATCH,UNIT_SCADA,1,"2019/08/21 03:00:00",PORTWF,136.800003
D,DISPATCH,UNIT_SCADA,1,"2019/08/21 03:00:00",REPULSE,28.841383
D,DISPATCH,UNIT_SCADA,1,"2019/08/21 03:00:00",ROWALLAN,10.1814
D,DISPATCH,UNIT_SCADA,1,"2019/08/21 03:00:00",ROYALLA1,0
D,DISPATCH,UNIT_SCADA,1,"2019/08/21 03:00:00",RPCG,12.20
D,DISPATCH,UNIT_SCADA,1,"2019/08/21 03:00:00",RUBICON,0
D,DISPATCH,UNIT_SCADA,1,"2019/08/21 03:00:00",SATGN1,0
D,DISPATCH,UNIT_SCADA,1,"2019/08/21 03:00:00",SATGS1,0
D,DISPATCH,UNIT_SCADA,1,"2019/08/21 03:00:00",STARHLWF,9.797143
D,DISPATCH,UNIT_SCADA,1,"2019/08/21 03:00:00",WAUBRAWF,158.225998
D,DISPATCH,UNIT_SCADA,1,"2019/08/21 03:00:00",WOOLNTH1,78.450020
D,DISPATCH,UNIT_SCADA,1,"2019/08/21 03:00:00",WPWF,44
D,DISPATCH,UNIT_SCADA,1,"2019/08/21 03:00:00",YAMBUKWF,30.200001
D,DISPATCH,UNIT_SCADA,1,"2019/08/21 03:00:00",YSWF1,28.40
D,DISPATCH,UNIT_SCADA,1,"2019/08/21 03:00:00",AGLHAL,0
D,DISPATCH,UNIT_SCADA,1,"2019/08/21 03:00:00",AGLSOM,0
D,DISPATCH,UNIT_SCADA,1,"2019/08/21 03:00:00",ANGAST1,0
D,DISPATCH,UNIT_SCADA,1,"2019/08/21 03:00:00",ARWF1,60
D,DISPATCH,UNIT_SCADA,1,"2019/08/21 03:00:00",BALBG1,0
D,DISPATCH,UNIT_SCADA,1,"2019/08/21 03:00:00",BALBL1,2.94
D,DISPATCH,UNIT_SCADA,1,"2019/08/21 03:00:00",BALDHWF1,101.1170
D,DISPATCH,UNIT_SCADA,1,"2019/08/21 03:00:00",BANN1,0
D,DISPATCH,UNIT_SCADA,1,"2019/08/21 03:00:00",BARCALDN,0
D,DISPATCH,UNIT_SCADA,1,"2019/08/21 03:00:00",BARRON-1,0
D,DISPATCH,UNIT_SCADA,1,"2019/08/21 03:00:00",BARRON-2,0
D,DISPATCH,UNIT_SCADA,1,"2019/08/21 03:00:00",BASTYAN,79.63
D,DISPATCH,UNIT_SCADA,1,"2019/08/21 03:00:00",BBTHREE1,-2.08
D,DISPATCH,UNIT_SCADA,1,"2019/08/21 03:00:00",BBTHREE2,-2.08
D,DISPATCH,UNIT_SCADA,1,"2019/08/21 03:00:00",BBTHREE3,-1.15
D,DISPATCH,UNIT_SCADA,1,"2019/08/21 03:00:00",BDL01,0
D,DISPATCH,UNIT_SCADA,1,"2019/08/21 03:00:00",BDL02,0
D,DISPATCH,UNIT_SCADA,1,"2019/08/21 03:00:00",BERYLSF1,0
D,DISPATCH,UNIT_SCADA,1,"2019/08/21 03:00:00",BLOWERNG,0
D,DISPATCH,UNIT_SCADA,1,"2019/08/21 03:00:00",BLUFF1,37.90
D,DISPATCH,UNIT_SCADA,1,"2019/08/21 03:00:00",BNGSF1,0
D,DISPATCH,UNIT_SCADA,1,"2019/08/21 03:00:00",BNGSF2,0
D,DISPATCH,UNIT_SCADA,1,"2019/08/21 03:00:00",BOCORWF1,107.13
D,DISPATCH,UNIT_SCADA,1,"2019/08/21 03:00:00",BODWF1,78.7306
D,DISPATCH,UNIT_SCADA,1,"2019/08/21 03:00:00",BRAEMAR1,0
D,DISPATCH,UNIT_SCADA,1,"2019/08/21 03:00:00",BRAEMAR2,0
D,DISPATCH,UNIT_SCADA,1,"2019/08/21 03:00:00",BRAEMAR3,0
D,DISPATCH,UNIT_SCADA,1,"2019/08/21 03:00:00",BRAEMAR5,0
D,DISPATCH,UNIT_SCADA,1,"2019/08/21 03:00:00",BRAEMAR6,0
D,DISPATCH,UNIT_SCADA,1,"2019/08/21 03:00:00",BRAEMAR7,0
D,DISPATCH,UNIT_SCADA,1,"2019/08/21 03:00:00",BROKENH1,0
D,DISPATCH,UNIT_SCADA,1,"2019/08/21 03:00:00",BW01,418.550050
D,DISPATCH,UNIT_SCADA,1,"2019/08/21 03:00:00",BW02,517.450070
D,DISPATCH,UNIT_SCADA,1,"2019/08/21 03:00:00",BW03,509.50
D,DISPATCH,UNIT_SCADA,1,"2019/08/21 03:00:00",BW04,0
D,DISPATCH,UNIT_SCADA,1,"2019/08/21 03:00:00",CALL_B_1,350.300020
D,DISPATCH,UNIT_SCADA,1,"2019/08/21 03:00:00",CALL_B_2,296.899990
D,DISPATCH,UNIT_SCADA,1,"2019/08/21 03:00:00",CETHANA,43.698250
D,DISPATCH,UNIT_SCADA,1,"2019/08/21 03:00:00",CG1,0
D,DISPATCH,UNIT_SCADA,1,"2019/08/21 03:00:00",CG2,0
D,DISPATCH,UNIT_SCADA,1,"2019/08/21 03:00:00",CG3,0
D,DISPATCH,UNIT_SCADA,1,"2019/08/21 03:00:00",CG4,0
D,DISPATCH,UNIT_SCADA,1,"2019/08/21 03:00:00",CHILDSF1,0
D,DISPATCH,UNIT_SCADA,1,"2019/08/21 03:00:00",CLARESF1,0
D,DISPATCH,UNIT_SCADA,1,"2019/08/21 03:00:00",CLEMGPWF,15.6316
D,DISPATCH,UNIT_SCADA,1,"2019/08/21 03:00:00",CLERMSF1,0
D,DISPATCH,UNIT_SCADA,1,"2019/08/21 03:00:00",COLEASF1,0
D,DISPATCH,UNIT_SCADA,1,"2019/08/21 03:00:00",COOPGWF1,30.763670
D,DISPATCH,UNIT_SCADA,1,"2019/08/21 03:00:00",CPP_3,381.149990
D,DISPATCH,UNIT_SCADA,1,"2019/08/21 03:00:00",CPP_4,380.8750
D,DISPATCH,UNIT_SCADA,1,"2019/08/21 03:00:00",CPSA,142.536880
D,DISPATCH,UNIT_SCADA,1,"2019/08/21 03:00:00",CROOKWF2,88.313760
D,DISPATCH,UNIT_SCADA,1,"2019/08/21 03:00:00",CROWLWF1,59.6951
D,DISPATCH,UNIT_SCADA,1,"2019/08/21 03:00:00",CSPVPS1,0
D,DISPATCH,UNIT_SCADA,1,"2019/08/21 03:00:00",DALNTH01,0
D,DISPATCH,UNIT_SCADA,1,"2019/08/21 03:00:00",DALNTHL1,1.0605
D,DISPATCH,UNIT_SCADA,1,"2019/08/21 03:00:00",DARTM1,0
D,DISPATCH,UNIT_SCADA,1,"2019/08/21 03:00:00",DAYDSF1,0
D,DISPATCH,UNIT_SCADA,1,"2019/08/21 03:00:00",DDPS1,0
D,DISPATCH,UNIT_SCADA,1,"2019/08/21 03:00:00",DDSF1,0
D,DISPATCH,UNIT_SCADA,1,"2019/08/21 03:00:00",DEVILS_G,50.494710
D,DISPATCH,UNIT_SCADA,1,"2019/08/21 03:00:00",DG_NSW1,0
D,DISPATCH,UNIT_SCADA,1,"2019/08/21 03:00:00",DG_QLD1,0
D,DISPATCH,UNIT_SCADA,1,"2019/08/21 03:00:00",DG_SA1,0
D,DISPATCH,UNIT_SCADA,1,"2019/08/21 03:00:00",DG_TAS1,0
D,DISPATCH,UNIT_SCADA,1,"2019/08/21 03:00:00",DG_VIC1,0
D,DISPATCH,UNIT_SCADA,1,"2019/08/21 03:00:00",DRYCGT1,0
D,DISPATCH,UNIT_SCADA,1,"2019/08/21 03:00:00",DRYCGT2,0
D,DISPATCH,UNIT_SCADA,1,"2019/08/21 03:00:00",DRYCGT3,0
D,DISPATCH,UNIT_SCADA,1,"2019/08/21 03:00:00",EILDON1,0
D,DISPATCH,UNIT_SCADA,1,"2019/08/21 03:00:00",EILDON2,0
D,DISPATCH,UNIT_SCADA,1,"2019/08/21 03:00:00",EMERASF1,0
D,DISPATCH,UNIT_SCADA,1,"2019/08/21 03:00:00",ER01,429.8750
D,DISPATCH,UNIT_SCADA,1,"2019/08/21 03:00:00",ER02,350.825070
D,DISPATCH,UNIT_SCADA,1,"2019/08/21 03:00:00",ER03,379.424930
D,DISPATCH,UNIT_SCADA,1,"2019/08/21 03:00:00",ER04,439.675050
D,DISPATCH,UNIT_SCADA,1,"2019/08/21 03:00:00",FINLYSF1,0
D,DISPATCH,UNIT_SCADA,1,"2019/08/21 03:00:00",FISHER,45.82
D,DISPATCH,UNIT_SCADA,1,"2019/08/21 03:00:00",GANNBG1,0
D,DISPATCH,UNIT_SCADA,1,"2019/08/21 03:00:00",GANNBL1,10.009750
D,DISPATCH,UNIT_SCADA,1,"2019/08/21 03:00:00",GANNSF1,0
D,DISPATCH,UNIT_SCADA,1,"2019/08/21 03:00:00",GORDON,0
D,DISPATCH,UNIT_SCADA,1,"2019/08/21 03:00:00",GSTONE1,129.50
D,DISPATCH,UNIT_SCADA,1,"2019/08/21 03:00:00",GSTONE2,130.20
D,DISPATCH,UNIT_SCADA,1,"2019/08/21 03:00:00",GSTONE3,130.20
D,DISPATCH,UNIT_SCADA,1,"2019/08/21 03:00:00",GSTONE4,130.3750
D,DISPATCH,UNIT_SCADA,1,"2019/08/21 03:00:00",GSTONE5,128.974990
D,DISPATCH,UNIT_SCADA,1,"2019/08/21 03:00:00",GSTONE6,0
D,DISPATCH,UNIT_SCADA,1,"2019/08/21 03:00:00",GULLRSF1,0
D,DISPATCH,UNIT_SCADA,1,"2019/08/21 03:00:00",GULLRWF1,160.322780
D,DISPATCH,UNIT_SCADA,1,"2019/08/21 03:00:00",GUNNING1,46.357980
D,DISPATCH,UNIT_SCADA,1,"2019/08/21 03:00:00",GUTHEGA,0
D,DISPATCH,UNIT_SCADA,1,"2019/08/21 03:00:00",HALLWF1,66.81
D,DISPATCH,UNIT_SCADA,1,"2019/08/21 03:00:00",HALLWF2,50.67
D,DISPATCH,UNIT_SCADA,1,"2019/08/21 03:00:00",HAMISF1,0
D,DISPATCH,UNIT_SCADA,1,"2019/08/21 03:00:00",HAUGHT11,0
D,DISPATCH,UNIT_SCADA,1,"2019/08/21 03:00:00",HAYMSF1,0
D,DISPATCH,UNIT_SCADA,1,"2019/08/21 03:00:00",HDWF1,71.70
D,DISPATCH,UNIT_SCADA,1,"2019/08/21 03:00:00",HDWF2,71.70
D,DISPATCH,UNIT_SCADA,1,"2019/08/21 03:00:00",HDWF3,76.60
D,DISPATCH,UNIT_SCADA,1,"2019/08/21 03:00:00",HPRG1,0
D,DISPATCH,UNIT_SCADA,1,"2019/08/21 03:00:00",HPRL1,40
D,DISPATCH,UNIT_SCADA,1,"2019/08/21 03:00:00",HUMENSW,0
D,DISPATCH,UNIT_SCADA,1,"2019/08/21 03:00:00",HUMEV,8.70
D,DISPATCH,UNIT_SCADA,1,"2019/08/21 03:00:00",HVGTS,0
D,DISPATCH,UNIT_SCADA,1,"2019/08/21 03:00:00",JBUTTERS,38.71
D,DISPATCH,UNIT_SCADA,1,"2019/08/21 03:00:00",JLA01,0.50
D,DISPATCH,UNIT_SCADA,1,"2019/08/21 03:00:00",JLA02,0
D,DISPATCH,UNIT_SCADA,1,"2019/08/21 03:00:00",JLA03,0.10
D,DISPATCH,UNIT_SCADA,1,"2019/08/21 03:00:00",JLA04,0.10
D,DISPATCH,UNIT_SCADA,1,"2019/08/21 03:00:00",JLB01,0
D,DISPATCH,UNIT_SCADA,1,"2019/08/21 03:00:00",JLB02,0.10
D,DISPATCH,UNIT_SCADA,1,"2019/08/21 03:00:00",JLB03,0
D,DISPATCH,UNIT_SCADA,1,"2019/08/21 03:00:00",KAREEYA1,21.5575
D,DISPATCH,UNIT_SCADA,1,"2019/08/21 03:00:00",KAREEYA2,21.95
D,DISPATCH,UNIT_SCADA,1,"2019/08/21 03:00:00",KAREEYA3,0
D,DISPATCH,UNIT_SCADA,1,"2019/08/21 03:00:00",KAREEYA4,21.7350
D,DISPATCH,UNIT_SCADA,1,"2019/08/21 03:00:00",KARSF1,0
D,DISPATCH,UNIT_SCADA,1,"2019/08/21 03:00:00",KIATAWF1,30.90
D,DISPATCH,UNIT_SCADA,1,"2019/08/21 03:00:00",KPP_1,0
D,DISPATCH,UNIT_SCADA,1,"2019/08/21 03:00:00",KSP1,0
D,DISPATCH,UNIT_SCADA,1,"2019/08/21 03:00:00",LADBROK1,0
D,DISPATCH,UNIT_SCADA,1,"2019/08/21 03:00:00",LADBROK2,0
D,DISPATCH,UNIT_SCADA,1,"2019/08/21 03:00:00",LD01,353.981320
D,DISPATCH,UNIT_SCADA,1,"2019/08/21 03:00:00",LD02,304.050020
D,DISPATCH,UNIT_SCADA,1,"2019/08/21 03:00:00",LD03,327.693790
D,DISPATCH,UNIT_SCADA,1,"2019/08/21 03:00:00",LD04,355.462460
D,DISPATCH,UNIT_SCADA,1,"2019/08/21 03:00:00",LEM_WIL,85.9897
D,DISPATCH,UNIT_SCADA,1,"2019/08/21 03:00:00",LGAPWF1,14.19
D,DISPATCH,UNIT_SCADA,1,"2019/08/21 03:00:00",LILYSF1,0
D,DISPATCH,UNIT_SCADA,1,"2019/08/21 03:00:00",LI_WY_CA,147.709230
D,DISPATCH,UNIT_SCADA,1,"2019/08/21 03:00:00",LKBONNY2,112.110440
D,DISPATCH,UNIT_SCADA,1,"2019/08/21 03:00:00",LKBONNY3,27.1295
D,DISPATCH,UNIT_SCADA,1,"2019/08/21 03:00:00",LK_ECHO,0
D,DISPATCH,UNIT_SCADA,1,"2019/08/21 03:00:00",LNGS1,0
D,DISPATCH,UNIT_SCADA,1,"2019/08/21 03:00:00",LNGS2,0
D,DISPATCH,UNIT_SCADA,1,"2019/08/21 03:00:00",LONSDALE,0
D,DISPATCH,UNIT_SCADA,1,"2019/08/21 03:00:00",LOYYB1,535.712650
D,DISPATCH,UNIT_SCADA,1,"2019/08/21 03:00:00",LOYYB2,581.202510
D,DISPATCH,UNIT_SCADA,1,"2019/08/21 03:00:00",LYA1,519
D,DISPATCH,UNIT_SCADA,1,"2019/08/21 03:00:00",LYA2,0
D,DISPATCH,UNIT_SCADA,1,"2019/08/21 03:00:00",LYA3,519
D,DISPATCH,UNIT_SCADA,1,"2019/08/21 03:00:00",LYA4,530
D,DISPATCH,UNIT_SCADA,1,"2019/08/21 03:00:00",MACARTH1,397.7908
D,DISPATCH,UNIT_SCADA,1,"2019/08/21 03:00:00",MACKAYGT,0
D,DISPATCH,UNIT_SCADA,1,"2019/08/21 03:00:00",MACKNTSH,85.38
D,DISPATCH,UNIT_SCADA,1,"2019/08/21 03:00:00",MANSLR1,0
D,DISPATCH,UNIT_SCADA,1,"2019/08/21 03:00:00",MCKAY1,0.02
D,DISPATCH,UNIT_SCADA,1,"2019/08/21 03:00:00",MEADOWBK,33.953040
D,DISPATCH,UNIT_SCADA,1,"2019/08/21 03:00:00",MERCER01,129.6460
D,DISPATCH,UNIT_SCADA,1,"2019/08/21 03:00:00",MEWF1,106.082310
D,DISPATCH,UNIT_SCADA,1,"2019/08/21 03:00:00",MINTARO,0
D,DISPATCH,UNIT_SCADA,1,"2019/08/21 03:00:00",MOREESF1,0
D,DISPATCH,UNIT_SCADA,1,"2019/08/21 03:00:00",MORTLK11,0
D,DISPATCH,UNIT_SCADA,1,"2019/08/21 03:00:00",MORTLK12,0
D,DISPATCH,UNIT_SCADA,1,"2019/08/21 03:00:00",MP1,283.175050
D,DISPATCH,UNIT_SCADA,1,"2019/08/21 03:00:00",MP2,0
D,DISPATCH,UNIT_SCADA,1,"2019/08/21 03:00:00",MPP_1,377
D,DISPATCH,UNIT_SCADA,1,"2019/08/21 03:00:00",MPP_2,409.50
D,DISPATCH,UNIT_SCADA,1,"2019/08/21 03:00:00",MSTUART1,0
D,DISPATCH,UNIT_SCADA,1,"2019/08/21 03:00:00",MSTUART2,0
D,DISPATCH,UNIT_SCADA,1,"2019/08/21 03:00:00",MSTUART3,0
D,DISPATCH,UNIT_SCADA,1,"2019/08/21 03:00:00",MTGELWF1,64.333020
D,DISPATCH,UNIT_SCADA,1,"2019/08/21 03:00:00",MURRAY,0
D,DISPATCH,UNIT_SCADA,1,"2019/08/21 03:00:00",MUSSELR1,163
D,DISPATCH,UNIT_SCADA,1,"2019/08/21 03:00:00",MUWAWF1,40.72
D,DISPATCH,UNIT_SCADA,1,"2019/08/21 03:00:00",NBHWF1,83.899990
D,DISPATCH,UNIT_SCADA,1,"2019/08/21 03:00:00",NPS,0
D,DISPATCH,UNIT_SCADA,1,"2019/08/21 03:00:00",NUMURSF1,0
D,DISPATCH,UNIT_SCADA,1,"2019/08/21 03:00:00",NYNGAN1,0
D,DISPATCH,UNIT_SCADA,1,"2019/08/21 03:00:00",OAKEY1,0
D,DISPATCH,UNIT_SCADA,1,"2019/08/21 03:00:00",OAKEY1SF,0
D,DISPATCH,UNIT_SCADA,1,"2019/08/21 03:00:00",OAKEY2,0
D,DISPATCH,UNIT_SCADA,1,"2019/08/21 03:00:00",OAKLAND1,61.10
D,DISPATCH,UNIT_SCADA,1,"2019/08/21 03:00:00",OSB-AG,0
D,DISPATCH,UNIT_SCADA,1,"2019/08/21 03:00:00",PARSF1,0
D,DISPATCH,UNIT_SCADA,1,"2019/08/21 03:00:00",POAT110,0
D,DISPATCH,UNIT_SCADA,1,"2019/08/21 03:00:00",POAT220,1.16
D,DISPATCH,UNIT_SCADA,1,"2019/08/21 03:00:00",POR01,0
D,DISPATCH,UNIT_SCADA,1,"2019/08/21 03:00:00",POR03,0
D,DISPATCH,UNIT_SCADA,1,"2019/08/21 03:00:00",PPCCGT,173.5522
D,DISPATCH,UNIT_SCADA,1,"2019/08/21 03:00:00",PTSTAN1,0
D,DISPATCH,UNIT_SCADA,1,"2019/08/21 03:00:00",PUMP1,0
D,DISPATCH,UNIT_SCADA,1,"2019/08/21 03:00:00",PUMP2,0
D,DISPATCH,UNIT_SCADA,1,"2019/08/21 03:00:00",QPS1,0
D,DISPATCH,UNIT_SCADA,1,"2019/08/21 03:00:00",QPS2,0
D,DISPATCH,UNIT_SCADA,1,"2019/08/21 03:00:00",QPS3,0
D,DISPATCH,UNIT_SCADA,1,"2019/08/21 03:00:00",QPS4,0
D,DISPATCH,UNIT_SCADA,1,"2019/08/21 03:00:00",QPS5,0
D,DISPATCH,UNIT_SCADA,1,"2019/08/21 03:00:00",REECE1,118.320010
D,DISPATCH,UNIT_SCADA,1,"2019/08/21 03:00:00",REECE2,112.420010
D,DISPATCH,UNIT_SCADA,1,"2019/08/21 03:00:00",ROMA_7,0
D,DISPATCH,UNIT_SCADA,1,"2019/08/21 03:00:00",ROMA_8,0
D,DISPATCH,UNIT_SCADA,1,"2019/08/21 03:00:00",RRSF1,0
D,DISPATCH,UNIT_SCADA,1,"2019/08/21 03:00:00",RT_NSW1,0
D,DISPATCH,UNIT_SCADA,1,"2019/08/21 03:00:00",RT_NSW2,0
D,DISPATCH,UNIT_SCADA,1,"2019/08/21 03:00:00",RT_NSW3,0
D,DISPATCH,UNIT_SCADA,1,"2019/08/21 03:00:00",RT_NSW4,0
D,DISPATCH,UNIT_SCADA,1,"2019/08/21 03:00:00",RT_NSW5,0
D,DISPATCH,UNIT_SCADA,1,"2019/08/21 03:00:00",RT_NSW6,0
D,DISPATCH,UNIT_SCADA,1,"2019/08/21 03:00:00",RT_QLD1,0
D,DISPATCH,UNIT_SCADA,1,"2019/08/21 03:00:00",RT_SA1,0
D,DISPATCH,UNIT_SCADA,1,"2019/08/21 03:00:00",RT_SA2,0
D,DISPATCH,UNIT_SCADA,1,"2019/08/21 03:00:00",RT_SA3,0
D,DISPATCH,UNIT_SCADA,1,"2019/08/21 03:00:00",RT_SA4,0
D,DISPATCH,UNIT_SCADA,1,"2019/08/21 03:00:00",RT_SA5,0
D,DISPATCH,UNIT_SCADA,1,"2019/08/21 03:00:00",RT_SA6,0
D,DISPATCH,UNIT_SCADA,1,"2019/08/21 03:00:00",RT_TAS1,0
D,DISPATCH,UNIT_SCADA,1,"2019/08/21 03:00:00",RT_VIC1,0
D,DISPATCH,UNIT_SCADA,1,"2019/08/21 03:00:00",RT_VIC10,0
D,DISPATCH,UNIT_SCADA,1,"2019/08/21 03:00:00",RT_VIC11,0
D,DISPATCH,UNIT_SCADA,1,"2019/08/21 03:00:00",RT_VIC12,0
D,DISPATCH,UNIT_SCADA,1,"2019/08/21 03:00:00",RT_VIC2,0
D,DISPATCH,UNIT_SCADA,1,"2019/08/21 03:00:00",RT_VIC3,0
D,DISPATCH,UNIT_SCADA,1,"2019/08/21 03:00:00",RT_VIC4,0
D,DISPATCH,UNIT_SCADA,1,"2019/08/21 03:00:00",RT_VIC5,0
D,DISPATCH,UNIT_SCADA,1,"2019/08/21 03:00:00",RT_VIC6,0
D,DISPATCH,UNIT_SCADA,1,"2019/08/21 03:00:00",RT_VIC7,0
D,DISPATCH,UNIT_SCADA,1,"2019/08/21 03:00:00",RT_VIC8,0
D,DISPATCH,UNIT_SCADA,1,"2019/08/21 03:00:00",RT_VIC9,0
D,DISPATCH,UNIT_SCADA,1,"2019/08/21 03:00:00",RUGBYR1,0
D,DISPATCH,UNIT_SCADA,1,"2019/08/21 03:00:00",SALTCRK1,51.31
D,DISPATCH,UNIT_SCADA,1,"2019/08/21 03:00:00",SAPHWF1,177.440610
D,DISPATCH,UNIT_SCADA,1,"2019/08/21 03:00:00",SHGEN,0
D,DISPATCH,UNIT_SCADA,1,"2019/08/21 03:00:00",SHPUMP,200.093990
D,DISPATCH,UNIT_SCADA,1,"2019/08/21 03:00:00",SITHE01,0.123710
D,DISPATCH,UNIT_SCADA,1,"2019/08/21 03:00:00",SMCSF1,0
D,DISPATCH,UNIT_SCADA,1,"2019/08/21 03:00:00",SNOWNTH1,101.20
D,DISPATCH,UNIT_SCADA,1,"2019/08/21 03:00:00",SNOWSTH1,85.899990
D,DISPATCH,UNIT_SCADA,1,"2019/08/21 03:00:00",SNOWTWN1,63.103020
D,DISPATCH,UNIT_SCADA,1,"2019/08/21 03:00:00",SNOWYP,380.50
D,DISPATCH,UNIT_SCADA,1,"2019/08/21 03:00:00",SNUG1,0.019440
D,DISPATCH,UNIT_SCADA,1,"2019/08/21 03:00:00",SRSF1,0.07
D,DISPATCH,UNIT_SCADA,1,"2019/08/21 03:00:00",STAN-1,0
D,DISPATCH,UNIT_SCADA,1,"2019/08/21 03:00:00",STAN-2,180.102910
D,DISPATCH,UNIT_SCADA,1,"2019/08/21 03:00:00",STAN-3,220.171360
D,DISPATCH,UNIT_SCADA,1,"2019/08/21 03:00:00",STAN-4,189.946980
D,DISPATCH,UNIT_SCADA,1,"2019/08/21 03:00:00",STWF1,152.527510
D,DISPATCH,UNIT_SCADA,1,"2019/08/21 03:00:00",SWAN_E,0
D,DISPATCH,UNIT_SCADA,1,"2019/08/21 03:00:00",TALWA1,191
D,DISPATCH,UNIT_SCADA,1,"2019/08/21 03:00:00",TARALGA1,50.7825
D,DISPATCH,UNIT_SCADA,1,"2019/08/21 03:00:00",TARONG#1,280.50
D,DISPATCH,UNIT_SCADA,1,"2019/08/21 03:00:00",TARONG#2,111
D,DISPATCH,UNIT_SCADA,1,"2019/08/21 03:00:00",TARONG#3,259.50
D,DISPATCH,UNIT_SCADA,1,"2019/08/21 03:00:00",TARONG#4,281
D,DISPATCH,UNIT_SCADA,1,"2019/08/21 03:00:00",TARRALEA,85
D,DISPATCH,UNIT_SCADA,1,"2019/08/21 03:00:00",TBSF1,-0.20
D,DISPATCH,UNIT_SCADA,1,"2019/08/21 03:00:00",TNPS1,400.000030
D,DISPATCH,UNIT_SCADA,1,"2019/08/21 03:00:00",TORRA1,38.337390
D,DISPATCH,UNIT_SCADA,1,"2019/08/21 03:00:00",TORRA2,0
D,DISPATCH,UNIT_SCADA,1,"2019/08/21 03:00:00",TORRA3,0
D,DISPATCH,UNIT_SCADA,1,"2019/08/21 03:00:00",TORRA4,0
D,DISPATCH,UNIT_SCADA,1,"2019/08/21 03:00:00",TORRB1,40.78
D,DISPATCH,UNIT_SCADA,1,"2019/08/21 03:00:00",TORRB2,39.80
D,DISPATCH,UNIT_SCADA,1,"2019/08/21 03:00:00",TORRB3,0
D,DISPATCH,UNIT_SCADA,1,"2019/08/21 03:00:00",TORRB4,0
D,DISPATCH,UNIT_SCADA,1,"2019/08/21 03:00:00",TREVALLN,1.80
D,DISPATCH,UNIT_SCADA,1,"2019/08/21 03:00:00",TRIBUTE,0
D,DISPATCH,UNIT_SCADA,1,"2019/08/21 03:00:00",TUMUT3,0
D,DISPATCH,UNIT_SCADA,1,"2019/08/21 03:00:00",TUNGATIN,10.30
D,DISPATCH,UNIT_SCADA,1,"2019/08/21 03:00:00",TVCC201,0
D,DISPATCH,UNIT_SCADA,1,"2019/08/21 03:00:00",TVPP104,0
D,DISPATCH,UNIT_SCADA,1,"2019/08/21 03:00:00",UPPTUMUT,0
D,DISPATCH,UNIT_SCADA,1,"2019/08/21 03:00:00",URANQ11,0
D,DISPATCH,UNIT_SCADA,1,"2019/08/21 03:00:00",URANQ12,0
D,DISPATCH,UNIT_SCADA,1,"2019/08/21 03:00:00",URANQ13,0
D,DISPATCH,UNIT_SCADA,1,"2019/08/21 03:00:00",URANQ14,0
D,DISPATCH,UNIT_SCADA,1,"2019/08/21 03:00:00",VP5,310.274990
D,DISPATCH,UNIT_SCADA,1,"2019/08/21 03:00:00",VP6,307.975010
D,DISPATCH,UNIT_SCADA,1,"2019/08/21 03:00:00",VPGS1,0
D,DISPATCH,UNIT_SCADA,1,"2019/08/21 03:00:00",VPGS2,0
D,DISPATCH,UNIT_SCADA,1,"2019/08/21 03:00:00",VPGS3,0
D,DISPATCH,UNIT_SCADA,1,"2019/08/21 03:00:00",VPGS4,0
D,DISPATCH,UNIT_SCADA,1,"2019/08/21 03:00:00",VPGS5,0
D,DISPATCH,UNIT_SCADA,1,"2019/08/21 03:00:00",VPGS6,0
D,DISPATCH,UNIT_SCADA,1,"2019/08/21 03:00:00",W/HOE#1,0
D,DISPATCH,UNIT_SCADA,1,"2019/08/21 03:00:00",W/HOE#2,0
D,DISPATCH,UNIT_SCADA,1,"2019/08/21 03:00:00",WATERLWF,90.40
D,DISPATCH,UNIT_SCADA,1,"2019/08/21 03:00:00",WEMENSF1,0
D,DISPATCH,UNIT_SCADA,1,"2019/08/21 03:00:00",WGWF1,80.20
D,DISPATCH,UNIT_SCADA,1,"2019/08/21 03:00:00",WHITSF1,0
D,DISPATCH,UNIT_SCADA,1,"2019/08/21 03:00:00",WKIEWA1,0
D,DISPATCH,UNIT_SCADA,1,"2019/08/21 03:00:00",WKIEWA2,16.10
D,DISPATCH,UNIT_SCADA,1,"2019/08/21 03:00:00",WOODLWN1,24.75
D,DISPATCH,UNIT_SCADA,1,"2019/08/21 03:00:00",WRSF1,0
D,DISPATCH,UNIT_SCADA,1,"2019/08/21 03:00:00",WRWF1,147.61
D,DISPATCH,UNIT_SCADA,1,"2019/08/21 03:00:00",YABULU,0
D,DISPATCH,UNIT_SCADA,1,"2019/08/21 03:00:00",YABULU2,0
D,DISPATCH,UNIT_SCADA,1,"2019/08/21 03:00:00",YARWUN_1,0
D,DISPATCH,UNIT_SCADA,1,"2019/08/21 03:00:00",YENDWF1,41.93
D,DISPATCH,UNIT_SCADA,1,"2019/08/21 03:00:00",YWPS1,308.518980
D,DISPATCH,UNIT_SCADA,1,"2019/08/21 03:00:00",YWPS2,281.200010
D,DISPATCH,UNIT_SCADA,1,"2019/08/21 03:00:00",YWPS3,0
D,DISPATCH,UNIT_SCADA,1,"2019/08/21 03:00:00",YWPS4,319.869630
C,"END OF REPORT",334
