C,NEMP.WORLD,DISPATCHSCADA,AEMO,PUBLIC,2019/09/06,03:35:09,0000000312446271,DISPATCHSCADA,0000000312446265
I,DISPATCH,UNIT_SCADA,1,SETTLEMENTDATE,DUID,SCADAVALUE
D,DISPATCH,UNIT_SCADA,1,"2019/09/06 03:40:00",BARCSF1,0.30
D,DISPATCH,UNIT_SCADA,1,"2019/09/06 03:40:00",BUTLERSG,10.199999
D,DISPATCH,UNIT_SCADA,1,"2019/09/06 03:40:00",CALL_A_4,0
D,DISPATCH,UNIT_SCADA,1,"2019/09/06 03:40:00",CAPTL_WF,60.487999
D,DISPATCH,UNIT_SCADA,1,"2019/09/06 03:40:00",CATHROCK,0
D,DISPATCH,UNIT_SCADA,1,"2019/09/06 03:40:00",CHALLHWF,23.799999
D,DISPATCH,UNIT_SCADA,1,"2019/09/06 03:40:00",CLOVER,0
D,DISPATCH,UNIT_SCADA,1,"2019/09/06 03:40:00",CLUNY,14.306706
D,DISPATCH,UNIT_SCADA,1,"2019/09/06 03:40:00",CNUNDAWF,11.313198
D,DISPATCH,UNIT_SCADA,1,"2019/09/06 03:40:00",CULLRGWF,6.69
D,DISPATCH,UNIT_SCADA,1,"2019/09/06 03:40:00",ERGT01,0
D,DISPATCH,UNIT_SCADA,1,"2019/09/06 03:40:00",GB01,0.014961
D,DISPATCH,UNIT_SCADA,1,"2019/09/06 03:40:00",GERMCRK,38
D,DISPATCH,UNIT_SCADA,1,"2019/09/06 03:40:00",GRIFSF1,0
D,DISPATCH,UNIT_SCADA,1,"2019/09/06 03:40:00",HUGSF1,-0.2330
D,DISPATCH,UNIT_SCADA,1,"2019/09/06 03:40:00",LKBONNY1,23.131124
D,DISPATCH,UNIT_SCADA,1,"2019/09/06 03:40:00",LRSF1,-0.0010
D,DISPATCH,UNIT_SCADA,1,"2019/09/06 03:40:00",MBAHNTH,50.024994
D,DISPATCH,UNIT_SCADA,1,"2019/09/06 03:40:00",MLSP1,0
D,DISPATCH,UNIT_SCADA,1,"2019/09/06 03:40:00",MLWF1,5.8650
D,DISPATCH,UNIT_SCADA,1,"2019/09/06 03:40:00",MTMILLAR,56.338169
D,DISPATCH,UNIT_SCADA,1,"2019/09/06 03:40:00",PALOONA,25.969999
D,DISPATCH,UNIT_SCADA,1,"2019/09/06 03:40:00",PIONEER,42.400002
D,DISPATCH,UNIT_SCADA,1,"2019/09/06 03:40:00",PORTWF,58.200001
D,DISPATCH,UNIT_SCADA,1,"2019/09/06 03:40:00",REPULSE,32.637829
D,DISPATCH,UNIT_SCADA,1,"2019/09/06 03:40:00",ROWALLAN,10.3731
D,DISPATCH,UNIT_SCADA,1,"2019/09/06 03:40:00",ROYALLA1,0
D,DISPATCH,UNIT_SCADA,1,"2019/09/06 03:40:00",RPCG,9.10
D,DISPATCH,UNIT_SCADA,1,"2019/09/06 03:40:00",RUBICON,0
D,DISPATCH,UNIT_SCADA,1,"2019/09/06 03:40:00",SATGN1,0
D,DISPATCH,UNIT_SCADA,1,"2019/09/06 03:40:00",SATGS1,0
D,DISPATCH,UNIT_SCADA,1,"2019/09/06 03:40:00",STARHLWF,26.792187
D,DISPATCH,UNIT_SCADA,1,"2019/09/06 03:40:00",WAUBRAWF,26.0070
D,DISPATCH,UNIT_SCADA,1,"2019/09/06 03:40:00",WOOLNTH1,97.590019
D,DISPATCH,UNIT_SCADA,1,"2019/09/06 03:40:00",WPWF,85
D,DISPATCH,UNIT_SCADA,1,"2019/09/06 03:40:00",YAMBUKWF,7.10
D,DISPATCH,UNIT_SCADA,1,"2019/09/06 03:40:00",YSWF1,5
D,DISPATCH,UNIT_SCADA,1,"2019/09/06 03:40:00",AGLHAL,0
D,DISPATCH,UNIT_SCADA,1,"2019/09/06 03:40:00",AGLSOM,0
D,DISPATCH,UNIT_SCADA,1,"2019/09/06 03:40:00",ANGAST1,0
D,DISPATCH,UNIT_SCADA,1,"2019/09/06 03:40:00",ARWF1,23.30
D,DISPATCH,UNIT_SCADA,1,"2019/09/06 03:40:00",BALBG1,0
D,DISPATCH,UNIT_SCADA,1,"2019/09/06 03:40:00",BALBL1,0
D,DISPATCH,UNIT_SCADA,1,"2019/09/06 03:40:00",BALDHWF1,18.41
D,DISPATCH,UNIT_SCADA,1,"2019/09/06 03:40:00",BANN1,0
D,DISPATCH,UNIT_SCADA,1,"2019/09/06 03:40:00",BARCALDN,0
D,DISPATCH,UNIT_SCADA,1,"2019/09/06 03:40:00",BARRON-1,0
D,DISPATCH,UNIT_SCADA,1,"2019/09/06 03:40:00",BARRON-2,0
D,DISPATCH,UNIT_SCADA,1,"2019/09/06 03:40:00",BASTYAN,80.810010
D,DISPATCH,UNIT_SCADA,1,"2019/09/06 03:40:00",BBTHREE1,0
D,DISPATCH,UNIT_SCADA,1,"2019/09/06 03:40:00",BBTHREE2,0
D,DISPATCH,UNIT_SCADA,1,"2019/09/06 03:40:00",BBTHREE3,0
D,DISPATCH,UNIT_SCADA,1,"2019/09/06 03:40:00",BDL01,0
D,DISPATCH,UNIT_SCADA,1,"2019/09/06 03:40:00",BDL02,0
D,DISPATCH,UNIT_SCADA,1,"2019/09/06 03:40:00",BERYLSF1,0
D,DISPATCH,UNIT_SCADA,1,"2019/09/06 03:40:00",BLOWERNG,15.50
D,DISPATCH,UNIT_SCADA,1,"2019/09/06 03:40:00",BLUFF1,52.80
D,DISPATCH,UNIT_SCADA,1,"2019/09/06 03:40:00",BNGSF1,0
D,DISPATCH,UNIT_SCADA,1,"2019/09/06 03:40:00",BNGSF2,0
D,DISPATCH,UNIT_SCADA,1,"2019/09/06 03:40:00",BOCORWF1,68.30
D,DISPATCH,UNIT_SCADA,1,"2019/09/06 03:40:00",BODWF1,47.8994
D,DISPATCH,UNIT_SCADA,1,"2019/09/06 03:40:00",BRAEMAR1,0
D,DISPATCH,UNIT_SCADA,1,"2019/09/06 03:40:00",BRAEMAR2,0
D,DISPATCH,UNIT_SCADA,1,"2019/09/06 03:40:00",BRAEMAR3,0
D,DISPATCH,UNIT_SCADA,1,"2019/09/06 03:40:00",BRAEMAR5,0
D,DISPATCH,UNIT_SCADA,1,"2019/09/06 03:40:00",BRAEMAR6,0
D,DISPATCH,UNIT_SCADA,1,"2019/09/06 03:40:00",BRAEMAR7,0
D,DISPATCH,UNIT_SCADA,1,"2019/09/06 03:40:00",BROKENH1,0
D,DISPATCH,UNIT_SCADA,1,"2019/09/06 03:40:00",BW01,515.275020
D,DISPATCH,UNIT_SCADA,1,"2019/09/06 03:40:00",BW02,552.700070
D,DISPATCH,UNIT_SCADA,1,"2019/09/06 03:40:00",BW03,610.849980
D,DISPATCH,UNIT_SCADA,1,"2019/09/06 03:40:00",BW04,0
D,DISPATCH,UNIT_SCADA,1,"2019/09/06 03:40:00",CALL_B_1,350.200010
D,DISPATCH,UNIT_SCADA,1,"2019/09/06 03:40:00",CALL_B_2,279.700010
D,DISPATCH,UNIT_SCADA,1,"2019/09/06 03:40:00",CETHANA,96.148750
D,DISPATCH,UNIT_SCADA,1,"2019/09/06 03:40:00",CG1,0
D,DISPATCH,UNIT_SCADA,1,"2019/09/06 03:40:00",CG2,0
D,DISPATCH,UNIT_SCADA,1,"2019/09/06 03:40:00",CG3,0
D,DISPATCH,UNIT_SCADA,1,"2019/09/06 03:40:00",CG4,0
D,DISPATCH,UNIT_SCADA,1,"2019/09/06 03:40:00",CHILDSF1,0
D,DISPATCH,UNIT_SCADA,1,"2019/09/06 03:40:00",CLARESF1,0
D,DISPATCH,UNIT_SCADA,1,"2019/09/06 03:40:00",CLEMGPWF,55.394920
D,DISPATCH,UNIT_SCADA,1,"2019/09/06 03:40:00",CLERMSF1,0
D,DISPATCH,UNIT_SCADA,1,"2019/09/06 03:40:00",COLEASF1,0
D,DISPATCH,UNIT_SCADA,1,"2019/09/06 03:40:00",COOPGWF1,24.029630
D,DISPATCH,UNIT_SCADA,1,"2019/09/06 03:40:00",CPP_3,380.600010
D,DISPATCH,UNIT_SCADA,1,"2019/09/06 03:40:00",CPP_4,382.25
D,DISPATCH,UNIT_SCADA,1,"2019/09/06 03:40:00",CPSA,143.253750
D,DISPATCH,UNIT_SCADA,1,"2019/09/06 03:40:00",CROOKWF2,69.865010
D,DISPATCH,UNIT_SCADA,1,"2019/09/06 03:40:00",CROWLWF1,21.549060
D,DISPATCH,UNIT_SCADA,1,"2019/09/06 03:40:00",CSPVPS1,0
D,DISPATCH,UNIT_SCADA,1,"2019/09/06 03:40:00",DALNTH01,0
D,DISPATCH,UNIT_SCADA,1,"2019/09/06 03:40:00",DALNTHL1,0.032040
D,DISPATCH,UNIT_SCADA,1,"2019/09/06 03:40:00",DARTM1,0
D,DISPATCH,UNIT_SCADA,1,"2019/09/06 03:40:00",DAYDSF1,0
D,DISPATCH,UNIT_SCADA,1,"2019/09/06 03:40:00",DDPS1,0
D,DISPATCH,UNIT_SCADA,1,"2019/09/06 03:40:00",DDSF1,0
D,DISPATCH,UNIT_SCADA,1,"2019/09/06 03:40:00",DEVILS_G,63.624990
D,DISPATCH,UNIT_SCADA,1,"2019/09/06 03:40:00",DG_NSW1,0
D,DISPATCH,UNIT_SCADA,1,"2019/09/06 03:40:00",DG_QLD1,0
D,DISPATCH,UNIT_SCADA,1,"2019/09/06 03:40:00",DG_SA1,0
D,DISPATCH,UNIT_SCADA,1,"2019/09/06 03:40:00",DG_TAS1,0
D,DISPATCH,UNIT_SCADA,1,"2019/09/06 03:40:00",DG_VIC1,0
D,DISPATCH,UNIT_SCADA,1,"2019/09/06 03:40:00",DRYCGT1,0
D,DISPATCH,UNIT_SCADA,1,"2019/09/06 03:40:00",DRYCGT2,0
D,DISPATCH,UNIT_SCADA,1,"2019/09/06 03:40:00",DRYCGT3,0
D,DISPATCH,UNIT_SCADA,1,"2019/09/06 03:40:00",EILDON1,0
D,DISPATCH,UNIT_SCADA,1,"2019/09/06 03:40:00",EILDON2,0
D,DISPATCH,UNIT_SCADA,1,"2019/09/06 03:40:00",EMERASF1,0
D,DISPATCH,UNIT_SCADA,1,"2019/09/06 03:40:00",ER01,449.800050
D,DISPATCH,UNIT_SCADA,1,"2019/09/06 03:40:00",ER02,449.099980
D,DISPATCH,UNIT_SCADA,1,"2019/09/06 03:40:00",ER03,0
D,DISPATCH,UNIT_SCADA,1,"2019/09/06 03:40:00",ER04,450.1001
D,DISPATCH,UNIT_SCADA,1,"2019/09/06 03:40:00",FINLYSF1,0
D,DISPATCH,UNIT_SCADA,1,"2019/09/06 03:40:00",FISHER,44.20
D,DISPATCH,UNIT_SCADA,1,"2019/09/06 03:40:00",GANNBG1,0
D,DISPATCH,UNIT_SCADA,1,"2019/09/06 03:40:00",GANNBL1,10.007890
D,DISPATCH,UNIT_SCADA,1,"2019/09/06 03:40:00",GANNSF1,0
D,DISPATCH,UNIT_SCADA,1,"2019/09/06 03:40:00",GORDON,23.057440
D,DISPATCH,UNIT_SCADA,1,"2019/09/06 03:40:00",GSTONE1,133
D,DISPATCH,UNIT_SCADA,1,"2019/09/06 03:40:00",GSTONE2,109.7250
D,DISPATCH,UNIT_SCADA,1,"2019/09/06 03:40:00",GSTONE3,0
D,DISPATCH,UNIT_SCADA,1,"2019/09/06 03:40:00",GSTONE4,130.899990
D,DISPATCH,UNIT_SCADA,1,"2019/09/06 03:40:00",GSTONE5,131.774990
D,DISPATCH,UNIT_SCADA,1,"2019/09/06 03:40:00",GSTONE6,131.95
D,DISPATCH,UNIT_SCADA,1,"2019/09/06 03:40:00",GULLRSF1,0
D,DISPATCH,UNIT_SCADA,1,"2019/09/06 03:40:00",GULLRWF1,55.202150
D,DISPATCH,UNIT_SCADA,1,"2019/09/06 03:40:00",GUNNING1,10.658210
D,DISPATCH,UNIT_SCADA,1,"2019/09/06 03:40:00",GUTHEGA,0
D,DISPATCH,UNIT_SCADA,1,"2019/09/06 03:40:00",HALLWF1,91.74
D,DISPATCH,UNIT_SCADA,1,"2019/09/06 03:40:00",HALLWF2,64.11
D,DISPATCH,UNIT_SCADA,1,"2019/09/06 03:40:00",HAMISF1,0
D,DISPATCH,UNIT_SCADA,1,"2019/09/06 03:40:00",HAUGHT11,0
D,DISPATCH,UNIT_SCADA,1,"2019/09/06 03:40:00",HAYMSF1,0
D,DISPATCH,UNIT_SCADA,1,"2019/09/06 03:40:00",HDWF1,81.60
D,DISPATCH,UNIT_SCADA,1,"2019/09/06 03:40:00",HDWF2,48.50
D,DISPATCH,UNIT_SCADA,1,"2019/09/06 03:40:00",HDWF3,62.20
D,DISPATCH,UNIT_SCADA,1,"2019/09/06 03:40:00",HPRG1,10.10
D,DISPATCH,UNIT_SCADA,1,"2019/09/06 03:40:00",HPRL1,0
D,DISPATCH,UNIT_SCADA,1,"2019/09/06 03:40:00",HUMENSW,0
D,DISPATCH,UNIT_SCADA,1,"2019/09/06 03:40:00",HUMEV,24.70
D,DISPATCH,UNIT_SCADA,1,"2019/09/06 03:40:00",HVGTS,0
D,DISPATCH,UNIT_SCADA,1,"2019/09/06 03:40:00",JBUTTERS,0
D,DISPATCH,UNIT_SCADA,1,"2019/09/06 03:40:00",JLA01,0.10
D,DISPATCH,UNIT_SCADA,1,"2019/09/06 03:40:00",JLA02,0
D,DISPATCH,UNIT_SCADA,1,"2019/09/06 03:40:00",JLA03,0
D,DISPATCH,UNIT_SCADA,1,"2019/09/06 03:40:00",JLA04,0
D,DISPATCH,UNIT_SCADA,1,"2019/09/06 03:40:00",JLB01,0
D,DISPATCH,UNIT_SCADA,1,"2019/09/06 03:40:00",JLB02,0.10
D,DISPATCH,UNIT_SCADA,1,"2019/09/06 03:40:00",JLB03,0
D,DISPATCH,UNIT_SCADA,1,"2019/09/06 03:40:00",KAREEYA1,21.5475
D,DISPATCH,UNIT_SCADA,1,"2019/09/06 03:40:00",KAREEYA2,21.7425
D,DISPATCH,UNIT_SCADA,1,"2019/09/06 03:40:00",KAREEYA3,0
D,DISPATCH,UNIT_SCADA,1,"2019/09/06 03:40:00",KAREEYA4,21.5550
D,DISPATCH,UNIT_SCADA,1,"2019/09/06 03:40:00",KARSF1,0
D,DISPATCH,UNIT_SCADA,1,"2019/09/06 03:40:00",KIATAWF1,25.90
D,DISPATCH,UNIT_SCADA,1,"2019/09/06 03:40:00",KPP_1,0
D,DISPATCH,UNIT_SCADA,1,"2019/09/06 03:40:00",KSP1,0
D,DISPATCH,UNIT_SCADA,1,"2019/09/06 03:40:00",LADBROK1,0
D,DISPATCH,UNIT_SCADA,1,"2019/09/06 03:40:00",LADBROK2,0
D,DISPATCH,UNIT_SCADA,1,"2019/09/06 03:40:00",LD01,347.100010
D,DISPATCH,UNIT_SCADA,1,"2019/09/06 03:40:00",LD02,318.168820
D,DISPATCH,UNIT_SCADA,1,"2019/09/06 03:40:00",LD03,349.218750
D,DISPATCH,UNIT_SCADA,1,"2019/09/06 03:40:00",LD04,350.756290
D,DISPATCH,UNIT_SCADA,1,"2019/09/06 03:40:00",LEM_WIL,84.832440
D,DISPATCH,UNIT_SCADA,1,"2019/09/06 03:40:00",LGAPWF1,34.49
D,DISPATCH,UNIT_SCADA,1,"2019/09/06 03:40:00",LILYSF1,0
D,DISPATCH,UNIT_SCADA,1,"2019/09/06 03:40:00",LI_WY_CA,138.152820
D,DISPATCH,UNIT_SCADA,1,"2019/09/06 03:40:00",LKBONNY2,37.208520
D,DISPATCH,UNIT_SCADA,1,"2019/09/06 03:40:00",LKBONNY3,8.094190
D,DISPATCH,UNIT_SCADA,1,"2019/09/06 03:40:00",LK_ECHO,0
D,DISPATCH,UNIT_SCADA,1,"2019/09/06 03:40:00",LNGS1,0
D,DISPATCH,UNIT_SCADA,1,"2019/09/06 03:40:00",LNGS2,0
D,DISPATCH,UNIT_SCADA,1,"2019/09/06 03:40:00",LONSDALE,0
D,DISPATCH,UNIT_SCADA,1,"2019/09/06 03:40:00",LOYYB1,535.712650
D,DISPATCH,UNIT_SCADA,1,"2019/09/06 03:40:00",LOYYB2,583.082280
D,DISPATCH,UNIT_SCADA,1,"2019/09/06 03:40:00",LYA1,0
D,DISPATCH,UNIT_SCADA,1,"2019/09/06 03:40:00",LYA2,0
D,DISPATCH,UNIT_SCADA,1,"2019/09/06 03:40:00",LYA3,559
D,DISPATCH,UNIT_SCADA,1,"2019/09/06 03:40:00",LYA4,541
D,DISPATCH,UNIT_SCADA,1,"2019/09/06 03:40:00",MACARTH1,132.296950
D,DISPATCH,UNIT_SCADA,1,"2019/09/06 03:40:00",MACKAYGT,0.2240
D,DISPATCH,UNIT_SCADA,1,"2019/09/06 03:40:00",MACKNTSH,88.13
D,DISPATCH,UNIT_SCADA,1,"2019/09/06 03:40:00",MANSLR1,0
D,DISPATCH,UNIT_SCADA,1,"2019/09/06 03:40:00",MCKAY1,-0.0350
D,DISPATCH,UNIT_SCADA,1,"2019/09/06 03:40:00",MEADOWBK,33.953040
D,DISPATCH,UNIT_SCADA,1,"2019/09/06 03:40:00",MERCER01,-0.2090
D,DISPATCH,UNIT_SCADA,1,"2019/09/06 03:40:00",MEWF1,40.310780
D,DISPATCH,UNIT_SCADA,1,"2019/09/06 03:40:00",MINTARO,0
D,DISPATCH,UNIT_SCADA,1,"2019/09/06 03:40:00",MOREESF1,0
D,DISPATCH,UNIT_SCADA,1,"2019/09/06 03:40:00",MORTLK11,126
D,DISPATCH,UNIT_SCADA,1,"2019/09/06 03:40:00",MORTLK12,0
D,DISPATCH,UNIT_SCADA,1,"2019/09/06 03:40:00",MP1,216.749940
D,DISPATCH,UNIT_SCADA,1,"2019/09/06 03:40:00",MP2,0
D,DISPATCH,UNIT_SCADA,1,"2019/09/06 03:40:00",MPP_1,390.75
D,DISPATCH,UNIT_SCADA,1,"2019/09/06 03:40:00",MPP_2,410.75
D,DISPATCH,UNIT_SCADA,1,"2019/09/06 03:40:00",MSTUART1,0
D,DISPATCH,UNIT_SCADA,1,"2019/09/06 03:40:00",MSTUART2,0
D,DISPATCH,UNIT_SCADA,1,"2019/09/06 03:40:00",MSTUART3,0
D,DISPATCH,UNIT_SCADA,1,"2019/09/06 03:40:00",MTGELWF1,0.225840
D,DISPATCH,UNIT_SCADA,1,"2019/09/06 03:40:00",MURRAY,0
D,DISPATCH,UNIT_SCADA,1,"2019/09/06 03:40:00",MUSSELR1,129.50
D,DISPATCH,UNIT_SCADA,1,"2019/09/06 03:40:00",MUWAWF1,72.19
D,DISPATCH,UNIT_SCADA,1,"2019/09/06 03:40:00",NBHWF1,119.399990
D,DISPATCH,UNIT_SCADA,1,"2019/09/06 03:40:00",NPS,0
D,DISPATCH,UNIT_SCADA,1,"2019/09/06 03:40:00",NUMURSF1,0
D,DISPATCH,UNIT_SCADA,1,"2019/09/06 03:40:00",NYNGAN1,0
D,DISPATCH,UNIT_SCADA,1,"2019/09/06 03:40:00",OAKEY1,0
D,DISPATCH,UNIT_SCADA,1,"2019/09/06 03:40:00",OAKEY1SF,0
D,DISPATCH,UNIT_SCADA,1,"2019/09/06 03:40:00",OAKEY2,0
D,DISPATCH,UNIT_SCADA,1,"2019/09/06 03:40:00",OAKEY2SF,0
D,DISPATCH,UNIT_SCADA,1,"2019/09/06 03:40:00",OAKLAND1,14.20
D,DISPATCH,UNIT_SCADA,1,"2019/09/06 03:40:00",OSB-AG,0
D,DISPATCH,UNIT_SCADA,1,"2019/09/06 03:40:00",PARSF1,0
D,DISPATCH,UNIT_SCADA,1,"2019/09/06 03:40:00",POAT110,0
D,DISPATCH,UNIT_SCADA,1,"2019/09/06 03:40:00",POAT220,1.80
D,DISPATCH,UNIT_SCADA,1,"2019/09/06 03:40:00",POR01,0
D,DISPATCH,UNIT_SCADA,1,"2019/09/06 03:40:00",POR03,0
D,DISPATCH,UNIT_SCADA,1,"2019/09/06 03:40:00",PPCCGT,175.565520
D,DISPATCH,UNIT_SCADA,1,"2019/09/06 03:40:00",PTSTAN1,0
D,DISPATCH,UNIT_SCADA,1,"2019/09/06 03:40:00",PUMP1,0
D,DISPATCH,UNIT_SCADA,1,"2019/09/06 03:40:00",PUMP2,0
D,DISPATCH,UNIT_SCADA,1,"2019/09/06 03:40:00",QPS1,0
D,DISPATCH,UNIT_SCADA,1,"2019/09/06 03:40:00",QPS2,0
D,DISPATCH,UNIT_SCADA,1,"2019/09/06 03:40:00",QPS3,0
D,DISPATCH,UNIT_SCADA,1,"2019/09/06 03:40:00",QPS4,0
D,DISPATCH,UNIT_SCADA,1,"2019/09/06 03:40:00",QPS5,0
D,DISPATCH,UNIT_SCADA,1,"2019/09/06 03:40:00",REECE1,62.96
D,DISPATCH,UNIT_SCADA,1,"2019/09/06 03:40:00",REECE2,0
D,DISPATCH,UNIT_SCADA,1,"2019/09/06 03:40:00",ROMA_7,0
D,DISPATCH,UNIT_SCADA,1,"2019/09/06 03:40:00",ROMA_8,0
D,DISPATCH,UNIT_SCADA,1,"2019/09/06 03:40:00",RRSF1,0
D,DISPATCH,UNIT_SCADA,1,"2019/09/06 03:40:00",RT_NSW1,0
D,DISPATCH,UNIT_SCADA,1,"2019/09/06 03:40:00",RT_NSW2,0
D,DISPATCH,UNIT_SCADA,1,"2019/09/06 03:40:00",RT_NSW3,0
D,DISPATCH,UNIT_SCADA,1,"2019/09/06 03:40:00",RT_NSW4,0
D,DISPATCH,UNIT_SCADA,1,"2019/09/06 03:40:00",RT_NSW5,0
D,DISPATCH,UNIT_SCADA,1,"2019/09/06 03:40:00",RT_NSW6,0
D,DISPATCH,UNIT_SCADA,1,"2019/09/06 03:40:00",RT_QLD1,0
D,DISPATCH,UNIT_SCADA,1,"2019/09/06 03:40:00",RT_SA1,0
D,DISPATCH,UNIT_SCADA,1,"2019/09/06 03:40:00",RT_SA2,0
D,DISPATCH,UNIT_SCADA,1,"2019/09/06 03:40:00",RT_SA3,0
D,DISPATCH,UNIT_SCADA,1,"2019/09/06 03:40:00",RT_SA4,0
D,DISPATCH,UNIT_SCADA,1,"2019/09/06 03:40:00",RT_SA5,0
D,DISPATCH,UNIT_SCADA,1,"2019/09/06 03:40:00",RT_SA6,0
D,DISPATCH,UNIT_SCADA,1,"2019/09/06 03:40:00",RT_TAS1,0
D,DISPATCH,UNIT_SCADA,1,"2019/09/06 03:40:00",RT_VIC1,0
D,DISPATCH,UNIT_SCADA,1,"2019/09/06 03:40:00",RT_VIC10,0
D,DISPATCH,UNIT_SCADA,1,"2019/09/06 03:40:00",RT_VIC11,0
D,DISPATCH,UNIT_SCADA,1,"2019/09/06 03:40:00",RT_VIC12,0
D,DISPATCH,UNIT_SCADA,1,"2019/09/06 03:40:00",RT_VIC2,0
D,DISPATCH,UNIT_SCADA,1,"2019/09/06 03:40:00",RT_VIC3,0
D,DISPATCH,UNIT_SCADA,1,"2019/09/06 03:40:00",RT_VIC4,0
D,DISPATCH,UNIT_SCADA,1,"2019/09/06 03:40:00",RT_VIC5,0
D,DISPATCH,UNIT_SCADA,1,"2019/09/06 03:40:00",RT_VIC6,0
D,DISPATCH,UNIT_SCADA,1,"2019/09/06 03:40:00",RT_VIC7,0
D,DISPATCH,UNIT_SCADA,1,"2019/09/06 03:40:00",RT_VIC8,0
D,DISPATCH,UNIT_SCADA,1,"2019/09/06 03:40:00",RT_VIC9,0
D,DISPATCH,UNIT_SCADA,1,"2019/09/06 03:40:00",RUGBYR1,0
D,DISPATCH,UNIT_SCADA,1,"2019/09/06 03:40:00",SALTCRK1,20.59
D,DISPATCH,UNIT_SCADA,1,"2019/09/06 03:40:00",SAPHWF1,15.131230
D,DISPATCH,UNIT_SCADA,1,"2019/09/06 03:40:00",SHGEN,0
D,DISPATCH,UNIT_SCADA,1,"2019/09/06 03:40:00",SHPUMP,157.077070
D,DISPATCH,UNIT_SCADA,1,"2019/09/06 03:40:00",SITHE01,0.224190
D,DISPATCH,UNIT_SCADA,1,"2019/09/06 03:40:00",SMCSF1,0
D,DISPATCH,UNIT_SCADA,1,"2019/09/06 03:40:00",SNOWNTH1,133.399990
D,DISPATCH,UNIT_SCADA,1,"2019/09/06 03:40:00",SNOWSTH1,118.80
D,DISPATCH,UNIT_SCADA,1,"2019/09/06 03:40:00",SNOWTWN1,95.028720
D,DISPATCH,UNIT_SCADA,1,"2019/09/06 03:40:00",SNOWYP,0
D,DISPATCH,UNIT_SCADA,1,"2019/09/06 03:40:00",SNUG1,0.019440
D,DISPATCH,UNIT_SCADA,1,"2019/09/06 03:40:00",SRSF1,0.22
D,DISPATCH,UNIT_SCADA,1,"2019/09/06 03:40:00",STAN-1,259.368190
D,DISPATCH,UNIT_SCADA,1,"2019/09/06 03:40:00",STAN-2,251.510880
D,DISPATCH,UNIT_SCADA,1,"2019/09/06 03:40:00",STAN-3,253.5489
D,DISPATCH,UNIT_SCADA,1,"2019/09/06 03:40:00",STAN-4,250.446990
D,DISPATCH,UNIT_SCADA,1,"2019/09/06 03:40:00",STWF1,0
D,DISPATCH,UNIT_SCADA,1,"2019/09/06 03:40:00",SWAN_E,0
D,DISPATCH,UNIT_SCADA,1,"2019/09/06 03:40:00",TALWA1,191
D,DISPATCH,UNIT_SCADA,1,"2019/09/06 03:40:00",TARALGA1,32.576230
D,DISPATCH,UNIT_SCADA,1,"2019/09/06 03:40:00",TARONG#1,275.200010
D,DISPATCH,UNIT_SCADA,1,"2019/09/06 03:40:00",TARONG#2,0
D,DISPATCH,UNIT_SCADA,1,"2019/09/06 03:40:00",TARONG#3,260.700010
D,DISPATCH,UNIT_SCADA,1,"2019/09/06 03:40:00",TARONG#4,276.200010
D,DISPATCH,UNIT_SCADA,1,"2019/09/06 03:40:00",TARRALEA,74
D,DISPATCH,UNIT_SCADA,1,"2019/09/06 03:40:00",TBSF1,-0.20
D,DISPATCH,UNIT_SCADA,1,"2019/09/06 03:40:00",TNPS1,397.600010
D,DISPATCH,UNIT_SCADA,1,"2019/09/06 03:40:00",TORRA1,42.353240
D,DISPATCH,UNIT_SCADA,1,"2019/09/06 03:40:00",TORRA2,0
D,DISPATCH,UNIT_SCADA,1,"2019/09/06 03:40:00",TORRA3,0
D,DISPATCH,UNIT_SCADA,1,"2019/09/06 03:40:00",TORRA4,42.068670
D,DISPATCH,UNIT_SCADA,1,"2019/09/06 03:40:00",TORRB1,40.16
D,DISPATCH,UNIT_SCADA,1,"2019/09/06 03:40:00",TORRB2,41.05
D,DISPATCH,UNIT_SCADA,1,"2019/09/06 03:40:00",TORRB3,40.30
D,DISPATCH,UNIT_SCADA,1,"2019/09/06 03:40:00",TORRB4,0
D,DISPATCH,UNIT_SCADA,1,"2019/09/06 03:40:00",TREVALLN,20.200010
D,DISPATCH,UNIT_SCADA,1,"2019/09/06 03:40:00",TRIBUTE,0
D,DISPATCH,UNIT_SCADA,1,"2019/09/06 03:40:00",TUMUT3,0
D,DISPATCH,UNIT_SCADA,1,"2019/09/06 03:40:00",TUNGATIN,19.70
D,DISPATCH,UNIT_SCADA,1,"2019/09/06 03:40:00",TVCC201,0
D,DISPATCH,UNIT_SCADA,1,"2019/09/06 03:40:00",TVPP104,0
D,DISPATCH,UNIT_SCADA,1,"2019/09/06 03:40:00",UPPTUMUT,0
D,DISPATCH,UNIT_SCADA,1,"2019/09/06 03:40:00",URANQ11,0
D,DISPATCH,UNIT_SCADA,1,"2019/09/06 03:40:00",URANQ12,0
D,DISPATCH,UNIT_SCADA,1,"2019/09/06 03:40:00",URANQ13,0
D,DISPATCH,UNIT_SCADA,1,"2019/09/06 03:40:00",URANQ14,0
D,DISPATCH,UNIT_SCADA,1,"2019/09/06 03:40:00",VP5,430.000030
D,DISPATCH,UNIT_SCADA,1,"2019/09/06 03:40:00",VP6,0
D,DISPATCH,UNIT_SCADA,1,"2019/09/06 03:40:00",VPGS1,0
D,DISPATCH,UNIT_SCADA,1,"2019/09/06 03:40:00",VPGS2,0
D,DISPATCH,UNIT_SCADA,1,"2019/09/06 03:40:00",VPGS3,0
D,DISPATCH,UNIT_SCADA,1,"2019/09/06 03:40:00",VPGS4,0
D,DISPATCH,UNIT_SCADA,1,"2019/09/06 03:40:00",VPGS5,0
D,DISPATCH,UNIT_SCADA,1,"2019/09/06 03:40:00",VPGS6,0
D,DISPATCH,UNIT_SCADA,1,"2019/09/06 03:40:00",W/HOE#1,0
D,DISPATCH,UNIT_SCADA,1,"2019/09/06 03:40:00",W/HOE#2,0
D,DISPATCH,UNIT_SCADA,1,"2019/09/06 03:40:00",WATERLWF,123.50
D,DISPATCH,UNIT_SCADA,1,"2019/09/06 03:40:00",WEMENSF1,0
D,DISPATCH,UNIT_SCADA,1,"2019/09/06 03:40:00",WGWF1,111
D,DISPATCH,UNIT_SCADA,1,"2019/09/06 03:40:00",WHITSF1,0
D,DISPATCH,UNIT_SCADA,1,"2019/09/06 03:40:00",WKIEWA1,0
D,DISPATCH,UNIT_SCADA,1,"2019/09/06 03:40:00",WKIEWA2,0.10
D,DISPATCH,UNIT_SCADA,1,"2019/09/06 03:40:00",WOODLWN1,23.804990
D,DISPATCH,UNIT_SCADA,1,"2019/09/06 03:40:00",WRSF1,0
D,DISPATCH,UNIT_SCADA,1,"2019/09/06 03:40:00",WRWF1,12.0325
D,DISPATCH,UNIT_SCADA,1,"2019/09/06 03:40:00",YABULU,0
D,DISPATCH,UNIT_SCADA,1,"2019/09/06 03:40:00",YABULU2,0
D,DISPATCH,UNIT_SCADA,1,"2019/09/06 03:40:00",YARWUN_1,167.019990
D,DISPATCH,UNIT_SCADA,1,"2019/09/06 03:40:00",YENDWF1,-0.65
D,DISPATCH,UNIT_SCADA,1,"2019/09/06 03:40:00",YWPS1,380.450620
D,DISPATCH,UNIT_SCADA,1,"2019/09/06 03:40:00",YWPS2,276.939240
D,DISPATCH,UNIT_SCADA,1,"2019/09/06 03:40:00",YWPS3,329.4671
D,DISPATCH,UNIT_SCADA,1,"2019/09/06 03:40:00",YWPS4,396.084810
C,"END OF REPORT",335
