C,NEMP.WORLD,DISPATCHSCADA,AEMO,PUBLIC,2019/08/21,03:50:09,0000000311811238,DISPATCHSCADA,0000000311811232
I,DISPATCH,UNIT_SCADA,1,SETTLEMENTDATE,DUID,SCADAVALUE
D,DISPATCH,UNIT_SCADA,1,"2019/08/21 03:55:00",BARCSF1,0.50
D,DISPATCH,UNIT_SCADA,1,"2019/08/21 03:55:00",BUTLERSG,9.699999
D,DISPATCH,UNIT_SCADA,1,"2019/08/21 03:55:00",CALL_A_4,0
D,DISPATCH,UNIT_SCADA,1,"2019/08/21 03:55:00",CAPTL_WF,123.667999
D,DISPATCH,UNIT_SCADA,1,"2019/08/21 03:55:00",CATHROCK,35.209999
D,DISPATCH,UNIT_SCADA,1,"2019/08/21 03:55:00",CHALLHWF,38.300003
D,DISPATCH,UNIT_SCADA,1,"2019/08/21 03:55:00",CLOVER,-0.01
D,DISPATCH,UNIT_SCADA,1,"2019/08/21 03:55:00",CLUNY,20.426184
D,DISPATCH,UNIT_SCADA,1,"2019/08/21 03:55:00",CNUNDAWF,41.148003
D,DISPATCH,UNIT_SCADA,1,"2019/08/21 03:55:00",CULLRGWF,30.40
D,DISPATCH,UNIT_SCADA,1,"2019/08/21 03:55:00",ERGT01,0
D,DISPATCH,UNIT_SCADA,1,"2019/08/21 03:55:00",GB01,0.060730
D,DISPATCH,UNIT_SCADA,1,"2019/08/21 03:55:00",GERMCRK,39
D,DISPATCH,UNIT_SCADA,1,"2019/08/21 03:55:00",GRIFSF1,0
D,DISPATCH,UNIT_SCADA,1,"2019/08/21 03:55:00",HUGSF1,-0.2040
D,DISPATCH,UNIT_SCADA,1,"2019/08/21 03:55:00",LKBONNY1,69.482681
D,DISPATCH,UNIT_SCADA,1,"2019/08/21 03:55:00",LRSF1,0.0290
D,DISPATCH,UNIT_SCADA,1,"2019/08/21 03:55:00",MBAHNTH,55.724991
D,DISPATCH,UNIT_SCADA,1,"2019/08/21 03:55:00",MLSP1,0.283001
D,DISPATCH,UNIT_SCADA,1,"2019/08/21 03:55:00",MLWF1,19.514999
D,DISPATCH,UNIT_SCADA,1,"2019/08/21 03:55:00",MTMILLAR,27.019402
D,DISPATCH,UNIT_SCADA,1,"2019/08/21 03:55:00",PALOONA,12.98
D,DISPATCH,UNIT_SCADA,1,"2019/08/21 03:55:00",PIONEER,30
D,DISPATCH,UNIT_SCADA,1,"2019/08/21 03:55:00",PORTWF,137.399994
D,DISPATCH,UNIT_SCADA,1,"2019/08/21 03:55:00",REPULSE,28.777905
D,DISPATCH,UNIT_SCADA,1,"2019/08/21 03:55:00",ROWALLAN,10.0962
D,DISPATCH,UNIT_SCADA,1,"2019/08/21 03:55:00",ROYALLA1,0
D,DISPATCH,UNIT_SCADA,1,"2019/08/21 03:55:00",RPCG,12
D,DISPATCH,UNIT_SCADA,1,"2019/08/21 03:55:00",RUBICON,0
D,DISPATCH,UNIT_SCADA,1,"2019/08/21 03:55:00",SATGN1,0
D,DISPATCH,UNIT_SCADA,1,"2019/08/21 03:55:00",SATGS1,0
D,DISPATCH,UNIT_SCADA,1,"2019/08/21 03:55:00",STARHLWF,9.897114
D,DISPATCH,UNIT_SCADA,1,"2019/08/21 03:55:00",WAUBRAWF,171.432007
D,DISPATCH,UNIT_SCADA,1,"2019/08/21 03:55:00",WOOLNTH1,61.850021
D,DISPATCH,UNIT_SCADA,1,"2019/08/21 03:55:00",WPWF,33
D,DISPATCH,UNIT_SCADA,1,"2019/08/21 03:55:00",YAMBUKWF,29.50
D,DISPATCH,UNIT_SCADA,1,"2019/08/21 03:55:00",YSWF1,28.799999
D,DISPATCH,UNIT_SCADA,1,"2019/08/21 03:55:00",AGLHAL,0
D,DISPATCH,UNIT_SCADA,1,"2019/08/21 03:55:00",AGLSOM,0
D,DISPATCH,UNIT_SCADA,1,"2019/08/21 03:55:00",ANGAST1,0
D,DISPATCH,UNIT_SCADA,1,"2019/08/21 03:55:00",ARWF1,115.399990
D,DISPATCH,UNIT_SCADA,1,"2019/08/21 03:55:00",BALBG1,0
D,DISPATCH,UNIT_SCADA,1,"2019/08/21 03:55:00",BALBL1,2.85
D,DISPATCH,UNIT_SCADA,1,"2019/08/21 03:55:00",BALDHWF1,100.4450
D,DISPATCH,UNIT_SCADA,1,"2019/08/21 03:55:00",BANN1,0
D,DISPATCH,UNIT_SCADA,1,"2019/08/21 03:55:00",BARCALDN,0
D,DISPATCH,UNIT_SCADA,1,"2019/08/21 03:55:00",BARRON-1,0
D,DISPATCH,UNIT_SCADA,1,"2019/08/21 03:55:00",BARRON-2,0
D,DISPATCH,UNIT_SCADA,1,"2019/08/21 03:55:00",BASTYAN,79.670010
D,DISPATCH,UNIT_SCADA,1,"2019/08/21 03:55:00",BBTHREE1,-1.96
D,DISPATCH,UNIT_SCADA,1,"2019/08/21 03:55:00",BBTHREE2,-1.99
D,DISPATCH,UNIT_SCADA,1,"2019/08/21 03:55:00",BBTHREE3,-1.12
D,DISPATCH,UNIT_SCADA,1,"2019/08/21 03:55:00",BDL01,0
D,DISPATCH,UNIT_SCADA,1,"2019/08/21 03:55:00",BDL02,0
D,DISPATCH,UNIT_SCADA,1,"2019/08/21 03:55:00",BERYLSF1,0
D,DISPATCH,UNIT_SCADA,1,"2019/08/21 03:55:00",BLOWERNG,0
D,DISPATCH,UNIT_SCADA,1,"2019/08/21 03:55:00",BLUFF1,40.90
D,DISPATCH,UNIT_SCADA,1,"2019/08/21 03:55:00",BNGSF1,0
D,DISPATCH,UNIT_SCADA,1,"2019/08/21 03:55:00",BNGSF2,0
D,DISPATCH,UNIT_SCADA,1,"2019/08/21 03:55:00",BOCORWF1,108.88
D,DISPATCH,UNIT_SCADA,1,"2019/08/21 03:55:00",BODWF1,49.669860
D,DISPATCH,UNIT_SCADA,1,"2019/08/21 03:55:00",BRAEMAR1,0
D,DISPATCH,UNIT_SCADA,1,"2019/08/21 03:55:00",BRAEMAR2,0
D,DISPATCH,UNIT_SCADA,1,"2019/08/21 03:55:00",BRAEMAR3,0
D,DISPATCH,UNIT_SCADA,1,"2019/08/21 03:55:00",BRAEMAR5,0
D,DISPATCH,UNIT_SCADA,1,"2019/08/21 03:55:00",BRAEMAR6,0
D,DISPATCH,UNIT_SCADA,1,"2019/08/21 03:55:00",BRAEMAR7,0
D,DISPATCH,UNIT_SCADA,1,"2019/08/21 03:55:00",BROKENH1,0
D,DISPATCH,UNIT_SCADA,1,"2019/08/21 03:55:00",BW01,364.775020
D,DISPATCH,UNIT_SCADA,1,"2019/08/21 03:55:00",BW02,444.050050
D,DISPATCH,UNIT_SCADA,1,"2019/08/21 03:55:00",BW03,490.900020
D,DISPATCH,UNIT_SCADA,1,"2019/08/21 03:55:00",BW04,0
D,DISPATCH,UNIT_SCADA,1,"2019/08/21 03:55:00",CALL_B_1,350.399990
D,DISPATCH,UNIT_SCADA,1,"2019/08/21 03:55:00",CALL_B_2,284.899990
D,DISPATCH,UNIT_SCADA,1,"2019/08/21 03:55:00",CETHANA,97.825250
D,DISPATCH,UNIT_SCADA,1,"2019/08/21 03:55:00",CG1,0
D,DISPATCH,UNIT_SCADA,1,"2019/08/21 03:55:00",CG2,0
D,DISPATCH,UNIT_SCADA,1,"2019/08/21 03:55:00",CG3,0
D,DISPATCH,UNIT_SCADA,1,"2019/08/21 03:55:00",CG4,0
D,DISPATCH,UNIT_SCADA,1,"2019/08/21 03:55:00",CHILDSF1,0
D,DISPATCH,UNIT_SCADA,1,"2019/08/21 03:55:00",CLARESF1,0
D,DISPATCH,UNIT_SCADA,1,"2019/08/21 03:55:00",CLEMGPWF,12.245950
D,DISPATCH,UNIT_SCADA,1,"2019/08/21 03:55:00",CLERMSF1,0
D,DISPATCH,UNIT_SCADA,1,"2019/08/21 03:55:00",COLEASF1,0
D,DISPATCH,UNIT_SCADA,1,"2019/08/21 03:55:00",COOPGWF1,29.185260
D,DISPATCH,UNIT_SCADA,1,"2019/08/21 03:55:00",CPP_3,381.149990
D,DISPATCH,UNIT_SCADA,1,"2019/08/21 03:55:00",CPP_4,380.325010
D,DISPATCH,UNIT_SCADA,1,"2019/08/21 03:55:00",CPSA,142.536880
D,DISPATCH,UNIT_SCADA,1,"2019/08/21 03:55:00",CROOKWF2,91.5750
D,DISPATCH,UNIT_SCADA,1,"2019/08/21 03:55:00",CROWLWF1,54.585340
D,DISPATCH,UNIT_SCADA,1,"2019/08/21 03:55:00",CSPVPS1,0
D,DISPATCH,UNIT_SCADA,1,"2019/08/21 03:55:00",DALNTH01,0
D,DISPATCH,UNIT_SCADA,1,"2019/08/21 03:55:00",DALNTHL1,0.099180
D,DISPATCH,UNIT_SCADA,1,"2019/08/21 03:55:00",DARTM1,0
D,DISPATCH,UNIT_SCADA,1,"2019/08/21 03:55:00",DAYDSF1,0
D,DISPATCH,UNIT_SCADA,1,"2019/08/21 03:55:00",DDPS1,0
D,DISPATCH,UNIT_SCADA,1,"2019/08/21 03:55:00",DDSF1,0
D,DISPATCH,UNIT_SCADA,1,"2019/08/21 03:55:00",DEVILS_G,49.769580
D,DISPATCH,UNIT_SCADA,1,"2019/08/21 03:55:00",DG_NSW1,0
D,DISPATCH,UNIT_SCADA,1,"2019/08/21 03:55:00",DG_QLD1,0
D,DISPATCH,UNIT_SCADA,1,"2019/08/21 03:55:00",DG_SA1,0
D,DISPATCH,UNIT_SCADA,1,"2019/08/21 03:55:00",DG_TAS1,0
D,DISPATCH,UNIT_SCADA,1,"2019/08/21 03:55:00",DG_VIC1,0
D,DISPATCH,UNIT_SCADA,1,"2019/08/21 03:55:00",DRYCGT1,0
D,DISPATCH,UNIT_SCADA,1,"2019/08/21 03:55:00",DRYCGT2,0
D,DISPATCH,UNIT_SCADA,1,"2019/08/21 03:55:00",DRYCGT3,0
D,DISPATCH,UNIT_SCADA,1,"2019/08/21 03:55:00",EILDON1,0
D,DISPATCH,UNIT_SCADA,1,"2019/08/21 03:55:00",EILDON2,0
D,DISPATCH,UNIT_SCADA,1,"2019/08/21 03:55:00",EMERASF1,0
D,DISPATCH,UNIT_SCADA,1,"2019/08/21 03:55:00",ER01,431
D,DISPATCH,UNIT_SCADA,1,"2019/08/21 03:55:00",ER02,352.775020
D,DISPATCH,UNIT_SCADA,1,"2019/08/21 03:55:00",ER03,379.650020
D,DISPATCH,UNIT_SCADA,1,"2019/08/21 03:55:00",ER04,433.425050
D,DISPATCH,UNIT_SCADA,1,"2019/08/21 03:55:00",FINLYSF1,0
D,DISPATCH,UNIT_SCADA,1,"2019/08/21 03:55:00",FISHER,45.80
D,DISPATCH,UNIT_SCADA,1,"2019/08/21 03:55:00",GANNBG1,0
D,DISPATCH,UNIT_SCADA,1,"2019/08/21 03:55:00",GANNBL1,10.009430
D,DISPATCH,UNIT_SCADA,1,"2019/08/21 03:55:00",GANNSF1,0
D,DISPATCH,UNIT_SCADA,1,"2019/08/21 03:55:00",GORDON,0
D,DISPATCH,UNIT_SCADA,1,"2019/08/21 03:55:00",GSTONE1,128.6250
D,DISPATCH,UNIT_SCADA,1,"2019/08/21 03:55:00",GSTONE2,130.20
D,DISPATCH,UNIT_SCADA,1,"2019/08/21 03:55:00",GSTONE3,129.6750
D,DISPATCH,UNIT_SCADA,1,"2019/08/21 03:55:00",GSTONE4,129.6750
D,DISPATCH,UNIT_SCADA,1,"2019/08/21 03:55:00",GSTONE5,127.40
D,DISPATCH,UNIT_SCADA,1,"2019/08/21 03:55:00",GSTONE6,0
D,DISPATCH,UNIT_SCADA,1,"2019/08/21 03:55:00",GULLRSF1,0
D,DISPATCH,UNIT_SCADA,1,"2019/08/21 03:55:00",GULLRWF1,161.305850
D,DISPATCH,UNIT_SCADA,1,"2019/08/21 03:55:00",GUNNING1,46.523020
D,DISPATCH,UNIT_SCADA,1,"2019/08/21 03:55:00",GUTHEGA,0
D,DISPATCH,UNIT_SCADA,1,"2019/08/21 03:55:00",HALLWF1,71.79
D,DISPATCH,UNIT_SCADA,1,"2019/08/21 03:55:00",HALLWF2,53.84
D,DISPATCH,UNIT_SCADA,1,"2019/08/21 03:55:00",HAMISF1,0
D,DISPATCH,UNIT_SCADA,1,"2019/08/21 03:55:00",HAUGHT11,0
D,DISPATCH,UNIT_SCADA,1,"2019/08/21 03:55:00",HAYMSF1,0
D,DISPATCH,UNIT_SCADA,1,"2019/08/21 03:55:00",HDWF1,75.70
D,DISPATCH,UNIT_SCADA,1,"2019/08/21 03:55:00",HDWF2,61.60
D,DISPATCH,UNIT_SCADA,1,"2019/08/21 03:55:00",HDWF3,70.10
D,DISPATCH,UNIT_SCADA,1,"2019/08/21 03:55:00",HPRG1,0
D,DISPATCH,UNIT_SCADA,1,"2019/08/21 03:55:00",HPRL1,39.90
D,DISPATCH,UNIT_SCADA,1,"2019/08/21 03:55:00",HUMENSW,0
D,DISPATCH,UNIT_SCADA,1,"2019/08/21 03:55:00",HUMEV,8.90
D,DISPATCH,UNIT_SCADA,1,"2019/08/21 03:55:00",HVGTS,0
D,DISPATCH,UNIT_SCADA,1,"2019/08/21 03:55:00",JBUTTERS,47.72
D,DISPATCH,UNIT_SCADA,1,"2019/08/21 03:55:00",JLA01,0.50
D,DISPATCH,UNIT_SCADA,1,"2019/08/21 03:55:00",JLA02,0
D,DISPATCH,UNIT_SCADA,1,"2019/08/21 03:55:00",JLA03,0.10
D,DISPATCH,UNIT_SCADA,1,"2019/08/21 03:55:00",JLA04,0.10
D,DISPATCH,UNIT_SCADA,1,"2019/08/21 03:55:00",JLB01,0
D,DISPATCH,UNIT_SCADA,1,"2019/08/21 03:55:00",JLB02,0.10
D,DISPATCH,UNIT_SCADA,1,"2019/08/21 03:55:00",JLB03,0
D,DISPATCH,UNIT_SCADA,1,"2019/08/21 03:55:00",KAREEYA1,21.4575
D,DISPATCH,UNIT_SCADA,1,"2019/08/21 03:55:00",KAREEYA2,21.7275
D,DISPATCH,UNIT_SCADA,1,"2019/08/21 03:55:00",KAREEYA3,0
D,DISPATCH,UNIT_SCADA,1,"2019/08/21 03:55:00",KAREEYA4,21.7450
D,DISPATCH,UNIT_SCADA,1,"2019/08/21 03:55:00",KARSF1,0
D,DISPATCH,UNIT_SCADA,1,"2019/08/21 03:55:00",KIATAWF1,30.70
D,DISPATCH,UNIT_SCADA,1,"2019/08/21 03:55:00",KPP_1,0
D,DISPATCH,UNIT_SCADA,1,"2019/08/21 03:55:00",KSP1,0
D,DISPATCH,UNIT_SCADA,1,"2019/08/21 03:55:00",LADBROK1,0
D,DISPATCH,UNIT_SCADA,1,"2019/08/21 03:55:00",LADBROK2,0
D,DISPATCH,UNIT_SCADA,1,"2019/08/21 03:55:00",LD01,347.100010
D,DISPATCH,UNIT_SCADA,1,"2019/08/21 03:55:00",LD02,301.762570
D,DISPATCH,UNIT_SCADA,1,"2019/08/21 03:55:00",LD03,323.1188
D,DISPATCH,UNIT_SCADA,1,"2019/08/21 03:55:00",LD04,350.981320
D,DISPATCH,UNIT_SCADA,1,"2019/08/21 03:55:00",LEM_WIL,85.9516
D,DISPATCH,UNIT_SCADA,1,"2019/08/21 03:55:00",LGAPWF1,28.47
D,DISPATCH,UNIT_SCADA,1,"2019/08/21 03:55:00",LILYSF1,0
D,DISPATCH,UNIT_SCADA,1,"2019/08/21 03:55:00",LI_WY_CA,147.665440
D,DISPATCH,UNIT_SCADA,1,"2019/08/21 03:55:00",LKBONNY2,119.534310
D,DISPATCH,UNIT_SCADA,1,"2019/08/21 03:55:00",LKBONNY3,28.469230
D,DISPATCH,UNIT_SCADA,1,"2019/08/21 03:55:00",LK_ECHO,0
D,DISPATCH,UNIT_SCADA,1,"2019/08/21 03:55:00",LNGS1,0
D,DISPATCH,UNIT_SCADA,1,"2019/08/21 03:55:00",LNGS2,0
D,DISPATCH,UNIT_SCADA,1,"2019/08/21 03:55:00",LONSDALE,0
D,DISPATCH,UNIT_SCADA,1,"2019/08/21 03:55:00",LOYYB1,535.336730
D,DISPATCH,UNIT_SCADA,1,"2019/08/21 03:55:00",LOYYB2,579.698730
D,DISPATCH,UNIT_SCADA,1,"2019/08/21 03:55:00",LYA1,516
D,DISPATCH,UNIT_SCADA,1,"2019/08/21 03:55:00",LYA2,0
D,DISPATCH,UNIT_SCADA,1,"2019/08/21 03:55:00",LYA3,518
D,DISPATCH,UNIT_SCADA,1,"2019/08/21 03:55:00",LYA4,516
D,DISPATCH,UNIT_SCADA,1,"2019/08/21 03:55:00",MACARTH1,391.990940
D,DISPATCH,UNIT_SCADA,1,"2019/08/21 03:55:00",MACKAYGT,0
D,DISPATCH,UNIT_SCADA,1,"2019/08/21 03:55:00",MACKNTSH,77.780010
D,DISPATCH,UNIT_SCADA,1,"2019/08/21 03:55:00",MANSLR1,0
D,DISPATCH,UNIT_SCADA,1,"2019/08/21 03:55:00",MCKAY1,0.02
D,DISPATCH,UNIT_SCADA,1,"2019/08/21 03:55:00",MEADOWBK,34.210260
D,DISPATCH,UNIT_SCADA,1,"2019/08/21 03:55:00",MERCER01,129.3080
D,DISPATCH,UNIT_SCADA,1,"2019/08/21 03:55:00",MEWF1,101.085190
D,DISPATCH,UNIT_SCADA,1,"2019/08/21 03:55:00",MINTARO,0
D,DISPATCH,UNIT_SCADA,1,"2019/08/21 03:55:00",MOREESF1,0
D,DISPATCH,UNIT_SCADA,1,"2019/08/21 03:55:00",MORTLK11,0
D,DISPATCH,UNIT_SCADA,1,"2019/08/21 03:55:00",MORTLK12,0
D,DISPATCH,UNIT_SCADA,1,"2019/08/21 03:55:00",MP1,280.175050
D,DISPATCH,UNIT_SCADA,1,"2019/08/21 03:55:00",MP2,0
D,DISPATCH,UNIT_SCADA,1,"2019/08/21 03:55:00",MPP_1,366
D,DISPATCH,UNIT_SCADA,1,"2019/08/21 03:55:00",MPP_2,410.50
D,DISPATCH,UNIT_SCADA,1,"2019/08/21 03:55:00",MSTUART1,0
D,DISPATCH,UNIT_SCADA,1,"2019/08/21 03:55:00",MSTUART2,0
D,DISPATCH,UNIT_SCADA,1,"2019/08/21 03:55:00",MSTUART3,0
D,DISPATCH,UNIT_SCADA,1,"2019/08/21 03:55:00",MTGELWF1,65.300460
D,DISPATCH,UNIT_SCADA,1,"2019/08/21 03:55:00",MURRAY,0
D,DISPATCH,UNIT_SCADA,1,"2019/08/21 03:55:00",MUSSELR1,162.399990
D,DISPATCH,UNIT_SCADA,1,"2019/08/21 03:55:00",MUWAWF1,56.51
D,DISPATCH,UNIT_SCADA,1,"2019/08/21 03:55:00",NBHWF1,89.600010
D,DISPATCH,UNIT_SCADA,1,"2019/08/21 03:55:00",NPS,0
D,DISPATCH,UNIT_SCADA,1,"2019/08/21 03:55:00",NUMURSF1,0
D,DISPATCH,UNIT_SCADA,1,"2019/08/21 03:55:00",NYNGAN1,0
D,DISPATCH,UNIT_SCADA,1,"2019/08/21 03:55:00",OAKEY1,0
D,DISPATCH,UNIT_SCADA,1,"2019/08/21 03:55:00",OAKEY1SF,0
D,DISPATCH,UNIT_SCADA,1,"2019/08/21 03:55:00",OAKEY2,0
D,DISPATCH,UNIT_SCADA,1,"2019/08/21 03:55:00",OAKLAND1,62.70
D,DISPATCH,UNIT_SCADA,1,"2019/08/21 03:55:00",OSB-AG,0
D,DISPATCH,UNIT_SCADA,1,"2019/08/21 03:55:00",PARSF1,0
D,DISPATCH,UNIT_SCADA,1,"2019/08/21 03:55:00",POAT110,0
D,DISPATCH,UNIT_SCADA,1,"2019/08/21 03:55:00",POAT220,4.44
D,DISPATCH,UNIT_SCADA,1,"2019/08/21 03:55:00",POR01,0
D,DISPATCH,UNIT_SCADA,1,"2019/08/21 03:55:00",POR03,0
D,DISPATCH,UNIT_SCADA,1,"2019/08/21 03:55:00",PPCCGT,174.223310
D,DISPATCH,UNIT_SCADA,1,"2019/08/21 03:55:00",PTSTAN1,0
D,DISPATCH,UNIT_SCADA,1,"2019/08/21 03:55:00",PUMP1,0
D,DISPATCH,UNIT_SCADA,1,"2019/08/21 03:55:00",PUMP2,0
D,DISPATCH,UNIT_SCADA,1,"2019/08/21 03:55:00",QPS1,0
D,DISPATCH,UNIT_SCADA,1,"2019/08/21 03:55:00",QPS2,0
D,DISPATCH,UNIT_SCADA,1,"2019/08/21 03:55:00",QPS3,0
D,DISPATCH,UNIT_SCADA,1,"2019/08/21 03:55:00",QPS4,0
D,DISPATCH,UNIT_SCADA,1,"2019/08/21 03:55:00",QPS5,0
D,DISPATCH,UNIT_SCADA,1,"2019/08/21 03:55:00",REECE1,116.430010
D,DISPATCH,UNIT_SCADA,1,"2019/08/21 03:55:00",REECE2,110.930010
D,DISPATCH,UNIT_SCADA,1,"2019/08/21 03:55:00",ROMA_7,0
D,DISPATCH,UNIT_SCADA,1,"2019/08/21 03:55:00",ROMA_8,0
D,DISPATCH,UNIT_SCADA,1,"2019/08/21 03:55:00",RRSF1,0
D,DISPATCH,UNIT_SCADA,1,"2019/08/21 03:55:00",RT_NSW1,0
D,DISPATCH,UNIT_SCADA,1,"2019/08/21 03:55:00",RT_NSW2,0
D,DISPATCH,UNIT_SCADA,1,"2019/08/21 03:55:00",RT_NSW3,0
D,DISPATCH,UNIT_SCADA,1,"2019/08/21 03:55:00",RT_NSW4,0
D,DISPATCH,UNIT_SCADA,1,"2019/08/21 03:55:00",RT_NSW5,0
D,DISPATCH,UNIT_SCADA,1,"2019/08/21 03:55:00",RT_NSW6,0
D,DISPATCH,UNIT_SCADA,1,"2019/08/21 03:55:00",RT_QLD1,0
D,DISPATCH,UNIT_SCADA,1,"2019/08/21 03:55:00",RT_SA1,0
D,DISPATCH,UNIT_SCADA,1,"2019/08/21 03:55:00",RT_SA2,0
D,DISPATCH,UNIT_SCADA,1,"2019/08/21 03:55:00",RT_SA3,0
D,DISPATCH,UNIT_SCADA,1,"2019/08/21 03:55:00",RT_SA4,0
D,DISPATCH,UNIT_SCADA,1,"2019/08/21 03:55:00",RT_SA5,0
D,DISPATCH,UNIT_SCADA,1,"2019/08/21 03:55:00",RT_SA6,0
D,DISPATCH,UNIT_SCADA,1,"2019/08/21 03:55:00",RT_TAS1,0
D,DISPATCH,UNIT_SCADA,1,"2019/08/21 03:55:00",RT_VIC1,0
D,DISPATCH,UNIT_SCADA,1,"2019/08/21 03:55:00",RT_VIC10,0
D,DISPATCH,UNIT_SCADA,1,"2019/08/21 03:55:00",RT_VIC11,0
D,DISPATCH,UNIT_SCADA,1,"2019/08/21 03:55:00",RT_VIC12,0
D,DISPATCH,UNIT_SCADA,1,"2019/08/21 03:55:00",RT_VIC2,0
D,DISPATCH,UNIT_SCADA,1,"2019/08/21 03:55:00",RT_VIC3,0
D,DISPATCH,UNIT_SCADA,1,"2019/08/21 03:55:00",RT_VIC4,0
D,DISPATCH,UNIT_SCADA,1,"2019/08/21 03:55:00",RT_VIC5,0
D,DISPATCH,UNIT_SCADA,1,"2019/08/21 03:55:00",RT_VIC6,0
D,DISPATCH,UNIT_SCADA,1,"2019/08/21 03:55:00",RT_VIC7,0
D,DISPATCH,UNIT_SCADA,1,"2019/08/21 03:55:00",RT_VIC8,0
D,DISPATCH,UNIT_SCADA,1,"2019/08/21 03:55:00",RT_VIC9,0
D,DISPATCH,UNIT_SCADA,1,"2019/08/21 03:55:00",RUGBYR1,0
D,DISPATCH,UNIT_SCADA,1,"2019/08/21 03:55:00",SALTCRK1,50.75
D,DISPATCH,UNIT_SCADA,1,"2019/08/21 03:55:00",SAPHWF1,196.734380
D,DISPATCH,UNIT_SCADA,1,"2019/08/21 03:55:00",SHGEN,0
D,DISPATCH,UNIT_SCADA,1,"2019/08/21 03:55:00",SHPUMP,202.755970
D,DISPATCH,UNIT_SCADA,1,"2019/08/21 03:55:00",SITHE01,0.133760
D,DISPATCH,UNIT_SCADA,1,"2019/08/21 03:55:00",SMCSF1,0
D,DISPATCH,UNIT_SCADA,1,"2019/08/21 03:55:00",SNOWNTH1,97.60
D,DISPATCH,UNIT_SCADA,1,"2019/08/21 03:55:00",SNOWSTH1,71.50
D,DISPATCH,UNIT_SCADA,1,"2019/08/21 03:55:00",SNOWTWN1,49.7316
D,DISPATCH,UNIT_SCADA,1,"2019/08/21 03:55:00",SNOWYP,383.100010
D,DISPATCH,UNIT_SCADA,1,"2019/08/21 03:55:00",SNUG1,0.019440
D,DISPATCH,UNIT_SCADA,1,"2019/08/21 03:55:00",SRSF1,0.07
D,DISPATCH,UNIT_SCADA,1,"2019/08/21 03:55:00",STAN-1,0
D,DISPATCH,UNIT_SCADA,1,"2019/08/21 03:55:00",STAN-2,180.846340
D,DISPATCH,UNIT_SCADA,1,"2019/08/21 03:55:00",STAN-3,219.543270
D,DISPATCH,UNIT_SCADA,1,"2019/08/21 03:55:00",STAN-4,188.793380
D,DISPATCH,UNIT_SCADA,1,"2019/08/21 03:55:00",STWF1,147.543750
D,DISPATCH,UNIT_SCADA,1,"2019/08/21 03:55:00",SWAN_E,0
D,DISPATCH,UNIT_SCADA,1,"2019/08/21 03:55:00",TALWA1,190
D,DISPATCH,UNIT_SCADA,1,"2019/08/21 03:55:00",TARALGA1,53.3775
D,DISPATCH,UNIT_SCADA,1,"2019/08/21 03:55:00",TARONG#1,282.100010
D,DISPATCH,UNIT_SCADA,1,"2019/08/21 03:55:00",TARONG#2,110.70
D,DISPATCH,UNIT_SCADA,1,"2019/08/21 03:55:00",TARONG#3,260.50
D,DISPATCH,UNIT_SCADA,1,"2019/08/21 03:55:00",TARONG#4,280.100010
D,DISPATCH,UNIT_SCADA,1,"2019/08/21 03:55:00",TARRALEA,85.60
D,DISPATCH,UNIT_SCADA,1,"2019/08/21 03:55:00",TBSF1,-0.20
D,DISPATCH,UNIT_SCADA,1,"2019/08/21 03:55:00",TNPS1,400.000030
D,DISPATCH,UNIT_SCADA,1,"2019/08/21 03:55:00",TORRA1,35.815810
D,DISPATCH,UNIT_SCADA,1,"2019/08/21 03:55:00",TORRA2,0
D,DISPATCH,UNIT_SCADA,1,"2019/08/21 03:55:00",TORRA3,0
D,DISPATCH,UNIT_SCADA,1,"2019/08/21 03:55:00",TORRA4,0
D,DISPATCH,UNIT_SCADA,1,"2019/08/21 03:55:00",TORRB1,39.82
D,DISPATCH,UNIT_SCADA,1,"2019/08/21 03:55:00",TORRB2,39.44
D,DISPATCH,UNIT_SCADA,1,"2019/08/21 03:55:00",TORRB3,0
D,DISPATCH,UNIT_SCADA,1,"2019/08/21 03:55:00",TORRB4,0
D,DISPATCH,UNIT_SCADA,1,"2019/08/21 03:55:00",TREVALLN,1.80
D,DISPATCH,UNIT_SCADA,1,"2019/08/21 03:55:00",TRIBUTE,0
D,DISPATCH,UNIT_SCADA,1,"2019/08/21 03:55:00",TUMUT3,0
D,DISPATCH,UNIT_SCADA,1,"2019/08/21 03:55:00",TUNGATIN,10.90
D,DISPATCH,UNIT_SCADA,1,"2019/08/21 03:55:00",TVCC201,0
D,DISPATCH,UNIT_SCADA,1,"2019/08/21 03:55:00",TVPP104,0
D,DISPATCH,UNIT_SCADA,1,"2019/08/21 03:55:00",UPPTUMUT,0
D,DISPATCH,UNIT_SCADA,1,"2019/08/21 03:55:00",URANQ11,0
D,DISPATCH,UNIT_SCADA,1,"2019/08/21 03:55:00",URANQ12,0
D,DISPATCH,UNIT_SCADA,1,"2019/08/21 03:55:00",URANQ13,0
D,DISPATCH,UNIT_SCADA,1,"2019/08/21 03:55:00",URANQ14,0
D,DISPATCH,UNIT_SCADA,1,"2019/08/21 03:55:00",VP5,300.274990
D,DISPATCH,UNIT_SCADA,1,"2019/08/21 03:55:00",VP6,306.649990
D,DISPATCH,UNIT_SCADA,1,"2019/08/21 03:55:00",VPGS1,0
D,DISPATCH,UNIT_SCADA,1,"2019/08/21 03:55:00",VPGS2,0
D,DISPATCH,UNIT_SCADA,1,"2019/08/21 03:55:00",VPGS3,0
D,DISPATCH,UNIT_SCADA,1,"2019/08/21 03:55:00",VPGS4,0
D,DISPATCH,UNIT_SCADA,1,"2019/08/21 03:55:00",VPGS5,0
D,DISPATCH,UNIT_SCADA,1,"2019/08/21 03:55:00",VPGS6,0
D,DISPATCH,UNIT_SCADA,1,"2019/08/21 03:55:00",W/HOE#1,0
D,DISPATCH,UNIT_SCADA,1,"2019/08/21 03:55:00",W/HOE#2,0
D,DISPATCH,UNIT_SCADA,1,"2019/08/21 03:55:00",WATERLWF,97.50
D,DISPATCH,UNIT_SCADA,1,"2019/08/21 03:55:00",WEMENSF1,0
D,DISPATCH,UNIT_SCADA,1,"2019/08/21 03:55:00",WGWF1,90.30
D,DISPATCH,UNIT_SCADA,1,"2019/08/21 03:55:00",WHITSF1,0
D,DISPATCH,UNIT_SCADA,1,"2019/08/21 03:55:00",WKIEWA1,0
D,DISPATCH,UNIT_SCADA,1,"2019/08/21 03:55:00",WKIEWA2,15.50
D,DISPATCH,UNIT_SCADA,1,"2019/08/21 03:55:00",WOODLWN1,41.0220
D,DISPATCH,UNIT_SCADA,1,"2019/08/21 03:55:00",WRSF1,0
D,DISPATCH,UNIT_SCADA,1,"2019/08/21 03:55:00",WRWF1,143.343750
D,DISPATCH,UNIT_SCADA,1,"2019/08/21 03:55:00",YABULU,0
D,DISPATCH,UNIT_SCADA,1,"2019/08/21 03:55:00",YABULU2,0
D,DISPATCH,UNIT_SCADA,1,"2019/08/21 03:55:00",YARWUN_1,0
D,DISPATCH,UNIT_SCADA,1,"2019/08/21 03:55:00",YENDWF1,41.83
D,DISPATCH,UNIT_SCADA,1,"2019/08/21 03:55:00",YWPS1,249.369610
D,DISPATCH,UNIT_SCADA,1,"2019/08/21 03:55:00",YWPS2,282.453160
D,DISPATCH,UNIT_SCADA,1,"2019/08/21 03:55:00",YWPS3,0
D,DISPATCH,UNIT_SCADA,1,"2019/08/21 03:55:00",YWPS4,298.134190
C,"END OF REPORT",334
