C,NEMP.WORLD,DISPATCHSCADA,AEMO,PUBLIC,2019/08/23,06:00:07,0000000311895678,DISPATCHSCADA,0000000311895672
I,DISPATCH,UNIT_SCADA,1,SETTLEMENTDATE,DUID,SCADAVALUE
D,DISPATCH,UNIT_SCADA,1,"2019/08/23 06:05:00",BARCSF1,0
D,DISPATCH,UNIT_SCADA,1,"2019/08/23 06:05:00",BUTLERSG,9.699999
D,DISPATCH,UNIT_SCADA,1,"2019/08/23 06:05:00",CALL_A_4,0
D,DISPATCH,UNIT_SCADA,1,"2019/08/23 06:05:00",CAPTL_WF,0
D,DISPATCH,UNIT_SCADA,1,"2019/08/23 06:05:00",CATHROCK,51.859997
D,DISPATCH,UNIT_SCADA,1,"2019/08/23 06:05:00",CHALLHWF,0
D,DISPATCH,UNIT_SCADA,1,"2019/08/23 06:05:00",CLOVER,0
D,DISPATCH,UNIT_SCADA,1,"2019/08/23 06:05:00",CLUNY,20.383154
D,DISPATCH,UNIT_SCADA,1,"2019/08/23 06:05:00",CNUNDAWF,5.906891
D,DISPATCH,UNIT_SCADA,1,"2019/08/23 06:05:00",CULLRGWF,5.60
D,DISPATCH,UNIT_SCADA,1,"2019/08/23 06:05:00",ERGT01,0
D,DISPATCH,UNIT_SCADA,1,"2019/08/23 06:05:00",GB01,0.060093
D,DISPATCH,UNIT_SCADA,1,"2019/08/23 06:05:00",GERMCRK,37.799999
D,DISPATCH,UNIT_SCADA,1,"2019/08/23 06:05:00",GRIFSF1,0
D,DISPATCH,UNIT_SCADA,1,"2019/08/23 06:05:00",HUGSF1,-0.2370
D,DISPATCH,UNIT_SCADA,1,"2019/08/23 06:05:00",LKBONNY1,5.805109
D,DISPATCH,UNIT_SCADA,1,"2019/08/23 06:05:00",LRSF1,-0.0130
D,DISPATCH,UNIT_SCADA,1,"2019/08/23 06:05:00",MBAHNTH,55.631256
D,DISPATCH,UNIT_SCADA,1,"2019/08/23 06:05:00",MLSP1,0.180001
D,DISPATCH,UNIT_SCADA,1,"2019/08/23 06:05:00",MLWF1,1.53
D,DISPATCH,UNIT_SCADA,1,"2019/08/23 06:05:00",MTMILLAR,19.630180
D,DISPATCH,UNIT_SCADA,1,"2019/08/23 06:05:00",PALOONA,23.789999
D,DISPATCH,UNIT_SCADA,1,"2019/08/23 06:05:00",PIONEER,48.799999
D,DISPATCH,UNIT_SCADA,1,"2019/08/23 06:05:00",PORTWF,34.099998
D,DISPATCH,UNIT_SCADA,1,"2019/08/23 06:05:00",REPULSE,28.835279
D,DISPATCH,UNIT_SCADA,1,"2019/08/23 06:05:00",ROWALLAN,10.4015
D,DISPATCH,UNIT_SCADA,1,"2019/08/23 06:05:00",ROYALLA1,0
D,DISPATCH,UNIT_SCADA,1,"2019/08/23 06:05:00",RPCG,12.60
D,DISPATCH,UNIT_SCADA,1,"2019/08/23 06:05:00",RUBICON,0
D,DISPATCH,UNIT_SCADA,1,"2019/08/23 06:05:00",SATGN1,0
D,DISPATCH,UNIT_SCADA,1,"2019/08/23 06:05:00",SATGS1,0
D,DISPATCH,UNIT_SCADA,1,"2019/08/23 06:05:00",STARHLWF,4.898571
D,DISPATCH,UNIT_SCADA,1,"2019/08/23 06:05:00",WAUBRAWF,0
D,DISPATCH,UNIT_SCADA,1,"2019/08/23 06:05:00",WOOLNTH1,36.820015
D,DISPATCH,UNIT_SCADA,1,"2019/08/23 06:05:00",WPWF,17
D,DISPATCH,UNIT_SCADA,1,"2019/08/23 06:05:00",YAMBUKWF,2.40
D,DISPATCH,UNIT_SCADA,1,"2019/08/23 06:05:00",YSWF1,1.20
D,DISPATCH,UNIT_SCADA,1,"2019/08/23 06:05:00",AGLHAL,0
D,DISPATCH,UNIT_SCADA,1,"2019/08/23 06:05:00",AGLSOM,0
D,DISPATCH,UNIT_SCADA,1,"2019/08/23 06:05:00",ANGAST1,0
D,DISPATCH,UNIT_SCADA,1,"2019/08/23 06:05:00",ARWF1,-1
D,DISPATCH,UNIT_SCADA,1,"2019/08/23 06:05:00",BALBG1,0
D,DISPATCH,UNIT_SCADA,1,"2019/08/23 06:05:00",BALBL1,0
D,DISPATCH,UNIT_SCADA,1,"2019/08/23 06:05:00",BALDHWF1,12.7690
D,DISPATCH,UNIT_SCADA,1,"2019/08/23 06:05:00",BANN1,0
D,DISPATCH,UNIT_SCADA,1,"2019/08/23 06:05:00",BARCALDN,0
D,DISPATCH,UNIT_SCADA,1,"2019/08/23 06:05:00",BARRON-1,0
D,DISPATCH,UNIT_SCADA,1,"2019/08/23 06:05:00",BARRON-2,16.12
D,DISPATCH,UNIT_SCADA,1,"2019/08/23 06:05:00",BASTYAN,78.20
D,DISPATCH,UNIT_SCADA,1,"2019/08/23 06:05:00",BBTHREE1,-1.82
D,DISPATCH,UNIT_SCADA,1,"2019/08/23 06:05:00",BBTHREE2,-1.87
D,DISPATCH,UNIT_SCADA,1,"2019/08/23 06:05:00",BBTHREE3,0
D,DISPATCH,UNIT_SCADA,1,"2019/08/23 06:05:00",BDL01,0
D,DISPATCH,UNIT_SCADA,1,"2019/08/23 06:05:00",BDL02,0
D,DISPATCH,UNIT_SCADA,1,"2019/08/23 06:05:00",BERYLSF1,-0.198470
D,DISPATCH,UNIT_SCADA,1,"2019/08/23 06:05:00",BLOWERNG,0
D,DISPATCH,UNIT_SCADA,1,"2019/08/23 06:05:00",BLUFF1,4.90
D,DISPATCH,UNIT_SCADA,1,"2019/08/23 06:05:00",BNGSF1,0
D,DISPATCH,UNIT_SCADA,1,"2019/08/23 06:05:00",BNGSF2,0
D,DISPATCH,UNIT_SCADA,1,"2019/08/23 06:05:00",BOCORWF1,3.71
D,DISPATCH,UNIT_SCADA,1,"2019/08/23 06:05:00",BODWF1,44.491330
D,DISPATCH,UNIT_SCADA,1,"2019/08/23 06:05:00",BRAEMAR1,0
D,DISPATCH,UNIT_SCADA,1,"2019/08/23 06:05:00",BRAEMAR2,0
D,DISPATCH,UNIT_SCADA,1,"2019/08/23 06:05:00",BRAEMAR3,0
D,DISPATCH,UNIT_SCADA,1,"2019/08/23 06:05:00",BRAEMAR5,0
D,DISPATCH,UNIT_SCADA,1,"2019/08/23 06:05:00",BRAEMAR6,110.307660
D,DISPATCH,UNIT_SCADA,1,"2019/08/23 06:05:00",BRAEMAR7,0
D,DISPATCH,UNIT_SCADA,1,"2019/08/23 06:05:00",BROKENH1,0
D,DISPATCH,UNIT_SCADA,1,"2019/08/23 06:05:00",BW01,635.724980
D,DISPATCH,UNIT_SCADA,1,"2019/08/23 06:05:00",BW02,650.25
D,DISPATCH,UNIT_SCADA,1,"2019/08/23 06:05:00",BW03,645.174930
D,DISPATCH,UNIT_SCADA,1,"2019/08/23 06:05:00",BW04,0
D,DISPATCH,UNIT_SCADA,1,"2019/08/23 06:05:00",CALL_B_1,349.200010
D,DISPATCH,UNIT_SCADA,1,"2019/08/23 06:05:00",CALL_B_2,348.50
D,DISPATCH,UNIT_SCADA,1,"2019/08/23 06:05:00",CETHANA,97.9450
D,DISPATCH,UNIT_SCADA,1,"2019/08/23 06:05:00",CG1,0
D,DISPATCH,UNIT_SCADA,1,"2019/08/23 06:05:00",CG2,0
D,DISPATCH,UNIT_SCADA,1,"2019/08/23 06:05:00",CG3,0
D,DISPATCH,UNIT_SCADA,1,"2019/08/23 06:05:00",CG4,0
D,DISPATCH,UNIT_SCADA,1,"2019/08/23 06:05:00",CHILDSF1,0
D,DISPATCH,UNIT_SCADA,1,"2019/08/23 06:05:00",CLARESF1,0
D,DISPATCH,UNIT_SCADA,1,"2019/08/23 06:05:00",CLEMGPWF,27.877550
D,DISPATCH,UNIT_SCADA,1,"2019/08/23 06:05:00",CLERMSF1,0
D,DISPATCH,UNIT_SCADA,1,"2019/08/23 06:05:00",COLEASF1,0
D,DISPATCH,UNIT_SCADA,1,"2019/08/23 06:05:00",COOPGWF1,22.7031
D,DISPATCH,UNIT_SCADA,1,"2019/08/23 06:05:00",CPP_3,405.899990
D,DISPATCH,UNIT_SCADA,1,"2019/08/23 06:05:00",CPP_4,406.175020
D,DISPATCH,UNIT_SCADA,1,"2019/08/23 06:05:00",CPSA,142.445630
D,DISPATCH,UNIT_SCADA,1,"2019/08/23 06:05:00",CROOKWF2,-0.22
D,DISPATCH,UNIT_SCADA,1,"2019/08/23 06:05:00",CROWLWF1,-0.262260
D,DISPATCH,UNIT_SCADA,1,"2019/08/23 06:05:00",CSPVPS1,0
D,DISPATCH,UNIT_SCADA,1,"2019/08/23 06:05:00",DALNTH01,0
D,DISPATCH,UNIT_SCADA,1,"2019/08/23 06:05:00",DALNTHL1,0.062560
D,DISPATCH,UNIT_SCADA,1,"2019/08/23 06:05:00",DARTM1,134.30
D,DISPATCH,UNIT_SCADA,1,"2019/08/23 06:05:00",DAYDSF1,0
D,DISPATCH,UNIT_SCADA,1,"2019/08/23 06:05:00",DDPS1,318.343570
D,DISPATCH,UNIT_SCADA,1,"2019/08/23 06:05:00",DDSF1,0
D,DISPATCH,UNIT_SCADA,1,"2019/08/23 06:05:00",DEVILS_G,0
D,DISPATCH,UNIT_SCADA,1,"2019/08/23 06:05:00",DG_NSW1,0
D,DISPATCH,UNIT_SCADA,1,"2019/08/23 06:05:00",DG_QLD1,0
D,DISPATCH,UNIT_SCADA,1,"2019/08/23 06:05:00",DG_SA1,0
D,DISPATCH,UNIT_SCADA,1,"2019/08/23 06:05:00",DG_TAS1,0
D,DISPATCH,UNIT_SCADA,1,"2019/08/23 06:05:00",DG_VIC1,0
D,DISPATCH,UNIT_SCADA,1,"2019/08/23 06:05:00",DRYCGT1,0
D,DISPATCH,UNIT_SCADA,1,"2019/08/23 06:05:00",DRYCGT2,0
D,DISPATCH,UNIT_SCADA,1,"2019/08/23 06:05:00",DRYCGT3,0
D,DISPATCH,UNIT_SCADA,1,"2019/08/23 06:05:00",EILDON1,0
D,DISPATCH,UNIT_SCADA,1,"2019/08/23 06:05:00",EILDON2,0
D,DISPATCH,UNIT_SCADA,1,"2019/08/23 06:05:00",EMERASF1,0
D,DISPATCH,UNIT_SCADA,1,"2019/08/23 06:05:00",ER01,592.224980
D,DISPATCH,UNIT_SCADA,1,"2019/08/23 06:05:00",ER02,700.1250
D,DISPATCH,UNIT_SCADA,1,"2019/08/23 06:05:00",ER03,693.900020
D,DISPATCH,UNIT_SCADA,1,"2019/08/23 06:05:00",ER04,625.800050
D,DISPATCH,UNIT_SCADA,1,"2019/08/23 06:05:00",FINLYSF1,0
D,DISPATCH,UNIT_SCADA,1,"2019/08/23 06:05:00",FISHER,46.14
D,DISPATCH,UNIT_SCADA,1,"2019/08/23 06:05:00",GANNBG1,0
D,DISPATCH,UNIT_SCADA,1,"2019/08/23 06:05:00",GANNBL1,0.075070
D,DISPATCH,UNIT_SCADA,1,"2019/08/23 06:05:00",GANNSF1,0
D,DISPATCH,UNIT_SCADA,1,"2019/08/23 06:05:00",GORDON,198.603990
D,DISPATCH,UNIT_SCADA,1,"2019/08/23 06:05:00",GSTONE1,245.524990
D,DISPATCH,UNIT_SCADA,1,"2019/08/23 06:05:00",GSTONE2,230.474990
D,DISPATCH,UNIT_SCADA,1,"2019/08/23 06:05:00",GSTONE3,236.25
D,DISPATCH,UNIT_SCADA,1,"2019/08/23 06:05:00",GSTONE4,245.8750
D,DISPATCH,UNIT_SCADA,1,"2019/08/23 06:05:00",GSTONE5,245.70
D,DISPATCH,UNIT_SCADA,1,"2019/08/23 06:05:00",GSTONE6,0
D,DISPATCH,UNIT_SCADA,1,"2019/08/23 06:05:00",GULLRSF1,0
D,DISPATCH,UNIT_SCADA,1,"2019/08/23 06:05:00",GULLRWF1,31.528050
D,DISPATCH,UNIT_SCADA,1,"2019/08/23 06:05:00",GUNNING1,10.371770
D,DISPATCH,UNIT_SCADA,1,"2019/08/23 06:05:00",GUTHEGA,0
D,DISPATCH,UNIT_SCADA,1,"2019/08/23 06:05:00",HALLWF1,22.31
D,DISPATCH,UNIT_SCADA,1,"2019/08/23 06:05:00",HALLWF2,14.65
D,DISPATCH,UNIT_SCADA,1,"2019/08/23 06:05:00",HAMISF1,0
D,DISPATCH,UNIT_SCADA,1,"2019/08/23 06:05:00",HAUGHT11,0
D,DISPATCH,UNIT_SCADA,1,"2019/08/23 06:05:00",HAYMSF1,0
D,DISPATCH,UNIT_SCADA,1,"2019/08/23 06:05:00",HDWF1,39.70
D,DISPATCH,UNIT_SCADA,1,"2019/08/23 06:05:00",HDWF2,43.40
D,DISPATCH,UNIT_SCADA,1,"2019/08/23 06:05:00",HDWF3,35.80
D,DISPATCH,UNIT_SCADA,1,"2019/08/23 06:05:00",HPRG1,2.20
D,DISPATCH,UNIT_SCADA,1,"2019/08/23 06:05:00",HPRL1,0
D,DISPATCH,UNIT_SCADA,1,"2019/08/23 06:05:00",HUMENSW,0
D,DISPATCH,UNIT_SCADA,1,"2019/08/23 06:05:00",HUMEV,8.80
D,DISPATCH,UNIT_SCADA,1,"2019/08/23 06:05:00",HVGTS,0
D,DISPATCH,UNIT_SCADA,1,"2019/08/23 06:05:00",JBUTTERS,140.83
D,DISPATCH,UNIT_SCADA,1,"2019/08/23 06:05:00",JLA01,0.10
D,DISPATCH,UNIT_SCADA,1,"2019/08/23 06:05:00",JLA02,0
D,DISPATCH,UNIT_SCADA,1,"2019/08/23 06:05:00",JLA03,0.10
D,DISPATCH,UNIT_SCADA,1,"2019/08/23 06:05:00",JLA04,0.10
D,DISPATCH,UNIT_SCADA,1,"2019/08/23 06:05:00",JLB01,0
D,DISPATCH,UNIT_SCADA,1,"2019/08/23 06:05:00",JLB02,0.10
D,DISPATCH,UNIT_SCADA,1,"2019/08/23 06:05:00",JLB03,0
D,DISPATCH,UNIT_SCADA,1,"2019/08/23 06:05:00",KAREEYA1,21.54
D,DISPATCH,UNIT_SCADA,1,"2019/08/23 06:05:00",KAREEYA2,21.64
D,DISPATCH,UNIT_SCADA,1,"2019/08/23 06:05:00",KAREEYA3,0
D,DISPATCH,UNIT_SCADA,1,"2019/08/23 06:05:00",KAREEYA4,21.72
D,DISPATCH,UNIT_SCADA,1,"2019/08/23 06:05:00",KARSF1,0
D,DISPATCH,UNIT_SCADA,1,"2019/08/23 06:05:00",KIATAWF1,3.50
D,DISPATCH,UNIT_SCADA,1,"2019/08/23 06:05:00",KPP_1,0
D,DISPATCH,UNIT_SCADA,1,"2019/08/23 06:05:00",KSP1,0
D,DISPATCH,UNIT_SCADA,1,"2019/08/23 06:05:00",LADBROK1,0
D,DISPATCH,UNIT_SCADA,1,"2019/08/23 06:05:00",LADBROK2,0
D,DISPATCH,UNIT_SCADA,1,"2019/08/23 06:05:00",LD01,355.1250
D,DISPATCH,UNIT_SCADA,1,"2019/08/23 06:05:00",LD02,300.5625
D,DISPATCH,UNIT_SCADA,1,"2019/08/23 06:05:00",LD03,370.593750
D,DISPATCH,UNIT_SCADA,1,"2019/08/23 06:05:00",LD04,352.068790
D,DISPATCH,UNIT_SCADA,1,"2019/08/23 06:05:00",LEM_WIL,86.3326
D,DISPATCH,UNIT_SCADA,1,"2019/08/23 06:05:00",LGAPWF1,12.44
D,DISPATCH,UNIT_SCADA,1,"2019/08/23 06:05:00",LILYSF1,0
D,DISPATCH,UNIT_SCADA,1,"2019/08/23 06:05:00",LI_WY_CA,149.825390
D,DISPATCH,UNIT_SCADA,1,"2019/08/23 06:05:00",LKBONNY2,12.983190
D,DISPATCH,UNIT_SCADA,1,"2019/08/23 06:05:00",LKBONNY3,4.912340
D,DISPATCH,UNIT_SCADA,1,"2019/08/23 06:05:00",LK_ECHO,0
D,DISPATCH,UNIT_SCADA,1,"2019/08/23 06:05:00",LNGS1,0
D,DISPATCH,UNIT_SCADA,1,"2019/08/23 06:05:00",LNGS2,0
D,DISPATCH,UNIT_SCADA,1,"2019/08/23 06:05:00",LONSDALE,0
D,DISPATCH,UNIT_SCADA,1,"2019/08/23 06:05:00",LOYYB1,536.088620
D,DISPATCH,UNIT_SCADA,1,"2019/08/23 06:05:00",LOYYB2,583.082280
D,DISPATCH,UNIT_SCADA,1,"2019/08/23 06:05:00",LYA1,559
D,DISPATCH,UNIT_SCADA,1,"2019/08/23 06:05:00",LYA2,0
D,DISPATCH,UNIT_SCADA,1,"2019/08/23 06:05:00",LYA3,559
D,DISPATCH,UNIT_SCADA,1,"2019/08/23 06:05:00",LYA4,539
D,DISPATCH,UNIT_SCADA,1,"2019/08/23 06:05:00",MACARTH1,42.499020
D,DISPATCH,UNIT_SCADA,1,"2019/08/23 06:05:00",MACKAYGT,0
D,DISPATCH,UNIT_SCADA,1,"2019/08/23 06:05:00",MACKNTSH,87.740010
D,DISPATCH,UNIT_SCADA,1,"2019/08/23 06:05:00",MANSLR1,0
D,DISPATCH,UNIT_SCADA,1,"2019/08/23 06:05:00",MCKAY1,0.02
D,DISPATCH,UNIT_SCADA,1,"2019/08/23 06:05:00",MEADOWBK,33.924460
D,DISPATCH,UNIT_SCADA,1,"2019/08/23 06:05:00",MERCER01,4.1240
D,DISPATCH,UNIT_SCADA,1,"2019/08/23 06:05:00",MEWF1,65.435650
D,DISPATCH,UNIT_SCADA,1,"2019/08/23 06:05:00",MINTARO,0
D,DISPATCH,UNIT_SCADA,1,"2019/08/23 06:05:00",MOREESF1,0
D,DISPATCH,UNIT_SCADA,1,"2019/08/23 06:05:00",MORTLK11,259
D,DISPATCH,UNIT_SCADA,1,"2019/08/23 06:05:00",MORTLK12,0
D,DISPATCH,UNIT_SCADA,1,"2019/08/23 06:05:00",MP1,281.175050
D,DISPATCH,UNIT_SCADA,1,"2019/08/23 06:05:00",MP2,0
D,DISPATCH,UNIT_SCADA,1,"2019/08/23 06:05:00",MPP_1,375.50
D,DISPATCH,UNIT_SCADA,1,"2019/08/23 06:05:00",MPP_2,435.25
D,DISPATCH,UNIT_SCADA,1,"2019/08/23 06:05:00",MSTUART1,0
D,DISPATCH,UNIT_SCADA,1,"2019/08/23 06:05:00",MSTUART2,0
D,DISPATCH,UNIT_SCADA,1,"2019/08/23 06:05:00",MSTUART3,0
D,DISPATCH,UNIT_SCADA,1,"2019/08/23 06:05:00",MTGELWF1,4.698320
D,DISPATCH,UNIT_SCADA,1,"2019/08/23 06:05:00",MURRAY,280.521790
D,DISPATCH,UNIT_SCADA,1,"2019/08/23 06:05:00",MUSSELR1,66.70
D,DISPATCH,UNIT_SCADA,1,"2019/08/23 06:05:00",MUWAWF1,-0.11
D,DISPATCH,UNIT_SCADA,1,"2019/08/23 06:05:00",NBHWF1,29.50
D,DISPATCH,UNIT_SCADA,1,"2019/08/23 06:05:00",NPS,225.75
D,DISPATCH,UNIT_SCADA,1,"2019/08/23 06:05:00",NUMURSF1,0
D,DISPATCH,UNIT_SCADA,1,"2019/08/23 06:05:00",NYNGAN1,0
D,DISPATCH,UNIT_SCADA,1,"2019/08/23 06:05:00",OAKEY1,0
D,DISPATCH,UNIT_SCADA,1,"2019/08/23 06:05:00",OAKEY1SF,0
D,DISPATCH,UNIT_SCADA,1,"2019/08/23 06:05:00",OAKEY2,0
D,DISPATCH,UNIT_SCADA,1,"2019/08/23 06:05:00",OAKLAND1,-0.30
D,DISPATCH,UNIT_SCADA,1,"2019/08/23 06:05:00",OSB-AG,185.48
D,DISPATCH,UNIT_SCADA,1,"2019/08/23 06:05:00",PARSF1,0
D,DISPATCH,UNIT_SCADA,1,"2019/08/23 06:05:00",POAT110,0
D,DISPATCH,UNIT_SCADA,1,"2019/08/23 06:05:00",POAT220,74.960010
D,DISPATCH,UNIT_SCADA,1,"2019/08/23 06:05:00",POR01,0
D,DISPATCH,UNIT_SCADA,1,"2019/08/23 06:05:00",POR03,0
D,DISPATCH,UNIT_SCADA,1,"2019/08/23 06:05:00",PPCCGT,496.353580
D,DISPATCH,UNIT_SCADA,1,"2019/08/23 06:05:00",PTSTAN1,0
D,DISPATCH,UNIT_SCADA,1,"2019/08/23 06:05:00",PUMP1,0
D,DISPATCH,UNIT_SCADA,1,"2019/08/23 06:05:00",PUMP2,0
D,DISPATCH,UNIT_SCADA,1,"2019/08/23 06:05:00",QPS1,0
D,DISPATCH,UNIT_SCADA,1,"2019/08/23 06:05:00",QPS2,0
D,DISPATCH,UNIT_SCADA,1,"2019/08/23 06:05:00",QPS3,0
D,DISPATCH,UNIT_SCADA,1,"2019/08/23 06:05:00",QPS4,0
D,DISPATCH,UNIT_SCADA,1,"2019/08/23 06:05:00",QPS5,0
D,DISPATCH,UNIT_SCADA,1,"2019/08/23 06:05:00",REECE1,118.830010
D,DISPATCH,UNIT_SCADA,1,"2019/08/23 06:05:00",REECE2,118.970010
D,DISPATCH,UNIT_SCADA,1,"2019/08/23 06:05:00",ROMA_7,0
D,DISPATCH,UNIT_SCADA,1,"2019/08/23 06:05:00",ROMA_8,0
D,DISPATCH,UNIT_SCADA,1,"2019/08/23 06:05:00",RRSF1,0
D,DISPATCH,UNIT_SCADA,1,"2019/08/23 06:05:00",RT_NSW1,0
D,DISPATCH,UNIT_SCADA,1,"2019/08/23 06:05:00",RT_NSW2,0
D,DISPATCH,UNIT_SCADA,1,"2019/08/23 06:05:00",RT_NSW3,0
D,DISPATCH,UNIT_SCADA,1,"2019/08/23 06:05:00",RT_NSW4,0
D,DISPATCH,UNIT_SCADA,1,"2019/08/23 06:05:00",RT_NSW5,0
D,DISPATCH,UNIT_SCADA,1,"2019/08/23 06:05:00",RT_NSW6,0
D,DISPATCH,UNIT_SCADA,1,"2019/08/23 06:05:00",RT_QLD1,0
D,DISPATCH,UNIT_SCADA,1,"2019/08/23 06:05:00",RT_SA1,0
D,DISPATCH,UNIT_SCADA,1,"2019/08/23 06:05:00",RT_SA2,0
D,DISPATCH,UNIT_SCADA,1,"2019/08/23 06:05:00",RT_SA3,0
D,DISPATCH,UNIT_SCADA,1,"2019/08/23 06:05:00",RT_SA4,0
D,DISPATCH,UNIT_SCADA,1,"2019/08/23 06:05:00",RT_SA5,0
D,DISPATCH,UNIT_SCADA,1,"2019/08/23 06:05:00",RT_SA6,0
D,DISPATCH,UNIT_SCADA,1,"2019/08/23 06:05:00",RT_TAS1,0
D,DISPATCH,UNIT_SCADA,1,"2019/08/23 06:05:00",RT_VIC1,0
D,DISPATCH,UNIT_SCADA,1,"2019/08/23 06:05:00",RT_VIC10,0
D,DISPATCH,UNIT_SCADA,1,"2019/08/23 06:05:00",RT_VIC11,0
D,DISPATCH,UNIT_SCADA,1,"2019/08/23 06:05:00",RT_VIC12,0
D,DISPATCH,UNIT_SCADA,1,"2019/08/23 06:05:00",RT_VIC2,0
D,DISPATCH,UNIT_SCADA,1,"2019/08/23 06:05:00",RT_VIC3,0
D,DISPATCH,UNIT_SCADA,1,"2019/08/23 06:05:00",RT_VIC4,0
D,DISPATCH,UNIT_SCADA,1,"2019/08/23 06:05:00",RT_VIC5,0
D,DISPATCH,UNIT_SCADA,1,"2019/08/23 06:05:00",RT_VIC6,0
D,DISPATCH,UNIT_SCADA,1,"2019/08/23 06:05:00",RT_VIC7,0
D,DISPATCH,UNIT_SCADA,1,"2019/08/23 06:05:00",RT_VIC8,0
D,DISPATCH,UNIT_SCADA,1,"2019/08/23 06:05:00",RT_VIC9,0
D,DISPATCH,UNIT_SCADA,1,"2019/08/23 06:05:00",RUGBYR1,0
D,DISPATCH,UNIT_SCADA,1,"2019/08/23 06:05:00",SALTCRK1,2.74
D,DISPATCH,UNIT_SCADA,1,"2019/08/23 06:05:00",SAPHWF1,41.475010
D,DISPATCH,UNIT_SCADA,1,"2019/08/23 06:05:00",SHGEN,0
D,DISPATCH,UNIT_SCADA,1,"2019/08/23 06:05:00",SHPUMP,0
D,DISPATCH,UNIT_SCADA,1,"2019/08/23 06:05:00",SITHE01,0.2041
D,DISPATCH,UNIT_SCADA,1,"2019/08/23 06:05:00",SMCSF1,0
D,DISPATCH,UNIT_SCADA,1,"2019/08/23 06:05:00",SNOWNTH1,85.80
D,DISPATCH,UNIT_SCADA,1,"2019/08/23 06:05:00",SNOWSTH1,23.70
D,DISPATCH,UNIT_SCADA,1,"2019/08/23 06:05:00",SNOWTWN1,60.472370
D,DISPATCH,UNIT_SCADA,1,"2019/08/23 06:05:00",SNOWYP,0
D,DISPATCH,UNIT_SCADA,1,"2019/08/23 06:05:00",SNUG1,0.019440
D,DISPATCH,UNIT_SCADA,1,"2019/08/23 06:05:00",SRSF1,0
D,DISPATCH,UNIT_SCADA,1,"2019/08/23 06:05:00",STAN-1,0
D,DISPATCH,UNIT_SCADA,1,"2019/08/23 06:05:00",STAN-2,238.898160
D,DISPATCH,UNIT_SCADA,1,"2019/08/23 06:05:00",STAN-3,236.065430
D,DISPATCH,UNIT_SCADA,1,"2019/08/23 06:05:00",STAN-4,240.833650
D,DISPATCH,UNIT_SCADA,1,"2019/08/23 06:05:00",STWF1,151.368740
D,DISPATCH,UNIT_SCADA,1,"2019/08/23 06:05:00",SWAN_E,0
D,DISPATCH,UNIT_SCADA,1,"2019/08/23 06:05:00",TALWA1,419
D,DISPATCH,UNIT_SCADA,1,"2019/08/23 06:05:00",TARALGA1,0.6450
D,DISPATCH,UNIT_SCADA,1,"2019/08/23 06:05:00",TARONG#1,285.800020
D,DISPATCH,UNIT_SCADA,1,"2019/08/23 06:05:00",TARONG#2,179.70
D,DISPATCH,UNIT_SCADA,1,"2019/08/23 06:05:00",TARONG#3,260
D,DISPATCH,UNIT_SCADA,1,"2019/08/23 06:05:00",TARONG#4,295.399990
D,DISPATCH,UNIT_SCADA,1,"2019/08/23 06:05:00",TARRALEA,84
D,DISPATCH,UNIT_SCADA,1,"2019/08/23 06:05:00",TBSF1,-0.20
D,DISPATCH,UNIT_SCADA,1,"2019/08/23 06:05:00",TNPS1,398.800020
D,DISPATCH,UNIT_SCADA,1,"2019/08/23 06:05:00",TORRA1,109.782230
D,DISPATCH,UNIT_SCADA,1,"2019/08/23 06:05:00",TORRA2,19.098650
D,DISPATCH,UNIT_SCADA,1,"2019/08/23 06:05:00",TORRA3,0
D,DISPATCH,UNIT_SCADA,1,"2019/08/23 06:05:00",TORRA4,0
D,DISPATCH,UNIT_SCADA,1,"2019/08/23 06:05:00",TORRB1,0
D,DISPATCH,UNIT_SCADA,1,"2019/08/23 06:05:00",TORRB2,181.81
D,DISPATCH,UNIT_SCADA,1,"2019/08/23 06:05:00",TORRB3,0
D,DISPATCH,UNIT_SCADA,1,"2019/08/23 06:05:00",TORRB4,0
D,DISPATCH,UNIT_SCADA,1,"2019/08/23 06:05:00",TREVALLN,44.020010
D,DISPATCH,UNIT_SCADA,1,"2019/08/23 06:05:00",TRIBUTE,85.11
D,DISPATCH,UNIT_SCADA,1,"2019/08/23 06:05:00",TUMUT3,0
D,DISPATCH,UNIT_SCADA,1,"2019/08/23 06:05:00",TUNGATIN,139.720030
D,DISPATCH,UNIT_SCADA,1,"2019/08/23 06:05:00",TVCC201,0
D,DISPATCH,UNIT_SCADA,1,"2019/08/23 06:05:00",TVPP104,0
D,DISPATCH,UNIT_SCADA,1,"2019/08/23 06:05:00",UPPTUMUT,0
D,DISPATCH,UNIT_SCADA,1,"2019/08/23 06:05:00",URANQ11,0
D,DISPATCH,UNIT_SCADA,1,"2019/08/23 06:05:00",URANQ12,0
D,DISPATCH,UNIT_SCADA,1,"2019/08/23 06:05:00",URANQ13,0
D,DISPATCH,UNIT_SCADA,1,"2019/08/23 06:05:00",URANQ14,0
D,DISPATCH,UNIT_SCADA,1,"2019/08/23 06:05:00",VP5,550.799990
D,DISPATCH,UNIT_SCADA,1,"2019/08/23 06:05:00",VP6,400.724980
D,DISPATCH,UNIT_SCADA,1,"2019/08/23 06:05:00",VPGS1,0
D,DISPATCH,UNIT_SCADA,1,"2019/08/23 06:05:00",VPGS2,0
D,DISPATCH,UNIT_SCADA,1,"2019/08/23 06:05:00",VPGS3,0
D,DISPATCH,UNIT_SCADA,1,"2019/08/23 06:05:00",VPGS4,0
D,DISPATCH,UNIT_SCADA,1,"2019/08/23 06:05:00",VPGS5,0
D,DISPATCH,UNIT_SCADA,1,"2019/08/23 06:05:00",VPGS6,0
D,DISPATCH,UNIT_SCADA,1,"2019/08/23 06:05:00",W/HOE#1,0
D,DISPATCH,UNIT_SCADA,1,"2019/08/23 06:05:00",W/HOE#2,0
D,DISPATCH,UNIT_SCADA,1,"2019/08/23 06:05:00",WATERLWF,38.70
D,DISPATCH,UNIT_SCADA,1,"2019/08/23 06:05:00",WEMENSF1,0
D,DISPATCH,UNIT_SCADA,1,"2019/08/23 06:05:00",WGWF1,27.20
D,DISPATCH,UNIT_SCADA,1,"2019/08/23 06:05:00",WHITSF1,0
D,DISPATCH,UNIT_SCADA,1,"2019/08/23 06:05:00",WKIEWA1,32.10
D,DISPATCH,UNIT_SCADA,1,"2019/08/23 06:05:00",WKIEWA2,16
D,DISPATCH,UNIT_SCADA,1,"2019/08/23 06:05:00",WOODLWN1,0
D,DISPATCH,UNIT_SCADA,1,"2019/08/23 06:05:00",WRSF1,0
D,DISPATCH,UNIT_SCADA,1,"2019/08/23 06:05:00",WRWF1,49.565010
D,DISPATCH,UNIT_SCADA,1,"2019/08/23 06:05:00",YABULU,0
D,DISPATCH,UNIT_SCADA,1,"2019/08/23 06:05:00",YABULU2,0
D,DISPATCH,UNIT_SCADA,1,"2019/08/23 06:05:00",YARWUN_1,0
D,DISPATCH,UNIT_SCADA,1,"2019/08/23 06:05:00",YENDWF1,3.18
D,DISPATCH,UNIT_SCADA,1,"2019/08/23 06:05:00",YWPS1,384.962040
D,DISPATCH,UNIT_SCADA,1,"2019/08/23 06:05:00",YWPS2,280.197480
D,DISPATCH,UNIT_SCADA,1,"2019/08/23 06:05:00",YWPS3,0
D,DISPATCH,UNIT_SCADA,1,"2019/08/23 06:05:00",YWPS4,0
C,"END OF REPORT",334
