C,NEMP.WORLD,DISPATCHSCADA,AEMO,PUBLIC,2019/09/06,03:10:09,0000000312445702,DISPATCHSCADA,0000000312445696
I,DISPATCH,UNIT_SCADA,1,SETTLEMENTDATE,DUID,SCADAVALUE
D,DISPATCH,UNIT_SCADA,1,"2019/09/06 03:15:00",BARCSF1,0.30
D,DISPATCH,UNIT_SCADA,1,"2019/09/06 03:15:00",BUTLERSG,10.199999
D,DISPATCH,UNIT_SCADA,1,"2019/09/06 03:15:00",CALL_A_4,0
D,DISPATCH,UNIT_SCADA,1,"2019/09/06 03:15:00",CAPTL_WF,46.727997
D,DISPATCH,UNIT_SCADA,1,"2019/09/06 03:15:00",CATHROCK,0
D,DISPATCH,UNIT_SCADA,1,"2019/09/06 03:15:00",CHALLHWF,19.900002
D,DISPATCH,UNIT_SCADA,1,"2019/09/06 03:15:00",CLOVER,-0.01
D,DISPATCH,UNIT_SCADA,1,"2019/09/06 03:15:00",CLUNY,14.577706
D,DISPATCH,UNIT_SCADA,1,"2019/09/06 03:15:00",CNUNDAWF,4.805606
D,DISPATCH,UNIT_SCADA,1,"2019/09/06 03:15:00",CULLRGWF,6.15
D,DISPATCH,UNIT_SCADA,1,"2019/09/06 03:15:00",ERGT01,0
D,DISPATCH,UNIT_SCADA,1,"2019/09/06 03:15:00",GB01,0.006294
D,DISPATCH,UNIT_SCADA,1,"2019/09/06 03:15:00",GERMCRK,36
D,DISPATCH,UNIT_SCADA,1,"2019/09/06 03:15:00",GRIFSF1,0
D,DISPATCH,UNIT_SCADA,1,"2019/09/06 03:15:00",HUGSF1,-0.2330
D,DISPATCH,UNIT_SCADA,1,"2019/09/06 03:15:00",LKBONNY1,10.985052
D,DISPATCH,UNIT_SCADA,1,"2019/09/06 03:15:00",LRSF1,-0.0010
D,DISPATCH,UNIT_SCADA,1,"2019/09/06 03:15:00",MBAHNTH,50.024994
D,DISPATCH,UNIT_SCADA,1,"2019/09/06 03:15:00",MLSP1,0
D,DISPATCH,UNIT_SCADA,1,"2019/09/06 03:15:00",MLWF1,5.97
D,DISPATCH,UNIT_SCADA,1,"2019/09/06 03:15:00",MTMILLAR,56.018192
D,DISPATCH,UNIT_SCADA,1,"2019/09/06 03:15:00",PALOONA,25.92
D,DISPATCH,UNIT_SCADA,1,"2019/09/06 03:15:00",PIONEER,47.299999
D,DISPATCH,UNIT_SCADA,1,"2019/09/06 03:15:00",PORTWF,56.400002
D,DISPATCH,UNIT_SCADA,1,"2019/09/06 03:15:00",REPULSE,32.676891
D,DISPATCH,UNIT_SCADA,1,"2019/09/06 03:15:00",ROWALLAN,10.3092
D,DISPATCH,UNIT_SCADA,1,"2019/09/06 03:15:00",ROYALLA1,0
D,DISPATCH,UNIT_SCADA,1,"2019/09/06 03:15:00",RPCG,9.60
D,DISPATCH,UNIT_SCADA,1,"2019/09/06 03:15:00",RUBICON,0
D,DISPATCH,UNIT_SCADA,1,"2019/09/06 03:15:00",SATGN1,0
D,DISPATCH,UNIT_SCADA,1,"2019/09/06 03:15:00",SATGS1,0
D,DISPATCH,UNIT_SCADA,1,"2019/09/06 03:15:00",STARHLWF,31.290876
D,DISPATCH,UNIT_SCADA,1,"2019/09/06 03:15:00",WAUBRAWF,28.8790
D,DISPATCH,UNIT_SCADA,1,"2019/09/06 03:15:00",WOOLNTH1,107.540016
D,DISPATCH,UNIT_SCADA,1,"2019/09/06 03:15:00",WPWF,84
D,DISPATCH,UNIT_SCADA,1,"2019/09/06 03:15:00",YAMBUKWF,3
D,DISPATCH,UNIT_SCADA,1,"2019/09/06 03:15:00",YSWF1,6
D,DISPATCH,UNIT_SCADA,1,"2019/09/06 03:15:00",AGLHAL,0
D,DISPATCH,UNIT_SCADA,1,"2019/09/06 03:15:00",AGLSOM,0
D,DISPATCH,UNIT_SCADA,1,"2019/09/06 03:15:00",ANGAST1,0
D,DISPATCH,UNIT_SCADA,1,"2019/09/06 03:15:00",ARWF1,19.20
D,DISPATCH,UNIT_SCADA,1,"2019/09/06 03:15:00",BALBG1,0
D,DISPATCH,UNIT_SCADA,1,"2019/09/06 03:15:00",BALBL1,0
D,DISPATCH,UNIT_SCADA,1,"2019/09/06 03:15:00",BALDHWF1,40.8050
D,DISPATCH,UNIT_SCADA,1,"2019/09/06 03:15:00",BANN1,0
D,DISPATCH,UNIT_SCADA,1,"2019/09/06 03:15:00",BARCALDN,0
D,DISPATCH,UNIT_SCADA,1,"2019/09/06 03:15:00",BARRON-1,0
D,DISPATCH,UNIT_SCADA,1,"2019/09/06 03:15:00",BARRON-2,0
D,DISPATCH,UNIT_SCADA,1,"2019/09/06 03:15:00",BASTYAN,81.13
D,DISPATCH,UNIT_SCADA,1,"2019/09/06 03:15:00",BBTHREE1,0
D,DISPATCH,UNIT_SCADA,1,"2019/09/06 03:15:00",BBTHREE2,0
D,DISPATCH,UNIT_SCADA,1,"2019/09/06 03:15:00",BBTHREE3,0
D,DISPATCH,UNIT_SCADA,1,"2019/09/06 03:15:00",BDL01,0
D,DISPATCH,UNIT_SCADA,1,"2019/09/06 03:15:00",BDL02,0
D,DISPATCH,UNIT_SCADA,1,"2019/09/06 03:15:00",BERYLSF1,0
D,DISPATCH,UNIT_SCADA,1,"2019/09/06 03:15:00",BLOWERNG,15.20
D,DISPATCH,UNIT_SCADA,1,"2019/09/06 03:15:00",BLUFF1,52.60
D,DISPATCH,UNIT_SCADA,1,"2019/09/06 03:15:00",BNGSF1,0
D,DISPATCH,UNIT_SCADA,1,"2019/09/06 03:15:00",BNGSF2,0
D,DISPATCH,UNIT_SCADA,1,"2019/09/06 03:15:00",BOCORWF1,85.12
D,DISPATCH,UNIT_SCADA,1,"2019/09/06 03:15:00",BODWF1,48.662480
D,DISPATCH,UNIT_SCADA,1,"2019/09/06 03:15:00",BRAEMAR1,0
D,DISPATCH,UNIT_SCADA,1,"2019/09/06 03:15:00",BRAEMAR2,0
D,DISPATCH,UNIT_SCADA,1,"2019/09/06 03:15:00",BRAEMAR3,0
D,DISPATCH,UNIT_SCADA,1,"2019/09/06 03:15:00",BRAEMAR5,0
D,DISPATCH,UNIT_SCADA,1,"2019/09/06 03:15:00",BRAEMAR6,0
D,DISPATCH,UNIT_SCADA,1,"2019/09/06 03:15:00",BRAEMAR7,0
D,DISPATCH,UNIT_SCADA,1,"2019/09/06 03:15:00",BROKENH1,0
D,DISPATCH,UNIT_SCADA,1,"2019/09/06 03:15:00",BW01,523.599980
D,DISPATCH,UNIT_SCADA,1,"2019/09/06 03:15:00",BW02,552.25
D,DISPATCH,UNIT_SCADA,1,"2019/09/06 03:15:00",BW03,614.1250
D,DISPATCH,UNIT_SCADA,1,"2019/09/06 03:15:00",BW04,0
D,DISPATCH,UNIT_SCADA,1,"2019/09/06 03:15:00",CALL_B_1,348.800020
D,DISPATCH,UNIT_SCADA,1,"2019/09/06 03:15:00",CALL_B_2,280.600010
D,DISPATCH,UNIT_SCADA,1,"2019/09/06 03:15:00",CETHANA,97.286380
D,DISPATCH,UNIT_SCADA,1,"2019/09/06 03:15:00",CG1,0
D,DISPATCH,UNIT_SCADA,1,"2019/09/06 03:15:00",CG2,0
D,DISPATCH,UNIT_SCADA,1,"2019/09/06 03:15:00",CG3,0
D,DISPATCH,UNIT_SCADA,1,"2019/09/06 03:15:00",CG4,0
D,DISPATCH,UNIT_SCADA,1,"2019/09/06 03:15:00",CHILDSF1,0
D,DISPATCH,UNIT_SCADA,1,"2019/09/06 03:15:00",CLARESF1,0
D,DISPATCH,UNIT_SCADA,1,"2019/09/06 03:15:00",CLEMGPWF,55.683070
D,DISPATCH,UNIT_SCADA,1,"2019/09/06 03:15:00",CLERMSF1,0
D,DISPATCH,UNIT_SCADA,1,"2019/09/06 03:15:00",COLEASF1,0
D,DISPATCH,UNIT_SCADA,1,"2019/09/06 03:15:00",COOPGWF1,22.329920
D,DISPATCH,UNIT_SCADA,1,"2019/09/06 03:15:00",CPP_3,388.575010
D,DISPATCH,UNIT_SCADA,1,"2019/09/06 03:15:00",CPP_4,385.550020
D,DISPATCH,UNIT_SCADA,1,"2019/09/06 03:15:00",CPSA,143.253750
D,DISPATCH,UNIT_SCADA,1,"2019/09/06 03:15:00",CROOKWF2,65.003750
D,DISPATCH,UNIT_SCADA,1,"2019/09/06 03:15:00",CROWLWF1,17.1561
D,DISPATCH,UNIT_SCADA,1,"2019/09/06 03:15:00",CSPVPS1,0
D,DISPATCH,UNIT_SCADA,1,"2019/09/06 03:15:00",DALNTH01,0
D,DISPATCH,UNIT_SCADA,1,"2019/09/06 03:15:00",DALNTHL1,0.987260
D,DISPATCH,UNIT_SCADA,1,"2019/09/06 03:15:00",DARTM1,0
D,DISPATCH,UNIT_SCADA,1,"2019/09/06 03:15:00",DAYDSF1,0
D,DISPATCH,UNIT_SCADA,1,"2019/09/06 03:15:00",DDPS1,0
D,DISPATCH,UNIT_SCADA,1,"2019/09/06 03:15:00",DDSF1,0
D,DISPATCH,UNIT_SCADA,1,"2019/09/06 03:15:00",DEVILS_G,63.739740
D,DISPATCH,UNIT_SCADA,1,"2019/09/06 03:15:00",DG_NSW1,0
D,DISPATCH,UNIT_SCADA,1,"2019/09/06 03:15:00",DG_QLD1,0
D,DISPATCH,UNIT_SCADA,1,"2019/09/06 03:15:00",DG_SA1,0
D,DISPATCH,UNIT_SCADA,1,"2019/09/06 03:15:00",DG_TAS1,0
D,DISPATCH,UNIT_SCADA,1,"2019/09/06 03:15:00",DG_VIC1,0
D,DISPATCH,UNIT_SCADA,1,"2019/09/06 03:15:00",DRYCGT1,0
D,DISPATCH,UNIT_SCADA,1,"2019/09/06 03:15:00",DRYCGT2,0
D,DISPATCH,UNIT_SCADA,1,"2019/09/06 03:15:00",DRYCGT3,0
D,DISPATCH,UNIT_SCADA,1,"2019/09/06 03:15:00",EILDON1,0
D,DISPATCH,UNIT_SCADA,1,"2019/09/06 03:15:00",EILDON2,0
D,DISPATCH,UNIT_SCADA,1,"2019/09/06 03:15:00",EMERASF1,0
D,DISPATCH,UNIT_SCADA,1,"2019/09/06 03:15:00",ER01,447.599980
D,DISPATCH,UNIT_SCADA,1,"2019/09/06 03:15:00",ER02,460.175050
D,DISPATCH,UNIT_SCADA,1,"2019/09/06 03:15:00",ER03,0
D,DISPATCH,UNIT_SCADA,1,"2019/09/06 03:15:00",ER04,465.400020
D,DISPATCH,UNIT_SCADA,1,"2019/09/06 03:15:00",FINLYSF1,0
D,DISPATCH,UNIT_SCADA,1,"2019/09/06 03:15:00",FISHER,43.82
D,DISPATCH,UNIT_SCADA,1,"2019/09/06 03:15:00",GANNBG1,0
D,DISPATCH,UNIT_SCADA,1,"2019/09/06 03:15:00",GANNBL1,10.008180
D,DISPATCH,UNIT_SCADA,1,"2019/09/06 03:15:00",GANNSF1,0
D,DISPATCH,UNIT_SCADA,1,"2019/09/06 03:15:00",GORDON,22.863680
D,DISPATCH,UNIT_SCADA,1,"2019/09/06 03:15:00",GSTONE1,129.849990
D,DISPATCH,UNIT_SCADA,1,"2019/09/06 03:15:00",GSTONE2,109.7250
D,DISPATCH,UNIT_SCADA,1,"2019/09/06 03:15:00",GSTONE3,0
D,DISPATCH,UNIT_SCADA,1,"2019/09/06 03:15:00",GSTONE4,129.149990
D,DISPATCH,UNIT_SCADA,1,"2019/09/06 03:15:00",GSTONE5,129.50
D,DISPATCH,UNIT_SCADA,1,"2019/09/06 03:15:00",GSTONE6,129.3250
D,DISPATCH,UNIT_SCADA,1,"2019/09/06 03:15:00",GULLRSF1,0
D,DISPATCH,UNIT_SCADA,1,"2019/09/06 03:15:00",GULLRWF1,49.836580
D,DISPATCH,UNIT_SCADA,1,"2019/09/06 03:15:00",GUNNING1,9.629880
D,DISPATCH,UNIT_SCADA,1,"2019/09/06 03:15:00",GUTHEGA,0
D,DISPATCH,UNIT_SCADA,1,"2019/09/06 03:15:00",HALLWF1,89.61
D,DISPATCH,UNIT_SCADA,1,"2019/09/06 03:15:00",HALLWF2,65.07
D,DISPATCH,UNIT_SCADA,1,"2019/09/06 03:15:00",HAMISF1,0
D,DISPATCH,UNIT_SCADA,1,"2019/09/06 03:15:00",HAUGHT11,0
D,DISPATCH,UNIT_SCADA,1,"2019/09/06 03:15:00",HAYMSF1,0
D,DISPATCH,UNIT_SCADA,1,"2019/09/06 03:15:00",HDWF1,89.60
D,DISPATCH,UNIT_SCADA,1,"2019/09/06 03:15:00",HDWF2,64.60
D,DISPATCH,UNIT_SCADA,1,"2019/09/06 03:15:00",HDWF3,84.80
D,DISPATCH,UNIT_SCADA,1,"2019/09/06 03:15:00",HPRG1,0
D,DISPATCH,UNIT_SCADA,1,"2019/09/06 03:15:00",HPRL1,0.10
D,DISPATCH,UNIT_SCADA,1,"2019/09/06 03:15:00",HUMENSW,0
D,DISPATCH,UNIT_SCADA,1,"2019/09/06 03:15:00",HUMEV,24.60
D,DISPATCH,UNIT_SCADA,1,"2019/09/06 03:15:00",HVGTS,0
D,DISPATCH,UNIT_SCADA,1,"2019/09/06 03:15:00",JBUTTERS,0
D,DISPATCH,UNIT_SCADA,1,"2019/09/06 03:15:00",JLA01,0.10
D,DISPATCH,UNIT_SCADA,1,"2019/09/06 03:15:00",JLA02,0
D,DISPATCH,UNIT_SCADA,1,"2019/09/06 03:15:00",JLA03,0
D,DISPATCH,UNIT_SCADA,1,"2019/09/06 03:15:00",JLA04,0
D,DISPATCH,UNIT_SCADA,1,"2019/09/06 03:15:00",JLB01,0
D,DISPATCH,UNIT_SCADA,1,"2019/09/06 03:15:00",JLB02,0.10
D,DISPATCH,UNIT_SCADA,1,"2019/09/06 03:15:00",JLB03,0
D,DISPATCH,UNIT_SCADA,1,"2019/09/06 03:15:00",KAREEYA1,21.52
D,DISPATCH,UNIT_SCADA,1,"2019/09/06 03:15:00",KAREEYA2,21.7675
D,DISPATCH,UNIT_SCADA,1,"2019/09/06 03:15:00",KAREEYA3,0
D,DISPATCH,UNIT_SCADA,1,"2019/09/06 03:15:00",KAREEYA4,21.6150
D,DISPATCH,UNIT_SCADA,1,"2019/09/06 03:15:00",KARSF1,0
D,DISPATCH,UNIT_SCADA,1,"2019/09/06 03:15:00",KIATAWF1,26.80
D,DISPATCH,UNIT_SCADA,1,"2019/09/06 03:15:00",KPP_1,0
D,DISPATCH,UNIT_SCADA,1,"2019/09/06 03:15:00",KSP1,0
D,DISPATCH,UNIT_SCADA,1,"2019/09/06 03:15:00",LADBROK1,0
D,DISPATCH,UNIT_SCADA,1,"2019/09/06 03:15:00",LADBROK2,0
D,DISPATCH,UNIT_SCADA,1,"2019/09/06 03:15:00",LD01,349.668730
D,DISPATCH,UNIT_SCADA,1,"2019/09/06 03:15:00",LD02,320.887480
D,DISPATCH,UNIT_SCADA,1,"2019/09/06 03:15:00",LD03,349.818790
D,DISPATCH,UNIT_SCADA,1,"2019/09/06 03:15:00",LD04,347.1937
D,DISPATCH,UNIT_SCADA,1,"2019/09/06 03:15:00",LEM_WIL,84.694350
D,DISPATCH,UNIT_SCADA,1,"2019/09/06 03:15:00",LGAPWF1,34.42
D,DISPATCH,UNIT_SCADA,1,"2019/09/06 03:15:00",LILYSF1,0
D,DISPATCH,UNIT_SCADA,1,"2019/09/06 03:15:00",LI_WY_CA,138.431960
D,DISPATCH,UNIT_SCADA,1,"2019/09/06 03:15:00",LKBONNY2,20.178020
D,DISPATCH,UNIT_SCADA,1,"2019/09/06 03:15:00",LKBONNY3,8.150010
D,DISPATCH,UNIT_SCADA,1,"2019/09/06 03:15:00",LK_ECHO,0
D,DISPATCH,UNIT_SCADA,1,"2019/09/06 03:15:00",LNGS1,0
D,DISPATCH,UNIT_SCADA,1,"2019/09/06 03:15:00",LNGS2,0
D,DISPATCH,UNIT_SCADA,1,"2019/09/06 03:15:00",LONSDALE,0
D,DISPATCH,UNIT_SCADA,1,"2019/09/06 03:15:00",LOYYB1,534.960750
D,DISPATCH,UNIT_SCADA,1,"2019/09/06 03:15:00",LOYYB2,582.7063
D,DISPATCH,UNIT_SCADA,1,"2019/09/06 03:15:00",LYA1,0
D,DISPATCH,UNIT_SCADA,1,"2019/09/06 03:15:00",LYA2,0
D,DISPATCH,UNIT_SCADA,1,"2019/09/06 03:15:00",LYA3,559
D,DISPATCH,UNIT_SCADA,1,"2019/09/06 03:15:00",LYA4,539
D,DISPATCH,UNIT_SCADA,1,"2019/09/06 03:15:00",MACARTH1,90.297910
D,DISPATCH,UNIT_SCADA,1,"2019/09/06 03:15:00",MACKAYGT,0.2240
D,DISPATCH,UNIT_SCADA,1,"2019/09/06 03:15:00",MACKNTSH,88.540010
D,DISPATCH,UNIT_SCADA,1,"2019/09/06 03:15:00",MANSLR1,0
D,DISPATCH,UNIT_SCADA,1,"2019/09/06 03:15:00",MCKAY1,-0.0350
D,DISPATCH,UNIT_SCADA,1,"2019/09/06 03:15:00",MEADOWBK,34.210260
D,DISPATCH,UNIT_SCADA,1,"2019/09/06 03:15:00",MERCER01,1.3130
D,DISPATCH,UNIT_SCADA,1,"2019/09/06 03:15:00",MEWF1,46.675970
D,DISPATCH,UNIT_SCADA,1,"2019/09/06 03:15:00",MINTARO,0
D,DISPATCH,UNIT_SCADA,1,"2019/09/06 03:15:00",MOREESF1,0
D,DISPATCH,UNIT_SCADA,1,"2019/09/06 03:15:00",MORTLK11,124
D,DISPATCH,UNIT_SCADA,1,"2019/09/06 03:15:00",MORTLK12,0
D,DISPATCH,UNIT_SCADA,1,"2019/09/06 03:15:00",MP1,222.549990
D,DISPATCH,UNIT_SCADA,1,"2019/09/06 03:15:00",MP2,0
D,DISPATCH,UNIT_SCADA,1,"2019/09/06 03:15:00",MPP_1,389.50
D,DISPATCH,UNIT_SCADA,1,"2019/09/06 03:15:00",MPP_2,413.25
D,DISPATCH,UNIT_SCADA,1,"2019/09/06 03:15:00",MSTUART1,0
D,DISPATCH,UNIT_SCADA,1,"2019/09/06 03:15:00",MSTUART2,0
D,DISPATCH,UNIT_SCADA,1,"2019/09/06 03:15:00",MSTUART3,0
D,DISPATCH,UNIT_SCADA,1,"2019/09/06 03:15:00",MTGELWF1,1.916560
D,DISPATCH,UNIT_SCADA,1,"2019/09/06 03:15:00",MURRAY,0
D,DISPATCH,UNIT_SCADA,1,"2019/09/06 03:15:00",MUSSELR1,130.70
D,DISPATCH,UNIT_SCADA,1,"2019/09/06 03:15:00",MUWAWF1,72.15
D,DISPATCH,UNIT_SCADA,1,"2019/09/06 03:15:00",NBHWF1,119
D,DISPATCH,UNIT_SCADA,1,"2019/09/06 03:15:00",NPS,0
D,DISPATCH,UNIT_SCADA,1,"2019/09/06 03:15:00",NUMURSF1,0
D,DISPATCH,UNIT_SCADA,1,"2019/09/06 03:15:00",NYNGAN1,0
D,DISPATCH,UNIT_SCADA,1,"2019/09/06 03:15:00",OAKEY1,0
D,DISPATCH,UNIT_SCADA,1,"2019/09/06 03:15:00",OAKEY1SF,0
D,DISPATCH,UNIT_SCADA,1,"2019/09/06 03:15:00",OAKEY2,0
D,DISPATCH,UNIT_SCADA,1,"2019/09/06 03:15:00",OAKEY2SF,0
D,DISPATCH,UNIT_SCADA,1,"2019/09/06 03:15:00",OAKLAND1,16
D,DISPATCH,UNIT_SCADA,1,"2019/09/06 03:15:00",OSB-AG,0
D,DISPATCH,UNIT_SCADA,1,"2019/09/06 03:15:00",PARSF1,0
D,DISPATCH,UNIT_SCADA,1,"2019/09/06 03:15:00",POAT110,0
D,DISPATCH,UNIT_SCADA,1,"2019/09/06 03:15:00",POAT220,2.01
D,DISPATCH,UNIT_SCADA,1,"2019/09/06 03:15:00",POR01,0
D,DISPATCH,UNIT_SCADA,1,"2019/09/06 03:15:00",POR03,0
D,DISPATCH,UNIT_SCADA,1,"2019/09/06 03:15:00",PPCCGT,174.223310
D,DISPATCH,UNIT_SCADA,1,"2019/09/06 03:15:00",PTSTAN1,0
D,DISPATCH,UNIT_SCADA,1,"2019/09/06 03:15:00",PUMP1,0
D,DISPATCH,UNIT_SCADA,1,"2019/09/06 03:15:00",PUMP2,0
D,DISPATCH,UNIT_SCADA,1,"2019/09/06 03:15:00",QPS1,0
D,DISPATCH,UNIT_SCADA,1,"2019/09/06 03:15:00",QPS2,0
D,DISPATCH,UNIT_SCADA,1,"2019/09/06 03:15:00",QPS3,0
D,DISPATCH,UNIT_SCADA,1,"2019/09/06 03:15:00",QPS4,0
D,DISPATCH,UNIT_SCADA,1,"2019/09/06 03:15:00",QPS5,0
D,DISPATCH,UNIT_SCADA,1,"2019/09/06 03:15:00",REECE1,65.66
D,DISPATCH,UNIT_SCADA,1,"2019/09/06 03:15:00",REECE2,0
D,DISPATCH,UNIT_SCADA,1,"2019/09/06 03:15:00",ROMA_7,0
D,DISPATCH,UNIT_SCADA,1,"2019/09/06 03:15:00",ROMA_8,0
D,DISPATCH,UNIT_SCADA,1,"2019/09/06 03:15:00",RRSF1,0
D,DISPATCH,UNIT_SCADA,1,"2019/09/06 03:15:00",RT_NSW1,0
D,DISPATCH,UNIT_SCADA,1,"2019/09/06 03:15:00",RT_NSW2,0
D,DISPATCH,UNIT_SCADA,1,"2019/09/06 03:15:00",RT_NSW3,0
D,DISPATCH,UNIT_SCADA,1,"2019/09/06 03:15:00",RT_NSW4,0
D,DISPATCH,UNIT_SCADA,1,"2019/09/06 03:15:00",RT_NSW5,0
D,DISPATCH,UNIT_SCADA,1,"2019/09/06 03:15:00",RT_NSW6,0
D,DISPATCH,UNIT_SCADA,1,"2019/09/06 03:15:00",RT_QLD1,0
D,DISPATCH,UNIT_SCADA,1,"2019/09/06 03:15:00",RT_SA1,0
D,DISPATCH,UNIT_SCADA,1,"2019/09/06 03:15:00",RT_SA2,0
D,DISPATCH,UNIT_SCADA,1,"2019/09/06 03:15:00",RT_SA3,0
D,DISPATCH,UNIT_SCADA,1,"2019/09/06 03:15:00",RT_SA4,0
D,DISPATCH,UNIT_SCADA,1,"2019/09/06 03:15:00",RT_SA5,0
D,DISPATCH,UNIT_SCADA,1,"2019/09/06 03:15:00",RT_SA6,0
D,DISPATCH,UNIT_SCADA,1,"2019/09/06 03:15:00",RT_TAS1,0
D,DISPATCH,UNIT_SCADA,1,"2019/09/06 03:15:00",RT_VIC1,0
D,DISPATCH,UNIT_SCADA,1,"2019/09/06 03:15:00",RT_VIC10,0
D,DISPATCH,UNIT_SCADA,1,"2019/09/06 03:15:00",RT_VIC11,0
D,DISPATCH,UNIT_SCADA,1,"2019/09/06 03:15:00",RT_VIC12,0
D,DISPATCH,UNIT_SCADA,1,"2019/09/06 03:15:00",RT_VIC2,0
D,DISPATCH,UNIT_SCADA,1,"2019/09/06 03:15:00",RT_VIC3,0
D,DISPATCH,UNIT_SCADA,1,"2019/09/06 03:15:00",RT_VIC4,0
D,DISPATCH,UNIT_SCADA,1,"2019/09/06 03:15:00",RT_VIC5,0
D,DISPATCH,UNIT_SCADA,1,"2019/09/06 03:15:00",RT_VIC6,0
D,DISPATCH,UNIT_SCADA,1,"2019/09/06 03:15:00",RT_VIC7,0
D,DISPATCH,UNIT_SCADA,1,"2019/09/06 03:15:00",RT_VIC8,0
D,DISPATCH,UNIT_SCADA,1,"2019/09/06 03:15:00",RT_VIC9,0
D,DISPATCH,UNIT_SCADA,1,"2019/09/06 03:15:00",RUGBYR1,0
D,DISPATCH,UNIT_SCADA,1,"2019/09/06 03:15:00",SALTCRK1,20.49
D,DISPATCH,UNIT_SCADA,1,"2019/09/06 03:15:00",SAPHWF1,8.728120
D,DISPATCH,UNIT_SCADA,1,"2019/09/06 03:15:00",SHGEN,0
D,DISPATCH,UNIT_SCADA,1,"2019/09/06 03:15:00",SHPUMP,158.6501
D,DISPATCH,UNIT_SCADA,1,"2019/09/06 03:15:00",SITHE01,0.194050
D,DISPATCH,UNIT_SCADA,1,"2019/09/06 03:15:00",SMCSF1,0
D,DISPATCH,UNIT_SCADA,1,"2019/09/06 03:15:00",SNOWNTH1,133.30
D,DISPATCH,UNIT_SCADA,1,"2019/09/06 03:15:00",SNOWSTH1,119.70
D,DISPATCH,UNIT_SCADA,1,"2019/09/06 03:15:00",SNOWTWN1,95.287510
D,DISPATCH,UNIT_SCADA,1,"2019/09/06 03:15:00",SNOWYP,0
D,DISPATCH,UNIT_SCADA,1,"2019/09/06 03:15:00",SNUG1,0.019440
D,DISPATCH,UNIT_SCADA,1,"2019/09/06 03:15:00",SRSF1,0.22
D,DISPATCH,UNIT_SCADA,1,"2019/09/06 03:15:00",STAN-1,256.945620
D,DISPATCH,UNIT_SCADA,1,"2019/09/06 03:15:00",STAN-2,250.5880
D,DISPATCH,UNIT_SCADA,1,"2019/09/06 03:15:00",STAN-3,250.613630
D,DISPATCH,UNIT_SCADA,1,"2019/09/06 03:15:00",STAN-4,250.908430
D,DISPATCH,UNIT_SCADA,1,"2019/09/06 03:15:00",STWF1,0
D,DISPATCH,UNIT_SCADA,1,"2019/09/06 03:15:00",SWAN_E,0
D,DISPATCH,UNIT_SCADA,1,"2019/09/06 03:15:00",TALWA1,190
D,DISPATCH,UNIT_SCADA,1,"2019/09/06 03:15:00",TARALGA1,39.986250
D,DISPATCH,UNIT_SCADA,1,"2019/09/06 03:15:00",TARONG#1,274.399990
D,DISPATCH,UNIT_SCADA,1,"2019/09/06 03:15:00",TARONG#2,0
D,DISPATCH,UNIT_SCADA,1,"2019/09/06 03:15:00",TARONG#3,259.800020
D,DISPATCH,UNIT_SCADA,1,"2019/09/06 03:15:00",TARONG#4,275.100010
D,DISPATCH,UNIT_SCADA,1,"2019/09/06 03:15:00",TARRALEA,74
D,DISPATCH,UNIT_SCADA,1,"2019/09/06 03:15:00",TBSF1,-0.20
D,DISPATCH,UNIT_SCADA,1,"2019/09/06 03:15:00",TNPS1,397.600010
D,DISPATCH,UNIT_SCADA,1,"2019/09/06 03:15:00",TORRA1,41.606110
D,DISPATCH,UNIT_SCADA,1,"2019/09/06 03:15:00",TORRA2,0
D,DISPATCH,UNIT_SCADA,1,"2019/09/06 03:15:00",TORRA3,0
D,DISPATCH,UNIT_SCADA,1,"2019/09/06 03:15:00",TORRA4,43.049180
D,DISPATCH,UNIT_SCADA,1,"2019/09/06 03:15:00",TORRB1,41.57
D,DISPATCH,UNIT_SCADA,1,"2019/09/06 03:15:00",TORRB2,41.38
D,DISPATCH,UNIT_SCADA,1,"2019/09/06 03:15:00",TORRB3,42.39
D,DISPATCH,UNIT_SCADA,1,"2019/09/06 03:15:00",TORRB4,0
D,DISPATCH,UNIT_SCADA,1,"2019/09/06 03:15:00",TREVALLN,19.090020
D,DISPATCH,UNIT_SCADA,1,"2019/09/06 03:15:00",TRIBUTE,0
D,DISPATCH,UNIT_SCADA,1,"2019/09/06 03:15:00",TUMUT3,0
D,DISPATCH,UNIT_SCADA,1,"2019/09/06 03:15:00",TUNGATIN,4.80
D,DISPATCH,UNIT_SCADA,1,"2019/09/06 03:15:00",TVCC201,0
D,DISPATCH,UNIT_SCADA,1,"2019/09/06 03:15:00",TVPP104,0
D,DISPATCH,UNIT_SCADA,1,"2019/09/06 03:15:00",UPPTUMUT,0
D,DISPATCH,UNIT_SCADA,1,"2019/09/06 03:15:00",URANQ11,0
D,DISPATCH,UNIT_SCADA,1,"2019/09/06 03:15:00",URANQ12,0
D,DISPATCH,UNIT_SCADA,1,"2019/09/06 03:15:00",URANQ13,0
D,DISPATCH,UNIT_SCADA,1,"2019/09/06 03:15:00",URANQ14,0
D,DISPATCH,UNIT_SCADA,1,"2019/09/06 03:15:00",VP5,422.700010
D,DISPATCH,UNIT_SCADA,1,"2019/09/06 03:15:00",VP6,0
D,DISPATCH,UNIT_SCADA,1,"2019/09/06 03:15:00",VPGS1,0
D,DISPATCH,UNIT_SCADA,1,"2019/09/06 03:15:00",VPGS2,0
D,DISPATCH,UNIT_SCADA,1,"2019/09/06 03:15:00",VPGS3,0
D,DISPATCH,UNIT_SCADA,1,"2019/09/06 03:15:00",VPGS4,0
D,DISPATCH,UNIT_SCADA,1,"2019/09/06 03:15:00",VPGS5,0
D,DISPATCH,UNIT_SCADA,1,"2019/09/06 03:15:00",VPGS6,0
D,DISPATCH,UNIT_SCADA,1,"2019/09/06 03:15:00",W/HOE#1,0
D,DISPATCH,UNIT_SCADA,1,"2019/09/06 03:15:00",W/HOE#2,0
D,DISPATCH,UNIT_SCADA,1,"2019/09/06 03:15:00",WATERLWF,113.60
D,DISPATCH,UNIT_SCADA,1,"2019/09/06 03:15:00",WEMENSF1,0
D,DISPATCH,UNIT_SCADA,1,"2019/09/06 03:15:00",WGWF1,110.60
D,DISPATCH,UNIT_SCADA,1,"2019/09/06 03:15:00",WHITSF1,0
D,DISPATCH,UNIT_SCADA,1,"2019/09/06 03:15:00",WKIEWA1,0
D,DISPATCH,UNIT_SCADA,1,"2019/09/06 03:15:00",WKIEWA2,0.10
D,DISPATCH,UNIT_SCADA,1,"2019/09/06 03:15:00",WOODLWN1,19.808990
D,DISPATCH,UNIT_SCADA,1,"2019/09/06 03:15:00",WRSF1,0
D,DISPATCH,UNIT_SCADA,1,"2019/09/06 03:15:00",WRWF1,12.5150
D,DISPATCH,UNIT_SCADA,1,"2019/09/06 03:15:00",YABULU,0
D,DISPATCH,UNIT_SCADA,1,"2019/09/06 03:15:00",YABULU2,0
D,DISPATCH,UNIT_SCADA,1,"2019/09/06 03:15:00",YARWUN_1,166.87
D,DISPATCH,UNIT_SCADA,1,"2019/09/06 03:15:00",YENDWF1,3.24
D,DISPATCH,UNIT_SCADA,1,"2019/09/06 03:15:00",YWPS1,380.9519
D,DISPATCH,UNIT_SCADA,1,"2019/09/06 03:15:00",YWPS2,280.197480
D,DISPATCH,UNIT_SCADA,1,"2019/09/06 03:15:00",YWPS3,328.902530
D,DISPATCH,UNIT_SCADA,1,"2019/09/06 03:15:00",YWPS4,394.673430
C,"END OF REPORT",335
