C,NEMP.WORLD,DISPATCHSCADA,AEMO,PUBLIC,2019/09/05,10:00:08,0000000312417378,DISPATCHSCADA,0000000312417372
I,DISPATCH,UNIT_SCADA,1,SETTLEMENTDATE,DUID,SCADAVALUE
D,DISPATCH,UNIT_SCADA,1,"2019/09/05 10:05:00",BARCSF1,8.80
D,DISPATCH,UNIT_SCADA,1,"2019/09/05 10:05:00",BUTLERSG,10.199999
D,DISPATCH,UNIT_SCADA,1,"2019/09/05 10:05:00",CALL_A_4,0
D,DISPATCH,UNIT_SCADA,1,"2019/09/05 10:05:00",CAPTL_WF,0
D,DISPATCH,UNIT_SCADA,1,"2019/09/05 10:05:00",CATHROCK,40.889999
D,DISPATCH,UNIT_SCADA,1,"2019/09/05 10:05:00",CHALLHWF,0.90
D,DISPATCH,UNIT_SCADA,1,"2019/09/05 10:05:00",CLOVER,-0.01
D,DISPATCH,UNIT_SCADA,1,"2019/09/05 10:05:00",CLUNY,8.095675
D,DISPATCH,UNIT_SCADA,1,"2019/09/05 10:05:00",CNUNDAWF,19.222424
D,DISPATCH,UNIT_SCADA,1,"2019/09/05 10:05:00",CULLRGWF,3.32
D,DISPATCH,UNIT_SCADA,1,"2019/09/05 10:05:00",ERGT01,0
D,DISPATCH,UNIT_SCADA,1,"2019/09/05 10:05:00",GB01,0.021053
D,DISPATCH,UNIT_SCADA,1,"2019/09/05 10:05:00",GERMCRK,36.099998
D,DISPATCH,UNIT_SCADA,1,"2019/09/05 10:05:00",GRIFSF1,25.199997
D,DISPATCH,UNIT_SCADA,1,"2019/09/05 10:05:00",HUGSF1,9.044001
D,DISPATCH,UNIT_SCADA,1,"2019/09/05 10:05:00",LKBONNY1,38.224407
D,DISPATCH,UNIT_SCADA,1,"2019/09/05 10:05:00",LRSF1,13.490001
D,DISPATCH,UNIT_SCADA,1,"2019/09/05 10:05:00",MBAHNTH,26.887505
D,DISPATCH,UNIT_SCADA,1,"2019/09/05 10:05:00",MLSP1,7.167001
D,DISPATCH,UNIT_SCADA,1,"2019/09/05 10:05:00",MLWF1,2.25
D,DISPATCH,UNIT_SCADA,1,"2019/09/05 10:05:00",MTMILLAR,11.995394
D,DISPATCH,UNIT_SCADA,1,"2019/09/05 10:05:00",PALOONA,24.609999
D,DISPATCH,UNIT_SCADA,1,"2019/09/05 10:05:00",PIONEER,24.60
D,DISPATCH,UNIT_SCADA,1,"2019/09/05 10:05:00",PORTWF,25.799999
D,DISPATCH,UNIT_SCADA,1,"2019/09/05 10:05:00",REPULSE,12.223698
D,DISPATCH,UNIT_SCADA,1,"2019/09/05 10:05:00",ROWALLAN,10.3305
D,DISPATCH,UNIT_SCADA,1,"2019/09/05 10:05:00",ROYALLA1,7.202001
D,DISPATCH,UNIT_SCADA,1,"2019/09/05 10:05:00",RPCG,11.10
D,DISPATCH,UNIT_SCADA,1,"2019/09/05 10:05:00",RUBICON,0
D,DISPATCH,UNIT_SCADA,1,"2019/09/05 10:05:00",SATGN1,0
D,DISPATCH,UNIT_SCADA,1,"2019/09/05 10:05:00",SATGS1,0
D,DISPATCH,UNIT_SCADA,1,"2019/09/05 10:05:00",STARHLWF,2.799184
D,DISPATCH,UNIT_SCADA,1,"2019/09/05 10:05:00",WAUBRAWF,36.155998
D,DISPATCH,UNIT_SCADA,1,"2019/09/05 10:05:00",WOOLNTH1,-0.649985
D,DISPATCH,UNIT_SCADA,1,"2019/09/05 10:05:00",WPWF,16
D,DISPATCH,UNIT_SCADA,1,"2019/09/05 10:05:00",YAMBUKWF,1.20
D,DISPATCH,UNIT_SCADA,1,"2019/09/05 10:05:00",YSWF1,0
D,DISPATCH,UNIT_SCADA,1,"2019/09/05 10:05:00",AGLHAL,0
D,DISPATCH,UNIT_SCADA,1,"2019/09/05 10:05:00",AGLSOM,0
D,DISPATCH,UNIT_SCADA,1,"2019/09/05 10:05:00",ANGAST1,0
D,DISPATCH,UNIT_SCADA,1,"2019/09/05 10:05:00",ARWF1,12.90
D,DISPATCH,UNIT_SCADA,1,"2019/09/05 10:05:00",BALBG1,0
D,DISPATCH,UNIT_SCADA,1,"2019/09/05 10:05:00",BALBL1,0
D,DISPATCH,UNIT_SCADA,1,"2019/09/05 10:05:00",BALDHWF1,4.6540
D,DISPATCH,UNIT_SCADA,1,"2019/09/05 10:05:00",BANN1,28.05
D,DISPATCH,UNIT_SCADA,1,"2019/09/05 10:05:00",BARCALDN,0
D,DISPATCH,UNIT_SCADA,1,"2019/09/05 10:05:00",BARRON-1,0
D,DISPATCH,UNIT_SCADA,1,"2019/09/05 10:05:00",BARRON-2,0
D,DISPATCH,UNIT_SCADA,1,"2019/09/05 10:05:00",BASTYAN,80.650010
D,DISPATCH,UNIT_SCADA,1,"2019/09/05 10:05:00",BBTHREE1,0
D,DISPATCH,UNIT_SCADA,1,"2019/09/05 10:05:00",BBTHREE2,0
D,DISPATCH,UNIT_SCADA,1,"2019/09/05 10:05:00",BBTHREE3,0
D,DISPATCH,UNIT_SCADA,1,"2019/09/05 10:05:00",BDL01,41.34
D,DISPATCH,UNIT_SCADA,1,"2019/09/05 10:05:00",BDL02,-0.06
D,DISPATCH,UNIT_SCADA,1,"2019/09/05 10:05:00",BERYLSF1,70.162780
D,DISPATCH,UNIT_SCADA,1,"2019/09/05 10:05:00",BLOWERNG,10.90
D,DISPATCH,UNIT_SCADA,1,"2019/09/05 10:05:00",BLUFF1,0.30
D,DISPATCH,UNIT_SCADA,1,"2019/09/05 10:05:00",BNGSF1,100.73
D,DISPATCH,UNIT_SCADA,1,"2019/09/05 10:05:00",BNGSF2,20.01
D,DISPATCH,UNIT_SCADA,1,"2019/09/05 10:05:00",BOCORWF1,0
D,DISPATCH,UNIT_SCADA,1,"2019/09/05 10:05:00",BODWF1,11.771750
D,DISPATCH,UNIT_SCADA,1,"2019/09/05 10:05:00",BRAEMAR1,0
D,DISPATCH,UNIT_SCADA,1,"2019/09/05 10:05:00",BRAEMAR2,0
D,DISPATCH,UNIT_SCADA,1,"2019/09/05 10:05:00",BRAEMAR3,0
D,DISPATCH,UNIT_SCADA,1,"2019/09/05 10:05:00",BRAEMAR5,0
D,DISPATCH,UNIT_SCADA,1,"2019/09/05 10:05:00",BRAEMAR6,0
D,DISPATCH,UNIT_SCADA,1,"2019/09/05 10:05:00",BRAEMAR7,0
D,DISPATCH,UNIT_SCADA,1,"2019/09/05 10:05:00",BROKENH1,45.464110
D,DISPATCH,UNIT_SCADA,1,"2019/09/05 10:05:00",BW01,565.449950
D,DISPATCH,UNIT_SCADA,1,"2019/09/05 10:05:00",BW02,656.949950
D,DISPATCH,UNIT_SCADA,1,"2019/09/05 10:05:00",BW03,654.6250
D,DISPATCH,UNIT_SCADA,1,"2019/09/05 10:05:00",BW04,0
D,DISPATCH,UNIT_SCADA,1,"2019/09/05 10:05:00",CALL_B_1,299.50
D,DISPATCH,UNIT_SCADA,1,"2019/09/05 10:05:00",CALL_B_2,220.600010
D,DISPATCH,UNIT_SCADA,1,"2019/09/05 10:05:00",CETHANA,79.922620
D,DISPATCH,UNIT_SCADA,1,"2019/09/05 10:05:00",CG1,0
D,DISPATCH,UNIT_SCADA,1,"2019/09/05 10:05:00",CG2,0
D,DISPATCH,UNIT_SCADA,1,"2019/09/05 10:05:00",CG3,0
D,DISPATCH,UNIT_SCADA,1,"2019/09/05 10:05:00",CG4,0
D,DISPATCH,UNIT_SCADA,1,"2019/09/05 10:05:00",CHILDSF1,54.83
D,DISPATCH,UNIT_SCADA,1,"2019/09/05 10:05:00",CLARESF1,32.600060
D,DISPATCH,UNIT_SCADA,1,"2019/09/05 10:05:00",CLEMGPWF,35.441230
D,DISPATCH,UNIT_SCADA,1,"2019/09/05 10:05:00",CLERMSF1,0.30
D,DISPATCH,UNIT_SCADA,1,"2019/09/05 10:05:00",COLEASF1,115.90
D,DISPATCH,UNIT_SCADA,1,"2019/09/05 10:05:00",COOPGWF1,7.278210
D,DISPATCH,UNIT_SCADA,1,"2019/09/05 10:05:00",CPP_3,200.20
D,DISPATCH,UNIT_SCADA,1,"2019/09/05 10:05:00",CPP_4,180.1250
D,DISPATCH,UNIT_SCADA,1,"2019/09/05 10:05:00",CPSA,77.609380
D,DISPATCH,UNIT_SCADA,1,"2019/09/05 10:05:00",CROOKWF2,14.953750
D,DISPATCH,UNIT_SCADA,1,"2019/09/05 10:05:00",CROWLWF1,3.009660
D,DISPATCH,UNIT_SCADA,1,"2019/09/05 10:05:00",CSPVPS1,32.0180
D,DISPATCH,UNIT_SCADA,1,"2019/09/05 10:05:00",DALNTH01,0
D,DISPATCH,UNIT_SCADA,1,"2019/09/05 10:05:00",DALNTHL1,0.144960
D,DISPATCH,UNIT_SCADA,1,"2019/09/05 10:05:00",DARTM1,133.600010
D,DISPATCH,UNIT_SCADA,1,"2019/09/05 10:05:00",DAYDSF1,0
D,DISPATCH,UNIT_SCADA,1,"2019/09/05 10:05:00",DDPS1,0
D,DISPATCH,UNIT_SCADA,1,"2019/09/05 10:05:00",DDSF1,101.154820
D,DISPATCH,UNIT_SCADA,1,"2019/09/05 10:05:00",DEVILS_G,56.591080
D,DISPATCH,UNIT_SCADA,1,"2019/09/05 10:05:00",DG_NSW1,0
D,DISPATCH,UNIT_SCADA,1,"2019/09/05 10:05:00",DG_QLD1,0
D,DISPATCH,UNIT_SCADA,1,"2019/09/05 10:05:00",DG_SA1,0
D,DISPATCH,UNIT_SCADA,1,"2019/09/05 10:05:00",DG_TAS1,0
D,DISPATCH,UNIT_SCADA,1,"2019/09/05 10:05:00",DG_VIC1,0
D,DISPATCH,UNIT_SCADA,1,"2019/09/05 10:05:00",DRYCGT1,0
D,DISPATCH,UNIT_SCADA,1,"2019/09/05 10:05:00",DRYCGT2,0
D,DISPATCH,UNIT_SCADA,1,"2019/09/05 10:05:00",DRYCGT3,0
D,DISPATCH,UNIT_SCADA,1,"2019/09/05 10:05:00",EILDON1,0
D,DISPATCH,UNIT_SCADA,1,"2019/09/05 10:05:00",EILDON2,0
D,DISPATCH,UNIT_SCADA,1,"2019/09/05 10:05:00",EMERASF1,0.25
D,DISPATCH,UNIT_SCADA,1,"2019/09/05 10:05:00",ER01,582.099980
D,DISPATCH,UNIT_SCADA,1,"2019/09/05 10:05:00",ER02,354.175050
D,DISPATCH,UNIT_SCADA,1,"2019/09/05 10:05:00",ER03,0
D,DISPATCH,UNIT_SCADA,1,"2019/09/05 10:05:00",ER04,691.1250
D,DISPATCH,UNIT_SCADA,1,"2019/09/05 10:05:00",FINLYSF1,13.931240
D,DISPATCH,UNIT_SCADA,1,"2019/09/05 10:05:00",FISHER,46.01
D,DISPATCH,UNIT_SCADA,1,"2019/09/05 10:05:00",GANNBG1,0.576280
D,DISPATCH,UNIT_SCADA,1,"2019/09/05 10:05:00",GANNBL1,0
D,DISPATCH,UNIT_SCADA,1,"2019/09/05 10:05:00",GANNSF1,13.70
D,DISPATCH,UNIT_SCADA,1,"2019/09/05 10:05:00",GORDON,37.2988
D,DISPATCH,UNIT_SCADA,1,"2019/09/05 10:05:00",GSTONE1,136.849990
D,DISPATCH,UNIT_SCADA,1,"2019/09/05 10:05:00",GSTONE2,110.0750
D,DISPATCH,UNIT_SCADA,1,"2019/09/05 10:05:00",GSTONE3,0
D,DISPATCH,UNIT_SCADA,1,"2019/09/05 10:05:00",GSTONE4,136.3250
D,DISPATCH,UNIT_SCADA,1,"2019/09/05 10:05:00",GSTONE5,137.024990
D,DISPATCH,UNIT_SCADA,1,"2019/09/05 10:05:00",GSTONE6,137.20
D,DISPATCH,UNIT_SCADA,1,"2019/09/05 10:05:00",GULLRSF1,4.843350
D,DISPATCH,UNIT_SCADA,1,"2019/09/05 10:05:00",GULLRWF1,23.315830
D,DISPATCH,UNIT_SCADA,1,"2019/09/05 10:05:00",GUNNING1,2.128420
D,DISPATCH,UNIT_SCADA,1,"2019/09/05 10:05:00",GUTHEGA,0
D,DISPATCH,UNIT_SCADA,1,"2019/09/05 10:05:00",HALLWF1,24.86
D,DISPATCH,UNIT_SCADA,1,"2019/09/05 10:05:00",HALLWF2,-0.28
D,DISPATCH,UNIT_SCADA,1,"2019/09/05 10:05:00",HAMISF1,46.30
D,DISPATCH,UNIT_SCADA,1,"2019/09/05 10:05:00",HAUGHT11,98.340870
D,DISPATCH,UNIT_SCADA,1,"2019/09/05 10:05:00",HAYMSF1,40.5630
D,DISPATCH,UNIT_SCADA,1,"2019/09/05 10:05:00",HDWF1,46.80
D,DISPATCH,UNIT_SCADA,1,"2019/09/05 10:05:00",HDWF2,48.30
D,DISPATCH,UNIT_SCADA,1,"2019/09/05 10:05:00",HDWF3,54.30
D,DISPATCH,UNIT_SCADA,1,"2019/09/05 10:05:00",HPRG1,0
D,DISPATCH,UNIT_SCADA,1,"2019/09/05 10:05:00",HPRL1,0.60
D,DISPATCH,UNIT_SCADA,1,"2019/09/05 10:05:00",HUMENSW,0
D,DISPATCH,UNIT_SCADA,1,"2019/09/05 10:05:00",HUMEV,25.70
D,DISPATCH,UNIT_SCADA,1,"2019/09/05 10:05:00",HVGTS,0
D,DISPATCH,UNIT_SCADA,1,"2019/09/05 10:05:00",JBUTTERS,111.87
D,DISPATCH,UNIT_SCADA,1,"2019/09/05 10:05:00",JLA01,0.10
D,DISPATCH,UNIT_SCADA,1,"2019/09/05 10:05:00",JLA02,0
D,DISPATCH,UNIT_SCADA,1,"2019/09/05 10:05:00",JLA03,0
D,DISPATCH,UNIT_SCADA,1,"2019/09/05 10:05:00",JLA04,0
D,DISPATCH,UNIT_SCADA,1,"2019/09/05 10:05:00",JLB01,0
D,DISPATCH,UNIT_SCADA,1,"2019/09/05 10:05:00",JLB02,39.90
D,DISPATCH,UNIT_SCADA,1,"2019/09/05 10:05:00",JLB03,0
D,DISPATCH,UNIT_SCADA,1,"2019/09/05 10:05:00",KAREEYA1,21.5125
D,DISPATCH,UNIT_SCADA,1,"2019/09/05 10:05:00",KAREEYA2,21.5850
D,DISPATCH,UNIT_SCADA,1,"2019/09/05 10:05:00",KAREEYA3,0
D,DISPATCH,UNIT_SCADA,1,"2019/09/05 10:05:00",KAREEYA4,21.5175
D,DISPATCH,UNIT_SCADA,1,"2019/09/05 10:05:00",KARSF1,81.10
D,DISPATCH,UNIT_SCADA,1,"2019/09/05 10:05:00",KIATAWF1,6.60
D,DISPATCH,UNIT_SCADA,1,"2019/09/05 10:05:00",KPP_1,0
D,DISPATCH,UNIT_SCADA,1,"2019/09/05 10:05:00",KSP1,0
D,DISPATCH,UNIT_SCADA,1,"2019/09/05 10:05:00",LADBROK1,0
D,DISPATCH,UNIT_SCADA,1,"2019/09/05 10:05:00",LADBROK2,41.40
D,DISPATCH,UNIT_SCADA,1,"2019/09/05 10:05:00",LD01,379.3688
D,DISPATCH,UNIT_SCADA,1,"2019/09/05 10:05:00",LD02,379.3688
D,DISPATCH,UNIT_SCADA,1,"2019/09/05 10:05:00",LD03,374.6250
D,DISPATCH,UNIT_SCADA,1,"2019/09/05 10:05:00",LD04,375.243710
D,DISPATCH,UNIT_SCADA,1,"2019/09/05 10:05:00",LEM_WIL,81.9511
D,DISPATCH,UNIT_SCADA,1,"2019/09/05 10:05:00",LGAPWF1,28.02
D,DISPATCH,UNIT_SCADA,1,"2019/09/05 10:05:00",LILYSF1,88.080380
D,DISPATCH,UNIT_SCADA,1,"2019/09/05 10:05:00",LI_WY_CA,132.609910
D,DISPATCH,UNIT_SCADA,1,"2019/09/05 10:05:00",LKBONNY2,48.885010
D,DISPATCH,UNIT_SCADA,1,"2019/09/05 10:05:00",LKBONNY3,16.634960
D,DISPATCH,UNIT_SCADA,1,"2019/09/05 10:05:00",LK_ECHO,0
D,DISPATCH,UNIT_SCADA,1,"2019/09/05 10:05:00",LNGS1,0
D,DISPATCH,UNIT_SCADA,1,"2019/09/05 10:05:00",LNGS2,0
D,DISPATCH,UNIT_SCADA,1,"2019/09/05 10:05:00",LONSDALE,0
D,DISPATCH,UNIT_SCADA,1,"2019/09/05 10:05:00",LOYYB1,534.960750
D,DISPATCH,UNIT_SCADA,1,"2019/09/05 10:05:00",LOYYB2,581.954410
D,DISPATCH,UNIT_SCADA,1,"2019/09/05 10:05:00",LYA1,0
D,DISPATCH,UNIT_SCADA,1,"2019/09/05 10:05:00",LYA2,0
D,DISPATCH,UNIT_SCADA,1,"2019/09/05 10:05:00",LYA3,559
D,DISPATCH,UNIT_SCADA,1,"2019/09/05 10:05:00",LYA4,539
D,DISPATCH,UNIT_SCADA,1,"2019/09/05 10:05:00",MACARTH1,14.799660
D,DISPATCH,UNIT_SCADA,1,"2019/09/05 10:05:00",MACKAYGT,0.2240
D,DISPATCH,UNIT_SCADA,1,"2019/09/05 10:05:00",MACKNTSH,88.820010
D,DISPATCH,UNIT_SCADA,1,"2019/09/05 10:05:00",MANSLR1,36.9830
D,DISPATCH,UNIT_SCADA,1,"2019/09/05 10:05:00",MCKAY1,0.02
D,DISPATCH,UNIT_SCADA,1,"2019/09/05 10:05:00",MEADOWBK,12.203660
D,DISPATCH,UNIT_SCADA,1,"2019/09/05 10:05:00",MERCER01,17.9340
D,DISPATCH,UNIT_SCADA,1,"2019/09/05 10:05:00",MEWF1,48.615430
D,DISPATCH,UNIT_SCADA,1,"2019/09/05 10:05:00",MINTARO,0
D,DISPATCH,UNIT_SCADA,1,"2019/09/05 10:05:00",MOREESF1,50.6840
D,DISPATCH,UNIT_SCADA,1,"2019/09/05 10:05:00",MORTLK11,260
D,DISPATCH,UNIT_SCADA,1,"2019/09/05 10:05:00",MORTLK12,0
D,DISPATCH,UNIT_SCADA,1,"2019/09/05 10:05:00",MP1,219.25
D,DISPATCH,UNIT_SCADA,1,"2019/09/05 10:05:00",MP2,0
D,DISPATCH,UNIT_SCADA,1,"2019/09/05 10:05:00",MPP_1,249.50
D,DISPATCH,UNIT_SCADA,1,"2019/09/05 10:05:00",MPP_2,331.25
D,DISPATCH,UNIT_SCADA,1,"2019/09/05 10:05:00",MSTUART1,0
D,DISPATCH,UNIT_SCADA,1,"2019/09/05 10:05:00",MSTUART2,0
D,DISPATCH,UNIT_SCADA,1,"2019/09/05 10:05:00",MSTUART3,0
D,DISPATCH,UNIT_SCADA,1,"2019/09/05 10:05:00",MTGELWF1,-0.262460
D,DISPATCH,UNIT_SCADA,1,"2019/09/05 10:05:00",MURRAY,0
D,DISPATCH,UNIT_SCADA,1,"2019/09/05 10:05:00",MUSSELR1,0.10
D,DISPATCH,UNIT_SCADA,1,"2019/09/05 10:05:00",MUWAWF1,20.43
D,DISPATCH,UNIT_SCADA,1,"2019/09/05 10:05:00",NBHWF1,8.80
D,DISPATCH,UNIT_SCADA,1,"2019/09/05 10:05:00",NPS,0
D,DISPATCH,UNIT_SCADA,1,"2019/09/05 10:05:00",NUMURSF1,15.80
D,DISPATCH,UNIT_SCADA,1,"2019/09/05 10:05:00",NYNGAN1,91.50
D,DISPATCH,UNIT_SCADA,1,"2019/09/05 10:05:00",OAKEY1,0
D,DISPATCH,UNIT_SCADA,1,"2019/09/05 10:05:00",OAKEY1SF,19.6120
D,DISPATCH,UNIT_SCADA,1,"2019/09/05 10:05:00",OAKEY2,0
D,DISPATCH,UNIT_SCADA,1,"2019/09/05 10:05:00",OAKEY2SF,0
D,DISPATCH,UNIT_SCADA,1,"2019/09/05 10:05:00",OAKLAND1,5.30
D,DISPATCH,UNIT_SCADA,1,"2019/09/05 10:05:00",OSB-AG,158.42
D,DISPATCH,UNIT_SCADA,1,"2019/09/05 10:05:00",PARSF1,46.399990
D,DISPATCH,UNIT_SCADA,1,"2019/09/05 10:05:00",POAT110,0
D,DISPATCH,UNIT_SCADA,1,"2019/09/05 10:05:00",POAT220,28.01
D,DISPATCH,UNIT_SCADA,1,"2019/09/05 10:05:00",POR01,0
D,DISPATCH,UNIT_SCADA,1,"2019/09/05 10:05:00",POR03,0
D,DISPATCH,UNIT_SCADA,1,"2019/09/05 10:05:00",PPCCGT,427.900880
D,DISPATCH,UNIT_SCADA,1,"2019/09/05 10:05:00",PTSTAN1,0
D,DISPATCH,UNIT_SCADA,1,"2019/09/05 10:05:00",PUMP1,0
D,DISPATCH,UNIT_SCADA,1,"2019/09/05 10:05:00",PUMP2,0
D,DISPATCH,UNIT_SCADA,1,"2019/09/05 10:05:00",QPS1,29.10
D,DISPATCH,UNIT_SCADA,1,"2019/09/05 10:05:00",QPS2,0
D,DISPATCH,UNIT_SCADA,1,"2019/09/05 10:05:00",QPS3,0
D,DISPATCH,UNIT_SCADA,1,"2019/09/05 10:05:00",QPS4,0
D,DISPATCH,UNIT_SCADA,1,"2019/09/05 10:05:00",QPS5,0
D,DISPATCH,UNIT_SCADA,1,"2019/09/05 10:05:00",REECE1,101.740010
D,DISPATCH,UNIT_SCADA,1,"2019/09/05 10:05:00",REECE2,101.550010
D,DISPATCH,UNIT_SCADA,1,"2019/09/05 10:05:00",ROMA_7,0
D,DISPATCH,UNIT_SCADA,1,"2019/09/05 10:05:00",ROMA_8,0
D,DISPATCH,UNIT_SCADA,1,"2019/09/05 10:05:00",RRSF1,109.428060
D,DISPATCH,UNIT_SCADA,1,"2019/09/05 10:05:00",RT_NSW1,0
D,DISPATCH,UNIT_SCADA,1,"2019/09/05 10:05:00",RT_NSW2,0
D,DISPATCH,UNIT_SCADA,1,"2019/09/05 10:05:00",RT_NSW3,0
D,DISPATCH,UNIT_SCADA,1,"2019/09/05 10:05:00",RT_NSW4,0
D,DISPATCH,UNIT_SCADA,1,"2019/09/05 10:05:00",RT_NSW5,0
D,DISPATCH,UNIT_SCADA,1,"2019/09/05 10:05:00",RT_NSW6,0
D,DISPATCH,UNIT_SCADA,1,"2019/09/05 10:05:00",RT_QLD1,0
D,DISPATCH,UNIT_SCADA,1,"2019/09/05 10:05:00",RT_SA1,0
D,DISPATCH,UNIT_SCADA,1,"2019/09/05 10:05:00",RT_SA2,0
D,DISPATCH,UNIT_SCADA,1,"2019/09/05 10:05:00",RT_SA3,0
D,DISPATCH,UNIT_SCADA,1,"2019/09/05 10:05:00",RT_SA4,0
D,DISPATCH,UNIT_SCADA,1,"2019/09/05 10:05:00",RT_SA5,0
D,DISPATCH,UNIT_SCADA,1,"2019/09/05 10:05:00",RT_SA6,0
D,DISPATCH,UNIT_SCADA,1,"2019/09/05 10:05:00",RT_TAS1,0
D,DISPATCH,UNIT_SCADA,1,"2019/09/05 10:05:00",RT_VIC1,0
D,DISPATCH,UNIT_SCADA,1,"2019/09/05 10:05:00",RT_VIC10,0
D,DISPATCH,UNIT_SCADA,1,"2019/09/05 10:05:00",RT_VIC11,0
D,DISPATCH,UNIT_SCADA,1,"2019/09/05 10:05:00",RT_VIC12,0
D,DISPATCH,UNIT_SCADA,1,"2019/09/05 10:05:00",RT_VIC2,0
D,DISPATCH,UNIT_SCADA,1,"2019/09/05 10:05:00",RT_VIC3,0
D,DISPATCH,UNIT_SCADA,1,"2019/09/05 10:05:00",RT_VIC4,0
D,DISPATCH,UNIT_SCADA,1,"2019/09/05 10:05:00",RT_VIC5,0
D,DISPATCH,UNIT_SCADA,1,"2019/09/05 10:05:00",RT_VIC6,0
D,DISPATCH,UNIT_SCADA,1,"2019/09/05 10:05:00",RT_VIC7,0
D,DISPATCH,UNIT_SCADA,1,"2019/09/05 10:05:00",RT_VIC8,0
D,DISPATCH,UNIT_SCADA,1,"2019/09/05 10:05:00",RT_VIC9,0
D,DISPATCH,UNIT_SCADA,1,"2019/09/05 10:05:00",RUGBYR1,64.636920
D,DISPATCH,UNIT_SCADA,1,"2019/09/05 10:05:00",SALTCRK1,11.44
D,DISPATCH,UNIT_SCADA,1,"2019/09/05 10:05:00",SAPHWF1,41.587490
D,DISPATCH,UNIT_SCADA,1,"2019/09/05 10:05:00",SHGEN,0
D,DISPATCH,UNIT_SCADA,1,"2019/09/05 10:05:00",SHPUMP,0
D,DISPATCH,UNIT_SCADA,1,"2019/09/05 10:05:00",SITHE01,0.194050
D,DISPATCH,UNIT_SCADA,1,"2019/09/05 10:05:00",SMCSF1,74.436650
D,DISPATCH,UNIT_SCADA,1,"2019/09/05 10:05:00",SNOWNTH1,109.20
D,DISPATCH,UNIT_SCADA,1,"2019/09/05 10:05:00",SNOWSTH1,95.100010
D,DISPATCH,UNIT_SCADA,1,"2019/09/05 10:05:00",SNOWTWN1,54.399270
D,DISPATCH,UNIT_SCADA,1,"2019/09/05 10:05:00",SNOWYP,0
D,DISPATCH,UNIT_SCADA,1,"2019/09/05 10:05:00",SNUG1,0.019440
D,DISPATCH,UNIT_SCADA,1,"2019/09/05 10:05:00",SRSF1,34.37
D,DISPATCH,UNIT_SCADA,1,"2019/09/05 10:05:00",STAN-1,218.620390
D,DISPATCH,UNIT_SCADA,1,"2019/09/05 10:05:00",STAN-2,220.453340
D,DISPATCH,UNIT_SCADA,1,"2019/09/05 10:05:00",STAN-3,220.312350
D,DISPATCH,UNIT_SCADA,1,"2019/09/05 10:05:00",STAN-4,219.530460
D,DISPATCH,UNIT_SCADA,1,"2019/09/05 10:05:00",STWF1,0
D,DISPATCH,UNIT_SCADA,1,"2019/09/05 10:05:00",SWAN_E,0
D,DISPATCH,UNIT_SCADA,1,"2019/09/05 10:05:00",TALWA1,415
D,DISPATCH,UNIT_SCADA,1,"2019/09/05 10:05:00",TARALGA1,11.103740
D,DISPATCH,UNIT_SCADA,1,"2019/09/05 10:05:00",TARONG#1,280.600010
D,DISPATCH,UNIT_SCADA,1,"2019/09/05 10:05:00",TARONG#2,0
D,DISPATCH,UNIT_SCADA,1,"2019/09/05 10:05:00",TARONG#3,279.899990
D,DISPATCH,UNIT_SCADA,1,"2019/09/05 10:05:00",TARONG#4,350.50
D,DISPATCH,UNIT_SCADA,1,"2019/09/05 10:05:00",TARRALEA,71.10
D,DISPATCH,UNIT_SCADA,1,"2019/09/05 10:05:00",TBSF1,21.70
D,DISPATCH,UNIT_SCADA,1,"2019/09/05 10:05:00",TNPS1,379.600010
D,DISPATCH,UNIT_SCADA,1,"2019/09/05 10:05:00",TORRA1,54.260720
D,DISPATCH,UNIT_SCADA,1,"2019/09/05 10:05:00",TORRA2,0
D,DISPATCH,UNIT_SCADA,1,"2019/09/05 10:05:00",TORRA3,0
D,DISPATCH,UNIT_SCADA,1,"2019/09/05 10:05:00",TORRA4,54.441810
D,DISPATCH,UNIT_SCADA,1,"2019/09/05 10:05:00",TORRB1,63.87
D,DISPATCH,UNIT_SCADA,1,"2019/09/05 10:05:00",TORRB2,64.45
D,DISPATCH,UNIT_SCADA,1,"2019/09/05 10:05:00",TORRB3,63.83
D,DISPATCH,UNIT_SCADA,1,"2019/09/05 10:05:00",TORRB4,0
D,DISPATCH,UNIT_SCADA,1,"2019/09/05 10:05:00",TREVALLN,62.040020
D,DISPATCH,UNIT_SCADA,1,"2019/09/05 10:05:00",TRIBUTE,0
D,DISPATCH,UNIT_SCADA,1,"2019/09/05 10:05:00",TUMUT3,0
D,DISPATCH,UNIT_SCADA,1,"2019/09/05 10:05:00",TUNGATIN,120.740030
D,DISPATCH,UNIT_SCADA,1,"2019/09/05 10:05:00",TVCC201,0
D,DISPATCH,UNIT_SCADA,1,"2019/09/05 10:05:00",TVPP104,0
D,DISPATCH,UNIT_SCADA,1,"2019/09/05 10:05:00",UPPTUMUT,384.178890
D,DISPATCH,UNIT_SCADA,1,"2019/09/05 10:05:00",URANQ11,0
D,DISPATCH,UNIT_SCADA,1,"2019/09/05 10:05:00",URANQ12,0
D,DISPATCH,UNIT_SCADA,1,"2019/09/05 10:05:00",URANQ13,0
D,DISPATCH,UNIT_SCADA,1,"2019/09/05 10:05:00",URANQ14,0
D,DISPATCH,UNIT_SCADA,1,"2019/09/05 10:05:00",VP5,576.049990
D,DISPATCH,UNIT_SCADA,1,"2019/09/05 10:05:00",VP6,0
D,DISPATCH,UNIT_SCADA,1,"2019/09/05 10:05:00",VPGS1,0
D,DISPATCH,UNIT_SCADA,1,"2019/09/05 10:05:00",VPGS2,0
D,DISPATCH,UNIT_SCADA,1,"2019/09/05 10:05:00",VPGS3,0
D,DISPATCH,UNIT_SCADA,1,"2019/09/05 10:05:00",VPGS4,0
D,DISPATCH,UNIT_SCADA,1,"2019/09/05 10:05:00",VPGS5,0
D,DISPATCH,UNIT_SCADA,1,"2019/09/05 10:05:00",VPGS6,0
D,DISPATCH,UNIT_SCADA,1,"2019/09/05 10:05:00",W/HOE#1,0
D,DISPATCH,UNIT_SCADA,1,"2019/09/05 10:05:00",W/HOE#2,0
D,DISPATCH,UNIT_SCADA,1,"2019/09/05 10:05:00",WATERLWF,20.40
D,DISPATCH,UNIT_SCADA,1,"2019/09/05 10:05:00",WEMENSF1,68.10
D,DISPATCH,UNIT_SCADA,1,"2019/09/05 10:05:00",WGWF1,4.30
D,DISPATCH,UNIT_SCADA,1,"2019/09/05 10:05:00",WHITSF1,0
D,DISPATCH,UNIT_SCADA,1,"2019/09/05 10:05:00",WKIEWA1,34.40
D,DISPATCH,UNIT_SCADA,1,"2019/09/05 10:05:00",WKIEWA2,0
D,DISPATCH,UNIT_SCADA,1,"2019/09/05 10:05:00",WOODLWN1,0
D,DISPATCH,UNIT_SCADA,1,"2019/09/05 10:05:00",WRSF1,19.15
D,DISPATCH,UNIT_SCADA,1,"2019/09/05 10:05:00",WRWF1,32.491250
D,DISPATCH,UNIT_SCADA,1,"2019/09/05 10:05:00",YABULU,0
D,DISPATCH,UNIT_SCADA,1,"2019/09/05 10:05:00",YABULU2,0
D,DISPATCH,UNIT_SCADA,1,"2019/09/05 10:05:00",YARWUN_1,121.219990
D,DISPATCH,UNIT_SCADA,1,"2019/09/05 10:05:00",YENDWF1,0.85
D,DISPATCH,UNIT_SCADA,1,"2019/09/05 10:05:00",YWPS1,379.949370
D,DISPATCH,UNIT_SCADA,1,"2019/09/05 10:05:00",YWPS2,278.944310
D,DISPATCH,UNIT_SCADA,1,"2019/09/05 10:05:00",YWPS3,327.491150
D,DISPATCH,UNIT_SCADA,1,"2019/09/05 10:05:00",YWPS4,391.286070
C,"END OF REPORT",335
