C,NEMP.WORLD,DISPATCHSCADA,AEMO,PUBLIC,2019/09/06,08:05:09,0000000312453288,DISPATCHSCADA,0000000312453282
I,DISPATCH,UNIT_SCADA,1,SETTLEMENTDATE,DUID,SCADAVALUE
D,DISPATCH,UNIT_SCADA,1,"2019/09/06 08:10:00",BARCSF1,7.80
D,DISPATCH,UNIT_SCADA,1,"2019/09/06 08:10:00",BUTLERSG,10.199999
D,DISPATCH,UNIT_SCADA,1,"2019/09/06 08:10:00",CALL_A_4,0
D,DISPATCH,UNIT_SCADA,1,"2019/09/06 08:10:00",CAPTL_WF,9.440002
D,DISPATCH,UNIT_SCADA,1,"2019/09/06 08:10:00",CATHROCK,0
D,DISPATCH,UNIT_SCADA,1,"2019/09/06 08:10:00",CHALLHWF,36.300003
D,DISPATCH,UNIT_SCADA,1,"2019/09/06 08:10:00",CLOVER,-0.01
D,DISPATCH,UNIT_SCADA,1,"2019/09/06 08:10:00",CLUNY,18.758984
D,DISPATCH,UNIT_SCADA,1,"2019/09/06 08:10:00",CNUNDAWF,10.612380
D,DISPATCH,UNIT_SCADA,1,"2019/09/06 08:10:00",CULLRGWF,2.42
D,DISPATCH,UNIT_SCADA,1,"2019/09/06 08:10:00",ERGT01,0
D,DISPATCH,UNIT_SCADA,1,"2019/09/06 08:10:00",GB01,0.008553
D,DISPATCH,UNIT_SCADA,1,"2019/09/06 08:10:00",GERMCRK,35.200001
D,DISPATCH,UNIT_SCADA,1,"2019/09/06 08:10:00",GRIFSF1,3.900002
D,DISPATCH,UNIT_SCADA,1,"2019/09/06 08:10:00",HUGSF1,8.462001
D,DISPATCH,UNIT_SCADA,1,"2019/09/06 08:10:00",LKBONNY1,4.554778
D,DISPATCH,UNIT_SCADA,1,"2019/09/06 08:10:00",LRSF1,11.8380
D,DISPATCH,UNIT_SCADA,1,"2019/09/06 08:10:00",MBAHNTH,50.343750
D,DISPATCH,UNIT_SCADA,1,"2019/09/06 08:10:00",MLSP1,5.843001
D,DISPATCH,UNIT_SCADA,1,"2019/09/06 08:10:00",MLWF1,11.0550
D,DISPATCH,UNIT_SCADA,1,"2019/09/06 08:10:00",MTMILLAR,53.793240
D,DISPATCH,UNIT_SCADA,1,"2019/09/06 08:10:00",PALOONA,26.019999
D,DISPATCH,UNIT_SCADA,1,"2019/09/06 08:10:00",PIONEER,45.100002
D,DISPATCH,UNIT_SCADA,1,"2019/09/06 08:10:00",PORTWF,31.10
D,DISPATCH,UNIT_SCADA,1,"2019/09/06 08:10:00",REPULSE,32.816051
D,DISPATCH,UNIT_SCADA,1,"2019/09/06 08:10:00",ROWALLAN,10.259501
D,DISPATCH,UNIT_SCADA,1,"2019/09/06 08:10:00",ROYALLA1,9.800001
D,DISPATCH,UNIT_SCADA,1,"2019/09/06 08:10:00",RPCG,10.70
D,DISPATCH,UNIT_SCADA,1,"2019/09/06 08:10:00",RUBICON,0
D,DISPATCH,UNIT_SCADA,1,"2019/09/06 08:10:00",SATGN1,0
D,DISPATCH,UNIT_SCADA,1,"2019/09/06 08:10:00",SATGS1,0
D,DISPATCH,UNIT_SCADA,1,"2019/09/06 08:10:00",STARHLWF,30.191196
D,DISPATCH,UNIT_SCADA,1,"2019/09/06 08:10:00",WAUBRAWF,76.598999
D,DISPATCH,UNIT_SCADA,1,"2019/09/06 08:10:00",WOOLNTH1,86.950020
D,DISPATCH,UNIT_SCADA,1,"2019/09/06 08:10:00",WPWF,84
D,DISPATCH,UNIT_SCADA,1,"2019/09/06 08:10:00",YAMBUKWF,9
D,DISPATCH,UNIT_SCADA,1,"2019/09/06 08:10:00",YSWF1,5.40
D,DISPATCH,UNIT_SCADA,1,"2019/09/06 08:10:00",AGLHAL,0
D,DISPATCH,UNIT_SCADA,1,"2019/09/06 08:10:00",AGLSOM,0
D,DISPATCH,UNIT_SCADA,1,"2019/09/06 08:10:00",ANGAST1,0
D,DISPATCH,UNIT_SCADA,1,"2019/09/06 08:10:00",ARWF1,32.30
D,DISPATCH,UNIT_SCADA,1,"2019/09/06 08:10:00",BALBG1,1.42
D,DISPATCH,UNIT_SCADA,1,"2019/09/06 08:10:00",BALBL1,0
D,DISPATCH,UNIT_SCADA,1,"2019/09/06 08:10:00",BALDHWF1,52.1640
D,DISPATCH,UNIT_SCADA,1,"2019/09/06 08:10:00",BANN1,4.79
D,DISPATCH,UNIT_SCADA,1,"2019/09/06 08:10:00",BARCALDN,0
D,DISPATCH,UNIT_SCADA,1,"2019/09/06 08:10:00",BARRON-1,26.20
D,DISPATCH,UNIT_SCADA,1,"2019/09/06 08:10:00",BARRON-2,0
D,DISPATCH,UNIT_SCADA,1,"2019/09/06 08:10:00",BASTYAN,80.500010
D,DISPATCH,UNIT_SCADA,1,"2019/09/06 08:10:00",BBTHREE1,0
D,DISPATCH,UNIT_SCADA,1,"2019/09/06 08:10:00",BBTHREE2,0
D,DISPATCH,UNIT_SCADA,1,"2019/09/06 08:10:00",BBTHREE3,0
D,DISPATCH,UNIT_SCADA,1,"2019/09/06 08:10:00",BDL01,40.74
D,DISPATCH,UNIT_SCADA,1,"2019/09/06 08:10:00",BDL02,42.60
D,DISPATCH,UNIT_SCADA,1,"2019/09/06 08:10:00",BERYLSF1,63.039660
D,DISPATCH,UNIT_SCADA,1,"2019/09/06 08:10:00",BLOWERNG,15.30
D,DISPATCH,UNIT_SCADA,1,"2019/09/06 08:10:00",BLUFF1,50.90
D,DISPATCH,UNIT_SCADA,1,"2019/09/06 08:10:00",BNGSF1,1.58
D,DISPATCH,UNIT_SCADA,1,"2019/09/06 08:10:00",BNGSF2,0.49
D,DISPATCH,UNIT_SCADA,1,"2019/09/06 08:10:00",BOCORWF1,93.80
D,DISPATCH,UNIT_SCADA,1,"2019/09/06 08:10:00",BODWF1,64.461750
D,DISPATCH,UNIT_SCADA,1,"2019/09/06 08:10:00",BRAEMAR1,0
D,DISPATCH,UNIT_SCADA,1,"2019/09/06 08:10:00",BRAEMAR2,0
D,DISPATCH,UNIT_SCADA,1,"2019/09/06 08:10:00",BRAEMAR3,0
D,DISPATCH,UNIT_SCADA,1,"2019/09/06 08:10:00",BRAEMAR5,151.639050
D,DISPATCH,UNIT_SCADA,1,"2019/09/06 08:10:00",BRAEMAR6,0
D,DISPATCH,UNIT_SCADA,1,"2019/09/06 08:10:00",BRAEMAR7,0
D,DISPATCH,UNIT_SCADA,1,"2019/09/06 08:10:00",BROKENH1,3.174070
D,DISPATCH,UNIT_SCADA,1,"2019/09/06 08:10:00",BW01,639.200070
D,DISPATCH,UNIT_SCADA,1,"2019/09/06 08:10:00",BW02,635.574950
D,DISPATCH,UNIT_SCADA,1,"2019/09/06 08:10:00",BW03,648.25
D,DISPATCH,UNIT_SCADA,1,"2019/09/06 08:10:00",BW04,0
D,DISPATCH,UNIT_SCADA,1,"2019/09/06 08:10:00",CALL_B_1,332.600010
D,DISPATCH,UNIT_SCADA,1,"2019/09/06 08:10:00",CALL_B_2,279.800020
D,DISPATCH,UNIT_SCADA,1,"2019/09/06 08:10:00",CETHANA,97.046880
D,DISPATCH,UNIT_SCADA,1,"2019/09/06 08:10:00",CG1,0
D,DISPATCH,UNIT_SCADA,1,"2019/09/06 08:10:00",CG2,0
D,DISPATCH,UNIT_SCADA,1,"2019/09/06 08:10:00",CG3,0
D,DISPATCH,UNIT_SCADA,1,"2019/09/06 08:10:00",CG4,0
D,DISPATCH,UNIT_SCADA,1,"2019/09/06 08:10:00",CHILDSF1,54.55
D,DISPATCH,UNIT_SCADA,1,"2019/09/06 08:10:00",CLARESF1,29.919230
D,DISPATCH,UNIT_SCADA,1,"2019/09/06 08:10:00",CLEMGPWF,53.954220
D,DISPATCH,UNIT_SCADA,1,"2019/09/06 08:10:00",CLERMSF1,14.68
D,DISPATCH,UNIT_SCADA,1,"2019/09/06 08:10:00",COLEASF1,26
D,DISPATCH,UNIT_SCADA,1,"2019/09/06 08:10:00",COOPGWF1,19.116130
D,DISPATCH,UNIT_SCADA,1,"2019/09/06 08:10:00",CPP_3,367.399990
D,DISPATCH,UNIT_SCADA,1,"2019/09/06 08:10:00",CPP_4,366.850010
D,DISPATCH,UNIT_SCADA,1,"2019/09/06 08:10:00",CPSA,143.280620
D,DISPATCH,UNIT_SCADA,1,"2019/09/06 08:10:00",CROOKWF2,78.273740
D,DISPATCH,UNIT_SCADA,1,"2019/09/06 08:10:00",CROWLWF1,39.0615
D,DISPATCH,UNIT_SCADA,1,"2019/09/06 08:10:00",CSPVPS1,15.9980
D,DISPATCH,UNIT_SCADA,1,"2019/09/06 08:10:00",DALNTH01,0
D,DISPATCH,UNIT_SCADA,1,"2019/09/06 08:10:00",DALNTHL1,0.120550
D,DISPATCH,UNIT_SCADA,1,"2019/09/06 08:10:00",DARTM1,133.70
D,DISPATCH,UNIT_SCADA,1,"2019/09/06 08:10:00",DAYDSF1,106.377010
D,DISPATCH,UNIT_SCADA,1,"2019/09/06 08:10:00",DDPS1,0
D,DISPATCH,UNIT_SCADA,1,"2019/09/06 08:10:00",DDSF1,60.432380
D,DISPATCH,UNIT_SCADA,1,"2019/09/06 08:10:00",DEVILS_G,63.524890
D,DISPATCH,UNIT_SCADA,1,"2019/09/06 08:10:00",DG_NSW1,0
D,DISPATCH,UNIT_SCADA,1,"2019/09/06 08:10:00",DG_QLD1,0
D,DISPATCH,UNIT_SCADA,1,"2019/09/06 08:10:00",DG_SA1,0
D,DISPATCH,UNIT_SCADA,1,"2019/09/06 08:10:00",DG_TAS1,0
D,DISPATCH,UNIT_SCADA,1,"2019/09/06 08:10:00",DG_VIC1,0
D,DISPATCH,UNIT_SCADA,1,"2019/09/06 08:10:00",DRYCGT1,0
D,DISPATCH,UNIT_SCADA,1,"2019/09/06 08:10:00",DRYCGT2,0
D,DISPATCH,UNIT_SCADA,1,"2019/09/06 08:10:00",DRYCGT3,0
D,DISPATCH,UNIT_SCADA,1,"2019/09/06 08:10:00",EILDON1,0
D,DISPATCH,UNIT_SCADA,1,"2019/09/06 08:10:00",EILDON2,0
D,DISPATCH,UNIT_SCADA,1,"2019/09/06 08:10:00",EMERASF1,60.14
D,DISPATCH,UNIT_SCADA,1,"2019/09/06 08:10:00",ER01,572.550050
D,DISPATCH,UNIT_SCADA,1,"2019/09/06 08:10:00",ER02,672.925050
D,DISPATCH,UNIT_SCADA,1,"2019/09/06 08:10:00",ER03,0
D,DISPATCH,UNIT_SCADA,1,"2019/09/06 08:10:00",ER04,667.800050
D,DISPATCH,UNIT_SCADA,1,"2019/09/06 08:10:00",FINLYSF1,0
D,DISPATCH,UNIT_SCADA,1,"2019/09/06 08:10:00",FISHER,31.17
D,DISPATCH,UNIT_SCADA,1,"2019/09/06 08:10:00",GANNBG1,2.243660
D,DISPATCH,UNIT_SCADA,1,"2019/09/06 08:10:00",GANNBL1,0
D,DISPATCH,UNIT_SCADA,1,"2019/09/06 08:10:00",GANNSF1,36.40
D,DISPATCH,UNIT_SCADA,1,"2019/09/06 08:10:00",GORDON,18.4072
D,DISPATCH,UNIT_SCADA,1,"2019/09/06 08:10:00",GSTONE1,149.80
D,DISPATCH,UNIT_SCADA,1,"2019/09/06 08:10:00",GSTONE2,144.20
D,DISPATCH,UNIT_SCADA,1,"2019/09/06 08:10:00",GSTONE3,0
D,DISPATCH,UNIT_SCADA,1,"2019/09/06 08:10:00",GSTONE4,150.849990
D,DISPATCH,UNIT_SCADA,1,"2019/09/06 08:10:00",GSTONE5,149.45
D,DISPATCH,UNIT_SCADA,1,"2019/09/06 08:10:00",GSTONE6,149.099990
D,DISPATCH,UNIT_SCADA,1,"2019/09/06 08:10:00",GULLRSF1,5.478240
D,DISPATCH,UNIT_SCADA,1,"2019/09/06 08:10:00",GULLRWF1,99.386350
D,DISPATCH,UNIT_SCADA,1,"2019/09/06 08:10:00",GUNNING1,29.800660
D,DISPATCH,UNIT_SCADA,1,"2019/09/06 08:10:00",GUTHEGA,31.10
D,DISPATCH,UNIT_SCADA,1,"2019/09/06 08:10:00",HALLWF1,90.36
D,DISPATCH,UNIT_SCADA,1,"2019/09/06 08:10:00",HALLWF2,37.25
D,DISPATCH,UNIT_SCADA,1,"2019/09/06 08:10:00",HAMISF1,0
D,DISPATCH,UNIT_SCADA,1,"2019/09/06 08:10:00",HAUGHT11,0
D,DISPATCH,UNIT_SCADA,1,"2019/09/06 08:10:00",HAYMSF1,0
D,DISPATCH,UNIT_SCADA,1,"2019/09/06 08:10:00",HDWF1,98.20
D,DISPATCH,UNIT_SCADA,1,"2019/09/06 08:10:00",HDWF2,97.90
D,DISPATCH,UNIT_SCADA,1,"2019/09/06 08:10:00",HDWF3,108.90
D,DISPATCH,UNIT_SCADA,1,"2019/09/06 08:10:00",HPRG1,0
D,DISPATCH,UNIT_SCADA,1,"2019/09/06 08:10:00",HPRL1,0.10
D,DISPATCH,UNIT_SCADA,1,"2019/09/06 08:10:00",HUMENSW,0
D,DISPATCH,UNIT_SCADA,1,"2019/09/06 08:10:00",HUMEV,24.20
D,DISPATCH,UNIT_SCADA,1,"2019/09/06 08:10:00",HVGTS,0
D,DISPATCH,UNIT_SCADA,1,"2019/09/06 08:10:00",JBUTTERS,110.29
D,DISPATCH,UNIT_SCADA,1,"2019/09/06 08:10:00",JLA01,0.10
D,DISPATCH,UNIT_SCADA,1,"2019/09/06 08:10:00",JLA02,0
D,DISPATCH,UNIT_SCADA,1,"2019/09/06 08:10:00",JLA03,0
D,DISPATCH,UNIT_SCADA,1,"2019/09/06 08:10:00",JLA04,0
D,DISPATCH,UNIT_SCADA,1,"2019/09/06 08:10:00",JLB01,0
D,DISPATCH,UNIT_SCADA,1,"2019/09/06 08:10:00",JLB02,0.10
D,DISPATCH,UNIT_SCADA,1,"2019/09/06 08:10:00",JLB03,0
D,DISPATCH,UNIT_SCADA,1,"2019/09/06 08:10:00",KAREEYA1,21.5150
D,DISPATCH,UNIT_SCADA,1,"2019/09/06 08:10:00",KAREEYA2,21.6075
D,DISPATCH,UNIT_SCADA,1,"2019/09/06 08:10:00",KAREEYA3,0
D,DISPATCH,UNIT_SCADA,1,"2019/09/06 08:10:00",KAREEYA4,21.5475
D,DISPATCH,UNIT_SCADA,1,"2019/09/06 08:10:00",KARSF1,53.50
D,DISPATCH,UNIT_SCADA,1,"2019/09/06 08:10:00",KIATAWF1,27.40
D,DISPATCH,UNIT_SCADA,1,"2019/09/06 08:10:00",KPP_1,0
D,DISPATCH,UNIT_SCADA,1,"2019/09/06 08:10:00",KSP1,42.60
D,DISPATCH,UNIT_SCADA,1,"2019/09/06 08:10:00",LADBROK1,42.38
D,DISPATCH,UNIT_SCADA,1,"2019/09/06 08:10:00",LADBROK2,43.10
D,DISPATCH,UNIT_SCADA,1,"2019/09/06 08:10:00",LD01,382.987520
D,DISPATCH,UNIT_SCADA,1,"2019/09/06 08:10:00",LD02,381.093750
D,DISPATCH,UNIT_SCADA,1,"2019/09/06 08:10:00",LD03,381.9938
D,DISPATCH,UNIT_SCADA,1,"2019/09/06 08:10:00",LD04,382.481230
D,DISPATCH,UNIT_SCADA,1,"2019/09/06 08:10:00",LEM_WIL,84.7277
D,DISPATCH,UNIT_SCADA,1,"2019/09/06 08:10:00",LGAPWF1,34.44
D,DISPATCH,UNIT_SCADA,1,"2019/09/06 08:10:00",LILYSF1,0
D,DISPATCH,UNIT_SCADA,1,"2019/09/06 08:10:00",LI_WY_CA,143.119030
D,DISPATCH,UNIT_SCADA,1,"2019/09/06 08:10:00",LKBONNY2,33.490410
D,DISPATCH,UNIT_SCADA,1,"2019/09/06 08:10:00",LKBONNY3,13.006530
D,DISPATCH,UNIT_SCADA,1,"2019/09/06 08:10:00",LK_ECHO,0
D,DISPATCH,UNIT_SCADA,1,"2019/09/06 08:10:00",LNGS1,0
D,DISPATCH,UNIT_SCADA,1,"2019/09/06 08:10:00",LNGS2,0
D,DISPATCH,UNIT_SCADA,1,"2019/09/06 08:10:00",LONSDALE,0
D,DISPATCH,UNIT_SCADA,1,"2019/09/06 08:10:00",LOYYB1,536.840520
D,DISPATCH,UNIT_SCADA,1,"2019/09/06 08:10:00",LOYYB2,583.458250
D,DISPATCH,UNIT_SCADA,1,"2019/09/06 08:10:00",LYA1,0
D,DISPATCH,UNIT_SCADA,1,"2019/09/06 08:10:00",LYA2,0
D,DISPATCH,UNIT_SCADA,1,"2019/09/06 08:10:00",LYA3,558
D,DISPATCH,UNIT_SCADA,1,"2019/09/06 08:10:00",LYA4,540
D,DISPATCH,UNIT_SCADA,1,"2019/09/06 08:10:00",MACARTH1,118.497260
D,DISPATCH,UNIT_SCADA,1,"2019/09/06 08:10:00",MACKAYGT,0.2240
D,DISPATCH,UNIT_SCADA,1,"2019/09/06 08:10:00",MACKNTSH,87.500010
D,DISPATCH,UNIT_SCADA,1,"2019/09/06 08:10:00",MANSLR1,31.4330
D,DISPATCH,UNIT_SCADA,1,"2019/09/06 08:10:00",MCKAY1,-0.0350
D,DISPATCH,UNIT_SCADA,1,"2019/09/06 08:10:00",MEADOWBK,33.895880
D,DISPATCH,UNIT_SCADA,1,"2019/09/06 08:10:00",MERCER01,18.5810
D,DISPATCH,UNIT_SCADA,1,"2019/09/06 08:10:00",MEWF1,33.369090
D,DISPATCH,UNIT_SCADA,1,"2019/09/06 08:10:00",MINTARO,0
D,DISPATCH,UNIT_SCADA,1,"2019/09/06 08:10:00",MOREESF1,52.05
D,DISPATCH,UNIT_SCADA,1,"2019/09/06 08:10:00",MORTLK11,259
D,DISPATCH,UNIT_SCADA,1,"2019/09/06 08:10:00",MORTLK12,0
D,DISPATCH,UNIT_SCADA,1,"2019/09/06 08:10:00",MP1,220.750060
D,DISPATCH,UNIT_SCADA,1,"2019/09/06 08:10:00",MP2,0
D,DISPATCH,UNIT_SCADA,1,"2019/09/06 08:10:00",MPP_1,425
D,DISPATCH,UNIT_SCADA,1,"2019/09/06 08:10:00",MPP_2,435.75
D,DISPATCH,UNIT_SCADA,1,"2019/09/06 08:10:00",MSTUART1,0
D,DISPATCH,UNIT_SCADA,1,"2019/09/06 08:10:00",MSTUART2,0
D,DISPATCH,UNIT_SCADA,1,"2019/09/06 08:10:00",MSTUART3,0
D,DISPATCH,UNIT_SCADA,1,"2019/09/06 08:10:00",MTGELWF1,2.186650
D,DISPATCH,UNIT_SCADA,1,"2019/09/06 08:10:00",MURRAY,15.990020
D,DISPATCH,UNIT_SCADA,1,"2019/09/06 08:10:00",MUSSELR1,130.50
D,DISPATCH,UNIT_SCADA,1,"2019/09/06 08:10:00",MUWAWF1,72.39
D,DISPATCH,UNIT_SCADA,1,"2019/09/06 08:10:00",NBHWF1,119.399990
D,DISPATCH,UNIT_SCADA,1,"2019/09/06 08:10:00",NPS,0
D,DISPATCH,UNIT_SCADA,1,"2019/09/06 08:10:00",NUMURSF1,9.61
D,DISPATCH,UNIT_SCADA,1,"2019/09/06 08:10:00",NYNGAN1,43
D,DISPATCH,UNIT_SCADA,1,"2019/09/06 08:10:00",OAKEY1,0
D,DISPATCH,UNIT_SCADA,1,"2019/09/06 08:10:00",OAKEY1SF,21.92
D,DISPATCH,UNIT_SCADA,1,"2019/09/06 08:10:00",OAKEY2,0
D,DISPATCH,UNIT_SCADA,1,"2019/09/06 08:10:00",OAKEY2SF,0
D,DISPATCH,UNIT_SCADA,1,"2019/09/06 08:10:00",OAKLAND1,9.30
D,DISPATCH,UNIT_SCADA,1,"2019/09/06 08:10:00",OSB-AG,0
D,DISPATCH,UNIT_SCADA,1,"2019/09/06 08:10:00",PARSF1,41.803120
D,DISPATCH,UNIT_SCADA,1,"2019/09/06 08:10:00",POAT110,0
D,DISPATCH,UNIT_SCADA,1,"2019/09/06 08:10:00",POAT220,0
D,DISPATCH,UNIT_SCADA,1,"2019/09/06 08:10:00",POR01,0
D,DISPATCH,UNIT_SCADA,1,"2019/09/06 08:10:00",POR03,0
D,DISPATCH,UNIT_SCADA,1,"2019/09/06 08:10:00",PPCCGT,176.907730
D,DISPATCH,UNIT_SCADA,1,"2019/09/06 08:10:00",PTSTAN1,0
D,DISPATCH,UNIT_SCADA,1,"2019/09/06 08:10:00",PUMP1,0
D,DISPATCH,UNIT_SCADA,1,"2019/09/06 08:10:00",PUMP2,0
D,DISPATCH,UNIT_SCADA,1,"2019/09/06 08:10:00",QPS1,29
D,DISPATCH,UNIT_SCADA,1,"2019/09/06 08:10:00",QPS2,0
D,DISPATCH,UNIT_SCADA,1,"2019/09/06 08:10:00",QPS3,0
D,DISPATCH,UNIT_SCADA,1,"2019/09/06 08:10:00",QPS4,0
D,DISPATCH,UNIT_SCADA,1,"2019/09/06 08:10:00",QPS5,0
D,DISPATCH,UNIT_SCADA,1,"2019/09/06 08:10:00",REECE1,102.100010
D,DISPATCH,UNIT_SCADA,1,"2019/09/06 08:10:00",REECE2,100.34
D,DISPATCH,UNIT_SCADA,1,"2019/09/06 08:10:00",ROMA_7,0
D,DISPATCH,UNIT_SCADA,1,"2019/09/06 08:10:00",ROMA_8,0
D,DISPATCH,UNIT_SCADA,1,"2019/09/06 08:10:00",RRSF1,73.087330
D,DISPATCH,UNIT_SCADA,1,"2019/09/06 08:10:00",RT_NSW1,0
D,DISPATCH,UNIT_SCADA,1,"2019/09/06 08:10:00",RT_NSW2,0
D,DISPATCH,UNIT_SCADA,1,"2019/09/06 08:10:00",RT_NSW3,0
D,DISPATCH,UNIT_SCADA,1,"2019/09/06 08:10:00",RT_NSW4,0
D,DISPATCH,UNIT_SCADA,1,"2019/09/06 08:10:00",RT_NSW5,0
D,DISPATCH,UNIT_SCADA,1,"2019/09/06 08:10:00",RT_NSW6,0
D,DISPATCH,UNIT_SCADA,1,"2019/09/06 08:10:00",RT_QLD1,0
D,DISPATCH,UNIT_SCADA,1,"2019/09/06 08:10:00",RT_SA1,0
D,DISPATCH,UNIT_SCADA,1,"2019/09/06 08:10:00",RT_SA2,0
D,DISPATCH,UNIT_SCADA,1,"2019/09/06 08:10:00",RT_SA3,0
D,DISPATCH,UNIT_SCADA,1,"2019/09/06 08:10:00",RT_SA4,0
D,DISPATCH,UNIT_SCADA,1,"2019/09/06 08:10:00",RT_SA5,0
D,DISPATCH,UNIT_SCADA,1,"2019/09/06 08:10:00",RT_SA6,0
D,DISPATCH,UNIT_SCADA,1,"2019/09/06 08:10:00",RT_TAS1,0
D,DISPATCH,UNIT_SCADA,1,"2019/09/06 08:10:00",RT_VIC1,0
D,DISPATCH,UNIT_SCADA,1,"2019/09/06 08:10:00",RT_VIC10,0
D,DISPATCH,UNIT_SCADA,1,"2019/09/06 08:10:00",RT_VIC11,0
D,DISPATCH,UNIT_SCADA,1,"2019/09/06 08:10:00",RT_VIC12,0
D,DISPATCH,UNIT_SCADA,1,"2019/09/06 08:10:00",RT_VIC2,0
D,DISPATCH,UNIT_SCADA,1,"2019/09/06 08:10:00",RT_VIC3,0
D,DISPATCH,UNIT_SCADA,1,"2019/09/06 08:10:00",RT_VIC4,0
D,DISPATCH,UNIT_SCADA,1,"2019/09/06 08:10:00",RT_VIC5,0
D,DISPATCH,UNIT_SCADA,1,"2019/09/06 08:10:00",RT_VIC6,0
D,DISPATCH,UNIT_SCADA,1,"2019/09/06 08:10:00",RT_VIC7,0
D,DISPATCH,UNIT_SCADA,1,"2019/09/06 08:10:00",RT_VIC8,0
D,DISPATCH,UNIT_SCADA,1,"2019/09/06 08:10:00",RT_VIC9,0
D,DISPATCH,UNIT_SCADA,1,"2019/09/06 08:10:00",RUGBYR1,61.620220
D,DISPATCH,UNIT_SCADA,1,"2019/09/06 08:10:00",SALTCRK1,25.64
D,DISPATCH,UNIT_SCADA,1,"2019/09/06 08:10:00",SAPHWF1,102.140630
D,DISPATCH,UNIT_SCADA,1,"2019/09/06 08:10:00",SHGEN,125.055070
D,DISPATCH,UNIT_SCADA,1,"2019/09/06 08:10:00",SHPUMP,0
D,DISPATCH,UNIT_SCADA,1,"2019/09/06 08:10:00",SITHE01,0.1840
D,DISPATCH,UNIT_SCADA,1,"2019/09/06 08:10:00",SMCSF1,40.719390
D,DISPATCH,UNIT_SCADA,1,"2019/09/06 08:10:00",SNOWNTH1,137.50
D,DISPATCH,UNIT_SCADA,1,"2019/09/06 08:10:00",SNOWSTH1,118.30
D,DISPATCH,UNIT_SCADA,1,"2019/09/06 08:10:00",SNOWTWN1,89.972020
D,DISPATCH,UNIT_SCADA,1,"2019/09/06 08:10:00",SNOWYP,0
D,DISPATCH,UNIT_SCADA,1,"2019/09/06 08:10:00",SNUG1,0.019440
D,DISPATCH,UNIT_SCADA,1,"2019/09/06 08:10:00",SRSF1,67.46
D,DISPATCH,UNIT_SCADA,1,"2019/09/06 08:10:00",STAN-1,261.560030
D,DISPATCH,UNIT_SCADA,1,"2019/09/06 08:10:00",STAN-2,301.167020
D,DISPATCH,UNIT_SCADA,1,"2019/09/06 08:10:00",STAN-3,300.795320
D,DISPATCH,UNIT_SCADA,1,"2019/09/06 08:10:00",STAN-4,301.910460
D,DISPATCH,UNIT_SCADA,1,"2019/09/06 08:10:00",STWF1,0
D,DISPATCH,UNIT_SCADA,1,"2019/09/06 08:10:00",SWAN_E,0
D,DISPATCH,UNIT_SCADA,1,"2019/09/06 08:10:00",TALWA1,402
D,DISPATCH,UNIT_SCADA,1,"2019/09/06 08:10:00",TARALGA1,16.046240
D,DISPATCH,UNIT_SCADA,1,"2019/09/06 08:10:00",TARONG#1,350.50
D,DISPATCH,UNIT_SCADA,1,"2019/09/06 08:10:00",TARONG#2,0
D,DISPATCH,UNIT_SCADA,1,"2019/09/06 08:10:00",TARONG#3,280.50
D,DISPATCH,UNIT_SCADA,1,"2019/09/06 08:10:00",TARONG#4,349.899990
D,DISPATCH,UNIT_SCADA,1,"2019/09/06 08:10:00",TARRALEA,73.80
D,DISPATCH,UNIT_SCADA,1,"2019/09/06 08:10:00",TBSF1,8.40
D,DISPATCH,UNIT_SCADA,1,"2019/09/06 08:10:00",TNPS1,399.700010
D,DISPATCH,UNIT_SCADA,1,"2019/09/06 08:10:00",TORRA1,42.493330
D,DISPATCH,UNIT_SCADA,1,"2019/09/06 08:10:00",TORRA2,0
D,DISPATCH,UNIT_SCADA,1,"2019/09/06 08:10:00",TORRA3,0
D,DISPATCH,UNIT_SCADA,1,"2019/09/06 08:10:00",TORRA4,44.963520
D,DISPATCH,UNIT_SCADA,1,"2019/09/06 08:10:00",TORRB1,119.36
D,DISPATCH,UNIT_SCADA,1,"2019/09/06 08:10:00",TORRB2,119.42
D,DISPATCH,UNIT_SCADA,1,"2019/09/06 08:10:00",TORRB3,122.56
D,DISPATCH,UNIT_SCADA,1,"2019/09/06 08:10:00",TORRB4,0
D,DISPATCH,UNIT_SCADA,1,"2019/09/06 08:10:00",TREVALLN,67.120010
D,DISPATCH,UNIT_SCADA,1,"2019/09/06 08:10:00",TRIBUTE,0
D,DISPATCH,UNIT_SCADA,1,"2019/09/06 08:10:00",TUMUT3,0
D,DISPATCH,UNIT_SCADA,1,"2019/09/06 08:10:00",TUNGATIN,65.870030
D,DISPATCH,UNIT_SCADA,1,"2019/09/06 08:10:00",TVCC201,0
D,DISPATCH,UNIT_SCADA,1,"2019/09/06 08:10:00",TVPP104,0
D,DISPATCH,UNIT_SCADA,1,"2019/09/06 08:10:00",UPPTUMUT,381.239720
D,DISPATCH,UNIT_SCADA,1,"2019/09/06 08:10:00",URANQ11,0
D,DISPATCH,UNIT_SCADA,1,"2019/09/06 08:10:00",URANQ12,0
D,DISPATCH,UNIT_SCADA,1,"2019/09/06 08:10:00",URANQ13,0
D,DISPATCH,UNIT_SCADA,1,"2019/09/06 08:10:00",URANQ14,0
D,DISPATCH,UNIT_SCADA,1,"2019/09/06 08:10:00",VP5,541.349980
D,DISPATCH,UNIT_SCADA,1,"2019/09/06 08:10:00",VP6,0
D,DISPATCH,UNIT_SCADA,1,"2019/09/06 08:10:00",VPGS1,0
D,DISPATCH,UNIT_SCADA,1,"2019/09/06 08:10:00",VPGS2,0
D,DISPATCH,UNIT_SCADA,1,"2019/09/06 08:10:00",VPGS3,0
D,DISPATCH,UNIT_SCADA,1,"2019/09/06 08:10:00",VPGS4,0
D,DISPATCH,UNIT_SCADA,1,"2019/09/06 08:10:00",VPGS5,0
D,DISPATCH,UNIT_SCADA,1,"2019/09/06 08:10:00",VPGS6,0
D,DISPATCH,UNIT_SCADA,1,"2019/09/06 08:10:00",W/HOE#1,0
D,DISPATCH,UNIT_SCADA,1,"2019/09/06 08:10:00",W/HOE#2,0
D,DISPATCH,UNIT_SCADA,1,"2019/09/06 08:10:00",WATERLWF,106.20
D,DISPATCH,UNIT_SCADA,1,"2019/09/06 08:10:00",WEMENSF1,65.50
D,DISPATCH,UNIT_SCADA,1,"2019/09/06 08:10:00",WGWF1,106
D,DISPATCH,UNIT_SCADA,1,"2019/09/06 08:10:00",WHITSF1,39.90
D,DISPATCH,UNIT_SCADA,1,"2019/09/06 08:10:00",WKIEWA1,33.40
D,DISPATCH,UNIT_SCADA,1,"2019/09/06 08:10:00",WKIEWA2,0.10
D,DISPATCH,UNIT_SCADA,1,"2019/09/06 08:10:00",WOODLWN1,7.092010
D,DISPATCH,UNIT_SCADA,1,"2019/09/06 08:10:00",WRSF1,10.50
D,DISPATCH,UNIT_SCADA,1,"2019/09/06 08:10:00",WRWF1,21.348750
D,DISPATCH,UNIT_SCADA,1,"2019/09/06 08:10:00",YABULU,0
D,DISPATCH,UNIT_SCADA,1,"2019/09/06 08:10:00",YABULU2,0
D,DISPATCH,UNIT_SCADA,1,"2019/09/06 08:10:00",YARWUN_1,165.56
D,DISPATCH,UNIT_SCADA,1,"2019/09/06 08:10:00",YENDWF1,41.62
D,DISPATCH,UNIT_SCADA,1,"2019/09/06 08:10:00",YWPS1,382.205080
D,DISPATCH,UNIT_SCADA,1,"2019/09/06 08:10:00",YWPS2,285.460750
D,DISPATCH,UNIT_SCADA,1,"2019/09/06 08:10:00",YWPS3,332.854430
D,DISPATCH,UNIT_SCADA,1,"2019/09/06 08:10:00",YWPS4,401.730380
C,"END OF REPORT",335
