C,NEMP.WORLD,DISPATCHSCADA,AEMO,PUBLIC,2019/09/04,16:35:08,0000000312389486,DISPATCHSCADA,0000000312389480
I,DISPATCH,UNIT_SCADA,1,SETTLEMENTDATE,DUID,SCADAVALUE
D,DISPATCH,UNIT_SCADA,1,"2019/09/04 16:40:00",BARCSF1,10.10
D,DISPATCH,UNIT_SCADA,1,"2019/09/04 16:40:00",BUTLERSG,10.199999
D,DISPATCH,UNIT_SCADA,1,"2019/09/04 16:40:00",CALL_A_4,0
D,DISPATCH,UNIT_SCADA,1,"2019/09/04 16:40:00",CAPTL_WF,65.411995
D,DISPATCH,UNIT_SCADA,1,"2019/09/04 16:40:00",CATHROCK,0
D,DISPATCH,UNIT_SCADA,1,"2019/09/04 16:40:00",CHALLHWF,0
D,DISPATCH,UNIT_SCADA,1,"2019/09/04 16:40:00",CLOVER,-0.02
D,DISPATCH,UNIT_SCADA,1,"2019/09/04 16:40:00",CLUNY,12.230259
D,DISPATCH,UNIT_SCADA,1,"2019/09/04 16:40:00",CNUNDAWF,1.902219
D,DISPATCH,UNIT_SCADA,1,"2019/09/04 16:40:00",CULLRGWF,24.50
D,DISPATCH,UNIT_SCADA,1,"2019/09/04 16:40:00",ERGT01,0
D,DISPATCH,UNIT_SCADA,1,"2019/09/04 16:40:00",GB01,0.012554
D,DISPATCH,UNIT_SCADA,1,"2019/09/04 16:40:00",GERMCRK,36.50
D,DISPATCH,UNIT_SCADA,1,"2019/09/04 16:40:00",GRIFSF1,19.400002
D,DISPATCH,UNIT_SCADA,1,"2019/09/04 16:40:00",HUGSF1,8.7840
D,DISPATCH,UNIT_SCADA,1,"2019/09/04 16:40:00",LKBONNY1,3.304446
D,DISPATCH,UNIT_SCADA,1,"2019/09/04 16:40:00",LRSF1,11.9870
D,DISPATCH,UNIT_SCADA,1,"2019/09/04 16:40:00",MBAHNTH,49.162506
D,DISPATCH,UNIT_SCADA,1,"2019/09/04 16:40:00",MLSP1,3.573001
D,DISPATCH,UNIT_SCADA,1,"2019/09/04 16:40:00",MLWF1,1.08
D,DISPATCH,UNIT_SCADA,1,"2019/09/04 16:40:00",MTMILLAR,-0.256725
D,DISPATCH,UNIT_SCADA,1,"2019/09/04 16:40:00",PALOONA,24.539999
D,DISPATCH,UNIT_SCADA,1,"2019/09/04 16:40:00",PIONEER,46.700001
D,DISPATCH,UNIT_SCADA,1,"2019/09/04 16:40:00",PORTWF,5.30
D,DISPATCH,UNIT_SCADA,1,"2019/09/04 16:40:00",REPULSE,20.166933
D,DISPATCH,UNIT_SCADA,1,"2019/09/04 16:40:00",ROWALLAN,10.4157
D,DISPATCH,UNIT_SCADA,1,"2019/09/04 16:40:00",ROYALLA1,4.917001
D,DISPATCH,UNIT_SCADA,1,"2019/09/04 16:40:00",RPCG,-0.40
D,DISPATCH,UNIT_SCADA,1,"2019/09/04 16:40:00",RUBICON,0
D,DISPATCH,UNIT_SCADA,1,"2019/09/04 16:40:00",SATGN1,0
D,DISPATCH,UNIT_SCADA,1,"2019/09/04 16:40:00",SATGS1,0
D,DISPATCH,UNIT_SCADA,1,"2019/09/04 16:40:00",STARHLWF,1.199650
D,DISPATCH,UNIT_SCADA,1,"2019/09/04 16:40:00",WAUBRAWF,21.4860
D,DISPATCH,UNIT_SCADA,1,"2019/09/04 16:40:00",WOOLNTH1,47.700020
D,DISPATCH,UNIT_SCADA,1,"2019/09/04 16:40:00",WPWF,0
D,DISPATCH,UNIT_SCADA,1,"2019/09/04 16:40:00",YAMBUKWF,2.10
D,DISPATCH,UNIT_SCADA,1,"2019/09/04 16:40:00",YSWF1,4.50
D,DISPATCH,UNIT_SCADA,1,"2019/09/04 16:40:00",AGLHAL,0
D,DISPATCH,UNIT_SCADA,1,"2019/09/04 16:40:00",AGLSOM,-1.70
D,DISPATCH,UNIT_SCADA,1,"2019/09/04 16:40:00",ANGAST1,0
D,DISPATCH,UNIT_SCADA,1,"2019/09/04 16:40:00",ARWF1,32.50
D,DISPATCH,UNIT_SCADA,1,"2019/09/04 16:40:00",BALBG1,0
D,DISPATCH,UNIT_SCADA,1,"2019/09/04 16:40:00",BALBL1,0
D,DISPATCH,UNIT_SCADA,1,"2019/09/04 16:40:00",BALDHWF1,71.9610
D,DISPATCH,UNIT_SCADA,1,"2019/09/04 16:40:00",BANN1,16.63
D,DISPATCH,UNIT_SCADA,1,"2019/09/04 16:40:00",BARCALDN,0
D,DISPATCH,UNIT_SCADA,1,"2019/09/04 16:40:00",BARRON-1,25.44
D,DISPATCH,UNIT_SCADA,1,"2019/09/04 16:40:00",BARRON-2,0
D,DISPATCH,UNIT_SCADA,1,"2019/09/04 16:40:00",BASTYAN,80.48
D,DISPATCH,UNIT_SCADA,1,"2019/09/04 16:40:00",BBTHREE1,0
D,DISPATCH,UNIT_SCADA,1,"2019/09/04 16:40:00",BBTHREE2,0
D,DISPATCH,UNIT_SCADA,1,"2019/09/04 16:40:00",BBTHREE3,0
D,DISPATCH,UNIT_SCADA,1,"2019/09/04 16:40:00",BDL01,43.08
D,DISPATCH,UNIT_SCADA,1,"2019/09/04 16:40:00",BDL02,43.44
D,DISPATCH,UNIT_SCADA,1,"2019/09/04 16:40:00",BERYLSF1,31.820240
D,DISPATCH,UNIT_SCADA,1,"2019/09/04 16:40:00",BLOWERNG,11.10
D,DISPATCH,UNIT_SCADA,1,"2019/09/04 16:40:00",BLUFF1,0
D,DISPATCH,UNIT_SCADA,1,"2019/09/04 16:40:00",BNGSF1,92.10
D,DISPATCH,UNIT_SCADA,1,"2019/09/04 16:40:00",BNGSF2,19.99
D,DISPATCH,UNIT_SCADA,1,"2019/09/04 16:40:00",BOCORWF1,94.19
D,DISPATCH,UNIT_SCADA,1,"2019/09/04 16:40:00",BODWF1,86.9121
D,DISPATCH,UNIT_SCADA,1,"2019/09/04 16:40:00",BRAEMAR1,0
D,DISPATCH,UNIT_SCADA,1,"2019/09/04 16:40:00",BRAEMAR2,0
D,DISPATCH,UNIT_SCADA,1,"2019/09/04 16:40:00",BRAEMAR3,0
D,DISPATCH,UNIT_SCADA,1,"2019/09/04 16:40:00",BRAEMAR5,0
D,DISPATCH,UNIT_SCADA,1,"2019/09/04 16:40:00",BRAEMAR6,0
D,DISPATCH,UNIT_SCADA,1,"2019/09/04 16:40:00",BRAEMAR7,0
D,DISPATCH,UNIT_SCADA,1,"2019/09/04 16:40:00",BROKENH1,25.394530
D,DISPATCH,UNIT_SCADA,1,"2019/09/04 16:40:00",BW01,641.275020
D,DISPATCH,UNIT_SCADA,1,"2019/09/04 16:40:00",BW02,640.400020
D,DISPATCH,UNIT_SCADA,1,"2019/09/04 16:40:00",BW03,637.675050
D,DISPATCH,UNIT_SCADA,1,"2019/09/04 16:40:00",BW04,0
D,DISPATCH,UNIT_SCADA,1,"2019/09/04 16:40:00",CALL_B_1,159.80
D,DISPATCH,UNIT_SCADA,1,"2019/09/04 16:40:00",CALL_B_2,159.70
D,DISPATCH,UNIT_SCADA,1,"2019/09/04 16:40:00",CETHANA,85.790370
D,DISPATCH,UNIT_SCADA,1,"2019/09/04 16:40:00",CG1,0
D,DISPATCH,UNIT_SCADA,1,"2019/09/04 16:40:00",CG2,0
D,DISPATCH,UNIT_SCADA,1,"2019/09/04 16:40:00",CG3,0
D,DISPATCH,UNIT_SCADA,1,"2019/09/04 16:40:00",CG4,0
D,DISPATCH,UNIT_SCADA,1,"2019/09/04 16:40:00",CHILDSF1,24.97
D,DISPATCH,UNIT_SCADA,1,"2019/09/04 16:40:00",CLARESF1,37.259260
D,DISPATCH,UNIT_SCADA,1,"2019/09/04 16:40:00",CLEMGPWF,-0.360180
D,DISPATCH,UNIT_SCADA,1,"2019/09/04 16:40:00",CLERMSF1,15.07
D,DISPATCH,UNIT_SCADA,1,"2019/09/04 16:40:00",COLEASF1,22.500010
D,DISPATCH,UNIT_SCADA,1,"2019/09/04 16:40:00",COOPGWF1,25.164910
D,DISPATCH,UNIT_SCADA,1,"2019/09/04 16:40:00",CPP_3,388.575010
D,DISPATCH,UNIT_SCADA,1,"2019/09/04 16:40:00",CPP_4,168.5750
D,DISPATCH,UNIT_SCADA,1,"2019/09/04 16:40:00",CPSA,77.733120
D,DISPATCH,UNIT_SCADA,1,"2019/09/04 16:40:00",CROOKWF2,87.003750
D,DISPATCH,UNIT_SCADA,1,"2019/09/04 16:40:00",CROWLWF1,5.695740
D,DISPATCH,UNIT_SCADA,1,"2019/09/04 16:40:00",CSPVPS1,11.7240
D,DISPATCH,UNIT_SCADA,1,"2019/09/04 16:40:00",DALNTH01,0
D,DISPATCH,UNIT_SCADA,1,"2019/09/04 16:40:00",DALNTHL1,0.071720
D,DISPATCH,UNIT_SCADA,1,"2019/09/04 16:40:00",DARTM1,133.80
D,DISPATCH,UNIT_SCADA,1,"2019/09/04 16:40:00",DAYDSF1,99.6490
D,DISPATCH,UNIT_SCADA,1,"2019/09/04 16:40:00",DDPS1,363.050480
D,DISPATCH,UNIT_SCADA,1,"2019/09/04 16:40:00",DDSF1,30.3401
D,DISPATCH,UNIT_SCADA,1,"2019/09/04 16:40:00",DEVILS_G,56.766870
D,DISPATCH,UNIT_SCADA,1,"2019/09/04 16:40:00",DG_NSW1,0
D,DISPATCH,UNIT_SCADA,1,"2019/09/04 16:40:00",DG_QLD1,0
D,DISPATCH,UNIT_SCADA,1,"2019/09/04 16:40:00",DG_SA1,0
D,DISPATCH,UNIT_SCADA,1,"2019/09/04 16:40:00",DG_TAS1,0
D,DISPATCH,UNIT_SCADA,1,"2019/09/04 16:40:00",DG_VIC1,0
D,DISPATCH,UNIT_SCADA,1,"2019/09/04 16:40:00",DRYCGT1,0
D,DISPATCH,UNIT_SCADA,1,"2019/09/04 16:40:00",DRYCGT2,0
D,DISPATCH,UNIT_SCADA,1,"2019/09/04 16:40:00",DRYCGT3,0
D,DISPATCH,UNIT_SCADA,1,"2019/09/04 16:40:00",EILDON1,0
D,DISPATCH,UNIT_SCADA,1,"2019/09/04 16:40:00",EILDON2,0
D,DISPATCH,UNIT_SCADA,1,"2019/09/04 16:40:00",EMERASF1,44.67
D,DISPATCH,UNIT_SCADA,1,"2019/09/04 16:40:00",ER01,562.175050
D,DISPATCH,UNIT_SCADA,1,"2019/09/04 16:40:00",ER02,671.150020
D,DISPATCH,UNIT_SCADA,1,"2019/09/04 16:40:00",ER03,0
D,DISPATCH,UNIT_SCADA,1,"2019/09/04 16:40:00",ER04,671.574950
D,DISPATCH,UNIT_SCADA,1,"2019/09/04 16:40:00",FINLYSF1,0
D,DISPATCH,UNIT_SCADA,1,"2019/09/04 16:40:00",FISHER,45.87
D,DISPATCH,UNIT_SCADA,1,"2019/09/04 16:40:00",GANNBG1,0
D,DISPATCH,UNIT_SCADA,1,"2019/09/04 16:40:00",GANNBL1,21.728740
D,DISPATCH,UNIT_SCADA,1,"2019/09/04 16:40:00",GANNSF1,11.70
D,DISPATCH,UNIT_SCADA,1,"2019/09/04 16:40:00",GORDON,19.279120
D,DISPATCH,UNIT_SCADA,1,"2019/09/04 16:40:00",GSTONE1,183.05
D,DISPATCH,UNIT_SCADA,1,"2019/09/04 16:40:00",GSTONE2,172.024990
D,DISPATCH,UNIT_SCADA,1,"2019/09/04 16:40:00",GSTONE3,0
D,DISPATCH,UNIT_SCADA,1,"2019/09/04 16:40:00",GSTONE4,191.45
D,DISPATCH,UNIT_SCADA,1,"2019/09/04 16:40:00",GSTONE5,181.474990
D,DISPATCH,UNIT_SCADA,1,"2019/09/04 16:40:00",GSTONE6,180.25
D,DISPATCH,UNIT_SCADA,1,"2019/09/04 16:40:00",GULLRSF1,0.604130
D,DISPATCH,UNIT_SCADA,1,"2019/09/04 16:40:00",GULLRWF1,117.4390
D,DISPATCH,UNIT_SCADA,1,"2019/09/04 16:40:00",GUNNING1,23.220420
D,DISPATCH,UNIT_SCADA,1,"2019/09/04 16:40:00",GUTHEGA,0
D,DISPATCH,UNIT_SCADA,1,"2019/09/04 16:40:00",HALLWF1,-0.46
D,DISPATCH,UNIT_SCADA,1,"2019/09/04 16:40:00",HALLWF2,-0.34
D,DISPATCH,UNIT_SCADA,1,"2019/09/04 16:40:00",HAMISF1,35.20
D,DISPATCH,UNIT_SCADA,1,"2019/09/04 16:40:00",HAUGHT11,82.513920
D,DISPATCH,UNIT_SCADA,1,"2019/09/04 16:40:00",HAYMSF1,32.8580
D,DISPATCH,UNIT_SCADA,1,"2019/09/04 16:40:00",HDWF1,21.50
D,DISPATCH,UNIT_SCADA,1,"2019/09/04 16:40:00",HDWF2,21.40
D,DISPATCH,UNIT_SCADA,1,"2019/09/04 16:40:00",HDWF3,21.90
D,DISPATCH,UNIT_SCADA,1,"2019/09/04 16:40:00",HPRG1,10.10
D,DISPATCH,UNIT_SCADA,1,"2019/09/04 16:40:00",HPRL1,0
D,DISPATCH,UNIT_SCADA,1,"2019/09/04 16:40:00",HUMENSW,0
D,DISPATCH,UNIT_SCADA,1,"2019/09/04 16:40:00",HUMEV,25.40
D,DISPATCH,UNIT_SCADA,1,"2019/09/04 16:40:00",HVGTS,0
D,DISPATCH,UNIT_SCADA,1,"2019/09/04 16:40:00",JBUTTERS,23.44
D,DISPATCH,UNIT_SCADA,1,"2019/09/04 16:40:00",JLA01,20.30
D,DISPATCH,UNIT_SCADA,1,"2019/09/04 16:40:00",JLA02,0
D,DISPATCH,UNIT_SCADA,1,"2019/09/04 16:40:00",JLA03,0
D,DISPATCH,UNIT_SCADA,1,"2019/09/04 16:40:00",JLA04,0
D,DISPATCH,UNIT_SCADA,1,"2019/09/04 16:40:00",JLB01,0
D,DISPATCH,UNIT_SCADA,1,"2019/09/04 16:40:00",JLB02,0.10
D,DISPATCH,UNIT_SCADA,1,"2019/09/04 16:40:00",JLB03,0
D,DISPATCH,UNIT_SCADA,1,"2019/09/04 16:40:00",KAREEYA1,21.46
D,DISPATCH,UNIT_SCADA,1,"2019/09/04 16:40:00",KAREEYA2,21.8275
D,DISPATCH,UNIT_SCADA,1,"2019/09/04 16:40:00",KAREEYA3,0
D,DISPATCH,UNIT_SCADA,1,"2019/09/04 16:40:00",KAREEYA4,21.64
D,DISPATCH,UNIT_SCADA,1,"2019/09/04 16:40:00",KARSF1,6.10
D,DISPATCH,UNIT_SCADA,1,"2019/09/04 16:40:00",KIATAWF1,1
D,DISPATCH,UNIT_SCADA,1,"2019/09/04 16:40:00",KPP_1,0
D,DISPATCH,UNIT_SCADA,1,"2019/09/04 16:40:00",KSP1,43.85
D,DISPATCH,UNIT_SCADA,1,"2019/09/04 16:40:00",LADBROK1,40.97
D,DISPATCH,UNIT_SCADA,1,"2019/09/04 16:40:00",LADBROK2,41.63
D,DISPATCH,UNIT_SCADA,1,"2019/09/04 16:40:00",LD01,423.787540
D,DISPATCH,UNIT_SCADA,1,"2019/09/04 16:40:00",LD02,400.706180
D,DISPATCH,UNIT_SCADA,1,"2019/09/04 16:40:00",LD03,428.212550
D,DISPATCH,UNIT_SCADA,1,"2019/09/04 16:40:00",LD04,381.206270
D,DISPATCH,UNIT_SCADA,1,"2019/09/04 16:40:00",LEM_WIL,85.275340
D,DISPATCH,UNIT_SCADA,1,"2019/09/04 16:40:00",LGAPWF1,13.06
D,DISPATCH,UNIT_SCADA,1,"2019/09/04 16:40:00",LILYSF1,57.671680
D,DISPATCH,UNIT_SCADA,1,"2019/09/04 16:40:00",LI_WY_CA,121.171560
D,DISPATCH,UNIT_SCADA,1,"2019/09/04 16:40:00",LKBONNY2,5.107290
D,DISPATCH,UNIT_SCADA,1,"2019/09/04 16:40:00",LKBONNY3,2.065410
D,DISPATCH,UNIT_SCADA,1,"2019/09/04 16:40:00",LK_ECHO,0
D,DISPATCH,UNIT_SCADA,1,"2019/09/04 16:40:00",LNGS1,0
D,DISPATCH,UNIT_SCADA,1,"2019/09/04 16:40:00",LNGS2,0
D,DISPATCH,UNIT_SCADA,1,"2019/09/04 16:40:00",LONSDALE,0
D,DISPATCH,UNIT_SCADA,1,"2019/09/04 16:40:00",LOYYB1,536.088620
D,DISPATCH,UNIT_SCADA,1,"2019/09/04 16:40:00",LOYYB2,580.074710
D,DISPATCH,UNIT_SCADA,1,"2019/09/04 16:40:00",LYA1,0
D,DISPATCH,UNIT_SCADA,1,"2019/09/04 16:40:00",LYA2,0
D,DISPATCH,UNIT_SCADA,1,"2019/09/04 16:40:00",LYA3,559
D,DISPATCH,UNIT_SCADA,1,"2019/09/04 16:40:00",LYA4,538
D,DISPATCH,UNIT_SCADA,1,"2019/09/04 16:40:00",MACARTH1,0
D,DISPATCH,UNIT_SCADA,1,"2019/09/04 16:40:00",MACKAYGT,0.2240
D,DISPATCH,UNIT_SCADA,1,"2019/09/04 16:40:00",MACKNTSH,89.220010
D,DISPATCH,UNIT_SCADA,1,"2019/09/04 16:40:00",MANSLR1,22.9270
D,DISPATCH,UNIT_SCADA,1,"2019/09/04 16:40:00",MCKAY1,0.02
D,DISPATCH,UNIT_SCADA,1,"2019/09/04 16:40:00",MEADOWBK,24.950340
D,DISPATCH,UNIT_SCADA,1,"2019/09/04 16:40:00",MERCER01,14.3790
D,DISPATCH,UNIT_SCADA,1,"2019/09/04 16:40:00",MEWF1,29.993980
D,DISPATCH,UNIT_SCADA,1,"2019/09/04 16:40:00",MINTARO,0
D,DISPATCH,UNIT_SCADA,1,"2019/09/04 16:40:00",MOREESF1,33.8060
D,DISPATCH,UNIT_SCADA,1,"2019/09/04 16:40:00",MORTLK11,259
D,DISPATCH,UNIT_SCADA,1,"2019/09/04 16:40:00",MORTLK12,0
D,DISPATCH,UNIT_SCADA,1,"2019/09/04 16:40:00",MP1,223.075010
D,DISPATCH,UNIT_SCADA,1,"2019/09/04 16:40:00",MP2,0
D,DISPATCH,UNIT_SCADA,1,"2019/09/04 16:40:00",MPP_1,373.50
D,DISPATCH,UNIT_SCADA,1,"2019/09/04 16:40:00",MPP_2,429.50
D,DISPATCH,UNIT_SCADA,1,"2019/09/04 16:40:00",MSTUART1,0
D,DISPATCH,UNIT_SCADA,1,"2019/09/04 16:40:00",MSTUART2,0
D,DISPATCH,UNIT_SCADA,1,"2019/09/04 16:40:00",MSTUART3,0
D,DISPATCH,UNIT_SCADA,1,"2019/09/04 16:40:00",MTGELWF1,15.036470
D,DISPATCH,UNIT_SCADA,1,"2019/09/04 16:40:00",MURRAY,298.898190
D,DISPATCH,UNIT_SCADA,1,"2019/09/04 16:40:00",MUSSELR1,166.20
D,DISPATCH,UNIT_SCADA,1,"2019/09/04 16:40:00",MUWAWF1,17.66
D,DISPATCH,UNIT_SCADA,1,"2019/09/04 16:40:00",NBHWF1,-0.20
D,DISPATCH,UNIT_SCADA,1,"2019/09/04 16:40:00",NPS,298.8750
D,DISPATCH,UNIT_SCADA,1,"2019/09/04 16:40:00",NUMURSF1,5.75
D,DISPATCH,UNIT_SCADA,1,"2019/09/04 16:40:00",NYNGAN1,36
D,DISPATCH,UNIT_SCADA,1,"2019/09/04 16:40:00",OAKEY1,0
D,DISPATCH,UNIT_SCADA,1,"2019/09/04 16:40:00",OAKEY1SF,12.0250
D,DISPATCH,UNIT_SCADA,1,"2019/09/04 16:40:00",OAKEY2,0
D,DISPATCH,UNIT_SCADA,1,"2019/09/04 16:40:00",OAKEY2SF,0
D,DISPATCH,UNIT_SCADA,1,"2019/09/04 16:40:00",OAKLAND1,10.30
D,DISPATCH,UNIT_SCADA,1,"2019/09/04 16:40:00",OSB-AG,176.75
D,DISPATCH,UNIT_SCADA,1,"2019/09/04 16:40:00",PARSF1,36.30
D,DISPATCH,UNIT_SCADA,1,"2019/09/04 16:40:00",POAT110,0
D,DISPATCH,UNIT_SCADA,1,"2019/09/04 16:40:00",POAT220,6.29
D,DISPATCH,UNIT_SCADA,1,"2019/09/04 16:40:00",POR01,0
D,DISPATCH,UNIT_SCADA,1,"2019/09/04 16:40:00",POR03,0
D,DISPATCH,UNIT_SCADA,1,"2019/09/04 16:40:00",PPCCGT,477.562620
D,DISPATCH,UNIT_SCADA,1,"2019/09/04 16:40:00",PTSTAN1,0
D,DISPATCH,UNIT_SCADA,1,"2019/09/04 16:40:00",PUMP1,0
D,DISPATCH,UNIT_SCADA,1,"2019/09/04 16:40:00",PUMP2,0
D,DISPATCH,UNIT_SCADA,1,"2019/09/04 16:40:00",QPS1,29
D,DISPATCH,UNIT_SCADA,1,"2019/09/04 16:40:00",QPS2,0
D,DISPATCH,UNIT_SCADA,1,"2019/09/04 16:40:00",QPS3,0
D,DISPATCH,UNIT_SCADA,1,"2019/09/04 16:40:00",QPS4,0
D,DISPATCH,UNIT_SCADA,1,"2019/09/04 16:40:00",QPS5,0
D,DISPATCH,UNIT_SCADA,1,"2019/09/04 16:40:00",REECE1,118.160010
D,DISPATCH,UNIT_SCADA,1,"2019/09/04 16:40:00",REECE2,101.52
D,DISPATCH,UNIT_SCADA,1,"2019/09/04 16:40:00",ROMA_7,0
D,DISPATCH,UNIT_SCADA,1,"2019/09/04 16:40:00",ROMA_8,0
D,DISPATCH,UNIT_SCADA,1,"2019/09/04 16:40:00",RRSF1,71.892130
D,DISPATCH,UNIT_SCADA,1,"2019/09/04 16:40:00",RT_NSW1,0
D,DISPATCH,UNIT_SCADA,1,"2019/09/04 16:40:00",RT_NSW2,0
D,DISPATCH,UNIT_SCADA,1,"2019/09/04 16:40:00",RT_NSW3,0
D,DISPATCH,UNIT_SCADA,1,"2019/09/04 16:40:00",RT_NSW4,0
D,DISPATCH,UNIT_SCADA,1,"2019/09/04 16:40:00",RT_NSW5,0
D,DISPATCH,UNIT_SCADA,1,"2019/09/04 16:40:00",RT_NSW6,0
D,DISPATCH,UNIT_SCADA,1,"2019/09/04 16:40:00",RT_QLD1,0
D,DISPATCH,UNIT_SCADA,1,"2019/09/04 16:40:00",RT_SA1,0
D,DISPATCH,UNIT_SCADA,1,"2019/09/04 16:40:00",RT_SA2,0
D,DISPATCH,UNIT_SCADA,1,"2019/09/04 16:40:00",RT_SA3,0
D,DISPATCH,UNIT_SCADA,1,"2019/09/04 16:40:00",RT_SA4,0
D,DISPATCH,UNIT_SCADA,1,"2019/09/04 16:40:00",RT_SA5,0
D,DISPATCH,UNIT_SCADA,1,"2019/09/04 16:40:00",RT_SA6,0
D,DISPATCH,UNIT_SCADA,1,"2019/09/04 16:40:00",RT_TAS1,0
D,DISPATCH,UNIT_SCADA,1,"2019/09/04 16:40:00",RT_VIC1,0
D,DISPATCH,UNIT_SCADA,1,"2019/09/04 16:40:00",RT_VIC10,0
D,DISPATCH,UNIT_SCADA,1,"2019/09/04 16:40:00",RT_VIC11,0
D,DISPATCH,UNIT_SCADA,1,"2019/09/04 16:40:00",RT_VIC12,0
D,DISPATCH,UNIT_SCADA,1,"2019/09/04 16:40:00",RT_VIC2,0
D,DISPATCH,UNIT_SCADA,1,"2019/09/04 16:40:00",RT_VIC3,0
D,DISPATCH,UNIT_SCADA,1,"2019/09/04 16:40:00",RT_VIC4,0
D,DISPATCH,UNIT_SCADA,1,"2019/09/04 16:40:00",RT_VIC5,0
D,DISPATCH,UNIT_SCADA,1,"2019/09/04 16:40:00",RT_VIC6,0
D,DISPATCH,UNIT_SCADA,1,"2019/09/04 16:40:00",RT_VIC7,0
D,DISPATCH,UNIT_SCADA,1,"2019/09/04 16:40:00",RT_VIC8,0
D,DISPATCH,UNIT_SCADA,1,"2019/09/04 16:40:00",RT_VIC9,0
D,DISPATCH,UNIT_SCADA,1,"2019/09/04 16:40:00",RUGBYR1,51.398650
D,DISPATCH,UNIT_SCADA,1,"2019/09/04 16:40:00",SALTCRK1,6.62
D,DISPATCH,UNIT_SCADA,1,"2019/09/04 16:40:00",SAPHWF1,174.618740
D,DISPATCH,UNIT_SCADA,1,"2019/09/04 16:40:00",SHGEN,0
D,DISPATCH,UNIT_SCADA,1,"2019/09/04 16:40:00",SHPUMP,0
D,DISPATCH,UNIT_SCADA,1,"2019/09/04 16:40:00",SITHE01,0.1840
D,DISPATCH,UNIT_SCADA,1,"2019/09/04 16:40:00",SMCSF1,34.1717
D,DISPATCH,UNIT_SCADA,1,"2019/09/04 16:40:00",SNOWNTH1,0
D,DISPATCH,UNIT_SCADA,1,"2019/09/04 16:40:00",SNOWSTH1,0.30
D,DISPATCH,UNIT_SCADA,1,"2019/09/04 16:40:00",SNOWTWN1,-0.498140
D,DISPATCH,UNIT_SCADA,1,"2019/09/04 16:40:00",SNOWYP,0
D,DISPATCH,UNIT_SCADA,1,"2019/09/04 16:40:00",SNUG1,0.019440
D,DISPATCH,UNIT_SCADA,1,"2019/09/04 16:40:00",SRSF1,24.21
D,DISPATCH,UNIT_SCADA,1,"2019/09/04 16:40:00",STAN-1,216.543910
D,DISPATCH,UNIT_SCADA,1,"2019/09/04 16:40:00",STAN-2,321.8934
D,DISPATCH,UNIT_SCADA,1,"2019/09/04 16:40:00",STAN-3,320.778260
D,DISPATCH,UNIT_SCADA,1,"2019/09/04 16:40:00",STAN-4,321.098690
D,DISPATCH,UNIT_SCADA,1,"2019/09/04 16:40:00",STWF1,29.036250
D,DISPATCH,UNIT_SCADA,1,"2019/09/04 16:40:00",SWAN_E,0
D,DISPATCH,UNIT_SCADA,1,"2019/09/04 16:40:00",TALWA1,413
D,DISPATCH,UNIT_SCADA,1,"2019/09/04 16:40:00",TARALGA1,83.261250
D,DISPATCH,UNIT_SCADA,1,"2019/09/04 16:40:00",TARONG#1,344.300020
D,DISPATCH,UNIT_SCADA,1,"2019/09/04 16:40:00",TARONG#2,0
D,DISPATCH,UNIT_SCADA,1,"2019/09/04 16:40:00",TARONG#3,350
D,DISPATCH,UNIT_SCADA,1,"2019/09/04 16:40:00",TARONG#4,348.800020
D,DISPATCH,UNIT_SCADA,1,"2019/09/04 16:40:00",TARRALEA,74
D,DISPATCH,UNIT_SCADA,1,"2019/09/04 16:40:00",TBSF1,3.50
D,DISPATCH,UNIT_SCADA,1,"2019/09/04 16:40:00",TNPS1,380.500030
D,DISPATCH,UNIT_SCADA,1,"2019/09/04 16:40:00",TORRA1,92.411320
D,DISPATCH,UNIT_SCADA,1,"2019/09/04 16:40:00",TORRA2,0
D,DISPATCH,UNIT_SCADA,1,"2019/09/04 16:40:00",TORRA3,0
D,DISPATCH,UNIT_SCADA,1,"2019/09/04 16:40:00",TORRA4,81.289180
D,DISPATCH,UNIT_SCADA,1,"2019/09/04 16:40:00",TORRB1,161.73
D,DISPATCH,UNIT_SCADA,1,"2019/09/04 16:40:00",TORRB2,171.509990
D,DISPATCH,UNIT_SCADA,1,"2019/09/04 16:40:00",TORRB3,172.789990
D,DISPATCH,UNIT_SCADA,1,"2019/09/04 16:40:00",TORRB4,0
D,DISPATCH,UNIT_SCADA,1,"2019/09/04 16:40:00",TREVALLN,45.800020
D,DISPATCH,UNIT_SCADA,1,"2019/09/04 16:40:00",TRIBUTE,0
D,DISPATCH,UNIT_SCADA,1,"2019/09/04 16:40:00",TUMUT3,0
D,DISPATCH,UNIT_SCADA,1,"2019/09/04 16:40:00",TUNGATIN,22.30
D,DISPATCH,UNIT_SCADA,1,"2019/09/04 16:40:00",TVCC201,0
D,DISPATCH,UNIT_SCADA,1,"2019/09/04 16:40:00",TVPP104,0
D,DISPATCH,UNIT_SCADA,1,"2019/09/04 16:40:00",UPPTUMUT,411.828370
D,DISPATCH,UNIT_SCADA,1,"2019/09/04 16:40:00",URANQ11,0
D,DISPATCH,UNIT_SCADA,1,"2019/09/04 16:40:00",URANQ12,0
D,DISPATCH,UNIT_SCADA,1,"2019/09/04 16:40:00",URANQ13,160.225010
D,DISPATCH,UNIT_SCADA,1,"2019/09/04 16:40:00",URANQ14,0
D,DISPATCH,UNIT_SCADA,1,"2019/09/04 16:40:00",VP5,624.75
D,DISPATCH,UNIT_SCADA,1,"2019/09/04 16:40:00",VP6,0
D,DISPATCH,UNIT_SCADA,1,"2019/09/04 16:40:00",VPGS1,0
D,DISPATCH,UNIT_SCADA,1,"2019/09/04 16:40:00",VPGS2,0
D,DISPATCH,UNIT_SCADA,1,"2019/09/04 16:40:00",VPGS3,0
D,DISPATCH,UNIT_SCADA,1,"2019/09/04 16:40:00",VPGS4,0
D,DISPATCH,UNIT_SCADA,1,"2019/09/04 16:40:00",VPGS5,0
D,DISPATCH,UNIT_SCADA,1,"2019/09/04 16:40:00",VPGS6,0
D,DISPATCH,UNIT_SCADA,1,"2019/09/04 16:40:00",W/HOE#1,0
D,DISPATCH,UNIT_SCADA,1,"2019/09/04 16:40:00",W/HOE#2,0
D,DISPATCH,UNIT_SCADA,1,"2019/09/04 16:40:00",WATERLWF,-0.30
D,DISPATCH,UNIT_SCADA,1,"2019/09/04 16:40:00",WEMENSF1,9.80
D,DISPATCH,UNIT_SCADA,1,"2019/09/04 16:40:00",WGWF1,2
D,DISPATCH,UNIT_SCADA,1,"2019/09/04 16:40:00",WHITSF1,33.60
D,DISPATCH,UNIT_SCADA,1,"2019/09/04 16:40:00",WKIEWA1,13.20
D,DISPATCH,UNIT_SCADA,1,"2019/09/04 16:40:00",WKIEWA2,0.10
D,DISPATCH,UNIT_SCADA,1,"2019/09/04 16:40:00",WOODLWN1,36.63
D,DISPATCH,UNIT_SCADA,1,"2019/09/04 16:40:00",WRSF1,4.80
D,DISPATCH,UNIT_SCADA,1,"2019/09/04 16:40:00",WRWF1,104.421230
D,DISPATCH,UNIT_SCADA,1,"2019/09/04 16:40:00",YABULU,0
D,DISPATCH,UNIT_SCADA,1,"2019/09/04 16:40:00",YABULU2,0
D,DISPATCH,UNIT_SCADA,1,"2019/09/04 16:40:00",YARWUN_1,129.849990
D,DISPATCH,UNIT_SCADA,1,"2019/09/04 16:40:00",YENDWF1,18.07
D,DISPATCH,UNIT_SCADA,1,"2019/09/04 16:40:00",YWPS1,382.455690
D,DISPATCH,UNIT_SCADA,1,"2019/09/04 16:40:00",YWPS2,287.465820
D,DISPATCH,UNIT_SCADA,1,"2019/09/04 16:40:00",YWPS3,363.905060
D,DISPATCH,UNIT_SCADA,1,"2019/09/04 16:40:00",YWPS4,389.874690
C,"END OF REPORT",335
