C,NEMP.WORLD,DISPATCHSCADA,AEMO,PUBLIC,2019/08/22,04:35:10,0000000311853041,DISPATCHSCADA,0000000311853035
I,DISPATCH,UNIT_SCADA,1,SETTLEMENTDATE,DUID,SCADAVALUE
D,DISPATCH,UNIT_SCADA,1,"2019/08/22 04:40:00",BARCSF1,0.70
D,DISPATCH,UNIT_SCADA,1,"2019/08/22 04:40:00",BUTLERSG,9.699999
D,DISPATCH,UNIT_SCADA,1,"2019/08/22 04:40:00",CALL_A_4,0
D,DISPATCH,UNIT_SCADA,1,"2019/08/22 04:40:00",CAPTL_WF,127.271996
D,DISPATCH,UNIT_SCADA,1,"2019/08/22 04:40:00",CATHROCK,6.68
D,DISPATCH,UNIT_SCADA,1,"2019/08/22 04:40:00",CHALLHWF,44.900002
D,DISPATCH,UNIT_SCADA,1,"2019/08/22 04:40:00",CLOVER,-0.02
D,DISPATCH,UNIT_SCADA,1,"2019/08/22 04:40:00",CLUNY,19.878691
D,DISPATCH,UNIT_SCADA,1,"2019/08/22 04:40:00",CNUNDAWF,41.448349
D,DISPATCH,UNIT_SCADA,1,"2019/08/22 04:40:00",CULLRGWF,30.35
D,DISPATCH,UNIT_SCADA,1,"2019/08/22 04:40:00",ERGT01,0
D,DISPATCH,UNIT_SCADA,1,"2019/08/22 04:40:00",GB01,0.061752
D,DISPATCH,UNIT_SCADA,1,"2019/08/22 04:40:00",GERMCRK,34.200001
D,DISPATCH,UNIT_SCADA,1,"2019/08/22 04:40:00",GRIFSF1,0
D,DISPATCH,UNIT_SCADA,1,"2019/08/22 04:40:00",HUGSF1,-0.2430
D,DISPATCH,UNIT_SCADA,1,"2019/08/22 04:40:00",LKBONNY1,69.214760
D,DISPATCH,UNIT_SCADA,1,"2019/08/22 04:40:00",LRSF1,0.0390
D,DISPATCH,UNIT_SCADA,1,"2019/08/22 04:40:00",MBAHNTH,56.025009
D,DISPATCH,UNIT_SCADA,1,"2019/08/22 04:40:00",MLSP1,0.271001
D,DISPATCH,UNIT_SCADA,1,"2019/08/22 04:40:00",MLWF1,19.68
D,DISPATCH,UNIT_SCADA,1,"2019/08/22 04:40:00",MTMILLAR,19.488794
D,DISPATCH,UNIT_SCADA,1,"2019/08/22 04:40:00",PALOONA,8.63
D,DISPATCH,UNIT_SCADA,1,"2019/08/22 04:40:00",PIONEER,49.799999
D,DISPATCH,UNIT_SCADA,1,"2019/08/22 04:40:00",PORTWF,107.599998
D,DISPATCH,UNIT_SCADA,1,"2019/08/22 04:40:00",REPULSE,0.000610
D,DISPATCH,UNIT_SCADA,1,"2019/08/22 04:40:00",ROWALLAN,10.4299
D,DISPATCH,UNIT_SCADA,1,"2019/08/22 04:40:00",ROYALLA1,0
D,DISPATCH,UNIT_SCADA,1,"2019/08/22 04:40:00",RPCG,11.40
D,DISPATCH,UNIT_SCADA,1,"2019/08/22 04:40:00",RUBICON,0
D,DISPATCH,UNIT_SCADA,1,"2019/08/22 04:40:00",SATGN1,0
D,DISPATCH,UNIT_SCADA,1,"2019/08/22 04:40:00",SATGS1,0
D,DISPATCH,UNIT_SCADA,1,"2019/08/22 04:40:00",STARHLWF,4.398717
D,DISPATCH,UNIT_SCADA,1,"2019/08/22 04:40:00",WAUBRAWF,175.649002
D,DISPATCH,UNIT_SCADA,1,"2019/08/22 04:40:00",WOOLNTH1,98.820023
D,DISPATCH,UNIT_SCADA,1,"2019/08/22 04:40:00",WPWF,17
D,DISPATCH,UNIT_SCADA,1,"2019/08/22 04:40:00",YAMBUKWF,27.799999
D,DISPATCH,UNIT_SCADA,1,"2019/08/22 04:40:00",YSWF1,28.299999
D,DISPATCH,UNIT_SCADA,1,"2019/08/22 04:40:00",AGLHAL,0
D,DISPATCH,UNIT_SCADA,1,"2019/08/22 04:40:00",AGLSOM,0
D,DISPATCH,UNIT_SCADA,1,"2019/08/22 04:40:00",ANGAST1,0
D,DISPATCH,UNIT_SCADA,1,"2019/08/22 04:40:00",ARWF1,222.30
D,DISPATCH,UNIT_SCADA,1,"2019/08/22 04:40:00",BALBG1,0
D,DISPATCH,UNIT_SCADA,1,"2019/08/22 04:40:00",BALBL1,0
D,DISPATCH,UNIT_SCADA,1,"2019/08/22 04:40:00",BALDHWF1,97.268010
D,DISPATCH,UNIT_SCADA,1,"2019/08/22 04:40:00",BANN1,0
D,DISPATCH,UNIT_SCADA,1,"2019/08/22 04:40:00",BARCALDN,0
D,DISPATCH,UNIT_SCADA,1,"2019/08/22 04:40:00",BARRON-1,0
D,DISPATCH,UNIT_SCADA,1,"2019/08/22 04:40:00",BARRON-2,25.44
D,DISPATCH,UNIT_SCADA,1,"2019/08/22 04:40:00",BASTYAN,78.210010
D,DISPATCH,UNIT_SCADA,1,"2019/08/22 04:40:00",BBTHREE1,-1.88
D,DISPATCH,UNIT_SCADA,1,"2019/08/22 04:40:00",BBTHREE2,-1.93
D,DISPATCH,UNIT_SCADA,1,"2019/08/22 04:40:00",BBTHREE3,-1.02
D,DISPATCH,UNIT_SCADA,1,"2019/08/22 04:40:00",BDL01,0
D,DISPATCH,UNIT_SCADA,1,"2019/08/22 04:40:00",BDL02,0
D,DISPATCH,UNIT_SCADA,1,"2019/08/22 04:40:00",BERYLSF1,0
D,DISPATCH,UNIT_SCADA,1,"2019/08/22 04:40:00",BLOWERNG,0
D,DISPATCH,UNIT_SCADA,1,"2019/08/22 04:40:00",BLUFF1,32.40
D,DISPATCH,UNIT_SCADA,1,"2019/08/22 04:40:00",BNGSF1,0
D,DISPATCH,UNIT_SCADA,1,"2019/08/22 04:40:00",BNGSF2,0
D,DISPATCH,UNIT_SCADA,1,"2019/08/22 04:40:00",BOCORWF1,111.15
D,DISPATCH,UNIT_SCADA,1,"2019/08/22 04:40:00",BODWF1,99.753430
D,DISPATCH,UNIT_SCADA,1,"2019/08/22 04:40:00",BRAEMAR1,0
D,DISPATCH,UNIT_SCADA,1,"2019/08/22 04:40:00",BRAEMAR2,0
D,DISPATCH,UNIT_SCADA,1,"2019/08/22 04:40:00",BRAEMAR3,0
D,DISPATCH,UNIT_SCADA,1,"2019/08/22 04:40:00",BRAEMAR5,0
D,DISPATCH,UNIT_SCADA,1,"2019/08/22 04:40:00",BRAEMAR6,0
D,DISPATCH,UNIT_SCADA,1,"2019/08/22 04:40:00",BRAEMAR7,0
D,DISPATCH,UNIT_SCADA,1,"2019/08/22 04:40:00",BROKENH1,0
D,DISPATCH,UNIT_SCADA,1,"2019/08/22 04:40:00",BW01,352.1499
D,DISPATCH,UNIT_SCADA,1,"2019/08/22 04:40:00",BW02,409.6250
D,DISPATCH,UNIT_SCADA,1,"2019/08/22 04:40:00",BW03,456.775020
D,DISPATCH,UNIT_SCADA,1,"2019/08/22 04:40:00",BW04,0
D,DISPATCH,UNIT_SCADA,1,"2019/08/22 04:40:00",CALL_B_1,349.700010
D,DISPATCH,UNIT_SCADA,1,"2019/08/22 04:40:00",CALL_B_2,290.200010
D,DISPATCH,UNIT_SCADA,1,"2019/08/22 04:40:00",CETHANA,98.244380
D,DISPATCH,UNIT_SCADA,1,"2019/08/22 04:40:00",CG1,0
D,DISPATCH,UNIT_SCADA,1,"2019/08/22 04:40:00",CG2,0
D,DISPATCH,UNIT_SCADA,1,"2019/08/22 04:40:00",CG3,0
D,DISPATCH,UNIT_SCADA,1,"2019/08/22 04:40:00",CG4,0
D,DISPATCH,UNIT_SCADA,1,"2019/08/22 04:40:00",CHILDSF1,0.01
D,DISPATCH,UNIT_SCADA,1,"2019/08/22 04:40:00",CLARESF1,0
D,DISPATCH,UNIT_SCADA,1,"2019/08/22 04:40:00",CLEMGPWF,12.9663
D,DISPATCH,UNIT_SCADA,1,"2019/08/22 04:40:00",CLERMSF1,0
D,DISPATCH,UNIT_SCADA,1,"2019/08/22 04:40:00",COLEASF1,0
D,DISPATCH,UNIT_SCADA,1,"2019/08/22 04:40:00",COOPGWF1,35.298350
D,DISPATCH,UNIT_SCADA,1,"2019/08/22 04:40:00",CPP_3,382.524990
D,DISPATCH,UNIT_SCADA,1,"2019/08/22 04:40:00",CPP_4,380.325010
D,DISPATCH,UNIT_SCADA,1,"2019/08/22 04:40:00",CPSA,141.948760
D,DISPATCH,UNIT_SCADA,1,"2019/08/22 04:40:00",CROOKWF2,24.046250
D,DISPATCH,UNIT_SCADA,1,"2019/08/22 04:40:00",CROWLWF1,48.488450
D,DISPATCH,UNIT_SCADA,1,"2019/08/22 04:40:00",CSPVPS1,0.0430
D,DISPATCH,UNIT_SCADA,1,"2019/08/22 04:40:00",DALNTH01,0
D,DISPATCH,UNIT_SCADA,1,"2019/08/22 04:40:00",DALNTHL1,0.001530
D,DISPATCH,UNIT_SCADA,1,"2019/08/22 04:40:00",DARTM1,0
D,DISPATCH,UNIT_SCADA,1,"2019/08/22 04:40:00",DAYDSF1,0
D,DISPATCH,UNIT_SCADA,1,"2019/08/22 04:40:00",DDPS1,0
D,DISPATCH,UNIT_SCADA,1,"2019/08/22 04:40:00",DDSF1,0
D,DISPATCH,UNIT_SCADA,1,"2019/08/22 04:40:00",DEVILS_G,0
D,DISPATCH,UNIT_SCADA,1,"2019/08/22 04:40:00",DG_NSW1,0
D,DISPATCH,UNIT_SCADA,1,"2019/08/22 04:40:00",DG_QLD1,0
D,DISPATCH,UNIT_SCADA,1,"2019/08/22 04:40:00",DG_SA1,0
D,DISPATCH,UNIT_SCADA,1,"2019/08/22 04:40:00",DG_TAS1,0
D,DISPATCH,UNIT_SCADA,1,"2019/08/22 04:40:00",DG_VIC1,0
D,DISPATCH,UNIT_SCADA,1,"2019/08/22 04:40:00",DRYCGT1,0
D,DISPATCH,UNIT_SCADA,1,"2019/08/22 04:40:00",DRYCGT2,0
D,DISPATCH,UNIT_SCADA,1,"2019/08/22 04:40:00",DRYCGT3,0
D,DISPATCH,UNIT_SCADA,1,"2019/08/22 04:40:00",EILDON1,0
D,DISPATCH,UNIT_SCADA,1,"2019/08/22 04:40:00",EILDON2,0
D,DISPATCH,UNIT_SCADA,1,"2019/08/22 04:40:00",EMERASF1,0
D,DISPATCH,UNIT_SCADA,1,"2019/08/22 04:40:00",ER01,298.425050
D,DISPATCH,UNIT_SCADA,1,"2019/08/22 04:40:00",ER02,304.525020
D,DISPATCH,UNIT_SCADA,1,"2019/08/22 04:40:00",ER03,379.699950
D,DISPATCH,UNIT_SCADA,1,"2019/08/22 04:40:00",ER04,304.525020
D,DISPATCH,UNIT_SCADA,1,"2019/08/22 04:40:00",FINLYSF1,0
D,DISPATCH,UNIT_SCADA,1,"2019/08/22 04:40:00",FISHER,46
D,DISPATCH,UNIT_SCADA,1,"2019/08/22 04:40:00",GANNBG1,0
D,DISPATCH,UNIT_SCADA,1,"2019/08/22 04:40:00",GANNBL1,10.010730
D,DISPATCH,UNIT_SCADA,1,"2019/08/22 04:40:00",GANNSF1,0
D,DISPATCH,UNIT_SCADA,1,"2019/08/22 04:40:00",GORDON,18.019680
D,DISPATCH,UNIT_SCADA,1,"2019/08/22 04:40:00",GSTONE1,131.774990
D,DISPATCH,UNIT_SCADA,1,"2019/08/22 04:40:00",GSTONE2,130.20
D,DISPATCH,UNIT_SCADA,1,"2019/08/22 04:40:00",GSTONE3,131.95
D,DISPATCH,UNIT_SCADA,1,"2019/08/22 04:40:00",GSTONE4,133.1750
D,DISPATCH,UNIT_SCADA,1,"2019/08/22 04:40:00",GSTONE5,132.30
D,DISPATCH,UNIT_SCADA,1,"2019/08/22 04:40:00",GSTONE6,0
D,DISPATCH,UNIT_SCADA,1,"2019/08/22 04:40:00",GULLRSF1,0
D,DISPATCH,UNIT_SCADA,1,"2019/08/22 04:40:00",GULLRWF1,149.847560
D,DISPATCH,UNIT_SCADA,1,"2019/08/22 04:40:00",GUNNING1,46.652360
D,DISPATCH,UNIT_SCADA,1,"2019/08/22 04:40:00",GUTHEGA,0
D,DISPATCH,UNIT_SCADA,1,"2019/08/22 04:40:00",HALLWF1,79.04
D,DISPATCH,UNIT_SCADA,1,"2019/08/22 04:40:00",HALLWF2,59.46
D,DISPATCH,UNIT_SCADA,1,"2019/08/22 04:40:00",HAMISF1,0
D,DISPATCH,UNIT_SCADA,1,"2019/08/22 04:40:00",HAUGHT11,0
D,DISPATCH,UNIT_SCADA,1,"2019/08/22 04:40:00",HAYMSF1,0
D,DISPATCH,UNIT_SCADA,1,"2019/08/22 04:40:00",HDWF1,46.30
D,DISPATCH,UNIT_SCADA,1,"2019/08/22 04:40:00",HDWF2,51.30
D,DISPATCH,UNIT_SCADA,1,"2019/08/22 04:40:00",HDWF3,54.80
D,DISPATCH,UNIT_SCADA,1,"2019/08/22 04:40:00",HPRG1,0
D,DISPATCH,UNIT_SCADA,1,"2019/08/22 04:40:00",HPRL1,39.60
D,DISPATCH,UNIT_SCADA,1,"2019/08/22 04:40:00",HUMENSW,0
D,DISPATCH,UNIT_SCADA,1,"2019/08/22 04:40:00",HUMEV,11.40
D,DISPATCH,UNIT_SCADA,1,"2019/08/22 04:40:00",HVGTS,0
D,DISPATCH,UNIT_SCADA,1,"2019/08/22 04:40:00",JBUTTERS,133.70
D,DISPATCH,UNIT_SCADA,1,"2019/08/22 04:40:00",JLA01,0.50
D,DISPATCH,UNIT_SCADA,1,"2019/08/22 04:40:00",JLA02,0
D,DISPATCH,UNIT_SCADA,1,"2019/08/22 04:40:00",JLA03,0.10
D,DISPATCH,UNIT_SCADA,1,"2019/08/22 04:40:00",JLA04,0.10
D,DISPATCH,UNIT_SCADA,1,"2019/08/22 04:40:00",JLB01,0
D,DISPATCH,UNIT_SCADA,1,"2019/08/22 04:40:00",JLB02,0.10
D,DISPATCH,UNIT_SCADA,1,"2019/08/22 04:40:00",JLB03,0
D,DISPATCH,UNIT_SCADA,1,"2019/08/22 04:40:00",KAREEYA1,21.5150
D,DISPATCH,UNIT_SCADA,1,"2019/08/22 04:40:00",KAREEYA2,21.5325
D,DISPATCH,UNIT_SCADA,1,"2019/08/22 04:40:00",KAREEYA3,0
D,DISPATCH,UNIT_SCADA,1,"2019/08/22 04:40:00",KAREEYA4,21.7225
D,DISPATCH,UNIT_SCADA,1,"2019/08/22 04:40:00",KARSF1,0
D,DISPATCH,UNIT_SCADA,1,"2019/08/22 04:40:00",KIATAWF1,25.50
D,DISPATCH,UNIT_SCADA,1,"2019/08/22 04:40:00",KPP_1,0
D,DISPATCH,UNIT_SCADA,1,"2019/08/22 04:40:00",KSP1,0
D,DISPATCH,UNIT_SCADA,1,"2019/08/22 04:40:00",LADBROK1,0
D,DISPATCH,UNIT_SCADA,1,"2019/08/22 04:40:00",LADBROK2,0
D,DISPATCH,UNIT_SCADA,1,"2019/08/22 04:40:00",LD01,351.2438
D,DISPATCH,UNIT_SCADA,1,"2019/08/22 04:40:00",LD02,298.162540
D,DISPATCH,UNIT_SCADA,1,"2019/08/22 04:40:00",LD03,316.499970
D,DISPATCH,UNIT_SCADA,1,"2019/08/22 04:40:00",LD04,348.3750
D,DISPATCH,UNIT_SCADA,1,"2019/08/22 04:40:00",LEM_WIL,86.261150
D,DISPATCH,UNIT_SCADA,1,"2019/08/22 04:40:00",LGAPWF1,12.09
D,DISPATCH,UNIT_SCADA,1,"2019/08/22 04:40:00",LILYSF1,0
D,DISPATCH,UNIT_SCADA,1,"2019/08/22 04:40:00",LI_WY_CA,148.500810
D,DISPATCH,UNIT_SCADA,1,"2019/08/22 04:40:00",LKBONNY2,150.223250
D,DISPATCH,UNIT_SCADA,1,"2019/08/22 04:40:00",LKBONNY3,34.721290
D,DISPATCH,UNIT_SCADA,1,"2019/08/22 04:40:00",LK_ECHO,0
D,DISPATCH,UNIT_SCADA,1,"2019/08/22 04:40:00",LNGS1,0
D,DISPATCH,UNIT_SCADA,1,"2019/08/22 04:40:00",LNGS2,0
D,DISPATCH,UNIT_SCADA,1,"2019/08/22 04:40:00",LONSDALE,0
D,DISPATCH,UNIT_SCADA,1,"2019/08/22 04:40:00",LOYYB1,536.464540
D,DISPATCH,UNIT_SCADA,1,"2019/08/22 04:40:00",LOYYB2,584.210140
D,DISPATCH,UNIT_SCADA,1,"2019/08/22 04:40:00",LYA1,530
D,DISPATCH,UNIT_SCADA,1,"2019/08/22 04:40:00",LYA2,0
D,DISPATCH,UNIT_SCADA,1,"2019/08/22 04:40:00",LYA3,528
D,DISPATCH,UNIT_SCADA,1,"2019/08/22 04:40:00",LYA4,520
D,DISPATCH,UNIT_SCADA,1,"2019/08/22 04:40:00",MACARTH1,270.993740
D,DISPATCH,UNIT_SCADA,1,"2019/08/22 04:40:00",MACKAYGT,0
D,DISPATCH,UNIT_SCADA,1,"2019/08/22 04:40:00",MACKNTSH,86.490010
D,DISPATCH,UNIT_SCADA,1,"2019/08/22 04:40:00",MANSLR1,0
D,DISPATCH,UNIT_SCADA,1,"2019/08/22 04:40:00",MCKAY1,0.02
D,DISPATCH,UNIT_SCADA,1,"2019/08/22 04:40:00",MEADOWBK,33.924460
D,DISPATCH,UNIT_SCADA,1,"2019/08/22 04:40:00",MERCER01,124.6290
D,DISPATCH,UNIT_SCADA,1,"2019/08/22 04:40:00",MEWF1,66.906110
D,DISPATCH,UNIT_SCADA,1,"2019/08/22 04:40:00",MINTARO,0
D,DISPATCH,UNIT_SCADA,1,"2019/08/22 04:40:00",MOREESF1,0
D,DISPATCH,UNIT_SCADA,1,"2019/08/22 04:40:00",MORTLK11,0
D,DISPATCH,UNIT_SCADA,1,"2019/08/22 04:40:00",MORTLK12,0
D,DISPATCH,UNIT_SCADA,1,"2019/08/22 04:40:00",MP1,280.074950
D,DISPATCH,UNIT_SCADA,1,"2019/08/22 04:40:00",MP2,0
D,DISPATCH,UNIT_SCADA,1,"2019/08/22 04:40:00",MPP_1,410
D,DISPATCH,UNIT_SCADA,1,"2019/08/22 04:40:00",MPP_2,410.50
D,DISPATCH,UNIT_SCADA,1,"2019/08/22 04:40:00",MSTUART1,0
D,DISPATCH,UNIT_SCADA,1,"2019/08/22 04:40:00",MSTUART2,0
D,DISPATCH,UNIT_SCADA,1,"2019/08/22 04:40:00",MSTUART3,0
D,DISPATCH,UNIT_SCADA,1,"2019/08/22 04:40:00",MTGELWF1,64.639720
D,DISPATCH,UNIT_SCADA,1,"2019/08/22 04:40:00",MURRAY,0
D,DISPATCH,UNIT_SCADA,1,"2019/08/22 04:40:00",MUSSELR1,137.600010
D,DISPATCH,UNIT_SCADA,1,"2019/08/22 04:40:00",MUWAWF1,55.20
D,DISPATCH,UNIT_SCADA,1,"2019/08/22 04:40:00",NBHWF1,90.399990
D,DISPATCH,UNIT_SCADA,1,"2019/08/22 04:40:00",NPS,0
D,DISPATCH,UNIT_SCADA,1,"2019/08/22 04:40:00",NUMURSF1,0
D,DISPATCH,UNIT_SCADA,1,"2019/08/22 04:40:00",NYNGAN1,0
D,DISPATCH,UNIT_SCADA,1,"2019/08/22 04:40:00",OAKEY1,0
D,DISPATCH,UNIT_SCADA,1,"2019/08/22 04:40:00",OAKEY1SF,0
D,DISPATCH,UNIT_SCADA,1,"2019/08/22 04:40:00",OAKEY2,0
D,DISPATCH,UNIT_SCADA,1,"2019/08/22 04:40:00",OAKLAND1,61.20
D,DISPATCH,UNIT_SCADA,1,"2019/08/22 04:40:00",OSB-AG,0
D,DISPATCH,UNIT_SCADA,1,"2019/08/22 04:40:00",PARSF1,0
D,DISPATCH,UNIT_SCADA,1,"2019/08/22 04:40:00",POAT110,0
D,DISPATCH,UNIT_SCADA,1,"2019/08/22 04:40:00",POAT220,2.22
D,DISPATCH,UNIT_SCADA,1,"2019/08/22 04:40:00",POR01,0
D,DISPATCH,UNIT_SCADA,1,"2019/08/22 04:40:00",POR03,0
D,DISPATCH,UNIT_SCADA,1,"2019/08/22 04:40:00",PPCCGT,172.8811
D,DISPATCH,UNIT_SCADA,1,"2019/08/22 04:40:00",PTSTAN1,0
D,DISPATCH,UNIT_SCADA,1,"2019/08/22 04:40:00",PUMP1,0
D,DISPATCH,UNIT_SCADA,1,"2019/08/22 04:40:00",PUMP2,0
D,DISPATCH,UNIT_SCADA,1,"2019/08/22 04:40:00",QPS1,0
D,DISPATCH,UNIT_SCADA,1,"2019/08/22 04:40:00",QPS2,0
D,DISPATCH,UNIT_SCADA,1,"2019/08/22 04:40:00",QPS3,0
D,DISPATCH,UNIT_SCADA,1,"2019/08/22 04:40:00",QPS4,0
D,DISPATCH,UNIT_SCADA,1,"2019/08/22 04:40:00",QPS5,0
D,DISPATCH,UNIT_SCADA,1,"2019/08/22 04:40:00",REECE1,118.720010
D,DISPATCH,UNIT_SCADA,1,"2019/08/22 04:40:00",REECE2,118.790010
D,DISPATCH,UNIT_SCADA,1,"2019/08/22 04:40:00",ROMA_7,0
D,DISPATCH,UNIT_SCADA,1,"2019/08/22 04:40:00",ROMA_8,0
D,DISPATCH,UNIT_SCADA,1,"2019/08/22 04:40:00",RRSF1,0
D,DISPATCH,UNIT_SCADA,1,"2019/08/22 04:40:00",RT_NSW1,0
D,DISPATCH,UNIT_SCADA,1,"2019/08/22 04:40:00",RT_NSW2,0
D,DISPATCH,UNIT_SCADA,1,"2019/08/22 04:40:00",RT_NSW3,0
D,DISPATCH,UNIT_SCADA,1,"2019/08/22 04:40:00",RT_NSW4,0
D,DISPATCH,UNIT_SCADA,1,"2019/08/22 04:40:00",RT_NSW5,0
D,DISPATCH,UNIT_SCADA,1,"2019/08/22 04:40:00",RT_NSW6,0
D,DISPATCH,UNIT_SCADA,1,"2019/08/22 04:40:00",RT_QLD1,0
D,DISPATCH,UNIT_SCADA,1,"2019/08/22 04:40:00",RT_SA1,0
D,DISPATCH,UNIT_SCADA,1,"2019/08/22 04:40:00",RT_SA2,0
D,DISPATCH,UNIT_SCADA,1,"2019/08/22 04:40:00",RT_SA3,0
D,DISPATCH,UNIT_SCADA,1,"2019/08/22 04:40:00",RT_SA4,0
D,DISPATCH,UNIT_SCADA,1,"2019/08/22 04:40:00",RT_SA5,0
D,DISPATCH,UNIT_SCADA,1,"2019/08/22 04:40:00",RT_SA6,0
D,DISPATCH,UNIT_SCADA,1,"2019/08/22 04:40:00",RT_TAS1,0
D,DISPATCH,UNIT_SCADA,1,"2019/08/22 04:40:00",RT_VIC1,0
D,DISPATCH,UNIT_SCADA,1,"2019/08/22 04:40:00",RT_VIC10,0
D,DISPATCH,UNIT_SCADA,1,"2019/08/22 04:40:00",RT_VIC11,0
D,DISPATCH,UNIT_SCADA,1,"2019/08/22 04:40:00",RT_VIC12,0
D,DISPATCH,UNIT_SCADA,1,"2019/08/22 04:40:00",RT_VIC2,0
D,DISPATCH,UNIT_SCADA,1,"2019/08/22 04:40:00",RT_VIC3,0
D,DISPATCH,UNIT_SCADA,1,"2019/08/22 04:40:00",RT_VIC4,0
D,DISPATCH,UNIT_SCADA,1,"2019/08/22 04:40:00",RT_VIC5,0
D,DISPATCH,UNIT_SCADA,1,"2019/08/22 04:40:00",RT_VIC6,0
D,DISPATCH,UNIT_SCADA,1,"2019/08/22 04:40:00",RT_VIC7,0
D,DISPATCH,UNIT_SCADA,1,"2019/08/22 04:40:00",RT_VIC8,0
D,DISPATCH,UNIT_SCADA,1,"2019/08/22 04:40:00",RT_VIC9,0
D,DISPATCH,UNIT_SCADA,1,"2019/08/22 04:40:00",RUGBYR1,0
D,DISPATCH,UNIT_SCADA,1,"2019/08/22 04:40:00",SALTCRK1,52.07
D,DISPATCH,UNIT_SCADA,1,"2019/08/22 04:40:00",SAPHWF1,196.350010
D,DISPATCH,UNIT_SCADA,1,"2019/08/22 04:40:00",SHGEN,0
D,DISPATCH,UNIT_SCADA,1,"2019/08/22 04:40:00",SHPUMP,121.009370
D,DISPATCH,UNIT_SCADA,1,"2019/08/22 04:40:00",SITHE01,0.043330
D,DISPATCH,UNIT_SCADA,1,"2019/08/22 04:40:00",SMCSF1,0
D,DISPATCH,UNIT_SCADA,1,"2019/08/22 04:40:00",SNOWNTH1,28.80
D,DISPATCH,UNIT_SCADA,1,"2019/08/22 04:40:00",SNOWSTH1,37.20
D,DISPATCH,UNIT_SCADA,1,"2019/08/22 04:40:00",SNOWTWN1,22.936020
D,DISPATCH,UNIT_SCADA,1,"2019/08/22 04:40:00",SNOWYP,190.900010
D,DISPATCH,UNIT_SCADA,1,"2019/08/22 04:40:00",SNUG1,0.019440
D,DISPATCH,UNIT_SCADA,1,"2019/08/22 04:40:00",SRSF1,0.44
D,DISPATCH,UNIT_SCADA,1,"2019/08/22 04:40:00",STAN-1,0
D,DISPATCH,UNIT_SCADA,1,"2019/08/22 04:40:00",STAN-2,181.166780
D,DISPATCH,UNIT_SCADA,1,"2019/08/22 04:40:00",STAN-3,222.747730
D,DISPATCH,UNIT_SCADA,1,"2019/08/22 04:40:00",STAN-4,190.075150
D,DISPATCH,UNIT_SCADA,1,"2019/08/22 04:40:00",STWF1,171.056240
D,DISPATCH,UNIT_SCADA,1,"2019/08/22 04:40:00",SWAN_E,0
D,DISPATCH,UNIT_SCADA,1,"2019/08/22 04:40:00",TALWA1,190
D,DISPATCH,UNIT_SCADA,1,"2019/08/22 04:40:00",TARALGA1,64.3950
D,DISPATCH,UNIT_SCADA,1,"2019/08/22 04:40:00",TARONG#1,280.700010
D,DISPATCH,UNIT_SCADA,1,"2019/08/22 04:40:00",TARONG#2,227.20
D,DISPATCH,UNIT_SCADA,1,"2019/08/22 04:40:00",TARONG#3,261.100010
D,DISPATCH,UNIT_SCADA,1,"2019/08/22 04:40:00",TARONG#4,280.100010
D,DISPATCH,UNIT_SCADA,1,"2019/08/22 04:40:00",TARRALEA,83.80
D,DISPATCH,UNIT_SCADA,1,"2019/08/22 04:40:00",TBSF1,-0.20
D,DISPATCH,UNIT_SCADA,1,"2019/08/22 04:40:00",TNPS1,386.800020
D,DISPATCH,UNIT_SCADA,1,"2019/08/22 04:40:00",TORRA1,44.921520
D,DISPATCH,UNIT_SCADA,1,"2019/08/22 04:40:00",TORRA2,0
D,DISPATCH,UNIT_SCADA,1,"2019/08/22 04:40:00",TORRA3,0
D,DISPATCH,UNIT_SCADA,1,"2019/08/22 04:40:00",TORRA4,0
D,DISPATCH,UNIT_SCADA,1,"2019/08/22 04:40:00",TORRB1,39.98
D,DISPATCH,UNIT_SCADA,1,"2019/08/22 04:40:00",TORRB2,40.46
D,DISPATCH,UNIT_SCADA,1,"2019/08/22 04:40:00",TORRB3,0
D,DISPATCH,UNIT_SCADA,1,"2019/08/22 04:40:00",TORRB4,0
D,DISPATCH,UNIT_SCADA,1,"2019/08/22 04:40:00",TREVALLN,1.10
D,DISPATCH,UNIT_SCADA,1,"2019/08/22 04:40:00",TRIBUTE,0
D,DISPATCH,UNIT_SCADA,1,"2019/08/22 04:40:00",TUMUT3,0
D,DISPATCH,UNIT_SCADA,1,"2019/08/22 04:40:00",TUNGATIN,9.30
D,DISPATCH,UNIT_SCADA,1,"2019/08/22 04:40:00",TVCC201,0
D,DISPATCH,UNIT_SCADA,1,"2019/08/22 04:40:00",TVPP104,0
D,DISPATCH,UNIT_SCADA,1,"2019/08/22 04:40:00",UPPTUMUT,0
D,DISPATCH,UNIT_SCADA,1,"2019/08/22 04:40:00",URANQ11,0
D,DISPATCH,UNIT_SCADA,1,"2019/08/22 04:40:00",URANQ12,0
D,DISPATCH,UNIT_SCADA,1,"2019/08/22 04:40:00",URANQ13,0
D,DISPATCH,UNIT_SCADA,1,"2019/08/22 04:40:00",URANQ14,0
D,DISPATCH,UNIT_SCADA,1,"2019/08/22 04:40:00",VP5,263.399990
D,DISPATCH,UNIT_SCADA,1,"2019/08/22 04:40:00",VP6,261.149990
D,DISPATCH,UNIT_SCADA,1,"2019/08/22 04:40:00",VPGS1,0
D,DISPATCH,UNIT_SCADA,1,"2019/08/22 04:40:00",VPGS2,0
D,DISPATCH,UNIT_SCADA,1,"2019/08/22 04:40:00",VPGS3,0
D,DISPATCH,UNIT_SCADA,1,"2019/08/22 04:40:00",VPGS4,0
D,DISPATCH,UNIT_SCADA,1,"2019/08/22 04:40:00",VPGS5,0
D,DISPATCH,UNIT_SCADA,1,"2019/08/22 04:40:00",VPGS6,0
D,DISPATCH,UNIT_SCADA,1,"2019/08/22 04:40:00",W/HOE#1,0
D,DISPATCH,UNIT_SCADA,1,"2019/08/22 04:40:00",W/HOE#2,0
D,DISPATCH,UNIT_SCADA,1,"2019/08/22 04:40:00",WATERLWF,110.60
D,DISPATCH,UNIT_SCADA,1,"2019/08/22 04:40:00",WEMENSF1,0
D,DISPATCH,UNIT_SCADA,1,"2019/08/22 04:40:00",WGWF1,93
D,DISPATCH,UNIT_SCADA,1,"2019/08/22 04:40:00",WHITSF1,0
D,DISPATCH,UNIT_SCADA,1,"2019/08/22 04:40:00",WKIEWA1,17.20
D,DISPATCH,UNIT_SCADA,1,"2019/08/22 04:40:00",WKIEWA2,17.30
D,DISPATCH,UNIT_SCADA,1,"2019/08/22 04:40:00",WOODLWN1,45.0540
D,DISPATCH,UNIT_SCADA,1,"2019/08/22 04:40:00",WRSF1,0
D,DISPATCH,UNIT_SCADA,1,"2019/08/22 04:40:00",WRWF1,160.3725
D,DISPATCH,UNIT_SCADA,1,"2019/08/22 04:40:00",YABULU,0
D,DISPATCH,UNIT_SCADA,1,"2019/08/22 04:40:00",YABULU2,0
D,DISPATCH,UNIT_SCADA,1,"2019/08/22 04:40:00",YARWUN_1,0
D,DISPATCH,UNIT_SCADA,1,"2019/08/22 04:40:00",YENDWF1,42.06
D,DISPATCH,UNIT_SCADA,1,"2019/08/22 04:40:00",YWPS1,298.243040
D,DISPATCH,UNIT_SCADA,1,"2019/08/22 04:40:00",YWPS2,278.944310
D,DISPATCH,UNIT_SCADA,1,"2019/08/22 04:40:00",YWPS3,0
D,DISPATCH,UNIT_SCADA,1,"2019/08/22 04:40:00",YWPS4,396.931640
C,"END OF REPORT",334
