C,NEMP.WORLD,DISPATCHSCADA,AEMO,PUBLIC,2019/08/22,04:30:09,0000000311852900,DISPATCHSCADA,0000000311852894
I,DISPATCH,UNIT_SCADA,1,SETTLEMENTDATE,DUID,SCADAVALUE
D,DISPATCH,UNIT_SCADA,1,"2019/08/22 04:35:00",BARCSF1,0.70
D,DISPATCH,UNIT_SCADA,1,"2019/08/22 04:35:00",BUTLERSG,9.699999
D,DISPATCH,UNIT_SCADA,1,"2019/08/22 04:35:00",CALL_A_4,0
D,DISPATCH,UNIT_SCADA,1,"2019/08/22 04:35:00",CAPTL_WF,125.367996
D,DISPATCH,UNIT_SCADA,1,"2019/08/22 04:35:00",CATHROCK,9.589999
D,DISPATCH,UNIT_SCADA,1,"2019/08/22 04:35:00",CHALLHWF,45.50
D,DISPATCH,UNIT_SCADA,1,"2019/08/22 04:35:00",CLOVER,-0.01
D,DISPATCH,UNIT_SCADA,1,"2019/08/22 04:35:00",CLUNY,20.059052
D,DISPATCH,UNIT_SCADA,1,"2019/08/22 04:35:00",CNUNDAWF,40.647415
D,DISPATCH,UNIT_SCADA,1,"2019/08/22 04:35:00",CULLRGWF,30.42
D,DISPATCH,UNIT_SCADA,1,"2019/08/22 04:35:00",ERGT01,0
D,DISPATCH,UNIT_SCADA,1,"2019/08/22 04:35:00",GB01,0.061752
D,DISPATCH,UNIT_SCADA,1,"2019/08/22 04:35:00",GERMCRK,33.200001
D,DISPATCH,UNIT_SCADA,1,"2019/08/22 04:35:00",GRIFSF1,0
D,DISPATCH,UNIT_SCADA,1,"2019/08/22 04:35:00",HUGSF1,-0.2430
D,DISPATCH,UNIT_SCADA,1,"2019/08/22 04:35:00",LKBONNY1,71.536797
D,DISPATCH,UNIT_SCADA,1,"2019/08/22 04:35:00",LRSF1,0.0390
D,DISPATCH,UNIT_SCADA,1,"2019/08/22 04:35:00",MBAHNTH,56.025009
D,DISPATCH,UNIT_SCADA,1,"2019/08/22 04:35:00",MLSP1,0.271001
D,DISPATCH,UNIT_SCADA,1,"2019/08/22 04:35:00",MLWF1,19.724998
D,DISPATCH,UNIT_SCADA,1,"2019/08/22 04:35:00",MTMILLAR,17.933561
D,DISPATCH,UNIT_SCADA,1,"2019/08/22 04:35:00",PALOONA,8.08
D,DISPATCH,UNIT_SCADA,1,"2019/08/22 04:35:00",PIONEER,48.799999
D,DISPATCH,UNIT_SCADA,1,"2019/08/22 04:35:00",PORTWF,106.300003
D,DISPATCH,UNIT_SCADA,1,"2019/08/22 04:35:00",REPULSE,0.000610
D,DISPATCH,UNIT_SCADA,1,"2019/08/22 04:35:00",ROWALLAN,10.4583
D,DISPATCH,UNIT_SCADA,1,"2019/08/22 04:35:00",ROYALLA1,0
D,DISPATCH,UNIT_SCADA,1,"2019/08/22 04:35:00",RPCG,12.80
D,DISPATCH,UNIT_SCADA,1,"2019/08/22 04:35:00",RUBICON,0
D,DISPATCH,UNIT_SCADA,1,"2019/08/22 04:35:00",SATGN1,0
D,DISPATCH,UNIT_SCADA,1,"2019/08/22 04:35:00",SATGS1,0
D,DISPATCH,UNIT_SCADA,1,"2019/08/22 04:35:00",STARHLWF,3.598951
D,DISPATCH,UNIT_SCADA,1,"2019/08/22 04:35:00",WAUBRAWF,175.203995
D,DISPATCH,UNIT_SCADA,1,"2019/08/22 04:35:00",WOOLNTH1,104.340012
D,DISPATCH,UNIT_SCADA,1,"2019/08/22 04:35:00",WPWF,17
D,DISPATCH,UNIT_SCADA,1,"2019/08/22 04:35:00",YAMBUKWF,28.10
D,DISPATCH,UNIT_SCADA,1,"2019/08/22 04:35:00",YSWF1,28.299999
D,DISPATCH,UNIT_SCADA,1,"2019/08/22 04:35:00",AGLHAL,0
D,DISPATCH,UNIT_SCADA,1,"2019/08/22 04:35:00",AGLSOM,0
D,DISPATCH,UNIT_SCADA,1,"2019/08/22 04:35:00",ANGAST1,0
D,DISPATCH,UNIT_SCADA,1,"2019/08/22 04:35:00",ARWF1,219.600010
D,DISPATCH,UNIT_SCADA,1,"2019/08/22 04:35:00",BALBG1,0
D,DISPATCH,UNIT_SCADA,1,"2019/08/22 04:35:00",BALBL1,6.46
D,DISPATCH,UNIT_SCADA,1,"2019/08/22 04:35:00",BALDHWF1,96.4650
D,DISPATCH,UNIT_SCADA,1,"2019/08/22 04:35:00",BANN1,0
D,DISPATCH,UNIT_SCADA,1,"2019/08/22 04:35:00",BARCALDN,0
D,DISPATCH,UNIT_SCADA,1,"2019/08/22 04:35:00",BARRON-1,0
D,DISPATCH,UNIT_SCADA,1,"2019/08/22 04:35:00",BARRON-2,25.44
D,DISPATCH,UNIT_SCADA,1,"2019/08/22 04:35:00",BASTYAN,78.27
D,DISPATCH,UNIT_SCADA,1,"2019/08/22 04:35:00",BBTHREE1,-1.84
D,DISPATCH,UNIT_SCADA,1,"2019/08/22 04:35:00",BBTHREE2,-1.85
D,DISPATCH,UNIT_SCADA,1,"2019/08/22 04:35:00",BBTHREE3,0
D,DISPATCH,UNIT_SCADA,1,"2019/08/22 04:35:00",BDL01,0
D,DISPATCH,UNIT_SCADA,1,"2019/08/22 04:35:00",BDL02,0
D,DISPATCH,UNIT_SCADA,1,"2019/08/22 04:35:00",BERYLSF1,0
D,DISPATCH,UNIT_SCADA,1,"2019/08/22 04:35:00",BLOWERNG,0
D,DISPATCH,UNIT_SCADA,1,"2019/08/22 04:35:00",BLUFF1,35.50
D,DISPATCH,UNIT_SCADA,1,"2019/08/22 04:35:00",BNGSF1,0
D,DISPATCH,UNIT_SCADA,1,"2019/08/22 04:35:00",BNGSF2,0
D,DISPATCH,UNIT_SCADA,1,"2019/08/22 04:35:00",BOCORWF1,111.26
D,DISPATCH,UNIT_SCADA,1,"2019/08/22 04:35:00",BODWF1,102.0812
D,DISPATCH,UNIT_SCADA,1,"2019/08/22 04:35:00",BRAEMAR1,0
D,DISPATCH,UNIT_SCADA,1,"2019/08/22 04:35:00",BRAEMAR2,0
D,DISPATCH,UNIT_SCADA,1,"2019/08/22 04:35:00",BRAEMAR3,0
D,DISPATCH,UNIT_SCADA,1,"2019/08/22 04:35:00",BRAEMAR5,0
D,DISPATCH,UNIT_SCADA,1,"2019/08/22 04:35:00",BRAEMAR6,0
D,DISPATCH,UNIT_SCADA,1,"2019/08/22 04:35:00",BRAEMAR7,0
D,DISPATCH,UNIT_SCADA,1,"2019/08/22 04:35:00",BROKENH1,0
D,DISPATCH,UNIT_SCADA,1,"2019/08/22 04:35:00",BW01,355.449950
D,DISPATCH,UNIT_SCADA,1,"2019/08/22 04:35:00",BW02,398.150020
D,DISPATCH,UNIT_SCADA,1,"2019/08/22 04:35:00",BW03,464
D,DISPATCH,UNIT_SCADA,1,"2019/08/22 04:35:00",BW04,0
D,DISPATCH,UNIT_SCADA,1,"2019/08/22 04:35:00",CALL_B_1,349.700010
D,DISPATCH,UNIT_SCADA,1,"2019/08/22 04:35:00",CALL_B_2,290.200010
D,DISPATCH,UNIT_SCADA,1,"2019/08/22 04:35:00",CETHANA,98.843120
D,DISPATCH,UNIT_SCADA,1,"2019/08/22 04:35:00",CG1,0
D,DISPATCH,UNIT_SCADA,1,"2019/08/22 04:35:00",CG2,0
D,DISPATCH,UNIT_SCADA,1,"2019/08/22 04:35:00",CG3,0
D,DISPATCH,UNIT_SCADA,1,"2019/08/22 04:35:00",CG4,0
D,DISPATCH,UNIT_SCADA,1,"2019/08/22 04:35:00",CHILDSF1,0.01
D,DISPATCH,UNIT_SCADA,1,"2019/08/22 04:35:00",CLARESF1,0
D,DISPATCH,UNIT_SCADA,1,"2019/08/22 04:35:00",CLEMGPWF,11.885780
D,DISPATCH,UNIT_SCADA,1,"2019/08/22 04:35:00",CLERMSF1,0
D,DISPATCH,UNIT_SCADA,1,"2019/08/22 04:35:00",COLEASF1,0
D,DISPATCH,UNIT_SCADA,1,"2019/08/22 04:35:00",COOPGWF1,35.2328
D,DISPATCH,UNIT_SCADA,1,"2019/08/22 04:35:00",CPP_3,381.425020
D,DISPATCH,UNIT_SCADA,1,"2019/08/22 04:35:00",CPP_4,381.425020
D,DISPATCH,UNIT_SCADA,1,"2019/08/22 04:35:00",CPSA,141.948760
D,DISPATCH,UNIT_SCADA,1,"2019/08/22 04:35:00",CROOKWF2,32.166250
D,DISPATCH,UNIT_SCADA,1,"2019/08/22 04:35:00",CROWLWF1,49.006590
D,DISPATCH,UNIT_SCADA,1,"2019/08/22 04:35:00",CSPVPS1,0.0430
D,DISPATCH,UNIT_SCADA,1,"2019/08/22 04:35:00",DALNTH01,0
D,DISPATCH,UNIT_SCADA,1,"2019/08/22 04:35:00",DALNTHL1,0.025940
D,DISPATCH,UNIT_SCADA,1,"2019/08/22 04:35:00",DARTM1,0
D,DISPATCH,UNIT_SCADA,1,"2019/08/22 04:35:00",DAYDSF1,0
D,DISPATCH,UNIT_SCADA,1,"2019/08/22 04:35:00",DDPS1,0
D,DISPATCH,UNIT_SCADA,1,"2019/08/22 04:35:00",DDSF1,0
D,DISPATCH,UNIT_SCADA,1,"2019/08/22 04:35:00",DEVILS_G,0
D,DISPATCH,UNIT_SCADA,1,"2019/08/22 04:35:00",DG_NSW1,0
D,DISPATCH,UNIT_SCADA,1,"2019/08/22 04:35:00",DG_QLD1,0
D,DISPATCH,UNIT_SCADA,1,"2019/08/22 04:35:00",DG_SA1,0
D,DISPATCH,UNIT_SCADA,1,"2019/08/22 04:35:00",DG_TAS1,0
D,DISPATCH,UNIT_SCADA,1,"2019/08/22 04:35:00",DG_VIC1,0
D,DISPATCH,UNIT_SCADA,1,"2019/08/22 04:35:00",DRYCGT1,0
D,DISPATCH,UNIT_SCADA,1,"2019/08/22 04:35:00",DRYCGT2,0
D,DISPATCH,UNIT_SCADA,1,"2019/08/22 04:35:00",DRYCGT3,0
D,DISPATCH,UNIT_SCADA,1,"2019/08/22 04:35:00",EILDON1,0
D,DISPATCH,UNIT_SCADA,1,"2019/08/22 04:35:00",EILDON2,0
D,DISPATCH,UNIT_SCADA,1,"2019/08/22 04:35:00",EMERASF1,0
D,DISPATCH,UNIT_SCADA,1,"2019/08/22 04:35:00",ER01,280.424930
D,DISPATCH,UNIT_SCADA,1,"2019/08/22 04:35:00",ER02,288.2749
D,DISPATCH,UNIT_SCADA,1,"2019/08/22 04:35:00",ER03,380.349980
D,DISPATCH,UNIT_SCADA,1,"2019/08/22 04:35:00",ER04,288.799930
D,DISPATCH,UNIT_SCADA,1,"2019/08/22 04:35:00",FINLYSF1,0
D,DISPATCH,UNIT_SCADA,1,"2019/08/22 04:35:00",FISHER,45.92
D,DISPATCH,UNIT_SCADA,1,"2019/08/22 04:35:00",GANNBG1,0
D,DISPATCH,UNIT_SCADA,1,"2019/08/22 04:35:00",GANNBL1,10.01
D,DISPATCH,UNIT_SCADA,1,"2019/08/22 04:35:00",GANNSF1,0
D,DISPATCH,UNIT_SCADA,1,"2019/08/22 04:35:00",GORDON,15.307040
D,DISPATCH,UNIT_SCADA,1,"2019/08/22 04:35:00",GSTONE1,136.3250
D,DISPATCH,UNIT_SCADA,1,"2019/08/22 04:35:00",GSTONE2,130.20
D,DISPATCH,UNIT_SCADA,1,"2019/08/22 04:35:00",GSTONE3,137.3750
D,DISPATCH,UNIT_SCADA,1,"2019/08/22 04:35:00",GSTONE4,136.6750
D,DISPATCH,UNIT_SCADA,1,"2019/08/22 04:35:00",GSTONE5,135.80
D,DISPATCH,UNIT_SCADA,1,"2019/08/22 04:35:00",GSTONE6,0
D,DISPATCH,UNIT_SCADA,1,"2019/08/22 04:35:00",GULLRSF1,0
D,DISPATCH,UNIT_SCADA,1,"2019/08/22 04:35:00",GULLRWF1,153.369960
D,DISPATCH,UNIT_SCADA,1,"2019/08/22 04:35:00",GUNNING1,46.012820
D,DISPATCH,UNIT_SCADA,1,"2019/08/22 04:35:00",GUTHEGA,0
D,DISPATCH,UNIT_SCADA,1,"2019/08/22 04:35:00",HALLWF1,81.11
D,DISPATCH,UNIT_SCADA,1,"2019/08/22 04:35:00",HALLWF2,61.12
D,DISPATCH,UNIT_SCADA,1,"2019/08/22 04:35:00",HAMISF1,0
D,DISPATCH,UNIT_SCADA,1,"2019/08/22 04:35:00",HAUGHT11,0
D,DISPATCH,UNIT_SCADA,1,"2019/08/22 04:35:00",HAYMSF1,0
D,DISPATCH,UNIT_SCADA,1,"2019/08/22 04:35:00",HDWF1,49.10
D,DISPATCH,UNIT_SCADA,1,"2019/08/22 04:35:00",HDWF2,54.30
D,DISPATCH,UNIT_SCADA,1,"2019/08/22 04:35:00",HDWF3,60.20
D,DISPATCH,UNIT_SCADA,1,"2019/08/22 04:35:00",HPRG1,0
D,DISPATCH,UNIT_SCADA,1,"2019/08/22 04:35:00",HPRL1,39.60
D,DISPATCH,UNIT_SCADA,1,"2019/08/22 04:35:00",HUMENSW,0
D,DISPATCH,UNIT_SCADA,1,"2019/08/22 04:35:00",HUMEV,10.70
D,DISPATCH,UNIT_SCADA,1,"2019/08/22 04:35:00",HVGTS,0
D,DISPATCH,UNIT_SCADA,1,"2019/08/22 04:35:00",JBUTTERS,116.259990
D,DISPATCH,UNIT_SCADA,1,"2019/08/22 04:35:00",JLA01,0.50
D,DISPATCH,UNIT_SCADA,1,"2019/08/22 04:35:00",JLA02,0
D,DISPATCH,UNIT_SCADA,1,"2019/08/22 04:35:00",JLA03,0.10
D,DISPATCH,UNIT_SCADA,1,"2019/08/22 04:35:00",JLA04,0.10
D,DISPATCH,UNIT_SCADA,1,"2019/08/22 04:35:00",JLB01,0
D,DISPATCH,UNIT_SCADA,1,"2019/08/22 04:35:00",JLB02,0.10
D,DISPATCH,UNIT_SCADA,1,"2019/08/22 04:35:00",JLB03,0
D,DISPATCH,UNIT_SCADA,1,"2019/08/22 04:35:00",KAREEYA1,21.4075
D,DISPATCH,UNIT_SCADA,1,"2019/08/22 04:35:00",KAREEYA2,21.5475
D,DISPATCH,UNIT_SCADA,1,"2019/08/22 04:35:00",KAREEYA3,0
D,DISPATCH,UNIT_SCADA,1,"2019/08/22 04:35:00",KAREEYA4,21.62
D,DISPATCH,UNIT_SCADA,1,"2019/08/22 04:35:00",KARSF1,0
D,DISPATCH,UNIT_SCADA,1,"2019/08/22 04:35:00",KIATAWF1,26
D,DISPATCH,UNIT_SCADA,1,"2019/08/22 04:35:00",KPP_1,0
D,DISPATCH,UNIT_SCADA,1,"2019/08/22 04:35:00",KSP1,0
D,DISPATCH,UNIT_SCADA,1,"2019/08/22 04:35:00",LADBROK1,0
D,DISPATCH,UNIT_SCADA,1,"2019/08/22 04:35:00",LADBROK2,0
D,DISPATCH,UNIT_SCADA,1,"2019/08/22 04:35:00",LD01,347.9437
D,DISPATCH,UNIT_SCADA,1,"2019/08/22 04:35:00",LD02,301.256290
D,DISPATCH,UNIT_SCADA,1,"2019/08/22 04:35:00",LD03,321.806210
D,DISPATCH,UNIT_SCADA,1,"2019/08/22 04:35:00",LD04,350.774960
D,DISPATCH,UNIT_SCADA,1,"2019/08/22 04:35:00",LEM_WIL,86.2183
D,DISPATCH,UNIT_SCADA,1,"2019/08/22 04:35:00",LGAPWF1,11.73
D,DISPATCH,UNIT_SCADA,1,"2019/08/22 04:35:00",LILYSF1,0
D,DISPATCH,UNIT_SCADA,1,"2019/08/22 04:35:00",LI_WY_CA,148.756550
D,DISPATCH,UNIT_SCADA,1,"2019/08/22 04:35:00",LKBONNY2,150.703220
D,DISPATCH,UNIT_SCADA,1,"2019/08/22 04:35:00",LKBONNY3,34.944580
D,DISPATCH,UNIT_SCADA,1,"2019/08/22 04:35:00",LK_ECHO,0
D,DISPATCH,UNIT_SCADA,1,"2019/08/22 04:35:00",LNGS1,0
D,DISPATCH,UNIT_SCADA,1,"2019/08/22 04:35:00",LNGS2,0
D,DISPATCH,UNIT_SCADA,1,"2019/08/22 04:35:00",LONSDALE,0
D,DISPATCH,UNIT_SCADA,1,"2019/08/22 04:35:00",LOYYB1,535.712650
D,DISPATCH,UNIT_SCADA,1,"2019/08/22 04:35:00",LOYYB2,583.458250
D,DISPATCH,UNIT_SCADA,1,"2019/08/22 04:35:00",LYA1,519
D,DISPATCH,UNIT_SCADA,1,"2019/08/22 04:35:00",LYA2,0
D,DISPATCH,UNIT_SCADA,1,"2019/08/22 04:35:00",LYA3,527
D,DISPATCH,UNIT_SCADA,1,"2019/08/22 04:35:00",LYA4,501
D,DISPATCH,UNIT_SCADA,1,"2019/08/22 04:35:00",MACARTH1,278.393590
D,DISPATCH,UNIT_SCADA,1,"2019/08/22 04:35:00",MACKAYGT,0
D,DISPATCH,UNIT_SCADA,1,"2019/08/22 04:35:00",MACKNTSH,86.73
D,DISPATCH,UNIT_SCADA,1,"2019/08/22 04:35:00",MANSLR1,0
D,DISPATCH,UNIT_SCADA,1,"2019/08/22 04:35:00",MCKAY1,0.02
D,DISPATCH,UNIT_SCADA,1,"2019/08/22 04:35:00",MEADOWBK,34.210260
D,DISPATCH,UNIT_SCADA,1,"2019/08/22 04:35:00",MERCER01,123.5150
D,DISPATCH,UNIT_SCADA,1,"2019/08/22 04:35:00",MEWF1,71.639040
D,DISPATCH,UNIT_SCADA,1,"2019/08/22 04:35:00",MINTARO,0
D,DISPATCH,UNIT_SCADA,1,"2019/08/22 04:35:00",MOREESF1,0
D,DISPATCH,UNIT_SCADA,1,"2019/08/22 04:35:00",MORTLK11,0
D,DISPATCH,UNIT_SCADA,1,"2019/08/22 04:35:00",MORTLK12,0
D,DISPATCH,UNIT_SCADA,1,"2019/08/22 04:35:00",MP1,278.050050
D,DISPATCH,UNIT_SCADA,1,"2019/08/22 04:35:00",MP2,0
D,DISPATCH,UNIT_SCADA,1,"2019/08/22 04:35:00",MPP_1,410
D,DISPATCH,UNIT_SCADA,1,"2019/08/22 04:35:00",MPP_2,410.50
D,DISPATCH,UNIT_SCADA,1,"2019/08/22 04:35:00",MSTUART1,0
D,DISPATCH,UNIT_SCADA,1,"2019/08/22 04:35:00",MSTUART2,0
D,DISPATCH,UNIT_SCADA,1,"2019/08/22 04:35:00",MSTUART3,0
D,DISPATCH,UNIT_SCADA,1,"2019/08/22 04:35:00",MTGELWF1,63.853870
D,DISPATCH,UNIT_SCADA,1,"2019/08/22 04:35:00",MURRAY,0
D,DISPATCH,UNIT_SCADA,1,"2019/08/22 04:35:00",MUSSELR1,141.600010
D,DISPATCH,UNIT_SCADA,1,"2019/08/22 04:35:00",MUWAWF1,53.50
D,DISPATCH,UNIT_SCADA,1,"2019/08/22 04:35:00",NBHWF1,83.80
D,DISPATCH,UNIT_SCADA,1,"2019/08/22 04:35:00",NPS,0
D,DISPATCH,UNIT_SCADA,1,"2019/08/22 04:35:00",NUMURSF1,0
D,DISPATCH,UNIT_SCADA,1,"2019/08/22 04:35:00",NYNGAN1,0
D,DISPATCH,UNIT_SCADA,1,"2019/08/22 04:35:00",OAKEY1,0
D,DISPATCH,UNIT_SCADA,1,"2019/08/22 04:35:00",OAKEY1SF,0
D,DISPATCH,UNIT_SCADA,1,"2019/08/22 04:35:00",OAKEY2,0
D,DISPATCH,UNIT_SCADA,1,"2019/08/22 04:35:00",OAKLAND1,60.80
D,DISPATCH,UNIT_SCADA,1,"2019/08/22 04:35:00",OSB-AG,0
D,DISPATCH,UNIT_SCADA,1,"2019/08/22 04:35:00",PARSF1,0
D,DISPATCH,UNIT_SCADA,1,"2019/08/22 04:35:00",POAT110,0
D,DISPATCH,UNIT_SCADA,1,"2019/08/22 04:35:00",POAT220,0
D,DISPATCH,UNIT_SCADA,1,"2019/08/22 04:35:00",POR01,0
D,DISPATCH,UNIT_SCADA,1,"2019/08/22 04:35:00",POR03,0
D,DISPATCH,UNIT_SCADA,1,"2019/08/22 04:35:00",PPCCGT,173.5522
D,DISPATCH,UNIT_SCADA,1,"2019/08/22 04:35:00",PTSTAN1,0
D,DISPATCH,UNIT_SCADA,1,"2019/08/22 04:35:00",PUMP1,0
D,DISPATCH,UNIT_SCADA,1,"2019/08/22 04:35:00",PUMP2,0
D,DISPATCH,UNIT_SCADA,1,"2019/08/22 04:35:00",QPS1,0
D,DISPATCH,UNIT_SCADA,1,"2019/08/22 04:35:00",QPS2,0
D,DISPATCH,UNIT_SCADA,1,"2019/08/22 04:35:00",QPS3,0
D,DISPATCH,UNIT_SCADA,1,"2019/08/22 04:35:00",QPS4,0
D,DISPATCH,UNIT_SCADA,1,"2019/08/22 04:35:00",QPS5,0
D,DISPATCH,UNIT_SCADA,1,"2019/08/22 04:35:00",REECE1,117.760010
D,DISPATCH,UNIT_SCADA,1,"2019/08/22 04:35:00",REECE2,118.720010
D,DISPATCH,UNIT_SCADA,1,"2019/08/22 04:35:00",ROMA_7,0
D,DISPATCH,UNIT_SCADA,1,"2019/08/22 04:35:00",ROMA_8,0
D,DISPATCH,UNIT_SCADA,1,"2019/08/22 04:35:00",RRSF1,0
D,DISPATCH,UNIT_SCADA,1,"2019/08/22 04:35:00",RT_NSW1,0
D,DISPATCH,UNIT_SCADA,1,"2019/08/22 04:35:00",RT_NSW2,0
D,DISPATCH,UNIT_SCADA,1,"2019/08/22 04:35:00",RT_NSW3,0
D,DISPATCH,UNIT_SCADA,1,"2019/08/22 04:35:00",RT_NSW4,0
D,DISPATCH,UNIT_SCADA,1,"2019/08/22 04:35:00",RT_NSW5,0
D,DISPATCH,UNIT_SCADA,1,"2019/08/22 04:35:00",RT_NSW6,0
D,DISPATCH,UNIT_SCADA,1,"2019/08/22 04:35:00",RT_QLD1,0
D,DISPATCH,UNIT_SCADA,1,"2019/08/22 04:35:00",RT_SA1,0
D,DISPATCH,UNIT_SCADA,1,"2019/08/22 04:35:00",RT_SA2,0
D,DISPATCH,UNIT_SCADA,1,"2019/08/22 04:35:00",RT_SA3,0
D,DISPATCH,UNIT_SCADA,1,"2019/08/22 04:35:00",RT_SA4,0
D,DISPATCH,UNIT_SCADA,1,"2019/08/22 04:35:00",RT_SA5,0
D,DISPATCH,UNIT_SCADA,1,"2019/08/22 04:35:00",RT_SA6,0
D,DISPATCH,UNIT_SCADA,1,"2019/08/22 04:35:00",RT_TAS1,0
D,DISPATCH,UNIT_SCADA,1,"2019/08/22 04:35:00",RT_VIC1,0
D,DISPATCH,UNIT_SCADA,1,"2019/08/22 04:35:00",RT_VIC10,0
D,DISPATCH,UNIT_SCADA,1,"2019/08/22 04:35:00",RT_VIC11,0
D,DISPATCH,UNIT_SCADA,1,"2019/08/22 04:35:00",RT_VIC12,0
D,DISPATCH,UNIT_SCADA,1,"2019/08/22 04:35:00",RT_VIC2,0
D,DISPATCH,UNIT_SCADA,1,"2019/08/22 04:35:00",RT_VIC3,0
D,DISPATCH,UNIT_SCADA,1,"2019/08/22 04:35:00",RT_VIC4,0
D,DISPATCH,UNIT_SCADA,1,"2019/08/22 04:35:00",RT_VIC5,0
D,DISPATCH,UNIT_SCADA,1,"2019/08/22 04:35:00",RT_VIC6,0
D,DISPATCH,UNIT_SCADA,1,"2019/08/22 04:35:00",RT_VIC7,0
D,DISPATCH,UNIT_SCADA,1,"2019/08/22 04:35:00",RT_VIC8,0
D,DISPATCH,UNIT_SCADA,1,"2019/08/22 04:35:00",RT_VIC9,0
D,DISPATCH,UNIT_SCADA,1,"2019/08/22 04:35:00",RUGBYR1,0
D,DISPATCH,UNIT_SCADA,1,"2019/08/22 04:35:00",SALTCRK1,51.14
D,DISPATCH,UNIT_SCADA,1,"2019/08/22 04:35:00",SAPHWF1,191.278140
D,DISPATCH,UNIT_SCADA,1,"2019/08/22 04:35:00",SHGEN,0
D,DISPATCH,UNIT_SCADA,1,"2019/08/22 04:35:00",SHPUMP,122.182820
D,DISPATCH,UNIT_SCADA,1,"2019/08/22 04:35:00",SITHE01,0.123710
D,DISPATCH,UNIT_SCADA,1,"2019/08/22 04:35:00",SMCSF1,0
D,DISPATCH,UNIT_SCADA,1,"2019/08/22 04:35:00",SNOWNTH1,33.30
D,DISPATCH,UNIT_SCADA,1,"2019/08/22 04:35:00",SNOWSTH1,42.10
D,DISPATCH,UNIT_SCADA,1,"2019/08/22 04:35:00",SNOWTWN1,21.419510
D,DISPATCH,UNIT_SCADA,1,"2019/08/22 04:35:00",SNOWYP,191.50
D,DISPATCH,UNIT_SCADA,1,"2019/08/22 04:35:00",SNUG1,0.019440
D,DISPATCH,UNIT_SCADA,1,"2019/08/22 04:35:00",SRSF1,0.44
D,DISPATCH,UNIT_SCADA,1,"2019/08/22 04:35:00",STAN-1,0
D,DISPATCH,UNIT_SCADA,1,"2019/08/22 04:35:00",STAN-2,182.448560
D,DISPATCH,UNIT_SCADA,1,"2019/08/22 04:35:00",STAN-3,221.927380
D,DISPATCH,UNIT_SCADA,1,"2019/08/22 04:35:00",STAN-4,198.393910
D,DISPATCH,UNIT_SCADA,1,"2019/08/22 04:35:00",STWF1,169.481260
D,DISPATCH,UNIT_SCADA,1,"2019/08/22 04:35:00",SWAN_E,0
D,DISPATCH,UNIT_SCADA,1,"2019/08/22 04:35:00",TALWA1,190
D,DISPATCH,UNIT_SCADA,1,"2019/08/22 04:35:00",TARALGA1,52.859980
D,DISPATCH,UNIT_SCADA,1,"2019/08/22 04:35:00",TARONG#1,282
D,DISPATCH,UNIT_SCADA,1,"2019/08/22 04:35:00",TARONG#2,227.70
D,DISPATCH,UNIT_SCADA,1,"2019/08/22 04:35:00",TARONG#3,261.100010
D,DISPATCH,UNIT_SCADA,1,"2019/08/22 04:35:00",TARONG#4,281.200010
D,DISPATCH,UNIT_SCADA,1,"2019/08/22 04:35:00",TARRALEA,84
D,DISPATCH,UNIT_SCADA,1,"2019/08/22 04:35:00",TBSF1,-0.20
D,DISPATCH,UNIT_SCADA,1,"2019/08/22 04:35:00",TNPS1,399.400020
D,DISPATCH,UNIT_SCADA,1,"2019/08/22 04:35:00",TORRA1,41.232540
D,DISPATCH,UNIT_SCADA,1,"2019/08/22 04:35:00",TORRA2,0
D,DISPATCH,UNIT_SCADA,1,"2019/08/22 04:35:00",TORRA3,0
D,DISPATCH,UNIT_SCADA,1,"2019/08/22 04:35:00",TORRA4,0
D,DISPATCH,UNIT_SCADA,1,"2019/08/22 04:35:00",TORRB1,38.53
D,DISPATCH,UNIT_SCADA,1,"2019/08/22 04:35:00",TORRB2,38.86
D,DISPATCH,UNIT_SCADA,1,"2019/08/22 04:35:00",TORRB3,0
D,DISPATCH,UNIT_SCADA,1,"2019/08/22 04:35:00",TORRB4,0
D,DISPATCH,UNIT_SCADA,1,"2019/08/22 04:35:00",TREVALLN,1.10
D,DISPATCH,UNIT_SCADA,1,"2019/08/22 04:35:00",TRIBUTE,0
D,DISPATCH,UNIT_SCADA,1,"2019/08/22 04:35:00",TUMUT3,0
D,DISPATCH,UNIT_SCADA,1,"2019/08/22 04:35:00",TUNGATIN,9.50
D,DISPATCH,UNIT_SCADA,1,"2019/08/22 04:35:00",TVCC201,0
D,DISPATCH,UNIT_SCADA,1,"2019/08/22 04:35:00",TVPP104,0
D,DISPATCH,UNIT_SCADA,1,"2019/08/22 04:35:00",UPPTUMUT,0
D,DISPATCH,UNIT_SCADA,1,"2019/08/22 04:35:00",URANQ11,0
D,DISPATCH,UNIT_SCADA,1,"2019/08/22 04:35:00",URANQ12,0
D,DISPATCH,UNIT_SCADA,1,"2019/08/22 04:35:00",URANQ13,0
D,DISPATCH,UNIT_SCADA,1,"2019/08/22 04:35:00",URANQ14,0
D,DISPATCH,UNIT_SCADA,1,"2019/08/22 04:35:00",VP5,246.05
D,DISPATCH,UNIT_SCADA,1,"2019/08/22 04:35:00",VP6,250.725010
D,DISPATCH,UNIT_SCADA,1,"2019/08/22 04:35:00",VPGS1,0
D,DISPATCH,UNIT_SCADA,1,"2019/08/22 04:35:00",VPGS2,0
D,DISPATCH,UNIT_SCADA,1,"2019/08/22 04:35:00",VPGS3,0
D,DISPATCH,UNIT_SCADA,1,"2019/08/22 04:35:00",VPGS4,0
D,DISPATCH,UNIT_SCADA,1,"2019/08/22 04:35:00",VPGS5,0
D,DISPATCH,UNIT_SCADA,1,"2019/08/22 04:35:00",VPGS6,0
D,DISPATCH,UNIT_SCADA,1,"2019/08/22 04:35:00",W/HOE#1,0
D,DISPATCH,UNIT_SCADA,1,"2019/08/22 04:35:00",W/HOE#2,0
D,DISPATCH,UNIT_SCADA,1,"2019/08/22 04:35:00",WATERLWF,106.70
D,DISPATCH,UNIT_SCADA,1,"2019/08/22 04:35:00",WEMENSF1,0
D,DISPATCH,UNIT_SCADA,1,"2019/08/22 04:35:00",WGWF1,92.30
D,DISPATCH,UNIT_SCADA,1,"2019/08/22 04:35:00",WHITSF1,0
D,DISPATCH,UNIT_SCADA,1,"2019/08/22 04:35:00",WKIEWA1,16.70
D,DISPATCH,UNIT_SCADA,1,"2019/08/22 04:35:00",WKIEWA2,16.90
D,DISPATCH,UNIT_SCADA,1,"2019/08/22 04:35:00",WOODLWN1,44.8380
D,DISPATCH,UNIT_SCADA,1,"2019/08/22 04:35:00",WRSF1,0
D,DISPATCH,UNIT_SCADA,1,"2019/08/22 04:35:00",WRWF1,154.490010
D,DISPATCH,UNIT_SCADA,1,"2019/08/22 04:35:00",YABULU,0
D,DISPATCH,UNIT_SCADA,1,"2019/08/22 04:35:00",YABULU2,0
D,DISPATCH,UNIT_SCADA,1,"2019/08/22 04:35:00",YARWUN_1,0
D,DISPATCH,UNIT_SCADA,1,"2019/08/22 04:35:00",YENDWF1,41.90
D,DISPATCH,UNIT_SCADA,1,"2019/08/22 04:35:00",YWPS1,299.746830
D,DISPATCH,UNIT_SCADA,1,"2019/08/22 04:35:00",YWPS2,274.683530
D,DISPATCH,UNIT_SCADA,1,"2019/08/22 04:35:00",YWPS3,0
D,DISPATCH,UNIT_SCADA,1,"2019/08/22 04:35:00",YWPS4,391.003780
C,"END OF REPORT",334
