C,NEMP.WORLD,DISPATCHSCADA,AEMO,PUBLIC,2019/09/04,23:55:08,0000000312401177,DISPATCHSCADA,0000000312401171
I,DISPATCH,UNIT_SCADA,1,SETTLEMENTDATE,DUID,SCADAVALUE
D,DISPATCH,UNIT_SCADA,1,"2019/09/05 00:00:00",BARCSF1,0
D,DISPATCH,UNIT_SCADA,1,"2019/09/05 00:00:00",BUTLERSG,10.199999
D,DISPATCH,UNIT_SCADA,1,"2019/09/05 00:00:00",CALL_A_4,0
D,DISPATCH,UNIT_SCADA,1,"2019/09/05 00:00:00",CAPTL_WF,20.052002
D,DISPATCH,UNIT_SCADA,1,"2019/09/05 00:00:00",CATHROCK,0
D,DISPATCH,UNIT_SCADA,1,"2019/09/05 00:00:00",CHALLHWF,0
D,DISPATCH,UNIT_SCADA,1,"2019/09/05 00:00:00",CLOVER,-0.02
D,DISPATCH,UNIT_SCADA,1,"2019/09/05 00:00:00",CLUNY,10.110781
D,DISPATCH,UNIT_SCADA,1,"2019/09/05 00:00:00",CNUNDAWF,5.606540
D,DISPATCH,UNIT_SCADA,1,"2019/09/05 00:00:00",CULLRGWF,11.76
D,DISPATCH,UNIT_SCADA,1,"2019/09/05 00:00:00",ERGT01,0
D,DISPATCH,UNIT_SCADA,1,"2019/09/05 00:00:00",GB01,0.016193
D,DISPATCH,UNIT_SCADA,1,"2019/09/05 00:00:00",GERMCRK,38.700001
D,DISPATCH,UNIT_SCADA,1,"2019/09/05 00:00:00",GRIFSF1,0
D,DISPATCH,UNIT_SCADA,1,"2019/09/05 00:00:00",HUGSF1,-0.19
D,DISPATCH,UNIT_SCADA,1,"2019/09/05 00:00:00",LKBONNY1,12.056764
D,DISPATCH,UNIT_SCADA,1,"2019/09/05 00:00:00",LRSF1,-0.0310
D,DISPATCH,UNIT_SCADA,1,"2019/09/05 00:00:00",MBAHNTH,27.468750
D,DISPATCH,UNIT_SCADA,1,"2019/09/05 00:00:00",MLSP1,0.366001
D,DISPATCH,UNIT_SCADA,1,"2019/09/05 00:00:00",MLWF1,1.50
D,DISPATCH,UNIT_SCADA,1,"2019/09/05 00:00:00",MTMILLAR,5.454481
D,DISPATCH,UNIT_SCADA,1,"2019/09/05 00:00:00",PALOONA,16.73
D,DISPATCH,UNIT_SCADA,1,"2019/09/05 00:00:00",PIONEER,30.10
D,DISPATCH,UNIT_SCADA,1,"2019/09/05 00:00:00",PORTWF,9
D,DISPATCH,UNIT_SCADA,1,"2019/09/05 00:00:00",REPULSE,20.077822
D,DISPATCH,UNIT_SCADA,1,"2019/09/05 00:00:00",ROWALLAN,10.3092
D,DISPATCH,UNIT_SCADA,1,"2019/09/05 00:00:00",ROYALLA1,0
D,DISPATCH,UNIT_SCADA,1,"2019/09/05 00:00:00",RPCG,14
D,DISPATCH,UNIT_SCADA,1,"2019/09/05 00:00:00",RUBICON,0
D,DISPATCH,UNIT_SCADA,1,"2019/09/05 00:00:00",SATGN1,0
D,DISPATCH,UNIT_SCADA,1,"2019/09/05 00:00:00",SATGS1,0
D,DISPATCH,UNIT_SCADA,1,"2019/09/05 00:00:00",STARHLWF,-0.099971
D,DISPATCH,UNIT_SCADA,1,"2019/09/05 00:00:00",WAUBRAWF,0
D,DISPATCH,UNIT_SCADA,1,"2019/09/05 00:00:00",WOOLNTH1,10.280016
D,DISPATCH,UNIT_SCADA,1,"2019/09/05 00:00:00",WPWF,0
D,DISPATCH,UNIT_SCADA,1,"2019/09/05 00:00:00",YAMBUKWF,1.80
D,DISPATCH,UNIT_SCADA,1,"2019/09/05 00:00:00",YSWF1,0
D,DISPATCH,UNIT_SCADA,1,"2019/09/05 00:00:00",AGLHAL,0
D,DISPATCH,UNIT_SCADA,1,"2019/09/05 00:00:00",AGLSOM,120.20
D,DISPATCH,UNIT_SCADA,1,"2019/09/05 00:00:00",ANGAST1,0
D,DISPATCH,UNIT_SCADA,1,"2019/09/05 00:00:00",ARWF1,-0.80
D,DISPATCH,UNIT_SCADA,1,"2019/09/05 00:00:00",BALBG1,0
D,DISPATCH,UNIT_SCADA,1,"2019/09/05 00:00:00",BALBL1,0
D,DISPATCH,UNIT_SCADA,1,"2019/09/05 00:00:00",BALDHWF1,0
D,DISPATCH,UNIT_SCADA,1,"2019/09/05 00:00:00",BANN1,0
D,DISPATCH,UNIT_SCADA,1,"2019/09/05 00:00:00",BARCALDN,0
D,DISPATCH,UNIT_SCADA,1,"2019/09/05 00:00:00",BARRON-1,33.88
D,DISPATCH,UNIT_SCADA,1,"2019/09/05 00:00:00",BARRON-2,0
D,DISPATCH,UNIT_SCADA,1,"2019/09/05 00:00:00",BASTYAN,80.680010
D,DISPATCH,UNIT_SCADA,1,"2019/09/05 00:00:00",BBTHREE1,0
D,DISPATCH,UNIT_SCADA,1,"2019/09/05 00:00:00",BBTHREE2,0
D,DISPATCH,UNIT_SCADA,1,"2019/09/05 00:00:00",BBTHREE3,0
D,DISPATCH,UNIT_SCADA,1,"2019/09/05 00:00:00",BDL01,44.16
D,DISPATCH,UNIT_SCADA,1,"2019/09/05 00:00:00",BDL02,44.34
D,DISPATCH,UNIT_SCADA,1,"2019/09/05 00:00:00",BERYLSF1,0
D,DISPATCH,UNIT_SCADA,1,"2019/09/05 00:00:00",BLOWERNG,11.10
D,DISPATCH,UNIT_SCADA,1,"2019/09/05 00:00:00",BLUFF1,16
D,DISPATCH,UNIT_SCADA,1,"2019/09/05 00:00:00",BNGSF1,0
D,DISPATCH,UNIT_SCADA,1,"2019/09/05 00:00:00",BNGSF2,0
D,DISPATCH,UNIT_SCADA,1,"2019/09/05 00:00:00",BOCORWF1,0
D,DISPATCH,UNIT_SCADA,1,"2019/09/05 00:00:00",BODWF1,29.971690
D,DISPATCH,UNIT_SCADA,1,"2019/09/05 00:00:00",BRAEMAR1,0
D,DISPATCH,UNIT_SCADA,1,"2019/09/05 00:00:00",BRAEMAR2,0
D,DISPATCH,UNIT_SCADA,1,"2019/09/05 00:00:00",BRAEMAR3,0
D,DISPATCH,UNIT_SCADA,1,"2019/09/05 00:00:00",BRAEMAR5,0
D,DISPATCH,UNIT_SCADA,1,"2019/09/05 00:00:00",BRAEMAR6,0
D,DISPATCH,UNIT_SCADA,1,"2019/09/05 00:00:00",BRAEMAR7,0
D,DISPATCH,UNIT_SCADA,1,"2019/09/05 00:00:00",BROKENH1,0
D,DISPATCH,UNIT_SCADA,1,"2019/09/05 00:00:00",BW01,539.75
D,DISPATCH,UNIT_SCADA,1,"2019/09/05 00:00:00",BW02,587.8750
D,DISPATCH,UNIT_SCADA,1,"2019/09/05 00:00:00",BW03,598.525020
D,DISPATCH,UNIT_SCADA,1,"2019/09/05 00:00:00",BW04,0
D,DISPATCH,UNIT_SCADA,1,"2019/09/05 00:00:00",CALL_B_1,349.300020
D,DISPATCH,UNIT_SCADA,1,"2019/09/05 00:00:00",CALL_B_2,350
D,DISPATCH,UNIT_SCADA,1,"2019/09/05 00:00:00",CETHANA,80.9405
D,DISPATCH,UNIT_SCADA,1,"2019/09/05 00:00:00",CG1,0
D,DISPATCH,UNIT_SCADA,1,"2019/09/05 00:00:00",CG2,0
D,DISPATCH,UNIT_SCADA,1,"2019/09/05 00:00:00",CG3,0
D,DISPATCH,UNIT_SCADA,1,"2019/09/05 00:00:00",CG4,0
D,DISPATCH,UNIT_SCADA,1,"2019/09/05 00:00:00",CHILDSF1,0
D,DISPATCH,UNIT_SCADA,1,"2019/09/05 00:00:00",CLARESF1,0
D,DISPATCH,UNIT_SCADA,1,"2019/09/05 00:00:00",CLEMGPWF,14.911250
D,DISPATCH,UNIT_SCADA,1,"2019/09/05 00:00:00",CLERMSF1,0
D,DISPATCH,UNIT_SCADA,1,"2019/09/05 00:00:00",COLEASF1,0
D,DISPATCH,UNIT_SCADA,1,"2019/09/05 00:00:00",COOPGWF1,15.513480
D,DISPATCH,UNIT_SCADA,1,"2019/09/05 00:00:00",CPP_3,406.450010
D,DISPATCH,UNIT_SCADA,1,"2019/09/05 00:00:00",CPP_4,405.075010
D,DISPATCH,UNIT_SCADA,1,"2019/09/05 00:00:00",CPSA,143.253750
D,DISPATCH,UNIT_SCADA,1,"2019/09/05 00:00:00",CROOKWF2,55.443750
D,DISPATCH,UNIT_SCADA,1,"2019/09/05 00:00:00",CROWLWF1,-0.234630
D,DISPATCH,UNIT_SCADA,1,"2019/09/05 00:00:00",CSPVPS1,0
D,DISPATCH,UNIT_SCADA,1,"2019/09/05 00:00:00",DALNTH01,0
D,DISPATCH,UNIT_SCADA,1,"2019/09/05 00:00:00",DALNTHL1,0.028990
D,DISPATCH,UNIT_SCADA,1,"2019/09/05 00:00:00",DARTM1,133.70
D,DISPATCH,UNIT_SCADA,1,"2019/09/05 00:00:00",DAYDSF1,0
D,DISPATCH,UNIT_SCADA,1,"2019/09/05 00:00:00",DDPS1,320.1011
D,DISPATCH,UNIT_SCADA,1,"2019/09/05 00:00:00",DDSF1,0
D,DISPATCH,UNIT_SCADA,1,"2019/09/05 00:00:00",DEVILS_G,57.111120
D,DISPATCH,UNIT_SCADA,1,"2019/09/05 00:00:00",DG_NSW1,0
D,DISPATCH,UNIT_SCADA,1,"2019/09/05 00:00:00",DG_QLD1,0
D,DISPATCH,UNIT_SCADA,1,"2019/09/05 00:00:00",DG_SA1,0
D,DISPATCH,UNIT_SCADA,1,"2019/09/05 00:00:00",DG_TAS1,0
D,DISPATCH,UNIT_SCADA,1,"2019/09/05 00:00:00",DG_VIC1,0
D,DISPATCH,UNIT_SCADA,1,"2019/09/05 00:00:00",DRYCGT1,0
D,DISPATCH,UNIT_SCADA,1,"2019/09/05 00:00:00",DRYCGT2,0
D,DISPATCH,UNIT_SCADA,1,"2019/09/05 00:00:00",DRYCGT3,0
D,DISPATCH,UNIT_SCADA,1,"2019/09/05 00:00:00",EILDON1,0
D,DISPATCH,UNIT_SCADA,1,"2019/09/05 00:00:00",EILDON2,0
D,DISPATCH,UNIT_SCADA,1,"2019/09/05 00:00:00",EMERASF1,0
D,DISPATCH,UNIT_SCADA,1,"2019/09/05 00:00:00",ER01,568.675050
D,DISPATCH,UNIT_SCADA,1,"2019/09/05 00:00:00",ER02,673.200070
D,DISPATCH,UNIT_SCADA,1,"2019/09/05 00:00:00",ER03,0
D,DISPATCH,UNIT_SCADA,1,"2019/09/05 00:00:00",ER04,673.6250
D,DISPATCH,UNIT_SCADA,1,"2019/09/05 00:00:00",FINLYSF1,0
D,DISPATCH,UNIT_SCADA,1,"2019/09/05 00:00:00",FISHER,46
D,DISPATCH,UNIT_SCADA,1,"2019/09/05 00:00:00",GANNBG1,0
D,DISPATCH,UNIT_SCADA,1,"2019/09/05 00:00:00",GANNBL1,0.0334
D,DISPATCH,UNIT_SCADA,1,"2019/09/05 00:00:00",GANNSF1,0
D,DISPATCH,UNIT_SCADA,1,"2019/09/05 00:00:00",GORDON,0
D,DISPATCH,UNIT_SCADA,1,"2019/09/05 00:00:00",GSTONE1,178.50
D,DISPATCH,UNIT_SCADA,1,"2019/09/05 00:00:00",GSTONE2,187.0750
D,DISPATCH,UNIT_SCADA,1,"2019/09/05 00:00:00",GSTONE3,0
D,DISPATCH,UNIT_SCADA,1,"2019/09/05 00:00:00",GSTONE4,179.724990
D,DISPATCH,UNIT_SCADA,1,"2019/09/05 00:00:00",GSTONE5,178.3250
D,DISPATCH,UNIT_SCADA,1,"2019/09/05 00:00:00",GSTONE6,177.974990
D,DISPATCH,UNIT_SCADA,1,"2019/09/05 00:00:00",GULLRSF1,0
D,DISPATCH,UNIT_SCADA,1,"2019/09/05 00:00:00",GULLRWF1,106.677150
D,DISPATCH,UNIT_SCADA,1,"2019/09/05 00:00:00",GUNNING1,14.247870
D,DISPATCH,UNIT_SCADA,1,"2019/09/05 00:00:00",GUTHEGA,0
D,DISPATCH,UNIT_SCADA,1,"2019/09/05 00:00:00",HALLWF1,37.71
D,DISPATCH,UNIT_SCADA,1,"2019/09/05 00:00:00",HALLWF2,18.19
D,DISPATCH,UNIT_SCADA,1,"2019/09/05 00:00:00",HAMISF1,0
D,DISPATCH,UNIT_SCADA,1,"2019/09/05 00:00:00",HAUGHT11,0
D,DISPATCH,UNIT_SCADA,1,"2019/09/05 00:00:00",HAYMSF1,0
D,DISPATCH,UNIT_SCADA,1,"2019/09/05 00:00:00",HDWF1,88.90
D,DISPATCH,UNIT_SCADA,1,"2019/09/05 00:00:00",HDWF2,84.90
D,DISPATCH,UNIT_SCADA,1,"2019/09/05 00:00:00",HDWF3,83.60
D,DISPATCH,UNIT_SCADA,1,"2019/09/05 00:00:00",HPRG1,13.30
D,DISPATCH,UNIT_SCADA,1,"2019/09/05 00:00:00",HPRL1,0
D,DISPATCH,UNIT_SCADA,1,"2019/09/05 00:00:00",HUMENSW,0
D,DISPATCH,UNIT_SCADA,1,"2019/09/05 00:00:00",HUMEV,25.40
D,DISPATCH,UNIT_SCADA,1,"2019/09/05 00:00:00",HVGTS,0
D,DISPATCH,UNIT_SCADA,1,"2019/09/05 00:00:00",JBUTTERS,14.46
D,DISPATCH,UNIT_SCADA,1,"2019/09/05 00:00:00",JLA01,0.10
D,DISPATCH,UNIT_SCADA,1,"2019/09/05 00:00:00",JLA02,0
D,DISPATCH,UNIT_SCADA,1,"2019/09/05 00:00:00",JLA03,0
D,DISPATCH,UNIT_SCADA,1,"2019/09/05 00:00:00",JLA04,0
D,DISPATCH,UNIT_SCADA,1,"2019/09/05 00:00:00",JLB01,0
D,DISPATCH,UNIT_SCADA,1,"2019/09/05 00:00:00",JLB02,0.10
D,DISPATCH,UNIT_SCADA,1,"2019/09/05 00:00:00",JLB03,0
D,DISPATCH,UNIT_SCADA,1,"2019/09/05 00:00:00",KAREEYA1,21.4950
D,DISPATCH,UNIT_SCADA,1,"2019/09/05 00:00:00",KAREEYA2,21.7750
D,DISPATCH,UNIT_SCADA,1,"2019/09/05 00:00:00",KAREEYA3,0
D,DISPATCH,UNIT_SCADA,1,"2019/09/05 00:00:00",KAREEYA4,21.5225
D,DISPATCH,UNIT_SCADA,1,"2019/09/05 00:00:00",KARSF1,0
D,DISPATCH,UNIT_SCADA,1,"2019/09/05 00:00:00",KIATAWF1,0
D,DISPATCH,UNIT_SCADA,1,"2019/09/05 00:00:00",KPP_1,0
D,DISPATCH,UNIT_SCADA,1,"2019/09/05 00:00:00",KSP1,0
D,DISPATCH,UNIT_SCADA,1,"2019/09/05 00:00:00",LADBROK1,42.60
D,DISPATCH,UNIT_SCADA,1,"2019/09/05 00:00:00",LADBROK2,43
D,DISPATCH,UNIT_SCADA,1,"2019/09/05 00:00:00",LD01,420.862520
D,DISPATCH,UNIT_SCADA,1,"2019/09/05 00:00:00",LD02,399.3750
D,DISPATCH,UNIT_SCADA,1,"2019/09/05 00:00:00",LD03,416.475040
D,DISPATCH,UNIT_SCADA,1,"2019/09/05 00:00:00",LD04,377.793730
D,DISPATCH,UNIT_SCADA,1,"2019/09/05 00:00:00",LEM_WIL,83.1846
D,DISPATCH,UNIT_SCADA,1,"2019/09/05 00:00:00",LGAPWF1,16.10
D,DISPATCH,UNIT_SCADA,1,"2019/09/05 00:00:00",LILYSF1,0
D,DISPATCH,UNIT_SCADA,1,"2019/09/05 00:00:00",LI_WY_CA,164.265870
D,DISPATCH,UNIT_SCADA,1,"2019/09/05 00:00:00",LKBONNY2,26.105910
D,DISPATCH,UNIT_SCADA,1,"2019/09/05 00:00:00",LKBONNY3,8.205840
D,DISPATCH,UNIT_SCADA,1,"2019/09/05 00:00:00",LK_ECHO,0
D,DISPATCH,UNIT_SCADA,1,"2019/09/05 00:00:00",LNGS1,0
D,DISPATCH,UNIT_SCADA,1,"2019/09/05 00:00:00",LNGS2,0
D,DISPATCH,UNIT_SCADA,1,"2019/09/05 00:00:00",LONSDALE,0
D,DISPATCH,UNIT_SCADA,1,"2019/09/05 00:00:00",LOYYB1,536.088620
D,DISPATCH,UNIT_SCADA,1,"2019/09/05 00:00:00",LOYYB2,582.330380
D,DISPATCH,UNIT_SCADA,1,"2019/09/05 00:00:00",LYA1,0
D,DISPATCH,UNIT_SCADA,1,"2019/09/05 00:00:00",LYA2,0
D,DISPATCH,UNIT_SCADA,1,"2019/09/05 00:00:00",LYA3,558
D,DISPATCH,UNIT_SCADA,1,"2019/09/05 00:00:00",LYA4,539
D,DISPATCH,UNIT_SCADA,1,"2019/09/05 00:00:00",MACARTH1,22.199490
D,DISPATCH,UNIT_SCADA,1,"2019/09/05 00:00:00",MACKAYGT,0.2240
D,DISPATCH,UNIT_SCADA,1,"2019/09/05 00:00:00",MACKNTSH,89.010010
D,DISPATCH,UNIT_SCADA,1,"2019/09/05 00:00:00",MANSLR1,0
D,DISPATCH,UNIT_SCADA,1,"2019/09/05 00:00:00",MCKAY1,130.064990
D,DISPATCH,UNIT_SCADA,1,"2019/09/05 00:00:00",MEADOWBK,25.036080
D,DISPATCH,UNIT_SCADA,1,"2019/09/05 00:00:00",MERCER01,3.0930
D,DISPATCH,UNIT_SCADA,1,"2019/09/05 00:00:00",MEWF1,80.990210
D,DISPATCH,UNIT_SCADA,1,"2019/09/05 00:00:00",MINTARO,0
D,DISPATCH,UNIT_SCADA,1,"2019/09/05 00:00:00",MOREESF1,0
D,DISPATCH,UNIT_SCADA,1,"2019/09/05 00:00:00",MORTLK11,260
D,DISPATCH,UNIT_SCADA,1,"2019/09/05 00:00:00",MORTLK12,0
D,DISPATCH,UNIT_SCADA,1,"2019/09/05 00:00:00",MP1,219.725040
D,DISPATCH,UNIT_SCADA,1,"2019/09/05 00:00:00",MP2,0
D,DISPATCH,UNIT_SCADA,1,"2019/09/05 00:00:00",MPP_1,399.50
D,DISPATCH,UNIT_SCADA,1,"2019/09/05 00:00:00",MPP_2,434.75
D,DISPATCH,UNIT_SCADA,1,"2019/09/05 00:00:00",MSTUART1,0
D,DISPATCH,UNIT_SCADA,1,"2019/09/05 00:00:00",MSTUART2,0
D,DISPATCH,UNIT_SCADA,1,"2019/09/05 00:00:00",MSTUART3,0
D,DISPATCH,UNIT_SCADA,1,"2019/09/05 00:00:00",MTGELWF1,-0.3296
D,DISPATCH,UNIT_SCADA,1,"2019/09/05 00:00:00",MURRAY,229.13
D,DISPATCH,UNIT_SCADA,1,"2019/09/05 00:00:00",MUSSELR1,39
D,DISPATCH,UNIT_SCADA,1,"2019/09/05 00:00:00",MUWAWF1,-0.10
D,DISPATCH,UNIT_SCADA,1,"2019/09/05 00:00:00",NBHWF1,104.20
D,DISPATCH,UNIT_SCADA,1,"2019/09/05 00:00:00",NPS,301.1250
D,DISPATCH,UNIT_SCADA,1,"2019/09/05 00:00:00",NUMURSF1,0
D,DISPATCH,UNIT_SCADA,1,"2019/09/05 00:00:00",NYNGAN1,0
D,DISPATCH,UNIT_SCADA,1,"2019/09/05 00:00:00",OAKEY1,0
D,DISPATCH,UNIT_SCADA,1,"2019/09/05 00:00:00",OAKEY1SF,0
D,DISPATCH,UNIT_SCADA,1,"2019/09/05 00:00:00",OAKEY2,0
D,DISPATCH,UNIT_SCADA,1,"2019/09/05 00:00:00",OAKEY2SF,0
D,DISPATCH,UNIT_SCADA,1,"2019/09/05 00:00:00",OAKLAND1,-0.30
D,DISPATCH,UNIT_SCADA,1,"2019/09/05 00:00:00",OSB-AG,179.64
D,DISPATCH,UNIT_SCADA,1,"2019/09/05 00:00:00",PARSF1,0
D,DISPATCH,UNIT_SCADA,1,"2019/09/05 00:00:00",POAT110,0
D,DISPATCH,UNIT_SCADA,1,"2019/09/05 00:00:00",POAT220,2.05
D,DISPATCH,UNIT_SCADA,1,"2019/09/05 00:00:00",POR01,0
D,DISPATCH,UNIT_SCADA,1,"2019/09/05 00:00:00",POR03,0
D,DISPATCH,UNIT_SCADA,1,"2019/09/05 00:00:00",PPCCGT,481.589260
D,DISPATCH,UNIT_SCADA,1,"2019/09/05 00:00:00",PTSTAN1,0
D,DISPATCH,UNIT_SCADA,1,"2019/09/05 00:00:00",PUMP1,0
D,DISPATCH,UNIT_SCADA,1,"2019/09/05 00:00:00",PUMP2,0
D,DISPATCH,UNIT_SCADA,1,"2019/09/05 00:00:00",QPS1,29
D,DISPATCH,UNIT_SCADA,1,"2019/09/05 00:00:00",QPS2,0
D,DISPATCH,UNIT_SCADA,1,"2019/09/05 00:00:00",QPS3,0
D,DISPATCH,UNIT_SCADA,1,"2019/09/05 00:00:00",QPS4,0
D,DISPATCH,UNIT_SCADA,1,"2019/09/05 00:00:00",QPS5,0
D,DISPATCH,UNIT_SCADA,1,"2019/09/05 00:00:00",REECE1,101.300010
D,DISPATCH,UNIT_SCADA,1,"2019/09/05 00:00:00",REECE2,102.890010
D,DISPATCH,UNIT_SCADA,1,"2019/09/05 00:00:00",ROMA_7,0
D,DISPATCH,UNIT_SCADA,1,"2019/09/05 00:00:00",ROMA_8,0
D,DISPATCH,UNIT_SCADA,1,"2019/09/05 00:00:00",RRSF1,0
D,DISPATCH,UNIT_SCADA,1,"2019/09/05 00:00:00",RT_NSW1,0
D,DISPATCH,UNIT_SCADA,1,"2019/09/05 00:00:00",RT_NSW2,0
D,DISPATCH,UNIT_SCADA,1,"2019/09/05 00:00:00",RT_NSW3,0
D,DISPATCH,UNIT_SCADA,1,"2019/09/05 00:00:00",RT_NSW4,0
D,DISPATCH,UNIT_SCADA,1,"2019/09/05 00:00:00",RT_NSW5,0
D,DISPATCH,UNIT_SCADA,1,"2019/09/05 00:00:00",RT_NSW6,0
D,DISPATCH,UNIT_SCADA,1,"2019/09/05 00:00:00",RT_QLD1,0
D,DISPATCH,UNIT_SCADA,1,"2019/09/05 00:00:00",RT_SA1,0
D,DISPATCH,UNIT_SCADA,1,"2019/09/05 00:00:00",RT_SA2,0
D,DISPATCH,UNIT_SCADA,1,"2019/09/05 00:00:00",RT_SA3,0
D,DISPATCH,UNIT_SCADA,1,"2019/09/05 00:00:00",RT_SA4,0
D,DISPATCH,UNIT_SCADA,1,"2019/09/05 00:00:00",RT_SA5,0
D,DISPATCH,UNIT_SCADA,1,"2019/09/05 00:00:00",RT_SA6,0
D,DISPATCH,UNIT_SCADA,1,"2019/09/05 00:00:00",RT_TAS1,0
D,DISPATCH,UNIT_SCADA,1,"2019/09/05 00:00:00",RT_VIC1,0
D,DISPATCH,UNIT_SCADA,1,"2019/09/05 00:00:00",RT_VIC10,0
D,DISPATCH,UNIT_SCADA,1,"2019/09/05 00:00:00",RT_VIC11,0
D,DISPATCH,UNIT_SCADA,1,"2019/09/05 00:00:00",RT_VIC12,0
D,DISPATCH,UNIT_SCADA,1,"2019/09/05 00:00:00",RT_VIC2,0
D,DISPATCH,UNIT_SCADA,1,"2019/09/05 00:00:00",RT_VIC3,0
D,DISPATCH,UNIT_SCADA,1,"2019/09/05 00:00:00",RT_VIC4,0
D,DISPATCH,UNIT_SCADA,1,"2019/09/05 00:00:00",RT_VIC5,0
D,DISPATCH,UNIT_SCADA,1,"2019/09/05 00:00:00",RT_VIC6,0
D,DISPATCH,UNIT_SCADA,1,"2019/09/05 00:00:00",RT_VIC7,0
D,DISPATCH,UNIT_SCADA,1,"2019/09/05 00:00:00",RT_VIC8,0
D,DISPATCH,UNIT_SCADA,1,"2019/09/05 00:00:00",RT_VIC9,0
D,DISPATCH,UNIT_SCADA,1,"2019/09/05 00:00:00",RUGBYR1,0
D,DISPATCH,UNIT_SCADA,1,"2019/09/05 00:00:00",SALTCRK1,2.61
D,DISPATCH,UNIT_SCADA,1,"2019/09/05 00:00:00",SAPHWF1,40.303130
D,DISPATCH,UNIT_SCADA,1,"2019/09/05 00:00:00",SHGEN,0
D,DISPATCH,UNIT_SCADA,1,"2019/09/05 00:00:00",SHPUMP,157.665990
D,DISPATCH,UNIT_SCADA,1,"2019/09/05 00:00:00",SITHE01,0.214140
D,DISPATCH,UNIT_SCADA,1,"2019/09/05 00:00:00",SMCSF1,0
D,DISPATCH,UNIT_SCADA,1,"2019/09/05 00:00:00",SNOWNTH1,4.40
D,DISPATCH,UNIT_SCADA,1,"2019/09/05 00:00:00",SNOWSTH1,24.90
D,DISPATCH,UNIT_SCADA,1,"2019/09/05 00:00:00",SNOWTWN1,11.719460
D,DISPATCH,UNIT_SCADA,1,"2019/09/05 00:00:00",SNOWYP,0
D,DISPATCH,UNIT_SCADA,1,"2019/09/05 00:00:00",SNUG1,0.019440
D,DISPATCH,UNIT_SCADA,1,"2019/09/05 00:00:00",SRSF1,0
D,DISPATCH,UNIT_SCADA,1,"2019/09/05 00:00:00",STAN-1,220.876330
D,DISPATCH,UNIT_SCADA,1,"2019/09/05 00:00:00",STAN-2,299.692990
D,DISPATCH,UNIT_SCADA,1,"2019/09/05 00:00:00",STAN-3,301.692570
D,DISPATCH,UNIT_SCADA,1,"2019/09/05 00:00:00",STAN-4,300.654330
D,DISPATCH,UNIT_SCADA,1,"2019/09/05 00:00:00",STWF1,167.816250
D,DISPATCH,UNIT_SCADA,1,"2019/09/05 00:00:00",SWAN_E,0
D,DISPATCH,UNIT_SCADA,1,"2019/09/05 00:00:00",TALWA1,408
D,DISPATCH,UNIT_SCADA,1,"2019/09/05 00:00:00",TARALGA1,81.671260
D,DISPATCH,UNIT_SCADA,1,"2019/09/05 00:00:00",TARONG#1,347.800020
D,DISPATCH,UNIT_SCADA,1,"2019/09/05 00:00:00",TARONG#2,0
D,DISPATCH,UNIT_SCADA,1,"2019/09/05 00:00:00",TARONG#3,279.800020
D,DISPATCH,UNIT_SCADA,1,"2019/09/05 00:00:00",TARONG#4,349.800020
D,DISPATCH,UNIT_SCADA,1,"2019/09/05 00:00:00",TARRALEA,71
D,DISPATCH,UNIT_SCADA,1,"2019/09/05 00:00:00",TBSF1,-0.20
D,DISPATCH,UNIT_SCADA,1,"2019/09/05 00:00:00",TNPS1,379.600010
D,DISPATCH,UNIT_SCADA,1,"2019/09/05 00:00:00",TORRA1,74.573460
D,DISPATCH,UNIT_SCADA,1,"2019/09/05 00:00:00",TORRA2,0
D,DISPATCH,UNIT_SCADA,1,"2019/09/05 00:00:00",TORRA3,0
D,DISPATCH,UNIT_SCADA,1,"2019/09/05 00:00:00",TORRA4,70.783680
D,DISPATCH,UNIT_SCADA,1,"2019/09/05 00:00:00",TORRB1,95.16
D,DISPATCH,UNIT_SCADA,1,"2019/09/05 00:00:00",TORRB2,95.06
D,DISPATCH,UNIT_SCADA,1,"2019/09/05 00:00:00",TORRB3,94.17
D,DISPATCH,UNIT_SCADA,1,"2019/09/05 00:00:00",TORRB4,0
D,DISPATCH,UNIT_SCADA,1,"2019/09/05 00:00:00",TREVALLN,18.50
D,DISPATCH,UNIT_SCADA,1,"2019/09/05 00:00:00",TRIBUTE,0
D,DISPATCH,UNIT_SCADA,1,"2019/09/05 00:00:00",TUMUT3,0
D,DISPATCH,UNIT_SCADA,1,"2019/09/05 00:00:00",TUNGATIN,123.470030
D,DISPATCH,UNIT_SCADA,1,"2019/09/05 00:00:00",TVCC201,0
D,DISPATCH,UNIT_SCADA,1,"2019/09/05 00:00:00",TVPP104,0
D,DISPATCH,UNIT_SCADA,1,"2019/09/05 00:00:00",UPPTUMUT,0
D,DISPATCH,UNIT_SCADA,1,"2019/09/05 00:00:00",URANQ11,0
D,DISPATCH,UNIT_SCADA,1,"2019/09/05 00:00:00",URANQ12,0
D,DISPATCH,UNIT_SCADA,1,"2019/09/05 00:00:00",URANQ13,0
D,DISPATCH,UNIT_SCADA,1,"2019/09/05 00:00:00",URANQ14,0
D,DISPATCH,UNIT_SCADA,1,"2019/09/05 00:00:00",VP5,624.75
D,DISPATCH,UNIT_SCADA,1,"2019/09/05 00:00:00",VP6,0
D,DISPATCH,UNIT_SCADA,1,"2019/09/05 00:00:00",VPGS1,0
D,DISPATCH,UNIT_SCADA,1,"2019/09/05 00:00:00",VPGS2,0
D,DISPATCH,UNIT_SCADA,1,"2019/09/05 00:00:00",VPGS3,0
D,DISPATCH,UNIT_SCADA,1,"2019/09/05 00:00:00",VPGS4,0
D,DISPATCH,UNIT_SCADA,1,"2019/09/05 00:00:00",VPGS5,0
D,DISPATCH,UNIT_SCADA,1,"2019/09/05 00:00:00",VPGS6,0
D,DISPATCH,UNIT_SCADA,1,"2019/09/05 00:00:00",W/HOE#1,0
D,DISPATCH,UNIT_SCADA,1,"2019/09/05 00:00:00",W/HOE#2,0
D,DISPATCH,UNIT_SCADA,1,"2019/09/05 00:00:00",WATERLWF,3.40
D,DISPATCH,UNIT_SCADA,1,"2019/09/05 00:00:00",WEMENSF1,0
D,DISPATCH,UNIT_SCADA,1,"2019/09/05 00:00:00",WGWF1,41
D,DISPATCH,UNIT_SCADA,1,"2019/09/05 00:00:00",WHITSF1,0
D,DISPATCH,UNIT_SCADA,1,"2019/09/05 00:00:00",WKIEWA1,14.40
D,DISPATCH,UNIT_SCADA,1,"2019/09/05 00:00:00",WKIEWA2,14.60
D,DISPATCH,UNIT_SCADA,1,"2019/09/05 00:00:00",WOODLWN1,18.476990
D,DISPATCH,UNIT_SCADA,1,"2019/09/05 00:00:00",WRSF1,0
D,DISPATCH,UNIT_SCADA,1,"2019/09/05 00:00:00",WRWF1,52.8450
D,DISPATCH,UNIT_SCADA,1,"2019/09/05 00:00:00",YABULU,0
D,DISPATCH,UNIT_SCADA,1,"2019/09/05 00:00:00",YABULU2,0
D,DISPATCH,UNIT_SCADA,1,"2019/09/05 00:00:00",YARWUN_1,159.95
D,DISPATCH,UNIT_SCADA,1,"2019/09/05 00:00:00",YENDWF1,-1.01
D,DISPATCH,UNIT_SCADA,1,"2019/09/05 00:00:00",YWPS1,380.701260
D,DISPATCH,UNIT_SCADA,1,"2019/09/05 00:00:00",YWPS2,278.944310
D,DISPATCH,UNIT_SCADA,1,"2019/09/05 00:00:00",YWPS3,164.334180
D,DISPATCH,UNIT_SCADA,1,"2019/09/05 00:00:00",YWPS4,388.745570
C,"END OF REPORT",335
