C,NEMP.WORLD,DISPATCHSCADA,AEMO,PUBLIC,2019/09/05,13:30:07,0000000312423765,DISPATCHSCADA,0000000312423759
I,DISPATCH,UNIT_SCADA,1,SETTLEMENTDATE,DUID,SCADAVALUE
D,DISPATCH,UNIT_SCADA,1,"2019/09/05 13:35:00",BARCSF1,8.900001
D,DISPATCH,UNIT_SCADA,1,"2019/09/05 13:35:00",BUTLERSG,10.199999
D,DISPATCH,UNIT_SCADA,1,"2019/09/05 13:35:00",CALL_A_4,0
D,DISPATCH,UNIT_SCADA,1,"2019/09/05 13:35:00",CAPTL_WF,0
D,DISPATCH,UNIT_SCADA,1,"2019/09/05 13:35:00",CATHROCK,27.339998
D,DISPATCH,UNIT_SCADA,1,"2019/09/05 13:35:00",CHALLHWF,9.30
D,DISPATCH,UNIT_SCADA,1,"2019/09/05 13:35:00",CLOVER,-0.01
D,DISPATCH,UNIT_SCADA,1,"2019/09/05 13:35:00",CLUNY,18.1355
D,DISPATCH,UNIT_SCADA,1,"2019/09/05 13:35:00",CNUNDAWF,30.135155
D,DISPATCH,UNIT_SCADA,1,"2019/09/05 13:35:00",CULLRGWF,6.58
D,DISPATCH,UNIT_SCADA,1,"2019/09/05 13:35:00",ERGT01,0
D,DISPATCH,UNIT_SCADA,1,"2019/09/05 13:35:00",GB01,-0.002239
D,DISPATCH,UNIT_SCADA,1,"2019/09/05 13:35:00",GERMCRK,33
D,DISPATCH,UNIT_SCADA,1,"2019/09/05 13:35:00",GRIFSF1,24.699997
D,DISPATCH,UNIT_SCADA,1,"2019/09/05 13:35:00",HUGSF1,0.03
D,DISPATCH,UNIT_SCADA,1,"2019/09/05 13:35:00",LKBONNY1,45.279846
D,DISPATCH,UNIT_SCADA,1,"2019/09/05 13:35:00",LRSF1,12.997001
D,DISPATCH,UNIT_SCADA,1,"2019/09/05 13:35:00",MBAHNTH,32.793747
D,DISPATCH,UNIT_SCADA,1,"2019/09/05 13:35:00",MLSP1,2.791001
D,DISPATCH,UNIT_SCADA,1,"2019/09/05 13:35:00",MLWF1,6.96
D,DISPATCH,UNIT_SCADA,1,"2019/09/05 13:35:00",MTMILLAR,25.196281
D,DISPATCH,UNIT_SCADA,1,"2019/09/05 13:35:00",PALOONA,25.619999
D,DISPATCH,UNIT_SCADA,1,"2019/09/05 13:35:00",PIONEER,20.800001
D,DISPATCH,UNIT_SCADA,1,"2019/09/05 13:35:00",PORTWF,42.299999
D,DISPATCH,UNIT_SCADA,1,"2019/09/05 13:35:00",REPULSE,28.867018
D,DISPATCH,UNIT_SCADA,1,"2019/09/05 13:35:00",ROWALLAN,10.3802
D,DISPATCH,UNIT_SCADA,1,"2019/09/05 13:35:00",ROYALLA1,5.826001
D,DISPATCH,UNIT_SCADA,1,"2019/09/05 13:35:00",RPCG,11.70
D,DISPATCH,UNIT_SCADA,1,"2019/09/05 13:35:00",RUBICON,0
D,DISPATCH,UNIT_SCADA,1,"2019/09/05 13:35:00",SATGN1,0
D,DISPATCH,UNIT_SCADA,1,"2019/09/05 13:35:00",SATGS1,0
D,DISPATCH,UNIT_SCADA,1,"2019/09/05 13:35:00",STARHLWF,21.093849
D,DISPATCH,UNIT_SCADA,1,"2019/09/05 13:35:00",WAUBRAWF,38.549999
D,DISPATCH,UNIT_SCADA,1,"2019/09/05 13:35:00",WOOLNTH1,8.370016
D,DISPATCH,UNIT_SCADA,1,"2019/09/05 13:35:00",WPWF,73
D,DISPATCH,UNIT_SCADA,1,"2019/09/05 13:35:00",YAMBUKWF,9.10
D,DISPATCH,UNIT_SCADA,1,"2019/09/05 13:35:00",YSWF1,0.60
D,DISPATCH,UNIT_SCADA,1,"2019/09/05 13:35:00",AGLHAL,0
D,DISPATCH,UNIT_SCADA,1,"2019/09/05 13:35:00",AGLSOM,0
D,DISPATCH,UNIT_SCADA,1,"2019/09/05 13:35:00",ANGAST1,0
D,DISPATCH,UNIT_SCADA,1,"2019/09/05 13:35:00",ARWF1,34.60
D,DISPATCH,UNIT_SCADA,1,"2019/09/05 13:35:00",BALBG1,0
D,DISPATCH,UNIT_SCADA,1,"2019/09/05 13:35:00",BALBL1,0
D,DISPATCH,UNIT_SCADA,1,"2019/09/05 13:35:00",BALDHWF1,30.7010
D,DISPATCH,UNIT_SCADA,1,"2019/09/05 13:35:00",BANN1,60.01
D,DISPATCH,UNIT_SCADA,1,"2019/09/05 13:35:00",BARCALDN,0
D,DISPATCH,UNIT_SCADA,1,"2019/09/05 13:35:00",BARRON-1,0
D,DISPATCH,UNIT_SCADA,1,"2019/09/05 13:35:00",BARRON-2,0
D,DISPATCH,UNIT_SCADA,1,"2019/09/05 13:35:00",BASTYAN,80.750010
D,DISPATCH,UNIT_SCADA,1,"2019/09/05 13:35:00",BBTHREE1,0
D,DISPATCH,UNIT_SCADA,1,"2019/09/05 13:35:00",BBTHREE2,0
D,DISPATCH,UNIT_SCADA,1,"2019/09/05 13:35:00",BBTHREE3,0
D,DISPATCH,UNIT_SCADA,1,"2019/09/05 13:35:00",BDL01,0
D,DISPATCH,UNIT_SCADA,1,"2019/09/05 13:35:00",BDL02,0
D,DISPATCH,UNIT_SCADA,1,"2019/09/05 13:35:00",BERYLSF1,73.580250
D,DISPATCH,UNIT_SCADA,1,"2019/09/05 13:35:00",BLOWERNG,11
D,DISPATCH,UNIT_SCADA,1,"2019/09/05 13:35:00",BLUFF1,22.70
D,DISPATCH,UNIT_SCADA,1,"2019/09/05 13:35:00",BNGSF1,94.77
D,DISPATCH,UNIT_SCADA,1,"2019/09/05 13:35:00",BNGSF2,20.02
D,DISPATCH,UNIT_SCADA,1,"2019/09/05 13:35:00",BOCORWF1,3.95
D,DISPATCH,UNIT_SCADA,1,"2019/09/05 13:35:00",BODWF1,25.410450
D,DISPATCH,UNIT_SCADA,1,"2019/09/05 13:35:00",BRAEMAR1,0
D,DISPATCH,UNIT_SCADA,1,"2019/09/05 13:35:00",BRAEMAR2,0
D,DISPATCH,UNIT_SCADA,1,"2019/09/05 13:35:00",BRAEMAR3,0
D,DISPATCH,UNIT_SCADA,1,"2019/09/05 13:35:00",BRAEMAR5,0
D,DISPATCH,UNIT_SCADA,1,"2019/09/05 13:35:00",BRAEMAR6,0
D,DISPATCH,UNIT_SCADA,1,"2019/09/05 13:35:00",BRAEMAR7,0
D,DISPATCH,UNIT_SCADA,1,"2019/09/05 13:35:00",BROKENH1,52.734130
D,DISPATCH,UNIT_SCADA,1,"2019/09/05 13:35:00",BW01,549.50
D,DISPATCH,UNIT_SCADA,1,"2019/09/05 13:35:00",BW02,616.724980
D,DISPATCH,UNIT_SCADA,1,"2019/09/05 13:35:00",BW03,634.550050
D,DISPATCH,UNIT_SCADA,1,"2019/09/05 13:35:00",BW04,0
D,DISPATCH,UNIT_SCADA,1,"2019/09/05 13:35:00",CALL_B_1,303.700010
D,DISPATCH,UNIT_SCADA,1,"2019/09/05 13:35:00",CALL_B_2,223.70
D,DISPATCH,UNIT_SCADA,1,"2019/09/05 13:35:00",CETHANA,96.388250
D,DISPATCH,UNIT_SCADA,1,"2019/09/05 13:35:00",CG1,0
D,DISPATCH,UNIT_SCADA,1,"2019/09/05 13:35:00",CG2,0
D,DISPATCH,UNIT_SCADA,1,"2019/09/05 13:35:00",CG3,0
D,DISPATCH,UNIT_SCADA,1,"2019/09/05 13:35:00",CG4,0
D,DISPATCH,UNIT_SCADA,1,"2019/09/05 13:35:00",CHILDSF1,51.58
D,DISPATCH,UNIT_SCADA,1,"2019/09/05 13:35:00",CLARESF1,2.0313
D,DISPATCH,UNIT_SCADA,1,"2019/09/05 13:35:00",CLEMGPWF,42.428620
D,DISPATCH,UNIT_SCADA,1,"2019/09/05 13:35:00",CLERMSF1,0.30
D,DISPATCH,UNIT_SCADA,1,"2019/09/05 13:35:00",COLEASF1,124.199990
D,DISPATCH,UNIT_SCADA,1,"2019/09/05 13:35:00",COOPGWF1,2.007760
D,DISPATCH,UNIT_SCADA,1,"2019/09/05 13:35:00",CPP_3,200.20
D,DISPATCH,UNIT_SCADA,1,"2019/09/05 13:35:00",CPP_4,180.95
D,DISPATCH,UNIT_SCADA,1,"2019/09/05 13:35:00",CPSA,75.966870
D,DISPATCH,UNIT_SCADA,1,"2019/09/05 13:35:00",CROOKWF2,6.483750
D,DISPATCH,UNIT_SCADA,1,"2019/09/05 13:35:00",CROWLWF1,4.233220
D,DISPATCH,UNIT_SCADA,1,"2019/09/05 13:35:00",CSPVPS1,32.0430
D,DISPATCH,UNIT_SCADA,1,"2019/09/05 13:35:00",DALNTH01,0
D,DISPATCH,UNIT_SCADA,1,"2019/09/05 13:35:00",DALNTHL1,0.975050
D,DISPATCH,UNIT_SCADA,1,"2019/09/05 13:35:00",DARTM1,0
D,DISPATCH,UNIT_SCADA,1,"2019/09/05 13:35:00",DAYDSF1,0
D,DISPATCH,UNIT_SCADA,1,"2019/09/05 13:35:00",DDPS1,0
D,DISPATCH,UNIT_SCADA,1,"2019/09/05 13:35:00",DDSF1,104.603650
D,DISPATCH,UNIT_SCADA,1,"2019/09/05 13:35:00",DEVILS_G,63.561510
D,DISPATCH,UNIT_SCADA,1,"2019/09/05 13:35:00",DG_NSW1,0
D,DISPATCH,UNIT_SCADA,1,"2019/09/05 13:35:00",DG_QLD1,0
D,DISPATCH,UNIT_SCADA,1,"2019/09/05 13:35:00",DG_SA1,0
D,DISPATCH,UNIT_SCADA,1,"2019/09/05 13:35:00",DG_TAS1,0
D,DISPATCH,UNIT_SCADA,1,"2019/09/05 13:35:00",DG_VIC1,0
D,DISPATCH,UNIT_SCADA,1,"2019/09/05 13:35:00",DRYCGT1,0
D,DISPATCH,UNIT_SCADA,1,"2019/09/05 13:35:00",DRYCGT2,0
D,DISPATCH,UNIT_SCADA,1,"2019/09/05 13:35:00",DRYCGT3,0
D,DISPATCH,UNIT_SCADA,1,"2019/09/05 13:35:00",EILDON1,0
D,DISPATCH,UNIT_SCADA,1,"2019/09/05 13:35:00",EILDON2,0
D,DISPATCH,UNIT_SCADA,1,"2019/09/05 13:35:00",EMERASF1,0.12
D,DISPATCH,UNIT_SCADA,1,"2019/09/05 13:35:00",ER01,567.8750
D,DISPATCH,UNIT_SCADA,1,"2019/09/05 13:35:00",ER02,363.2749
D,DISPATCH,UNIT_SCADA,1,"2019/09/05 13:35:00",ER03,0
D,DISPATCH,UNIT_SCADA,1,"2019/09/05 13:35:00",ER04,675.6250
D,DISPATCH,UNIT_SCADA,1,"2019/09/05 13:35:00",FINLYSF1,12.468750
D,DISPATCH,UNIT_SCADA,1,"2019/09/05 13:35:00",FISHER,45.87
D,DISPATCH,UNIT_SCADA,1,"2019/09/05 13:35:00",GANNBG1,18.084640
D,DISPATCH,UNIT_SCADA,1,"2019/09/05 13:35:00",GANNBL1,0
D,DISPATCH,UNIT_SCADA,1,"2019/09/05 13:35:00",GANNSF1,12.70
D,DISPATCH,UNIT_SCADA,1,"2019/09/05 13:35:00",GORDON,20.441680
D,DISPATCH,UNIT_SCADA,1,"2019/09/05 13:35:00",GSTONE1,154.524990
D,DISPATCH,UNIT_SCADA,1,"2019/09/05 13:35:00",GSTONE2,110.25
D,DISPATCH,UNIT_SCADA,1,"2019/09/05 13:35:00",GSTONE3,0
D,DISPATCH,UNIT_SCADA,1,"2019/09/05 13:35:00",GSTONE4,156.274990
D,DISPATCH,UNIT_SCADA,1,"2019/09/05 13:35:00",GSTONE5,162.75
D,DISPATCH,UNIT_SCADA,1,"2019/09/05 13:35:00",GSTONE6,157.149990
D,DISPATCH,UNIT_SCADA,1,"2019/09/05 13:35:00",GULLRSF1,9.912020
D,DISPATCH,UNIT_SCADA,1,"2019/09/05 13:35:00",GULLRWF1,11.140810
D,DISPATCH,UNIT_SCADA,1,"2019/09/05 13:35:00",GUNNING1,4.707190
D,DISPATCH,UNIT_SCADA,1,"2019/09/05 13:35:00",GUTHEGA,0
D,DISPATCH,UNIT_SCADA,1,"2019/09/05 13:35:00",HALLWF1,56.13
D,DISPATCH,UNIT_SCADA,1,"2019/09/05 13:35:00",HALLWF2,40.08
D,DISPATCH,UNIT_SCADA,1,"2019/09/05 13:35:00",HAMISF1,43.90
D,DISPATCH,UNIT_SCADA,1,"2019/09/05 13:35:00",HAUGHT11,95.8423
D,DISPATCH,UNIT_SCADA,1,"2019/09/05 13:35:00",HAYMSF1,40.6780
D,DISPATCH,UNIT_SCADA,1,"2019/09/05 13:35:00",HDWF1,49.50
D,DISPATCH,UNIT_SCADA,1,"2019/09/05 13:35:00",HDWF2,46.20
D,DISPATCH,UNIT_SCADA,1,"2019/09/05 13:35:00",HDWF3,53
D,DISPATCH,UNIT_SCADA,1,"2019/09/05 13:35:00",HPRG1,0
D,DISPATCH,UNIT_SCADA,1,"2019/09/05 13:35:00",HPRL1,40
D,DISPATCH,UNIT_SCADA,1,"2019/09/05 13:35:00",HUMENSW,0
D,DISPATCH,UNIT_SCADA,1,"2019/09/05 13:35:00",HUMEV,26.30
D,DISPATCH,UNIT_SCADA,1,"2019/09/05 13:35:00",HVGTS,0
D,DISPATCH,UNIT_SCADA,1,"2019/09/05 13:35:00",JBUTTERS,8.31
D,DISPATCH,UNIT_SCADA,1,"2019/09/05 13:35:00",JLA01,0.10
D,DISPATCH,UNIT_SCADA,1,"2019/09/05 13:35:00",JLA02,0
D,DISPATCH,UNIT_SCADA,1,"2019/09/05 13:35:00",JLA03,0
D,DISPATCH,UNIT_SCADA,1,"2019/09/05 13:35:00",JLA04,0
D,DISPATCH,UNIT_SCADA,1,"2019/09/05 13:35:00",JLB01,0
D,DISPATCH,UNIT_SCADA,1,"2019/09/05 13:35:00",JLB02,84.10
D,DISPATCH,UNIT_SCADA,1,"2019/09/05 13:35:00",JLB03,0
D,DISPATCH,UNIT_SCADA,1,"2019/09/05 13:35:00",KAREEYA1,21.55
D,DISPATCH,UNIT_SCADA,1,"2019/09/05 13:35:00",KAREEYA2,21.68
D,DISPATCH,UNIT_SCADA,1,"2019/09/05 13:35:00",KAREEYA3,0
D,DISPATCH,UNIT_SCADA,1,"2019/09/05 13:35:00",KAREEYA4,21.5875
D,DISPATCH,UNIT_SCADA,1,"2019/09/05 13:35:00",KARSF1,74.40
D,DISPATCH,UNIT_SCADA,1,"2019/09/05 13:35:00",KIATAWF1,13.60
D,DISPATCH,UNIT_SCADA,1,"2019/09/05 13:35:00",KPP_1,0
D,DISPATCH,UNIT_SCADA,1,"2019/09/05 13:35:00",KSP1,0
D,DISPATCH,UNIT_SCADA,1,"2019/09/05 13:35:00",LADBROK1,0
D,DISPATCH,UNIT_SCADA,1,"2019/09/05 13:35:00",LADBROK2,0
D,DISPATCH,UNIT_SCADA,1,"2019/09/05 13:35:00",LD01,382.668730
D,DISPATCH,UNIT_SCADA,1,"2019/09/05 13:35:00",LD02,380.943790
D,DISPATCH,UNIT_SCADA,1,"2019/09/05 13:35:00",LD03,381.431210
D,DISPATCH,UNIT_SCADA,1,"2019/09/05 13:35:00",LD04,381.243710
D,DISPATCH,UNIT_SCADA,1,"2019/09/05 13:35:00",LEM_WIL,81.141490
D,DISPATCH,UNIT_SCADA,1,"2019/09/05 13:35:00",LGAPWF1,6.44
D,DISPATCH,UNIT_SCADA,1,"2019/09/05 13:35:00",LILYSF1,87.556090
D,DISPATCH,UNIT_SCADA,1,"2019/09/05 13:35:00",LI_WY_CA,142.939360
D,DISPATCH,UNIT_SCADA,1,"2019/09/05 13:35:00",LKBONNY2,33.121140
D,DISPATCH,UNIT_SCADA,1,"2019/09/05 13:35:00",LKBONNY3,21.658940
D,DISPATCH,UNIT_SCADA,1,"2019/09/05 13:35:00",LK_ECHO,0
D,DISPATCH,UNIT_SCADA,1,"2019/09/05 13:35:00",LNGS1,0
D,DISPATCH,UNIT_SCADA,1,"2019/09/05 13:35:00",LNGS2,0
D,DISPATCH,UNIT_SCADA,1,"2019/09/05 13:35:00",LONSDALE,0
D,DISPATCH,UNIT_SCADA,1,"2019/09/05 13:35:00",LOYYB1,501.877230
D,DISPATCH,UNIT_SCADA,1,"2019/09/05 13:35:00",LOYYB2,582.330380
D,DISPATCH,UNIT_SCADA,1,"2019/09/05 13:35:00",LYA1,0
D,DISPATCH,UNIT_SCADA,1,"2019/09/05 13:35:00",LYA2,0
D,DISPATCH,UNIT_SCADA,1,"2019/09/05 13:35:00",LYA3,559
D,DISPATCH,UNIT_SCADA,1,"2019/09/05 13:35:00",LYA4,540
D,DISPATCH,UNIT_SCADA,1,"2019/09/05 13:35:00",MACARTH1,74.798270
D,DISPATCH,UNIT_SCADA,1,"2019/09/05 13:35:00",MACKAYGT,0.2240
D,DISPATCH,UNIT_SCADA,1,"2019/09/05 13:35:00",MACKNTSH,88.780010
D,DISPATCH,UNIT_SCADA,1,"2019/09/05 13:35:00",MANSLR1,39.5150
D,DISPATCH,UNIT_SCADA,1,"2019/09/05 13:35:00",MCKAY1,-0.0350
D,DISPATCH,UNIT_SCADA,1,"2019/09/05 13:35:00",MEADOWBK,32.0096
D,DISPATCH,UNIT_SCADA,1,"2019/09/05 13:35:00",MERCER01,10.9740
D,DISPATCH,UNIT_SCADA,1,"2019/09/05 13:35:00",MEWF1,0
D,DISPATCH,UNIT_SCADA,1,"2019/09/05 13:35:00",MINTARO,0
D,DISPATCH,UNIT_SCADA,1,"2019/09/05 13:35:00",MOREESF1,48.3680
D,DISPATCH,UNIT_SCADA,1,"2019/09/05 13:35:00",MORTLK11,124
D,DISPATCH,UNIT_SCADA,1,"2019/09/05 13:35:00",MORTLK12,0
D,DISPATCH,UNIT_SCADA,1,"2019/09/05 13:35:00",MP1,219.925050
D,DISPATCH,UNIT_SCADA,1,"2019/09/05 13:35:00",MP2,0
D,DISPATCH,UNIT_SCADA,1,"2019/09/05 13:35:00",MPP_1,320.50
D,DISPATCH,UNIT_SCADA,1,"2019/09/05 13:35:00",MPP_2,250.25
D,DISPATCH,UNIT_SCADA,1,"2019/09/05 13:35:00",MSTUART1,0
D,DISPATCH,UNIT_SCADA,1,"2019/09/05 13:35:00",MSTUART2,0
D,DISPATCH,UNIT_SCADA,1,"2019/09/05 13:35:00",MSTUART3,0
D,DISPATCH,UNIT_SCADA,1,"2019/09/05 13:35:00",MTGELWF1,13.373210
D,DISPATCH,UNIT_SCADA,1,"2019/09/05 13:35:00",MURRAY,0
D,DISPATCH,UNIT_SCADA,1,"2019/09/05 13:35:00",MUSSELR1,-0.50
D,DISPATCH,UNIT_SCADA,1,"2019/09/05 13:35:00",MUWAWF1,5.82
D,DISPATCH,UNIT_SCADA,1,"2019/09/05 13:35:00",NBHWF1,62.40
D,DISPATCH,UNIT_SCADA,1,"2019/09/05 13:35:00",NPS,0
D,DISPATCH,UNIT_SCADA,1,"2019/09/05 13:35:00",NUMURSF1,58.89
D,DISPATCH,UNIT_SCADA,1,"2019/09/05 13:35:00",NYNGAN1,99.75
D,DISPATCH,UNIT_SCADA,1,"2019/09/05 13:35:00",OAKEY1,0
D,DISPATCH,UNIT_SCADA,1,"2019/09/05 13:35:00",OAKEY1SF,23.2910
D,DISPATCH,UNIT_SCADA,1,"2019/09/05 13:35:00",OAKEY2,0
D,DISPATCH,UNIT_SCADA,1,"2019/09/05 13:35:00",OAKEY2SF,0
D,DISPATCH,UNIT_SCADA,1,"2019/09/05 13:35:00",OAKLAND1,13.20
D,DISPATCH,UNIT_SCADA,1,"2019/09/05 13:35:00",OSB-AG,140.989990
D,DISPATCH,UNIT_SCADA,1,"2019/09/05 13:35:00",PARSF1,44.70
D,DISPATCH,UNIT_SCADA,1,"2019/09/05 13:35:00",POAT110,0
D,DISPATCH,UNIT_SCADA,1,"2019/09/05 13:35:00",POAT220,1.70
D,DISPATCH,UNIT_SCADA,1,"2019/09/05 13:35:00",POR01,0
D,DISPATCH,UNIT_SCADA,1,"2019/09/05 13:35:00",POR03,0
D,DISPATCH,UNIT_SCADA,1,"2019/09/05 13:35:00",PPCCGT,176.236620
D,DISPATCH,UNIT_SCADA,1,"2019/09/05 13:35:00",PTSTAN1,0
D,DISPATCH,UNIT_SCADA,1,"2019/09/05 13:35:00",PUMP1,0
D,DISPATCH,UNIT_SCADA,1,"2019/09/05 13:35:00",PUMP2,0
D,DISPATCH,UNIT_SCADA,1,"2019/09/05 13:35:00",QPS1,0
D,DISPATCH,UNIT_SCADA,1,"2019/09/05 13:35:00",QPS2,0
D,DISPATCH,UNIT_SCADA,1,"2019/09/05 13:35:00",QPS3,0
D,DISPATCH,UNIT_SCADA,1,"2019/09/05 13:35:00",QPS4,0
D,DISPATCH,UNIT_SCADA,1,"2019/09/05 13:35:00",QPS5,0
D,DISPATCH,UNIT_SCADA,1,"2019/09/05 13:35:00",REECE1,98.970010
D,DISPATCH,UNIT_SCADA,1,"2019/09/05 13:35:00",REECE2,90.570010
D,DISPATCH,UNIT_SCADA,1,"2019/09/05 13:35:00",ROMA_7,0
D,DISPATCH,UNIT_SCADA,1,"2019/09/05 13:35:00",ROMA_8,0
D,DISPATCH,UNIT_SCADA,1,"2019/09/05 13:35:00",RRSF1,110.928050
D,DISPATCH,UNIT_SCADA,1,"2019/09/05 13:35:00",RT_NSW1,0
D,DISPATCH,UNIT_SCADA,1,"2019/09/05 13:35:00",RT_NSW2,0
D,DISPATCH,UNIT_SCADA,1,"2019/09/05 13:35:00",RT_NSW3,0
D,DISPATCH,UNIT_SCADA,1,"2019/09/05 13:35:00",RT_NSW4,0
D,DISPATCH,UNIT_SCADA,1,"2019/09/05 13:35:00",RT_NSW5,0
D,DISPATCH,UNIT_SCADA,1,"2019/09/05 13:35:00",RT_NSW6,0
D,DISPATCH,UNIT_SCADA,1,"2019/09/05 13:35:00",RT_QLD1,0
D,DISPATCH,UNIT_SCADA,1,"2019/09/05 13:35:00",RT_SA1,0
D,DISPATCH,UNIT_SCADA,1,"2019/09/05 13:35:00",RT_SA2,0
D,DISPATCH,UNIT_SCADA,1,"2019/09/05 13:35:00",RT_SA3,0
D,DISPATCH,UNIT_SCADA,1,"2019/09/05 13:35:00",RT_SA4,0
D,DISPATCH,UNIT_SCADA,1,"2019/09/05 13:35:00",RT_SA5,0
D,DISPATCH,UNIT_SCADA,1,"2019/09/05 13:35:00",RT_SA6,0
D,DISPATCH,UNIT_SCADA,1,"2019/09/05 13:35:00",RT_TAS1,0
D,DISPATCH,UNIT_SCADA,1,"2019/09/05 13:35:00",RT_VIC1,0
D,DISPATCH,UNIT_SCADA,1,"2019/09/05 13:35:00",RT_VIC10,0
D,DISPATCH,UNIT_SCADA,1,"2019/09/05 13:35:00",RT_VIC11,0
D,DISPATCH,UNIT_SCADA,1,"2019/09/05 13:35:00",RT_VIC12,0
D,DISPATCH,UNIT_SCADA,1,"2019/09/05 13:35:00",RT_VIC2,0
D,DISPATCH,UNIT_SCADA,1,"2019/09/05 13:35:00",RT_VIC3,0
D,DISPATCH,UNIT_SCADA,1,"2019/09/05 13:35:00",RT_VIC4,0
D,DISPATCH,UNIT_SCADA,1,"2019/09/05 13:35:00",RT_VIC5,0
D,DISPATCH,UNIT_SCADA,1,"2019/09/05 13:35:00",RT_VIC6,0
D,DISPATCH,UNIT_SCADA,1,"2019/09/05 13:35:00",RT_VIC7,0
D,DISPATCH,UNIT_SCADA,1,"2019/09/05 13:35:00",RT_VIC8,0
D,DISPATCH,UNIT_SCADA,1,"2019/09/05 13:35:00",RT_VIC9,0
D,DISPATCH,UNIT_SCADA,1,"2019/09/05 13:35:00",RUGBYR1,0
D,DISPATCH,UNIT_SCADA,1,"2019/09/05 13:35:00",SALTCRK1,18.43
D,DISPATCH,UNIT_SCADA,1,"2019/09/05 13:35:00",SAPHWF1,65.475010
D,DISPATCH,UNIT_SCADA,1,"2019/09/05 13:35:00",SHGEN,0
D,DISPATCH,UNIT_SCADA,1,"2019/09/05 13:35:00",SHPUMP,157.573670
D,DISPATCH,UNIT_SCADA,1,"2019/09/05 13:35:00",SITHE01,0.224190
D,DISPATCH,UNIT_SCADA,1,"2019/09/05 13:35:00",SMCSF1,31.9482
D,DISPATCH,UNIT_SCADA,1,"2019/09/05 13:35:00",SNOWNTH1,106.30
D,DISPATCH,UNIT_SCADA,1,"2019/09/05 13:35:00",SNOWSTH1,95.60
D,DISPATCH,UNIT_SCADA,1,"2019/09/05 13:35:00",SNOWTWN1,75.391950
D,DISPATCH,UNIT_SCADA,1,"2019/09/05 13:35:00",SNOWYP,0
D,DISPATCH,UNIT_SCADA,1,"2019/09/05 13:35:00",SNUG1,0.019440
D,DISPATCH,UNIT_SCADA,1,"2019/09/05 13:35:00",SRSF1,34.42
D,DISPATCH,UNIT_SCADA,1,"2019/09/05 13:35:00",STAN-1,351.502530
D,DISPATCH,UNIT_SCADA,1,"2019/09/05 13:35:00",STAN-2,224.4525
D,DISPATCH,UNIT_SCADA,1,"2019/09/05 13:35:00",STAN-3,226.234180
D,DISPATCH,UNIT_SCADA,1,"2019/09/05 13:35:00",STAN-4,217.5437
D,DISPATCH,UNIT_SCADA,1,"2019/09/05 13:35:00",STWF1,0
D,DISPATCH,UNIT_SCADA,1,"2019/09/05 13:35:00",SWAN_E,0
D,DISPATCH,UNIT_SCADA,1,"2019/09/05 13:35:00",TALWA1,299
D,DISPATCH,UNIT_SCADA,1,"2019/09/05 13:35:00",TARALGA1,15.194990
D,DISPATCH,UNIT_SCADA,1,"2019/09/05 13:35:00",TARONG#1,349.399990
D,DISPATCH,UNIT_SCADA,1,"2019/09/05 13:35:00",TARONG#2,0
D,DISPATCH,UNIT_SCADA,1,"2019/09/05 13:35:00",TARONG#3,280.100010
D,DISPATCH,UNIT_SCADA,1,"2019/09/05 13:35:00",TARONG#4,349.200010
D,DISPATCH,UNIT_SCADA,1,"2019/09/05 13:35:00",TARRALEA,71
D,DISPATCH,UNIT_SCADA,1,"2019/09/05 13:35:00",TBSF1,0
D,DISPATCH,UNIT_SCADA,1,"2019/09/05 13:35:00",TNPS1,379.300020
D,DISPATCH,UNIT_SCADA,1,"2019/09/05 13:35:00",TORRA1,42.353240
D,DISPATCH,UNIT_SCADA,1,"2019/09/05 13:35:00",TORRA2,0
D,DISPATCH,UNIT_SCADA,1,"2019/09/05 13:35:00",TORRA3,0
D,DISPATCH,UNIT_SCADA,1,"2019/09/05 13:35:00",TORRA4,43.516090
D,DISPATCH,UNIT_SCADA,1,"2019/09/05 13:35:00",TORRB1,40.64
D,DISPATCH,UNIT_SCADA,1,"2019/09/05 13:35:00",TORRB2,40.15
D,DISPATCH,UNIT_SCADA,1,"2019/09/05 13:35:00",TORRB3,40.52
D,DISPATCH,UNIT_SCADA,1,"2019/09/05 13:35:00",TORRB4,0
D,DISPATCH,UNIT_SCADA,1,"2019/09/05 13:35:00",TREVALLN,87.260030
D,DISPATCH,UNIT_SCADA,1,"2019/09/05 13:35:00",TRIBUTE,0
D,DISPATCH,UNIT_SCADA,1,"2019/09/05 13:35:00",TUMUT3,0
D,DISPATCH,UNIT_SCADA,1,"2019/09/05 13:35:00",TUNGATIN,6.40
D,DISPATCH,UNIT_SCADA,1,"2019/09/05 13:35:00",TVCC201,0
D,DISPATCH,UNIT_SCADA,1,"2019/09/05 13:35:00",TVPP104,0
D,DISPATCH,UNIT_SCADA,1,"2019/09/05 13:35:00",UPPTUMUT,95.665760
D,DISPATCH,UNIT_SCADA,1,"2019/09/05 13:35:00",URANQ11,0
D,DISPATCH,UNIT_SCADA,1,"2019/09/05 13:35:00",URANQ12,0
D,DISPATCH,UNIT_SCADA,1,"2019/09/05 13:35:00",URANQ13,163.549990
D,DISPATCH,UNIT_SCADA,1,"2019/09/05 13:35:00",URANQ14,0
D,DISPATCH,UNIT_SCADA,1,"2019/09/05 13:35:00",VP5,522
D,DISPATCH,UNIT_SCADA,1,"2019/09/05 13:35:00",VP6,0
D,DISPATCH,UNIT_SCADA,1,"2019/09/05 13:35:00",VPGS1,0
D,DISPATCH,UNIT_SCADA,1,"2019/09/05 13:35:00",VPGS2,0
D,DISPATCH,UNIT_SCADA,1,"2019/09/05 13:35:00",VPGS3,0
D,DISPATCH,UNIT_SCADA,1,"2019/09/05 13:35:00",VPGS4,0
D,DISPATCH,UNIT_SCADA,1,"2019/09/05 13:35:00",VPGS5,0
D,DISPATCH,UNIT_SCADA,1,"2019/09/05 13:35:00",VPGS6,0
D,DISPATCH,UNIT_SCADA,1,"2019/09/05 13:35:00",W/HOE#1,0
D,DISPATCH,UNIT_SCADA,1,"2019/09/05 13:35:00",W/HOE#2,0
D,DISPATCH,UNIT_SCADA,1,"2019/09/05 13:35:00",WATERLWF,78.30
D,DISPATCH,UNIT_SCADA,1,"2019/09/05 13:35:00",WEMENSF1,75
D,DISPATCH,UNIT_SCADA,1,"2019/09/05 13:35:00",WGWF1,49.70
D,DISPATCH,UNIT_SCADA,1,"2019/09/05 13:35:00",WHITSF1,0
D,DISPATCH,UNIT_SCADA,1,"2019/09/05 13:35:00",WKIEWA1,0
D,DISPATCH,UNIT_SCADA,1,"2019/09/05 13:35:00",WKIEWA2,0.10
D,DISPATCH,UNIT_SCADA,1,"2019/09/05 13:35:00",WOODLWN1,3.248990
D,DISPATCH,UNIT_SCADA,1,"2019/09/05 13:35:00",WRSF1,19.33
D,DISPATCH,UNIT_SCADA,1,"2019/09/05 13:35:00",WRWF1,82.674990
D,DISPATCH,UNIT_SCADA,1,"2019/09/05 13:35:00",YABULU,0
D,DISPATCH,UNIT_SCADA,1,"2019/09/05 13:35:00",YABULU2,0
D,DISPATCH,UNIT_SCADA,1,"2019/09/05 13:35:00",YARWUN_1,118.899990
D,DISPATCH,UNIT_SCADA,1,"2019/09/05 13:35:00",YENDWF1,19.07
D,DISPATCH,UNIT_SCADA,1,"2019/09/05 13:35:00",YWPS1,380.450620
D,DISPATCH,UNIT_SCADA,1,"2019/09/05 13:35:00",YWPS2,283.455690
D,DISPATCH,UNIT_SCADA,1,"2019/09/05 13:35:00",YWPS3,328.620240
D,DISPATCH,UNIT_SCADA,1,"2019/09/05 13:35:00",YWPS4,390.721530
C,"END OF REPORT",335
