C,NEMP.WORLD,DISPATCHSCADA,AEMO,PUBLIC,2019/08/19,20:05:07,0000000311759022,DISPATCHSCADA,0000000311759016
I,DISPATCH,UNIT_SCADA,1,SETTLEMENTDATE,DUID,SCADAVALUE
D,DISPATCH,UNIT_SCADA,1,"2019/08/19 20:10:00",BARCSF1,1.10
D,DISPATCH,UNIT_SCADA,1,"2019/08/19 20:10:00",BUTLERSG,9.799998
D,DISPATCH,UNIT_SCADA,1,"2019/08/19 20:10:00",CALL_A_4,0
D,DISPATCH,UNIT_SCADA,1,"2019/08/19 20:10:00",CAPTL_WF,125.82
D,DISPATCH,UNIT_SCADA,1,"2019/08/19 20:10:00",CATHROCK,34.549999
D,DISPATCH,UNIT_SCADA,1,"2019/08/19 20:10:00",CHALLHWF,13.80
D,DISPATCH,UNIT_SCADA,1,"2019/08/19 20:10:00",CLOVER,-0.01
D,DISPATCH,UNIT_SCADA,1,"2019/08/19 20:10:00",CLUNY,12.148775
D,DISPATCH,UNIT_SCADA,1,"2019/08/19 20:10:00",CNUNDAWF,36.142162
D,DISPATCH,UNIT_SCADA,1,"2019/08/19 20:10:00",CULLRGWF,29.68
D,DISPATCH,UNIT_SCADA,1,"2019/08/19 20:10:00",ERGT01,0
D,DISPATCH,UNIT_SCADA,1,"2019/08/19 20:10:00",GB01,0.068871
D,DISPATCH,UNIT_SCADA,1,"2019/08/19 20:10:00",GERMCRK,37.700001
D,DISPATCH,UNIT_SCADA,1,"2019/08/19 20:10:00",GRIFSF1,0
D,DISPATCH,UNIT_SCADA,1,"2019/08/19 20:10:00",HUGSF1,-0.1880
D,DISPATCH,UNIT_SCADA,1,"2019/08/19 20:10:00",LKBONNY1,47.869820
D,DISPATCH,UNIT_SCADA,1,"2019/08/19 20:10:00",LRSF1,0.0240
D,DISPATCH,UNIT_SCADA,1,"2019/08/19 20:10:00",MBAHNTH,58.031250
D,DISPATCH,UNIT_SCADA,1,"2019/08/19 20:10:00",MLSP1,0.304001
D,DISPATCH,UNIT_SCADA,1,"2019/08/19 20:10:00",MLWF1,10.11
D,DISPATCH,UNIT_SCADA,1,"2019/08/19 20:10:00",MTMILLAR,5.141946
D,DISPATCH,UNIT_SCADA,1,"2019/08/19 20:10:00",PALOONA,12.83
D,DISPATCH,UNIT_SCADA,1,"2019/08/19 20:10:00",PIONEER,39.700001
D,DISPATCH,UNIT_SCADA,1,"2019/08/19 20:10:00",PORTWF,137
D,DISPATCH,UNIT_SCADA,1,"2019/08/19 20:10:00",REPULSE,29.031815
D,DISPATCH,UNIT_SCADA,1,"2019/08/19 20:10:00",ROWALLAN,9.8619
D,DISPATCH,UNIT_SCADA,1,"2019/08/19 20:10:00",ROYALLA1,0
D,DISPATCH,UNIT_SCADA,1,"2019/08/19 20:10:00",RPCG,-2.10
D,DISPATCH,UNIT_SCADA,1,"2019/08/19 20:10:00",RUBICON,0
D,DISPATCH,UNIT_SCADA,1,"2019/08/19 20:10:00",SATGN1,0
D,DISPATCH,UNIT_SCADA,1,"2019/08/19 20:10:00",SATGS1,0
D,DISPATCH,UNIT_SCADA,1,"2019/08/19 20:10:00",STARHLWF,10.296997
D,DISPATCH,UNIT_SCADA,1,"2019/08/19 20:10:00",WAUBRAWF,105.220001
D,DISPATCH,UNIT_SCADA,1,"2019/08/19 20:10:00",WOOLNTH1,131.480026
D,DISPATCH,UNIT_SCADA,1,"2019/08/19 20:10:00",WPWF,9
D,DISPATCH,UNIT_SCADA,1,"2019/08/19 20:10:00",YAMBUKWF,14.80
D,DISPATCH,UNIT_SCADA,1,"2019/08/19 20:10:00",YSWF1,25.40
D,DISPATCH,UNIT_SCADA,1,"2019/08/19 20:10:00",AGLHAL,0
D,DISPATCH,UNIT_SCADA,1,"2019/08/19 20:10:00",AGLSOM,39.90
D,DISPATCH,UNIT_SCADA,1,"2019/08/19 20:10:00",ANGAST1,0
D,DISPATCH,UNIT_SCADA,1,"2019/08/19 20:10:00",ARWF1,16.60
D,DISPATCH,UNIT_SCADA,1,"2019/08/19 20:10:00",BALBG1,0
D,DISPATCH,UNIT_SCADA,1,"2019/08/19 20:10:00",BALBL1,17.24
D,DISPATCH,UNIT_SCADA,1,"2019/08/19 20:10:00",BALDHWF1,102.87
D,DISPATCH,UNIT_SCADA,1,"2019/08/19 20:10:00",BANN1,0
D,DISPATCH,UNIT_SCADA,1,"2019/08/19 20:10:00",BARCALDN,0
D,DISPATCH,UNIT_SCADA,1,"2019/08/19 20:10:00",BARRON-1,0
D,DISPATCH,UNIT_SCADA,1,"2019/08/19 20:10:00",BARRON-2,29.16
D,DISPATCH,UNIT_SCADA,1,"2019/08/19 20:10:00",BASTYAN,77.070010
D,DISPATCH,UNIT_SCADA,1,"2019/08/19 20:10:00",BBTHREE1,0
D,DISPATCH,UNIT_SCADA,1,"2019/08/19 20:10:00",BBTHREE2,0
D,DISPATCH,UNIT_SCADA,1,"2019/08/19 20:10:00",BBTHREE3,0
D,DISPATCH,UNIT_SCADA,1,"2019/08/19 20:10:00",BDL01,42.72
D,DISPATCH,UNIT_SCADA,1,"2019/08/19 20:10:00",BDL02,44.70
D,DISPATCH,UNIT_SCADA,1,"2019/08/19 20:10:00",BERYLSF1,0
D,DISPATCH,UNIT_SCADA,1,"2019/08/19 20:10:00",BLOWERNG,0
D,DISPATCH,UNIT_SCADA,1,"2019/08/19 20:10:00",BLUFF1,14.60
D,DISPATCH,UNIT_SCADA,1,"2019/08/19 20:10:00",BNGSF1,0
D,DISPATCH,UNIT_SCADA,1,"2019/08/19 20:10:00",BNGSF2,0
D,DISPATCH,UNIT_SCADA,1,"2019/08/19 20:10:00",BOCORWF1,107.84
D,DISPATCH,UNIT_SCADA,1,"2019/08/19 20:10:00",BODWF1,52.972920
D,DISPATCH,UNIT_SCADA,1,"2019/08/19 20:10:00",BRAEMAR1,0
D,DISPATCH,UNIT_SCADA,1,"2019/08/19 20:10:00",BRAEMAR2,110.40
D,DISPATCH,UNIT_SCADA,1,"2019/08/19 20:10:00",BRAEMAR3,0
D,DISPATCH,UNIT_SCADA,1,"2019/08/19 20:10:00",BRAEMAR5,130.500020
D,DISPATCH,UNIT_SCADA,1,"2019/08/19 20:10:00",BRAEMAR6,0
D,DISPATCH,UNIT_SCADA,1,"2019/08/19 20:10:00",BRAEMAR7,129.905820
D,DISPATCH,UNIT_SCADA,1,"2019/08/19 20:10:00",BROKENH1,0
D,DISPATCH,UNIT_SCADA,1,"2019/08/19 20:10:00",BW01,657.575070
D,DISPATCH,UNIT_SCADA,1,"2019/08/19 20:10:00",BW02,660.25
D,DISPATCH,UNIT_SCADA,1,"2019/08/19 20:10:00",BW03,638.300050
D,DISPATCH,UNIT_SCADA,1,"2019/08/19 20:10:00",BW04,0
D,DISPATCH,UNIT_SCADA,1,"2019/08/19 20:10:00",CALL_B_1,350.100010
D,DISPATCH,UNIT_SCADA,1,"2019/08/19 20:10:00",CALL_B_2,280.100010
D,DISPATCH,UNIT_SCADA,1,"2019/08/19 20:10:00",CETHANA,60.163880
D,DISPATCH,UNIT_SCADA,1,"2019/08/19 20:10:00",CG1,0
D,DISPATCH,UNIT_SCADA,1,"2019/08/19 20:10:00",CG2,0
D,DISPATCH,UNIT_SCADA,1,"2019/08/19 20:10:00",CG3,0
D,DISPATCH,UNIT_SCADA,1,"2019/08/19 20:10:00",CG4,0
D,DISPATCH,UNIT_SCADA,1,"2019/08/19 20:10:00",CHILDSF1,0
D,DISPATCH,UNIT_SCADA,1,"2019/08/19 20:10:00",CLARESF1,0
D,DISPATCH,UNIT_SCADA,1,"2019/08/19 20:10:00",CLEMGPWF,7.275540
D,DISPATCH,UNIT_SCADA,1,"2019/08/19 20:10:00",CLERMSF1,0
D,DISPATCH,UNIT_SCADA,1,"2019/08/19 20:10:00",COLEASF1,0
D,DISPATCH,UNIT_SCADA,1,"2019/08/19 20:10:00",COOPGWF1,34.973880
D,DISPATCH,UNIT_SCADA,1,"2019/08/19 20:10:00",CPP_3,405.899990
D,DISPATCH,UNIT_SCADA,1,"2019/08/19 20:10:00",CPP_4,405.6250
D,DISPATCH,UNIT_SCADA,1,"2019/08/19 20:10:00",CPSA,142.218140
D,DISPATCH,UNIT_SCADA,1,"2019/08/19 20:10:00",CROOKWF2,67.063750
D,DISPATCH,UNIT_SCADA,1,"2019/08/19 20:10:00",CROWLWF1,28.451840
D,DISPATCH,UNIT_SCADA,1,"2019/08/19 20:10:00",CSPVPS1,0
D,DISPATCH,UNIT_SCADA,1,"2019/08/19 20:10:00",DALNTH01,0
D,DISPATCH,UNIT_SCADA,1,"2019/08/19 20:10:00",DALNTHL1,0.108340
D,DISPATCH,UNIT_SCADA,1,"2019/08/19 20:10:00",DARTM1,134.50
D,DISPATCH,UNIT_SCADA,1,"2019/08/19 20:10:00",DAYDSF1,0
D,DISPATCH,UNIT_SCADA,1,"2019/08/19 20:10:00",DDPS1,591.117490
D,DISPATCH,UNIT_SCADA,1,"2019/08/19 20:10:00",DDSF1,0
D,DISPATCH,UNIT_SCADA,1,"2019/08/19 20:10:00",DEVILS_G,60.590230
D,DISPATCH,UNIT_SCADA,1,"2019/08/19 20:10:00",DG_NSW1,0
D,DISPATCH,UNIT_SCADA,1,"2019/08/19 20:10:00",DG_QLD1,0
D,DISPATCH,UNIT_SCADA,1,"2019/08/19 20:10:00",DG_SA1,0
D,DISPATCH,UNIT_SCADA,1,"2019/08/19 20:10:00",DG_TAS1,0
D,DISPATCH,UNIT_SCADA,1,"2019/08/19 20:10:00",DG_VIC1,0
D,DISPATCH,UNIT_SCADA,1,"2019/08/19 20:10:00",DRYCGT1,0
D,DISPATCH,UNIT_SCADA,1,"2019/08/19 20:10:00",DRYCGT2,0
D,DISPATCH,UNIT_SCADA,1,"2019/08/19 20:10:00",DRYCGT3,0
D,DISPATCH,UNIT_SCADA,1,"2019/08/19 20:10:00",EILDON1,0
D,DISPATCH,UNIT_SCADA,1,"2019/08/19 20:10:00",EILDON2,11.92
D,DISPATCH,UNIT_SCADA,1,"2019/08/19 20:10:00",EMERASF1,0
D,DISPATCH,UNIT_SCADA,1,"2019/08/19 20:10:00",ER01,592.474980
D,DISPATCH,UNIT_SCADA,1,"2019/08/19 20:10:00",ER02,697.550050
D,DISPATCH,UNIT_SCADA,1,"2019/08/19 20:10:00",ER03,698.224980
D,DISPATCH,UNIT_SCADA,1,"2019/08/19 20:10:00",ER04,698.525020
D,DISPATCH,UNIT_SCADA,1,"2019/08/19 20:10:00",FINLYSF1,0
D,DISPATCH,UNIT_SCADA,1,"2019/08/19 20:10:00",FISHER,46.12
D,DISPATCH,UNIT_SCADA,1,"2019/08/19 20:10:00",GANNBG1,0
D,DISPATCH,UNIT_SCADA,1,"2019/08/19 20:10:00",GANNBL1,3.601740
D,DISPATCH,UNIT_SCADA,1,"2019/08/19 20:10:00",GANNSF1,0
D,DISPATCH,UNIT_SCADA,1,"2019/08/19 20:10:00",GORDON,109.958790
D,DISPATCH,UNIT_SCADA,1,"2019/08/19 20:10:00",GSTONE1,208.4250
D,DISPATCH,UNIT_SCADA,1,"2019/08/19 20:10:00",GSTONE2,219.80
D,DISPATCH,UNIT_SCADA,1,"2019/08/19 20:10:00",GSTONE3,227.3250
D,DISPATCH,UNIT_SCADA,1,"2019/08/19 20:10:00",GSTONE4,226.80
D,DISPATCH,UNIT_SCADA,1,"2019/08/19 20:10:00",GSTONE5,225.224990
D,DISPATCH,UNIT_SCADA,1,"2019/08/19 20:10:00",GSTONE6,0
D,DISPATCH,UNIT_SCADA,1,"2019/08/19 20:10:00",GULLRSF1,0
D,DISPATCH,UNIT_SCADA,1,"2019/08/19 20:10:00",GULLRWF1,110.240510
D,DISPATCH,UNIT_SCADA,1,"2019/08/19 20:10:00",GUNNING1,21.053450
D,DISPATCH,UNIT_SCADA,1,"2019/08/19 20:10:00",GUTHEGA,0
D,DISPATCH,UNIT_SCADA,1,"2019/08/19 20:10:00",HALLWF1,43.08
D,DISPATCH,UNIT_SCADA,1,"2019/08/19 20:10:00",HALLWF2,19.71
D,DISPATCH,UNIT_SCADA,1,"2019/08/19 20:10:00",HAMISF1,0
D,DISPATCH,UNIT_SCADA,1,"2019/08/19 20:10:00",HAUGHT11,0
D,DISPATCH,UNIT_SCADA,1,"2019/08/19 20:10:00",HAYMSF1,0
D,DISPATCH,UNIT_SCADA,1,"2019/08/19 20:10:00",HDWF1,32.40
D,DISPATCH,UNIT_SCADA,1,"2019/08/19 20:10:00",HDWF2,24.10
D,DISPATCH,UNIT_SCADA,1,"2019/08/19 20:10:00",HDWF3,28
D,DISPATCH,UNIT_SCADA,1,"2019/08/19 20:10:00",HPRG1,6.10
D,DISPATCH,UNIT_SCADA,1,"2019/08/19 20:10:00",HPRL1,0
D,DISPATCH,UNIT_SCADA,1,"2019/08/19 20:10:00",HUMENSW,0
D,DISPATCH,UNIT_SCADA,1,"2019/08/19 20:10:00",HUMEV,9
D,DISPATCH,UNIT_SCADA,1,"2019/08/19 20:10:00",HVGTS,0
D,DISPATCH,UNIT_SCADA,1,"2019/08/19 20:10:00",JBUTTERS,138.19
D,DISPATCH,UNIT_SCADA,1,"2019/08/19 20:10:00",JLA01,0.50
D,DISPATCH,UNIT_SCADA,1,"2019/08/19 20:10:00",JLA02,54.20
D,DISPATCH,UNIT_SCADA,1,"2019/08/19 20:10:00",JLA03,0.10
D,DISPATCH,UNIT_SCADA,1,"2019/08/19 20:10:00",JLA04,0.10
D,DISPATCH,UNIT_SCADA,1,"2019/08/19 20:10:00",JLB01,0
D,DISPATCH,UNIT_SCADA,1,"2019/08/19 20:10:00",JLB02,84
D,DISPATCH,UNIT_SCADA,1,"2019/08/19 20:10:00",JLB03,83.70
D,DISPATCH,UNIT_SCADA,1,"2019/08/19 20:10:00",KAREEYA1,21.4775
D,DISPATCH,UNIT_SCADA,1,"2019/08/19 20:10:00",KAREEYA2,21.6675
D,DISPATCH,UNIT_SCADA,1,"2019/08/19 20:10:00",KAREEYA3,0
D,DISPATCH,UNIT_SCADA,1,"2019/08/19 20:10:00",KAREEYA4,21.5975
D,DISPATCH,UNIT_SCADA,1,"2019/08/19 20:10:00",KARSF1,0
D,DISPATCH,UNIT_SCADA,1,"2019/08/19 20:10:00",KIATAWF1,27.20
D,DISPATCH,UNIT_SCADA,1,"2019/08/19 20:10:00",KPP_1,0
D,DISPATCH,UNIT_SCADA,1,"2019/08/19 20:10:00",KSP1,0
D,DISPATCH,UNIT_SCADA,1,"2019/08/19 20:10:00",LADBROK1,43.32
D,DISPATCH,UNIT_SCADA,1,"2019/08/19 20:10:00",LADBROK2,42.78
D,DISPATCH,UNIT_SCADA,1,"2019/08/19 20:10:00",LD01,419.475040
D,DISPATCH,UNIT_SCADA,1,"2019/08/19 20:10:00",LD02,420.243710
D,DISPATCH,UNIT_SCADA,1,"2019/08/19 20:10:00",LD03,417.956270
D,DISPATCH,UNIT_SCADA,1,"2019/08/19 20:10:00",LD04,378.318660
D,DISPATCH,UNIT_SCADA,1,"2019/08/19 20:10:00",LEM_WIL,59.2197
D,DISPATCH,UNIT_SCADA,1,"2019/08/19 20:10:00",LGAPWF1,5.31
D,DISPATCH,UNIT_SCADA,1,"2019/08/19 20:10:00",LILYSF1,0
D,DISPATCH,UNIT_SCADA,1,"2019/08/19 20:10:00",LI_WY_CA,142.425080
D,DISPATCH,UNIT_SCADA,1,"2019/08/19 20:10:00",LKBONNY2,132.545090
D,DISPATCH,UNIT_SCADA,1,"2019/08/19 20:10:00",LKBONNY3,36.786710
D,DISPATCH,UNIT_SCADA,1,"2019/08/19 20:10:00",LK_ECHO,0
D,DISPATCH,UNIT_SCADA,1,"2019/08/19 20:10:00",LNGS1,0
D,DISPATCH,UNIT_SCADA,1,"2019/08/19 20:10:00",LNGS2,0
D,DISPATCH,UNIT_SCADA,1,"2019/08/19 20:10:00",LONSDALE,0
D,DISPATCH,UNIT_SCADA,1,"2019/08/19 20:10:00",LOYYB1,530.825320
D,DISPATCH,UNIT_SCADA,1,"2019/08/19 20:10:00",LOYYB2,580.8266
D,DISPATCH,UNIT_SCADA,1,"2019/08/19 20:10:00",LYA1,550
D,DISPATCH,UNIT_SCADA,1,"2019/08/19 20:10:00",LYA2,0
D,DISPATCH,UNIT_SCADA,1,"2019/08/19 20:10:00",LYA3,561
D,DISPATCH,UNIT_SCADA,1,"2019/08/19 20:10:00",LYA4,541
D,DISPATCH,UNIT_SCADA,1,"2019/08/19 20:10:00",MACARTH1,136.796840
D,DISPATCH,UNIT_SCADA,1,"2019/08/19 20:10:00",MACKAYGT,0
D,DISPATCH,UNIT_SCADA,1,"2019/08/19 20:10:00",MACKNTSH,85.37
D,DISPATCH,UNIT_SCADA,1,"2019/08/19 20:10:00",MANSLR1,0
D,DISPATCH,UNIT_SCADA,1,"2019/08/19 20:10:00",MCKAY1,0.02
D,DISPATCH,UNIT_SCADA,1,"2019/08/19 20:10:00",MEADOWBK,33.953040
D,DISPATCH,UNIT_SCADA,1,"2019/08/19 20:10:00",MERCER01,110.997990
D,DISPATCH,UNIT_SCADA,1,"2019/08/19 20:10:00",MEWF1,140.083210
D,DISPATCH,UNIT_SCADA,1,"2019/08/19 20:10:00",MINTARO,0
D,DISPATCH,UNIT_SCADA,1,"2019/08/19 20:10:00",MOREESF1,0
D,DISPATCH,UNIT_SCADA,1,"2019/08/19 20:10:00",MORTLK11,203
D,DISPATCH,UNIT_SCADA,1,"2019/08/19 20:10:00",MORTLK12,0
D,DISPATCH,UNIT_SCADA,1,"2019/08/19 20:10:00",MP1,319.449950
D,DISPATCH,UNIT_SCADA,1,"2019/08/19 20:10:00",MP2,0
D,DISPATCH,UNIT_SCADA,1,"2019/08/19 20:10:00",MPP_1,427.25
D,DISPATCH,UNIT_SCADA,1,"2019/08/19 20:10:00",MPP_2,434.75
D,DISPATCH,UNIT_SCADA,1,"2019/08/19 20:10:00",MSTUART1,0
D,DISPATCH,UNIT_SCADA,1,"2019/08/19 20:10:00",MSTUART2,0
D,DISPATCH,UNIT_SCADA,1,"2019/08/19 20:10:00",MSTUART3,0
D,DISPATCH,UNIT_SCADA,1,"2019/08/19 20:10:00",MTGELWF1,64.259770
D,DISPATCH,UNIT_SCADA,1,"2019/08/19 20:10:00",MURRAY,0
D,DISPATCH,UNIT_SCADA,1,"2019/08/19 20:10:00",MUSSELR1,162.899990
D,DISPATCH,UNIT_SCADA,1,"2019/08/19 20:10:00",MUWAWF1,56.07
D,DISPATCH,UNIT_SCADA,1,"2019/08/19 20:10:00",NBHWF1,58.20
D,DISPATCH,UNIT_SCADA,1,"2019/08/19 20:10:00",NPS,507.75
D,DISPATCH,UNIT_SCADA,1,"2019/08/19 20:10:00",NUMURSF1,0
D,DISPATCH,UNIT_SCADA,1,"2019/08/19 20:10:00",NYNGAN1,0
D,DISPATCH,UNIT_SCADA,1,"2019/08/19 20:10:00",OAKEY1,0
D,DISPATCH,UNIT_SCADA,1,"2019/08/19 20:10:00",OAKEY1SF,0.05
D,DISPATCH,UNIT_SCADA,1,"2019/08/19 20:10:00",OAKEY2,0
D,DISPATCH,UNIT_SCADA,1,"2019/08/19 20:10:00",OAKLAND1,44.10
D,DISPATCH,UNIT_SCADA,1,"2019/08/19 20:10:00",OSB-AG,184.55
D,DISPATCH,UNIT_SCADA,1,"2019/08/19 20:10:00",PARSF1,0
D,DISPATCH,UNIT_SCADA,1,"2019/08/19 20:10:00",POAT110,32.2152
D,DISPATCH,UNIT_SCADA,1,"2019/08/19 20:10:00",POAT220,144.3688
D,DISPATCH,UNIT_SCADA,1,"2019/08/19 20:10:00",POR01,0
D,DISPATCH,UNIT_SCADA,1,"2019/08/19 20:10:00",POR03,0
D,DISPATCH,UNIT_SCADA,1,"2019/08/19 20:10:00",PPCCGT,497.695770
D,DISPATCH,UNIT_SCADA,1,"2019/08/19 20:10:00",PTSTAN1,0
D,DISPATCH,UNIT_SCADA,1,"2019/08/19 20:10:00",PUMP1,0
D,DISPATCH,UNIT_SCADA,1,"2019/08/19 20:10:00",PUMP2,0
D,DISPATCH,UNIT_SCADA,1,"2019/08/19 20:10:00",QPS1,29
D,DISPATCH,UNIT_SCADA,1,"2019/08/19 20:10:00",QPS2,0
D,DISPATCH,UNIT_SCADA,1,"2019/08/19 20:10:00",QPS3,24
D,DISPATCH,UNIT_SCADA,1,"2019/08/19 20:10:00",QPS4,24
D,DISPATCH,UNIT_SCADA,1,"2019/08/19 20:10:00",QPS5,0
D,DISPATCH,UNIT_SCADA,1,"2019/08/19 20:10:00",REECE1,114.310010
D,DISPATCH,UNIT_SCADA,1,"2019/08/19 20:10:00",REECE2,113.290010
D,DISPATCH,UNIT_SCADA,1,"2019/08/19 20:10:00",ROMA_7,0
D,DISPATCH,UNIT_SCADA,1,"2019/08/19 20:10:00",ROMA_8,0
D,DISPATCH,UNIT_SCADA,1,"2019/08/19 20:10:00",RRSF1,0
D,DISPATCH,UNIT_SCADA,1,"2019/08/19 20:10:00",RT_NSW1,0
D,DISPATCH,UNIT_SCADA,1,"2019/08/19 20:10:00",RT_NSW2,0
D,DISPATCH,UNIT_SCADA,1,"2019/08/19 20:10:00",RT_NSW3,0
D,DISPATCH,UNIT_SCADA,1,"2019/08/19 20:10:00",RT_NSW4,0
D,DISPATCH,UNIT_SCADA,1,"2019/08/19 20:10:00",RT_NSW5,0
D,DISPATCH,UNIT_SCADA,1,"2019/08/19 20:10:00",RT_NSW6,0
D,DISPATCH,UNIT_SCADA,1,"2019/08/19 20:10:00",RT_QLD1,0
D,DISPATCH,UNIT_SCADA,1,"2019/08/19 20:10:00",RT_SA1,0
D,DISPATCH,UNIT_SCADA,1,"2019/08/19 20:10:00",RT_SA2,0
D,DISPATCH,UNIT_SCADA,1,"2019/08/19 20:10:00",RT_SA3,0
D,DISPATCH,UNIT_SCADA,1,"2019/08/19 20:10:00",RT_SA4,0
D,DISPATCH,UNIT_SCADA,1,"2019/08/19 20:10:00",RT_SA5,0
D,DISPATCH,UNIT_SCADA,1,"2019/08/19 20:10:00",RT_SA6,0
D,DISPATCH,UNIT_SCADA,1,"2019/08/19 20:10:00",RT_TAS1,0
D,DISPATCH,UNIT_SCADA,1,"2019/08/19 20:10:00",RT_VIC1,0
D,DISPATCH,UNIT_SCADA,1,"2019/08/19 20:10:00",RT_VIC10,0
D,DISPATCH,UNIT_SCADA,1,"2019/08/19 20:10:00",RT_VIC11,0
D,DISPATCH,UNIT_SCADA,1,"2019/08/19 20:10:00",RT_VIC12,0
D,DISPATCH,UNIT_SCADA,1,"2019/08/19 20:10:00",RT_VIC2,0
D,DISPATCH,UNIT_SCADA,1,"2019/08/19 20:10:00",RT_VIC3,0
D,DISPATCH,UNIT_SCADA,1,"2019/08/19 20:10:00",RT_VIC4,0
D,DISPATCH,UNIT_SCADA,1,"2019/08/19 20:10:00",RT_VIC5,0
D,DISPATCH,UNIT_SCADA,1,"2019/08/19 20:10:00",RT_VIC6,0
D,DISPATCH,UNIT_SCADA,1,"2019/08/19 20:10:00",RT_VIC7,0
D,DISPATCH,UNIT_SCADA,1,"2019/08/19 20:10:00",RT_VIC8,0
D,DISPATCH,UNIT_SCADA,1,"2019/08/19 20:10:00",RT_VIC9,0
D,DISPATCH,UNIT_SCADA,1,"2019/08/19 20:10:00",RUGBYR1,0
D,DISPATCH,UNIT_SCADA,1,"2019/08/19 20:10:00",SALTCRK1,39.52
D,DISPATCH,UNIT_SCADA,1,"2019/08/19 20:10:00",SAPHWF1,236.090640
D,DISPATCH,UNIT_SCADA,1,"2019/08/19 20:10:00",SHGEN,202.489730
D,DISPATCH,UNIT_SCADA,1,"2019/08/19 20:10:00",SHPUMP,0
D,DISPATCH,UNIT_SCADA,1,"2019/08/19 20:10:00",SITHE01,0.123710
D,DISPATCH,UNIT_SCADA,1,"2019/08/19 20:10:00",SMCSF1,0
D,DISPATCH,UNIT_SCADA,1,"2019/08/19 20:10:00",SNOWNTH1,32.80
D,DISPATCH,UNIT_SCADA,1,"2019/08/19 20:10:00",SNOWSTH1,32.10
D,DISPATCH,UNIT_SCADA,1,"2019/08/19 20:10:00",SNOWTWN1,21.433410
D,DISPATCH,UNIT_SCADA,1,"2019/08/19 20:10:00",SNOWYP,0
D,DISPATCH,UNIT_SCADA,1,"2019/08/19 20:10:00",SNUG1,0.019440
D,DISPATCH,UNIT_SCADA,1,"2019/08/19 20:10:00",SRSF1,0.30
D,DISPATCH,UNIT_SCADA,1,"2019/08/19 20:10:00",STAN-1,0
D,DISPATCH,UNIT_SCADA,1,"2019/08/19 20:10:00",STAN-2,323.969910
D,DISPATCH,UNIT_SCADA,1,"2019/08/19 20:10:00",STAN-3,325.161960
D,DISPATCH,UNIT_SCADA,1,"2019/08/19 20:10:00",STAN-4,321.957490
D,DISPATCH,UNIT_SCADA,1,"2019/08/19 20:10:00",STWF1,25.9425
D,DISPATCH,UNIT_SCADA,1,"2019/08/19 20:10:00",SWAN_E,0
D,DISPATCH,UNIT_SCADA,1,"2019/08/19 20:10:00",TALWA1,424
D,DISPATCH,UNIT_SCADA,1,"2019/08/19 20:10:00",TARALGA1,90.273760
D,DISPATCH,UNIT_SCADA,1,"2019/08/19 20:10:00",TARONG#1,343
D,DISPATCH,UNIT_SCADA,1,"2019/08/19 20:10:00",TARONG#2,344.300020
D,DISPATCH,UNIT_SCADA,1,"2019/08/19 20:10:00",TARONG#3,260.300020
D,DISPATCH,UNIT_SCADA,1,"2019/08/19 20:10:00",TARONG#4,350.100010
D,DISPATCH,UNIT_SCADA,1,"2019/08/19 20:10:00",TARRALEA,78.90
D,DISPATCH,UNIT_SCADA,1,"2019/08/19 20:10:00",TBSF1,-0.20
D,DISPATCH,UNIT_SCADA,1,"2019/08/19 20:10:00",TNPS1,442.000030
D,DISPATCH,UNIT_SCADA,1,"2019/08/19 20:10:00",TORRA1,96.287090
D,DISPATCH,UNIT_SCADA,1,"2019/08/19 20:10:00",TORRA2,0
D,DISPATCH,UNIT_SCADA,1,"2019/08/19 20:10:00",TORRA3,51.173430
D,DISPATCH,UNIT_SCADA,1,"2019/08/19 20:10:00",TORRA4,0
D,DISPATCH,UNIT_SCADA,1,"2019/08/19 20:10:00",TORRB1,108.82
D,DISPATCH,UNIT_SCADA,1,"2019/08/19 20:10:00",TORRB2,191.34
D,DISPATCH,UNIT_SCADA,1,"2019/08/19 20:10:00",TORRB3,0
D,DISPATCH,UNIT_SCADA,1,"2019/08/19 20:10:00",TORRB4,0
D,DISPATCH,UNIT_SCADA,1,"2019/08/19 20:10:00",TREVALLN,40.300010
D,DISPATCH,UNIT_SCADA,1,"2019/08/19 20:10:00",TRIBUTE,85.09
D,DISPATCH,UNIT_SCADA,1,"2019/08/19 20:10:00",TUMUT3,621.950010
D,DISPATCH,UNIT_SCADA,1,"2019/08/19 20:10:00",TUNGATIN,120.800030
D,DISPATCH,UNIT_SCADA,1,"2019/08/19 20:10:00",TVCC201,0
D,DISPATCH,UNIT_SCADA,1,"2019/08/19 20:10:00",TVPP104,57.885170
D,DISPATCH,UNIT_SCADA,1,"2019/08/19 20:10:00",UPPTUMUT,256.2807
D,DISPATCH,UNIT_SCADA,1,"2019/08/19 20:10:00",URANQ11,0
D,DISPATCH,UNIT_SCADA,1,"2019/08/19 20:10:00",URANQ12,0
D,DISPATCH,UNIT_SCADA,1,"2019/08/19 20:10:00",URANQ13,0
D,DISPATCH,UNIT_SCADA,1,"2019/08/19 20:10:00",URANQ14,0
D,DISPATCH,UNIT_SCADA,1,"2019/08/19 20:10:00",VP5,629.700010
D,DISPATCH,UNIT_SCADA,1,"2019/08/19 20:10:00",VP6,627.825010
D,DISPATCH,UNIT_SCADA,1,"2019/08/19 20:10:00",VPGS1,0
D,DISPATCH,UNIT_SCADA,1,"2019/08/19 20:10:00",VPGS2,0
D,DISPATCH,UNIT_SCADA,1,"2019/08/19 20:10:00",VPGS3,0
D,DISPATCH,UNIT_SCADA,1,"2019/08/19 20:10:00",VPGS4,0
D,DISPATCH,UNIT_SCADA,1,"2019/08/19 20:10:00",VPGS5,0
D,DISPATCH,UNIT_SCADA,1,"2019/08/19 20:10:00",VPGS6,0
D,DISPATCH,UNIT_SCADA,1,"2019/08/19 20:10:00",W/HOE#1,200.519990
D,DISPATCH,UNIT_SCADA,1,"2019/08/19 20:10:00",W/HOE#2,0
D,DISPATCH,UNIT_SCADA,1,"2019/08/19 20:10:00",WATERLWF,47.30
D,DISPATCH,UNIT_SCADA,1,"2019/08/19 20:10:00",WEMENSF1,0
D,DISPATCH,UNIT_SCADA,1,"2019/08/19 20:10:00",WGWF1,34.40
D,DISPATCH,UNIT_SCADA,1,"2019/08/19 20:10:00",WHITSF1,0
D,DISPATCH,UNIT_SCADA,1,"2019/08/19 20:10:00",WKIEWA1,17
D,DISPATCH,UNIT_SCADA,1,"2019/08/19 20:10:00",WKIEWA2,17.20
D,DISPATCH,UNIT_SCADA,1,"2019/08/19 20:10:00",WOODLWN1,44.819990
D,DISPATCH,UNIT_SCADA,1,"2019/08/19 20:10:00",WRSF1,0
D,DISPATCH,UNIT_SCADA,1,"2019/08/19 20:10:00",WRWF1,158.068760
D,DISPATCH,UNIT_SCADA,1,"2019/08/19 20:10:00",YABULU,0
D,DISPATCH,UNIT_SCADA,1,"2019/08/19 20:10:00",YABULU2,0
D,DISPATCH,UNIT_SCADA,1,"2019/08/19 20:10:00",YARWUN_1,0
D,DISPATCH,UNIT_SCADA,1,"2019/08/19 20:10:00",YENDWF1,42.07
D,DISPATCH,UNIT_SCADA,1,"2019/08/19 20:10:00",YWPS1,380.200010
D,DISPATCH,UNIT_SCADA,1,"2019/08/19 20:10:00",YWPS2,276.437990
D,DISPATCH,UNIT_SCADA,1,"2019/08/19 20:10:00",YWPS3,0
D,DISPATCH,UNIT_SCADA,1,"2019/08/19 20:10:00",YWPS4,397.778470
C,"END OF REPORT",334
