C,NEMP.WORLD,DISPATCHSCADA,AEMO,PUBLIC,2019/08/22,10:55:10,0000000311863969,DISPATCHSCADA,0000000311863963
I,DISPATCH,UNIT_SCADA,1,SETTLEMENTDATE,DUID,SCADAVALUE
D,DISPATCH,UNIT_SCADA,1,"2019/08/22 11:00:00",BARCSF1,18
D,DISPATCH,UNIT_SCADA,1,"2019/08/22 11:00:00",BUTLERSG,9.699999
D,DISPATCH,UNIT_SCADA,1,"2019/08/22 11:00:00",CALL_A_4,0
D,DISPATCH,UNIT_SCADA,1,"2019/08/22 11:00:00",CAPTL_WF,49.351997
D,DISPATCH,UNIT_SCADA,1,"2019/08/22 11:00:00",CATHROCK,0
D,DISPATCH,UNIT_SCADA,1,"2019/08/22 11:00:00",CHALLHWF,38.599998
D,DISPATCH,UNIT_SCADA,1,"2019/08/22 11:00:00",CLOVER,0
D,DISPATCH,UNIT_SCADA,1,"2019/08/22 11:00:00",CLUNY,20.016937
D,DISPATCH,UNIT_SCADA,1,"2019/08/22 11:00:00",CNUNDAWF,10.812613
D,DISPATCH,UNIT_SCADA,1,"2019/08/22 11:00:00",CULLRGWF,29.60
D,DISPATCH,UNIT_SCADA,1,"2019/08/22 11:00:00",ERGT01,0
D,DISPATCH,UNIT_SCADA,1,"2019/08/22 11:00:00",GB01,0.055084
D,DISPATCH,UNIT_SCADA,1,"2019/08/22 11:00:00",GERMCRK,34.299999
D,DISPATCH,UNIT_SCADA,1,"2019/08/22 11:00:00",GRIFSF1,8.700005
D,DISPATCH,UNIT_SCADA,1,"2019/08/22 11:00:00",HUGSF1,8.9930
D,DISPATCH,UNIT_SCADA,1,"2019/08/22 11:00:00",LKBONNY1,22.148722
D,DISPATCH,UNIT_SCADA,1,"2019/08/22 11:00:00",LRSF1,1.3610
D,DISPATCH,UNIT_SCADA,1,"2019/08/22 11:00:00",MBAHNTH,55.425003
D,DISPATCH,UNIT_SCADA,1,"2019/08/22 11:00:00",MLSP1,11.250001
D,DISPATCH,UNIT_SCADA,1,"2019/08/22 11:00:00",MLWF1,16.440001
D,DISPATCH,UNIT_SCADA,1,"2019/08/22 11:00:00",MTMILLAR,2.336572
D,DISPATCH,UNIT_SCADA,1,"2019/08/22 11:00:00",PALOONA,28.91
D,DISPATCH,UNIT_SCADA,1,"2019/08/22 11:00:00",PIONEER,43.50
D,DISPATCH,UNIT_SCADA,1,"2019/08/22 11:00:00",PORTWF,52.599998
D,DISPATCH,UNIT_SCADA,1,"2019/08/22 11:00:00",REPULSE,29.228352
D,DISPATCH,UNIT_SCADA,1,"2019/08/22 11:00:00",ROWALLAN,10.5009
D,DISPATCH,UNIT_SCADA,1,"2019/08/22 11:00:00",ROYALLA1,19.567001
D,DISPATCH,UNIT_SCADA,1,"2019/08/22 11:00:00",RPCG,10.60
D,DISPATCH,UNIT_SCADA,1,"2019/08/22 11:00:00",RUBICON,0
D,DISPATCH,UNIT_SCADA,1,"2019/08/22 11:00:00",SATGN1,0
D,DISPATCH,UNIT_SCADA,1,"2019/08/22 11:00:00",SATGS1,0
D,DISPATCH,UNIT_SCADA,1,"2019/08/22 11:00:00",STARHLWF,1.399592
D,DISPATCH,UNIT_SCADA,1,"2019/08/22 11:00:00",WAUBRAWF,178.302002
D,DISPATCH,UNIT_SCADA,1,"2019/08/22 11:00:00",WOOLNTH1,121.550018
D,DISPATCH,UNIT_SCADA,1,"2019/08/22 11:00:00",WPWF,4
D,DISPATCH,UNIT_SCADA,1,"2019/08/22 11:00:00",YAMBUKWF,19.700001
D,DISPATCH,UNIT_SCADA,1,"2019/08/22 11:00:00",YSWF1,21.200001
D,DISPATCH,UNIT_SCADA,1,"2019/08/22 11:00:00",AGLHAL,0
D,DISPATCH,UNIT_SCADA,1,"2019/08/22 11:00:00",AGLSOM,0
D,DISPATCH,UNIT_SCADA,1,"2019/08/22 11:00:00",ANGAST1,0
D,DISPATCH,UNIT_SCADA,1,"2019/08/22 11:00:00",ARWF1,204.50
D,DISPATCH,UNIT_SCADA,1,"2019/08/22 11:00:00",BALBG1,1.21
D,DISPATCH,UNIT_SCADA,1,"2019/08/22 11:00:00",BALBL1,0
D,DISPATCH,UNIT_SCADA,1,"2019/08/22 11:00:00",BALDHWF1,99.0880
D,DISPATCH,UNIT_SCADA,1,"2019/08/22 11:00:00",BANN1,46.95
D,DISPATCH,UNIT_SCADA,1,"2019/08/22 11:00:00",BARCALDN,0
D,DISPATCH,UNIT_SCADA,1,"2019/08/22 11:00:00",BARRON-1,0
D,DISPATCH,UNIT_SCADA,1,"2019/08/22 11:00:00",BARRON-2,25.64
D,DISPATCH,UNIT_SCADA,1,"2019/08/22 11:00:00",BASTYAN,78.26
D,DISPATCH,UNIT_SCADA,1,"2019/08/22 11:00:00",BBTHREE1,-1.82
D,DISPATCH,UNIT_SCADA,1,"2019/08/22 11:00:00",BBTHREE2,-1.85
D,DISPATCH,UNIT_SCADA,1,"2019/08/22 11:00:00",BBTHREE3,0
D,DISPATCH,UNIT_SCADA,1,"2019/08/22 11:00:00",BDL01,0
D,DISPATCH,UNIT_SCADA,1,"2019/08/22 11:00:00",BDL02,-0.06
D,DISPATCH,UNIT_SCADA,1,"2019/08/22 11:00:00",BERYLSF1,35.990810
D,DISPATCH,UNIT_SCADA,1,"2019/08/22 11:00:00",BLOWERNG,0
D,DISPATCH,UNIT_SCADA,1,"2019/08/22 11:00:00",BLUFF1,0.50
D,DISPATCH,UNIT_SCADA,1,"2019/08/22 11:00:00",BNGSF1,43.09
D,DISPATCH,UNIT_SCADA,1,"2019/08/22 11:00:00",BNGSF2,20.24
D,DISPATCH,UNIT_SCADA,1,"2019/08/22 11:00:00",BOCORWF1,107.49
D,DISPATCH,UNIT_SCADA,1,"2019/08/22 11:00:00",BODWF1,107.799910
D,DISPATCH,UNIT_SCADA,1,"2019/08/22 11:00:00",BRAEMAR1,0
D,DISPATCH,UNIT_SCADA,1,"2019/08/22 11:00:00",BRAEMAR2,0
D,DISPATCH,UNIT_SCADA,1,"2019/08/22 11:00:00",BRAEMAR3,0
D,DISPATCH,UNIT_SCADA,1,"2019/08/22 11:00:00",BRAEMAR5,0
D,DISPATCH,UNIT_SCADA,1,"2019/08/22 11:00:00",BRAEMAR6,0
D,DISPATCH,UNIT_SCADA,1,"2019/08/22 11:00:00",BRAEMAR7,0
D,DISPATCH,UNIT_SCADA,1,"2019/08/22 11:00:00",BROKENH1,34.200440
D,DISPATCH,UNIT_SCADA,1,"2019/08/22 11:00:00",BW01,534.4751
D,DISPATCH,UNIT_SCADA,1,"2019/08/22 11:00:00",BW02,524.300050
D,DISPATCH,UNIT_SCADA,1,"2019/08/22 11:00:00",BW03,545.025020
D,DISPATCH,UNIT_SCADA,1,"2019/08/22 11:00:00",BW04,0
D,DISPATCH,UNIT_SCADA,1,"2019/08/22 11:00:00",CALL_B_1,275.200010
D,DISPATCH,UNIT_SCADA,1,"2019/08/22 11:00:00",CALL_B_2,279.899990
D,DISPATCH,UNIT_SCADA,1,"2019/08/22 11:00:00",CETHANA,98.483880
D,DISPATCH,UNIT_SCADA,1,"2019/08/22 11:00:00",CG1,0
D,DISPATCH,UNIT_SCADA,1,"2019/08/22 11:00:00",CG2,0
D,DISPATCH,UNIT_SCADA,1,"2019/08/22 11:00:00",CG3,0
D,DISPATCH,UNIT_SCADA,1,"2019/08/22 11:00:00",CG4,0
D,DISPATCH,UNIT_SCADA,1,"2019/08/22 11:00:00",CHILDSF1,40.12
D,DISPATCH,UNIT_SCADA,1,"2019/08/22 11:00:00",CLARESF1,11.916290
D,DISPATCH,UNIT_SCADA,1,"2019/08/22 11:00:00",CLEMGPWF,0.072040
D,DISPATCH,UNIT_SCADA,1,"2019/08/22 11:00:00",CLERMSF1,0.99
D,DISPATCH,UNIT_SCADA,1,"2019/08/22 11:00:00",COLEASF1,63.60
D,DISPATCH,UNIT_SCADA,1,"2019/08/22 11:00:00",COOPGWF1,33.278730
D,DISPATCH,UNIT_SCADA,1,"2019/08/22 11:00:00",CPP_3,405.075010
D,DISPATCH,UNIT_SCADA,1,"2019/08/22 11:00:00",CPP_4,229.6250
D,DISPATCH,UNIT_SCADA,1,"2019/08/22 11:00:00",CPSA,88.584370
D,DISPATCH,UNIT_SCADA,1,"2019/08/22 11:00:00",CROOKWF2,80.5650
D,DISPATCH,UNIT_SCADA,1,"2019/08/22 11:00:00",CROWLWF1,46.708740
D,DISPATCH,UNIT_SCADA,1,"2019/08/22 11:00:00",CSPVPS1,32.10
D,DISPATCH,UNIT_SCADA,1,"2019/08/22 11:00:00",DALNTH01,0
D,DISPATCH,UNIT_SCADA,1,"2019/08/22 11:00:00",DALNTHL1,0.074770
D,DISPATCH,UNIT_SCADA,1,"2019/08/22 11:00:00",DARTM1,134.899990
D,DISPATCH,UNIT_SCADA,1,"2019/08/22 11:00:00",DAYDSF1,0
D,DISPATCH,UNIT_SCADA,1,"2019/08/22 11:00:00",DDPS1,0
D,DISPATCH,UNIT_SCADA,1,"2019/08/22 11:00:00",DDSF1,108.789760
D,DISPATCH,UNIT_SCADA,1,"2019/08/22 11:00:00",DEVILS_G,0
D,DISPATCH,UNIT_SCADA,1,"2019/08/22 11:00:00",DG_NSW1,0
D,DISPATCH,UNIT_SCADA,1,"2019/08/22 11:00:00",DG_QLD1,0
D,DISPATCH,UNIT_SCADA,1,"2019/08/22 11:00:00",DG_SA1,0
D,DISPATCH,UNIT_SCADA,1,"2019/08/22 11:00:00",DG_TAS1,0
D,DISPATCH,UNIT_SCADA,1,"2019/08/22 11:00:00",DG_VIC1,0
D,DISPATCH,UNIT_SCADA,1,"2019/08/22 11:00:00",DRYCGT1,0
D,DISPATCH,UNIT_SCADA,1,"2019/08/22 11:00:00",DRYCGT2,0
D,DISPATCH,UNIT_SCADA,1,"2019/08/22 11:00:00",DRYCGT3,0
D,DISPATCH,UNIT_SCADA,1,"2019/08/22 11:00:00",EILDON1,0
D,DISPATCH,UNIT_SCADA,1,"2019/08/22 11:00:00",EILDON2,0
D,DISPATCH,UNIT_SCADA,1,"2019/08/22 11:00:00",EMERASF1,61.92
D,DISPATCH,UNIT_SCADA,1,"2019/08/22 11:00:00",ER01,368.900020
D,DISPATCH,UNIT_SCADA,1,"2019/08/22 11:00:00",ER02,397.599980
D,DISPATCH,UNIT_SCADA,1,"2019/08/22 11:00:00",ER03,698.949950
D,DISPATCH,UNIT_SCADA,1,"2019/08/22 11:00:00",ER04,392.275020
D,DISPATCH,UNIT_SCADA,1,"2019/08/22 11:00:00",FINLYSF1,3.855940
D,DISPATCH,UNIT_SCADA,1,"2019/08/22 11:00:00",FISHER,45.86
D,DISPATCH,UNIT_SCADA,1,"2019/08/22 11:00:00",GANNBG1,0
D,DISPATCH,UNIT_SCADA,1,"2019/08/22 11:00:00",GANNBL1,5.329240
D,DISPATCH,UNIT_SCADA,1,"2019/08/22 11:00:00",GANNSF1,28.20
D,DISPATCH,UNIT_SCADA,1,"2019/08/22 11:00:00",GORDON,19.085360
D,DISPATCH,UNIT_SCADA,1,"2019/08/22 11:00:00",GSTONE1,109.7250
D,DISPATCH,UNIT_SCADA,1,"2019/08/22 11:00:00",GSTONE2,110.25
D,DISPATCH,UNIT_SCADA,1,"2019/08/22 11:00:00",GSTONE3,110.60
D,DISPATCH,UNIT_SCADA,1,"2019/08/22 11:00:00",GSTONE4,146.649990
D,DISPATCH,UNIT_SCADA,1,"2019/08/22 11:00:00",GSTONE5,145.25
D,DISPATCH,UNIT_SCADA,1,"2019/08/22 11:00:00",GSTONE6,0
D,DISPATCH,UNIT_SCADA,1,"2019/08/22 11:00:00",GULLRSF1,4.0549
D,DISPATCH,UNIT_SCADA,1,"2019/08/22 11:00:00",GULLRWF1,143.816410
D,DISPATCH,UNIT_SCADA,1,"2019/08/22 11:00:00",GUNNING1,42.696910
D,DISPATCH,UNIT_SCADA,1,"2019/08/22 11:00:00",GUTHEGA,0
D,DISPATCH,UNIT_SCADA,1,"2019/08/22 11:00:00",HALLWF1,0.84
D,DISPATCH,UNIT_SCADA,1,"2019/08/22 11:00:00",HALLWF2,1.43
D,DISPATCH,UNIT_SCADA,1,"2019/08/22 11:00:00",HAMISF1,47.10
D,DISPATCH,UNIT_SCADA,1,"2019/08/22 11:00:00",HAUGHT11,49.958910
D,DISPATCH,UNIT_SCADA,1,"2019/08/22 11:00:00",HAYMSF1,41.6470
D,DISPATCH,UNIT_SCADA,1,"2019/08/22 11:00:00",HDWF1,6.50
D,DISPATCH,UNIT_SCADA,1,"2019/08/22 11:00:00",HDWF2,7.30
D,DISPATCH,UNIT_SCADA,1,"2019/08/22 11:00:00",HDWF3,8.90
D,DISPATCH,UNIT_SCADA,1,"2019/08/22 11:00:00",HPRG1,2
D,DISPATCH,UNIT_SCADA,1,"2019/08/22 11:00:00",HPRL1,0
D,DISPATCH,UNIT_SCADA,1,"2019/08/22 11:00:00",HUMENSW,0
D,DISPATCH,UNIT_SCADA,1,"2019/08/22 11:00:00",HUMEV,9.30
D,DISPATCH,UNIT_SCADA,1,"2019/08/22 11:00:00",HVGTS,0
D,DISPATCH,UNIT_SCADA,1,"2019/08/22 11:00:00",JBUTTERS,136.45
D,DISPATCH,UNIT_SCADA,1,"2019/08/22 11:00:00",JLA01,0.50
D,DISPATCH,UNIT_SCADA,1,"2019/08/22 11:00:00",JLA02,0
D,DISPATCH,UNIT_SCADA,1,"2019/08/22 11:00:00",JLA03,0.10
D,DISPATCH,UNIT_SCADA,1,"2019/08/22 11:00:00",JLA04,0.10
D,DISPATCH,UNIT_SCADA,1,"2019/08/22 11:00:00",JLB01,0
D,DISPATCH,UNIT_SCADA,1,"2019/08/22 11:00:00",JLB02,0.10
D,DISPATCH,UNIT_SCADA,1,"2019/08/22 11:00:00",JLB03,0
D,DISPATCH,UNIT_SCADA,1,"2019/08/22 11:00:00",KAREEYA1,21.5025
D,DISPATCH,UNIT_SCADA,1,"2019/08/22 11:00:00",KAREEYA2,21.58
D,DISPATCH,UNIT_SCADA,1,"2019/08/22 11:00:00",KAREEYA3,0
D,DISPATCH,UNIT_SCADA,1,"2019/08/22 11:00:00",KAREEYA4,21.7150
D,DISPATCH,UNIT_SCADA,1,"2019/08/22 11:00:00",KARSF1,56.30
D,DISPATCH,UNIT_SCADA,1,"2019/08/22 11:00:00",KIATAWF1,17.70
D,DISPATCH,UNIT_SCADA,1,"2019/08/22 11:00:00",KPP_1,0
D,DISPATCH,UNIT_SCADA,1,"2019/08/22 11:00:00",KSP1,47.76
D,DISPATCH,UNIT_SCADA,1,"2019/08/22 11:00:00",LADBROK1,0
D,DISPATCH,UNIT_SCADA,1,"2019/08/22 11:00:00",LADBROK2,0
D,DISPATCH,UNIT_SCADA,1,"2019/08/22 11:00:00",LD01,355.5563
D,DISPATCH,UNIT_SCADA,1,"2019/08/22 11:00:00",LD02,351.468780
D,DISPATCH,UNIT_SCADA,1,"2019/08/22 11:00:00",LD03,361.50
D,DISPATCH,UNIT_SCADA,1,"2019/08/22 11:00:00",LD04,354.843750
D,DISPATCH,UNIT_SCADA,1,"2019/08/22 11:00:00",LEM_WIL,86.1183
D,DISPATCH,UNIT_SCADA,1,"2019/08/22 11:00:00",LGAPWF1,9.13
D,DISPATCH,UNIT_SCADA,1,"2019/08/22 11:00:00",LILYSF1,95.420410
D,DISPATCH,UNIT_SCADA,1,"2019/08/22 11:00:00",LI_WY_CA,148.331760
D,DISPATCH,UNIT_SCADA,1,"2019/08/22 11:00:00",LKBONNY2,36.131120
D,DISPATCH,UNIT_SCADA,1,"2019/08/22 11:00:00",LKBONNY3,7.312680
D,DISPATCH,UNIT_SCADA,1,"2019/08/22 11:00:00",LK_ECHO,0
D,DISPATCH,UNIT_SCADA,1,"2019/08/22 11:00:00",LNGS1,0
D,DISPATCH,UNIT_SCADA,1,"2019/08/22 11:00:00",LNGS2,0
D,DISPATCH,UNIT_SCADA,1,"2019/08/22 11:00:00",LONSDALE,0
D,DISPATCH,UNIT_SCADA,1,"2019/08/22 11:00:00",LOYYB1,536.464540
D,DISPATCH,UNIT_SCADA,1,"2019/08/22 11:00:00",LOYYB2,581.578490
D,DISPATCH,UNIT_SCADA,1,"2019/08/22 11:00:00",LYA1,559
D,DISPATCH,UNIT_SCADA,1,"2019/08/22 11:00:00",LYA2,0
D,DISPATCH,UNIT_SCADA,1,"2019/08/22 11:00:00",LYA3,560
D,DISPATCH,UNIT_SCADA,1,"2019/08/22 11:00:00",LYA4,540
D,DISPATCH,UNIT_SCADA,1,"2019/08/22 11:00:00",MACARTH1,213.895070
D,DISPATCH,UNIT_SCADA,1,"2019/08/22 11:00:00",MACKAYGT,0
D,DISPATCH,UNIT_SCADA,1,"2019/08/22 11:00:00",MACKNTSH,86.320010
D,DISPATCH,UNIT_SCADA,1,"2019/08/22 11:00:00",MANSLR1,37.7060
D,DISPATCH,UNIT_SCADA,1,"2019/08/22 11:00:00",MCKAY1,0.02
D,DISPATCH,UNIT_SCADA,1,"2019/08/22 11:00:00",MEADOWBK,34.095940
D,DISPATCH,UNIT_SCADA,1,"2019/08/22 11:00:00",MERCER01,38.0680
D,DISPATCH,UNIT_SCADA,1,"2019/08/22 11:00:00",MEWF1,62.296060
D,DISPATCH,UNIT_SCADA,1,"2019/08/22 11:00:00",MINTARO,0
D,DISPATCH,UNIT_SCADA,1,"2019/08/22 11:00:00",MOREESF1,49.2880
D,DISPATCH,UNIT_SCADA,1,"2019/08/22 11:00:00",MORTLK11,124
D,DISPATCH,UNIT_SCADA,1,"2019/08/22 11:00:00",MORTLK12,0
D,DISPATCH,UNIT_SCADA,1,"2019/08/22 11:00:00",MP1,283.75
D,DISPATCH,UNIT_SCADA,1,"2019/08/22 11:00:00",MP2,0
D,DISPATCH,UNIT_SCADA,1,"2019/08/22 11:00:00",MPP_1,322.25
D,DISPATCH,UNIT_SCADA,1,"2019/08/22 11:00:00",MPP_2,380
D,DISPATCH,UNIT_SCADA,1,"2019/08/22 11:00:00",MSTUART1,0
D,DISPATCH,UNIT_SCADA,1,"2019/08/22 11:00:00",MSTUART2,0
D,DISPATCH,UNIT_SCADA,1,"2019/08/22 11:00:00",MSTUART3,0
D,DISPATCH,UNIT_SCADA,1,"2019/08/22 11:00:00",MTGELWF1,65.533920
D,DISPATCH,UNIT_SCADA,1,"2019/08/22 11:00:00",MURRAY,0
D,DISPATCH,UNIT_SCADA,1,"2019/08/22 11:00:00",MUSSELR1,95.80
D,DISPATCH,UNIT_SCADA,1,"2019/08/22 11:00:00",MUWAWF1,39.63
D,DISPATCH,UNIT_SCADA,1,"2019/08/22 11:00:00",NBHWF1,1.30
D,DISPATCH,UNIT_SCADA,1,"2019/08/22 11:00:00",NPS,0
D,DISPATCH,UNIT_SCADA,1,"2019/08/22 11:00:00",NUMURSF1,75.96
D,DISPATCH,UNIT_SCADA,1,"2019/08/22 11:00:00",NYNGAN1,61.75
D,DISPATCH,UNIT_SCADA,1,"2019/08/22 11:00:00",OAKEY1,0
D,DISPATCH,UNIT_SCADA,1,"2019/08/22 11:00:00",OAKEY1SF,21.6430
D,DISPATCH,UNIT_SCADA,1,"2019/08/22 11:00:00",OAKEY2,0
D,DISPATCH,UNIT_SCADA,1,"2019/08/22 11:00:00",OAKLAND1,52.80
D,DISPATCH,UNIT_SCADA,1,"2019/08/22 11:00:00",OSB-AG,139.08
D,DISPATCH,UNIT_SCADA,1,"2019/08/22 11:00:00",PARSF1,41.803120
D,DISPATCH,UNIT_SCADA,1,"2019/08/22 11:00:00",POAT110,0
D,DISPATCH,UNIT_SCADA,1,"2019/08/22 11:00:00",POAT220,0
D,DISPATCH,UNIT_SCADA,1,"2019/08/22 11:00:00",POR01,0
D,DISPATCH,UNIT_SCADA,1,"2019/08/22 11:00:00",POR03,0
D,DISPATCH,UNIT_SCADA,1,"2019/08/22 11:00:00",PPCCGT,462.127230
D,DISPATCH,UNIT_SCADA,1,"2019/08/22 11:00:00",PTSTAN1,0
D,DISPATCH,UNIT_SCADA,1,"2019/08/22 11:00:00",PUMP1,0
D,DISPATCH,UNIT_SCADA,1,"2019/08/22 11:00:00",PUMP2,0
D,DISPATCH,UNIT_SCADA,1,"2019/08/22 11:00:00",QPS1,0
D,DISPATCH,UNIT_SCADA,1,"2019/08/22 11:00:00",QPS2,0
D,DISPATCH,UNIT_SCADA,1,"2019/08/22 11:00:00",QPS3,0
D,DISPATCH,UNIT_SCADA,1,"2019/08/22 11:00:00",QPS4,0
D,DISPATCH,UNIT_SCADA,1,"2019/08/22 11:00:00",QPS5,0
D,DISPATCH,UNIT_SCADA,1,"2019/08/22 11:00:00",REECE1,118.820010
D,DISPATCH,UNIT_SCADA,1,"2019/08/22 11:00:00",REECE2,118.320010
D,DISPATCH,UNIT_SCADA,1,"2019/08/22 11:00:00",ROMA_7,0
D,DISPATCH,UNIT_SCADA,1,"2019/08/22 11:00:00",ROMA_8,0
D,DISPATCH,UNIT_SCADA,1,"2019/08/22 11:00:00",RRSF1,109.513440
D,DISPATCH,UNIT_SCADA,1,"2019/08/22 11:00:00",RT_NSW1,0
D,DISPATCH,UNIT_SCADA,1,"2019/08/22 11:00:00",RT_NSW2,0
D,DISPATCH,UNIT_SCADA,1,"2019/08/22 11:00:00",RT_NSW3,0
D,DISPATCH,UNIT_SCADA,1,"2019/08/22 11:00:00",RT_NSW4,0
D,DISPATCH,UNIT_SCADA,1,"2019/08/22 11:00:00",RT_NSW5,0
D,DISPATCH,UNIT_SCADA,1,"2019/08/22 11:00:00",RT_NSW6,0
D,DISPATCH,UNIT_SCADA,1,"2019/08/22 11:00:00",RT_QLD1,0
D,DISPATCH,UNIT_SCADA,1,"2019/08/22 11:00:00",RT_SA1,0
D,DISPATCH,UNIT_SCADA,1,"2019/08/22 11:00:00",RT_SA2,0
D,DISPATCH,UNIT_SCADA,1,"2019/08/22 11:00:00",RT_SA3,0
D,DISPATCH,UNIT_SCADA,1,"2019/08/22 11:00:00",RT_SA4,0
D,DISPATCH,UNIT_SCADA,1,"2019/08/22 11:00:00",RT_SA5,0
D,DISPATCH,UNIT_SCADA,1,"2019/08/22 11:00:00",RT_SA6,0
D,DISPATCH,UNIT_SCADA,1,"2019/08/22 11:00:00",RT_TAS1,0
D,DISPATCH,UNIT_SCADA,1,"2019/08/22 11:00:00",RT_VIC1,0
D,DISPATCH,UNIT_SCADA,1,"2019/08/22 11:00:00",RT_VIC10,0
D,DISPATCH,UNIT_SCADA,1,"2019/08/22 11:00:00",RT_VIC11,0
D,DISPATCH,UNIT_SCADA,1,"2019/08/22 11:00:00",RT_VIC12,0
D,DISPATCH,UNIT_SCADA,1,"2019/08/22 11:00:00",RT_VIC2,0
D,DISPATCH,UNIT_SCADA,1,"2019/08/22 11:00:00",RT_VIC3,0
D,DISPATCH,UNIT_SCADA,1,"2019/08/22 11:00:00",RT_VIC4,0
D,DISPATCH,UNIT_SCADA,1,"2019/08/22 11:00:00",RT_VIC5,0
D,DISPATCH,UNIT_SCADA,1,"2019/08/22 11:00:00",RT_VIC6,0
D,DISPATCH,UNIT_SCADA,1,"2019/08/22 11:00:00",RT_VIC7,0
D,DISPATCH,UNIT_SCADA,1,"2019/08/22 11:00:00",RT_VIC8,0
D,DISPATCH,UNIT_SCADA,1,"2019/08/22 11:00:00",RT_VIC9,0
D,DISPATCH,UNIT_SCADA,1,"2019/08/22 11:00:00",RUGBYR1,46.295040
D,DISPATCH,UNIT_SCADA,1,"2019/08/22 11:00:00",SALTCRK1,42
D,DISPATCH,UNIT_SCADA,1,"2019/08/22 11:00:00",SAPHWF1,232.256230
D,DISPATCH,UNIT_SCADA,1,"2019/08/22 11:00:00",SHGEN,0
D,DISPATCH,UNIT_SCADA,1,"2019/08/22 11:00:00",SHPUMP,200.805980
D,DISPATCH,UNIT_SCADA,1,"2019/08/22 11:00:00",SITHE01,0.083520
D,DISPATCH,UNIT_SCADA,1,"2019/08/22 11:00:00",SMCSF1,0
D,DISPATCH,UNIT_SCADA,1,"2019/08/22 11:00:00",SNOWNTH1,6.40
D,DISPATCH,UNIT_SCADA,1,"2019/08/22 11:00:00",SNOWSTH1,4.60
D,DISPATCH,UNIT_SCADA,1,"2019/08/22 11:00:00",SNOWTWN1,1.877090
D,DISPATCH,UNIT_SCADA,1,"2019/08/22 11:00:00",SNOWYP,0
D,DISPATCH,UNIT_SCADA,1,"2019/08/22 11:00:00",SNUG1,0.019440
D,DISPATCH,UNIT_SCADA,1,"2019/08/22 11:00:00",SRSF1,34.91
D,DISPATCH,UNIT_SCADA,1,"2019/08/22 11:00:00",STAN-1,0
D,DISPATCH,UNIT_SCADA,1,"2019/08/22 11:00:00",STAN-2,281.414790
D,DISPATCH,UNIT_SCADA,1,"2019/08/22 11:00:00",STAN-3,278.697420
D,DISPATCH,UNIT_SCADA,1,"2019/08/22 11:00:00",STAN-4,277.9668
D,DISPATCH,UNIT_SCADA,1,"2019/08/22 11:00:00",STWF1,30.048740
D,DISPATCH,UNIT_SCADA,1,"2019/08/22 11:00:00",SWAN_E,0
D,DISPATCH,UNIT_SCADA,1,"2019/08/22 11:00:00",TALWA1,191
D,DISPATCH,UNIT_SCADA,1,"2019/08/22 11:00:00",TARALGA1,96.438750
D,DISPATCH,UNIT_SCADA,1,"2019/08/22 11:00:00",TARONG#1,281.899990
D,DISPATCH,UNIT_SCADA,1,"2019/08/22 11:00:00",TARONG#2,282.800020
D,DISPATCH,UNIT_SCADA,1,"2019/08/22 11:00:00",TARONG#3,260.50
D,DISPATCH,UNIT_SCADA,1,"2019/08/22 11:00:00",TARONG#4,279
D,DISPATCH,UNIT_SCADA,1,"2019/08/22 11:00:00",TARRALEA,84
D,DISPATCH,UNIT_SCADA,1,"2019/08/22 11:00:00",TBSF1,31.40
D,DISPATCH,UNIT_SCADA,1,"2019/08/22 11:00:00",TNPS1,220.000020
D,DISPATCH,UNIT_SCADA,1,"2019/08/22 11:00:00",TORRA1,34.414930
D,DISPATCH,UNIT_SCADA,1,"2019/08/22 11:00:00",TORRA2,0
D,DISPATCH,UNIT_SCADA,1,"2019/08/22 11:00:00",TORRA3,37.539630
D,DISPATCH,UNIT_SCADA,1,"2019/08/22 11:00:00",TORRA4,10.038580
D,DISPATCH,UNIT_SCADA,1,"2019/08/22 11:00:00",TORRB1,69.84
D,DISPATCH,UNIT_SCADA,1,"2019/08/22 11:00:00",TORRB2,68.18
D,DISPATCH,UNIT_SCADA,1,"2019/08/22 11:00:00",TORRB3,0
D,DISPATCH,UNIT_SCADA,1,"2019/08/22 11:00:00",TORRB4,0
D,DISPATCH,UNIT_SCADA,1,"2019/08/22 11:00:00",TREVALLN,44.220020
D,DISPATCH,UNIT_SCADA,1,"2019/08/22 11:00:00",TRIBUTE,84.509990
D,DISPATCH,UNIT_SCADA,1,"2019/08/22 11:00:00",TUMUT3,0
D,DISPATCH,UNIT_SCADA,1,"2019/08/22 11:00:00",TUNGATIN,107.310040
D,DISPATCH,UNIT_SCADA,1,"2019/08/22 11:00:00",TVCC201,0
D,DISPATCH,UNIT_SCADA,1,"2019/08/22 11:00:00",TVPP104,0
D,DISPATCH,UNIT_SCADA,1,"2019/08/22 11:00:00",UPPTUMUT,0
D,DISPATCH,UNIT_SCADA,1,"2019/08/22 11:00:00",URANQ11,0
D,DISPATCH,UNIT_SCADA,1,"2019/08/22 11:00:00",URANQ12,0
D,DISPATCH,UNIT_SCADA,1,"2019/08/22 11:00:00",URANQ13,0
D,DISPATCH,UNIT_SCADA,1,"2019/08/22 11:00:00",URANQ14,0
D,DISPATCH,UNIT_SCADA,1,"2019/08/22 11:00:00",VP5,207.524990
D,DISPATCH,UNIT_SCADA,1,"2019/08/22 11:00:00",VP6,538.50
D,DISPATCH,UNIT_SCADA,1,"2019/08/22 11:00:00",VPGS1,0
D,DISPATCH,UNIT_SCADA,1,"2019/08/22 11:00:00",VPGS2,0
D,DISPATCH,UNIT_SCADA,1,"2019/08/22 11:00:00",VPGS3,0
D,DISPATCH,UNIT_SCADA,1,"2019/08/22 11:00:00",VPGS4,0
D,DISPATCH,UNIT_SCADA,1,"2019/08/22 11:00:00",VPGS5,0
D,DISPATCH,UNIT_SCADA,1,"2019/08/22 11:00:00",VPGS6,0
D,DISPATCH,UNIT_SCADA,1,"2019/08/22 11:00:00",W/HOE#1,0
D,DISPATCH,UNIT_SCADA,1,"2019/08/22 11:00:00",W/HOE#2,0
D,DISPATCH,UNIT_SCADA,1,"2019/08/22 11:00:00",WATERLWF,6.70
D,DISPATCH,UNIT_SCADA,1,"2019/08/22 11:00:00",WEMENSF1,65.90
D,DISPATCH,UNIT_SCADA,1,"2019/08/22 11:00:00",WGWF1,7
D,DISPATCH,UNIT_SCADA,1,"2019/08/22 11:00:00",WHITSF1,0
D,DISPATCH,UNIT_SCADA,1,"2019/08/22 11:00:00",WKIEWA1,0
D,DISPATCH,UNIT_SCADA,1,"2019/08/22 11:00:00",WKIEWA2,8.60
D,DISPATCH,UNIT_SCADA,1,"2019/08/22 11:00:00",WOODLWN1,38.510990
D,DISPATCH,UNIT_SCADA,1,"2019/08/22 11:00:00",WRSF1,4.01
D,DISPATCH,UNIT_SCADA,1,"2019/08/22 11:00:00",WRWF1,162.910020
D,DISPATCH,UNIT_SCADA,1,"2019/08/22 11:00:00",YABULU,0
D,DISPATCH,UNIT_SCADA,1,"2019/08/22 11:00:00",YABULU2,0
D,DISPATCH,UNIT_SCADA,1,"2019/08/22 11:00:00",YARWUN_1,0
D,DISPATCH,UNIT_SCADA,1,"2019/08/22 11:00:00",YENDWF1,42.12
D,DISPATCH,UNIT_SCADA,1,"2019/08/22 11:00:00",YWPS1,364.660770
D,DISPATCH,UNIT_SCADA,1,"2019/08/22 11:00:00",YWPS2,281.450620
D,DISPATCH,UNIT_SCADA,1,"2019/08/22 11:00:00",YWPS3,0
D,DISPATCH,UNIT_SCADA,1,"2019/08/22 11:00:00",YWPS4,394.673430
C,"END OF REPORT",334
