C,NEMP.WORLD,DISPATCHSCADA,AEMO,PUBLIC,2019/08/22,21:05:07,0000000311882253,DISPATCHSCADA,0000000311882247
I,DISPATCH,UNIT_SCADA,1,SETTLEMENTDATE,DUID,SCADAVALUE
D,DISPATCH,UNIT_SCADA,1,"2019/08/22 21:10:00",BARCSF1,0.40
D,DISPATCH,UNIT_SCADA,1,"2019/08/22 21:10:00",BUTLERSG,9.699999
D,DISPATCH,UNIT_SCADA,1,"2019/08/22 21:10:00",CALL_A_4,0
D,DISPATCH,UNIT_SCADA,1,"2019/08/22 21:10:00",CAPTL_WF,87.227997
D,DISPATCH,UNIT_SCADA,1,"2019/08/22 21:10:00",CATHROCK,0
D,DISPATCH,UNIT_SCADA,1,"2019/08/22 21:10:00",CHALLHWF,3
D,DISPATCH,UNIT_SCADA,1,"2019/08/22 21:10:00",CLOVER,-0.01
D,DISPATCH,UNIT_SCADA,1,"2019/08/22 21:10:00",CLUNY,20.240330
D,DISPATCH,UNIT_SCADA,1,"2019/08/22 21:10:00",CNUNDAWF,0
D,DISPATCH,UNIT_SCADA,1,"2019/08/22 21:10:00",CULLRGWF,5.92
D,DISPATCH,UNIT_SCADA,1,"2019/08/22 21:10:00",ERGT01,0
D,DISPATCH,UNIT_SCADA,1,"2019/08/22 21:10:00",GB01,0.069569
D,DISPATCH,UNIT_SCADA,1,"2019/08/22 21:10:00",GERMCRK,34.799999
D,DISPATCH,UNIT_SCADA,1,"2019/08/22 21:10:00",GRIFSF1,0
D,DISPATCH,UNIT_SCADA,1,"2019/08/22 21:10:00",HUGSF1,-0.2070
D,DISPATCH,UNIT_SCADA,1,"2019/08/22 21:10:00",LKBONNY1,-0.360028
D,DISPATCH,UNIT_SCADA,1,"2019/08/22 21:10:00",LRSF1,-0.0180
D,DISPATCH,UNIT_SCADA,1,"2019/08/22 21:10:00",MBAHNTH,45.581253
D,DISPATCH,UNIT_SCADA,1,"2019/08/22 21:10:00",MLSP1,0.180001
D,DISPATCH,UNIT_SCADA,1,"2019/08/22 21:10:00",MLWF1,0.90
D,DISPATCH,UNIT_SCADA,1,"2019/08/22 21:10:00",MTMILLAR,5.752134
D,DISPATCH,UNIT_SCADA,1,"2019/08/22 21:10:00",PALOONA,28.529999
D,DISPATCH,UNIT_SCADA,1,"2019/08/22 21:10:00",PIONEER,48.50
D,DISPATCH,UNIT_SCADA,1,"2019/08/22 21:10:00",PORTWF,-0.40
D,DISPATCH,UNIT_SCADA,1,"2019/08/22 21:10:00",REPULSE,28.930494
D,DISPATCH,UNIT_SCADA,1,"2019/08/22 21:10:00",ROWALLAN,10.3447
D,DISPATCH,UNIT_SCADA,1,"2019/08/22 21:10:00",ROYALLA1,0
D,DISPATCH,UNIT_SCADA,1,"2019/08/22 21:10:00",RPCG,11.60
D,DISPATCH,UNIT_SCADA,1,"2019/08/22 21:10:00",RUBICON,0
D,DISPATCH,UNIT_SCADA,1,"2019/08/22 21:10:00",SATGN1,0
D,DISPATCH,UNIT_SCADA,1,"2019/08/22 21:10:00",SATGS1,0
D,DISPATCH,UNIT_SCADA,1,"2019/08/22 21:10:00",STARHLWF,-0.099971
D,DISPATCH,UNIT_SCADA,1,"2019/08/22 21:10:00",WAUBRAWF,67.884003
D,DISPATCH,UNIT_SCADA,1,"2019/08/22 21:10:00",WOOLNTH1,43.400017
D,DISPATCH,UNIT_SCADA,1,"2019/08/22 21:10:00",WPWF,0
D,DISPATCH,UNIT_SCADA,1,"2019/08/22 21:10:00",YAMBUKWF,0.70
D,DISPATCH,UNIT_SCADA,1,"2019/08/22 21:10:00",YSWF1,1.60
D,DISPATCH,UNIT_SCADA,1,"2019/08/22 21:10:00",AGLHAL,0
D,DISPATCH,UNIT_SCADA,1,"2019/08/22 21:10:00",AGLSOM,81.50
D,DISPATCH,UNIT_SCADA,1,"2019/08/22 21:10:00",ANGAST1,0
D,DISPATCH,UNIT_SCADA,1,"2019/08/22 21:10:00",ARWF1,45.40
D,DISPATCH,UNIT_SCADA,1,"2019/08/22 21:10:00",BALBG1,0
D,DISPATCH,UNIT_SCADA,1,"2019/08/22 21:10:00",BALBL1,0
D,DISPATCH,UNIT_SCADA,1,"2019/08/22 21:10:00",BALDHWF1,32.0890
D,DISPATCH,UNIT_SCADA,1,"2019/08/22 21:10:00",BANN1,0
D,DISPATCH,UNIT_SCADA,1,"2019/08/22 21:10:00",BARCALDN,0
D,DISPATCH,UNIT_SCADA,1,"2019/08/22 21:10:00",BARRON-1,0
D,DISPATCH,UNIT_SCADA,1,"2019/08/22 21:10:00",BARRON-2,28.64
D,DISPATCH,UNIT_SCADA,1,"2019/08/22 21:10:00",BASTYAN,77.820010
D,DISPATCH,UNIT_SCADA,1,"2019/08/22 21:10:00",BBTHREE1,-2.01
D,DISPATCH,UNIT_SCADA,1,"2019/08/22 21:10:00",BBTHREE2,-2.05
D,DISPATCH,UNIT_SCADA,1,"2019/08/22 21:10:00",BBTHREE3,-1.06
D,DISPATCH,UNIT_SCADA,1,"2019/08/22 21:10:00",BDL01,42.72
D,DISPATCH,UNIT_SCADA,1,"2019/08/22 21:10:00",BDL02,45.54
D,DISPATCH,UNIT_SCADA,1,"2019/08/22 21:10:00",BERYLSF1,0
D,DISPATCH,UNIT_SCADA,1,"2019/08/22 21:10:00",BLOWERNG,0
D,DISPATCH,UNIT_SCADA,1,"2019/08/22 21:10:00",BLUFF1,-0.10
D,DISPATCH,UNIT_SCADA,1,"2019/08/22 21:10:00",BNGSF1,0
D,DISPATCH,UNIT_SCADA,1,"2019/08/22 21:10:00",BNGSF2,0
D,DISPATCH,UNIT_SCADA,1,"2019/08/22 21:10:00",BOCORWF1,41.20
D,DISPATCH,UNIT_SCADA,1,"2019/08/22 21:10:00",BODWF1,68.647870
D,DISPATCH,UNIT_SCADA,1,"2019/08/22 21:10:00",BRAEMAR1,144.200010
D,DISPATCH,UNIT_SCADA,1,"2019/08/22 21:10:00",BRAEMAR2,144
D,DISPATCH,UNIT_SCADA,1,"2019/08/22 21:10:00",BRAEMAR3,0
D,DISPATCH,UNIT_SCADA,1,"2019/08/22 21:10:00",BRAEMAR5,0
D,DISPATCH,UNIT_SCADA,1,"2019/08/22 21:10:00",BRAEMAR6,114.527410
D,DISPATCH,UNIT_SCADA,1,"2019/08/22 21:10:00",BRAEMAR7,160.954730
D,DISPATCH,UNIT_SCADA,1,"2019/08/22 21:10:00",BROKENH1,0
D,DISPATCH,UNIT_SCADA,1,"2019/08/22 21:10:00",BW01,657.1250
D,DISPATCH,UNIT_SCADA,1,"2019/08/22 21:10:00",BW02,660.8750
D,DISPATCH,UNIT_SCADA,1,"2019/08/22 21:10:00",BW03,664.150020
D,DISPATCH,UNIT_SCADA,1,"2019/08/22 21:10:00",BW04,0
D,DISPATCH,UNIT_SCADA,1,"2019/08/22 21:10:00",CALL_B_1,97.50
D,DISPATCH,UNIT_SCADA,1,"2019/08/22 21:10:00",CALL_B_2,349.50
D,DISPATCH,UNIT_SCADA,1,"2019/08/22 21:10:00",CETHANA,97.765370
D,DISPATCH,UNIT_SCADA,1,"2019/08/22 21:10:00",CG1,0
D,DISPATCH,UNIT_SCADA,1,"2019/08/22 21:10:00",CG2,0
D,DISPATCH,UNIT_SCADA,1,"2019/08/22 21:10:00",CG3,0
D,DISPATCH,UNIT_SCADA,1,"2019/08/22 21:10:00",CG4,0
D,DISPATCH,UNIT_SCADA,1,"2019/08/22 21:10:00",CHILDSF1,0
D,DISPATCH,UNIT_SCADA,1,"2019/08/22 21:10:00",CLARESF1,0
D,DISPATCH,UNIT_SCADA,1,"2019/08/22 21:10:00",CLEMGPWF,-0.360180
D,DISPATCH,UNIT_SCADA,1,"2019/08/22 21:10:00",CLERMSF1,0
D,DISPATCH,UNIT_SCADA,1,"2019/08/22 21:10:00",COLEASF1,0
D,DISPATCH,UNIT_SCADA,1,"2019/08/22 21:10:00",COOPGWF1,35.239950
D,DISPATCH,UNIT_SCADA,1,"2019/08/22 21:10:00",CPP_3,405.075010
D,DISPATCH,UNIT_SCADA,1,"2019/08/22 21:10:00",CPP_4,406.450010
D,DISPATCH,UNIT_SCADA,1,"2019/08/22 21:10:00",CPSA,142.221250
D,DISPATCH,UNIT_SCADA,1,"2019/08/22 21:10:00",CROOKWF2,4.9250
D,DISPATCH,UNIT_SCADA,1,"2019/08/22 21:10:00",CROWLWF1,19.193860
D,DISPATCH,UNIT_SCADA,1,"2019/08/22 21:10:00",CSPVPS1,0
D,DISPATCH,UNIT_SCADA,1,"2019/08/22 21:10:00",DALNTH01,0
D,DISPATCH,UNIT_SCADA,1,"2019/08/22 21:10:00",DALNTHL1,0.093080
D,DISPATCH,UNIT_SCADA,1,"2019/08/22 21:10:00",DARTM1,134.600010
D,DISPATCH,UNIT_SCADA,1,"2019/08/22 21:10:00",DAYDSF1,0
D,DISPATCH,UNIT_SCADA,1,"2019/08/22 21:10:00",DDPS1,615.2478
D,DISPATCH,UNIT_SCADA,1,"2019/08/22 21:10:00",DDSF1,0
D,DISPATCH,UNIT_SCADA,1,"2019/08/22 21:10:00",DEVILS_G,0
D,DISPATCH,UNIT_SCADA,1,"2019/08/22 21:10:00",DG_NSW1,0
D,DISPATCH,UNIT_SCADA,1,"2019/08/22 21:10:00",DG_QLD1,0
D,DISPATCH,UNIT_SCADA,1,"2019/08/22 21:10:00",DG_SA1,0
D,DISPATCH,UNIT_SCADA,1,"2019/08/22 21:10:00",DG_TAS1,0
D,DISPATCH,UNIT_SCADA,1,"2019/08/22 21:10:00",DG_VIC1,0
D,DISPATCH,UNIT_SCADA,1,"2019/08/22 21:10:00",DRYCGT1,0
D,DISPATCH,UNIT_SCADA,1,"2019/08/22 21:10:00",DRYCGT2,0
D,DISPATCH,UNIT_SCADA,1,"2019/08/22 21:10:00",DRYCGT3,0
D,DISPATCH,UNIT_SCADA,1,"2019/08/22 21:10:00",EILDON1,0
D,DISPATCH,UNIT_SCADA,1,"2019/08/22 21:10:00",EILDON2,37.08
D,DISPATCH,UNIT_SCADA,1,"2019/08/22 21:10:00",EMERASF1,0
D,DISPATCH,UNIT_SCADA,1,"2019/08/22 21:10:00",ER01,593.824950
D,DISPATCH,UNIT_SCADA,1,"2019/08/22 21:10:00",ER02,689.949950
D,DISPATCH,UNIT_SCADA,1,"2019/08/22 21:10:00",ER03,709.349980
D,DISPATCH,UNIT_SCADA,1,"2019/08/22 21:10:00",ER04,689.574950
D,DISPATCH,UNIT_SCADA,1,"2019/08/22 21:10:00",FINLYSF1,0
D,DISPATCH,UNIT_SCADA,1,"2019/08/22 21:10:00",FISHER,45.87
D,DISPATCH,UNIT_SCADA,1,"2019/08/22 21:10:00",GANNBG1,0.013620
D,DISPATCH,UNIT_SCADA,1,"2019/08/22 21:10:00",GANNBL1,0
D,DISPATCH,UNIT_SCADA,1,"2019/08/22 21:10:00",GANNSF1,0
D,DISPATCH,UNIT_SCADA,1,"2019/08/22 21:10:00",GORDON,219.3363
D,DISPATCH,UNIT_SCADA,1,"2019/08/22 21:10:00",GSTONE1,251.474990
D,DISPATCH,UNIT_SCADA,1,"2019/08/22 21:10:00",GSTONE2,230.1250
D,DISPATCH,UNIT_SCADA,1,"2019/08/22 21:10:00",GSTONE3,240.80
D,DISPATCH,UNIT_SCADA,1,"2019/08/22 21:10:00",GSTONE4,251.649990
D,DISPATCH,UNIT_SCADA,1,"2019/08/22 21:10:00",GSTONE5,252.1750
D,DISPATCH,UNIT_SCADA,1,"2019/08/22 21:10:00",GSTONE6,0
D,DISPATCH,UNIT_SCADA,1,"2019/08/22 21:10:00",GULLRSF1,0
D,DISPATCH,UNIT_SCADA,1,"2019/08/22 21:10:00",GULLRWF1,14.960240
D,DISPATCH,UNIT_SCADA,1,"2019/08/22 21:10:00",GUNNING1,4.976180
D,DISPATCH,UNIT_SCADA,1,"2019/08/22 21:10:00",GUTHEGA,0.10
D,DISPATCH,UNIT_SCADA,1,"2019/08/22 21:10:00",HALLWF1,10.17
D,DISPATCH,UNIT_SCADA,1,"2019/08/22 21:10:00",HALLWF2,8.85
D,DISPATCH,UNIT_SCADA,1,"2019/08/22 21:10:00",HAMISF1,0
D,DISPATCH,UNIT_SCADA,1,"2019/08/22 21:10:00",HAUGHT11,0
D,DISPATCH,UNIT_SCADA,1,"2019/08/22 21:10:00",HAYMSF1,0
D,DISPATCH,UNIT_SCADA,1,"2019/08/22 21:10:00",HDWF1,19
D,DISPATCH,UNIT_SCADA,1,"2019/08/22 21:10:00",HDWF2,4.70
D,DISPATCH,UNIT_SCADA,1,"2019/08/22 21:10:00",HDWF3,6
D,DISPATCH,UNIT_SCADA,1,"2019/08/22 21:10:00",HPRG1,0.30
D,DISPATCH,UNIT_SCADA,1,"2019/08/22 21:10:00",HPRL1,0
D,DISPATCH,UNIT_SCADA,1,"2019/08/22 21:10:00",HUMENSW,0
D,DISPATCH,UNIT_SCADA,1,"2019/08/22 21:10:00",HUMEV,8.90
D,DISPATCH,UNIT_SCADA,1,"2019/08/22 21:10:00",HVGTS,0
D,DISPATCH,UNIT_SCADA,1,"2019/08/22 21:10:00",JBUTTERS,140.05
D,DISPATCH,UNIT_SCADA,1,"2019/08/22 21:10:00",JLA01,0.10
D,DISPATCH,UNIT_SCADA,1,"2019/08/22 21:10:00",JLA02,0
D,DISPATCH,UNIT_SCADA,1,"2019/08/22 21:10:00",JLA03,0.10
D,DISPATCH,UNIT_SCADA,1,"2019/08/22 21:10:00",JLA04,0.10
D,DISPATCH,UNIT_SCADA,1,"2019/08/22 21:10:00",JLB01,0
D,DISPATCH,UNIT_SCADA,1,"2019/08/22 21:10:00",JLB02,55.70
D,DISPATCH,UNIT_SCADA,1,"2019/08/22 21:10:00",JLB03,55.40
D,DISPATCH,UNIT_SCADA,1,"2019/08/22 21:10:00",KAREEYA1,21.5275
D,DISPATCH,UNIT_SCADA,1,"2019/08/22 21:10:00",KAREEYA2,21.69
D,DISPATCH,UNIT_SCADA,1,"2019/08/22 21:10:00",KAREEYA3,0
D,DISPATCH,UNIT_SCADA,1,"2019/08/22 21:10:00",KAREEYA4,21.6925
D,DISPATCH,UNIT_SCADA,1,"2019/08/22 21:10:00",KARSF1,0
D,DISPATCH,UNIT_SCADA,1,"2019/08/22 21:10:00",KIATAWF1,8.20
D,DISPATCH,UNIT_SCADA,1,"2019/08/22 21:10:00",KPP_1,0
D,DISPATCH,UNIT_SCADA,1,"2019/08/22 21:10:00",KSP1,0
D,DISPATCH,UNIT_SCADA,1,"2019/08/22 21:10:00",LADBROK1,42.82
D,DISPATCH,UNIT_SCADA,1,"2019/08/22 21:10:00",LADBROK2,42.73
D,DISPATCH,UNIT_SCADA,1,"2019/08/22 21:10:00",LD01,418.6875
D,DISPATCH,UNIT_SCADA,1,"2019/08/22 21:10:00",LD02,419.456180
D,DISPATCH,UNIT_SCADA,1,"2019/08/22 21:10:00",LD03,418.481230
D,DISPATCH,UNIT_SCADA,1,"2019/08/22 21:10:00",LD04,380.043730
D,DISPATCH,UNIT_SCADA,1,"2019/08/22 21:10:00",LEM_WIL,86.1945
D,DISPATCH,UNIT_SCADA,1,"2019/08/22 21:10:00",LGAPWF1,7.50
D,DISPATCH,UNIT_SCADA,1,"2019/08/22 21:10:00",LILYSF1,0
D,DISPATCH,UNIT_SCADA,1,"2019/08/22 21:10:00",LI_WY_CA,149.411250
D,DISPATCH,UNIT_SCADA,1,"2019/08/22 21:10:00",LKBONNY2,-1.215970
D,DISPATCH,UNIT_SCADA,1,"2019/08/22 21:10:00",LKBONNY3,-0.169210
D,DISPATCH,UNIT_SCADA,1,"2019/08/22 21:10:00",LK_ECHO,0
D,DISPATCH,UNIT_SCADA,1,"2019/08/22 21:10:00",LNGS1,0
D,DISPATCH,UNIT_SCADA,1,"2019/08/22 21:10:00",LNGS2,0
D,DISPATCH,UNIT_SCADA,1,"2019/08/22 21:10:00",LONSDALE,0
D,DISPATCH,UNIT_SCADA,1,"2019/08/22 21:10:00",LOYYB1,536.088620
D,DISPATCH,UNIT_SCADA,1,"2019/08/22 21:10:00",LOYYB2,582.330380
D,DISPATCH,UNIT_SCADA,1,"2019/08/22 21:10:00",LYA1,559
D,DISPATCH,UNIT_SCADA,1,"2019/08/22 21:10:00",LYA2,0
D,DISPATCH,UNIT_SCADA,1,"2019/08/22 21:10:00",LYA3,560
D,DISPATCH,UNIT_SCADA,1,"2019/08/22 21:10:00",LYA4,541
D,DISPATCH,UNIT_SCADA,1,"2019/08/22 21:10:00",MACARTH1,0
D,DISPATCH,UNIT_SCADA,1,"2019/08/22 21:10:00",MACKAYGT,0
D,DISPATCH,UNIT_SCADA,1,"2019/08/22 21:10:00",MACKNTSH,86.470010
D,DISPATCH,UNIT_SCADA,1,"2019/08/22 21:10:00",MANSLR1,0
D,DISPATCH,UNIT_SCADA,1,"2019/08/22 21:10:00",MCKAY1,0.02
D,DISPATCH,UNIT_SCADA,1,"2019/08/22 21:10:00",MEADOWBK,33.895880
D,DISPATCH,UNIT_SCADA,1,"2019/08/22 21:10:00",MERCER01,6.4260
D,DISPATCH,UNIT_SCADA,1,"2019/08/22 21:10:00",MEWF1,2.588930
D,DISPATCH,UNIT_SCADA,1,"2019/08/22 21:10:00",MINTARO,0
D,DISPATCH,UNIT_SCADA,1,"2019/08/22 21:10:00",MOREESF1,0
D,DISPATCH,UNIT_SCADA,1,"2019/08/22 21:10:00",MORTLK11,158
D,DISPATCH,UNIT_SCADA,1,"2019/08/22 21:10:00",MORTLK12,0
D,DISPATCH,UNIT_SCADA,1,"2019/08/22 21:10:00",MP1,279.825070
D,DISPATCH,UNIT_SCADA,1,"2019/08/22 21:10:00",MP2,0
D,DISPATCH,UNIT_SCADA,1,"2019/08/22 21:10:00",MPP_1,396.25
D,DISPATCH,UNIT_SCADA,1,"2019/08/22 21:10:00",MPP_2,415.50
D,DISPATCH,UNIT_SCADA,1,"2019/08/22 21:10:00",MSTUART1,0
D,DISPATCH,UNIT_SCADA,1,"2019/08/22 21:10:00",MSTUART2,0
D,DISPATCH,UNIT_SCADA,1,"2019/08/22 21:10:00",MSTUART3,0
D,DISPATCH,UNIT_SCADA,1,"2019/08/22 21:10:00",MTGELWF1,0.434890
D,DISPATCH,UNIT_SCADA,1,"2019/08/22 21:10:00",MURRAY,545.029970
D,DISPATCH,UNIT_SCADA,1,"2019/08/22 21:10:00",MUSSELR1,1
D,DISPATCH,UNIT_SCADA,1,"2019/08/22 21:10:00",MUWAWF1,5.74
D,DISPATCH,UNIT_SCADA,1,"2019/08/22 21:10:00",NBHWF1,17
D,DISPATCH,UNIT_SCADA,1,"2019/08/22 21:10:00",NPS,511.1250
D,DISPATCH,UNIT_SCADA,1,"2019/08/22 21:10:00",NUMURSF1,0
D,DISPATCH,UNIT_SCADA,1,"2019/08/22 21:10:00",NYNGAN1,0
D,DISPATCH,UNIT_SCADA,1,"2019/08/22 21:10:00",OAKEY1,0
D,DISPATCH,UNIT_SCADA,1,"2019/08/22 21:10:00",OAKEY1SF,0.02
D,DISPATCH,UNIT_SCADA,1,"2019/08/22 21:10:00",OAKEY2,0
D,DISPATCH,UNIT_SCADA,1,"2019/08/22 21:10:00",OAKLAND1,2.10
D,DISPATCH,UNIT_SCADA,1,"2019/08/22 21:10:00",OSB-AG,183.08
D,DISPATCH,UNIT_SCADA,1,"2019/08/22 21:10:00",PARSF1,0
D,DISPATCH,UNIT_SCADA,1,"2019/08/22 21:10:00",POAT110,11.29
D,DISPATCH,UNIT_SCADA,1,"2019/08/22 21:10:00",POAT220,137.299440
D,DISPATCH,UNIT_SCADA,1,"2019/08/22 21:10:00",POR01,0
D,DISPATCH,UNIT_SCADA,1,"2019/08/22 21:10:00",POR03,0
D,DISPATCH,UNIT_SCADA,1,"2019/08/22 21:10:00",PPCCGT,492.998050
D,DISPATCH,UNIT_SCADA,1,"2019/08/22 21:10:00",PTSTAN1,0
D,DISPATCH,UNIT_SCADA,1,"2019/08/22 21:10:00",PUMP1,0
D,DISPATCH,UNIT_SCADA,1,"2019/08/22 21:10:00",PUMP2,0
D,DISPATCH,UNIT_SCADA,1,"2019/08/22 21:10:00",QPS1,29.10
D,DISPATCH,UNIT_SCADA,1,"2019/08/22 21:10:00",QPS2,0
D,DISPATCH,UNIT_SCADA,1,"2019/08/22 21:10:00",QPS3,0
D,DISPATCH,UNIT_SCADA,1,"2019/08/22 21:10:00",QPS4,0
D,DISPATCH,UNIT_SCADA,1,"2019/08/22 21:10:00",QPS5,126
D,DISPATCH,UNIT_SCADA,1,"2019/08/22 21:10:00",REECE1,119.530010
D,DISPATCH,UNIT_SCADA,1,"2019/08/22 21:10:00",REECE2,118.730010
D,DISPATCH,UNIT_SCADA,1,"2019/08/22 21:10:00",ROMA_7,0
D,DISPATCH,UNIT_SCADA,1,"2019/08/22 21:10:00",ROMA_8,0
D,DISPATCH,UNIT_SCADA,1,"2019/08/22 21:10:00",RRSF1,0
D,DISPATCH,UNIT_SCADA,1,"2019/08/22 21:10:00",RT_NSW1,0
D,DISPATCH,UNIT_SCADA,1,"2019/08/22 21:10:00",RT_NSW2,0
D,DISPATCH,UNIT_SCADA,1,"2019/08/22 21:10:00",RT_NSW3,0
D,DISPATCH,UNIT_SCADA,1,"2019/08/22 21:10:00",RT_NSW4,0
D,DISPATCH,UNIT_SCADA,1,"2019/08/22 21:10:00",RT_NSW5,0
D,DISPATCH,UNIT_SCADA,1,"2019/08/22 21:10:00",RT_NSW6,0
D,DISPATCH,UNIT_SCADA,1,"2019/08/22 21:10:00",RT_QLD1,0
D,DISPATCH,UNIT_SCADA,1,"2019/08/22 21:10:00",RT_SA1,0
D,DISPATCH,UNIT_SCADA,1,"2019/08/22 21:10:00",RT_SA2,0
D,DISPATCH,UNIT_SCADA,1,"2019/08/22 21:10:00",RT_SA3,0
D,DISPATCH,UNIT_SCADA,1,"2019/08/22 21:10:00",RT_SA4,0
D,DISPATCH,UNIT_SCADA,1,"2019/08/22 21:10:00",RT_SA5,0
D,DISPATCH,UNIT_SCADA,1,"2019/08/22 21:10:00",RT_SA6,0
D,DISPATCH,UNIT_SCADA,1,"2019/08/22 21:10:00",RT_TAS1,0
D,DISPATCH,UNIT_SCADA,1,"2019/08/22 21:10:00",RT_VIC1,0
D,DISPATCH,UNIT_SCADA,1,"2019/08/22 21:10:00",RT_VIC10,0
D,DISPATCH,UNIT_SCADA,1,"2019/08/22 21:10:00",RT_VIC11,0
D,DISPATCH,UNIT_SCADA,1,"2019/08/22 21:10:00",RT_VIC12,0
D,DISPATCH,UNIT_SCADA,1,"2019/08/22 21:10:00",RT_VIC2,0
D,DISPATCH,UNIT_SCADA,1,"2019/08/22 21:10:00",RT_VIC3,0
D,DISPATCH,UNIT_SCADA,1,"2019/08/22 21:10:00",RT_VIC4,0
D,DISPATCH,UNIT_SCADA,1,"2019/08/22 21:10:00",RT_VIC5,0
D,DISPATCH,UNIT_SCADA,1,"2019/08/22 21:10:00",RT_VIC6,0
D,DISPATCH,UNIT_SCADA,1,"2019/08/22 21:10:00",RT_VIC7,0
D,DISPATCH,UNIT_SCADA,1,"2019/08/22 21:10:00",RT_VIC8,0
D,DISPATCH,UNIT_SCADA,1,"2019/08/22 21:10:00",RT_VIC9,0
D,DISPATCH,UNIT_SCADA,1,"2019/08/22 21:10:00",RUGBYR1,0
D,DISPATCH,UNIT_SCADA,1,"2019/08/22 21:10:00",SALTCRK1,-0.28
D,DISPATCH,UNIT_SCADA,1,"2019/08/22 21:10:00",SAPHWF1,55.396880
D,DISPATCH,UNIT_SCADA,1,"2019/08/22 21:10:00",SHGEN,198.900390
D,DISPATCH,UNIT_SCADA,1,"2019/08/22 21:10:00",SHPUMP,0
D,DISPATCH,UNIT_SCADA,1,"2019/08/22 21:10:00",SITHE01,0.1840
D,DISPATCH,UNIT_SCADA,1,"2019/08/22 21:10:00",SMCSF1,0
D,DISPATCH,UNIT_SCADA,1,"2019/08/22 21:10:00",SNOWNTH1,2.40
D,DISPATCH,UNIT_SCADA,1,"2019/08/22 21:10:00",SNOWSTH1,11
D,DISPATCH,UNIT_SCADA,1,"2019/08/22 21:10:00",SNOWTWN1,1.429850
D,DISPATCH,UNIT_SCADA,1,"2019/08/22 21:10:00",SNOWYP,0
D,DISPATCH,UNIT_SCADA,1,"2019/08/22 21:10:00",SNUG1,0.019440
D,DISPATCH,UNIT_SCADA,1,"2019/08/22 21:10:00",SRSF1,0.43
D,DISPATCH,UNIT_SCADA,1,"2019/08/22 21:10:00",STAN-1,0
D,DISPATCH,UNIT_SCADA,1,"2019/08/22 21:10:00",STAN-2,355.424770
D,DISPATCH,UNIT_SCADA,1,"2019/08/22 21:10:00",STAN-3,346.900940
D,DISPATCH,UNIT_SCADA,1,"2019/08/22 21:10:00",STAN-4,366.050720
D,DISPATCH,UNIT_SCADA,1,"2019/08/22 21:10:00",STWF1,146.936260
D,DISPATCH,UNIT_SCADA,1,"2019/08/22 21:10:00",SWAN_E,0
D,DISPATCH,UNIT_SCADA,1,"2019/08/22 21:10:00",TALWA1,426
D,DISPATCH,UNIT_SCADA,1,"2019/08/22 21:10:00",TARALGA1,8.441270
D,DISPATCH,UNIT_SCADA,1,"2019/08/22 21:10:00",TARONG#1,338.200010
D,DISPATCH,UNIT_SCADA,1,"2019/08/22 21:10:00",TARONG#2,338.800020
D,DISPATCH,UNIT_SCADA,1,"2019/08/22 21:10:00",TARONG#3,276.50
D,DISPATCH,UNIT_SCADA,1,"2019/08/22 21:10:00",TARONG#4,348.600010
D,DISPATCH,UNIT_SCADA,1,"2019/08/22 21:10:00",TARRALEA,83.90
D,DISPATCH,UNIT_SCADA,1,"2019/08/22 21:10:00",TBSF1,-0.20
D,DISPATCH,UNIT_SCADA,1,"2019/08/22 21:10:00",TNPS1,442.300020
D,DISPATCH,UNIT_SCADA,1,"2019/08/22 21:10:00",TORRA1,118.841250
D,DISPATCH,UNIT_SCADA,1,"2019/08/22 21:10:00",TORRA2,0
D,DISPATCH,UNIT_SCADA,1,"2019/08/22 21:10:00",TORRA3,44.776750
D,DISPATCH,UNIT_SCADA,1,"2019/08/22 21:10:00",TORRA4,110.938020
D,DISPATCH,UNIT_SCADA,1,"2019/08/22 21:10:00",TORRB1,126.55
D,DISPATCH,UNIT_SCADA,1,"2019/08/22 21:10:00",TORRB2,190.990010
D,DISPATCH,UNIT_SCADA,1,"2019/08/22 21:10:00",TORRB3,0
D,DISPATCH,UNIT_SCADA,1,"2019/08/22 21:10:00",TORRB4,0
D,DISPATCH,UNIT_SCADA,1,"2019/08/22 21:10:00",TREVALLN,88.240040
D,DISPATCH,UNIT_SCADA,1,"2019/08/22 21:10:00",TRIBUTE,84.85
D,DISPATCH,UNIT_SCADA,1,"2019/08/22 21:10:00",TUMUT3,0
D,DISPATCH,UNIT_SCADA,1,"2019/08/22 21:10:00",TUNGATIN,139.810030
D,DISPATCH,UNIT_SCADA,1,"2019/08/22 21:10:00",TVCC201,0
D,DISPATCH,UNIT_SCADA,1,"2019/08/22 21:10:00",TVPP104,57.885170
D,DISPATCH,UNIT_SCADA,1,"2019/08/22 21:10:00",UPPTUMUT,388.602540
D,DISPATCH,UNIT_SCADA,1,"2019/08/22 21:10:00",URANQ11,0
D,DISPATCH,UNIT_SCADA,1,"2019/08/22 21:10:00",URANQ12,0
D,DISPATCH,UNIT_SCADA,1,"2019/08/22 21:10:00",URANQ13,0
D,DISPATCH,UNIT_SCADA,1,"2019/08/22 21:10:00",URANQ14,0
D,DISPATCH,UNIT_SCADA,1,"2019/08/22 21:10:00",VP5,637.950010
D,DISPATCH,UNIT_SCADA,1,"2019/08/22 21:10:00",VP6,630.175050
D,DISPATCH,UNIT_SCADA,1,"2019/08/22 21:10:00",VPGS1,0
D,DISPATCH,UNIT_SCADA,1,"2019/08/22 21:10:00",VPGS2,0
D,DISPATCH,UNIT_SCADA,1,"2019/08/22 21:10:00",VPGS3,0
D,DISPATCH,UNIT_SCADA,1,"2019/08/22 21:10:00",VPGS4,0
D,DISPATCH,UNIT_SCADA,1,"2019/08/22 21:10:00",VPGS5,0
D,DISPATCH,UNIT_SCADA,1,"2019/08/22 21:10:00",VPGS6,0
D,DISPATCH,UNIT_SCADA,1,"2019/08/22 21:10:00",W/HOE#1,0
D,DISPATCH,UNIT_SCADA,1,"2019/08/22 21:10:00",W/HOE#2,0
D,DISPATCH,UNIT_SCADA,1,"2019/08/22 21:10:00",WATERLWF,-0.80
D,DISPATCH,UNIT_SCADA,1,"2019/08/22 21:10:00",WEMENSF1,0
D,DISPATCH,UNIT_SCADA,1,"2019/08/22 21:10:00",WGWF1,7.50
D,DISPATCH,UNIT_SCADA,1,"2019/08/22 21:10:00",WHITSF1,0
D,DISPATCH,UNIT_SCADA,1,"2019/08/22 21:10:00",WKIEWA1,31.90
D,DISPATCH,UNIT_SCADA,1,"2019/08/22 21:10:00",WKIEWA2,32
D,DISPATCH,UNIT_SCADA,1,"2019/08/22 21:10:00",WOODLWN1,12.393010
D,DISPATCH,UNIT_SCADA,1,"2019/08/22 21:10:00",WRSF1,0
D,DISPATCH,UNIT_SCADA,1,"2019/08/22 21:10:00",WRWF1,19.91
D,DISPATCH,UNIT_SCADA,1,"2019/08/22 21:10:00",YABULU,0
D,DISPATCH,UNIT_SCADA,1,"2019/08/22 21:10:00",YABULU2,0
D,DISPATCH,UNIT_SCADA,1,"2019/08/22 21:10:00",YARWUN_1,0
D,DISPATCH,UNIT_SCADA,1,"2019/08/22 21:10:00",YENDWF1,7.85
D,DISPATCH,UNIT_SCADA,1,"2019/08/22 21:10:00",YWPS1,369.924040
D,DISPATCH,UNIT_SCADA,1,"2019/08/22 21:10:00",YWPS2,282.954440
D,DISPATCH,UNIT_SCADA,1,"2019/08/22 21:10:00",YWPS3,0
D,DISPATCH,UNIT_SCADA,1,"2019/08/22 21:10:00",YWPS4,398.907590
C,"END OF REPORT",334
