C,NEMP.WORLD,DISPATCHSCADA,AEMO,PUBLIC,2019/08/19,22:55:07,0000000311763369,DISPATCHSCADA,0000000311763363
I,DISPATCH,UNIT_SCADA,1,SETTLEMENTDATE,DUID,SCADAVALUE
D,DISPATCH,UNIT_SCADA,1,"2019/08/19 23:00:00",BARCSF1,0
D,DISPATCH,UNIT_SCADA,1,"2019/08/19 23:00:00",BUTLERSG,9.699999
D,DISPATCH,UNIT_SCADA,1,"2019/08/19 23:00:00",CALL_A_4,0
D,DISPATCH,UNIT_SCADA,1,"2019/08/19 23:00:00",CAPTL_WF,131.143997
D,DISPATCH,UNIT_SCADA,1,"2019/08/19 23:00:00",CATHROCK,38.699997
D,DISPATCH,UNIT_SCADA,1,"2019/08/19 23:00:00",CHALLHWF,19.40
D,DISPATCH,UNIT_SCADA,1,"2019/08/19 23:00:00",CLOVER,-0.01
D,DISPATCH,UNIT_SCADA,1,"2019/08/19 23:00:00",CLUNY,12.058137
D,DISPATCH,UNIT_SCADA,1,"2019/08/19 23:00:00",CNUNDAWF,41.348236
D,DISPATCH,UNIT_SCADA,1,"2019/08/19 23:00:00",CULLRGWF,30.459999
D,DISPATCH,UNIT_SCADA,1,"2019/08/19 23:00:00",ERGT01,0
D,DISPATCH,UNIT_SCADA,1,"2019/08/19 23:00:00",GB01,0.065681
D,DISPATCH,UNIT_SCADA,1,"2019/08/19 23:00:00",GERMCRK,34.50
D,DISPATCH,UNIT_SCADA,1,"2019/08/19 23:00:00",GRIFSF1,0
D,DISPATCH,UNIT_SCADA,1,"2019/08/19 23:00:00",HUGSF1,-0.2580
D,DISPATCH,UNIT_SCADA,1,"2019/08/19 23:00:00",LKBONNY1,66.624786
D,DISPATCH,UNIT_SCADA,1,"2019/08/19 23:00:00",LRSF1,-0.03
D,DISPATCH,UNIT_SCADA,1,"2019/08/19 23:00:00",MBAHNTH,52.8750
D,DISPATCH,UNIT_SCADA,1,"2019/08/19 23:00:00",MLSP1,0.304001
D,DISPATCH,UNIT_SCADA,1,"2019/08/19 23:00:00",MLWF1,15.5850
D,DISPATCH,UNIT_SCADA,1,"2019/08/19 23:00:00",MTMILLAR,16.795040
D,DISPATCH,UNIT_SCADA,1,"2019/08/19 23:00:00",PALOONA,23.459999
D,DISPATCH,UNIT_SCADA,1,"2019/08/19 23:00:00",PIONEER,38.700001
D,DISPATCH,UNIT_SCADA,1,"2019/08/19 23:00:00",PORTWF,137.800003
D,DISPATCH,UNIT_SCADA,1,"2019/08/19 23:00:00",REPULSE,28.980545
D,DISPATCH,UNIT_SCADA,1,"2019/08/19 23:00:00",ROWALLAN,9.7980
D,DISPATCH,UNIT_SCADA,1,"2019/08/19 23:00:00",ROYALLA1,0
D,DISPATCH,UNIT_SCADA,1,"2019/08/19 23:00:00",RPCG,-3.20
D,DISPATCH,UNIT_SCADA,1,"2019/08/19 23:00:00",RUBICON,0
D,DISPATCH,UNIT_SCADA,1,"2019/08/19 23:00:00",SATGN1,0
D,DISPATCH,UNIT_SCADA,1,"2019/08/19 23:00:00",SATGS1,0
D,DISPATCH,UNIT_SCADA,1,"2019/08/19 23:00:00",STARHLWF,10.396968
D,DISPATCH,UNIT_SCADA,1,"2019/08/19 23:00:00",WAUBRAWF,110.119003
D,DISPATCH,UNIT_SCADA,1,"2019/08/19 23:00:00",WOOLNTH1,123.590027
D,DISPATCH,UNIT_SCADA,1,"2019/08/19 23:00:00",WPWF,31
D,DISPATCH,UNIT_SCADA,1,"2019/08/19 23:00:00",YAMBUKWF,9.80
D,DISPATCH,UNIT_SCADA,1,"2019/08/19 23:00:00",YSWF1,28.60
D,DISPATCH,UNIT_SCADA,1,"2019/08/19 23:00:00",AGLHAL,0
D,DISPATCH,UNIT_SCADA,1,"2019/08/19 23:00:00",AGLSOM,0
D,DISPATCH,UNIT_SCADA,1,"2019/08/19 23:00:00",ANGAST1,0
D,DISPATCH,UNIT_SCADA,1,"2019/08/19 23:00:00",ARWF1,22.70
D,DISPATCH,UNIT_SCADA,1,"2019/08/19 23:00:00",BALBG1,1.93
D,DISPATCH,UNIT_SCADA,1,"2019/08/19 23:00:00",BALBL1,0
D,DISPATCH,UNIT_SCADA,1,"2019/08/19 23:00:00",BALDHWF1,102.4310
D,DISPATCH,UNIT_SCADA,1,"2019/08/19 23:00:00",BANN1,0
D,DISPATCH,UNIT_SCADA,1,"2019/08/19 23:00:00",BARCALDN,0
D,DISPATCH,UNIT_SCADA,1,"2019/08/19 23:00:00",BARRON-1,0
D,DISPATCH,UNIT_SCADA,1,"2019/08/19 23:00:00",BARRON-2,24.92
D,DISPATCH,UNIT_SCADA,1,"2019/08/19 23:00:00",BASTYAN,80.38
D,DISPATCH,UNIT_SCADA,1,"2019/08/19 23:00:00",BBTHREE1,0
D,DISPATCH,UNIT_SCADA,1,"2019/08/19 23:00:00",BBTHREE2,0
D,DISPATCH,UNIT_SCADA,1,"2019/08/19 23:00:00",BBTHREE3,0
D,DISPATCH,UNIT_SCADA,1,"2019/08/19 23:00:00",BDL01,-0.06
D,DISPATCH,UNIT_SCADA,1,"2019/08/19 23:00:00",BDL02,-0.06
D,DISPATCH,UNIT_SCADA,1,"2019/08/19 23:00:00",BERYLSF1,0
D,DISPATCH,UNIT_SCADA,1,"2019/08/19 23:00:00",BLOWERNG,0
D,DISPATCH,UNIT_SCADA,1,"2019/08/19 23:00:00",BLUFF1,29
D,DISPATCH,UNIT_SCADA,1,"2019/08/19 23:00:00",BNGSF1,0
D,DISPATCH,UNIT_SCADA,1,"2019/08/19 23:00:00",BNGSF2,0
D,DISPATCH,UNIT_SCADA,1,"2019/08/19 23:00:00",BOCORWF1,92.17
D,DISPATCH,UNIT_SCADA,1,"2019/08/19 23:00:00",BODWF1,53.924610
D,DISPATCH,UNIT_SCADA,1,"2019/08/19 23:00:00",BRAEMAR1,0
D,DISPATCH,UNIT_SCADA,1,"2019/08/19 23:00:00",BRAEMAR2,0
D,DISPATCH,UNIT_SCADA,1,"2019/08/19 23:00:00",BRAEMAR3,0
D,DISPATCH,UNIT_SCADA,1,"2019/08/19 23:00:00",BRAEMAR5,0
D,DISPATCH,UNIT_SCADA,1,"2019/08/19 23:00:00",BRAEMAR6,0
D,DISPATCH,UNIT_SCADA,1,"2019/08/19 23:00:00",BRAEMAR7,0
D,DISPATCH,UNIT_SCADA,1,"2019/08/19 23:00:00",BROKENH1,0
D,DISPATCH,UNIT_SCADA,1,"2019/08/19 23:00:00",BW01,634.50
D,DISPATCH,UNIT_SCADA,1,"2019/08/19 23:00:00",BW02,665.075070
D,DISPATCH,UNIT_SCADA,1,"2019/08/19 23:00:00",BW03,620.549930
D,DISPATCH,UNIT_SCADA,1,"2019/08/19 23:00:00",BW04,0
D,DISPATCH,UNIT_SCADA,1,"2019/08/19 23:00:00",CALL_B_1,339.399990
D,DISPATCH,UNIT_SCADA,1,"2019/08/19 23:00:00",CALL_B_2,279.300020
D,DISPATCH,UNIT_SCADA,1,"2019/08/19 23:00:00",CETHANA,80.341750
D,DISPATCH,UNIT_SCADA,1,"2019/08/19 23:00:00",CG1,0
D,DISPATCH,UNIT_SCADA,1,"2019/08/19 23:00:00",CG2,0
D,DISPATCH,UNIT_SCADA,1,"2019/08/19 23:00:00",CG3,0
D,DISPATCH,UNIT_SCADA,1,"2019/08/19 23:00:00",CG4,0
D,DISPATCH,UNIT_SCADA,1,"2019/08/19 23:00:00",CHILDSF1,0
D,DISPATCH,UNIT_SCADA,1,"2019/08/19 23:00:00",CLARESF1,0
D,DISPATCH,UNIT_SCADA,1,"2019/08/19 23:00:00",CLEMGPWF,-0.360180
D,DISPATCH,UNIT_SCADA,1,"2019/08/19 23:00:00",CLERMSF1,0
D,DISPATCH,UNIT_SCADA,1,"2019/08/19 23:00:00",COLEASF1,0
D,DISPATCH,UNIT_SCADA,1,"2019/08/19 23:00:00",COOPGWF1,35.8163
D,DISPATCH,UNIT_SCADA,1,"2019/08/19 23:00:00",CPP_3,405.899990
D,DISPATCH,UNIT_SCADA,1,"2019/08/19 23:00:00",CPP_4,405.075010
D,DISPATCH,UNIT_SCADA,1,"2019/08/19 23:00:00",CPSA,142.174380
D,DISPATCH,UNIT_SCADA,1,"2019/08/19 23:00:00",CROOKWF2,75.703750
D,DISPATCH,UNIT_SCADA,1,"2019/08/19 23:00:00",CROWLWF1,37.595130
D,DISPATCH,UNIT_SCADA,1,"2019/08/19 23:00:00",CSPVPS1,0
D,DISPATCH,UNIT_SCADA,1,"2019/08/19 23:00:00",DALNTH01,0
D,DISPATCH,UNIT_SCADA,1,"2019/08/19 23:00:00",DALNTHL1,0.0351
D,DISPATCH,UNIT_SCADA,1,"2019/08/19 23:00:00",DARTM1,134.399990
D,DISPATCH,UNIT_SCADA,1,"2019/08/19 23:00:00",DAYDSF1,0
D,DISPATCH,UNIT_SCADA,1,"2019/08/19 23:00:00",DDPS1,0
D,DISPATCH,UNIT_SCADA,1,"2019/08/19 23:00:00",DDSF1,0
D,DISPATCH,UNIT_SCADA,1,"2019/08/19 23:00:00",DEVILS_G,60.158080
D,DISPATCH,UNIT_SCADA,1,"2019/08/19 23:00:00",DG_NSW1,0
D,DISPATCH,UNIT_SCADA,1,"2019/08/19 23:00:00",DG_QLD1,0
D,DISPATCH,UNIT_SCADA,1,"2019/08/19 23:00:00",DG_SA1,0
D,DISPATCH,UNIT_SCADA,1,"2019/08/19 23:00:00",DG_TAS1,0
D,DISPATCH,UNIT_SCADA,1,"2019/08/19 23:00:00",DG_VIC1,0
D,DISPATCH,UNIT_SCADA,1,"2019/08/19 23:00:00",DRYCGT1,0
D,DISPATCH,UNIT_SCADA,1,"2019/08/19 23:00:00",DRYCGT2,0
D,DISPATCH,UNIT_SCADA,1,"2019/08/19 23:00:00",DRYCGT3,0
D,DISPATCH,UNIT_SCADA,1,"2019/08/19 23:00:00",EILDON1,0
D,DISPATCH,UNIT_SCADA,1,"2019/08/19 23:00:00",EILDON2,0
D,DISPATCH,UNIT_SCADA,1,"2019/08/19 23:00:00",EMERASF1,0
D,DISPATCH,UNIT_SCADA,1,"2019/08/19 23:00:00",ER01,578.525020
D,DISPATCH,UNIT_SCADA,1,"2019/08/19 23:00:00",ER02,657.8750
D,DISPATCH,UNIT_SCADA,1,"2019/08/19 23:00:00",ER03,657.349980
D,DISPATCH,UNIT_SCADA,1,"2019/08/19 23:00:00",ER04,656.3501
D,DISPATCH,UNIT_SCADA,1,"2019/08/19 23:00:00",FINLYSF1,0
D,DISPATCH,UNIT_SCADA,1,"2019/08/19 23:00:00",FISHER,45.83
D,DISPATCH,UNIT_SCADA,1,"2019/08/19 23:00:00",GANNBG1,1.199760
D,DISPATCH,UNIT_SCADA,1,"2019/08/19 23:00:00",GANNBL1,0
D,DISPATCH,UNIT_SCADA,1,"2019/08/19 23:00:00",GANNSF1,0
D,DISPATCH,UNIT_SCADA,1,"2019/08/19 23:00:00",GORDON,24.995040
D,DISPATCH,UNIT_SCADA,1,"2019/08/19 23:00:00",GSTONE1,190.224990
D,DISPATCH,UNIT_SCADA,1,"2019/08/19 23:00:00",GSTONE2,190.224990
D,DISPATCH,UNIT_SCADA,1,"2019/08/19 23:00:00",GSTONE3,199.149990
D,DISPATCH,UNIT_SCADA,1,"2019/08/19 23:00:00",GSTONE4,165.3750
D,DISPATCH,UNIT_SCADA,1,"2019/08/19 23:00:00",GSTONE5,189.524990
D,DISPATCH,UNIT_SCADA,1,"2019/08/19 23:00:00",GSTONE6,0
D,DISPATCH,UNIT_SCADA,1,"2019/08/19 23:00:00",GULLRSF1,0
D,DISPATCH,UNIT_SCADA,1,"2019/08/19 23:00:00",GULLRWF1,156.144960
D,DISPATCH,UNIT_SCADA,1,"2019/08/19 23:00:00",GUNNING1,41.803460
D,DISPATCH,UNIT_SCADA,1,"2019/08/19 23:00:00",GUTHEGA,0
D,DISPATCH,UNIT_SCADA,1,"2019/08/19 23:00:00",HALLWF1,69.79
D,DISPATCH,UNIT_SCADA,1,"2019/08/19 23:00:00",HALLWF2,56.50
D,DISPATCH,UNIT_SCADA,1,"2019/08/19 23:00:00",HAMISF1,0
D,DISPATCH,UNIT_SCADA,1,"2019/08/19 23:00:00",HAUGHT11,0
D,DISPATCH,UNIT_SCADA,1,"2019/08/19 23:00:00",HAYMSF1,0
D,DISPATCH,UNIT_SCADA,1,"2019/08/19 23:00:00",HDWF1,34.80
D,DISPATCH,UNIT_SCADA,1,"2019/08/19 23:00:00",HDWF2,22.20
D,DISPATCH,UNIT_SCADA,1,"2019/08/19 23:00:00",HDWF3,29.90
D,DISPATCH,UNIT_SCADA,1,"2019/08/19 23:00:00",HPRG1,5
D,DISPATCH,UNIT_SCADA,1,"2019/08/19 23:00:00",HPRL1,0
D,DISPATCH,UNIT_SCADA,1,"2019/08/19 23:00:00",HUMENSW,0
D,DISPATCH,UNIT_SCADA,1,"2019/08/19 23:00:00",HUMEV,8.70
D,DISPATCH,UNIT_SCADA,1,"2019/08/19 23:00:00",HVGTS,0
D,DISPATCH,UNIT_SCADA,1,"2019/08/19 23:00:00",JBUTTERS,119.079990
D,DISPATCH,UNIT_SCADA,1,"2019/08/19 23:00:00",JLA01,0.50
D,DISPATCH,UNIT_SCADA,1,"2019/08/19 23:00:00",JLA02,0
D,DISPATCH,UNIT_SCADA,1,"2019/08/19 23:00:00",JLA03,0.10
D,DISPATCH,UNIT_SCADA,1,"2019/08/19 23:00:00",JLA04,0.10
D,DISPATCH,UNIT_SCADA,1,"2019/08/19 23:00:00",JLB01,0
D,DISPATCH,UNIT_SCADA,1,"2019/08/19 23:00:00",JLB02,0.10
D,DISPATCH,UNIT_SCADA,1,"2019/08/19 23:00:00",JLB03,0
D,DISPATCH,UNIT_SCADA,1,"2019/08/19 23:00:00",KAREEYA1,21.4975
D,DISPATCH,UNIT_SCADA,1,"2019/08/19 23:00:00",KAREEYA2,21.6775
D,DISPATCH,UNIT_SCADA,1,"2019/08/19 23:00:00",KAREEYA3,0
D,DISPATCH,UNIT_SCADA,1,"2019/08/19 23:00:00",KAREEYA4,21.6125
D,DISPATCH,UNIT_SCADA,1,"2019/08/19 23:00:00",KARSF1,0
D,DISPATCH,UNIT_SCADA,1,"2019/08/19 23:00:00",KIATAWF1,29.90
D,DISPATCH,UNIT_SCADA,1,"2019/08/19 23:00:00",KPP_1,0
D,DISPATCH,UNIT_SCADA,1,"2019/08/19 23:00:00",KSP1,0
D,DISPATCH,UNIT_SCADA,1,"2019/08/19 23:00:00",LADBROK1,0
D,DISPATCH,UNIT_SCADA,1,"2019/08/19 23:00:00",LADBROK2,0
D,DISPATCH,UNIT_SCADA,1,"2019/08/19 23:00:00",LD01,412.218750
D,DISPATCH,UNIT_SCADA,1,"2019/08/19 23:00:00",LD02,416.175020
D,DISPATCH,UNIT_SCADA,1,"2019/08/19 23:00:00",LD03,416.531250
D,DISPATCH,UNIT_SCADA,1,"2019/08/19 23:00:00",LD04,378.168730
D,DISPATCH,UNIT_SCADA,1,"2019/08/19 23:00:00",LEM_WIL,82.455950
D,DISPATCH,UNIT_SCADA,1,"2019/08/19 23:00:00",LGAPWF1,4.72
D,DISPATCH,UNIT_SCADA,1,"2019/08/19 23:00:00",LILYSF1,0
D,DISPATCH,UNIT_SCADA,1,"2019/08/19 23:00:00",LI_WY_CA,143.065460
D,DISPATCH,UNIT_SCADA,1,"2019/08/19 23:00:00",LKBONNY2,150.892940
D,DISPATCH,UNIT_SCADA,1,"2019/08/19 23:00:00",LKBONNY3,36.172660
D,DISPATCH,UNIT_SCADA,1,"2019/08/19 23:00:00",LK_ECHO,0
D,DISPATCH,UNIT_SCADA,1,"2019/08/19 23:00:00",LNGS1,0
D,DISPATCH,UNIT_SCADA,1,"2019/08/19 23:00:00",LNGS2,0
D,DISPATCH,UNIT_SCADA,1,"2019/08/19 23:00:00",LONSDALE,0
D,DISPATCH,UNIT_SCADA,1,"2019/08/19 23:00:00",LOYYB1,535.336730
D,DISPATCH,UNIT_SCADA,1,"2019/08/19 23:00:00",LOYYB2,583.458250
D,DISPATCH,UNIT_SCADA,1,"2019/08/19 23:00:00",LYA1,561
D,DISPATCH,UNIT_SCADA,1,"2019/08/19 23:00:00",LYA2,0
D,DISPATCH,UNIT_SCADA,1,"2019/08/19 23:00:00",LYA3,561
D,DISPATCH,UNIT_SCADA,1,"2019/08/19 23:00:00",LYA4,540
D,DISPATCH,UNIT_SCADA,1,"2019/08/19 23:00:00",MACARTH1,278.193570
D,DISPATCH,UNIT_SCADA,1,"2019/08/19 23:00:00",MACKAYGT,0
D,DISPATCH,UNIT_SCADA,1,"2019/08/19 23:00:00",MACKNTSH,85.250010
D,DISPATCH,UNIT_SCADA,1,"2019/08/19 23:00:00",MANSLR1,0
D,DISPATCH,UNIT_SCADA,1,"2019/08/19 23:00:00",MCKAY1,0.02
D,DISPATCH,UNIT_SCADA,1,"2019/08/19 23:00:00",MEADOWBK,33.695820
D,DISPATCH,UNIT_SCADA,1,"2019/08/19 23:00:00",MERCER01,122.3190
D,DISPATCH,UNIT_SCADA,1,"2019/08/19 23:00:00",MEWF1,122.912770
D,DISPATCH,UNIT_SCADA,1,"2019/08/19 23:00:00",MINTARO,0
D,DISPATCH,UNIT_SCADA,1,"2019/08/19 23:00:00",MOREESF1,0
D,DISPATCH,UNIT_SCADA,1,"2019/08/19 23:00:00",MORTLK11,124
D,DISPATCH,UNIT_SCADA,1,"2019/08/19 23:00:00",MORTLK12,0
D,DISPATCH,UNIT_SCADA,1,"2019/08/19 23:00:00",MP1,277.849980
D,DISPATCH,UNIT_SCADA,1,"2019/08/19 23:00:00",MP2,0
D,DISPATCH,UNIT_SCADA,1,"2019/08/19 23:00:00",MPP_1,432
D,DISPATCH,UNIT_SCADA,1,"2019/08/19 23:00:00",MPP_2,434.75
D,DISPATCH,UNIT_SCADA,1,"2019/08/19 23:00:00",MSTUART1,0
D,DISPATCH,UNIT_SCADA,1,"2019/08/19 23:00:00",MSTUART2,0
D,DISPATCH,UNIT_SCADA,1,"2019/08/19 23:00:00",MSTUART3,0
D,DISPATCH,UNIT_SCADA,1,"2019/08/19 23:00:00",MTGELWF1,64.110230
D,DISPATCH,UNIT_SCADA,1,"2019/08/19 23:00:00",MURRAY,0
D,DISPATCH,UNIT_SCADA,1,"2019/08/19 23:00:00",MUSSELR1,165.70
D,DISPATCH,UNIT_SCADA,1,"2019/08/19 23:00:00",MUWAWF1,39.30
D,DISPATCH,UNIT_SCADA,1,"2019/08/19 23:00:00",NBHWF1,51.50
D,DISPATCH,UNIT_SCADA,1,"2019/08/19 23:00:00",NPS,0
D,DISPATCH,UNIT_SCADA,1,"2019/08/19 23:00:00",NUMURSF1,0
D,DISPATCH,UNIT_SCADA,1,"2019/08/19 23:00:00",NYNGAN1,0
D,DISPATCH,UNIT_SCADA,1,"2019/08/19 23:00:00",OAKEY1,0
D,DISPATCH,UNIT_SCADA,1,"2019/08/19 23:00:00",OAKEY1SF,0
D,DISPATCH,UNIT_SCADA,1,"2019/08/19 23:00:00",OAKEY2,0
D,DISPATCH,UNIT_SCADA,1,"2019/08/19 23:00:00",OAKLAND1,61.40
D,DISPATCH,UNIT_SCADA,1,"2019/08/19 23:00:00",OSB-AG,139.739990
D,DISPATCH,UNIT_SCADA,1,"2019/08/19 23:00:00",PARSF1,0
D,DISPATCH,UNIT_SCADA,1,"2019/08/19 23:00:00",POAT110,0
D,DISPATCH,UNIT_SCADA,1,"2019/08/19 23:00:00",POAT220,28.2440
D,DISPATCH,UNIT_SCADA,1,"2019/08/19 23:00:00",POR01,0
D,DISPATCH,UNIT_SCADA,1,"2019/08/19 23:00:00",POR03,0
D,DISPATCH,UNIT_SCADA,1,"2019/08/19 23:00:00",PPCCGT,354.750490
D,DISPATCH,UNIT_SCADA,1,"2019/08/19 23:00:00",PTSTAN1,0
D,DISPATCH,UNIT_SCADA,1,"2019/08/19 23:00:00",PUMP1,0
D,DISPATCH,UNIT_SCADA,1,"2019/08/19 23:00:00",PUMP2,0
D,DISPATCH,UNIT_SCADA,1,"2019/08/19 23:00:00",QPS1,0
D,DISPATCH,UNIT_SCADA,1,"2019/08/19 23:00:00",QPS2,0
D,DISPATCH,UNIT_SCADA,1,"2019/08/19 23:00:00",QPS3,0
D,DISPATCH,UNIT_SCADA,1,"2019/08/19 23:00:00",QPS4,0
D,DISPATCH,UNIT_SCADA,1,"2019/08/19 23:00:00",QPS5,0
D,DISPATCH,UNIT_SCADA,1,"2019/08/19 23:00:00",REECE1,114.38
D,DISPATCH,UNIT_SCADA,1,"2019/08/19 23:00:00",REECE2,112.910010
D,DISPATCH,UNIT_SCADA,1,"2019/08/19 23:00:00",ROMA_7,0
D,DISPATCH,UNIT_SCADA,1,"2019/08/19 23:00:00",ROMA_8,0
D,DISPATCH,UNIT_SCADA,1,"2019/08/19 23:00:00",RRSF1,0
D,DISPATCH,UNIT_SCADA,1,"2019/08/19 23:00:00",RT_NSW1,0
D,DISPATCH,UNIT_SCADA,1,"2019/08/19 23:00:00",RT_NSW2,0
D,DISPATCH,UNIT_SCADA,1,"2019/08/19 23:00:00",RT_NSW3,0
D,DISPATCH,UNIT_SCADA,1,"2019/08/19 23:00:00",RT_NSW4,0
D,DISPATCH,UNIT_SCADA,1,"2019/08/19 23:00:00",RT_NSW5,0
D,DISPATCH,UNIT_SCADA,1,"2019/08/19 23:00:00",RT_NSW6,0
D,DISPATCH,UNIT_SCADA,1,"2019/08/19 23:00:00",RT_QLD1,0
D,DISPATCH,UNIT_SCADA,1,"2019/08/19 23:00:00",RT_SA1,0
D,DISPATCH,UNIT_SCADA,1,"2019/08/19 23:00:00",RT_SA2,0
D,DISPATCH,UNIT_SCADA,1,"2019/08/19 23:00:00",RT_SA3,0
D,DISPATCH,UNIT_SCADA,1,"2019/08/19 23:00:00",RT_SA4,0
D,DISPATCH,UNIT_SCADA,1,"2019/08/19 23:00:00",RT_SA5,0
D,DISPATCH,UNIT_SCADA,1,"2019/08/19 23:00:00",RT_SA6,0
D,DISPATCH,UNIT_SCADA,1,"2019/08/19 23:00:00",RT_TAS1,0
D,DISPATCH,UNIT_SCADA,1,"2019/08/19 23:00:00",RT_VIC1,0
D,DISPATCH,UNIT_SCADA,1,"2019/08/19 23:00:00",RT_VIC10,0
D,DISPATCH,UNIT_SCADA,1,"2019/08/19 23:00:00",RT_VIC11,0
D,DISPATCH,UNIT_SCADA,1,"2019/08/19 23:00:00",RT_VIC12,0
D,DISPATCH,UNIT_SCADA,1,"2019/08/19 23:00:00",RT_VIC2,0
D,DISPATCH,UNIT_SCADA,1,"2019/08/19 23:00:00",RT_VIC3,0
D,DISPATCH,UNIT_SCADA,1,"2019/08/19 23:00:00",RT_VIC4,0
D,DISPATCH,UNIT_SCADA,1,"2019/08/19 23:00:00",RT_VIC5,0
D,DISPATCH,UNIT_SCADA,1,"2019/08/19 23:00:00",RT_VIC6,0
D,DISPATCH,UNIT_SCADA,1,"2019/08/19 23:00:00",RT_VIC7,0
D,DISPATCH,UNIT_SCADA,1,"2019/08/19 23:00:00",RT_VIC8,0
D,DISPATCH,UNIT_SCADA,1,"2019/08/19 23:00:00",RT_VIC9,0
D,DISPATCH,UNIT_SCADA,1,"2019/08/19 23:00:00",RUGBYR1,0
D,DISPATCH,UNIT_SCADA,1,"2019/08/19 23:00:00",SALTCRK1,45.02
D,DISPATCH,UNIT_SCADA,1,"2019/08/19 23:00:00",SAPHWF1,230.371890
D,DISPATCH,UNIT_SCADA,1,"2019/08/19 23:00:00",SHGEN,0
D,DISPATCH,UNIT_SCADA,1,"2019/08/19 23:00:00",SHPUMP,0
D,DISPATCH,UNIT_SCADA,1,"2019/08/19 23:00:00",SITHE01,0.043330
D,DISPATCH,UNIT_SCADA,1,"2019/08/19 23:00:00",SMCSF1,0
D,DISPATCH,UNIT_SCADA,1,"2019/08/19 23:00:00",SNOWNTH1,16.70
D,DISPATCH,UNIT_SCADA,1,"2019/08/19 23:00:00",SNOWSTH1,34.40
D,DISPATCH,UNIT_SCADA,1,"2019/08/19 23:00:00",SNOWTWN1,15.043850
D,DISPATCH,UNIT_SCADA,1,"2019/08/19 23:00:00",SNOWYP,0
D,DISPATCH,UNIT_SCADA,1,"2019/08/19 23:00:00",SNUG1,0.019440
D,DISPATCH,UNIT_SCADA,1,"2019/08/19 23:00:00",SRSF1,0
D,DISPATCH,UNIT_SCADA,1,"2019/08/19 23:00:00",STAN-1,0
D,DISPATCH,UNIT_SCADA,1,"2019/08/19 23:00:00",STAN-2,278.889680
D,DISPATCH,UNIT_SCADA,1,"2019/08/19 23:00:00",STAN-3,278.748690
D,DISPATCH,UNIT_SCADA,1,"2019/08/19 23:00:00",STAN-4,312.0878
D,DISPATCH,UNIT_SCADA,1,"2019/08/19 23:00:00",STWF1,102.183750
D,DISPATCH,UNIT_SCADA,1,"2019/08/19 23:00:00",SWAN_E,0
D,DISPATCH,UNIT_SCADA,1,"2019/08/19 23:00:00",TALWA1,326
D,DISPATCH,UNIT_SCADA,1,"2019/08/19 23:00:00",TARALGA1,75.089980
D,DISPATCH,UNIT_SCADA,1,"2019/08/19 23:00:00",TARONG#1,280.600010
D,DISPATCH,UNIT_SCADA,1,"2019/08/19 23:00:00",TARONG#2,279.399990
D,DISPATCH,UNIT_SCADA,1,"2019/08/19 23:00:00",TARONG#3,259.399990
D,DISPATCH,UNIT_SCADA,1,"2019/08/19 23:00:00",TARONG#4,281.200010
D,DISPATCH,UNIT_SCADA,1,"2019/08/19 23:00:00",TARRALEA,78.90
D,DISPATCH,UNIT_SCADA,1,"2019/08/19 23:00:00",TBSF1,-0.20
D,DISPATCH,UNIT_SCADA,1,"2019/08/19 23:00:00",TNPS1,399.400020
D,DISPATCH,UNIT_SCADA,1,"2019/08/19 23:00:00",TORRA1,51.925920
D,DISPATCH,UNIT_SCADA,1,"2019/08/19 23:00:00",TORRA2,0
D,DISPATCH,UNIT_SCADA,1,"2019/08/19 23:00:00",TORRA3,51.220120
D,DISPATCH,UNIT_SCADA,1,"2019/08/19 23:00:00",TORRA4,0
D,DISPATCH,UNIT_SCADA,1,"2019/08/19 23:00:00",TORRB1,58.67
D,DISPATCH,UNIT_SCADA,1,"2019/08/19 23:00:00",TORRB2,58.48
D,DISPATCH,UNIT_SCADA,1,"2019/08/19 23:00:00",TORRB3,0
D,DISPATCH,UNIT_SCADA,1,"2019/08/19 23:00:00",TORRB4,0
D,DISPATCH,UNIT_SCADA,1,"2019/08/19 23:00:00",TREVALLN,17.40
D,DISPATCH,UNIT_SCADA,1,"2019/08/19 23:00:00",TRIBUTE,45.04
D,DISPATCH,UNIT_SCADA,1,"2019/08/19 23:00:00",TUMUT3,0
D,DISPATCH,UNIT_SCADA,1,"2019/08/19 23:00:00",TUNGATIN,122.410030
D,DISPATCH,UNIT_SCADA,1,"2019/08/19 23:00:00",TVCC201,0
D,DISPATCH,UNIT_SCADA,1,"2019/08/19 23:00:00",TVPP104,0
D,DISPATCH,UNIT_SCADA,1,"2019/08/19 23:00:00",UPPTUMUT,0
D,DISPATCH,UNIT_SCADA,1,"2019/08/19 23:00:00",URANQ11,0
D,DISPATCH,UNIT_SCADA,1,"2019/08/19 23:00:00",URANQ12,0
D,DISPATCH,UNIT_SCADA,1,"2019/08/19 23:00:00",URANQ13,0
D,DISPATCH,UNIT_SCADA,1,"2019/08/19 23:00:00",URANQ14,0
D,DISPATCH,UNIT_SCADA,1,"2019/08/19 23:00:00",VP5,477.475040
D,DISPATCH,UNIT_SCADA,1,"2019/08/19 23:00:00",VP6,457.899990
D,DISPATCH,UNIT_SCADA,1,"2019/08/19 23:00:00",VPGS1,0
D,DISPATCH,UNIT_SCADA,1,"2019/08/19 23:00:00",VPGS2,0
D,DISPATCH,UNIT_SCADA,1,"2019/08/19 23:00:00",VPGS3,0
D,DISPATCH,UNIT_SCADA,1,"2019/08/19 23:00:00",VPGS4,0
D,DISPATCH,UNIT_SCADA,1,"2019/08/19 23:00:00",VPGS5,0
D,DISPATCH,UNIT_SCADA,1,"2019/08/19 23:00:00",VPGS6,0
D,DISPATCH,UNIT_SCADA,1,"2019/08/19 23:00:00",W/HOE#1,0
D,DISPATCH,UNIT_SCADA,1,"2019/08/19 23:00:00",W/HOE#2,0
D,DISPATCH,UNIT_SCADA,1,"2019/08/19 23:00:00",WATERLWF,93
D,DISPATCH,UNIT_SCADA,1,"2019/08/19 23:00:00",WEMENSF1,0
D,DISPATCH,UNIT_SCADA,1,"2019/08/19 23:00:00",WGWF1,49.60
D,DISPATCH,UNIT_SCADA,1,"2019/08/19 23:00:00",WHITSF1,0
D,DISPATCH,UNIT_SCADA,1,"2019/08/19 23:00:00",WKIEWA1,15
D,DISPATCH,UNIT_SCADA,1,"2019/08/19 23:00:00",WKIEWA2,15.10
D,DISPATCH,UNIT_SCADA,1,"2019/08/19 23:00:00",WOODLWN1,44.9460
D,DISPATCH,UNIT_SCADA,1,"2019/08/19 23:00:00",WRSF1,0
D,DISPATCH,UNIT_SCADA,1,"2019/08/19 23:00:00",WRWF1,144.571260
D,DISPATCH,UNIT_SCADA,1,"2019/08/19 23:00:00",YABULU,0
D,DISPATCH,UNIT_SCADA,1,"2019/08/19 23:00:00",YABULU2,0
D,DISPATCH,UNIT_SCADA,1,"2019/08/19 23:00:00",YARWUN_1,0
D,DISPATCH,UNIT_SCADA,1,"2019/08/19 23:00:00",YENDWF1,42.08
D,DISPATCH,UNIT_SCADA,1,"2019/08/19 23:00:00",YWPS1,377.443020
D,DISPATCH,UNIT_SCADA,1,"2019/08/19 23:00:00",YWPS2,277.440520
D,DISPATCH,UNIT_SCADA,1,"2019/08/19 23:00:00",YWPS3,0
D,DISPATCH,UNIT_SCADA,1,"2019/08/19 23:00:00",YWPS4,391.850650
C,"END OF REPORT",334
