C,NEMP.WORLD,DISPATCHSCADA,AEMO,PUBLIC,2019/09/06,12:10:09,0000000312461321,DISPATCHSCADA,0000000312461315
I,DISPATCH,UNIT_SCADA,1,SETTLEMENTDATE,DUID,SCADAVALUE
D,DISPATCH,UNIT_SCADA,1,"2019/09/06 12:15:00",BARCSF1,8.900001
D,DISPATCH,UNIT_SCADA,1,"2019/09/06 12:15:00",BUTLERSG,10.199999
D,DISPATCH,UNIT_SCADA,1,"2019/09/06 12:15:00",CALL_A_4,0
D,DISPATCH,UNIT_SCADA,1,"2019/09/06 12:15:00",CAPTL_WF,120.459999
D,DISPATCH,UNIT_SCADA,1,"2019/09/06 12:15:00",CATHROCK,0
D,DISPATCH,UNIT_SCADA,1,"2019/09/06 12:15:00",CHALLHWF,10.90
D,DISPATCH,UNIT_SCADA,1,"2019/09/06 12:15:00",CLOVER,-0.02
D,DISPATCH,UNIT_SCADA,1,"2019/09/06 12:15:00",CLUNY,18.392767
D,DISPATCH,UNIT_SCADA,1,"2019/09/06 12:15:00",CNUNDAWF,38.544964
D,DISPATCH,UNIT_SCADA,1,"2019/09/06 12:15:00",CULLRGWF,28.27
D,DISPATCH,UNIT_SCADA,1,"2019/09/06 12:15:00",ERGT01,0
D,DISPATCH,UNIT_SCADA,1,"2019/09/06 12:15:00",GB01,0.011856
D,DISPATCH,UNIT_SCADA,1,"2019/09/06 12:15:00",GERMCRK,32.099998
D,DISPATCH,UNIT_SCADA,1,"2019/09/06 12:15:00",GRIFSF1,3.599998
D,DISPATCH,UNIT_SCADA,1,"2019/09/06 12:15:00",HUGSF1,9.04
D,DISPATCH,UNIT_SCADA,1,"2019/09/06 12:15:00",LKBONNY1,67.607185
D,DISPATCH,UNIT_SCADA,1,"2019/09/06 12:15:00",LRSF1,10.8540
D,DISPATCH,UNIT_SCADA,1,"2019/09/06 12:15:00",MBAHNTH,51.618744
D,DISPATCH,UNIT_SCADA,1,"2019/09/06 12:15:00",MLSP1,5.759001
D,DISPATCH,UNIT_SCADA,1,"2019/09/06 12:15:00",MLWF1,5.70
D,DISPATCH,UNIT_SCADA,1,"2019/09/06 12:15:00",MTMILLAR,48.286671
D,DISPATCH,UNIT_SCADA,1,"2019/09/06 12:15:00",PALOONA,24.73
D,DISPATCH,UNIT_SCADA,1,"2019/09/06 12:15:00",PIONEER,32
D,DISPATCH,UNIT_SCADA,1,"2019/09/06 12:15:00",PORTWF,57.50
D,DISPATCH,UNIT_SCADA,1,"2019/09/06 12:15:00",REPULSE,32.429085
D,DISPATCH,UNIT_SCADA,1,"2019/09/06 12:15:00",ROWALLAN,10.1601
D,DISPATCH,UNIT_SCADA,1,"2019/09/06 12:15:00",ROYALLA1,13.517001
D,DISPATCH,UNIT_SCADA,1,"2019/09/06 12:15:00",RPCG,11.90
D,DISPATCH,UNIT_SCADA,1,"2019/09/06 12:15:00",RUBICON,0
D,DISPATCH,UNIT_SCADA,1,"2019/09/06 12:15:00",SATGN1,0
D,DISPATCH,UNIT_SCADA,1,"2019/09/06 12:15:00",SATGS1,0
D,DISPATCH,UNIT_SCADA,1,"2019/09/06 12:15:00",STARHLWF,23.893032
D,DISPATCH,UNIT_SCADA,1,"2019/09/06 12:15:00",WAUBRAWF,95.3880
D,DISPATCH,UNIT_SCADA,1,"2019/09/06 12:15:00",WOOLNTH1,9.650016
D,DISPATCH,UNIT_SCADA,1,"2019/09/06 12:15:00",WPWF,66
D,DISPATCH,UNIT_SCADA,1,"2019/09/06 12:15:00",YAMBUKWF,14.60
D,DISPATCH,UNIT_SCADA,1,"2019/09/06 12:15:00",YSWF1,20.700001
D,DISPATCH,UNIT_SCADA,1,"2019/09/06 12:15:00",AGLHAL,0
D,DISPATCH,UNIT_SCADA,1,"2019/09/06 12:15:00",AGLSOM,0
D,DISPATCH,UNIT_SCADA,1,"2019/09/06 12:15:00",ANGAST1,0
D,DISPATCH,UNIT_SCADA,1,"2019/09/06 12:15:00",ARWF1,39.40
D,DISPATCH,UNIT_SCADA,1,"2019/09/06 12:15:00",BALBG1,0
D,DISPATCH,UNIT_SCADA,1,"2019/09/06 12:15:00",BALBL1,1.88
D,DISPATCH,UNIT_SCADA,1,"2019/09/06 12:15:00",BALDHWF1,75.3670
D,DISPATCH,UNIT_SCADA,1,"2019/09/06 12:15:00",BANN1,21.01
D,DISPATCH,UNIT_SCADA,1,"2019/09/06 12:15:00",BARCALDN,0
D,DISPATCH,UNIT_SCADA,1,"2019/09/06 12:15:00",BARRON-1,0
D,DISPATCH,UNIT_SCADA,1,"2019/09/06 12:15:00",BARRON-2,0
D,DISPATCH,UNIT_SCADA,1,"2019/09/06 12:15:00",BASTYAN,80.780010
D,DISPATCH,UNIT_SCADA,1,"2019/09/06 12:15:00",BBTHREE1,0
D,DISPATCH,UNIT_SCADA,1,"2019/09/06 12:15:00",BBTHREE2,0
D,DISPATCH,UNIT_SCADA,1,"2019/09/06 12:15:00",BBTHREE3,0
D,DISPATCH,UNIT_SCADA,1,"2019/09/06 12:15:00",BDL01,0
D,DISPATCH,UNIT_SCADA,1,"2019/09/06 12:15:00",BDL02,0
D,DISPATCH,UNIT_SCADA,1,"2019/09/06 12:15:00",BERYLSF1,68.5995
D,DISPATCH,UNIT_SCADA,1,"2019/09/06 12:15:00",BLOWERNG,15.30
D,DISPATCH,UNIT_SCADA,1,"2019/09/06 12:15:00",BLUFF1,52.50
D,DISPATCH,UNIT_SCADA,1,"2019/09/06 12:15:00",BNGSF1,61
D,DISPATCH,UNIT_SCADA,1,"2019/09/06 12:15:00",BNGSF2,13.97
D,DISPATCH,UNIT_SCADA,1,"2019/09/06 12:15:00",BOCORWF1,108.18
D,DISPATCH,UNIT_SCADA,1,"2019/09/06 12:15:00",BODWF1,111.964590
D,DISPATCH,UNIT_SCADA,1,"2019/09/06 12:15:00",BRAEMAR1,0
D,DISPATCH,UNIT_SCADA,1,"2019/09/06 12:15:00",BRAEMAR2,0
D,DISPATCH,UNIT_SCADA,1,"2019/09/06 12:15:00",BRAEMAR3,0
D,DISPATCH,UNIT_SCADA,1,"2019/09/06 12:15:00",BRAEMAR5,0
D,DISPATCH,UNIT_SCADA,1,"2019/09/06 12:15:00",BRAEMAR6,0
D,DISPATCH,UNIT_SCADA,1,"2019/09/06 12:15:00",BRAEMAR7,0
D,DISPATCH,UNIT_SCADA,1,"2019/09/06 12:15:00",BROKENH1,51.505370
D,DISPATCH,UNIT_SCADA,1,"2019/09/06 12:15:00",BW01,551.074950
D,DISPATCH,UNIT_SCADA,1,"2019/09/06 12:15:00",BW02,558.699950
D,DISPATCH,UNIT_SCADA,1,"2019/09/06 12:15:00",BW03,594.775020
D,DISPATCH,UNIT_SCADA,1,"2019/09/06 12:15:00",BW04,0
D,DISPATCH,UNIT_SCADA,1,"2019/09/06 12:15:00",CALL_B_1,346.100010
D,DISPATCH,UNIT_SCADA,1,"2019/09/06 12:15:00",CALL_B_2,345.399990
D,DISPATCH,UNIT_SCADA,1,"2019/09/06 12:15:00",CETHANA,96.927120
D,DISPATCH,UNIT_SCADA,1,"2019/09/06 12:15:00",CG1,0
D,DISPATCH,UNIT_SCADA,1,"2019/09/06 12:15:00",CG2,0
D,DISPATCH,UNIT_SCADA,1,"2019/09/06 12:15:00",CG3,0
D,DISPATCH,UNIT_SCADA,1,"2019/09/06 12:15:00",CG4,0
D,DISPATCH,UNIT_SCADA,1,"2019/09/06 12:15:00",CHILDSF1,28.07
D,DISPATCH,UNIT_SCADA,1,"2019/09/06 12:15:00",CLARESF1,46.864380
D,DISPATCH,UNIT_SCADA,1,"2019/09/06 12:15:00",CLEMGPWF,52.801670
D,DISPATCH,UNIT_SCADA,1,"2019/09/06 12:15:00",CLERMSF1,14.72
D,DISPATCH,UNIT_SCADA,1,"2019/09/06 12:15:00",COLEASF1,9.199990
D,DISPATCH,UNIT_SCADA,1,"2019/09/06 12:15:00",COOPGWF1,54.616040
D,DISPATCH,UNIT_SCADA,1,"2019/09/06 12:15:00",CPP_3,271.700010
D,DISPATCH,UNIT_SCADA,1,"2019/09/06 12:15:00",CPP_4,349.800020
D,DISPATCH,UNIT_SCADA,1,"2019/09/06 12:15:00",CPSA,75.363750
D,DISPATCH,UNIT_SCADA,1,"2019/09/06 12:15:00",CROOKWF2,80.603760
D,DISPATCH,UNIT_SCADA,1,"2019/09/06 12:15:00",CROWLWF1,22.473730
D,DISPATCH,UNIT_SCADA,1,"2019/09/06 12:15:00",CSPVPS1,31.9830
D,DISPATCH,UNIT_SCADA,1,"2019/09/06 12:15:00",DALNTH01,0
D,DISPATCH,UNIT_SCADA,1,"2019/09/06 12:15:00",DALNTHL1,0.038150
D,DISPATCH,UNIT_SCADA,1,"2019/09/06 12:15:00",DARTM1,0
D,DISPATCH,UNIT_SCADA,1,"2019/09/06 12:15:00",DAYDSF1,112.2460
D,DISPATCH,UNIT_SCADA,1,"2019/09/06 12:15:00",DDPS1,0
D,DISPATCH,UNIT_SCADA,1,"2019/09/06 12:15:00",DDSF1,105.955330
D,DISPATCH,UNIT_SCADA,1,"2019/09/06 12:15:00",DEVILS_G,0
D,DISPATCH,UNIT_SCADA,1,"2019/09/06 12:15:00",DG_NSW1,0
D,DISPATCH,UNIT_SCADA,1,"2019/09/06 12:15:00",DG_QLD1,0
D,DISPATCH,UNIT_SCADA,1,"2019/09/06 12:15:00",DG_SA1,0
D,DISPATCH,UNIT_SCADA,1,"2019/09/06 12:15:00",DG_TAS1,0
D,DISPATCH,UNIT_SCADA,1,"2019/09/06 12:15:00",DG_VIC1,0
D,DISPATCH,UNIT_SCADA,1,"2019/09/06 12:15:00",DRYCGT1,0
D,DISPATCH,UNIT_SCADA,1,"2019/09/06 12:15:00",DRYCGT2,0
D,DISPATCH,UNIT_SCADA,1,"2019/09/06 12:15:00",DRYCGT3,0
D,DISPATCH,UNIT_SCADA,1,"2019/09/06 12:15:00",EILDON1,0
D,DISPATCH,UNIT_SCADA,1,"2019/09/06 12:15:00",EILDON2,0
D,DISPATCH,UNIT_SCADA,1,"2019/09/06 12:15:00",EMERASF1,67.50
D,DISPATCH,UNIT_SCADA,1,"2019/09/06 12:15:00",ER01,522.550050
D,DISPATCH,UNIT_SCADA,1,"2019/09/06 12:15:00",ER02,611.775020
D,DISPATCH,UNIT_SCADA,1,"2019/09/06 12:15:00",ER03,0
D,DISPATCH,UNIT_SCADA,1,"2019/09/06 12:15:00",ER04,608.724980
D,DISPATCH,UNIT_SCADA,1,"2019/09/06 12:15:00",FINLYSF1,1.212490
D,DISPATCH,UNIT_SCADA,1,"2019/09/06 12:15:00",FISHER,45.94
D,DISPATCH,UNIT_SCADA,1,"2019/09/06 12:15:00",GANNBG1,3.600410
D,DISPATCH,UNIT_SCADA,1,"2019/09/06 12:15:00",GANNBL1,0
D,DISPATCH,UNIT_SCADA,1,"2019/09/06 12:15:00",GANNSF1,26.60
D,DISPATCH,UNIT_SCADA,1,"2019/09/06 12:15:00",GORDON,20.8292
D,DISPATCH,UNIT_SCADA,1,"2019/09/06 12:15:00",GSTONE1,132.8250
D,DISPATCH,UNIT_SCADA,1,"2019/09/06 12:15:00",GSTONE2,109.7250
D,DISPATCH,UNIT_SCADA,1,"2019/09/06 12:15:00",GSTONE3,0
D,DISPATCH,UNIT_SCADA,1,"2019/09/06 12:15:00",GSTONE4,132.474990
D,DISPATCH,UNIT_SCADA,1,"2019/09/06 12:15:00",GSTONE5,134.399990
D,DISPATCH,UNIT_SCADA,1,"2019/09/06 12:15:00",GSTONE6,134.399990
D,DISPATCH,UNIT_SCADA,1,"2019/09/06 12:15:00",GULLRSF1,7.147310
D,DISPATCH,UNIT_SCADA,1,"2019/09/06 12:15:00",GULLRWF1,120.521120
D,DISPATCH,UNIT_SCADA,1,"2019/09/06 12:15:00",GUNNING1,39.7817
D,DISPATCH,UNIT_SCADA,1,"2019/09/06 12:15:00",GUTHEGA,0
D,DISPATCH,UNIT_SCADA,1,"2019/09/06 12:15:00",HALLWF1,-0.45
D,DISPATCH,UNIT_SCADA,1,"2019/09/06 12:15:00",HALLWF2,-0.32
D,DISPATCH,UNIT_SCADA,1,"2019/09/06 12:15:00",HAMISF1,45.40
D,DISPATCH,UNIT_SCADA,1,"2019/09/06 12:15:00",HAUGHT11,95.580160
D,DISPATCH,UNIT_SCADA,1,"2019/09/06 12:15:00",HAYMSF1,40.2490
D,DISPATCH,UNIT_SCADA,1,"2019/09/06 12:15:00",HDWF1,65
D,DISPATCH,UNIT_SCADA,1,"2019/09/06 12:15:00",HDWF2,65.70
D,DISPATCH,UNIT_SCADA,1,"2019/09/06 12:15:00",HDWF3,69.50
D,DISPATCH,UNIT_SCADA,1,"2019/09/06 12:15:00",HPRG1,8.90
D,DISPATCH,UNIT_SCADA,1,"2019/09/06 12:15:00",HPRL1,0
D,DISPATCH,UNIT_SCADA,1,"2019/09/06 12:15:00",HUMENSW,0
D,DISPATCH,UNIT_SCADA,1,"2019/09/06 12:15:00",HUMEV,24.50
D,DISPATCH,UNIT_SCADA,1,"2019/09/06 12:15:00",HVGTS,0
D,DISPATCH,UNIT_SCADA,1,"2019/09/06 12:15:00",JBUTTERS,115.189990
D,DISPATCH,UNIT_SCADA,1,"2019/09/06 12:15:00",JLA01,0.10
D,DISPATCH,UNIT_SCADA,1,"2019/09/06 12:15:00",JLA02,0
D,DISPATCH,UNIT_SCADA,1,"2019/09/06 12:15:00",JLA03,0
D,DISPATCH,UNIT_SCADA,1,"2019/09/06 12:15:00",JLA04,0
D,DISPATCH,UNIT_SCADA,1,"2019/09/06 12:15:00",JLB01,0
D,DISPATCH,UNIT_SCADA,1,"2019/09/06 12:15:00",JLB02,0.10
D,DISPATCH,UNIT_SCADA,1,"2019/09/06 12:15:00",JLB03,0
D,DISPATCH,UNIT_SCADA,1,"2019/09/06 12:15:00",KAREEYA1,21.4850
D,DISPATCH,UNIT_SCADA,1,"2019/09/06 12:15:00",KAREEYA2,21.76
D,DISPATCH,UNIT_SCADA,1,"2019/09/06 12:15:00",KAREEYA3,0
D,DISPATCH,UNIT_SCADA,1,"2019/09/06 12:15:00",KAREEYA4,21.5250
D,DISPATCH,UNIT_SCADA,1,"2019/09/06 12:15:00",KARSF1,68.80
D,DISPATCH,UNIT_SCADA,1,"2019/09/06 12:15:00",KIATAWF1,30.90
D,DISPATCH,UNIT_SCADA,1,"2019/09/06 12:15:00",KPP_1,0
D,DISPATCH,UNIT_SCADA,1,"2019/09/06 12:15:00",KSP1,46.42
D,DISPATCH,UNIT_SCADA,1,"2019/09/06 12:15:00",LADBROK1,0
D,DISPATCH,UNIT_SCADA,1,"2019/09/06 12:15:00",LADBROK2,0
D,DISPATCH,UNIT_SCADA,1,"2019/09/06 12:15:00",LD01,379.256290
D,DISPATCH,UNIT_SCADA,1,"2019/09/06 12:15:00",LD02,379.818790
D,DISPATCH,UNIT_SCADA,1,"2019/09/06 12:15:00",LD03,380.587460
D,DISPATCH,UNIT_SCADA,1,"2019/09/06 12:15:00",LD04,379.593780
D,DISPATCH,UNIT_SCADA,1,"2019/09/06 12:15:00",LEM_WIL,84.894350
D,DISPATCH,UNIT_SCADA,1,"2019/09/06 12:15:00",LGAPWF1,34.28
D,DISPATCH,UNIT_SCADA,1,"2019/09/06 12:15:00",LILYSF1,0
D,DISPATCH,UNIT_SCADA,1,"2019/09/06 12:15:00",LI_WY_CA,163.477630
D,DISPATCH,UNIT_SCADA,1,"2019/09/06 12:15:00",LKBONNY2,125.099170
D,DISPATCH,UNIT_SCADA,1,"2019/09/06 12:15:00",LKBONNY3,32.990810
D,DISPATCH,UNIT_SCADA,1,"2019/09/06 12:15:00",LK_ECHO,0
D,DISPATCH,UNIT_SCADA,1,"2019/09/06 12:15:00",LNGS1,0
D,DISPATCH,UNIT_SCADA,1,"2019/09/06 12:15:00",LNGS2,0
D,DISPATCH,UNIT_SCADA,1,"2019/09/06 12:15:00",LONSDALE,0
D,DISPATCH,UNIT_SCADA,1,"2019/09/06 12:15:00",LOYYB1,536.464540
D,DISPATCH,UNIT_SCADA,1,"2019/09/06 12:15:00",LOYYB2,582.330380
D,DISPATCH,UNIT_SCADA,1,"2019/09/06 12:15:00",LYA1,0
D,DISPATCH,UNIT_SCADA,1,"2019/09/06 12:15:00",LYA2,0
D,DISPATCH,UNIT_SCADA,1,"2019/09/06 12:15:00",LYA3,559
D,DISPATCH,UNIT_SCADA,1,"2019/09/06 12:15:00",LYA4,541
D,DISPATCH,UNIT_SCADA,1,"2019/09/06 12:15:00",MACARTH1,111.497420
D,DISPATCH,UNIT_SCADA,1,"2019/09/06 12:15:00",MACKAYGT,0.2240
D,DISPATCH,UNIT_SCADA,1,"2019/09/06 12:15:00",MACKNTSH,88.59
D,DISPATCH,UNIT_SCADA,1,"2019/09/06 12:15:00",MANSLR1,18.4770
D,DISPATCH,UNIT_SCADA,1,"2019/09/06 12:15:00",MCKAY1,-0.0350
D,DISPATCH,UNIT_SCADA,1,"2019/09/06 12:15:00",MEADOWBK,33.981620
D,DISPATCH,UNIT_SCADA,1,"2019/09/06 12:15:00",MERCER01,90.782010
D,DISPATCH,UNIT_SCADA,1,"2019/09/06 12:15:00",MEWF1,15.568380
D,DISPATCH,UNIT_SCADA,1,"2019/09/06 12:15:00",MINTARO,0
D,DISPATCH,UNIT_SCADA,1,"2019/09/06 12:15:00",MOREESF1,46.9240
D,DISPATCH,UNIT_SCADA,1,"2019/09/06 12:15:00",MORTLK11,125
D,DISPATCH,UNIT_SCADA,1,"2019/09/06 12:15:00",MORTLK12,0
D,DISPATCH,UNIT_SCADA,1,"2019/09/06 12:15:00",MP1,147.999940
D,DISPATCH,UNIT_SCADA,1,"2019/09/06 12:15:00",MP2,0
D,DISPATCH,UNIT_SCADA,1,"2019/09/06 12:15:00",MPP_1,378.25
D,DISPATCH,UNIT_SCADA,1,"2019/09/06 12:15:00",MPP_2,252.50
D,DISPATCH,UNIT_SCADA,1,"2019/09/06 12:15:00",MSTUART1,0
D,DISPATCH,UNIT_SCADA,1,"2019/09/06 12:15:00",MSTUART2,0
D,DISPATCH,UNIT_SCADA,1,"2019/09/06 12:15:00",MSTUART3,0
D,DISPATCH,UNIT_SCADA,1,"2019/09/06 12:15:00",MTGELWF1,64.171270
D,DISPATCH,UNIT_SCADA,1,"2019/09/06 12:15:00",MURRAY,0
D,DISPATCH,UNIT_SCADA,1,"2019/09/06 12:15:00",MUSSELR1,162.700010
D,DISPATCH,UNIT_SCADA,1,"2019/09/06 12:15:00",MUWAWF1,70.35
D,DISPATCH,UNIT_SCADA,1,"2019/09/06 12:15:00",NBHWF1,119.20
D,DISPATCH,UNIT_SCADA,1,"2019/09/06 12:15:00",NPS,0
D,DISPATCH,UNIT_SCADA,1,"2019/09/06 12:15:00",NUMURSF1,72.07
D,DISPATCH,UNIT_SCADA,1,"2019/09/06 12:15:00",NYNGAN1,89.75
D,DISPATCH,UNIT_SCADA,1,"2019/09/06 12:15:00",OAKEY1,0
D,DISPATCH,UNIT_SCADA,1,"2019/09/06 12:15:00",OAKEY1SF,21.6790
D,DISPATCH,UNIT_SCADA,1,"2019/09/06 12:15:00",OAKEY2,0
D,DISPATCH,UNIT_SCADA,1,"2019/09/06 12:15:00",OAKEY2SF,0
D,DISPATCH,UNIT_SCADA,1,"2019/09/06 12:15:00",OAKLAND1,17.40
D,DISPATCH,UNIT_SCADA,1,"2019/09/06 12:15:00",OSB-AG,0
D,DISPATCH,UNIT_SCADA,1,"2019/09/06 12:15:00",PARSF1,18.60
D,DISPATCH,UNIT_SCADA,1,"2019/09/06 12:15:00",POAT110,0
D,DISPATCH,UNIT_SCADA,1,"2019/09/06 12:15:00",POAT220,1.01
D,DISPATCH,UNIT_SCADA,1,"2019/09/06 12:15:00",POR01,0
D,DISPATCH,UNIT_SCADA,1,"2019/09/06 12:15:00",POR03,0
D,DISPATCH,UNIT_SCADA,1,"2019/09/06 12:15:00",PPCCGT,0
D,DISPATCH,UNIT_SCADA,1,"2019/09/06 12:15:00",PTSTAN1,0
D,DISPATCH,UNIT_SCADA,1,"2019/09/06 12:15:00",PUMP1,0
D,DISPATCH,UNIT_SCADA,1,"2019/09/06 12:15:00",PUMP2,0
D,DISPATCH,UNIT_SCADA,1,"2019/09/06 12:15:00",QPS1,0
D,DISPATCH,UNIT_SCADA,1,"2019/09/06 12:15:00",QPS2,0
D,DISPATCH,UNIT_SCADA,1,"2019/09/06 12:15:00",QPS3,0
D,DISPATCH,UNIT_SCADA,1,"2019/09/06 12:15:00",QPS4,0
D,DISPATCH,UNIT_SCADA,1,"2019/09/06 12:15:00",QPS5,0
D,DISPATCH,UNIT_SCADA,1,"2019/09/06 12:15:00",REECE1,102.540010
D,DISPATCH,UNIT_SCADA,1,"2019/09/06 12:15:00",REECE2,116.770010
D,DISPATCH,UNIT_SCADA,1,"2019/09/06 12:15:00",ROMA_7,0
D,DISPATCH,UNIT_SCADA,1,"2019/09/06 12:15:00",ROMA_8,0
D,DISPATCH,UNIT_SCADA,1,"2019/09/06 12:15:00",RRSF1,110.037780
D,DISPATCH,UNIT_SCADA,1,"2019/09/06 12:15:00",RT_NSW1,0
D,DISPATCH,UNIT_SCADA,1,"2019/09/06 12:15:00",RT_NSW2,0
D,DISPATCH,UNIT_SCADA,1,"2019/09/06 12:15:00",RT_NSW3,0
D,DISPATCH,UNIT_SCADA,1,"2019/09/06 12:15:00",RT_NSW4,0
D,DISPATCH,UNIT_SCADA,1,"2019/09/06 12:15:00",RT_NSW5,0
D,DISPATCH,UNIT_SCADA,1,"2019/09/06 12:15:00",RT_NSW6,0
D,DISPATCH,UNIT_SCADA,1,"2019/09/06 12:15:00",RT_QLD1,0
D,DISPATCH,UNIT_SCADA,1,"2019/09/06 12:15:00",RT_SA1,0
D,DISPATCH,UNIT_SCADA,1,"2019/09/06 12:15:00",RT_SA2,0
D,DISPATCH,UNIT_SCADA,1,"2019/09/06 12:15:00",RT_SA3,0
D,DISPATCH,UNIT_SCADA,1,"2019/09/06 12:15:00",RT_SA4,0
D,DISPATCH,UNIT_SCADA,1,"2019/09/06 12:15:00",RT_SA5,0
D,DISPATCH,UNIT_SCADA,1,"2019/09/06 12:15:00",RT_SA6,0
D,DISPATCH,UNIT_SCADA,1,"2019/09/06 12:15:00",RT_TAS1,0
D,DISPATCH,UNIT_SCADA,1,"2019/09/06 12:15:00",RT_VIC1,0
D,DISPATCH,UNIT_SCADA,1,"2019/09/06 12:15:00",RT_VIC10,0
D,DISPATCH,UNIT_SCADA,1,"2019/09/06 12:15:00",RT_VIC11,0
D,DISPATCH,UNIT_SCADA,1,"2019/09/06 12:15:00",RT_VIC12,0
D,DISPATCH,UNIT_SCADA,1,"2019/09/06 12:15:00",RT_VIC2,0
D,DISPATCH,UNIT_SCADA,1,"2019/09/06 12:15:00",RT_VIC3,0
D,DISPATCH,UNIT_SCADA,1,"2019/09/06 12:15:00",RT_VIC4,0
D,DISPATCH,UNIT_SCADA,1,"2019/09/06 12:15:00",RT_VIC5,0
D,DISPATCH,UNIT_SCADA,1,"2019/09/06 12:15:00",RT_VIC6,0
D,DISPATCH,UNIT_SCADA,1,"2019/09/06 12:15:00",RT_VIC7,0
D,DISPATCH,UNIT_SCADA,1,"2019/09/06 12:15:00",RT_VIC8,0
D,DISPATCH,UNIT_SCADA,1,"2019/09/06 12:15:00",RT_VIC9,0
D,DISPATCH,UNIT_SCADA,1,"2019/09/06 12:15:00",RUGBYR1,63.3303
D,DISPATCH,UNIT_SCADA,1,"2019/09/06 12:15:00",SALTCRK1,16.87
D,DISPATCH,UNIT_SCADA,1,"2019/09/06 12:15:00",SAPHWF1,214.434390
D,DISPATCH,UNIT_SCADA,1,"2019/09/06 12:15:00",SHGEN,0
D,DISPATCH,UNIT_SCADA,1,"2019/09/06 12:15:00",SHPUMP,79.313520
D,DISPATCH,UNIT_SCADA,1,"2019/09/06 12:15:00",SITHE01,0.1840
D,DISPATCH,UNIT_SCADA,1,"2019/09/06 12:15:00",SMCSF1,87.224910
D,DISPATCH,UNIT_SCADA,1,"2019/09/06 12:15:00",SNOWNTH1,137.399990
D,DISPATCH,UNIT_SCADA,1,"2019/09/06 12:15:00",SNOWSTH1,118.90
D,DISPATCH,UNIT_SCADA,1,"2019/09/06 12:15:00",SNOWTWN1,90.729390
D,DISPATCH,UNIT_SCADA,1,"2019/09/06 12:15:00",SNOWYP,391.200010
D,DISPATCH,UNIT_SCADA,1,"2019/09/06 12:15:00",SNUG1,0.019440
D,DISPATCH,UNIT_SCADA,1,"2019/09/06 12:15:00",SRSF1,69.439990
D,DISPATCH,UNIT_SCADA,1,"2019/09/06 12:15:00",STAN-1,186.780980
D,DISPATCH,UNIT_SCADA,1,"2019/09/06 12:15:00",STAN-2,233.373690
D,DISPATCH,UNIT_SCADA,1,"2019/09/06 12:15:00",STAN-3,235.321990
D,DISPATCH,UNIT_SCADA,1,"2019/09/06 12:15:00",STAN-4,229.4899
D,DISPATCH,UNIT_SCADA,1,"2019/09/06 12:15:00",STWF1,0
D,DISPATCH,UNIT_SCADA,1,"2019/09/06 12:15:00",SWAN_E,0
D,DISPATCH,UNIT_SCADA,1,"2019/09/06 12:15:00",TALWA1,190
D,DISPATCH,UNIT_SCADA,1,"2019/09/06 12:15:00",TARALGA1,98.460010
D,DISPATCH,UNIT_SCADA,1,"2019/09/06 12:15:00",TARONG#1,350.200010
D,DISPATCH,UNIT_SCADA,1,"2019/09/06 12:15:00",TARONG#2,0
D,DISPATCH,UNIT_SCADA,1,"2019/09/06 12:15:00",TARONG#3,279.100010
D,DISPATCH,UNIT_SCADA,1,"2019/09/06 12:15:00",TARONG#4,348.399990
D,DISPATCH,UNIT_SCADA,1,"2019/09/06 12:15:00",TARRALEA,73.90
D,DISPATCH,UNIT_SCADA,1,"2019/09/06 12:15:00",TBSF1,11.60
D,DISPATCH,UNIT_SCADA,1,"2019/09/06 12:15:00",TNPS1,399.700010
D,DISPATCH,UNIT_SCADA,1,"2019/09/06 12:15:00",TORRA1,40.672190
D,DISPATCH,UNIT_SCADA,1,"2019/09/06 12:15:00",TORRA2,0
D,DISPATCH,UNIT_SCADA,1,"2019/09/06 12:15:00",TORRA3,0
D,DISPATCH,UNIT_SCADA,1,"2019/09/06 12:15:00",TORRA4,39.734120
D,DISPATCH,UNIT_SCADA,1,"2019/09/06 12:15:00",TORRB1,43.59
D,DISPATCH,UNIT_SCADA,1,"2019/09/06 12:15:00",TORRB2,44.80
D,DISPATCH,UNIT_SCADA,1,"2019/09/06 12:15:00",TORRB3,39.02
D,DISPATCH,UNIT_SCADA,1,"2019/09/06 12:15:00",TORRB4,0
D,DISPATCH,UNIT_SCADA,1,"2019/09/06 12:15:00",TREVALLN,66.160020
D,DISPATCH,UNIT_SCADA,1,"2019/09/06 12:15:00",TRIBUTE,0
D,DISPATCH,UNIT_SCADA,1,"2019/09/06 12:15:00",TUMUT3,0
D,DISPATCH,UNIT_SCADA,1,"2019/09/06 12:15:00",TUNGATIN,103.750020
D,DISPATCH,UNIT_SCADA,1,"2019/09/06 12:15:00",TVCC201,0
D,DISPATCH,UNIT_SCADA,1,"2019/09/06 12:15:00",TVPP104,0
D,DISPATCH,UNIT_SCADA,1,"2019/09/06 12:15:00",UPPTUMUT,-0.450450
D,DISPATCH,UNIT_SCADA,1,"2019/09/06 12:15:00",URANQ11,0
D,DISPATCH,UNIT_SCADA,1,"2019/09/06 12:15:00",URANQ12,0
D,DISPATCH,UNIT_SCADA,1,"2019/09/06 12:15:00",URANQ13,0
D,DISPATCH,UNIT_SCADA,1,"2019/09/06 12:15:00",URANQ14,0
D,DISPATCH,UNIT_SCADA,1,"2019/09/06 12:15:00",VP5,400.174990
D,DISPATCH,UNIT_SCADA,1,"2019/09/06 12:15:00",VP6,0
D,DISPATCH,UNIT_SCADA,1,"2019/09/06 12:15:00",VPGS1,0
D,DISPATCH,UNIT_SCADA,1,"2019/09/06 12:15:00",VPGS2,0
D,DISPATCH,UNIT_SCADA,1,"2019/09/06 12:15:00",VPGS3,0
D,DISPATCH,UNIT_SCADA,1,"2019/09/06 12:15:00",VPGS4,0
D,DISPATCH,UNIT_SCADA,1,"2019/09/06 12:15:00",VPGS5,0
D,DISPATCH,UNIT_SCADA,1,"2019/09/06 12:15:00",VPGS6,0
D,DISPATCH,UNIT_SCADA,1,"2019/09/06 12:15:00",W/HOE#1,0
D,DISPATCH,UNIT_SCADA,1,"2019/09/06 12:15:00",W/HOE#2,0
D,DISPATCH,UNIT_SCADA,1,"2019/09/06 12:15:00",WATERLWF,105.10
D,DISPATCH,UNIT_SCADA,1,"2019/09/06 12:15:00",WEMENSF1,88.20
D,DISPATCH,UNIT_SCADA,1,"2019/09/06 12:15:00",WGWF1,0.50
D,DISPATCH,UNIT_SCADA,1,"2019/09/06 12:15:00",WHITSF1,41.60
D,DISPATCH,UNIT_SCADA,1,"2019/09/06 12:15:00",WKIEWA1,0
D,DISPATCH,UNIT_SCADA,1,"2019/09/06 12:15:00",WKIEWA2,0.10
D,DISPATCH,UNIT_SCADA,1,"2019/09/06 12:15:00",WOODLWN1,42.4980
D,DISPATCH,UNIT_SCADA,1,"2019/09/06 12:15:00",WRSF1,9.21
D,DISPATCH,UNIT_SCADA,1,"2019/09/06 12:15:00",WRWF1,153.677490
D,DISPATCH,UNIT_SCADA,1,"2019/09/06 12:15:00",YABULU,0
D,DISPATCH,UNIT_SCADA,1,"2019/09/06 12:15:00",YABULU2,0
D,DISPATCH,UNIT_SCADA,1,"2019/09/06 12:15:00",YARWUN_1,118.689990
D,DISPATCH,UNIT_SCADA,1,"2019/09/06 12:15:00",YENDWF1,42.20
D,DISPATCH,UNIT_SCADA,1,"2019/09/06 12:15:00",YWPS1,378.946840
D,DISPATCH,UNIT_SCADA,1,"2019/09/06 12:15:00",YWPS2,278.192410
D,DISPATCH,UNIT_SCADA,1,"2019/09/06 12:15:00",YWPS3,329.184810
D,DISPATCH,UNIT_SCADA,1,"2019/09/06 12:15:00",YWPS4,393.826570
C,"END OF REPORT",335
