C,NEMP.WORLD,DISPATCHSCADA,AEMO,PUBLIC,2019/08/20,07:30:08,0000000311776761,DISPATCHSCADA,0000000311776755
I,DISPATCH,UNIT_SCADA,1,SETTLEMENTDATE,DUID,SCADAVALUE
D,DISPATCH,UNIT_SCADA,1,"2019/08/20 07:35:00",BARCSF1,4.70
D,DISPATCH,UNIT_SCADA,1,"2019/08/20 07:35:00",BUTLERSG,9.799998
D,DISPATCH,UNIT_SCADA,1,"2019/08/20 07:35:00",CALL_A_4,0
D,DISPATCH,UNIT_SCADA,1,"2019/08/20 07:35:00",CAPTL_WF,132.9720
D,DISPATCH,UNIT_SCADA,1,"2019/08/20 07:35:00",CATHROCK,48.169998
D,DISPATCH,UNIT_SCADA,1,"2019/08/20 07:35:00",CHALLHWF,16.60
D,DISPATCH,UNIT_SCADA,1,"2019/08/20 07:35:00",CLOVER,-0.01
D,DISPATCH,UNIT_SCADA,1,"2019/08/20 07:35:00",CLUNY,15.821012
D,DISPATCH,UNIT_SCADA,1,"2019/08/20 07:35:00",CNUNDAWF,38.444847
D,DISPATCH,UNIT_SCADA,1,"2019/08/20 07:35:00",CULLRGWF,30.280001
D,DISPATCH,UNIT_SCADA,1,"2019/08/20 07:35:00",ERGT01,0
D,DISPATCH,UNIT_SCADA,1,"2019/08/20 07:35:00",GB01,0.0550
D,DISPATCH,UNIT_SCADA,1,"2019/08/20 07:35:00",GERMCRK,39.099998
D,DISPATCH,UNIT_SCADA,1,"2019/08/20 07:35:00",GRIFSF1,5.299995
D,DISPATCH,UNIT_SCADA,1,"2019/08/20 07:35:00",HUGSF1,2.1970
D,DISPATCH,UNIT_SCADA,1,"2019/08/20 07:35:00",LKBONNY1,69.125450
D,DISPATCH,UNIT_SCADA,1,"2019/08/20 07:35:00",LRSF1,4.8780
D,DISPATCH,UNIT_SCADA,1,"2019/08/20 07:35:00",MBAHNTH,57.975006
D,DISPATCH,UNIT_SCADA,1,"2019/08/20 07:35:00",MLSP1,2.310001
D,DISPATCH,UNIT_SCADA,1,"2019/08/20 07:35:00",MLWF1,19.469999
D,DISPATCH,UNIT_SCADA,1,"2019/08/20 07:35:00",MTMILLAR,19.057199
D,DISPATCH,UNIT_SCADA,1,"2019/08/20 07:35:00",PALOONA,23.76
D,DISPATCH,UNIT_SCADA,1,"2019/08/20 07:35:00",PIONEER,9.80
D,DISPATCH,UNIT_SCADA,1,"2019/08/20 07:35:00",PORTWF,137.100006
D,DISPATCH,UNIT_SCADA,1,"2019/08/20 07:35:00",REPULSE,28.910963
D,DISPATCH,UNIT_SCADA,1,"2019/08/20 07:35:00",ROWALLAN,9.9684
D,DISPATCH,UNIT_SCADA,1,"2019/08/20 07:35:00",ROYALLA1,4.871001
D,DISPATCH,UNIT_SCADA,1,"2019/08/20 07:35:00",RPCG,13.60
D,DISPATCH,UNIT_SCADA,1,"2019/08/20 07:35:00",RUBICON,0
D,DISPATCH,UNIT_SCADA,1,"2019/08/20 07:35:00",SATGN1,0
D,DISPATCH,UNIT_SCADA,1,"2019/08/20 07:35:00",SATGS1,0
D,DISPATCH,UNIT_SCADA,1,"2019/08/20 07:35:00",STARHLWF,14.895657
D,DISPATCH,UNIT_SCADA,1,"2019/08/20 07:35:00",WAUBRAWF,104.0410
D,DISPATCH,UNIT_SCADA,1,"2019/08/20 07:35:00",WOOLNTH1,134.650024
D,DISPATCH,UNIT_SCADA,1,"2019/08/20 07:35:00",WPWF,41
D,DISPATCH,UNIT_SCADA,1,"2019/08/20 07:35:00",YAMBUKWF,17.200001
D,DISPATCH,UNIT_SCADA,1,"2019/08/20 07:35:00",YSWF1,28.40
D,DISPATCH,UNIT_SCADA,1,"2019/08/20 07:35:00",AGLHAL,0
D,DISPATCH,UNIT_SCADA,1,"2019/08/20 07:35:00",AGLSOM,0
D,DISPATCH,UNIT_SCADA,1,"2019/08/20 07:35:00",ANGAST1,0
D,DISPATCH,UNIT_SCADA,1,"2019/08/20 07:35:00",ARWF1,35.30
D,DISPATCH,UNIT_SCADA,1,"2019/08/20 07:35:00",BALBG1,0
D,DISPATCH,UNIT_SCADA,1,"2019/08/20 07:35:00",BALBL1,0
D,DISPATCH,UNIT_SCADA,1,"2019/08/20 07:35:00",BALDHWF1,102.1440
D,DISPATCH,UNIT_SCADA,1,"2019/08/20 07:35:00",BANN1,2.33
D,DISPATCH,UNIT_SCADA,1,"2019/08/20 07:35:00",BARCALDN,0
D,DISPATCH,UNIT_SCADA,1,"2019/08/20 07:35:00",BARRON-1,0
D,DISPATCH,UNIT_SCADA,1,"2019/08/20 07:35:00",BARRON-2,27.80
D,DISPATCH,UNIT_SCADA,1,"2019/08/20 07:35:00",BASTYAN,80.310010
D,DISPATCH,UNIT_SCADA,1,"2019/08/20 07:35:00",BBTHREE1,-1.99
D,DISPATCH,UNIT_SCADA,1,"2019/08/20 07:35:00",BBTHREE2,-2.15
D,DISPATCH,UNIT_SCADA,1,"2019/08/20 07:35:00",BBTHREE3,-1.11
D,DISPATCH,UNIT_SCADA,1,"2019/08/20 07:35:00",BDL01,44.64
D,DISPATCH,UNIT_SCADA,1,"2019/08/20 07:35:00",BDL02,44.52
D,DISPATCH,UNIT_SCADA,1,"2019/08/20 07:35:00",BERYLSF1,21.850590
D,DISPATCH,UNIT_SCADA,1,"2019/08/20 07:35:00",BLOWERNG,0
D,DISPATCH,UNIT_SCADA,1,"2019/08/20 07:35:00",BLUFF1,14.40
D,DISPATCH,UNIT_SCADA,1,"2019/08/20 07:35:00",BNGSF1,0.61
D,DISPATCH,UNIT_SCADA,1,"2019/08/20 07:35:00",BNGSF2,0.15
D,DISPATCH,UNIT_SCADA,1,"2019/08/20 07:35:00",BOCORWF1,73.12
D,DISPATCH,UNIT_SCADA,1,"2019/08/20 07:35:00",BODWF1,43.213840
D,DISPATCH,UNIT_SCADA,1,"2019/08/20 07:35:00",BRAEMAR1,0
D,DISPATCH,UNIT_SCADA,1,"2019/08/20 07:35:00",BRAEMAR2,0
D,DISPATCH,UNIT_SCADA,1,"2019/08/20 07:35:00",BRAEMAR3,0
D,DISPATCH,UNIT_SCADA,1,"2019/08/20 07:35:00",BRAEMAR5,0
D,DISPATCH,UNIT_SCADA,1,"2019/08/20 07:35:00",BRAEMAR6,0
D,DISPATCH,UNIT_SCADA,1,"2019/08/20 07:35:00",BRAEMAR7,0
D,DISPATCH,UNIT_SCADA,1,"2019/08/20 07:35:00",BROKENH1,2.969480
D,DISPATCH,UNIT_SCADA,1,"2019/08/20 07:35:00",BW01,641.75
D,DISPATCH,UNIT_SCADA,1,"2019/08/20 07:35:00",BW02,637.775020
D,DISPATCH,UNIT_SCADA,1,"2019/08/20 07:35:00",BW03,626
D,DISPATCH,UNIT_SCADA,1,"2019/08/20 07:35:00",BW04,0
D,DISPATCH,UNIT_SCADA,1,"2019/08/20 07:35:00",CALL_B_1,350.300020
D,DISPATCH,UNIT_SCADA,1,"2019/08/20 07:35:00",CALL_B_2,290.300020
D,DISPATCH,UNIT_SCADA,1,"2019/08/20 07:35:00",CETHANA,92.735880
D,DISPATCH,UNIT_SCADA,1,"2019/08/20 07:35:00",CG1,0
D,DISPATCH,UNIT_SCADA,1,"2019/08/20 07:35:00",CG2,0
D,DISPATCH,UNIT_SCADA,1,"2019/08/20 07:35:00",CG3,0
D,DISPATCH,UNIT_SCADA,1,"2019/08/20 07:35:00",CG4,0
D,DISPATCH,UNIT_SCADA,1,"2019/08/20 07:35:00",CHILDSF1,29.95
D,DISPATCH,UNIT_SCADA,1,"2019/08/20 07:35:00",CLARESF1,18.539520
D,DISPATCH,UNIT_SCADA,1,"2019/08/20 07:35:00",CLEMGPWF,2.016980
D,DISPATCH,UNIT_SCADA,1,"2019/08/20 07:35:00",CLERMSF1,15.13
D,DISPATCH,UNIT_SCADA,1,"2019/08/20 07:35:00",COLEASF1,4
D,DISPATCH,UNIT_SCADA,1,"2019/08/20 07:35:00",COOPGWF1,31.911620
D,DISPATCH,UNIT_SCADA,1,"2019/08/20 07:35:00",CPP_3,406.725010
D,DISPATCH,UNIT_SCADA,1,"2019/08/20 07:35:00",CPP_4,405.350010
D,DISPATCH,UNIT_SCADA,1,"2019/08/20 07:35:00",CPSA,143.265630
D,DISPATCH,UNIT_SCADA,1,"2019/08/20 07:35:00",CROOKWF2,68.303760
D,DISPATCH,UNIT_SCADA,1,"2019/08/20 07:35:00",CROWLWF1,27.547650
D,DISPATCH,UNIT_SCADA,1,"2019/08/20 07:35:00",CSPVPS1,7.6630
D,DISPATCH,UNIT_SCADA,1,"2019/08/20 07:35:00",DALNTH01,0
D,DISPATCH,UNIT_SCADA,1,"2019/08/20 07:35:00",DALNTHL1,0.074770
D,DISPATCH,UNIT_SCADA,1,"2019/08/20 07:35:00",DARTM1,133.50
D,DISPATCH,UNIT_SCADA,1,"2019/08/20 07:35:00",DAYDSF1,57.5020
D,DISPATCH,UNIT_SCADA,1,"2019/08/20 07:35:00",DDPS1,0
D,DISPATCH,UNIT_SCADA,1,"2019/08/20 07:35:00",DDSF1,36.085760
D,DISPATCH,UNIT_SCADA,1,"2019/08/20 07:35:00",DEVILS_G,60.297250
D,DISPATCH,UNIT_SCADA,1,"2019/08/20 07:35:00",DG_NSW1,0
D,DISPATCH,UNIT_SCADA,1,"2019/08/20 07:35:00",DG_QLD1,0
D,DISPATCH,UNIT_SCADA,1,"2019/08/20 07:35:00",DG_SA1,0
D,DISPATCH,UNIT_SCADA,1,"2019/08/20 07:35:00",DG_TAS1,0
D,DISPATCH,UNIT_SCADA,1,"2019/08/20 07:35:00",DG_VIC1,0
D,DISPATCH,UNIT_SCADA,1,"2019/08/20 07:35:00",DRYCGT1,0
D,DISPATCH,UNIT_SCADA,1,"2019/08/20 07:35:00",DRYCGT2,0
D,DISPATCH,UNIT_SCADA,1,"2019/08/20 07:35:00",DRYCGT3,0
D,DISPATCH,UNIT_SCADA,1,"2019/08/20 07:35:00",EILDON1,0
D,DISPATCH,UNIT_SCADA,1,"2019/08/20 07:35:00",EILDON2,0
D,DISPATCH,UNIT_SCADA,1,"2019/08/20 07:35:00",EMERASF1,25.74
D,DISPATCH,UNIT_SCADA,1,"2019/08/20 07:35:00",ER01,594.224980
D,DISPATCH,UNIT_SCADA,1,"2019/08/20 07:35:00",ER02,700.349980
D,DISPATCH,UNIT_SCADA,1,"2019/08/20 07:35:00",ER03,699.8750
D,DISPATCH,UNIT_SCADA,1,"2019/08/20 07:35:00",ER04,698.6250
D,DISPATCH,UNIT_SCADA,1,"2019/08/20 07:35:00",FINLYSF1,0
D,DISPATCH,UNIT_SCADA,1,"2019/08/20 07:35:00",FISHER,45.85
D,DISPATCH,UNIT_SCADA,1,"2019/08/20 07:35:00",GANNBG1,0
D,DISPATCH,UNIT_SCADA,1,"2019/08/20 07:35:00",GANNBL1,0
D,DISPATCH,UNIT_SCADA,1,"2019/08/20 07:35:00",GANNSF1,2.40
D,DISPATCH,UNIT_SCADA,1,"2019/08/20 07:35:00",GORDON,109.183750
D,DISPATCH,UNIT_SCADA,1,"2019/08/20 07:35:00",GSTONE1,224.524990
D,DISPATCH,UNIT_SCADA,1,"2019/08/20 07:35:00",GSTONE2,225.9250
D,DISPATCH,UNIT_SCADA,1,"2019/08/20 07:35:00",GSTONE3,222.25
D,DISPATCH,UNIT_SCADA,1,"2019/08/20 07:35:00",GSTONE4,223.649990
D,DISPATCH,UNIT_SCADA,1,"2019/08/20 07:35:00",GSTONE5,221.724990
D,DISPATCH,UNIT_SCADA,1,"2019/08/20 07:35:00",GSTONE6,0
D,DISPATCH,UNIT_SCADA,1,"2019/08/20 07:35:00",GULLRSF1,2.109380
D,DISPATCH,UNIT_SCADA,1,"2019/08/20 07:35:00",GULLRWF1,139.055020
D,DISPATCH,UNIT_SCADA,1,"2019/08/20 07:35:00",GUNNING1,43.622090
D,DISPATCH,UNIT_SCADA,1,"2019/08/20 07:35:00",GUTHEGA,33.70
D,DISPATCH,UNIT_SCADA,1,"2019/08/20 07:35:00",HALLWF1,69.74
D,DISPATCH,UNIT_SCADA,1,"2019/08/20 07:35:00",HALLWF2,48.69
D,DISPATCH,UNIT_SCADA,1,"2019/08/20 07:35:00",HAMISF1,20.40
D,DISPATCH,UNIT_SCADA,1,"2019/08/20 07:35:00",HAUGHT11,48.390140
D,DISPATCH,UNIT_SCADA,1,"2019/08/20 07:35:00",HAYMSF1,20.9080
D,DISPATCH,UNIT_SCADA,1,"2019/08/20 07:35:00",HDWF1,34.90
D,DISPATCH,UNIT_SCADA,1,"2019/08/20 07:35:00",HDWF2,22.40
D,DISPATCH,UNIT_SCADA,1,"2019/08/20 07:35:00",HDWF3,38
D,DISPATCH,UNIT_SCADA,1,"2019/08/20 07:35:00",HPRG1,26.70
D,DISPATCH,UNIT_SCADA,1,"2019/08/20 07:35:00",HPRL1,0
D,DISPATCH,UNIT_SCADA,1,"2019/08/20 07:35:00",HUMENSW,0
D,DISPATCH,UNIT_SCADA,1,"2019/08/20 07:35:00",HUMEV,8.30
D,DISPATCH,UNIT_SCADA,1,"2019/08/20 07:35:00",HVGTS,0
D,DISPATCH,UNIT_SCADA,1,"2019/08/20 07:35:00",JBUTTERS,133.08
D,DISPATCH,UNIT_SCADA,1,"2019/08/20 07:35:00",JLA01,0.50
D,DISPATCH,UNIT_SCADA,1,"2019/08/20 07:35:00",JLA02,54.10
D,DISPATCH,UNIT_SCADA,1,"2019/08/20 07:35:00",JLA03,0.10
D,DISPATCH,UNIT_SCADA,1,"2019/08/20 07:35:00",JLA04,0.10
D,DISPATCH,UNIT_SCADA,1,"2019/08/20 07:35:00",JLB01,0
D,DISPATCH,UNIT_SCADA,1,"2019/08/20 07:35:00",JLB02,83.30
D,DISPATCH,UNIT_SCADA,1,"2019/08/20 07:35:00",JLB03,82.60
D,DISPATCH,UNIT_SCADA,1,"2019/08/20 07:35:00",KAREEYA1,21.3925
D,DISPATCH,UNIT_SCADA,1,"2019/08/20 07:35:00",KAREEYA2,21.46
D,DISPATCH,UNIT_SCADA,1,"2019/08/20 07:35:00",KAREEYA3,0
D,DISPATCH,UNIT_SCADA,1,"2019/08/20 07:35:00",KAREEYA4,21.6225
D,DISPATCH,UNIT_SCADA,1,"2019/08/20 07:35:00",KARSF1,1.40
D,DISPATCH,UNIT_SCADA,1,"2019/08/20 07:35:00",KIATAWF1,31
D,DISPATCH,UNIT_SCADA,1,"2019/08/20 07:35:00",KPP_1,0
D,DISPATCH,UNIT_SCADA,1,"2019/08/20 07:35:00",KSP1,16.92
D,DISPATCH,UNIT_SCADA,1,"2019/08/20 07:35:00",LADBROK1,42.90
D,DISPATCH,UNIT_SCADA,1,"2019/08/20 07:35:00",LADBROK2,42.55
D,DISPATCH,UNIT_SCADA,1,"2019/08/20 07:35:00",LD01,415.837550
D,DISPATCH,UNIT_SCADA,1,"2019/08/20 07:35:00",LD02,419.137450
D,DISPATCH,UNIT_SCADA,1,"2019/08/20 07:35:00",LD03,393.768770
D,DISPATCH,UNIT_SCADA,1,"2019/08/20 07:35:00",LD04,379.031250
D,DISPATCH,UNIT_SCADA,1,"2019/08/20 07:35:00",LEM_WIL,85.394390
D,DISPATCH,UNIT_SCADA,1,"2019/08/20 07:35:00",LGAPWF1,13.74
D,DISPATCH,UNIT_SCADA,1,"2019/08/20 07:35:00",LILYSF1,40.632320
D,DISPATCH,UNIT_SCADA,1,"2019/08/20 07:35:00",LI_WY_CA,147.916780
D,DISPATCH,UNIT_SCADA,1,"2019/08/20 07:35:00",LKBONNY2,140.410030
D,DISPATCH,UNIT_SCADA,1,"2019/08/20 07:35:00",LKBONNY3,34.553830
D,DISPATCH,UNIT_SCADA,1,"2019/08/20 07:35:00",LK_ECHO,0
D,DISPATCH,UNIT_SCADA,1,"2019/08/20 07:35:00",LNGS1,0
D,DISPATCH,UNIT_SCADA,1,"2019/08/20 07:35:00",LNGS2,0
D,DISPATCH,UNIT_SCADA,1,"2019/08/20 07:35:00",LONSDALE,0
D,DISPATCH,UNIT_SCADA,1,"2019/08/20 07:35:00",LOYYB1,536.088620
D,DISPATCH,UNIT_SCADA,1,"2019/08/20 07:35:00",LOYYB2,581.954410
D,DISPATCH,UNIT_SCADA,1,"2019/08/20 07:35:00",LYA1,559
D,DISPATCH,UNIT_SCADA,1,"2019/08/20 07:35:00",LYA2,0
D,DISPATCH,UNIT_SCADA,1,"2019/08/20 07:35:00",LYA3,561
D,DISPATCH,UNIT_SCADA,1,"2019/08/20 07:35:00",LYA4,540
D,DISPATCH,UNIT_SCADA,1,"2019/08/20 07:35:00",MACARTH1,313.692750
D,DISPATCH,UNIT_SCADA,1,"2019/08/20 07:35:00",MACKAYGT,0
D,DISPATCH,UNIT_SCADA,1,"2019/08/20 07:35:00",MACKNTSH,85.260010
D,DISPATCH,UNIT_SCADA,1,"2019/08/20 07:35:00",MANSLR1,7.4960
D,DISPATCH,UNIT_SCADA,1,"2019/08/20 07:35:00",MCKAY1,0.02
D,DISPATCH,UNIT_SCADA,1,"2019/08/20 07:35:00",MEADOWBK,33.953040
D,DISPATCH,UNIT_SCADA,1,"2019/08/20 07:35:00",MERCER01,120.015990
D,DISPATCH,UNIT_SCADA,1,"2019/08/20 07:35:00",MEWF1,21.367810
D,DISPATCH,UNIT_SCADA,1,"2019/08/20 07:35:00",MINTARO,0
D,DISPATCH,UNIT_SCADA,1,"2019/08/20 07:35:00",MOREESF1,29.6920
D,DISPATCH,UNIT_SCADA,1,"2019/08/20 07:35:00",MORTLK11,259
D,DISPATCH,UNIT_SCADA,1,"2019/08/20 07:35:00",MORTLK12,0
D,DISPATCH,UNIT_SCADA,1,"2019/08/20 07:35:00",MP1,331.299930
D,DISPATCH,UNIT_SCADA,1,"2019/08/20 07:35:00",MP2,0
D,DISPATCH,UNIT_SCADA,1,"2019/08/20 07:35:00",MPP_1,427.25
D,DISPATCH,UNIT_SCADA,1,"2019/08/20 07:35:00",MPP_2,435.75
D,DISPATCH,UNIT_SCADA,1,"2019/08/20 07:35:00",MSTUART1,0
D,DISPATCH,UNIT_SCADA,1,"2019/08/20 07:35:00",MSTUART2,0
D,DISPATCH,UNIT_SCADA,1,"2019/08/20 07:35:00",MSTUART3,0
D,DISPATCH,UNIT_SCADA,1,"2019/08/20 07:35:00",MTGELWF1,64.893040
D,DISPATCH,UNIT_SCADA,1,"2019/08/20 07:35:00",MURRAY,314.670010
D,DISPATCH,UNIT_SCADA,1,"2019/08/20 07:35:00",MUSSELR1,163.20
D,DISPATCH,UNIT_SCADA,1,"2019/08/20 07:35:00",MUWAWF1,33.96
D,DISPATCH,UNIT_SCADA,1,"2019/08/20 07:35:00",NBHWF1,61
D,DISPATCH,UNIT_SCADA,1,"2019/08/20 07:35:00",NPS,0
D,DISPATCH,UNIT_SCADA,1,"2019/08/20 07:35:00",NUMURSF1,15.34
D,DISPATCH,UNIT_SCADA,1,"2019/08/20 07:35:00",NYNGAN1,18.25
D,DISPATCH,UNIT_SCADA,1,"2019/08/20 07:35:00",OAKEY1,0
D,DISPATCH,UNIT_SCADA,1,"2019/08/20 07:35:00",OAKEY1SF,13.9370
D,DISPATCH,UNIT_SCADA,1,"2019/08/20 07:35:00",OAKEY2,0
D,DISPATCH,UNIT_SCADA,1,"2019/08/20 07:35:00",OAKLAND1,58.60
D,DISPATCH,UNIT_SCADA,1,"2019/08/20 07:35:00",OSB-AG,185.39
D,DISPATCH,UNIT_SCADA,1,"2019/08/20 07:35:00",PARSF1,20.500010
D,DISPATCH,UNIT_SCADA,1,"2019/08/20 07:35:00",POAT110,0
D,DISPATCH,UNIT_SCADA,1,"2019/08/20 07:35:00",POAT220,16.39
D,DISPATCH,UNIT_SCADA,1,"2019/08/20 07:35:00",POR01,0
D,DISPATCH,UNIT_SCADA,1,"2019/08/20 07:35:00",POR03,0
D,DISPATCH,UNIT_SCADA,1,"2019/08/20 07:35:00",PPCCGT,249.387040
D,DISPATCH,UNIT_SCADA,1,"2019/08/20 07:35:00",PTSTAN1,0
D,DISPATCH,UNIT_SCADA,1,"2019/08/20 07:35:00",PUMP1,0
D,DISPATCH,UNIT_SCADA,1,"2019/08/20 07:35:00",PUMP2,0
D,DISPATCH,UNIT_SCADA,1,"2019/08/20 07:35:00",QPS1,29.10
D,DISPATCH,UNIT_SCADA,1,"2019/08/20 07:35:00",QPS2,0
D,DISPATCH,UNIT_SCADA,1,"2019/08/20 07:35:00",QPS3,0
D,DISPATCH,UNIT_SCADA,1,"2019/08/20 07:35:00",QPS4,0
D,DISPATCH,UNIT_SCADA,1,"2019/08/20 07:35:00",QPS5,0
D,DISPATCH,UNIT_SCADA,1,"2019/08/20 07:35:00",REECE1,115.220010
D,DISPATCH,UNIT_SCADA,1,"2019/08/20 07:35:00",REECE2,115.250010
D,DISPATCH,UNIT_SCADA,1,"2019/08/20 07:35:00",ROMA_7,0
D,DISPATCH,UNIT_SCADA,1,"2019/08/20 07:35:00",ROMA_8,39.765830
D,DISPATCH,UNIT_SCADA,1,"2019/08/20 07:35:00",RRSF1,33.172160
D,DISPATCH,UNIT_SCADA,1,"2019/08/20 07:35:00",RT_NSW1,0
D,DISPATCH,UNIT_SCADA,1,"2019/08/20 07:35:00",RT_NSW2,0
D,DISPATCH,UNIT_SCADA,1,"2019/08/20 07:35:00",RT_NSW3,0
D,DISPATCH,UNIT_SCADA,1,"2019/08/20 07:35:00",RT_NSW4,0
D,DISPATCH,UNIT_SCADA,1,"2019/08/20 07:35:00",RT_NSW5,0
D,DISPATCH,UNIT_SCADA,1,"2019/08/20 07:35:00",RT_NSW6,0
D,DISPATCH,UNIT_SCADA,1,"2019/08/20 07:35:00",RT_QLD1,0
D,DISPATCH,UNIT_SCADA,1,"2019/08/20 07:35:00",RT_SA1,0
D,DISPATCH,UNIT_SCADA,1,"2019/08/20 07:35:00",RT_SA2,0
D,DISPATCH,UNIT_SCADA,1,"2019/08/20 07:35:00",RT_SA3,0
D,DISPATCH,UNIT_SCADA,1,"2019/08/20 07:35:00",RT_SA4,0
D,DISPATCH,UNIT_SCADA,1,"2019/08/20 07:35:00",RT_SA5,0
D,DISPATCH,UNIT_SCADA,1,"2019/08/20 07:35:00",RT_SA6,0
D,DISPATCH,UNIT_SCADA,1,"2019/08/20 07:35:00",RT_TAS1,0
D,DISPATCH,UNIT_SCADA,1,"2019/08/20 07:35:00",RT_VIC1,0
D,DISPATCH,UNIT_SCADA,1,"2019/08/20 07:35:00",RT_VIC10,0
D,DISPATCH,UNIT_SCADA,1,"2019/08/20 07:35:00",RT_VIC11,0
D,DISPATCH,UNIT_SCADA,1,"2019/08/20 07:35:00",RT_VIC12,0
D,DISPATCH,UNIT_SCADA,1,"2019/08/20 07:35:00",RT_VIC2,0
D,DISPATCH,UNIT_SCADA,1,"2019/08/20 07:35:00",RT_VIC3,0
D,DISPATCH,UNIT_SCADA,1,"2019/08/20 07:35:00",RT_VIC4,0
D,DISPATCH,UNIT_SCADA,1,"2019/08/20 07:35:00",RT_VIC5,0
D,DISPATCH,UNIT_SCADA,1,"2019/08/20 07:35:00",RT_VIC6,0
D,DISPATCH,UNIT_SCADA,1,"2019/08/20 07:35:00",RT_VIC7,0
D,DISPATCH,UNIT_SCADA,1,"2019/08/20 07:35:00",RT_VIC8,0
D,DISPATCH,UNIT_SCADA,1,"2019/08/20 07:35:00",RT_VIC9,0
D,DISPATCH,UNIT_SCADA,1,"2019/08/20 07:35:00",RUGBYR1,28.836860
D,DISPATCH,UNIT_SCADA,1,"2019/08/20 07:35:00",SALTCRK1,51.12
D,DISPATCH,UNIT_SCADA,1,"2019/08/20 07:35:00",SAPHWF1,140.418760
D,DISPATCH,UNIT_SCADA,1,"2019/08/20 07:35:00",SHGEN,201.909240
D,DISPATCH,UNIT_SCADA,1,"2019/08/20 07:35:00",SHPUMP,0
D,DISPATCH,UNIT_SCADA,1,"2019/08/20 07:35:00",SITHE01,0.083520
D,DISPATCH,UNIT_SCADA,1,"2019/08/20 07:35:00",SMCSF1,15.427970
D,DISPATCH,UNIT_SCADA,1,"2019/08/20 07:35:00",SNOWNTH1,21.80
D,DISPATCH,UNIT_SCADA,1,"2019/08/20 07:35:00",SNOWSTH1,52.20
D,DISPATCH,UNIT_SCADA,1,"2019/08/20 07:35:00",SNOWTWN1,25.703490
D,DISPATCH,UNIT_SCADA,1,"2019/08/20 07:35:00",SNOWYP,0
D,DISPATCH,UNIT_SCADA,1,"2019/08/20 07:35:00",SNUG1,0.019440
D,DISPATCH,UNIT_SCADA,1,"2019/08/20 07:35:00",SRSF1,34.18
D,DISPATCH,UNIT_SCADA,1,"2019/08/20 07:35:00",STAN-1,0
D,DISPATCH,UNIT_SCADA,1,"2019/08/20 07:35:00",STAN-2,343.414490
D,DISPATCH,UNIT_SCADA,1,"2019/08/20 07:35:00",STAN-3,340.748380
D,DISPATCH,UNIT_SCADA,1,"2019/08/20 07:35:00",STAN-4,361.333770
D,DISPATCH,UNIT_SCADA,1,"2019/08/20 07:35:00",STWF1,9.731260
D,DISPATCH,UNIT_SCADA,1,"2019/08/20 07:35:00",SWAN_E,0
D,DISPATCH,UNIT_SCADA,1,"2019/08/20 07:35:00",TALWA1,425
D,DISPATCH,UNIT_SCADA,1,"2019/08/20 07:35:00",TARALGA1,102.821230
D,DISPATCH,UNIT_SCADA,1,"2019/08/20 07:35:00",TARONG#1,339.50
D,DISPATCH,UNIT_SCADA,1,"2019/08/20 07:35:00",TARONG#2,348.700010
D,DISPATCH,UNIT_SCADA,1,"2019/08/20 07:35:00",TARONG#3,259.200010
D,DISPATCH,UNIT_SCADA,1,"2019/08/20 07:35:00",TARONG#4,349.300020
D,DISPATCH,UNIT_SCADA,1,"2019/08/20 07:35:00",TARRALEA,84.20
D,DISPATCH,UNIT_SCADA,1,"2019/08/20 07:35:00",TBSF1,-0.20
D,DISPATCH,UNIT_SCADA,1,"2019/08/20 07:35:00",TNPS1,441.700010
D,DISPATCH,UNIT_SCADA,1,"2019/08/20 07:35:00",TORRA1,92.317930
D,DISPATCH,UNIT_SCADA,1,"2019/08/20 07:35:00",TORRA2,0
D,DISPATCH,UNIT_SCADA,1,"2019/08/20 07:35:00",TORRA3,47.344760
D,DISPATCH,UNIT_SCADA,1,"2019/08/20 07:35:00",TORRA4,0
D,DISPATCH,UNIT_SCADA,1,"2019/08/20 07:35:00",TORRB1,113.22
D,DISPATCH,UNIT_SCADA,1,"2019/08/20 07:35:00",TORRB2,191.929990
D,DISPATCH,UNIT_SCADA,1,"2019/08/20 07:35:00",TORRB3,0
D,DISPATCH,UNIT_SCADA,1,"2019/08/20 07:35:00",TORRB4,0
D,DISPATCH,UNIT_SCADA,1,"2019/08/20 07:35:00",TREVALLN,69.670010
D,DISPATCH,UNIT_SCADA,1,"2019/08/20 07:35:00",TRIBUTE,83.64
D,DISPATCH,UNIT_SCADA,1,"2019/08/20 07:35:00",TUMUT3,109.42
D,DISPATCH,UNIT_SCADA,1,"2019/08/20 07:35:00",TUNGATIN,133.590030
D,DISPATCH,UNIT_SCADA,1,"2019/08/20 07:35:00",TVCC201,0
D,DISPATCH,UNIT_SCADA,1,"2019/08/20 07:35:00",TVPP104,0
D,DISPATCH,UNIT_SCADA,1,"2019/08/20 07:35:00",UPPTUMUT,0
D,DISPATCH,UNIT_SCADA,1,"2019/08/20 07:35:00",URANQ11,0
D,DISPATCH,UNIT_SCADA,1,"2019/08/20 07:35:00",URANQ12,0
D,DISPATCH,UNIT_SCADA,1,"2019/08/20 07:35:00",URANQ13,0
D,DISPATCH,UNIT_SCADA,1,"2019/08/20 07:35:00",URANQ14,0
D,DISPATCH,UNIT_SCADA,1,"2019/08/20 07:35:00",VP5,622.949950
D,DISPATCH,UNIT_SCADA,1,"2019/08/20 07:35:00",VP6,611.775020
D,DISPATCH,UNIT_SCADA,1,"2019/08/20 07:35:00",VPGS1,0
D,DISPATCH,UNIT_SCADA,1,"2019/08/20 07:35:00",VPGS2,0
D,DISPATCH,UNIT_SCADA,1,"2019/08/20 07:35:00",VPGS3,0
D,DISPATCH,UNIT_SCADA,1,"2019/08/20 07:35:00",VPGS4,0
D,DISPATCH,UNIT_SCADA,1,"2019/08/20 07:35:00",VPGS5,0
D,DISPATCH,UNIT_SCADA,1,"2019/08/20 07:35:00",VPGS6,0
D,DISPATCH,UNIT_SCADA,1,"2019/08/20 07:35:00",W/HOE#1,161.149990
D,DISPATCH,UNIT_SCADA,1,"2019/08/20 07:35:00",W/HOE#2,0
D,DISPATCH,UNIT_SCADA,1,"2019/08/20 07:35:00",WATERLWF,104.20
D,DISPATCH,UNIT_SCADA,1,"2019/08/20 07:35:00",WEMENSF1,1.40
D,DISPATCH,UNIT_SCADA,1,"2019/08/20 07:35:00",WGWF1,57.90
D,DISPATCH,UNIT_SCADA,1,"2019/08/20 07:35:00",WHITSF1,20.20
D,DISPATCH,UNIT_SCADA,1,"2019/08/20 07:35:00",WKIEWA1,0
D,DISPATCH,UNIT_SCADA,1,"2019/08/20 07:35:00",WKIEWA2,16.80
D,DISPATCH,UNIT_SCADA,1,"2019/08/20 07:35:00",WOODLWN1,44.91
D,DISPATCH,UNIT_SCADA,1,"2019/08/20 07:35:00",WRSF1,7.52
D,DISPATCH,UNIT_SCADA,1,"2019/08/20 07:35:00",WRWF1,93.398760
D,DISPATCH,UNIT_SCADA,1,"2019/08/20 07:35:00",YABULU,0
D,DISPATCH,UNIT_SCADA,1,"2019/08/20 07:35:00",YABULU2,0
D,DISPATCH,UNIT_SCADA,1,"2019/08/20 07:35:00",YARWUN_1,0
D,DISPATCH,UNIT_SCADA,1,"2019/08/20 07:35:00",YENDWF1,41.89
D,DISPATCH,UNIT_SCADA,1,"2019/08/20 07:35:00",YWPS1,380.450620
D,DISPATCH,UNIT_SCADA,1,"2019/08/20 07:35:00",YWPS2,276.437990
D,DISPATCH,UNIT_SCADA,1,"2019/08/20 07:35:00",YWPS3,0
D,DISPATCH,UNIT_SCADA,1,"2019/08/20 07:35:00",YWPS4,392.1329
C,"END OF REPORT",334
