C,NEMP.WORLD,DISPATCHSCADA,AEMO,PUBLIC,2019/08/20,20:40:07,0000000311800120,DISPATCHSCADA,0000000311800114
I,DISPATCH,UNIT_SCADA,1,SETTLEMENTDATE,DUID,SCADAVALUE
D,DISPATCH,UNIT_SCADA,1,"2019/08/20 20:45:00",BARCSF1,0.50
D,DISPATCH,UNIT_SCADA,1,"2019/08/20 20:45:00",BUTLERSG,9.699999
D,DISPATCH,UNIT_SCADA,1,"2019/08/20 20:45:00",CALL_A_4,0
D,DISPATCH,UNIT_SCADA,1,"2019/08/20 20:45:00",CAPTL_WF,133.044006
D,DISPATCH,UNIT_SCADA,1,"2019/08/20 20:45:00",CATHROCK,53.019997
D,DISPATCH,UNIT_SCADA,1,"2019/08/20 20:45:00",CHALLHWF,23.50
D,DISPATCH,UNIT_SCADA,1,"2019/08/20 20:45:00",CLOVER,-0.01
D,DISPATCH,UNIT_SCADA,1,"2019/08/20 20:45:00",CLUNY,19.4786
D,DISPATCH,UNIT_SCADA,1,"2019/08/20 20:45:00",CNUNDAWF,41.248116
D,DISPATCH,UNIT_SCADA,1,"2019/08/20 20:45:00",CULLRGWF,30.40
D,DISPATCH,UNIT_SCADA,1,"2019/08/20 20:45:00",ERGT01,0
D,DISPATCH,UNIT_SCADA,1,"2019/08/20 20:45:00",GB01,0.073112
D,DISPATCH,UNIT_SCADA,1,"2019/08/20 20:45:00",GERMCRK,36.700001
D,DISPATCH,UNIT_SCADA,1,"2019/08/20 20:45:00",GRIFSF1,0
D,DISPATCH,UNIT_SCADA,1,"2019/08/20 20:45:00",HUGSF1,-0.2040
D,DISPATCH,UNIT_SCADA,1,"2019/08/20 20:45:00",LKBONNY1,74.216080
D,DISPATCH,UNIT_SCADA,1,"2019/08/20 20:45:00",LRSF1,0.0290
D,DISPATCH,UNIT_SCADA,1,"2019/08/20 20:45:00",MBAHNTH,56.043747
D,DISPATCH,UNIT_SCADA,1,"2019/08/20 20:45:00",MLSP1,0.283001
D,DISPATCH,UNIT_SCADA,1,"2019/08/20 20:45:00",MLWF1,19.1250
D,DISPATCH,UNIT_SCADA,1,"2019/08/20 20:45:00",MTMILLAR,26.691984
D,DISPATCH,UNIT_SCADA,1,"2019/08/20 20:45:00",PALOONA,12.809999
D,DISPATCH,UNIT_SCADA,1,"2019/08/20 20:45:00",PIONEER,27.800001
D,DISPATCH,UNIT_SCADA,1,"2019/08/20 20:45:00",PORTWF,137.199997
D,DISPATCH,UNIT_SCADA,1,"2019/08/20 20:45:00",REPULSE,29.304035
D,DISPATCH,UNIT_SCADA,1,"2019/08/20 20:45:00",ROWALLAN,9.8690
D,DISPATCH,UNIT_SCADA,1,"2019/08/20 20:45:00",ROYALLA1,0
D,DISPATCH,UNIT_SCADA,1,"2019/08/20 20:45:00",RPCG,10.70
D,DISPATCH,UNIT_SCADA,1,"2019/08/20 20:45:00",RUBICON,0
D,DISPATCH,UNIT_SCADA,1,"2019/08/20 20:45:00",SATGN1,0
D,DISPATCH,UNIT_SCADA,1,"2019/08/20 20:45:00",SATGS1,0
D,DISPATCH,UNIT_SCADA,1,"2019/08/20 20:45:00",STARHLWF,21.993587
D,DISPATCH,UNIT_SCADA,1,"2019/08/20 20:45:00",WAUBRAWF,140.473007
D,DISPATCH,UNIT_SCADA,1,"2019/08/20 20:45:00",WOOLNTH1,37.780018
D,DISPATCH,UNIT_SCADA,1,"2019/08/20 20:45:00",WPWF,41
D,DISPATCH,UNIT_SCADA,1,"2019/08/20 20:45:00",YAMBUKWF,29.700001
D,DISPATCH,UNIT_SCADA,1,"2019/08/20 20:45:00",YSWF1,28
D,DISPATCH,UNIT_SCADA,1,"2019/08/20 20:45:00",AGLHAL,0
D,DISPATCH,UNIT_SCADA,1,"2019/08/20 20:45:00",AGLSOM,80.20
D,DISPATCH,UNIT_SCADA,1,"2019/08/20 20:45:00",ANGAST1,0
D,DISPATCH,UNIT_SCADA,1,"2019/08/20 20:45:00",ARWF1,42.20
D,DISPATCH,UNIT_SCADA,1,"2019/08/20 20:45:00",BALBG1,0.47
D,DISPATCH,UNIT_SCADA,1,"2019/08/20 20:45:00",BALBL1,0
D,DISPATCH,UNIT_SCADA,1,"2019/08/20 20:45:00",BALDHWF1,103.227010
D,DISPATCH,UNIT_SCADA,1,"2019/08/20 20:45:00",BANN1,0
D,DISPATCH,UNIT_SCADA,1,"2019/08/20 20:45:00",BARCALDN,0
D,DISPATCH,UNIT_SCADA,1,"2019/08/20 20:45:00",BARRON-1,0
D,DISPATCH,UNIT_SCADA,1,"2019/08/20 20:45:00",BARRON-2,28.48
D,DISPATCH,UNIT_SCADA,1,"2019/08/20 20:45:00",BASTYAN,80.05
D,DISPATCH,UNIT_SCADA,1,"2019/08/20 20:45:00",BBTHREE1,-2
D,DISPATCH,UNIT_SCADA,1,"2019/08/20 20:45:00",BBTHREE2,-2.02
D,DISPATCH,UNIT_SCADA,1,"2019/08/20 20:45:00",BBTHREE3,-1.12
D,DISPATCH,UNIT_SCADA,1,"2019/08/20 20:45:00",BDL01,0
D,DISPATCH,UNIT_SCADA,1,"2019/08/20 20:45:00",BDL02,-0.06
D,DISPATCH,UNIT_SCADA,1,"2019/08/20 20:45:00",BERYLSF1,0
D,DISPATCH,UNIT_SCADA,1,"2019/08/20 20:45:00",BLOWERNG,0
D,DISPATCH,UNIT_SCADA,1,"2019/08/20 20:45:00",BLUFF1,42
D,DISPATCH,UNIT_SCADA,1,"2019/08/20 20:45:00",BNGSF1,0
D,DISPATCH,UNIT_SCADA,1,"2019/08/20 20:45:00",BNGSF2,0
D,DISPATCH,UNIT_SCADA,1,"2019/08/20 20:45:00",BOCORWF1,99.02
D,DISPATCH,UNIT_SCADA,1,"2019/08/20 20:45:00",BODWF1,57.193350
D,DISPATCH,UNIT_SCADA,1,"2019/08/20 20:45:00",BRAEMAR1,0
D,DISPATCH,UNIT_SCADA,1,"2019/08/20 20:45:00",BRAEMAR2,173
D,DISPATCH,UNIT_SCADA,1,"2019/08/20 20:45:00",BRAEMAR3,0
D,DISPATCH,UNIT_SCADA,1,"2019/08/20 20:45:00",BRAEMAR5,0
D,DISPATCH,UNIT_SCADA,1,"2019/08/20 20:45:00",BRAEMAR6,140.107760
D,DISPATCH,UNIT_SCADA,1,"2019/08/20 20:45:00",BRAEMAR7,0
D,DISPATCH,UNIT_SCADA,1,"2019/08/20 20:45:00",BROKENH1,0
D,DISPATCH,UNIT_SCADA,1,"2019/08/20 20:45:00",BW01,655.300050
D,DISPATCH,UNIT_SCADA,1,"2019/08/20 20:45:00",BW02,666.800050
D,DISPATCH,UNIT_SCADA,1,"2019/08/20 20:45:00",BW03,659.599980
D,DISPATCH,UNIT_SCADA,1,"2019/08/20 20:45:00",BW04,0
D,DISPATCH,UNIT_SCADA,1,"2019/08/20 20:45:00",CALL_B_1,350
D,DISPATCH,UNIT_SCADA,1,"2019/08/20 20:45:00",CALL_B_2,300
D,DISPATCH,UNIT_SCADA,1,"2019/08/20 20:45:00",CETHANA,96.088870
D,DISPATCH,UNIT_SCADA,1,"2019/08/20 20:45:00",CG1,0
D,DISPATCH,UNIT_SCADA,1,"2019/08/20 20:45:00",CG2,0
D,DISPATCH,UNIT_SCADA,1,"2019/08/20 20:45:00",CG3,0
D,DISPATCH,UNIT_SCADA,1,"2019/08/20 20:45:00",CG4,0
D,DISPATCH,UNIT_SCADA,1,"2019/08/20 20:45:00",CHILDSF1,0
D,DISPATCH,UNIT_SCADA,1,"2019/08/20 20:45:00",CLARESF1,0
D,DISPATCH,UNIT_SCADA,1,"2019/08/20 20:45:00",CLEMGPWF,37.818380
D,DISPATCH,UNIT_SCADA,1,"2019/08/20 20:45:00",CLERMSF1,0
D,DISPATCH,UNIT_SCADA,1,"2019/08/20 20:45:00",COLEASF1,0
D,DISPATCH,UNIT_SCADA,1,"2019/08/20 20:45:00",COOPGWF1,35.759990
D,DISPATCH,UNIT_SCADA,1,"2019/08/20 20:45:00",CPP_3,406.450010
D,DISPATCH,UNIT_SCADA,1,"2019/08/20 20:45:00",CPP_4,279.675020
D,DISPATCH,UNIT_SCADA,1,"2019/08/20 20:45:00",CPSA,142.4825
D,DISPATCH,UNIT_SCADA,1,"2019/08/20 20:45:00",CROOKWF2,86.883740
D,DISPATCH,UNIT_SCADA,1,"2019/08/20 20:45:00",CROWLWF1,54.069250
D,DISPATCH,UNIT_SCADA,1,"2019/08/20 20:45:00",CSPVPS1,0
D,DISPATCH,UNIT_SCADA,1,"2019/08/20 20:45:00",DALNTH01,0
D,DISPATCH,UNIT_SCADA,1,"2019/08/20 20:45:00",DALNTHL1,0.178530
D,DISPATCH,UNIT_SCADA,1,"2019/08/20 20:45:00",DARTM1,134.600010
D,DISPATCH,UNIT_SCADA,1,"2019/08/20 20:45:00",DAYDSF1,0
D,DISPATCH,UNIT_SCADA,1,"2019/08/20 20:45:00",DDPS1,346.0614
D,DISPATCH,UNIT_SCADA,1,"2019/08/20 20:45:00",DDSF1,0
D,DISPATCH,UNIT_SCADA,1,"2019/08/20 20:45:00",DEVILS_G,60.121460
D,DISPATCH,UNIT_SCADA,1,"2019/08/20 20:45:00",DG_NSW1,0
D,DISPATCH,UNIT_SCADA,1,"2019/08/20 20:45:00",DG_QLD1,0
D,DISPATCH,UNIT_SCADA,1,"2019/08/20 20:45:00",DG_SA1,0
D,DISPATCH,UNIT_SCADA,1,"2019/08/20 20:45:00",DG_TAS1,0
D,DISPATCH,UNIT_SCADA,1,"2019/08/20 20:45:00",DG_VIC1,0
D,DISPATCH,UNIT_SCADA,1,"2019/08/20 20:45:00",DRYCGT1,0
D,DISPATCH,UNIT_SCADA,1,"2019/08/20 20:45:00",DRYCGT2,0
D,DISPATCH,UNIT_SCADA,1,"2019/08/20 20:45:00",DRYCGT3,0
D,DISPATCH,UNIT_SCADA,1,"2019/08/20 20:45:00",EILDON1,0
D,DISPATCH,UNIT_SCADA,1,"2019/08/20 20:45:00",EILDON2,0
D,DISPATCH,UNIT_SCADA,1,"2019/08/20 20:45:00",EMERASF1,0
D,DISPATCH,UNIT_SCADA,1,"2019/08/20 20:45:00",ER01,592.699950
D,DISPATCH,UNIT_SCADA,1,"2019/08/20 20:45:00",ER02,699.3750
D,DISPATCH,UNIT_SCADA,1,"2019/08/20 20:45:00",ER03,700.474980
D,DISPATCH,UNIT_SCADA,1,"2019/08/20 20:45:00",ER04,698.775020
D,DISPATCH,UNIT_SCADA,1,"2019/08/20 20:45:00",FINLYSF1,0
D,DISPATCH,UNIT_SCADA,1,"2019/08/20 20:45:00",FISHER,45.85
D,DISPATCH,UNIT_SCADA,1,"2019/08/20 20:45:00",GANNBG1,7.288920
D,DISPATCH,UNIT_SCADA,1,"2019/08/20 20:45:00",GANNBL1,0
D,DISPATCH,UNIT_SCADA,1,"2019/08/20 20:45:00",GANNSF1,0
D,DISPATCH,UNIT_SCADA,1,"2019/08/20 20:45:00",GORDON,0
D,DISPATCH,UNIT_SCADA,1,"2019/08/20 20:45:00",GSTONE1,220.50
D,DISPATCH,UNIT_SCADA,1,"2019/08/20 20:45:00",GSTONE2,219.80
D,DISPATCH,UNIT_SCADA,1,"2019/08/20 20:45:00",GSTONE3,222.25
D,DISPATCH,UNIT_SCADA,1,"2019/08/20 20:45:00",GSTONE4,221.55
D,DISPATCH,UNIT_SCADA,1,"2019/08/20 20:45:00",GSTONE5,214.724990
D,DISPATCH,UNIT_SCADA,1,"2019/08/20 20:45:00",GSTONE6,0
D,DISPATCH,UNIT_SCADA,1,"2019/08/20 20:45:00",GULLRSF1,0
D,DISPATCH,UNIT_SCADA,1,"2019/08/20 20:45:00",GULLRWF1,140.355440
D,DISPATCH,UNIT_SCADA,1,"2019/08/20 20:45:00",GUNNING1,46.396860
D,DISPATCH,UNIT_SCADA,1,"2019/08/20 20:45:00",GUTHEGA,30.70
D,DISPATCH,UNIT_SCADA,1,"2019/08/20 20:45:00",HALLWF1,89.44
D,DISPATCH,UNIT_SCADA,1,"2019/08/20 20:45:00",HALLWF2,66.28
D,DISPATCH,UNIT_SCADA,1,"2019/08/20 20:45:00",HAMISF1,0
D,DISPATCH,UNIT_SCADA,1,"2019/08/20 20:45:00",HAUGHT11,0
D,DISPATCH,UNIT_SCADA,1,"2019/08/20 20:45:00",HAYMSF1,0
D,DISPATCH,UNIT_SCADA,1,"2019/08/20 20:45:00",HDWF1,66.40
D,DISPATCH,UNIT_SCADA,1,"2019/08/20 20:45:00",HDWF2,47
D,DISPATCH,UNIT_SCADA,1,"2019/08/20 20:45:00",HDWF3,65.30
D,DISPATCH,UNIT_SCADA,1,"2019/08/20 20:45:00",HPRG1,0.80
D,DISPATCH,UNIT_SCADA,1,"2019/08/20 20:45:00",HPRL1,0
D,DISPATCH,UNIT_SCADA,1,"2019/08/20 20:45:00",HUMENSW,0
D,DISPATCH,UNIT_SCADA,1,"2019/08/20 20:45:00",HUMEV,8.50
D,DISPATCH,UNIT_SCADA,1,"2019/08/20 20:45:00",HVGTS,0
D,DISPATCH,UNIT_SCADA,1,"2019/08/20 20:45:00",JBUTTERS,138.009990
D,DISPATCH,UNIT_SCADA,1,"2019/08/20 20:45:00",JLA01,0.50
D,DISPATCH,UNIT_SCADA,1,"2019/08/20 20:45:00",JLA02,0
D,DISPATCH,UNIT_SCADA,1,"2019/08/20 20:45:00",JLA03,0.10
D,DISPATCH,UNIT_SCADA,1,"2019/08/20 20:45:00",JLA04,0.10
D,DISPATCH,UNIT_SCADA,1,"2019/08/20 20:45:00",JLB01,0
D,DISPATCH,UNIT_SCADA,1,"2019/08/20 20:45:00",JLB02,0.10
D,DISPATCH,UNIT_SCADA,1,"2019/08/20 20:45:00",JLB03,0
D,DISPATCH,UNIT_SCADA,1,"2019/08/20 20:45:00",KAREEYA1,21.46
D,DISPATCH,UNIT_SCADA,1,"2019/08/20 20:45:00",KAREEYA2,21.75
D,DISPATCH,UNIT_SCADA,1,"2019/08/20 20:45:00",KAREEYA3,0
D,DISPATCH,UNIT_SCADA,1,"2019/08/20 20:45:00",KAREEYA4,21.71
D,DISPATCH,UNIT_SCADA,1,"2019/08/20 20:45:00",KARSF1,0
D,DISPATCH,UNIT_SCADA,1,"2019/08/20 20:45:00",KIATAWF1,30.80
D,DISPATCH,UNIT_SCADA,1,"2019/08/20 20:45:00",KPP_1,0
D,DISPATCH,UNIT_SCADA,1,"2019/08/20 20:45:00",KSP1,0
D,DISPATCH,UNIT_SCADA,1,"2019/08/20 20:45:00",LADBROK1,0
D,DISPATCH,UNIT_SCADA,1,"2019/08/20 20:45:00",LADBROK2,0
D,DISPATCH,UNIT_SCADA,1,"2019/08/20 20:45:00",LD01,420.262570
D,DISPATCH,UNIT_SCADA,1,"2019/08/20 20:45:00",LD02,418.218750
D,DISPATCH,UNIT_SCADA,1,"2019/08/20 20:45:00",LD03,417.131290
D,DISPATCH,UNIT_SCADA,1,"2019/08/20 20:45:00",LD04,377.175020
D,DISPATCH,UNIT_SCADA,1,"2019/08/20 20:45:00",LEM_WIL,85.7611
D,DISPATCH,UNIT_SCADA,1,"2019/08/20 20:45:00",LGAPWF1,24.59
D,DISPATCH,UNIT_SCADA,1,"2019/08/20 20:45:00",LILYSF1,0
D,DISPATCH,UNIT_SCADA,1,"2019/08/20 20:45:00",LI_WY_CA,149.1528
D,DISPATCH,UNIT_SCADA,1,"2019/08/20 20:45:00",LKBONNY2,153.873730
D,DISPATCH,UNIT_SCADA,1,"2019/08/20 20:45:00",LKBONNY3,35.391160
D,DISPATCH,UNIT_SCADA,1,"2019/08/20 20:45:00",LK_ECHO,0
D,DISPATCH,UNIT_SCADA,1,"2019/08/20 20:45:00",LNGS1,0
D,DISPATCH,UNIT_SCADA,1,"2019/08/20 20:45:00",LNGS2,0
D,DISPATCH,UNIT_SCADA,1,"2019/08/20 20:45:00",LONSDALE,0
D,DISPATCH,UNIT_SCADA,1,"2019/08/20 20:45:00",LOYYB1,535.712650
D,DISPATCH,UNIT_SCADA,1,"2019/08/20 20:45:00",LOYYB2,580.8266
D,DISPATCH,UNIT_SCADA,1,"2019/08/20 20:45:00",LYA1,560
D,DISPATCH,UNIT_SCADA,1,"2019/08/20 20:45:00",LYA2,0
D,DISPATCH,UNIT_SCADA,1,"2019/08/20 20:45:00",LYA3,560
D,DISPATCH,UNIT_SCADA,1,"2019/08/20 20:45:00",LYA4,540
D,DISPATCH,UNIT_SCADA,1,"2019/08/20 20:45:00",MACARTH1,367.6915
D,DISPATCH,UNIT_SCADA,1,"2019/08/20 20:45:00",MACKAYGT,0
D,DISPATCH,UNIT_SCADA,1,"2019/08/20 20:45:00",MACKNTSH,85.48
D,DISPATCH,UNIT_SCADA,1,"2019/08/20 20:45:00",MANSLR1,0
D,DISPATCH,UNIT_SCADA,1,"2019/08/20 20:45:00",MCKAY1,0.02
D,DISPATCH,UNIT_SCADA,1,"2019/08/20 20:45:00",MEADOWBK,33.838720
D,DISPATCH,UNIT_SCADA,1,"2019/08/20 20:45:00",MERCER01,127.596010
D,DISPATCH,UNIT_SCADA,1,"2019/08/20 20:45:00",MEWF1,39.0185
D,DISPATCH,UNIT_SCADA,1,"2019/08/20 20:45:00",MINTARO,0
D,DISPATCH,UNIT_SCADA,1,"2019/08/20 20:45:00",MOREESF1,0
D,DISPATCH,UNIT_SCADA,1,"2019/08/20 20:45:00",MORTLK11,125
D,DISPATCH,UNIT_SCADA,1,"2019/08/20 20:45:00",MORTLK12,0
D,DISPATCH,UNIT_SCADA,1,"2019/08/20 20:45:00",MP1,277.8750
D,DISPATCH,UNIT_SCADA,1,"2019/08/20 20:45:00",MP2,0
D,DISPATCH,UNIT_SCADA,1,"2019/08/20 20:45:00",MPP_1,405.25
D,DISPATCH,UNIT_SCADA,1,"2019/08/20 20:45:00",MPP_2,425.50
D,DISPATCH,UNIT_SCADA,1,"2019/08/20 20:45:00",MSTUART1,0
D,DISPATCH,UNIT_SCADA,1,"2019/08/20 20:45:00",MSTUART2,0
D,DISPATCH,UNIT_SCADA,1,"2019/08/20 20:45:00",MSTUART3,0
D,DISPATCH,UNIT_SCADA,1,"2019/08/20 20:45:00",MTGELWF1,63.933230
D,DISPATCH,UNIT_SCADA,1,"2019/08/20 20:45:00",MURRAY,0
D,DISPATCH,UNIT_SCADA,1,"2019/08/20 20:45:00",MUSSELR1,40.50
D,DISPATCH,UNIT_SCADA,1,"2019/08/20 20:45:00",MUWAWF1,48.36
D,DISPATCH,UNIT_SCADA,1,"2019/08/20 20:45:00",NBHWF1,97.30
D,DISPATCH,UNIT_SCADA,1,"2019/08/20 20:45:00",NPS,319.50
D,DISPATCH,UNIT_SCADA,1,"2019/08/20 20:45:00",NUMURSF1,0
D,DISPATCH,UNIT_SCADA,1,"2019/08/20 20:45:00",NYNGAN1,0
D,DISPATCH,UNIT_SCADA,1,"2019/08/20 20:45:00",OAKEY1,0
D,DISPATCH,UNIT_SCADA,1,"2019/08/20 20:45:00",OAKEY1SF,0.0380
D,DISPATCH,UNIT_SCADA,1,"2019/08/20 20:45:00",OAKEY2,0
D,DISPATCH,UNIT_SCADA,1,"2019/08/20 20:45:00",OAKLAND1,62.50
D,DISPATCH,UNIT_SCADA,1,"2019/08/20 20:45:00",OSB-AG,183.570010
D,DISPATCH,UNIT_SCADA,1,"2019/08/20 20:45:00",PARSF1,0
D,DISPATCH,UNIT_SCADA,1,"2019/08/20 20:45:00",POAT110,0
D,DISPATCH,UNIT_SCADA,1,"2019/08/20 20:45:00",POAT220,7.9380
D,DISPATCH,UNIT_SCADA,1,"2019/08/20 20:45:00",POR01,0
D,DISPATCH,UNIT_SCADA,1,"2019/08/20 20:45:00",POR03,0
D,DISPATCH,UNIT_SCADA,1,"2019/08/20 20:45:00",PPCCGT,495.011350
D,DISPATCH,UNIT_SCADA,1,"2019/08/20 20:45:00",PTSTAN1,0
D,DISPATCH,UNIT_SCADA,1,"2019/08/20 20:45:00",PUMP1,0
D,DISPATCH,UNIT_SCADA,1,"2019/08/20 20:45:00",PUMP2,0
D,DISPATCH,UNIT_SCADA,1,"2019/08/20 20:45:00",QPS1,0
D,DISPATCH,UNIT_SCADA,1,"2019/08/20 20:45:00",QPS2,0
D,DISPATCH,UNIT_SCADA,1,"2019/08/20 20:45:00",QPS3,0
D,DISPATCH,UNIT_SCADA,1,"2019/08/20 20:45:00",QPS4,0
D,DISPATCH,UNIT_SCADA,1,"2019/08/20 20:45:00",QPS5,0
D,DISPATCH,UNIT_SCADA,1,"2019/08/20 20:45:00",REECE1,117.190010
D,DISPATCH,UNIT_SCADA,1,"2019/08/20 20:45:00",REECE2,117.310010
D,DISPATCH,UNIT_SCADA,1,"2019/08/20 20:45:00",ROMA_7,0
D,DISPATCH,UNIT_SCADA,1,"2019/08/20 20:45:00",ROMA_8,0
D,DISPATCH,UNIT_SCADA,1,"2019/08/20 20:45:00",RRSF1,0
D,DISPATCH,UNIT_SCADA,1,"2019/08/20 20:45:00",RT_NSW1,0
D,DISPATCH,UNIT_SCADA,1,"2019/08/20 20:45:00",RT_NSW2,0
D,DISPATCH,UNIT_SCADA,1,"2019/08/20 20:45:00",RT_NSW3,0
D,DISPATCH,UNIT_SCADA,1,"2019/08/20 20:45:00",RT_NSW4,0
D,DISPATCH,UNIT_SCADA,1,"2019/08/20 20:45:00",RT_NSW5,0
D,DISPATCH,UNIT_SCADA,1,"2019/08/20 20:45:00",RT_NSW6,0
D,DISPATCH,UNIT_SCADA,1,"2019/08/20 20:45:00",RT_QLD1,0
D,DISPATCH,UNIT_SCADA,1,"2019/08/20 20:45:00",RT_SA1,0
D,DISPATCH,UNIT_SCADA,1,"2019/08/20 20:45:00",RT_SA2,0
D,DISPATCH,UNIT_SCADA,1,"2019/08/20 20:45:00",RT_SA3,0
D,DISPATCH,UNIT_SCADA,1,"2019/08/20 20:45:00",RT_SA4,0
D,DISPATCH,UNIT_SCADA,1,"2019/08/20 20:45:00",RT_SA5,0
D,DISPATCH,UNIT_SCADA,1,"2019/08/20 20:45:00",RT_SA6,0
D,DISPATCH,UNIT_SCADA,1,"2019/08/20 20:45:00",RT_TAS1,0
D,DISPATCH,UNIT_SCADA,1,"2019/08/20 20:45:00",RT_VIC1,0
D,DISPATCH,UNIT_SCADA,1,"2019/08/20 20:45:00",RT_VIC10,0
D,DISPATCH,UNIT_SCADA,1,"2019/08/20 20:45:00",RT_VIC11,0
D,DISPATCH,UNIT_SCADA,1,"2019/08/20 20:45:00",RT_VIC12,0
D,DISPATCH,UNIT_SCADA,1,"2019/08/20 20:45:00",RT_VIC2,0
D,DISPATCH,UNIT_SCADA,1,"2019/08/20 20:45:00",RT_VIC3,0
D,DISPATCH,UNIT_SCADA,1,"2019/08/20 20:45:00",RT_VIC4,0
D,DISPATCH,UNIT_SCADA,1,"2019/08/20 20:45:00",RT_VIC5,0
D,DISPATCH,UNIT_SCADA,1,"2019/08/20 20:45:00",RT_VIC6,0
D,DISPATCH,UNIT_SCADA,1,"2019/08/20 20:45:00",RT_VIC7,0
D,DISPATCH,UNIT_SCADA,1,"2019/08/20 20:45:00",RT_VIC8,0
D,DISPATCH,UNIT_SCADA,1,"2019/08/20 20:45:00",RT_VIC9,0
D,DISPATCH,UNIT_SCADA,1,"2019/08/20 20:45:00",RUGBYR1,0
D,DISPATCH,UNIT_SCADA,1,"2019/08/20 20:45:00",SALTCRK1,49.31
D,DISPATCH,UNIT_SCADA,1,"2019/08/20 20:45:00",SAPHWF1,147
D,DISPATCH,UNIT_SCADA,1,"2019/08/20 20:45:00",SHGEN,0
D,DISPATCH,UNIT_SCADA,1,"2019/08/20 20:45:00",SHPUMP,0
D,DISPATCH,UNIT_SCADA,1,"2019/08/20 20:45:00",SITHE01,0.005650
D,DISPATCH,UNIT_SCADA,1,"2019/08/20 20:45:00",SMCSF1,0
D,DISPATCH,UNIT_SCADA,1,"2019/08/20 20:45:00",SNOWNTH1,104.50
D,DISPATCH,UNIT_SCADA,1,"2019/08/20 20:45:00",SNOWSTH1,112.20
D,DISPATCH,UNIT_SCADA,1,"2019/08/20 20:45:00",SNOWTWN1,86.548420
D,DISPATCH,UNIT_SCADA,1,"2019/08/20 20:45:00",SNOWYP,0
D,DISPATCH,UNIT_SCADA,1,"2019/08/20 20:45:00",SNUG1,0.019440
D,DISPATCH,UNIT_SCADA,1,"2019/08/20 20:45:00",SRSF1,0.07
D,DISPATCH,UNIT_SCADA,1,"2019/08/20 20:45:00",STAN-1,0
D,DISPATCH,UNIT_SCADA,1,"2019/08/20 20:45:00",STAN-2,364.4357
D,DISPATCH,UNIT_SCADA,1,"2019/08/20 20:45:00",STAN-3,359.206020
D,DISPATCH,UNIT_SCADA,1,"2019/08/20 20:45:00",STAN-4,366.358370
D,DISPATCH,UNIT_SCADA,1,"2019/08/20 20:45:00",STWF1,91.068760
D,DISPATCH,UNIT_SCADA,1,"2019/08/20 20:45:00",SWAN_E,0
D,DISPATCH,UNIT_SCADA,1,"2019/08/20 20:45:00",TALWA1,422
D,DISPATCH,UNIT_SCADA,1,"2019/08/20 20:45:00",TARALGA1,86.441250
D,DISPATCH,UNIT_SCADA,1,"2019/08/20 20:45:00",TARONG#1,345.300020
D,DISPATCH,UNIT_SCADA,1,"2019/08/20 20:45:00",TARONG#2,346.300020
D,DISPATCH,UNIT_SCADA,1,"2019/08/20 20:45:00",TARONG#3,260.800020
D,DISPATCH,UNIT_SCADA,1,"2019/08/20 20:45:00",TARONG#4,349.200010
D,DISPATCH,UNIT_SCADA,1,"2019/08/20 20:45:00",TARRALEA,85
D,DISPATCH,UNIT_SCADA,1,"2019/08/20 20:45:00",TBSF1,-0.20
D,DISPATCH,UNIT_SCADA,1,"2019/08/20 20:45:00",TNPS1,441.700010
D,DISPATCH,UNIT_SCADA,1,"2019/08/20 20:45:00",TORRA1,57.202560
D,DISPATCH,UNIT_SCADA,1,"2019/08/20 20:45:00",TORRA2,0
D,DISPATCH,UNIT_SCADA,1,"2019/08/20 20:45:00",TORRA3,0
D,DISPATCH,UNIT_SCADA,1,"2019/08/20 20:45:00",TORRA4,0
D,DISPATCH,UNIT_SCADA,1,"2019/08/20 20:45:00",TORRB1,68.52
D,DISPATCH,UNIT_SCADA,1,"2019/08/20 20:45:00",TORRB2,68.97
D,DISPATCH,UNIT_SCADA,1,"2019/08/20 20:45:00",TORRB3,0
D,DISPATCH,UNIT_SCADA,1,"2019/08/20 20:45:00",TORRB4,0
D,DISPATCH,UNIT_SCADA,1,"2019/08/20 20:45:00",TREVALLN,69.630010
D,DISPATCH,UNIT_SCADA,1,"2019/08/20 20:45:00",TRIBUTE,70.82
D,DISPATCH,UNIT_SCADA,1,"2019/08/20 20:45:00",TUMUT3,504.700010
D,DISPATCH,UNIT_SCADA,1,"2019/08/20 20:45:00",TUNGATIN,124.430020
D,DISPATCH,UNIT_SCADA,1,"2019/08/20 20:45:00",TVCC201,0
D,DISPATCH,UNIT_SCADA,1,"2019/08/20 20:45:00",TVPP104,0
D,DISPATCH,UNIT_SCADA,1,"2019/08/20 20:45:00",UPPTUMUT,0
D,DISPATCH,UNIT_SCADA,1,"2019/08/20 20:45:00",URANQ11,0
D,DISPATCH,UNIT_SCADA,1,"2019/08/20 20:45:00",URANQ12,0
D,DISPATCH,UNIT_SCADA,1,"2019/08/20 20:45:00",URANQ13,0
D,DISPATCH,UNIT_SCADA,1,"2019/08/20 20:45:00",URANQ14,0
D,DISPATCH,UNIT_SCADA,1,"2019/08/20 20:45:00",VP5,602.050050
D,DISPATCH,UNIT_SCADA,1,"2019/08/20 20:45:00",VP6,520.325010
D,DISPATCH,UNIT_SCADA,1,"2019/08/20 20:45:00",VPGS1,0
D,DISPATCH,UNIT_SCADA,1,"2019/08/20 20:45:00",VPGS2,0
D,DISPATCH,UNIT_SCADA,1,"2019/08/20 20:45:00",VPGS3,0
D,DISPATCH,UNIT_SCADA,1,"2019/08/20 20:45:00",VPGS4,0
D,DISPATCH,UNIT_SCADA,1,"2019/08/20 20:45:00",VPGS5,0
D,DISPATCH,UNIT_SCADA,1,"2019/08/20 20:45:00",VPGS6,0
D,DISPATCH,UNIT_SCADA,1,"2019/08/20 20:45:00",W/HOE#1,201.36
D,DISPATCH,UNIT_SCADA,1,"2019/08/20 20:45:00",W/HOE#2,0
D,DISPATCH,UNIT_SCADA,1,"2019/08/20 20:45:00",WATERLWF,124.80
D,DISPATCH,UNIT_SCADA,1,"2019/08/20 20:45:00",WEMENSF1,0
D,DISPATCH,UNIT_SCADA,1,"2019/08/20 20:45:00",WGWF1,86.20
D,DISPATCH,UNIT_SCADA,1,"2019/08/20 20:45:00",WHITSF1,0
D,DISPATCH,UNIT_SCADA,1,"2019/08/20 20:45:00",WKIEWA1,0
D,DISPATCH,UNIT_SCADA,1,"2019/08/20 20:45:00",WKIEWA2,17.10
D,DISPATCH,UNIT_SCADA,1,"2019/08/20 20:45:00",WOODLWN1,44.775010
D,DISPATCH,UNIT_SCADA,1,"2019/08/20 20:45:00",WRSF1,0
D,DISPATCH,UNIT_SCADA,1,"2019/08/20 20:45:00",WRWF1,138.4325
D,DISPATCH,UNIT_SCADA,1,"2019/08/20 20:45:00",YABULU,0
D,DISPATCH,UNIT_SCADA,1,"2019/08/20 20:45:00",YABULU2,0
D,DISPATCH,UNIT_SCADA,1,"2019/08/20 20:45:00",YARWUN_1,0
D,DISPATCH,UNIT_SCADA,1,"2019/08/20 20:45:00",YENDWF1,41.90
D,DISPATCH,UNIT_SCADA,1,"2019/08/20 20:45:00",YWPS1,379.197480
D,DISPATCH,UNIT_SCADA,1,"2019/08/20 20:45:00",YWPS2,279.6962
D,DISPATCH,UNIT_SCADA,1,"2019/08/20 20:45:00",YWPS3,0
D,DISPATCH,UNIT_SCADA,1,"2019/08/20 20:45:00",YWPS4,396.084810
C,"END OF REPORT",334
