C,NEMP.WORLD,DISPATCHSCADA,AEMO,PUBLIC,2019/09/05,11:40:08,0000000312420519,DISPATCHSCADA,0000000312420513
I,DISPATCH,UNIT_SCADA,1,SETTLEMENTDATE,DUID,SCADAVALUE
D,DISPATCH,UNIT_SCADA,1,"2019/09/05 11:45:00",BARCSF1,0.30
D,DISPATCH,UNIT_SCADA,1,"2019/09/05 11:45:00",BUTLERSG,10.199999
D,DISPATCH,UNIT_SCADA,1,"2019/09/05 11:45:00",CALL_A_4,0
D,DISPATCH,UNIT_SCADA,1,"2019/09/05 11:45:00",CAPTL_WF,0
D,DISPATCH,UNIT_SCADA,1,"2019/09/05 11:45:00",CATHROCK,32.899998
D,DISPATCH,UNIT_SCADA,1,"2019/09/05 11:45:00",CHALLHWF,1
D,DISPATCH,UNIT_SCADA,1,"2019/09/05 11:45:00",CLOVER,-0.01
D,DISPATCH,UNIT_SCADA,1,"2019/09/05 11:45:00",CLUNY,14.082398
D,DISPATCH,UNIT_SCADA,1,"2019/09/05 11:45:00",CNUNDAWF,20.023357
D,DISPATCH,UNIT_SCADA,1,"2019/09/05 11:45:00",CULLRGWF,0.29
D,DISPATCH,UNIT_SCADA,1,"2019/09/05 11:45:00",ERGT01,0
D,DISPATCH,UNIT_SCADA,1,"2019/09/05 11:45:00",GB01,0.009964
D,DISPATCH,UNIT_SCADA,1,"2019/09/05 11:45:00",GERMCRK,33.599998
D,DISPATCH,UNIT_SCADA,1,"2019/09/05 11:45:00",GRIFSF1,24
D,DISPATCH,UNIT_SCADA,1,"2019/09/05 11:45:00",HUGSF1,8.9410
D,DISPATCH,UNIT_SCADA,1,"2019/09/05 11:45:00",LKBONNY1,29.114853
D,DISPATCH,UNIT_SCADA,1,"2019/09/05 11:45:00",LRSF1,13.136001
D,DISPATCH,UNIT_SCADA,1,"2019/09/05 11:45:00",MBAHNTH,41.568756
D,DISPATCH,UNIT_SCADA,1,"2019/09/05 11:45:00",MLSP1,5.645001
D,DISPATCH,UNIT_SCADA,1,"2019/09/05 11:45:00",MLWF1,3.33
D,DISPATCH,UNIT_SCADA,1,"2019/09/05 11:45:00",MTMILLAR,29.088087
D,DISPATCH,UNIT_SCADA,1,"2019/09/05 11:45:00",PALOONA,25.719999
D,DISPATCH,UNIT_SCADA,1,"2019/09/05 11:45:00",PIONEER,13.80
D,DISPATCH,UNIT_SCADA,1,"2019/09/05 11:45:00",PORTWF,35.700001
D,DISPATCH,UNIT_SCADA,1,"2019/09/05 11:45:00",REPULSE,23.094225
D,DISPATCH,UNIT_SCADA,1,"2019/09/05 11:45:00",ROWALLAN,10.1601
D,DISPATCH,UNIT_SCADA,1,"2019/09/05 11:45:00",ROYALLA1,16.127001
D,DISPATCH,UNIT_SCADA,1,"2019/09/05 11:45:00",RPCG,11
D,DISPATCH,UNIT_SCADA,1,"2019/09/05 11:45:00",RUBICON,0
D,DISPATCH,UNIT_SCADA,1,"2019/09/05 11:45:00",SATGN1,0
D,DISPATCH,UNIT_SCADA,1,"2019/09/05 11:45:00",SATGS1,0
D,DISPATCH,UNIT_SCADA,1,"2019/09/05 11:45:00",STARHLWF,10.496939
D,DISPATCH,UNIT_SCADA,1,"2019/09/05 11:45:00",WAUBRAWF,32.346001
D,DISPATCH,UNIT_SCADA,1,"2019/09/05 11:45:00",WOOLNTH1,1.200015
D,DISPATCH,UNIT_SCADA,1,"2019/09/05 11:45:00",WPWF,67
D,DISPATCH,UNIT_SCADA,1,"2019/09/05 11:45:00",YAMBUKWF,1.70
D,DISPATCH,UNIT_SCADA,1,"2019/09/05 11:45:00",YSWF1,0
D,DISPATCH,UNIT_SCADA,1,"2019/09/05 11:45:00",AGLHAL,0
D,DISPATCH,UNIT_SCADA,1,"2019/09/05 11:45:00",AGLSOM,0
D,DISPATCH,UNIT_SCADA,1,"2019/09/05 11:45:00",ANGAST1,0
D,DISPATCH,UNIT_SCADA,1,"2019/09/05 11:45:00",ARWF1,13.90
D,DISPATCH,UNIT_SCADA,1,"2019/09/05 11:45:00",BALBG1,5.87
D,DISPATCH,UNIT_SCADA,1,"2019/09/05 11:45:00",BALBL1,0
D,DISPATCH,UNIT_SCADA,1,"2019/09/05 11:45:00",BALDHWF1,4.4450
D,DISPATCH,UNIT_SCADA,1,"2019/09/05 11:45:00",BANN1,59.98
D,DISPATCH,UNIT_SCADA,1,"2019/09/05 11:45:00",BARCALDN,0
D,DISPATCH,UNIT_SCADA,1,"2019/09/05 11:45:00",BARRON-1,0
D,DISPATCH,UNIT_SCADA,1,"2019/09/05 11:45:00",BARRON-2,0
D,DISPATCH,UNIT_SCADA,1,"2019/09/05 11:45:00",BASTYAN,79.51
D,DISPATCH,UNIT_SCADA,1,"2019/09/05 11:45:00",BBTHREE1,0
D,DISPATCH,UNIT_SCADA,1,"2019/09/05 11:45:00",BBTHREE2,0
D,DISPATCH,UNIT_SCADA,1,"2019/09/05 11:45:00",BBTHREE3,0
D,DISPATCH,UNIT_SCADA,1,"2019/09/05 11:45:00",BDL01,-0.06
D,DISPATCH,UNIT_SCADA,1,"2019/09/05 11:45:00",BDL02,0
D,DISPATCH,UNIT_SCADA,1,"2019/09/05 11:45:00",BERYLSF1,67.990490
D,DISPATCH,UNIT_SCADA,1,"2019/09/05 11:45:00",BLOWERNG,10.90
D,DISPATCH,UNIT_SCADA,1,"2019/09/05 11:45:00",BLUFF1,18.70
D,DISPATCH,UNIT_SCADA,1,"2019/09/05 11:45:00",BNGSF1,106.0020
D,DISPATCH,UNIT_SCADA,1,"2019/09/05 11:45:00",BNGSF2,20.02
D,DISPATCH,UNIT_SCADA,1,"2019/09/05 11:45:00",BOCORWF1,8.32
D,DISPATCH,UNIT_SCADA,1,"2019/09/05 11:45:00",BODWF1,0.184330
D,DISPATCH,UNIT_SCADA,1,"2019/09/05 11:45:00",BRAEMAR1,0
D,DISPATCH,UNIT_SCADA,1,"2019/09/05 11:45:00",BRAEMAR2,0
D,DISPATCH,UNIT_SCADA,1,"2019/09/05 11:45:00",BRAEMAR3,0
D,DISPATCH,UNIT_SCADA,1,"2019/09/05 11:45:00",BRAEMAR5,0
D,DISPATCH,UNIT_SCADA,1,"2019/09/05 11:45:00",BRAEMAR6,0
D,DISPATCH,UNIT_SCADA,1,"2019/09/05 11:45:00",BRAEMAR7,0
D,DISPATCH,UNIT_SCADA,1,"2019/09/05 11:45:00",BROKENH1,52.938960
D,DISPATCH,UNIT_SCADA,1,"2019/09/05 11:45:00",BW01,557.900020
D,DISPATCH,UNIT_SCADA,1,"2019/09/05 11:45:00",BW02,622.525020
D,DISPATCH,UNIT_SCADA,1,"2019/09/05 11:45:00",BW03,616.3999
D,DISPATCH,UNIT_SCADA,1,"2019/09/05 11:45:00",BW04,0
D,DISPATCH,UNIT_SCADA,1,"2019/09/05 11:45:00",CALL_B_1,300.899990
D,DISPATCH,UNIT_SCADA,1,"2019/09/05 11:45:00",CALL_B_2,220.900010
D,DISPATCH,UNIT_SCADA,1,"2019/09/05 11:45:00",CETHANA,77.527630
D,DISPATCH,UNIT_SCADA,1,"2019/09/05 11:45:00",CG1,0
D,DISPATCH,UNIT_SCADA,1,"2019/09/05 11:45:00",CG2,0
D,DISPATCH,UNIT_SCADA,1,"2019/09/05 11:45:00",CG3,0
D,DISPATCH,UNIT_SCADA,1,"2019/09/05 11:45:00",CG4,0
D,DISPATCH,UNIT_SCADA,1,"2019/09/05 11:45:00",CHILDSF1,52.26
D,DISPATCH,UNIT_SCADA,1,"2019/09/05 11:45:00",CLARESF1,2.0313
D,DISPATCH,UNIT_SCADA,1,"2019/09/05 11:45:00",CLEMGPWF,28.165690
D,DISPATCH,UNIT_SCADA,1,"2019/09/05 11:45:00",CLERMSF1,0.30
D,DISPATCH,UNIT_SCADA,1,"2019/09/05 11:45:00",COLEASF1,54.30
D,DISPATCH,UNIT_SCADA,1,"2019/09/05 11:45:00",COOPGWF1,0.9337
D,DISPATCH,UNIT_SCADA,1,"2019/09/05 11:45:00",CPP_3,272.25
D,DISPATCH,UNIT_SCADA,1,"2019/09/05 11:45:00",CPP_4,180.1250
D,DISPATCH,UNIT_SCADA,1,"2019/09/05 11:45:00",CPSA,77.024380
D,DISPATCH,UNIT_SCADA,1,"2019/09/05 11:45:00",CROOKWF2,12.493750
D,DISPATCH,UNIT_SCADA,1,"2019/09/05 11:45:00",CROWLWF1,1.678460
D,DISPATCH,UNIT_SCADA,1,"2019/09/05 11:45:00",CSPVPS1,0.5590
D,DISPATCH,UNIT_SCADA,1,"2019/09/05 11:45:00",DALNTH01,0
D,DISPATCH,UNIT_SCADA,1,"2019/09/05 11:45:00",DALNTHL1,0.050350
D,DISPATCH,UNIT_SCADA,1,"2019/09/05 11:45:00",DARTM1,0
D,DISPATCH,UNIT_SCADA,1,"2019/09/05 11:45:00",DAYDSF1,0
D,DISPATCH,UNIT_SCADA,1,"2019/09/05 11:45:00",DDPS1,0
D,DISPATCH,UNIT_SCADA,1,"2019/09/05 11:45:00",DDSF1,0
D,DISPATCH,UNIT_SCADA,1,"2019/09/05 11:45:00",DEVILS_G,55.1677
D,DISPATCH,UNIT_SCADA,1,"2019/09/05 11:45:00",DG_NSW1,0
D,DISPATCH,UNIT_SCADA,1,"2019/09/05 11:45:00",DG_QLD1,0
D,DISPATCH,UNIT_SCADA,1,"2019/09/05 11:45:00",DG_SA1,0
D,DISPATCH,UNIT_SCADA,1,"2019/09/05 11:45:00",DG_TAS1,0
D,DISPATCH,UNIT_SCADA,1,"2019/09/05 11:45:00",DG_VIC1,0
D,DISPATCH,UNIT_SCADA,1,"2019/09/05 11:45:00",DRYCGT1,0
D,DISPATCH,UNIT_SCADA,1,"2019/09/05 11:45:00",DRYCGT2,0
D,DISPATCH,UNIT_SCADA,1,"2019/09/05 11:45:00",DRYCGT3,0
D,DISPATCH,UNIT_SCADA,1,"2019/09/05 11:45:00",EILDON1,0
D,DISPATCH,UNIT_SCADA,1,"2019/09/05 11:45:00",EILDON2,0
D,DISPATCH,UNIT_SCADA,1,"2019/09/05 11:45:00",EMERASF1,0.12
D,DISPATCH,UNIT_SCADA,1,"2019/09/05 11:45:00",ER01,562.6001
D,DISPATCH,UNIT_SCADA,1,"2019/09/05 11:45:00",ER02,352.824950
D,DISPATCH,UNIT_SCADA,1,"2019/09/05 11:45:00",ER03,0
D,DISPATCH,UNIT_SCADA,1,"2019/09/05 11:45:00",ER04,666.525020
D,DISPATCH,UNIT_SCADA,1,"2019/09/05 11:45:00",FINLYSF1,12.431240
D,DISPATCH,UNIT_SCADA,1,"2019/09/05 11:45:00",FISHER,45.48
D,DISPATCH,UNIT_SCADA,1,"2019/09/05 11:45:00",GANNBG1,0
D,DISPATCH,UNIT_SCADA,1,"2019/09/05 11:45:00",GANNBL1,11.354390
D,DISPATCH,UNIT_SCADA,1,"2019/09/05 11:45:00",GANNSF1,30
D,DISPATCH,UNIT_SCADA,1,"2019/09/05 11:45:00",GORDON,17.825920
D,DISPATCH,UNIT_SCADA,1,"2019/09/05 11:45:00",GSTONE1,151.899990
D,DISPATCH,UNIT_SCADA,1,"2019/09/05 11:45:00",GSTONE2,150.149990
D,DISPATCH,UNIT_SCADA,1,"2019/09/05 11:45:00",GSTONE3,0
D,DISPATCH,UNIT_SCADA,1,"2019/09/05 11:45:00",GSTONE4,153.1250
D,DISPATCH,UNIT_SCADA,1,"2019/09/05 11:45:00",GSTONE5,152.25
D,DISPATCH,UNIT_SCADA,1,"2019/09/05 11:45:00",GSTONE6,152.25
D,DISPATCH,UNIT_SCADA,1,"2019/09/05 11:45:00",GULLRSF1,9.912020
D,DISPATCH,UNIT_SCADA,1,"2019/09/05 11:45:00",GULLRWF1,15.257140
D,DISPATCH,UNIT_SCADA,1,"2019/09/05 11:45:00",GUNNING1,2.760810
D,DISPATCH,UNIT_SCADA,1,"2019/09/05 11:45:00",GUTHEGA,0
D,DISPATCH,UNIT_SCADA,1,"2019/09/05 11:45:00",HALLWF1,50.64
D,DISPATCH,UNIT_SCADA,1,"2019/09/05 11:45:00",HALLWF2,30.76
D,DISPATCH,UNIT_SCADA,1,"2019/09/05 11:45:00",HAMISF1,0
D,DISPATCH,UNIT_SCADA,1,"2019/09/05 11:45:00",HAUGHT11,97.062910
D,DISPATCH,UNIT_SCADA,1,"2019/09/05 11:45:00",HAYMSF1,0
D,DISPATCH,UNIT_SCADA,1,"2019/09/05 11:45:00",HDWF1,46.70
D,DISPATCH,UNIT_SCADA,1,"2019/09/05 11:45:00",HDWF2,33.80
D,DISPATCH,UNIT_SCADA,1,"2019/09/05 11:45:00",HDWF3,49.70
D,DISPATCH,UNIT_SCADA,1,"2019/09/05 11:45:00",HPRG1,0
D,DISPATCH,UNIT_SCADA,1,"2019/09/05 11:45:00",HPRL1,0.20
D,DISPATCH,UNIT_SCADA,1,"2019/09/05 11:45:00",HUMENSW,0
D,DISPATCH,UNIT_SCADA,1,"2019/09/05 11:45:00",HUMEV,25.90
D,DISPATCH,UNIT_SCADA,1,"2019/09/05 11:45:00",HVGTS,0
D,DISPATCH,UNIT_SCADA,1,"2019/09/05 11:45:00",JBUTTERS,109.82
D,DISPATCH,UNIT_SCADA,1,"2019/09/05 11:45:00",JLA01,0.10
D,DISPATCH,UNIT_SCADA,1,"2019/09/05 11:45:00",JLA02,0
D,DISPATCH,UNIT_SCADA,1,"2019/09/05 11:45:00",JLA03,0
D,DISPATCH,UNIT_SCADA,1,"2019/09/05 11:45:00",JLA04,0
D,DISPATCH,UNIT_SCADA,1,"2019/09/05 11:45:00",JLB01,0
D,DISPATCH,UNIT_SCADA,1,"2019/09/05 11:45:00",JLB02,69.60
D,DISPATCH,UNIT_SCADA,1,"2019/09/05 11:45:00",JLB03,0
D,DISPATCH,UNIT_SCADA,1,"2019/09/05 11:45:00",KAREEYA1,21.4775
D,DISPATCH,UNIT_SCADA,1,"2019/09/05 11:45:00",KAREEYA2,21.82
D,DISPATCH,UNIT_SCADA,1,"2019/09/05 11:45:00",KAREEYA3,0
D,DISPATCH,UNIT_SCADA,1,"2019/09/05 11:45:00",KAREEYA4,21.5850
D,DISPATCH,UNIT_SCADA,1,"2019/09/05 11:45:00",KARSF1,76.50
D,DISPATCH,UNIT_SCADA,1,"2019/09/05 11:45:00",KIATAWF1,6.30
D,DISPATCH,UNIT_SCADA,1,"2019/09/05 11:45:00",KPP_1,0
D,DISPATCH,UNIT_SCADA,1,"2019/09/05 11:45:00",KSP1,0
D,DISPATCH,UNIT_SCADA,1,"2019/09/05 11:45:00",LADBROK1,0
D,DISPATCH,UNIT_SCADA,1,"2019/09/05 11:45:00",LADBROK2,0
D,DISPATCH,UNIT_SCADA,1,"2019/09/05 11:45:00",LD01,372.056210
D,DISPATCH,UNIT_SCADA,1,"2019/09/05 11:45:00",LD02,379.2937
D,DISPATCH,UNIT_SCADA,1,"2019/09/05 11:45:00",LD03,375.093720
D,DISPATCH,UNIT_SCADA,1,"2019/09/05 11:45:00",LD04,374.249970
D,DISPATCH,UNIT_SCADA,1,"2019/09/05 11:45:00",LEM_WIL,81.960650
D,DISPATCH,UNIT_SCADA,1,"2019/09/05 11:45:00",LGAPWF1,14.45
D,DISPATCH,UNIT_SCADA,1,"2019/09/05 11:45:00",LILYSF1,87.556090
D,DISPATCH,UNIT_SCADA,1,"2019/09/05 11:45:00",LI_WY_CA,115.3519
D,DISPATCH,UNIT_SCADA,1,"2019/09/05 11:45:00",LKBONNY2,57.040620
D,DISPATCH,UNIT_SCADA,1,"2019/09/05 11:45:00",LKBONNY3,11.276050
D,DISPATCH,UNIT_SCADA,1,"2019/09/05 11:45:00",LK_ECHO,0
D,DISPATCH,UNIT_SCADA,1,"2019/09/05 11:45:00",LNGS1,0
D,DISPATCH,UNIT_SCADA,1,"2019/09/05 11:45:00",LNGS2,0
D,DISPATCH,UNIT_SCADA,1,"2019/09/05 11:45:00",LONSDALE,0
D,DISPATCH,UNIT_SCADA,1,"2019/09/05 11:45:00",LOYYB1,536.840520
D,DISPATCH,UNIT_SCADA,1,"2019/09/05 11:45:00",LOYYB2,583.082280
D,DISPATCH,UNIT_SCADA,1,"2019/09/05 11:45:00",LYA1,0
D,DISPATCH,UNIT_SCADA,1,"2019/09/05 11:45:00",LYA2,0
D,DISPATCH,UNIT_SCADA,1,"2019/09/05 11:45:00",LYA3,559
D,DISPATCH,UNIT_SCADA,1,"2019/09/05 11:45:00",LYA4,541
D,DISPATCH,UNIT_SCADA,1,"2019/09/05 11:45:00",MACARTH1,64.598510
D,DISPATCH,UNIT_SCADA,1,"2019/09/05 11:45:00",MACKAYGT,0.2240
D,DISPATCH,UNIT_SCADA,1,"2019/09/05 11:45:00",MACKNTSH,84.09
D,DISPATCH,UNIT_SCADA,1,"2019/09/05 11:45:00",MANSLR1,36.7210
D,DISPATCH,UNIT_SCADA,1,"2019/09/05 11:45:00",MCKAY1,0.02
D,DISPATCH,UNIT_SCADA,1,"2019/09/05 11:45:00",MEADOWBK,11.660640
D,DISPATCH,UNIT_SCADA,1,"2019/09/05 11:45:00",MERCER01,15.2670
D,DISPATCH,UNIT_SCADA,1,"2019/09/05 11:45:00",MEWF1,52.234240
D,DISPATCH,UNIT_SCADA,1,"2019/09/05 11:45:00",MINTARO,0
D,DISPATCH,UNIT_SCADA,1,"2019/09/05 11:45:00",MOREESF1,48.5640
D,DISPATCH,UNIT_SCADA,1,"2019/09/05 11:45:00",MORTLK11,211
D,DISPATCH,UNIT_SCADA,1,"2019/09/05 11:45:00",MORTLK12,0
D,DISPATCH,UNIT_SCADA,1,"2019/09/05 11:45:00",MP1,221.674990
D,DISPATCH,UNIT_SCADA,1,"2019/09/05 11:45:00",MP2,0
D,DISPATCH,UNIT_SCADA,1,"2019/09/05 11:45:00",MPP_1,301.75
D,DISPATCH,UNIT_SCADA,1,"2019/09/05 11:45:00",MPP_2,300.50
D,DISPATCH,UNIT_SCADA,1,"2019/09/05 11:45:00",MSTUART1,0
D,DISPATCH,UNIT_SCADA,1,"2019/09/05 11:45:00",MSTUART2,0
D,DISPATCH,UNIT_SCADA,1,"2019/09/05 11:45:00",MSTUART3,0
D,DISPATCH,UNIT_SCADA,1,"2019/09/05 11:45:00",MTGELWF1,6.123540
D,DISPATCH,UNIT_SCADA,1,"2019/09/05 11:45:00",MURRAY,0
D,DISPATCH,UNIT_SCADA,1,"2019/09/05 11:45:00",MUSSELR1,0.20
D,DISPATCH,UNIT_SCADA,1,"2019/09/05 11:45:00",MUWAWF1,4.31
D,DISPATCH,UNIT_SCADA,1,"2019/09/05 11:45:00",NBHWF1,52
D,DISPATCH,UNIT_SCADA,1,"2019/09/05 11:45:00",NPS,0
D,DISPATCH,UNIT_SCADA,1,"2019/09/05 11:45:00",NUMURSF1,57.33
D,DISPATCH,UNIT_SCADA,1,"2019/09/05 11:45:00",NYNGAN1,101.25
D,DISPATCH,UNIT_SCADA,1,"2019/09/05 11:45:00",OAKEY1,0
D,DISPATCH,UNIT_SCADA,1,"2019/09/05 11:45:00",OAKEY1SF,0.7820
D,DISPATCH,UNIT_SCADA,1,"2019/09/05 11:45:00",OAKEY2,0
D,DISPATCH,UNIT_SCADA,1,"2019/09/05 11:45:00",OAKEY2SF,0
D,DISPATCH,UNIT_SCADA,1,"2019/09/05 11:45:00",OAKLAND1,12.30
D,DISPATCH,UNIT_SCADA,1,"2019/09/05 11:45:00",OSB-AG,139.19
D,DISPATCH,UNIT_SCADA,1,"2019/09/05 11:45:00",PARSF1,43.399990
D,DISPATCH,UNIT_SCADA,1,"2019/09/05 11:45:00",POAT110,0
D,DISPATCH,UNIT_SCADA,1,"2019/09/05 11:45:00",POAT220,17.47
D,DISPATCH,UNIT_SCADA,1,"2019/09/05 11:45:00",POR01,0
D,DISPATCH,UNIT_SCADA,1,"2019/09/05 11:45:00",POR03,0
D,DISPATCH,UNIT_SCADA,1,"2019/09/05 11:45:00",PPCCGT,171.538890
D,DISPATCH,UNIT_SCADA,1,"2019/09/05 11:45:00",PTSTAN1,0
D,DISPATCH,UNIT_SCADA,1,"2019/09/05 11:45:00",PUMP1,0
D,DISPATCH,UNIT_SCADA,1,"2019/09/05 11:45:00",PUMP2,0
D,DISPATCH,UNIT_SCADA,1,"2019/09/05 11:45:00",QPS1,0
D,DISPATCH,UNIT_SCADA,1,"2019/09/05 11:45:00",QPS2,0
D,DISPATCH,UNIT_SCADA,1,"2019/09/05 11:45:00",QPS3,0
D,DISPATCH,UNIT_SCADA,1,"2019/09/05 11:45:00",QPS4,0
D,DISPATCH,UNIT_SCADA,1,"2019/09/05 11:45:00",QPS5,0
D,DISPATCH,UNIT_SCADA,1,"2019/09/05 11:45:00",REECE1,101.670010
D,DISPATCH,UNIT_SCADA,1,"2019/09/05 11:45:00",REECE2,98.73
D,DISPATCH,UNIT_SCADA,1,"2019/09/05 11:45:00",ROMA_7,0
D,DISPATCH,UNIT_SCADA,1,"2019/09/05 11:45:00",ROMA_8,0
D,DISPATCH,UNIT_SCADA,1,"2019/09/05 11:45:00",RRSF1,0
D,DISPATCH,UNIT_SCADA,1,"2019/09/05 11:45:00",RT_NSW1,0
D,DISPATCH,UNIT_SCADA,1,"2019/09/05 11:45:00",RT_NSW2,0
D,DISPATCH,UNIT_SCADA,1,"2019/09/05 11:45:00",RT_NSW3,0
D,DISPATCH,UNIT_SCADA,1,"2019/09/05 11:45:00",RT_NSW4,0
D,DISPATCH,UNIT_SCADA,1,"2019/09/05 11:45:00",RT_NSW5,0
D,DISPATCH,UNIT_SCADA,1,"2019/09/05 11:45:00",RT_NSW6,0
D,DISPATCH,UNIT_SCADA,1,"2019/09/05 11:45:00",RT_QLD1,0
D,DISPATCH,UNIT_SCADA,1,"2019/09/05 11:45:00",RT_SA1,0
D,DISPATCH,UNIT_SCADA,1,"2019/09/05 11:45:00",RT_SA2,0
D,DISPATCH,UNIT_SCADA,1,"2019/09/05 11:45:00",RT_SA3,0
D,DISPATCH,UNIT_SCADA,1,"2019/09/05 11:45:00",RT_SA4,0
D,DISPATCH,UNIT_SCADA,1,"2019/09/05 11:45:00",RT_SA5,0
D,DISPATCH,UNIT_SCADA,1,"2019/09/05 11:45:00",RT_SA6,0
D,DISPATCH,UNIT_SCADA,1,"2019/09/05 11:45:00",RT_TAS1,0
D,DISPATCH,UNIT_SCADA,1,"2019/09/05 11:45:00",RT_VIC1,0
D,DISPATCH,UNIT_SCADA,1,"2019/09/05 11:45:00",RT_VIC10,0
D,DISPATCH,UNIT_SCADA,1,"2019/09/05 11:45:00",RT_VIC11,0
D,DISPATCH,UNIT_SCADA,1,"2019/09/05 11:45:00",RT_VIC12,0
D,DISPATCH,UNIT_SCADA,1,"2019/09/05 11:45:00",RT_VIC2,0
D,DISPATCH,UNIT_SCADA,1,"2019/09/05 11:45:00",RT_VIC3,0
D,DISPATCH,UNIT_SCADA,1,"2019/09/05 11:45:00",RT_VIC4,0
D,DISPATCH,UNIT_SCADA,1,"2019/09/05 11:45:00",RT_VIC5,0
D,DISPATCH,UNIT_SCADA,1,"2019/09/05 11:45:00",RT_VIC6,0
D,DISPATCH,UNIT_SCADA,1,"2019/09/05 11:45:00",RT_VIC7,0
D,DISPATCH,UNIT_SCADA,1,"2019/09/05 11:45:00",RT_VIC8,0
D,DISPATCH,UNIT_SCADA,1,"2019/09/05 11:45:00",RT_VIC9,0
D,DISPATCH,UNIT_SCADA,1,"2019/09/05 11:45:00",RUGBYR1,0
D,DISPATCH,UNIT_SCADA,1,"2019/09/05 11:45:00",SALTCRK1,11.23
D,DISPATCH,UNIT_SCADA,1,"2019/09/05 11:45:00",SAPHWF1,81.9281
D,DISPATCH,UNIT_SCADA,1,"2019/09/05 11:45:00",SHGEN,0
D,DISPATCH,UNIT_SCADA,1,"2019/09/05 11:45:00",SHPUMP,0
D,DISPATCH,UNIT_SCADA,1,"2019/09/05 11:45:00",SITHE01,0.1639
D,DISPATCH,UNIT_SCADA,1,"2019/09/05 11:45:00",SMCSF1,0
D,DISPATCH,UNIT_SCADA,1,"2019/09/05 11:45:00",SNOWNTH1,63.40
D,DISPATCH,UNIT_SCADA,1,"2019/09/05 11:45:00",SNOWSTH1,93.50
D,DISPATCH,UNIT_SCADA,1,"2019/09/05 11:45:00",SNOWTWN1,50.368950
D,DISPATCH,UNIT_SCADA,1,"2019/09/05 11:45:00",SNOWYP,0
D,DISPATCH,UNIT_SCADA,1,"2019/09/05 11:45:00",SNUG1,0.019440
D,DISPATCH,UNIT_SCADA,1,"2019/09/05 11:45:00",SRSF1,34.38
D,DISPATCH,UNIT_SCADA,1,"2019/09/05 11:45:00",STAN-1,364.204960
D,DISPATCH,UNIT_SCADA,1,"2019/09/05 11:45:00",STAN-2,220.645610
D,DISPATCH,UNIT_SCADA,1,"2019/09/05 11:45:00",STAN-3,222.491380
D,DISPATCH,UNIT_SCADA,1,"2019/09/05 11:45:00",STAN-4,222.209380
D,DISPATCH,UNIT_SCADA,1,"2019/09/05 11:45:00",STWF1,0
D,DISPATCH,UNIT_SCADA,1,"2019/09/05 11:45:00",SWAN_E,0
D,DISPATCH,UNIT_SCADA,1,"2019/09/05 11:45:00",TALWA1,300
D,DISPATCH,UNIT_SCADA,1,"2019/09/05 11:45:00",TARALGA1,19.6275
D,DISPATCH,UNIT_SCADA,1,"2019/09/05 11:45:00",TARONG#1,350.200010
D,DISPATCH,UNIT_SCADA,1,"2019/09/05 11:45:00",TARONG#2,0
D,DISPATCH,UNIT_SCADA,1,"2019/09/05 11:45:00",TARONG#3,280.50
D,DISPATCH,UNIT_SCADA,1,"2019/09/05 11:45:00",TARONG#4,348.300020
D,DISPATCH,UNIT_SCADA,1,"2019/09/05 11:45:00",TARRALEA,71
D,DISPATCH,UNIT_SCADA,1,"2019/09/05 11:45:00",TBSF1,57
D,DISPATCH,UNIT_SCADA,1,"2019/09/05 11:45:00",TNPS1,379.300020
D,DISPATCH,UNIT_SCADA,1,"2019/09/05 11:45:00",TORRA1,46.462490
D,DISPATCH,UNIT_SCADA,1,"2019/09/05 11:45:00",TORRA2,0
D,DISPATCH,UNIT_SCADA,1,"2019/09/05 11:45:00",TORRA3,0
D,DISPATCH,UNIT_SCADA,1,"2019/09/05 11:45:00",TORRA4,44.5433
D,DISPATCH,UNIT_SCADA,1,"2019/09/05 11:45:00",TORRB1,39.17
D,DISPATCH,UNIT_SCADA,1,"2019/09/05 11:45:00",TORRB2,40.43
D,DISPATCH,UNIT_SCADA,1,"2019/09/05 11:45:00",TORRB3,39.66
D,DISPATCH,UNIT_SCADA,1,"2019/09/05 11:45:00",TORRB4,0
D,DISPATCH,UNIT_SCADA,1,"2019/09/05 11:45:00",TREVALLN,1.80
D,DISPATCH,UNIT_SCADA,1,"2019/09/05 11:45:00",TRIBUTE,0
D,DISPATCH,UNIT_SCADA,1,"2019/09/05 11:45:00",TUMUT3,0
D,DISPATCH,UNIT_SCADA,1,"2019/09/05 11:45:00",TUNGATIN,119.250030
D,DISPATCH,UNIT_SCADA,1,"2019/09/05 11:45:00",TVCC201,0
D,DISPATCH,UNIT_SCADA,1,"2019/09/05 11:45:00",TVPP104,0
D,DISPATCH,UNIT_SCADA,1,"2019/09/05 11:45:00",UPPTUMUT,202.380750
D,DISPATCH,UNIT_SCADA,1,"2019/09/05 11:45:00",URANQ11,0
D,DISPATCH,UNIT_SCADA,1,"2019/09/05 11:45:00",URANQ12,0
D,DISPATCH,UNIT_SCADA,1,"2019/09/05 11:45:00",URANQ13,0
D,DISPATCH,UNIT_SCADA,1,"2019/09/05 11:45:00",URANQ14,0
D,DISPATCH,UNIT_SCADA,1,"2019/09/05 11:45:00",VP5,503.525020
D,DISPATCH,UNIT_SCADA,1,"2019/09/05 11:45:00",VP6,0
D,DISPATCH,UNIT_SCADA,1,"2019/09/05 11:45:00",VPGS1,0
D,DISPATCH,UNIT_SCADA,1,"2019/09/05 11:45:00",VPGS2,0
D,DISPATCH,UNIT_SCADA,1,"2019/09/05 11:45:00",VPGS3,0
D,DISPATCH,UNIT_SCADA,1,"2019/09/05 11:45:00",VPGS4,0
D,DISPATCH,UNIT_SCADA,1,"2019/09/05 11:45:00",VPGS5,0
D,DISPATCH,UNIT_SCADA,1,"2019/09/05 11:45:00",VPGS6,0
D,DISPATCH,UNIT_SCADA,1,"2019/09/05 11:45:00",W/HOE#1,0
D,DISPATCH,UNIT_SCADA,1,"2019/09/05 11:45:00",W/HOE#2,0
D,DISPATCH,UNIT_SCADA,1,"2019/09/05 11:45:00",WATERLWF,45.70
D,DISPATCH,UNIT_SCADA,1,"2019/09/05 11:45:00",WEMENSF1,76.40
D,DISPATCH,UNIT_SCADA,1,"2019/09/05 11:45:00",WGWF1,37.40
D,DISPATCH,UNIT_SCADA,1,"2019/09/05 11:45:00",WHITSF1,0
D,DISPATCH,UNIT_SCADA,1,"2019/09/05 11:45:00",WKIEWA1,17.20
D,DISPATCH,UNIT_SCADA,1,"2019/09/05 11:45:00",WKIEWA2,0.10
D,DISPATCH,UNIT_SCADA,1,"2019/09/05 11:45:00",WOODLWN1,0
D,DISPATCH,UNIT_SCADA,1,"2019/09/05 11:45:00",WRSF1,19.85
D,DISPATCH,UNIT_SCADA,1,"2019/09/05 11:45:00",WRWF1,101.151250
D,DISPATCH,UNIT_SCADA,1,"2019/09/05 11:45:00",YABULU,0
D,DISPATCH,UNIT_SCADA,1,"2019/09/05 11:45:00",YABULU2,0
D,DISPATCH,UNIT_SCADA,1,"2019/09/05 11:45:00",YARWUN_1,119.45
D,DISPATCH,UNIT_SCADA,1,"2019/09/05 11:45:00",YENDWF1,9.58
D,DISPATCH,UNIT_SCADA,1,"2019/09/05 11:45:00",YWPS1,378.946840
D,DISPATCH,UNIT_SCADA,1,"2019/09/05 11:45:00",YWPS2,275.936710
D,DISPATCH,UNIT_SCADA,1,"2019/09/05 11:45:00",YWPS3,333.418980
D,DISPATCH,UNIT_SCADA,1,"2019/09/05 11:45:00",YWPS4,388.463290
C,"END OF REPORT",335
