C,NEMP.WORLD,DISPATCHSCADA,AEMO,PUBLIC,2019/08/23,08:35:08,0000000311900003,DISPATCHSCADA,0000000311899997
I,DISPATCH,UNIT_SCADA,1,SETTLEMENTDATE,DUID,SCADAVALUE
D,DISPATCH,UNIT_SCADA,1,"2019/08/23 08:40:00",BARCSF1,18.60
D,DISPATCH,UNIT_SCADA,1,"2019/08/23 08:40:00",BUTLERSG,9.799998
D,DISPATCH,UNIT_SCADA,1,"2019/08/23 08:40:00",CALL_A_4,0
D,DISPATCH,UNIT_SCADA,1,"2019/08/23 08:40:00",CAPTL_WF,0
D,DISPATCH,UNIT_SCADA,1,"2019/08/23 08:40:00",CATHROCK,52.189999
D,DISPATCH,UNIT_SCADA,1,"2019/08/23 08:40:00",CHALLHWF,0
D,DISPATCH,UNIT_SCADA,1,"2019/08/23 08:40:00",CLOVER,-0.01
D,DISPATCH,UNIT_SCADA,1,"2019/08/23 08:40:00",CLUNY,20.311741
D,DISPATCH,UNIT_SCADA,1,"2019/08/23 08:40:00",CNUNDAWF,8.209577
D,DISPATCH,UNIT_SCADA,1,"2019/08/23 08:40:00",CULLRGWF,0.34
D,DISPATCH,UNIT_SCADA,1,"2019/08/23 08:40:00",ERGT01,0
D,DISPATCH,UNIT_SCADA,1,"2019/08/23 08:40:00",GB01,0.056236
D,DISPATCH,UNIT_SCADA,1,"2019/08/23 08:40:00",GERMCRK,35.400002
D,DISPATCH,UNIT_SCADA,1,"2019/08/23 08:40:00",GRIFSF1,24.199997
D,DISPATCH,UNIT_SCADA,1,"2019/08/23 08:40:00",HUGSF1,8.9320
D,DISPATCH,UNIT_SCADA,1,"2019/08/23 08:40:00",LKBONNY1,9.645411
D,DISPATCH,UNIT_SCADA,1,"2019/08/23 08:40:00",LRSF1,-0.0130
D,DISPATCH,UNIT_SCADA,1,"2019/08/23 08:40:00",MBAHNTH,55.724991
D,DISPATCH,UNIT_SCADA,1,"2019/08/23 08:40:00",MLSP1,7.383001
D,DISPATCH,UNIT_SCADA,1,"2019/08/23 08:40:00",MTMILLAR,35.755501
D,DISPATCH,UNIT_SCADA,1,"2019/08/23 08:40:00",PALOONA,30.389999
D,DISPATCH,UNIT_SCADA,1,"2019/08/23 08:40:00",PIONEER,48.50
D,DISPATCH,UNIT_SCADA,1,"2019/08/23 08:40:00",PORTWF,50.50
D,DISPATCH,UNIT_SCADA,1,"2019/08/23 08:40:00",REPULSE,28.974442
D,DISPATCH,UNIT_SCADA,1,"2019/08/23 08:40:00",ROWALLAN,10.4228
D,DISPATCH,UNIT_SCADA,1,"2019/08/23 08:40:00",ROYALLA1,12.521001
D,DISPATCH,UNIT_SCADA,1,"2019/08/23 08:40:00",RPCG,11.10
D,DISPATCH,UNIT_SCADA,1,"2019/08/23 08:40:00",RUBICON,0
D,DISPATCH,UNIT_SCADA,1,"2019/08/23 08:40:00",SATGN1,0
D,DISPATCH,UNIT_SCADA,1,"2019/08/23 08:40:00",SATGS1,0
D,DISPATCH,UNIT_SCADA,1,"2019/08/23 08:40:00",STARHLWF,10.796851
D,DISPATCH,UNIT_SCADA,1,"2019/08/23 08:40:00",WAUBRAWF,0
D,DISPATCH,UNIT_SCADA,1,"2019/08/23 08:40:00",WOOLNTH1,25.980015
D,DISPATCH,UNIT_SCADA,1,"2019/08/23 08:40:00",WPWF,27
D,DISPATCH,UNIT_SCADA,1,"2019/08/23 08:40:00",YSWF1,4
D,DISPATCH,UNIT_SCADA,1,"2019/08/23 08:40:00",AGLHAL,0
D,DISPATCH,UNIT_SCADA,1,"2019/08/23 08:40:00",AGLSOM,0
D,DISPATCH,UNIT_SCADA,1,"2019/08/23 08:40:00",ANGAST1,0
D,DISPATCH,UNIT_SCADA,1,"2019/08/23 08:40:00",ARWF1,-0.30
D,DISPATCH,UNIT_SCADA,1,"2019/08/23 08:40:00",BALBG1,0
D,DISPATCH,UNIT_SCADA,1,"2019/08/23 08:40:00",BALBL1,0
D,DISPATCH,UNIT_SCADA,1,"2019/08/23 08:40:00",BALDHWF1,23.5050
D,DISPATCH,UNIT_SCADA,1,"2019/08/23 08:40:00",BANN1,50.62
D,DISPATCH,UNIT_SCADA,1,"2019/08/23 08:40:00",BARCALDN,0
D,DISPATCH,UNIT_SCADA,1,"2019/08/23 08:40:00",BARRON-1,0
D,DISPATCH,UNIT_SCADA,1,"2019/08/23 08:40:00",BARRON-2,28.04
D,DISPATCH,UNIT_SCADA,1,"2019/08/23 08:40:00",BASTYAN,78.12
D,DISPATCH,UNIT_SCADA,1,"2019/08/23 08:40:00",BBTHREE1,0
D,DISPATCH,UNIT_SCADA,1,"2019/08/23 08:40:00",BBTHREE2,0
D,DISPATCH,UNIT_SCADA,1,"2019/08/23 08:40:00",BBTHREE3,0
D,DISPATCH,UNIT_SCADA,1,"2019/08/23 08:40:00",BDL01,42.66
D,DISPATCH,UNIT_SCADA,1,"2019/08/23 08:40:00",BDL02,44.58
D,DISPATCH,UNIT_SCADA,1,"2019/08/23 08:40:00",BERYLSF1,65.350590
D,DISPATCH,UNIT_SCADA,1,"2019/08/23 08:40:00",BLOWERNG,0
D,DISPATCH,UNIT_SCADA,1,"2019/08/23 08:40:00",BLUFF1,25.80
D,DISPATCH,UNIT_SCADA,1,"2019/08/23 08:40:00",BNGSF1,62.28
D,DISPATCH,UNIT_SCADA,1,"2019/08/23 08:40:00",BNGSF2,20.02
D,DISPATCH,UNIT_SCADA,1,"2019/08/23 08:40:00",BOCORWF1,8.86
D,DISPATCH,UNIT_SCADA,1,"2019/08/23 08:40:00",BODWF1,44.5149
D,DISPATCH,UNIT_SCADA,1,"2019/08/23 08:40:00",BRAEMAR1,0
D,DISPATCH,UNIT_SCADA,1,"2019/08/23 08:40:00",BRAEMAR2,0
D,DISPATCH,UNIT_SCADA,1,"2019/08/23 08:40:00",BRAEMAR3,0
D,DISPATCH,UNIT_SCADA,1,"2019/08/23 08:40:00",BRAEMAR5,0
D,DISPATCH,UNIT_SCADA,1,"2019/08/23 08:40:00",BRAEMAR6,0
D,DISPATCH,UNIT_SCADA,1,"2019/08/23 08:40:00",BRAEMAR7,0
D,DISPATCH,UNIT_SCADA,1,"2019/08/23 08:40:00",BROKENH1,23.755860
D,DISPATCH,UNIT_SCADA,1,"2019/08/23 08:40:00",BW01,651.525020
D,DISPATCH,UNIT_SCADA,1,"2019/08/23 08:40:00",BW02,652.700070
D,DISPATCH,UNIT_SCADA,1,"2019/08/23 08:40:00",BW03,650.8750
D,DISPATCH,UNIT_SCADA,1,"2019/08/23 08:40:00",BW04,0
D,DISPATCH,UNIT_SCADA,1,"2019/08/23 08:40:00",CALL_B_1,343.700010
D,DISPATCH,UNIT_SCADA,1,"2019/08/23 08:40:00",CALL_B_2,348.200010
D,DISPATCH,UNIT_SCADA,1,"2019/08/23 08:40:00",CETHANA,97.7055
D,DISPATCH,UNIT_SCADA,1,"2019/08/23 08:40:00",CG1,0
D,DISPATCH,UNIT_SCADA,1,"2019/08/23 08:40:00",CG2,0
D,DISPATCH,UNIT_SCADA,1,"2019/08/23 08:40:00",CG3,0
D,DISPATCH,UNIT_SCADA,1,"2019/08/23 08:40:00",CG4,0
D,DISPATCH,UNIT_SCADA,1,"2019/08/23 08:40:00",CHILDSF1,39.97
D,DISPATCH,UNIT_SCADA,1,"2019/08/23 08:40:00",CLARESF1,28.0105
D,DISPATCH,UNIT_SCADA,1,"2019/08/23 08:40:00",CLEMGPWF,5.834840
D,DISPATCH,UNIT_SCADA,1,"2019/08/23 08:40:00",CLERMSF1,14.65
D,DISPATCH,UNIT_SCADA,1,"2019/08/23 08:40:00",COLEASF1,106.30
D,DISPATCH,UNIT_SCADA,1,"2019/08/23 08:40:00",COOPGWF1,19.912270
D,DISPATCH,UNIT_SCADA,1,"2019/08/23 08:40:00",CPP_3,404.800020
D,DISPATCH,UNIT_SCADA,1,"2019/08/23 08:40:00",CPP_4,396.825010
D,DISPATCH,UNIT_SCADA,1,"2019/08/23 08:40:00",CPSA,143.87
D,DISPATCH,UNIT_SCADA,1,"2019/08/23 08:40:00",CROOKWF2,0.237490
D,DISPATCH,UNIT_SCADA,1,"2019/08/23 08:40:00",CROWLWF1,1.087230
D,DISPATCH,UNIT_SCADA,1,"2019/08/23 08:40:00",CSPVPS1,22.4810
D,DISPATCH,UNIT_SCADA,1,"2019/08/23 08:40:00",DALNTH01,0
D,DISPATCH,UNIT_SCADA,1,"2019/08/23 08:40:00",DALNTHL1,0.166320
D,DISPATCH,UNIT_SCADA,1,"2019/08/23 08:40:00",DARTM1,134
D,DISPATCH,UNIT_SCADA,1,"2019/08/23 08:40:00",DAYDSF1,111.7710
D,DISPATCH,UNIT_SCADA,1,"2019/08/23 08:40:00",DDPS1,204.553280
D,DISPATCH,UNIT_SCADA,1,"2019/08/23 08:40:00",DDSF1,69.210110
D,DISPATCH,UNIT_SCADA,1,"2019/08/23 08:40:00",DEVILS_G,0
D,DISPATCH,UNIT_SCADA,1,"2019/08/23 08:40:00",DG_NSW1,0
D,DISPATCH,UNIT_SCADA,1,"2019/08/23 08:40:00",DG_QLD1,0
D,DISPATCH,UNIT_SCADA,1,"2019/08/23 08:40:00",DG_SA1,0
D,DISPATCH,UNIT_SCADA,1,"2019/08/23 08:40:00",DG_TAS1,0
D,DISPATCH,UNIT_SCADA,1,"2019/08/23 08:40:00",DG_VIC1,0
D,DISPATCH,UNIT_SCADA,1,"2019/08/23 08:40:00",DRYCGT1,0
D,DISPATCH,UNIT_SCADA,1,"2019/08/23 08:40:00",DRYCGT2,0
D,DISPATCH,UNIT_SCADA,1,"2019/08/23 08:40:00",DRYCGT3,0
D,DISPATCH,UNIT_SCADA,1,"2019/08/23 08:40:00",EILDON1,0
D,DISPATCH,UNIT_SCADA,1,"2019/08/23 08:40:00",EILDON2,0
D,DISPATCH,UNIT_SCADA,1,"2019/08/23 08:40:00",EMERASF1,57.18
D,DISPATCH,UNIT_SCADA,1,"2019/08/23 08:40:00",ER01,587.6001
D,DISPATCH,UNIT_SCADA,1,"2019/08/23 08:40:00",ER02,693.550050
D,DISPATCH,UNIT_SCADA,1,"2019/08/23 08:40:00",ER03,699
D,DISPATCH,UNIT_SCADA,1,"2019/08/23 08:40:00",ER04,613.799930
D,DISPATCH,UNIT_SCADA,1,"2019/08/23 08:40:00",FINLYSF1,3.0915
D,DISPATCH,UNIT_SCADA,1,"2019/08/23 08:40:00",FISHER,46
D,DISPATCH,UNIT_SCADA,1,"2019/08/23 08:40:00",GANNBG1,0.001880
D,DISPATCH,UNIT_SCADA,1,"2019/08/23 08:40:00",GANNBL1,0
D,DISPATCH,UNIT_SCADA,1,"2019/08/23 08:40:00",GANNSF1,39.50
D,DISPATCH,UNIT_SCADA,1,"2019/08/23 08:40:00",GORDON,123.231350
D,DISPATCH,UNIT_SCADA,1,"2019/08/23 08:40:00",GSTONE1,197.5750
D,DISPATCH,UNIT_SCADA,1,"2019/08/23 08:40:00",GSTONE2,188.1250
D,DISPATCH,UNIT_SCADA,1,"2019/08/23 08:40:00",GSTONE3,196.70
D,DISPATCH,UNIT_SCADA,1,"2019/08/23 08:40:00",GSTONE4,197.399990
D,DISPATCH,UNIT_SCADA,1,"2019/08/23 08:40:00",GSTONE5,196.70
D,DISPATCH,UNIT_SCADA,1,"2019/08/23 08:40:00",GSTONE6,0
D,DISPATCH,UNIT_SCADA,1,"2019/08/23 08:40:00",GULLRSF1,7.577390
D,DISPATCH,UNIT_SCADA,1,"2019/08/23 08:40:00",GULLRWF1,16.322050
D,DISPATCH,UNIT_SCADA,1,"2019/08/23 08:40:00",GUNNING1,2.424380
D,DISPATCH,UNIT_SCADA,1,"2019/08/23 08:40:00",GUTHEGA,0
D,DISPATCH,UNIT_SCADA,1,"2019/08/23 08:40:00",HALLWF1,32.22
D,DISPATCH,UNIT_SCADA,1,"2019/08/23 08:40:00",HALLWF2,42.96
D,DISPATCH,UNIT_SCADA,1,"2019/08/23 08:40:00",HAMISF1,45.20
D,DISPATCH,UNIT_SCADA,1,"2019/08/23 08:40:00",HAUGHT11,49.983490
D,DISPATCH,UNIT_SCADA,1,"2019/08/23 08:40:00",HAYMSF1,38.3930
D,DISPATCH,UNIT_SCADA,1,"2019/08/23 08:40:00",HDWF1,68.80
D,DISPATCH,UNIT_SCADA,1,"2019/08/23 08:40:00",HDWF2,71.80
D,DISPATCH,UNIT_SCADA,1,"2019/08/23 08:40:00",HDWF3,63
D,DISPATCH,UNIT_SCADA,1,"2019/08/23 08:40:00",HPRG1,1.50
D,DISPATCH,UNIT_SCADA,1,"2019/08/23 08:40:00",HPRL1,0
D,DISPATCH,UNIT_SCADA,1,"2019/08/23 08:40:00",HUMENSW,0
D,DISPATCH,UNIT_SCADA,1,"2019/08/23 08:40:00",HUMEV,8.50
D,DISPATCH,UNIT_SCADA,1,"2019/08/23 08:40:00",HVGTS,0
D,DISPATCH,UNIT_SCADA,1,"2019/08/23 08:40:00",JBUTTERS,141.569990
D,DISPATCH,UNIT_SCADA,1,"2019/08/23 08:40:00",JLA01,40
D,DISPATCH,UNIT_SCADA,1,"2019/08/23 08:40:00",JLA02,39.80
D,DISPATCH,UNIT_SCADA,1,"2019/08/23 08:40:00",JLA03,0.10
D,DISPATCH,UNIT_SCADA,1,"2019/08/23 08:40:00",JLA04,0.10
D,DISPATCH,UNIT_SCADA,1,"2019/08/23 08:40:00",JLB01,0
D,DISPATCH,UNIT_SCADA,1,"2019/08/23 08:40:00",JLB02,49.70
D,DISPATCH,UNIT_SCADA,1,"2019/08/23 08:40:00",JLB03,49.90
D,DISPATCH,UNIT_SCADA,1,"2019/08/23 08:40:00",KAREEYA1,21.5075
D,DISPATCH,UNIT_SCADA,1,"2019/08/23 08:40:00",KAREEYA2,21.6850
D,DISPATCH,UNIT_SCADA,1,"2019/08/23 08:40:00",KAREEYA3,0
D,DISPATCH,UNIT_SCADA,1,"2019/08/23 08:40:00",KAREEYA4,21.6725
D,DISPATCH,UNIT_SCADA,1,"2019/08/23 08:40:00",KARSF1,65
D,DISPATCH,UNIT_SCADA,1,"2019/08/23 08:40:00",KIATAWF1,11.90
D,DISPATCH,UNIT_SCADA,1,"2019/08/23 08:40:00",KPP_1,0
D,DISPATCH,UNIT_SCADA,1,"2019/08/23 08:40:00",KSP1,46.20
D,DISPATCH,UNIT_SCADA,1,"2019/08/23 08:40:00",LADBROK1,43.41
D,DISPATCH,UNIT_SCADA,1,"2019/08/23 08:40:00",LADBROK2,42.50
D,DISPATCH,UNIT_SCADA,1,"2019/08/23 08:40:00",LD01,412.3125
D,DISPATCH,UNIT_SCADA,1,"2019/08/23 08:40:00",LD02,297.1875
D,DISPATCH,UNIT_SCADA,1,"2019/08/23 08:40:00",LD03,414.600040
D,DISPATCH,UNIT_SCADA,1,"2019/08/23 08:40:00",LD04,375.899960
D,DISPATCH,UNIT_SCADA,1,"2019/08/23 08:40:00",LEM_WIL,85.475450
D,DISPATCH,UNIT_SCADA,1,"2019/08/23 08:40:00",LGAPWF1,29.03
D,DISPATCH,UNIT_SCADA,1,"2019/08/23 08:40:00",LILYSF1,91.2261
D,DISPATCH,UNIT_SCADA,1,"2019/08/23 08:40:00",LI_WY_CA,147.463590
D,DISPATCH,UNIT_SCADA,1,"2019/08/23 08:40:00",LKBONNY2,28.768790
D,DISPATCH,UNIT_SCADA,1,"2019/08/23 08:40:00",LKBONNY3,6.754460
D,DISPATCH,UNIT_SCADA,1,"2019/08/23 08:40:00",LK_ECHO,0
D,DISPATCH,UNIT_SCADA,1,"2019/08/23 08:40:00",LNGS1,0
D,DISPATCH,UNIT_SCADA,1,"2019/08/23 08:40:00",LNGS2,0
D,DISPATCH,UNIT_SCADA,1,"2019/08/23 08:40:00",LONSDALE,0
D,DISPATCH,UNIT_SCADA,1,"2019/08/23 08:40:00",LOYYB1,535.336730
D,DISPATCH,UNIT_SCADA,1,"2019/08/23 08:40:00",LOYYB2,582.330380
D,DISPATCH,UNIT_SCADA,1,"2019/08/23 08:40:00",LYA1,561
D,DISPATCH,UNIT_SCADA,1,"2019/08/23 08:40:00",LYA2,0
D,DISPATCH,UNIT_SCADA,1,"2019/08/23 08:40:00",LYA3,561
D,DISPATCH,UNIT_SCADA,1,"2019/08/23 08:40:00",LYA4,541
D,DISPATCH,UNIT_SCADA,1,"2019/08/23 08:40:00",MACARTH1,72.598320
D,DISPATCH,UNIT_SCADA,1,"2019/08/23 08:40:00",MACKAYGT,0
D,DISPATCH,UNIT_SCADA,1,"2019/08/23 08:40:00",MACKNTSH,87.140010
D,DISPATCH,UNIT_SCADA,1,"2019/08/23 08:40:00",MANSLR1,33.9180
D,DISPATCH,UNIT_SCADA,1,"2019/08/23 08:40:00",MCKAY1,0.02
D,DISPATCH,UNIT_SCADA,1,"2019/08/23 08:40:00",MEADOWBK,33.924460
D,DISPATCH,UNIT_SCADA,1,"2019/08/23 08:40:00",MERCER01,8.9430
D,DISPATCH,UNIT_SCADA,1,"2019/08/23 08:40:00",MEWF1,90.996730
D,DISPATCH,UNIT_SCADA,1,"2019/08/23 08:40:00",MINTARO,0
D,DISPATCH,UNIT_SCADA,1,"2019/08/23 08:40:00",MOREESF1,50.7380
D,DISPATCH,UNIT_SCADA,1,"2019/08/23 08:40:00",MORTLK11,260
D,DISPATCH,UNIT_SCADA,1,"2019/08/23 08:40:00",MORTLK12,0
D,DISPATCH,UNIT_SCADA,1,"2019/08/23 08:40:00",MP1,384.224980
D,DISPATCH,UNIT_SCADA,1,"2019/08/23 08:40:00",MP2,0
D,DISPATCH,UNIT_SCADA,1,"2019/08/23 08:40:00",MPP_1,418.25
D,DISPATCH,UNIT_SCADA,1,"2019/08/23 08:40:00",MPP_2,432.50
D,DISPATCH,UNIT_SCADA,1,"2019/08/23 08:40:00",MSTUART1,0
D,DISPATCH,UNIT_SCADA,1,"2019/08/23 08:40:00",MSTUART2,0
D,DISPATCH,UNIT_SCADA,1,"2019/08/23 08:40:00",MSTUART3,0
D,DISPATCH,UNIT_SCADA,1,"2019/08/23 08:40:00",MTGELWF1,20.741910
D,DISPATCH,UNIT_SCADA,1,"2019/08/23 08:40:00",MURRAY,583.835210
D,DISPATCH,UNIT_SCADA,1,"2019/08/23 08:40:00",MUSSELR1,108.399990
D,DISPATCH,UNIT_SCADA,1,"2019/08/23 08:40:00",MUWAWF1,6.69
D,DISPATCH,UNIT_SCADA,1,"2019/08/23 08:40:00",NBHWF1,82.90
D,DISPATCH,UNIT_SCADA,1,"2019/08/23 08:40:00",NPS,467.25
D,DISPATCH,UNIT_SCADA,1,"2019/08/23 08:40:00",NUMURSF1,82.53
D,DISPATCH,UNIT_SCADA,1,"2019/08/23 08:40:00",NYNGAN1,56
D,DISPATCH,UNIT_SCADA,1,"2019/08/23 08:40:00",OAKEY1,0
D,DISPATCH,UNIT_SCADA,1,"2019/08/23 08:40:00",OAKEY1SF,19.8590
D,DISPATCH,UNIT_SCADA,1,"2019/08/23 08:40:00",OAKEY2,0
D,DISPATCH,UNIT_SCADA,1,"2019/08/23 08:40:00",OAKLAND1,3.9540
D,DISPATCH,UNIT_SCADA,1,"2019/08/23 08:40:00",OSB-AG,142.570010
D,DISPATCH,UNIT_SCADA,1,"2019/08/23 08:40:00",PARSF1,43.600010
D,DISPATCH,UNIT_SCADA,1,"2019/08/23 08:40:00",POAT110,9.29
D,DISPATCH,UNIT_SCADA,1,"2019/08/23 08:40:00",POAT220,68.710560
D,DISPATCH,UNIT_SCADA,1,"2019/08/23 08:40:00",POR01,0
D,DISPATCH,UNIT_SCADA,1,"2019/08/23 08:40:00",POR03,0
D,DISPATCH,UNIT_SCADA,1,"2019/08/23 08:40:00",PPCCGT,501.722410
D,DISPATCH,UNIT_SCADA,1,"2019/08/23 08:40:00",PTSTAN1,0
D,DISPATCH,UNIT_SCADA,1,"2019/08/23 08:40:00",PUMP1,0
D,DISPATCH,UNIT_SCADA,1,"2019/08/23 08:40:00",PUMP2,0
D,DISPATCH,UNIT_SCADA,1,"2019/08/23 08:40:00",QPS1,29
D,DISPATCH,UNIT_SCADA,1,"2019/08/23 08:40:00",QPS2,0
D,DISPATCH,UNIT_SCADA,1,"2019/08/23 08:40:00",QPS3,0
D,DISPATCH,UNIT_SCADA,1,"2019/08/23 08:40:00",QPS4,0
D,DISPATCH,UNIT_SCADA,1,"2019/08/23 08:40:00",QPS5,116.92
D,DISPATCH,UNIT_SCADA,1,"2019/08/23 08:40:00",REECE1,119.13
D,DISPATCH,UNIT_SCADA,1,"2019/08/23 08:40:00",REECE2,118.040010
D,DISPATCH,UNIT_SCADA,1,"2019/08/23 08:40:00",ROMA_7,0
D,DISPATCH,UNIT_SCADA,1,"2019/08/23 08:40:00",ROMA_8,0
D,DISPATCH,UNIT_SCADA,1,"2019/08/23 08:40:00",RRSF1,104.402050
D,DISPATCH,UNIT_SCADA,1,"2019/08/23 08:40:00",RT_NSW1,0
D,DISPATCH,UNIT_SCADA,1,"2019/08/23 08:40:00",RT_NSW2,0
D,DISPATCH,UNIT_SCADA,1,"2019/08/23 08:40:00",RT_NSW3,0
D,DISPATCH,UNIT_SCADA,1,"2019/08/23 08:40:00",RT_NSW4,0
D,DISPATCH,UNIT_SCADA,1,"2019/08/23 08:40:00",RT_NSW5,0
D,DISPATCH,UNIT_SCADA,1,"2019/08/23 08:40:00",RT_NSW6,0
D,DISPATCH,UNIT_SCADA,1,"2019/08/23 08:40:00",RT_QLD1,0
D,DISPATCH,UNIT_SCADA,1,"2019/08/23 08:40:00",RT_SA1,0
D,DISPATCH,UNIT_SCADA,1,"2019/08/23 08:40:00",RT_SA2,0
D,DISPATCH,UNIT_SCADA,1,"2019/08/23 08:40:00",RT_SA3,0
D,DISPATCH,UNIT_SCADA,1,"2019/08/23 08:40:00",RT_SA4,0
D,DISPATCH,UNIT_SCADA,1,"2019/08/23 08:40:00",RT_SA5,0
D,DISPATCH,UNIT_SCADA,1,"2019/08/23 08:40:00",RT_SA6,0
D,DISPATCH,UNIT_SCADA,1,"2019/08/23 08:40:00",RT_TAS1,0
D,DISPATCH,UNIT_SCADA,1,"2019/08/23 08:40:00",RT_VIC1,0
D,DISPATCH,UNIT_SCADA,1,"2019/08/23 08:40:00",RT_VIC10,0
D,DISPATCH,UNIT_SCADA,1,"2019/08/23 08:40:00",RT_VIC11,0
D,DISPATCH,UNIT_SCADA,1,"2019/08/23 08:40:00",RT_VIC12,0
D,DISPATCH,UNIT_SCADA,1,"2019/08/23 08:40:00",RT_VIC2,0
D,DISPATCH,UNIT_SCADA,1,"2019/08/23 08:40:00",RT_VIC3,0
D,DISPATCH,UNIT_SCADA,1,"2019/08/23 08:40:00",RT_VIC4,0
D,DISPATCH,UNIT_SCADA,1,"2019/08/23 08:40:00",RT_VIC5,0
D,DISPATCH,UNIT_SCADA,1,"2019/08/23 08:40:00",RT_VIC6,0
D,DISPATCH,UNIT_SCADA,1,"2019/08/23 08:40:00",RT_VIC7,0
D,DISPATCH,UNIT_SCADA,1,"2019/08/23 08:40:00",RT_VIC8,0
D,DISPATCH,UNIT_SCADA,1,"2019/08/23 08:40:00",RT_VIC9,0
D,DISPATCH,UNIT_SCADA,1,"2019/08/23 08:40:00",RUGBYR1,61.093890
D,DISPATCH,UNIT_SCADA,1,"2019/08/23 08:40:00",SALTCRK1,6.79
D,DISPATCH,UNIT_SCADA,1,"2019/08/23 08:40:00",SAPHWF1,4.331270
D,DISPATCH,UNIT_SCADA,1,"2019/08/23 08:40:00",SHGEN,178.200010
D,DISPATCH,UNIT_SCADA,1,"2019/08/23 08:40:00",SHPUMP,0
D,DISPATCH,UNIT_SCADA,1,"2019/08/23 08:40:00",SITHE01,0.194050
D,DISPATCH,UNIT_SCADA,1,"2019/08/23 08:40:00",SMCSF1,51.418870
D,DISPATCH,UNIT_SCADA,1,"2019/08/23 08:40:00",SNOWNTH1,38.70
D,DISPATCH,UNIT_SCADA,1,"2019/08/23 08:40:00",SNOWSTH1,48.30
D,DISPATCH,UNIT_SCADA,1,"2019/08/23 08:40:00",SNOWTWN1,45.376450
D,DISPATCH,UNIT_SCADA,1,"2019/08/23 08:40:00",SNOWYP,0
D,DISPATCH,UNIT_SCADA,1,"2019/08/23 08:40:00",SNUG1,0.019440
D,DISPATCH,UNIT_SCADA,1,"2019/08/23 08:40:00",SRSF1,1.66
D,DISPATCH,UNIT_SCADA,1,"2019/08/23 08:40:00",STAN-1,0
D,DISPATCH,UNIT_SCADA,1,"2019/08/23 08:40:00",STAN-2,299.603270
D,DISPATCH,UNIT_SCADA,1,"2019/08/23 08:40:00",STAN-3,301.474670
D,DISPATCH,UNIT_SCADA,1,"2019/08/23 08:40:00",STAN-4,300.180050
D,DISPATCH,UNIT_SCADA,1,"2019/08/23 08:40:00",STWF1,17.336240
D,DISPATCH,UNIT_SCADA,1,"2019/08/23 08:40:00",SWAN_E,0
D,DISPATCH,UNIT_SCADA,1,"2019/08/23 08:40:00",TALWA1,428
D,DISPATCH,UNIT_SCADA,1,"2019/08/23 08:40:00",TARALGA1,0
D,DISPATCH,UNIT_SCADA,1,"2019/08/23 08:40:00",TARONG#1,312.600010
D,DISPATCH,UNIT_SCADA,1,"2019/08/23 08:40:00",TARONG#2,140.50
D,DISPATCH,UNIT_SCADA,1,"2019/08/23 08:40:00",TARONG#3,260.100010
D,DISPATCH,UNIT_SCADA,1,"2019/08/23 08:40:00",TARONG#4,313.800020
D,DISPATCH,UNIT_SCADA,1,"2019/08/23 08:40:00",TARRALEA,82
D,DISPATCH,UNIT_SCADA,1,"2019/08/23 08:40:00",TBSF1,27.10
D,DISPATCH,UNIT_SCADA,1,"2019/08/23 08:40:00",TNPS1,441.700010
D,DISPATCH,UNIT_SCADA,1,"2019/08/23 08:40:00",TORRA1,90.963750
D,DISPATCH,UNIT_SCADA,1,"2019/08/23 08:40:00",TORRA2,49.217550
D,DISPATCH,UNIT_SCADA,1,"2019/08/23 08:40:00",TORRA3,0
D,DISPATCH,UNIT_SCADA,1,"2019/08/23 08:40:00",TORRA4,0
D,DISPATCH,UNIT_SCADA,1,"2019/08/23 08:40:00",TORRB1,0
D,DISPATCH,UNIT_SCADA,1,"2019/08/23 08:40:00",TORRB2,164.210010
D,DISPATCH,UNIT_SCADA,1,"2019/08/23 08:40:00",TORRB3,0
D,DISPATCH,UNIT_SCADA,1,"2019/08/23 08:40:00",TORRB4,0
D,DISPATCH,UNIT_SCADA,1,"2019/08/23 08:40:00",TREVALLN,88.050030
D,DISPATCH,UNIT_SCADA,1,"2019/08/23 08:40:00",TRIBUTE,84.38
D,DISPATCH,UNIT_SCADA,1,"2019/08/23 08:40:00",TUMUT3,0
D,DISPATCH,UNIT_SCADA,1,"2019/08/23 08:40:00",TUNGATIN,137.230030
D,DISPATCH,UNIT_SCADA,1,"2019/08/23 08:40:00",TVCC201,0
D,DISPATCH,UNIT_SCADA,1,"2019/08/23 08:40:00",TVPP104,58.021920
D,DISPATCH,UNIT_SCADA,1,"2019/08/23 08:40:00",UPPTUMUT,0
D,DISPATCH,UNIT_SCADA,1,"2019/08/23 08:40:00",URANQ11,0
D,DISPATCH,UNIT_SCADA,1,"2019/08/23 08:40:00",URANQ12,0
D,DISPATCH,UNIT_SCADA,1,"2019/08/23 08:40:00",URANQ13,0
D,DISPATCH,UNIT_SCADA,1,"2019/08/23 08:40:00",URANQ14,0
D,DISPATCH,UNIT_SCADA,1,"2019/08/23 08:40:00",VP5,620.575010
D,DISPATCH,UNIT_SCADA,1,"2019/08/23 08:40:00",VP6,490.725010
D,DISPATCH,UNIT_SCADA,1,"2019/08/23 08:40:00",VPGS1,0
D,DISPATCH,UNIT_SCADA,1,"2019/08/23 08:40:00",VPGS2,0
D,DISPATCH,UNIT_SCADA,1,"2019/08/23 08:40:00",VPGS3,0
D,DISPATCH,UNIT_SCADA,1,"2019/08/23 08:40:00",VPGS4,0
D,DISPATCH,UNIT_SCADA,1,"2019/08/23 08:40:00",VPGS5,0
D,DISPATCH,UNIT_SCADA,1,"2019/08/23 08:40:00",VPGS6,0
D,DISPATCH,UNIT_SCADA,1,"2019/08/23 08:40:00",W/HOE#1,0
D,DISPATCH,UNIT_SCADA,1,"2019/08/23 08:40:00",W/HOE#2,0
D,DISPATCH,UNIT_SCADA,1,"2019/08/23 08:40:00",WATERLWF,40.70
D,DISPATCH,UNIT_SCADA,1,"2019/08/23 08:40:00",WEMENSF1,71.80
D,DISPATCH,UNIT_SCADA,1,"2019/08/23 08:40:00",WGWF1,64.80
D,DISPATCH,UNIT_SCADA,1,"2019/08/23 08:40:00",WHITSF1,41.90
D,DISPATCH,UNIT_SCADA,1,"2019/08/23 08:40:00",WKIEWA1,0
D,DISPATCH,UNIT_SCADA,1,"2019/08/23 08:40:00",WKIEWA2,2.80
D,DISPATCH,UNIT_SCADA,1,"2019/08/23 08:40:00",WOODLWN1,0
D,DISPATCH,UNIT_SCADA,1,"2019/08/23 08:40:00",WRSF1,14.32
D,DISPATCH,UNIT_SCADA,1,"2019/08/23 08:40:00",WRWF1,18.217490
D,DISPATCH,UNIT_SCADA,1,"2019/08/23 08:40:00",YABULU,0
D,DISPATCH,UNIT_SCADA,1,"2019/08/23 08:40:00",YABULU2,0
D,DISPATCH,UNIT_SCADA,1,"2019/08/23 08:40:00",YARWUN_1,0
D,DISPATCH,UNIT_SCADA,1,"2019/08/23 08:40:00",YENDWF1,10.60
D,DISPATCH,UNIT_SCADA,1,"2019/08/23 08:40:00",YWPS1,374.936710
D,DISPATCH,UNIT_SCADA,1,"2019/08/23 08:40:00",YWPS2,275.435460
D,DISPATCH,UNIT_SCADA,1,"2019/08/23 08:40:00",YWPS3,0
D,DISPATCH,UNIT_SCADA,1,"2019/08/23 08:40:00",YWPS4,0
C,"END OF REPORT",332
