C,NEMP.WORLD,DISPATCHSCADA,AEMO,PUBLIC,2019/08/21,20:15:08,0000000311839629,DISPATCHSCADA,0000000311839623
I,DISPATCH,UNIT_SCADA,1,SETTLEMENTDATE,DUID,SCADAVALUE
D,DISPATCH,UNIT_SCADA,1,"2019/08/21 20:20:00",BARCSF1,0.70
D,DISPATCH,UNIT_SCADA,1,"2019/08/21 20:20:00",BUTLERSG,9.599998
D,DISPATCH,UNIT_SCADA,1,"2019/08/21 20:20:00",CALL_A_4,0
D,DISPATCH,UNIT_SCADA,1,"2019/08/21 20:20:00",CAPTL_WF,130.420013
D,DISPATCH,UNIT_SCADA,1,"2019/08/21 20:20:00",CATHROCK,29.249998
D,DISPATCH,UNIT_SCADA,1,"2019/08/21 20:20:00",CHALLHWF,40
D,DISPATCH,UNIT_SCADA,1,"2019/08/21 20:20:00",CLOVER,-0.01
D,DISPATCH,UNIT_SCADA,1,"2019/08/21 20:20:00",CLUNY,20.078279
D,DISPATCH,UNIT_SCADA,1,"2019/08/21 20:20:00",CNUNDAWF,40.647415
D,DISPATCH,UNIT_SCADA,1,"2019/08/21 20:20:00",CULLRGWF,30.42
D,DISPATCH,UNIT_SCADA,1,"2019/08/21 20:20:00",ERGT01,0
D,DISPATCH,UNIT_SCADA,1,"2019/08/21 20:20:00",GB01,0.071335
D,DISPATCH,UNIT_SCADA,1,"2019/08/21 20:20:00",GERMCRK,35.799999
D,DISPATCH,UNIT_SCADA,1,"2019/08/21 20:20:00",GRIFSF1,0
D,DISPATCH,UNIT_SCADA,1,"2019/08/21 20:20:00",HUGSF1,-0.2430
D,DISPATCH,UNIT_SCADA,1,"2019/08/21 20:20:00",LKBONNY1,66.714096
D,DISPATCH,UNIT_SCADA,1,"2019/08/21 20:20:00",LRSF1,0.0390
D,DISPATCH,UNIT_SCADA,1,"2019/08/21 20:20:00",MBAHNTH,55.856247
D,DISPATCH,UNIT_SCADA,1,"2019/08/21 20:20:00",MLSP1,0.271001
D,DISPATCH,UNIT_SCADA,1,"2019/08/21 20:20:00",MLWF1,19.095001
D,DISPATCH,UNIT_SCADA,1,"2019/08/21 20:20:00",MTMILLAR,15.120745
D,DISPATCH,UNIT_SCADA,1,"2019/08/21 20:20:00",PALOONA,23.76
D,DISPATCH,UNIT_SCADA,1,"2019/08/21 20:20:00",PIONEER,28.300001
D,DISPATCH,UNIT_SCADA,1,"2019/08/21 20:20:00",PORTWF,140.899994
D,DISPATCH,UNIT_SCADA,1,"2019/08/21 20:20:00",REPULSE,28.853590
D,DISPATCH,UNIT_SCADA,1,"2019/08/21 20:20:00",ROWALLAN,10.3234
D,DISPATCH,UNIT_SCADA,1,"2019/08/21 20:20:00",ROYALLA1,0
D,DISPATCH,UNIT_SCADA,1,"2019/08/21 20:20:00",RPCG,10.70
D,DISPATCH,UNIT_SCADA,1,"2019/08/21 20:20:00",RUBICON,0
D,DISPATCH,UNIT_SCADA,1,"2019/08/21 20:20:00",SATGN1,0
D,DISPATCH,UNIT_SCADA,1,"2019/08/21 20:20:00",SATGS1,0
D,DISPATCH,UNIT_SCADA,1,"2019/08/21 20:20:00",STARHLWF,19.294374
D,DISPATCH,UNIT_SCADA,1,"2019/08/21 20:20:00",WAUBRAWF,173.115005
D,DISPATCH,UNIT_SCADA,1,"2019/08/21 20:20:00",WOOLNTH1,128.020020
D,DISPATCH,UNIT_SCADA,1,"2019/08/21 20:20:00",WPWF,62
D,DISPATCH,UNIT_SCADA,1,"2019/08/21 20:20:00",YAMBUKWF,28.10
D,DISPATCH,UNIT_SCADA,1,"2019/08/21 20:20:00",YSWF1,28.200001
D,DISPATCH,UNIT_SCADA,1,"2019/08/21 20:20:00",AGLHAL,0
D,DISPATCH,UNIT_SCADA,1,"2019/08/21 20:20:00",AGLSOM,0
D,DISPATCH,UNIT_SCADA,1,"2019/08/21 20:20:00",ANGAST1,0
D,DISPATCH,UNIT_SCADA,1,"2019/08/21 20:20:00",ARWF1,145
D,DISPATCH,UNIT_SCADA,1,"2019/08/21 20:20:00",BALBG1,0
D,DISPATCH,UNIT_SCADA,1,"2019/08/21 20:20:00",BALBL1,0
D,DISPATCH,UNIT_SCADA,1,"2019/08/21 20:20:00",BALDHWF1,101.0010
D,DISPATCH,UNIT_SCADA,1,"2019/08/21 20:20:00",BANN1,0
D,DISPATCH,UNIT_SCADA,1,"2019/08/21 20:20:00",BARCALDN,0
D,DISPATCH,UNIT_SCADA,1,"2019/08/21 20:20:00",BARRON-1,0
D,DISPATCH,UNIT_SCADA,1,"2019/08/21 20:20:00",BARRON-2,29
D,DISPATCH,UNIT_SCADA,1,"2019/08/21 20:20:00",BASTYAN,78.500010
D,DISPATCH,UNIT_SCADA,1,"2019/08/21 20:20:00",BBTHREE1,-1.92
D,DISPATCH,UNIT_SCADA,1,"2019/08/21 20:20:00",BBTHREE2,-1.94
D,DISPATCH,UNIT_SCADA,1,"2019/08/21 20:20:00",BBTHREE3,-1.08
D,DISPATCH,UNIT_SCADA,1,"2019/08/21 20:20:00",BDL01,0
D,DISPATCH,UNIT_SCADA,1,"2019/08/21 20:20:00",BDL02,0
D,DISPATCH,UNIT_SCADA,1,"2019/08/21 20:20:00",BERYLSF1,0
D,DISPATCH,UNIT_SCADA,1,"2019/08/21 20:20:00",BLOWERNG,0
D,DISPATCH,UNIT_SCADA,1,"2019/08/21 20:20:00",BLUFF1,15.90
D,DISPATCH,UNIT_SCADA,1,"2019/08/21 20:20:00",BNGSF1,0
D,DISPATCH,UNIT_SCADA,1,"2019/08/21 20:20:00",BNGSF2,0
D,DISPATCH,UNIT_SCADA,1,"2019/08/21 20:20:00",BOCORWF1,99.55
D,DISPATCH,UNIT_SCADA,1,"2019/08/21 20:20:00",BODWF1,61.182280
D,DISPATCH,UNIT_SCADA,1,"2019/08/21 20:20:00",BRAEMAR1,0
D,DISPATCH,UNIT_SCADA,1,"2019/08/21 20:20:00",BRAEMAR2,0
D,DISPATCH,UNIT_SCADA,1,"2019/08/21 20:20:00",BRAEMAR3,0
D,DISPATCH,UNIT_SCADA,1,"2019/08/21 20:20:00",BRAEMAR5,0
D,DISPATCH,UNIT_SCADA,1,"2019/08/21 20:20:00",BRAEMAR6,0
D,DISPATCH,UNIT_SCADA,1,"2019/08/21 20:20:00",BRAEMAR7,0
D,DISPATCH,UNIT_SCADA,1,"2019/08/21 20:20:00",BROKENH1,0
D,DISPATCH,UNIT_SCADA,1,"2019/08/21 20:20:00",BW01,657
D,DISPATCH,UNIT_SCADA,1,"2019/08/21 20:20:00",BW02,656.8750
D,DISPATCH,UNIT_SCADA,1,"2019/08/21 20:20:00",BW03,659.2749
D,DISPATCH,UNIT_SCADA,1,"2019/08/21 20:20:00",BW04,0
D,DISPATCH,UNIT_SCADA,1,"2019/08/21 20:20:00",CALL_B_1,349.200010
D,DISPATCH,UNIT_SCADA,1,"2019/08/21 20:20:00",CALL_B_2,349.700010
D,DISPATCH,UNIT_SCADA,1,"2019/08/21 20:20:00",CETHANA,99.8610
D,DISPATCH,UNIT_SCADA,1,"2019/08/21 20:20:00",CG1,0
D,DISPATCH,UNIT_SCADA,1,"2019/08/21 20:20:00",CG2,0
D,DISPATCH,UNIT_SCADA,1,"2019/08/21 20:20:00",CG3,0
D,DISPATCH,UNIT_SCADA,1,"2019/08/21 20:20:00",CG4,0
D,DISPATCH,UNIT_SCADA,1,"2019/08/21 20:20:00",CHILDSF1,0.01
D,DISPATCH,UNIT_SCADA,1,"2019/08/21 20:20:00",CLARESF1,0
D,DISPATCH,UNIT_SCADA,1,"2019/08/21 20:20:00",CLEMGPWF,28.8140
D,DISPATCH,UNIT_SCADA,1,"2019/08/21 20:20:00",CLERMSF1,0
D,DISPATCH,UNIT_SCADA,1,"2019/08/21 20:20:00",COLEASF1,0
D,DISPATCH,UNIT_SCADA,1,"2019/08/21 20:20:00",COOPGWF1,28.246420
D,DISPATCH,UNIT_SCADA,1,"2019/08/21 20:20:00",CPP_3,406.450010
D,DISPATCH,UNIT_SCADA,1,"2019/08/21 20:20:00",CPP_4,406.450010
D,DISPATCH,UNIT_SCADA,1,"2019/08/21 20:20:00",CPSA,142.378130
D,DISPATCH,UNIT_SCADA,1,"2019/08/21 20:20:00",CROOKWF2,91.673750
D,DISPATCH,UNIT_SCADA,1,"2019/08/21 20:20:00",CROWLWF1,36.087810
D,DISPATCH,UNIT_SCADA,1,"2019/08/21 20:20:00",CSPVPS1,0.0430
D,DISPATCH,UNIT_SCADA,1,"2019/08/21 20:20:00",DALNTH01,0
D,DISPATCH,UNIT_SCADA,1,"2019/08/21 20:20:00",DALNTHL1,0.062560
D,DISPATCH,UNIT_SCADA,1,"2019/08/21 20:20:00",DARTM1,134.399990
D,DISPATCH,UNIT_SCADA,1,"2019/08/21 20:20:00",DAYDSF1,0
D,DISPATCH,UNIT_SCADA,1,"2019/08/21 20:20:00",DDPS1,618.407350
D,DISPATCH,UNIT_SCADA,1,"2019/08/21 20:20:00",DDSF1,0
D,DISPATCH,UNIT_SCADA,1,"2019/08/21 20:20:00",DEVILS_G,0
D,DISPATCH,UNIT_SCADA,1,"2019/08/21 20:20:00",DG_NSW1,0
D,DISPATCH,UNIT_SCADA,1,"2019/08/21 20:20:00",DG_QLD1,0
D,DISPATCH,UNIT_SCADA,1,"2019/08/21 20:20:00",DG_SA1,0
D,DISPATCH,UNIT_SCADA,1,"2019/08/21 20:20:00",DG_TAS1,0
D,DISPATCH,UNIT_SCADA,1,"2019/08/21 20:20:00",DG_VIC1,0
D,DISPATCH,UNIT_SCADA,1,"2019/08/21 20:20:00",DRYCGT1,0
D,DISPATCH,UNIT_SCADA,1,"2019/08/21 20:20:00",DRYCGT2,0
D,DISPATCH,UNIT_SCADA,1,"2019/08/21 20:20:00",DRYCGT3,0
D,DISPATCH,UNIT_SCADA,1,"2019/08/21 20:20:00",EILDON1,0
D,DISPATCH,UNIT_SCADA,1,"2019/08/21 20:20:00",EILDON2,0
D,DISPATCH,UNIT_SCADA,1,"2019/08/21 20:20:00",EMERASF1,0
D,DISPATCH,UNIT_SCADA,1,"2019/08/21 20:20:00",ER01,592.199950
D,DISPATCH,UNIT_SCADA,1,"2019/08/21 20:20:00",ER02,615.650020
D,DISPATCH,UNIT_SCADA,1,"2019/08/21 20:20:00",ER03,699.650020
D,DISPATCH,UNIT_SCADA,1,"2019/08/21 20:20:00",ER04,696.6250
D,DISPATCH,UNIT_SCADA,1,"2019/08/21 20:20:00",FINLYSF1,0
D,DISPATCH,UNIT_SCADA,1,"2019/08/21 20:20:00",FISHER,45.96
D,DISPATCH,UNIT_SCADA,1,"2019/08/21 20:20:00",GANNBG1,21.597670
D,DISPATCH,UNIT_SCADA,1,"2019/08/21 20:20:00",GANNBL1,0
D,DISPATCH,UNIT_SCADA,1,"2019/08/21 20:20:00",GANNSF1,0
D,DISPATCH,UNIT_SCADA,1,"2019/08/21 20:20:00",GORDON,25.382560
D,DISPATCH,UNIT_SCADA,1,"2019/08/21 20:20:00",GSTONE1,233.274990
D,DISPATCH,UNIT_SCADA,1,"2019/08/21 20:20:00",GSTONE2,220.149990
D,DISPATCH,UNIT_SCADA,1,"2019/08/21 20:20:00",GSTONE3,232.224990
D,DISPATCH,UNIT_SCADA,1,"2019/08/21 20:20:00",GSTONE4,233.45
D,DISPATCH,UNIT_SCADA,1,"2019/08/21 20:20:00",GSTONE5,232.224990
D,DISPATCH,UNIT_SCADA,1,"2019/08/21 20:20:00",GSTONE6,0
D,DISPATCH,UNIT_SCADA,1,"2019/08/21 20:20:00",GULLRSF1,0
D,DISPATCH,UNIT_SCADA,1,"2019/08/21 20:20:00",GULLRWF1,158.889250
D,DISPATCH,UNIT_SCADA,1,"2019/08/21 20:20:00",GUNNING1,45.773980
D,DISPATCH,UNIT_SCADA,1,"2019/08/21 20:20:00",GUTHEGA,30.90
D,DISPATCH,UNIT_SCADA,1,"2019/08/21 20:20:00",HALLWF1,24.61
D,DISPATCH,UNIT_SCADA,1,"2019/08/21 20:20:00",HALLWF2,20.64
D,DISPATCH,UNIT_SCADA,1,"2019/08/21 20:20:00",HAMISF1,0
D,DISPATCH,UNIT_SCADA,1,"2019/08/21 20:20:00",HAUGHT11,0
D,DISPATCH,UNIT_SCADA,1,"2019/08/21 20:20:00",HAYMSF1,0
D,DISPATCH,UNIT_SCADA,1,"2019/08/21 20:20:00",HDWF1,46.60
D,DISPATCH,UNIT_SCADA,1,"2019/08/21 20:20:00",HDWF2,30.20
D,DISPATCH,UNIT_SCADA,1,"2019/08/21 20:20:00",HDWF3,38.60
D,DISPATCH,UNIT_SCADA,1,"2019/08/21 20:20:00",HPRG1,27.70
D,DISPATCH,UNIT_SCADA,1,"2019/08/21 20:20:00",HPRL1,0
D,DISPATCH,UNIT_SCADA,1,"2019/08/21 20:20:00",HUMENSW,0
D,DISPATCH,UNIT_SCADA,1,"2019/08/21 20:20:00",HUMEV,11.50
D,DISPATCH,UNIT_SCADA,1,"2019/08/21 20:20:00",HVGTS,0
D,DISPATCH,UNIT_SCADA,1,"2019/08/21 20:20:00",JBUTTERS,141.67
D,DISPATCH,UNIT_SCADA,1,"2019/08/21 20:20:00",JLA01,0.50
D,DISPATCH,UNIT_SCADA,1,"2019/08/21 20:20:00",JLA02,0
D,DISPATCH,UNIT_SCADA,1,"2019/08/21 20:20:00",JLA03,0.10
D,DISPATCH,UNIT_SCADA,1,"2019/08/21 20:20:00",JLA04,0.10
D,DISPATCH,UNIT_SCADA,1,"2019/08/21 20:20:00",JLB01,0
D,DISPATCH,UNIT_SCADA,1,"2019/08/21 20:20:00",JLB02,0.10
D,DISPATCH,UNIT_SCADA,1,"2019/08/21 20:20:00",JLB03,0
D,DISPATCH,UNIT_SCADA,1,"2019/08/21 20:20:00",KAREEYA1,21.5225
D,DISPATCH,UNIT_SCADA,1,"2019/08/21 20:20:00",KAREEYA2,21.5825
D,DISPATCH,UNIT_SCADA,1,"2019/08/21 20:20:00",KAREEYA3,0
D,DISPATCH,UNIT_SCADA,1,"2019/08/21 20:20:00",KAREEYA4,21.6825
D,DISPATCH,UNIT_SCADA,1,"2019/08/21 20:20:00",KARSF1,0
D,DISPATCH,UNIT_SCADA,1,"2019/08/21 20:20:00",KIATAWF1,26.70
D,DISPATCH,UNIT_SCADA,1,"2019/08/21 20:20:00",KPP_1,0
D,DISPATCH,UNIT_SCADA,1,"2019/08/21 20:20:00",KSP1,0
D,DISPATCH,UNIT_SCADA,1,"2019/08/21 20:20:00",LADBROK1,41.84
D,DISPATCH,UNIT_SCADA,1,"2019/08/21 20:20:00",LADBROK2,43.03
D,DISPATCH,UNIT_SCADA,1,"2019/08/21 20:20:00",LD01,416.981230
D,DISPATCH,UNIT_SCADA,1,"2019/08/21 20:20:00",LD02,417.131290
D,DISPATCH,UNIT_SCADA,1,"2019/08/21 20:20:00",LD03,417.599950
D,DISPATCH,UNIT_SCADA,1,"2019/08/21 20:20:00",LD04,377.362520
D,DISPATCH,UNIT_SCADA,1,"2019/08/21 20:20:00",LEM_WIL,86.142110
D,DISPATCH,UNIT_SCADA,1,"2019/08/21 20:20:00",LGAPWF1,31.71
D,DISPATCH,UNIT_SCADA,1,"2019/08/21 20:20:00",LILYSF1,0
D,DISPATCH,UNIT_SCADA,1,"2019/08/21 20:20:00",LI_WY_CA,149.146870
D,DISPATCH,UNIT_SCADA,1,"2019/08/21 20:20:00",LKBONNY2,152.523090
D,DISPATCH,UNIT_SCADA,1,"2019/08/21 20:20:00",LKBONNY3,32.265130
D,DISPATCH,UNIT_SCADA,1,"2019/08/21 20:20:00",LK_ECHO,0
D,DISPATCH,UNIT_SCADA,1,"2019/08/21 20:20:00",LNGS1,0
D,DISPATCH,UNIT_SCADA,1,"2019/08/21 20:20:00",LNGS2,0
D,DISPATCH,UNIT_SCADA,1,"2019/08/21 20:20:00",LONSDALE,0
D,DISPATCH,UNIT_SCADA,1,"2019/08/21 20:20:00",LOYYB1,536.840520
D,DISPATCH,UNIT_SCADA,1,"2019/08/21 20:20:00",LOYYB2,582.7063
D,DISPATCH,UNIT_SCADA,1,"2019/08/21 20:20:00",LYA1,558
D,DISPATCH,UNIT_SCADA,1,"2019/08/21 20:20:00",LYA2,0
D,DISPATCH,UNIT_SCADA,1,"2019/08/21 20:20:00",LYA3,559
D,DISPATCH,UNIT_SCADA,1,"2019/08/21 20:20:00",LYA4,530
D,DISPATCH,UNIT_SCADA,1,"2019/08/21 20:20:00",MACARTH1,378.191250
D,DISPATCH,UNIT_SCADA,1,"2019/08/21 20:20:00",MACKAYGT,0
D,DISPATCH,UNIT_SCADA,1,"2019/08/21 20:20:00",MACKNTSH,85.600010
D,DISPATCH,UNIT_SCADA,1,"2019/08/21 20:20:00",MANSLR1,0
D,DISPATCH,UNIT_SCADA,1,"2019/08/21 20:20:00",MCKAY1,0.02
D,DISPATCH,UNIT_SCADA,1,"2019/08/21 20:20:00",MEADOWBK,33.7244
D,DISPATCH,UNIT_SCADA,1,"2019/08/21 20:20:00",MERCER01,124.7540
D,DISPATCH,UNIT_SCADA,1,"2019/08/21 20:20:00",MEWF1,56.352770
D,DISPATCH,UNIT_SCADA,1,"2019/08/21 20:20:00",MINTARO,0
D,DISPATCH,UNIT_SCADA,1,"2019/08/21 20:20:00",MOREESF1,0
D,DISPATCH,UNIT_SCADA,1,"2019/08/21 20:20:00",MORTLK11,0
D,DISPATCH,UNIT_SCADA,1,"2019/08/21 20:20:00",MORTLK12,0
D,DISPATCH,UNIT_SCADA,1,"2019/08/21 20:20:00",MP1,276.8750
D,DISPATCH,UNIT_SCADA,1,"2019/08/21 20:20:00",MP2,0
D,DISPATCH,UNIT_SCADA,1,"2019/08/21 20:20:00",MPP_1,300.25
D,DISPATCH,UNIT_SCADA,1,"2019/08/21 20:20:00",MPP_2,435.25
D,DISPATCH,UNIT_SCADA,1,"2019/08/21 20:20:00",MSTUART1,0
D,DISPATCH,UNIT_SCADA,1,"2019/08/21 20:20:00",MSTUART2,0
D,DISPATCH,UNIT_SCADA,1,"2019/08/21 20:20:00",MSTUART3,0
D,DISPATCH,UNIT_SCADA,1,"2019/08/21 20:20:00",MTGELWF1,64.851830
D,DISPATCH,UNIT_SCADA,1,"2019/08/21 20:20:00",MURRAY,0
D,DISPATCH,UNIT_SCADA,1,"2019/08/21 20:20:00",MUSSELR1,163
D,DISPATCH,UNIT_SCADA,1,"2019/08/21 20:20:00",MUWAWF1,55.70
D,DISPATCH,UNIT_SCADA,1,"2019/08/21 20:20:00",NBHWF1,26.80
D,DISPATCH,UNIT_SCADA,1,"2019/08/21 20:20:00",NPS,304.1250
D,DISPATCH,UNIT_SCADA,1,"2019/08/21 20:20:00",NUMURSF1,0
D,DISPATCH,UNIT_SCADA,1,"2019/08/21 20:20:00",NYNGAN1,0
D,DISPATCH,UNIT_SCADA,1,"2019/08/21 20:20:00",OAKEY1,0
D,DISPATCH,UNIT_SCADA,1,"2019/08/21 20:20:00",OAKEY1SF,0.0510
D,DISPATCH,UNIT_SCADA,1,"2019/08/21 20:20:00",OAKEY2,0
D,DISPATCH,UNIT_SCADA,1,"2019/08/21 20:20:00",OAKLAND1,58.50
D,DISPATCH,UNIT_SCADA,1,"2019/08/21 20:20:00",OSB-AG,0
D,DISPATCH,UNIT_SCADA,1,"2019/08/21 20:20:00",PARSF1,0
D,DISPATCH,UNIT_SCADA,1,"2019/08/21 20:20:00",POAT110,1.177760
D,DISPATCH,UNIT_SCADA,1,"2019/08/21 20:20:00",POAT220,20.69
D,DISPATCH,UNIT_SCADA,1,"2019/08/21 20:20:00",POR01,0
D,DISPATCH,UNIT_SCADA,1,"2019/08/21 20:20:00",POR03,0
D,DISPATCH,UNIT_SCADA,1,"2019/08/21 20:20:00",PPCCGT,492.998050
D,DISPATCH,UNIT_SCADA,1,"2019/08/21 20:20:00",PTSTAN1,0
D,DISPATCH,UNIT_SCADA,1,"2019/08/21 20:20:00",PUMP1,0
D,DISPATCH,UNIT_SCADA,1,"2019/08/21 20:20:00",PUMP2,0
D,DISPATCH,UNIT_SCADA,1,"2019/08/21 20:20:00",QPS1,0
D,DISPATCH,UNIT_SCADA,1,"2019/08/21 20:20:00",QPS2,0
D,DISPATCH,UNIT_SCADA,1,"2019/08/21 20:20:00",QPS3,0
D,DISPATCH,UNIT_SCADA,1,"2019/08/21 20:20:00",QPS4,0
D,DISPATCH,UNIT_SCADA,1,"2019/08/21 20:20:00",QPS5,0
D,DISPATCH,UNIT_SCADA,1,"2019/08/21 20:20:00",REECE1,116.510010
D,DISPATCH,UNIT_SCADA,1,"2019/08/21 20:20:00",REECE2,113.040010
D,DISPATCH,UNIT_SCADA,1,"2019/08/21 20:20:00",ROMA_7,0
D,DISPATCH,UNIT_SCADA,1,"2019/08/21 20:20:00",ROMA_8,0
D,DISPATCH,UNIT_SCADA,1,"2019/08/21 20:20:00",RRSF1,0
D,DISPATCH,UNIT_SCADA,1,"2019/08/21 20:20:00",RT_NSW1,0
D,DISPATCH,UNIT_SCADA,1,"2019/08/21 20:20:00",RT_NSW2,0
D,DISPATCH,UNIT_SCADA,1,"2019/08/21 20:20:00",RT_NSW3,0
D,DISPATCH,UNIT_SCADA,1,"2019/08/21 20:20:00",RT_NSW4,0
D,DISPATCH,UNIT_SCADA,1,"2019/08/21 20:20:00",RT_NSW5,0
D,DISPATCH,UNIT_SCADA,1,"2019/08/21 20:20:00",RT_NSW6,0
D,DISPATCH,UNIT_SCADA,1,"2019/08/21 20:20:00",RT_QLD1,0
D,DISPATCH,UNIT_SCADA,1,"2019/08/21 20:20:00",RT_SA1,0
D,DISPATCH,UNIT_SCADA,1,"2019/08/21 20:20:00",RT_SA2,0
D,DISPATCH,UNIT_SCADA,1,"2019/08/21 20:20:00",RT_SA3,0
D,DISPATCH,UNIT_SCADA,1,"2019/08/21 20:20:00",RT_SA4,0
D,DISPATCH,UNIT_SCADA,1,"2019/08/21 20:20:00",RT_SA5,0
D,DISPATCH,UNIT_SCADA,1,"2019/08/21 20:20:00",RT_SA6,0
D,DISPATCH,UNIT_SCADA,1,"2019/08/21 20:20:00",RT_TAS1,0
D,DISPATCH,UNIT_SCADA,1,"2019/08/21 20:20:00",RT_VIC1,0
D,DISPATCH,UNIT_SCADA,1,"2019/08/21 20:20:00",RT_VIC10,0
D,DISPATCH,UNIT_SCADA,1,"2019/08/21 20:20:00",RT_VIC11,0
D,DISPATCH,UNIT_SCADA,1,"2019/08/21 20:20:00",RT_VIC12,0
D,DISPATCH,UNIT_SCADA,1,"2019/08/21 20:20:00",RT_VIC2,0
D,DISPATCH,UNIT_SCADA,1,"2019/08/21 20:20:00",RT_VIC3,0
D,DISPATCH,UNIT_SCADA,1,"2019/08/21 20:20:00",RT_VIC4,0
D,DISPATCH,UNIT_SCADA,1,"2019/08/21 20:20:00",RT_VIC5,0
D,DISPATCH,UNIT_SCADA,1,"2019/08/21 20:20:00",RT_VIC6,0
D,DISPATCH,UNIT_SCADA,1,"2019/08/21 20:20:00",RT_VIC7,0
D,DISPATCH,UNIT_SCADA,1,"2019/08/21 20:20:00",RT_VIC8,0
D,DISPATCH,UNIT_SCADA,1,"2019/08/21 20:20:00",RT_VIC9,0
D,DISPATCH,UNIT_SCADA,1,"2019/08/21 20:20:00",RUGBYR1,0
D,DISPATCH,UNIT_SCADA,1,"2019/08/21 20:20:00",SALTCRK1,50.76
D,DISPATCH,UNIT_SCADA,1,"2019/08/21 20:20:00",SAPHWF1,166.987490
D,DISPATCH,UNIT_SCADA,1,"2019/08/21 20:20:00",SHGEN,124.323460
D,DISPATCH,UNIT_SCADA,1,"2019/08/21 20:20:00",SHPUMP,0
D,DISPATCH,UNIT_SCADA,1,"2019/08/21 20:20:00",SITHE01,0.123710
D,DISPATCH,UNIT_SCADA,1,"2019/08/21 20:20:00",SMCSF1,0
D,DISPATCH,UNIT_SCADA,1,"2019/08/21 20:20:00",SNOWNTH1,114.10
D,DISPATCH,UNIT_SCADA,1,"2019/08/21 20:20:00",SNOWSTH1,89.20
D,DISPATCH,UNIT_SCADA,1,"2019/08/21 20:20:00",SNOWTWN1,72.595080
D,DISPATCH,UNIT_SCADA,1,"2019/08/21 20:20:00",SNOWYP,0
D,DISPATCH,UNIT_SCADA,1,"2019/08/21 20:20:00",SNUG1,0.019440
D,DISPATCH,UNIT_SCADA,1,"2019/08/21 20:20:00",SRSF1,0.44
D,DISPATCH,UNIT_SCADA,1,"2019/08/21 20:20:00",STAN-1,0
D,DISPATCH,UNIT_SCADA,1,"2019/08/21 20:20:00",STAN-2,343.452940
D,DISPATCH,UNIT_SCADA,1,"2019/08/21 20:20:00",STAN-3,342.863340
D,DISPATCH,UNIT_SCADA,1,"2019/08/21 20:20:00",STAN-4,342.517240
D,DISPATCH,UNIT_SCADA,1,"2019/08/21 20:20:00",STWF1,111.2175
D,DISPATCH,UNIT_SCADA,1,"2019/08/21 20:20:00",SWAN_E,0
D,DISPATCH,UNIT_SCADA,1,"2019/08/21 20:20:00",TALWA1,418
D,DISPATCH,UNIT_SCADA,1,"2019/08/21 20:20:00",TARALGA1,95.538740
D,DISPATCH,UNIT_SCADA,1,"2019/08/21 20:20:00",TARONG#1,348.50
D,DISPATCH,UNIT_SCADA,1,"2019/08/21 20:20:00",TARONG#2,348.100010
D,DISPATCH,UNIT_SCADA,1,"2019/08/21 20:20:00",TARONG#3,260.399990
D,DISPATCH,UNIT_SCADA,1,"2019/08/21 20:20:00",TARONG#4,348.899990
D,DISPATCH,UNIT_SCADA,1,"2019/08/21 20:20:00",TARRALEA,84
D,DISPATCH,UNIT_SCADA,1,"2019/08/21 20:20:00",TBSF1,-0.20
D,DISPATCH,UNIT_SCADA,1,"2019/08/21 20:20:00",TNPS1,442.000030
D,DISPATCH,UNIT_SCADA,1,"2019/08/21 20:20:00",TORRA1,70.417530
D,DISPATCH,UNIT_SCADA,1,"2019/08/21 20:20:00",TORRA2,0
D,DISPATCH,UNIT_SCADA,1,"2019/08/21 20:20:00",TORRA3,0
D,DISPATCH,UNIT_SCADA,1,"2019/08/21 20:20:00",TORRA4,0
D,DISPATCH,UNIT_SCADA,1,"2019/08/21 20:20:00",TORRB1,73.94
D,DISPATCH,UNIT_SCADA,1,"2019/08/21 20:20:00",TORRB2,113
D,DISPATCH,UNIT_SCADA,1,"2019/08/21 20:20:00",TORRB3,0
D,DISPATCH,UNIT_SCADA,1,"2019/08/21 20:20:00",TORRB4,0
D,DISPATCH,UNIT_SCADA,1,"2019/08/21 20:20:00",TREVALLN,70.230030
D,DISPATCH,UNIT_SCADA,1,"2019/08/21 20:20:00",TRIBUTE,83.93
D,DISPATCH,UNIT_SCADA,1,"2019/08/21 20:20:00",TUMUT3,194.709990
D,DISPATCH,UNIT_SCADA,1,"2019/08/21 20:20:00",TUNGATIN,133.700030
D,DISPATCH,UNIT_SCADA,1,"2019/08/21 20:20:00",TVCC201,0
D,DISPATCH,UNIT_SCADA,1,"2019/08/21 20:20:00",TVPP104,0
D,DISPATCH,UNIT_SCADA,1,"2019/08/21 20:20:00",UPPTUMUT,0
D,DISPATCH,UNIT_SCADA,1,"2019/08/21 20:20:00",URANQ11,0
D,DISPATCH,UNIT_SCADA,1,"2019/08/21 20:20:00",URANQ12,0
D,DISPATCH,UNIT_SCADA,1,"2019/08/21 20:20:00",URANQ13,0
D,DISPATCH,UNIT_SCADA,1,"2019/08/21 20:20:00",URANQ14,0
D,DISPATCH,UNIT_SCADA,1,"2019/08/21 20:20:00",VP5,601.1250
D,DISPATCH,UNIT_SCADA,1,"2019/08/21 20:20:00",VP6,597.725040
D,DISPATCH,UNIT_SCADA,1,"2019/08/21 20:20:00",VPGS1,0
D,DISPATCH,UNIT_SCADA,1,"2019/08/21 20:20:00",VPGS2,0
D,DISPATCH,UNIT_SCADA,1,"2019/08/21 20:20:00",VPGS3,0
D,DISPATCH,UNIT_SCADA,1,"2019/08/21 20:20:00",VPGS4,0
D,DISPATCH,UNIT_SCADA,1,"2019/08/21 20:20:00",VPGS5,0
D,DISPATCH,UNIT_SCADA,1,"2019/08/21 20:20:00",VPGS6,0
D,DISPATCH,UNIT_SCADA,1,"2019/08/21 20:20:00",W/HOE#1,0
D,DISPATCH,UNIT_SCADA,1,"2019/08/21 20:20:00",W/HOE#2,0
D,DISPATCH,UNIT_SCADA,1,"2019/08/21 20:20:00",WATERLWF,52.40
D,DISPATCH,UNIT_SCADA,1,"2019/08/21 20:20:00",WEMENSF1,0
D,DISPATCH,UNIT_SCADA,1,"2019/08/21 20:20:00",WGWF1,29.90
D,DISPATCH,UNIT_SCADA,1,"2019/08/21 20:20:00",WHITSF1,0
D,DISPATCH,UNIT_SCADA,1,"2019/08/21 20:20:00",WKIEWA1,0
D,DISPATCH,UNIT_SCADA,1,"2019/08/21 20:20:00",WKIEWA2,17.40
D,DISPATCH,UNIT_SCADA,1,"2019/08/21 20:20:00",WOODLWN1,44.855990
D,DISPATCH,UNIT_SCADA,1,"2019/08/21 20:20:00",WRSF1,0
D,DISPATCH,UNIT_SCADA,1,"2019/08/21 20:20:00",WRWF1,157.798740
D,DISPATCH,UNIT_SCADA,1,"2019/08/21 20:20:00",YABULU,0
D,DISPATCH,UNIT_SCADA,1,"2019/08/21 20:20:00",YABULU2,0
D,DISPATCH,UNIT_SCADA,1,"2019/08/21 20:20:00",YARWUN_1,0
D,DISPATCH,UNIT_SCADA,1,"2019/08/21 20:20:00",YENDWF1,41.80
D,DISPATCH,UNIT_SCADA,1,"2019/08/21 20:20:00",YWPS1,378.445560
D,DISPATCH,UNIT_SCADA,1,"2019/08/21 20:20:00",YWPS2,278.443020
D,DISPATCH,UNIT_SCADA,1,"2019/08/21 20:20:00",YWPS3,0
D,DISPATCH,UNIT_SCADA,1,"2019/08/21 20:20:00",YWPS4,394.108860
C,"END OF REPORT",334
