C,NEMP.WORLD,DISPATCHSCADA,AEMO,PUBLIC,2019/08/22,01:55:12,0000000311848777,DISPATCHSCADA,0000000311848771
I,DISPATCH,UNIT_SCADA,1,SETTLEMENTDATE,DUID,SCADAVALUE
D,DISPATCH,UNIT_SCADA,1,"2019/08/22 02:00:00",BARCSF1,0.70
D,DISPATCH,UNIT_SCADA,1,"2019/08/22 02:00:00",BUTLERSG,9.699999
D,DISPATCH,UNIT_SCADA,1,"2019/08/22 02:00:00",CALL_A_4,0
D,DISPATCH,UNIT_SCADA,1,"2019/08/22 02:00:00",CAPTL_WF,126.868004
D,DISPATCH,UNIT_SCADA,1,"2019/08/22 02:00:00",CATHROCK,32.759998
D,DISPATCH,UNIT_SCADA,1,"2019/08/22 02:00:00",CHALLHWF,48.699997
D,DISPATCH,UNIT_SCADA,1,"2019/08/22 02:00:00",CLOVER,-0.01
D,DISPATCH,UNIT_SCADA,1,"2019/08/22 02:00:00",CLUNY,19.883268
D,DISPATCH,UNIT_SCADA,1,"2019/08/22 02:00:00",CNUNDAWF,40.046715
D,DISPATCH,UNIT_SCADA,1,"2019/08/22 02:00:00",CULLRGWF,28.540001
D,DISPATCH,UNIT_SCADA,1,"2019/08/22 02:00:00",ERGT01,0
D,DISPATCH,UNIT_SCADA,1,"2019/08/22 02:00:00",GB01,0.069931
D,DISPATCH,UNIT_SCADA,1,"2019/08/22 02:00:00",GERMCRK,39.200001
D,DISPATCH,UNIT_SCADA,1,"2019/08/22 02:00:00",GRIFSF1,0
D,DISPATCH,UNIT_SCADA,1,"2019/08/22 02:00:00",HUGSF1,-0.2430
D,DISPATCH,UNIT_SCADA,1,"2019/08/22 02:00:00",LKBONNY1,66.535477
D,DISPATCH,UNIT_SCADA,1,"2019/08/22 02:00:00",LRSF1,0.0390
D,DISPATCH,UNIT_SCADA,1,"2019/08/22 02:00:00",MBAHNTH,56.025009
D,DISPATCH,UNIT_SCADA,1,"2019/08/22 02:00:00",MLSP1,0.271001
D,DISPATCH,UNIT_SCADA,1,"2019/08/22 02:00:00",MLWF1,19.665001
D,DISPATCH,UNIT_SCADA,1,"2019/08/22 02:00:00",MTMILLAR,14.339407
D,DISPATCH,UNIT_SCADA,1,"2019/08/22 02:00:00",PALOONA,7.74
D,DISPATCH,UNIT_SCADA,1,"2019/08/22 02:00:00",PIONEER,40.100002
D,DISPATCH,UNIT_SCADA,1,"2019/08/22 02:00:00",PORTWF,137
D,DISPATCH,UNIT_SCADA,1,"2019/08/22 02:00:00",REPULSE,0.000610
D,DISPATCH,UNIT_SCADA,1,"2019/08/22 02:00:00",ROWALLAN,10.4299
D,DISPATCH,UNIT_SCADA,1,"2019/08/22 02:00:00",ROYALLA1,0
D,DISPATCH,UNIT_SCADA,1,"2019/08/22 02:00:00",RPCG,10.90
D,DISPATCH,UNIT_SCADA,1,"2019/08/22 02:00:00",RUBICON,0
D,DISPATCH,UNIT_SCADA,1,"2019/08/22 02:00:00",SATGN1,0
D,DISPATCH,UNIT_SCADA,1,"2019/08/22 02:00:00",SATGS1,0
D,DISPATCH,UNIT_SCADA,1,"2019/08/22 02:00:00",STARHLWF,15.595452
D,DISPATCH,UNIT_SCADA,1,"2019/08/22 02:00:00",WAUBRAWF,174.113998
D,DISPATCH,UNIT_SCADA,1,"2019/08/22 02:00:00",WOOLNTH1,83.300018
D,DISPATCH,UNIT_SCADA,1,"2019/08/22 02:00:00",WPWF,37
D,DISPATCH,UNIT_SCADA,1,"2019/08/22 02:00:00",YAMBUKWF,27.90
D,DISPATCH,UNIT_SCADA,1,"2019/08/22 02:00:00",YSWF1,28.700001
D,DISPATCH,UNIT_SCADA,1,"2019/08/22 02:00:00",AGLHAL,0
D,DISPATCH,UNIT_SCADA,1,"2019/08/22 02:00:00",AGLSOM,0
D,DISPATCH,UNIT_SCADA,1,"2019/08/22 02:00:00",ANGAST1,0
D,DISPATCH,UNIT_SCADA,1,"2019/08/22 02:00:00",ARWF1,213.399990
D,DISPATCH,UNIT_SCADA,1,"2019/08/22 02:00:00",BALBG1,0
D,DISPATCH,UNIT_SCADA,1,"2019/08/22 02:00:00",BALBL1,0
D,DISPATCH,UNIT_SCADA,1,"2019/08/22 02:00:00",BALDHWF1,97.2790
D,DISPATCH,UNIT_SCADA,1,"2019/08/22 02:00:00",BANN1,0
D,DISPATCH,UNIT_SCADA,1,"2019/08/22 02:00:00",BARCALDN,0
D,DISPATCH,UNIT_SCADA,1,"2019/08/22 02:00:00",BARRON-1,0
D,DISPATCH,UNIT_SCADA,1,"2019/08/22 02:00:00",BARRON-2,26.64
D,DISPATCH,UNIT_SCADA,1,"2019/08/22 02:00:00",BASTYAN,78.540010
D,DISPATCH,UNIT_SCADA,1,"2019/08/22 02:00:00",BBTHREE1,-2.05
D,DISPATCH,UNIT_SCADA,1,"2019/08/22 02:00:00",BBTHREE2,-2.10
D,DISPATCH,UNIT_SCADA,1,"2019/08/22 02:00:00",BBTHREE3,-1.17
D,DISPATCH,UNIT_SCADA,1,"2019/08/22 02:00:00",BDL01,0
D,DISPATCH,UNIT_SCADA,1,"2019/08/22 02:00:00",BDL02,0
D,DISPATCH,UNIT_SCADA,1,"2019/08/22 02:00:00",BERYLSF1,0
D,DISPATCH,UNIT_SCADA,1,"2019/08/22 02:00:00",BLOWERNG,0
D,DISPATCH,UNIT_SCADA,1,"2019/08/22 02:00:00",BLUFF1,32.60
D,DISPATCH,UNIT_SCADA,1,"2019/08/22 02:00:00",BNGSF1,0
D,DISPATCH,UNIT_SCADA,1,"2019/08/22 02:00:00",BNGSF2,0
D,DISPATCH,UNIT_SCADA,1,"2019/08/22 02:00:00",BOCORWF1,81.37
D,DISPATCH,UNIT_SCADA,1,"2019/08/22 02:00:00",BODWF1,98.748150
D,DISPATCH,UNIT_SCADA,1,"2019/08/22 02:00:00",BRAEMAR1,0
D,DISPATCH,UNIT_SCADA,1,"2019/08/22 02:00:00",BRAEMAR2,0
D,DISPATCH,UNIT_SCADA,1,"2019/08/22 02:00:00",BRAEMAR3,0
D,DISPATCH,UNIT_SCADA,1,"2019/08/22 02:00:00",BRAEMAR5,0
D,DISPATCH,UNIT_SCADA,1,"2019/08/22 02:00:00",BRAEMAR6,0
D,DISPATCH,UNIT_SCADA,1,"2019/08/22 02:00:00",BRAEMAR7,0
D,DISPATCH,UNIT_SCADA,1,"2019/08/22 02:00:00",BROKENH1,0
D,DISPATCH,UNIT_SCADA,1,"2019/08/22 02:00:00",BW01,355.449950
D,DISPATCH,UNIT_SCADA,1,"2019/08/22 02:00:00",BW02,554.3750
D,DISPATCH,UNIT_SCADA,1,"2019/08/22 02:00:00",BW03,475.599980
D,DISPATCH,UNIT_SCADA,1,"2019/08/22 02:00:00",BW04,0
D,DISPATCH,UNIT_SCADA,1,"2019/08/22 02:00:00",CALL_B_1,349.100010
D,DISPATCH,UNIT_SCADA,1,"2019/08/22 02:00:00",CALL_B_2,300
D,DISPATCH,UNIT_SCADA,1,"2019/08/22 02:00:00",CETHANA,98.304250
D,DISPATCH,UNIT_SCADA,1,"2019/08/22 02:00:00",CG1,0
D,DISPATCH,UNIT_SCADA,1,"2019/08/22 02:00:00",CG2,0
D,DISPATCH,UNIT_SCADA,1,"2019/08/22 02:00:00",CG3,0
D,DISPATCH,UNIT_SCADA,1,"2019/08/22 02:00:00",CG4,0
D,DISPATCH,UNIT_SCADA,1,"2019/08/22 02:00:00",CHILDSF1,0.01
D,DISPATCH,UNIT_SCADA,1,"2019/08/22 02:00:00",CLARESF1,0
D,DISPATCH,UNIT_SCADA,1,"2019/08/22 02:00:00",CLEMGPWF,11.5256
D,DISPATCH,UNIT_SCADA,1,"2019/08/22 02:00:00",CLERMSF1,0
D,DISPATCH,UNIT_SCADA,1,"2019/08/22 02:00:00",COLEASF1,0
D,DISPATCH,UNIT_SCADA,1,"2019/08/22 02:00:00",COOPGWF1,31.743350
D,DISPATCH,UNIT_SCADA,1,"2019/08/22 02:00:00",CPP_3,381.425020
D,DISPATCH,UNIT_SCADA,1,"2019/08/22 02:00:00",CPP_4,382.524990
D,DISPATCH,UNIT_SCADA,1,"2019/08/22 02:00:00",CPSA,142.100620
D,DISPATCH,UNIT_SCADA,1,"2019/08/22 02:00:00",CROOKWF2,67.5550
D,DISPATCH,UNIT_SCADA,1,"2019/08/22 02:00:00",CROWLWF1,49.225730
D,DISPATCH,UNIT_SCADA,1,"2019/08/22 02:00:00",CSPVPS1,0.0430
D,DISPATCH,UNIT_SCADA,1,"2019/08/22 02:00:00",DALNTH01,0
D,DISPATCH,UNIT_SCADA,1,"2019/08/22 02:00:00",DALNTHL1,0.242620
D,DISPATCH,UNIT_SCADA,1,"2019/08/22 02:00:00",DARTM1,0
D,DISPATCH,UNIT_SCADA,1,"2019/08/22 02:00:00",DAYDSF1,0
D,DISPATCH,UNIT_SCADA,1,"2019/08/22 02:00:00",DDPS1,0
D,DISPATCH,UNIT_SCADA,1,"2019/08/22 02:00:00",DDSF1,0
D,DISPATCH,UNIT_SCADA,1,"2019/08/22 02:00:00",DEVILS_G,0
D,DISPATCH,UNIT_SCADA,1,"2019/08/22 02:00:00",DG_NSW1,0
D,DISPATCH,UNIT_SCADA,1,"2019/08/22 02:00:00",DG_QLD1,0
D,DISPATCH,UNIT_SCADA,1,"2019/08/22 02:00:00",DG_SA1,0
D,DISPATCH,UNIT_SCADA,1,"2019/08/22 02:00:00",DG_TAS1,0
D,DISPATCH,UNIT_SCADA,1,"2019/08/22 02:00:00",DG_VIC1,0
D,DISPATCH,UNIT_SCADA,1,"2019/08/22 02:00:00",DRYCGT1,0
D,DISPATCH,UNIT_SCADA,1,"2019/08/22 02:00:00",DRYCGT2,0
D,DISPATCH,UNIT_SCADA,1,"2019/08/22 02:00:00",DRYCGT3,0
D,DISPATCH,UNIT_SCADA,1,"2019/08/22 02:00:00",EILDON1,0
D,DISPATCH,UNIT_SCADA,1,"2019/08/22 02:00:00",EILDON2,0
D,DISPATCH,UNIT_SCADA,1,"2019/08/22 02:00:00",EMERASF1,0
D,DISPATCH,UNIT_SCADA,1,"2019/08/22 02:00:00",ER01,354.924930
D,DISPATCH,UNIT_SCADA,1,"2019/08/22 02:00:00",ER02,403.400020
D,DISPATCH,UNIT_SCADA,1,"2019/08/22 02:00:00",ER03,381.674930
D,DISPATCH,UNIT_SCADA,1,"2019/08/22 02:00:00",ER04,357.275020
D,DISPATCH,UNIT_SCADA,1,"2019/08/22 02:00:00",FINLYSF1,0
D,DISPATCH,UNIT_SCADA,1,"2019/08/22 02:00:00",FISHER,46.01
D,DISPATCH,UNIT_SCADA,1,"2019/08/22 02:00:00",GANNBG1,0
D,DISPATCH,UNIT_SCADA,1,"2019/08/22 02:00:00",GANNBL1,10.008150
D,DISPATCH,UNIT_SCADA,1,"2019/08/22 02:00:00",GANNSF1,0
D,DISPATCH,UNIT_SCADA,1,"2019/08/22 02:00:00",GORDON,21.410480
D,DISPATCH,UNIT_SCADA,1,"2019/08/22 02:00:00",GSTONE1,140.70
D,DISPATCH,UNIT_SCADA,1,"2019/08/22 02:00:00",GSTONE2,130.3750
D,DISPATCH,UNIT_SCADA,1,"2019/08/22 02:00:00",GSTONE3,139.30
D,DISPATCH,UNIT_SCADA,1,"2019/08/22 02:00:00",GSTONE4,139.30
D,DISPATCH,UNIT_SCADA,1,"2019/08/22 02:00:00",GSTONE5,140
D,DISPATCH,UNIT_SCADA,1,"2019/08/22 02:00:00",GSTONE6,0
D,DISPATCH,UNIT_SCADA,1,"2019/08/22 02:00:00",GULLRSF1,0
D,DISPATCH,UNIT_SCADA,1,"2019/08/22 02:00:00",GULLRWF1,152.9502
D,DISPATCH,UNIT_SCADA,1,"2019/08/22 02:00:00",GUNNING1,46.365120
D,DISPATCH,UNIT_SCADA,1,"2019/08/22 02:00:00",GUTHEGA,0
D,DISPATCH,UNIT_SCADA,1,"2019/08/22 02:00:00",HALLWF1,63.57
D,DISPATCH,UNIT_SCADA,1,"2019/08/22 02:00:00",HALLWF2,51.10
D,DISPATCH,UNIT_SCADA,1,"2019/08/22 02:00:00",HAMISF1,0
D,DISPATCH,UNIT_SCADA,1,"2019/08/22 02:00:00",HAUGHT11,0
D,DISPATCH,UNIT_SCADA,1,"2019/08/22 02:00:00",HAYMSF1,0
D,DISPATCH,UNIT_SCADA,1,"2019/08/22 02:00:00",HDWF1,37.70
D,DISPATCH,UNIT_SCADA,1,"2019/08/22 02:00:00",HDWF2,33.10
D,DISPATCH,UNIT_SCADA,1,"2019/08/22 02:00:00",HDWF3,31.60
D,DISPATCH,UNIT_SCADA,1,"2019/08/22 02:00:00",HPRG1,0
D,DISPATCH,UNIT_SCADA,1,"2019/08/22 02:00:00",HPRL1,39.20
D,DISPATCH,UNIT_SCADA,1,"2019/08/22 02:00:00",HUMENSW,0
D,DISPATCH,UNIT_SCADA,1,"2019/08/22 02:00:00",HUMEV,11.80
D,DISPATCH,UNIT_SCADA,1,"2019/08/22 02:00:00",HVGTS,0
D,DISPATCH,UNIT_SCADA,1,"2019/08/22 02:00:00",JBUTTERS,58.23
D,DISPATCH,UNIT_SCADA,1,"2019/08/22 02:00:00",JLA01,0.50
D,DISPATCH,UNIT_SCADA,1,"2019/08/22 02:00:00",JLA02,0
D,DISPATCH,UNIT_SCADA,1,"2019/08/22 02:00:00",JLA03,0.10
D,DISPATCH,UNIT_SCADA,1,"2019/08/22 02:00:00",JLA04,0.10
D,DISPATCH,UNIT_SCADA,1,"2019/08/22 02:00:00",JLB01,0
D,DISPATCH,UNIT_SCADA,1,"2019/08/22 02:00:00",JLB02,0.10
D,DISPATCH,UNIT_SCADA,1,"2019/08/22 02:00:00",JLB03,0
D,DISPATCH,UNIT_SCADA,1,"2019/08/22 02:00:00",KAREEYA1,21.6325
D,DISPATCH,UNIT_SCADA,1,"2019/08/22 02:00:00",KAREEYA2,21.8975
D,DISPATCH,UNIT_SCADA,1,"2019/08/22 02:00:00",KAREEYA3,0
D,DISPATCH,UNIT_SCADA,1,"2019/08/22 02:00:00",KAREEYA4,21.7825
D,DISPATCH,UNIT_SCADA,1,"2019/08/22 02:00:00",KARSF1,0
D,DISPATCH,UNIT_SCADA,1,"2019/08/22 02:00:00",KIATAWF1,30.90
D,DISPATCH,UNIT_SCADA,1,"2019/08/22 02:00:00",KPP_1,0
D,DISPATCH,UNIT_SCADA,1,"2019/08/22 02:00:00",KSP1,0
D,DISPATCH,UNIT_SCADA,1,"2019/08/22 02:00:00",LADBROK1,0
D,DISPATCH,UNIT_SCADA,1,"2019/08/22 02:00:00",LADBROK2,0
D,DISPATCH,UNIT_SCADA,1,"2019/08/22 02:00:00",LD01,346.031250
D,DISPATCH,UNIT_SCADA,1,"2019/08/22 02:00:00",LD02,340.2562
D,DISPATCH,UNIT_SCADA,1,"2019/08/22 02:00:00",LD03,342.75
D,DISPATCH,UNIT_SCADA,1,"2019/08/22 02:00:00",LD04,350.081270
D,DISPATCH,UNIT_SCADA,1,"2019/08/22 02:00:00",LEM_WIL,86.137340
D,DISPATCH,UNIT_SCADA,1,"2019/08/22 02:00:00",LGAPWF1,23.06
D,DISPATCH,UNIT_SCADA,1,"2019/08/22 02:00:00",LILYSF1,0
D,DISPATCH,UNIT_SCADA,1,"2019/08/22 02:00:00",LI_WY_CA,148.806930
D,DISPATCH,UNIT_SCADA,1,"2019/08/22 02:00:00",LKBONNY2,142.760280
D,DISPATCH,UNIT_SCADA,1,"2019/08/22 02:00:00",LKBONNY3,32.934990
D,DISPATCH,UNIT_SCADA,1,"2019/08/22 02:00:00",LK_ECHO,0
D,DISPATCH,UNIT_SCADA,1,"2019/08/22 02:00:00",LNGS1,0
D,DISPATCH,UNIT_SCADA,1,"2019/08/22 02:00:00",LNGS2,0
D,DISPATCH,UNIT_SCADA,1,"2019/08/22 02:00:00",LONSDALE,0
D,DISPATCH,UNIT_SCADA,1,"2019/08/22 02:00:00",LOYYB1,539.848080
D,DISPATCH,UNIT_SCADA,1,"2019/08/22 02:00:00",LOYYB2,582.330380
D,DISPATCH,UNIT_SCADA,1,"2019/08/22 02:00:00",LYA1,500
D,DISPATCH,UNIT_SCADA,1,"2019/08/22 02:00:00",LYA2,0
D,DISPATCH,UNIT_SCADA,1,"2019/08/22 02:00:00",LYA3,499
D,DISPATCH,UNIT_SCADA,1,"2019/08/22 02:00:00",LYA4,500
D,DISPATCH,UNIT_SCADA,1,"2019/08/22 02:00:00",MACARTH1,375.9913
D,DISPATCH,UNIT_SCADA,1,"2019/08/22 02:00:00",MACKAYGT,0
D,DISPATCH,UNIT_SCADA,1,"2019/08/22 02:00:00",MACKNTSH,86.000010
D,DISPATCH,UNIT_SCADA,1,"2019/08/22 02:00:00",MANSLR1,0
D,DISPATCH,UNIT_SCADA,1,"2019/08/22 02:00:00",MCKAY1,0.02
D,DISPATCH,UNIT_SCADA,1,"2019/08/22 02:00:00",MEADOWBK,34.4389
D,DISPATCH,UNIT_SCADA,1,"2019/08/22 02:00:00",MERCER01,121.9630
D,DISPATCH,UNIT_SCADA,1,"2019/08/22 02:00:00",MEWF1,79.085570
D,DISPATCH,UNIT_SCADA,1,"2019/08/22 02:00:00",MINTARO,0
D,DISPATCH,UNIT_SCADA,1,"2019/08/22 02:00:00",MOREESF1,0
D,DISPATCH,UNIT_SCADA,1,"2019/08/22 02:00:00",MORTLK11,0
D,DISPATCH,UNIT_SCADA,1,"2019/08/22 02:00:00",MORTLK12,0
D,DISPATCH,UNIT_SCADA,1,"2019/08/22 02:00:00",MP1,281.224980
D,DISPATCH,UNIT_SCADA,1,"2019/08/22 02:00:00",MP2,0
D,DISPATCH,UNIT_SCADA,1,"2019/08/22 02:00:00",MPP_1,410.50
D,DISPATCH,UNIT_SCADA,1,"2019/08/22 02:00:00",MPP_2,410.25
D,DISPATCH,UNIT_SCADA,1,"2019/08/22 02:00:00",MSTUART1,0
D,DISPATCH,UNIT_SCADA,1,"2019/08/22 02:00:00",MSTUART2,0
D,DISPATCH,UNIT_SCADA,1,"2019/08/22 02:00:00",MSTUART3,0
D,DISPATCH,UNIT_SCADA,1,"2019/08/22 02:00:00",MTGELWF1,64.737390
D,DISPATCH,UNIT_SCADA,1,"2019/08/22 02:00:00",MURRAY,0
D,DISPATCH,UNIT_SCADA,1,"2019/08/22 02:00:00",MUSSELR1,156.399990
D,DISPATCH,UNIT_SCADA,1,"2019/08/22 02:00:00",MUWAWF1,74
D,DISPATCH,UNIT_SCADA,1,"2019/08/22 02:00:00",NBHWF1,67.80
D,DISPATCH,UNIT_SCADA,1,"2019/08/22 02:00:00",NPS,0
D,DISPATCH,UNIT_SCADA,1,"2019/08/22 02:00:00",NUMURSF1,0
D,DISPATCH,UNIT_SCADA,1,"2019/08/22 02:00:00",NYNGAN1,0
D,DISPATCH,UNIT_SCADA,1,"2019/08/22 02:00:00",OAKEY1,0
D,DISPATCH,UNIT_SCADA,1,"2019/08/22 02:00:00",OAKEY1SF,0
D,DISPATCH,UNIT_SCADA,1,"2019/08/22 02:00:00",OAKEY2,0
D,DISPATCH,UNIT_SCADA,1,"2019/08/22 02:00:00",OAKLAND1,62.20
D,DISPATCH,UNIT_SCADA,1,"2019/08/22 02:00:00",OSB-AG,0
D,DISPATCH,UNIT_SCADA,1,"2019/08/22 02:00:00",PARSF1,0
D,DISPATCH,UNIT_SCADA,1,"2019/08/22 02:00:00",POAT110,0
D,DISPATCH,UNIT_SCADA,1,"2019/08/22 02:00:00",POAT220,9.34
D,DISPATCH,UNIT_SCADA,1,"2019/08/22 02:00:00",POR01,0
D,DISPATCH,UNIT_SCADA,1,"2019/08/22 02:00:00",POR03,0
D,DISPATCH,UNIT_SCADA,1,"2019/08/22 02:00:00",PPCCGT,186.9743
D,DISPATCH,UNIT_SCADA,1,"2019/08/22 02:00:00",PTSTAN1,0
D,DISPATCH,UNIT_SCADA,1,"2019/08/22 02:00:00",PUMP1,0
D,DISPATCH,UNIT_SCADA,1,"2019/08/22 02:00:00",PUMP2,0
D,DISPATCH,UNIT_SCADA,1,"2019/08/22 02:00:00",QPS1,0
D,DISPATCH,UNIT_SCADA,1,"2019/08/22 02:00:00",QPS2,0
D,DISPATCH,UNIT_SCADA,1,"2019/08/22 02:00:00",QPS3,0
D,DISPATCH,UNIT_SCADA,1,"2019/08/22 02:00:00",QPS4,0
D,DISPATCH,UNIT_SCADA,1,"2019/08/22 02:00:00",QPS5,0
D,DISPATCH,UNIT_SCADA,1,"2019/08/22 02:00:00",REECE1,118.490010
D,DISPATCH,UNIT_SCADA,1,"2019/08/22 02:00:00",REECE2,119.980010
D,DISPATCH,UNIT_SCADA,1,"2019/08/22 02:00:00",ROMA_7,0
D,DISPATCH,UNIT_SCADA,1,"2019/08/22 02:00:00",ROMA_8,0
D,DISPATCH,UNIT_SCADA,1,"2019/08/22 02:00:00",RRSF1,0
D,DISPATCH,UNIT_SCADA,1,"2019/08/22 02:00:00",RT_NSW1,0
D,DISPATCH,UNIT_SCADA,1,"2019/08/22 02:00:00",RT_NSW2,0
D,DISPATCH,UNIT_SCADA,1,"2019/08/22 02:00:00",RT_NSW3,0
D,DISPATCH,UNIT_SCADA,1,"2019/08/22 02:00:00",RT_NSW4,0
D,DISPATCH,UNIT_SCADA,1,"2019/08/22 02:00:00",RT_NSW5,0
D,DISPATCH,UNIT_SCADA,1,"2019/08/22 02:00:00",RT_NSW6,0
D,DISPATCH,UNIT_SCADA,1,"2019/08/22 02:00:00",RT_QLD1,0
D,DISPATCH,UNIT_SCADA,1,"2019/08/22 02:00:00",RT_SA1,0
D,DISPATCH,UNIT_SCADA,1,"2019/08/22 02:00:00",RT_SA2,0
D,DISPATCH,UNIT_SCADA,1,"2019/08/22 02:00:00",RT_SA3,0
D,DISPATCH,UNIT_SCADA,1,"2019/08/22 02:00:00",RT_SA4,0
D,DISPATCH,UNIT_SCADA,1,"2019/08/22 02:00:00",RT_SA5,0
D,DISPATCH,UNIT_SCADA,1,"2019/08/22 02:00:00",RT_SA6,0
D,DISPATCH,UNIT_SCADA,1,"2019/08/22 02:00:00",RT_TAS1,0
D,DISPATCH,UNIT_SCADA,1,"2019/08/22 02:00:00",RT_VIC1,0
D,DISPATCH,UNIT_SCADA,1,"2019/08/22 02:00:00",RT_VIC10,0
D,DISPATCH,UNIT_SCADA,1,"2019/08/22 02:00:00",RT_VIC11,0
D,DISPATCH,UNIT_SCADA,1,"2019/08/22 02:00:00",RT_VIC12,0
D,DISPATCH,UNIT_SCADA,1,"2019/08/22 02:00:00",RT_VIC2,0
D,DISPATCH,UNIT_SCADA,1,"2019/08/22 02:00:00",RT_VIC3,0
D,DISPATCH,UNIT_SCADA,1,"2019/08/22 02:00:00",RT_VIC4,0
D,DISPATCH,UNIT_SCADA,1,"2019/08/22 02:00:00",RT_VIC5,0
D,DISPATCH,UNIT_SCADA,1,"2019/08/22 02:00:00",RT_VIC6,0
D,DISPATCH,UNIT_SCADA,1,"2019/08/22 02:00:00",RT_VIC7,0
D,DISPATCH,UNIT_SCADA,1,"2019/08/22 02:00:00",RT_VIC8,0
D,DISPATCH,UNIT_SCADA,1,"2019/08/22 02:00:00",RT_VIC9,0
D,DISPATCH,UNIT_SCADA,1,"2019/08/22 02:00:00",RUGBYR1,0
D,DISPATCH,UNIT_SCADA,1,"2019/08/22 02:00:00",SALTCRK1,52.22
D,DISPATCH,UNIT_SCADA,1,"2019/08/22 02:00:00",SAPHWF1,194.090610
D,DISPATCH,UNIT_SCADA,1,"2019/08/22 02:00:00",SHGEN,0
D,DISPATCH,UNIT_SCADA,1,"2019/08/22 02:00:00",SHPUMP,122.084380
D,DISPATCH,UNIT_SCADA,1,"2019/08/22 02:00:00",SITHE01,0.133760
D,DISPATCH,UNIT_SCADA,1,"2019/08/22 02:00:00",SMCSF1,0
D,DISPATCH,UNIT_SCADA,1,"2019/08/22 02:00:00",SNOWNTH1,83.80
D,DISPATCH,UNIT_SCADA,1,"2019/08/22 02:00:00",SNOWSTH1,55.60
D,DISPATCH,UNIT_SCADA,1,"2019/08/22 02:00:00",SNOWTWN1,48.9164
D,DISPATCH,UNIT_SCADA,1,"2019/08/22 02:00:00",SNOWYP,190
D,DISPATCH,UNIT_SCADA,1,"2019/08/22 02:00:00",SNUG1,0.019440
D,DISPATCH,UNIT_SCADA,1,"2019/08/22 02:00:00",SRSF1,0.44
D,DISPATCH,UNIT_SCADA,1,"2019/08/22 02:00:00",STAN-1,0
D,DISPATCH,UNIT_SCADA,1,"2019/08/22 02:00:00",STAN-2,182.064030
D,DISPATCH,UNIT_SCADA,1,"2019/08/22 02:00:00",STAN-3,222.952820
D,DISPATCH,UNIT_SCADA,1,"2019/08/22 02:00:00",STAN-4,193.433430
D,DISPATCH,UNIT_SCADA,1,"2019/08/22 02:00:00",STWF1,181.89
D,DISPATCH,UNIT_SCADA,1,"2019/08/22 02:00:00",SWAN_E,0
D,DISPATCH,UNIT_SCADA,1,"2019/08/22 02:00:00",TALWA1,191
D,DISPATCH,UNIT_SCADA,1,"2019/08/22 02:00:00",TARALGA1,27.761250
D,DISPATCH,UNIT_SCADA,1,"2019/08/22 02:00:00",TARONG#1,281.700010
D,DISPATCH,UNIT_SCADA,1,"2019/08/22 02:00:00",TARONG#2,225.400010
D,DISPATCH,UNIT_SCADA,1,"2019/08/22 02:00:00",TARONG#3,260.700010
D,DISPATCH,UNIT_SCADA,1,"2019/08/22 02:00:00",TARONG#4,280
D,DISPATCH,UNIT_SCADA,1,"2019/08/22 02:00:00",TARRALEA,83.90
D,DISPATCH,UNIT_SCADA,1,"2019/08/22 02:00:00",TBSF1,-0.20
D,DISPATCH,UNIT_SCADA,1,"2019/08/22 02:00:00",TNPS1,399.400020
D,DISPATCH,UNIT_SCADA,1,"2019/08/22 02:00:00",TORRA1,47.816670
D,DISPATCH,UNIT_SCADA,1,"2019/08/22 02:00:00",TORRA2,0
D,DISPATCH,UNIT_SCADA,1,"2019/08/22 02:00:00",TORRA3,0
D,DISPATCH,UNIT_SCADA,1,"2019/08/22 02:00:00",TORRA4,0
D,DISPATCH,UNIT_SCADA,1,"2019/08/22 02:00:00",TORRB1,40.77
D,DISPATCH,UNIT_SCADA,1,"2019/08/22 02:00:00",TORRB2,39.99
D,DISPATCH,UNIT_SCADA,1,"2019/08/22 02:00:00",TORRB3,0
D,DISPATCH,UNIT_SCADA,1,"2019/08/22 02:00:00",TORRB4,0
D,DISPATCH,UNIT_SCADA,1,"2019/08/22 02:00:00",TREVALLN,1.60
D,DISPATCH,UNIT_SCADA,1,"2019/08/22 02:00:00",TRIBUTE,85.14
D,DISPATCH,UNIT_SCADA,1,"2019/08/22 02:00:00",TUMUT3,0
D,DISPATCH,UNIT_SCADA,1,"2019/08/22 02:00:00",TUNGATIN,13.10
D,DISPATCH,UNIT_SCADA,1,"2019/08/22 02:00:00",TVCC201,0
D,DISPATCH,UNIT_SCADA,1,"2019/08/22 02:00:00",TVPP104,0
D,DISPATCH,UNIT_SCADA,1,"2019/08/22 02:00:00",UPPTUMUT,0
D,DISPATCH,UNIT_SCADA,1,"2019/08/22 02:00:00",URANQ11,0
D,DISPATCH,UNIT_SCADA,1,"2019/08/22 02:00:00",URANQ12,0
D,DISPATCH,UNIT_SCADA,1,"2019/08/22 02:00:00",URANQ13,0
D,DISPATCH,UNIT_SCADA,1,"2019/08/22 02:00:00",URANQ14,0
D,DISPATCH,UNIT_SCADA,1,"2019/08/22 02:00:00",VP5,310.50
D,DISPATCH,UNIT_SCADA,1,"2019/08/22 02:00:00",VP6,306.824980
D,DISPATCH,UNIT_SCADA,1,"2019/08/22 02:00:00",VPGS1,0
D,DISPATCH,UNIT_SCADA,1,"2019/08/22 02:00:00",VPGS2,0
D,DISPATCH,UNIT_SCADA,1,"2019/08/22 02:00:00",VPGS3,0
D,DISPATCH,UNIT_SCADA,1,"2019/08/22 02:00:00",VPGS4,0
D,DISPATCH,UNIT_SCADA,1,"2019/08/22 02:00:00",VPGS5,0
D,DISPATCH,UNIT_SCADA,1,"2019/08/22 02:00:00",VPGS6,0
D,DISPATCH,UNIT_SCADA,1,"2019/08/22 02:00:00",W/HOE#1,0
D,DISPATCH,UNIT_SCADA,1,"2019/08/22 02:00:00",W/HOE#2,0
D,DISPATCH,UNIT_SCADA,1,"2019/08/22 02:00:00",WATERLWF,111.90
D,DISPATCH,UNIT_SCADA,1,"2019/08/22 02:00:00",WEMENSF1,0
D,DISPATCH,UNIT_SCADA,1,"2019/08/22 02:00:00",WGWF1,65.60
D,DISPATCH,UNIT_SCADA,1,"2019/08/22 02:00:00",WHITSF1,0
D,DISPATCH,UNIT_SCADA,1,"2019/08/22 02:00:00",WKIEWA1,31.50
D,DISPATCH,UNIT_SCADA,1,"2019/08/22 02:00:00",WKIEWA2,31.40
D,DISPATCH,UNIT_SCADA,1,"2019/08/22 02:00:00",WOODLWN1,44.6580
D,DISPATCH,UNIT_SCADA,1,"2019/08/22 02:00:00",WRSF1,0
D,DISPATCH,UNIT_SCADA,1,"2019/08/22 02:00:00",WRWF1,145.376250
D,DISPATCH,UNIT_SCADA,1,"2019/08/22 02:00:00",YABULU,0
D,DISPATCH,UNIT_SCADA,1,"2019/08/22 02:00:00",YABULU2,0
D,DISPATCH,UNIT_SCADA,1,"2019/08/22 02:00:00",YARWUN_1,0
D,DISPATCH,UNIT_SCADA,1,"2019/08/22 02:00:00",YENDWF1,42.08
D,DISPATCH,UNIT_SCADA,1,"2019/08/22 02:00:00",YWPS1,374.435460
D,DISPATCH,UNIT_SCADA,1,"2019/08/22 02:00:00",YWPS2,281.200010
D,DISPATCH,UNIT_SCADA,1,"2019/08/22 02:00:00",YWPS3,0
D,DISPATCH,UNIT_SCADA,1,"2019/08/22 02:00:00",YWPS4,398.625310
C,"END OF REPORT",334
