C,NEMP.WORLD,DISPATCHSCADA,AEMO,PUBLIC,2019/08/21,06:35:09,0000000311815459,DISPATCHSCADA,0000000311815453
I,DISPATCH,UNIT_SCADA,1,SETTLEMENTDATE,DUID,SCADAVALUE
D,DISPATCH,UNIT_SCADA,1,"2019/08/21 06:40:00",BARCSF1,0.50
D,DISPATCH,UNIT_SCADA,1,"2019/08/21 06:40:00",BUTLERSG,9.699999
D,DISPATCH,UNIT_SCADA,1,"2019/08/21 06:40:00",CALL_A_4,0
D,DISPATCH,UNIT_SCADA,1,"2019/08/21 06:40:00",CAPTL_WF,120.592003
D,DISPATCH,UNIT_SCADA,1,"2019/08/21 06:40:00",CATHROCK,36.969997
D,DISPATCH,UNIT_SCADA,1,"2019/08/21 06:40:00",CHALLHWF,37.400002
D,DISPATCH,UNIT_SCADA,1,"2019/08/21 06:40:00",CLOVER,-0.01
D,DISPATCH,UNIT_SCADA,1,"2019/08/21 06:40:00",CLUNY,20.244907
D,DISPATCH,UNIT_SCADA,1,"2019/08/21 06:40:00",CNUNDAWF,39.245781
D,DISPATCH,UNIT_SCADA,1,"2019/08/21 06:40:00",CULLRGWF,28.200001
D,DISPATCH,UNIT_SCADA,1,"2019/08/21 06:40:00",ERGT01,0
D,DISPATCH,UNIT_SCADA,1,"2019/08/21 06:40:00",GB01,0.056824
D,DISPATCH,UNIT_SCADA,1,"2019/08/21 06:40:00",GERMCRK,36.400002
D,DISPATCH,UNIT_SCADA,1,"2019/08/21 06:40:00",GRIFSF1,0
D,DISPATCH,UNIT_SCADA,1,"2019/08/21 06:40:00",HUGSF1,-0.2040
D,DISPATCH,UNIT_SCADA,1,"2019/08/21 06:40:00",LKBONNY1,62.516556
D,DISPATCH,UNIT_SCADA,1,"2019/08/21 06:40:00",LRSF1,0.0290
D,DISPATCH,UNIT_SCADA,1,"2019/08/21 06:40:00",MBAHNTH,55.856247
D,DISPATCH,UNIT_SCADA,1,"2019/08/21 06:40:00",MLSP1,0.283001
D,DISPATCH,UNIT_SCADA,1,"2019/08/21 06:40:00",MLWF1,14.2950
D,DISPATCH,UNIT_SCADA,1,"2019/08/21 06:40:00",MTMILLAR,22.271845
D,DISPATCH,UNIT_SCADA,1,"2019/08/21 06:40:00",PALOONA,27.029999
D,DISPATCH,UNIT_SCADA,1,"2019/08/21 06:40:00",PIONEER,44.900002
D,DISPATCH,UNIT_SCADA,1,"2019/08/21 06:40:00",PORTWF,135.899994
D,DISPATCH,UNIT_SCADA,1,"2019/08/21 06:40:00",REPULSE,29.240559
D,DISPATCH,UNIT_SCADA,1,"2019/08/21 06:40:00",ROWALLAN,10.2879
D,DISPATCH,UNIT_SCADA,1,"2019/08/21 06:40:00",ROYALLA1,0
D,DISPATCH,UNIT_SCADA,1,"2019/08/21 06:40:00",RPCG,10.80
D,DISPATCH,UNIT_SCADA,1,"2019/08/21 06:40:00",RUBICON,0
D,DISPATCH,UNIT_SCADA,1,"2019/08/21 06:40:00",SATGN1,0
D,DISPATCH,UNIT_SCADA,1,"2019/08/21 06:40:00",SATGS1,0
D,DISPATCH,UNIT_SCADA,1,"2019/08/21 06:40:00",STARHLWF,10.396968
D,DISPATCH,UNIT_SCADA,1,"2019/08/21 06:40:00",WAUBRAWF,180.850006
D,DISPATCH,UNIT_SCADA,1,"2019/08/21 06:40:00",WOOLNTH1,11.220016
D,DISPATCH,UNIT_SCADA,1,"2019/08/21 06:40:00",WPWF,19
D,DISPATCH,UNIT_SCADA,1,"2019/08/21 06:40:00",YAMBUKWF,29.799999
D,DISPATCH,UNIT_SCADA,1,"2019/08/21 06:40:00",YSWF1,26.50
D,DISPATCH,UNIT_SCADA,1,"2019/08/21 06:40:00",AGLHAL,0
D,DISPATCH,UNIT_SCADA,1,"2019/08/21 06:40:00",AGLSOM,0
D,DISPATCH,UNIT_SCADA,1,"2019/08/21 06:40:00",ANGAST1,0
D,DISPATCH,UNIT_SCADA,1,"2019/08/21 06:40:00",ARWF1,138.600010
D,DISPATCH,UNIT_SCADA,1,"2019/08/21 06:40:00",BALBG1,0.44
D,DISPATCH,UNIT_SCADA,1,"2019/08/21 06:40:00",BALBL1,0
D,DISPATCH,UNIT_SCADA,1,"2019/08/21 06:40:00",BALDHWF1,90.9280
D,DISPATCH,UNIT_SCADA,1,"2019/08/21 06:40:00",BANN1,0
D,DISPATCH,UNIT_SCADA,1,"2019/08/21 06:40:00",BARCALDN,0
D,DISPATCH,UNIT_SCADA,1,"2019/08/21 06:40:00",BARRON-1,0
D,DISPATCH,UNIT_SCADA,1,"2019/08/21 06:40:00",BARRON-2,0
D,DISPATCH,UNIT_SCADA,1,"2019/08/21 06:40:00",BASTYAN,79.320010
D,DISPATCH,UNIT_SCADA,1,"2019/08/21 06:40:00",BBTHREE1,-1.91
D,DISPATCH,UNIT_SCADA,1,"2019/08/21 06:40:00",BBTHREE2,-1.86
D,DISPATCH,UNIT_SCADA,1,"2019/08/21 06:40:00",BBTHREE3,-1.01
D,DISPATCH,UNIT_SCADA,1,"2019/08/21 06:40:00",BDL01,-0.24
D,DISPATCH,UNIT_SCADA,1,"2019/08/21 06:40:00",BDL02,0
D,DISPATCH,UNIT_SCADA,1,"2019/08/21 06:40:00",BERYLSF1,0
D,DISPATCH,UNIT_SCADA,1,"2019/08/21 06:40:00",BLOWERNG,0
D,DISPATCH,UNIT_SCADA,1,"2019/08/21 06:40:00",BLUFF1,40
D,DISPATCH,UNIT_SCADA,1,"2019/08/21 06:40:00",BNGSF1,0
D,DISPATCH,UNIT_SCADA,1,"2019/08/21 06:40:00",BNGSF2,0
D,DISPATCH,UNIT_SCADA,1,"2019/08/21 06:40:00",BOCORWF1,91.19
D,DISPATCH,UNIT_SCADA,1,"2019/08/21 06:40:00",BODWF1,62.230420
D,DISPATCH,UNIT_SCADA,1,"2019/08/21 06:40:00",BRAEMAR1,0
D,DISPATCH,UNIT_SCADA,1,"2019/08/21 06:40:00",BRAEMAR2,0
D,DISPATCH,UNIT_SCADA,1,"2019/08/21 06:40:00",BRAEMAR3,0
D,DISPATCH,UNIT_SCADA,1,"2019/08/21 06:40:00",BRAEMAR5,0
D,DISPATCH,UNIT_SCADA,1,"2019/08/21 06:40:00",BRAEMAR6,0
D,DISPATCH,UNIT_SCADA,1,"2019/08/21 06:40:00",BRAEMAR7,0
D,DISPATCH,UNIT_SCADA,1,"2019/08/21 06:40:00",BROKENH1,0
D,DISPATCH,UNIT_SCADA,1,"2019/08/21 06:40:00",BW01,637.450070
D,DISPATCH,UNIT_SCADA,1,"2019/08/21 06:40:00",BW02,631.824950
D,DISPATCH,UNIT_SCADA,1,"2019/08/21 06:40:00",BW03,640.200070
D,DISPATCH,UNIT_SCADA,1,"2019/08/21 06:40:00",BW04,0
D,DISPATCH,UNIT_SCADA,1,"2019/08/21 06:40:00",CALL_B_1,349.700010
D,DISPATCH,UNIT_SCADA,1,"2019/08/21 06:40:00",CALL_B_2,285.200010
D,DISPATCH,UNIT_SCADA,1,"2019/08/21 06:40:00",CETHANA,95.190750
D,DISPATCH,UNIT_SCADA,1,"2019/08/21 06:40:00",CG1,0
D,DISPATCH,UNIT_SCADA,1,"2019/08/21 06:40:00",CG2,0
D,DISPATCH,UNIT_SCADA,1,"2019/08/21 06:40:00",CG3,0
D,DISPATCH,UNIT_SCADA,1,"2019/08/21 06:40:00",CG4,0
D,DISPATCH,UNIT_SCADA,1,"2019/08/21 06:40:00",CHILDSF1,2.19
D,DISPATCH,UNIT_SCADA,1,"2019/08/21 06:40:00",CLARESF1,0
D,DISPATCH,UNIT_SCADA,1,"2019/08/21 06:40:00",CLEMGPWF,9.220480
D,DISPATCH,UNIT_SCADA,1,"2019/08/21 06:40:00",CLERMSF1,0
D,DISPATCH,UNIT_SCADA,1,"2019/08/21 06:40:00",COLEASF1,0
D,DISPATCH,UNIT_SCADA,1,"2019/08/21 06:40:00",COOPGWF1,35.1872
D,DISPATCH,UNIT_SCADA,1,"2019/08/21 06:40:00",CPP_3,405.350010
D,DISPATCH,UNIT_SCADA,1,"2019/08/21 06:40:00",CPP_4,404.524990
D,DISPATCH,UNIT_SCADA,1,"2019/08/21 06:40:00",CPSA,143.644380
D,DISPATCH,UNIT_SCADA,1,"2019/08/21 06:40:00",CROOKWF2,86.313740
D,DISPATCH,UNIT_SCADA,1,"2019/08/21 06:40:00",CROWLWF1,43.120640
D,DISPATCH,UNIT_SCADA,1,"2019/08/21 06:40:00",CSPVPS1,0.2770
D,DISPATCH,UNIT_SCADA,1,"2019/08/21 06:40:00",DALNTH01,0
D,DISPATCH,UNIT_SCADA,1,"2019/08/21 06:40:00",DALNTHL1,0.0473
D,DISPATCH,UNIT_SCADA,1,"2019/08/21 06:40:00",DARTM1,131.20
D,DISPATCH,UNIT_SCADA,1,"2019/08/21 06:40:00",DAYDSF1,0
D,DISPATCH,UNIT_SCADA,1,"2019/08/21 06:40:00",DDPS1,0
D,DISPATCH,UNIT_SCADA,1,"2019/08/21 06:40:00",DDSF1,0
D,DISPATCH,UNIT_SCADA,1,"2019/08/21 06:40:00",DEVILS_G,63.334450
D,DISPATCH,UNIT_SCADA,1,"2019/08/21 06:40:00",DG_NSW1,0
D,DISPATCH,UNIT_SCADA,1,"2019/08/21 06:40:00",DG_QLD1,0
D,DISPATCH,UNIT_SCADA,1,"2019/08/21 06:40:00",DG_SA1,0
D,DISPATCH,UNIT_SCADA,1,"2019/08/21 06:40:00",DG_TAS1,0
D,DISPATCH,UNIT_SCADA,1,"2019/08/21 06:40:00",DG_VIC1,0
D,DISPATCH,UNIT_SCADA,1,"2019/08/21 06:40:00",DRYCGT1,0
D,DISPATCH,UNIT_SCADA,1,"2019/08/21 06:40:00",DRYCGT2,0
D,DISPATCH,UNIT_SCADA,1,"2019/08/21 06:40:00",DRYCGT3,0
D,DISPATCH,UNIT_SCADA,1,"2019/08/21 06:40:00",EILDON1,0
D,DISPATCH,UNIT_SCADA,1,"2019/08/21 06:40:00",EILDON2,0
D,DISPATCH,UNIT_SCADA,1,"2019/08/21 06:40:00",EMERASF1,0
D,DISPATCH,UNIT_SCADA,1,"2019/08/21 06:40:00",ER01,593.599980
D,DISPATCH,UNIT_SCADA,1,"2019/08/21 06:40:00",ER02,644.699950
D,DISPATCH,UNIT_SCADA,1,"2019/08/21 06:40:00",ER03,700.50
D,DISPATCH,UNIT_SCADA,1,"2019/08/21 06:40:00",ER04,646.175050
D,DISPATCH,UNIT_SCADA,1,"2019/08/21 06:40:00",FINLYSF1,0
D,DISPATCH,UNIT_SCADA,1,"2019/08/21 06:40:00",FISHER,46
D,DISPATCH,UNIT_SCADA,1,"2019/08/21 06:40:00",GANNBG1,2.752490
D,DISPATCH,UNIT_SCADA,1,"2019/08/21 06:40:00",GANNBL1,0
D,DISPATCH,UNIT_SCADA,1,"2019/08/21 06:40:00",GANNSF1,0
D,DISPATCH,UNIT_SCADA,1,"2019/08/21 06:40:00",GORDON,10.559920
D,DISPATCH,UNIT_SCADA,1,"2019/08/21 06:40:00",GSTONE1,224.1750
D,DISPATCH,UNIT_SCADA,1,"2019/08/21 06:40:00",GSTONE2,224.524990
D,DISPATCH,UNIT_SCADA,1,"2019/08/21 06:40:00",GSTONE3,201.599990
D,DISPATCH,UNIT_SCADA,1,"2019/08/21 06:40:00",GSTONE4,217.1750
D,DISPATCH,UNIT_SCADA,1,"2019/08/21 06:40:00",GSTONE5,225.399990
D,DISPATCH,UNIT_SCADA,1,"2019/08/21 06:40:00",GSTONE6,0
D,DISPATCH,UNIT_SCADA,1,"2019/08/21 06:40:00",GULLRSF1,0
D,DISPATCH,UNIT_SCADA,1,"2019/08/21 06:40:00",GULLRWF1,158.9097
D,DISPATCH,UNIT_SCADA,1,"2019/08/21 06:40:00",GUNNING1,46.084230
D,DISPATCH,UNIT_SCADA,1,"2019/08/21 06:40:00",GUTHEGA,0
D,DISPATCH,UNIT_SCADA,1,"2019/08/21 06:40:00",HALLWF1,71.71
D,DISPATCH,UNIT_SCADA,1,"2019/08/21 06:40:00",HALLWF2,53.13
D,DISPATCH,UNIT_SCADA,1,"2019/08/21 06:40:00",HAMISF1,0
D,DISPATCH,UNIT_SCADA,1,"2019/08/21 06:40:00",HAUGHT11,0
D,DISPATCH,UNIT_SCADA,1,"2019/08/21 06:40:00",HAYMSF1,0
D,DISPATCH,UNIT_SCADA,1,"2019/08/21 06:40:00",HDWF1,71.70
D,DISPATCH,UNIT_SCADA,1,"2019/08/21 06:40:00",HDWF2,50.30
D,DISPATCH,UNIT_SCADA,1,"2019/08/21 06:40:00",HDWF3,63.20
D,DISPATCH,UNIT_SCADA,1,"2019/08/21 06:40:00",HPRG1,0
D,DISPATCH,UNIT_SCADA,1,"2019/08/21 06:40:00",HPRL1,27.20
D,DISPATCH,UNIT_SCADA,1,"2019/08/21 06:40:00",HUMENSW,0
D,DISPATCH,UNIT_SCADA,1,"2019/08/21 06:40:00",HUMEV,8.60
D,DISPATCH,UNIT_SCADA,1,"2019/08/21 06:40:00",HVGTS,0
D,DISPATCH,UNIT_SCADA,1,"2019/08/21 06:40:00",JBUTTERS,50.99
D,DISPATCH,UNIT_SCADA,1,"2019/08/21 06:40:00",JLA01,0.50
D,DISPATCH,UNIT_SCADA,1,"2019/08/21 06:40:00",JLA02,0
D,DISPATCH,UNIT_SCADA,1,"2019/08/21 06:40:00",JLA03,0.10
D,DISPATCH,UNIT_SCADA,1,"2019/08/21 06:40:00",JLA04,0.10
D,DISPATCH,UNIT_SCADA,1,"2019/08/21 06:40:00",JLB01,0
D,DISPATCH,UNIT_SCADA,1,"2019/08/21 06:40:00",JLB02,0.10
D,DISPATCH,UNIT_SCADA,1,"2019/08/21 06:40:00",JLB03,0
D,DISPATCH,UNIT_SCADA,1,"2019/08/21 06:40:00",KAREEYA1,21.4825
D,DISPATCH,UNIT_SCADA,1,"2019/08/21 06:40:00",KAREEYA2,21.6750
D,DISPATCH,UNIT_SCADA,1,"2019/08/21 06:40:00",KAREEYA3,0
D,DISPATCH,UNIT_SCADA,1,"2019/08/21 06:40:00",KAREEYA4,21.6925
D,DISPATCH,UNIT_SCADA,1,"2019/08/21 06:40:00",KARSF1,0
D,DISPATCH,UNIT_SCADA,1,"2019/08/21 06:40:00",KIATAWF1,30.80
D,DISPATCH,UNIT_SCADA,1,"2019/08/21 06:40:00",KPP_1,0
D,DISPATCH,UNIT_SCADA,1,"2019/08/21 06:40:00",KSP1,0
D,DISPATCH,UNIT_SCADA,1,"2019/08/21 06:40:00",LADBROK1,42.42
D,DISPATCH,UNIT_SCADA,1,"2019/08/21 06:40:00",LADBROK2,42.87
D,DISPATCH,UNIT_SCADA,1,"2019/08/21 06:40:00",LD01,378.168730
D,DISPATCH,UNIT_SCADA,1,"2019/08/21 06:40:00",LD02,380.887480
D,DISPATCH,UNIT_SCADA,1,"2019/08/21 06:40:00",LD03,384.450070
D,DISPATCH,UNIT_SCADA,1,"2019/08/21 06:40:00",LD04,379.781220
D,DISPATCH,UNIT_SCADA,1,"2019/08/21 06:40:00",LEM_WIL,85.603940
D,DISPATCH,UNIT_SCADA,1,"2019/08/21 06:40:00",LGAPWF1,15.83
D,DISPATCH,UNIT_SCADA,1,"2019/08/21 06:40:00",LILYSF1,0
D,DISPATCH,UNIT_SCADA,1,"2019/08/21 06:40:00",LI_WY_CA,147.801320
D,DISPATCH,UNIT_SCADA,1,"2019/08/21 06:40:00",LKBONNY2,139.232570
D,DISPATCH,UNIT_SCADA,1,"2019/08/21 06:40:00",LKBONNY3,34.330540
D,DISPATCH,UNIT_SCADA,1,"2019/08/21 06:40:00",LK_ECHO,0
D,DISPATCH,UNIT_SCADA,1,"2019/08/21 06:40:00",LNGS1,0
D,DISPATCH,UNIT_SCADA,1,"2019/08/21 06:40:00",LNGS2,0
D,DISPATCH,UNIT_SCADA,1,"2019/08/21 06:40:00",LONSDALE,0
D,DISPATCH,UNIT_SCADA,1,"2019/08/21 06:40:00",LOYYB1,535.712650
D,DISPATCH,UNIT_SCADA,1,"2019/08/21 06:40:00",LOYYB2,583.458250
D,DISPATCH,UNIT_SCADA,1,"2019/08/21 06:40:00",LYA1,519
D,DISPATCH,UNIT_SCADA,1,"2019/08/21 06:40:00",LYA2,0
D,DISPATCH,UNIT_SCADA,1,"2019/08/21 06:40:00",LYA3,561
D,DISPATCH,UNIT_SCADA,1,"2019/08/21 06:40:00",LYA4,539
D,DISPATCH,UNIT_SCADA,1,"2019/08/21 06:40:00",MACARTH1,330.792360
D,DISPATCH,UNIT_SCADA,1,"2019/08/21 06:40:00",MACKAYGT,0
D,DISPATCH,UNIT_SCADA,1,"2019/08/21 06:40:00",MACKNTSH,24.62
D,DISPATCH,UNIT_SCADA,1,"2019/08/21 06:40:00",MANSLR1,0
D,DISPATCH,UNIT_SCADA,1,"2019/08/21 06:40:00",MCKAY1,0.02
D,DISPATCH,UNIT_SCADA,1,"2019/08/21 06:40:00",MEADOWBK,34.124520
D,DISPATCH,UNIT_SCADA,1,"2019/08/21 06:40:00",MERCER01,129.112990
D,DISPATCH,UNIT_SCADA,1,"2019/08/21 06:40:00",MEWF1,107.638780
D,DISPATCH,UNIT_SCADA,1,"2019/08/21 06:40:00",MINTARO,0
D,DISPATCH,UNIT_SCADA,1,"2019/08/21 06:40:00",MOREESF1,0.2180
D,DISPATCH,UNIT_SCADA,1,"2019/08/21 06:40:00",MORTLK11,0
D,DISPATCH,UNIT_SCADA,1,"2019/08/21 06:40:00",MORTLK12,0
D,DISPATCH,UNIT_SCADA,1,"2019/08/21 06:40:00",MP1,278.300050
D,DISPATCH,UNIT_SCADA,1,"2019/08/21 06:40:00",MP2,0
D,DISPATCH,UNIT_SCADA,1,"2019/08/21 06:40:00",MPP_1,399
D,DISPATCH,UNIT_SCADA,1,"2019/08/21 06:40:00",MPP_2,435.25
D,DISPATCH,UNIT_SCADA,1,"2019/08/21 06:40:00",MSTUART1,0
D,DISPATCH,UNIT_SCADA,1,"2019/08/21 06:40:00",MSTUART2,0
D,DISPATCH,UNIT_SCADA,1,"2019/08/21 06:40:00",MSTUART3,0
D,DISPATCH,UNIT_SCADA,1,"2019/08/21 06:40:00",MTGELWF1,64.845730
D,DISPATCH,UNIT_SCADA,1,"2019/08/21 06:40:00",MURRAY,0
D,DISPATCH,UNIT_SCADA,1,"2019/08/21 06:40:00",MUSSELR1,163
D,DISPATCH,UNIT_SCADA,1,"2019/08/21 06:40:00",MUWAWF1,55.07
D,DISPATCH,UNIT_SCADA,1,"2019/08/21 06:40:00",NBHWF1,62.90
D,DISPATCH,UNIT_SCADA,1,"2019/08/21 06:40:00",NPS,0
D,DISPATCH,UNIT_SCADA,1,"2019/08/21 06:40:00",NUMURSF1,0
D,DISPATCH,UNIT_SCADA,1,"2019/08/21 06:40:00",NYNGAN1,0
D,DISPATCH,UNIT_SCADA,1,"2019/08/21 06:40:00",OAKEY1,0
D,DISPATCH,UNIT_SCADA,1,"2019/08/21 06:40:00",OAKEY1SF,0.5250
D,DISPATCH,UNIT_SCADA,1,"2019/08/21 06:40:00",OAKEY2,0
D,DISPATCH,UNIT_SCADA,1,"2019/08/21 06:40:00",OAKLAND1,61.80
D,DISPATCH,UNIT_SCADA,1,"2019/08/21 06:40:00",OSB-AG,0
D,DISPATCH,UNIT_SCADA,1,"2019/08/21 06:40:00",PARSF1,0
D,DISPATCH,UNIT_SCADA,1,"2019/08/21 06:40:00",POAT110,0
D,DISPATCH,UNIT_SCADA,1,"2019/08/21 06:40:00",POAT220,57.807210
D,DISPATCH,UNIT_SCADA,1,"2019/08/21 06:40:00",POR01,0
D,DISPATCH,UNIT_SCADA,1,"2019/08/21 06:40:00",POR03,0
D,DISPATCH,UNIT_SCADA,1,"2019/08/21 06:40:00",PPCCGT,174.894410
D,DISPATCH,UNIT_SCADA,1,"2019/08/21 06:40:00",PTSTAN1,0
D,DISPATCH,UNIT_SCADA,1,"2019/08/21 06:40:00",PUMP1,0
D,DISPATCH,UNIT_SCADA,1,"2019/08/21 06:40:00",PUMP2,0
D,DISPATCH,UNIT_SCADA,1,"2019/08/21 06:40:00",QPS1,29
D,DISPATCH,UNIT_SCADA,1,"2019/08/21 06:40:00",QPS2,0
D,DISPATCH,UNIT_SCADA,1,"2019/08/21 06:40:00",QPS3,0
D,DISPATCH,UNIT_SCADA,1,"2019/08/21 06:40:00",QPS4,0
D,DISPATCH,UNIT_SCADA,1,"2019/08/21 06:40:00",QPS5,0
D,DISPATCH,UNIT_SCADA,1,"2019/08/21 06:40:00",REECE1,112.370010
D,DISPATCH,UNIT_SCADA,1,"2019/08/21 06:40:00",REECE2,112.050010
D,DISPATCH,UNIT_SCADA,1,"2019/08/21 06:40:00",ROMA_7,0
D,DISPATCH,UNIT_SCADA,1,"2019/08/21 06:40:00",ROMA_8,0
D,DISPATCH,UNIT_SCADA,1,"2019/08/21 06:40:00",RRSF1,0
D,DISPATCH,UNIT_SCADA,1,"2019/08/21 06:40:00",RT_NSW1,0
D,DISPATCH,UNIT_SCADA,1,"2019/08/21 06:40:00",RT_NSW2,0
D,DISPATCH,UNIT_SCADA,1,"2019/08/21 06:40:00",RT_NSW3,0
D,DISPATCH,UNIT_SCADA,1,"2019/08/21 06:40:00",RT_NSW4,0
D,DISPATCH,UNIT_SCADA,1,"2019/08/21 06:40:00",RT_NSW5,0
D,DISPATCH,UNIT_SCADA,1,"2019/08/21 06:40:00",RT_NSW6,0
D,DISPATCH,UNIT_SCADA,1,"2019/08/21 06:40:00",RT_QLD1,0
D,DISPATCH,UNIT_SCADA,1,"2019/08/21 06:40:00",RT_SA1,0
D,DISPATCH,UNIT_SCADA,1,"2019/08/21 06:40:00",RT_SA2,0
D,DISPATCH,UNIT_SCADA,1,"2019/08/21 06:40:00",RT_SA3,0
D,DISPATCH,UNIT_SCADA,1,"2019/08/21 06:40:00",RT_SA4,0
D,DISPATCH,UNIT_SCADA,1,"2019/08/21 06:40:00",RT_SA5,0
D,DISPATCH,UNIT_SCADA,1,"2019/08/21 06:40:00",RT_SA6,0
D,DISPATCH,UNIT_SCADA,1,"2019/08/21 06:40:00",RT_TAS1,0
D,DISPATCH,UNIT_SCADA,1,"2019/08/21 06:40:00",RT_VIC1,0
D,DISPATCH,UNIT_SCADA,1,"2019/08/21 06:40:00",RT_VIC10,0
D,DISPATCH,UNIT_SCADA,1,"2019/08/21 06:40:00",RT_VIC11,0
D,DISPATCH,UNIT_SCADA,1,"2019/08/21 06:40:00",RT_VIC12,0
D,DISPATCH,UNIT_SCADA,1,"2019/08/21 06:40:00",RT_VIC2,0
D,DISPATCH,UNIT_SCADA,1,"2019/08/21 06:40:00",RT_VIC3,0
D,DISPATCH,UNIT_SCADA,1,"2019/08/21 06:40:00",RT_VIC4,0
D,DISPATCH,UNIT_SCADA,1,"2019/08/21 06:40:00",RT_VIC5,0
D,DISPATCH,UNIT_SCADA,1,"2019/08/21 06:40:00",RT_VIC6,0
D,DISPATCH,UNIT_SCADA,1,"2019/08/21 06:40:00",RT_VIC7,0
D,DISPATCH,UNIT_SCADA,1,"2019/08/21 06:40:00",RT_VIC8,0
D,DISPATCH,UNIT_SCADA,1,"2019/08/21 06:40:00",RT_VIC9,0
D,DISPATCH,UNIT_SCADA,1,"2019/08/21 06:40:00",RUGBYR1,0
D,DISPATCH,UNIT_SCADA,1,"2019/08/21 06:40:00",SALTCRK1,50.74
D,DISPATCH,UNIT_SCADA,1,"2019/08/21 06:40:00",SAPHWF1,177.796880
D,DISPATCH,UNIT_SCADA,1,"2019/08/21 06:40:00",SHGEN,26.929690
D,DISPATCH,UNIT_SCADA,1,"2019/08/21 06:40:00",SHPUMP,0
D,DISPATCH,UNIT_SCADA,1,"2019/08/21 06:40:00",SITHE01,0.1840
D,DISPATCH,UNIT_SCADA,1,"2019/08/21 06:40:00",SMCSF1,0
D,DISPATCH,UNIT_SCADA,1,"2019/08/21 06:40:00",SNOWNTH1,50.30
D,DISPATCH,UNIT_SCADA,1,"2019/08/21 06:40:00",SNOWSTH1,63.30
D,DISPATCH,UNIT_SCADA,1,"2019/08/21 06:40:00",SNOWTWN1,49.840230
D,DISPATCH,UNIT_SCADA,1,"2019/08/21 06:40:00",SNOWYP,0
D,DISPATCH,UNIT_SCADA,1,"2019/08/21 06:40:00",SNUG1,0.019440
D,DISPATCH,UNIT_SCADA,1,"2019/08/21 06:40:00",SRSF1,2.09
D,DISPATCH,UNIT_SCADA,1,"2019/08/21 06:40:00",STAN-1,0
D,DISPATCH,UNIT_SCADA,1,"2019/08/21 06:40:00",STAN-2,327.687070
D,DISPATCH,UNIT_SCADA,1,"2019/08/21 06:40:00",STAN-3,320.265560
D,DISPATCH,UNIT_SCADA,1,"2019/08/21 06:40:00",STAN-4,318.804320
D,DISPATCH,UNIT_SCADA,1,"2019/08/21 06:40:00",STWF1,117.8775
D,DISPATCH,UNIT_SCADA,1,"2019/08/21 06:40:00",SWAN_E,0
D,DISPATCH,UNIT_SCADA,1,"2019/08/21 06:40:00",TALWA1,419
D,DISPATCH,UNIT_SCADA,1,"2019/08/21 06:40:00",TARALGA1,88.0275
D,DISPATCH,UNIT_SCADA,1,"2019/08/21 06:40:00",TARONG#1,341
D,DISPATCH,UNIT_SCADA,1,"2019/08/21 06:40:00",TARONG#2,155.400010
D,DISPATCH,UNIT_SCADA,1,"2019/08/21 06:40:00",TARONG#3,259.600010
D,DISPATCH,UNIT_SCADA,1,"2019/08/21 06:40:00",TARONG#4,349.300020
D,DISPATCH,UNIT_SCADA,1,"2019/08/21 06:40:00",TARRALEA,85
D,DISPATCH,UNIT_SCADA,1,"2019/08/21 06:40:00",TBSF1,-0.20
D,DISPATCH,UNIT_SCADA,1,"2019/08/21 06:40:00",TNPS1,442.000030
D,DISPATCH,UNIT_SCADA,1,"2019/08/21 06:40:00",TORRA1,49.7779
D,DISPATCH,UNIT_SCADA,1,"2019/08/21 06:40:00",TORRA2,0
D,DISPATCH,UNIT_SCADA,1,"2019/08/21 06:40:00",TORRA3,0
D,DISPATCH,UNIT_SCADA,1,"2019/08/21 06:40:00",TORRA4,0
D,DISPATCH,UNIT_SCADA,1,"2019/08/21 06:40:00",TORRB1,56.04
D,DISPATCH,UNIT_SCADA,1,"2019/08/21 06:40:00",TORRB2,71.40
D,DISPATCH,UNIT_SCADA,1,"2019/08/21 06:40:00",TORRB3,0
D,DISPATCH,UNIT_SCADA,1,"2019/08/21 06:40:00",TORRB4,0
D,DISPATCH,UNIT_SCADA,1,"2019/08/21 06:40:00",TREVALLN,69.190020
D,DISPATCH,UNIT_SCADA,1,"2019/08/21 06:40:00",TRIBUTE,19.43
D,DISPATCH,UNIT_SCADA,1,"2019/08/21 06:40:00",TUMUT3,250.159990
D,DISPATCH,UNIT_SCADA,1,"2019/08/21 06:40:00",TUNGATIN,131.000030
D,DISPATCH,UNIT_SCADA,1,"2019/08/21 06:40:00",TVCC201,0
D,DISPATCH,UNIT_SCADA,1,"2019/08/21 06:40:00",TVPP104,0
D,DISPATCH,UNIT_SCADA,1,"2019/08/21 06:40:00",UPPTUMUT,0
D,DISPATCH,UNIT_SCADA,1,"2019/08/21 06:40:00",URANQ11,0
D,DISPATCH,UNIT_SCADA,1,"2019/08/21 06:40:00",URANQ12,0
D,DISPATCH,UNIT_SCADA,1,"2019/08/21 06:40:00",URANQ13,0
D,DISPATCH,UNIT_SCADA,1,"2019/08/21 06:40:00",URANQ14,0
D,DISPATCH,UNIT_SCADA,1,"2019/08/21 06:40:00",VP5,552.325010
D,DISPATCH,UNIT_SCADA,1,"2019/08/21 06:40:00",VP6,544.925050
D,DISPATCH,UNIT_SCADA,1,"2019/08/21 06:40:00",VPGS1,0
D,DISPATCH,UNIT_SCADA,1,"2019/08/21 06:40:00",VPGS2,0
D,DISPATCH,UNIT_SCADA,1,"2019/08/21 06:40:00",VPGS3,0
D,DISPATCH,UNIT_SCADA,1,"2019/08/21 06:40:00",VPGS4,0
D,DISPATCH,UNIT_SCADA,1,"2019/08/21 06:40:00",VPGS5,0
D,DISPATCH,UNIT_SCADA,1,"2019/08/21 06:40:00",VPGS6,0
D,DISPATCH,UNIT_SCADA,1,"2019/08/21 06:40:00",W/HOE#1,161.25
D,DISPATCH,UNIT_SCADA,1,"2019/08/21 06:40:00",W/HOE#2,0
D,DISPATCH,UNIT_SCADA,1,"2019/08/21 06:40:00",WATERLWF,104.10
D,DISPATCH,UNIT_SCADA,1,"2019/08/21 06:40:00",WEMENSF1,0
D,DISPATCH,UNIT_SCADA,1,"2019/08/21 06:40:00",WGWF1,63.70
D,DISPATCH,UNIT_SCADA,1,"2019/08/21 06:40:00",WHITSF1,0
D,DISPATCH,UNIT_SCADA,1,"2019/08/21 06:40:00",WKIEWA1,0
D,DISPATCH,UNIT_SCADA,1,"2019/08/21 06:40:00",WKIEWA2,0.10
D,DISPATCH,UNIT_SCADA,1,"2019/08/21 06:40:00",WOODLWN1,45.0360
D,DISPATCH,UNIT_SCADA,1,"2019/08/21 06:40:00",WRSF1,0.32
D,DISPATCH,UNIT_SCADA,1,"2019/08/21 06:40:00",WRWF1,125.962490
D,DISPATCH,UNIT_SCADA,1,"2019/08/21 06:40:00",YABULU,0
D,DISPATCH,UNIT_SCADA,1,"2019/08/21 06:40:00",YABULU2,0
D,DISPATCH,UNIT_SCADA,1,"2019/08/21 06:40:00",YARWUN_1,0
D,DISPATCH,UNIT_SCADA,1,"2019/08/21 06:40:00",YENDWF1,42.33
D,DISPATCH,UNIT_SCADA,1,"2019/08/21 06:40:00",YWPS1,326.564540
D,DISPATCH,UNIT_SCADA,1,"2019/08/21 06:40:00",YWPS2,277.440520
D,DISPATCH,UNIT_SCADA,1,"2019/08/21 06:40:00",YWPS3,0
D,DISPATCH,UNIT_SCADA,1,"2019/08/21 06:40:00",YWPS4,394.955690
C,"END OF REPORT",334
