C,NEMP.WORLD,DISPATCHSCADA,AEMO,PUBLIC,2019/08/22,20:05:08,0000000311880560,DISPATCHSCADA,0000000311880554
I,DISPATCH,UNIT_SCADA,1,SETTLEMENTDATE,DUID,SCADAVALUE
D,DISPATCH,UNIT_SCADA,1,"2019/08/22 20:10:00",BARCSF1,0.40
D,DISPATCH,UNIT_SCADA,1,"2019/08/22 20:10:00",BUTLERSG,9.699999
D,DISPATCH,UNIT_SCADA,1,"2019/08/22 20:10:00",CALL_A_4,0
D,DISPATCH,UNIT_SCADA,1,"2019/08/22 20:10:00",CAPTL_WF,53.811996
D,DISPATCH,UNIT_SCADA,1,"2019/08/22 20:10:00",CATHROCK,2
D,DISPATCH,UNIT_SCADA,1,"2019/08/22 20:10:00",CHALLHWF,3.70
D,DISPATCH,UNIT_SCADA,1,"2019/08/22 20:10:00",CLOVER,-0.01
D,DISPATCH,UNIT_SCADA,1,"2019/08/22 20:10:00",CLUNY,20.183565
D,DISPATCH,UNIT_SCADA,1,"2019/08/22 20:10:00",CNUNDAWF,0.901051
D,DISPATCH,UNIT_SCADA,1,"2019/08/22 20:10:00",CULLRGWF,3.40
D,DISPATCH,UNIT_SCADA,1,"2019/08/22 20:10:00",ERGT01,0
D,DISPATCH,UNIT_SCADA,1,"2019/08/22 20:10:00",GB01,0.068310
D,DISPATCH,UNIT_SCADA,1,"2019/08/22 20:10:00",GERMCRK,34.900002
D,DISPATCH,UNIT_SCADA,1,"2019/08/22 20:10:00",GRIFSF1,0
D,DISPATCH,UNIT_SCADA,1,"2019/08/22 20:10:00",HUGSF1,-0.2070
D,DISPATCH,UNIT_SCADA,1,"2019/08/22 20:10:00",LKBONNY1,1.518259
D,DISPATCH,UNIT_SCADA,1,"2019/08/22 20:10:00",LRSF1,-0.0180
D,DISPATCH,UNIT_SCADA,1,"2019/08/22 20:10:00",MBAHNTH,47.137497
D,DISPATCH,UNIT_SCADA,1,"2019/08/22 20:10:00",MLSP1,0.180001
D,DISPATCH,UNIT_SCADA,1,"2019/08/22 20:10:00",MLWF1,1.6350
D,DISPATCH,UNIT_SCADA,1,"2019/08/22 20:10:00",MTMILLAR,3.869482
D,DISPATCH,UNIT_SCADA,1,"2019/08/22 20:10:00",PALOONA,28.709999
D,DISPATCH,UNIT_SCADA,1,"2019/08/22 20:10:00",PIONEER,49.100002
D,DISPATCH,UNIT_SCADA,1,"2019/08/22 20:10:00",PORTWF,-0.20
D,DISPATCH,UNIT_SCADA,1,"2019/08/22 20:10:00",REPULSE,28.980545
D,DISPATCH,UNIT_SCADA,1,"2019/08/22 20:10:00",ROWALLAN,10.2311
D,DISPATCH,UNIT_SCADA,1,"2019/08/22 20:10:00",ROYALLA1,0
D,DISPATCH,UNIT_SCADA,1,"2019/08/22 20:10:00",RPCG,11.90
D,DISPATCH,UNIT_SCADA,1,"2019/08/22 20:10:00",RUBICON,0
D,DISPATCH,UNIT_SCADA,1,"2019/08/22 20:10:00",SATGN1,0
D,DISPATCH,UNIT_SCADA,1,"2019/08/22 20:10:00",SATGS1,0
D,DISPATCH,UNIT_SCADA,1,"2019/08/22 20:10:00",STARHLWF,-0.099971
D,DISPATCH,UNIT_SCADA,1,"2019/08/22 20:10:00",WAUBRAWF,80.095001
D,DISPATCH,UNIT_SCADA,1,"2019/08/22 20:10:00",WOOLNTH1,56.980019
D,DISPATCH,UNIT_SCADA,1,"2019/08/22 20:10:00",WPWF,0
D,DISPATCH,UNIT_SCADA,1,"2019/08/22 20:10:00",YAMBUKWF,1.40
D,DISPATCH,UNIT_SCADA,1,"2019/08/22 20:10:00",YSWF1,2.70
D,DISPATCH,UNIT_SCADA,1,"2019/08/22 20:10:00",AGLHAL,65.3325
D,DISPATCH,UNIT_SCADA,1,"2019/08/22 20:10:00",AGLSOM,81.60
D,DISPATCH,UNIT_SCADA,1,"2019/08/22 20:10:00",ANGAST1,0
D,DISPATCH,UNIT_SCADA,1,"2019/08/22 20:10:00",ARWF1,64.70
D,DISPATCH,UNIT_SCADA,1,"2019/08/22 20:10:00",BALBG1,0
D,DISPATCH,UNIT_SCADA,1,"2019/08/22 20:10:00",BALBL1,0
D,DISPATCH,UNIT_SCADA,1,"2019/08/22 20:10:00",BALDHWF1,45.1640
D,DISPATCH,UNIT_SCADA,1,"2019/08/22 20:10:00",BANN1,0
D,DISPATCH,UNIT_SCADA,1,"2019/08/22 20:10:00",BARCALDN,0
D,DISPATCH,UNIT_SCADA,1,"2019/08/22 20:10:00",BARRON-1,0
D,DISPATCH,UNIT_SCADA,1,"2019/08/22 20:10:00",BARRON-2,28.40
D,DISPATCH,UNIT_SCADA,1,"2019/08/22 20:10:00",BASTYAN,78.030010
D,DISPATCH,UNIT_SCADA,1,"2019/08/22 20:10:00",BBTHREE1,-1.95
D,DISPATCH,UNIT_SCADA,1,"2019/08/22 20:10:00",BBTHREE2,-1.99
D,DISPATCH,UNIT_SCADA,1,"2019/08/22 20:10:00",BBTHREE3,-1.01
D,DISPATCH,UNIT_SCADA,1,"2019/08/22 20:10:00",BDL01,44.94
D,DISPATCH,UNIT_SCADA,1,"2019/08/22 20:10:00",BDL02,44.64
D,DISPATCH,UNIT_SCADA,1,"2019/08/22 20:10:00",BERYLSF1,-0.179440
D,DISPATCH,UNIT_SCADA,1,"2019/08/22 20:10:00",BLOWERNG,0
D,DISPATCH,UNIT_SCADA,1,"2019/08/22 20:10:00",BLUFF1,-0.10
D,DISPATCH,UNIT_SCADA,1,"2019/08/22 20:10:00",BNGSF1,0
D,DISPATCH,UNIT_SCADA,1,"2019/08/22 20:10:00",BNGSF2,0
D,DISPATCH,UNIT_SCADA,1,"2019/08/22 20:10:00",BOCORWF1,58.88
D,DISPATCH,UNIT_SCADA,1,"2019/08/22 20:10:00",BODWF1,55.969450
D,DISPATCH,UNIT_SCADA,1,"2019/08/22 20:10:00",BRAEMAR1,158.400010
D,DISPATCH,UNIT_SCADA,1,"2019/08/22 20:10:00",BRAEMAR2,172.80
D,DISPATCH,UNIT_SCADA,1,"2019/08/22 20:10:00",BRAEMAR3,170.400010
D,DISPATCH,UNIT_SCADA,1,"2019/08/22 20:10:00",BRAEMAR5,0
D,DISPATCH,UNIT_SCADA,1,"2019/08/22 20:10:00",BRAEMAR6,159.524640
D,DISPATCH,UNIT_SCADA,1,"2019/08/22 20:10:00",BRAEMAR7,159.9879
D,DISPATCH,UNIT_SCADA,1,"2019/08/22 20:10:00",BROKENH1,0
D,DISPATCH,UNIT_SCADA,1,"2019/08/22 20:10:00",BW01,663.650020
D,DISPATCH,UNIT_SCADA,1,"2019/08/22 20:10:00",BW02,657.900020
D,DISPATCH,UNIT_SCADA,1,"2019/08/22 20:10:00",BW03,667.25
D,DISPATCH,UNIT_SCADA,1,"2019/08/22 20:10:00",BW04,0
D,DISPATCH,UNIT_SCADA,1,"2019/08/22 20:10:00",CALL_B_1,110.30
D,DISPATCH,UNIT_SCADA,1,"2019/08/22 20:10:00",CALL_B_2,350.50
D,DISPATCH,UNIT_SCADA,1,"2019/08/22 20:10:00",CETHANA,98.244380
D,DISPATCH,UNIT_SCADA,1,"2019/08/22 20:10:00",CG1,0
D,DISPATCH,UNIT_SCADA,1,"2019/08/22 20:10:00",CG2,0
D,DISPATCH,UNIT_SCADA,1,"2019/08/22 20:10:00",CG3,0
D,DISPATCH,UNIT_SCADA,1,"2019/08/22 20:10:00",CG4,0
D,DISPATCH,UNIT_SCADA,1,"2019/08/22 20:10:00",CHILDSF1,0
D,DISPATCH,UNIT_SCADA,1,"2019/08/22 20:10:00",CLARESF1,0
D,DISPATCH,UNIT_SCADA,1,"2019/08/22 20:10:00",CLEMGPWF,-0.216110
D,DISPATCH,UNIT_SCADA,1,"2019/08/22 20:10:00",CLERMSF1,0
D,DISPATCH,UNIT_SCADA,1,"2019/08/22 20:10:00",COLEASF1,0
D,DISPATCH,UNIT_SCADA,1,"2019/08/22 20:10:00",COOPGWF1,26.970230
D,DISPATCH,UNIT_SCADA,1,"2019/08/22 20:10:00",CPP_3,406.175020
D,DISPATCH,UNIT_SCADA,1,"2019/08/22 20:10:00",CPP_4,405.6250
D,DISPATCH,UNIT_SCADA,1,"2019/08/22 20:10:00",CPSA,143.2075
D,DISPATCH,UNIT_SCADA,1,"2019/08/22 20:10:00",CROOKWF2,0.5875
D,DISPATCH,UNIT_SCADA,1,"2019/08/22 20:10:00",CROWLWF1,13.152260
D,DISPATCH,UNIT_SCADA,1,"2019/08/22 20:10:00",CSPVPS1,0
D,DISPATCH,UNIT_SCADA,1,"2019/08/22 20:10:00",DALNTH01,0
D,DISPATCH,UNIT_SCADA,1,"2019/08/22 20:10:00",DALNTHL1,0.010680
D,DISPATCH,UNIT_SCADA,1,"2019/08/22 20:10:00",DARTM1,134.399990
D,DISPATCH,UNIT_SCADA,1,"2019/08/22 20:10:00",DAYDSF1,0
D,DISPATCH,UNIT_SCADA,1,"2019/08/22 20:10:00",DDPS1,631.658570
D,DISPATCH,UNIT_SCADA,1,"2019/08/22 20:10:00",DDSF1,0
D,DISPATCH,UNIT_SCADA,1,"2019/08/22 20:10:00",DEVILS_G,0
D,DISPATCH,UNIT_SCADA,1,"2019/08/22 20:10:00",DG_NSW1,0
D,DISPATCH,UNIT_SCADA,1,"2019/08/22 20:10:00",DG_QLD1,0
D,DISPATCH,UNIT_SCADA,1,"2019/08/22 20:10:00",DG_SA1,0
D,DISPATCH,UNIT_SCADA,1,"2019/08/22 20:10:00",DG_TAS1,0
D,DISPATCH,UNIT_SCADA,1,"2019/08/22 20:10:00",DG_VIC1,0
D,DISPATCH,UNIT_SCADA,1,"2019/08/22 20:10:00",DRYCGT1,0
D,DISPATCH,UNIT_SCADA,1,"2019/08/22 20:10:00",DRYCGT2,0
D,DISPATCH,UNIT_SCADA,1,"2019/08/22 20:10:00",DRYCGT3,0
D,DISPATCH,UNIT_SCADA,1,"2019/08/22 20:10:00",EILDON1,0
D,DISPATCH,UNIT_SCADA,1,"2019/08/22 20:10:00",EILDON2,37.16
D,DISPATCH,UNIT_SCADA,1,"2019/08/22 20:10:00",EMERASF1,0
D,DISPATCH,UNIT_SCADA,1,"2019/08/22 20:10:00",ER01,592.924930
D,DISPATCH,UNIT_SCADA,1,"2019/08/22 20:10:00",ER02,700.800050
D,DISPATCH,UNIT_SCADA,1,"2019/08/22 20:10:00",ER03,699.8999
D,DISPATCH,UNIT_SCADA,1,"2019/08/22 20:10:00",ER04,699.8999
D,DISPATCH,UNIT_SCADA,1,"2019/08/22 20:10:00",FINLYSF1,0
D,DISPATCH,UNIT_SCADA,1,"2019/08/22 20:10:00",FISHER,45.99
D,DISPATCH,UNIT_SCADA,1,"2019/08/22 20:10:00",GANNBG1,5.435350
D,DISPATCH,UNIT_SCADA,1,"2019/08/22 20:10:00",GANNBL1,0
D,DISPATCH,UNIT_SCADA,1,"2019/08/22 20:10:00",GANNSF1,0
D,DISPATCH,UNIT_SCADA,1,"2019/08/22 20:10:00",GORDON,130.400480
D,DISPATCH,UNIT_SCADA,1,"2019/08/22 20:10:00",GSTONE1,271.600010
D,DISPATCH,UNIT_SCADA,1,"2019/08/22 20:10:00",GSTONE2,230.1250
D,DISPATCH,UNIT_SCADA,1,"2019/08/22 20:10:00",GSTONE3,250.25
D,DISPATCH,UNIT_SCADA,1,"2019/08/22 20:10:00",GSTONE4,262.50
D,DISPATCH,UNIT_SCADA,1,"2019/08/22 20:10:00",GSTONE5,275.449980
D,DISPATCH,UNIT_SCADA,1,"2019/08/22 20:10:00",GSTONE6,0
D,DISPATCH,UNIT_SCADA,1,"2019/08/22 20:10:00",GULLRSF1,0
D,DISPATCH,UNIT_SCADA,1,"2019/08/22 20:10:00",GULLRWF1,12.451480
D,DISPATCH,UNIT_SCADA,1,"2019/08/22 20:10:00",GUNNING1,1.788820
D,DISPATCH,UNIT_SCADA,1,"2019/08/22 20:10:00",GUTHEGA,31.30
D,DISPATCH,UNIT_SCADA,1,"2019/08/22 20:10:00",HALLWF1,0.14
D,DISPATCH,UNIT_SCADA,1,"2019/08/22 20:10:00",HALLWF2,-0.45
D,DISPATCH,UNIT_SCADA,1,"2019/08/22 20:10:00",HAMISF1,0
D,DISPATCH,UNIT_SCADA,1,"2019/08/22 20:10:00",HAUGHT11,0
D,DISPATCH,UNIT_SCADA,1,"2019/08/22 20:10:00",HAYMSF1,0
D,DISPATCH,UNIT_SCADA,1,"2019/08/22 20:10:00",HDWF1,11.80
D,DISPATCH,UNIT_SCADA,1,"2019/08/22 20:10:00",HDWF2,10.60
D,DISPATCH,UNIT_SCADA,1,"2019/08/22 20:10:00",HDWF3,13.40
D,DISPATCH,UNIT_SCADA,1,"2019/08/22 20:10:00",HPRG1,2.30
D,DISPATCH,UNIT_SCADA,1,"2019/08/22 20:10:00",HPRL1,0
D,DISPATCH,UNIT_SCADA,1,"2019/08/22 20:10:00",HUMENSW,0
D,DISPATCH,UNIT_SCADA,1,"2019/08/22 20:10:00",HUMEV,9.20
D,DISPATCH,UNIT_SCADA,1,"2019/08/22 20:10:00",HVGTS,0
D,DISPATCH,UNIT_SCADA,1,"2019/08/22 20:10:00",JBUTTERS,139.899990
D,DISPATCH,UNIT_SCADA,1,"2019/08/22 20:10:00",JLA01,54.10
D,DISPATCH,UNIT_SCADA,1,"2019/08/22 20:10:00",JLA02,53.80
D,DISPATCH,UNIT_SCADA,1,"2019/08/22 20:10:00",JLA03,0.10
D,DISPATCH,UNIT_SCADA,1,"2019/08/22 20:10:00",JLA04,0.10
D,DISPATCH,UNIT_SCADA,1,"2019/08/22 20:10:00",JLB01,0
D,DISPATCH,UNIT_SCADA,1,"2019/08/22 20:10:00",JLB02,84.10
D,DISPATCH,UNIT_SCADA,1,"2019/08/22 20:10:00",JLB03,84.10
D,DISPATCH,UNIT_SCADA,1,"2019/08/22 20:10:00",KAREEYA1,21.5325
D,DISPATCH,UNIT_SCADA,1,"2019/08/22 20:10:00",KAREEYA2,21.6625
D,DISPATCH,UNIT_SCADA,1,"2019/08/22 20:10:00",KAREEYA3,0
D,DISPATCH,UNIT_SCADA,1,"2019/08/22 20:10:00",KAREEYA4,21.7450
D,DISPATCH,UNIT_SCADA,1,"2019/08/22 20:10:00",KARSF1,0
D,DISPATCH,UNIT_SCADA,1,"2019/08/22 20:10:00",KIATAWF1,6.40
D,DISPATCH,UNIT_SCADA,1,"2019/08/22 20:10:00",KPP_1,0
D,DISPATCH,UNIT_SCADA,1,"2019/08/22 20:10:00",KSP1,0
D,DISPATCH,UNIT_SCADA,1,"2019/08/22 20:10:00",LADBROK1,42.84
D,DISPATCH,UNIT_SCADA,1,"2019/08/22 20:10:00",LADBROK2,43.58
D,DISPATCH,UNIT_SCADA,1,"2019/08/22 20:10:00",LD01,423.525050
D,DISPATCH,UNIT_SCADA,1,"2019/08/22 20:10:00",LD02,419.25
D,DISPATCH,UNIT_SCADA,1,"2019/08/22 20:10:00",LD03,421.387480
D,DISPATCH,UNIT_SCADA,1,"2019/08/22 20:10:00",LD04,385.349910
D,DISPATCH,UNIT_SCADA,1,"2019/08/22 20:10:00",LEM_WIL,86.237350
D,DISPATCH,UNIT_SCADA,1,"2019/08/22 20:10:00",LGAPWF1,13.13
D,DISPATCH,UNIT_SCADA,1,"2019/08/22 20:10:00",LILYSF1,0
D,DISPATCH,UNIT_SCADA,1,"2019/08/22 20:10:00",LI_WY_CA,149.011030
D,DISPATCH,UNIT_SCADA,1,"2019/08/22 20:10:00",LKBONNY2,1.607490
D,DISPATCH,UNIT_SCADA,1,"2019/08/22 20:10:00",LKBONNY3,1.563020
D,DISPATCH,UNIT_SCADA,1,"2019/08/22 20:10:00",LK_ECHO,0
D,DISPATCH,UNIT_SCADA,1,"2019/08/22 20:10:00",LNGS1,0
D,DISPATCH,UNIT_SCADA,1,"2019/08/22 20:10:00",LNGS2,0
D,DISPATCH,UNIT_SCADA,1,"2019/08/22 20:10:00",LONSDALE,0
D,DISPATCH,UNIT_SCADA,1,"2019/08/22 20:10:00",LOYYB1,536.464540
D,DISPATCH,UNIT_SCADA,1,"2019/08/22 20:10:00",LOYYB2,586.089840
D,DISPATCH,UNIT_SCADA,1,"2019/08/22 20:10:00",LYA1,561
D,DISPATCH,UNIT_SCADA,1,"2019/08/22 20:10:00",LYA2,0
D,DISPATCH,UNIT_SCADA,1,"2019/08/22 20:10:00",LYA3,560
D,DISPATCH,UNIT_SCADA,1,"2019/08/22 20:10:00",LYA4,539
D,DISPATCH,UNIT_SCADA,1,"2019/08/22 20:10:00",MACARTH1,0
D,DISPATCH,UNIT_SCADA,1,"2019/08/22 20:10:00",MACKAYGT,0
D,DISPATCH,UNIT_SCADA,1,"2019/08/22 20:10:00",MACKNTSH,86.570010
D,DISPATCH,UNIT_SCADA,1,"2019/08/22 20:10:00",MANSLR1,0
D,DISPATCH,UNIT_SCADA,1,"2019/08/22 20:10:00",MCKAY1,206.394990
D,DISPATCH,UNIT_SCADA,1,"2019/08/22 20:10:00",MEADOWBK,34.0102
D,DISPATCH,UNIT_SCADA,1,"2019/08/22 20:10:00",MERCER01,7.1650
D,DISPATCH,UNIT_SCADA,1,"2019/08/22 20:10:00",MEWF1,0
D,DISPATCH,UNIT_SCADA,1,"2019/08/22 20:10:00",MINTARO,0
D,DISPATCH,UNIT_SCADA,1,"2019/08/22 20:10:00",MOREESF1,0
D,DISPATCH,UNIT_SCADA,1,"2019/08/22 20:10:00",MORTLK11,259
D,DISPATCH,UNIT_SCADA,1,"2019/08/22 20:10:00",MORTLK12,0
D,DISPATCH,UNIT_SCADA,1,"2019/08/22 20:10:00",MP1,285.099980
D,DISPATCH,UNIT_SCADA,1,"2019/08/22 20:10:00",MP2,0
D,DISPATCH,UNIT_SCADA,1,"2019/08/22 20:10:00",MPP_1,409.75
D,DISPATCH,UNIT_SCADA,1,"2019/08/22 20:10:00",MPP_2,432.25
D,DISPATCH,UNIT_SCADA,1,"2019/08/22 20:10:00",MSTUART1,0
D,DISPATCH,UNIT_SCADA,1,"2019/08/22 20:10:00",MSTUART2,0
D,DISPATCH,UNIT_SCADA,1,"2019/08/22 20:10:00",MSTUART3,0
D,DISPATCH,UNIT_SCADA,1,"2019/08/22 20:10:00",MTGELWF1,2.088990
D,DISPATCH,UNIT_SCADA,1,"2019/08/22 20:10:00",MURRAY,1072.635250
D,DISPATCH,UNIT_SCADA,1,"2019/08/22 20:10:00",MUSSELR1,25.40
D,DISPATCH,UNIT_SCADA,1,"2019/08/22 20:10:00",MUWAWF1,8.18
D,DISPATCH,UNIT_SCADA,1,"2019/08/22 20:10:00",NBHWF1,0
D,DISPATCH,UNIT_SCADA,1,"2019/08/22 20:10:00",NPS,512.6250
D,DISPATCH,UNIT_SCADA,1,"2019/08/22 20:10:00",NUMURSF1,0
D,DISPATCH,UNIT_SCADA,1,"2019/08/22 20:10:00",NYNGAN1,0
D,DISPATCH,UNIT_SCADA,1,"2019/08/22 20:10:00",OAKEY1,0
D,DISPATCH,UNIT_SCADA,1,"2019/08/22 20:10:00",OAKEY1SF,0.02
D,DISPATCH,UNIT_SCADA,1,"2019/08/22 20:10:00",OAKEY2,0
D,DISPATCH,UNIT_SCADA,1,"2019/08/22 20:10:00",OAKLAND1,8.40
D,DISPATCH,UNIT_SCADA,1,"2019/08/22 20:10:00",OSB-AG,183.700010
D,DISPATCH,UNIT_SCADA,1,"2019/08/22 20:10:00",PARSF1,0
D,DISPATCH,UNIT_SCADA,1,"2019/08/22 20:10:00",POAT110,79.0996
D,DISPATCH,UNIT_SCADA,1,"2019/08/22 20:10:00",POAT220,141.146560
D,DISPATCH,UNIT_SCADA,1,"2019/08/22 20:10:00",POR01,0
D,DISPATCH,UNIT_SCADA,1,"2019/08/22 20:10:00",POR03,0
D,DISPATCH,UNIT_SCADA,1,"2019/08/22 20:10:00",PPCCGT,492.998050
D,DISPATCH,UNIT_SCADA,1,"2019/08/22 20:10:00",PTSTAN1,0
D,DISPATCH,UNIT_SCADA,1,"2019/08/22 20:10:00",PUMP1,0
D,DISPATCH,UNIT_SCADA,1,"2019/08/22 20:10:00",PUMP2,0
D,DISPATCH,UNIT_SCADA,1,"2019/08/22 20:10:00",QPS1,29.10
D,DISPATCH,UNIT_SCADA,1,"2019/08/22 20:10:00",QPS2,0
D,DISPATCH,UNIT_SCADA,1,"2019/08/22 20:10:00",QPS3,0
D,DISPATCH,UNIT_SCADA,1,"2019/08/22 20:10:00",QPS4,0
D,DISPATCH,UNIT_SCADA,1,"2019/08/22 20:10:00",QPS5,125.68
D,DISPATCH,UNIT_SCADA,1,"2019/08/22 20:10:00",REECE1,118.050010
D,DISPATCH,UNIT_SCADA,1,"2019/08/22 20:10:00",REECE2,118.970010
D,DISPATCH,UNIT_SCADA,1,"2019/08/22 20:10:00",ROMA_7,0
D,DISPATCH,UNIT_SCADA,1,"2019/08/22 20:10:00",ROMA_8,0
D,DISPATCH,UNIT_SCADA,1,"2019/08/22 20:10:00",RRSF1,0
D,DISPATCH,UNIT_SCADA,1,"2019/08/22 20:10:00",RT_NSW1,0
D,DISPATCH,UNIT_SCADA,1,"2019/08/22 20:10:00",RT_NSW2,0
D,DISPATCH,UNIT_SCADA,1,"2019/08/22 20:10:00",RT_NSW3,0
D,DISPATCH,UNIT_SCADA,1,"2019/08/22 20:10:00",RT_NSW4,0
D,DISPATCH,UNIT_SCADA,1,"2019/08/22 20:10:00",RT_NSW5,0
D,DISPATCH,UNIT_SCADA,1,"2019/08/22 20:10:00",RT_NSW6,0
D,DISPATCH,UNIT_SCADA,1,"2019/08/22 20:10:00",RT_QLD1,0
D,DISPATCH,UNIT_SCADA,1,"2019/08/22 20:10:00",RT_SA1,0
D,DISPATCH,UNIT_SCADA,1,"2019/08/22 20:10:00",RT_SA2,0
D,DISPATCH,UNIT_SCADA,1,"2019/08/22 20:10:00",RT_SA3,0
D,DISPATCH,UNIT_SCADA,1,"2019/08/22 20:10:00",RT_SA4,0
D,DISPATCH,UNIT_SCADA,1,"2019/08/22 20:10:00",RT_SA5,0
D,DISPATCH,UNIT_SCADA,1,"2019/08/22 20:10:00",RT_SA6,0
D,DISPATCH,UNIT_SCADA,1,"2019/08/22 20:10:00",RT_TAS1,0
D,DISPATCH,UNIT_SCADA,1,"2019/08/22 20:10:00",RT_VIC1,0
D,DISPATCH,UNIT_SCADA,1,"2019/08/22 20:10:00",RT_VIC10,0
D,DISPATCH,UNIT_SCADA,1,"2019/08/22 20:10:00",RT_VIC11,0
D,DISPATCH,UNIT_SCADA,1,"2019/08/22 20:10:00",RT_VIC12,0
D,DISPATCH,UNIT_SCADA,1,"2019/08/22 20:10:00",RT_VIC2,0
D,DISPATCH,UNIT_SCADA,1,"2019/08/22 20:10:00",RT_VIC3,0
D,DISPATCH,UNIT_SCADA,1,"2019/08/22 20:10:00",RT_VIC4,0
D,DISPATCH,UNIT_SCADA,1,"2019/08/22 20:10:00",RT_VIC5,0
D,DISPATCH,UNIT_SCADA,1,"2019/08/22 20:10:00",RT_VIC6,0
D,DISPATCH,UNIT_SCADA,1,"2019/08/22 20:10:00",RT_VIC7,0
D,DISPATCH,UNIT_SCADA,1,"2019/08/22 20:10:00",RT_VIC8,0
D,DISPATCH,UNIT_SCADA,1,"2019/08/22 20:10:00",RT_VIC9,0
D,DISPATCH,UNIT_SCADA,1,"2019/08/22 20:10:00",RUGBYR1,0
D,DISPATCH,UNIT_SCADA,1,"2019/08/22 20:10:00",SALTCRK1,2.99
D,DISPATCH,UNIT_SCADA,1,"2019/08/22 20:10:00",SAPHWF1,115.059360
D,DISPATCH,UNIT_SCADA,1,"2019/08/22 20:10:00",SHGEN,200.2677
D,DISPATCH,UNIT_SCADA,1,"2019/08/22 20:10:00",SHPUMP,0
D,DISPATCH,UNIT_SCADA,1,"2019/08/22 20:10:00",SITHE01,80.726840
D,DISPATCH,UNIT_SCADA,1,"2019/08/22 20:10:00",SMCSF1,0
D,DISPATCH,UNIT_SCADA,1,"2019/08/22 20:10:00",SNOWNTH1,9.60
D,DISPATCH,UNIT_SCADA,1,"2019/08/22 20:10:00",SNOWSTH1,13.20
D,DISPATCH,UNIT_SCADA,1,"2019/08/22 20:10:00",SNOWTWN1,5.670280
D,DISPATCH,UNIT_SCADA,1,"2019/08/22 20:10:00",SNOWYP,0
D,DISPATCH,UNIT_SCADA,1,"2019/08/22 20:10:00",SNUG1,0.019440
D,DISPATCH,UNIT_SCADA,1,"2019/08/22 20:10:00",SRSF1,0.43
D,DISPATCH,UNIT_SCADA,1,"2019/08/22 20:10:00",STAN-1,0
D,DISPATCH,UNIT_SCADA,1,"2019/08/22 20:10:00",STAN-2,347.618740
D,DISPATCH,UNIT_SCADA,1,"2019/08/22 20:10:00",STAN-3,345.285890
D,DISPATCH,UNIT_SCADA,1,"2019/08/22 20:10:00",STAN-4,362.628390
D,DISPATCH,UNIT_SCADA,1,"2019/08/22 20:10:00",STWF1,113.096240
D,DISPATCH,UNIT_SCADA,1,"2019/08/22 20:10:00",SWAN_E,0
D,DISPATCH,UNIT_SCADA,1,"2019/08/22 20:10:00",TALWA1,426
D,DISPATCH,UNIT_SCADA,1,"2019/08/22 20:10:00",TARALGA1,8.141240
D,DISPATCH,UNIT_SCADA,1,"2019/08/22 20:10:00",TARONG#1,347.300020
D,DISPATCH,UNIT_SCADA,1,"2019/08/22 20:10:00",TARONG#2,347
D,DISPATCH,UNIT_SCADA,1,"2019/08/22 20:10:00",TARONG#3,261
D,DISPATCH,UNIT_SCADA,1,"2019/08/22 20:10:00",TARONG#4,350.200010
D,DISPATCH,UNIT_SCADA,1,"2019/08/22 20:10:00",TARRALEA,83.90
D,DISPATCH,UNIT_SCADA,1,"2019/08/22 20:10:00",TBSF1,-0.20
D,DISPATCH,UNIT_SCADA,1,"2019/08/22 20:10:00",TNPS1,442.300020
D,DISPATCH,UNIT_SCADA,1,"2019/08/22 20:10:00",TORRA1,118.794550
D,DISPATCH,UNIT_SCADA,1,"2019/08/22 20:10:00",TORRA2,0
D,DISPATCH,UNIT_SCADA,1,"2019/08/22 20:10:00",TORRA3,45.430430
D,DISPATCH,UNIT_SCADA,1,"2019/08/22 20:10:00",TORRA4,109.630670
D,DISPATCH,UNIT_SCADA,1,"2019/08/22 20:10:00",TORRB1,129.149990
D,DISPATCH,UNIT_SCADA,1,"2019/08/22 20:10:00",TORRB2,191.31
D,DISPATCH,UNIT_SCADA,1,"2019/08/22 20:10:00",TORRB3,0
D,DISPATCH,UNIT_SCADA,1,"2019/08/22 20:10:00",TORRB4,0
D,DISPATCH,UNIT_SCADA,1,"2019/08/22 20:10:00",TREVALLN,88.590030
D,DISPATCH,UNIT_SCADA,1,"2019/08/22 20:10:00",TRIBUTE,85.009990
D,DISPATCH,UNIT_SCADA,1,"2019/08/22 20:10:00",TUMUT3,0
D,DISPATCH,UNIT_SCADA,1,"2019/08/22 20:10:00",TUNGATIN,139.710020
D,DISPATCH,UNIT_SCADA,1,"2019/08/22 20:10:00",TVCC201,0
D,DISPATCH,UNIT_SCADA,1,"2019/08/22 20:10:00",TVPP104,57.963310
D,DISPATCH,UNIT_SCADA,1,"2019/08/22 20:10:00",UPPTUMUT,0
D,DISPATCH,UNIT_SCADA,1,"2019/08/22 20:10:00",URANQ11,0
D,DISPATCH,UNIT_SCADA,1,"2019/08/22 20:10:00",URANQ12,0
D,DISPATCH,UNIT_SCADA,1,"2019/08/22 20:10:00",URANQ13,0
D,DISPATCH,UNIT_SCADA,1,"2019/08/22 20:10:00",URANQ14,0
D,DISPATCH,UNIT_SCADA,1,"2019/08/22 20:10:00",VP5,638.399960
D,DISPATCH,UNIT_SCADA,1,"2019/08/22 20:10:00",VP6,638.775020
D,DISPATCH,UNIT_SCADA,1,"2019/08/22 20:10:00",VPGS1,0
D,DISPATCH,UNIT_SCADA,1,"2019/08/22 20:10:00",VPGS2,0
D,DISPATCH,UNIT_SCADA,1,"2019/08/22 20:10:00",VPGS3,0
D,DISPATCH,UNIT_SCADA,1,"2019/08/22 20:10:00",VPGS4,0
D,DISPATCH,UNIT_SCADA,1,"2019/08/22 20:10:00",VPGS5,0
D,DISPATCH,UNIT_SCADA,1,"2019/08/22 20:10:00",VPGS6,0
D,DISPATCH,UNIT_SCADA,1,"2019/08/22 20:10:00",W/HOE#1,0
D,DISPATCH,UNIT_SCADA,1,"2019/08/22 20:10:00",W/HOE#2,0
D,DISPATCH,UNIT_SCADA,1,"2019/08/22 20:10:00",WATERLWF,-0.80
D,DISPATCH,UNIT_SCADA,1,"2019/08/22 20:10:00",WEMENSF1,0
D,DISPATCH,UNIT_SCADA,1,"2019/08/22 20:10:00",WGWF1,5
D,DISPATCH,UNIT_SCADA,1,"2019/08/22 20:10:00",WHITSF1,0
D,DISPATCH,UNIT_SCADA,1,"2019/08/22 20:10:00",WKIEWA1,32
D,DISPATCH,UNIT_SCADA,1,"2019/08/22 20:10:00",WKIEWA2,25.10
D,DISPATCH,UNIT_SCADA,1,"2019/08/22 20:10:00",WOODLWN1,10.0260
D,DISPATCH,UNIT_SCADA,1,"2019/08/22 20:10:00",WRSF1,0
D,DISPATCH,UNIT_SCADA,1,"2019/08/22 20:10:00",WRWF1,37.771240
D,DISPATCH,UNIT_SCADA,1,"2019/08/22 20:10:00",YABULU,0
D,DISPATCH,UNIT_SCADA,1,"2019/08/22 20:10:00",YABULU2,0
D,DISPATCH,UNIT_SCADA,1,"2019/08/22 20:10:00",YARWUN_1,0
D,DISPATCH,UNIT_SCADA,1,"2019/08/22 20:10:00",YENDWF1,7.15
D,DISPATCH,UNIT_SCADA,1,"2019/08/22 20:10:00",YWPS1,372.931640
D,DISPATCH,UNIT_SCADA,1,"2019/08/22 20:10:00",YWPS2,283.455690
D,DISPATCH,UNIT_SCADA,1,"2019/08/22 20:10:00",YWPS3,0
D,DISPATCH,UNIT_SCADA,1,"2019/08/22 20:10:00",YWPS4,397.778470
C,"END OF REPORT",334
