C,NEMP.WORLD,DISPATCHSCADA,AEMO,PUBLIC,2019/08/22,12:00:08,0000000311866003,DISPATCHSCADA,0000000311865997
I,DISPATCH,UNIT_SCADA,1,SETTLEMENTDATE,DUID,SCADAVALUE
D,DISPATCH,UNIT_SCADA,1,"2019/08/22 12:05:00",BARCSF1,18
D,DISPATCH,UNIT_SCADA,1,"2019/08/22 12:05:00",BUTLERSG,9.699999
D,DISPATCH,UNIT_SCADA,1,"2019/08/22 12:05:00",CALL_A_4,0
D,DISPATCH,UNIT_SCADA,1,"2019/08/22 12:05:00",CAPTL_WF,63.568001
D,DISPATCH,UNIT_SCADA,1,"2019/08/22 12:05:00",CATHROCK,0
D,DISPATCH,UNIT_SCADA,1,"2019/08/22 12:05:00",CHALLHWF,28.90
D,DISPATCH,UNIT_SCADA,1,"2019/08/22 12:05:00",CLOVER,-0.02
D,DISPATCH,UNIT_SCADA,1,"2019/08/22 12:05:00",CLUNY,20.078279
D,DISPATCH,UNIT_SCADA,1,"2019/08/22 12:05:00",CNUNDAWF,7.008175
D,DISPATCH,UNIT_SCADA,1,"2019/08/22 12:05:00",CULLRGWF,27.26
D,DISPATCH,UNIT_SCADA,1,"2019/08/22 12:05:00",ERGT01,0
D,DISPATCH,UNIT_SCADA,1,"2019/08/22 12:05:00",GB01,0.059982
D,DISPATCH,UNIT_SCADA,1,"2019/08/22 12:05:00",GERMCRK,35.200001
D,DISPATCH,UNIT_SCADA,1,"2019/08/22 12:05:00",GRIFSF1,24.600006
D,DISPATCH,UNIT_SCADA,1,"2019/08/22 12:05:00",HUGSF1,8.9930
D,DISPATCH,UNIT_SCADA,1,"2019/08/22 12:05:00",LKBONNY1,14.646735
D,DISPATCH,UNIT_SCADA,1,"2019/08/22 12:05:00",LRSF1,12.368001
D,DISPATCH,UNIT_SCADA,1,"2019/08/22 12:05:00",MBAHNTH,55.425003
D,DISPATCH,UNIT_SCADA,1,"2019/08/22 12:05:00",MLSP1,12.591002
D,DISPATCH,UNIT_SCADA,1,"2019/08/22 12:05:00",MLWF1,16.514999
D,DISPATCH,UNIT_SCADA,1,"2019/08/22 12:05:00",MTMILLAR,1.384084
D,DISPATCH,UNIT_SCADA,1,"2019/08/22 12:05:00",PALOONA,28.76
D,DISPATCH,UNIT_SCADA,1,"2019/08/22 12:05:00",PIONEER,38.200001
D,DISPATCH,UNIT_SCADA,1,"2019/08/22 12:05:00",PORTWF,51.50
D,DISPATCH,UNIT_SCADA,1,"2019/08/22 12:05:00",REPULSE,29.057449
D,DISPATCH,UNIT_SCADA,1,"2019/08/22 12:05:00",ROWALLAN,10.3731
D,DISPATCH,UNIT_SCADA,1,"2019/08/22 12:05:00",ROYALLA1,19.838001
D,DISPATCH,UNIT_SCADA,1,"2019/08/22 12:05:00",RPCG,11.70
D,DISPATCH,UNIT_SCADA,1,"2019/08/22 12:05:00",RUBICON,0
D,DISPATCH,UNIT_SCADA,1,"2019/08/22 12:05:00",SATGN1,0
D,DISPATCH,UNIT_SCADA,1,"2019/08/22 12:05:00",SATGS1,0
D,DISPATCH,UNIT_SCADA,1,"2019/08/22 12:05:00",STARHLWF,1.599534
D,DISPATCH,UNIT_SCADA,1,"2019/08/22 12:05:00",WAUBRAWF,170.4030
D,DISPATCH,UNIT_SCADA,1,"2019/08/22 12:05:00",WOOLNTH1,114.460022
D,DISPATCH,UNIT_SCADA,1,"2019/08/22 12:05:00",WPWF,4
D,DISPATCH,UNIT_SCADA,1,"2019/08/22 12:05:00",YAMBUKWF,14.30
D,DISPATCH,UNIT_SCADA,1,"2019/08/22 12:05:00",YSWF1,18.90
D,DISPATCH,UNIT_SCADA,1,"2019/08/22 12:05:00",AGLHAL,0
D,DISPATCH,UNIT_SCADA,1,"2019/08/22 12:05:00",AGLSOM,0
D,DISPATCH,UNIT_SCADA,1,"2019/08/22 12:05:00",ANGAST1,0
D,DISPATCH,UNIT_SCADA,1,"2019/08/22 12:05:00",ARWF1,200.50
D,DISPATCH,UNIT_SCADA,1,"2019/08/22 12:05:00",BALBG1,0
D,DISPATCH,UNIT_SCADA,1,"2019/08/22 12:05:00",BALBL1,9.54
D,DISPATCH,UNIT_SCADA,1,"2019/08/22 12:05:00",BALDHWF1,88.0680
D,DISPATCH,UNIT_SCADA,1,"2019/08/22 12:05:00",BANN1,59.81
D,DISPATCH,UNIT_SCADA,1,"2019/08/22 12:05:00",BARCALDN,0
D,DISPATCH,UNIT_SCADA,1,"2019/08/22 12:05:00",BARRON-1,0
D,DISPATCH,UNIT_SCADA,1,"2019/08/22 12:05:00",BARRON-2,25.28
D,DISPATCH,UNIT_SCADA,1,"2019/08/22 12:05:00",BASTYAN,77.920010
D,DISPATCH,UNIT_SCADA,1,"2019/08/22 12:05:00",BBTHREE1,-1.90
D,DISPATCH,UNIT_SCADA,1,"2019/08/22 12:05:00",BBTHREE2,-1.92
D,DISPATCH,UNIT_SCADA,1,"2019/08/22 12:05:00",BBTHREE3,-1.09
D,DISPATCH,UNIT_SCADA,1,"2019/08/22 12:05:00",BDL01,0
D,DISPATCH,UNIT_SCADA,1,"2019/08/22 12:05:00",BDL02,0
D,DISPATCH,UNIT_SCADA,1,"2019/08/22 12:05:00",BERYLSF1,44.652760
D,DISPATCH,UNIT_SCADA,1,"2019/08/22 12:05:00",BLOWERNG,0
D,DISPATCH,UNIT_SCADA,1,"2019/08/22 12:05:00",BLUFF1,0.10
D,DISPATCH,UNIT_SCADA,1,"2019/08/22 12:05:00",BNGSF1,89.33
D,DISPATCH,UNIT_SCADA,1,"2019/08/22 12:05:00",BNGSF2,20.07
D,DISPATCH,UNIT_SCADA,1,"2019/08/22 12:05:00",BOCORWF1,108.32
D,DISPATCH,UNIT_SCADA,1,"2019/08/22 12:05:00",BODWF1,111.5509
D,DISPATCH,UNIT_SCADA,1,"2019/08/22 12:05:00",BRAEMAR1,0
D,DISPATCH,UNIT_SCADA,1,"2019/08/22 12:05:00",BRAEMAR2,0
D,DISPATCH,UNIT_SCADA,1,"2019/08/22 12:05:00",BRAEMAR3,0
D,DISPATCH,UNIT_SCADA,1,"2019/08/22 12:05:00",BRAEMAR5,0
D,DISPATCH,UNIT_SCADA,1,"2019/08/22 12:05:00",BRAEMAR6,0
D,DISPATCH,UNIT_SCADA,1,"2019/08/22 12:05:00",BRAEMAR7,0
D,DISPATCH,UNIT_SCADA,1,"2019/08/22 12:05:00",BROKENH1,53.0415
D,DISPATCH,UNIT_SCADA,1,"2019/08/22 12:05:00",BW01,516.800050
D,DISPATCH,UNIT_SCADA,1,"2019/08/22 12:05:00",BW02,514
D,DISPATCH,UNIT_SCADA,1,"2019/08/22 12:05:00",BW03,519.099980
D,DISPATCH,UNIT_SCADA,1,"2019/08/22 12:05:00",BW04,0
D,DISPATCH,UNIT_SCADA,1,"2019/08/22 12:05:00",CALL_B_1,249.70
D,DISPATCH,UNIT_SCADA,1,"2019/08/22 12:05:00",CALL_B_2,279.899990
D,DISPATCH,UNIT_SCADA,1,"2019/08/22 12:05:00",CETHANA,98.124630
D,DISPATCH,UNIT_SCADA,1,"2019/08/22 12:05:00",CG1,0
D,DISPATCH,UNIT_SCADA,1,"2019/08/22 12:05:00",CG2,0
D,DISPATCH,UNIT_SCADA,1,"2019/08/22 12:05:00",CG3,0
D,DISPATCH,UNIT_SCADA,1,"2019/08/22 12:05:00",CG4,0
D,DISPATCH,UNIT_SCADA,1,"2019/08/22 12:05:00",CHILDSF1,40.12
D,DISPATCH,UNIT_SCADA,1,"2019/08/22 12:05:00",CLARESF1,0
D,DISPATCH,UNIT_SCADA,1,"2019/08/22 12:05:00",CLEMGPWF,-0.288140
D,DISPATCH,UNIT_SCADA,1,"2019/08/22 12:05:00",CLERMSF1,0
D,DISPATCH,UNIT_SCADA,1,"2019/08/22 12:05:00",COLEASF1,66.70
D,DISPATCH,UNIT_SCADA,1,"2019/08/22 12:05:00",COOPGWF1,32.4532
D,DISPATCH,UNIT_SCADA,1,"2019/08/22 12:05:00",CPP_3,406.450010
D,DISPATCH,UNIT_SCADA,1,"2019/08/22 12:05:00",CPP_4,229.350010
D,DISPATCH,UNIT_SCADA,1,"2019/08/22 12:05:00",CPSA,91.644380
D,DISPATCH,UNIT_SCADA,1,"2019/08/22 12:05:00",CROOKWF2,80.383750
D,DISPATCH,UNIT_SCADA,1,"2019/08/22 12:05:00",CROWLWF1,43.6265
D,DISPATCH,UNIT_SCADA,1,"2019/08/22 12:05:00",CSPVPS1,0.5610
D,DISPATCH,UNIT_SCADA,1,"2019/08/22 12:05:00",DALNTH01,0
D,DISPATCH,UNIT_SCADA,1,"2019/08/22 12:05:00",DALNTHL1,0.154120
D,DISPATCH,UNIT_SCADA,1,"2019/08/22 12:05:00",DARTM1,134.399990
D,DISPATCH,UNIT_SCADA,1,"2019/08/22 12:05:00",DAYDSF1,0
D,DISPATCH,UNIT_SCADA,1,"2019/08/22 12:05:00",DDPS1,0
D,DISPATCH,UNIT_SCADA,1,"2019/08/22 12:05:00",DDSF1,0
D,DISPATCH,UNIT_SCADA,1,"2019/08/22 12:05:00",DEVILS_G,0
D,DISPATCH,UNIT_SCADA,1,"2019/08/22 12:05:00",DG_NSW1,0
D,DISPATCH,UNIT_SCADA,1,"2019/08/22 12:05:00",DG_QLD1,0
D,DISPATCH,UNIT_SCADA,1,"2019/08/22 12:05:00",DG_SA1,0
D,DISPATCH,UNIT_SCADA,1,"2019/08/22 12:05:00",DG_TAS1,0
D,DISPATCH,UNIT_SCADA,1,"2019/08/22 12:05:00",DG_VIC1,0
D,DISPATCH,UNIT_SCADA,1,"2019/08/22 12:05:00",DRYCGT1,0
D,DISPATCH,UNIT_SCADA,1,"2019/08/22 12:05:00",DRYCGT2,0
D,DISPATCH,UNIT_SCADA,1,"2019/08/22 12:05:00",DRYCGT3,0
D,DISPATCH,UNIT_SCADA,1,"2019/08/22 12:05:00",EILDON1,0
D,DISPATCH,UNIT_SCADA,1,"2019/08/22 12:05:00",EILDON2,0
D,DISPATCH,UNIT_SCADA,1,"2019/08/22 12:05:00",EMERASF1,61.42
D,DISPATCH,UNIT_SCADA,1,"2019/08/22 12:05:00",ER01,321.3750
D,DISPATCH,UNIT_SCADA,1,"2019/08/22 12:05:00",ER02,382.599980
D,DISPATCH,UNIT_SCADA,1,"2019/08/22 12:05:00",ER03,648.050050
D,DISPATCH,UNIT_SCADA,1,"2019/08/22 12:05:00",ER04,381.599980
D,DISPATCH,UNIT_SCADA,1,"2019/08/22 12:05:00",FINLYSF1,3.342940
D,DISPATCH,UNIT_SCADA,1,"2019/08/22 12:05:00",FISHER,45.78
D,DISPATCH,UNIT_SCADA,1,"2019/08/22 12:05:00",GANNBG1,0
D,DISPATCH,UNIT_SCADA,1,"2019/08/22 12:05:00",GANNBL1,9.518980
D,DISPATCH,UNIT_SCADA,1,"2019/08/22 12:05:00",GANNSF1,42.80
D,DISPATCH,UNIT_SCADA,1,"2019/08/22 12:05:00",GORDON,4.165840
D,DISPATCH,UNIT_SCADA,1,"2019/08/22 12:05:00",GSTONE1,109.7250
D,DISPATCH,UNIT_SCADA,1,"2019/08/22 12:05:00",GSTONE2,110.0750
D,DISPATCH,UNIT_SCADA,1,"2019/08/22 12:05:00",GSTONE3,108.85
D,DISPATCH,UNIT_SCADA,1,"2019/08/22 12:05:00",GSTONE4,131.599990
D,DISPATCH,UNIT_SCADA,1,"2019/08/22 12:05:00",GSTONE5,133
D,DISPATCH,UNIT_SCADA,1,"2019/08/22 12:05:00",GSTONE6,0
D,DISPATCH,UNIT_SCADA,1,"2019/08/22 12:05:00",GULLRSF1,2.908080
D,DISPATCH,UNIT_SCADA,1,"2019/08/22 12:05:00",GULLRWF1,125.907230
D,DISPATCH,UNIT_SCADA,1,"2019/08/22 12:05:00",GUNNING1,39.755520
D,DISPATCH,UNIT_SCADA,1,"2019/08/22 12:05:00",GUTHEGA,0
D,DISPATCH,UNIT_SCADA,1,"2019/08/22 12:05:00",HALLWF1,-0.58
D,DISPATCH,UNIT_SCADA,1,"2019/08/22 12:05:00",HALLWF2,-0.40
D,DISPATCH,UNIT_SCADA,1,"2019/08/22 12:05:00",HAMISF1,46.70
D,DISPATCH,UNIT_SCADA,1,"2019/08/22 12:05:00",HAUGHT11,50.089980
D,DISPATCH,UNIT_SCADA,1,"2019/08/22 12:05:00",HAYMSF1,0
D,DISPATCH,UNIT_SCADA,1,"2019/08/22 12:05:00",HDWF1,2.50
D,DISPATCH,UNIT_SCADA,1,"2019/08/22 12:05:00",HDWF2,3.80
D,DISPATCH,UNIT_SCADA,1,"2019/08/22 12:05:00",HDWF3,3.10
D,DISPATCH,UNIT_SCADA,1,"2019/08/22 12:05:00",HPRG1,0
D,DISPATCH,UNIT_SCADA,1,"2019/08/22 12:05:00",HPRL1,6.60
D,DISPATCH,UNIT_SCADA,1,"2019/08/22 12:05:00",HUMENSW,0
D,DISPATCH,UNIT_SCADA,1,"2019/08/22 12:05:00",HUMEV,9.40
D,DISPATCH,UNIT_SCADA,1,"2019/08/22 12:05:00",HVGTS,0
D,DISPATCH,UNIT_SCADA,1,"2019/08/22 12:05:00",JBUTTERS,123.57
D,DISPATCH,UNIT_SCADA,1,"2019/08/22 12:05:00",JLA01,0.50
D,DISPATCH,UNIT_SCADA,1,"2019/08/22 12:05:00",JLA02,0
D,DISPATCH,UNIT_SCADA,1,"2019/08/22 12:05:00",JLA03,0.10
D,DISPATCH,UNIT_SCADA,1,"2019/08/22 12:05:00",JLA04,0.10
D,DISPATCH,UNIT_SCADA,1,"2019/08/22 12:05:00",JLB01,0
D,DISPATCH,UNIT_SCADA,1,"2019/08/22 12:05:00",JLB02,0.10
D,DISPATCH,UNIT_SCADA,1,"2019/08/22 12:05:00",JLB03,0
D,DISPATCH,UNIT_SCADA,1,"2019/08/22 12:05:00",KAREEYA1,21.42
D,DISPATCH,UNIT_SCADA,1,"2019/08/22 12:05:00",KAREEYA2,21.5550
D,DISPATCH,UNIT_SCADA,1,"2019/08/22 12:05:00",KAREEYA3,0
D,DISPATCH,UNIT_SCADA,1,"2019/08/22 12:05:00",KAREEYA4,21.69
D,DISPATCH,UNIT_SCADA,1,"2019/08/22 12:05:00",KARSF1,62
D,DISPATCH,UNIT_SCADA,1,"2019/08/22 12:05:00",KIATAWF1,21.50
D,DISPATCH,UNIT_SCADA,1,"2019/08/22 12:05:00",KPP_1,0
D,DISPATCH,UNIT_SCADA,1,"2019/08/22 12:05:00",KSP1,47.57
D,DISPATCH,UNIT_SCADA,1,"2019/08/22 12:05:00",LADBROK1,0
D,DISPATCH,UNIT_SCADA,1,"2019/08/22 12:05:00",LADBROK2,0
D,DISPATCH,UNIT_SCADA,1,"2019/08/22 12:05:00",LD01,348.300020
D,DISPATCH,UNIT_SCADA,1,"2019/08/22 12:05:00",LD02,348.112550
D,DISPATCH,UNIT_SCADA,1,"2019/08/22 12:05:00",LD03,342.731230
D,DISPATCH,UNIT_SCADA,1,"2019/08/22 12:05:00",LD04,341.531250
D,DISPATCH,UNIT_SCADA,1,"2019/08/22 12:05:00",LEM_WIL,86.061140
D,DISPATCH,UNIT_SCADA,1,"2019/08/22 12:05:00",LGAPWF1,7.77
D,DISPATCH,UNIT_SCADA,1,"2019/08/22 12:05:00",LILYSF1,91.750390
D,DISPATCH,UNIT_SCADA,1,"2019/08/22 12:05:00",LI_WY_CA,148.850520
D,DISPATCH,UNIT_SCADA,1,"2019/08/22 12:05:00",LKBONNY2,26.971260
D,DISPATCH,UNIT_SCADA,1,"2019/08/22 12:05:00",LKBONNY3,5.414740
D,DISPATCH,UNIT_SCADA,1,"2019/08/22 12:05:00",LK_ECHO,0
D,DISPATCH,UNIT_SCADA,1,"2019/08/22 12:05:00",LNGS1,0
D,DISPATCH,UNIT_SCADA,1,"2019/08/22 12:05:00",LNGS2,0
D,DISPATCH,UNIT_SCADA,1,"2019/08/22 12:05:00",LONSDALE,0
D,DISPATCH,UNIT_SCADA,1,"2019/08/22 12:05:00",LOYYB1,536.088620
D,DISPATCH,UNIT_SCADA,1,"2019/08/22 12:05:00",LOYYB2,584.210140
D,DISPATCH,UNIT_SCADA,1,"2019/08/22 12:05:00",LYA1,559
D,DISPATCH,UNIT_SCADA,1,"2019/08/22 12:05:00",LYA2,0
D,DISPATCH,UNIT_SCADA,1,"2019/08/22 12:05:00",LYA3,559
D,DISPATCH,UNIT_SCADA,1,"2019/08/22 12:05:00",LYA4,540
D,DISPATCH,UNIT_SCADA,1,"2019/08/22 12:05:00",MACARTH1,239.994460
D,DISPATCH,UNIT_SCADA,1,"2019/08/22 12:05:00",MACKAYGT,0
D,DISPATCH,UNIT_SCADA,1,"2019/08/22 12:05:00",MACKNTSH,86.220010
D,DISPATCH,UNIT_SCADA,1,"2019/08/22 12:05:00",MANSLR1,33.0510
D,DISPATCH,UNIT_SCADA,1,"2019/08/22 12:05:00",MCKAY1,0.02
D,DISPATCH,UNIT_SCADA,1,"2019/08/22 12:05:00",MEADOWBK,33.981620
D,DISPATCH,UNIT_SCADA,1,"2019/08/22 12:05:00",MERCER01,62.2960
D,DISPATCH,UNIT_SCADA,1,"2019/08/22 12:05:00",MEWF1,41.447430
D,DISPATCH,UNIT_SCADA,1,"2019/08/22 12:05:00",MINTARO,0
D,DISPATCH,UNIT_SCADA,1,"2019/08/22 12:05:00",MOREESF1,48.0740
D,DISPATCH,UNIT_SCADA,1,"2019/08/22 12:05:00",MORTLK11,124
D,DISPATCH,UNIT_SCADA,1,"2019/08/22 12:05:00",MORTLK12,0
D,DISPATCH,UNIT_SCADA,1,"2019/08/22 12:05:00",MP1,275.8750
D,DISPATCH,UNIT_SCADA,1,"2019/08/22 12:05:00",MP2,0
D,DISPATCH,UNIT_SCADA,1,"2019/08/22 12:05:00",MPP_1,284
D,DISPATCH,UNIT_SCADA,1,"2019/08/22 12:05:00",MPP_2,380
D,DISPATCH,UNIT_SCADA,1,"2019/08/22 12:05:00",MSTUART1,0
D,DISPATCH,UNIT_SCADA,1,"2019/08/22 12:05:00",MSTUART2,0
D,DISPATCH,UNIT_SCADA,1,"2019/08/22 12:05:00",MSTUART3,0
D,DISPATCH,UNIT_SCADA,1,"2019/08/22 12:05:00",MTGELWF1,63.260290
D,DISPATCH,UNIT_SCADA,1,"2019/08/22 12:05:00",MURRAY,0
D,DISPATCH,UNIT_SCADA,1,"2019/08/22 12:05:00",MUSSELR1,79.30
D,DISPATCH,UNIT_SCADA,1,"2019/08/22 12:05:00",MUWAWF1,55.16
D,DISPATCH,UNIT_SCADA,1,"2019/08/22 12:05:00",NBHWF1,-0.70
D,DISPATCH,UNIT_SCADA,1,"2019/08/22 12:05:00",NPS,0
D,DISPATCH,UNIT_SCADA,1,"2019/08/22 12:05:00",NUMURSF1,85.62
D,DISPATCH,UNIT_SCADA,1,"2019/08/22 12:05:00",NYNGAN1,86.50
D,DISPATCH,UNIT_SCADA,1,"2019/08/22 12:05:00",OAKEY1,0
D,DISPATCH,UNIT_SCADA,1,"2019/08/22 12:05:00",OAKEY1SF,21.8480
D,DISPATCH,UNIT_SCADA,1,"2019/08/22 12:05:00",OAKEY2,0
D,DISPATCH,UNIT_SCADA,1,"2019/08/22 12:05:00",OAKLAND1,52.10
D,DISPATCH,UNIT_SCADA,1,"2019/08/22 12:05:00",OSB-AG,138.69
D,DISPATCH,UNIT_SCADA,1,"2019/08/22 12:05:00",PARSF1,36.50
D,DISPATCH,UNIT_SCADA,1,"2019/08/22 12:05:00",POAT110,0
D,DISPATCH,UNIT_SCADA,1,"2019/08/22 12:05:00",POAT220,0
D,DISPATCH,UNIT_SCADA,1,"2019/08/22 12:05:00",POR01,0
D,DISPATCH,UNIT_SCADA,1,"2019/08/22 12:05:00",POR03,0
D,DISPATCH,UNIT_SCADA,1,"2019/08/22 12:05:00",PPCCGT,356.092680
D,DISPATCH,UNIT_SCADA,1,"2019/08/22 12:05:00",PTSTAN1,0
D,DISPATCH,UNIT_SCADA,1,"2019/08/22 12:05:00",PUMP1,0
D,DISPATCH,UNIT_SCADA,1,"2019/08/22 12:05:00",PUMP2,0
D,DISPATCH,UNIT_SCADA,1,"2019/08/22 12:05:00",QPS1,0
D,DISPATCH,UNIT_SCADA,1,"2019/08/22 12:05:00",QPS2,0
D,DISPATCH,UNIT_SCADA,1,"2019/08/22 12:05:00",QPS3,0
D,DISPATCH,UNIT_SCADA,1,"2019/08/22 12:05:00",QPS4,0
D,DISPATCH,UNIT_SCADA,1,"2019/08/22 12:05:00",QPS5,0
D,DISPATCH,UNIT_SCADA,1,"2019/08/22 12:05:00",REECE1,117.190010
D,DISPATCH,UNIT_SCADA,1,"2019/08/22 12:05:00",REECE2,119.050010
D,DISPATCH,UNIT_SCADA,1,"2019/08/22 12:05:00",ROMA_7,0
D,DISPATCH,UNIT_SCADA,1,"2019/08/22 12:05:00",ROMA_8,0
D,DISPATCH,UNIT_SCADA,1,"2019/08/22 12:05:00",RRSF1,111.528610
D,DISPATCH,UNIT_SCADA,1,"2019/08/22 12:05:00",RT_NSW1,0
D,DISPATCH,UNIT_SCADA,1,"2019/08/22 12:05:00",RT_NSW2,0
D,DISPATCH,UNIT_SCADA,1,"2019/08/22 12:05:00",RT_NSW3,0
D,DISPATCH,UNIT_SCADA,1,"2019/08/22 12:05:00",RT_NSW4,0
D,DISPATCH,UNIT_SCADA,1,"2019/08/22 12:05:00",RT_NSW5,0
D,DISPATCH,UNIT_SCADA,1,"2019/08/22 12:05:00",RT_NSW6,0
D,DISPATCH,UNIT_SCADA,1,"2019/08/22 12:05:00",RT_QLD1,0
D,DISPATCH,UNIT_SCADA,1,"2019/08/22 12:05:00",RT_SA1,0
D,DISPATCH,UNIT_SCADA,1,"2019/08/22 12:05:00",RT_SA2,0
D,DISPATCH,UNIT_SCADA,1,"2019/08/22 12:05:00",RT_SA3,0
D,DISPATCH,UNIT_SCADA,1,"2019/08/22 12:05:00",RT_SA4,0
D,DISPATCH,UNIT_SCADA,1,"2019/08/22 12:05:00",RT_SA5,0
D,DISPATCH,UNIT_SCADA,1,"2019/08/22 12:05:00",RT_SA6,0
D,DISPATCH,UNIT_SCADA,1,"2019/08/22 12:05:00",RT_TAS1,0
D,DISPATCH,UNIT_SCADA,1,"2019/08/22 12:05:00",RT_VIC1,0
D,DISPATCH,UNIT_SCADA,1,"2019/08/22 12:05:00",RT_VIC10,0
D,DISPATCH,UNIT_SCADA,1,"2019/08/22 12:05:00",RT_VIC11,0
D,DISPATCH,UNIT_SCADA,1,"2019/08/22 12:05:00",RT_VIC12,0
D,DISPATCH,UNIT_SCADA,1,"2019/08/22 12:05:00",RT_VIC2,0
D,DISPATCH,UNIT_SCADA,1,"2019/08/22 12:05:00",RT_VIC3,0
D,DISPATCH,UNIT_SCADA,1,"2019/08/22 12:05:00",RT_VIC4,0
D,DISPATCH,UNIT_SCADA,1,"2019/08/22 12:05:00",RT_VIC5,0
D,DISPATCH,UNIT_SCADA,1,"2019/08/22 12:05:00",RT_VIC6,0
D,DISPATCH,UNIT_SCADA,1,"2019/08/22 12:05:00",RT_VIC7,0
D,DISPATCH,UNIT_SCADA,1,"2019/08/22 12:05:00",RT_VIC8,0
D,DISPATCH,UNIT_SCADA,1,"2019/08/22 12:05:00",RT_VIC9,0
D,DISPATCH,UNIT_SCADA,1,"2019/08/22 12:05:00",RUGBYR1,59.1913
D,DISPATCH,UNIT_SCADA,1,"2019/08/22 12:05:00",SALTCRK1,21.50
D,DISPATCH,UNIT_SCADA,1,"2019/08/22 12:05:00",SAPHWF1,177.318760
D,DISPATCH,UNIT_SCADA,1,"2019/08/22 12:05:00",SHGEN,0
D,DISPATCH,UNIT_SCADA,1,"2019/08/22 12:05:00",SHPUMP,199.458050
D,DISPATCH,UNIT_SCADA,1,"2019/08/22 12:05:00",SITHE01,0.005650
D,DISPATCH,UNIT_SCADA,1,"2019/08/22 12:05:00",SMCSF1,0
D,DISPATCH,UNIT_SCADA,1,"2019/08/22 12:05:00",SNOWNTH1,1.10
D,DISPATCH,UNIT_SCADA,1,"2019/08/22 12:05:00",SNOWSTH1,1.80
D,DISPATCH,UNIT_SCADA,1,"2019/08/22 12:05:00",SNOWTWN1,-0.633030
D,DISPATCH,UNIT_SCADA,1,"2019/08/22 12:05:00",SNOWYP,0
D,DISPATCH,UNIT_SCADA,1,"2019/08/22 12:05:00",SNUG1,0.019440
D,DISPATCH,UNIT_SCADA,1,"2019/08/22 12:05:00",SRSF1,34.91
D,DISPATCH,UNIT_SCADA,1,"2019/08/22 12:05:00",STAN-1,0
D,DISPATCH,UNIT_SCADA,1,"2019/08/22 12:05:00",STAN-2,279.479310
D,DISPATCH,UNIT_SCADA,1,"2019/08/22 12:05:00",STAN-3,282.363310
D,DISPATCH,UNIT_SCADA,1,"2019/08/22 12:05:00",STAN-4,283.042660
D,DISPATCH,UNIT_SCADA,1,"2019/08/22 12:05:00",STWF1,19.7550
D,DISPATCH,UNIT_SCADA,1,"2019/08/22 12:05:00",SWAN_E,0
D,DISPATCH,UNIT_SCADA,1,"2019/08/22 12:05:00",TALWA1,189
D,DISPATCH,UNIT_SCADA,1,"2019/08/22 12:05:00",TARALGA1,93.195010
D,DISPATCH,UNIT_SCADA,1,"2019/08/22 12:05:00",TARONG#1,279.300020
D,DISPATCH,UNIT_SCADA,1,"2019/08/22 12:05:00",TARONG#2,278.399990
D,DISPATCH,UNIT_SCADA,1,"2019/08/22 12:05:00",TARONG#3,259.800020
D,DISPATCH,UNIT_SCADA,1,"2019/08/22 12:05:00",TARONG#4,279
D,DISPATCH,UNIT_SCADA,1,"2019/08/22 12:05:00",TARRALEA,83.90
D,DISPATCH,UNIT_SCADA,1,"2019/08/22 12:05:00",TBSF1,40.10
D,DISPATCH,UNIT_SCADA,1,"2019/08/22 12:05:00",TNPS1,299.50
D,DISPATCH,UNIT_SCADA,1,"2019/08/22 12:05:00",TORRA1,46.742670
D,DISPATCH,UNIT_SCADA,1,"2019/08/22 12:05:00",TORRA2,0
D,DISPATCH,UNIT_SCADA,1,"2019/08/22 12:05:00",TORRA3,45.5705
D,DISPATCH,UNIT_SCADA,1,"2019/08/22 12:05:00",TORRA4,28.154720
D,DISPATCH,UNIT_SCADA,1,"2019/08/22 12:05:00",TORRB1,62.89
D,DISPATCH,UNIT_SCADA,1,"2019/08/22 12:05:00",TORRB2,62.95
D,DISPATCH,UNIT_SCADA,1,"2019/08/22 12:05:00",TORRB3,0
D,DISPATCH,UNIT_SCADA,1,"2019/08/22 12:05:00",TORRB4,0
D,DISPATCH,UNIT_SCADA,1,"2019/08/22 12:05:00",TREVALLN,43.700010
D,DISPATCH,UNIT_SCADA,1,"2019/08/22 12:05:00",TRIBUTE,84.73
D,DISPATCH,UNIT_SCADA,1,"2019/08/22 12:05:00",TUMUT3,0
D,DISPATCH,UNIT_SCADA,1,"2019/08/22 12:05:00",TUNGATIN,102.700040
D,DISPATCH,UNIT_SCADA,1,"2019/08/22 12:05:00",TVCC201,0
D,DISPATCH,UNIT_SCADA,1,"2019/08/22 12:05:00",TVPP104,0
D,DISPATCH,UNIT_SCADA,1,"2019/08/22 12:05:00",UPPTUMUT,0
D,DISPATCH,UNIT_SCADA,1,"2019/08/22 12:05:00",URANQ11,0
D,DISPATCH,UNIT_SCADA,1,"2019/08/22 12:05:00",URANQ12,0
D,DISPATCH,UNIT_SCADA,1,"2019/08/22 12:05:00",URANQ13,0
D,DISPATCH,UNIT_SCADA,1,"2019/08/22 12:05:00",URANQ14,0
D,DISPATCH,UNIT_SCADA,1,"2019/08/22 12:05:00",VP5,200.8250
D,DISPATCH,UNIT_SCADA,1,"2019/08/22 12:05:00",VP6,589.449950
D,DISPATCH,UNIT_SCADA,1,"2019/08/22 12:05:00",VPGS1,0
D,DISPATCH,UNIT_SCADA,1,"2019/08/22 12:05:00",VPGS2,0
D,DISPATCH,UNIT_SCADA,1,"2019/08/22 12:05:00",VPGS3,0
D,DISPATCH,UNIT_SCADA,1,"2019/08/22 12:05:00",VPGS4,0
D,DISPATCH,UNIT_SCADA,1,"2019/08/22 12:05:00",VPGS5,0
D,DISPATCH,UNIT_SCADA,1,"2019/08/22 12:05:00",VPGS6,0
D,DISPATCH,UNIT_SCADA,1,"2019/08/22 12:05:00",W/HOE#1,0
D,DISPATCH,UNIT_SCADA,1,"2019/08/22 12:05:00",W/HOE#2,0
D,DISPATCH,UNIT_SCADA,1,"2019/08/22 12:05:00",WATERLWF,2.20
D,DISPATCH,UNIT_SCADA,1,"2019/08/22 12:05:00",WEMENSF1,56.50
D,DISPATCH,UNIT_SCADA,1,"2019/08/22 12:05:00",WGWF1,2.80
D,DISPATCH,UNIT_SCADA,1,"2019/08/22 12:05:00",WHITSF1,0
D,DISPATCH,UNIT_SCADA,1,"2019/08/22 12:05:00",WKIEWA1,0
D,DISPATCH,UNIT_SCADA,1,"2019/08/22 12:05:00",WKIEWA2,7.50
D,DISPATCH,UNIT_SCADA,1,"2019/08/22 12:05:00",WOODLWN1,25.856990
D,DISPATCH,UNIT_SCADA,1,"2019/08/22 12:05:00",WRSF1,8.16
D,DISPATCH,UNIT_SCADA,1,"2019/08/22 12:05:00",WRWF1,159.328750
D,DISPATCH,UNIT_SCADA,1,"2019/08/22 12:05:00",YABULU,0
D,DISPATCH,UNIT_SCADA,1,"2019/08/22 12:05:00",YABULU2,0
D,DISPATCH,UNIT_SCADA,1,"2019/08/22 12:05:00",YARWUN_1,0
D,DISPATCH,UNIT_SCADA,1,"2019/08/22 12:05:00",YENDWF1,42.11
D,DISPATCH,UNIT_SCADA,1,"2019/08/22 12:05:00",YWPS1,345.863280
D,DISPATCH,UNIT_SCADA,1,"2019/08/22 12:05:00",YWPS2,276.437990
D,DISPATCH,UNIT_SCADA,1,"2019/08/22 12:05:00",YWPS3,0
D,DISPATCH,UNIT_SCADA,1,"2019/08/22 12:05:00",YWPS4,391.568360
C,"END OF REPORT",334
