C,NEMP.WORLD,DISPATCHSCADA,AEMO,PUBLIC,2019/08/20,21:10:07,0000000311801086,DISPATCHSCADA,0000000311801080
I,DISPATCH,UNIT_SCADA,1,SETTLEMENTDATE,DUID,SCADAVALUE
D,DISPATCH,UNIT_SCADA,1,"2019/08/20 21:15:00",BARCSF1,0.50
D,DISPATCH,UNIT_SCADA,1,"2019/08/20 21:15:00",BUTLERSG,9.699999
D,DISPATCH,UNIT_SCADA,1,"2019/08/20 21:15:00",CALL_A_4,0
D,DISPATCH,UNIT_SCADA,1,"2019/08/20 21:15:00",CAPTL_WF,132.912003
D,DISPATCH,UNIT_SCADA,1,"2019/08/20 21:15:00",CATHROCK,50.849998
D,DISPATCH,UNIT_SCADA,1,"2019/08/20 21:15:00",CHALLHWF,33.400002
D,DISPATCH,UNIT_SCADA,1,"2019/08/20 21:15:00",CLOVER,0
D,DISPATCH,UNIT_SCADA,1,"2019/08/20 21:15:00",CLUNY,19.792629
D,DISPATCH,UNIT_SCADA,1,"2019/08/20 21:15:00",CNUNDAWF,40.847649
D,DISPATCH,UNIT_SCADA,1,"2019/08/20 21:15:00",CULLRGWF,29.92
D,DISPATCH,UNIT_SCADA,1,"2019/08/20 21:15:00",ERGT01,0
D,DISPATCH,UNIT_SCADA,1,"2019/08/20 21:15:00",GB01,0.071815
D,DISPATCH,UNIT_SCADA,1,"2019/08/20 21:15:00",GERMCRK,38.799999
D,DISPATCH,UNIT_SCADA,1,"2019/08/20 21:15:00",GRIFSF1,0
D,DISPATCH,UNIT_SCADA,1,"2019/08/20 21:15:00",HUGSF1,-0.2040
D,DISPATCH,UNIT_SCADA,1,"2019/08/20 21:15:00",LKBONNY1,76.538124
D,DISPATCH,UNIT_SCADA,1,"2019/08/20 21:15:00",LRSF1,0.0290
D,DISPATCH,UNIT_SCADA,1,"2019/08/20 21:15:00",MBAHNTH,56.043747
D,DISPATCH,UNIT_SCADA,1,"2019/08/20 21:15:00",MLSP1,0.283001
D,DISPATCH,UNIT_SCADA,1,"2019/08/20 21:15:00",MLWF1,19.6050
D,DISPATCH,UNIT_SCADA,1,"2019/08/20 21:15:00",MTMILLAR,22.026281
D,DISPATCH,UNIT_SCADA,1,"2019/08/20 21:15:00",PALOONA,23.93
D,DISPATCH,UNIT_SCADA,1,"2019/08/20 21:15:00",PIONEER,30.200001
D,DISPATCH,UNIT_SCADA,1,"2019/08/20 21:15:00",PORTWF,137
D,DISPATCH,UNIT_SCADA,1,"2019/08/20 21:15:00",REPULSE,28.644846
D,DISPATCH,UNIT_SCADA,1,"2019/08/20 21:15:00",ROWALLAN,10.0962
D,DISPATCH,UNIT_SCADA,1,"2019/08/20 21:15:00",ROYALLA1,0
D,DISPATCH,UNIT_SCADA,1,"2019/08/20 21:15:00",RPCG,10.70
D,DISPATCH,UNIT_SCADA,1,"2019/08/20 21:15:00",RUBICON,0
D,DISPATCH,UNIT_SCADA,1,"2019/08/20 21:15:00",SATGN1,0
D,DISPATCH,UNIT_SCADA,1,"2019/08/20 21:15:00",SATGS1,0
D,DISPATCH,UNIT_SCADA,1,"2019/08/20 21:15:00",STARHLWF,12.096473
D,DISPATCH,UNIT_SCADA,1,"2019/08/20 21:15:00",WAUBRAWF,146.966003
D,DISPATCH,UNIT_SCADA,1,"2019/08/20 21:15:00",WOOLNTH1,56.170017
D,DISPATCH,UNIT_SCADA,1,"2019/08/20 21:15:00",WPWF,38
D,DISPATCH,UNIT_SCADA,1,"2019/08/20 21:15:00",YAMBUKWF,30
D,DISPATCH,UNIT_SCADA,1,"2019/08/20 21:15:00",YSWF1,28.799999
D,DISPATCH,UNIT_SCADA,1,"2019/08/20 21:15:00",AGLHAL,0
D,DISPATCH,UNIT_SCADA,1,"2019/08/20 21:15:00",AGLSOM,80
D,DISPATCH,UNIT_SCADA,1,"2019/08/20 21:15:00",ANGAST1,0
D,DISPATCH,UNIT_SCADA,1,"2019/08/20 21:15:00",ARWF1,55.40
D,DISPATCH,UNIT_SCADA,1,"2019/08/20 21:15:00",BALBG1,2.17
D,DISPATCH,UNIT_SCADA,1,"2019/08/20 21:15:00",BALBL1,0
D,DISPATCH,UNIT_SCADA,1,"2019/08/20 21:15:00",BALDHWF1,103.3470
D,DISPATCH,UNIT_SCADA,1,"2019/08/20 21:15:00",BANN1,0
D,DISPATCH,UNIT_SCADA,1,"2019/08/20 21:15:00",BARCALDN,0
D,DISPATCH,UNIT_SCADA,1,"2019/08/20 21:15:00",BARRON-1,0
D,DISPATCH,UNIT_SCADA,1,"2019/08/20 21:15:00",BARRON-2,28.56
D,DISPATCH,UNIT_SCADA,1,"2019/08/20 21:15:00",BASTYAN,80.250010
D,DISPATCH,UNIT_SCADA,1,"2019/08/20 21:15:00",BBTHREE1,-1.84
D,DISPATCH,UNIT_SCADA,1,"2019/08/20 21:15:00",BBTHREE2,-1.85
D,DISPATCH,UNIT_SCADA,1,"2019/08/20 21:15:00",BBTHREE3,0
D,DISPATCH,UNIT_SCADA,1,"2019/08/20 21:15:00",BDL01,0
D,DISPATCH,UNIT_SCADA,1,"2019/08/20 21:15:00",BDL02,-0.06
D,DISPATCH,UNIT_SCADA,1,"2019/08/20 21:15:00",BERYLSF1,0
D,DISPATCH,UNIT_SCADA,1,"2019/08/20 21:15:00",BLOWERNG,0
D,DISPATCH,UNIT_SCADA,1,"2019/08/20 21:15:00",BLUFF1,44.80
D,DISPATCH,UNIT_SCADA,1,"2019/08/20 21:15:00",BNGSF1,0
D,DISPATCH,UNIT_SCADA,1,"2019/08/20 21:15:00",BNGSF2,0
D,DISPATCH,UNIT_SCADA,1,"2019/08/20 21:15:00",BOCORWF1,96.53
D,DISPATCH,UNIT_SCADA,1,"2019/08/20 21:15:00",BODWF1,48.460980
D,DISPATCH,UNIT_SCADA,1,"2019/08/20 21:15:00",BRAEMAR1,0
D,DISPATCH,UNIT_SCADA,1,"2019/08/20 21:15:00",BRAEMAR2,139.400010
D,DISPATCH,UNIT_SCADA,1,"2019/08/20 21:15:00",BRAEMAR3,0
D,DISPATCH,UNIT_SCADA,1,"2019/08/20 21:15:00",BRAEMAR5,0
D,DISPATCH,UNIT_SCADA,1,"2019/08/20 21:15:00",BRAEMAR6,45.551130
D,DISPATCH,UNIT_SCADA,1,"2019/08/20 21:15:00",BRAEMAR7,0
D,DISPATCH,UNIT_SCADA,1,"2019/08/20 21:15:00",BROKENH1,0
D,DISPATCH,UNIT_SCADA,1,"2019/08/20 21:15:00",BW01,642.049930
D,DISPATCH,UNIT_SCADA,1,"2019/08/20 21:15:00",BW02,645.925050
D,DISPATCH,UNIT_SCADA,1,"2019/08/20 21:15:00",BW03,643.925050
D,DISPATCH,UNIT_SCADA,1,"2019/08/20 21:15:00",BW04,0
D,DISPATCH,UNIT_SCADA,1,"2019/08/20 21:15:00",CALL_B_1,350
D,DISPATCH,UNIT_SCADA,1,"2019/08/20 21:15:00",CALL_B_2,300
D,DISPATCH,UNIT_SCADA,1,"2019/08/20 21:15:00",CETHANA,96.208630
D,DISPATCH,UNIT_SCADA,1,"2019/08/20 21:15:00",CG1,0
D,DISPATCH,UNIT_SCADA,1,"2019/08/20 21:15:00",CG2,0
D,DISPATCH,UNIT_SCADA,1,"2019/08/20 21:15:00",CG3,0
D,DISPATCH,UNIT_SCADA,1,"2019/08/20 21:15:00",CG4,0
D,DISPATCH,UNIT_SCADA,1,"2019/08/20 21:15:00",CHILDSF1,0
D,DISPATCH,UNIT_SCADA,1,"2019/08/20 21:15:00",CLARESF1,0
D,DISPATCH,UNIT_SCADA,1,"2019/08/20 21:15:00",CLEMGPWF,44.589670
D,DISPATCH,UNIT_SCADA,1,"2019/08/20 21:15:00",CLERMSF1,0
D,DISPATCH,UNIT_SCADA,1,"2019/08/20 21:15:00",COLEASF1,0
D,DISPATCH,UNIT_SCADA,1,"2019/08/20 21:15:00",COOPGWF1,21.599780
D,DISPATCH,UNIT_SCADA,1,"2019/08/20 21:15:00",CPP_3,405.899990
D,DISPATCH,UNIT_SCADA,1,"2019/08/20 21:15:00",CPP_4,280.225010
D,DISPATCH,UNIT_SCADA,1,"2019/08/20 21:15:00",CPSA,142.59
D,DISPATCH,UNIT_SCADA,1,"2019/08/20 21:15:00",CROOKWF2,90.953750
D,DISPATCH,UNIT_SCADA,1,"2019/08/20 21:15:00",CROWLWF1,56.135680
D,DISPATCH,UNIT_SCADA,1,"2019/08/20 21:15:00",CSPVPS1,0
D,DISPATCH,UNIT_SCADA,1,"2019/08/20 21:15:00",DALNTH01,0
D,DISPATCH,UNIT_SCADA,1,"2019/08/20 21:15:00",DALNTHL1,0.141910
D,DISPATCH,UNIT_SCADA,1,"2019/08/20 21:15:00",DARTM1,134.30
D,DISPATCH,UNIT_SCADA,1,"2019/08/20 21:15:00",DAYDSF1,0
D,DISPATCH,UNIT_SCADA,1,"2019/08/20 21:15:00",DDPS1,292.583310
D,DISPATCH,UNIT_SCADA,1,"2019/08/20 21:15:00",DDSF1,0
D,DISPATCH,UNIT_SCADA,1,"2019/08/20 21:15:00",DEVILS_G,60.526750
D,DISPATCH,UNIT_SCADA,1,"2019/08/20 21:15:00",DG_NSW1,0
D,DISPATCH,UNIT_SCADA,1,"2019/08/20 21:15:00",DG_QLD1,0
D,DISPATCH,UNIT_SCADA,1,"2019/08/20 21:15:00",DG_SA1,0
D,DISPATCH,UNIT_SCADA,1,"2019/08/20 21:15:00",DG_TAS1,0
D,DISPATCH,UNIT_SCADA,1,"2019/08/20 21:15:00",DG_VIC1,0
D,DISPATCH,UNIT_SCADA,1,"2019/08/20 21:15:00",DRYCGT1,0
D,DISPATCH,UNIT_SCADA,1,"2019/08/20 21:15:00",DRYCGT2,0
D,DISPATCH,UNIT_SCADA,1,"2019/08/20 21:15:00",DRYCGT3,0
D,DISPATCH,UNIT_SCADA,1,"2019/08/20 21:15:00",EILDON1,0
D,DISPATCH,UNIT_SCADA,1,"2019/08/20 21:15:00",EILDON2,0
D,DISPATCH,UNIT_SCADA,1,"2019/08/20 21:15:00",EMERASF1,0
D,DISPATCH,UNIT_SCADA,1,"2019/08/20 21:15:00",ER01,594.7251
D,DISPATCH,UNIT_SCADA,1,"2019/08/20 21:15:00",ER02,700.349980
D,DISPATCH,UNIT_SCADA,1,"2019/08/20 21:15:00",ER03,698.525020
D,DISPATCH,UNIT_SCADA,1,"2019/08/20 21:15:00",ER04,699.050050
D,DISPATCH,UNIT_SCADA,1,"2019/08/20 21:15:00",FINLYSF1,0
D,DISPATCH,UNIT_SCADA,1,"2019/08/20 21:15:00",FISHER,45.94
D,DISPATCH,UNIT_SCADA,1,"2019/08/20 21:15:00",GANNBG1,2.005570
D,DISPATCH,UNIT_SCADA,1,"2019/08/20 21:15:00",GANNBL1,0
D,DISPATCH,UNIT_SCADA,1,"2019/08/20 21:15:00",GANNSF1,0
D,DISPATCH,UNIT_SCADA,1,"2019/08/20 21:15:00",GORDON,0
D,DISPATCH,UNIT_SCADA,1,"2019/08/20 21:15:00",GSTONE1,224.349990
D,DISPATCH,UNIT_SCADA,1,"2019/08/20 21:15:00",GSTONE2,219.80
D,DISPATCH,UNIT_SCADA,1,"2019/08/20 21:15:00",GSTONE3,223.1250
D,DISPATCH,UNIT_SCADA,1,"2019/08/20 21:15:00",GSTONE4,224.349990
D,DISPATCH,UNIT_SCADA,1,"2019/08/20 21:15:00",GSTONE5,217.8750
D,DISPATCH,UNIT_SCADA,1,"2019/08/20 21:15:00",GSTONE6,0
D,DISPATCH,UNIT_SCADA,1,"2019/08/20 21:15:00",GULLRSF1,0
D,DISPATCH,UNIT_SCADA,1,"2019/08/20 21:15:00",GULLRWF1,151.291440
D,DISPATCH,UNIT_SCADA,1,"2019/08/20 21:15:00",GUNNING1,46.453190
D,DISPATCH,UNIT_SCADA,1,"2019/08/20 21:15:00",GUTHEGA,0
D,DISPATCH,UNIT_SCADA,1,"2019/08/20 21:15:00",HALLWF1,92.15
D,DISPATCH,UNIT_SCADA,1,"2019/08/20 21:15:00",HALLWF2,64.28
D,DISPATCH,UNIT_SCADA,1,"2019/08/20 21:15:00",HAMISF1,0
D,DISPATCH,UNIT_SCADA,1,"2019/08/20 21:15:00",HAUGHT11,0
D,DISPATCH,UNIT_SCADA,1,"2019/08/20 21:15:00",HAYMSF1,0
D,DISPATCH,UNIT_SCADA,1,"2019/08/20 21:15:00",HDWF1,73
D,DISPATCH,UNIT_SCADA,1,"2019/08/20 21:15:00",HDWF2,53.50
D,DISPATCH,UNIT_SCADA,1,"2019/08/20 21:15:00",HDWF3,71.80
D,DISPATCH,UNIT_SCADA,1,"2019/08/20 21:15:00",HPRG1,2.80
D,DISPATCH,UNIT_SCADA,1,"2019/08/20 21:15:00",HPRL1,0
D,DISPATCH,UNIT_SCADA,1,"2019/08/20 21:15:00",HUMENSW,0
D,DISPATCH,UNIT_SCADA,1,"2019/08/20 21:15:00",HUMEV,8.50
D,DISPATCH,UNIT_SCADA,1,"2019/08/20 21:15:00",HVGTS,0
D,DISPATCH,UNIT_SCADA,1,"2019/08/20 21:15:00",JBUTTERS,136.45
D,DISPATCH,UNIT_SCADA,1,"2019/08/20 21:15:00",JLA01,0.50
D,DISPATCH,UNIT_SCADA,1,"2019/08/20 21:15:00",JLA02,0
D,DISPATCH,UNIT_SCADA,1,"2019/08/20 21:15:00",JLA03,0.10
D,DISPATCH,UNIT_SCADA,1,"2019/08/20 21:15:00",JLA04,0.10
D,DISPATCH,UNIT_SCADA,1,"2019/08/20 21:15:00",JLB01,0
D,DISPATCH,UNIT_SCADA,1,"2019/08/20 21:15:00",JLB02,0.10
D,DISPATCH,UNIT_SCADA,1,"2019/08/20 21:15:00",JLB03,0
D,DISPATCH,UNIT_SCADA,1,"2019/08/20 21:15:00",KAREEYA1,21.5175
D,DISPATCH,UNIT_SCADA,1,"2019/08/20 21:15:00",KAREEYA2,21.80
D,DISPATCH,UNIT_SCADA,1,"2019/08/20 21:15:00",KAREEYA3,0
D,DISPATCH,UNIT_SCADA,1,"2019/08/20 21:15:00",KAREEYA4,21.70
D,DISPATCH,UNIT_SCADA,1,"2019/08/20 21:15:00",KARSF1,0
D,DISPATCH,UNIT_SCADA,1,"2019/08/20 21:15:00",KIATAWF1,30.90
D,DISPATCH,UNIT_SCADA,1,"2019/08/20 21:15:00",KPP_1,0
D,DISPATCH,UNIT_SCADA,1,"2019/08/20 21:15:00",KSP1,0
D,DISPATCH,UNIT_SCADA,1,"2019/08/20 21:15:00",LADBROK1,0
D,DISPATCH,UNIT_SCADA,1,"2019/08/20 21:15:00",LADBROK2,0
D,DISPATCH,UNIT_SCADA,1,"2019/08/20 21:15:00",LD01,416.5687
D,DISPATCH,UNIT_SCADA,1,"2019/08/20 21:15:00",LD02,417.468750
D,DISPATCH,UNIT_SCADA,1,"2019/08/20 21:15:00",LD03,418.1813
D,DISPATCH,UNIT_SCADA,1,"2019/08/20 21:15:00",LD04,377.137480
D,DISPATCH,UNIT_SCADA,1,"2019/08/20 21:15:00",LEM_WIL,85.4992
D,DISPATCH,UNIT_SCADA,1,"2019/08/20 21:15:00",LGAPWF1,15.62
D,DISPATCH,UNIT_SCADA,1,"2019/08/20 21:15:00",LILYSF1,0
D,DISPATCH,UNIT_SCADA,1,"2019/08/20 21:15:00",LI_WY_CA,149.107850
D,DISPATCH,UNIT_SCADA,1,"2019/08/20 21:15:00",LKBONNY2,153.438170
D,DISPATCH,UNIT_SCADA,1,"2019/08/20 21:15:00",LKBONNY3,37.121640
D,DISPATCH,UNIT_SCADA,1,"2019/08/20 21:15:00",LK_ECHO,0
D,DISPATCH,UNIT_SCADA,1,"2019/08/20 21:15:00",LNGS1,0
D,DISPATCH,UNIT_SCADA,1,"2019/08/20 21:15:00",LNGS2,0
D,DISPATCH,UNIT_SCADA,1,"2019/08/20 21:15:00",LONSDALE,0
D,DISPATCH,UNIT_SCADA,1,"2019/08/20 21:15:00",LOYYB1,536.088620
D,DISPATCH,UNIT_SCADA,1,"2019/08/20 21:15:00",LOYYB2,581.202510
D,DISPATCH,UNIT_SCADA,1,"2019/08/20 21:15:00",LYA1,516
D,DISPATCH,UNIT_SCADA,1,"2019/08/20 21:15:00",LYA2,0
D,DISPATCH,UNIT_SCADA,1,"2019/08/20 21:15:00",LYA3,559
D,DISPATCH,UNIT_SCADA,1,"2019/08/20 21:15:00",LYA4,540
D,DISPATCH,UNIT_SCADA,1,"2019/08/20 21:15:00",MACARTH1,376.691310
D,DISPATCH,UNIT_SCADA,1,"2019/08/20 21:15:00",MACKAYGT,0
D,DISPATCH,UNIT_SCADA,1,"2019/08/20 21:15:00",MACKNTSH,85.52
D,DISPATCH,UNIT_SCADA,1,"2019/08/20 21:15:00",MANSLR1,0
D,DISPATCH,UNIT_SCADA,1,"2019/08/20 21:15:00",MCKAY1,0.02
D,DISPATCH,UNIT_SCADA,1,"2019/08/20 21:15:00",MEADOWBK,33.810140
D,DISPATCH,UNIT_SCADA,1,"2019/08/20 21:15:00",MERCER01,127.795010
D,DISPATCH,UNIT_SCADA,1,"2019/08/20 21:15:00",MEWF1,54.149120
D,DISPATCH,UNIT_SCADA,1,"2019/08/20 21:15:00",MINTARO,0
D,DISPATCH,UNIT_SCADA,1,"2019/08/20 21:15:00",MOREESF1,0
D,DISPATCH,UNIT_SCADA,1,"2019/08/20 21:15:00",MORTLK11,115
D,DISPATCH,UNIT_SCADA,1,"2019/08/20 21:15:00",MORTLK12,0
D,DISPATCH,UNIT_SCADA,1,"2019/08/20 21:15:00",MP1,278.2251
D,DISPATCH,UNIT_SCADA,1,"2019/08/20 21:15:00",MP2,0
D,DISPATCH,UNIT_SCADA,1,"2019/08/20 21:15:00",MPP_1,401.25
D,DISPATCH,UNIT_SCADA,1,"2019/08/20 21:15:00",MPP_2,424.25
D,DISPATCH,UNIT_SCADA,1,"2019/08/20 21:15:00",MSTUART1,0
D,DISPATCH,UNIT_SCADA,1,"2019/08/20 21:15:00",MSTUART2,0
D,DISPATCH,UNIT_SCADA,1,"2019/08/20 21:15:00",MSTUART3,0
D,DISPATCH,UNIT_SCADA,1,"2019/08/20 21:15:00",MTGELWF1,63.631090
D,DISPATCH,UNIT_SCADA,1,"2019/08/20 21:15:00",MURRAY,0
D,DISPATCH,UNIT_SCADA,1,"2019/08/20 21:15:00",MUSSELR1,34.60
D,DISPATCH,UNIT_SCADA,1,"2019/08/20 21:15:00",MUWAWF1,51.39
D,DISPATCH,UNIT_SCADA,1,"2019/08/20 21:15:00",NBHWF1,117.80
D,DISPATCH,UNIT_SCADA,1,"2019/08/20 21:15:00",NPS,111
D,DISPATCH,UNIT_SCADA,1,"2019/08/20 21:15:00",NUMURSF1,0
D,DISPATCH,UNIT_SCADA,1,"2019/08/20 21:15:00",NYNGAN1,0
D,DISPATCH,UNIT_SCADA,1,"2019/08/20 21:15:00",OAKEY1,0
D,DISPATCH,UNIT_SCADA,1,"2019/08/20 21:15:00",OAKEY1SF,0.0380
D,DISPATCH,UNIT_SCADA,1,"2019/08/20 21:15:00",OAKEY2,0
D,DISPATCH,UNIT_SCADA,1,"2019/08/20 21:15:00",OAKLAND1,62.20
D,DISPATCH,UNIT_SCADA,1,"2019/08/20 21:15:00",OSB-AG,141.81
D,DISPATCH,UNIT_SCADA,1,"2019/08/20 21:15:00",PARSF1,0
D,DISPATCH,UNIT_SCADA,1,"2019/08/20 21:15:00",POAT110,0
D,DISPATCH,UNIT_SCADA,1,"2019/08/20 21:15:00",POAT220,0.85
D,DISPATCH,UNIT_SCADA,1,"2019/08/20 21:15:00",POR01,0
D,DISPATCH,UNIT_SCADA,1,"2019/08/20 21:15:00",POR03,0
D,DISPATCH,UNIT_SCADA,1,"2019/08/20 21:15:00",PPCCGT,353.408260
D,DISPATCH,UNIT_SCADA,1,"2019/08/20 21:15:00",PTSTAN1,0
D,DISPATCH,UNIT_SCADA,1,"2019/08/20 21:15:00",PUMP1,0
D,DISPATCH,UNIT_SCADA,1,"2019/08/20 21:15:00",PUMP2,0
D,DISPATCH,UNIT_SCADA,1,"2019/08/20 21:15:00",QPS1,0
D,DISPATCH,UNIT_SCADA,1,"2019/08/20 21:15:00",QPS2,0
D,DISPATCH,UNIT_SCADA,1,"2019/08/20 21:15:00",QPS3,0
D,DISPATCH,UNIT_SCADA,1,"2019/08/20 21:15:00",QPS4,0
D,DISPATCH,UNIT_SCADA,1,"2019/08/20 21:15:00",QPS5,0
D,DISPATCH,UNIT_SCADA,1,"2019/08/20 21:15:00",REECE1,117.050010
D,DISPATCH,UNIT_SCADA,1,"2019/08/20 21:15:00",REECE2,117.470010
D,DISPATCH,UNIT_SCADA,1,"2019/08/20 21:15:00",ROMA_7,0
D,DISPATCH,UNIT_SCADA,1,"2019/08/20 21:15:00",ROMA_8,0
D,DISPATCH,UNIT_SCADA,1,"2019/08/20 21:15:00",RRSF1,0
D,DISPATCH,UNIT_SCADA,1,"2019/08/20 21:15:00",RT_NSW1,0
D,DISPATCH,UNIT_SCADA,1,"2019/08/20 21:15:00",RT_NSW2,0
D,DISPATCH,UNIT_SCADA,1,"2019/08/20 21:15:00",RT_NSW3,0
D,DISPATCH,UNIT_SCADA,1,"2019/08/20 21:15:00",RT_NSW4,0
D,DISPATCH,UNIT_SCADA,1,"2019/08/20 21:15:00",RT_NSW5,0
D,DISPATCH,UNIT_SCADA,1,"2019/08/20 21:15:00",RT_NSW6,0
D,DISPATCH,UNIT_SCADA,1,"2019/08/20 21:15:00",RT_QLD1,0
D,DISPATCH,UNIT_SCADA,1,"2019/08/20 21:15:00",RT_SA1,0
D,DISPATCH,UNIT_SCADA,1,"2019/08/20 21:15:00",RT_SA2,0
D,DISPATCH,UNIT_SCADA,1,"2019/08/20 21:15:00",RT_SA3,0
D,DISPATCH,UNIT_SCADA,1,"2019/08/20 21:15:00",RT_SA4,0
D,DISPATCH,UNIT_SCADA,1,"2019/08/20 21:15:00",RT_SA5,0
D,DISPATCH,UNIT_SCADA,1,"2019/08/20 21:15:00",RT_SA6,0
D,DISPATCH,UNIT_SCADA,1,"2019/08/20 21:15:00",RT_TAS1,0
D,DISPATCH,UNIT_SCADA,1,"2019/08/20 21:15:00",RT_VIC1,0
D,DISPATCH,UNIT_SCADA,1,"2019/08/20 21:15:00",RT_VIC10,0
D,DISPATCH,UNIT_SCADA,1,"2019/08/20 21:15:00",RT_VIC11,0
D,DISPATCH,UNIT_SCADA,1,"2019/08/20 21:15:00",RT_VIC12,0
D,DISPATCH,UNIT_SCADA,1,"2019/08/20 21:15:00",RT_VIC2,0
D,DISPATCH,UNIT_SCADA,1,"2019/08/20 21:15:00",RT_VIC3,0
D,DISPATCH,UNIT_SCADA,1,"2019/08/20 21:15:00",RT_VIC4,0
D,DISPATCH,UNIT_SCADA,1,"2019/08/20 21:15:00",RT_VIC5,0
D,DISPATCH,UNIT_SCADA,1,"2019/08/20 21:15:00",RT_VIC6,0
D,DISPATCH,UNIT_SCADA,1,"2019/08/20 21:15:00",RT_VIC7,0
D,DISPATCH,UNIT_SCADA,1,"2019/08/20 21:15:00",RT_VIC8,0
D,DISPATCH,UNIT_SCADA,1,"2019/08/20 21:15:00",RT_VIC9,0
D,DISPATCH,UNIT_SCADA,1,"2019/08/20 21:15:00",RUGBYR1,0
D,DISPATCH,UNIT_SCADA,1,"2019/08/20 21:15:00",SALTCRK1,49.80
D,DISPATCH,UNIT_SCADA,1,"2019/08/20 21:15:00",SAPHWF1,220.200010
D,DISPATCH,UNIT_SCADA,1,"2019/08/20 21:15:00",SHGEN,0
D,DISPATCH,UNIT_SCADA,1,"2019/08/20 21:15:00",SHPUMP,0
D,DISPATCH,UNIT_SCADA,1,"2019/08/20 21:15:00",SITHE01,0.123710
D,DISPATCH,UNIT_SCADA,1,"2019/08/20 21:15:00",SMCSF1,0
D,DISPATCH,UNIT_SCADA,1,"2019/08/20 21:15:00",SNOWNTH1,119.899990
D,DISPATCH,UNIT_SCADA,1,"2019/08/20 21:15:00",SNOWSTH1,114
D,DISPATCH,UNIT_SCADA,1,"2019/08/20 21:15:00",SNOWTWN1,86.501960
D,DISPATCH,UNIT_SCADA,1,"2019/08/20 21:15:00",SNOWYP,0
D,DISPATCH,UNIT_SCADA,1,"2019/08/20 21:15:00",SNUG1,0.019440
D,DISPATCH,UNIT_SCADA,1,"2019/08/20 21:15:00",SRSF1,0.07
D,DISPATCH,UNIT_SCADA,1,"2019/08/20 21:15:00",STAN-1,0
D,DISPATCH,UNIT_SCADA,1,"2019/08/20 21:15:00",STAN-2,319.611850
D,DISPATCH,UNIT_SCADA,1,"2019/08/20 21:15:00",STAN-3,317.086730
D,DISPATCH,UNIT_SCADA,1,"2019/08/20 21:15:00",STAN-4,324.803040
D,DISPATCH,UNIT_SCADA,1,"2019/08/20 21:15:00",STWF1,154.518750
D,DISPATCH,UNIT_SCADA,1,"2019/08/20 21:15:00",SWAN_E,0
D,DISPATCH,UNIT_SCADA,1,"2019/08/20 21:15:00",TALWA1,421
D,DISPATCH,UNIT_SCADA,1,"2019/08/20 21:15:00",TARALGA1,98.223770
D,DISPATCH,UNIT_SCADA,1,"2019/08/20 21:15:00",TARONG#1,340.600010
D,DISPATCH,UNIT_SCADA,1,"2019/08/20 21:15:00",TARONG#2,340.50
D,DISPATCH,UNIT_SCADA,1,"2019/08/20 21:15:00",TARONG#3,259.600010
D,DISPATCH,UNIT_SCADA,1,"2019/08/20 21:15:00",TARONG#4,345.800020
D,DISPATCH,UNIT_SCADA,1,"2019/08/20 21:15:00",TARRALEA,85.10
D,DISPATCH,UNIT_SCADA,1,"2019/08/20 21:15:00",TBSF1,-0.20
D,DISPATCH,UNIT_SCADA,1,"2019/08/20 21:15:00",TNPS1,441.700010
D,DISPATCH,UNIT_SCADA,1,"2019/08/20 21:15:00",TORRA1,113.891470
D,DISPATCH,UNIT_SCADA,1,"2019/08/20 21:15:00",TORRA2,0
D,DISPATCH,UNIT_SCADA,1,"2019/08/20 21:15:00",TORRA3,0
D,DISPATCH,UNIT_SCADA,1,"2019/08/20 21:15:00",TORRA4,0
D,DISPATCH,UNIT_SCADA,1,"2019/08/20 21:15:00",TORRB1,65.03
D,DISPATCH,UNIT_SCADA,1,"2019/08/20 21:15:00",TORRB2,64.44
D,DISPATCH,UNIT_SCADA,1,"2019/08/20 21:15:00",TORRB3,0
D,DISPATCH,UNIT_SCADA,1,"2019/08/20 21:15:00",TORRB4,0
D,DISPATCH,UNIT_SCADA,1,"2019/08/20 21:15:00",TREVALLN,69.930020
D,DISPATCH,UNIT_SCADA,1,"2019/08/20 21:15:00",TRIBUTE,84.939990
D,DISPATCH,UNIT_SCADA,1,"2019/08/20 21:15:00",TUMUT3,116.75
D,DISPATCH,UNIT_SCADA,1,"2019/08/20 21:15:00",TUNGATIN,125.610020
D,DISPATCH,UNIT_SCADA,1,"2019/08/20 21:15:00",TVCC201,0
D,DISPATCH,UNIT_SCADA,1,"2019/08/20 21:15:00",TVPP104,0
D,DISPATCH,UNIT_SCADA,1,"2019/08/20 21:15:00",UPPTUMUT,0
D,DISPATCH,UNIT_SCADA,1,"2019/08/20 21:15:00",URANQ11,0
D,DISPATCH,UNIT_SCADA,1,"2019/08/20 21:15:00",URANQ12,0
D,DISPATCH,UNIT_SCADA,1,"2019/08/20 21:15:00",URANQ13,0
D,DISPATCH,UNIT_SCADA,1,"2019/08/20 21:15:00",URANQ14,0
D,DISPATCH,UNIT_SCADA,1,"2019/08/20 21:15:00",VP5,602.450010
D,DISPATCH,UNIT_SCADA,1,"2019/08/20 21:15:00",VP6,517.299990
D,DISPATCH,UNIT_SCADA,1,"2019/08/20 21:15:00",VPGS1,0
D,DISPATCH,UNIT_SCADA,1,"2019/08/20 21:15:00",VPGS2,0
D,DISPATCH,UNIT_SCADA,1,"2019/08/20 21:15:00",VPGS3,0
D,DISPATCH,UNIT_SCADA,1,"2019/08/20 21:15:00",VPGS4,0
D,DISPATCH,UNIT_SCADA,1,"2019/08/20 21:15:00",VPGS5,0
D,DISPATCH,UNIT_SCADA,1,"2019/08/20 21:15:00",VPGS6,0
D,DISPATCH,UNIT_SCADA,1,"2019/08/20 21:15:00",W/HOE#1,201.679990
D,DISPATCH,UNIT_SCADA,1,"2019/08/20 21:15:00",W/HOE#2,0
D,DISPATCH,UNIT_SCADA,1,"2019/08/20 21:15:00",WATERLWF,125.40
D,DISPATCH,UNIT_SCADA,1,"2019/08/20 21:15:00",WEMENSF1,0
D,DISPATCH,UNIT_SCADA,1,"2019/08/20 21:15:00",WGWF1,101.90
D,DISPATCH,UNIT_SCADA,1,"2019/08/20 21:15:00",WHITSF1,0
D,DISPATCH,UNIT_SCADA,1,"2019/08/20 21:15:00",WKIEWA1,0
D,DISPATCH,UNIT_SCADA,1,"2019/08/20 21:15:00",WKIEWA2,17
D,DISPATCH,UNIT_SCADA,1,"2019/08/20 21:15:00",WOODLWN1,44.6940
D,DISPATCH,UNIT_SCADA,1,"2019/08/20 21:15:00",WRSF1,0
D,DISPATCH,UNIT_SCADA,1,"2019/08/20 21:15:00",WRWF1,145.3925
D,DISPATCH,UNIT_SCADA,1,"2019/08/20 21:15:00",YABULU,0
D,DISPATCH,UNIT_SCADA,1,"2019/08/20 21:15:00",YABULU2,0
D,DISPATCH,UNIT_SCADA,1,"2019/08/20 21:15:00",YARWUN_1,0
D,DISPATCH,UNIT_SCADA,1,"2019/08/20 21:15:00",YENDWF1,42.16
D,DISPATCH,UNIT_SCADA,1,"2019/08/20 21:15:00",YWPS1,375.939240
D,DISPATCH,UNIT_SCADA,1,"2019/08/20 21:15:00",YWPS2,278.944310
D,DISPATCH,UNIT_SCADA,1,"2019/08/20 21:15:00",YWPS3,0
D,DISPATCH,UNIT_SCADA,1,"2019/08/20 21:15:00",YWPS4,395.237980
C,"END OF REPORT",334
