C,NEMP.WORLD,DISPATCHSCADA,AEMO,PUBLIC,2019/09/05,23:25:09,0000000312440231,DISPATCHSCADA,0000000312440225
I,DISPATCH,UNIT_SCADA,1,SETTLEMENTDATE,DUID,SCADAVALUE
D,DISPATCH,UNIT_SCADA,1,"2019/09/05 23:30:00",BARCSF1,0.30
D,DISPATCH,UNIT_SCADA,1,"2019/09/05 23:30:00",BUTLERSG,10.199999
D,DISPATCH,UNIT_SCADA,1,"2019/09/05 23:30:00",CALL_A_4,0
D,DISPATCH,UNIT_SCADA,1,"2019/09/05 23:30:00",CAPTL_WF,10.092003
D,DISPATCH,UNIT_SCADA,1,"2019/09/05 23:30:00",CATHROCK,0
D,DISPATCH,UNIT_SCADA,1,"2019/09/05 23:30:00",CHALLHWF,0
D,DISPATCH,UNIT_SCADA,1,"2019/09/05 23:30:00",CLOVER,-0.01
D,DISPATCH,UNIT_SCADA,1,"2019/09/05 23:30:00",CLUNY,14.282903
D,DISPATCH,UNIT_SCADA,1,"2019/09/05 23:30:00",CNUNDAWF,12.614716
D,DISPATCH,UNIT_SCADA,1,"2019/09/05 23:30:00",CULLRGWF,8.32
D,DISPATCH,UNIT_SCADA,1,"2019/09/05 23:30:00",ERGT01,0
D,DISPATCH,UNIT_SCADA,1,"2019/09/05 23:30:00",GB01,0.008286
D,DISPATCH,UNIT_SCADA,1,"2019/09/05 23:30:00",GERMCRK,37
D,DISPATCH,UNIT_SCADA,1,"2019/09/05 23:30:00",GRIFSF1,0
D,DISPATCH,UNIT_SCADA,1,"2019/09/05 23:30:00",HUGSF1,-0.2330
D,DISPATCH,UNIT_SCADA,1,"2019/09/05 23:30:00",LKBONNY1,18.576347
D,DISPATCH,UNIT_SCADA,1,"2019/09/05 23:30:00",LRSF1,-0.0010
D,DISPATCH,UNIT_SCADA,1,"2019/09/05 23:30:00",MBAHNTH,46.949997
D,DISPATCH,UNIT_SCADA,1,"2019/09/05 23:30:00",MLSP1,0
D,DISPATCH,UNIT_SCADA,1,"2019/09/05 23:30:00",MLWF1,0.27
D,DISPATCH,UNIT_SCADA,1,"2019/09/05 23:30:00",MTMILLAR,46.217987
D,DISPATCH,UNIT_SCADA,1,"2019/09/05 23:30:00",PALOONA,25.75
D,DISPATCH,UNIT_SCADA,1,"2019/09/05 23:30:00",PIONEER,48.200001
D,DISPATCH,UNIT_SCADA,1,"2019/09/05 23:30:00",PORTWF,54.700001
D,DISPATCH,UNIT_SCADA,1,"2019/09/05 23:30:00",REPULSE,32.784313
D,DISPATCH,UNIT_SCADA,1,"2019/09/05 23:30:00",ROWALLAN,10.3802
D,DISPATCH,UNIT_SCADA,1,"2019/09/05 23:30:00",ROYALLA1,0
D,DISPATCH,UNIT_SCADA,1,"2019/09/05 23:30:00",RPCG,9.20
D,DISPATCH,UNIT_SCADA,1,"2019/09/05 23:30:00",RUBICON,0
D,DISPATCH,UNIT_SCADA,1,"2019/09/05 23:30:00",SATGN1,0
D,DISPATCH,UNIT_SCADA,1,"2019/09/05 23:30:00",SATGS1,0
D,DISPATCH,UNIT_SCADA,1,"2019/09/05 23:30:00",STARHLWF,29.291458
D,DISPATCH,UNIT_SCADA,1,"2019/09/05 23:30:00",WAUBRAWF,46.200001
D,DISPATCH,UNIT_SCADA,1,"2019/09/05 23:30:00",WOOLNTH1,132.870010
D,DISPATCH,UNIT_SCADA,1,"2019/09/05 23:30:00",WPWF,74
D,DISPATCH,UNIT_SCADA,1,"2019/09/05 23:30:00",YAMBUKWF,0.40
D,DISPATCH,UNIT_SCADA,1,"2019/09/05 23:30:00",YSWF1,0.80
D,DISPATCH,UNIT_SCADA,1,"2019/09/05 23:30:00",AGLHAL,0
D,DISPATCH,UNIT_SCADA,1,"2019/09/05 23:30:00",AGLSOM,0
D,DISPATCH,UNIT_SCADA,1,"2019/09/05 23:30:00",ANGAST1,0
D,DISPATCH,UNIT_SCADA,1,"2019/09/05 23:30:00",ARWF1,4.50
D,DISPATCH,UNIT_SCADA,1,"2019/09/05 23:30:00",BALBG1,0
D,DISPATCH,UNIT_SCADA,1,"2019/09/05 23:30:00",BALBL1,0
D,DISPATCH,UNIT_SCADA,1,"2019/09/05 23:30:00",BALDHWF1,42.3670
D,DISPATCH,UNIT_SCADA,1,"2019/09/05 23:30:00",BANN1,0
D,DISPATCH,UNIT_SCADA,1,"2019/09/05 23:30:00",BARCALDN,0
D,DISPATCH,UNIT_SCADA,1,"2019/09/05 23:30:00",BARRON-1,32.72
D,DISPATCH,UNIT_SCADA,1,"2019/09/05 23:30:00",BARRON-2,0
D,DISPATCH,UNIT_SCADA,1,"2019/09/05 23:30:00",BASTYAN,80.66
D,DISPATCH,UNIT_SCADA,1,"2019/09/05 23:30:00",BBTHREE1,0
D,DISPATCH,UNIT_SCADA,1,"2019/09/05 23:30:00",BBTHREE2,0
D,DISPATCH,UNIT_SCADA,1,"2019/09/05 23:30:00",BBTHREE3,0
D,DISPATCH,UNIT_SCADA,1,"2019/09/05 23:30:00",BDL01,0
D,DISPATCH,UNIT_SCADA,1,"2019/09/05 23:30:00",BDL02,-0.12
D,DISPATCH,UNIT_SCADA,1,"2019/09/05 23:30:00",BERYLSF1,0
D,DISPATCH,UNIT_SCADA,1,"2019/09/05 23:30:00",BLOWERNG,15.40
D,DISPATCH,UNIT_SCADA,1,"2019/09/05 23:30:00",BLUFF1,50.70
D,DISPATCH,UNIT_SCADA,1,"2019/09/05 23:30:00",BNGSF1,0
D,DISPATCH,UNIT_SCADA,1,"2019/09/05 23:30:00",BNGSF2,0
D,DISPATCH,UNIT_SCADA,1,"2019/09/05 23:30:00",BOCORWF1,21.62
D,DISPATCH,UNIT_SCADA,1,"2019/09/05 23:30:00",BODWF1,17.353260
D,DISPATCH,UNIT_SCADA,1,"2019/09/05 23:30:00",BRAEMAR1,0
D,DISPATCH,UNIT_SCADA,1,"2019/09/05 23:30:00",BRAEMAR2,0
D,DISPATCH,UNIT_SCADA,1,"2019/09/05 23:30:00",BRAEMAR3,0
D,DISPATCH,UNIT_SCADA,1,"2019/09/05 23:30:00",BRAEMAR5,0
D,DISPATCH,UNIT_SCADA,1,"2019/09/05 23:30:00",BRAEMAR6,0
D,DISPATCH,UNIT_SCADA,1,"2019/09/05 23:30:00",BRAEMAR7,0
D,DISPATCH,UNIT_SCADA,1,"2019/09/05 23:30:00",BROKENH1,0
D,DISPATCH,UNIT_SCADA,1,"2019/09/05 23:30:00",BW01,560.700070
D,DISPATCH,UNIT_SCADA,1,"2019/09/05 23:30:00",BW02,638.949950
D,DISPATCH,UNIT_SCADA,1,"2019/09/05 23:30:00",BW03,657.275020
D,DISPATCH,UNIT_SCADA,1,"2019/09/05 23:30:00",BW04,0
D,DISPATCH,UNIT_SCADA,1,"2019/09/05 23:30:00",CALL_B_1,349.399990
D,DISPATCH,UNIT_SCADA,1,"2019/09/05 23:30:00",CALL_B_2,297.200010
D,DISPATCH,UNIT_SCADA,1,"2019/09/05 23:30:00",CETHANA,19.6285
D,DISPATCH,UNIT_SCADA,1,"2019/09/05 23:30:00",CG1,0
D,DISPATCH,UNIT_SCADA,1,"2019/09/05 23:30:00",CG2,0
D,DISPATCH,UNIT_SCADA,1,"2019/09/05 23:30:00",CG3,0
D,DISPATCH,UNIT_SCADA,1,"2019/09/05 23:30:00",CG4,0
D,DISPATCH,UNIT_SCADA,1,"2019/09/05 23:30:00",CHILDSF1,0
D,DISPATCH,UNIT_SCADA,1,"2019/09/05 23:30:00",CLARESF1,0
D,DISPATCH,UNIT_SCADA,1,"2019/09/05 23:30:00",CLEMGPWF,55.538990
D,DISPATCH,UNIT_SCADA,1,"2019/09/05 23:30:00",CLERMSF1,0
D,DISPATCH,UNIT_SCADA,1,"2019/09/05 23:30:00",COLEASF1,0
D,DISPATCH,UNIT_SCADA,1,"2019/09/05 23:30:00",COOPGWF1,17.268360
D,DISPATCH,UNIT_SCADA,1,"2019/09/05 23:30:00",CPP_3,405.075010
D,DISPATCH,UNIT_SCADA,1,"2019/09/05 23:30:00",CPP_4,406.725010
D,DISPATCH,UNIT_SCADA,1,"2019/09/05 23:30:00",CPSA,140.891880
D,DISPATCH,UNIT_SCADA,1,"2019/09/05 23:30:00",CROOKWF2,25.243750
D,DISPATCH,UNIT_SCADA,1,"2019/09/05 23:30:00",CROWLWF1,10.296320
D,DISPATCH,UNIT_SCADA,1,"2019/09/05 23:30:00",CSPVPS1,0
D,DISPATCH,UNIT_SCADA,1,"2019/09/05 23:30:00",DALNTH01,0
D,DISPATCH,UNIT_SCADA,1,"2019/09/05 23:30:00",DALNTHL1,0.068670
D,DISPATCH,UNIT_SCADA,1,"2019/09/05 23:30:00",DARTM1,133.600010
D,DISPATCH,UNIT_SCADA,1,"2019/09/05 23:30:00",DAYDSF1,0
D,DISPATCH,UNIT_SCADA,1,"2019/09/05 23:30:00",DDPS1,359.034240
D,DISPATCH,UNIT_SCADA,1,"2019/09/05 23:30:00",DDSF1,0
D,DISPATCH,UNIT_SCADA,1,"2019/09/05 23:30:00",DEVILS_G,64.274420
D,DISPATCH,UNIT_SCADA,1,"2019/09/05 23:30:00",DG_NSW1,0
D,DISPATCH,UNIT_SCADA,1,"2019/09/05 23:30:00",DG_QLD1,0
D,DISPATCH,UNIT_SCADA,1,"2019/09/05 23:30:00",DG_SA1,0
D,DISPATCH,UNIT_SCADA,1,"2019/09/05 23:30:00",DG_TAS1,0
D,DISPATCH,UNIT_SCADA,1,"2019/09/05 23:30:00",DG_VIC1,0
D,DISPATCH,UNIT_SCADA,1,"2019/09/05 23:30:00",DRYCGT1,0
D,DISPATCH,UNIT_SCADA,1,"2019/09/05 23:30:00",DRYCGT2,0
D,DISPATCH,UNIT_SCADA,1,"2019/09/05 23:30:00",DRYCGT3,0
D,DISPATCH,UNIT_SCADA,1,"2019/09/05 23:30:00",EILDON1,0
D,DISPATCH,UNIT_SCADA,1,"2019/09/05 23:30:00",EILDON2,0
D,DISPATCH,UNIT_SCADA,1,"2019/09/05 23:30:00",EMERASF1,0
D,DISPATCH,UNIT_SCADA,1,"2019/09/05 23:30:00",ER01,579.849980
D,DISPATCH,UNIT_SCADA,1,"2019/09/05 23:30:00",ER02,686.900020
D,DISPATCH,UNIT_SCADA,1,"2019/09/05 23:30:00",ER03,0
D,DISPATCH,UNIT_SCADA,1,"2019/09/05 23:30:00",ER04,666.25
D,DISPATCH,UNIT_SCADA,1,"2019/09/05 23:30:00",FINLYSF1,0
D,DISPATCH,UNIT_SCADA,1,"2019/09/05 23:30:00",FISHER,45.87
D,DISPATCH,UNIT_SCADA,1,"2019/09/05 23:30:00",GANNBG1,3.9701
D,DISPATCH,UNIT_SCADA,1,"2019/09/05 23:30:00",GANNBL1,0
D,DISPATCH,UNIT_SCADA,1,"2019/09/05 23:30:00",GANNSF1,0
D,DISPATCH,UNIT_SCADA,1,"2019/09/05 23:30:00",GORDON,19.666640
D,DISPATCH,UNIT_SCADA,1,"2019/09/05 23:30:00",GSTONE1,215.95
D,DISPATCH,UNIT_SCADA,1,"2019/09/05 23:30:00",GSTONE2,211.224990
D,DISPATCH,UNIT_SCADA,1,"2019/09/05 23:30:00",GSTONE3,0
D,DISPATCH,UNIT_SCADA,1,"2019/09/05 23:30:00",GSTONE4,215.774990
D,DISPATCH,UNIT_SCADA,1,"2019/09/05 23:30:00",GSTONE5,215.95
D,DISPATCH,UNIT_SCADA,1,"2019/09/05 23:30:00",GSTONE6,216.474990
D,DISPATCH,UNIT_SCADA,1,"2019/09/05 23:30:00",GULLRSF1,0
D,DISPATCH,UNIT_SCADA,1,"2019/09/05 23:30:00",GULLRWF1,45.9660
D,DISPATCH,UNIT_SCADA,1,"2019/09/05 23:30:00",GUNNING1,20.321870
D,DISPATCH,UNIT_SCADA,1,"2019/09/05 23:30:00",GUTHEGA,0
D,DISPATCH,UNIT_SCADA,1,"2019/09/05 23:30:00",HALLWF1,88.27
D,DISPATCH,UNIT_SCADA,1,"2019/09/05 23:30:00",HALLWF2,68.26
D,DISPATCH,UNIT_SCADA,1,"2019/09/05 23:30:00",HAMISF1,0
D,DISPATCH,UNIT_SCADA,1,"2019/09/05 23:30:00",HAUGHT11,0
D,DISPATCH,UNIT_SCADA,1,"2019/09/05 23:30:00",HAYMSF1,0
D,DISPATCH,UNIT_SCADA,1,"2019/09/05 23:30:00",HDWF1,80.30
D,DISPATCH,UNIT_SCADA,1,"2019/09/05 23:30:00",HDWF2,58.90
D,DISPATCH,UNIT_SCADA,1,"2019/09/05 23:30:00",HDWF3,75.70
D,DISPATCH,UNIT_SCADA,1,"2019/09/05 23:30:00",HPRG1,2.30
D,DISPATCH,UNIT_SCADA,1,"2019/09/05 23:30:00",HPRL1,0
D,DISPATCH,UNIT_SCADA,1,"2019/09/05 23:30:00",HUMENSW,0
D,DISPATCH,UNIT_SCADA,1,"2019/09/05 23:30:00",HUMEV,24
D,DISPATCH,UNIT_SCADA,1,"2019/09/05 23:30:00",HVGTS,0
D,DISPATCH,UNIT_SCADA,1,"2019/09/05 23:30:00",JBUTTERS,0
D,DISPATCH,UNIT_SCADA,1,"2019/09/05 23:30:00",JLA01,0.10
D,DISPATCH,UNIT_SCADA,1,"2019/09/05 23:30:00",JLA02,0
D,DISPATCH,UNIT_SCADA,1,"2019/09/05 23:30:00",JLA03,0
D,DISPATCH,UNIT_SCADA,1,"2019/09/05 23:30:00",JLA04,0
D,DISPATCH,UNIT_SCADA,1,"2019/09/05 23:30:00",JLB01,0
D,DISPATCH,UNIT_SCADA,1,"2019/09/05 23:30:00",JLB02,0.10
D,DISPATCH,UNIT_SCADA,1,"2019/09/05 23:30:00",JLB03,0
D,DISPATCH,UNIT_SCADA,1,"2019/09/05 23:30:00",KAREEYA1,21.5750
D,DISPATCH,UNIT_SCADA,1,"2019/09/05 23:30:00",KAREEYA2,21.7850
D,DISPATCH,UNIT_SCADA,1,"2019/09/05 23:30:00",KAREEYA3,0
D,DISPATCH,UNIT_SCADA,1,"2019/09/05 23:30:00",KAREEYA4,21.6050
D,DISPATCH,UNIT_SCADA,1,"2019/09/05 23:30:00",KARSF1,0
D,DISPATCH,UNIT_SCADA,1,"2019/09/05 23:30:00",KIATAWF1,30.80
D,DISPATCH,UNIT_SCADA,1,"2019/09/05 23:30:00",KPP_1,0
D,DISPATCH,UNIT_SCADA,1,"2019/09/05 23:30:00",KSP1,0
D,DISPATCH,UNIT_SCADA,1,"2019/09/05 23:30:00",LADBROK1,42.35
D,DISPATCH,UNIT_SCADA,1,"2019/09/05 23:30:00",LADBROK2,43.02
D,DISPATCH,UNIT_SCADA,1,"2019/09/05 23:30:00",LD01,422.550020
D,DISPATCH,UNIT_SCADA,1,"2019/09/05 23:30:00",LD02,399.3750
D,DISPATCH,UNIT_SCADA,1,"2019/09/05 23:30:00",LD03,429.581270
D,DISPATCH,UNIT_SCADA,1,"2019/09/05 23:30:00",LD04,383.475040
D,DISPATCH,UNIT_SCADA,1,"2019/09/05 23:30:00",LEM_WIL,84.7658
D,DISPATCH,UNIT_SCADA,1,"2019/09/05 23:30:00",LGAPWF1,34.50
D,DISPATCH,UNIT_SCADA,1,"2019/09/05 23:30:00",LILYSF1,0
D,DISPATCH,UNIT_SCADA,1,"2019/09/05 23:30:00",LI_WY_CA,138.730450
D,DISPATCH,UNIT_SCADA,1,"2019/09/05 23:30:00",LKBONNY2,38.570480
D,DISPATCH,UNIT_SCADA,1,"2019/09/05 23:30:00",LKBONNY3,8.708230
D,DISPATCH,UNIT_SCADA,1,"2019/09/05 23:30:00",LK_ECHO,0
D,DISPATCH,UNIT_SCADA,1,"2019/09/05 23:30:00",LNGS1,0
D,DISPATCH,UNIT_SCADA,1,"2019/09/05 23:30:00",LNGS2,0
D,DISPATCH,UNIT_SCADA,1,"2019/09/05 23:30:00",LONSDALE,0
D,DISPATCH,UNIT_SCADA,1,"2019/09/05 23:30:00",LOYYB1,536.088620
D,DISPATCH,UNIT_SCADA,1,"2019/09/05 23:30:00",LOYYB2,583.834170
D,DISPATCH,UNIT_SCADA,1,"2019/09/05 23:30:00",LYA1,0
D,DISPATCH,UNIT_SCADA,1,"2019/09/05 23:30:00",LYA2,0
D,DISPATCH,UNIT_SCADA,1,"2019/09/05 23:30:00",LYA3,558
D,DISPATCH,UNIT_SCADA,1,"2019/09/05 23:30:00",LYA4,540
D,DISPATCH,UNIT_SCADA,1,"2019/09/05 23:30:00",MACARTH1,39.799080
D,DISPATCH,UNIT_SCADA,1,"2019/09/05 23:30:00",MACKAYGT,0.2240
D,DISPATCH,UNIT_SCADA,1,"2019/09/05 23:30:00",MACKNTSH,88.680010
D,DISPATCH,UNIT_SCADA,1,"2019/09/05 23:30:00",MANSLR1,0
D,DISPATCH,UNIT_SCADA,1,"2019/09/05 23:30:00",MCKAY1,0.02
D,DISPATCH,UNIT_SCADA,1,"2019/09/05 23:30:00",MEADOWBK,33.924460
D,DISPATCH,UNIT_SCADA,1,"2019/09/05 23:30:00",MERCER01,8.84
D,DISPATCH,UNIT_SCADA,1,"2019/09/05 23:30:00",MEWF1,67.137540
D,DISPATCH,UNIT_SCADA,1,"2019/09/05 23:30:00",MINTARO,0
D,DISPATCH,UNIT_SCADA,1,"2019/09/05 23:30:00",MOREESF1,0
D,DISPATCH,UNIT_SCADA,1,"2019/09/05 23:30:00",MORTLK11,260
D,DISPATCH,UNIT_SCADA,1,"2019/09/05 23:30:00",MORTLK12,0
D,DISPATCH,UNIT_SCADA,1,"2019/09/05 23:30:00",MP1,224.650020
D,DISPATCH,UNIT_SCADA,1,"2019/09/05 23:30:00",MP2,0
D,DISPATCH,UNIT_SCADA,1,"2019/09/05 23:30:00",MPP_1,399
D,DISPATCH,UNIT_SCADA,1,"2019/09/05 23:30:00",MPP_2,435.50
D,DISPATCH,UNIT_SCADA,1,"2019/09/05 23:30:00",MSTUART1,0
D,DISPATCH,UNIT_SCADA,1,"2019/09/05 23:30:00",MSTUART2,0
D,DISPATCH,UNIT_SCADA,1,"2019/09/05 23:30:00",MSTUART3,0
D,DISPATCH,UNIT_SCADA,1,"2019/09/05 23:30:00",MTGELWF1,7.371750
D,DISPATCH,UNIT_SCADA,1,"2019/09/05 23:30:00",MURRAY,0
D,DISPATCH,UNIT_SCADA,1,"2019/09/05 23:30:00",MUSSELR1,65.899990
D,DISPATCH,UNIT_SCADA,1,"2019/09/05 23:30:00",MUWAWF1,40.11
D,DISPATCH,UNIT_SCADA,1,"2019/09/05 23:30:00",NBHWF1,109.60
D,DISPATCH,UNIT_SCADA,1,"2019/09/05 23:30:00",NPS,0
D,DISPATCH,UNIT_SCADA,1,"2019/09/05 23:30:00",NUMURSF1,0
D,DISPATCH,UNIT_SCADA,1,"2019/09/05 23:30:00",NYNGAN1,0
D,DISPATCH,UNIT_SCADA,1,"2019/09/05 23:30:00",OAKEY1,0
D,DISPATCH,UNIT_SCADA,1,"2019/09/05 23:30:00",OAKEY1SF,0
D,DISPATCH,UNIT_SCADA,1,"2019/09/05 23:30:00",OAKEY2,0
D,DISPATCH,UNIT_SCADA,1,"2019/09/05 23:30:00",OAKEY2SF,0
D,DISPATCH,UNIT_SCADA,1,"2019/09/05 23:30:00",OAKLAND1,-0.20
D,DISPATCH,UNIT_SCADA,1,"2019/09/05 23:30:00",OSB-AG,0
D,DISPATCH,UNIT_SCADA,1,"2019/09/05 23:30:00",PARSF1,0
D,DISPATCH,UNIT_SCADA,1,"2019/09/05 23:30:00",POAT110,0
D,DISPATCH,UNIT_SCADA,1,"2019/09/05 23:30:00",POAT220,1.66
D,DISPATCH,UNIT_SCADA,1,"2019/09/05 23:30:00",POR01,0
D,DISPATCH,UNIT_SCADA,1,"2019/09/05 23:30:00",POR03,0
D,DISPATCH,UNIT_SCADA,1,"2019/09/05 23:30:00",PPCCGT,376.896940
D,DISPATCH,UNIT_SCADA,1,"2019/09/05 23:30:00",PTSTAN1,0
D,DISPATCH,UNIT_SCADA,1,"2019/09/05 23:30:00",PUMP1,0
D,DISPATCH,UNIT_SCADA,1,"2019/09/05 23:30:00",PUMP2,0
D,DISPATCH,UNIT_SCADA,1,"2019/09/05 23:30:00",QPS1,29
D,DISPATCH,UNIT_SCADA,1,"2019/09/05 23:30:00",QPS2,0
D,DISPATCH,UNIT_SCADA,1,"2019/09/05 23:30:00",QPS3,0
D,DISPATCH,UNIT_SCADA,1,"2019/09/05 23:30:00",QPS4,0
D,DISPATCH,UNIT_SCADA,1,"2019/09/05 23:30:00",QPS5,0
D,DISPATCH,UNIT_SCADA,1,"2019/09/05 23:30:00",REECE1,118.280010
D,DISPATCH,UNIT_SCADA,1,"2019/09/05 23:30:00",REECE2,54.14
D,DISPATCH,UNIT_SCADA,1,"2019/09/05 23:30:00",ROMA_7,0
D,DISPATCH,UNIT_SCADA,1,"2019/09/05 23:30:00",ROMA_8,0
D,DISPATCH,UNIT_SCADA,1,"2019/09/05 23:30:00",RRSF1,0
D,DISPATCH,UNIT_SCADA,1,"2019/09/05 23:30:00",RT_NSW1,0
D,DISPATCH,UNIT_SCADA,1,"2019/09/05 23:30:00",RT_NSW2,0
D,DISPATCH,UNIT_SCADA,1,"2019/09/05 23:30:00",RT_NSW3,0
D,DISPATCH,UNIT_SCADA,1,"2019/09/05 23:30:00",RT_NSW4,0
D,DISPATCH,UNIT_SCADA,1,"2019/09/05 23:30:00",RT_NSW5,0
D,DISPATCH,UNIT_SCADA,1,"2019/09/05 23:30:00",RT_NSW6,0
D,DISPATCH,UNIT_SCADA,1,"2019/09/05 23:30:00",RT_QLD1,0
D,DISPATCH,UNIT_SCADA,1,"2019/09/05 23:30:00",RT_SA1,0
D,DISPATCH,UNIT_SCADA,1,"2019/09/05 23:30:00",RT_SA2,0
D,DISPATCH,UNIT_SCADA,1,"2019/09/05 23:30:00",RT_SA3,0
D,DISPATCH,UNIT_SCADA,1,"2019/09/05 23:30:00",RT_SA4,0
D,DISPATCH,UNIT_SCADA,1,"2019/09/05 23:30:00",RT_SA5,0
D,DISPATCH,UNIT_SCADA,1,"2019/09/05 23:30:00",RT_SA6,0
D,DISPATCH,UNIT_SCADA,1,"2019/09/05 23:30:00",RT_TAS1,0
D,DISPATCH,UNIT_SCADA,1,"2019/09/05 23:30:00",RT_VIC1,0
D,DISPATCH,UNIT_SCADA,1,"2019/09/05 23:30:00",RT_VIC10,0
D,DISPATCH,UNIT_SCADA,1,"2019/09/05 23:30:00",RT_VIC11,0
D,DISPATCH,UNIT_SCADA,1,"2019/09/05 23:30:00",RT_VIC12,0
D,DISPATCH,UNIT_SCADA,1,"2019/09/05 23:30:00",RT_VIC2,0
D,DISPATCH,UNIT_SCADA,1,"2019/09/05 23:30:00",RT_VIC3,0
D,DISPATCH,UNIT_SCADA,1,"2019/09/05 23:30:00",RT_VIC4,0
D,DISPATCH,UNIT_SCADA,1,"2019/09/05 23:30:00",RT_VIC5,0
D,DISPATCH,UNIT_SCADA,1,"2019/09/05 23:30:00",RT_VIC6,0
D,DISPATCH,UNIT_SCADA,1,"2019/09/05 23:30:00",RT_VIC7,0
D,DISPATCH,UNIT_SCADA,1,"2019/09/05 23:30:00",RT_VIC8,0
D,DISPATCH,UNIT_SCADA,1,"2019/09/05 23:30:00",RT_VIC9,0
D,DISPATCH,UNIT_SCADA,1,"2019/09/05 23:30:00",RUGBYR1,0
D,DISPATCH,UNIT_SCADA,1,"2019/09/05 23:30:00",SALTCRK1,-0.42
D,DISPATCH,UNIT_SCADA,1,"2019/09/05 23:30:00",SAPHWF1,67.378110
D,DISPATCH,UNIT_SCADA,1,"2019/09/05 23:30:00",SHGEN,0
D,DISPATCH,UNIT_SCADA,1,"2019/09/05 23:30:00",SHPUMP,0
D,DISPATCH,UNIT_SCADA,1,"2019/09/05 23:30:00",SITHE01,0.214140
D,DISPATCH,UNIT_SCADA,1,"2019/09/05 23:30:00",SMCSF1,0
D,DISPATCH,UNIT_SCADA,1,"2019/09/05 23:30:00",SNOWNTH1,122.70
D,DISPATCH,UNIT_SCADA,1,"2019/09/05 23:30:00",SNOWSTH1,116.60
D,DISPATCH,UNIT_SCADA,1,"2019/09/05 23:30:00",SNOWTWN1,93.521660
D,DISPATCH,UNIT_SCADA,1,"2019/09/05 23:30:00",SNOWYP,0
D,DISPATCH,UNIT_SCADA,1,"2019/09/05 23:30:00",SNUG1,0.019440
D,DISPATCH,UNIT_SCADA,1,"2019/09/05 23:30:00",SRSF1,0.22
D,DISPATCH,UNIT_SCADA,1,"2019/09/05 23:30:00",STAN-1,253.946260
D,DISPATCH,UNIT_SCADA,1,"2019/09/05 23:30:00",STAN-2,307.447750
D,DISPATCH,UNIT_SCADA,1,"2019/09/05 23:30:00",STAN-3,305.345640
D,DISPATCH,UNIT_SCADA,1,"2019/09/05 23:30:00",STAN-4,311.818630
D,DISPATCH,UNIT_SCADA,1,"2019/09/05 23:30:00",STWF1,0
D,DISPATCH,UNIT_SCADA,1,"2019/09/05 23:30:00",SWAN_E,0
D,DISPATCH,UNIT_SCADA,1,"2019/09/05 23:30:00",TALWA1,414
D,DISPATCH,UNIT_SCADA,1,"2019/09/05 23:30:00",TARALGA1,34.443760
D,DISPATCH,UNIT_SCADA,1,"2019/09/05 23:30:00",TARONG#1,348.899990
D,DISPATCH,UNIT_SCADA,1,"2019/09/05 23:30:00",TARONG#2,0
D,DISPATCH,UNIT_SCADA,1,"2019/09/05 23:30:00",TARONG#3,299.399990
D,DISPATCH,UNIT_SCADA,1,"2019/09/05 23:30:00",TARONG#4,348.399990
D,DISPATCH,UNIT_SCADA,1,"2019/09/05 23:30:00",TARRALEA,74.10
D,DISPATCH,UNIT_SCADA,1,"2019/09/05 23:30:00",TBSF1,-0.20
D,DISPATCH,UNIT_SCADA,1,"2019/09/05 23:30:00",TNPS1,397.600010
D,DISPATCH,UNIT_SCADA,1,"2019/09/05 23:30:00",TORRA1,62.852780
D,DISPATCH,UNIT_SCADA,1,"2019/09/05 23:30:00",TORRA2,0
D,DISPATCH,UNIT_SCADA,1,"2019/09/05 23:30:00",TORRA3,0
D,DISPATCH,UNIT_SCADA,1,"2019/09/05 23:30:00",TORRA4,41.648450
D,DISPATCH,UNIT_SCADA,1,"2019/09/05 23:30:00",TORRB1,78.67
D,DISPATCH,UNIT_SCADA,1,"2019/09/05 23:30:00",TORRB2,79.41
D,DISPATCH,UNIT_SCADA,1,"2019/09/05 23:30:00",TORRB3,79.38
D,DISPATCH,UNIT_SCADA,1,"2019/09/05 23:30:00",TORRB4,0
D,DISPATCH,UNIT_SCADA,1,"2019/09/05 23:30:00",TREVALLN,83.110030
D,DISPATCH,UNIT_SCADA,1,"2019/09/05 23:30:00",TRIBUTE,0
D,DISPATCH,UNIT_SCADA,1,"2019/09/05 23:30:00",TUMUT3,121.50
D,DISPATCH,UNIT_SCADA,1,"2019/09/05 23:30:00",TUNGATIN,2.80
D,DISPATCH,UNIT_SCADA,1,"2019/09/05 23:30:00",TVCC201,0
D,DISPATCH,UNIT_SCADA,1,"2019/09/05 23:30:00",TVPP104,0
D,DISPATCH,UNIT_SCADA,1,"2019/09/05 23:30:00",UPPTUMUT,242.642060
D,DISPATCH,UNIT_SCADA,1,"2019/09/05 23:30:00",URANQ11,0
D,DISPATCH,UNIT_SCADA,1,"2019/09/05 23:30:00",URANQ12,0
D,DISPATCH,UNIT_SCADA,1,"2019/09/05 23:30:00",URANQ13,0
D,DISPATCH,UNIT_SCADA,1,"2019/09/05 23:30:00",URANQ14,0
D,DISPATCH,UNIT_SCADA,1,"2019/09/05 23:30:00",VP5,415.6250
D,DISPATCH,UNIT_SCADA,1,"2019/09/05 23:30:00",VP6,0
D,DISPATCH,UNIT_SCADA,1,"2019/09/05 23:30:00",VPGS1,0
D,DISPATCH,UNIT_SCADA,1,"2019/09/05 23:30:00",VPGS2,0
D,DISPATCH,UNIT_SCADA,1,"2019/09/05 23:30:00",VPGS3,0
D,DISPATCH,UNIT_SCADA,1,"2019/09/05 23:30:00",VPGS4,0
D,DISPATCH,UNIT_SCADA,1,"2019/09/05 23:30:00",VPGS5,0
D,DISPATCH,UNIT_SCADA,1,"2019/09/05 23:30:00",VPGS6,0
D,DISPATCH,UNIT_SCADA,1,"2019/09/05 23:30:00",W/HOE#1,0
D,DISPATCH,UNIT_SCADA,1,"2019/09/05 23:30:00",W/HOE#2,0
D,DISPATCH,UNIT_SCADA,1,"2019/09/05 23:30:00",WATERLWF,119.10
D,DISPATCH,UNIT_SCADA,1,"2019/09/05 23:30:00",WEMENSF1,0
D,DISPATCH,UNIT_SCADA,1,"2019/09/05 23:30:00",WGWF1,99.70
D,DISPATCH,UNIT_SCADA,1,"2019/09/05 23:30:00",WHITSF1,0
D,DISPATCH,UNIT_SCADA,1,"2019/09/05 23:30:00",WKIEWA1,16.10
D,DISPATCH,UNIT_SCADA,1,"2019/09/05 23:30:00",WKIEWA2,0.10
D,DISPATCH,UNIT_SCADA,1,"2019/09/05 23:30:00",WOODLWN1,13.833010
D,DISPATCH,UNIT_SCADA,1,"2019/09/05 23:30:00",WRSF1,0
D,DISPATCH,UNIT_SCADA,1,"2019/09/05 23:30:00",WRWF1,27.8475
D,DISPATCH,UNIT_SCADA,1,"2019/09/05 23:30:00",YABULU,0
D,DISPATCH,UNIT_SCADA,1,"2019/09/05 23:30:00",YABULU2,0
D,DISPATCH,UNIT_SCADA,1,"2019/09/05 23:30:00",YARWUN_1,165.56
D,DISPATCH,UNIT_SCADA,1,"2019/09/05 23:30:00",YENDWF1,15.31
D,DISPATCH,UNIT_SCADA,1,"2019/09/05 23:30:00",YWPS1,369.172150
D,DISPATCH,UNIT_SCADA,1,"2019/09/05 23:30:00",YWPS2,283.455690
D,DISPATCH,UNIT_SCADA,1,"2019/09/05 23:30:00",YWPS3,331.160770
D,DISPATCH,UNIT_SCADA,1,"2019/09/05 23:30:00",YWPS4,395.237980
C,"END OF REPORT",335
