C,NEMP.WORLD,DISPATCHSCADA,AEMO,PUBLIC,2019/08/22,23:00:07,0000000311885092,DISPATCHSCADA,0000000311885086
I,DISPATCH,UNIT_SCADA,1,SETTLEMENTDATE,DUID,SCADAVALUE
D,DISPATCH,UNIT_SCADA,1,"2019/08/22 23:05:00",BARCSF1,0
D,DISPATCH,UNIT_SCADA,1,"2019/08/22 23:05:00",BUTLERSG,9.699999
D,DISPATCH,UNIT_SCADA,1,"2019/08/22 23:05:00",CALL_A_4,0
D,DISPATCH,UNIT_SCADA,1,"2019/08/22 23:05:00",CAPTL_WF,23.068001
D,DISPATCH,UNIT_SCADA,1,"2019/08/22 23:05:00",CATHROCK,9.87
D,DISPATCH,UNIT_SCADA,1,"2019/08/22 23:05:00",CHALLHWF,3
D,DISPATCH,UNIT_SCADA,1,"2019/08/22 23:05:00",CLOVER,-0.02
D,DISPATCH,UNIT_SCADA,1,"2019/08/22 23:05:00",CLUNY,20.264133
D,DISPATCH,UNIT_SCADA,1,"2019/08/22 23:05:00",CNUNDAWF,0
D,DISPATCH,UNIT_SCADA,1,"2019/08/22 23:05:00",CULLRGWF,5.93
D,DISPATCH,UNIT_SCADA,1,"2019/08/22 23:05:00",ERGT01,0
D,DISPATCH,UNIT_SCADA,1,"2019/08/22 23:05:00",GB01,0.063931
D,DISPATCH,UNIT_SCADA,1,"2019/08/22 23:05:00",GERMCRK,33.799999
D,DISPATCH,UNIT_SCADA,1,"2019/08/22 23:05:00",GRIFSF1,0
D,DISPATCH,UNIT_SCADA,1,"2019/08/22 23:05:00",HUGSF1,-0.2370
D,DISPATCH,UNIT_SCADA,1,"2019/08/22 23:05:00",LKBONNY1,-0.270719
D,DISPATCH,UNIT_SCADA,1,"2019/08/22 23:05:00",LRSF1,-0.0130
D,DISPATCH,UNIT_SCADA,1,"2019/08/22 23:05:00",MBAHNTH,54.675003
D,DISPATCH,UNIT_SCADA,1,"2019/08/22 23:05:00",MLSP1,0.180001
D,DISPATCH,UNIT_SCADA,1,"2019/08/22 23:05:00",MLWF1,0.81
D,DISPATCH,UNIT_SCADA,1,"2019/08/22 23:05:00",MTMILLAR,5.380068
D,DISPATCH,UNIT_SCADA,1,"2019/08/22 23:05:00",PALOONA,28.65
D,DISPATCH,UNIT_SCADA,1,"2019/08/22 23:05:00",PIONEER,50.600002
D,DISPATCH,UNIT_SCADA,1,"2019/08/22 23:05:00",PORTWF,2
D,DISPATCH,UNIT_SCADA,1,"2019/08/22 23:05:00",REPULSE,28.954910
D,DISPATCH,UNIT_SCADA,1,"2019/08/22 23:05:00",ROWALLAN,10.3092
D,DISPATCH,UNIT_SCADA,1,"2019/08/22 23:05:00",ROYALLA1,0
D,DISPATCH,UNIT_SCADA,1,"2019/08/22 23:05:00",RPCG,12.10
D,DISPATCH,UNIT_SCADA,1,"2019/08/22 23:05:00",RUBICON,0
D,DISPATCH,UNIT_SCADA,1,"2019/08/22 23:05:00",SATGN1,0
D,DISPATCH,UNIT_SCADA,1,"2019/08/22 23:05:00",SATGS1,0
D,DISPATCH,UNIT_SCADA,1,"2019/08/22 23:05:00",STARHLWF,-0.099971
D,DISPATCH,UNIT_SCADA,1,"2019/08/22 23:05:00",WAUBRAWF,48.009998
D,DISPATCH,UNIT_SCADA,1,"2019/08/22 23:05:00",WOOLNTH1,28.040016
D,DISPATCH,UNIT_SCADA,1,"2019/08/22 23:05:00",WPWF,0
D,DISPATCH,UNIT_SCADA,1,"2019/08/22 23:05:00",YAMBUKWF,-0.20
D,DISPATCH,UNIT_SCADA,1,"2019/08/22 23:05:00",YSWF1,1.80
D,DISPATCH,UNIT_SCADA,1,"2019/08/22 23:05:00",AGLHAL,0
D,DISPATCH,UNIT_SCADA,1,"2019/08/22 23:05:00",AGLSOM,81.90
D,DISPATCH,UNIT_SCADA,1,"2019/08/22 23:05:00",ANGAST1,0
D,DISPATCH,UNIT_SCADA,1,"2019/08/22 23:05:00",ARWF1,43.30
D,DISPATCH,UNIT_SCADA,1,"2019/08/22 23:05:00",BALBG1,0
D,DISPATCH,UNIT_SCADA,1,"2019/08/22 23:05:00",BALBL1,0
D,DISPATCH,UNIT_SCADA,1,"2019/08/22 23:05:00",BALDHWF1,15.7710
D,DISPATCH,UNIT_SCADA,1,"2019/08/22 23:05:00",BANN1,0
D,DISPATCH,UNIT_SCADA,1,"2019/08/22 23:05:00",BARCALDN,0
D,DISPATCH,UNIT_SCADA,1,"2019/08/22 23:05:00",BARRON-1,0
D,DISPATCH,UNIT_SCADA,1,"2019/08/22 23:05:00",BARRON-2,0
D,DISPATCH,UNIT_SCADA,1,"2019/08/22 23:05:00",BASTYAN,77.77
D,DISPATCH,UNIT_SCADA,1,"2019/08/22 23:05:00",BBTHREE1,-2.09
D,DISPATCH,UNIT_SCADA,1,"2019/08/22 23:05:00",BBTHREE2,-2.09
D,DISPATCH,UNIT_SCADA,1,"2019/08/22 23:05:00",BBTHREE3,-1.13
D,DISPATCH,UNIT_SCADA,1,"2019/08/22 23:05:00",BDL01,-0.06
D,DISPATCH,UNIT_SCADA,1,"2019/08/22 23:05:00",BDL02,-0.12
D,DISPATCH,UNIT_SCADA,1,"2019/08/22 23:05:00",BERYLSF1,0
D,DISPATCH,UNIT_SCADA,1,"2019/08/22 23:05:00",BLOWERNG,0
D,DISPATCH,UNIT_SCADA,1,"2019/08/22 23:05:00",BLUFF1,9.60
D,DISPATCH,UNIT_SCADA,1,"2019/08/22 23:05:00",BNGSF1,0
D,DISPATCH,UNIT_SCADA,1,"2019/08/22 23:05:00",BNGSF2,0
D,DISPATCH,UNIT_SCADA,1,"2019/08/22 23:05:00",BOCORWF1,69.29
D,DISPATCH,UNIT_SCADA,1,"2019/08/22 23:05:00",BODWF1,60.549970
D,DISPATCH,UNIT_SCADA,1,"2019/08/22 23:05:00",BRAEMAR1,0
D,DISPATCH,UNIT_SCADA,1,"2019/08/22 23:05:00",BRAEMAR2,0
D,DISPATCH,UNIT_SCADA,1,"2019/08/22 23:05:00",BRAEMAR3,0
D,DISPATCH,UNIT_SCADA,1,"2019/08/22 23:05:00",BRAEMAR5,0
D,DISPATCH,UNIT_SCADA,1,"2019/08/22 23:05:00",BRAEMAR6,0
D,DISPATCH,UNIT_SCADA,1,"2019/08/22 23:05:00",BRAEMAR7,0
D,DISPATCH,UNIT_SCADA,1,"2019/08/22 23:05:00",BROKENH1,0
D,DISPATCH,UNIT_SCADA,1,"2019/08/22 23:05:00",BW01,660.900020
D,DISPATCH,UNIT_SCADA,1,"2019/08/22 23:05:00",BW02,660
D,DISPATCH,UNIT_SCADA,1,"2019/08/22 23:05:00",BW03,662.300050
D,DISPATCH,UNIT_SCADA,1,"2019/08/22 23:05:00",BW04,0
D,DISPATCH,UNIT_SCADA,1,"2019/08/22 23:05:00",CALL_B_1,0
D,DISPATCH,UNIT_SCADA,1,"2019/08/22 23:05:00",CALL_B_2,348.800020
D,DISPATCH,UNIT_SCADA,1,"2019/08/22 23:05:00",CETHANA,97.585750
D,DISPATCH,UNIT_SCADA,1,"2019/08/22 23:05:00",CG1,0
D,DISPATCH,UNIT_SCADA,1,"2019/08/22 23:05:00",CG2,0
D,DISPATCH,UNIT_SCADA,1,"2019/08/22 23:05:00",CG3,0
D,DISPATCH,UNIT_SCADA,1,"2019/08/22 23:05:00",CG4,0
D,DISPATCH,UNIT_SCADA,1,"2019/08/22 23:05:00",CHILDSF1,0
D,DISPATCH,UNIT_SCADA,1,"2019/08/22 23:05:00",CLARESF1,0
D,DISPATCH,UNIT_SCADA,1,"2019/08/22 23:05:00",CLEMGPWF,7.2035
D,DISPATCH,UNIT_SCADA,1,"2019/08/22 23:05:00",CLERMSF1,0
D,DISPATCH,UNIT_SCADA,1,"2019/08/22 23:05:00",COLEASF1,0
D,DISPATCH,UNIT_SCADA,1,"2019/08/22 23:05:00",COOPGWF1,31.753090
D,DISPATCH,UNIT_SCADA,1,"2019/08/22 23:05:00",CPP_3,404.800020
D,DISPATCH,UNIT_SCADA,1,"2019/08/22 23:05:00",CPP_4,406.450010
D,DISPATCH,UNIT_SCADA,1,"2019/08/22 23:05:00",CPSA,142.463130
D,DISPATCH,UNIT_SCADA,1,"2019/08/22 23:05:00",CROOKWF2,5.373750
D,DISPATCH,UNIT_SCADA,1,"2019/08/22 23:05:00",CROWLWF1,19.1488
D,DISPATCH,UNIT_SCADA,1,"2019/08/22 23:05:00",CSPVPS1,0
D,DISPATCH,UNIT_SCADA,1,"2019/08/22 23:05:00",DALNTH01,0
D,DISPATCH,UNIT_SCADA,1,"2019/08/22 23:05:00",DALNTHL1,0.071720
D,DISPATCH,UNIT_SCADA,1,"2019/08/22 23:05:00",DARTM1,134.50
D,DISPATCH,UNIT_SCADA,1,"2019/08/22 23:05:00",DAYDSF1,0
D,DISPATCH,UNIT_SCADA,1,"2019/08/22 23:05:00",DDPS1,450.953920
D,DISPATCH,UNIT_SCADA,1,"2019/08/22 23:05:00",DDSF1,0
D,DISPATCH,UNIT_SCADA,1,"2019/08/22 23:05:00",DEVILS_G,0
D,DISPATCH,UNIT_SCADA,1,"2019/08/22 23:05:00",DG_NSW1,0
D,DISPATCH,UNIT_SCADA,1,"2019/08/22 23:05:00",DG_QLD1,0
D,DISPATCH,UNIT_SCADA,1,"2019/08/22 23:05:00",DG_SA1,0
D,DISPATCH,UNIT_SCADA,1,"2019/08/22 23:05:00",DG_TAS1,0
D,DISPATCH,UNIT_SCADA,1,"2019/08/22 23:05:00",DG_VIC1,0
D,DISPATCH,UNIT_SCADA,1,"2019/08/22 23:05:00",DRYCGT1,0
D,DISPATCH,UNIT_SCADA,1,"2019/08/22 23:05:00",DRYCGT2,0
D,DISPATCH,UNIT_SCADA,1,"2019/08/22 23:05:00",DRYCGT3,0
D,DISPATCH,UNIT_SCADA,1,"2019/08/22 23:05:00",EILDON1,0
D,DISPATCH,UNIT_SCADA,1,"2019/08/22 23:05:00",EILDON2,0
D,DISPATCH,UNIT_SCADA,1,"2019/08/22 23:05:00",EMERASF1,0
D,DISPATCH,UNIT_SCADA,1,"2019/08/22 23:05:00",ER01,594.75
D,DISPATCH,UNIT_SCADA,1,"2019/08/22 23:05:00",ER02,699.324950
D,DISPATCH,UNIT_SCADA,1,"2019/08/22 23:05:00",ER03,484.825070
D,DISPATCH,UNIT_SCADA,1,"2019/08/22 23:05:00",ER04,699.324950
D,DISPATCH,UNIT_SCADA,1,"2019/08/22 23:05:00",FINLYSF1,0
D,DISPATCH,UNIT_SCADA,1,"2019/08/22 23:05:00",FISHER,45.99
D,DISPATCH,UNIT_SCADA,1,"2019/08/22 23:05:00",GANNBG1,0
D,DISPATCH,UNIT_SCADA,1,"2019/08/22 23:05:00",GANNBL1,0.033180
D,DISPATCH,UNIT_SCADA,1,"2019/08/22 23:05:00",GANNSF1,0
D,DISPATCH,UNIT_SCADA,1,"2019/08/22 23:05:00",GORDON,49.021280
D,DISPATCH,UNIT_SCADA,1,"2019/08/22 23:05:00",GSTONE1,265.824980
D,DISPATCH,UNIT_SCADA,1,"2019/08/22 23:05:00",GSTONE2,229.95
D,DISPATCH,UNIT_SCADA,1,"2019/08/22 23:05:00",GSTONE3,244.474990
D,DISPATCH,UNIT_SCADA,1,"2019/08/22 23:05:00",GSTONE4,266
D,DISPATCH,UNIT_SCADA,1,"2019/08/22 23:05:00",GSTONE5,266.174990
D,DISPATCH,UNIT_SCADA,1,"2019/08/22 23:05:00",GSTONE6,0
D,DISPATCH,UNIT_SCADA,1,"2019/08/22 23:05:00",GULLRSF1,0
D,DISPATCH,UNIT_SCADA,1,"2019/08/22 23:05:00",GULLRWF1,6.809390
D,DISPATCH,UNIT_SCADA,1,"2019/08/22 23:05:00",GUNNING1,4.924610
D,DISPATCH,UNIT_SCADA,1,"2019/08/22 23:05:00",GUTHEGA,0
D,DISPATCH,UNIT_SCADA,1,"2019/08/22 23:05:00",HALLWF1,39.51
D,DISPATCH,UNIT_SCADA,1,"2019/08/22 23:05:00",HALLWF2,30.92
D,DISPATCH,UNIT_SCADA,1,"2019/08/22 23:05:00",HAMISF1,0
D,DISPATCH,UNIT_SCADA,1,"2019/08/22 23:05:00",HAUGHT11,0
D,DISPATCH,UNIT_SCADA,1,"2019/08/22 23:05:00",HAYMSF1,0
D,DISPATCH,UNIT_SCADA,1,"2019/08/22 23:05:00",HDWF1,66.90
D,DISPATCH,UNIT_SCADA,1,"2019/08/22 23:05:00",HDWF2,57.60
D,DISPATCH,UNIT_SCADA,1,"2019/08/22 23:05:00",HDWF3,63.10
D,DISPATCH,UNIT_SCADA,1,"2019/08/22 23:05:00",HPRG1,29.90
D,DISPATCH,UNIT_SCADA,1,"2019/08/22 23:05:00",HPRL1,0
D,DISPATCH,UNIT_SCADA,1,"2019/08/22 23:05:00",HUMENSW,0
D,DISPATCH,UNIT_SCADA,1,"2019/08/22 23:05:00",HUMEV,9.30
D,DISPATCH,UNIT_SCADA,1,"2019/08/22 23:05:00",HVGTS,0
D,DISPATCH,UNIT_SCADA,1,"2019/08/22 23:05:00",JBUTTERS,141.61
D,DISPATCH,UNIT_SCADA,1,"2019/08/22 23:05:00",JLA01,0.10
D,DISPATCH,UNIT_SCADA,1,"2019/08/22 23:05:00",JLA02,0
D,DISPATCH,UNIT_SCADA,1,"2019/08/22 23:05:00",JLA03,0.10
D,DISPATCH,UNIT_SCADA,1,"2019/08/22 23:05:00",JLA04,0.10
D,DISPATCH,UNIT_SCADA,1,"2019/08/22 23:05:00",JLB01,0
D,DISPATCH,UNIT_SCADA,1,"2019/08/22 23:05:00",JLB02,0.10
D,DISPATCH,UNIT_SCADA,1,"2019/08/22 23:05:00",JLB03,0
D,DISPATCH,UNIT_SCADA,1,"2019/08/22 23:05:00",KAREEYA1,21.5575
D,DISPATCH,UNIT_SCADA,1,"2019/08/22 23:05:00",KAREEYA2,21.8475
D,DISPATCH,UNIT_SCADA,1,"2019/08/22 23:05:00",KAREEYA3,0
D,DISPATCH,UNIT_SCADA,1,"2019/08/22 23:05:00",KAREEYA4,21.7625
D,DISPATCH,UNIT_SCADA,1,"2019/08/22 23:05:00",KARSF1,0
D,DISPATCH,UNIT_SCADA,1,"2019/08/22 23:05:00",KIATAWF1,8.60
D,DISPATCH,UNIT_SCADA,1,"2019/08/22 23:05:00",KPP_1,0
D,DISPATCH,UNIT_SCADA,1,"2019/08/22 23:05:00",KSP1,0
D,DISPATCH,UNIT_SCADA,1,"2019/08/22 23:05:00",LADBROK1,42.84
D,DISPATCH,UNIT_SCADA,1,"2019/08/22 23:05:00",LADBROK2,42.76
D,DISPATCH,UNIT_SCADA,1,"2019/08/22 23:05:00",LD01,417.824980
D,DISPATCH,UNIT_SCADA,1,"2019/08/22 23:05:00",LD02,302.324980
D,DISPATCH,UNIT_SCADA,1,"2019/08/22 23:05:00",LD03,418.2562
D,DISPATCH,UNIT_SCADA,1,"2019/08/22 23:05:00",LD04,381.225040
D,DISPATCH,UNIT_SCADA,1,"2019/08/22 23:05:00",LEM_WIL,86.199250
D,DISPATCH,UNIT_SCADA,1,"2019/08/22 23:05:00",LGAPWF1,0.98
D,DISPATCH,UNIT_SCADA,1,"2019/08/22 23:05:00",LILYSF1,0
D,DISPATCH,UNIT_SCADA,1,"2019/08/22 23:05:00",LI_WY_CA,149.329740
D,DISPATCH,UNIT_SCADA,1,"2019/08/22 23:05:00",LKBONNY2,-1.0206
D,DISPATCH,UNIT_SCADA,1,"2019/08/22 23:05:00",LKBONNY3,-0.225030
D,DISPATCH,UNIT_SCADA,1,"2019/08/22 23:05:00",LK_ECHO,0
D,DISPATCH,UNIT_SCADA,1,"2019/08/22 23:05:00",LNGS1,0
D,DISPATCH,UNIT_SCADA,1,"2019/08/22 23:05:00",LNGS2,0
D,DISPATCH,UNIT_SCADA,1,"2019/08/22 23:05:00",LONSDALE,0
D,DISPATCH,UNIT_SCADA,1,"2019/08/22 23:05:00",LOYYB1,536.840520
D,DISPATCH,UNIT_SCADA,1,"2019/08/22 23:05:00",LOYYB2,586.465820
D,DISPATCH,UNIT_SCADA,1,"2019/08/22 23:05:00",LYA1,561
D,DISPATCH,UNIT_SCADA,1,"2019/08/22 23:05:00",LYA2,0
D,DISPATCH,UNIT_SCADA,1,"2019/08/22 23:05:00",LYA3,560
D,DISPATCH,UNIT_SCADA,1,"2019/08/22 23:05:00",LYA4,538
D,DISPATCH,UNIT_SCADA,1,"2019/08/22 23:05:00",MACARTH1,0
D,DISPATCH,UNIT_SCADA,1,"2019/08/22 23:05:00",MACKAYGT,0
D,DISPATCH,UNIT_SCADA,1,"2019/08/22 23:05:00",MACKNTSH,86.66
D,DISPATCH,UNIT_SCADA,1,"2019/08/22 23:05:00",MANSLR1,0
D,DISPATCH,UNIT_SCADA,1,"2019/08/22 23:05:00",MCKAY1,0.02
D,DISPATCH,UNIT_SCADA,1,"2019/08/22 23:05:00",MEADOWBK,33.981620
D,DISPATCH,UNIT_SCADA,1,"2019/08/22 23:05:00",MERCER01,4.8330
D,DISPATCH,UNIT_SCADA,1,"2019/08/22 23:05:00",MEWF1,6.414080
D,DISPATCH,UNIT_SCADA,1,"2019/08/22 23:05:00",MINTARO,0
D,DISPATCH,UNIT_SCADA,1,"2019/08/22 23:05:00",MOREESF1,0
D,DISPATCH,UNIT_SCADA,1,"2019/08/22 23:05:00",MORTLK11,124
D,DISPATCH,UNIT_SCADA,1,"2019/08/22 23:05:00",MORTLK12,0
D,DISPATCH,UNIT_SCADA,1,"2019/08/22 23:05:00",MP1,278.449950
D,DISPATCH,UNIT_SCADA,1,"2019/08/22 23:05:00",MP2,0
D,DISPATCH,UNIT_SCADA,1,"2019/08/22 23:05:00",MPP_1,374.75
D,DISPATCH,UNIT_SCADA,1,"2019/08/22 23:05:00",MPP_2,400
D,DISPATCH,UNIT_SCADA,1,"2019/08/22 23:05:00",MSTUART1,0
D,DISPATCH,UNIT_SCADA,1,"2019/08/22 23:05:00",MSTUART2,0
D,DISPATCH,UNIT_SCADA,1,"2019/08/22 23:05:00",MSTUART3,0
D,DISPATCH,UNIT_SCADA,1,"2019/08/22 23:05:00",MTGELWF1,5.772580
D,DISPATCH,UNIT_SCADA,1,"2019/08/22 23:05:00",MURRAY,0
D,DISPATCH,UNIT_SCADA,1,"2019/08/22 23:05:00",MUSSELR1,-0.10
D,DISPATCH,UNIT_SCADA,1,"2019/08/22 23:05:00",MUWAWF1,0.52
D,DISPATCH,UNIT_SCADA,1,"2019/08/22 23:05:00",NBHWF1,74.60
D,DISPATCH,UNIT_SCADA,1,"2019/08/22 23:05:00",NPS,443.6250
D,DISPATCH,UNIT_SCADA,1,"2019/08/22 23:05:00",NUMURSF1,0
D,DISPATCH,UNIT_SCADA,1,"2019/08/22 23:05:00",NYNGAN1,0
D,DISPATCH,UNIT_SCADA,1,"2019/08/22 23:05:00",OAKEY1,0
D,DISPATCH,UNIT_SCADA,1,"2019/08/22 23:05:00",OAKEY1SF,0
D,DISPATCH,UNIT_SCADA,1,"2019/08/22 23:05:00",OAKEY2,0
D,DISPATCH,UNIT_SCADA,1,"2019/08/22 23:05:00",OAKLAND1,3.80
D,DISPATCH,UNIT_SCADA,1,"2019/08/22 23:05:00",OSB-AG,140.09
D,DISPATCH,UNIT_SCADA,1,"2019/08/22 23:05:00",PARSF1,0
D,DISPATCH,UNIT_SCADA,1,"2019/08/22 23:05:00",POAT110,0
D,DISPATCH,UNIT_SCADA,1,"2019/08/22 23:05:00",POAT220,5.79
D,DISPATCH,UNIT_SCADA,1,"2019/08/22 23:05:00",POR01,0
D,DISPATCH,UNIT_SCADA,1,"2019/08/22 23:05:00",POR03,0
D,DISPATCH,UNIT_SCADA,1,"2019/08/22 23:05:00",PPCCGT,495.011350
D,DISPATCH,UNIT_SCADA,1,"2019/08/22 23:05:00",PTSTAN1,0
D,DISPATCH,UNIT_SCADA,1,"2019/08/22 23:05:00",PUMP1,0
D,DISPATCH,UNIT_SCADA,1,"2019/08/22 23:05:00",PUMP2,0
D,DISPATCH,UNIT_SCADA,1,"2019/08/22 23:05:00",QPS1,29.10
D,DISPATCH,UNIT_SCADA,1,"2019/08/22 23:05:00",QPS2,0
D,DISPATCH,UNIT_SCADA,1,"2019/08/22 23:05:00",QPS3,0
D,DISPATCH,UNIT_SCADA,1,"2019/08/22 23:05:00",QPS4,0
D,DISPATCH,UNIT_SCADA,1,"2019/08/22 23:05:00",QPS5,94.34
D,DISPATCH,UNIT_SCADA,1,"2019/08/22 23:05:00",REECE1,117.990010
D,DISPATCH,UNIT_SCADA,1,"2019/08/22 23:05:00",REECE2,118.730010
D,DISPATCH,UNIT_SCADA,1,"2019/08/22 23:05:00",ROMA_7,0
D,DISPATCH,UNIT_SCADA,1,"2019/08/22 23:05:00",ROMA_8,0
D,DISPATCH,UNIT_SCADA,1,"2019/08/22 23:05:00",RRSF1,0
D,DISPATCH,UNIT_SCADA,1,"2019/08/22 23:05:00",RT_NSW1,0
D,DISPATCH,UNIT_SCADA,1,"2019/08/22 23:05:00",RT_NSW2,0
D,DISPATCH,UNIT_SCADA,1,"2019/08/22 23:05:00",RT_NSW3,0
D,DISPATCH,UNIT_SCADA,1,"2019/08/22 23:05:00",RT_NSW4,0
D,DISPATCH,UNIT_SCADA,1,"2019/08/22 23:05:00",RT_NSW5,0
D,DISPATCH,UNIT_SCADA,1,"2019/08/22 23:05:00",RT_NSW6,0
D,DISPATCH,UNIT_SCADA,1,"2019/08/22 23:05:00",RT_QLD1,0
D,DISPATCH,UNIT_SCADA,1,"2019/08/22 23:05:00",RT_SA1,0
D,DISPATCH,UNIT_SCADA,1,"2019/08/22 23:05:00",RT_SA2,0
D,DISPATCH,UNIT_SCADA,1,"2019/08/22 23:05:00",RT_SA3,0
D,DISPATCH,UNIT_SCADA,1,"2019/08/22 23:05:00",RT_SA4,0
D,DISPATCH,UNIT_SCADA,1,"2019/08/22 23:05:00",RT_SA5,0
D,DISPATCH,UNIT_SCADA,1,"2019/08/22 23:05:00",RT_SA6,0
D,DISPATCH,UNIT_SCADA,1,"2019/08/22 23:05:00",RT_TAS1,0
D,DISPATCH,UNIT_SCADA,1,"2019/08/22 23:05:00",RT_VIC1,0
D,DISPATCH,UNIT_SCADA,1,"2019/08/22 23:05:00",RT_VIC10,0
D,DISPATCH,UNIT_SCADA,1,"2019/08/22 23:05:00",RT_VIC11,0
D,DISPATCH,UNIT_SCADA,1,"2019/08/22 23:05:00",RT_VIC12,0
D,DISPATCH,UNIT_SCADA,1,"2019/08/22 23:05:00",RT_VIC2,0
D,DISPATCH,UNIT_SCADA,1,"2019/08/22 23:05:00",RT_VIC3,0
D,DISPATCH,UNIT_SCADA,1,"2019/08/22 23:05:00",RT_VIC4,0
D,DISPATCH,UNIT_SCADA,1,"2019/08/22 23:05:00",RT_VIC5,0
D,DISPATCH,UNIT_SCADA,1,"2019/08/22 23:05:00",RT_VIC6,0
D,DISPATCH,UNIT_SCADA,1,"2019/08/22 23:05:00",RT_VIC7,0
D,DISPATCH,UNIT_SCADA,1,"2019/08/22 23:05:00",RT_VIC8,0
D,DISPATCH,UNIT_SCADA,1,"2019/08/22 23:05:00",RT_VIC9,0
D,DISPATCH,UNIT_SCADA,1,"2019/08/22 23:05:00",RUGBYR1,0
D,DISPATCH,UNIT_SCADA,1,"2019/08/22 23:05:00",SALTCRK1,-0.46
D,DISPATCH,UNIT_SCADA,1,"2019/08/22 23:05:00",SAPHWF1,42.056240
D,DISPATCH,UNIT_SCADA,1,"2019/08/22 23:05:00",SHGEN,0
D,DISPATCH,UNIT_SCADA,1,"2019/08/22 23:05:00",SHPUMP,0
D,DISPATCH,UNIT_SCADA,1,"2019/08/22 23:05:00",SITHE01,0.194050
D,DISPATCH,UNIT_SCADA,1,"2019/08/22 23:05:00",SMCSF1,0
D,DISPATCH,UNIT_SCADA,1,"2019/08/22 23:05:00",SNOWNTH1,7.40
D,DISPATCH,UNIT_SCADA,1,"2019/08/22 23:05:00",SNOWSTH1,7.70
D,DISPATCH,UNIT_SCADA,1,"2019/08/22 23:05:00",SNOWTWN1,7.573610
D,DISPATCH,UNIT_SCADA,1,"2019/08/22 23:05:00",SNOWYP,0
D,DISPATCH,UNIT_SCADA,1,"2019/08/22 23:05:00",SNUG1,0.019440
D,DISPATCH,UNIT_SCADA,1,"2019/08/22 23:05:00",SRSF1,0
D,DISPATCH,UNIT_SCADA,1,"2019/08/22 23:05:00",STAN-1,0
D,DISPATCH,UNIT_SCADA,1,"2019/08/22 23:05:00",STAN-2,314.356540
D,DISPATCH,UNIT_SCADA,1,"2019/08/22 23:05:00",STAN-3,312.254430
D,DISPATCH,UNIT_SCADA,1,"2019/08/22 23:05:00",STAN-4,306.704320
D,DISPATCH,UNIT_SCADA,1,"2019/08/22 23:05:00",STWF1,156.757510
D,DISPATCH,UNIT_SCADA,1,"2019/08/22 23:05:00",SWAN_E,0
D,DISPATCH,UNIT_SCADA,1,"2019/08/22 23:05:00",TALWA1,426
D,DISPATCH,UNIT_SCADA,1,"2019/08/22 23:05:00",TARALGA1,16.863750
D,DISPATCH,UNIT_SCADA,1,"2019/08/22 23:05:00",TARONG#1,328.100010
D,DISPATCH,UNIT_SCADA,1,"2019/08/22 23:05:00",TARONG#2,327.50
D,DISPATCH,UNIT_SCADA,1,"2019/08/22 23:05:00",TARONG#3,260.800020
D,DISPATCH,UNIT_SCADA,1,"2019/08/22 23:05:00",TARONG#4,321.800020
D,DISPATCH,UNIT_SCADA,1,"2019/08/22 23:05:00",TARRALEA,83.90
D,DISPATCH,UNIT_SCADA,1,"2019/08/22 23:05:00",TBSF1,-0.20
D,DISPATCH,UNIT_SCADA,1,"2019/08/22 23:05:00",TNPS1,442.300020
D,DISPATCH,UNIT_SCADA,1,"2019/08/22 23:05:00",TORRA1,69.203430
D,DISPATCH,UNIT_SCADA,1,"2019/08/22 23:05:00",TORRA2,0
D,DISPATCH,UNIT_SCADA,1,"2019/08/22 23:05:00",TORRA3,49.445860
D,DISPATCH,UNIT_SCADA,1,"2019/08/22 23:05:00",TORRA4,66.488110
D,DISPATCH,UNIT_SCADA,1,"2019/08/22 23:05:00",TORRB1,70.10
D,DISPATCH,UNIT_SCADA,1,"2019/08/22 23:05:00",TORRB2,106.02
D,DISPATCH,UNIT_SCADA,1,"2019/08/22 23:05:00",TORRB3,0
D,DISPATCH,UNIT_SCADA,1,"2019/08/22 23:05:00",TORRB4,0
D,DISPATCH,UNIT_SCADA,1,"2019/08/22 23:05:00",TREVALLN,70.190030
D,DISPATCH,UNIT_SCADA,1,"2019/08/22 23:05:00",TRIBUTE,85.009990
D,DISPATCH,UNIT_SCADA,1,"2019/08/22 23:05:00",TUMUT3,0
D,DISPATCH,UNIT_SCADA,1,"2019/08/22 23:05:00",TUNGATIN,139.840040
D,DISPATCH,UNIT_SCADA,1,"2019/08/22 23:05:00",TVCC201,0
D,DISPATCH,UNIT_SCADA,1,"2019/08/22 23:05:00",TVPP104,57.865630
D,DISPATCH,UNIT_SCADA,1,"2019/08/22 23:05:00",UPPTUMUT,375.599370
D,DISPATCH,UNIT_SCADA,1,"2019/08/22 23:05:00",URANQ11,0
D,DISPATCH,UNIT_SCADA,1,"2019/08/22 23:05:00",URANQ12,0
D,DISPATCH,UNIT_SCADA,1,"2019/08/22 23:05:00",URANQ13,0
D,DISPATCH,UNIT_SCADA,1,"2019/08/22 23:05:00",URANQ14,0
D,DISPATCH,UNIT_SCADA,1,"2019/08/22 23:05:00",VP5,604.075010
D,DISPATCH,UNIT_SCADA,1,"2019/08/22 23:05:00",VP6,603.325010
D,DISPATCH,UNIT_SCADA,1,"2019/08/22 23:05:00",VPGS1,0
D,DISPATCH,UNIT_SCADA,1,"2019/08/22 23:05:00",VPGS2,0
D,DISPATCH,UNIT_SCADA,1,"2019/08/22 23:05:00",VPGS3,0
D,DISPATCH,UNIT_SCADA,1,"2019/08/22 23:05:00",VPGS4,0
D,DISPATCH,UNIT_SCADA,1,"2019/08/22 23:05:00",VPGS5,0
D,DISPATCH,UNIT_SCADA,1,"2019/08/22 23:05:00",VPGS6,0
D,DISPATCH,UNIT_SCADA,1,"2019/08/22 23:05:00",W/HOE#1,0
D,DISPATCH,UNIT_SCADA,1,"2019/08/22 23:05:00",W/HOE#2,0
D,DISPATCH,UNIT_SCADA,1,"2019/08/22 23:05:00",WATERLWF,5.90
D,DISPATCH,UNIT_SCADA,1,"2019/08/22 23:05:00",WEMENSF1,0
D,DISPATCH,UNIT_SCADA,1,"2019/08/22 23:05:00",WGWF1,21.80
D,DISPATCH,UNIT_SCADA,1,"2019/08/22 23:05:00",WHITSF1,0
D,DISPATCH,UNIT_SCADA,1,"2019/08/22 23:05:00",WKIEWA1,32
D,DISPATCH,UNIT_SCADA,1,"2019/08/22 23:05:00",WKIEWA2,32
D,DISPATCH,UNIT_SCADA,1,"2019/08/22 23:05:00",WOODLWN1,10.187990
D,DISPATCH,UNIT_SCADA,1,"2019/08/22 23:05:00",WRSF1,0
D,DISPATCH,UNIT_SCADA,1,"2019/08/22 23:05:00",WRWF1,19.942490
D,DISPATCH,UNIT_SCADA,1,"2019/08/22 23:05:00",YABULU,0
D,DISPATCH,UNIT_SCADA,1,"2019/08/22 23:05:00",YABULU2,0
D,DISPATCH,UNIT_SCADA,1,"2019/08/22 23:05:00",YARWUN_1,0
D,DISPATCH,UNIT_SCADA,1,"2019/08/22 23:05:00",YENDWF1,6.55
D,DISPATCH,UNIT_SCADA,1,"2019/08/22 23:05:00",YWPS1,279.194950
D,DISPATCH,UNIT_SCADA,1,"2019/08/22 23:05:00",YWPS2,278.443020
D,DISPATCH,UNIT_SCADA,1,"2019/08/22 23:05:00",YWPS3,0
D,DISPATCH,UNIT_SCADA,1,"2019/08/22 23:05:00",YWPS4,392.697480
C,"END OF REPORT",334
