C,NEMP.WORLD,DISPATCHSCADA,AEMO,PUBLIC,2019/08/19,15:15:07,0000000311750298,DISPATCHSCADA,0000000311750292
I,DISPATCH,UNIT_SCADA,1,SETTLEMENTDATE,DUID,SCADAVALUE
D,DISPATCH,UNIT_SCADA,1,"2019/08/19 15:20:00",BARCSF1,17.400002
D,DISPATCH,UNIT_SCADA,1,"2019/08/19 15:20:00",BUTLERSG,9.699999
D,DISPATCH,UNIT_SCADA,1,"2019/08/19 15:20:00",CALL_A_4,0
D,DISPATCH,UNIT_SCADA,1,"2019/08/19 15:20:00",CAPTL_WF,132.320007
D,DISPATCH,UNIT_SCADA,1,"2019/08/19 15:20:00",CATHROCK,14.999999
D,DISPATCH,UNIT_SCADA,1,"2019/08/19 15:20:00",CHALLHWF,19.599998
D,DISPATCH,UNIT_SCADA,1,"2019/08/19 15:20:00",CLOVER,-0.01
D,DISPATCH,UNIT_SCADA,1,"2019/08/19 15:20:00",CLUNY,17.277637
D,DISPATCH,UNIT_SCADA,1,"2019/08/19 15:20:00",CNUNDAWF,20.123474
D,DISPATCH,UNIT_SCADA,1,"2019/08/19 15:20:00",CULLRGWF,30.34
D,DISPATCH,UNIT_SCADA,1,"2019/08/19 15:20:00",ERGT01,0
D,DISPATCH,UNIT_SCADA,1,"2019/08/19 15:20:00",GB01,0.065208
D,DISPATCH,UNIT_SCADA,1,"2019/08/19 15:20:00",GERMCRK,34.900002
D,DISPATCH,UNIT_SCADA,1,"2019/08/19 15:20:00",GRIFSF1,26.196877
D,DISPATCH,UNIT_SCADA,1,"2019/08/19 15:20:00",HUGSF1,8.8870
D,DISPATCH,UNIT_SCADA,1,"2019/08/19 15:20:00",LKBONNY1,38.313717
D,DISPATCH,UNIT_SCADA,1,"2019/08/19 15:20:00",LRSF1,10.4160
D,DISPATCH,UNIT_SCADA,1,"2019/08/19 15:20:00",MBAHNTH,54.281250
D,DISPATCH,UNIT_SCADA,1,"2019/08/19 15:20:00",MLSP1,7.862001
D,DISPATCH,UNIT_SCADA,1,"2019/08/19 15:20:00",MLWF1,17.8050
D,DISPATCH,UNIT_SCADA,1,"2019/08/19 15:20:00",MTMILLAR,2.946759
D,DISPATCH,UNIT_SCADA,1,"2019/08/19 15:20:00",PALOONA,24.939999
D,DISPATCH,UNIT_SCADA,1,"2019/08/19 15:20:00",PIONEER,45
D,DISPATCH,UNIT_SCADA,1,"2019/08/19 15:20:00",PORTWF,106.699997
D,DISPATCH,UNIT_SCADA,1,"2019/08/19 15:20:00",REPULSE,29.202717
D,DISPATCH,UNIT_SCADA,1,"2019/08/19 15:20:00",ROWALLAN,9.9329
D,DISPATCH,UNIT_SCADA,1,"2019/08/19 15:20:00",ROYALLA1,15.800001
D,DISPATCH,UNIT_SCADA,1,"2019/08/19 15:20:00",RPCG,-0.90
D,DISPATCH,UNIT_SCADA,1,"2019/08/19 15:20:00",RUBICON,0
D,DISPATCH,UNIT_SCADA,1,"2019/08/19 15:20:00",SATGN1,0
D,DISPATCH,UNIT_SCADA,1,"2019/08/19 15:20:00",SATGS1,0
D,DISPATCH,UNIT_SCADA,1,"2019/08/19 15:20:00",STARHLWF,9.897114
D,DISPATCH,UNIT_SCADA,1,"2019/08/19 15:20:00",WAUBRAWF,141.425003
D,DISPATCH,UNIT_SCADA,1,"2019/08/19 15:20:00",WOOLNTH1,132.080017
D,DISPATCH,UNIT_SCADA,1,"2019/08/19 15:20:00",WPWF,39
D,DISPATCH,UNIT_SCADA,1,"2019/08/19 15:20:00",YAMBUKWF,29.40
D,DISPATCH,UNIT_SCADA,1,"2019/08/19 15:20:00",YSWF1,26.60
D,DISPATCH,UNIT_SCADA,1,"2019/08/19 15:20:00",AGLHAL,0
D,DISPATCH,UNIT_SCADA,1,"2019/08/19 15:20:00",AGLSOM,0
D,DISPATCH,UNIT_SCADA,1,"2019/08/19 15:20:00",ANGAST1,0
D,DISPATCH,UNIT_SCADA,1,"2019/08/19 15:20:00",ARWF1,98
D,DISPATCH,UNIT_SCADA,1,"2019/08/19 15:20:00",BALBG1,0
D,DISPATCH,UNIT_SCADA,1,"2019/08/19 15:20:00",BALBL1,0
D,DISPATCH,UNIT_SCADA,1,"2019/08/19 15:20:00",BALDHWF1,103.324010
D,DISPATCH,UNIT_SCADA,1,"2019/08/19 15:20:00",BANN1,0
D,DISPATCH,UNIT_SCADA,1,"2019/08/19 15:20:00",BARCALDN,0
D,DISPATCH,UNIT_SCADA,1,"2019/08/19 15:20:00",BARRON-1,0
D,DISPATCH,UNIT_SCADA,1,"2019/08/19 15:20:00",BARRON-2,26.60
D,DISPATCH,UNIT_SCADA,1,"2019/08/19 15:20:00",BASTYAN,81.100010
D,DISPATCH,UNIT_SCADA,1,"2019/08/19 15:20:00",BBTHREE1,0
D,DISPATCH,UNIT_SCADA,1,"2019/08/19 15:20:00",BBTHREE2,0
D,DISPATCH,UNIT_SCADA,1,"2019/08/19 15:20:00",BBTHREE3,0
D,DISPATCH,UNIT_SCADA,1,"2019/08/19 15:20:00",BDL01,0
D,DISPATCH,UNIT_SCADA,1,"2019/08/19 15:20:00",BDL02,0
D,DISPATCH,UNIT_SCADA,1,"2019/08/19 15:20:00",BERYLSF1,50.579620
D,DISPATCH,UNIT_SCADA,1,"2019/08/19 15:20:00",BLOWERNG,0
D,DISPATCH,UNIT_SCADA,1,"2019/08/19 15:20:00",BLUFF1,15.20
D,DISPATCH,UNIT_SCADA,1,"2019/08/19 15:20:00",BNGSF1,78.71
D,DISPATCH,UNIT_SCADA,1,"2019/08/19 15:20:00",BNGSF2,20.19
D,DISPATCH,UNIT_SCADA,1,"2019/08/19 15:20:00",BOCORWF1,111.28
D,DISPATCH,UNIT_SCADA,1,"2019/08/19 15:20:00",BODWF1,101.841130
D,DISPATCH,UNIT_SCADA,1,"2019/08/19 15:20:00",BRAEMAR1,0
D,DISPATCH,UNIT_SCADA,1,"2019/08/19 15:20:00",BRAEMAR2,0
D,DISPATCH,UNIT_SCADA,1,"2019/08/19 15:20:00",BRAEMAR3,0
D,DISPATCH,UNIT_SCADA,1,"2019/08/19 15:20:00",BRAEMAR5,0
D,DISPATCH,UNIT_SCADA,1,"2019/08/19 15:20:00",BRAEMAR6,0
D,DISPATCH,UNIT_SCADA,1,"2019/08/19 15:20:00",BRAEMAR7,0
D,DISPATCH,UNIT_SCADA,1,"2019/08/19 15:20:00",BROKENH1,24.780030
D,DISPATCH,UNIT_SCADA,1,"2019/08/19 15:20:00",BW01,619.025020
D,DISPATCH,UNIT_SCADA,1,"2019/08/19 15:20:00",BW02,631.75
D,DISPATCH,UNIT_SCADA,1,"2019/08/19 15:20:00",BW03,646.699950
D,DISPATCH,UNIT_SCADA,1,"2019/08/19 15:20:00",BW04,0
D,DISPATCH,UNIT_SCADA,1,"2019/08/19 15:20:00",CALL_B_1,348.300020
D,DISPATCH,UNIT_SCADA,1,"2019/08/19 15:20:00",CALL_B_2,279.200010
D,DISPATCH,UNIT_SCADA,1,"2019/08/19 15:20:00",CETHANA,81.18
D,DISPATCH,UNIT_SCADA,1,"2019/08/19 15:20:00",CG1,0
D,DISPATCH,UNIT_SCADA,1,"2019/08/19 15:20:00",CG2,0
D,DISPATCH,UNIT_SCADA,1,"2019/08/19 15:20:00",CG3,0
D,DISPATCH,UNIT_SCADA,1,"2019/08/19 15:20:00",CG4,0
D,DISPATCH,UNIT_SCADA,1,"2019/08/19 15:20:00",CHILDSF1,40.06
D,DISPATCH,UNIT_SCADA,1,"2019/08/19 15:20:00",CLARESF1,41.375740
D,DISPATCH,UNIT_SCADA,1,"2019/08/19 15:20:00",CLEMGPWF,14.118860
D,DISPATCH,UNIT_SCADA,1,"2019/08/19 15:20:00",CLERMSF1,14.97
D,DISPATCH,UNIT_SCADA,1,"2019/08/19 15:20:00",COLEASF1,59.70
D,DISPATCH,UNIT_SCADA,1,"2019/08/19 15:20:00",COOPGWF1,31.640050
D,DISPATCH,UNIT_SCADA,1,"2019/08/19 15:20:00",CPP_3,381.975010
D,DISPATCH,UNIT_SCADA,1,"2019/08/19 15:20:00",CPP_4,381.425020
D,DISPATCH,UNIT_SCADA,1,"2019/08/19 15:20:00",CPSA,144.051250
D,DISPATCH,UNIT_SCADA,1,"2019/08/19 15:20:00",CROOKWF2,87.433750
D,DISPATCH,UNIT_SCADA,1,"2019/08/19 15:20:00",CROWLWF1,21.6105
D,DISPATCH,UNIT_SCADA,1,"2019/08/19 15:20:00",CSPVPS1,28.1380
D,DISPATCH,UNIT_SCADA,1,"2019/08/19 15:20:00",DALNTH01,0
D,DISPATCH,UNIT_SCADA,1,"2019/08/19 15:20:00",DALNTHL1,0.028990
D,DISPATCH,UNIT_SCADA,1,"2019/08/19 15:20:00",DARTM1,0
D,DISPATCH,UNIT_SCADA,1,"2019/08/19 15:20:00",DAYDSF1,105.3950
D,DISPATCH,UNIT_SCADA,1,"2019/08/19 15:20:00",DDPS1,132.2272
D,DISPATCH,UNIT_SCADA,1,"2019/08/19 15:20:00",DDSF1,69.963780
D,DISPATCH,UNIT_SCADA,1,"2019/08/19 15:20:00",DEVILS_G,0
D,DISPATCH,UNIT_SCADA,1,"2019/08/19 15:20:00",DG_NSW1,0
D,DISPATCH,UNIT_SCADA,1,"2019/08/19 15:20:00",DG_QLD1,0
D,DISPATCH,UNIT_SCADA,1,"2019/08/19 15:20:00",DG_SA1,0
D,DISPATCH,UNIT_SCADA,1,"2019/08/19 15:20:00",DG_TAS1,0
D,DISPATCH,UNIT_SCADA,1,"2019/08/19 15:20:00",DG_VIC1,0
D,DISPATCH,UNIT_SCADA,1,"2019/08/19 15:20:00",DRYCGT1,0
D,DISPATCH,UNIT_SCADA,1,"2019/08/19 15:20:00",DRYCGT2,0
D,DISPATCH,UNIT_SCADA,1,"2019/08/19 15:20:00",DRYCGT3,0
D,DISPATCH,UNIT_SCADA,1,"2019/08/19 15:20:00",EILDON1,0
D,DISPATCH,UNIT_SCADA,1,"2019/08/19 15:20:00",EILDON2,0
D,DISPATCH,UNIT_SCADA,1,"2019/08/19 15:20:00",EMERASF1,58.56
D,DISPATCH,UNIT_SCADA,1,"2019/08/19 15:20:00",ER01,392.9751
D,DISPATCH,UNIT_SCADA,1,"2019/08/19 15:20:00",ER02,392.025020
D,DISPATCH,UNIT_SCADA,1,"2019/08/19 15:20:00",ER03,388.300050
D,DISPATCH,UNIT_SCADA,1,"2019/08/19 15:20:00",ER04,390.900020
D,DISPATCH,UNIT_SCADA,1,"2019/08/19 15:20:00",FINLYSF1,1.285880
D,DISPATCH,UNIT_SCADA,1,"2019/08/19 15:20:00",FISHER,46.03
D,DISPATCH,UNIT_SCADA,1,"2019/08/19 15:20:00",GANNBG1,0
D,DISPATCH,UNIT_SCADA,1,"2019/08/19 15:20:00",GANNBL1,1.496780
D,DISPATCH,UNIT_SCADA,1,"2019/08/19 15:20:00",GANNSF1,43.70
D,DISPATCH,UNIT_SCADA,1,"2019/08/19 15:20:00",GORDON,20.054160
D,DISPATCH,UNIT_SCADA,1,"2019/08/19 15:20:00",GSTONE1,156.974990
D,DISPATCH,UNIT_SCADA,1,"2019/08/19 15:20:00",GSTONE2,130.20
D,DISPATCH,UNIT_SCADA,1,"2019/08/19 15:20:00",GSTONE3,150.849990
D,DISPATCH,UNIT_SCADA,1,"2019/08/19 15:20:00",GSTONE4,154.8750
D,DISPATCH,UNIT_SCADA,1,"2019/08/19 15:20:00",GSTONE5,151.55
D,DISPATCH,UNIT_SCADA,1,"2019/08/19 15:20:00",GSTONE6,0
D,DISPATCH,UNIT_SCADA,1,"2019/08/19 15:20:00",GULLRSF1,6.901550
D,DISPATCH,UNIT_SCADA,1,"2019/08/19 15:20:00",GULLRWF1,150.1958
D,DISPATCH,UNIT_SCADA,1,"2019/08/19 15:20:00",GUNNING1,44.426670
D,DISPATCH,UNIT_SCADA,1,"2019/08/19 15:20:00",GUTHEGA,30.80
D,DISPATCH,UNIT_SCADA,1,"2019/08/19 15:20:00",HALLWF1,39.96
D,DISPATCH,UNIT_SCADA,1,"2019/08/19 15:20:00",HALLWF2,50.60
D,DISPATCH,UNIT_SCADA,1,"2019/08/19 15:20:00",HAMISF1,44.20
D,DISPATCH,UNIT_SCADA,1,"2019/08/19 15:20:00",HAUGHT11,49.950720
D,DISPATCH,UNIT_SCADA,1,"2019/08/19 15:20:00",HAYMSF1,36.9290
D,DISPATCH,UNIT_SCADA,1,"2019/08/19 15:20:00",HDWF1,32.30
D,DISPATCH,UNIT_SCADA,1,"2019/08/19 15:20:00",HDWF2,28.50
D,DISPATCH,UNIT_SCADA,1,"2019/08/19 15:20:00",HDWF3,35.80
D,DISPATCH,UNIT_SCADA,1,"2019/08/19 15:20:00",HPRG1,29.90
D,DISPATCH,UNIT_SCADA,1,"2019/08/19 15:20:00",HPRL1,0
D,DISPATCH,UNIT_SCADA,1,"2019/08/19 15:20:00",HUMENSW,0
D,DISPATCH,UNIT_SCADA,1,"2019/08/19 15:20:00",HUMEV,9.80
D,DISPATCH,UNIT_SCADA,1,"2019/08/19 15:20:00",HVGTS,0
D,DISPATCH,UNIT_SCADA,1,"2019/08/19 15:20:00",JBUTTERS,135.83
D,DISPATCH,UNIT_SCADA,1,"2019/08/19 15:20:00",JLA01,0.50
D,DISPATCH,UNIT_SCADA,1,"2019/08/19 15:20:00",JLA02,0
D,DISPATCH,UNIT_SCADA,1,"2019/08/19 15:20:00",JLA03,0.10
D,DISPATCH,UNIT_SCADA,1,"2019/08/19 15:20:00",JLA04,0.10
D,DISPATCH,UNIT_SCADA,1,"2019/08/19 15:20:00",JLB01,0
D,DISPATCH,UNIT_SCADA,1,"2019/08/19 15:20:00",JLB02,0.10
D,DISPATCH,UNIT_SCADA,1,"2019/08/19 15:20:00",JLB03,0
D,DISPATCH,UNIT_SCADA,1,"2019/08/19 15:20:00",KAREEYA1,21.6250
D,DISPATCH,UNIT_SCADA,1,"2019/08/19 15:20:00",KAREEYA2,22.2025
D,DISPATCH,UNIT_SCADA,1,"2019/08/19 15:20:00",KAREEYA3,0
D,DISPATCH,UNIT_SCADA,1,"2019/08/19 15:20:00",KAREEYA4,21.6275
D,DISPATCH,UNIT_SCADA,1,"2019/08/19 15:20:00",KARSF1,14.10
D,DISPATCH,UNIT_SCADA,1,"2019/08/19 15:20:00",KIATAWF1,28.30
D,DISPATCH,UNIT_SCADA,1,"2019/08/19 15:20:00",KPP_1,0
D,DISPATCH,UNIT_SCADA,1,"2019/08/19 15:20:00",KSP1,29.88
D,DISPATCH,UNIT_SCADA,1,"2019/08/19 15:20:00",LADBROK1,0
D,DISPATCH,UNIT_SCADA,1,"2019/08/19 15:20:00",LADBROK2,0
D,DISPATCH,UNIT_SCADA,1,"2019/08/19 15:20:00",LD01,348.3750
D,DISPATCH,UNIT_SCADA,1,"2019/08/19 15:20:00",LD02,350.718750
D,DISPATCH,UNIT_SCADA,1,"2019/08/19 15:20:00",LD03,343.968750
D,DISPATCH,UNIT_SCADA,1,"2019/08/19 15:20:00",LD04,346.856230
D,DISPATCH,UNIT_SCADA,1,"2019/08/19 15:20:00",LEM_WIL,82.579850
D,DISPATCH,UNIT_SCADA,1,"2019/08/19 15:20:00",LGAPWF1,12.77
D,DISPATCH,UNIT_SCADA,1,"2019/08/19 15:20:00",LILYSF1,81.788920
D,DISPATCH,UNIT_SCADA,1,"2019/08/19 15:20:00",LI_WY_CA,147.567470
D,DISPATCH,UNIT_SCADA,1,"2019/08/19 15:20:00",LKBONNY2,72.367580
D,DISPATCH,UNIT_SCADA,1,"2019/08/19 15:20:00",LKBONNY3,22.440450
D,DISPATCH,UNIT_SCADA,1,"2019/08/19 15:20:00",LK_ECHO,0
D,DISPATCH,UNIT_SCADA,1,"2019/08/19 15:20:00",LNGS1,0
D,DISPATCH,UNIT_SCADA,1,"2019/08/19 15:20:00",LNGS2,0
D,DISPATCH,UNIT_SCADA,1,"2019/08/19 15:20:00",LONSDALE,0
D,DISPATCH,UNIT_SCADA,1,"2019/08/19 15:20:00",LOYYB1,531.577210
D,DISPATCH,UNIT_SCADA,1,"2019/08/19 15:20:00",LOYYB2,581.202510
D,DISPATCH,UNIT_SCADA,1,"2019/08/19 15:20:00",LYA1,553
D,DISPATCH,UNIT_SCADA,1,"2019/08/19 15:20:00",LYA2,0
D,DISPATCH,UNIT_SCADA,1,"2019/08/19 15:20:00",LYA3,561
D,DISPATCH,UNIT_SCADA,1,"2019/08/19 15:20:00",LYA4,539
D,DISPATCH,UNIT_SCADA,1,"2019/08/19 15:20:00",MACARTH1,120.097230
D,DISPATCH,UNIT_SCADA,1,"2019/08/19 15:20:00",MACKAYGT,0
D,DISPATCH,UNIT_SCADA,1,"2019/08/19 15:20:00",MACKNTSH,85.180010
D,DISPATCH,UNIT_SCADA,1,"2019/08/19 15:20:00",MANSLR1,40.4130
D,DISPATCH,UNIT_SCADA,1,"2019/08/19 15:20:00",MCKAY1,0.02
D,DISPATCH,UNIT_SCADA,1,"2019/08/19 15:20:00",MEADOWBK,34.1531
D,DISPATCH,UNIT_SCADA,1,"2019/08/19 15:20:00",MERCER01,106.428010
D,DISPATCH,UNIT_SCADA,1,"2019/08/19 15:20:00",MEWF1,57.174020
D,DISPATCH,UNIT_SCADA,1,"2019/08/19 15:20:00",MINTARO,0
D,DISPATCH,UNIT_SCADA,1,"2019/08/19 15:20:00",MOREESF1,49.8140
D,DISPATCH,UNIT_SCADA,1,"2019/08/19 15:20:00",MORTLK11,150
D,DISPATCH,UNIT_SCADA,1,"2019/08/19 15:20:00",MORTLK12,0
D,DISPATCH,UNIT_SCADA,1,"2019/08/19 15:20:00",MP1,276.150020
D,DISPATCH,UNIT_SCADA,1,"2019/08/19 15:20:00",MP2,0
D,DISPATCH,UNIT_SCADA,1,"2019/08/19 15:20:00",MPP_1,365.25
D,DISPATCH,UNIT_SCADA,1,"2019/08/19 15:20:00",MPP_2,417.75
D,DISPATCH,UNIT_SCADA,1,"2019/08/19 15:20:00",MSTUART1,0
D,DISPATCH,UNIT_SCADA,1,"2019/08/19 15:20:00",MSTUART2,0
D,DISPATCH,UNIT_SCADA,1,"2019/08/19 15:20:00",MSTUART3,0
D,DISPATCH,UNIT_SCADA,1,"2019/08/19 15:20:00",MTGELWF1,64.354380
D,DISPATCH,UNIT_SCADA,1,"2019/08/19 15:20:00",MURRAY,0
D,DISPATCH,UNIT_SCADA,1,"2019/08/19 15:20:00",MUSSELR1,165.70
D,DISPATCH,UNIT_SCADA,1,"2019/08/19 15:20:00",MUWAWF1,33.09
D,DISPATCH,UNIT_SCADA,1,"2019/08/19 15:20:00",NBHWF1,47.80
D,DISPATCH,UNIT_SCADA,1,"2019/08/19 15:20:00",NPS,128.25
D,DISPATCH,UNIT_SCADA,1,"2019/08/19 15:20:00",NUMURSF1,58.46
D,DISPATCH,UNIT_SCADA,1,"2019/08/19 15:20:00",NYNGAN1,78.75
D,DISPATCH,UNIT_SCADA,1,"2019/08/19 15:20:00",OAKEY1,0
D,DISPATCH,UNIT_SCADA,1,"2019/08/19 15:20:00",OAKEY1SF,21.7620
D,DISPATCH,UNIT_SCADA,1,"2019/08/19 15:20:00",OAKEY2,0
D,DISPATCH,UNIT_SCADA,1,"2019/08/19 15:20:00",OAKLAND1,25.90
D,DISPATCH,UNIT_SCADA,1,"2019/08/19 15:20:00",OSB-AG,15.47
D,DISPATCH,UNIT_SCADA,1,"2019/08/19 15:20:00",PARSF1,46.70
D,DISPATCH,UNIT_SCADA,1,"2019/08/19 15:20:00",POAT110,38.000080
D,DISPATCH,UNIT_SCADA,1,"2019/08/19 15:20:00",POAT220,2.904880
D,DISPATCH,UNIT_SCADA,1,"2019/08/19 15:20:00",POR01,0
D,DISPATCH,UNIT_SCADA,1,"2019/08/19 15:20:00",POR03,0
D,DISPATCH,UNIT_SCADA,1,"2019/08/19 15:20:00",PPCCGT,258.111390
D,DISPATCH,UNIT_SCADA,1,"2019/08/19 15:20:00",PTSTAN1,0
D,DISPATCH,UNIT_SCADA,1,"2019/08/19 15:20:00",PUMP1,0
D,DISPATCH,UNIT_SCADA,1,"2019/08/19 15:20:00",PUMP2,0
D,DISPATCH,UNIT_SCADA,1,"2019/08/19 15:20:00",QPS1,0
D,DISPATCH,UNIT_SCADA,1,"2019/08/19 15:20:00",QPS2,0
D,DISPATCH,UNIT_SCADA,1,"2019/08/19 15:20:00",QPS3,0
D,DISPATCH,UNIT_SCADA,1,"2019/08/19 15:20:00",QPS4,0
D,DISPATCH,UNIT_SCADA,1,"2019/08/19 15:20:00",QPS5,0
D,DISPATCH,UNIT_SCADA,1,"2019/08/19 15:20:00",REECE1,113.77
D,DISPATCH,UNIT_SCADA,1,"2019/08/19 15:20:00",REECE2,113.860010
D,DISPATCH,UNIT_SCADA,1,"2019/08/19 15:20:00",ROMA_7,0
D,DISPATCH,UNIT_SCADA,1,"2019/08/19 15:20:00",ROMA_8,0
D,DISPATCH,UNIT_SCADA,1,"2019/08/19 15:20:00",RRSF1,107.518490
D,DISPATCH,UNIT_SCADA,1,"2019/08/19 15:20:00",RT_NSW1,0
D,DISPATCH,UNIT_SCADA,1,"2019/08/19 15:20:00",RT_NSW2,0
D,DISPATCH,UNIT_SCADA,1,"2019/08/19 15:20:00",RT_NSW3,0
D,DISPATCH,UNIT_SCADA,1,"2019/08/19 15:20:00",RT_NSW4,0
D,DISPATCH,UNIT_SCADA,1,"2019/08/19 15:20:00",RT_NSW5,0
D,DISPATCH,UNIT_SCADA,1,"2019/08/19 15:20:00",RT_NSW6,0
D,DISPATCH,UNIT_SCADA,1,"2019/08/19 15:20:00",RT_QLD1,0
D,DISPATCH,UNIT_SCADA,1,"2019/08/19 15:20:00",RT_SA1,0
D,DISPATCH,UNIT_SCADA,1,"2019/08/19 15:20:00",RT_SA2,0
D,DISPATCH,UNIT_SCADA,1,"2019/08/19 15:20:00",RT_SA3,0
D,DISPATCH,UNIT_SCADA,1,"2019/08/19 15:20:00",RT_SA4,0
D,DISPATCH,UNIT_SCADA,1,"2019/08/19 15:20:00",RT_SA5,0
D,DISPATCH,UNIT_SCADA,1,"2019/08/19 15:20:00",RT_SA6,0
D,DISPATCH,UNIT_SCADA,1,"2019/08/19 15:20:00",RT_TAS1,0
D,DISPATCH,UNIT_SCADA,1,"2019/08/19 15:20:00",RT_VIC1,0
D,DISPATCH,UNIT_SCADA,1,"2019/08/19 15:20:00",RT_VIC10,0
D,DISPATCH,UNIT_SCADA,1,"2019/08/19 15:20:00",RT_VIC11,0
D,DISPATCH,UNIT_SCADA,1,"2019/08/19 15:20:00",RT_VIC12,0
D,DISPATCH,UNIT_SCADA,1,"2019/08/19 15:20:00",RT_VIC2,0
D,DISPATCH,UNIT_SCADA,1,"2019/08/19 15:20:00",RT_VIC3,0
D,DISPATCH,UNIT_SCADA,1,"2019/08/19 15:20:00",RT_VIC4,0
D,DISPATCH,UNIT_SCADA,1,"2019/08/19 15:20:00",RT_VIC5,0
D,DISPATCH,UNIT_SCADA,1,"2019/08/19 15:20:00",RT_VIC6,0
D,DISPATCH,UNIT_SCADA,1,"2019/08/19 15:20:00",RT_VIC7,0
D,DISPATCH,UNIT_SCADA,1,"2019/08/19 15:20:00",RT_VIC8,0
D,DISPATCH,UNIT_SCADA,1,"2019/08/19 15:20:00",RT_VIC9,0
D,DISPATCH,UNIT_SCADA,1,"2019/08/19 15:20:00",RUGBYR1,42.612740
D,DISPATCH,UNIT_SCADA,1,"2019/08/19 15:20:00",SALTCRK1,44.28
D,DISPATCH,UNIT_SCADA,1,"2019/08/19 15:20:00",SAPHWF1,199.246860
D,DISPATCH,UNIT_SCADA,1,"2019/08/19 15:20:00",SHGEN,0
D,DISPATCH,UNIT_SCADA,1,"2019/08/19 15:20:00",SHPUMP,122.821870
D,DISPATCH,UNIT_SCADA,1,"2019/08/19 15:20:00",SITHE01,0.005650
D,DISPATCH,UNIT_SCADA,1,"2019/08/19 15:20:00",SMCSF1,63.965950
D,DISPATCH,UNIT_SCADA,1,"2019/08/19 15:20:00",SNOWNTH1,29.80
D,DISPATCH,UNIT_SCADA,1,"2019/08/19 15:20:00",SNOWSTH1,46.30
D,DISPATCH,UNIT_SCADA,1,"2019/08/19 15:20:00",SNOWTWN1,28.313750
D,DISPATCH,UNIT_SCADA,1,"2019/08/19 15:20:00",SNOWYP,187.50
D,DISPATCH,UNIT_SCADA,1,"2019/08/19 15:20:00",SNUG1,0.019440
D,DISPATCH,UNIT_SCADA,1,"2019/08/19 15:20:00",SRSF1,35.46
D,DISPATCH,UNIT_SCADA,1,"2019/08/19 15:20:00",STAN-1,0
D,DISPATCH,UNIT_SCADA,1,"2019/08/19 15:20:00",STAN-2,285.8754
D,DISPATCH,UNIT_SCADA,1,"2019/08/19 15:20:00",STAN-3,289.810460
D,DISPATCH,UNIT_SCADA,1,"2019/08/19 15:20:00",STAN-4,280.735440
D,DISPATCH,UNIT_SCADA,1,"2019/08/19 15:20:00",STWF1,21.397490
D,DISPATCH,UNIT_SCADA,1,"2019/08/19 15:20:00",SWAN_E,0
D,DISPATCH,UNIT_SCADA,1,"2019/08/19 15:20:00",TALWA1,220
D,DISPATCH,UNIT_SCADA,1,"2019/08/19 15:20:00",TARALGA1,97.230010
D,DISPATCH,UNIT_SCADA,1,"2019/08/19 15:20:00",TARONG#1,292
D,DISPATCH,UNIT_SCADA,1,"2019/08/19 15:20:00",TARONG#2,290.700010
D,DISPATCH,UNIT_SCADA,1,"2019/08/19 15:20:00",TARONG#3,259
D,DISPATCH,UNIT_SCADA,1,"2019/08/19 15:20:00",TARONG#4,280.700010
D,DISPATCH,UNIT_SCADA,1,"2019/08/19 15:20:00",TARRALEA,79
D,DISPATCH,UNIT_SCADA,1,"2019/08/19 15:20:00",TBSF1,0
D,DISPATCH,UNIT_SCADA,1,"2019/08/19 15:20:00",TNPS1,442.000030
D,DISPATCH,UNIT_SCADA,1,"2019/08/19 15:20:00",TORRA1,37.730340
D,DISPATCH,UNIT_SCADA,1,"2019/08/19 15:20:00",TORRA2,0
D,DISPATCH,UNIT_SCADA,1,"2019/08/19 15:20:00",TORRA3,41.9286
D,DISPATCH,UNIT_SCADA,1,"2019/08/19 15:20:00",TORRA4,0
D,DISPATCH,UNIT_SCADA,1,"2019/08/19 15:20:00",TORRB1,39.23
D,DISPATCH,UNIT_SCADA,1,"2019/08/19 15:20:00",TORRB2,39.55
D,DISPATCH,UNIT_SCADA,1,"2019/08/19 15:20:00",TORRB3,0
D,DISPATCH,UNIT_SCADA,1,"2019/08/19 15:20:00",TORRB4,0
D,DISPATCH,UNIT_SCADA,1,"2019/08/19 15:20:00",TREVALLN,40.810010
D,DISPATCH,UNIT_SCADA,1,"2019/08/19 15:20:00",TRIBUTE,12.29
D,DISPATCH,UNIT_SCADA,1,"2019/08/19 15:20:00",TUMUT3,0
D,DISPATCH,UNIT_SCADA,1,"2019/08/19 15:20:00",TUNGATIN,120.430030
D,DISPATCH,UNIT_SCADA,1,"2019/08/19 15:20:00",TVCC201,0
D,DISPATCH,UNIT_SCADA,1,"2019/08/19 15:20:00",TVPP104,0
D,DISPATCH,UNIT_SCADA,1,"2019/08/19 15:20:00",UPPTUMUT,0
D,DISPATCH,UNIT_SCADA,1,"2019/08/19 15:20:00",URANQ11,0
D,DISPATCH,UNIT_SCADA,1,"2019/08/19 15:20:00",URANQ12,0
D,DISPATCH,UNIT_SCADA,1,"2019/08/19 15:20:00",URANQ13,0
D,DISPATCH,UNIT_SCADA,1,"2019/08/19 15:20:00",URANQ14,0
D,DISPATCH,UNIT_SCADA,1,"2019/08/19 15:20:00",VP5,421.700010
D,DISPATCH,UNIT_SCADA,1,"2019/08/19 15:20:00",VP6,405.024990
D,DISPATCH,UNIT_SCADA,1,"2019/08/19 15:20:00",VPGS1,0
D,DISPATCH,UNIT_SCADA,1,"2019/08/19 15:20:00",VPGS2,0
D,DISPATCH,UNIT_SCADA,1,"2019/08/19 15:20:00",VPGS3,0
D,DISPATCH,UNIT_SCADA,1,"2019/08/19 15:20:00",VPGS4,0
D,DISPATCH,UNIT_SCADA,1,"2019/08/19 15:20:00",VPGS5,0
D,DISPATCH,UNIT_SCADA,1,"2019/08/19 15:20:00",VPGS6,0
D,DISPATCH,UNIT_SCADA,1,"2019/08/19 15:20:00",W/HOE#1,0
D,DISPATCH,UNIT_SCADA,1,"2019/08/19 15:20:00",W/HOE#2,0
D,DISPATCH,UNIT_SCADA,1,"2019/08/19 15:20:00",WATERLWF,91
D,DISPATCH,UNIT_SCADA,1,"2019/08/19 15:20:00",WEMENSF1,0
D,DISPATCH,UNIT_SCADA,1,"2019/08/19 15:20:00",WGWF1,30.60
D,DISPATCH,UNIT_SCADA,1,"2019/08/19 15:20:00",WHITSF1,41.70
D,DISPATCH,UNIT_SCADA,1,"2019/08/19 15:20:00",WKIEWA1,0
D,DISPATCH,UNIT_SCADA,1,"2019/08/19 15:20:00",WKIEWA2,0.10
D,DISPATCH,UNIT_SCADA,1,"2019/08/19 15:20:00",WOODLWN1,43.0560
D,DISPATCH,UNIT_SCADA,1,"2019/08/19 15:20:00",WRSF1,13.46
D,DISPATCH,UNIT_SCADA,1,"2019/08/19 15:20:00",WRWF1,141.001250
D,DISPATCH,UNIT_SCADA,1,"2019/08/19 15:20:00",YABULU,0
D,DISPATCH,UNIT_SCADA,1,"2019/08/19 15:20:00",YABULU2,0
D,DISPATCH,UNIT_SCADA,1,"2019/08/19 15:20:00",YARWUN_1,0
D,DISPATCH,UNIT_SCADA,1,"2019/08/19 15:20:00",YENDWF1,41.90
D,DISPATCH,UNIT_SCADA,1,"2019/08/19 15:20:00",YWPS1,362.154420
D,DISPATCH,UNIT_SCADA,1,"2019/08/19 15:20:00",YWPS2,277.691130
D,DISPATCH,UNIT_SCADA,1,"2019/08/19 15:20:00",YWPS3,0
D,DISPATCH,UNIT_SCADA,1,"2019/08/19 15:20:00",YWPS4,396.931640
C,"END OF REPORT",334
