C,NEMP.WORLD,DISPATCHSCADA,AEMO,PUBLIC,2019/09/05,04:00:08,0000000312407936,DISPATCHSCADA,0000000312407930
I,DISPATCH,UNIT_SCADA,1,SETTLEMENTDATE,DUID,SCADAVALUE
D,DISPATCH,UNIT_SCADA,1,"2019/09/05 04:05:00",BARCSF1,0
D,DISPATCH,UNIT_SCADA,1,"2019/09/05 04:05:00",BUTLERSG,10.199999
D,DISPATCH,UNIT_SCADA,1,"2019/09/05 04:05:00",CALL_A_4,0
D,DISPATCH,UNIT_SCADA,1,"2019/09/05 04:05:00",CAPTL_WF,0
D,DISPATCH,UNIT_SCADA,1,"2019/09/05 04:05:00",CATHROCK,35.249996
D,DISPATCH,UNIT_SCADA,1,"2019/09/05 04:05:00",CHALLHWF,0
D,DISPATCH,UNIT_SCADA,1,"2019/09/05 04:05:00",CLOVER,-0.01
D,DISPATCH,UNIT_SCADA,1,"2019/09/05 04:05:00",CLUNY,9.939574
D,DISPATCH,UNIT_SCADA,1,"2019/09/05 04:05:00",CNUNDAWF,9.410978
D,DISPATCH,UNIT_SCADA,1,"2019/09/05 04:05:00",CULLRGWF,1.92
D,DISPATCH,UNIT_SCADA,1,"2019/09/05 04:05:00",ERGT01,0
D,DISPATCH,UNIT_SCADA,1,"2019/09/05 04:05:00",GB01,0.016071
D,DISPATCH,UNIT_SCADA,1,"2019/09/05 04:05:00",GERMCRK,39.599998
D,DISPATCH,UNIT_SCADA,1,"2019/09/05 04:05:00",GRIFSF1,0
D,DISPATCH,UNIT_SCADA,1,"2019/09/05 04:05:00",HUGSF1,-0.19
D,DISPATCH,UNIT_SCADA,1,"2019/09/05 04:05:00",LKBONNY1,14.914663
D,DISPATCH,UNIT_SCADA,1,"2019/09/05 04:05:00",LRSF1,-0.0310
D,DISPATCH,UNIT_SCADA,1,"2019/09/05 04:05:00",MBAHNTH,36.337502
D,DISPATCH,UNIT_SCADA,1,"2019/09/05 04:05:00",MLSP1,0.366001
D,DISPATCH,UNIT_SCADA,1,"2019/09/05 04:05:00",MLWF1,3
D,DISPATCH,UNIT_SCADA,1,"2019/09/05 04:05:00",MTMILLAR,4.680585
D,DISPATCH,UNIT_SCADA,1,"2019/09/05 04:05:00",PALOONA,16.77
D,DISPATCH,UNIT_SCADA,1,"2019/09/05 04:05:00",PIONEER,47.100002
D,DISPATCH,UNIT_SCADA,1,"2019/09/05 04:05:00",PORTWF,31.700001
D,DISPATCH,UNIT_SCADA,1,"2019/09/05 04:05:00",REPULSE,20.052185
D,DISPATCH,UNIT_SCADA,1,"2019/09/05 04:05:00",ROWALLAN,10.3589
D,DISPATCH,UNIT_SCADA,1,"2019/09/05 04:05:00",ROYALLA1,0
D,DISPATCH,UNIT_SCADA,1,"2019/09/05 04:05:00",RPCG,9.70
D,DISPATCH,UNIT_SCADA,1,"2019/09/05 04:05:00",RUBICON,0
D,DISPATCH,UNIT_SCADA,1,"2019/09/05 04:05:00",SATGN1,0
D,DISPATCH,UNIT_SCADA,1,"2019/09/05 04:05:00",SATGS1,0
D,DISPATCH,UNIT_SCADA,1,"2019/09/05 04:05:00",STARHLWF,0.899738
D,DISPATCH,UNIT_SCADA,1,"2019/09/05 04:05:00",WAUBRAWF,0.0310
D,DISPATCH,UNIT_SCADA,1,"2019/09/05 04:05:00",WOOLNTH1,-0.809985
D,DISPATCH,UNIT_SCADA,1,"2019/09/05 04:05:00",WPWF,9
D,DISPATCH,UNIT_SCADA,1,"2019/09/05 04:05:00",YAMBUKWF,6.50
D,DISPATCH,UNIT_SCADA,1,"2019/09/05 04:05:00",YSWF1,0.40
D,DISPATCH,UNIT_SCADA,1,"2019/09/05 04:05:00",AGLHAL,0
D,DISPATCH,UNIT_SCADA,1,"2019/09/05 04:05:00",AGLSOM,0
D,DISPATCH,UNIT_SCADA,1,"2019/09/05 04:05:00",ANGAST1,0
D,DISPATCH,UNIT_SCADA,1,"2019/09/05 04:05:00",ARWF1,0.40
D,DISPATCH,UNIT_SCADA,1,"2019/09/05 04:05:00",BALBG1,0
D,DISPATCH,UNIT_SCADA,1,"2019/09/05 04:05:00",BALBL1,0
D,DISPATCH,UNIT_SCADA,1,"2019/09/05 04:05:00",BALDHWF1,0
D,DISPATCH,UNIT_SCADA,1,"2019/09/05 04:05:00",BANN1,0
D,DISPATCH,UNIT_SCADA,1,"2019/09/05 04:05:00",BARCALDN,0
D,DISPATCH,UNIT_SCADA,1,"2019/09/05 04:05:00",BARRON-1,0
D,DISPATCH,UNIT_SCADA,1,"2019/09/05 04:05:00",BARRON-2,0
D,DISPATCH,UNIT_SCADA,1,"2019/09/05 04:05:00",BASTYAN,80.820010
D,DISPATCH,UNIT_SCADA,1,"2019/09/05 04:05:00",BBTHREE1,0
D,DISPATCH,UNIT_SCADA,1,"2019/09/05 04:05:00",BBTHREE2,0
D,DISPATCH,UNIT_SCADA,1,"2019/09/05 04:05:00",BBTHREE3,0
D,DISPATCH,UNIT_SCADA,1,"2019/09/05 04:05:00",BDL01,0
D,DISPATCH,UNIT_SCADA,1,"2019/09/05 04:05:00",BDL02,0
D,DISPATCH,UNIT_SCADA,1,"2019/09/05 04:05:00",BERYLSF1,0
D,DISPATCH,UNIT_SCADA,1,"2019/09/05 04:05:00",BLOWERNG,11.10
D,DISPATCH,UNIT_SCADA,1,"2019/09/05 04:05:00",BLUFF1,0
D,DISPATCH,UNIT_SCADA,1,"2019/09/05 04:05:00",BNGSF1,0
D,DISPATCH,UNIT_SCADA,1,"2019/09/05 04:05:00",BNGSF2,0
D,DISPATCH,UNIT_SCADA,1,"2019/09/05 04:05:00",BOCORWF1,0
D,DISPATCH,UNIT_SCADA,1,"2019/09/05 04:05:00",BODWF1,4.704840
D,DISPATCH,UNIT_SCADA,1,"2019/09/05 04:05:00",BRAEMAR1,0
D,DISPATCH,UNIT_SCADA,1,"2019/09/05 04:05:00",BRAEMAR2,0
D,DISPATCH,UNIT_SCADA,1,"2019/09/05 04:05:00",BRAEMAR3,0
D,DISPATCH,UNIT_SCADA,1,"2019/09/05 04:05:00",BRAEMAR5,0
D,DISPATCH,UNIT_SCADA,1,"2019/09/05 04:05:00",BRAEMAR6,0
D,DISPATCH,UNIT_SCADA,1,"2019/09/05 04:05:00",BRAEMAR7,0
D,DISPATCH,UNIT_SCADA,1,"2019/09/05 04:05:00",BROKENH1,0
D,DISPATCH,UNIT_SCADA,1,"2019/09/05 04:05:00",BW01,541.974980
D,DISPATCH,UNIT_SCADA,1,"2019/09/05 04:05:00",BW02,583.049930
D,DISPATCH,UNIT_SCADA,1,"2019/09/05 04:05:00",BW03,608.800050
D,DISPATCH,UNIT_SCADA,1,"2019/09/05 04:05:00",BW04,0
D,DISPATCH,UNIT_SCADA,1,"2019/09/05 04:05:00",CALL_B_1,349.399990
D,DISPATCH,UNIT_SCADA,1,"2019/09/05 04:05:00",CALL_B_2,350.300020
D,DISPATCH,UNIT_SCADA,1,"2019/09/05 04:05:00",CETHANA,80.401630
D,DISPATCH,UNIT_SCADA,1,"2019/09/05 04:05:00",CG1,0
D,DISPATCH,UNIT_SCADA,1,"2019/09/05 04:05:00",CG2,0
D,DISPATCH,UNIT_SCADA,1,"2019/09/05 04:05:00",CG3,0
D,DISPATCH,UNIT_SCADA,1,"2019/09/05 04:05:00",CG4,0
D,DISPATCH,UNIT_SCADA,1,"2019/09/05 04:05:00",CHILDSF1,0
D,DISPATCH,UNIT_SCADA,1,"2019/09/05 04:05:00",CLARESF1,0
D,DISPATCH,UNIT_SCADA,1,"2019/09/05 04:05:00",CLEMGPWF,1.152560
D,DISPATCH,UNIT_SCADA,1,"2019/09/05 04:05:00",CLERMSF1,0
D,DISPATCH,UNIT_SCADA,1,"2019/09/05 04:05:00",COLEASF1,0
D,DISPATCH,UNIT_SCADA,1,"2019/09/05 04:05:00",COOPGWF1,6.366220
D,DISPATCH,UNIT_SCADA,1,"2019/09/05 04:05:00",CPP_3,405.899990
D,DISPATCH,UNIT_SCADA,1,"2019/09/05 04:05:00",CPP_4,406.175020
D,DISPATCH,UNIT_SCADA,1,"2019/09/05 04:05:00",CPSA,141.2225
D,DISPATCH,UNIT_SCADA,1,"2019/09/05 04:05:00",CROOKWF2,9.713750
D,DISPATCH,UNIT_SCADA,1,"2019/09/05 04:05:00",CROWLWF1,0.035390
D,DISPATCH,UNIT_SCADA,1,"2019/09/05 04:05:00",CSPVPS1,0
D,DISPATCH,UNIT_SCADA,1,"2019/09/05 04:05:00",DALNTH01,0
D,DISPATCH,UNIT_SCADA,1,"2019/09/05 04:05:00",DALNTHL1,4.939350
D,DISPATCH,UNIT_SCADA,1,"2019/09/05 04:05:00",DARTM1,133.80
D,DISPATCH,UNIT_SCADA,1,"2019/09/05 04:05:00",DAYDSF1,0
D,DISPATCH,UNIT_SCADA,1,"2019/09/05 04:05:00",DDPS1,256.314060
D,DISPATCH,UNIT_SCADA,1,"2019/09/05 04:05:00",DDSF1,0
D,DISPATCH,UNIT_SCADA,1,"2019/09/05 04:05:00",DEVILS_G,56.500750
D,DISPATCH,UNIT_SCADA,1,"2019/09/05 04:05:00",DG_NSW1,0
D,DISPATCH,UNIT_SCADA,1,"2019/09/05 04:05:00",DG_QLD1,0
D,DISPATCH,UNIT_SCADA,1,"2019/09/05 04:05:00",DG_SA1,0
D,DISPATCH,UNIT_SCADA,1,"2019/09/05 04:05:00",DG_TAS1,0
D,DISPATCH,UNIT_SCADA,1,"2019/09/05 04:05:00",DG_VIC1,0
D,DISPATCH,UNIT_SCADA,1,"2019/09/05 04:05:00",DRYCGT1,0
D,DISPATCH,UNIT_SCADA,1,"2019/09/05 04:05:00",DRYCGT2,0
D,DISPATCH,UNIT_SCADA,1,"2019/09/05 04:05:00",DRYCGT3,0
D,DISPATCH,UNIT_SCADA,1,"2019/09/05 04:05:00",EILDON1,0
D,DISPATCH,UNIT_SCADA,1,"2019/09/05 04:05:00",EILDON2,0
D,DISPATCH,UNIT_SCADA,1,"2019/09/05 04:05:00",EMERASF1,0
D,DISPATCH,UNIT_SCADA,1,"2019/09/05 04:05:00",ER01,492.699950
D,DISPATCH,UNIT_SCADA,1,"2019/09/05 04:05:00",ER02,489.6499
D,DISPATCH,UNIT_SCADA,1,"2019/09/05 04:05:00",ER03,0
D,DISPATCH,UNIT_SCADA,1,"2019/09/05 04:05:00",ER04,349.974980
D,DISPATCH,UNIT_SCADA,1,"2019/09/05 04:05:00",FINLYSF1,0
D,DISPATCH,UNIT_SCADA,1,"2019/09/05 04:05:00",FISHER,45.87
D,DISPATCH,UNIT_SCADA,1,"2019/09/05 04:05:00",GANNBG1,0
D,DISPATCH,UNIT_SCADA,1,"2019/09/05 04:05:00",GANNBL1,10.008390
D,DISPATCH,UNIT_SCADA,1,"2019/09/05 04:05:00",GANNSF1,0
D,DISPATCH,UNIT_SCADA,1,"2019/09/05 04:05:00",GORDON,21.410480
D,DISPATCH,UNIT_SCADA,1,"2019/09/05 04:05:00",GSTONE1,182.524990
D,DISPATCH,UNIT_SCADA,1,"2019/09/05 04:05:00",GSTONE2,174.649990
D,DISPATCH,UNIT_SCADA,1,"2019/09/05 04:05:00",GSTONE3,0
D,DISPATCH,UNIT_SCADA,1,"2019/09/05 04:05:00",GSTONE4,198.974990
D,DISPATCH,UNIT_SCADA,1,"2019/09/05 04:05:00",GSTONE5,182.349990
D,DISPATCH,UNIT_SCADA,1,"2019/09/05 04:05:00",GSTONE6,182
D,DISPATCH,UNIT_SCADA,1,"2019/09/05 04:05:00",GULLRSF1,0
D,DISPATCH,UNIT_SCADA,1,"2019/09/05 04:05:00",GULLRWF1,36.801390
D,DISPATCH,UNIT_SCADA,1,"2019/09/05 04:05:00",GUNNING1,4.077180
D,DISPATCH,UNIT_SCADA,1,"2019/09/05 04:05:00",GUTHEGA,0
D,DISPATCH,UNIT_SCADA,1,"2019/09/05 04:05:00",HALLWF1,-0.51
D,DISPATCH,UNIT_SCADA,1,"2019/09/05 04:05:00",HALLWF2,-0.10
D,DISPATCH,UNIT_SCADA,1,"2019/09/05 04:05:00",HAMISF1,0
D,DISPATCH,UNIT_SCADA,1,"2019/09/05 04:05:00",HAUGHT11,0
D,DISPATCH,UNIT_SCADA,1,"2019/09/05 04:05:00",HAYMSF1,0
D,DISPATCH,UNIT_SCADA,1,"2019/09/05 04:05:00",HDWF1,12.50
D,DISPATCH,UNIT_SCADA,1,"2019/09/05 04:05:00",HDWF2,6.60
D,DISPATCH,UNIT_SCADA,1,"2019/09/05 04:05:00",HDWF3,8
D,DISPATCH,UNIT_SCADA,1,"2019/09/05 04:05:00",HPRG1,0.10
D,DISPATCH,UNIT_SCADA,1,"2019/09/05 04:05:00",HPRL1,0
D,DISPATCH,UNIT_SCADA,1,"2019/09/05 04:05:00",HUMENSW,0
D,DISPATCH,UNIT_SCADA,1,"2019/09/05 04:05:00",HUMEV,25.70
D,DISPATCH,UNIT_SCADA,1,"2019/09/05 04:05:00",HVGTS,0
D,DISPATCH,UNIT_SCADA,1,"2019/09/05 04:05:00",JBUTTERS,0
D,DISPATCH,UNIT_SCADA,1,"2019/09/05 04:05:00",JLA01,0.10
D,DISPATCH,UNIT_SCADA,1,"2019/09/05 04:05:00",JLA02,0
D,DISPATCH,UNIT_SCADA,1,"2019/09/05 04:05:00",JLA03,0
D,DISPATCH,UNIT_SCADA,1,"2019/09/05 04:05:00",JLA04,0
D,DISPATCH,UNIT_SCADA,1,"2019/09/05 04:05:00",JLB01,0
D,DISPATCH,UNIT_SCADA,1,"2019/09/05 04:05:00",JLB02,0.10
D,DISPATCH,UNIT_SCADA,1,"2019/09/05 04:05:00",JLB03,0
D,DISPATCH,UNIT_SCADA,1,"2019/09/05 04:05:00",KAREEYA1,21.56
D,DISPATCH,UNIT_SCADA,1,"2019/09/05 04:05:00",KAREEYA2,21.57
D,DISPATCH,UNIT_SCADA,1,"2019/09/05 04:05:00",KAREEYA3,0
D,DISPATCH,UNIT_SCADA,1,"2019/09/05 04:05:00",KAREEYA4,21.5025
D,DISPATCH,UNIT_SCADA,1,"2019/09/05 04:05:00",KARSF1,0
D,DISPATCH,UNIT_SCADA,1,"2019/09/05 04:05:00",KIATAWF1,5.40
D,DISPATCH,UNIT_SCADA,1,"2019/09/05 04:05:00",KPP_1,0
D,DISPATCH,UNIT_SCADA,1,"2019/09/05 04:05:00",KSP1,0
D,DISPATCH,UNIT_SCADA,1,"2019/09/05 04:05:00",LADBROK1,0
D,DISPATCH,UNIT_SCADA,1,"2019/09/05 04:05:00",LADBROK2,0
D,DISPATCH,UNIT_SCADA,1,"2019/09/05 04:05:00",LD01,354.731230
D,DISPATCH,UNIT_SCADA,1,"2019/09/05 04:05:00",LD02,320.7562
D,DISPATCH,UNIT_SCADA,1,"2019/09/05 04:05:00",LD03,353.006290
D,DISPATCH,UNIT_SCADA,1,"2019/09/05 04:05:00",LD04,352.781250
D,DISPATCH,UNIT_SCADA,1,"2019/09/05 04:05:00",LEM_WIL,85.1801
D,DISPATCH,UNIT_SCADA,1,"2019/09/05 04:05:00",LGAPWF1,30.81
D,DISPATCH,UNIT_SCADA,1,"2019/09/05 04:05:00",LILYSF1,0
D,DISPATCH,UNIT_SCADA,1,"2019/09/05 04:05:00",LI_WY_CA,142.999160
D,DISPATCH,UNIT_SCADA,1,"2019/09/05 04:05:00",LKBONNY2,37.604850
D,DISPATCH,UNIT_SCADA,1,"2019/09/05 04:05:00",LKBONNY3,7.312680
D,DISPATCH,UNIT_SCADA,1,"2019/09/05 04:05:00",LK_ECHO,0
D,DISPATCH,UNIT_SCADA,1,"2019/09/05 04:05:00",LNGS1,0
D,DISPATCH,UNIT_SCADA,1,"2019/09/05 04:05:00",LNGS2,0
D,DISPATCH,UNIT_SCADA,1,"2019/09/05 04:05:00",LONSDALE,0
D,DISPATCH,UNIT_SCADA,1,"2019/09/05 04:05:00",LOYYB1,535.336730
D,DISPATCH,UNIT_SCADA,1,"2019/09/05 04:05:00",LOYYB2,583.458250
D,DISPATCH,UNIT_SCADA,1,"2019/09/05 04:05:00",LYA1,0
D,DISPATCH,UNIT_SCADA,1,"2019/09/05 04:05:00",LYA2,0
D,DISPATCH,UNIT_SCADA,1,"2019/09/05 04:05:00",LYA3,559
D,DISPATCH,UNIT_SCADA,1,"2019/09/05 04:05:00",LYA4,540
D,DISPATCH,UNIT_SCADA,1,"2019/09/05 04:05:00",MACARTH1,66.098470
D,DISPATCH,UNIT_SCADA,1,"2019/09/05 04:05:00",MACKAYGT,0.2240
D,DISPATCH,UNIT_SCADA,1,"2019/09/05 04:05:00",MACKNTSH,88.91
D,DISPATCH,UNIT_SCADA,1,"2019/09/05 04:05:00",MANSLR1,0
D,DISPATCH,UNIT_SCADA,1,"2019/09/05 04:05:00",MCKAY1,0.02
D,DISPATCH,UNIT_SCADA,1,"2019/09/05 04:05:00",MEADOWBK,24.921760
D,DISPATCH,UNIT_SCADA,1,"2019/09/05 04:05:00",MERCER01,11.1210
D,DISPATCH,UNIT_SCADA,1,"2019/09/05 04:05:00",MEWF1,66.648060
D,DISPATCH,UNIT_SCADA,1,"2019/09/05 04:05:00",MINTARO,0
D,DISPATCH,UNIT_SCADA,1,"2019/09/05 04:05:00",MOREESF1,0
D,DISPATCH,UNIT_SCADA,1,"2019/09/05 04:05:00",MORTLK11,124
D,DISPATCH,UNIT_SCADA,1,"2019/09/05 04:05:00",MORTLK12,0
D,DISPATCH,UNIT_SCADA,1,"2019/09/05 04:05:00",MP1,220.075010
D,DISPATCH,UNIT_SCADA,1,"2019/09/05 04:05:00",MP2,0
D,DISPATCH,UNIT_SCADA,1,"2019/09/05 04:05:00",MPP_1,401.25
D,DISPATCH,UNIT_SCADA,1,"2019/09/05 04:05:00",MPP_2,434.75
D,DISPATCH,UNIT_SCADA,1,"2019/09/05 04:05:00",MSTUART1,0
D,DISPATCH,UNIT_SCADA,1,"2019/09/05 04:05:00",MSTUART2,0
D,DISPATCH,UNIT_SCADA,1,"2019/09/05 04:05:00",MSTUART3,0
D,DISPATCH,UNIT_SCADA,1,"2019/09/05 04:05:00",MTGELWF1,12.186040
D,DISPATCH,UNIT_SCADA,1,"2019/09/05 04:05:00",MURRAY,0
D,DISPATCH,UNIT_SCADA,1,"2019/09/05 04:05:00",MUSSELR1,28.50
D,DISPATCH,UNIT_SCADA,1,"2019/09/05 04:05:00",MUWAWF1,8.81
D,DISPATCH,UNIT_SCADA,1,"2019/09/05 04:05:00",NBHWF1,-0.20
D,DISPATCH,UNIT_SCADA,1,"2019/09/05 04:05:00",NPS,101.6250
D,DISPATCH,UNIT_SCADA,1,"2019/09/05 04:05:00",NUMURSF1,0
D,DISPATCH,UNIT_SCADA,1,"2019/09/05 04:05:00",NYNGAN1,0
D,DISPATCH,UNIT_SCADA,1,"2019/09/05 04:05:00",OAKEY1,0
D,DISPATCH,UNIT_SCADA,1,"2019/09/05 04:05:00",OAKEY1SF,0
D,DISPATCH,UNIT_SCADA,1,"2019/09/05 04:05:00",OAKEY2,0
D,DISPATCH,UNIT_SCADA,1,"2019/09/05 04:05:00",OAKEY2SF,0
D,DISPATCH,UNIT_SCADA,1,"2019/09/05 04:05:00",OAKLAND1,4
D,DISPATCH,UNIT_SCADA,1,"2019/09/05 04:05:00",OSB-AG,168.429990
D,DISPATCH,UNIT_SCADA,1,"2019/09/05 04:05:00",PARSF1,0
D,DISPATCH,UNIT_SCADA,1,"2019/09/05 04:05:00",POAT110,0
D,DISPATCH,UNIT_SCADA,1,"2019/09/05 04:05:00",POAT220,11.78
D,DISPATCH,UNIT_SCADA,1,"2019/09/05 04:05:00",POR01,0
D,DISPATCH,UNIT_SCADA,1,"2019/09/05 04:05:00",POR03,0
D,DISPATCH,UNIT_SCADA,1,"2019/09/05 04:05:00",PPCCGT,356.092680
D,DISPATCH,UNIT_SCADA,1,"2019/09/05 04:05:00",PTSTAN1,0
D,DISPATCH,UNIT_SCADA,1,"2019/09/05 04:05:00",PUMP1,0
D,DISPATCH,UNIT_SCADA,1,"2019/09/05 04:05:00",PUMP2,0
D,DISPATCH,UNIT_SCADA,1,"2019/09/05 04:05:00",QPS1,0
D,DISPATCH,UNIT_SCADA,1,"2019/09/05 04:05:00",QPS2,0
D,DISPATCH,UNIT_SCADA,1,"2019/09/05 04:05:00",QPS3,0
D,DISPATCH,UNIT_SCADA,1,"2019/09/05 04:05:00",QPS4,0
D,DISPATCH,UNIT_SCADA,1,"2019/09/05 04:05:00",QPS5,0
D,DISPATCH,UNIT_SCADA,1,"2019/09/05 04:05:00",REECE1,100.240010
D,DISPATCH,UNIT_SCADA,1,"2019/09/05 04:05:00",REECE2,101.70
D,DISPATCH,UNIT_SCADA,1,"2019/09/05 04:05:00",ROMA_7,0
D,DISPATCH,UNIT_SCADA,1,"2019/09/05 04:05:00",ROMA_8,0
D,DISPATCH,UNIT_SCADA,1,"2019/09/05 04:05:00",RRSF1,0
D,DISPATCH,UNIT_SCADA,1,"2019/09/05 04:05:00",RT_NSW1,0
D,DISPATCH,UNIT_SCADA,1,"2019/09/05 04:05:00",RT_NSW2,0
D,DISPATCH,UNIT_SCADA,1,"2019/09/05 04:05:00",RT_NSW3,0
D,DISPATCH,UNIT_SCADA,1,"2019/09/05 04:05:00",RT_NSW4,0
D,DISPATCH,UNIT_SCADA,1,"2019/09/05 04:05:00",RT_NSW5,0
D,DISPATCH,UNIT_SCADA,1,"2019/09/05 04:05:00",RT_NSW6,0
D,DISPATCH,UNIT_SCADA,1,"2019/09/05 04:05:00",RT_QLD1,0
D,DISPATCH,UNIT_SCADA,1,"2019/09/05 04:05:00",RT_SA1,0
D,DISPATCH,UNIT_SCADA,1,"2019/09/05 04:05:00",RT_SA2,0
D,DISPATCH,UNIT_SCADA,1,"2019/09/05 04:05:00",RT_SA3,0
D,DISPATCH,UNIT_SCADA,1,"2019/09/05 04:05:00",RT_SA4,0
D,DISPATCH,UNIT_SCADA,1,"2019/09/05 04:05:00",RT_SA5,0
D,DISPATCH,UNIT_SCADA,1,"2019/09/05 04:05:00",RT_SA6,0
D,DISPATCH,UNIT_SCADA,1,"2019/09/05 04:05:00",RT_TAS1,0
D,DISPATCH,UNIT_SCADA,1,"2019/09/05 04:05:00",RT_VIC1,0
D,DISPATCH,UNIT_SCADA,1,"2019/09/05 04:05:00",RT_VIC10,0
D,DISPATCH,UNIT_SCADA,1,"2019/09/05 04:05:00",RT_VIC11,0
D,DISPATCH,UNIT_SCADA,1,"2019/09/05 04:05:00",RT_VIC12,0
D,DISPATCH,UNIT_SCADA,1,"2019/09/05 04:05:00",RT_VIC2,0
D,DISPATCH,UNIT_SCADA,1,"2019/09/05 04:05:00",RT_VIC3,0
D,DISPATCH,UNIT_SCADA,1,"2019/09/05 04:05:00",RT_VIC4,0
D,DISPATCH,UNIT_SCADA,1,"2019/09/05 04:05:00",RT_VIC5,0
D,DISPATCH,UNIT_SCADA,1,"2019/09/05 04:05:00",RT_VIC6,0
D,DISPATCH,UNIT_SCADA,1,"2019/09/05 04:05:00",RT_VIC7,0
D,DISPATCH,UNIT_SCADA,1,"2019/09/05 04:05:00",RT_VIC8,0
D,DISPATCH,UNIT_SCADA,1,"2019/09/05 04:05:00",RT_VIC9,0
D,DISPATCH,UNIT_SCADA,1,"2019/09/05 04:05:00",RUGBYR1,0
D,DISPATCH,UNIT_SCADA,1,"2019/09/05 04:05:00",SALTCRK1,6.50
D,DISPATCH,UNIT_SCADA,1,"2019/09/05 04:05:00",SAPHWF1,-2.465640
D,DISPATCH,UNIT_SCADA,1,"2019/09/05 04:05:00",SHGEN,0
D,DISPATCH,UNIT_SCADA,1,"2019/09/05 04:05:00",SHPUMP,158.354920
D,DISPATCH,UNIT_SCADA,1,"2019/09/05 04:05:00",SITHE01,0.1840
D,DISPATCH,UNIT_SCADA,1,"2019/09/05 04:05:00",SMCSF1,0
D,DISPATCH,UNIT_SCADA,1,"2019/09/05 04:05:00",SNOWNTH1,10.60
D,DISPATCH,UNIT_SCADA,1,"2019/09/05 04:05:00",SNOWSTH1,3.90
D,DISPATCH,UNIT_SCADA,1,"2019/09/05 04:05:00",SNOWTWN1,4.437770
D,DISPATCH,UNIT_SCADA,1,"2019/09/05 04:05:00",SNOWYP,0
D,DISPATCH,UNIT_SCADA,1,"2019/09/05 04:05:00",SNUG1,0.019440
D,DISPATCH,UNIT_SCADA,1,"2019/09/05 04:05:00",SRSF1,0
D,DISPATCH,UNIT_SCADA,1,"2019/09/05 04:05:00",STAN-1,221.8633
D,DISPATCH,UNIT_SCADA,1,"2019/09/05 04:05:00",STAN-2,250.241910
D,DISPATCH,UNIT_SCADA,1,"2019/09/05 04:05:00",STAN-3,250.152190
D,DISPATCH,UNIT_SCADA,1,"2019/09/05 04:05:00",STAN-4,249.319030
D,DISPATCH,UNIT_SCADA,1,"2019/09/05 04:05:00",STWF1,174.870010
D,DISPATCH,UNIT_SCADA,1,"2019/09/05 04:05:00",SWAN_E,0
D,DISPATCH,UNIT_SCADA,1,"2019/09/05 04:05:00",TALWA1,318
D,DISPATCH,UNIT_SCADA,1,"2019/09/05 04:05:00",TARALGA1,16.267490
D,DISPATCH,UNIT_SCADA,1,"2019/09/05 04:05:00",TARONG#1,274.50
D,DISPATCH,UNIT_SCADA,1,"2019/09/05 04:05:00",TARONG#2,0
D,DISPATCH,UNIT_SCADA,1,"2019/09/05 04:05:00",TARONG#3,260.399990
D,DISPATCH,UNIT_SCADA,1,"2019/09/05 04:05:00",TARONG#4,274.600010
D,DISPATCH,UNIT_SCADA,1,"2019/09/05 04:05:00",TARRALEA,70.80
D,DISPATCH,UNIT_SCADA,1,"2019/09/05 04:05:00",TBSF1,-0.20
D,DISPATCH,UNIT_SCADA,1,"2019/09/05 04:05:00",TNPS1,379.600010
D,DISPATCH,UNIT_SCADA,1,"2019/09/05 04:05:00",TORRA1,38.617570
D,DISPATCH,UNIT_SCADA,1,"2019/09/05 04:05:00",TORRA2,0
D,DISPATCH,UNIT_SCADA,1,"2019/09/05 04:05:00",TORRA3,0
D,DISPATCH,UNIT_SCADA,1,"2019/09/05 04:05:00",TORRA4,40.481170
D,DISPATCH,UNIT_SCADA,1,"2019/09/05 04:05:00",TORRB1,60.97
D,DISPATCH,UNIT_SCADA,1,"2019/09/05 04:05:00",TORRB2,60.41
D,DISPATCH,UNIT_SCADA,1,"2019/09/05 04:05:00",TORRB3,40.26
D,DISPATCH,UNIT_SCADA,1,"2019/09/05 04:05:00",TORRB4,0
D,DISPATCH,UNIT_SCADA,1,"2019/09/05 04:05:00",TREVALLN,2.10
D,DISPATCH,UNIT_SCADA,1,"2019/09/05 04:05:00",TRIBUTE,0
D,DISPATCH,UNIT_SCADA,1,"2019/09/05 04:05:00",TUMUT3,0
D,DISPATCH,UNIT_SCADA,1,"2019/09/05 04:05:00",TUNGATIN,123.390040
D,DISPATCH,UNIT_SCADA,1,"2019/09/05 04:05:00",TVCC201,0
D,DISPATCH,UNIT_SCADA,1,"2019/09/05 04:05:00",TVPP104,0
D,DISPATCH,UNIT_SCADA,1,"2019/09/05 04:05:00",UPPTUMUT,0
D,DISPATCH,UNIT_SCADA,1,"2019/09/05 04:05:00",URANQ11,0
D,DISPATCH,UNIT_SCADA,1,"2019/09/05 04:05:00",URANQ12,0
D,DISPATCH,UNIT_SCADA,1,"2019/09/05 04:05:00",URANQ13,0
D,DISPATCH,UNIT_SCADA,1,"2019/09/05 04:05:00",URANQ14,0
D,DISPATCH,UNIT_SCADA,1,"2019/09/05 04:05:00",VP5,632.100040
D,DISPATCH,UNIT_SCADA,1,"2019/09/05 04:05:00",VP6,0
D,DISPATCH,UNIT_SCADA,1,"2019/09/05 04:05:00",VPGS1,0
D,DISPATCH,UNIT_SCADA,1,"2019/09/05 04:05:00",VPGS2,0
D,DISPATCH,UNIT_SCADA,1,"2019/09/05 04:05:00",VPGS3,0
D,DISPATCH,UNIT_SCADA,1,"2019/09/05 04:05:00",VPGS4,0
D,DISPATCH,UNIT_SCADA,1,"2019/09/05 04:05:00",VPGS5,0
D,DISPATCH,UNIT_SCADA,1,"2019/09/05 04:05:00",VPGS6,0
D,DISPATCH,UNIT_SCADA,1,"2019/09/05 04:05:00",W/HOE#1,0
D,DISPATCH,UNIT_SCADA,1,"2019/09/05 04:05:00",W/HOE#2,0
D,DISPATCH,UNIT_SCADA,1,"2019/09/05 04:05:00",WATERLWF,0.90
D,DISPATCH,UNIT_SCADA,1,"2019/09/05 04:05:00",WEMENSF1,0
D,DISPATCH,UNIT_SCADA,1,"2019/09/05 04:05:00",WGWF1,0
D,DISPATCH,UNIT_SCADA,1,"2019/09/05 04:05:00",WHITSF1,0
D,DISPATCH,UNIT_SCADA,1,"2019/09/05 04:05:00",WKIEWA1,16.90
D,DISPATCH,UNIT_SCADA,1,"2019/09/05 04:05:00",WKIEWA2,17.10
D,DISPATCH,UNIT_SCADA,1,"2019/09/05 04:05:00",WOODLWN1,9.4950
D,DISPATCH,UNIT_SCADA,1,"2019/09/05 04:05:00",WRSF1,0
D,DISPATCH,UNIT_SCADA,1,"2019/09/05 04:05:00",WRWF1,7.083740
D,DISPATCH,UNIT_SCADA,1,"2019/09/05 04:05:00",YABULU,0
D,DISPATCH,UNIT_SCADA,1,"2019/09/05 04:05:00",YABULU2,0
D,DISPATCH,UNIT_SCADA,1,"2019/09/05 04:05:00",YARWUN_1,167.019990
D,DISPATCH,UNIT_SCADA,1,"2019/09/05 04:05:00",YENDWF1,2.28
D,DISPATCH,UNIT_SCADA,1,"2019/09/05 04:05:00",YWPS1,380.200010
D,DISPATCH,UNIT_SCADA,1,"2019/09/05 04:05:00",YWPS2,282.954440
D,DISPATCH,UNIT_SCADA,1,"2019/09/05 04:05:00",YWPS3,320.151890
D,DISPATCH,UNIT_SCADA,1,"2019/09/05 04:05:00",YWPS4,385.922790
C,"END OF REPORT",335
