C,NEMP.WORLD,DISPATCHSCADA,AEMO,PUBLIC,2019/08/21,23:50:07,0000000311845689,DISPATCHSCADA,0000000311845683
I,DISPATCH,UNIT_SCADA,1,SETTLEMENTDATE,DUID,SCADAVALUE
D,DISPATCH,UNIT_SCADA,1,"2019/08/21 23:55:00",BARCSF1,0.70
D,DISPATCH,UNIT_SCADA,1,"2019/08/21 23:55:00",BUTLERSG,9.599998
D,DISPATCH,UNIT_SCADA,1,"2019/08/21 23:55:00",CALL_A_4,0
D,DISPATCH,UNIT_SCADA,1,"2019/08/21 23:55:00",CAPTL_WF,130.872009
D,DISPATCH,UNIT_SCADA,1,"2019/08/21 23:55:00",CATHROCK,19.499998
D,DISPATCH,UNIT_SCADA,1,"2019/08/21 23:55:00",CHALLHWF,46.50
D,DISPATCH,UNIT_SCADA,1,"2019/08/21 23:55:00",CLOVER,-0.01
D,DISPATCH,UNIT_SCADA,1,"2019/08/21 23:55:00",CLUNY,19.935453
D,DISPATCH,UNIT_SCADA,1,"2019/08/21 23:55:00",CNUNDAWF,40.947769
D,DISPATCH,UNIT_SCADA,1,"2019/08/21 23:55:00",CULLRGWF,30.25
D,DISPATCH,UNIT_SCADA,1,"2019/08/21 23:55:00",ERGT01,0
D,DISPATCH,UNIT_SCADA,1,"2019/08/21 23:55:00",GB01,0.070431
D,DISPATCH,UNIT_SCADA,1,"2019/08/21 23:55:00",GERMCRK,39.200001
D,DISPATCH,UNIT_SCADA,1,"2019/08/21 23:55:00",GRIFSF1,0
D,DISPATCH,UNIT_SCADA,1,"2019/08/21 23:55:00",HUGSF1,-0.2430
D,DISPATCH,UNIT_SCADA,1,"2019/08/21 23:55:00",LKBONNY1,73.233681
D,DISPATCH,UNIT_SCADA,1,"2019/08/21 23:55:00",LRSF1,0.0390
D,DISPATCH,UNIT_SCADA,1,"2019/08/21 23:55:00",MBAHNTH,55.912506
D,DISPATCH,UNIT_SCADA,1,"2019/08/21 23:55:00",MLSP1,0.271001
D,DISPATCH,UNIT_SCADA,1,"2019/08/21 23:55:00",MLWF1,19.65
D,DISPATCH,UNIT_SCADA,1,"2019/08/21 23:55:00",MTMILLAR,13.915253
D,DISPATCH,UNIT_SCADA,1,"2019/08/21 23:55:00",PALOONA,24.559999
D,DISPATCH,UNIT_SCADA,1,"2019/08/21 23:55:00",PIONEER,32.900002
D,DISPATCH,UNIT_SCADA,1,"2019/08/21 23:55:00",PORTWF,141
D,DISPATCH,UNIT_SCADA,1,"2019/08/21 23:55:00",REPULSE,28.942703
D,DISPATCH,UNIT_SCADA,1,"2019/08/21 23:55:00",ROWALLAN,10.4015
D,DISPATCH,UNIT_SCADA,1,"2019/08/21 23:55:00",ROYALLA1,0
D,DISPATCH,UNIT_SCADA,1,"2019/08/21 23:55:00",RPCG,11.70
D,DISPATCH,UNIT_SCADA,1,"2019/08/21 23:55:00",RUBICON,0
D,DISPATCH,UNIT_SCADA,1,"2019/08/21 23:55:00",SATGN1,0
D,DISPATCH,UNIT_SCADA,1,"2019/08/21 23:55:00",SATGS1,0
D,DISPATCH,UNIT_SCADA,1,"2019/08/21 23:55:00",STARHLWF,8.297581
D,DISPATCH,UNIT_SCADA,1,"2019/08/21 23:55:00",WAUBRAWF,178.852997
D,DISPATCH,UNIT_SCADA,1,"2019/08/21 23:55:00",WOOLNTH1,22.350016
D,DISPATCH,UNIT_SCADA,1,"2019/08/21 23:55:00",WPWF,7
D,DISPATCH,UNIT_SCADA,1,"2019/08/21 23:55:00",YAMBUKWF,29.40
D,DISPATCH,UNIT_SCADA,1,"2019/08/21 23:55:00",YSWF1,28.40
D,DISPATCH,UNIT_SCADA,1,"2019/08/21 23:55:00",AGLHAL,0
D,DISPATCH,UNIT_SCADA,1,"2019/08/21 23:55:00",AGLSOM,0
D,DISPATCH,UNIT_SCADA,1,"2019/08/21 23:55:00",ANGAST1,0
D,DISPATCH,UNIT_SCADA,1,"2019/08/21 23:55:00",ARWF1,189.900010
D,DISPATCH,UNIT_SCADA,1,"2019/08/21 23:55:00",BALBG1,0
D,DISPATCH,UNIT_SCADA,1,"2019/08/21 23:55:00",BALBL1,0
D,DISPATCH,UNIT_SCADA,1,"2019/08/21 23:55:00",BALDHWF1,99.2590
D,DISPATCH,UNIT_SCADA,1,"2019/08/21 23:55:00",BANN1,0
D,DISPATCH,UNIT_SCADA,1,"2019/08/21 23:55:00",BARCALDN,0
D,DISPATCH,UNIT_SCADA,1,"2019/08/21 23:55:00",BARRON-1,0
D,DISPATCH,UNIT_SCADA,1,"2019/08/21 23:55:00",BARRON-2,24.28
D,DISPATCH,UNIT_SCADA,1,"2019/08/21 23:55:00",BASTYAN,78.530010
D,DISPATCH,UNIT_SCADA,1,"2019/08/21 23:55:00",BBTHREE1,-1.92
D,DISPATCH,UNIT_SCADA,1,"2019/08/21 23:55:00",BBTHREE2,-1.93
D,DISPATCH,UNIT_SCADA,1,"2019/08/21 23:55:00",BBTHREE3,-1.05
D,DISPATCH,UNIT_SCADA,1,"2019/08/21 23:55:00",BDL01,0
D,DISPATCH,UNIT_SCADA,1,"2019/08/21 23:55:00",BDL02,0
D,DISPATCH,UNIT_SCADA,1,"2019/08/21 23:55:00",BERYLSF1,0
D,DISPATCH,UNIT_SCADA,1,"2019/08/21 23:55:00",BLOWERNG,0
D,DISPATCH,UNIT_SCADA,1,"2019/08/21 23:55:00",BLUFF1,25.20
D,DISPATCH,UNIT_SCADA,1,"2019/08/21 23:55:00",BNGSF1,0
D,DISPATCH,UNIT_SCADA,1,"2019/08/21 23:55:00",BNGSF2,0
D,DISPATCH,UNIT_SCADA,1,"2019/08/21 23:55:00",BOCORWF1,106.18
D,DISPATCH,UNIT_SCADA,1,"2019/08/21 23:55:00",BODWF1,105.932950
D,DISPATCH,UNIT_SCADA,1,"2019/08/21 23:55:00",BRAEMAR1,0
D,DISPATCH,UNIT_SCADA,1,"2019/08/21 23:55:00",BRAEMAR2,0
D,DISPATCH,UNIT_SCADA,1,"2019/08/21 23:55:00",BRAEMAR3,0
D,DISPATCH,UNIT_SCADA,1,"2019/08/21 23:55:00",BRAEMAR5,0
D,DISPATCH,UNIT_SCADA,1,"2019/08/21 23:55:00",BRAEMAR6,0
D,DISPATCH,UNIT_SCADA,1,"2019/08/21 23:55:00",BRAEMAR7,0
D,DISPATCH,UNIT_SCADA,1,"2019/08/21 23:55:00",BROKENH1,0
D,DISPATCH,UNIT_SCADA,1,"2019/08/21 23:55:00",BW01,508.474980
D,DISPATCH,UNIT_SCADA,1,"2019/08/21 23:55:00",BW02,595.25
D,DISPATCH,UNIT_SCADA,1,"2019/08/21 23:55:00",BW03,581.900020
D,DISPATCH,UNIT_SCADA,1,"2019/08/21 23:55:00",BW04,0
D,DISPATCH,UNIT_SCADA,1,"2019/08/21 23:55:00",CALL_B_1,349.50
D,DISPATCH,UNIT_SCADA,1,"2019/08/21 23:55:00",CALL_B_2,349.200010
D,DISPATCH,UNIT_SCADA,1,"2019/08/21 23:55:00",CETHANA,98.843120
D,DISPATCH,UNIT_SCADA,1,"2019/08/21 23:55:00",CG1,0
D,DISPATCH,UNIT_SCADA,1,"2019/08/21 23:55:00",CG2,0
D,DISPATCH,UNIT_SCADA,1,"2019/08/21 23:55:00",CG3,0
D,DISPATCH,UNIT_SCADA,1,"2019/08/21 23:55:00",CG4,0
D,DISPATCH,UNIT_SCADA,1,"2019/08/21 23:55:00",CHILDSF1,0.01
D,DISPATCH,UNIT_SCADA,1,"2019/08/21 23:55:00",CLARESF1,0
D,DISPATCH,UNIT_SCADA,1,"2019/08/21 23:55:00",CLEMGPWF,24.708010
D,DISPATCH,UNIT_SCADA,1,"2019/08/21 23:55:00",CLERMSF1,0
D,DISPATCH,UNIT_SCADA,1,"2019/08/21 23:55:00",COLEASF1,0
D,DISPATCH,UNIT_SCADA,1,"2019/08/21 23:55:00",COOPGWF1,35.193440
D,DISPATCH,UNIT_SCADA,1,"2019/08/21 23:55:00",CPP_3,380.325010
D,DISPATCH,UNIT_SCADA,1,"2019/08/21 23:55:00",CPP_4,381.149990
D,DISPATCH,UNIT_SCADA,1,"2019/08/21 23:55:00",CPSA,143.229370
D,DISPATCH,UNIT_SCADA,1,"2019/08/21 23:55:00",CROOKWF2,70.923750
D,DISPATCH,UNIT_SCADA,1,"2019/08/21 23:55:00",CROWLWF1,43.382790
D,DISPATCH,UNIT_SCADA,1,"2019/08/21 23:55:00",CSPVPS1,0.0430
D,DISPATCH,UNIT_SCADA,1,"2019/08/21 23:55:00",DALNTH01,0
D,DISPATCH,UNIT_SCADA,1,"2019/08/21 23:55:00",DALNTHL1,0.0351
D,DISPATCH,UNIT_SCADA,1,"2019/08/21 23:55:00",DARTM1,0
D,DISPATCH,UNIT_SCADA,1,"2019/08/21 23:55:00",DAYDSF1,0
D,DISPATCH,UNIT_SCADA,1,"2019/08/21 23:55:00",DDPS1,0
D,DISPATCH,UNIT_SCADA,1,"2019/08/21 23:55:00",DDSF1,0
D,DISPATCH,UNIT_SCADA,1,"2019/08/21 23:55:00",DEVILS_G,0
D,DISPATCH,UNIT_SCADA,1,"2019/08/21 23:55:00",DG_NSW1,0
D,DISPATCH,UNIT_SCADA,1,"2019/08/21 23:55:00",DG_QLD1,0
D,DISPATCH,UNIT_SCADA,1,"2019/08/21 23:55:00",DG_SA1,0
D,DISPATCH,UNIT_SCADA,1,"2019/08/21 23:55:00",DG_TAS1,0
D,DISPATCH,UNIT_SCADA,1,"2019/08/21 23:55:00",DG_VIC1,0
D,DISPATCH,UNIT_SCADA,1,"2019/08/21 23:55:00",DRYCGT1,0
D,DISPATCH,UNIT_SCADA,1,"2019/08/21 23:55:00",DRYCGT2,0
D,DISPATCH,UNIT_SCADA,1,"2019/08/21 23:55:00",DRYCGT3,0
D,DISPATCH,UNIT_SCADA,1,"2019/08/21 23:55:00",EILDON1,0
D,DISPATCH,UNIT_SCADA,1,"2019/08/21 23:55:00",EILDON2,0
D,DISPATCH,UNIT_SCADA,1,"2019/08/21 23:55:00",EMERASF1,0
D,DISPATCH,UNIT_SCADA,1,"2019/08/21 23:55:00",ER01,444.7251
D,DISPATCH,UNIT_SCADA,1,"2019/08/21 23:55:00",ER02,446.25
D,DISPATCH,UNIT_SCADA,1,"2019/08/21 23:55:00",ER03,379
D,DISPATCH,UNIT_SCADA,1,"2019/08/21 23:55:00",ER04,446.525020
D,DISPATCH,UNIT_SCADA,1,"2019/08/21 23:55:00",FINLYSF1,0
D,DISPATCH,UNIT_SCADA,1,"2019/08/21 23:55:00",FISHER,45.82
D,DISPATCH,UNIT_SCADA,1,"2019/08/21 23:55:00",GANNBG1,0
D,DISPATCH,UNIT_SCADA,1,"2019/08/21 23:55:00",GANNBL1,0.033960
D,DISPATCH,UNIT_SCADA,1,"2019/08/21 23:55:00",GANNSF1,0
D,DISPATCH,UNIT_SCADA,1,"2019/08/21 23:55:00",GORDON,9.881760
D,DISPATCH,UNIT_SCADA,1,"2019/08/21 23:55:00",GSTONE1,127.75
D,DISPATCH,UNIT_SCADA,1,"2019/08/21 23:55:00",GSTONE2,130.20
D,DISPATCH,UNIT_SCADA,1,"2019/08/21 23:55:00",GSTONE3,128.6250
D,DISPATCH,UNIT_SCADA,1,"2019/08/21 23:55:00",GSTONE4,127.9250
D,DISPATCH,UNIT_SCADA,1,"2019/08/21 23:55:00",GSTONE5,126
D,DISPATCH,UNIT_SCADA,1,"2019/08/21 23:55:00",GSTONE6,0
D,DISPATCH,UNIT_SCADA,1,"2019/08/21 23:55:00",GULLRSF1,0
D,DISPATCH,UNIT_SCADA,1,"2019/08/21 23:55:00",GULLRWF1,158.7561
D,DISPATCH,UNIT_SCADA,1,"2019/08/21 23:55:00",GUNNING1,46.286560
D,DISPATCH,UNIT_SCADA,1,"2019/08/21 23:55:00",GUTHEGA,0
D,DISPATCH,UNIT_SCADA,1,"2019/08/21 23:55:00",HALLWF1,56.82
D,DISPATCH,UNIT_SCADA,1,"2019/08/21 23:55:00",HALLWF2,50.32
D,DISPATCH,UNIT_SCADA,1,"2019/08/21 23:55:00",HAMISF1,0
D,DISPATCH,UNIT_SCADA,1,"2019/08/21 23:55:00",HAUGHT11,0
D,DISPATCH,UNIT_SCADA,1,"2019/08/21 23:55:00",HAYMSF1,0
D,DISPATCH,UNIT_SCADA,1,"2019/08/21 23:55:00",HDWF1,84.10
D,DISPATCH,UNIT_SCADA,1,"2019/08/21 23:55:00",HDWF2,61.20
D,DISPATCH,UNIT_SCADA,1,"2019/08/21 23:55:00",HDWF3,69.70
D,DISPATCH,UNIT_SCADA,1,"2019/08/21 23:55:00",HPRG1,0
D,DISPATCH,UNIT_SCADA,1,"2019/08/21 23:55:00",HPRL1,27.90
D,DISPATCH,UNIT_SCADA,1,"2019/08/21 23:55:00",HUMENSW,0
D,DISPATCH,UNIT_SCADA,1,"2019/08/21 23:55:00",HUMEV,9.50
D,DISPATCH,UNIT_SCADA,1,"2019/08/21 23:55:00",HVGTS,0
D,DISPATCH,UNIT_SCADA,1,"2019/08/21 23:55:00",JBUTTERS,132.649990
D,DISPATCH,UNIT_SCADA,1,"2019/08/21 23:55:00",JLA01,0.50
D,DISPATCH,UNIT_SCADA,1,"2019/08/21 23:55:00",JLA02,0
D,DISPATCH,UNIT_SCADA,1,"2019/08/21 23:55:00",JLA03,0.10
D,DISPATCH,UNIT_SCADA,1,"2019/08/21 23:55:00",JLA04,0.10
D,DISPATCH,UNIT_SCADA,1,"2019/08/21 23:55:00",JLB01,0
D,DISPATCH,UNIT_SCADA,1,"2019/08/21 23:55:00",JLB02,0.10
D,DISPATCH,UNIT_SCADA,1,"2019/08/21 23:55:00",JLB03,0
D,DISPATCH,UNIT_SCADA,1,"2019/08/21 23:55:00",KAREEYA1,21.48
D,DISPATCH,UNIT_SCADA,1,"2019/08/21 23:55:00",KAREEYA2,21.65
D,DISPATCH,UNIT_SCADA,1,"2019/08/21 23:55:00",KAREEYA3,0
D,DISPATCH,UNIT_SCADA,1,"2019/08/21 23:55:00",KAREEYA4,21.6850
D,DISPATCH,UNIT_SCADA,1,"2019/08/21 23:55:00",KARSF1,0
D,DISPATCH,UNIT_SCADA,1,"2019/08/21 23:55:00",KIATAWF1,30.90
D,DISPATCH,UNIT_SCADA,1,"2019/08/21 23:55:00",KPP_1,0
D,DISPATCH,UNIT_SCADA,1,"2019/08/21 23:55:00",KSP1,0
D,DISPATCH,UNIT_SCADA,1,"2019/08/21 23:55:00",LADBROK1,0
D,DISPATCH,UNIT_SCADA,1,"2019/08/21 23:55:00",LADBROK2,0
D,DISPATCH,UNIT_SCADA,1,"2019/08/21 23:55:00",LD01,420.281280
D,DISPATCH,UNIT_SCADA,1,"2019/08/21 23:55:00",LD02,419.737520
D,DISPATCH,UNIT_SCADA,1,"2019/08/21 23:55:00",LD03,420.356230
D,DISPATCH,UNIT_SCADA,1,"2019/08/21 23:55:00",LD04,383.137450
D,DISPATCH,UNIT_SCADA,1,"2019/08/21 23:55:00",LEM_WIL,86.1945
D,DISPATCH,UNIT_SCADA,1,"2019/08/21 23:55:00",LGAPWF1,23.37
D,DISPATCH,UNIT_SCADA,1,"2019/08/21 23:55:00",LILYSF1,0
D,DISPATCH,UNIT_SCADA,1,"2019/08/21 23:55:00",LI_WY_CA,148.957980
D,DISPATCH,UNIT_SCADA,1,"2019/08/21 23:55:00",LKBONNY2,147.465740
D,DISPATCH,UNIT_SCADA,1,"2019/08/21 23:55:00",LKBONNY3,35.112050
D,DISPATCH,UNIT_SCADA,1,"2019/08/21 23:55:00",LK_ECHO,0
D,DISPATCH,UNIT_SCADA,1,"2019/08/21 23:55:00",LNGS1,0
D,DISPATCH,UNIT_SCADA,1,"2019/08/21 23:55:00",LNGS2,0
D,DISPATCH,UNIT_SCADA,1,"2019/08/21 23:55:00",LONSDALE,0
D,DISPATCH,UNIT_SCADA,1,"2019/08/21 23:55:00",LOYYB1,531.953190
D,DISPATCH,UNIT_SCADA,1,"2019/08/21 23:55:00",LOYYB2,577.443050
D,DISPATCH,UNIT_SCADA,1,"2019/08/21 23:55:00",LYA1,559
D,DISPATCH,UNIT_SCADA,1,"2019/08/21 23:55:00",LYA2,0
D,DISPATCH,UNIT_SCADA,1,"2019/08/21 23:55:00",LYA3,560
D,DISPATCH,UNIT_SCADA,1,"2019/08/21 23:55:00",LYA4,530
D,DISPATCH,UNIT_SCADA,1,"2019/08/21 23:55:00",MACARTH1,393.8909
D,DISPATCH,UNIT_SCADA,1,"2019/08/21 23:55:00",MACKAYGT,0
D,DISPATCH,UNIT_SCADA,1,"2019/08/21 23:55:00",MACKNTSH,84.88
D,DISPATCH,UNIT_SCADA,1,"2019/08/21 23:55:00",MANSLR1,0
D,DISPATCH,UNIT_SCADA,1,"2019/08/21 23:55:00",MCKAY1,0.02
D,DISPATCH,UNIT_SCADA,1,"2019/08/21 23:55:00",MEADOWBK,33.924460
D,DISPATCH,UNIT_SCADA,1,"2019/08/21 23:55:00",MERCER01,125.5380
D,DISPATCH,UNIT_SCADA,1,"2019/08/21 23:55:00",MEWF1,84.332550
D,DISPATCH,UNIT_SCADA,1,"2019/08/21 23:55:00",MINTARO,0
D,DISPATCH,UNIT_SCADA,1,"2019/08/21 23:55:00",MOREESF1,0
D,DISPATCH,UNIT_SCADA,1,"2019/08/21 23:55:00",MORTLK11,0
D,DISPATCH,UNIT_SCADA,1,"2019/08/21 23:55:00",MORTLK12,0
D,DISPATCH,UNIT_SCADA,1,"2019/08/21 23:55:00",MP1,278.449950
D,DISPATCH,UNIT_SCADA,1,"2019/08/21 23:55:00",MP2,0
D,DISPATCH,UNIT_SCADA,1,"2019/08/21 23:55:00",MPP_1,394.25
D,DISPATCH,UNIT_SCADA,1,"2019/08/21 23:55:00",MPP_2,421.75
D,DISPATCH,UNIT_SCADA,1,"2019/08/21 23:55:00",MSTUART1,0
D,DISPATCH,UNIT_SCADA,1,"2019/08/21 23:55:00",MSTUART2,0
D,DISPATCH,UNIT_SCADA,1,"2019/08/21 23:55:00",MSTUART3,0
D,DISPATCH,UNIT_SCADA,1,"2019/08/21 23:55:00",MTGELWF1,63.953060
D,DISPATCH,UNIT_SCADA,1,"2019/08/21 23:55:00",MURRAY,0
D,DISPATCH,UNIT_SCADA,1,"2019/08/21 23:55:00",MUSSELR1,112.099990
D,DISPATCH,UNIT_SCADA,1,"2019/08/21 23:55:00",MUWAWF1,56.21
D,DISPATCH,UNIT_SCADA,1,"2019/08/21 23:55:00",NBHWF1,59.90
D,DISPATCH,UNIT_SCADA,1,"2019/08/21 23:55:00",NPS,0
D,DISPATCH,UNIT_SCADA,1,"2019/08/21 23:55:00",NUMURSF1,0
D,DISPATCH,UNIT_SCADA,1,"2019/08/21 23:55:00",NYNGAN1,0
D,DISPATCH,UNIT_SCADA,1,"2019/08/21 23:55:00",OAKEY1,0
D,DISPATCH,UNIT_SCADA,1,"2019/08/21 23:55:00",OAKEY1SF,0
D,DISPATCH,UNIT_SCADA,1,"2019/08/21 23:55:00",OAKEY2,0
D,DISPATCH,UNIT_SCADA,1,"2019/08/21 23:55:00",OAKLAND1,61.70
D,DISPATCH,UNIT_SCADA,1,"2019/08/21 23:55:00",OSB-AG,0
D,DISPATCH,UNIT_SCADA,1,"2019/08/21 23:55:00",PARSF1,0
D,DISPATCH,UNIT_SCADA,1,"2019/08/21 23:55:00",POAT110,0
D,DISPATCH,UNIT_SCADA,1,"2019/08/21 23:55:00",POAT220,0
D,DISPATCH,UNIT_SCADA,1,"2019/08/21 23:55:00",POR01,0
D,DISPATCH,UNIT_SCADA,1,"2019/08/21 23:55:00",POR03,0
D,DISPATCH,UNIT_SCADA,1,"2019/08/21 23:55:00",PPCCGT,214.489590
D,DISPATCH,UNIT_SCADA,1,"2019/08/21 23:55:00",PTSTAN1,0
D,DISPATCH,UNIT_SCADA,1,"2019/08/21 23:55:00",PUMP1,0
D,DISPATCH,UNIT_SCADA,1,"2019/08/21 23:55:00",PUMP2,0
D,DISPATCH,UNIT_SCADA,1,"2019/08/21 23:55:00",QPS1,0
D,DISPATCH,UNIT_SCADA,1,"2019/08/21 23:55:00",QPS2,0
D,DISPATCH,UNIT_SCADA,1,"2019/08/21 23:55:00",QPS3,0
D,DISPATCH,UNIT_SCADA,1,"2019/08/21 23:55:00",QPS4,0
D,DISPATCH,UNIT_SCADA,1,"2019/08/21 23:55:00",QPS5,0
D,DISPATCH,UNIT_SCADA,1,"2019/08/21 23:55:00",REECE1,118.050010
D,DISPATCH,UNIT_SCADA,1,"2019/08/21 23:55:00",REECE2,117.430010
D,DISPATCH,UNIT_SCADA,1,"2019/08/21 23:55:00",ROMA_7,0
D,DISPATCH,UNIT_SCADA,1,"2019/08/21 23:55:00",ROMA_8,0
D,DISPATCH,UNIT_SCADA,1,"2019/08/21 23:55:00",RRSF1,0
D,DISPATCH,UNIT_SCADA,1,"2019/08/21 23:55:00",RT_NSW1,0
D,DISPATCH,UNIT_SCADA,1,"2019/08/21 23:55:00",RT_NSW2,0
D,DISPATCH,UNIT_SCADA,1,"2019/08/21 23:55:00",RT_NSW3,0
D,DISPATCH,UNIT_SCADA,1,"2019/08/21 23:55:00",RT_NSW4,0
D,DISPATCH,UNIT_SCADA,1,"2019/08/21 23:55:00",RT_NSW5,0
D,DISPATCH,UNIT_SCADA,1,"2019/08/21 23:55:00",RT_NSW6,0
D,DISPATCH,UNIT_SCADA,1,"2019/08/21 23:55:00",RT_QLD1,0
D,DISPATCH,UNIT_SCADA,1,"2019/08/21 23:55:00",RT_SA1,0
D,DISPATCH,UNIT_SCADA,1,"2019/08/21 23:55:00",RT_SA2,0
D,DISPATCH,UNIT_SCADA,1,"2019/08/21 23:55:00",RT_SA3,0
D,DISPATCH,UNIT_SCADA,1,"2019/08/21 23:55:00",RT_SA4,0
D,DISPATCH,UNIT_SCADA,1,"2019/08/21 23:55:00",RT_SA5,0
D,DISPATCH,UNIT_SCADA,1,"2019/08/21 23:55:00",RT_SA6,0
D,DISPATCH,UNIT_SCADA,1,"2019/08/21 23:55:00",RT_TAS1,0
D,DISPATCH,UNIT_SCADA,1,"2019/08/21 23:55:00",RT_VIC1,0
D,DISPATCH,UNIT_SCADA,1,"2019/08/21 23:55:00",RT_VIC10,0
D,DISPATCH,UNIT_SCADA,1,"2019/08/21 23:55:00",RT_VIC11,0
D,DISPATCH,UNIT_SCADA,1,"2019/08/21 23:55:00",RT_VIC12,0
D,DISPATCH,UNIT_SCADA,1,"2019/08/21 23:55:00",RT_VIC2,0
D,DISPATCH,UNIT_SCADA,1,"2019/08/21 23:55:00",RT_VIC3,0
D,DISPATCH,UNIT_SCADA,1,"2019/08/21 23:55:00",RT_VIC4,0
D,DISPATCH,UNIT_SCADA,1,"2019/08/21 23:55:00",RT_VIC5,0
D,DISPATCH,UNIT_SCADA,1,"2019/08/21 23:55:00",RT_VIC6,0
D,DISPATCH,UNIT_SCADA,1,"2019/08/21 23:55:00",RT_VIC7,0
D,DISPATCH,UNIT_SCADA,1,"2019/08/21 23:55:00",RT_VIC8,0
D,DISPATCH,UNIT_SCADA,1,"2019/08/21 23:55:00",RT_VIC9,0
D,DISPATCH,UNIT_SCADA,1,"2019/08/21 23:55:00",RUGBYR1,0
D,DISPATCH,UNIT_SCADA,1,"2019/08/21 23:55:00",SALTCRK1,52.25
D,DISPATCH,UNIT_SCADA,1,"2019/08/21 23:55:00",SAPHWF1,230.671880
D,DISPATCH,UNIT_SCADA,1,"2019/08/21 23:55:00",SHGEN,0
D,DISPATCH,UNIT_SCADA,1,"2019/08/21 23:55:00",SHPUMP,81.228130
D,DISPATCH,UNIT_SCADA,1,"2019/08/21 23:55:00",SITHE01,0.123710
D,DISPATCH,UNIT_SCADA,1,"2019/08/21 23:55:00",SMCSF1,0
D,DISPATCH,UNIT_SCADA,1,"2019/08/21 23:55:00",SNOWNTH1,133.70
D,DISPATCH,UNIT_SCADA,1,"2019/08/21 23:55:00",SNOWSTH1,90.600010
D,DISPATCH,UNIT_SCADA,1,"2019/08/21 23:55:00",SNOWTWN1,76.554360
D,DISPATCH,UNIT_SCADA,1,"2019/08/21 23:55:00",SNOWYP,0
D,DISPATCH,UNIT_SCADA,1,"2019/08/21 23:55:00",SNUG1,0.019440
D,DISPATCH,UNIT_SCADA,1,"2019/08/21 23:55:00",SRSF1,0.44
D,DISPATCH,UNIT_SCADA,1,"2019/08/21 23:55:00",STAN-1,0
D,DISPATCH,UNIT_SCADA,1,"2019/08/21 23:55:00",STAN-2,276.236420
D,DISPATCH,UNIT_SCADA,1,"2019/08/21 23:55:00",STAN-3,276.774750
D,DISPATCH,UNIT_SCADA,1,"2019/08/21 23:55:00",STAN-4,280.094570
D,DISPATCH,UNIT_SCADA,1,"2019/08/21 23:55:00",STWF1,168.221240
D,DISPATCH,UNIT_SCADA,1,"2019/08/21 23:55:00",SWAN_E,0
D,DISPATCH,UNIT_SCADA,1,"2019/08/21 23:55:00",TALWA1,191
D,DISPATCH,UNIT_SCADA,1,"2019/08/21 23:55:00",TARALGA1,97.751250
D,DISPATCH,UNIT_SCADA,1,"2019/08/21 23:55:00",TARONG#1,275.700010
D,DISPATCH,UNIT_SCADA,1,"2019/08/21 23:55:00",TARONG#2,276
D,DISPATCH,UNIT_SCADA,1,"2019/08/21 23:55:00",TARONG#3,261.100010
D,DISPATCH,UNIT_SCADA,1,"2019/08/21 23:55:00",TARONG#4,280.100010
D,DISPATCH,UNIT_SCADA,1,"2019/08/21 23:55:00",TARRALEA,83.80
D,DISPATCH,UNIT_SCADA,1,"2019/08/21 23:55:00",TBSF1,-0.20
D,DISPATCH,UNIT_SCADA,1,"2019/08/21 23:55:00",TNPS1,442.000030
D,DISPATCH,UNIT_SCADA,1,"2019/08/21 23:55:00",TORRA1,33.107440
D,DISPATCH,UNIT_SCADA,1,"2019/08/21 23:55:00",TORRA2,0
D,DISPATCH,UNIT_SCADA,1,"2019/08/21 23:55:00",TORRA3,0
D,DISPATCH,UNIT_SCADA,1,"2019/08/21 23:55:00",TORRA4,0
D,DISPATCH,UNIT_SCADA,1,"2019/08/21 23:55:00",TORRB1,39.16
D,DISPATCH,UNIT_SCADA,1,"2019/08/21 23:55:00",TORRB2,39.77
D,DISPATCH,UNIT_SCADA,1,"2019/08/21 23:55:00",TORRB3,0
D,DISPATCH,UNIT_SCADA,1,"2019/08/21 23:55:00",TORRB4,0
D,DISPATCH,UNIT_SCADA,1,"2019/08/21 23:55:00",TREVALLN,17.70
D,DISPATCH,UNIT_SCADA,1,"2019/08/21 23:55:00",TRIBUTE,83.04
D,DISPATCH,UNIT_SCADA,1,"2019/08/21 23:55:00",TUMUT3,0
D,DISPATCH,UNIT_SCADA,1,"2019/08/21 23:55:00",TUNGATIN,118.870030
D,DISPATCH,UNIT_SCADA,1,"2019/08/21 23:55:00",TVCC201,0
D,DISPATCH,UNIT_SCADA,1,"2019/08/21 23:55:00",TVPP104,0
D,DISPATCH,UNIT_SCADA,1,"2019/08/21 23:55:00",UPPTUMUT,0
D,DISPATCH,UNIT_SCADA,1,"2019/08/21 23:55:00",URANQ11,0
D,DISPATCH,UNIT_SCADA,1,"2019/08/21 23:55:00",URANQ12,0
D,DISPATCH,UNIT_SCADA,1,"2019/08/21 23:55:00",URANQ13,0
D,DISPATCH,UNIT_SCADA,1,"2019/08/21 23:55:00",URANQ14,0
D,DISPATCH,UNIT_SCADA,1,"2019/08/21 23:55:00",VP5,395.849980
D,DISPATCH,UNIT_SCADA,1,"2019/08/21 23:55:00",VP6,398.524990
D,DISPATCH,UNIT_SCADA,1,"2019/08/21 23:55:00",VPGS1,0
D,DISPATCH,UNIT_SCADA,1,"2019/08/21 23:55:00",VPGS2,0
D,DISPATCH,UNIT_SCADA,1,"2019/08/21 23:55:00",VPGS3,0
D,DISPATCH,UNIT_SCADA,1,"2019/08/21 23:55:00",VPGS4,0
D,DISPATCH,UNIT_SCADA,1,"2019/08/21 23:55:00",VPGS5,0
D,DISPATCH,UNIT_SCADA,1,"2019/08/21 23:55:00",VPGS6,0
D,DISPATCH,UNIT_SCADA,1,"2019/08/21 23:55:00",W/HOE#1,0
D,DISPATCH,UNIT_SCADA,1,"2019/08/21 23:55:00",W/HOE#2,0
D,DISPATCH,UNIT_SCADA,1,"2019/08/21 23:55:00",WATERLWF,97.70
D,DISPATCH,UNIT_SCADA,1,"2019/08/21 23:55:00",WEMENSF1,0
D,DISPATCH,UNIT_SCADA,1,"2019/08/21 23:55:00",WGWF1,73.30
D,DISPATCH,UNIT_SCADA,1,"2019/08/21 23:55:00",WHITSF1,0
D,DISPATCH,UNIT_SCADA,1,"2019/08/21 23:55:00",WKIEWA1,0
D,DISPATCH,UNIT_SCADA,1,"2019/08/21 23:55:00",WKIEWA2,28.80
D,DISPATCH,UNIT_SCADA,1,"2019/08/21 23:55:00",WOODLWN1,44.5950
D,DISPATCH,UNIT_SCADA,1,"2019/08/21 23:55:00",WRSF1,0
D,DISPATCH,UNIT_SCADA,1,"2019/08/21 23:55:00",WRWF1,148.236250
D,DISPATCH,UNIT_SCADA,1,"2019/08/21 23:55:00",YABULU,0
D,DISPATCH,UNIT_SCADA,1,"2019/08/21 23:55:00",YABULU2,0
D,DISPATCH,UNIT_SCADA,1,"2019/08/21 23:55:00",YARWUN_1,85.06
D,DISPATCH,UNIT_SCADA,1,"2019/08/21 23:55:00",YENDWF1,41.44
D,DISPATCH,UNIT_SCADA,1,"2019/08/21 23:55:00",YWPS1,378.946840
D,DISPATCH,UNIT_SCADA,1,"2019/08/21 23:55:00",YWPS2,279.946840
D,DISPATCH,UNIT_SCADA,1,"2019/08/21 23:55:00",YWPS3,0
D,DISPATCH,UNIT_SCADA,1,"2019/08/21 23:55:00",YWPS4,392.979740
C,"END OF REPORT",334
