C,NEMP.WORLD,DISPATCHSCADA,AEMO,PUBLIC,2019/09/05,05:40:08,0000000312410314,DISPATCHSCADA,0000000312410308
I,DISPATCH,UNIT_SCADA,1,SETTLEMENTDATE,DUID,SCADAVALUE
D,DISPATCH,UNIT_SCADA,1,"2019/09/05 05:45:00",BARCSF1,0
D,DISPATCH,UNIT_SCADA,1,"2019/09/05 05:45:00",BUTLERSG,10.199999
D,DISPATCH,UNIT_SCADA,1,"2019/09/05 05:45:00",CALL_A_4,0
D,DISPATCH,UNIT_SCADA,1,"2019/09/05 05:45:00",CAPTL_WF,0
D,DISPATCH,UNIT_SCADA,1,"2019/09/05 05:45:00",CATHROCK,15.359999
D,DISPATCH,UNIT_SCADA,1,"2019/09/05 05:45:00",CHALLHWF,0.60
D,DISPATCH,UNIT_SCADA,1,"2019/09/05 05:45:00",CLOVER,0
D,DISPATCH,UNIT_SCADA,1,"2019/09/05 05:45:00",CLUNY,12.092011
D,DISPATCH,UNIT_SCADA,1,"2019/09/05 05:45:00",CNUNDAWF,6.908059
D,DISPATCH,UNIT_SCADA,1,"2019/09/05 05:45:00",CULLRGWF,3.05
D,DISPATCH,UNIT_SCADA,1,"2019/09/05 05:45:00",ERGT01,0
D,DISPATCH,UNIT_SCADA,1,"2019/09/05 05:45:00",GB01,0.016121
D,DISPATCH,UNIT_SCADA,1,"2019/09/05 05:45:00",GERMCRK,37.099998
D,DISPATCH,UNIT_SCADA,1,"2019/09/05 05:45:00",GRIFSF1,0
D,DISPATCH,UNIT_SCADA,1,"2019/09/05 05:45:00",HUGSF1,-0.19
D,DISPATCH,UNIT_SCADA,1,"2019/09/05 05:45:00",LKBONNY1,7.680605
D,DISPATCH,UNIT_SCADA,1,"2019/09/05 05:45:00",LRSF1,-0.0310
D,DISPATCH,UNIT_SCADA,1,"2019/09/05 05:45:00",MBAHNTH,31.031250
D,DISPATCH,UNIT_SCADA,1,"2019/09/05 05:45:00",MLSP1,0.366001
D,DISPATCH,UNIT_SCADA,1,"2019/09/05 05:45:00",MLWF1,1.05
D,DISPATCH,UNIT_SCADA,1,"2019/09/05 05:45:00",MTMILLAR,27.525412
D,DISPATCH,UNIT_SCADA,1,"2019/09/05 05:45:00",PALOONA,17.75
D,DISPATCH,UNIT_SCADA,1,"2019/09/05 05:45:00",PIONEER,44.400002
D,DISPATCH,UNIT_SCADA,1,"2019/09/05 05:45:00",PORTWF,17.10
D,DISPATCH,UNIT_SCADA,1,"2019/09/05 05:45:00",REPULSE,19.881285
D,DISPATCH,UNIT_SCADA,1,"2019/09/05 05:45:00",ROWALLAN,10.3447
D,DISPATCH,UNIT_SCADA,1,"2019/09/05 05:45:00",ROYALLA1,0
D,DISPATCH,UNIT_SCADA,1,"2019/09/05 05:45:00",RPCG,10.60
D,DISPATCH,UNIT_SCADA,1,"2019/09/05 05:45:00",RUBICON,0
D,DISPATCH,UNIT_SCADA,1,"2019/09/05 05:45:00",SATGN1,0
D,DISPATCH,UNIT_SCADA,1,"2019/09/05 05:45:00",SATGS1,0
D,DISPATCH,UNIT_SCADA,1,"2019/09/05 05:45:00",STARHLWF,4.798601
D,DISPATCH,UNIT_SCADA,1,"2019/09/05 05:45:00",WAUBRAWF,5.45
D,DISPATCH,UNIT_SCADA,1,"2019/09/05 05:45:00",WOOLNTH1,-0.809985
D,DISPATCH,UNIT_SCADA,1,"2019/09/05 05:45:00",WPWF,6
D,DISPATCH,UNIT_SCADA,1,"2019/09/05 05:45:00",YAMBUKWF,3.90
D,DISPATCH,UNIT_SCADA,1,"2019/09/05 05:45:00",YSWF1,0
D,DISPATCH,UNIT_SCADA,1,"2019/09/05 05:45:00",AGLHAL,0
D,DISPATCH,UNIT_SCADA,1,"2019/09/05 05:45:00",AGLSOM,0
D,DISPATCH,UNIT_SCADA,1,"2019/09/05 05:45:00",ANGAST1,0
D,DISPATCH,UNIT_SCADA,1,"2019/09/05 05:45:00",ARWF1,2
D,DISPATCH,UNIT_SCADA,1,"2019/09/05 05:45:00",BALBG1,0
D,DISPATCH,UNIT_SCADA,1,"2019/09/05 05:45:00",BALBL1,0
D,DISPATCH,UNIT_SCADA,1,"2019/09/05 05:45:00",BALDHWF1,0
D,DISPATCH,UNIT_SCADA,1,"2019/09/05 05:45:00",BANN1,0
D,DISPATCH,UNIT_SCADA,1,"2019/09/05 05:45:00",BARCALDN,0
D,DISPATCH,UNIT_SCADA,1,"2019/09/05 05:45:00",BARRON-1,33.52
D,DISPATCH,UNIT_SCADA,1,"2019/09/05 05:45:00",BARRON-2,0
D,DISPATCH,UNIT_SCADA,1,"2019/09/05 05:45:00",BASTYAN,80.560010
D,DISPATCH,UNIT_SCADA,1,"2019/09/05 05:45:00",BBTHREE1,0
D,DISPATCH,UNIT_SCADA,1,"2019/09/05 05:45:00",BBTHREE2,0
D,DISPATCH,UNIT_SCADA,1,"2019/09/05 05:45:00",BBTHREE3,0
D,DISPATCH,UNIT_SCADA,1,"2019/09/05 05:45:00",BDL01,-0.06
D,DISPATCH,UNIT_SCADA,1,"2019/09/05 05:45:00",BDL02,-0.18
D,DISPATCH,UNIT_SCADA,1,"2019/09/05 05:45:00",BERYLSF1,0
D,DISPATCH,UNIT_SCADA,1,"2019/09/05 05:45:00",BLOWERNG,11.10
D,DISPATCH,UNIT_SCADA,1,"2019/09/05 05:45:00",BLUFF1,0
D,DISPATCH,UNIT_SCADA,1,"2019/09/05 05:45:00",BNGSF1,0
D,DISPATCH,UNIT_SCADA,1,"2019/09/05 05:45:00",BNGSF2,0
D,DISPATCH,UNIT_SCADA,1,"2019/09/05 05:45:00",BOCORWF1,10.93
D,DISPATCH,UNIT_SCADA,1,"2019/09/05 05:45:00",BODWF1,4.921330
D,DISPATCH,UNIT_SCADA,1,"2019/09/05 05:45:00",BRAEMAR1,0
D,DISPATCH,UNIT_SCADA,1,"2019/09/05 05:45:00",BRAEMAR2,0
D,DISPATCH,UNIT_SCADA,1,"2019/09/05 05:45:00",BRAEMAR3,0
D,DISPATCH,UNIT_SCADA,1,"2019/09/05 05:45:00",BRAEMAR5,0
D,DISPATCH,UNIT_SCADA,1,"2019/09/05 05:45:00",BRAEMAR6,0
D,DISPATCH,UNIT_SCADA,1,"2019/09/05 05:45:00",BRAEMAR7,0
D,DISPATCH,UNIT_SCADA,1,"2019/09/05 05:45:00",BROKENH1,0
D,DISPATCH,UNIT_SCADA,1,"2019/09/05 05:45:00",BW01,560.674930
D,DISPATCH,UNIT_SCADA,1,"2019/09/05 05:45:00",BW02,641.425050
D,DISPATCH,UNIT_SCADA,1,"2019/09/05 05:45:00",BW03,644.074950
D,DISPATCH,UNIT_SCADA,1,"2019/09/05 05:45:00",BW04,0
D,DISPATCH,UNIT_SCADA,1,"2019/09/05 05:45:00",CALL_B_1,349.100010
D,DISPATCH,UNIT_SCADA,1,"2019/09/05 05:45:00",CALL_B_2,349.899990
D,DISPATCH,UNIT_SCADA,1,"2019/09/05 05:45:00",CETHANA,80.581250
D,DISPATCH,UNIT_SCADA,1,"2019/09/05 05:45:00",CG1,0
D,DISPATCH,UNIT_SCADA,1,"2019/09/05 05:45:00",CG2,0
D,DISPATCH,UNIT_SCADA,1,"2019/09/05 05:45:00",CG3,0
D,DISPATCH,UNIT_SCADA,1,"2019/09/05 05:45:00",CG4,0
D,DISPATCH,UNIT_SCADA,1,"2019/09/05 05:45:00",CHILDSF1,0
D,DISPATCH,UNIT_SCADA,1,"2019/09/05 05:45:00",CLARESF1,0
D,DISPATCH,UNIT_SCADA,1,"2019/09/05 05:45:00",CLEMGPWF,-0.216110
D,DISPATCH,UNIT_SCADA,1,"2019/09/05 05:45:00",CLERMSF1,0
D,DISPATCH,UNIT_SCADA,1,"2019/09/05 05:45:00",COLEASF1,0
D,DISPATCH,UNIT_SCADA,1,"2019/09/05 05:45:00",COOPGWF1,2.617840
D,DISPATCH,UNIT_SCADA,1,"2019/09/05 05:45:00",CPP_3,407
D,DISPATCH,UNIT_SCADA,1,"2019/09/05 05:45:00",CPP_4,406.175020
D,DISPATCH,UNIT_SCADA,1,"2019/09/05 05:45:00",CPSA,141.132510
D,DISPATCH,UNIT_SCADA,1,"2019/09/05 05:45:00",CROOKWF2,12.603750
D,DISPATCH,UNIT_SCADA,1,"2019/09/05 05:45:00",CROWLWF1,0.449180
D,DISPATCH,UNIT_SCADA,1,"2019/09/05 05:45:00",CSPVPS1,0
D,DISPATCH,UNIT_SCADA,1,"2019/09/05 05:45:00",DALNTH01,0
D,DISPATCH,UNIT_SCADA,1,"2019/09/05 05:45:00",DALNTHL1,0.096130
D,DISPATCH,UNIT_SCADA,1,"2019/09/05 05:45:00",DARTM1,133.399990
D,DISPATCH,UNIT_SCADA,1,"2019/09/05 05:45:00",DAYDSF1,0
D,DISPATCH,UNIT_SCADA,1,"2019/09/05 05:45:00",DDPS1,350.359920
D,DISPATCH,UNIT_SCADA,1,"2019/09/05 05:45:00",DDSF1,0
D,DISPATCH,UNIT_SCADA,1,"2019/09/05 05:45:00",DEVILS_G,56.718040
D,DISPATCH,UNIT_SCADA,1,"2019/09/05 05:45:00",DG_NSW1,0
D,DISPATCH,UNIT_SCADA,1,"2019/09/05 05:45:00",DG_QLD1,0
D,DISPATCH,UNIT_SCADA,1,"2019/09/05 05:45:00",DG_SA1,0
D,DISPATCH,UNIT_SCADA,1,"2019/09/05 05:45:00",DG_TAS1,0
D,DISPATCH,UNIT_SCADA,1,"2019/09/05 05:45:00",DG_VIC1,0
D,DISPATCH,UNIT_SCADA,1,"2019/09/05 05:45:00",DRYCGT1,0
D,DISPATCH,UNIT_SCADA,1,"2019/09/05 05:45:00",DRYCGT2,0
D,DISPATCH,UNIT_SCADA,1,"2019/09/05 05:45:00",DRYCGT3,0
D,DISPATCH,UNIT_SCADA,1,"2019/09/05 05:45:00",EILDON1,0
D,DISPATCH,UNIT_SCADA,1,"2019/09/05 05:45:00",EILDON2,0
D,DISPATCH,UNIT_SCADA,1,"2019/09/05 05:45:00",EMERASF1,0
D,DISPATCH,UNIT_SCADA,1,"2019/09/05 05:45:00",ER01,582.674930
D,DISPATCH,UNIT_SCADA,1,"2019/09/05 05:45:00",ER02,398.074950
D,DISPATCH,UNIT_SCADA,1,"2019/09/05 05:45:00",ER03,0
D,DISPATCH,UNIT_SCADA,1,"2019/09/05 05:45:00",ER04,688.424930
D,DISPATCH,UNIT_SCADA,1,"2019/09/05 05:45:00",FINLYSF1,0
D,DISPATCH,UNIT_SCADA,1,"2019/09/05 05:45:00",FISHER,46.02
D,DISPATCH,UNIT_SCADA,1,"2019/09/05 05:45:00",GANNBG1,0
D,DISPATCH,UNIT_SCADA,1,"2019/09/05 05:45:00",GANNBL1,10.007590
D,DISPATCH,UNIT_SCADA,1,"2019/09/05 05:45:00",GANNSF1,0
D,DISPATCH,UNIT_SCADA,1,"2019/09/05 05:45:00",GORDON,20.635440
D,DISPATCH,UNIT_SCADA,1,"2019/09/05 05:45:00",GSTONE1,215.4250
D,DISPATCH,UNIT_SCADA,1,"2019/09/05 05:45:00",GSTONE2,230.1250
D,DISPATCH,UNIT_SCADA,1,"2019/09/05 05:45:00",GSTONE3,0
D,DISPATCH,UNIT_SCADA,1,"2019/09/05 05:45:00",GSTONE4,220.849990
D,DISPATCH,UNIT_SCADA,1,"2019/09/05 05:45:00",GSTONE5,214.55
D,DISPATCH,UNIT_SCADA,1,"2019/09/05 05:45:00",GSTONE6,223.649990
D,DISPATCH,UNIT_SCADA,1,"2019/09/05 05:45:00",GULLRSF1,0
D,DISPATCH,UNIT_SCADA,1,"2019/09/05 05:45:00",GULLRWF1,23.274810
D,DISPATCH,UNIT_SCADA,1,"2019/09/05 05:45:00",GUNNING1,3.606650
D,DISPATCH,UNIT_SCADA,1,"2019/09/05 05:45:00",GUTHEGA,0
D,DISPATCH,UNIT_SCADA,1,"2019/09/05 05:45:00",HALLWF1,-0.48
D,DISPATCH,UNIT_SCADA,1,"2019/09/05 05:45:00",HALLWF2,-0.30
D,DISPATCH,UNIT_SCADA,1,"2019/09/05 05:45:00",HAMISF1,0
D,DISPATCH,UNIT_SCADA,1,"2019/09/05 05:45:00",HAUGHT11,0
D,DISPATCH,UNIT_SCADA,1,"2019/09/05 05:45:00",HAYMSF1,0
D,DISPATCH,UNIT_SCADA,1,"2019/09/05 05:45:00",HDWF1,6
D,DISPATCH,UNIT_SCADA,1,"2019/09/05 05:45:00",HDWF2,4.10
D,DISPATCH,UNIT_SCADA,1,"2019/09/05 05:45:00",HDWF3,2.80
D,DISPATCH,UNIT_SCADA,1,"2019/09/05 05:45:00",HPRG1,0.30
D,DISPATCH,UNIT_SCADA,1,"2019/09/05 05:45:00",HPRL1,0
D,DISPATCH,UNIT_SCADA,1,"2019/09/05 05:45:00",HUMENSW,0
D,DISPATCH,UNIT_SCADA,1,"2019/09/05 05:45:00",HUMEV,25.90
D,DISPATCH,UNIT_SCADA,1,"2019/09/05 05:45:00",HVGTS,0
D,DISPATCH,UNIT_SCADA,1,"2019/09/05 05:45:00",JBUTTERS,80.759990
D,DISPATCH,UNIT_SCADA,1,"2019/09/05 05:45:00",JLA01,0.10
D,DISPATCH,UNIT_SCADA,1,"2019/09/05 05:45:00",JLA02,0
D,DISPATCH,UNIT_SCADA,1,"2019/09/05 05:45:00",JLA03,0
D,DISPATCH,UNIT_SCADA,1,"2019/09/05 05:45:00",JLA04,0
D,DISPATCH,UNIT_SCADA,1,"2019/09/05 05:45:00",JLB01,0
D,DISPATCH,UNIT_SCADA,1,"2019/09/05 05:45:00",JLB02,0.10
D,DISPATCH,UNIT_SCADA,1,"2019/09/05 05:45:00",JLB03,0
D,DISPATCH,UNIT_SCADA,1,"2019/09/05 05:45:00",KAREEYA1,21.5125
D,DISPATCH,UNIT_SCADA,1,"2019/09/05 05:45:00",KAREEYA2,21.8425
D,DISPATCH,UNIT_SCADA,1,"2019/09/05 05:45:00",KAREEYA3,0
D,DISPATCH,UNIT_SCADA,1,"2019/09/05 05:45:00",KAREEYA4,21.5950
D,DISPATCH,UNIT_SCADA,1,"2019/09/05 05:45:00",KARSF1,0
D,DISPATCH,UNIT_SCADA,1,"2019/09/05 05:45:00",KIATAWF1,12.10
D,DISPATCH,UNIT_SCADA,1,"2019/09/05 05:45:00",KPP_1,0
D,DISPATCH,UNIT_SCADA,1,"2019/09/05 05:45:00",KSP1,0
D,DISPATCH,UNIT_SCADA,1,"2019/09/05 05:45:00",LADBROK1,0
D,DISPATCH,UNIT_SCADA,1,"2019/09/05 05:45:00",LADBROK2,0
D,DISPATCH,UNIT_SCADA,1,"2019/09/05 05:45:00",LD01,353.25
D,DISPATCH,UNIT_SCADA,1,"2019/09/05 05:45:00",LD02,350.25
D,DISPATCH,UNIT_SCADA,1,"2019/09/05 05:45:00",LD03,349.743710
D,DISPATCH,UNIT_SCADA,1,"2019/09/05 05:45:00",LD04,349.518770
D,DISPATCH,UNIT_SCADA,1,"2019/09/05 05:45:00",LEM_WIL,82.7131
D,DISPATCH,UNIT_SCADA,1,"2019/09/05 05:45:00",LGAPWF1,15.08
D,DISPATCH,UNIT_SCADA,1,"2019/09/05 05:45:00",LILYSF1,0
D,DISPATCH,UNIT_SCADA,1,"2019/09/05 05:45:00",LI_WY_CA,151.650770
D,DISPATCH,UNIT_SCADA,1,"2019/09/05 05:45:00",LKBONNY2,26.8317
D,DISPATCH,UNIT_SCADA,1,"2019/09/05 05:45:00",LKBONNY3,6.866110
D,DISPATCH,UNIT_SCADA,1,"2019/09/05 05:45:00",LK_ECHO,0
D,DISPATCH,UNIT_SCADA,1,"2019/09/05 05:45:00",LNGS1,0
D,DISPATCH,UNIT_SCADA,1,"2019/09/05 05:45:00",LNGS2,0
D,DISPATCH,UNIT_SCADA,1,"2019/09/05 05:45:00",LONSDALE,0
D,DISPATCH,UNIT_SCADA,1,"2019/09/05 05:45:00",LOYYB1,536.088620
D,DISPATCH,UNIT_SCADA,1,"2019/09/05 05:45:00",LOYYB2,582.330380
D,DISPATCH,UNIT_SCADA,1,"2019/09/05 05:45:00",LYA1,0
D,DISPATCH,UNIT_SCADA,1,"2019/09/05 05:45:00",LYA2,0
D,DISPATCH,UNIT_SCADA,1,"2019/09/05 05:45:00",LYA3,558
D,DISPATCH,UNIT_SCADA,1,"2019/09/05 05:45:00",LYA4,540
D,DISPATCH,UNIT_SCADA,1,"2019/09/05 05:45:00",MACARTH1,55.398720
D,DISPATCH,UNIT_SCADA,1,"2019/09/05 05:45:00",MACKAYGT,0.2240
D,DISPATCH,UNIT_SCADA,1,"2019/09/05 05:45:00",MACKNTSH,89.080010
D,DISPATCH,UNIT_SCADA,1,"2019/09/05 05:45:00",MANSLR1,0
D,DISPATCH,UNIT_SCADA,1,"2019/09/05 05:45:00",MCKAY1,0.02
D,DISPATCH,UNIT_SCADA,1,"2019/09/05 05:45:00",MEADOWBK,31.666640
D,DISPATCH,UNIT_SCADA,1,"2019/09/05 05:45:00",MERCER01,4.6810
D,DISPATCH,UNIT_SCADA,1,"2019/09/05 05:45:00",MEWF1,60.442620
D,DISPATCH,UNIT_SCADA,1,"2019/09/05 05:45:00",MINTARO,0
D,DISPATCH,UNIT_SCADA,1,"2019/09/05 05:45:00",MOREESF1,0
D,DISPATCH,UNIT_SCADA,1,"2019/09/05 05:45:00",MORTLK11,259
D,DISPATCH,UNIT_SCADA,1,"2019/09/05 05:45:00",MORTLK12,0
D,DISPATCH,UNIT_SCADA,1,"2019/09/05 05:45:00",MP1,221.325010
D,DISPATCH,UNIT_SCADA,1,"2019/09/05 05:45:00",MP2,0
D,DISPATCH,UNIT_SCADA,1,"2019/09/05 05:45:00",MPP_1,402.25
D,DISPATCH,UNIT_SCADA,1,"2019/09/05 05:45:00",MPP_2,436
D,DISPATCH,UNIT_SCADA,1,"2019/09/05 05:45:00",MSTUART1,0
D,DISPATCH,UNIT_SCADA,1,"2019/09/05 05:45:00",MSTUART2,0
D,DISPATCH,UNIT_SCADA,1,"2019/09/05 05:45:00",MSTUART3,0
D,DISPATCH,UNIT_SCADA,1,"2019/09/05 05:45:00",MTGELWF1,9.6469
D,DISPATCH,UNIT_SCADA,1,"2019/09/05 05:45:00",MURRAY,0
D,DISPATCH,UNIT_SCADA,1,"2019/09/05 05:45:00",MUSSELR1,22.90
D,DISPATCH,UNIT_SCADA,1,"2019/09/05 05:45:00",MUWAWF1,18.18
D,DISPATCH,UNIT_SCADA,1,"2019/09/05 05:45:00",NBHWF1,5.40
D,DISPATCH,UNIT_SCADA,1,"2019/09/05 05:45:00",NPS,173.25
D,DISPATCH,UNIT_SCADA,1,"2019/09/05 05:45:00",NUMURSF1,0
D,DISPATCH,UNIT_SCADA,1,"2019/09/05 05:45:00",NYNGAN1,0
D,DISPATCH,UNIT_SCADA,1,"2019/09/05 05:45:00",OAKEY1,0
D,DISPATCH,UNIT_SCADA,1,"2019/09/05 05:45:00",OAKEY1SF,0
D,DISPATCH,UNIT_SCADA,1,"2019/09/05 05:45:00",OAKEY2,0
D,DISPATCH,UNIT_SCADA,1,"2019/09/05 05:45:00",OAKEY2SF,0
D,DISPATCH,UNIT_SCADA,1,"2019/09/05 05:45:00",OAKLAND1,0
D,DISPATCH,UNIT_SCADA,1,"2019/09/05 05:45:00",OSB-AG,181.09
D,DISPATCH,UNIT_SCADA,1,"2019/09/05 05:45:00",PARSF1,0
D,DISPATCH,UNIT_SCADA,1,"2019/09/05 05:45:00",POAT110,0
D,DISPATCH,UNIT_SCADA,1,"2019/09/05 05:45:00",POAT220,1.32
D,DISPATCH,UNIT_SCADA,1,"2019/09/05 05:45:00",POR01,0
D,DISPATCH,UNIT_SCADA,1,"2019/09/05 05:45:00",POR03,0
D,DISPATCH,UNIT_SCADA,1,"2019/09/05 05:45:00",PPCCGT,370.185880
D,DISPATCH,UNIT_SCADA,1,"2019/09/05 05:45:00",PTSTAN1,0
D,DISPATCH,UNIT_SCADA,1,"2019/09/05 05:45:00",PUMP1,0
D,DISPATCH,UNIT_SCADA,1,"2019/09/05 05:45:00",PUMP2,0
D,DISPATCH,UNIT_SCADA,1,"2019/09/05 05:45:00",QPS1,0
D,DISPATCH,UNIT_SCADA,1,"2019/09/05 05:45:00",QPS2,0
D,DISPATCH,UNIT_SCADA,1,"2019/09/05 05:45:00",QPS3,0
D,DISPATCH,UNIT_SCADA,1,"2019/09/05 05:45:00",QPS4,0
D,DISPATCH,UNIT_SCADA,1,"2019/09/05 05:45:00",QPS5,0
D,DISPATCH,UNIT_SCADA,1,"2019/09/05 05:45:00",REECE1,100.970010
D,DISPATCH,UNIT_SCADA,1,"2019/09/05 05:45:00",REECE2,101.980010
D,DISPATCH,UNIT_SCADA,1,"2019/09/05 05:45:00",ROMA_7,0
D,DISPATCH,UNIT_SCADA,1,"2019/09/05 05:45:00",ROMA_8,0
D,DISPATCH,UNIT_SCADA,1,"2019/09/05 05:45:00",RRSF1,0
D,DISPATCH,UNIT_SCADA,1,"2019/09/05 05:45:00",RT_NSW1,0
D,DISPATCH,UNIT_SCADA,1,"2019/09/05 05:45:00",RT_NSW2,0
D,DISPATCH,UNIT_SCADA,1,"2019/09/05 05:45:00",RT_NSW3,0
D,DISPATCH,UNIT_SCADA,1,"2019/09/05 05:45:00",RT_NSW4,0
D,DISPATCH,UNIT_SCADA,1,"2019/09/05 05:45:00",RT_NSW5,0
D,DISPATCH,UNIT_SCADA,1,"2019/09/05 05:45:00",RT_NSW6,0
D,DISPATCH,UNIT_SCADA,1,"2019/09/05 05:45:00",RT_QLD1,0
D,DISPATCH,UNIT_SCADA,1,"2019/09/05 05:45:00",RT_SA1,0
D,DISPATCH,UNIT_SCADA,1,"2019/09/05 05:45:00",RT_SA2,0
D,DISPATCH,UNIT_SCADA,1,"2019/09/05 05:45:00",RT_SA3,0
D,DISPATCH,UNIT_SCADA,1,"2019/09/05 05:45:00",RT_SA4,0
D,DISPATCH,UNIT_SCADA,1,"2019/09/05 05:45:00",RT_SA5,0
D,DISPATCH,UNIT_SCADA,1,"2019/09/05 05:45:00",RT_SA6,0
D,DISPATCH,UNIT_SCADA,1,"2019/09/05 05:45:00",RT_TAS1,0
D,DISPATCH,UNIT_SCADA,1,"2019/09/05 05:45:00",RT_VIC1,0
D,DISPATCH,UNIT_SCADA,1,"2019/09/05 05:45:00",RT_VIC10,0
D,DISPATCH,UNIT_SCADA,1,"2019/09/05 05:45:00",RT_VIC11,0
D,DISPATCH,UNIT_SCADA,1,"2019/09/05 05:45:00",RT_VIC12,0
D,DISPATCH,UNIT_SCADA,1,"2019/09/05 05:45:00",RT_VIC2,0
D,DISPATCH,UNIT_SCADA,1,"2019/09/05 05:45:00",RT_VIC3,0
D,DISPATCH,UNIT_SCADA,1,"2019/09/05 05:45:00",RT_VIC4,0
D,DISPATCH,UNIT_SCADA,1,"2019/09/05 05:45:00",RT_VIC5,0
D,DISPATCH,UNIT_SCADA,1,"2019/09/05 05:45:00",RT_VIC6,0
D,DISPATCH,UNIT_SCADA,1,"2019/09/05 05:45:00",RT_VIC7,0
D,DISPATCH,UNIT_SCADA,1,"2019/09/05 05:45:00",RT_VIC8,0
D,DISPATCH,UNIT_SCADA,1,"2019/09/05 05:45:00",RT_VIC9,0
D,DISPATCH,UNIT_SCADA,1,"2019/09/05 05:45:00",RUGBYR1,0
D,DISPATCH,UNIT_SCADA,1,"2019/09/05 05:45:00",SALTCRK1,5.03
D,DISPATCH,UNIT_SCADA,1,"2019/09/05 05:45:00",SAPHWF1,-1.237490
D,DISPATCH,UNIT_SCADA,1,"2019/09/05 05:45:00",SHGEN,0
D,DISPATCH,UNIT_SCADA,1,"2019/09/05 05:45:00",SHPUMP,0
D,DISPATCH,UNIT_SCADA,1,"2019/09/05 05:45:00",SITHE01,0.214140
D,DISPATCH,UNIT_SCADA,1,"2019/09/05 05:45:00",SMCSF1,0
D,DISPATCH,UNIT_SCADA,1,"2019/09/05 05:45:00",SNOWNTH1,0
D,DISPATCH,UNIT_SCADA,1,"2019/09/05 05:45:00",SNOWSTH1,0
D,DISPATCH,UNIT_SCADA,1,"2019/09/05 05:45:00",SNOWTWN1,-0.498140
D,DISPATCH,UNIT_SCADA,1,"2019/09/05 05:45:00",SNOWYP,0
D,DISPATCH,UNIT_SCADA,1,"2019/09/05 05:45:00",SNUG1,0.019440
D,DISPATCH,UNIT_SCADA,1,"2019/09/05 05:45:00",SRSF1,0
D,DISPATCH,UNIT_SCADA,1,"2019/09/05 05:45:00",STAN-1,281.222530
D,DISPATCH,UNIT_SCADA,1,"2019/09/05 05:45:00",STAN-2,255.715120
D,DISPATCH,UNIT_SCADA,1,"2019/09/05 05:45:00",STAN-3,255.804840
D,DISPATCH,UNIT_SCADA,1,"2019/09/05 05:45:00",STAN-4,258.778560
D,DISPATCH,UNIT_SCADA,1,"2019/09/05 05:45:00",STWF1,152.403760
D,DISPATCH,UNIT_SCADA,1,"2019/09/05 05:45:00",SWAN_E,0
D,DISPATCH,UNIT_SCADA,1,"2019/09/05 05:45:00",TALWA1,417
D,DISPATCH,UNIT_SCADA,1,"2019/09/05 05:45:00",TARALGA1,26.549990
D,DISPATCH,UNIT_SCADA,1,"2019/09/05 05:45:00",TARONG#1,324.600010
D,DISPATCH,UNIT_SCADA,1,"2019/09/05 05:45:00",TARONG#2,0
D,DISPATCH,UNIT_SCADA,1,"2019/09/05 05:45:00",TARONG#3,260.300020
D,DISPATCH,UNIT_SCADA,1,"2019/09/05 05:45:00",TARONG#4,325.899990
D,DISPATCH,UNIT_SCADA,1,"2019/09/05 05:45:00",TARRALEA,71
D,DISPATCH,UNIT_SCADA,1,"2019/09/05 05:45:00",TBSF1,-0.20
D,DISPATCH,UNIT_SCADA,1,"2019/09/05 05:45:00",TNPS1,379.600010
D,DISPATCH,UNIT_SCADA,1,"2019/09/05 05:45:00",TORRA1,72.518840
D,DISPATCH,UNIT_SCADA,1,"2019/09/05 05:45:00",TORRA2,0
D,DISPATCH,UNIT_SCADA,1,"2019/09/05 05:45:00",TORRA3,0
D,DISPATCH,UNIT_SCADA,1,"2019/09/05 05:45:00",TORRA4,67.0484
D,DISPATCH,UNIT_SCADA,1,"2019/09/05 05:45:00",TORRB1,100.58
D,DISPATCH,UNIT_SCADA,1,"2019/09/05 05:45:00",TORRB2,110.67
D,DISPATCH,UNIT_SCADA,1,"2019/09/05 05:45:00",TORRB3,111.72
D,DISPATCH,UNIT_SCADA,1,"2019/09/05 05:45:00",TORRB4,0
D,DISPATCH,UNIT_SCADA,1,"2019/09/05 05:45:00",TREVALLN,18.20
D,DISPATCH,UNIT_SCADA,1,"2019/09/05 05:45:00",TRIBUTE,0
D,DISPATCH,UNIT_SCADA,1,"2019/09/05 05:45:00",TUMUT3,0
D,DISPATCH,UNIT_SCADA,1,"2019/09/05 05:45:00",TUNGATIN,118.970030
D,DISPATCH,UNIT_SCADA,1,"2019/09/05 05:45:00",TVCC201,0
D,DISPATCH,UNIT_SCADA,1,"2019/09/05 05:45:00",TVPP104,0
D,DISPATCH,UNIT_SCADA,1,"2019/09/05 05:45:00",UPPTUMUT,98.953750
D,DISPATCH,UNIT_SCADA,1,"2019/09/05 05:45:00",URANQ11,0
D,DISPATCH,UNIT_SCADA,1,"2019/09/05 05:45:00",URANQ12,0
D,DISPATCH,UNIT_SCADA,1,"2019/09/05 05:45:00",URANQ13,0
D,DISPATCH,UNIT_SCADA,1,"2019/09/05 05:45:00",URANQ14,0
D,DISPATCH,UNIT_SCADA,1,"2019/09/05 05:45:00",VP5,630.75
D,DISPATCH,UNIT_SCADA,1,"2019/09/05 05:45:00",VP6,0
D,DISPATCH,UNIT_SCADA,1,"2019/09/05 05:45:00",VPGS1,0
D,DISPATCH,UNIT_SCADA,1,"2019/09/05 05:45:00",VPGS2,0
D,DISPATCH,UNIT_SCADA,1,"2019/09/05 05:45:00",VPGS3,0
D,DISPATCH,UNIT_SCADA,1,"2019/09/05 05:45:00",VPGS4,0
D,DISPATCH,UNIT_SCADA,1,"2019/09/05 05:45:00",VPGS5,0
D,DISPATCH,UNIT_SCADA,1,"2019/09/05 05:45:00",VPGS6,0
D,DISPATCH,UNIT_SCADA,1,"2019/09/05 05:45:00",W/HOE#1,0
D,DISPATCH,UNIT_SCADA,1,"2019/09/05 05:45:00",W/HOE#2,0
D,DISPATCH,UNIT_SCADA,1,"2019/09/05 05:45:00",WATERLWF,0.80
D,DISPATCH,UNIT_SCADA,1,"2019/09/05 05:45:00",WEMENSF1,0
D,DISPATCH,UNIT_SCADA,1,"2019/09/05 05:45:00",WGWF1,0
D,DISPATCH,UNIT_SCADA,1,"2019/09/05 05:45:00",WHITSF1,0
D,DISPATCH,UNIT_SCADA,1,"2019/09/05 05:45:00",WKIEWA1,26.10
D,DISPATCH,UNIT_SCADA,1,"2019/09/05 05:45:00",WKIEWA2,17.10
D,DISPATCH,UNIT_SCADA,1,"2019/09/05 05:45:00",WOODLWN1,0
D,DISPATCH,UNIT_SCADA,1,"2019/09/05 05:45:00",WRSF1,0
D,DISPATCH,UNIT_SCADA,1,"2019/09/05 05:45:00",WRWF1,0.5350
D,DISPATCH,UNIT_SCADA,1,"2019/09/05 05:45:00",YABULU,0
D,DISPATCH,UNIT_SCADA,1,"2019/09/05 05:45:00",YABULU2,0
D,DISPATCH,UNIT_SCADA,1,"2019/09/05 05:45:00",YARWUN_1,165.41
D,DISPATCH,UNIT_SCADA,1,"2019/09/05 05:45:00",YENDWF1,0.16
D,DISPATCH,UNIT_SCADA,1,"2019/09/05 05:45:00",YWPS1,380.200010
D,DISPATCH,UNIT_SCADA,1,"2019/09/05 05:45:00",YWPS2,280.949370
D,DISPATCH,UNIT_SCADA,1,"2019/09/05 05:45:00",YWPS3,320.151890
D,DISPATCH,UNIT_SCADA,1,"2019/09/05 05:45:00",YWPS4,385.358220
C,"END OF REPORT",335
