C,NEMP.WORLD,DISPATCHSCADA,AEMO,PUBLIC,2019/09/05,00:15:07,0000000312401712,DISPATCHSCADA,0000000312401706
I,DISPATCH,UNIT_SCADA,1,SETTLEMENTDATE,DUID,SCADAVALUE
D,DISPATCH,UNIT_SCADA,1,"2019/09/05 00:20:00",BARCSF1,0
D,DISPATCH,UNIT_SCADA,1,"2019/09/05 00:20:00",BUTLERSG,10.199999
D,DISPATCH,UNIT_SCADA,1,"2019/09/05 00:20:00",CALL_A_4,0
D,DISPATCH,UNIT_SCADA,1,"2019/09/05 00:20:00",CAPTL_WF,7.599998
D,DISPATCH,UNIT_SCADA,1,"2019/09/05 00:20:00",CATHROCK,0
D,DISPATCH,UNIT_SCADA,1,"2019/09/05 00:20:00",CHALLHWF,0
D,DISPATCH,UNIT_SCADA,1,"2019/09/05 00:20:00",CLOVER,-0.01
D,DISPATCH,UNIT_SCADA,1,"2019/09/05 00:20:00",CLUNY,10.053102
D,DISPATCH,UNIT_SCADA,1,"2019/09/05 00:20:00",CNUNDAWF,5.806774
D,DISPATCH,UNIT_SCADA,1,"2019/09/05 00:20:00",CULLRGWF,10.15
D,DISPATCH,UNIT_SCADA,1,"2019/09/05 00:20:00",ERGT01,0
D,DISPATCH,UNIT_SCADA,1,"2019/09/05 00:20:00",GB01,0.016193
D,DISPATCH,UNIT_SCADA,1,"2019/09/05 00:20:00",GERMCRK,38.900002
D,DISPATCH,UNIT_SCADA,1,"2019/09/05 00:20:00",GRIFSF1,0
D,DISPATCH,UNIT_SCADA,1,"2019/09/05 00:20:00",HUGSF1,-0.19
D,DISPATCH,UNIT_SCADA,1,"2019/09/05 00:20:00",LKBONNY1,11.788836
D,DISPATCH,UNIT_SCADA,1,"2019/09/05 00:20:00",LRSF1,-0.0310
D,DISPATCH,UNIT_SCADA,1,"2019/09/05 00:20:00",MBAHNTH,32.756248
D,DISPATCH,UNIT_SCADA,1,"2019/09/05 00:20:00",MLSP1,0.366001
D,DISPATCH,UNIT_SCADA,1,"2019/09/05 00:20:00",MLWF1,2.13
D,DISPATCH,UNIT_SCADA,1,"2019/09/05 00:20:00",MTMILLAR,6.987391
D,DISPATCH,UNIT_SCADA,1,"2019/09/05 00:20:00",PALOONA,16.33
D,DISPATCH,UNIT_SCADA,1,"2019/09/05 00:20:00",PIONEER,36.400002
D,DISPATCH,UNIT_SCADA,1,"2019/09/05 00:20:00",PORTWF,15.30
D,DISPATCH,UNIT_SCADA,1,"2019/09/05 00:20:00",REPULSE,19.754330
D,DISPATCH,UNIT_SCADA,1,"2019/09/05 00:20:00",ROWALLAN,10.4157
D,DISPATCH,UNIT_SCADA,1,"2019/09/05 00:20:00",ROYALLA1,0
D,DISPATCH,UNIT_SCADA,1,"2019/09/05 00:20:00",RPCG,14.70
D,DISPATCH,UNIT_SCADA,1,"2019/09/05 00:20:00",RUBICON,0
D,DISPATCH,UNIT_SCADA,1,"2019/09/05 00:20:00",SATGN1,0
D,DISPATCH,UNIT_SCADA,1,"2019/09/05 00:20:00",SATGS1,0
D,DISPATCH,UNIT_SCADA,1,"2019/09/05 00:20:00",STARHLWF,-0.099971
D,DISPATCH,UNIT_SCADA,1,"2019/09/05 00:20:00",WAUBRAWF,0
D,DISPATCH,UNIT_SCADA,1,"2019/09/05 00:20:00",WOOLNTH1,7.560016
D,DISPATCH,UNIT_SCADA,1,"2019/09/05 00:20:00",WPWF,0
D,DISPATCH,UNIT_SCADA,1,"2019/09/05 00:20:00",YAMBUKWF,2.60
D,DISPATCH,UNIT_SCADA,1,"2019/09/05 00:20:00",YSWF1,0
D,DISPATCH,UNIT_SCADA,1,"2019/09/05 00:20:00",AGLHAL,0
D,DISPATCH,UNIT_SCADA,1,"2019/09/05 00:20:00",AGLSOM,82.70
D,DISPATCH,UNIT_SCADA,1,"2019/09/05 00:20:00",ANGAST1,0
D,DISPATCH,UNIT_SCADA,1,"2019/09/05 00:20:00",ARWF1,-0.60
D,DISPATCH,UNIT_SCADA,1,"2019/09/05 00:20:00",BALBG1,0
D,DISPATCH,UNIT_SCADA,1,"2019/09/05 00:20:00",BALBL1,0
D,DISPATCH,UNIT_SCADA,1,"2019/09/05 00:20:00",BALDHWF1,0
D,DISPATCH,UNIT_SCADA,1,"2019/09/05 00:20:00",BANN1,0
D,DISPATCH,UNIT_SCADA,1,"2019/09/05 00:20:00",BARCALDN,0
D,DISPATCH,UNIT_SCADA,1,"2019/09/05 00:20:00",BARRON-1,0
D,DISPATCH,UNIT_SCADA,1,"2019/09/05 00:20:00",BARRON-2,0
D,DISPATCH,UNIT_SCADA,1,"2019/09/05 00:20:00",BASTYAN,80.530010
D,DISPATCH,UNIT_SCADA,1,"2019/09/05 00:20:00",BBTHREE1,0
D,DISPATCH,UNIT_SCADA,1,"2019/09/05 00:20:00",BBTHREE2,0
D,DISPATCH,UNIT_SCADA,1,"2019/09/05 00:20:00",BBTHREE3,0
D,DISPATCH,UNIT_SCADA,1,"2019/09/05 00:20:00",BDL01,44.28
D,DISPATCH,UNIT_SCADA,1,"2019/09/05 00:20:00",BDL02,43.98
D,DISPATCH,UNIT_SCADA,1,"2019/09/05 00:20:00",BERYLSF1,0
D,DISPATCH,UNIT_SCADA,1,"2019/09/05 00:20:00",BLOWERNG,11.10
D,DISPATCH,UNIT_SCADA,1,"2019/09/05 00:20:00",BLUFF1,6.10
D,DISPATCH,UNIT_SCADA,1,"2019/09/05 00:20:00",BNGSF1,0
D,DISPATCH,UNIT_SCADA,1,"2019/09/05 00:20:00",BNGSF2,0
D,DISPATCH,UNIT_SCADA,1,"2019/09/05 00:20:00",BOCORWF1,0
D,DISPATCH,UNIT_SCADA,1,"2019/09/05 00:20:00",BODWF1,26.589340
D,DISPATCH,UNIT_SCADA,1,"2019/09/05 00:20:00",BRAEMAR1,0
D,DISPATCH,UNIT_SCADA,1,"2019/09/05 00:20:00",BRAEMAR2,0
D,DISPATCH,UNIT_SCADA,1,"2019/09/05 00:20:00",BRAEMAR3,0
D,DISPATCH,UNIT_SCADA,1,"2019/09/05 00:20:00",BRAEMAR5,0
D,DISPATCH,UNIT_SCADA,1,"2019/09/05 00:20:00",BRAEMAR6,0
D,DISPATCH,UNIT_SCADA,1,"2019/09/05 00:20:00",BRAEMAR7,0
D,DISPATCH,UNIT_SCADA,1,"2019/09/05 00:20:00",BROKENH1,0
D,DISPATCH,UNIT_SCADA,1,"2019/09/05 00:20:00",BW01,522.700070
D,DISPATCH,UNIT_SCADA,1,"2019/09/05 00:20:00",BW02,579.3750
D,DISPATCH,UNIT_SCADA,1,"2019/09/05 00:20:00",BW03,608.474980
D,DISPATCH,UNIT_SCADA,1,"2019/09/05 00:20:00",BW04,0
D,DISPATCH,UNIT_SCADA,1,"2019/09/05 00:20:00",CALL_B_1,349.300020
D,DISPATCH,UNIT_SCADA,1,"2019/09/05 00:20:00",CALL_B_2,350
D,DISPATCH,UNIT_SCADA,1,"2019/09/05 00:20:00",CETHANA,80.281880
D,DISPATCH,UNIT_SCADA,1,"2019/09/05 00:20:00",CG1,0
D,DISPATCH,UNIT_SCADA,1,"2019/09/05 00:20:00",CG2,0
D,DISPATCH,UNIT_SCADA,1,"2019/09/05 00:20:00",CG3,0
D,DISPATCH,UNIT_SCADA,1,"2019/09/05 00:20:00",CG4,0
D,DISPATCH,UNIT_SCADA,1,"2019/09/05 00:20:00",CHILDSF1,0
D,DISPATCH,UNIT_SCADA,1,"2019/09/05 00:20:00",CLARESF1,0
D,DISPATCH,UNIT_SCADA,1,"2019/09/05 00:20:00",CLEMGPWF,8.572170
D,DISPATCH,UNIT_SCADA,1,"2019/09/05 00:20:00",CLERMSF1,0
D,DISPATCH,UNIT_SCADA,1,"2019/09/05 00:20:00",COLEASF1,0
D,DISPATCH,UNIT_SCADA,1,"2019/09/05 00:20:00",COOPGWF1,13.130830
D,DISPATCH,UNIT_SCADA,1,"2019/09/05 00:20:00",CPP_3,406.725010
D,DISPATCH,UNIT_SCADA,1,"2019/09/05 00:20:00",CPP_4,407
D,DISPATCH,UNIT_SCADA,1,"2019/09/05 00:20:00",CPSA,143.226880
D,DISPATCH,UNIT_SCADA,1,"2019/09/05 00:20:00",CROOKWF2,46.943750
D,DISPATCH,UNIT_SCADA,1,"2019/09/05 00:20:00",CROWLWF1,-0.234910
D,DISPATCH,UNIT_SCADA,1,"2019/09/05 00:20:00",CSPVPS1,0
D,DISPATCH,UNIT_SCADA,1,"2019/09/05 00:20:00",DALNTH01,0
D,DISPATCH,UNIT_SCADA,1,"2019/09/05 00:20:00",DALNTHL1,0.071720
D,DISPATCH,UNIT_SCADA,1,"2019/09/05 00:20:00",DARTM1,133.80
D,DISPATCH,UNIT_SCADA,1,"2019/09/05 00:20:00",DAYDSF1,0
D,DISPATCH,UNIT_SCADA,1,"2019/09/05 00:20:00",DDPS1,254.662170
D,DISPATCH,UNIT_SCADA,1,"2019/09/05 00:20:00",DDSF1,0
D,DISPATCH,UNIT_SCADA,1,"2019/09/05 00:20:00",DEVILS_G,56.373790
D,DISPATCH,UNIT_SCADA,1,"2019/09/05 00:20:00",DG_NSW1,0
D,DISPATCH,UNIT_SCADA,1,"2019/09/05 00:20:00",DG_QLD1,0
D,DISPATCH,UNIT_SCADA,1,"2019/09/05 00:20:00",DG_SA1,0
D,DISPATCH,UNIT_SCADA,1,"2019/09/05 00:20:00",DG_TAS1,0
D,DISPATCH,UNIT_SCADA,1,"2019/09/05 00:20:00",DG_VIC1,0
D,DISPATCH,UNIT_SCADA,1,"2019/09/05 00:20:00",DRYCGT1,0
D,DISPATCH,UNIT_SCADA,1,"2019/09/05 00:20:00",DRYCGT2,0
D,DISPATCH,UNIT_SCADA,1,"2019/09/05 00:20:00",DRYCGT3,0
D,DISPATCH,UNIT_SCADA,1,"2019/09/05 00:20:00",EILDON1,0
D,DISPATCH,UNIT_SCADA,1,"2019/09/05 00:20:00",EILDON2,0
D,DISPATCH,UNIT_SCADA,1,"2019/09/05 00:20:00",EMERASF1,0
D,DISPATCH,UNIT_SCADA,1,"2019/09/05 00:20:00",ER01,577.200070
D,DISPATCH,UNIT_SCADA,1,"2019/09/05 00:20:00",ER02,685.949950
D,DISPATCH,UNIT_SCADA,1,"2019/09/05 00:20:00",ER03,0
D,DISPATCH,UNIT_SCADA,1,"2019/09/05 00:20:00",ER04,684
D,DISPATCH,UNIT_SCADA,1,"2019/09/05 00:20:00",FINLYSF1,0
D,DISPATCH,UNIT_SCADA,1,"2019/09/05 00:20:00",FISHER,45.87
D,DISPATCH,UNIT_SCADA,1,"2019/09/05 00:20:00",GANNBG1,0
D,DISPATCH,UNIT_SCADA,1,"2019/09/05 00:20:00",GANNBL1,0.032660
D,DISPATCH,UNIT_SCADA,1,"2019/09/05 00:20:00",GANNSF1,0
D,DISPATCH,UNIT_SCADA,1,"2019/09/05 00:20:00",GORDON,0
D,DISPATCH,UNIT_SCADA,1,"2019/09/05 00:20:00",GSTONE1,199.849990
D,DISPATCH,UNIT_SCADA,1,"2019/09/05 00:20:00",GSTONE2,200.024990
D,DISPATCH,UNIT_SCADA,1,"2019/09/05 00:20:00",GSTONE3,0
D,DISPATCH,UNIT_SCADA,1,"2019/09/05 00:20:00",GSTONE4,199.3250
D,DISPATCH,UNIT_SCADA,1,"2019/09/05 00:20:00",GSTONE5,199.849990
D,DISPATCH,UNIT_SCADA,1,"2019/09/05 00:20:00",GSTONE6,199.3250
D,DISPATCH,UNIT_SCADA,1,"2019/09/05 00:20:00",GULLRSF1,0
D,DISPATCH,UNIT_SCADA,1,"2019/09/05 00:20:00",GULLRWF1,97.307740
D,DISPATCH,UNIT_SCADA,1,"2019/09/05 00:20:00",GUNNING1,20.832080
D,DISPATCH,UNIT_SCADA,1,"2019/09/05 00:20:00",GUTHEGA,0
D,DISPATCH,UNIT_SCADA,1,"2019/09/05 00:20:00",HALLWF1,24.64
D,DISPATCH,UNIT_SCADA,1,"2019/09/05 00:20:00",HALLWF2,8.78
D,DISPATCH,UNIT_SCADA,1,"2019/09/05 00:20:00",HAMISF1,0
D,DISPATCH,UNIT_SCADA,1,"2019/09/05 00:20:00",HAUGHT11,0
D,DISPATCH,UNIT_SCADA,1,"2019/09/05 00:20:00",HAYMSF1,0
D,DISPATCH,UNIT_SCADA,1,"2019/09/05 00:20:00",HDWF1,79.40
D,DISPATCH,UNIT_SCADA,1,"2019/09/05 00:20:00",HDWF2,77.10
D,DISPATCH,UNIT_SCADA,1,"2019/09/05 00:20:00",HDWF3,72.20
D,DISPATCH,UNIT_SCADA,1,"2019/09/05 00:20:00",HPRG1,10
D,DISPATCH,UNIT_SCADA,1,"2019/09/05 00:20:00",HPRL1,0
D,DISPATCH,UNIT_SCADA,1,"2019/09/05 00:20:00",HUMENSW,0
D,DISPATCH,UNIT_SCADA,1,"2019/09/05 00:20:00",HUMEV,25.50
D,DISPATCH,UNIT_SCADA,1,"2019/09/05 00:20:00",HVGTS,0
D,DISPATCH,UNIT_SCADA,1,"2019/09/05 00:20:00",JBUTTERS,10.26
D,DISPATCH,UNIT_SCADA,1,"2019/09/05 00:20:00",JLA01,0.10
D,DISPATCH,UNIT_SCADA,1,"2019/09/05 00:20:00",JLA02,0
D,DISPATCH,UNIT_SCADA,1,"2019/09/05 00:20:00",JLA03,0
D,DISPATCH,UNIT_SCADA,1,"2019/09/05 00:20:00",JLA04,0
D,DISPATCH,UNIT_SCADA,1,"2019/09/05 00:20:00",JLB01,0
D,DISPATCH,UNIT_SCADA,1,"2019/09/05 00:20:00",JLB02,0.10
D,DISPATCH,UNIT_SCADA,1,"2019/09/05 00:20:00",JLB03,0
D,DISPATCH,UNIT_SCADA,1,"2019/09/05 00:20:00",KAREEYA1,21.5575
D,DISPATCH,UNIT_SCADA,1,"2019/09/05 00:20:00",KAREEYA2,21.9525
D,DISPATCH,UNIT_SCADA,1,"2019/09/05 00:20:00",KAREEYA3,0
D,DISPATCH,UNIT_SCADA,1,"2019/09/05 00:20:00",KAREEYA4,21.6025
D,DISPATCH,UNIT_SCADA,1,"2019/09/05 00:20:00",KARSF1,0
D,DISPATCH,UNIT_SCADA,1,"2019/09/05 00:20:00",KIATAWF1,0.40
D,DISPATCH,UNIT_SCADA,1,"2019/09/05 00:20:00",KPP_1,0
D,DISPATCH,UNIT_SCADA,1,"2019/09/05 00:20:00",KSP1,0
D,DISPATCH,UNIT_SCADA,1,"2019/09/05 00:20:00",LADBROK1,0
D,DISPATCH,UNIT_SCADA,1,"2019/09/05 00:20:00",LADBROK2,0
D,DISPATCH,UNIT_SCADA,1,"2019/09/05 00:20:00",LD01,421.368710
D,DISPATCH,UNIT_SCADA,1,"2019/09/05 00:20:00",LD02,399.862520
D,DISPATCH,UNIT_SCADA,1,"2019/09/05 00:20:00",LD03,420.281280
D,DISPATCH,UNIT_SCADA,1,"2019/09/05 00:20:00",LD04,379.050020
D,DISPATCH,UNIT_SCADA,1,"2019/09/05 00:20:00",LEM_WIL,81.960650
D,DISPATCH,UNIT_SCADA,1,"2019/09/05 00:20:00",LGAPWF1,20.36
D,DISPATCH,UNIT_SCADA,1,"2019/09/05 00:20:00",LILYSF1,0
D,DISPATCH,UNIT_SCADA,1,"2019/09/05 00:20:00",LI_WY_CA,164.507570
D,DISPATCH,UNIT_SCADA,1,"2019/09/05 00:20:00",LKBONNY2,25.944140
D,DISPATCH,UNIT_SCADA,1,"2019/09/05 00:20:00",LKBONNY3,7.0894
D,DISPATCH,UNIT_SCADA,1,"2019/09/05 00:20:00",LK_ECHO,0
D,DISPATCH,UNIT_SCADA,1,"2019/09/05 00:20:00",LNGS1,0
D,DISPATCH,UNIT_SCADA,1,"2019/09/05 00:20:00",LNGS2,0
D,DISPATCH,UNIT_SCADA,1,"2019/09/05 00:20:00",LONSDALE,0
D,DISPATCH,UNIT_SCADA,1,"2019/09/05 00:20:00",LOYYB1,535.712650
D,DISPATCH,UNIT_SCADA,1,"2019/09/05 00:20:00",LOYYB2,581.954410
D,DISPATCH,UNIT_SCADA,1,"2019/09/05 00:20:00",LYA1,0
D,DISPATCH,UNIT_SCADA,1,"2019/09/05 00:20:00",LYA2,0
D,DISPATCH,UNIT_SCADA,1,"2019/09/05 00:20:00",LYA3,558
D,DISPATCH,UNIT_SCADA,1,"2019/09/05 00:20:00",LYA4,538
D,DISPATCH,UNIT_SCADA,1,"2019/09/05 00:20:00",MACARTH1,27.599360
D,DISPATCH,UNIT_SCADA,1,"2019/09/05 00:20:00",MACKAYGT,0.2240
D,DISPATCH,UNIT_SCADA,1,"2019/09/05 00:20:00",MACKNTSH,89.05
D,DISPATCH,UNIT_SCADA,1,"2019/09/05 00:20:00",MANSLR1,0
D,DISPATCH,UNIT_SCADA,1,"2019/09/05 00:20:00",MCKAY1,0.0750
D,DISPATCH,UNIT_SCADA,1,"2019/09/05 00:20:00",MEADOWBK,24.778860
D,DISPATCH,UNIT_SCADA,1,"2019/09/05 00:20:00",MERCER01,1.7920
D,DISPATCH,UNIT_SCADA,1,"2019/09/05 00:20:00",MEWF1,81.2032
D,DISPATCH,UNIT_SCADA,1,"2019/09/05 00:20:00",MINTARO,0
D,DISPATCH,UNIT_SCADA,1,"2019/09/05 00:20:00",MOREESF1,0
D,DISPATCH,UNIT_SCADA,1,"2019/09/05 00:20:00",MORTLK11,259
D,DISPATCH,UNIT_SCADA,1,"2019/09/05 00:20:00",MORTLK12,0
D,DISPATCH,UNIT_SCADA,1,"2019/09/05 00:20:00",MP1,218.6250
D,DISPATCH,UNIT_SCADA,1,"2019/09/05 00:20:00",MP2,0
D,DISPATCH,UNIT_SCADA,1,"2019/09/05 00:20:00",MPP_1,399.50
D,DISPATCH,UNIT_SCADA,1,"2019/09/05 00:20:00",MPP_2,434.75
D,DISPATCH,UNIT_SCADA,1,"2019/09/05 00:20:00",MSTUART1,0
D,DISPATCH,UNIT_SCADA,1,"2019/09/05 00:20:00",MSTUART2,0
D,DISPATCH,UNIT_SCADA,1,"2019/09/05 00:20:00",MSTUART3,0
D,DISPATCH,UNIT_SCADA,1,"2019/09/05 00:20:00",MTGELWF1,-0.366220
D,DISPATCH,UNIT_SCADA,1,"2019/09/05 00:20:00",MURRAY,371.790010
D,DISPATCH,UNIT_SCADA,1,"2019/09/05 00:20:00",MUSSELR1,35.80
D,DISPATCH,UNIT_SCADA,1,"2019/09/05 00:20:00",MUWAWF1,4.41
D,DISPATCH,UNIT_SCADA,1,"2019/09/05 00:20:00",NBHWF1,84.30
D,DISPATCH,UNIT_SCADA,1,"2019/09/05 00:20:00",NPS,301.1250
D,DISPATCH,UNIT_SCADA,1,"2019/09/05 00:20:00",NUMURSF1,0
D,DISPATCH,UNIT_SCADA,1,"2019/09/05 00:20:00",NYNGAN1,0
D,DISPATCH,UNIT_SCADA,1,"2019/09/05 00:20:00",OAKEY1,0
D,DISPATCH,UNIT_SCADA,1,"2019/09/05 00:20:00",OAKEY1SF,0
D,DISPATCH,UNIT_SCADA,1,"2019/09/05 00:20:00",OAKEY2,0
D,DISPATCH,UNIT_SCADA,1,"2019/09/05 00:20:00",OAKEY2SF,0
D,DISPATCH,UNIT_SCADA,1,"2019/09/05 00:20:00",OAKLAND1,-0.30
D,DISPATCH,UNIT_SCADA,1,"2019/09/05 00:20:00",OSB-AG,179.87
D,DISPATCH,UNIT_SCADA,1,"2019/09/05 00:20:00",PARSF1,0
D,DISPATCH,UNIT_SCADA,1,"2019/09/05 00:20:00",POAT110,0
D,DISPATCH,UNIT_SCADA,1,"2019/09/05 00:20:00",POAT220,1.39
D,DISPATCH,UNIT_SCADA,1,"2019/09/05 00:20:00",POR01,0
D,DISPATCH,UNIT_SCADA,1,"2019/09/05 00:20:00",POR03,0
D,DISPATCH,UNIT_SCADA,1,"2019/09/05 00:20:00",PPCCGT,482.931490
D,DISPATCH,UNIT_SCADA,1,"2019/09/05 00:20:00",PTSTAN1,0
D,DISPATCH,UNIT_SCADA,1,"2019/09/05 00:20:00",PUMP1,0
D,DISPATCH,UNIT_SCADA,1,"2019/09/05 00:20:00",PUMP2,0
D,DISPATCH,UNIT_SCADA,1,"2019/09/05 00:20:00",QPS1,29
D,DISPATCH,UNIT_SCADA,1,"2019/09/05 00:20:00",QPS2,0
D,DISPATCH,UNIT_SCADA,1,"2019/09/05 00:20:00",QPS3,0
D,DISPATCH,UNIT_SCADA,1,"2019/09/05 00:20:00",QPS4,0
D,DISPATCH,UNIT_SCADA,1,"2019/09/05 00:20:00",QPS5,0
D,DISPATCH,UNIT_SCADA,1,"2019/09/05 00:20:00",REECE1,100.930010
D,DISPATCH,UNIT_SCADA,1,"2019/09/05 00:20:00",REECE2,101.080010
D,DISPATCH,UNIT_SCADA,1,"2019/09/05 00:20:00",ROMA_7,0
D,DISPATCH,UNIT_SCADA,1,"2019/09/05 00:20:00",ROMA_8,0
D,DISPATCH,UNIT_SCADA,1,"2019/09/05 00:20:00",RRSF1,0
D,DISPATCH,UNIT_SCADA,1,"2019/09/05 00:20:00",RT_NSW1,0
D,DISPATCH,UNIT_SCADA,1,"2019/09/05 00:20:00",RT_NSW2,0
D,DISPATCH,UNIT_SCADA,1,"2019/09/05 00:20:00",RT_NSW3,0
D,DISPATCH,UNIT_SCADA,1,"2019/09/05 00:20:00",RT_NSW4,0
D,DISPATCH,UNIT_SCADA,1,"2019/09/05 00:20:00",RT_NSW5,0
D,DISPATCH,UNIT_SCADA,1,"2019/09/05 00:20:00",RT_NSW6,0
D,DISPATCH,UNIT_SCADA,1,"2019/09/05 00:20:00",RT_QLD1,0
D,DISPATCH,UNIT_SCADA,1,"2019/09/05 00:20:00",RT_SA1,0
D,DISPATCH,UNIT_SCADA,1,"2019/09/05 00:20:00",RT_SA2,0
D,DISPATCH,UNIT_SCADA,1,"2019/09/05 00:20:00",RT_SA3,0
D,DISPATCH,UNIT_SCADA,1,"2019/09/05 00:20:00",RT_SA4,0
D,DISPATCH,UNIT_SCADA,1,"2019/09/05 00:20:00",RT_SA5,0
D,DISPATCH,UNIT_SCADA,1,"2019/09/05 00:20:00",RT_SA6,0
D,DISPATCH,UNIT_SCADA,1,"2019/09/05 00:20:00",RT_TAS1,0
D,DISPATCH,UNIT_SCADA,1,"2019/09/05 00:20:00",RT_VIC1,0
D,DISPATCH,UNIT_SCADA,1,"2019/09/05 00:20:00",RT_VIC10,0
D,DISPATCH,UNIT_SCADA,1,"2019/09/05 00:20:00",RT_VIC11,0
D,DISPATCH,UNIT_SCADA,1,"2019/09/05 00:20:00",RT_VIC12,0
D,DISPATCH,UNIT_SCADA,1,"2019/09/05 00:20:00",RT_VIC2,0
D,DISPATCH,UNIT_SCADA,1,"2019/09/05 00:20:00",RT_VIC3,0
D,DISPATCH,UNIT_SCADA,1,"2019/09/05 00:20:00",RT_VIC4,0
D,DISPATCH,UNIT_SCADA,1,"2019/09/05 00:20:00",RT_VIC5,0
D,DISPATCH,UNIT_SCADA,1,"2019/09/05 00:20:00",RT_VIC6,0
D,DISPATCH,UNIT_SCADA,1,"2019/09/05 00:20:00",RT_VIC7,0
D,DISPATCH,UNIT_SCADA,1,"2019/09/05 00:20:00",RT_VIC8,0
D,DISPATCH,UNIT_SCADA,1,"2019/09/05 00:20:00",RT_VIC9,0
D,DISPATCH,UNIT_SCADA,1,"2019/09/05 00:20:00",RUGBYR1,0
D,DISPATCH,UNIT_SCADA,1,"2019/09/05 00:20:00",SALTCRK1,3.14
D,DISPATCH,UNIT_SCADA,1,"2019/09/05 00:20:00",SAPHWF1,43.537510
D,DISPATCH,UNIT_SCADA,1,"2019/09/05 00:20:00",SHGEN,0
D,DISPATCH,UNIT_SCADA,1,"2019/09/05 00:20:00",SHPUMP,157.670560
D,DISPATCH,UNIT_SCADA,1,"2019/09/05 00:20:00",SITHE01,0.1840
D,DISPATCH,UNIT_SCADA,1,"2019/09/05 00:20:00",SMCSF1,0
D,DISPATCH,UNIT_SCADA,1,"2019/09/05 00:20:00",SNOWNTH1,3
D,DISPATCH,UNIT_SCADA,1,"2019/09/05 00:20:00",SNOWSTH1,26.40
D,DISPATCH,UNIT_SCADA,1,"2019/09/05 00:20:00",SNOWTWN1,11.9338
D,DISPATCH,UNIT_SCADA,1,"2019/09/05 00:20:00",SNOWYP,0
D,DISPATCH,UNIT_SCADA,1,"2019/09/05 00:20:00",SNUG1,0.019440
D,DISPATCH,UNIT_SCADA,1,"2019/09/05 00:20:00",SRSF1,0
D,DISPATCH,UNIT_SCADA,1,"2019/09/05 00:20:00",STAN-1,220.786610
D,DISPATCH,UNIT_SCADA,1,"2019/09/05 00:20:00",STAN-2,257.906950
D,DISPATCH,UNIT_SCADA,1,"2019/09/05 00:20:00",STAN-3,258.483760
D,DISPATCH,UNIT_SCADA,1,"2019/09/05 00:20:00",STAN-4,257.458340
D,DISPATCH,UNIT_SCADA,1,"2019/09/05 00:20:00",STWF1,170.4825
D,DISPATCH,UNIT_SCADA,1,"2019/09/05 00:20:00",SWAN_E,0
D,DISPATCH,UNIT_SCADA,1,"2019/09/05 00:20:00",TALWA1,408
D,DISPATCH,UNIT_SCADA,1,"2019/09/05 00:20:00",TARALGA1,81.723740
D,DISPATCH,UNIT_SCADA,1,"2019/09/05 00:20:00",TARONG#1,350.300020
D,DISPATCH,UNIT_SCADA,1,"2019/09/05 00:20:00",TARONG#2,0
D,DISPATCH,UNIT_SCADA,1,"2019/09/05 00:20:00",TARONG#3,260.700010
D,DISPATCH,UNIT_SCADA,1,"2019/09/05 00:20:00",TARONG#4,300.899990
D,DISPATCH,UNIT_SCADA,1,"2019/09/05 00:20:00",TARRALEA,71.30
D,DISPATCH,UNIT_SCADA,1,"2019/09/05 00:20:00",TBSF1,-0.20
D,DISPATCH,UNIT_SCADA,1,"2019/09/05 00:20:00",TNPS1,379.600010
D,DISPATCH,UNIT_SCADA,1,"2019/09/05 00:20:00",TORRA1,69.5770
D,DISPATCH,UNIT_SCADA,1,"2019/09/05 00:20:00",TORRA2,0
D,DISPATCH,UNIT_SCADA,1,"2019/09/05 00:20:00",TORRA3,0
D,DISPATCH,UNIT_SCADA,1,"2019/09/05 00:20:00",TORRA4,66.628180
D,DISPATCH,UNIT_SCADA,1,"2019/09/05 00:20:00",TORRB1,91.13
D,DISPATCH,UNIT_SCADA,1,"2019/09/05 00:20:00",TORRB2,91.55
D,DISPATCH,UNIT_SCADA,1,"2019/09/05 00:20:00",TORRB3,92.74
D,DISPATCH,UNIT_SCADA,1,"2019/09/05 00:20:00",TORRB4,0
D,DISPATCH,UNIT_SCADA,1,"2019/09/05 00:20:00",TREVALLN,18.30
D,DISPATCH,UNIT_SCADA,1,"2019/09/05 00:20:00",TRIBUTE,0
D,DISPATCH,UNIT_SCADA,1,"2019/09/05 00:20:00",TUMUT3,0
D,DISPATCH,UNIT_SCADA,1,"2019/09/05 00:20:00",TUNGATIN,117.080030
D,DISPATCH,UNIT_SCADA,1,"2019/09/05 00:20:00",TVCC201,0
D,DISPATCH,UNIT_SCADA,1,"2019/09/05 00:20:00",TVPP104,0
D,DISPATCH,UNIT_SCADA,1,"2019/09/05 00:20:00",UPPTUMUT,0
D,DISPATCH,UNIT_SCADA,1,"2019/09/05 00:20:00",URANQ11,0
D,DISPATCH,UNIT_SCADA,1,"2019/09/05 00:20:00",URANQ12,0
D,DISPATCH,UNIT_SCADA,1,"2019/09/05 00:20:00",URANQ13,0
D,DISPATCH,UNIT_SCADA,1,"2019/09/05 00:20:00",URANQ14,0
D,DISPATCH,UNIT_SCADA,1,"2019/09/05 00:20:00",VP5,627.274960
D,DISPATCH,UNIT_SCADA,1,"2019/09/05 00:20:00",VP6,0
D,DISPATCH,UNIT_SCADA,1,"2019/09/05 00:20:00",VPGS1,0
D,DISPATCH,UNIT_SCADA,1,"2019/09/05 00:20:00",VPGS2,0
D,DISPATCH,UNIT_SCADA,1,"2019/09/05 00:20:00",VPGS3,0
D,DISPATCH,UNIT_SCADA,1,"2019/09/05 00:20:00",VPGS4,0
D,DISPATCH,UNIT_SCADA,1,"2019/09/05 00:20:00",VPGS5,0
D,DISPATCH,UNIT_SCADA,1,"2019/09/05 00:20:00",VPGS6,0
D,DISPATCH,UNIT_SCADA,1,"2019/09/05 00:20:00",W/HOE#1,0
D,DISPATCH,UNIT_SCADA,1,"2019/09/05 00:20:00",W/HOE#2,0
D,DISPATCH,UNIT_SCADA,1,"2019/09/05 00:20:00",WATERLWF,-0.90
D,DISPATCH,UNIT_SCADA,1,"2019/09/05 00:20:00",WEMENSF1,0
D,DISPATCH,UNIT_SCADA,1,"2019/09/05 00:20:00",WGWF1,24.40
D,DISPATCH,UNIT_SCADA,1,"2019/09/05 00:20:00",WHITSF1,0
D,DISPATCH,UNIT_SCADA,1,"2019/09/05 00:20:00",WKIEWA1,14.10
D,DISPATCH,UNIT_SCADA,1,"2019/09/05 00:20:00",WKIEWA2,14.20
D,DISPATCH,UNIT_SCADA,1,"2019/09/05 00:20:00",WOODLWN1,9.6030
D,DISPATCH,UNIT_SCADA,1,"2019/09/05 00:20:00",WRSF1,0
D,DISPATCH,UNIT_SCADA,1,"2019/09/05 00:20:00",WRWF1,40.222490
D,DISPATCH,UNIT_SCADA,1,"2019/09/05 00:20:00",YABULU,0
D,DISPATCH,UNIT_SCADA,1,"2019/09/05 00:20:00",YABULU2,0
D,DISPATCH,UNIT_SCADA,1,"2019/09/05 00:20:00",YARWUN_1,160.41
D,DISPATCH,UNIT_SCADA,1,"2019/09/05 00:20:00",YENDWF1,0.06
D,DISPATCH,UNIT_SCADA,1,"2019/09/05 00:20:00",YWPS1,380.701260
D,DISPATCH,UNIT_SCADA,1,"2019/09/05 00:20:00",YWPS2,279.946840
D,DISPATCH,UNIT_SCADA,1,"2019/09/05 00:20:00",YWPS3,249.582280
D,DISPATCH,UNIT_SCADA,1,"2019/09/05 00:20:00",YWPS4,386.205080
C,"END OF REPORT",335
