C,NEMP.WORLD,DISPATCHSCADA,AEMO,PUBLIC,2019/08/21,16:40:07,0000000311833359,DISPATCHSCADA,0000000311833353
I,DISPATCH,UNIT_SCADA,1,SETTLEMENTDATE,DUID,SCADAVALUE
D,DISPATCH,UNIT_SCADA,1,"2019/08/21 16:45:00",BARCSF1,17.799999
D,DISPATCH,UNIT_SCADA,1,"2019/08/21 16:45:00",BUTLERSG,9.599998
D,DISPATCH,UNIT_SCADA,1,"2019/08/21 16:45:00",CALL_A_4,0
D,DISPATCH,UNIT_SCADA,1,"2019/08/21 16:45:00",CAPTL_WF,135.128006
D,DISPATCH,UNIT_SCADA,1,"2019/08/21 16:45:00",CATHROCK,23.249998
D,DISPATCH,UNIT_SCADA,1,"2019/08/21 16:45:00",CHALLHWF,26.10
D,DISPATCH,UNIT_SCADA,1,"2019/08/21 16:45:00",CLOVER,-0.01
D,DISPATCH,UNIT_SCADA,1,"2019/08/21 16:45:00",CLUNY,20.140535
D,DISPATCH,UNIT_SCADA,1,"2019/08/21 16:45:00",CNUNDAWF,40.647415
D,DISPATCH,UNIT_SCADA,1,"2019/08/21 16:45:00",CULLRGWF,30.52
D,DISPATCH,UNIT_SCADA,1,"2019/08/21 16:45:00",ERGT01,0
D,DISPATCH,UNIT_SCADA,1,"2019/08/21 16:45:00",GB01,0.072556
D,DISPATCH,UNIT_SCADA,1,"2019/08/21 16:45:00",GERMCRK,32.400002
D,DISPATCH,UNIT_SCADA,1,"2019/08/21 16:45:00",GRIFSF1,14.199997
D,DISPATCH,UNIT_SCADA,1,"2019/08/21 16:45:00",HUGSF1,8.818001
D,DISPATCH,UNIT_SCADA,1,"2019/08/21 16:45:00",LKBONNY1,71.715416
D,DISPATCH,UNIT_SCADA,1,"2019/08/21 16:45:00",LRSF1,12.113001
D,DISPATCH,UNIT_SCADA,1,"2019/08/21 16:45:00",MBAHNTH,55.856247
D,DISPATCH,UNIT_SCADA,1,"2019/08/21 16:45:00",MLSP1,1.901001
D,DISPATCH,UNIT_SCADA,1,"2019/08/21 16:45:00",MLWF1,19.514999
D,DISPATCH,UNIT_SCADA,1,"2019/08/21 16:45:00",MTMILLAR,6.972509
D,DISPATCH,UNIT_SCADA,1,"2019/08/21 16:45:00",PALOONA,24.639999
D,DISPATCH,UNIT_SCADA,1,"2019/08/21 16:45:00",PIONEER,31.200001
D,DISPATCH,UNIT_SCADA,1,"2019/08/21 16:45:00",PORTWF,139.600006
D,DISPATCH,UNIT_SCADA,1,"2019/08/21 16:45:00",REPULSE,28.657053
D,DISPATCH,UNIT_SCADA,1,"2019/08/21 16:45:00",ROWALLAN,10.2311
D,DISPATCH,UNIT_SCADA,1,"2019/08/21 16:45:00",ROYALLA1,2.6230
D,DISPATCH,UNIT_SCADA,1,"2019/08/21 16:45:00",RPCG,11.60
D,DISPATCH,UNIT_SCADA,1,"2019/08/21 16:45:00",RUBICON,0
D,DISPATCH,UNIT_SCADA,1,"2019/08/21 16:45:00",SATGN1,0
D,DISPATCH,UNIT_SCADA,1,"2019/08/21 16:45:00",SATGS1,0
D,DISPATCH,UNIT_SCADA,1,"2019/08/21 16:45:00",STARHLWF,6.098222
D,DISPATCH,UNIT_SCADA,1,"2019/08/21 16:45:00",WAUBRAWF,167.733994
D,DISPATCH,UNIT_SCADA,1,"2019/08/21 16:45:00",WOOLNTH1,131.940018
D,DISPATCH,UNIT_SCADA,1,"2019/08/21 16:45:00",WPWF,74
D,DISPATCH,UNIT_SCADA,1,"2019/08/21 16:45:00",YAMBUKWF,30.10
D,DISPATCH,UNIT_SCADA,1,"2019/08/21 16:45:00",YSWF1,28.799999
D,DISPATCH,UNIT_SCADA,1,"2019/08/21 16:45:00",AGLHAL,0
D,DISPATCH,UNIT_SCADA,1,"2019/08/21 16:45:00",AGLSOM,0
D,DISPATCH,UNIT_SCADA,1,"2019/08/21 16:45:00",ANGAST1,0
D,DISPATCH,UNIT_SCADA,1,"2019/08/21 16:45:00",ARWF1,122.600010
D,DISPATCH,UNIT_SCADA,1,"2019/08/21 16:45:00",BALBG1,24.17
D,DISPATCH,UNIT_SCADA,1,"2019/08/21 16:45:00",BALBL1,0
D,DISPATCH,UNIT_SCADA,1,"2019/08/21 16:45:00",BALDHWF1,101.0070
D,DISPATCH,UNIT_SCADA,1,"2019/08/21 16:45:00",BANN1,14.15
D,DISPATCH,UNIT_SCADA,1,"2019/08/21 16:45:00",BARCALDN,0
D,DISPATCH,UNIT_SCADA,1,"2019/08/21 16:45:00",BARRON-1,0
D,DISPATCH,UNIT_SCADA,1,"2019/08/21 16:45:00",BARRON-2,27.12
D,DISPATCH,UNIT_SCADA,1,"2019/08/21 16:45:00",BASTYAN,78.490010
D,DISPATCH,UNIT_SCADA,1,"2019/08/21 16:45:00",BBTHREE1,-1.76
D,DISPATCH,UNIT_SCADA,1,"2019/08/21 16:45:00",BBTHREE2,-1.86
D,DISPATCH,UNIT_SCADA,1,"2019/08/21 16:45:00",BBTHREE3,0
D,DISPATCH,UNIT_SCADA,1,"2019/08/21 16:45:00",BDL01,0
D,DISPATCH,UNIT_SCADA,1,"2019/08/21 16:45:00",BDL02,0
D,DISPATCH,UNIT_SCADA,1,"2019/08/21 16:45:00",BERYLSF1,5.630530
D,DISPATCH,UNIT_SCADA,1,"2019/08/21 16:45:00",BLOWERNG,0
D,DISPATCH,UNIT_SCADA,1,"2019/08/21 16:45:00",BLUFF1,47.70
D,DISPATCH,UNIT_SCADA,1,"2019/08/21 16:45:00",BNGSF1,84.44
D,DISPATCH,UNIT_SCADA,1,"2019/08/21 16:45:00",BNGSF2,19.99
D,DISPATCH,UNIT_SCADA,1,"2019/08/21 16:45:00",BOCORWF1,111.13
D,DISPATCH,UNIT_SCADA,1,"2019/08/21 16:45:00",BODWF1,102.3320
D,DISPATCH,UNIT_SCADA,1,"2019/08/21 16:45:00",BRAEMAR1,0
D,DISPATCH,UNIT_SCADA,1,"2019/08/21 16:45:00",BRAEMAR2,0
D,DISPATCH,UNIT_SCADA,1,"2019/08/21 16:45:00",BRAEMAR3,0
D,DISPATCH,UNIT_SCADA,1,"2019/08/21 16:45:00",BRAEMAR5,0
D,DISPATCH,UNIT_SCADA,1,"2019/08/21 16:45:00",BRAEMAR6,0
D,DISPATCH,UNIT_SCADA,1,"2019/08/21 16:45:00",BRAEMAR7,0
D,DISPATCH,UNIT_SCADA,1,"2019/08/21 16:45:00",BROKENH1,27.749510
D,DISPATCH,UNIT_SCADA,1,"2019/08/21 16:45:00",BW01,537.900020
D,DISPATCH,UNIT_SCADA,1,"2019/08/21 16:45:00",BW02,530.949950
D,DISPATCH,UNIT_SCADA,1,"2019/08/21 16:45:00",BW03,573.925050
D,DISPATCH,UNIT_SCADA,1,"2019/08/21 16:45:00",BW04,0
D,DISPATCH,UNIT_SCADA,1,"2019/08/21 16:45:00",CALL_B_1,340.700010
D,DISPATCH,UNIT_SCADA,1,"2019/08/21 16:45:00",CALL_B_2,350.300020
D,DISPATCH,UNIT_SCADA,1,"2019/08/21 16:45:00",CETHANA,98.962880
D,DISPATCH,UNIT_SCADA,1,"2019/08/21 16:45:00",CG1,0
D,DISPATCH,UNIT_SCADA,1,"2019/08/21 16:45:00",CG2,0
D,DISPATCH,UNIT_SCADA,1,"2019/08/21 16:45:00",CG3,0
D,DISPATCH,UNIT_SCADA,1,"2019/08/21 16:45:00",CG4,0
D,DISPATCH,UNIT_SCADA,1,"2019/08/21 16:45:00",CHILDSF1,18.21
D,DISPATCH,UNIT_SCADA,1,"2019/08/21 16:45:00",CLARESF1,31.173630
D,DISPATCH,UNIT_SCADA,1,"2019/08/21 16:45:00",CLEMGPWF,23.123240
D,DISPATCH,UNIT_SCADA,1,"2019/08/21 16:45:00",CLERMSF1,14.77
D,DISPATCH,UNIT_SCADA,1,"2019/08/21 16:45:00",COLEASF1,10.80
D,DISPATCH,UNIT_SCADA,1,"2019/08/21 16:45:00",COOPGWF1,22.156760
D,DISPATCH,UNIT_SCADA,1,"2019/08/21 16:45:00",CPP_3,407
D,DISPATCH,UNIT_SCADA,1,"2019/08/21 16:45:00",CPP_4,406.175020
D,DISPATCH,UNIT_SCADA,1,"2019/08/21 16:45:00",CPSA,142.558750
D,DISPATCH,UNIT_SCADA,1,"2019/08/21 16:45:00",CROOKWF2,89.313750
D,DISPATCH,UNIT_SCADA,1,"2019/08/21 16:45:00",CROWLWF1,38.332420
D,DISPATCH,UNIT_SCADA,1,"2019/08/21 16:45:00",CSPVPS1,12.67
D,DISPATCH,UNIT_SCADA,1,"2019/08/21 16:45:00",DALNTH01,0.010680
D,DISPATCH,UNIT_SCADA,1,"2019/08/21 16:45:00",DALNTHL1,0
D,DISPATCH,UNIT_SCADA,1,"2019/08/21 16:45:00",DARTM1,134.70
D,DISPATCH,UNIT_SCADA,1,"2019/08/21 16:45:00",DAYDSF1,87.486010
D,DISPATCH,UNIT_SCADA,1,"2019/08/21 16:45:00",DDPS1,198.996830
D,DISPATCH,UNIT_SCADA,1,"2019/08/21 16:45:00",DDSF1,26.7264
D,DISPATCH,UNIT_SCADA,1,"2019/08/21 16:45:00",DEVILS_G,0
D,DISPATCH,UNIT_SCADA,1,"2019/08/21 16:45:00",DG_NSW1,0
D,DISPATCH,UNIT_SCADA,1,"2019/08/21 16:45:00",DG_QLD1,0
D,DISPATCH,UNIT_SCADA,1,"2019/08/21 16:45:00",DG_SA1,0
D,DISPATCH,UNIT_SCADA,1,"2019/08/21 16:45:00",DG_TAS1,0
D,DISPATCH,UNIT_SCADA,1,"2019/08/21 16:45:00",DG_VIC1,0
D,DISPATCH,UNIT_SCADA,1,"2019/08/21 16:45:00",DRYCGT1,0
D,DISPATCH,UNIT_SCADA,1,"2019/08/21 16:45:00",DRYCGT2,0
D,DISPATCH,UNIT_SCADA,1,"2019/08/21 16:45:00",DRYCGT3,0
D,DISPATCH,UNIT_SCADA,1,"2019/08/21 16:45:00",EILDON1,0
D,DISPATCH,UNIT_SCADA,1,"2019/08/21 16:45:00",EILDON2,0
D,DISPATCH,UNIT_SCADA,1,"2019/08/21 16:45:00",EMERASF1,36.07
D,DISPATCH,UNIT_SCADA,1,"2019/08/21 16:45:00",ER01,581.824950
D,DISPATCH,UNIT_SCADA,1,"2019/08/21 16:45:00",ER02,588.825070
D,DISPATCH,UNIT_SCADA,1,"2019/08/21 16:45:00",ER03,700.349980
D,DISPATCH,UNIT_SCADA,1,"2019/08/21 16:45:00",ER04,584.1250
D,DISPATCH,UNIT_SCADA,1,"2019/08/21 16:45:00",FINLYSF1,0.183940
D,DISPATCH,UNIT_SCADA,1,"2019/08/21 16:45:00",FISHER,46.10
D,DISPATCH,UNIT_SCADA,1,"2019/08/21 16:45:00",GANNBG1,15.004260
D,DISPATCH,UNIT_SCADA,1,"2019/08/21 16:45:00",GANNBL1,0
D,DISPATCH,UNIT_SCADA,1,"2019/08/21 16:45:00",GANNSF1,29.50
D,DISPATCH,UNIT_SCADA,1,"2019/08/21 16:45:00",GORDON,4.165840
D,DISPATCH,UNIT_SCADA,1,"2019/08/21 16:45:00",GSTONE1,149.099990
D,DISPATCH,UNIT_SCADA,1,"2019/08/21 16:45:00",GSTONE2,130.899990
D,DISPATCH,UNIT_SCADA,1,"2019/08/21 16:45:00",GSTONE3,131.0750
D,DISPATCH,UNIT_SCADA,1,"2019/08/21 16:45:00",GSTONE4,149.274990
D,DISPATCH,UNIT_SCADA,1,"2019/08/21 16:45:00",GSTONE5,128.6250
D,DISPATCH,UNIT_SCADA,1,"2019/08/21 16:45:00",GSTONE6,0
D,DISPATCH,UNIT_SCADA,1,"2019/08/21 16:45:00",GULLRSF1,0.307190
D,DISPATCH,UNIT_SCADA,1,"2019/08/21 16:45:00",GULLRWF1,158.366970
D,DISPATCH,UNIT_SCADA,1,"2019/08/21 16:45:00",GUNNING1,46.8293
D,DISPATCH,UNIT_SCADA,1,"2019/08/21 16:45:00",GUTHEGA,0
D,DISPATCH,UNIT_SCADA,1,"2019/08/21 16:45:00",HALLWF1,79.60
D,DISPATCH,UNIT_SCADA,1,"2019/08/21 16:45:00",HALLWF2,33.99
D,DISPATCH,UNIT_SCADA,1,"2019/08/21 16:45:00",HAMISF1,33.90
D,DISPATCH,UNIT_SCADA,1,"2019/08/21 16:45:00",HAUGHT11,49.979390
D,DISPATCH,UNIT_SCADA,1,"2019/08/21 16:45:00",HAYMSF1,30.3920
D,DISPATCH,UNIT_SCADA,1,"2019/08/21 16:45:00",HDWF1,61.30
D,DISPATCH,UNIT_SCADA,1,"2019/08/21 16:45:00",HDWF2,49.20
D,DISPATCH,UNIT_SCADA,1,"2019/08/21 16:45:00",HDWF3,58.20
D,DISPATCH,UNIT_SCADA,1,"2019/08/21 16:45:00",HPRG1,20.10
D,DISPATCH,UNIT_SCADA,1,"2019/08/21 16:45:00",HPRL1,0
D,DISPATCH,UNIT_SCADA,1,"2019/08/21 16:45:00",HUMENSW,0
D,DISPATCH,UNIT_SCADA,1,"2019/08/21 16:45:00",HUMEV,11.90
D,DISPATCH,UNIT_SCADA,1,"2019/08/21 16:45:00",HVGTS,0
D,DISPATCH,UNIT_SCADA,1,"2019/08/21 16:45:00",JBUTTERS,139.91
D,DISPATCH,UNIT_SCADA,1,"2019/08/21 16:45:00",JLA01,0.50
D,DISPATCH,UNIT_SCADA,1,"2019/08/21 16:45:00",JLA02,0
D,DISPATCH,UNIT_SCADA,1,"2019/08/21 16:45:00",JLA03,0.10
D,DISPATCH,UNIT_SCADA,1,"2019/08/21 16:45:00",JLA04,0.10
D,DISPATCH,UNIT_SCADA,1,"2019/08/21 16:45:00",JLB01,0
D,DISPATCH,UNIT_SCADA,1,"2019/08/21 16:45:00",JLB02,0.10
D,DISPATCH,UNIT_SCADA,1,"2019/08/21 16:45:00",JLB03,0
D,DISPATCH,UNIT_SCADA,1,"2019/08/21 16:45:00",KAREEYA1,21.64
D,DISPATCH,UNIT_SCADA,1,"2019/08/21 16:45:00",KAREEYA2,21.8725
D,DISPATCH,UNIT_SCADA,1,"2019/08/21 16:45:00",KAREEYA3,0
D,DISPATCH,UNIT_SCADA,1,"2019/08/21 16:45:00",KAREEYA4,21.8275
D,DISPATCH,UNIT_SCADA,1,"2019/08/21 16:45:00",KARSF1,26.90
D,DISPATCH,UNIT_SCADA,1,"2019/08/21 16:45:00",KIATAWF1,24.40
D,DISPATCH,UNIT_SCADA,1,"2019/08/21 16:45:00",KPP_1,0
D,DISPATCH,UNIT_SCADA,1,"2019/08/21 16:45:00",KSP1,42.26
D,DISPATCH,UNIT_SCADA,1,"2019/08/21 16:45:00",LADBROK1,0
D,DISPATCH,UNIT_SCADA,1,"2019/08/21 16:45:00",LADBROK2,0
D,DISPATCH,UNIT_SCADA,1,"2019/08/21 16:45:00",LD01,376.537540
D,DISPATCH,UNIT_SCADA,1,"2019/08/21 16:45:00",LD02,373.106230
D,DISPATCH,UNIT_SCADA,1,"2019/08/21 16:45:00",LD03,370.800020
D,DISPATCH,UNIT_SCADA,1,"2019/08/21 16:45:00",LD04,377.8125
D,DISPATCH,UNIT_SCADA,1,"2019/08/21 16:45:00",LEM_WIL,86.023050
D,DISPATCH,UNIT_SCADA,1,"2019/08/21 16:45:00",LGAPWF1,6.60
D,DISPATCH,UNIT_SCADA,1,"2019/08/21 16:45:00",LILYSF1,52.690940
D,DISPATCH,UNIT_SCADA,1,"2019/08/21 16:45:00",LI_WY_CA,149.453640
D,DISPATCH,UNIT_SCADA,1,"2019/08/21 16:45:00",LKBONNY2,142.7545
D,DISPATCH,UNIT_SCADA,1,"2019/08/21 16:45:00",LKBONNY3,35.391160
D,DISPATCH,UNIT_SCADA,1,"2019/08/21 16:45:00",LK_ECHO,0
D,DISPATCH,UNIT_SCADA,1,"2019/08/21 16:45:00",LNGS1,0
D,DISPATCH,UNIT_SCADA,1,"2019/08/21 16:45:00",LNGS2,0
D,DISPATCH,UNIT_SCADA,1,"2019/08/21 16:45:00",LONSDALE,0
D,DISPATCH,UNIT_SCADA,1,"2019/08/21 16:45:00",LOYYB1,537.592410
D,DISPATCH,UNIT_SCADA,1,"2019/08/21 16:45:00",LOYYB2,584.210140
D,DISPATCH,UNIT_SCADA,1,"2019/08/21 16:45:00",LYA1,560
D,DISPATCH,UNIT_SCADA,1,"2019/08/21 16:45:00",LYA2,0
D,DISPATCH,UNIT_SCADA,1,"2019/08/21 16:45:00",LYA3,561
D,DISPATCH,UNIT_SCADA,1,"2019/08/21 16:45:00",LYA4,532
D,DISPATCH,UNIT_SCADA,1,"2019/08/21 16:45:00",MACARTH1,323.892520
D,DISPATCH,UNIT_SCADA,1,"2019/08/21 16:45:00",MACKAYGT,0
D,DISPATCH,UNIT_SCADA,1,"2019/08/21 16:45:00",MACKNTSH,86.23
D,DISPATCH,UNIT_SCADA,1,"2019/08/21 16:45:00",MANSLR1,2.4450
D,DISPATCH,UNIT_SCADA,1,"2019/08/21 16:45:00",MCKAY1,0.02
D,DISPATCH,UNIT_SCADA,1,"2019/08/21 16:45:00",MEADOWBK,34.0102
D,DISPATCH,UNIT_SCADA,1,"2019/08/21 16:45:00",MERCER01,109.190990
D,DISPATCH,UNIT_SCADA,1,"2019/08/21 16:45:00",MEWF1,60.162050
D,DISPATCH,UNIT_SCADA,1,"2019/08/21 16:45:00",MINTARO,0
D,DISPATCH,UNIT_SCADA,1,"2019/08/21 16:45:00",MOREESF1,26.7980
D,DISPATCH,UNIT_SCADA,1,"2019/08/21 16:45:00",MORTLK11,0
D,DISPATCH,UNIT_SCADA,1,"2019/08/21 16:45:00",MORTLK12,0
D,DISPATCH,UNIT_SCADA,1,"2019/08/21 16:45:00",MP1,274
D,DISPATCH,UNIT_SCADA,1,"2019/08/21 16:45:00",MP2,0
D,DISPATCH,UNIT_SCADA,1,"2019/08/21 16:45:00",MPP_1,299.25
D,DISPATCH,UNIT_SCADA,1,"2019/08/21 16:45:00",MPP_2,435.25
D,DISPATCH,UNIT_SCADA,1,"2019/08/21 16:45:00",MSTUART1,0
D,DISPATCH,UNIT_SCADA,1,"2019/08/21 16:45:00",MSTUART2,0
D,DISPATCH,UNIT_SCADA,1,"2019/08/21 16:45:00",MSTUART3,0
D,DISPATCH,UNIT_SCADA,1,"2019/08/21 16:45:00",MTGELWF1,64.281140
D,DISPATCH,UNIT_SCADA,1,"2019/08/21 16:45:00",MURRAY,0
D,DISPATCH,UNIT_SCADA,1,"2019/08/21 16:45:00",MUSSELR1,157.20
D,DISPATCH,UNIT_SCADA,1,"2019/08/21 16:45:00",MUWAWF1,56.24
D,DISPATCH,UNIT_SCADA,1,"2019/08/21 16:45:00",NBHWF1,94.399990
D,DISPATCH,UNIT_SCADA,1,"2019/08/21 16:45:00",NPS,132.3750
D,DISPATCH,UNIT_SCADA,1,"2019/08/21 16:45:00",NUMURSF1,29.19
D,DISPATCH,UNIT_SCADA,1,"2019/08/21 16:45:00",NYNGAN1,30
D,DISPATCH,UNIT_SCADA,1,"2019/08/21 16:45:00",OAKEY1,0
D,DISPATCH,UNIT_SCADA,1,"2019/08/21 16:45:00",OAKEY1SF,8.8290
D,DISPATCH,UNIT_SCADA,1,"2019/08/21 16:45:00",OAKEY2,0
D,DISPATCH,UNIT_SCADA,1,"2019/08/21 16:45:00",OAKLAND1,56
D,DISPATCH,UNIT_SCADA,1,"2019/08/21 16:45:00",OSB-AG,0
D,DISPATCH,UNIT_SCADA,1,"2019/08/21 16:45:00",PARSF1,12.30
D,DISPATCH,UNIT_SCADA,1,"2019/08/21 16:45:00",POAT110,0
D,DISPATCH,UNIT_SCADA,1,"2019/08/21 16:45:00",POAT220,0.658160
D,DISPATCH,UNIT_SCADA,1,"2019/08/21 16:45:00",POR01,0
D,DISPATCH,UNIT_SCADA,1,"2019/08/21 16:45:00",POR03,0
D,DISPATCH,UNIT_SCADA,1,"2019/08/21 16:45:00",PPCCGT,198.383070
D,DISPATCH,UNIT_SCADA,1,"2019/08/21 16:45:00",PTSTAN1,0
D,DISPATCH,UNIT_SCADA,1,"2019/08/21 16:45:00",PUMP1,0
D,DISPATCH,UNIT_SCADA,1,"2019/08/21 16:45:00",PUMP2,0
D,DISPATCH,UNIT_SCADA,1,"2019/08/21 16:45:00",QPS1,0
D,DISPATCH,UNIT_SCADA,1,"2019/08/21 16:45:00",QPS2,0
D,DISPATCH,UNIT_SCADA,1,"2019/08/21 16:45:00",QPS3,0
D,DISPATCH,UNIT_SCADA,1,"2019/08/21 16:45:00",QPS4,0
D,DISPATCH,UNIT_SCADA,1,"2019/08/21 16:45:00",QPS5,0
D,DISPATCH,UNIT_SCADA,1,"2019/08/21 16:45:00",REECE1,119.250010
D,DISPATCH,UNIT_SCADA,1,"2019/08/21 16:45:00",REECE2,117.520010
D,DISPATCH,UNIT_SCADA,1,"2019/08/21 16:45:00",ROMA_7,0
D,DISPATCH,UNIT_SCADA,1,"2019/08/21 16:45:00",ROMA_8,0
D,DISPATCH,UNIT_SCADA,1,"2019/08/21 16:45:00",RRSF1,56.350460
D,DISPATCH,UNIT_SCADA,1,"2019/08/21 16:45:00",RT_NSW1,0
D,DISPATCH,UNIT_SCADA,1,"2019/08/21 16:45:00",RT_NSW2,0
D,DISPATCH,UNIT_SCADA,1,"2019/08/21 16:45:00",RT_NSW3,0
D,DISPATCH,UNIT_SCADA,1,"2019/08/21 16:45:00",RT_NSW4,0
D,DISPATCH,UNIT_SCADA,1,"2019/08/21 16:45:00",RT_NSW5,0
D,DISPATCH,UNIT_SCADA,1,"2019/08/21 16:45:00",RT_NSW6,0
D,DISPATCH,UNIT_SCADA,1,"2019/08/21 16:45:00",RT_QLD1,0
D,DISPATCH,UNIT_SCADA,1,"2019/08/21 16:45:00",RT_SA1,0
D,DISPATCH,UNIT_SCADA,1,"2019/08/21 16:45:00",RT_SA2,0
D,DISPATCH,UNIT_SCADA,1,"2019/08/21 16:45:00",RT_SA3,0
D,DISPATCH,UNIT_SCADA,1,"2019/08/21 16:45:00",RT_SA4,0
D,DISPATCH,UNIT_SCADA,1,"2019/08/21 16:45:00",RT_SA5,0
D,DISPATCH,UNIT_SCADA,1,"2019/08/21 16:45:00",RT_SA6,0
D,DISPATCH,UNIT_SCADA,1,"2019/08/21 16:45:00",RT_TAS1,0
D,DISPATCH,UNIT_SCADA,1,"2019/08/21 16:45:00",RT_VIC1,0
D,DISPATCH,UNIT_SCADA,1,"2019/08/21 16:45:00",RT_VIC10,0
D,DISPATCH,UNIT_SCADA,1,"2019/08/21 16:45:00",RT_VIC11,0
D,DISPATCH,UNIT_SCADA,1,"2019/08/21 16:45:00",RT_VIC12,0
D,DISPATCH,UNIT_SCADA,1,"2019/08/21 16:45:00",RT_VIC2,0
D,DISPATCH,UNIT_SCADA,1,"2019/08/21 16:45:00",RT_VIC3,0
D,DISPATCH,UNIT_SCADA,1,"2019/08/21 16:45:00",RT_VIC4,0
D,DISPATCH,UNIT_SCADA,1,"2019/08/21 16:45:00",RT_VIC5,0
D,DISPATCH,UNIT_SCADA,1,"2019/08/21 16:45:00",RT_VIC6,0
D,DISPATCH,UNIT_SCADA,1,"2019/08/21 16:45:00",RT_VIC7,0
D,DISPATCH,UNIT_SCADA,1,"2019/08/21 16:45:00",RT_VIC8,0
D,DISPATCH,UNIT_SCADA,1,"2019/08/21 16:45:00",RT_VIC9,0
D,DISPATCH,UNIT_SCADA,1,"2019/08/21 16:45:00",RUGBYR1,42.686460
D,DISPATCH,UNIT_SCADA,1,"2019/08/21 16:45:00",SALTCRK1,51.87
D,DISPATCH,UNIT_SCADA,1,"2019/08/21 16:45:00",SAPHWF1,173.118740
D,DISPATCH,UNIT_SCADA,1,"2019/08/21 16:45:00",SHGEN,0
D,DISPATCH,UNIT_SCADA,1,"2019/08/21 16:45:00",SHPUMP,0
D,DISPATCH,UNIT_SCADA,1,"2019/08/21 16:45:00",SITHE01,0.043330
D,DISPATCH,UNIT_SCADA,1,"2019/08/21 16:45:00",SMCSF1,29.126680
D,DISPATCH,UNIT_SCADA,1,"2019/08/21 16:45:00",SNOWNTH1,63.20
D,DISPATCH,UNIT_SCADA,1,"2019/08/21 16:45:00",SNOWSTH1,70
D,DISPATCH,UNIT_SCADA,1,"2019/08/21 16:45:00",SNOWTWN1,42.689130
D,DISPATCH,UNIT_SCADA,1,"2019/08/21 16:45:00",SNOWYP,0
D,DISPATCH,UNIT_SCADA,1,"2019/08/21 16:45:00",SNUG1,0.019440
D,DISPATCH,UNIT_SCADA,1,"2019/08/21 16:45:00",SRSF1,18.68
D,DISPATCH,UNIT_SCADA,1,"2019/08/21 16:45:00",STAN-1,0
D,DISPATCH,UNIT_SCADA,1,"2019/08/21 16:45:00",STAN-2,284.9397
D,DISPATCH,UNIT_SCADA,1,"2019/08/21 16:45:00",STAN-3,290.002720
D,DISPATCH,UNIT_SCADA,1,"2019/08/21 16:45:00",STAN-4,281.043090
D,DISPATCH,UNIT_SCADA,1,"2019/08/21 16:45:00",STWF1,22.0275
D,DISPATCH,UNIT_SCADA,1,"2019/08/21 16:45:00",SWAN_E,0
D,DISPATCH,UNIT_SCADA,1,"2019/08/21 16:45:00",TALWA1,85
D,DISPATCH,UNIT_SCADA,1,"2019/08/21 16:45:00",TARALGA1,86.977490
D,DISPATCH,UNIT_SCADA,1,"2019/08/21 16:45:00",TARONG#1,291.200010
D,DISPATCH,UNIT_SCADA,1,"2019/08/21 16:45:00",TARONG#2,290.399990
D,DISPATCH,UNIT_SCADA,1,"2019/08/21 16:45:00",TARONG#3,260.600010
D,DISPATCH,UNIT_SCADA,1,"2019/08/21 16:45:00",TARONG#4,280.399990
D,DISPATCH,UNIT_SCADA,1,"2019/08/21 16:45:00",TARRALEA,84.50
D,DISPATCH,UNIT_SCADA,1,"2019/08/21 16:45:00",TBSF1,44
D,DISPATCH,UNIT_SCADA,1,"2019/08/21 16:45:00",TNPS1,442.000030
D,DISPATCH,UNIT_SCADA,1,"2019/08/21 16:45:00",TORRA1,48.096850
D,DISPATCH,UNIT_SCADA,1,"2019/08/21 16:45:00",TORRA2,0
D,DISPATCH,UNIT_SCADA,1,"2019/08/21 16:45:00",TORRA3,0
D,DISPATCH,UNIT_SCADA,1,"2019/08/21 16:45:00",TORRA4,0
D,DISPATCH,UNIT_SCADA,1,"2019/08/21 16:45:00",TORRB1,48.10
D,DISPATCH,UNIT_SCADA,1,"2019/08/21 16:45:00",TORRB2,47.53
D,DISPATCH,UNIT_SCADA,1,"2019/08/21 16:45:00",TORRB3,0
D,DISPATCH,UNIT_SCADA,1,"2019/08/21 16:45:00",TORRB4,0
D,DISPATCH,UNIT_SCADA,1,"2019/08/21 16:45:00",TREVALLN,44.050010
D,DISPATCH,UNIT_SCADA,1,"2019/08/21 16:45:00",TRIBUTE,84.20
D,DISPATCH,UNIT_SCADA,1,"2019/08/21 16:45:00",TUMUT3,0
D,DISPATCH,UNIT_SCADA,1,"2019/08/21 16:45:00",TUNGATIN,84.540030
D,DISPATCH,UNIT_SCADA,1,"2019/08/21 16:45:00",TVCC201,0
D,DISPATCH,UNIT_SCADA,1,"2019/08/21 16:45:00",TVPP104,0
D,DISPATCH,UNIT_SCADA,1,"2019/08/21 16:45:00",UPPTUMUT,0
D,DISPATCH,UNIT_SCADA,1,"2019/08/21 16:45:00",URANQ11,0
D,DISPATCH,UNIT_SCADA,1,"2019/08/21 16:45:00",URANQ12,0
D,DISPATCH,UNIT_SCADA,1,"2019/08/21 16:45:00",URANQ13,0
D,DISPATCH,UNIT_SCADA,1,"2019/08/21 16:45:00",URANQ14,0
D,DISPATCH,UNIT_SCADA,1,"2019/08/21 16:45:00",VP5,395.399990
D,DISPATCH,UNIT_SCADA,1,"2019/08/21 16:45:00",VP6,394.899990
D,DISPATCH,UNIT_SCADA,1,"2019/08/21 16:45:00",VPGS1,0
D,DISPATCH,UNIT_SCADA,1,"2019/08/21 16:45:00",VPGS2,0
D,DISPATCH,UNIT_SCADA,1,"2019/08/21 16:45:00",VPGS3,0
D,DISPATCH,UNIT_SCADA,1,"2019/08/21 16:45:00",VPGS4,0
D,DISPATCH,UNIT_SCADA,1,"2019/08/21 16:45:00",VPGS5,0
D,DISPATCH,UNIT_SCADA,1,"2019/08/21 16:45:00",VPGS6,0
D,DISPATCH,UNIT_SCADA,1,"2019/08/21 16:45:00",W/HOE#1,0
D,DISPATCH,UNIT_SCADA,1,"2019/08/21 16:45:00",W/HOE#2,0
D,DISPATCH,UNIT_SCADA,1,"2019/08/21 16:45:00",WATERLWF,81.50
D,DISPATCH,UNIT_SCADA,1,"2019/08/21 16:45:00",WEMENSF1,10.60
D,DISPATCH,UNIT_SCADA,1,"2019/08/21 16:45:00",WGWF1,93.80
D,DISPATCH,UNIT_SCADA,1,"2019/08/21 16:45:00",WHITSF1,32.30
D,DISPATCH,UNIT_SCADA,1,"2019/08/21 16:45:00",WKIEWA1,0
D,DISPATCH,UNIT_SCADA,1,"2019/08/21 16:45:00",WKIEWA2,0.10
D,DISPATCH,UNIT_SCADA,1,"2019/08/21 16:45:00",WOODLWN1,44.6490
D,DISPATCH,UNIT_SCADA,1,"2019/08/21 16:45:00",WRSF1,4.32
D,DISPATCH,UNIT_SCADA,1,"2019/08/21 16:45:00",WRWF1,162.257490
D,DISPATCH,UNIT_SCADA,1,"2019/08/21 16:45:00",YABULU,0
D,DISPATCH,UNIT_SCADA,1,"2019/08/21 16:45:00",YABULU2,0
D,DISPATCH,UNIT_SCADA,1,"2019/08/21 16:45:00",YARWUN_1,20.47
D,DISPATCH,UNIT_SCADA,1,"2019/08/21 16:45:00",YENDWF1,41.98
D,DISPATCH,UNIT_SCADA,1,"2019/08/21 16:45:00",YWPS1,376.941770
D,DISPATCH,UNIT_SCADA,1,"2019/08/21 16:45:00",YWPS2,274.683530
D,DISPATCH,UNIT_SCADA,1,"2019/08/21 16:45:00",YWPS3,0
D,DISPATCH,UNIT_SCADA,1,"2019/08/21 16:45:00",YWPS4,396.649350
C,"END OF REPORT",334
