C,NEMP.WORLD,DISPATCHSCADA,AEMO,PUBLIC,2019/09/05,01:45:08,0000000312404536,DISPATCHSCADA,0000000312404530
I,DISPATCH,UNIT_SCADA,1,SETTLEMENTDATE,DUID,SCADAVALUE
D,DISPATCH,UNIT_SCADA,1,"2019/09/05 01:50:00",BARCSF1,0
D,DISPATCH,UNIT_SCADA,1,"2019/09/05 01:50:00",BUTLERSG,10.199999
D,DISPATCH,UNIT_SCADA,1,"2019/09/05 01:50:00",CALL_A_4,0
D,DISPATCH,UNIT_SCADA,1,"2019/09/05 01:50:00",CAPTL_WF,10.547997
D,DISPATCH,UNIT_SCADA,1,"2019/09/05 01:50:00",CATHROCK,3.17
D,DISPATCH,UNIT_SCADA,1,"2019/09/05 01:50:00",CLOVER,0
D,DISPATCH,UNIT_SCADA,1,"2019/09/05 01:50:00",CLUNY,10.024719
D,DISPATCH,UNIT_SCADA,1,"2019/09/05 01:50:00",CNUNDAWF,3.103621
D,DISPATCH,UNIT_SCADA,1,"2019/09/05 01:50:00",CULLRGWF,7.28
D,DISPATCH,UNIT_SCADA,1,"2019/09/05 01:50:00",ERGT01,0
D,DISPATCH,UNIT_SCADA,1,"2019/09/05 01:50:00",GB01,0.015377
D,DISPATCH,UNIT_SCADA,1,"2019/09/05 01:50:00",GERMCRK,37.299999
D,DISPATCH,UNIT_SCADA,1,"2019/09/05 01:50:00",GRIFSF1,0
D,DISPATCH,UNIT_SCADA,1,"2019/09/05 01:50:00",HUGSF1,-0.19
D,DISPATCH,UNIT_SCADA,1,"2019/09/05 01:50:00",LKBONNY1,9.913340
D,DISPATCH,UNIT_SCADA,1,"2019/09/05 01:50:00",LRSF1,-0.0310
D,DISPATCH,UNIT_SCADA,1,"2019/09/05 01:50:00",MBAHNTH,28.668747
D,DISPATCH,UNIT_SCADA,1,"2019/09/05 01:50:00",MLSP1,0.366001
D,DISPATCH,UNIT_SCADA,1,"2019/09/05 01:50:00",MTMILLAR,3.043496
D,DISPATCH,UNIT_SCADA,1,"2019/09/05 01:50:00",PALOONA,16.82
D,DISPATCH,UNIT_SCADA,1,"2019/09/05 01:50:00",PIONEER,41.50
D,DISPATCH,UNIT_SCADA,1,"2019/09/05 01:50:00",PORTWF,24.60
D,DISPATCH,UNIT_SCADA,1,"2019/09/05 01:50:00",REPULSE,20.230412
D,DISPATCH,UNIT_SCADA,1,"2019/09/05 01:50:00",ROWALLAN,10.4157
D,DISPATCH,UNIT_SCADA,1,"2019/09/05 01:50:00",ROYALLA1,0
D,DISPATCH,UNIT_SCADA,1,"2019/09/05 01:50:00",RPCG,11.50
D,DISPATCH,UNIT_SCADA,1,"2019/09/05 01:50:00",RUBICON,0
D,DISPATCH,UNIT_SCADA,1,"2019/09/05 01:50:00",SATGN1,0
D,DISPATCH,UNIT_SCADA,1,"2019/09/05 01:50:00",SATGS1,0
D,DISPATCH,UNIT_SCADA,1,"2019/09/05 01:50:00",STARHLWF,-0.099971
D,DISPATCH,UNIT_SCADA,1,"2019/09/05 01:50:00",WAUBRAWF,0
D,DISPATCH,UNIT_SCADA,1,"2019/09/05 01:50:00",WOOLNTH1,-0.009985
D,DISPATCH,UNIT_SCADA,1,"2019/09/05 01:50:00",WPWF,0
D,DISPATCH,UNIT_SCADA,1,"2019/09/05 01:50:00",YAMBUKWF,6.20
D,DISPATCH,UNIT_SCADA,1,"2019/09/05 01:50:00",YSWF1,0
D,DISPATCH,UNIT_SCADA,1,"2019/09/05 01:50:00",AGLHAL,0
D,DISPATCH,UNIT_SCADA,1,"2019/09/05 01:50:00",AGLSOM,0
D,DISPATCH,UNIT_SCADA,1,"2019/09/05 01:50:00",ANGAST1,0
D,DISPATCH,UNIT_SCADA,1,"2019/09/05 01:50:00",ARWF1,-1.40
D,DISPATCH,UNIT_SCADA,1,"2019/09/05 01:50:00",BALBG1,0
D,DISPATCH,UNIT_SCADA,1,"2019/09/05 01:50:00",BALBL1,0
D,DISPATCH,UNIT_SCADA,1,"2019/09/05 01:50:00",BALDHWF1,0
D,DISPATCH,UNIT_SCADA,1,"2019/09/05 01:50:00",BANN1,0
D,DISPATCH,UNIT_SCADA,1,"2019/09/05 01:50:00",BARCALDN,0
D,DISPATCH,UNIT_SCADA,1,"2019/09/05 01:50:00",BARRON-1,0
D,DISPATCH,UNIT_SCADA,1,"2019/09/05 01:50:00",BARRON-2,0
D,DISPATCH,UNIT_SCADA,1,"2019/09/05 01:50:00",BASTYAN,80.710010
D,DISPATCH,UNIT_SCADA,1,"2019/09/05 01:50:00",BBTHREE1,0
D,DISPATCH,UNIT_SCADA,1,"2019/09/05 01:50:00",BBTHREE2,0
D,DISPATCH,UNIT_SCADA,1,"2019/09/05 01:50:00",BBTHREE3,0
D,DISPATCH,UNIT_SCADA,1,"2019/09/05 01:50:00",BDL01,0
D,DISPATCH,UNIT_SCADA,1,"2019/09/05 01:50:00",BDL02,-0.06
D,DISPATCH,UNIT_SCADA,1,"2019/09/05 01:50:00",BERYLSF1,0
D,DISPATCH,UNIT_SCADA,1,"2019/09/05 01:50:00",BLOWERNG,11.10
D,DISPATCH,UNIT_SCADA,1,"2019/09/05 01:50:00",BLUFF1,2
D,DISPATCH,UNIT_SCADA,1,"2019/09/05 01:50:00",BNGSF1,0
D,DISPATCH,UNIT_SCADA,1,"2019/09/05 01:50:00",BNGSF2,0
D,DISPATCH,UNIT_SCADA,1,"2019/09/05 01:50:00",BOCORWF1,0
D,DISPATCH,UNIT_SCADA,1,"2019/09/05 01:50:00",BODWF1,10.991550
D,DISPATCH,UNIT_SCADA,1,"2019/09/05 01:50:00",BRAEMAR1,0
D,DISPATCH,UNIT_SCADA,1,"2019/09/05 01:50:00",BRAEMAR2,0
D,DISPATCH,UNIT_SCADA,1,"2019/09/05 01:50:00",BRAEMAR3,0
D,DISPATCH,UNIT_SCADA,1,"2019/09/05 01:50:00",BRAEMAR5,0
D,DISPATCH,UNIT_SCADA,1,"2019/09/05 01:50:00",BRAEMAR6,0
D,DISPATCH,UNIT_SCADA,1,"2019/09/05 01:50:00",BRAEMAR7,0
D,DISPATCH,UNIT_SCADA,1,"2019/09/05 01:50:00",BROKENH1,0
D,DISPATCH,UNIT_SCADA,1,"2019/09/05 01:50:00",BW01,544.949950
D,DISPATCH,UNIT_SCADA,1,"2019/09/05 01:50:00",BW02,608.25
D,DISPATCH,UNIT_SCADA,1,"2019/09/05 01:50:00",BW03,622.700070
D,DISPATCH,UNIT_SCADA,1,"2019/09/05 01:50:00",BW04,0
D,DISPATCH,UNIT_SCADA,1,"2019/09/05 01:50:00",CALL_B_1,349.50
D,DISPATCH,UNIT_SCADA,1,"2019/09/05 01:50:00",CALL_B_2,350.100010
D,DISPATCH,UNIT_SCADA,1,"2019/09/05 01:50:00",CETHANA,80.760870
D,DISPATCH,UNIT_SCADA,1,"2019/09/05 01:50:00",CG1,0
D,DISPATCH,UNIT_SCADA,1,"2019/09/05 01:50:00",CG2,0
D,DISPATCH,UNIT_SCADA,1,"2019/09/05 01:50:00",CG3,0
D,DISPATCH,UNIT_SCADA,1,"2019/09/05 01:50:00",CG4,0
D,DISPATCH,UNIT_SCADA,1,"2019/09/05 01:50:00",CHILDSF1,0
D,DISPATCH,UNIT_SCADA,1,"2019/09/05 01:50:00",CLARESF1,0
D,DISPATCH,UNIT_SCADA,1,"2019/09/05 01:50:00",CLEMGPWF,0.072040
D,DISPATCH,UNIT_SCADA,1,"2019/09/05 01:50:00",CLERMSF1,0
D,DISPATCH,UNIT_SCADA,1,"2019/09/05 01:50:00",COLEASF1,0
D,DISPATCH,UNIT_SCADA,1,"2019/09/05 01:50:00",COOPGWF1,12.921350
D,DISPATCH,UNIT_SCADA,1,"2019/09/05 01:50:00",CPP_3,406.175020
D,DISPATCH,UNIT_SCADA,1,"2019/09/05 01:50:00",CPP_4,406.450010
D,DISPATCH,UNIT_SCADA,1,"2019/09/05 01:50:00",CPSA,143.226880
D,DISPATCH,UNIT_SCADA,1,"2019/09/05 01:50:00",CROOKWF2,33.563750
D,DISPATCH,UNIT_SCADA,1,"2019/09/05 01:50:00",CROWLWF1,-0.220860
D,DISPATCH,UNIT_SCADA,1,"2019/09/05 01:50:00",CSPVPS1,0
D,DISPATCH,UNIT_SCADA,1,"2019/09/05 01:50:00",DALNTH01,0
D,DISPATCH,UNIT_SCADA,1,"2019/09/05 01:50:00",DALNTHL1,0.053410
D,DISPATCH,UNIT_SCADA,1,"2019/09/05 01:50:00",DARTM1,133.70
D,DISPATCH,UNIT_SCADA,1,"2019/09/05 01:50:00",DAYDSF1,0
D,DISPATCH,UNIT_SCADA,1,"2019/09/05 01:50:00",DDPS1,254.4155
D,DISPATCH,UNIT_SCADA,1,"2019/09/05 01:50:00",DDSF1,0
D,DISPATCH,UNIT_SCADA,1,"2019/09/05 01:50:00",DEVILS_G,56.6155
D,DISPATCH,UNIT_SCADA,1,"2019/09/05 01:50:00",DG_NSW1,0
D,DISPATCH,UNIT_SCADA,1,"2019/09/05 01:50:00",DG_QLD1,0
D,DISPATCH,UNIT_SCADA,1,"2019/09/05 01:50:00",DG_SA1,0
D,DISPATCH,UNIT_SCADA,1,"2019/09/05 01:50:00",DG_TAS1,0
D,DISPATCH,UNIT_SCADA,1,"2019/09/05 01:50:00",DG_VIC1,0
D,DISPATCH,UNIT_SCADA,1,"2019/09/05 01:50:00",DRYCGT1,0
D,DISPATCH,UNIT_SCADA,1,"2019/09/05 01:50:00",DRYCGT2,0
D,DISPATCH,UNIT_SCADA,1,"2019/09/05 01:50:00",DRYCGT3,0
D,DISPATCH,UNIT_SCADA,1,"2019/09/05 01:50:00",EILDON1,0
D,DISPATCH,UNIT_SCADA,1,"2019/09/05 01:50:00",EILDON2,0
D,DISPATCH,UNIT_SCADA,1,"2019/09/05 01:50:00",EMERASF1,0
D,DISPATCH,UNIT_SCADA,1,"2019/09/05 01:50:00",ER01,565.699950
D,DISPATCH,UNIT_SCADA,1,"2019/09/05 01:50:00",ER02,673.75
D,DISPATCH,UNIT_SCADA,1,"2019/09/05 01:50:00",ER03,0
D,DISPATCH,UNIT_SCADA,1,"2019/09/05 01:50:00",ER04,504.75
D,DISPATCH,UNIT_SCADA,1,"2019/09/05 01:50:00",FINLYSF1,0
D,DISPATCH,UNIT_SCADA,1,"2019/09/05 01:50:00",FISHER,45.90
D,DISPATCH,UNIT_SCADA,1,"2019/09/05 01:50:00",GANNBG1,0
D,DISPATCH,UNIT_SCADA,1,"2019/09/05 01:50:00",GANNBL1,0.675530
D,DISPATCH,UNIT_SCADA,1,"2019/09/05 01:50:00",GANNSF1,0
D,DISPATCH,UNIT_SCADA,1,"2019/09/05 01:50:00",GORDON,22.185520
D,DISPATCH,UNIT_SCADA,1,"2019/09/05 01:50:00",GSTONE1,199.50
D,DISPATCH,UNIT_SCADA,1,"2019/09/05 01:50:00",GSTONE2,198.80
D,DISPATCH,UNIT_SCADA,1,"2019/09/05 01:50:00",GSTONE3,0
D,DISPATCH,UNIT_SCADA,1,"2019/09/05 01:50:00",GSTONE4,200.20
D,DISPATCH,UNIT_SCADA,1,"2019/09/05 01:50:00",GSTONE5,200.024990
D,DISPATCH,UNIT_SCADA,1,"2019/09/05 01:50:00",GSTONE6,198.274990
D,DISPATCH,UNIT_SCADA,1,"2019/09/05 01:50:00",GULLRSF1,0
D,DISPATCH,UNIT_SCADA,1,"2019/09/05 01:50:00",GULLRWF1,95.577240
D,DISPATCH,UNIT_SCADA,1,"2019/09/05 01:50:00",GUNNING1,13.922550
D,DISPATCH,UNIT_SCADA,1,"2019/09/05 01:50:00",GUTHEGA,0
D,DISPATCH,UNIT_SCADA,1,"2019/09/05 01:50:00",HALLWF1,9.67
D,DISPATCH,UNIT_SCADA,1,"2019/09/05 01:50:00",HALLWF2,4.29
D,DISPATCH,UNIT_SCADA,1,"2019/09/05 01:50:00",HAMISF1,0
D,DISPATCH,UNIT_SCADA,1,"2019/09/05 01:50:00",HAUGHT11,0
D,DISPATCH,UNIT_SCADA,1,"2019/09/05 01:50:00",HAYMSF1,0
D,DISPATCH,UNIT_SCADA,1,"2019/09/05 01:50:00",HDWF1,33.50
D,DISPATCH,UNIT_SCADA,1,"2019/09/05 01:50:00",HDWF2,19.20
D,DISPATCH,UNIT_SCADA,1,"2019/09/05 01:50:00",HDWF3,22.30
D,DISPATCH,UNIT_SCADA,1,"2019/09/05 01:50:00",HPRG1,2.90
D,DISPATCH,UNIT_SCADA,1,"2019/09/05 01:50:00",HPRL1,0
D,DISPATCH,UNIT_SCADA,1,"2019/09/05 01:50:00",HUMENSW,0
D,DISPATCH,UNIT_SCADA,1,"2019/09/05 01:50:00",HUMEV,25.50
D,DISPATCH,UNIT_SCADA,1,"2019/09/05 01:50:00",HVGTS,0
D,DISPATCH,UNIT_SCADA,1,"2019/09/05 01:50:00",JBUTTERS,0
D,DISPATCH,UNIT_SCADA,1,"2019/09/05 01:50:00",JLA01,0.10
D,DISPATCH,UNIT_SCADA,1,"2019/09/05 01:50:00",JLA02,0
D,DISPATCH,UNIT_SCADA,1,"2019/09/05 01:50:00",JLA03,0
D,DISPATCH,UNIT_SCADA,1,"2019/09/05 01:50:00",JLA04,0
D,DISPATCH,UNIT_SCADA,1,"2019/09/05 01:50:00",JLB01,0
D,DISPATCH,UNIT_SCADA,1,"2019/09/05 01:50:00",JLB02,0.10
D,DISPATCH,UNIT_SCADA,1,"2019/09/05 01:50:00",JLB03,0
D,DISPATCH,UNIT_SCADA,1,"2019/09/05 01:50:00",KAREEYA1,21.5750
D,DISPATCH,UNIT_SCADA,1,"2019/09/05 01:50:00",KAREEYA2,21.8275
D,DISPATCH,UNIT_SCADA,1,"2019/09/05 01:50:00",KAREEYA3,0
D,DISPATCH,UNIT_SCADA,1,"2019/09/05 01:50:00",KAREEYA4,21.65
D,DISPATCH,UNIT_SCADA,1,"2019/09/05 01:50:00",KARSF1,0
D,DISPATCH,UNIT_SCADA,1,"2019/09/05 01:50:00",KIATAWF1,1.70
D,DISPATCH,UNIT_SCADA,1,"2019/09/05 01:50:00",KPP_1,0
D,DISPATCH,UNIT_SCADA,1,"2019/09/05 01:50:00",KSP1,0
D,DISPATCH,UNIT_SCADA,1,"2019/09/05 01:50:00",LADBROK1,0
D,DISPATCH,UNIT_SCADA,1,"2019/09/05 01:50:00",LADBROK2,0
D,DISPATCH,UNIT_SCADA,1,"2019/09/05 01:50:00",LD01,353.081270
D,DISPATCH,UNIT_SCADA,1,"2019/09/05 01:50:00",LD02,322.556180
D,DISPATCH,UNIT_SCADA,1,"2019/09/05 01:50:00",LD03,351.3750
D,DISPATCH,UNIT_SCADA,1,"2019/09/05 01:50:00",LD04,351.468780
D,DISPATCH,UNIT_SCADA,1,"2019/09/05 01:50:00",LEM_WIL,81.6225
D,DISPATCH,UNIT_SCADA,1,"2019/09/05 01:50:00",LGAPWF1,34.58
D,DISPATCH,UNIT_SCADA,1,"2019/09/05 01:50:00",LILYSF1,0
D,DISPATCH,UNIT_SCADA,1,"2019/09/05 01:50:00",LI_WY_CA,143.339050
D,DISPATCH,UNIT_SCADA,1,"2019/09/05 01:50:00",LKBONNY2,16.907050
D,DISPATCH,UNIT_SCADA,1,"2019/09/05 01:50:00",LKBONNY3,7.256860
D,DISPATCH,UNIT_SCADA,1,"2019/09/05 01:50:00",LK_ECHO,0
D,DISPATCH,UNIT_SCADA,1,"2019/09/05 01:50:00",LNGS1,0
D,DISPATCH,UNIT_SCADA,1,"2019/09/05 01:50:00",LNGS2,0
D,DISPATCH,UNIT_SCADA,1,"2019/09/05 01:50:00",LONSDALE,0
D,DISPATCH,UNIT_SCADA,1,"2019/09/05 01:50:00",LOYYB1,536.464540
D,DISPATCH,UNIT_SCADA,1,"2019/09/05 01:50:00",LOYYB2,582.7063
D,DISPATCH,UNIT_SCADA,1,"2019/09/05 01:50:00",LYA1,0
D,DISPATCH,UNIT_SCADA,1,"2019/09/05 01:50:00",LYA2,0
D,DISPATCH,UNIT_SCADA,1,"2019/09/05 01:50:00",LYA3,558
D,DISPATCH,UNIT_SCADA,1,"2019/09/05 01:50:00",LYA4,539
D,DISPATCH,UNIT_SCADA,1,"2019/09/05 01:50:00",MACARTH1,41.799030
D,DISPATCH,UNIT_SCADA,1,"2019/09/05 01:50:00",MACKAYGT,0.2240
D,DISPATCH,UNIT_SCADA,1,"2019/09/05 01:50:00",MACKNTSH,88.790010
D,DISPATCH,UNIT_SCADA,1,"2019/09/05 01:50:00",MANSLR1,0
D,DISPATCH,UNIT_SCADA,1,"2019/09/05 01:50:00",MCKAY1,0.0750
D,DISPATCH,UNIT_SCADA,1,"2019/09/05 01:50:00",MEADOWBK,25.1504
D,DISPATCH,UNIT_SCADA,1,"2019/09/05 01:50:00",MERCER01,7.3540
D,DISPATCH,UNIT_SCADA,1,"2019/09/05 01:50:00",MEWF1,55.922690
D,DISPATCH,UNIT_SCADA,1,"2019/09/05 01:50:00",MINTARO,0
D,DISPATCH,UNIT_SCADA,1,"2019/09/05 01:50:00",MOREESF1,0
D,DISPATCH,UNIT_SCADA,1,"2019/09/05 01:50:00",MORTLK11,261
D,DISPATCH,UNIT_SCADA,1,"2019/09/05 01:50:00",MORTLK12,0
D,DISPATCH,UNIT_SCADA,1,"2019/09/05 01:50:00",MP1,219.600040
D,DISPATCH,UNIT_SCADA,1,"2019/09/05 01:50:00",MP2,0
D,DISPATCH,UNIT_SCADA,1,"2019/09/05 01:50:00",MPP_1,398.25
D,DISPATCH,UNIT_SCADA,1,"2019/09/05 01:50:00",MPP_2,436
D,DISPATCH,UNIT_SCADA,1,"2019/09/05 01:50:00",MSTUART1,0
D,DISPATCH,UNIT_SCADA,1,"2019/09/05 01:50:00",MSTUART2,0
D,DISPATCH,UNIT_SCADA,1,"2019/09/05 01:50:00",MSTUART3,0
D,DISPATCH,UNIT_SCADA,1,"2019/09/05 01:50:00",MTGELWF1,4.85
D,DISPATCH,UNIT_SCADA,1,"2019/09/05 01:50:00",MURRAY,0
D,DISPATCH,UNIT_SCADA,1,"2019/09/05 01:50:00",MUSSELR1,31.20
D,DISPATCH,UNIT_SCADA,1,"2019/09/05 01:50:00",MUWAWF1,0.05
D,DISPATCH,UNIT_SCADA,1,"2019/09/05 01:50:00",NBHWF1,21.10
D,DISPATCH,UNIT_SCADA,1,"2019/09/05 01:50:00",NPS,100.8750
D,DISPATCH,UNIT_SCADA,1,"2019/09/05 01:50:00",NUMURSF1,0
D,DISPATCH,UNIT_SCADA,1,"2019/09/05 01:50:00",NYNGAN1,0
D,DISPATCH,UNIT_SCADA,1,"2019/09/05 01:50:00",OAKEY1,0
D,DISPATCH,UNIT_SCADA,1,"2019/09/05 01:50:00",OAKEY1SF,0
D,DISPATCH,UNIT_SCADA,1,"2019/09/05 01:50:00",OAKEY2,0
D,DISPATCH,UNIT_SCADA,1,"2019/09/05 01:50:00",OAKEY2SF,0
D,DISPATCH,UNIT_SCADA,1,"2019/09/05 01:50:00",OAKLAND1,7.4040
D,DISPATCH,UNIT_SCADA,1,"2019/09/05 01:50:00",OSB-AG,180.34
D,DISPATCH,UNIT_SCADA,1,"2019/09/05 01:50:00",PARSF1,0
D,DISPATCH,UNIT_SCADA,1,"2019/09/05 01:50:00",POAT110,0
D,DISPATCH,UNIT_SCADA,1,"2019/09/05 01:50:00",POAT220,1.59
D,DISPATCH,UNIT_SCADA,1,"2019/09/05 01:50:00",POR01,0
D,DISPATCH,UNIT_SCADA,1,"2019/09/05 01:50:00",POR03,0
D,DISPATCH,UNIT_SCADA,1,"2019/09/05 01:50:00",PPCCGT,486.9581
D,DISPATCH,UNIT_SCADA,1,"2019/09/05 01:50:00",PTSTAN1,0
D,DISPATCH,UNIT_SCADA,1,"2019/09/05 01:50:00",PUMP1,0
D,DISPATCH,UNIT_SCADA,1,"2019/09/05 01:50:00",PUMP2,0
D,DISPATCH,UNIT_SCADA,1,"2019/09/05 01:50:00",QPS1,0
D,DISPATCH,UNIT_SCADA,1,"2019/09/05 01:50:00",QPS2,0
D,DISPATCH,UNIT_SCADA,1,"2019/09/05 01:50:00",QPS3,0
D,DISPATCH,UNIT_SCADA,1,"2019/09/05 01:50:00",QPS4,0
D,DISPATCH,UNIT_SCADA,1,"2019/09/05 01:50:00",QPS5,0
D,DISPATCH,UNIT_SCADA,1,"2019/09/05 01:50:00",REECE1,100.430010
D,DISPATCH,UNIT_SCADA,1,"2019/09/05 01:50:00",REECE2,102.27
D,DISPATCH,UNIT_SCADA,1,"2019/09/05 01:50:00",ROMA_7,0
D,DISPATCH,UNIT_SCADA,1,"2019/09/05 01:50:00",ROMA_8,0
D,DISPATCH,UNIT_SCADA,1,"2019/09/05 01:50:00",RRSF1,0
D,DISPATCH,UNIT_SCADA,1,"2019/09/05 01:50:00",RT_NSW1,0
D,DISPATCH,UNIT_SCADA,1,"2019/09/05 01:50:00",RT_NSW2,0
D,DISPATCH,UNIT_SCADA,1,"2019/09/05 01:50:00",RT_NSW3,0
D,DISPATCH,UNIT_SCADA,1,"2019/09/05 01:50:00",RT_NSW4,0
D,DISPATCH,UNIT_SCADA,1,"2019/09/05 01:50:00",RT_NSW5,0
D,DISPATCH,UNIT_SCADA,1,"2019/09/05 01:50:00",RT_NSW6,0
D,DISPATCH,UNIT_SCADA,1,"2019/09/05 01:50:00",RT_QLD1,0
D,DISPATCH,UNIT_SCADA,1,"2019/09/05 01:50:00",RT_SA1,0
D,DISPATCH,UNIT_SCADA,1,"2019/09/05 01:50:00",RT_SA2,0
D,DISPATCH,UNIT_SCADA,1,"2019/09/05 01:50:00",RT_SA3,0
D,DISPATCH,UNIT_SCADA,1,"2019/09/05 01:50:00",RT_SA4,0
D,DISPATCH,UNIT_SCADA,1,"2019/09/05 01:50:00",RT_SA5,0
D,DISPATCH,UNIT_SCADA,1,"2019/09/05 01:50:00",RT_SA6,0
D,DISPATCH,UNIT_SCADA,1,"2019/09/05 01:50:00",RT_TAS1,0
D,DISPATCH,UNIT_SCADA,1,"2019/09/05 01:50:00",RT_VIC1,0
D,DISPATCH,UNIT_SCADA,1,"2019/09/05 01:50:00",RT_VIC10,0
D,DISPATCH,UNIT_SCADA,1,"2019/09/05 01:50:00",RT_VIC11,0
D,DISPATCH,UNIT_SCADA,1,"2019/09/05 01:50:00",RT_VIC12,0
D,DISPATCH,UNIT_SCADA,1,"2019/09/05 01:50:00",RT_VIC2,0
D,DISPATCH,UNIT_SCADA,1,"2019/09/05 01:50:00",RT_VIC3,0
D,DISPATCH,UNIT_SCADA,1,"2019/09/05 01:50:00",RT_VIC4,0
D,DISPATCH,UNIT_SCADA,1,"2019/09/05 01:50:00",RT_VIC5,0
D,DISPATCH,UNIT_SCADA,1,"2019/09/05 01:50:00",RT_VIC6,0
D,DISPATCH,UNIT_SCADA,1,"2019/09/05 01:50:00",RT_VIC7,0
D,DISPATCH,UNIT_SCADA,1,"2019/09/05 01:50:00",RT_VIC8,0
D,DISPATCH,UNIT_SCADA,1,"2019/09/05 01:50:00",RT_VIC9,0
D,DISPATCH,UNIT_SCADA,1,"2019/09/05 01:50:00",RUGBYR1,0
D,DISPATCH,UNIT_SCADA,1,"2019/09/05 01:50:00",SALTCRK1,1.98
D,DISPATCH,UNIT_SCADA,1,"2019/09/05 01:50:00",SAPHWF1,25.771880
D,DISPATCH,UNIT_SCADA,1,"2019/09/05 01:50:00",SHGEN,0
D,DISPATCH,UNIT_SCADA,1,"2019/09/05 01:50:00",SHPUMP,157.358430
D,DISPATCH,UNIT_SCADA,1,"2019/09/05 01:50:00",SITHE01,0.194050
D,DISPATCH,UNIT_SCADA,1,"2019/09/05 01:50:00",SMCSF1,0
D,DISPATCH,UNIT_SCADA,1,"2019/09/05 01:50:00",SNOWNTH1,0
D,DISPATCH,UNIT_SCADA,1,"2019/09/05 01:50:00",SNOWSTH1,0
D,DISPATCH,UNIT_SCADA,1,"2019/09/05 01:50:00",SNOWTWN1,-0.498140
D,DISPATCH,UNIT_SCADA,1,"2019/09/05 01:50:00",SNOWYP,0
D,DISPATCH,UNIT_SCADA,1,"2019/09/05 01:50:00",SNUG1,0.019440
D,DISPATCH,UNIT_SCADA,1,"2019/09/05 01:50:00",SRSF1,0
D,DISPATCH,UNIT_SCADA,1,"2019/09/05 01:50:00",STAN-1,220.466160
D,DISPATCH,UNIT_SCADA,1,"2019/09/05 01:50:00",STAN-2,248.1526
D,DISPATCH,UNIT_SCADA,1,"2019/09/05 01:50:00",STAN-3,250.652080
D,DISPATCH,UNIT_SCADA,1,"2019/09/05 01:50:00",STAN-4,252.331210
D,DISPATCH,UNIT_SCADA,1,"2019/09/05 01:50:00",STWF1,175.882510
D,DISPATCH,UNIT_SCADA,1,"2019/09/05 01:50:00",SWAN_E,0
D,DISPATCH,UNIT_SCADA,1,"2019/09/05 01:50:00",TALWA1,411
D,DISPATCH,UNIT_SCADA,1,"2019/09/05 01:50:00",TARALGA1,63.063750
D,DISPATCH,UNIT_SCADA,1,"2019/09/05 01:50:00",TARONG#1,275
D,DISPATCH,UNIT_SCADA,1,"2019/09/05 01:50:00",TARONG#2,0
D,DISPATCH,UNIT_SCADA,1,"2019/09/05 01:50:00",TARONG#3,260.399990
D,DISPATCH,UNIT_SCADA,1,"2019/09/05 01:50:00",TARONG#4,279.100010
D,DISPATCH,UNIT_SCADA,1,"2019/09/05 01:50:00",TARRALEA,71.10
D,DISPATCH,UNIT_SCADA,1,"2019/09/05 01:50:00",TBSF1,-0.20
D,DISPATCH,UNIT_SCADA,1,"2019/09/05 01:50:00",TNPS1,379.600010
D,DISPATCH,UNIT_SCADA,1,"2019/09/05 01:50:00",TORRA1,71.258050
D,DISPATCH,UNIT_SCADA,1,"2019/09/05 01:50:00",TORRA2,0
D,DISPATCH,UNIT_SCADA,1,"2019/09/05 01:50:00",TORRA3,0
D,DISPATCH,UNIT_SCADA,1,"2019/09/05 01:50:00",TORRA4,68.682590
D,DISPATCH,UNIT_SCADA,1,"2019/09/05 01:50:00",TORRB1,91.46
D,DISPATCH,UNIT_SCADA,1,"2019/09/05 01:50:00",TORRB2,90.69
D,DISPATCH,UNIT_SCADA,1,"2019/09/05 01:50:00",TORRB3,93.87
D,DISPATCH,UNIT_SCADA,1,"2019/09/05 01:50:00",TORRB4,0
D,DISPATCH,UNIT_SCADA,1,"2019/09/05 01:50:00",TREVALLN,2.20
D,DISPATCH,UNIT_SCADA,1,"2019/09/05 01:50:00",TRIBUTE,0
D,DISPATCH,UNIT_SCADA,1,"2019/09/05 01:50:00",TUMUT3,0
D,DISPATCH,UNIT_SCADA,1,"2019/09/05 01:50:00",TUNGATIN,118.970030
D,DISPATCH,UNIT_SCADA,1,"2019/09/05 01:50:00",TVCC201,0
D,DISPATCH,UNIT_SCADA,1,"2019/09/05 01:50:00",TVPP104,0
D,DISPATCH,UNIT_SCADA,1,"2019/09/05 01:50:00",UPPTUMUT,39.035160
D,DISPATCH,UNIT_SCADA,1,"2019/09/05 01:50:00",URANQ11,0
D,DISPATCH,UNIT_SCADA,1,"2019/09/05 01:50:00",URANQ12,0
D,DISPATCH,UNIT_SCADA,1,"2019/09/05 01:50:00",URANQ13,0
D,DISPATCH,UNIT_SCADA,1,"2019/09/05 01:50:00",URANQ14,0
D,DISPATCH,UNIT_SCADA,1,"2019/09/05 01:50:00",VP5,625.649960
D,DISPATCH,UNIT_SCADA,1,"2019/09/05 01:50:00",VP6,0
D,DISPATCH,UNIT_SCADA,1,"2019/09/05 01:50:00",VPGS1,0
D,DISPATCH,UNIT_SCADA,1,"2019/09/05 01:50:00",VPGS2,0
D,DISPATCH,UNIT_SCADA,1,"2019/09/05 01:50:00",VPGS3,0
D,DISPATCH,UNIT_SCADA,1,"2019/09/05 01:50:00",VPGS4,0
D,DISPATCH,UNIT_SCADA,1,"2019/09/05 01:50:00",VPGS5,0
D,DISPATCH,UNIT_SCADA,1,"2019/09/05 01:50:00",VPGS6,0
D,DISPATCH,UNIT_SCADA,1,"2019/09/05 01:50:00",W/HOE#1,0
D,DISPATCH,UNIT_SCADA,1,"2019/09/05 01:50:00",W/HOE#2,0
D,DISPATCH,UNIT_SCADA,1,"2019/09/05 01:50:00",WATERLWF,-0.90
D,DISPATCH,UNIT_SCADA,1,"2019/09/05 01:50:00",WEMENSF1,0
D,DISPATCH,UNIT_SCADA,1,"2019/09/05 01:50:00",WGWF1,19.20
D,DISPATCH,UNIT_SCADA,1,"2019/09/05 01:50:00",WHITSF1,0
D,DISPATCH,UNIT_SCADA,1,"2019/09/05 01:50:00",WKIEWA1,14.40
D,DISPATCH,UNIT_SCADA,1,"2019/09/05 01:50:00",WKIEWA2,14.50
D,DISPATCH,UNIT_SCADA,1,"2019/09/05 01:50:00",WOODLWN1,10.566010
D,DISPATCH,UNIT_SCADA,1,"2019/09/05 01:50:00",WRSF1,0
D,DISPATCH,UNIT_SCADA,1,"2019/09/05 01:50:00",WRWF1,15.541240
D,DISPATCH,UNIT_SCADA,1,"2019/09/05 01:50:00",YABULU,0
D,DISPATCH,UNIT_SCADA,1,"2019/09/05 01:50:00",YABULU2,0
D,DISPATCH,UNIT_SCADA,1,"2019/09/05 01:50:00",YARWUN_1,165.759990
D,DISPATCH,UNIT_SCADA,1,"2019/09/05 01:50:00",YENDWF1,-1.27
D,DISPATCH,UNIT_SCADA,1,"2019/09/05 01:50:00",YWPS1,381.202550
D,DISPATCH,UNIT_SCADA,1,"2019/09/05 01:50:00",YWPS2,282.453160
D,DISPATCH,UNIT_SCADA,1,"2019/09/05 01:50:00",YWPS3,310.554440
D,DISPATCH,UNIT_SCADA,1,"2019/09/05 01:50:00",YWPS4,386.205080
C,"END OF REPORT",333
