C,NEMP.WORLD,DISPATCHSCADA,AEMO,PUBLIC,2019/08/21,12:40:10,0000000311826287,DISPATCHSCADA,0000000311826281
I,DISPATCH,UNIT_SCADA,1,SETTLEMENTDATE,DUID,SCADAVALUE
D,DISPATCH,UNIT_SCADA,1,"2019/08/21 12:45:00",BARCSF1,17.800001
D,DISPATCH,UNIT_SCADA,1,"2019/08/21 12:45:00",BUTLERSG,9.599998
D,DISPATCH,UNIT_SCADA,1,"2019/08/21 12:45:00",CALL_A_4,0
D,DISPATCH,UNIT_SCADA,1,"2019/08/21 12:45:00",CAPTL_WF,133.099991
D,DISPATCH,UNIT_SCADA,1,"2019/08/21 12:45:00",CATHROCK,15.029999
D,DISPATCH,UNIT_SCADA,1,"2019/08/21 12:45:00",CHALLHWF,35.199997
D,DISPATCH,UNIT_SCADA,1,"2019/08/21 12:45:00",CLOVER,0
D,DISPATCH,UNIT_SCADA,1,"2019/08/21 12:45:00",CLUNY,20.201878
D,DISPATCH,UNIT_SCADA,1,"2019/08/21 12:45:00",CNUNDAWF,30.135153
D,DISPATCH,UNIT_SCADA,1,"2019/08/21 12:45:00",CULLRGWF,30.40
D,DISPATCH,UNIT_SCADA,1,"2019/08/21 12:45:00",ERGT01,0
D,DISPATCH,UNIT_SCADA,1,"2019/08/21 12:45:00",GB01,0.069416
D,DISPATCH,UNIT_SCADA,1,"2019/08/21 12:45:00",GERMCRK,34.599998
D,DISPATCH,UNIT_SCADA,1,"2019/08/21 12:45:00",GRIFSF1,11.300003
D,DISPATCH,UNIT_SCADA,1,"2019/08/21 12:45:00",HUGSF1,8.9490
D,DISPATCH,UNIT_SCADA,1,"2019/08/21 12:45:00",LKBONNY1,51.263573
D,DISPATCH,UNIT_SCADA,1,"2019/08/21 12:45:00",LRSF1,12.384001
D,DISPATCH,UNIT_SCADA,1,"2019/08/21 12:45:00",MBAHNTH,55.856247
D,DISPATCH,UNIT_SCADA,1,"2019/08/21 12:45:00",MLSP1,11.172001
D,DISPATCH,UNIT_SCADA,1,"2019/08/21 12:45:00",MLWF1,19.74
D,DISPATCH,UNIT_SCADA,1,"2019/08/21 12:45:00",MTMILLAR,9.026311
D,DISPATCH,UNIT_SCADA,1,"2019/08/21 12:45:00",PALOONA,25.75
D,DISPATCH,UNIT_SCADA,1,"2019/08/21 12:45:00",PIONEER,42.50
D,DISPATCH,UNIT_SCADA,1,"2019/08/21 12:45:00",PORTWF,134.399994
D,DISPATCH,UNIT_SCADA,1,"2019/08/21 12:45:00",REPULSE,28.803539
D,DISPATCH,UNIT_SCADA,1,"2019/08/21 12:45:00",ROWALLAN,10.3305
D,DISPATCH,UNIT_SCADA,1,"2019/08/21 12:45:00",ROYALLA1,18.298002
D,DISPATCH,UNIT_SCADA,1,"2019/08/21 12:45:00",RPCG,10.70
D,DISPATCH,UNIT_SCADA,1,"2019/08/21 12:45:00",RUBICON,0
D,DISPATCH,UNIT_SCADA,1,"2019/08/21 12:45:00",SATGN1,0
D,DISPATCH,UNIT_SCADA,1,"2019/08/21 12:45:00",SATGS1,0
D,DISPATCH,UNIT_SCADA,1,"2019/08/21 12:45:00",STARHLWF,9.697172
D,DISPATCH,UNIT_SCADA,1,"2019/08/21 12:45:00",WAUBRAWF,176.893997
D,DISPATCH,UNIT_SCADA,1,"2019/08/21 12:45:00",WOOLNTH1,127.060013
D,DISPATCH,UNIT_SCADA,1,"2019/08/21 12:45:00",WPWF,53
D,DISPATCH,UNIT_SCADA,1,"2019/08/21 12:45:00",YAMBUKWF,28.90
D,DISPATCH,UNIT_SCADA,1,"2019/08/21 12:45:00",YSWF1,27.90
D,DISPATCH,UNIT_SCADA,1,"2019/08/21 12:45:00",AGLHAL,0
D,DISPATCH,UNIT_SCADA,1,"2019/08/21 12:45:00",AGLSOM,0
D,DISPATCH,UNIT_SCADA,1,"2019/08/21 12:45:00",ANGAST1,0
D,DISPATCH,UNIT_SCADA,1,"2019/08/21 12:45:00",ARWF1,185.50
D,DISPATCH,UNIT_SCADA,1,"2019/08/21 12:45:00",BALBG1,0
D,DISPATCH,UNIT_SCADA,1,"2019/08/21 12:45:00",BALBL1,20.60
D,DISPATCH,UNIT_SCADA,1,"2019/08/21 12:45:00",BALDHWF1,101.1750
D,DISPATCH,UNIT_SCADA,1,"2019/08/21 12:45:00",BANN1,41.67
D,DISPATCH,UNIT_SCADA,1,"2019/08/21 12:45:00",BARCALDN,0
D,DISPATCH,UNIT_SCADA,1,"2019/08/21 12:45:00",BARRON-1,0
D,DISPATCH,UNIT_SCADA,1,"2019/08/21 12:45:00",BARRON-2,0
D,DISPATCH,UNIT_SCADA,1,"2019/08/21 12:45:00",BASTYAN,78.780010
D,DISPATCH,UNIT_SCADA,1,"2019/08/21 12:45:00",BBTHREE1,-1.89
D,DISPATCH,UNIT_SCADA,1,"2019/08/21 12:45:00",BBTHREE2,-1.91
D,DISPATCH,UNIT_SCADA,1,"2019/08/21 12:45:00",BBTHREE3,-1.01
D,DISPATCH,UNIT_SCADA,1,"2019/08/21 12:45:00",BDL01,0
D,DISPATCH,UNIT_SCADA,1,"2019/08/21 12:45:00",BDL02,0
D,DISPATCH,UNIT_SCADA,1,"2019/08/21 12:45:00",BERYLSF1,76.799260
D,DISPATCH,UNIT_SCADA,1,"2019/08/21 12:45:00",BLOWERNG,0
D,DISPATCH,UNIT_SCADA,1,"2019/08/21 12:45:00",BLUFF1,17.30
D,DISPATCH,UNIT_SCADA,1,"2019/08/21 12:45:00",BNGSF1,87.98
D,DISPATCH,UNIT_SCADA,1,"2019/08/21 12:45:00",BNGSF2,19.81
D,DISPATCH,UNIT_SCADA,1,"2019/08/21 12:45:00",BOCORWF1,88
D,DISPATCH,UNIT_SCADA,1,"2019/08/21 12:45:00",BODWF1,95.162190
D,DISPATCH,UNIT_SCADA,1,"2019/08/21 12:45:00",BRAEMAR1,0
D,DISPATCH,UNIT_SCADA,1,"2019/08/21 12:45:00",BRAEMAR2,0
D,DISPATCH,UNIT_SCADA,1,"2019/08/21 12:45:00",BRAEMAR3,0
D,DISPATCH,UNIT_SCADA,1,"2019/08/21 12:45:00",BRAEMAR5,0
D,DISPATCH,UNIT_SCADA,1,"2019/08/21 12:45:00",BRAEMAR6,0
D,DISPATCH,UNIT_SCADA,1,"2019/08/21 12:45:00",BRAEMAR7,0
D,DISPATCH,UNIT_SCADA,1,"2019/08/21 12:45:00",BROKENH1,52.938960
D,DISPATCH,UNIT_SCADA,1,"2019/08/21 12:45:00",BW01,324.174930
D,DISPATCH,UNIT_SCADA,1,"2019/08/21 12:45:00",BW02,399.099980
D,DISPATCH,UNIT_SCADA,1,"2019/08/21 12:45:00",BW03,455.825070
D,DISPATCH,UNIT_SCADA,1,"2019/08/21 12:45:00",BW04,0
D,DISPATCH,UNIT_SCADA,1,"2019/08/21 12:45:00",CALL_B_1,280.399990
D,DISPATCH,UNIT_SCADA,1,"2019/08/21 12:45:00",CALL_B_2,202.70
D,DISPATCH,UNIT_SCADA,1,"2019/08/21 12:45:00",CETHANA,75.252370
D,DISPATCH,UNIT_SCADA,1,"2019/08/21 12:45:00",CG1,0
D,DISPATCH,UNIT_SCADA,1,"2019/08/21 12:45:00",CG2,0
D,DISPATCH,UNIT_SCADA,1,"2019/08/21 12:45:00",CG3,0
D,DISPATCH,UNIT_SCADA,1,"2019/08/21 12:45:00",CG4,0
D,DISPATCH,UNIT_SCADA,1,"2019/08/21 12:45:00",CHILDSF1,40.04
D,DISPATCH,UNIT_SCADA,1,"2019/08/21 12:45:00",CLARESF1,2.031940
D,DISPATCH,UNIT_SCADA,1,"2019/08/21 12:45:00",CLEMGPWF,9.8688
D,DISPATCH,UNIT_SCADA,1,"2019/08/21 12:45:00",CLERMSF1,0.59
D,DISPATCH,UNIT_SCADA,1,"2019/08/21 12:45:00",COLEASF1,75.40
D,DISPATCH,UNIT_SCADA,1,"2019/08/21 12:45:00",COOPGWF1,26.405120
D,DISPATCH,UNIT_SCADA,1,"2019/08/21 12:45:00",CPP_3,292.325010
D,DISPATCH,UNIT_SCADA,1,"2019/08/21 12:45:00",CPP_4,299.475010
D,DISPATCH,UNIT_SCADA,1,"2019/08/21 12:45:00",CPSA,142.819370
D,DISPATCH,UNIT_SCADA,1,"2019/08/21 12:45:00",CROOKWF2,89.333750
D,DISPATCH,UNIT_SCADA,1,"2019/08/21 12:45:00",CROWLWF1,46.940160
D,DISPATCH,UNIT_SCADA,1,"2019/08/21 12:45:00",CSPVPS1,0.5960
D,DISPATCH,UNIT_SCADA,1,"2019/08/21 12:45:00",DALNTH01,0
D,DISPATCH,UNIT_SCADA,1,"2019/08/21 12:45:00",DALNTHL1,0.105290
D,DISPATCH,UNIT_SCADA,1,"2019/08/21 12:45:00",DARTM1,0
D,DISPATCH,UNIT_SCADA,1,"2019/08/21 12:45:00",DAYDSF1,109.0470
D,DISPATCH,UNIT_SCADA,1,"2019/08/21 12:45:00",DDPS1,0
D,DISPATCH,UNIT_SCADA,1,"2019/08/21 12:45:00",DDSF1,0
D,DISPATCH,UNIT_SCADA,1,"2019/08/21 12:45:00",DEVILS_G,0
D,DISPATCH,UNIT_SCADA,1,"2019/08/21 12:45:00",DG_NSW1,0
D,DISPATCH,UNIT_SCADA,1,"2019/08/21 12:45:00",DG_QLD1,0
D,DISPATCH,UNIT_SCADA,1,"2019/08/21 12:45:00",DG_SA1,0
D,DISPATCH,UNIT_SCADA,1,"2019/08/21 12:45:00",DG_TAS1,0
D,DISPATCH,UNIT_SCADA,1,"2019/08/21 12:45:00",DG_VIC1,0
D,DISPATCH,UNIT_SCADA,1,"2019/08/21 12:45:00",DRYCGT1,0
D,DISPATCH,UNIT_SCADA,1,"2019/08/21 12:45:00",DRYCGT2,0
D,DISPATCH,UNIT_SCADA,1,"2019/08/21 12:45:00",DRYCGT3,0
D,DISPATCH,UNIT_SCADA,1,"2019/08/21 12:45:00",EILDON1,0
D,DISPATCH,UNIT_SCADA,1,"2019/08/21 12:45:00",EILDON2,0
D,DISPATCH,UNIT_SCADA,1,"2019/08/21 12:45:00",EMERASF1,64.29
D,DISPATCH,UNIT_SCADA,1,"2019/08/21 12:45:00",ER01,349.675050
D,DISPATCH,UNIT_SCADA,1,"2019/08/21 12:45:00",ER02,364.599980
D,DISPATCH,UNIT_SCADA,1,"2019/08/21 12:45:00",ER03,673.349980
D,DISPATCH,UNIT_SCADA,1,"2019/08/21 12:45:00",ER04,350.900020
D,DISPATCH,UNIT_SCADA,1,"2019/08/21 12:45:00",FINLYSF1,1.245370
D,DISPATCH,UNIT_SCADA,1,"2019/08/21 12:45:00",FISHER,45.87
D,DISPATCH,UNIT_SCADA,1,"2019/08/21 12:45:00",GANNBG1,0
D,DISPATCH,UNIT_SCADA,1,"2019/08/21 12:45:00",GANNBL1,14.369150
D,DISPATCH,UNIT_SCADA,1,"2019/08/21 12:45:00",GANNSF1,42.40
D,DISPATCH,UNIT_SCADA,1,"2019/08/21 12:45:00",GORDON,0
D,DISPATCH,UNIT_SCADA,1,"2019/08/21 12:45:00",GSTONE1,109.90
D,DISPATCH,UNIT_SCADA,1,"2019/08/21 12:45:00",GSTONE2,110.7750
D,DISPATCH,UNIT_SCADA,1,"2019/08/21 12:45:00",GSTONE3,110.25
D,DISPATCH,UNIT_SCADA,1,"2019/08/21 12:45:00",GSTONE4,127.5750
D,DISPATCH,UNIT_SCADA,1,"2019/08/21 12:45:00",GSTONE5,125.4750
D,DISPATCH,UNIT_SCADA,1,"2019/08/21 12:45:00",GSTONE6,0
D,DISPATCH,UNIT_SCADA,1,"2019/08/21 12:45:00",GULLRSF1,9.912020
D,DISPATCH,UNIT_SCADA,1,"2019/08/21 12:45:00",GULLRWF1,157.455630
D,DISPATCH,UNIT_SCADA,1,"2019/08/21 12:45:00",GUNNING1,44.579810
D,DISPATCH,UNIT_SCADA,1,"2019/08/21 12:45:00",GUTHEGA,0
D,DISPATCH,UNIT_SCADA,1,"2019/08/21 12:45:00",HALLWF1,41.33
D,DISPATCH,UNIT_SCADA,1,"2019/08/21 12:45:00",HALLWF2,42.81
D,DISPATCH,UNIT_SCADA,1,"2019/08/21 12:45:00",HAMISF1,45.10
D,DISPATCH,UNIT_SCADA,1,"2019/08/21 12:45:00",HAUGHT11,49.958910
D,DISPATCH,UNIT_SCADA,1,"2019/08/21 12:45:00",HAYMSF1,40.4960
D,DISPATCH,UNIT_SCADA,1,"2019/08/21 12:45:00",HDWF1,32.90
D,DISPATCH,UNIT_SCADA,1,"2019/08/21 12:45:00",HDWF2,30.50
D,DISPATCH,UNIT_SCADA,1,"2019/08/21 12:45:00",HDWF3,36
D,DISPATCH,UNIT_SCADA,1,"2019/08/21 12:45:00",HPRG1,0
D,DISPATCH,UNIT_SCADA,1,"2019/08/21 12:45:00",HPRL1,15.60
D,DISPATCH,UNIT_SCADA,1,"2019/08/21 12:45:00",HUMENSW,0
D,DISPATCH,UNIT_SCADA,1,"2019/08/21 12:45:00",HUMEV,9.90
D,DISPATCH,UNIT_SCADA,1,"2019/08/21 12:45:00",HVGTS,0
D,DISPATCH,UNIT_SCADA,1,"2019/08/21 12:45:00",JBUTTERS,84.09
D,DISPATCH,UNIT_SCADA,1,"2019/08/21 12:45:00",JLA01,0.50
D,DISPATCH,UNIT_SCADA,1,"2019/08/21 12:45:00",JLA02,0
D,DISPATCH,UNIT_SCADA,1,"2019/08/21 12:45:00",JLA03,0.10
D,DISPATCH,UNIT_SCADA,1,"2019/08/21 12:45:00",JLA04,0.10
D,DISPATCH,UNIT_SCADA,1,"2019/08/21 12:45:00",JLB01,0
D,DISPATCH,UNIT_SCADA,1,"2019/08/21 12:45:00",JLB02,0.10
D,DISPATCH,UNIT_SCADA,1,"2019/08/21 12:45:00",JLB03,0
D,DISPATCH,UNIT_SCADA,1,"2019/08/21 12:45:00",KAREEYA1,21.6125
D,DISPATCH,UNIT_SCADA,1,"2019/08/21 12:45:00",KAREEYA2,21.7975
D,DISPATCH,UNIT_SCADA,1,"2019/08/21 12:45:00",KAREEYA3,0
D,DISPATCH,UNIT_SCADA,1,"2019/08/21 12:45:00",KAREEYA4,21.7275
D,DISPATCH,UNIT_SCADA,1,"2019/08/21 12:45:00",KARSF1,49.90
D,DISPATCH,UNIT_SCADA,1,"2019/08/21 12:45:00",KIATAWF1,27.20
D,DISPATCH,UNIT_SCADA,1,"2019/08/21 12:45:00",KPP_1,0
D,DISPATCH,UNIT_SCADA,1,"2019/08/21 12:45:00",KSP1,47.70
D,DISPATCH,UNIT_SCADA,1,"2019/08/21 12:45:00",LADBROK1,0
D,DISPATCH,UNIT_SCADA,1,"2019/08/21 12:45:00",LADBROK2,0
D,DISPATCH,UNIT_SCADA,1,"2019/08/21 12:45:00",LD01,382.724950
D,DISPATCH,UNIT_SCADA,1,"2019/08/21 12:45:00",LD02,379.256290
D,DISPATCH,UNIT_SCADA,1,"2019/08/21 12:45:00",LD03,379.556210
D,DISPATCH,UNIT_SCADA,1,"2019/08/21 12:45:00",LD04,378.093780
D,DISPATCH,UNIT_SCADA,1,"2019/08/21 12:45:00",LEM_WIL,85.908740
D,DISPATCH,UNIT_SCADA,1,"2019/08/21 12:45:00",LGAPWF1,3.90
D,DISPATCH,UNIT_SCADA,1,"2019/08/21 12:45:00",LILYSF1,93.323260
D,DISPATCH,UNIT_SCADA,1,"2019/08/21 12:45:00",LI_WY_CA,147.593120
D,DISPATCH,UNIT_SCADA,1,"2019/08/21 12:45:00",LKBONNY2,101.962780
D,DISPATCH,UNIT_SCADA,1,"2019/08/21 12:45:00",LKBONNY3,25.008260
D,DISPATCH,UNIT_SCADA,1,"2019/08/21 12:45:00",LK_ECHO,0
D,DISPATCH,UNIT_SCADA,1,"2019/08/21 12:45:00",LNGS1,0
D,DISPATCH,UNIT_SCADA,1,"2019/08/21 12:45:00",LNGS2,0
D,DISPATCH,UNIT_SCADA,1,"2019/08/21 12:45:00",LONSDALE,0
D,DISPATCH,UNIT_SCADA,1,"2019/08/21 12:45:00",LOYYB1,535.712650
D,DISPATCH,UNIT_SCADA,1,"2019/08/21 12:45:00",LOYYB2,583.082280
D,DISPATCH,UNIT_SCADA,1,"2019/08/21 12:45:00",LYA1,498
D,DISPATCH,UNIT_SCADA,1,"2019/08/21 12:45:00",LYA2,0
D,DISPATCH,UNIT_SCADA,1,"2019/08/21 12:45:00",LYA3,559
D,DISPATCH,UNIT_SCADA,1,"2019/08/21 12:45:00",LYA4,529
D,DISPATCH,UNIT_SCADA,1,"2019/08/21 12:45:00",MACARTH1,286.893370
D,DISPATCH,UNIT_SCADA,1,"2019/08/21 12:45:00",MACKAYGT,0
D,DISPATCH,UNIT_SCADA,1,"2019/08/21 12:45:00",MACKNTSH,85.34
D,DISPATCH,UNIT_SCADA,1,"2019/08/21 12:45:00",MANSLR1,18.0210
D,DISPATCH,UNIT_SCADA,1,"2019/08/21 12:45:00",MCKAY1,0.02
D,DISPATCH,UNIT_SCADA,1,"2019/08/21 12:45:00",MEADOWBK,34.067360
D,DISPATCH,UNIT_SCADA,1,"2019/08/21 12:45:00",MERCER01,122.4420
D,DISPATCH,UNIT_SCADA,1,"2019/08/21 12:45:00",MEWF1,64.552960
D,DISPATCH,UNIT_SCADA,1,"2019/08/21 12:45:00",MINTARO,0
D,DISPATCH,UNIT_SCADA,1,"2019/08/21 12:45:00",MOREESF1,47.4420
D,DISPATCH,UNIT_SCADA,1,"2019/08/21 12:45:00",MORTLK11,0
D,DISPATCH,UNIT_SCADA,1,"2019/08/21 12:45:00",MORTLK12,0
D,DISPATCH,UNIT_SCADA,1,"2019/08/21 12:45:00",MP1,281.50
D,DISPATCH,UNIT_SCADA,1,"2019/08/21 12:45:00",MP2,0
D,DISPATCH,UNIT_SCADA,1,"2019/08/21 12:45:00",MPP_1,294.25
D,DISPATCH,UNIT_SCADA,1,"2019/08/21 12:45:00",MPP_2,379.75
D,DISPATCH,UNIT_SCADA,1,"2019/08/21 12:45:00",MSTUART1,0
D,DISPATCH,UNIT_SCADA,1,"2019/08/21 12:45:00",MSTUART2,0
D,DISPATCH,UNIT_SCADA,1,"2019/08/21 12:45:00",MSTUART3,0
D,DISPATCH,UNIT_SCADA,1,"2019/08/21 12:45:00",MTGELWF1,63.791320
D,DISPATCH,UNIT_SCADA,1,"2019/08/21 12:45:00",MURRAY,0
D,DISPATCH,UNIT_SCADA,1,"2019/08/21 12:45:00",MUSSELR1,160.399990
D,DISPATCH,UNIT_SCADA,1,"2019/08/21 12:45:00",MUWAWF1,56.04
D,DISPATCH,UNIT_SCADA,1,"2019/08/21 12:45:00",NBHWF1,47.80
D,DISPATCH,UNIT_SCADA,1,"2019/08/21 12:45:00",NPS,0
D,DISPATCH,UNIT_SCADA,1,"2019/08/21 12:45:00",NUMURSF1,75.54
D,DISPATCH,UNIT_SCADA,1,"2019/08/21 12:45:00",NYNGAN1,99
D,DISPATCH,UNIT_SCADA,1,"2019/08/21 12:45:00",OAKEY1,0
D,DISPATCH,UNIT_SCADA,1,"2019/08/21 12:45:00",OAKEY1SF,21.0120
D,DISPATCH,UNIT_SCADA,1,"2019/08/21 12:45:00",OAKEY2,0
D,DISPATCH,UNIT_SCADA,1,"2019/08/21 12:45:00",OAKLAND1,55.10
D,DISPATCH,UNIT_SCADA,1,"2019/08/21 12:45:00",OSB-AG,0
D,DISPATCH,UNIT_SCADA,1,"2019/08/21 12:45:00",PARSF1,21.103120
D,DISPATCH,UNIT_SCADA,1,"2019/08/21 12:45:00",POAT110,0
D,DISPATCH,UNIT_SCADA,1,"2019/08/21 12:45:00",POAT220,0.554240
D,DISPATCH,UNIT_SCADA,1,"2019/08/21 12:45:00",POR01,0
D,DISPATCH,UNIT_SCADA,1,"2019/08/21 12:45:00",POR03,0
D,DISPATCH,UNIT_SCADA,1,"2019/08/21 12:45:00",PPCCGT,174.894410
D,DISPATCH,UNIT_SCADA,1,"2019/08/21 12:45:00",PTSTAN1,0
D,DISPATCH,UNIT_SCADA,1,"2019/08/21 12:45:00",PUMP1,0
D,DISPATCH,UNIT_SCADA,1,"2019/08/21 12:45:00",PUMP2,0
D,DISPATCH,UNIT_SCADA,1,"2019/08/21 12:45:00",QPS1,0
D,DISPATCH,UNIT_SCADA,1,"2019/08/21 12:45:00",QPS2,0
D,DISPATCH,UNIT_SCADA,1,"2019/08/21 12:45:00",QPS3,0
D,DISPATCH,UNIT_SCADA,1,"2019/08/21 12:45:00",QPS4,0
D,DISPATCH,UNIT_SCADA,1,"2019/08/21 12:45:00",QPS5,0
D,DISPATCH,UNIT_SCADA,1,"2019/08/21 12:45:00",REECE1,116.530010
D,DISPATCH,UNIT_SCADA,1,"2019/08/21 12:45:00",REECE2,116.410010
D,DISPATCH,UNIT_SCADA,1,"2019/08/21 12:45:00",ROMA_7,0
D,DISPATCH,UNIT_SCADA,1,"2019/08/21 12:45:00",ROMA_8,0
D,DISPATCH,UNIT_SCADA,1,"2019/08/21 12:45:00",RRSF1,108.590350
D,DISPATCH,UNIT_SCADA,1,"2019/08/21 12:45:00",RT_NSW1,0
D,DISPATCH,UNIT_SCADA,1,"2019/08/21 12:45:00",RT_NSW2,0
D,DISPATCH,UNIT_SCADA,1,"2019/08/21 12:45:00",RT_NSW3,0
D,DISPATCH,UNIT_SCADA,1,"2019/08/21 12:45:00",RT_NSW4,0
D,DISPATCH,UNIT_SCADA,1,"2019/08/21 12:45:00",RT_NSW5,0
D,DISPATCH,UNIT_SCADA,1,"2019/08/21 12:45:00",RT_NSW6,0
D,DISPATCH,UNIT_SCADA,1,"2019/08/21 12:45:00",RT_QLD1,0
D,DISPATCH,UNIT_SCADA,1,"2019/08/21 12:45:00",RT_SA1,0
D,DISPATCH,UNIT_SCADA,1,"2019/08/21 12:45:00",RT_SA2,0
D,DISPATCH,UNIT_SCADA,1,"2019/08/21 12:45:00",RT_SA3,0
D,DISPATCH,UNIT_SCADA,1,"2019/08/21 12:45:00",RT_SA4,0
D,DISPATCH,UNIT_SCADA,1,"2019/08/21 12:45:00",RT_SA5,0
D,DISPATCH,UNIT_SCADA,1,"2019/08/21 12:45:00",RT_SA6,0
D,DISPATCH,UNIT_SCADA,1,"2019/08/21 12:45:00",RT_TAS1,0
D,DISPATCH,UNIT_SCADA,1,"2019/08/21 12:45:00",RT_VIC1,0
D,DISPATCH,UNIT_SCADA,1,"2019/08/21 12:45:00",RT_VIC10,0
D,DISPATCH,UNIT_SCADA,1,"2019/08/21 12:45:00",RT_VIC11,0
D,DISPATCH,UNIT_SCADA,1,"2019/08/21 12:45:00",RT_VIC12,0
D,DISPATCH,UNIT_SCADA,1,"2019/08/21 12:45:00",RT_VIC2,0
D,DISPATCH,UNIT_SCADA,1,"2019/08/21 12:45:00",RT_VIC3,0
D,DISPATCH,UNIT_SCADA,1,"2019/08/21 12:45:00",RT_VIC4,0
D,DISPATCH,UNIT_SCADA,1,"2019/08/21 12:45:00",RT_VIC5,0
D,DISPATCH,UNIT_SCADA,1,"2019/08/21 12:45:00",RT_VIC6,0
D,DISPATCH,UNIT_SCADA,1,"2019/08/21 12:45:00",RT_VIC7,0
D,DISPATCH,UNIT_SCADA,1,"2019/08/21 12:45:00",RT_VIC8,0
D,DISPATCH,UNIT_SCADA,1,"2019/08/21 12:45:00",RT_VIC9,0
D,DISPATCH,UNIT_SCADA,1,"2019/08/21 12:45:00",RUGBYR1,0
D,DISPATCH,UNIT_SCADA,1,"2019/08/21 12:45:00",SALTCRK1,50.95
D,DISPATCH,UNIT_SCADA,1,"2019/08/21 12:45:00",SAPHWF1,189.731230
D,DISPATCH,UNIT_SCADA,1,"2019/08/21 12:45:00",SHGEN,0
D,DISPATCH,UNIT_SCADA,1,"2019/08/21 12:45:00",SHPUMP,200.696720
D,DISPATCH,UNIT_SCADA,1,"2019/08/21 12:45:00",SITHE01,0.043330
D,DISPATCH,UNIT_SCADA,1,"2019/08/21 12:45:00",SMCSF1,55.1411
D,DISPATCH,UNIT_SCADA,1,"2019/08/21 12:45:00",SNOWNTH1,19.50
D,DISPATCH,UNIT_SCADA,1,"2019/08/21 12:45:00",SNOWSTH1,32.80
D,DISPATCH,UNIT_SCADA,1,"2019/08/21 12:45:00",SNOWTWN1,11.661350
D,DISPATCH,UNIT_SCADA,1,"2019/08/21 12:45:00",SNOWYP,381.299990
D,DISPATCH,UNIT_SCADA,1,"2019/08/21 12:45:00",SNUG1,0.019440
D,DISPATCH,UNIT_SCADA,1,"2019/08/21 12:45:00",SRSF1,34.55
D,DISPATCH,UNIT_SCADA,1,"2019/08/21 12:45:00",STAN-1,0
D,DISPATCH,UNIT_SCADA,1,"2019/08/21 12:45:00",STAN-2,278.159090
D,DISPATCH,UNIT_SCADA,1,"2019/08/21 12:45:00",STAN-3,277.646360
D,DISPATCH,UNIT_SCADA,1,"2019/08/21 12:45:00",STAN-4,281.901890
D,DISPATCH,UNIT_SCADA,1,"2019/08/21 12:45:00",STWF1,6.570010
D,DISPATCH,UNIT_SCADA,1,"2019/08/21 12:45:00",SWAN_E,0
D,DISPATCH,UNIT_SCADA,1,"2019/08/21 12:45:00",TALWA1,0
D,DISPATCH,UNIT_SCADA,1,"2019/08/21 12:45:00",TARALGA1,60.824990
D,DISPATCH,UNIT_SCADA,1,"2019/08/21 12:45:00",TARONG#1,277.399990
D,DISPATCH,UNIT_SCADA,1,"2019/08/21 12:45:00",TARONG#2,277.700010
D,DISPATCH,UNIT_SCADA,1,"2019/08/21 12:45:00",TARONG#3,260.399990
D,DISPATCH,UNIT_SCADA,1,"2019/08/21 12:45:00",TARONG#4,280
D,DISPATCH,UNIT_SCADA,1,"2019/08/21 12:45:00",TARRALEA,75.10
D,DISPATCH,UNIT_SCADA,1,"2019/08/21 12:45:00",TBSF1,94.50
D,DISPATCH,UNIT_SCADA,1,"2019/08/21 12:45:00",TNPS1,442.000030
D,DISPATCH,UNIT_SCADA,1,"2019/08/21 12:45:00",TORRA1,36.656340
D,DISPATCH,UNIT_SCADA,1,"2019/08/21 12:45:00",TORRA2,0
D,DISPATCH,UNIT_SCADA,1,"2019/08/21 12:45:00",TORRA3,0
D,DISPATCH,UNIT_SCADA,1,"2019/08/21 12:45:00",TORRA4,0
D,DISPATCH,UNIT_SCADA,1,"2019/08/21 12:45:00",TORRB1,39.85
D,DISPATCH,UNIT_SCADA,1,"2019/08/21 12:45:00",TORRB2,39.96
D,DISPATCH,UNIT_SCADA,1,"2019/08/21 12:45:00",TORRB3,0
D,DISPATCH,UNIT_SCADA,1,"2019/08/21 12:45:00",TORRB4,0
D,DISPATCH,UNIT_SCADA,1,"2019/08/21 12:45:00",TREVALLN,44.130020
D,DISPATCH,UNIT_SCADA,1,"2019/08/21 12:45:00",TRIBUTE,0
D,DISPATCH,UNIT_SCADA,1,"2019/08/21 12:45:00",TUMUT3,0
D,DISPATCH,UNIT_SCADA,1,"2019/08/21 12:45:00",TUNGATIN,6.630030
D,DISPATCH,UNIT_SCADA,1,"2019/08/21 12:45:00",TVCC201,0
D,DISPATCH,UNIT_SCADA,1,"2019/08/21 12:45:00",TVPP104,0
D,DISPATCH,UNIT_SCADA,1,"2019/08/21 12:45:00",UPPTUMUT,0
D,DISPATCH,UNIT_SCADA,1,"2019/08/21 12:45:00",URANQ11,0
D,DISPATCH,UNIT_SCADA,1,"2019/08/21 12:45:00",URANQ12,0
D,DISPATCH,UNIT_SCADA,1,"2019/08/21 12:45:00",URANQ13,0
D,DISPATCH,UNIT_SCADA,1,"2019/08/21 12:45:00",URANQ14,0
D,DISPATCH,UNIT_SCADA,1,"2019/08/21 12:45:00",VP5,322.900020
D,DISPATCH,UNIT_SCADA,1,"2019/08/21 12:45:00",VP6,334.450010
D,DISPATCH,UNIT_SCADA,1,"2019/08/21 12:45:00",VPGS1,0
D,DISPATCH,UNIT_SCADA,1,"2019/08/21 12:45:00",VPGS2,0
D,DISPATCH,UNIT_SCADA,1,"2019/08/21 12:45:00",VPGS3,0
D,DISPATCH,UNIT_SCADA,1,"2019/08/21 12:45:00",VPGS4,0
D,DISPATCH,UNIT_SCADA,1,"2019/08/21 12:45:00",VPGS5,0
D,DISPATCH,UNIT_SCADA,1,"2019/08/21 12:45:00",VPGS6,0
D,DISPATCH,UNIT_SCADA,1,"2019/08/21 12:45:00",W/HOE#1,0
D,DISPATCH,UNIT_SCADA,1,"2019/08/21 12:45:00",W/HOE#2,0
D,DISPATCH,UNIT_SCADA,1,"2019/08/21 12:45:00",WATERLWF,85.70
D,DISPATCH,UNIT_SCADA,1,"2019/08/21 12:45:00",WEMENSF1,35
D,DISPATCH,UNIT_SCADA,1,"2019/08/21 12:45:00",WGWF1,36.40
D,DISPATCH,UNIT_SCADA,1,"2019/08/21 12:45:00",WHITSF1,0
D,DISPATCH,UNIT_SCADA,1,"2019/08/21 12:45:00",WKIEWA1,0
D,DISPATCH,UNIT_SCADA,1,"2019/08/21 12:45:00",WKIEWA2,12
D,DISPATCH,UNIT_SCADA,1,"2019/08/21 12:45:00",WOODLWN1,44.972990
D,DISPATCH,UNIT_SCADA,1,"2019/08/21 12:45:00",WRSF1,11.05
D,DISPATCH,UNIT_SCADA,1,"2019/08/21 12:45:00",WRWF1,156.883760
D,DISPATCH,UNIT_SCADA,1,"2019/08/21 12:45:00",YABULU,0
D,DISPATCH,UNIT_SCADA,1,"2019/08/21 12:45:00",YABULU2,0
D,DISPATCH,UNIT_SCADA,1,"2019/08/21 12:45:00",YARWUN_1,0
D,DISPATCH,UNIT_SCADA,1,"2019/08/21 12:45:00",YENDWF1,42.07
D,DISPATCH,UNIT_SCADA,1,"2019/08/21 12:45:00",YWPS1,369.673430
D,DISPATCH,UNIT_SCADA,1,"2019/08/21 12:45:00",YWPS2,278.693660
D,DISPATCH,UNIT_SCADA,1,"2019/08/21 12:45:00",YWPS3,0
D,DISPATCH,UNIT_SCADA,1,"2019/08/21 12:45:00",YWPS4,350.073430
C,"END OF REPORT",334
