C,NEMP.WORLD,DISPATCHSCADA,AEMO,PUBLIC,2019/08/20,23:10:07,0000000311804037,DISPATCHSCADA,0000000311804031
I,DISPATCH,UNIT_SCADA,1,SETTLEMENTDATE,DUID,SCADAVALUE
D,DISPATCH,UNIT_SCADA,1,"2019/08/20 23:15:00",BARCSF1,0.50
D,DISPATCH,UNIT_SCADA,1,"2019/08/20 23:15:00",BUTLERSG,9.699999
D,DISPATCH,UNIT_SCADA,1,"2019/08/20 23:15:00",CALL_A_4,0
D,DISPATCH,UNIT_SCADA,1,"2019/08/20 23:15:00",CAPTL_WF,132.899994
D,DISPATCH,UNIT_SCADA,1,"2019/08/20 23:15:00",CATHROCK,48.909996
D,DISPATCH,UNIT_SCADA,1,"2019/08/20 23:15:00",CHALLHWF,29.299999
D,DISPATCH,UNIT_SCADA,1,"2019/08/20 23:15:00",CLOVER,-0.01
D,DISPATCH,UNIT_SCADA,1,"2019/08/20 23:15:00",CLUNY,20.554359
D,DISPATCH,UNIT_SCADA,1,"2019/08/20 23:15:00",CNUNDAWF,41.047882
D,DISPATCH,UNIT_SCADA,1,"2019/08/20 23:15:00",CULLRGWF,30.40
D,DISPATCH,UNIT_SCADA,1,"2019/08/20 23:15:00",ERGT01,0
D,DISPATCH,UNIT_SCADA,1,"2019/08/20 23:15:00",GB01,0.066872
D,DISPATCH,UNIT_SCADA,1,"2019/08/20 23:15:00",GERMCRK,37.50
D,DISPATCH,UNIT_SCADA,1,"2019/08/20 23:15:00",GRIFSF1,0
D,DISPATCH,UNIT_SCADA,1,"2019/08/20 23:15:00",HUGSF1,-0.2040
D,DISPATCH,UNIT_SCADA,1,"2019/08/20 23:15:00",LKBONNY1,75.019867
D,DISPATCH,UNIT_SCADA,1,"2019/08/20 23:15:00",LRSF1,0.0290
D,DISPATCH,UNIT_SCADA,1,"2019/08/20 23:15:00",MBAHNTH,55.631256
D,DISPATCH,UNIT_SCADA,1,"2019/08/20 23:15:00",MLSP1,0.283001
D,DISPATCH,UNIT_SCADA,1,"2019/08/20 23:15:00",MLWF1,19.665001
D,DISPATCH,UNIT_SCADA,1,"2019/08/20 23:15:00",MTMILLAR,28.708580
D,DISPATCH,UNIT_SCADA,1,"2019/08/20 23:15:00",PALOONA,24.059999
D,DISPATCH,UNIT_SCADA,1,"2019/08/20 23:15:00",PIONEER,32.799999
D,DISPATCH,UNIT_SCADA,1,"2019/08/20 23:15:00",PORTWF,136.399994
D,DISPATCH,UNIT_SCADA,1,"2019/08/20 23:15:00",REPULSE,28.720531
D,DISPATCH,UNIT_SCADA,1,"2019/08/20 23:15:00",ROWALLAN,10.1388
D,DISPATCH,UNIT_SCADA,1,"2019/08/20 23:15:00",ROYALLA1,0
D,DISPATCH,UNIT_SCADA,1,"2019/08/20 23:15:00",RPCG,12.60
D,DISPATCH,UNIT_SCADA,1,"2019/08/20 23:15:00",RUBICON,0
D,DISPATCH,UNIT_SCADA,1,"2019/08/20 23:15:00",SATGN1,0
D,DISPATCH,UNIT_SCADA,1,"2019/08/20 23:15:00",SATGS1,0
D,DISPATCH,UNIT_SCADA,1,"2019/08/20 23:15:00",STARHLWF,6.897988
D,DISPATCH,UNIT_SCADA,1,"2019/08/20 23:15:00",WAUBRAWF,152.074997
D,DISPATCH,UNIT_SCADA,1,"2019/08/20 23:15:00",WOOLNTH1,124.960014
D,DISPATCH,UNIT_SCADA,1,"2019/08/20 23:15:00",WPWF,33
D,DISPATCH,UNIT_SCADA,1,"2019/08/20 23:15:00",YAMBUKWF,30
D,DISPATCH,UNIT_SCADA,1,"2019/08/20 23:15:00",YSWF1,28.40
D,DISPATCH,UNIT_SCADA,1,"2019/08/20 23:15:00",AGLHAL,0
D,DISPATCH,UNIT_SCADA,1,"2019/08/20 23:15:00",AGLSOM,0
D,DISPATCH,UNIT_SCADA,1,"2019/08/20 23:15:00",ANGAST1,0
D,DISPATCH,UNIT_SCADA,1,"2019/08/20 23:15:00",ARWF1,63.80
D,DISPATCH,UNIT_SCADA,1,"2019/08/20 23:15:00",BALBG1,0
D,DISPATCH,UNIT_SCADA,1,"2019/08/20 23:15:00",BALBL1,0
D,DISPATCH,UNIT_SCADA,1,"2019/08/20 23:15:00",BALDHWF1,102.4670
D,DISPATCH,UNIT_SCADA,1,"2019/08/20 23:15:00",BANN1,0
D,DISPATCH,UNIT_SCADA,1,"2019/08/20 23:15:00",BARCALDN,0
D,DISPATCH,UNIT_SCADA,1,"2019/08/20 23:15:00",BARRON-1,0
D,DISPATCH,UNIT_SCADA,1,"2019/08/20 23:15:00",BARRON-2,26.28
D,DISPATCH,UNIT_SCADA,1,"2019/08/20 23:15:00",BASTYAN,80.16
D,DISPATCH,UNIT_SCADA,1,"2019/08/20 23:15:00",BBTHREE1,-1.79
D,DISPATCH,UNIT_SCADA,1,"2019/08/20 23:15:00",BBTHREE2,-1.81
D,DISPATCH,UNIT_SCADA,1,"2019/08/20 23:15:00",BBTHREE3,0
D,DISPATCH,UNIT_SCADA,1,"2019/08/20 23:15:00",BDL01,0
D,DISPATCH,UNIT_SCADA,1,"2019/08/20 23:15:00",BDL02,0
D,DISPATCH,UNIT_SCADA,1,"2019/08/20 23:15:00",BERYLSF1,0
D,DISPATCH,UNIT_SCADA,1,"2019/08/20 23:15:00",BLOWERNG,0
D,DISPATCH,UNIT_SCADA,1,"2019/08/20 23:15:00",BLUFF1,39.20
D,DISPATCH,UNIT_SCADA,1,"2019/08/20 23:15:00",BNGSF1,0
D,DISPATCH,UNIT_SCADA,1,"2019/08/20 23:15:00",BNGSF2,0
D,DISPATCH,UNIT_SCADA,1,"2019/08/20 23:15:00",BOCORWF1,91.76
D,DISPATCH,UNIT_SCADA,1,"2019/08/20 23:15:00",BODWF1,46.411850
D,DISPATCH,UNIT_SCADA,1,"2019/08/20 23:15:00",BRAEMAR1,0
D,DISPATCH,UNIT_SCADA,1,"2019/08/20 23:15:00",BRAEMAR2,0
D,DISPATCH,UNIT_SCADA,1,"2019/08/20 23:15:00",BRAEMAR3,0
D,DISPATCH,UNIT_SCADA,1,"2019/08/20 23:15:00",BRAEMAR5,0
D,DISPATCH,UNIT_SCADA,1,"2019/08/20 23:15:00",BRAEMAR6,0
D,DISPATCH,UNIT_SCADA,1,"2019/08/20 23:15:00",BRAEMAR7,0
D,DISPATCH,UNIT_SCADA,1,"2019/08/20 23:15:00",BROKENH1,0
D,DISPATCH,UNIT_SCADA,1,"2019/08/20 23:15:00",BW01,608.849980
D,DISPATCH,UNIT_SCADA,1,"2019/08/20 23:15:00",BW02,636.8750
D,DISPATCH,UNIT_SCADA,1,"2019/08/20 23:15:00",BW03,631.599980
D,DISPATCH,UNIT_SCADA,1,"2019/08/20 23:15:00",BW04,0
D,DISPATCH,UNIT_SCADA,1,"2019/08/20 23:15:00",CALL_B_1,349.200010
D,DISPATCH,UNIT_SCADA,1,"2019/08/20 23:15:00",CALL_B_2,299.800020
D,DISPATCH,UNIT_SCADA,1,"2019/08/20 23:15:00",CETHANA,96.927120
D,DISPATCH,UNIT_SCADA,1,"2019/08/20 23:15:00",CG1,0
D,DISPATCH,UNIT_SCADA,1,"2019/08/20 23:15:00",CG2,0
D,DISPATCH,UNIT_SCADA,1,"2019/08/20 23:15:00",CG3,0
D,DISPATCH,UNIT_SCADA,1,"2019/08/20 23:15:00",CG4,0
D,DISPATCH,UNIT_SCADA,1,"2019/08/20 23:15:00",CHILDSF1,0
D,DISPATCH,UNIT_SCADA,1,"2019/08/20 23:15:00",CLARESF1,0
D,DISPATCH,UNIT_SCADA,1,"2019/08/20 23:15:00",CLEMGPWF,35.081050
D,DISPATCH,UNIT_SCADA,1,"2019/08/20 23:15:00",CLERMSF1,0
D,DISPATCH,UNIT_SCADA,1,"2019/08/20 23:15:00",COLEASF1,0
D,DISPATCH,UNIT_SCADA,1,"2019/08/20 23:15:00",COOPGWF1,44.678920
D,DISPATCH,UNIT_SCADA,1,"2019/08/20 23:15:00",CPP_3,401.774990
D,DISPATCH,UNIT_SCADA,1,"2019/08/20 23:15:00",CPP_4,404.800020
D,DISPATCH,UNIT_SCADA,1,"2019/08/20 23:15:00",CPSA,142.469380
D,DISPATCH,UNIT_SCADA,1,"2019/08/20 23:15:00",CROOKWF2,88.583760
D,DISPATCH,UNIT_SCADA,1,"2019/08/20 23:15:00",CROWLWF1,61.925380
D,DISPATCH,UNIT_SCADA,1,"2019/08/20 23:15:00",CSPVPS1,0
D,DISPATCH,UNIT_SCADA,1,"2019/08/20 23:15:00",DALNTH01,0
D,DISPATCH,UNIT_SCADA,1,"2019/08/20 23:15:00",DALNTHL1,0.083920
D,DISPATCH,UNIT_SCADA,1,"2019/08/20 23:15:00",DARTM1,0
D,DISPATCH,UNIT_SCADA,1,"2019/08/20 23:15:00",DAYDSF1,0
D,DISPATCH,UNIT_SCADA,1,"2019/08/20 23:15:00",DDPS1,0
D,DISPATCH,UNIT_SCADA,1,"2019/08/20 23:15:00",DDSF1,0
D,DISPATCH,UNIT_SCADA,1,"2019/08/20 23:15:00",DEVILS_G,60.324110
D,DISPATCH,UNIT_SCADA,1,"2019/08/20 23:15:00",DG_NSW1,0
D,DISPATCH,UNIT_SCADA,1,"2019/08/20 23:15:00",DG_QLD1,0
D,DISPATCH,UNIT_SCADA,1,"2019/08/20 23:15:00",DG_SA1,0
D,DISPATCH,UNIT_SCADA,1,"2019/08/20 23:15:00",DG_TAS1,0
D,DISPATCH,UNIT_SCADA,1,"2019/08/20 23:15:00",DG_VIC1,0
D,DISPATCH,UNIT_SCADA,1,"2019/08/20 23:15:00",DRYCGT1,0
D,DISPATCH,UNIT_SCADA,1,"2019/08/20 23:15:00",DRYCGT2,0
D,DISPATCH,UNIT_SCADA,1,"2019/08/20 23:15:00",DRYCGT3,0
D,DISPATCH,UNIT_SCADA,1,"2019/08/20 23:15:00",EILDON1,0
D,DISPATCH,UNIT_SCADA,1,"2019/08/20 23:15:00",EILDON2,0
D,DISPATCH,UNIT_SCADA,1,"2019/08/20 23:15:00",EMERASF1,0
D,DISPATCH,UNIT_SCADA,1,"2019/08/20 23:15:00",ER01,588.924930
D,DISPATCH,UNIT_SCADA,1,"2019/08/20 23:15:00",ER02,664.050050
D,DISPATCH,UNIT_SCADA,1,"2019/08/20 23:15:00",ER03,549.2251
D,DISPATCH,UNIT_SCADA,1,"2019/08/20 23:15:00",ER04,665
D,DISPATCH,UNIT_SCADA,1,"2019/08/20 23:15:00",FINLYSF1,0
D,DISPATCH,UNIT_SCADA,1,"2019/08/20 23:15:00",FISHER,46
D,DISPATCH,UNIT_SCADA,1,"2019/08/20 23:15:00",GANNBG1,0
D,DISPATCH,UNIT_SCADA,1,"2019/08/20 23:15:00",GANNBL1,0.032760
D,DISPATCH,UNIT_SCADA,1,"2019/08/20 23:15:00",GANNSF1,0
D,DISPATCH,UNIT_SCADA,1,"2019/08/20 23:15:00",GORDON,0
D,DISPATCH,UNIT_SCADA,1,"2019/08/20 23:15:00",GSTONE1,155.9250
D,DISPATCH,UNIT_SCADA,1,"2019/08/20 23:15:00",GSTONE2,149.974990
D,DISPATCH,UNIT_SCADA,1,"2019/08/20 23:15:00",GSTONE3,154.524990
D,DISPATCH,UNIT_SCADA,1,"2019/08/20 23:15:00",GSTONE4,156.6250
D,DISPATCH,UNIT_SCADA,1,"2019/08/20 23:15:00",GSTONE5,153.649990
D,DISPATCH,UNIT_SCADA,1,"2019/08/20 23:15:00",GSTONE6,0
D,DISPATCH,UNIT_SCADA,1,"2019/08/20 23:15:00",GULLRSF1,0
D,DISPATCH,UNIT_SCADA,1,"2019/08/20 23:15:00",GULLRWF1,154.742220
D,DISPATCH,UNIT_SCADA,1,"2019/08/20 23:15:00",GUNNING1,46.665050
D,DISPATCH,UNIT_SCADA,1,"2019/08/20 23:15:00",GUTHEGA,0
D,DISPATCH,UNIT_SCADA,1,"2019/08/20 23:15:00",HALLWF1,67.23
D,DISPATCH,UNIT_SCADA,1,"2019/08/20 23:15:00",HALLWF2,51.02
D,DISPATCH,UNIT_SCADA,1,"2019/08/20 23:15:00",HAMISF1,0
D,DISPATCH,UNIT_SCADA,1,"2019/08/20 23:15:00",HAUGHT11,0
D,DISPATCH,UNIT_SCADA,1,"2019/08/20 23:15:00",HAYMSF1,0
D,DISPATCH,UNIT_SCADA,1,"2019/08/20 23:15:00",HDWF1,77.70
D,DISPATCH,UNIT_SCADA,1,"2019/08/20 23:15:00",HDWF2,76.80
D,DISPATCH,UNIT_SCADA,1,"2019/08/20 23:15:00",HDWF3,82.40
D,DISPATCH,UNIT_SCADA,1,"2019/08/20 23:15:00",HPRG1,0
D,DISPATCH,UNIT_SCADA,1,"2019/08/20 23:15:00",HPRL1,0.10
D,DISPATCH,UNIT_SCADA,1,"2019/08/20 23:15:00",HUMENSW,0
D,DISPATCH,UNIT_SCADA,1,"2019/08/20 23:15:00",HUMEV,9.60
D,DISPATCH,UNIT_SCADA,1,"2019/08/20 23:15:00",HVGTS,0
D,DISPATCH,UNIT_SCADA,1,"2019/08/20 23:15:00",JBUTTERS,109.25
D,DISPATCH,UNIT_SCADA,1,"2019/08/20 23:15:00",JLA01,0.50
D,DISPATCH,UNIT_SCADA,1,"2019/08/20 23:15:00",JLA02,0
D,DISPATCH,UNIT_SCADA,1,"2019/08/20 23:15:00",JLA03,0.10
D,DISPATCH,UNIT_SCADA,1,"2019/08/20 23:15:00",JLA04,0.10
D,DISPATCH,UNIT_SCADA,1,"2019/08/20 23:15:00",JLB01,0
D,DISPATCH,UNIT_SCADA,1,"2019/08/20 23:15:00",JLB02,0.10
D,DISPATCH,UNIT_SCADA,1,"2019/08/20 23:15:00",JLB03,0
D,DISPATCH,UNIT_SCADA,1,"2019/08/20 23:15:00",KAREEYA1,21.5050
D,DISPATCH,UNIT_SCADA,1,"2019/08/20 23:15:00",KAREEYA2,21.85
D,DISPATCH,UNIT_SCADA,1,"2019/08/20 23:15:00",KAREEYA3,0
D,DISPATCH,UNIT_SCADA,1,"2019/08/20 23:15:00",KAREEYA4,21.7850
D,DISPATCH,UNIT_SCADA,1,"2019/08/20 23:15:00",KARSF1,0
D,DISPATCH,UNIT_SCADA,1,"2019/08/20 23:15:00",KIATAWF1,29.20
D,DISPATCH,UNIT_SCADA,1,"2019/08/20 23:15:00",KPP_1,0
D,DISPATCH,UNIT_SCADA,1,"2019/08/20 23:15:00",KSP1,0
D,DISPATCH,UNIT_SCADA,1,"2019/08/20 23:15:00",LADBROK1,0
D,DISPATCH,UNIT_SCADA,1,"2019/08/20 23:15:00",LADBROK2,0
D,DISPATCH,UNIT_SCADA,1,"2019/08/20 23:15:00",LD01,424.781250
D,DISPATCH,UNIT_SCADA,1,"2019/08/20 23:15:00",LD02,420.9375
D,DISPATCH,UNIT_SCADA,1,"2019/08/20 23:15:00",LD03,423
D,DISPATCH,UNIT_SCADA,1,"2019/08/20 23:15:00",LD04,382.893770
D,DISPATCH,UNIT_SCADA,1,"2019/08/20 23:15:00",LEM_WIL,85.794450
D,DISPATCH,UNIT_SCADA,1,"2019/08/20 23:15:00",LGAPWF1,12.07
D,DISPATCH,UNIT_SCADA,1,"2019/08/20 23:15:00",LILYSF1,0
D,DISPATCH,UNIT_SCADA,1,"2019/08/20 23:15:00",LI_WY_CA,149.8145
D,DISPATCH,UNIT_SCADA,1,"2019/08/20 23:15:00",LKBONNY2,112.729920
D,DISPATCH,UNIT_SCADA,1,"2019/08/20 23:15:00",LKBONNY3,28.078470
D,DISPATCH,UNIT_SCADA,1,"2019/08/20 23:15:00",LK_ECHO,0
D,DISPATCH,UNIT_SCADA,1,"2019/08/20 23:15:00",LNGS1,0
D,DISPATCH,UNIT_SCADA,1,"2019/08/20 23:15:00",LNGS2,0
D,DISPATCH,UNIT_SCADA,1,"2019/08/20 23:15:00",LONSDALE,0
D,DISPATCH,UNIT_SCADA,1,"2019/08/20 23:15:00",LOYYB1,536.088620
D,DISPATCH,UNIT_SCADA,1,"2019/08/20 23:15:00",LOYYB2,580.8266
D,DISPATCH,UNIT_SCADA,1,"2019/08/20 23:15:00",LYA1,519
D,DISPATCH,UNIT_SCADA,1,"2019/08/20 23:15:00",LYA2,0
D,DISPATCH,UNIT_SCADA,1,"2019/08/20 23:15:00",LYA3,561
D,DISPATCH,UNIT_SCADA,1,"2019/08/20 23:15:00",LYA4,540
D,DISPATCH,UNIT_SCADA,1,"2019/08/20 23:15:00",MACARTH1,363.691590
D,DISPATCH,UNIT_SCADA,1,"2019/08/20 23:15:00",MACKAYGT,0
D,DISPATCH,UNIT_SCADA,1,"2019/08/20 23:15:00",MACKNTSH,85.73
D,DISPATCH,UNIT_SCADA,1,"2019/08/20 23:15:00",MANSLR1,0
D,DISPATCH,UNIT_SCADA,1,"2019/08/20 23:15:00",MCKAY1,0.02
D,DISPATCH,UNIT_SCADA,1,"2019/08/20 23:15:00",MEADOWBK,33.895880
D,DISPATCH,UNIT_SCADA,1,"2019/08/20 23:15:00",MERCER01,129.2180
D,DISPATCH,UNIT_SCADA,1,"2019/08/20 23:15:00",MEWF1,78.659580
D,DISPATCH,UNIT_SCADA,1,"2019/08/20 23:15:00",MINTARO,0
D,DISPATCH,UNIT_SCADA,1,"2019/08/20 23:15:00",MOREESF1,0
D,DISPATCH,UNIT_SCADA,1,"2019/08/20 23:15:00",MORTLK11,0
D,DISPATCH,UNIT_SCADA,1,"2019/08/20 23:15:00",MORTLK12,0
D,DISPATCH,UNIT_SCADA,1,"2019/08/20 23:15:00",MP1,283.699950
D,DISPATCH,UNIT_SCADA,1,"2019/08/20 23:15:00",MP2,0
D,DISPATCH,UNIT_SCADA,1,"2019/08/20 23:15:00",MPP_1,396.75
D,DISPATCH,UNIT_SCADA,1,"2019/08/20 23:15:00",MPP_2,427
D,DISPATCH,UNIT_SCADA,1,"2019/08/20 23:15:00",MSTUART1,0
D,DISPATCH,UNIT_SCADA,1,"2019/08/20 23:15:00",MSTUART2,0
D,DISPATCH,UNIT_SCADA,1,"2019/08/20 23:15:00",MSTUART3,0
D,DISPATCH,UNIT_SCADA,1,"2019/08/20 23:15:00",MTGELWF1,64.421520
D,DISPATCH,UNIT_SCADA,1,"2019/08/20 23:15:00",MURRAY,0
D,DISPATCH,UNIT_SCADA,1,"2019/08/20 23:15:00",MUSSELR1,165.70
D,DISPATCH,UNIT_SCADA,1,"2019/08/20 23:15:00",MUWAWF1,40.03
D,DISPATCH,UNIT_SCADA,1,"2019/08/20 23:15:00",NBHWF1,84.600010
D,DISPATCH,UNIT_SCADA,1,"2019/08/20 23:15:00",NPS,0
D,DISPATCH,UNIT_SCADA,1,"2019/08/20 23:15:00",NUMURSF1,0
D,DISPATCH,UNIT_SCADA,1,"2019/08/20 23:15:00",NYNGAN1,0
D,DISPATCH,UNIT_SCADA,1,"2019/08/20 23:15:00",OAKEY1,0
D,DISPATCH,UNIT_SCADA,1,"2019/08/20 23:15:00",OAKEY1SF,0.0380
D,DISPATCH,UNIT_SCADA,1,"2019/08/20 23:15:00",OAKEY2,0
D,DISPATCH,UNIT_SCADA,1,"2019/08/20 23:15:00",OAKLAND1,61.20
D,DISPATCH,UNIT_SCADA,1,"2019/08/20 23:15:00",OSB-AG,0
D,DISPATCH,UNIT_SCADA,1,"2019/08/20 23:15:00",PARSF1,0
D,DISPATCH,UNIT_SCADA,1,"2019/08/20 23:15:00",POAT110,0
D,DISPATCH,UNIT_SCADA,1,"2019/08/20 23:15:00",POAT220,5.96
D,DISPATCH,UNIT_SCADA,1,"2019/08/20 23:15:00",POR01,0
D,DISPATCH,UNIT_SCADA,1,"2019/08/20 23:15:00",POR03,0
D,DISPATCH,UNIT_SCADA,1,"2019/08/20 23:15:00",PPCCGT,173.5522
D,DISPATCH,UNIT_SCADA,1,"2019/08/20 23:15:00",PTSTAN1,0
D,DISPATCH,UNIT_SCADA,1,"2019/08/20 23:15:00",PUMP1,0
D,DISPATCH,UNIT_SCADA,1,"2019/08/20 23:15:00",PUMP2,0
D,DISPATCH,UNIT_SCADA,1,"2019/08/20 23:15:00",QPS1,0
D,DISPATCH,UNIT_SCADA,1,"2019/08/20 23:15:00",QPS2,0
D,DISPATCH,UNIT_SCADA,1,"2019/08/20 23:15:00",QPS3,0
D,DISPATCH,UNIT_SCADA,1,"2019/08/20 23:15:00",QPS4,0
D,DISPATCH,UNIT_SCADA,1,"2019/08/20 23:15:00",QPS5,0
D,DISPATCH,UNIT_SCADA,1,"2019/08/20 23:15:00",REECE1,117.920010
D,DISPATCH,UNIT_SCADA,1,"2019/08/20 23:15:00",REECE2,118.050010
D,DISPATCH,UNIT_SCADA,1,"2019/08/20 23:15:00",ROMA_7,0
D,DISPATCH,UNIT_SCADA,1,"2019/08/20 23:15:00",ROMA_8,0
D,DISPATCH,UNIT_SCADA,1,"2019/08/20 23:15:00",RRSF1,0
D,DISPATCH,UNIT_SCADA,1,"2019/08/20 23:15:00",RT_NSW1,0
D,DISPATCH,UNIT_SCADA,1,"2019/08/20 23:15:00",RT_NSW2,0
D,DISPATCH,UNIT_SCADA,1,"2019/08/20 23:15:00",RT_NSW3,0
D,DISPATCH,UNIT_SCADA,1,"2019/08/20 23:15:00",RT_NSW4,0
D,DISPATCH,UNIT_SCADA,1,"2019/08/20 23:15:00",RT_NSW5,0
D,DISPATCH,UNIT_SCADA,1,"2019/08/20 23:15:00",RT_NSW6,0
D,DISPATCH,UNIT_SCADA,1,"2019/08/20 23:15:00",RT_QLD1,0
D,DISPATCH,UNIT_SCADA,1,"2019/08/20 23:15:00",RT_SA1,0
D,DISPATCH,UNIT_SCADA,1,"2019/08/20 23:15:00",RT_SA2,0
D,DISPATCH,UNIT_SCADA,1,"2019/08/20 23:15:00",RT_SA3,0
D,DISPATCH,UNIT_SCADA,1,"2019/08/20 23:15:00",RT_SA4,0
D,DISPATCH,UNIT_SCADA,1,"2019/08/20 23:15:00",RT_SA5,0
D,DISPATCH,UNIT_SCADA,1,"2019/08/20 23:15:00",RT_SA6,0
D,DISPATCH,UNIT_SCADA,1,"2019/08/20 23:15:00",RT_TAS1,0
D,DISPATCH,UNIT_SCADA,1,"2019/08/20 23:15:00",RT_VIC1,0
D,DISPATCH,UNIT_SCADA,1,"2019/08/20 23:15:00",RT_VIC10,0
D,DISPATCH,UNIT_SCADA,1,"2019/08/20 23:15:00",RT_VIC11,0
D,DISPATCH,UNIT_SCADA,1,"2019/08/20 23:15:00",RT_VIC12,0
D,DISPATCH,UNIT_SCADA,1,"2019/08/20 23:15:00",RT_VIC2,0
D,DISPATCH,UNIT_SCADA,1,"2019/08/20 23:15:00",RT_VIC3,0
D,DISPATCH,UNIT_SCADA,1,"2019/08/20 23:15:00",RT_VIC4,0
D,DISPATCH,UNIT_SCADA,1,"2019/08/20 23:15:00",RT_VIC5,0
D,DISPATCH,UNIT_SCADA,1,"2019/08/20 23:15:00",RT_VIC6,0
D,DISPATCH,UNIT_SCADA,1,"2019/08/20 23:15:00",RT_VIC7,0
D,DISPATCH,UNIT_SCADA,1,"2019/08/20 23:15:00",RT_VIC8,0
D,DISPATCH,UNIT_SCADA,1,"2019/08/20 23:15:00",RT_VIC9,0
D,DISPATCH,UNIT_SCADA,1,"2019/08/20 23:15:00",RUGBYR1,0
D,DISPATCH,UNIT_SCADA,1,"2019/08/20 23:15:00",SALTCRK1,52.25
D,DISPATCH,UNIT_SCADA,1,"2019/08/20 23:15:00",SAPHWF1,186.093750
D,DISPATCH,UNIT_SCADA,1,"2019/08/20 23:15:00",SHGEN,0
D,DISPATCH,UNIT_SCADA,1,"2019/08/20 23:15:00",SHPUMP,0
D,DISPATCH,UNIT_SCADA,1,"2019/08/20 23:15:00",SITHE01,0.173950
D,DISPATCH,UNIT_SCADA,1,"2019/08/20 23:15:00",SMCSF1,0
D,DISPATCH,UNIT_SCADA,1,"2019/08/20 23:15:00",SNOWNTH1,72.90
D,DISPATCH,UNIT_SCADA,1,"2019/08/20 23:15:00",SNOWSTH1,87.90
D,DISPATCH,UNIT_SCADA,1,"2019/08/20 23:15:00",SNOWTWN1,63.454050
D,DISPATCH,UNIT_SCADA,1,"2019/08/20 23:15:00",SNOWYP,0
D,DISPATCH,UNIT_SCADA,1,"2019/08/20 23:15:00",SNUG1,0.019440
D,DISPATCH,UNIT_SCADA,1,"2019/08/20 23:15:00",SRSF1,0.07
D,DISPATCH,UNIT_SCADA,1,"2019/08/20 23:15:00",STAN-1,0
D,DISPATCH,UNIT_SCADA,1,"2019/08/20 23:15:00",STAN-2,282.196690
D,DISPATCH,UNIT_SCADA,1,"2019/08/20 23:15:00",STAN-3,281.466060
D,DISPATCH,UNIT_SCADA,1,"2019/08/20 23:15:00",STAN-4,280.799560
D,DISPATCH,UNIT_SCADA,1,"2019/08/20 23:15:00",STWF1,187.301250
D,DISPATCH,UNIT_SCADA,1,"2019/08/20 23:15:00",SWAN_E,0
D,DISPATCH,UNIT_SCADA,1,"2019/08/20 23:15:00",TALWA1,300
D,DISPATCH,UNIT_SCADA,1,"2019/08/20 23:15:00",TARALGA1,96.997480
D,DISPATCH,UNIT_SCADA,1,"2019/08/20 23:15:00",TARONG#1,306
D,DISPATCH,UNIT_SCADA,1,"2019/08/20 23:15:00",TARONG#2,182.100010
D,DISPATCH,UNIT_SCADA,1,"2019/08/20 23:15:00",TARONG#3,260.50
D,DISPATCH,UNIT_SCADA,1,"2019/08/20 23:15:00",TARONG#4,304.300020
D,DISPATCH,UNIT_SCADA,1,"2019/08/20 23:15:00",TARRALEA,85
D,DISPATCH,UNIT_SCADA,1,"2019/08/20 23:15:00",TBSF1,-0.20
D,DISPATCH,UNIT_SCADA,1,"2019/08/20 23:15:00",TNPS1,441.700010
D,DISPATCH,UNIT_SCADA,1,"2019/08/20 23:15:00",TORRA1,40.251930
D,DISPATCH,UNIT_SCADA,1,"2019/08/20 23:15:00",TORRA2,0
D,DISPATCH,UNIT_SCADA,1,"2019/08/20 23:15:00",TORRA3,0
D,DISPATCH,UNIT_SCADA,1,"2019/08/20 23:15:00",TORRA4,0
D,DISPATCH,UNIT_SCADA,1,"2019/08/20 23:15:00",TORRB1,41.39
D,DISPATCH,UNIT_SCADA,1,"2019/08/20 23:15:00",TORRB2,40.77
D,DISPATCH,UNIT_SCADA,1,"2019/08/20 23:15:00",TORRB3,0
D,DISPATCH,UNIT_SCADA,1,"2019/08/20 23:15:00",TORRB4,0
D,DISPATCH,UNIT_SCADA,1,"2019/08/20 23:15:00",TREVALLN,1.80
D,DISPATCH,UNIT_SCADA,1,"2019/08/20 23:15:00",TRIBUTE,84.73
D,DISPATCH,UNIT_SCADA,1,"2019/08/20 23:15:00",TUMUT3,0
D,DISPATCH,UNIT_SCADA,1,"2019/08/20 23:15:00",TUNGATIN,128.300020
D,DISPATCH,UNIT_SCADA,1,"2019/08/20 23:15:00",TVCC201,0
D,DISPATCH,UNIT_SCADA,1,"2019/08/20 23:15:00",TVPP104,0
D,DISPATCH,UNIT_SCADA,1,"2019/08/20 23:15:00",UPPTUMUT,0
D,DISPATCH,UNIT_SCADA,1,"2019/08/20 23:15:00",URANQ11,0
D,DISPATCH,UNIT_SCADA,1,"2019/08/20 23:15:00",URANQ12,0
D,DISPATCH,UNIT_SCADA,1,"2019/08/20 23:15:00",URANQ13,0
D,DISPATCH,UNIT_SCADA,1,"2019/08/20 23:15:00",URANQ14,0
D,DISPATCH,UNIT_SCADA,1,"2019/08/20 23:15:00",VP5,404.524990
D,DISPATCH,UNIT_SCADA,1,"2019/08/20 23:15:00",VP6,400.974980
D,DISPATCH,UNIT_SCADA,1,"2019/08/20 23:15:00",VPGS1,0
D,DISPATCH,UNIT_SCADA,1,"2019/08/20 23:15:00",VPGS2,0
D,DISPATCH,UNIT_SCADA,1,"2019/08/20 23:15:00",VPGS3,0
D,DISPATCH,UNIT_SCADA,1,"2019/08/20 23:15:00",VPGS4,0
D,DISPATCH,UNIT_SCADA,1,"2019/08/20 23:15:00",VPGS5,0
D,DISPATCH,UNIT_SCADA,1,"2019/08/20 23:15:00",VPGS6,0
D,DISPATCH,UNIT_SCADA,1,"2019/08/20 23:15:00",W/HOE#1,0
D,DISPATCH,UNIT_SCADA,1,"2019/08/20 23:15:00",W/HOE#2,0
D,DISPATCH,UNIT_SCADA,1,"2019/08/20 23:15:00",WATERLWF,92.70
D,DISPATCH,UNIT_SCADA,1,"2019/08/20 23:15:00",WEMENSF1,0
D,DISPATCH,UNIT_SCADA,1,"2019/08/20 23:15:00",WGWF1,85.90
D,DISPATCH,UNIT_SCADA,1,"2019/08/20 23:15:00",WHITSF1,0
D,DISPATCH,UNIT_SCADA,1,"2019/08/20 23:15:00",WKIEWA1,25.10
D,DISPATCH,UNIT_SCADA,1,"2019/08/20 23:15:00",WKIEWA2,17.10
D,DISPATCH,UNIT_SCADA,1,"2019/08/20 23:15:00",WOODLWN1,30.402010
D,DISPATCH,UNIT_SCADA,1,"2019/08/20 23:15:00",WRSF1,0
D,DISPATCH,UNIT_SCADA,1,"2019/08/20 23:15:00",WRWF1,137.91
D,DISPATCH,UNIT_SCADA,1,"2019/08/20 23:15:00",YABULU,0
D,DISPATCH,UNIT_SCADA,1,"2019/08/20 23:15:00",YABULU2,0
D,DISPATCH,UNIT_SCADA,1,"2019/08/20 23:15:00",YARWUN_1,0
D,DISPATCH,UNIT_SCADA,1,"2019/08/20 23:15:00",YENDWF1,42.04
D,DISPATCH,UNIT_SCADA,1,"2019/08/20 23:15:00",YWPS1,380.701260
D,DISPATCH,UNIT_SCADA,1,"2019/08/20 23:15:00",YWPS2,282.453160
D,DISPATCH,UNIT_SCADA,1,"2019/08/20 23:15:00",YWPS3,0
D,DISPATCH,UNIT_SCADA,1,"2019/08/20 23:15:00",YWPS4,400.883540
C,"END OF REPORT",334
