C,NEMP.WORLD,DISPATCHSCADA,AEMO,PUBLIC,2019/09/04,23:10:07,0000000312400119,DISPATCHSCADA,0000000312400113
I,DISPATCH,UNIT_SCADA,1,SETTLEMENTDATE,DUID,SCADAVALUE
D,DISPATCH,UNIT_SCADA,1,"2019/09/04 23:15:00",BARCSF1,0
D,DISPATCH,UNIT_SCADA,1,"2019/09/04 23:15:00",BUTLERSG,10.199999
D,DISPATCH,UNIT_SCADA,1,"2019/09/04 23:15:00",CALL_A_4,0
D,DISPATCH,UNIT_SCADA,1,"2019/09/04 23:15:00",CAPTL_WF,42.199997
D,DISPATCH,UNIT_SCADA,1,"2019/09/04 23:15:00",CATHROCK,0
D,DISPATCH,UNIT_SCADA,1,"2019/09/04 23:15:00",CHALLHWF,0
D,DISPATCH,UNIT_SCADA,1,"2019/09/04 23:15:00",CLOVER,-0.01
D,DISPATCH,UNIT_SCADA,1,"2019/09/04 23:15:00",CLUNY,10.048524
D,DISPATCH,UNIT_SCADA,1,"2019/09/04 23:15:00",CNUNDAWF,4.004672
D,DISPATCH,UNIT_SCADA,1,"2019/09/04 23:15:00",CULLRGWF,16.559999
D,DISPATCH,UNIT_SCADA,1,"2019/09/04 23:15:00",ERGT01,0
D,DISPATCH,UNIT_SCADA,1,"2019/09/04 23:15:00",GB01,0.015362
D,DISPATCH,UNIT_SCADA,1,"2019/09/04 23:15:00",GERMCRK,39.099998
D,DISPATCH,UNIT_SCADA,1,"2019/09/04 23:15:00",GRIFSF1,0
D,DISPATCH,UNIT_SCADA,1,"2019/09/04 23:15:00",HUGSF1,-0.19
D,DISPATCH,UNIT_SCADA,1,"2019/09/04 23:15:00",LKBONNY1,6.966130
D,DISPATCH,UNIT_SCADA,1,"2019/09/04 23:15:00",LRSF1,-0.0310
D,DISPATCH,UNIT_SCADA,1,"2019/09/04 23:15:00",MBAHNTH,27.131256
D,DISPATCH,UNIT_SCADA,1,"2019/09/04 23:15:00",MLSP1,0.366001
D,DISPATCH,UNIT_SCADA,1,"2019/09/04 23:15:00",MLWF1,1.71
D,DISPATCH,UNIT_SCADA,1,"2019/09/04 23:15:00",MTMILLAR,2.202628
D,DISPATCH,UNIT_SCADA,1,"2019/09/04 23:15:00",PALOONA,16.639999
D,DISPATCH,UNIT_SCADA,1,"2019/09/04 23:15:00",PIONEER,13.70
D,DISPATCH,UNIT_SCADA,1,"2019/09/04 23:15:00",PORTWF,0
D,DISPATCH,UNIT_SCADA,1,"2019/09/04 23:15:00",REPULSE,20.083925
D,DISPATCH,UNIT_SCADA,1,"2019/09/04 23:15:00",ROWALLAN,10.3518
D,DISPATCH,UNIT_SCADA,1,"2019/09/04 23:15:00",ROYALLA1,0
D,DISPATCH,UNIT_SCADA,1,"2019/09/04 23:15:00",RPCG,15.50
D,DISPATCH,UNIT_SCADA,1,"2019/09/04 23:15:00",RUBICON,0
D,DISPATCH,UNIT_SCADA,1,"2019/09/04 23:15:00",SATGN1,0
D,DISPATCH,UNIT_SCADA,1,"2019/09/04 23:15:00",SATGS1,0
D,DISPATCH,UNIT_SCADA,1,"2019/09/04 23:15:00",STARHLWF,-0.099971
D,DISPATCH,UNIT_SCADA,1,"2019/09/04 23:15:00",WAUBRAWF,0
D,DISPATCH,UNIT_SCADA,1,"2019/09/04 23:15:00",WOOLNTH1,4.570015
D,DISPATCH,UNIT_SCADA,1,"2019/09/04 23:15:00",WPWF,0
D,DISPATCH,UNIT_SCADA,1,"2019/09/04 23:15:00",YAMBUKWF,0.80
D,DISPATCH,UNIT_SCADA,1,"2019/09/04 23:15:00",YSWF1,0
D,DISPATCH,UNIT_SCADA,1,"2019/09/04 23:15:00",AGLHAL,0
D,DISPATCH,UNIT_SCADA,1,"2019/09/04 23:15:00",AGLSOM,120.20
D,DISPATCH,UNIT_SCADA,1,"2019/09/04 23:15:00",ANGAST1,0
D,DISPATCH,UNIT_SCADA,1,"2019/09/04 23:15:00",ARWF1,-0.70
D,DISPATCH,UNIT_SCADA,1,"2019/09/04 23:15:00",BALBG1,9.48
D,DISPATCH,UNIT_SCADA,1,"2019/09/04 23:15:00",BALBL1,0
D,DISPATCH,UNIT_SCADA,1,"2019/09/04 23:15:00",BALDHWF1,2.2220
D,DISPATCH,UNIT_SCADA,1,"2019/09/04 23:15:00",BANN1,0
D,DISPATCH,UNIT_SCADA,1,"2019/09/04 23:15:00",BARCALDN,0
D,DISPATCH,UNIT_SCADA,1,"2019/09/04 23:15:00",BARRON-1,33.96
D,DISPATCH,UNIT_SCADA,1,"2019/09/04 23:15:00",BARRON-2,0
D,DISPATCH,UNIT_SCADA,1,"2019/09/04 23:15:00",BASTYAN,80.580010
D,DISPATCH,UNIT_SCADA,1,"2019/09/04 23:15:00",BBTHREE1,0
D,DISPATCH,UNIT_SCADA,1,"2019/09/04 23:15:00",BBTHREE2,0
D,DISPATCH,UNIT_SCADA,1,"2019/09/04 23:15:00",BBTHREE3,0
D,DISPATCH,UNIT_SCADA,1,"2019/09/04 23:15:00",BDL01,44.16
D,DISPATCH,UNIT_SCADA,1,"2019/09/04 23:15:00",BDL02,43.98
D,DISPATCH,UNIT_SCADA,1,"2019/09/04 23:15:00",BERYLSF1,0
D,DISPATCH,UNIT_SCADA,1,"2019/09/04 23:15:00",BLOWERNG,11.10
D,DISPATCH,UNIT_SCADA,1,"2019/09/04 23:15:00",BLUFF1,3.70
D,DISPATCH,UNIT_SCADA,1,"2019/09/04 23:15:00",BNGSF1,0
D,DISPATCH,UNIT_SCADA,1,"2019/09/04 23:15:00",BNGSF2,0
D,DISPATCH,UNIT_SCADA,1,"2019/09/04 23:15:00",BOCORWF1,0
D,DISPATCH,UNIT_SCADA,1,"2019/09/04 23:15:00",BODWF1,28.001870
D,DISPATCH,UNIT_SCADA,1,"2019/09/04 23:15:00",BRAEMAR1,0
D,DISPATCH,UNIT_SCADA,1,"2019/09/04 23:15:00",BRAEMAR2,0
D,DISPATCH,UNIT_SCADA,1,"2019/09/04 23:15:00",BRAEMAR3,0
D,DISPATCH,UNIT_SCADA,1,"2019/09/04 23:15:00",BRAEMAR5,0
D,DISPATCH,UNIT_SCADA,1,"2019/09/04 23:15:00",BRAEMAR6,0
D,DISPATCH,UNIT_SCADA,1,"2019/09/04 23:15:00",BRAEMAR7,0
D,DISPATCH,UNIT_SCADA,1,"2019/09/04 23:15:00",BROKENH1,0
D,DISPATCH,UNIT_SCADA,1,"2019/09/04 23:15:00",BW01,560.224980
D,DISPATCH,UNIT_SCADA,1,"2019/09/04 23:15:00",BW02,629.175050
D,DISPATCH,UNIT_SCADA,1,"2019/09/04 23:15:00",BW03,631.925050
D,DISPATCH,UNIT_SCADA,1,"2019/09/04 23:15:00",BW04,0
D,DISPATCH,UNIT_SCADA,1,"2019/09/04 23:15:00",CALL_B_1,349
D,DISPATCH,UNIT_SCADA,1,"2019/09/04 23:15:00",CALL_B_2,350.399990
D,DISPATCH,UNIT_SCADA,1,"2019/09/04 23:15:00",CETHANA,79.862750
D,DISPATCH,UNIT_SCADA,1,"2019/09/04 23:15:00",CG1,0
D,DISPATCH,UNIT_SCADA,1,"2019/09/04 23:15:00",CG2,0
D,DISPATCH,UNIT_SCADA,1,"2019/09/04 23:15:00",CG3,0
D,DISPATCH,UNIT_SCADA,1,"2019/09/04 23:15:00",CG4,0
D,DISPATCH,UNIT_SCADA,1,"2019/09/04 23:15:00",CHILDSF1,0
D,DISPATCH,UNIT_SCADA,1,"2019/09/04 23:15:00",CLARESF1,0
D,DISPATCH,UNIT_SCADA,1,"2019/09/04 23:15:00",CLEMGPWF,6.339080
D,DISPATCH,UNIT_SCADA,1,"2019/09/04 23:15:00",CLERMSF1,0
D,DISPATCH,UNIT_SCADA,1,"2019/09/04 23:15:00",COLEASF1,0
D,DISPATCH,UNIT_SCADA,1,"2019/09/04 23:15:00",COOPGWF1,16.9844
D,DISPATCH,UNIT_SCADA,1,"2019/09/04 23:15:00",CPP_3,404.524990
D,DISPATCH,UNIT_SCADA,1,"2019/09/04 23:15:00",CPP_4,405.899990
D,DISPATCH,UNIT_SCADA,1,"2019/09/04 23:15:00",CPSA,143.280620
D,DISPATCH,UNIT_SCADA,1,"2019/09/04 23:15:00",CROOKWF2,60.053750
D,DISPATCH,UNIT_SCADA,1,"2019/09/04 23:15:00",CROWLWF1,-0.243070
D,DISPATCH,UNIT_SCADA,1,"2019/09/04 23:15:00",CSPVPS1,0
D,DISPATCH,UNIT_SCADA,1,"2019/09/04 23:15:00",DALNTH01,0
D,DISPATCH,UNIT_SCADA,1,"2019/09/04 23:15:00",DALNTHL1,0.071720
D,DISPATCH,UNIT_SCADA,1,"2019/09/04 23:15:00",DARTM1,133.600010
D,DISPATCH,UNIT_SCADA,1,"2019/09/04 23:15:00",DAYDSF1,0
D,DISPATCH,UNIT_SCADA,1,"2019/09/04 23:15:00",DDPS1,344.401730
D,DISPATCH,UNIT_SCADA,1,"2019/09/04 23:15:00",DDSF1,0
D,DISPATCH,UNIT_SCADA,1,"2019/09/04 23:15:00",DEVILS_G,56.132080
D,DISPATCH,UNIT_SCADA,1,"2019/09/04 23:15:00",DG_NSW1,0
D,DISPATCH,UNIT_SCADA,1,"2019/09/04 23:15:00",DG_QLD1,0
D,DISPATCH,UNIT_SCADA,1,"2019/09/04 23:15:00",DG_SA1,0
D,DISPATCH,UNIT_SCADA,1,"2019/09/04 23:15:00",DG_TAS1,0
D,DISPATCH,UNIT_SCADA,1,"2019/09/04 23:15:00",DG_VIC1,0
D,DISPATCH,UNIT_SCADA,1,"2019/09/04 23:15:00",DRYCGT1,0
D,DISPATCH,UNIT_SCADA,1,"2019/09/04 23:15:00",DRYCGT2,0
D,DISPATCH,UNIT_SCADA,1,"2019/09/04 23:15:00",DRYCGT3,0
D,DISPATCH,UNIT_SCADA,1,"2019/09/04 23:15:00",EILDON1,0
D,DISPATCH,UNIT_SCADA,1,"2019/09/04 23:15:00",EILDON2,0
D,DISPATCH,UNIT_SCADA,1,"2019/09/04 23:15:00",EMERASF1,0
D,DISPATCH,UNIT_SCADA,1,"2019/09/04 23:15:00",ER01,564.175050
D,DISPATCH,UNIT_SCADA,1,"2019/09/04 23:15:00",ER02,669.699950
D,DISPATCH,UNIT_SCADA,1,"2019/09/04 23:15:00",ER03,0
D,DISPATCH,UNIT_SCADA,1,"2019/09/04 23:15:00",ER04,670.925050
D,DISPATCH,UNIT_SCADA,1,"2019/09/04 23:15:00",FINLYSF1,0
D,DISPATCH,UNIT_SCADA,1,"2019/09/04 23:15:00",FISHER,45.98
D,DISPATCH,UNIT_SCADA,1,"2019/09/04 23:15:00",GANNBG1,0
D,DISPATCH,UNIT_SCADA,1,"2019/09/04 23:15:00",GANNBL1,0.034360
D,DISPATCH,UNIT_SCADA,1,"2019/09/04 23:15:00",GANNSF1,0
D,DISPATCH,UNIT_SCADA,1,"2019/09/04 23:15:00",GORDON,0
D,DISPATCH,UNIT_SCADA,1,"2019/09/04 23:15:00",GSTONE1,200.024990
D,DISPATCH,UNIT_SCADA,1,"2019/09/04 23:15:00",GSTONE2,201.25
D,DISPATCH,UNIT_SCADA,1,"2019/09/04 23:15:00",GSTONE3,0
D,DISPATCH,UNIT_SCADA,1,"2019/09/04 23:15:00",GSTONE4,208.599990
D,DISPATCH,UNIT_SCADA,1,"2019/09/04 23:15:00",GSTONE5,200.024990
D,DISPATCH,UNIT_SCADA,1,"2019/09/04 23:15:00",GSTONE6,199.6750
D,DISPATCH,UNIT_SCADA,1,"2019/09/04 23:15:00",GULLRSF1,0
D,DISPATCH,UNIT_SCADA,1,"2019/09/04 23:15:00",GULLRWF1,118.155730
D,DISPATCH,UNIT_SCADA,1,"2019/09/04 23:15:00",GUNNING1,20.436930
D,DISPATCH,UNIT_SCADA,1,"2019/09/04 23:15:00",GUTHEGA,31.10
D,DISPATCH,UNIT_SCADA,1,"2019/09/04 23:15:00",HALLWF1,16.42
D,DISPATCH,UNIT_SCADA,1,"2019/09/04 23:15:00",HALLWF2,12.26
D,DISPATCH,UNIT_SCADA,1,"2019/09/04 23:15:00",HAMISF1,0
D,DISPATCH,UNIT_SCADA,1,"2019/09/04 23:15:00",HAUGHT11,0
D,DISPATCH,UNIT_SCADA,1,"2019/09/04 23:15:00",HAYMSF1,0
D,DISPATCH,UNIT_SCADA,1,"2019/09/04 23:15:00",HDWF1,76.10
D,DISPATCH,UNIT_SCADA,1,"2019/09/04 23:15:00",HDWF2,59.50
D,DISPATCH,UNIT_SCADA,1,"2019/09/04 23:15:00",HDWF3,57.80
D,DISPATCH,UNIT_SCADA,1,"2019/09/04 23:15:00",HPRG1,28.40
D,DISPATCH,UNIT_SCADA,1,"2019/09/04 23:15:00",HPRL1,0
D,DISPATCH,UNIT_SCADA,1,"2019/09/04 23:15:00",HUMENSW,0
D,DISPATCH,UNIT_SCADA,1,"2019/09/04 23:15:00",HUMEV,26.40
D,DISPATCH,UNIT_SCADA,1,"2019/09/04 23:15:00",HVGTS,0
D,DISPATCH,UNIT_SCADA,1,"2019/09/04 23:15:00",JBUTTERS,15.49
D,DISPATCH,UNIT_SCADA,1,"2019/09/04 23:15:00",JLA01,0.10
D,DISPATCH,UNIT_SCADA,1,"2019/09/04 23:15:00",JLA02,0
D,DISPATCH,UNIT_SCADA,1,"2019/09/04 23:15:00",JLA03,0
D,DISPATCH,UNIT_SCADA,1,"2019/09/04 23:15:00",JLA04,0
D,DISPATCH,UNIT_SCADA,1,"2019/09/04 23:15:00",JLB01,0
D,DISPATCH,UNIT_SCADA,1,"2019/09/04 23:15:00",JLB02,84.10
D,DISPATCH,UNIT_SCADA,1,"2019/09/04 23:15:00",JLB03,83.30
D,DISPATCH,UNIT_SCADA,1,"2019/09/04 23:15:00",KAREEYA1,21.5450
D,DISPATCH,UNIT_SCADA,1,"2019/09/04 23:15:00",KAREEYA2,21.7650
D,DISPATCH,UNIT_SCADA,1,"2019/09/04 23:15:00",KAREEYA3,0
D,DISPATCH,UNIT_SCADA,1,"2019/09/04 23:15:00",KAREEYA4,21.6125
D,DISPATCH,UNIT_SCADA,1,"2019/09/04 23:15:00",KARSF1,0
D,DISPATCH,UNIT_SCADA,1,"2019/09/04 23:15:00",KIATAWF1,-0.30
D,DISPATCH,UNIT_SCADA,1,"2019/09/04 23:15:00",KPP_1,0
D,DISPATCH,UNIT_SCADA,1,"2019/09/04 23:15:00",KSP1,0
D,DISPATCH,UNIT_SCADA,1,"2019/09/04 23:15:00",LADBROK1,42.80
D,DISPATCH,UNIT_SCADA,1,"2019/09/04 23:15:00",LADBROK2,42.44
D,DISPATCH,UNIT_SCADA,1,"2019/09/04 23:15:00",LD01,415.706270
D,DISPATCH,UNIT_SCADA,1,"2019/09/04 23:15:00",LD02,398.174990
D,DISPATCH,UNIT_SCADA,1,"2019/09/04 23:15:00",LD03,416.7937
D,DISPATCH,UNIT_SCADA,1,"2019/09/04 23:15:00",LD04,376.6875
D,DISPATCH,UNIT_SCADA,1,"2019/09/04 23:15:00",LEM_WIL,82.1178
D,DISPATCH,UNIT_SCADA,1,"2019/09/04 23:15:00",LGAPWF1,13.91
D,DISPATCH,UNIT_SCADA,1,"2019/09/04 23:15:00",LILYSF1,0
D,DISPATCH,UNIT_SCADA,1,"2019/09/04 23:15:00",LI_WY_CA,164.524550
D,DISPATCH,UNIT_SCADA,1,"2019/09/04 23:15:00",LKBONNY2,17.571490
D,DISPATCH,UNIT_SCADA,1,"2019/09/04 23:15:00",LKBONNY3,4.354120
D,DISPATCH,UNIT_SCADA,1,"2019/09/04 23:15:00",LK_ECHO,0
D,DISPATCH,UNIT_SCADA,1,"2019/09/04 23:15:00",LNGS1,0
D,DISPATCH,UNIT_SCADA,1,"2019/09/04 23:15:00",LNGS2,0
D,DISPATCH,UNIT_SCADA,1,"2019/09/04 23:15:00",LONSDALE,0
D,DISPATCH,UNIT_SCADA,1,"2019/09/04 23:15:00",LOYYB1,536.840520
D,DISPATCH,UNIT_SCADA,1,"2019/09/04 23:15:00",LOYYB2,582.330380
D,DISPATCH,UNIT_SCADA,1,"2019/09/04 23:15:00",LYA1,0
D,DISPATCH,UNIT_SCADA,1,"2019/09/04 23:15:00",LYA2,0
D,DISPATCH,UNIT_SCADA,1,"2019/09/04 23:15:00",LYA3,559
D,DISPATCH,UNIT_SCADA,1,"2019/09/04 23:15:00",LYA4,540
D,DISPATCH,UNIT_SCADA,1,"2019/09/04 23:15:00",MACARTH1,8.399810
D,DISPATCH,UNIT_SCADA,1,"2019/09/04 23:15:00",MACKAYGT,0.2240
D,DISPATCH,UNIT_SCADA,1,"2019/09/04 23:15:00",MACKNTSH,88.790010
D,DISPATCH,UNIT_SCADA,1,"2019/09/04 23:15:00",MANSLR1,0
D,DISPATCH,UNIT_SCADA,1,"2019/09/04 23:15:00",MCKAY1,128.674990
D,DISPATCH,UNIT_SCADA,1,"2019/09/04 23:15:00",MEADOWBK,25.0075
D,DISPATCH,UNIT_SCADA,1,"2019/09/04 23:15:00",MERCER01,0.0210
D,DISPATCH,UNIT_SCADA,1,"2019/09/04 23:15:00",MEWF1,75.456510
D,DISPATCH,UNIT_SCADA,1,"2019/09/04 23:15:00",MINTARO,0
D,DISPATCH,UNIT_SCADA,1,"2019/09/04 23:15:00",MOREESF1,0
D,DISPATCH,UNIT_SCADA,1,"2019/09/04 23:15:00",MORTLK11,260
D,DISPATCH,UNIT_SCADA,1,"2019/09/04 23:15:00",MORTLK12,0
D,DISPATCH,UNIT_SCADA,1,"2019/09/04 23:15:00",MP1,229.224980
D,DISPATCH,UNIT_SCADA,1,"2019/09/04 23:15:00",MP2,0
D,DISPATCH,UNIT_SCADA,1,"2019/09/04 23:15:00",MPP_1,399.25
D,DISPATCH,UNIT_SCADA,1,"2019/09/04 23:15:00",MPP_2,434.75
D,DISPATCH,UNIT_SCADA,1,"2019/09/04 23:15:00",MSTUART1,0
D,DISPATCH,UNIT_SCADA,1,"2019/09/04 23:15:00",MSTUART2,0
D,DISPATCH,UNIT_SCADA,1,"2019/09/04 23:15:00",MSTUART3,0
D,DISPATCH,UNIT_SCADA,1,"2019/09/04 23:15:00",MTGELWF1,-0.486770
D,DISPATCH,UNIT_SCADA,1,"2019/09/04 23:15:00",MURRAY,234.600010
D,DISPATCH,UNIT_SCADA,1,"2019/09/04 23:15:00",MUSSELR1,86.50
D,DISPATCH,UNIT_SCADA,1,"2019/09/04 23:15:00",MUWAWF1,-0.06
D,DISPATCH,UNIT_SCADA,1,"2019/09/04 23:15:00",NBHWF1,65.30
D,DISPATCH,UNIT_SCADA,1,"2019/09/04 23:15:00",NPS,301.1250
D,DISPATCH,UNIT_SCADA,1,"2019/09/04 23:15:00",NUMURSF1,0
D,DISPATCH,UNIT_SCADA,1,"2019/09/04 23:15:00",NYNGAN1,0
D,DISPATCH,UNIT_SCADA,1,"2019/09/04 23:15:00",OAKEY1,0
D,DISPATCH,UNIT_SCADA,1,"2019/09/04 23:15:00",OAKEY1SF,0
D,DISPATCH,UNIT_SCADA,1,"2019/09/04 23:15:00",OAKEY2,0
D,DISPATCH,UNIT_SCADA,1,"2019/09/04 23:15:00",OAKEY2SF,0
D,DISPATCH,UNIT_SCADA,1,"2019/09/04 23:15:00",OAKLAND1,-0.30
D,DISPATCH,UNIT_SCADA,1,"2019/09/04 23:15:00",OSB-AG,179.02
D,DISPATCH,UNIT_SCADA,1,"2019/09/04 23:15:00",PARSF1,0
D,DISPATCH,UNIT_SCADA,1,"2019/09/04 23:15:00",POAT110,0
D,DISPATCH,UNIT_SCADA,1,"2019/09/04 23:15:00",POAT220,1.26
D,DISPATCH,UNIT_SCADA,1,"2019/09/04 23:15:00",POR01,0
D,DISPATCH,UNIT_SCADA,1,"2019/09/04 23:15:00",POR03,0
D,DISPATCH,UNIT_SCADA,1,"2019/09/04 23:15:00",PPCCGT,482.931490
D,DISPATCH,UNIT_SCADA,1,"2019/09/04 23:15:00",PTSTAN1,0
D,DISPATCH,UNIT_SCADA,1,"2019/09/04 23:15:00",PUMP1,0
D,DISPATCH,UNIT_SCADA,1,"2019/09/04 23:15:00",PUMP2,0
D,DISPATCH,UNIT_SCADA,1,"2019/09/04 23:15:00",QPS1,29
D,DISPATCH,UNIT_SCADA,1,"2019/09/04 23:15:00",QPS2,0
D,DISPATCH,UNIT_SCADA,1,"2019/09/04 23:15:00",QPS3,0
D,DISPATCH,UNIT_SCADA,1,"2019/09/04 23:15:00",QPS4,0
D,DISPATCH,UNIT_SCADA,1,"2019/09/04 23:15:00",QPS5,123.64
D,DISPATCH,UNIT_SCADA,1,"2019/09/04 23:15:00",REECE1,102.100010
D,DISPATCH,UNIT_SCADA,1,"2019/09/04 23:15:00",REECE2,101.66
D,DISPATCH,UNIT_SCADA,1,"2019/09/04 23:15:00",ROMA_7,0
D,DISPATCH,UNIT_SCADA,1,"2019/09/04 23:15:00",ROMA_8,0
D,DISPATCH,UNIT_SCADA,1,"2019/09/04 23:15:00",RRSF1,0
D,DISPATCH,UNIT_SCADA,1,"2019/09/04 23:15:00",RT_NSW1,0
D,DISPATCH,UNIT_SCADA,1,"2019/09/04 23:15:00",RT_NSW2,0
D,DISPATCH,UNIT_SCADA,1,"2019/09/04 23:15:00",RT_NSW3,0
D,DISPATCH,UNIT_SCADA,1,"2019/09/04 23:15:00",RT_NSW4,0
D,DISPATCH,UNIT_SCADA,1,"2019/09/04 23:15:00",RT_NSW5,0
D,DISPATCH,UNIT_SCADA,1,"2019/09/04 23:15:00",RT_NSW6,0
D,DISPATCH,UNIT_SCADA,1,"2019/09/04 23:15:00",RT_QLD1,0
D,DISPATCH,UNIT_SCADA,1,"2019/09/04 23:15:00",RT_SA1,0
D,DISPATCH,UNIT_SCADA,1,"2019/09/04 23:15:00",RT_SA2,0
D,DISPATCH,UNIT_SCADA,1,"2019/09/04 23:15:00",RT_SA3,0
D,DISPATCH,UNIT_SCADA,1,"2019/09/04 23:15:00",RT_SA4,0
D,DISPATCH,UNIT_SCADA,1,"2019/09/04 23:15:00",RT_SA5,0
D,DISPATCH,UNIT_SCADA,1,"2019/09/04 23:15:00",RT_SA6,0
D,DISPATCH,UNIT_SCADA,1,"2019/09/04 23:15:00",RT_TAS1,0
D,DISPATCH,UNIT_SCADA,1,"2019/09/04 23:15:00",RT_VIC1,0
D,DISPATCH,UNIT_SCADA,1,"2019/09/04 23:15:00",RT_VIC10,0
D,DISPATCH,UNIT_SCADA,1,"2019/09/04 23:15:00",RT_VIC11,0
D,DISPATCH,UNIT_SCADA,1,"2019/09/04 23:15:00",RT_VIC12,0
D,DISPATCH,UNIT_SCADA,1,"2019/09/04 23:15:00",RT_VIC2,0
D,DISPATCH,UNIT_SCADA,1,"2019/09/04 23:15:00",RT_VIC3,0
D,DISPATCH,UNIT_SCADA,1,"2019/09/04 23:15:00",RT_VIC4,0
D,DISPATCH,UNIT_SCADA,1,"2019/09/04 23:15:00",RT_VIC5,0
D,DISPATCH,UNIT_SCADA,1,"2019/09/04 23:15:00",RT_VIC6,0
D,DISPATCH,UNIT_SCADA,1,"2019/09/04 23:15:00",RT_VIC7,0
D,DISPATCH,UNIT_SCADA,1,"2019/09/04 23:15:00",RT_VIC8,0
D,DISPATCH,UNIT_SCADA,1,"2019/09/04 23:15:00",RT_VIC9,0
D,DISPATCH,UNIT_SCADA,1,"2019/09/04 23:15:00",RUGBYR1,0
D,DISPATCH,UNIT_SCADA,1,"2019/09/04 23:15:00",SALTCRK1,3.37
D,DISPATCH,UNIT_SCADA,1,"2019/09/04 23:15:00",SAPHWF1,46.340640
D,DISPATCH,UNIT_SCADA,1,"2019/09/04 23:15:00",SHGEN,0
D,DISPATCH,UNIT_SCADA,1,"2019/09/04 23:15:00",SHPUMP,0
D,DISPATCH,UNIT_SCADA,1,"2019/09/04 23:15:00",SITHE01,0.244290
D,DISPATCH,UNIT_SCADA,1,"2019/09/04 23:15:00",SMCSF1,0
D,DISPATCH,UNIT_SCADA,1,"2019/09/04 23:15:00",SNOWNTH1,3.10
D,DISPATCH,UNIT_SCADA,1,"2019/09/04 23:15:00",SNOWSTH1,5.30
D,DISPATCH,UNIT_SCADA,1,"2019/09/04 23:15:00",SNOWTWN1,2.643570
D,DISPATCH,UNIT_SCADA,1,"2019/09/04 23:15:00",SNOWYP,0
D,DISPATCH,UNIT_SCADA,1,"2019/09/04 23:15:00",SNUG1,0.019440
D,DISPATCH,UNIT_SCADA,1,"2019/09/04 23:15:00",SRSF1,0
D,DISPATCH,UNIT_SCADA,1,"2019/09/04 23:15:00",STAN-1,221.491580
D,DISPATCH,UNIT_SCADA,1,"2019/09/04 23:15:00",STAN-2,310.844480
D,DISPATCH,UNIT_SCADA,1,"2019/09/04 23:15:00",STAN-3,310.613740
D,DISPATCH,UNIT_SCADA,1,"2019/09/04 23:15:00",STAN-4,313.036320
D,DISPATCH,UNIT_SCADA,1,"2019/09/04 23:15:00",STWF1,168.66
D,DISPATCH,UNIT_SCADA,1,"2019/09/04 23:15:00",SWAN_E,0
D,DISPATCH,UNIT_SCADA,1,"2019/09/04 23:15:00",TALWA1,409
D,DISPATCH,UNIT_SCADA,1,"2019/09/04 23:15:00",TARALGA1,86.943740
D,DISPATCH,UNIT_SCADA,1,"2019/09/04 23:15:00",TARONG#1,349.899990
D,DISPATCH,UNIT_SCADA,1,"2019/09/04 23:15:00",TARONG#2,0
D,DISPATCH,UNIT_SCADA,1,"2019/09/04 23:15:00",TARONG#3,279.800020
D,DISPATCH,UNIT_SCADA,1,"2019/09/04 23:15:00",TARONG#4,348.50
D,DISPATCH,UNIT_SCADA,1,"2019/09/04 23:15:00",TARRALEA,70.90
D,DISPATCH,UNIT_SCADA,1,"2019/09/04 23:15:00",TBSF1,-0.20
D,DISPATCH,UNIT_SCADA,1,"2019/09/04 23:15:00",TNPS1,379.600010
D,DISPATCH,UNIT_SCADA,1,"2019/09/04 23:15:00",TORRA1,68.502990
D,DISPATCH,UNIT_SCADA,1,"2019/09/04 23:15:00",TORRA2,0
D,DISPATCH,UNIT_SCADA,1,"2019/09/04 23:15:00",TORRA3,0
D,DISPATCH,UNIT_SCADA,1,"2019/09/04 23:15:00",TORRA4,68.215680
D,DISPATCH,UNIT_SCADA,1,"2019/09/04 23:15:00",TORRB1,76.44
D,DISPATCH,UNIT_SCADA,1,"2019/09/04 23:15:00",TORRB2,76.98
D,DISPATCH,UNIT_SCADA,1,"2019/09/04 23:15:00",TORRB3,75.41
D,DISPATCH,UNIT_SCADA,1,"2019/09/04 23:15:00",TORRB4,0
D,DISPATCH,UNIT_SCADA,1,"2019/09/04 23:15:00",TREVALLN,18.10
D,DISPATCH,UNIT_SCADA,1,"2019/09/04 23:15:00",TRIBUTE,0
D,DISPATCH,UNIT_SCADA,1,"2019/09/04 23:15:00",TUMUT3,0
D,DISPATCH,UNIT_SCADA,1,"2019/09/04 23:15:00",TUNGATIN,124.360040
D,DISPATCH,UNIT_SCADA,1,"2019/09/04 23:15:00",TVCC201,0
D,DISPATCH,UNIT_SCADA,1,"2019/09/04 23:15:00",TVPP104,0
D,DISPATCH,UNIT_SCADA,1,"2019/09/04 23:15:00",UPPTUMUT,0
D,DISPATCH,UNIT_SCADA,1,"2019/09/04 23:15:00",URANQ11,0
D,DISPATCH,UNIT_SCADA,1,"2019/09/04 23:15:00",URANQ12,0
D,DISPATCH,UNIT_SCADA,1,"2019/09/04 23:15:00",URANQ13,0
D,DISPATCH,UNIT_SCADA,1,"2019/09/04 23:15:00",URANQ14,0
D,DISPATCH,UNIT_SCADA,1,"2019/09/04 23:15:00",VP5,622.650020
D,DISPATCH,UNIT_SCADA,1,"2019/09/04 23:15:00",VP6,0
D,DISPATCH,UNIT_SCADA,1,"2019/09/04 23:15:00",VPGS1,0
D,DISPATCH,UNIT_SCADA,1,"2019/09/04 23:15:00",VPGS2,0
D,DISPATCH,UNIT_SCADA,1,"2019/09/04 23:15:00",VPGS3,0
D,DISPATCH,UNIT_SCADA,1,"2019/09/04 23:15:00",VPGS4,0
D,DISPATCH,UNIT_SCADA,1,"2019/09/04 23:15:00",VPGS5,0
D,DISPATCH,UNIT_SCADA,1,"2019/09/04 23:15:00",VPGS6,0
D,DISPATCH,UNIT_SCADA,1,"2019/09/04 23:15:00",W/HOE#1,0
D,DISPATCH,UNIT_SCADA,1,"2019/09/04 23:15:00",W/HOE#2,0
D,DISPATCH,UNIT_SCADA,1,"2019/09/04 23:15:00",WATERLWF,6.90
D,DISPATCH,UNIT_SCADA,1,"2019/09/04 23:15:00",WEMENSF1,0
D,DISPATCH,UNIT_SCADA,1,"2019/09/04 23:15:00",WGWF1,18
D,DISPATCH,UNIT_SCADA,1,"2019/09/04 23:15:00",WHITSF1,0
D,DISPATCH,UNIT_SCADA,1,"2019/09/04 23:15:00",WKIEWA1,14.10
D,DISPATCH,UNIT_SCADA,1,"2019/09/04 23:15:00",WKIEWA2,14.30
D,DISPATCH,UNIT_SCADA,1,"2019/09/04 23:15:00",WOODLWN1,25.281010
D,DISPATCH,UNIT_SCADA,1,"2019/09/04 23:15:00",WRSF1,0
D,DISPATCH,UNIT_SCADA,1,"2019/09/04 23:15:00",WRWF1,58.6550
D,DISPATCH,UNIT_SCADA,1,"2019/09/04 23:15:00",YABULU,21.960010
D,DISPATCH,UNIT_SCADA,1,"2019/09/04 23:15:00",YABULU2,0
D,DISPATCH,UNIT_SCADA,1,"2019/09/04 23:15:00",YARWUN_1,160.61
D,DISPATCH,UNIT_SCADA,1,"2019/09/04 23:15:00",YENDWF1,-1.15
D,DISPATCH,UNIT_SCADA,1,"2019/09/04 23:15:00",YWPS1,377.693660
D,DISPATCH,UNIT_SCADA,1,"2019/09/04 23:15:00",YWPS2,275.936710
D,DISPATCH,UNIT_SCADA,1,"2019/09/04 23:15:00",YWPS3,69.488610
D,DISPATCH,UNIT_SCADA,1,"2019/09/04 23:15:00",YWPS4,387.898740
C,"END OF REPORT",335
