C,NEMP.WORLD,DISPATCHSCADA,AEMO,PUBLIC,2019/08/22,14:15:08,0000000311870251,DISPATCHSCADA,0000000311870245
I,DISPATCH,UNIT_SCADA,1,SETTLEMENTDATE,DUID,SCADAVALUE
D,DISPATCH,UNIT_SCADA,1,"2019/08/22 14:20:00",BARCSF1,18
D,DISPATCH,UNIT_SCADA,1,"2019/08/22 14:20:00",BUTLERSG,9.699999
D,DISPATCH,UNIT_SCADA,1,"2019/08/22 14:20:00",CALL_A_4,0
D,DISPATCH,UNIT_SCADA,1,"2019/08/22 14:20:00",CAPTL_WF,64.82
D,DISPATCH,UNIT_SCADA,1,"2019/08/22 14:20:00",CATHROCK,0
D,DISPATCH,UNIT_SCADA,1,"2019/08/22 14:20:00",CHALLHWF,14.799999
D,DISPATCH,UNIT_SCADA,1,"2019/08/22 14:20:00",CLOVER,-0.01
D,DISPATCH,UNIT_SCADA,1,"2019/08/22 14:20:00",CLUNY,19.978485
D,DISPATCH,UNIT_SCADA,1,"2019/08/22 14:20:00",CNUNDAWF,5.206073
D,DISPATCH,UNIT_SCADA,1,"2019/08/22 14:20:00",CULLRGWF,26.799999
D,DISPATCH,UNIT_SCADA,1,"2019/08/22 14:20:00",ERGT01,0
D,DISPATCH,UNIT_SCADA,1,"2019/08/22 14:20:00",GB01,0.066025
D,DISPATCH,UNIT_SCADA,1,"2019/08/22 14:20:00",GERMCRK,16.60
D,DISPATCH,UNIT_SCADA,1,"2019/08/22 14:20:00",GRIFSF1,24.600006
D,DISPATCH,UNIT_SCADA,1,"2019/08/22 14:20:00",HUGSF1,8.9630
D,DISPATCH,UNIT_SCADA,1,"2019/08/22 14:20:00",LKBONNY1,13.128476
D,DISPATCH,UNIT_SCADA,1,"2019/08/22 14:20:00",LRSF1,12.2810
D,DISPATCH,UNIT_SCADA,1,"2019/08/22 14:20:00",MBAHNTH,55.256256
D,DISPATCH,UNIT_SCADA,1,"2019/08/22 14:20:00",MLSP1,10.589001
D,DISPATCH,UNIT_SCADA,1,"2019/08/22 14:20:00",MLWF1,6.93
D,DISPATCH,UNIT_SCADA,1,"2019/08/22 14:20:00",MTMILLAR,1.555234
D,DISPATCH,UNIT_SCADA,1,"2019/08/22 14:20:00",PALOONA,28.91
D,DISPATCH,UNIT_SCADA,1,"2019/08/22 14:20:00",PIONEER,32.50
D,DISPATCH,UNIT_SCADA,1,"2019/08/22 14:20:00",PORTWF,9.50
D,DISPATCH,UNIT_SCADA,1,"2019/08/22 14:20:00",REPULSE,28.821852
D,DISPATCH,UNIT_SCADA,1,"2019/08/22 14:20:00",ROWALLAN,10.4086
D,DISPATCH,UNIT_SCADA,1,"2019/08/22 14:20:00",ROYALLA1,16.738001
D,DISPATCH,UNIT_SCADA,1,"2019/08/22 14:20:00",RPCG,10.50
D,DISPATCH,UNIT_SCADA,1,"2019/08/22 14:20:00",RUBICON,0
D,DISPATCH,UNIT_SCADA,1,"2019/08/22 14:20:00",SATGN1,0
D,DISPATCH,UNIT_SCADA,1,"2019/08/22 14:20:00",SATGS1,0
D,DISPATCH,UNIT_SCADA,1,"2019/08/22 14:20:00",STARHLWF,2.699213
D,DISPATCH,UNIT_SCADA,1,"2019/08/22 14:20:00",WAUBRAWF,128.143997
D,DISPATCH,UNIT_SCADA,1,"2019/08/22 14:20:00",WOOLNTH1,76.560020
D,DISPATCH,UNIT_SCADA,1,"2019/08/22 14:20:00",WPWF,0
D,DISPATCH,UNIT_SCADA,1,"2019/08/22 14:20:00",YAMBUKWF,2.50
D,DISPATCH,UNIT_SCADA,1,"2019/08/22 14:20:00",YSWF1,9.80
D,DISPATCH,UNIT_SCADA,1,"2019/08/22 14:20:00",AGLHAL,0
D,DISPATCH,UNIT_SCADA,1,"2019/08/22 14:20:00",AGLSOM,0
D,DISPATCH,UNIT_SCADA,1,"2019/08/22 14:20:00",ANGAST1,0
D,DISPATCH,UNIT_SCADA,1,"2019/08/22 14:20:00",ARWF1,132.700010
D,DISPATCH,UNIT_SCADA,1,"2019/08/22 14:20:00",BALBG1,1.41
D,DISPATCH,UNIT_SCADA,1,"2019/08/22 14:20:00",BALBL1,0
D,DISPATCH,UNIT_SCADA,1,"2019/08/22 14:20:00",BALDHWF1,94.0110
D,DISPATCH,UNIT_SCADA,1,"2019/08/22 14:20:00",BANN1,59.91
D,DISPATCH,UNIT_SCADA,1,"2019/08/22 14:20:00",BARCALDN,0
D,DISPATCH,UNIT_SCADA,1,"2019/08/22 14:20:00",BARRON-1,0
D,DISPATCH,UNIT_SCADA,1,"2019/08/22 14:20:00",BARRON-2,4.48
D,DISPATCH,UNIT_SCADA,1,"2019/08/22 14:20:00",BASTYAN,77.750010
D,DISPATCH,UNIT_SCADA,1,"2019/08/22 14:20:00",BBTHREE1,-2.10
D,DISPATCH,UNIT_SCADA,1,"2019/08/22 14:20:00",BBTHREE2,-2.12
D,DISPATCH,UNIT_SCADA,1,"2019/08/22 14:20:00",BBTHREE3,-1.16
D,DISPATCH,UNIT_SCADA,1,"2019/08/22 14:20:00",BDL01,0
D,DISPATCH,UNIT_SCADA,1,"2019/08/22 14:20:00",BDL02,0
D,DISPATCH,UNIT_SCADA,1,"2019/08/22 14:20:00",BERYLSF1,62.949940
D,DISPATCH,UNIT_SCADA,1,"2019/08/22 14:20:00",BLOWERNG,0
D,DISPATCH,UNIT_SCADA,1,"2019/08/22 14:20:00",BLUFF1,0.10
D,DISPATCH,UNIT_SCADA,1,"2019/08/22 14:20:00",BNGSF1,90.07
D,DISPATCH,UNIT_SCADA,1,"2019/08/22 14:20:00",BNGSF2,19.98
D,DISPATCH,UNIT_SCADA,1,"2019/08/22 14:20:00",BOCORWF1,106.41
D,DISPATCH,UNIT_SCADA,1,"2019/08/22 14:20:00",BODWF1,112.693370
D,DISPATCH,UNIT_SCADA,1,"2019/08/22 14:20:00",BRAEMAR1,0
D,DISPATCH,UNIT_SCADA,1,"2019/08/22 14:20:00",BRAEMAR2,0
D,DISPATCH,UNIT_SCADA,1,"2019/08/22 14:20:00",BRAEMAR3,0
D,DISPATCH,UNIT_SCADA,1,"2019/08/22 14:20:00",BRAEMAR5,0
D,DISPATCH,UNIT_SCADA,1,"2019/08/22 14:20:00",BRAEMAR6,0
D,DISPATCH,UNIT_SCADA,1,"2019/08/22 14:20:00",BRAEMAR7,0
D,DISPATCH,UNIT_SCADA,1,"2019/08/22 14:20:00",BROKENH1,52.734380
D,DISPATCH,UNIT_SCADA,1,"2019/08/22 14:20:00",BW01,527.599980
D,DISPATCH,UNIT_SCADA,1,"2019/08/22 14:20:00",BW02,499.50
D,DISPATCH,UNIT_SCADA,1,"2019/08/22 14:20:00",BW03,529.3750
D,DISPATCH,UNIT_SCADA,1,"2019/08/22 14:20:00",BW04,0
D,DISPATCH,UNIT_SCADA,1,"2019/08/22 14:20:00",CALL_B_1,124.70
D,DISPATCH,UNIT_SCADA,1,"2019/08/22 14:20:00",CALL_B_2,279.800020
D,DISPATCH,UNIT_SCADA,1,"2019/08/22 14:20:00",CETHANA,97.346250
D,DISPATCH,UNIT_SCADA,1,"2019/08/22 14:20:00",CG1,0
D,DISPATCH,UNIT_SCADA,1,"2019/08/22 14:20:00",CG2,0
D,DISPATCH,UNIT_SCADA,1,"2019/08/22 14:20:00",CG3,0
D,DISPATCH,UNIT_SCADA,1,"2019/08/22 14:20:00",CG4,0
D,DISPATCH,UNIT_SCADA,1,"2019/08/22 14:20:00",CHILDSF1,40.12
D,DISPATCH,UNIT_SCADA,1,"2019/08/22 14:20:00",CLARESF1,43.921410
D,DISPATCH,UNIT_SCADA,1,"2019/08/22 14:20:00",CLEMGPWF,-0.216110
D,DISPATCH,UNIT_SCADA,1,"2019/08/22 14:20:00",CLERMSF1,14.69
D,DISPATCH,UNIT_SCADA,1,"2019/08/22 14:20:00",COLEASF1,104.70
D,DISPATCH,UNIT_SCADA,1,"2019/08/22 14:20:00",COOPGWF1,29.456470
D,DISPATCH,UNIT_SCADA,1,"2019/08/22 14:20:00",CPP_3,279.950010
D,DISPATCH,UNIT_SCADA,1,"2019/08/22 14:20:00",CPP_4,328.350010
D,DISPATCH,UNIT_SCADA,1,"2019/08/22 14:20:00",CPSA,87.099380
D,DISPATCH,UNIT_SCADA,1,"2019/08/22 14:20:00",CROOKWF2,90.883750
D,DISPATCH,UNIT_SCADA,1,"2019/08/22 14:20:00",CROWLWF1,25.074690
D,DISPATCH,UNIT_SCADA,1,"2019/08/22 14:20:00",CSPVPS1,31.9560
D,DISPATCH,UNIT_SCADA,1,"2019/08/22 14:20:00",DALNTH01,0
D,DISPATCH,UNIT_SCADA,1,"2019/08/22 14:20:00",DALNTHL1,0.056460
D,DISPATCH,UNIT_SCADA,1,"2019/08/22 14:20:00",DARTM1,132.20
D,DISPATCH,UNIT_SCADA,1,"2019/08/22 14:20:00",DAYDSF1,116.2280
D,DISPATCH,UNIT_SCADA,1,"2019/08/22 14:20:00",DDPS1,0
D,DISPATCH,UNIT_SCADA,1,"2019/08/22 14:20:00",DDSF1,97.087490
D,DISPATCH,UNIT_SCADA,1,"2019/08/22 14:20:00",DEVILS_G,0
D,DISPATCH,UNIT_SCADA,1,"2019/08/22 14:20:00",DG_NSW1,0
D,DISPATCH,UNIT_SCADA,1,"2019/08/22 14:20:00",DG_QLD1,0
D,DISPATCH,UNIT_SCADA,1,"2019/08/22 14:20:00",DG_SA1,0
D,DISPATCH,UNIT_SCADA,1,"2019/08/22 14:20:00",DG_TAS1,0
D,DISPATCH,UNIT_SCADA,1,"2019/08/22 14:20:00",DG_VIC1,0
D,DISPATCH,UNIT_SCADA,1,"2019/08/22 14:20:00",DRYCGT1,0
D,DISPATCH,UNIT_SCADA,1,"2019/08/22 14:20:00",DRYCGT2,0
D,DISPATCH,UNIT_SCADA,1,"2019/08/22 14:20:00",DRYCGT3,0
D,DISPATCH,UNIT_SCADA,1,"2019/08/22 14:20:00",EILDON1,0
D,DISPATCH,UNIT_SCADA,1,"2019/08/22 14:20:00",EILDON2,0
D,DISPATCH,UNIT_SCADA,1,"2019/08/22 14:20:00",EMERASF1,62.73
D,DISPATCH,UNIT_SCADA,1,"2019/08/22 14:20:00",ER01,312.099980
D,DISPATCH,UNIT_SCADA,1,"2019/08/22 14:20:00",ER02,419.849980
D,DISPATCH,UNIT_SCADA,1,"2019/08/22 14:20:00",ER03,699.650020
D,DISPATCH,UNIT_SCADA,1,"2019/08/22 14:20:00",ER04,367.8750
D,DISPATCH,UNIT_SCADA,1,"2019/08/22 14:20:00",FINLYSF1,0
D,DISPATCH,UNIT_SCADA,1,"2019/08/22 14:20:00",FISHER,45.48
D,DISPATCH,UNIT_SCADA,1,"2019/08/22 14:20:00",GANNBG1,0
D,DISPATCH,UNIT_SCADA,1,"2019/08/22 14:20:00",GANNBL1,11.689090
D,DISPATCH,UNIT_SCADA,1,"2019/08/22 14:20:00",GANNSF1,42.40
D,DISPATCH,UNIT_SCADA,1,"2019/08/22 14:20:00",GORDON,18.697840
D,DISPATCH,UNIT_SCADA,1,"2019/08/22 14:20:00",GSTONE1,133.524990
D,DISPATCH,UNIT_SCADA,1,"2019/08/22 14:20:00",GSTONE2,150.3250
D,DISPATCH,UNIT_SCADA,1,"2019/08/22 14:20:00",GSTONE3,146.30
D,DISPATCH,UNIT_SCADA,1,"2019/08/22 14:20:00",GSTONE4,149.274990
D,DISPATCH,UNIT_SCADA,1,"2019/08/22 14:20:00",GSTONE5,147.8750
D,DISPATCH,UNIT_SCADA,1,"2019/08/22 14:20:00",GSTONE6,0
D,DISPATCH,UNIT_SCADA,1,"2019/08/22 14:20:00",GULLRSF1,8.611570
D,DISPATCH,UNIT_SCADA,1,"2019/08/22 14:20:00",GULLRWF1,120.899960
D,DISPATCH,UNIT_SCADA,1,"2019/08/22 14:20:00",GUNNING1,35.389060
D,DISPATCH,UNIT_SCADA,1,"2019/08/22 14:20:00",GUTHEGA,0
D,DISPATCH,UNIT_SCADA,1,"2019/08/22 14:20:00",HALLWF1,-0.49
D,DISPATCH,UNIT_SCADA,1,"2019/08/22 14:20:00",HALLWF2,-0.41
D,DISPATCH,UNIT_SCADA,1,"2019/08/22 14:20:00",HAMISF1,46.60
D,DISPATCH,UNIT_SCADA,1,"2019/08/22 14:20:00",HAUGHT11,49.985530
D,DISPATCH,UNIT_SCADA,1,"2019/08/22 14:20:00",HAYMSF1,41.3110
D,DISPATCH,UNIT_SCADA,1,"2019/08/22 14:20:00",HDWF1,3.20
D,DISPATCH,UNIT_SCADA,1,"2019/08/22 14:20:00",HDWF2,2.50
D,DISPATCH,UNIT_SCADA,1,"2019/08/22 14:20:00",HDWF3,1.80
D,DISPATCH,UNIT_SCADA,1,"2019/08/22 14:20:00",HPRG1,0
D,DISPATCH,UNIT_SCADA,1,"2019/08/22 14:20:00",HPRL1,0.80
D,DISPATCH,UNIT_SCADA,1,"2019/08/22 14:20:00",HUMENSW,0
D,DISPATCH,UNIT_SCADA,1,"2019/08/22 14:20:00",HUMEV,8.80
D,DISPATCH,UNIT_SCADA,1,"2019/08/22 14:20:00",HVGTS,0
D,DISPATCH,UNIT_SCADA,1,"2019/08/22 14:20:00",JBUTTERS,137.97
D,DISPATCH,UNIT_SCADA,1,"2019/08/22 14:20:00",JLA01,0.50
D,DISPATCH,UNIT_SCADA,1,"2019/08/22 14:20:00",JLA02,0
D,DISPATCH,UNIT_SCADA,1,"2019/08/22 14:20:00",JLA03,0.10
D,DISPATCH,UNIT_SCADA,1,"2019/08/22 14:20:00",JLA04,0.10
D,DISPATCH,UNIT_SCADA,1,"2019/08/22 14:20:00",JLB01,0
D,DISPATCH,UNIT_SCADA,1,"2019/08/22 14:20:00",JLB02,0.10
D,DISPATCH,UNIT_SCADA,1,"2019/08/22 14:20:00",JLB03,0
D,DISPATCH,UNIT_SCADA,1,"2019/08/22 14:20:00",KAREEYA1,21.4625
D,DISPATCH,UNIT_SCADA,1,"2019/08/22 14:20:00",KAREEYA2,21.7825
D,DISPATCH,UNIT_SCADA,1,"2019/08/22 14:20:00",KAREEYA3,0
D,DISPATCH,UNIT_SCADA,1,"2019/08/22 14:20:00",KAREEYA4,21.6250
D,DISPATCH,UNIT_SCADA,1,"2019/08/22 14:20:00",KARSF1,47.90
D,DISPATCH,UNIT_SCADA,1,"2019/08/22 14:20:00",KIATAWF1,11.40
D,DISPATCH,UNIT_SCADA,1,"2019/08/22 14:20:00",KPP_1,0
D,DISPATCH,UNIT_SCADA,1,"2019/08/22 14:20:00",KSP1,47.25
D,DISPATCH,UNIT_SCADA,1,"2019/08/22 14:20:00",LADBROK1,0
D,DISPATCH,UNIT_SCADA,1,"2019/08/22 14:20:00",LADBROK2,0
D,DISPATCH,UNIT_SCADA,1,"2019/08/22 14:20:00",LD01,344.137450
D,DISPATCH,UNIT_SCADA,1,"2019/08/22 14:20:00",LD02,350.231230
D,DISPATCH,UNIT_SCADA,1,"2019/08/22 14:20:00",LD03,352.6312
D,DISPATCH,UNIT_SCADA,1,"2019/08/22 14:20:00",LD04,349.087460
D,DISPATCH,UNIT_SCADA,1,"2019/08/22 14:20:00",LEM_WIL,85.984950
D,DISPATCH,UNIT_SCADA,1,"2019/08/22 14:20:00",LGAPWF1,4.36
D,DISPATCH,UNIT_SCADA,1,"2019/08/22 14:20:00",LILYSF1,91.2261
D,DISPATCH,UNIT_SCADA,1,"2019/08/22 14:20:00",LI_WY_CA,148.830810
D,DISPATCH,UNIT_SCADA,1,"2019/08/22 14:20:00",LKBONNY2,18.564920
D,DISPATCH,UNIT_SCADA,1,"2019/08/22 14:20:00",LKBONNY3,5.638020
D,DISPATCH,UNIT_SCADA,1,"2019/08/22 14:20:00",LK_ECHO,0
D,DISPATCH,UNIT_SCADA,1,"2019/08/22 14:20:00",LNGS1,0
D,DISPATCH,UNIT_SCADA,1,"2019/08/22 14:20:00",LNGS2,0
D,DISPATCH,UNIT_SCADA,1,"2019/08/22 14:20:00",LONSDALE,0
D,DISPATCH,UNIT_SCADA,1,"2019/08/22 14:20:00",LOYYB1,531.577210
D,DISPATCH,UNIT_SCADA,1,"2019/08/22 14:20:00",LOYYB2,578.570860
D,DISPATCH,UNIT_SCADA,1,"2019/08/22 14:20:00",LYA1,559
D,DISPATCH,UNIT_SCADA,1,"2019/08/22 14:20:00",LYA2,0
D,DISPATCH,UNIT_SCADA,1,"2019/08/22 14:20:00",LYA3,561
D,DISPATCH,UNIT_SCADA,1,"2019/08/22 14:20:00",LYA4,539
D,DISPATCH,UNIT_SCADA,1,"2019/08/22 14:20:00",MACARTH1,86.3980
D,DISPATCH,UNIT_SCADA,1,"2019/08/22 14:20:00",MACKAYGT,0
D,DISPATCH,UNIT_SCADA,1,"2019/08/22 14:20:00",MACKNTSH,85.850010
D,DISPATCH,UNIT_SCADA,1,"2019/08/22 14:20:00",MANSLR1,41.6980
D,DISPATCH,UNIT_SCADA,1,"2019/08/22 14:20:00",MCKAY1,0.02
D,DISPATCH,UNIT_SCADA,1,"2019/08/22 14:20:00",MEADOWBK,33.752980
D,DISPATCH,UNIT_SCADA,1,"2019/08/22 14:20:00",MERCER01,41.6020
D,DISPATCH,UNIT_SCADA,1,"2019/08/22 14:20:00",MEWF1,27.616260
D,DISPATCH,UNIT_SCADA,1,"2019/08/22 14:20:00",MINTARO,0
D,DISPATCH,UNIT_SCADA,1,"2019/08/22 14:20:00",MOREESF1,49.0220
D,DISPATCH,UNIT_SCADA,1,"2019/08/22 14:20:00",MORTLK11,202
D,DISPATCH,UNIT_SCADA,1,"2019/08/22 14:20:00",MORTLK12,0
D,DISPATCH,UNIT_SCADA,1,"2019/08/22 14:20:00",MP1,279.675050
D,DISPATCH,UNIT_SCADA,1,"2019/08/22 14:20:00",MP2,0
D,DISPATCH,UNIT_SCADA,1,"2019/08/22 14:20:00",MPP_1,283
D,DISPATCH,UNIT_SCADA,1,"2019/08/22 14:20:00",MPP_2,307.50
D,DISPATCH,UNIT_SCADA,1,"2019/08/22 14:20:00",MSTUART1,0
D,DISPATCH,UNIT_SCADA,1,"2019/08/22 14:20:00",MSTUART2,0
D,DISPATCH,UNIT_SCADA,1,"2019/08/22 14:20:00",MSTUART3,0
D,DISPATCH,UNIT_SCADA,1,"2019/08/22 14:20:00",MTGELWF1,37.5927
D,DISPATCH,UNIT_SCADA,1,"2019/08/22 14:20:00",MURRAY,0
D,DISPATCH,UNIT_SCADA,1,"2019/08/22 14:20:00",MUSSELR1,133.299990
D,DISPATCH,UNIT_SCADA,1,"2019/08/22 14:20:00",MUWAWF1,27.69
D,DISPATCH,UNIT_SCADA,1,"2019/08/22 14:20:00",NBHWF1,-0.30
D,DISPATCH,UNIT_SCADA,1,"2019/08/22 14:20:00",NPS,0
D,DISPATCH,UNIT_SCADA,1,"2019/08/22 14:20:00",NUMURSF1,87.64
D,DISPATCH,UNIT_SCADA,1,"2019/08/22 14:20:00",NYNGAN1,91.25
D,DISPATCH,UNIT_SCADA,1,"2019/08/22 14:20:00",OAKEY1,0
D,DISPATCH,UNIT_SCADA,1,"2019/08/22 14:20:00",OAKEY1SF,23.4890
D,DISPATCH,UNIT_SCADA,1,"2019/08/22 14:20:00",OAKEY2,0
D,DISPATCH,UNIT_SCADA,1,"2019/08/22 14:20:00",OAKLAND1,21.40
D,DISPATCH,UNIT_SCADA,1,"2019/08/22 14:20:00",OSB-AG,138.95
D,DISPATCH,UNIT_SCADA,1,"2019/08/22 14:20:00",PARSF1,45.899990
D,DISPATCH,UNIT_SCADA,1,"2019/08/22 14:20:00",POAT110,0
D,DISPATCH,UNIT_SCADA,1,"2019/08/22 14:20:00",POAT220,7.84
D,DISPATCH,UNIT_SCADA,1,"2019/08/22 14:20:00",POR01,0
D,DISPATCH,UNIT_SCADA,1,"2019/08/22 14:20:00",POR03,0
D,DISPATCH,UNIT_SCADA,1,"2019/08/22 14:20:00",PPCCGT,492.326930
D,DISPATCH,UNIT_SCADA,1,"2019/08/22 14:20:00",PTSTAN1,0
D,DISPATCH,UNIT_SCADA,1,"2019/08/22 14:20:00",PUMP1,0
D,DISPATCH,UNIT_SCADA,1,"2019/08/22 14:20:00",PUMP2,0
D,DISPATCH,UNIT_SCADA,1,"2019/08/22 14:20:00",QPS1,0
D,DISPATCH,UNIT_SCADA,1,"2019/08/22 14:20:00",QPS2,0
D,DISPATCH,UNIT_SCADA,1,"2019/08/22 14:20:00",QPS3,0
D,DISPATCH,UNIT_SCADA,1,"2019/08/22 14:20:00",QPS4,0
D,DISPATCH,UNIT_SCADA,1,"2019/08/22 14:20:00",QPS5,0
D,DISPATCH,UNIT_SCADA,1,"2019/08/22 14:20:00",REECE1,118.010010
D,DISPATCH,UNIT_SCADA,1,"2019/08/22 14:20:00",REECE2,117.120010
D,DISPATCH,UNIT_SCADA,1,"2019/08/22 14:20:00",ROMA_7,0
D,DISPATCH,UNIT_SCADA,1,"2019/08/22 14:20:00",ROMA_8,0
D,DISPATCH,UNIT_SCADA,1,"2019/08/22 14:20:00",RRSF1,115.544520
D,DISPATCH,UNIT_SCADA,1,"2019/08/22 14:20:00",RT_NSW1,0
D,DISPATCH,UNIT_SCADA,1,"2019/08/22 14:20:00",RT_NSW2,0
D,DISPATCH,UNIT_SCADA,1,"2019/08/22 14:20:00",RT_NSW3,0
D,DISPATCH,UNIT_SCADA,1,"2019/08/22 14:20:00",RT_NSW4,0
D,DISPATCH,UNIT_SCADA,1,"2019/08/22 14:20:00",RT_NSW5,0
D,DISPATCH,UNIT_SCADA,1,"2019/08/22 14:20:00",RT_NSW6,0
D,DISPATCH,UNIT_SCADA,1,"2019/08/22 14:20:00",RT_QLD1,0
D,DISPATCH,UNIT_SCADA,1,"2019/08/22 14:20:00",RT_SA1,0
D,DISPATCH,UNIT_SCADA,1,"2019/08/22 14:20:00",RT_SA2,0
D,DISPATCH,UNIT_SCADA,1,"2019/08/22 14:20:00",RT_SA3,0
D,DISPATCH,UNIT_SCADA,1,"2019/08/22 14:20:00",RT_SA4,0
D,DISPATCH,UNIT_SCADA,1,"2019/08/22 14:20:00",RT_SA5,0
D,DISPATCH,UNIT_SCADA,1,"2019/08/22 14:20:00",RT_SA6,0
D,DISPATCH,UNIT_SCADA,1,"2019/08/22 14:20:00",RT_TAS1,0
D,DISPATCH,UNIT_SCADA,1,"2019/08/22 14:20:00",RT_VIC1,0
D,DISPATCH,UNIT_SCADA,1,"2019/08/22 14:20:00",RT_VIC10,0
D,DISPATCH,UNIT_SCADA,1,"2019/08/22 14:20:00",RT_VIC11,0
D,DISPATCH,UNIT_SCADA,1,"2019/08/22 14:20:00",RT_VIC12,0
D,DISPATCH,UNIT_SCADA,1,"2019/08/22 14:20:00",RT_VIC2,0
D,DISPATCH,UNIT_SCADA,1,"2019/08/22 14:20:00",RT_VIC3,0
D,DISPATCH,UNIT_SCADA,1,"2019/08/22 14:20:00",RT_VIC4,0
D,DISPATCH,UNIT_SCADA,1,"2019/08/22 14:20:00",RT_VIC5,0
D,DISPATCH,UNIT_SCADA,1,"2019/08/22 14:20:00",RT_VIC6,0
D,DISPATCH,UNIT_SCADA,1,"2019/08/22 14:20:00",RT_VIC7,0
D,DISPATCH,UNIT_SCADA,1,"2019/08/22 14:20:00",RT_VIC8,0
D,DISPATCH,UNIT_SCADA,1,"2019/08/22 14:20:00",RT_VIC9,0
D,DISPATCH,UNIT_SCADA,1,"2019/08/22 14:20:00",RUGBYR1,59.236350
D,DISPATCH,UNIT_SCADA,1,"2019/08/22 14:20:00",SALTCRK1,13.17
D,DISPATCH,UNIT_SCADA,1,"2019/08/22 14:20:00",SAPHWF1,242.428160
D,DISPATCH,UNIT_SCADA,1,"2019/08/22 14:20:00",SHGEN,0
D,DISPATCH,UNIT_SCADA,1,"2019/08/22 14:20:00",SHPUMP,202.830580
D,DISPATCH,UNIT_SCADA,1,"2019/08/22 14:20:00",SITHE01,0.123710
D,DISPATCH,UNIT_SCADA,1,"2019/08/22 14:20:00",SMCSF1,74.775930
D,DISPATCH,UNIT_SCADA,1,"2019/08/22 14:20:00",SNOWNTH1,4.90
D,DISPATCH,UNIT_SCADA,1,"2019/08/22 14:20:00",SNOWSTH1,2.10
D,DISPATCH,UNIT_SCADA,1,"2019/08/22 14:20:00",SNOWTWN1,-0.636030
D,DISPATCH,UNIT_SCADA,1,"2019/08/22 14:20:00",SNOWYP,0
D,DISPATCH,UNIT_SCADA,1,"2019/08/22 14:20:00",SNUG1,0.019440
D,DISPATCH,UNIT_SCADA,1,"2019/08/22 14:20:00",SRSF1,34.91
D,DISPATCH,UNIT_SCADA,1,"2019/08/22 14:20:00",STAN-1,0
D,DISPATCH,UNIT_SCADA,1,"2019/08/22 14:20:00",STAN-2,281.043090
D,DISPATCH,UNIT_SCADA,1,"2019/08/22 14:20:00",STAN-3,279.684390
D,DISPATCH,UNIT_SCADA,1,"2019/08/22 14:20:00",STAN-4,278.6846
D,DISPATCH,UNIT_SCADA,1,"2019/08/22 14:20:00",STWF1,12.4650
D,DISPATCH,UNIT_SCADA,1,"2019/08/22 14:20:00",SWAN_E,0
D,DISPATCH,UNIT_SCADA,1,"2019/08/22 14:20:00",TALWA1,189
D,DISPATCH,UNIT_SCADA,1,"2019/08/22 14:20:00",TARALGA1,96.911240
D,DISPATCH,UNIT_SCADA,1,"2019/08/22 14:20:00",TARONG#1,284.100010
D,DISPATCH,UNIT_SCADA,1,"2019/08/22 14:20:00",TARONG#2,283.200010
D,DISPATCH,UNIT_SCADA,1,"2019/08/22 14:20:00",TARONG#3,259.600010
D,DISPATCH,UNIT_SCADA,1,"2019/08/22 14:20:00",TARONG#4,279.600010
D,DISPATCH,UNIT_SCADA,1,"2019/08/22 14:20:00",TARRALEA,83.600010
D,DISPATCH,UNIT_SCADA,1,"2019/08/22 14:20:00",TBSF1,27.30
D,DISPATCH,UNIT_SCADA,1,"2019/08/22 14:20:00",TNPS1,442.300020
D,DISPATCH,UNIT_SCADA,1,"2019/08/22 14:20:00",TORRA1,54.167330
D,DISPATCH,UNIT_SCADA,1,"2019/08/22 14:20:00",TORRA2,0
D,DISPATCH,UNIT_SCADA,1,"2019/08/22 14:20:00",TORRA3,35.158390
D,DISPATCH,UNIT_SCADA,1,"2019/08/22 14:20:00",TORRA4,43.562780
D,DISPATCH,UNIT_SCADA,1,"2019/08/22 14:20:00",TORRB1,59.60
D,DISPATCH,UNIT_SCADA,1,"2019/08/22 14:20:00",TORRB2,59.56
D,DISPATCH,UNIT_SCADA,1,"2019/08/22 14:20:00",TORRB3,0
D,DISPATCH,UNIT_SCADA,1,"2019/08/22 14:20:00",TORRB4,0
D,DISPATCH,UNIT_SCADA,1,"2019/08/22 14:20:00",TREVALLN,43.770010
D,DISPATCH,UNIT_SCADA,1,"2019/08/22 14:20:00",TRIBUTE,83.72
D,DISPATCH,UNIT_SCADA,1,"2019/08/22 14:20:00",TUMUT3,0
D,DISPATCH,UNIT_SCADA,1,"2019/08/22 14:20:00",TUNGATIN,104.940030
D,DISPATCH,UNIT_SCADA,1,"2019/08/22 14:20:00",TVCC201,0
D,DISPATCH,UNIT_SCADA,1,"2019/08/22 14:20:00",TVPP104,0
D,DISPATCH,UNIT_SCADA,1,"2019/08/22 14:20:00",UPPTUMUT,0
D,DISPATCH,UNIT_SCADA,1,"2019/08/22 14:20:00",URANQ11,0
D,DISPATCH,UNIT_SCADA,1,"2019/08/22 14:20:00",URANQ12,0
D,DISPATCH,UNIT_SCADA,1,"2019/08/22 14:20:00",URANQ13,0
D,DISPATCH,UNIT_SCADA,1,"2019/08/22 14:20:00",URANQ14,0
D,DISPATCH,UNIT_SCADA,1,"2019/08/22 14:20:00",VP5,205.8250
D,DISPATCH,UNIT_SCADA,1,"2019/08/22 14:20:00",VP6,591.924990
D,DISPATCH,UNIT_SCADA,1,"2019/08/22 14:20:00",VPGS1,0
D,DISPATCH,UNIT_SCADA,1,"2019/08/22 14:20:00",VPGS2,0
D,DISPATCH,UNIT_SCADA,1,"2019/08/22 14:20:00",VPGS3,0
D,DISPATCH,UNIT_SCADA,1,"2019/08/22 14:20:00",VPGS4,0
D,DISPATCH,UNIT_SCADA,1,"2019/08/22 14:20:00",VPGS5,0
D,DISPATCH,UNIT_SCADA,1,"2019/08/22 14:20:00",VPGS6,0
D,DISPATCH,UNIT_SCADA,1,"2019/08/22 14:20:00",W/HOE#1,0
D,DISPATCH,UNIT_SCADA,1,"2019/08/22 14:20:00",W/HOE#2,0
D,DISPATCH,UNIT_SCADA,1,"2019/08/22 14:20:00",WATERLWF,3
D,DISPATCH,UNIT_SCADA,1,"2019/08/22 14:20:00",WEMENSF1,43.60
D,DISPATCH,UNIT_SCADA,1,"2019/08/22 14:20:00",WGWF1,4
D,DISPATCH,UNIT_SCADA,1,"2019/08/22 14:20:00",WHITSF1,44.10
D,DISPATCH,UNIT_SCADA,1,"2019/08/22 14:20:00",WKIEWA1,0
D,DISPATCH,UNIT_SCADA,1,"2019/08/22 14:20:00",WKIEWA2,6.30
D,DISPATCH,UNIT_SCADA,1,"2019/08/22 14:20:00",WOODLWN1,21.861020
D,DISPATCH,UNIT_SCADA,1,"2019/08/22 14:20:00",WRSF1,6.13
D,DISPATCH,UNIT_SCADA,1,"2019/08/22 14:20:00",WRWF1,161.335020
D,DISPATCH,UNIT_SCADA,1,"2019/08/22 14:20:00",YABULU,0
D,DISPATCH,UNIT_SCADA,1,"2019/08/22 14:20:00",YABULU2,0
D,DISPATCH,UNIT_SCADA,1,"2019/08/22 14:20:00",YARWUN_1,0
D,DISPATCH,UNIT_SCADA,1,"2019/08/22 14:20:00",YENDWF1,41.80
D,DISPATCH,UNIT_SCADA,1,"2019/08/22 14:20:00",YWPS1,357.893680
D,DISPATCH,UNIT_SCADA,1,"2019/08/22 14:20:00",YWPS2,275.435460
D,DISPATCH,UNIT_SCADA,1,"2019/08/22 14:20:00",YWPS3,0
D,DISPATCH,UNIT_SCADA,1,"2019/08/22 14:20:00",YWPS4,336.241760
C,"END OF REPORT",334
