C,NEMP.WORLD,DISPATCHSCADA,AEMO,PUBLIC,2019/08/23,00:40:08,0000000311887608,DISPATCHSCADA,0000000311887602
I,DISPATCH,UNIT_SCADA,1,SETTLEMENTDATE,DUID,SCADAVALUE
D,DISPATCH,UNIT_SCADA,1,"2019/08/23 00:45:00",BARCSF1,0
D,DISPATCH,UNIT_SCADA,1,"2019/08/23 00:45:00",BUTLERSG,9.699999
D,DISPATCH,UNIT_SCADA,1,"2019/08/23 00:45:00",CALL_A_4,0
D,DISPATCH,UNIT_SCADA,1,"2019/08/23 00:45:00",CAPTL_WF,0
D,DISPATCH,UNIT_SCADA,1,"2019/08/23 00:45:00",CATHROCK,16.269999
D,DISPATCH,UNIT_SCADA,1,"2019/08/23 00:45:00",CHALLHWF,0
D,DISPATCH,UNIT_SCADA,1,"2019/08/23 00:45:00",CLOVER,-0.01
D,DISPATCH,UNIT_SCADA,1,"2019/08/23 00:45:00",CLUNY,20.320898
D,DISPATCH,UNIT_SCADA,1,"2019/08/23 00:45:00",CNUNDAWF,0.500584
D,DISPATCH,UNIT_SCADA,1,"2019/08/23 00:45:00",CULLRGWF,2.02
D,DISPATCH,UNIT_SCADA,1,"2019/08/23 00:45:00",ERGT01,0
D,DISPATCH,UNIT_SCADA,1,"2019/08/23 00:45:00",GB01,0.068047
D,DISPATCH,UNIT_SCADA,1,"2019/08/23 00:45:00",GERMCRK,37.400002
D,DISPATCH,UNIT_SCADA,1,"2019/08/23 00:45:00",GRIFSF1,0
D,DISPATCH,UNIT_SCADA,1,"2019/08/23 00:45:00",HUGSF1,-0.2370
D,DISPATCH,UNIT_SCADA,1,"2019/08/23 00:45:00",LKBONNY1,0.803784
D,DISPATCH,UNIT_SCADA,1,"2019/08/23 00:45:00",LRSF1,-0.0130
D,DISPATCH,UNIT_SCADA,1,"2019/08/23 00:45:00",MBAHNTH,55.743744
D,DISPATCH,UNIT_SCADA,1,"2019/08/23 00:45:00",MLSP1,0.180001
D,DISPATCH,UNIT_SCADA,1,"2019/08/23 00:45:00",MLWF1,2.49
D,DISPATCH,UNIT_SCADA,1,"2019/08/23 00:45:00",MTMILLAR,5.796782
D,DISPATCH,UNIT_SCADA,1,"2019/08/23 00:45:00",PALOONA,28.629999
D,DISPATCH,UNIT_SCADA,1,"2019/08/23 00:45:00",PIONEER,48.400002
D,DISPATCH,UNIT_SCADA,1,"2019/08/23 00:45:00",PORTWF,1
D,DISPATCH,UNIT_SCADA,1,"2019/08/23 00:45:00",REPULSE,28.917067
D,DISPATCH,UNIT_SCADA,1,"2019/08/23 00:45:00",ROWALLAN,10.3944
D,DISPATCH,UNIT_SCADA,1,"2019/08/23 00:45:00",ROYALLA1,0
D,DISPATCH,UNIT_SCADA,1,"2019/08/23 00:45:00",RPCG,11.20
D,DISPATCH,UNIT_SCADA,1,"2019/08/23 00:45:00",RUBICON,0
D,DISPATCH,UNIT_SCADA,1,"2019/08/23 00:45:00",SATGN1,0
D,DISPATCH,UNIT_SCADA,1,"2019/08/23 00:45:00",SATGS1,0
D,DISPATCH,UNIT_SCADA,1,"2019/08/23 00:45:00",STARHLWF,-0.099971
D,DISPATCH,UNIT_SCADA,1,"2019/08/23 00:45:00",WAUBRAWF,39.3470
D,DISPATCH,UNIT_SCADA,1,"2019/08/23 00:45:00",WOOLNTH1,28.700016
D,DISPATCH,UNIT_SCADA,1,"2019/08/23 00:45:00",WPWF,0
D,DISPATCH,UNIT_SCADA,1,"2019/08/23 00:45:00",YAMBUKWF,1.10
D,DISPATCH,UNIT_SCADA,1,"2019/08/23 00:45:00",YSWF1,1.10
D,DISPATCH,UNIT_SCADA,1,"2019/08/23 00:45:00",AGLHAL,0
D,DISPATCH,UNIT_SCADA,1,"2019/08/23 00:45:00",AGLSOM,21.80
D,DISPATCH,UNIT_SCADA,1,"2019/08/23 00:45:00",ANGAST1,0
D,DISPATCH,UNIT_SCADA,1,"2019/08/23 00:45:00",ARWF1,21
D,DISPATCH,UNIT_SCADA,1,"2019/08/23 00:45:00",BALBG1,0
D,DISPATCH,UNIT_SCADA,1,"2019/08/23 00:45:00",BALBL1,0
D,DISPATCH,UNIT_SCADA,1,"2019/08/23 00:45:00",BALDHWF1,22.2880
D,DISPATCH,UNIT_SCADA,1,"2019/08/23 00:45:00",BANN1,0
D,DISPATCH,UNIT_SCADA,1,"2019/08/23 00:45:00",BARCALDN,0
D,DISPATCH,UNIT_SCADA,1,"2019/08/23 00:45:00",BARRON-1,0
D,DISPATCH,UNIT_SCADA,1,"2019/08/23 00:45:00",BARRON-2,0
D,DISPATCH,UNIT_SCADA,1,"2019/08/23 00:45:00",BASTYAN,77.900010
D,DISPATCH,UNIT_SCADA,1,"2019/08/23 00:45:00",BBTHREE1,-2.02
D,DISPATCH,UNIT_SCADA,1,"2019/08/23 00:45:00",BBTHREE2,-2.02
D,DISPATCH,UNIT_SCADA,1,"2019/08/23 00:45:00",BBTHREE3,-1.08
D,DISPATCH,UNIT_SCADA,1,"2019/08/23 00:45:00",BDL01,0
D,DISPATCH,UNIT_SCADA,1,"2019/08/23 00:45:00",BDL02,0
D,DISPATCH,UNIT_SCADA,1,"2019/08/23 00:45:00",BERYLSF1,-0.179440
D,DISPATCH,UNIT_SCADA,1,"2019/08/23 00:45:00",BLOWERNG,0
D,DISPATCH,UNIT_SCADA,1,"2019/08/23 00:45:00",BLUFF1,4.50
D,DISPATCH,UNIT_SCADA,1,"2019/08/23 00:45:00",BNGSF1,0
D,DISPATCH,UNIT_SCADA,1,"2019/08/23 00:45:00",BNGSF2,0
D,DISPATCH,UNIT_SCADA,1,"2019/08/23 00:45:00",BOCORWF1,49.43
D,DISPATCH,UNIT_SCADA,1,"2019/08/23 00:45:00",BODWF1,98.750310
D,DISPATCH,UNIT_SCADA,1,"2019/08/23 00:45:00",BRAEMAR1,0
D,DISPATCH,UNIT_SCADA,1,"2019/08/23 00:45:00",BRAEMAR2,0
D,DISPATCH,UNIT_SCADA,1,"2019/08/23 00:45:00",BRAEMAR3,0
D,DISPATCH,UNIT_SCADA,1,"2019/08/23 00:45:00",BRAEMAR5,0
D,DISPATCH,UNIT_SCADA,1,"2019/08/23 00:45:00",BRAEMAR6,0
D,DISPATCH,UNIT_SCADA,1,"2019/08/23 00:45:00",BRAEMAR7,0
D,DISPATCH,UNIT_SCADA,1,"2019/08/23 00:45:00",BROKENH1,0
D,DISPATCH,UNIT_SCADA,1,"2019/08/23 00:45:00",BW01,644.074950
D,DISPATCH,UNIT_SCADA,1,"2019/08/23 00:45:00",BW02,643.8501
D,DISPATCH,UNIT_SCADA,1,"2019/08/23 00:45:00",BW03,650.175050
D,DISPATCH,UNIT_SCADA,1,"2019/08/23 00:45:00",BW04,0
D,DISPATCH,UNIT_SCADA,1,"2019/08/23 00:45:00",CALL_B_1,153.400010
D,DISPATCH,UNIT_SCADA,1,"2019/08/23 00:45:00",CALL_B_2,349.399990
D,DISPATCH,UNIT_SCADA,1,"2019/08/23 00:45:00",CETHANA,97.406130
D,DISPATCH,UNIT_SCADA,1,"2019/08/23 00:45:00",CG1,0
D,DISPATCH,UNIT_SCADA,1,"2019/08/23 00:45:00",CG2,0
D,DISPATCH,UNIT_SCADA,1,"2019/08/23 00:45:00",CG3,0
D,DISPATCH,UNIT_SCADA,1,"2019/08/23 00:45:00",CG4,0
D,DISPATCH,UNIT_SCADA,1,"2019/08/23 00:45:00",CHILDSF1,0
D,DISPATCH,UNIT_SCADA,1,"2019/08/23 00:45:00",CLARESF1,0
D,DISPATCH,UNIT_SCADA,1,"2019/08/23 00:45:00",CLEMGPWF,16.063810
D,DISPATCH,UNIT_SCADA,1,"2019/08/23 00:45:00",CLERMSF1,0
D,DISPATCH,UNIT_SCADA,1,"2019/08/23 00:45:00",COLEASF1,0
D,DISPATCH,UNIT_SCADA,1,"2019/08/23 00:45:00",COOPGWF1,35.342460
D,DISPATCH,UNIT_SCADA,1,"2019/08/23 00:45:00",CPP_3,405.6250
D,DISPATCH,UNIT_SCADA,1,"2019/08/23 00:45:00",CPP_4,405.350010
D,DISPATCH,UNIT_SCADA,1,"2019/08/23 00:45:00",CPSA,142.570630
D,DISPATCH,UNIT_SCADA,1,"2019/08/23 00:45:00",CROOKWF2,1.4575
D,DISPATCH,UNIT_SCADA,1,"2019/08/23 00:45:00",CROWLWF1,8.063740
D,DISPATCH,UNIT_SCADA,1,"2019/08/23 00:45:00",CSPVPS1,0
D,DISPATCH,UNIT_SCADA,1,"2019/08/23 00:45:00",DALNTH01,0
D,DISPATCH,UNIT_SCADA,1,"2019/08/23 00:45:00",DALNTHL1,0.068670
D,DISPATCH,UNIT_SCADA,1,"2019/08/23 00:45:00",DARTM1,134.600010
D,DISPATCH,UNIT_SCADA,1,"2019/08/23 00:45:00",DAYDSF1,0
D,DISPATCH,UNIT_SCADA,1,"2019/08/23 00:45:00",DDPS1,269.969060
D,DISPATCH,UNIT_SCADA,1,"2019/08/23 00:45:00",DDSF1,0
D,DISPATCH,UNIT_SCADA,1,"2019/08/23 00:45:00",DEVILS_G,0
D,DISPATCH,UNIT_SCADA,1,"2019/08/23 00:45:00",DG_NSW1,0
D,DISPATCH,UNIT_SCADA,1,"2019/08/23 00:45:00",DG_QLD1,0
D,DISPATCH,UNIT_SCADA,1,"2019/08/23 00:45:00",DG_SA1,0
D,DISPATCH,UNIT_SCADA,1,"2019/08/23 00:45:00",DG_TAS1,0
D,DISPATCH,UNIT_SCADA,1,"2019/08/23 00:45:00",DG_VIC1,0
D,DISPATCH,UNIT_SCADA,1,"2019/08/23 00:45:00",DRYCGT1,0
D,DISPATCH,UNIT_SCADA,1,"2019/08/23 00:45:00",DRYCGT2,0
D,DISPATCH,UNIT_SCADA,1,"2019/08/23 00:45:00",DRYCGT3,0
D,DISPATCH,UNIT_SCADA,1,"2019/08/23 00:45:00",EILDON1,0
D,DISPATCH,UNIT_SCADA,1,"2019/08/23 00:45:00",EILDON2,0
D,DISPATCH,UNIT_SCADA,1,"2019/08/23 00:45:00",EMERASF1,0
D,DISPATCH,UNIT_SCADA,1,"2019/08/23 00:45:00",ER01,561.425050
D,DISPATCH,UNIT_SCADA,1,"2019/08/23 00:45:00",ER02,550.675050
D,DISPATCH,UNIT_SCADA,1,"2019/08/23 00:45:00",ER03,379.650020
D,DISPATCH,UNIT_SCADA,1,"2019/08/23 00:45:00",ER04,666.775020
D,DISPATCH,UNIT_SCADA,1,"2019/08/23 00:45:00",FINLYSF1,0
D,DISPATCH,UNIT_SCADA,1,"2019/08/23 00:45:00",FISHER,45.94
D,DISPATCH,UNIT_SCADA,1,"2019/08/23 00:45:00",GANNBG1,0
D,DISPATCH,UNIT_SCADA,1,"2019/08/23 00:45:00",GANNBL1,0.0343
D,DISPATCH,UNIT_SCADA,1,"2019/08/23 00:45:00",GANNSF1,0
D,DISPATCH,UNIT_SCADA,1,"2019/08/23 00:45:00",GORDON,103.177190
D,DISPATCH,UNIT_SCADA,1,"2019/08/23 00:45:00",GSTONE1,262.149990
D,DISPATCH,UNIT_SCADA,1,"2019/08/23 00:45:00",GSTONE2,229.95
D,DISPATCH,UNIT_SCADA,1,"2019/08/23 00:45:00",GSTONE3,249.024990
D,DISPATCH,UNIT_SCADA,1,"2019/08/23 00:45:00",GSTONE4,252.70
D,DISPATCH,UNIT_SCADA,1,"2019/08/23 00:45:00",GSTONE5,261.274990
D,DISPATCH,UNIT_SCADA,1,"2019/08/23 00:45:00",GSTONE6,0
D,DISPATCH,UNIT_SCADA,1,"2019/08/23 00:45:00",GULLRSF1,0
D,DISPATCH,UNIT_SCADA,1,"2019/08/23 00:45:00",GULLRWF1,4.362090
D,DISPATCH,UNIT_SCADA,1,"2019/08/23 00:45:00",GUNNING1,1.435720
D,DISPATCH,UNIT_SCADA,1,"2019/08/23 00:45:00",GUTHEGA,0
D,DISPATCH,UNIT_SCADA,1,"2019/08/23 00:45:00",HALLWF1,32.03
D,DISPATCH,UNIT_SCADA,1,"2019/08/23 00:45:00",HALLWF2,20.58
D,DISPATCH,UNIT_SCADA,1,"2019/08/23 00:45:00",HAMISF1,0
D,DISPATCH,UNIT_SCADA,1,"2019/08/23 00:45:00",HAUGHT11,0
D,DISPATCH,UNIT_SCADA,1,"2019/08/23 00:45:00",HAYMSF1,0
D,DISPATCH,UNIT_SCADA,1,"2019/08/23 00:45:00",HDWF1,54.20
D,DISPATCH,UNIT_SCADA,1,"2019/08/23 00:45:00",HDWF2,50.20
D,DISPATCH,UNIT_SCADA,1,"2019/08/23 00:45:00",HDWF3,61.50
D,DISPATCH,UNIT_SCADA,1,"2019/08/23 00:45:00",HPRG1,0
D,DISPATCH,UNIT_SCADA,1,"2019/08/23 00:45:00",HPRL1,19.40
D,DISPATCH,UNIT_SCADA,1,"2019/08/23 00:45:00",HUMENSW,0
D,DISPATCH,UNIT_SCADA,1,"2019/08/23 00:45:00",HUMEV,8
D,DISPATCH,UNIT_SCADA,1,"2019/08/23 00:45:00",HVGTS,0
D,DISPATCH,UNIT_SCADA,1,"2019/08/23 00:45:00",JBUTTERS,135.64
D,DISPATCH,UNIT_SCADA,1,"2019/08/23 00:45:00",JLA01,0.10
D,DISPATCH,UNIT_SCADA,1,"2019/08/23 00:45:00",JLA02,0
D,DISPATCH,UNIT_SCADA,1,"2019/08/23 00:45:00",JLA03,0.10
D,DISPATCH,UNIT_SCADA,1,"2019/08/23 00:45:00",JLA04,0.10
D,DISPATCH,UNIT_SCADA,1,"2019/08/23 00:45:00",JLB01,0
D,DISPATCH,UNIT_SCADA,1,"2019/08/23 00:45:00",JLB02,0.10
D,DISPATCH,UNIT_SCADA,1,"2019/08/23 00:45:00",JLB03,0
D,DISPATCH,UNIT_SCADA,1,"2019/08/23 00:45:00",KAREEYA1,21.4725
D,DISPATCH,UNIT_SCADA,1,"2019/08/23 00:45:00",KAREEYA2,21.85
D,DISPATCH,UNIT_SCADA,1,"2019/08/23 00:45:00",KAREEYA3,0
D,DISPATCH,UNIT_SCADA,1,"2019/08/23 00:45:00",KAREEYA4,21.6225
D,DISPATCH,UNIT_SCADA,1,"2019/08/23 00:45:00",KARSF1,0
D,DISPATCH,UNIT_SCADA,1,"2019/08/23 00:45:00",KIATAWF1,1.40
D,DISPATCH,UNIT_SCADA,1,"2019/08/23 00:45:00",KPP_1,0
D,DISPATCH,UNIT_SCADA,1,"2019/08/23 00:45:00",KSP1,0
D,DISPATCH,UNIT_SCADA,1,"2019/08/23 00:45:00",LADBROK1,0
D,DISPATCH,UNIT_SCADA,1,"2019/08/23 00:45:00",LADBROK2,0
D,DISPATCH,UNIT_SCADA,1,"2019/08/23 00:45:00",LD01,394.087550
D,DISPATCH,UNIT_SCADA,1,"2019/08/23 00:45:00",LD02,300.9375
D,DISPATCH,UNIT_SCADA,1,"2019/08/23 00:45:00",LD03,392.531250
D,DISPATCH,UNIT_SCADA,1,"2019/08/23 00:45:00",LD04,383.887480
D,DISPATCH,UNIT_SCADA,1,"2019/08/23 00:45:00",LEM_WIL,86.137340
D,DISPATCH,UNIT_SCADA,1,"2019/08/23 00:45:00",LGAPWF1,1.14
D,DISPATCH,UNIT_SCADA,1,"2019/08/23 00:45:00",LILYSF1,0
D,DISPATCH,UNIT_SCADA,1,"2019/08/23 00:45:00",LI_WY_CA,148.630230
D,DISPATCH,UNIT_SCADA,1,"2019/08/23 00:45:00",LKBONNY2,5.218960
D,DISPATCH,UNIT_SCADA,1,"2019/08/23 00:45:00",LKBONNY3,1.674660
D,DISPATCH,UNIT_SCADA,1,"2019/08/23 00:45:00",LK_ECHO,0
D,DISPATCH,UNIT_SCADA,1,"2019/08/23 00:45:00",LNGS1,0
D,DISPATCH,UNIT_SCADA,1,"2019/08/23 00:45:00",LNGS2,0
D,DISPATCH,UNIT_SCADA,1,"2019/08/23 00:45:00",LONSDALE,0
D,DISPATCH,UNIT_SCADA,1,"2019/08/23 00:45:00",LOYYB1,535.712650
D,DISPATCH,UNIT_SCADA,1,"2019/08/23 00:45:00",LOYYB2,581.202510
D,DISPATCH,UNIT_SCADA,1,"2019/08/23 00:45:00",LYA1,558
D,DISPATCH,UNIT_SCADA,1,"2019/08/23 00:45:00",LYA2,0
D,DISPATCH,UNIT_SCADA,1,"2019/08/23 00:45:00",LYA3,560
D,DISPATCH,UNIT_SCADA,1,"2019/08/23 00:45:00",LYA4,539
D,DISPATCH,UNIT_SCADA,1,"2019/08/23 00:45:00",MACARTH1,14.299670
D,DISPATCH,UNIT_SCADA,1,"2019/08/23 00:45:00",MACKAYGT,0
D,DISPATCH,UNIT_SCADA,1,"2019/08/23 00:45:00",MACKNTSH,85.990010
D,DISPATCH,UNIT_SCADA,1,"2019/08/23 00:45:00",MANSLR1,0
D,DISPATCH,UNIT_SCADA,1,"2019/08/23 00:45:00",MCKAY1,0.02
D,DISPATCH,UNIT_SCADA,1,"2019/08/23 00:45:00",MEADOWBK,33.781560
D,DISPATCH,UNIT_SCADA,1,"2019/08/23 00:45:00",MERCER01,1.6120
D,DISPATCH,UNIT_SCADA,1,"2019/08/23 00:45:00",MEWF1,9.2160
D,DISPATCH,UNIT_SCADA,1,"2019/08/23 00:45:00",MINTARO,0
D,DISPATCH,UNIT_SCADA,1,"2019/08/23 00:45:00",MOREESF1,0
D,DISPATCH,UNIT_SCADA,1,"2019/08/23 00:45:00",MORTLK11,177
D,DISPATCH,UNIT_SCADA,1,"2019/08/23 00:45:00",MORTLK12,0
D,DISPATCH,UNIT_SCADA,1,"2019/08/23 00:45:00",MP1,283.474980
D,DISPATCH,UNIT_SCADA,1,"2019/08/23 00:45:00",MP2,0
D,DISPATCH,UNIT_SCADA,1,"2019/08/23 00:45:00",MPP_1,374.50
D,DISPATCH,UNIT_SCADA,1,"2019/08/23 00:45:00",MPP_2,400
D,DISPATCH,UNIT_SCADA,1,"2019/08/23 00:45:00",MSTUART1,0
D,DISPATCH,UNIT_SCADA,1,"2019/08/23 00:45:00",MSTUART2,0
D,DISPATCH,UNIT_SCADA,1,"2019/08/23 00:45:00",MSTUART3,0
D,DISPATCH,UNIT_SCADA,1,"2019/08/23 00:45:00",MTGELWF1,-0.383010
D,DISPATCH,UNIT_SCADA,1,"2019/08/23 00:45:00",MURRAY,334.019990
D,DISPATCH,UNIT_SCADA,1,"2019/08/23 00:45:00",MUSSELR1,-0.10
D,DISPATCH,UNIT_SCADA,1,"2019/08/23 00:45:00",MUWAWF1,-0.10
D,DISPATCH,UNIT_SCADA,1,"2019/08/23 00:45:00",NBHWF1,65.50
D,DISPATCH,UNIT_SCADA,1,"2019/08/23 00:45:00",NPS,403.8750
D,DISPATCH,UNIT_SCADA,1,"2019/08/23 00:45:00",NUMURSF1,0
D,DISPATCH,UNIT_SCADA,1,"2019/08/23 00:45:00",NYNGAN1,0
D,DISPATCH,UNIT_SCADA,1,"2019/08/23 00:45:00",OAKEY1,0
D,DISPATCH,UNIT_SCADA,1,"2019/08/23 00:45:00",OAKEY1SF,0
D,DISPATCH,UNIT_SCADA,1,"2019/08/23 00:45:00",OAKEY2,0
D,DISPATCH,UNIT_SCADA,1,"2019/08/23 00:45:00",OAKLAND1,4.70
D,DISPATCH,UNIT_SCADA,1,"2019/08/23 00:45:00",OSB-AG,184.80
D,DISPATCH,UNIT_SCADA,1,"2019/08/23 00:45:00",PARSF1,0
D,DISPATCH,UNIT_SCADA,1,"2019/08/23 00:45:00",POAT110,0
D,DISPATCH,UNIT_SCADA,1,"2019/08/23 00:45:00",POAT220,1.57
D,DISPATCH,UNIT_SCADA,1,"2019/08/23 00:45:00",POR01,0
D,DISPATCH,UNIT_SCADA,1,"2019/08/23 00:45:00",POR03,0
D,DISPATCH,UNIT_SCADA,1,"2019/08/23 00:45:00",PPCCGT,495.011350
D,DISPATCH,UNIT_SCADA,1,"2019/08/23 00:45:00",PTSTAN1,0
D,DISPATCH,UNIT_SCADA,1,"2019/08/23 00:45:00",PUMP1,0
D,DISPATCH,UNIT_SCADA,1,"2019/08/23 00:45:00",PUMP2,0
D,DISPATCH,UNIT_SCADA,1,"2019/08/23 00:45:00",QPS1,29.10
D,DISPATCH,UNIT_SCADA,1,"2019/08/23 00:45:00",QPS2,0
D,DISPATCH,UNIT_SCADA,1,"2019/08/23 00:45:00",QPS3,0
D,DISPATCH,UNIT_SCADA,1,"2019/08/23 00:45:00",QPS4,0
D,DISPATCH,UNIT_SCADA,1,"2019/08/23 00:45:00",QPS5,0
D,DISPATCH,UNIT_SCADA,1,"2019/08/23 00:45:00",REECE1,118.220010
D,DISPATCH,UNIT_SCADA,1,"2019/08/23 00:45:00",REECE2,117.680010
D,DISPATCH,UNIT_SCADA,1,"2019/08/23 00:45:00",ROMA_7,0
D,DISPATCH,UNIT_SCADA,1,"2019/08/23 00:45:00",ROMA_8,0
D,DISPATCH,UNIT_SCADA,1,"2019/08/23 00:45:00",RRSF1,0
D,DISPATCH,UNIT_SCADA,1,"2019/08/23 00:45:00",RT_NSW1,0
D,DISPATCH,UNIT_SCADA,1,"2019/08/23 00:45:00",RT_NSW2,0
D,DISPATCH,UNIT_SCADA,1,"2019/08/23 00:45:00",RT_NSW3,0
D,DISPATCH,UNIT_SCADA,1,"2019/08/23 00:45:00",RT_NSW4,0
D,DISPATCH,UNIT_SCADA,1,"2019/08/23 00:45:00",RT_NSW5,0
D,DISPATCH,UNIT_SCADA,1,"2019/08/23 00:45:00",RT_NSW6,0
D,DISPATCH,UNIT_SCADA,1,"2019/08/23 00:45:00",RT_QLD1,0
D,DISPATCH,UNIT_SCADA,1,"2019/08/23 00:45:00",RT_SA1,0
D,DISPATCH,UNIT_SCADA,1,"2019/08/23 00:45:00",RT_SA2,0
D,DISPATCH,UNIT_SCADA,1,"2019/08/23 00:45:00",RT_SA3,0
D,DISPATCH,UNIT_SCADA,1,"2019/08/23 00:45:00",RT_SA4,0
D,DISPATCH,UNIT_SCADA,1,"2019/08/23 00:45:00",RT_SA5,0
D,DISPATCH,UNIT_SCADA,1,"2019/08/23 00:45:00",RT_SA6,0
D,DISPATCH,UNIT_SCADA,1,"2019/08/23 00:45:00",RT_TAS1,0
D,DISPATCH,UNIT_SCADA,1,"2019/08/23 00:45:00",RT_VIC1,0
D,DISPATCH,UNIT_SCADA,1,"2019/08/23 00:45:00",RT_VIC10,0
D,DISPATCH,UNIT_SCADA,1,"2019/08/23 00:45:00",RT_VIC11,0
D,DISPATCH,UNIT_SCADA,1,"2019/08/23 00:45:00",RT_VIC12,0
D,DISPATCH,UNIT_SCADA,1,"2019/08/23 00:45:00",RT_VIC2,0
D,DISPATCH,UNIT_SCADA,1,"2019/08/23 00:45:00",RT_VIC3,0
D,DISPATCH,UNIT_SCADA,1,"2019/08/23 00:45:00",RT_VIC4,0
D,DISPATCH,UNIT_SCADA,1,"2019/08/23 00:45:00",RT_VIC5,0
D,DISPATCH,UNIT_SCADA,1,"2019/08/23 00:45:00",RT_VIC6,0
D,DISPATCH,UNIT_SCADA,1,"2019/08/23 00:45:00",RT_VIC7,0
D,DISPATCH,UNIT_SCADA,1,"2019/08/23 00:45:00",RT_VIC8,0
D,DISPATCH,UNIT_SCADA,1,"2019/08/23 00:45:00",RT_VIC9,0
D,DISPATCH,UNIT_SCADA,1,"2019/08/23 00:45:00",RUGBYR1,0
D,DISPATCH,UNIT_SCADA,1,"2019/08/23 00:45:00",SALTCRK1,-0.42
D,DISPATCH,UNIT_SCADA,1,"2019/08/23 00:45:00",SAPHWF1,46.631230
D,DISPATCH,UNIT_SCADA,1,"2019/08/23 00:45:00",SHGEN,0
D,DISPATCH,UNIT_SCADA,1,"2019/08/23 00:45:00",SHPUMP,0
D,DISPATCH,UNIT_SCADA,1,"2019/08/23 00:45:00",SITHE01,0.214140
D,DISPATCH,UNIT_SCADA,1,"2019/08/23 00:45:00",SMCSF1,0
D,DISPATCH,UNIT_SCADA,1,"2019/08/23 00:45:00",SNOWNTH1,14.10
D,DISPATCH,UNIT_SCADA,1,"2019/08/23 00:45:00",SNOWSTH1,9.60
D,DISPATCH,UNIT_SCADA,1,"2019/08/23 00:45:00",SNOWTWN1,19.516860
D,DISPATCH,UNIT_SCADA,1,"2019/08/23 00:45:00",SNOWYP,0
D,DISPATCH,UNIT_SCADA,1,"2019/08/23 00:45:00",SNUG1,0.019440
D,DISPATCH,UNIT_SCADA,1,"2019/08/23 00:45:00",SRSF1,0
D,DISPATCH,UNIT_SCADA,1,"2019/08/23 00:45:00",STAN-1,0
D,DISPATCH,UNIT_SCADA,1,"2019/08/23 00:45:00",STAN-2,218.710130
D,DISPATCH,UNIT_SCADA,1,"2019/08/23 00:45:00",STAN-3,215.2365
D,DISPATCH,UNIT_SCADA,1,"2019/08/23 00:45:00",STAN-4,215.133960
D,DISPATCH,UNIT_SCADA,1,"2019/08/23 00:45:00",STWF1,143.358750
D,DISPATCH,UNIT_SCADA,1,"2019/08/23 00:45:00",SWAN_E,0
D,DISPATCH,UNIT_SCADA,1,"2019/08/23 00:45:00",TALWA1,425
D,DISPATCH,UNIT_SCADA,1,"2019/08/23 00:45:00",TARALGA1,0
D,DISPATCH,UNIT_SCADA,1,"2019/08/23 00:45:00",TARONG#1,272.899990
D,DISPATCH,UNIT_SCADA,1,"2019/08/23 00:45:00",TARONG#2,271.50
D,DISPATCH,UNIT_SCADA,1,"2019/08/23 00:45:00",TARONG#3,241.600010
D,DISPATCH,UNIT_SCADA,1,"2019/08/23 00:45:00",TARONG#4,273
D,DISPATCH,UNIT_SCADA,1,"2019/08/23 00:45:00",TARRALEA,83.90
D,DISPATCH,UNIT_SCADA,1,"2019/08/23 00:45:00",TBSF1,-0.20
D,DISPATCH,UNIT_SCADA,1,"2019/08/23 00:45:00",TNPS1,400.000030
D,DISPATCH,UNIT_SCADA,1,"2019/08/23 00:45:00",TORRA1,112.350510
D,DISPATCH,UNIT_SCADA,1,"2019/08/23 00:45:00",TORRA2,0
D,DISPATCH,UNIT_SCADA,1,"2019/08/23 00:45:00",TORRA3,40.294410
D,DISPATCH,UNIT_SCADA,1,"2019/08/23 00:45:00",TORRA4,94.876290
D,DISPATCH,UNIT_SCADA,1,"2019/08/23 00:45:00",TORRB1,126.57
D,DISPATCH,UNIT_SCADA,1,"2019/08/23 00:45:00",TORRB2,178.75
D,DISPATCH,UNIT_SCADA,1,"2019/08/23 00:45:00",TORRB3,0
D,DISPATCH,UNIT_SCADA,1,"2019/08/23 00:45:00",TORRB4,0
D,DISPATCH,UNIT_SCADA,1,"2019/08/23 00:45:00",TREVALLN,43.950020
D,DISPATCH,UNIT_SCADA,1,"2019/08/23 00:45:00",TRIBUTE,84.32
D,DISPATCH,UNIT_SCADA,1,"2019/08/23 00:45:00",TUMUT3,0
D,DISPATCH,UNIT_SCADA,1,"2019/08/23 00:45:00",TUNGATIN,138.880040
D,DISPATCH,UNIT_SCADA,1,"2019/08/23 00:45:00",TVCC201,0
D,DISPATCH,UNIT_SCADA,1,"2019/08/23 00:45:00",TVPP104,57.885170
D,DISPATCH,UNIT_SCADA,1,"2019/08/23 00:45:00",UPPTUMUT,0
D,DISPATCH,UNIT_SCADA,1,"2019/08/23 00:45:00",URANQ11,0
D,DISPATCH,UNIT_SCADA,1,"2019/08/23 00:45:00",URANQ12,0
D,DISPATCH,UNIT_SCADA,1,"2019/08/23 00:45:00",URANQ13,0
D,DISPATCH,UNIT_SCADA,1,"2019/08/23 00:45:00",URANQ14,0
D,DISPATCH,UNIT_SCADA,1,"2019/08/23 00:45:00",VP5,601.325010
D,DISPATCH,UNIT_SCADA,1,"2019/08/23 00:45:00",VP6,601.299990
D,DISPATCH,UNIT_SCADA,1,"2019/08/23 00:45:00",VPGS1,0
D,DISPATCH,UNIT_SCADA,1,"2019/08/23 00:45:00",VPGS2,0
D,DISPATCH,UNIT_SCADA,1,"2019/08/23 00:45:00",VPGS3,0
D,DISPATCH,UNIT_SCADA,1,"2019/08/23 00:45:00",VPGS4,0
D,DISPATCH,UNIT_SCADA,1,"2019/08/23 00:45:00",VPGS5,0
D,DISPATCH,UNIT_SCADA,1,"2019/08/23 00:45:00",VPGS6,0
D,DISPATCH,UNIT_SCADA,1,"2019/08/23 00:45:00",W/HOE#1,0
D,DISPATCH,UNIT_SCADA,1,"2019/08/23 00:45:00",W/HOE#2,0
D,DISPATCH,UNIT_SCADA,1,"2019/08/23 00:45:00",WATERLWF,9.20
D,DISPATCH,UNIT_SCADA,1,"2019/08/23 00:45:00",WEMENSF1,0
D,DISPATCH,UNIT_SCADA,1,"2019/08/23 00:45:00",WGWF1,20.80
D,DISPATCH,UNIT_SCADA,1,"2019/08/23 00:45:00",WHITSF1,0
D,DISPATCH,UNIT_SCADA,1,"2019/08/23 00:45:00",WKIEWA1,27.20
D,DISPATCH,UNIT_SCADA,1,"2019/08/23 00:45:00",WKIEWA2,16.20
D,DISPATCH,UNIT_SCADA,1,"2019/08/23 00:45:00",WOODLWN1,0
D,DISPATCH,UNIT_SCADA,1,"2019/08/23 00:45:00",WRSF1,0
D,DISPATCH,UNIT_SCADA,1,"2019/08/23 00:45:00",WRWF1,38.8875
D,DISPATCH,UNIT_SCADA,1,"2019/08/23 00:45:00",YABULU,0
D,DISPATCH,UNIT_SCADA,1,"2019/08/23 00:45:00",YABULU2,0
D,DISPATCH,UNIT_SCADA,1,"2019/08/23 00:45:00",YARWUN_1,0
D,DISPATCH,UNIT_SCADA,1,"2019/08/23 00:45:00",YENDWF1,1.88
D,DISPATCH,UNIT_SCADA,1,"2019/08/23 00:45:00",YWPS1,280.197480
D,DISPATCH,UNIT_SCADA,1,"2019/08/23 00:45:00",YWPS2,252.126590
D,DISPATCH,UNIT_SCADA,1,"2019/08/23 00:45:00",YWPS3,0
D,DISPATCH,UNIT_SCADA,1,"2019/08/23 00:45:00",YWPS4,180.424060
C,"END OF REPORT",334
