C,NEMP.WORLD,DISPATCHSCADA,AEMO,PUBLIC,2019/08/20,21:05:08,0000000311800950,DISPATCHSCADA,0000000311800944
I,DISPATCH,UNIT_SCADA,1,SETTLEMENTDATE,DUID,SCADAVALUE
D,DISPATCH,UNIT_SCADA,1,"2019/08/20 21:10:00",BARCSF1,0.50
D,DISPATCH,UNIT_SCADA,1,"2019/08/20 21:10:00",BUTLERSG,9.699999
D,DISPATCH,UNIT_SCADA,1,"2019/08/20 21:10:00",CALL_A_4,0
D,DISPATCH,UNIT_SCADA,1,"2019/08/20 21:10:00",CAPTL_WF,133.959991
D,DISPATCH,UNIT_SCADA,1,"2019/08/20 21:10:00",CATHROCK,54.579998
D,DISPATCH,UNIT_SCADA,1,"2019/08/20 21:10:00",CHALLHWF,31.400002
D,DISPATCH,UNIT_SCADA,1,"2019/08/20 21:10:00",CLOVER,-0.01
D,DISPATCH,UNIT_SCADA,1,"2019/08/20 21:10:00",CLUNY,19.725796
D,DISPATCH,UNIT_SCADA,1,"2019/08/20 21:10:00",CNUNDAWF,40.347069
D,DISPATCH,UNIT_SCADA,1,"2019/08/20 21:10:00",CULLRGWF,30.27
D,DISPATCH,UNIT_SCADA,1,"2019/08/20 21:10:00",ERGT01,0
D,DISPATCH,UNIT_SCADA,1,"2019/08/20 21:10:00",GB01,0.071815
D,DISPATCH,UNIT_SCADA,1,"2019/08/20 21:10:00",GERMCRK,38
D,DISPATCH,UNIT_SCADA,1,"2019/08/20 21:10:00",GRIFSF1,0
D,DISPATCH,UNIT_SCADA,1,"2019/08/20 21:10:00",HUGSF1,-0.2040
D,DISPATCH,UNIT_SCADA,1,"2019/08/20 21:10:00",LKBONNY1,76.448814
D,DISPATCH,UNIT_SCADA,1,"2019/08/20 21:10:00",LRSF1,0.0290
D,DISPATCH,UNIT_SCADA,1,"2019/08/20 21:10:00",MBAHNTH,56.043747
D,DISPATCH,UNIT_SCADA,1,"2019/08/20 21:10:00",MLSP1,0.283001
D,DISPATCH,UNIT_SCADA,1,"2019/08/20 21:10:00",MLWF1,18.66
D,DISPATCH,UNIT_SCADA,1,"2019/08/20 21:10:00",MTMILLAR,21.163090
D,DISPATCH,UNIT_SCADA,1,"2019/08/20 21:10:00",PALOONA,23.93
D,DISPATCH,UNIT_SCADA,1,"2019/08/20 21:10:00",PIONEER,30.700001
D,DISPATCH,UNIT_SCADA,1,"2019/08/20 21:10:00",PORTWF,137.199997
D,DISPATCH,UNIT_SCADA,1,"2019/08/20 21:10:00",REPULSE,29.164873
D,DISPATCH,UNIT_SCADA,1,"2019/08/20 21:10:00",ROWALLAN,10.0323
D,DISPATCH,UNIT_SCADA,1,"2019/08/20 21:10:00",ROYALLA1,0
D,DISPATCH,UNIT_SCADA,1,"2019/08/20 21:10:00",RPCG,10.70
D,DISPATCH,UNIT_SCADA,1,"2019/08/20 21:10:00",RUBICON,0
D,DISPATCH,UNIT_SCADA,1,"2019/08/20 21:10:00",SATGN1,0
D,DISPATCH,UNIT_SCADA,1,"2019/08/20 21:10:00",SATGS1,0
D,DISPATCH,UNIT_SCADA,1,"2019/08/20 21:10:00",STARHLWF,12.096473
D,DISPATCH,UNIT_SCADA,1,"2019/08/20 21:10:00",WAUBRAWF,138.798996
D,DISPATCH,UNIT_SCADA,1,"2019/08/20 21:10:00",WOOLNTH1,51.410019
D,DISPATCH,UNIT_SCADA,1,"2019/08/20 21:10:00",WPWF,39
D,DISPATCH,UNIT_SCADA,1,"2019/08/20 21:10:00",YAMBUKWF,29.700001
D,DISPATCH,UNIT_SCADA,1,"2019/08/20 21:10:00",YSWF1,28.40
D,DISPATCH,UNIT_SCADA,1,"2019/08/20 21:10:00",AGLHAL,0
D,DISPATCH,UNIT_SCADA,1,"2019/08/20 21:10:00",AGLSOM,79.90
D,DISPATCH,UNIT_SCADA,1,"2019/08/20 21:10:00",ANGAST1,0
D,DISPATCH,UNIT_SCADA,1,"2019/08/20 21:10:00",ARWF1,52.80
D,DISPATCH,UNIT_SCADA,1,"2019/08/20 21:10:00",BALBG1,1.02
D,DISPATCH,UNIT_SCADA,1,"2019/08/20 21:10:00",BALBL1,0
D,DISPATCH,UNIT_SCADA,1,"2019/08/20 21:10:00",BALDHWF1,102.983990
D,DISPATCH,UNIT_SCADA,1,"2019/08/20 21:10:00",BANN1,0
D,DISPATCH,UNIT_SCADA,1,"2019/08/20 21:10:00",BARCALDN,0
D,DISPATCH,UNIT_SCADA,1,"2019/08/20 21:10:00",BARRON-1,0
D,DISPATCH,UNIT_SCADA,1,"2019/08/20 21:10:00",BARRON-2,28.56
D,DISPATCH,UNIT_SCADA,1,"2019/08/20 21:10:00",BASTYAN,80.150010
D,DISPATCH,UNIT_SCADA,1,"2019/08/20 21:10:00",BBTHREE1,-1.81
D,DISPATCH,UNIT_SCADA,1,"2019/08/20 21:10:00",BBTHREE2,-1.81
D,DISPATCH,UNIT_SCADA,1,"2019/08/20 21:10:00",BBTHREE3,0
D,DISPATCH,UNIT_SCADA,1,"2019/08/20 21:10:00",BDL01,0
D,DISPATCH,UNIT_SCADA,1,"2019/08/20 21:10:00",BDL02,-0.06
D,DISPATCH,UNIT_SCADA,1,"2019/08/20 21:10:00",BERYLSF1,0
D,DISPATCH,UNIT_SCADA,1,"2019/08/20 21:10:00",BLOWERNG,0
D,DISPATCH,UNIT_SCADA,1,"2019/08/20 21:10:00",BLUFF1,45.30
D,DISPATCH,UNIT_SCADA,1,"2019/08/20 21:10:00",BNGSF1,0
D,DISPATCH,UNIT_SCADA,1,"2019/08/20 21:10:00",BNGSF2,0
D,DISPATCH,UNIT_SCADA,1,"2019/08/20 21:10:00",BOCORWF1,100.27
D,DISPATCH,UNIT_SCADA,1,"2019/08/20 21:10:00",BODWF1,53.498040
D,DISPATCH,UNIT_SCADA,1,"2019/08/20 21:10:00",BRAEMAR1,0
D,DISPATCH,UNIT_SCADA,1,"2019/08/20 21:10:00",BRAEMAR2,173
D,DISPATCH,UNIT_SCADA,1,"2019/08/20 21:10:00",BRAEMAR3,0
D,DISPATCH,UNIT_SCADA,1,"2019/08/20 21:10:00",BRAEMAR5,0
D,DISPATCH,UNIT_SCADA,1,"2019/08/20 21:10:00",BRAEMAR6,92.179860
D,DISPATCH,UNIT_SCADA,1,"2019/08/20 21:10:00",BRAEMAR7,0
D,DISPATCH,UNIT_SCADA,1,"2019/08/20 21:10:00",BROKENH1,0
D,DISPATCH,UNIT_SCADA,1,"2019/08/20 21:10:00",BW01,641
D,DISPATCH,UNIT_SCADA,1,"2019/08/20 21:10:00",BW02,658
D,DISPATCH,UNIT_SCADA,1,"2019/08/20 21:10:00",BW03,648.074950
D,DISPATCH,UNIT_SCADA,1,"2019/08/20 21:10:00",BW04,0
D,DISPATCH,UNIT_SCADA,1,"2019/08/20 21:10:00",CALL_B_1,350
D,DISPATCH,UNIT_SCADA,1,"2019/08/20 21:10:00",CALL_B_2,300
D,DISPATCH,UNIT_SCADA,1,"2019/08/20 21:10:00",CETHANA,96.088870
D,DISPATCH,UNIT_SCADA,1,"2019/08/20 21:10:00",CG1,0
D,DISPATCH,UNIT_SCADA,1,"2019/08/20 21:10:00",CG2,0
D,DISPATCH,UNIT_SCADA,1,"2019/08/20 21:10:00",CG3,0
D,DISPATCH,UNIT_SCADA,1,"2019/08/20 21:10:00",CG4,0
D,DISPATCH,UNIT_SCADA,1,"2019/08/20 21:10:00",CHILDSF1,0
D,DISPATCH,UNIT_SCADA,1,"2019/08/20 21:10:00",CLARESF1,0
D,DISPATCH,UNIT_SCADA,1,"2019/08/20 21:10:00",CLEMGPWF,44.085430
D,DISPATCH,UNIT_SCADA,1,"2019/08/20 21:10:00",CLERMSF1,0
D,DISPATCH,UNIT_SCADA,1,"2019/08/20 21:10:00",COLEASF1,0
D,DISPATCH,UNIT_SCADA,1,"2019/08/20 21:10:00",COOPGWF1,22.005690
D,DISPATCH,UNIT_SCADA,1,"2019/08/20 21:10:00",CPP_3,407
D,DISPATCH,UNIT_SCADA,1,"2019/08/20 21:10:00",CPP_4,281.325010
D,DISPATCH,UNIT_SCADA,1,"2019/08/20 21:10:00",CPSA,142.59
D,DISPATCH,UNIT_SCADA,1,"2019/08/20 21:10:00",CROOKWF2,91.923740
D,DISPATCH,UNIT_SCADA,1,"2019/08/20 21:10:00",CROWLWF1,55.945220
D,DISPATCH,UNIT_SCADA,1,"2019/08/20 21:10:00",CSPVPS1,0
D,DISPATCH,UNIT_SCADA,1,"2019/08/20 21:10:00",DALNTH01,0
D,DISPATCH,UNIT_SCADA,1,"2019/08/20 21:10:00",DALNTHL1,0.090030
D,DISPATCH,UNIT_SCADA,1,"2019/08/20 21:10:00",DARTM1,134.20
D,DISPATCH,UNIT_SCADA,1,"2019/08/20 21:10:00",DAYDSF1,0
D,DISPATCH,UNIT_SCADA,1,"2019/08/20 21:10:00",DDPS1,324.702670
D,DISPATCH,UNIT_SCADA,1,"2019/08/20 21:10:00",DDSF1,0
D,DISPATCH,UNIT_SCADA,1,"2019/08/20 21:10:00",DEVILS_G,60.297250
D,DISPATCH,UNIT_SCADA,1,"2019/08/20 21:10:00",DG_NSW1,0
D,DISPATCH,UNIT_SCADA,1,"2019/08/20 21:10:00",DG_QLD1,0
D,DISPATCH,UNIT_SCADA,1,"2019/08/20 21:10:00",DG_SA1,0
D,DISPATCH,UNIT_SCADA,1,"2019/08/20 21:10:00",DG_TAS1,0
D,DISPATCH,UNIT_SCADA,1,"2019/08/20 21:10:00",DG_VIC1,0
D,DISPATCH,UNIT_SCADA,1,"2019/08/20 21:10:00",DRYCGT1,0
D,DISPATCH,UNIT_SCADA,1,"2019/08/20 21:10:00",DRYCGT2,0
D,DISPATCH,UNIT_SCADA,1,"2019/08/20 21:10:00",DRYCGT3,0
D,DISPATCH,UNIT_SCADA,1,"2019/08/20 21:10:00",EILDON1,0
D,DISPATCH,UNIT_SCADA,1,"2019/08/20 21:10:00",EILDON2,0
D,DISPATCH,UNIT_SCADA,1,"2019/08/20 21:10:00",EMERASF1,0
D,DISPATCH,UNIT_SCADA,1,"2019/08/20 21:10:00",ER01,594.050050
D,DISPATCH,UNIT_SCADA,1,"2019/08/20 21:10:00",ER02,700.949950
D,DISPATCH,UNIT_SCADA,1,"2019/08/20 21:10:00",ER03,698.575070
D,DISPATCH,UNIT_SCADA,1,"2019/08/20 21:10:00",ER04,699.324950
D,DISPATCH,UNIT_SCADA,1,"2019/08/20 21:10:00",FINLYSF1,0
D,DISPATCH,UNIT_SCADA,1,"2019/08/20 21:10:00",FISHER,45.96
D,DISPATCH,UNIT_SCADA,1,"2019/08/20 21:10:00",GANNBG1,2.4037
D,DISPATCH,UNIT_SCADA,1,"2019/08/20 21:10:00",GANNBL1,0
D,DISPATCH,UNIT_SCADA,1,"2019/08/20 21:10:00",GANNSF1,0
D,DISPATCH,UNIT_SCADA,1,"2019/08/20 21:10:00",GORDON,0
D,DISPATCH,UNIT_SCADA,1,"2019/08/20 21:10:00",GSTONE1,224
D,DISPATCH,UNIT_SCADA,1,"2019/08/20 21:10:00",GSTONE2,219.80
D,DISPATCH,UNIT_SCADA,1,"2019/08/20 21:10:00",GSTONE3,223.649990
D,DISPATCH,UNIT_SCADA,1,"2019/08/20 21:10:00",GSTONE4,224.70
D,DISPATCH,UNIT_SCADA,1,"2019/08/20 21:10:00",GSTONE5,213.6750
D,DISPATCH,UNIT_SCADA,1,"2019/08/20 21:10:00",GSTONE6,0
D,DISPATCH,UNIT_SCADA,1,"2019/08/20 21:10:00",GULLRSF1,0
D,DISPATCH,UNIT_SCADA,1,"2019/08/20 21:10:00",GULLRWF1,146.683530
D,DISPATCH,UNIT_SCADA,1,"2019/08/20 21:10:00",GUNNING1,45.831910
D,DISPATCH,UNIT_SCADA,1,"2019/08/20 21:10:00",GUTHEGA,0.30
D,DISPATCH,UNIT_SCADA,1,"2019/08/20 21:10:00",HALLWF1,92.20
D,DISPATCH,UNIT_SCADA,1,"2019/08/20 21:10:00",HALLWF2,66.14
D,DISPATCH,UNIT_SCADA,1,"2019/08/20 21:10:00",HAMISF1,0
D,DISPATCH,UNIT_SCADA,1,"2019/08/20 21:10:00",HAUGHT11,0
D,DISPATCH,UNIT_SCADA,1,"2019/08/20 21:10:00",HAYMSF1,0
D,DISPATCH,UNIT_SCADA,1,"2019/08/20 21:10:00",HDWF1,74.10
D,DISPATCH,UNIT_SCADA,1,"2019/08/20 21:10:00",HDWF2,49.30
D,DISPATCH,UNIT_SCADA,1,"2019/08/20 21:10:00",HDWF3,70.50
D,DISPATCH,UNIT_SCADA,1,"2019/08/20 21:10:00",HPRG1,0.90
D,DISPATCH,UNIT_SCADA,1,"2019/08/20 21:10:00",HPRL1,0
D,DISPATCH,UNIT_SCADA,1,"2019/08/20 21:10:00",HUMENSW,0
D,DISPATCH,UNIT_SCADA,1,"2019/08/20 21:10:00",HUMEV,8.60
D,DISPATCH,UNIT_SCADA,1,"2019/08/20 21:10:00",HVGTS,0
D,DISPATCH,UNIT_SCADA,1,"2019/08/20 21:10:00",JBUTTERS,135.11
D,DISPATCH,UNIT_SCADA,1,"2019/08/20 21:10:00",JLA01,0.50
D,DISPATCH,UNIT_SCADA,1,"2019/08/20 21:10:00",JLA02,0
D,DISPATCH,UNIT_SCADA,1,"2019/08/20 21:10:00",JLA03,0.10
D,DISPATCH,UNIT_SCADA,1,"2019/08/20 21:10:00",JLA04,0.10
D,DISPATCH,UNIT_SCADA,1,"2019/08/20 21:10:00",JLB01,0
D,DISPATCH,UNIT_SCADA,1,"2019/08/20 21:10:00",JLB02,0.10
D,DISPATCH,UNIT_SCADA,1,"2019/08/20 21:10:00",JLB03,0
D,DISPATCH,UNIT_SCADA,1,"2019/08/20 21:10:00",KAREEYA1,21.49
D,DISPATCH,UNIT_SCADA,1,"2019/08/20 21:10:00",KAREEYA2,21.7450
D,DISPATCH,UNIT_SCADA,1,"2019/08/20 21:10:00",KAREEYA3,0
D,DISPATCH,UNIT_SCADA,1,"2019/08/20 21:10:00",KAREEYA4,21.7525
D,DISPATCH,UNIT_SCADA,1,"2019/08/20 21:10:00",KARSF1,0
D,DISPATCH,UNIT_SCADA,1,"2019/08/20 21:10:00",KIATAWF1,30.70
D,DISPATCH,UNIT_SCADA,1,"2019/08/20 21:10:00",KPP_1,0
D,DISPATCH,UNIT_SCADA,1,"2019/08/20 21:10:00",KSP1,0
D,DISPATCH,UNIT_SCADA,1,"2019/08/20 21:10:00",LADBROK1,0
D,DISPATCH,UNIT_SCADA,1,"2019/08/20 21:10:00",LADBROK2,0
D,DISPATCH,UNIT_SCADA,1,"2019/08/20 21:10:00",LD01,416.456180
D,DISPATCH,UNIT_SCADA,1,"2019/08/20 21:10:00",LD02,419.437530
D,DISPATCH,UNIT_SCADA,1,"2019/08/20 21:10:00",LD03,420.074980
D,DISPATCH,UNIT_SCADA,1,"2019/08/20 21:10:00",LD04,377.774960
D,DISPATCH,UNIT_SCADA,1,"2019/08/20 21:10:00",LEM_WIL,85.580150
D,DISPATCH,UNIT_SCADA,1,"2019/08/20 21:10:00",LGAPWF1,17.81
D,DISPATCH,UNIT_SCADA,1,"2019/08/20 21:10:00",LILYSF1,0
D,DISPATCH,UNIT_SCADA,1,"2019/08/20 21:10:00",LI_WY_CA,149.391420
D,DISPATCH,UNIT_SCADA,1,"2019/08/20 21:10:00",LKBONNY2,151.244430
D,DISPATCH,UNIT_SCADA,1,"2019/08/20 21:10:00",LKBONNY3,37.568220
D,DISPATCH,UNIT_SCADA,1,"2019/08/20 21:10:00",LK_ECHO,0
D,DISPATCH,UNIT_SCADA,1,"2019/08/20 21:10:00",LNGS1,0
D,DISPATCH,UNIT_SCADA,1,"2019/08/20 21:10:00",LNGS2,0
D,DISPATCH,UNIT_SCADA,1,"2019/08/20 21:10:00",LONSDALE,0
D,DISPATCH,UNIT_SCADA,1,"2019/08/20 21:10:00",LOYYB1,536.840520
D,DISPATCH,UNIT_SCADA,1,"2019/08/20 21:10:00",LOYYB2,580.450620
D,DISPATCH,UNIT_SCADA,1,"2019/08/20 21:10:00",LYA1,538
D,DISPATCH,UNIT_SCADA,1,"2019/08/20 21:10:00",LYA2,0
D,DISPATCH,UNIT_SCADA,1,"2019/08/20 21:10:00",LYA3,558
D,DISPATCH,UNIT_SCADA,1,"2019/08/20 21:10:00",LYA4,540
D,DISPATCH,UNIT_SCADA,1,"2019/08/20 21:10:00",MACARTH1,389.291020
D,DISPATCH,UNIT_SCADA,1,"2019/08/20 21:10:00",MACKAYGT,0
D,DISPATCH,UNIT_SCADA,1,"2019/08/20 21:10:00",MACKNTSH,85.330010
D,DISPATCH,UNIT_SCADA,1,"2019/08/20 21:10:00",MANSLR1,0
D,DISPATCH,UNIT_SCADA,1,"2019/08/20 21:10:00",MCKAY1,0.02
D,DISPATCH,UNIT_SCADA,1,"2019/08/20 21:10:00",MEADOWBK,33.981620
D,DISPATCH,UNIT_SCADA,1,"2019/08/20 21:10:00",MERCER01,127.086010
D,DISPATCH,UNIT_SCADA,1,"2019/08/20 21:10:00",MEWF1,55.128060
D,DISPATCH,UNIT_SCADA,1,"2019/08/20 21:10:00",MINTARO,0
D,DISPATCH,UNIT_SCADA,1,"2019/08/20 21:10:00",MOREESF1,0
D,DISPATCH,UNIT_SCADA,1,"2019/08/20 21:10:00",MORTLK11,114
D,DISPATCH,UNIT_SCADA,1,"2019/08/20 21:10:00",MORTLK12,0
D,DISPATCH,UNIT_SCADA,1,"2019/08/20 21:10:00",MP1,278.925050
D,DISPATCH,UNIT_SCADA,1,"2019/08/20 21:10:00",MP2,0
D,DISPATCH,UNIT_SCADA,1,"2019/08/20 21:10:00",MPP_1,402.75
D,DISPATCH,UNIT_SCADA,1,"2019/08/20 21:10:00",MPP_2,425.50
D,DISPATCH,UNIT_SCADA,1,"2019/08/20 21:10:00",MSTUART1,0
D,DISPATCH,UNIT_SCADA,1,"2019/08/20 21:10:00",MSTUART2,0
D,DISPATCH,UNIT_SCADA,1,"2019/08/20 21:10:00",MSTUART3,0
D,DISPATCH,UNIT_SCADA,1,"2019/08/20 21:10:00",MTGELWF1,64.517650
D,DISPATCH,UNIT_SCADA,1,"2019/08/20 21:10:00",MURRAY,0
D,DISPATCH,UNIT_SCADA,1,"2019/08/20 21:10:00",MUSSELR1,34.60
D,DISPATCH,UNIT_SCADA,1,"2019/08/20 21:10:00",MUWAWF1,51.66
D,DISPATCH,UNIT_SCADA,1,"2019/08/20 21:10:00",NBHWF1,118.50
D,DISPATCH,UNIT_SCADA,1,"2019/08/20 21:10:00",NPS,157.1250
D,DISPATCH,UNIT_SCADA,1,"2019/08/20 21:10:00",NUMURSF1,0
D,DISPATCH,UNIT_SCADA,1,"2019/08/20 21:10:00",NYNGAN1,0
D,DISPATCH,UNIT_SCADA,1,"2019/08/20 21:10:00",OAKEY1,0
D,DISPATCH,UNIT_SCADA,1,"2019/08/20 21:10:00",OAKEY1SF,0.0380
D,DISPATCH,UNIT_SCADA,1,"2019/08/20 21:10:00",OAKEY2,0
D,DISPATCH,UNIT_SCADA,1,"2019/08/20 21:10:00",OAKLAND1,63.20
D,DISPATCH,UNIT_SCADA,1,"2019/08/20 21:10:00",OSB-AG,164.16
D,DISPATCH,UNIT_SCADA,1,"2019/08/20 21:10:00",PARSF1,0
D,DISPATCH,UNIT_SCADA,1,"2019/08/20 21:10:00",POAT110,0
D,DISPATCH,UNIT_SCADA,1,"2019/08/20 21:10:00",POAT220,10.89
D,DISPATCH,UNIT_SCADA,1,"2019/08/20 21:10:00",POR01,0
D,DISPATCH,UNIT_SCADA,1,"2019/08/20 21:10:00",POR03,0
D,DISPATCH,UNIT_SCADA,1,"2019/08/20 21:10:00",PPCCGT,378.239140
D,DISPATCH,UNIT_SCADA,1,"2019/08/20 21:10:00",PTSTAN1,0
D,DISPATCH,UNIT_SCADA,1,"2019/08/20 21:10:00",PUMP1,0
D,DISPATCH,UNIT_SCADA,1,"2019/08/20 21:10:00",PUMP2,0
D,DISPATCH,UNIT_SCADA,1,"2019/08/20 21:10:00",QPS1,0
D,DISPATCH,UNIT_SCADA,1,"2019/08/20 21:10:00",QPS2,0
D,DISPATCH,UNIT_SCADA,1,"2019/08/20 21:10:00",QPS3,0
D,DISPATCH,UNIT_SCADA,1,"2019/08/20 21:10:00",QPS4,0
D,DISPATCH,UNIT_SCADA,1,"2019/08/20 21:10:00",QPS5,0
D,DISPATCH,UNIT_SCADA,1,"2019/08/20 21:10:00",REECE1,117.140010
D,DISPATCH,UNIT_SCADA,1,"2019/08/20 21:10:00",REECE2,117.470010
D,DISPATCH,UNIT_SCADA,1,"2019/08/20 21:10:00",ROMA_7,0
D,DISPATCH,UNIT_SCADA,1,"2019/08/20 21:10:00",ROMA_8,0
D,DISPATCH,UNIT_SCADA,1,"2019/08/20 21:10:00",RRSF1,0
D,DISPATCH,UNIT_SCADA,1,"2019/08/20 21:10:00",RT_NSW1,0
D,DISPATCH,UNIT_SCADA,1,"2019/08/20 21:10:00",RT_NSW2,0
D,DISPATCH,UNIT_SCADA,1,"2019/08/20 21:10:00",RT_NSW3,0
D,DISPATCH,UNIT_SCADA,1,"2019/08/20 21:10:00",RT_NSW4,0
D,DISPATCH,UNIT_SCADA,1,"2019/08/20 21:10:00",RT_NSW5,0
D,DISPATCH,UNIT_SCADA,1,"2019/08/20 21:10:00",RT_NSW6,0
D,DISPATCH,UNIT_SCADA,1,"2019/08/20 21:10:00",RT_QLD1,0
D,DISPATCH,UNIT_SCADA,1,"2019/08/20 21:10:00",RT_SA1,0
D,DISPATCH,UNIT_SCADA,1,"2019/08/20 21:10:00",RT_SA2,0
D,DISPATCH,UNIT_SCADA,1,"2019/08/20 21:10:00",RT_SA3,0
D,DISPATCH,UNIT_SCADA,1,"2019/08/20 21:10:00",RT_SA4,0
D,DISPATCH,UNIT_SCADA,1,"2019/08/20 21:10:00",RT_SA5,0
D,DISPATCH,UNIT_SCADA,1,"2019/08/20 21:10:00",RT_SA6,0
D,DISPATCH,UNIT_SCADA,1,"2019/08/20 21:10:00",RT_TAS1,0
D,DISPATCH,UNIT_SCADA,1,"2019/08/20 21:10:00",RT_VIC1,0
D,DISPATCH,UNIT_SCADA,1,"2019/08/20 21:10:00",RT_VIC10,0
D,DISPATCH,UNIT_SCADA,1,"2019/08/20 21:10:00",RT_VIC11,0
D,DISPATCH,UNIT_SCADA,1,"2019/08/20 21:10:00",RT_VIC12,0
D,DISPATCH,UNIT_SCADA,1,"2019/08/20 21:10:00",RT_VIC2,0
D,DISPATCH,UNIT_SCADA,1,"2019/08/20 21:10:00",RT_VIC3,0
D,DISPATCH,UNIT_SCADA,1,"2019/08/20 21:10:00",RT_VIC4,0
D,DISPATCH,UNIT_SCADA,1,"2019/08/20 21:10:00",RT_VIC5,0
D,DISPATCH,UNIT_SCADA,1,"2019/08/20 21:10:00",RT_VIC6,0
D,DISPATCH,UNIT_SCADA,1,"2019/08/20 21:10:00",RT_VIC7,0
D,DISPATCH,UNIT_SCADA,1,"2019/08/20 21:10:00",RT_VIC8,0
D,DISPATCH,UNIT_SCADA,1,"2019/08/20 21:10:00",RT_VIC9,0
D,DISPATCH,UNIT_SCADA,1,"2019/08/20 21:10:00",RUGBYR1,0
D,DISPATCH,UNIT_SCADA,1,"2019/08/20 21:10:00",SALTCRK1,50.59
D,DISPATCH,UNIT_SCADA,1,"2019/08/20 21:10:00",SAPHWF1,210.225010
D,DISPATCH,UNIT_SCADA,1,"2019/08/20 21:10:00",SHGEN,0
D,DISPATCH,UNIT_SCADA,1,"2019/08/20 21:10:00",SHPUMP,0
D,DISPATCH,UNIT_SCADA,1,"2019/08/20 21:10:00",SITHE01,0.1639
D,DISPATCH,UNIT_SCADA,1,"2019/08/20 21:10:00",SMCSF1,0
D,DISPATCH,UNIT_SCADA,1,"2019/08/20 21:10:00",SNOWNTH1,124.80
D,DISPATCH,UNIT_SCADA,1,"2019/08/20 21:10:00",SNOWSTH1,118.90
D,DISPATCH,UNIT_SCADA,1,"2019/08/20 21:10:00",SNOWTWN1,87.503230
D,DISPATCH,UNIT_SCADA,1,"2019/08/20 21:10:00",SNOWYP,0
D,DISPATCH,UNIT_SCADA,1,"2019/08/20 21:10:00",SNUG1,0.019440
D,DISPATCH,UNIT_SCADA,1,"2019/08/20 21:10:00",SRSF1,0.07
D,DISPATCH,UNIT_SCADA,1,"2019/08/20 21:10:00",STAN-1,0
D,DISPATCH,UNIT_SCADA,1,"2019/08/20 21:10:00",STAN-2,322.688110
D,DISPATCH,UNIT_SCADA,1,"2019/08/20 21:10:00",STAN-3,313.805390
D,DISPATCH,UNIT_SCADA,1,"2019/08/20 21:10:00",STAN-4,333.147430
D,DISPATCH,UNIT_SCADA,1,"2019/08/20 21:10:00",STWF1,142.514980
D,DISPATCH,UNIT_SCADA,1,"2019/08/20 21:10:00",SWAN_E,0
D,DISPATCH,UNIT_SCADA,1,"2019/08/20 21:10:00",TALWA1,422
D,DISPATCH,UNIT_SCADA,1,"2019/08/20 21:10:00",TARALGA1,97.462490
D,DISPATCH,UNIT_SCADA,1,"2019/08/20 21:10:00",TARONG#1,331.200010
D,DISPATCH,UNIT_SCADA,1,"2019/08/20 21:10:00",TARONG#2,330.700010
D,DISPATCH,UNIT_SCADA,1,"2019/08/20 21:10:00",TARONG#3,260.800020
D,DISPATCH,UNIT_SCADA,1,"2019/08/20 21:10:00",TARONG#4,329.600010
D,DISPATCH,UNIT_SCADA,1,"2019/08/20 21:10:00",TARRALEA,85
D,DISPATCH,UNIT_SCADA,1,"2019/08/20 21:10:00",TBSF1,-0.20
D,DISPATCH,UNIT_SCADA,1,"2019/08/20 21:10:00",TNPS1,441.700010
D,DISPATCH,UNIT_SCADA,1,"2019/08/20 21:10:00",TORRA1,96.427180
D,DISPATCH,UNIT_SCADA,1,"2019/08/20 21:10:00",TORRA2,0
D,DISPATCH,UNIT_SCADA,1,"2019/08/20 21:10:00",TORRA3,0
D,DISPATCH,UNIT_SCADA,1,"2019/08/20 21:10:00",TORRA4,0
D,DISPATCH,UNIT_SCADA,1,"2019/08/20 21:10:00",TORRB1,61.04
D,DISPATCH,UNIT_SCADA,1,"2019/08/20 21:10:00",TORRB2,60.92
D,DISPATCH,UNIT_SCADA,1,"2019/08/20 21:10:00",TORRB3,0
D,DISPATCH,UNIT_SCADA,1,"2019/08/20 21:10:00",TORRB4,0
D,DISPATCH,UNIT_SCADA,1,"2019/08/20 21:10:00",TREVALLN,69.800020
D,DISPATCH,UNIT_SCADA,1,"2019/08/20 21:10:00",TRIBUTE,84.06
D,DISPATCH,UNIT_SCADA,1,"2019/08/20 21:10:00",TUMUT3,68.48
D,DISPATCH,UNIT_SCADA,1,"2019/08/20 21:10:00",TUNGATIN,125.170030
D,DISPATCH,UNIT_SCADA,1,"2019/08/20 21:10:00",TVCC201,0
D,DISPATCH,UNIT_SCADA,1,"2019/08/20 21:10:00",TVPP104,0
D,DISPATCH,UNIT_SCADA,1,"2019/08/20 21:10:00",UPPTUMUT,0
D,DISPATCH,UNIT_SCADA,1,"2019/08/20 21:10:00",URANQ11,0
D,DISPATCH,UNIT_SCADA,1,"2019/08/20 21:10:00",URANQ12,0
D,DISPATCH,UNIT_SCADA,1,"2019/08/20 21:10:00",URANQ13,0
D,DISPATCH,UNIT_SCADA,1,"2019/08/20 21:10:00",URANQ14,0
D,DISPATCH,UNIT_SCADA,1,"2019/08/20 21:10:00",VP5,601.975040
D,DISPATCH,UNIT_SCADA,1,"2019/08/20 21:10:00",VP6,517.600040
D,DISPATCH,UNIT_SCADA,1,"2019/08/20 21:10:00",VPGS1,0
D,DISPATCH,UNIT_SCADA,1,"2019/08/20 21:10:00",VPGS2,0
D,DISPATCH,UNIT_SCADA,1,"2019/08/20 21:10:00",VPGS3,0
D,DISPATCH,UNIT_SCADA,1,"2019/08/20 21:10:00",VPGS4,0
D,DISPATCH,UNIT_SCADA,1,"2019/08/20 21:10:00",VPGS5,0
D,DISPATCH,UNIT_SCADA,1,"2019/08/20 21:10:00",VPGS6,0
D,DISPATCH,UNIT_SCADA,1,"2019/08/20 21:10:00",W/HOE#1,200.849990
D,DISPATCH,UNIT_SCADA,1,"2019/08/20 21:10:00",W/HOE#2,0
D,DISPATCH,UNIT_SCADA,1,"2019/08/20 21:10:00",WATERLWF,125.20
D,DISPATCH,UNIT_SCADA,1,"2019/08/20 21:10:00",WEMENSF1,0
D,DISPATCH,UNIT_SCADA,1,"2019/08/20 21:10:00",WGWF1,102.50
D,DISPATCH,UNIT_SCADA,1,"2019/08/20 21:10:00",WHITSF1,0
D,DISPATCH,UNIT_SCADA,1,"2019/08/20 21:10:00",WKIEWA1,0
D,DISPATCH,UNIT_SCADA,1,"2019/08/20 21:10:00",WKIEWA2,17
D,DISPATCH,UNIT_SCADA,1,"2019/08/20 21:10:00",WOODLWN1,45.260990
D,DISPATCH,UNIT_SCADA,1,"2019/08/20 21:10:00",WRSF1,0
D,DISPATCH,UNIT_SCADA,1,"2019/08/20 21:10:00",WRWF1,141.570010
D,DISPATCH,UNIT_SCADA,1,"2019/08/20 21:10:00",YABULU,0
D,DISPATCH,UNIT_SCADA,1,"2019/08/20 21:10:00",YABULU2,0
D,DISPATCH,UNIT_SCADA,1,"2019/08/20 21:10:00",YARWUN_1,0
D,DISPATCH,UNIT_SCADA,1,"2019/08/20 21:10:00",YENDWF1,41.78
D,DISPATCH,UNIT_SCADA,1,"2019/08/20 21:10:00",YWPS1,379.698730
D,DISPATCH,UNIT_SCADA,1,"2019/08/20 21:10:00",YWPS2,280.197480
D,DISPATCH,UNIT_SCADA,1,"2019/08/20 21:10:00",YWPS3,0
D,DISPATCH,UNIT_SCADA,1,"2019/08/20 21:10:00",YWPS4,397.496220
C,"END OF REPORT",334
