C,NEMP.WORLD,DISPATCHSCADA,AEMO,PUBLIC,2019/09/05,22:15:07,0000000312438520,DISPATCHSCADA,0000000312438514
I,DISPATCH,UNIT_SCADA,1,SETTLEMENTDATE,DUID,SCADAVALUE
D,DISPATCH,UNIT_SCADA,1,"2019/09/05 22:20:00",BARCSF1,0.30
D,DISPATCH,UNIT_SCADA,1,"2019/09/05 22:20:00",BUTLERSG,10.199999
D,DISPATCH,UNIT_SCADA,1,"2019/09/05 22:20:00",CALL_A_4,0
D,DISPATCH,UNIT_SCADA,1,"2019/09/05 22:20:00",CAPTL_WF,31.6520
D,DISPATCH,UNIT_SCADA,1,"2019/09/05 22:20:00",CATHROCK,0
D,DISPATCH,UNIT_SCADA,1,"2019/09/05 22:20:00",CHALLHWF,0.60
D,DISPATCH,UNIT_SCADA,1,"2019/09/05 22:20:00",CLOVER,0
D,DISPATCH,UNIT_SCADA,1,"2019/09/05 22:20:00",CLUNY,17.011215
D,DISPATCH,UNIT_SCADA,1,"2019/09/05 22:20:00",CNUNDAWF,7.408643
D,DISPATCH,UNIT_SCADA,1,"2019/09/05 22:20:00",CULLRGWF,15.64
D,DISPATCH,UNIT_SCADA,1,"2019/09/05 22:20:00",ERGT01,0
D,DISPATCH,UNIT_SCADA,1,"2019/09/05 22:20:00",GB01,0.013638
D,DISPATCH,UNIT_SCADA,1,"2019/09/05 22:20:00",GERMCRK,35.900002
D,DISPATCH,UNIT_SCADA,1,"2019/09/05 22:20:00",GRIFSF1,0
D,DISPATCH,UNIT_SCADA,1,"2019/09/05 22:20:00",HUGSF1,-0.1310
D,DISPATCH,UNIT_SCADA,1,"2019/09/05 22:20:00",LKBONNY1,12.681930
D,DISPATCH,UNIT_SCADA,1,"2019/09/05 22:20:00",LRSF1,-0.0010
D,DISPATCH,UNIT_SCADA,1,"2019/09/05 22:20:00",MBAHNTH,46.856247
D,DISPATCH,UNIT_SCADA,1,"2019/09/05 22:20:00",MLSP1,0
D,DISPATCH,UNIT_SCADA,1,"2019/09/05 22:20:00",MLWF1,-0.0150
D,DISPATCH,UNIT_SCADA,1,"2019/09/05 22:20:00",MTMILLAR,38.144161
D,DISPATCH,UNIT_SCADA,1,"2019/09/05 22:20:00",PALOONA,25.67
D,DISPATCH,UNIT_SCADA,1,"2019/09/05 22:20:00",PIONEER,42.600002
D,DISPATCH,UNIT_SCADA,1,"2019/09/05 22:20:00",PORTWF,25.60
D,DISPATCH,UNIT_SCADA,1,"2019/09/05 22:20:00",REPULSE,32.809948
D,DISPATCH,UNIT_SCADA,1,"2019/09/05 22:20:00",ROWALLAN,10.3376
D,DISPATCH,UNIT_SCADA,1,"2019/09/05 22:20:00",ROYALLA1,0
D,DISPATCH,UNIT_SCADA,1,"2019/09/05 22:20:00",RPCG,10
D,DISPATCH,UNIT_SCADA,1,"2019/09/05 22:20:00",RUBICON,0
D,DISPATCH,UNIT_SCADA,1,"2019/09/05 22:20:00",SATGN1,0
D,DISPATCH,UNIT_SCADA,1,"2019/09/05 22:20:00",SATGS1,0
D,DISPATCH,UNIT_SCADA,1,"2019/09/05 22:20:00",STARHLWF,29.791313
D,DISPATCH,UNIT_SCADA,1,"2019/09/05 22:20:00",WAUBRAWF,39.957001
D,DISPATCH,UNIT_SCADA,1,"2019/09/05 22:20:00",WOOLNTH1,127.750015
D,DISPATCH,UNIT_SCADA,1,"2019/09/05 22:20:00",WPWF,57
D,DISPATCH,UNIT_SCADA,1,"2019/09/05 22:20:00",YAMBUKWF,1.60
D,DISPATCH,UNIT_SCADA,1,"2019/09/05 22:20:00",YSWF1,12.10
D,DISPATCH,UNIT_SCADA,1,"2019/09/05 22:20:00",AGLHAL,0
D,DISPATCH,UNIT_SCADA,1,"2019/09/05 22:20:00",AGLSOM,118.80
D,DISPATCH,UNIT_SCADA,1,"2019/09/05 22:20:00",ANGAST1,0
D,DISPATCH,UNIT_SCADA,1,"2019/09/05 22:20:00",ARWF1,20.40
D,DISPATCH,UNIT_SCADA,1,"2019/09/05 22:20:00",BALBG1,0
D,DISPATCH,UNIT_SCADA,1,"2019/09/05 22:20:00",BALBL1,0
D,DISPATCH,UNIT_SCADA,1,"2019/09/05 22:20:00",BALDHWF1,32.9220
D,DISPATCH,UNIT_SCADA,1,"2019/09/05 22:20:00",BANN1,0
D,DISPATCH,UNIT_SCADA,1,"2019/09/05 22:20:00",BARCALDN,0
D,DISPATCH,UNIT_SCADA,1,"2019/09/05 22:20:00",BARRON-1,33.60
D,DISPATCH,UNIT_SCADA,1,"2019/09/05 22:20:00",BARRON-2,0
D,DISPATCH,UNIT_SCADA,1,"2019/09/05 22:20:00",BASTYAN,80.20
D,DISPATCH,UNIT_SCADA,1,"2019/09/05 22:20:00",BBTHREE1,0
D,DISPATCH,UNIT_SCADA,1,"2019/09/05 22:20:00",BBTHREE2,0
D,DISPATCH,UNIT_SCADA,1,"2019/09/05 22:20:00",BBTHREE3,0
D,DISPATCH,UNIT_SCADA,1,"2019/09/05 22:20:00",BDL01,22.80
D,DISPATCH,UNIT_SCADA,1,"2019/09/05 22:20:00",BDL02,22.50
D,DISPATCH,UNIT_SCADA,1,"2019/09/05 22:20:00",BERYLSF1,0
D,DISPATCH,UNIT_SCADA,1,"2019/09/05 22:20:00",BLOWERNG,15.40
D,DISPATCH,UNIT_SCADA,1,"2019/09/05 22:20:00",BLUFF1,51.70
D,DISPATCH,UNIT_SCADA,1,"2019/09/05 22:20:00",BNGSF1,0
D,DISPATCH,UNIT_SCADA,1,"2019/09/05 22:20:00",BNGSF2,0
D,DISPATCH,UNIT_SCADA,1,"2019/09/05 22:20:00",BOCORWF1,7.85
D,DISPATCH,UNIT_SCADA,1,"2019/09/05 22:20:00",BODWF1,12.101840
D,DISPATCH,UNIT_SCADA,1,"2019/09/05 22:20:00",BRAEMAR1,0
D,DISPATCH,UNIT_SCADA,1,"2019/09/05 22:20:00",BRAEMAR2,0
D,DISPATCH,UNIT_SCADA,1,"2019/09/05 22:20:00",BRAEMAR3,0
D,DISPATCH,UNIT_SCADA,1,"2019/09/05 22:20:00",BRAEMAR5,0
D,DISPATCH,UNIT_SCADA,1,"2019/09/05 22:20:00",BRAEMAR6,0
D,DISPATCH,UNIT_SCADA,1,"2019/09/05 22:20:00",BRAEMAR7,0
D,DISPATCH,UNIT_SCADA,1,"2019/09/05 22:20:00",BROKENH1,0
D,DISPATCH,UNIT_SCADA,1,"2019/09/05 22:20:00",BW01,556.599980
D,DISPATCH,UNIT_SCADA,1,"2019/09/05 22:20:00",BW02,620.974980
D,DISPATCH,UNIT_SCADA,1,"2019/09/05 22:20:00",BW03,641.324950
D,DISPATCH,UNIT_SCADA,1,"2019/09/05 22:20:00",BW04,0
D,DISPATCH,UNIT_SCADA,1,"2019/09/05 22:20:00",CALL_B_1,345.399990
D,DISPATCH,UNIT_SCADA,1,"2019/09/05 22:20:00",CALL_B_2,296.300020
D,DISPATCH,UNIT_SCADA,1,"2019/09/05 22:20:00",CETHANA,29.507880
D,DISPATCH,UNIT_SCADA,1,"2019/09/05 22:20:00",CG1,0
D,DISPATCH,UNIT_SCADA,1,"2019/09/05 22:20:00",CG2,0
D,DISPATCH,UNIT_SCADA,1,"2019/09/05 22:20:00",CG3,0
D,DISPATCH,UNIT_SCADA,1,"2019/09/05 22:20:00",CG4,0
D,DISPATCH,UNIT_SCADA,1,"2019/09/05 22:20:00",CHILDSF1,0
D,DISPATCH,UNIT_SCADA,1,"2019/09/05 22:20:00",CLARESF1,0
D,DISPATCH,UNIT_SCADA,1,"2019/09/05 22:20:00",CLEMGPWF,47.3270
D,DISPATCH,UNIT_SCADA,1,"2019/09/05 22:20:00",CLERMSF1,0
D,DISPATCH,UNIT_SCADA,1,"2019/09/05 22:20:00",COLEASF1,0
D,DISPATCH,UNIT_SCADA,1,"2019/09/05 22:20:00",COOPGWF1,27.5976
D,DISPATCH,UNIT_SCADA,1,"2019/09/05 22:20:00",CPP_3,401.225010
D,DISPATCH,UNIT_SCADA,1,"2019/09/05 22:20:00",CPP_4,405.899990
D,DISPATCH,UNIT_SCADA,1,"2019/09/05 22:20:00",CPSA,142.0475
D,DISPATCH,UNIT_SCADA,1,"2019/09/05 22:20:00",CROOKWF2,28.053750
D,DISPATCH,UNIT_SCADA,1,"2019/09/05 22:20:00",CROWLWF1,17.464320
D,DISPATCH,UNIT_SCADA,1,"2019/09/05 22:20:00",CSPVPS1,0
D,DISPATCH,UNIT_SCADA,1,"2019/09/05 22:20:00",DALNTH01,0.0351
D,DISPATCH,UNIT_SCADA,1,"2019/09/05 22:20:00",DALNTHL1,0
D,DISPATCH,UNIT_SCADA,1,"2019/09/05 22:20:00",DARTM1,133.399990
D,DISPATCH,UNIT_SCADA,1,"2019/09/05 22:20:00",DAYDSF1,0
D,DISPATCH,UNIT_SCADA,1,"2019/09/05 22:20:00",DDPS1,562.972050
D,DISPATCH,UNIT_SCADA,1,"2019/09/05 22:20:00",DDSF1,0
D,DISPATCH,UNIT_SCADA,1,"2019/09/05 22:20:00",DEVILS_G,64.374520
D,DISPATCH,UNIT_SCADA,1,"2019/09/05 22:20:00",DG_NSW1,0
D,DISPATCH,UNIT_SCADA,1,"2019/09/05 22:20:00",DG_QLD1,0
D,DISPATCH,UNIT_SCADA,1,"2019/09/05 22:20:00",DG_SA1,0
D,DISPATCH,UNIT_SCADA,1,"2019/09/05 22:20:00",DG_TAS1,0
D,DISPATCH,UNIT_SCADA,1,"2019/09/05 22:20:00",DG_VIC1,0
D,DISPATCH,UNIT_SCADA,1,"2019/09/05 22:20:00",DRYCGT1,0
D,DISPATCH,UNIT_SCADA,1,"2019/09/05 22:20:00",DRYCGT2,0
D,DISPATCH,UNIT_SCADA,1,"2019/09/05 22:20:00",DRYCGT3,0
D,DISPATCH,UNIT_SCADA,1,"2019/09/05 22:20:00",EILDON1,0
D,DISPATCH,UNIT_SCADA,1,"2019/09/05 22:20:00",EILDON2,0
D,DISPATCH,UNIT_SCADA,1,"2019/09/05 22:20:00",EMERASF1,0
D,DISPATCH,UNIT_SCADA,1,"2019/09/05 22:20:00",ER01,581.200070
D,DISPATCH,UNIT_SCADA,1,"2019/09/05 22:20:00",ER02,690.699950
D,DISPATCH,UNIT_SCADA,1,"2019/09/05 22:20:00",ER03,0
D,DISPATCH,UNIT_SCADA,1,"2019/09/05 22:20:00",ER04,669.400020
D,DISPATCH,UNIT_SCADA,1,"2019/09/05 22:20:00",FINLYSF1,0
D,DISPATCH,UNIT_SCADA,1,"2019/09/05 22:20:00",FISHER,45.77
D,DISPATCH,UNIT_SCADA,1,"2019/09/05 22:20:00",GANNBG1,3.357650
D,DISPATCH,UNIT_SCADA,1,"2019/09/05 22:20:00",GANNBL1,0
D,DISPATCH,UNIT_SCADA,1,"2019/09/05 22:20:00",GANNSF1,0
D,DISPATCH,UNIT_SCADA,1,"2019/09/05 22:20:00",GORDON,18.8916
D,DISPATCH,UNIT_SCADA,1,"2019/09/05 22:20:00",GSTONE1,184.45
D,DISPATCH,UNIT_SCADA,1,"2019/09/05 22:20:00",GSTONE2,178.3250
D,DISPATCH,UNIT_SCADA,1,"2019/09/05 22:20:00",GSTONE3,0
D,DISPATCH,UNIT_SCADA,1,"2019/09/05 22:20:00",GSTONE4,204.5750
D,DISPATCH,UNIT_SCADA,1,"2019/09/05 22:20:00",GSTONE5,184.099990
D,DISPATCH,UNIT_SCADA,1,"2019/09/05 22:20:00",GSTONE6,185.3250
D,DISPATCH,UNIT_SCADA,1,"2019/09/05 22:20:00",GULLRSF1,0
D,DISPATCH,UNIT_SCADA,1,"2019/09/05 22:20:00",GULLRWF1,46.610990
D,DISPATCH,UNIT_SCADA,1,"2019/09/05 22:20:00",GUNNING1,18.268380
D,DISPATCH,UNIT_SCADA,1,"2019/09/05 22:20:00",GUTHEGA,0
D,DISPATCH,UNIT_SCADA,1,"2019/09/05 22:20:00",HALLWF1,89.09
D,DISPATCH,UNIT_SCADA,1,"2019/09/05 22:20:00",HALLWF2,53.54
D,DISPATCH,UNIT_SCADA,1,"2019/09/05 22:20:00",HAMISF1,0
D,DISPATCH,UNIT_SCADA,1,"2019/09/05 22:20:00",HAUGHT11,0
D,DISPATCH,UNIT_SCADA,1,"2019/09/05 22:20:00",HAYMSF1,0
D,DISPATCH,UNIT_SCADA,1,"2019/09/05 22:20:00",HDWF1,72.50
D,DISPATCH,UNIT_SCADA,1,"2019/09/05 22:20:00",HDWF2,49.90
D,DISPATCH,UNIT_SCADA,1,"2019/09/05 22:20:00",HDWF3,68.80
D,DISPATCH,UNIT_SCADA,1,"2019/09/05 22:20:00",HPRG1,0
D,DISPATCH,UNIT_SCADA,1,"2019/09/05 22:20:00",HPRL1,13.30
D,DISPATCH,UNIT_SCADA,1,"2019/09/05 22:20:00",HUMENSW,0
D,DISPATCH,UNIT_SCADA,1,"2019/09/05 22:20:00",HUMEV,23.90
D,DISPATCH,UNIT_SCADA,1,"2019/09/05 22:20:00",HVGTS,0
D,DISPATCH,UNIT_SCADA,1,"2019/09/05 22:20:00",JBUTTERS,23.60
D,DISPATCH,UNIT_SCADA,1,"2019/09/05 22:20:00",JLA01,0.10
D,DISPATCH,UNIT_SCADA,1,"2019/09/05 22:20:00",JLA02,0
D,DISPATCH,UNIT_SCADA,1,"2019/09/05 22:20:00",JLA03,0
D,DISPATCH,UNIT_SCADA,1,"2019/09/05 22:20:00",JLA04,0
D,DISPATCH,UNIT_SCADA,1,"2019/09/05 22:20:00",JLB01,0
D,DISPATCH,UNIT_SCADA,1,"2019/09/05 22:20:00",JLB02,0.10
D,DISPATCH,UNIT_SCADA,1,"2019/09/05 22:20:00",JLB03,0
D,DISPATCH,UNIT_SCADA,1,"2019/09/05 22:20:00",KAREEYA1,21.5350
D,DISPATCH,UNIT_SCADA,1,"2019/09/05 22:20:00",KAREEYA2,21.7725
D,DISPATCH,UNIT_SCADA,1,"2019/09/05 22:20:00",KAREEYA3,0
D,DISPATCH,UNIT_SCADA,1,"2019/09/05 22:20:00",KAREEYA4,21.5950
D,DISPATCH,UNIT_SCADA,1,"2019/09/05 22:20:00",KARSF1,0
D,DISPATCH,UNIT_SCADA,1,"2019/09/05 22:20:00",KIATAWF1,30.70
D,DISPATCH,UNIT_SCADA,1,"2019/09/05 22:20:00",KPP_1,0
D,DISPATCH,UNIT_SCADA,1,"2019/09/05 22:20:00",KSP1,0
D,DISPATCH,UNIT_SCADA,1,"2019/09/05 22:20:00",LADBROK1,42.33
D,DISPATCH,UNIT_SCADA,1,"2019/09/05 22:20:00",LADBROK2,43.03
D,DISPATCH,UNIT_SCADA,1,"2019/09/05 22:20:00",LD01,419.606320
D,DISPATCH,UNIT_SCADA,1,"2019/09/05 22:20:00",LD02,399.768770
D,DISPATCH,UNIT_SCADA,1,"2019/09/05 22:20:00",LD03,423.468720
D,DISPATCH,UNIT_SCADA,1,"2019/09/05 22:20:00",LD04,387.3750
D,DISPATCH,UNIT_SCADA,1,"2019/09/05 22:20:00",LEM_WIL,85.027690
D,DISPATCH,UNIT_SCADA,1,"2019/09/05 22:20:00",LGAPWF1,25.22
D,DISPATCH,UNIT_SCADA,1,"2019/09/05 22:20:00",LILYSF1,0
D,DISPATCH,UNIT_SCADA,1,"2019/09/05 22:20:00",LI_WY_CA,138.881620
D,DISPATCH,UNIT_SCADA,1,"2019/09/05 22:20:00",LKBONNY2,33.485110
D,DISPATCH,UNIT_SCADA,1,"2019/09/05 22:20:00",LKBONNY3,10.717830
D,DISPATCH,UNIT_SCADA,1,"2019/09/05 22:20:00",LK_ECHO,0
D,DISPATCH,UNIT_SCADA,1,"2019/09/05 22:20:00",LNGS1,0
D,DISPATCH,UNIT_SCADA,1,"2019/09/05 22:20:00",LNGS2,0
D,DISPATCH,UNIT_SCADA,1,"2019/09/05 22:20:00",LONSDALE,0
D,DISPATCH,UNIT_SCADA,1,"2019/09/05 22:20:00",LOYYB1,535.712650
D,DISPATCH,UNIT_SCADA,1,"2019/09/05 22:20:00",LOYYB2,582.330380
D,DISPATCH,UNIT_SCADA,1,"2019/09/05 22:20:00",LYA1,0
D,DISPATCH,UNIT_SCADA,1,"2019/09/05 22:20:00",LYA2,0
D,DISPATCH,UNIT_SCADA,1,"2019/09/05 22:20:00",LYA3,560
D,DISPATCH,UNIT_SCADA,1,"2019/09/05 22:20:00",LYA4,539
D,DISPATCH,UNIT_SCADA,1,"2019/09/05 22:20:00",MACARTH1,0
D,DISPATCH,UNIT_SCADA,1,"2019/09/05 22:20:00",MACKAYGT,0.2240
D,DISPATCH,UNIT_SCADA,1,"2019/09/05 22:20:00",MACKNTSH,87.70
D,DISPATCH,UNIT_SCADA,1,"2019/09/05 22:20:00",MANSLR1,0
D,DISPATCH,UNIT_SCADA,1,"2019/09/05 22:20:00",MCKAY1,0.0750
D,DISPATCH,UNIT_SCADA,1,"2019/09/05 22:20:00",MEADOWBK,33.810140
D,DISPATCH,UNIT_SCADA,1,"2019/09/05 22:20:00",MERCER01,21.3210
D,DISPATCH,UNIT_SCADA,1,"2019/09/05 22:20:00",MEWF1,26.528770
D,DISPATCH,UNIT_SCADA,1,"2019/09/05 22:20:00",MINTARO,0
D,DISPATCH,UNIT_SCADA,1,"2019/09/05 22:20:00",MOREESF1,0
D,DISPATCH,UNIT_SCADA,1,"2019/09/05 22:20:00",MORTLK11,260
D,DISPATCH,UNIT_SCADA,1,"2019/09/05 22:20:00",MORTLK12,0
D,DISPATCH,UNIT_SCADA,1,"2019/09/05 22:20:00",MP1,226.150020
D,DISPATCH,UNIT_SCADA,1,"2019/09/05 22:20:00",MP2,0
D,DISPATCH,UNIT_SCADA,1,"2019/09/05 22:20:00",MPP_1,400
D,DISPATCH,UNIT_SCADA,1,"2019/09/05 22:20:00",MPP_2,434.75
D,DISPATCH,UNIT_SCADA,1,"2019/09/05 22:20:00",MSTUART1,0
D,DISPATCH,UNIT_SCADA,1,"2019/09/05 22:20:00",MSTUART2,0
D,DISPATCH,UNIT_SCADA,1,"2019/09/05 22:20:00",MSTUART3,0
D,DISPATCH,UNIT_SCADA,1,"2019/09/05 22:20:00",MTGELWF1,-0.321970
D,DISPATCH,UNIT_SCADA,1,"2019/09/05 22:20:00",MURRAY,0
D,DISPATCH,UNIT_SCADA,1,"2019/09/05 22:20:00",MUSSELR1,64
D,DISPATCH,UNIT_SCADA,1,"2019/09/05 22:20:00",MUWAWF1,32.87
D,DISPATCH,UNIT_SCADA,1,"2019/09/05 22:20:00",NBHWF1,102.60
D,DISPATCH,UNIT_SCADA,1,"2019/09/05 22:20:00",NPS,154.50
D,DISPATCH,UNIT_SCADA,1,"2019/09/05 22:20:00",NUMURSF1,0
D,DISPATCH,UNIT_SCADA,1,"2019/09/05 22:20:00",NYNGAN1,0
D,DISPATCH,UNIT_SCADA,1,"2019/09/05 22:20:00",OAKEY1,0
D,DISPATCH,UNIT_SCADA,1,"2019/09/05 22:20:00",OAKEY1SF,0
D,DISPATCH,UNIT_SCADA,1,"2019/09/05 22:20:00",OAKEY2,0
D,DISPATCH,UNIT_SCADA,1,"2019/09/05 22:20:00",OAKEY2SF,0
D,DISPATCH,UNIT_SCADA,1,"2019/09/05 22:20:00",OAKLAND1,-0.20
D,DISPATCH,UNIT_SCADA,1,"2019/09/05 22:20:00",OSB-AG,0
D,DISPATCH,UNIT_SCADA,1,"2019/09/05 22:20:00",PARSF1,0
D,DISPATCH,UNIT_SCADA,1,"2019/09/05 22:20:00",POAT110,0
D,DISPATCH,UNIT_SCADA,1,"2019/09/05 22:20:00",POAT220,0
D,DISPATCH,UNIT_SCADA,1,"2019/09/05 22:20:00",POR01,0
D,DISPATCH,UNIT_SCADA,1,"2019/09/05 22:20:00",POR03,0
D,DISPATCH,UNIT_SCADA,1,"2019/09/05 22:20:00",PPCCGT,463.469450
D,DISPATCH,UNIT_SCADA,1,"2019/09/05 22:20:00",PTSTAN1,0
D,DISPATCH,UNIT_SCADA,1,"2019/09/05 22:20:00",PUMP1,0
D,DISPATCH,UNIT_SCADA,1,"2019/09/05 22:20:00",PUMP2,0
D,DISPATCH,UNIT_SCADA,1,"2019/09/05 22:20:00",QPS1,29
D,DISPATCH,UNIT_SCADA,1,"2019/09/05 22:20:00",QPS2,0
D,DISPATCH,UNIT_SCADA,1,"2019/09/05 22:20:00",QPS3,0
D,DISPATCH,UNIT_SCADA,1,"2019/09/05 22:20:00",QPS4,0
D,DISPATCH,UNIT_SCADA,1,"2019/09/05 22:20:00",QPS5,0
D,DISPATCH,UNIT_SCADA,1,"2019/09/05 22:20:00",REECE1,117.030010
D,DISPATCH,UNIT_SCADA,1,"2019/09/05 22:20:00",REECE2,116.180010
D,DISPATCH,UNIT_SCADA,1,"2019/09/05 22:20:00",ROMA_7,0
D,DISPATCH,UNIT_SCADA,1,"2019/09/05 22:20:00",ROMA_8,0
D,DISPATCH,UNIT_SCADA,1,"2019/09/05 22:20:00",RRSF1,0
D,DISPATCH,UNIT_SCADA,1,"2019/09/05 22:20:00",RT_NSW1,0
D,DISPATCH,UNIT_SCADA,1,"2019/09/05 22:20:00",RT_NSW2,0
D,DISPATCH,UNIT_SCADA,1,"2019/09/05 22:20:00",RT_NSW3,0
D,DISPATCH,UNIT_SCADA,1,"2019/09/05 22:20:00",RT_NSW4,0
D,DISPATCH,UNIT_SCADA,1,"2019/09/05 22:20:00",RT_NSW5,0
D,DISPATCH,UNIT_SCADA,1,"2019/09/05 22:20:00",RT_NSW6,0
D,DISPATCH,UNIT_SCADA,1,"2019/09/05 22:20:00",RT_QLD1,0
D,DISPATCH,UNIT_SCADA,1,"2019/09/05 22:20:00",RT_SA1,0
D,DISPATCH,UNIT_SCADA,1,"2019/09/05 22:20:00",RT_SA2,0
D,DISPATCH,UNIT_SCADA,1,"2019/09/05 22:20:00",RT_SA3,0
D,DISPATCH,UNIT_SCADA,1,"2019/09/05 22:20:00",RT_SA4,0
D,DISPATCH,UNIT_SCADA,1,"2019/09/05 22:20:00",RT_SA5,0
D,DISPATCH,UNIT_SCADA,1,"2019/09/05 22:20:00",RT_SA6,0
D,DISPATCH,UNIT_SCADA,1,"2019/09/05 22:20:00",RT_TAS1,0
D,DISPATCH,UNIT_SCADA,1,"2019/09/05 22:20:00",RT_VIC1,0
D,DISPATCH,UNIT_SCADA,1,"2019/09/05 22:20:00",RT_VIC10,0
D,DISPATCH,UNIT_SCADA,1,"2019/09/05 22:20:00",RT_VIC11,0
D,DISPATCH,UNIT_SCADA,1,"2019/09/05 22:20:00",RT_VIC12,0
D,DISPATCH,UNIT_SCADA,1,"2019/09/05 22:20:00",RT_VIC2,0
D,DISPATCH,UNIT_SCADA,1,"2019/09/05 22:20:00",RT_VIC3,0
D,DISPATCH,UNIT_SCADA,1,"2019/09/05 22:20:00",RT_VIC4,0
D,DISPATCH,UNIT_SCADA,1,"2019/09/05 22:20:00",RT_VIC5,0
D,DISPATCH,UNIT_SCADA,1,"2019/09/05 22:20:00",RT_VIC6,0
D,DISPATCH,UNIT_SCADA,1,"2019/09/05 22:20:00",RT_VIC7,0
D,DISPATCH,UNIT_SCADA,1,"2019/09/05 22:20:00",RT_VIC8,0
D,DISPATCH,UNIT_SCADA,1,"2019/09/05 22:20:00",RT_VIC9,0
D,DISPATCH,UNIT_SCADA,1,"2019/09/05 22:20:00",RUGBYR1,0
D,DISPATCH,UNIT_SCADA,1,"2019/09/05 22:20:00",SALTCRK1,-0.02
D,DISPATCH,UNIT_SCADA,1,"2019/09/05 22:20:00",SAPHWF1,67.237520
D,DISPATCH,UNIT_SCADA,1,"2019/09/05 22:20:00",SHGEN,0
D,DISPATCH,UNIT_SCADA,1,"2019/09/05 22:20:00",SHPUMP,0
D,DISPATCH,UNIT_SCADA,1,"2019/09/05 22:20:00",SITHE01,0.1840
D,DISPATCH,UNIT_SCADA,1,"2019/09/05 22:20:00",SMCSF1,0
D,DISPATCH,UNIT_SCADA,1,"2019/09/05 22:20:00",SNOWNTH1,127
D,DISPATCH,UNIT_SCADA,1,"2019/09/05 22:20:00",SNOWSTH1,111
D,DISPATCH,UNIT_SCADA,1,"2019/09/05 22:20:00",SNOWTWN1,95.540850
D,DISPATCH,UNIT_SCADA,1,"2019/09/05 22:20:00",SNOWYP,0
D,DISPATCH,UNIT_SCADA,1,"2019/09/05 22:20:00",SNUG1,0.019440
D,DISPATCH,UNIT_SCADA,1,"2019/09/05 22:20:00",SRSF1,0.22
D,DISPATCH,UNIT_SCADA,1,"2019/09/05 22:20:00",STAN-1,255.6382
D,DISPATCH,UNIT_SCADA,1,"2019/09/05 22:20:00",STAN-2,357.001370
D,DISPATCH,UNIT_SCADA,1,"2019/09/05 22:20:00",STAN-3,366.717250
D,DISPATCH,UNIT_SCADA,1,"2019/09/05 22:20:00",STAN-4,364.884310
D,DISPATCH,UNIT_SCADA,1,"2019/09/05 22:20:00",STWF1,0
D,DISPATCH,UNIT_SCADA,1,"2019/09/05 22:20:00",SWAN_E,0
D,DISPATCH,UNIT_SCADA,1,"2019/09/05 22:20:00",TALWA1,415
D,DISPATCH,UNIT_SCADA,1,"2019/09/05 22:20:00",TARALGA1,30.423740
D,DISPATCH,UNIT_SCADA,1,"2019/09/05 22:20:00",TARONG#1,350.50
D,DISPATCH,UNIT_SCADA,1,"2019/09/05 22:20:00",TARONG#2,0
D,DISPATCH,UNIT_SCADA,1,"2019/09/05 22:20:00",TARONG#3,350.50
D,DISPATCH,UNIT_SCADA,1,"2019/09/05 22:20:00",TARONG#4,350.300020
D,DISPATCH,UNIT_SCADA,1,"2019/09/05 22:20:00",TARRALEA,74
D,DISPATCH,UNIT_SCADA,1,"2019/09/05 22:20:00",TBSF1,-0.20
D,DISPATCH,UNIT_SCADA,1,"2019/09/05 22:20:00",TNPS1,397.600010
D,DISPATCH,UNIT_SCADA,1,"2019/09/05 22:20:00",TORRA1,58.276570
D,DISPATCH,UNIT_SCADA,1,"2019/09/05 22:20:00",TORRA2,0
D,DISPATCH,UNIT_SCADA,1,"2019/09/05 22:20:00",TORRA3,0
D,DISPATCH,UNIT_SCADA,1,"2019/09/05 22:20:00",TORRA4,66.721570
D,DISPATCH,UNIT_SCADA,1,"2019/09/05 22:20:00",TORRB1,107.02
D,DISPATCH,UNIT_SCADA,1,"2019/09/05 22:20:00",TORRB2,111.47
D,DISPATCH,UNIT_SCADA,1,"2019/09/05 22:20:00",TORRB3,110.91
D,DISPATCH,UNIT_SCADA,1,"2019/09/05 22:20:00",TORRB4,0
D,DISPATCH,UNIT_SCADA,1,"2019/09/05 22:20:00",TREVALLN,92.770030
D,DISPATCH,UNIT_SCADA,1,"2019/09/05 22:20:00",TRIBUTE,0
D,DISPATCH,UNIT_SCADA,1,"2019/09/05 22:20:00",TUMUT3,117.54
D,DISPATCH,UNIT_SCADA,1,"2019/09/05 22:20:00",TUNGATIN,3.20
D,DISPATCH,UNIT_SCADA,1,"2019/09/05 22:20:00",TVCC201,0
D,DISPATCH,UNIT_SCADA,1,"2019/09/05 22:20:00",TVPP104,0
D,DISPATCH,UNIT_SCADA,1,"2019/09/05 22:20:00",UPPTUMUT,481.528260
D,DISPATCH,UNIT_SCADA,1,"2019/09/05 22:20:00",URANQ11,0
D,DISPATCH,UNIT_SCADA,1,"2019/09/05 22:20:00",URANQ12,0
D,DISPATCH,UNIT_SCADA,1,"2019/09/05 22:20:00",URANQ13,0
D,DISPATCH,UNIT_SCADA,1,"2019/09/05 22:20:00",URANQ14,0
D,DISPATCH,UNIT_SCADA,1,"2019/09/05 22:20:00",VP5,417.675020
D,DISPATCH,UNIT_SCADA,1,"2019/09/05 22:20:00",VP6,0
D,DISPATCH,UNIT_SCADA,1,"2019/09/05 22:20:00",VPGS1,0
D,DISPATCH,UNIT_SCADA,1,"2019/09/05 22:20:00",VPGS2,0
D,DISPATCH,UNIT_SCADA,1,"2019/09/05 22:20:00",VPGS3,0
D,DISPATCH,UNIT_SCADA,1,"2019/09/05 22:20:00",VPGS4,0
D,DISPATCH,UNIT_SCADA,1,"2019/09/05 22:20:00",VPGS5,0
D,DISPATCH,UNIT_SCADA,1,"2019/09/05 22:20:00",VPGS6,0
D,DISPATCH,UNIT_SCADA,1,"2019/09/05 22:20:00",W/HOE#1,0
D,DISPATCH,UNIT_SCADA,1,"2019/09/05 22:20:00",W/HOE#2,0
D,DISPATCH,UNIT_SCADA,1,"2019/09/05 22:20:00",WATERLWF,115.90
D,DISPATCH,UNIT_SCADA,1,"2019/09/05 22:20:00",WEMENSF1,0
D,DISPATCH,UNIT_SCADA,1,"2019/09/05 22:20:00",WGWF1,38.50
D,DISPATCH,UNIT_SCADA,1,"2019/09/05 22:20:00",WHITSF1,0
D,DISPATCH,UNIT_SCADA,1,"2019/09/05 22:20:00",WKIEWA1,15.50
D,DISPATCH,UNIT_SCADA,1,"2019/09/05 22:20:00",WKIEWA2,15.50
D,DISPATCH,UNIT_SCADA,1,"2019/09/05 22:20:00",WOODLWN1,13.346980
D,DISPATCH,UNIT_SCADA,1,"2019/09/05 22:20:00",WRSF1,0
D,DISPATCH,UNIT_SCADA,1,"2019/09/05 22:20:00",WRWF1,17.411240
D,DISPATCH,UNIT_SCADA,1,"2019/09/05 22:20:00",YABULU,160.470020
D,DISPATCH,UNIT_SCADA,1,"2019/09/05 22:20:00",YABULU2,0
D,DISPATCH,UNIT_SCADA,1,"2019/09/05 22:20:00",YARWUN_1,166.92
D,DISPATCH,UNIT_SCADA,1,"2019/09/05 22:20:00",YENDWF1,41.92
D,DISPATCH,UNIT_SCADA,1,"2019/09/05 22:20:00",YWPS1,319.797450
D,DISPATCH,UNIT_SCADA,1,"2019/09/05 22:20:00",YWPS2,282.202550
D,DISPATCH,UNIT_SCADA,1,"2019/09/05 22:20:00",YWPS3,325.232910
D,DISPATCH,UNIT_SCADA,1,"2019/09/05 22:20:00",YWPS4,392.415190
C,"END OF REPORT",335
