C,NEMP.WORLD,DISPATCHSCADA,AEMO,PUBLIC,2019/08/22,05:05:09,0000000311853801,DISPATCHSCADA,0000000311853795
I,DISPATCH,UNIT_SCADA,1,SETTLEMENTDATE,DUID,SCADAVALUE
D,DISPATCH,UNIT_SCADA,1,"2019/08/22 05:10:00",BARCSF1,0.70
D,DISPATCH,UNIT_SCADA,1,"2019/08/22 05:10:00",BUTLERSG,9.599998
D,DISPATCH,UNIT_SCADA,1,"2019/08/22 05:10:00",CALL_A_4,0
D,DISPATCH,UNIT_SCADA,1,"2019/08/22 05:10:00",CAPTL_WF,127.728004
D,DISPATCH,UNIT_SCADA,1,"2019/08/22 05:10:00",CATHROCK,9.419999
D,DISPATCH,UNIT_SCADA,1,"2019/08/22 05:10:00",CHALLHWF,44.200001
D,DISPATCH,UNIT_SCADA,1,"2019/08/22 05:10:00",CLOVER,-0.01
D,DISPATCH,UNIT_SCADA,1,"2019/08/22 05:10:00",CLUNY,19.873198
D,DISPATCH,UNIT_SCADA,1,"2019/08/22 05:10:00",CNUNDAWF,41.348236
D,DISPATCH,UNIT_SCADA,1,"2019/08/22 05:10:00",CULLRGWF,30.219999
D,DISPATCH,UNIT_SCADA,1,"2019/08/22 05:10:00",ERGT01,0
D,DISPATCH,UNIT_SCADA,1,"2019/08/22 05:10:00",GB01,0.062233
D,DISPATCH,UNIT_SCADA,1,"2019/08/22 05:10:00",GERMCRK,37.099998
D,DISPATCH,UNIT_SCADA,1,"2019/08/22 05:10:00",GRIFSF1,0
D,DISPATCH,UNIT_SCADA,1,"2019/08/22 05:10:00",HUGSF1,-0.2430
D,DISPATCH,UNIT_SCADA,1,"2019/08/22 05:10:00",LKBONNY1,70.911636
D,DISPATCH,UNIT_SCADA,1,"2019/08/22 05:10:00",LRSF1,0.0390
D,DISPATCH,UNIT_SCADA,1,"2019/08/22 05:10:00",MBAHNTH,54.900009
D,DISPATCH,UNIT_SCADA,1,"2019/08/22 05:10:00",MLSP1,0.271001
D,DISPATCH,UNIT_SCADA,1,"2019/08/22 05:10:00",MLWF1,19.049999
D,DISPATCH,UNIT_SCADA,1,"2019/08/22 05:10:00",MTMILLAR,17.204311
D,DISPATCH,UNIT_SCADA,1,"2019/08/22 05:10:00",PALOONA,8.95
D,DISPATCH,UNIT_SCADA,1,"2019/08/22 05:10:00",PIONEER,46.400002
D,DISPATCH,UNIT_SCADA,1,"2019/08/22 05:10:00",PORTWF,118.300003
D,DISPATCH,UNIT_SCADA,1,"2019/08/22 05:10:00",REPULSE,0.000610
D,DISPATCH,UNIT_SCADA,1,"2019/08/22 05:10:00",ROWALLAN,10.259501
D,DISPATCH,UNIT_SCADA,1,"2019/08/22 05:10:00",ROYALLA1,0
D,DISPATCH,UNIT_SCADA,1,"2019/08/22 05:10:00",RPCG,12.30
D,DISPATCH,UNIT_SCADA,1,"2019/08/22 05:10:00",RUBICON,0
D,DISPATCH,UNIT_SCADA,1,"2019/08/22 05:10:00",SATGN1,0
D,DISPATCH,UNIT_SCADA,1,"2019/08/22 05:10:00",SATGS1,0
D,DISPATCH,UNIT_SCADA,1,"2019/08/22 05:10:00",STARHLWF,1.699504
D,DISPATCH,UNIT_SCADA,1,"2019/08/22 05:10:00",WAUBRAWF,175.192001
D,DISPATCH,UNIT_SCADA,1,"2019/08/22 05:10:00",WOOLNTH1,98.860023
D,DISPATCH,UNIT_SCADA,1,"2019/08/22 05:10:00",WPWF,13
D,DISPATCH,UNIT_SCADA,1,"2019/08/22 05:10:00",YAMBUKWF,26.700001
D,DISPATCH,UNIT_SCADA,1,"2019/08/22 05:10:00",YSWF1,28.700001
D,DISPATCH,UNIT_SCADA,1,"2019/08/22 05:10:00",AGLHAL,0
D,DISPATCH,UNIT_SCADA,1,"2019/08/22 05:10:00",AGLSOM,0
D,DISPATCH,UNIT_SCADA,1,"2019/08/22 05:10:00",ANGAST1,0
D,DISPATCH,UNIT_SCADA,1,"2019/08/22 05:10:00",ARWF1,219.199980
D,DISPATCH,UNIT_SCADA,1,"2019/08/22 05:10:00",BALBG1,0
D,DISPATCH,UNIT_SCADA,1,"2019/08/22 05:10:00",BALBL1,0
D,DISPATCH,UNIT_SCADA,1,"2019/08/22 05:10:00",BALDHWF1,94.587010
D,DISPATCH,UNIT_SCADA,1,"2019/08/22 05:10:00",BANN1,0
D,DISPATCH,UNIT_SCADA,1,"2019/08/22 05:10:00",BARCALDN,0
D,DISPATCH,UNIT_SCADA,1,"2019/08/22 05:10:00",BARRON-1,0
D,DISPATCH,UNIT_SCADA,1,"2019/08/22 05:10:00",BARRON-2,26.84
D,DISPATCH,UNIT_SCADA,1,"2019/08/22 05:10:00",BASTYAN,78.170010
D,DISPATCH,UNIT_SCADA,1,"2019/08/22 05:10:00",BBTHREE1,-2.01
D,DISPATCH,UNIT_SCADA,1,"2019/08/22 05:10:00",BBTHREE2,-1.99
D,DISPATCH,UNIT_SCADA,1,"2019/08/22 05:10:00",BBTHREE3,-1.09
D,DISPATCH,UNIT_SCADA,1,"2019/08/22 05:10:00",BDL01,0
D,DISPATCH,UNIT_SCADA,1,"2019/08/22 05:10:00",BDL02,0
D,DISPATCH,UNIT_SCADA,1,"2019/08/22 05:10:00",BERYLSF1,0
D,DISPATCH,UNIT_SCADA,1,"2019/08/22 05:10:00",BLOWERNG,0
D,DISPATCH,UNIT_SCADA,1,"2019/08/22 05:10:00",BLUFF1,33.80
D,DISPATCH,UNIT_SCADA,1,"2019/08/22 05:10:00",BNGSF1,0
D,DISPATCH,UNIT_SCADA,1,"2019/08/22 05:10:00",BNGSF2,0
D,DISPATCH,UNIT_SCADA,1,"2019/08/22 05:10:00",BOCORWF1,109.22
D,DISPATCH,UNIT_SCADA,1,"2019/08/22 05:10:00",BODWF1,98.585270
D,DISPATCH,UNIT_SCADA,1,"2019/08/22 05:10:00",BRAEMAR1,0
D,DISPATCH,UNIT_SCADA,1,"2019/08/22 05:10:00",BRAEMAR2,0
D,DISPATCH,UNIT_SCADA,1,"2019/08/22 05:10:00",BRAEMAR3,0
D,DISPATCH,UNIT_SCADA,1,"2019/08/22 05:10:00",BRAEMAR5,0
D,DISPATCH,UNIT_SCADA,1,"2019/08/22 05:10:00",BRAEMAR6,0
D,DISPATCH,UNIT_SCADA,1,"2019/08/22 05:10:00",BRAEMAR7,0
D,DISPATCH,UNIT_SCADA,1,"2019/08/22 05:10:00",BROKENH1,0
D,DISPATCH,UNIT_SCADA,1,"2019/08/22 05:10:00",BW01,376.074950
D,DISPATCH,UNIT_SCADA,1,"2019/08/22 05:10:00",BW02,412.224980
D,DISPATCH,UNIT_SCADA,1,"2019/08/22 05:10:00",BW03,470.650020
D,DISPATCH,UNIT_SCADA,1,"2019/08/22 05:10:00",BW04,0
D,DISPATCH,UNIT_SCADA,1,"2019/08/22 05:10:00",CALL_B_1,349.50
D,DISPATCH,UNIT_SCADA,1,"2019/08/22 05:10:00",CALL_B_2,289.100010
D,DISPATCH,UNIT_SCADA,1,"2019/08/22 05:10:00",CETHANA,97.825250
D,DISPATCH,UNIT_SCADA,1,"2019/08/22 05:10:00",CG1,0
D,DISPATCH,UNIT_SCADA,1,"2019/08/22 05:10:00",CG2,0
D,DISPATCH,UNIT_SCADA,1,"2019/08/22 05:10:00",CG3,0
D,DISPATCH,UNIT_SCADA,1,"2019/08/22 05:10:00",CG4,0
D,DISPATCH,UNIT_SCADA,1,"2019/08/22 05:10:00",CHILDSF1,0.01
D,DISPATCH,UNIT_SCADA,1,"2019/08/22 05:10:00",CLARESF1,0
D,DISPATCH,UNIT_SCADA,1,"2019/08/22 05:10:00",CLEMGPWF,12.317990
D,DISPATCH,UNIT_SCADA,1,"2019/08/22 05:10:00",CLERMSF1,0
D,DISPATCH,UNIT_SCADA,1,"2019/08/22 05:10:00",COLEASF1,0
D,DISPATCH,UNIT_SCADA,1,"2019/08/22 05:10:00",COOPGWF1,34.577960
D,DISPATCH,UNIT_SCADA,1,"2019/08/22 05:10:00",CPP_3,381.700010
D,DISPATCH,UNIT_SCADA,1,"2019/08/22 05:10:00",CPP_4,381.149990
D,DISPATCH,UNIT_SCADA,1,"2019/08/22 05:10:00",CPSA,142.961260
D,DISPATCH,UNIT_SCADA,1,"2019/08/22 05:10:00",CROOKWF2,43.153740
D,DISPATCH,UNIT_SCADA,1,"2019/08/22 05:10:00",CROWLWF1,49.094660
D,DISPATCH,UNIT_SCADA,1,"2019/08/22 05:10:00",CSPVPS1,0.0430
D,DISPATCH,UNIT_SCADA,1,"2019/08/22 05:10:00",DALNTH01,0
D,DISPATCH,UNIT_SCADA,1,"2019/08/22 05:10:00",DALNTHL1,0.144960
D,DISPATCH,UNIT_SCADA,1,"2019/08/22 05:10:00",DARTM1,0
D,DISPATCH,UNIT_SCADA,1,"2019/08/22 05:10:00",DAYDSF1,0
D,DISPATCH,UNIT_SCADA,1,"2019/08/22 05:10:00",DDPS1,0
D,DISPATCH,UNIT_SCADA,1,"2019/08/22 05:10:00",DDSF1,0
D,DISPATCH,UNIT_SCADA,1,"2019/08/22 05:10:00",DEVILS_G,0
D,DISPATCH,UNIT_SCADA,1,"2019/08/22 05:10:00",DG_NSW1,0
D,DISPATCH,UNIT_SCADA,1,"2019/08/22 05:10:00",DG_QLD1,0
D,DISPATCH,UNIT_SCADA,1,"2019/08/22 05:10:00",DG_SA1,0
D,DISPATCH,UNIT_SCADA,1,"2019/08/22 05:10:00",DG_TAS1,0
D,DISPATCH,UNIT_SCADA,1,"2019/08/22 05:10:00",DG_VIC1,0
D,DISPATCH,UNIT_SCADA,1,"2019/08/22 05:10:00",DRYCGT1,0
D,DISPATCH,UNIT_SCADA,1,"2019/08/22 05:10:00",DRYCGT2,0
D,DISPATCH,UNIT_SCADA,1,"2019/08/22 05:10:00",DRYCGT3,0
D,DISPATCH,UNIT_SCADA,1,"2019/08/22 05:10:00",EILDON1,0
D,DISPATCH,UNIT_SCADA,1,"2019/08/22 05:10:00",EILDON2,0
D,DISPATCH,UNIT_SCADA,1,"2019/08/22 05:10:00",EMERASF1,0
D,DISPATCH,UNIT_SCADA,1,"2019/08/22 05:10:00",ER01,411.650020
D,DISPATCH,UNIT_SCADA,1,"2019/08/22 05:10:00",ER02,402.474980
D,DISPATCH,UNIT_SCADA,1,"2019/08/22 05:10:00",ER03,395.8750
D,DISPATCH,UNIT_SCADA,1,"2019/08/22 05:10:00",ER04,410.674930
D,DISPATCH,UNIT_SCADA,1,"2019/08/22 05:10:00",FINLYSF1,0
D,DISPATCH,UNIT_SCADA,1,"2019/08/22 05:10:00",FISHER,45.93
D,DISPATCH,UNIT_SCADA,1,"2019/08/22 05:10:00",GANNBG1,0
D,DISPATCH,UNIT_SCADA,1,"2019/08/22 05:10:00",GANNBL1,10.009280
D,DISPATCH,UNIT_SCADA,1,"2019/08/22 05:10:00",GANNSF1,0
D,DISPATCH,UNIT_SCADA,1,"2019/08/22 05:10:00",GORDON,20.635440
D,DISPATCH,UNIT_SCADA,1,"2019/08/22 05:10:00",GSTONE1,148.9250
D,DISPATCH,UNIT_SCADA,1,"2019/08/22 05:10:00",GSTONE2,130.20
D,DISPATCH,UNIT_SCADA,1,"2019/08/22 05:10:00",GSTONE3,148.224990
D,DISPATCH,UNIT_SCADA,1,"2019/08/22 05:10:00",GSTONE4,148.9250
D,DISPATCH,UNIT_SCADA,1,"2019/08/22 05:10:00",GSTONE5,148.224990
D,DISPATCH,UNIT_SCADA,1,"2019/08/22 05:10:00",GSTONE6,0
D,DISPATCH,UNIT_SCADA,1,"2019/08/22 05:10:00",GULLRSF1,0
D,DISPATCH,UNIT_SCADA,1,"2019/08/22 05:10:00",GULLRWF1,154.230160
D,DISPATCH,UNIT_SCADA,1,"2019/08/22 05:10:00",GUNNING1,46.503970
D,DISPATCH,UNIT_SCADA,1,"2019/08/22 05:10:00",GUTHEGA,0
D,DISPATCH,UNIT_SCADA,1,"2019/08/22 05:10:00",HALLWF1,82.83
D,DISPATCH,UNIT_SCADA,1,"2019/08/22 05:10:00",HALLWF2,59.42
D,DISPATCH,UNIT_SCADA,1,"2019/08/22 05:10:00",HAMISF1,0
D,DISPATCH,UNIT_SCADA,1,"2019/08/22 05:10:00",HAUGHT11,0
D,DISPATCH,UNIT_SCADA,1,"2019/08/22 05:10:00",HAYMSF1,0
D,DISPATCH,UNIT_SCADA,1,"2019/08/22 05:10:00",HDWF1,39.60
D,DISPATCH,UNIT_SCADA,1,"2019/08/22 05:10:00",HDWF2,39.90
D,DISPATCH,UNIT_SCADA,1,"2019/08/22 05:10:00",HDWF3,41.20
D,DISPATCH,UNIT_SCADA,1,"2019/08/22 05:10:00",HPRG1,0
D,DISPATCH,UNIT_SCADA,1,"2019/08/22 05:10:00",HPRL1,4.10
D,DISPATCH,UNIT_SCADA,1,"2019/08/22 05:10:00",HUMENSW,0
D,DISPATCH,UNIT_SCADA,1,"2019/08/22 05:10:00",HUMEV,11.80
D,DISPATCH,UNIT_SCADA,1,"2019/08/22 05:10:00",HVGTS,0
D,DISPATCH,UNIT_SCADA,1,"2019/08/22 05:10:00",JBUTTERS,127.399990
D,DISPATCH,UNIT_SCADA,1,"2019/08/22 05:10:00",JLA01,0.50
D,DISPATCH,UNIT_SCADA,1,"2019/08/22 05:10:00",JLA02,0
D,DISPATCH,UNIT_SCADA,1,"2019/08/22 05:10:00",JLA03,0.10
D,DISPATCH,UNIT_SCADA,1,"2019/08/22 05:10:00",JLA04,0.10
D,DISPATCH,UNIT_SCADA,1,"2019/08/22 05:10:00",JLB01,0
D,DISPATCH,UNIT_SCADA,1,"2019/08/22 05:10:00",JLB02,0.10
D,DISPATCH,UNIT_SCADA,1,"2019/08/22 05:10:00",JLB03,0
D,DISPATCH,UNIT_SCADA,1,"2019/08/22 05:10:00",KAREEYA1,21.66
D,DISPATCH,UNIT_SCADA,1,"2019/08/22 05:10:00",KAREEYA2,21.6475
D,DISPATCH,UNIT_SCADA,1,"2019/08/22 05:10:00",KAREEYA3,0
D,DISPATCH,UNIT_SCADA,1,"2019/08/22 05:10:00",KAREEYA4,21.8175
D,DISPATCH,UNIT_SCADA,1,"2019/08/22 05:10:00",KARSF1,0
D,DISPATCH,UNIT_SCADA,1,"2019/08/22 05:10:00",KIATAWF1,29.70
D,DISPATCH,UNIT_SCADA,1,"2019/08/22 05:10:00",KPP_1,0
D,DISPATCH,UNIT_SCADA,1,"2019/08/22 05:10:00",KSP1,0
D,DISPATCH,UNIT_SCADA,1,"2019/08/22 05:10:00",LADBROK1,0
D,DISPATCH,UNIT_SCADA,1,"2019/08/22 05:10:00",LADBROK2,0
D,DISPATCH,UNIT_SCADA,1,"2019/08/22 05:10:00",LD01,346.5563
D,DISPATCH,UNIT_SCADA,1,"2019/08/22 05:10:00",LD02,301.8750
D,DISPATCH,UNIT_SCADA,1,"2019/08/22 05:10:00",LD03,311.699980
D,DISPATCH,UNIT_SCADA,1,"2019/08/22 05:10:00",LD04,345.693790
D,DISPATCH,UNIT_SCADA,1,"2019/08/22 05:10:00",LEM_WIL,86.1040
D,DISPATCH,UNIT_SCADA,1,"2019/08/22 05:10:00",LGAPWF1,8.62
D,DISPATCH,UNIT_SCADA,1,"2019/08/22 05:10:00",LILYSF1,0
D,DISPATCH,UNIT_SCADA,1,"2019/08/22 05:10:00",LI_WY_CA,148.519840
D,DISPATCH,UNIT_SCADA,1,"2019/08/22 05:10:00",LKBONNY2,149.899570
D,DISPATCH,UNIT_SCADA,1,"2019/08/22 05:10:00",LKBONNY3,33.939790
D,DISPATCH,UNIT_SCADA,1,"2019/08/22 05:10:00",LK_ECHO,0
D,DISPATCH,UNIT_SCADA,1,"2019/08/22 05:10:00",LNGS1,0
D,DISPATCH,UNIT_SCADA,1,"2019/08/22 05:10:00",LNGS2,0
D,DISPATCH,UNIT_SCADA,1,"2019/08/22 05:10:00",LONSDALE,0
D,DISPATCH,UNIT_SCADA,1,"2019/08/22 05:10:00",LOYYB1,534.960750
D,DISPATCH,UNIT_SCADA,1,"2019/08/22 05:10:00",LOYYB2,582.330380
D,DISPATCH,UNIT_SCADA,1,"2019/08/22 05:10:00",LYA1,545
D,DISPATCH,UNIT_SCADA,1,"2019/08/22 05:10:00",LYA2,0
D,DISPATCH,UNIT_SCADA,1,"2019/08/22 05:10:00",LYA3,543
D,DISPATCH,UNIT_SCADA,1,"2019/08/22 05:10:00",LYA4,529
D,DISPATCH,UNIT_SCADA,1,"2019/08/22 05:10:00",MACARTH1,294.293210
D,DISPATCH,UNIT_SCADA,1,"2019/08/22 05:10:00",MACKAYGT,0
D,DISPATCH,UNIT_SCADA,1,"2019/08/22 05:10:00",MACKNTSH,86.69
D,DISPATCH,UNIT_SCADA,1,"2019/08/22 05:10:00",MANSLR1,0
D,DISPATCH,UNIT_SCADA,1,"2019/08/22 05:10:00",MCKAY1,0.02
D,DISPATCH,UNIT_SCADA,1,"2019/08/22 05:10:00",MEADOWBK,33.638660
D,DISPATCH,UNIT_SCADA,1,"2019/08/22 05:10:00",MERCER01,119.833010
D,DISPATCH,UNIT_SCADA,1,"2019/08/22 05:10:00",MEWF1,68.624380
D,DISPATCH,UNIT_SCADA,1,"2019/08/22 05:10:00",MINTARO,0
D,DISPATCH,UNIT_SCADA,1,"2019/08/22 05:10:00",MOREESF1,0
D,DISPATCH,UNIT_SCADA,1,"2019/08/22 05:10:00",MORTLK11,0
D,DISPATCH,UNIT_SCADA,1,"2019/08/22 05:10:00",MORTLK12,0
D,DISPATCH,UNIT_SCADA,1,"2019/08/22 05:10:00",MP1,275.1250
D,DISPATCH,UNIT_SCADA,1,"2019/08/22 05:10:00",MP2,0
D,DISPATCH,UNIT_SCADA,1,"2019/08/22 05:10:00",MPP_1,411.25
D,DISPATCH,UNIT_SCADA,1,"2019/08/22 05:10:00",MPP_2,410.50
D,DISPATCH,UNIT_SCADA,1,"2019/08/22 05:10:00",MSTUART1,0
D,DISPATCH,UNIT_SCADA,1,"2019/08/22 05:10:00",MSTUART2,0
D,DISPATCH,UNIT_SCADA,1,"2019/08/22 05:10:00",MSTUART3,0
D,DISPATCH,UNIT_SCADA,1,"2019/08/22 05:10:00",MTGELWF1,63.811150
D,DISPATCH,UNIT_SCADA,1,"2019/08/22 05:10:00",MURRAY,0
D,DISPATCH,UNIT_SCADA,1,"2019/08/22 05:10:00",MUSSELR1,143
D,DISPATCH,UNIT_SCADA,1,"2019/08/22 05:10:00",MUWAWF1,53.50
D,DISPATCH,UNIT_SCADA,1,"2019/08/22 05:10:00",NBHWF1,106
D,DISPATCH,UNIT_SCADA,1,"2019/08/22 05:10:00",NPS,0
D,DISPATCH,UNIT_SCADA,1,"2019/08/22 05:10:00",NUMURSF1,0
D,DISPATCH,UNIT_SCADA,1,"2019/08/22 05:10:00",NYNGAN1,0
D,DISPATCH,UNIT_SCADA,1,"2019/08/22 05:10:00",OAKEY1,0
D,DISPATCH,UNIT_SCADA,1,"2019/08/22 05:10:00",OAKEY1SF,0
D,DISPATCH,UNIT_SCADA,1,"2019/08/22 05:10:00",OAKEY2,0
D,DISPATCH,UNIT_SCADA,1,"2019/08/22 05:10:00",OAKLAND1,62.90
D,DISPATCH,UNIT_SCADA,1,"2019/08/22 05:10:00",OSB-AG,0
D,DISPATCH,UNIT_SCADA,1,"2019/08/22 05:10:00",PARSF1,0
D,DISPATCH,UNIT_SCADA,1,"2019/08/22 05:10:00",POAT110,0
D,DISPATCH,UNIT_SCADA,1,"2019/08/22 05:10:00",POAT220,5.70
D,DISPATCH,UNIT_SCADA,1,"2019/08/22 05:10:00",POR01,0
D,DISPATCH,UNIT_SCADA,1,"2019/08/22 05:10:00",POR03,0
D,DISPATCH,UNIT_SCADA,1,"2019/08/22 05:10:00",PPCCGT,180.934360
D,DISPATCH,UNIT_SCADA,1,"2019/08/22 05:10:00",PTSTAN1,0
D,DISPATCH,UNIT_SCADA,1,"2019/08/22 05:10:00",PUMP1,0
D,DISPATCH,UNIT_SCADA,1,"2019/08/22 05:10:00",PUMP2,0
D,DISPATCH,UNIT_SCADA,1,"2019/08/22 05:10:00",QPS1,0
D,DISPATCH,UNIT_SCADA,1,"2019/08/22 05:10:00",QPS2,0
D,DISPATCH,UNIT_SCADA,1,"2019/08/22 05:10:00",QPS3,0
D,DISPATCH,UNIT_SCADA,1,"2019/08/22 05:10:00",QPS4,0
D,DISPATCH,UNIT_SCADA,1,"2019/08/22 05:10:00",QPS5,0
D,DISPATCH,UNIT_SCADA,1,"2019/08/22 05:10:00",REECE1,120.030010
D,DISPATCH,UNIT_SCADA,1,"2019/08/22 05:10:00",REECE2,118.980010
D,DISPATCH,UNIT_SCADA,1,"2019/08/22 05:10:00",ROMA_7,0
D,DISPATCH,UNIT_SCADA,1,"2019/08/22 05:10:00",ROMA_8,0
D,DISPATCH,UNIT_SCADA,1,"2019/08/22 05:10:00",RRSF1,0
D,DISPATCH,UNIT_SCADA,1,"2019/08/22 05:10:00",RT_NSW1,0
D,DISPATCH,UNIT_SCADA,1,"2019/08/22 05:10:00",RT_NSW2,0
D,DISPATCH,UNIT_SCADA,1,"2019/08/22 05:10:00",RT_NSW3,0
D,DISPATCH,UNIT_SCADA,1,"2019/08/22 05:10:00",RT_NSW4,0
D,DISPATCH,UNIT_SCADA,1,"2019/08/22 05:10:00",RT_NSW5,0
D,DISPATCH,UNIT_SCADA,1,"2019/08/22 05:10:00",RT_NSW6,0
D,DISPATCH,UNIT_SCADA,1,"2019/08/22 05:10:00",RT_QLD1,0
D,DISPATCH,UNIT_SCADA,1,"2019/08/22 05:10:00",RT_SA1,0
D,DISPATCH,UNIT_SCADA,1,"2019/08/22 05:10:00",RT_SA2,0
D,DISPATCH,UNIT_SCADA,1,"2019/08/22 05:10:00",RT_SA3,0
D,DISPATCH,UNIT_SCADA,1,"2019/08/22 05:10:00",RT_SA4,0
D,DISPATCH,UNIT_SCADA,1,"2019/08/22 05:10:00",RT_SA5,0
D,DISPATCH,UNIT_SCADA,1,"2019/08/22 05:10:00",RT_SA6,0
D,DISPATCH,UNIT_SCADA,1,"2019/08/22 05:10:00",RT_TAS1,0
D,DISPATCH,UNIT_SCADA,1,"2019/08/22 05:10:00",RT_VIC1,0
D,DISPATCH,UNIT_SCADA,1,"2019/08/22 05:10:00",RT_VIC10,0
D,DISPATCH,UNIT_SCADA,1,"2019/08/22 05:10:00",RT_VIC11,0
D,DISPATCH,UNIT_SCADA,1,"2019/08/22 05:10:00",RT_VIC12,0
D,DISPATCH,UNIT_SCADA,1,"2019/08/22 05:10:00",RT_VIC2,0
D,DISPATCH,UNIT_SCADA,1,"2019/08/22 05:10:00",RT_VIC3,0
D,DISPATCH,UNIT_SCADA,1,"2019/08/22 05:10:00",RT_VIC4,0
D,DISPATCH,UNIT_SCADA,1,"2019/08/22 05:10:00",RT_VIC5,0
D,DISPATCH,UNIT_SCADA,1,"2019/08/22 05:10:00",RT_VIC6,0
D,DISPATCH,UNIT_SCADA,1,"2019/08/22 05:10:00",RT_VIC7,0
D,DISPATCH,UNIT_SCADA,1,"2019/08/22 05:10:00",RT_VIC8,0
D,DISPATCH,UNIT_SCADA,1,"2019/08/22 05:10:00",RT_VIC9,0
D,DISPATCH,UNIT_SCADA,1,"2019/08/22 05:10:00",RUGBYR1,0
D,DISPATCH,UNIT_SCADA,1,"2019/08/22 05:10:00",SALTCRK1,47.53
D,DISPATCH,UNIT_SCADA,1,"2019/08/22 05:10:00",SAPHWF1,221.859380
D,DISPATCH,UNIT_SCADA,1,"2019/08/22 05:10:00",SHGEN,0
D,DISPATCH,UNIT_SCADA,1,"2019/08/22 05:10:00",SHPUMP,122.473430
D,DISPATCH,UNIT_SCADA,1,"2019/08/22 05:10:00",SITHE01,0.123710
D,DISPATCH,UNIT_SCADA,1,"2019/08/22 05:10:00",SMCSF1,0
D,DISPATCH,UNIT_SCADA,1,"2019/08/22 05:10:00",SNOWNTH1,27.70
D,DISPATCH,UNIT_SCADA,1,"2019/08/22 05:10:00",SNOWSTH1,24.70
D,DISPATCH,UNIT_SCADA,1,"2019/08/22 05:10:00",SNOWTWN1,21.940510
D,DISPATCH,UNIT_SCADA,1,"2019/08/22 05:10:00",SNOWYP,191.30
D,DISPATCH,UNIT_SCADA,1,"2019/08/22 05:10:00",SNUG1,0.019440
D,DISPATCH,UNIT_SCADA,1,"2019/08/22 05:10:00",SRSF1,0.44
D,DISPATCH,UNIT_SCADA,1,"2019/08/22 05:10:00",STAN-1,0
D,DISPATCH,UNIT_SCADA,1,"2019/08/22 05:10:00",STAN-2,189.126630
D,DISPATCH,UNIT_SCADA,1,"2019/08/22 05:10:00",STAN-3,227.6954
D,DISPATCH,UNIT_SCADA,1,"2019/08/22 05:10:00",STAN-4,188.998460
D,DISPATCH,UNIT_SCADA,1,"2019/08/22 05:10:00",STWF1,171.461240
D,DISPATCH,UNIT_SCADA,1,"2019/08/22 05:10:00",SWAN_E,0
D,DISPATCH,UNIT_SCADA,1,"2019/08/22 05:10:00",TALWA1,247
D,DISPATCH,UNIT_SCADA,1,"2019/08/22 05:10:00",TARALGA1,81.060010
D,DISPATCH,UNIT_SCADA,1,"2019/08/22 05:10:00",TARONG#1,289.100010
D,DISPATCH,UNIT_SCADA,1,"2019/08/22 05:10:00",TARONG#2,235
D,DISPATCH,UNIT_SCADA,1,"2019/08/22 05:10:00",TARONG#3,261.300020
D,DISPATCH,UNIT_SCADA,1,"2019/08/22 05:10:00",TARONG#4,280
D,DISPATCH,UNIT_SCADA,1,"2019/08/22 05:10:00",TARRALEA,84.10
D,DISPATCH,UNIT_SCADA,1,"2019/08/22 05:10:00",TBSF1,-0.20
D,DISPATCH,UNIT_SCADA,1,"2019/08/22 05:10:00",TNPS1,290.800020
D,DISPATCH,UNIT_SCADA,1,"2019/08/22 05:10:00",TORRA1,45.2017
D,DISPATCH,UNIT_SCADA,1,"2019/08/22 05:10:00",TORRA2,0
D,DISPATCH,UNIT_SCADA,1,"2019/08/22 05:10:00",TORRA3,15
D,DISPATCH,UNIT_SCADA,1,"2019/08/22 05:10:00",TORRA4,0
D,DISPATCH,UNIT_SCADA,1,"2019/08/22 05:10:00",TORRB1,40.15
D,DISPATCH,UNIT_SCADA,1,"2019/08/22 05:10:00",TORRB2,39.55
D,DISPATCH,UNIT_SCADA,1,"2019/08/22 05:10:00",TORRB3,0
D,DISPATCH,UNIT_SCADA,1,"2019/08/22 05:10:00",TORRB4,0
D,DISPATCH,UNIT_SCADA,1,"2019/08/22 05:10:00",TREVALLN,1.20
D,DISPATCH,UNIT_SCADA,1,"2019/08/22 05:10:00",TRIBUTE,45.69
D,DISPATCH,UNIT_SCADA,1,"2019/08/22 05:10:00",TUMUT3,0
D,DISPATCH,UNIT_SCADA,1,"2019/08/22 05:10:00",TUNGATIN,18.20
D,DISPATCH,UNIT_SCADA,1,"2019/08/22 05:10:00",TVCC201,0
D,DISPATCH,UNIT_SCADA,1,"2019/08/22 05:10:00",TVPP104,0
D,DISPATCH,UNIT_SCADA,1,"2019/08/22 05:10:00",UPPTUMUT,0
D,DISPATCH,UNIT_SCADA,1,"2019/08/22 05:10:00",URANQ11,0
D,DISPATCH,UNIT_SCADA,1,"2019/08/22 05:10:00",URANQ12,0
D,DISPATCH,UNIT_SCADA,1,"2019/08/22 05:10:00",URANQ13,0
D,DISPATCH,UNIT_SCADA,1,"2019/08/22 05:10:00",URANQ14,0
D,DISPATCH,UNIT_SCADA,1,"2019/08/22 05:10:00",VP5,294.1250
D,DISPATCH,UNIT_SCADA,1,"2019/08/22 05:10:00",VP6,265.475010
D,DISPATCH,UNIT_SCADA,1,"2019/08/22 05:10:00",VPGS1,0
D,DISPATCH,UNIT_SCADA,1,"2019/08/22 05:10:00",VPGS2,0
D,DISPATCH,UNIT_SCADA,1,"2019/08/22 05:10:00",VPGS3,0
D,DISPATCH,UNIT_SCADA,1,"2019/08/22 05:10:00",VPGS4,0
D,DISPATCH,UNIT_SCADA,1,"2019/08/22 05:10:00",VPGS5,0
D,DISPATCH,UNIT_SCADA,1,"2019/08/22 05:10:00",VPGS6,0
D,DISPATCH,UNIT_SCADA,1,"2019/08/22 05:10:00",W/HOE#1,0
D,DISPATCH,UNIT_SCADA,1,"2019/08/22 05:10:00",W/HOE#2,0
D,DISPATCH,UNIT_SCADA,1,"2019/08/22 05:10:00",WATERLWF,106.60
D,DISPATCH,UNIT_SCADA,1,"2019/08/22 05:10:00",WEMENSF1,0
D,DISPATCH,UNIT_SCADA,1,"2019/08/22 05:10:00",WGWF1,93.90
D,DISPATCH,UNIT_SCADA,1,"2019/08/22 05:10:00",WHITSF1,0
D,DISPATCH,UNIT_SCADA,1,"2019/08/22 05:10:00",WKIEWA1,17.10
D,DISPATCH,UNIT_SCADA,1,"2019/08/22 05:10:00",WKIEWA2,17.20
D,DISPATCH,UNIT_SCADA,1,"2019/08/22 05:10:00",WOODLWN1,43.20
D,DISPATCH,UNIT_SCADA,1,"2019/08/22 05:10:00",WRSF1,0
D,DISPATCH,UNIT_SCADA,1,"2019/08/22 05:10:00",WRWF1,160.758740
D,DISPATCH,UNIT_SCADA,1,"2019/08/22 05:10:00",YABULU,0
D,DISPATCH,UNIT_SCADA,1,"2019/08/22 05:10:00",YABULU2,0
D,DISPATCH,UNIT_SCADA,1,"2019/08/22 05:10:00",YARWUN_1,0
D,DISPATCH,UNIT_SCADA,1,"2019/08/22 05:10:00",YENDWF1,42.02
D,DISPATCH,UNIT_SCADA,1,"2019/08/22 05:10:00",YWPS1,298.243040
D,DISPATCH,UNIT_SCADA,1,"2019/08/22 05:10:00",YWPS2,280.448090
D,DISPATCH,UNIT_SCADA,1,"2019/08/22 05:10:00",YWPS3,0
D,DISPATCH,UNIT_SCADA,1,"2019/08/22 05:10:00",YWPS4,398.343050
C,"END OF REPORT",334
