C,NEMP.WORLD,DISPATCHSCADA,AEMO,PUBLIC,2019/08/22,20:20:07,0000000311881072,DISPATCHSCADA,0000000311881066
I,DISPATCH,UNIT_SCADA,1,SETTLEMENTDATE,DUID,SCADAVALUE
D,DISPATCH,UNIT_SCADA,1,"2019/08/22 20:25:00",BARCSF1,0.40
D,DISPATCH,UNIT_SCADA,1,"2019/08/22 20:25:00",BUTLERSG,9.699999
D,DISPATCH,UNIT_SCADA,1,"2019/08/22 20:25:00",CALL_A_4,0
D,DISPATCH,UNIT_SCADA,1,"2019/08/22 20:25:00",CAPTL_WF,62.452003
D,DISPATCH,UNIT_SCADA,1,"2019/08/22 20:25:00",CATHROCK,2.27
D,DISPATCH,UNIT_SCADA,1,"2019/08/22 20:25:00",CHALLHWF,4.70
D,DISPATCH,UNIT_SCADA,1,"2019/08/22 20:25:00",CLOVER,-0.01
D,DISPATCH,UNIT_SCADA,1,"2019/08/22 20:25:00",CLUNY,20.173494
D,DISPATCH,UNIT_SCADA,1,"2019/08/22 20:25:00",CNUNDAWF,0.500584
D,DISPATCH,UNIT_SCADA,1,"2019/08/22 20:25:00",CULLRGWF,5.60
D,DISPATCH,UNIT_SCADA,1,"2019/08/22 20:25:00",ERGT01,0
D,DISPATCH,UNIT_SCADA,1,"2019/08/22 20:25:00",GB01,0.068310
D,DISPATCH,UNIT_SCADA,1,"2019/08/22 20:25:00",GERMCRK,34.200001
D,DISPATCH,UNIT_SCADA,1,"2019/08/22 20:25:00",GRIFSF1,0
D,DISPATCH,UNIT_SCADA,1,"2019/08/22 20:25:00",HUGSF1,-0.2070
D,DISPATCH,UNIT_SCADA,1,"2019/08/22 20:25:00",LKBONNY1,1.607569
D,DISPATCH,UNIT_SCADA,1,"2019/08/22 20:25:00",LRSF1,-0.0180
D,DISPATCH,UNIT_SCADA,1,"2019/08/22 20:25:00",MBAHNTH,45.693756
D,DISPATCH,UNIT_SCADA,1,"2019/08/22 20:25:00",MLSP1,0.180001
D,DISPATCH,UNIT_SCADA,1,"2019/08/22 20:25:00",MLWF1,1.7250
D,DISPATCH,UNIT_SCADA,1,"2019/08/22 20:25:00",MTMILLAR,4.754998
D,DISPATCH,UNIT_SCADA,1,"2019/08/22 20:25:00",PALOONA,28.65
D,DISPATCH,UNIT_SCADA,1,"2019/08/22 20:25:00",PIONEER,47
D,DISPATCH,UNIT_SCADA,1,"2019/08/22 20:25:00",PORTWF,-0.60
D,DISPATCH,UNIT_SCADA,1,"2019/08/22 20:25:00",REPULSE,29.012283
D,DISPATCH,UNIT_SCADA,1,"2019/08/22 20:25:00",ROWALLAN,10.2737
D,DISPATCH,UNIT_SCADA,1,"2019/08/22 20:25:00",ROYALLA1,0
D,DISPATCH,UNIT_SCADA,1,"2019/08/22 20:25:00",RPCG,11.30
D,DISPATCH,UNIT_SCADA,1,"2019/08/22 20:25:00",RUBICON,0
D,DISPATCH,UNIT_SCADA,1,"2019/08/22 20:25:00",SATGN1,0
D,DISPATCH,UNIT_SCADA,1,"2019/08/22 20:25:00",SATGS1,0
D,DISPATCH,UNIT_SCADA,1,"2019/08/22 20:25:00",STARHLWF,-0.099971
D,DISPATCH,UNIT_SCADA,1,"2019/08/22 20:25:00",WAUBRAWF,79.207001
D,DISPATCH,UNIT_SCADA,1,"2019/08/22 20:25:00",WOOLNTH1,49.380016
D,DISPATCH,UNIT_SCADA,1,"2019/08/22 20:25:00",WPWF,0
D,DISPATCH,UNIT_SCADA,1,"2019/08/22 20:25:00",YAMBUKWF,1.40
D,DISPATCH,UNIT_SCADA,1,"2019/08/22 20:25:00",YSWF1,3.70
D,DISPATCH,UNIT_SCADA,1,"2019/08/22 20:25:00",AGLHAL,65.073090
D,DISPATCH,UNIT_SCADA,1,"2019/08/22 20:25:00",AGLSOM,81.50
D,DISPATCH,UNIT_SCADA,1,"2019/08/22 20:25:00",ANGAST1,0
D,DISPATCH,UNIT_SCADA,1,"2019/08/22 20:25:00",ARWF1,63.50
D,DISPATCH,UNIT_SCADA,1,"2019/08/22 20:25:00",BALBG1,0
D,DISPATCH,UNIT_SCADA,1,"2019/08/22 20:25:00",BALBL1,0
D,DISPATCH,UNIT_SCADA,1,"2019/08/22 20:25:00",BALDHWF1,53.0810
D,DISPATCH,UNIT_SCADA,1,"2019/08/22 20:25:00",BANN1,0
D,DISPATCH,UNIT_SCADA,1,"2019/08/22 20:25:00",BARCALDN,0
D,DISPATCH,UNIT_SCADA,1,"2019/08/22 20:25:00",BARRON-1,0
D,DISPATCH,UNIT_SCADA,1,"2019/08/22 20:25:00",BARRON-2,28.40
D,DISPATCH,UNIT_SCADA,1,"2019/08/22 20:25:00",BASTYAN,77.280010
D,DISPATCH,UNIT_SCADA,1,"2019/08/22 20:25:00",BBTHREE1,-2.17
D,DISPATCH,UNIT_SCADA,1,"2019/08/22 20:25:00",BBTHREE2,-2.18
D,DISPATCH,UNIT_SCADA,1,"2019/08/22 20:25:00",BBTHREE3,-1.25
D,DISPATCH,UNIT_SCADA,1,"2019/08/22 20:25:00",BDL01,42.90
D,DISPATCH,UNIT_SCADA,1,"2019/08/22 20:25:00",BDL02,44.64
D,DISPATCH,UNIT_SCADA,1,"2019/08/22 20:25:00",BERYLSF1,-0.179440
D,DISPATCH,UNIT_SCADA,1,"2019/08/22 20:25:00",BLOWERNG,0
D,DISPATCH,UNIT_SCADA,1,"2019/08/22 20:25:00",BLUFF1,-0.10
D,DISPATCH,UNIT_SCADA,1,"2019/08/22 20:25:00",BNGSF1,0
D,DISPATCH,UNIT_SCADA,1,"2019/08/22 20:25:00",BNGSF2,0
D,DISPATCH,UNIT_SCADA,1,"2019/08/22 20:25:00",BOCORWF1,41.85
D,DISPATCH,UNIT_SCADA,1,"2019/08/22 20:25:00",BODWF1,72.741840
D,DISPATCH,UNIT_SCADA,1,"2019/08/22 20:25:00",BRAEMAR1,158.400010
D,DISPATCH,UNIT_SCADA,1,"2019/08/22 20:25:00",BRAEMAR2,172.80
D,DISPATCH,UNIT_SCADA,1,"2019/08/22 20:25:00",BRAEMAR3,171.600010
D,DISPATCH,UNIT_SCADA,1,"2019/08/22 20:25:00",BRAEMAR5,0
D,DISPATCH,UNIT_SCADA,1,"2019/08/22 20:25:00",BRAEMAR6,159.605210
D,DISPATCH,UNIT_SCADA,1,"2019/08/22 20:25:00",BRAEMAR7,160.431030
D,DISPATCH,UNIT_SCADA,1,"2019/08/22 20:25:00",BROKENH1,0
D,DISPATCH,UNIT_SCADA,1,"2019/08/22 20:25:00",BW01,656.074950
D,DISPATCH,UNIT_SCADA,1,"2019/08/22 20:25:00",BW02,656.050050
D,DISPATCH,UNIT_SCADA,1,"2019/08/22 20:25:00",BW03,658.650020
D,DISPATCH,UNIT_SCADA,1,"2019/08/22 20:25:00",BW04,0
D,DISPATCH,UNIT_SCADA,1,"2019/08/22 20:25:00",CALL_B_1,108.20
D,DISPATCH,UNIT_SCADA,1,"2019/08/22 20:25:00",CALL_B_2,349.50
D,DISPATCH,UNIT_SCADA,1,"2019/08/22 20:25:00",CETHANA,97.106750
D,DISPATCH,UNIT_SCADA,1,"2019/08/22 20:25:00",CG1,0
D,DISPATCH,UNIT_SCADA,1,"2019/08/22 20:25:00",CG2,0
D,DISPATCH,UNIT_SCADA,1,"2019/08/22 20:25:00",CG3,0
D,DISPATCH,UNIT_SCADA,1,"2019/08/22 20:25:00",CG4,0
D,DISPATCH,UNIT_SCADA,1,"2019/08/22 20:25:00",CHILDSF1,0
D,DISPATCH,UNIT_SCADA,1,"2019/08/22 20:25:00",CLARESF1,0
D,DISPATCH,UNIT_SCADA,1,"2019/08/22 20:25:00",CLEMGPWF,-0.144070
D,DISPATCH,UNIT_SCADA,1,"2019/08/22 20:25:00",CLERMSF1,0
D,DISPATCH,UNIT_SCADA,1,"2019/08/22 20:25:00",COLEASF1,0
D,DISPATCH,UNIT_SCADA,1,"2019/08/22 20:25:00",COOPGWF1,26.302470
D,DISPATCH,UNIT_SCADA,1,"2019/08/22 20:25:00",CPP_3,405.6250
D,DISPATCH,UNIT_SCADA,1,"2019/08/22 20:25:00",CPP_4,404.800020
D,DISPATCH,UNIT_SCADA,1,"2019/08/22 20:25:00",CPSA,142.186250
D,DISPATCH,UNIT_SCADA,1,"2019/08/22 20:25:00",CROOKWF2,2.126250
D,DISPATCH,UNIT_SCADA,1,"2019/08/22 20:25:00",CROWLWF1,16.530430
D,DISPATCH,UNIT_SCADA,1,"2019/08/22 20:25:00",CSPVPS1,0
D,DISPATCH,UNIT_SCADA,1,"2019/08/22 20:25:00",DALNTH01,0
D,DISPATCH,UNIT_SCADA,1,"2019/08/22 20:25:00",DALNTHL1,0.117490
D,DISPATCH,UNIT_SCADA,1,"2019/08/22 20:25:00",DARTM1,132.50
D,DISPATCH,UNIT_SCADA,1,"2019/08/22 20:25:00",DAYDSF1,0
D,DISPATCH,UNIT_SCADA,1,"2019/08/22 20:25:00",DDPS1,629.338750
D,DISPATCH,UNIT_SCADA,1,"2019/08/22 20:25:00",DDSF1,0
D,DISPATCH,UNIT_SCADA,1,"2019/08/22 20:25:00",DEVILS_G,0
D,DISPATCH,UNIT_SCADA,1,"2019/08/22 20:25:00",DG_NSW1,0
D,DISPATCH,UNIT_SCADA,1,"2019/08/22 20:25:00",DG_QLD1,0
D,DISPATCH,UNIT_SCADA,1,"2019/08/22 20:25:00",DG_SA1,0
D,DISPATCH,UNIT_SCADA,1,"2019/08/22 20:25:00",DG_TAS1,0
D,DISPATCH,UNIT_SCADA,1,"2019/08/22 20:25:00",DG_VIC1,0
D,DISPATCH,UNIT_SCADA,1,"2019/08/22 20:25:00",DRYCGT1,0
D,DISPATCH,UNIT_SCADA,1,"2019/08/22 20:25:00",DRYCGT2,0
D,DISPATCH,UNIT_SCADA,1,"2019/08/22 20:25:00",DRYCGT3,0
D,DISPATCH,UNIT_SCADA,1,"2019/08/22 20:25:00",EILDON1,0
D,DISPATCH,UNIT_SCADA,1,"2019/08/22 20:25:00",EILDON2,37.16
D,DISPATCH,UNIT_SCADA,1,"2019/08/22 20:25:00",EMERASF1,0
D,DISPATCH,UNIT_SCADA,1,"2019/08/22 20:25:00",ER01,593.400020
D,DISPATCH,UNIT_SCADA,1,"2019/08/22 20:25:00",ER02,698.400020
D,DISPATCH,UNIT_SCADA,1,"2019/08/22 20:25:00",ER03,698.724980
D,DISPATCH,UNIT_SCADA,1,"2019/08/22 20:25:00",ER04,699.474980
D,DISPATCH,UNIT_SCADA,1,"2019/08/22 20:25:00",FINLYSF1,0
D,DISPATCH,UNIT_SCADA,1,"2019/08/22 20:25:00",FISHER,45.76
D,DISPATCH,UNIT_SCADA,1,"2019/08/22 20:25:00",GANNBG1,0.0023
D,DISPATCH,UNIT_SCADA,1,"2019/08/22 20:25:00",GANNBL1,0
D,DISPATCH,UNIT_SCADA,1,"2019/08/22 20:25:00",GANNSF1,0
D,DISPATCH,UNIT_SCADA,1,"2019/08/22 20:25:00",GORDON,109.9588
D,DISPATCH,UNIT_SCADA,1,"2019/08/22 20:25:00",GSTONE1,258.824980
D,DISPATCH,UNIT_SCADA,1,"2019/08/22 20:25:00",GSTONE2,230.1250
D,DISPATCH,UNIT_SCADA,1,"2019/08/22 20:25:00",GSTONE3,249.899990
D,DISPATCH,UNIT_SCADA,1,"2019/08/22 20:25:00",GSTONE4,254.274990
D,DISPATCH,UNIT_SCADA,1,"2019/08/22 20:25:00",GSTONE5,259
D,DISPATCH,UNIT_SCADA,1,"2019/08/22 20:25:00",GSTONE6,0
D,DISPATCH,UNIT_SCADA,1,"2019/08/22 20:25:00",GULLRSF1,0
D,DISPATCH,UNIT_SCADA,1,"2019/08/22 20:25:00",GULLRWF1,21.3497
D,DISPATCH,UNIT_SCADA,1,"2019/08/22 20:25:00",GUNNING1,1.845150
D,DISPATCH,UNIT_SCADA,1,"2019/08/22 20:25:00",GUTHEGA,30.80
D,DISPATCH,UNIT_SCADA,1,"2019/08/22 20:25:00",HALLWF1,0.68
D,DISPATCH,UNIT_SCADA,1,"2019/08/22 20:25:00",HALLWF2,-0.43
D,DISPATCH,UNIT_SCADA,1,"2019/08/22 20:25:00",HAMISF1,0
D,DISPATCH,UNIT_SCADA,1,"2019/08/22 20:25:00",HAUGHT11,0
D,DISPATCH,UNIT_SCADA,1,"2019/08/22 20:25:00",HAYMSF1,0
D,DISPATCH,UNIT_SCADA,1,"2019/08/22 20:25:00",HDWF1,13.50
D,DISPATCH,UNIT_SCADA,1,"2019/08/22 20:25:00",HDWF2,9.50
D,DISPATCH,UNIT_SCADA,1,"2019/08/22 20:25:00",HDWF3,9.10
D,DISPATCH,UNIT_SCADA,1,"2019/08/22 20:25:00",HPRG1,0.40
D,DISPATCH,UNIT_SCADA,1,"2019/08/22 20:25:00",HPRL1,0
D,DISPATCH,UNIT_SCADA,1,"2019/08/22 20:25:00",HUMENSW,0
D,DISPATCH,UNIT_SCADA,1,"2019/08/22 20:25:00",HUMEV,8.70
D,DISPATCH,UNIT_SCADA,1,"2019/08/22 20:25:00",HVGTS,0
D,DISPATCH,UNIT_SCADA,1,"2019/08/22 20:25:00",JBUTTERS,137.899990
D,DISPATCH,UNIT_SCADA,1,"2019/08/22 20:25:00",JLA01,53.70
D,DISPATCH,UNIT_SCADA,1,"2019/08/22 20:25:00",JLA02,54.20
D,DISPATCH,UNIT_SCADA,1,"2019/08/22 20:25:00",JLA03,0.10
D,DISPATCH,UNIT_SCADA,1,"2019/08/22 20:25:00",JLA04,0.10
D,DISPATCH,UNIT_SCADA,1,"2019/08/22 20:25:00",JLB01,0
D,DISPATCH,UNIT_SCADA,1,"2019/08/22 20:25:00",JLB02,83.80
D,DISPATCH,UNIT_SCADA,1,"2019/08/22 20:25:00",JLB03,83.60
D,DISPATCH,UNIT_SCADA,1,"2019/08/22 20:25:00",KAREEYA1,21.5075
D,DISPATCH,UNIT_SCADA,1,"2019/08/22 20:25:00",KAREEYA2,21.7350
D,DISPATCH,UNIT_SCADA,1,"2019/08/22 20:25:00",KAREEYA3,0
D,DISPATCH,UNIT_SCADA,1,"2019/08/22 20:25:00",KAREEYA4,21.6850
D,DISPATCH,UNIT_SCADA,1,"2019/08/22 20:25:00",KARSF1,0
D,DISPATCH,UNIT_SCADA,1,"2019/08/22 20:25:00",KIATAWF1,9
D,DISPATCH,UNIT_SCADA,1,"2019/08/22 20:25:00",KPP_1,0
D,DISPATCH,UNIT_SCADA,1,"2019/08/22 20:25:00",KSP1,0
D,DISPATCH,UNIT_SCADA,1,"2019/08/22 20:25:00",LADBROK1,42.82
D,DISPATCH,UNIT_SCADA,1,"2019/08/22 20:25:00",LADBROK2,42.72
D,DISPATCH,UNIT_SCADA,1,"2019/08/22 20:25:00",LD01,415.162450
D,DISPATCH,UNIT_SCADA,1,"2019/08/22 20:25:00",LD02,417.318790
D,DISPATCH,UNIT_SCADA,1,"2019/08/22 20:25:00",LD03,416.456180
D,DISPATCH,UNIT_SCADA,1,"2019/08/22 20:25:00",LD04,375.918730
D,DISPATCH,UNIT_SCADA,1,"2019/08/22 20:25:00",LEM_WIL,86.061140
D,DISPATCH,UNIT_SCADA,1,"2019/08/22 20:25:00",LGAPWF1,11.46
D,DISPATCH,UNIT_SCADA,1,"2019/08/22 20:25:00",LILYSF1,0
D,DISPATCH,UNIT_SCADA,1,"2019/08/22 20:25:00",LI_WY_CA,148.704040
D,DISPATCH,UNIT_SCADA,1,"2019/08/22 20:25:00",LKBONNY2,0.753490
D,DISPATCH,UNIT_SCADA,1,"2019/08/22 20:25:00",LKBONNY3,0.781510
D,DISPATCH,UNIT_SCADA,1,"2019/08/22 20:25:00",LK_ECHO,0
D,DISPATCH,UNIT_SCADA,1,"2019/08/22 20:25:00",LNGS1,0
D,DISPATCH,UNIT_SCADA,1,"2019/08/22 20:25:00",LNGS2,0
D,DISPATCH,UNIT_SCADA,1,"2019/08/22 20:25:00",LONSDALE,0
D,DISPATCH,UNIT_SCADA,1,"2019/08/22 20:25:00",LOYYB1,534.584840
D,DISPATCH,UNIT_SCADA,1,"2019/08/22 20:25:00",LOYYB2,582.7063
D,DISPATCH,UNIT_SCADA,1,"2019/08/22 20:25:00",LYA1,560
D,DISPATCH,UNIT_SCADA,1,"2019/08/22 20:25:00",LYA2,0
D,DISPATCH,UNIT_SCADA,1,"2019/08/22 20:25:00",LYA3,560
D,DISPATCH,UNIT_SCADA,1,"2019/08/22 20:25:00",LYA4,540
D,DISPATCH,UNIT_SCADA,1,"2019/08/22 20:25:00",MACARTH1,0
D,DISPATCH,UNIT_SCADA,1,"2019/08/22 20:25:00",MACKAYGT,0
D,DISPATCH,UNIT_SCADA,1,"2019/08/22 20:25:00",MACKNTSH,85.970010
D,DISPATCH,UNIT_SCADA,1,"2019/08/22 20:25:00",MANSLR1,0
D,DISPATCH,UNIT_SCADA,1,"2019/08/22 20:25:00",MCKAY1,117.344990
D,DISPATCH,UNIT_SCADA,1,"2019/08/22 20:25:00",MEADOWBK,33.810140
D,DISPATCH,UNIT_SCADA,1,"2019/08/22 20:25:00",MERCER01,6.1630
D,DISPATCH,UNIT_SCADA,1,"2019/08/22 20:25:00",MEWF1,0.629150
D,DISPATCH,UNIT_SCADA,1,"2019/08/22 20:25:00",MINTARO,0
D,DISPATCH,UNIT_SCADA,1,"2019/08/22 20:25:00",MOREESF1,0
D,DISPATCH,UNIT_SCADA,1,"2019/08/22 20:25:00",MORTLK11,259
D,DISPATCH,UNIT_SCADA,1,"2019/08/22 20:25:00",MORTLK12,0
D,DISPATCH,UNIT_SCADA,1,"2019/08/22 20:25:00",MP1,278.075070
D,DISPATCH,UNIT_SCADA,1,"2019/08/22 20:25:00",MP2,0
D,DISPATCH,UNIT_SCADA,1,"2019/08/22 20:25:00",MPP_1,409.75
D,DISPATCH,UNIT_SCADA,1,"2019/08/22 20:25:00",MPP_2,423.25
D,DISPATCH,UNIT_SCADA,1,"2019/08/22 20:25:00",MSTUART1,0
D,DISPATCH,UNIT_SCADA,1,"2019/08/22 20:25:00",MSTUART2,0
D,DISPATCH,UNIT_SCADA,1,"2019/08/22 20:25:00",MSTUART3,0
D,DISPATCH,UNIT_SCADA,1,"2019/08/22 20:25:00",MTGELWF1,5.259870
D,DISPATCH,UNIT_SCADA,1,"2019/08/22 20:25:00",MURRAY,903.965030
D,DISPATCH,UNIT_SCADA,1,"2019/08/22 20:25:00",MUSSELR1,18
D,DISPATCH,UNIT_SCADA,1,"2019/08/22 20:25:00",MUWAWF1,9.03
D,DISPATCH,UNIT_SCADA,1,"2019/08/22 20:25:00",NBHWF1,0
D,DISPATCH,UNIT_SCADA,1,"2019/08/22 20:25:00",NPS,511.1250
D,DISPATCH,UNIT_SCADA,1,"2019/08/22 20:25:00",NUMURSF1,0
D,DISPATCH,UNIT_SCADA,1,"2019/08/22 20:25:00",NYNGAN1,0
D,DISPATCH,UNIT_SCADA,1,"2019/08/22 20:25:00",OAKEY1,0
D,DISPATCH,UNIT_SCADA,1,"2019/08/22 20:25:00",OAKEY1SF,0.02
D,DISPATCH,UNIT_SCADA,1,"2019/08/22 20:25:00",OAKEY2,0
D,DISPATCH,UNIT_SCADA,1,"2019/08/22 20:25:00",OAKLAND1,9.60
D,DISPATCH,UNIT_SCADA,1,"2019/08/22 20:25:00",OSB-AG,183.55
D,DISPATCH,UNIT_SCADA,1,"2019/08/22 20:25:00",PARSF1,0
D,DISPATCH,UNIT_SCADA,1,"2019/08/22 20:25:00",POAT110,35.278480
D,DISPATCH,UNIT_SCADA,1,"2019/08/22 20:25:00",POAT220,140.369050
D,DISPATCH,UNIT_SCADA,1,"2019/08/22 20:25:00",POR01,0
D,DISPATCH,UNIT_SCADA,1,"2019/08/22 20:25:00",POR03,0
D,DISPATCH,UNIT_SCADA,1,"2019/08/22 20:25:00",PPCCGT,492.998050
D,DISPATCH,UNIT_SCADA,1,"2019/08/22 20:25:00",PTSTAN1,0
D,DISPATCH,UNIT_SCADA,1,"2019/08/22 20:25:00",PUMP1,0
D,DISPATCH,UNIT_SCADA,1,"2019/08/22 20:25:00",PUMP2,0
D,DISPATCH,UNIT_SCADA,1,"2019/08/22 20:25:00",QPS1,29.10
D,DISPATCH,UNIT_SCADA,1,"2019/08/22 20:25:00",QPS2,0
D,DISPATCH,UNIT_SCADA,1,"2019/08/22 20:25:00",QPS3,0
D,DISPATCH,UNIT_SCADA,1,"2019/08/22 20:25:00",QPS4,0
D,DISPATCH,UNIT_SCADA,1,"2019/08/22 20:25:00",QPS5,125.89
D,DISPATCH,UNIT_SCADA,1,"2019/08/22 20:25:00",REECE1,119.370010
D,DISPATCH,UNIT_SCADA,1,"2019/08/22 20:25:00",REECE2,118.110010
D,DISPATCH,UNIT_SCADA,1,"2019/08/22 20:25:00",ROMA_7,0
D,DISPATCH,UNIT_SCADA,1,"2019/08/22 20:25:00",ROMA_8,0
D,DISPATCH,UNIT_SCADA,1,"2019/08/22 20:25:00",RRSF1,0
D,DISPATCH,UNIT_SCADA,1,"2019/08/22 20:25:00",RT_NSW1,0
D,DISPATCH,UNIT_SCADA,1,"2019/08/22 20:25:00",RT_NSW2,0
D,DISPATCH,UNIT_SCADA,1,"2019/08/22 20:25:00",RT_NSW3,0
D,DISPATCH,UNIT_SCADA,1,"2019/08/22 20:25:00",RT_NSW4,0
D,DISPATCH,UNIT_SCADA,1,"2019/08/22 20:25:00",RT_NSW5,0
D,DISPATCH,UNIT_SCADA,1,"2019/08/22 20:25:00",RT_NSW6,0
D,DISPATCH,UNIT_SCADA,1,"2019/08/22 20:25:00",RT_QLD1,0
D,DISPATCH,UNIT_SCADA,1,"2019/08/22 20:25:00",RT_SA1,0
D,DISPATCH,UNIT_SCADA,1,"2019/08/22 20:25:00",RT_SA2,0
D,DISPATCH,UNIT_SCADA,1,"2019/08/22 20:25:00",RT_SA3,0
D,DISPATCH,UNIT_SCADA,1,"2019/08/22 20:25:00",RT_SA4,0
D,DISPATCH,UNIT_SCADA,1,"2019/08/22 20:25:00",RT_SA5,0
D,DISPATCH,UNIT_SCADA,1,"2019/08/22 20:25:00",RT_SA6,0
D,DISPATCH,UNIT_SCADA,1,"2019/08/22 20:25:00",RT_TAS1,0
D,DISPATCH,UNIT_SCADA,1,"2019/08/22 20:25:00",RT_VIC1,0
D,DISPATCH,UNIT_SCADA,1,"2019/08/22 20:25:00",RT_VIC10,0
D,DISPATCH,UNIT_SCADA,1,"2019/08/22 20:25:00",RT_VIC11,0
D,DISPATCH,UNIT_SCADA,1,"2019/08/22 20:25:00",RT_VIC12,0
D,DISPATCH,UNIT_SCADA,1,"2019/08/22 20:25:00",RT_VIC2,0
D,DISPATCH,UNIT_SCADA,1,"2019/08/22 20:25:00",RT_VIC3,0
D,DISPATCH,UNIT_SCADA,1,"2019/08/22 20:25:00",RT_VIC4,0
D,DISPATCH,UNIT_SCADA,1,"2019/08/22 20:25:00",RT_VIC5,0
D,DISPATCH,UNIT_SCADA,1,"2019/08/22 20:25:00",RT_VIC6,0
D,DISPATCH,UNIT_SCADA,1,"2019/08/22 20:25:00",RT_VIC7,0
D,DISPATCH,UNIT_SCADA,1,"2019/08/22 20:25:00",RT_VIC8,0
D,DISPATCH,UNIT_SCADA,1,"2019/08/22 20:25:00",RT_VIC9,0
D,DISPATCH,UNIT_SCADA,1,"2019/08/22 20:25:00",RUGBYR1,0
D,DISPATCH,UNIT_SCADA,1,"2019/08/22 20:25:00",SALTCRK1,1.62
D,DISPATCH,UNIT_SCADA,1,"2019/08/22 20:25:00",SAPHWF1,75.628140
D,DISPATCH,UNIT_SCADA,1,"2019/08/22 20:25:00",SHGEN,197.201310
D,DISPATCH,UNIT_SCADA,1,"2019/08/22 20:25:00",SHPUMP,0
D,DISPATCH,UNIT_SCADA,1,"2019/08/22 20:25:00",SITHE01,0.764260
D,DISPATCH,UNIT_SCADA,1,"2019/08/22 20:25:00",SMCSF1,0
D,DISPATCH,UNIT_SCADA,1,"2019/08/22 20:25:00",SNOWNTH1,6.70
D,DISPATCH,UNIT_SCADA,1,"2019/08/22 20:25:00",SNOWSTH1,16.70
D,DISPATCH,UNIT_SCADA,1,"2019/08/22 20:25:00",SNOWTWN1,3.4454
D,DISPATCH,UNIT_SCADA,1,"2019/08/22 20:25:00",SNOWYP,0
D,DISPATCH,UNIT_SCADA,1,"2019/08/22 20:25:00",SNUG1,0.019440
D,DISPATCH,UNIT_SCADA,1,"2019/08/22 20:25:00",SRSF1,0.43
D,DISPATCH,UNIT_SCADA,1,"2019/08/22 20:25:00",STAN-1,0
D,DISPATCH,UNIT_SCADA,1,"2019/08/22 20:25:00",STAN-2,346.144680
D,DISPATCH,UNIT_SCADA,1,"2019/08/22 20:25:00",STAN-3,341.286740
D,DISPATCH,UNIT_SCADA,1,"2019/08/22 20:25:00",STAN-4,365.320130
D,DISPATCH,UNIT_SCADA,1,"2019/08/22 20:25:00",STWF1,120.509990
D,DISPATCH,UNIT_SCADA,1,"2019/08/22 20:25:00",SWAN_E,0
D,DISPATCH,UNIT_SCADA,1,"2019/08/22 20:25:00",TALWA1,424
D,DISPATCH,UNIT_SCADA,1,"2019/08/22 20:25:00",TARALGA1,13.811240
D,DISPATCH,UNIT_SCADA,1,"2019/08/22 20:25:00",TARONG#1,345
D,DISPATCH,UNIT_SCADA,1,"2019/08/22 20:25:00",TARONG#2,345.200010
D,DISPATCH,UNIT_SCADA,1,"2019/08/22 20:25:00",TARONG#3,260.50
D,DISPATCH,UNIT_SCADA,1,"2019/08/22 20:25:00",TARONG#4,348.899990
D,DISPATCH,UNIT_SCADA,1,"2019/08/22 20:25:00",TARRALEA,84
D,DISPATCH,UNIT_SCADA,1,"2019/08/22 20:25:00",TBSF1,-0.20
D,DISPATCH,UNIT_SCADA,1,"2019/08/22 20:25:00",TNPS1,442.300020
D,DISPATCH,UNIT_SCADA,1,"2019/08/22 20:25:00",TORRA1,118.1875
D,DISPATCH,UNIT_SCADA,1,"2019/08/22 20:25:00",TORRA2,0
D,DISPATCH,UNIT_SCADA,1,"2019/08/22 20:25:00",TORRA3,42.675650
D,DISPATCH,UNIT_SCADA,1,"2019/08/22 20:25:00",TORRA4,107.062660
D,DISPATCH,UNIT_SCADA,1,"2019/08/22 20:25:00",TORRB1,127.61
D,DISPATCH,UNIT_SCADA,1,"2019/08/22 20:25:00",TORRB2,194.28
D,DISPATCH,UNIT_SCADA,1,"2019/08/22 20:25:00",TORRB3,0
D,DISPATCH,UNIT_SCADA,1,"2019/08/22 20:25:00",TORRB4,0
D,DISPATCH,UNIT_SCADA,1,"2019/08/22 20:25:00",TREVALLN,87.640030
D,DISPATCH,UNIT_SCADA,1,"2019/08/22 20:25:00",TRIBUTE,84.46
D,DISPATCH,UNIT_SCADA,1,"2019/08/22 20:25:00",TUMUT3,0
D,DISPATCH,UNIT_SCADA,1,"2019/08/22 20:25:00",TUNGATIN,139.040020
D,DISPATCH,UNIT_SCADA,1,"2019/08/22 20:25:00",TVCC201,0
D,DISPATCH,UNIT_SCADA,1,"2019/08/22 20:25:00",TVPP104,57.826560
D,DISPATCH,UNIT_SCADA,1,"2019/08/22 20:25:00",UPPTUMUT,155.981930
D,DISPATCH,UNIT_SCADA,1,"2019/08/22 20:25:00",URANQ11,0
D,DISPATCH,UNIT_SCADA,1,"2019/08/22 20:25:00",URANQ12,0
D,DISPATCH,UNIT_SCADA,1,"2019/08/22 20:25:00",URANQ13,0
D,DISPATCH,UNIT_SCADA,1,"2019/08/22 20:25:00",URANQ14,0
D,DISPATCH,UNIT_SCADA,1,"2019/08/22 20:25:00",VP5,630.50
D,DISPATCH,UNIT_SCADA,1,"2019/08/22 20:25:00",VP6,627.174990
D,DISPATCH,UNIT_SCADA,1,"2019/08/22 20:25:00",VPGS1,0
D,DISPATCH,UNIT_SCADA,1,"2019/08/22 20:25:00",VPGS2,0
D,DISPATCH,UNIT_SCADA,1,"2019/08/22 20:25:00",VPGS3,0
D,DISPATCH,UNIT_SCADA,1,"2019/08/22 20:25:00",VPGS4,0
D,DISPATCH,UNIT_SCADA,1,"2019/08/22 20:25:00",VPGS5,0
D,DISPATCH,UNIT_SCADA,1,"2019/08/22 20:25:00",VPGS6,0
D,DISPATCH,UNIT_SCADA,1,"2019/08/22 20:25:00",W/HOE#1,0
D,DISPATCH,UNIT_SCADA,1,"2019/08/22 20:25:00",W/HOE#2,0
D,DISPATCH,UNIT_SCADA,1,"2019/08/22 20:25:00",WATERLWF,-0.80
D,DISPATCH,UNIT_SCADA,1,"2019/08/22 20:25:00",WEMENSF1,0
D,DISPATCH,UNIT_SCADA,1,"2019/08/22 20:25:00",WGWF1,7.50
D,DISPATCH,UNIT_SCADA,1,"2019/08/22 20:25:00",WHITSF1,0
D,DISPATCH,UNIT_SCADA,1,"2019/08/22 20:25:00",WKIEWA1,31.20
D,DISPATCH,UNIT_SCADA,1,"2019/08/22 20:25:00",WKIEWA2,31.30
D,DISPATCH,UNIT_SCADA,1,"2019/08/22 20:25:00",WOODLWN1,5.192990
D,DISPATCH,UNIT_SCADA,1,"2019/08/22 20:25:00",WRSF1,0
D,DISPATCH,UNIT_SCADA,1,"2019/08/22 20:25:00",WRWF1,31.976260
D,DISPATCH,UNIT_SCADA,1,"2019/08/22 20:25:00",YABULU,0
D,DISPATCH,UNIT_SCADA,1,"2019/08/22 20:25:00",YABULU2,0
D,DISPATCH,UNIT_SCADA,1,"2019/08/22 20:25:00",YARWUN_1,0
D,DISPATCH,UNIT_SCADA,1,"2019/08/22 20:25:00",YENDWF1,8.66
D,DISPATCH,UNIT_SCADA,1,"2019/08/22 20:25:00",YWPS1,365.6633
D,DISPATCH,UNIT_SCADA,1,"2019/08/22 20:25:00",YWPS2,275.936710
D,DISPATCH,UNIT_SCADA,1,"2019/08/22 20:25:00",YWPS3,0
D,DISPATCH,UNIT_SCADA,1,"2019/08/22 20:25:00",YWPS4,392.979740
C,"END OF REPORT",334
