C,NEMP.WORLD,DISPATCHSCADA,AEMO,PUBLIC,2019/08/21,11:15:10,0000000311823684,DISPATCHSCADA,0000000311823678
I,DISPATCH,UNIT_SCADA,1,SETTLEMENTDATE,DUID,SCADAVALUE
D,DISPATCH,UNIT_SCADA,1,"2019/08/21 11:20:00",BARCSF1,17.800001
D,DISPATCH,UNIT_SCADA,1,"2019/08/21 11:20:00",BUTLERSG,9.599998
D,DISPATCH,UNIT_SCADA,1,"2019/08/21 11:20:00",CALL_A_4,0
D,DISPATCH,UNIT_SCADA,1,"2019/08/21 11:20:00",CAPTL_WF,130.419998
D,DISPATCH,UNIT_SCADA,1,"2019/08/21 11:20:00",CATHROCK,20.889999
D,DISPATCH,UNIT_SCADA,1,"2019/08/21 11:20:00",CHALLHWF,33.299999
D,DISPATCH,UNIT_SCADA,1,"2019/08/21 11:20:00",CLOVER,-0.01
D,DISPATCH,UNIT_SCADA,1,"2019/08/21 11:20:00",CLUNY,20.145113
D,DISPATCH,UNIT_SCADA,1,"2019/08/21 11:20:00",CNUNDAWF,35.841812
D,DISPATCH,UNIT_SCADA,1,"2019/08/21 11:20:00",CULLRGWF,30.57
D,DISPATCH,UNIT_SCADA,1,"2019/08/21 11:20:00",ERGT01,0
D,DISPATCH,UNIT_SCADA,1,"2019/08/21 11:20:00",GB01,0.063793
D,DISPATCH,UNIT_SCADA,1,"2019/08/21 11:20:00",GERMCRK,34.099998
D,DISPATCH,UNIT_SCADA,1,"2019/08/21 11:20:00",GRIFSF1,12.399994
D,DISPATCH,UNIT_SCADA,1,"2019/08/21 11:20:00",HUGSF1,8.9490
D,DISPATCH,UNIT_SCADA,1,"2019/08/21 11:20:00",LKBONNY1,53.139072
D,DISPATCH,UNIT_SCADA,1,"2019/08/21 11:20:00",LRSF1,12.788001
D,DISPATCH,UNIT_SCADA,1,"2019/08/21 11:20:00",MBAHNTH,55.856247
D,DISPATCH,UNIT_SCADA,1,"2019/08/21 11:20:00",MLSP1,10.772001
D,DISPATCH,UNIT_SCADA,1,"2019/08/21 11:20:00",MLWF1,19.32
D,DISPATCH,UNIT_SCADA,1,"2019/08/21 11:20:00",MTMILLAR,6.793917
D,DISPATCH,UNIT_SCADA,1,"2019/08/21 11:20:00",PALOONA,25.709999
D,DISPATCH,UNIT_SCADA,1,"2019/08/21 11:20:00",PIONEER,47.400002
D,DISPATCH,UNIT_SCADA,1,"2019/08/21 11:20:00",PORTWF,118.199997
D,DISPATCH,UNIT_SCADA,1,"2019/08/21 11:20:00",REPULSE,29.044022
D,DISPATCH,UNIT_SCADA,1,"2019/08/21 11:20:00",ROWALLAN,10.2311
D,DISPATCH,UNIT_SCADA,1,"2019/08/21 11:20:00",ROYALLA1,7.123001
D,DISPATCH,UNIT_SCADA,1,"2019/08/21 11:20:00",RPCG,11.30
D,DISPATCH,UNIT_SCADA,1,"2019/08/21 11:20:00",RUBICON,0
D,DISPATCH,UNIT_SCADA,1,"2019/08/21 11:20:00",SATGN1,0
D,DISPATCH,UNIT_SCADA,1,"2019/08/21 11:20:00",SATGS1,0
D,DISPATCH,UNIT_SCADA,1,"2019/08/21 11:20:00",STARHLWF,8.697464
D,DISPATCH,UNIT_SCADA,1,"2019/08/21 11:20:00",WAUBRAWF,178.235992
D,DISPATCH,UNIT_SCADA,1,"2019/08/21 11:20:00",WOOLNTH1,118.980019
D,DISPATCH,UNIT_SCADA,1,"2019/08/21 11:20:00",WPWF,41
D,DISPATCH,UNIT_SCADA,1,"2019/08/21 11:20:00",YAMBUKWF,27.799999
D,DISPATCH,UNIT_SCADA,1,"2019/08/21 11:20:00",YSWF1,28.60
D,DISPATCH,UNIT_SCADA,1,"2019/08/21 11:20:00",AGLHAL,0
D,DISPATCH,UNIT_SCADA,1,"2019/08/21 11:20:00",AGLSOM,0
D,DISPATCH,UNIT_SCADA,1,"2019/08/21 11:20:00",ANGAST1,0
D,DISPATCH,UNIT_SCADA,1,"2019/08/21 11:20:00",ARWF1,185.20
D,DISPATCH,UNIT_SCADA,1,"2019/08/21 11:20:00",BALBG1,0
D,DISPATCH,UNIT_SCADA,1,"2019/08/21 11:20:00",BALBL1,17.08
D,DISPATCH,UNIT_SCADA,1,"2019/08/21 11:20:00",BALDHWF1,100.8250
D,DISPATCH,UNIT_SCADA,1,"2019/08/21 11:20:00",BANN1,60.24
D,DISPATCH,UNIT_SCADA,1,"2019/08/21 11:20:00",BARCALDN,0
D,DISPATCH,UNIT_SCADA,1,"2019/08/21 11:20:00",BARRON-1,0
D,DISPATCH,UNIT_SCADA,1,"2019/08/21 11:20:00",BARRON-2,0
D,DISPATCH,UNIT_SCADA,1,"2019/08/21 11:20:00",BASTYAN,78.680010
D,DISPATCH,UNIT_SCADA,1,"2019/08/21 11:20:00",BBTHREE1,-1.84
D,DISPATCH,UNIT_SCADA,1,"2019/08/21 11:20:00",BBTHREE2,-1.89
D,DISPATCH,UNIT_SCADA,1,"2019/08/21 11:20:00",BBTHREE3,0
D,DISPATCH,UNIT_SCADA,1,"2019/08/21 11:20:00",BDL01,0
D,DISPATCH,UNIT_SCADA,1,"2019/08/21 11:20:00",BDL02,-0.06
D,DISPATCH,UNIT_SCADA,1,"2019/08/21 11:20:00",BERYLSF1,31.420590
D,DISPATCH,UNIT_SCADA,1,"2019/08/21 11:20:00",BLOWERNG,0
D,DISPATCH,UNIT_SCADA,1,"2019/08/21 11:20:00",BLUFF1,17.20
D,DISPATCH,UNIT_SCADA,1,"2019/08/21 11:20:00",BNGSF1,85.22
D,DISPATCH,UNIT_SCADA,1,"2019/08/21 11:20:00",BNGSF2,20
D,DISPATCH,UNIT_SCADA,1,"2019/08/21 11:20:00",BOCORWF1,59.02
D,DISPATCH,UNIT_SCADA,1,"2019/08/21 11:20:00",BODWF1,72.752540
D,DISPATCH,UNIT_SCADA,1,"2019/08/21 11:20:00",BRAEMAR1,0
D,DISPATCH,UNIT_SCADA,1,"2019/08/21 11:20:00",BRAEMAR2,0
D,DISPATCH,UNIT_SCADA,1,"2019/08/21 11:20:00",BRAEMAR3,0
D,DISPATCH,UNIT_SCADA,1,"2019/08/21 11:20:00",BRAEMAR5,0
D,DISPATCH,UNIT_SCADA,1,"2019/08/21 11:20:00",BRAEMAR6,0
D,DISPATCH,UNIT_SCADA,1,"2019/08/21 11:20:00",BRAEMAR7,0
D,DISPATCH,UNIT_SCADA,1,"2019/08/21 11:20:00",BROKENH1,52.938960
D,DISPATCH,UNIT_SCADA,1,"2019/08/21 11:20:00",BW01,408.699950
D,DISPATCH,UNIT_SCADA,1,"2019/08/21 11:20:00",BW02,568.550050
D,DISPATCH,UNIT_SCADA,1,"2019/08/21 11:20:00",BW03,497.775020
D,DISPATCH,UNIT_SCADA,1,"2019/08/21 11:20:00",BW04,0
D,DISPATCH,UNIT_SCADA,1,"2019/08/21 11:20:00",CALL_B_1,280.399990
D,DISPATCH,UNIT_SCADA,1,"2019/08/21 11:20:00",CALL_B_2,219.400010
D,DISPATCH,UNIT_SCADA,1,"2019/08/21 11:20:00",CETHANA,75.072750
D,DISPATCH,UNIT_SCADA,1,"2019/08/21 11:20:00",CG1,0
D,DISPATCH,UNIT_SCADA,1,"2019/08/21 11:20:00",CG2,0
D,DISPATCH,UNIT_SCADA,1,"2019/08/21 11:20:00",CG3,0
D,DISPATCH,UNIT_SCADA,1,"2019/08/21 11:20:00",CG4,0
D,DISPATCH,UNIT_SCADA,1,"2019/08/21 11:20:00",CHILDSF1,40.04
D,DISPATCH,UNIT_SCADA,1,"2019/08/21 11:20:00",CLARESF1,2.083520
D,DISPATCH,UNIT_SCADA,1,"2019/08/21 11:20:00",CLEMGPWF,9.004380
D,DISPATCH,UNIT_SCADA,1,"2019/08/21 11:20:00",CLERMSF1,0.59
D,DISPATCH,UNIT_SCADA,1,"2019/08/21 11:20:00",COLEASF1,83.100010
D,DISPATCH,UNIT_SCADA,1,"2019/08/21 11:20:00",COOPGWF1,29.105490
D,DISPATCH,UNIT_SCADA,1,"2019/08/21 11:20:00",CPP_3,292.600010
D,DISPATCH,UNIT_SCADA,1,"2019/08/21 11:20:00",CPP_4,300.024990
D,DISPATCH,UNIT_SCADA,1,"2019/08/21 11:20:00",CPSA,141.724380
D,DISPATCH,UNIT_SCADA,1,"2019/08/21 11:20:00",CROOKWF2,85.933750
D,DISPATCH,UNIT_SCADA,1,"2019/08/21 11:20:00",CROWLWF1,45.117440
D,DISPATCH,UNIT_SCADA,1,"2019/08/21 11:20:00",CSPVPS1,31.9670
D,DISPATCH,UNIT_SCADA,1,"2019/08/21 11:20:00",DALNTH01,0
D,DISPATCH,UNIT_SCADA,1,"2019/08/21 11:20:00",DALNTHL1,0.239570
D,DISPATCH,UNIT_SCADA,1,"2019/08/21 11:20:00",DARTM1,0
D,DISPATCH,UNIT_SCADA,1,"2019/08/21 11:20:00",DAYDSF1,114.8850
D,DISPATCH,UNIT_SCADA,1,"2019/08/21 11:20:00",DDPS1,0
D,DISPATCH,UNIT_SCADA,1,"2019/08/21 11:20:00",DDSF1,32.578560
D,DISPATCH,UNIT_SCADA,1,"2019/08/21 11:20:00",DEVILS_G,0
D,DISPATCH,UNIT_SCADA,1,"2019/08/21 11:20:00",DG_NSW1,0
D,DISPATCH,UNIT_SCADA,1,"2019/08/21 11:20:00",DG_QLD1,0
D,DISPATCH,UNIT_SCADA,1,"2019/08/21 11:20:00",DG_SA1,0
D,DISPATCH,UNIT_SCADA,1,"2019/08/21 11:20:00",DG_TAS1,0
D,DISPATCH,UNIT_SCADA,1,"2019/08/21 11:20:00",DG_VIC1,0
D,DISPATCH,UNIT_SCADA,1,"2019/08/21 11:20:00",DRYCGT1,0
D,DISPATCH,UNIT_SCADA,1,"2019/08/21 11:20:00",DRYCGT2,0
D,DISPATCH,UNIT_SCADA,1,"2019/08/21 11:20:00",DRYCGT3,0
D,DISPATCH,UNIT_SCADA,1,"2019/08/21 11:20:00",EILDON1,0
D,DISPATCH,UNIT_SCADA,1,"2019/08/21 11:20:00",EILDON2,0
D,DISPATCH,UNIT_SCADA,1,"2019/08/21 11:20:00",EMERASF1,65.30
D,DISPATCH,UNIT_SCADA,1,"2019/08/21 11:20:00",ER01,355.424930
D,DISPATCH,UNIT_SCADA,1,"2019/08/21 11:20:00",ER02,426.825070
D,DISPATCH,UNIT_SCADA,1,"2019/08/21 11:20:00",ER03,700.549930
D,DISPATCH,UNIT_SCADA,1,"2019/08/21 11:20:00",ER04,356.550050
D,DISPATCH,UNIT_SCADA,1,"2019/08/21 11:20:00",FINLYSF1,1.294310
D,DISPATCH,UNIT_SCADA,1,"2019/08/21 11:20:00",FISHER,45.87
D,DISPATCH,UNIT_SCADA,1,"2019/08/21 11:20:00",GANNBG1,0.006570
D,DISPATCH,UNIT_SCADA,1,"2019/08/21 11:20:00",GANNBL1,0
D,DISPATCH,UNIT_SCADA,1,"2019/08/21 11:20:00",GANNSF1,31.20
D,DISPATCH,UNIT_SCADA,1,"2019/08/21 11:20:00",GORDON,0
D,DISPATCH,UNIT_SCADA,1,"2019/08/21 11:20:00",GSTONE1,108.50
D,DISPATCH,UNIT_SCADA,1,"2019/08/21 11:20:00",GSTONE2,110.7750
D,DISPATCH,UNIT_SCADA,1,"2019/08/21 11:20:00",GSTONE3,109.3750
D,DISPATCH,UNIT_SCADA,1,"2019/08/21 11:20:00",GSTONE4,109.0250
D,DISPATCH,UNIT_SCADA,1,"2019/08/21 11:20:00",GSTONE5,106.9250
D,DISPATCH,UNIT_SCADA,1,"2019/08/21 11:20:00",GSTONE6,0
D,DISPATCH,UNIT_SCADA,1,"2019/08/21 11:20:00",GULLRSF1,3.420040
D,DISPATCH,UNIT_SCADA,1,"2019/08/21 11:20:00",GULLRWF1,156.534090
D,DISPATCH,UNIT_SCADA,1,"2019/08/21 11:20:00",GUNNING1,39.694420
D,DISPATCH,UNIT_SCADA,1,"2019/08/21 11:20:00",GUTHEGA,0
D,DISPATCH,UNIT_SCADA,1,"2019/08/21 11:20:00",HALLWF1,46.98
D,DISPATCH,UNIT_SCADA,1,"2019/08/21 11:20:00",HALLWF2,41.20
D,DISPATCH,UNIT_SCADA,1,"2019/08/21 11:20:00",HAMISF1,45.70
D,DISPATCH,UNIT_SCADA,1,"2019/08/21 11:20:00",HAUGHT11,50.055170
D,DISPATCH,UNIT_SCADA,1,"2019/08/21 11:20:00",HAYMSF1,41.2340
D,DISPATCH,UNIT_SCADA,1,"2019/08/21 11:20:00",HDWF1,34
D,DISPATCH,UNIT_SCADA,1,"2019/08/21 11:20:00",HDWF2,25.20
D,DISPATCH,UNIT_SCADA,1,"2019/08/21 11:20:00",HDWF3,35.90
D,DISPATCH,UNIT_SCADA,1,"2019/08/21 11:20:00",HPRG1,0
D,DISPATCH,UNIT_SCADA,1,"2019/08/21 11:20:00",HPRL1,0
D,DISPATCH,UNIT_SCADA,1,"2019/08/21 11:20:00",HUMENSW,0
D,DISPATCH,UNIT_SCADA,1,"2019/08/21 11:20:00",HUMEV,7.80
D,DISPATCH,UNIT_SCADA,1,"2019/08/21 11:20:00",HVGTS,0
D,DISPATCH,UNIT_SCADA,1,"2019/08/21 11:20:00",JBUTTERS,132.30
D,DISPATCH,UNIT_SCADA,1,"2019/08/21 11:20:00",JLA01,0.50
D,DISPATCH,UNIT_SCADA,1,"2019/08/21 11:20:00",JLA02,0
D,DISPATCH,UNIT_SCADA,1,"2019/08/21 11:20:00",JLA03,0.10
D,DISPATCH,UNIT_SCADA,1,"2019/08/21 11:20:00",JLA04,0.10
D,DISPATCH,UNIT_SCADA,1,"2019/08/21 11:20:00",JLB01,0
D,DISPATCH,UNIT_SCADA,1,"2019/08/21 11:20:00",JLB02,0.10
D,DISPATCH,UNIT_SCADA,1,"2019/08/21 11:20:00",JLB03,0
D,DISPATCH,UNIT_SCADA,1,"2019/08/21 11:20:00",KAREEYA1,21.4925
D,DISPATCH,UNIT_SCADA,1,"2019/08/21 11:20:00",KAREEYA2,21.62
D,DISPATCH,UNIT_SCADA,1,"2019/08/21 11:20:00",KAREEYA3,0
D,DISPATCH,UNIT_SCADA,1,"2019/08/21 11:20:00",KAREEYA4,21.6675
D,DISPATCH,UNIT_SCADA,1,"2019/08/21 11:20:00",KARSF1,46.90
D,DISPATCH,UNIT_SCADA,1,"2019/08/21 11:20:00",KIATAWF1,27
D,DISPATCH,UNIT_SCADA,1,"2019/08/21 11:20:00",KPP_1,0
D,DISPATCH,UNIT_SCADA,1,"2019/08/21 11:20:00",KSP1,47.64
D,DISPATCH,UNIT_SCADA,1,"2019/08/21 11:20:00",LADBROK1,0
D,DISPATCH,UNIT_SCADA,1,"2019/08/21 11:20:00",LADBROK2,0
D,DISPATCH,UNIT_SCADA,1,"2019/08/21 11:20:00",LD01,383.6813
D,DISPATCH,UNIT_SCADA,1,"2019/08/21 11:20:00",LD02,378.843750
D,DISPATCH,UNIT_SCADA,1,"2019/08/21 11:20:00",LD03,380.850040
D,DISPATCH,UNIT_SCADA,1,"2019/08/21 11:20:00",LD04,382.8750
D,DISPATCH,UNIT_SCADA,1,"2019/08/21 11:20:00",LEM_WIL,85.9278
D,DISPATCH,UNIT_SCADA,1,"2019/08/21 11:20:00",LGAPWF1,2.45
D,DISPATCH,UNIT_SCADA,1,"2019/08/21 11:20:00",LILYSF1,95.420410
D,DISPATCH,UNIT_SCADA,1,"2019/08/21 11:20:00",LI_WY_CA,147.637740
D,DISPATCH,UNIT_SCADA,1,"2019/08/21 11:20:00",LKBONNY2,124.797540
D,DISPATCH,UNIT_SCADA,1,"2019/08/21 11:20:00",LKBONNY3,34.386360
D,DISPATCH,UNIT_SCADA,1,"2019/08/21 11:20:00",LK_ECHO,0
D,DISPATCH,UNIT_SCADA,1,"2019/08/21 11:20:00",LNGS1,0
D,DISPATCH,UNIT_SCADA,1,"2019/08/21 11:20:00",LNGS2,0
D,DISPATCH,UNIT_SCADA,1,"2019/08/21 11:20:00",LONSDALE,0
D,DISPATCH,UNIT_SCADA,1,"2019/08/21 11:20:00",LOYYB1,534.960750
D,DISPATCH,UNIT_SCADA,1,"2019/08/21 11:20:00",LOYYB2,581.578490
D,DISPATCH,UNIT_SCADA,1,"2019/08/21 11:20:00",LYA1,499
D,DISPATCH,UNIT_SCADA,1,"2019/08/21 11:20:00",LYA2,0
D,DISPATCH,UNIT_SCADA,1,"2019/08/21 11:20:00",LYA3,560
D,DISPATCH,UNIT_SCADA,1,"2019/08/21 11:20:00",LYA4,529
D,DISPATCH,UNIT_SCADA,1,"2019/08/21 11:20:00",MACARTH1,297.393130
D,DISPATCH,UNIT_SCADA,1,"2019/08/21 11:20:00",MACKAYGT,0
D,DISPATCH,UNIT_SCADA,1,"2019/08/21 11:20:00",MACKNTSH,85.16
D,DISPATCH,UNIT_SCADA,1,"2019/08/21 11:20:00",MANSLR1,11.6360
D,DISPATCH,UNIT_SCADA,1,"2019/08/21 11:20:00",MCKAY1,0.02
D,DISPATCH,UNIT_SCADA,1,"2019/08/21 11:20:00",MEADOWBK,34.210260
D,DISPATCH,UNIT_SCADA,1,"2019/08/21 11:20:00",MERCER01,122.371990
D,DISPATCH,UNIT_SCADA,1,"2019/08/21 11:20:00",MEWF1,79.634430
D,DISPATCH,UNIT_SCADA,1,"2019/08/21 11:20:00",MINTARO,0
D,DISPATCH,UNIT_SCADA,1,"2019/08/21 11:20:00",MOREESF1,48.5720
D,DISPATCH,UNIT_SCADA,1,"2019/08/21 11:20:00",MORTLK11,0
D,DISPATCH,UNIT_SCADA,1,"2019/08/21 11:20:00",MORTLK12,0
D,DISPATCH,UNIT_SCADA,1,"2019/08/21 11:20:00",MP1,279.1250
D,DISPATCH,UNIT_SCADA,1,"2019/08/21 11:20:00",MP2,0
D,DISPATCH,UNIT_SCADA,1,"2019/08/21 11:20:00",MPP_1,250.25
D,DISPATCH,UNIT_SCADA,1,"2019/08/21 11:20:00",MPP_2,379.75
D,DISPATCH,UNIT_SCADA,1,"2019/08/21 11:20:00",MSTUART1,0
D,DISPATCH,UNIT_SCADA,1,"2019/08/21 11:20:00",MSTUART2,0
D,DISPATCH,UNIT_SCADA,1,"2019/08/21 11:20:00",MSTUART3,0
D,DISPATCH,UNIT_SCADA,1,"2019/08/21 11:20:00",MTGELWF1,64.764850
D,DISPATCH,UNIT_SCADA,1,"2019/08/21 11:20:00",MURRAY,0
D,DISPATCH,UNIT_SCADA,1,"2019/08/21 11:20:00",MUSSELR1,159.70
D,DISPATCH,UNIT_SCADA,1,"2019/08/21 11:20:00",MUWAWF1,50.64
D,DISPATCH,UNIT_SCADA,1,"2019/08/21 11:20:00",NBHWF1,45.60
D,DISPATCH,UNIT_SCADA,1,"2019/08/21 11:20:00",NPS,0
D,DISPATCH,UNIT_SCADA,1,"2019/08/21 11:20:00",NUMURSF1,46.89
D,DISPATCH,UNIT_SCADA,1,"2019/08/21 11:20:00",NYNGAN1,101.50
D,DISPATCH,UNIT_SCADA,1,"2019/08/21 11:20:00",OAKEY1,0
D,DISPATCH,UNIT_SCADA,1,"2019/08/21 11:20:00",OAKEY1SF,21.0120
D,DISPATCH,UNIT_SCADA,1,"2019/08/21 11:20:00",OAKEY2,0
D,DISPATCH,UNIT_SCADA,1,"2019/08/21 11:20:00",OAKLAND1,61.20
D,DISPATCH,UNIT_SCADA,1,"2019/08/21 11:20:00",OSB-AG,0
D,DISPATCH,UNIT_SCADA,1,"2019/08/21 11:20:00",PARSF1,23.703130
D,DISPATCH,UNIT_SCADA,1,"2019/08/21 11:20:00",POAT110,0
D,DISPATCH,UNIT_SCADA,1,"2019/08/21 11:20:00",POAT220,1.580240
D,DISPATCH,UNIT_SCADA,1,"2019/08/21 11:20:00",POR01,0
D,DISPATCH,UNIT_SCADA,1,"2019/08/21 11:20:00",POR03,0
D,DISPATCH,UNIT_SCADA,1,"2019/08/21 11:20:00",PPCCGT,174.223310
D,DISPATCH,UNIT_SCADA,1,"2019/08/21 11:20:00",PTSTAN1,0
D,DISPATCH,UNIT_SCADA,1,"2019/08/21 11:20:00",PUMP1,0
D,DISPATCH,UNIT_SCADA,1,"2019/08/21 11:20:00",PUMP2,0
D,DISPATCH,UNIT_SCADA,1,"2019/08/21 11:20:00",QPS1,0
D,DISPATCH,UNIT_SCADA,1,"2019/08/21 11:20:00",QPS2,0
D,DISPATCH,UNIT_SCADA,1,"2019/08/21 11:20:00",QPS3,0
D,DISPATCH,UNIT_SCADA,1,"2019/08/21 11:20:00",QPS4,0
D,DISPATCH,UNIT_SCADA,1,"2019/08/21 11:20:00",QPS5,0
D,DISPATCH,UNIT_SCADA,1,"2019/08/21 11:20:00",REECE1,115.160010
D,DISPATCH,UNIT_SCADA,1,"2019/08/21 11:20:00",REECE2,115.990010
D,DISPATCH,UNIT_SCADA,1,"2019/08/21 11:20:00",ROMA_7,0
D,DISPATCH,UNIT_SCADA,1,"2019/08/21 11:20:00",ROMA_8,0
D,DISPATCH,UNIT_SCADA,1,"2019/08/21 11:20:00",RRSF1,107.580690
D,DISPATCH,UNIT_SCADA,1,"2019/08/21 11:20:00",RT_NSW1,0
D,DISPATCH,UNIT_SCADA,1,"2019/08/21 11:20:00",RT_NSW2,0
D,DISPATCH,UNIT_SCADA,1,"2019/08/21 11:20:00",RT_NSW3,0
D,DISPATCH,UNIT_SCADA,1,"2019/08/21 11:20:00",RT_NSW4,0
D,DISPATCH,UNIT_SCADA,1,"2019/08/21 11:20:00",RT_NSW5,0
D,DISPATCH,UNIT_SCADA,1,"2019/08/21 11:20:00",RT_NSW6,0
D,DISPATCH,UNIT_SCADA,1,"2019/08/21 11:20:00",RT_QLD1,0
D,DISPATCH,UNIT_SCADA,1,"2019/08/21 11:20:00",RT_SA1,0
D,DISPATCH,UNIT_SCADA,1,"2019/08/21 11:20:00",RT_SA2,0
D,DISPATCH,UNIT_SCADA,1,"2019/08/21 11:20:00",RT_SA3,0
D,DISPATCH,UNIT_SCADA,1,"2019/08/21 11:20:00",RT_SA4,0
D,DISPATCH,UNIT_SCADA,1,"2019/08/21 11:20:00",RT_SA5,0
D,DISPATCH,UNIT_SCADA,1,"2019/08/21 11:20:00",RT_SA6,0
D,DISPATCH,UNIT_SCADA,1,"2019/08/21 11:20:00",RT_TAS1,0
D,DISPATCH,UNIT_SCADA,1,"2019/08/21 11:20:00",RT_VIC1,0
D,DISPATCH,UNIT_SCADA,1,"2019/08/21 11:20:00",RT_VIC10,0
D,DISPATCH,UNIT_SCADA,1,"2019/08/21 11:20:00",RT_VIC11,0
D,DISPATCH,UNIT_SCADA,1,"2019/08/21 11:20:00",RT_VIC12,0
D,DISPATCH,UNIT_SCADA,1,"2019/08/21 11:20:00",RT_VIC2,0
D,DISPATCH,UNIT_SCADA,1,"2019/08/21 11:20:00",RT_VIC3,0
D,DISPATCH,UNIT_SCADA,1,"2019/08/21 11:20:00",RT_VIC4,0
D,DISPATCH,UNIT_SCADA,1,"2019/08/21 11:20:00",RT_VIC5,0
D,DISPATCH,UNIT_SCADA,1,"2019/08/21 11:20:00",RT_VIC6,0
D,DISPATCH,UNIT_SCADA,1,"2019/08/21 11:20:00",RT_VIC7,0
D,DISPATCH,UNIT_SCADA,1,"2019/08/21 11:20:00",RT_VIC8,0
D,DISPATCH,UNIT_SCADA,1,"2019/08/21 11:20:00",RT_VIC9,0
D,DISPATCH,UNIT_SCADA,1,"2019/08/21 11:20:00",RUGBYR1,45.113340
D,DISPATCH,UNIT_SCADA,1,"2019/08/21 11:20:00",SALTCRK1,52.18
D,DISPATCH,UNIT_SCADA,1,"2019/08/21 11:20:00",SAPHWF1,115.284390
D,DISPATCH,UNIT_SCADA,1,"2019/08/21 11:20:00",SHGEN,0
D,DISPATCH,UNIT_SCADA,1,"2019/08/21 11:20:00",SHPUMP,201.0919
D,DISPATCH,UNIT_SCADA,1,"2019/08/21 11:20:00",SITHE01,0.005650
D,DISPATCH,UNIT_SCADA,1,"2019/08/21 11:20:00",SMCSF1,85.729820
D,DISPATCH,UNIT_SCADA,1,"2019/08/21 11:20:00",SNOWNTH1,11.10
D,DISPATCH,UNIT_SCADA,1,"2019/08/21 11:20:00",SNOWSTH1,41.80
D,DISPATCH,UNIT_SCADA,1,"2019/08/21 11:20:00",SNOWTWN1,15.595440
D,DISPATCH,UNIT_SCADA,1,"2019/08/21 11:20:00",SNOWYP,383
D,DISPATCH,UNIT_SCADA,1,"2019/08/21 11:20:00",SNUG1,0.019440
D,DISPATCH,UNIT_SCADA,1,"2019/08/21 11:20:00",SRSF1,34.55
D,DISPATCH,UNIT_SCADA,1,"2019/08/21 11:20:00",STAN-1,0
D,DISPATCH,UNIT_SCADA,1,"2019/08/21 11:20:00",STAN-2,279.0307
D,DISPATCH,UNIT_SCADA,1,"2019/08/21 11:20:00",STAN-3,278.787140
D,DISPATCH,UNIT_SCADA,1,"2019/08/21 11:20:00",STAN-4,275.467350
D,DISPATCH,UNIT_SCADA,1,"2019/08/21 11:20:00",STWF1,6.176240
D,DISPATCH,UNIT_SCADA,1,"2019/08/21 11:20:00",SWAN_E,0
D,DISPATCH,UNIT_SCADA,1,"2019/08/21 11:20:00",TALWA1,0
D,DISPATCH,UNIT_SCADA,1,"2019/08/21 11:20:00",TARALGA1,36.903750
D,DISPATCH,UNIT_SCADA,1,"2019/08/21 11:20:00",TARONG#1,276.800020
D,DISPATCH,UNIT_SCADA,1,"2019/08/21 11:20:00",TARONG#2,275.700010
D,DISPATCH,UNIT_SCADA,1,"2019/08/21 11:20:00",TARONG#3,259.600010
D,DISPATCH,UNIT_SCADA,1,"2019/08/21 11:20:00",TARONG#4,280.50
D,DISPATCH,UNIT_SCADA,1,"2019/08/21 11:20:00",TARRALEA,74.90
D,DISPATCH,UNIT_SCADA,1,"2019/08/21 11:20:00",TBSF1,39.10
D,DISPATCH,UNIT_SCADA,1,"2019/08/21 11:20:00",TNPS1,442.000030
D,DISPATCH,UNIT_SCADA,1,"2019/08/21 11:20:00",TORRA1,48.190240
D,DISPATCH,UNIT_SCADA,1,"2019/08/21 11:20:00",TORRA2,0
D,DISPATCH,UNIT_SCADA,1,"2019/08/21 11:20:00",TORRA3,0
D,DISPATCH,UNIT_SCADA,1,"2019/08/21 11:20:00",TORRA4,0
D,DISPATCH,UNIT_SCADA,1,"2019/08/21 11:20:00",TORRB1,69.16
D,DISPATCH,UNIT_SCADA,1,"2019/08/21 11:20:00",TORRB2,68.59
D,DISPATCH,UNIT_SCADA,1,"2019/08/21 11:20:00",TORRB3,0
D,DISPATCH,UNIT_SCADA,1,"2019/08/21 11:20:00",TORRB4,0
D,DISPATCH,UNIT_SCADA,1,"2019/08/21 11:20:00",TREVALLN,44.000020
D,DISPATCH,UNIT_SCADA,1,"2019/08/21 11:20:00",TRIBUTE,68.29
D,DISPATCH,UNIT_SCADA,1,"2019/08/21 11:20:00",TUMUT3,0
D,DISPATCH,UNIT_SCADA,1,"2019/08/21 11:20:00",TUNGATIN,120.190030
D,DISPATCH,UNIT_SCADA,1,"2019/08/21 11:20:00",TVCC201,0
D,DISPATCH,UNIT_SCADA,1,"2019/08/21 11:20:00",TVPP104,0
D,DISPATCH,UNIT_SCADA,1,"2019/08/21 11:20:00",UPPTUMUT,0
D,DISPATCH,UNIT_SCADA,1,"2019/08/21 11:20:00",URANQ11,0
D,DISPATCH,UNIT_SCADA,1,"2019/08/21 11:20:00",URANQ12,0
D,DISPATCH,UNIT_SCADA,1,"2019/08/21 11:20:00",URANQ13,0
D,DISPATCH,UNIT_SCADA,1,"2019/08/21 11:20:00",URANQ14,0
D,DISPATCH,UNIT_SCADA,1,"2019/08/21 11:20:00",VP5,368.8750
D,DISPATCH,UNIT_SCADA,1,"2019/08/21 11:20:00",VP6,368.899990
D,DISPATCH,UNIT_SCADA,1,"2019/08/21 11:20:00",VPGS1,0
D,DISPATCH,UNIT_SCADA,1,"2019/08/21 11:20:00",VPGS2,0
D,DISPATCH,UNIT_SCADA,1,"2019/08/21 11:20:00",VPGS3,0
D,DISPATCH,UNIT_SCADA,1,"2019/08/21 11:20:00",VPGS4,0
D,DISPATCH,UNIT_SCADA,1,"2019/08/21 11:20:00",VPGS5,0
D,DISPATCH,UNIT_SCADA,1,"2019/08/21 11:20:00",VPGS6,0
D,DISPATCH,UNIT_SCADA,1,"2019/08/21 11:20:00",W/HOE#1,0
D,DISPATCH,UNIT_SCADA,1,"2019/08/21 11:20:00",W/HOE#2,0
D,DISPATCH,UNIT_SCADA,1,"2019/08/21 11:20:00",WATERLWF,98.60
D,DISPATCH,UNIT_SCADA,1,"2019/08/21 11:20:00",WEMENSF1,43.50
D,DISPATCH,UNIT_SCADA,1,"2019/08/21 11:20:00",WGWF1,51.30
D,DISPATCH,UNIT_SCADA,1,"2019/08/21 11:20:00",WHITSF1,0
D,DISPATCH,UNIT_SCADA,1,"2019/08/21 11:20:00",WKIEWA1,0
D,DISPATCH,UNIT_SCADA,1,"2019/08/21 11:20:00",WKIEWA2,6.60
D,DISPATCH,UNIT_SCADA,1,"2019/08/21 11:20:00",WOODLWN1,44.7480
D,DISPATCH,UNIT_SCADA,1,"2019/08/21 11:20:00",WRSF1,19.79
D,DISPATCH,UNIT_SCADA,1,"2019/08/21 11:20:00",WRWF1,145.960010
D,DISPATCH,UNIT_SCADA,1,"2019/08/21 11:20:00",YABULU,0
D,DISPATCH,UNIT_SCADA,1,"2019/08/21 11:20:00",YABULU2,0
D,DISPATCH,UNIT_SCADA,1,"2019/08/21 11:20:00",YARWUN_1,0
D,DISPATCH,UNIT_SCADA,1,"2019/08/21 11:20:00",YENDWF1,42.12
D,DISPATCH,UNIT_SCADA,1,"2019/08/21 11:20:00",YWPS1,374.184810
D,DISPATCH,UNIT_SCADA,1,"2019/08/21 11:20:00",YWPS2,279.194950
D,DISPATCH,UNIT_SCADA,1,"2019/08/21 11:20:00",YWPS3,0
D,DISPATCH,UNIT_SCADA,1,"2019/08/21 11:20:00",YWPS4,378.018980
C,"END OF REPORT",334
