C,NEMP.WORLD,DISPATCHSCADA,AEMO,PUBLIC,2019/09/04,18:35:08,0000000312392940,DISPATCHSCADA,0000000312392934
I,DISPATCH,UNIT_SCADA,1,SETTLEMENTDATE,DUID,SCADAVALUE
D,DISPATCH,UNIT_SCADA,1,"2019/09/04 18:40:00",BARCSF1,0.80
D,DISPATCH,UNIT_SCADA,1,"2019/09/04 18:40:00",BUTLERSG,10.199999
D,DISPATCH,UNIT_SCADA,1,"2019/09/04 18:40:00",CALL_A_4,0
D,DISPATCH,UNIT_SCADA,1,"2019/09/04 18:40:00",CAPTL_WF,45.68
D,DISPATCH,UNIT_SCADA,1,"2019/09/04 18:40:00",CATHROCK,0
D,DISPATCH,UNIT_SCADA,1,"2019/09/04 18:40:00",CHALLHWF,4.90
D,DISPATCH,UNIT_SCADA,1,"2019/09/04 18:40:00",CLOVER,-0.01
D,DISPATCH,UNIT_SCADA,1,"2019/09/04 18:40:00",CLUNY,12.220188
D,DISPATCH,UNIT_SCADA,1,"2019/09/04 18:40:00",CNUNDAWF,0.400467
D,DISPATCH,UNIT_SCADA,1,"2019/09/04 18:40:00",CULLRGWF,17.35
D,DISPATCH,UNIT_SCADA,1,"2019/09/04 18:40:00",ERGT01,0
D,DISPATCH,UNIT_SCADA,1,"2019/09/04 18:40:00",GB01,0.012104
D,DISPATCH,UNIT_SCADA,1,"2019/09/04 18:40:00",GERMCRK,38.599998
D,DISPATCH,UNIT_SCADA,1,"2019/09/04 18:40:00",GRIFSF1,0
D,DISPATCH,UNIT_SCADA,1,"2019/09/04 18:40:00",HUGSF1,-0.0870
D,DISPATCH,UNIT_SCADA,1,"2019/09/04 18:40:00",LKBONNY1,-0.449338
D,DISPATCH,UNIT_SCADA,1,"2019/09/04 18:40:00",LRSF1,-0.02
D,DISPATCH,UNIT_SCADA,1,"2019/09/04 18:40:00",MBAHNTH,43.274994
D,DISPATCH,UNIT_SCADA,1,"2019/09/04 18:40:00",MLSP1,0.366001
D,DISPATCH,UNIT_SCADA,1,"2019/09/04 18:40:00",MLWF1,0.06
D,DISPATCH,UNIT_SCADA,1,"2019/09/04 18:40:00",MTMILLAR,-0.093016
D,DISPATCH,UNIT_SCADA,1,"2019/09/04 18:40:00",PALOONA,24.019999
D,DISPATCH,UNIT_SCADA,1,"2019/09/04 18:40:00",PIONEER,48.50
D,DISPATCH,UNIT_SCADA,1,"2019/09/04 18:40:00",PORTWF,-0.60
D,DISPATCH,UNIT_SCADA,1,"2019/09/04 18:40:00",REPULSE,19.811703
D,DISPATCH,UNIT_SCADA,1,"2019/09/04 18:40:00",ROWALLAN,10.3447
D,DISPATCH,UNIT_SCADA,1,"2019/09/04 18:40:00",ROYALLA1,0
D,DISPATCH,UNIT_SCADA,1,"2019/09/04 18:40:00",RPCG,-1.80
D,DISPATCH,UNIT_SCADA,1,"2019/09/04 18:40:00",RUBICON,0
D,DISPATCH,UNIT_SCADA,1,"2019/09/04 18:40:00",SATGN1,0
D,DISPATCH,UNIT_SCADA,1,"2019/09/04 18:40:00",SATGS1,0
D,DISPATCH,UNIT_SCADA,1,"2019/09/04 18:40:00",STARHLWF,-0.099971
D,DISPATCH,UNIT_SCADA,1,"2019/09/04 18:40:00",WAUBRAWF,27.492001
D,DISPATCH,UNIT_SCADA,1,"2019/09/04 18:40:00",WOOLNTH1,32.330017
D,DISPATCH,UNIT_SCADA,1,"2019/09/04 18:40:00",WPWF,0
D,DISPATCH,UNIT_SCADA,1,"2019/09/04 18:40:00",YAMBUKWF,-0.20
D,DISPATCH,UNIT_SCADA,1,"2019/09/04 18:40:00",YSWF1,4.20
D,DISPATCH,UNIT_SCADA,1,"2019/09/04 18:40:00",AGLHAL,80.813010
D,DISPATCH,UNIT_SCADA,1,"2019/09/04 18:40:00",AGLSOM,119.600010
D,DISPATCH,UNIT_SCADA,1,"2019/09/04 18:40:00",ANGAST1,0
D,DISPATCH,UNIT_SCADA,1,"2019/09/04 18:40:00",ARWF1,33.60
D,DISPATCH,UNIT_SCADA,1,"2019/09/04 18:40:00",BALBG1,0.32
D,DISPATCH,UNIT_SCADA,1,"2019/09/04 18:40:00",BALBL1,0
D,DISPATCH,UNIT_SCADA,1,"2019/09/04 18:40:00",BALDHWF1,6.2080
D,DISPATCH,UNIT_SCADA,1,"2019/09/04 18:40:00",BANN1,0
D,DISPATCH,UNIT_SCADA,1,"2019/09/04 18:40:00",BARCALDN,0
D,DISPATCH,UNIT_SCADA,1,"2019/09/04 18:40:00",BARRON-1,32.96
D,DISPATCH,UNIT_SCADA,1,"2019/09/04 18:40:00",BARRON-2,0
D,DISPATCH,UNIT_SCADA,1,"2019/09/04 18:40:00",BASTYAN,80.420010
D,DISPATCH,UNIT_SCADA,1,"2019/09/04 18:40:00",BBTHREE1,0
D,DISPATCH,UNIT_SCADA,1,"2019/09/04 18:40:00",BBTHREE2,0
D,DISPATCH,UNIT_SCADA,1,"2019/09/04 18:40:00",BBTHREE3,0
D,DISPATCH,UNIT_SCADA,1,"2019/09/04 18:40:00",BDL01,44.04
D,DISPATCH,UNIT_SCADA,1,"2019/09/04 18:40:00",BDL02,44.10
D,DISPATCH,UNIT_SCADA,1,"2019/09/04 18:40:00",BERYLSF1,0
D,DISPATCH,UNIT_SCADA,1,"2019/09/04 18:40:00",BLOWERNG,11.10
D,DISPATCH,UNIT_SCADA,1,"2019/09/04 18:40:00",BLUFF1,6.60
D,DISPATCH,UNIT_SCADA,1,"2019/09/04 18:40:00",BNGSF1,0
D,DISPATCH,UNIT_SCADA,1,"2019/09/04 18:40:00",BNGSF2,0
D,DISPATCH,UNIT_SCADA,1,"2019/09/04 18:40:00",BOCORWF1,43.96
D,DISPATCH,UNIT_SCADA,1,"2019/09/04 18:40:00",BODWF1,56.331670
D,DISPATCH,UNIT_SCADA,1,"2019/09/04 18:40:00",BRAEMAR1,159.200010
D,DISPATCH,UNIT_SCADA,1,"2019/09/04 18:40:00",BRAEMAR2,0
D,DISPATCH,UNIT_SCADA,1,"2019/09/04 18:40:00",BRAEMAR3,173.200010
D,DISPATCH,UNIT_SCADA,1,"2019/09/04 18:40:00",BRAEMAR5,159.786480
D,DISPATCH,UNIT_SCADA,1,"2019/09/04 18:40:00",BRAEMAR6,0
D,DISPATCH,UNIT_SCADA,1,"2019/09/04 18:40:00",BRAEMAR7,0
D,DISPATCH,UNIT_SCADA,1,"2019/09/04 18:40:00",BROKENH1,0
D,DISPATCH,UNIT_SCADA,1,"2019/09/04 18:40:00",BW01,657.549930
D,DISPATCH,UNIT_SCADA,1,"2019/09/04 18:40:00",BW02,644.099980
D,DISPATCH,UNIT_SCADA,1,"2019/09/04 18:40:00",BW03,630.050050
D,DISPATCH,UNIT_SCADA,1,"2019/09/04 18:40:00",BW04,0
D,DISPATCH,UNIT_SCADA,1,"2019/09/04 18:40:00",CALL_B_1,230.20
D,DISPATCH,UNIT_SCADA,1,"2019/09/04 18:40:00",CALL_B_2,230.50
D,DISPATCH,UNIT_SCADA,1,"2019/09/04 18:40:00",CETHANA,97.825250
D,DISPATCH,UNIT_SCADA,1,"2019/09/04 18:40:00",CG1,0
D,DISPATCH,UNIT_SCADA,1,"2019/09/04 18:40:00",CG2,0
D,DISPATCH,UNIT_SCADA,1,"2019/09/04 18:40:00",CG3,0
D,DISPATCH,UNIT_SCADA,1,"2019/09/04 18:40:00",CG4,0
D,DISPATCH,UNIT_SCADA,1,"2019/09/04 18:40:00",CHILDSF1,0
D,DISPATCH,UNIT_SCADA,1,"2019/09/04 18:40:00",CLARESF1,0
D,DISPATCH,UNIT_SCADA,1,"2019/09/04 18:40:00",CLEMGPWF,25.428360
D,DISPATCH,UNIT_SCADA,1,"2019/09/04 18:40:00",CLERMSF1,0.18
D,DISPATCH,UNIT_SCADA,1,"2019/09/04 18:40:00",COLEASF1,0
D,DISPATCH,UNIT_SCADA,1,"2019/09/04 18:40:00",COOPGWF1,26.650670
D,DISPATCH,UNIT_SCADA,1,"2019/09/04 18:40:00",CPP_3,405.075010
D,DISPATCH,UNIT_SCADA,1,"2019/09/04 18:40:00",CPP_4,385.550020
D,DISPATCH,UNIT_SCADA,1,"2019/09/04 18:40:00",CPSA,141.1925
D,DISPATCH,UNIT_SCADA,1,"2019/09/04 18:40:00",CROOKWF2,63.233750
D,DISPATCH,UNIT_SCADA,1,"2019/09/04 18:40:00",CROWLWF1,16.074750
D,DISPATCH,UNIT_SCADA,1,"2019/09/04 18:40:00",CSPVPS1,0
D,DISPATCH,UNIT_SCADA,1,"2019/09/04 18:40:00",DALNTH01,6.102080
D,DISPATCH,UNIT_SCADA,1,"2019/09/04 18:40:00",DALNTHL1,0
D,DISPATCH,UNIT_SCADA,1,"2019/09/04 18:40:00",DARTM1,134
D,DISPATCH,UNIT_SCADA,1,"2019/09/04 18:40:00",DAYDSF1,0
D,DISPATCH,UNIT_SCADA,1,"2019/09/04 18:40:00",DDPS1,486.254940
D,DISPATCH,UNIT_SCADA,1,"2019/09/04 18:40:00",DDSF1,0
D,DISPATCH,UNIT_SCADA,1,"2019/09/04 18:40:00",DEVILS_G,56.3860
D,DISPATCH,UNIT_SCADA,1,"2019/09/04 18:40:00",DG_NSW1,0
D,DISPATCH,UNIT_SCADA,1,"2019/09/04 18:40:00",DG_QLD1,0
D,DISPATCH,UNIT_SCADA,1,"2019/09/04 18:40:00",DG_SA1,0
D,DISPATCH,UNIT_SCADA,1,"2019/09/04 18:40:00",DG_TAS1,0
D,DISPATCH,UNIT_SCADA,1,"2019/09/04 18:40:00",DG_VIC1,0
D,DISPATCH,UNIT_SCADA,1,"2019/09/04 18:40:00",DRYCGT1,0
D,DISPATCH,UNIT_SCADA,1,"2019/09/04 18:40:00",DRYCGT2,0
D,DISPATCH,UNIT_SCADA,1,"2019/09/04 18:40:00",DRYCGT3,0
D,DISPATCH,UNIT_SCADA,1,"2019/09/04 18:40:00",EILDON1,0
D,DISPATCH,UNIT_SCADA,1,"2019/09/04 18:40:00",EILDON2,0
D,DISPATCH,UNIT_SCADA,1,"2019/09/04 18:40:00",EMERASF1,0
D,DISPATCH,UNIT_SCADA,1,"2019/09/04 18:40:00",ER01,582.474980
D,DISPATCH,UNIT_SCADA,1,"2019/09/04 18:40:00",ER02,689.299930
D,DISPATCH,UNIT_SCADA,1,"2019/09/04 18:40:00",ER03,0
D,DISPATCH,UNIT_SCADA,1,"2019/09/04 18:40:00",ER04,688.675050
D,DISPATCH,UNIT_SCADA,1,"2019/09/04 18:40:00",FINLYSF1,0
D,DISPATCH,UNIT_SCADA,1,"2019/09/04 18:40:00",FISHER,45.71
D,DISPATCH,UNIT_SCADA,1,"2019/09/04 18:40:00",GANNBG1,11.193880
D,DISPATCH,UNIT_SCADA,1,"2019/09/04 18:40:00",GANNBL1,0
D,DISPATCH,UNIT_SCADA,1,"2019/09/04 18:40:00",GANNSF1,0
D,DISPATCH,UNIT_SCADA,1,"2019/09/04 18:40:00",GORDON,18.8916
D,DISPATCH,UNIT_SCADA,1,"2019/09/04 18:40:00",GSTONE1,242.024990
D,DISPATCH,UNIT_SCADA,1,"2019/09/04 18:40:00",GSTONE2,229.4250
D,DISPATCH,UNIT_SCADA,1,"2019/09/04 18:40:00",GSTONE3,0
D,DISPATCH,UNIT_SCADA,1,"2019/09/04 18:40:00",GSTONE4,268.799990
D,DISPATCH,UNIT_SCADA,1,"2019/09/04 18:40:00",GSTONE5,242.724990
D,DISPATCH,UNIT_SCADA,1,"2019/09/04 18:40:00",GSTONE6,241.3250
D,DISPATCH,UNIT_SCADA,1,"2019/09/04 18:40:00",GULLRSF1,0
D,DISPATCH,UNIT_SCADA,1,"2019/09/04 18:40:00",GULLRWF1,86.904140
D,DISPATCH,UNIT_SCADA,1,"2019/09/04 18:40:00",GUNNING1,16.299780
D,DISPATCH,UNIT_SCADA,1,"2019/09/04 18:40:00",GUTHEGA,30.90
D,DISPATCH,UNIT_SCADA,1,"2019/09/04 18:40:00",HALLWF1,14.39
D,DISPATCH,UNIT_SCADA,1,"2019/09/04 18:40:00",HALLWF2,25.46
D,DISPATCH,UNIT_SCADA,1,"2019/09/04 18:40:00",HAMISF1,0
D,DISPATCH,UNIT_SCADA,1,"2019/09/04 18:40:00",HAUGHT11,0
D,DISPATCH,UNIT_SCADA,1,"2019/09/04 18:40:00",HAYMSF1,0
D,DISPATCH,UNIT_SCADA,1,"2019/09/04 18:40:00",HDWF1,20.20
D,DISPATCH,UNIT_SCADA,1,"2019/09/04 18:40:00",HDWF2,22.70
D,DISPATCH,UNIT_SCADA,1,"2019/09/04 18:40:00",HDWF3,18.30
D,DISPATCH,UNIT_SCADA,1,"2019/09/04 18:40:00",HPRG1,29.90
D,DISPATCH,UNIT_SCADA,1,"2019/09/04 18:40:00",HPRL1,0
D,DISPATCH,UNIT_SCADA,1,"2019/09/04 18:40:00",HUMENSW,0
D,DISPATCH,UNIT_SCADA,1,"2019/09/04 18:40:00",HUMEV,25.30
D,DISPATCH,UNIT_SCADA,1,"2019/09/04 18:40:00",HVGTS,0
D,DISPATCH,UNIT_SCADA,1,"2019/09/04 18:40:00",JBUTTERS,114.829990
D,DISPATCH,UNIT_SCADA,1,"2019/09/04 18:40:00",JLA01,52
D,DISPATCH,UNIT_SCADA,1,"2019/09/04 18:40:00",JLA02,54.10
D,DISPATCH,UNIT_SCADA,1,"2019/09/04 18:40:00",JLA03,0
D,DISPATCH,UNIT_SCADA,1,"2019/09/04 18:40:00",JLA04,0
D,DISPATCH,UNIT_SCADA,1,"2019/09/04 18:40:00",JLB01,0
D,DISPATCH,UNIT_SCADA,1,"2019/09/04 18:40:00",JLB02,84.10
D,DISPATCH,UNIT_SCADA,1,"2019/09/04 18:40:00",JLB03,83.40
D,DISPATCH,UNIT_SCADA,1,"2019/09/04 18:40:00",KAREEYA1,21.5375
D,DISPATCH,UNIT_SCADA,1,"2019/09/04 18:40:00",KAREEYA2,21.8175
D,DISPATCH,UNIT_SCADA,1,"2019/09/04 18:40:00",KAREEYA3,0
D,DISPATCH,UNIT_SCADA,1,"2019/09/04 18:40:00",KAREEYA4,21.7425
D,DISPATCH,UNIT_SCADA,1,"2019/09/04 18:40:00",KARSF1,0
D,DISPATCH,UNIT_SCADA,1,"2019/09/04 18:40:00",KIATAWF1,0.50
D,DISPATCH,UNIT_SCADA,1,"2019/09/04 18:40:00",KPP_1,0
D,DISPATCH,UNIT_SCADA,1,"2019/09/04 18:40:00",KSP1,0
D,DISPATCH,UNIT_SCADA,1,"2019/09/04 18:40:00",LADBROK1,41.23
D,DISPATCH,UNIT_SCADA,1,"2019/09/04 18:40:00",LADBROK2,41.87
D,DISPATCH,UNIT_SCADA,1,"2019/09/04 18:40:00",LD01,424.649960
D,DISPATCH,UNIT_SCADA,1,"2019/09/04 18:40:00",LD02,401.643770
D,DISPATCH,UNIT_SCADA,1,"2019/09/04 18:40:00",LD03,421.050020
D,DISPATCH,UNIT_SCADA,1,"2019/09/04 18:40:00",LD04,386.193790
D,DISPATCH,UNIT_SCADA,1,"2019/09/04 18:40:00",LEM_WIL,85.413440
D,DISPATCH,UNIT_SCADA,1,"2019/09/04 18:40:00",LGAPWF1,25.55
D,DISPATCH,UNIT_SCADA,1,"2019/09/04 18:40:00",LILYSF1,0
D,DISPATCH,UNIT_SCADA,1,"2019/09/04 18:40:00",LI_WY_CA,120.952670
D,DISPATCH,UNIT_SCADA,1,"2019/09/04 18:40:00",LKBONNY2,-1.160150
D,DISPATCH,UNIT_SCADA,1,"2019/09/04 18:40:00",LKBONNY3,-0.225030
D,DISPATCH,UNIT_SCADA,1,"2019/09/04 18:40:00",LK_ECHO,0
D,DISPATCH,UNIT_SCADA,1,"2019/09/04 18:40:00",LNGS1,0
D,DISPATCH,UNIT_SCADA,1,"2019/09/04 18:40:00",LNGS2,0
D,DISPATCH,UNIT_SCADA,1,"2019/09/04 18:40:00",LONSDALE,0
D,DISPATCH,UNIT_SCADA,1,"2019/09/04 18:40:00",LOYYB1,536.464540
D,DISPATCH,UNIT_SCADA,1,"2019/09/04 18:40:00",LOYYB2,581.202510
D,DISPATCH,UNIT_SCADA,1,"2019/09/04 18:40:00",LYA1,0
D,DISPATCH,UNIT_SCADA,1,"2019/09/04 18:40:00",LYA2,0
D,DISPATCH,UNIT_SCADA,1,"2019/09/04 18:40:00",LYA3,560
D,DISPATCH,UNIT_SCADA,1,"2019/09/04 18:40:00",LYA4,540
D,DISPATCH,UNIT_SCADA,1,"2019/09/04 18:40:00",MACARTH1,3.899910
D,DISPATCH,UNIT_SCADA,1,"2019/09/04 18:40:00",MACKAYGT,0.2240
D,DISPATCH,UNIT_SCADA,1,"2019/09/04 18:40:00",MACKNTSH,88.77
D,DISPATCH,UNIT_SCADA,1,"2019/09/04 18:40:00",MANSLR1,0
D,DISPATCH,UNIT_SCADA,1,"2019/09/04 18:40:00",MCKAY1,258.739990
D,DISPATCH,UNIT_SCADA,1,"2019/09/04 18:40:00",MEADOWBK,24.893180
D,DISPATCH,UNIT_SCADA,1,"2019/09/04 18:40:00",MERCER01,0.3420
D,DISPATCH,UNIT_SCADA,1,"2019/09/04 18:40:00",MEWF1,13.083650
D,DISPATCH,UNIT_SCADA,1,"2019/09/04 18:40:00",MINTARO,0
D,DISPATCH,UNIT_SCADA,1,"2019/09/04 18:40:00",MOREESF1,0
D,DISPATCH,UNIT_SCADA,1,"2019/09/04 18:40:00",MORTLK11,260
D,DISPATCH,UNIT_SCADA,1,"2019/09/04 18:40:00",MORTLK12,0
D,DISPATCH,UNIT_SCADA,1,"2019/09/04 18:40:00",MP1,300.9751
D,DISPATCH,UNIT_SCADA,1,"2019/09/04 18:40:00",MP2,0
D,DISPATCH,UNIT_SCADA,1,"2019/09/04 18:40:00",MPP_1,426.25
D,DISPATCH,UNIT_SCADA,1,"2019/09/04 18:40:00",MPP_2,434.75
D,DISPATCH,UNIT_SCADA,1,"2019/09/04 18:40:00",MSTUART1,0
D,DISPATCH,UNIT_SCADA,1,"2019/09/04 18:40:00",MSTUART2,0
D,DISPATCH,UNIT_SCADA,1,"2019/09/04 18:40:00",MSTUART3,0
D,DISPATCH,UNIT_SCADA,1,"2019/09/04 18:40:00",MTGELWF1,9.906310
D,DISPATCH,UNIT_SCADA,1,"2019/09/04 18:40:00",MURRAY,789.897950
D,DISPATCH,UNIT_SCADA,1,"2019/09/04 18:40:00",MUSSELR1,165.50
D,DISPATCH,UNIT_SCADA,1,"2019/09/04 18:40:00",MUWAWF1,1.79
D,DISPATCH,UNIT_SCADA,1,"2019/09/04 18:40:00",NBHWF1,18.70
D,DISPATCH,UNIT_SCADA,1,"2019/09/04 18:40:00",NPS,303.75
D,DISPATCH,UNIT_SCADA,1,"2019/09/04 18:40:00",NUMURSF1,0
D,DISPATCH,UNIT_SCADA,1,"2019/09/04 18:40:00",NYNGAN1,0
D,DISPATCH,UNIT_SCADA,1,"2019/09/04 18:40:00",OAKEY1,0
D,DISPATCH,UNIT_SCADA,1,"2019/09/04 18:40:00",OAKEY1SF,0.03
D,DISPATCH,UNIT_SCADA,1,"2019/09/04 18:40:00",OAKEY2,0
D,DISPATCH,UNIT_SCADA,1,"2019/09/04 18:40:00",OAKEY2SF,0
D,DISPATCH,UNIT_SCADA,1,"2019/09/04 18:40:00",OAKLAND1,-0.30
D,DISPATCH,UNIT_SCADA,1,"2019/09/04 18:40:00",OSB-AG,178.710010
D,DISPATCH,UNIT_SCADA,1,"2019/09/04 18:40:00",PARSF1,0
D,DISPATCH,UNIT_SCADA,1,"2019/09/04 18:40:00",POAT110,0
D,DISPATCH,UNIT_SCADA,1,"2019/09/04 18:40:00",POAT220,12.92
D,DISPATCH,UNIT_SCADA,1,"2019/09/04 18:40:00",POR01,0
D,DISPATCH,UNIT_SCADA,1,"2019/09/04 18:40:00",POR03,0
D,DISPATCH,UNIT_SCADA,1,"2019/09/04 18:40:00",PPCCGT,482.260380
D,DISPATCH,UNIT_SCADA,1,"2019/09/04 18:40:00",PTSTAN1,0
D,DISPATCH,UNIT_SCADA,1,"2019/09/04 18:40:00",PUMP1,0
D,DISPATCH,UNIT_SCADA,1,"2019/09/04 18:40:00",PUMP2,0
D,DISPATCH,UNIT_SCADA,1,"2019/09/04 18:40:00",QPS1,29.10
D,DISPATCH,UNIT_SCADA,1,"2019/09/04 18:40:00",QPS2,22.80
D,DISPATCH,UNIT_SCADA,1,"2019/09/04 18:40:00",QPS3,22.60
D,DISPATCH,UNIT_SCADA,1,"2019/09/04 18:40:00",QPS4,23.10
D,DISPATCH,UNIT_SCADA,1,"2019/09/04 18:40:00",QPS5,121.07
D,DISPATCH,UNIT_SCADA,1,"2019/09/04 18:40:00",REECE1,114.620010
D,DISPATCH,UNIT_SCADA,1,"2019/09/04 18:40:00",REECE2,116.280010
D,DISPATCH,UNIT_SCADA,1,"2019/09/04 18:40:00",ROMA_7,0
D,DISPATCH,UNIT_SCADA,1,"2019/09/04 18:40:00",ROMA_8,0
D,DISPATCH,UNIT_SCADA,1,"2019/09/04 18:40:00",RRSF1,0
D,DISPATCH,UNIT_SCADA,1,"2019/09/04 18:40:00",RT_NSW1,0
D,DISPATCH,UNIT_SCADA,1,"2019/09/04 18:40:00",RT_NSW2,0
D,DISPATCH,UNIT_SCADA,1,"2019/09/04 18:40:00",RT_NSW3,0
D,DISPATCH,UNIT_SCADA,1,"2019/09/04 18:40:00",RT_NSW4,0
D,DISPATCH,UNIT_SCADA,1,"2019/09/04 18:40:00",RT_NSW5,0
D,DISPATCH,UNIT_SCADA,1,"2019/09/04 18:40:00",RT_NSW6,0
D,DISPATCH,UNIT_SCADA,1,"2019/09/04 18:40:00",RT_QLD1,0
D,DISPATCH,UNIT_SCADA,1,"2019/09/04 18:40:00",RT_SA1,0
D,DISPATCH,UNIT_SCADA,1,"2019/09/04 18:40:00",RT_SA2,0
D,DISPATCH,UNIT_SCADA,1,"2019/09/04 18:40:00",RT_SA3,0
D,DISPATCH,UNIT_SCADA,1,"2019/09/04 18:40:00",RT_SA4,0
D,DISPATCH,UNIT_SCADA,1,"2019/09/04 18:40:00",RT_SA5,0
D,DISPATCH,UNIT_SCADA,1,"2019/09/04 18:40:00",RT_SA6,0
D,DISPATCH,UNIT_SCADA,1,"2019/09/04 18:40:00",RT_TAS1,0
D,DISPATCH,UNIT_SCADA,1,"2019/09/04 18:40:00",RT_VIC1,0
D,DISPATCH,UNIT_SCADA,1,"2019/09/04 18:40:00",RT_VIC10,0
D,DISPATCH,UNIT_SCADA,1,"2019/09/04 18:40:00",RT_VIC11,0
D,DISPATCH,UNIT_SCADA,1,"2019/09/04 18:40:00",RT_VIC12,0
D,DISPATCH,UNIT_SCADA,1,"2019/09/04 18:40:00",RT_VIC2,0
D,DISPATCH,UNIT_SCADA,1,"2019/09/04 18:40:00",RT_VIC3,0
D,DISPATCH,UNIT_SCADA,1,"2019/09/04 18:40:00",RT_VIC4,0
D,DISPATCH,UNIT_SCADA,1,"2019/09/04 18:40:00",RT_VIC5,0
D,DISPATCH,UNIT_SCADA,1,"2019/09/04 18:40:00",RT_VIC6,0
D,DISPATCH,UNIT_SCADA,1,"2019/09/04 18:40:00",RT_VIC7,0
D,DISPATCH,UNIT_SCADA,1,"2019/09/04 18:40:00",RT_VIC8,0
D,DISPATCH,UNIT_SCADA,1,"2019/09/04 18:40:00",RT_VIC9,0
D,DISPATCH,UNIT_SCADA,1,"2019/09/04 18:40:00",RUGBYR1,0
D,DISPATCH,UNIT_SCADA,1,"2019/09/04 18:40:00",SALTCRK1,-0.30
D,DISPATCH,UNIT_SCADA,1,"2019/09/04 18:40:00",SAPHWF1,119.568760
D,DISPATCH,UNIT_SCADA,1,"2019/09/04 18:40:00",SHGEN,160.168090
D,DISPATCH,UNIT_SCADA,1,"2019/09/04 18:40:00",SHPUMP,0
D,DISPATCH,UNIT_SCADA,1,"2019/09/04 18:40:00",SITHE01,113.907070
D,DISPATCH,UNIT_SCADA,1,"2019/09/04 18:40:00",SMCSF1,0
D,DISPATCH,UNIT_SCADA,1,"2019/09/04 18:40:00",SNOWNTH1,4.90
D,DISPATCH,UNIT_SCADA,1,"2019/09/04 18:40:00",SNOWSTH1,3.50
D,DISPATCH,UNIT_SCADA,1,"2019/09/04 18:40:00",SNOWTWN1,4.761350
D,DISPATCH,UNIT_SCADA,1,"2019/09/04 18:40:00",SNOWYP,0
D,DISPATCH,UNIT_SCADA,1,"2019/09/04 18:40:00",SNUG1,0.019440
D,DISPATCH,UNIT_SCADA,1,"2019/09/04 18:40:00",SRSF1,0.06
D,DISPATCH,UNIT_SCADA,1,"2019/09/04 18:40:00",STAN-1,217.928240
D,DISPATCH,UNIT_SCADA,1,"2019/09/04 18:40:00",STAN-2,357.103910
D,DISPATCH,UNIT_SCADA,1,"2019/09/04 18:40:00",STAN-3,363.2308
D,DISPATCH,UNIT_SCADA,1,"2019/09/04 18:40:00",STAN-4,361.103060
D,DISPATCH,UNIT_SCADA,1,"2019/09/04 18:40:00",STWF1,73.788760
D,DISPATCH,UNIT_SCADA,1,"2019/09/04 18:40:00",SWAN_E,0
D,DISPATCH,UNIT_SCADA,1,"2019/09/04 18:40:00",TALWA1,436
D,DISPATCH,UNIT_SCADA,1,"2019/09/04 18:40:00",TARALGA1,47.272490
D,DISPATCH,UNIT_SCADA,1,"2019/09/04 18:40:00",TARONG#1,343
D,DISPATCH,UNIT_SCADA,1,"2019/09/04 18:40:00",TARONG#2,0
D,DISPATCH,UNIT_SCADA,1,"2019/09/04 18:40:00",TARONG#3,349.899990
D,DISPATCH,UNIT_SCADA,1,"2019/09/04 18:40:00",TARONG#4,349.50
D,DISPATCH,UNIT_SCADA,1,"2019/09/04 18:40:00",TARRALEA,71
D,DISPATCH,UNIT_SCADA,1,"2019/09/04 18:40:00",TBSF1,-0.20
D,DISPATCH,UNIT_SCADA,1,"2019/09/04 18:40:00",TNPS1,379.300020
D,DISPATCH,UNIT_SCADA,1,"2019/09/04 18:40:00",TORRA1,117.813930
D,DISPATCH,UNIT_SCADA,1,"2019/09/04 18:40:00",TORRA2,0
D,DISPATCH,UNIT_SCADA,1,"2019/09/04 18:40:00",TORRA3,0
D,DISPATCH,UNIT_SCADA,1,"2019/09/04 18:40:00",TORRA4,99.918920
D,DISPATCH,UNIT_SCADA,1,"2019/09/04 18:40:00",TORRB1,186.75
D,DISPATCH,UNIT_SCADA,1,"2019/09/04 18:40:00",TORRB2,187.17
D,DISPATCH,UNIT_SCADA,1,"2019/09/04 18:40:00",TORRB3,188.710010
D,DISPATCH,UNIT_SCADA,1,"2019/09/04 18:40:00",TORRB4,0
D,DISPATCH,UNIT_SCADA,1,"2019/09/04 18:40:00",TREVALLN,44.040020
D,DISPATCH,UNIT_SCADA,1,"2019/09/04 18:40:00",TRIBUTE,0
D,DISPATCH,UNIT_SCADA,1,"2019/09/04 18:40:00",TUMUT3,285.789980
D,DISPATCH,UNIT_SCADA,1,"2019/09/04 18:40:00",TUNGATIN,129.450030
D,DISPATCH,UNIT_SCADA,1,"2019/09/04 18:40:00",TVCC201,0
D,DISPATCH,UNIT_SCADA,1,"2019/09/04 18:40:00",TVPP104,0
D,DISPATCH,UNIT_SCADA,1,"2019/09/04 18:40:00",UPPTUMUT,550.959530
D,DISPATCH,UNIT_SCADA,1,"2019/09/04 18:40:00",URANQ11,161.799990
D,DISPATCH,UNIT_SCADA,1,"2019/09/04 18:40:00",URANQ12,162.418760
D,DISPATCH,UNIT_SCADA,1,"2019/09/04 18:40:00",URANQ13,0
D,DISPATCH,UNIT_SCADA,1,"2019/09/04 18:40:00",URANQ14,0
D,DISPATCH,UNIT_SCADA,1,"2019/09/04 18:40:00",VP5,634.224980
D,DISPATCH,UNIT_SCADA,1,"2019/09/04 18:40:00",VP6,0
D,DISPATCH,UNIT_SCADA,1,"2019/09/04 18:40:00",VPGS1,0
D,DISPATCH,UNIT_SCADA,1,"2019/09/04 18:40:00",VPGS2,0
D,DISPATCH,UNIT_SCADA,1,"2019/09/04 18:40:00",VPGS3,0
D,DISPATCH,UNIT_SCADA,1,"2019/09/04 18:40:00",VPGS4,0
D,DISPATCH,UNIT_SCADA,1,"2019/09/04 18:40:00",VPGS5,0
D,DISPATCH,UNIT_SCADA,1,"2019/09/04 18:40:00",VPGS6,0
D,DISPATCH,UNIT_SCADA,1,"2019/09/04 18:40:00",W/HOE#1,161.129990
D,DISPATCH,UNIT_SCADA,1,"2019/09/04 18:40:00",W/HOE#2,0
D,DISPATCH,UNIT_SCADA,1,"2019/09/04 18:40:00",WATERLWF,0.30
D,DISPATCH,UNIT_SCADA,1,"2019/09/04 18:40:00",WEMENSF1,0
D,DISPATCH,UNIT_SCADA,1,"2019/09/04 18:40:00",WGWF1,21.10
D,DISPATCH,UNIT_SCADA,1,"2019/09/04 18:40:00",WHITSF1,0
D,DISPATCH,UNIT_SCADA,1,"2019/09/04 18:40:00",WKIEWA1,31.70
D,DISPATCH,UNIT_SCADA,1,"2019/09/04 18:40:00",WKIEWA2,31.60
D,DISPATCH,UNIT_SCADA,1,"2019/09/04 18:40:00",WOODLWN1,13.626010
D,DISPATCH,UNIT_SCADA,1,"2019/09/04 18:40:00",WRSF1,0
D,DISPATCH,UNIT_SCADA,1,"2019/09/04 18:40:00",WRWF1,38.081250
D,DISPATCH,UNIT_SCADA,1,"2019/09/04 18:40:00",YABULU,161.550020
D,DISPATCH,UNIT_SCADA,1,"2019/09/04 18:40:00",YABULU2,0
D,DISPATCH,UNIT_SCADA,1,"2019/09/04 18:40:00",YARWUN_1,158.739990
D,DISPATCH,UNIT_SCADA,1,"2019/09/04 18:40:00",YENDWF1,7.31
D,DISPATCH,UNIT_SCADA,1,"2019/09/04 18:40:00",YWPS1,380.9519
D,DISPATCH,UNIT_SCADA,1,"2019/09/04 18:40:00",YWPS2,281.701260
D,DISPATCH,UNIT_SCADA,1,"2019/09/04 18:40:00",YWPS3,0
D,DISPATCH,UNIT_SCADA,1,"2019/09/04 18:40:00",YWPS4,383.382290
C,"END OF REPORT",335
