C,NEMP.WORLD,DISPATCHSCADA,AEMO,PUBLIC,2019/08/22,08:50:15,0000000311859714,DISPATCHSCADA,0000000311859708
I,DISPATCH,UNIT_SCADA,1,SETTLEMENTDATE,DUID,SCADAVALUE
D,DISPATCH,UNIT_SCADA,1,"2019/08/22 08:55:00",BARCSF1,18
D,DISPATCH,UNIT_SCADA,1,"2019/08/22 08:55:00",BUTLERSG,9.699999
D,DISPATCH,UNIT_SCADA,1,"2019/08/22 08:55:00",CALL_A_4,0
D,DISPATCH,UNIT_SCADA,1,"2019/08/22 08:55:00",CAPTL_WF,118.232002
D,DISPATCH,UNIT_SCADA,1,"2019/08/22 08:55:00",CATHROCK,0
D,DISPATCH,UNIT_SCADA,1,"2019/08/22 08:55:00",CHALLHWF,27.40
D,DISPATCH,UNIT_SCADA,1,"2019/08/22 08:55:00",CLOVER,0
D,DISPATCH,UNIT_SCADA,1,"2019/08/22 08:55:00",CLUNY,19.807278
D,DISPATCH,UNIT_SCADA,1,"2019/08/22 08:55:00",CNUNDAWF,26.831299
D,DISPATCH,UNIT_SCADA,1,"2019/08/22 08:55:00",CULLRGWF,30.40
D,DISPATCH,UNIT_SCADA,1,"2019/08/22 08:55:00",ERGT01,0
D,DISPATCH,UNIT_SCADA,1,"2019/08/22 08:55:00",GB01,0.054008
D,DISPATCH,UNIT_SCADA,1,"2019/08/22 08:55:00",GERMCRK,37.700001
D,DISPATCH,UNIT_SCADA,1,"2019/08/22 08:55:00",GRIFSF1,16
D,DISPATCH,UNIT_SCADA,1,"2019/08/22 08:55:00",HUGSF1,8.9930
D,DISPATCH,UNIT_SCADA,1,"2019/08/22 08:55:00",LKBONNY1,56.800755
D,DISPATCH,UNIT_SCADA,1,"2019/08/22 08:55:00",LRSF1,0.0390
D,DISPATCH,UNIT_SCADA,1,"2019/08/22 08:55:00",MBAHNTH,55.968750
D,DISPATCH,UNIT_SCADA,1,"2019/08/22 08:55:00",MLSP1,7.132001
D,DISPATCH,UNIT_SCADA,1,"2019/08/22 08:55:00",MLWF1,10.3650
D,DISPATCH,UNIT_SCADA,1,"2019/08/22 08:55:00",MTMILLAR,3.169999
D,DISPATCH,UNIT_SCADA,1,"2019/08/22 08:55:00",PALOONA,28.48
D,DISPATCH,UNIT_SCADA,1,"2019/08/22 08:55:00",PIONEER,43.50
D,DISPATCH,UNIT_SCADA,1,"2019/08/22 08:55:00",PORTWF,65.400002
D,DISPATCH,UNIT_SCADA,1,"2019/08/22 08:55:00",REPULSE,29.177080
D,DISPATCH,UNIT_SCADA,1,"2019/08/22 08:55:00",ROWALLAN,10.4157
D,DISPATCH,UNIT_SCADA,1,"2019/08/22 08:55:00",ROYALLA1,13.371001
D,DISPATCH,UNIT_SCADA,1,"2019/08/22 08:55:00",RPCG,9.80
D,DISPATCH,UNIT_SCADA,1,"2019/08/22 08:55:00",RUBICON,0
D,DISPATCH,UNIT_SCADA,1,"2019/08/22 08:55:00",SATGN1,0
D,DISPATCH,UNIT_SCADA,1,"2019/08/22 08:55:00",SATGS1,0
D,DISPATCH,UNIT_SCADA,1,"2019/08/22 08:55:00",STARHLWF,1.799475
D,DISPATCH,UNIT_SCADA,1,"2019/08/22 08:55:00",WAUBRAWF,174.809006
D,DISPATCH,UNIT_SCADA,1,"2019/08/22 08:55:00",WOOLNTH1,121.060020
D,DISPATCH,UNIT_SCADA,1,"2019/08/22 08:55:00",WPWF,3
D,DISPATCH,UNIT_SCADA,1,"2019/08/22 08:55:00",YAMBUKWF,27.299999
D,DISPATCH,UNIT_SCADA,1,"2019/08/22 08:55:00",YSWF1,17
D,DISPATCH,UNIT_SCADA,1,"2019/08/22 08:55:00",AGLHAL,0
D,DISPATCH,UNIT_SCADA,1,"2019/08/22 08:55:00",AGLSOM,0
D,DISPATCH,UNIT_SCADA,1,"2019/08/22 08:55:00",ANGAST1,0
D,DISPATCH,UNIT_SCADA,1,"2019/08/22 08:55:00",ARWF1,203.399990
D,DISPATCH,UNIT_SCADA,1,"2019/08/22 08:55:00",BALBG1,0
D,DISPATCH,UNIT_SCADA,1,"2019/08/22 08:55:00",BALBL1,0
D,DISPATCH,UNIT_SCADA,1,"2019/08/22 08:55:00",BALDHWF1,90.3020
D,DISPATCH,UNIT_SCADA,1,"2019/08/22 08:55:00",BANN1,57.42
D,DISPATCH,UNIT_SCADA,1,"2019/08/22 08:55:00",BARCALDN,0
D,DISPATCH,UNIT_SCADA,1,"2019/08/22 08:55:00",BARRON-1,0
D,DISPATCH,UNIT_SCADA,1,"2019/08/22 08:55:00",BARRON-2,28.24
D,DISPATCH,UNIT_SCADA,1,"2019/08/22 08:55:00",BASTYAN,78.48
D,DISPATCH,UNIT_SCADA,1,"2019/08/22 08:55:00",BBTHREE1,-1.95
D,DISPATCH,UNIT_SCADA,1,"2019/08/22 08:55:00",BBTHREE2,-1.91
D,DISPATCH,UNIT_SCADA,1,"2019/08/22 08:55:00",BBTHREE3,0
D,DISPATCH,UNIT_SCADA,1,"2019/08/22 08:55:00",BDL01,0
D,DISPATCH,UNIT_SCADA,1,"2019/08/22 08:55:00",BDL02,19.80
D,DISPATCH,UNIT_SCADA,1,"2019/08/22 08:55:00",BERYLSF1,6.992620
D,DISPATCH,UNIT_SCADA,1,"2019/08/22 08:55:00",BLOWERNG,0
D,DISPATCH,UNIT_SCADA,1,"2019/08/22 08:55:00",BLUFF1,14.30
D,DISPATCH,UNIT_SCADA,1,"2019/08/22 08:55:00",BNGSF1,73.89
D,DISPATCH,UNIT_SCADA,1,"2019/08/22 08:55:00",BNGSF2,19.99
D,DISPATCH,UNIT_SCADA,1,"2019/08/22 08:55:00",BOCORWF1,100.96
D,DISPATCH,UNIT_SCADA,1,"2019/08/22 08:55:00",BODWF1,110.331310
D,DISPATCH,UNIT_SCADA,1,"2019/08/22 08:55:00",BRAEMAR1,0
D,DISPATCH,UNIT_SCADA,1,"2019/08/22 08:55:00",BRAEMAR2,0
D,DISPATCH,UNIT_SCADA,1,"2019/08/22 08:55:00",BRAEMAR3,0
D,DISPATCH,UNIT_SCADA,1,"2019/08/22 08:55:00",BRAEMAR5,0
D,DISPATCH,UNIT_SCADA,1,"2019/08/22 08:55:00",BRAEMAR6,0
D,DISPATCH,UNIT_SCADA,1,"2019/08/22 08:55:00",BRAEMAR7,0
D,DISPATCH,UNIT_SCADA,1,"2019/08/22 08:55:00",BROKENH1,27.749510
D,DISPATCH,UNIT_SCADA,1,"2019/08/22 08:55:00",BW01,562.3999
D,DISPATCH,UNIT_SCADA,1,"2019/08/22 08:55:00",BW02,559.2749
D,DISPATCH,UNIT_SCADA,1,"2019/08/22 08:55:00",BW03,548.074950
D,DISPATCH,UNIT_SCADA,1,"2019/08/22 08:55:00",BW04,0
D,DISPATCH,UNIT_SCADA,1,"2019/08/22 08:55:00",CALL_B_1,346.800020
D,DISPATCH,UNIT_SCADA,1,"2019/08/22 08:55:00",CALL_B_2,289.300020
D,DISPATCH,UNIT_SCADA,1,"2019/08/22 08:55:00",CETHANA,98.9030
D,DISPATCH,UNIT_SCADA,1,"2019/08/22 08:55:00",CG1,0
D,DISPATCH,UNIT_SCADA,1,"2019/08/22 08:55:00",CG2,0
D,DISPATCH,UNIT_SCADA,1,"2019/08/22 08:55:00",CG3,0
D,DISPATCH,UNIT_SCADA,1,"2019/08/22 08:55:00",CG4,0
D,DISPATCH,UNIT_SCADA,1,"2019/08/22 08:55:00",CHILDSF1,40.12
D,DISPATCH,UNIT_SCADA,1,"2019/08/22 08:55:00",CLARESF1,44.0832
D,DISPATCH,UNIT_SCADA,1,"2019/08/22 08:55:00",CLEMGPWF,6.843330
D,DISPATCH,UNIT_SCADA,1,"2019/08/22 08:55:00",CLERMSF1,15.17
D,DISPATCH,UNIT_SCADA,1,"2019/08/22 08:55:00",COLEASF1,56.20
D,DISPATCH,UNIT_SCADA,1,"2019/08/22 08:55:00",COOPGWF1,34.139290
D,DISPATCH,UNIT_SCADA,1,"2019/08/22 08:55:00",CPP_3,404.800020
D,DISPATCH,UNIT_SCADA,1,"2019/08/22 08:55:00",CPP_4,374
D,DISPATCH,UNIT_SCADA,1,"2019/08/22 08:55:00",CPSA,143.130620
D,DISPATCH,UNIT_SCADA,1,"2019/08/22 08:55:00",CROOKWF2,84.7350
D,DISPATCH,UNIT_SCADA,1,"2019/08/22 08:55:00",CROWLWF1,43.5671
D,DISPATCH,UNIT_SCADA,1,"2019/08/22 08:55:00",CSPVPS1,26.1110
D,DISPATCH,UNIT_SCADA,1,"2019/08/22 08:55:00",DALNTH01,0
D,DISPATCH,UNIT_SCADA,1,"2019/08/22 08:55:00",DALNTHL1,0.022890
D,DISPATCH,UNIT_SCADA,1,"2019/08/22 08:55:00",DARTM1,134.50
D,DISPATCH,UNIT_SCADA,1,"2019/08/22 08:55:00",DAYDSF1,113.4660
D,DISPATCH,UNIT_SCADA,1,"2019/08/22 08:55:00",DDPS1,0
D,DISPATCH,UNIT_SCADA,1,"2019/08/22 08:55:00",DDSF1,79.085570
D,DISPATCH,UNIT_SCADA,1,"2019/08/22 08:55:00",DEVILS_G,0
D,DISPATCH,UNIT_SCADA,1,"2019/08/22 08:55:00",DG_NSW1,0
D,DISPATCH,UNIT_SCADA,1,"2019/08/22 08:55:00",DG_QLD1,0
D,DISPATCH,UNIT_SCADA,1,"2019/08/22 08:55:00",DG_SA1,0
D,DISPATCH,UNIT_SCADA,1,"2019/08/22 08:55:00",DG_TAS1,0
D,DISPATCH,UNIT_SCADA,1,"2019/08/22 08:55:00",DG_VIC1,0
D,DISPATCH,UNIT_SCADA,1,"2019/08/22 08:55:00",DRYCGT1,0
D,DISPATCH,UNIT_SCADA,1,"2019/08/22 08:55:00",DRYCGT2,0
D,DISPATCH,UNIT_SCADA,1,"2019/08/22 08:55:00",DRYCGT3,0
D,DISPATCH,UNIT_SCADA,1,"2019/08/22 08:55:00",EILDON1,0
D,DISPATCH,UNIT_SCADA,1,"2019/08/22 08:55:00",EILDON2,0
D,DISPATCH,UNIT_SCADA,1,"2019/08/22 08:55:00",EMERASF1,59.17
D,DISPATCH,UNIT_SCADA,1,"2019/08/22 08:55:00",ER01,563.449950
D,DISPATCH,UNIT_SCADA,1,"2019/08/22 08:55:00",ER02,575.1250
D,DISPATCH,UNIT_SCADA,1,"2019/08/22 08:55:00",ER03,699.474980
D,DISPATCH,UNIT_SCADA,1,"2019/08/22 08:55:00",ER04,651.275020
D,DISPATCH,UNIT_SCADA,1,"2019/08/22 08:55:00",FINLYSF1,3.508310
D,DISPATCH,UNIT_SCADA,1,"2019/08/22 08:55:00",FISHER,45.93
D,DISPATCH,UNIT_SCADA,1,"2019/08/22 08:55:00",GANNBG1,5.001510
D,DISPATCH,UNIT_SCADA,1,"2019/08/22 08:55:00",GANNBL1,0
D,DISPATCH,UNIT_SCADA,1,"2019/08/22 08:55:00",GANNSF1,40.50
D,DISPATCH,UNIT_SCADA,1,"2019/08/22 08:55:00",GORDON,85.351280
D,DISPATCH,UNIT_SCADA,1,"2019/08/22 08:55:00",GSTONE1,129.849990
D,DISPATCH,UNIT_SCADA,1,"2019/08/22 08:55:00",GSTONE2,127.5750
D,DISPATCH,UNIT_SCADA,1,"2019/08/22 08:55:00",GSTONE3,129.849990
D,DISPATCH,UNIT_SCADA,1,"2019/08/22 08:55:00",GSTONE4,129.849990
D,DISPATCH,UNIT_SCADA,1,"2019/08/22 08:55:00",GSTONE5,128.6250
D,DISPATCH,UNIT_SCADA,1,"2019/08/22 08:55:00",GSTONE6,0
D,DISPATCH,UNIT_SCADA,1,"2019/08/22 08:55:00",GULLRSF1,3.092380
D,DISPATCH,UNIT_SCADA,1,"2019/08/22 08:55:00",GULLRWF1,158.756160
D,DISPATCH,UNIT_SCADA,1,"2019/08/22 08:55:00",GUNNING1,43.399130
D,DISPATCH,UNIT_SCADA,1,"2019/08/22 08:55:00",GUTHEGA,0
D,DISPATCH,UNIT_SCADA,1,"2019/08/22 08:55:00",HALLWF1,42.02
D,DISPATCH,UNIT_SCADA,1,"2019/08/22 08:55:00",HALLWF2,22.28
D,DISPATCH,UNIT_SCADA,1,"2019/08/22 08:55:00",HAMISF1,45.30
D,DISPATCH,UNIT_SCADA,1,"2019/08/22 08:55:00",HAUGHT11,50.038780
D,DISPATCH,UNIT_SCADA,1,"2019/08/22 08:55:00",HAYMSF1,39.6960
D,DISPATCH,UNIT_SCADA,1,"2019/08/22 08:55:00",HDWF1,26.50
D,DISPATCH,UNIT_SCADA,1,"2019/08/22 08:55:00",HDWF2,27.60
D,DISPATCH,UNIT_SCADA,1,"2019/08/22 08:55:00",HDWF3,36.60
D,DISPATCH,UNIT_SCADA,1,"2019/08/22 08:55:00",HPRG1,23.50
D,DISPATCH,UNIT_SCADA,1,"2019/08/22 08:55:00",HPRL1,0
D,DISPATCH,UNIT_SCADA,1,"2019/08/22 08:55:00",HUMENSW,0
D,DISPATCH,UNIT_SCADA,1,"2019/08/22 08:55:00",HUMEV,10.40
D,DISPATCH,UNIT_SCADA,1,"2019/08/22 08:55:00",HVGTS,0
D,DISPATCH,UNIT_SCADA,1,"2019/08/22 08:55:00",JBUTTERS,139.19
D,DISPATCH,UNIT_SCADA,1,"2019/08/22 08:55:00",JLA01,0.50
D,DISPATCH,UNIT_SCADA,1,"2019/08/22 08:55:00",JLA02,0
D,DISPATCH,UNIT_SCADA,1,"2019/08/22 08:55:00",JLA03,0.10
D,DISPATCH,UNIT_SCADA,1,"2019/08/22 08:55:00",JLA04,0.10
D,DISPATCH,UNIT_SCADA,1,"2019/08/22 08:55:00",JLB01,0
D,DISPATCH,UNIT_SCADA,1,"2019/08/22 08:55:00",JLB02,0.10
D,DISPATCH,UNIT_SCADA,1,"2019/08/22 08:55:00",JLB03,0
D,DISPATCH,UNIT_SCADA,1,"2019/08/22 08:55:00",KAREEYA1,21.55
D,DISPATCH,UNIT_SCADA,1,"2019/08/22 08:55:00",KAREEYA2,21.7675
D,DISPATCH,UNIT_SCADA,1,"2019/08/22 08:55:00",KAREEYA3,0
D,DISPATCH,UNIT_SCADA,1,"2019/08/22 08:55:00",KAREEYA4,21.7275
D,DISPATCH,UNIT_SCADA,1,"2019/08/22 08:55:00",KARSF1,74.80
D,DISPATCH,UNIT_SCADA,1,"2019/08/22 08:55:00",KIATAWF1,23.60
D,DISPATCH,UNIT_SCADA,1,"2019/08/22 08:55:00",KPP_1,0
D,DISPATCH,UNIT_SCADA,1,"2019/08/22 08:55:00",KSP1,47.13
D,DISPATCH,UNIT_SCADA,1,"2019/08/22 08:55:00",LADBROK1,42.72
D,DISPATCH,UNIT_SCADA,1,"2019/08/22 08:55:00",LADBROK2,42.78
D,DISPATCH,UNIT_SCADA,1,"2019/08/22 08:55:00",LD01,348.993740
D,DISPATCH,UNIT_SCADA,1,"2019/08/22 08:55:00",LD02,348.487430
D,DISPATCH,UNIT_SCADA,1,"2019/08/22 08:55:00",LD03,354.599950
D,DISPATCH,UNIT_SCADA,1,"2019/08/22 08:55:00",LD04,349.518770
D,DISPATCH,UNIT_SCADA,1,"2019/08/22 08:55:00",LEM_WIL,86.2183
D,DISPATCH,UNIT_SCADA,1,"2019/08/22 08:55:00",LGAPWF1,6.05
D,DISPATCH,UNIT_SCADA,1,"2019/08/22 08:55:00",LILYSF1,95.420410
D,DISPATCH,UNIT_SCADA,1,"2019/08/22 08:55:00",LI_WY_CA,149.163420
D,DISPATCH,UNIT_SCADA,1,"2019/08/22 08:55:00",LKBONNY2,78.961410
D,DISPATCH,UNIT_SCADA,1,"2019/08/22 08:55:00",LKBONNY3,0
D,DISPATCH,UNIT_SCADA,1,"2019/08/22 08:55:00",LK_ECHO,0
D,DISPATCH,UNIT_SCADA,1,"2019/08/22 08:55:00",LNGS1,0
D,DISPATCH,UNIT_SCADA,1,"2019/08/22 08:55:00",LNGS2,0
D,DISPATCH,UNIT_SCADA,1,"2019/08/22 08:55:00",LONSDALE,0
D,DISPATCH,UNIT_SCADA,1,"2019/08/22 08:55:00",LOYYB1,536.088620
D,DISPATCH,UNIT_SCADA,1,"2019/08/22 08:55:00",LOYYB2,583.834170
D,DISPATCH,UNIT_SCADA,1,"2019/08/22 08:55:00",LYA1,560
D,DISPATCH,UNIT_SCADA,1,"2019/08/22 08:55:00",LYA2,0
D,DISPATCH,UNIT_SCADA,1,"2019/08/22 08:55:00",LYA3,560
D,DISPATCH,UNIT_SCADA,1,"2019/08/22 08:55:00",LYA4,529
D,DISPATCH,UNIT_SCADA,1,"2019/08/22 08:55:00",MACARTH1,162.496250
D,DISPATCH,UNIT_SCADA,1,"2019/08/22 08:55:00",MACKAYGT,0
D,DISPATCH,UNIT_SCADA,1,"2019/08/22 08:55:00",MACKNTSH,86.460010
D,DISPATCH,UNIT_SCADA,1,"2019/08/22 08:55:00",MANSLR1,4.0480
D,DISPATCH,UNIT_SCADA,1,"2019/08/22 08:55:00",MCKAY1,0.02
D,DISPATCH,UNIT_SCADA,1,"2019/08/22 08:55:00",MEADOWBK,34.1531
D,DISPATCH,UNIT_SCADA,1,"2019/08/22 08:55:00",MERCER01,51.9380
D,DISPATCH,UNIT_SCADA,1,"2019/08/22 08:55:00",MEWF1,34.654210
D,DISPATCH,UNIT_SCADA,1,"2019/08/22 08:55:00",MINTARO,0
D,DISPATCH,UNIT_SCADA,1,"2019/08/22 08:55:00",MOREESF1,51.66
D,DISPATCH,UNIT_SCADA,1,"2019/08/22 08:55:00",MORTLK11,259
D,DISPATCH,UNIT_SCADA,1,"2019/08/22 08:55:00",MORTLK12,0
D,DISPATCH,UNIT_SCADA,1,"2019/08/22 08:55:00",MP1,282.474980
D,DISPATCH,UNIT_SCADA,1,"2019/08/22 08:55:00",MP2,0
D,DISPATCH,UNIT_SCADA,1,"2019/08/22 08:55:00",MPP_1,399.25
D,DISPATCH,UNIT_SCADA,1,"2019/08/22 08:55:00",MPP_2,405.75
D,DISPATCH,UNIT_SCADA,1,"2019/08/22 08:55:00",MSTUART1,0
D,DISPATCH,UNIT_SCADA,1,"2019/08/22 08:55:00",MSTUART2,0
D,DISPATCH,UNIT_SCADA,1,"2019/08/22 08:55:00",MSTUART3,0
D,DISPATCH,UNIT_SCADA,1,"2019/08/22 08:55:00",MTGELWF1,29.071930
D,DISPATCH,UNIT_SCADA,1,"2019/08/22 08:55:00",MURRAY,0
D,DISPATCH,UNIT_SCADA,1,"2019/08/22 08:55:00",MUSSELR1,117.80
D,DISPATCH,UNIT_SCADA,1,"2019/08/22 08:55:00",MUWAWF1,23.50
D,DISPATCH,UNIT_SCADA,1,"2019/08/22 08:55:00",NBHWF1,57.30
D,DISPATCH,UNIT_SCADA,1,"2019/08/22 08:55:00",NPS,0
D,DISPATCH,UNIT_SCADA,1,"2019/08/22 08:55:00",NUMURSF1,87.13
D,DISPATCH,UNIT_SCADA,1,"2019/08/22 08:55:00",NYNGAN1,51.50
D,DISPATCH,UNIT_SCADA,1,"2019/08/22 08:55:00",OAKEY1,0
D,DISPATCH,UNIT_SCADA,1,"2019/08/22 08:55:00",OAKEY1SF,21.4360
D,DISPATCH,UNIT_SCADA,1,"2019/08/22 08:55:00",OAKEY2,0
D,DISPATCH,UNIT_SCADA,1,"2019/08/22 08:55:00",OAKLAND1,14.40
D,DISPATCH,UNIT_SCADA,1,"2019/08/22 08:55:00",OSB-AG,20.39
D,DISPATCH,UNIT_SCADA,1,"2019/08/22 08:55:00",PARSF1,4.70
D,DISPATCH,UNIT_SCADA,1,"2019/08/22 08:55:00",POAT110,0
D,DISPATCH,UNIT_SCADA,1,"2019/08/22 08:55:00",POAT220,0
D,DISPATCH,UNIT_SCADA,1,"2019/08/22 08:55:00",POR01,0
D,DISPATCH,UNIT_SCADA,1,"2019/08/22 08:55:00",POR03,0
D,DISPATCH,UNIT_SCADA,1,"2019/08/22 08:55:00",PPCCGT,495.682460
D,DISPATCH,UNIT_SCADA,1,"2019/08/22 08:55:00",PTSTAN1,0
D,DISPATCH,UNIT_SCADA,1,"2019/08/22 08:55:00",PUMP1,0
D,DISPATCH,UNIT_SCADA,1,"2019/08/22 08:55:00",PUMP2,0
D,DISPATCH,UNIT_SCADA,1,"2019/08/22 08:55:00",QPS1,29.10
D,DISPATCH,UNIT_SCADA,1,"2019/08/22 08:55:00",QPS2,0
D,DISPATCH,UNIT_SCADA,1,"2019/08/22 08:55:00",QPS3,0
D,DISPATCH,UNIT_SCADA,1,"2019/08/22 08:55:00",QPS4,0
D,DISPATCH,UNIT_SCADA,1,"2019/08/22 08:55:00",QPS5,0
D,DISPATCH,UNIT_SCADA,1,"2019/08/22 08:55:00",REECE1,120.030010
D,DISPATCH,UNIT_SCADA,1,"2019/08/22 08:55:00",REECE2,118.960010
D,DISPATCH,UNIT_SCADA,1,"2019/08/22 08:55:00",ROMA_7,0
D,DISPATCH,UNIT_SCADA,1,"2019/08/22 08:55:00",ROMA_8,0
D,DISPATCH,UNIT_SCADA,1,"2019/08/22 08:55:00",RRSF1,104.489590
D,DISPATCH,UNIT_SCADA,1,"2019/08/22 08:55:00",RT_NSW1,0
D,DISPATCH,UNIT_SCADA,1,"2019/08/22 08:55:00",RT_NSW2,0
D,DISPATCH,UNIT_SCADA,1,"2019/08/22 08:55:00",RT_NSW3,0
D,DISPATCH,UNIT_SCADA,1,"2019/08/22 08:55:00",RT_NSW4,0
D,DISPATCH,UNIT_SCADA,1,"2019/08/22 08:55:00",RT_NSW5,0
D,DISPATCH,UNIT_SCADA,1,"2019/08/22 08:55:00",RT_NSW6,0
D,DISPATCH,UNIT_SCADA,1,"2019/08/22 08:55:00",RT_QLD1,0
D,DISPATCH,UNIT_SCADA,1,"2019/08/22 08:55:00",RT_SA1,0
D,DISPATCH,UNIT_SCADA,1,"2019/08/22 08:55:00",RT_SA2,0
D,DISPATCH,UNIT_SCADA,1,"2019/08/22 08:55:00",RT_SA3,0
D,DISPATCH,UNIT_SCADA,1,"2019/08/22 08:55:00",RT_SA4,0
D,DISPATCH,UNIT_SCADA,1,"2019/08/22 08:55:00",RT_SA5,0
D,DISPATCH,UNIT_SCADA,1,"2019/08/22 08:55:00",RT_SA6,0
D,DISPATCH,UNIT_SCADA,1,"2019/08/22 08:55:00",RT_TAS1,0
D,DISPATCH,UNIT_SCADA,1,"2019/08/22 08:55:00",RT_VIC1,0
D,DISPATCH,UNIT_SCADA,1,"2019/08/22 08:55:00",RT_VIC10,0
D,DISPATCH,UNIT_SCADA,1,"2019/08/22 08:55:00",RT_VIC11,0
D,DISPATCH,UNIT_SCADA,1,"2019/08/22 08:55:00",RT_VIC12,0
D,DISPATCH,UNIT_SCADA,1,"2019/08/22 08:55:00",RT_VIC2,0
D,DISPATCH,UNIT_SCADA,1,"2019/08/22 08:55:00",RT_VIC3,0
D,DISPATCH,UNIT_SCADA,1,"2019/08/22 08:55:00",RT_VIC4,0
D,DISPATCH,UNIT_SCADA,1,"2019/08/22 08:55:00",RT_VIC5,0
D,DISPATCH,UNIT_SCADA,1,"2019/08/22 08:55:00",RT_VIC6,0
D,DISPATCH,UNIT_SCADA,1,"2019/08/22 08:55:00",RT_VIC7,0
D,DISPATCH,UNIT_SCADA,1,"2019/08/22 08:55:00",RT_VIC8,0
D,DISPATCH,UNIT_SCADA,1,"2019/08/22 08:55:00",RT_VIC9,0
D,DISPATCH,UNIT_SCADA,1,"2019/08/22 08:55:00",RUGBYR1,44.877820
D,DISPATCH,UNIT_SCADA,1,"2019/08/22 08:55:00",SALTCRK1,31.09
D,DISPATCH,UNIT_SCADA,1,"2019/08/22 08:55:00",SAPHWF1,184.565610
D,DISPATCH,UNIT_SCADA,1,"2019/08/22 08:55:00",SHGEN,0
D,DISPATCH,UNIT_SCADA,1,"2019/08/22 08:55:00",SHPUMP,0
D,DISPATCH,UNIT_SCADA,1,"2019/08/22 08:55:00",SITHE01,0.234240
D,DISPATCH,UNIT_SCADA,1,"2019/08/22 08:55:00",SMCSF1,57.905930
D,DISPATCH,UNIT_SCADA,1,"2019/08/22 08:55:00",SNOWNTH1,14.50
D,DISPATCH,UNIT_SCADA,1,"2019/08/22 08:55:00",SNOWSTH1,15.90
D,DISPATCH,UNIT_SCADA,1,"2019/08/22 08:55:00",SNOWTWN1,9.822260
D,DISPATCH,UNIT_SCADA,1,"2019/08/22 08:55:00",SNOWYP,0
D,DISPATCH,UNIT_SCADA,1,"2019/08/22 08:55:00",SNUG1,0.019440
D,DISPATCH,UNIT_SCADA,1,"2019/08/22 08:55:00",SRSF1,30.12
D,DISPATCH,UNIT_SCADA,1,"2019/08/22 08:55:00",STAN-1,0
D,DISPATCH,UNIT_SCADA,1,"2019/08/22 08:55:00",STAN-2,279.851010
D,DISPATCH,UNIT_SCADA,1,"2019/08/22 08:55:00",STAN-3,280.966190
D,DISPATCH,UNIT_SCADA,1,"2019/08/22 08:55:00",STAN-4,278.287260
D,DISPATCH,UNIT_SCADA,1,"2019/08/22 08:55:00",STWF1,29.024990
D,DISPATCH,UNIT_SCADA,1,"2019/08/22 08:55:00",SWAN_E,0
D,DISPATCH,UNIT_SCADA,1,"2019/08/22 08:55:00",TALWA1,244
D,DISPATCH,UNIT_SCADA,1,"2019/08/22 08:55:00",TARALGA1,91.867480
D,DISPATCH,UNIT_SCADA,1,"2019/08/22 08:55:00",TARONG#1,279.600010
D,DISPATCH,UNIT_SCADA,1,"2019/08/22 08:55:00",TARONG#2,279.200010
D,DISPATCH,UNIT_SCADA,1,"2019/08/22 08:55:00",TARONG#3,260.200010
D,DISPATCH,UNIT_SCADA,1,"2019/08/22 08:55:00",TARONG#4,281.100010
D,DISPATCH,UNIT_SCADA,1,"2019/08/22 08:55:00",TARRALEA,84
D,DISPATCH,UNIT_SCADA,1,"2019/08/22 08:55:00",TBSF1,35.30
D,DISPATCH,UNIT_SCADA,1,"2019/08/22 08:55:00",TNPS1,220.000020
D,DISPATCH,UNIT_SCADA,1,"2019/08/22 08:55:00",TORRA1,74.900340
D,DISPATCH,UNIT_SCADA,1,"2019/08/22 08:55:00",TORRA2,0
D,DISPATCH,UNIT_SCADA,1,"2019/08/22 08:55:00",TORRA3,44.776750
D,DISPATCH,UNIT_SCADA,1,"2019/08/22 08:55:00",TORRA4,0
D,DISPATCH,UNIT_SCADA,1,"2019/08/22 08:55:00",TORRB1,84.59
D,DISPATCH,UNIT_SCADA,1,"2019/08/22 08:55:00",TORRB2,121.89
D,DISPATCH,UNIT_SCADA,1,"2019/08/22 08:55:00",TORRB3,0
D,DISPATCH,UNIT_SCADA,1,"2019/08/22 08:55:00",TORRB4,0
D,DISPATCH,UNIT_SCADA,1,"2019/08/22 08:55:00",TREVALLN,69.790030
D,DISPATCH,UNIT_SCADA,1,"2019/08/22 08:55:00",TRIBUTE,84.80
D,DISPATCH,UNIT_SCADA,1,"2019/08/22 08:55:00",TUMUT3,0
D,DISPATCH,UNIT_SCADA,1,"2019/08/22 08:55:00",TUNGATIN,132.930020
D,DISPATCH,UNIT_SCADA,1,"2019/08/22 08:55:00",TVCC201,0
D,DISPATCH,UNIT_SCADA,1,"2019/08/22 08:55:00",TVPP104,57.963310
D,DISPATCH,UNIT_SCADA,1,"2019/08/22 08:55:00",UPPTUMUT,0
D,DISPATCH,UNIT_SCADA,1,"2019/08/22 08:55:00",URANQ11,0
D,DISPATCH,UNIT_SCADA,1,"2019/08/22 08:55:00",URANQ12,0
D,DISPATCH,UNIT_SCADA,1,"2019/08/22 08:55:00",URANQ13,0
D,DISPATCH,UNIT_SCADA,1,"2019/08/22 08:55:00",URANQ14,0
D,DISPATCH,UNIT_SCADA,1,"2019/08/22 08:55:00",VP5,298.550020
D,DISPATCH,UNIT_SCADA,1,"2019/08/22 08:55:00",VP6,433.374970
D,DISPATCH,UNIT_SCADA,1,"2019/08/22 08:55:00",VPGS1,0
D,DISPATCH,UNIT_SCADA,1,"2019/08/22 08:55:00",VPGS2,0
D,DISPATCH,UNIT_SCADA,1,"2019/08/22 08:55:00",VPGS3,0
D,DISPATCH,UNIT_SCADA,1,"2019/08/22 08:55:00",VPGS4,0
D,DISPATCH,UNIT_SCADA,1,"2019/08/22 08:55:00",VPGS5,0
D,DISPATCH,UNIT_SCADA,1,"2019/08/22 08:55:00",VPGS6,0
D,DISPATCH,UNIT_SCADA,1,"2019/08/22 08:55:00",W/HOE#1,0
D,DISPATCH,UNIT_SCADA,1,"2019/08/22 08:55:00",W/HOE#2,0
D,DISPATCH,UNIT_SCADA,1,"2019/08/22 08:55:00",WATERLWF,28
D,DISPATCH,UNIT_SCADA,1,"2019/08/22 08:55:00",WEMENSF1,72.40
D,DISPATCH,UNIT_SCADA,1,"2019/08/22 08:55:00",WGWF1,32.30
D,DISPATCH,UNIT_SCADA,1,"2019/08/22 08:55:00",WHITSF1,42.90
D,DISPATCH,UNIT_SCADA,1,"2019/08/22 08:55:00",WKIEWA1,0
D,DISPATCH,UNIT_SCADA,1,"2019/08/22 08:55:00",WKIEWA2,14.90
D,DISPATCH,UNIT_SCADA,1,"2019/08/22 08:55:00",WOODLWN1,39.7440
D,DISPATCH,UNIT_SCADA,1,"2019/08/22 08:55:00",WRSF1,14.69
D,DISPATCH,UNIT_SCADA,1,"2019/08/22 08:55:00",WRWF1,149.835010
D,DISPATCH,UNIT_SCADA,1,"2019/08/22 08:55:00",YABULU,0
D,DISPATCH,UNIT_SCADA,1,"2019/08/22 08:55:00",YABULU2,0
D,DISPATCH,UNIT_SCADA,1,"2019/08/22 08:55:00",YARWUN_1,0
D,DISPATCH,UNIT_SCADA,1,"2019/08/22 08:55:00",YENDWF1,42.04
D,DISPATCH,UNIT_SCADA,1,"2019/08/22 08:55:00",YWPS1,375.437990
D,DISPATCH,UNIT_SCADA,1,"2019/08/22 08:55:00",YWPS2,220.045560
D,DISPATCH,UNIT_SCADA,1,"2019/08/22 08:55:00",YWPS3,0
D,DISPATCH,UNIT_SCADA,1,"2019/08/22 08:55:00",YWPS4,395.802520
C,"END OF REPORT",334
