C,NEMP.WORLD,DISPATCHSCADA,AEMO,PUBLIC,2019/09/05,14:50:08,0000000312426040,DISPATCHSCADA,0000000312426034
I,DISPATCH,UNIT_SCADA,1,SETTLEMENTDATE,DUID,SCADAVALUE
D,DISPATCH,UNIT_SCADA,1,"2019/09/05 14:55:00",BARCSF1,8.900001
D,DISPATCH,UNIT_SCADA,1,"2019/09/05 14:55:00",BUTLERSG,10.199999
D,DISPATCH,UNIT_SCADA,1,"2019/09/05 14:55:00",CALL_A_4,0
D,DISPATCH,UNIT_SCADA,1,"2019/09/05 14:55:00",CAPTL_WF,0
D,DISPATCH,UNIT_SCADA,1,"2019/09/05 14:55:00",CATHROCK,41.419998
D,DISPATCH,UNIT_SCADA,1,"2019/09/05 14:55:00",CHALLHWF,2.80
D,DISPATCH,UNIT_SCADA,1,"2019/09/05 14:55:00",CLOVER,-0.01
D,DISPATCH,UNIT_SCADA,1,"2019/09/05 14:55:00",CLUNY,18.611582
D,DISPATCH,UNIT_SCADA,1,"2019/09/05 14:55:00",CNUNDAWF,-0.300350
D,DISPATCH,UNIT_SCADA,1,"2019/09/05 14:55:00",CULLRGWF,1.93
D,DISPATCH,UNIT_SCADA,1,"2019/09/05 14:55:00",ERGT01,0
D,DISPATCH,UNIT_SCADA,1,"2019/09/05 14:55:00",GB01,-0.003380
D,DISPATCH,UNIT_SCADA,1,"2019/09/05 14:55:00",GERMCRK,35.299999
D,DISPATCH,UNIT_SCADA,1,"2019/09/05 14:55:00",GRIFSF1,25.699997
D,DISPATCH,UNIT_SCADA,1,"2019/09/05 14:55:00",HUGSF1,8.957001
D,DISPATCH,UNIT_SCADA,1,"2019/09/05 14:55:00",LKBONNY1,-0.627956
D,DISPATCH,UNIT_SCADA,1,"2019/09/05 14:55:00",LRSF1,0.0110
D,DISPATCH,UNIT_SCADA,1,"2019/09/05 14:55:00",MBAHNTH,16.706253
D,DISPATCH,UNIT_SCADA,1,"2019/09/05 14:55:00",MLSP1,4.025001
D,DISPATCH,UNIT_SCADA,1,"2019/09/05 14:55:00",MLWF1,4.68
D,DISPATCH,UNIT_SCADA,1,"2019/09/05 14:55:00",MTMILLAR,-0.189753
D,DISPATCH,UNIT_SCADA,1,"2019/09/05 14:55:00",PALOONA,25.609999
D,DISPATCH,UNIT_SCADA,1,"2019/09/05 14:55:00",PIONEER,25.10
D,DISPATCH,UNIT_SCADA,1,"2019/09/05 14:55:00",PORTWF,39
D,DISPATCH,UNIT_SCADA,1,"2019/09/05 14:55:00",REPULSE,29.336996
D,DISPATCH,UNIT_SCADA,1,"2019/09/05 14:55:00",ROWALLAN,10.4796
D,DISPATCH,UNIT_SCADA,1,"2019/09/05 14:55:00",ROYALLA1,5.996001
D,DISPATCH,UNIT_SCADA,1,"2019/09/05 14:55:00",RPCG,10.20
D,DISPATCH,UNIT_SCADA,1,"2019/09/05 14:55:00",RUBICON,0
D,DISPATCH,UNIT_SCADA,1,"2019/09/05 14:55:00",SATGN1,0
D,DISPATCH,UNIT_SCADA,1,"2019/09/05 14:55:00",SATGS1,0
D,DISPATCH,UNIT_SCADA,1,"2019/09/05 14:55:00",STARHLWF,25.892450
D,DISPATCH,UNIT_SCADA,1,"2019/09/05 14:55:00",WAUBRAWF,40.252998
D,DISPATCH,UNIT_SCADA,1,"2019/09/05 14:55:00",WOOLNTH1,15.940016
D,DISPATCH,UNIT_SCADA,1,"2019/09/05 14:55:00",WPWF,69
D,DISPATCH,UNIT_SCADA,1,"2019/09/05 14:55:00",YAMBUKWF,17.60
D,DISPATCH,UNIT_SCADA,1,"2019/09/05 14:55:00",YSWF1,0
D,DISPATCH,UNIT_SCADA,1,"2019/09/05 14:55:00",AGLHAL,0
D,DISPATCH,UNIT_SCADA,1,"2019/09/05 14:55:00",AGLSOM,0
D,DISPATCH,UNIT_SCADA,1,"2019/09/05 14:55:00",ANGAST1,0
D,DISPATCH,UNIT_SCADA,1,"2019/09/05 14:55:00",ARWF1,23.30
D,DISPATCH,UNIT_SCADA,1,"2019/09/05 14:55:00",BALBG1,0
D,DISPATCH,UNIT_SCADA,1,"2019/09/05 14:55:00",BALBL1,0
D,DISPATCH,UNIT_SCADA,1,"2019/09/05 14:55:00",BALDHWF1,53.5190
D,DISPATCH,UNIT_SCADA,1,"2019/09/05 14:55:00",BANN1,67.86
D,DISPATCH,UNIT_SCADA,1,"2019/09/05 14:55:00",BARCALDN,0
D,DISPATCH,UNIT_SCADA,1,"2019/09/05 14:55:00",BARRON-1,24.64
D,DISPATCH,UNIT_SCADA,1,"2019/09/05 14:55:00",BARRON-2,0
D,DISPATCH,UNIT_SCADA,1,"2019/09/05 14:55:00",BASTYAN,81.000010
D,DISPATCH,UNIT_SCADA,1,"2019/09/05 14:55:00",BBTHREE1,0
D,DISPATCH,UNIT_SCADA,1,"2019/09/05 14:55:00",BBTHREE2,0
D,DISPATCH,UNIT_SCADA,1,"2019/09/05 14:55:00",BBTHREE3,0
D,DISPATCH,UNIT_SCADA,1,"2019/09/05 14:55:00",BDL01,0
D,DISPATCH,UNIT_SCADA,1,"2019/09/05 14:55:00",BDL02,0
D,DISPATCH,UNIT_SCADA,1,"2019/09/05 14:55:00",BERYLSF1,74.939620
D,DISPATCH,UNIT_SCADA,1,"2019/09/05 14:55:00",BLOWERNG,14
D,DISPATCH,UNIT_SCADA,1,"2019/09/05 14:55:00",BLUFF1,30.40
D,DISPATCH,UNIT_SCADA,1,"2019/09/05 14:55:00",BNGSF1,96.43
D,DISPATCH,UNIT_SCADA,1,"2019/09/05 14:55:00",BNGSF2,20.02
D,DISPATCH,UNIT_SCADA,1,"2019/09/05 14:55:00",BOCORWF1,76.27
D,DISPATCH,UNIT_SCADA,1,"2019/09/05 14:55:00",BODWF1,64.4403
D,DISPATCH,UNIT_SCADA,1,"2019/09/05 14:55:00",BRAEMAR1,0
D,DISPATCH,UNIT_SCADA,1,"2019/09/05 14:55:00",BRAEMAR2,0
D,DISPATCH,UNIT_SCADA,1,"2019/09/05 14:55:00",BRAEMAR3,0
D,DISPATCH,UNIT_SCADA,1,"2019/09/05 14:55:00",BRAEMAR5,0
D,DISPATCH,UNIT_SCADA,1,"2019/09/05 14:55:00",BRAEMAR6,0
D,DISPATCH,UNIT_SCADA,1,"2019/09/05 14:55:00",BRAEMAR7,0
D,DISPATCH,UNIT_SCADA,1,"2019/09/05 14:55:00",BROKENH1,48.740970
D,DISPATCH,UNIT_SCADA,1,"2019/09/05 14:55:00",BW01,547.3750
D,DISPATCH,UNIT_SCADA,1,"2019/09/05 14:55:00",BW02,625.924930
D,DISPATCH,UNIT_SCADA,1,"2019/09/05 14:55:00",BW03,631.599980
D,DISPATCH,UNIT_SCADA,1,"2019/09/05 14:55:00",BW04,0
D,DISPATCH,UNIT_SCADA,1,"2019/09/05 14:55:00",CALL_B_1,299.899990
D,DISPATCH,UNIT_SCADA,1,"2019/09/05 14:55:00",CALL_B_2,220.50
D,DISPATCH,UNIT_SCADA,1,"2019/09/05 14:55:00",CETHANA,97.825250
D,DISPATCH,UNIT_SCADA,1,"2019/09/05 14:55:00",CG1,0
D,DISPATCH,UNIT_SCADA,1,"2019/09/05 14:55:00",CG2,0
D,DISPATCH,UNIT_SCADA,1,"2019/09/05 14:55:00",CG3,0
D,DISPATCH,UNIT_SCADA,1,"2019/09/05 14:55:00",CG4,0
D,DISPATCH,UNIT_SCADA,1,"2019/09/05 14:55:00",CHILDSF1,56
D,DISPATCH,UNIT_SCADA,1,"2019/09/05 14:55:00",CLARESF1,49.084420
D,DISPATCH,UNIT_SCADA,1,"2019/09/05 14:55:00",CLEMGPWF,30.830990
D,DISPATCH,UNIT_SCADA,1,"2019/09/05 14:55:00",CLERMSF1,14.35
D,DISPATCH,UNIT_SCADA,1,"2019/09/05 14:55:00",COLEASF1,125.999990
D,DISPATCH,UNIT_SCADA,1,"2019/09/05 14:55:00",COOPGWF1,6.226070
D,DISPATCH,UNIT_SCADA,1,"2019/09/05 14:55:00",CPP_3,231
D,DISPATCH,UNIT_SCADA,1,"2019/09/05 14:55:00",CPP_4,229.6250
D,DISPATCH,UNIT_SCADA,1,"2019/09/05 14:55:00",CPSA,74.751880
D,DISPATCH,UNIT_SCADA,1,"2019/09/05 14:55:00",CROOKWF2,8.4250
D,DISPATCH,UNIT_SCADA,1,"2019/09/05 14:55:00",CROWLWF1,0.910020
D,DISPATCH,UNIT_SCADA,1,"2019/09/05 14:55:00",CSPVPS1,30.1110
D,DISPATCH,UNIT_SCADA,1,"2019/09/05 14:55:00",DALNTH01,0
D,DISPATCH,UNIT_SCADA,1,"2019/09/05 14:55:00",DALNTHL1,0.062560
D,DISPATCH,UNIT_SCADA,1,"2019/09/05 14:55:00",DARTM1,0
D,DISPATCH,UNIT_SCADA,1,"2019/09/05 14:55:00",DAYDSF1,114.7410
D,DISPATCH,UNIT_SCADA,1,"2019/09/05 14:55:00",DDPS1,33.463080
D,DISPATCH,UNIT_SCADA,1,"2019/09/05 14:55:00",DDSF1,82.006020
D,DISPATCH,UNIT_SCADA,1,"2019/09/05 14:55:00",DEVILS_G,63.612780
D,DISPATCH,UNIT_SCADA,1,"2019/09/05 14:55:00",DG_NSW1,0
D,DISPATCH,UNIT_SCADA,1,"2019/09/05 14:55:00",DG_QLD1,0
D,DISPATCH,UNIT_SCADA,1,"2019/09/05 14:55:00",DG_SA1,0
D,DISPATCH,UNIT_SCADA,1,"2019/09/05 14:55:00",DG_TAS1,0
D,DISPATCH,UNIT_SCADA,1,"2019/09/05 14:55:00",DG_VIC1,0
D,DISPATCH,UNIT_SCADA,1,"2019/09/05 14:55:00",DRYCGT1,0
D,DISPATCH,UNIT_SCADA,1,"2019/09/05 14:55:00",DRYCGT2,0
D,DISPATCH,UNIT_SCADA,1,"2019/09/05 14:55:00",DRYCGT3,0
D,DISPATCH,UNIT_SCADA,1,"2019/09/05 14:55:00",EILDON1,0
D,DISPATCH,UNIT_SCADA,1,"2019/09/05 14:55:00",EILDON2,0
D,DISPATCH,UNIT_SCADA,1,"2019/09/05 14:55:00",EMERASF1,62.04
D,DISPATCH,UNIT_SCADA,1,"2019/09/05 14:55:00",ER01,572.1250
D,DISPATCH,UNIT_SCADA,1,"2019/09/05 14:55:00",ER02,352.175050
D,DISPATCH,UNIT_SCADA,1,"2019/09/05 14:55:00",ER03,0
D,DISPATCH,UNIT_SCADA,1,"2019/09/05 14:55:00",ER04,675.800050
D,DISPATCH,UNIT_SCADA,1,"2019/09/05 14:55:00",FINLYSF1,3.006240
D,DISPATCH,UNIT_SCADA,1,"2019/09/05 14:55:00",FISHER,45.95
D,DISPATCH,UNIT_SCADA,1,"2019/09/05 14:55:00",GANNBG1,0.476070
D,DISPATCH,UNIT_SCADA,1,"2019/09/05 14:55:00",GANNBL1,0
D,DISPATCH,UNIT_SCADA,1,"2019/09/05 14:55:00",GANNSF1,44.10
D,DISPATCH,UNIT_SCADA,1,"2019/09/05 14:55:00",GORDON,19.8604
D,DISPATCH,UNIT_SCADA,1,"2019/09/05 14:55:00",GSTONE1,147.1750
D,DISPATCH,UNIT_SCADA,1,"2019/09/05 14:55:00",GSTONE2,110.25
D,DISPATCH,UNIT_SCADA,1,"2019/09/05 14:55:00",GSTONE3,0
D,DISPATCH,UNIT_SCADA,1,"2019/09/05 14:55:00",GSTONE4,148.224990
D,DISPATCH,UNIT_SCADA,1,"2019/09/05 14:55:00",GSTONE5,145.774990
D,DISPATCH,UNIT_SCADA,1,"2019/09/05 14:55:00",GSTONE6,146.1250
D,DISPATCH,UNIT_SCADA,1,"2019/09/05 14:55:00",GULLRSF1,4.884340
D,DISPATCH,UNIT_SCADA,1,"2019/09/05 14:55:00",GULLRWF1,7.075620
D,DISPATCH,UNIT_SCADA,1,"2019/09/05 14:55:00",GUNNING1,0.462930
D,DISPATCH,UNIT_SCADA,1,"2019/09/05 14:55:00",GUTHEGA,0
D,DISPATCH,UNIT_SCADA,1,"2019/09/05 14:55:00",HALLWF1,9.86
D,DISPATCH,UNIT_SCADA,1,"2019/09/05 14:55:00",HALLWF2,9.98
D,DISPATCH,UNIT_SCADA,1,"2019/09/05 14:55:00",HAMISF1,44.40
D,DISPATCH,UNIT_SCADA,1,"2019/09/05 14:55:00",HAUGHT11,89.067520
D,DISPATCH,UNIT_SCADA,1,"2019/09/05 14:55:00",HAYMSF1,40.7720
D,DISPATCH,UNIT_SCADA,1,"2019/09/05 14:55:00",HDWF1,61.60
D,DISPATCH,UNIT_SCADA,1,"2019/09/05 14:55:00",HDWF2,65.60
D,DISPATCH,UNIT_SCADA,1,"2019/09/05 14:55:00",HDWF3,67.70
D,DISPATCH,UNIT_SCADA,1,"2019/09/05 14:55:00",HPRG1,0
D,DISPATCH,UNIT_SCADA,1,"2019/09/05 14:55:00",HPRL1,36.40
D,DISPATCH,UNIT_SCADA,1,"2019/09/05 14:55:00",HUMENSW,0
D,DISPATCH,UNIT_SCADA,1,"2019/09/05 14:55:00",HUMEV,24.90
D,DISPATCH,UNIT_SCADA,1,"2019/09/05 14:55:00",HVGTS,0
D,DISPATCH,UNIT_SCADA,1,"2019/09/05 14:55:00",JBUTTERS,28.28
D,DISPATCH,UNIT_SCADA,1,"2019/09/05 14:55:00",JLA01,0.10
D,DISPATCH,UNIT_SCADA,1,"2019/09/05 14:55:00",JLA02,0
D,DISPATCH,UNIT_SCADA,1,"2019/09/05 14:55:00",JLA03,0
D,DISPATCH,UNIT_SCADA,1,"2019/09/05 14:55:00",JLA04,0
D,DISPATCH,UNIT_SCADA,1,"2019/09/05 14:55:00",JLB01,0
D,DISPATCH,UNIT_SCADA,1,"2019/09/05 14:55:00",JLB02,83.80
D,DISPATCH,UNIT_SCADA,1,"2019/09/05 14:55:00",JLB03,0
D,DISPATCH,UNIT_SCADA,1,"2019/09/05 14:55:00",KAREEYA1,21.4325
D,DISPATCH,UNIT_SCADA,1,"2019/09/05 14:55:00",KAREEYA2,21.77
D,DISPATCH,UNIT_SCADA,1,"2019/09/05 14:55:00",KAREEYA3,0
D,DISPATCH,UNIT_SCADA,1,"2019/09/05 14:55:00",KAREEYA4,21.5825
D,DISPATCH,UNIT_SCADA,1,"2019/09/05 14:55:00",KARSF1,76.40
D,DISPATCH,UNIT_SCADA,1,"2019/09/05 14:55:00",KIATAWF1,6.50
D,DISPATCH,UNIT_SCADA,1,"2019/09/05 14:55:00",KPP_1,0
D,DISPATCH,UNIT_SCADA,1,"2019/09/05 14:55:00",KSP1,46.24
D,DISPATCH,UNIT_SCADA,1,"2019/09/05 14:55:00",LADBROK1,0
D,DISPATCH,UNIT_SCADA,1,"2019/09/05 14:55:00",LADBROK2,0
D,DISPATCH,UNIT_SCADA,1,"2019/09/05 14:55:00",LD01,382.199980
D,DISPATCH,UNIT_SCADA,1,"2019/09/05 14:55:00",LD02,378.506290
D,DISPATCH,UNIT_SCADA,1,"2019/09/05 14:55:00",LD03,382.612430
D,DISPATCH,UNIT_SCADA,1,"2019/09/05 14:55:00",LD04,382.593750
D,DISPATCH,UNIT_SCADA,1,"2019/09/05 14:55:00",LEM_WIL,85.1039
D,DISPATCH,UNIT_SCADA,1,"2019/09/05 14:55:00",LGAPWF1,4.27
D,DISPATCH,UNIT_SCADA,1,"2019/09/05 14:55:00",LILYSF1,2.113540
D,DISPATCH,UNIT_SCADA,1,"2019/09/05 14:55:00",LI_WY_CA,143.691830
D,DISPATCH,UNIT_SCADA,1,"2019/09/05 14:55:00",LKBONNY2,-1.270150
D,DISPATCH,UNIT_SCADA,1,"2019/09/05 14:55:00",LKBONNY3,13.843860
D,DISPATCH,UNIT_SCADA,1,"2019/09/05 14:55:00",LK_ECHO,0
D,DISPATCH,UNIT_SCADA,1,"2019/09/05 14:55:00",LNGS1,0
D,DISPATCH,UNIT_SCADA,1,"2019/09/05 14:55:00",LNGS2,0
D,DISPATCH,UNIT_SCADA,1,"2019/09/05 14:55:00",LONSDALE,0
D,DISPATCH,UNIT_SCADA,1,"2019/09/05 14:55:00",LOYYB1,534.960750
D,DISPATCH,UNIT_SCADA,1,"2019/09/05 14:55:00",LOYYB2,553.006350
D,DISPATCH,UNIT_SCADA,1,"2019/09/05 14:55:00",LYA1,0
D,DISPATCH,UNIT_SCADA,1,"2019/09/05 14:55:00",LYA2,0
D,DISPATCH,UNIT_SCADA,1,"2019/09/05 14:55:00",LYA3,559
D,DISPATCH,UNIT_SCADA,1,"2019/09/05 14:55:00",LYA4,540
D,DISPATCH,UNIT_SCADA,1,"2019/09/05 14:55:00",MACARTH1,277.1936
D,DISPATCH,UNIT_SCADA,1,"2019/09/05 14:55:00",MACKAYGT,0.2240
D,DISPATCH,UNIT_SCADA,1,"2019/09/05 14:55:00",MACKNTSH,88.830010
D,DISPATCH,UNIT_SCADA,1,"2019/09/05 14:55:00",MANSLR1,40.36
D,DISPATCH,UNIT_SCADA,1,"2019/09/05 14:55:00",MCKAY1,0.02
D,DISPATCH,UNIT_SCADA,1,"2019/09/05 14:55:00",MEADOWBK,33.953040
D,DISPATCH,UNIT_SCADA,1,"2019/09/05 14:55:00",MERCER01,12.3330
D,DISPATCH,UNIT_SCADA,1,"2019/09/05 14:55:00",MEWF1,0
D,DISPATCH,UNIT_SCADA,1,"2019/09/05 14:55:00",MINTARO,0
D,DISPATCH,UNIT_SCADA,1,"2019/09/05 14:55:00",MOREESF1,49.6860
D,DISPATCH,UNIT_SCADA,1,"2019/09/05 14:55:00",MORTLK11,259
D,DISPATCH,UNIT_SCADA,1,"2019/09/05 14:55:00",MORTLK12,0
D,DISPATCH,UNIT_SCADA,1,"2019/09/05 14:55:00",MP1,220.250060
D,DISPATCH,UNIT_SCADA,1,"2019/09/05 14:55:00",MP2,0
D,DISPATCH,UNIT_SCADA,1,"2019/09/05 14:55:00",MPP_1,370.50
D,DISPATCH,UNIT_SCADA,1,"2019/09/05 14:55:00",MPP_2,299.75
D,DISPATCH,UNIT_SCADA,1,"2019/09/05 14:55:00",MSTUART1,0
D,DISPATCH,UNIT_SCADA,1,"2019/09/05 14:55:00",MSTUART2,0
D,DISPATCH,UNIT_SCADA,1,"2019/09/05 14:55:00",MSTUART3,0
D,DISPATCH,UNIT_SCADA,1,"2019/09/05 14:55:00",MTGELWF1,12.929170
D,DISPATCH,UNIT_SCADA,1,"2019/09/05 14:55:00",MURRAY,0
D,DISPATCH,UNIT_SCADA,1,"2019/09/05 14:55:00",MUSSELR1,0.90
D,DISPATCH,UNIT_SCADA,1,"2019/09/05 14:55:00",MUWAWF1,7.13
D,DISPATCH,UNIT_SCADA,1,"2019/09/05 14:55:00",NBHWF1,83.70
D,DISPATCH,UNIT_SCADA,1,"2019/09/05 14:55:00",NPS,0
D,DISPATCH,UNIT_SCADA,1,"2019/09/05 14:55:00",NUMURSF1,16.86
D,DISPATCH,UNIT_SCADA,1,"2019/09/05 14:55:00",NYNGAN1,80.50
D,DISPATCH,UNIT_SCADA,1,"2019/09/05 14:55:00",OAKEY1,0
D,DISPATCH,UNIT_SCADA,1,"2019/09/05 14:55:00",OAKEY1SF,23.3090
D,DISPATCH,UNIT_SCADA,1,"2019/09/05 14:55:00",OAKEY2,0
D,DISPATCH,UNIT_SCADA,1,"2019/09/05 14:55:00",OAKEY2SF,0
D,DISPATCH,UNIT_SCADA,1,"2019/09/05 14:55:00",OAKLAND1,26.90
D,DISPATCH,UNIT_SCADA,1,"2019/09/05 14:55:00",OSB-AG,163.06
D,DISPATCH,UNIT_SCADA,1,"2019/09/05 14:55:00",PARSF1,46.30
D,DISPATCH,UNIT_SCADA,1,"2019/09/05 14:55:00",POAT110,0
D,DISPATCH,UNIT_SCADA,1,"2019/09/05 14:55:00",POAT220,0
D,DISPATCH,UNIT_SCADA,1,"2019/09/05 14:55:00",POR01,0
D,DISPATCH,UNIT_SCADA,1,"2019/09/05 14:55:00",POR03,0
D,DISPATCH,UNIT_SCADA,1,"2019/09/05 14:55:00",PPCCGT,125.232670
D,DISPATCH,UNIT_SCADA,1,"2019/09/05 14:55:00",PTSTAN1,0
D,DISPATCH,UNIT_SCADA,1,"2019/09/05 14:55:00",PUMP1,0
D,DISPATCH,UNIT_SCADA,1,"2019/09/05 14:55:00",PUMP2,0
D,DISPATCH,UNIT_SCADA,1,"2019/09/05 14:55:00",QPS1,0
D,DISPATCH,UNIT_SCADA,1,"2019/09/05 14:55:00",QPS2,0
D,DISPATCH,UNIT_SCADA,1,"2019/09/05 14:55:00",QPS3,0
D,DISPATCH,UNIT_SCADA,1,"2019/09/05 14:55:00",QPS4,0
D,DISPATCH,UNIT_SCADA,1,"2019/09/05 14:55:00",QPS5,0
D,DISPATCH,UNIT_SCADA,1,"2019/09/05 14:55:00",REECE1,100.310010
D,DISPATCH,UNIT_SCADA,1,"2019/09/05 14:55:00",REECE2,102.000010
D,DISPATCH,UNIT_SCADA,1,"2019/09/05 14:55:00",ROMA_7,0
D,DISPATCH,UNIT_SCADA,1,"2019/09/05 14:55:00",ROMA_8,0
D,DISPATCH,UNIT_SCADA,1,"2019/09/05 14:55:00",RRSF1,114.544090
D,DISPATCH,UNIT_SCADA,1,"2019/09/05 14:55:00",RT_NSW1,0
D,DISPATCH,UNIT_SCADA,1,"2019/09/05 14:55:00",RT_NSW2,0
D,DISPATCH,UNIT_SCADA,1,"2019/09/05 14:55:00",RT_NSW3,0
D,DISPATCH,UNIT_SCADA,1,"2019/09/05 14:55:00",RT_NSW4,0
D,DISPATCH,UNIT_SCADA,1,"2019/09/05 14:55:00",RT_NSW5,0
D,DISPATCH,UNIT_SCADA,1,"2019/09/05 14:55:00",RT_NSW6,0
D,DISPATCH,UNIT_SCADA,1,"2019/09/05 14:55:00",RT_QLD1,0
D,DISPATCH,UNIT_SCADA,1,"2019/09/05 14:55:00",RT_SA1,0
D,DISPATCH,UNIT_SCADA,1,"2019/09/05 14:55:00",RT_SA2,0
D,DISPATCH,UNIT_SCADA,1,"2019/09/05 14:55:00",RT_SA3,0
D,DISPATCH,UNIT_SCADA,1,"2019/09/05 14:55:00",RT_SA4,0
D,DISPATCH,UNIT_SCADA,1,"2019/09/05 14:55:00",RT_SA5,0
D,DISPATCH,UNIT_SCADA,1,"2019/09/05 14:55:00",RT_SA6,0
D,DISPATCH,UNIT_SCADA,1,"2019/09/05 14:55:00",RT_TAS1,0
D,DISPATCH,UNIT_SCADA,1,"2019/09/05 14:55:00",RT_VIC1,0
D,DISPATCH,UNIT_SCADA,1,"2019/09/05 14:55:00",RT_VIC10,0
D,DISPATCH,UNIT_SCADA,1,"2019/09/05 14:55:00",RT_VIC11,0
D,DISPATCH,UNIT_SCADA,1,"2019/09/05 14:55:00",RT_VIC12,0
D,DISPATCH,UNIT_SCADA,1,"2019/09/05 14:55:00",RT_VIC2,0
D,DISPATCH,UNIT_SCADA,1,"2019/09/05 14:55:00",RT_VIC3,0
D,DISPATCH,UNIT_SCADA,1,"2019/09/05 14:55:00",RT_VIC4,0
D,DISPATCH,UNIT_SCADA,1,"2019/09/05 14:55:00",RT_VIC5,0
D,DISPATCH,UNIT_SCADA,1,"2019/09/05 14:55:00",RT_VIC6,0
D,DISPATCH,UNIT_SCADA,1,"2019/09/05 14:55:00",RT_VIC7,0
D,DISPATCH,UNIT_SCADA,1,"2019/09/05 14:55:00",RT_VIC8,0
D,DISPATCH,UNIT_SCADA,1,"2019/09/05 14:55:00",RT_VIC9,0
D,DISPATCH,UNIT_SCADA,1,"2019/09/05 14:55:00",RUGBYR1,45.799420
D,DISPATCH,UNIT_SCADA,1,"2019/09/05 14:55:00",SALTCRK1,16.89
D,DISPATCH,UNIT_SCADA,1,"2019/09/05 14:55:00",SAPHWF1,115.3125
D,DISPATCH,UNIT_SCADA,1,"2019/09/05 14:55:00",SHGEN,0
D,DISPATCH,UNIT_SCADA,1,"2019/09/05 14:55:00",SHPUMP,79.414950
D,DISPATCH,UNIT_SCADA,1,"2019/09/05 14:55:00",SITHE01,0.2041
D,DISPATCH,UNIT_SCADA,1,"2019/09/05 14:55:00",SMCSF1,71.460950
D,DISPATCH,UNIT_SCADA,1,"2019/09/05 14:55:00",SNOWNTH1,78
D,DISPATCH,UNIT_SCADA,1,"2019/09/05 14:55:00",SNOWSTH1,86.50
D,DISPATCH,UNIT_SCADA,1,"2019/09/05 14:55:00",SNOWTWN1,-0.637030
D,DISPATCH,UNIT_SCADA,1,"2019/09/05 14:55:00",SNOWYP,0
D,DISPATCH,UNIT_SCADA,1,"2019/09/05 14:55:00",SNUG1,0.019440
D,DISPATCH,UNIT_SCADA,1,"2019/09/05 14:55:00",SRSF1,34.42
D,DISPATCH,UNIT_SCADA,1,"2019/09/05 14:55:00",STAN-1,353.925110
D,DISPATCH,UNIT_SCADA,1,"2019/09/05 14:55:00",STAN-2,219.838090
D,DISPATCH,UNIT_SCADA,1,"2019/09/05 14:55:00",STAN-3,217.351440
D,DISPATCH,UNIT_SCADA,1,"2019/09/05 14:55:00",STAN-4,217.812880
D,DISPATCH,UNIT_SCADA,1,"2019/09/05 14:55:00",STWF1,0
D,DISPATCH,UNIT_SCADA,1,"2019/09/05 14:55:00",SWAN_E,0
D,DISPATCH,UNIT_SCADA,1,"2019/09/05 14:55:00",TALWA1,409
D,DISPATCH,UNIT_SCADA,1,"2019/09/05 14:55:00",TARALGA1,9.877510
D,DISPATCH,UNIT_SCADA,1,"2019/09/05 14:55:00",TARONG#1,348.800020
D,DISPATCH,UNIT_SCADA,1,"2019/09/05 14:55:00",TARONG#2,0
D,DISPATCH,UNIT_SCADA,1,"2019/09/05 14:55:00",TARONG#3,279.600010
D,DISPATCH,UNIT_SCADA,1,"2019/09/05 14:55:00",TARONG#4,348.600010
D,DISPATCH,UNIT_SCADA,1,"2019/09/05 14:55:00",TARRALEA,74
D,DISPATCH,UNIT_SCADA,1,"2019/09/05 14:55:00",TBSF1,0
D,DISPATCH,UNIT_SCADA,1,"2019/09/05 14:55:00",TNPS1,379.000030
D,DISPATCH,UNIT_SCADA,1,"2019/09/05 14:55:00",TORRA1,33.154140
D,DISPATCH,UNIT_SCADA,1,"2019/09/05 14:55:00",TORRA2,0
D,DISPATCH,UNIT_SCADA,1,"2019/09/05 14:55:00",TORRA3,0
D,DISPATCH,UNIT_SCADA,1,"2019/09/05 14:55:00",TORRA4,35.998830
D,DISPATCH,UNIT_SCADA,1,"2019/09/05 14:55:00",TORRB1,56.83
D,DISPATCH,UNIT_SCADA,1,"2019/09/05 14:55:00",TORRB2,55.85
D,DISPATCH,UNIT_SCADA,1,"2019/09/05 14:55:00",TORRB3,57.43
D,DISPATCH,UNIT_SCADA,1,"2019/09/05 14:55:00",TORRB4,0
D,DISPATCH,UNIT_SCADA,1,"2019/09/05 14:55:00",TREVALLN,91.520030
D,DISPATCH,UNIT_SCADA,1,"2019/09/05 14:55:00",TRIBUTE,0
D,DISPATCH,UNIT_SCADA,1,"2019/09/05 14:55:00",TUMUT3,0
D,DISPATCH,UNIT_SCADA,1,"2019/09/05 14:55:00",TUNGATIN,5.70
D,DISPATCH,UNIT_SCADA,1,"2019/09/05 14:55:00",TVCC201,0
D,DISPATCH,UNIT_SCADA,1,"2019/09/05 14:55:00",TVPP104,0
D,DISPATCH,UNIT_SCADA,1,"2019/09/05 14:55:00",UPPTUMUT,230.246830
D,DISPATCH,UNIT_SCADA,1,"2019/09/05 14:55:00",URANQ11,0
D,DISPATCH,UNIT_SCADA,1,"2019/09/05 14:55:00",URANQ12,0
D,DISPATCH,UNIT_SCADA,1,"2019/09/05 14:55:00",URANQ13,80.174990
D,DISPATCH,UNIT_SCADA,1,"2019/09/05 14:55:00",URANQ14,0
D,DISPATCH,UNIT_SCADA,1,"2019/09/05 14:55:00",VP5,521.1250
D,DISPATCH,UNIT_SCADA,1,"2019/09/05 14:55:00",VP6,0
D,DISPATCH,UNIT_SCADA,1,"2019/09/05 14:55:00",VPGS1,0
D,DISPATCH,UNIT_SCADA,1,"2019/09/05 14:55:00",VPGS2,0
D,DISPATCH,UNIT_SCADA,1,"2019/09/05 14:55:00",VPGS3,0
D,DISPATCH,UNIT_SCADA,1,"2019/09/05 14:55:00",VPGS4,0
D,DISPATCH,UNIT_SCADA,1,"2019/09/05 14:55:00",VPGS5,0
D,DISPATCH,UNIT_SCADA,1,"2019/09/05 14:55:00",VPGS6,0
D,DISPATCH,UNIT_SCADA,1,"2019/09/05 14:55:00",W/HOE#1,0
D,DISPATCH,UNIT_SCADA,1,"2019/09/05 14:55:00",W/HOE#2,0
D,DISPATCH,UNIT_SCADA,1,"2019/09/05 14:55:00",WATERLWF,95.10
D,DISPATCH,UNIT_SCADA,1,"2019/09/05 14:55:00",WEMENSF1,70
D,DISPATCH,UNIT_SCADA,1,"2019/09/05 14:55:00",WGWF1,68.20
D,DISPATCH,UNIT_SCADA,1,"2019/09/05 14:55:00",WHITSF1,38.80
D,DISPATCH,UNIT_SCADA,1,"2019/09/05 14:55:00",WKIEWA1,0
D,DISPATCH,UNIT_SCADA,1,"2019/09/05 14:55:00",WKIEWA2,0.10
D,DISPATCH,UNIT_SCADA,1,"2019/09/05 14:55:00",WOODLWN1,5.346010
D,DISPATCH,UNIT_SCADA,1,"2019/09/05 14:55:00",WRSF1,14.88
D,DISPATCH,UNIT_SCADA,1,"2019/09/05 14:55:00",WRWF1,96.7475
D,DISPATCH,UNIT_SCADA,1,"2019/09/05 14:55:00",YABULU,0
D,DISPATCH,UNIT_SCADA,1,"2019/09/05 14:55:00",YABULU2,0
D,DISPATCH,UNIT_SCADA,1,"2019/09/05 14:55:00",YARWUN_1,120.36
D,DISPATCH,UNIT_SCADA,1,"2019/09/05 14:55:00",YENDWF1,25.10
D,DISPATCH,UNIT_SCADA,1,"2019/09/05 14:55:00",YWPS1,380.200010
D,DISPATCH,UNIT_SCADA,1,"2019/09/05 14:55:00",YWPS2,281.200010
D,DISPATCH,UNIT_SCADA,1,"2019/09/05 14:55:00",YWPS3,327.208860
D,DISPATCH,UNIT_SCADA,1,"2019/09/05 14:55:00",YWPS4,388.1810
C,"END OF REPORT",335
