C,NEMP.WORLD,DISPATCHSCADA,AEMO,PUBLIC,2019/09/06,09:55:09,0000000312456428,DISPATCHSCADA,0000000312456422
I,DISPATCH,UNIT_SCADA,1,SETTLEMENTDATE,DUID,SCADAVALUE
D,DISPATCH,UNIT_SCADA,1,"2019/09/06 10:00:00",BARCSF1,8.900001
D,DISPATCH,UNIT_SCADA,1,"2019/09/06 10:00:00",BUTLERSG,10.199999
D,DISPATCH,UNIT_SCADA,1,"2019/09/06 10:00:00",CALL_A_4,0
D,DISPATCH,UNIT_SCADA,1,"2019/09/06 10:00:00",CAPTL_WF,44.700005
D,DISPATCH,UNIT_SCADA,1,"2019/09/06 10:00:00",CATHROCK,0
D,DISPATCH,UNIT_SCADA,1,"2019/09/06 10:00:00",CHALLHWF,40.599998
D,DISPATCH,UNIT_SCADA,1,"2019/09/06 10:00:00",CLOVER,-0.01
D,DISPATCH,UNIT_SCADA,1,"2019/09/06 10:00:00",CLUNY,18.544746
D,DISPATCH,UNIT_SCADA,1,"2019/09/06 10:00:00",CNUNDAWF,15.117636
D,DISPATCH,UNIT_SCADA,1,"2019/09/06 10:00:00",CULLRGWF,26.690001
D,DISPATCH,UNIT_SCADA,1,"2019/09/06 10:00:00",ERGT01,0
D,DISPATCH,UNIT_SCADA,1,"2019/09/06 10:00:00",GB01,0.007530
D,DISPATCH,UNIT_SCADA,1,"2019/09/06 10:00:00",GERMCRK,33.599998
D,DISPATCH,UNIT_SCADA,1,"2019/09/06 10:00:00",GRIFSF1,17.400002
D,DISPATCH,UNIT_SCADA,1,"2019/09/06 10:00:00",HUGSF1,8.9860
D,DISPATCH,UNIT_SCADA,1,"2019/09/06 10:00:00",LKBONNY1,18.576347
D,DISPATCH,UNIT_SCADA,1,"2019/09/06 10:00:00",LRSF1,10.55
D,DISPATCH,UNIT_SCADA,1,"2019/09/06 10:00:00",MBAHNTH,49.331253
D,DISPATCH,UNIT_SCADA,1,"2019/09/06 10:00:00",MLSP1,5.826001
D,DISPATCH,UNIT_SCADA,1,"2019/09/06 10:00:00",MLWF1,12.6150
D,DISPATCH,UNIT_SCADA,1,"2019/09/06 10:00:00",MTMILLAR,52.505894
D,DISPATCH,UNIT_SCADA,1,"2019/09/06 10:00:00",PALOONA,25.939999
D,DISPATCH,UNIT_SCADA,1,"2019/09/06 10:00:00",PIONEER,46
D,DISPATCH,UNIT_SCADA,1,"2019/09/06 10:00:00",PORTWF,30.40
D,DISPATCH,UNIT_SCADA,1,"2019/09/06 10:00:00",REPULSE,32.346073
D,DISPATCH,UNIT_SCADA,1,"2019/09/06 10:00:00",ROWALLAN,10.3873
D,DISPATCH,UNIT_SCADA,1,"2019/09/06 10:00:00",ROYALLA1,8.594001
D,DISPATCH,UNIT_SCADA,1,"2019/09/06 10:00:00",RPCG,-2.70
D,DISPATCH,UNIT_SCADA,1,"2019/09/06 10:00:00",RUBICON,0
D,DISPATCH,UNIT_SCADA,1,"2019/09/06 10:00:00",SATGN1,0
D,DISPATCH,UNIT_SCADA,1,"2019/09/06 10:00:00",SATGS1,0
D,DISPATCH,UNIT_SCADA,1,"2019/09/06 10:00:00",STARHLWF,23.593121
D,DISPATCH,UNIT_SCADA,1,"2019/09/06 10:00:00",WAUBRAWF,96.117996
D,DISPATCH,UNIT_SCADA,1,"2019/09/06 10:00:00",WOOLNTH1,-0.589985
D,DISPATCH,UNIT_SCADA,1,"2019/09/06 10:00:00",WPWF,79
D,DISPATCH,UNIT_SCADA,1,"2019/09/06 10:00:00",YAMBUKWF,7.20
D,DISPATCH,UNIT_SCADA,1,"2019/09/06 10:00:00",YSWF1,25.60
D,DISPATCH,UNIT_SCADA,1,"2019/09/06 10:00:00",AGLHAL,0
D,DISPATCH,UNIT_SCADA,1,"2019/09/06 10:00:00",AGLSOM,0
D,DISPATCH,UNIT_SCADA,1,"2019/09/06 10:00:00",ANGAST1,0
D,DISPATCH,UNIT_SCADA,1,"2019/09/06 10:00:00",ARWF1,118.10
D,DISPATCH,UNIT_SCADA,1,"2019/09/06 10:00:00",BALBG1,0.13
D,DISPATCH,UNIT_SCADA,1,"2019/09/06 10:00:00",BALBL1,0
D,DISPATCH,UNIT_SCADA,1,"2019/09/06 10:00:00",BALDHWF1,59.2760
D,DISPATCH,UNIT_SCADA,1,"2019/09/06 10:00:00",BANN1,29.84
D,DISPATCH,UNIT_SCADA,1,"2019/09/06 10:00:00",BARCALDN,0
D,DISPATCH,UNIT_SCADA,1,"2019/09/06 10:00:00",BARRON-1,0
D,DISPATCH,UNIT_SCADA,1,"2019/09/06 10:00:00",BARRON-2,0
D,DISPATCH,UNIT_SCADA,1,"2019/09/06 10:00:00",BASTYAN,80.88
D,DISPATCH,UNIT_SCADA,1,"2019/09/06 10:00:00",BBTHREE1,0
D,DISPATCH,UNIT_SCADA,1,"2019/09/06 10:00:00",BBTHREE2,0
D,DISPATCH,UNIT_SCADA,1,"2019/09/06 10:00:00",BBTHREE3,0
D,DISPATCH,UNIT_SCADA,1,"2019/09/06 10:00:00",BDL01,-0.06
D,DISPATCH,UNIT_SCADA,1,"2019/09/06 10:00:00",BDL02,-0.06
D,DISPATCH,UNIT_SCADA,1,"2019/09/06 10:00:00",BERYLSF1,70.899570
D,DISPATCH,UNIT_SCADA,1,"2019/09/06 10:00:00",BLOWERNG,15.30
D,DISPATCH,UNIT_SCADA,1,"2019/09/06 10:00:00",BLUFF1,52.50
D,DISPATCH,UNIT_SCADA,1,"2019/09/06 10:00:00",BNGSF1,5.99
D,DISPATCH,UNIT_SCADA,1,"2019/09/06 10:00:00",BNGSF2,1.99
D,DISPATCH,UNIT_SCADA,1,"2019/09/06 10:00:00",BOCORWF1,78.38
D,DISPATCH,UNIT_SCADA,1,"2019/09/06 10:00:00",BODWF1,67.983410
D,DISPATCH,UNIT_SCADA,1,"2019/09/06 10:00:00",BRAEMAR1,0
D,DISPATCH,UNIT_SCADA,1,"2019/09/06 10:00:00",BRAEMAR2,0
D,DISPATCH,UNIT_SCADA,1,"2019/09/06 10:00:00",BRAEMAR3,0
D,DISPATCH,UNIT_SCADA,1,"2019/09/06 10:00:00",BRAEMAR5,0
D,DISPATCH,UNIT_SCADA,1,"2019/09/06 10:00:00",BRAEMAR6,0
D,DISPATCH,UNIT_SCADA,1,"2019/09/06 10:00:00",BRAEMAR7,0
D,DISPATCH,UNIT_SCADA,1,"2019/09/06 10:00:00",BROKENH1,46.181150
D,DISPATCH,UNIT_SCADA,1,"2019/09/06 10:00:00",BW01,540.150020
D,DISPATCH,UNIT_SCADA,1,"2019/09/06 10:00:00",BW02,590.050050
D,DISPATCH,UNIT_SCADA,1,"2019/09/06 10:00:00",BW03,625.424930
D,DISPATCH,UNIT_SCADA,1,"2019/09/06 10:00:00",BW04,0
D,DISPATCH,UNIT_SCADA,1,"2019/09/06 10:00:00",CALL_B_1,299.399990
D,DISPATCH,UNIT_SCADA,1,"2019/09/06 10:00:00",CALL_B_2,275.300020
D,DISPATCH,UNIT_SCADA,1,"2019/09/06 10:00:00",CETHANA,97.346250
D,DISPATCH,UNIT_SCADA,1,"2019/09/06 10:00:00",CG1,0
D,DISPATCH,UNIT_SCADA,1,"2019/09/06 10:00:00",CG2,0
D,DISPATCH,UNIT_SCADA,1,"2019/09/06 10:00:00",CG3,0
D,DISPATCH,UNIT_SCADA,1,"2019/09/06 10:00:00",CG4,0
D,DISPATCH,UNIT_SCADA,1,"2019/09/06 10:00:00",CHILDSF1,1.48
D,DISPATCH,UNIT_SCADA,1,"2019/09/06 10:00:00",CLARESF1,46.872580
D,DISPATCH,UNIT_SCADA,1,"2019/09/06 10:00:00",CLEMGPWF,54.674580
D,DISPATCH,UNIT_SCADA,1,"2019/09/06 10:00:00",CLERMSF1,14.72
D,DISPATCH,UNIT_SCADA,1,"2019/09/06 10:00:00",COLEASF1,40.30
D,DISPATCH,UNIT_SCADA,1,"2019/09/06 10:00:00",COOPGWF1,25.5474
D,DISPATCH,UNIT_SCADA,1,"2019/09/06 10:00:00",CPP_3,271.975010
D,DISPATCH,UNIT_SCADA,1,"2019/09/06 10:00:00",CPP_4,275.550020
D,DISPATCH,UNIT_SCADA,1,"2019/09/06 10:00:00",CPSA,74.058750
D,DISPATCH,UNIT_SCADA,1,"2019/09/06 10:00:00",CROOKWF2,84.433750
D,DISPATCH,UNIT_SCADA,1,"2019/09/06 10:00:00",CROWLWF1,44.056580
D,DISPATCH,UNIT_SCADA,1,"2019/09/06 10:00:00",CSPVPS1,31.9670
D,DISPATCH,UNIT_SCADA,1,"2019/09/06 10:00:00",DALNTH01,0
D,DISPATCH,UNIT_SCADA,1,"2019/09/06 10:00:00",DALNTHL1,0.224310
D,DISPATCH,UNIT_SCADA,1,"2019/09/06 10:00:00",DARTM1,133.399990
D,DISPATCH,UNIT_SCADA,1,"2019/09/06 10:00:00",DAYDSF1,116.9260
D,DISPATCH,UNIT_SCADA,1,"2019/09/06 10:00:00",DDPS1,0
D,DISPATCH,UNIT_SCADA,1,"2019/09/06 10:00:00",DDSF1,102.211590
D,DISPATCH,UNIT_SCADA,1,"2019/09/06 10:00:00",DEVILS_G,0
D,DISPATCH,UNIT_SCADA,1,"2019/09/06 10:00:00",DG_NSW1,0
D,DISPATCH,UNIT_SCADA,1,"2019/09/06 10:00:00",DG_QLD1,0
D,DISPATCH,UNIT_SCADA,1,"2019/09/06 10:00:00",DG_SA1,0
D,DISPATCH,UNIT_SCADA,1,"2019/09/06 10:00:00",DG_TAS1,0
D,DISPATCH,UNIT_SCADA,1,"2019/09/06 10:00:00",DG_VIC1,0
D,DISPATCH,UNIT_SCADA,1,"2019/09/06 10:00:00",DRYCGT1,0
D,DISPATCH,UNIT_SCADA,1,"2019/09/06 10:00:00",DRYCGT2,0
D,DISPATCH,UNIT_SCADA,1,"2019/09/06 10:00:00",DRYCGT3,0
D,DISPATCH,UNIT_SCADA,1,"2019/09/06 10:00:00",EILDON1,0
D,DISPATCH,UNIT_SCADA,1,"2019/09/06 10:00:00",EILDON2,0
D,DISPATCH,UNIT_SCADA,1,"2019/09/06 10:00:00",EMERASF1,68.42
D,DISPATCH,UNIT_SCADA,1,"2019/09/06 10:00:00",ER01,506.6250
D,DISPATCH,UNIT_SCADA,1,"2019/09/06 10:00:00",ER02,616.849980
D,DISPATCH,UNIT_SCADA,1,"2019/09/06 10:00:00",ER03,0
D,DISPATCH,UNIT_SCADA,1,"2019/09/06 10:00:00",ER04,620.925050
D,DISPATCH,UNIT_SCADA,1,"2019/09/06 10:00:00",FINLYSF1,0
D,DISPATCH,UNIT_SCADA,1,"2019/09/06 10:00:00",FISHER,46.08
D,DISPATCH,UNIT_SCADA,1,"2019/09/06 10:00:00",GANNBG1,0.145910
D,DISPATCH,UNIT_SCADA,1,"2019/09/06 10:00:00",GANNBL1,0
D,DISPATCH,UNIT_SCADA,1,"2019/09/06 10:00:00",GANNSF1,47.10
D,DISPATCH,UNIT_SCADA,1,"2019/09/06 10:00:00",GORDON,20.441680
D,DISPATCH,UNIT_SCADA,1,"2019/09/06 10:00:00",GSTONE1,131.774990
D,DISPATCH,UNIT_SCADA,1,"2019/09/06 10:00:00",GSTONE2,109.90
D,DISPATCH,UNIT_SCADA,1,"2019/09/06 10:00:00",GSTONE3,0
D,DISPATCH,UNIT_SCADA,1,"2019/09/06 10:00:00",GSTONE4,132.1250
D,DISPATCH,UNIT_SCADA,1,"2019/09/06 10:00:00",GSTONE5,131.774990
D,DISPATCH,UNIT_SCADA,1,"2019/09/06 10:00:00",GSTONE6,133.524990
D,DISPATCH,UNIT_SCADA,1,"2019/09/06 10:00:00",GULLRSF1,9.912020
D,DISPATCH,UNIT_SCADA,1,"2019/09/06 10:00:00",GULLRWF1,124.668240
D,DISPATCH,UNIT_SCADA,1,"2019/09/06 10:00:00",GUNNING1,33.517270
D,DISPATCH,UNIT_SCADA,1,"2019/09/06 10:00:00",GUTHEGA,0
D,DISPATCH,UNIT_SCADA,1,"2019/09/06 10:00:00",HALLWF1,91.61
D,DISPATCH,UNIT_SCADA,1,"2019/09/06 10:00:00",HALLWF2,10.37
D,DISPATCH,UNIT_SCADA,1,"2019/09/06 10:00:00",HAMISF1,46.30
D,DISPATCH,UNIT_SCADA,1,"2019/09/06 10:00:00",HAUGHT11,93.548550
D,DISPATCH,UNIT_SCADA,1,"2019/09/06 10:00:00",HAYMSF1,40.8410
D,DISPATCH,UNIT_SCADA,1,"2019/09/06 10:00:00",HDWF1,99.50
D,DISPATCH,UNIT_SCADA,1,"2019/09/06 10:00:00",HDWF2,100
D,DISPATCH,UNIT_SCADA,1,"2019/09/06 10:00:00",HDWF3,108.60
D,DISPATCH,UNIT_SCADA,1,"2019/09/06 10:00:00",HPRG1,3.50
D,DISPATCH,UNIT_SCADA,1,"2019/09/06 10:00:00",HPRL1,0
D,DISPATCH,UNIT_SCADA,1,"2019/09/06 10:00:00",HUMENSW,0
D,DISPATCH,UNIT_SCADA,1,"2019/09/06 10:00:00",HUMEV,24.40
D,DISPATCH,UNIT_SCADA,1,"2019/09/06 10:00:00",HVGTS,0
D,DISPATCH,UNIT_SCADA,1,"2019/09/06 10:00:00",JBUTTERS,117.29
D,DISPATCH,UNIT_SCADA,1,"2019/09/06 10:00:00",JLA01,0.10
D,DISPATCH,UNIT_SCADA,1,"2019/09/06 10:00:00",JLA02,0
D,DISPATCH,UNIT_SCADA,1,"2019/09/06 10:00:00",JLA03,0
D,DISPATCH,UNIT_SCADA,1,"2019/09/06 10:00:00",JLA04,0
D,DISPATCH,UNIT_SCADA,1,"2019/09/06 10:00:00",JLB01,0
D,DISPATCH,UNIT_SCADA,1,"2019/09/06 10:00:00",JLB02,0.10
D,DISPATCH,UNIT_SCADA,1,"2019/09/06 10:00:00",JLB03,0
D,DISPATCH,UNIT_SCADA,1,"2019/09/06 10:00:00",KAREEYA1,21.4375
D,DISPATCH,UNIT_SCADA,1,"2019/09/06 10:00:00",KAREEYA2,21.5150
D,DISPATCH,UNIT_SCADA,1,"2019/09/06 10:00:00",KAREEYA3,0
D,DISPATCH,UNIT_SCADA,1,"2019/09/06 10:00:00",KAREEYA4,21.55
D,DISPATCH,UNIT_SCADA,1,"2019/09/06 10:00:00",KARSF1,18.70
D,DISPATCH,UNIT_SCADA,1,"2019/09/06 10:00:00",KIATAWF1,20.80
D,DISPATCH,UNIT_SCADA,1,"2019/09/06 10:00:00",KPP_1,0
D,DISPATCH,UNIT_SCADA,1,"2019/09/06 10:00:00",KSP1,46.92
D,DISPATCH,UNIT_SCADA,1,"2019/09/06 10:00:00",LADBROK1,0
D,DISPATCH,UNIT_SCADA,1,"2019/09/06 10:00:00",LADBROK2,0
D,DISPATCH,UNIT_SCADA,1,"2019/09/06 10:00:00",LD01,384.225040
D,DISPATCH,UNIT_SCADA,1,"2019/09/06 10:00:00",LD02,380.550020
D,DISPATCH,UNIT_SCADA,1,"2019/09/06 10:00:00",LD03,382.518770
D,DISPATCH,UNIT_SCADA,1,"2019/09/06 10:00:00",LD04,371.100040
D,DISPATCH,UNIT_SCADA,1,"2019/09/06 10:00:00",LEM_WIL,85.4896
D,DISPATCH,UNIT_SCADA,1,"2019/09/06 10:00:00",LGAPWF1,34.60
D,DISPATCH,UNIT_SCADA,1,"2019/09/06 10:00:00",LILYSF1,0
D,DISPATCH,UNIT_SCADA,1,"2019/09/06 10:00:00",LI_WY_CA,155.047040
D,DISPATCH,UNIT_SCADA,1,"2019/09/06 10:00:00",LKBONNY2,50.292490
D,DISPATCH,UNIT_SCADA,1,"2019/09/06 10:00:00",LKBONNY3,5.972960
D,DISPATCH,UNIT_SCADA,1,"2019/09/06 10:00:00",LK_ECHO,0
D,DISPATCH,UNIT_SCADA,1,"2019/09/06 10:00:00",LNGS1,0
D,DISPATCH,UNIT_SCADA,1,"2019/09/06 10:00:00",LNGS2,0
D,DISPATCH,UNIT_SCADA,1,"2019/09/06 10:00:00",LONSDALE,0
D,DISPATCH,UNIT_SCADA,1,"2019/09/06 10:00:00",LOYYB1,536.464540
D,DISPATCH,UNIT_SCADA,1,"2019/09/06 10:00:00",LOYYB2,582.330380
D,DISPATCH,UNIT_SCADA,1,"2019/09/06 10:00:00",LYA1,0
D,DISPATCH,UNIT_SCADA,1,"2019/09/06 10:00:00",LYA2,0
D,DISPATCH,UNIT_SCADA,1,"2019/09/06 10:00:00",LYA3,559
D,DISPATCH,UNIT_SCADA,1,"2019/09/06 10:00:00",LYA4,540
D,DISPATCH,UNIT_SCADA,1,"2019/09/06 10:00:00",MACARTH1,136.196850
D,DISPATCH,UNIT_SCADA,1,"2019/09/06 10:00:00",MACKAYGT,0.2240
D,DISPATCH,UNIT_SCADA,1,"2019/09/06 10:00:00",MACKNTSH,88.430010
D,DISPATCH,UNIT_SCADA,1,"2019/09/06 10:00:00",MANSLR1,40.0220
D,DISPATCH,UNIT_SCADA,1,"2019/09/06 10:00:00",MCKAY1,-0.0350
D,DISPATCH,UNIT_SCADA,1,"2019/09/06 10:00:00",MEADOWBK,33.8673
D,DISPATCH,UNIT_SCADA,1,"2019/09/06 10:00:00",MERCER01,79.9070
D,DISPATCH,UNIT_SCADA,1,"2019/09/06 10:00:00",MEWF1,47.243270
D,DISPATCH,UNIT_SCADA,1,"2019/09/06 10:00:00",MINTARO,0
D,DISPATCH,UNIT_SCADA,1,"2019/09/06 10:00:00",MOREESF1,51.5240
D,DISPATCH,UNIT_SCADA,1,"2019/09/06 10:00:00",MORTLK11,124
D,DISPATCH,UNIT_SCADA,1,"2019/09/06 10:00:00",MORTLK12,0
D,DISPATCH,UNIT_SCADA,1,"2019/09/06 10:00:00",MP1,204.525020
D,DISPATCH,UNIT_SCADA,1,"2019/09/06 10:00:00",MP2,0
D,DISPATCH,UNIT_SCADA,1,"2019/09/06 10:00:00",MPP_1,402.25
D,DISPATCH,UNIT_SCADA,1,"2019/09/06 10:00:00",MPP_2,415.50
D,DISPATCH,UNIT_SCADA,1,"2019/09/06 10:00:00",MSTUART1,0
D,DISPATCH,UNIT_SCADA,1,"2019/09/06 10:00:00",MSTUART2,0
D,DISPATCH,UNIT_SCADA,1,"2019/09/06 10:00:00",MSTUART3,0
D,DISPATCH,UNIT_SCADA,1,"2019/09/06 10:00:00",MTGELWF1,40.455330
D,DISPATCH,UNIT_SCADA,1,"2019/09/06 10:00:00",MURRAY,0
D,DISPATCH,UNIT_SCADA,1,"2019/09/06 10:00:00",MUSSELR1,166.099990
D,DISPATCH,UNIT_SCADA,1,"2019/09/06 10:00:00",MUWAWF1,51.69
D,DISPATCH,UNIT_SCADA,1,"2019/09/06 10:00:00",NBHWF1,118.899990
D,DISPATCH,UNIT_SCADA,1,"2019/09/06 10:00:00",NPS,0
D,DISPATCH,UNIT_SCADA,1,"2019/09/06 10:00:00",NUMURSF1,6.49
D,DISPATCH,UNIT_SCADA,1,"2019/09/06 10:00:00",NYNGAN1,99.25
D,DISPATCH,UNIT_SCADA,1,"2019/09/06 10:00:00",OAKEY1,0
D,DISPATCH,UNIT_SCADA,1,"2019/09/06 10:00:00",OAKEY1SF,22.5150
D,DISPATCH,UNIT_SCADA,1,"2019/09/06 10:00:00",OAKEY2,0
D,DISPATCH,UNIT_SCADA,1,"2019/09/06 10:00:00",OAKEY2SF,0
D,DISPATCH,UNIT_SCADA,1,"2019/09/06 10:00:00",OAKLAND1,7.90
D,DISPATCH,UNIT_SCADA,1,"2019/09/06 10:00:00",OSB-AG,0
D,DISPATCH,UNIT_SCADA,1,"2019/09/06 10:00:00",PARSF1,28.70
D,DISPATCH,UNIT_SCADA,1,"2019/09/06 10:00:00",POAT110,0
D,DISPATCH,UNIT_SCADA,1,"2019/09/06 10:00:00",POAT220,0.89
D,DISPATCH,UNIT_SCADA,1,"2019/09/06 10:00:00",POR01,0
D,DISPATCH,UNIT_SCADA,1,"2019/09/06 10:00:00",POR03,0
D,DISPATCH,UNIT_SCADA,1,"2019/09/06 10:00:00",PPCCGT,171.538890
D,DISPATCH,UNIT_SCADA,1,"2019/09/06 10:00:00",PTSTAN1,0
D,DISPATCH,UNIT_SCADA,1,"2019/09/06 10:00:00",PUMP1,0
D,DISPATCH,UNIT_SCADA,1,"2019/09/06 10:00:00",PUMP2,0
D,DISPATCH,UNIT_SCADA,1,"2019/09/06 10:00:00",QPS1,0
D,DISPATCH,UNIT_SCADA,1,"2019/09/06 10:00:00",QPS2,0
D,DISPATCH,UNIT_SCADA,1,"2019/09/06 10:00:00",QPS3,0
D,DISPATCH,UNIT_SCADA,1,"2019/09/06 10:00:00",QPS4,0
D,DISPATCH,UNIT_SCADA,1,"2019/09/06 10:00:00",QPS5,0
D,DISPATCH,UNIT_SCADA,1,"2019/09/06 10:00:00",REECE1,103.370010
D,DISPATCH,UNIT_SCADA,1,"2019/09/06 10:00:00",REECE2,110.640010
D,DISPATCH,UNIT_SCADA,1,"2019/09/06 10:00:00",ROMA_7,0
D,DISPATCH,UNIT_SCADA,1,"2019/09/06 10:00:00",ROMA_8,0
D,DISPATCH,UNIT_SCADA,1,"2019/09/06 10:00:00",RRSF1,108.071260
D,DISPATCH,UNIT_SCADA,1,"2019/09/06 10:00:00",RT_NSW1,0
D,DISPATCH,UNIT_SCADA,1,"2019/09/06 10:00:00",RT_NSW2,0
D,DISPATCH,UNIT_SCADA,1,"2019/09/06 10:00:00",RT_NSW3,0
D,DISPATCH,UNIT_SCADA,1,"2019/09/06 10:00:00",RT_NSW4,0
D,DISPATCH,UNIT_SCADA,1,"2019/09/06 10:00:00",RT_NSW5,0
D,DISPATCH,UNIT_SCADA,1,"2019/09/06 10:00:00",RT_NSW6,0
D,DISPATCH,UNIT_SCADA,1,"2019/09/06 10:00:00",RT_QLD1,0
D,DISPATCH,UNIT_SCADA,1,"2019/09/06 10:00:00",RT_SA1,0
D,DISPATCH,UNIT_SCADA,1,"2019/09/06 10:00:00",RT_SA2,0
D,DISPATCH,UNIT_SCADA,1,"2019/09/06 10:00:00",RT_SA3,0
D,DISPATCH,UNIT_SCADA,1,"2019/09/06 10:00:00",RT_SA4,0
D,DISPATCH,UNIT_SCADA,1,"2019/09/06 10:00:00",RT_SA5,0
D,DISPATCH,UNIT_SCADA,1,"2019/09/06 10:00:00",RT_SA6,0
D,DISPATCH,UNIT_SCADA,1,"2019/09/06 10:00:00",RT_TAS1,0
D,DISPATCH,UNIT_SCADA,1,"2019/09/06 10:00:00",RT_VIC1,0
D,DISPATCH,UNIT_SCADA,1,"2019/09/06 10:00:00",RT_VIC10,0
D,DISPATCH,UNIT_SCADA,1,"2019/09/06 10:00:00",RT_VIC11,0
D,DISPATCH,UNIT_SCADA,1,"2019/09/06 10:00:00",RT_VIC12,0
D,DISPATCH,UNIT_SCADA,1,"2019/09/06 10:00:00",RT_VIC2,0
D,DISPATCH,UNIT_SCADA,1,"2019/09/06 10:00:00",RT_VIC3,0
D,DISPATCH,UNIT_SCADA,1,"2019/09/06 10:00:00",RT_VIC4,0
D,DISPATCH,UNIT_SCADA,1,"2019/09/06 10:00:00",RT_VIC5,0
D,DISPATCH,UNIT_SCADA,1,"2019/09/06 10:00:00",RT_VIC6,0
D,DISPATCH,UNIT_SCADA,1,"2019/09/06 10:00:00",RT_VIC7,0
D,DISPATCH,UNIT_SCADA,1,"2019/09/06 10:00:00",RT_VIC8,0
D,DISPATCH,UNIT_SCADA,1,"2019/09/06 10:00:00",RT_VIC9,0
D,DISPATCH,UNIT_SCADA,1,"2019/09/06 10:00:00",RUGBYR1,64.485370
D,DISPATCH,UNIT_SCADA,1,"2019/09/06 10:00:00",SALTCRK1,23.53
D,DISPATCH,UNIT_SCADA,1,"2019/09/06 10:00:00",SAPHWF1,112.1250
D,DISPATCH,UNIT_SCADA,1,"2019/09/06 10:00:00",SHGEN,0
D,DISPATCH,UNIT_SCADA,1,"2019/09/06 10:00:00",SHPUMP,0
D,DISPATCH,UNIT_SCADA,1,"2019/09/06 10:00:00",SITHE01,0.194050
D,DISPATCH,UNIT_SCADA,1,"2019/09/06 10:00:00",SMCSF1,80.972850
D,DISPATCH,UNIT_SCADA,1,"2019/09/06 10:00:00",SNOWNTH1,135.399990
D,DISPATCH,UNIT_SCADA,1,"2019/09/06 10:00:00",SNOWSTH1,115.80
D,DISPATCH,UNIT_SCADA,1,"2019/09/06 10:00:00",SNOWTWN1,88.454060
D,DISPATCH,UNIT_SCADA,1,"2019/09/06 10:00:00",SNOWYP,199.70
D,DISPATCH,UNIT_SCADA,1,"2019/09/06 10:00:00",SNUG1,0.019440
D,DISPATCH,UNIT_SCADA,1,"2019/09/06 10:00:00",SRSF1,70.99
D,DISPATCH,UNIT_SCADA,1,"2019/09/06 10:00:00",STAN-1,221.927380
D,DISPATCH,UNIT_SCADA,1,"2019/09/06 10:00:00",STAN-2,232.3739
D,DISPATCH,UNIT_SCADA,1,"2019/09/06 10:00:00",STAN-3,229.733430
D,DISPATCH,UNIT_SCADA,1,"2019/09/06 10:00:00",STAN-4,228.349110
D,DISPATCH,UNIT_SCADA,1,"2019/09/06 10:00:00",STWF1,0
D,DISPATCH,UNIT_SCADA,1,"2019/09/06 10:00:00",SWAN_E,0
D,DISPATCH,UNIT_SCADA,1,"2019/09/06 10:00:00",TALWA1,190
D,DISPATCH,UNIT_SCADA,1,"2019/09/06 10:00:00",TARALGA1,78.033750
D,DISPATCH,UNIT_SCADA,1,"2019/09/06 10:00:00",TARONG#1,350
D,DISPATCH,UNIT_SCADA,1,"2019/09/06 10:00:00",TARONG#2,0
D,DISPATCH,UNIT_SCADA,1,"2019/09/06 10:00:00",TARONG#3,280
D,DISPATCH,UNIT_SCADA,1,"2019/09/06 10:00:00",TARONG#4,349.700010
D,DISPATCH,UNIT_SCADA,1,"2019/09/06 10:00:00",TARRALEA,73.90
D,DISPATCH,UNIT_SCADA,1,"2019/09/06 10:00:00",TBSF1,9.80
D,DISPATCH,UNIT_SCADA,1,"2019/09/06 10:00:00",TNPS1,398.800020
D,DISPATCH,UNIT_SCADA,1,"2019/09/06 10:00:00",TORRA1,38.804350
D,DISPATCH,UNIT_SCADA,1,"2019/09/06 10:00:00",TORRA2,0
D,DISPATCH,UNIT_SCADA,1,"2019/09/06 10:00:00",TORRA3,0
D,DISPATCH,UNIT_SCADA,1,"2019/09/06 10:00:00",TORRA4,41.274920
D,DISPATCH,UNIT_SCADA,1,"2019/09/06 10:00:00",TORRB1,65.63
D,DISPATCH,UNIT_SCADA,1,"2019/09/06 10:00:00",TORRB2,66.98
D,DISPATCH,UNIT_SCADA,1,"2019/09/06 10:00:00",TORRB3,41.18
D,DISPATCH,UNIT_SCADA,1,"2019/09/06 10:00:00",TORRB4,0
D,DISPATCH,UNIT_SCADA,1,"2019/09/06 10:00:00",TREVALLN,66.840010
D,DISPATCH,UNIT_SCADA,1,"2019/09/06 10:00:00",TRIBUTE,0
D,DISPATCH,UNIT_SCADA,1,"2019/09/06 10:00:00",TUMUT3,0
D,DISPATCH,UNIT_SCADA,1,"2019/09/06 10:00:00",TUNGATIN,121.790030
D,DISPATCH,UNIT_SCADA,1,"2019/09/06 10:00:00",TVCC201,0
D,DISPATCH,UNIT_SCADA,1,"2019/09/06 10:00:00",TVPP104,0
D,DISPATCH,UNIT_SCADA,1,"2019/09/06 10:00:00",UPPTUMUT,0
D,DISPATCH,UNIT_SCADA,1,"2019/09/06 10:00:00",URANQ11,0
D,DISPATCH,UNIT_SCADA,1,"2019/09/06 10:00:00",URANQ12,0
D,DISPATCH,UNIT_SCADA,1,"2019/09/06 10:00:00",URANQ13,0
D,DISPATCH,UNIT_SCADA,1,"2019/09/06 10:00:00",URANQ14,0
D,DISPATCH,UNIT_SCADA,1,"2019/09/06 10:00:00",VP5,493.699980
D,DISPATCH,UNIT_SCADA,1,"2019/09/06 10:00:00",VP6,0
D,DISPATCH,UNIT_SCADA,1,"2019/09/06 10:00:00",VPGS1,0
D,DISPATCH,UNIT_SCADA,1,"2019/09/06 10:00:00",VPGS2,0
D,DISPATCH,UNIT_SCADA,1,"2019/09/06 10:00:00",VPGS3,0
D,DISPATCH,UNIT_SCADA,1,"2019/09/06 10:00:00",VPGS4,0
D,DISPATCH,UNIT_SCADA,1,"2019/09/06 10:00:00",VPGS5,0
D,DISPATCH,UNIT_SCADA,1,"2019/09/06 10:00:00",VPGS6,0
D,DISPATCH,UNIT_SCADA,1,"2019/09/06 10:00:00",W/HOE#1,0
D,DISPATCH,UNIT_SCADA,1,"2019/09/06 10:00:00",W/HOE#2,0
D,DISPATCH,UNIT_SCADA,1,"2019/09/06 10:00:00",WATERLWF,114.20
D,DISPATCH,UNIT_SCADA,1,"2019/09/06 10:00:00",WEMENSF1,30.60
D,DISPATCH,UNIT_SCADA,1,"2019/09/06 10:00:00",WGWF1,105.80
D,DISPATCH,UNIT_SCADA,1,"2019/09/06 10:00:00",WHITSF1,42.70
D,DISPATCH,UNIT_SCADA,1,"2019/09/06 10:00:00",WKIEWA1,32.90
D,DISPATCH,UNIT_SCADA,1,"2019/09/06 10:00:00",WKIEWA2,0.10
D,DISPATCH,UNIT_SCADA,1,"2019/09/06 10:00:00",WOODLWN1,1.674010
D,DISPATCH,UNIT_SCADA,1,"2019/09/06 10:00:00",WRSF1,16.98
D,DISPATCH,UNIT_SCADA,1,"2019/09/06 10:00:00",WRWF1,91.261250
D,DISPATCH,UNIT_SCADA,1,"2019/09/06 10:00:00",YABULU,0
D,DISPATCH,UNIT_SCADA,1,"2019/09/06 10:00:00",YABULU2,0
D,DISPATCH,UNIT_SCADA,1,"2019/09/06 10:00:00",YARWUN_1,120.41
D,DISPATCH,UNIT_SCADA,1,"2019/09/06 10:00:00",YENDWF1,41.84
D,DISPATCH,UNIT_SCADA,1,"2019/09/06 10:00:00",YWPS1,364.410130
D,DISPATCH,UNIT_SCADA,1,"2019/09/06 10:00:00",YWPS2,280.197480
D,DISPATCH,UNIT_SCADA,1,"2019/09/06 10:00:00",YWPS3,322.127840
D,DISPATCH,UNIT_SCADA,1,"2019/09/06 10:00:00",YWPS4,378.583560
C,"END OF REPORT",335
