C,NEMP.WORLD,DISPATCHSCADA,AEMO,PUBLIC,2019/08/20,12:00:08,0000000311784691,DISPATCHSCADA,0000000311784685
I,DISPATCH,UNIT_SCADA,1,SETTLEMENTDATE,DUID,SCADAVALUE
D,DISPATCH,UNIT_SCADA,1,"2019/08/20 12:05:00",BARCSF1,18.50
D,DISPATCH,UNIT_SCADA,1,"2019/08/20 12:05:00",BUTLERSG,9.799998
D,DISPATCH,UNIT_SCADA,1,"2019/08/20 12:05:00",CALL_A_4,0
D,DISPATCH,UNIT_SCADA,1,"2019/08/20 12:05:00",CAPTL_WF,122.947998
D,DISPATCH,UNIT_SCADA,1,"2019/08/20 12:05:00",CATHROCK,49.479996
D,DISPATCH,UNIT_SCADA,1,"2019/08/20 12:05:00",CHALLHWF,24.50
D,DISPATCH,UNIT_SCADA,1,"2019/08/20 12:05:00",CLOVER,-0.01
D,DISPATCH,UNIT_SCADA,1,"2019/08/20 12:05:00",CLUNY,15.159076
D,DISPATCH,UNIT_SCADA,1,"2019/08/20 12:05:00",CNUNDAWF,39.746365
D,DISPATCH,UNIT_SCADA,1,"2019/08/20 12:05:00",CULLRGWF,30.42
D,DISPATCH,UNIT_SCADA,1,"2019/08/20 12:05:00",ERGT01,0
D,DISPATCH,UNIT_SCADA,1,"2019/08/20 12:05:00",GB01,0.067589
D,DISPATCH,UNIT_SCADA,1,"2019/08/20 12:05:00",GERMCRK,37.900002
D,DISPATCH,UNIT_SCADA,1,"2019/08/20 12:05:00",GRIFSF1,9.899994
D,DISPATCH,UNIT_SCADA,1,"2019/08/20 12:05:00",HUGSF1,8.9890
D,DISPATCH,UNIT_SCADA,1,"2019/08/20 12:05:00",LKBONNY1,74.841248
D,DISPATCH,UNIT_SCADA,1,"2019/08/20 12:05:00",LRSF1,8.832001
D,DISPATCH,UNIT_SCADA,1,"2019/08/20 12:05:00",MBAHNTH,55.481247
D,DISPATCH,UNIT_SCADA,1,"2019/08/20 12:05:00",MLSP1,11.114001
D,DISPATCH,UNIT_SCADA,1,"2019/08/20 12:05:00",MLWF1,19.6950
D,DISPATCH,UNIT_SCADA,1,"2019/08/20 12:05:00",MTMILLAR,24.615858
D,DISPATCH,UNIT_SCADA,1,"2019/08/20 12:05:00",PALOONA,7.97
D,DISPATCH,UNIT_SCADA,1,"2019/08/20 12:05:00",PIONEER,11
D,DISPATCH,UNIT_SCADA,1,"2019/08/20 12:05:00",PORTWF,134.699997
D,DISPATCH,UNIT_SCADA,1,"2019/08/20 12:05:00",REPULSE,29.031815
D,DISPATCH,UNIT_SCADA,1,"2019/08/20 12:05:00",ROWALLAN,9.8974
D,DISPATCH,UNIT_SCADA,1,"2019/08/20 12:05:00",ROYALLA1,19.600002
D,DISPATCH,UNIT_SCADA,1,"2019/08/20 12:05:00",RPCG,10.90
D,DISPATCH,UNIT_SCADA,1,"2019/08/20 12:05:00",RUBICON,0
D,DISPATCH,UNIT_SCADA,1,"2019/08/20 12:05:00",SATGN1,0
D,DISPATCH,UNIT_SCADA,1,"2019/08/20 12:05:00",SATGS1,0
D,DISPATCH,UNIT_SCADA,1,"2019/08/20 12:05:00",STARHLWF,19.694258
D,DISPATCH,UNIT_SCADA,1,"2019/08/20 12:05:00",WAUBRAWF,55.692001
D,DISPATCH,UNIT_SCADA,1,"2019/08/20 12:05:00",WOOLNTH1,130.100021
D,DISPATCH,UNIT_SCADA,1,"2019/08/20 12:05:00",WPWF,61
D,DISPATCH,UNIT_SCADA,1,"2019/08/20 12:05:00",YAMBUKWF,30.200001
D,DISPATCH,UNIT_SCADA,1,"2019/08/20 12:05:00",YSWF1,28.50
D,DISPATCH,UNIT_SCADA,1,"2019/08/20 12:05:00",AGLHAL,0
D,DISPATCH,UNIT_SCADA,1,"2019/08/20 12:05:00",AGLSOM,0
D,DISPATCH,UNIT_SCADA,1,"2019/08/20 12:05:00",ANGAST1,0
D,DISPATCH,UNIT_SCADA,1,"2019/08/20 12:05:00",ARWF1,89.20
D,DISPATCH,UNIT_SCADA,1,"2019/08/20 12:05:00",BALBG1,7.08
D,DISPATCH,UNIT_SCADA,1,"2019/08/20 12:05:00",BALBL1,0
D,DISPATCH,UNIT_SCADA,1,"2019/08/20 12:05:00",BALDHWF1,103.3680
D,DISPATCH,UNIT_SCADA,1,"2019/08/20 12:05:00",BANN1,47.01
D,DISPATCH,UNIT_SCADA,1,"2019/08/20 12:05:00",BARCALDN,0
D,DISPATCH,UNIT_SCADA,1,"2019/08/20 12:05:00",BARRON-1,0
D,DISPATCH,UNIT_SCADA,1,"2019/08/20 12:05:00",BARRON-2,0
D,DISPATCH,UNIT_SCADA,1,"2019/08/20 12:05:00",BASTYAN,80.94
D,DISPATCH,UNIT_SCADA,1,"2019/08/20 12:05:00",BBTHREE1,-1.93
D,DISPATCH,UNIT_SCADA,1,"2019/08/20 12:05:00",BBTHREE2,-2
D,DISPATCH,UNIT_SCADA,1,"2019/08/20 12:05:00",BBTHREE3,-1.05
D,DISPATCH,UNIT_SCADA,1,"2019/08/20 12:05:00",BDL01,0
D,DISPATCH,UNIT_SCADA,1,"2019/08/20 12:05:00",BDL02,-0.06
D,DISPATCH,UNIT_SCADA,1,"2019/08/20 12:05:00",BERYLSF1,70.758190
D,DISPATCH,UNIT_SCADA,1,"2019/08/20 12:05:00",BLOWERNG,0
D,DISPATCH,UNIT_SCADA,1,"2019/08/20 12:05:00",BLUFF1,43.20
D,DISPATCH,UNIT_SCADA,1,"2019/08/20 12:05:00",BNGSF1,57.46
D,DISPATCH,UNIT_SCADA,1,"2019/08/20 12:05:00",BNGSF2,17.84
D,DISPATCH,UNIT_SCADA,1,"2019/08/20 12:05:00",BOCORWF1,106.86
D,DISPATCH,UNIT_SCADA,1,"2019/08/20 12:05:00",BODWF1,42.7037
D,DISPATCH,UNIT_SCADA,1,"2019/08/20 12:05:00",BRAEMAR1,0
D,DISPATCH,UNIT_SCADA,1,"2019/08/20 12:05:00",BRAEMAR2,0
D,DISPATCH,UNIT_SCADA,1,"2019/08/20 12:05:00",BRAEMAR3,0
D,DISPATCH,UNIT_SCADA,1,"2019/08/20 12:05:00",BRAEMAR5,0
D,DISPATCH,UNIT_SCADA,1,"2019/08/20 12:05:00",BRAEMAR6,0
D,DISPATCH,UNIT_SCADA,1,"2019/08/20 12:05:00",BRAEMAR7,0
D,DISPATCH,UNIT_SCADA,1,"2019/08/20 12:05:00",BROKENH1,52.938960
D,DISPATCH,UNIT_SCADA,1,"2019/08/20 12:05:00",BW01,353.425050
D,DISPATCH,UNIT_SCADA,1,"2019/08/20 12:05:00",BW02,433.900020
D,DISPATCH,UNIT_SCADA,1,"2019/08/20 12:05:00",BW03,557.674930
D,DISPATCH,UNIT_SCADA,1,"2019/08/20 12:05:00",BW04,0
D,DISPATCH,UNIT_SCADA,1,"2019/08/20 12:05:00",CALL_B_1,350.600010
D,DISPATCH,UNIT_SCADA,1,"2019/08/20 12:05:00",CALL_B_2,262.700010
D,DISPATCH,UNIT_SCADA,1,"2019/08/20 12:05:00",CETHANA,92.9155
D,DISPATCH,UNIT_SCADA,1,"2019/08/20 12:05:00",CG1,0
D,DISPATCH,UNIT_SCADA,1,"2019/08/20 12:05:00",CG2,0
D,DISPATCH,UNIT_SCADA,1,"2019/08/20 12:05:00",CG3,0
D,DISPATCH,UNIT_SCADA,1,"2019/08/20 12:05:00",CG4,0
D,DISPATCH,UNIT_SCADA,1,"2019/08/20 12:05:00",CHILDSF1,40.04
D,DISPATCH,UNIT_SCADA,1,"2019/08/20 12:05:00",CLARESF1,2.062850
D,DISPATCH,UNIT_SCADA,1,"2019/08/20 12:05:00",CLEMGPWF,26.076680
D,DISPATCH,UNIT_SCADA,1,"2019/08/20 12:05:00",CLERMSF1,15.13
D,DISPATCH,UNIT_SCADA,1,"2019/08/20 12:05:00",COLEASF1,74.40
D,DISPATCH,UNIT_SCADA,1,"2019/08/20 12:05:00",COOPGWF1,17.999310
D,DISPATCH,UNIT_SCADA,1,"2019/08/20 12:05:00",CPP_3,231
D,DISPATCH,UNIT_SCADA,1,"2019/08/20 12:05:00",CPP_4,293.975010
D,DISPATCH,UNIT_SCADA,1,"2019/08/20 12:05:00",CPSA,143.513750
D,DISPATCH,UNIT_SCADA,1,"2019/08/20 12:05:00",CROOKWF2,84.703750
D,DISPATCH,UNIT_SCADA,1,"2019/08/20 12:05:00",CROWLWF1,41.517060
D,DISPATCH,UNIT_SCADA,1,"2019/08/20 12:05:00",CSPVPS1,31.9960
D,DISPATCH,UNIT_SCADA,1,"2019/08/20 12:05:00",DALNTH01,0
D,DISPATCH,UNIT_SCADA,1,"2019/08/20 12:05:00",DALNTHL1,0.056460
D,DISPATCH,UNIT_SCADA,1,"2019/08/20 12:05:00",DARTM1,0
D,DISPATCH,UNIT_SCADA,1,"2019/08/20 12:05:00",DAYDSF1,110.2290
D,DISPATCH,UNIT_SCADA,1,"2019/08/20 12:05:00",DDPS1,0
D,DISPATCH,UNIT_SCADA,1,"2019/08/20 12:05:00",DDSF1,108.331010
D,DISPATCH,UNIT_SCADA,1,"2019/08/20 12:05:00",DEVILS_G,0
D,DISPATCH,UNIT_SCADA,1,"2019/08/20 12:05:00",DG_NSW1,0
D,DISPATCH,UNIT_SCADA,1,"2019/08/20 12:05:00",DG_QLD1,0
D,DISPATCH,UNIT_SCADA,1,"2019/08/20 12:05:00",DG_SA1,0
D,DISPATCH,UNIT_SCADA,1,"2019/08/20 12:05:00",DG_TAS1,0
D,DISPATCH,UNIT_SCADA,1,"2019/08/20 12:05:00",DG_VIC1,0
D,DISPATCH,UNIT_SCADA,1,"2019/08/20 12:05:00",DRYCGT1,0
D,DISPATCH,UNIT_SCADA,1,"2019/08/20 12:05:00",DRYCGT2,0
D,DISPATCH,UNIT_SCADA,1,"2019/08/20 12:05:00",DRYCGT3,0
D,DISPATCH,UNIT_SCADA,1,"2019/08/20 12:05:00",EILDON1,0
D,DISPATCH,UNIT_SCADA,1,"2019/08/20 12:05:00",EILDON2,0
D,DISPATCH,UNIT_SCADA,1,"2019/08/20 12:05:00",EMERASF1,61.11
D,DISPATCH,UNIT_SCADA,1,"2019/08/20 12:05:00",ER01,388.825070
D,DISPATCH,UNIT_SCADA,1,"2019/08/20 12:05:00",ER02,390.275020
D,DISPATCH,UNIT_SCADA,1,"2019/08/20 12:05:00",ER03,477.099980
D,DISPATCH,UNIT_SCADA,1,"2019/08/20 12:05:00",ER04,394.275020
D,DISPATCH,UNIT_SCADA,1,"2019/08/20 12:05:00",FINLYSF1,0
D,DISPATCH,UNIT_SCADA,1,"2019/08/20 12:05:00",FISHER,46.02
D,DISPATCH,UNIT_SCADA,1,"2019/08/20 12:05:00",GANNBG1,0
D,DISPATCH,UNIT_SCADA,1,"2019/08/20 12:05:00",GANNBL1,0.002220
D,DISPATCH,UNIT_SCADA,1,"2019/08/20 12:05:00",GANNSF1,30.30
D,DISPATCH,UNIT_SCADA,1,"2019/08/20 12:05:00",GORDON,0
D,DISPATCH,UNIT_SCADA,1,"2019/08/20 12:05:00",GSTONE1,111.30
D,DISPATCH,UNIT_SCADA,1,"2019/08/20 12:05:00",GSTONE2,109.55
D,DISPATCH,UNIT_SCADA,1,"2019/08/20 12:05:00",GSTONE3,169.399990
D,DISPATCH,UNIT_SCADA,1,"2019/08/20 12:05:00",GSTONE4,137.024990
D,DISPATCH,UNIT_SCADA,1,"2019/08/20 12:05:00",GSTONE5,137.55
D,DISPATCH,UNIT_SCADA,1,"2019/08/20 12:05:00",GSTONE6,0
D,DISPATCH,UNIT_SCADA,1,"2019/08/20 12:05:00",GULLRSF1,8.662780
D,DISPATCH,UNIT_SCADA,1,"2019/08/20 12:05:00",GULLRWF1,157.773160
D,DISPATCH,UNIT_SCADA,1,"2019/08/20 12:05:00",GUNNING1,46.326240
D,DISPATCH,UNIT_SCADA,1,"2019/08/20 12:05:00",GUTHEGA,0
D,DISPATCH,UNIT_SCADA,1,"2019/08/20 12:05:00",HALLWF1,74.20
D,DISPATCH,UNIT_SCADA,1,"2019/08/20 12:05:00",HALLWF2,56.28
D,DISPATCH,UNIT_SCADA,1,"2019/08/20 12:05:00",HAMISF1,45.30
D,DISPATCH,UNIT_SCADA,1,"2019/08/20 12:05:00",HAUGHT11,50.057220
D,DISPATCH,UNIT_SCADA,1,"2019/08/20 12:05:00",HAYMSF1,40.7210
D,DISPATCH,UNIT_SCADA,1,"2019/08/20 12:05:00",HDWF1,64.30
D,DISPATCH,UNIT_SCADA,1,"2019/08/20 12:05:00",HDWF2,52
D,DISPATCH,UNIT_SCADA,1,"2019/08/20 12:05:00",HDWF3,70.60
D,DISPATCH,UNIT_SCADA,1,"2019/08/20 12:05:00",HPRG1,22.10
D,DISPATCH,UNIT_SCADA,1,"2019/08/20 12:05:00",HPRL1,0
D,DISPATCH,UNIT_SCADA,1,"2019/08/20 12:05:00",HUMENSW,0
D,DISPATCH,UNIT_SCADA,1,"2019/08/20 12:05:00",HUMEV,9.60
D,DISPATCH,UNIT_SCADA,1,"2019/08/20 12:05:00",HVGTS,0
D,DISPATCH,UNIT_SCADA,1,"2019/08/20 12:05:00",JBUTTERS,139.62
D,DISPATCH,UNIT_SCADA,1,"2019/08/20 12:05:00",JLA01,0.50
D,DISPATCH,UNIT_SCADA,1,"2019/08/20 12:05:00",JLA02,0
D,DISPATCH,UNIT_SCADA,1,"2019/08/20 12:05:00",JLA03,0.10
D,DISPATCH,UNIT_SCADA,1,"2019/08/20 12:05:00",JLA04,0.10
D,DISPATCH,UNIT_SCADA,1,"2019/08/20 12:05:00",JLB01,0
D,DISPATCH,UNIT_SCADA,1,"2019/08/20 12:05:00",JLB02,0.10
D,DISPATCH,UNIT_SCADA,1,"2019/08/20 12:05:00",JLB03,0
D,DISPATCH,UNIT_SCADA,1,"2019/08/20 12:05:00",KAREEYA1,21.6550
D,DISPATCH,UNIT_SCADA,1,"2019/08/20 12:05:00",KAREEYA2,21.6525
D,DISPATCH,UNIT_SCADA,1,"2019/08/20 12:05:00",KAREEYA3,0
D,DISPATCH,UNIT_SCADA,1,"2019/08/20 12:05:00",KAREEYA4,21.73
D,DISPATCH,UNIT_SCADA,1,"2019/08/20 12:05:00",KARSF1,40.50
D,DISPATCH,UNIT_SCADA,1,"2019/08/20 12:05:00",KIATAWF1,31.20
D,DISPATCH,UNIT_SCADA,1,"2019/08/20 12:05:00",KPP_1,0
D,DISPATCH,UNIT_SCADA,1,"2019/08/20 12:05:00",KSP1,46.58
D,DISPATCH,UNIT_SCADA,1,"2019/08/20 12:05:00",LADBROK1,0
D,DISPATCH,UNIT_SCADA,1,"2019/08/20 12:05:00",LADBROK2,0
D,DISPATCH,UNIT_SCADA,1,"2019/08/20 12:05:00",LD01,376.574980
D,DISPATCH,UNIT_SCADA,1,"2019/08/20 12:05:00",LD02,378.6937
D,DISPATCH,UNIT_SCADA,1,"2019/08/20 12:05:00",LD03,373.462460
D,DISPATCH,UNIT_SCADA,1,"2019/08/20 12:05:00",LD04,375.768770
D,DISPATCH,UNIT_SCADA,1,"2019/08/20 12:05:00",LEM_WIL,85.5468
D,DISPATCH,UNIT_SCADA,1,"2019/08/20 12:05:00",LGAPWF1,0
D,DISPATCH,UNIT_SCADA,1,"2019/08/20 12:05:00",LILYSF1,92.274680
D,DISPATCH,UNIT_SCADA,1,"2019/08/20 12:05:00",LI_WY_CA,147.882420
D,DISPATCH,UNIT_SCADA,1,"2019/08/20 12:05:00",LKBONNY2,124.742020
D,DISPATCH,UNIT_SCADA,1,"2019/08/20 12:05:00",LKBONNY3,31.092860
D,DISPATCH,UNIT_SCADA,1,"2019/08/20 12:05:00",LK_ECHO,0
D,DISPATCH,UNIT_SCADA,1,"2019/08/20 12:05:00",LNGS1,0
D,DISPATCH,UNIT_SCADA,1,"2019/08/20 12:05:00",LNGS2,0
D,DISPATCH,UNIT_SCADA,1,"2019/08/20 12:05:00",LONSDALE,0
D,DISPATCH,UNIT_SCADA,1,"2019/08/20 12:05:00",LOYYB1,539.848080
D,DISPATCH,UNIT_SCADA,1,"2019/08/20 12:05:00",LOYYB2,581.954410
D,DISPATCH,UNIT_SCADA,1,"2019/08/20 12:05:00",LYA1,561
D,DISPATCH,UNIT_SCADA,1,"2019/08/20 12:05:00",LYA2,0
D,DISPATCH,UNIT_SCADA,1,"2019/08/20 12:05:00",LYA3,560
D,DISPATCH,UNIT_SCADA,1,"2019/08/20 12:05:00",LYA4,538
D,DISPATCH,UNIT_SCADA,1,"2019/08/20 12:05:00",MACARTH1,384.891110
D,DISPATCH,UNIT_SCADA,1,"2019/08/20 12:05:00",MACKAYGT,0
D,DISPATCH,UNIT_SCADA,1,"2019/08/20 12:05:00",MACKNTSH,85.890010
D,DISPATCH,UNIT_SCADA,1,"2019/08/20 12:05:00",MANSLR1,36.0670
D,DISPATCH,UNIT_SCADA,1,"2019/08/20 12:05:00",MCKAY1,0.02
D,DISPATCH,UNIT_SCADA,1,"2019/08/20 12:05:00",MEADOWBK,33.895880
D,DISPATCH,UNIT_SCADA,1,"2019/08/20 12:05:00",MERCER01,127.0760
D,DISPATCH,UNIT_SCADA,1,"2019/08/20 12:05:00",MEWF1,31.805440
D,DISPATCH,UNIT_SCADA,1,"2019/08/20 12:05:00",MINTARO,0
D,DISPATCH,UNIT_SCADA,1,"2019/08/20 12:05:00",MOREESF1,48.4880
D,DISPATCH,UNIT_SCADA,1,"2019/08/20 12:05:00",MORTLK11,125
D,DISPATCH,UNIT_SCADA,1,"2019/08/20 12:05:00",MORTLK12,0
D,DISPATCH,UNIT_SCADA,1,"2019/08/20 12:05:00",MP1,275.424930
D,DISPATCH,UNIT_SCADA,1,"2019/08/20 12:05:00",MP2,0
D,DISPATCH,UNIT_SCADA,1,"2019/08/20 12:05:00",MPP_1,323
D,DISPATCH,UNIT_SCADA,1,"2019/08/20 12:05:00",MPP_2,373
D,DISPATCH,UNIT_SCADA,1,"2019/08/20 12:05:00",MSTUART1,0
D,DISPATCH,UNIT_SCADA,1,"2019/08/20 12:05:00",MSTUART2,0
D,DISPATCH,UNIT_SCADA,1,"2019/08/20 12:05:00",MSTUART3,0
D,DISPATCH,UNIT_SCADA,1,"2019/08/20 12:05:00",MTGELWF1,64.552750
D,DISPATCH,UNIT_SCADA,1,"2019/08/20 12:05:00",MURRAY,0
D,DISPATCH,UNIT_SCADA,1,"2019/08/20 12:05:00",MUSSELR1,150.899990
D,DISPATCH,UNIT_SCADA,1,"2019/08/20 12:05:00",MUWAWF1,47.13
D,DISPATCH,UNIT_SCADA,1,"2019/08/20 12:05:00",NBHWF1,92.30
D,DISPATCH,UNIT_SCADA,1,"2019/08/20 12:05:00",NPS,0
D,DISPATCH,UNIT_SCADA,1,"2019/08/20 12:05:00",NUMURSF1,27.26
D,DISPATCH,UNIT_SCADA,1,"2019/08/20 12:05:00",NYNGAN1,101.50
D,DISPATCH,UNIT_SCADA,1,"2019/08/20 12:05:00",OAKEY1,0
D,DISPATCH,UNIT_SCADA,1,"2019/08/20 12:05:00",OAKEY1SF,21.6510
D,DISPATCH,UNIT_SCADA,1,"2019/08/20 12:05:00",OAKEY2,0
D,DISPATCH,UNIT_SCADA,1,"2019/08/20 12:05:00",OAKLAND1,59.80
D,DISPATCH,UNIT_SCADA,1,"2019/08/20 12:05:00",OSB-AG,139.459990
D,DISPATCH,UNIT_SCADA,1,"2019/08/20 12:05:00",PARSF1,35.899990
D,DISPATCH,UNIT_SCADA,1,"2019/08/20 12:05:00",POAT110,0
D,DISPATCH,UNIT_SCADA,1,"2019/08/20 12:05:00",POAT220,0
D,DISPATCH,UNIT_SCADA,1,"2019/08/20 12:05:00",POR01,0
D,DISPATCH,UNIT_SCADA,1,"2019/08/20 12:05:00",POR03,0
D,DISPATCH,UNIT_SCADA,1,"2019/08/20 12:05:00",PPCCGT,192.343140
D,DISPATCH,UNIT_SCADA,1,"2019/08/20 12:05:00",PTSTAN1,0
D,DISPATCH,UNIT_SCADA,1,"2019/08/20 12:05:00",PUMP1,0
D,DISPATCH,UNIT_SCADA,1,"2019/08/20 12:05:00",PUMP2,237.819990
D,DISPATCH,UNIT_SCADA,1,"2019/08/20 12:05:00",QPS1,0
D,DISPATCH,UNIT_SCADA,1,"2019/08/20 12:05:00",QPS2,0
D,DISPATCH,UNIT_SCADA,1,"2019/08/20 12:05:00",QPS3,0
D,DISPATCH,UNIT_SCADA,1,"2019/08/20 12:05:00",QPS4,0
D,DISPATCH,UNIT_SCADA,1,"2019/08/20 12:05:00",QPS5,0
D,DISPATCH,UNIT_SCADA,1,"2019/08/20 12:05:00",REECE1,115.580010
D,DISPATCH,UNIT_SCADA,1,"2019/08/20 12:05:00",REECE2,115.740010
D,DISPATCH,UNIT_SCADA,1,"2019/08/20 12:05:00",ROMA_7,0
D,DISPATCH,UNIT_SCADA,1,"2019/08/20 12:05:00",ROMA_8,0
D,DISPATCH,UNIT_SCADA,1,"2019/08/20 12:05:00",RRSF1,102.967660
D,DISPATCH,UNIT_SCADA,1,"2019/08/20 12:05:00",RT_NSW1,0
D,DISPATCH,UNIT_SCADA,1,"2019/08/20 12:05:00",RT_NSW2,0
D,DISPATCH,UNIT_SCADA,1,"2019/08/20 12:05:00",RT_NSW3,0
D,DISPATCH,UNIT_SCADA,1,"2019/08/20 12:05:00",RT_NSW4,0
D,DISPATCH,UNIT_SCADA,1,"2019/08/20 12:05:00",RT_NSW5,0
D,DISPATCH,UNIT_SCADA,1,"2019/08/20 12:05:00",RT_NSW6,0
D,DISPATCH,UNIT_SCADA,1,"2019/08/20 12:05:00",RT_QLD1,0
D,DISPATCH,UNIT_SCADA,1,"2019/08/20 12:05:00",RT_SA1,0
D,DISPATCH,UNIT_SCADA,1,"2019/08/20 12:05:00",RT_SA2,0
D,DISPATCH,UNIT_SCADA,1,"2019/08/20 12:05:00",RT_SA3,0
D,DISPATCH,UNIT_SCADA,1,"2019/08/20 12:05:00",RT_SA4,0
D,DISPATCH,UNIT_SCADA,1,"2019/08/20 12:05:00",RT_SA5,0
D,DISPATCH,UNIT_SCADA,1,"2019/08/20 12:05:00",RT_SA6,0
D,DISPATCH,UNIT_SCADA,1,"2019/08/20 12:05:00",RT_TAS1,0
D,DISPATCH,UNIT_SCADA,1,"2019/08/20 12:05:00",RT_VIC1,0
D,DISPATCH,UNIT_SCADA,1,"2019/08/20 12:05:00",RT_VIC10,0
D,DISPATCH,UNIT_SCADA,1,"2019/08/20 12:05:00",RT_VIC11,0
D,DISPATCH,UNIT_SCADA,1,"2019/08/20 12:05:00",RT_VIC12,0
D,DISPATCH,UNIT_SCADA,1,"2019/08/20 12:05:00",RT_VIC2,0
D,DISPATCH,UNIT_SCADA,1,"2019/08/20 12:05:00",RT_VIC3,0
D,DISPATCH,UNIT_SCADA,1,"2019/08/20 12:05:00",RT_VIC4,0
D,DISPATCH,UNIT_SCADA,1,"2019/08/20 12:05:00",RT_VIC5,0
D,DISPATCH,UNIT_SCADA,1,"2019/08/20 12:05:00",RT_VIC6,0
D,DISPATCH,UNIT_SCADA,1,"2019/08/20 12:05:00",RT_VIC7,0
D,DISPATCH,UNIT_SCADA,1,"2019/08/20 12:05:00",RT_VIC8,0
D,DISPATCH,UNIT_SCADA,1,"2019/08/20 12:05:00",RT_VIC9,0
D,DISPATCH,UNIT_SCADA,1,"2019/08/20 12:05:00",RUGBYR1,44.732410
D,DISPATCH,UNIT_SCADA,1,"2019/08/20 12:05:00",SALTCRK1,52.48
D,DISPATCH,UNIT_SCADA,1,"2019/08/20 12:05:00",SAPHWF1,49.218750
D,DISPATCH,UNIT_SCADA,1,"2019/08/20 12:05:00",SHGEN,0
D,DISPATCH,UNIT_SCADA,1,"2019/08/20 12:05:00",SHPUMP,0
D,DISPATCH,UNIT_SCADA,1,"2019/08/20 12:05:00",SITHE01,0.005650
D,DISPATCH,UNIT_SCADA,1,"2019/08/20 12:05:00",SMCSF1,86.034920
D,DISPATCH,UNIT_SCADA,1,"2019/08/20 12:05:00",SNOWNTH1,58.30
D,DISPATCH,UNIT_SCADA,1,"2019/08/20 12:05:00",SNOWSTH1,76.20
D,DISPATCH,UNIT_SCADA,1,"2019/08/20 12:05:00",SNOWTWN1,66.065620
D,DISPATCH,UNIT_SCADA,1,"2019/08/20 12:05:00",SNOWYP,377.200010
D,DISPATCH,UNIT_SCADA,1,"2019/08/20 12:05:00",SNUG1,0.019440
D,DISPATCH,UNIT_SCADA,1,"2019/08/20 12:05:00",SRSF1,35.25
D,DISPATCH,UNIT_SCADA,1,"2019/08/20 12:05:00",STAN-1,0
D,DISPATCH,UNIT_SCADA,1,"2019/08/20 12:05:00",STAN-2,281.607060
D,DISPATCH,UNIT_SCADA,1,"2019/08/20 12:05:00",STAN-3,282.017240
D,DISPATCH,UNIT_SCADA,1,"2019/08/20 12:05:00",STAN-4,281.235350
D,DISPATCH,UNIT_SCADA,1,"2019/08/20 12:05:00",STWF1,1.0350
D,DISPATCH,UNIT_SCADA,1,"2019/08/20 12:05:00",SWAN_E,0
D,DISPATCH,UNIT_SCADA,1,"2019/08/20 12:05:00",TALWA1,191
D,DISPATCH,UNIT_SCADA,1,"2019/08/20 12:05:00",TARALGA1,99.8290
D,DISPATCH,UNIT_SCADA,1,"2019/08/20 12:05:00",TARONG#1,281.600010
D,DISPATCH,UNIT_SCADA,1,"2019/08/20 12:05:00",TARONG#2,281.600010
D,DISPATCH,UNIT_SCADA,1,"2019/08/20 12:05:00",TARONG#3,259.700010
D,DISPATCH,UNIT_SCADA,1,"2019/08/20 12:05:00",TARONG#4,280.200010
D,DISPATCH,UNIT_SCADA,1,"2019/08/20 12:05:00",TARRALEA,86.90
D,DISPATCH,UNIT_SCADA,1,"2019/08/20 12:05:00",TBSF1,31.50
D,DISPATCH,UNIT_SCADA,1,"2019/08/20 12:05:00",TNPS1,441.700010
D,DISPATCH,UNIT_SCADA,1,"2019/08/20 12:05:00",TORRA1,49.077470
D,DISPATCH,UNIT_SCADA,1,"2019/08/20 12:05:00",TORRA2,0
D,DISPATCH,UNIT_SCADA,1,"2019/08/20 12:05:00",TORRA3,0
D,DISPATCH,UNIT_SCADA,1,"2019/08/20 12:05:00",TORRA4,0
D,DISPATCH,UNIT_SCADA,1,"2019/08/20 12:05:00",TORRB1,39.12
D,DISPATCH,UNIT_SCADA,1,"2019/08/20 12:05:00",TORRB2,40.26
D,DISPATCH,UNIT_SCADA,1,"2019/08/20 12:05:00",TORRB3,0
D,DISPATCH,UNIT_SCADA,1,"2019/08/20 12:05:00",TORRB4,0
D,DISPATCH,UNIT_SCADA,1,"2019/08/20 12:05:00",TREVALLN,43.830020
D,DISPATCH,UNIT_SCADA,1,"2019/08/20 12:05:00",TRIBUTE,72.08
D,DISPATCH,UNIT_SCADA,1,"2019/08/20 12:05:00",TUMUT3,0
D,DISPATCH,UNIT_SCADA,1,"2019/08/20 12:05:00",TUNGATIN,113.060030
D,DISPATCH,UNIT_SCADA,1,"2019/08/20 12:05:00",TVCC201,0
D,DISPATCH,UNIT_SCADA,1,"2019/08/20 12:05:00",TVPP104,0
D,DISPATCH,UNIT_SCADA,1,"2019/08/20 12:05:00",UPPTUMUT,0
D,DISPATCH,UNIT_SCADA,1,"2019/08/20 12:05:00",URANQ11,0
D,DISPATCH,UNIT_SCADA,1,"2019/08/20 12:05:00",URANQ12,0
D,DISPATCH,UNIT_SCADA,1,"2019/08/20 12:05:00",URANQ13,0
D,DISPATCH,UNIT_SCADA,1,"2019/08/20 12:05:00",URANQ14,0
D,DISPATCH,UNIT_SCADA,1,"2019/08/20 12:05:00",VP5,344.975010
D,DISPATCH,UNIT_SCADA,1,"2019/08/20 12:05:00",VP6,341.524990
D,DISPATCH,UNIT_SCADA,1,"2019/08/20 12:05:00",VPGS1,0
D,DISPATCH,UNIT_SCADA,1,"2019/08/20 12:05:00",VPGS2,0
D,DISPATCH,UNIT_SCADA,1,"2019/08/20 12:05:00",VPGS3,0
D,DISPATCH,UNIT_SCADA,1,"2019/08/20 12:05:00",VPGS4,0
D,DISPATCH,UNIT_SCADA,1,"2019/08/20 12:05:00",VPGS5,0
D,DISPATCH,UNIT_SCADA,1,"2019/08/20 12:05:00",VPGS6,0
D,DISPATCH,UNIT_SCADA,1,"2019/08/20 12:05:00",W/HOE#1,0
D,DISPATCH,UNIT_SCADA,1,"2019/08/20 12:05:00",W/HOE#2,0
D,DISPATCH,UNIT_SCADA,1,"2019/08/20 12:05:00",WATERLWF,101
D,DISPATCH,UNIT_SCADA,1,"2019/08/20 12:05:00",WEMENSF1,66.60
D,DISPATCH,UNIT_SCADA,1,"2019/08/20 12:05:00",WGWF1,50.70
D,DISPATCH,UNIT_SCADA,1,"2019/08/20 12:05:00",WHITSF1,0
D,DISPATCH,UNIT_SCADA,1,"2019/08/20 12:05:00",WKIEWA1,0
D,DISPATCH,UNIT_SCADA,1,"2019/08/20 12:05:00",WKIEWA2,0.10
D,DISPATCH,UNIT_SCADA,1,"2019/08/20 12:05:00",WOODLWN1,42.857990
D,DISPATCH,UNIT_SCADA,1,"2019/08/20 12:05:00",WRSF1,19.85
D,DISPATCH,UNIT_SCADA,1,"2019/08/20 12:05:00",WRWF1,46.203750
D,DISPATCH,UNIT_SCADA,1,"2019/08/20 12:05:00",YABULU,0
D,DISPATCH,UNIT_SCADA,1,"2019/08/20 12:05:00",YABULU2,0
D,DISPATCH,UNIT_SCADA,1,"2019/08/20 12:05:00",YARWUN_1,0
D,DISPATCH,UNIT_SCADA,1,"2019/08/20 12:05:00",YENDWF1,41.92
D,DISPATCH,UNIT_SCADA,1,"2019/08/20 12:05:00",YWPS1,374.936710
D,DISPATCH,UNIT_SCADA,1,"2019/08/20 12:05:00",YWPS2,279.6962
D,DISPATCH,UNIT_SCADA,1,"2019/08/20 12:05:00",YWPS3,0
D,DISPATCH,UNIT_SCADA,1,"2019/08/20 12:05:00",YWPS4,401.165830
C,"END OF REPORT",334
