C,NEMP.WORLD,DISPATCHSCADA,AEMO,PUBLIC,2019/08/20,15:55:07,0000000311791999,DISPATCHSCADA,0000000311791993
I,DISPATCH,UNIT_SCADA,1,SETTLEMENTDATE,DUID,SCADAVALUE
D,DISPATCH,UNIT_SCADA,1,"2019/08/20 16:00:00",BARCSF1,18.50
D,DISPATCH,UNIT_SCADA,1,"2019/08/20 16:00:00",BUTLERSG,9.799998
D,DISPATCH,UNIT_SCADA,1,"2019/08/20 16:00:00",CALL_A_4,0
D,DISPATCH,UNIT_SCADA,1,"2019/08/20 16:00:00",CAPTL_WF,135.399994
D,DISPATCH,UNIT_SCADA,1,"2019/08/20 16:00:00",CATHROCK,46.839996
D,DISPATCH,UNIT_SCADA,1,"2019/08/20 16:00:00",CHALLHWF,36.599998
D,DISPATCH,UNIT_SCADA,1,"2019/08/20 16:00:00",CLOVER,-0.01
D,DISPATCH,UNIT_SCADA,1,"2019/08/20 16:00:00",CLUNY,17.649347
D,DISPATCH,UNIT_SCADA,1,"2019/08/20 16:00:00",CNUNDAWF,40.447182
D,DISPATCH,UNIT_SCADA,1,"2019/08/20 16:00:00",CULLRGWF,30.370001
D,DISPATCH,UNIT_SCADA,1,"2019/08/20 16:00:00",ERGT01,0
D,DISPATCH,UNIT_SCADA,1,"2019/08/20 16:00:00",GB01,0.066315
D,DISPATCH,UNIT_SCADA,1,"2019/08/20 16:00:00",GERMCRK,34
D,DISPATCH,UNIT_SCADA,1,"2019/08/20 16:00:00",GRIFSF1,21.599998
D,DISPATCH,UNIT_SCADA,1,"2019/08/20 16:00:00",HUGSF1,8.46
D,DISPATCH,UNIT_SCADA,1,"2019/08/20 16:00:00",LKBONNY1,-0.895885
D,DISPATCH,UNIT_SCADA,1,"2019/08/20 16:00:00",LRSF1,11.0690
D,DISPATCH,UNIT_SCADA,1,"2019/08/20 16:00:00",MBAHNTH,52.856247
D,DISPATCH,UNIT_SCADA,1,"2019/08/20 16:00:00",MLSP1,5.124001
D,DISPATCH,UNIT_SCADA,1,"2019/08/20 16:00:00",MLWF1,19.650002
D,DISPATCH,UNIT_SCADA,1,"2019/08/20 16:00:00",MTMILLAR,28.969025
D,DISPATCH,UNIT_SCADA,1,"2019/08/20 16:00:00",PALOONA,7.95
D,DISPATCH,UNIT_SCADA,1,"2019/08/20 16:00:00",PIONEER,11.900001
D,DISPATCH,UNIT_SCADA,1,"2019/08/20 16:00:00",PORTWF,139.300003
D,DISPATCH,UNIT_SCADA,1,"2019/08/20 16:00:00",REPULSE,29.190510
D,DISPATCH,UNIT_SCADA,1,"2019/08/20 16:00:00",ROWALLAN,9.8477
D,DISPATCH,UNIT_SCADA,1,"2019/08/20 16:00:00",ROYALLA1,8.108001
D,DISPATCH,UNIT_SCADA,1,"2019/08/20 16:00:00",RPCG,10.50
D,DISPATCH,UNIT_SCADA,1,"2019/08/20 16:00:00",RUBICON,0
D,DISPATCH,UNIT_SCADA,1,"2019/08/20 16:00:00",SATGN1,0
D,DISPATCH,UNIT_SCADA,1,"2019/08/20 16:00:00",SATGS1,0
D,DISPATCH,UNIT_SCADA,1,"2019/08/20 16:00:00",STARHLWF,31.590788
D,DISPATCH,UNIT_SCADA,1,"2019/08/20 16:00:00",WAUBRAWF,100.026001
D,DISPATCH,UNIT_SCADA,1,"2019/08/20 16:00:00",WOOLNTH1,86.560020
D,DISPATCH,UNIT_SCADA,1,"2019/08/20 16:00:00",WPWF,60
D,DISPATCH,UNIT_SCADA,1,"2019/08/20 16:00:00",YAMBUKWF,29.799999
D,DISPATCH,UNIT_SCADA,1,"2019/08/20 16:00:00",YSWF1,28.299999
D,DISPATCH,UNIT_SCADA,1,"2019/08/20 16:00:00",AGLHAL,0
D,DISPATCH,UNIT_SCADA,1,"2019/08/20 16:00:00",AGLSOM,0
D,DISPATCH,UNIT_SCADA,1,"2019/08/20 16:00:00",ANGAST1,0
D,DISPATCH,UNIT_SCADA,1,"2019/08/20 16:00:00",ARWF1,115.80
D,DISPATCH,UNIT_SCADA,1,"2019/08/20 16:00:00",BALBG1,0
D,DISPATCH,UNIT_SCADA,1,"2019/08/20 16:00:00",BALBL1,0
D,DISPATCH,UNIT_SCADA,1,"2019/08/20 16:00:00",BALDHWF1,102.9810
D,DISPATCH,UNIT_SCADA,1,"2019/08/20 16:00:00",BANN1,25.59
D,DISPATCH,UNIT_SCADA,1,"2019/08/20 16:00:00",BARCALDN,0
D,DISPATCH,UNIT_SCADA,1,"2019/08/20 16:00:00",BARRON-1,0
D,DISPATCH,UNIT_SCADA,1,"2019/08/20 16:00:00",BARRON-2,25.80
D,DISPATCH,UNIT_SCADA,1,"2019/08/20 16:00:00",BASTYAN,80.570010
D,DISPATCH,UNIT_SCADA,1,"2019/08/20 16:00:00",BBTHREE1,-1.91
D,DISPATCH,UNIT_SCADA,1,"2019/08/20 16:00:00",BBTHREE2,-2.09
D,DISPATCH,UNIT_SCADA,1,"2019/08/20 16:00:00",BBTHREE3,-1.01
D,DISPATCH,UNIT_SCADA,1,"2019/08/20 16:00:00",BDL01,0
D,DISPATCH,UNIT_SCADA,1,"2019/08/20 16:00:00",BDL02,0
D,DISPATCH,UNIT_SCADA,1,"2019/08/20 16:00:00",BERYLSF1,57.232410
D,DISPATCH,UNIT_SCADA,1,"2019/08/20 16:00:00",BLOWERNG,0
D,DISPATCH,UNIT_SCADA,1,"2019/08/20 16:00:00",BLUFF1,52.20
D,DISPATCH,UNIT_SCADA,1,"2019/08/20 16:00:00",BNGSF1,106.59
D,DISPATCH,UNIT_SCADA,1,"2019/08/20 16:00:00",BNGSF2,19.73
D,DISPATCH,UNIT_SCADA,1,"2019/08/20 16:00:00",BOCORWF1,100.11
D,DISPATCH,UNIT_SCADA,1,"2019/08/20 16:00:00",BODWF1,85.154460
D,DISPATCH,UNIT_SCADA,1,"2019/08/20 16:00:00",BRAEMAR1,0
D,DISPATCH,UNIT_SCADA,1,"2019/08/20 16:00:00",BRAEMAR2,0
D,DISPATCH,UNIT_SCADA,1,"2019/08/20 16:00:00",BRAEMAR3,0
D,DISPATCH,UNIT_SCADA,1,"2019/08/20 16:00:00",BRAEMAR5,0
D,DISPATCH,UNIT_SCADA,1,"2019/08/20 16:00:00",BRAEMAR6,0
D,DISPATCH,UNIT_SCADA,1,"2019/08/20 16:00:00",BRAEMAR7,0
D,DISPATCH,UNIT_SCADA,1,"2019/08/20 16:00:00",BROKENH1,36.350830
D,DISPATCH,UNIT_SCADA,1,"2019/08/20 16:00:00",BW01,413.974980
D,DISPATCH,UNIT_SCADA,1,"2019/08/20 16:00:00",BW02,540.6250
D,DISPATCH,UNIT_SCADA,1,"2019/08/20 16:00:00",BW03,569.775020
D,DISPATCH,UNIT_SCADA,1,"2019/08/20 16:00:00",BW04,0
D,DISPATCH,UNIT_SCADA,1,"2019/08/20 16:00:00",CALL_B_1,349.50
D,DISPATCH,UNIT_SCADA,1,"2019/08/20 16:00:00",CALL_B_2,293.800020
D,DISPATCH,UNIT_SCADA,1,"2019/08/20 16:00:00",CETHANA,94.1130
D,DISPATCH,UNIT_SCADA,1,"2019/08/20 16:00:00",CG1,0
D,DISPATCH,UNIT_SCADA,1,"2019/08/20 16:00:00",CG2,0
D,DISPATCH,UNIT_SCADA,1,"2019/08/20 16:00:00",CG3,0
D,DISPATCH,UNIT_SCADA,1,"2019/08/20 16:00:00",CG4,0
D,DISPATCH,UNIT_SCADA,1,"2019/08/20 16:00:00",CHILDSF1,40.05
D,DISPATCH,UNIT_SCADA,1,"2019/08/20 16:00:00",CLARESF1,36.8640
D,DISPATCH,UNIT_SCADA,1,"2019/08/20 16:00:00",CLEMGPWF,20.890150
D,DISPATCH,UNIT_SCADA,1,"2019/08/20 16:00:00",CLERMSF1,15.06
D,DISPATCH,UNIT_SCADA,1,"2019/08/20 16:00:00",COLEASF1,116.80
D,DISPATCH,UNIT_SCADA,1,"2019/08/20 16:00:00",COOPGWF1,25.845640
D,DISPATCH,UNIT_SCADA,1,"2019/08/20 16:00:00",CPP_3,405.350010
D,DISPATCH,UNIT_SCADA,1,"2019/08/20 16:00:00",CPP_4,404.800020
D,DISPATCH,UNIT_SCADA,1,"2019/08/20 16:00:00",CPSA,143.783750
D,DISPATCH,UNIT_SCADA,1,"2019/08/20 16:00:00",CROOKWF2,81.523760
D,DISPATCH,UNIT_SCADA,1,"2019/08/20 16:00:00",CROWLWF1,49.207290
D,DISPATCH,UNIT_SCADA,1,"2019/08/20 16:00:00",CSPVPS1,21.4430
D,DISPATCH,UNIT_SCADA,1,"2019/08/20 16:00:00",DALNTH01,0
D,DISPATCH,UNIT_SCADA,1,"2019/08/20 16:00:00",DALNTHL1,0.0473
D,DISPATCH,UNIT_SCADA,1,"2019/08/20 16:00:00",DARTM1,0
D,DISPATCH,UNIT_SCADA,1,"2019/08/20 16:00:00",DAYDSF1,103.597010
D,DISPATCH,UNIT_SCADA,1,"2019/08/20 16:00:00",DDPS1,40.471340
D,DISPATCH,UNIT_SCADA,1,"2019/08/20 16:00:00",DDSF1,55.130110
D,DISPATCH,UNIT_SCADA,1,"2019/08/20 16:00:00",DEVILS_G,5.217440
D,DISPATCH,UNIT_SCADA,1,"2019/08/20 16:00:00",DG_NSW1,0
D,DISPATCH,UNIT_SCADA,1,"2019/08/20 16:00:00",DG_QLD1,0
D,DISPATCH,UNIT_SCADA,1,"2019/08/20 16:00:00",DG_SA1,0
D,DISPATCH,UNIT_SCADA,1,"2019/08/20 16:00:00",DG_TAS1,0
D,DISPATCH,UNIT_SCADA,1,"2019/08/20 16:00:00",DG_VIC1,0
D,DISPATCH,UNIT_SCADA,1,"2019/08/20 16:00:00",DRYCGT1,0
D,DISPATCH,UNIT_SCADA,1,"2019/08/20 16:00:00",DRYCGT2,0
D,DISPATCH,UNIT_SCADA,1,"2019/08/20 16:00:00",DRYCGT3,0
D,DISPATCH,UNIT_SCADA,1,"2019/08/20 16:00:00",EILDON1,0
D,DISPATCH,UNIT_SCADA,1,"2019/08/20 16:00:00",EILDON2,0
D,DISPATCH,UNIT_SCADA,1,"2019/08/20 16:00:00",EMERASF1,59.24
D,DISPATCH,UNIT_SCADA,1,"2019/08/20 16:00:00",ER01,421.025020
D,DISPATCH,UNIT_SCADA,1,"2019/08/20 16:00:00",ER02,420.425050
D,DISPATCH,UNIT_SCADA,1,"2019/08/20 16:00:00",ER03,698.50
D,DISPATCH,UNIT_SCADA,1,"2019/08/20 16:00:00",ER04,421.675050
D,DISPATCH,UNIT_SCADA,1,"2019/08/20 16:00:00",FINLYSF1,0
D,DISPATCH,UNIT_SCADA,1,"2019/08/20 16:00:00",FISHER,45.87
D,DISPATCH,UNIT_SCADA,1,"2019/08/20 16:00:00",GANNBG1,2.056510
D,DISPATCH,UNIT_SCADA,1,"2019/08/20 16:00:00",GANNBL1,0
D,DISPATCH,UNIT_SCADA,1,"2019/08/20 16:00:00",GANNSF1,6.90
D,DISPATCH,UNIT_SCADA,1,"2019/08/20 16:00:00",GORDON,10.366160
D,DISPATCH,UNIT_SCADA,1,"2019/08/20 16:00:00",GSTONE1,149.974990
D,DISPATCH,UNIT_SCADA,1,"2019/08/20 16:00:00",GSTONE2,167.474990
D,DISPATCH,UNIT_SCADA,1,"2019/08/20 16:00:00",GSTONE3,142.80
D,DISPATCH,UNIT_SCADA,1,"2019/08/20 16:00:00",GSTONE4,150.149990
D,DISPATCH,UNIT_SCADA,1,"2019/08/20 16:00:00",GSTONE5,149.45
D,DISPATCH,UNIT_SCADA,1,"2019/08/20 16:00:00",GSTONE6,0
D,DISPATCH,UNIT_SCADA,1,"2019/08/20 16:00:00",GULLRSF1,3.256230
D,DISPATCH,UNIT_SCADA,1,"2019/08/20 16:00:00",GULLRWF1,150.175290
D,DISPATCH,UNIT_SCADA,1,"2019/08/20 16:00:00",GUNNING1,44.541730
D,DISPATCH,UNIT_SCADA,1,"2019/08/20 16:00:00",GUTHEGA,0
D,DISPATCH,UNIT_SCADA,1,"2019/08/20 16:00:00",HALLWF1,91.97
D,DISPATCH,UNIT_SCADA,1,"2019/08/20 16:00:00",HALLWF2,66.22
D,DISPATCH,UNIT_SCADA,1,"2019/08/20 16:00:00",HAMISF1,42.10
D,DISPATCH,UNIT_SCADA,1,"2019/08/20 16:00:00",HAUGHT11,50.046970
D,DISPATCH,UNIT_SCADA,1,"2019/08/20 16:00:00",HAYMSF1,35.2540
D,DISPATCH,UNIT_SCADA,1,"2019/08/20 16:00:00",HDWF1,75.20
D,DISPATCH,UNIT_SCADA,1,"2019/08/20 16:00:00",HDWF2,64.60
D,DISPATCH,UNIT_SCADA,1,"2019/08/20 16:00:00",HDWF3,69.40
D,DISPATCH,UNIT_SCADA,1,"2019/08/20 16:00:00",HPRG1,0
D,DISPATCH,UNIT_SCADA,1,"2019/08/20 16:00:00",HPRL1,38.50
D,DISPATCH,UNIT_SCADA,1,"2019/08/20 16:00:00",HUMENSW,0
D,DISPATCH,UNIT_SCADA,1,"2019/08/20 16:00:00",HUMEV,8.60
D,DISPATCH,UNIT_SCADA,1,"2019/08/20 16:00:00",HVGTS,0
D,DISPATCH,UNIT_SCADA,1,"2019/08/20 16:00:00",JBUTTERS,138.53
D,DISPATCH,UNIT_SCADA,1,"2019/08/20 16:00:00",JLA01,0.50
D,DISPATCH,UNIT_SCADA,1,"2019/08/20 16:00:00",JLA02,0
D,DISPATCH,UNIT_SCADA,1,"2019/08/20 16:00:00",JLA03,0.10
D,DISPATCH,UNIT_SCADA,1,"2019/08/20 16:00:00",JLA04,0.10
D,DISPATCH,UNIT_SCADA,1,"2019/08/20 16:00:00",JLB01,0
D,DISPATCH,UNIT_SCADA,1,"2019/08/20 16:00:00",JLB02,0.10
D,DISPATCH,UNIT_SCADA,1,"2019/08/20 16:00:00",JLB03,0
D,DISPATCH,UNIT_SCADA,1,"2019/08/20 16:00:00",KAREEYA1,21.5025
D,DISPATCH,UNIT_SCADA,1,"2019/08/20 16:00:00",KAREEYA2,21.7750
D,DISPATCH,UNIT_SCADA,1,"2019/08/20 16:00:00",KAREEYA3,0
D,DISPATCH,UNIT_SCADA,1,"2019/08/20 16:00:00",KAREEYA4,21.71
D,DISPATCH,UNIT_SCADA,1,"2019/08/20 16:00:00",KARSF1,31.40
D,DISPATCH,UNIT_SCADA,1,"2019/08/20 16:00:00",KIATAWF1,30.90
D,DISPATCH,UNIT_SCADA,1,"2019/08/20 16:00:00",KPP_1,0
D,DISPATCH,UNIT_SCADA,1,"2019/08/20 16:00:00",KSP1,44.28
D,DISPATCH,UNIT_SCADA,1,"2019/08/20 16:00:00",LADBROK1,0
D,DISPATCH,UNIT_SCADA,1,"2019/08/20 16:00:00",LADBROK2,0
D,DISPATCH,UNIT_SCADA,1,"2019/08/20 16:00:00",LD01,384.824980
D,DISPATCH,UNIT_SCADA,1,"2019/08/20 16:00:00",LD02,380.268680
D,DISPATCH,UNIT_SCADA,1,"2019/08/20 16:00:00",LD03,381.75
D,DISPATCH,UNIT_SCADA,1,"2019/08/20 16:00:00",LD04,370.668730
D,DISPATCH,UNIT_SCADA,1,"2019/08/20 16:00:00",LEM_WIL,85.5849
D,DISPATCH,UNIT_SCADA,1,"2019/08/20 16:00:00",LGAPWF1,16.76
D,DISPATCH,UNIT_SCADA,1,"2019/08/20 16:00:00",LILYSF1,86.507510
D,DISPATCH,UNIT_SCADA,1,"2019/08/20 16:00:00",LI_WY_CA,148.450120
D,DISPATCH,UNIT_SCADA,1,"2019/08/20 16:00:00",LKBONNY2,0.203860
D,DISPATCH,UNIT_SCADA,1,"2019/08/20 16:00:00",LKBONNY3,38.2939
D,DISPATCH,UNIT_SCADA,1,"2019/08/20 16:00:00",LK_ECHO,0
D,DISPATCH,UNIT_SCADA,1,"2019/08/20 16:00:00",LNGS1,0
D,DISPATCH,UNIT_SCADA,1,"2019/08/20 16:00:00",LNGS2,0
D,DISPATCH,UNIT_SCADA,1,"2019/08/20 16:00:00",LONSDALE,0
D,DISPATCH,UNIT_SCADA,1,"2019/08/20 16:00:00",LOYYB1,536.088620
D,DISPATCH,UNIT_SCADA,1,"2019/08/20 16:00:00",LOYYB2,580.450620
D,DISPATCH,UNIT_SCADA,1,"2019/08/20 16:00:00",LYA1,559
D,DISPATCH,UNIT_SCADA,1,"2019/08/20 16:00:00",LYA2,0
D,DISPATCH,UNIT_SCADA,1,"2019/08/20 16:00:00",LYA3,558
D,DISPATCH,UNIT_SCADA,1,"2019/08/20 16:00:00",LYA4,539
D,DISPATCH,UNIT_SCADA,1,"2019/08/20 16:00:00",MACARTH1,386.191070
D,DISPATCH,UNIT_SCADA,1,"2019/08/20 16:00:00",MACKAYGT,0
D,DISPATCH,UNIT_SCADA,1,"2019/08/20 16:00:00",MACKNTSH,85.37
D,DISPATCH,UNIT_SCADA,1,"2019/08/20 16:00:00",MANSLR1,35.6710
D,DISPATCH,UNIT_SCADA,1,"2019/08/20 16:00:00",MCKAY1,0.02
D,DISPATCH,UNIT_SCADA,1,"2019/08/20 16:00:00",MEADOWBK,33.8673
D,DISPATCH,UNIT_SCADA,1,"2019/08/20 16:00:00",MERCER01,125.126990
D,DISPATCH,UNIT_SCADA,1,"2019/08/20 16:00:00",MEWF1,47.077370
D,DISPATCH,UNIT_SCADA,1,"2019/08/20 16:00:00",MINTARO,0
D,DISPATCH,UNIT_SCADA,1,"2019/08/20 16:00:00",MOREESF1,48.4760
D,DISPATCH,UNIT_SCADA,1,"2019/08/20 16:00:00",MORTLK11,238
D,DISPATCH,UNIT_SCADA,1,"2019/08/20 16:00:00",MORTLK12,0
D,DISPATCH,UNIT_SCADA,1,"2019/08/20 16:00:00",MP1,284.300050
D,DISPATCH,UNIT_SCADA,1,"2019/08/20 16:00:00",MP2,0
D,DISPATCH,UNIT_SCADA,1,"2019/08/20 16:00:00",MPP_1,365.75
D,DISPATCH,UNIT_SCADA,1,"2019/08/20 16:00:00",MPP_2,410.25
D,DISPATCH,UNIT_SCADA,1,"2019/08/20 16:00:00",MSTUART1,0
D,DISPATCH,UNIT_SCADA,1,"2019/08/20 16:00:00",MSTUART2,0
D,DISPATCH,UNIT_SCADA,1,"2019/08/20 16:00:00",MSTUART3,0
D,DISPATCH,UNIT_SCADA,1,"2019/08/20 16:00:00",MTGELWF1,64.2552
D,DISPATCH,UNIT_SCADA,1,"2019/08/20 16:00:00",MURRAY,0
D,DISPATCH,UNIT_SCADA,1,"2019/08/20 16:00:00",MUSSELR1,-0.60
D,DISPATCH,UNIT_SCADA,1,"2019/08/20 16:00:00",MUWAWF1,55.47
D,DISPATCH,UNIT_SCADA,1,"2019/08/20 16:00:00",NBHWF1,116.50
D,DISPATCH,UNIT_SCADA,1,"2019/08/20 16:00:00",NPS,46.1250
D,DISPATCH,UNIT_SCADA,1,"2019/08/20 16:00:00",NUMURSF1,11.71
D,DISPATCH,UNIT_SCADA,1,"2019/08/20 16:00:00",NYNGAN1,54.75
D,DISPATCH,UNIT_SCADA,1,"2019/08/20 16:00:00",OAKEY1,0
D,DISPATCH,UNIT_SCADA,1,"2019/08/20 16:00:00",OAKEY1SF,20.3640
D,DISPATCH,UNIT_SCADA,1,"2019/08/20 16:00:00",OAKEY2,0
D,DISPATCH,UNIT_SCADA,1,"2019/08/20 16:00:00",OAKLAND1,61.70
D,DISPATCH,UNIT_SCADA,1,"2019/08/20 16:00:00",OSB-AG,141.25
D,DISPATCH,UNIT_SCADA,1,"2019/08/20 16:00:00",PARSF1,42.603120
D,DISPATCH,UNIT_SCADA,1,"2019/08/20 16:00:00",POAT110,3.394720
D,DISPATCH,UNIT_SCADA,1,"2019/08/20 16:00:00",POAT220,37.93
D,DISPATCH,UNIT_SCADA,1,"2019/08/20 16:00:00",POR01,0
D,DISPATCH,UNIT_SCADA,1,"2019/08/20 16:00:00",POR03,0
D,DISPATCH,UNIT_SCADA,1,"2019/08/20 16:00:00",PPCCGT,329.2485
D,DISPATCH,UNIT_SCADA,1,"2019/08/20 16:00:00",PTSTAN1,0
D,DISPATCH,UNIT_SCADA,1,"2019/08/20 16:00:00",PUMP1,0
D,DISPATCH,UNIT_SCADA,1,"2019/08/20 16:00:00",PUMP2,0
D,DISPATCH,UNIT_SCADA,1,"2019/08/20 16:00:00",QPS1,0
D,DISPATCH,UNIT_SCADA,1,"2019/08/20 16:00:00",QPS2,0
D,DISPATCH,UNIT_SCADA,1,"2019/08/20 16:00:00",QPS3,0
D,DISPATCH,UNIT_SCADA,1,"2019/08/20 16:00:00",QPS4,0
D,DISPATCH,UNIT_SCADA,1,"2019/08/20 16:00:00",QPS5,0
D,DISPATCH,UNIT_SCADA,1,"2019/08/20 16:00:00",REECE1,115.690010
D,DISPATCH,UNIT_SCADA,1,"2019/08/20 16:00:00",REECE2,116.010010
D,DISPATCH,UNIT_SCADA,1,"2019/08/20 16:00:00",ROMA_7,0
D,DISPATCH,UNIT_SCADA,1,"2019/08/20 16:00:00",ROMA_8,0
D,DISPATCH,UNIT_SCADA,1,"2019/08/20 16:00:00",RRSF1,89.9129
D,DISPATCH,UNIT_SCADA,1,"2019/08/20 16:00:00",RT_NSW1,0
D,DISPATCH,UNIT_SCADA,1,"2019/08/20 16:00:00",RT_NSW2,0
D,DISPATCH,UNIT_SCADA,1,"2019/08/20 16:00:00",RT_NSW3,0
D,DISPATCH,UNIT_SCADA,1,"2019/08/20 16:00:00",RT_NSW4,0
D,DISPATCH,UNIT_SCADA,1,"2019/08/20 16:00:00",RT_NSW5,0
D,DISPATCH,UNIT_SCADA,1,"2019/08/20 16:00:00",RT_NSW6,0
D,DISPATCH,UNIT_SCADA,1,"2019/08/20 16:00:00",RT_QLD1,0
D,DISPATCH,UNIT_SCADA,1,"2019/08/20 16:00:00",RT_SA1,0
D,DISPATCH,UNIT_SCADA,1,"2019/08/20 16:00:00",RT_SA2,0
D,DISPATCH,UNIT_SCADA,1,"2019/08/20 16:00:00",RT_SA3,0
D,DISPATCH,UNIT_SCADA,1,"2019/08/20 16:00:00",RT_SA4,0
D,DISPATCH,UNIT_SCADA,1,"2019/08/20 16:00:00",RT_SA5,0
D,DISPATCH,UNIT_SCADA,1,"2019/08/20 16:00:00",RT_SA6,0
D,DISPATCH,UNIT_SCADA,1,"2019/08/20 16:00:00",RT_TAS1,0
D,DISPATCH,UNIT_SCADA,1,"2019/08/20 16:00:00",RT_VIC1,0
D,DISPATCH,UNIT_SCADA,1,"2019/08/20 16:00:00",RT_VIC10,0
D,DISPATCH,UNIT_SCADA,1,"2019/08/20 16:00:00",RT_VIC11,0
D,DISPATCH,UNIT_SCADA,1,"2019/08/20 16:00:00",RT_VIC12,0
D,DISPATCH,UNIT_SCADA,1,"2019/08/20 16:00:00",RT_VIC2,0
D,DISPATCH,UNIT_SCADA,1,"2019/08/20 16:00:00",RT_VIC3,0
D,DISPATCH,UNIT_SCADA,1,"2019/08/20 16:00:00",RT_VIC4,0
D,DISPATCH,UNIT_SCADA,1,"2019/08/20 16:00:00",RT_VIC5,0
D,DISPATCH,UNIT_SCADA,1,"2019/08/20 16:00:00",RT_VIC6,0
D,DISPATCH,UNIT_SCADA,1,"2019/08/20 16:00:00",RT_VIC7,0
D,DISPATCH,UNIT_SCADA,1,"2019/08/20 16:00:00",RT_VIC8,0
D,DISPATCH,UNIT_SCADA,1,"2019/08/20 16:00:00",RT_VIC9,0
D,DISPATCH,UNIT_SCADA,1,"2019/08/20 16:00:00",RUGBYR1,44.972030
D,DISPATCH,UNIT_SCADA,1,"2019/08/20 16:00:00",SALTCRK1,52.70
D,DISPATCH,UNIT_SCADA,1,"2019/08/20 16:00:00",SAPHWF1,80.399990
D,DISPATCH,UNIT_SCADA,1,"2019/08/20 16:00:00",SHGEN,0
D,DISPATCH,UNIT_SCADA,1,"2019/08/20 16:00:00",SHPUMP,0
D,DISPATCH,UNIT_SCADA,1,"2019/08/20 16:00:00",SITHE01,0.005650
D,DISPATCH,UNIT_SCADA,1,"2019/08/20 16:00:00",SMCSF1,48.953470
D,DISPATCH,UNIT_SCADA,1,"2019/08/20 16:00:00",SNOWNTH1,124.80
D,DISPATCH,UNIT_SCADA,1,"2019/08/20 16:00:00",SNOWSTH1,114.80
D,DISPATCH,UNIT_SCADA,1,"2019/08/20 16:00:00",SNOWTWN1,-0.500140
D,DISPATCH,UNIT_SCADA,1,"2019/08/20 16:00:00",SNOWYP,376
D,DISPATCH,UNIT_SCADA,1,"2019/08/20 16:00:00",SNUG1,0.019440
D,DISPATCH,UNIT_SCADA,1,"2019/08/20 16:00:00",SRSF1,35.25
D,DISPATCH,UNIT_SCADA,1,"2019/08/20 16:00:00",STAN-1,0
D,DISPATCH,UNIT_SCADA,1,"2019/08/20 16:00:00",STAN-2,280.709810
D,DISPATCH,UNIT_SCADA,1,"2019/08/20 16:00:00",STAN-3,280.8252
D,DISPATCH,UNIT_SCADA,1,"2019/08/20 16:00:00",STAN-4,278.0950
D,DISPATCH,UNIT_SCADA,1,"2019/08/20 16:00:00",STWF1,20.171230
D,DISPATCH,UNIT_SCADA,1,"2019/08/20 16:00:00",SWAN_E,0
D,DISPATCH,UNIT_SCADA,1,"2019/08/20 16:00:00",TALWA1,412
D,DISPATCH,UNIT_SCADA,1,"2019/08/20 16:00:00",TARALGA1,100.7475
D,DISPATCH,UNIT_SCADA,1,"2019/08/20 16:00:00",TARONG#1,285.399990
D,DISPATCH,UNIT_SCADA,1,"2019/08/20 16:00:00",TARONG#2,285.399990
D,DISPATCH,UNIT_SCADA,1,"2019/08/20 16:00:00",TARONG#3,260
D,DISPATCH,UNIT_SCADA,1,"2019/08/20 16:00:00",TARONG#4,280.200010
D,DISPATCH,UNIT_SCADA,1,"2019/08/20 16:00:00",TARRALEA,85.10
D,DISPATCH,UNIT_SCADA,1,"2019/08/20 16:00:00",TBSF1,0.10
D,DISPATCH,UNIT_SCADA,1,"2019/08/20 16:00:00",TNPS1,441.700010
D,DISPATCH,UNIT_SCADA,1,"2019/08/20 16:00:00",TORRA1,40.905670
D,DISPATCH,UNIT_SCADA,1,"2019/08/20 16:00:00",TORRA2,0
D,DISPATCH,UNIT_SCADA,1,"2019/08/20 16:00:00",TORRA3,0
D,DISPATCH,UNIT_SCADA,1,"2019/08/20 16:00:00",TORRA4,0
D,DISPATCH,UNIT_SCADA,1,"2019/08/20 16:00:00",TORRB1,43.08
D,DISPATCH,UNIT_SCADA,1,"2019/08/20 16:00:00",TORRB2,43.55
D,DISPATCH,UNIT_SCADA,1,"2019/08/20 16:00:00",TORRB3,0
D,DISPATCH,UNIT_SCADA,1,"2019/08/20 16:00:00",TORRB4,0
D,DISPATCH,UNIT_SCADA,1,"2019/08/20 16:00:00",TREVALLN,44.050020
D,DISPATCH,UNIT_SCADA,1,"2019/08/20 16:00:00",TRIBUTE,0
D,DISPATCH,UNIT_SCADA,1,"2019/08/20 16:00:00",TUMUT3,0
D,DISPATCH,UNIT_SCADA,1,"2019/08/20 16:00:00",TUNGATIN,132.190030
D,DISPATCH,UNIT_SCADA,1,"2019/08/20 16:00:00",TVCC201,0
D,DISPATCH,UNIT_SCADA,1,"2019/08/20 16:00:00",TVPP104,0
D,DISPATCH,UNIT_SCADA,1,"2019/08/20 16:00:00",UPPTUMUT,0
D,DISPATCH,UNIT_SCADA,1,"2019/08/20 16:00:00",URANQ11,0
D,DISPATCH,UNIT_SCADA,1,"2019/08/20 16:00:00",URANQ12,0
D,DISPATCH,UNIT_SCADA,1,"2019/08/20 16:00:00",URANQ13,0
D,DISPATCH,UNIT_SCADA,1,"2019/08/20 16:00:00",URANQ14,0
D,DISPATCH,UNIT_SCADA,1,"2019/08/20 16:00:00",VP5,422.75
D,DISPATCH,UNIT_SCADA,1,"2019/08/20 16:00:00",VP6,392.324980
D,DISPATCH,UNIT_SCADA,1,"2019/08/20 16:00:00",VPGS1,0
D,DISPATCH,UNIT_SCADA,1,"2019/08/20 16:00:00",VPGS2,0
D,DISPATCH,UNIT_SCADA,1,"2019/08/20 16:00:00",VPGS3,0
D,DISPATCH,UNIT_SCADA,1,"2019/08/20 16:00:00",VPGS4,0
D,DISPATCH,UNIT_SCADA,1,"2019/08/20 16:00:00",VPGS5,0
D,DISPATCH,UNIT_SCADA,1,"2019/08/20 16:00:00",VPGS6,0
D,DISPATCH,UNIT_SCADA,1,"2019/08/20 16:00:00",W/HOE#1,0
D,DISPATCH,UNIT_SCADA,1,"2019/08/20 16:00:00",W/HOE#2,0
D,DISPATCH,UNIT_SCADA,1,"2019/08/20 16:00:00",WATERLWF,0.10
D,DISPATCH,UNIT_SCADA,1,"2019/08/20 16:00:00",WEMENSF1,14.80
D,DISPATCH,UNIT_SCADA,1,"2019/08/20 16:00:00",WGWF1,102.30
D,DISPATCH,UNIT_SCADA,1,"2019/08/20 16:00:00",WHITSF1,39.80
D,DISPATCH,UNIT_SCADA,1,"2019/08/20 16:00:00",WKIEWA1,0
D,DISPATCH,UNIT_SCADA,1,"2019/08/20 16:00:00",WKIEWA2,0.10
D,DISPATCH,UNIT_SCADA,1,"2019/08/20 16:00:00",WOODLWN1,43.1550
D,DISPATCH,UNIT_SCADA,1,"2019/08/20 16:00:00",WRSF1,9.66
D,DISPATCH,UNIT_SCADA,1,"2019/08/20 16:00:00",WRWF1,73.316250
D,DISPATCH,UNIT_SCADA,1,"2019/08/20 16:00:00",YABULU,0
D,DISPATCH,UNIT_SCADA,1,"2019/08/20 16:00:00",YABULU2,0
D,DISPATCH,UNIT_SCADA,1,"2019/08/20 16:00:00",YARWUN_1,0
D,DISPATCH,UNIT_SCADA,1,"2019/08/20 16:00:00",YENDWF1,41.91
D,DISPATCH,UNIT_SCADA,1,"2019/08/20 16:00:00",YWPS1,382.706330
D,DISPATCH,UNIT_SCADA,1,"2019/08/20 16:00:00",YWPS2,282.453160
D,DISPATCH,UNIT_SCADA,1,"2019/08/20 16:00:00",YWPS3,0
D,DISPATCH,UNIT_SCADA,1,"2019/08/20 16:00:00",YWPS4,401.165830
C,"END OF REPORT",334
