C,NEMP.WORLD,DISPATCHSCADA,AEMO,PUBLIC,2019/08/22,01:10:10,0000000311847651,DISPATCHSCADA,0000000311847645
I,DISPATCH,UNIT_SCADA,1,SETTLEMENTDATE,DUID,SCADAVALUE
D,DISPATCH,UNIT_SCADA,1,"2019/08/22 01:15:00",BARCSF1,0.70
D,DISPATCH,UNIT_SCADA,1,"2019/08/22 01:15:00",BUTLERSG,9.699999
D,DISPATCH,UNIT_SCADA,1,"2019/08/22 01:15:00",CALL_A_4,0
D,DISPATCH,UNIT_SCADA,1,"2019/08/22 01:15:00",CAPTL_WF,127.267998
D,DISPATCH,UNIT_SCADA,1,"2019/08/22 01:15:00",CATHROCK,24.449999
D,DISPATCH,UNIT_SCADA,1,"2019/08/22 01:15:00",CHALLHWF,49
D,DISPATCH,UNIT_SCADA,1,"2019/08/22 01:15:00",CLOVER,-0.01
D,DISPATCH,UNIT_SCADA,1,"2019/08/22 01:15:00",CLUNY,19.916227
D,DISPATCH,UNIT_SCADA,1,"2019/08/22 01:15:00",CNUNDAWF,40.647415
D,DISPATCH,UNIT_SCADA,1,"2019/08/22 01:15:00",CULLRGWF,30.51
D,DISPATCH,UNIT_SCADA,1,"2019/08/22 01:15:00",ERGT01,0
D,DISPATCH,UNIT_SCADA,1,"2019/08/22 01:15:00",GB01,0.070698
D,DISPATCH,UNIT_SCADA,1,"2019/08/22 01:15:00",GERMCRK,39.50
D,DISPATCH,UNIT_SCADA,1,"2019/08/22 01:15:00",GRIFSF1,0
D,DISPATCH,UNIT_SCADA,1,"2019/08/22 01:15:00",HUGSF1,-0.2430
D,DISPATCH,UNIT_SCADA,1,"2019/08/22 01:15:00",LKBONNY1,69.036140
D,DISPATCH,UNIT_SCADA,1,"2019/08/22 01:15:00",LRSF1,0.0390
D,DISPATCH,UNIT_SCADA,1,"2019/08/22 01:15:00",MBAHNTH,52.893753
D,DISPATCH,UNIT_SCADA,1,"2019/08/22 01:15:00",MLSP1,0.271001
D,DISPATCH,UNIT_SCADA,1,"2019/08/22 01:15:00",MLWF1,19.6950
D,DISPATCH,UNIT_SCADA,1,"2019/08/22 01:15:00",MTMILLAR,12.173985
D,DISPATCH,UNIT_SCADA,1,"2019/08/22 01:15:00",PALOONA,24.959999
D,DISPATCH,UNIT_SCADA,1,"2019/08/22 01:15:00",PIONEER,42.799999
D,DISPATCH,UNIT_SCADA,1,"2019/08/22 01:15:00",PORTWF,137.199997
D,DISPATCH,UNIT_SCADA,1,"2019/08/22 01:15:00",REPULSE,29.152666
D,DISPATCH,UNIT_SCADA,1,"2019/08/22 01:15:00",ROWALLAN,10.2808
D,DISPATCH,UNIT_SCADA,1,"2019/08/22 01:15:00",ROYALLA1,0
D,DISPATCH,UNIT_SCADA,1,"2019/08/22 01:15:00",RPCG,11.50
D,DISPATCH,UNIT_SCADA,1,"2019/08/22 01:15:00",RUBICON,0
D,DISPATCH,UNIT_SCADA,1,"2019/08/22 01:15:00",SATGN1,0
D,DISPATCH,UNIT_SCADA,1,"2019/08/22 01:15:00",SATGS1,0
D,DISPATCH,UNIT_SCADA,1,"2019/08/22 01:15:00",STARHLWF,14.795686
D,DISPATCH,UNIT_SCADA,1,"2019/08/22 01:15:00",WAUBRAWF,175.677994
D,DISPATCH,UNIT_SCADA,1,"2019/08/22 01:15:00",WOOLNTH1,83.980019
D,DISPATCH,UNIT_SCADA,1,"2019/08/22 01:15:00",WPWF,6
D,DISPATCH,UNIT_SCADA,1,"2019/08/22 01:15:00",YAMBUKWF,28.700001
D,DISPATCH,UNIT_SCADA,1,"2019/08/22 01:15:00",YSWF1,28.700001
D,DISPATCH,UNIT_SCADA,1,"2019/08/22 01:15:00",AGLHAL,0
D,DISPATCH,UNIT_SCADA,1,"2019/08/22 01:15:00",AGLSOM,0
D,DISPATCH,UNIT_SCADA,1,"2019/08/22 01:15:00",ANGAST1,0
D,DISPATCH,UNIT_SCADA,1,"2019/08/22 01:15:00",ARWF1,225.500020
D,DISPATCH,UNIT_SCADA,1,"2019/08/22 01:15:00",BALBG1,0
D,DISPATCH,UNIT_SCADA,1,"2019/08/22 01:15:00",BALBL1,0
D,DISPATCH,UNIT_SCADA,1,"2019/08/22 01:15:00",BALDHWF1,100.7630
D,DISPATCH,UNIT_SCADA,1,"2019/08/22 01:15:00",BANN1,0
D,DISPATCH,UNIT_SCADA,1,"2019/08/22 01:15:00",BARCALDN,0
D,DISPATCH,UNIT_SCADA,1,"2019/08/22 01:15:00",BARRON-1,0
D,DISPATCH,UNIT_SCADA,1,"2019/08/22 01:15:00",BARRON-2,24.72
D,DISPATCH,UNIT_SCADA,1,"2019/08/22 01:15:00",BASTYAN,78.250010
D,DISPATCH,UNIT_SCADA,1,"2019/08/22 01:15:00",BBTHREE1,-2.04
D,DISPATCH,UNIT_SCADA,1,"2019/08/22 01:15:00",BBTHREE2,-2.08
D,DISPATCH,UNIT_SCADA,1,"2019/08/22 01:15:00",BBTHREE3,-1.19
D,DISPATCH,UNIT_SCADA,1,"2019/08/22 01:15:00",BDL01,0
D,DISPATCH,UNIT_SCADA,1,"2019/08/22 01:15:00",BDL02,0
D,DISPATCH,UNIT_SCADA,1,"2019/08/22 01:15:00",BERYLSF1,0
D,DISPATCH,UNIT_SCADA,1,"2019/08/22 01:15:00",BLOWERNG,0
D,DISPATCH,UNIT_SCADA,1,"2019/08/22 01:15:00",BLUFF1,29.40
D,DISPATCH,UNIT_SCADA,1,"2019/08/22 01:15:00",BNGSF1,0
D,DISPATCH,UNIT_SCADA,1,"2019/08/22 01:15:00",BNGSF2,0
D,DISPATCH,UNIT_SCADA,1,"2019/08/22 01:15:00",BOCORWF1,93.98
D,DISPATCH,UNIT_SCADA,1,"2019/08/22 01:15:00",BODWF1,101.521760
D,DISPATCH,UNIT_SCADA,1,"2019/08/22 01:15:00",BRAEMAR1,0
D,DISPATCH,UNIT_SCADA,1,"2019/08/22 01:15:00",BRAEMAR2,0
D,DISPATCH,UNIT_SCADA,1,"2019/08/22 01:15:00",BRAEMAR3,0
D,DISPATCH,UNIT_SCADA,1,"2019/08/22 01:15:00",BRAEMAR5,0
D,DISPATCH,UNIT_SCADA,1,"2019/08/22 01:15:00",BRAEMAR6,0
D,DISPATCH,UNIT_SCADA,1,"2019/08/22 01:15:00",BRAEMAR7,0
D,DISPATCH,UNIT_SCADA,1,"2019/08/22 01:15:00",BROKENH1,0
D,DISPATCH,UNIT_SCADA,1,"2019/08/22 01:15:00",BW01,340.599980
D,DISPATCH,UNIT_SCADA,1,"2019/08/22 01:15:00",BW02,568
D,DISPATCH,UNIT_SCADA,1,"2019/08/22 01:15:00",BW03,457.974980
D,DISPATCH,UNIT_SCADA,1,"2019/08/22 01:15:00",BW04,0
D,DISPATCH,UNIT_SCADA,1,"2019/08/22 01:15:00",CALL_B_1,350.200010
D,DISPATCH,UNIT_SCADA,1,"2019/08/22 01:15:00",CALL_B_2,299.300020
D,DISPATCH,UNIT_SCADA,1,"2019/08/22 01:15:00",CETHANA,99.561620
D,DISPATCH,UNIT_SCADA,1,"2019/08/22 01:15:00",CG1,0
D,DISPATCH,UNIT_SCADA,1,"2019/08/22 01:15:00",CG2,0
D,DISPATCH,UNIT_SCADA,1,"2019/08/22 01:15:00",CG3,0
D,DISPATCH,UNIT_SCADA,1,"2019/08/22 01:15:00",CG4,0
D,DISPATCH,UNIT_SCADA,1,"2019/08/22 01:15:00",CHILDSF1,0.01
D,DISPATCH,UNIT_SCADA,1,"2019/08/22 01:15:00",CLARESF1,0
D,DISPATCH,UNIT_SCADA,1,"2019/08/22 01:15:00",CLEMGPWF,18.224860
D,DISPATCH,UNIT_SCADA,1,"2019/08/22 01:15:00",CLERMSF1,0
D,DISPATCH,UNIT_SCADA,1,"2019/08/22 01:15:00",COLEASF1,0
D,DISPATCH,UNIT_SCADA,1,"2019/08/22 01:15:00",COOPGWF1,35.363240
D,DISPATCH,UNIT_SCADA,1,"2019/08/22 01:15:00",CPP_3,380.600010
D,DISPATCH,UNIT_SCADA,1,"2019/08/22 01:15:00",CPP_4,379.774990
D,DISPATCH,UNIT_SCADA,1,"2019/08/22 01:15:00",CPSA,142.100620
D,DISPATCH,UNIT_SCADA,1,"2019/08/22 01:15:00",CROOKWF2,75.183750
D,DISPATCH,UNIT_SCADA,1,"2019/08/22 01:15:00",CROWLWF1,49.231870
D,DISPATCH,UNIT_SCADA,1,"2019/08/22 01:15:00",CSPVPS1,0.0430
D,DISPATCH,UNIT_SCADA,1,"2019/08/22 01:15:00",DALNTH01,0
D,DISPATCH,UNIT_SCADA,1,"2019/08/22 01:15:00",DALNTHL1,0.093080
D,DISPATCH,UNIT_SCADA,1,"2019/08/22 01:15:00",DARTM1,0
D,DISPATCH,UNIT_SCADA,1,"2019/08/22 01:15:00",DAYDSF1,0
D,DISPATCH,UNIT_SCADA,1,"2019/08/22 01:15:00",DDPS1,0
D,DISPATCH,UNIT_SCADA,1,"2019/08/22 01:15:00",DDSF1,0
D,DISPATCH,UNIT_SCADA,1,"2019/08/22 01:15:00",DEVILS_G,0
D,DISPATCH,UNIT_SCADA,1,"2019/08/22 01:15:00",DG_NSW1,0
D,DISPATCH,UNIT_SCADA,1,"2019/08/22 01:15:00",DG_QLD1,0
D,DISPATCH,UNIT_SCADA,1,"2019/08/22 01:15:00",DG_SA1,0
D,DISPATCH,UNIT_SCADA,1,"2019/08/22 01:15:00",DG_TAS1,0
D,DISPATCH,UNIT_SCADA,1,"2019/08/22 01:15:00",DG_VIC1,0
D,DISPATCH,UNIT_SCADA,1,"2019/08/22 01:15:00",DRYCGT1,0
D,DISPATCH,UNIT_SCADA,1,"2019/08/22 01:15:00",DRYCGT2,0
D,DISPATCH,UNIT_SCADA,1,"2019/08/22 01:15:00",DRYCGT3,0
D,DISPATCH,UNIT_SCADA,1,"2019/08/22 01:15:00",EILDON1,0
D,DISPATCH,UNIT_SCADA,1,"2019/08/22 01:15:00",EILDON2,0
D,DISPATCH,UNIT_SCADA,1,"2019/08/22 01:15:00",EMERASF1,0
D,DISPATCH,UNIT_SCADA,1,"2019/08/22 01:15:00",ER01,344.775020
D,DISPATCH,UNIT_SCADA,1,"2019/08/22 01:15:00",ER02,439.525020
D,DISPATCH,UNIT_SCADA,1,"2019/08/22 01:15:00",ER03,380.099980
D,DISPATCH,UNIT_SCADA,1,"2019/08/22 01:15:00",ER04,349.75
D,DISPATCH,UNIT_SCADA,1,"2019/08/22 01:15:00",FINLYSF1,0
D,DISPATCH,UNIT_SCADA,1,"2019/08/22 01:15:00",FISHER,46
D,DISPATCH,UNIT_SCADA,1,"2019/08/22 01:15:00",GANNBG1,0
D,DISPATCH,UNIT_SCADA,1,"2019/08/22 01:15:00",GANNBL1,7.004350
D,DISPATCH,UNIT_SCADA,1,"2019/08/22 01:15:00",GANNSF1,0
D,DISPATCH,UNIT_SCADA,1,"2019/08/22 01:15:00",GORDON,10.753680
D,DISPATCH,UNIT_SCADA,1,"2019/08/22 01:15:00",GSTONE1,130.3750
D,DISPATCH,UNIT_SCADA,1,"2019/08/22 01:15:00",GSTONE2,130.20
D,DISPATCH,UNIT_SCADA,1,"2019/08/22 01:15:00",GSTONE3,129.6750
D,DISPATCH,UNIT_SCADA,1,"2019/08/22 01:15:00",GSTONE4,131.4250
D,DISPATCH,UNIT_SCADA,1,"2019/08/22 01:15:00",GSTONE5,130.024990
D,DISPATCH,UNIT_SCADA,1,"2019/08/22 01:15:00",GSTONE6,0
D,DISPATCH,UNIT_SCADA,1,"2019/08/22 01:15:00",GULLRSF1,0
D,DISPATCH,UNIT_SCADA,1,"2019/08/22 01:15:00",GULLRWF1,158.4899
D,DISPATCH,UNIT_SCADA,1,"2019/08/22 01:15:00",GUNNING1,46.292120
D,DISPATCH,UNIT_SCADA,1,"2019/08/22 01:15:00",GUTHEGA,0
D,DISPATCH,UNIT_SCADA,1,"2019/08/22 01:15:00",HALLWF1,71.58
D,DISPATCH,UNIT_SCADA,1,"2019/08/22 01:15:00",HALLWF2,47.88
D,DISPATCH,UNIT_SCADA,1,"2019/08/22 01:15:00",HAMISF1,0
D,DISPATCH,UNIT_SCADA,1,"2019/08/22 01:15:00",HAUGHT11,0
D,DISPATCH,UNIT_SCADA,1,"2019/08/22 01:15:00",HAYMSF1,0
D,DISPATCH,UNIT_SCADA,1,"2019/08/22 01:15:00",HDWF1,57
D,DISPATCH,UNIT_SCADA,1,"2019/08/22 01:15:00",HDWF2,46.10
D,DISPATCH,UNIT_SCADA,1,"2019/08/22 01:15:00",HDWF3,58.70
D,DISPATCH,UNIT_SCADA,1,"2019/08/22 01:15:00",HPRG1,0
D,DISPATCH,UNIT_SCADA,1,"2019/08/22 01:15:00",HPRL1,12.70
D,DISPATCH,UNIT_SCADA,1,"2019/08/22 01:15:00",HUMENSW,0
D,DISPATCH,UNIT_SCADA,1,"2019/08/22 01:15:00",HUMEV,10.60
D,DISPATCH,UNIT_SCADA,1,"2019/08/22 01:15:00",HVGTS,0
D,DISPATCH,UNIT_SCADA,1,"2019/08/22 01:15:00",JBUTTERS,138.95
D,DISPATCH,UNIT_SCADA,1,"2019/08/22 01:15:00",JLA01,0.50
D,DISPATCH,UNIT_SCADA,1,"2019/08/22 01:15:00",JLA02,0
D,DISPATCH,UNIT_SCADA,1,"2019/08/22 01:15:00",JLA03,0.10
D,DISPATCH,UNIT_SCADA,1,"2019/08/22 01:15:00",JLA04,0.10
D,DISPATCH,UNIT_SCADA,1,"2019/08/22 01:15:00",JLB01,0
D,DISPATCH,UNIT_SCADA,1,"2019/08/22 01:15:00",JLB02,0.10
D,DISPATCH,UNIT_SCADA,1,"2019/08/22 01:15:00",JLB03,0
D,DISPATCH,UNIT_SCADA,1,"2019/08/22 01:15:00",KAREEYA1,21.4725
D,DISPATCH,UNIT_SCADA,1,"2019/08/22 01:15:00",KAREEYA2,21.6350
D,DISPATCH,UNIT_SCADA,1,"2019/08/22 01:15:00",KAREEYA3,0
D,DISPATCH,UNIT_SCADA,1,"2019/08/22 01:15:00",KAREEYA4,21.65
D,DISPATCH,UNIT_SCADA,1,"2019/08/22 01:15:00",KARSF1,0
D,DISPATCH,UNIT_SCADA,1,"2019/08/22 01:15:00",KIATAWF1,30.90
D,DISPATCH,UNIT_SCADA,1,"2019/08/22 01:15:00",KPP_1,0
D,DISPATCH,UNIT_SCADA,1,"2019/08/22 01:15:00",KSP1,0
D,DISPATCH,UNIT_SCADA,1,"2019/08/22 01:15:00",LADBROK1,0
D,DISPATCH,UNIT_SCADA,1,"2019/08/22 01:15:00",LADBROK2,0
D,DISPATCH,UNIT_SCADA,1,"2019/08/22 01:15:00",LD01,390.843750
D,DISPATCH,UNIT_SCADA,1,"2019/08/22 01:15:00",LD02,389.531250
D,DISPATCH,UNIT_SCADA,1,"2019/08/22 01:15:00",LD03,387.1875
D,DISPATCH,UNIT_SCADA,1,"2019/08/22 01:15:00",LD04,378.5813
D,DISPATCH,UNIT_SCADA,1,"2019/08/22 01:15:00",LEM_WIL,86.1183
D,DISPATCH,UNIT_SCADA,1,"2019/08/22 01:15:00",LGAPWF1,23.81
D,DISPATCH,UNIT_SCADA,1,"2019/08/22 01:15:00",LILYSF1,0
D,DISPATCH,UNIT_SCADA,1,"2019/08/22 01:15:00",LI_WY_CA,148.899220
D,DISPATCH,UNIT_SCADA,1,"2019/08/22 01:15:00",LKBONNY2,148.141170
D,DISPATCH,UNIT_SCADA,1,"2019/08/22 01:15:00",LKBONNY3,34.330540
D,DISPATCH,UNIT_SCADA,1,"2019/08/22 01:15:00",LK_ECHO,0
D,DISPATCH,UNIT_SCADA,1,"2019/08/22 01:15:00",LNGS1,0
D,DISPATCH,UNIT_SCADA,1,"2019/08/22 01:15:00",LNGS2,0
D,DISPATCH,UNIT_SCADA,1,"2019/08/22 01:15:00",LONSDALE,0
D,DISPATCH,UNIT_SCADA,1,"2019/08/22 01:15:00",LOYYB1,535.712650
D,DISPATCH,UNIT_SCADA,1,"2019/08/22 01:15:00",LOYYB2,580.450620
D,DISPATCH,UNIT_SCADA,1,"2019/08/22 01:15:00",LYA1,559
D,DISPATCH,UNIT_SCADA,1,"2019/08/22 01:15:00",LYA2,0
D,DISPATCH,UNIT_SCADA,1,"2019/08/22 01:15:00",LYA3,557
D,DISPATCH,UNIT_SCADA,1,"2019/08/22 01:15:00",LYA4,531
D,DISPATCH,UNIT_SCADA,1,"2019/08/22 01:15:00",MACARTH1,386.491090
D,DISPATCH,UNIT_SCADA,1,"2019/08/22 01:15:00",MACKAYGT,0
D,DISPATCH,UNIT_SCADA,1,"2019/08/22 01:15:00",MACKNTSH,85.290010
D,DISPATCH,UNIT_SCADA,1,"2019/08/22 01:15:00",MANSLR1,0
D,DISPATCH,UNIT_SCADA,1,"2019/08/22 01:15:00",MCKAY1,0.02
D,DISPATCH,UNIT_SCADA,1,"2019/08/22 01:15:00",MEADOWBK,34.267420
D,DISPATCH,UNIT_SCADA,1,"2019/08/22 01:15:00",MERCER01,125.5240
D,DISPATCH,UNIT_SCADA,1,"2019/08/22 01:15:00",MEWF1,68.345860
D,DISPATCH,UNIT_SCADA,1,"2019/08/22 01:15:00",MINTARO,0
D,DISPATCH,UNIT_SCADA,1,"2019/08/22 01:15:00",MOREESF1,0
D,DISPATCH,UNIT_SCADA,1,"2019/08/22 01:15:00",MORTLK11,0
D,DISPATCH,UNIT_SCADA,1,"2019/08/22 01:15:00",MORTLK12,0
D,DISPATCH,UNIT_SCADA,1,"2019/08/22 01:15:00",MP1,279.974980
D,DISPATCH,UNIT_SCADA,1,"2019/08/22 01:15:00",MP2,0
D,DISPATCH,UNIT_SCADA,1,"2019/08/22 01:15:00",MPP_1,409
D,DISPATCH,UNIT_SCADA,1,"2019/08/22 01:15:00",MPP_2,409.75
D,DISPATCH,UNIT_SCADA,1,"2019/08/22 01:15:00",MSTUART1,0
D,DISPATCH,UNIT_SCADA,1,"2019/08/22 01:15:00",MSTUART2,0
D,DISPATCH,UNIT_SCADA,1,"2019/08/22 01:15:00",MSTUART3,0
D,DISPATCH,UNIT_SCADA,1,"2019/08/22 01:15:00",MTGELWF1,64.326920
D,DISPATCH,UNIT_SCADA,1,"2019/08/22 01:15:00",MURRAY,0
D,DISPATCH,UNIT_SCADA,1,"2019/08/22 01:15:00",MUSSELR1,154.399990
D,DISPATCH,UNIT_SCADA,1,"2019/08/22 01:15:00",MUWAWF1,74
D,DISPATCH,UNIT_SCADA,1,"2019/08/22 01:15:00",NBHWF1,65
D,DISPATCH,UNIT_SCADA,1,"2019/08/22 01:15:00",NPS,0
D,DISPATCH,UNIT_SCADA,1,"2019/08/22 01:15:00",NUMURSF1,0
D,DISPATCH,UNIT_SCADA,1,"2019/08/22 01:15:00",NYNGAN1,0
D,DISPATCH,UNIT_SCADA,1,"2019/08/22 01:15:00",OAKEY1,0
D,DISPATCH,UNIT_SCADA,1,"2019/08/22 01:15:00",OAKEY1SF,0
D,DISPATCH,UNIT_SCADA,1,"2019/08/22 01:15:00",OAKEY2,0
D,DISPATCH,UNIT_SCADA,1,"2019/08/22 01:15:00",OAKLAND1,62.30
D,DISPATCH,UNIT_SCADA,1,"2019/08/22 01:15:00",OSB-AG,0
D,DISPATCH,UNIT_SCADA,1,"2019/08/22 01:15:00",PARSF1,0
D,DISPATCH,UNIT_SCADA,1,"2019/08/22 01:15:00",POAT110,0
D,DISPATCH,UNIT_SCADA,1,"2019/08/22 01:15:00",POAT220,1.11
D,DISPATCH,UNIT_SCADA,1,"2019/08/22 01:15:00",POR01,0
D,DISPATCH,UNIT_SCADA,1,"2019/08/22 01:15:00",POR03,0
D,DISPATCH,UNIT_SCADA,1,"2019/08/22 01:15:00",PPCCGT,172.8811
D,DISPATCH,UNIT_SCADA,1,"2019/08/22 01:15:00",PTSTAN1,0
D,DISPATCH,UNIT_SCADA,1,"2019/08/22 01:15:00",PUMP1,0
D,DISPATCH,UNIT_SCADA,1,"2019/08/22 01:15:00",PUMP2,0
D,DISPATCH,UNIT_SCADA,1,"2019/08/22 01:15:00",QPS1,0
D,DISPATCH,UNIT_SCADA,1,"2019/08/22 01:15:00",QPS2,0
D,DISPATCH,UNIT_SCADA,1,"2019/08/22 01:15:00",QPS3,0
D,DISPATCH,UNIT_SCADA,1,"2019/08/22 01:15:00",QPS4,0
D,DISPATCH,UNIT_SCADA,1,"2019/08/22 01:15:00",QPS5,0
D,DISPATCH,UNIT_SCADA,1,"2019/08/22 01:15:00",REECE1,120.340010
D,DISPATCH,UNIT_SCADA,1,"2019/08/22 01:15:00",REECE2,118.570010
D,DISPATCH,UNIT_SCADA,1,"2019/08/22 01:15:00",ROMA_7,0
D,DISPATCH,UNIT_SCADA,1,"2019/08/22 01:15:00",ROMA_8,0
D,DISPATCH,UNIT_SCADA,1,"2019/08/22 01:15:00",RRSF1,0
D,DISPATCH,UNIT_SCADA,1,"2019/08/22 01:15:00",RT_NSW1,0
D,DISPATCH,UNIT_SCADA,1,"2019/08/22 01:15:00",RT_NSW2,0
D,DISPATCH,UNIT_SCADA,1,"2019/08/22 01:15:00",RT_NSW3,0
D,DISPATCH,UNIT_SCADA,1,"2019/08/22 01:15:00",RT_NSW4,0
D,DISPATCH,UNIT_SCADA,1,"2019/08/22 01:15:00",RT_NSW5,0
D,DISPATCH,UNIT_SCADA,1,"2019/08/22 01:15:00",RT_NSW6,0
D,DISPATCH,UNIT_SCADA,1,"2019/08/22 01:15:00",RT_QLD1,0
D,DISPATCH,UNIT_SCADA,1,"2019/08/22 01:15:00",RT_SA1,0
D,DISPATCH,UNIT_SCADA,1,"2019/08/22 01:15:00",RT_SA2,0
D,DISPATCH,UNIT_SCADA,1,"2019/08/22 01:15:00",RT_SA3,0
D,DISPATCH,UNIT_SCADA,1,"2019/08/22 01:15:00",RT_SA4,0
D,DISPATCH,UNIT_SCADA,1,"2019/08/22 01:15:00",RT_SA5,0
D,DISPATCH,UNIT_SCADA,1,"2019/08/22 01:15:00",RT_SA6,0
D,DISPATCH,UNIT_SCADA,1,"2019/08/22 01:15:00",RT_TAS1,0
D,DISPATCH,UNIT_SCADA,1,"2019/08/22 01:15:00",RT_VIC1,0
D,DISPATCH,UNIT_SCADA,1,"2019/08/22 01:15:00",RT_VIC10,0
D,DISPATCH,UNIT_SCADA,1,"2019/08/22 01:15:00",RT_VIC11,0
D,DISPATCH,UNIT_SCADA,1,"2019/08/22 01:15:00",RT_VIC12,0
D,DISPATCH,UNIT_SCADA,1,"2019/08/22 01:15:00",RT_VIC2,0
D,DISPATCH,UNIT_SCADA,1,"2019/08/22 01:15:00",RT_VIC3,0
D,DISPATCH,UNIT_SCADA,1,"2019/08/22 01:15:00",RT_VIC4,0
D,DISPATCH,UNIT_SCADA,1,"2019/08/22 01:15:00",RT_VIC5,0
D,DISPATCH,UNIT_SCADA,1,"2019/08/22 01:15:00",RT_VIC6,0
D,DISPATCH,UNIT_SCADA,1,"2019/08/22 01:15:00",RT_VIC7,0
D,DISPATCH,UNIT_SCADA,1,"2019/08/22 01:15:00",RT_VIC8,0
D,DISPATCH,UNIT_SCADA,1,"2019/08/22 01:15:00",RT_VIC9,0
D,DISPATCH,UNIT_SCADA,1,"2019/08/22 01:15:00",RUGBYR1,0
D,DISPATCH,UNIT_SCADA,1,"2019/08/22 01:15:00",SALTCRK1,52.24
D,DISPATCH,UNIT_SCADA,1,"2019/08/22 01:15:00",SAPHWF1,213.862490
D,DISPATCH,UNIT_SCADA,1,"2019/08/22 01:15:00",SHGEN,0
D,DISPATCH,UNIT_SCADA,1,"2019/08/22 01:15:00",SHPUMP,122.379680
D,DISPATCH,UNIT_SCADA,1,"2019/08/22 01:15:00",SITHE01,0.043330
D,DISPATCH,UNIT_SCADA,1,"2019/08/22 01:15:00",SMCSF1,0
D,DISPATCH,UNIT_SCADA,1,"2019/08/22 01:15:00",SNOWNTH1,81.10
D,DISPATCH,UNIT_SCADA,1,"2019/08/22 01:15:00",SNOWSTH1,61.70
D,DISPATCH,UNIT_SCADA,1,"2019/08/22 01:15:00",SNOWTWN1,59.162040
D,DISPATCH,UNIT_SCADA,1,"2019/08/22 01:15:00",SNOWYP,160.30
D,DISPATCH,UNIT_SCADA,1,"2019/08/22 01:15:00",SNUG1,0.019440
D,DISPATCH,UNIT_SCADA,1,"2019/08/22 01:15:00",SRSF1,0.44
D,DISPATCH,UNIT_SCADA,1,"2019/08/22 01:15:00",STAN-1,0
D,DISPATCH,UNIT_SCADA,1,"2019/08/22 01:15:00",STAN-2,175.027050
D,DISPATCH,UNIT_SCADA,1,"2019/08/22 01:15:00",STAN-3,218.646030
D,DISPATCH,UNIT_SCADA,1,"2019/08/22 01:15:00",STAN-4,189.703450
D,DISPATCH,UNIT_SCADA,1,"2019/08/22 01:15:00",STWF1,168.6375
D,DISPATCH,UNIT_SCADA,1,"2019/08/22 01:15:00",SWAN_E,0
D,DISPATCH,UNIT_SCADA,1,"2019/08/22 01:15:00",TALWA1,190
D,DISPATCH,UNIT_SCADA,1,"2019/08/22 01:15:00",TARALGA1,91.867490
D,DISPATCH,UNIT_SCADA,1,"2019/08/22 01:15:00",TARONG#1,276.50
D,DISPATCH,UNIT_SCADA,1,"2019/08/22 01:15:00",TARONG#2,223.900010
D,DISPATCH,UNIT_SCADA,1,"2019/08/22 01:15:00",TARONG#3,259.800020
D,DISPATCH,UNIT_SCADA,1,"2019/08/22 01:15:00",TARONG#4,280.600010
D,DISPATCH,UNIT_SCADA,1,"2019/08/22 01:15:00",TARRALEA,83.90
D,DISPATCH,UNIT_SCADA,1,"2019/08/22 01:15:00",TBSF1,-0.20
D,DISPATCH,UNIT_SCADA,1,"2019/08/22 01:15:00",TNPS1,399.400020
D,DISPATCH,UNIT_SCADA,1,"2019/08/22 01:15:00",TORRA1,41.839590
D,DISPATCH,UNIT_SCADA,1,"2019/08/22 01:15:00",TORRA2,0
D,DISPATCH,UNIT_SCADA,1,"2019/08/22 01:15:00",TORRA3,0
D,DISPATCH,UNIT_SCADA,1,"2019/08/22 01:15:00",TORRA4,0
D,DISPATCH,UNIT_SCADA,1,"2019/08/22 01:15:00",TORRB1,40.71
D,DISPATCH,UNIT_SCADA,1,"2019/08/22 01:15:00",TORRB2,40.86
D,DISPATCH,UNIT_SCADA,1,"2019/08/22 01:15:00",TORRB3,0
D,DISPATCH,UNIT_SCADA,1,"2019/08/22 01:15:00",TORRB4,0
D,DISPATCH,UNIT_SCADA,1,"2019/08/22 01:15:00",TREVALLN,1
D,DISPATCH,UNIT_SCADA,1,"2019/08/22 01:15:00",TRIBUTE,84.97
D,DISPATCH,UNIT_SCADA,1,"2019/08/22 01:15:00",TUMUT3,0
D,DISPATCH,UNIT_SCADA,1,"2019/08/22 01:15:00",TUNGATIN,2.70
D,DISPATCH,UNIT_SCADA,1,"2019/08/22 01:15:00",TVCC201,0
D,DISPATCH,UNIT_SCADA,1,"2019/08/22 01:15:00",TVPP104,0
D,DISPATCH,UNIT_SCADA,1,"2019/08/22 01:15:00",UPPTUMUT,0
D,DISPATCH,UNIT_SCADA,1,"2019/08/22 01:15:00",URANQ11,0
D,DISPATCH,UNIT_SCADA,1,"2019/08/22 01:15:00",URANQ12,0
D,DISPATCH,UNIT_SCADA,1,"2019/08/22 01:15:00",URANQ13,0
D,DISPATCH,UNIT_SCADA,1,"2019/08/22 01:15:00",URANQ14,0
D,DISPATCH,UNIT_SCADA,1,"2019/08/22 01:15:00",VP5,392.799990
D,DISPATCH,UNIT_SCADA,1,"2019/08/22 01:15:00",VP6,399.324980
D,DISPATCH,UNIT_SCADA,1,"2019/08/22 01:15:00",VPGS1,0
D,DISPATCH,UNIT_SCADA,1,"2019/08/22 01:15:00",VPGS2,0
D,DISPATCH,UNIT_SCADA,1,"2019/08/22 01:15:00",VPGS3,0
D,DISPATCH,UNIT_SCADA,1,"2019/08/22 01:15:00",VPGS4,0
D,DISPATCH,UNIT_SCADA,1,"2019/08/22 01:15:00",VPGS5,0
D,DISPATCH,UNIT_SCADA,1,"2019/08/22 01:15:00",VPGS6,0
D,DISPATCH,UNIT_SCADA,1,"2019/08/22 01:15:00",W/HOE#1,0
D,DISPATCH,UNIT_SCADA,1,"2019/08/22 01:15:00",W/HOE#2,0
D,DISPATCH,UNIT_SCADA,1,"2019/08/22 01:15:00",WATERLWF,107.40
D,DISPATCH,UNIT_SCADA,1,"2019/08/22 01:15:00",WEMENSF1,0
D,DISPATCH,UNIT_SCADA,1,"2019/08/22 01:15:00",WGWF1,64.10
D,DISPATCH,UNIT_SCADA,1,"2019/08/22 01:15:00",WHITSF1,0
D,DISPATCH,UNIT_SCADA,1,"2019/08/22 01:15:00",WKIEWA1,30.30
D,DISPATCH,UNIT_SCADA,1,"2019/08/22 01:15:00",WKIEWA2,30.20
D,DISPATCH,UNIT_SCADA,1,"2019/08/22 01:15:00",WOODLWN1,44.855990
D,DISPATCH,UNIT_SCADA,1,"2019/08/22 01:15:00",WRSF1,0
D,DISPATCH,UNIT_SCADA,1,"2019/08/22 01:15:00",WRWF1,152.047490
D,DISPATCH,UNIT_SCADA,1,"2019/08/22 01:15:00",YABULU,0
D,DISPATCH,UNIT_SCADA,1,"2019/08/22 01:15:00",YABULU2,0
D,DISPATCH,UNIT_SCADA,1,"2019/08/22 01:15:00",YARWUN_1,100.87
D,DISPATCH,UNIT_SCADA,1,"2019/08/22 01:15:00",YENDWF1,42.36
D,DISPATCH,UNIT_SCADA,1,"2019/08/22 01:15:00",YWPS1,301
D,DISPATCH,UNIT_SCADA,1,"2019/08/22 01:15:00",YWPS2,281.701260
D,DISPATCH,UNIT_SCADA,1,"2019/08/22 01:15:00",YWPS3,0
D,DISPATCH,UNIT_SCADA,1,"2019/08/22 01:15:00",YWPS4,398.060760
C,"END OF REPORT",334
