C,NEMP.WORLD,DISPATCHSCADA,AEMO,PUBLIC,2019/09/06,05:00:09,0000000312448484,DISPATCHSCADA,0000000312448478
I,DISPATCH,UNIT_SCADA,1,SETTLEMENTDATE,DUID,SCADAVALUE
D,DISPATCH,UNIT_SCADA,1,"2019/09/06 05:05:00",BARCSF1,0.30
D,DISPATCH,UNIT_SCADA,1,"2019/09/06 05:05:00",BUTLERSG,10.199999
D,DISPATCH,UNIT_SCADA,1,"2019/09/06 05:05:00",CALL_A_4,0
D,DISPATCH,UNIT_SCADA,1,"2019/09/06 05:05:00",CAPTL_WF,39.975998
D,DISPATCH,UNIT_SCADA,1,"2019/09/06 05:05:00",CATHROCK,0
D,DISPATCH,UNIT_SCADA,1,"2019/09/06 05:05:00",CHALLHWF,18.599998
D,DISPATCH,UNIT_SCADA,1,"2019/09/06 05:05:00",CLOVER,-0.02
D,DISPATCH,UNIT_SCADA,1,"2019/09/06 05:05:00",CLUNY,18.345160
D,DISPATCH,UNIT_SCADA,1,"2019/09/06 05:05:00",CNUNDAWF,12.614716
D,DISPATCH,UNIT_SCADA,1,"2019/09/06 05:05:00",CULLRGWF,6.35
D,DISPATCH,UNIT_SCADA,1,"2019/09/06 05:05:00",ERGT01,0
D,DISPATCH,UNIT_SCADA,1,"2019/09/06 05:05:00",GB01,0.015919
D,DISPATCH,UNIT_SCADA,1,"2019/09/06 05:05:00",GERMCRK,38.200001
D,DISPATCH,UNIT_SCADA,1,"2019/09/06 05:05:00",GRIFSF1,0
D,DISPATCH,UNIT_SCADA,1,"2019/09/06 05:05:00",HUGSF1,-0.2330
D,DISPATCH,UNIT_SCADA,1,"2019/09/06 05:05:00",LKBONNY1,19.915989
D,DISPATCH,UNIT_SCADA,1,"2019/09/06 05:05:00",LRSF1,-0.0010
D,DISPATCH,UNIT_SCADA,1,"2019/09/06 05:05:00",MBAHNTH,50.024994
D,DISPATCH,UNIT_SCADA,1,"2019/09/06 05:05:00",MLSP1,0
D,DISPATCH,UNIT_SCADA,1,"2019/09/06 05:05:00",MLWF1,18.404999
D,DISPATCH,UNIT_SCADA,1,"2019/09/06 05:05:00",MTMILLAR,55.675892
D,DISPATCH,UNIT_SCADA,1,"2019/09/06 05:05:00",PALOONA,25.24
D,DISPATCH,UNIT_SCADA,1,"2019/09/06 05:05:00",PIONEER,46.100002
D,DISPATCH,UNIT_SCADA,1,"2019/09/06 05:05:00",PORTWF,44.400002
D,DISPATCH,UNIT_SCADA,1,"2019/09/06 05:05:00",REPULSE,32.695202
D,DISPATCH,UNIT_SCADA,1,"2019/09/06 05:05:00",ROWALLAN,10.3660
D,DISPATCH,UNIT_SCADA,1,"2019/09/06 05:05:00",ROYALLA1,0
D,DISPATCH,UNIT_SCADA,1,"2019/09/06 05:05:00",RPCG,8.60
D,DISPATCH,UNIT_SCADA,1,"2019/09/06 05:05:00",RUBICON,0
D,DISPATCH,UNIT_SCADA,1,"2019/09/06 05:05:00",SATGN1,0
D,DISPATCH,UNIT_SCADA,1,"2019/09/06 05:05:00",SATGS1,0
D,DISPATCH,UNIT_SCADA,1,"2019/09/06 05:05:00",STARHLWF,27.891867
D,DISPATCH,UNIT_SCADA,1,"2019/09/06 05:05:00",WAUBRAWF,20.580999
D,DISPATCH,UNIT_SCADA,1,"2019/09/06 05:05:00",WOOLNTH1,129.020020
D,DISPATCH,UNIT_SCADA,1,"2019/09/06 05:05:00",WPWF,39
D,DISPATCH,UNIT_SCADA,1,"2019/09/06 05:05:00",YAMBUKWF,9.90
D,DISPATCH,UNIT_SCADA,1,"2019/09/06 05:05:00",YSWF1,-0.10
D,DISPATCH,UNIT_SCADA,1,"2019/09/06 05:05:00",AGLHAL,0
D,DISPATCH,UNIT_SCADA,1,"2019/09/06 05:05:00",AGLSOM,0
D,DISPATCH,UNIT_SCADA,1,"2019/09/06 05:05:00",ANGAST1,0
D,DISPATCH,UNIT_SCADA,1,"2019/09/06 05:05:00",ARWF1,37.70
D,DISPATCH,UNIT_SCADA,1,"2019/09/06 05:05:00",BALBG1,0
D,DISPATCH,UNIT_SCADA,1,"2019/09/06 05:05:00",BALBL1,0
D,DISPATCH,UNIT_SCADA,1,"2019/09/06 05:05:00",BALDHWF1,4.61
D,DISPATCH,UNIT_SCADA,1,"2019/09/06 05:05:00",BANN1,0
D,DISPATCH,UNIT_SCADA,1,"2019/09/06 05:05:00",BARCALDN,0
D,DISPATCH,UNIT_SCADA,1,"2019/09/06 05:05:00",BARRON-1,0
D,DISPATCH,UNIT_SCADA,1,"2019/09/06 05:05:00",BARRON-2,0
D,DISPATCH,UNIT_SCADA,1,"2019/09/06 05:05:00",BASTYAN,80.390010
D,DISPATCH,UNIT_SCADA,1,"2019/09/06 05:05:00",BBTHREE1,0
D,DISPATCH,UNIT_SCADA,1,"2019/09/06 05:05:00",BBTHREE2,0
D,DISPATCH,UNIT_SCADA,1,"2019/09/06 05:05:00",BBTHREE3,0
D,DISPATCH,UNIT_SCADA,1,"2019/09/06 05:05:00",BDL01,0
D,DISPATCH,UNIT_SCADA,1,"2019/09/06 05:05:00",BDL02,0
D,DISPATCH,UNIT_SCADA,1,"2019/09/06 05:05:00",BERYLSF1,0
D,DISPATCH,UNIT_SCADA,1,"2019/09/06 05:05:00",BLOWERNG,15.30
D,DISPATCH,UNIT_SCADA,1,"2019/09/06 05:05:00",BLUFF1,52.60
D,DISPATCH,UNIT_SCADA,1,"2019/09/06 05:05:00",BNGSF1,0
D,DISPATCH,UNIT_SCADA,1,"2019/09/06 05:05:00",BNGSF2,0
D,DISPATCH,UNIT_SCADA,1,"2019/09/06 05:05:00",BOCORWF1,89.94
D,DISPATCH,UNIT_SCADA,1,"2019/09/06 05:05:00",BODWF1,33.251140
D,DISPATCH,UNIT_SCADA,1,"2019/09/06 05:05:00",BRAEMAR1,0
D,DISPATCH,UNIT_SCADA,1,"2019/09/06 05:05:00",BRAEMAR2,0
D,DISPATCH,UNIT_SCADA,1,"2019/09/06 05:05:00",BRAEMAR3,0
D,DISPATCH,UNIT_SCADA,1,"2019/09/06 05:05:00",BRAEMAR5,0
D,DISPATCH,UNIT_SCADA,1,"2019/09/06 05:05:00",BRAEMAR6,0
D,DISPATCH,UNIT_SCADA,1,"2019/09/06 05:05:00",BRAEMAR7,0
D,DISPATCH,UNIT_SCADA,1,"2019/09/06 05:05:00",BROKENH1,0
D,DISPATCH,UNIT_SCADA,1,"2019/09/06 05:05:00",BW01,508.775020
D,DISPATCH,UNIT_SCADA,1,"2019/09/06 05:05:00",BW02,538.074950
D,DISPATCH,UNIT_SCADA,1,"2019/09/06 05:05:00",BW03,581.3750
D,DISPATCH,UNIT_SCADA,1,"2019/09/06 05:05:00",BW04,0
D,DISPATCH,UNIT_SCADA,1,"2019/09/06 05:05:00",CALL_B_1,349.50
D,DISPATCH,UNIT_SCADA,1,"2019/09/06 05:05:00",CALL_B_2,279.399990
D,DISPATCH,UNIT_SCADA,1,"2019/09/06 05:05:00",CETHANA,82.8565
D,DISPATCH,UNIT_SCADA,1,"2019/09/06 05:05:00",CG1,0
D,DISPATCH,UNIT_SCADA,1,"2019/09/06 05:05:00",CG2,0
D,DISPATCH,UNIT_SCADA,1,"2019/09/06 05:05:00",CG3,0
D,DISPATCH,UNIT_SCADA,1,"2019/09/06 05:05:00",CG4,0
D,DISPATCH,UNIT_SCADA,1,"2019/09/06 05:05:00",CHILDSF1,0
D,DISPATCH,UNIT_SCADA,1,"2019/09/06 05:05:00",CLARESF1,0
D,DISPATCH,UNIT_SCADA,1,"2019/09/06 05:05:00",CLEMGPWF,55.250850
D,DISPATCH,UNIT_SCADA,1,"2019/09/06 05:05:00",CLERMSF1,0
D,DISPATCH,UNIT_SCADA,1,"2019/09/06 05:05:00",COLEASF1,0
D,DISPATCH,UNIT_SCADA,1,"2019/09/06 05:05:00",COOPGWF1,21.038530
D,DISPATCH,UNIT_SCADA,1,"2019/09/06 05:05:00",CPP_3,399.575010
D,DISPATCH,UNIT_SCADA,1,"2019/09/06 05:05:00",CPP_4,400.399990
D,DISPATCH,UNIT_SCADA,1,"2019/09/06 05:05:00",CPSA,143.280620
D,DISPATCH,UNIT_SCADA,1,"2019/09/06 05:05:00",CROOKWF2,55.783740
D,DISPATCH,UNIT_SCADA,1,"2019/09/06 05:05:00",CROWLWF1,25.937920
D,DISPATCH,UNIT_SCADA,1,"2019/09/06 05:05:00",CSPVPS1,0
D,DISPATCH,UNIT_SCADA,1,"2019/09/06 05:05:00",DALNTH01,0
D,DISPATCH,UNIT_SCADA,1,"2019/09/06 05:05:00",DALNTHL1,0.117490
D,DISPATCH,UNIT_SCADA,1,"2019/09/06 05:05:00",DARTM1,0
D,DISPATCH,UNIT_SCADA,1,"2019/09/06 05:05:00",DAYDSF1,0
D,DISPATCH,UNIT_SCADA,1,"2019/09/06 05:05:00",DDPS1,0
D,DISPATCH,UNIT_SCADA,1,"2019/09/06 05:05:00",DDSF1,0
D,DISPATCH,UNIT_SCADA,1,"2019/09/06 05:05:00",DEVILS_G,62.826630
D,DISPATCH,UNIT_SCADA,1,"2019/09/06 05:05:00",DG_NSW1,0
D,DISPATCH,UNIT_SCADA,1,"2019/09/06 05:05:00",DG_QLD1,0
D,DISPATCH,UNIT_SCADA,1,"2019/09/06 05:05:00",DG_SA1,0
D,DISPATCH,UNIT_SCADA,1,"2019/09/06 05:05:00",DG_TAS1,0
D,DISPATCH,UNIT_SCADA,1,"2019/09/06 05:05:00",DG_VIC1,0
D,DISPATCH,UNIT_SCADA,1,"2019/09/06 05:05:00",DRYCGT1,0
D,DISPATCH,UNIT_SCADA,1,"2019/09/06 05:05:00",DRYCGT2,0
D,DISPATCH,UNIT_SCADA,1,"2019/09/06 05:05:00",DRYCGT3,0
D,DISPATCH,UNIT_SCADA,1,"2019/09/06 05:05:00",EILDON1,0
D,DISPATCH,UNIT_SCADA,1,"2019/09/06 05:05:00",EILDON2,0
D,DISPATCH,UNIT_SCADA,1,"2019/09/06 05:05:00",EMERASF1,0
D,DISPATCH,UNIT_SCADA,1,"2019/09/06 05:05:00",ER01,521.900020
D,DISPATCH,UNIT_SCADA,1,"2019/09/06 05:05:00",ER02,574.099980
D,DISPATCH,UNIT_SCADA,1,"2019/09/06 05:05:00",ER03,0
D,DISPATCH,UNIT_SCADA,1,"2019/09/06 05:05:00",ER04,572.400020
D,DISPATCH,UNIT_SCADA,1,"2019/09/06 05:05:00",FINLYSF1,0
D,DISPATCH,UNIT_SCADA,1,"2019/09/06 05:05:00",FISHER,45.89
D,DISPATCH,UNIT_SCADA,1,"2019/09/06 05:05:00",GANNBG1,0
D,DISPATCH,UNIT_SCADA,1,"2019/09/06 05:05:00",GANNBL1,10.007580
D,DISPATCH,UNIT_SCADA,1,"2019/09/06 05:05:00",GANNSF1,0
D,DISPATCH,UNIT_SCADA,1,"2019/09/06 05:05:00",GORDON,24.026240
D,DISPATCH,UNIT_SCADA,1,"2019/09/06 05:05:00",GSTONE1,132.649990
D,DISPATCH,UNIT_SCADA,1,"2019/09/06 05:05:00",GSTONE2,110.7750
D,DISPATCH,UNIT_SCADA,1,"2019/09/06 05:05:00",GSTONE3,0
D,DISPATCH,UNIT_SCADA,1,"2019/09/06 05:05:00",GSTONE4,135.45
D,DISPATCH,UNIT_SCADA,1,"2019/09/06 05:05:00",GSTONE5,134.75
D,DISPATCH,UNIT_SCADA,1,"2019/09/06 05:05:00",GSTONE6,134.75
D,DISPATCH,UNIT_SCADA,1,"2019/09/06 05:05:00",GULLRSF1,0
D,DISPATCH,UNIT_SCADA,1,"2019/09/06 05:05:00",GULLRWF1,51.393010
D,DISPATCH,UNIT_SCADA,1,"2019/09/06 05:05:00",GUNNING1,10.682020
D,DISPATCH,UNIT_SCADA,1,"2019/09/06 05:05:00",GUTHEGA,0
D,DISPATCH,UNIT_SCADA,1,"2019/09/06 05:05:00",HALLWF1,89.55
D,DISPATCH,UNIT_SCADA,1,"2019/09/06 05:05:00",HALLWF2,67.89
D,DISPATCH,UNIT_SCADA,1,"2019/09/06 05:05:00",HAMISF1,0
D,DISPATCH,UNIT_SCADA,1,"2019/09/06 05:05:00",HAUGHT11,0
D,DISPATCH,UNIT_SCADA,1,"2019/09/06 05:05:00",HAYMSF1,0
D,DISPATCH,UNIT_SCADA,1,"2019/09/06 05:05:00",HDWF1,92.70
D,DISPATCH,UNIT_SCADA,1,"2019/09/06 05:05:00",HDWF2,86.90
D,DISPATCH,UNIT_SCADA,1,"2019/09/06 05:05:00",HDWF3,89.40
D,DISPATCH,UNIT_SCADA,1,"2019/09/06 05:05:00",HPRG1,9.20
D,DISPATCH,UNIT_SCADA,1,"2019/09/06 05:05:00",HPRL1,0
D,DISPATCH,UNIT_SCADA,1,"2019/09/06 05:05:00",HUMENSW,0
D,DISPATCH,UNIT_SCADA,1,"2019/09/06 05:05:00",HUMEV,24.70
D,DISPATCH,UNIT_SCADA,1,"2019/09/06 05:05:00",HVGTS,0
D,DISPATCH,UNIT_SCADA,1,"2019/09/06 05:05:00",JBUTTERS,0
D,DISPATCH,UNIT_SCADA,1,"2019/09/06 05:05:00",JLA01,0.10
D,DISPATCH,UNIT_SCADA,1,"2019/09/06 05:05:00",JLA02,0
D,DISPATCH,UNIT_SCADA,1,"2019/09/06 05:05:00",JLA03,0
D,DISPATCH,UNIT_SCADA,1,"2019/09/06 05:05:00",JLA04,0
D,DISPATCH,UNIT_SCADA,1,"2019/09/06 05:05:00",JLB01,0
D,DISPATCH,UNIT_SCADA,1,"2019/09/06 05:05:00",JLB02,0.10
D,DISPATCH,UNIT_SCADA,1,"2019/09/06 05:05:00",JLB03,0
D,DISPATCH,UNIT_SCADA,1,"2019/09/06 05:05:00",KAREEYA1,21.55
D,DISPATCH,UNIT_SCADA,1,"2019/09/06 05:05:00",KAREEYA2,21.8025
D,DISPATCH,UNIT_SCADA,1,"2019/09/06 05:05:00",KAREEYA3,0
D,DISPATCH,UNIT_SCADA,1,"2019/09/06 05:05:00",KAREEYA4,21.6175
D,DISPATCH,UNIT_SCADA,1,"2019/09/06 05:05:00",KARSF1,0
D,DISPATCH,UNIT_SCADA,1,"2019/09/06 05:05:00",KIATAWF1,30.90
D,DISPATCH,UNIT_SCADA,1,"2019/09/06 05:05:00",KPP_1,0
D,DISPATCH,UNIT_SCADA,1,"2019/09/06 05:05:00",KSP1,0
D,DISPATCH,UNIT_SCADA,1,"2019/09/06 05:05:00",LADBROK1,0
D,DISPATCH,UNIT_SCADA,1,"2019/09/06 05:05:00",LADBROK2,0
D,DISPATCH,UNIT_SCADA,1,"2019/09/06 05:05:00",LD01,349.199980
D,DISPATCH,UNIT_SCADA,1,"2019/09/06 05:05:00",LD02,321.524960
D,DISPATCH,UNIT_SCADA,1,"2019/09/06 05:05:00",LD03,347.9437
D,DISPATCH,UNIT_SCADA,1,"2019/09/06 05:05:00",LD04,346.462550
D,DISPATCH,UNIT_SCADA,1,"2019/09/06 05:05:00",LEM_WIL,85.351490
D,DISPATCH,UNIT_SCADA,1,"2019/09/06 05:05:00",LGAPWF1,34.48
D,DISPATCH,UNIT_SCADA,1,"2019/09/06 05:05:00",LILYSF1,0
D,DISPATCH,UNIT_SCADA,1,"2019/09/06 05:05:00",LI_WY_CA,142.253140
D,DISPATCH,UNIT_SCADA,1,"2019/09/06 05:05:00",LKBONNY2,34.378680
D,DISPATCH,UNIT_SCADA,1,"2019/09/06 05:05:00",LKBONNY3,6.754460
D,DISPATCH,UNIT_SCADA,1,"2019/09/06 05:05:00",LK_ECHO,0
D,DISPATCH,UNIT_SCADA,1,"2019/09/06 05:05:00",LNGS1,0
D,DISPATCH,UNIT_SCADA,1,"2019/09/06 05:05:00",LNGS2,0
D,DISPATCH,UNIT_SCADA,1,"2019/09/06 05:05:00",LONSDALE,0
D,DISPATCH,UNIT_SCADA,1,"2019/09/06 05:05:00",LOYYB1,536.840520
D,DISPATCH,UNIT_SCADA,1,"2019/09/06 05:05:00",LOYYB2,582.7063
D,DISPATCH,UNIT_SCADA,1,"2019/09/06 05:05:00",LYA1,0
D,DISPATCH,UNIT_SCADA,1,"2019/09/06 05:05:00",LYA2,0
D,DISPATCH,UNIT_SCADA,1,"2019/09/06 05:05:00",LYA3,559
D,DISPATCH,UNIT_SCADA,1,"2019/09/06 05:05:00",LYA4,540
D,DISPATCH,UNIT_SCADA,1,"2019/09/06 05:05:00",MACARTH1,196.095470
D,DISPATCH,UNIT_SCADA,1,"2019/09/06 05:05:00",MACKAYGT,0.2240
D,DISPATCH,UNIT_SCADA,1,"2019/09/06 05:05:00",MACKNTSH,88.45
D,DISPATCH,UNIT_SCADA,1,"2019/09/06 05:05:00",MANSLR1,0
D,DISPATCH,UNIT_SCADA,1,"2019/09/06 05:05:00",MCKAY1,-0.0350
D,DISPATCH,UNIT_SCADA,1,"2019/09/06 05:05:00",MEADOWBK,33.781560
D,DISPATCH,UNIT_SCADA,1,"2019/09/06 05:05:00",MERCER01,-0.2110
D,DISPATCH,UNIT_SCADA,1,"2019/09/06 05:05:00",MEWF1,40.0937
D,DISPATCH,UNIT_SCADA,1,"2019/09/06 05:05:00",MINTARO,0
D,DISPATCH,UNIT_SCADA,1,"2019/09/06 05:05:00",MOREESF1,0
D,DISPATCH,UNIT_SCADA,1,"2019/09/06 05:05:00",MORTLK11,124
D,DISPATCH,UNIT_SCADA,1,"2019/09/06 05:05:00",MORTLK12,0
D,DISPATCH,UNIT_SCADA,1,"2019/09/06 05:05:00",MP1,218.924990
D,DISPATCH,UNIT_SCADA,1,"2019/09/06 05:05:00",MP2,0
D,DISPATCH,UNIT_SCADA,1,"2019/09/06 05:05:00",MPP_1,390.75
D,DISPATCH,UNIT_SCADA,1,"2019/09/06 05:05:00",MPP_2,427.50
D,DISPATCH,UNIT_SCADA,1,"2019/09/06 05:05:00",MSTUART1,0
D,DISPATCH,UNIT_SCADA,1,"2019/09/06 05:05:00",MSTUART2,0
D,DISPATCH,UNIT_SCADA,1,"2019/09/06 05:05:00",MSTUART3,0
D,DISPATCH,UNIT_SCADA,1,"2019/09/06 05:05:00",MTGELWF1,-0.367750
D,DISPATCH,UNIT_SCADA,1,"2019/09/06 05:05:00",MURRAY,0
D,DISPATCH,UNIT_SCADA,1,"2019/09/06 05:05:00",MUSSELR1,122.30
D,DISPATCH,UNIT_SCADA,1,"2019/09/06 05:05:00",MUWAWF1,73.92
D,DISPATCH,UNIT_SCADA,1,"2019/09/06 05:05:00",NBHWF1,117.899990
D,DISPATCH,UNIT_SCADA,1,"2019/09/06 05:05:00",NPS,0
D,DISPATCH,UNIT_SCADA,1,"2019/09/06 05:05:00",NUMURSF1,0
D,DISPATCH,UNIT_SCADA,1,"2019/09/06 05:05:00",NYNGAN1,0
D,DISPATCH,UNIT_SCADA,1,"2019/09/06 05:05:00",OAKEY1,0
D,DISPATCH,UNIT_SCADA,1,"2019/09/06 05:05:00",OAKEY1SF,0
D,DISPATCH,UNIT_SCADA,1,"2019/09/06 05:05:00",OAKEY2,0
D,DISPATCH,UNIT_SCADA,1,"2019/09/06 05:05:00",OAKEY2SF,0
D,DISPATCH,UNIT_SCADA,1,"2019/09/06 05:05:00",OAKLAND1,26.10
D,DISPATCH,UNIT_SCADA,1,"2019/09/06 05:05:00",OSB-AG,0
D,DISPATCH,UNIT_SCADA,1,"2019/09/06 05:05:00",PARSF1,0
D,DISPATCH,UNIT_SCADA,1,"2019/09/06 05:05:00",POAT110,0
D,DISPATCH,UNIT_SCADA,1,"2019/09/06 05:05:00",POAT220,1.68
D,DISPATCH,UNIT_SCADA,1,"2019/09/06 05:05:00",POR01,0
D,DISPATCH,UNIT_SCADA,1,"2019/09/06 05:05:00",POR03,0
D,DISPATCH,UNIT_SCADA,1,"2019/09/06 05:05:00",PPCCGT,178.249940
D,DISPATCH,UNIT_SCADA,1,"2019/09/06 05:05:00",PTSTAN1,0
D,DISPATCH,UNIT_SCADA,1,"2019/09/06 05:05:00",PUMP1,0
D,DISPATCH,UNIT_SCADA,1,"2019/09/06 05:05:00",PUMP2,0
D,DISPATCH,UNIT_SCADA,1,"2019/09/06 05:05:00",QPS1,0
D,DISPATCH,UNIT_SCADA,1,"2019/09/06 05:05:00",QPS2,0
D,DISPATCH,UNIT_SCADA,1,"2019/09/06 05:05:00",QPS3,0
D,DISPATCH,UNIT_SCADA,1,"2019/09/06 05:05:00",QPS4,0
D,DISPATCH,UNIT_SCADA,1,"2019/09/06 05:05:00",QPS5,0
D,DISPATCH,UNIT_SCADA,1,"2019/09/06 05:05:00",REECE1,96.990010
D,DISPATCH,UNIT_SCADA,1,"2019/09/06 05:05:00",REECE2,1.22
D,DISPATCH,UNIT_SCADA,1,"2019/09/06 05:05:00",ROMA_7,0
D,DISPATCH,UNIT_SCADA,1,"2019/09/06 05:05:00",ROMA_8,0
D,DISPATCH,UNIT_SCADA,1,"2019/09/06 05:05:00",RRSF1,0
D,DISPATCH,UNIT_SCADA,1,"2019/09/06 05:05:00",RT_NSW1,0
D,DISPATCH,UNIT_SCADA,1,"2019/09/06 05:05:00",RT_NSW2,0
D,DISPATCH,UNIT_SCADA,1,"2019/09/06 05:05:00",RT_NSW3,0
D,DISPATCH,UNIT_SCADA,1,"2019/09/06 05:05:00",RT_NSW4,0
D,DISPATCH,UNIT_SCADA,1,"2019/09/06 05:05:00",RT_NSW5,0
D,DISPATCH,UNIT_SCADA,1,"2019/09/06 05:05:00",RT_NSW6,0
D,DISPATCH,UNIT_SCADA,1,"2019/09/06 05:05:00",RT_QLD1,0
D,DISPATCH,UNIT_SCADA,1,"2019/09/06 05:05:00",RT_SA1,0
D,DISPATCH,UNIT_SCADA,1,"2019/09/06 05:05:00",RT_SA2,0
D,DISPATCH,UNIT_SCADA,1,"2019/09/06 05:05:00",RT_SA3,0
D,DISPATCH,UNIT_SCADA,1,"2019/09/06 05:05:00",RT_SA4,0
D,DISPATCH,UNIT_SCADA,1,"2019/09/06 05:05:00",RT_SA5,0
D,DISPATCH,UNIT_SCADA,1,"2019/09/06 05:05:00",RT_SA6,0
D,DISPATCH,UNIT_SCADA,1,"2019/09/06 05:05:00",RT_TAS1,0
D,DISPATCH,UNIT_SCADA,1,"2019/09/06 05:05:00",RT_VIC1,0
D,DISPATCH,UNIT_SCADA,1,"2019/09/06 05:05:00",RT_VIC10,0
D,DISPATCH,UNIT_SCADA,1,"2019/09/06 05:05:00",RT_VIC11,0
D,DISPATCH,UNIT_SCADA,1,"2019/09/06 05:05:00",RT_VIC12,0
D,DISPATCH,UNIT_SCADA,1,"2019/09/06 05:05:00",RT_VIC2,0
D,DISPATCH,UNIT_SCADA,1,"2019/09/06 05:05:00",RT_VIC3,0
D,DISPATCH,UNIT_SCADA,1,"2019/09/06 05:05:00",RT_VIC4,0
D,DISPATCH,UNIT_SCADA,1,"2019/09/06 05:05:00",RT_VIC5,0
D,DISPATCH,UNIT_SCADA,1,"2019/09/06 05:05:00",RT_VIC6,0
D,DISPATCH,UNIT_SCADA,1,"2019/09/06 05:05:00",RT_VIC7,0
D,DISPATCH,UNIT_SCADA,1,"2019/09/06 05:05:00",RT_VIC8,0
D,DISPATCH,UNIT_SCADA,1,"2019/09/06 05:05:00",RT_VIC9,0
D,DISPATCH,UNIT_SCADA,1,"2019/09/06 05:05:00",RUGBYR1,0
D,DISPATCH,UNIT_SCADA,1,"2019/09/06 05:05:00",SALTCRK1,15.96
D,DISPATCH,UNIT_SCADA,1,"2019/09/06 05:05:00",SAPHWF1,159.581240
D,DISPATCH,UNIT_SCADA,1,"2019/09/06 05:05:00",SHGEN,0
D,DISPATCH,UNIT_SCADA,1,"2019/09/06 05:05:00",SHPUMP,158.951680
D,DISPATCH,UNIT_SCADA,1,"2019/09/06 05:05:00",SITHE01,0.214140
D,DISPATCH,UNIT_SCADA,1,"2019/09/06 05:05:00",SMCSF1,0
D,DISPATCH,UNIT_SCADA,1,"2019/09/06 05:05:00",SNOWNTH1,137.20
D,DISPATCH,UNIT_SCADA,1,"2019/09/06 05:05:00",SNOWSTH1,120.60
D,DISPATCH,UNIT_SCADA,1,"2019/09/06 05:05:00",SNOWTWN1,94.748920
D,DISPATCH,UNIT_SCADA,1,"2019/09/06 05:05:00",SNOWYP,193.900010
D,DISPATCH,UNIT_SCADA,1,"2019/09/06 05:05:00",SNUG1,0.019440
D,DISPATCH,UNIT_SCADA,1,"2019/09/06 05:05:00",SRSF1,0.22
D,DISPATCH,UNIT_SCADA,1,"2019/09/06 05:05:00",STAN-1,258.035130
D,DISPATCH,UNIT_SCADA,1,"2019/09/06 05:05:00",STAN-2,256.240630
D,DISPATCH,UNIT_SCADA,1,"2019/09/06 05:05:00",STAN-3,255.843290
D,DISPATCH,UNIT_SCADA,1,"2019/09/06 05:05:00",STAN-4,249.498470
D,DISPATCH,UNIT_SCADA,1,"2019/09/06 05:05:00",STWF1,0
D,DISPATCH,UNIT_SCADA,1,"2019/09/06 05:05:00",SWAN_E,0
D,DISPATCH,UNIT_SCADA,1,"2019/09/06 05:05:00",TALWA1,190
D,DISPATCH,UNIT_SCADA,1,"2019/09/06 05:05:00",TARALGA1,23.936240
D,DISPATCH,UNIT_SCADA,1,"2019/09/06 05:05:00",TARONG#1,285.100010
D,DISPATCH,UNIT_SCADA,1,"2019/09/06 05:05:00",TARONG#2,0
D,DISPATCH,UNIT_SCADA,1,"2019/09/06 05:05:00",TARONG#3,259.899990
D,DISPATCH,UNIT_SCADA,1,"2019/09/06 05:05:00",TARONG#4,275.800020
D,DISPATCH,UNIT_SCADA,1,"2019/09/06 05:05:00",TARRALEA,74
D,DISPATCH,UNIT_SCADA,1,"2019/09/06 05:05:00",TBSF1,-0.20
D,DISPATCH,UNIT_SCADA,1,"2019/09/06 05:05:00",TNPS1,398.500030
D,DISPATCH,UNIT_SCADA,1,"2019/09/06 05:05:00",TORRA1,41.559410
D,DISPATCH,UNIT_SCADA,1,"2019/09/06 05:05:00",TORRA2,0
D,DISPATCH,UNIT_SCADA,1,"2019/09/06 05:05:00",TORRA3,0
D,DISPATCH,UNIT_SCADA,1,"2019/09/06 05:05:00",TORRA4,41.274920
D,DISPATCH,UNIT_SCADA,1,"2019/09/06 05:05:00",TORRB1,41.20
D,DISPATCH,UNIT_SCADA,1,"2019/09/06 05:05:00",TORRB2,41.07
D,DISPATCH,UNIT_SCADA,1,"2019/09/06 05:05:00",TORRB3,40.58
D,DISPATCH,UNIT_SCADA,1,"2019/09/06 05:05:00",TORRB4,0
D,DISPATCH,UNIT_SCADA,1,"2019/09/06 05:05:00",TREVALLN,16.990020
D,DISPATCH,UNIT_SCADA,1,"2019/09/06 05:05:00",TRIBUTE,0
D,DISPATCH,UNIT_SCADA,1,"2019/09/06 05:05:00",TUMUT3,0
D,DISPATCH,UNIT_SCADA,1,"2019/09/06 05:05:00",TUNGATIN,3.90
D,DISPATCH,UNIT_SCADA,1,"2019/09/06 05:05:00",TVCC201,0
D,DISPATCH,UNIT_SCADA,1,"2019/09/06 05:05:00",TVPP104,0
D,DISPATCH,UNIT_SCADA,1,"2019/09/06 05:05:00",UPPTUMUT,0
D,DISPATCH,UNIT_SCADA,1,"2019/09/06 05:05:00",URANQ11,0
D,DISPATCH,UNIT_SCADA,1,"2019/09/06 05:05:00",URANQ12,0
D,DISPATCH,UNIT_SCADA,1,"2019/09/06 05:05:00",URANQ13,0
D,DISPATCH,UNIT_SCADA,1,"2019/09/06 05:05:00",URANQ14,0
D,DISPATCH,UNIT_SCADA,1,"2019/09/06 05:05:00",VP5,539.975040
D,DISPATCH,UNIT_SCADA,1,"2019/09/06 05:05:00",VP6,0
D,DISPATCH,UNIT_SCADA,1,"2019/09/06 05:05:00",VPGS1,0
D,DISPATCH,UNIT_SCADA,1,"2019/09/06 05:05:00",VPGS2,0
D,DISPATCH,UNIT_SCADA,1,"2019/09/06 05:05:00",VPGS3,0
D,DISPATCH,UNIT_SCADA,1,"2019/09/06 05:05:00",VPGS4,0
D,DISPATCH,UNIT_SCADA,1,"2019/09/06 05:05:00",VPGS5,0
D,DISPATCH,UNIT_SCADA,1,"2019/09/06 05:05:00",VPGS6,0
D,DISPATCH,UNIT_SCADA,1,"2019/09/06 05:05:00",W/HOE#1,0
D,DISPATCH,UNIT_SCADA,1,"2019/09/06 05:05:00",W/HOE#2,0
D,DISPATCH,UNIT_SCADA,1,"2019/09/06 05:05:00",WATERLWF,109.70
D,DISPATCH,UNIT_SCADA,1,"2019/09/06 05:05:00",WEMENSF1,0
D,DISPATCH,UNIT_SCADA,1,"2019/09/06 05:05:00",WGWF1,110
D,DISPATCH,UNIT_SCADA,1,"2019/09/06 05:05:00",WHITSF1,0
D,DISPATCH,UNIT_SCADA,1,"2019/09/06 05:05:00",WKIEWA1,0
D,DISPATCH,UNIT_SCADA,1,"2019/09/06 05:05:00",WKIEWA2,0.10
D,DISPATCH,UNIT_SCADA,1,"2019/09/06 05:05:00",WOODLWN1,20.8530
D,DISPATCH,UNIT_SCADA,1,"2019/09/06 05:05:00",WRSF1,0
D,DISPATCH,UNIT_SCADA,1,"2019/09/06 05:05:00",WRWF1,22.80
D,DISPATCH,UNIT_SCADA,1,"2019/09/06 05:05:00",YABULU,0
D,DISPATCH,UNIT_SCADA,1,"2019/09/06 05:05:00",YABULU2,0
D,DISPATCH,UNIT_SCADA,1,"2019/09/06 05:05:00",YARWUN_1,166.11
D,DISPATCH,UNIT_SCADA,1,"2019/09/06 05:05:00",YENDWF1,31.51
D,DISPATCH,UNIT_SCADA,1,"2019/09/06 05:05:00",YWPS1,379.197480
D,DISPATCH,UNIT_SCADA,1,"2019/09/06 05:05:00",YWPS2,280.448090
D,DISPATCH,UNIT_SCADA,1,"2019/09/06 05:05:00",YWPS3,328.337980
D,DISPATCH,UNIT_SCADA,1,"2019/09/06 05:05:00",YWPS4,396.084810
C,"END OF REPORT",335
