C,NEMP.WORLD,DISPATCHSCADA,AEMO,PUBLIC,2019/08/20,04:45:11,0000000311772387,DISPATCHSCADA,0000000311772381
I,DISPATCH,UNIT_SCADA,1,SETTLEMENTDATE,DUID,SCADAVALUE
D,DISPATCH,UNIT_SCADA,1,"2019/08/20 04:50:00",BARCSF1,0
D,DISPATCH,UNIT_SCADA,1,"2019/08/20 04:50:00",BUTLERSG,9.799998
D,DISPATCH,UNIT_SCADA,1,"2019/08/20 04:50:00",CALL_A_4,0
D,DISPATCH,UNIT_SCADA,1,"2019/08/20 04:50:00",CAPTL_WF,118.808006
D,DISPATCH,UNIT_SCADA,1,"2019/08/20 04:50:00",CATHROCK,48.989998
D,DISPATCH,UNIT_SCADA,1,"2019/08/20 04:50:00",CHALLHWF,25.50
D,DISPATCH,UNIT_SCADA,1,"2019/08/20 04:50:00",CLOVER,-0.01
D,DISPATCH,UNIT_SCADA,1,"2019/08/20 04:50:00",CLUNY,16.191807
D,DISPATCH,UNIT_SCADA,1,"2019/08/20 04:50:00",CNUNDAWF,37.944263
D,DISPATCH,UNIT_SCADA,1,"2019/08/20 04:50:00",CULLRGWF,30.389999
D,DISPATCH,UNIT_SCADA,1,"2019/08/20 04:50:00",ERGT01,0
D,DISPATCH,UNIT_SCADA,1,"2019/08/20 04:50:00",GB01,0.057449
D,DISPATCH,UNIT_SCADA,1,"2019/08/20 04:50:00",GERMCRK,38.299999
D,DISPATCH,UNIT_SCADA,1,"2019/08/20 04:50:00",GRIFSF1,0
D,DISPATCH,UNIT_SCADA,1,"2019/08/20 04:50:00",HUGSF1,-0.2580
D,DISPATCH,UNIT_SCADA,1,"2019/08/20 04:50:00",LKBONNY1,64.034813
D,DISPATCH,UNIT_SCADA,1,"2019/08/20 04:50:00",LRSF1,-0.03
D,DISPATCH,UNIT_SCADA,1,"2019/08/20 04:50:00",MBAHNTH,55.781250
D,DISPATCH,UNIT_SCADA,1,"2019/08/20 04:50:00",MLSP1,0.304001
D,DISPATCH,UNIT_SCADA,1,"2019/08/20 04:50:00",MLWF1,19.35
D,DISPATCH,UNIT_SCADA,1,"2019/08/20 04:50:00",MTMILLAR,21.192856
D,DISPATCH,UNIT_SCADA,1,"2019/08/20 04:50:00",PALOONA,23.60
D,DISPATCH,UNIT_SCADA,1,"2019/08/20 04:50:00",PIONEER,9.900001
D,DISPATCH,UNIT_SCADA,1,"2019/08/20 04:50:00",PORTWF,138.600006
D,DISPATCH,UNIT_SCADA,1,"2019/08/20 04:50:00",REPULSE,29.037918
D,DISPATCH,UNIT_SCADA,1,"2019/08/20 04:50:00",ROWALLAN,9.876101
D,DISPATCH,UNIT_SCADA,1,"2019/08/20 04:50:00",ROYALLA1,0
D,DISPATCH,UNIT_SCADA,1,"2019/08/20 04:50:00",RPCG,13.90
D,DISPATCH,UNIT_SCADA,1,"2019/08/20 04:50:00",RUBICON,0
D,DISPATCH,UNIT_SCADA,1,"2019/08/20 04:50:00",SATGN1,0
D,DISPATCH,UNIT_SCADA,1,"2019/08/20 04:50:00",SATGS1,0
D,DISPATCH,UNIT_SCADA,1,"2019/08/20 04:50:00",STARHLWF,18.594578
D,DISPATCH,UNIT_SCADA,1,"2019/08/20 04:50:00",WAUBRAWF,126.8340
D,DISPATCH,UNIT_SCADA,1,"2019/08/20 04:50:00",WOOLNTH1,133.570007
D,DISPATCH,UNIT_SCADA,1,"2019/08/20 04:50:00",WPWF,29
D,DISPATCH,UNIT_SCADA,1,"2019/08/20 04:50:00",YAMBUKWF,10.90
D,DISPATCH,UNIT_SCADA,1,"2019/08/20 04:50:00",YSWF1,28.10
D,DISPATCH,UNIT_SCADA,1,"2019/08/20 04:50:00",AGLHAL,0
D,DISPATCH,UNIT_SCADA,1,"2019/08/20 04:50:00",AGLSOM,0
D,DISPATCH,UNIT_SCADA,1,"2019/08/20 04:50:00",ANGAST1,0
D,DISPATCH,UNIT_SCADA,1,"2019/08/20 04:50:00",ARWF1,29.50
D,DISPATCH,UNIT_SCADA,1,"2019/08/20 04:50:00",BALBG1,0
D,DISPATCH,UNIT_SCADA,1,"2019/08/20 04:50:00",BALBL1,6.03
D,DISPATCH,UNIT_SCADA,1,"2019/08/20 04:50:00",BALDHWF1,99.4870
D,DISPATCH,UNIT_SCADA,1,"2019/08/20 04:50:00",BANN1,0
D,DISPATCH,UNIT_SCADA,1,"2019/08/20 04:50:00",BARCALDN,0
D,DISPATCH,UNIT_SCADA,1,"2019/08/20 04:50:00",BARRON-1,0
D,DISPATCH,UNIT_SCADA,1,"2019/08/20 04:50:00",BARRON-2,25.28
D,DISPATCH,UNIT_SCADA,1,"2019/08/20 04:50:00",BASTYAN,81.040010
D,DISPATCH,UNIT_SCADA,1,"2019/08/20 04:50:00",BBTHREE1,0
D,DISPATCH,UNIT_SCADA,1,"2019/08/20 04:50:00",BBTHREE2,0
D,DISPATCH,UNIT_SCADA,1,"2019/08/20 04:50:00",BBTHREE3,0
D,DISPATCH,UNIT_SCADA,1,"2019/08/20 04:50:00",BDL01,0
D,DISPATCH,UNIT_SCADA,1,"2019/08/20 04:50:00",BDL02,0
D,DISPATCH,UNIT_SCADA,1,"2019/08/20 04:50:00",BERYLSF1,0
D,DISPATCH,UNIT_SCADA,1,"2019/08/20 04:50:00",BLOWERNG,0
D,DISPATCH,UNIT_SCADA,1,"2019/08/20 04:50:00",BLUFF1,33.10
D,DISPATCH,UNIT_SCADA,1,"2019/08/20 04:50:00",BNGSF1,0
D,DISPATCH,UNIT_SCADA,1,"2019/08/20 04:50:00",BNGSF2,0
D,DISPATCH,UNIT_SCADA,1,"2019/08/20 04:50:00",BOCORWF1,42.88
D,DISPATCH,UNIT_SCADA,1,"2019/08/20 04:50:00",BODWF1,48.413820
D,DISPATCH,UNIT_SCADA,1,"2019/08/20 04:50:00",BRAEMAR1,0
D,DISPATCH,UNIT_SCADA,1,"2019/08/20 04:50:00",BRAEMAR2,0
D,DISPATCH,UNIT_SCADA,1,"2019/08/20 04:50:00",BRAEMAR3,0
D,DISPATCH,UNIT_SCADA,1,"2019/08/20 04:50:00",BRAEMAR5,0
D,DISPATCH,UNIT_SCADA,1,"2019/08/20 04:50:00",BRAEMAR6,0
D,DISPATCH,UNIT_SCADA,1,"2019/08/20 04:50:00",BRAEMAR7,0
D,DISPATCH,UNIT_SCADA,1,"2019/08/20 04:50:00",BROKENH1,0
D,DISPATCH,UNIT_SCADA,1,"2019/08/20 04:50:00",BW01,378.425050
D,DISPATCH,UNIT_SCADA,1,"2019/08/20 04:50:00",BW02,453.099980
D,DISPATCH,UNIT_SCADA,1,"2019/08/20 04:50:00",BW03,556.3750
D,DISPATCH,UNIT_SCADA,1,"2019/08/20 04:50:00",BW04,0
D,DISPATCH,UNIT_SCADA,1,"2019/08/20 04:50:00",CALL_B_1,339.899990
D,DISPATCH,UNIT_SCADA,1,"2019/08/20 04:50:00",CALL_B_2,290
D,DISPATCH,UNIT_SCADA,1,"2019/08/20 04:50:00",CETHANA,92.316750
D,DISPATCH,UNIT_SCADA,1,"2019/08/20 04:50:00",CG1,0
D,DISPATCH,UNIT_SCADA,1,"2019/08/20 04:50:00",CG2,0
D,DISPATCH,UNIT_SCADA,1,"2019/08/20 04:50:00",CG3,0
D,DISPATCH,UNIT_SCADA,1,"2019/08/20 04:50:00",CG4,0
D,DISPATCH,UNIT_SCADA,1,"2019/08/20 04:50:00",CHILDSF1,0
D,DISPATCH,UNIT_SCADA,1,"2019/08/20 04:50:00",CLARESF1,0
D,DISPATCH,UNIT_SCADA,1,"2019/08/20 04:50:00",CLEMGPWF,2.737330
D,DISPATCH,UNIT_SCADA,1,"2019/08/20 04:50:00",CLERMSF1,0
D,DISPATCH,UNIT_SCADA,1,"2019/08/20 04:50:00",COLEASF1,0
D,DISPATCH,UNIT_SCADA,1,"2019/08/20 04:50:00",COOPGWF1,15.700230
D,DISPATCH,UNIT_SCADA,1,"2019/08/20 04:50:00",CPP_3,408.100010
D,DISPATCH,UNIT_SCADA,1,"2019/08/20 04:50:00",CPP_4,405.899990
D,DISPATCH,UNIT_SCADA,1,"2019/08/20 04:50:00",CPSA,142.426240
D,DISPATCH,UNIT_SCADA,1,"2019/08/20 04:50:00",CROOKWF2,60.703750
D,DISPATCH,UNIT_SCADA,1,"2019/08/20 04:50:00",CROWLWF1,22.091780
D,DISPATCH,UNIT_SCADA,1,"2019/08/20 04:50:00",CSPVPS1,0
D,DISPATCH,UNIT_SCADA,1,"2019/08/20 04:50:00",DALNTH01,0.062560
D,DISPATCH,UNIT_SCADA,1,"2019/08/20 04:50:00",DALNTHL1,0
D,DISPATCH,UNIT_SCADA,1,"2019/08/20 04:50:00",DARTM1,0
D,DISPATCH,UNIT_SCADA,1,"2019/08/20 04:50:00",DAYDSF1,0
D,DISPATCH,UNIT_SCADA,1,"2019/08/20 04:50:00",DDPS1,0
D,DISPATCH,UNIT_SCADA,1,"2019/08/20 04:50:00",DDSF1,0
D,DISPATCH,UNIT_SCADA,1,"2019/08/20 04:50:00",DEVILS_G,60.717190
D,DISPATCH,UNIT_SCADA,1,"2019/08/20 04:50:00",DG_NSW1,0
D,DISPATCH,UNIT_SCADA,1,"2019/08/20 04:50:00",DG_QLD1,0
D,DISPATCH,UNIT_SCADA,1,"2019/08/20 04:50:00",DG_SA1,0
D,DISPATCH,UNIT_SCADA,1,"2019/08/20 04:50:00",DG_TAS1,0
D,DISPATCH,UNIT_SCADA,1,"2019/08/20 04:50:00",DG_VIC1,0
D,DISPATCH,UNIT_SCADA,1,"2019/08/20 04:50:00",DRYCGT1,0
D,DISPATCH,UNIT_SCADA,1,"2019/08/20 04:50:00",DRYCGT2,0
D,DISPATCH,UNIT_SCADA,1,"2019/08/20 04:50:00",DRYCGT3,0
D,DISPATCH,UNIT_SCADA,1,"2019/08/20 04:50:00",EILDON1,0
D,DISPATCH,UNIT_SCADA,1,"2019/08/20 04:50:00",EILDON2,0
D,DISPATCH,UNIT_SCADA,1,"2019/08/20 04:50:00",EMERASF1,0
D,DISPATCH,UNIT_SCADA,1,"2019/08/20 04:50:00",ER01,460.449950
D,DISPATCH,UNIT_SCADA,1,"2019/08/20 04:50:00",ER02,462.800050
D,DISPATCH,UNIT_SCADA,1,"2019/08/20 04:50:00",ER03,461.075070
D,DISPATCH,UNIT_SCADA,1,"2019/08/20 04:50:00",ER04,463.400020
D,DISPATCH,UNIT_SCADA,1,"2019/08/20 04:50:00",FINLYSF1,0
D,DISPATCH,UNIT_SCADA,1,"2019/08/20 04:50:00",FISHER,45.98
D,DISPATCH,UNIT_SCADA,1,"2019/08/20 04:50:00",GANNBG1,0
D,DISPATCH,UNIT_SCADA,1,"2019/08/20 04:50:00",GANNBL1,10
D,DISPATCH,UNIT_SCADA,1,"2019/08/20 04:50:00",GANNSF1,0
D,DISPATCH,UNIT_SCADA,1,"2019/08/20 04:50:00",GORDON,0
D,DISPATCH,UNIT_SCADA,1,"2019/08/20 04:50:00",GSTONE1,151.20
D,DISPATCH,UNIT_SCADA,1,"2019/08/20 04:50:00",GSTONE2,147
D,DISPATCH,UNIT_SCADA,1,"2019/08/20 04:50:00",GSTONE3,148.224990
D,DISPATCH,UNIT_SCADA,1,"2019/08/20 04:50:00",GSTONE4,148.9250
D,DISPATCH,UNIT_SCADA,1,"2019/08/20 04:50:00",GSTONE5,159.599990
D,DISPATCH,UNIT_SCADA,1,"2019/08/20 04:50:00",GSTONE6,0
D,DISPATCH,UNIT_SCADA,1,"2019/08/20 04:50:00",GULLRSF1,0
D,DISPATCH,UNIT_SCADA,1,"2019/08/20 04:50:00",GULLRWF1,160.496920
D,DISPATCH,UNIT_SCADA,1,"2019/08/20 04:50:00",GUNNING1,43.559410
D,DISPATCH,UNIT_SCADA,1,"2019/08/20 04:50:00",GUTHEGA,0
D,DISPATCH,UNIT_SCADA,1,"2019/08/20 04:50:00",HALLWF1,64.70
D,DISPATCH,UNIT_SCADA,1,"2019/08/20 04:50:00",HALLWF2,41.28
D,DISPATCH,UNIT_SCADA,1,"2019/08/20 04:50:00",HAMISF1,0
D,DISPATCH,UNIT_SCADA,1,"2019/08/20 04:50:00",HAUGHT11,0
D,DISPATCH,UNIT_SCADA,1,"2019/08/20 04:50:00",HAYMSF1,0
D,DISPATCH,UNIT_SCADA,1,"2019/08/20 04:50:00",HDWF1,48.10
D,DISPATCH,UNIT_SCADA,1,"2019/08/20 04:50:00",HDWF2,30.90
D,DISPATCH,UNIT_SCADA,1,"2019/08/20 04:50:00",HDWF3,42.30
D,DISPATCH,UNIT_SCADA,1,"2019/08/20 04:50:00",HPRG1,0
D,DISPATCH,UNIT_SCADA,1,"2019/08/20 04:50:00",HPRL1,0.10
D,DISPATCH,UNIT_SCADA,1,"2019/08/20 04:50:00",HUMENSW,0
D,DISPATCH,UNIT_SCADA,1,"2019/08/20 04:50:00",HUMEV,8.80
D,DISPATCH,UNIT_SCADA,1,"2019/08/20 04:50:00",HVGTS,0
D,DISPATCH,UNIT_SCADA,1,"2019/08/20 04:50:00",JBUTTERS,126.43
D,DISPATCH,UNIT_SCADA,1,"2019/08/20 04:50:00",JLA01,0.50
D,DISPATCH,UNIT_SCADA,1,"2019/08/20 04:50:00",JLA02,0
D,DISPATCH,UNIT_SCADA,1,"2019/08/20 04:50:00",JLA03,0.10
D,DISPATCH,UNIT_SCADA,1,"2019/08/20 04:50:00",JLA04,0.10
D,DISPATCH,UNIT_SCADA,1,"2019/08/20 04:50:00",JLB01,0
D,DISPATCH,UNIT_SCADA,1,"2019/08/20 04:50:00",JLB02,0.10
D,DISPATCH,UNIT_SCADA,1,"2019/08/20 04:50:00",JLB03,0
D,DISPATCH,UNIT_SCADA,1,"2019/08/20 04:50:00",KAREEYA1,21.5250
D,DISPATCH,UNIT_SCADA,1,"2019/08/20 04:50:00",KAREEYA2,21.8075
D,DISPATCH,UNIT_SCADA,1,"2019/08/20 04:50:00",KAREEYA3,0
D,DISPATCH,UNIT_SCADA,1,"2019/08/20 04:50:00",KAREEYA4,21.7350
D,DISPATCH,UNIT_SCADA,1,"2019/08/20 04:50:00",KARSF1,0
D,DISPATCH,UNIT_SCADA,1,"2019/08/20 04:50:00",KIATAWF1,30.10
D,DISPATCH,UNIT_SCADA,1,"2019/08/20 04:50:00",KPP_1,0
D,DISPATCH,UNIT_SCADA,1,"2019/08/20 04:50:00",KSP1,0
D,DISPATCH,UNIT_SCADA,1,"2019/08/20 04:50:00",LADBROK1,0
D,DISPATCH,UNIT_SCADA,1,"2019/08/20 04:50:00",LADBROK2,0
D,DISPATCH,UNIT_SCADA,1,"2019/08/20 04:50:00",LD01,359.493710
D,DISPATCH,UNIT_SCADA,1,"2019/08/20 04:50:00",LD02,351.468780
D,DISPATCH,UNIT_SCADA,1,"2019/08/20 04:50:00",LD03,354.206270
D,DISPATCH,UNIT_SCADA,1,"2019/08/20 04:50:00",LD04,356.343720
D,DISPATCH,UNIT_SCADA,1,"2019/08/20 04:50:00",LEM_WIL,85.3182
D,DISPATCH,UNIT_SCADA,1,"2019/08/20 04:50:00",LGAPWF1,15.16
D,DISPATCH,UNIT_SCADA,1,"2019/08/20 04:50:00",LILYSF1,0
D,DISPATCH,UNIT_SCADA,1,"2019/08/20 04:50:00",LI_WY_CA,147.881520
D,DISPATCH,UNIT_SCADA,1,"2019/08/20 04:50:00",LKBONNY2,138.160460
D,DISPATCH,UNIT_SCADA,1,"2019/08/20 04:50:00",LKBONNY3,36.563420
D,DISPATCH,UNIT_SCADA,1,"2019/08/20 04:50:00",LK_ECHO,0
D,DISPATCH,UNIT_SCADA,1,"2019/08/20 04:50:00",LNGS1,0
D,DISPATCH,UNIT_SCADA,1,"2019/08/20 04:50:00",LNGS2,0
D,DISPATCH,UNIT_SCADA,1,"2019/08/20 04:50:00",LONSDALE,0
D,DISPATCH,UNIT_SCADA,1,"2019/08/20 04:50:00",LOYYB1,535.712650
D,DISPATCH,UNIT_SCADA,1,"2019/08/20 04:50:00",LOYYB2,581.954410
D,DISPATCH,UNIT_SCADA,1,"2019/08/20 04:50:00",LYA1,560
D,DISPATCH,UNIT_SCADA,1,"2019/08/20 04:50:00",LYA2,0
D,DISPATCH,UNIT_SCADA,1,"2019/08/20 04:50:00",LYA3,557
D,DISPATCH,UNIT_SCADA,1,"2019/08/20 04:50:00",LYA4,540
D,DISPATCH,UNIT_SCADA,1,"2019/08/20 04:50:00",MACARTH1,315.792690
D,DISPATCH,UNIT_SCADA,1,"2019/08/20 04:50:00",MACKAYGT,0
D,DISPATCH,UNIT_SCADA,1,"2019/08/20 04:50:00",MACKNTSH,85.420010
D,DISPATCH,UNIT_SCADA,1,"2019/08/20 04:50:00",MANSLR1,0
D,DISPATCH,UNIT_SCADA,1,"2019/08/20 04:50:00",MCKAY1,0.02
D,DISPATCH,UNIT_SCADA,1,"2019/08/20 04:50:00",MEADOWBK,33.981620
D,DISPATCH,UNIT_SCADA,1,"2019/08/20 04:50:00",MERCER01,125.9660
D,DISPATCH,UNIT_SCADA,1,"2019/08/20 04:50:00",MEWF1,31.763450
D,DISPATCH,UNIT_SCADA,1,"2019/08/20 04:50:00",MINTARO,0
D,DISPATCH,UNIT_SCADA,1,"2019/08/20 04:50:00",MOREESF1,0
D,DISPATCH,UNIT_SCADA,1,"2019/08/20 04:50:00",MORTLK11,123
D,DISPATCH,UNIT_SCADA,1,"2019/08/20 04:50:00",MORTLK12,0
D,DISPATCH,UNIT_SCADA,1,"2019/08/20 04:50:00",MP1,283.775020
D,DISPATCH,UNIT_SCADA,1,"2019/08/20 04:50:00",MP2,0
D,DISPATCH,UNIT_SCADA,1,"2019/08/20 04:50:00",MPP_1,427.75
D,DISPATCH,UNIT_SCADA,1,"2019/08/20 04:50:00",MPP_2,434.25
D,DISPATCH,UNIT_SCADA,1,"2019/08/20 04:50:00",MSTUART1,0
D,DISPATCH,UNIT_SCADA,1,"2019/08/20 04:50:00",MSTUART2,0
D,DISPATCH,UNIT_SCADA,1,"2019/08/20 04:50:00",MSTUART3,0
D,DISPATCH,UNIT_SCADA,1,"2019/08/20 04:50:00",MTGELWF1,64.334540
D,DISPATCH,UNIT_SCADA,1,"2019/08/20 04:50:00",MURRAY,0
D,DISPATCH,UNIT_SCADA,1,"2019/08/20 04:50:00",MUSSELR1,151
D,DISPATCH,UNIT_SCADA,1,"2019/08/20 04:50:00",MUWAWF1,37.75
D,DISPATCH,UNIT_SCADA,1,"2019/08/20 04:50:00",NBHWF1,65.80
D,DISPATCH,UNIT_SCADA,1,"2019/08/20 04:50:00",NPS,0
D,DISPATCH,UNIT_SCADA,1,"2019/08/20 04:50:00",NUMURSF1,0
D,DISPATCH,UNIT_SCADA,1,"2019/08/20 04:50:00",NYNGAN1,0
D,DISPATCH,UNIT_SCADA,1,"2019/08/20 04:50:00",OAKEY1,0
D,DISPATCH,UNIT_SCADA,1,"2019/08/20 04:50:00",OAKEY1SF,0
D,DISPATCH,UNIT_SCADA,1,"2019/08/20 04:50:00",OAKEY2,0
D,DISPATCH,UNIT_SCADA,1,"2019/08/20 04:50:00",OAKLAND1,60.80
D,DISPATCH,UNIT_SCADA,1,"2019/08/20 04:50:00",OSB-AG,141.25
D,DISPATCH,UNIT_SCADA,1,"2019/08/20 04:50:00",PARSF1,0
D,DISPATCH,UNIT_SCADA,1,"2019/08/20 04:50:00",POAT110,0
D,DISPATCH,UNIT_SCADA,1,"2019/08/20 04:50:00",POAT220,10.87
D,DISPATCH,UNIT_SCADA,1,"2019/08/20 04:50:00",POR01,0
D,DISPATCH,UNIT_SCADA,1,"2019/08/20 04:50:00",POR03,0
D,DISPATCH,UNIT_SCADA,1,"2019/08/20 04:50:00",PPCCGT,0
D,DISPATCH,UNIT_SCADA,1,"2019/08/20 04:50:00",PTSTAN1,0
D,DISPATCH,UNIT_SCADA,1,"2019/08/20 04:50:00",PUMP1,0
D,DISPATCH,UNIT_SCADA,1,"2019/08/20 04:50:00",PUMP2,0
D,DISPATCH,UNIT_SCADA,1,"2019/08/20 04:50:00",QPS1,0
D,DISPATCH,UNIT_SCADA,1,"2019/08/20 04:50:00",QPS2,0
D,DISPATCH,UNIT_SCADA,1,"2019/08/20 04:50:00",QPS3,0
D,DISPATCH,UNIT_SCADA,1,"2019/08/20 04:50:00",QPS4,0
D,DISPATCH,UNIT_SCADA,1,"2019/08/20 04:50:00",QPS5,0
D,DISPATCH,UNIT_SCADA,1,"2019/08/20 04:50:00",REECE1,114.660010
D,DISPATCH,UNIT_SCADA,1,"2019/08/20 04:50:00",REECE2,115.040010
D,DISPATCH,UNIT_SCADA,1,"2019/08/20 04:50:00",ROMA_7,0
D,DISPATCH,UNIT_SCADA,1,"2019/08/20 04:50:00",ROMA_8,0
D,DISPATCH,UNIT_SCADA,1,"2019/08/20 04:50:00",RRSF1,0
D,DISPATCH,UNIT_SCADA,1,"2019/08/20 04:50:00",RT_NSW1,0
D,DISPATCH,UNIT_SCADA,1,"2019/08/20 04:50:00",RT_NSW2,0
D,DISPATCH,UNIT_SCADA,1,"2019/08/20 04:50:00",RT_NSW3,0
D,DISPATCH,UNIT_SCADA,1,"2019/08/20 04:50:00",RT_NSW4,0
D,DISPATCH,UNIT_SCADA,1,"2019/08/20 04:50:00",RT_NSW5,0
D,DISPATCH,UNIT_SCADA,1,"2019/08/20 04:50:00",RT_NSW6,0
D,DISPATCH,UNIT_SCADA,1,"2019/08/20 04:50:00",RT_QLD1,0
D,DISPATCH,UNIT_SCADA,1,"2019/08/20 04:50:00",RT_SA1,0
D,DISPATCH,UNIT_SCADA,1,"2019/08/20 04:50:00",RT_SA2,0
D,DISPATCH,UNIT_SCADA,1,"2019/08/20 04:50:00",RT_SA3,0
D,DISPATCH,UNIT_SCADA,1,"2019/08/20 04:50:00",RT_SA4,0
D,DISPATCH,UNIT_SCADA,1,"2019/08/20 04:50:00",RT_SA5,0
D,DISPATCH,UNIT_SCADA,1,"2019/08/20 04:50:00",RT_SA6,0
D,DISPATCH,UNIT_SCADA,1,"2019/08/20 04:50:00",RT_TAS1,0
D,DISPATCH,UNIT_SCADA,1,"2019/08/20 04:50:00",RT_VIC1,0
D,DISPATCH,UNIT_SCADA,1,"2019/08/20 04:50:00",RT_VIC10,0
D,DISPATCH,UNIT_SCADA,1,"2019/08/20 04:50:00",RT_VIC11,0
D,DISPATCH,UNIT_SCADA,1,"2019/08/20 04:50:00",RT_VIC12,0
D,DISPATCH,UNIT_SCADA,1,"2019/08/20 04:50:00",RT_VIC2,0
D,DISPATCH,UNIT_SCADA,1,"2019/08/20 04:50:00",RT_VIC3,0
D,DISPATCH,UNIT_SCADA,1,"2019/08/20 04:50:00",RT_VIC4,0
D,DISPATCH,UNIT_SCADA,1,"2019/08/20 04:50:00",RT_VIC5,0
D,DISPATCH,UNIT_SCADA,1,"2019/08/20 04:50:00",RT_VIC6,0
D,DISPATCH,UNIT_SCADA,1,"2019/08/20 04:50:00",RT_VIC7,0
D,DISPATCH,UNIT_SCADA,1,"2019/08/20 04:50:00",RT_VIC8,0
D,DISPATCH,UNIT_SCADA,1,"2019/08/20 04:50:00",RT_VIC9,0
D,DISPATCH,UNIT_SCADA,1,"2019/08/20 04:50:00",RUGBYR1,0
D,DISPATCH,UNIT_SCADA,1,"2019/08/20 04:50:00",SALTCRK1,51.07
D,DISPATCH,UNIT_SCADA,1,"2019/08/20 04:50:00",SAPHWF1,156.403110
D,DISPATCH,UNIT_SCADA,1,"2019/08/20 04:50:00",SHGEN,0
D,DISPATCH,UNIT_SCADA,1,"2019/08/20 04:50:00",SHPUMP,0
D,DISPATCH,UNIT_SCADA,1,"2019/08/20 04:50:00",SITHE01,0.1840
D,DISPATCH,UNIT_SCADA,1,"2019/08/20 04:50:00",SMCSF1,0
D,DISPATCH,UNIT_SCADA,1,"2019/08/20 04:50:00",SNOWNTH1,19.20
D,DISPATCH,UNIT_SCADA,1,"2019/08/20 04:50:00",SNOWSTH1,59.70
D,DISPATCH,UNIT_SCADA,1,"2019/08/20 04:50:00",SNOWTWN1,28.763750
D,DISPATCH,UNIT_SCADA,1,"2019/08/20 04:50:00",SNOWYP,378.799990
D,DISPATCH,UNIT_SCADA,1,"2019/08/20 04:50:00",SNUG1,0.019440
D,DISPATCH,UNIT_SCADA,1,"2019/08/20 04:50:00",SRSF1,0
D,DISPATCH,UNIT_SCADA,1,"2019/08/20 04:50:00",STAN-1,0
D,DISPATCH,UNIT_SCADA,1,"2019/08/20 04:50:00",STAN-2,184.255870
D,DISPATCH,UNIT_SCADA,1,"2019/08/20 04:50:00",STAN-3,222.311920
D,DISPATCH,UNIT_SCADA,1,"2019/08/20 04:50:00",STAN-4,188.114030
D,DISPATCH,UNIT_SCADA,1,"2019/08/20 04:50:00",STWF1,133.458760
D,DISPATCH,UNIT_SCADA,1,"2019/08/20 04:50:00",SWAN_E,0
D,DISPATCH,UNIT_SCADA,1,"2019/08/20 04:50:00",TALWA1,191
D,DISPATCH,UNIT_SCADA,1,"2019/08/20 04:50:00",TARALGA1,102.802510
D,DISPATCH,UNIT_SCADA,1,"2019/08/20 04:50:00",TARONG#1,232
D,DISPATCH,UNIT_SCADA,1,"2019/08/20 04:50:00",TARONG#2,230.70
D,DISPATCH,UNIT_SCADA,1,"2019/08/20 04:50:00",TARONG#3,179.50
D,DISPATCH,UNIT_SCADA,1,"2019/08/20 04:50:00",TARONG#4,224.900010
D,DISPATCH,UNIT_SCADA,1,"2019/08/20 04:50:00",TARRALEA,79.20
D,DISPATCH,UNIT_SCADA,1,"2019/08/20 04:50:00",TBSF1,-0.20
D,DISPATCH,UNIT_SCADA,1,"2019/08/20 04:50:00",TNPS1,299.50
D,DISPATCH,UNIT_SCADA,1,"2019/08/20 04:50:00",TORRA1,37.590260
D,DISPATCH,UNIT_SCADA,1,"2019/08/20 04:50:00",TORRA2,0
D,DISPATCH,UNIT_SCADA,1,"2019/08/20 04:50:00",TORRA3,39.8275
D,DISPATCH,UNIT_SCADA,1,"2019/08/20 04:50:00",TORRA4,0
D,DISPATCH,UNIT_SCADA,1,"2019/08/20 04:50:00",TORRB1,41.21
D,DISPATCH,UNIT_SCADA,1,"2019/08/20 04:50:00",TORRB2,40.24
D,DISPATCH,UNIT_SCADA,1,"2019/08/20 04:50:00",TORRB3,0
D,DISPATCH,UNIT_SCADA,1,"2019/08/20 04:50:00",TORRB4,0
D,DISPATCH,UNIT_SCADA,1,"2019/08/20 04:50:00",TREVALLN,1.20
D,DISPATCH,UNIT_SCADA,1,"2019/08/20 04:50:00",TRIBUTE,85.16
D,DISPATCH,UNIT_SCADA,1,"2019/08/20 04:50:00",TUMUT3,0
D,DISPATCH,UNIT_SCADA,1,"2019/08/20 04:50:00",TUNGATIN,17.20
D,DISPATCH,UNIT_SCADA,1,"2019/08/20 04:50:00",TVCC201,0
D,DISPATCH,UNIT_SCADA,1,"2019/08/20 04:50:00",TVPP104,0
D,DISPATCH,UNIT_SCADA,1,"2019/08/20 04:50:00",UPPTUMUT,0
D,DISPATCH,UNIT_SCADA,1,"2019/08/20 04:50:00",URANQ11,0
D,DISPATCH,UNIT_SCADA,1,"2019/08/20 04:50:00",URANQ12,0
D,DISPATCH,UNIT_SCADA,1,"2019/08/20 04:50:00",URANQ13,0
D,DISPATCH,UNIT_SCADA,1,"2019/08/20 04:50:00",URANQ14,0
D,DISPATCH,UNIT_SCADA,1,"2019/08/20 04:50:00",VP5,332.075010
D,DISPATCH,UNIT_SCADA,1,"2019/08/20 04:50:00",VP6,329.1250
D,DISPATCH,UNIT_SCADA,1,"2019/08/20 04:50:00",VPGS1,0
D,DISPATCH,UNIT_SCADA,1,"2019/08/20 04:50:00",VPGS2,0
D,DISPATCH,UNIT_SCADA,1,"2019/08/20 04:50:00",VPGS3,0
D,DISPATCH,UNIT_SCADA,1,"2019/08/20 04:50:00",VPGS4,0
D,DISPATCH,UNIT_SCADA,1,"2019/08/20 04:50:00",VPGS5,0
D,DISPATCH,UNIT_SCADA,1,"2019/08/20 04:50:00",VPGS6,0
D,DISPATCH,UNIT_SCADA,1,"2019/08/20 04:50:00",W/HOE#1,0
D,DISPATCH,UNIT_SCADA,1,"2019/08/20 04:50:00",W/HOE#2,0
D,DISPATCH,UNIT_SCADA,1,"2019/08/20 04:50:00",WATERLWF,92.60
D,DISPATCH,UNIT_SCADA,1,"2019/08/20 04:50:00",WEMENSF1,0
D,DISPATCH,UNIT_SCADA,1,"2019/08/20 04:50:00",WGWF1,73.90
D,DISPATCH,UNIT_SCADA,1,"2019/08/20 04:50:00",WHITSF1,0
D,DISPATCH,UNIT_SCADA,1,"2019/08/20 04:50:00",WKIEWA1,29.90
D,DISPATCH,UNIT_SCADA,1,"2019/08/20 04:50:00",WKIEWA2,17.10
D,DISPATCH,UNIT_SCADA,1,"2019/08/20 04:50:00",WOODLWN1,45.107990
D,DISPATCH,UNIT_SCADA,1,"2019/08/20 04:50:00",WRSF1,0
D,DISPATCH,UNIT_SCADA,1,"2019/08/20 04:50:00",WRWF1,60.502490
D,DISPATCH,UNIT_SCADA,1,"2019/08/20 04:50:00",YABULU,0
D,DISPATCH,UNIT_SCADA,1,"2019/08/20 04:50:00",YABULU2,0
D,DISPATCH,UNIT_SCADA,1,"2019/08/20 04:50:00",YARWUN_1,0
D,DISPATCH,UNIT_SCADA,1,"2019/08/20 04:50:00",YENDWF1,41.85
D,DISPATCH,UNIT_SCADA,1,"2019/08/20 04:50:00",YWPS1,359.397460
D,DISPATCH,UNIT_SCADA,1,"2019/08/20 04:50:00",YWPS2,282.7038
D,DISPATCH,UNIT_SCADA,1,"2019/08/20 04:50:00",YWPS3,0
D,DISPATCH,UNIT_SCADA,1,"2019/08/20 04:50:00",YWPS4,367.856960
C,"END OF REPORT",334
