C,NEMP.WORLD,DISPATCHSCADA,AEMO,PUBLIC,2019/09/04,19:55:07,0000000312395270,DISPATCHSCADA,0000000312395264
I,DISPATCH,UNIT_SCADA,1,SETTLEMENTDATE,DUID,SCADAVALUE
D,DISPATCH,UNIT_SCADA,1,"2019/09/04 20:00:00",BARCSF1,0
D,DISPATCH,UNIT_SCADA,1,"2019/09/04 20:00:00",BUTLERSG,10.199999
D,DISPATCH,UNIT_SCADA,1,"2019/09/04 20:00:00",CALL_A_4,0
D,DISPATCH,UNIT_SCADA,1,"2019/09/04 20:00:00",CAPTL_WF,76.019997
D,DISPATCH,UNIT_SCADA,1,"2019/09/04 20:00:00",CATHROCK,0
D,DISPATCH,UNIT_SCADA,1,"2019/09/04 20:00:00",CHALLHWF,0
D,DISPATCH,UNIT_SCADA,1,"2019/09/04 20:00:00",CLOVER,-0.01
D,DISPATCH,UNIT_SCADA,1,"2019/09/04 20:00:00",CLUNY,12.115816
D,DISPATCH,UNIT_SCADA,1,"2019/09/04 20:00:00",CNUNDAWF,0
D,DISPATCH,UNIT_SCADA,1,"2019/09/04 20:00:00",CULLRGWF,21.18
D,DISPATCH,UNIT_SCADA,1,"2019/09/04 20:00:00",ERGT01,0
D,DISPATCH,UNIT_SCADA,1,"2019/09/04 20:00:00",GB01,0.014633
D,DISPATCH,UNIT_SCADA,1,"2019/09/04 20:00:00",GERMCRK,39.599998
D,DISPATCH,UNIT_SCADA,1,"2019/09/04 20:00:00",GRIFSF1,0
D,DISPATCH,UNIT_SCADA,1,"2019/09/04 20:00:00",HUGSF1,-0.1750
D,DISPATCH,UNIT_SCADA,1,"2019/09/04 20:00:00",LKBONNY1,-0.449338
D,DISPATCH,UNIT_SCADA,1,"2019/09/04 20:00:00",LRSF1,-0.03
D,DISPATCH,UNIT_SCADA,1,"2019/09/04 20:00:00",MBAHNTH,27.112495
D,DISPATCH,UNIT_SCADA,1,"2019/09/04 20:00:00",MLSP1,0.366001
D,DISPATCH,UNIT_SCADA,1,"2019/09/04 20:00:00",MLWF1,-0.03
D,DISPATCH,UNIT_SCADA,1,"2019/09/04 20:00:00",MTMILLAR,8.646804
D,DISPATCH,UNIT_SCADA,1,"2019/09/04 20:00:00",PALOONA,23.969999
D,DISPATCH,UNIT_SCADA,1,"2019/09/04 20:00:00",PIONEER,44
D,DISPATCH,UNIT_SCADA,1,"2019/09/04 20:00:00",PORTWF,-0.40
D,DISPATCH,UNIT_SCADA,1,"2019/09/04 20:00:00",REPULSE,19.875181
D,DISPATCH,UNIT_SCADA,1,"2019/09/04 20:00:00",ROWALLAN,10.4086
D,DISPATCH,UNIT_SCADA,1,"2019/09/04 20:00:00",ROYALLA1,0
D,DISPATCH,UNIT_SCADA,1,"2019/09/04 20:00:00",RPCG,-1.80
D,DISPATCH,UNIT_SCADA,1,"2019/09/04 20:00:00",RUBICON,0
D,DISPATCH,UNIT_SCADA,1,"2019/09/04 20:00:00",SATGN1,0
D,DISPATCH,UNIT_SCADA,1,"2019/09/04 20:00:00",SATGS1,0
D,DISPATCH,UNIT_SCADA,1,"2019/09/04 20:00:00",STARHLWF,-0.099971
D,DISPATCH,UNIT_SCADA,1,"2019/09/04 20:00:00",WAUBRAWF,0.0550
D,DISPATCH,UNIT_SCADA,1,"2019/09/04 20:00:00",WOOLNTH1,29.490017
D,DISPATCH,UNIT_SCADA,1,"2019/09/04 20:00:00",WPWF,0
D,DISPATCH,UNIT_SCADA,1,"2019/09/04 20:00:00",YAMBUKWF,-0.20
D,DISPATCH,UNIT_SCADA,1,"2019/09/04 20:00:00",YSWF1,0
D,DISPATCH,UNIT_SCADA,1,"2019/09/04 20:00:00",AGLHAL,181.951350
D,DISPATCH,UNIT_SCADA,1,"2019/09/04 20:00:00",AGLSOM,120.10
D,DISPATCH,UNIT_SCADA,1,"2019/09/04 20:00:00",ANGAST1,0
D,DISPATCH,UNIT_SCADA,1,"2019/09/04 20:00:00",ARWF1,35.40
D,DISPATCH,UNIT_SCADA,1,"2019/09/04 20:00:00",BALBG1,23.10
D,DISPATCH,UNIT_SCADA,1,"2019/09/04 20:00:00",BALBL1,0
D,DISPATCH,UNIT_SCADA,1,"2019/09/04 20:00:00",BALDHWF1,7.2840
D,DISPATCH,UNIT_SCADA,1,"2019/09/04 20:00:00",BANN1,0
D,DISPATCH,UNIT_SCADA,1,"2019/09/04 20:00:00",BARCALDN,0
D,DISPATCH,UNIT_SCADA,1,"2019/09/04 20:00:00",BARRON-1,34.12
D,DISPATCH,UNIT_SCADA,1,"2019/09/04 20:00:00",BARRON-2,0
D,DISPATCH,UNIT_SCADA,1,"2019/09/04 20:00:00",BASTYAN,80.930010
D,DISPATCH,UNIT_SCADA,1,"2019/09/04 20:00:00",BBTHREE1,0
D,DISPATCH,UNIT_SCADA,1,"2019/09/04 20:00:00",BBTHREE2,0
D,DISPATCH,UNIT_SCADA,1,"2019/09/04 20:00:00",BBTHREE3,0
D,DISPATCH,UNIT_SCADA,1,"2019/09/04 20:00:00",BDL01,43.80
D,DISPATCH,UNIT_SCADA,1,"2019/09/04 20:00:00",BDL02,44.10
D,DISPATCH,UNIT_SCADA,1,"2019/09/04 20:00:00",BERYLSF1,0
D,DISPATCH,UNIT_SCADA,1,"2019/09/04 20:00:00",BLOWERNG,11.10
D,DISPATCH,UNIT_SCADA,1,"2019/09/04 20:00:00",BLUFF1,7.90
D,DISPATCH,UNIT_SCADA,1,"2019/09/04 20:00:00",BNGSF1,0
D,DISPATCH,UNIT_SCADA,1,"2019/09/04 20:00:00",BNGSF2,0
D,DISPATCH,UNIT_SCADA,1,"2019/09/04 20:00:00",BOCORWF1,37.15
D,DISPATCH,UNIT_SCADA,1,"2019/09/04 20:00:00",BODWF1,57.939260
D,DISPATCH,UNIT_SCADA,1,"2019/09/04 20:00:00",BRAEMAR1,162.400010
D,DISPATCH,UNIT_SCADA,1,"2019/09/04 20:00:00",BRAEMAR2,0
D,DISPATCH,UNIT_SCADA,1,"2019/09/04 20:00:00",BRAEMAR3,173.400010
D,DISPATCH,UNIT_SCADA,1,"2019/09/04 20:00:00",BRAEMAR5,159.685780
D,DISPATCH,UNIT_SCADA,1,"2019/09/04 20:00:00",BRAEMAR6,0
D,DISPATCH,UNIT_SCADA,1,"2019/09/04 20:00:00",BRAEMAR7,0
D,DISPATCH,UNIT_SCADA,1,"2019/09/04 20:00:00",BROKENH1,0
D,DISPATCH,UNIT_SCADA,1,"2019/09/04 20:00:00",BW01,653.400020
D,DISPATCH,UNIT_SCADA,1,"2019/09/04 20:00:00",BW02,648.700070
D,DISPATCH,UNIT_SCADA,1,"2019/09/04 20:00:00",BW03,618.325070
D,DISPATCH,UNIT_SCADA,1,"2019/09/04 20:00:00",BW04,0
D,DISPATCH,UNIT_SCADA,1,"2019/09/04 20:00:00",CALL_B_1,350.100010
D,DISPATCH,UNIT_SCADA,1,"2019/09/04 20:00:00",CALL_B_2,283.50
D,DISPATCH,UNIT_SCADA,1,"2019/09/04 20:00:00",CETHANA,80.102250
D,DISPATCH,UNIT_SCADA,1,"2019/09/04 20:00:00",CG1,0
D,DISPATCH,UNIT_SCADA,1,"2019/09/04 20:00:00",CG2,0
D,DISPATCH,UNIT_SCADA,1,"2019/09/04 20:00:00",CG3,0
D,DISPATCH,UNIT_SCADA,1,"2019/09/04 20:00:00",CG4,0
D,DISPATCH,UNIT_SCADA,1,"2019/09/04 20:00:00",CHILDSF1,0
D,DISPATCH,UNIT_SCADA,1,"2019/09/04 20:00:00",CLARESF1,0
D,DISPATCH,UNIT_SCADA,1,"2019/09/04 20:00:00",CLEMGPWF,24.2758
D,DISPATCH,UNIT_SCADA,1,"2019/09/04 20:00:00",CLERMSF1,0
D,DISPATCH,UNIT_SCADA,1,"2019/09/04 20:00:00",COLEASF1,0
D,DISPATCH,UNIT_SCADA,1,"2019/09/04 20:00:00",COOPGWF1,29.094120
D,DISPATCH,UNIT_SCADA,1,"2019/09/04 20:00:00",CPP_3,319.550020
D,DISPATCH,UNIT_SCADA,1,"2019/09/04 20:00:00",CPP_4,406.175020
D,DISPATCH,UNIT_SCADA,1,"2019/09/04 20:00:00",CPSA,142.254380
D,DISPATCH,UNIT_SCADA,1,"2019/09/04 20:00:00",CROOKWF2,69.553740
D,DISPATCH,UNIT_SCADA,1,"2019/09/04 20:00:00",CROWLWF1,12.545020
D,DISPATCH,UNIT_SCADA,1,"2019/09/04 20:00:00",CSPVPS1,0
D,DISPATCH,UNIT_SCADA,1,"2019/09/04 20:00:00",DALNTH01,0
D,DISPATCH,UNIT_SCADA,1,"2019/09/04 20:00:00",DALNTHL1,0.093080
D,DISPATCH,UNIT_SCADA,1,"2019/09/04 20:00:00",DARTM1,133.600010
D,DISPATCH,UNIT_SCADA,1,"2019/09/04 20:00:00",DAYDSF1,0
D,DISPATCH,UNIT_SCADA,1,"2019/09/04 20:00:00",DDPS1,603.180660
D,DISPATCH,UNIT_SCADA,1,"2019/09/04 20:00:00",DDSF1,0
D,DISPATCH,UNIT_SCADA,1,"2019/09/04 20:00:00",DEVILS_G,56.766870
D,DISPATCH,UNIT_SCADA,1,"2019/09/04 20:00:00",DG_NSW1,0
D,DISPATCH,UNIT_SCADA,1,"2019/09/04 20:00:00",DG_QLD1,0
D,DISPATCH,UNIT_SCADA,1,"2019/09/04 20:00:00",DG_SA1,0
D,DISPATCH,UNIT_SCADA,1,"2019/09/04 20:00:00",DG_TAS1,0
D,DISPATCH,UNIT_SCADA,1,"2019/09/04 20:00:00",DG_VIC1,0
D,DISPATCH,UNIT_SCADA,1,"2019/09/04 20:00:00",DRYCGT1,0
D,DISPATCH,UNIT_SCADA,1,"2019/09/04 20:00:00",DRYCGT2,0
D,DISPATCH,UNIT_SCADA,1,"2019/09/04 20:00:00",DRYCGT3,0
D,DISPATCH,UNIT_SCADA,1,"2019/09/04 20:00:00",EILDON1,0
D,DISPATCH,UNIT_SCADA,1,"2019/09/04 20:00:00",EILDON2,0
D,DISPATCH,UNIT_SCADA,1,"2019/09/04 20:00:00",EMERASF1,0
D,DISPATCH,UNIT_SCADA,1,"2019/09/04 20:00:00",ER01,584.025020
D,DISPATCH,UNIT_SCADA,1,"2019/09/04 20:00:00",ER02,690
D,DISPATCH,UNIT_SCADA,1,"2019/09/04 20:00:00",ER03,0
D,DISPATCH,UNIT_SCADA,1,"2019/09/04 20:00:00",ER04,690.425050
D,DISPATCH,UNIT_SCADA,1,"2019/09/04 20:00:00",FINLYSF1,0
D,DISPATCH,UNIT_SCADA,1,"2019/09/04 20:00:00",FISHER,45.86
D,DISPATCH,UNIT_SCADA,1,"2019/09/04 20:00:00",GANNBG1,14.934710
D,DISPATCH,UNIT_SCADA,1,"2019/09/04 20:00:00",GANNBL1,0
D,DISPATCH,UNIT_SCADA,1,"2019/09/04 20:00:00",GANNSF1,0
D,DISPATCH,UNIT_SCADA,1,"2019/09/04 20:00:00",GORDON,20.441680
D,DISPATCH,UNIT_SCADA,1,"2019/09/04 20:00:00",GSTONE1,233.6250
D,DISPATCH,UNIT_SCADA,1,"2019/09/04 20:00:00",GSTONE2,223.649990
D,DISPATCH,UNIT_SCADA,1,"2019/09/04 20:00:00",GSTONE3,0
D,DISPATCH,UNIT_SCADA,1,"2019/09/04 20:00:00",GSTONE4,259
D,DISPATCH,UNIT_SCADA,1,"2019/09/04 20:00:00",GSTONE5,236.95
D,DISPATCH,UNIT_SCADA,1,"2019/09/04 20:00:00",GSTONE6,232.224990
D,DISPATCH,UNIT_SCADA,1,"2019/09/04 20:00:00",GULLRSF1,0
D,DISPATCH,UNIT_SCADA,1,"2019/09/04 20:00:00",GULLRWF1,112.431820
D,DISPATCH,UNIT_SCADA,1,"2019/09/04 20:00:00",GUNNING1,25.784110
D,DISPATCH,UNIT_SCADA,1,"2019/09/04 20:00:00",GUTHEGA,31
D,DISPATCH,UNIT_SCADA,1,"2019/09/04 20:00:00",HALLWF1,17.77
D,DISPATCH,UNIT_SCADA,1,"2019/09/04 20:00:00",HALLWF2,4.38
D,DISPATCH,UNIT_SCADA,1,"2019/09/04 20:00:00",HAMISF1,0
D,DISPATCH,UNIT_SCADA,1,"2019/09/04 20:00:00",HAUGHT11,0
D,DISPATCH,UNIT_SCADA,1,"2019/09/04 20:00:00",HAYMSF1,0
D,DISPATCH,UNIT_SCADA,1,"2019/09/04 20:00:00",HDWF1,49.30
D,DISPATCH,UNIT_SCADA,1,"2019/09/04 20:00:00",HDWF2,50.70
D,DISPATCH,UNIT_SCADA,1,"2019/09/04 20:00:00",HDWF3,69.60
D,DISPATCH,UNIT_SCADA,1,"2019/09/04 20:00:00",HPRG1,10.50
D,DISPATCH,UNIT_SCADA,1,"2019/09/04 20:00:00",HPRL1,0
D,DISPATCH,UNIT_SCADA,1,"2019/09/04 20:00:00",HUMENSW,0
D,DISPATCH,UNIT_SCADA,1,"2019/09/04 20:00:00",HUMEV,25.70
D,DISPATCH,UNIT_SCADA,1,"2019/09/04 20:00:00",HVGTS,0
D,DISPATCH,UNIT_SCADA,1,"2019/09/04 20:00:00",JBUTTERS,108.829990
D,DISPATCH,UNIT_SCADA,1,"2019/09/04 20:00:00",JLA01,51.80
D,DISPATCH,UNIT_SCADA,1,"2019/09/04 20:00:00",JLA02,53.70
D,DISPATCH,UNIT_SCADA,1,"2019/09/04 20:00:00",JLA03,0
D,DISPATCH,UNIT_SCADA,1,"2019/09/04 20:00:00",JLA04,0
D,DISPATCH,UNIT_SCADA,1,"2019/09/04 20:00:00",JLB01,0
D,DISPATCH,UNIT_SCADA,1,"2019/09/04 20:00:00",JLB02,83.90
D,DISPATCH,UNIT_SCADA,1,"2019/09/04 20:00:00",JLB03,83.40
D,DISPATCH,UNIT_SCADA,1,"2019/09/04 20:00:00",KAREEYA1,21.5175
D,DISPATCH,UNIT_SCADA,1,"2019/09/04 20:00:00",KAREEYA2,21.6750
D,DISPATCH,UNIT_SCADA,1,"2019/09/04 20:00:00",KAREEYA3,0
D,DISPATCH,UNIT_SCADA,1,"2019/09/04 20:00:00",KAREEYA4,21.54
D,DISPATCH,UNIT_SCADA,1,"2019/09/04 20:00:00",KARSF1,0
D,DISPATCH,UNIT_SCADA,1,"2019/09/04 20:00:00",KIATAWF1,-0.30
D,DISPATCH,UNIT_SCADA,1,"2019/09/04 20:00:00",KPP_1,0
D,DISPATCH,UNIT_SCADA,1,"2019/09/04 20:00:00",KSP1,0
D,DISPATCH,UNIT_SCADA,1,"2019/09/04 20:00:00",LADBROK1,41.77
D,DISPATCH,UNIT_SCADA,1,"2019/09/04 20:00:00",LADBROK2,42.42
D,DISPATCH,UNIT_SCADA,1,"2019/09/04 20:00:00",LD01,418.368710
D,DISPATCH,UNIT_SCADA,1,"2019/09/04 20:00:00",LD02,398.925020
D,DISPATCH,UNIT_SCADA,1,"2019/09/04 20:00:00",LD03,421.893770
D,DISPATCH,UNIT_SCADA,1,"2019/09/04 20:00:00",LD04,374.3063
D,DISPATCH,UNIT_SCADA,1,"2019/09/04 20:00:00",LEM_WIL,82.4369
D,DISPATCH,UNIT_SCADA,1,"2019/09/04 20:00:00",LGAPWF1,24.71
D,DISPATCH,UNIT_SCADA,1,"2019/09/04 20:00:00",LILYSF1,0
D,DISPATCH,UNIT_SCADA,1,"2019/09/04 20:00:00",LI_WY_CA,164.073620
D,DISPATCH,UNIT_SCADA,1,"2019/09/04 20:00:00",LKBONNY2,-1.0206
D,DISPATCH,UNIT_SCADA,1,"2019/09/04 20:00:00",LKBONNY3,-0.225030
D,DISPATCH,UNIT_SCADA,1,"2019/09/04 20:00:00",LK_ECHO,0
D,DISPATCH,UNIT_SCADA,1,"2019/09/04 20:00:00",LNGS1,0
D,DISPATCH,UNIT_SCADA,1,"2019/09/04 20:00:00",LNGS2,0
D,DISPATCH,UNIT_SCADA,1,"2019/09/04 20:00:00",LONSDALE,0
D,DISPATCH,UNIT_SCADA,1,"2019/09/04 20:00:00",LOYYB1,536.840520
D,DISPATCH,UNIT_SCADA,1,"2019/09/04 20:00:00",LOYYB2,583.082280
D,DISPATCH,UNIT_SCADA,1,"2019/09/04 20:00:00",LYA1,0
D,DISPATCH,UNIT_SCADA,1,"2019/09/04 20:00:00",LYA2,0
D,DISPATCH,UNIT_SCADA,1,"2019/09/04 20:00:00",LYA3,557
D,DISPATCH,UNIT_SCADA,1,"2019/09/04 20:00:00",LYA4,539
D,DISPATCH,UNIT_SCADA,1,"2019/09/04 20:00:00",MACARTH1,0
D,DISPATCH,UNIT_SCADA,1,"2019/09/04 20:00:00",MACKAYGT,0.2240
D,DISPATCH,UNIT_SCADA,1,"2019/09/04 20:00:00",MACKNTSH,89.070010
D,DISPATCH,UNIT_SCADA,1,"2019/09/04 20:00:00",MANSLR1,0
D,DISPATCH,UNIT_SCADA,1,"2019/09/04 20:00:00",MCKAY1,282.010010
D,DISPATCH,UNIT_SCADA,1,"2019/09/04 20:00:00",MEADOWBK,24.8646
D,DISPATCH,UNIT_SCADA,1,"2019/09/04 20:00:00",MERCER01,-0.2740
D,DISPATCH,UNIT_SCADA,1,"2019/09/04 20:00:00",MEWF1,26.221570
D,DISPATCH,UNIT_SCADA,1,"2019/09/04 20:00:00",MINTARO,0
D,DISPATCH,UNIT_SCADA,1,"2019/09/04 20:00:00",MOREESF1,0
D,DISPATCH,UNIT_SCADA,1,"2019/09/04 20:00:00",MORTLK11,259
D,DISPATCH,UNIT_SCADA,1,"2019/09/04 20:00:00",MORTLK12,0
D,DISPATCH,UNIT_SCADA,1,"2019/09/04 20:00:00",MP1,235.299930
D,DISPATCH,UNIT_SCADA,1,"2019/09/04 20:00:00",MP2,0
D,DISPATCH,UNIT_SCADA,1,"2019/09/04 20:00:00",MPP_1,425
D,DISPATCH,UNIT_SCADA,1,"2019/09/04 20:00:00",MPP_2,434.75
D,DISPATCH,UNIT_SCADA,1,"2019/09/04 20:00:00",MSTUART1,0
D,DISPATCH,UNIT_SCADA,1,"2019/09/04 20:00:00",MSTUART2,0
D,DISPATCH,UNIT_SCADA,1,"2019/09/04 20:00:00",MSTUART3,0
D,DISPATCH,UNIT_SCADA,1,"2019/09/04 20:00:00",MTGELWF1,-0.387590
D,DISPATCH,UNIT_SCADA,1,"2019/09/04 20:00:00",MURRAY,898.048340
D,DISPATCH,UNIT_SCADA,1,"2019/09/04 20:00:00",MUSSELR1,163.100010
D,DISPATCH,UNIT_SCADA,1,"2019/09/04 20:00:00",MUWAWF1,-0.04
D,DISPATCH,UNIT_SCADA,1,"2019/09/04 20:00:00",NBHWF1,45.30
D,DISPATCH,UNIT_SCADA,1,"2019/09/04 20:00:00",NPS,302.25
D,DISPATCH,UNIT_SCADA,1,"2019/09/04 20:00:00",NUMURSF1,0
D,DISPATCH,UNIT_SCADA,1,"2019/09/04 20:00:00",NYNGAN1,0
D,DISPATCH,UNIT_SCADA,1,"2019/09/04 20:00:00",OAKEY1,0
D,DISPATCH,UNIT_SCADA,1,"2019/09/04 20:00:00",OAKEY1SF,0
D,DISPATCH,UNIT_SCADA,1,"2019/09/04 20:00:00",OAKEY2,0
D,DISPATCH,UNIT_SCADA,1,"2019/09/04 20:00:00",OAKEY2SF,0
D,DISPATCH,UNIT_SCADA,1,"2019/09/04 20:00:00",OAKLAND1,-0.30
D,DISPATCH,UNIT_SCADA,1,"2019/09/04 20:00:00",OSB-AG,179.039990
D,DISPATCH,UNIT_SCADA,1,"2019/09/04 20:00:00",PARSF1,0
D,DISPATCH,UNIT_SCADA,1,"2019/09/04 20:00:00",POAT110,0
D,DISPATCH,UNIT_SCADA,1,"2019/09/04 20:00:00",POAT220,1.68
D,DISPATCH,UNIT_SCADA,1,"2019/09/04 20:00:00",POR01,0
D,DISPATCH,UNIT_SCADA,1,"2019/09/04 20:00:00",POR03,0
D,DISPATCH,UNIT_SCADA,1,"2019/09/04 20:00:00",PPCCGT,484.944790
D,DISPATCH,UNIT_SCADA,1,"2019/09/04 20:00:00",PTSTAN1,0
D,DISPATCH,UNIT_SCADA,1,"2019/09/04 20:00:00",PUMP1,0
D,DISPATCH,UNIT_SCADA,1,"2019/09/04 20:00:00",PUMP2,0
D,DISPATCH,UNIT_SCADA,1,"2019/09/04 20:00:00",QPS1,29
D,DISPATCH,UNIT_SCADA,1,"2019/09/04 20:00:00",QPS2,23.30
D,DISPATCH,UNIT_SCADA,1,"2019/09/04 20:00:00",QPS3,23
D,DISPATCH,UNIT_SCADA,1,"2019/09/04 20:00:00",QPS4,23.40
D,DISPATCH,UNIT_SCADA,1,"2019/09/04 20:00:00",QPS5,123.56
D,DISPATCH,UNIT_SCADA,1,"2019/09/04 20:00:00",REECE1,102.13
D,DISPATCH,UNIT_SCADA,1,"2019/09/04 20:00:00",REECE2,101.940010
D,DISPATCH,UNIT_SCADA,1,"2019/09/04 20:00:00",ROMA_7,0
D,DISPATCH,UNIT_SCADA,1,"2019/09/04 20:00:00",ROMA_8,0
D,DISPATCH,UNIT_SCADA,1,"2019/09/04 20:00:00",RRSF1,0
D,DISPATCH,UNIT_SCADA,1,"2019/09/04 20:00:00",RT_NSW1,0
D,DISPATCH,UNIT_SCADA,1,"2019/09/04 20:00:00",RT_NSW2,0
D,DISPATCH,UNIT_SCADA,1,"2019/09/04 20:00:00",RT_NSW3,0
D,DISPATCH,UNIT_SCADA,1,"2019/09/04 20:00:00",RT_NSW4,0
D,DISPATCH,UNIT_SCADA,1,"2019/09/04 20:00:00",RT_NSW5,0
D,DISPATCH,UNIT_SCADA,1,"2019/09/04 20:00:00",RT_NSW6,0
D,DISPATCH,UNIT_SCADA,1,"2019/09/04 20:00:00",RT_QLD1,0
D,DISPATCH,UNIT_SCADA,1,"2019/09/04 20:00:00",RT_SA1,0
D,DISPATCH,UNIT_SCADA,1,"2019/09/04 20:00:00",RT_SA2,0
D,DISPATCH,UNIT_SCADA,1,"2019/09/04 20:00:00",RT_SA3,0
D,DISPATCH,UNIT_SCADA,1,"2019/09/04 20:00:00",RT_SA4,0
D,DISPATCH,UNIT_SCADA,1,"2019/09/04 20:00:00",RT_SA5,0
D,DISPATCH,UNIT_SCADA,1,"2019/09/04 20:00:00",RT_SA6,0
D,DISPATCH,UNIT_SCADA,1,"2019/09/04 20:00:00",RT_TAS1,0
D,DISPATCH,UNIT_SCADA,1,"2019/09/04 20:00:00",RT_VIC1,0
D,DISPATCH,UNIT_SCADA,1,"2019/09/04 20:00:00",RT_VIC10,0
D,DISPATCH,UNIT_SCADA,1,"2019/09/04 20:00:00",RT_VIC11,0
D,DISPATCH,UNIT_SCADA,1,"2019/09/04 20:00:00",RT_VIC12,0
D,DISPATCH,UNIT_SCADA,1,"2019/09/04 20:00:00",RT_VIC2,0
D,DISPATCH,UNIT_SCADA,1,"2019/09/04 20:00:00",RT_VIC3,0
D,DISPATCH,UNIT_SCADA,1,"2019/09/04 20:00:00",RT_VIC4,0
D,DISPATCH,UNIT_SCADA,1,"2019/09/04 20:00:00",RT_VIC5,0
D,DISPATCH,UNIT_SCADA,1,"2019/09/04 20:00:00",RT_VIC6,0
D,DISPATCH,UNIT_SCADA,1,"2019/09/04 20:00:00",RT_VIC7,0
D,DISPATCH,UNIT_SCADA,1,"2019/09/04 20:00:00",RT_VIC8,0
D,DISPATCH,UNIT_SCADA,1,"2019/09/04 20:00:00",RT_VIC9,0
D,DISPATCH,UNIT_SCADA,1,"2019/09/04 20:00:00",RUGBYR1,0
D,DISPATCH,UNIT_SCADA,1,"2019/09/04 20:00:00",SALTCRK1,0.05
D,DISPATCH,UNIT_SCADA,1,"2019/09/04 20:00:00",SAPHWF1,165.168760
D,DISPATCH,UNIT_SCADA,1,"2019/09/04 20:00:00",SHGEN,161.705870
D,DISPATCH,UNIT_SCADA,1,"2019/09/04 20:00:00",SHPUMP,0
D,DISPATCH,UNIT_SCADA,1,"2019/09/04 20:00:00",SITHE01,0.214140
D,DISPATCH,UNIT_SCADA,1,"2019/09/04 20:00:00",SMCSF1,0
D,DISPATCH,UNIT_SCADA,1,"2019/09/04 20:00:00",SNOWNTH1,1.10
D,DISPATCH,UNIT_SCADA,1,"2019/09/04 20:00:00",SNOWSTH1,0.30
D,DISPATCH,UNIT_SCADA,1,"2019/09/04 20:00:00",SNOWTWN1,-0.22
D,DISPATCH,UNIT_SCADA,1,"2019/09/04 20:00:00",SNOWYP,0
D,DISPATCH,UNIT_SCADA,1,"2019/09/04 20:00:00",SNUG1,0.019440
D,DISPATCH,UNIT_SCADA,1,"2019/09/04 20:00:00",SRSF1,0
D,DISPATCH,UNIT_SCADA,1,"2019/09/04 20:00:00",STAN-1,218.915210
D,DISPATCH,UNIT_SCADA,1,"2019/09/04 20:00:00",STAN-2,357.898620
D,DISPATCH,UNIT_SCADA,1,"2019/09/04 20:00:00",STAN-3,363.692260
D,DISPATCH,UNIT_SCADA,1,"2019/09/04 20:00:00",STAN-4,362.474580
D,DISPATCH,UNIT_SCADA,1,"2019/09/04 20:00:00",STWF1,32.287510
D,DISPATCH,UNIT_SCADA,1,"2019/09/04 20:00:00",SWAN_E,0
D,DISPATCH,UNIT_SCADA,1,"2019/09/04 20:00:00",TALWA1,436
D,DISPATCH,UNIT_SCADA,1,"2019/09/04 20:00:00",TARALGA1,75.168760
D,DISPATCH,UNIT_SCADA,1,"2019/09/04 20:00:00",TARONG#1,346.399990
D,DISPATCH,UNIT_SCADA,1,"2019/09/04 20:00:00",TARONG#2,0
D,DISPATCH,UNIT_SCADA,1,"2019/09/04 20:00:00",TARONG#3,349.899990
D,DISPATCH,UNIT_SCADA,1,"2019/09/04 20:00:00",TARONG#4,350.700010
D,DISPATCH,UNIT_SCADA,1,"2019/09/04 20:00:00",TARRALEA,71
D,DISPATCH,UNIT_SCADA,1,"2019/09/04 20:00:00",TBSF1,-0.20
D,DISPATCH,UNIT_SCADA,1,"2019/09/04 20:00:00",TNPS1,380.500030
D,DISPATCH,UNIT_SCADA,1,"2019/09/04 20:00:00",TORRA1,116.272960
D,DISPATCH,UNIT_SCADA,1,"2019/09/04 20:00:00",TORRA2,0
D,DISPATCH,UNIT_SCADA,1,"2019/09/04 20:00:00",TORRA3,0
D,DISPATCH,UNIT_SCADA,1,"2019/09/04 20:00:00",TORRA4,110.984710
D,DISPATCH,UNIT_SCADA,1,"2019/09/04 20:00:00",TORRB1,187.66
D,DISPATCH,UNIT_SCADA,1,"2019/09/04 20:00:00",TORRB2,188.179990
D,DISPATCH,UNIT_SCADA,1,"2019/09/04 20:00:00",TORRB3,187.72
D,DISPATCH,UNIT_SCADA,1,"2019/09/04 20:00:00",TORRB4,0
D,DISPATCH,UNIT_SCADA,1,"2019/09/04 20:00:00",TREVALLN,44.410020
D,DISPATCH,UNIT_SCADA,1,"2019/09/04 20:00:00",TRIBUTE,0
D,DISPATCH,UNIT_SCADA,1,"2019/09/04 20:00:00",TUMUT3,0
D,DISPATCH,UNIT_SCADA,1,"2019/09/04 20:00:00",TUNGATIN,123.670030
D,DISPATCH,UNIT_SCADA,1,"2019/09/04 20:00:00",TVCC201,0
D,DISPATCH,UNIT_SCADA,1,"2019/09/04 20:00:00",TVPP104,0
D,DISPATCH,UNIT_SCADA,1,"2019/09/04 20:00:00",UPPTUMUT,0
D,DISPATCH,UNIT_SCADA,1,"2019/09/04 20:00:00",URANQ11,0
D,DISPATCH,UNIT_SCADA,1,"2019/09/04 20:00:00",URANQ12,0
D,DISPATCH,UNIT_SCADA,1,"2019/09/04 20:00:00",URANQ13,0
D,DISPATCH,UNIT_SCADA,1,"2019/09/04 20:00:00",URANQ14,0
D,DISPATCH,UNIT_SCADA,1,"2019/09/04 20:00:00",VP5,625.349980
D,DISPATCH,UNIT_SCADA,1,"2019/09/04 20:00:00",VP6,0
D,DISPATCH,UNIT_SCADA,1,"2019/09/04 20:00:00",VPGS1,0
D,DISPATCH,UNIT_SCADA,1,"2019/09/04 20:00:00",VPGS2,0
D,DISPATCH,UNIT_SCADA,1,"2019/09/04 20:00:00",VPGS3,0
D,DISPATCH,UNIT_SCADA,1,"2019/09/04 20:00:00",VPGS4,0
D,DISPATCH,UNIT_SCADA,1,"2019/09/04 20:00:00",VPGS5,0
D,DISPATCH,UNIT_SCADA,1,"2019/09/04 20:00:00",VPGS6,0
D,DISPATCH,UNIT_SCADA,1,"2019/09/04 20:00:00",W/HOE#1,0
D,DISPATCH,UNIT_SCADA,1,"2019/09/04 20:00:00",W/HOE#2,0
D,DISPATCH,UNIT_SCADA,1,"2019/09/04 20:00:00",WATERLWF,-0.90
D,DISPATCH,UNIT_SCADA,1,"2019/09/04 20:00:00",WEMENSF1,0
D,DISPATCH,UNIT_SCADA,1,"2019/09/04 20:00:00",WGWF1,21.90
D,DISPATCH,UNIT_SCADA,1,"2019/09/04 20:00:00",WHITSF1,0
D,DISPATCH,UNIT_SCADA,1,"2019/09/04 20:00:00",WKIEWA1,14.50
D,DISPATCH,UNIT_SCADA,1,"2019/09/04 20:00:00",WKIEWA2,14.60
D,DISPATCH,UNIT_SCADA,1,"2019/09/04 20:00:00",WOODLWN1,25.812010
D,DISPATCH,UNIT_SCADA,1,"2019/09/04 20:00:00",WRSF1,0
D,DISPATCH,UNIT_SCADA,1,"2019/09/04 20:00:00",WRWF1,54.987510
D,DISPATCH,UNIT_SCADA,1,"2019/09/04 20:00:00",YABULU,160.290010
D,DISPATCH,UNIT_SCADA,1,"2019/09/04 20:00:00",YABULU2,0
D,DISPATCH,UNIT_SCADA,1,"2019/09/04 20:00:00",YARWUN_1,159.80
D,DISPATCH,UNIT_SCADA,1,"2019/09/04 20:00:00",YENDWF1,-1.42
D,DISPATCH,UNIT_SCADA,1,"2019/09/04 20:00:00",YWPS1,379.949370
D,DISPATCH,UNIT_SCADA,1,"2019/09/04 20:00:00",YWPS2,279.946840
D,DISPATCH,UNIT_SCADA,1,"2019/09/04 20:00:00",YWPS3,0
D,DISPATCH,UNIT_SCADA,1,"2019/09/04 20:00:00",YWPS4,391.003780
C,"END OF REPORT",335
