C,NEMP.WORLD,DISPATCHSCADA,AEMO,PUBLIC,2019/08/19,21:40:08,0000000311761460,DISPATCHSCADA,0000000311761454
I,DISPATCH,UNIT_SCADA,1,SETTLEMENTDATE,DUID,SCADAVALUE
D,DISPATCH,UNIT_SCADA,1,"2019/08/19 21:45:00",BARCSF1,1.10
D,DISPATCH,UNIT_SCADA,1,"2019/08/19 21:45:00",BUTLERSG,9.799998
D,DISPATCH,UNIT_SCADA,1,"2019/08/19 21:45:00",CALL_A_4,0
D,DISPATCH,UNIT_SCADA,1,"2019/08/19 21:45:00",CAPTL_WF,131.011993
D,DISPATCH,UNIT_SCADA,1,"2019/08/19 21:45:00",CATHROCK,49.079998
D,DISPATCH,UNIT_SCADA,1,"2019/08/19 21:45:00",CHALLHWF,15.40
D,DISPATCH,UNIT_SCADA,1,"2019/08/19 21:45:00",CLOVER,-0.02
D,DISPATCH,UNIT_SCADA,1,"2019/08/19 21:45:00",CLUNY,12.124971
D,DISPATCH,UNIT_SCADA,1,"2019/08/19 21:45:00",CNUNDAWF,39.746365
D,DISPATCH,UNIT_SCADA,1,"2019/08/19 21:45:00",CULLRGWF,30.370001
D,DISPATCH,UNIT_SCADA,1,"2019/08/19 21:45:00",ERGT01,0
D,DISPATCH,UNIT_SCADA,1,"2019/08/19 21:45:00",GB01,0.065392
D,DISPATCH,UNIT_SCADA,1,"2019/08/19 21:45:00",GERMCRK,33.400002
D,DISPATCH,UNIT_SCADA,1,"2019/08/19 21:45:00",GRIFSF1,0
D,DISPATCH,UNIT_SCADA,1,"2019/08/19 21:45:00",HUGSF1,-0.1880
D,DISPATCH,UNIT_SCADA,1,"2019/08/19 21:45:00",LKBONNY1,58.229706
D,DISPATCH,UNIT_SCADA,1,"2019/08/19 21:45:00",LRSF1,0.0240
D,DISPATCH,UNIT_SCADA,1,"2019/08/19 21:45:00",MBAHNTH,55.893753
D,DISPATCH,UNIT_SCADA,1,"2019/08/19 21:45:00",MLSP1,0.304001
D,DISPATCH,UNIT_SCADA,1,"2019/08/19 21:45:00",MLWF1,17.415001
D,DISPATCH,UNIT_SCADA,1,"2019/08/19 21:45:00",MTMILLAR,17.301048
D,DISPATCH,UNIT_SCADA,1,"2019/08/19 21:45:00",PALOONA,12.74
D,DISPATCH,UNIT_SCADA,1,"2019/08/19 21:45:00",PIONEER,32.799999
D,DISPATCH,UNIT_SCADA,1,"2019/08/19 21:45:00",PORTWF,137.800003
D,DISPATCH,UNIT_SCADA,1,"2019/08/19 21:45:00",REPULSE,28.809643
D,DISPATCH,UNIT_SCADA,1,"2019/08/19 21:45:00",ROWALLAN,9.8619
D,DISPATCH,UNIT_SCADA,1,"2019/08/19 21:45:00",ROYALLA1,0
D,DISPATCH,UNIT_SCADA,1,"2019/08/19 21:45:00",RPCG,-2.10
D,DISPATCH,UNIT_SCADA,1,"2019/08/19 21:45:00",RUBICON,0
D,DISPATCH,UNIT_SCADA,1,"2019/08/19 21:45:00",SATGN1,0
D,DISPATCH,UNIT_SCADA,1,"2019/08/19 21:45:00",SATGS1,0
D,DISPATCH,UNIT_SCADA,1,"2019/08/19 21:45:00",STARHLWF,11.496648
D,DISPATCH,UNIT_SCADA,1,"2019/08/19 21:45:00",WAUBRAWF,98.859001
D,DISPATCH,UNIT_SCADA,1,"2019/08/19 21:45:00",WOOLNTH1,131.070007
D,DISPATCH,UNIT_SCADA,1,"2019/08/19 21:45:00",WPWF,20
D,DISPATCH,UNIT_SCADA,1,"2019/08/19 21:45:00",YAMBUKWF,23
D,DISPATCH,UNIT_SCADA,1,"2019/08/19 21:45:00",YSWF1,28.40
D,DISPATCH,UNIT_SCADA,1,"2019/08/19 21:45:00",AGLHAL,0
D,DISPATCH,UNIT_SCADA,1,"2019/08/19 21:45:00",AGLSOM,40
D,DISPATCH,UNIT_SCADA,1,"2019/08/19 21:45:00",ANGAST1,0
D,DISPATCH,UNIT_SCADA,1,"2019/08/19 21:45:00",ARWF1,14.10
D,DISPATCH,UNIT_SCADA,1,"2019/08/19 21:45:00",BALBG1,0.30
D,DISPATCH,UNIT_SCADA,1,"2019/08/19 21:45:00",BALBL1,0
D,DISPATCH,UNIT_SCADA,1,"2019/08/19 21:45:00",BALDHWF1,103.3060
D,DISPATCH,UNIT_SCADA,1,"2019/08/19 21:45:00",BANN1,0
D,DISPATCH,UNIT_SCADA,1,"2019/08/19 21:45:00",BARCALDN,0
D,DISPATCH,UNIT_SCADA,1,"2019/08/19 21:45:00",BARRON-1,0
D,DISPATCH,UNIT_SCADA,1,"2019/08/19 21:45:00",BARRON-2,29.08
D,DISPATCH,UNIT_SCADA,1,"2019/08/19 21:45:00",BASTYAN,80.610010
D,DISPATCH,UNIT_SCADA,1,"2019/08/19 21:45:00",BBTHREE1,0
D,DISPATCH,UNIT_SCADA,1,"2019/08/19 21:45:00",BBTHREE2,0
D,DISPATCH,UNIT_SCADA,1,"2019/08/19 21:45:00",BBTHREE3,0
D,DISPATCH,UNIT_SCADA,1,"2019/08/19 21:45:00",BDL01,-0.12
D,DISPATCH,UNIT_SCADA,1,"2019/08/19 21:45:00",BDL02,-0.18
D,DISPATCH,UNIT_SCADA,1,"2019/08/19 21:45:00",BERYLSF1,0
D,DISPATCH,UNIT_SCADA,1,"2019/08/19 21:45:00",BLOWERNG,0
D,DISPATCH,UNIT_SCADA,1,"2019/08/19 21:45:00",BLUFF1,19.90
D,DISPATCH,UNIT_SCADA,1,"2019/08/19 21:45:00",BNGSF1,0
D,DISPATCH,UNIT_SCADA,1,"2019/08/19 21:45:00",BNGSF2,0
D,DISPATCH,UNIT_SCADA,1,"2019/08/19 21:45:00",BOCORWF1,101.19
D,DISPATCH,UNIT_SCADA,1,"2019/08/19 21:45:00",BODWF1,81.5085
D,DISPATCH,UNIT_SCADA,1,"2019/08/19 21:45:00",BRAEMAR1,0
D,DISPATCH,UNIT_SCADA,1,"2019/08/19 21:45:00",BRAEMAR2,0
D,DISPATCH,UNIT_SCADA,1,"2019/08/19 21:45:00",BRAEMAR3,0
D,DISPATCH,UNIT_SCADA,1,"2019/08/19 21:45:00",BRAEMAR5,0
D,DISPATCH,UNIT_SCADA,1,"2019/08/19 21:45:00",BRAEMAR6,0
D,DISPATCH,UNIT_SCADA,1,"2019/08/19 21:45:00",BRAEMAR7,0
D,DISPATCH,UNIT_SCADA,1,"2019/08/19 21:45:00",BROKENH1,0
D,DISPATCH,UNIT_SCADA,1,"2019/08/19 21:45:00",BW01,662.6001
D,DISPATCH,UNIT_SCADA,1,"2019/08/19 21:45:00",BW02,659.349980
D,DISPATCH,UNIT_SCADA,1,"2019/08/19 21:45:00",BW03,644.949950
D,DISPATCH,UNIT_SCADA,1,"2019/08/19 21:45:00",BW04,0
D,DISPATCH,UNIT_SCADA,1,"2019/08/19 21:45:00",CALL_B_1,340.399990
D,DISPATCH,UNIT_SCADA,1,"2019/08/19 21:45:00",CALL_B_2,280.200010
D,DISPATCH,UNIT_SCADA,1,"2019/08/19 21:45:00",CETHANA,80.760870
D,DISPATCH,UNIT_SCADA,1,"2019/08/19 21:45:00",CG1,0
D,DISPATCH,UNIT_SCADA,1,"2019/08/19 21:45:00",CG2,0
D,DISPATCH,UNIT_SCADA,1,"2019/08/19 21:45:00",CG3,0
D,DISPATCH,UNIT_SCADA,1,"2019/08/19 21:45:00",CG4,0
D,DISPATCH,UNIT_SCADA,1,"2019/08/19 21:45:00",CHILDSF1,0
D,DISPATCH,UNIT_SCADA,1,"2019/08/19 21:45:00",CLARESF1,0
D,DISPATCH,UNIT_SCADA,1,"2019/08/19 21:45:00",CLEMGPWF,5.114490
D,DISPATCH,UNIT_SCADA,1,"2019/08/19 21:45:00",CLERMSF1,0
D,DISPATCH,UNIT_SCADA,1,"2019/08/19 21:45:00",COLEASF1,0
D,DISPATCH,UNIT_SCADA,1,"2019/08/19 21:45:00",COOPGWF1,36.129460
D,DISPATCH,UNIT_SCADA,1,"2019/08/19 21:45:00",CPP_3,405.899990
D,DISPATCH,UNIT_SCADA,1,"2019/08/19 21:45:00",CPP_4,407.274990
D,DISPATCH,UNIT_SCADA,1,"2019/08/19 21:45:00",CPSA,143.249370
D,DISPATCH,UNIT_SCADA,1,"2019/08/19 21:45:00",CROOKWF2,85.443760
D,DISPATCH,UNIT_SCADA,1,"2019/08/19 21:45:00",CROWLWF1,18.257920
D,DISPATCH,UNIT_SCADA,1,"2019/08/19 21:45:00",CSPVPS1,0
D,DISPATCH,UNIT_SCADA,1,"2019/08/19 21:45:00",DALNTH01,0
D,DISPATCH,UNIT_SCADA,1,"2019/08/19 21:45:00",DALNTHL1,0.059510
D,DISPATCH,UNIT_SCADA,1,"2019/08/19 21:45:00",DARTM1,134.30
D,DISPATCH,UNIT_SCADA,1,"2019/08/19 21:45:00",DAYDSF1,0
D,DISPATCH,UNIT_SCADA,1,"2019/08/19 21:45:00",DDPS1,143.427510
D,DISPATCH,UNIT_SCADA,1,"2019/08/19 21:45:00",DDSF1,0
D,DISPATCH,UNIT_SCADA,1,"2019/08/19 21:45:00",DEVILS_G,60.756250
D,DISPATCH,UNIT_SCADA,1,"2019/08/19 21:45:00",DG_NSW1,0
D,DISPATCH,UNIT_SCADA,1,"2019/08/19 21:45:00",DG_QLD1,0
D,DISPATCH,UNIT_SCADA,1,"2019/08/19 21:45:00",DG_SA1,0
D,DISPATCH,UNIT_SCADA,1,"2019/08/19 21:45:00",DG_TAS1,0
D,DISPATCH,UNIT_SCADA,1,"2019/08/19 21:45:00",DG_VIC1,0
D,DISPATCH,UNIT_SCADA,1,"2019/08/19 21:45:00",DRYCGT1,0
D,DISPATCH,UNIT_SCADA,1,"2019/08/19 21:45:00",DRYCGT2,0
D,DISPATCH,UNIT_SCADA,1,"2019/08/19 21:45:00",DRYCGT3,0
D,DISPATCH,UNIT_SCADA,1,"2019/08/19 21:45:00",EILDON1,0
D,DISPATCH,UNIT_SCADA,1,"2019/08/19 21:45:00",EILDON2,0
D,DISPATCH,UNIT_SCADA,1,"2019/08/19 21:45:00",EMERASF1,0
D,DISPATCH,UNIT_SCADA,1,"2019/08/19 21:45:00",ER01,592.924930
D,DISPATCH,UNIT_SCADA,1,"2019/08/19 21:45:00",ER02,695.650020
D,DISPATCH,UNIT_SCADA,1,"2019/08/19 21:45:00",ER03,696.275020
D,DISPATCH,UNIT_SCADA,1,"2019/08/19 21:45:00",ER04,696.550050
D,DISPATCH,UNIT_SCADA,1,"2019/08/19 21:45:00",FINLYSF1,0
D,DISPATCH,UNIT_SCADA,1,"2019/08/19 21:45:00",FISHER,45.87
D,DISPATCH,UNIT_SCADA,1,"2019/08/19 21:45:00",GANNBG1,21.830350
D,DISPATCH,UNIT_SCADA,1,"2019/08/19 21:45:00",GANNBL1,0
D,DISPATCH,UNIT_SCADA,1,"2019/08/19 21:45:00",GANNSF1,0
D,DISPATCH,UNIT_SCADA,1,"2019/08/19 21:45:00",GORDON,29.935920
D,DISPATCH,UNIT_SCADA,1,"2019/08/19 21:45:00",GSTONE1,204.75
D,DISPATCH,UNIT_SCADA,1,"2019/08/19 21:45:00",GSTONE2,219.80
D,DISPATCH,UNIT_SCADA,1,"2019/08/19 21:45:00",GSTONE3,224.349990
D,DISPATCH,UNIT_SCADA,1,"2019/08/19 21:45:00",GSTONE4,225.9250
D,DISPATCH,UNIT_SCADA,1,"2019/08/19 21:45:00",GSTONE5,224.8750
D,DISPATCH,UNIT_SCADA,1,"2019/08/19 21:45:00",GSTONE6,0
D,DISPATCH,UNIT_SCADA,1,"2019/08/19 21:45:00",GULLRSF1,0
D,DISPATCH,UNIT_SCADA,1,"2019/08/19 21:45:00",GULLRWF1,159.483220
D,DISPATCH,UNIT_SCADA,1,"2019/08/19 21:45:00",GUNNING1,44.911480
D,DISPATCH,UNIT_SCADA,1,"2019/08/19 21:45:00",GUTHEGA,0
D,DISPATCH,UNIT_SCADA,1,"2019/08/19 21:45:00",HALLWF1,54.21
D,DISPATCH,UNIT_SCADA,1,"2019/08/19 21:45:00",HALLWF2,46.20
D,DISPATCH,UNIT_SCADA,1,"2019/08/19 21:45:00",HAMISF1,0
D,DISPATCH,UNIT_SCADA,1,"2019/08/19 21:45:00",HAUGHT11,0
D,DISPATCH,UNIT_SCADA,1,"2019/08/19 21:45:00",HAYMSF1,0
D,DISPATCH,UNIT_SCADA,1,"2019/08/19 21:45:00",HDWF1,35.90
D,DISPATCH,UNIT_SCADA,1,"2019/08/19 21:45:00",HDWF2,27
D,DISPATCH,UNIT_SCADA,1,"2019/08/19 21:45:00",HDWF3,31.80
D,DISPATCH,UNIT_SCADA,1,"2019/08/19 21:45:00",HPRG1,0.80
D,DISPATCH,UNIT_SCADA,1,"2019/08/19 21:45:00",HPRL1,0
D,DISPATCH,UNIT_SCADA,1,"2019/08/19 21:45:00",HUMENSW,0
D,DISPATCH,UNIT_SCADA,1,"2019/08/19 21:45:00",HUMEV,8.70
D,DISPATCH,UNIT_SCADA,1,"2019/08/19 21:45:00",HVGTS,0
D,DISPATCH,UNIT_SCADA,1,"2019/08/19 21:45:00",JBUTTERS,137.179990
D,DISPATCH,UNIT_SCADA,1,"2019/08/19 21:45:00",JLA01,0.50
D,DISPATCH,UNIT_SCADA,1,"2019/08/19 21:45:00",JLA02,0
D,DISPATCH,UNIT_SCADA,1,"2019/08/19 21:45:00",JLA03,0.10
D,DISPATCH,UNIT_SCADA,1,"2019/08/19 21:45:00",JLA04,0.10
D,DISPATCH,UNIT_SCADA,1,"2019/08/19 21:45:00",JLB01,0
D,DISPATCH,UNIT_SCADA,1,"2019/08/19 21:45:00",JLB02,0.10
D,DISPATCH,UNIT_SCADA,1,"2019/08/19 21:45:00",JLB03,0
D,DISPATCH,UNIT_SCADA,1,"2019/08/19 21:45:00",KAREEYA1,21.4875
D,DISPATCH,UNIT_SCADA,1,"2019/08/19 21:45:00",KAREEYA2,21.7225
D,DISPATCH,UNIT_SCADA,1,"2019/08/19 21:45:00",KAREEYA3,0
D,DISPATCH,UNIT_SCADA,1,"2019/08/19 21:45:00",KAREEYA4,21.5350
D,DISPATCH,UNIT_SCADA,1,"2019/08/19 21:45:00",KARSF1,0
D,DISPATCH,UNIT_SCADA,1,"2019/08/19 21:45:00",KIATAWF1,30.40
D,DISPATCH,UNIT_SCADA,1,"2019/08/19 21:45:00",KPP_1,0
D,DISPATCH,UNIT_SCADA,1,"2019/08/19 21:45:00",KSP1,0
D,DISPATCH,UNIT_SCADA,1,"2019/08/19 21:45:00",LADBROK1,43.15
D,DISPATCH,UNIT_SCADA,1,"2019/08/19 21:45:00",LADBROK2,43.34
D,DISPATCH,UNIT_SCADA,1,"2019/08/19 21:45:00",LD01,420.956270
D,DISPATCH,UNIT_SCADA,1,"2019/08/19 21:45:00",LD02,419.756260
D,DISPATCH,UNIT_SCADA,1,"2019/08/19 21:45:00",LD03,420.693790
D,DISPATCH,UNIT_SCADA,1,"2019/08/19 21:45:00",LD04,384
D,DISPATCH,UNIT_SCADA,1,"2019/08/19 21:45:00",LEM_WIL,84.3276
D,DISPATCH,UNIT_SCADA,1,"2019/08/19 21:45:00",LGAPWF1,2.50
D,DISPATCH,UNIT_SCADA,1,"2019/08/19 21:45:00",LILYSF1,0
D,DISPATCH,UNIT_SCADA,1,"2019/08/19 21:45:00",LI_WY_CA,142.714920
D,DISPATCH,UNIT_SCADA,1,"2019/08/19 21:45:00",LKBONNY2,143.134060
D,DISPATCH,UNIT_SCADA,1,"2019/08/19 21:45:00",LKBONNY3,35.167870
D,DISPATCH,UNIT_SCADA,1,"2019/08/19 21:45:00",LK_ECHO,0
D,DISPATCH,UNIT_SCADA,1,"2019/08/19 21:45:00",LNGS1,0
D,DISPATCH,UNIT_SCADA,1,"2019/08/19 21:45:00",LNGS2,0
D,DISPATCH,UNIT_SCADA,1,"2019/08/19 21:45:00",LONSDALE,0
D,DISPATCH,UNIT_SCADA,1,"2019/08/19 21:45:00",LOYYB1,530.073430
D,DISPATCH,UNIT_SCADA,1,"2019/08/19 21:45:00",LOYYB2,581.578490
D,DISPATCH,UNIT_SCADA,1,"2019/08/19 21:45:00",LYA1,560
D,DISPATCH,UNIT_SCADA,1,"2019/08/19 21:45:00",LYA2,0
D,DISPATCH,UNIT_SCADA,1,"2019/08/19 21:45:00",LYA3,562
D,DISPATCH,UNIT_SCADA,1,"2019/08/19 21:45:00",LYA4,540
D,DISPATCH,UNIT_SCADA,1,"2019/08/19 21:45:00",MACARTH1,193.195540
D,DISPATCH,UNIT_SCADA,1,"2019/08/19 21:45:00",MACKAYGT,0
D,DISPATCH,UNIT_SCADA,1,"2019/08/19 21:45:00",MACKNTSH,85.34
D,DISPATCH,UNIT_SCADA,1,"2019/08/19 21:45:00",MANSLR1,0
D,DISPATCH,UNIT_SCADA,1,"2019/08/19 21:45:00",MCKAY1,0.02
D,DISPATCH,UNIT_SCADA,1,"2019/08/19 21:45:00",MEADOWBK,33.638660
D,DISPATCH,UNIT_SCADA,1,"2019/08/19 21:45:00",MERCER01,120.038010
D,DISPATCH,UNIT_SCADA,1,"2019/08/19 21:45:00",MEWF1,144.867320
D,DISPATCH,UNIT_SCADA,1,"2019/08/19 21:45:00",MINTARO,0
D,DISPATCH,UNIT_SCADA,1,"2019/08/19 21:45:00",MOREESF1,0
D,DISPATCH,UNIT_SCADA,1,"2019/08/19 21:45:00",MORTLK11,125
D,DISPATCH,UNIT_SCADA,1,"2019/08/19 21:45:00",MORTLK12,0
D,DISPATCH,UNIT_SCADA,1,"2019/08/19 21:45:00",MP1,283.549930
D,DISPATCH,UNIT_SCADA,1,"2019/08/19 21:45:00",MP2,0
D,DISPATCH,UNIT_SCADA,1,"2019/08/19 21:45:00",MPP_1,429.75
D,DISPATCH,UNIT_SCADA,1,"2019/08/19 21:45:00",MPP_2,434.75
D,DISPATCH,UNIT_SCADA,1,"2019/08/19 21:45:00",MSTUART1,0
D,DISPATCH,UNIT_SCADA,1,"2019/08/19 21:45:00",MSTUART2,0
D,DISPATCH,UNIT_SCADA,1,"2019/08/19 21:45:00",MSTUART3,0
D,DISPATCH,UNIT_SCADA,1,"2019/08/19 21:45:00",MTGELWF1,63.922540
D,DISPATCH,UNIT_SCADA,1,"2019/08/19 21:45:00",MURRAY,0
D,DISPATCH,UNIT_SCADA,1,"2019/08/19 21:45:00",MUSSELR1,166.099990
D,DISPATCH,UNIT_SCADA,1,"2019/08/19 21:45:00",MUWAWF1,37.51
D,DISPATCH,UNIT_SCADA,1,"2019/08/19 21:45:00",NBHWF1,37.90
D,DISPATCH,UNIT_SCADA,1,"2019/08/19 21:45:00",NPS,210
D,DISPATCH,UNIT_SCADA,1,"2019/08/19 21:45:00",NUMURSF1,0
D,DISPATCH,UNIT_SCADA,1,"2019/08/19 21:45:00",NYNGAN1,0
D,DISPATCH,UNIT_SCADA,1,"2019/08/19 21:45:00",OAKEY1,0
D,DISPATCH,UNIT_SCADA,1,"2019/08/19 21:45:00",OAKEY1SF,0.05
D,DISPATCH,UNIT_SCADA,1,"2019/08/19 21:45:00",OAKEY2,0
D,DISPATCH,UNIT_SCADA,1,"2019/08/19 21:45:00",OAKLAND1,51.40
D,DISPATCH,UNIT_SCADA,1,"2019/08/19 21:45:00",OSB-AG,185.64
D,DISPATCH,UNIT_SCADA,1,"2019/08/19 21:45:00",PARSF1,0
D,DISPATCH,UNIT_SCADA,1,"2019/08/19 21:45:00",POAT110,1.281680
D,DISPATCH,UNIT_SCADA,1,"2019/08/19 21:45:00",POAT220,50.126240
D,DISPATCH,UNIT_SCADA,1,"2019/08/19 21:45:00",POR01,0
D,DISPATCH,UNIT_SCADA,1,"2019/08/19 21:45:00",POR03,0
D,DISPATCH,UNIT_SCADA,1,"2019/08/19 21:45:00",PPCCGT,498.366880
D,DISPATCH,UNIT_SCADA,1,"2019/08/19 21:45:00",PTSTAN1,0
D,DISPATCH,UNIT_SCADA,1,"2019/08/19 21:45:00",PUMP1,0
D,DISPATCH,UNIT_SCADA,1,"2019/08/19 21:45:00",PUMP2,0
D,DISPATCH,UNIT_SCADA,1,"2019/08/19 21:45:00",QPS1,29
D,DISPATCH,UNIT_SCADA,1,"2019/08/19 21:45:00",QPS2,0
D,DISPATCH,UNIT_SCADA,1,"2019/08/19 21:45:00",QPS3,0
D,DISPATCH,UNIT_SCADA,1,"2019/08/19 21:45:00",QPS4,3
D,DISPATCH,UNIT_SCADA,1,"2019/08/19 21:45:00",QPS5,0
D,DISPATCH,UNIT_SCADA,1,"2019/08/19 21:45:00",REECE1,114.100010
D,DISPATCH,UNIT_SCADA,1,"2019/08/19 21:45:00",REECE2,113.830010
D,DISPATCH,UNIT_SCADA,1,"2019/08/19 21:45:00",ROMA_7,0
D,DISPATCH,UNIT_SCADA,1,"2019/08/19 21:45:00",ROMA_8,0
D,DISPATCH,UNIT_SCADA,1,"2019/08/19 21:45:00",RRSF1,0
D,DISPATCH,UNIT_SCADA,1,"2019/08/19 21:45:00",RT_NSW1,0
D,DISPATCH,UNIT_SCADA,1,"2019/08/19 21:45:00",RT_NSW2,0
D,DISPATCH,UNIT_SCADA,1,"2019/08/19 21:45:00",RT_NSW3,0
D,DISPATCH,UNIT_SCADA,1,"2019/08/19 21:45:00",RT_NSW4,0
D,DISPATCH,UNIT_SCADA,1,"2019/08/19 21:45:00",RT_NSW5,0
D,DISPATCH,UNIT_SCADA,1,"2019/08/19 21:45:00",RT_NSW6,0
D,DISPATCH,UNIT_SCADA,1,"2019/08/19 21:45:00",RT_QLD1,0
D,DISPATCH,UNIT_SCADA,1,"2019/08/19 21:45:00",RT_SA1,0
D,DISPATCH,UNIT_SCADA,1,"2019/08/19 21:45:00",RT_SA2,0
D,DISPATCH,UNIT_SCADA,1,"2019/08/19 21:45:00",RT_SA3,0
D,DISPATCH,UNIT_SCADA,1,"2019/08/19 21:45:00",RT_SA4,0
D,DISPATCH,UNIT_SCADA,1,"2019/08/19 21:45:00",RT_SA5,0
D,DISPATCH,UNIT_SCADA,1,"2019/08/19 21:45:00",RT_SA6,0
D,DISPATCH,UNIT_SCADA,1,"2019/08/19 21:45:00",RT_TAS1,0
D,DISPATCH,UNIT_SCADA,1,"2019/08/19 21:45:00",RT_VIC1,0
D,DISPATCH,UNIT_SCADA,1,"2019/08/19 21:45:00",RT_VIC10,0
D,DISPATCH,UNIT_SCADA,1,"2019/08/19 21:45:00",RT_VIC11,0
D,DISPATCH,UNIT_SCADA,1,"2019/08/19 21:45:00",RT_VIC12,0
D,DISPATCH,UNIT_SCADA,1,"2019/08/19 21:45:00",RT_VIC2,0
D,DISPATCH,UNIT_SCADA,1,"2019/08/19 21:45:00",RT_VIC3,0
D,DISPATCH,UNIT_SCADA,1,"2019/08/19 21:45:00",RT_VIC4,0
D,DISPATCH,UNIT_SCADA,1,"2019/08/19 21:45:00",RT_VIC5,0
D,DISPATCH,UNIT_SCADA,1,"2019/08/19 21:45:00",RT_VIC6,0
D,DISPATCH,UNIT_SCADA,1,"2019/08/19 21:45:00",RT_VIC7,0
D,DISPATCH,UNIT_SCADA,1,"2019/08/19 21:45:00",RT_VIC8,0
D,DISPATCH,UNIT_SCADA,1,"2019/08/19 21:45:00",RT_VIC9,0
D,DISPATCH,UNIT_SCADA,1,"2019/08/19 21:45:00",RUGBYR1,0
D,DISPATCH,UNIT_SCADA,1,"2019/08/19 21:45:00",SALTCRK1,32.97
D,DISPATCH,UNIT_SCADA,1,"2019/08/19 21:45:00",SAPHWF1,230.906250
D,DISPATCH,UNIT_SCADA,1,"2019/08/19 21:45:00",SHGEN,0
D,DISPATCH,UNIT_SCADA,1,"2019/08/19 21:45:00",SHPUMP,0
D,DISPATCH,UNIT_SCADA,1,"2019/08/19 21:45:00",SITHE01,0.123710
D,DISPATCH,UNIT_SCADA,1,"2019/08/19 21:45:00",SMCSF1,0
D,DISPATCH,UNIT_SCADA,1,"2019/08/19 21:45:00",SNOWNTH1,16.30
D,DISPATCH,UNIT_SCADA,1,"2019/08/19 21:45:00",SNOWSTH1,34.60
D,DISPATCH,UNIT_SCADA,1,"2019/08/19 21:45:00",SNOWTWN1,15.491880
D,DISPATCH,UNIT_SCADA,1,"2019/08/19 21:45:00",SNOWYP,0
D,DISPATCH,UNIT_SCADA,1,"2019/08/19 21:45:00",SNUG1,0.019440
D,DISPATCH,UNIT_SCADA,1,"2019/08/19 21:45:00",SRSF1,0.30
D,DISPATCH,UNIT_SCADA,1,"2019/08/19 21:45:00",STAN-1,0
D,DISPATCH,UNIT_SCADA,1,"2019/08/19 21:45:00",STAN-2,322.688110
D,DISPATCH,UNIT_SCADA,1,"2019/08/19 21:45:00",STAN-3,324.597960
D,DISPATCH,UNIT_SCADA,1,"2019/08/19 21:45:00",STAN-4,323.431550
D,DISPATCH,UNIT_SCADA,1,"2019/08/19 21:45:00",STWF1,52.6275
D,DISPATCH,UNIT_SCADA,1,"2019/08/19 21:45:00",SWAN_E,0
D,DISPATCH,UNIT_SCADA,1,"2019/08/19 21:45:00",TALWA1,422
D,DISPATCH,UNIT_SCADA,1,"2019/08/19 21:45:00",TARALGA1,95.159990
D,DISPATCH,UNIT_SCADA,1,"2019/08/19 21:45:00",TARONG#1,346.100010
D,DISPATCH,UNIT_SCADA,1,"2019/08/19 21:45:00",TARONG#2,346.300020
D,DISPATCH,UNIT_SCADA,1,"2019/08/19 21:45:00",TARONG#3,261
D,DISPATCH,UNIT_SCADA,1,"2019/08/19 21:45:00",TARONG#4,349.100010
D,DISPATCH,UNIT_SCADA,1,"2019/08/19 21:45:00",TARRALEA,79
D,DISPATCH,UNIT_SCADA,1,"2019/08/19 21:45:00",TBSF1,-0.20
D,DISPATCH,UNIT_SCADA,1,"2019/08/19 21:45:00",TNPS1,442.000030
D,DISPATCH,UNIT_SCADA,1,"2019/08/19 21:45:00",TORRA1,87.368160
D,DISPATCH,UNIT_SCADA,1,"2019/08/19 21:45:00",TORRA2,0
D,DISPATCH,UNIT_SCADA,1,"2019/08/19 21:45:00",TORRA3,51.173430
D,DISPATCH,UNIT_SCADA,1,"2019/08/19 21:45:00",TORRA4,0
D,DISPATCH,UNIT_SCADA,1,"2019/08/19 21:45:00",TORRB1,110.97
D,DISPATCH,UNIT_SCADA,1,"2019/08/19 21:45:00",TORRB2,189.89
D,DISPATCH,UNIT_SCADA,1,"2019/08/19 21:45:00",TORRB3,0
D,DISPATCH,UNIT_SCADA,1,"2019/08/19 21:45:00",TORRB4,0
D,DISPATCH,UNIT_SCADA,1,"2019/08/19 21:45:00",TREVALLN,40.320010
D,DISPATCH,UNIT_SCADA,1,"2019/08/19 21:45:00",TRIBUTE,45.03
D,DISPATCH,UNIT_SCADA,1,"2019/08/19 21:45:00",TUMUT3,205.97
D,DISPATCH,UNIT_SCADA,1,"2019/08/19 21:45:00",TUNGATIN,123.500030
D,DISPATCH,UNIT_SCADA,1,"2019/08/19 21:45:00",TVCC201,0
D,DISPATCH,UNIT_SCADA,1,"2019/08/19 21:45:00",TVPP104,57.982850
D,DISPATCH,UNIT_SCADA,1,"2019/08/19 21:45:00",UPPTUMUT,0
D,DISPATCH,UNIT_SCADA,1,"2019/08/19 21:45:00",URANQ11,0
D,DISPATCH,UNIT_SCADA,1,"2019/08/19 21:45:00",URANQ12,0
D,DISPATCH,UNIT_SCADA,1,"2019/08/19 21:45:00",URANQ13,0
D,DISPATCH,UNIT_SCADA,1,"2019/08/19 21:45:00",URANQ14,0
D,DISPATCH,UNIT_SCADA,1,"2019/08/19 21:45:00",VP5,557.75
D,DISPATCH,UNIT_SCADA,1,"2019/08/19 21:45:00",VP6,551.400020
D,DISPATCH,UNIT_SCADA,1,"2019/08/19 21:45:00",VPGS1,0
D,DISPATCH,UNIT_SCADA,1,"2019/08/19 21:45:00",VPGS2,0
D,DISPATCH,UNIT_SCADA,1,"2019/08/19 21:45:00",VPGS3,0
D,DISPATCH,UNIT_SCADA,1,"2019/08/19 21:45:00",VPGS4,0
D,DISPATCH,UNIT_SCADA,1,"2019/08/19 21:45:00",VPGS5,0
D,DISPATCH,UNIT_SCADA,1,"2019/08/19 21:45:00",VPGS6,0
D,DISPATCH,UNIT_SCADA,1,"2019/08/19 21:45:00",W/HOE#1,201.379990
D,DISPATCH,UNIT_SCADA,1,"2019/08/19 21:45:00",W/HOE#2,0
D,DISPATCH,UNIT_SCADA,1,"2019/08/19 21:45:00",WATERLWF,86.90
D,DISPATCH,UNIT_SCADA,1,"2019/08/19 21:45:00",WEMENSF1,0
D,DISPATCH,UNIT_SCADA,1,"2019/08/19 21:45:00",WGWF1,46.50
D,DISPATCH,UNIT_SCADA,1,"2019/08/19 21:45:00",WHITSF1,0
D,DISPATCH,UNIT_SCADA,1,"2019/08/19 21:45:00",WKIEWA1,15
D,DISPATCH,UNIT_SCADA,1,"2019/08/19 21:45:00",WKIEWA2,15.10
D,DISPATCH,UNIT_SCADA,1,"2019/08/19 21:45:00",WOODLWN1,44.9550
D,DISPATCH,UNIT_SCADA,1,"2019/08/19 21:45:00",WRSF1,0
D,DISPATCH,UNIT_SCADA,1,"2019/08/19 21:45:00",WRWF1,140.649990
D,DISPATCH,UNIT_SCADA,1,"2019/08/19 21:45:00",YABULU,0
D,DISPATCH,UNIT_SCADA,1,"2019/08/19 21:45:00",YABULU2,0
D,DISPATCH,UNIT_SCADA,1,"2019/08/19 21:45:00",YARWUN_1,0
D,DISPATCH,UNIT_SCADA,1,"2019/08/19 21:45:00",YENDWF1,42.01
D,DISPATCH,UNIT_SCADA,1,"2019/08/19 21:45:00",YWPS1,366.415190
D,DISPATCH,UNIT_SCADA,1,"2019/08/19 21:45:00",YWPS2,282.7038
D,DISPATCH,UNIT_SCADA,1,"2019/08/19 21:45:00",YWPS3,0
D,DISPATCH,UNIT_SCADA,1,"2019/08/19 21:45:00",YWPS4,395.802520
C,"END OF REPORT",334
