C,NEMP.WORLD,DISPATCHSCADA,AEMO,PUBLIC,2019/09/05,19:55:07,0000000312434795,DISPATCHSCADA,0000000312434789
I,DISPATCH,UNIT_SCADA,1,SETTLEMENTDATE,DUID,SCADAVALUE
D,DISPATCH,UNIT_SCADA,1,"2019/09/05 20:00:00",BARCSF1,0.30
D,DISPATCH,UNIT_SCADA,1,"2019/09/05 20:00:00",BUTLERSG,10.199999
D,DISPATCH,UNIT_SCADA,1,"2019/09/05 20:00:00",CALL_A_4,0
D,DISPATCH,UNIT_SCADA,1,"2019/09/05 20:00:00",CAPTL_WF,13.755997
D,DISPATCH,UNIT_SCADA,1,"2019/09/05 20:00:00",CATHROCK,0
D,DISPATCH,UNIT_SCADA,1,"2019/09/05 20:00:00",CHALLHWF,0.20
D,DISPATCH,UNIT_SCADA,1,"2019/09/05 20:00:00",CLOVER,-0.01
D,DISPATCH,UNIT_SCADA,1,"2019/09/05 20:00:00",CLUNY,17.344473
D,DISPATCH,UNIT_SCADA,1,"2019/09/05 20:00:00",CNUNDAWF,4.004672
D,DISPATCH,UNIT_SCADA,1,"2019/09/05 20:00:00",CULLRGWF,11.40
D,DISPATCH,UNIT_SCADA,1,"2019/09/05 20:00:00",ERGT01,0
D,DISPATCH,UNIT_SCADA,1,"2019/09/05 20:00:00",GB01,0.017281
D,DISPATCH,UNIT_SCADA,1,"2019/09/05 20:00:00",GERMCRK,37.700001
D,DISPATCH,UNIT_SCADA,1,"2019/09/05 20:00:00",GRIFSF1,0
D,DISPATCH,UNIT_SCADA,1,"2019/09/05 20:00:00",HUGSF1,-0.1310
D,DISPATCH,UNIT_SCADA,1,"2019/09/05 20:00:00",LKBONNY1,4.018921
D,DISPATCH,UNIT_SCADA,1,"2019/09/05 20:00:00",LRSF1,-0.0010
D,DISPATCH,UNIT_SCADA,1,"2019/09/05 20:00:00",MBAHNTH,46.856247
D,DISPATCH,UNIT_SCADA,1,"2019/09/05 20:00:00",MLSP1,0
D,DISPATCH,UNIT_SCADA,1,"2019/09/05 20:00:00",MLWF1,0.5850
D,DISPATCH,UNIT_SCADA,1,"2019/09/05 20:00:00",MTMILLAR,30.196842
D,DISPATCH,UNIT_SCADA,1,"2019/09/05 20:00:00",PALOONA,25.599998
D,DISPATCH,UNIT_SCADA,1,"2019/09/05 20:00:00",PIONEER,48.400002
D,DISPATCH,UNIT_SCADA,1,"2019/09/05 20:00:00",PORTWF,54.400002
D,DISPATCH,UNIT_SCADA,1,"2019/09/05 20:00:00",REPULSE,33.095596
D,DISPATCH,UNIT_SCADA,1,"2019/09/05 20:00:00",ROWALLAN,10.3873
D,DISPATCH,UNIT_SCADA,1,"2019/09/05 20:00:00",ROYALLA1,0
D,DISPATCH,UNIT_SCADA,1,"2019/09/05 20:00:00",RPCG,9.80
D,DISPATCH,UNIT_SCADA,1,"2019/09/05 20:00:00",RUBICON,0
D,DISPATCH,UNIT_SCADA,1,"2019/09/05 20:00:00",SATGN1,0
D,DISPATCH,UNIT_SCADA,1,"2019/09/05 20:00:00",SATGS1,0
D,DISPATCH,UNIT_SCADA,1,"2019/09/05 20:00:00",STARHLWF,29.591372
D,DISPATCH,UNIT_SCADA,1,"2019/09/05 20:00:00",WAUBRAWF,68.7080
D,DISPATCH,UNIT_SCADA,1,"2019/09/05 20:00:00",WOOLNTH1,121.940018
D,DISPATCH,UNIT_SCADA,1,"2019/09/05 20:00:00",WPWF,42
D,DISPATCH,UNIT_SCADA,1,"2019/09/05 20:00:00",YAMBUKWF,3.10
D,DISPATCH,UNIT_SCADA,1,"2019/09/05 20:00:00",YSWF1,2.40
D,DISPATCH,UNIT_SCADA,1,"2019/09/05 20:00:00",AGLHAL,0
D,DISPATCH,UNIT_SCADA,1,"2019/09/05 20:00:00",AGLSOM,119.20
D,DISPATCH,UNIT_SCADA,1,"2019/09/05 20:00:00",ANGAST1,0
D,DISPATCH,UNIT_SCADA,1,"2019/09/05 20:00:00",ARWF1,28.80
D,DISPATCH,UNIT_SCADA,1,"2019/09/05 20:00:00",BALBG1,0
D,DISPATCH,UNIT_SCADA,1,"2019/09/05 20:00:00",BALBL1,1
D,DISPATCH,UNIT_SCADA,1,"2019/09/05 20:00:00",BALDHWF1,98.9150
D,DISPATCH,UNIT_SCADA,1,"2019/09/05 20:00:00",BANN1,0
D,DISPATCH,UNIT_SCADA,1,"2019/09/05 20:00:00",BARCALDN,0
D,DISPATCH,UNIT_SCADA,1,"2019/09/05 20:00:00",BARRON-1,33.80
D,DISPATCH,UNIT_SCADA,1,"2019/09/05 20:00:00",BARRON-2,0
D,DISPATCH,UNIT_SCADA,1,"2019/09/05 20:00:00",BASTYAN,81.040010
D,DISPATCH,UNIT_SCADA,1,"2019/09/05 20:00:00",BBTHREE1,0
D,DISPATCH,UNIT_SCADA,1,"2019/09/05 20:00:00",BBTHREE2,0
D,DISPATCH,UNIT_SCADA,1,"2019/09/05 20:00:00",BBTHREE3,0
D,DISPATCH,UNIT_SCADA,1,"2019/09/05 20:00:00",BDL01,43.56
D,DISPATCH,UNIT_SCADA,1,"2019/09/05 20:00:00",BDL02,43.86
D,DISPATCH,UNIT_SCADA,1,"2019/09/05 20:00:00",BERYLSF1,0
D,DISPATCH,UNIT_SCADA,1,"2019/09/05 20:00:00",BLOWERNG,15.40
D,DISPATCH,UNIT_SCADA,1,"2019/09/05 20:00:00",BLUFF1,42.40
D,DISPATCH,UNIT_SCADA,1,"2019/09/05 20:00:00",BNGSF1,0
D,DISPATCH,UNIT_SCADA,1,"2019/09/05 20:00:00",BNGSF2,0
D,DISPATCH,UNIT_SCADA,1,"2019/09/05 20:00:00",BOCORWF1,4.67
D,DISPATCH,UNIT_SCADA,1,"2019/09/05 20:00:00",BODWF1,7.270530
D,DISPATCH,UNIT_SCADA,1,"2019/09/05 20:00:00",BRAEMAR1,0
D,DISPATCH,UNIT_SCADA,1,"2019/09/05 20:00:00",BRAEMAR2,173.400010
D,DISPATCH,UNIT_SCADA,1,"2019/09/05 20:00:00",BRAEMAR3,173.400010
D,DISPATCH,UNIT_SCADA,1,"2019/09/05 20:00:00",BRAEMAR5,139.986910
D,DISPATCH,UNIT_SCADA,1,"2019/09/05 20:00:00",BRAEMAR6,0
D,DISPATCH,UNIT_SCADA,1,"2019/09/05 20:00:00",BRAEMAR7,0
D,DISPATCH,UNIT_SCADA,1,"2019/09/05 20:00:00",BROKENH1,0
D,DISPATCH,UNIT_SCADA,1,"2019/09/05 20:00:00",BW01,548.824950
D,DISPATCH,UNIT_SCADA,1,"2019/09/05 20:00:00",BW02,640.1250
D,DISPATCH,UNIT_SCADA,1,"2019/09/05 20:00:00",BW03,633.75
D,DISPATCH,UNIT_SCADA,1,"2019/09/05 20:00:00",BW04,0
D,DISPATCH,UNIT_SCADA,1,"2019/09/05 20:00:00",CALL_B_1,332.700010
D,DISPATCH,UNIT_SCADA,1,"2019/09/05 20:00:00",CALL_B_2,281.600010
D,DISPATCH,UNIT_SCADA,1,"2019/09/05 20:00:00",CETHANA,96.9870
D,DISPATCH,UNIT_SCADA,1,"2019/09/05 20:00:00",CG1,0
D,DISPATCH,UNIT_SCADA,1,"2019/09/05 20:00:00",CG2,0
D,DISPATCH,UNIT_SCADA,1,"2019/09/05 20:00:00",CG3,0
D,DISPATCH,UNIT_SCADA,1,"2019/09/05 20:00:00",CG4,0
D,DISPATCH,UNIT_SCADA,1,"2019/09/05 20:00:00",CHILDSF1,0
D,DISPATCH,UNIT_SCADA,1,"2019/09/05 20:00:00",CLARESF1,0
D,DISPATCH,UNIT_SCADA,1,"2019/09/05 20:00:00",CLEMGPWF,30.326740
D,DISPATCH,UNIT_SCADA,1,"2019/09/05 20:00:00",CLERMSF1,0
D,DISPATCH,UNIT_SCADA,1,"2019/09/05 20:00:00",COLEASF1,0
D,DISPATCH,UNIT_SCADA,1,"2019/09/05 20:00:00",COOPGWF1,6.094960
D,DISPATCH,UNIT_SCADA,1,"2019/09/05 20:00:00",CPP_3,407
D,DISPATCH,UNIT_SCADA,1,"2019/09/05 20:00:00",CPP_4,405.6250
D,DISPATCH,UNIT_SCADA,1,"2019/09/05 20:00:00",CPSA,142.0475
D,DISPATCH,UNIT_SCADA,1,"2019/09/05 20:00:00",CROOKWF2,19.723750
D,DISPATCH,UNIT_SCADA,1,"2019/09/05 20:00:00",CROWLWF1,23.714820
D,DISPATCH,UNIT_SCADA,1,"2019/09/05 20:00:00",CSPVPS1,0.0210
D,DISPATCH,UNIT_SCADA,1,"2019/09/05 20:00:00",DALNTH01,0
D,DISPATCH,UNIT_SCADA,1,"2019/09/05 20:00:00",DALNTHL1,0.151060
D,DISPATCH,UNIT_SCADA,1,"2019/09/05 20:00:00",DARTM1,133.100010
D,DISPATCH,UNIT_SCADA,1,"2019/09/05 20:00:00",DAYDSF1,0
D,DISPATCH,UNIT_SCADA,1,"2019/09/05 20:00:00",DDPS1,603.745480
D,DISPATCH,UNIT_SCADA,1,"2019/09/05 20:00:00",DDSF1,0
D,DISPATCH,UNIT_SCADA,1,"2019/09/05 20:00:00",DEVILS_G,63.854490
D,DISPATCH,UNIT_SCADA,1,"2019/09/05 20:00:00",DG_NSW1,0
D,DISPATCH,UNIT_SCADA,1,"2019/09/05 20:00:00",DG_QLD1,0
D,DISPATCH,UNIT_SCADA,1,"2019/09/05 20:00:00",DG_SA1,0
D,DISPATCH,UNIT_SCADA,1,"2019/09/05 20:00:00",DG_TAS1,0
D,DISPATCH,UNIT_SCADA,1,"2019/09/05 20:00:00",DG_VIC1,0
D,DISPATCH,UNIT_SCADA,1,"2019/09/05 20:00:00",DRYCGT1,0
D,DISPATCH,UNIT_SCADA,1,"2019/09/05 20:00:00",DRYCGT2,0
D,DISPATCH,UNIT_SCADA,1,"2019/09/05 20:00:00",DRYCGT3,0
D,DISPATCH,UNIT_SCADA,1,"2019/09/05 20:00:00",EILDON1,0
D,DISPATCH,UNIT_SCADA,1,"2019/09/05 20:00:00",EILDON2,0
D,DISPATCH,UNIT_SCADA,1,"2019/09/05 20:00:00",EMERASF1,0
D,DISPATCH,UNIT_SCADA,1,"2019/09/05 20:00:00",ER01,582.0249
D,DISPATCH,UNIT_SCADA,1,"2019/09/05 20:00:00",ER02,593.474980
D,DISPATCH,UNIT_SCADA,1,"2019/09/05 20:00:00",ER03,0
D,DISPATCH,UNIT_SCADA,1,"2019/09/05 20:00:00",ER04,671.1001
D,DISPATCH,UNIT_SCADA,1,"2019/09/05 20:00:00",FINLYSF1,0
D,DISPATCH,UNIT_SCADA,1,"2019/09/05 20:00:00",FISHER,46.07
D,DISPATCH,UNIT_SCADA,1,"2019/09/05 20:00:00",GANNBG1,11.331860
D,DISPATCH,UNIT_SCADA,1,"2019/09/05 20:00:00",GANNBL1,0
D,DISPATCH,UNIT_SCADA,1,"2019/09/05 20:00:00",GANNSF1,0
D,DISPATCH,UNIT_SCADA,1,"2019/09/05 20:00:00",GORDON,20.635440
D,DISPATCH,UNIT_SCADA,1,"2019/09/05 20:00:00",GSTONE1,214.899990
D,DISPATCH,UNIT_SCADA,1,"2019/09/05 20:00:00",GSTONE2,210.8750
D,DISPATCH,UNIT_SCADA,1,"2019/09/05 20:00:00",GSTONE3,0
D,DISPATCH,UNIT_SCADA,1,"2019/09/05 20:00:00",GSTONE4,254.6250
D,DISPATCH,UNIT_SCADA,1,"2019/09/05 20:00:00",GSTONE5,214.20
D,DISPATCH,UNIT_SCADA,1,"2019/09/05 20:00:00",GSTONE6,214.899990
D,DISPATCH,UNIT_SCADA,1,"2019/09/05 20:00:00",GULLRSF1,0
D,DISPATCH,UNIT_SCADA,1,"2019/09/05 20:00:00",GULLRWF1,29.265080
D,DISPATCH,UNIT_SCADA,1,"2019/09/05 20:00:00",GUNNING1,14.8152
D,DISPATCH,UNIT_SCADA,1,"2019/09/05 20:00:00",GUTHEGA,31.10
D,DISPATCH,UNIT_SCADA,1,"2019/09/05 20:00:00",HALLWF1,91.60
D,DISPATCH,UNIT_SCADA,1,"2019/09/05 20:00:00",HALLWF2,59.74
D,DISPATCH,UNIT_SCADA,1,"2019/09/05 20:00:00",HAMISF1,0
D,DISPATCH,UNIT_SCADA,1,"2019/09/05 20:00:00",HAUGHT11,0
D,DISPATCH,UNIT_SCADA,1,"2019/09/05 20:00:00",HAYMSF1,0
D,DISPATCH,UNIT_SCADA,1,"2019/09/05 20:00:00",HDWF1,66.70
D,DISPATCH,UNIT_SCADA,1,"2019/09/05 20:00:00",HDWF2,63
D,DISPATCH,UNIT_SCADA,1,"2019/09/05 20:00:00",HDWF3,67.50
D,DISPATCH,UNIT_SCADA,1,"2019/09/05 20:00:00",HPRG1,14.10
D,DISPATCH,UNIT_SCADA,1,"2019/09/05 20:00:00",HPRL1,0
D,DISPATCH,UNIT_SCADA,1,"2019/09/05 20:00:00",HUMENSW,0
D,DISPATCH,UNIT_SCADA,1,"2019/09/05 20:00:00",HUMEV,25.10
D,DISPATCH,UNIT_SCADA,1,"2019/09/05 20:00:00",HVGTS,0
D,DISPATCH,UNIT_SCADA,1,"2019/09/05 20:00:00",JBUTTERS,23.51
D,DISPATCH,UNIT_SCADA,1,"2019/09/05 20:00:00",JLA01,0.10
D,DISPATCH,UNIT_SCADA,1,"2019/09/05 20:00:00",JLA02,0
D,DISPATCH,UNIT_SCADA,1,"2019/09/05 20:00:00",JLA03,0
D,DISPATCH,UNIT_SCADA,1,"2019/09/05 20:00:00",JLA04,0
D,DISPATCH,UNIT_SCADA,1,"2019/09/05 20:00:00",JLB01,0
D,DISPATCH,UNIT_SCADA,1,"2019/09/05 20:00:00",JLB02,83.40
D,DISPATCH,UNIT_SCADA,1,"2019/09/05 20:00:00",JLB03,83.10
D,DISPATCH,UNIT_SCADA,1,"2019/09/05 20:00:00",KAREEYA1,21.54
D,DISPATCH,UNIT_SCADA,1,"2019/09/05 20:00:00",KAREEYA2,21.7750
D,DISPATCH,UNIT_SCADA,1,"2019/09/05 20:00:00",KAREEYA3,0
D,DISPATCH,UNIT_SCADA,1,"2019/09/05 20:00:00",KAREEYA4,21.5875
D,DISPATCH,UNIT_SCADA,1,"2019/09/05 20:00:00",KARSF1,0
D,DISPATCH,UNIT_SCADA,1,"2019/09/05 20:00:00",KIATAWF1,30.50
D,DISPATCH,UNIT_SCADA,1,"2019/09/05 20:00:00",KPP_1,0
D,DISPATCH,UNIT_SCADA,1,"2019/09/05 20:00:00",KSP1,0
D,DISPATCH,UNIT_SCADA,1,"2019/09/05 20:00:00",LADBROK1,41.52
D,DISPATCH,UNIT_SCADA,1,"2019/09/05 20:00:00",LADBROK2,42.19
D,DISPATCH,UNIT_SCADA,1,"2019/09/05 20:00:00",LD01,418.387480
D,DISPATCH,UNIT_SCADA,1,"2019/09/05 20:00:00",LD02,398.906250
D,DISPATCH,UNIT_SCADA,1,"2019/09/05 20:00:00",LD03,414.150050
D,DISPATCH,UNIT_SCADA,1,"2019/09/05 20:00:00",LD04,375.881320
D,DISPATCH,UNIT_SCADA,1,"2019/09/05 20:00:00",LEM_WIL,85.2420
D,DISPATCH,UNIT_SCADA,1,"2019/09/05 20:00:00",LGAPWF1,12.39
D,DISPATCH,UNIT_SCADA,1,"2019/09/05 20:00:00",LILYSF1,0
D,DISPATCH,UNIT_SCADA,1,"2019/09/05 20:00:00",LI_WY_CA,136.190860
D,DISPATCH,UNIT_SCADA,1,"2019/09/05 20:00:00",LKBONNY2,30.716290
D,DISPATCH,UNIT_SCADA,1,"2019/09/05 20:00:00",LKBONNY3,11.387690
D,DISPATCH,UNIT_SCADA,1,"2019/09/05 20:00:00",LK_ECHO,0
D,DISPATCH,UNIT_SCADA,1,"2019/09/05 20:00:00",LNGS1,0
D,DISPATCH,UNIT_SCADA,1,"2019/09/05 20:00:00",LNGS2,0
D,DISPATCH,UNIT_SCADA,1,"2019/09/05 20:00:00",LONSDALE,0
D,DISPATCH,UNIT_SCADA,1,"2019/09/05 20:00:00",LOYYB1,537.592410
D,DISPATCH,UNIT_SCADA,1,"2019/09/05 20:00:00",LOYYB2,583.834170
D,DISPATCH,UNIT_SCADA,1,"2019/09/05 20:00:00",LYA1,0
D,DISPATCH,UNIT_SCADA,1,"2019/09/05 20:00:00",LYA2,0
D,DISPATCH,UNIT_SCADA,1,"2019/09/05 20:00:00",LYA3,558
D,DISPATCH,UNIT_SCADA,1,"2019/09/05 20:00:00",LYA4,540
D,DISPATCH,UNIT_SCADA,1,"2019/09/05 20:00:00",MACARTH1,12.9997
D,DISPATCH,UNIT_SCADA,1,"2019/09/05 20:00:00",MACKAYGT,0.2240
D,DISPATCH,UNIT_SCADA,1,"2019/09/05 20:00:00",MACKNTSH,88.84
D,DISPATCH,UNIT_SCADA,1,"2019/09/05 20:00:00",MANSLR1,0
D,DISPATCH,UNIT_SCADA,1,"2019/09/05 20:00:00",MCKAY1,133.7850
D,DISPATCH,UNIT_SCADA,1,"2019/09/05 20:00:00",MEADOWBK,34.095940
D,DISPATCH,UNIT_SCADA,1,"2019/09/05 20:00:00",MERCER01,71.1880
D,DISPATCH,UNIT_SCADA,1,"2019/09/05 20:00:00",MEWF1,21.722110
D,DISPATCH,UNIT_SCADA,1,"2019/09/05 20:00:00",MINTARO,0
D,DISPATCH,UNIT_SCADA,1,"2019/09/05 20:00:00",MOREESF1,0
D,DISPATCH,UNIT_SCADA,1,"2019/09/05 20:00:00",MORTLK11,260
D,DISPATCH,UNIT_SCADA,1,"2019/09/05 20:00:00",MORTLK12,0
D,DISPATCH,UNIT_SCADA,1,"2019/09/05 20:00:00",MP1,214.950010
D,DISPATCH,UNIT_SCADA,1,"2019/09/05 20:00:00",MP2,0
D,DISPATCH,UNIT_SCADA,1,"2019/09/05 20:00:00",MPP_1,400.50
D,DISPATCH,UNIT_SCADA,1,"2019/09/05 20:00:00",MPP_2,434.75
D,DISPATCH,UNIT_SCADA,1,"2019/09/05 20:00:00",MSTUART1,0
D,DISPATCH,UNIT_SCADA,1,"2019/09/05 20:00:00",MSTUART2,0
D,DISPATCH,UNIT_SCADA,1,"2019/09/05 20:00:00",MSTUART3,0
D,DISPATCH,UNIT_SCADA,1,"2019/09/05 20:00:00",MTGELWF1,29.995120
D,DISPATCH,UNIT_SCADA,1,"2019/09/05 20:00:00",MURRAY,0
D,DISPATCH,UNIT_SCADA,1,"2019/09/05 20:00:00",MUSSELR1,38.50
D,DISPATCH,UNIT_SCADA,1,"2019/09/05 20:00:00",MUWAWF1,43.54
D,DISPATCH,UNIT_SCADA,1,"2019/09/05 20:00:00",NBHWF1,105.80
D,DISPATCH,UNIT_SCADA,1,"2019/09/05 20:00:00",NPS,505.1250
D,DISPATCH,UNIT_SCADA,1,"2019/09/05 20:00:00",NUMURSF1,0
D,DISPATCH,UNIT_SCADA,1,"2019/09/05 20:00:00",NYNGAN1,0
D,DISPATCH,UNIT_SCADA,1,"2019/09/05 20:00:00",OAKEY1,0
D,DISPATCH,UNIT_SCADA,1,"2019/09/05 20:00:00",OAKEY1SF,0
D,DISPATCH,UNIT_SCADA,1,"2019/09/05 20:00:00",OAKEY2,0
D,DISPATCH,UNIT_SCADA,1,"2019/09/05 20:00:00",OAKEY2SF,0
D,DISPATCH,UNIT_SCADA,1,"2019/09/05 20:00:00",OAKLAND1,2.60
D,DISPATCH,UNIT_SCADA,1,"2019/09/05 20:00:00",OSB-AG,179.739990
D,DISPATCH,UNIT_SCADA,1,"2019/09/05 20:00:00",PARSF1,0
D,DISPATCH,UNIT_SCADA,1,"2019/09/05 20:00:00",POAT110,0
D,DISPATCH,UNIT_SCADA,1,"2019/09/05 20:00:00",POAT220,0
D,DISPATCH,UNIT_SCADA,1,"2019/09/05 20:00:00",POR01,0
D,DISPATCH,UNIT_SCADA,1,"2019/09/05 20:00:00",POR03,0
D,DISPATCH,UNIT_SCADA,1,"2019/09/05 20:00:00",PPCCGT,474.207120
D,DISPATCH,UNIT_SCADA,1,"2019/09/05 20:00:00",PTSTAN1,0
D,DISPATCH,UNIT_SCADA,1,"2019/09/05 20:00:00",PUMP1,0
D,DISPATCH,UNIT_SCADA,1,"2019/09/05 20:00:00",PUMP2,0
D,DISPATCH,UNIT_SCADA,1,"2019/09/05 20:00:00",QPS1,29
D,DISPATCH,UNIT_SCADA,1,"2019/09/05 20:00:00",QPS2,0
D,DISPATCH,UNIT_SCADA,1,"2019/09/05 20:00:00",QPS3,0
D,DISPATCH,UNIT_SCADA,1,"2019/09/05 20:00:00",QPS4,0
D,DISPATCH,UNIT_SCADA,1,"2019/09/05 20:00:00",QPS5,72.66
D,DISPATCH,UNIT_SCADA,1,"2019/09/05 20:00:00",REECE1,117.350010
D,DISPATCH,UNIT_SCADA,1,"2019/09/05 20:00:00",REECE2,117.480010
D,DISPATCH,UNIT_SCADA,1,"2019/09/05 20:00:00",ROMA_7,0
D,DISPATCH,UNIT_SCADA,1,"2019/09/05 20:00:00",ROMA_8,0
D,DISPATCH,UNIT_SCADA,1,"2019/09/05 20:00:00",RRSF1,0
D,DISPATCH,UNIT_SCADA,1,"2019/09/05 20:00:00",RT_NSW1,0
D,DISPATCH,UNIT_SCADA,1,"2019/09/05 20:00:00",RT_NSW2,0
D,DISPATCH,UNIT_SCADA,1,"2019/09/05 20:00:00",RT_NSW3,0
D,DISPATCH,UNIT_SCADA,1,"2019/09/05 20:00:00",RT_NSW4,0
D,DISPATCH,UNIT_SCADA,1,"2019/09/05 20:00:00",RT_NSW5,0
D,DISPATCH,UNIT_SCADA,1,"2019/09/05 20:00:00",RT_NSW6,0
D,DISPATCH,UNIT_SCADA,1,"2019/09/05 20:00:00",RT_QLD1,0
D,DISPATCH,UNIT_SCADA,1,"2019/09/05 20:00:00",RT_SA1,0
D,DISPATCH,UNIT_SCADA,1,"2019/09/05 20:00:00",RT_SA2,0
D,DISPATCH,UNIT_SCADA,1,"2019/09/05 20:00:00",RT_SA3,0
D,DISPATCH,UNIT_SCADA,1,"2019/09/05 20:00:00",RT_SA4,0
D,DISPATCH,UNIT_SCADA,1,"2019/09/05 20:00:00",RT_SA5,0
D,DISPATCH,UNIT_SCADA,1,"2019/09/05 20:00:00",RT_SA6,0
D,DISPATCH,UNIT_SCADA,1,"2019/09/05 20:00:00",RT_TAS1,0
D,DISPATCH,UNIT_SCADA,1,"2019/09/05 20:00:00",RT_VIC1,0
D,DISPATCH,UNIT_SCADA,1,"2019/09/05 20:00:00",RT_VIC10,0
D,DISPATCH,UNIT_SCADA,1,"2019/09/05 20:00:00",RT_VIC11,0
D,DISPATCH,UNIT_SCADA,1,"2019/09/05 20:00:00",RT_VIC12,0
D,DISPATCH,UNIT_SCADA,1,"2019/09/05 20:00:00",RT_VIC2,0
D,DISPATCH,UNIT_SCADA,1,"2019/09/05 20:00:00",RT_VIC3,0
D,DISPATCH,UNIT_SCADA,1,"2019/09/05 20:00:00",RT_VIC4,0
D,DISPATCH,UNIT_SCADA,1,"2019/09/05 20:00:00",RT_VIC5,0
D,DISPATCH,UNIT_SCADA,1,"2019/09/05 20:00:00",RT_VIC6,0
D,DISPATCH,UNIT_SCADA,1,"2019/09/05 20:00:00",RT_VIC7,0
D,DISPATCH,UNIT_SCADA,1,"2019/09/05 20:00:00",RT_VIC8,0
D,DISPATCH,UNIT_SCADA,1,"2019/09/05 20:00:00",RT_VIC9,0
D,DISPATCH,UNIT_SCADA,1,"2019/09/05 20:00:00",RUGBYR1,0
D,DISPATCH,UNIT_SCADA,1,"2019/09/05 20:00:00",SALTCRK1,6.59
D,DISPATCH,UNIT_SCADA,1,"2019/09/05 20:00:00",SAPHWF1,52.350010
D,DISPATCH,UNIT_SCADA,1,"2019/09/05 20:00:00",SHGEN,162.762370
D,DISPATCH,UNIT_SCADA,1,"2019/09/05 20:00:00",SHPUMP,0
D,DISPATCH,UNIT_SCADA,1,"2019/09/05 20:00:00",SITHE01,0.214140
D,DISPATCH,UNIT_SCADA,1,"2019/09/05 20:00:00",SMCSF1,0
D,DISPATCH,UNIT_SCADA,1,"2019/09/05 20:00:00",SNOWNTH1,86.70
D,DISPATCH,UNIT_SCADA,1,"2019/09/05 20:00:00",SNOWSTH1,93.80
D,DISPATCH,UNIT_SCADA,1,"2019/09/05 20:00:00",SNOWTWN1,72.0507
D,DISPATCH,UNIT_SCADA,1,"2019/09/05 20:00:00",SNOWYP,0
D,DISPATCH,UNIT_SCADA,1,"2019/09/05 20:00:00",SNUG1,0.019440
D,DISPATCH,UNIT_SCADA,1,"2019/09/05 20:00:00",SRSF1,0.22
D,DISPATCH,UNIT_SCADA,1,"2019/09/05 20:00:00",STAN-1,255.9202
D,DISPATCH,UNIT_SCADA,1,"2019/09/05 20:00:00",STAN-2,358.321590
D,DISPATCH,UNIT_SCADA,1,"2019/09/05 20:00:00",STAN-3,365.550840
D,DISPATCH,UNIT_SCADA,1,"2019/09/05 20:00:00",STAN-4,365.384220
D,DISPATCH,UNIT_SCADA,1,"2019/09/05 20:00:00",STWF1,0
D,DISPATCH,UNIT_SCADA,1,"2019/09/05 20:00:00",SWAN_E,0
D,DISPATCH,UNIT_SCADA,1,"2019/09/05 20:00:00",TALWA1,414
D,DISPATCH,UNIT_SCADA,1,"2019/09/05 20:00:00",TARALGA1,12.9150
D,DISPATCH,UNIT_SCADA,1,"2019/09/05 20:00:00",TARONG#1,349.50
D,DISPATCH,UNIT_SCADA,1,"2019/09/05 20:00:00",TARONG#2,0
D,DISPATCH,UNIT_SCADA,1,"2019/09/05 20:00:00",TARONG#3,349.600010
D,DISPATCH,UNIT_SCADA,1,"2019/09/05 20:00:00",TARONG#4,350.50
D,DISPATCH,UNIT_SCADA,1,"2019/09/05 20:00:00",TARRALEA,74
D,DISPATCH,UNIT_SCADA,1,"2019/09/05 20:00:00",TBSF1,-0.20
D,DISPATCH,UNIT_SCADA,1,"2019/09/05 20:00:00",TNPS1,397.600010
D,DISPATCH,UNIT_SCADA,1,"2019/09/05 20:00:00",TORRA1,69.296820
D,DISPATCH,UNIT_SCADA,1,"2019/09/05 20:00:00",TORRA2,0
D,DISPATCH,UNIT_SCADA,1,"2019/09/05 20:00:00",TORRA3,0
D,DISPATCH,UNIT_SCADA,1,"2019/09/05 20:00:00",TORRA4,70.643620
D,DISPATCH,UNIT_SCADA,1,"2019/09/05 20:00:00",TORRB1,75.69
D,DISPATCH,UNIT_SCADA,1,"2019/09/05 20:00:00",TORRB2,76.64
D,DISPATCH,UNIT_SCADA,1,"2019/09/05 20:00:00",TORRB3,75.41
D,DISPATCH,UNIT_SCADA,1,"2019/09/05 20:00:00",TORRB4,0
D,DISPATCH,UNIT_SCADA,1,"2019/09/05 20:00:00",TREVALLN,89.800030
D,DISPATCH,UNIT_SCADA,1,"2019/09/05 20:00:00",TRIBUTE,0
D,DISPATCH,UNIT_SCADA,1,"2019/09/05 20:00:00",TUMUT3,200.80
D,DISPATCH,UNIT_SCADA,1,"2019/09/05 20:00:00",TUNGATIN,94.600030
D,DISPATCH,UNIT_SCADA,1,"2019/09/05 20:00:00",TVCC201,0
D,DISPATCH,UNIT_SCADA,1,"2019/09/05 20:00:00",TVPP104,0
D,DISPATCH,UNIT_SCADA,1,"2019/09/05 20:00:00",UPPTUMUT,571.123660
D,DISPATCH,UNIT_SCADA,1,"2019/09/05 20:00:00",URANQ11,19.018740
D,DISPATCH,UNIT_SCADA,1,"2019/09/05 20:00:00",URANQ12,21.218750
D,DISPATCH,UNIT_SCADA,1,"2019/09/05 20:00:00",URANQ13,27.9875
D,DISPATCH,UNIT_SCADA,1,"2019/09/05 20:00:00",URANQ14,0
D,DISPATCH,UNIT_SCADA,1,"2019/09/05 20:00:00",VP5,407.275020
D,DISPATCH,UNIT_SCADA,1,"2019/09/05 20:00:00",VP6,0
D,DISPATCH,UNIT_SCADA,1,"2019/09/05 20:00:00",VPGS1,0
D,DISPATCH,UNIT_SCADA,1,"2019/09/05 20:00:00",VPGS2,0
D,DISPATCH,UNIT_SCADA,1,"2019/09/05 20:00:00",VPGS3,0
D,DISPATCH,UNIT_SCADA,1,"2019/09/05 20:00:00",VPGS4,0
D,DISPATCH,UNIT_SCADA,1,"2019/09/05 20:00:00",VPGS5,0
D,DISPATCH,UNIT_SCADA,1,"2019/09/05 20:00:00",VPGS6,0
D,DISPATCH,UNIT_SCADA,1,"2019/09/05 20:00:00",W/HOE#1,0
D,DISPATCH,UNIT_SCADA,1,"2019/09/05 20:00:00",W/HOE#2,0
D,DISPATCH,UNIT_SCADA,1,"2019/09/05 20:00:00",WATERLWF,115.20
D,DISPATCH,UNIT_SCADA,1,"2019/09/05 20:00:00",WEMENSF1,0
D,DISPATCH,UNIT_SCADA,1,"2019/09/05 20:00:00",WGWF1,64.20
D,DISPATCH,UNIT_SCADA,1,"2019/09/05 20:00:00",WHITSF1,0
D,DISPATCH,UNIT_SCADA,1,"2019/09/05 20:00:00",WKIEWA1,32.80
D,DISPATCH,UNIT_SCADA,1,"2019/09/05 20:00:00",WKIEWA2,32.70
D,DISPATCH,UNIT_SCADA,1,"2019/09/05 20:00:00",WOODLWN1,3.9780
D,DISPATCH,UNIT_SCADA,1,"2019/09/05 20:00:00",WRSF1,0
D,DISPATCH,UNIT_SCADA,1,"2019/09/05 20:00:00",WRWF1,18.189990
D,DISPATCH,UNIT_SCADA,1,"2019/09/05 20:00:00",YABULU,160.470020
D,DISPATCH,UNIT_SCADA,1,"2019/09/05 20:00:00",YABULU2,0
D,DISPATCH,UNIT_SCADA,1,"2019/09/05 20:00:00",YARWUN_1,162.22
D,DISPATCH,UNIT_SCADA,1,"2019/09/05 20:00:00",YENDWF1,41.97
D,DISPATCH,UNIT_SCADA,1,"2019/09/05 20:00:00",YWPS1,379.949370
D,DISPATCH,UNIT_SCADA,1,"2019/09/05 20:00:00",YWPS2,276.187350
D,DISPATCH,UNIT_SCADA,1,"2019/09/05 20:00:00",YWPS3,331.443020
D,DISPATCH,UNIT_SCADA,1,"2019/09/05 20:00:00",YWPS4,397.213930
C,"END OF REPORT",335
