C,NEMP.WORLD,DISPATCHSCADA,AEMO,PUBLIC,2019/08/20,18:20:07,0000000311796332,DISPATCHSCADA,0000000311796326
I,DISPATCH,UNIT_SCADA,1,SETTLEMENTDATE,DUID,SCADAVALUE
D,DISPATCH,UNIT_SCADA,1,"2019/08/20 18:25:00",BARCSF1,0.50
D,DISPATCH,UNIT_SCADA,1,"2019/08/20 18:25:00",BUTLERSG,9.699999
D,DISPATCH,UNIT_SCADA,1,"2019/08/20 18:25:00",CALL_A_4,0
D,DISPATCH,UNIT_SCADA,1,"2019/08/20 18:25:00",CAPTL_WF,130.540009
D,DISPATCH,UNIT_SCADA,1,"2019/08/20 18:25:00",CATHROCK,54.559998
D,DISPATCH,UNIT_SCADA,1,"2019/08/20 18:25:00",CHALLHWF,29.60
D,DISPATCH,UNIT_SCADA,1,"2019/08/20 18:25:00",CLOVER,-0.02
D,DISPATCH,UNIT_SCADA,1,"2019/08/20 18:25:00",CLUNY,18.382696
D,DISPATCH,UNIT_SCADA,1,"2019/08/20 18:25:00",CNUNDAWF,41.248116
D,DISPATCH,UNIT_SCADA,1,"2019/08/20 18:25:00",CULLRGWF,30.49
D,DISPATCH,UNIT_SCADA,1,"2019/08/20 18:25:00",ERGT01,0
D,DISPATCH,UNIT_SCADA,1,"2019/08/20 18:25:00",GB01,0.068241
D,DISPATCH,UNIT_SCADA,1,"2019/08/20 18:25:00",GERMCRK,25.10
D,DISPATCH,UNIT_SCADA,1,"2019/08/20 18:25:00",GRIFSF1,0
D,DISPATCH,UNIT_SCADA,1,"2019/08/20 18:25:00",HUGSF1,-0.1030
D,DISPATCH,UNIT_SCADA,1,"2019/08/20 18:25:00",LKBONNY1,76.984673
D,DISPATCH,UNIT_SCADA,1,"2019/08/20 18:25:00",LRSF1,0.0290
D,DISPATCH,UNIT_SCADA,1,"2019/08/20 18:25:00",MBAHNTH,56.456253
D,DISPATCH,UNIT_SCADA,1,"2019/08/20 18:25:00",MLSP1,0.283001
D,DISPATCH,UNIT_SCADA,1,"2019/08/20 18:25:00",MLWF1,19.275002
D,DISPATCH,UNIT_SCADA,1,"2019/08/20 18:25:00",MTMILLAR,24.764685
D,DISPATCH,UNIT_SCADA,1,"2019/08/20 18:25:00",PALOONA,7.75
D,DISPATCH,UNIT_SCADA,1,"2019/08/20 18:25:00",PIONEER,8.400001
D,DISPATCH,UNIT_SCADA,1,"2019/08/20 18:25:00",PORTWF,137.300003
D,DISPATCH,UNIT_SCADA,1,"2019/08/20 18:25:00",REPULSE,29.438314
D,DISPATCH,UNIT_SCADA,1,"2019/08/20 18:25:00",ROWALLAN,10.0252
D,DISPATCH,UNIT_SCADA,1,"2019/08/20 18:25:00",ROYALLA1,0
D,DISPATCH,UNIT_SCADA,1,"2019/08/20 18:25:00",RPCG,10.50
D,DISPATCH,UNIT_SCADA,1,"2019/08/20 18:25:00",RUBICON,0
D,DISPATCH,UNIT_SCADA,1,"2019/08/20 18:25:00",SATGN1,0
D,DISPATCH,UNIT_SCADA,1,"2019/08/20 18:25:00",SATGS1,0
D,DISPATCH,UNIT_SCADA,1,"2019/08/20 18:25:00",STARHLWF,30.890991
D,DISPATCH,UNIT_SCADA,1,"2019/08/20 18:25:00",WAUBRAWF,155.007004
D,DISPATCH,UNIT_SCADA,1,"2019/08/20 18:25:00",WOOLNTH1,71.840019
D,DISPATCH,UNIT_SCADA,1,"2019/08/20 18:25:00",WPWF,51
D,DISPATCH,UNIT_SCADA,1,"2019/08/20 18:25:00",YAMBUKWF,29.700001
D,DISPATCH,UNIT_SCADA,1,"2019/08/20 18:25:00",YSWF1,28.60
D,DISPATCH,UNIT_SCADA,1,"2019/08/20 18:25:00",AGLHAL,0
D,DISPATCH,UNIT_SCADA,1,"2019/08/20 18:25:00",AGLSOM,79.50
D,DISPATCH,UNIT_SCADA,1,"2019/08/20 18:25:00",ANGAST1,0
D,DISPATCH,UNIT_SCADA,1,"2019/08/20 18:25:00",ARWF1,35.20
D,DISPATCH,UNIT_SCADA,1,"2019/08/20 18:25:00",BALBG1,16.89
D,DISPATCH,UNIT_SCADA,1,"2019/08/20 18:25:00",BALBL1,0
D,DISPATCH,UNIT_SCADA,1,"2019/08/20 18:25:00",BALDHWF1,103.0390
D,DISPATCH,UNIT_SCADA,1,"2019/08/20 18:25:00",BANN1,0
D,DISPATCH,UNIT_SCADA,1,"2019/08/20 18:25:00",BARCALDN,0
D,DISPATCH,UNIT_SCADA,1,"2019/08/20 18:25:00",BARRON-1,0
D,DISPATCH,UNIT_SCADA,1,"2019/08/20 18:25:00",BARRON-2,29.12
D,DISPATCH,UNIT_SCADA,1,"2019/08/20 18:25:00",BASTYAN,80.48
D,DISPATCH,UNIT_SCADA,1,"2019/08/20 18:25:00",BBTHREE1,-1.94
D,DISPATCH,UNIT_SCADA,1,"2019/08/20 18:25:00",BBTHREE2,-1.90
D,DISPATCH,UNIT_SCADA,1,"2019/08/20 18:25:00",BBTHREE3,-1.03
D,DISPATCH,UNIT_SCADA,1,"2019/08/20 18:25:00",BDL01,0
D,DISPATCH,UNIT_SCADA,1,"2019/08/20 18:25:00",BDL02,42.90
D,DISPATCH,UNIT_SCADA,1,"2019/08/20 18:25:00",BERYLSF1,0
D,DISPATCH,UNIT_SCADA,1,"2019/08/20 18:25:00",BLOWERNG,0
D,DISPATCH,UNIT_SCADA,1,"2019/08/20 18:25:00",BLUFF1,28.40
D,DISPATCH,UNIT_SCADA,1,"2019/08/20 18:25:00",BNGSF1,0.38
D,DISPATCH,UNIT_SCADA,1,"2019/08/20 18:25:00",BNGSF2,0.14
D,DISPATCH,UNIT_SCADA,1,"2019/08/20 18:25:00",BOCORWF1,105.57
D,DISPATCH,UNIT_SCADA,1,"2019/08/20 18:25:00",BODWF1,38.781220
D,DISPATCH,UNIT_SCADA,1,"2019/08/20 18:25:00",BRAEMAR1,0
D,DISPATCH,UNIT_SCADA,1,"2019/08/20 18:25:00",BRAEMAR2,172.80
D,DISPATCH,UNIT_SCADA,1,"2019/08/20 18:25:00",BRAEMAR3,0
D,DISPATCH,UNIT_SCADA,1,"2019/08/20 18:25:00",BRAEMAR5,0
D,DISPATCH,UNIT_SCADA,1,"2019/08/20 18:25:00",BRAEMAR6,159.766340
D,DISPATCH,UNIT_SCADA,1,"2019/08/20 18:25:00",BRAEMAR7,0
D,DISPATCH,UNIT_SCADA,1,"2019/08/20 18:25:00",BROKENH1,0
D,DISPATCH,UNIT_SCADA,1,"2019/08/20 18:25:00",BW01,656.925050
D,DISPATCH,UNIT_SCADA,1,"2019/08/20 18:25:00",BW02,664.400020
D,DISPATCH,UNIT_SCADA,1,"2019/08/20 18:25:00",BW03,653.0249
D,DISPATCH,UNIT_SCADA,1,"2019/08/20 18:25:00",BW04,0
D,DISPATCH,UNIT_SCADA,1,"2019/08/20 18:25:00",CALL_B_1,349.899990
D,DISPATCH,UNIT_SCADA,1,"2019/08/20 18:25:00",CALL_B_2,294
D,DISPATCH,UNIT_SCADA,1,"2019/08/20 18:25:00",CETHANA,94.891370
D,DISPATCH,UNIT_SCADA,1,"2019/08/20 18:25:00",CG1,0
D,DISPATCH,UNIT_SCADA,1,"2019/08/20 18:25:00",CG2,0
D,DISPATCH,UNIT_SCADA,1,"2019/08/20 18:25:00",CG3,0
D,DISPATCH,UNIT_SCADA,1,"2019/08/20 18:25:00",CG4,0
D,DISPATCH,UNIT_SCADA,1,"2019/08/20 18:25:00",CHILDSF1,0
D,DISPATCH,UNIT_SCADA,1,"2019/08/20 18:25:00",CLARESF1,0
D,DISPATCH,UNIT_SCADA,1,"2019/08/20 18:25:00",CLEMGPWF,15.703630
D,DISPATCH,UNIT_SCADA,1,"2019/08/20 18:25:00",CLERMSF1,0
D,DISPATCH,UNIT_SCADA,1,"2019/08/20 18:25:00",COLEASF1,0
D,DISPATCH,UNIT_SCADA,1,"2019/08/20 18:25:00",COOPGWF1,30.457820
D,DISPATCH,UNIT_SCADA,1,"2019/08/20 18:25:00",CPP_3,407.550020
D,DISPATCH,UNIT_SCADA,1,"2019/08/20 18:25:00",CPP_4,405.6250
D,DISPATCH,UNIT_SCADA,1,"2019/08/20 18:25:00",CPSA,142.366260
D,DISPATCH,UNIT_SCADA,1,"2019/08/20 18:25:00",CROOKWF2,83.663750
D,DISPATCH,UNIT_SCADA,1,"2019/08/20 18:25:00",CROWLWF1,43.636740
D,DISPATCH,UNIT_SCADA,1,"2019/08/20 18:25:00",CSPVPS1,0.0190
D,DISPATCH,UNIT_SCADA,1,"2019/08/20 18:25:00",DALNTH01,0
D,DISPATCH,UNIT_SCADA,1,"2019/08/20 18:25:00",DALNTHL1,0.077820
D,DISPATCH,UNIT_SCADA,1,"2019/08/20 18:25:00",DARTM1,134.100010
D,DISPATCH,UNIT_SCADA,1,"2019/08/20 18:25:00",DAYDSF1,0
D,DISPATCH,UNIT_SCADA,1,"2019/08/20 18:25:00",DDPS1,477.6908
D,DISPATCH,UNIT_SCADA,1,"2019/08/20 18:25:00",DDSF1,0
D,DISPATCH,UNIT_SCADA,1,"2019/08/20 18:25:00",DEVILS_G,61.085850
D,DISPATCH,UNIT_SCADA,1,"2019/08/20 18:25:00",DG_NSW1,0
D,DISPATCH,UNIT_SCADA,1,"2019/08/20 18:25:00",DG_QLD1,0
D,DISPATCH,UNIT_SCADA,1,"2019/08/20 18:25:00",DG_SA1,0
D,DISPATCH,UNIT_SCADA,1,"2019/08/20 18:25:00",DG_TAS1,0
D,DISPATCH,UNIT_SCADA,1,"2019/08/20 18:25:00",DG_VIC1,0
D,DISPATCH,UNIT_SCADA,1,"2019/08/20 18:25:00",DRYCGT1,0
D,DISPATCH,UNIT_SCADA,1,"2019/08/20 18:25:00",DRYCGT2,0
D,DISPATCH,UNIT_SCADA,1,"2019/08/20 18:25:00",DRYCGT3,0
D,DISPATCH,UNIT_SCADA,1,"2019/08/20 18:25:00",EILDON1,0
D,DISPATCH,UNIT_SCADA,1,"2019/08/20 18:25:00",EILDON2,0
D,DISPATCH,UNIT_SCADA,1,"2019/08/20 18:25:00",EMERASF1,0
D,DISPATCH,UNIT_SCADA,1,"2019/08/20 18:25:00",ER01,593.400020
D,DISPATCH,UNIT_SCADA,1,"2019/08/20 18:25:00",ER02,675.25
D,DISPATCH,UNIT_SCADA,1,"2019/08/20 18:25:00",ER03,700.675050
D,DISPATCH,UNIT_SCADA,1,"2019/08/20 18:25:00",ER04,662.275020
D,DISPATCH,UNIT_SCADA,1,"2019/08/20 18:25:00",FINLYSF1,0
D,DISPATCH,UNIT_SCADA,1,"2019/08/20 18:25:00",FISHER,46
D,DISPATCH,UNIT_SCADA,1,"2019/08/20 18:25:00",GANNBG1,18.627280
D,DISPATCH,UNIT_SCADA,1,"2019/08/20 18:25:00",GANNBL1,0
D,DISPATCH,UNIT_SCADA,1,"2019/08/20 18:25:00",GANNSF1,0
D,DISPATCH,UNIT_SCADA,1,"2019/08/20 18:25:00",GORDON,17.244640
D,DISPATCH,UNIT_SCADA,1,"2019/08/20 18:25:00",GSTONE1,229.599990
D,DISPATCH,UNIT_SCADA,1,"2019/08/20 18:25:00",GSTONE2,219.80
D,DISPATCH,UNIT_SCADA,1,"2019/08/20 18:25:00",GSTONE3,226.099990
D,DISPATCH,UNIT_SCADA,1,"2019/08/20 18:25:00",GSTONE4,230.8250
D,DISPATCH,UNIT_SCADA,1,"2019/08/20 18:25:00",GSTONE5,229.4250
D,DISPATCH,UNIT_SCADA,1,"2019/08/20 18:25:00",GSTONE6,0
D,DISPATCH,UNIT_SCADA,1,"2019/08/20 18:25:00",GULLRSF1,0
D,DISPATCH,UNIT_SCADA,1,"2019/08/20 18:25:00",GULLRWF1,151.291380
D,DISPATCH,UNIT_SCADA,1,"2019/08/20 18:25:00",GUNNING1,44.590920
D,DISPATCH,UNIT_SCADA,1,"2019/08/20 18:25:00",GUTHEGA,30.80
D,DISPATCH,UNIT_SCADA,1,"2019/08/20 18:25:00",HALLWF1,88.73
D,DISPATCH,UNIT_SCADA,1,"2019/08/20 18:25:00",HALLWF2,63.79
D,DISPATCH,UNIT_SCADA,1,"2019/08/20 18:25:00",HAMISF1,0
D,DISPATCH,UNIT_SCADA,1,"2019/08/20 18:25:00",HAUGHT11,0
D,DISPATCH,UNIT_SCADA,1,"2019/08/20 18:25:00",HAYMSF1,0
D,DISPATCH,UNIT_SCADA,1,"2019/08/20 18:25:00",HDWF1,38.50
D,DISPATCH,UNIT_SCADA,1,"2019/08/20 18:25:00",HDWF2,33.70
D,DISPATCH,UNIT_SCADA,1,"2019/08/20 18:25:00",HDWF3,47.80
D,DISPATCH,UNIT_SCADA,1,"2019/08/20 18:25:00",HPRG1,14
D,DISPATCH,UNIT_SCADA,1,"2019/08/20 18:25:00",HPRL1,0
D,DISPATCH,UNIT_SCADA,1,"2019/08/20 18:25:00",HUMENSW,0
D,DISPATCH,UNIT_SCADA,1,"2019/08/20 18:25:00",HUMEV,9
D,DISPATCH,UNIT_SCADA,1,"2019/08/20 18:25:00",HVGTS,0
D,DISPATCH,UNIT_SCADA,1,"2019/08/20 18:25:00",JBUTTERS,136.509990
D,DISPATCH,UNIT_SCADA,1,"2019/08/20 18:25:00",JLA01,0.50
D,DISPATCH,UNIT_SCADA,1,"2019/08/20 18:25:00",JLA02,0
D,DISPATCH,UNIT_SCADA,1,"2019/08/20 18:25:00",JLA03,0.10
D,DISPATCH,UNIT_SCADA,1,"2019/08/20 18:25:00",JLA04,0.10
D,DISPATCH,UNIT_SCADA,1,"2019/08/20 18:25:00",JLB01,0
D,DISPATCH,UNIT_SCADA,1,"2019/08/20 18:25:00",JLB02,83.20
D,DISPATCH,UNIT_SCADA,1,"2019/08/20 18:25:00",JLB03,0
D,DISPATCH,UNIT_SCADA,1,"2019/08/20 18:25:00",KAREEYA1,21.5425
D,DISPATCH,UNIT_SCADA,1,"2019/08/20 18:25:00",KAREEYA2,21.7050
D,DISPATCH,UNIT_SCADA,1,"2019/08/20 18:25:00",KAREEYA3,0
D,DISPATCH,UNIT_SCADA,1,"2019/08/20 18:25:00",KAREEYA4,21.5625
D,DISPATCH,UNIT_SCADA,1,"2019/08/20 18:25:00",KARSF1,0
D,DISPATCH,UNIT_SCADA,1,"2019/08/20 18:25:00",KIATAWF1,30.80
D,DISPATCH,UNIT_SCADA,1,"2019/08/20 18:25:00",KPP_1,0
D,DISPATCH,UNIT_SCADA,1,"2019/08/20 18:25:00",KSP1,0
D,DISPATCH,UNIT_SCADA,1,"2019/08/20 18:25:00",LADBROK1,42.37
D,DISPATCH,UNIT_SCADA,1,"2019/08/20 18:25:00",LADBROK2,42.82
D,DISPATCH,UNIT_SCADA,1,"2019/08/20 18:25:00",LD01,411.018770
D,DISPATCH,UNIT_SCADA,1,"2019/08/20 18:25:00",LD02,416.043730
D,DISPATCH,UNIT_SCADA,1,"2019/08/20 18:25:00",LD03,416.343750
D,DISPATCH,UNIT_SCADA,1,"2019/08/20 18:25:00",LD04,375.731320
D,DISPATCH,UNIT_SCADA,1,"2019/08/20 18:25:00",LEM_WIL,85.603940
D,DISPATCH,UNIT_SCADA,1,"2019/08/20 18:25:00",LGAPWF1,26.82
D,DISPATCH,UNIT_SCADA,1,"2019/08/20 18:25:00",LILYSF1,0
D,DISPATCH,UNIT_SCADA,1,"2019/08/20 18:25:00",LI_WY_CA,148.533390
D,DISPATCH,UNIT_SCADA,1,"2019/08/20 18:25:00",LKBONNY2,154.141680
D,DISPATCH,UNIT_SCADA,1,"2019/08/20 18:25:00",LKBONNY3,35.391160
D,DISPATCH,UNIT_SCADA,1,"2019/08/20 18:25:00",LK_ECHO,0
D,DISPATCH,UNIT_SCADA,1,"2019/08/20 18:25:00",LNGS1,0
D,DISPATCH,UNIT_SCADA,1,"2019/08/20 18:25:00",LNGS2,0
D,DISPATCH,UNIT_SCADA,1,"2019/08/20 18:25:00",LONSDALE,0
D,DISPATCH,UNIT_SCADA,1,"2019/08/20 18:25:00",LOYYB1,537.216430
D,DISPATCH,UNIT_SCADA,1,"2019/08/20 18:25:00",LOYYB2,582.7063
D,DISPATCH,UNIT_SCADA,1,"2019/08/20 18:25:00",LYA1,560
D,DISPATCH,UNIT_SCADA,1,"2019/08/20 18:25:00",LYA2,0
D,DISPATCH,UNIT_SCADA,1,"2019/08/20 18:25:00",LYA3,559
D,DISPATCH,UNIT_SCADA,1,"2019/08/20 18:25:00",LYA4,540
D,DISPATCH,UNIT_SCADA,1,"2019/08/20 18:25:00",MACARTH1,363.591610
D,DISPATCH,UNIT_SCADA,1,"2019/08/20 18:25:00",MACKAYGT,0
D,DISPATCH,UNIT_SCADA,1,"2019/08/20 18:25:00",MACKNTSH,85.55
D,DISPATCH,UNIT_SCADA,1,"2019/08/20 18:25:00",MANSLR1,0
D,DISPATCH,UNIT_SCADA,1,"2019/08/20 18:25:00",MCKAY1,0.02
D,DISPATCH,UNIT_SCADA,1,"2019/08/20 18:25:00",MEADOWBK,33.838720
D,DISPATCH,UNIT_SCADA,1,"2019/08/20 18:25:00",MERCER01,119.5420
D,DISPATCH,UNIT_SCADA,1,"2019/08/20 18:25:00",MEWF1,24.8320
D,DISPATCH,UNIT_SCADA,1,"2019/08/20 18:25:00",MINTARO,0
D,DISPATCH,UNIT_SCADA,1,"2019/08/20 18:25:00",MOREESF1,0
D,DISPATCH,UNIT_SCADA,1,"2019/08/20 18:25:00",MORTLK11,259
D,DISPATCH,UNIT_SCADA,1,"2019/08/20 18:25:00",MORTLK12,0
D,DISPATCH,UNIT_SCADA,1,"2019/08/20 18:25:00",MP1,276.775020
D,DISPATCH,UNIT_SCADA,1,"2019/08/20 18:25:00",MP2,0
D,DISPATCH,UNIT_SCADA,1,"2019/08/20 18:25:00",MPP_1,409.75
D,DISPATCH,UNIT_SCADA,1,"2019/08/20 18:25:00",MPP_2,434.75
D,DISPATCH,UNIT_SCADA,1,"2019/08/20 18:25:00",MSTUART1,0
D,DISPATCH,UNIT_SCADA,1,"2019/08/20 18:25:00",MSTUART2,0
D,DISPATCH,UNIT_SCADA,1,"2019/08/20 18:25:00",MSTUART3,0
D,DISPATCH,UNIT_SCADA,1,"2019/08/20 18:25:00",MTGELWF1,64.574110
D,DISPATCH,UNIT_SCADA,1,"2019/08/20 18:25:00",MURRAY,0
D,DISPATCH,UNIT_SCADA,1,"2019/08/20 18:25:00",MUSSELR1,67.80
D,DISPATCH,UNIT_SCADA,1,"2019/08/20 18:25:00",MUWAWF1,50.79
D,DISPATCH,UNIT_SCADA,1,"2019/08/20 18:25:00",NBHWF1,85
D,DISPATCH,UNIT_SCADA,1,"2019/08/20 18:25:00",NPS,510
D,DISPATCH,UNIT_SCADA,1,"2019/08/20 18:25:00",NUMURSF1,0
D,DISPATCH,UNIT_SCADA,1,"2019/08/20 18:25:00",NYNGAN1,0
D,DISPATCH,UNIT_SCADA,1,"2019/08/20 18:25:00",OAKEY1,0
D,DISPATCH,UNIT_SCADA,1,"2019/08/20 18:25:00",OAKEY1SF,0.0380
D,DISPATCH,UNIT_SCADA,1,"2019/08/20 18:25:00",OAKEY2,0
D,DISPATCH,UNIT_SCADA,1,"2019/08/20 18:25:00",OAKLAND1,62.50
D,DISPATCH,UNIT_SCADA,1,"2019/08/20 18:25:00",OSB-AG,183.039990
D,DISPATCH,UNIT_SCADA,1,"2019/08/20 18:25:00",PARSF1,0
D,DISPATCH,UNIT_SCADA,1,"2019/08/20 18:25:00",POAT110,0
D,DISPATCH,UNIT_SCADA,1,"2019/08/20 18:25:00",POAT220,89.730010
D,DISPATCH,UNIT_SCADA,1,"2019/08/20 18:25:00",POR01,0
D,DISPATCH,UNIT_SCADA,1,"2019/08/20 18:25:00",POR03,0
D,DISPATCH,UNIT_SCADA,1,"2019/08/20 18:25:00",PPCCGT,497.695770
D,DISPATCH,UNIT_SCADA,1,"2019/08/20 18:25:00",PTSTAN1,0
D,DISPATCH,UNIT_SCADA,1,"2019/08/20 18:25:00",PUMP1,0
D,DISPATCH,UNIT_SCADA,1,"2019/08/20 18:25:00",PUMP2,0
D,DISPATCH,UNIT_SCADA,1,"2019/08/20 18:25:00",QPS1,29
D,DISPATCH,UNIT_SCADA,1,"2019/08/20 18:25:00",QPS2,0
D,DISPATCH,UNIT_SCADA,1,"2019/08/20 18:25:00",QPS3,0
D,DISPATCH,UNIT_SCADA,1,"2019/08/20 18:25:00",QPS4,0
D,DISPATCH,UNIT_SCADA,1,"2019/08/20 18:25:00",QPS5,0
D,DISPATCH,UNIT_SCADA,1,"2019/08/20 18:25:00",REECE1,116.470010
D,DISPATCH,UNIT_SCADA,1,"2019/08/20 18:25:00",REECE2,116.660010
D,DISPATCH,UNIT_SCADA,1,"2019/08/20 18:25:00",ROMA_7,0
D,DISPATCH,UNIT_SCADA,1,"2019/08/20 18:25:00",ROMA_8,0
D,DISPATCH,UNIT_SCADA,1,"2019/08/20 18:25:00",RRSF1,0
D,DISPATCH,UNIT_SCADA,1,"2019/08/20 18:25:00",RT_NSW1,0
D,DISPATCH,UNIT_SCADA,1,"2019/08/20 18:25:00",RT_NSW2,0
D,DISPATCH,UNIT_SCADA,1,"2019/08/20 18:25:00",RT_NSW3,0
D,DISPATCH,UNIT_SCADA,1,"2019/08/20 18:25:00",RT_NSW4,0
D,DISPATCH,UNIT_SCADA,1,"2019/08/20 18:25:00",RT_NSW5,0
D,DISPATCH,UNIT_SCADA,1,"2019/08/20 18:25:00",RT_NSW6,0
D,DISPATCH,UNIT_SCADA,1,"2019/08/20 18:25:00",RT_QLD1,0
D,DISPATCH,UNIT_SCADA,1,"2019/08/20 18:25:00",RT_SA1,0
D,DISPATCH,UNIT_SCADA,1,"2019/08/20 18:25:00",RT_SA2,0
D,DISPATCH,UNIT_SCADA,1,"2019/08/20 18:25:00",RT_SA3,0
D,DISPATCH,UNIT_SCADA,1,"2019/08/20 18:25:00",RT_SA4,0
D,DISPATCH,UNIT_SCADA,1,"2019/08/20 18:25:00",RT_SA5,0
D,DISPATCH,UNIT_SCADA,1,"2019/08/20 18:25:00",RT_SA6,0
D,DISPATCH,UNIT_SCADA,1,"2019/08/20 18:25:00",RT_TAS1,0
D,DISPATCH,UNIT_SCADA,1,"2019/08/20 18:25:00",RT_VIC1,0
D,DISPATCH,UNIT_SCADA,1,"2019/08/20 18:25:00",RT_VIC10,0
D,DISPATCH,UNIT_SCADA,1,"2019/08/20 18:25:00",RT_VIC11,0
D,DISPATCH,UNIT_SCADA,1,"2019/08/20 18:25:00",RT_VIC12,0
D,DISPATCH,UNIT_SCADA,1,"2019/08/20 18:25:00",RT_VIC2,0
D,DISPATCH,UNIT_SCADA,1,"2019/08/20 18:25:00",RT_VIC3,0
D,DISPATCH,UNIT_SCADA,1,"2019/08/20 18:25:00",RT_VIC4,0
D,DISPATCH,UNIT_SCADA,1,"2019/08/20 18:25:00",RT_VIC5,0
D,DISPATCH,UNIT_SCADA,1,"2019/08/20 18:25:00",RT_VIC6,0
D,DISPATCH,UNIT_SCADA,1,"2019/08/20 18:25:00",RT_VIC7,0
D,DISPATCH,UNIT_SCADA,1,"2019/08/20 18:25:00",RT_VIC8,0
D,DISPATCH,UNIT_SCADA,1,"2019/08/20 18:25:00",RT_VIC9,0
D,DISPATCH,UNIT_SCADA,1,"2019/08/20 18:25:00",RUGBYR1,0
D,DISPATCH,UNIT_SCADA,1,"2019/08/20 18:25:00",SALTCRK1,48.27
D,DISPATCH,UNIT_SCADA,1,"2019/08/20 18:25:00",SAPHWF1,159.112490
D,DISPATCH,UNIT_SCADA,1,"2019/08/20 18:25:00",SHGEN,202.552580
D,DISPATCH,UNIT_SCADA,1,"2019/08/20 18:25:00",SHPUMP,0
D,DISPATCH,UNIT_SCADA,1,"2019/08/20 18:25:00",SITHE01,0.043330
D,DISPATCH,UNIT_SCADA,1,"2019/08/20 18:25:00",SMCSF1,0
D,DISPATCH,UNIT_SCADA,1,"2019/08/20 18:25:00",SNOWNTH1,99.20
D,DISPATCH,UNIT_SCADA,1,"2019/08/20 18:25:00",SNOWSTH1,111
D,DISPATCH,UNIT_SCADA,1,"2019/08/20 18:25:00",SNOWTWN1,84.580320
D,DISPATCH,UNIT_SCADA,1,"2019/08/20 18:25:00",SNOWYP,0
D,DISPATCH,UNIT_SCADA,1,"2019/08/20 18:25:00",SNUG1,0.019440
D,DISPATCH,UNIT_SCADA,1,"2019/08/20 18:25:00",SRSF1,0.07
D,DISPATCH,UNIT_SCADA,1,"2019/08/20 18:25:00",STAN-1,0
D,DISPATCH,UNIT_SCADA,1,"2019/08/20 18:25:00",STAN-2,349.618320
D,DISPATCH,UNIT_SCADA,1,"2019/08/20 18:25:00",STAN-3,348.849240
D,DISPATCH,UNIT_SCADA,1,"2019/08/20 18:25:00",STAN-4,367.2428
D,DISPATCH,UNIT_SCADA,1,"2019/08/20 18:25:00",STWF1,52.256260
D,DISPATCH,UNIT_SCADA,1,"2019/08/20 18:25:00",SWAN_E,0
D,DISPATCH,UNIT_SCADA,1,"2019/08/20 18:25:00",TALWA1,421
D,DISPATCH,UNIT_SCADA,1,"2019/08/20 18:25:00",TARALGA1,102.551250
D,DISPATCH,UNIT_SCADA,1,"2019/08/20 18:25:00",TARONG#1,346.600010
D,DISPATCH,UNIT_SCADA,1,"2019/08/20 18:25:00",TARONG#2,346.800020
D,DISPATCH,UNIT_SCADA,1,"2019/08/20 18:25:00",TARONG#3,260.100010
D,DISPATCH,UNIT_SCADA,1,"2019/08/20 18:25:00",TARONG#4,350.200010
D,DISPATCH,UNIT_SCADA,1,"2019/08/20 18:25:00",TARRALEA,85.10
D,DISPATCH,UNIT_SCADA,1,"2019/08/20 18:25:00",TBSF1,-0.20
D,DISPATCH,UNIT_SCADA,1,"2019/08/20 18:25:00",TNPS1,441.700010
D,DISPATCH,UNIT_SCADA,1,"2019/08/20 18:25:00",TORRA1,84.6598
D,DISPATCH,UNIT_SCADA,1,"2019/08/20 18:25:00",TORRA2,0
D,DISPATCH,UNIT_SCADA,1,"2019/08/20 18:25:00",TORRA3,0
D,DISPATCH,UNIT_SCADA,1,"2019/08/20 18:25:00",TORRA4,0
D,DISPATCH,UNIT_SCADA,1,"2019/08/20 18:25:00",TORRB1,98.09
D,DISPATCH,UNIT_SCADA,1,"2019/08/20 18:25:00",TORRB2,173.67
D,DISPATCH,UNIT_SCADA,1,"2019/08/20 18:25:00",TORRB3,0
D,DISPATCH,UNIT_SCADA,1,"2019/08/20 18:25:00",TORRB4,0
D,DISPATCH,UNIT_SCADA,1,"2019/08/20 18:25:00",TREVALLN,69.210010
D,DISPATCH,UNIT_SCADA,1,"2019/08/20 18:25:00",TRIBUTE,71.58
D,DISPATCH,UNIT_SCADA,1,"2019/08/20 18:25:00",TUMUT3,896.370060
D,DISPATCH,UNIT_SCADA,1,"2019/08/20 18:25:00",TUNGATIN,130.560030
D,DISPATCH,UNIT_SCADA,1,"2019/08/20 18:25:00",TVCC201,0
D,DISPATCH,UNIT_SCADA,1,"2019/08/20 18:25:00",TVPP104,0
D,DISPATCH,UNIT_SCADA,1,"2019/08/20 18:25:00",UPPTUMUT,0
D,DISPATCH,UNIT_SCADA,1,"2019/08/20 18:25:00",URANQ11,0
D,DISPATCH,UNIT_SCADA,1,"2019/08/20 18:25:00",URANQ12,0
D,DISPATCH,UNIT_SCADA,1,"2019/08/20 18:25:00",URANQ13,0
D,DISPATCH,UNIT_SCADA,1,"2019/08/20 18:25:00",URANQ14,0
D,DISPATCH,UNIT_SCADA,1,"2019/08/20 18:25:00",VP5,631.049990
D,DISPATCH,UNIT_SCADA,1,"2019/08/20 18:25:00",VP6,626.25
D,DISPATCH,UNIT_SCADA,1,"2019/08/20 18:25:00",VPGS1,0
D,DISPATCH,UNIT_SCADA,1,"2019/08/20 18:25:00",VPGS2,0
D,DISPATCH,UNIT_SCADA,1,"2019/08/20 18:25:00",VPGS3,0
D,DISPATCH,UNIT_SCADA,1,"2019/08/20 18:25:00",VPGS4,0
D,DISPATCH,UNIT_SCADA,1,"2019/08/20 18:25:00",VPGS5,0
D,DISPATCH,UNIT_SCADA,1,"2019/08/20 18:25:00",VPGS6,0
D,DISPATCH,UNIT_SCADA,1,"2019/08/20 18:25:00",W/HOE#1,285.229980
D,DISPATCH,UNIT_SCADA,1,"2019/08/20 18:25:00",W/HOE#2,0
D,DISPATCH,UNIT_SCADA,1,"2019/08/20 18:25:00",WATERLWF,122
D,DISPATCH,UNIT_SCADA,1,"2019/08/20 18:25:00",WEMENSF1,0
D,DISPATCH,UNIT_SCADA,1,"2019/08/20 18:25:00",WGWF1,76.10
D,DISPATCH,UNIT_SCADA,1,"2019/08/20 18:25:00",WHITSF1,0
D,DISPATCH,UNIT_SCADA,1,"2019/08/20 18:25:00",WKIEWA1,0
D,DISPATCH,UNIT_SCADA,1,"2019/08/20 18:25:00",WKIEWA2,0.10
D,DISPATCH,UNIT_SCADA,1,"2019/08/20 18:25:00",WOODLWN1,45.2070
D,DISPATCH,UNIT_SCADA,1,"2019/08/20 18:25:00",WRSF1,0
D,DISPATCH,UNIT_SCADA,1,"2019/08/20 18:25:00",WRWF1,79.9325
D,DISPATCH,UNIT_SCADA,1,"2019/08/20 18:25:00",YABULU,0
D,DISPATCH,UNIT_SCADA,1,"2019/08/20 18:25:00",YABULU2,0
D,DISPATCH,UNIT_SCADA,1,"2019/08/20 18:25:00",YARWUN_1,0
D,DISPATCH,UNIT_SCADA,1,"2019/08/20 18:25:00",YENDWF1,41.95
D,DISPATCH,UNIT_SCADA,1,"2019/08/20 18:25:00",YWPS1,377.693660
D,DISPATCH,UNIT_SCADA,1,"2019/08/20 18:25:00",YWPS2,277.189880
D,DISPATCH,UNIT_SCADA,1,"2019/08/20 18:25:00",YWPS3,0
D,DISPATCH,UNIT_SCADA,1,"2019/08/20 18:25:00",YWPS4,396.3671
C,"END OF REPORT",334
