C,NEMP.WORLD,DISPATCHSCADA,AEMO,PUBLIC,2019/09/05,19:40:07,0000000312434450,DISPATCHSCADA,0000000312434444
I,DISPATCH,UNIT_SCADA,1,SETTLEMENTDATE,DUID,SCADAVALUE
D,DISPATCH,UNIT_SCADA,1,"2019/09/05 19:45:00",BARCSF1,0.30
D,DISPATCH,UNIT_SCADA,1,"2019/09/05 19:45:00",BUTLERSG,10.199999
D,DISPATCH,UNIT_SCADA,1,"2019/09/05 19:45:00",CALL_A_4,0
D,DISPATCH,UNIT_SCADA,1,"2019/09/05 19:45:00",CAPTL_WF,0
D,DISPATCH,UNIT_SCADA,1,"2019/09/05 19:45:00",CATHROCK,0
D,DISPATCH,UNIT_SCADA,1,"2019/09/05 19:45:00",CHALLHWF,4.70
D,DISPATCH,UNIT_SCADA,1,"2019/09/05 19:45:00",CLOVER,-0.01
D,DISPATCH,UNIT_SCADA,1,"2019/09/05 19:45:00",CLUNY,17.283131
D,DISPATCH,UNIT_SCADA,1,"2019/09/05 19:45:00",CNUNDAWF,17.019854
D,DISPATCH,UNIT_SCADA,1,"2019/09/05 19:45:00",CULLRGWF,8.37
D,DISPATCH,UNIT_SCADA,1,"2019/09/05 19:45:00",ERGT01,0
D,DISPATCH,UNIT_SCADA,1,"2019/09/05 19:45:00",GB01,0.017281
D,DISPATCH,UNIT_SCADA,1,"2019/09/05 19:45:00",GERMCRK,37.50
D,DISPATCH,UNIT_SCADA,1,"2019/09/05 19:45:00",GRIFSF1,0
D,DISPATCH,UNIT_SCADA,1,"2019/09/05 19:45:00",HUGSF1,-0.1310
D,DISPATCH,UNIT_SCADA,1,"2019/09/05 19:45:00",LKBONNY1,17.415325
D,DISPATCH,UNIT_SCADA,1,"2019/09/05 19:45:00",LRSF1,-0.0010
D,DISPATCH,UNIT_SCADA,1,"2019/09/05 19:45:00",MBAHNTH,46.856247
D,DISPATCH,UNIT_SCADA,1,"2019/09/05 19:45:00",MLSP1,0
D,DISPATCH,UNIT_SCADA,1,"2019/09/05 19:45:00",MLWF1,1.6350
D,DISPATCH,UNIT_SCADA,1,"2019/09/05 19:45:00",MTMILLAR,18.997667
D,DISPATCH,UNIT_SCADA,1,"2019/09/05 19:45:00",PALOONA,25.599998
D,DISPATCH,UNIT_SCADA,1,"2019/09/05 19:45:00",PIONEER,48.100002
D,DISPATCH,UNIT_SCADA,1,"2019/09/05 19:45:00",PORTWF,58.799999
D,DISPATCH,UNIT_SCADA,1,"2019/09/05 19:45:00",REPULSE,32.892960
D,DISPATCH,UNIT_SCADA,1,"2019/09/05 19:45:00",ROWALLAN,10.3092
D,DISPATCH,UNIT_SCADA,1,"2019/09/05 19:45:00",ROYALLA1,0
D,DISPATCH,UNIT_SCADA,1,"2019/09/05 19:45:00",RPCG,8.90
D,DISPATCH,UNIT_SCADA,1,"2019/09/05 19:45:00",RUBICON,0
D,DISPATCH,UNIT_SCADA,1,"2019/09/05 19:45:00",SATGN1,0
D,DISPATCH,UNIT_SCADA,1,"2019/09/05 19:45:00",SATGS1,0
D,DISPATCH,UNIT_SCADA,1,"2019/09/05 19:45:00",STARHLWF,30.391138
D,DISPATCH,UNIT_SCADA,1,"2019/09/05 19:45:00",WAUBRAWF,80.650002
D,DISPATCH,UNIT_SCADA,1,"2019/09/05 19:45:00",WOOLNTH1,118.640015
D,DISPATCH,UNIT_SCADA,1,"2019/09/05 19:45:00",WPWF,33
D,DISPATCH,UNIT_SCADA,1,"2019/09/05 19:45:00",YAMBUKWF,2.30
D,DISPATCH,UNIT_SCADA,1,"2019/09/05 19:45:00",YSWF1,2.30
D,DISPATCH,UNIT_SCADA,1,"2019/09/05 19:45:00",AGLHAL,0
D,DISPATCH,UNIT_SCADA,1,"2019/09/05 19:45:00",AGLSOM,119.30
D,DISPATCH,UNIT_SCADA,1,"2019/09/05 19:45:00",ANGAST1,0
D,DISPATCH,UNIT_SCADA,1,"2019/09/05 19:45:00",ARWF1,36
D,DISPATCH,UNIT_SCADA,1,"2019/09/05 19:45:00",BALBG1,0
D,DISPATCH,UNIT_SCADA,1,"2019/09/05 19:45:00",BALBL1,26.42
D,DISPATCH,UNIT_SCADA,1,"2019/09/05 19:45:00",BALDHWF1,90.9120
D,DISPATCH,UNIT_SCADA,1,"2019/09/05 19:45:00",BANN1,0
D,DISPATCH,UNIT_SCADA,1,"2019/09/05 19:45:00",BARCALDN,0
D,DISPATCH,UNIT_SCADA,1,"2019/09/05 19:45:00",BARRON-1,32.76
D,DISPATCH,UNIT_SCADA,1,"2019/09/05 19:45:00",BARRON-2,0
D,DISPATCH,UNIT_SCADA,1,"2019/09/05 19:45:00",BASTYAN,81.040010
D,DISPATCH,UNIT_SCADA,1,"2019/09/05 19:45:00",BBTHREE1,0
D,DISPATCH,UNIT_SCADA,1,"2019/09/05 19:45:00",BBTHREE2,0
D,DISPATCH,UNIT_SCADA,1,"2019/09/05 19:45:00",BBTHREE3,0
D,DISPATCH,UNIT_SCADA,1,"2019/09/05 19:45:00",BDL01,43.68
D,DISPATCH,UNIT_SCADA,1,"2019/09/05 19:45:00",BDL02,43.86
D,DISPATCH,UNIT_SCADA,1,"2019/09/05 19:45:00",BERYLSF1,0
D,DISPATCH,UNIT_SCADA,1,"2019/09/05 19:45:00",BLOWERNG,15.40
D,DISPATCH,UNIT_SCADA,1,"2019/09/05 19:45:00",BLUFF1,46.80
D,DISPATCH,UNIT_SCADA,1,"2019/09/05 19:45:00",BNGSF1,0
D,DISPATCH,UNIT_SCADA,1,"2019/09/05 19:45:00",BNGSF2,0
D,DISPATCH,UNIT_SCADA,1,"2019/09/05 19:45:00",BOCORWF1,4.82
D,DISPATCH,UNIT_SCADA,1,"2019/09/05 19:45:00",BODWF1,9.583310
D,DISPATCH,UNIT_SCADA,1,"2019/09/05 19:45:00",BRAEMAR1,0
D,DISPATCH,UNIT_SCADA,1,"2019/09/05 19:45:00",BRAEMAR2,173.400010
D,DISPATCH,UNIT_SCADA,1,"2019/09/05 19:45:00",BRAEMAR3,173.400010
D,DISPATCH,UNIT_SCADA,1,"2019/09/05 19:45:00",BRAEMAR5,154.791280
D,DISPATCH,UNIT_SCADA,1,"2019/09/05 19:45:00",BRAEMAR6,0
D,DISPATCH,UNIT_SCADA,1,"2019/09/05 19:45:00",BRAEMAR7,40.757340
D,DISPATCH,UNIT_SCADA,1,"2019/09/05 19:45:00",BROKENH1,0
D,DISPATCH,UNIT_SCADA,1,"2019/09/05 19:45:00",BW01,536.925050
D,DISPATCH,UNIT_SCADA,1,"2019/09/05 19:45:00",BW02,620.300050
D,DISPATCH,UNIT_SCADA,1,"2019/09/05 19:45:00",BW03,628.699950
D,DISPATCH,UNIT_SCADA,1,"2019/09/05 19:45:00",BW04,0
D,DISPATCH,UNIT_SCADA,1,"2019/09/05 19:45:00",CALL_B_1,329.300020
D,DISPATCH,UNIT_SCADA,1,"2019/09/05 19:45:00",CALL_B_2,280.600010
D,DISPATCH,UNIT_SCADA,1,"2019/09/05 19:45:00",CETHANA,96.9870
D,DISPATCH,UNIT_SCADA,1,"2019/09/05 19:45:00",CG1,0
D,DISPATCH,UNIT_SCADA,1,"2019/09/05 19:45:00",CG2,0
D,DISPATCH,UNIT_SCADA,1,"2019/09/05 19:45:00",CG3,0
D,DISPATCH,UNIT_SCADA,1,"2019/09/05 19:45:00",CG4,0
D,DISPATCH,UNIT_SCADA,1,"2019/09/05 19:45:00",CHILDSF1,0
D,DISPATCH,UNIT_SCADA,1,"2019/09/05 19:45:00",CLARESF1,0
D,DISPATCH,UNIT_SCADA,1,"2019/09/05 19:45:00",CLEMGPWF,32.847970
D,DISPATCH,UNIT_SCADA,1,"2019/09/05 19:45:00",CLERMSF1,0
D,DISPATCH,UNIT_SCADA,1,"2019/09/05 19:45:00",COLEASF1,0
D,DISPATCH,UNIT_SCADA,1,"2019/09/05 19:45:00",COOPGWF1,0
D,DISPATCH,UNIT_SCADA,1,"2019/09/05 19:45:00",CPP_3,405.6250
D,DISPATCH,UNIT_SCADA,1,"2019/09/05 19:45:00",CPP_4,405.6250
D,DISPATCH,UNIT_SCADA,1,"2019/09/05 19:45:00",CPSA,142.0475
D,DISPATCH,UNIT_SCADA,1,"2019/09/05 19:45:00",CROOKWF2,20.063760
D,DISPATCH,UNIT_SCADA,1,"2019/09/05 19:45:00",CROWLWF1,21.044220
D,DISPATCH,UNIT_SCADA,1,"2019/09/05 19:45:00",CSPVPS1,0.0210
D,DISPATCH,UNIT_SCADA,1,"2019/09/05 19:45:00",DALNTH01,0
D,DISPATCH,UNIT_SCADA,1,"2019/09/05 19:45:00",DALNTHL1,0.086980
D,DISPATCH,UNIT_SCADA,1,"2019/09/05 19:45:00",DARTM1,132.70
D,DISPATCH,UNIT_SCADA,1,"2019/09/05 19:45:00",DAYDSF1,0
D,DISPATCH,UNIT_SCADA,1,"2019/09/05 19:45:00",DDPS1,603.8266
D,DISPATCH,UNIT_SCADA,1,"2019/09/05 19:45:00",DDSF1,0
D,DISPATCH,UNIT_SCADA,1,"2019/09/05 19:45:00",DEVILS_G,63.930170
D,DISPATCH,UNIT_SCADA,1,"2019/09/05 19:45:00",DG_NSW1,0
D,DISPATCH,UNIT_SCADA,1,"2019/09/05 19:45:00",DG_QLD1,0
D,DISPATCH,UNIT_SCADA,1,"2019/09/05 19:45:00",DG_SA1,0
D,DISPATCH,UNIT_SCADA,1,"2019/09/05 19:45:00",DG_TAS1,0
D,DISPATCH,UNIT_SCADA,1,"2019/09/05 19:45:00",DG_VIC1,0
D,DISPATCH,UNIT_SCADA,1,"2019/09/05 19:45:00",DRYCGT1,0
D,DISPATCH,UNIT_SCADA,1,"2019/09/05 19:45:00",DRYCGT2,0
D,DISPATCH,UNIT_SCADA,1,"2019/09/05 19:45:00",DRYCGT3,0
D,DISPATCH,UNIT_SCADA,1,"2019/09/05 19:45:00",EILDON1,0
D,DISPATCH,UNIT_SCADA,1,"2019/09/05 19:45:00",EILDON2,0
D,DISPATCH,UNIT_SCADA,1,"2019/09/05 19:45:00",EMERASF1,0
D,DISPATCH,UNIT_SCADA,1,"2019/09/05 19:45:00",ER01,580.325070
D,DISPATCH,UNIT_SCADA,1,"2019/09/05 19:45:00",ER02,522.75
D,DISPATCH,UNIT_SCADA,1,"2019/09/05 19:45:00",ER03,0
D,DISPATCH,UNIT_SCADA,1,"2019/09/05 19:45:00",ER04,666.300050
D,DISPATCH,UNIT_SCADA,1,"2019/09/05 19:45:00",FINLYSF1,0
D,DISPATCH,UNIT_SCADA,1,"2019/09/05 19:45:00",FISHER,46.12
D,DISPATCH,UNIT_SCADA,1,"2019/09/05 19:45:00",GANNBG1,0.005290
D,DISPATCH,UNIT_SCADA,1,"2019/09/05 19:45:00",GANNBL1,0.000920
D,DISPATCH,UNIT_SCADA,1,"2019/09/05 19:45:00",GANNSF1,0
D,DISPATCH,UNIT_SCADA,1,"2019/09/05 19:45:00",GORDON,21.022960
D,DISPATCH,UNIT_SCADA,1,"2019/09/05 19:45:00",GSTONE1,208.4250
D,DISPATCH,UNIT_SCADA,1,"2019/09/05 19:45:00",GSTONE2,210.8750
D,DISPATCH,UNIT_SCADA,1,"2019/09/05 19:45:00",GSTONE3,0
D,DISPATCH,UNIT_SCADA,1,"2019/09/05 19:45:00",GSTONE4,250.95
D,DISPATCH,UNIT_SCADA,1,"2019/09/05 19:45:00",GSTONE5,207.55
D,DISPATCH,UNIT_SCADA,1,"2019/09/05 19:45:00",GSTONE6,206.849990
D,DISPATCH,UNIT_SCADA,1,"2019/09/05 19:45:00",GULLRSF1,0
D,DISPATCH,UNIT_SCADA,1,"2019/09/05 19:45:00",GULLRWF1,23.336180
D,DISPATCH,UNIT_SCADA,1,"2019/09/05 19:45:00",GUNNING1,3.454310
D,DISPATCH,UNIT_SCADA,1,"2019/09/05 19:45:00",GUTHEGA,31.20
D,DISPATCH,UNIT_SCADA,1,"2019/09/05 19:45:00",HALLWF1,89.76
D,DISPATCH,UNIT_SCADA,1,"2019/09/05 19:45:00",HALLWF2,64.02
D,DISPATCH,UNIT_SCADA,1,"2019/09/05 19:45:00",HAMISF1,0
D,DISPATCH,UNIT_SCADA,1,"2019/09/05 19:45:00",HAUGHT11,0
D,DISPATCH,UNIT_SCADA,1,"2019/09/05 19:45:00",HAYMSF1,0
D,DISPATCH,UNIT_SCADA,1,"2019/09/05 19:45:00",HDWF1,75.60
D,DISPATCH,UNIT_SCADA,1,"2019/09/05 19:45:00",HDWF2,70
D,DISPATCH,UNIT_SCADA,1,"2019/09/05 19:45:00",HDWF3,73.60
D,DISPATCH,UNIT_SCADA,1,"2019/09/05 19:45:00",HPRG1,0
D,DISPATCH,UNIT_SCADA,1,"2019/09/05 19:45:00",HPRL1,12.50
D,DISPATCH,UNIT_SCADA,1,"2019/09/05 19:45:00",HUMENSW,0
D,DISPATCH,UNIT_SCADA,1,"2019/09/05 19:45:00",HUMEV,23.80
D,DISPATCH,UNIT_SCADA,1,"2019/09/05 19:45:00",HVGTS,0
D,DISPATCH,UNIT_SCADA,1,"2019/09/05 19:45:00",JBUTTERS,25.25
D,DISPATCH,UNIT_SCADA,1,"2019/09/05 19:45:00",JLA01,0.10
D,DISPATCH,UNIT_SCADA,1,"2019/09/05 19:45:00",JLA02,0
D,DISPATCH,UNIT_SCADA,1,"2019/09/05 19:45:00",JLA03,0
D,DISPATCH,UNIT_SCADA,1,"2019/09/05 19:45:00",JLA04,0
D,DISPATCH,UNIT_SCADA,1,"2019/09/05 19:45:00",JLB01,0
D,DISPATCH,UNIT_SCADA,1,"2019/09/05 19:45:00",JLB02,83.30
D,DISPATCH,UNIT_SCADA,1,"2019/09/05 19:45:00",JLB03,83.30
D,DISPATCH,UNIT_SCADA,1,"2019/09/05 19:45:00",KAREEYA1,21.56
D,DISPATCH,UNIT_SCADA,1,"2019/09/05 19:45:00",KAREEYA2,21.8975
D,DISPATCH,UNIT_SCADA,1,"2019/09/05 19:45:00",KAREEYA3,0
D,DISPATCH,UNIT_SCADA,1,"2019/09/05 19:45:00",KAREEYA4,21.5950
D,DISPATCH,UNIT_SCADA,1,"2019/09/05 19:45:00",KARSF1,0
D,DISPATCH,UNIT_SCADA,1,"2019/09/05 19:45:00",KIATAWF1,30.30
D,DISPATCH,UNIT_SCADA,1,"2019/09/05 19:45:00",KPP_1,0
D,DISPATCH,UNIT_SCADA,1,"2019/09/05 19:45:00",KSP1,0
D,DISPATCH,UNIT_SCADA,1,"2019/09/05 19:45:00",LADBROK1,41.80
D,DISPATCH,UNIT_SCADA,1,"2019/09/05 19:45:00",LADBROK2,42.46
D,DISPATCH,UNIT_SCADA,1,"2019/09/05 19:45:00",LD01,418.612520
D,DISPATCH,UNIT_SCADA,1,"2019/09/05 19:45:00",LD02,398.156250
D,DISPATCH,UNIT_SCADA,1,"2019/09/05 19:45:00",LD03,417.937530
D,DISPATCH,UNIT_SCADA,1,"2019/09/05 19:45:00",LD04,375.731320
D,DISPATCH,UNIT_SCADA,1,"2019/09/05 19:45:00",LEM_WIL,85.1658
D,DISPATCH,UNIT_SCADA,1,"2019/09/05 19:45:00",LGAPWF1,10.94
D,DISPATCH,UNIT_SCADA,1,"2019/09/05 19:45:00",LILYSF1,0
D,DISPATCH,UNIT_SCADA,1,"2019/09/05 19:45:00",LI_WY_CA,136.034580
D,DISPATCH,UNIT_SCADA,1,"2019/09/05 19:45:00",LKBONNY2,77.145810
D,DISPATCH,UNIT_SCADA,1,"2019/09/05 19:45:00",LKBONNY3,26.459630
D,DISPATCH,UNIT_SCADA,1,"2019/09/05 19:45:00",LK_ECHO,0
D,DISPATCH,UNIT_SCADA,1,"2019/09/05 19:45:00",LNGS1,0
D,DISPATCH,UNIT_SCADA,1,"2019/09/05 19:45:00",LNGS2,0
D,DISPATCH,UNIT_SCADA,1,"2019/09/05 19:45:00",LONSDALE,0
D,DISPATCH,UNIT_SCADA,1,"2019/09/05 19:45:00",LOYYB1,534.960750
D,DISPATCH,UNIT_SCADA,1,"2019/09/05 19:45:00",LOYYB2,582.330380
D,DISPATCH,UNIT_SCADA,1,"2019/09/05 19:45:00",LYA1,0
D,DISPATCH,UNIT_SCADA,1,"2019/09/05 19:45:00",LYA2,0
D,DISPATCH,UNIT_SCADA,1,"2019/09/05 19:45:00",LYA3,559
D,DISPATCH,UNIT_SCADA,1,"2019/09/05 19:45:00",LYA4,539
D,DISPATCH,UNIT_SCADA,1,"2019/09/05 19:45:00",MACARTH1,13.899680
D,DISPATCH,UNIT_SCADA,1,"2019/09/05 19:45:00",MACKAYGT,0.2240
D,DISPATCH,UNIT_SCADA,1,"2019/09/05 19:45:00",MACKNTSH,88.710010
D,DISPATCH,UNIT_SCADA,1,"2019/09/05 19:45:00",MANSLR1,0
D,DISPATCH,UNIT_SCADA,1,"2019/09/05 19:45:00",MCKAY1,116.74
D,DISPATCH,UNIT_SCADA,1,"2019/09/05 19:45:00",MEADOWBK,34.038780
D,DISPATCH,UNIT_SCADA,1,"2019/09/05 19:45:00",MERCER01,69.5740
D,DISPATCH,UNIT_SCADA,1,"2019/09/05 19:45:00",MEWF1,24.186880
D,DISPATCH,UNIT_SCADA,1,"2019/09/05 19:45:00",MINTARO,0
D,DISPATCH,UNIT_SCADA,1,"2019/09/05 19:45:00",MOREESF1,0
D,DISPATCH,UNIT_SCADA,1,"2019/09/05 19:45:00",MORTLK11,259
D,DISPATCH,UNIT_SCADA,1,"2019/09/05 19:45:00",MORTLK12,0
D,DISPATCH,UNIT_SCADA,1,"2019/09/05 19:45:00",MP1,221.349980
D,DISPATCH,UNIT_SCADA,1,"2019/09/05 19:45:00",MP2,0
D,DISPATCH,UNIT_SCADA,1,"2019/09/05 19:45:00",MPP_1,399.25
D,DISPATCH,UNIT_SCADA,1,"2019/09/05 19:45:00",MPP_2,435.75
D,DISPATCH,UNIT_SCADA,1,"2019/09/05 19:45:00",MSTUART1,0
D,DISPATCH,UNIT_SCADA,1,"2019/09/05 19:45:00",MSTUART2,0
D,DISPATCH,UNIT_SCADA,1,"2019/09/05 19:45:00",MSTUART3,0
D,DISPATCH,UNIT_SCADA,1,"2019/09/05 19:45:00",MTGELWF1,27.011930
D,DISPATCH,UNIT_SCADA,1,"2019/09/05 19:45:00",MURRAY,0
D,DISPATCH,UNIT_SCADA,1,"2019/09/05 19:45:00",MUSSELR1,34.90
D,DISPATCH,UNIT_SCADA,1,"2019/09/05 19:45:00",MUWAWF1,50.86
D,DISPATCH,UNIT_SCADA,1,"2019/09/05 19:45:00",NBHWF1,111.30
D,DISPATCH,UNIT_SCADA,1,"2019/09/05 19:45:00",NPS,447.75
D,DISPATCH,UNIT_SCADA,1,"2019/09/05 19:45:00",NUMURSF1,0
D,DISPATCH,UNIT_SCADA,1,"2019/09/05 19:45:00",NYNGAN1,0
D,DISPATCH,UNIT_SCADA,1,"2019/09/05 19:45:00",OAKEY1,0
D,DISPATCH,UNIT_SCADA,1,"2019/09/05 19:45:00",OAKEY1SF,0
D,DISPATCH,UNIT_SCADA,1,"2019/09/05 19:45:00",OAKEY2,0
D,DISPATCH,UNIT_SCADA,1,"2019/09/05 19:45:00",OAKEY2SF,0
D,DISPATCH,UNIT_SCADA,1,"2019/09/05 19:45:00",OAKLAND1,9.40
D,DISPATCH,UNIT_SCADA,1,"2019/09/05 19:45:00",OSB-AG,180.36
D,DISPATCH,UNIT_SCADA,1,"2019/09/05 19:45:00",PARSF1,0
D,DISPATCH,UNIT_SCADA,1,"2019/09/05 19:45:00",POAT110,0
D,DISPATCH,UNIT_SCADA,1,"2019/09/05 19:45:00",POAT220,1.47
D,DISPATCH,UNIT_SCADA,1,"2019/09/05 19:45:00",POR01,0
D,DISPATCH,UNIT_SCADA,1,"2019/09/05 19:45:00",POR03,0
D,DISPATCH,UNIT_SCADA,1,"2019/09/05 19:45:00",PPCCGT,471.522710
D,DISPATCH,UNIT_SCADA,1,"2019/09/05 19:45:00",PTSTAN1,0
D,DISPATCH,UNIT_SCADA,1,"2019/09/05 19:45:00",PUMP1,0
D,DISPATCH,UNIT_SCADA,1,"2019/09/05 19:45:00",PUMP2,0
D,DISPATCH,UNIT_SCADA,1,"2019/09/05 19:45:00",QPS1,29
D,DISPATCH,UNIT_SCADA,1,"2019/09/05 19:45:00",QPS2,0
D,DISPATCH,UNIT_SCADA,1,"2019/09/05 19:45:00",QPS3,0
D,DISPATCH,UNIT_SCADA,1,"2019/09/05 19:45:00",QPS4,0
D,DISPATCH,UNIT_SCADA,1,"2019/09/05 19:45:00",QPS5,122.85
D,DISPATCH,UNIT_SCADA,1,"2019/09/05 19:45:00",REECE1,116.920010
D,DISPATCH,UNIT_SCADA,1,"2019/09/05 19:45:00",REECE2,117.070010
D,DISPATCH,UNIT_SCADA,1,"2019/09/05 19:45:00",ROMA_7,0
D,DISPATCH,UNIT_SCADA,1,"2019/09/05 19:45:00",ROMA_8,0
D,DISPATCH,UNIT_SCADA,1,"2019/09/05 19:45:00",RRSF1,0
D,DISPATCH,UNIT_SCADA,1,"2019/09/05 19:45:00",RT_NSW1,0
D,DISPATCH,UNIT_SCADA,1,"2019/09/05 19:45:00",RT_NSW2,0
D,DISPATCH,UNIT_SCADA,1,"2019/09/05 19:45:00",RT_NSW3,0
D,DISPATCH,UNIT_SCADA,1,"2019/09/05 19:45:00",RT_NSW4,0
D,DISPATCH,UNIT_SCADA,1,"2019/09/05 19:45:00",RT_NSW5,0
D,DISPATCH,UNIT_SCADA,1,"2019/09/05 19:45:00",RT_NSW6,0
D,DISPATCH,UNIT_SCADA,1,"2019/09/05 19:45:00",RT_QLD1,0
D,DISPATCH,UNIT_SCADA,1,"2019/09/05 19:45:00",RT_SA1,0
D,DISPATCH,UNIT_SCADA,1,"2019/09/05 19:45:00",RT_SA2,0
D,DISPATCH,UNIT_SCADA,1,"2019/09/05 19:45:00",RT_SA3,0
D,DISPATCH,UNIT_SCADA,1,"2019/09/05 19:45:00",RT_SA4,0
D,DISPATCH,UNIT_SCADA,1,"2019/09/05 19:45:00",RT_SA5,0
D,DISPATCH,UNIT_SCADA,1,"2019/09/05 19:45:00",RT_SA6,0
D,DISPATCH,UNIT_SCADA,1,"2019/09/05 19:45:00",RT_TAS1,0
D,DISPATCH,UNIT_SCADA,1,"2019/09/05 19:45:00",RT_VIC1,0
D,DISPATCH,UNIT_SCADA,1,"2019/09/05 19:45:00",RT_VIC10,0
D,DISPATCH,UNIT_SCADA,1,"2019/09/05 19:45:00",RT_VIC11,0
D,DISPATCH,UNIT_SCADA,1,"2019/09/05 19:45:00",RT_VIC12,0
D,DISPATCH,UNIT_SCADA,1,"2019/09/05 19:45:00",RT_VIC2,0
D,DISPATCH,UNIT_SCADA,1,"2019/09/05 19:45:00",RT_VIC3,0
D,DISPATCH,UNIT_SCADA,1,"2019/09/05 19:45:00",RT_VIC4,0
D,DISPATCH,UNIT_SCADA,1,"2019/09/05 19:45:00",RT_VIC5,0
D,DISPATCH,UNIT_SCADA,1,"2019/09/05 19:45:00",RT_VIC6,0
D,DISPATCH,UNIT_SCADA,1,"2019/09/05 19:45:00",RT_VIC7,0
D,DISPATCH,UNIT_SCADA,1,"2019/09/05 19:45:00",RT_VIC8,0
D,DISPATCH,UNIT_SCADA,1,"2019/09/05 19:45:00",RT_VIC9,0
D,DISPATCH,UNIT_SCADA,1,"2019/09/05 19:45:00",RUGBYR1,0
D,DISPATCH,UNIT_SCADA,1,"2019/09/05 19:45:00",SALTCRK1,7.88
D,DISPATCH,UNIT_SCADA,1,"2019/09/05 19:45:00",SAPHWF1,25.50
D,DISPATCH,UNIT_SCADA,1,"2019/09/05 19:45:00",SHGEN,158.434770
D,DISPATCH,UNIT_SCADA,1,"2019/09/05 19:45:00",SHPUMP,0
D,DISPATCH,UNIT_SCADA,1,"2019/09/05 19:45:00",SITHE01,0.214140
D,DISPATCH,UNIT_SCADA,1,"2019/09/05 19:45:00",SMCSF1,0
D,DISPATCH,UNIT_SCADA,1,"2019/09/05 19:45:00",SNOWNTH1,93.20
D,DISPATCH,UNIT_SCADA,1,"2019/09/05 19:45:00",SNOWSTH1,87.50
D,DISPATCH,UNIT_SCADA,1,"2019/09/05 19:45:00",SNOWTWN1,68.864780
D,DISPATCH,UNIT_SCADA,1,"2019/09/05 19:45:00",SNOWYP,0
D,DISPATCH,UNIT_SCADA,1,"2019/09/05 19:45:00",SNUG1,0.019440
D,DISPATCH,UNIT_SCADA,1,"2019/09/05 19:45:00",SRSF1,0.22
D,DISPATCH,UNIT_SCADA,1,"2019/09/05 19:45:00",STAN-1,280.197110
D,DISPATCH,UNIT_SCADA,1,"2019/09/05 19:45:00",STAN-2,358.052430
D,DISPATCH,UNIT_SCADA,1,"2019/09/05 19:45:00",STAN-3,364.589510
D,DISPATCH,UNIT_SCADA,1,"2019/09/05 19:45:00",STAN-4,367.447880
D,DISPATCH,UNIT_SCADA,1,"2019/09/05 19:45:00",STWF1,0
D,DISPATCH,UNIT_SCADA,1,"2019/09/05 19:45:00",SWAN_E,0
D,DISPATCH,UNIT_SCADA,1,"2019/09/05 19:45:00",TALWA1,414
D,DISPATCH,UNIT_SCADA,1,"2019/09/05 19:45:00",TARALGA1,8.066260
D,DISPATCH,UNIT_SCADA,1,"2019/09/05 19:45:00",TARONG#1,349.399990
D,DISPATCH,UNIT_SCADA,1,"2019/09/05 19:45:00",TARONG#2,0
D,DISPATCH,UNIT_SCADA,1,"2019/09/05 19:45:00",TARONG#3,349.899990
D,DISPATCH,UNIT_SCADA,1,"2019/09/05 19:45:00",TARONG#4,349.600010
D,DISPATCH,UNIT_SCADA,1,"2019/09/05 19:45:00",TARRALEA,74
D,DISPATCH,UNIT_SCADA,1,"2019/09/05 19:45:00",TBSF1,-0.20
D,DISPATCH,UNIT_SCADA,1,"2019/09/05 19:45:00",TNPS1,397.600010
D,DISPATCH,UNIT_SCADA,1,"2019/09/05 19:45:00",TORRA1,59.957630
D,DISPATCH,UNIT_SCADA,1,"2019/09/05 19:45:00",TORRA2,0
D,DISPATCH,UNIT_SCADA,1,"2019/09/05 19:45:00",TORRA3,0
D,DISPATCH,UNIT_SCADA,1,"2019/09/05 19:45:00",TORRA4,61.445470
D,DISPATCH,UNIT_SCADA,1,"2019/09/05 19:45:00",TORRB1,98.76
D,DISPATCH,UNIT_SCADA,1,"2019/09/05 19:45:00",TORRB2,98.49
D,DISPATCH,UNIT_SCADA,1,"2019/09/05 19:45:00",TORRB3,98.75
D,DISPATCH,UNIT_SCADA,1,"2019/09/05 19:45:00",TORRB4,0
D,DISPATCH,UNIT_SCADA,1,"2019/09/05 19:45:00",TREVALLN,89.020030
D,DISPATCH,UNIT_SCADA,1,"2019/09/05 19:45:00",TRIBUTE,0
D,DISPATCH,UNIT_SCADA,1,"2019/09/05 19:45:00",TUMUT3,295.980010
D,DISPATCH,UNIT_SCADA,1,"2019/09/05 19:45:00",TUNGATIN,101.740030
D,DISPATCH,UNIT_SCADA,1,"2019/09/05 19:45:00",TVCC201,0
D,DISPATCH,UNIT_SCADA,1,"2019/09/05 19:45:00",TVPP104,0
D,DISPATCH,UNIT_SCADA,1,"2019/09/05 19:45:00",UPPTUMUT,551.925840
D,DISPATCH,UNIT_SCADA,1,"2019/09/05 19:45:00",URANQ11,97.718750
D,DISPATCH,UNIT_SCADA,1,"2019/09/05 19:45:00",URANQ12,97.968750
D,DISPATCH,UNIT_SCADA,1,"2019/09/05 19:45:00",URANQ13,97.693760
D,DISPATCH,UNIT_SCADA,1,"2019/09/05 19:45:00",URANQ14,0
D,DISPATCH,UNIT_SCADA,1,"2019/09/05 19:45:00",VP5,410.650020
D,DISPATCH,UNIT_SCADA,1,"2019/09/05 19:45:00",VP6,0
D,DISPATCH,UNIT_SCADA,1,"2019/09/05 19:45:00",VPGS1,0
D,DISPATCH,UNIT_SCADA,1,"2019/09/05 19:45:00",VPGS2,0
D,DISPATCH,UNIT_SCADA,1,"2019/09/05 19:45:00",VPGS3,0
D,DISPATCH,UNIT_SCADA,1,"2019/09/05 19:45:00",VPGS4,0
D,DISPATCH,UNIT_SCADA,1,"2019/09/05 19:45:00",VPGS5,0
D,DISPATCH,UNIT_SCADA,1,"2019/09/05 19:45:00",VPGS6,0
D,DISPATCH,UNIT_SCADA,1,"2019/09/05 19:45:00",W/HOE#1,0
D,DISPATCH,UNIT_SCADA,1,"2019/09/05 19:45:00",W/HOE#2,0
D,DISPATCH,UNIT_SCADA,1,"2019/09/05 19:45:00",WATERLWF,106
D,DISPATCH,UNIT_SCADA,1,"2019/09/05 19:45:00",WEMENSF1,0
D,DISPATCH,UNIT_SCADA,1,"2019/09/05 19:45:00",WGWF1,67.70
D,DISPATCH,UNIT_SCADA,1,"2019/09/05 19:45:00",WHITSF1,0
D,DISPATCH,UNIT_SCADA,1,"2019/09/05 19:45:00",WKIEWA1,31.50
D,DISPATCH,UNIT_SCADA,1,"2019/09/05 19:45:00",WKIEWA2,31.50
D,DISPATCH,UNIT_SCADA,1,"2019/09/05 19:45:00",WOODLWN1,2.502010
D,DISPATCH,UNIT_SCADA,1,"2019/09/05 19:45:00",WRSF1,0
D,DISPATCH,UNIT_SCADA,1,"2019/09/05 19:45:00",WRWF1,17.4850
D,DISPATCH,UNIT_SCADA,1,"2019/09/05 19:45:00",YABULU,161.280010
D,DISPATCH,UNIT_SCADA,1,"2019/09/05 19:45:00",YABULU2,0
D,DISPATCH,UNIT_SCADA,1,"2019/09/05 19:45:00",YARWUN_1,162.379990
D,DISPATCH,UNIT_SCADA,1,"2019/09/05 19:45:00",YENDWF1,41.95
D,DISPATCH,UNIT_SCADA,1,"2019/09/05 19:45:00",YWPS1,379.698730
D,DISPATCH,UNIT_SCADA,1,"2019/09/05 19:45:00",YWPS2,279.194950
D,DISPATCH,UNIT_SCADA,1,"2019/09/05 19:45:00",YWPS3,329.184810
D,DISPATCH,UNIT_SCADA,1,"2019/09/05 19:45:00",YWPS4,396.3671
C,"END OF REPORT",335
