C,NEMP.WORLD,DISPATCHSCADA,AEMO,PUBLIC,2019/08/23,02:45:07,0000000311890686,DISPATCHSCADA,0000000311890680
I,DISPATCH,UNIT_SCADA,1,SETTLEMENTDATE,DUID,SCADAVALUE
D,DISPATCH,UNIT_SCADA,1,"2019/08/23 02:50:00",BARCSF1,0
D,DISPATCH,UNIT_SCADA,1,"2019/08/23 02:50:00",BUTLERSG,9.699999
D,DISPATCH,UNIT_SCADA,1,"2019/08/23 02:50:00",CALL_A_4,0
D,DISPATCH,UNIT_SCADA,1,"2019/08/23 02:50:00",CAPTL_WF,0
D,DISPATCH,UNIT_SCADA,1,"2019/08/23 02:50:00",CATHROCK,44.149998
D,DISPATCH,UNIT_SCADA,1,"2019/08/23 02:50:00",CHALLHWF,0
D,DISPATCH,UNIT_SCADA,1,"2019/08/23 02:50:00",CLOVER,-0.01
D,DISPATCH,UNIT_SCADA,1,"2019/08/23 02:50:00",CLUNY,20.378576
D,DISPATCH,UNIT_SCADA,1,"2019/08/23 02:50:00",CNUNDAWF,1.001168
D,DISPATCH,UNIT_SCADA,1,"2019/08/23 02:50:00",CULLRGWF,1.93
D,DISPATCH,UNIT_SCADA,1,"2019/08/23 02:50:00",ERGT01,0
D,DISPATCH,UNIT_SCADA,1,"2019/08/23 02:50:00",GB01,0.066196
D,DISPATCH,UNIT_SCADA,1,"2019/08/23 02:50:00",GERMCRK,37.400002
D,DISPATCH,UNIT_SCADA,1,"2019/08/23 02:50:00",GRIFSF1,0
D,DISPATCH,UNIT_SCADA,1,"2019/08/23 02:50:00",HUGSF1,-0.2370
D,DISPATCH,UNIT_SCADA,1,"2019/08/23 02:50:00",LKBONNY1,1.250331
D,DISPATCH,UNIT_SCADA,1,"2019/08/23 02:50:00",LRSF1,-0.0130
D,DISPATCH,UNIT_SCADA,1,"2019/08/23 02:50:00",MBAHNTH,54.618744
D,DISPATCH,UNIT_SCADA,1,"2019/08/23 02:50:00",MLSP1,0.180001
D,DISPATCH,UNIT_SCADA,1,"2019/08/23 02:50:00",MLWF1,1.53
D,DISPATCH,UNIT_SCADA,1,"2019/08/23 02:50:00",MTMILLAR,9.368611
D,DISPATCH,UNIT_SCADA,1,"2019/08/23 02:50:00",PALOONA,28.58
D,DISPATCH,UNIT_SCADA,1,"2019/08/23 02:50:00",PIONEER,48.50
D,DISPATCH,UNIT_SCADA,1,"2019/08/23 02:50:00",PORTWF,14
D,DISPATCH,UNIT_SCADA,1,"2019/08/23 02:50:00",REPULSE,29.000076
D,DISPATCH,UNIT_SCADA,1,"2019/08/23 02:50:00",ROWALLAN,10.5222
D,DISPATCH,UNIT_SCADA,1,"2019/08/23 02:50:00",ROYALLA1,0
D,DISPATCH,UNIT_SCADA,1,"2019/08/23 02:50:00",RPCG,11.30
D,DISPATCH,UNIT_SCADA,1,"2019/08/23 02:50:00",RUBICON,0
D,DISPATCH,UNIT_SCADA,1,"2019/08/23 02:50:00",SATGN1,0
D,DISPATCH,UNIT_SCADA,1,"2019/08/23 02:50:00",SATGS1,0
D,DISPATCH,UNIT_SCADA,1,"2019/08/23 02:50:00",STARHLWF,0.999708
D,DISPATCH,UNIT_SCADA,1,"2019/08/23 02:50:00",WAUBRAWF,22.2090
D,DISPATCH,UNIT_SCADA,1,"2019/08/23 02:50:00",WOOLNTH1,22.250015
D,DISPATCH,UNIT_SCADA,1,"2019/08/23 02:50:00",WPWF,1
D,DISPATCH,UNIT_SCADA,1,"2019/08/23 02:50:00",YAMBUKWF,4.90
D,DISPATCH,UNIT_SCADA,1,"2019/08/23 02:50:00",YSWF1,0
D,DISPATCH,UNIT_SCADA,1,"2019/08/23 02:50:00",AGLHAL,0
D,DISPATCH,UNIT_SCADA,1,"2019/08/23 02:50:00",AGLSOM,0
D,DISPATCH,UNIT_SCADA,1,"2019/08/23 02:50:00",ANGAST1,0
D,DISPATCH,UNIT_SCADA,1,"2019/08/23 02:50:00",ARWF1,1.60
D,DISPATCH,UNIT_SCADA,1,"2019/08/23 02:50:00",BALBG1,0
D,DISPATCH,UNIT_SCADA,1,"2019/08/23 02:50:00",BALBL1,7.03
D,DISPATCH,UNIT_SCADA,1,"2019/08/23 02:50:00",BALDHWF1,9.6450
D,DISPATCH,UNIT_SCADA,1,"2019/08/23 02:50:00",BANN1,0
D,DISPATCH,UNIT_SCADA,1,"2019/08/23 02:50:00",BARCALDN,0
D,DISPATCH,UNIT_SCADA,1,"2019/08/23 02:50:00",BARRON-1,0
D,DISPATCH,UNIT_SCADA,1,"2019/08/23 02:50:00",BARRON-2,0
D,DISPATCH,UNIT_SCADA,1,"2019/08/23 02:50:00",BASTYAN,78.150010
D,DISPATCH,UNIT_SCADA,1,"2019/08/23 02:50:00",BBTHREE1,-1.97
D,DISPATCH,UNIT_SCADA,1,"2019/08/23 02:50:00",BBTHREE2,-1.96
D,DISPATCH,UNIT_SCADA,1,"2019/08/23 02:50:00",BBTHREE3,-1.04
D,DISPATCH,UNIT_SCADA,1,"2019/08/23 02:50:00",BDL01,0
D,DISPATCH,UNIT_SCADA,1,"2019/08/23 02:50:00",BDL02,0
D,DISPATCH,UNIT_SCADA,1,"2019/08/23 02:50:00",BERYLSF1,-0.190320
D,DISPATCH,UNIT_SCADA,1,"2019/08/23 02:50:00",BLOWERNG,0
D,DISPATCH,UNIT_SCADA,1,"2019/08/23 02:50:00",BLUFF1,3.60
D,DISPATCH,UNIT_SCADA,1,"2019/08/23 02:50:00",BNGSF1,0
D,DISPATCH,UNIT_SCADA,1,"2019/08/23 02:50:00",BNGSF2,0
D,DISPATCH,UNIT_SCADA,1,"2019/08/23 02:50:00",BOCORWF1,28.08
D,DISPATCH,UNIT_SCADA,1,"2019/08/23 02:50:00",BODWF1,76.160610
D,DISPATCH,UNIT_SCADA,1,"2019/08/23 02:50:00",BRAEMAR1,0
D,DISPATCH,UNIT_SCADA,1,"2019/08/23 02:50:00",BRAEMAR2,0
D,DISPATCH,UNIT_SCADA,1,"2019/08/23 02:50:00",BRAEMAR3,0
D,DISPATCH,UNIT_SCADA,1,"2019/08/23 02:50:00",BRAEMAR5,0
D,DISPATCH,UNIT_SCADA,1,"2019/08/23 02:50:00",BRAEMAR6,0
D,DISPATCH,UNIT_SCADA,1,"2019/08/23 02:50:00",BRAEMAR7,0
D,DISPATCH,UNIT_SCADA,1,"2019/08/23 02:50:00",BROKENH1,0
D,DISPATCH,UNIT_SCADA,1,"2019/08/23 02:50:00",BW01,595.8750
D,DISPATCH,UNIT_SCADA,1,"2019/08/23 02:50:00",BW02,629.349980
D,DISPATCH,UNIT_SCADA,1,"2019/08/23 02:50:00",BW03,616.525020
D,DISPATCH,UNIT_SCADA,1,"2019/08/23 02:50:00",BW04,0
D,DISPATCH,UNIT_SCADA,1,"2019/08/23 02:50:00",CALL_B_1,330
D,DISPATCH,UNIT_SCADA,1,"2019/08/23 02:50:00",CALL_B_2,349.200010
D,DISPATCH,UNIT_SCADA,1,"2019/08/23 02:50:00",CETHANA,98.1845
D,DISPATCH,UNIT_SCADA,1,"2019/08/23 02:50:00",CG1,0
D,DISPATCH,UNIT_SCADA,1,"2019/08/23 02:50:00",CG2,0
D,DISPATCH,UNIT_SCADA,1,"2019/08/23 02:50:00",CG3,0
D,DISPATCH,UNIT_SCADA,1,"2019/08/23 02:50:00",CG4,0
D,DISPATCH,UNIT_SCADA,1,"2019/08/23 02:50:00",CHILDSF1,0
D,DISPATCH,UNIT_SCADA,1,"2019/08/23 02:50:00",CLARESF1,0
D,DISPATCH,UNIT_SCADA,1,"2019/08/23 02:50:00",CLEMGPWF,19.593520
D,DISPATCH,UNIT_SCADA,1,"2019/08/23 02:50:00",CLERMSF1,0
D,DISPATCH,UNIT_SCADA,1,"2019/08/23 02:50:00",COLEASF1,0
D,DISPATCH,UNIT_SCADA,1,"2019/08/23 02:50:00",COOPGWF1,35.328250
D,DISPATCH,UNIT_SCADA,1,"2019/08/23 02:50:00",CPP_3,404.524990
D,DISPATCH,UNIT_SCADA,1,"2019/08/23 02:50:00",CPP_4,405.6250
D,DISPATCH,UNIT_SCADA,1,"2019/08/23 02:50:00",CPSA,142.499370
D,DISPATCH,UNIT_SCADA,1,"2019/08/23 02:50:00",CROOKWF2,2.266250
D,DISPATCH,UNIT_SCADA,1,"2019/08/23 02:50:00",CROWLWF1,4.449280
D,DISPATCH,UNIT_SCADA,1,"2019/08/23 02:50:00",CSPVPS1,0
D,DISPATCH,UNIT_SCADA,1,"2019/08/23 02:50:00",DALNTH01,0
D,DISPATCH,UNIT_SCADA,1,"2019/08/23 02:50:00",DALNTHL1,5.983060
D,DISPATCH,UNIT_SCADA,1,"2019/08/23 02:50:00",DARTM1,134.399990
D,DISPATCH,UNIT_SCADA,1,"2019/08/23 02:50:00",DAYDSF1,0
D,DISPATCH,UNIT_SCADA,1,"2019/08/23 02:50:00",DDPS1,255.1015
D,DISPATCH,UNIT_SCADA,1,"2019/08/23 02:50:00",DDSF1,0
D,DISPATCH,UNIT_SCADA,1,"2019/08/23 02:50:00",DEVILS_G,0
D,DISPATCH,UNIT_SCADA,1,"2019/08/23 02:50:00",DG_NSW1,0
D,DISPATCH,UNIT_SCADA,1,"2019/08/23 02:50:00",DG_QLD1,0
D,DISPATCH,UNIT_SCADA,1,"2019/08/23 02:50:00",DG_SA1,0
D,DISPATCH,UNIT_SCADA,1,"2019/08/23 02:50:00",DG_TAS1,0
D,DISPATCH,UNIT_SCADA,1,"2019/08/23 02:50:00",DG_VIC1,0
D,DISPATCH,UNIT_SCADA,1,"2019/08/23 02:50:00",DRYCGT1,0
D,DISPATCH,UNIT_SCADA,1,"2019/08/23 02:50:00",DRYCGT2,0
D,DISPATCH,UNIT_SCADA,1,"2019/08/23 02:50:00",DRYCGT3,0
D,DISPATCH,UNIT_SCADA,1,"2019/08/23 02:50:00",EILDON1,0
D,DISPATCH,UNIT_SCADA,1,"2019/08/23 02:50:00",EILDON2,0
D,DISPATCH,UNIT_SCADA,1,"2019/08/23 02:50:00",EMERASF1,0
D,DISPATCH,UNIT_SCADA,1,"2019/08/23 02:50:00",ER01,485.224980
D,DISPATCH,UNIT_SCADA,1,"2019/08/23 02:50:00",ER02,349.824950
D,DISPATCH,UNIT_SCADA,1,"2019/08/23 02:50:00",ER03,370.425050
D,DISPATCH,UNIT_SCADA,1,"2019/08/23 02:50:00",ER04,494.8750
D,DISPATCH,UNIT_SCADA,1,"2019/08/23 02:50:00",FINLYSF1,0
D,DISPATCH,UNIT_SCADA,1,"2019/08/23 02:50:00",FISHER,45.82
D,DISPATCH,UNIT_SCADA,1,"2019/08/23 02:50:00",GANNBG1,0
D,DISPATCH,UNIT_SCADA,1,"2019/08/23 02:50:00",GANNBL1,8.043540
D,DISPATCH,UNIT_SCADA,1,"2019/08/23 02:50:00",GANNSF1,0
D,DISPATCH,UNIT_SCADA,1,"2019/08/23 02:50:00",GORDON,107.343030
D,DISPATCH,UNIT_SCADA,1,"2019/08/23 02:50:00",GSTONE1,189.349990
D,DISPATCH,UNIT_SCADA,1,"2019/08/23 02:50:00",GSTONE2,200.20
D,DISPATCH,UNIT_SCADA,1,"2019/08/23 02:50:00",GSTONE3,190.224990
D,DISPATCH,UNIT_SCADA,1,"2019/08/23 02:50:00",GSTONE4,149.45
D,DISPATCH,UNIT_SCADA,1,"2019/08/23 02:50:00",GSTONE5,200.024990
D,DISPATCH,UNIT_SCADA,1,"2019/08/23 02:50:00",GSTONE6,0
D,DISPATCH,UNIT_SCADA,1,"2019/08/23 02:50:00",GULLRSF1,0
D,DISPATCH,UNIT_SCADA,1,"2019/08/23 02:50:00",GULLRWF1,5.0994
D,DISPATCH,UNIT_SCADA,1,"2019/08/23 02:50:00",GUNNING1,1.752320
D,DISPATCH,UNIT_SCADA,1,"2019/08/23 02:50:00",GUTHEGA,0
D,DISPATCH,UNIT_SCADA,1,"2019/08/23 02:50:00",HALLWF1,18.60
D,DISPATCH,UNIT_SCADA,1,"2019/08/23 02:50:00",HALLWF2,7.68
D,DISPATCH,UNIT_SCADA,1,"2019/08/23 02:50:00",HAMISF1,0
D,DISPATCH,UNIT_SCADA,1,"2019/08/23 02:50:00",HAUGHT11,0
D,DISPATCH,UNIT_SCADA,1,"2019/08/23 02:50:00",HAYMSF1,0
D,DISPATCH,UNIT_SCADA,1,"2019/08/23 02:50:00",HDWF1,33.20
D,DISPATCH,UNIT_SCADA,1,"2019/08/23 02:50:00",HDWF2,40.40
D,DISPATCH,UNIT_SCADA,1,"2019/08/23 02:50:00",HDWF3,35.10
D,DISPATCH,UNIT_SCADA,1,"2019/08/23 02:50:00",HPRG1,0
D,DISPATCH,UNIT_SCADA,1,"2019/08/23 02:50:00",HPRL1,22
D,DISPATCH,UNIT_SCADA,1,"2019/08/23 02:50:00",HUMENSW,0
D,DISPATCH,UNIT_SCADA,1,"2019/08/23 02:50:00",HUMEV,8.30
D,DISPATCH,UNIT_SCADA,1,"2019/08/23 02:50:00",HVGTS,0
D,DISPATCH,UNIT_SCADA,1,"2019/08/23 02:50:00",JBUTTERS,140.61
D,DISPATCH,UNIT_SCADA,1,"2019/08/23 02:50:00",JLA01,0.10
D,DISPATCH,UNIT_SCADA,1,"2019/08/23 02:50:00",JLA02,0
D,DISPATCH,UNIT_SCADA,1,"2019/08/23 02:50:00",JLA03,0.10
D,DISPATCH,UNIT_SCADA,1,"2019/08/23 02:50:00",JLA04,0.10
D,DISPATCH,UNIT_SCADA,1,"2019/08/23 02:50:00",JLB01,0
D,DISPATCH,UNIT_SCADA,1,"2019/08/23 02:50:00",JLB02,0.10
D,DISPATCH,UNIT_SCADA,1,"2019/08/23 02:50:00",JLB03,0
D,DISPATCH,UNIT_SCADA,1,"2019/08/23 02:50:00",KAREEYA1,21.52
D,DISPATCH,UNIT_SCADA,1,"2019/08/23 02:50:00",KAREEYA2,21.6150
D,DISPATCH,UNIT_SCADA,1,"2019/08/23 02:50:00",KAREEYA3,0
D,DISPATCH,UNIT_SCADA,1,"2019/08/23 02:50:00",KAREEYA4,21.7375
D,DISPATCH,UNIT_SCADA,1,"2019/08/23 02:50:00",KARSF1,0
D,DISPATCH,UNIT_SCADA,1,"2019/08/23 02:50:00",KIATAWF1,-0.30
D,DISPATCH,UNIT_SCADA,1,"2019/08/23 02:50:00",KPP_1,0
D,DISPATCH,UNIT_SCADA,1,"2019/08/23 02:50:00",KSP1,0
D,DISPATCH,UNIT_SCADA,1,"2019/08/23 02:50:00",LADBROK1,0
D,DISPATCH,UNIT_SCADA,1,"2019/08/23 02:50:00",LADBROK2,0
D,DISPATCH,UNIT_SCADA,1,"2019/08/23 02:50:00",LD01,350.681180
D,DISPATCH,UNIT_SCADA,1,"2019/08/23 02:50:00",LD02,297.675020
D,DISPATCH,UNIT_SCADA,1,"2019/08/23 02:50:00",LD03,345.224950
D,DISPATCH,UNIT_SCADA,1,"2019/08/23 02:50:00",LD04,348.131290
D,DISPATCH,UNIT_SCADA,1,"2019/08/23 02:50:00",LEM_WIL,86.1945
D,DISPATCH,UNIT_SCADA,1,"2019/08/23 02:50:00",LGAPWF1,2.97
D,DISPATCH,UNIT_SCADA,1,"2019/08/23 02:50:00",LILYSF1,0
D,DISPATCH,UNIT_SCADA,1,"2019/08/23 02:50:00",LI_WY_CA,149.522380
D,DISPATCH,UNIT_SCADA,1,"2019/08/23 02:50:00",LKBONNY2,0.959960
D,DISPATCH,UNIT_SCADA,1,"2019/08/23 02:50:00",LKBONNY3,1.618840
D,DISPATCH,UNIT_SCADA,1,"2019/08/23 02:50:00",LK_ECHO,0
D,DISPATCH,UNIT_SCADA,1,"2019/08/23 02:50:00",LNGS1,0
D,DISPATCH,UNIT_SCADA,1,"2019/08/23 02:50:00",LNGS2,0
D,DISPATCH,UNIT_SCADA,1,"2019/08/23 02:50:00",LONSDALE,0
D,DISPATCH,UNIT_SCADA,1,"2019/08/23 02:50:00",LOYYB1,535.336730
D,DISPATCH,UNIT_SCADA,1,"2019/08/23 02:50:00",LOYYB2,581.954410
D,DISPATCH,UNIT_SCADA,1,"2019/08/23 02:50:00",LYA1,559
D,DISPATCH,UNIT_SCADA,1,"2019/08/23 02:50:00",LYA2,0
D,DISPATCH,UNIT_SCADA,1,"2019/08/23 02:50:00",LYA3,559
D,DISPATCH,UNIT_SCADA,1,"2019/08/23 02:50:00",LYA4,539
D,DISPATCH,UNIT_SCADA,1,"2019/08/23 02:50:00",MACARTH1,0
D,DISPATCH,UNIT_SCADA,1,"2019/08/23 02:50:00",MACKAYGT,0
D,DISPATCH,UNIT_SCADA,1,"2019/08/23 02:50:00",MACKNTSH,86.390010
D,DISPATCH,UNIT_SCADA,1,"2019/08/23 02:50:00",MANSLR1,0
D,DISPATCH,UNIT_SCADA,1,"2019/08/23 02:50:00",MCKAY1,0.02
D,DISPATCH,UNIT_SCADA,1,"2019/08/23 02:50:00",MEADOWBK,33.953040
D,DISPATCH,UNIT_SCADA,1,"2019/08/23 02:50:00",MERCER01,-0.2830
D,DISPATCH,UNIT_SCADA,1,"2019/08/23 02:50:00",MEWF1,33.082370
D,DISPATCH,UNIT_SCADA,1,"2019/08/23 02:50:00",MINTARO,0
D,DISPATCH,UNIT_SCADA,1,"2019/08/23 02:50:00",MOREESF1,0
D,DISPATCH,UNIT_SCADA,1,"2019/08/23 02:50:00",MORTLK11,226
D,DISPATCH,UNIT_SCADA,1,"2019/08/23 02:50:00",MORTLK12,0
D,DISPATCH,UNIT_SCADA,1,"2019/08/23 02:50:00",MP1,279.950070
D,DISPATCH,UNIT_SCADA,1,"2019/08/23 02:50:00",MP2,0
D,DISPATCH,UNIT_SCADA,1,"2019/08/23 02:50:00",MPP_1,375.75
D,DISPATCH,UNIT_SCADA,1,"2019/08/23 02:50:00",MPP_2,420
D,DISPATCH,UNIT_SCADA,1,"2019/08/23 02:50:00",MSTUART1,0
D,DISPATCH,UNIT_SCADA,1,"2019/08/23 02:50:00",MSTUART2,0
D,DISPATCH,UNIT_SCADA,1,"2019/08/23 02:50:00",MSTUART3,0
D,DISPATCH,UNIT_SCADA,1,"2019/08/23 02:50:00",MTGELWF1,-0.462360
D,DISPATCH,UNIT_SCADA,1,"2019/08/23 02:50:00",MURRAY,109.28
D,DISPATCH,UNIT_SCADA,1,"2019/08/23 02:50:00",MUSSELR1,6.80
D,DISPATCH,UNIT_SCADA,1,"2019/08/23 02:50:00",MUWAWF1,-0.10
D,DISPATCH,UNIT_SCADA,1,"2019/08/23 02:50:00",NBHWF1,27.10
D,DISPATCH,UNIT_SCADA,1,"2019/08/23 02:50:00",NPS,204.75
D,DISPATCH,UNIT_SCADA,1,"2019/08/23 02:50:00",NUMURSF1,0
D,DISPATCH,UNIT_SCADA,1,"2019/08/23 02:50:00",NYNGAN1,0
D,DISPATCH,UNIT_SCADA,1,"2019/08/23 02:50:00",OAKEY1,0
D,DISPATCH,UNIT_SCADA,1,"2019/08/23 02:50:00",OAKEY1SF,0
D,DISPATCH,UNIT_SCADA,1,"2019/08/23 02:50:00",OAKEY2,0
D,DISPATCH,UNIT_SCADA,1,"2019/08/23 02:50:00",OAKLAND1,-0.40
D,DISPATCH,UNIT_SCADA,1,"2019/08/23 02:50:00",OSB-AG,141.740010
D,DISPATCH,UNIT_SCADA,1,"2019/08/23 02:50:00",PARSF1,0
D,DISPATCH,UNIT_SCADA,1,"2019/08/23 02:50:00",POAT110,0
D,DISPATCH,UNIT_SCADA,1,"2019/08/23 02:50:00",POAT220,1.18
D,DISPATCH,UNIT_SCADA,1,"2019/08/23 02:50:00",POR01,0
D,DISPATCH,UNIT_SCADA,1,"2019/08/23 02:50:00",POR03,0
D,DISPATCH,UNIT_SCADA,1,"2019/08/23 02:50:00",PPCCGT,497.024660
D,DISPATCH,UNIT_SCADA,1,"2019/08/23 02:50:00",PTSTAN1,0
D,DISPATCH,UNIT_SCADA,1,"2019/08/23 02:50:00",PUMP1,0
D,DISPATCH,UNIT_SCADA,1,"2019/08/23 02:50:00",PUMP2,0
D,DISPATCH,UNIT_SCADA,1,"2019/08/23 02:50:00",QPS1,0
D,DISPATCH,UNIT_SCADA,1,"2019/08/23 02:50:00",QPS2,0
D,DISPATCH,UNIT_SCADA,1,"2019/08/23 02:50:00",QPS3,0
D,DISPATCH,UNIT_SCADA,1,"2019/08/23 02:50:00",QPS4,0
D,DISPATCH,UNIT_SCADA,1,"2019/08/23 02:50:00",QPS5,0
D,DISPATCH,UNIT_SCADA,1,"2019/08/23 02:50:00",REECE1,119.580010
D,DISPATCH,UNIT_SCADA,1,"2019/08/23 02:50:00",REECE2,118.720010
D,DISPATCH,UNIT_SCADA,1,"2019/08/23 02:50:00",ROMA_7,0
D,DISPATCH,UNIT_SCADA,1,"2019/08/23 02:50:00",ROMA_8,0
D,DISPATCH,UNIT_SCADA,1,"2019/08/23 02:50:00",RRSF1,0
D,DISPATCH,UNIT_SCADA,1,"2019/08/23 02:50:00",RT_NSW1,0
D,DISPATCH,UNIT_SCADA,1,"2019/08/23 02:50:00",RT_NSW2,0
D,DISPATCH,UNIT_SCADA,1,"2019/08/23 02:50:00",RT_NSW3,0
D,DISPATCH,UNIT_SCADA,1,"2019/08/23 02:50:00",RT_NSW4,0
D,DISPATCH,UNIT_SCADA,1,"2019/08/23 02:50:00",RT_NSW5,0
D,DISPATCH,UNIT_SCADA,1,"2019/08/23 02:50:00",RT_NSW6,0
D,DISPATCH,UNIT_SCADA,1,"2019/08/23 02:50:00",RT_QLD1,0
D,DISPATCH,UNIT_SCADA,1,"2019/08/23 02:50:00",RT_SA1,0
D,DISPATCH,UNIT_SCADA,1,"2019/08/23 02:50:00",RT_SA2,0
D,DISPATCH,UNIT_SCADA,1,"2019/08/23 02:50:00",RT_SA3,0
D,DISPATCH,UNIT_SCADA,1,"2019/08/23 02:50:00",RT_SA4,0
D,DISPATCH,UNIT_SCADA,1,"2019/08/23 02:50:00",RT_SA5,0
D,DISPATCH,UNIT_SCADA,1,"2019/08/23 02:50:00",RT_SA6,0
D,DISPATCH,UNIT_SCADA,1,"2019/08/23 02:50:00",RT_TAS1,0
D,DISPATCH,UNIT_SCADA,1,"2019/08/23 02:50:00",RT_VIC1,0
D,DISPATCH,UNIT_SCADA,1,"2019/08/23 02:50:00",RT_VIC10,0
D,DISPATCH,UNIT_SCADA,1,"2019/08/23 02:50:00",RT_VIC11,0
D,DISPATCH,UNIT_SCADA,1,"2019/08/23 02:50:00",RT_VIC12,0
D,DISPATCH,UNIT_SCADA,1,"2019/08/23 02:50:00",RT_VIC2,0
D,DISPATCH,UNIT_SCADA,1,"2019/08/23 02:50:00",RT_VIC3,0
D,DISPATCH,UNIT_SCADA,1,"2019/08/23 02:50:00",RT_VIC4,0
D,DISPATCH,UNIT_SCADA,1,"2019/08/23 02:50:00",RT_VIC5,0
D,DISPATCH,UNIT_SCADA,1,"2019/08/23 02:50:00",RT_VIC6,0
D,DISPATCH,UNIT_SCADA,1,"2019/08/23 02:50:00",RT_VIC7,0
D,DISPATCH,UNIT_SCADA,1,"2019/08/23 02:50:00",RT_VIC8,0
D,DISPATCH,UNIT_SCADA,1,"2019/08/23 02:50:00",RT_VIC9,0
D,DISPATCH,UNIT_SCADA,1,"2019/08/23 02:50:00",RUGBYR1,0
D,DISPATCH,UNIT_SCADA,1,"2019/08/23 02:50:00",SALTCRK1,0.13
D,DISPATCH,UNIT_SCADA,1,"2019/08/23 02:50:00",SAPHWF1,29.568760
D,DISPATCH,UNIT_SCADA,1,"2019/08/23 02:50:00",SHGEN,0
D,DISPATCH,UNIT_SCADA,1,"2019/08/23 02:50:00",SHPUMP,0
D,DISPATCH,UNIT_SCADA,1,"2019/08/23 02:50:00",SITHE01,0.194050
D,DISPATCH,UNIT_SCADA,1,"2019/08/23 02:50:00",SMCSF1,0
D,DISPATCH,UNIT_SCADA,1,"2019/08/23 02:50:00",SNOWNTH1,16
D,DISPATCH,UNIT_SCADA,1,"2019/08/23 02:50:00",SNOWSTH1,35.30
D,DISPATCH,UNIT_SCADA,1,"2019/08/23 02:50:00",SNOWTWN1,25.4017
D,DISPATCH,UNIT_SCADA,1,"2019/08/23 02:50:00",SNOWYP,0
D,DISPATCH,UNIT_SCADA,1,"2019/08/23 02:50:00",SNUG1,0.019440
D,DISPATCH,UNIT_SCADA,1,"2019/08/23 02:50:00",SRSF1,0
D,DISPATCH,UNIT_SCADA,1,"2019/08/23 02:50:00",STAN-1,0
D,DISPATCH,UNIT_SCADA,1,"2019/08/23 02:50:00",STAN-2,216.877180
D,DISPATCH,UNIT_SCADA,1,"2019/08/23 02:50:00",STAN-3,219.017750
D,DISPATCH,UNIT_SCADA,1,"2019/08/23 02:50:00",STAN-4,223.273250
D,DISPATCH,UNIT_SCADA,1,"2019/08/23 02:50:00",STWF1,158.107510
D,DISPATCH,UNIT_SCADA,1,"2019/08/23 02:50:00",SWAN_E,0
D,DISPATCH,UNIT_SCADA,1,"2019/08/23 02:50:00",TALWA1,425
D,DISPATCH,UNIT_SCADA,1,"2019/08/23 02:50:00",TARALGA1,5.7225
D,DISPATCH,UNIT_SCADA,1,"2019/08/23 02:50:00",TARONG#1,233.600010
D,DISPATCH,UNIT_SCADA,1,"2019/08/23 02:50:00",TARONG#2,232.50
D,DISPATCH,UNIT_SCADA,1,"2019/08/23 02:50:00",TARONG#3,199.30
D,DISPATCH,UNIT_SCADA,1,"2019/08/23 02:50:00",TARONG#4,237.100010
D,DISPATCH,UNIT_SCADA,1,"2019/08/23 02:50:00",TARRALEA,83.90
D,DISPATCH,UNIT_SCADA,1,"2019/08/23 02:50:00",TBSF1,-0.20
D,DISPATCH,UNIT_SCADA,1,"2019/08/23 02:50:00",TNPS1,400.000030
D,DISPATCH,UNIT_SCADA,1,"2019/08/23 02:50:00",TORRA1,74.386680
D,DISPATCH,UNIT_SCADA,1,"2019/08/23 02:50:00",TORRA2,0
D,DISPATCH,UNIT_SCADA,1,"2019/08/23 02:50:00",TORRA3,0
D,DISPATCH,UNIT_SCADA,1,"2019/08/23 02:50:00",TORRA4,0
D,DISPATCH,UNIT_SCADA,1,"2019/08/23 02:50:00",TORRB1,0
D,DISPATCH,UNIT_SCADA,1,"2019/08/23 02:50:00",TORRB2,139.100010
D,DISPATCH,UNIT_SCADA,1,"2019/08/23 02:50:00",TORRB3,0
D,DISPATCH,UNIT_SCADA,1,"2019/08/23 02:50:00",TORRB4,0
D,DISPATCH,UNIT_SCADA,1,"2019/08/23 02:50:00",TREVALLN,43.900020
D,DISPATCH,UNIT_SCADA,1,"2019/08/23 02:50:00",TRIBUTE,84.97
D,DISPATCH,UNIT_SCADA,1,"2019/08/23 02:50:00",TUMUT3,0
D,DISPATCH,UNIT_SCADA,1,"2019/08/23 02:50:00",TUNGATIN,139.420030
D,DISPATCH,UNIT_SCADA,1,"2019/08/23 02:50:00",TVCC201,0
D,DISPATCH,UNIT_SCADA,1,"2019/08/23 02:50:00",TVPP104,0
D,DISPATCH,UNIT_SCADA,1,"2019/08/23 02:50:00",UPPTUMUT,0
D,DISPATCH,UNIT_SCADA,1,"2019/08/23 02:50:00",URANQ11,0
D,DISPATCH,UNIT_SCADA,1,"2019/08/23 02:50:00",URANQ12,0
D,DISPATCH,UNIT_SCADA,1,"2019/08/23 02:50:00",URANQ13,0
D,DISPATCH,UNIT_SCADA,1,"2019/08/23 02:50:00",URANQ14,0
D,DISPATCH,UNIT_SCADA,1,"2019/08/23 02:50:00",VP5,476.825010
D,DISPATCH,UNIT_SCADA,1,"2019/08/23 02:50:00",VP6,451.649990
D,DISPATCH,UNIT_SCADA,1,"2019/08/23 02:50:00",VPGS1,0
D,DISPATCH,UNIT_SCADA,1,"2019/08/23 02:50:00",VPGS2,0
D,DISPATCH,UNIT_SCADA,1,"2019/08/23 02:50:00",VPGS3,0
D,DISPATCH,UNIT_SCADA,1,"2019/08/23 02:50:00",VPGS4,0
D,DISPATCH,UNIT_SCADA,1,"2019/08/23 02:50:00",VPGS5,0
D,DISPATCH,UNIT_SCADA,1,"2019/08/23 02:50:00",VPGS6,0
D,DISPATCH,UNIT_SCADA,1,"2019/08/23 02:50:00",W/HOE#1,0
D,DISPATCH,UNIT_SCADA,1,"2019/08/23 02:50:00",W/HOE#2,0
D,DISPATCH,UNIT_SCADA,1,"2019/08/23 02:50:00",WATERLWF,16.70
D,DISPATCH,UNIT_SCADA,1,"2019/08/23 02:50:00",WEMENSF1,0
D,DISPATCH,UNIT_SCADA,1,"2019/08/23 02:50:00",WGWF1,13.20
D,DISPATCH,UNIT_SCADA,1,"2019/08/23 02:50:00",WHITSF1,0
D,DISPATCH,UNIT_SCADA,1,"2019/08/23 02:50:00",WKIEWA1,28
D,DISPATCH,UNIT_SCADA,1,"2019/08/23 02:50:00",WKIEWA2,18.20
D,DISPATCH,UNIT_SCADA,1,"2019/08/23 02:50:00",WOODLWN1,0
D,DISPATCH,UNIT_SCADA,1,"2019/08/23 02:50:00",WRSF1,0
D,DISPATCH,UNIT_SCADA,1,"2019/08/23 02:50:00",WRWF1,39.530010
D,DISPATCH,UNIT_SCADA,1,"2019/08/23 02:50:00",YABULU,0
D,DISPATCH,UNIT_SCADA,1,"2019/08/23 02:50:00",YABULU2,0
D,DISPATCH,UNIT_SCADA,1,"2019/08/23 02:50:00",YARWUN_1,0
D,DISPATCH,UNIT_SCADA,1,"2019/08/23 02:50:00",YENDWF1,-1.07
D,DISPATCH,UNIT_SCADA,1,"2019/08/23 02:50:00",YWPS1,360.149350
D,DISPATCH,UNIT_SCADA,1,"2019/08/23 02:50:00",YWPS2,278.693660
D,DISPATCH,UNIT_SCADA,1,"2019/08/23 02:50:00",YWPS3,0
D,DISPATCH,UNIT_SCADA,1,"2019/08/23 02:50:00",YWPS4,0
C,"END OF REPORT",334
