C,NEMP.WORLD,DISPATCHSCADA,AEMO,PUBLIC,2019/09/05,03:55:07,0000000312407811,DISPATCHSCADA,0000000312407805
I,DISPATCH,UNIT_SCADA,1,SETTLEMENTDATE,DUID,SCADAVALUE
D,DISPATCH,UNIT_SCADA,1,"2019/09/05 04:00:00",BARCSF1,0
D,DISPATCH,UNIT_SCADA,1,"2019/09/05 04:00:00",BUTLERSG,10.199999
D,DISPATCH,UNIT_SCADA,1,"2019/09/05 04:00:00",CALL_A_4,0
D,DISPATCH,UNIT_SCADA,1,"2019/09/05 04:00:00",CAPTL_WF,0
D,DISPATCH,UNIT_SCADA,1,"2019/09/05 04:00:00",CATHROCK,31.119999
D,DISPATCH,UNIT_SCADA,1,"2019/09/05 04:00:00",CHALLHWF,0
D,DISPATCH,UNIT_SCADA,1,"2019/09/05 04:00:00",CLOVER,-0.01
D,DISPATCH,UNIT_SCADA,1,"2019/09/05 04:00:00",CLUNY,10.024719
D,DISPATCH,UNIT_SCADA,1,"2019/09/05 04:00:00",CNUNDAWF,10.211912
D,DISPATCH,UNIT_SCADA,1,"2019/09/05 04:00:00",CULLRGWF,1.97
D,DISPATCH,UNIT_SCADA,1,"2019/09/05 04:00:00",ERGT01,0
D,DISPATCH,UNIT_SCADA,1,"2019/09/05 04:00:00",GB01,0.016071
D,DISPATCH,UNIT_SCADA,1,"2019/09/05 04:00:00",GERMCRK,38
D,DISPATCH,UNIT_SCADA,1,"2019/09/05 04:00:00",GRIFSF1,0
D,DISPATCH,UNIT_SCADA,1,"2019/09/05 04:00:00",HUGSF1,-0.19
D,DISPATCH,UNIT_SCADA,1,"2019/09/05 04:00:00",LKBONNY1,14.378807
D,DISPATCH,UNIT_SCADA,1,"2019/09/05 04:00:00",LRSF1,-0.0310
D,DISPATCH,UNIT_SCADA,1,"2019/09/05 04:00:00",MBAHNTH,27.768753
D,DISPATCH,UNIT_SCADA,1,"2019/09/05 04:00:00",MLSP1,0.366001
D,DISPATCH,UNIT_SCADA,1,"2019/09/05 04:00:00",MLWF1,4.32
D,DISPATCH,UNIT_SCADA,1,"2019/09/05 04:00:00",MTMILLAR,5.417275
D,DISPATCH,UNIT_SCADA,1,"2019/09/05 04:00:00",PALOONA,16.77
D,DISPATCH,UNIT_SCADA,1,"2019/09/05 04:00:00",PIONEER,45.799999
D,DISPATCH,UNIT_SCADA,1,"2019/09/05 04:00:00",PORTWF,30.90
D,DISPATCH,UNIT_SCADA,1,"2019/09/05 04:00:00",REPULSE,20.002136
D,DISPATCH,UNIT_SCADA,1,"2019/09/05 04:00:00",ROWALLAN,10.4086
D,DISPATCH,UNIT_SCADA,1,"2019/09/05 04:00:00",ROYALLA1,0
D,DISPATCH,UNIT_SCADA,1,"2019/09/05 04:00:00",RPCG,11
D,DISPATCH,UNIT_SCADA,1,"2019/09/05 04:00:00",RUBICON,0
D,DISPATCH,UNIT_SCADA,1,"2019/09/05 04:00:00",SATGN1,0
D,DISPATCH,UNIT_SCADA,1,"2019/09/05 04:00:00",SATGS1,0
D,DISPATCH,UNIT_SCADA,1,"2019/09/05 04:00:00",STARHLWF,0.899738
D,DISPATCH,UNIT_SCADA,1,"2019/09/05 04:00:00",WAUBRAWF,0
D,DISPATCH,UNIT_SCADA,1,"2019/09/05 04:00:00",WOOLNTH1,-0.789985
D,DISPATCH,UNIT_SCADA,1,"2019/09/05 04:00:00",WPWF,8
D,DISPATCH,UNIT_SCADA,1,"2019/09/05 04:00:00",YAMBUKWF,6.30
D,DISPATCH,UNIT_SCADA,1,"2019/09/05 04:00:00",YSWF1,0.40
D,DISPATCH,UNIT_SCADA,1,"2019/09/05 04:00:00",AGLHAL,0
D,DISPATCH,UNIT_SCADA,1,"2019/09/05 04:00:00",AGLSOM,0
D,DISPATCH,UNIT_SCADA,1,"2019/09/05 04:00:00",ANGAST1,0
D,DISPATCH,UNIT_SCADA,1,"2019/09/05 04:00:00",ARWF1,0.20
D,DISPATCH,UNIT_SCADA,1,"2019/09/05 04:00:00",BALBG1,0
D,DISPATCH,UNIT_SCADA,1,"2019/09/05 04:00:00",BALBL1,0
D,DISPATCH,UNIT_SCADA,1,"2019/09/05 04:00:00",BALDHWF1,0
D,DISPATCH,UNIT_SCADA,1,"2019/09/05 04:00:00",BANN1,0
D,DISPATCH,UNIT_SCADA,1,"2019/09/05 04:00:00",BARCALDN,0
D,DISPATCH,UNIT_SCADA,1,"2019/09/05 04:00:00",BARRON-1,0
D,DISPATCH,UNIT_SCADA,1,"2019/09/05 04:00:00",BARRON-2,0
D,DISPATCH,UNIT_SCADA,1,"2019/09/05 04:00:00",BASTYAN,80.80
D,DISPATCH,UNIT_SCADA,1,"2019/09/05 04:00:00",BBTHREE1,0
D,DISPATCH,UNIT_SCADA,1,"2019/09/05 04:00:00",BBTHREE2,0
D,DISPATCH,UNIT_SCADA,1,"2019/09/05 04:00:00",BBTHREE3,0
D,DISPATCH,UNIT_SCADA,1,"2019/09/05 04:00:00",BDL01,0
D,DISPATCH,UNIT_SCADA,1,"2019/09/05 04:00:00",BDL02,0
D,DISPATCH,UNIT_SCADA,1,"2019/09/05 04:00:00",BERYLSF1,0
D,DISPATCH,UNIT_SCADA,1,"2019/09/05 04:00:00",BLOWERNG,11.10
D,DISPATCH,UNIT_SCADA,1,"2019/09/05 04:00:00",BLUFF1,0
D,DISPATCH,UNIT_SCADA,1,"2019/09/05 04:00:00",BNGSF1,0
D,DISPATCH,UNIT_SCADA,1,"2019/09/05 04:00:00",BNGSF2,0
D,DISPATCH,UNIT_SCADA,1,"2019/09/05 04:00:00",BOCORWF1,0
D,DISPATCH,UNIT_SCADA,1,"2019/09/05 04:00:00",BODWF1,4.093950
D,DISPATCH,UNIT_SCADA,1,"2019/09/05 04:00:00",BRAEMAR1,0
D,DISPATCH,UNIT_SCADA,1,"2019/09/05 04:00:00",BRAEMAR2,0
D,DISPATCH,UNIT_SCADA,1,"2019/09/05 04:00:00",BRAEMAR3,0
D,DISPATCH,UNIT_SCADA,1,"2019/09/05 04:00:00",BRAEMAR5,0
D,DISPATCH,UNIT_SCADA,1,"2019/09/05 04:00:00",BRAEMAR6,0
D,DISPATCH,UNIT_SCADA,1,"2019/09/05 04:00:00",BRAEMAR7,0
D,DISPATCH,UNIT_SCADA,1,"2019/09/05 04:00:00",BROKENH1,0
D,DISPATCH,UNIT_SCADA,1,"2019/09/05 04:00:00",BW01,535.074950
D,DISPATCH,UNIT_SCADA,1,"2019/09/05 04:00:00",BW02,591.574950
D,DISPATCH,UNIT_SCADA,1,"2019/09/05 04:00:00",BW03,611.849980
D,DISPATCH,UNIT_SCADA,1,"2019/09/05 04:00:00",BW04,0
D,DISPATCH,UNIT_SCADA,1,"2019/09/05 04:00:00",CALL_B_1,349.399990
D,DISPATCH,UNIT_SCADA,1,"2019/09/05 04:00:00",CALL_B_2,349.300020
D,DISPATCH,UNIT_SCADA,1,"2019/09/05 04:00:00",CETHANA,80.162120
D,DISPATCH,UNIT_SCADA,1,"2019/09/05 04:00:00",CG1,0
D,DISPATCH,UNIT_SCADA,1,"2019/09/05 04:00:00",CG2,0
D,DISPATCH,UNIT_SCADA,1,"2019/09/05 04:00:00",CG3,0
D,DISPATCH,UNIT_SCADA,1,"2019/09/05 04:00:00",CG4,0
D,DISPATCH,UNIT_SCADA,1,"2019/09/05 04:00:00",CHILDSF1,0
D,DISPATCH,UNIT_SCADA,1,"2019/09/05 04:00:00",CLARESF1,0
D,DISPATCH,UNIT_SCADA,1,"2019/09/05 04:00:00",CLEMGPWF,3.169540
D,DISPATCH,UNIT_SCADA,1,"2019/09/05 04:00:00",CLERMSF1,0
D,DISPATCH,UNIT_SCADA,1,"2019/09/05 04:00:00",COLEASF1,0
D,DISPATCH,UNIT_SCADA,1,"2019/09/05 04:00:00",COOPGWF1,6.484260
D,DISPATCH,UNIT_SCADA,1,"2019/09/05 04:00:00",CPP_3,405.6250
D,DISPATCH,UNIT_SCADA,1,"2019/09/05 04:00:00",CPP_4,406.175020
D,DISPATCH,UNIT_SCADA,1,"2019/09/05 04:00:00",CPSA,141.2225
D,DISPATCH,UNIT_SCADA,1,"2019/09/05 04:00:00",CROOKWF2,11.823750
D,DISPATCH,UNIT_SCADA,1,"2019/09/05 04:00:00",CROWLWF1,0.055740
D,DISPATCH,UNIT_SCADA,1,"2019/09/05 04:00:00",CSPVPS1,0
D,DISPATCH,UNIT_SCADA,1,"2019/09/05 04:00:00",DALNTH01,0
D,DISPATCH,UNIT_SCADA,1,"2019/09/05 04:00:00",DALNTHL1,4.979020
D,DISPATCH,UNIT_SCADA,1,"2019/09/05 04:00:00",DARTM1,133.80
D,DISPATCH,UNIT_SCADA,1,"2019/09/05 04:00:00",DAYDSF1,0
D,DISPATCH,UNIT_SCADA,1,"2019/09/05 04:00:00",DDPS1,253.837340
D,DISPATCH,UNIT_SCADA,1,"2019/09/05 04:00:00",DDSF1,0
D,DISPATCH,UNIT_SCADA,1,"2019/09/05 04:00:00",DEVILS_G,56.3860
D,DISPATCH,UNIT_SCADA,1,"2019/09/05 04:00:00",DG_NSW1,0
D,DISPATCH,UNIT_SCADA,1,"2019/09/05 04:00:00",DG_QLD1,0
D,DISPATCH,UNIT_SCADA,1,"2019/09/05 04:00:00",DG_SA1,0
D,DISPATCH,UNIT_SCADA,1,"2019/09/05 04:00:00",DG_TAS1,0
D,DISPATCH,UNIT_SCADA,1,"2019/09/05 04:00:00",DG_VIC1,0
D,DISPATCH,UNIT_SCADA,1,"2019/09/05 04:00:00",DRYCGT1,0
D,DISPATCH,UNIT_SCADA,1,"2019/09/05 04:00:00",DRYCGT2,0
D,DISPATCH,UNIT_SCADA,1,"2019/09/05 04:00:00",DRYCGT3,0
D,DISPATCH,UNIT_SCADA,1,"2019/09/05 04:00:00",EILDON1,0
D,DISPATCH,UNIT_SCADA,1,"2019/09/05 04:00:00",EILDON2,0
D,DISPATCH,UNIT_SCADA,1,"2019/09/05 04:00:00",EMERASF1,0
D,DISPATCH,UNIT_SCADA,1,"2019/09/05 04:00:00",ER01,485.674930
D,DISPATCH,UNIT_SCADA,1,"2019/09/05 04:00:00",ER02,488.175050
D,DISPATCH,UNIT_SCADA,1,"2019/09/05 04:00:00",ER03,0
D,DISPATCH,UNIT_SCADA,1,"2019/09/05 04:00:00",ER04,351.275020
D,DISPATCH,UNIT_SCADA,1,"2019/09/05 04:00:00",FINLYSF1,0
D,DISPATCH,UNIT_SCADA,1,"2019/09/05 04:00:00",FISHER,45.96
D,DISPATCH,UNIT_SCADA,1,"2019/09/05 04:00:00",GANNBG1,0
D,DISPATCH,UNIT_SCADA,1,"2019/09/05 04:00:00",GANNBL1,10.0078
D,DISPATCH,UNIT_SCADA,1,"2019/09/05 04:00:00",GANNSF1,0
D,DISPATCH,UNIT_SCADA,1,"2019/09/05 04:00:00",GORDON,20.054160
D,DISPATCH,UNIT_SCADA,1,"2019/09/05 04:00:00",GSTONE1,180.0750
D,DISPATCH,UNIT_SCADA,1,"2019/09/05 04:00:00",GSTONE2,169.05
D,DISPATCH,UNIT_SCADA,1,"2019/09/05 04:00:00",GSTONE3,0
D,DISPATCH,UNIT_SCADA,1,"2019/09/05 04:00:00",GSTONE4,197.5750
D,DISPATCH,UNIT_SCADA,1,"2019/09/05 04:00:00",GSTONE5,176.75
D,DISPATCH,UNIT_SCADA,1,"2019/09/05 04:00:00",GSTONE6,180.25
D,DISPATCH,UNIT_SCADA,1,"2019/09/05 04:00:00",GULLRSF1,0
D,DISPATCH,UNIT_SCADA,1,"2019/09/05 04:00:00",GULLRWF1,38.030240
D,DISPATCH,UNIT_SCADA,1,"2019/09/05 04:00:00",GUNNING1,4.234290
D,DISPATCH,UNIT_SCADA,1,"2019/09/05 04:00:00",GUTHEGA,0
D,DISPATCH,UNIT_SCADA,1,"2019/09/05 04:00:00",HALLWF1,-0.51
D,DISPATCH,UNIT_SCADA,1,"2019/09/05 04:00:00",HALLWF2,-0.30
D,DISPATCH,UNIT_SCADA,1,"2019/09/05 04:00:00",HAMISF1,0
D,DISPATCH,UNIT_SCADA,1,"2019/09/05 04:00:00",HAUGHT11,0
D,DISPATCH,UNIT_SCADA,1,"2019/09/05 04:00:00",HAYMSF1,0
D,DISPATCH,UNIT_SCADA,1,"2019/09/05 04:00:00",HDWF1,11.80
D,DISPATCH,UNIT_SCADA,1,"2019/09/05 04:00:00",HDWF2,5.90
D,DISPATCH,UNIT_SCADA,1,"2019/09/05 04:00:00",HDWF3,7.20
D,DISPATCH,UNIT_SCADA,1,"2019/09/05 04:00:00",HPRG1,0.50
D,DISPATCH,UNIT_SCADA,1,"2019/09/05 04:00:00",HPRL1,0
D,DISPATCH,UNIT_SCADA,1,"2019/09/05 04:00:00",HUMENSW,0
D,DISPATCH,UNIT_SCADA,1,"2019/09/05 04:00:00",HUMEV,25.80
D,DISPATCH,UNIT_SCADA,1,"2019/09/05 04:00:00",HVGTS,0
D,DISPATCH,UNIT_SCADA,1,"2019/09/05 04:00:00",JBUTTERS,0
D,DISPATCH,UNIT_SCADA,1,"2019/09/05 04:00:00",JLA01,0.10
D,DISPATCH,UNIT_SCADA,1,"2019/09/05 04:00:00",JLA02,0
D,DISPATCH,UNIT_SCADA,1,"2019/09/05 04:00:00",JLA03,0
D,DISPATCH,UNIT_SCADA,1,"2019/09/05 04:00:00",JLA04,0
D,DISPATCH,UNIT_SCADA,1,"2019/09/05 04:00:00",JLB01,0
D,DISPATCH,UNIT_SCADA,1,"2019/09/05 04:00:00",JLB02,0.10
D,DISPATCH,UNIT_SCADA,1,"2019/09/05 04:00:00",JLB03,0
D,DISPATCH,UNIT_SCADA,1,"2019/09/05 04:00:00",KAREEYA1,21.55
D,DISPATCH,UNIT_SCADA,1,"2019/09/05 04:00:00",KAREEYA2,21.6075
D,DISPATCH,UNIT_SCADA,1,"2019/09/05 04:00:00",KAREEYA3,0
D,DISPATCH,UNIT_SCADA,1,"2019/09/05 04:00:00",KAREEYA4,21.6425
D,DISPATCH,UNIT_SCADA,1,"2019/09/05 04:00:00",KARSF1,0
D,DISPATCH,UNIT_SCADA,1,"2019/09/05 04:00:00",KIATAWF1,4.30
D,DISPATCH,UNIT_SCADA,1,"2019/09/05 04:00:00",KPP_1,0
D,DISPATCH,UNIT_SCADA,1,"2019/09/05 04:00:00",KSP1,0
D,DISPATCH,UNIT_SCADA,1,"2019/09/05 04:00:00",LADBROK1,0
D,DISPATCH,UNIT_SCADA,1,"2019/09/05 04:00:00",LADBROK2,0
D,DISPATCH,UNIT_SCADA,1,"2019/09/05 04:00:00",LD01,355.031250
D,DISPATCH,UNIT_SCADA,1,"2019/09/05 04:00:00",LD02,321.4313
D,DISPATCH,UNIT_SCADA,1,"2019/09/05 04:00:00",LD03,348.1875
D,DISPATCH,UNIT_SCADA,1,"2019/09/05 04:00:00",LD04,350.25
D,DISPATCH,UNIT_SCADA,1,"2019/09/05 04:00:00",LEM_WIL,85.337250
D,DISPATCH,UNIT_SCADA,1,"2019/09/05 04:00:00",LGAPWF1,23.30
D,DISPATCH,UNIT_SCADA,1,"2019/09/05 04:00:00",LILYSF1,0
D,DISPATCH,UNIT_SCADA,1,"2019/09/05 04:00:00",LI_WY_CA,143.320250
D,DISPATCH,UNIT_SCADA,1,"2019/09/05 04:00:00",LKBONNY2,40.535270
D,DISPATCH,UNIT_SCADA,1,"2019/09/05 04:00:00",LKBONNY3,8.317480
D,DISPATCH,UNIT_SCADA,1,"2019/09/05 04:00:00",LK_ECHO,0
D,DISPATCH,UNIT_SCADA,1,"2019/09/05 04:00:00",LNGS1,0
D,DISPATCH,UNIT_SCADA,1,"2019/09/05 04:00:00",LNGS2,0
D,DISPATCH,UNIT_SCADA,1,"2019/09/05 04:00:00",LONSDALE,0
D,DISPATCH,UNIT_SCADA,1,"2019/09/05 04:00:00",LOYYB1,535.712650
D,DISPATCH,UNIT_SCADA,1,"2019/09/05 04:00:00",LOYYB2,583.082280
D,DISPATCH,UNIT_SCADA,1,"2019/09/05 04:00:00",LYA1,0
D,DISPATCH,UNIT_SCADA,1,"2019/09/05 04:00:00",LYA2,0
D,DISPATCH,UNIT_SCADA,1,"2019/09/05 04:00:00",LYA3,558
D,DISPATCH,UNIT_SCADA,1,"2019/09/05 04:00:00",LYA4,539
D,DISPATCH,UNIT_SCADA,1,"2019/09/05 04:00:00",MACARTH1,60.4986
D,DISPATCH,UNIT_SCADA,1,"2019/09/05 04:00:00",MACKAYGT,0.2240
D,DISPATCH,UNIT_SCADA,1,"2019/09/05 04:00:00",MACKNTSH,89.250010
D,DISPATCH,UNIT_SCADA,1,"2019/09/05 04:00:00",MANSLR1,0
D,DISPATCH,UNIT_SCADA,1,"2019/09/05 04:00:00",MCKAY1,0.0750
D,DISPATCH,UNIT_SCADA,1,"2019/09/05 04:00:00",MEADOWBK,25.1504
D,DISPATCH,UNIT_SCADA,1,"2019/09/05 04:00:00",MERCER01,14.3160
D,DISPATCH,UNIT_SCADA,1,"2019/09/05 04:00:00",MEWF1,67.014660
D,DISPATCH,UNIT_SCADA,1,"2019/09/05 04:00:00",MINTARO,0
D,DISPATCH,UNIT_SCADA,1,"2019/09/05 04:00:00",MOREESF1,0
D,DISPATCH,UNIT_SCADA,1,"2019/09/05 04:00:00",MORTLK11,124
D,DISPATCH,UNIT_SCADA,1,"2019/09/05 04:00:00",MORTLK12,0
D,DISPATCH,UNIT_SCADA,1,"2019/09/05 04:00:00",MP1,220.575070
D,DISPATCH,UNIT_SCADA,1,"2019/09/05 04:00:00",MP2,0
D,DISPATCH,UNIT_SCADA,1,"2019/09/05 04:00:00",MPP_1,402.75
D,DISPATCH,UNIT_SCADA,1,"2019/09/05 04:00:00",MPP_2,434.75
D,DISPATCH,UNIT_SCADA,1,"2019/09/05 04:00:00",MSTUART1,0
D,DISPATCH,UNIT_SCADA,1,"2019/09/05 04:00:00",MSTUART2,0
D,DISPATCH,UNIT_SCADA,1,"2019/09/05 04:00:00",MSTUART3,0
D,DISPATCH,UNIT_SCADA,1,"2019/09/05 04:00:00",MTGELWF1,11.386460
D,DISPATCH,UNIT_SCADA,1,"2019/09/05 04:00:00",MURRAY,0
D,DISPATCH,UNIT_SCADA,1,"2019/09/05 04:00:00",MUSSELR1,28.90
D,DISPATCH,UNIT_SCADA,1,"2019/09/05 04:00:00",MUWAWF1,6.78
D,DISPATCH,UNIT_SCADA,1,"2019/09/05 04:00:00",NBHWF1,-0.20
D,DISPATCH,UNIT_SCADA,1,"2019/09/05 04:00:00",NPS,101.25
D,DISPATCH,UNIT_SCADA,1,"2019/09/05 04:00:00",NUMURSF1,0
D,DISPATCH,UNIT_SCADA,1,"2019/09/05 04:00:00",NYNGAN1,0
D,DISPATCH,UNIT_SCADA,1,"2019/09/05 04:00:00",OAKEY1,0
D,DISPATCH,UNIT_SCADA,1,"2019/09/05 04:00:00",OAKEY1SF,0
D,DISPATCH,UNIT_SCADA,1,"2019/09/05 04:00:00",OAKEY2,0
D,DISPATCH,UNIT_SCADA,1,"2019/09/05 04:00:00",OAKEY2SF,0
D,DISPATCH,UNIT_SCADA,1,"2019/09/05 04:00:00",OAKLAND1,4.40
D,DISPATCH,UNIT_SCADA,1,"2019/09/05 04:00:00",OSB-AG,145.960010
D,DISPATCH,UNIT_SCADA,1,"2019/09/05 04:00:00",PARSF1,0
D,DISPATCH,UNIT_SCADA,1,"2019/09/05 04:00:00",POAT110,0
D,DISPATCH,UNIT_SCADA,1,"2019/09/05 04:00:00",POAT220,10.24
D,DISPATCH,UNIT_SCADA,1,"2019/09/05 04:00:00",POR01,0
D,DISPATCH,UNIT_SCADA,1,"2019/09/05 04:00:00",POR03,0
D,DISPATCH,UNIT_SCADA,1,"2019/09/05 04:00:00",PPCCGT,356.092680
D,DISPATCH,UNIT_SCADA,1,"2019/09/05 04:00:00",PTSTAN1,0
D,DISPATCH,UNIT_SCADA,1,"2019/09/05 04:00:00",PUMP1,0
D,DISPATCH,UNIT_SCADA,1,"2019/09/05 04:00:00",PUMP2,0
D,DISPATCH,UNIT_SCADA,1,"2019/09/05 04:00:00",QPS1,0
D,DISPATCH,UNIT_SCADA,1,"2019/09/05 04:00:00",QPS2,0
D,DISPATCH,UNIT_SCADA,1,"2019/09/05 04:00:00",QPS3,0
D,DISPATCH,UNIT_SCADA,1,"2019/09/05 04:00:00",QPS4,0
D,DISPATCH,UNIT_SCADA,1,"2019/09/05 04:00:00",QPS5,0
D,DISPATCH,UNIT_SCADA,1,"2019/09/05 04:00:00",REECE1,102.830010
D,DISPATCH,UNIT_SCADA,1,"2019/09/05 04:00:00",REECE2,101.690010
D,DISPATCH,UNIT_SCADA,1,"2019/09/05 04:00:00",ROMA_7,0
D,DISPATCH,UNIT_SCADA,1,"2019/09/05 04:00:00",ROMA_8,0
D,DISPATCH,UNIT_SCADA,1,"2019/09/05 04:00:00",RRSF1,0
D,DISPATCH,UNIT_SCADA,1,"2019/09/05 04:00:00",RT_NSW1,0
D,DISPATCH,UNIT_SCADA,1,"2019/09/05 04:00:00",RT_NSW2,0
D,DISPATCH,UNIT_SCADA,1,"2019/09/05 04:00:00",RT_NSW3,0
D,DISPATCH,UNIT_SCADA,1,"2019/09/05 04:00:00",RT_NSW4,0
D,DISPATCH,UNIT_SCADA,1,"2019/09/05 04:00:00",RT_NSW5,0
D,DISPATCH,UNIT_SCADA,1,"2019/09/05 04:00:00",RT_NSW6,0
D,DISPATCH,UNIT_SCADA,1,"2019/09/05 04:00:00",RT_QLD1,0
D,DISPATCH,UNIT_SCADA,1,"2019/09/05 04:00:00",RT_SA1,0
D,DISPATCH,UNIT_SCADA,1,"2019/09/05 04:00:00",RT_SA2,0
D,DISPATCH,UNIT_SCADA,1,"2019/09/05 04:00:00",RT_SA3,0
D,DISPATCH,UNIT_SCADA,1,"2019/09/05 04:00:00",RT_SA4,0
D,DISPATCH,UNIT_SCADA,1,"2019/09/05 04:00:00",RT_SA5,0
D,DISPATCH,UNIT_SCADA,1,"2019/09/05 04:00:00",RT_SA6,0
D,DISPATCH,UNIT_SCADA,1,"2019/09/05 04:00:00",RT_TAS1,0
D,DISPATCH,UNIT_SCADA,1,"2019/09/05 04:00:00",RT_VIC1,0
D,DISPATCH,UNIT_SCADA,1,"2019/09/05 04:00:00",RT_VIC10,0
D,DISPATCH,UNIT_SCADA,1,"2019/09/05 04:00:00",RT_VIC11,0
D,DISPATCH,UNIT_SCADA,1,"2019/09/05 04:00:00",RT_VIC12,0
D,DISPATCH,UNIT_SCADA,1,"2019/09/05 04:00:00",RT_VIC2,0
D,DISPATCH,UNIT_SCADA,1,"2019/09/05 04:00:00",RT_VIC3,0
D,DISPATCH,UNIT_SCADA,1,"2019/09/05 04:00:00",RT_VIC4,0
D,DISPATCH,UNIT_SCADA,1,"2019/09/05 04:00:00",RT_VIC5,0
D,DISPATCH,UNIT_SCADA,1,"2019/09/05 04:00:00",RT_VIC6,0
D,DISPATCH,UNIT_SCADA,1,"2019/09/05 04:00:00",RT_VIC7,0
D,DISPATCH,UNIT_SCADA,1,"2019/09/05 04:00:00",RT_VIC8,0
D,DISPATCH,UNIT_SCADA,1,"2019/09/05 04:00:00",RT_VIC9,0
D,DISPATCH,UNIT_SCADA,1,"2019/09/05 04:00:00",RUGBYR1,0
D,DISPATCH,UNIT_SCADA,1,"2019/09/05 04:00:00",SALTCRK1,6.27
D,DISPATCH,UNIT_SCADA,1,"2019/09/05 04:00:00",SAPHWF1,-2.399990
D,DISPATCH,UNIT_SCADA,1,"2019/09/05 04:00:00",SHGEN,0
D,DISPATCH,UNIT_SCADA,1,"2019/09/05 04:00:00",SHPUMP,157.947370
D,DISPATCH,UNIT_SCADA,1,"2019/09/05 04:00:00",SITHE01,0.224190
D,DISPATCH,UNIT_SCADA,1,"2019/09/05 04:00:00",SMCSF1,0
D,DISPATCH,UNIT_SCADA,1,"2019/09/05 04:00:00",SNOWNTH1,9.70
D,DISPATCH,UNIT_SCADA,1,"2019/09/05 04:00:00",SNOWSTH1,5.70
D,DISPATCH,UNIT_SCADA,1,"2019/09/05 04:00:00",SNOWTWN1,3.150710
D,DISPATCH,UNIT_SCADA,1,"2019/09/05 04:00:00",SNOWYP,0
D,DISPATCH,UNIT_SCADA,1,"2019/09/05 04:00:00",SNUG1,0.019440
D,DISPATCH,UNIT_SCADA,1,"2019/09/05 04:00:00",SRSF1,0
D,DISPATCH,UNIT_SCADA,1,"2019/09/05 04:00:00",STAN-1,221.8633
D,DISPATCH,UNIT_SCADA,1,"2019/09/05 04:00:00",STAN-2,250.139370
D,DISPATCH,UNIT_SCADA,1,"2019/09/05 04:00:00",STAN-3,248.806320
D,DISPATCH,UNIT_SCADA,1,"2019/09/05 04:00:00",STAN-4,250.459810
D,DISPATCH,UNIT_SCADA,1,"2019/09/05 04:00:00",STWF1,174.993760
D,DISPATCH,UNIT_SCADA,1,"2019/09/05 04:00:00",SWAN_E,0
D,DISPATCH,UNIT_SCADA,1,"2019/09/05 04:00:00",TALWA1,343
D,DISPATCH,UNIT_SCADA,1,"2019/09/05 04:00:00",TARALGA1,16.8375
D,DISPATCH,UNIT_SCADA,1,"2019/09/05 04:00:00",TARONG#1,274.300020
D,DISPATCH,UNIT_SCADA,1,"2019/09/05 04:00:00",TARONG#2,0
D,DISPATCH,UNIT_SCADA,1,"2019/09/05 04:00:00",TARONG#3,261.399990
D,DISPATCH,UNIT_SCADA,1,"2019/09/05 04:00:00",TARONG#4,275.899990
D,DISPATCH,UNIT_SCADA,1,"2019/09/05 04:00:00",TARRALEA,71.10
D,DISPATCH,UNIT_SCADA,1,"2019/09/05 04:00:00",TBSF1,-0.20
D,DISPATCH,UNIT_SCADA,1,"2019/09/05 04:00:00",TNPS1,379.600010
D,DISPATCH,UNIT_SCADA,1,"2019/09/05 04:00:00",TORRA1,41.979680
D,DISPATCH,UNIT_SCADA,1,"2019/09/05 04:00:00",TORRA2,0
D,DISPATCH,UNIT_SCADA,1,"2019/09/05 04:00:00",TORRA3,0
D,DISPATCH,UNIT_SCADA,1,"2019/09/05 04:00:00",TORRA4,42.722340
D,DISPATCH,UNIT_SCADA,1,"2019/09/05 04:00:00",TORRB1,60.85
D,DISPATCH,UNIT_SCADA,1,"2019/09/05 04:00:00",TORRB2,61.29
D,DISPATCH,UNIT_SCADA,1,"2019/09/05 04:00:00",TORRB3,43.37
D,DISPATCH,UNIT_SCADA,1,"2019/09/05 04:00:00",TORRB4,0
D,DISPATCH,UNIT_SCADA,1,"2019/09/05 04:00:00",TREVALLN,2.20
D,DISPATCH,UNIT_SCADA,1,"2019/09/05 04:00:00",TRIBUTE,0
D,DISPATCH,UNIT_SCADA,1,"2019/09/05 04:00:00",TUMUT3,0
D,DISPATCH,UNIT_SCADA,1,"2019/09/05 04:00:00",TUNGATIN,122.960040
D,DISPATCH,UNIT_SCADA,1,"2019/09/05 04:00:00",TVCC201,0
D,DISPATCH,UNIT_SCADA,1,"2019/09/05 04:00:00",TVPP104,0
D,DISPATCH,UNIT_SCADA,1,"2019/09/05 04:00:00",UPPTUMUT,0
D,DISPATCH,UNIT_SCADA,1,"2019/09/05 04:00:00",URANQ11,0
D,DISPATCH,UNIT_SCADA,1,"2019/09/05 04:00:00",URANQ12,0
D,DISPATCH,UNIT_SCADA,1,"2019/09/05 04:00:00",URANQ13,0
D,DISPATCH,UNIT_SCADA,1,"2019/09/05 04:00:00",URANQ14,0
D,DISPATCH,UNIT_SCADA,1,"2019/09/05 04:00:00",VP5,635.325010
D,DISPATCH,UNIT_SCADA,1,"2019/09/05 04:00:00",VP6,0
D,DISPATCH,UNIT_SCADA,1,"2019/09/05 04:00:00",VPGS1,0
D,DISPATCH,UNIT_SCADA,1,"2019/09/05 04:00:00",VPGS2,0
D,DISPATCH,UNIT_SCADA,1,"2019/09/05 04:00:00",VPGS3,0
D,DISPATCH,UNIT_SCADA,1,"2019/09/05 04:00:00",VPGS4,0
D,DISPATCH,UNIT_SCADA,1,"2019/09/05 04:00:00",VPGS5,0
D,DISPATCH,UNIT_SCADA,1,"2019/09/05 04:00:00",VPGS6,0
D,DISPATCH,UNIT_SCADA,1,"2019/09/05 04:00:00",W/HOE#1,0
D,DISPATCH,UNIT_SCADA,1,"2019/09/05 04:00:00",W/HOE#2,0
D,DISPATCH,UNIT_SCADA,1,"2019/09/05 04:00:00",WATERLWF,-0.20
D,DISPATCH,UNIT_SCADA,1,"2019/09/05 04:00:00",WEMENSF1,0
D,DISPATCH,UNIT_SCADA,1,"2019/09/05 04:00:00",WGWF1,0
D,DISPATCH,UNIT_SCADA,1,"2019/09/05 04:00:00",WHITSF1,0
D,DISPATCH,UNIT_SCADA,1,"2019/09/05 04:00:00",WKIEWA1,17
D,DISPATCH,UNIT_SCADA,1,"2019/09/05 04:00:00",WKIEWA2,17.20
D,DISPATCH,UNIT_SCADA,1,"2019/09/05 04:00:00",WOODLWN1,11.25
D,DISPATCH,UNIT_SCADA,1,"2019/09/05 04:00:00",WRSF1,0
D,DISPATCH,UNIT_SCADA,1,"2019/09/05 04:00:00",WRWF1,7.538750
D,DISPATCH,UNIT_SCADA,1,"2019/09/05 04:00:00",YABULU,0
D,DISPATCH,UNIT_SCADA,1,"2019/09/05 04:00:00",YABULU2,0
D,DISPATCH,UNIT_SCADA,1,"2019/09/05 04:00:00",YARWUN_1,167.019990
D,DISPATCH,UNIT_SCADA,1,"2019/09/05 04:00:00",YENDWF1,2.22
D,DISPATCH,UNIT_SCADA,1,"2019/09/05 04:00:00",YWPS1,381.453160
D,DISPATCH,UNIT_SCADA,1,"2019/09/05 04:00:00",YWPS2,284.458220
D,DISPATCH,UNIT_SCADA,1,"2019/09/05 04:00:00",YWPS3,321.563290
D,DISPATCH,UNIT_SCADA,1,"2019/09/05 04:00:00",YWPS4,388.745570
C,"END OF REPORT",335
