C,NEMP.WORLD,DISPATCHSCADA,AEMO,PUBLIC,2019/09/06,01:45:09,0000000312443617,DISPATCHSCADA,0000000312443611
I,DISPATCH,UNIT_SCADA,1,SETTLEMENTDATE,DUID,SCADAVALUE
D,DISPATCH,UNIT_SCADA,1,"2019/09/06 01:50:00",BARCSF1,0.30
D,DISPATCH,UNIT_SCADA,1,"2019/09/06 01:50:00",BUTLERSG,10.199999
D,DISPATCH,UNIT_SCADA,1,"2019/09/06 01:50:00",CALL_A_4,0
D,DISPATCH,UNIT_SCADA,1,"2019/09/06 01:50:00",CAPTL_WF,15.199997
D,DISPATCH,UNIT_SCADA,1,"2019/09/06 01:50:00",CATHROCK,0
D,DISPATCH,UNIT_SCADA,1,"2019/09/06 01:50:00",CHALLHWF,19.60
D,DISPATCH,UNIT_SCADA,1,"2019/09/06 01:50:00",CLOVER,-0.01
D,DISPATCH,UNIT_SCADA,1,"2019/09/06 01:50:00",CLUNY,14.401922
D,DISPATCH,UNIT_SCADA,1,"2019/09/06 01:50:00",CNUNDAWF,21.925577
D,DISPATCH,UNIT_SCADA,1,"2019/09/06 01:50:00",CULLRGWF,7.80
D,DISPATCH,UNIT_SCADA,1,"2019/09/06 01:50:00",ERGT01,0
D,DISPATCH,UNIT_SCADA,1,"2019/09/06 01:50:00",GB01,0.002285
D,DISPATCH,UNIT_SCADA,1,"2019/09/06 01:50:00",GERMCRK,36.599998
D,DISPATCH,UNIT_SCADA,1,"2019/09/06 01:50:00",GRIFSF1,0
D,DISPATCH,UNIT_SCADA,1,"2019/09/06 01:50:00",HUGSF1,-0.2330
D,DISPATCH,UNIT_SCADA,1,"2019/09/06 01:50:00",LKBONNY1,42.779186
D,DISPATCH,UNIT_SCADA,1,"2019/09/06 01:50:00",LRSF1,-0.0010
D,DISPATCH,UNIT_SCADA,1,"2019/09/06 01:50:00",MBAHNTH,50.024994
D,DISPATCH,UNIT_SCADA,1,"2019/09/06 01:50:00",MLSP1,0
D,DISPATCH,UNIT_SCADA,1,"2019/09/06 01:50:00",MLWF1,4.92
D,DISPATCH,UNIT_SCADA,1,"2019/09/06 01:50:00",MTMILLAR,56.405140
D,DISPATCH,UNIT_SCADA,1,"2019/09/06 01:50:00",PALOONA,25.92
D,DISPATCH,UNIT_SCADA,1,"2019/09/06 01:50:00",PIONEER,41.100002
D,DISPATCH,UNIT_SCADA,1,"2019/09/06 01:50:00",PORTWF,51.200001
D,DISPATCH,UNIT_SCADA,1,"2019/09/06 01:50:00",REPULSE,32.720837
D,DISPATCH,UNIT_SCADA,1,"2019/09/06 01:50:00",ROWALLAN,10.3944
D,DISPATCH,UNIT_SCADA,1,"2019/09/06 01:50:00",ROYALLA1,0
D,DISPATCH,UNIT_SCADA,1,"2019/09/06 01:50:00",RPCG,10.60
D,DISPATCH,UNIT_SCADA,1,"2019/09/06 01:50:00",RUBICON,0
D,DISPATCH,UNIT_SCADA,1,"2019/09/06 01:50:00",SATGN1,0
D,DISPATCH,UNIT_SCADA,1,"2019/09/06 01:50:00",SATGS1,0
D,DISPATCH,UNIT_SCADA,1,"2019/09/06 01:50:00",STARHLWF,29.891283
D,DISPATCH,UNIT_SCADA,1,"2019/09/06 01:50:00",WAUBRAWF,27.106001
D,DISPATCH,UNIT_SCADA,1,"2019/09/06 01:50:00",WOOLNTH1,127.560013
D,DISPATCH,UNIT_SCADA,1,"2019/09/06 01:50:00",WPWF,87
D,DISPATCH,UNIT_SCADA,1,"2019/09/06 01:50:00",YAMBUKWF,4.20
D,DISPATCH,UNIT_SCADA,1,"2019/09/06 01:50:00",YSWF1,7
D,DISPATCH,UNIT_SCADA,1,"2019/09/06 01:50:00",AGLHAL,0
D,DISPATCH,UNIT_SCADA,1,"2019/09/06 01:50:00",AGLSOM,0
D,DISPATCH,UNIT_SCADA,1,"2019/09/06 01:50:00",ANGAST1,0
D,DISPATCH,UNIT_SCADA,1,"2019/09/06 01:50:00",ARWF1,31.30
D,DISPATCH,UNIT_SCADA,1,"2019/09/06 01:50:00",BALBG1,0
D,DISPATCH,UNIT_SCADA,1,"2019/09/06 01:50:00",BALBL1,0
D,DISPATCH,UNIT_SCADA,1,"2019/09/06 01:50:00",BALDHWF1,14.9050
D,DISPATCH,UNIT_SCADA,1,"2019/09/06 01:50:00",BANN1,0
D,DISPATCH,UNIT_SCADA,1,"2019/09/06 01:50:00",BARCALDN,0
D,DISPATCH,UNIT_SCADA,1,"2019/09/06 01:50:00",BARRON-1,0
D,DISPATCH,UNIT_SCADA,1,"2019/09/06 01:50:00",BARRON-2,0
D,DISPATCH,UNIT_SCADA,1,"2019/09/06 01:50:00",BASTYAN,80.990010
D,DISPATCH,UNIT_SCADA,1,"2019/09/06 01:50:00",BBTHREE1,0
D,DISPATCH,UNIT_SCADA,1,"2019/09/06 01:50:00",BBTHREE2,0
D,DISPATCH,UNIT_SCADA,1,"2019/09/06 01:50:00",BBTHREE3,0
D,DISPATCH,UNIT_SCADA,1,"2019/09/06 01:50:00",BDL01,0
D,DISPATCH,UNIT_SCADA,1,"2019/09/06 01:50:00",BDL02,0
D,DISPATCH,UNIT_SCADA,1,"2019/09/06 01:50:00",BERYLSF1,0
D,DISPATCH,UNIT_SCADA,1,"2019/09/06 01:50:00",BLOWERNG,15.30
D,DISPATCH,UNIT_SCADA,1,"2019/09/06 01:50:00",BLUFF1,52.60
D,DISPATCH,UNIT_SCADA,1,"2019/09/06 01:50:00",BNGSF1,0
D,DISPATCH,UNIT_SCADA,1,"2019/09/06 01:50:00",BNGSF2,0
D,DISPATCH,UNIT_SCADA,1,"2019/09/06 01:50:00",BOCORWF1,47.23
D,DISPATCH,UNIT_SCADA,1,"2019/09/06 01:50:00",BODWF1,45.620930
D,DISPATCH,UNIT_SCADA,1,"2019/09/06 01:50:00",BRAEMAR1,0
D,DISPATCH,UNIT_SCADA,1,"2019/09/06 01:50:00",BRAEMAR2,0
D,DISPATCH,UNIT_SCADA,1,"2019/09/06 01:50:00",BRAEMAR3,0
D,DISPATCH,UNIT_SCADA,1,"2019/09/06 01:50:00",BRAEMAR5,0
D,DISPATCH,UNIT_SCADA,1,"2019/09/06 01:50:00",BRAEMAR6,0
D,DISPATCH,UNIT_SCADA,1,"2019/09/06 01:50:00",BRAEMAR7,0
D,DISPATCH,UNIT_SCADA,1,"2019/09/06 01:50:00",BROKENH1,0
D,DISPATCH,UNIT_SCADA,1,"2019/09/06 01:50:00",BW01,641.199950
D,DISPATCH,UNIT_SCADA,1,"2019/09/06 01:50:00",BW02,624.174930
D,DISPATCH,UNIT_SCADA,1,"2019/09/06 01:50:00",BW03,649.1250
D,DISPATCH,UNIT_SCADA,1,"2019/09/06 01:50:00",BW04,0
D,DISPATCH,UNIT_SCADA,1,"2019/09/06 01:50:00",CALL_B_1,349.700010
D,DISPATCH,UNIT_SCADA,1,"2019/09/06 01:50:00",CALL_B_2,278.300020
D,DISPATCH,UNIT_SCADA,1,"2019/09/06 01:50:00",CETHANA,18.371120
D,DISPATCH,UNIT_SCADA,1,"2019/09/06 01:50:00",CG1,0
D,DISPATCH,UNIT_SCADA,1,"2019/09/06 01:50:00",CG2,0
D,DISPATCH,UNIT_SCADA,1,"2019/09/06 01:50:00",CG3,0
D,DISPATCH,UNIT_SCADA,1,"2019/09/06 01:50:00",CG4,0
D,DISPATCH,UNIT_SCADA,1,"2019/09/06 01:50:00",CHILDSF1,0
D,DISPATCH,UNIT_SCADA,1,"2019/09/06 01:50:00",CLARESF1,0
D,DISPATCH,UNIT_SCADA,1,"2019/09/06 01:50:00",CLEMGPWF,55.106780
D,DISPATCH,UNIT_SCADA,1,"2019/09/06 01:50:00",CLERMSF1,0
D,DISPATCH,UNIT_SCADA,1,"2019/09/06 01:50:00",COLEASF1,0
D,DISPATCH,UNIT_SCADA,1,"2019/09/06 01:50:00",COOPGWF1,13.459170
D,DISPATCH,UNIT_SCADA,1,"2019/09/06 01:50:00",CPP_3,405.075010
D,DISPATCH,UNIT_SCADA,1,"2019/09/06 01:50:00",CPP_4,407.825010
D,DISPATCH,UNIT_SCADA,1,"2019/09/06 01:50:00",CPSA,143.3075
D,DISPATCH,UNIT_SCADA,1,"2019/09/06 01:50:00",CROOKWF2,76.903750
D,DISPATCH,UNIT_SCADA,1,"2019/09/06 01:50:00",CROWLWF1,22.282240
D,DISPATCH,UNIT_SCADA,1,"2019/09/06 01:50:00",CSPVPS1,0
D,DISPATCH,UNIT_SCADA,1,"2019/09/06 01:50:00",DALNTH01,0.138860
D,DISPATCH,UNIT_SCADA,1,"2019/09/06 01:50:00",DALNTHL1,0
D,DISPATCH,UNIT_SCADA,1,"2019/09/06 01:50:00",DARTM1,0
D,DISPATCH,UNIT_SCADA,1,"2019/09/06 01:50:00",DAYDSF1,0
D,DISPATCH,UNIT_SCADA,1,"2019/09/06 01:50:00",DDPS1,0
D,DISPATCH,UNIT_SCADA,1,"2019/09/06 01:50:00",DDSF1,0
D,DISPATCH,UNIT_SCADA,1,"2019/09/06 01:50:00",DEVILS_G,63.2197
D,DISPATCH,UNIT_SCADA,1,"2019/09/06 01:50:00",DG_NSW1,0
D,DISPATCH,UNIT_SCADA,1,"2019/09/06 01:50:00",DG_QLD1,0
D,DISPATCH,UNIT_SCADA,1,"2019/09/06 01:50:00",DG_SA1,0
D,DISPATCH,UNIT_SCADA,1,"2019/09/06 01:50:00",DG_TAS1,0
D,DISPATCH,UNIT_SCADA,1,"2019/09/06 01:50:00",DG_VIC1,0
D,DISPATCH,UNIT_SCADA,1,"2019/09/06 01:50:00",DRYCGT1,0
D,DISPATCH,UNIT_SCADA,1,"2019/09/06 01:50:00",DRYCGT2,0
D,DISPATCH,UNIT_SCADA,1,"2019/09/06 01:50:00",DRYCGT3,0
D,DISPATCH,UNIT_SCADA,1,"2019/09/06 01:50:00",EILDON1,0
D,DISPATCH,UNIT_SCADA,1,"2019/09/06 01:50:00",EILDON2,0
D,DISPATCH,UNIT_SCADA,1,"2019/09/06 01:50:00",EMERASF1,0
D,DISPATCH,UNIT_SCADA,1,"2019/09/06 01:50:00",ER01,559.074950
D,DISPATCH,UNIT_SCADA,1,"2019/09/06 01:50:00",ER02,666.50
D,DISPATCH,UNIT_SCADA,1,"2019/09/06 01:50:00",ER03,0
D,DISPATCH,UNIT_SCADA,1,"2019/09/06 01:50:00",ER04,662.300050
D,DISPATCH,UNIT_SCADA,1,"2019/09/06 01:50:00",FINLYSF1,0
D,DISPATCH,UNIT_SCADA,1,"2019/09/06 01:50:00",FISHER,45.94
D,DISPATCH,UNIT_SCADA,1,"2019/09/06 01:50:00",GANNBG1,0
D,DISPATCH,UNIT_SCADA,1,"2019/09/06 01:50:00",GANNBL1,10.007650
D,DISPATCH,UNIT_SCADA,1,"2019/09/06 01:50:00",GANNSF1,0
D,DISPATCH,UNIT_SCADA,1,"2019/09/06 01:50:00",GORDON,23.638720
D,DISPATCH,UNIT_SCADA,1,"2019/09/06 01:50:00",GSTONE1,161.1750
D,DISPATCH,UNIT_SCADA,1,"2019/09/06 01:50:00",GSTONE2,150.3250
D,DISPATCH,UNIT_SCADA,1,"2019/09/06 01:50:00",GSTONE3,0
D,DISPATCH,UNIT_SCADA,1,"2019/09/06 01:50:00",GSTONE4,160.8250
D,DISPATCH,UNIT_SCADA,1,"2019/09/06 01:50:00",GSTONE5,160.8250
D,DISPATCH,UNIT_SCADA,1,"2019/09/06 01:50:00",GSTONE6,160.474990
D,DISPATCH,UNIT_SCADA,1,"2019/09/06 01:50:00",GULLRSF1,0
D,DISPATCH,UNIT_SCADA,1,"2019/09/06 01:50:00",GULLRWF1,48.392820
D,DISPATCH,UNIT_SCADA,1,"2019/09/06 01:50:00",GUNNING1,9.645750
D,DISPATCH,UNIT_SCADA,1,"2019/09/06 01:50:00",GUTHEGA,0
D,DISPATCH,UNIT_SCADA,1,"2019/09/06 01:50:00",HALLWF1,88.06
D,DISPATCH,UNIT_SCADA,1,"2019/09/06 01:50:00",HALLWF2,49.63
D,DISPATCH,UNIT_SCADA,1,"2019/09/06 01:50:00",HAMISF1,0
D,DISPATCH,UNIT_SCADA,1,"2019/09/06 01:50:00",HAUGHT11,0
D,DISPATCH,UNIT_SCADA,1,"2019/09/06 01:50:00",HAYMSF1,0
D,DISPATCH,UNIT_SCADA,1,"2019/09/06 01:50:00",HDWF1,95.70
D,DISPATCH,UNIT_SCADA,1,"2019/09/06 01:50:00",HDWF2,86.70
D,DISPATCH,UNIT_SCADA,1,"2019/09/06 01:50:00",HDWF3,100.10
D,DISPATCH,UNIT_SCADA,1,"2019/09/06 01:50:00",HPRG1,0
D,DISPATCH,UNIT_SCADA,1,"2019/09/06 01:50:00",HPRL1,31.10
D,DISPATCH,UNIT_SCADA,1,"2019/09/06 01:50:00",HUMENSW,0
D,DISPATCH,UNIT_SCADA,1,"2019/09/06 01:50:00",HUMEV,24
D,DISPATCH,UNIT_SCADA,1,"2019/09/06 01:50:00",HVGTS,0
D,DISPATCH,UNIT_SCADA,1,"2019/09/06 01:50:00",JBUTTERS,0
D,DISPATCH,UNIT_SCADA,1,"2019/09/06 01:50:00",JLA01,0.10
D,DISPATCH,UNIT_SCADA,1,"2019/09/06 01:50:00",JLA02,0
D,DISPATCH,UNIT_SCADA,1,"2019/09/06 01:50:00",JLA03,0
D,DISPATCH,UNIT_SCADA,1,"2019/09/06 01:50:00",JLA04,0
D,DISPATCH,UNIT_SCADA,1,"2019/09/06 01:50:00",JLB01,0
D,DISPATCH,UNIT_SCADA,1,"2019/09/06 01:50:00",JLB02,0.10
D,DISPATCH,UNIT_SCADA,1,"2019/09/06 01:50:00",JLB03,0
D,DISPATCH,UNIT_SCADA,1,"2019/09/06 01:50:00",KAREEYA1,21.5325
D,DISPATCH,UNIT_SCADA,1,"2019/09/06 01:50:00",KAREEYA2,21.6825
D,DISPATCH,UNIT_SCADA,1,"2019/09/06 01:50:00",KAREEYA3,0
D,DISPATCH,UNIT_SCADA,1,"2019/09/06 01:50:00",KAREEYA4,21.5675
D,DISPATCH,UNIT_SCADA,1,"2019/09/06 01:50:00",KARSF1,0
D,DISPATCH,UNIT_SCADA,1,"2019/09/06 01:50:00",KIATAWF1,16.10
D,DISPATCH,UNIT_SCADA,1,"2019/09/06 01:50:00",KPP_1,0
D,DISPATCH,UNIT_SCADA,1,"2019/09/06 01:50:00",KSP1,0
D,DISPATCH,UNIT_SCADA,1,"2019/09/06 01:50:00",LADBROK1,0
D,DISPATCH,UNIT_SCADA,1,"2019/09/06 01:50:00",LADBROK2,0
D,DISPATCH,UNIT_SCADA,1,"2019/09/06 01:50:00",LD01,352.518770
D,DISPATCH,UNIT_SCADA,1,"2019/09/06 01:50:00",LD02,322.781250
D,DISPATCH,UNIT_SCADA,1,"2019/09/06 01:50:00",LD03,354.731230
D,DISPATCH,UNIT_SCADA,1,"2019/09/06 01:50:00",LD04,354.9375
D,DISPATCH,UNIT_SCADA,1,"2019/09/06 01:50:00",LEM_WIL,85.1896
D,DISPATCH,UNIT_SCADA,1,"2019/09/06 01:50:00",LGAPWF1,34.44
D,DISPATCH,UNIT_SCADA,1,"2019/09/06 01:50:00",LILYSF1,0
D,DISPATCH,UNIT_SCADA,1,"2019/09/06 01:50:00",LI_WY_CA,139.119450
D,DISPATCH,UNIT_SCADA,1,"2019/09/06 01:50:00",LKBONNY2,72.904150
D,DISPATCH,UNIT_SCADA,1,"2019/09/06 01:50:00",LKBONNY3,17.863040
D,DISPATCH,UNIT_SCADA,1,"2019/09/06 01:50:00",LK_ECHO,0
D,DISPATCH,UNIT_SCADA,1,"2019/09/06 01:50:00",LNGS1,0
D,DISPATCH,UNIT_SCADA,1,"2019/09/06 01:50:00",LNGS2,0
D,DISPATCH,UNIT_SCADA,1,"2019/09/06 01:50:00",LONSDALE,0
D,DISPATCH,UNIT_SCADA,1,"2019/09/06 01:50:00",LOYYB1,536.840520
D,DISPATCH,UNIT_SCADA,1,"2019/09/06 01:50:00",LOYYB2,583.458250
D,DISPATCH,UNIT_SCADA,1,"2019/09/06 01:50:00",LYA1,0
D,DISPATCH,UNIT_SCADA,1,"2019/09/06 01:50:00",LYA2,0
D,DISPATCH,UNIT_SCADA,1,"2019/09/06 01:50:00",LYA3,558
D,DISPATCH,UNIT_SCADA,1,"2019/09/06 01:50:00",LYA4,540
D,DISPATCH,UNIT_SCADA,1,"2019/09/06 01:50:00",MACARTH1,57.998660
D,DISPATCH,UNIT_SCADA,1,"2019/09/06 01:50:00",MACKAYGT,0.2240
D,DISPATCH,UNIT_SCADA,1,"2019/09/06 01:50:00",MACKNTSH,88.820010
D,DISPATCH,UNIT_SCADA,1,"2019/09/06 01:50:00",MANSLR1,0
D,DISPATCH,UNIT_SCADA,1,"2019/09/06 01:50:00",MCKAY1,0.0750
D,DISPATCH,UNIT_SCADA,1,"2019/09/06 01:50:00",MEADOWBK,34.0102
D,DISPATCH,UNIT_SCADA,1,"2019/09/06 01:50:00",MERCER01,1.9710
D,DISPATCH,UNIT_SCADA,1,"2019/09/06 01:50:00",MEWF1,59.770880
D,DISPATCH,UNIT_SCADA,1,"2019/09/06 01:50:00",MINTARO,0
D,DISPATCH,UNIT_SCADA,1,"2019/09/06 01:50:00",MOREESF1,0
D,DISPATCH,UNIT_SCADA,1,"2019/09/06 01:50:00",MORTLK11,168
D,DISPATCH,UNIT_SCADA,1,"2019/09/06 01:50:00",MORTLK12,0
D,DISPATCH,UNIT_SCADA,1,"2019/09/06 01:50:00",MP1,223.499940
D,DISPATCH,UNIT_SCADA,1,"2019/09/06 01:50:00",MP2,0
D,DISPATCH,UNIT_SCADA,1,"2019/09/06 01:50:00",MPP_1,379.50
D,DISPATCH,UNIT_SCADA,1,"2019/09/06 01:50:00",MPP_2,435.25
D,DISPATCH,UNIT_SCADA,1,"2019/09/06 01:50:00",MSTUART1,0
D,DISPATCH,UNIT_SCADA,1,"2019/09/06 01:50:00",MSTUART2,0
D,DISPATCH,UNIT_SCADA,1,"2019/09/06 01:50:00",MSTUART3,0
D,DISPATCH,UNIT_SCADA,1,"2019/09/06 01:50:00",MTGELWF1,11.708430
D,DISPATCH,UNIT_SCADA,1,"2019/09/06 01:50:00",MURRAY,0
D,DISPATCH,UNIT_SCADA,1,"2019/09/06 01:50:00",MUSSELR1,77.70
D,DISPATCH,UNIT_SCADA,1,"2019/09/06 01:50:00",MUWAWF1,73.92
D,DISPATCH,UNIT_SCADA,1,"2019/09/06 01:50:00",NBHWF1,119
D,DISPATCH,UNIT_SCADA,1,"2019/09/06 01:50:00",NPS,0
D,DISPATCH,UNIT_SCADA,1,"2019/09/06 01:50:00",NUMURSF1,0
D,DISPATCH,UNIT_SCADA,1,"2019/09/06 01:50:00",NYNGAN1,0
D,DISPATCH,UNIT_SCADA,1,"2019/09/06 01:50:00",OAKEY1,0
D,DISPATCH,UNIT_SCADA,1,"2019/09/06 01:50:00",OAKEY1SF,0
D,DISPATCH,UNIT_SCADA,1,"2019/09/06 01:50:00",OAKEY2,0
D,DISPATCH,UNIT_SCADA,1,"2019/09/06 01:50:00",OAKEY2SF,0
D,DISPATCH,UNIT_SCADA,1,"2019/09/06 01:50:00",OAKLAND1,5.20
D,DISPATCH,UNIT_SCADA,1,"2019/09/06 01:50:00",OSB-AG,0
D,DISPATCH,UNIT_SCADA,1,"2019/09/06 01:50:00",PARSF1,0
D,DISPATCH,UNIT_SCADA,1,"2019/09/06 01:50:00",POAT110,0
D,DISPATCH,UNIT_SCADA,1,"2019/09/06 01:50:00",POAT220,2.83
D,DISPATCH,UNIT_SCADA,1,"2019/09/06 01:50:00",POR01,0
D,DISPATCH,UNIT_SCADA,1,"2019/09/06 01:50:00",POR03,0
D,DISPATCH,UNIT_SCADA,1,"2019/09/06 01:50:00",PPCCGT,174.894410
D,DISPATCH,UNIT_SCADA,1,"2019/09/06 01:50:00",PTSTAN1,0
D,DISPATCH,UNIT_SCADA,1,"2019/09/06 01:50:00",PUMP1,0
D,DISPATCH,UNIT_SCADA,1,"2019/09/06 01:50:00",PUMP2,0
D,DISPATCH,UNIT_SCADA,1,"2019/09/06 01:50:00",QPS1,0
D,DISPATCH,UNIT_SCADA,1,"2019/09/06 01:50:00",QPS2,0
D,DISPATCH,UNIT_SCADA,1,"2019/09/06 01:50:00",QPS3,0
D,DISPATCH,UNIT_SCADA,1,"2019/09/06 01:50:00",QPS4,0
D,DISPATCH,UNIT_SCADA,1,"2019/09/06 01:50:00",QPS5,0
D,DISPATCH,UNIT_SCADA,1,"2019/09/06 01:50:00",REECE1,97.41
D,DISPATCH,UNIT_SCADA,1,"2019/09/06 01:50:00",REECE2,56.18
D,DISPATCH,UNIT_SCADA,1,"2019/09/06 01:50:00",ROMA_7,0
D,DISPATCH,UNIT_SCADA,1,"2019/09/06 01:50:00",ROMA_8,0
D,DISPATCH,UNIT_SCADA,1,"2019/09/06 01:50:00",RRSF1,0
D,DISPATCH,UNIT_SCADA,1,"2019/09/06 01:50:00",RT_NSW1,0
D,DISPATCH,UNIT_SCADA,1,"2019/09/06 01:50:00",RT_NSW2,0
D,DISPATCH,UNIT_SCADA,1,"2019/09/06 01:50:00",RT_NSW3,0
D,DISPATCH,UNIT_SCADA,1,"2019/09/06 01:50:00",RT_NSW4,0
D,DISPATCH,UNIT_SCADA,1,"2019/09/06 01:50:00",RT_NSW5,0
D,DISPATCH,UNIT_SCADA,1,"2019/09/06 01:50:00",RT_NSW6,0
D,DISPATCH,UNIT_SCADA,1,"2019/09/06 01:50:00",RT_QLD1,0
D,DISPATCH,UNIT_SCADA,1,"2019/09/06 01:50:00",RT_SA1,0
D,DISPATCH,UNIT_SCADA,1,"2019/09/06 01:50:00",RT_SA2,0
D,DISPATCH,UNIT_SCADA,1,"2019/09/06 01:50:00",RT_SA3,0
D,DISPATCH,UNIT_SCADA,1,"2019/09/06 01:50:00",RT_SA4,0
D,DISPATCH,UNIT_SCADA,1,"2019/09/06 01:50:00",RT_SA5,0
D,DISPATCH,UNIT_SCADA,1,"2019/09/06 01:50:00",RT_SA6,0
D,DISPATCH,UNIT_SCADA,1,"2019/09/06 01:50:00",RT_TAS1,0
D,DISPATCH,UNIT_SCADA,1,"2019/09/06 01:50:00",RT_VIC1,0
D,DISPATCH,UNIT_SCADA,1,"2019/09/06 01:50:00",RT_VIC10,0
D,DISPATCH,UNIT_SCADA,1,"2019/09/06 01:50:00",RT_VIC11,0
D,DISPATCH,UNIT_SCADA,1,"2019/09/06 01:50:00",RT_VIC12,0
D,DISPATCH,UNIT_SCADA,1,"2019/09/06 01:50:00",RT_VIC2,0
D,DISPATCH,UNIT_SCADA,1,"2019/09/06 01:50:00",RT_VIC3,0
D,DISPATCH,UNIT_SCADA,1,"2019/09/06 01:50:00",RT_VIC4,0
D,DISPATCH,UNIT_SCADA,1,"2019/09/06 01:50:00",RT_VIC5,0
D,DISPATCH,UNIT_SCADA,1,"2019/09/06 01:50:00",RT_VIC6,0
D,DISPATCH,UNIT_SCADA,1,"2019/09/06 01:50:00",RT_VIC7,0
D,DISPATCH,UNIT_SCADA,1,"2019/09/06 01:50:00",RT_VIC8,0
D,DISPATCH,UNIT_SCADA,1,"2019/09/06 01:50:00",RT_VIC9,0
D,DISPATCH,UNIT_SCADA,1,"2019/09/06 01:50:00",RUGBYR1,0
D,DISPATCH,UNIT_SCADA,1,"2019/09/06 01:50:00",SALTCRK1,6.15
D,DISPATCH,UNIT_SCADA,1,"2019/09/06 01:50:00",SAPHWF1,16.565610
D,DISPATCH,UNIT_SCADA,1,"2019/09/06 01:50:00",SHGEN,0
D,DISPATCH,UNIT_SCADA,1,"2019/09/06 01:50:00",SHPUMP,157.771970
D,DISPATCH,UNIT_SCADA,1,"2019/09/06 01:50:00",SITHE01,0.194050
D,DISPATCH,UNIT_SCADA,1,"2019/09/06 01:50:00",SMCSF1,0
D,DISPATCH,UNIT_SCADA,1,"2019/09/06 01:50:00",SNOWNTH1,134.899990
D,DISPATCH,UNIT_SCADA,1,"2019/09/06 01:50:00",SNOWSTH1,120.399990
D,DISPATCH,UNIT_SCADA,1,"2019/09/06 01:50:00",SNOWTWN1,94.821370
D,DISPATCH,UNIT_SCADA,1,"2019/09/06 01:50:00",SNOWYP,0
D,DISPATCH,UNIT_SCADA,1,"2019/09/06 01:50:00",SNUG1,0.019440
D,DISPATCH,UNIT_SCADA,1,"2019/09/06 01:50:00",SRSF1,0.22
D,DISPATCH,UNIT_SCADA,1,"2019/09/06 01:50:00",STAN-1,254.881960
D,DISPATCH,UNIT_SCADA,1,"2019/09/06 01:50:00",STAN-2,250.626450
D,DISPATCH,UNIT_SCADA,1,"2019/09/06 01:50:00",STAN-3,252.036410
D,DISPATCH,UNIT_SCADA,1,"2019/09/06 01:50:00",STAN-4,252.7542
D,DISPATCH,UNIT_SCADA,1,"2019/09/06 01:50:00",STWF1,0
D,DISPATCH,UNIT_SCADA,1,"2019/09/06 01:50:00",SWAN_E,0
D,DISPATCH,UNIT_SCADA,1,"2019/09/06 01:50:00",TALWA1,298
D,DISPATCH,UNIT_SCADA,1,"2019/09/06 01:50:00",TARALGA1,40.9650
D,DISPATCH,UNIT_SCADA,1,"2019/09/06 01:50:00",TARONG#1,276.200010
D,DISPATCH,UNIT_SCADA,1,"2019/09/06 01:50:00",TARONG#2,0
D,DISPATCH,UNIT_SCADA,1,"2019/09/06 01:50:00",TARONG#3,260.100010
D,DISPATCH,UNIT_SCADA,1,"2019/09/06 01:50:00",TARONG#4,275.200010
D,DISPATCH,UNIT_SCADA,1,"2019/09/06 01:50:00",TARRALEA,73.90
D,DISPATCH,UNIT_SCADA,1,"2019/09/06 01:50:00",TBSF1,-0.20
D,DISPATCH,UNIT_SCADA,1,"2019/09/06 01:50:00",TNPS1,397.600010
D,DISPATCH,UNIT_SCADA,1,"2019/09/06 01:50:00",TORRA1,38.897740
D,DISPATCH,UNIT_SCADA,1,"2019/09/06 01:50:00",TORRA2,0
D,DISPATCH,UNIT_SCADA,1,"2019/09/06 01:50:00",TORRA3,0
D,DISPATCH,UNIT_SCADA,1,"2019/09/06 01:50:00",TORRA4,40.154340
D,DISPATCH,UNIT_SCADA,1,"2019/09/06 01:50:00",TORRB1,57.94
D,DISPATCH,UNIT_SCADA,1,"2019/09/06 01:50:00",TORRB2,57.34
D,DISPATCH,UNIT_SCADA,1,"2019/09/06 01:50:00",TORRB3,57
D,DISPATCH,UNIT_SCADA,1,"2019/09/06 01:50:00",TORRB4,0
D,DISPATCH,UNIT_SCADA,1,"2019/09/06 01:50:00",TREVALLN,29.040030
D,DISPATCH,UNIT_SCADA,1,"2019/09/06 01:50:00",TRIBUTE,0
D,DISPATCH,UNIT_SCADA,1,"2019/09/06 01:50:00",TUMUT3,0
D,DISPATCH,UNIT_SCADA,1,"2019/09/06 01:50:00",TUNGATIN,3.70
D,DISPATCH,UNIT_SCADA,1,"2019/09/06 01:50:00",TVCC201,0
D,DISPATCH,UNIT_SCADA,1,"2019/09/06 01:50:00",TVPP104,0
D,DISPATCH,UNIT_SCADA,1,"2019/09/06 01:50:00",UPPTUMUT,45.7004
D,DISPATCH,UNIT_SCADA,1,"2019/09/06 01:50:00",URANQ11,0
D,DISPATCH,UNIT_SCADA,1,"2019/09/06 01:50:00",URANQ12,0
D,DISPATCH,UNIT_SCADA,1,"2019/09/06 01:50:00",URANQ13,0
D,DISPATCH,UNIT_SCADA,1,"2019/09/06 01:50:00",URANQ14,0
D,DISPATCH,UNIT_SCADA,1,"2019/09/06 01:50:00",VP5,443.674990
D,DISPATCH,UNIT_SCADA,1,"2019/09/06 01:50:00",VP6,0
D,DISPATCH,UNIT_SCADA,1,"2019/09/06 01:50:00",VPGS1,0
D,DISPATCH,UNIT_SCADA,1,"2019/09/06 01:50:00",VPGS2,0
D,DISPATCH,UNIT_SCADA,1,"2019/09/06 01:50:00",VPGS3,0
D,DISPATCH,UNIT_SCADA,1,"2019/09/06 01:50:00",VPGS4,0
D,DISPATCH,UNIT_SCADA,1,"2019/09/06 01:50:00",VPGS5,0
D,DISPATCH,UNIT_SCADA,1,"2019/09/06 01:50:00",VPGS6,0
D,DISPATCH,UNIT_SCADA,1,"2019/09/06 01:50:00",W/HOE#1,0
D,DISPATCH,UNIT_SCADA,1,"2019/09/06 01:50:00",W/HOE#2,0
D,DISPATCH,UNIT_SCADA,1,"2019/09/06 01:50:00",WATERLWF,114.80
D,DISPATCH,UNIT_SCADA,1,"2019/09/06 01:50:00",WEMENSF1,0
D,DISPATCH,UNIT_SCADA,1,"2019/09/06 01:50:00",WGWF1,110.80
D,DISPATCH,UNIT_SCADA,1,"2019/09/06 01:50:00",WHITSF1,0
D,DISPATCH,UNIT_SCADA,1,"2019/09/06 01:50:00",WKIEWA1,16.10
D,DISPATCH,UNIT_SCADA,1,"2019/09/06 01:50:00",WKIEWA2,0.10
D,DISPATCH,UNIT_SCADA,1,"2019/09/06 01:50:00",WOODLWN1,12.717010
D,DISPATCH,UNIT_SCADA,1,"2019/09/06 01:50:00",WRSF1,0
D,DISPATCH,UNIT_SCADA,1,"2019/09/06 01:50:00",WRWF1,15.511250
D,DISPATCH,UNIT_SCADA,1,"2019/09/06 01:50:00",YABULU,0
D,DISPATCH,UNIT_SCADA,1,"2019/09/06 01:50:00",YABULU2,0
D,DISPATCH,UNIT_SCADA,1,"2019/09/06 01:50:00",YARWUN_1,165.709990
D,DISPATCH,UNIT_SCADA,1,"2019/09/06 01:50:00",YENDWF1,17.22
D,DISPATCH,UNIT_SCADA,1,"2019/09/06 01:50:00",YWPS1,382.205080
D,DISPATCH,UNIT_SCADA,1,"2019/09/06 01:50:00",YWPS2,281.701260
D,DISPATCH,UNIT_SCADA,1,"2019/09/06 01:50:00",YWPS3,332.289890
D,DISPATCH,UNIT_SCADA,1,"2019/09/06 01:50:00",YWPS4,397.496220
C,"END OF REPORT",335
