C,NEMP.WORLD,DISPATCHSCADA,AEMO,PUBLIC,2019/09/05,22:25:07,0000000312438755,DISPATCHSCADA,0000000312438749
I,DISPATCH,UNIT_SCADA,1,SETTLEMENTDATE,DUID,SCADAVALUE
D,DISPATCH,UNIT_SCADA,1,"2019/09/05 22:30:00",BARCSF1,0.30
D,DISPATCH,UNIT_SCADA,1,"2019/09/05 22:30:00",BUTLERSG,10.199999
D,DISPATCH,UNIT_SCADA,1,"2019/09/05 22:30:00",CALL_A_4,0
D,DISPATCH,UNIT_SCADA,1,"2019/09/05 22:30:00",CAPTL_WF,29.68
D,DISPATCH,UNIT_SCADA,1,"2019/09/05 22:30:00",CATHROCK,0
D,DISPATCH,UNIT_SCADA,1,"2019/09/05 22:30:00",CHALLHWF,0
D,DISPATCH,UNIT_SCADA,1,"2019/09/05 22:30:00",CLOVER,0
D,DISPATCH,UNIT_SCADA,1,"2019/09/05 22:30:00",CLUNY,14.259098
D,DISPATCH,UNIT_SCADA,1,"2019/09/05 22:30:00",CNUNDAWF,6.607708
D,DISPATCH,UNIT_SCADA,1,"2019/09/05 22:30:00",CULLRGWF,11.66
D,DISPATCH,UNIT_SCADA,1,"2019/09/05 22:30:00",ERGT01,0
D,DISPATCH,UNIT_SCADA,1,"2019/09/05 22:30:00",GB01,0.008663
D,DISPATCH,UNIT_SCADA,1,"2019/09/05 22:30:00",GERMCRK,36.799999
D,DISPATCH,UNIT_SCADA,1,"2019/09/05 22:30:00",GRIFSF1,0
D,DISPATCH,UNIT_SCADA,1,"2019/09/05 22:30:00",HUGSF1,-0.1310
D,DISPATCH,UNIT_SCADA,1,"2019/09/05 22:30:00",LKBONNY1,12.860548
D,DISPATCH,UNIT_SCADA,1,"2019/09/05 22:30:00",LRSF1,-0.0010
D,DISPATCH,UNIT_SCADA,1,"2019/09/05 22:30:00",MBAHNTH,46.856247
D,DISPATCH,UNIT_SCADA,1,"2019/09/05 22:30:00",MLSP1,0
D,DISPATCH,UNIT_SCADA,1,"2019/09/05 22:30:00",MLWF1,-0.0150
D,DISPATCH,UNIT_SCADA,1,"2019/09/05 22:30:00",MTMILLAR,44.089771
D,DISPATCH,UNIT_SCADA,1,"2019/09/05 22:30:00",PALOONA,25.459999
D,DISPATCH,UNIT_SCADA,1,"2019/09/05 22:30:00",PIONEER,41.700001
D,DISPATCH,UNIT_SCADA,1,"2019/09/05 22:30:00",PORTWF,32
D,DISPATCH,UNIT_SCADA,1,"2019/09/05 22:30:00",REPULSE,32.816051
D,DISPATCH,UNIT_SCADA,1,"2019/09/05 22:30:00",ROWALLAN,10.2879
D,DISPATCH,UNIT_SCADA,1,"2019/09/05 22:30:00",ROYALLA1,0
D,DISPATCH,UNIT_SCADA,1,"2019/09/05 22:30:00",RPCG,8.70
D,DISPATCH,UNIT_SCADA,1,"2019/09/05 22:30:00",RUBICON,0
D,DISPATCH,UNIT_SCADA,1,"2019/09/05 22:30:00",SATGN1,0
D,DISPATCH,UNIT_SCADA,1,"2019/09/05 22:30:00",SATGS1,0
D,DISPATCH,UNIT_SCADA,1,"2019/09/05 22:30:00",STARHLWF,30.791021
D,DISPATCH,UNIT_SCADA,1,"2019/09/05 22:30:00",WAUBRAWF,59.8540
D,DISPATCH,UNIT_SCADA,1,"2019/09/05 22:30:00",WOOLNTH1,132.300018
D,DISPATCH,UNIT_SCADA,1,"2019/09/05 22:30:00",WPWF,58
D,DISPATCH,UNIT_SCADA,1,"2019/09/05 22:30:00",YAMBUKWF,1.10
D,DISPATCH,UNIT_SCADA,1,"2019/09/05 22:30:00",YSWF1,7.10
D,DISPATCH,UNIT_SCADA,1,"2019/09/05 22:30:00",AGLHAL,0
D,DISPATCH,UNIT_SCADA,1,"2019/09/05 22:30:00",AGLSOM,119
D,DISPATCH,UNIT_SCADA,1,"2019/09/05 22:30:00",ANGAST1,0
D,DISPATCH,UNIT_SCADA,1,"2019/09/05 22:30:00",ARWF1,28.60
D,DISPATCH,UNIT_SCADA,1,"2019/09/05 22:30:00",BALBG1,0
D,DISPATCH,UNIT_SCADA,1,"2019/09/05 22:30:00",BALBL1,0
D,DISPATCH,UNIT_SCADA,1,"2019/09/05 22:30:00",BALDHWF1,35.9970
D,DISPATCH,UNIT_SCADA,1,"2019/09/05 22:30:00",BANN1,0
D,DISPATCH,UNIT_SCADA,1,"2019/09/05 22:30:00",BARCALDN,0
D,DISPATCH,UNIT_SCADA,1,"2019/09/05 22:30:00",BARRON-1,33.60
D,DISPATCH,UNIT_SCADA,1,"2019/09/05 22:30:00",BARRON-2,0
D,DISPATCH,UNIT_SCADA,1,"2019/09/05 22:30:00",BASTYAN,79.920010
D,DISPATCH,UNIT_SCADA,1,"2019/09/05 22:30:00",BBTHREE1,0
D,DISPATCH,UNIT_SCADA,1,"2019/09/05 22:30:00",BBTHREE2,0
D,DISPATCH,UNIT_SCADA,1,"2019/09/05 22:30:00",BBTHREE3,0
D,DISPATCH,UNIT_SCADA,1,"2019/09/05 22:30:00",BDL01,-0.06
D,DISPATCH,UNIT_SCADA,1,"2019/09/05 22:30:00",BDL02,-0.06
D,DISPATCH,UNIT_SCADA,1,"2019/09/05 22:30:00",BERYLSF1,0
D,DISPATCH,UNIT_SCADA,1,"2019/09/05 22:30:00",BLOWERNG,15.40
D,DISPATCH,UNIT_SCADA,1,"2019/09/05 22:30:00",BLUFF1,51.80
D,DISPATCH,UNIT_SCADA,1,"2019/09/05 22:30:00",BNGSF1,0
D,DISPATCH,UNIT_SCADA,1,"2019/09/05 22:30:00",BNGSF2,0
D,DISPATCH,UNIT_SCADA,1,"2019/09/05 22:30:00",BOCORWF1,8.36
D,DISPATCH,UNIT_SCADA,1,"2019/09/05 22:30:00",BODWF1,12.890630
D,DISPATCH,UNIT_SCADA,1,"2019/09/05 22:30:00",BRAEMAR1,0
D,DISPATCH,UNIT_SCADA,1,"2019/09/05 22:30:00",BRAEMAR2,0
D,DISPATCH,UNIT_SCADA,1,"2019/09/05 22:30:00",BRAEMAR3,0
D,DISPATCH,UNIT_SCADA,1,"2019/09/05 22:30:00",BRAEMAR5,0
D,DISPATCH,UNIT_SCADA,1,"2019/09/05 22:30:00",BRAEMAR6,0
D,DISPATCH,UNIT_SCADA,1,"2019/09/05 22:30:00",BRAEMAR7,0
D,DISPATCH,UNIT_SCADA,1,"2019/09/05 22:30:00",BROKENH1,0
D,DISPATCH,UNIT_SCADA,1,"2019/09/05 22:30:00",BW01,551.474980
D,DISPATCH,UNIT_SCADA,1,"2019/09/05 22:30:00",BW02,628.50
D,DISPATCH,UNIT_SCADA,1,"2019/09/05 22:30:00",BW03,635.449950
D,DISPATCH,UNIT_SCADA,1,"2019/09/05 22:30:00",BW04,0
D,DISPATCH,UNIT_SCADA,1,"2019/09/05 22:30:00",CALL_B_1,346.100010
D,DISPATCH,UNIT_SCADA,1,"2019/09/05 22:30:00",CALL_B_2,296.700010
D,DISPATCH,UNIT_SCADA,1,"2019/09/05 22:30:00",CETHANA,13.8805
D,DISPATCH,UNIT_SCADA,1,"2019/09/05 22:30:00",CG1,0
D,DISPATCH,UNIT_SCADA,1,"2019/09/05 22:30:00",CG2,0
D,DISPATCH,UNIT_SCADA,1,"2019/09/05 22:30:00",CG3,0
D,DISPATCH,UNIT_SCADA,1,"2019/09/05 22:30:00",CG4,0
D,DISPATCH,UNIT_SCADA,1,"2019/09/05 22:30:00",CHILDSF1,0
D,DISPATCH,UNIT_SCADA,1,"2019/09/05 22:30:00",CLARESF1,0
D,DISPATCH,UNIT_SCADA,1,"2019/09/05 22:30:00",CLEMGPWF,45.958340
D,DISPATCH,UNIT_SCADA,1,"2019/09/05 22:30:00",CLERMSF1,0
D,DISPATCH,UNIT_SCADA,1,"2019/09/05 22:30:00",COLEASF1,0
D,DISPATCH,UNIT_SCADA,1,"2019/09/05 22:30:00",COOPGWF1,27.679320
D,DISPATCH,UNIT_SCADA,1,"2019/09/05 22:30:00",CPP_3,405.6250
D,DISPATCH,UNIT_SCADA,1,"2019/09/05 22:30:00",CPP_4,404.524990
D,DISPATCH,UNIT_SCADA,1,"2019/09/05 22:30:00",CPSA,142.0475
D,DISPATCH,UNIT_SCADA,1,"2019/09/05 22:30:00",CROOKWF2,25.363750
D,DISPATCH,UNIT_SCADA,1,"2019/09/05 22:30:00",CROWLWF1,18.029570
D,DISPATCH,UNIT_SCADA,1,"2019/09/05 22:30:00",CSPVPS1,0
D,DISPATCH,UNIT_SCADA,1,"2019/09/05 22:30:00",DALNTH01,0
D,DISPATCH,UNIT_SCADA,1,"2019/09/05 22:30:00",DALNTHL1,0.102240
D,DISPATCH,UNIT_SCADA,1,"2019/09/05 22:30:00",DARTM1,133.600010
D,DISPATCH,UNIT_SCADA,1,"2019/09/05 22:30:00",DAYDSF1,0
D,DISPATCH,UNIT_SCADA,1,"2019/09/05 22:30:00",DDPS1,561.706670
D,DISPATCH,UNIT_SCADA,1,"2019/09/05 22:30:00",DDSF1,0
D,DISPATCH,UNIT_SCADA,1,"2019/09/05 22:30:00",DEVILS_G,63.8667
D,DISPATCH,UNIT_SCADA,1,"2019/09/05 22:30:00",DG_NSW1,0
D,DISPATCH,UNIT_SCADA,1,"2019/09/05 22:30:00",DG_QLD1,0
D,DISPATCH,UNIT_SCADA,1,"2019/09/05 22:30:00",DG_SA1,0
D,DISPATCH,UNIT_SCADA,1,"2019/09/05 22:30:00",DG_TAS1,0
D,DISPATCH,UNIT_SCADA,1,"2019/09/05 22:30:00",DG_VIC1,0
D,DISPATCH,UNIT_SCADA,1,"2019/09/05 22:30:00",DRYCGT1,0
D,DISPATCH,UNIT_SCADA,1,"2019/09/05 22:30:00",DRYCGT2,0
D,DISPATCH,UNIT_SCADA,1,"2019/09/05 22:30:00",DRYCGT3,0
D,DISPATCH,UNIT_SCADA,1,"2019/09/05 22:30:00",EILDON1,0
D,DISPATCH,UNIT_SCADA,1,"2019/09/05 22:30:00",EILDON2,0
D,DISPATCH,UNIT_SCADA,1,"2019/09/05 22:30:00",EMERASF1,0
D,DISPATCH,UNIT_SCADA,1,"2019/09/05 22:30:00",ER01,573.275020
D,DISPATCH,UNIT_SCADA,1,"2019/09/05 22:30:00",ER02,684.825070
D,DISPATCH,UNIT_SCADA,1,"2019/09/05 22:30:00",ER03,0
D,DISPATCH,UNIT_SCADA,1,"2019/09/05 22:30:00",ER04,665.449950
D,DISPATCH,UNIT_SCADA,1,"2019/09/05 22:30:00",FINLYSF1,0
D,DISPATCH,UNIT_SCADA,1,"2019/09/05 22:30:00",FISHER,45.64
D,DISPATCH,UNIT_SCADA,1,"2019/09/05 22:30:00",GANNBG1,1.522210
D,DISPATCH,UNIT_SCADA,1,"2019/09/05 22:30:00",GANNBL1,0
D,DISPATCH,UNIT_SCADA,1,"2019/09/05 22:30:00",GANNSF1,0
D,DISPATCH,UNIT_SCADA,1,"2019/09/05 22:30:00",GORDON,19.279120
D,DISPATCH,UNIT_SCADA,1,"2019/09/05 22:30:00",GSTONE1,188.1250
D,DISPATCH,UNIT_SCADA,1,"2019/09/05 22:30:00",GSTONE2,182.8750
D,DISPATCH,UNIT_SCADA,1,"2019/09/05 22:30:00",GSTONE3,0
D,DISPATCH,UNIT_SCADA,1,"2019/09/05 22:30:00",GSTONE4,200.3750
D,DISPATCH,UNIT_SCADA,1,"2019/09/05 22:30:00",GSTONE5,186.899990
D,DISPATCH,UNIT_SCADA,1,"2019/09/05 22:30:00",GSTONE6,185.6750
D,DISPATCH,UNIT_SCADA,1,"2019/09/05 22:30:00",GULLRSF1,0
D,DISPATCH,UNIT_SCADA,1,"2019/09/05 22:30:00",GULLRWF1,43.958950
D,DISPATCH,UNIT_SCADA,1,"2019/09/05 22:30:00",GUNNING1,20.005280
D,DISPATCH,UNIT_SCADA,1,"2019/09/05 22:30:00",GUTHEGA,0
D,DISPATCH,UNIT_SCADA,1,"2019/09/05 22:30:00",HALLWF1,89.39
D,DISPATCH,UNIT_SCADA,1,"2019/09/05 22:30:00",HALLWF2,45.09
D,DISPATCH,UNIT_SCADA,1,"2019/09/05 22:30:00",HAMISF1,0
D,DISPATCH,UNIT_SCADA,1,"2019/09/05 22:30:00",HAUGHT11,0
D,DISPATCH,UNIT_SCADA,1,"2019/09/05 22:30:00",HAYMSF1,0
D,DISPATCH,UNIT_SCADA,1,"2019/09/05 22:30:00",HDWF1,68.20
D,DISPATCH,UNIT_SCADA,1,"2019/09/05 22:30:00",HDWF2,34.20
D,DISPATCH,UNIT_SCADA,1,"2019/09/05 22:30:00",HDWF3,58.40
D,DISPATCH,UNIT_SCADA,1,"2019/09/05 22:30:00",HPRG1,0
D,DISPATCH,UNIT_SCADA,1,"2019/09/05 22:30:00",HPRL1,2.20
D,DISPATCH,UNIT_SCADA,1,"2019/09/05 22:30:00",HUMENSW,0
D,DISPATCH,UNIT_SCADA,1,"2019/09/05 22:30:00",HUMEV,23.90
D,DISPATCH,UNIT_SCADA,1,"2019/09/05 22:30:00",HVGTS,0
D,DISPATCH,UNIT_SCADA,1,"2019/09/05 22:30:00",JBUTTERS,22.17
D,DISPATCH,UNIT_SCADA,1,"2019/09/05 22:30:00",JLA01,0.10
D,DISPATCH,UNIT_SCADA,1,"2019/09/05 22:30:00",JLA02,0
D,DISPATCH,UNIT_SCADA,1,"2019/09/05 22:30:00",JLA03,0
D,DISPATCH,UNIT_SCADA,1,"2019/09/05 22:30:00",JLA04,0
D,DISPATCH,UNIT_SCADA,1,"2019/09/05 22:30:00",JLB01,0
D,DISPATCH,UNIT_SCADA,1,"2019/09/05 22:30:00",JLB02,0.10
D,DISPATCH,UNIT_SCADA,1,"2019/09/05 22:30:00",JLB03,0
D,DISPATCH,UNIT_SCADA,1,"2019/09/05 22:30:00",KAREEYA1,21.52
D,DISPATCH,UNIT_SCADA,1,"2019/09/05 22:30:00",KAREEYA2,21.6825
D,DISPATCH,UNIT_SCADA,1,"2019/09/05 22:30:00",KAREEYA3,0
D,DISPATCH,UNIT_SCADA,1,"2019/09/05 22:30:00",KAREEYA4,21.5125
D,DISPATCH,UNIT_SCADA,1,"2019/09/05 22:30:00",KARSF1,0
D,DISPATCH,UNIT_SCADA,1,"2019/09/05 22:30:00",KIATAWF1,30.20
D,DISPATCH,UNIT_SCADA,1,"2019/09/05 22:30:00",KPP_1,0
D,DISPATCH,UNIT_SCADA,1,"2019/09/05 22:30:00",KSP1,0
D,DISPATCH,UNIT_SCADA,1,"2019/09/05 22:30:00",LADBROK1,42.32
D,DISPATCH,UNIT_SCADA,1,"2019/09/05 22:30:00",LADBROK2,43.03
D,DISPATCH,UNIT_SCADA,1,"2019/09/05 22:30:00",LD01,422.2688
D,DISPATCH,UNIT_SCADA,1,"2019/09/05 22:30:00",LD02,400.518740
D,DISPATCH,UNIT_SCADA,1,"2019/09/05 22:30:00",LD03,420.112430
D,DISPATCH,UNIT_SCADA,1,"2019/09/05 22:30:00",LD04,381.637450
D,DISPATCH,UNIT_SCADA,1,"2019/09/05 22:30:00",LEM_WIL,85.1658
D,DISPATCH,UNIT_SCADA,1,"2019/09/05 22:30:00",LGAPWF1,32.62
D,DISPATCH,UNIT_SCADA,1,"2019/09/05 22:30:00",LILYSF1,0
D,DISPATCH,UNIT_SCADA,1,"2019/09/05 22:30:00",LI_WY_CA,138.697810
D,DISPATCH,UNIT_SCADA,1,"2019/09/05 22:30:00",LKBONNY2,28.813210
D,DISPATCH,UNIT_SCADA,1,"2019/09/05 22:30:00",LKBONNY3,8.429120
D,DISPATCH,UNIT_SCADA,1,"2019/09/05 22:30:00",LK_ECHO,0
D,DISPATCH,UNIT_SCADA,1,"2019/09/05 22:30:00",LNGS1,0
D,DISPATCH,UNIT_SCADA,1,"2019/09/05 22:30:00",LNGS2,0
D,DISPATCH,UNIT_SCADA,1,"2019/09/05 22:30:00",LONSDALE,0
D,DISPATCH,UNIT_SCADA,1,"2019/09/05 22:30:00",LOYYB1,536.464540
D,DISPATCH,UNIT_SCADA,1,"2019/09/05 22:30:00",LOYYB2,583.834170
D,DISPATCH,UNIT_SCADA,1,"2019/09/05 22:30:00",LYA1,0
D,DISPATCH,UNIT_SCADA,1,"2019/09/05 22:30:00",LYA2,0
D,DISPATCH,UNIT_SCADA,1,"2019/09/05 22:30:00",LYA3,557
D,DISPATCH,UNIT_SCADA,1,"2019/09/05 22:30:00",LYA4,540
D,DISPATCH,UNIT_SCADA,1,"2019/09/05 22:30:00",MACARTH1,0
D,DISPATCH,UNIT_SCADA,1,"2019/09/05 22:30:00",MACKAYGT,0.2240
D,DISPATCH,UNIT_SCADA,1,"2019/09/05 22:30:00",MACKNTSH,87.860010
D,DISPATCH,UNIT_SCADA,1,"2019/09/05 22:30:00",MANSLR1,0
D,DISPATCH,UNIT_SCADA,1,"2019/09/05 22:30:00",MCKAY1,0.02
D,DISPATCH,UNIT_SCADA,1,"2019/09/05 22:30:00",MEADOWBK,33.7244
D,DISPATCH,UNIT_SCADA,1,"2019/09/05 22:30:00",MERCER01,14.3540
D,DISPATCH,UNIT_SCADA,1,"2019/09/05 22:30:00",MEWF1,29.809660
D,DISPATCH,UNIT_SCADA,1,"2019/09/05 22:30:00",MINTARO,0
D,DISPATCH,UNIT_SCADA,1,"2019/09/05 22:30:00",MOREESF1,0
D,DISPATCH,UNIT_SCADA,1,"2019/09/05 22:30:00",MORTLK11,260
D,DISPATCH,UNIT_SCADA,1,"2019/09/05 22:30:00",MORTLK12,0
D,DISPATCH,UNIT_SCADA,1,"2019/09/05 22:30:00",MP1,221.625060
D,DISPATCH,UNIT_SCADA,1,"2019/09/05 22:30:00",MP2,0
D,DISPATCH,UNIT_SCADA,1,"2019/09/05 22:30:00",MPP_1,400
D,DISPATCH,UNIT_SCADA,1,"2019/09/05 22:30:00",MPP_2,434.75
D,DISPATCH,UNIT_SCADA,1,"2019/09/05 22:30:00",MSTUART1,0
D,DISPATCH,UNIT_SCADA,1,"2019/09/05 22:30:00",MSTUART2,0
D,DISPATCH,UNIT_SCADA,1,"2019/09/05 22:30:00",MSTUART3,0
D,DISPATCH,UNIT_SCADA,1,"2019/09/05 22:30:00",MTGELWF1,-0.352490
D,DISPATCH,UNIT_SCADA,1,"2019/09/05 22:30:00",MURRAY,0
D,DISPATCH,UNIT_SCADA,1,"2019/09/05 22:30:00",MUSSELR1,68.60
D,DISPATCH,UNIT_SCADA,1,"2019/09/05 22:30:00",MUWAWF1,28.03
D,DISPATCH,UNIT_SCADA,1,"2019/09/05 22:30:00",NBHWF1,100.70
D,DISPATCH,UNIT_SCADA,1,"2019/09/05 22:30:00",NPS,95.25
D,DISPATCH,UNIT_SCADA,1,"2019/09/05 22:30:00",NUMURSF1,0
D,DISPATCH,UNIT_SCADA,1,"2019/09/05 22:30:00",NYNGAN1,0
D,DISPATCH,UNIT_SCADA,1,"2019/09/05 22:30:00",OAKEY1,0
D,DISPATCH,UNIT_SCADA,1,"2019/09/05 22:30:00",OAKEY1SF,0
D,DISPATCH,UNIT_SCADA,1,"2019/09/05 22:30:00",OAKEY2,0
D,DISPATCH,UNIT_SCADA,1,"2019/09/05 22:30:00",OAKEY2SF,0
D,DISPATCH,UNIT_SCADA,1,"2019/09/05 22:30:00",OAKLAND1,-0.20
D,DISPATCH,UNIT_SCADA,1,"2019/09/05 22:30:00",OSB-AG,0
D,DISPATCH,UNIT_SCADA,1,"2019/09/05 22:30:00",PARSF1,0
D,DISPATCH,UNIT_SCADA,1,"2019/09/05 22:30:00",POAT110,0
D,DISPATCH,UNIT_SCADA,1,"2019/09/05 22:30:00",POAT220,0
D,DISPATCH,UNIT_SCADA,1,"2019/09/05 22:30:00",POR01,0
D,DISPATCH,UNIT_SCADA,1,"2019/09/05 22:30:00",POR03,0
D,DISPATCH,UNIT_SCADA,1,"2019/09/05 22:30:00",PPCCGT,434.611940
D,DISPATCH,UNIT_SCADA,1,"2019/09/05 22:30:00",PTSTAN1,0
D,DISPATCH,UNIT_SCADA,1,"2019/09/05 22:30:00",PUMP1,0
D,DISPATCH,UNIT_SCADA,1,"2019/09/05 22:30:00",PUMP2,0
D,DISPATCH,UNIT_SCADA,1,"2019/09/05 22:30:00",QPS1,29
D,DISPATCH,UNIT_SCADA,1,"2019/09/05 22:30:00",QPS2,0
D,DISPATCH,UNIT_SCADA,1,"2019/09/05 22:30:00",QPS3,0
D,DISPATCH,UNIT_SCADA,1,"2019/09/05 22:30:00",QPS4,0
D,DISPATCH,UNIT_SCADA,1,"2019/09/05 22:30:00",QPS5,0
D,DISPATCH,UNIT_SCADA,1,"2019/09/05 22:30:00",REECE1,116.340010
D,DISPATCH,UNIT_SCADA,1,"2019/09/05 22:30:00",REECE2,108.320010
D,DISPATCH,UNIT_SCADA,1,"2019/09/05 22:30:00",ROMA_7,0
D,DISPATCH,UNIT_SCADA,1,"2019/09/05 22:30:00",ROMA_8,0
D,DISPATCH,UNIT_SCADA,1,"2019/09/05 22:30:00",RRSF1,0
D,DISPATCH,UNIT_SCADA,1,"2019/09/05 22:30:00",RT_NSW1,0
D,DISPATCH,UNIT_SCADA,1,"2019/09/05 22:30:00",RT_NSW2,0
D,DISPATCH,UNIT_SCADA,1,"2019/09/05 22:30:00",RT_NSW3,0
D,DISPATCH,UNIT_SCADA,1,"2019/09/05 22:30:00",RT_NSW4,0
D,DISPATCH,UNIT_SCADA,1,"2019/09/05 22:30:00",RT_NSW5,0
D,DISPATCH,UNIT_SCADA,1,"2019/09/05 22:30:00",RT_NSW6,0
D,DISPATCH,UNIT_SCADA,1,"2019/09/05 22:30:00",RT_QLD1,0
D,DISPATCH,UNIT_SCADA,1,"2019/09/05 22:30:00",RT_SA1,0
D,DISPATCH,UNIT_SCADA,1,"2019/09/05 22:30:00",RT_SA2,0
D,DISPATCH,UNIT_SCADA,1,"2019/09/05 22:30:00",RT_SA3,0
D,DISPATCH,UNIT_SCADA,1,"2019/09/05 22:30:00",RT_SA4,0
D,DISPATCH,UNIT_SCADA,1,"2019/09/05 22:30:00",RT_SA5,0
D,DISPATCH,UNIT_SCADA,1,"2019/09/05 22:30:00",RT_SA6,0
D,DISPATCH,UNIT_SCADA,1,"2019/09/05 22:30:00",RT_TAS1,0
D,DISPATCH,UNIT_SCADA,1,"2019/09/05 22:30:00",RT_VIC1,0
D,DISPATCH,UNIT_SCADA,1,"2019/09/05 22:30:00",RT_VIC10,0
D,DISPATCH,UNIT_SCADA,1,"2019/09/05 22:30:00",RT_VIC11,0
D,DISPATCH,UNIT_SCADA,1,"2019/09/05 22:30:00",RT_VIC12,0
D,DISPATCH,UNIT_SCADA,1,"2019/09/05 22:30:00",RT_VIC2,0
D,DISPATCH,UNIT_SCADA,1,"2019/09/05 22:30:00",RT_VIC3,0
D,DISPATCH,UNIT_SCADA,1,"2019/09/05 22:30:00",RT_VIC4,0
D,DISPATCH,UNIT_SCADA,1,"2019/09/05 22:30:00",RT_VIC5,0
D,DISPATCH,UNIT_SCADA,1,"2019/09/05 22:30:00",RT_VIC6,0
D,DISPATCH,UNIT_SCADA,1,"2019/09/05 22:30:00",RT_VIC7,0
D,DISPATCH,UNIT_SCADA,1,"2019/09/05 22:30:00",RT_VIC8,0
D,DISPATCH,UNIT_SCADA,1,"2019/09/05 22:30:00",RT_VIC9,0
D,DISPATCH,UNIT_SCADA,1,"2019/09/05 22:30:00",RUGBYR1,0
D,DISPATCH,UNIT_SCADA,1,"2019/09/05 22:30:00",SALTCRK1,-0.34
D,DISPATCH,UNIT_SCADA,1,"2019/09/05 22:30:00",SAPHWF1,84.825010
D,DISPATCH,UNIT_SCADA,1,"2019/09/05 22:30:00",SHGEN,0
D,DISPATCH,UNIT_SCADA,1,"2019/09/05 22:30:00",SHPUMP,0
D,DISPATCH,UNIT_SCADA,1,"2019/09/05 22:30:00",SITHE01,0.2041
D,DISPATCH,UNIT_SCADA,1,"2019/09/05 22:30:00",SMCSF1,0
D,DISPATCH,UNIT_SCADA,1,"2019/09/05 22:30:00",SNOWNTH1,135.600010
D,DISPATCH,UNIT_SCADA,1,"2019/09/05 22:30:00",SNOWSTH1,110
D,DISPATCH,UNIT_SCADA,1,"2019/09/05 22:30:00",SNOWTWN1,97.0767
D,DISPATCH,UNIT_SCADA,1,"2019/09/05 22:30:00",SNOWYP,0
D,DISPATCH,UNIT_SCADA,1,"2019/09/05 22:30:00",SNUG1,0.019440
D,DISPATCH,UNIT_SCADA,1,"2019/09/05 22:30:00",SRSF1,0.22
D,DISPATCH,UNIT_SCADA,1,"2019/09/05 22:30:00",STAN-1,254.574330
D,DISPATCH,UNIT_SCADA,1,"2019/09/05 22:30:00",STAN-2,359.218840
D,DISPATCH,UNIT_SCADA,1,"2019/09/05 22:30:00",STAN-3,365.550840
D,DISPATCH,UNIT_SCADA,1,"2019/09/05 22:30:00",STAN-4,365.768740
D,DISPATCH,UNIT_SCADA,1,"2019/09/05 22:30:00",STWF1,0
D,DISPATCH,UNIT_SCADA,1,"2019/09/05 22:30:00",SWAN_E,0
D,DISPATCH,UNIT_SCADA,1,"2019/09/05 22:30:00",TALWA1,414
D,DISPATCH,UNIT_SCADA,1,"2019/09/05 22:30:00",TARALGA1,25.8750
D,DISPATCH,UNIT_SCADA,1,"2019/09/05 22:30:00",TARONG#1,349.399990
D,DISPATCH,UNIT_SCADA,1,"2019/09/05 22:30:00",TARONG#2,0
D,DISPATCH,UNIT_SCADA,1,"2019/09/05 22:30:00",TARONG#3,349.600010
D,DISPATCH,UNIT_SCADA,1,"2019/09/05 22:30:00",TARONG#4,349.300020
D,DISPATCH,UNIT_SCADA,1,"2019/09/05 22:30:00",TARRALEA,73.90
D,DISPATCH,UNIT_SCADA,1,"2019/09/05 22:30:00",TBSF1,-0.20
D,DISPATCH,UNIT_SCADA,1,"2019/09/05 22:30:00",TNPS1,397.600010
D,DISPATCH,UNIT_SCADA,1,"2019/09/05 22:30:00",TORRA1,58.556750
D,DISPATCH,UNIT_SCADA,1,"2019/09/05 22:30:00",TORRA2,0
D,DISPATCH,UNIT_SCADA,1,"2019/09/05 22:30:00",TORRA3,0
D,DISPATCH,UNIT_SCADA,1,"2019/09/05 22:30:00",TORRA4,64.667150
D,DISPATCH,UNIT_SCADA,1,"2019/09/05 22:30:00",TORRB1,93.69
D,DISPATCH,UNIT_SCADA,1,"2019/09/05 22:30:00",TORRB2,96.17
D,DISPATCH,UNIT_SCADA,1,"2019/09/05 22:30:00",TORRB3,97.27
D,DISPATCH,UNIT_SCADA,1,"2019/09/05 22:30:00",TORRB4,0
D,DISPATCH,UNIT_SCADA,1,"2019/09/05 22:30:00",TREVALLN,92.580030
D,DISPATCH,UNIT_SCADA,1,"2019/09/05 22:30:00",TRIBUTE,0
D,DISPATCH,UNIT_SCADA,1,"2019/09/05 22:30:00",TUMUT3,120.20
D,DISPATCH,UNIT_SCADA,1,"2019/09/05 22:30:00",TUNGATIN,3.20
D,DISPATCH,UNIT_SCADA,1,"2019/09/05 22:30:00",TVCC201,0
D,DISPATCH,UNIT_SCADA,1,"2019/09/05 22:30:00",TVPP104,0
D,DISPATCH,UNIT_SCADA,1,"2019/09/05 22:30:00",UPPTUMUT,333.174770
D,DISPATCH,UNIT_SCADA,1,"2019/09/05 22:30:00",URANQ11,0
D,DISPATCH,UNIT_SCADA,1,"2019/09/05 22:30:00",URANQ12,0
D,DISPATCH,UNIT_SCADA,1,"2019/09/05 22:30:00",URANQ13,0
D,DISPATCH,UNIT_SCADA,1,"2019/09/05 22:30:00",URANQ14,0
D,DISPATCH,UNIT_SCADA,1,"2019/09/05 22:30:00",VP5,409.049990
D,DISPATCH,UNIT_SCADA,1,"2019/09/05 22:30:00",VP6,0
D,DISPATCH,UNIT_SCADA,1,"2019/09/05 22:30:00",VPGS1,0
D,DISPATCH,UNIT_SCADA,1,"2019/09/05 22:30:00",VPGS2,0
D,DISPATCH,UNIT_SCADA,1,"2019/09/05 22:30:00",VPGS3,0
D,DISPATCH,UNIT_SCADA,1,"2019/09/05 22:30:00",VPGS4,0
D,DISPATCH,UNIT_SCADA,1,"2019/09/05 22:30:00",VPGS5,0
D,DISPATCH,UNIT_SCADA,1,"2019/09/05 22:30:00",VPGS6,0
D,DISPATCH,UNIT_SCADA,1,"2019/09/05 22:30:00",W/HOE#1,0
D,DISPATCH,UNIT_SCADA,1,"2019/09/05 22:30:00",W/HOE#2,0
D,DISPATCH,UNIT_SCADA,1,"2019/09/05 22:30:00",WATERLWF,117.40
D,DISPATCH,UNIT_SCADA,1,"2019/09/05 22:30:00",WEMENSF1,0
D,DISPATCH,UNIT_SCADA,1,"2019/09/05 22:30:00",WGWF1,64.10
D,DISPATCH,UNIT_SCADA,1,"2019/09/05 22:30:00",WHITSF1,0
D,DISPATCH,UNIT_SCADA,1,"2019/09/05 22:30:00",WKIEWA1,16.10
D,DISPATCH,UNIT_SCADA,1,"2019/09/05 22:30:00",WKIEWA2,16
D,DISPATCH,UNIT_SCADA,1,"2019/09/05 22:30:00",WOODLWN1,9.9090
D,DISPATCH,UNIT_SCADA,1,"2019/09/05 22:30:00",WRSF1,0
D,DISPATCH,UNIT_SCADA,1,"2019/09/05 22:30:00",WRWF1,17.2025
D,DISPATCH,UNIT_SCADA,1,"2019/09/05 22:30:00",YABULU,160.920010
D,DISPATCH,UNIT_SCADA,1,"2019/09/05 22:30:00",YABULU2,0
D,DISPATCH,UNIT_SCADA,1,"2019/09/05 22:30:00",YARWUN_1,167.53
D,DISPATCH,UNIT_SCADA,1,"2019/09/05 22:30:00",YENDWF1,42.08
D,DISPATCH,UNIT_SCADA,1,"2019/09/05 22:30:00",YWPS1,342.605070
D,DISPATCH,UNIT_SCADA,1,"2019/09/05 22:30:00",YWPS2,282.202550
D,DISPATCH,UNIT_SCADA,1,"2019/09/05 22:30:00",YWPS3,333.136720
D,DISPATCH,UNIT_SCADA,1,"2019/09/05 22:30:00",YWPS4,396.649350
C,"END OF REPORT",335
