C,NEMP.WORLD,DISPATCHSCADA,AEMO,PUBLIC,2019/08/19,17:45:15,0000000311754863,DISPATCHSCADA,0000000311754857
I,DISPATCH,UNIT_SCADA,1,SETTLEMENTDATE,DUID,SCADAVALUE
D,DISPATCH,UNIT_SCADA,1,"2019/08/19 17:50:00",BARCSF1,1.10
D,DISPATCH,UNIT_SCADA,1,"2019/08/19 17:50:00",BUTLERSG,9.799998
D,DISPATCH,UNIT_SCADA,1,"2019/08/19 17:50:00",CALL_A_4,0
D,DISPATCH,UNIT_SCADA,1,"2019/08/19 17:50:00",CAPTL_WF,119.144005
D,DISPATCH,UNIT_SCADA,1,"2019/08/19 17:50:00",CATHROCK,43.789997
D,DISPATCH,UNIT_SCADA,1,"2019/08/19 17:50:00",CHALLHWF,12.799999
D,DISPATCH,UNIT_SCADA,1,"2019/08/19 17:50:00",CLOVER,-0.01
D,DISPATCH,UNIT_SCADA,1,"2019/08/19 17:50:00",CLUNY,16.863813
D,DISPATCH,UNIT_SCADA,1,"2019/08/19 17:50:00",CNUNDAWF,31.436672
D,DISPATCH,UNIT_SCADA,1,"2019/08/19 17:50:00",CULLRGWF,30.35
D,DISPATCH,UNIT_SCADA,1,"2019/08/19 17:50:00",ERGT01,0
D,DISPATCH,UNIT_SCADA,1,"2019/08/19 17:50:00",GB01,0.065849
D,DISPATCH,UNIT_SCADA,1,"2019/08/19 17:50:00",GERMCRK,35.50
D,DISPATCH,UNIT_SCADA,1,"2019/08/19 17:50:00",GRIFSF1,0.100006
D,DISPATCH,UNIT_SCADA,1,"2019/08/19 17:50:00",HUGSF1,0.4360
D,DISPATCH,UNIT_SCADA,1,"2019/08/19 17:50:00",LKBONNY1,42.243328
D,DISPATCH,UNIT_SCADA,1,"2019/08/19 17:50:00",LRSF1,0.4290
D,DISPATCH,UNIT_SCADA,1,"2019/08/19 17:50:00",MBAHNTH,57.581253
D,DISPATCH,UNIT_SCADA,1,"2019/08/19 17:50:00",MLSP1,0.304001
D,DISPATCH,UNIT_SCADA,1,"2019/08/19 17:50:00",MLWF1,8.0250
D,DISPATCH,UNIT_SCADA,1,"2019/08/19 17:50:00",MTMILLAR,1.317112
D,DISPATCH,UNIT_SCADA,1,"2019/08/19 17:50:00",PALOONA,23.309999
D,DISPATCH,UNIT_SCADA,1,"2019/08/19 17:50:00",PIONEER,42.200001
D,DISPATCH,UNIT_SCADA,1,"2019/08/19 17:50:00",PORTWF,133.899994
D,DISPATCH,UNIT_SCADA,1,"2019/08/19 17:50:00",REPULSE,29.247883
D,DISPATCH,UNIT_SCADA,1,"2019/08/19 17:50:00",ROWALLAN,9.9116
D,DISPATCH,UNIT_SCADA,1,"2019/08/19 17:50:00",ROYALLA1,0
D,DISPATCH,UNIT_SCADA,1,"2019/08/19 17:50:00",RPCG,-0.90
D,DISPATCH,UNIT_SCADA,1,"2019/08/19 17:50:00",RUBICON,0
D,DISPATCH,UNIT_SCADA,1,"2019/08/19 17:50:00",SATGN1,0
D,DISPATCH,UNIT_SCADA,1,"2019/08/19 17:50:00",SATGS1,0
D,DISPATCH,UNIT_SCADA,1,"2019/08/19 17:50:00",STARHLWF,0.499854
D,DISPATCH,UNIT_SCADA,1,"2019/08/19 17:50:00",WAUBRAWF,102.632004
D,DISPATCH,UNIT_SCADA,1,"2019/08/19 17:50:00",WOOLNTH1,128.060028
D,DISPATCH,UNIT_SCADA,1,"2019/08/19 17:50:00",WPWF,23
D,DISPATCH,UNIT_SCADA,1,"2019/08/19 17:50:00",YAMBUKWF,28.50
D,DISPATCH,UNIT_SCADA,1,"2019/08/19 17:50:00",YSWF1,27.50
D,DISPATCH,UNIT_SCADA,1,"2019/08/19 17:50:00",AGLHAL,0
D,DISPATCH,UNIT_SCADA,1,"2019/08/19 17:50:00",AGLSOM,39.90
D,DISPATCH,UNIT_SCADA,1,"2019/08/19 17:50:00",ANGAST1,0
D,DISPATCH,UNIT_SCADA,1,"2019/08/19 17:50:00",ARWF1,62.60
D,DISPATCH,UNIT_SCADA,1,"2019/08/19 17:50:00",BALBG1,13.88
D,DISPATCH,UNIT_SCADA,1,"2019/08/19 17:50:00",BALBL1,0
D,DISPATCH,UNIT_SCADA,1,"2019/08/19 17:50:00",BALDHWF1,103.199010
D,DISPATCH,UNIT_SCADA,1,"2019/08/19 17:50:00",BANN1,1.45
D,DISPATCH,UNIT_SCADA,1,"2019/08/19 17:50:00",BARCALDN,0
D,DISPATCH,UNIT_SCADA,1,"2019/08/19 17:50:00",BARRON-1,0
D,DISPATCH,UNIT_SCADA,1,"2019/08/19 17:50:00",BARRON-2,29
D,DISPATCH,UNIT_SCADA,1,"2019/08/19 17:50:00",BASTYAN,80.88
D,DISPATCH,UNIT_SCADA,1,"2019/08/19 17:50:00",BBTHREE1,0
D,DISPATCH,UNIT_SCADA,1,"2019/08/19 17:50:00",BBTHREE2,0
D,DISPATCH,UNIT_SCADA,1,"2019/08/19 17:50:00",BBTHREE3,0
D,DISPATCH,UNIT_SCADA,1,"2019/08/19 17:50:00",BDL01,42.96
D,DISPATCH,UNIT_SCADA,1,"2019/08/19 17:50:00",BDL02,44.58
D,DISPATCH,UNIT_SCADA,1,"2019/08/19 17:50:00",BERYLSF1,0
D,DISPATCH,UNIT_SCADA,1,"2019/08/19 17:50:00",BLOWERNG,0
D,DISPATCH,UNIT_SCADA,1,"2019/08/19 17:50:00",BLUFF1,23.10
D,DISPATCH,UNIT_SCADA,1,"2019/08/19 17:50:00",BNGSF1,4
D,DISPATCH,UNIT_SCADA,1,"2019/08/19 17:50:00",BNGSF2,1.38
D,DISPATCH,UNIT_SCADA,1,"2019/08/19 17:50:00",BOCORWF1,111.21
D,DISPATCH,UNIT_SCADA,1,"2019/08/19 17:50:00",BODWF1,93.323130
D,DISPATCH,UNIT_SCADA,1,"2019/08/19 17:50:00",BRAEMAR1,0
D,DISPATCH,UNIT_SCADA,1,"2019/08/19 17:50:00",BRAEMAR2,173.600010
D,DISPATCH,UNIT_SCADA,1,"2019/08/19 17:50:00",BRAEMAR3,170.80
D,DISPATCH,UNIT_SCADA,1,"2019/08/19 17:50:00",BRAEMAR5,149.292510
D,DISPATCH,UNIT_SCADA,1,"2019/08/19 17:50:00",BRAEMAR6,0
D,DISPATCH,UNIT_SCADA,1,"2019/08/19 17:50:00",BRAEMAR7,150.118330
D,DISPATCH,UNIT_SCADA,1,"2019/08/19 17:50:00",BROKENH1,1.945560
D,DISPATCH,UNIT_SCADA,1,"2019/08/19 17:50:00",BW01,635.674930
D,DISPATCH,UNIT_SCADA,1,"2019/08/19 17:50:00",BW02,671.675050
D,DISPATCH,UNIT_SCADA,1,"2019/08/19 17:50:00",BW03,645.724980
D,DISPATCH,UNIT_SCADA,1,"2019/08/19 17:50:00",BW04,0
D,DISPATCH,UNIT_SCADA,1,"2019/08/19 17:50:00",CALL_B_1,342
D,DISPATCH,UNIT_SCADA,1,"2019/08/19 17:50:00",CALL_B_2,279.600010
D,DISPATCH,UNIT_SCADA,1,"2019/08/19 17:50:00",CETHANA,73.815380
D,DISPATCH,UNIT_SCADA,1,"2019/08/19 17:50:00",CG1,0
D,DISPATCH,UNIT_SCADA,1,"2019/08/19 17:50:00",CG2,0
D,DISPATCH,UNIT_SCADA,1,"2019/08/19 17:50:00",CG3,0
D,DISPATCH,UNIT_SCADA,1,"2019/08/19 17:50:00",CG4,0
D,DISPATCH,UNIT_SCADA,1,"2019/08/19 17:50:00",CHILDSF1,0
D,DISPATCH,UNIT_SCADA,1,"2019/08/19 17:50:00",CLARESF1,0
D,DISPATCH,UNIT_SCADA,1,"2019/08/19 17:50:00",CLEMGPWF,13.038340
D,DISPATCH,UNIT_SCADA,1,"2019/08/19 17:50:00",CLERMSF1,0.57
D,DISPATCH,UNIT_SCADA,1,"2019/08/19 17:50:00",COLEASF1,0
D,DISPATCH,UNIT_SCADA,1,"2019/08/19 17:50:00",COOPGWF1,30.360630
D,DISPATCH,UNIT_SCADA,1,"2019/08/19 17:50:00",CPP_3,405.6250
D,DISPATCH,UNIT_SCADA,1,"2019/08/19 17:50:00",CPP_4,405.899990
D,DISPATCH,UNIT_SCADA,1,"2019/08/19 17:50:00",CPSA,141.874370
D,DISPATCH,UNIT_SCADA,1,"2019/08/19 17:50:00",CROOKWF2,78.833750
D,DISPATCH,UNIT_SCADA,1,"2019/08/19 17:50:00",CROWLWF1,28.3904
D,DISPATCH,UNIT_SCADA,1,"2019/08/19 17:50:00",CSPVPS1,0.6240
D,DISPATCH,UNIT_SCADA,1,"2019/08/19 17:50:00",DALNTH01,0
D,DISPATCH,UNIT_SCADA,1,"2019/08/19 17:50:00",DALNTHL1,0.022890
D,DISPATCH,UNIT_SCADA,1,"2019/08/19 17:50:00",DARTM1,134.50
D,DISPATCH,UNIT_SCADA,1,"2019/08/19 17:50:00",DAYDSF1,3.4340
D,DISPATCH,UNIT_SCADA,1,"2019/08/19 17:50:00",DDPS1,351.730590
D,DISPATCH,UNIT_SCADA,1,"2019/08/19 17:50:00",DDSF1,0
D,DISPATCH,UNIT_SCADA,1,"2019/08/19 17:50:00",DEVILS_G,0
D,DISPATCH,UNIT_SCADA,1,"2019/08/19 17:50:00",DG_NSW1,0
D,DISPATCH,UNIT_SCADA,1,"2019/08/19 17:50:00",DG_QLD1,0
D,DISPATCH,UNIT_SCADA,1,"2019/08/19 17:50:00",DG_SA1,0
D,DISPATCH,UNIT_SCADA,1,"2019/08/19 17:50:00",DG_TAS1,0
D,DISPATCH,UNIT_SCADA,1,"2019/08/19 17:50:00",DG_VIC1,0
D,DISPATCH,UNIT_SCADA,1,"2019/08/19 17:50:00",DRYCGT1,0
D,DISPATCH,UNIT_SCADA,1,"2019/08/19 17:50:00",DRYCGT2,0
D,DISPATCH,UNIT_SCADA,1,"2019/08/19 17:50:00",DRYCGT3,0
D,DISPATCH,UNIT_SCADA,1,"2019/08/19 17:50:00",EILDON1,0
D,DISPATCH,UNIT_SCADA,1,"2019/08/19 17:50:00",EILDON2,0
D,DISPATCH,UNIT_SCADA,1,"2019/08/19 17:50:00",EMERASF1,0.31
D,DISPATCH,UNIT_SCADA,1,"2019/08/19 17:50:00",ER01,570.800050
D,DISPATCH,UNIT_SCADA,1,"2019/08/19 17:50:00",ER02,648.50
D,DISPATCH,UNIT_SCADA,1,"2019/08/19 17:50:00",ER03,633.450070
D,DISPATCH,UNIT_SCADA,1,"2019/08/19 17:50:00",ER04,632.775020
D,DISPATCH,UNIT_SCADA,1,"2019/08/19 17:50:00",FINLYSF1,0
D,DISPATCH,UNIT_SCADA,1,"2019/08/19 17:50:00",FISHER,45.99
D,DISPATCH,UNIT_SCADA,1,"2019/08/19 17:50:00",GANNBG1,6.010010
D,DISPATCH,UNIT_SCADA,1,"2019/08/19 17:50:00",GANNBL1,0
D,DISPATCH,UNIT_SCADA,1,"2019/08/19 17:50:00",GANNSF1,0.50
D,DISPATCH,UNIT_SCADA,1,"2019/08/19 17:50:00",GORDON,110.636960
D,DISPATCH,UNIT_SCADA,1,"2019/08/19 17:50:00",GSTONE1,193.20
D,DISPATCH,UNIT_SCADA,1,"2019/08/19 17:50:00",GSTONE2,219.974990
D,DISPATCH,UNIT_SCADA,1,"2019/08/19 17:50:00",GSTONE3,223.1250
D,DISPATCH,UNIT_SCADA,1,"2019/08/19 17:50:00",GSTONE4,224.1750
D,DISPATCH,UNIT_SCADA,1,"2019/08/19 17:50:00",GSTONE5,223.1250
D,DISPATCH,UNIT_SCADA,1,"2019/08/19 17:50:00",GSTONE6,0
D,DISPATCH,UNIT_SCADA,1,"2019/08/19 17:50:00",GULLRSF1,0
D,DISPATCH,UNIT_SCADA,1,"2019/08/19 17:50:00",GULLRWF1,129.9826
D,DISPATCH,UNIT_SCADA,1,"2019/08/19 17:50:00",GUNNING1,43.476890
D,DISPATCH,UNIT_SCADA,1,"2019/08/19 17:50:00",GUTHEGA,31.20
D,DISPATCH,UNIT_SCADA,1,"2019/08/19 17:50:00",HALLWF1,36.24
D,DISPATCH,UNIT_SCADA,1,"2019/08/19 17:50:00",HALLWF2,37.54
D,DISPATCH,UNIT_SCADA,1,"2019/08/19 17:50:00",HAMISF1,0
D,DISPATCH,UNIT_SCADA,1,"2019/08/19 17:50:00",HAUGHT11,2.073660
D,DISPATCH,UNIT_SCADA,1,"2019/08/19 17:50:00",HAYMSF1,0
D,DISPATCH,UNIT_SCADA,1,"2019/08/19 17:50:00",HDWF1,29.90
D,DISPATCH,UNIT_SCADA,1,"2019/08/19 17:50:00",HDWF2,32.90
D,DISPATCH,UNIT_SCADA,1,"2019/08/19 17:50:00",HDWF3,39.80
D,DISPATCH,UNIT_SCADA,1,"2019/08/19 17:50:00",HPRG1,10.20
D,DISPATCH,UNIT_SCADA,1,"2019/08/19 17:50:00",HPRL1,0
D,DISPATCH,UNIT_SCADA,1,"2019/08/19 17:50:00",HUMENSW,0
D,DISPATCH,UNIT_SCADA,1,"2019/08/19 17:50:00",HUMEV,8.90
D,DISPATCH,UNIT_SCADA,1,"2019/08/19 17:50:00",HVGTS,0
D,DISPATCH,UNIT_SCADA,1,"2019/08/19 17:50:00",JBUTTERS,141.44
D,DISPATCH,UNIT_SCADA,1,"2019/08/19 17:50:00",JLA01,0.50
D,DISPATCH,UNIT_SCADA,1,"2019/08/19 17:50:00",JLA02,0
D,DISPATCH,UNIT_SCADA,1,"2019/08/19 17:50:00",JLA03,0.10
D,DISPATCH,UNIT_SCADA,1,"2019/08/19 17:50:00",JLA04,0.10
D,DISPATCH,UNIT_SCADA,1,"2019/08/19 17:50:00",JLB01,0
D,DISPATCH,UNIT_SCADA,1,"2019/08/19 17:50:00",JLB02,83.80
D,DISPATCH,UNIT_SCADA,1,"2019/08/19 17:50:00",JLB03,84.10
D,DISPATCH,UNIT_SCADA,1,"2019/08/19 17:50:00",KAREEYA1,21.6075
D,DISPATCH,UNIT_SCADA,1,"2019/08/19 17:50:00",KAREEYA2,21.6025
D,DISPATCH,UNIT_SCADA,1,"2019/08/19 17:50:00",KAREEYA3,0
D,DISPATCH,UNIT_SCADA,1,"2019/08/19 17:50:00",KAREEYA4,21.6175
D,DISPATCH,UNIT_SCADA,1,"2019/08/19 17:50:00",KARSF1,1.90
D,DISPATCH,UNIT_SCADA,1,"2019/08/19 17:50:00",KIATAWF1,21.20
D,DISPATCH,UNIT_SCADA,1,"2019/08/19 17:50:00",KPP_1,0
D,DISPATCH,UNIT_SCADA,1,"2019/08/19 17:50:00",KSP1,5.60
D,DISPATCH,UNIT_SCADA,1,"2019/08/19 17:50:00",LADBROK1,0
D,DISPATCH,UNIT_SCADA,1,"2019/08/19 17:50:00",LADBROK2,0
D,DISPATCH,UNIT_SCADA,1,"2019/08/19 17:50:00",LD01,420.525050
D,DISPATCH,UNIT_SCADA,1,"2019/08/19 17:50:00",LD02,420.843750
D,DISPATCH,UNIT_SCADA,1,"2019/08/19 17:50:00",LD03,418.068820
D,DISPATCH,UNIT_SCADA,1,"2019/08/19 17:50:00",LD04,379.143770
D,DISPATCH,UNIT_SCADA,1,"2019/08/19 17:50:00",LEM_WIL,74.250150
D,DISPATCH,UNIT_SCADA,1,"2019/08/19 17:50:00",LGAPWF1,5.42
D,DISPATCH,UNIT_SCADA,1,"2019/08/19 17:50:00",LILYSF1,0
D,DISPATCH,UNIT_SCADA,1,"2019/08/19 17:50:00",LI_WY_CA,147.618290
D,DISPATCH,UNIT_SCADA,1,"2019/08/19 17:50:00",LKBONNY2,128.486950
D,DISPATCH,UNIT_SCADA,1,"2019/08/19 17:50:00",LKBONNY3,36.954170
D,DISPATCH,UNIT_SCADA,1,"2019/08/19 17:50:00",LK_ECHO,0
D,DISPATCH,UNIT_SCADA,1,"2019/08/19 17:50:00",LNGS1,0
D,DISPATCH,UNIT_SCADA,1,"2019/08/19 17:50:00",LNGS2,0
D,DISPATCH,UNIT_SCADA,1,"2019/08/19 17:50:00",LONSDALE,0
D,DISPATCH,UNIT_SCADA,1,"2019/08/19 17:50:00",LOYYB1,531.577210
D,DISPATCH,UNIT_SCADA,1,"2019/08/19 17:50:00",LOYYB2,581.954410
D,DISPATCH,UNIT_SCADA,1,"2019/08/19 17:50:00",LYA1,558
D,DISPATCH,UNIT_SCADA,1,"2019/08/19 17:50:00",LYA2,0
D,DISPATCH,UNIT_SCADA,1,"2019/08/19 17:50:00",LYA3,560
D,DISPATCH,UNIT_SCADA,1,"2019/08/19 17:50:00",LYA4,540
D,DISPATCH,UNIT_SCADA,1,"2019/08/19 17:50:00",MACARTH1,201.995330
D,DISPATCH,UNIT_SCADA,1,"2019/08/19 17:50:00",MACKAYGT,0
D,DISPATCH,UNIT_SCADA,1,"2019/08/19 17:50:00",MACKNTSH,85.260010
D,DISPATCH,UNIT_SCADA,1,"2019/08/19 17:50:00",MANSLR1,0
D,DISPATCH,UNIT_SCADA,1,"2019/08/19 17:50:00",MCKAY1,0.02
D,DISPATCH,UNIT_SCADA,1,"2019/08/19 17:50:00",MEADOWBK,34.038780
D,DISPATCH,UNIT_SCADA,1,"2019/08/19 17:50:00",MERCER01,64.878010
D,DISPATCH,UNIT_SCADA,1,"2019/08/19 17:50:00",MEWF1,26.3895
D,DISPATCH,UNIT_SCADA,1,"2019/08/19 17:50:00",MINTARO,0
D,DISPATCH,UNIT_SCADA,1,"2019/08/19 17:50:00",MOREESF1,0
D,DISPATCH,UNIT_SCADA,1,"2019/08/19 17:50:00",MORTLK11,206
D,DISPATCH,UNIT_SCADA,1,"2019/08/19 17:50:00",MORTLK12,0
D,DISPATCH,UNIT_SCADA,1,"2019/08/19 17:50:00",MP1,452
D,DISPATCH,UNIT_SCADA,1,"2019/08/19 17:50:00",MP2,0
D,DISPATCH,UNIT_SCADA,1,"2019/08/19 17:50:00",MPP_1,424.25
D,DISPATCH,UNIT_SCADA,1,"2019/08/19 17:50:00",MPP_2,434.50
D,DISPATCH,UNIT_SCADA,1,"2019/08/19 17:50:00",MSTUART1,0
D,DISPATCH,UNIT_SCADA,1,"2019/08/19 17:50:00",MSTUART2,0
D,DISPATCH,UNIT_SCADA,1,"2019/08/19 17:50:00",MSTUART3,0
D,DISPATCH,UNIT_SCADA,1,"2019/08/19 17:50:00",MTGELWF1,63.904240
D,DISPATCH,UNIT_SCADA,1,"2019/08/19 17:50:00",MURRAY,264.139920
D,DISPATCH,UNIT_SCADA,1,"2019/08/19 17:50:00",MUSSELR1,166.100010
D,DISPATCH,UNIT_SCADA,1,"2019/08/19 17:50:00",MUWAWF1,37.82
D,DISPATCH,UNIT_SCADA,1,"2019/08/19 17:50:00",NBHWF1,35.90
D,DISPATCH,UNIT_SCADA,1,"2019/08/19 17:50:00",NPS,508.1250
D,DISPATCH,UNIT_SCADA,1,"2019/08/19 17:50:00",NUMURSF1,0.24
D,DISPATCH,UNIT_SCADA,1,"2019/08/19 17:50:00",NYNGAN1,0
D,DISPATCH,UNIT_SCADA,1,"2019/08/19 17:50:00",OAKEY1,0
D,DISPATCH,UNIT_SCADA,1,"2019/08/19 17:50:00",OAKEY1SF,0.05
D,DISPATCH,UNIT_SCADA,1,"2019/08/19 17:50:00",OAKEY2,0
D,DISPATCH,UNIT_SCADA,1,"2019/08/19 17:50:00",OAKLAND1,31.90
D,DISPATCH,UNIT_SCADA,1,"2019/08/19 17:50:00",OSB-AG,154.290010
D,DISPATCH,UNIT_SCADA,1,"2019/08/19 17:50:00",PARSF1,0.100010
D,DISPATCH,UNIT_SCADA,1,"2019/08/19 17:50:00",POAT110,42.330080
D,DISPATCH,UNIT_SCADA,1,"2019/08/19 17:50:00",POAT220,144.493440
D,DISPATCH,UNIT_SCADA,1,"2019/08/19 17:50:00",POR01,0
D,DISPATCH,UNIT_SCADA,1,"2019/08/19 17:50:00",POR03,0
D,DISPATCH,UNIT_SCADA,1,"2019/08/19 17:50:00",PPCCGT,497.695770
D,DISPATCH,UNIT_SCADA,1,"2019/08/19 17:50:00",PTSTAN1,0
D,DISPATCH,UNIT_SCADA,1,"2019/08/19 17:50:00",PUMP1,0
D,DISPATCH,UNIT_SCADA,1,"2019/08/19 17:50:00",PUMP2,0
D,DISPATCH,UNIT_SCADA,1,"2019/08/19 17:50:00",QPS1,0
D,DISPATCH,UNIT_SCADA,1,"2019/08/19 17:50:00",QPS2,0
D,DISPATCH,UNIT_SCADA,1,"2019/08/19 17:50:00",QPS3,0
D,DISPATCH,UNIT_SCADA,1,"2019/08/19 17:50:00",QPS4,0
D,DISPATCH,UNIT_SCADA,1,"2019/08/19 17:50:00",QPS5,0
D,DISPATCH,UNIT_SCADA,1,"2019/08/19 17:50:00",REECE1,114.040010
D,DISPATCH,UNIT_SCADA,1,"2019/08/19 17:50:00",REECE2,113.330010
D,DISPATCH,UNIT_SCADA,1,"2019/08/19 17:50:00",ROMA_7,0
D,DISPATCH,UNIT_SCADA,1,"2019/08/19 17:50:00",ROMA_8,0
D,DISPATCH,UNIT_SCADA,1,"2019/08/19 17:50:00",RRSF1,2.356670
D,DISPATCH,UNIT_SCADA,1,"2019/08/19 17:50:00",RT_NSW1,0
D,DISPATCH,UNIT_SCADA,1,"2019/08/19 17:50:00",RT_NSW2,0
D,DISPATCH,UNIT_SCADA,1,"2019/08/19 17:50:00",RT_NSW3,0
D,DISPATCH,UNIT_SCADA,1,"2019/08/19 17:50:00",RT_NSW4,0
D,DISPATCH,UNIT_SCADA,1,"2019/08/19 17:50:00",RT_NSW5,0
D,DISPATCH,UNIT_SCADA,1,"2019/08/19 17:50:00",RT_NSW6,0
D,DISPATCH,UNIT_SCADA,1,"2019/08/19 17:50:00",RT_QLD1,0
D,DISPATCH,UNIT_SCADA,1,"2019/08/19 17:50:00",RT_SA1,0
D,DISPATCH,UNIT_SCADA,1,"2019/08/19 17:50:00",RT_SA2,0
D,DISPATCH,UNIT_SCADA,1,"2019/08/19 17:50:00",RT_SA3,0
D,DISPATCH,UNIT_SCADA,1,"2019/08/19 17:50:00",RT_SA4,0
D,DISPATCH,UNIT_SCADA,1,"2019/08/19 17:50:00",RT_SA5,0
D,DISPATCH,UNIT_SCADA,1,"2019/08/19 17:50:00",RT_SA6,0
D,DISPATCH,UNIT_SCADA,1,"2019/08/19 17:50:00",RT_TAS1,0
D,DISPATCH,UNIT_SCADA,1,"2019/08/19 17:50:00",RT_VIC1,0
D,DISPATCH,UNIT_SCADA,1,"2019/08/19 17:50:00",RT_VIC10,0
D,DISPATCH,UNIT_SCADA,1,"2019/08/19 17:50:00",RT_VIC11,0
D,DISPATCH,UNIT_SCADA,1,"2019/08/19 17:50:00",RT_VIC12,0
D,DISPATCH,UNIT_SCADA,1,"2019/08/19 17:50:00",RT_VIC2,0
D,DISPATCH,UNIT_SCADA,1,"2019/08/19 17:50:00",RT_VIC3,0
D,DISPATCH,UNIT_SCADA,1,"2019/08/19 17:50:00",RT_VIC4,0
D,DISPATCH,UNIT_SCADA,1,"2019/08/19 17:50:00",RT_VIC5,0
D,DISPATCH,UNIT_SCADA,1,"2019/08/19 17:50:00",RT_VIC6,0
D,DISPATCH,UNIT_SCADA,1,"2019/08/19 17:50:00",RT_VIC7,0
D,DISPATCH,UNIT_SCADA,1,"2019/08/19 17:50:00",RT_VIC8,0
D,DISPATCH,UNIT_SCADA,1,"2019/08/19 17:50:00",RT_VIC9,0
D,DISPATCH,UNIT_SCADA,1,"2019/08/19 17:50:00",RUGBYR1,0
D,DISPATCH,UNIT_SCADA,1,"2019/08/19 17:50:00",SALTCRK1,32.73
D,DISPATCH,UNIT_SCADA,1,"2019/08/19 17:50:00",SAPHWF1,222.796880
D,DISPATCH,UNIT_SCADA,1,"2019/08/19 17:50:00",SHGEN,120.612240
D,DISPATCH,UNIT_SCADA,1,"2019/08/19 17:50:00",SHPUMP,0
D,DISPATCH,UNIT_SCADA,1,"2019/08/19 17:50:00",SITHE01,0.214140
D,DISPATCH,UNIT_SCADA,1,"2019/08/19 17:50:00",SMCSF1,0
D,DISPATCH,UNIT_SCADA,1,"2019/08/19 17:50:00",SNOWNTH1,29.50
D,DISPATCH,UNIT_SCADA,1,"2019/08/19 17:50:00",SNOWSTH1,40.40
D,DISPATCH,UNIT_SCADA,1,"2019/08/19 17:50:00",SNOWTWN1,21.040510
D,DISPATCH,UNIT_SCADA,1,"2019/08/19 17:50:00",SNOWYP,0
D,DISPATCH,UNIT_SCADA,1,"2019/08/19 17:50:00",SNUG1,0.019440
D,DISPATCH,UNIT_SCADA,1,"2019/08/19 17:50:00",SRSF1,0.30
D,DISPATCH,UNIT_SCADA,1,"2019/08/19 17:50:00",STAN-1,0
D,DISPATCH,UNIT_SCADA,1,"2019/08/19 17:50:00",STAN-2,345.734530
D,DISPATCH,UNIT_SCADA,1,"2019/08/19 17:50:00",STAN-3,342.568510
D,DISPATCH,UNIT_SCADA,1,"2019/08/19 17:50:00",STAN-4,350.207950
D,DISPATCH,UNIT_SCADA,1,"2019/08/19 17:50:00",STWF1,16.233760
D,DISPATCH,UNIT_SCADA,1,"2019/08/19 17:50:00",SWAN_E,0
D,DISPATCH,UNIT_SCADA,1,"2019/08/19 17:50:00",TALWA1,421
D,DISPATCH,UNIT_SCADA,1,"2019/08/19 17:50:00",TARALGA1,90.037510
D,DISPATCH,UNIT_SCADA,1,"2019/08/19 17:50:00",TARONG#1,339.200010
D,DISPATCH,UNIT_SCADA,1,"2019/08/19 17:50:00",TARONG#2,339.300020
D,DISPATCH,UNIT_SCADA,1,"2019/08/19 17:50:00",TARONG#3,259.200010
D,DISPATCH,UNIT_SCADA,1,"2019/08/19 17:50:00",TARONG#4,350.200010
D,DISPATCH,UNIT_SCADA,1,"2019/08/19 17:50:00",TARRALEA,79.10
D,DISPATCH,UNIT_SCADA,1,"2019/08/19 17:50:00",TBSF1,2
D,DISPATCH,UNIT_SCADA,1,"2019/08/19 17:50:00",TNPS1,442.000030
D,DISPATCH,UNIT_SCADA,1,"2019/08/19 17:50:00",TORRA1,117.487060
D,DISPATCH,UNIT_SCADA,1,"2019/08/19 17:50:00",TORRA2,0
D,DISPATCH,UNIT_SCADA,1,"2019/08/19 17:50:00",TORRA3,55.562390
D,DISPATCH,UNIT_SCADA,1,"2019/08/19 17:50:00",TORRA4,0
D,DISPATCH,UNIT_SCADA,1,"2019/08/19 17:50:00",TORRB1,116.22
D,DISPATCH,UNIT_SCADA,1,"2019/08/19 17:50:00",TORRB2,191.16
D,DISPATCH,UNIT_SCADA,1,"2019/08/19 17:50:00",TORRB3,0
D,DISPATCH,UNIT_SCADA,1,"2019/08/19 17:50:00",TORRB4,0
D,DISPATCH,UNIT_SCADA,1,"2019/08/19 17:50:00",TREVALLN,40.300010
D,DISPATCH,UNIT_SCADA,1,"2019/08/19 17:50:00",TRIBUTE,84.31
D,DISPATCH,UNIT_SCADA,1,"2019/08/19 17:50:00",TUMUT3,507.020020
D,DISPATCH,UNIT_SCADA,1,"2019/08/19 17:50:00",TUNGATIN,119.780030
D,DISPATCH,UNIT_SCADA,1,"2019/08/19 17:50:00",TVCC201,0
D,DISPATCH,UNIT_SCADA,1,"2019/08/19 17:50:00",TVPP104,57.943780
D,DISPATCH,UNIT_SCADA,1,"2019/08/19 17:50:00",UPPTUMUT,0
D,DISPATCH,UNIT_SCADA,1,"2019/08/19 17:50:00",URANQ11,132.068760
D,DISPATCH,UNIT_SCADA,1,"2019/08/19 17:50:00",URANQ12,32.256240
D,DISPATCH,UNIT_SCADA,1,"2019/08/19 17:50:00",URANQ13,0
D,DISPATCH,UNIT_SCADA,1,"2019/08/19 17:50:00",URANQ14,0
D,DISPATCH,UNIT_SCADA,1,"2019/08/19 17:50:00",VP5,633.650020
D,DISPATCH,UNIT_SCADA,1,"2019/08/19 17:50:00",VP6,634.6250
D,DISPATCH,UNIT_SCADA,1,"2019/08/19 17:50:00",VPGS1,0
D,DISPATCH,UNIT_SCADA,1,"2019/08/19 17:50:00",VPGS2,0
D,DISPATCH,UNIT_SCADA,1,"2019/08/19 17:50:00",VPGS3,0
D,DISPATCH,UNIT_SCADA,1,"2019/08/19 17:50:00",VPGS4,0
D,DISPATCH,UNIT_SCADA,1,"2019/08/19 17:50:00",VPGS5,0
D,DISPATCH,UNIT_SCADA,1,"2019/08/19 17:50:00",VPGS6,0
D,DISPATCH,UNIT_SCADA,1,"2019/08/19 17:50:00",W/HOE#1,285.799990
D,DISPATCH,UNIT_SCADA,1,"2019/08/19 17:50:00",W/HOE#2,0
D,DISPATCH,UNIT_SCADA,1,"2019/08/19 17:50:00",WATERLWF,45.30
D,DISPATCH,UNIT_SCADA,1,"2019/08/19 17:50:00",WEMENSF1,1.20
D,DISPATCH,UNIT_SCADA,1,"2019/08/19 17:50:00",WGWF1,30.30
D,DISPATCH,UNIT_SCADA,1,"2019/08/19 17:50:00",WHITSF1,0
D,DISPATCH,UNIT_SCADA,1,"2019/08/19 17:50:00",WKIEWA1,17.10
D,DISPATCH,UNIT_SCADA,1,"2019/08/19 17:50:00",WKIEWA2,17.30
D,DISPATCH,UNIT_SCADA,1,"2019/08/19 17:50:00",WOODLWN1,45.027010
D,DISPATCH,UNIT_SCADA,1,"2019/08/19 17:50:00",WRSF1,0
D,DISPATCH,UNIT_SCADA,1,"2019/08/19 17:50:00",WRWF1,157.5825
D,DISPATCH,UNIT_SCADA,1,"2019/08/19 17:50:00",YABULU,0
D,DISPATCH,UNIT_SCADA,1,"2019/08/19 17:50:00",YABULU2,0
D,DISPATCH,UNIT_SCADA,1,"2019/08/19 17:50:00",YARWUN_1,0
D,DISPATCH,UNIT_SCADA,1,"2019/08/19 17:50:00",YENDWF1,42.10
D,DISPATCH,UNIT_SCADA,1,"2019/08/19 17:50:00",YWPS1,385.463290
D,DISPATCH,UNIT_SCADA,1,"2019/08/19 17:50:00",YWPS2,282.453160
D,DISPATCH,UNIT_SCADA,1,"2019/08/19 17:50:00",YWPS3,0
D,DISPATCH,UNIT_SCADA,1,"2019/08/19 17:50:00",YWPS4,401.165830
C,"END OF REPORT",334
