C,NEMP.WORLD,DISPATCHSCADA,AEMO,PUBLIC,2019/09/06,10:25:09,0000000312457393,DISPATCHSCADA,0000000312457387
I,DISPATCH,UNIT_SCADA,1,SETTLEMENTDATE,DUID,SCADAVALUE
D,DISPATCH,UNIT_SCADA,1,"2019/09/06 10:30:00",BARCSF1,8.900001
D,DISPATCH,UNIT_SCADA,1,"2019/09/06 10:30:00",BUTLERSG,10.199999
D,DISPATCH,UNIT_SCADA,1,"2019/09/06 10:30:00",CALL_A_4,0
D,DISPATCH,UNIT_SCADA,1,"2019/09/06 10:30:00",CAPTL_WF,73.008003
D,DISPATCH,UNIT_SCADA,1,"2019/09/06 10:30:00",CATHROCK,0
D,DISPATCH,UNIT_SCADA,1,"2019/09/06 10:30:00",CHALLHWF,33
D,DISPATCH,UNIT_SCADA,1,"2019/09/06 10:30:00",CLOVER,-0.01
D,DISPATCH,UNIT_SCADA,1,"2019/09/06 10:30:00",CLUNY,18.578623
D,DISPATCH,UNIT_SCADA,1,"2019/09/06 10:30:00",CNUNDAWF,12.314365
D,DISPATCH,UNIT_SCADA,1,"2019/09/06 10:30:00",CULLRGWF,22.290001
D,DISPATCH,UNIT_SCADA,1,"2019/09/06 10:30:00",ERGT01,0
D,DISPATCH,UNIT_SCADA,1,"2019/09/06 10:30:00",GB01,0.0070
D,DISPATCH,UNIT_SCADA,1,"2019/09/06 10:30:00",GERMCRK,34
D,DISPATCH,UNIT_SCADA,1,"2019/09/06 10:30:00",GRIFSF1,4.299995
D,DISPATCH,UNIT_SCADA,1,"2019/09/06 10:30:00",HUGSF1,8.910001
D,DISPATCH,UNIT_SCADA,1,"2019/09/06 10:30:00",LKBONNY1,22.238031
D,DISPATCH,UNIT_SCADA,1,"2019/09/06 10:30:00",LRSF1,10.030001
D,DISPATCH,UNIT_SCADA,1,"2019/09/06 10:30:00",MBAHNTH,49.331253
D,DISPATCH,UNIT_SCADA,1,"2019/09/06 10:30:00",MLSP1,10.720001
D,DISPATCH,UNIT_SCADA,1,"2019/09/06 10:30:00",MLWF1,11.8350
D,DISPATCH,UNIT_SCADA,1,"2019/09/06 10:30:00",MTMILLAR,52.982136
D,DISPATCH,UNIT_SCADA,1,"2019/09/06 10:30:00",PALOONA,25.699999
D,DISPATCH,UNIT_SCADA,1,"2019/09/06 10:30:00",PIONEER,40.900002
D,DISPATCH,UNIT_SCADA,1,"2019/09/06 10:30:00",PORTWF,26.40
D,DISPATCH,UNIT_SCADA,1,"2019/09/06 10:30:00",REPULSE,32.415657
D,DISPATCH,UNIT_SCADA,1,"2019/09/06 10:30:00",ROWALLAN,10.3873
D,DISPATCH,UNIT_SCADA,1,"2019/09/06 10:30:00",ROYALLA1,10.068001
D,DISPATCH,UNIT_SCADA,1,"2019/09/06 10:30:00",RPCG,-2.70
D,DISPATCH,UNIT_SCADA,1,"2019/09/06 10:30:00",RUBICON,0
D,DISPATCH,UNIT_SCADA,1,"2019/09/06 10:30:00",SATGN1,0
D,DISPATCH,UNIT_SCADA,1,"2019/09/06 10:30:00",SATGS1,0
D,DISPATCH,UNIT_SCADA,1,"2019/09/06 10:30:00",STARHLWF,25.192654
D,DISPATCH,UNIT_SCADA,1,"2019/09/06 10:30:00",WAUBRAWF,78.273003
D,DISPATCH,UNIT_SCADA,1,"2019/09/06 10:30:00",WOOLNTH1,0.160015
D,DISPATCH,UNIT_SCADA,1,"2019/09/06 10:30:00",WPWF,73
D,DISPATCH,UNIT_SCADA,1,"2019/09/06 10:30:00",YAMBUKWF,5
D,DISPATCH,UNIT_SCADA,1,"2019/09/06 10:30:00",YSWF1,24.299999
D,DISPATCH,UNIT_SCADA,1,"2019/09/06 10:30:00",AGLHAL,0
D,DISPATCH,UNIT_SCADA,1,"2019/09/06 10:30:00",AGLSOM,0
D,DISPATCH,UNIT_SCADA,1,"2019/09/06 10:30:00",ANGAST1,0
D,DISPATCH,UNIT_SCADA,1,"2019/09/06 10:30:00",ARWF1,104
D,DISPATCH,UNIT_SCADA,1,"2019/09/06 10:30:00",BALBG1,0
D,DISPATCH,UNIT_SCADA,1,"2019/09/06 10:30:00",BALBL1,0
D,DISPATCH,UNIT_SCADA,1,"2019/09/06 10:30:00",BALDHWF1,62.1060
D,DISPATCH,UNIT_SCADA,1,"2019/09/06 10:30:00",BANN1,30.37
D,DISPATCH,UNIT_SCADA,1,"2019/09/06 10:30:00",BARCALDN,0
D,DISPATCH,UNIT_SCADA,1,"2019/09/06 10:30:00",BARRON-1,0
D,DISPATCH,UNIT_SCADA,1,"2019/09/06 10:30:00",BARRON-2,0
D,DISPATCH,UNIT_SCADA,1,"2019/09/06 10:30:00",BASTYAN,80.790010
D,DISPATCH,UNIT_SCADA,1,"2019/09/06 10:30:00",BBTHREE1,0
D,DISPATCH,UNIT_SCADA,1,"2019/09/06 10:30:00",BBTHREE2,0
D,DISPATCH,UNIT_SCADA,1,"2019/09/06 10:30:00",BBTHREE3,0
D,DISPATCH,UNIT_SCADA,1,"2019/09/06 10:30:00",BDL01,-0.06
D,DISPATCH,UNIT_SCADA,1,"2019/09/06 10:30:00",BDL02,0
D,DISPATCH,UNIT_SCADA,1,"2019/09/06 10:30:00",BERYLSF1,68.708250
D,DISPATCH,UNIT_SCADA,1,"2019/09/06 10:30:00",BLOWERNG,15.30
D,DISPATCH,UNIT_SCADA,1,"2019/09/06 10:30:00",BLUFF1,52.60
D,DISPATCH,UNIT_SCADA,1,"2019/09/06 10:30:00",BNGSF1,9.59
D,DISPATCH,UNIT_SCADA,1,"2019/09/06 10:30:00",BNGSF2,3.66
D,DISPATCH,UNIT_SCADA,1,"2019/09/06 10:30:00",BOCORWF1,59.13
D,DISPATCH,UNIT_SCADA,1,"2019/09/06 10:30:00",BODWF1,83.291850
D,DISPATCH,UNIT_SCADA,1,"2019/09/06 10:30:00",BRAEMAR1,0
D,DISPATCH,UNIT_SCADA,1,"2019/09/06 10:30:00",BRAEMAR2,0
D,DISPATCH,UNIT_SCADA,1,"2019/09/06 10:30:00",BRAEMAR3,0
D,DISPATCH,UNIT_SCADA,1,"2019/09/06 10:30:00",BRAEMAR5,0
D,DISPATCH,UNIT_SCADA,1,"2019/09/06 10:30:00",BRAEMAR6,0
D,DISPATCH,UNIT_SCADA,1,"2019/09/06 10:30:00",BRAEMAR7,0
D,DISPATCH,UNIT_SCADA,1,"2019/09/06 10:30:00",BROKENH1,50.788570
D,DISPATCH,UNIT_SCADA,1,"2019/09/06 10:30:00",BW01,546.924930
D,DISPATCH,UNIT_SCADA,1,"2019/09/06 10:30:00",BW02,577.575070
D,DISPATCH,UNIT_SCADA,1,"2019/09/06 10:30:00",BW03,652.50
D,DISPATCH,UNIT_SCADA,1,"2019/09/06 10:30:00",BW04,0
D,DISPATCH,UNIT_SCADA,1,"2019/09/06 10:30:00",CALL_B_1,299.399990
D,DISPATCH,UNIT_SCADA,1,"2019/09/06 10:30:00",CALL_B_2,279.300020
D,DISPATCH,UNIT_SCADA,1,"2019/09/06 10:30:00",CETHANA,97.106750
D,DISPATCH,UNIT_SCADA,1,"2019/09/06 10:30:00",CG1,0
D,DISPATCH,UNIT_SCADA,1,"2019/09/06 10:30:00",CG2,0
D,DISPATCH,UNIT_SCADA,1,"2019/09/06 10:30:00",CG3,0
D,DISPATCH,UNIT_SCADA,1,"2019/09/06 10:30:00",CG4,0
D,DISPATCH,UNIT_SCADA,1,"2019/09/06 10:30:00",CHILDSF1,45.53
D,DISPATCH,UNIT_SCADA,1,"2019/09/06 10:30:00",CLARESF1,48.402430
D,DISPATCH,UNIT_SCADA,1,"2019/09/06 10:30:00",CLEMGPWF,52.153350
D,DISPATCH,UNIT_SCADA,1,"2019/09/06 10:30:00",CLERMSF1,14.72
D,DISPATCH,UNIT_SCADA,1,"2019/09/06 10:30:00",COLEASF1,27.10
D,DISPATCH,UNIT_SCADA,1,"2019/09/06 10:30:00",COOPGWF1,45.379990
D,DISPATCH,UNIT_SCADA,1,"2019/09/06 10:30:00",CPP_3,230.1750
D,DISPATCH,UNIT_SCADA,1,"2019/09/06 10:30:00",CPP_4,287.925020
D,DISPATCH,UNIT_SCADA,1,"2019/09/06 10:30:00",CPSA,73.721250
D,DISPATCH,UNIT_SCADA,1,"2019/09/06 10:30:00",CROOKWF2,84.593750
D,DISPATCH,UNIT_SCADA,1,"2019/09/06 10:30:00",CROWLWF1,43.599870
D,DISPATCH,UNIT_SCADA,1,"2019/09/06 10:30:00",CSPVPS1,31.9570
D,DISPATCH,UNIT_SCADA,1,"2019/09/06 10:30:00",DALNTH01,0
D,DISPATCH,UNIT_SCADA,1,"2019/09/06 10:30:00",DALNTHL1,0.077820
D,DISPATCH,UNIT_SCADA,1,"2019/09/06 10:30:00",DARTM1,133.600010
D,DISPATCH,UNIT_SCADA,1,"2019/09/06 10:30:00",DAYDSF1,117.837010
D,DISPATCH,UNIT_SCADA,1,"2019/09/06 10:30:00",DDPS1,0
D,DISPATCH,UNIT_SCADA,1,"2019/09/06 10:30:00",DDSF1,107.3193
D,DISPATCH,UNIT_SCADA,1,"2019/09/06 10:30:00",DEVILS_G,0
D,DISPATCH,UNIT_SCADA,1,"2019/09/06 10:30:00",DG_NSW1,0
D,DISPATCH,UNIT_SCADA,1,"2019/09/06 10:30:00",DG_QLD1,0
D,DISPATCH,UNIT_SCADA,1,"2019/09/06 10:30:00",DG_SA1,0
D,DISPATCH,UNIT_SCADA,1,"2019/09/06 10:30:00",DG_TAS1,0
D,DISPATCH,UNIT_SCADA,1,"2019/09/06 10:30:00",DG_VIC1,0
D,DISPATCH,UNIT_SCADA,1,"2019/09/06 10:30:00",DRYCGT1,0
D,DISPATCH,UNIT_SCADA,1,"2019/09/06 10:30:00",DRYCGT2,0
D,DISPATCH,UNIT_SCADA,1,"2019/09/06 10:30:00",DRYCGT3,0
D,DISPATCH,UNIT_SCADA,1,"2019/09/06 10:30:00",EILDON1,0
D,DISPATCH,UNIT_SCADA,1,"2019/09/06 10:30:00",EILDON2,0
D,DISPATCH,UNIT_SCADA,1,"2019/09/06 10:30:00",EMERASF1,68.07
D,DISPATCH,UNIT_SCADA,1,"2019/09/06 10:30:00",ER01,502.400020
D,DISPATCH,UNIT_SCADA,1,"2019/09/06 10:30:00",ER02,607.925050
D,DISPATCH,UNIT_SCADA,1,"2019/09/06 10:30:00",ER03,0
D,DISPATCH,UNIT_SCADA,1,"2019/09/06 10:30:00",ER04,602.700070
D,DISPATCH,UNIT_SCADA,1,"2019/09/06 10:30:00",FINLYSF1,0
D,DISPATCH,UNIT_SCADA,1,"2019/09/06 10:30:00",FISHER,45.90
D,DISPATCH,UNIT_SCADA,1,"2019/09/06 10:30:00",GANNBG1,0
D,DISPATCH,UNIT_SCADA,1,"2019/09/06 10:30:00",GANNBL1,3.504880
D,DISPATCH,UNIT_SCADA,1,"2019/09/06 10:30:00",GANNSF1,48
D,DISPATCH,UNIT_SCADA,1,"2019/09/06 10:30:00",GORDON,19.666640
D,DISPATCH,UNIT_SCADA,1,"2019/09/06 10:30:00",GSTONE1,133.1750
D,DISPATCH,UNIT_SCADA,1,"2019/09/06 10:30:00",GSTONE2,109.90
D,DISPATCH,UNIT_SCADA,1,"2019/09/06 10:30:00",GSTONE3,0
D,DISPATCH,UNIT_SCADA,1,"2019/09/06 10:30:00",GSTONE4,138.4250
D,DISPATCH,UNIT_SCADA,1,"2019/09/06 10:30:00",GSTONE5,139.1250
D,DISPATCH,UNIT_SCADA,1,"2019/09/06 10:30:00",GSTONE6,136.149990
D,DISPATCH,UNIT_SCADA,1,"2019/09/06 10:30:00",GULLRSF1,9.922270
D,DISPATCH,UNIT_SCADA,1,"2019/09/06 10:30:00",GULLRWF1,117.7052
D,DISPATCH,UNIT_SCADA,1,"2019/09/06 10:30:00",GUNNING1,33.033250
D,DISPATCH,UNIT_SCADA,1,"2019/09/06 10:30:00",GUTHEGA,0
D,DISPATCH,UNIT_SCADA,1,"2019/09/06 10:30:00",HALLWF1,-0.48
D,DISPATCH,UNIT_SCADA,1,"2019/09/06 10:30:00",HALLWF2,-0.32
D,DISPATCH,UNIT_SCADA,1,"2019/09/06 10:30:00",HAMISF1,46.40
D,DISPATCH,UNIT_SCADA,1,"2019/09/06 10:30:00",HAUGHT11,91.2384
D,DISPATCH,UNIT_SCADA,1,"2019/09/06 10:30:00",HAYMSF1,41.2040
D,DISPATCH,UNIT_SCADA,1,"2019/09/06 10:30:00",HDWF1,99.60
D,DISPATCH,UNIT_SCADA,1,"2019/09/06 10:30:00",HDWF2,99.90
D,DISPATCH,UNIT_SCADA,1,"2019/09/06 10:30:00",HDWF3,104.80
D,DISPATCH,UNIT_SCADA,1,"2019/09/06 10:30:00",HPRG1,14.30
D,DISPATCH,UNIT_SCADA,1,"2019/09/06 10:30:00",HPRL1,0
D,DISPATCH,UNIT_SCADA,1,"2019/09/06 10:30:00",HUMENSW,0
D,DISPATCH,UNIT_SCADA,1,"2019/09/06 10:30:00",HUMEV,24.30
D,DISPATCH,UNIT_SCADA,1,"2019/09/06 10:30:00",HVGTS,0
D,DISPATCH,UNIT_SCADA,1,"2019/09/06 10:30:00",JBUTTERS,113.73
D,DISPATCH,UNIT_SCADA,1,"2019/09/06 10:30:00",JLA01,0.10
D,DISPATCH,UNIT_SCADA,1,"2019/09/06 10:30:00",JLA02,0
D,DISPATCH,UNIT_SCADA,1,"2019/09/06 10:30:00",JLA03,0
D,DISPATCH,UNIT_SCADA,1,"2019/09/06 10:30:00",JLA04,0
D,DISPATCH,UNIT_SCADA,1,"2019/09/06 10:30:00",JLB01,0
D,DISPATCH,UNIT_SCADA,1,"2019/09/06 10:30:00",JLB02,0.10
D,DISPATCH,UNIT_SCADA,1,"2019/09/06 10:30:00",JLB03,0
D,DISPATCH,UNIT_SCADA,1,"2019/09/06 10:30:00",KAREEYA1,21.6125
D,DISPATCH,UNIT_SCADA,1,"2019/09/06 10:30:00",KAREEYA2,21.7275
D,DISPATCH,UNIT_SCADA,1,"2019/09/06 10:30:00",KAREEYA3,0
D,DISPATCH,UNIT_SCADA,1,"2019/09/06 10:30:00",KAREEYA4,21.6025
D,DISPATCH,UNIT_SCADA,1,"2019/09/06 10:30:00",KARSF1,40.10
D,DISPATCH,UNIT_SCADA,1,"2019/09/06 10:30:00",KIATAWF1,22.20
D,DISPATCH,UNIT_SCADA,1,"2019/09/06 10:30:00",KPP_1,0
D,DISPATCH,UNIT_SCADA,1,"2019/09/06 10:30:00",KSP1,46.76
D,DISPATCH,UNIT_SCADA,1,"2019/09/06 10:30:00",LADBROK1,0
D,DISPATCH,UNIT_SCADA,1,"2019/09/06 10:30:00",LADBROK2,0
D,DISPATCH,UNIT_SCADA,1,"2019/09/06 10:30:00",LD01,387.149960
D,DISPATCH,UNIT_SCADA,1,"2019/09/06 10:30:00",LD02,382.3125
D,DISPATCH,UNIT_SCADA,1,"2019/09/06 10:30:00",LD03,382.612430
D,DISPATCH,UNIT_SCADA,1,"2019/09/06 10:30:00",LD04,380.868710
D,DISPATCH,UNIT_SCADA,1,"2019/09/06 10:30:00",LEM_WIL,84.894350
D,DISPATCH,UNIT_SCADA,1,"2019/09/06 10:30:00",LGAPWF1,34.51
D,DISPATCH,UNIT_SCADA,1,"2019/09/06 10:30:00",LILYSF1,0
D,DISPATCH,UNIT_SCADA,1,"2019/09/06 10:30:00",LI_WY_CA,154.6665
D,DISPATCH,UNIT_SCADA,1,"2019/09/06 10:30:00",LKBONNY2,36.6055
D,DISPATCH,UNIT_SCADA,1,"2019/09/06 10:30:00",LKBONNY3,9.154810
D,DISPATCH,UNIT_SCADA,1,"2019/09/06 10:30:00",LK_ECHO,0
D,DISPATCH,UNIT_SCADA,1,"2019/09/06 10:30:00",LNGS1,0
D,DISPATCH,UNIT_SCADA,1,"2019/09/06 10:30:00",LNGS2,0
D,DISPATCH,UNIT_SCADA,1,"2019/09/06 10:30:00",LONSDALE,0
D,DISPATCH,UNIT_SCADA,1,"2019/09/06 10:30:00",LOYYB1,536.840520
D,DISPATCH,UNIT_SCADA,1,"2019/09/06 10:30:00",LOYYB2,586.8418
D,DISPATCH,UNIT_SCADA,1,"2019/09/06 10:30:00",LYA1,0
D,DISPATCH,UNIT_SCADA,1,"2019/09/06 10:30:00",LYA2,0
D,DISPATCH,UNIT_SCADA,1,"2019/09/06 10:30:00",LYA3,559
D,DISPATCH,UNIT_SCADA,1,"2019/09/06 10:30:00",LYA4,540
D,DISPATCH,UNIT_SCADA,1,"2019/09/06 10:30:00",MACARTH1,150.896510
D,DISPATCH,UNIT_SCADA,1,"2019/09/06 10:30:00",MACKAYGT,0.2240
D,DISPATCH,UNIT_SCADA,1,"2019/09/06 10:30:00",MACKNTSH,88.38
D,DISPATCH,UNIT_SCADA,1,"2019/09/06 10:30:00",MANSLR1,28.0930
D,DISPATCH,UNIT_SCADA,1,"2019/09/06 10:30:00",MCKAY1,-0.0350
D,DISPATCH,UNIT_SCADA,1,"2019/09/06 10:30:00",MEADOWBK,34.067360
D,DISPATCH,UNIT_SCADA,1,"2019/09/06 10:30:00",MERCER01,52.7240
D,DISPATCH,UNIT_SCADA,1,"2019/09/06 10:30:00",MEWF1,45.088770
D,DISPATCH,UNIT_SCADA,1,"2019/09/06 10:30:00",MINTARO,0
D,DISPATCH,UNIT_SCADA,1,"2019/09/06 10:30:00",MOREESF1,50.9320
D,DISPATCH,UNIT_SCADA,1,"2019/09/06 10:30:00",MORTLK11,125
D,DISPATCH,UNIT_SCADA,1,"2019/09/06 10:30:00",MORTLK12,0
D,DISPATCH,UNIT_SCADA,1,"2019/09/06 10:30:00",MP1,173.550050
D,DISPATCH,UNIT_SCADA,1,"2019/09/06 10:30:00",MP2,0
D,DISPATCH,UNIT_SCADA,1,"2019/09/06 10:30:00",MPP_1,398
D,DISPATCH,UNIT_SCADA,1,"2019/09/06 10:30:00",MPP_2,433
D,DISPATCH,UNIT_SCADA,1,"2019/09/06 10:30:00",MSTUART1,0
D,DISPATCH,UNIT_SCADA,1,"2019/09/06 10:30:00",MSTUART2,0
D,DISPATCH,UNIT_SCADA,1,"2019/09/06 10:30:00",MSTUART3,0
D,DISPATCH,UNIT_SCADA,1,"2019/09/06 10:30:00",MTGELWF1,56.2685
D,DISPATCH,UNIT_SCADA,1,"2019/09/06 10:30:00",MURRAY,0
D,DISPATCH,UNIT_SCADA,1,"2019/09/06 10:30:00",MUSSELR1,163.099990
D,DISPATCH,UNIT_SCADA,1,"2019/09/06 10:30:00",MUWAWF1,65.97
D,DISPATCH,UNIT_SCADA,1,"2019/09/06 10:30:00",NBHWF1,119.30
D,DISPATCH,UNIT_SCADA,1,"2019/09/06 10:30:00",NPS,0
D,DISPATCH,UNIT_SCADA,1,"2019/09/06 10:30:00",NUMURSF1,5.77
D,DISPATCH,UNIT_SCADA,1,"2019/09/06 10:30:00",NYNGAN1,101.50
D,DISPATCH,UNIT_SCADA,1,"2019/09/06 10:30:00",OAKEY1,0
D,DISPATCH,UNIT_SCADA,1,"2019/09/06 10:30:00",OAKEY1SF,22.4320
D,DISPATCH,UNIT_SCADA,1,"2019/09/06 10:30:00",OAKEY2,0
D,DISPATCH,UNIT_SCADA,1,"2019/09/06 10:30:00",OAKEY2SF,0
D,DISPATCH,UNIT_SCADA,1,"2019/09/06 10:30:00",OAKLAND1,21.50
D,DISPATCH,UNIT_SCADA,1,"2019/09/06 10:30:00",OSB-AG,0
D,DISPATCH,UNIT_SCADA,1,"2019/09/06 10:30:00",PARSF1,28.70
D,DISPATCH,UNIT_SCADA,1,"2019/09/06 10:30:00",POAT110,0
D,DISPATCH,UNIT_SCADA,1,"2019/09/06 10:30:00",POAT220,1.19
D,DISPATCH,UNIT_SCADA,1,"2019/09/06 10:30:00",POR01,0
D,DISPATCH,UNIT_SCADA,1,"2019/09/06 10:30:00",POR03,0
D,DISPATCH,UNIT_SCADA,1,"2019/09/06 10:30:00",PPCCGT,0
D,DISPATCH,UNIT_SCADA,1,"2019/09/06 10:30:00",PTSTAN1,0
D,DISPATCH,UNIT_SCADA,1,"2019/09/06 10:30:00",PUMP1,0
D,DISPATCH,UNIT_SCADA,1,"2019/09/06 10:30:00",PUMP2,0
D,DISPATCH,UNIT_SCADA,1,"2019/09/06 10:30:00",QPS1,0
D,DISPATCH,UNIT_SCADA,1,"2019/09/06 10:30:00",QPS2,0
D,DISPATCH,UNIT_SCADA,1,"2019/09/06 10:30:00",QPS3,0
D,DISPATCH,UNIT_SCADA,1,"2019/09/06 10:30:00",QPS4,0
D,DISPATCH,UNIT_SCADA,1,"2019/09/06 10:30:00",QPS5,0
D,DISPATCH,UNIT_SCADA,1,"2019/09/06 10:30:00",REECE1,111.77
D,DISPATCH,UNIT_SCADA,1,"2019/09/06 10:30:00",REECE2,113.930010
D,DISPATCH,UNIT_SCADA,1,"2019/09/06 10:30:00",ROMA_7,0
D,DISPATCH,UNIT_SCADA,1,"2019/09/06 10:30:00",ROMA_8,0
D,DISPATCH,UNIT_SCADA,1,"2019/09/06 10:30:00",RRSF1,108.066580
D,DISPATCH,UNIT_SCADA,1,"2019/09/06 10:30:00",RT_NSW1,0
D,DISPATCH,UNIT_SCADA,1,"2019/09/06 10:30:00",RT_NSW2,0
D,DISPATCH,UNIT_SCADA,1,"2019/09/06 10:30:00",RT_NSW3,0
D,DISPATCH,UNIT_SCADA,1,"2019/09/06 10:30:00",RT_NSW4,0
D,DISPATCH,UNIT_SCADA,1,"2019/09/06 10:30:00",RT_NSW5,0
D,DISPATCH,UNIT_SCADA,1,"2019/09/06 10:30:00",RT_NSW6,0
D,DISPATCH,UNIT_SCADA,1,"2019/09/06 10:30:00",RT_QLD1,0
D,DISPATCH,UNIT_SCADA,1,"2019/09/06 10:30:00",RT_SA1,0
D,DISPATCH,UNIT_SCADA,1,"2019/09/06 10:30:00",RT_SA2,0
D,DISPATCH,UNIT_SCADA,1,"2019/09/06 10:30:00",RT_SA3,0
D,DISPATCH,UNIT_SCADA,1,"2019/09/06 10:30:00",RT_SA4,0
D,DISPATCH,UNIT_SCADA,1,"2019/09/06 10:30:00",RT_SA5,0
D,DISPATCH,UNIT_SCADA,1,"2019/09/06 10:30:00",RT_SA6,0
D,DISPATCH,UNIT_SCADA,1,"2019/09/06 10:30:00",RT_TAS1,0
D,DISPATCH,UNIT_SCADA,1,"2019/09/06 10:30:00",RT_VIC1,0
D,DISPATCH,UNIT_SCADA,1,"2019/09/06 10:30:00",RT_VIC10,0
D,DISPATCH,UNIT_SCADA,1,"2019/09/06 10:30:00",RT_VIC11,0
D,DISPATCH,UNIT_SCADA,1,"2019/09/06 10:30:00",RT_VIC12,0
D,DISPATCH,UNIT_SCADA,1,"2019/09/06 10:30:00",RT_VIC2,0
D,DISPATCH,UNIT_SCADA,1,"2019/09/06 10:30:00",RT_VIC3,0
D,DISPATCH,UNIT_SCADA,1,"2019/09/06 10:30:00",RT_VIC4,0
D,DISPATCH,UNIT_SCADA,1,"2019/09/06 10:30:00",RT_VIC5,0
D,DISPATCH,UNIT_SCADA,1,"2019/09/06 10:30:00",RT_VIC6,0
D,DISPATCH,UNIT_SCADA,1,"2019/09/06 10:30:00",RT_VIC7,0
D,DISPATCH,UNIT_SCADA,1,"2019/09/06 10:30:00",RT_VIC8,0
D,DISPATCH,UNIT_SCADA,1,"2019/09/06 10:30:00",RT_VIC9,0
D,DISPATCH,UNIT_SCADA,1,"2019/09/06 10:30:00",RUGBYR1,64.468990
D,DISPATCH,UNIT_SCADA,1,"2019/09/06 10:30:00",SALTCRK1,9.87
D,DISPATCH,UNIT_SCADA,1,"2019/09/06 10:30:00",SAPHWF1,140.315610
D,DISPATCH,UNIT_SCADA,1,"2019/09/06 10:30:00",SHGEN,0
D,DISPATCH,UNIT_SCADA,1,"2019/09/06 10:30:00",SHPUMP,79.110660
D,DISPATCH,UNIT_SCADA,1,"2019/09/06 10:30:00",SITHE01,0.194050
D,DISPATCH,UNIT_SCADA,1,"2019/09/06 10:30:00",SMCSF1,85.9762
D,DISPATCH,UNIT_SCADA,1,"2019/09/06 10:30:00",SNOWNTH1,138.100010
D,DISPATCH,UNIT_SCADA,1,"2019/09/06 10:30:00",SNOWSTH1,116.70
D,DISPATCH,UNIT_SCADA,1,"2019/09/06 10:30:00",SNOWTWN1,81.219920
D,DISPATCH,UNIT_SCADA,1,"2019/09/06 10:30:00",SNOWYP,198.100010
D,DISPATCH,UNIT_SCADA,1,"2019/09/06 10:30:00",SNUG1,0.019440
D,DISPATCH,UNIT_SCADA,1,"2019/09/06 10:30:00",SRSF1,70.26
D,DISPATCH,UNIT_SCADA,1,"2019/09/06 10:30:00",STAN-1,225.670180
D,DISPATCH,UNIT_SCADA,1,"2019/09/06 10:30:00",STAN-2,236.270510
D,DISPATCH,UNIT_SCADA,1,"2019/09/06 10:30:00",STAN-3,235.847520
D,DISPATCH,UNIT_SCADA,1,"2019/09/06 10:30:00",STAN-4,229.323260
D,DISPATCH,UNIT_SCADA,1,"2019/09/06 10:30:00",STWF1,0
D,DISPATCH,UNIT_SCADA,1,"2019/09/06 10:30:00",SWAN_E,0
D,DISPATCH,UNIT_SCADA,1,"2019/09/06 10:30:00",TALWA1,190
D,DISPATCH,UNIT_SCADA,1,"2019/09/06 10:30:00",TARALGA1,80.850020
D,DISPATCH,UNIT_SCADA,1,"2019/09/06 10:30:00",TARONG#1,349.100010
D,DISPATCH,UNIT_SCADA,1,"2019/09/06 10:30:00",TARONG#2,0
D,DISPATCH,UNIT_SCADA,1,"2019/09/06 10:30:00",TARONG#3,279.800020
D,DISPATCH,UNIT_SCADA,1,"2019/09/06 10:30:00",TARONG#4,349.800020
D,DISPATCH,UNIT_SCADA,1,"2019/09/06 10:30:00",TARRALEA,74.10
D,DISPATCH,UNIT_SCADA,1,"2019/09/06 10:30:00",TBSF1,15
D,DISPATCH,UNIT_SCADA,1,"2019/09/06 10:30:00",TNPS1,398.800020
D,DISPATCH,UNIT_SCADA,1,"2019/09/06 10:30:00",TORRA1,39.971750
D,DISPATCH,UNIT_SCADA,1,"2019/09/06 10:30:00",TORRA2,0
D,DISPATCH,UNIT_SCADA,1,"2019/09/06 10:30:00",TORRA3,0
D,DISPATCH,UNIT_SCADA,1,"2019/09/06 10:30:00",TORRA4,42.769040
D,DISPATCH,UNIT_SCADA,1,"2019/09/06 10:30:00",TORRB1,70.64
D,DISPATCH,UNIT_SCADA,1,"2019/09/06 10:30:00",TORRB2,71.41
D,DISPATCH,UNIT_SCADA,1,"2019/09/06 10:30:00",TORRB3,52.26
D,DISPATCH,UNIT_SCADA,1,"2019/09/06 10:30:00",TORRB4,0
D,DISPATCH,UNIT_SCADA,1,"2019/09/06 10:30:00",TREVALLN,66.790020
D,DISPATCH,UNIT_SCADA,1,"2019/09/06 10:30:00",TRIBUTE,0
D,DISPATCH,UNIT_SCADA,1,"2019/09/06 10:30:00",TUMUT3,0
D,DISPATCH,UNIT_SCADA,1,"2019/09/06 10:30:00",TUNGATIN,121.810030
D,DISPATCH,UNIT_SCADA,1,"2019/09/06 10:30:00",TVCC201,0
D,DISPATCH,UNIT_SCADA,1,"2019/09/06 10:30:00",TVPP104,0
D,DISPATCH,UNIT_SCADA,1,"2019/09/06 10:30:00",UPPTUMUT,0
D,DISPATCH,UNIT_SCADA,1,"2019/09/06 10:30:00",URANQ11,0
D,DISPATCH,UNIT_SCADA,1,"2019/09/06 10:30:00",URANQ12,0
D,DISPATCH,UNIT_SCADA,1,"2019/09/06 10:30:00",URANQ13,0
D,DISPATCH,UNIT_SCADA,1,"2019/09/06 10:30:00",URANQ14,0
D,DISPATCH,UNIT_SCADA,1,"2019/09/06 10:30:00",VP5,517.150020
D,DISPATCH,UNIT_SCADA,1,"2019/09/06 10:30:00",VP6,0
D,DISPATCH,UNIT_SCADA,1,"2019/09/06 10:30:00",VPGS1,0
D,DISPATCH,UNIT_SCADA,1,"2019/09/06 10:30:00",VPGS2,0
D,DISPATCH,UNIT_SCADA,1,"2019/09/06 10:30:00",VPGS3,0
D,DISPATCH,UNIT_SCADA,1,"2019/09/06 10:30:00",VPGS4,0
D,DISPATCH,UNIT_SCADA,1,"2019/09/06 10:30:00",VPGS5,0
D,DISPATCH,UNIT_SCADA,1,"2019/09/06 10:30:00",VPGS6,0
D,DISPATCH,UNIT_SCADA,1,"2019/09/06 10:30:00",W/HOE#1,0
D,DISPATCH,UNIT_SCADA,1,"2019/09/06 10:30:00",W/HOE#2,0
D,DISPATCH,UNIT_SCADA,1,"2019/09/06 10:30:00",WATERLWF,105
D,DISPATCH,UNIT_SCADA,1,"2019/09/06 10:30:00",WEMENSF1,38.10
D,DISPATCH,UNIT_SCADA,1,"2019/09/06 10:30:00",WGWF1,56.80
D,DISPATCH,UNIT_SCADA,1,"2019/09/06 10:30:00",WHITSF1,42.70
D,DISPATCH,UNIT_SCADA,1,"2019/09/06 10:30:00",WKIEWA1,33
D,DISPATCH,UNIT_SCADA,1,"2019/09/06 10:30:00",WKIEWA2,0.10
D,DISPATCH,UNIT_SCADA,1,"2019/09/06 10:30:00",WOODLWN1,10.2420
D,DISPATCH,UNIT_SCADA,1,"2019/09/06 10:30:00",WRSF1,17.38
D,DISPATCH,UNIT_SCADA,1,"2019/09/06 10:30:00",WRWF1,100.367490
D,DISPATCH,UNIT_SCADA,1,"2019/09/06 10:30:00",YABULU,0
D,DISPATCH,UNIT_SCADA,1,"2019/09/06 10:30:00",YABULU2,0
D,DISPATCH,UNIT_SCADA,1,"2019/09/06 10:30:00",YARWUN_1,119.30
D,DISPATCH,UNIT_SCADA,1,"2019/09/06 10:30:00",YENDWF1,41.84
D,DISPATCH,UNIT_SCADA,1,"2019/09/06 10:30:00",YWPS1,376.941770
D,DISPATCH,UNIT_SCADA,1,"2019/09/06 10:30:00",YWPS2,280.949370
D,DISPATCH,UNIT_SCADA,1,"2019/09/06 10:30:00",YWPS3,332.0076
D,DISPATCH,UNIT_SCADA,1,"2019/09/06 10:30:00",YWPS4,398.625310
C,"END OF REPORT",335
