C,NEMP.WORLD,DISPATCHSCADA,AEMO,PUBLIC,2019/08/22,08:40:08,0000000311859460,DISPATCHSCADA,0000000311859454
I,DISPATCH,UNIT_SCADA,1,SETTLEMENTDATE,DUID,SCADAVALUE
D,DISPATCH,UNIT_SCADA,1,"2019/08/22 08:45:00",BARCSF1,18
D,DISPATCH,UNIT_SCADA,1,"2019/08/22 08:45:00",BUTLERSG,9.699999
D,DISPATCH,UNIT_SCADA,1,"2019/08/22 08:45:00",CALL_A_4,0
D,DISPATCH,UNIT_SCADA,1,"2019/08/22 08:45:00",CAPTL_WF,119.935997
D,DISPATCH,UNIT_SCADA,1,"2019/08/22 08:45:00",CATHROCK,0
D,DISPATCH,UNIT_SCADA,1,"2019/08/22 08:45:00",CHALLHWF,32.200001
D,DISPATCH,UNIT_SCADA,1,"2019/08/22 08:45:00",CLOVER,-0.01
D,DISPATCH,UNIT_SCADA,1,"2019/08/22 08:45:00",CLUNY,19.825590
D,DISPATCH,UNIT_SCADA,1,"2019/08/22 08:45:00",CNUNDAWF,30.335388
D,DISPATCH,UNIT_SCADA,1,"2019/08/22 08:45:00",CULLRGWF,30.34
D,DISPATCH,UNIT_SCADA,1,"2019/08/22 08:45:00",ERGT01,0
D,DISPATCH,UNIT_SCADA,1,"2019/08/22 08:45:00",GB01,0.053745
D,DISPATCH,UNIT_SCADA,1,"2019/08/22 08:45:00",GERMCRK,38.299999
D,DISPATCH,UNIT_SCADA,1,"2019/08/22 08:45:00",GRIFSF1,20.900002
D,DISPATCH,UNIT_SCADA,1,"2019/08/22 08:45:00",HUGSF1,8.9930
D,DISPATCH,UNIT_SCADA,1,"2019/08/22 08:45:00",LKBONNY1,49.477386
D,DISPATCH,UNIT_SCADA,1,"2019/08/22 08:45:00",LRSF1,0.0390
D,DISPATCH,UNIT_SCADA,1,"2019/08/22 08:45:00",MBAHNTH,55.968750
D,DISPATCH,UNIT_SCADA,1,"2019/08/22 08:45:00",MLSP1,6.732001
D,DISPATCH,UNIT_SCADA,1,"2019/08/22 08:45:00",MLWF1,7.5750
D,DISPATCH,UNIT_SCADA,1,"2019/08/22 08:45:00",MTMILLAR,3.601595
D,DISPATCH,UNIT_SCADA,1,"2019/08/22 08:45:00",PALOONA,28.49
D,DISPATCH,UNIT_SCADA,1,"2019/08/22 08:45:00",PIONEER,42.799999
D,DISPATCH,UNIT_SCADA,1,"2019/08/22 08:45:00",PORTWF,68.099998
D,DISPATCH,UNIT_SCADA,1,"2019/08/22 08:45:00",REPULSE,29.170977
D,DISPATCH,UNIT_SCADA,1,"2019/08/22 08:45:00",ROWALLAN,10.2879
D,DISPATCH,UNIT_SCADA,1,"2019/08/22 08:45:00",ROYALLA1,12.464001
D,DISPATCH,UNIT_SCADA,1,"2019/08/22 08:45:00",RPCG,10.90
D,DISPATCH,UNIT_SCADA,1,"2019/08/22 08:45:00",RUBICON,0
D,DISPATCH,UNIT_SCADA,1,"2019/08/22 08:45:00",SATGN1,0
D,DISPATCH,UNIT_SCADA,1,"2019/08/22 08:45:00",SATGS1,0
D,DISPATCH,UNIT_SCADA,1,"2019/08/22 08:45:00",STARHLWF,1.499563
D,DISPATCH,UNIT_SCADA,1,"2019/08/22 08:45:00",WAUBRAWF,173.746994
D,DISPATCH,UNIT_SCADA,1,"2019/08/22 08:45:00",WOOLNTH1,124.010017
D,DISPATCH,UNIT_SCADA,1,"2019/08/22 08:45:00",WPWF,4
D,DISPATCH,UNIT_SCADA,1,"2019/08/22 08:45:00",YAMBUKWF,28.10
D,DISPATCH,UNIT_SCADA,1,"2019/08/22 08:45:00",YSWF1,18.50
D,DISPATCH,UNIT_SCADA,1,"2019/08/22 08:45:00",AGLHAL,0
D,DISPATCH,UNIT_SCADA,1,"2019/08/22 08:45:00",AGLSOM,0
D,DISPATCH,UNIT_SCADA,1,"2019/08/22 08:45:00",ANGAST1,0
D,DISPATCH,UNIT_SCADA,1,"2019/08/22 08:45:00",ARWF1,198.700010
D,DISPATCH,UNIT_SCADA,1,"2019/08/22 08:45:00",BALBG1,0
D,DISPATCH,UNIT_SCADA,1,"2019/08/22 08:45:00",BALBL1,0
D,DISPATCH,UNIT_SCADA,1,"2019/08/22 08:45:00",BALDHWF1,87.2580
D,DISPATCH,UNIT_SCADA,1,"2019/08/22 08:45:00",BANN1,49.41
D,DISPATCH,UNIT_SCADA,1,"2019/08/22 08:45:00",BARCALDN,0
D,DISPATCH,UNIT_SCADA,1,"2019/08/22 08:45:00",BARRON-1,0
D,DISPATCH,UNIT_SCADA,1,"2019/08/22 08:45:00",BARRON-2,28.24
D,DISPATCH,UNIT_SCADA,1,"2019/08/22 08:45:00",BASTYAN,78.070010
D,DISPATCH,UNIT_SCADA,1,"2019/08/22 08:45:00",BBTHREE1,-1.93
D,DISPATCH,UNIT_SCADA,1,"2019/08/22 08:45:00",BBTHREE2,-1.93
D,DISPATCH,UNIT_SCADA,1,"2019/08/22 08:45:00",BBTHREE3,-1.03
D,DISPATCH,UNIT_SCADA,1,"2019/08/22 08:45:00",BDL01,0
D,DISPATCH,UNIT_SCADA,1,"2019/08/22 08:45:00",BDL02,40.44
D,DISPATCH,UNIT_SCADA,1,"2019/08/22 08:45:00",BERYLSF1,5.200970
D,DISPATCH,UNIT_SCADA,1,"2019/08/22 08:45:00",BLOWERNG,0
D,DISPATCH,UNIT_SCADA,1,"2019/08/22 08:45:00",BLUFF1,13.60
D,DISPATCH,UNIT_SCADA,1,"2019/08/22 08:45:00",BNGSF1,62.43
D,DISPATCH,UNIT_SCADA,1,"2019/08/22 08:45:00",BNGSF2,20.15
D,DISPATCH,UNIT_SCADA,1,"2019/08/22 08:45:00",BOCORWF1,106.31
D,DISPATCH,UNIT_SCADA,1,"2019/08/22 08:45:00",BODWF1,105.667180
D,DISPATCH,UNIT_SCADA,1,"2019/08/22 08:45:00",BRAEMAR1,0
D,DISPATCH,UNIT_SCADA,1,"2019/08/22 08:45:00",BRAEMAR2,0
D,DISPATCH,UNIT_SCADA,1,"2019/08/22 08:45:00",BRAEMAR3,0
D,DISPATCH,UNIT_SCADA,1,"2019/08/22 08:45:00",BRAEMAR5,0
D,DISPATCH,UNIT_SCADA,1,"2019/08/22 08:45:00",BRAEMAR6,0
D,DISPATCH,UNIT_SCADA,1,"2019/08/22 08:45:00",BRAEMAR7,0
D,DISPATCH,UNIT_SCADA,1,"2019/08/22 08:45:00",BROKENH1,19.557860
D,DISPATCH,UNIT_SCADA,1,"2019/08/22 08:45:00",BW01,582.974980
D,DISPATCH,UNIT_SCADA,1,"2019/08/22 08:45:00",BW02,586
D,DISPATCH,UNIT_SCADA,1,"2019/08/22 08:45:00",BW03,565.674930
D,DISPATCH,UNIT_SCADA,1,"2019/08/22 08:45:00",BW04,0
D,DISPATCH,UNIT_SCADA,1,"2019/08/22 08:45:00",CALL_B_1,349.600010
D,DISPATCH,UNIT_SCADA,1,"2019/08/22 08:45:00",CALL_B_2,290.700010
D,DISPATCH,UNIT_SCADA,1,"2019/08/22 08:45:00",CETHANA,98.843120
D,DISPATCH,UNIT_SCADA,1,"2019/08/22 08:45:00",CG1,0
D,DISPATCH,UNIT_SCADA,1,"2019/08/22 08:45:00",CG2,0
D,DISPATCH,UNIT_SCADA,1,"2019/08/22 08:45:00",CG3,0
D,DISPATCH,UNIT_SCADA,1,"2019/08/22 08:45:00",CG4,0
D,DISPATCH,UNIT_SCADA,1,"2019/08/22 08:45:00",CHILDSF1,40.12
D,DISPATCH,UNIT_SCADA,1,"2019/08/22 08:45:00",CLARESF1,43.405310
D,DISPATCH,UNIT_SCADA,1,"2019/08/22 08:45:00",CLEMGPWF,8.716240
D,DISPATCH,UNIT_SCADA,1,"2019/08/22 08:45:00",CLERMSF1,15.17
D,DISPATCH,UNIT_SCADA,1,"2019/08/22 08:45:00",COLEASF1,53.90
D,DISPATCH,UNIT_SCADA,1,"2019/08/22 08:45:00",COOPGWF1,35.291230
D,DISPATCH,UNIT_SCADA,1,"2019/08/22 08:45:00",CPP_3,407.550020
D,DISPATCH,UNIT_SCADA,1,"2019/08/22 08:45:00",CPP_4,382.800020
D,DISPATCH,UNIT_SCADA,1,"2019/08/22 08:45:00",CPSA,143.130620
D,DISPATCH,UNIT_SCADA,1,"2019/08/22 08:45:00",CROOKWF2,82.983760
D,DISPATCH,UNIT_SCADA,1,"2019/08/22 08:45:00",CROWLWF1,46.407680
D,DISPATCH,UNIT_SCADA,1,"2019/08/22 08:45:00",CSPVPS1,24.0780
D,DISPATCH,UNIT_SCADA,1,"2019/08/22 08:45:00",DALNTH01,0
D,DISPATCH,UNIT_SCADA,1,"2019/08/22 08:45:00",DALNTHL1,0.0473
D,DISPATCH,UNIT_SCADA,1,"2019/08/22 08:45:00",DARTM1,134.600010
D,DISPATCH,UNIT_SCADA,1,"2019/08/22 08:45:00",DAYDSF1,112.307010
D,DISPATCH,UNIT_SCADA,1,"2019/08/22 08:45:00",DDPS1,0
D,DISPATCH,UNIT_SCADA,1,"2019/08/22 08:45:00",DDSF1,74.391550
D,DISPATCH,UNIT_SCADA,1,"2019/08/22 08:45:00",DEVILS_G,0
D,DISPATCH,UNIT_SCADA,1,"2019/08/22 08:45:00",DG_NSW1,0
D,DISPATCH,UNIT_SCADA,1,"2019/08/22 08:45:00",DG_QLD1,0
D,DISPATCH,UNIT_SCADA,1,"2019/08/22 08:45:00",DG_SA1,0
D,DISPATCH,UNIT_SCADA,1,"2019/08/22 08:45:00",DG_TAS1,0
D,DISPATCH,UNIT_SCADA,1,"2019/08/22 08:45:00",DG_VIC1,0
D,DISPATCH,UNIT_SCADA,1,"2019/08/22 08:45:00",DRYCGT1,0
D,DISPATCH,UNIT_SCADA,1,"2019/08/22 08:45:00",DRYCGT2,0
D,DISPATCH,UNIT_SCADA,1,"2019/08/22 08:45:00",DRYCGT3,0
D,DISPATCH,UNIT_SCADA,1,"2019/08/22 08:45:00",EILDON1,0
D,DISPATCH,UNIT_SCADA,1,"2019/08/22 08:45:00",EILDON2,0
D,DISPATCH,UNIT_SCADA,1,"2019/08/22 08:45:00",EMERASF1,58.09
D,DISPATCH,UNIT_SCADA,1,"2019/08/22 08:45:00",ER01,569.224980
D,DISPATCH,UNIT_SCADA,1,"2019/08/22 08:45:00",ER02,594.775020
D,DISPATCH,UNIT_SCADA,1,"2019/08/22 08:45:00",ER03,699.174930
D,DISPATCH,UNIT_SCADA,1,"2019/08/22 08:45:00",ER04,671.7749
D,DISPATCH,UNIT_SCADA,1,"2019/08/22 08:45:00",FINLYSF1,3.376690
D,DISPATCH,UNIT_SCADA,1,"2019/08/22 08:45:00",FISHER,45.87
D,DISPATCH,UNIT_SCADA,1,"2019/08/22 08:45:00",GANNBG1,10.011380
D,DISPATCH,UNIT_SCADA,1,"2019/08/22 08:45:00",GANNBL1,0
D,DISPATCH,UNIT_SCADA,1,"2019/08/22 08:45:00",GANNSF1,39.50
D,DISPATCH,UNIT_SCADA,1,"2019/08/22 08:45:00",GORDON,121.293750
D,DISPATCH,UNIT_SCADA,1,"2019/08/22 08:45:00",GSTONE1,130.3750
D,DISPATCH,UNIT_SCADA,1,"2019/08/22 08:45:00",GSTONE2,134.9250
D,DISPATCH,UNIT_SCADA,1,"2019/08/22 08:45:00",GSTONE3,130.024990
D,DISPATCH,UNIT_SCADA,1,"2019/08/22 08:45:00",GSTONE4,130.724990
D,DISPATCH,UNIT_SCADA,1,"2019/08/22 08:45:00",GSTONE5,130.724990
D,DISPATCH,UNIT_SCADA,1,"2019/08/22 08:45:00",GSTONE6,0
D,DISPATCH,UNIT_SCADA,1,"2019/08/22 08:45:00",GULLRSF1,6.5022
D,DISPATCH,UNIT_SCADA,1,"2019/08/22 08:45:00",GULLRWF1,155.704740
D,DISPATCH,UNIT_SCADA,1,"2019/08/22 08:45:00",GUNNING1,42.878620
D,DISPATCH,UNIT_SCADA,1,"2019/08/22 08:45:00",GUTHEGA,0
D,DISPATCH,UNIT_SCADA,1,"2019/08/22 08:45:00",HALLWF1,50.68
D,DISPATCH,UNIT_SCADA,1,"2019/08/22 08:45:00",HALLWF2,22.16
D,DISPATCH,UNIT_SCADA,1,"2019/08/22 08:45:00",HAMISF1,45.10
D,DISPATCH,UNIT_SCADA,1,"2019/08/22 08:45:00",HAUGHT11,50.038780
D,DISPATCH,UNIT_SCADA,1,"2019/08/22 08:45:00",HAYMSF1,39.4920
D,DISPATCH,UNIT_SCADA,1,"2019/08/22 08:45:00",HDWF1,39.40
D,DISPATCH,UNIT_SCADA,1,"2019/08/22 08:45:00",HDWF2,22.80
D,DISPATCH,UNIT_SCADA,1,"2019/08/22 08:45:00",HDWF3,29.10
D,DISPATCH,UNIT_SCADA,1,"2019/08/22 08:45:00",HPRG1,0.50
D,DISPATCH,UNIT_SCADA,1,"2019/08/22 08:45:00",HPRL1,0
D,DISPATCH,UNIT_SCADA,1,"2019/08/22 08:45:00",HUMENSW,0
D,DISPATCH,UNIT_SCADA,1,"2019/08/22 08:45:00",HUMEV,10.60
D,DISPATCH,UNIT_SCADA,1,"2019/08/22 08:45:00",HVGTS,0
D,DISPATCH,UNIT_SCADA,1,"2019/08/22 08:45:00",JBUTTERS,138.25
D,DISPATCH,UNIT_SCADA,1,"2019/08/22 08:45:00",JLA01,0.50
D,DISPATCH,UNIT_SCADA,1,"2019/08/22 08:45:00",JLA02,0
D,DISPATCH,UNIT_SCADA,1,"2019/08/22 08:45:00",JLA03,0.10
D,DISPATCH,UNIT_SCADA,1,"2019/08/22 08:45:00",JLA04,0.10
D,DISPATCH,UNIT_SCADA,1,"2019/08/22 08:45:00",JLB01,0
D,DISPATCH,UNIT_SCADA,1,"2019/08/22 08:45:00",JLB02,0.10
D,DISPATCH,UNIT_SCADA,1,"2019/08/22 08:45:00",JLB03,0
D,DISPATCH,UNIT_SCADA,1,"2019/08/22 08:45:00",KAREEYA1,21.5325
D,DISPATCH,UNIT_SCADA,1,"2019/08/22 08:45:00",KAREEYA2,21.7250
D,DISPATCH,UNIT_SCADA,1,"2019/08/22 08:45:00",KAREEYA3,0
D,DISPATCH,UNIT_SCADA,1,"2019/08/22 08:45:00",KAREEYA4,21.69
D,DISPATCH,UNIT_SCADA,1,"2019/08/22 08:45:00",KARSF1,66.20
D,DISPATCH,UNIT_SCADA,1,"2019/08/22 08:45:00",KIATAWF1,16.10
D,DISPATCH,UNIT_SCADA,1,"2019/08/22 08:45:00",KPP_1,0
D,DISPATCH,UNIT_SCADA,1,"2019/08/22 08:45:00",KSP1,46.56
D,DISPATCH,UNIT_SCADA,1,"2019/08/22 08:45:00",LADBROK1,42.64
D,DISPATCH,UNIT_SCADA,1,"2019/08/22 08:45:00",LADBROK2,43.08
D,DISPATCH,UNIT_SCADA,1,"2019/08/22 08:45:00",LD01,349.893770
D,DISPATCH,UNIT_SCADA,1,"2019/08/22 08:45:00",LD02,350.4563
D,DISPATCH,UNIT_SCADA,1,"2019/08/22 08:45:00",LD03,349.893770
D,DISPATCH,UNIT_SCADA,1,"2019/08/22 08:45:00",LD04,351.581270
D,DISPATCH,UNIT_SCADA,1,"2019/08/22 08:45:00",LEM_WIL,86.1183
D,DISPATCH,UNIT_SCADA,1,"2019/08/22 08:45:00",LGAPWF1,6.72
D,DISPATCH,UNIT_SCADA,1,"2019/08/22 08:45:00",LILYSF1,95.420410
D,DISPATCH,UNIT_SCADA,1,"2019/08/22 08:45:00",LI_WY_CA,148.464570
D,DISPATCH,UNIT_SCADA,1,"2019/08/22 08:45:00",LKBONNY2,116.471760
D,DISPATCH,UNIT_SCADA,1,"2019/08/22 08:45:00",LKBONNY3,0
D,DISPATCH,UNIT_SCADA,1,"2019/08/22 08:45:00",LK_ECHO,0
D,DISPATCH,UNIT_SCADA,1,"2019/08/22 08:45:00",LNGS1,0
D,DISPATCH,UNIT_SCADA,1,"2019/08/22 08:45:00",LNGS2,0
D,DISPATCH,UNIT_SCADA,1,"2019/08/22 08:45:00",LONSDALE,0
D,DISPATCH,UNIT_SCADA,1,"2019/08/22 08:45:00",LOYYB1,535.336730
D,DISPATCH,UNIT_SCADA,1,"2019/08/22 08:45:00",LOYYB2,583.082280
D,DISPATCH,UNIT_SCADA,1,"2019/08/22 08:45:00",LYA1,559
D,DISPATCH,UNIT_SCADA,1,"2019/08/22 08:45:00",LYA2,0
D,DISPATCH,UNIT_SCADA,1,"2019/08/22 08:45:00",LYA3,559
D,DISPATCH,UNIT_SCADA,1,"2019/08/22 08:45:00",LYA4,530
D,DISPATCH,UNIT_SCADA,1,"2019/08/22 08:45:00",MACARTH1,154.096440
D,DISPATCH,UNIT_SCADA,1,"2019/08/22 08:45:00",MACKAYGT,0
D,DISPATCH,UNIT_SCADA,1,"2019/08/22 08:45:00",MACKNTSH,86.250010
D,DISPATCH,UNIT_SCADA,1,"2019/08/22 08:45:00",MANSLR1,2.9350
D,DISPATCH,UNIT_SCADA,1,"2019/08/22 08:45:00",MCKAY1,0.02
D,DISPATCH,UNIT_SCADA,1,"2019/08/22 08:45:00",MEADOWBK,33.953040
D,DISPATCH,UNIT_SCADA,1,"2019/08/22 08:45:00",MERCER01,48.5960
D,DISPATCH,UNIT_SCADA,1,"2019/08/22 08:45:00",MEWF1,41.4761
D,DISPATCH,UNIT_SCADA,1,"2019/08/22 08:45:00",MINTARO,0
D,DISPATCH,UNIT_SCADA,1,"2019/08/22 08:45:00",MOREESF1,51.1520
D,DISPATCH,UNIT_SCADA,1,"2019/08/22 08:45:00",MORTLK11,258
D,DISPATCH,UNIT_SCADA,1,"2019/08/22 08:45:00",MORTLK12,0
D,DISPATCH,UNIT_SCADA,1,"2019/08/22 08:45:00",MP1,280.025020
D,DISPATCH,UNIT_SCADA,1,"2019/08/22 08:45:00",MP2,0
D,DISPATCH,UNIT_SCADA,1,"2019/08/22 08:45:00",MPP_1,407
D,DISPATCH,UNIT_SCADA,1,"2019/08/22 08:45:00",MPP_2,413.50
D,DISPATCH,UNIT_SCADA,1,"2019/08/22 08:45:00",MSTUART1,0
D,DISPATCH,UNIT_SCADA,1,"2019/08/22 08:45:00",MSTUART2,0
D,DISPATCH,UNIT_SCADA,1,"2019/08/22 08:45:00",MSTUART3,0
D,DISPATCH,UNIT_SCADA,1,"2019/08/22 08:45:00",MTGELWF1,25.867490
D,DISPATCH,UNIT_SCADA,1,"2019/08/22 08:45:00",MURRAY,4.47
D,DISPATCH,UNIT_SCADA,1,"2019/08/22 08:45:00",MUSSELR1,124
D,DISPATCH,UNIT_SCADA,1,"2019/08/22 08:45:00",MUWAWF1,25.40
D,DISPATCH,UNIT_SCADA,1,"2019/08/22 08:45:00",NBHWF1,66.20
D,DISPATCH,UNIT_SCADA,1,"2019/08/22 08:45:00",NPS,0
D,DISPATCH,UNIT_SCADA,1,"2019/08/22 08:45:00",NUMURSF1,85.51
D,DISPATCH,UNIT_SCADA,1,"2019/08/22 08:45:00",NYNGAN1,52.25
D,DISPATCH,UNIT_SCADA,1,"2019/08/22 08:45:00",OAKEY1,0
D,DISPATCH,UNIT_SCADA,1,"2019/08/22 08:45:00",OAKEY1SF,21.3270
D,DISPATCH,UNIT_SCADA,1,"2019/08/22 08:45:00",OAKEY2,0
D,DISPATCH,UNIT_SCADA,1,"2019/08/22 08:45:00",OAKLAND1,14.70
D,DISPATCH,UNIT_SCADA,1,"2019/08/22 08:45:00",OSB-AG,16.55
D,DISPATCH,UNIT_SCADA,1,"2019/08/22 08:45:00",PARSF1,5.499990
D,DISPATCH,UNIT_SCADA,1,"2019/08/22 08:45:00",POAT110,0
D,DISPATCH,UNIT_SCADA,1,"2019/08/22 08:45:00",POAT220,0
D,DISPATCH,UNIT_SCADA,1,"2019/08/22 08:45:00",POR01,0
D,DISPATCH,UNIT_SCADA,1,"2019/08/22 08:45:00",POR03,0
D,DISPATCH,UNIT_SCADA,1,"2019/08/22 08:45:00",PPCCGT,495.682460
D,DISPATCH,UNIT_SCADA,1,"2019/08/22 08:45:00",PTSTAN1,0
D,DISPATCH,UNIT_SCADA,1,"2019/08/22 08:45:00",PUMP1,0
D,DISPATCH,UNIT_SCADA,1,"2019/08/22 08:45:00",PUMP2,0
D,DISPATCH,UNIT_SCADA,1,"2019/08/22 08:45:00",QPS1,29
D,DISPATCH,UNIT_SCADA,1,"2019/08/22 08:45:00",QPS2,0
D,DISPATCH,UNIT_SCADA,1,"2019/08/22 08:45:00",QPS3,0
D,DISPATCH,UNIT_SCADA,1,"2019/08/22 08:45:00",QPS4,0
D,DISPATCH,UNIT_SCADA,1,"2019/08/22 08:45:00",QPS5,0
D,DISPATCH,UNIT_SCADA,1,"2019/08/22 08:45:00",REECE1,119.920010
D,DISPATCH,UNIT_SCADA,1,"2019/08/22 08:45:00",REECE2,118.930010
D,DISPATCH,UNIT_SCADA,1,"2019/08/22 08:45:00",ROMA_7,0
D,DISPATCH,UNIT_SCADA,1,"2019/08/22 08:45:00",ROMA_8,0
D,DISPATCH,UNIT_SCADA,1,"2019/08/22 08:45:00",RRSF1,103.4870
D,DISPATCH,UNIT_SCADA,1,"2019/08/22 08:45:00",RT_NSW1,0
D,DISPATCH,UNIT_SCADA,1,"2019/08/22 08:45:00",RT_NSW2,0
D,DISPATCH,UNIT_SCADA,1,"2019/08/22 08:45:00",RT_NSW3,0
D,DISPATCH,UNIT_SCADA,1,"2019/08/22 08:45:00",RT_NSW4,0
D,DISPATCH,UNIT_SCADA,1,"2019/08/22 08:45:00",RT_NSW5,0
D,DISPATCH,UNIT_SCADA,1,"2019/08/22 08:45:00",RT_NSW6,0
D,DISPATCH,UNIT_SCADA,1,"2019/08/22 08:45:00",RT_QLD1,0
D,DISPATCH,UNIT_SCADA,1,"2019/08/22 08:45:00",RT_SA1,0
D,DISPATCH,UNIT_SCADA,1,"2019/08/22 08:45:00",RT_SA2,0
D,DISPATCH,UNIT_SCADA,1,"2019/08/22 08:45:00",RT_SA3,0
D,DISPATCH,UNIT_SCADA,1,"2019/08/22 08:45:00",RT_SA4,0
D,DISPATCH,UNIT_SCADA,1,"2019/08/22 08:45:00",RT_SA5,0
D,DISPATCH,UNIT_SCADA,1,"2019/08/22 08:45:00",RT_SA6,0
D,DISPATCH,UNIT_SCADA,1,"2019/08/22 08:45:00",RT_TAS1,0
D,DISPATCH,UNIT_SCADA,1,"2019/08/22 08:45:00",RT_VIC1,0
D,DISPATCH,UNIT_SCADA,1,"2019/08/22 08:45:00",RT_VIC10,0
D,DISPATCH,UNIT_SCADA,1,"2019/08/22 08:45:00",RT_VIC11,0
D,DISPATCH,UNIT_SCADA,1,"2019/08/22 08:45:00",RT_VIC12,0
D,DISPATCH,UNIT_SCADA,1,"2019/08/22 08:45:00",RT_VIC2,0
D,DISPATCH,UNIT_SCADA,1,"2019/08/22 08:45:00",RT_VIC3,0
D,DISPATCH,UNIT_SCADA,1,"2019/08/22 08:45:00",RT_VIC4,0
D,DISPATCH,UNIT_SCADA,1,"2019/08/22 08:45:00",RT_VIC5,0
D,DISPATCH,UNIT_SCADA,1,"2019/08/22 08:45:00",RT_VIC6,0
D,DISPATCH,UNIT_SCADA,1,"2019/08/22 08:45:00",RT_VIC7,0
D,DISPATCH,UNIT_SCADA,1,"2019/08/22 08:45:00",RT_VIC8,0
D,DISPATCH,UNIT_SCADA,1,"2019/08/22 08:45:00",RT_VIC9,0
D,DISPATCH,UNIT_SCADA,1,"2019/08/22 08:45:00",RUGBYR1,44.931070
D,DISPATCH,UNIT_SCADA,1,"2019/08/22 08:45:00",SALTCRK1,25.39
D,DISPATCH,UNIT_SCADA,1,"2019/08/22 08:45:00",SAPHWF1,203.8219
D,DISPATCH,UNIT_SCADA,1,"2019/08/22 08:45:00",SHGEN,0
D,DISPATCH,UNIT_SCADA,1,"2019/08/22 08:45:00",SHPUMP,0
D,DISPATCH,UNIT_SCADA,1,"2019/08/22 08:45:00",SITHE01,0.234240
D,DISPATCH,UNIT_SCADA,1,"2019/08/22 08:45:00",SMCSF1,54.875630
D,DISPATCH,UNIT_SCADA,1,"2019/08/22 08:45:00",SNOWNTH1,13.90
D,DISPATCH,UNIT_SCADA,1,"2019/08/22 08:45:00",SNOWSTH1,18.10
D,DISPATCH,UNIT_SCADA,1,"2019/08/22 08:45:00",SNOWTWN1,7.959610
D,DISPATCH,UNIT_SCADA,1,"2019/08/22 08:45:00",SNOWYP,0
D,DISPATCH,UNIT_SCADA,1,"2019/08/22 08:45:00",SNUG1,0.019440
D,DISPATCH,UNIT_SCADA,1,"2019/08/22 08:45:00",SRSF1,30.12
D,DISPATCH,UNIT_SCADA,1,"2019/08/22 08:45:00",STAN-1,0
D,DISPATCH,UNIT_SCADA,1,"2019/08/22 08:45:00",STAN-2,279.645940
D,DISPATCH,UNIT_SCADA,1,"2019/08/22 08:45:00",STAN-3,279.645940
D,DISPATCH,UNIT_SCADA,1,"2019/08/22 08:45:00",STAN-4,279.158870
D,DISPATCH,UNIT_SCADA,1,"2019/08/22 08:45:00",STWF1,34.762510
D,DISPATCH,UNIT_SCADA,1,"2019/08/22 08:45:00",SWAN_E,0
D,DISPATCH,UNIT_SCADA,1,"2019/08/22 08:45:00",TALWA1,300
D,DISPATCH,UNIT_SCADA,1,"2019/08/22 08:45:00",TARALGA1,89.448760
D,DISPATCH,UNIT_SCADA,1,"2019/08/22 08:45:00",TARONG#1,279.700010
D,DISPATCH,UNIT_SCADA,1,"2019/08/22 08:45:00",TARONG#2,279.100010
D,DISPATCH,UNIT_SCADA,1,"2019/08/22 08:45:00",TARONG#3,261.300020
D,DISPATCH,UNIT_SCADA,1,"2019/08/22 08:45:00",TARONG#4,280.899990
D,DISPATCH,UNIT_SCADA,1,"2019/08/22 08:45:00",TARRALEA,83.80
D,DISPATCH,UNIT_SCADA,1,"2019/08/22 08:45:00",TBSF1,3.80
D,DISPATCH,UNIT_SCADA,1,"2019/08/22 08:45:00",TNPS1,220.000020
D,DISPATCH,UNIT_SCADA,1,"2019/08/22 08:45:00",TORRA1,97.267710
D,DISPATCH,UNIT_SCADA,1,"2019/08/22 08:45:00",TORRA2,0
D,DISPATCH,UNIT_SCADA,1,"2019/08/22 08:45:00",TORRA3,43.889620
D,DISPATCH,UNIT_SCADA,1,"2019/08/22 08:45:00",TORRA4,0
D,DISPATCH,UNIT_SCADA,1,"2019/08/22 08:45:00",TORRB1,105.22
D,DISPATCH,UNIT_SCADA,1,"2019/08/22 08:45:00",TORRB2,148.84
D,DISPATCH,UNIT_SCADA,1,"2019/08/22 08:45:00",TORRB3,0
D,DISPATCH,UNIT_SCADA,1,"2019/08/22 08:45:00",TORRB4,0
D,DISPATCH,UNIT_SCADA,1,"2019/08/22 08:45:00",TREVALLN,71.310030
D,DISPATCH,UNIT_SCADA,1,"2019/08/22 08:45:00",TRIBUTE,84.92
D,DISPATCH,UNIT_SCADA,1,"2019/08/22 08:45:00",TUMUT3,0
D,DISPATCH,UNIT_SCADA,1,"2019/08/22 08:45:00",TUNGATIN,134.570040
D,DISPATCH,UNIT_SCADA,1,"2019/08/22 08:45:00",TVCC201,0
D,DISPATCH,UNIT_SCADA,1,"2019/08/22 08:45:00",TVPP104,57.943780
D,DISPATCH,UNIT_SCADA,1,"2019/08/22 08:45:00",UPPTUMUT,0
D,DISPATCH,UNIT_SCADA,1,"2019/08/22 08:45:00",URANQ11,0
D,DISPATCH,UNIT_SCADA,1,"2019/08/22 08:45:00",URANQ12,0
D,DISPATCH,UNIT_SCADA,1,"2019/08/22 08:45:00",URANQ13,0
D,DISPATCH,UNIT_SCADA,1,"2019/08/22 08:45:00",URANQ14,0
D,DISPATCH,UNIT_SCADA,1,"2019/08/22 08:45:00",VP5,356.049990
D,DISPATCH,UNIT_SCADA,1,"2019/08/22 08:45:00",VP6,471.999970
D,DISPATCH,UNIT_SCADA,1,"2019/08/22 08:45:00",VPGS1,0
D,DISPATCH,UNIT_SCADA,1,"2019/08/22 08:45:00",VPGS2,0
D,DISPATCH,UNIT_SCADA,1,"2019/08/22 08:45:00",VPGS3,0
D,DISPATCH,UNIT_SCADA,1,"2019/08/22 08:45:00",VPGS4,0
D,DISPATCH,UNIT_SCADA,1,"2019/08/22 08:45:00",VPGS5,0
D,DISPATCH,UNIT_SCADA,1,"2019/08/22 08:45:00",VPGS6,0
D,DISPATCH,UNIT_SCADA,1,"2019/08/22 08:45:00",W/HOE#1,0
D,DISPATCH,UNIT_SCADA,1,"2019/08/22 08:45:00",W/HOE#2,0
D,DISPATCH,UNIT_SCADA,1,"2019/08/22 08:45:00",WATERLWF,23
D,DISPATCH,UNIT_SCADA,1,"2019/08/22 08:45:00",WEMENSF1,42.20
D,DISPATCH,UNIT_SCADA,1,"2019/08/22 08:45:00",WGWF1,36.10
D,DISPATCH,UNIT_SCADA,1,"2019/08/22 08:45:00",WHITSF1,42.20
D,DISPATCH,UNIT_SCADA,1,"2019/08/22 08:45:00",WKIEWA1,0
D,DISPATCH,UNIT_SCADA,1,"2019/08/22 08:45:00",WKIEWA2,15
D,DISPATCH,UNIT_SCADA,1,"2019/08/22 08:45:00",WOODLWN1,43.614010
D,DISPATCH,UNIT_SCADA,1,"2019/08/22 08:45:00",WRSF1,6.15
D,DISPATCH,UNIT_SCADA,1,"2019/08/22 08:45:00",WRWF1,158.462490
D,DISPATCH,UNIT_SCADA,1,"2019/08/22 08:45:00",YABULU,0
D,DISPATCH,UNIT_SCADA,1,"2019/08/22 08:45:00",YABULU2,0
D,DISPATCH,UNIT_SCADA,1,"2019/08/22 08:45:00",YARWUN_1,0
D,DISPATCH,UNIT_SCADA,1,"2019/08/22 08:45:00",YENDWF1,41.91
D,DISPATCH,UNIT_SCADA,1,"2019/08/22 08:45:00",YWPS1,372.931640
D,DISPATCH,UNIT_SCADA,1,"2019/08/22 08:45:00",YWPS2,217.539250
D,DISPATCH,UNIT_SCADA,1,"2019/08/22 08:45:00",YWPS3,0
D,DISPATCH,UNIT_SCADA,1,"2019/08/22 08:45:00",YWPS4,392.979740
C,"END OF REPORT",334
