C,NEMP.WORLD,DISPATCHSCADA,AEMO,PUBLIC,2019/08/21,01:00:09,0000000311806741,DISPATCHSCADA,0000000311806735
I,DISPATCH,UNIT_SCADA,1,SETTLEMENTDATE,DUID,SCADAVALUE
D,DISPATCH,UNIT_SCADA,1,"2019/08/21 01:05:00",BARCSF1,0.50
D,DISPATCH,UNIT_SCADA,1,"2019/08/21 01:05:00",BUTLERSG,9.699999
D,DISPATCH,UNIT_SCADA,1,"2019/08/21 01:05:00",CALL_A_4,0
D,DISPATCH,UNIT_SCADA,1,"2019/08/21 01:05:00",CAPTL_WF,130.539993
D,DISPATCH,UNIT_SCADA,1,"2019/08/21 01:05:00",CATHROCK,42.599998
D,DISPATCH,UNIT_SCADA,1,"2019/08/21 01:05:00",CHALLHWF,28.799999
D,DISPATCH,UNIT_SCADA,1,"2019/08/21 01:05:00",CLOVER,-0.01
D,DISPATCH,UNIT_SCADA,1,"2019/08/21 01:05:00",CLUNY,20.711834
D,DISPATCH,UNIT_SCADA,1,"2019/08/21 01:05:00",CNUNDAWF,41.548470
D,DISPATCH,UNIT_SCADA,1,"2019/08/21 01:05:00",CULLRGWF,30.43
D,DISPATCH,UNIT_SCADA,1,"2019/08/21 01:05:00",ERGT01,0
D,DISPATCH,UNIT_SCADA,1,"2019/08/21 01:05:00",GB01,0.061501
D,DISPATCH,UNIT_SCADA,1,"2019/08/21 01:05:00",GERMCRK,36.700001
D,DISPATCH,UNIT_SCADA,1,"2019/08/21 01:05:00",GRIFSF1,0
D,DISPATCH,UNIT_SCADA,1,"2019/08/21 01:05:00",HUGSF1,-0.2040
D,DISPATCH,UNIT_SCADA,1,"2019/08/21 01:05:00",LKBONNY1,73.858841
D,DISPATCH,UNIT_SCADA,1,"2019/08/21 01:05:00",LRSF1,0.0290
D,DISPATCH,UNIT_SCADA,1,"2019/08/21 01:05:00",MBAHNTH,55.724991
D,DISPATCH,UNIT_SCADA,1,"2019/08/21 01:05:00",MLSP1,0.283001
D,DISPATCH,UNIT_SCADA,1,"2019/08/21 01:05:00",MLWF1,19.724998
D,DISPATCH,UNIT_SCADA,1,"2019/08/21 01:05:00",MTMILLAR,19.749241
D,DISPATCH,UNIT_SCADA,1,"2019/08/21 01:05:00",PALOONA,25.74
D,DISPATCH,UNIT_SCADA,1,"2019/08/21 01:05:00",PIONEER,32.299999
D,DISPATCH,UNIT_SCADA,1,"2019/08/21 01:05:00",PORTWF,136.899994
D,DISPATCH,UNIT_SCADA,1,"2019/08/21 01:05:00",REPULSE,28.669260
D,DISPATCH,UNIT_SCADA,1,"2019/08/21 01:05:00",ROWALLAN,10.1388
D,DISPATCH,UNIT_SCADA,1,"2019/08/21 01:05:00",ROYALLA1,0
D,DISPATCH,UNIT_SCADA,1,"2019/08/21 01:05:00",RPCG,12.40
D,DISPATCH,UNIT_SCADA,1,"2019/08/21 01:05:00",RUBICON,0
D,DISPATCH,UNIT_SCADA,1,"2019/08/21 01:05:00",SATGN1,0
D,DISPATCH,UNIT_SCADA,1,"2019/08/21 01:05:00",SATGS1,0
D,DISPATCH,UNIT_SCADA,1,"2019/08/21 01:05:00",STARHLWF,24.592829
D,DISPATCH,UNIT_SCADA,1,"2019/08/21 01:05:00",WAUBRAWF,159.119003
D,DISPATCH,UNIT_SCADA,1,"2019/08/21 01:05:00",WOOLNTH1,123.160019
D,DISPATCH,UNIT_SCADA,1,"2019/08/21 01:05:00",WPWF,63
D,DISPATCH,UNIT_SCADA,1,"2019/08/21 01:05:00",YAMBUKWF,29.799999
D,DISPATCH,UNIT_SCADA,1,"2019/08/21 01:05:00",YSWF1,28.700001
D,DISPATCH,UNIT_SCADA,1,"2019/08/21 01:05:00",AGLHAL,0
D,DISPATCH,UNIT_SCADA,1,"2019/08/21 01:05:00",AGLSOM,0
D,DISPATCH,UNIT_SCADA,1,"2019/08/21 01:05:00",ANGAST1,0
D,DISPATCH,UNIT_SCADA,1,"2019/08/21 01:05:00",ARWF1,45.70
D,DISPATCH,UNIT_SCADA,1,"2019/08/21 01:05:00",BALBG1,0
D,DISPATCH,UNIT_SCADA,1,"2019/08/21 01:05:00",BALBL1,0
D,DISPATCH,UNIT_SCADA,1,"2019/08/21 01:05:00",BALDHWF1,102.3720
D,DISPATCH,UNIT_SCADA,1,"2019/08/21 01:05:00",BANN1,0
D,DISPATCH,UNIT_SCADA,1,"2019/08/21 01:05:00",BARCALDN,0
D,DISPATCH,UNIT_SCADA,1,"2019/08/21 01:05:00",BARRON-1,0
D,DISPATCH,UNIT_SCADA,1,"2019/08/21 01:05:00",BARRON-2,25.60
D,DISPATCH,UNIT_SCADA,1,"2019/08/21 01:05:00",BASTYAN,80.19
D,DISPATCH,UNIT_SCADA,1,"2019/08/21 01:05:00",BBTHREE1,-1.95
D,DISPATCH,UNIT_SCADA,1,"2019/08/21 01:05:00",BBTHREE2,-1.96
D,DISPATCH,UNIT_SCADA,1,"2019/08/21 01:05:00",BBTHREE3,-1.06
D,DISPATCH,UNIT_SCADA,1,"2019/08/21 01:05:00",BDL01,0
D,DISPATCH,UNIT_SCADA,1,"2019/08/21 01:05:00",BDL02,0
D,DISPATCH,UNIT_SCADA,1,"2019/08/21 01:05:00",BERYLSF1,0
D,DISPATCH,UNIT_SCADA,1,"2019/08/21 01:05:00",BLOWERNG,0
D,DISPATCH,UNIT_SCADA,1,"2019/08/21 01:05:00",BLUFF1,43
D,DISPATCH,UNIT_SCADA,1,"2019/08/21 01:05:00",BNGSF1,0
D,DISPATCH,UNIT_SCADA,1,"2019/08/21 01:05:00",BNGSF2,0
D,DISPATCH,UNIT_SCADA,1,"2019/08/21 01:05:00",BOCORWF1,111.09
D,DISPATCH,UNIT_SCADA,1,"2019/08/21 01:05:00",BODWF1,61.250880
D,DISPATCH,UNIT_SCADA,1,"2019/08/21 01:05:00",BRAEMAR1,0
D,DISPATCH,UNIT_SCADA,1,"2019/08/21 01:05:00",BRAEMAR2,0
D,DISPATCH,UNIT_SCADA,1,"2019/08/21 01:05:00",BRAEMAR3,0
D,DISPATCH,UNIT_SCADA,1,"2019/08/21 01:05:00",BRAEMAR5,0
D,DISPATCH,UNIT_SCADA,1,"2019/08/21 01:05:00",BRAEMAR6,0
D,DISPATCH,UNIT_SCADA,1,"2019/08/21 01:05:00",BRAEMAR7,0
D,DISPATCH,UNIT_SCADA,1,"2019/08/21 01:05:00",BROKENH1,0
D,DISPATCH,UNIT_SCADA,1,"2019/08/21 01:05:00",BW01,405.775020
D,DISPATCH,UNIT_SCADA,1,"2019/08/21 01:05:00",BW02,569.775020
D,DISPATCH,UNIT_SCADA,1,"2019/08/21 01:05:00",BW03,491.025020
D,DISPATCH,UNIT_SCADA,1,"2019/08/21 01:05:00",BW04,0
D,DISPATCH,UNIT_SCADA,1,"2019/08/21 01:05:00",CALL_B_1,349.50
D,DISPATCH,UNIT_SCADA,1,"2019/08/21 01:05:00",CALL_B_2,297.700010
D,DISPATCH,UNIT_SCADA,1,"2019/08/21 01:05:00",CETHANA,97.525880
D,DISPATCH,UNIT_SCADA,1,"2019/08/21 01:05:00",CG1,0
D,DISPATCH,UNIT_SCADA,1,"2019/08/21 01:05:00",CG2,0
D,DISPATCH,UNIT_SCADA,1,"2019/08/21 01:05:00",CG3,0
D,DISPATCH,UNIT_SCADA,1,"2019/08/21 01:05:00",CG4,0
D,DISPATCH,UNIT_SCADA,1,"2019/08/21 01:05:00",CHILDSF1,0
D,DISPATCH,UNIT_SCADA,1,"2019/08/21 01:05:00",CLARESF1,0
D,DISPATCH,UNIT_SCADA,1,"2019/08/21 01:05:00",CLEMGPWF,18.7291
D,DISPATCH,UNIT_SCADA,1,"2019/08/21 01:05:00",CLERMSF1,0
D,DISPATCH,UNIT_SCADA,1,"2019/08/21 01:05:00",COLEASF1,0
D,DISPATCH,UNIT_SCADA,1,"2019/08/21 01:05:00",COOPGWF1,55.439880
D,DISPATCH,UNIT_SCADA,1,"2019/08/21 01:05:00",CPP_3,399.850010
D,DISPATCH,UNIT_SCADA,1,"2019/08/21 01:05:00",CPP_4,399.575010
D,DISPATCH,UNIT_SCADA,1,"2019/08/21 01:05:00",CPSA,142.469380
D,DISPATCH,UNIT_SCADA,1,"2019/08/21 01:05:00",CROOKWF2,89.653740
D,DISPATCH,UNIT_SCADA,1,"2019/08/21 01:05:00",CROWLWF1,59.893760
D,DISPATCH,UNIT_SCADA,1,"2019/08/21 01:05:00",CSPVPS1,0
D,DISPATCH,UNIT_SCADA,1,"2019/08/21 01:05:00",DALNTH01,0
D,DISPATCH,UNIT_SCADA,1,"2019/08/21 01:05:00",DALNTHL1,0.144960
D,DISPATCH,UNIT_SCADA,1,"2019/08/21 01:05:00",DARTM1,0
D,DISPATCH,UNIT_SCADA,1,"2019/08/21 01:05:00",DAYDSF1,0
D,DISPATCH,UNIT_SCADA,1,"2019/08/21 01:05:00",DDPS1,0
D,DISPATCH,UNIT_SCADA,1,"2019/08/21 01:05:00",DDSF1,0
D,DISPATCH,UNIT_SCADA,1,"2019/08/21 01:05:00",DEVILS_G,60.260630
D,DISPATCH,UNIT_SCADA,1,"2019/08/21 01:05:00",DG_NSW1,0
D,DISPATCH,UNIT_SCADA,1,"2019/08/21 01:05:00",DG_QLD1,0
D,DISPATCH,UNIT_SCADA,1,"2019/08/21 01:05:00",DG_SA1,0
D,DISPATCH,UNIT_SCADA,1,"2019/08/21 01:05:00",DG_TAS1,0
D,DISPATCH,UNIT_SCADA,1,"2019/08/21 01:05:00",DG_VIC1,0
D,DISPATCH,UNIT_SCADA,1,"2019/08/21 01:05:00",DRYCGT1,0
D,DISPATCH,UNIT_SCADA,1,"2019/08/21 01:05:00",DRYCGT2,0
D,DISPATCH,UNIT_SCADA,1,"2019/08/21 01:05:00",DRYCGT3,0
D,DISPATCH,UNIT_SCADA,1,"2019/08/21 01:05:00",EILDON1,0
D,DISPATCH,UNIT_SCADA,1,"2019/08/21 01:05:00",EILDON2,0
D,DISPATCH,UNIT_SCADA,1,"2019/08/21 01:05:00",EMERASF1,0
D,DISPATCH,UNIT_SCADA,1,"2019/08/21 01:05:00",ER01,489.8750
D,DISPATCH,UNIT_SCADA,1,"2019/08/21 01:05:00",ER02,403.1250
D,DISPATCH,UNIT_SCADA,1,"2019/08/21 01:05:00",ER03,380.074950
D,DISPATCH,UNIT_SCADA,1,"2019/08/21 01:05:00",ER04,491.699950
D,DISPATCH,UNIT_SCADA,1,"2019/08/21 01:05:00",FINLYSF1,0
D,DISPATCH,UNIT_SCADA,1,"2019/08/21 01:05:00",FISHER,45.91
D,DISPATCH,UNIT_SCADA,1,"2019/08/21 01:05:00",GANNBG1,0
D,DISPATCH,UNIT_SCADA,1,"2019/08/21 01:05:00",GANNBL1,10.010110
D,DISPATCH,UNIT_SCADA,1,"2019/08/21 01:05:00",GANNSF1,0
D,DISPATCH,UNIT_SCADA,1,"2019/08/21 01:05:00",GORDON,0
D,DISPATCH,UNIT_SCADA,1,"2019/08/21 01:05:00",GSTONE1,137.724990
D,DISPATCH,UNIT_SCADA,1,"2019/08/21 01:05:00",GSTONE2,137.55
D,DISPATCH,UNIT_SCADA,1,"2019/08/21 01:05:00",GSTONE3,137.899990
D,DISPATCH,UNIT_SCADA,1,"2019/08/21 01:05:00",GSTONE4,138.0750
D,DISPATCH,UNIT_SCADA,1,"2019/08/21 01:05:00",GSTONE5,138.25
D,DISPATCH,UNIT_SCADA,1,"2019/08/21 01:05:00",GSTONE6,0
D,DISPATCH,UNIT_SCADA,1,"2019/08/21 01:05:00",GULLRSF1,0
D,DISPATCH,UNIT_SCADA,1,"2019/08/21 01:05:00",GULLRWF1,161.653930
D,DISPATCH,UNIT_SCADA,1,"2019/08/21 01:05:00",GUNNING1,46.779310
D,DISPATCH,UNIT_SCADA,1,"2019/08/21 01:05:00",GUTHEGA,0
D,DISPATCH,UNIT_SCADA,1,"2019/08/21 01:05:00",HALLWF1,75.86
D,DISPATCH,UNIT_SCADA,1,"2019/08/21 01:05:00",HALLWF2,57.45
D,DISPATCH,UNIT_SCADA,1,"2019/08/21 01:05:00",HAMISF1,0
D,DISPATCH,UNIT_SCADA,1,"2019/08/21 01:05:00",HAUGHT11,0
D,DISPATCH,UNIT_SCADA,1,"2019/08/21 01:05:00",HAYMSF1,0
D,DISPATCH,UNIT_SCADA,1,"2019/08/21 01:05:00",HDWF1,81
D,DISPATCH,UNIT_SCADA,1,"2019/08/21 01:05:00",HDWF2,81
D,DISPATCH,UNIT_SCADA,1,"2019/08/21 01:05:00",HDWF3,75.30
D,DISPATCH,UNIT_SCADA,1,"2019/08/21 01:05:00",HPRG1,0
D,DISPATCH,UNIT_SCADA,1,"2019/08/21 01:05:00",HPRL1,0.20
D,DISPATCH,UNIT_SCADA,1,"2019/08/21 01:05:00",HUMENSW,0
D,DISPATCH,UNIT_SCADA,1,"2019/08/21 01:05:00",HUMEV,9
D,DISPATCH,UNIT_SCADA,1,"2019/08/21 01:05:00",HVGTS,0
D,DISPATCH,UNIT_SCADA,1,"2019/08/21 01:05:00",JBUTTERS,132.97
D,DISPATCH,UNIT_SCADA,1,"2019/08/21 01:05:00",JLA01,0.50
D,DISPATCH,UNIT_SCADA,1,"2019/08/21 01:05:00",JLA02,0
D,DISPATCH,UNIT_SCADA,1,"2019/08/21 01:05:00",JLA03,0.10
D,DISPATCH,UNIT_SCADA,1,"2019/08/21 01:05:00",JLA04,0.10
D,DISPATCH,UNIT_SCADA,1,"2019/08/21 01:05:00",JLB01,0
D,DISPATCH,UNIT_SCADA,1,"2019/08/21 01:05:00",JLB02,0.10
D,DISPATCH,UNIT_SCADA,1,"2019/08/21 01:05:00",JLB03,0
D,DISPATCH,UNIT_SCADA,1,"2019/08/21 01:05:00",KAREEYA1,21.5425
D,DISPATCH,UNIT_SCADA,1,"2019/08/21 01:05:00",KAREEYA2,21.4725
D,DISPATCH,UNIT_SCADA,1,"2019/08/21 01:05:00",KAREEYA3,0
D,DISPATCH,UNIT_SCADA,1,"2019/08/21 01:05:00",KAREEYA4,21.5975
D,DISPATCH,UNIT_SCADA,1,"2019/08/21 01:05:00",KARSF1,0
D,DISPATCH,UNIT_SCADA,1,"2019/08/21 01:05:00",KIATAWF1,30.80
D,DISPATCH,UNIT_SCADA,1,"2019/08/21 01:05:00",KPP_1,0
D,DISPATCH,UNIT_SCADA,1,"2019/08/21 01:05:00",KSP1,0
D,DISPATCH,UNIT_SCADA,1,"2019/08/21 01:05:00",LADBROK1,0
D,DISPATCH,UNIT_SCADA,1,"2019/08/21 01:05:00",LADBROK2,0
D,DISPATCH,UNIT_SCADA,1,"2019/08/21 01:05:00",LD01,419.324980
D,DISPATCH,UNIT_SCADA,1,"2019/08/21 01:05:00",LD02,416.962490
D,DISPATCH,UNIT_SCADA,1,"2019/08/21 01:05:00",LD03,419.8688
D,DISPATCH,UNIT_SCADA,1,"2019/08/21 01:05:00",LD04,379.012480
D,DISPATCH,UNIT_SCADA,1,"2019/08/21 01:05:00",LEM_WIL,85.794450
D,DISPATCH,UNIT_SCADA,1,"2019/08/21 01:05:00",LGAPWF1,12.44
D,DISPATCH,UNIT_SCADA,1,"2019/08/21 01:05:00",LILYSF1,0
D,DISPATCH,UNIT_SCADA,1,"2019/08/21 01:05:00",LI_WY_CA,149.288440
D,DISPATCH,UNIT_SCADA,1,"2019/08/21 01:05:00",LKBONNY2,126.7627
D,DISPATCH,UNIT_SCADA,1,"2019/08/21 01:05:00",LKBONNY3,31.148690
D,DISPATCH,UNIT_SCADA,1,"2019/08/21 01:05:00",LK_ECHO,0
D,DISPATCH,UNIT_SCADA,1,"2019/08/21 01:05:00",LNGS1,0
D,DISPATCH,UNIT_SCADA,1,"2019/08/21 01:05:00",LNGS2,0
D,DISPATCH,UNIT_SCADA,1,"2019/08/21 01:05:00",LONSDALE,0
D,DISPATCH,UNIT_SCADA,1,"2019/08/21 01:05:00",LOYYB1,536.088620
D,DISPATCH,UNIT_SCADA,1,"2019/08/21 01:05:00",LOYYB2,580.8266
D,DISPATCH,UNIT_SCADA,1,"2019/08/21 01:05:00",LYA1,520
D,DISPATCH,UNIT_SCADA,1,"2019/08/21 01:05:00",LYA2,0
D,DISPATCH,UNIT_SCADA,1,"2019/08/21 01:05:00",LYA3,559
D,DISPATCH,UNIT_SCADA,1,"2019/08/21 01:05:00",LYA4,540
D,DISPATCH,UNIT_SCADA,1,"2019/08/21 01:05:00",MACARTH1,397.290830
D,DISPATCH,UNIT_SCADA,1,"2019/08/21 01:05:00",MACKAYGT,0
D,DISPATCH,UNIT_SCADA,1,"2019/08/21 01:05:00",MACKNTSH,85.41
D,DISPATCH,UNIT_SCADA,1,"2019/08/21 01:05:00",MANSLR1,0
D,DISPATCH,UNIT_SCADA,1,"2019/08/21 01:05:00",MCKAY1,0.02
D,DISPATCH,UNIT_SCADA,1,"2019/08/21 01:05:00",MEADOWBK,33.752980
D,DISPATCH,UNIT_SCADA,1,"2019/08/21 01:05:00",MERCER01,129.412990
D,DISPATCH,UNIT_SCADA,1,"2019/08/21 01:05:00",MEWF1,89.300990
D,DISPATCH,UNIT_SCADA,1,"2019/08/21 01:05:00",MINTARO,0
D,DISPATCH,UNIT_SCADA,1,"2019/08/21 01:05:00",MOREESF1,0
D,DISPATCH,UNIT_SCADA,1,"2019/08/21 01:05:00",MORTLK11,0
D,DISPATCH,UNIT_SCADA,1,"2019/08/21 01:05:00",MORTLK12,0
D,DISPATCH,UNIT_SCADA,1,"2019/08/21 01:05:00",MP1,277.550050
D,DISPATCH,UNIT_SCADA,1,"2019/08/21 01:05:00",MP2,0
D,DISPATCH,UNIT_SCADA,1,"2019/08/21 01:05:00",MPP_1,390.50
D,DISPATCH,UNIT_SCADA,1,"2019/08/21 01:05:00",MPP_2,424.25
D,DISPATCH,UNIT_SCADA,1,"2019/08/21 01:05:00",MSTUART1,0
D,DISPATCH,UNIT_SCADA,1,"2019/08/21 01:05:00",MSTUART2,0
D,DISPATCH,UNIT_SCADA,1,"2019/08/21 01:05:00",MSTUART3,0
D,DISPATCH,UNIT_SCADA,1,"2019/08/21 01:05:00",MTGELWF1,64.790790
D,DISPATCH,UNIT_SCADA,1,"2019/08/21 01:05:00",MURRAY,0
D,DISPATCH,UNIT_SCADA,1,"2019/08/21 01:05:00",MUSSELR1,161.899990
D,DISPATCH,UNIT_SCADA,1,"2019/08/21 01:05:00",MUWAWF1,51.98
D,DISPATCH,UNIT_SCADA,1,"2019/08/21 01:05:00",NBHWF1,95
D,DISPATCH,UNIT_SCADA,1,"2019/08/21 01:05:00",NPS,0
D,DISPATCH,UNIT_SCADA,1,"2019/08/21 01:05:00",NUMURSF1,0
D,DISPATCH,UNIT_SCADA,1,"2019/08/21 01:05:00",NYNGAN1,0
D,DISPATCH,UNIT_SCADA,1,"2019/08/21 01:05:00",OAKEY1,0
D,DISPATCH,UNIT_SCADA,1,"2019/08/21 01:05:00",OAKEY1SF,0.0380
D,DISPATCH,UNIT_SCADA,1,"2019/08/21 01:05:00",OAKEY2,0
D,DISPATCH,UNIT_SCADA,1,"2019/08/21 01:05:00",OAKLAND1,61.60
D,DISPATCH,UNIT_SCADA,1,"2019/08/21 01:05:00",OSB-AG,0
D,DISPATCH,UNIT_SCADA,1,"2019/08/21 01:05:00",PARSF1,0
D,DISPATCH,UNIT_SCADA,1,"2019/08/21 01:05:00",POAT110,0
D,DISPATCH,UNIT_SCADA,1,"2019/08/21 01:05:00",POAT220,0
D,DISPATCH,UNIT_SCADA,1,"2019/08/21 01:05:00",POR01,0
D,DISPATCH,UNIT_SCADA,1,"2019/08/21 01:05:00",POR03,0
D,DISPATCH,UNIT_SCADA,1,"2019/08/21 01:05:00",PPCCGT,172.209990
D,DISPATCH,UNIT_SCADA,1,"2019/08/21 01:05:00",PTSTAN1,0
D,DISPATCH,UNIT_SCADA,1,"2019/08/21 01:05:00",PUMP1,0
D,DISPATCH,UNIT_SCADA,1,"2019/08/21 01:05:00",PUMP2,0
D,DISPATCH,UNIT_SCADA,1,"2019/08/21 01:05:00",QPS1,0
D,DISPATCH,UNIT_SCADA,1,"2019/08/21 01:05:00",QPS2,0
D,DISPATCH,UNIT_SCADA,1,"2019/08/21 01:05:00",QPS3,0
D,DISPATCH,UNIT_SCADA,1,"2019/08/21 01:05:00",QPS4,0
D,DISPATCH,UNIT_SCADA,1,"2019/08/21 01:05:00",QPS5,0
D,DISPATCH,UNIT_SCADA,1,"2019/08/21 01:05:00",REECE1,117.360010
D,DISPATCH,UNIT_SCADA,1,"2019/08/21 01:05:00",REECE2,117.810010
D,DISPATCH,UNIT_SCADA,1,"2019/08/21 01:05:00",ROMA_7,0
D,DISPATCH,UNIT_SCADA,1,"2019/08/21 01:05:00",ROMA_8,0
D,DISPATCH,UNIT_SCADA,1,"2019/08/21 01:05:00",RRSF1,0
D,DISPATCH,UNIT_SCADA,1,"2019/08/21 01:05:00",RT_NSW1,0
D,DISPATCH,UNIT_SCADA,1,"2019/08/21 01:05:00",RT_NSW2,0
D,DISPATCH,UNIT_SCADA,1,"2019/08/21 01:05:00",RT_NSW3,0
D,DISPATCH,UNIT_SCADA,1,"2019/08/21 01:05:00",RT_NSW4,0
D,DISPATCH,UNIT_SCADA,1,"2019/08/21 01:05:00",RT_NSW5,0
D,DISPATCH,UNIT_SCADA,1,"2019/08/21 01:05:00",RT_NSW6,0
D,DISPATCH,UNIT_SCADA,1,"2019/08/21 01:05:00",RT_QLD1,0
D,DISPATCH,UNIT_SCADA,1,"2019/08/21 01:05:00",RT_SA1,0
D,DISPATCH,UNIT_SCADA,1,"2019/08/21 01:05:00",RT_SA2,0
D,DISPATCH,UNIT_SCADA,1,"2019/08/21 01:05:00",RT_SA3,0
D,DISPATCH,UNIT_SCADA,1,"2019/08/21 01:05:00",RT_SA4,0
D,DISPATCH,UNIT_SCADA,1,"2019/08/21 01:05:00",RT_SA5,0
D,DISPATCH,UNIT_SCADA,1,"2019/08/21 01:05:00",RT_SA6,0
D,DISPATCH,UNIT_SCADA,1,"2019/08/21 01:05:00",RT_TAS1,0
D,DISPATCH,UNIT_SCADA,1,"2019/08/21 01:05:00",RT_VIC1,0
D,DISPATCH,UNIT_SCADA,1,"2019/08/21 01:05:00",RT_VIC10,0
D,DISPATCH,UNIT_SCADA,1,"2019/08/21 01:05:00",RT_VIC11,0
D,DISPATCH,UNIT_SCADA,1,"2019/08/21 01:05:00",RT_VIC12,0
D,DISPATCH,UNIT_SCADA,1,"2019/08/21 01:05:00",RT_VIC2,0
D,DISPATCH,UNIT_SCADA,1,"2019/08/21 01:05:00",RT_VIC3,0
D,DISPATCH,UNIT_SCADA,1,"2019/08/21 01:05:00",RT_VIC4,0
D,DISPATCH,UNIT_SCADA,1,"2019/08/21 01:05:00",RT_VIC5,0
D,DISPATCH,UNIT_SCADA,1,"2019/08/21 01:05:00",RT_VIC6,0
D,DISPATCH,UNIT_SCADA,1,"2019/08/21 01:05:00",RT_VIC7,0
D,DISPATCH,UNIT_SCADA,1,"2019/08/21 01:05:00",RT_VIC8,0
D,DISPATCH,UNIT_SCADA,1,"2019/08/21 01:05:00",RT_VIC9,0
D,DISPATCH,UNIT_SCADA,1,"2019/08/21 01:05:00",RUGBYR1,0
D,DISPATCH,UNIT_SCADA,1,"2019/08/21 01:05:00",SALTCRK1,52.46
D,DISPATCH,UNIT_SCADA,1,"2019/08/21 01:05:00",SAPHWF1,192.806270
D,DISPATCH,UNIT_SCADA,1,"2019/08/21 01:05:00",SHGEN,0
D,DISPATCH,UNIT_SCADA,1,"2019/08/21 01:05:00",SHPUMP,42.178120
D,DISPATCH,UNIT_SCADA,1,"2019/08/21 01:05:00",SITHE01,0.123710
D,DISPATCH,UNIT_SCADA,1,"2019/08/21 01:05:00",SMCSF1,0
D,DISPATCH,UNIT_SCADA,1,"2019/08/21 01:05:00",SNOWNTH1,31.50
D,DISPATCH,UNIT_SCADA,1,"2019/08/21 01:05:00",SNOWSTH1,80.60
D,DISPATCH,UNIT_SCADA,1,"2019/08/21 01:05:00",SNOWTWN1,26.702240
D,DISPATCH,UNIT_SCADA,1,"2019/08/21 01:05:00",SNOWYP,191.900010
D,DISPATCH,UNIT_SCADA,1,"2019/08/21 01:05:00",SNUG1,0.019440
D,DISPATCH,UNIT_SCADA,1,"2019/08/21 01:05:00",SRSF1,0.07
D,DISPATCH,UNIT_SCADA,1,"2019/08/21 01:05:00",STAN-1,0
D,DISPATCH,UNIT_SCADA,1,"2019/08/21 01:05:00",STAN-2,179.282560
D,DISPATCH,UNIT_SCADA,1,"2019/08/21 01:05:00",STAN-3,220.402070
D,DISPATCH,UNIT_SCADA,1,"2019/08/21 01:05:00",STAN-4,188.101210
D,DISPATCH,UNIT_SCADA,1,"2019/08/21 01:05:00",STWF1,136.665010
D,DISPATCH,UNIT_SCADA,1,"2019/08/21 01:05:00",SWAN_E,0
D,DISPATCH,UNIT_SCADA,1,"2019/08/21 01:05:00",TALWA1,300
D,DISPATCH,UNIT_SCADA,1,"2019/08/21 01:05:00",TARALGA1,73.076230
D,DISPATCH,UNIT_SCADA,1,"2019/08/21 01:05:00",TARONG#1,279.600010
D,DISPATCH,UNIT_SCADA,1,"2019/08/21 01:05:00",TARONG#2,110.60
D,DISPATCH,UNIT_SCADA,1,"2019/08/21 01:05:00",TARONG#3,259.300020
D,DISPATCH,UNIT_SCADA,1,"2019/08/21 01:05:00",TARONG#4,280.200010
D,DISPATCH,UNIT_SCADA,1,"2019/08/21 01:05:00",TARRALEA,85
D,DISPATCH,UNIT_SCADA,1,"2019/08/21 01:05:00",TBSF1,-0.20
D,DISPATCH,UNIT_SCADA,1,"2019/08/21 01:05:00",TNPS1,400.000030
D,DISPATCH,UNIT_SCADA,1,"2019/08/21 01:05:00",TORRA1,39.318010
D,DISPATCH,UNIT_SCADA,1,"2019/08/21 01:05:00",TORRA2,0
D,DISPATCH,UNIT_SCADA,1,"2019/08/21 01:05:00",TORRA3,0
D,DISPATCH,UNIT_SCADA,1,"2019/08/21 01:05:00",TORRA4,0
D,DISPATCH,UNIT_SCADA,1,"2019/08/21 01:05:00",TORRB1,40.20
D,DISPATCH,UNIT_SCADA,1,"2019/08/21 01:05:00",TORRB2,40.01
D,DISPATCH,UNIT_SCADA,1,"2019/08/21 01:05:00",TORRB3,0
D,DISPATCH,UNIT_SCADA,1,"2019/08/21 01:05:00",TORRB4,0
D,DISPATCH,UNIT_SCADA,1,"2019/08/21 01:05:00",TREVALLN,1.70
D,DISPATCH,UNIT_SCADA,1,"2019/08/21 01:05:00",TRIBUTE,85.06
D,DISPATCH,UNIT_SCADA,1,"2019/08/21 01:05:00",TUMUT3,0
D,DISPATCH,UNIT_SCADA,1,"2019/08/21 01:05:00",TUNGATIN,58.930020
D,DISPATCH,UNIT_SCADA,1,"2019/08/21 01:05:00",TVCC201,0
D,DISPATCH,UNIT_SCADA,1,"2019/08/21 01:05:00",TVPP104,0
D,DISPATCH,UNIT_SCADA,1,"2019/08/21 01:05:00",UPPTUMUT,0
D,DISPATCH,UNIT_SCADA,1,"2019/08/21 01:05:00",URANQ11,0
D,DISPATCH,UNIT_SCADA,1,"2019/08/21 01:05:00",URANQ12,0
D,DISPATCH,UNIT_SCADA,1,"2019/08/21 01:05:00",URANQ13,0
D,DISPATCH,UNIT_SCADA,1,"2019/08/21 01:05:00",URANQ14,0
D,DISPATCH,UNIT_SCADA,1,"2019/08/21 01:05:00",VP5,400.750030
D,DISPATCH,UNIT_SCADA,1,"2019/08/21 01:05:00",VP6,398.550020
D,DISPATCH,UNIT_SCADA,1,"2019/08/21 01:05:00",VPGS1,0
D,DISPATCH,UNIT_SCADA,1,"2019/08/21 01:05:00",VPGS2,0
D,DISPATCH,UNIT_SCADA,1,"2019/08/21 01:05:00",VPGS3,0
D,DISPATCH,UNIT_SCADA,1,"2019/08/21 01:05:00",VPGS4,0
D,DISPATCH,UNIT_SCADA,1,"2019/08/21 01:05:00",VPGS5,0
D,DISPATCH,UNIT_SCADA,1,"2019/08/21 01:05:00",VPGS6,0
D,DISPATCH,UNIT_SCADA,1,"2019/08/21 01:05:00",W/HOE#1,0
D,DISPATCH,UNIT_SCADA,1,"2019/08/21 01:05:00",W/HOE#2,0
D,DISPATCH,UNIT_SCADA,1,"2019/08/21 01:05:00",WATERLWF,95.40
D,DISPATCH,UNIT_SCADA,1,"2019/08/21 01:05:00",WEMENSF1,0
D,DISPATCH,UNIT_SCADA,1,"2019/08/21 01:05:00",WGWF1,96.20
D,DISPATCH,UNIT_SCADA,1,"2019/08/21 01:05:00",WHITSF1,0
D,DISPATCH,UNIT_SCADA,1,"2019/08/21 01:05:00",WKIEWA1,34.10
D,DISPATCH,UNIT_SCADA,1,"2019/08/21 01:05:00",WKIEWA2,17.10
D,DISPATCH,UNIT_SCADA,1,"2019/08/21 01:05:00",WOODLWN1,42.9480
D,DISPATCH,UNIT_SCADA,1,"2019/08/21 01:05:00",WRSF1,0
D,DISPATCH,UNIT_SCADA,1,"2019/08/21 01:05:00",WRWF1,135.135010
D,DISPATCH,UNIT_SCADA,1,"2019/08/21 01:05:00",YABULU,0
D,DISPATCH,UNIT_SCADA,1,"2019/08/21 01:05:00",YABULU2,0
D,DISPATCH,UNIT_SCADA,1,"2019/08/21 01:05:00",YARWUN_1,0
D,DISPATCH,UNIT_SCADA,1,"2019/08/21 01:05:00",YENDWF1,42
D,DISPATCH,UNIT_SCADA,1,"2019/08/21 01:05:00",YWPS1,368.921510
D,DISPATCH,UNIT_SCADA,1,"2019/08/21 01:05:00",YWPS2,278.693660
D,DISPATCH,UNIT_SCADA,1,"2019/08/21 01:05:00",YWPS3,0
D,DISPATCH,UNIT_SCADA,1,"2019/08/21 01:05:00",YWPS4,391.568360
C,"END OF REPORT",334
