C,NEMP.WORLD,DISPATCHSCADA,AEMO,PUBLIC,2019/08/21,22:15:08,0000000311843288,DISPATCHSCADA,0000000311843282
I,DISPATCH,UNIT_SCADA,1,SETTLEMENTDATE,DUID,SCADAVALUE
D,DISPATCH,UNIT_SCADA,1,"2019/08/21 22:20:00",BARCSF1,0.70
D,DISPATCH,UNIT_SCADA,1,"2019/08/21 22:20:00",BUTLERSG,9.699999
D,DISPATCH,UNIT_SCADA,1,"2019/08/21 22:20:00",CALL_A_4,0
D,DISPATCH,UNIT_SCADA,1,"2019/08/21 22:20:00",CAPTL_WF,125.627998
D,DISPATCH,UNIT_SCADA,1,"2019/08/21 22:20:00",CATHROCK,19.749998
D,DISPATCH,UNIT_SCADA,1,"2019/08/21 22:20:00",CHALLHWF,46.299999
D,DISPATCH,UNIT_SCADA,1,"2019/08/21 22:20:00",CLOVER,0
D,DISPATCH,UNIT_SCADA,1,"2019/08/21 22:20:00",CLUNY,19.892424
D,DISPATCH,UNIT_SCADA,1,"2019/08/21 22:20:00",CNUNDAWF,41.348236
D,DISPATCH,UNIT_SCADA,1,"2019/08/21 22:20:00",CULLRGWF,30.219999
D,DISPATCH,UNIT_SCADA,1,"2019/08/21 22:20:00",ERGT01,0
D,DISPATCH,UNIT_SCADA,1,"2019/08/21 22:20:00",GB01,0.070793
D,DISPATCH,UNIT_SCADA,1,"2019/08/21 22:20:00",GERMCRK,39.099998
D,DISPATCH,UNIT_SCADA,1,"2019/08/21 22:20:00",GRIFSF1,0
D,DISPATCH,UNIT_SCADA,1,"2019/08/21 22:20:00",HUGSF1,-0.2430
D,DISPATCH,UNIT_SCADA,1,"2019/08/21 22:20:00",LKBONNY1,72.876442
D,DISPATCH,UNIT_SCADA,1,"2019/08/21 22:20:00",LRSF1,0.0390
D,DISPATCH,UNIT_SCADA,1,"2019/08/21 22:20:00",MBAHNTH,55.856247
D,DISPATCH,UNIT_SCADA,1,"2019/08/21 22:20:00",MLSP1,0.271001
D,DISPATCH,UNIT_SCADA,1,"2019/08/21 22:20:00",MLWF1,19.709999
D,DISPATCH,UNIT_SCADA,1,"2019/08/21 22:20:00",MTMILLAR,8.125912
D,DISPATCH,UNIT_SCADA,1,"2019/08/21 22:20:00",PALOONA,24.279999
D,DISPATCH,UNIT_SCADA,1,"2019/08/21 22:20:00",PIONEER,29.10
D,DISPATCH,UNIT_SCADA,1,"2019/08/21 22:20:00",PORTWF,139.50
D,DISPATCH,UNIT_SCADA,1,"2019/08/21 22:20:00",REPULSE,29.113604
D,DISPATCH,UNIT_SCADA,1,"2019/08/21 22:20:00",ROWALLAN,10.3589
D,DISPATCH,UNIT_SCADA,1,"2019/08/21 22:20:00",ROYALLA1,0
D,DISPATCH,UNIT_SCADA,1,"2019/08/21 22:20:00",RPCG,10.70
D,DISPATCH,UNIT_SCADA,1,"2019/08/21 22:20:00",RUBICON,0
D,DISPATCH,UNIT_SCADA,1,"2019/08/21 22:20:00",SATGN1,0
D,DISPATCH,UNIT_SCADA,1,"2019/08/21 22:20:00",SATGS1,0
D,DISPATCH,UNIT_SCADA,1,"2019/08/21 22:20:00",STARHLWF,12.896239
D,DISPATCH,UNIT_SCADA,1,"2019/08/21 22:20:00",WAUBRAWF,175.3340
D,DISPATCH,UNIT_SCADA,1,"2019/08/21 22:20:00",WOOLNTH1,1.830015
D,DISPATCH,UNIT_SCADA,1,"2019/08/21 22:20:00",WPWF,15
D,DISPATCH,UNIT_SCADA,1,"2019/08/21 22:20:00",YAMBUKWF,29.60
D,DISPATCH,UNIT_SCADA,1,"2019/08/21 22:20:00",YSWF1,26.60
D,DISPATCH,UNIT_SCADA,1,"2019/08/21 22:20:00",AGLHAL,0
D,DISPATCH,UNIT_SCADA,1,"2019/08/21 22:20:00",AGLSOM,0
D,DISPATCH,UNIT_SCADA,1,"2019/08/21 22:20:00",ANGAST1,0
D,DISPATCH,UNIT_SCADA,1,"2019/08/21 22:20:00",ARWF1,180.999980
D,DISPATCH,UNIT_SCADA,1,"2019/08/21 22:20:00",BALBG1,0
D,DISPATCH,UNIT_SCADA,1,"2019/08/21 22:20:00",BALBL1,0.67
D,DISPATCH,UNIT_SCADA,1,"2019/08/21 22:20:00",BALDHWF1,68.899990
D,DISPATCH,UNIT_SCADA,1,"2019/08/21 22:20:00",BANN1,0
D,DISPATCH,UNIT_SCADA,1,"2019/08/21 22:20:00",BARCALDN,0
D,DISPATCH,UNIT_SCADA,1,"2019/08/21 22:20:00",BARRON-1,0
D,DISPATCH,UNIT_SCADA,1,"2019/08/21 22:20:00",BARRON-2,28.48
D,DISPATCH,UNIT_SCADA,1,"2019/08/21 22:20:00",BASTYAN,78.560010
D,DISPATCH,UNIT_SCADA,1,"2019/08/21 22:20:00",BBTHREE1,-1.93
D,DISPATCH,UNIT_SCADA,1,"2019/08/21 22:20:00",BBTHREE2,-1.98
D,DISPATCH,UNIT_SCADA,1,"2019/08/21 22:20:00",BBTHREE3,-1.07
D,DISPATCH,UNIT_SCADA,1,"2019/08/21 22:20:00",BDL01,0
D,DISPATCH,UNIT_SCADA,1,"2019/08/21 22:20:00",BDL02,0
D,DISPATCH,UNIT_SCADA,1,"2019/08/21 22:20:00",BERYLSF1,0
D,DISPATCH,UNIT_SCADA,1,"2019/08/21 22:20:00",BLOWERNG,0
D,DISPATCH,UNIT_SCADA,1,"2019/08/21 22:20:00",BLUFF1,16.20
D,DISPATCH,UNIT_SCADA,1,"2019/08/21 22:20:00",BNGSF1,0
D,DISPATCH,UNIT_SCADA,1,"2019/08/21 22:20:00",BNGSF2,0
D,DISPATCH,UNIT_SCADA,1,"2019/08/21 22:20:00",BOCORWF1,102.03
D,DISPATCH,UNIT_SCADA,1,"2019/08/21 22:20:00",BODWF1,77.333080
D,DISPATCH,UNIT_SCADA,1,"2019/08/21 22:20:00",BRAEMAR1,0
D,DISPATCH,UNIT_SCADA,1,"2019/08/21 22:20:00",BRAEMAR2,0
D,DISPATCH,UNIT_SCADA,1,"2019/08/21 22:20:00",BRAEMAR3,0
D,DISPATCH,UNIT_SCADA,1,"2019/08/21 22:20:00",BRAEMAR5,0
D,DISPATCH,UNIT_SCADA,1,"2019/08/21 22:20:00",BRAEMAR6,0
D,DISPATCH,UNIT_SCADA,1,"2019/08/21 22:20:00",BRAEMAR7,0
D,DISPATCH,UNIT_SCADA,1,"2019/08/21 22:20:00",BROKENH1,0
D,DISPATCH,UNIT_SCADA,1,"2019/08/21 22:20:00",BW01,633.8750
D,DISPATCH,UNIT_SCADA,1,"2019/08/21 22:20:00",BW02,644.650020
D,DISPATCH,UNIT_SCADA,1,"2019/08/21 22:20:00",BW03,657.699950
D,DISPATCH,UNIT_SCADA,1,"2019/08/21 22:20:00",BW04,0
D,DISPATCH,UNIT_SCADA,1,"2019/08/21 22:20:00",CALL_B_1,350
D,DISPATCH,UNIT_SCADA,1,"2019/08/21 22:20:00",CALL_B_2,349
D,DISPATCH,UNIT_SCADA,1,"2019/08/21 22:20:00",CETHANA,99.801120
D,DISPATCH,UNIT_SCADA,1,"2019/08/21 22:20:00",CG1,0
D,DISPATCH,UNIT_SCADA,1,"2019/08/21 22:20:00",CG2,0
D,DISPATCH,UNIT_SCADA,1,"2019/08/21 22:20:00",CG3,0
D,DISPATCH,UNIT_SCADA,1,"2019/08/21 22:20:00",CG4,0
D,DISPATCH,UNIT_SCADA,1,"2019/08/21 22:20:00",CHILDSF1,0.01
D,DISPATCH,UNIT_SCADA,1,"2019/08/21 22:20:00",CLARESF1,0
D,DISPATCH,UNIT_SCADA,1,"2019/08/21 22:20:00",CLEMGPWF,41.204030
D,DISPATCH,UNIT_SCADA,1,"2019/08/21 22:20:00",CLERMSF1,0
D,DISPATCH,UNIT_SCADA,1,"2019/08/21 22:20:00",COLEASF1,0
D,DISPATCH,UNIT_SCADA,1,"2019/08/21 22:20:00",COOPGWF1,30.755070
D,DISPATCH,UNIT_SCADA,1,"2019/08/21 22:20:00",CPP_3,407.550020
D,DISPATCH,UNIT_SCADA,1,"2019/08/21 22:20:00",CPP_4,407
D,DISPATCH,UNIT_SCADA,1,"2019/08/21 22:20:00",CPSA,142.4050
D,DISPATCH,UNIT_SCADA,1,"2019/08/21 22:20:00",CROOKWF2,91.803750
D,DISPATCH,UNIT_SCADA,1,"2019/08/21 22:20:00",CROWLWF1,42.096640
D,DISPATCH,UNIT_SCADA,1,"2019/08/21 22:20:00",CSPVPS1,0.0430
D,DISPATCH,UNIT_SCADA,1,"2019/08/21 22:20:00",DALNTH01,0
D,DISPATCH,UNIT_SCADA,1,"2019/08/21 22:20:00",DALNTHL1,0.001530
D,DISPATCH,UNIT_SCADA,1,"2019/08/21 22:20:00",DARTM1,0
D,DISPATCH,UNIT_SCADA,1,"2019/08/21 22:20:00",DAYDSF1,0
D,DISPATCH,UNIT_SCADA,1,"2019/08/21 22:20:00",DDPS1,354.814420
D,DISPATCH,UNIT_SCADA,1,"2019/08/21 22:20:00",DDSF1,0
D,DISPATCH,UNIT_SCADA,1,"2019/08/21 22:20:00",DEVILS_G,0
D,DISPATCH,UNIT_SCADA,1,"2019/08/21 22:20:00",DG_NSW1,0
D,DISPATCH,UNIT_SCADA,1,"2019/08/21 22:20:00",DG_QLD1,0
D,DISPATCH,UNIT_SCADA,1,"2019/08/21 22:20:00",DG_SA1,0
D,DISPATCH,UNIT_SCADA,1,"2019/08/21 22:20:00",DG_TAS1,0
D,DISPATCH,UNIT_SCADA,1,"2019/08/21 22:20:00",DG_VIC1,0
D,DISPATCH,UNIT_SCADA,1,"2019/08/21 22:20:00",DRYCGT1,0
D,DISPATCH,UNIT_SCADA,1,"2019/08/21 22:20:00",DRYCGT2,0
D,DISPATCH,UNIT_SCADA,1,"2019/08/21 22:20:00",DRYCGT3,0
D,DISPATCH,UNIT_SCADA,1,"2019/08/21 22:20:00",EILDON1,0
D,DISPATCH,UNIT_SCADA,1,"2019/08/21 22:20:00",EILDON2,0
D,DISPATCH,UNIT_SCADA,1,"2019/08/21 22:20:00",EMERASF1,0
D,DISPATCH,UNIT_SCADA,1,"2019/08/21 22:20:00",ER01,581.1499
D,DISPATCH,UNIT_SCADA,1,"2019/08/21 22:20:00",ER02,607.925050
D,DISPATCH,UNIT_SCADA,1,"2019/08/21 22:20:00",ER03,507.724980
D,DISPATCH,UNIT_SCADA,1,"2019/08/21 22:20:00",ER04,611.150020
D,DISPATCH,UNIT_SCADA,1,"2019/08/21 22:20:00",FINLYSF1,0
D,DISPATCH,UNIT_SCADA,1,"2019/08/21 22:20:00",FISHER,45.77
D,DISPATCH,UNIT_SCADA,1,"2019/08/21 22:20:00",GANNBG1,1.916780
D,DISPATCH,UNIT_SCADA,1,"2019/08/21 22:20:00",GANNBL1,0
D,DISPATCH,UNIT_SCADA,1,"2019/08/21 22:20:00",GANNSF1,0
D,DISPATCH,UNIT_SCADA,1,"2019/08/21 22:20:00",GORDON,23.2512
D,DISPATCH,UNIT_SCADA,1,"2019/08/21 22:20:00",GSTONE1,174.30
D,DISPATCH,UNIT_SCADA,1,"2019/08/21 22:20:00",GSTONE2,172.899990
D,DISPATCH,UNIT_SCADA,1,"2019/08/21 22:20:00",GSTONE3,202.30
D,DISPATCH,UNIT_SCADA,1,"2019/08/21 22:20:00",GSTONE4,202.474990
D,DISPATCH,UNIT_SCADA,1,"2019/08/21 22:20:00",GSTONE5,173.25
D,DISPATCH,UNIT_SCADA,1,"2019/08/21 22:20:00",GSTONE6,0
D,DISPATCH,UNIT_SCADA,1,"2019/08/21 22:20:00",GULLRSF1,0
D,DISPATCH,UNIT_SCADA,1,"2019/08/21 22:20:00",GULLRWF1,158.766330
D,DISPATCH,UNIT_SCADA,1,"2019/08/21 22:20:00",GUNNING1,41.8963
D,DISPATCH,UNIT_SCADA,1,"2019/08/21 22:20:00",GUTHEGA,0
D,DISPATCH,UNIT_SCADA,1,"2019/08/21 22:20:00",HALLWF1,33.07
D,DISPATCH,UNIT_SCADA,1,"2019/08/21 22:20:00",HALLWF2,43.28
D,DISPATCH,UNIT_SCADA,1,"2019/08/21 22:20:00",HAMISF1,0
D,DISPATCH,UNIT_SCADA,1,"2019/08/21 22:20:00",HAUGHT11,0
D,DISPATCH,UNIT_SCADA,1,"2019/08/21 22:20:00",HAYMSF1,0
D,DISPATCH,UNIT_SCADA,1,"2019/08/21 22:20:00",HDWF1,32.20
D,DISPATCH,UNIT_SCADA,1,"2019/08/21 22:20:00",HDWF2,20.10
D,DISPATCH,UNIT_SCADA,1,"2019/08/21 22:20:00",HDWF3,27.10
D,DISPATCH,UNIT_SCADA,1,"2019/08/21 22:20:00",HPRG1,4
D,DISPATCH,UNIT_SCADA,1,"2019/08/21 22:20:00",HPRL1,0
D,DISPATCH,UNIT_SCADA,1,"2019/08/21 22:20:00",HUMENSW,0
D,DISPATCH,UNIT_SCADA,1,"2019/08/21 22:20:00",HUMEV,10.20
D,DISPATCH,UNIT_SCADA,1,"2019/08/21 22:20:00",HVGTS,0
D,DISPATCH,UNIT_SCADA,1,"2019/08/21 22:20:00",JBUTTERS,136.58
D,DISPATCH,UNIT_SCADA,1,"2019/08/21 22:20:00",JLA01,0.50
D,DISPATCH,UNIT_SCADA,1,"2019/08/21 22:20:00",JLA02,0
D,DISPATCH,UNIT_SCADA,1,"2019/08/21 22:20:00",JLA03,0.10
D,DISPATCH,UNIT_SCADA,1,"2019/08/21 22:20:00",JLA04,0.10
D,DISPATCH,UNIT_SCADA,1,"2019/08/21 22:20:00",JLB01,0
D,DISPATCH,UNIT_SCADA,1,"2019/08/21 22:20:00",JLB02,0.10
D,DISPATCH,UNIT_SCADA,1,"2019/08/21 22:20:00",JLB03,0
D,DISPATCH,UNIT_SCADA,1,"2019/08/21 22:20:00",KAREEYA1,21.5550
D,DISPATCH,UNIT_SCADA,1,"2019/08/21 22:20:00",KAREEYA2,21.58
D,DISPATCH,UNIT_SCADA,1,"2019/08/21 22:20:00",KAREEYA3,0
D,DISPATCH,UNIT_SCADA,1,"2019/08/21 22:20:00",KAREEYA4,21.7750
D,DISPATCH,UNIT_SCADA,1,"2019/08/21 22:20:00",KARSF1,0
D,DISPATCH,UNIT_SCADA,1,"2019/08/21 22:20:00",KIATAWF1,29.60
D,DISPATCH,UNIT_SCADA,1,"2019/08/21 22:20:00",KPP_1,0
D,DISPATCH,UNIT_SCADA,1,"2019/08/21 22:20:00",KSP1,0
D,DISPATCH,UNIT_SCADA,1,"2019/08/21 22:20:00",LADBROK1,0
D,DISPATCH,UNIT_SCADA,1,"2019/08/21 22:20:00",LADBROK2,0
D,DISPATCH,UNIT_SCADA,1,"2019/08/21 22:20:00",LD01,418.481230
D,DISPATCH,UNIT_SCADA,1,"2019/08/21 22:20:00",LD02,417.1875
D,DISPATCH,UNIT_SCADA,1,"2019/08/21 22:20:00",LD03,416.231230
D,DISPATCH,UNIT_SCADA,1,"2019/08/21 22:20:00",LD04,377.550020
D,DISPATCH,UNIT_SCADA,1,"2019/08/21 22:20:00",LEM_WIL,86.161150
D,DISPATCH,UNIT_SCADA,1,"2019/08/21 22:20:00",LGAPWF1,32.19
D,DISPATCH,UNIT_SCADA,1,"2019/08/21 22:20:00",LILYSF1,0
D,DISPATCH,UNIT_SCADA,1,"2019/08/21 22:20:00",LI_WY_CA,148.913310
D,DISPATCH,UNIT_SCADA,1,"2019/08/21 22:20:00",LKBONNY2,153.276540
D,DISPATCH,UNIT_SCADA,1,"2019/08/21 22:20:00",LKBONNY3,34.721290
D,DISPATCH,UNIT_SCADA,1,"2019/08/21 22:20:00",LK_ECHO,0
D,DISPATCH,UNIT_SCADA,1,"2019/08/21 22:20:00",LNGS1,0
D,DISPATCH,UNIT_SCADA,1,"2019/08/21 22:20:00",LNGS2,0
D,DISPATCH,UNIT_SCADA,1,"2019/08/21 22:20:00",LONSDALE,0
D,DISPATCH,UNIT_SCADA,1,"2019/08/21 22:20:00",LOYYB1,535.336730
D,DISPATCH,UNIT_SCADA,1,"2019/08/21 22:20:00",LOYYB2,581.202510
D,DISPATCH,UNIT_SCADA,1,"2019/08/21 22:20:00",LYA1,559
D,DISPATCH,UNIT_SCADA,1,"2019/08/21 22:20:00",LYA2,0
D,DISPATCH,UNIT_SCADA,1,"2019/08/21 22:20:00",LYA3,559
D,DISPATCH,UNIT_SCADA,1,"2019/08/21 22:20:00",LYA4,530
D,DISPATCH,UNIT_SCADA,1,"2019/08/21 22:20:00",MACARTH1,379.091250
D,DISPATCH,UNIT_SCADA,1,"2019/08/21 22:20:00",MACKAYGT,0
D,DISPATCH,UNIT_SCADA,1,"2019/08/21 22:20:00",MACKNTSH,85.250010
D,DISPATCH,UNIT_SCADA,1,"2019/08/21 22:20:00",MANSLR1,0
D,DISPATCH,UNIT_SCADA,1,"2019/08/21 22:20:00",MCKAY1,0.02
D,DISPATCH,UNIT_SCADA,1,"2019/08/21 22:20:00",MEADOWBK,34.1531
D,DISPATCH,UNIT_SCADA,1,"2019/08/21 22:20:00",MERCER01,124.490010
D,DISPATCH,UNIT_SCADA,1,"2019/08/21 22:20:00",MEWF1,71.979010
D,DISPATCH,UNIT_SCADA,1,"2019/08/21 22:20:00",MINTARO,0
D,DISPATCH,UNIT_SCADA,1,"2019/08/21 22:20:00",MOREESF1,0
D,DISPATCH,UNIT_SCADA,1,"2019/08/21 22:20:00",MORTLK11,0
D,DISPATCH,UNIT_SCADA,1,"2019/08/21 22:20:00",MORTLK12,0
D,DISPATCH,UNIT_SCADA,1,"2019/08/21 22:20:00",MP1,277.3501
D,DISPATCH,UNIT_SCADA,1,"2019/08/21 22:20:00",MP2,0
D,DISPATCH,UNIT_SCADA,1,"2019/08/21 22:20:00",MPP_1,329.50
D,DISPATCH,UNIT_SCADA,1,"2019/08/21 22:20:00",MPP_2,425.25
D,DISPATCH,UNIT_SCADA,1,"2019/08/21 22:20:00",MSTUART1,0
D,DISPATCH,UNIT_SCADA,1,"2019/08/21 22:20:00",MSTUART2,0
D,DISPATCH,UNIT_SCADA,1,"2019/08/21 22:20:00",MSTUART3,0
D,DISPATCH,UNIT_SCADA,1,"2019/08/21 22:20:00",MTGELWF1,64.238410
D,DISPATCH,UNIT_SCADA,1,"2019/08/21 22:20:00",MURRAY,0
D,DISPATCH,UNIT_SCADA,1,"2019/08/21 22:20:00",MUSSELR1,160.50
D,DISPATCH,UNIT_SCADA,1,"2019/08/21 22:20:00",MUWAWF1,52.91
D,DISPATCH,UNIT_SCADA,1,"2019/08/21 22:20:00",NBHWF1,40.40
D,DISPATCH,UNIT_SCADA,1,"2019/08/21 22:20:00",NPS,0
D,DISPATCH,UNIT_SCADA,1,"2019/08/21 22:20:00",NUMURSF1,0
D,DISPATCH,UNIT_SCADA,1,"2019/08/21 22:20:00",NYNGAN1,0
D,DISPATCH,UNIT_SCADA,1,"2019/08/21 22:20:00",OAKEY1,0
D,DISPATCH,UNIT_SCADA,1,"2019/08/21 22:20:00",OAKEY1SF,0
D,DISPATCH,UNIT_SCADA,1,"2019/08/21 22:20:00",OAKEY2,0
D,DISPATCH,UNIT_SCADA,1,"2019/08/21 22:20:00",OAKLAND1,62.10
D,DISPATCH,UNIT_SCADA,1,"2019/08/21 22:20:00",OSB-AG,0
D,DISPATCH,UNIT_SCADA,1,"2019/08/21 22:20:00",PARSF1,0
D,DISPATCH,UNIT_SCADA,1,"2019/08/21 22:20:00",POAT110,0
D,DISPATCH,UNIT_SCADA,1,"2019/08/21 22:20:00",POAT220,1.46
D,DISPATCH,UNIT_SCADA,1,"2019/08/21 22:20:00",POR01,0
D,DISPATCH,UNIT_SCADA,1,"2019/08/21 22:20:00",POR03,0
D,DISPATCH,UNIT_SCADA,1,"2019/08/21 22:20:00",PPCCGT,354.079380
D,DISPATCH,UNIT_SCADA,1,"2019/08/21 22:20:00",PTSTAN1,0
D,DISPATCH,UNIT_SCADA,1,"2019/08/21 22:20:00",PUMP1,0
D,DISPATCH,UNIT_SCADA,1,"2019/08/21 22:20:00",PUMP2,0
D,DISPATCH,UNIT_SCADA,1,"2019/08/21 22:20:00",QPS1,0
D,DISPATCH,UNIT_SCADA,1,"2019/08/21 22:20:00",QPS2,0
D,DISPATCH,UNIT_SCADA,1,"2019/08/21 22:20:00",QPS3,0
D,DISPATCH,UNIT_SCADA,1,"2019/08/21 22:20:00",QPS4,0
D,DISPATCH,UNIT_SCADA,1,"2019/08/21 22:20:00",QPS5,0
D,DISPATCH,UNIT_SCADA,1,"2019/08/21 22:20:00",REECE1,118.170010
D,DISPATCH,UNIT_SCADA,1,"2019/08/21 22:20:00",REECE2,118.360010
D,DISPATCH,UNIT_SCADA,1,"2019/08/21 22:20:00",ROMA_7,0
D,DISPATCH,UNIT_SCADA,1,"2019/08/21 22:20:00",ROMA_8,0
D,DISPATCH,UNIT_SCADA,1,"2019/08/21 22:20:00",RRSF1,0
D,DISPATCH,UNIT_SCADA,1,"2019/08/21 22:20:00",RT_NSW1,0
D,DISPATCH,UNIT_SCADA,1,"2019/08/21 22:20:00",RT_NSW2,0
D,DISPATCH,UNIT_SCADA,1,"2019/08/21 22:20:00",RT_NSW3,0
D,DISPATCH,UNIT_SCADA,1,"2019/08/21 22:20:00",RT_NSW4,0
D,DISPATCH,UNIT_SCADA,1,"2019/08/21 22:20:00",RT_NSW5,0
D,DISPATCH,UNIT_SCADA,1,"2019/08/21 22:20:00",RT_NSW6,0
D,DISPATCH,UNIT_SCADA,1,"2019/08/21 22:20:00",RT_QLD1,0
D,DISPATCH,UNIT_SCADA,1,"2019/08/21 22:20:00",RT_SA1,0
D,DISPATCH,UNIT_SCADA,1,"2019/08/21 22:20:00",RT_SA2,0
D,DISPATCH,UNIT_SCADA,1,"2019/08/21 22:20:00",RT_SA3,0
D,DISPATCH,UNIT_SCADA,1,"2019/08/21 22:20:00",RT_SA4,0
D,DISPATCH,UNIT_SCADA,1,"2019/08/21 22:20:00",RT_SA5,0
D,DISPATCH,UNIT_SCADA,1,"2019/08/21 22:20:00",RT_SA6,0
D,DISPATCH,UNIT_SCADA,1,"2019/08/21 22:20:00",RT_TAS1,0
D,DISPATCH,UNIT_SCADA,1,"2019/08/21 22:20:00",RT_VIC1,0
D,DISPATCH,UNIT_SCADA,1,"2019/08/21 22:20:00",RT_VIC10,0
D,DISPATCH,UNIT_SCADA,1,"2019/08/21 22:20:00",RT_VIC11,0
D,DISPATCH,UNIT_SCADA,1,"2019/08/21 22:20:00",RT_VIC12,0
D,DISPATCH,UNIT_SCADA,1,"2019/08/21 22:20:00",RT_VIC2,0
D,DISPATCH,UNIT_SCADA,1,"2019/08/21 22:20:00",RT_VIC3,0
D,DISPATCH,UNIT_SCADA,1,"2019/08/21 22:20:00",RT_VIC4,0
D,DISPATCH,UNIT_SCADA,1,"2019/08/21 22:20:00",RT_VIC5,0
D,DISPATCH,UNIT_SCADA,1,"2019/08/21 22:20:00",RT_VIC6,0
D,DISPATCH,UNIT_SCADA,1,"2019/08/21 22:20:00",RT_VIC7,0
D,DISPATCH,UNIT_SCADA,1,"2019/08/21 22:20:00",RT_VIC8,0
D,DISPATCH,UNIT_SCADA,1,"2019/08/21 22:20:00",RT_VIC9,0
D,DISPATCH,UNIT_SCADA,1,"2019/08/21 22:20:00",RUGBYR1,0
D,DISPATCH,UNIT_SCADA,1,"2019/08/21 22:20:00",SALTCRK1,47.06
D,DISPATCH,UNIT_SCADA,1,"2019/08/21 22:20:00",SAPHWF1,249.5531
D,DISPATCH,UNIT_SCADA,1,"2019/08/21 22:20:00",SHGEN,0
D,DISPATCH,UNIT_SCADA,1,"2019/08/21 22:20:00",SHPUMP,80.25
D,DISPATCH,UNIT_SCADA,1,"2019/08/21 22:20:00",SITHE01,0.123710
D,DISPATCH,UNIT_SCADA,1,"2019/08/21 22:20:00",SMCSF1,0
D,DISPATCH,UNIT_SCADA,1,"2019/08/21 22:20:00",SNOWNTH1,129.80
D,DISPATCH,UNIT_SCADA,1,"2019/08/21 22:20:00",SNOWSTH1,93.10
D,DISPATCH,UNIT_SCADA,1,"2019/08/21 22:20:00",SNOWTWN1,80.548790
D,DISPATCH,UNIT_SCADA,1,"2019/08/21 22:20:00",SNOWYP,0
D,DISPATCH,UNIT_SCADA,1,"2019/08/21 22:20:00",SNUG1,0.019440
D,DISPATCH,UNIT_SCADA,1,"2019/08/21 22:20:00",SRSF1,0.44
D,DISPATCH,UNIT_SCADA,1,"2019/08/21 22:20:00",STAN-1,0
D,DISPATCH,UNIT_SCADA,1,"2019/08/21 22:20:00",STAN-2,280.914920
D,DISPATCH,UNIT_SCADA,1,"2019/08/21 22:20:00",STAN-3,281.748080
D,DISPATCH,UNIT_SCADA,1,"2019/08/21 22:20:00",STAN-4,279.863860
D,DISPATCH,UNIT_SCADA,1,"2019/08/21 22:20:00",STWF1,162.27
D,DISPATCH,UNIT_SCADA,1,"2019/08/21 22:20:00",SWAN_E,0
D,DISPATCH,UNIT_SCADA,1,"2019/08/21 22:20:00",TALWA1,190
D,DISPATCH,UNIT_SCADA,1,"2019/08/21 22:20:00",TARALGA1,99.824980
D,DISPATCH,UNIT_SCADA,1,"2019/08/21 22:20:00",TARONG#1,307.399990
D,DISPATCH,UNIT_SCADA,1,"2019/08/21 22:20:00",TARONG#2,306.50
D,DISPATCH,UNIT_SCADA,1,"2019/08/21 22:20:00",TARONG#3,260.50
D,DISPATCH,UNIT_SCADA,1,"2019/08/21 22:20:00",TARONG#4,299
D,DISPATCH,UNIT_SCADA,1,"2019/08/21 22:20:00",TARRALEA,83.90
D,DISPATCH,UNIT_SCADA,1,"2019/08/21 22:20:00",TBSF1,-0.20
D,DISPATCH,UNIT_SCADA,1,"2019/08/21 22:20:00",TNPS1,442.000030
D,DISPATCH,UNIT_SCADA,1,"2019/08/21 22:20:00",TORRA1,49.030770
D,DISPATCH,UNIT_SCADA,1,"2019/08/21 22:20:00",TORRA2,0
D,DISPATCH,UNIT_SCADA,1,"2019/08/21 22:20:00",TORRA3,0
D,DISPATCH,UNIT_SCADA,1,"2019/08/21 22:20:00",TORRA4,0
D,DISPATCH,UNIT_SCADA,1,"2019/08/21 22:20:00",TORRB1,59.11
D,DISPATCH,UNIT_SCADA,1,"2019/08/21 22:20:00",TORRB2,56.91
D,DISPATCH,UNIT_SCADA,1,"2019/08/21 22:20:00",TORRB3,0
D,DISPATCH,UNIT_SCADA,1,"2019/08/21 22:20:00",TORRB4,0
D,DISPATCH,UNIT_SCADA,1,"2019/08/21 22:20:00",TREVALLN,69.850030
D,DISPATCH,UNIT_SCADA,1,"2019/08/21 22:20:00",TRIBUTE,84.62
D,DISPATCH,UNIT_SCADA,1,"2019/08/21 22:20:00",TUMUT3,0
D,DISPATCH,UNIT_SCADA,1,"2019/08/21 22:20:00",TUNGATIN,125.230030
D,DISPATCH,UNIT_SCADA,1,"2019/08/21 22:20:00",TVCC201,0
D,DISPATCH,UNIT_SCADA,1,"2019/08/21 22:20:00",TVPP104,0
D,DISPATCH,UNIT_SCADA,1,"2019/08/21 22:20:00",UPPTUMUT,0
D,DISPATCH,UNIT_SCADA,1,"2019/08/21 22:20:00",URANQ11,0
D,DISPATCH,UNIT_SCADA,1,"2019/08/21 22:20:00",URANQ12,0
D,DISPATCH,UNIT_SCADA,1,"2019/08/21 22:20:00",URANQ13,0
D,DISPATCH,UNIT_SCADA,1,"2019/08/21 22:20:00",URANQ14,0
D,DISPATCH,UNIT_SCADA,1,"2019/08/21 22:20:00",VP5,394.399990
D,DISPATCH,UNIT_SCADA,1,"2019/08/21 22:20:00",VP6,393.75
D,DISPATCH,UNIT_SCADA,1,"2019/08/21 22:20:00",VPGS1,0
D,DISPATCH,UNIT_SCADA,1,"2019/08/21 22:20:00",VPGS2,0
D,DISPATCH,UNIT_SCADA,1,"2019/08/21 22:20:00",VPGS3,0
D,DISPATCH,UNIT_SCADA,1,"2019/08/21 22:20:00",VPGS4,0
D,DISPATCH,UNIT_SCADA,1,"2019/08/21 22:20:00",VPGS5,0
D,DISPATCH,UNIT_SCADA,1,"2019/08/21 22:20:00",VPGS6,0
D,DISPATCH,UNIT_SCADA,1,"2019/08/21 22:20:00",W/HOE#1,0
D,DISPATCH,UNIT_SCADA,1,"2019/08/21 22:20:00",W/HOE#2,0
D,DISPATCH,UNIT_SCADA,1,"2019/08/21 22:20:00",WATERLWF,92.40
D,DISPATCH,UNIT_SCADA,1,"2019/08/21 22:20:00",WEMENSF1,0
D,DISPATCH,UNIT_SCADA,1,"2019/08/21 22:20:00",WGWF1,42.90
D,DISPATCH,UNIT_SCADA,1,"2019/08/21 22:20:00",WHITSF1,0
D,DISPATCH,UNIT_SCADA,1,"2019/08/21 22:20:00",WKIEWA1,29.30
D,DISPATCH,UNIT_SCADA,1,"2019/08/21 22:20:00",WKIEWA2,29.50
D,DISPATCH,UNIT_SCADA,1,"2019/08/21 22:20:00",WOODLWN1,44.9370
D,DISPATCH,UNIT_SCADA,1,"2019/08/21 22:20:00",WRSF1,0
D,DISPATCH,UNIT_SCADA,1,"2019/08/21 22:20:00",WRWF1,141.926250
D,DISPATCH,UNIT_SCADA,1,"2019/08/21 22:20:00",YABULU,0
D,DISPATCH,UNIT_SCADA,1,"2019/08/21 22:20:00",YABULU2,0
D,DISPATCH,UNIT_SCADA,1,"2019/08/21 22:20:00",YARWUN_1,0
D,DISPATCH,UNIT_SCADA,1,"2019/08/21 22:20:00",YENDWF1,41.72
D,DISPATCH,UNIT_SCADA,1,"2019/08/21 22:20:00",YWPS1,378.946840
D,DISPATCH,UNIT_SCADA,1,"2019/08/21 22:20:00",YWPS2,277.189880
D,DISPATCH,UNIT_SCADA,1,"2019/08/21 22:20:00",YWPS3,0
D,DISPATCH,UNIT_SCADA,1,"2019/08/21 22:20:00",YWPS4,397.213930
C,"END OF REPORT",334
