C,NEMP.WORLD,DISPATCHSCADA,AEMO,PUBLIC,2019/08/23,07:35:08,0000000311898188,DISPATCHSCADA,0000000311898182
I,DISPATCH,UNIT_SCADA,1,SETTLEMENTDATE,DUID,SCADAVALUE
D,DISPATCH,UNIT_SCADA,1,"2019/08/23 07:40:00",BARCSF1,7.60
D,DISPATCH,UNIT_SCADA,1,"2019/08/23 07:40:00",BUTLERSG,9.699999
D,DISPATCH,UNIT_SCADA,1,"2019/08/23 07:40:00",CALL_A_4,0
D,DISPATCH,UNIT_SCADA,1,"2019/08/23 07:40:00",CAPTL_WF,0
D,DISPATCH,UNIT_SCADA,1,"2019/08/23 07:40:00",CATHROCK,53.959995
D,DISPATCH,UNIT_SCADA,1,"2019/08/23 07:40:00",CHALLHWF,0
D,DISPATCH,UNIT_SCADA,1,"2019/08/23 07:40:00",CLOVER,-0.01
D,DISPATCH,UNIT_SCADA,1,"2019/08/23 07:40:00",CLUNY,20.311741
D,DISPATCH,UNIT_SCADA,1,"2019/08/23 07:40:00",CNUNDAWF,5.406306
D,DISPATCH,UNIT_SCADA,1,"2019/08/23 07:40:00",CULLRGWF,0.80
D,DISPATCH,UNIT_SCADA,1,"2019/08/23 07:40:00",ERGT01,0
D,DISPATCH,UNIT_SCADA,1,"2019/08/23 07:40:00",GB01,0.055931
D,DISPATCH,UNIT_SCADA,1,"2019/08/23 07:40:00",GERMCRK,37.599998
D,DISPATCH,UNIT_SCADA,1,"2019/08/23 07:40:00",GRIFSF1,9.300003
D,DISPATCH,UNIT_SCADA,1,"2019/08/23 07:40:00",HUGSF1,4.5080
D,DISPATCH,UNIT_SCADA,1,"2019/08/23 07:40:00",LKBONNY1,8.663009
D,DISPATCH,UNIT_SCADA,1,"2019/08/23 07:40:00",LRSF1,-0.0130
D,DISPATCH,UNIT_SCADA,1,"2019/08/23 07:40:00",MBAHNTH,55.724991
D,DISPATCH,UNIT_SCADA,1,"2019/08/23 07:40:00",MLSP1,3.382001
D,DISPATCH,UNIT_SCADA,1,"2019/08/23 07:40:00",MLWF1,5.4750
D,DISPATCH,UNIT_SCADA,1,"2019/08/23 07:40:00",MTMILLAR,17.457317
D,DISPATCH,UNIT_SCADA,1,"2019/08/23 07:40:00",PALOONA,30.42
D,DISPATCH,UNIT_SCADA,1,"2019/08/23 07:40:00",PIONEER,46.900002
D,DISPATCH,UNIT_SCADA,1,"2019/08/23 07:40:00",PORTWF,47.799999
D,DISPATCH,UNIT_SCADA,1,"2019/08/23 07:40:00",REPULSE,28.942703
D,DISPATCH,UNIT_SCADA,1,"2019/08/23 07:40:00",ROWALLAN,10.3021
D,DISPATCH,UNIT_SCADA,1,"2019/08/23 07:40:00",ROYALLA1,6.1190
D,DISPATCH,UNIT_SCADA,1,"2019/08/23 07:40:00",RPCG,11.20
D,DISPATCH,UNIT_SCADA,1,"2019/08/23 07:40:00",RUBICON,0
D,DISPATCH,UNIT_SCADA,1,"2019/08/23 07:40:00",SATGN1,0
D,DISPATCH,UNIT_SCADA,1,"2019/08/23 07:40:00",SATGS1,0
D,DISPATCH,UNIT_SCADA,1,"2019/08/23 07:40:00",STARHLWF,10.896822
D,DISPATCH,UNIT_SCADA,1,"2019/08/23 07:40:00",WAUBRAWF,0
D,DISPATCH,UNIT_SCADA,1,"2019/08/23 07:40:00",WOOLNTH1,33.110016
D,DISPATCH,UNIT_SCADA,1,"2019/08/23 07:40:00",WPWF,21
D,DISPATCH,UNIT_SCADA,1,"2019/08/23 07:40:00",YAMBUKWF,3.40
D,DISPATCH,UNIT_SCADA,1,"2019/08/23 07:40:00",YSWF1,3.70
D,DISPATCH,UNIT_SCADA,1,"2019/08/23 07:40:00",AGLHAL,0
D,DISPATCH,UNIT_SCADA,1,"2019/08/23 07:40:00",AGLSOM,0
D,DISPATCH,UNIT_SCADA,1,"2019/08/23 07:40:00",ANGAST1,0
D,DISPATCH,UNIT_SCADA,1,"2019/08/23 07:40:00",ARWF1,-0.20
D,DISPATCH,UNIT_SCADA,1,"2019/08/23 07:40:00",BALBG1,0.83
D,DISPATCH,UNIT_SCADA,1,"2019/08/23 07:40:00",BALBL1,0
D,DISPATCH,UNIT_SCADA,1,"2019/08/23 07:40:00",BALDHWF1,26.9390
D,DISPATCH,UNIT_SCADA,1,"2019/08/23 07:40:00",BANN1,8.39
D,DISPATCH,UNIT_SCADA,1,"2019/08/23 07:40:00",BARCALDN,0
D,DISPATCH,UNIT_SCADA,1,"2019/08/23 07:40:00",BARRON-1,0
D,DISPATCH,UNIT_SCADA,1,"2019/08/23 07:40:00",BARRON-2,28.76
D,DISPATCH,UNIT_SCADA,1,"2019/08/23 07:40:00",BASTYAN,77.740010
D,DISPATCH,UNIT_SCADA,1,"2019/08/23 07:40:00",BBTHREE1,0
D,DISPATCH,UNIT_SCADA,1,"2019/08/23 07:40:00",BBTHREE2,-1.95
D,DISPATCH,UNIT_SCADA,1,"2019/08/23 07:40:00",BBTHREE3,-1.01
D,DISPATCH,UNIT_SCADA,1,"2019/08/23 07:40:00",BDL01,40.68
D,DISPATCH,UNIT_SCADA,1,"2019/08/23 07:40:00",BDL02,44.76
D,DISPATCH,UNIT_SCADA,1,"2019/08/23 07:40:00",BERYLSF1,28.149940
D,DISPATCH,UNIT_SCADA,1,"2019/08/23 07:40:00",BLOWERNG,0
D,DISPATCH,UNIT_SCADA,1,"2019/08/23 07:40:00",BLUFF1,12.90
D,DISPATCH,UNIT_SCADA,1,"2019/08/23 07:40:00",BNGSF1,1.29
D,DISPATCH,UNIT_SCADA,1,"2019/08/23 07:40:00",BNGSF2,0.30
D,DISPATCH,UNIT_SCADA,1,"2019/08/23 07:40:00",BOCORWF1,4.20
D,DISPATCH,UNIT_SCADA,1,"2019/08/23 07:40:00",BODWF1,69.530960
D,DISPATCH,UNIT_SCADA,1,"2019/08/23 07:40:00",BRAEMAR1,0
D,DISPATCH,UNIT_SCADA,1,"2019/08/23 07:40:00",BRAEMAR2,138.400010
D,DISPATCH,UNIT_SCADA,1,"2019/08/23 07:40:00",BRAEMAR3,0
D,DISPATCH,UNIT_SCADA,1,"2019/08/23 07:40:00",BRAEMAR5,0
D,DISPATCH,UNIT_SCADA,1,"2019/08/23 07:40:00",BRAEMAR6,160.018130
D,DISPATCH,UNIT_SCADA,1,"2019/08/23 07:40:00",BRAEMAR7,0
D,DISPATCH,UNIT_SCADA,1,"2019/08/23 07:40:00",BROKENH1,5.4270
D,DISPATCH,UNIT_SCADA,1,"2019/08/23 07:40:00",BW01,657.275020
D,DISPATCH,UNIT_SCADA,1,"2019/08/23 07:40:00",BW02,656.474980
D,DISPATCH,UNIT_SCADA,1,"2019/08/23 07:40:00",BW03,657.674930
D,DISPATCH,UNIT_SCADA,1,"2019/08/23 07:40:00",BW04,0
D,DISPATCH,UNIT_SCADA,1,"2019/08/23 07:40:00",CALL_B_1,349.800020
D,DISPATCH,UNIT_SCADA,1,"2019/08/23 07:40:00",CALL_B_2,348.600010
D,DISPATCH,UNIT_SCADA,1,"2019/08/23 07:40:00",CETHANA,97.525880
D,DISPATCH,UNIT_SCADA,1,"2019/08/23 07:40:00",CG1,0
D,DISPATCH,UNIT_SCADA,1,"2019/08/23 07:40:00",CG2,0
D,DISPATCH,UNIT_SCADA,1,"2019/08/23 07:40:00",CG3,0
D,DISPATCH,UNIT_SCADA,1,"2019/08/23 07:40:00",CG4,0
D,DISPATCH,UNIT_SCADA,1,"2019/08/23 07:40:00",CHILDSF1,32.72
D,DISPATCH,UNIT_SCADA,1,"2019/08/23 07:40:00",CLARESF1,0
D,DISPATCH,UNIT_SCADA,1,"2019/08/23 07:40:00",CLEMGPWF,8.788270
D,DISPATCH,UNIT_SCADA,1,"2019/08/23 07:40:00",CLERMSF1,14.65
D,DISPATCH,UNIT_SCADA,1,"2019/08/23 07:40:00",COLEASF1,29.90
D,DISPATCH,UNIT_SCADA,1,"2019/08/23 07:40:00",COOPGWF1,24.279640
D,DISPATCH,UNIT_SCADA,1,"2019/08/23 07:40:00",CPP_3,406.450010
D,DISPATCH,UNIT_SCADA,1,"2019/08/23 07:40:00",CPP_4,406.175020
D,DISPATCH,UNIT_SCADA,1,"2019/08/23 07:40:00",CPSA,141.451250
D,DISPATCH,UNIT_SCADA,1,"2019/08/23 07:40:00",CROOKWF2,0.647510
D,DISPATCH,UNIT_SCADA,1,"2019/08/23 07:40:00",CROWLWF1,-0.266820
D,DISPATCH,UNIT_SCADA,1,"2019/08/23 07:40:00",CSPVPS1,10.2790
D,DISPATCH,UNIT_SCADA,1,"2019/08/23 07:40:00",DALNTH01,0
D,DISPATCH,UNIT_SCADA,1,"2019/08/23 07:40:00",DALNTHL1,0.2121
D,DISPATCH,UNIT_SCADA,1,"2019/08/23 07:40:00",DARTM1,133.600010
D,DISPATCH,UNIT_SCADA,1,"2019/08/23 07:40:00",DAYDSF1,74.4640
D,DISPATCH,UNIT_SCADA,1,"2019/08/23 07:40:00",DDPS1,468.748810
D,DISPATCH,UNIT_SCADA,1,"2019/08/23 07:40:00",DDSF1,35.229690
D,DISPATCH,UNIT_SCADA,1,"2019/08/23 07:40:00",DEVILS_G,0
D,DISPATCH,UNIT_SCADA,1,"2019/08/23 07:40:00",DG_NSW1,0
D,DISPATCH,UNIT_SCADA,1,"2019/08/23 07:40:00",DG_QLD1,0
D,DISPATCH,UNIT_SCADA,1,"2019/08/23 07:40:00",DG_SA1,0
D,DISPATCH,UNIT_SCADA,1,"2019/08/23 07:40:00",DG_TAS1,0
D,DISPATCH,UNIT_SCADA,1,"2019/08/23 07:40:00",DG_VIC1,0
D,DISPATCH,UNIT_SCADA,1,"2019/08/23 07:40:00",DRYCGT1,0
D,DISPATCH,UNIT_SCADA,1,"2019/08/23 07:40:00",DRYCGT2,0
D,DISPATCH,UNIT_SCADA,1,"2019/08/23 07:40:00",DRYCGT3,0
D,DISPATCH,UNIT_SCADA,1,"2019/08/23 07:40:00",EILDON1,0
D,DISPATCH,UNIT_SCADA,1,"2019/08/23 07:40:00",EILDON2,0
D,DISPATCH,UNIT_SCADA,1,"2019/08/23 07:40:00",EMERASF1,32.78
D,DISPATCH,UNIT_SCADA,1,"2019/08/23 07:40:00",ER01,585.3501
D,DISPATCH,UNIT_SCADA,1,"2019/08/23 07:40:00",ER02,695.425050
D,DISPATCH,UNIT_SCADA,1,"2019/08/23 07:40:00",ER03,698.974980
D,DISPATCH,UNIT_SCADA,1,"2019/08/23 07:40:00",ER04,617.074950
D,DISPATCH,UNIT_SCADA,1,"2019/08/23 07:40:00",FINLYSF1,0.356060
D,DISPATCH,UNIT_SCADA,1,"2019/08/23 07:40:00",FISHER,45.84
D,DISPATCH,UNIT_SCADA,1,"2019/08/23 07:40:00",GANNBG1,25.360240
D,DISPATCH,UNIT_SCADA,1,"2019/08/23 07:40:00",GANNBL1,0
D,DISPATCH,UNIT_SCADA,1,"2019/08/23 07:40:00",GANNSF1,8.70
D,DISPATCH,UNIT_SCADA,1,"2019/08/23 07:40:00",GORDON,219.723830
D,DISPATCH,UNIT_SCADA,1,"2019/08/23 07:40:00",GSTONE1,227.149990
D,DISPATCH,UNIT_SCADA,1,"2019/08/23 07:40:00",GSTONE2,230.474990
D,DISPATCH,UNIT_SCADA,1,"2019/08/23 07:40:00",GSTONE3,211.5750
D,DISPATCH,UNIT_SCADA,1,"2019/08/23 07:40:00",GSTONE4,215.599990
D,DISPATCH,UNIT_SCADA,1,"2019/08/23 07:40:00",GSTONE5,226.80
D,DISPATCH,UNIT_SCADA,1,"2019/08/23 07:40:00",GSTONE6,0
D,DISPATCH,UNIT_SCADA,1,"2019/08/23 07:40:00",GULLRSF1,4.157290
D,DISPATCH,UNIT_SCADA,1,"2019/08/23 07:40:00",GULLRWF1,19.260830
D,DISPATCH,UNIT_SCADA,1,"2019/08/23 07:40:00",GUNNING1,4.622290
D,DISPATCH,UNIT_SCADA,1,"2019/08/23 07:40:00",GUTHEGA,0
D,DISPATCH,UNIT_SCADA,1,"2019/08/23 07:40:00",HALLWF1,31.05
D,DISPATCH,UNIT_SCADA,1,"2019/08/23 07:40:00",HALLWF2,30.03
D,DISPATCH,UNIT_SCADA,1,"2019/08/23 07:40:00",HAMISF1,28.70
D,DISPATCH,UNIT_SCADA,1,"2019/08/23 07:40:00",HAUGHT11,49.983490
D,DISPATCH,UNIT_SCADA,1,"2019/08/23 07:40:00",HAYMSF1,26.5550
D,DISPATCH,UNIT_SCADA,1,"2019/08/23 07:40:00",HDWF1,55.50
D,DISPATCH,UNIT_SCADA,1,"2019/08/23 07:40:00",HDWF2,55.90
D,DISPATCH,UNIT_SCADA,1,"2019/08/23 07:40:00",HDWF3,50.20
D,DISPATCH,UNIT_SCADA,1,"2019/08/23 07:40:00",HPRG1,29.90
D,DISPATCH,UNIT_SCADA,1,"2019/08/23 07:40:00",HPRL1,0
D,DISPATCH,UNIT_SCADA,1,"2019/08/23 07:40:00",HUMENSW,0
D,DISPATCH,UNIT_SCADA,1,"2019/08/23 07:40:00",HUMEV,8.30
D,DISPATCH,UNIT_SCADA,1,"2019/08/23 07:40:00",HVGTS,0
D,DISPATCH,UNIT_SCADA,1,"2019/08/23 07:40:00",JBUTTERS,139.14
D,DISPATCH,UNIT_SCADA,1,"2019/08/23 07:40:00",JLA01,54
D,DISPATCH,UNIT_SCADA,1,"2019/08/23 07:40:00",JLA02,53.70
D,DISPATCH,UNIT_SCADA,1,"2019/08/23 07:40:00",JLA03,0.10
D,DISPATCH,UNIT_SCADA,1,"2019/08/23 07:40:00",JLA04,0.10
D,DISPATCH,UNIT_SCADA,1,"2019/08/23 07:40:00",JLB01,0
D,DISPATCH,UNIT_SCADA,1,"2019/08/23 07:40:00",JLB02,83.60
D,DISPATCH,UNIT_SCADA,1,"2019/08/23 07:40:00",JLB03,83.30
D,DISPATCH,UNIT_SCADA,1,"2019/08/23 07:40:00",KAREEYA1,21.42
D,DISPATCH,UNIT_SCADA,1,"2019/08/23 07:40:00",KAREEYA2,21.4625
D,DISPATCH,UNIT_SCADA,1,"2019/08/23 07:40:00",KAREEYA3,0
D,DISPATCH,UNIT_SCADA,1,"2019/08/23 07:40:00",KAREEYA4,21.6575
D,DISPATCH,UNIT_SCADA,1,"2019/08/23 07:40:00",KARSF1,8.80
D,DISPATCH,UNIT_SCADA,1,"2019/08/23 07:40:00",KIATAWF1,12.80
D,DISPATCH,UNIT_SCADA,1,"2019/08/23 07:40:00",KPP_1,0
D,DISPATCH,UNIT_SCADA,1,"2019/08/23 07:40:00",KSP1,25.24
D,DISPATCH,UNIT_SCADA,1,"2019/08/23 07:40:00",LADBROK1,43.43
D,DISPATCH,UNIT_SCADA,1,"2019/08/23 07:40:00",LADBROK2,42.83
D,DISPATCH,UNIT_SCADA,1,"2019/08/23 07:40:00",LD01,413.662540
D,DISPATCH,UNIT_SCADA,1,"2019/08/23 07:40:00",LD02,300.899960
D,DISPATCH,UNIT_SCADA,1,"2019/08/23 07:40:00",LD03,421.068790
D,DISPATCH,UNIT_SCADA,1,"2019/08/23 07:40:00",LD04,378.600040
D,DISPATCH,UNIT_SCADA,1,"2019/08/23 07:40:00",LEM_WIL,86.1183
D,DISPATCH,UNIT_SCADA,1,"2019/08/23 07:40:00",LGAPWF1,25.57
D,DISPATCH,UNIT_SCADA,1,"2019/08/23 07:40:00",LILYSF1,53.477370
D,DISPATCH,UNIT_SCADA,1,"2019/08/23 07:40:00",LI_WY_CA,149.627670
D,DISPATCH,UNIT_SCADA,1,"2019/08/23 07:40:00",LKBONNY2,15.500640
D,DISPATCH,UNIT_SCADA,1,"2019/08/23 07:40:00",LKBONNY3,4.856520
D,DISPATCH,UNIT_SCADA,1,"2019/08/23 07:40:00",LK_ECHO,0
D,DISPATCH,UNIT_SCADA,1,"2019/08/23 07:40:00",LNGS1,0
D,DISPATCH,UNIT_SCADA,1,"2019/08/23 07:40:00",LNGS2,0
D,DISPATCH,UNIT_SCADA,1,"2019/08/23 07:40:00",LONSDALE,0
D,DISPATCH,UNIT_SCADA,1,"2019/08/23 07:40:00",LOYYB1,536.088620
D,DISPATCH,UNIT_SCADA,1,"2019/08/23 07:40:00",LOYYB2,580.8266
D,DISPATCH,UNIT_SCADA,1,"2019/08/23 07:40:00",LYA1,560
D,DISPATCH,UNIT_SCADA,1,"2019/08/23 07:40:00",LYA2,0
D,DISPATCH,UNIT_SCADA,1,"2019/08/23 07:40:00",LYA3,560
D,DISPATCH,UNIT_SCADA,1,"2019/08/23 07:40:00",LYA4,539
D,DISPATCH,UNIT_SCADA,1,"2019/08/23 07:40:00",MACARTH1,107.097530
D,DISPATCH,UNIT_SCADA,1,"2019/08/23 07:40:00",MACKAYGT,0
D,DISPATCH,UNIT_SCADA,1,"2019/08/23 07:40:00",MACKNTSH,87.240010
D,DISPATCH,UNIT_SCADA,1,"2019/08/23 07:40:00",MANSLR1,15.4680
D,DISPATCH,UNIT_SCADA,1,"2019/08/23 07:40:00",MCKAY1,0.02
D,DISPATCH,UNIT_SCADA,1,"2019/08/23 07:40:00",MEADOWBK,34.038780
D,DISPATCH,UNIT_SCADA,1,"2019/08/23 07:40:00",MERCER01,10.5570
D,DISPATCH,UNIT_SCADA,1,"2019/08/23 07:40:00",MEWF1,97.972230
D,DISPATCH,UNIT_SCADA,1,"2019/08/23 07:40:00",MINTARO,0
D,DISPATCH,UNIT_SCADA,1,"2019/08/23 07:40:00",MOREESF1,33.4980
D,DISPATCH,UNIT_SCADA,1,"2019/08/23 07:40:00",MORTLK11,259
D,DISPATCH,UNIT_SCADA,1,"2019/08/23 07:40:00",MORTLK12,0
D,DISPATCH,UNIT_SCADA,1,"2019/08/23 07:40:00",MP1,435.3750
D,DISPATCH,UNIT_SCADA,1,"2019/08/23 07:40:00",MP2,0
D,DISPATCH,UNIT_SCADA,1,"2019/08/23 07:40:00",MPP_1,403
D,DISPATCH,UNIT_SCADA,1,"2019/08/23 07:40:00",MPP_2,435.25
D,DISPATCH,UNIT_SCADA,1,"2019/08/23 07:40:00",MSTUART1,0
D,DISPATCH,UNIT_SCADA,1,"2019/08/23 07:40:00",MSTUART2,0
D,DISPATCH,UNIT_SCADA,1,"2019/08/23 07:40:00",MSTUART3,0
D,DISPATCH,UNIT_SCADA,1,"2019/08/23 07:40:00",MTGELWF1,13.934750
D,DISPATCH,UNIT_SCADA,1,"2019/08/23 07:40:00",MURRAY,1056.040650
D,DISPATCH,UNIT_SCADA,1,"2019/08/23 07:40:00",MUSSELR1,96.10
D,DISPATCH,UNIT_SCADA,1,"2019/08/23 07:40:00",MUWAWF1,5.25
D,DISPATCH,UNIT_SCADA,1,"2019/08/23 07:40:00",NBHWF1,59
D,DISPATCH,UNIT_SCADA,1,"2019/08/23 07:40:00",NPS,511.8750
D,DISPATCH,UNIT_SCADA,1,"2019/08/23 07:40:00",NUMURSF1,18.27
D,DISPATCH,UNIT_SCADA,1,"2019/08/23 07:40:00",NYNGAN1,22
D,DISPATCH,UNIT_SCADA,1,"2019/08/23 07:40:00",OAKEY1,0
D,DISPATCH,UNIT_SCADA,1,"2019/08/23 07:40:00",OAKEY1SF,13.63
D,DISPATCH,UNIT_SCADA,1,"2019/08/23 07:40:00",OAKEY2,0
D,DISPATCH,UNIT_SCADA,1,"2019/08/23 07:40:00",OAKLAND1,4
D,DISPATCH,UNIT_SCADA,1,"2019/08/23 07:40:00",OSB-AG,188.549990
D,DISPATCH,UNIT_SCADA,1,"2019/08/23 07:40:00",PARSF1,27.50
D,DISPATCH,UNIT_SCADA,1,"2019/08/23 07:40:00",POAT110,40.72
D,DISPATCH,UNIT_SCADA,1,"2019/08/23 07:40:00",POAT220,141.154820
D,DISPATCH,UNIT_SCADA,1,"2019/08/23 07:40:00",POR01,0
D,DISPATCH,UNIT_SCADA,1,"2019/08/23 07:40:00",POR03,0
D,DISPATCH,UNIT_SCADA,1,"2019/08/23 07:40:00",PPCCGT,503.735720
D,DISPATCH,UNIT_SCADA,1,"2019/08/23 07:40:00",PTSTAN1,0
D,DISPATCH,UNIT_SCADA,1,"2019/08/23 07:40:00",PUMP1,0
D,DISPATCH,UNIT_SCADA,1,"2019/08/23 07:40:00",PUMP2,0
D,DISPATCH,UNIT_SCADA,1,"2019/08/23 07:40:00",QPS1,29
D,DISPATCH,UNIT_SCADA,1,"2019/08/23 07:40:00",QPS2,0
D,DISPATCH,UNIT_SCADA,1,"2019/08/23 07:40:00",QPS3,0
D,DISPATCH,UNIT_SCADA,1,"2019/08/23 07:40:00",QPS4,0
D,DISPATCH,UNIT_SCADA,1,"2019/08/23 07:40:00",QPS5,127.70
D,DISPATCH,UNIT_SCADA,1,"2019/08/23 07:40:00",REECE1,118.720010
D,DISPATCH,UNIT_SCADA,1,"2019/08/23 07:40:00",REECE2,118.430010
D,DISPATCH,UNIT_SCADA,1,"2019/08/23 07:40:00",ROMA_7,0
D,DISPATCH,UNIT_SCADA,1,"2019/08/23 07:40:00",ROMA_8,0
D,DISPATCH,UNIT_SCADA,1,"2019/08/23 07:40:00",RRSF1,51.310780
D,DISPATCH,UNIT_SCADA,1,"2019/08/23 07:40:00",RT_NSW1,0
D,DISPATCH,UNIT_SCADA,1,"2019/08/23 07:40:00",RT_NSW2,0
D,DISPATCH,UNIT_SCADA,1,"2019/08/23 07:40:00",RT_NSW3,0
D,DISPATCH,UNIT_SCADA,1,"2019/08/23 07:40:00",RT_NSW4,0
D,DISPATCH,UNIT_SCADA,1,"2019/08/23 07:40:00",RT_NSW5,0
D,DISPATCH,UNIT_SCADA,1,"2019/08/23 07:40:00",RT_NSW6,0
D,DISPATCH,UNIT_SCADA,1,"2019/08/23 07:40:00",RT_QLD1,0
D,DISPATCH,UNIT_SCADA,1,"2019/08/23 07:40:00",RT_SA1,0
D,DISPATCH,UNIT_SCADA,1,"2019/08/23 07:40:00",RT_SA2,0
D,DISPATCH,UNIT_SCADA,1,"2019/08/23 07:40:00",RT_SA3,0
D,DISPATCH,UNIT_SCADA,1,"2019/08/23 07:40:00",RT_SA4,0
D,DISPATCH,UNIT_SCADA,1,"2019/08/23 07:40:00",RT_SA5,0
D,DISPATCH,UNIT_SCADA,1,"2019/08/23 07:40:00",RT_SA6,0
D,DISPATCH,UNIT_SCADA,1,"2019/08/23 07:40:00",RT_TAS1,0
D,DISPATCH,UNIT_SCADA,1,"2019/08/23 07:40:00",RT_VIC1,0
D,DISPATCH,UNIT_SCADA,1,"2019/08/23 07:40:00",RT_VIC10,0
D,DISPATCH,UNIT_SCADA,1,"2019/08/23 07:40:00",RT_VIC11,0
D,DISPATCH,UNIT_SCADA,1,"2019/08/23 07:40:00",RT_VIC12,0
D,DISPATCH,UNIT_SCADA,1,"2019/08/23 07:40:00",RT_VIC2,0
D,DISPATCH,UNIT_SCADA,1,"2019/08/23 07:40:00",RT_VIC3,0
D,DISPATCH,UNIT_SCADA,1,"2019/08/23 07:40:00",RT_VIC4,0
D,DISPATCH,UNIT_SCADA,1,"2019/08/23 07:40:00",RT_VIC5,0
D,DISPATCH,UNIT_SCADA,1,"2019/08/23 07:40:00",RT_VIC6,0
D,DISPATCH,UNIT_SCADA,1,"2019/08/23 07:40:00",RT_VIC7,0
D,DISPATCH,UNIT_SCADA,1,"2019/08/23 07:40:00",RT_VIC8,0
D,DISPATCH,UNIT_SCADA,1,"2019/08/23 07:40:00",RT_VIC9,0
D,DISPATCH,UNIT_SCADA,1,"2019/08/23 07:40:00",RUGBYR1,42.911740
D,DISPATCH,UNIT_SCADA,1,"2019/08/23 07:40:00",SALTCRK1,3
D,DISPATCH,UNIT_SCADA,1,"2019/08/23 07:40:00",SAPHWF1,6.403110
D,DISPATCH,UNIT_SCADA,1,"2019/08/23 07:40:00",SHGEN,199.628780
D,DISPATCH,UNIT_SCADA,1,"2019/08/23 07:40:00",SHPUMP,0
D,DISPATCH,UNIT_SCADA,1,"2019/08/23 07:40:00",SITHE01,123.306740
D,DISPATCH,UNIT_SCADA,1,"2019/08/23 07:40:00",SMCSF1,23.732230
D,DISPATCH,UNIT_SCADA,1,"2019/08/23 07:40:00",SNOWNTH1,83.90
D,DISPATCH,UNIT_SCADA,1,"2019/08/23 07:40:00",SNOWSTH1,51.50
D,DISPATCH,UNIT_SCADA,1,"2019/08/23 07:40:00",SNOWTWN1,56.604740
D,DISPATCH,UNIT_SCADA,1,"2019/08/23 07:40:00",SNOWYP,0
D,DISPATCH,UNIT_SCADA,1,"2019/08/23 07:40:00",SNUG1,0.019440
D,DISPATCH,UNIT_SCADA,1,"2019/08/23 07:40:00",SRSF1,0.96
D,DISPATCH,UNIT_SCADA,1,"2019/08/23 07:40:00",STAN-1,0
D,DISPATCH,UNIT_SCADA,1,"2019/08/23 07:40:00",STAN-2,337.351680
D,DISPATCH,UNIT_SCADA,1,"2019/08/23 07:40:00",STAN-3,335.762270
D,DISPATCH,UNIT_SCADA,1,"2019/08/23 07:40:00",STAN-4,352.156250
D,DISPATCH,UNIT_SCADA,1,"2019/08/23 07:40:00",STWF1,16.9650
D,DISPATCH,UNIT_SCADA,1,"2019/08/23 07:40:00",SWAN_E,0
D,DISPATCH,UNIT_SCADA,1,"2019/08/23 07:40:00",TALWA1,429
D,DISPATCH,UNIT_SCADA,1,"2019/08/23 07:40:00",TARALGA1,0
D,DISPATCH,UNIT_SCADA,1,"2019/08/23 07:40:00",TARONG#1,335.200010
D,DISPATCH,UNIT_SCADA,1,"2019/08/23 07:40:00",TARONG#2,140.70
D,DISPATCH,UNIT_SCADA,1,"2019/08/23 07:40:00",TARONG#3,276.200010
D,DISPATCH,UNIT_SCADA,1,"2019/08/23 07:40:00",TARONG#4,344.800020
D,DISPATCH,UNIT_SCADA,1,"2019/08/23 07:40:00",TARRALEA,82.20
D,DISPATCH,UNIT_SCADA,1,"2019/08/23 07:40:00",TBSF1,-0.20
D,DISPATCH,UNIT_SCADA,1,"2019/08/23 07:40:00",TNPS1,441.700010
D,DISPATCH,UNIT_SCADA,1,"2019/08/23 07:40:00",TORRA1,118.747860
D,DISPATCH,UNIT_SCADA,1,"2019/08/23 07:40:00",TORRA2,61.358510
D,DISPATCH,UNIT_SCADA,1,"2019/08/23 07:40:00",TORRA3,0
D,DISPATCH,UNIT_SCADA,1,"2019/08/23 07:40:00",TORRA4,0
D,DISPATCH,UNIT_SCADA,1,"2019/08/23 07:40:00",TORRB1,0
D,DISPATCH,UNIT_SCADA,1,"2019/08/23 07:40:00",TORRB2,199.19
D,DISPATCH,UNIT_SCADA,1,"2019/08/23 07:40:00",TORRB3,0
D,DISPATCH,UNIT_SCADA,1,"2019/08/23 07:40:00",TORRB4,0
D,DISPATCH,UNIT_SCADA,1,"2019/08/23 07:40:00",TREVALLN,86.620030
D,DISPATCH,UNIT_SCADA,1,"2019/08/23 07:40:00",TRIBUTE,83.47
D,DISPATCH,UNIT_SCADA,1,"2019/08/23 07:40:00",TUMUT3,251.20
D,DISPATCH,UNIT_SCADA,1,"2019/08/23 07:40:00",TUNGATIN,137.010030
D,DISPATCH,UNIT_SCADA,1,"2019/08/23 07:40:00",TVCC201,0
D,DISPATCH,UNIT_SCADA,1,"2019/08/23 07:40:00",TVPP104,57.885170
D,DISPATCH,UNIT_SCADA,1,"2019/08/23 07:40:00",UPPTUMUT,0
D,DISPATCH,UNIT_SCADA,1,"2019/08/23 07:40:00",URANQ11,0
D,DISPATCH,UNIT_SCADA,1,"2019/08/23 07:40:00",URANQ12,0
D,DISPATCH,UNIT_SCADA,1,"2019/08/23 07:40:00",URANQ13,0
D,DISPATCH,UNIT_SCADA,1,"2019/08/23 07:40:00",URANQ14,0
D,DISPATCH,UNIT_SCADA,1,"2019/08/23 07:40:00",VP5,631.899960
D,DISPATCH,UNIT_SCADA,1,"2019/08/23 07:40:00",VP6,401.049990
D,DISPATCH,UNIT_SCADA,1,"2019/08/23 07:40:00",VPGS1,0
D,DISPATCH,UNIT_SCADA,1,"2019/08/23 07:40:00",VPGS2,0
D,DISPATCH,UNIT_SCADA,1,"2019/08/23 07:40:00",VPGS3,0
D,DISPATCH,UNIT_SCADA,1,"2019/08/23 07:40:00",VPGS4,0
D,DISPATCH,UNIT_SCADA,1,"2019/08/23 07:40:00",VPGS5,0
D,DISPATCH,UNIT_SCADA,1,"2019/08/23 07:40:00",VPGS6,0
D,DISPATCH,UNIT_SCADA,1,"2019/08/23 07:40:00",W/HOE#1,0
D,DISPATCH,UNIT_SCADA,1,"2019/08/23 07:40:00",W/HOE#2,0
D,DISPATCH,UNIT_SCADA,1,"2019/08/23 07:40:00",WATERLWF,24
D,DISPATCH,UNIT_SCADA,1,"2019/08/23 07:40:00",WEMENSF1,11.70
D,DISPATCH,UNIT_SCADA,1,"2019/08/23 07:40:00",WGWF1,45.50
D,DISPATCH,UNIT_SCADA,1,"2019/08/23 07:40:00",WHITSF1,27
D,DISPATCH,UNIT_SCADA,1,"2019/08/23 07:40:00",WKIEWA1,31.30
D,DISPATCH,UNIT_SCADA,1,"2019/08/23 07:40:00",WKIEWA2,15.50
D,DISPATCH,UNIT_SCADA,1,"2019/08/23 07:40:00",WOODLWN1,0
D,DISPATCH,UNIT_SCADA,1,"2019/08/23 07:40:00",WRSF1,7.96
D,DISPATCH,UNIT_SCADA,1,"2019/08/23 07:40:00",WRWF1,13.7850
D,DISPATCH,UNIT_SCADA,1,"2019/08/23 07:40:00",YABULU,0
D,DISPATCH,UNIT_SCADA,1,"2019/08/23 07:40:00",YABULU2,0
D,DISPATCH,UNIT_SCADA,1,"2019/08/23 07:40:00",YARWUN_1,0
D,DISPATCH,UNIT_SCADA,1,"2019/08/23 07:40:00",YENDWF1,7.74
D,DISPATCH,UNIT_SCADA,1,"2019/08/23 07:40:00",YWPS1,375.939240
D,DISPATCH,UNIT_SCADA,1,"2019/08/23 07:40:00",YWPS2,276.6886
D,DISPATCH,UNIT_SCADA,1,"2019/08/23 07:40:00",YWPS3,0
D,DISPATCH,UNIT_SCADA,1,"2019/08/23 07:40:00",YWPS4,0
C,"END OF REPORT",334
