C,NEMP.WORLD,DISPATCHSCADA,AEMO,PUBLIC,2019/08/19,14:55:07,0000000311749678,DISPATCHSCADA,0000000311749672
I,DISPATCH,UNIT_SCADA,1,SETTLEMENTDATE,DUID,SCADAVALUE
D,DISPATCH,UNIT_SCADA,1,"2019/08/19 15:00:00",BARCSF1,17.400002
D,DISPATCH,UNIT_SCADA,1,"2019/08/19 15:00:00",BUTLERSG,9.699999
D,DISPATCH,UNIT_SCADA,1,"2019/08/19 15:00:00",CALL_A_4,0
D,DISPATCH,UNIT_SCADA,1,"2019/08/19 15:00:00",CAPTL_WF,129.100006
D,DISPATCH,UNIT_SCADA,1,"2019/08/19 15:00:00",CATHROCK,24.429998
D,DISPATCH,UNIT_SCADA,1,"2019/08/19 15:00:00",CHALLHWF,24.900002
D,DISPATCH,UNIT_SCADA,1,"2019/08/19 15:00:00",CLOVER,-0.01
D,DISPATCH,UNIT_SCADA,1,"2019/08/19 15:00:00",CLUNY,17.244678
D,DISPATCH,UNIT_SCADA,1,"2019/08/19 15:00:00",CNUNDAWF,28.333052
D,DISPATCH,UNIT_SCADA,1,"2019/08/19 15:00:00",CULLRGWF,30.40
D,DISPATCH,UNIT_SCADA,1,"2019/08/19 15:00:00",ERGT01,0
D,DISPATCH,UNIT_SCADA,1,"2019/08/19 15:00:00",GB01,0.065208
D,DISPATCH,UNIT_SCADA,1,"2019/08/19 15:00:00",GERMCRK,35.700001
D,DISPATCH,UNIT_SCADA,1,"2019/08/19 15:00:00",GRIFSF1,25.796875
D,DISPATCH,UNIT_SCADA,1,"2019/08/19 15:00:00",HUGSF1,8.820001
D,DISPATCH,UNIT_SCADA,1,"2019/08/19 15:00:00",LKBONNY1,30.097256
D,DISPATCH,UNIT_SCADA,1,"2019/08/19 15:00:00",LRSF1,9.9940
D,DISPATCH,UNIT_SCADA,1,"2019/08/19 15:00:00",MBAHNTH,54.675003
D,DISPATCH,UNIT_SCADA,1,"2019/08/19 15:00:00",MLSP1,1.319001
D,DISPATCH,UNIT_SCADA,1,"2019/08/19 15:00:00",MLWF1,11.940001
D,DISPATCH,UNIT_SCADA,1,"2019/08/19 15:00:00",MTMILLAR,7.805936
D,DISPATCH,UNIT_SCADA,1,"2019/08/19 15:00:00",PALOONA,25.41
D,DISPATCH,UNIT_SCADA,1,"2019/08/19 15:00:00",PIONEER,40
D,DISPATCH,UNIT_SCADA,1,"2019/08/19 15:00:00",PORTWF,115.599998
D,DISPATCH,UNIT_SCADA,1,"2019/08/19 15:00:00",REPULSE,28.827955
D,DISPATCH,UNIT_SCADA,1,"2019/08/19 15:00:00",ROWALLAN,9.9045
D,DISPATCH,UNIT_SCADA,1,"2019/08/19 15:00:00",ROYALLA1,13.920001
D,DISPATCH,UNIT_SCADA,1,"2019/08/19 15:00:00",RPCG,-0.90
D,DISPATCH,UNIT_SCADA,1,"2019/08/19 15:00:00",RUBICON,0
D,DISPATCH,UNIT_SCADA,1,"2019/08/19 15:00:00",SATGN1,0
D,DISPATCH,UNIT_SCADA,1,"2019/08/19 15:00:00",SATGS1,0
D,DISPATCH,UNIT_SCADA,1,"2019/08/19 15:00:00",STARHLWF,6.298163
D,DISPATCH,UNIT_SCADA,1,"2019/08/19 15:00:00",WAUBRAWF,166.966003
D,DISPATCH,UNIT_SCADA,1,"2019/08/19 15:00:00",WOOLNTH1,127.010025
D,DISPATCH,UNIT_SCADA,1,"2019/08/19 15:00:00",WPWF,34
D,DISPATCH,UNIT_SCADA,1,"2019/08/19 15:00:00",YAMBUKWF,20
D,DISPATCH,UNIT_SCADA,1,"2019/08/19 15:00:00",YSWF1,28.700001
D,DISPATCH,UNIT_SCADA,1,"2019/08/19 15:00:00",AGLHAL,0
D,DISPATCH,UNIT_SCADA,1,"2019/08/19 15:00:00",AGLSOM,0
D,DISPATCH,UNIT_SCADA,1,"2019/08/19 15:00:00",ANGAST1,0
D,DISPATCH,UNIT_SCADA,1,"2019/08/19 15:00:00",ARWF1,143
D,DISPATCH,UNIT_SCADA,1,"2019/08/19 15:00:00",BALBG1,0
D,DISPATCH,UNIT_SCADA,1,"2019/08/19 15:00:00",BALBL1,0
D,DISPATCH,UNIT_SCADA,1,"2019/08/19 15:00:00",BALDHWF1,101.2860
D,DISPATCH,UNIT_SCADA,1,"2019/08/19 15:00:00",BANN1,0
D,DISPATCH,UNIT_SCADA,1,"2019/08/19 15:00:00",BARCALDN,0
D,DISPATCH,UNIT_SCADA,1,"2019/08/19 15:00:00",BARRON-1,0
D,DISPATCH,UNIT_SCADA,1,"2019/08/19 15:00:00",BARRON-2,25.20
D,DISPATCH,UNIT_SCADA,1,"2019/08/19 15:00:00",BASTYAN,80.820010
D,DISPATCH,UNIT_SCADA,1,"2019/08/19 15:00:00",BBTHREE1,0
D,DISPATCH,UNIT_SCADA,1,"2019/08/19 15:00:00",BBTHREE2,0
D,DISPATCH,UNIT_SCADA,1,"2019/08/19 15:00:00",BBTHREE3,0
D,DISPATCH,UNIT_SCADA,1,"2019/08/19 15:00:00",BDL01,0
D,DISPATCH,UNIT_SCADA,1,"2019/08/19 15:00:00",BDL02,0
D,DISPATCH,UNIT_SCADA,1,"2019/08/19 15:00:00",BERYLSF1,47.901660
D,DISPATCH,UNIT_SCADA,1,"2019/08/19 15:00:00",BLOWERNG,0
D,DISPATCH,UNIT_SCADA,1,"2019/08/19 15:00:00",BLUFF1,17
D,DISPATCH,UNIT_SCADA,1,"2019/08/19 15:00:00",BNGSF1,46.01
D,DISPATCH,UNIT_SCADA,1,"2019/08/19 15:00:00",BNGSF2,12.65
D,DISPATCH,UNIT_SCADA,1,"2019/08/19 15:00:00",BOCORWF1,111.14
D,DISPATCH,UNIT_SCADA,1,"2019/08/19 15:00:00",BODWF1,103.8131
D,DISPATCH,UNIT_SCADA,1,"2019/08/19 15:00:00",BRAEMAR1,0
D,DISPATCH,UNIT_SCADA,1,"2019/08/19 15:00:00",BRAEMAR2,0
D,DISPATCH,UNIT_SCADA,1,"2019/08/19 15:00:00",BRAEMAR3,0
D,DISPATCH,UNIT_SCADA,1,"2019/08/19 15:00:00",BRAEMAR5,0
D,DISPATCH,UNIT_SCADA,1,"2019/08/19 15:00:00",BRAEMAR6,0
D,DISPATCH,UNIT_SCADA,1,"2019/08/19 15:00:00",BRAEMAR7,0
D,DISPATCH,UNIT_SCADA,1,"2019/08/19 15:00:00",BROKENH1,26.725830
D,DISPATCH,UNIT_SCADA,1,"2019/08/19 15:00:00",BW01,595.8999
D,DISPATCH,UNIT_SCADA,1,"2019/08/19 15:00:00",BW02,630.849980
D,DISPATCH,UNIT_SCADA,1,"2019/08/19 15:00:00",BW03,638.325070
D,DISPATCH,UNIT_SCADA,1,"2019/08/19 15:00:00",BW04,0
D,DISPATCH,UNIT_SCADA,1,"2019/08/19 15:00:00",CALL_B_1,349.600010
D,DISPATCH,UNIT_SCADA,1,"2019/08/19 15:00:00",CALL_B_2,279.300020
D,DISPATCH,UNIT_SCADA,1,"2019/08/19 15:00:00",CETHANA,80.521380
D,DISPATCH,UNIT_SCADA,1,"2019/08/19 15:00:00",CG1,0
D,DISPATCH,UNIT_SCADA,1,"2019/08/19 15:00:00",CG2,0
D,DISPATCH,UNIT_SCADA,1,"2019/08/19 15:00:00",CG3,0
D,DISPATCH,UNIT_SCADA,1,"2019/08/19 15:00:00",CG4,0
D,DISPATCH,UNIT_SCADA,1,"2019/08/19 15:00:00",CHILDSF1,40.06
D,DISPATCH,UNIT_SCADA,1,"2019/08/19 15:00:00",CLARESF1,42.231810
D,DISPATCH,UNIT_SCADA,1,"2019/08/19 15:00:00",CLEMGPWF,9.796760
D,DISPATCH,UNIT_SCADA,1,"2019/08/19 15:00:00",CLERMSF1,14.97
D,DISPATCH,UNIT_SCADA,1,"2019/08/19 15:00:00",COLEASF1,138.299990
D,DISPATCH,UNIT_SCADA,1,"2019/08/19 15:00:00",COOPGWF1,33.408450
D,DISPATCH,UNIT_SCADA,1,"2019/08/19 15:00:00",CPP_3,396.825010
D,DISPATCH,UNIT_SCADA,1,"2019/08/19 15:00:00",CPP_4,395.175020
D,DISPATCH,UNIT_SCADA,1,"2019/08/19 15:00:00",CPSA,144.024380
D,DISPATCH,UNIT_SCADA,1,"2019/08/19 15:00:00",CROOKWF2,91.2050
D,DISPATCH,UNIT_SCADA,1,"2019/08/19 15:00:00",CROWLWF1,23.201790
D,DISPATCH,UNIT_SCADA,1,"2019/08/19 15:00:00",CSPVPS1,31.0790
D,DISPATCH,UNIT_SCADA,1,"2019/08/19 15:00:00",DALNTH01,0
D,DISPATCH,UNIT_SCADA,1,"2019/08/19 15:00:00",DALNTHL1,0.083920
D,DISPATCH,UNIT_SCADA,1,"2019/08/19 15:00:00",DARTM1,0
D,DISPATCH,UNIT_SCADA,1,"2019/08/19 15:00:00",DAYDSF1,108.389010
D,DISPATCH,UNIT_SCADA,1,"2019/08/19 15:00:00",DDPS1,18.985590
D,DISPATCH,UNIT_SCADA,1,"2019/08/19 15:00:00",DDSF1,78.929920
D,DISPATCH,UNIT_SCADA,1,"2019/08/19 15:00:00",DEVILS_G,0
D,DISPATCH,UNIT_SCADA,1,"2019/08/19 15:00:00",DG_NSW1,0
D,DISPATCH,UNIT_SCADA,1,"2019/08/19 15:00:00",DG_QLD1,0
D,DISPATCH,UNIT_SCADA,1,"2019/08/19 15:00:00",DG_SA1,0
D,DISPATCH,UNIT_SCADA,1,"2019/08/19 15:00:00",DG_TAS1,0
D,DISPATCH,UNIT_SCADA,1,"2019/08/19 15:00:00",DG_VIC1,0
D,DISPATCH,UNIT_SCADA,1,"2019/08/19 15:00:00",DRYCGT1,0
D,DISPATCH,UNIT_SCADA,1,"2019/08/19 15:00:00",DRYCGT2,0
D,DISPATCH,UNIT_SCADA,1,"2019/08/19 15:00:00",DRYCGT3,0
D,DISPATCH,UNIT_SCADA,1,"2019/08/19 15:00:00",EILDON1,0
D,DISPATCH,UNIT_SCADA,1,"2019/08/19 15:00:00",EILDON2,0
D,DISPATCH,UNIT_SCADA,1,"2019/08/19 15:00:00",EMERASF1,60.30
D,DISPATCH,UNIT_SCADA,1,"2019/08/19 15:00:00",ER01,369.75
D,DISPATCH,UNIT_SCADA,1,"2019/08/19 15:00:00",ER02,368.574950
D,DISPATCH,UNIT_SCADA,1,"2019/08/19 15:00:00",ER03,368.574950
D,DISPATCH,UNIT_SCADA,1,"2019/08/19 15:00:00",ER04,367.8750
D,DISPATCH,UNIT_SCADA,1,"2019/08/19 15:00:00",FINLYSF1,0.504560
D,DISPATCH,UNIT_SCADA,1,"2019/08/19 15:00:00",FISHER,45.96
D,DISPATCH,UNIT_SCADA,1,"2019/08/19 15:00:00",GANNBG1,0
D,DISPATCH,UNIT_SCADA,1,"2019/08/19 15:00:00",GANNBL1,5.416150
D,DISPATCH,UNIT_SCADA,1,"2019/08/19 15:00:00",GANNSF1,10.80
D,DISPATCH,UNIT_SCADA,1,"2019/08/19 15:00:00",GORDON,20.247920
D,DISPATCH,UNIT_SCADA,1,"2019/08/19 15:00:00",GSTONE1,110.0750
D,DISPATCH,UNIT_SCADA,1,"2019/08/19 15:00:00",GSTONE2,109.7250
D,DISPATCH,UNIT_SCADA,1,"2019/08/19 15:00:00",GSTONE3,109.7250
D,DISPATCH,UNIT_SCADA,1,"2019/08/19 15:00:00",GSTONE4,138.25
D,DISPATCH,UNIT_SCADA,1,"2019/08/19 15:00:00",GSTONE5,132.30
D,DISPATCH,UNIT_SCADA,1,"2019/08/19 15:00:00",GSTONE6,0
D,DISPATCH,UNIT_SCADA,1,"2019/08/19 15:00:00",GULLRSF1,6.993680
D,DISPATCH,UNIT_SCADA,1,"2019/08/19 15:00:00",GULLRWF1,149.284360
D,DISPATCH,UNIT_SCADA,1,"2019/08/19 15:00:00",GUNNING1,45.080490
D,DISPATCH,UNIT_SCADA,1,"2019/08/19 15:00:00",GUTHEGA,31.10
D,DISPATCH,UNIT_SCADA,1,"2019/08/19 15:00:00",HALLWF1,41.54
D,DISPATCH,UNIT_SCADA,1,"2019/08/19 15:00:00",HALLWF2,50
D,DISPATCH,UNIT_SCADA,1,"2019/08/19 15:00:00",HAMISF1,44.80
D,DISPATCH,UNIT_SCADA,1,"2019/08/19 15:00:00",HAUGHT11,50.059270
D,DISPATCH,UNIT_SCADA,1,"2019/08/19 15:00:00",HAYMSF1,38.3780
D,DISPATCH,UNIT_SCADA,1,"2019/08/19 15:00:00",HDWF1,42.80
D,DISPATCH,UNIT_SCADA,1,"2019/08/19 15:00:00",HDWF2,45.40
D,DISPATCH,UNIT_SCADA,1,"2019/08/19 15:00:00",HDWF3,69.10
D,DISPATCH,UNIT_SCADA,1,"2019/08/19 15:00:00",HPRG1,0
D,DISPATCH,UNIT_SCADA,1,"2019/08/19 15:00:00",HPRL1,36.80
D,DISPATCH,UNIT_SCADA,1,"2019/08/19 15:00:00",HUMENSW,0
D,DISPATCH,UNIT_SCADA,1,"2019/08/19 15:00:00",HUMEV,9.10
D,DISPATCH,UNIT_SCADA,1,"2019/08/19 15:00:00",HVGTS,0
D,DISPATCH,UNIT_SCADA,1,"2019/08/19 15:00:00",JBUTTERS,138.129990
D,DISPATCH,UNIT_SCADA,1,"2019/08/19 15:00:00",JLA01,0.50
D,DISPATCH,UNIT_SCADA,1,"2019/08/19 15:00:00",JLA02,0
D,DISPATCH,UNIT_SCADA,1,"2019/08/19 15:00:00",JLA03,0.10
D,DISPATCH,UNIT_SCADA,1,"2019/08/19 15:00:00",JLA04,0.10
D,DISPATCH,UNIT_SCADA,1,"2019/08/19 15:00:00",JLB01,0
D,DISPATCH,UNIT_SCADA,1,"2019/08/19 15:00:00",JLB02,0.10
D,DISPATCH,UNIT_SCADA,1,"2019/08/19 15:00:00",JLB03,0
D,DISPATCH,UNIT_SCADA,1,"2019/08/19 15:00:00",KAREEYA1,21.4375
D,DISPATCH,UNIT_SCADA,1,"2019/08/19 15:00:00",KAREEYA2,21.9150
D,DISPATCH,UNIT_SCADA,1,"2019/08/19 15:00:00",KAREEYA3,0
D,DISPATCH,UNIT_SCADA,1,"2019/08/19 15:00:00",KAREEYA4,21.5875
D,DISPATCH,UNIT_SCADA,1,"2019/08/19 15:00:00",KARSF1,14.90
D,DISPATCH,UNIT_SCADA,1,"2019/08/19 15:00:00",KIATAWF1,30.20
D,DISPATCH,UNIT_SCADA,1,"2019/08/19 15:00:00",KPP_1,0
D,DISPATCH,UNIT_SCADA,1,"2019/08/19 15:00:00",KSP1,23.61
D,DISPATCH,UNIT_SCADA,1,"2019/08/19 15:00:00",LADBROK1,0
D,DISPATCH,UNIT_SCADA,1,"2019/08/19 15:00:00",LADBROK2,0
D,DISPATCH,UNIT_SCADA,1,"2019/08/19 15:00:00",LD01,351.018770
D,DISPATCH,UNIT_SCADA,1,"2019/08/19 15:00:00",LD02,350.231230
D,DISPATCH,UNIT_SCADA,1,"2019/08/19 15:00:00",LD03,347.0625
D,DISPATCH,UNIT_SCADA,1,"2019/08/19 15:00:00",LD04,348.656250
D,DISPATCH,UNIT_SCADA,1,"2019/08/19 15:00:00",LEM_WIL,75.7170
D,DISPATCH,UNIT_SCADA,1,"2019/08/19 15:00:00",LGAPWF1,16.12
D,DISPATCH,UNIT_SCADA,1,"2019/08/19 15:00:00",LILYSF1,84.410360
D,DISPATCH,UNIT_SCADA,1,"2019/08/19 15:00:00",LI_WY_CA,147.933750
D,DISPATCH,UNIT_SCADA,1,"2019/08/19 15:00:00",LKBONNY2,95.231990
D,DISPATCH,UNIT_SCADA,1,"2019/08/19 15:00:00",LKBONNY3,13.062350
D,DISPATCH,UNIT_SCADA,1,"2019/08/19 15:00:00",LK_ECHO,0
D,DISPATCH,UNIT_SCADA,1,"2019/08/19 15:00:00",LNGS1,0
D,DISPATCH,UNIT_SCADA,1,"2019/08/19 15:00:00",LNGS2,0
D,DISPATCH,UNIT_SCADA,1,"2019/08/19 15:00:00",LONSDALE,0
D,DISPATCH,UNIT_SCADA,1,"2019/08/19 15:00:00",LOYYB1,530.825320
D,DISPATCH,UNIT_SCADA,1,"2019/08/19 15:00:00",LOYYB2,581.578490
D,DISPATCH,UNIT_SCADA,1,"2019/08/19 15:00:00",LYA1,468
D,DISPATCH,UNIT_SCADA,1,"2019/08/19 15:00:00",LYA2,0
D,DISPATCH,UNIT_SCADA,1,"2019/08/19 15:00:00",LYA3,560
D,DISPATCH,UNIT_SCADA,1,"2019/08/19 15:00:00",LYA4,539
D,DISPATCH,UNIT_SCADA,1,"2019/08/19 15:00:00",MACARTH1,251.994190
D,DISPATCH,UNIT_SCADA,1,"2019/08/19 15:00:00",MACKAYGT,0
D,DISPATCH,UNIT_SCADA,1,"2019/08/19 15:00:00",MACKNTSH,85.34
D,DISPATCH,UNIT_SCADA,1,"2019/08/19 15:00:00",MANSLR1,42.6520
D,DISPATCH,UNIT_SCADA,1,"2019/08/19 15:00:00",MCKAY1,0.02
D,DISPATCH,UNIT_SCADA,1,"2019/08/19 15:00:00",MEADOWBK,34.067360
D,DISPATCH,UNIT_SCADA,1,"2019/08/19 15:00:00",MERCER01,72.5810
D,DISPATCH,UNIT_SCADA,1,"2019/08/19 15:00:00",MEWF1,67.661820
D,DISPATCH,UNIT_SCADA,1,"2019/08/19 15:00:00",MINTARO,0
D,DISPATCH,UNIT_SCADA,1,"2019/08/19 15:00:00",MOREESF1,50.62
D,DISPATCH,UNIT_SCADA,1,"2019/08/19 15:00:00",MORTLK11,149
D,DISPATCH,UNIT_SCADA,1,"2019/08/19 15:00:00",MORTLK12,0
D,DISPATCH,UNIT_SCADA,1,"2019/08/19 15:00:00",MP1,279.025020
D,DISPATCH,UNIT_SCADA,1,"2019/08/19 15:00:00",MP2,0
D,DISPATCH,UNIT_SCADA,1,"2019/08/19 15:00:00",MPP_1,350.50
D,DISPATCH,UNIT_SCADA,1,"2019/08/19 15:00:00",MPP_2,416.75
D,DISPATCH,UNIT_SCADA,1,"2019/08/19 15:00:00",MSTUART1,0
D,DISPATCH,UNIT_SCADA,1,"2019/08/19 15:00:00",MSTUART2,0
D,DISPATCH,UNIT_SCADA,1,"2019/08/19 15:00:00",MSTUART3,0
D,DISPATCH,UNIT_SCADA,1,"2019/08/19 15:00:00",MTGELWF1,64.203320
D,DISPATCH,UNIT_SCADA,1,"2019/08/19 15:00:00",MURRAY,0
D,DISPATCH,UNIT_SCADA,1,"2019/08/19 15:00:00",MUSSELR1,126.20
D,DISPATCH,UNIT_SCADA,1,"2019/08/19 15:00:00",MUWAWF1,28.18
D,DISPATCH,UNIT_SCADA,1,"2019/08/19 15:00:00",NBHWF1,48.10
D,DISPATCH,UNIT_SCADA,1,"2019/08/19 15:00:00",NPS,66.3750
D,DISPATCH,UNIT_SCADA,1,"2019/08/19 15:00:00",NUMURSF1,86.58
D,DISPATCH,UNIT_SCADA,1,"2019/08/19 15:00:00",NYNGAN1,86.75
D,DISPATCH,UNIT_SCADA,1,"2019/08/19 15:00:00",OAKEY1,0
D,DISPATCH,UNIT_SCADA,1,"2019/08/19 15:00:00",OAKEY1SF,21.96
D,DISPATCH,UNIT_SCADA,1,"2019/08/19 15:00:00",OAKEY2,0
D,DISPATCH,UNIT_SCADA,1,"2019/08/19 15:00:00",OAKLAND1,54.50
D,DISPATCH,UNIT_SCADA,1,"2019/08/19 15:00:00",OSB-AG,15.85
D,DISPATCH,UNIT_SCADA,1,"2019/08/19 15:00:00",PARSF1,47
D,DISPATCH,UNIT_SCADA,1,"2019/08/19 15:00:00",POAT110,42.364720
D,DISPATCH,UNIT_SCADA,1,"2019/08/19 15:00:00",POAT220,3.410960
D,DISPATCH,UNIT_SCADA,1,"2019/08/19 15:00:00",POR01,0
D,DISPATCH,UNIT_SCADA,1,"2019/08/19 15:00:00",POR03,0
D,DISPATCH,UNIT_SCADA,1,"2019/08/19 15:00:00",PPCCGT,258.7825
D,DISPATCH,UNIT_SCADA,1,"2019/08/19 15:00:00",PTSTAN1,0
D,DISPATCH,UNIT_SCADA,1,"2019/08/19 15:00:00",PUMP1,0
D,DISPATCH,UNIT_SCADA,1,"2019/08/19 15:00:00",PUMP2,0
D,DISPATCH,UNIT_SCADA,1,"2019/08/19 15:00:00",QPS1,0
D,DISPATCH,UNIT_SCADA,1,"2019/08/19 15:00:00",QPS2,0
D,DISPATCH,UNIT_SCADA,1,"2019/08/19 15:00:00",QPS3,0
D,DISPATCH,UNIT_SCADA,1,"2019/08/19 15:00:00",QPS4,0
D,DISPATCH,UNIT_SCADA,1,"2019/08/19 15:00:00",QPS5,0
D,DISPATCH,UNIT_SCADA,1,"2019/08/19 15:00:00",REECE1,113.860010
D,DISPATCH,UNIT_SCADA,1,"2019/08/19 15:00:00",REECE2,114.050010
D,DISPATCH,UNIT_SCADA,1,"2019/08/19 15:00:00",ROMA_7,0
D,DISPATCH,UNIT_SCADA,1,"2019/08/19 15:00:00",ROMA_8,0
D,DISPATCH,UNIT_SCADA,1,"2019/08/19 15:00:00",RRSF1,108.528940
D,DISPATCH,UNIT_SCADA,1,"2019/08/19 15:00:00",RT_NSW1,0
D,DISPATCH,UNIT_SCADA,1,"2019/08/19 15:00:00",RT_NSW2,0
D,DISPATCH,UNIT_SCADA,1,"2019/08/19 15:00:00",RT_NSW3,0
D,DISPATCH,UNIT_SCADA,1,"2019/08/19 15:00:00",RT_NSW4,0
D,DISPATCH,UNIT_SCADA,1,"2019/08/19 15:00:00",RT_NSW5,0
D,DISPATCH,UNIT_SCADA,1,"2019/08/19 15:00:00",RT_NSW6,0
D,DISPATCH,UNIT_SCADA,1,"2019/08/19 15:00:00",RT_QLD1,0
D,DISPATCH,UNIT_SCADA,1,"2019/08/19 15:00:00",RT_SA1,0
D,DISPATCH,UNIT_SCADA,1,"2019/08/19 15:00:00",RT_SA2,0
D,DISPATCH,UNIT_SCADA,1,"2019/08/19 15:00:00",RT_SA3,0
D,DISPATCH,UNIT_SCADA,1,"2019/08/19 15:00:00",RT_SA4,0
D,DISPATCH,UNIT_SCADA,1,"2019/08/19 15:00:00",RT_SA5,0
D,DISPATCH,UNIT_SCADA,1,"2019/08/19 15:00:00",RT_SA6,0
D,DISPATCH,UNIT_SCADA,1,"2019/08/19 15:00:00",RT_TAS1,0
D,DISPATCH,UNIT_SCADA,1,"2019/08/19 15:00:00",RT_VIC1,0
D,DISPATCH,UNIT_SCADA,1,"2019/08/19 15:00:00",RT_VIC10,0
D,DISPATCH,UNIT_SCADA,1,"2019/08/19 15:00:00",RT_VIC11,0
D,DISPATCH,UNIT_SCADA,1,"2019/08/19 15:00:00",RT_VIC12,0
D,DISPATCH,UNIT_SCADA,1,"2019/08/19 15:00:00",RT_VIC2,0
D,DISPATCH,UNIT_SCADA,1,"2019/08/19 15:00:00",RT_VIC3,0
D,DISPATCH,UNIT_SCADA,1,"2019/08/19 15:00:00",RT_VIC4,0
D,DISPATCH,UNIT_SCADA,1,"2019/08/19 15:00:00",RT_VIC5,0
D,DISPATCH,UNIT_SCADA,1,"2019/08/19 15:00:00",RT_VIC6,0
D,DISPATCH,UNIT_SCADA,1,"2019/08/19 15:00:00",RT_VIC7,0
D,DISPATCH,UNIT_SCADA,1,"2019/08/19 15:00:00",RT_VIC8,0
D,DISPATCH,UNIT_SCADA,1,"2019/08/19 15:00:00",RT_VIC9,0
D,DISPATCH,UNIT_SCADA,1,"2019/08/19 15:00:00",RUGBYR1,42.620930
D,DISPATCH,UNIT_SCADA,1,"2019/08/19 15:00:00",SALTCRK1,49.85
D,DISPATCH,UNIT_SCADA,1,"2019/08/19 15:00:00",SAPHWF1,172.837490
D,DISPATCH,UNIT_SCADA,1,"2019/08/19 15:00:00",SHGEN,0
D,DISPATCH,UNIT_SCADA,1,"2019/08/19 15:00:00",SHPUMP,122.376560
D,DISPATCH,UNIT_SCADA,1,"2019/08/19 15:00:00",SITHE01,0.005650
D,DISPATCH,UNIT_SCADA,1,"2019/08/19 15:00:00",SMCSF1,70.074190
D,DISPATCH,UNIT_SCADA,1,"2019/08/19 15:00:00",SNOWNTH1,52.60
D,DISPATCH,UNIT_SCADA,1,"2019/08/19 15:00:00",SNOWSTH1,50.20
D,DISPATCH,UNIT_SCADA,1,"2019/08/19 15:00:00",SNOWTWN1,35.808990
D,DISPATCH,UNIT_SCADA,1,"2019/08/19 15:00:00",SNOWYP,187.20
D,DISPATCH,UNIT_SCADA,1,"2019/08/19 15:00:00",SNUG1,0.019440
D,DISPATCH,UNIT_SCADA,1,"2019/08/19 15:00:00",SRSF1,35.46
D,DISPATCH,UNIT_SCADA,1,"2019/08/19 15:00:00",STAN-1,0
D,DISPATCH,UNIT_SCADA,1,"2019/08/19 15:00:00",STAN-2,281.760890
D,DISPATCH,UNIT_SCADA,1,"2019/08/19 15:00:00",STAN-3,282.324860
D,DISPATCH,UNIT_SCADA,1,"2019/08/19 15:00:00",STAN-4,281.683960
D,DISPATCH,UNIT_SCADA,1,"2019/08/19 15:00:00",STWF1,22.230010
D,DISPATCH,UNIT_SCADA,1,"2019/08/19 15:00:00",SWAN_E,0
D,DISPATCH,UNIT_SCADA,1,"2019/08/19 15:00:00",TALWA1,190
D,DISPATCH,UNIT_SCADA,1,"2019/08/19 15:00:00",TARALGA1,96.4510
D,DISPATCH,UNIT_SCADA,1,"2019/08/19 15:00:00",TARONG#1,280.600010
D,DISPATCH,UNIT_SCADA,1,"2019/08/19 15:00:00",TARONG#2,279.700010
D,DISPATCH,UNIT_SCADA,1,"2019/08/19 15:00:00",TARONG#3,259
D,DISPATCH,UNIT_SCADA,1,"2019/08/19 15:00:00",TARONG#4,280.600010
D,DISPATCH,UNIT_SCADA,1,"2019/08/19 15:00:00",TARRALEA,79
D,DISPATCH,UNIT_SCADA,1,"2019/08/19 15:00:00",TBSF1,0
D,DISPATCH,UNIT_SCADA,1,"2019/08/19 15:00:00",TNPS1,442.000030
D,DISPATCH,UNIT_SCADA,1,"2019/08/19 15:00:00",TORRA1,23.347990
D,DISPATCH,UNIT_SCADA,1,"2019/08/19 15:00:00",TORRA2,0
D,DISPATCH,UNIT_SCADA,1,"2019/08/19 15:00:00",TORRA3,42.675650
D,DISPATCH,UNIT_SCADA,1,"2019/08/19 15:00:00",TORRA4,0
D,DISPATCH,UNIT_SCADA,1,"2019/08/19 15:00:00",TORRB1,40.32
D,DISPATCH,UNIT_SCADA,1,"2019/08/19 15:00:00",TORRB2,61.71
D,DISPATCH,UNIT_SCADA,1,"2019/08/19 15:00:00",TORRB3,0
D,DISPATCH,UNIT_SCADA,1,"2019/08/19 15:00:00",TORRB4,0
D,DISPATCH,UNIT_SCADA,1,"2019/08/19 15:00:00",TREVALLN,40.070010
D,DISPATCH,UNIT_SCADA,1,"2019/08/19 15:00:00",TRIBUTE,0
D,DISPATCH,UNIT_SCADA,1,"2019/08/19 15:00:00",TUMUT3,0
D,DISPATCH,UNIT_SCADA,1,"2019/08/19 15:00:00",TUNGATIN,120.500030
D,DISPATCH,UNIT_SCADA,1,"2019/08/19 15:00:00",TVCC201,0
D,DISPATCH,UNIT_SCADA,1,"2019/08/19 15:00:00",TVPP104,0
D,DISPATCH,UNIT_SCADA,1,"2019/08/19 15:00:00",UPPTUMUT,0
D,DISPATCH,UNIT_SCADA,1,"2019/08/19 15:00:00",URANQ11,0
D,DISPATCH,UNIT_SCADA,1,"2019/08/19 15:00:00",URANQ12,0
D,DISPATCH,UNIT_SCADA,1,"2019/08/19 15:00:00",URANQ13,0
D,DISPATCH,UNIT_SCADA,1,"2019/08/19 15:00:00",URANQ14,0
D,DISPATCH,UNIT_SCADA,1,"2019/08/19 15:00:00",VP5,402.75
D,DISPATCH,UNIT_SCADA,1,"2019/08/19 15:00:00",VP6,398.774990
D,DISPATCH,UNIT_SCADA,1,"2019/08/19 15:00:00",VPGS1,0
D,DISPATCH,UNIT_SCADA,1,"2019/08/19 15:00:00",VPGS2,0
D,DISPATCH,UNIT_SCADA,1,"2019/08/19 15:00:00",VPGS3,0
D,DISPATCH,UNIT_SCADA,1,"2019/08/19 15:00:00",VPGS4,0
D,DISPATCH,UNIT_SCADA,1,"2019/08/19 15:00:00",VPGS5,0
D,DISPATCH,UNIT_SCADA,1,"2019/08/19 15:00:00",VPGS6,0
D,DISPATCH,UNIT_SCADA,1,"2019/08/19 15:00:00",W/HOE#1,0
D,DISPATCH,UNIT_SCADA,1,"2019/08/19 15:00:00",W/HOE#2,0
D,DISPATCH,UNIT_SCADA,1,"2019/08/19 15:00:00",WATERLWF,91.70
D,DISPATCH,UNIT_SCADA,1,"2019/08/19 15:00:00",WEMENSF1,0.10
D,DISPATCH,UNIT_SCADA,1,"2019/08/19 15:00:00",WGWF1,55.90
D,DISPATCH,UNIT_SCADA,1,"2019/08/19 15:00:00",WHITSF1,43.20
D,DISPATCH,UNIT_SCADA,1,"2019/08/19 15:00:00",WKIEWA1,0
D,DISPATCH,UNIT_SCADA,1,"2019/08/19 15:00:00",WKIEWA2,0.10
D,DISPATCH,UNIT_SCADA,1,"2019/08/19 15:00:00",WOODLWN1,42.5430
D,DISPATCH,UNIT_SCADA,1,"2019/08/19 15:00:00",WRSF1,15.09
D,DISPATCH,UNIT_SCADA,1,"2019/08/19 15:00:00",WRWF1,144.700010
D,DISPATCH,UNIT_SCADA,1,"2019/08/19 15:00:00",YABULU,0
D,DISPATCH,UNIT_SCADA,1,"2019/08/19 15:00:00",YABULU2,0
D,DISPATCH,UNIT_SCADA,1,"2019/08/19 15:00:00",YARWUN_1,0
D,DISPATCH,UNIT_SCADA,1,"2019/08/19 15:00:00",YENDWF1,41.89
D,DISPATCH,UNIT_SCADA,1,"2019/08/19 15:00:00",YWPS1,375.6886
D,DISPATCH,UNIT_SCADA,1,"2019/08/19 15:00:00",YWPS2,281.450620
D,DISPATCH,UNIT_SCADA,1,"2019/08/19 15:00:00",YWPS3,0
D,DISPATCH,UNIT_SCADA,1,"2019/08/19 15:00:00",YWPS4,397.213930
C,"END OF REPORT",334
