C,NEMP.WORLD,DISPATCHSCADA,AEMO,PUBLIC,2019/08/22,16:05:08,0000000311873508,DISPATCHSCADA,0000000311873502
I,DISPATCH,UNIT_SCADA,1,SETTLEMENTDATE,DUID,SCADAVALUE
D,DISPATCH,UNIT_SCADA,1,"2019/08/22 16:10:00",BARCSF1,18.600002
D,DISPATCH,UNIT_SCADA,1,"2019/08/22 16:10:00",BUTLERSG,9.699999
D,DISPATCH,UNIT_SCADA,1,"2019/08/22 16:10:00",CALL_A_4,0
D,DISPATCH,UNIT_SCADA,1,"2019/08/22 16:10:00",CAPTL_WF,84.6120
D,DISPATCH,UNIT_SCADA,1,"2019/08/22 16:10:00",CATHROCK,0
D,DISPATCH,UNIT_SCADA,1,"2019/08/22 16:10:00",CHALLHWF,7.60
D,DISPATCH,UNIT_SCADA,1,"2019/08/22 16:10:00",CLOVER,-0.01
D,DISPATCH,UNIT_SCADA,1,"2019/08/22 16:10:00",CLUNY,20.049896
D,DISPATCH,UNIT_SCADA,1,"2019/08/22 16:10:00",CNUNDAWF,5.706657
D,DISPATCH,UNIT_SCADA,1,"2019/08/22 16:10:00",CULLRGWF,23.440001
D,DISPATCH,UNIT_SCADA,1,"2019/08/22 16:10:00",ERGT01,0
D,DISPATCH,UNIT_SCADA,1,"2019/08/22 16:10:00",GB01,0.071308
D,DISPATCH,UNIT_SCADA,1,"2019/08/22 16:10:00",GERMCRK,30.50
D,DISPATCH,UNIT_SCADA,1,"2019/08/22 16:10:00",GRIFSF1,22.50
D,DISPATCH,UNIT_SCADA,1,"2019/08/22 16:10:00",HUGSF1,8.964001
D,DISPATCH,UNIT_SCADA,1,"2019/08/22 16:10:00",LKBONNY1,9.556102
D,DISPATCH,UNIT_SCADA,1,"2019/08/22 16:10:00",LRSF1,-0.0180
D,DISPATCH,UNIT_SCADA,1,"2019/08/22 16:10:00",MBAHNTH,54.300003
D,DISPATCH,UNIT_SCADA,1,"2019/08/22 16:10:00",MLSP1,5.385001
D,DISPATCH,UNIT_SCADA,1,"2019/08/22 16:10:00",MLWF1,3.63
D,DISPATCH,UNIT_SCADA,1,"2019/08/22 16:10:00",MTMILLAR,4.710350
D,DISPATCH,UNIT_SCADA,1,"2019/08/22 16:10:00",PALOONA,28.809999
D,DISPATCH,UNIT_SCADA,1,"2019/08/22 16:10:00",PIONEER,30
D,DISPATCH,UNIT_SCADA,1,"2019/08/22 16:10:00",PORTWF,3.10
D,DISPATCH,UNIT_SCADA,1,"2019/08/22 16:10:00",REPULSE,28.898756
D,DISPATCH,UNIT_SCADA,1,"2019/08/22 16:10:00",ROWALLAN,10.2240
D,DISPATCH,UNIT_SCADA,1,"2019/08/22 16:10:00",ROYALLA1,7.289001
D,DISPATCH,UNIT_SCADA,1,"2019/08/22 16:10:00",RPCG,12.20
D,DISPATCH,UNIT_SCADA,1,"2019/08/22 16:10:00",RUBICON,0
D,DISPATCH,UNIT_SCADA,1,"2019/08/22 16:10:00",SATGN1,0
D,DISPATCH,UNIT_SCADA,1,"2019/08/22 16:10:00",SATGS1,0
D,DISPATCH,UNIT_SCADA,1,"2019/08/22 16:10:00",STARHLWF,0.699796
D,DISPATCH,UNIT_SCADA,1,"2019/08/22 16:10:00",WAUBRAWF,97.5690
D,DISPATCH,UNIT_SCADA,1,"2019/08/22 16:10:00",WOOLNTH1,78.920013
D,DISPATCH,UNIT_SCADA,1,"2019/08/22 16:10:00",WPWF,0
D,DISPATCH,UNIT_SCADA,1,"2019/08/22 16:10:00",YAMBUKWF,1.40
D,DISPATCH,UNIT_SCADA,1,"2019/08/22 16:10:00",YSWF1,9.50
D,DISPATCH,UNIT_SCADA,1,"2019/08/22 16:10:00",AGLHAL,0
D,DISPATCH,UNIT_SCADA,1,"2019/08/22 16:10:00",AGLSOM,0
D,DISPATCH,UNIT_SCADA,1,"2019/08/22 16:10:00",ANGAST1,0
D,DISPATCH,UNIT_SCADA,1,"2019/08/22 16:10:00",ARWF1,97.30
D,DISPATCH,UNIT_SCADA,1,"2019/08/22 16:10:00",BALBG1,15.37
D,DISPATCH,UNIT_SCADA,1,"2019/08/22 16:10:00",BALBL1,0
D,DISPATCH,UNIT_SCADA,1,"2019/08/22 16:10:00",BALDHWF1,84.3570
D,DISPATCH,UNIT_SCADA,1,"2019/08/22 16:10:00",BANN1,21.10
D,DISPATCH,UNIT_SCADA,1,"2019/08/22 16:10:00",BARCALDN,0
D,DISPATCH,UNIT_SCADA,1,"2019/08/22 16:10:00",BARRON-1,0
D,DISPATCH,UNIT_SCADA,1,"2019/08/22 16:10:00",BARRON-2,29
D,DISPATCH,UNIT_SCADA,1,"2019/08/22 16:10:00",BASTYAN,77.670010
D,DISPATCH,UNIT_SCADA,1,"2019/08/22 16:10:00",BBTHREE1,-2.07
D,DISPATCH,UNIT_SCADA,1,"2019/08/22 16:10:00",BBTHREE2,-2.11
D,DISPATCH,UNIT_SCADA,1,"2019/08/22 16:10:00",BBTHREE3,-1.21
D,DISPATCH,UNIT_SCADA,1,"2019/08/22 16:10:00",BDL01,0
D,DISPATCH,UNIT_SCADA,1,"2019/08/22 16:10:00",BDL02,0
D,DISPATCH,UNIT_SCADA,1,"2019/08/22 16:10:00",BERYLSF1,35.7298
D,DISPATCH,UNIT_SCADA,1,"2019/08/22 16:10:00",BLOWERNG,0
D,DISPATCH,UNIT_SCADA,1,"2019/08/22 16:10:00",BLUFF1,0.90
D,DISPATCH,UNIT_SCADA,1,"2019/08/22 16:10:00",BNGSF1,97.16
D,DISPATCH,UNIT_SCADA,1,"2019/08/22 16:10:00",BNGSF2,19.97
D,DISPATCH,UNIT_SCADA,1,"2019/08/22 16:10:00",BOCORWF1,111.44
D,DISPATCH,UNIT_SCADA,1,"2019/08/22 16:10:00",BODWF1,107.600560
D,DISPATCH,UNIT_SCADA,1,"2019/08/22 16:10:00",BRAEMAR1,0
D,DISPATCH,UNIT_SCADA,1,"2019/08/22 16:10:00",BRAEMAR2,0
D,DISPATCH,UNIT_SCADA,1,"2019/08/22 16:10:00",BRAEMAR3,0
D,DISPATCH,UNIT_SCADA,1,"2019/08/22 16:10:00",BRAEMAR5,0
D,DISPATCH,UNIT_SCADA,1,"2019/08/22 16:10:00",BRAEMAR6,0
D,DISPATCH,UNIT_SCADA,1,"2019/08/22 16:10:00",BRAEMAR7,0
D,DISPATCH,UNIT_SCADA,1,"2019/08/22 16:10:00",BROKENH1,33.790770
D,DISPATCH,UNIT_SCADA,1,"2019/08/22 16:10:00",BW01,517.25
D,DISPATCH,UNIT_SCADA,1,"2019/08/22 16:10:00",BW02,578.599980
D,DISPATCH,UNIT_SCADA,1,"2019/08/22 16:10:00",BW03,581.525020
D,DISPATCH,UNIT_SCADA,1,"2019/08/22 16:10:00",BW04,0
D,DISPATCH,UNIT_SCADA,1,"2019/08/22 16:10:00",CALL_B_1,0
D,DISPATCH,UNIT_SCADA,1,"2019/08/22 16:10:00",CALL_B_2,279.700010
D,DISPATCH,UNIT_SCADA,1,"2019/08/22 16:10:00",CETHANA,98.244380
D,DISPATCH,UNIT_SCADA,1,"2019/08/22 16:10:00",CG1,0
D,DISPATCH,UNIT_SCADA,1,"2019/08/22 16:10:00",CG2,0
D,DISPATCH,UNIT_SCADA,1,"2019/08/22 16:10:00",CG3,0
D,DISPATCH,UNIT_SCADA,1,"2019/08/22 16:10:00",CG4,0
D,DISPATCH,UNIT_SCADA,1,"2019/08/22 16:10:00",CHILDSF1,40.01
D,DISPATCH,UNIT_SCADA,1,"2019/08/22 16:10:00",CLARESF1,39.264260
D,DISPATCH,UNIT_SCADA,1,"2019/08/22 16:10:00",CLEMGPWF,1.080530
D,DISPATCH,UNIT_SCADA,1,"2019/08/22 16:10:00",CLERMSF1,14.69
D,DISPATCH,UNIT_SCADA,1,"2019/08/22 16:10:00",COLEASF1,95.699990
D,DISPATCH,UNIT_SCADA,1,"2019/08/22 16:10:00",COOPGWF1,29.445470
D,DISPATCH,UNIT_SCADA,1,"2019/08/22 16:10:00",CPP_3,402.050020
D,DISPATCH,UNIT_SCADA,1,"2019/08/22 16:10:00",CPP_4,406.450010
D,DISPATCH,UNIT_SCADA,1,"2019/08/22 16:10:00",CPSA,142.338130
D,DISPATCH,UNIT_SCADA,1,"2019/08/22 16:10:00",CROOKWF2,68.483750
D,DISPATCH,UNIT_SCADA,1,"2019/08/22 16:10:00",CROWLWF1,32.249860
D,DISPATCH,UNIT_SCADA,1,"2019/08/22 16:10:00",CSPVPS1,20.3060
D,DISPATCH,UNIT_SCADA,1,"2019/08/22 16:10:00",DALNTH01,0
D,DISPATCH,UNIT_SCADA,1,"2019/08/22 16:10:00",DALNTHL1,0.111390
D,DISPATCH,UNIT_SCADA,1,"2019/08/22 16:10:00",DARTM1,134.20
D,DISPATCH,UNIT_SCADA,1,"2019/08/22 16:10:00",DAYDSF1,104.889010
D,DISPATCH,UNIT_SCADA,1,"2019/08/22 16:10:00",DDPS1,290.769710
D,DISPATCH,UNIT_SCADA,1,"2019/08/22 16:10:00",DDSF1,47.572990
D,DISPATCH,UNIT_SCADA,1,"2019/08/22 16:10:00",DEVILS_G,0
D,DISPATCH,UNIT_SCADA,1,"2019/08/22 16:10:00",DG_NSW1,0
D,DISPATCH,UNIT_SCADA,1,"2019/08/22 16:10:00",DG_QLD1,0
D,DISPATCH,UNIT_SCADA,1,"2019/08/22 16:10:00",DG_SA1,0
D,DISPATCH,UNIT_SCADA,1,"2019/08/22 16:10:00",DG_TAS1,0
D,DISPATCH,UNIT_SCADA,1,"2019/08/22 16:10:00",DG_VIC1,0
D,DISPATCH,UNIT_SCADA,1,"2019/08/22 16:10:00",DRYCGT1,0
D,DISPATCH,UNIT_SCADA,1,"2019/08/22 16:10:00",DRYCGT2,0
D,DISPATCH,UNIT_SCADA,1,"2019/08/22 16:10:00",DRYCGT3,0
D,DISPATCH,UNIT_SCADA,1,"2019/08/22 16:10:00",EILDON1,0
D,DISPATCH,UNIT_SCADA,1,"2019/08/22 16:10:00",EILDON2,0
D,DISPATCH,UNIT_SCADA,1,"2019/08/22 16:10:00",EMERASF1,54.66
D,DISPATCH,UNIT_SCADA,1,"2019/08/22 16:10:00",ER01,462.824950
D,DISPATCH,UNIT_SCADA,1,"2019/08/22 16:10:00",ER02,545.150020
D,DISPATCH,UNIT_SCADA,1,"2019/08/22 16:10:00",ER03,699
D,DISPATCH,UNIT_SCADA,1,"2019/08/22 16:10:00",ER04,497.074950
D,DISPATCH,UNIT_SCADA,1,"2019/08/22 16:10:00",FINLYSF1,0.919690
D,DISPATCH,UNIT_SCADA,1,"2019/08/22 16:10:00",FISHER,45.91
D,DISPATCH,UNIT_SCADA,1,"2019/08/22 16:10:00",GANNBG1,5.003710
D,DISPATCH,UNIT_SCADA,1,"2019/08/22 16:10:00",GANNBL1,0
D,DISPATCH,UNIT_SCADA,1,"2019/08/22 16:10:00",GANNSF1,40.60
D,DISPATCH,UNIT_SCADA,1,"2019/08/22 16:10:00",GORDON,50.3776
D,DISPATCH,UNIT_SCADA,1,"2019/08/22 16:10:00",GSTONE1,166.25
D,DISPATCH,UNIT_SCADA,1,"2019/08/22 16:10:00",GSTONE2,149.80
D,DISPATCH,UNIT_SCADA,1,"2019/08/22 16:10:00",GSTONE3,169.75
D,DISPATCH,UNIT_SCADA,1,"2019/08/22 16:10:00",GSTONE4,170.274990
D,DISPATCH,UNIT_SCADA,1,"2019/08/22 16:10:00",GSTONE5,169.5750
D,DISPATCH,UNIT_SCADA,1,"2019/08/22 16:10:00",GSTONE6,0
D,DISPATCH,UNIT_SCADA,1,"2019/08/22 16:10:00",GULLRSF1,4.372310
D,DISPATCH,UNIT_SCADA,1,"2019/08/22 16:10:00",GULLRWF1,96.478360
D,DISPATCH,UNIT_SCADA,1,"2019/08/22 16:10:00",GUNNING1,33.517270
D,DISPATCH,UNIT_SCADA,1,"2019/08/22 16:10:00",GUTHEGA,0
D,DISPATCH,UNIT_SCADA,1,"2019/08/22 16:10:00",HALLWF1,-0.56
D,DISPATCH,UNIT_SCADA,1,"2019/08/22 16:10:00",HALLWF2,-0.40
D,DISPATCH,UNIT_SCADA,1,"2019/08/22 16:10:00",HAMISF1,42.90
D,DISPATCH,UNIT_SCADA,1,"2019/08/22 16:10:00",HAUGHT11,49.985530
D,DISPATCH,UNIT_SCADA,1,"2019/08/22 16:10:00",HAYMSF1,35.9340
D,DISPATCH,UNIT_SCADA,1,"2019/08/22 16:10:00",HDWF1,1.30
D,DISPATCH,UNIT_SCADA,1,"2019/08/22 16:10:00",HDWF2,1.60
D,DISPATCH,UNIT_SCADA,1,"2019/08/22 16:10:00",HDWF3,1.80
D,DISPATCH,UNIT_SCADA,1,"2019/08/22 16:10:00",HPRG1,14.30
D,DISPATCH,UNIT_SCADA,1,"2019/08/22 16:10:00",HPRL1,0
D,DISPATCH,UNIT_SCADA,1,"2019/08/22 16:10:00",HUMENSW,0
D,DISPATCH,UNIT_SCADA,1,"2019/08/22 16:10:00",HUMEV,10
D,DISPATCH,UNIT_SCADA,1,"2019/08/22 16:10:00",HVGTS,0
D,DISPATCH,UNIT_SCADA,1,"2019/08/22 16:10:00",JBUTTERS,142.47
D,DISPATCH,UNIT_SCADA,1,"2019/08/22 16:10:00",JLA01,0.50
D,DISPATCH,UNIT_SCADA,1,"2019/08/22 16:10:00",JLA02,0
D,DISPATCH,UNIT_SCADA,1,"2019/08/22 16:10:00",JLA03,0.10
D,DISPATCH,UNIT_SCADA,1,"2019/08/22 16:10:00",JLA04,0.10
D,DISPATCH,UNIT_SCADA,1,"2019/08/22 16:10:00",JLB01,0
D,DISPATCH,UNIT_SCADA,1,"2019/08/22 16:10:00",JLB02,0.10
D,DISPATCH,UNIT_SCADA,1,"2019/08/22 16:10:00",JLB03,0
D,DISPATCH,UNIT_SCADA,1,"2019/08/22 16:10:00",KAREEYA1,21.5950
D,DISPATCH,UNIT_SCADA,1,"2019/08/22 16:10:00",KAREEYA2,21.6950
D,DISPATCH,UNIT_SCADA,1,"2019/08/22 16:10:00",KAREEYA3,0
D,DISPATCH,UNIT_SCADA,1,"2019/08/22 16:10:00",KAREEYA4,21.7875
D,DISPATCH,UNIT_SCADA,1,"2019/08/22 16:10:00",KARSF1,21
D,DISPATCH,UNIT_SCADA,1,"2019/08/22 16:10:00",KIATAWF1,11.50
D,DISPATCH,UNIT_SCADA,1,"2019/08/22 16:10:00",KPP_1,0
D,DISPATCH,UNIT_SCADA,1,"2019/08/22 16:10:00",KSP1,45.74
D,DISPATCH,UNIT_SCADA,1,"2019/08/22 16:10:00",LADBROK1,0
D,DISPATCH,UNIT_SCADA,1,"2019/08/22 16:10:00",LADBROK2,0
D,DISPATCH,UNIT_SCADA,1,"2019/08/22 16:10:00",LD01,400.350040
D,DISPATCH,UNIT_SCADA,1,"2019/08/22 16:10:00",LD02,398.606230
D,DISPATCH,UNIT_SCADA,1,"2019/08/22 16:10:00",LD03,392.512450
D,DISPATCH,UNIT_SCADA,1,"2019/08/22 16:10:00",LD04,380.568820
D,DISPATCH,UNIT_SCADA,1,"2019/08/22 16:10:00",LEM_WIL,86.237350
D,DISPATCH,UNIT_SCADA,1,"2019/08/22 16:10:00",LGAPWF1,5.25
D,DISPATCH,UNIT_SCADA,1,"2019/08/22 16:10:00",LILYSF1,80.216060
D,DISPATCH,UNIT_SCADA,1,"2019/08/22 16:10:00",LI_WY_CA,149.521580
D,DISPATCH,UNIT_SCADA,1,"2019/08/22 16:10:00",LKBONNY2,18.185530
D,DISPATCH,UNIT_SCADA,1,"2019/08/22 16:10:00",LKBONNY3,4.465760
D,DISPATCH,UNIT_SCADA,1,"2019/08/22 16:10:00",LK_ECHO,0
D,DISPATCH,UNIT_SCADA,1,"2019/08/22 16:10:00",LNGS1,0
D,DISPATCH,UNIT_SCADA,1,"2019/08/22 16:10:00",LNGS2,0
D,DISPATCH,UNIT_SCADA,1,"2019/08/22 16:10:00",LONSDALE,0
D,DISPATCH,UNIT_SCADA,1,"2019/08/22 16:10:00",LOYYB1,541.351930
D,DISPATCH,UNIT_SCADA,1,"2019/08/22 16:10:00",LOYYB2,584.210140
D,DISPATCH,UNIT_SCADA,1,"2019/08/22 16:10:00",LYA1,560
D,DISPATCH,UNIT_SCADA,1,"2019/08/22 16:10:00",LYA2,0
D,DISPATCH,UNIT_SCADA,1,"2019/08/22 16:10:00",LYA3,559
D,DISPATCH,UNIT_SCADA,1,"2019/08/22 16:10:00",LYA4,540
D,DISPATCH,UNIT_SCADA,1,"2019/08/22 16:10:00",MACARTH1,31.499270
D,DISPATCH,UNIT_SCADA,1,"2019/08/22 16:10:00",MACKAYGT,0
D,DISPATCH,UNIT_SCADA,1,"2019/08/22 16:10:00",MACKNTSH,86.510010
D,DISPATCH,UNIT_SCADA,1,"2019/08/22 16:10:00",MANSLR1,31.8640
D,DISPATCH,UNIT_SCADA,1,"2019/08/22 16:10:00",MCKAY1,0.02
D,DISPATCH,UNIT_SCADA,1,"2019/08/22 16:10:00",MEADOWBK,34.0102
D,DISPATCH,UNIT_SCADA,1,"2019/08/22 16:10:00",MERCER01,29.0080
D,DISPATCH,UNIT_SCADA,1,"2019/08/22 16:10:00",MEWF1,28.3945
D,DISPATCH,UNIT_SCADA,1,"2019/08/22 16:10:00",MINTARO,0
D,DISPATCH,UNIT_SCADA,1,"2019/08/22 16:10:00",MOREESF1,45.4720
D,DISPATCH,UNIT_SCADA,1,"2019/08/22 16:10:00",MORTLK11,259
D,DISPATCH,UNIT_SCADA,1,"2019/08/22 16:10:00",MORTLK12,0
D,DISPATCH,UNIT_SCADA,1,"2019/08/22 16:10:00",MP1,282
D,DISPATCH,UNIT_SCADA,1,"2019/08/22 16:10:00",MP2,0
D,DISPATCH,UNIT_SCADA,1,"2019/08/22 16:10:00",MPP_1,354.75
D,DISPATCH,UNIT_SCADA,1,"2019/08/22 16:10:00",MPP_2,380
D,DISPATCH,UNIT_SCADA,1,"2019/08/22 16:10:00",MSTUART1,0
D,DISPATCH,UNIT_SCADA,1,"2019/08/22 16:10:00",MSTUART2,0
D,DISPATCH,UNIT_SCADA,1,"2019/08/22 16:10:00",MSTUART3,0
D,DISPATCH,UNIT_SCADA,1,"2019/08/22 16:10:00",MTGELWF1,37.766650
D,DISPATCH,UNIT_SCADA,1,"2019/08/22 16:10:00",MURRAY,0
D,DISPATCH,UNIT_SCADA,1,"2019/08/22 16:10:00",MUSSELR1,45.30
D,DISPATCH,UNIT_SCADA,1,"2019/08/22 16:10:00",MUWAWF1,24.59
D,DISPATCH,UNIT_SCADA,1,"2019/08/22 16:10:00",NBHWF1,0
D,DISPATCH,UNIT_SCADA,1,"2019/08/22 16:10:00",NPS,216
D,DISPATCH,UNIT_SCADA,1,"2019/08/22 16:10:00",NUMURSF1,80.36
D,DISPATCH,UNIT_SCADA,1,"2019/08/22 16:10:00",NYNGAN1,46.50
D,DISPATCH,UNIT_SCADA,1,"2019/08/22 16:10:00",OAKEY1,0
D,DISPATCH,UNIT_SCADA,1,"2019/08/22 16:10:00",OAKEY1SF,17.83
D,DISPATCH,UNIT_SCADA,1,"2019/08/22 16:10:00",OAKEY2,0
D,DISPATCH,UNIT_SCADA,1,"2019/08/22 16:10:00",OAKLAND1,9.90
D,DISPATCH,UNIT_SCADA,1,"2019/08/22 16:10:00",OSB-AG,182.48
D,DISPATCH,UNIT_SCADA,1,"2019/08/22 16:10:00",PARSF1,40.70
D,DISPATCH,UNIT_SCADA,1,"2019/08/22 16:10:00",POAT110,0
D,DISPATCH,UNIT_SCADA,1,"2019/08/22 16:10:00",POAT220,20.30
D,DISPATCH,UNIT_SCADA,1,"2019/08/22 16:10:00",POR01,0
D,DISPATCH,UNIT_SCADA,1,"2019/08/22 16:10:00",POR03,0
D,DISPATCH,UNIT_SCADA,1,"2019/08/22 16:10:00",PPCCGT,492.326930
D,DISPATCH,UNIT_SCADA,1,"2019/08/22 16:10:00",PTSTAN1,0
D,DISPATCH,UNIT_SCADA,1,"2019/08/22 16:10:00",PUMP1,0
D,DISPATCH,UNIT_SCADA,1,"2019/08/22 16:10:00",PUMP2,0
D,DISPATCH,UNIT_SCADA,1,"2019/08/22 16:10:00",QPS1,0
D,DISPATCH,UNIT_SCADA,1,"2019/08/22 16:10:00",QPS2,0
D,DISPATCH,UNIT_SCADA,1,"2019/08/22 16:10:00",QPS3,0
D,DISPATCH,UNIT_SCADA,1,"2019/08/22 16:10:00",QPS4,0
D,DISPATCH,UNIT_SCADA,1,"2019/08/22 16:10:00",QPS5,0
D,DISPATCH,UNIT_SCADA,1,"2019/08/22 16:10:00",REECE1,118.470010
D,DISPATCH,UNIT_SCADA,1,"2019/08/22 16:10:00",REECE2,119.530010
D,DISPATCH,UNIT_SCADA,1,"2019/08/22 16:10:00",ROMA_7,0
D,DISPATCH,UNIT_SCADA,1,"2019/08/22 16:10:00",ROMA_8,0
D,DISPATCH,UNIT_SCADA,1,"2019/08/22 16:10:00",RRSF1,90.374310
D,DISPATCH,UNIT_SCADA,1,"2019/08/22 16:10:00",RT_NSW1,0
D,DISPATCH,UNIT_SCADA,1,"2019/08/22 16:10:00",RT_NSW2,0
D,DISPATCH,UNIT_SCADA,1,"2019/08/22 16:10:00",RT_NSW3,0
D,DISPATCH,UNIT_SCADA,1,"2019/08/22 16:10:00",RT_NSW4,0
D,DISPATCH,UNIT_SCADA,1,"2019/08/22 16:10:00",RT_NSW5,0
D,DISPATCH,UNIT_SCADA,1,"2019/08/22 16:10:00",RT_NSW6,0
D,DISPATCH,UNIT_SCADA,1,"2019/08/22 16:10:00",RT_QLD1,0
D,DISPATCH,UNIT_SCADA,1,"2019/08/22 16:10:00",RT_SA1,0
D,DISPATCH,UNIT_SCADA,1,"2019/08/22 16:10:00",RT_SA2,0
D,DISPATCH,UNIT_SCADA,1,"2019/08/22 16:10:00",RT_SA3,0
D,DISPATCH,UNIT_SCADA,1,"2019/08/22 16:10:00",RT_SA4,0
D,DISPATCH,UNIT_SCADA,1,"2019/08/22 16:10:00",RT_SA5,0
D,DISPATCH,UNIT_SCADA,1,"2019/08/22 16:10:00",RT_SA6,0
D,DISPATCH,UNIT_SCADA,1,"2019/08/22 16:10:00",RT_TAS1,0
D,DISPATCH,UNIT_SCADA,1,"2019/08/22 16:10:00",RT_VIC1,0
D,DISPATCH,UNIT_SCADA,1,"2019/08/22 16:10:00",RT_VIC10,0
D,DISPATCH,UNIT_SCADA,1,"2019/08/22 16:10:00",RT_VIC11,0
D,DISPATCH,UNIT_SCADA,1,"2019/08/22 16:10:00",RT_VIC12,0
D,DISPATCH,UNIT_SCADA,1,"2019/08/22 16:10:00",RT_VIC2,0
D,DISPATCH,UNIT_SCADA,1,"2019/08/22 16:10:00",RT_VIC3,0
D,DISPATCH,UNIT_SCADA,1,"2019/08/22 16:10:00",RT_VIC4,0
D,DISPATCH,UNIT_SCADA,1,"2019/08/22 16:10:00",RT_VIC5,0
D,DISPATCH,UNIT_SCADA,1,"2019/08/22 16:10:00",RT_VIC6,0
D,DISPATCH,UNIT_SCADA,1,"2019/08/22 16:10:00",RT_VIC7,0
D,DISPATCH,UNIT_SCADA,1,"2019/08/22 16:10:00",RT_VIC8,0
D,DISPATCH,UNIT_SCADA,1,"2019/08/22 16:10:00",RT_VIC9,0
D,DISPATCH,UNIT_SCADA,1,"2019/08/22 16:10:00",RUGBYR1,25.176060
D,DISPATCH,UNIT_SCADA,1,"2019/08/22 16:10:00",SALTCRK1,9.27
D,DISPATCH,UNIT_SCADA,1,"2019/08/22 16:10:00",SAPHWF1,261.0094
D,DISPATCH,UNIT_SCADA,1,"2019/08/22 16:10:00",SHGEN,0
D,DISPATCH,UNIT_SCADA,1,"2019/08/22 16:10:00",SHPUMP,0
D,DISPATCH,UNIT_SCADA,1,"2019/08/22 16:10:00",SITHE01,0.043330
D,DISPATCH,UNIT_SCADA,1,"2019/08/22 16:10:00",SMCSF1,45.794760
D,DISPATCH,UNIT_SCADA,1,"2019/08/22 16:10:00",SNOWNTH1,1.10
D,DISPATCH,UNIT_SCADA,1,"2019/08/22 16:10:00",SNOWSTH1,5.50
D,DISPATCH,UNIT_SCADA,1,"2019/08/22 16:10:00",SNOWTWN1,-0.706480
D,DISPATCH,UNIT_SCADA,1,"2019/08/22 16:10:00",SNOWYP,0
D,DISPATCH,UNIT_SCADA,1,"2019/08/22 16:10:00",SNUG1,0.019440
D,DISPATCH,UNIT_SCADA,1,"2019/08/22 16:10:00",SRSF1,34.91
D,DISPATCH,UNIT_SCADA,1,"2019/08/22 16:10:00",STAN-1,0
D,DISPATCH,UNIT_SCADA,1,"2019/08/22 16:10:00",STAN-2,282.235140
D,DISPATCH,UNIT_SCADA,1,"2019/08/22 16:10:00",STAN-3,281.017460
D,DISPATCH,UNIT_SCADA,1,"2019/08/22 16:10:00",STAN-4,279.774110
D,DISPATCH,UNIT_SCADA,1,"2019/08/22 16:10:00",STWF1,14.22
D,DISPATCH,UNIT_SCADA,1,"2019/08/22 16:10:00",SWAN_E,0
D,DISPATCH,UNIT_SCADA,1,"2019/08/22 16:10:00",TALWA1,287
D,DISPATCH,UNIT_SCADA,1,"2019/08/22 16:10:00",TARALGA1,64.848750
D,DISPATCH,UNIT_SCADA,1,"2019/08/22 16:10:00",TARONG#1,282.600010
D,DISPATCH,UNIT_SCADA,1,"2019/08/22 16:10:00",TARONG#2,282.300020
D,DISPATCH,UNIT_SCADA,1,"2019/08/22 16:10:00",TARONG#3,260.700010
D,DISPATCH,UNIT_SCADA,1,"2019/08/22 16:10:00",TARONG#4,279.899990
D,DISPATCH,UNIT_SCADA,1,"2019/08/22 16:10:00",TARRALEA,84
D,DISPATCH,UNIT_SCADA,1,"2019/08/22 16:10:00",TBSF1,17.10
D,DISPATCH,UNIT_SCADA,1,"2019/08/22 16:10:00",TNPS1,442.300020
D,DISPATCH,UNIT_SCADA,1,"2019/08/22 16:10:00",TORRA1,102.450960
D,DISPATCH,UNIT_SCADA,1,"2019/08/22 16:10:00",TORRA2,0
D,DISPATCH,UNIT_SCADA,1,"2019/08/22 16:10:00",TORRA3,52.107250
D,DISPATCH,UNIT_SCADA,1,"2019/08/22 16:10:00",TORRA4,101.506420
D,DISPATCH,UNIT_SCADA,1,"2019/08/22 16:10:00",TORRB1,109.63
D,DISPATCH,UNIT_SCADA,1,"2019/08/22 16:10:00",TORRB2,153.240010
D,DISPATCH,UNIT_SCADA,1,"2019/08/22 16:10:00",TORRB3,0
D,DISPATCH,UNIT_SCADA,1,"2019/08/22 16:10:00",TORRB4,0
D,DISPATCH,UNIT_SCADA,1,"2019/08/22 16:10:00",TREVALLN,70.140030
D,DISPATCH,UNIT_SCADA,1,"2019/08/22 16:10:00",TRIBUTE,85.08
D,DISPATCH,UNIT_SCADA,1,"2019/08/22 16:10:00",TUMUT3,0
D,DISPATCH,UNIT_SCADA,1,"2019/08/22 16:10:00",TUNGATIN,134.160030
D,DISPATCH,UNIT_SCADA,1,"2019/08/22 16:10:00",TVCC201,0
D,DISPATCH,UNIT_SCADA,1,"2019/08/22 16:10:00",TVPP104,0
D,DISPATCH,UNIT_SCADA,1,"2019/08/22 16:10:00",UPPTUMUT,0
D,DISPATCH,UNIT_SCADA,1,"2019/08/22 16:10:00",URANQ11,0
D,DISPATCH,UNIT_SCADA,1,"2019/08/22 16:10:00",URANQ12,0
D,DISPATCH,UNIT_SCADA,1,"2019/08/22 16:10:00",URANQ13,0
D,DISPATCH,UNIT_SCADA,1,"2019/08/22 16:10:00",URANQ14,0
D,DISPATCH,UNIT_SCADA,1,"2019/08/22 16:10:00",VP5,200.924990
D,DISPATCH,UNIT_SCADA,1,"2019/08/22 16:10:00",VP6,587.049990
D,DISPATCH,UNIT_SCADA,1,"2019/08/22 16:10:00",VPGS1,0
D,DISPATCH,UNIT_SCADA,1,"2019/08/22 16:10:00",VPGS2,0
D,DISPATCH,UNIT_SCADA,1,"2019/08/22 16:10:00",VPGS3,0
D,DISPATCH,UNIT_SCADA,1,"2019/08/22 16:10:00",VPGS4,0
D,DISPATCH,UNIT_SCADA,1,"2019/08/22 16:10:00",VPGS5,0
D,DISPATCH,UNIT_SCADA,1,"2019/08/22 16:10:00",VPGS6,0
D,DISPATCH,UNIT_SCADA,1,"2019/08/22 16:10:00",W/HOE#1,0
D,DISPATCH,UNIT_SCADA,1,"2019/08/22 16:10:00",W/HOE#2,0
D,DISPATCH,UNIT_SCADA,1,"2019/08/22 16:10:00",WATERLWF,2
D,DISPATCH,UNIT_SCADA,1,"2019/08/22 16:10:00",WEMENSF1,64.90
D,DISPATCH,UNIT_SCADA,1,"2019/08/22 16:10:00",WGWF1,3.20
D,DISPATCH,UNIT_SCADA,1,"2019/08/22 16:10:00",WHITSF1,40.90
D,DISPATCH,UNIT_SCADA,1,"2019/08/22 16:10:00",WKIEWA1,0
D,DISPATCH,UNIT_SCADA,1,"2019/08/22 16:10:00",WKIEWA2,0.10
D,DISPATCH,UNIT_SCADA,1,"2019/08/22 16:10:00",WOODLWN1,11.933990
D,DISPATCH,UNIT_SCADA,1,"2019/08/22 16:10:00",WRSF1,8.41
D,DISPATCH,UNIT_SCADA,1,"2019/08/22 16:10:00",WRWF1,149.2075
D,DISPATCH,UNIT_SCADA,1,"2019/08/22 16:10:00",YABULU,0
D,DISPATCH,UNIT_SCADA,1,"2019/08/22 16:10:00",YABULU2,0
D,DISPATCH,UNIT_SCADA,1,"2019/08/22 16:10:00",YARWUN_1,0
D,DISPATCH,UNIT_SCADA,1,"2019/08/22 16:10:00",YENDWF1,37.06
D,DISPATCH,UNIT_SCADA,1,"2019/08/22 16:10:00",YWPS1,373.683530
D,DISPATCH,UNIT_SCADA,1,"2019/08/22 16:10:00",YWPS2,282.954440
D,DISPATCH,UNIT_SCADA,1,"2019/08/22 16:10:00",YWPS3,0
D,DISPATCH,UNIT_SCADA,1,"2019/08/22 16:10:00",YWPS4,400.036710
C,"END OF REPORT",334
