C,NEMP.WORLD,DISPATCHSCADA,AEMO,PUBLIC,2019/08/20,04:30:09,0000000311771977,DISPATCHSCADA,0000000311771971
I,DISPATCH,UNIT_SCADA,1,SETTLEMENTDATE,DUID,SCADAVALUE
D,DISPATCH,UNIT_SCADA,1,"2019/08/20 04:35:00",BARCSF1,0
D,DISPATCH,UNIT_SCADA,1,"2019/08/20 04:35:00",BUTLERSG,9.799998
D,DISPATCH,UNIT_SCADA,1,"2019/08/20 04:35:00",CALL_A_4,0
D,DISPATCH,UNIT_SCADA,1,"2019/08/20 04:35:00",CAPTL_WF,110.952003
D,DISPATCH,UNIT_SCADA,1,"2019/08/20 04:35:00",CATHROCK,49.299995
D,DISPATCH,UNIT_SCADA,1,"2019/08/20 04:35:00",CHALLHWF,27.299999
D,DISPATCH,UNIT_SCADA,1,"2019/08/20 04:35:00",CLOVER,-0.02
D,DISPATCH,UNIT_SCADA,1,"2019/08/20 04:35:00",CLUNY,16.325476
D,DISPATCH,UNIT_SCADA,1,"2019/08/20 04:35:00",CNUNDAWF,38.144497
D,DISPATCH,UNIT_SCADA,1,"2019/08/20 04:35:00",CULLRGWF,30.450001
D,DISPATCH,UNIT_SCADA,1,"2019/08/20 04:35:00",ERGT01,0
D,DISPATCH,UNIT_SCADA,1,"2019/08/20 04:35:00",GB01,0.057449
D,DISPATCH,UNIT_SCADA,1,"2019/08/20 04:35:00",GERMCRK,38.299999
D,DISPATCH,UNIT_SCADA,1,"2019/08/20 04:35:00",GRIFSF1,0
D,DISPATCH,UNIT_SCADA,1,"2019/08/20 04:35:00",HUGSF1,-0.2580
D,DISPATCH,UNIT_SCADA,1,"2019/08/20 04:35:00",LKBONNY1,66.446167
D,DISPATCH,UNIT_SCADA,1,"2019/08/20 04:35:00",LRSF1,-0.03
D,DISPATCH,UNIT_SCADA,1,"2019/08/20 04:35:00",MBAHNTH,56.043747
D,DISPATCH,UNIT_SCADA,1,"2019/08/20 04:35:00",MLSP1,0.304001
D,DISPATCH,UNIT_SCADA,1,"2019/08/20 04:35:00",MLWF1,19.154999
D,DISPATCH,UNIT_SCADA,1,"2019/08/20 04:35:00",MTMILLAR,24.139614
D,DISPATCH,UNIT_SCADA,1,"2019/08/20 04:35:00",PALOONA,23.60
D,DISPATCH,UNIT_SCADA,1,"2019/08/20 04:35:00",PIONEER,10.20
D,DISPATCH,UNIT_SCADA,1,"2019/08/20 04:35:00",PORTWF,138.800003
D,DISPATCH,UNIT_SCADA,1,"2019/08/20 04:35:00",REPULSE,29.050125
D,DISPATCH,UNIT_SCADA,1,"2019/08/20 04:35:00",ROWALLAN,9.8477
D,DISPATCH,UNIT_SCADA,1,"2019/08/20 04:35:00",ROYALLA1,0
D,DISPATCH,UNIT_SCADA,1,"2019/08/20 04:35:00",RPCG,13.90
D,DISPATCH,UNIT_SCADA,1,"2019/08/20 04:35:00",RUBICON,0
D,DISPATCH,UNIT_SCADA,1,"2019/08/20 04:35:00",SATGN1,0
D,DISPATCH,UNIT_SCADA,1,"2019/08/20 04:35:00",SATGS1,0
D,DISPATCH,UNIT_SCADA,1,"2019/08/20 04:35:00",STARHLWF,20.094141
D,DISPATCH,UNIT_SCADA,1,"2019/08/20 04:35:00",WAUBRAWF,121.616997
D,DISPATCH,UNIT_SCADA,1,"2019/08/20 04:35:00",WOOLNTH1,130.340027
D,DISPATCH,UNIT_SCADA,1,"2019/08/20 04:35:00",WPWF,36
D,DISPATCH,UNIT_SCADA,1,"2019/08/20 04:35:00",YAMBUKWF,10.90
D,DISPATCH,UNIT_SCADA,1,"2019/08/20 04:35:00",YSWF1,28.60
D,DISPATCH,UNIT_SCADA,1,"2019/08/20 04:35:00",AGLHAL,0
D,DISPATCH,UNIT_SCADA,1,"2019/08/20 04:35:00",AGLSOM,0
D,DISPATCH,UNIT_SCADA,1,"2019/08/20 04:35:00",ANGAST1,0
D,DISPATCH,UNIT_SCADA,1,"2019/08/20 04:35:00",ARWF1,30.10
D,DISPATCH,UNIT_SCADA,1,"2019/08/20 04:35:00",BALBG1,0
D,DISPATCH,UNIT_SCADA,1,"2019/08/20 04:35:00",BALBL1,6.02
D,DISPATCH,UNIT_SCADA,1,"2019/08/20 04:35:00",BALDHWF1,99.8840
D,DISPATCH,UNIT_SCADA,1,"2019/08/20 04:35:00",BANN1,0
D,DISPATCH,UNIT_SCADA,1,"2019/08/20 04:35:00",BARCALDN,0
D,DISPATCH,UNIT_SCADA,1,"2019/08/20 04:35:00",BARRON-1,0
D,DISPATCH,UNIT_SCADA,1,"2019/08/20 04:35:00",BARRON-2,25.52
D,DISPATCH,UNIT_SCADA,1,"2019/08/20 04:35:00",BASTYAN,80.600010
D,DISPATCH,UNIT_SCADA,1,"2019/08/20 04:35:00",BBTHREE1,0
D,DISPATCH,UNIT_SCADA,1,"2019/08/20 04:35:00",BBTHREE2,0
D,DISPATCH,UNIT_SCADA,1,"2019/08/20 04:35:00",BBTHREE3,0
D,DISPATCH,UNIT_SCADA,1,"2019/08/20 04:35:00",BDL01,0
D,DISPATCH,UNIT_SCADA,1,"2019/08/20 04:35:00",BDL02,0
D,DISPATCH,UNIT_SCADA,1,"2019/08/20 04:35:00",BERYLSF1,0
D,DISPATCH,UNIT_SCADA,1,"2019/08/20 04:35:00",BLOWERNG,0
D,DISPATCH,UNIT_SCADA,1,"2019/08/20 04:35:00",BLUFF1,33.70
D,DISPATCH,UNIT_SCADA,1,"2019/08/20 04:35:00",BNGSF1,0
D,DISPATCH,UNIT_SCADA,1,"2019/08/20 04:35:00",BNGSF2,0
D,DISPATCH,UNIT_SCADA,1,"2019/08/20 04:35:00",BOCORWF1,47.38
D,DISPATCH,UNIT_SCADA,1,"2019/08/20 04:35:00",BODWF1,57.051880
D,DISPATCH,UNIT_SCADA,1,"2019/08/20 04:35:00",BRAEMAR1,0
D,DISPATCH,UNIT_SCADA,1,"2019/08/20 04:35:00",BRAEMAR2,0
D,DISPATCH,UNIT_SCADA,1,"2019/08/20 04:35:00",BRAEMAR3,0
D,DISPATCH,UNIT_SCADA,1,"2019/08/20 04:35:00",BRAEMAR5,0
D,DISPATCH,UNIT_SCADA,1,"2019/08/20 04:35:00",BRAEMAR6,0
D,DISPATCH,UNIT_SCADA,1,"2019/08/20 04:35:00",BRAEMAR7,0
D,DISPATCH,UNIT_SCADA,1,"2019/08/20 04:35:00",BROKENH1,0
D,DISPATCH,UNIT_SCADA,1,"2019/08/20 04:35:00",BW01,346.275020
D,DISPATCH,UNIT_SCADA,1,"2019/08/20 04:35:00",BW02,396.900020
D,DISPATCH,UNIT_SCADA,1,"2019/08/20 04:35:00",BW03,519.674930
D,DISPATCH,UNIT_SCADA,1,"2019/08/20 04:35:00",BW04,0
D,DISPATCH,UNIT_SCADA,1,"2019/08/20 04:35:00",CALL_B_1,339.899990
D,DISPATCH,UNIT_SCADA,1,"2019/08/20 04:35:00",CALL_B_2,290.200010
D,DISPATCH,UNIT_SCADA,1,"2019/08/20 04:35:00",CETHANA,92.376630
D,DISPATCH,UNIT_SCADA,1,"2019/08/20 04:35:00",CG1,0
D,DISPATCH,UNIT_SCADA,1,"2019/08/20 04:35:00",CG2,0
D,DISPATCH,UNIT_SCADA,1,"2019/08/20 04:35:00",CG3,0
D,DISPATCH,UNIT_SCADA,1,"2019/08/20 04:35:00",CG4,0
D,DISPATCH,UNIT_SCADA,1,"2019/08/20 04:35:00",CHILDSF1,0
D,DISPATCH,UNIT_SCADA,1,"2019/08/20 04:35:00",CLARESF1,0
D,DISPATCH,UNIT_SCADA,1,"2019/08/20 04:35:00",CLEMGPWF,3.385650
D,DISPATCH,UNIT_SCADA,1,"2019/08/20 04:35:00",CLERMSF1,0
D,DISPATCH,UNIT_SCADA,1,"2019/08/20 04:35:00",COLEASF1,0
D,DISPATCH,UNIT_SCADA,1,"2019/08/20 04:35:00",COOPGWF1,16.961420
D,DISPATCH,UNIT_SCADA,1,"2019/08/20 04:35:00",CPP_3,402.325010
D,DISPATCH,UNIT_SCADA,1,"2019/08/20 04:35:00",CPP_4,400.675020
D,DISPATCH,UNIT_SCADA,1,"2019/08/20 04:35:00",CPSA,142.2650
D,DISPATCH,UNIT_SCADA,1,"2019/08/20 04:35:00",CROOKWF2,77.665020
D,DISPATCH,UNIT_SCADA,1,"2019/08/20 04:35:00",CROWLWF1,22.601730
D,DISPATCH,UNIT_SCADA,1,"2019/08/20 04:35:00",CSPVPS1,0
D,DISPATCH,UNIT_SCADA,1,"2019/08/20 04:35:00",DALNTH01,0
D,DISPATCH,UNIT_SCADA,1,"2019/08/20 04:35:00",DALNTHL1,0.016780
D,DISPATCH,UNIT_SCADA,1,"2019/08/20 04:35:00",DARTM1,0
D,DISPATCH,UNIT_SCADA,1,"2019/08/20 04:35:00",DAYDSF1,0
D,DISPATCH,UNIT_SCADA,1,"2019/08/20 04:35:00",DDPS1,0
D,DISPATCH,UNIT_SCADA,1,"2019/08/20 04:35:00",DDSF1,0
D,DISPATCH,UNIT_SCADA,1,"2019/08/20 04:35:00",DEVILS_G,60.756250
D,DISPATCH,UNIT_SCADA,1,"2019/08/20 04:35:00",DG_NSW1,0
D,DISPATCH,UNIT_SCADA,1,"2019/08/20 04:35:00",DG_QLD1,0
D,DISPATCH,UNIT_SCADA,1,"2019/08/20 04:35:00",DG_SA1,0
D,DISPATCH,UNIT_SCADA,1,"2019/08/20 04:35:00",DG_TAS1,0
D,DISPATCH,UNIT_SCADA,1,"2019/08/20 04:35:00",DG_VIC1,0
D,DISPATCH,UNIT_SCADA,1,"2019/08/20 04:35:00",DRYCGT1,0
D,DISPATCH,UNIT_SCADA,1,"2019/08/20 04:35:00",DRYCGT2,0
D,DISPATCH,UNIT_SCADA,1,"2019/08/20 04:35:00",DRYCGT3,0
D,DISPATCH,UNIT_SCADA,1,"2019/08/20 04:35:00",EILDON1,0
D,DISPATCH,UNIT_SCADA,1,"2019/08/20 04:35:00",EILDON2,0
D,DISPATCH,UNIT_SCADA,1,"2019/08/20 04:35:00",EMERASF1,0
D,DISPATCH,UNIT_SCADA,1,"2019/08/20 04:35:00",ER01,457.075070
D,DISPATCH,UNIT_SCADA,1,"2019/08/20 04:35:00",ER02,460.3750
D,DISPATCH,UNIT_SCADA,1,"2019/08/20 04:35:00",ER03,455.1250
D,DISPATCH,UNIT_SCADA,1,"2019/08/20 04:35:00",ER04,457.575070
D,DISPATCH,UNIT_SCADA,1,"2019/08/20 04:35:00",FINLYSF1,0
D,DISPATCH,UNIT_SCADA,1,"2019/08/20 04:35:00",FISHER,45.81
D,DISPATCH,UNIT_SCADA,1,"2019/08/20 04:35:00",GANNBG1,0
D,DISPATCH,UNIT_SCADA,1,"2019/08/20 04:35:00",GANNBL1,10
D,DISPATCH,UNIT_SCADA,1,"2019/08/20 04:35:00",GANNSF1,0
D,DISPATCH,UNIT_SCADA,1,"2019/08/20 04:35:00",GORDON,0
D,DISPATCH,UNIT_SCADA,1,"2019/08/20 04:35:00",GSTONE1,125.8250
D,DISPATCH,UNIT_SCADA,1,"2019/08/20 04:35:00",GSTONE2,130.55
D,DISPATCH,UNIT_SCADA,1,"2019/08/20 04:35:00",GSTONE3,126.35
D,DISPATCH,UNIT_SCADA,1,"2019/08/20 04:35:00",GSTONE4,126.70
D,DISPATCH,UNIT_SCADA,1,"2019/08/20 04:35:00",GSTONE5,125.8250
D,DISPATCH,UNIT_SCADA,1,"2019/08/20 04:35:00",GSTONE6,0
D,DISPATCH,UNIT_SCADA,1,"2019/08/20 04:35:00",GULLRSF1,0
D,DISPATCH,UNIT_SCADA,1,"2019/08/20 04:35:00",GULLRWF1,163.118290
D,DISPATCH,UNIT_SCADA,1,"2019/08/20 04:35:00",GUNNING1,43.585590
D,DISPATCH,UNIT_SCADA,1,"2019/08/20 04:35:00",GUTHEGA,0
D,DISPATCH,UNIT_SCADA,1,"2019/08/20 04:35:00",HALLWF1,71.10
D,DISPATCH,UNIT_SCADA,1,"2019/08/20 04:35:00",HALLWF2,40.26
D,DISPATCH,UNIT_SCADA,1,"2019/08/20 04:35:00",HAMISF1,0
D,DISPATCH,UNIT_SCADA,1,"2019/08/20 04:35:00",HAUGHT11,0
D,DISPATCH,UNIT_SCADA,1,"2019/08/20 04:35:00",HAYMSF1,0
D,DISPATCH,UNIT_SCADA,1,"2019/08/20 04:35:00",HDWF1,57.60
D,DISPATCH,UNIT_SCADA,1,"2019/08/20 04:35:00",HDWF2,31.40
D,DISPATCH,UNIT_SCADA,1,"2019/08/20 04:35:00",HDWF3,50.10
D,DISPATCH,UNIT_SCADA,1,"2019/08/20 04:35:00",HPRG1,0
D,DISPATCH,UNIT_SCADA,1,"2019/08/20 04:35:00",HPRL1,23.70
D,DISPATCH,UNIT_SCADA,1,"2019/08/20 04:35:00",HUMENSW,0
D,DISPATCH,UNIT_SCADA,1,"2019/08/20 04:35:00",HUMEV,8.10
D,DISPATCH,UNIT_SCADA,1,"2019/08/20 04:35:00",HVGTS,0
D,DISPATCH,UNIT_SCADA,1,"2019/08/20 04:35:00",JBUTTERS,112.57
D,DISPATCH,UNIT_SCADA,1,"2019/08/20 04:35:00",JLA01,0.50
D,DISPATCH,UNIT_SCADA,1,"2019/08/20 04:35:00",JLA02,0
D,DISPATCH,UNIT_SCADA,1,"2019/08/20 04:35:00",JLA03,0.10
D,DISPATCH,UNIT_SCADA,1,"2019/08/20 04:35:00",JLA04,0.10
D,DISPATCH,UNIT_SCADA,1,"2019/08/20 04:35:00",JLB01,0
D,DISPATCH,UNIT_SCADA,1,"2019/08/20 04:35:00",JLB02,0.10
D,DISPATCH,UNIT_SCADA,1,"2019/08/20 04:35:00",JLB03,0
D,DISPATCH,UNIT_SCADA,1,"2019/08/20 04:35:00",KAREEYA1,21.5525
D,DISPATCH,UNIT_SCADA,1,"2019/08/20 04:35:00",KAREEYA2,21.7275
D,DISPATCH,UNIT_SCADA,1,"2019/08/20 04:35:00",KAREEYA3,0
D,DISPATCH,UNIT_SCADA,1,"2019/08/20 04:35:00",KAREEYA4,21.7350
D,DISPATCH,UNIT_SCADA,1,"2019/08/20 04:35:00",KARSF1,0
D,DISPATCH,UNIT_SCADA,1,"2019/08/20 04:35:00",KIATAWF1,30.30
D,DISPATCH,UNIT_SCADA,1,"2019/08/20 04:35:00",KPP_1,0
D,DISPATCH,UNIT_SCADA,1,"2019/08/20 04:35:00",KSP1,0
D,DISPATCH,UNIT_SCADA,1,"2019/08/20 04:35:00",LADBROK1,0
D,DISPATCH,UNIT_SCADA,1,"2019/08/20 04:35:00",LADBROK2,0
D,DISPATCH,UNIT_SCADA,1,"2019/08/20 04:35:00",LD01,356.850040
D,DISPATCH,UNIT_SCADA,1,"2019/08/20 04:35:00",LD02,350.831180
D,DISPATCH,UNIT_SCADA,1,"2019/08/20 04:35:00",LD03,354.862520
D,DISPATCH,UNIT_SCADA,1,"2019/08/20 04:35:00",LD04,354.393770
D,DISPATCH,UNIT_SCADA,1,"2019/08/20 04:35:00",LEM_WIL,85.356290
D,DISPATCH,UNIT_SCADA,1,"2019/08/20 04:35:00",LGAPWF1,15.84
D,DISPATCH,UNIT_SCADA,1,"2019/08/20 04:35:00",LILYSF1,0
D,DISPATCH,UNIT_SCADA,1,"2019/08/20 04:35:00",LI_WY_CA,147.995290
D,DISPATCH,UNIT_SCADA,1,"2019/08/20 04:35:00",LKBONNY2,152.154330
D,DISPATCH,UNIT_SCADA,1,"2019/08/20 04:35:00",LKBONNY3,37.568220
D,DISPATCH,UNIT_SCADA,1,"2019/08/20 04:35:00",LK_ECHO,0
D,DISPATCH,UNIT_SCADA,1,"2019/08/20 04:35:00",LNGS1,0
D,DISPATCH,UNIT_SCADA,1,"2019/08/20 04:35:00",LNGS2,0
D,DISPATCH,UNIT_SCADA,1,"2019/08/20 04:35:00",LONSDALE,0
D,DISPATCH,UNIT_SCADA,1,"2019/08/20 04:35:00",LOYYB1,535.712650
D,DISPATCH,UNIT_SCADA,1,"2019/08/20 04:35:00",LOYYB2,581.954410
D,DISPATCH,UNIT_SCADA,1,"2019/08/20 04:35:00",LYA1,560
D,DISPATCH,UNIT_SCADA,1,"2019/08/20 04:35:00",LYA2,0
D,DISPATCH,UNIT_SCADA,1,"2019/08/20 04:35:00",LYA3,520
D,DISPATCH,UNIT_SCADA,1,"2019/08/20 04:35:00",LYA4,540
D,DISPATCH,UNIT_SCADA,1,"2019/08/20 04:35:00",MACARTH1,280.493530
D,DISPATCH,UNIT_SCADA,1,"2019/08/20 04:35:00",MACKAYGT,0
D,DISPATCH,UNIT_SCADA,1,"2019/08/20 04:35:00",MACKNTSH,85.420010
D,DISPATCH,UNIT_SCADA,1,"2019/08/20 04:35:00",MANSLR1,0
D,DISPATCH,UNIT_SCADA,1,"2019/08/20 04:35:00",MCKAY1,0.02
D,DISPATCH,UNIT_SCADA,1,"2019/08/20 04:35:00",MEADOWBK,34.095940
D,DISPATCH,UNIT_SCADA,1,"2019/08/20 04:35:00",MERCER01,123.7480
D,DISPATCH,UNIT_SCADA,1,"2019/08/20 04:35:00",MEWF1,24.996860
D,DISPATCH,UNIT_SCADA,1,"2019/08/20 04:35:00",MINTARO,0
D,DISPATCH,UNIT_SCADA,1,"2019/08/20 04:35:00",MOREESF1,0
D,DISPATCH,UNIT_SCADA,1,"2019/08/20 04:35:00",MORTLK11,125
D,DISPATCH,UNIT_SCADA,1,"2019/08/20 04:35:00",MORTLK12,0
D,DISPATCH,UNIT_SCADA,1,"2019/08/20 04:35:00",MP1,282.699950
D,DISPATCH,UNIT_SCADA,1,"2019/08/20 04:35:00",MP2,0
D,DISPATCH,UNIT_SCADA,1,"2019/08/20 04:35:00",MPP_1,426.25
D,DISPATCH,UNIT_SCADA,1,"2019/08/20 04:35:00",MPP_2,434.50
D,DISPATCH,UNIT_SCADA,1,"2019/08/20 04:35:00",MSTUART1,0
D,DISPATCH,UNIT_SCADA,1,"2019/08/20 04:35:00",MSTUART2,0
D,DISPATCH,UNIT_SCADA,1,"2019/08/20 04:35:00",MSTUART3,0
D,DISPATCH,UNIT_SCADA,1,"2019/08/20 04:35:00",MTGELWF1,64.261310
D,DISPATCH,UNIT_SCADA,1,"2019/08/20 04:35:00",MURRAY,0
D,DISPATCH,UNIT_SCADA,1,"2019/08/20 04:35:00",MUSSELR1,153.799990
D,DISPATCH,UNIT_SCADA,1,"2019/08/20 04:35:00",MUWAWF1,40.31
D,DISPATCH,UNIT_SCADA,1,"2019/08/20 04:35:00",NBHWF1,64.50
D,DISPATCH,UNIT_SCADA,1,"2019/08/20 04:35:00",NPS,0
D,DISPATCH,UNIT_SCADA,1,"2019/08/20 04:35:00",NUMURSF1,0
D,DISPATCH,UNIT_SCADA,1,"2019/08/20 04:35:00",NYNGAN1,0
D,DISPATCH,UNIT_SCADA,1,"2019/08/20 04:35:00",OAKEY1,0
D,DISPATCH,UNIT_SCADA,1,"2019/08/20 04:35:00",OAKEY1SF,0
D,DISPATCH,UNIT_SCADA,1,"2019/08/20 04:35:00",OAKEY2,0
D,DISPATCH,UNIT_SCADA,1,"2019/08/20 04:35:00",OAKLAND1,61.70
D,DISPATCH,UNIT_SCADA,1,"2019/08/20 04:35:00",OSB-AG,140.80
D,DISPATCH,UNIT_SCADA,1,"2019/08/20 04:35:00",PARSF1,0
D,DISPATCH,UNIT_SCADA,1,"2019/08/20 04:35:00",POAT110,0
D,DISPATCH,UNIT_SCADA,1,"2019/08/20 04:35:00",POAT220,2.46
D,DISPATCH,UNIT_SCADA,1,"2019/08/20 04:35:00",POR01,0
D,DISPATCH,UNIT_SCADA,1,"2019/08/20 04:35:00",POR03,0
D,DISPATCH,UNIT_SCADA,1,"2019/08/20 04:35:00",PPCCGT,0
D,DISPATCH,UNIT_SCADA,1,"2019/08/20 04:35:00",PTSTAN1,0
D,DISPATCH,UNIT_SCADA,1,"2019/08/20 04:35:00",PUMP1,0
D,DISPATCH,UNIT_SCADA,1,"2019/08/20 04:35:00",PUMP2,0
D,DISPATCH,UNIT_SCADA,1,"2019/08/20 04:35:00",QPS1,0
D,DISPATCH,UNIT_SCADA,1,"2019/08/20 04:35:00",QPS2,0
D,DISPATCH,UNIT_SCADA,1,"2019/08/20 04:35:00",QPS3,0
D,DISPATCH,UNIT_SCADA,1,"2019/08/20 04:35:00",QPS4,0
D,DISPATCH,UNIT_SCADA,1,"2019/08/20 04:35:00",QPS5,0
D,DISPATCH,UNIT_SCADA,1,"2019/08/20 04:35:00",REECE1,114.970010
D,DISPATCH,UNIT_SCADA,1,"2019/08/20 04:35:00",REECE2,115.360010
D,DISPATCH,UNIT_SCADA,1,"2019/08/20 04:35:00",ROMA_7,0
D,DISPATCH,UNIT_SCADA,1,"2019/08/20 04:35:00",ROMA_8,0
D,DISPATCH,UNIT_SCADA,1,"2019/08/20 04:35:00",RRSF1,0
D,DISPATCH,UNIT_SCADA,1,"2019/08/20 04:35:00",RT_NSW1,0
D,DISPATCH,UNIT_SCADA,1,"2019/08/20 04:35:00",RT_NSW2,0
D,DISPATCH,UNIT_SCADA,1,"2019/08/20 04:35:00",RT_NSW3,0
D,DISPATCH,UNIT_SCADA,1,"2019/08/20 04:35:00",RT_NSW4,0
D,DISPATCH,UNIT_SCADA,1,"2019/08/20 04:35:00",RT_NSW5,0
D,DISPATCH,UNIT_SCADA,1,"2019/08/20 04:35:00",RT_NSW6,0
D,DISPATCH,UNIT_SCADA,1,"2019/08/20 04:35:00",RT_QLD1,0
D,DISPATCH,UNIT_SCADA,1,"2019/08/20 04:35:00",RT_SA1,0
D,DISPATCH,UNIT_SCADA,1,"2019/08/20 04:35:00",RT_SA2,0
D,DISPATCH,UNIT_SCADA,1,"2019/08/20 04:35:00",RT_SA3,0
D,DISPATCH,UNIT_SCADA,1,"2019/08/20 04:35:00",RT_SA4,0
D,DISPATCH,UNIT_SCADA,1,"2019/08/20 04:35:00",RT_SA5,0
D,DISPATCH,UNIT_SCADA,1,"2019/08/20 04:35:00",RT_SA6,0
D,DISPATCH,UNIT_SCADA,1,"2019/08/20 04:35:00",RT_TAS1,0
D,DISPATCH,UNIT_SCADA,1,"2019/08/20 04:35:00",RT_VIC1,0
D,DISPATCH,UNIT_SCADA,1,"2019/08/20 04:35:00",RT_VIC10,0
D,DISPATCH,UNIT_SCADA,1,"2019/08/20 04:35:00",RT_VIC11,0
D,DISPATCH,UNIT_SCADA,1,"2019/08/20 04:35:00",RT_VIC12,0
D,DISPATCH,UNIT_SCADA,1,"2019/08/20 04:35:00",RT_VIC2,0
D,DISPATCH,UNIT_SCADA,1,"2019/08/20 04:35:00",RT_VIC3,0
D,DISPATCH,UNIT_SCADA,1,"2019/08/20 04:35:00",RT_VIC4,0
D,DISPATCH,UNIT_SCADA,1,"2019/08/20 04:35:00",RT_VIC5,0
D,DISPATCH,UNIT_SCADA,1,"2019/08/20 04:35:00",RT_VIC6,0
D,DISPATCH,UNIT_SCADA,1,"2019/08/20 04:35:00",RT_VIC7,0
D,DISPATCH,UNIT_SCADA,1,"2019/08/20 04:35:00",RT_VIC8,0
D,DISPATCH,UNIT_SCADA,1,"2019/08/20 04:35:00",RT_VIC9,0
D,DISPATCH,UNIT_SCADA,1,"2019/08/20 04:35:00",RUGBYR1,0
D,DISPATCH,UNIT_SCADA,1,"2019/08/20 04:35:00",SALTCRK1,49.80
D,DISPATCH,UNIT_SCADA,1,"2019/08/20 04:35:00",SAPHWF1,195.009370
D,DISPATCH,UNIT_SCADA,1,"2019/08/20 04:35:00",SHGEN,0
D,DISPATCH,UNIT_SCADA,1,"2019/08/20 04:35:00",SHPUMP,0
D,DISPATCH,UNIT_SCADA,1,"2019/08/20 04:35:00",SITHE01,0.043330
D,DISPATCH,UNIT_SCADA,1,"2019/08/20 04:35:00",SMCSF1,0
D,DISPATCH,UNIT_SCADA,1,"2019/08/20 04:35:00",SNOWNTH1,21.60
D,DISPATCH,UNIT_SCADA,1,"2019/08/20 04:35:00",SNOWSTH1,55.30
D,DISPATCH,UNIT_SCADA,1,"2019/08/20 04:35:00",SNOWTWN1,29.475780
D,DISPATCH,UNIT_SCADA,1,"2019/08/20 04:35:00",SNOWYP,378.200010
D,DISPATCH,UNIT_SCADA,1,"2019/08/20 04:35:00",SNUG1,0.019440
D,DISPATCH,UNIT_SCADA,1,"2019/08/20 04:35:00",SRSF1,0
D,DISPATCH,UNIT_SCADA,1,"2019/08/20 04:35:00",STAN-1,0
D,DISPATCH,UNIT_SCADA,1,"2019/08/20 04:35:00",STAN-2,177.654710
D,DISPATCH,UNIT_SCADA,1,"2019/08/20 04:35:00",STAN-3,218.017960
D,DISPATCH,UNIT_SCADA,1,"2019/08/20 04:35:00",STAN-4,192.433640
D,DISPATCH,UNIT_SCADA,1,"2019/08/20 04:35:00",STWF1,117.584990
D,DISPATCH,UNIT_SCADA,1,"2019/08/20 04:35:00",SWAN_E,0
D,DISPATCH,UNIT_SCADA,1,"2019/08/20 04:35:00",TALWA1,190
D,DISPATCH,UNIT_SCADA,1,"2019/08/20 04:35:00",TARALGA1,104.497510
D,DISPATCH,UNIT_SCADA,1,"2019/08/20 04:35:00",TARONG#1,226
D,DISPATCH,UNIT_SCADA,1,"2019/08/20 04:35:00",TARONG#2,224.80
D,DISPATCH,UNIT_SCADA,1,"2019/08/20 04:35:00",TARONG#3,180.80
D,DISPATCH,UNIT_SCADA,1,"2019/08/20 04:35:00",TARONG#4,226.100010
D,DISPATCH,UNIT_SCADA,1,"2019/08/20 04:35:00",TARRALEA,79
D,DISPATCH,UNIT_SCADA,1,"2019/08/20 04:35:00",TBSF1,-0.20
D,DISPATCH,UNIT_SCADA,1,"2019/08/20 04:35:00",TNPS1,299.50
D,DISPATCH,UNIT_SCADA,1,"2019/08/20 04:35:00",TORRA1,35.582330
D,DISPATCH,UNIT_SCADA,1,"2019/08/20 04:35:00",TORRA2,0
D,DISPATCH,UNIT_SCADA,1,"2019/08/20 04:35:00",TORRA3,36.465740
D,DISPATCH,UNIT_SCADA,1,"2019/08/20 04:35:00",TORRA4,0
D,DISPATCH,UNIT_SCADA,1,"2019/08/20 04:35:00",TORRB1,41.27
D,DISPATCH,UNIT_SCADA,1,"2019/08/20 04:35:00",TORRB2,40.08
D,DISPATCH,UNIT_SCADA,1,"2019/08/20 04:35:00",TORRB3,0
D,DISPATCH,UNIT_SCADA,1,"2019/08/20 04:35:00",TORRB4,0
D,DISPATCH,UNIT_SCADA,1,"2019/08/20 04:35:00",TREVALLN,1.80
D,DISPATCH,UNIT_SCADA,1,"2019/08/20 04:35:00",TRIBUTE,84.82
D,DISPATCH,UNIT_SCADA,1,"2019/08/20 04:35:00",TUMUT3,0
D,DISPATCH,UNIT_SCADA,1,"2019/08/20 04:35:00",TUNGATIN,1.10
D,DISPATCH,UNIT_SCADA,1,"2019/08/20 04:35:00",TVCC201,0
D,DISPATCH,UNIT_SCADA,1,"2019/08/20 04:35:00",TVPP104,0
D,DISPATCH,UNIT_SCADA,1,"2019/08/20 04:35:00",UPPTUMUT,0
D,DISPATCH,UNIT_SCADA,1,"2019/08/20 04:35:00",URANQ11,0
D,DISPATCH,UNIT_SCADA,1,"2019/08/20 04:35:00",URANQ12,0
D,DISPATCH,UNIT_SCADA,1,"2019/08/20 04:35:00",URANQ13,0
D,DISPATCH,UNIT_SCADA,1,"2019/08/20 04:35:00",URANQ14,0
D,DISPATCH,UNIT_SCADA,1,"2019/08/20 04:35:00",VP5,308.400020
D,DISPATCH,UNIT_SCADA,1,"2019/08/20 04:35:00",VP6,310.050020
D,DISPATCH,UNIT_SCADA,1,"2019/08/20 04:35:00",VPGS1,0
D,DISPATCH,UNIT_SCADA,1,"2019/08/20 04:35:00",VPGS2,0
D,DISPATCH,UNIT_SCADA,1,"2019/08/20 04:35:00",VPGS3,0
D,DISPATCH,UNIT_SCADA,1,"2019/08/20 04:35:00",VPGS4,0
D,DISPATCH,UNIT_SCADA,1,"2019/08/20 04:35:00",VPGS5,0
D,DISPATCH,UNIT_SCADA,1,"2019/08/20 04:35:00",VPGS6,0
D,DISPATCH,UNIT_SCADA,1,"2019/08/20 04:35:00",W/HOE#1,0
D,DISPATCH,UNIT_SCADA,1,"2019/08/20 04:35:00",W/HOE#2,0
D,DISPATCH,UNIT_SCADA,1,"2019/08/20 04:35:00",WATERLWF,101.60
D,DISPATCH,UNIT_SCADA,1,"2019/08/20 04:35:00",WEMENSF1,0
D,DISPATCH,UNIT_SCADA,1,"2019/08/20 04:35:00",WGWF1,79.40
D,DISPATCH,UNIT_SCADA,1,"2019/08/20 04:35:00",WHITSF1,0
D,DISPATCH,UNIT_SCADA,1,"2019/08/20 04:35:00",WKIEWA1,29.80
D,DISPATCH,UNIT_SCADA,1,"2019/08/20 04:35:00",WKIEWA2,16.90
D,DISPATCH,UNIT_SCADA,1,"2019/08/20 04:35:00",WOODLWN1,44.855990
D,DISPATCH,UNIT_SCADA,1,"2019/08/20 04:35:00",WRSF1,0
D,DISPATCH,UNIT_SCADA,1,"2019/08/20 04:35:00",WRWF1,73.898740
D,DISPATCH,UNIT_SCADA,1,"2019/08/20 04:35:00",YABULU,0
D,DISPATCH,UNIT_SCADA,1,"2019/08/20 04:35:00",YABULU2,0
D,DISPATCH,UNIT_SCADA,1,"2019/08/20 04:35:00",YARWUN_1,0
D,DISPATCH,UNIT_SCADA,1,"2019/08/20 04:35:00",YENDWF1,41.95
D,DISPATCH,UNIT_SCADA,1,"2019/08/20 04:35:00",YWPS1,355.888610
D,DISPATCH,UNIT_SCADA,1,"2019/08/20 04:35:00",YWPS2,280.949370
D,DISPATCH,UNIT_SCADA,1,"2019/08/20 04:35:00",YWPS3,0
D,DISPATCH,UNIT_SCADA,1,"2019/08/20 04:35:00",YWPS4,364.751890
C,"END OF REPORT",334
