C,NEMP.WORLD,DISPATCHSCADA,AEMO,PUBLIC,2019/08/22,13:30:07,0000000311868720,DISPATCHSCADA,0000000311868714
I,DISPATCH,UNIT_SCADA,1,SETTLEMENTDATE,DUID,SCADAVALUE
D,DISPATCH,UNIT_SCADA,1,"2019/08/22 13:35:00",BARCSF1,18
D,DISPATCH,UNIT_SCADA,1,"2019/08/22 13:35:00",BUTLERSG,9.699999
D,DISPATCH,UNIT_SCADA,1,"2019/08/22 13:35:00",CALL_A_4,0
D,DISPATCH,UNIT_SCADA,1,"2019/08/22 13:35:00",CAPTL_WF,77.139999
D,DISPATCH,UNIT_SCADA,1,"2019/08/22 13:35:00",CATHROCK,0
D,DISPATCH,UNIT_SCADA,1,"2019/08/22 13:35:00",CHALLHWF,19.799999
D,DISPATCH,UNIT_SCADA,1,"2019/08/22 13:35:00",CLOVER,-0.01
D,DISPATCH,UNIT_SCADA,1,"2019/08/22 13:35:00",CLUNY,20.011444
D,DISPATCH,UNIT_SCADA,1,"2019/08/22 13:35:00",CNUNDAWF,10.412146
D,DISPATCH,UNIT_SCADA,1,"2019/08/22 13:35:00",CULLRGWF,29.17
D,DISPATCH,UNIT_SCADA,1,"2019/08/22 13:35:00",ERGT01,0
D,DISPATCH,UNIT_SCADA,1,"2019/08/22 13:35:00",GB01,0.069336
D,DISPATCH,UNIT_SCADA,1,"2019/08/22 13:35:00",GERMCRK,8
D,DISPATCH,UNIT_SCADA,1,"2019/08/22 13:35:00",GRIFSF1,24
D,DISPATCH,UNIT_SCADA,1,"2019/08/22 13:35:00",HUGSF1,8.9630
D,DISPATCH,UNIT_SCADA,1,"2019/08/22 13:35:00",LKBONNY1,13.217786
D,DISPATCH,UNIT_SCADA,1,"2019/08/22 13:35:00",LRSF1,12.1590
D,DISPATCH,UNIT_SCADA,1,"2019/08/22 13:35:00",MBAHNTH,55.556244
D,DISPATCH,UNIT_SCADA,1,"2019/08/22 13:35:00",MLSP1,11.791001
D,DISPATCH,UNIT_SCADA,1,"2019/08/22 13:35:00",MLWF1,7.65
D,DISPATCH,UNIT_SCADA,1,"2019/08/22 13:35:00",MTMILLAR,1.689178
D,DISPATCH,UNIT_SCADA,1,"2019/08/22 13:35:00",PALOONA,28.799999
D,DISPATCH,UNIT_SCADA,1,"2019/08/22 13:35:00",PIONEER,27.700001
D,DISPATCH,UNIT_SCADA,1,"2019/08/22 13:35:00",PORTWF,16.299999
D,DISPATCH,UNIT_SCADA,1,"2019/08/22 13:35:00",REPULSE,29.1075
D,DISPATCH,UNIT_SCADA,1,"2019/08/22 13:35:00",ROWALLAN,10.3660
D,DISPATCH,UNIT_SCADA,1,"2019/08/22 13:35:00",ROYALLA1,18.275002
D,DISPATCH,UNIT_SCADA,1,"2019/08/22 13:35:00",RPCG,11.90
D,DISPATCH,UNIT_SCADA,1,"2019/08/22 13:35:00",RUBICON,0
D,DISPATCH,UNIT_SCADA,1,"2019/08/22 13:35:00",SATGN1,0
D,DISPATCH,UNIT_SCADA,1,"2019/08/22 13:35:00",SATGS1,0
D,DISPATCH,UNIT_SCADA,1,"2019/08/22 13:35:00",STARHLWF,1.099679
D,DISPATCH,UNIT_SCADA,1,"2019/08/22 13:35:00",WAUBRAWF,138.960999
D,DISPATCH,UNIT_SCADA,1,"2019/08/22 13:35:00",WOOLNTH1,98.360016
D,DISPATCH,UNIT_SCADA,1,"2019/08/22 13:35:00",WPWF,-1
D,DISPATCH,UNIT_SCADA,1,"2019/08/22 13:35:00",YAMBUKWF,3.50
D,DISPATCH,UNIT_SCADA,1,"2019/08/22 13:35:00",YSWF1,10.40
D,DISPATCH,UNIT_SCADA,1,"2019/08/22 13:35:00",AGLHAL,0
D,DISPATCH,UNIT_SCADA,1,"2019/08/22 13:35:00",AGLSOM,0
D,DISPATCH,UNIT_SCADA,1,"2019/08/22 13:35:00",ANGAST1,0
D,DISPATCH,UNIT_SCADA,1,"2019/08/22 13:35:00",ARWF1,150.700010
D,DISPATCH,UNIT_SCADA,1,"2019/08/22 13:35:00",BALBG1,0
D,DISPATCH,UNIT_SCADA,1,"2019/08/22 13:35:00",BALBL1,14.49
D,DISPATCH,UNIT_SCADA,1,"2019/08/22 13:35:00",BALDHWF1,97.62
D,DISPATCH,UNIT_SCADA,1,"2019/08/22 13:35:00",BANN1,32.01
D,DISPATCH,UNIT_SCADA,1,"2019/08/22 13:35:00",BARCALDN,0
D,DISPATCH,UNIT_SCADA,1,"2019/08/22 13:35:00",BARRON-1,0
D,DISPATCH,UNIT_SCADA,1,"2019/08/22 13:35:00",BARRON-2,0
D,DISPATCH,UNIT_SCADA,1,"2019/08/22 13:35:00",BASTYAN,78.26
D,DISPATCH,UNIT_SCADA,1,"2019/08/22 13:35:00",BBTHREE1,-2
D,DISPATCH,UNIT_SCADA,1,"2019/08/22 13:35:00",BBTHREE2,-1.96
D,DISPATCH,UNIT_SCADA,1,"2019/08/22 13:35:00",BBTHREE3,-1.14
D,DISPATCH,UNIT_SCADA,1,"2019/08/22 13:35:00",BDL01,0
D,DISPATCH,UNIT_SCADA,1,"2019/08/22 13:35:00",BDL02,0
D,DISPATCH,UNIT_SCADA,1,"2019/08/22 13:35:00",BERYLSF1,70.649440
D,DISPATCH,UNIT_SCADA,1,"2019/08/22 13:35:00",BLOWERNG,0
D,DISPATCH,UNIT_SCADA,1,"2019/08/22 13:35:00",BLUFF1,0.10
D,DISPATCH,UNIT_SCADA,1,"2019/08/22 13:35:00",BNGSF1,84.10
D,DISPATCH,UNIT_SCADA,1,"2019/08/22 13:35:00",BNGSF2,19.97
D,DISPATCH,UNIT_SCADA,1,"2019/08/22 13:35:00",BOCORWF1,111.32
D,DISPATCH,UNIT_SCADA,1,"2019/08/22 13:35:00",BODWF1,112.549760
D,DISPATCH,UNIT_SCADA,1,"2019/08/22 13:35:00",BRAEMAR1,0
D,DISPATCH,UNIT_SCADA,1,"2019/08/22 13:35:00",BRAEMAR2,0
D,DISPATCH,UNIT_SCADA,1,"2019/08/22 13:35:00",BRAEMAR3,0
D,DISPATCH,UNIT_SCADA,1,"2019/08/22 13:35:00",BRAEMAR5,0
D,DISPATCH,UNIT_SCADA,1,"2019/08/22 13:35:00",BRAEMAR6,0
D,DISPATCH,UNIT_SCADA,1,"2019/08/22 13:35:00",BRAEMAR7,0
D,DISPATCH,UNIT_SCADA,1,"2019/08/22 13:35:00",BROKENH1,53.1438
D,DISPATCH,UNIT_SCADA,1,"2019/08/22 13:35:00",BW01,518.474980
D,DISPATCH,UNIT_SCADA,1,"2019/08/22 13:35:00",BW02,509.6250
D,DISPATCH,UNIT_SCADA,1,"2019/08/22 13:35:00",BW03,525.75
D,DISPATCH,UNIT_SCADA,1,"2019/08/22 13:35:00",BW04,0
D,DISPATCH,UNIT_SCADA,1,"2019/08/22 13:35:00",CALL_B_1,253.900010
D,DISPATCH,UNIT_SCADA,1,"2019/08/22 13:35:00",CALL_B_2,279.800020
D,DISPATCH,UNIT_SCADA,1,"2019/08/22 13:35:00",CETHANA,97.7055
D,DISPATCH,UNIT_SCADA,1,"2019/08/22 13:35:00",CG1,0
D,DISPATCH,UNIT_SCADA,1,"2019/08/22 13:35:00",CG2,0
D,DISPATCH,UNIT_SCADA,1,"2019/08/22 13:35:00",CG3,0
D,DISPATCH,UNIT_SCADA,1,"2019/08/22 13:35:00",CG4,0
D,DISPATCH,UNIT_SCADA,1,"2019/08/22 13:35:00",CHILDSF1,40.12
D,DISPATCH,UNIT_SCADA,1,"2019/08/22 13:35:00",CLARESF1,31.399940
D,DISPATCH,UNIT_SCADA,1,"2019/08/22 13:35:00",CLEMGPWF,-0.360180
D,DISPATCH,UNIT_SCADA,1,"2019/08/22 13:35:00",CLERMSF1,0
D,DISPATCH,UNIT_SCADA,1,"2019/08/22 13:35:00",COLEASF1,97.199980
D,DISPATCH,UNIT_SCADA,1,"2019/08/22 13:35:00",COOPGWF1,29.871450
D,DISPATCH,UNIT_SCADA,1,"2019/08/22 13:35:00",CPP_3,278.575010
D,DISPATCH,UNIT_SCADA,1,"2019/08/22 13:35:00",CPP_4,292.600010
D,DISPATCH,UNIT_SCADA,1,"2019/08/22 13:35:00",CPSA,87.234380
D,DISPATCH,UNIT_SCADA,1,"2019/08/22 13:35:00",CROOKWF2,81.913750
D,DISPATCH,UNIT_SCADA,1,"2019/08/22 13:35:00",CROWLWF1,41.367550
D,DISPATCH,UNIT_SCADA,1,"2019/08/22 13:35:00",CSPVPS1,32.04
D,DISPATCH,UNIT_SCADA,1,"2019/08/22 13:35:00",DALNTH01,0
D,DISPATCH,UNIT_SCADA,1,"2019/08/22 13:35:00",DALNTHL1,0.1297
D,DISPATCH,UNIT_SCADA,1,"2019/08/22 13:35:00",DARTM1,134.70
D,DISPATCH,UNIT_SCADA,1,"2019/08/22 13:35:00",DAYDSF1,0
D,DISPATCH,UNIT_SCADA,1,"2019/08/22 13:35:00",DDPS1,0
D,DISPATCH,UNIT_SCADA,1,"2019/08/22 13:35:00",DDSF1,108.4375
D,DISPATCH,UNIT_SCADA,1,"2019/08/22 13:35:00",DEVILS_G,0
D,DISPATCH,UNIT_SCADA,1,"2019/08/22 13:35:00",DG_NSW1,0
D,DISPATCH,UNIT_SCADA,1,"2019/08/22 13:35:00",DG_QLD1,0
D,DISPATCH,UNIT_SCADA,1,"2019/08/22 13:35:00",DG_SA1,0
D,DISPATCH,UNIT_SCADA,1,"2019/08/22 13:35:00",DG_TAS1,0
D,DISPATCH,UNIT_SCADA,1,"2019/08/22 13:35:00",DG_VIC1,0
D,DISPATCH,UNIT_SCADA,1,"2019/08/22 13:35:00",DRYCGT1,0
D,DISPATCH,UNIT_SCADA,1,"2019/08/22 13:35:00",DRYCGT2,0
D,DISPATCH,UNIT_SCADA,1,"2019/08/22 13:35:00",DRYCGT3,0
D,DISPATCH,UNIT_SCADA,1,"2019/08/22 13:35:00",EILDON1,0
D,DISPATCH,UNIT_SCADA,1,"2019/08/22 13:35:00",EILDON2,0
D,DISPATCH,UNIT_SCADA,1,"2019/08/22 13:35:00",EMERASF1,62.57
D,DISPATCH,UNIT_SCADA,1,"2019/08/22 13:35:00",ER01,318.50
D,DISPATCH,UNIT_SCADA,1,"2019/08/22 13:35:00",ER02,370.349980
D,DISPATCH,UNIT_SCADA,1,"2019/08/22 13:35:00",ER03,698.099980
D,DISPATCH,UNIT_SCADA,1,"2019/08/22 13:35:00",ER04,370.300050
D,DISPATCH,UNIT_SCADA,1,"2019/08/22 13:35:00",FINLYSF1,1.125560
D,DISPATCH,UNIT_SCADA,1,"2019/08/22 13:35:00",FISHER,45.96
D,DISPATCH,UNIT_SCADA,1,"2019/08/22 13:35:00",GANNBG1,0
D,DISPATCH,UNIT_SCADA,1,"2019/08/22 13:35:00",GANNBL1,11.6829
D,DISPATCH,UNIT_SCADA,1,"2019/08/22 13:35:00",GANNSF1,41.60
D,DISPATCH,UNIT_SCADA,1,"2019/08/22 13:35:00",GORDON,2.4220
D,DISPATCH,UNIT_SCADA,1,"2019/08/22 13:35:00",GSTONE1,135.099990
D,DISPATCH,UNIT_SCADA,1,"2019/08/22 13:35:00",GSTONE2,110.0750
D,DISPATCH,UNIT_SCADA,1,"2019/08/22 13:35:00",GSTONE3,135.6250
D,DISPATCH,UNIT_SCADA,1,"2019/08/22 13:35:00",GSTONE4,136.50
D,DISPATCH,UNIT_SCADA,1,"2019/08/22 13:35:00",GSTONE5,135.274990
D,DISPATCH,UNIT_SCADA,1,"2019/08/22 13:35:00",GSTONE6,0
D,DISPATCH,UNIT_SCADA,1,"2019/08/22 13:35:00",GULLRSF1,9.584350
D,DISPATCH,UNIT_SCADA,1,"2019/08/22 13:35:00",GULLRWF1,130.873470
D,DISPATCH,UNIT_SCADA,1,"2019/08/22 13:35:00",GUNNING1,32.301670
D,DISPATCH,UNIT_SCADA,1,"2019/08/22 13:35:00",GUTHEGA,0
D,DISPATCH,UNIT_SCADA,1,"2019/08/22 13:35:00",HALLWF1,-0.49
D,DISPATCH,UNIT_SCADA,1,"2019/08/22 13:35:00",HALLWF2,-0.34
D,DISPATCH,UNIT_SCADA,1,"2019/08/22 13:35:00",HAMISF1,46.30
D,DISPATCH,UNIT_SCADA,1,"2019/08/22 13:35:00",HAUGHT11,49.985530
D,DISPATCH,UNIT_SCADA,1,"2019/08/22 13:35:00",HAYMSF1,40.98
D,DISPATCH,UNIT_SCADA,1,"2019/08/22 13:35:00",HDWF1,0.80
D,DISPATCH,UNIT_SCADA,1,"2019/08/22 13:35:00",HDWF2,0.60
D,DISPATCH,UNIT_SCADA,1,"2019/08/22 13:35:00",HDWF3,0
D,DISPATCH,UNIT_SCADA,1,"2019/08/22 13:35:00",HPRG1,0
D,DISPATCH,UNIT_SCADA,1,"2019/08/22 13:35:00",HPRL1,0
D,DISPATCH,UNIT_SCADA,1,"2019/08/22 13:35:00",HUMENSW,0
D,DISPATCH,UNIT_SCADA,1,"2019/08/22 13:35:00",HUMEV,9
D,DISPATCH,UNIT_SCADA,1,"2019/08/22 13:35:00",HVGTS,0
D,DISPATCH,UNIT_SCADA,1,"2019/08/22 13:35:00",JBUTTERS,136.34
D,DISPATCH,UNIT_SCADA,1,"2019/08/22 13:35:00",JLA01,0.50
D,DISPATCH,UNIT_SCADA,1,"2019/08/22 13:35:00",JLA02,0
D,DISPATCH,UNIT_SCADA,1,"2019/08/22 13:35:00",JLA03,0.10
D,DISPATCH,UNIT_SCADA,1,"2019/08/22 13:35:00",JLA04,0.10
D,DISPATCH,UNIT_SCADA,1,"2019/08/22 13:35:00",JLB01,0
D,DISPATCH,UNIT_SCADA,1,"2019/08/22 13:35:00",JLB02,0.10
D,DISPATCH,UNIT_SCADA,1,"2019/08/22 13:35:00",JLB03,0
D,DISPATCH,UNIT_SCADA,1,"2019/08/22 13:35:00",KAREEYA1,21.50
D,DISPATCH,UNIT_SCADA,1,"2019/08/22 13:35:00",KAREEYA2,21.8275
D,DISPATCH,UNIT_SCADA,1,"2019/08/22 13:35:00",KAREEYA3,0
D,DISPATCH,UNIT_SCADA,1,"2019/08/22 13:35:00",KAREEYA4,21.5975
D,DISPATCH,UNIT_SCADA,1,"2019/08/22 13:35:00",KARSF1,49.40
D,DISPATCH,UNIT_SCADA,1,"2019/08/22 13:35:00",KIATAWF1,9.60
D,DISPATCH,UNIT_SCADA,1,"2019/08/22 13:35:00",KPP_1,0
D,DISPATCH,UNIT_SCADA,1,"2019/08/22 13:35:00",KSP1,47.56
D,DISPATCH,UNIT_SCADA,1,"2019/08/22 13:35:00",LADBROK1,0
D,DISPATCH,UNIT_SCADA,1,"2019/08/22 13:35:00",LADBROK2,0
D,DISPATCH,UNIT_SCADA,1,"2019/08/22 13:35:00",LD01,350.399960
D,DISPATCH,UNIT_SCADA,1,"2019/08/22 13:35:00",LD02,351.806210
D,DISPATCH,UNIT_SCADA,1,"2019/08/22 13:35:00",LD03,353.774960
D,DISPATCH,UNIT_SCADA,1,"2019/08/22 13:35:00",LD04,352.274960
D,DISPATCH,UNIT_SCADA,1,"2019/08/22 13:35:00",LEM_WIL,86.137340
D,DISPATCH,UNIT_SCADA,1,"2019/08/22 13:35:00",LGAPWF1,10.42
D,DISPATCH,UNIT_SCADA,1,"2019/08/22 13:35:00",LILYSF1,90.177530
D,DISPATCH,UNIT_SCADA,1,"2019/08/22 13:35:00",LI_WY_CA,147.9908
D,DISPATCH,UNIT_SCADA,1,"2019/08/22 13:35:00",LKBONNY2,27.775210
D,DISPATCH,UNIT_SCADA,1,"2019/08/22 13:35:00",LKBONNY3,4.242470
D,DISPATCH,UNIT_SCADA,1,"2019/08/22 13:35:00",LK_ECHO,0
D,DISPATCH,UNIT_SCADA,1,"2019/08/22 13:35:00",LNGS1,0
D,DISPATCH,UNIT_SCADA,1,"2019/08/22 13:35:00",LNGS2,0
D,DISPATCH,UNIT_SCADA,1,"2019/08/22 13:35:00",LONSDALE,0
D,DISPATCH,UNIT_SCADA,1,"2019/08/22 13:35:00",LOYYB1,535.336730
D,DISPATCH,UNIT_SCADA,1,"2019/08/22 13:35:00",LOYYB2,581.954410
D,DISPATCH,UNIT_SCADA,1,"2019/08/22 13:35:00",LYA1,558
D,DISPATCH,UNIT_SCADA,1,"2019/08/22 13:35:00",LYA2,0
D,DISPATCH,UNIT_SCADA,1,"2019/08/22 13:35:00",LYA3,520
D,DISPATCH,UNIT_SCADA,1,"2019/08/22 13:35:00",LYA4,539
D,DISPATCH,UNIT_SCADA,1,"2019/08/22 13:35:00",MACARTH1,123.097160
D,DISPATCH,UNIT_SCADA,1,"2019/08/22 13:35:00",MACKAYGT,0
D,DISPATCH,UNIT_SCADA,1,"2019/08/22 13:35:00",MACKNTSH,86.570010
D,DISPATCH,UNIT_SCADA,1,"2019/08/22 13:35:00",MANSLR1,41.6340
D,DISPATCH,UNIT_SCADA,1,"2019/08/22 13:35:00",MCKAY1,0.02
D,DISPATCH,UNIT_SCADA,1,"2019/08/22 13:35:00",MEADOWBK,33.895880
D,DISPATCH,UNIT_SCADA,1,"2019/08/22 13:35:00",MERCER01,40.6150
D,DISPATCH,UNIT_SCADA,1,"2019/08/22 13:35:00",MEWF1,43.593730
D,DISPATCH,UNIT_SCADA,1,"2019/08/22 13:35:00",MINTARO,0
D,DISPATCH,UNIT_SCADA,1,"2019/08/22 13:35:00",MOREESF1,48.19
D,DISPATCH,UNIT_SCADA,1,"2019/08/22 13:35:00",MORTLK11,153
D,DISPATCH,UNIT_SCADA,1,"2019/08/22 13:35:00",MORTLK12,0
D,DISPATCH,UNIT_SCADA,1,"2019/08/22 13:35:00",MP1,281.3750
D,DISPATCH,UNIT_SCADA,1,"2019/08/22 13:35:00",MP2,0
D,DISPATCH,UNIT_SCADA,1,"2019/08/22 13:35:00",MPP_1,250.50
D,DISPATCH,UNIT_SCADA,1,"2019/08/22 13:35:00",MPP_2,279.75
D,DISPATCH,UNIT_SCADA,1,"2019/08/22 13:35:00",MSTUART1,0
D,DISPATCH,UNIT_SCADA,1,"2019/08/22 13:35:00",MSTUART2,0
D,DISPATCH,UNIT_SCADA,1,"2019/08/22 13:35:00",MSTUART3,0
D,DISPATCH,UNIT_SCADA,1,"2019/08/22 13:35:00",MTGELWF1,29.876090
D,DISPATCH,UNIT_SCADA,1,"2019/08/22 13:35:00",MURRAY,0
D,DISPATCH,UNIT_SCADA,1,"2019/08/22 13:35:00",MUSSELR1,88.20
D,DISPATCH,UNIT_SCADA,1,"2019/08/22 13:35:00",MUWAWF1,36.15
D,DISPATCH,UNIT_SCADA,1,"2019/08/22 13:35:00",NBHWF1,-0.40
D,DISPATCH,UNIT_SCADA,1,"2019/08/22 13:35:00",NPS,0
D,DISPATCH,UNIT_SCADA,1,"2019/08/22 13:35:00",NUMURSF1,88.22
D,DISPATCH,UNIT_SCADA,1,"2019/08/22 13:35:00",NYNGAN1,47.50
D,DISPATCH,UNIT_SCADA,1,"2019/08/22 13:35:00",OAKEY1,0
D,DISPATCH,UNIT_SCADA,1,"2019/08/22 13:35:00",OAKEY1SF,22.9790
D,DISPATCH,UNIT_SCADA,1,"2019/08/22 13:35:00",OAKEY2,0
D,DISPATCH,UNIT_SCADA,1,"2019/08/22 13:35:00",OAKLAND1,30.60
D,DISPATCH,UNIT_SCADA,1,"2019/08/22 13:35:00",OSB-AG,139.179990
D,DISPATCH,UNIT_SCADA,1,"2019/08/22 13:35:00",PARSF1,43.503130
D,DISPATCH,UNIT_SCADA,1,"2019/08/22 13:35:00",POAT110,0
D,DISPATCH,UNIT_SCADA,1,"2019/08/22 13:35:00",POAT220,5.61
D,DISPATCH,UNIT_SCADA,1,"2019/08/22 13:35:00",POR01,0
D,DISPATCH,UNIT_SCADA,1,"2019/08/22 13:35:00",POR03,0
D,DISPATCH,UNIT_SCADA,1,"2019/08/22 13:35:00",PPCCGT,486.9581
D,DISPATCH,UNIT_SCADA,1,"2019/08/22 13:35:00",PTSTAN1,0
D,DISPATCH,UNIT_SCADA,1,"2019/08/22 13:35:00",PUMP1,0
D,DISPATCH,UNIT_SCADA,1,"2019/08/22 13:35:00",PUMP2,0
D,DISPATCH,UNIT_SCADA,1,"2019/08/22 13:35:00",QPS1,0
D,DISPATCH,UNIT_SCADA,1,"2019/08/22 13:35:00",QPS2,0
D,DISPATCH,UNIT_SCADA,1,"2019/08/22 13:35:00",QPS3,0
D,DISPATCH,UNIT_SCADA,1,"2019/08/22 13:35:00",QPS4,0
D,DISPATCH,UNIT_SCADA,1,"2019/08/22 13:35:00",QPS5,0
D,DISPATCH,UNIT_SCADA,1,"2019/08/22 13:35:00",REECE1,118.970010
D,DISPATCH,UNIT_SCADA,1,"2019/08/22 13:35:00",REECE2,118.490010
D,DISPATCH,UNIT_SCADA,1,"2019/08/22 13:35:00",ROMA_7,0
D,DISPATCH,UNIT_SCADA,1,"2019/08/22 13:35:00",ROMA_8,0
D,DISPATCH,UNIT_SCADA,1,"2019/08/22 13:35:00",RRSF1,114.543310
D,DISPATCH,UNIT_SCADA,1,"2019/08/22 13:35:00",RT_NSW1,0
D,DISPATCH,UNIT_SCADA,1,"2019/08/22 13:35:00",RT_NSW2,0
D,DISPATCH,UNIT_SCADA,1,"2019/08/22 13:35:00",RT_NSW3,0
D,DISPATCH,UNIT_SCADA,1,"2019/08/22 13:35:00",RT_NSW4,0
D,DISPATCH,UNIT_SCADA,1,"2019/08/22 13:35:00",RT_NSW5,0
D,DISPATCH,UNIT_SCADA,1,"2019/08/22 13:35:00",RT_NSW6,0
D,DISPATCH,UNIT_SCADA,1,"2019/08/22 13:35:00",RT_QLD1,0
D,DISPATCH,UNIT_SCADA,1,"2019/08/22 13:35:00",RT_SA1,0
D,DISPATCH,UNIT_SCADA,1,"2019/08/22 13:35:00",RT_SA2,0
D,DISPATCH,UNIT_SCADA,1,"2019/08/22 13:35:00",RT_SA3,0
D,DISPATCH,UNIT_SCADA,1,"2019/08/22 13:35:00",RT_SA4,0
D,DISPATCH,UNIT_SCADA,1,"2019/08/22 13:35:00",RT_SA5,0
D,DISPATCH,UNIT_SCADA,1,"2019/08/22 13:35:00",RT_SA6,0
D,DISPATCH,UNIT_SCADA,1,"2019/08/22 13:35:00",RT_TAS1,0
D,DISPATCH,UNIT_SCADA,1,"2019/08/22 13:35:00",RT_VIC1,0
D,DISPATCH,UNIT_SCADA,1,"2019/08/22 13:35:00",RT_VIC10,0
D,DISPATCH,UNIT_SCADA,1,"2019/08/22 13:35:00",RT_VIC11,0
D,DISPATCH,UNIT_SCADA,1,"2019/08/22 13:35:00",RT_VIC12,0
D,DISPATCH,UNIT_SCADA,1,"2019/08/22 13:35:00",RT_VIC2,0
D,DISPATCH,UNIT_SCADA,1,"2019/08/22 13:35:00",RT_VIC3,0
D,DISPATCH,UNIT_SCADA,1,"2019/08/22 13:35:00",RT_VIC4,0
D,DISPATCH,UNIT_SCADA,1,"2019/08/22 13:35:00",RT_VIC5,0
D,DISPATCH,UNIT_SCADA,1,"2019/08/22 13:35:00",RT_VIC6,0
D,DISPATCH,UNIT_SCADA,1,"2019/08/22 13:35:00",RT_VIC7,0
D,DISPATCH,UNIT_SCADA,1,"2019/08/22 13:35:00",RT_VIC8,0
D,DISPATCH,UNIT_SCADA,1,"2019/08/22 13:35:00",RT_VIC9,0
D,DISPATCH,UNIT_SCADA,1,"2019/08/22 13:35:00",RUGBYR1,59.478020
D,DISPATCH,UNIT_SCADA,1,"2019/08/22 13:35:00",SALTCRK1,14.58
D,DISPATCH,UNIT_SCADA,1,"2019/08/22 13:35:00",SAPHWF1,237.674990
D,DISPATCH,UNIT_SCADA,1,"2019/08/22 13:35:00",SHGEN,0
D,DISPATCH,UNIT_SCADA,1,"2019/08/22 13:35:00",SHPUMP,201.278110
D,DISPATCH,UNIT_SCADA,1,"2019/08/22 13:35:00",SITHE01,0.005650
D,DISPATCH,UNIT_SCADA,1,"2019/08/22 13:35:00",SMCSF1,12.574860
D,DISPATCH,UNIT_SCADA,1,"2019/08/22 13:35:00",SNOWNTH1,1.80
D,DISPATCH,UNIT_SCADA,1,"2019/08/22 13:35:00",SNOWSTH1,0.60
D,DISPATCH,UNIT_SCADA,1,"2019/08/22 13:35:00",SNOWTWN1,-0.641030
D,DISPATCH,UNIT_SCADA,1,"2019/08/22 13:35:00",SNOWYP,0
D,DISPATCH,UNIT_SCADA,1,"2019/08/22 13:35:00",SNUG1,0.019440
D,DISPATCH,UNIT_SCADA,1,"2019/08/22 13:35:00",SRSF1,34.91
D,DISPATCH,UNIT_SCADA,1,"2019/08/22 13:35:00",STAN-1,0
D,DISPATCH,UNIT_SCADA,1,"2019/08/22 13:35:00",STAN-2,280.850830
D,DISPATCH,UNIT_SCADA,1,"2019/08/22 13:35:00",STAN-3,279.594670
D,DISPATCH,UNIT_SCADA,1,"2019/08/22 13:35:00",STAN-4,280.094570
D,DISPATCH,UNIT_SCADA,1,"2019/08/22 13:35:00",STWF1,13.263760
D,DISPATCH,UNIT_SCADA,1,"2019/08/22 13:35:00",SWAN_E,0
D,DISPATCH,UNIT_SCADA,1,"2019/08/22 13:35:00",TALWA1,190
D,DISPATCH,UNIT_SCADA,1,"2019/08/22 13:35:00",TARALGA1,95.084990
D,DISPATCH,UNIT_SCADA,1,"2019/08/22 13:35:00",TARONG#1,283.300020
D,DISPATCH,UNIT_SCADA,1,"2019/08/22 13:35:00",TARONG#2,282.800020
D,DISPATCH,UNIT_SCADA,1,"2019/08/22 13:35:00",TARONG#3,260.399990
D,DISPATCH,UNIT_SCADA,1,"2019/08/22 13:35:00",TARONG#4,279.700010
D,DISPATCH,UNIT_SCADA,1,"2019/08/22 13:35:00",TARRALEA,84
D,DISPATCH,UNIT_SCADA,1,"2019/08/22 13:35:00",TBSF1,33.20
D,DISPATCH,UNIT_SCADA,1,"2019/08/22 13:35:00",TNPS1,442.300020
D,DISPATCH,UNIT_SCADA,1,"2019/08/22 13:35:00",TORRA1,59.677450
D,DISPATCH,UNIT_SCADA,1,"2019/08/22 13:35:00",TORRA2,0
D,DISPATCH,UNIT_SCADA,1,"2019/08/22 13:35:00",TORRA3,38.286690
D,DISPATCH,UNIT_SCADA,1,"2019/08/22 13:35:00",TORRA4,49.352480
D,DISPATCH,UNIT_SCADA,1,"2019/08/22 13:35:00",TORRB1,61.73
D,DISPATCH,UNIT_SCADA,1,"2019/08/22 13:35:00",TORRB2,67.81
D,DISPATCH,UNIT_SCADA,1,"2019/08/22 13:35:00",TORRB3,0
D,DISPATCH,UNIT_SCADA,1,"2019/08/22 13:35:00",TORRB4,0
D,DISPATCH,UNIT_SCADA,1,"2019/08/22 13:35:00",TREVALLN,43.930020
D,DISPATCH,UNIT_SCADA,1,"2019/08/22 13:35:00",TRIBUTE,84.62
D,DISPATCH,UNIT_SCADA,1,"2019/08/22 13:35:00",TUMUT3,0
D,DISPATCH,UNIT_SCADA,1,"2019/08/22 13:35:00",TUNGATIN,110.590030
D,DISPATCH,UNIT_SCADA,1,"2019/08/22 13:35:00",TVCC201,0
D,DISPATCH,UNIT_SCADA,1,"2019/08/22 13:35:00",TVPP104,0
D,DISPATCH,UNIT_SCADA,1,"2019/08/22 13:35:00",UPPTUMUT,0
D,DISPATCH,UNIT_SCADA,1,"2019/08/22 13:35:00",URANQ11,0
D,DISPATCH,UNIT_SCADA,1,"2019/08/22 13:35:00",URANQ12,0
D,DISPATCH,UNIT_SCADA,1,"2019/08/22 13:35:00",URANQ13,0
D,DISPATCH,UNIT_SCADA,1,"2019/08/22 13:35:00",URANQ14,0
D,DISPATCH,UNIT_SCADA,1,"2019/08/22 13:35:00",VP5,202.8750
D,DISPATCH,UNIT_SCADA,1,"2019/08/22 13:35:00",VP6,582.1250
D,DISPATCH,UNIT_SCADA,1,"2019/08/22 13:35:00",VPGS1,0
D,DISPATCH,UNIT_SCADA,1,"2019/08/22 13:35:00",VPGS2,0
D,DISPATCH,UNIT_SCADA,1,"2019/08/22 13:35:00",VPGS3,0
D,DISPATCH,UNIT_SCADA,1,"2019/08/22 13:35:00",VPGS4,0
D,DISPATCH,UNIT_SCADA,1,"2019/08/22 13:35:00",VPGS5,0
D,DISPATCH,UNIT_SCADA,1,"2019/08/22 13:35:00",VPGS6,0
D,DISPATCH,UNIT_SCADA,1,"2019/08/22 13:35:00",W/HOE#1,0
D,DISPATCH,UNIT_SCADA,1,"2019/08/22 13:35:00",W/HOE#2,0
D,DISPATCH,UNIT_SCADA,1,"2019/08/22 13:35:00",WATERLWF,6.10
D,DISPATCH,UNIT_SCADA,1,"2019/08/22 13:35:00",WEMENSF1,57.10
D,DISPATCH,UNIT_SCADA,1,"2019/08/22 13:35:00",WGWF1,1.90
D,DISPATCH,UNIT_SCADA,1,"2019/08/22 13:35:00",WHITSF1,0
D,DISPATCH,UNIT_SCADA,1,"2019/08/22 13:35:00",WKIEWA1,0
D,DISPATCH,UNIT_SCADA,1,"2019/08/22 13:35:00",WKIEWA2,7
D,DISPATCH,UNIT_SCADA,1,"2019/08/22 13:35:00",WOODLWN1,24.4530
D,DISPATCH,UNIT_SCADA,1,"2019/08/22 13:35:00",WRSF1,6.77
D,DISPATCH,UNIT_SCADA,1,"2019/08/22 13:35:00",WRWF1,157.975010
D,DISPATCH,UNIT_SCADA,1,"2019/08/22 13:35:00",YABULU,0
D,DISPATCH,UNIT_SCADA,1,"2019/08/22 13:35:00",YABULU2,0
D,DISPATCH,UNIT_SCADA,1,"2019/08/22 13:35:00",YARWUN_1,0
D,DISPATCH,UNIT_SCADA,1,"2019/08/22 13:35:00",YENDWF1,42.13
D,DISPATCH,UNIT_SCADA,1,"2019/08/22 13:35:00",YWPS1,358.144320
D,DISPATCH,UNIT_SCADA,1,"2019/08/22 13:35:00",YWPS2,284.207580
D,DISPATCH,UNIT_SCADA,1,"2019/08/22 13:35:00",YWPS3,0
D,DISPATCH,UNIT_SCADA,1,"2019/08/22 13:35:00",YWPS4,337.935460
C,"END OF REPORT",334
