C,NEMP.WORLD,DISPATCHSCADA,AEMO,PUBLIC,2019/08/21,08:25:09,0000000311818489,DISPATCHSCADA,0000000311818483
I,DISPATCH,UNIT_SCADA,1,SETTLEMENTDATE,DUID,SCADAVALUE
D,DISPATCH,UNIT_SCADA,1,"2019/08/21 08:30:00",BARCSF1,17.800001
D,DISPATCH,UNIT_SCADA,1,"2019/08/21 08:30:00",BUTLERSG,9.699999
D,DISPATCH,UNIT_SCADA,1,"2019/08/21 08:30:00",CALL_A_4,0
D,DISPATCH,UNIT_SCADA,1,"2019/08/21 08:30:00",CAPTL_WF,132.967987
D,DISPATCH,UNIT_SCADA,1,"2019/08/21 08:30:00",CATHROCK,36.529999
D,DISPATCH,UNIT_SCADA,1,"2019/08/21 08:30:00",CHALLHWF,27.200001
D,DISPATCH,UNIT_SCADA,1,"2019/08/21 08:30:00",CLOVER,-0.01
D,DISPATCH,UNIT_SCADA,1,"2019/08/21 08:30:00",CLUNY,20.292515
D,DISPATCH,UNIT_SCADA,1,"2019/08/21 08:30:00",CNUNDAWF,38.945431
D,DISPATCH,UNIT_SCADA,1,"2019/08/21 08:30:00",CULLRGWF,30.41
D,DISPATCH,UNIT_SCADA,1,"2019/08/21 08:30:00",ERGT01,0
D,DISPATCH,UNIT_SCADA,1,"2019/08/21 08:30:00",GB01,0.057713
D,DISPATCH,UNIT_SCADA,1,"2019/08/21 08:30:00",GERMCRK,38.400002
D,DISPATCH,UNIT_SCADA,1,"2019/08/21 08:30:00",GRIFSF1,22.300003
D,DISPATCH,UNIT_SCADA,1,"2019/08/21 08:30:00",HUGSF1,8.9490
D,DISPATCH,UNIT_SCADA,1,"2019/08/21 08:30:00",LKBONNY1,61.623459
D,DISPATCH,UNIT_SCADA,1,"2019/08/21 08:30:00",LRSF1,12.8520
D,DISPATCH,UNIT_SCADA,1,"2019/08/21 08:30:00",MBAHNTH,55.856247
D,DISPATCH,UNIT_SCADA,1,"2019/08/21 08:30:00",MLSP1,5.888001
D,DISPATCH,UNIT_SCADA,1,"2019/08/21 08:30:00",MLWF1,19.380001
D,DISPATCH,UNIT_SCADA,1,"2019/08/21 08:30:00",MTMILLAR,19.034874
D,DISPATCH,UNIT_SCADA,1,"2019/08/21 08:30:00",PALOONA,26.74
D,DISPATCH,UNIT_SCADA,1,"2019/08/21 08:30:00",PIONEER,47.200001
D,DISPATCH,UNIT_SCADA,1,"2019/08/21 08:30:00",PORTWF,134.899994
D,DISPATCH,UNIT_SCADA,1,"2019/08/21 08:30:00",REPULSE,28.962234
D,DISPATCH,UNIT_SCADA,1,"2019/08/21 08:30:00",ROWALLAN,10.2169
D,DISPATCH,UNIT_SCADA,1,"2019/08/21 08:30:00",ROYALLA1,7.497001
D,DISPATCH,UNIT_SCADA,1,"2019/08/21 08:30:00",RPCG,10.70
D,DISPATCH,UNIT_SCADA,1,"2019/08/21 08:30:00",RUBICON,0
D,DISPATCH,UNIT_SCADA,1,"2019/08/21 08:30:00",SATGN1,0
D,DISPATCH,UNIT_SCADA,1,"2019/08/21 08:30:00",SATGS1,0
D,DISPATCH,UNIT_SCADA,1,"2019/08/21 08:30:00",STARHLWF,4.398717
D,DISPATCH,UNIT_SCADA,1,"2019/08/21 08:30:00",WAUBRAWF,179.697998
D,DISPATCH,UNIT_SCADA,1,"2019/08/21 08:30:00",WOOLNTH1,59.920017
D,DISPATCH,UNIT_SCADA,1,"2019/08/21 08:30:00",WPWF,23
D,DISPATCH,UNIT_SCADA,1,"2019/08/21 08:30:00",YAMBUKWF,29.60
D,DISPATCH,UNIT_SCADA,1,"2019/08/21 08:30:00",YSWF1,28.40
D,DISPATCH,UNIT_SCADA,1,"2019/08/21 08:30:00",AGLHAL,0
D,DISPATCH,UNIT_SCADA,1,"2019/08/21 08:30:00",AGLSOM,0
D,DISPATCH,UNIT_SCADA,1,"2019/08/21 08:30:00",ANGAST1,0
D,DISPATCH,UNIT_SCADA,1,"2019/08/21 08:30:00",ARWF1,132.600010
D,DISPATCH,UNIT_SCADA,1,"2019/08/21 08:30:00",BALBG1,3.60
D,DISPATCH,UNIT_SCADA,1,"2019/08/21 08:30:00",BALBL1,0
D,DISPATCH,UNIT_SCADA,1,"2019/08/21 08:30:00",BALDHWF1,101.2340
D,DISPATCH,UNIT_SCADA,1,"2019/08/21 08:30:00",BANN1,11.15
D,DISPATCH,UNIT_SCADA,1,"2019/08/21 08:30:00",BARCALDN,0
D,DISPATCH,UNIT_SCADA,1,"2019/08/21 08:30:00",BARRON-1,0
D,DISPATCH,UNIT_SCADA,1,"2019/08/21 08:30:00",BARRON-2,28.76
D,DISPATCH,UNIT_SCADA,1,"2019/08/21 08:30:00",BASTYAN,79.45
D,DISPATCH,UNIT_SCADA,1,"2019/08/21 08:30:00",BBTHREE1,-1.87
D,DISPATCH,UNIT_SCADA,1,"2019/08/21 08:30:00",BBTHREE2,-1.91
D,DISPATCH,UNIT_SCADA,1,"2019/08/21 08:30:00",BBTHREE3,-1.01
D,DISPATCH,UNIT_SCADA,1,"2019/08/21 08:30:00",BDL01,42.66
D,DISPATCH,UNIT_SCADA,1,"2019/08/21 08:30:00",BDL02,42.66
D,DISPATCH,UNIT_SCADA,1,"2019/08/21 08:30:00",BERYLSF1,8.800590
D,DISPATCH,UNIT_SCADA,1,"2019/08/21 08:30:00",BLOWERNG,0
D,DISPATCH,UNIT_SCADA,1,"2019/08/21 08:30:00",BLUFF1,29.80
D,DISPATCH,UNIT_SCADA,1,"2019/08/21 08:30:00",BNGSF1,26.33
D,DISPATCH,UNIT_SCADA,1,"2019/08/21 08:30:00",BNGSF2,7.79
D,DISPATCH,UNIT_SCADA,1,"2019/08/21 08:30:00",BOCORWF1,61.95
D,DISPATCH,UNIT_SCADA,1,"2019/08/21 08:30:00",BODWF1,68.971530
D,DISPATCH,UNIT_SCADA,1,"2019/08/21 08:30:00",BRAEMAR1,0
D,DISPATCH,UNIT_SCADA,1,"2019/08/21 08:30:00",BRAEMAR2,0
D,DISPATCH,UNIT_SCADA,1,"2019/08/21 08:30:00",BRAEMAR3,0
D,DISPATCH,UNIT_SCADA,1,"2019/08/21 08:30:00",BRAEMAR5,0
D,DISPATCH,UNIT_SCADA,1,"2019/08/21 08:30:00",BRAEMAR6,0
D,DISPATCH,UNIT_SCADA,1,"2019/08/21 08:30:00",BRAEMAR7,0
D,DISPATCH,UNIT_SCADA,1,"2019/08/21 08:30:00",BROKENH1,19.7627
D,DISPATCH,UNIT_SCADA,1,"2019/08/21 08:30:00",BW01,640.925050
D,DISPATCH,UNIT_SCADA,1,"2019/08/21 08:30:00",BW02,633.199950
D,DISPATCH,UNIT_SCADA,1,"2019/08/21 08:30:00",BW03,639.425050
D,DISPATCH,UNIT_SCADA,1,"2019/08/21 08:30:00",BW04,0
D,DISPATCH,UNIT_SCADA,1,"2019/08/21 08:30:00",CALL_B_1,349.800020
D,DISPATCH,UNIT_SCADA,1,"2019/08/21 08:30:00",CALL_B_2,284.800020
D,DISPATCH,UNIT_SCADA,1,"2019/08/21 08:30:00",CETHANA,80.820750
D,DISPATCH,UNIT_SCADA,1,"2019/08/21 08:30:00",CG1,0
D,DISPATCH,UNIT_SCADA,1,"2019/08/21 08:30:00",CG2,0
D,DISPATCH,UNIT_SCADA,1,"2019/08/21 08:30:00",CG3,0
D,DISPATCH,UNIT_SCADA,1,"2019/08/21 08:30:00",CG4,0
D,DISPATCH,UNIT_SCADA,1,"2019/08/21 08:30:00",CHILDSF1,40.04
D,DISPATCH,UNIT_SCADA,1,"2019/08/21 08:30:00",CLARESF1,40.417280
D,DISPATCH,UNIT_SCADA,1,"2019/08/21 08:30:00",CLEMGPWF,0
D,DISPATCH,UNIT_SCADA,1,"2019/08/21 08:30:00",CLERMSF1,15.04
D,DISPATCH,UNIT_SCADA,1,"2019/08/21 08:30:00",COLEASF1,91.30
D,DISPATCH,UNIT_SCADA,1,"2019/08/21 08:30:00",COOPGWF1,33.288730
D,DISPATCH,UNIT_SCADA,1,"2019/08/21 08:30:00",CPP_3,405.6250
D,DISPATCH,UNIT_SCADA,1,"2019/08/21 08:30:00",CPP_4,407
D,DISPATCH,UNIT_SCADA,1,"2019/08/21 08:30:00",CPSA,143.7375
D,DISPATCH,UNIT_SCADA,1,"2019/08/21 08:30:00",CROOKWF2,85.243740
D,DISPATCH,UNIT_SCADA,1,"2019/08/21 08:30:00",CROWLWF1,32.0727
D,DISPATCH,UNIT_SCADA,1,"2019/08/21 08:30:00",CSPVPS1,20.5050
D,DISPATCH,UNIT_SCADA,1,"2019/08/21 08:30:00",DALNTH01,0
D,DISPATCH,UNIT_SCADA,1,"2019/08/21 08:30:00",DALNTHL1,0.093080
D,DISPATCH,UNIT_SCADA,1,"2019/08/21 08:30:00",DARTM1,134.70
D,DISPATCH,UNIT_SCADA,1,"2019/08/21 08:30:00",DAYDSF1,109.8950
D,DISPATCH,UNIT_SCADA,1,"2019/08/21 08:30:00",DDPS1,0
D,DISPATCH,UNIT_SCADA,1,"2019/08/21 08:30:00",DDSF1,67.436550
D,DISPATCH,UNIT_SCADA,1,"2019/08/21 08:30:00",DEVILS_G,0
D,DISPATCH,UNIT_SCADA,1,"2019/08/21 08:30:00",DG_NSW1,0
D,DISPATCH,UNIT_SCADA,1,"2019/08/21 08:30:00",DG_QLD1,0
D,DISPATCH,UNIT_SCADA,1,"2019/08/21 08:30:00",DG_SA1,0
D,DISPATCH,UNIT_SCADA,1,"2019/08/21 08:30:00",DG_TAS1,0
D,DISPATCH,UNIT_SCADA,1,"2019/08/21 08:30:00",DG_VIC1,0
D,DISPATCH,UNIT_SCADA,1,"2019/08/21 08:30:00",DRYCGT1,0
D,DISPATCH,UNIT_SCADA,1,"2019/08/21 08:30:00",DRYCGT2,0
D,DISPATCH,UNIT_SCADA,1,"2019/08/21 08:30:00",DRYCGT3,0
D,DISPATCH,UNIT_SCADA,1,"2019/08/21 08:30:00",EILDON1,0
D,DISPATCH,UNIT_SCADA,1,"2019/08/21 08:30:00",EILDON2,0
D,DISPATCH,UNIT_SCADA,1,"2019/08/21 08:30:00",EMERASF1,56.09
D,DISPATCH,UNIT_SCADA,1,"2019/08/21 08:30:00",ER01,588.049930
D,DISPATCH,UNIT_SCADA,1,"2019/08/21 08:30:00",ER02,664
D,DISPATCH,UNIT_SCADA,1,"2019/08/21 08:30:00",ER03,700.549930
D,DISPATCH,UNIT_SCADA,1,"2019/08/21 08:30:00",ER04,664.474980
D,DISPATCH,UNIT_SCADA,1,"2019/08/21 08:30:00",FINLYSF1,0.221060
D,DISPATCH,UNIT_SCADA,1,"2019/08/21 08:30:00",FISHER,45.92
D,DISPATCH,UNIT_SCADA,1,"2019/08/21 08:30:00",GANNBG1,13.008380
D,DISPATCH,UNIT_SCADA,1,"2019/08/21 08:30:00",GANNBL1,0
D,DISPATCH,UNIT_SCADA,1,"2019/08/21 08:30:00",GANNSF1,13.40
D,DISPATCH,UNIT_SCADA,1,"2019/08/21 08:30:00",GORDON,123.715750
D,DISPATCH,UNIT_SCADA,1,"2019/08/21 08:30:00",GSTONE1,205.099990
D,DISPATCH,UNIT_SCADA,1,"2019/08/21 08:30:00",GSTONE2,189.70
D,DISPATCH,UNIT_SCADA,1,"2019/08/21 08:30:00",GSTONE3,205.274990
D,DISPATCH,UNIT_SCADA,1,"2019/08/21 08:30:00",GSTONE4,205.974990
D,DISPATCH,UNIT_SCADA,1,"2019/08/21 08:30:00",GSTONE5,205.80
D,DISPATCH,UNIT_SCADA,1,"2019/08/21 08:30:00",GSTONE6,0
D,DISPATCH,UNIT_SCADA,1,"2019/08/21 08:30:00",GULLRSF1,3.747740
D,DISPATCH,UNIT_SCADA,1,"2019/08/21 08:30:00",GULLRWF1,161.3775
D,DISPATCH,UNIT_SCADA,1,"2019/08/21 08:30:00",GUNNING1,44.529820
D,DISPATCH,UNIT_SCADA,1,"2019/08/21 08:30:00",GUTHEGA,0
D,DISPATCH,UNIT_SCADA,1,"2019/08/21 08:30:00",HALLWF1,64.47
D,DISPATCH,UNIT_SCADA,1,"2019/08/21 08:30:00",HALLWF2,49.43
D,DISPATCH,UNIT_SCADA,1,"2019/08/21 08:30:00",HAMISF1,44.90
D,DISPATCH,UNIT_SCADA,1,"2019/08/21 08:30:00",HAUGHT11,50.032640
D,DISPATCH,UNIT_SCADA,1,"2019/08/21 08:30:00",HAYMSF1,39.9120
D,DISPATCH,UNIT_SCADA,1,"2019/08/21 08:30:00",HDWF1,48.60
D,DISPATCH,UNIT_SCADA,1,"2019/08/21 08:30:00",HDWF2,31.30
D,DISPATCH,UNIT_SCADA,1,"2019/08/21 08:30:00",HDWF3,49.30
D,DISPATCH,UNIT_SCADA,1,"2019/08/21 08:30:00",HPRG1,28.90
D,DISPATCH,UNIT_SCADA,1,"2019/08/21 08:30:00",HPRL1,0
D,DISPATCH,UNIT_SCADA,1,"2019/08/21 08:30:00",HUMENSW,0
D,DISPATCH,UNIT_SCADA,1,"2019/08/21 08:30:00",HUMEV,8.90
D,DISPATCH,UNIT_SCADA,1,"2019/08/21 08:30:00",HVGTS,0
D,DISPATCH,UNIT_SCADA,1,"2019/08/21 08:30:00",JBUTTERS,48.32
D,DISPATCH,UNIT_SCADA,1,"2019/08/21 08:30:00",JLA01,0.50
D,DISPATCH,UNIT_SCADA,1,"2019/08/21 08:30:00",JLA02,0
D,DISPATCH,UNIT_SCADA,1,"2019/08/21 08:30:00",JLA03,0.10
D,DISPATCH,UNIT_SCADA,1,"2019/08/21 08:30:00",JLA04,0.10
D,DISPATCH,UNIT_SCADA,1,"2019/08/21 08:30:00",JLB01,0
D,DISPATCH,UNIT_SCADA,1,"2019/08/21 08:30:00",JLB02,84.60
D,DISPATCH,UNIT_SCADA,1,"2019/08/21 08:30:00",JLB03,0
D,DISPATCH,UNIT_SCADA,1,"2019/08/21 08:30:00",KAREEYA1,21.5175
D,DISPATCH,UNIT_SCADA,1,"2019/08/21 08:30:00",KAREEYA2,21.65
D,DISPATCH,UNIT_SCADA,1,"2019/08/21 08:30:00",KAREEYA3,0
D,DISPATCH,UNIT_SCADA,1,"2019/08/21 08:30:00",KAREEYA4,21.74
D,DISPATCH,UNIT_SCADA,1,"2019/08/21 08:30:00",KARSF1,9.40
D,DISPATCH,UNIT_SCADA,1,"2019/08/21 08:30:00",KIATAWF1,30.60
D,DISPATCH,UNIT_SCADA,1,"2019/08/21 08:30:00",KPP_1,0
D,DISPATCH,UNIT_SCADA,1,"2019/08/21 08:30:00",KSP1,43.46
D,DISPATCH,UNIT_SCADA,1,"2019/08/21 08:30:00",LADBROK1,42.36
D,DISPATCH,UNIT_SCADA,1,"2019/08/21 08:30:00",LADBROK2,43.05
D,DISPATCH,UNIT_SCADA,1,"2019/08/21 08:30:00",LD01,414.131290
D,DISPATCH,UNIT_SCADA,1,"2019/08/21 08:30:00",LD02,416.1188
D,DISPATCH,UNIT_SCADA,1,"2019/08/21 08:30:00",LD03,417.1875
D,DISPATCH,UNIT_SCADA,1,"2019/08/21 08:30:00",LD04,375.9938
D,DISPATCH,UNIT_SCADA,1,"2019/08/21 08:30:00",LEM_WIL,85.932550
D,DISPATCH,UNIT_SCADA,1,"2019/08/21 08:30:00",LGAPWF1,8.32
D,DISPATCH,UNIT_SCADA,1,"2019/08/21 08:30:00",LILYSF1,91.750390
D,DISPATCH,UNIT_SCADA,1,"2019/08/21 08:30:00",LI_WY_CA,147.932710
D,DISPATCH,UNIT_SCADA,1,"2019/08/21 08:30:00",LKBONNY2,121.2088
D,DISPATCH,UNIT_SCADA,1,"2019/08/21 08:30:00",LKBONNY3,30.813750
D,DISPATCH,UNIT_SCADA,1,"2019/08/21 08:30:00",LK_ECHO,0
D,DISPATCH,UNIT_SCADA,1,"2019/08/21 08:30:00",LNGS1,0
D,DISPATCH,UNIT_SCADA,1,"2019/08/21 08:30:00",LNGS2,0
D,DISPATCH,UNIT_SCADA,1,"2019/08/21 08:30:00",LONSDALE,0
D,DISPATCH,UNIT_SCADA,1,"2019/08/21 08:30:00",LOYYB1,536.088620
D,DISPATCH,UNIT_SCADA,1,"2019/08/21 08:30:00",LOYYB2,583.834170
D,DISPATCH,UNIT_SCADA,1,"2019/08/21 08:30:00",LYA1,500
D,DISPATCH,UNIT_SCADA,1,"2019/08/21 08:30:00",LYA2,0
D,DISPATCH,UNIT_SCADA,1,"2019/08/21 08:30:00",LYA3,561
D,DISPATCH,UNIT_SCADA,1,"2019/08/21 08:30:00",LYA4,531
D,DISPATCH,UNIT_SCADA,1,"2019/08/21 08:30:00",MACARTH1,275.293640
D,DISPATCH,UNIT_SCADA,1,"2019/08/21 08:30:00",MACKAYGT,0
D,DISPATCH,UNIT_SCADA,1,"2019/08/21 08:30:00",MACKNTSH,25.89
D,DISPATCH,UNIT_SCADA,1,"2019/08/21 08:30:00",MANSLR1,2.6020
D,DISPATCH,UNIT_SCADA,1,"2019/08/21 08:30:00",MCKAY1,0.02
D,DISPATCH,UNIT_SCADA,1,"2019/08/21 08:30:00",MEADOWBK,33.924460
D,DISPATCH,UNIT_SCADA,1,"2019/08/21 08:30:00",MERCER01,127.510990
D,DISPATCH,UNIT_SCADA,1,"2019/08/21 08:30:00",MEWF1,104.112120
D,DISPATCH,UNIT_SCADA,1,"2019/08/21 08:30:00",MINTARO,0
D,DISPATCH,UNIT_SCADA,1,"2019/08/21 08:30:00",MOREESF1,49.9180
D,DISPATCH,UNIT_SCADA,1,"2019/08/21 08:30:00",MORTLK11,0
D,DISPATCH,UNIT_SCADA,1,"2019/08/21 08:30:00",MORTLK12,0
D,DISPATCH,UNIT_SCADA,1,"2019/08/21 08:30:00",MP1,277.425050
D,DISPATCH,UNIT_SCADA,1,"2019/08/21 08:30:00",MP2,0
D,DISPATCH,UNIT_SCADA,1,"2019/08/21 08:30:00",MPP_1,249.50
D,DISPATCH,UNIT_SCADA,1,"2019/08/21 08:30:00",MPP_2,435.25
D,DISPATCH,UNIT_SCADA,1,"2019/08/21 08:30:00",MSTUART1,0
D,DISPATCH,UNIT_SCADA,1,"2019/08/21 08:30:00",MSTUART2,0
D,DISPATCH,UNIT_SCADA,1,"2019/08/21 08:30:00",MSTUART3,0
D,DISPATCH,UNIT_SCADA,1,"2019/08/21 08:30:00",MTGELWF1,64.169740
D,DISPATCH,UNIT_SCADA,1,"2019/08/21 08:30:00",MURRAY,82.782390
D,DISPATCH,UNIT_SCADA,1,"2019/08/21 08:30:00",MUSSELR1,160.399990
D,DISPATCH,UNIT_SCADA,1,"2019/08/21 08:30:00",MUWAWF1,56.25
D,DISPATCH,UNIT_SCADA,1,"2019/08/21 08:30:00",NBHWF1,70.40
D,DISPATCH,UNIT_SCADA,1,"2019/08/21 08:30:00",NPS,0
D,DISPATCH,UNIT_SCADA,1,"2019/08/21 08:30:00",NUMURSF1,45.12
D,DISPATCH,UNIT_SCADA,1,"2019/08/21 08:30:00",NYNGAN1,49.50
D,DISPATCH,UNIT_SCADA,1,"2019/08/21 08:30:00",OAKEY1,0
D,DISPATCH,UNIT_SCADA,1,"2019/08/21 08:30:00",OAKEY1SF,0.71
D,DISPATCH,UNIT_SCADA,1,"2019/08/21 08:30:00",OAKEY2,0
D,DISPATCH,UNIT_SCADA,1,"2019/08/21 08:30:00",OAKLAND1,60.70
D,DISPATCH,UNIT_SCADA,1,"2019/08/21 08:30:00",OSB-AG,0
D,DISPATCH,UNIT_SCADA,1,"2019/08/21 08:30:00",PARSF1,4.10
D,DISPATCH,UNIT_SCADA,1,"2019/08/21 08:30:00",POAT110,42.191520
D,DISPATCH,UNIT_SCADA,1,"2019/08/21 08:30:00",POAT220,171.152160
D,DISPATCH,UNIT_SCADA,1,"2019/08/21 08:30:00",POR01,0
D,DISPATCH,UNIT_SCADA,1,"2019/08/21 08:30:00",POR03,0
D,DISPATCH,UNIT_SCADA,1,"2019/08/21 08:30:00",PPCCGT,174.223310
D,DISPATCH,UNIT_SCADA,1,"2019/08/21 08:30:00",PTSTAN1,0
D,DISPATCH,UNIT_SCADA,1,"2019/08/21 08:30:00",PUMP1,0
D,DISPATCH,UNIT_SCADA,1,"2019/08/21 08:30:00",PUMP2,0
D,DISPATCH,UNIT_SCADA,1,"2019/08/21 08:30:00",QPS1,29
D,DISPATCH,UNIT_SCADA,1,"2019/08/21 08:30:00",QPS2,0
D,DISPATCH,UNIT_SCADA,1,"2019/08/21 08:30:00",QPS3,0
D,DISPATCH,UNIT_SCADA,1,"2019/08/21 08:30:00",QPS4,0
D,DISPATCH,UNIT_SCADA,1,"2019/08/21 08:30:00",QPS5,124.85
D,DISPATCH,UNIT_SCADA,1,"2019/08/21 08:30:00",REECE1,117.350010
D,DISPATCH,UNIT_SCADA,1,"2019/08/21 08:30:00",REECE2,116.730010
D,DISPATCH,UNIT_SCADA,1,"2019/08/21 08:30:00",ROMA_7,0
D,DISPATCH,UNIT_SCADA,1,"2019/08/21 08:30:00",ROMA_8,0
D,DISPATCH,UNIT_SCADA,1,"2019/08/21 08:30:00",RRSF1,95.537650
D,DISPATCH,UNIT_SCADA,1,"2019/08/21 08:30:00",RT_NSW1,0
D,DISPATCH,UNIT_SCADA,1,"2019/08/21 08:30:00",RT_NSW2,0
D,DISPATCH,UNIT_SCADA,1,"2019/08/21 08:30:00",RT_NSW3,0
D,DISPATCH,UNIT_SCADA,1,"2019/08/21 08:30:00",RT_NSW4,0
D,DISPATCH,UNIT_SCADA,1,"2019/08/21 08:30:00",RT_NSW5,0
D,DISPATCH,UNIT_SCADA,1,"2019/08/21 08:30:00",RT_NSW6,0
D,DISPATCH,UNIT_SCADA,1,"2019/08/21 08:30:00",RT_QLD1,0
D,DISPATCH,UNIT_SCADA,1,"2019/08/21 08:30:00",RT_SA1,0
D,DISPATCH,UNIT_SCADA,1,"2019/08/21 08:30:00",RT_SA2,0
D,DISPATCH,UNIT_SCADA,1,"2019/08/21 08:30:00",RT_SA3,0
D,DISPATCH,UNIT_SCADA,1,"2019/08/21 08:30:00",RT_SA4,0
D,DISPATCH,UNIT_SCADA,1,"2019/08/21 08:30:00",RT_SA5,0
D,DISPATCH,UNIT_SCADA,1,"2019/08/21 08:30:00",RT_SA6,0
D,DISPATCH,UNIT_SCADA,1,"2019/08/21 08:30:00",RT_TAS1,0
D,DISPATCH,UNIT_SCADA,1,"2019/08/21 08:30:00",RT_VIC1,0
D,DISPATCH,UNIT_SCADA,1,"2019/08/21 08:30:00",RT_VIC10,0
D,DISPATCH,UNIT_SCADA,1,"2019/08/21 08:30:00",RT_VIC11,0
D,DISPATCH,UNIT_SCADA,1,"2019/08/21 08:30:00",RT_VIC12,0
D,DISPATCH,UNIT_SCADA,1,"2019/08/21 08:30:00",RT_VIC2,0
D,DISPATCH,UNIT_SCADA,1,"2019/08/21 08:30:00",RT_VIC3,0
D,DISPATCH,UNIT_SCADA,1,"2019/08/21 08:30:00",RT_VIC4,0
D,DISPATCH,UNIT_SCADA,1,"2019/08/21 08:30:00",RT_VIC5,0
D,DISPATCH,UNIT_SCADA,1,"2019/08/21 08:30:00",RT_VIC6,0
D,DISPATCH,UNIT_SCADA,1,"2019/08/21 08:30:00",RT_VIC7,0
D,DISPATCH,UNIT_SCADA,1,"2019/08/21 08:30:00",RT_VIC8,0
D,DISPATCH,UNIT_SCADA,1,"2019/08/21 08:30:00",RT_VIC9,0
D,DISPATCH,UNIT_SCADA,1,"2019/08/21 08:30:00",RUGBYR1,45.180930
D,DISPATCH,UNIT_SCADA,1,"2019/08/21 08:30:00",SALTCRK1,52.62
D,DISPATCH,UNIT_SCADA,1,"2019/08/21 08:30:00",SAPHWF1,128.053130
D,DISPATCH,UNIT_SCADA,1,"2019/08/21 08:30:00",SHGEN,0
D,DISPATCH,UNIT_SCADA,1,"2019/08/21 08:30:00",SHPUMP,0
D,DISPATCH,UNIT_SCADA,1,"2019/08/21 08:30:00",SITHE01,0.005650
D,DISPATCH,UNIT_SCADA,1,"2019/08/21 08:30:00",SMCSF1,46.297820
D,DISPATCH,UNIT_SCADA,1,"2019/08/21 08:30:00",SNOWNTH1,54.20
D,DISPATCH,UNIT_SCADA,1,"2019/08/21 08:30:00",SNOWSTH1,55.50
D,DISPATCH,UNIT_SCADA,1,"2019/08/21 08:30:00",SNOWTWN1,32.336490
D,DISPATCH,UNIT_SCADA,1,"2019/08/21 08:30:00",SNOWYP,0
D,DISPATCH,UNIT_SCADA,1,"2019/08/21 08:30:00",SNUG1,0.019440
D,DISPATCH,UNIT_SCADA,1,"2019/08/21 08:30:00",SRSF1,35.57
D,DISPATCH,UNIT_SCADA,1,"2019/08/21 08:30:00",STAN-1,0
D,DISPATCH,UNIT_SCADA,1,"2019/08/21 08:30:00",STAN-2,280.927730
D,DISPATCH,UNIT_SCADA,1,"2019/08/21 08:30:00",STAN-3,279.3255
D,DISPATCH,UNIT_SCADA,1,"2019/08/21 08:30:00",STAN-4,274.993070
D,DISPATCH,UNIT_SCADA,1,"2019/08/21 08:30:00",STWF1,22.803740
D,DISPATCH,UNIT_SCADA,1,"2019/08/21 08:30:00",SWAN_E,0
D,DISPATCH,UNIT_SCADA,1,"2019/08/21 08:30:00",TALWA1,326
D,DISPATCH,UNIT_SCADA,1,"2019/08/21 08:30:00",TARALGA1,40.451260
D,DISPATCH,UNIT_SCADA,1,"2019/08/21 08:30:00",TARONG#1,301.50
D,DISPATCH,UNIT_SCADA,1,"2019/08/21 08:30:00",TARONG#2,301.300020
D,DISPATCH,UNIT_SCADA,1,"2019/08/21 08:30:00",TARONG#3,259.300020
D,DISPATCH,UNIT_SCADA,1,"2019/08/21 08:30:00",TARONG#4,301.300020
D,DISPATCH,UNIT_SCADA,1,"2019/08/21 08:30:00",TARRALEA,75.20
D,DISPATCH,UNIT_SCADA,1,"2019/08/21 08:30:00",TBSF1,16.30
D,DISPATCH,UNIT_SCADA,1,"2019/08/21 08:30:00",TNPS1,442.000030
D,DISPATCH,UNIT_SCADA,1,"2019/08/21 08:30:00",TORRA1,66.354970
D,DISPATCH,UNIT_SCADA,1,"2019/08/21 08:30:00",TORRA2,0
D,DISPATCH,UNIT_SCADA,1,"2019/08/21 08:30:00",TORRA3,0
D,DISPATCH,UNIT_SCADA,1,"2019/08/21 08:30:00",TORRA4,0
D,DISPATCH,UNIT_SCADA,1,"2019/08/21 08:30:00",TORRB1,58.87
D,DISPATCH,UNIT_SCADA,1,"2019/08/21 08:30:00",TORRB2,73.04
D,DISPATCH,UNIT_SCADA,1,"2019/08/21 08:30:00",TORRB3,0
D,DISPATCH,UNIT_SCADA,1,"2019/08/21 08:30:00",TORRB4,0
D,DISPATCH,UNIT_SCADA,1,"2019/08/21 08:30:00",TREVALLN,69.780010
D,DISPATCH,UNIT_SCADA,1,"2019/08/21 08:30:00",TRIBUTE,21.64
D,DISPATCH,UNIT_SCADA,1,"2019/08/21 08:30:00",TUMUT3,0
D,DISPATCH,UNIT_SCADA,1,"2019/08/21 08:30:00",TUNGATIN,137.950030
D,DISPATCH,UNIT_SCADA,1,"2019/08/21 08:30:00",TVCC201,0
D,DISPATCH,UNIT_SCADA,1,"2019/08/21 08:30:00",TVPP104,57.963310
D,DISPATCH,UNIT_SCADA,1,"2019/08/21 08:30:00",UPPTUMUT,0
D,DISPATCH,UNIT_SCADA,1,"2019/08/21 08:30:00",URANQ11,0
D,DISPATCH,UNIT_SCADA,1,"2019/08/21 08:30:00",URANQ12,0
D,DISPATCH,UNIT_SCADA,1,"2019/08/21 08:30:00",URANQ13,0
D,DISPATCH,UNIT_SCADA,1,"2019/08/21 08:30:00",URANQ14,0
D,DISPATCH,UNIT_SCADA,1,"2019/08/21 08:30:00",VP5,449.225010
D,DISPATCH,UNIT_SCADA,1,"2019/08/21 08:30:00",VP6,479.524990
D,DISPATCH,UNIT_SCADA,1,"2019/08/21 08:30:00",VPGS1,0
D,DISPATCH,UNIT_SCADA,1,"2019/08/21 08:30:00",VPGS2,0
D,DISPATCH,UNIT_SCADA,1,"2019/08/21 08:30:00",VPGS3,0
D,DISPATCH,UNIT_SCADA,1,"2019/08/21 08:30:00",VPGS4,0
D,DISPATCH,UNIT_SCADA,1,"2019/08/21 08:30:00",VPGS5,0
D,DISPATCH,UNIT_SCADA,1,"2019/08/21 08:30:00",VPGS6,0
D,DISPATCH,UNIT_SCADA,1,"2019/08/21 08:30:00",W/HOE#1,0
D,DISPATCH,UNIT_SCADA,1,"2019/08/21 08:30:00",W/HOE#2,0
D,DISPATCH,UNIT_SCADA,1,"2019/08/21 08:30:00",WATERLWF,70.40
D,DISPATCH,UNIT_SCADA,1,"2019/08/21 08:30:00",WEMENSF1,6.90
D,DISPATCH,UNIT_SCADA,1,"2019/08/21 08:30:00",WGWF1,62.80
D,DISPATCH,UNIT_SCADA,1,"2019/08/21 08:30:00",WHITSF1,43.10
D,DISPATCH,UNIT_SCADA,1,"2019/08/21 08:30:00",WKIEWA1,11.90
D,DISPATCH,UNIT_SCADA,1,"2019/08/21 08:30:00",WKIEWA2,12.10
D,DISPATCH,UNIT_SCADA,1,"2019/08/21 08:30:00",WOODLWN1,45.224990
D,DISPATCH,UNIT_SCADA,1,"2019/08/21 08:30:00",WRSF1,13.43
D,DISPATCH,UNIT_SCADA,1,"2019/08/21 08:30:00",WRWF1,146.551250
D,DISPATCH,UNIT_SCADA,1,"2019/08/21 08:30:00",YABULU,0
D,DISPATCH,UNIT_SCADA,1,"2019/08/21 08:30:00",YABULU2,0
D,DISPATCH,UNIT_SCADA,1,"2019/08/21 08:30:00",YARWUN_1,0
D,DISPATCH,UNIT_SCADA,1,"2019/08/21 08:30:00",YENDWF1,41.93
D,DISPATCH,UNIT_SCADA,1,"2019/08/21 08:30:00",YWPS1,378.6962
D,DISPATCH,UNIT_SCADA,1,"2019/08/21 08:30:00",YWPS2,275.184810
D,DISPATCH,UNIT_SCADA,1,"2019/08/21 08:30:00",YWPS3,0
D,DISPATCH,UNIT_SCADA,1,"2019/08/21 08:30:00",YWPS4,391.003780
C,"END OF REPORT",334
