C,NEMP.WORLD,DISPATCHSCADA,AEMO,PUBLIC,2019/09/06,03:55:08,0000000312446901,DISPATCHSCADA,0000000312446895
I,DISPATCH,UNIT_SCADA,1,SETTLEMENTDATE,DUID,SCADAVALUE
D,DISPATCH,UNIT_SCADA,1,"2019/09/06 04:00:00",BARCSF1,0.30
D,DISPATCH,UNIT_SCADA,1,"2019/09/06 04:00:00",BUTLERSG,10.099998
D,DISPATCH,UNIT_SCADA,1,"2019/09/06 04:00:00",CALL_A_4,0
D,DISPATCH,UNIT_SCADA,1,"2019/09/06 04:00:00",CAPTL_WF,50.7920
D,DISPATCH,UNIT_SCADA,1,"2019/09/06 04:00:00",CATHROCK,0
D,DISPATCH,UNIT_SCADA,1,"2019/09/06 04:00:00",CHALLHWF,25
D,DISPATCH,UNIT_SCADA,1,"2019/09/06 04:00:00",CLOVER,-0.01
D,DISPATCH,UNIT_SCADA,1,"2019/09/06 04:00:00",CLUNY,14.244450
D,DISPATCH,UNIT_SCADA,1,"2019/09/06 04:00:00",CNUNDAWF,12.114132
D,DISPATCH,UNIT_SCADA,1,"2019/09/06 04:00:00",CULLRGWF,6.64
D,DISPATCH,UNIT_SCADA,1,"2019/09/06 04:00:00",ERGT01,0
D,DISPATCH,UNIT_SCADA,1,"2019/09/06 04:00:00",GB01,0.014961
D,DISPATCH,UNIT_SCADA,1,"2019/09/06 04:00:00",GERMCRK,34.099998
D,DISPATCH,UNIT_SCADA,1,"2019/09/06 04:00:00",GRIFSF1,0
D,DISPATCH,UNIT_SCADA,1,"2019/09/06 04:00:00",HUGSF1,-0.2330
D,DISPATCH,UNIT_SCADA,1,"2019/09/06 04:00:00",LKBONNY1,19.737370
D,DISPATCH,UNIT_SCADA,1,"2019/09/06 04:00:00",LRSF1,-0.0010
D,DISPATCH,UNIT_SCADA,1,"2019/09/06 04:00:00",MBAHNTH,50.024994
D,DISPATCH,UNIT_SCADA,1,"2019/09/06 04:00:00",MLSP1,0
D,DISPATCH,UNIT_SCADA,1,"2019/09/06 04:00:00",MLWF1,14.3850
D,DISPATCH,UNIT_SCADA,1,"2019/09/06 04:00:00",MTMILLAR,56.673027
D,DISPATCH,UNIT_SCADA,1,"2019/09/06 04:00:00",PALOONA,25.91
D,DISPATCH,UNIT_SCADA,1,"2019/09/06 04:00:00",PIONEER,40.700001
D,DISPATCH,UNIT_SCADA,1,"2019/09/06 04:00:00",PORTWF,61.599998
D,DISPATCH,UNIT_SCADA,1,"2019/09/06 04:00:00",REPULSE,32.657360
D,DISPATCH,UNIT_SCADA,1,"2019/09/06 04:00:00",ROWALLAN,10.3163
D,DISPATCH,UNIT_SCADA,1,"2019/09/06 04:00:00",ROYALLA1,0
D,DISPATCH,UNIT_SCADA,1,"2019/09/06 04:00:00",RPCG,10.20
D,DISPATCH,UNIT_SCADA,1,"2019/09/06 04:00:00",RUBICON,0
D,DISPATCH,UNIT_SCADA,1,"2019/09/06 04:00:00",SATGN1,0
D,DISPATCH,UNIT_SCADA,1,"2019/09/06 04:00:00",SATGS1,0
D,DISPATCH,UNIT_SCADA,1,"2019/09/06 04:00:00",STARHLWF,29.291458
D,DISPATCH,UNIT_SCADA,1,"2019/09/06 04:00:00",WAUBRAWF,15.8140
D,DISPATCH,UNIT_SCADA,1,"2019/09/06 04:00:00",WOOLNTH1,102.480011
D,DISPATCH,UNIT_SCADA,1,"2019/09/06 04:00:00",WPWF,83
D,DISPATCH,UNIT_SCADA,1,"2019/09/06 04:00:00",YAMBUKWF,10.40
D,DISPATCH,UNIT_SCADA,1,"2019/09/06 04:00:00",YSWF1,0
D,DISPATCH,UNIT_SCADA,1,"2019/09/06 04:00:00",AGLHAL,0
D,DISPATCH,UNIT_SCADA,1,"2019/09/06 04:00:00",AGLSOM,0
D,DISPATCH,UNIT_SCADA,1,"2019/09/06 04:00:00",ANGAST1,0
D,DISPATCH,UNIT_SCADA,1,"2019/09/06 04:00:00",ARWF1,26
D,DISPATCH,UNIT_SCADA,1,"2019/09/06 04:00:00",BALBG1,0
D,DISPATCH,UNIT_SCADA,1,"2019/09/06 04:00:00",BALBL1,0
D,DISPATCH,UNIT_SCADA,1,"2019/09/06 04:00:00",BALDHWF1,62.5590
D,DISPATCH,UNIT_SCADA,1,"2019/09/06 04:00:00",BANN1,0
D,DISPATCH,UNIT_SCADA,1,"2019/09/06 04:00:00",BARCALDN,0
D,DISPATCH,UNIT_SCADA,1,"2019/09/06 04:00:00",BARRON-1,0
D,DISPATCH,UNIT_SCADA,1,"2019/09/06 04:00:00",BARRON-2,0
D,DISPATCH,UNIT_SCADA,1,"2019/09/06 04:00:00",BASTYAN,81.040010
D,DISPATCH,UNIT_SCADA,1,"2019/09/06 04:00:00",BBTHREE1,0
D,DISPATCH,UNIT_SCADA,1,"2019/09/06 04:00:00",BBTHREE2,0
D,DISPATCH,UNIT_SCADA,1,"2019/09/06 04:00:00",BBTHREE3,0
D,DISPATCH,UNIT_SCADA,1,"2019/09/06 04:00:00",BDL01,0
D,DISPATCH,UNIT_SCADA,1,"2019/09/06 04:00:00",BDL02,0
D,DISPATCH,UNIT_SCADA,1,"2019/09/06 04:00:00",BERYLSF1,0
D,DISPATCH,UNIT_SCADA,1,"2019/09/06 04:00:00",BLOWERNG,15.50
D,DISPATCH,UNIT_SCADA,1,"2019/09/06 04:00:00",BLUFF1,52.80
D,DISPATCH,UNIT_SCADA,1,"2019/09/06 04:00:00",BNGSF1,0
D,DISPATCH,UNIT_SCADA,1,"2019/09/06 04:00:00",BNGSF2,0
D,DISPATCH,UNIT_SCADA,1,"2019/09/06 04:00:00",BOCORWF1,72.75
D,DISPATCH,UNIT_SCADA,1,"2019/09/06 04:00:00",BODWF1,42.193570
D,DISPATCH,UNIT_SCADA,1,"2019/09/06 04:00:00",BRAEMAR1,0
D,DISPATCH,UNIT_SCADA,1,"2019/09/06 04:00:00",BRAEMAR2,0
D,DISPATCH,UNIT_SCADA,1,"2019/09/06 04:00:00",BRAEMAR3,0
D,DISPATCH,UNIT_SCADA,1,"2019/09/06 04:00:00",BRAEMAR5,0
D,DISPATCH,UNIT_SCADA,1,"2019/09/06 04:00:00",BRAEMAR6,0
D,DISPATCH,UNIT_SCADA,1,"2019/09/06 04:00:00",BRAEMAR7,0
D,DISPATCH,UNIT_SCADA,1,"2019/09/06 04:00:00",BROKENH1,0
D,DISPATCH,UNIT_SCADA,1,"2019/09/06 04:00:00",BW01,482.075070
D,DISPATCH,UNIT_SCADA,1,"2019/09/06 04:00:00",BW02,524.150020
D,DISPATCH,UNIT_SCADA,1,"2019/09/06 04:00:00",BW03,597.400020
D,DISPATCH,UNIT_SCADA,1,"2019/09/06 04:00:00",BW04,0
D,DISPATCH,UNIT_SCADA,1,"2019/09/06 04:00:00",CALL_B_1,350.300020
D,DISPATCH,UNIT_SCADA,1,"2019/09/06 04:00:00",CALL_B_2,280.100010
D,DISPATCH,UNIT_SCADA,1,"2019/09/06 04:00:00",CETHANA,97.406130
D,DISPATCH,UNIT_SCADA,1,"2019/09/06 04:00:00",CG1,0
D,DISPATCH,UNIT_SCADA,1,"2019/09/06 04:00:00",CG2,0
D,DISPATCH,UNIT_SCADA,1,"2019/09/06 04:00:00",CG3,0
D,DISPATCH,UNIT_SCADA,1,"2019/09/06 04:00:00",CG4,0
D,DISPATCH,UNIT_SCADA,1,"2019/09/06 04:00:00",CHILDSF1,0
D,DISPATCH,UNIT_SCADA,1,"2019/09/06 04:00:00",CLARESF1,0
D,DISPATCH,UNIT_SCADA,1,"2019/09/06 04:00:00",CLEMGPWF,55.322890
D,DISPATCH,UNIT_SCADA,1,"2019/09/06 04:00:00",CLERMSF1,0
D,DISPATCH,UNIT_SCADA,1,"2019/09/06 04:00:00",COLEASF1,0
D,DISPATCH,UNIT_SCADA,1,"2019/09/06 04:00:00",COOPGWF1,21.096740
D,DISPATCH,UNIT_SCADA,1,"2019/09/06 04:00:00",CPP_3,381.149990
D,DISPATCH,UNIT_SCADA,1,"2019/09/06 04:00:00",CPP_4,380.8750
D,DISPATCH,UNIT_SCADA,1,"2019/09/06 04:00:00",CPSA,142.1250
D,DISPATCH,UNIT_SCADA,1,"2019/09/06 04:00:00",CROOKWF2,73.403750
D,DISPATCH,UNIT_SCADA,1,"2019/09/06 04:00:00",CROWLWF1,21.464060
D,DISPATCH,UNIT_SCADA,1,"2019/09/06 04:00:00",CSPVPS1,0
D,DISPATCH,UNIT_SCADA,1,"2019/09/06 04:00:00",DALNTH01,0
D,DISPATCH,UNIT_SCADA,1,"2019/09/06 04:00:00",DALNTHL1,0.102240
D,DISPATCH,UNIT_SCADA,1,"2019/09/06 04:00:00",DARTM1,0
D,DISPATCH,UNIT_SCADA,1,"2019/09/06 04:00:00",DAYDSF1,0
D,DISPATCH,UNIT_SCADA,1,"2019/09/06 04:00:00",DDPS1,0
D,DISPATCH,UNIT_SCADA,1,"2019/09/06 04:00:00",DDSF1,0
D,DISPATCH,UNIT_SCADA,1,"2019/09/06 04:00:00",DEVILS_G,64.1084
D,DISPATCH,UNIT_SCADA,1,"2019/09/06 04:00:00",DG_NSW1,0
D,DISPATCH,UNIT_SCADA,1,"2019/09/06 04:00:00",DG_QLD1,0
D,DISPATCH,UNIT_SCADA,1,"2019/09/06 04:00:00",DG_SA1,0
D,DISPATCH,UNIT_SCADA,1,"2019/09/06 04:00:00",DG_TAS1,0
D,DISPATCH,UNIT_SCADA,1,"2019/09/06 04:00:00",DG_VIC1,0
D,DISPATCH,UNIT_SCADA,1,"2019/09/06 04:00:00",DRYCGT1,0
D,DISPATCH,UNIT_SCADA,1,"2019/09/06 04:00:00",DRYCGT2,0
D,DISPATCH,UNIT_SCADA,1,"2019/09/06 04:00:00",DRYCGT3,0
D,DISPATCH,UNIT_SCADA,1,"2019/09/06 04:00:00",EILDON1,0
D,DISPATCH,UNIT_SCADA,1,"2019/09/06 04:00:00",EILDON2,0
D,DISPATCH,UNIT_SCADA,1,"2019/09/06 04:00:00",EMERASF1,0
D,DISPATCH,UNIT_SCADA,1,"2019/09/06 04:00:00",ER01,453.199950
D,DISPATCH,UNIT_SCADA,1,"2019/09/06 04:00:00",ER02,448.425050
D,DISPATCH,UNIT_SCADA,1,"2019/09/06 04:00:00",ER03,0
D,DISPATCH,UNIT_SCADA,1,"2019/09/06 04:00:00",ER04,453.599980
D,DISPATCH,UNIT_SCADA,1,"2019/09/06 04:00:00",FINLYSF1,0
D,DISPATCH,UNIT_SCADA,1,"2019/09/06 04:00:00",FISHER,44.10
D,DISPATCH,UNIT_SCADA,1,"2019/09/06 04:00:00",GANNBG1,0
D,DISPATCH,UNIT_SCADA,1,"2019/09/06 04:00:00",GANNBL1,10.007370
D,DISPATCH,UNIT_SCADA,1,"2019/09/06 04:00:00",GANNSF1,0
D,DISPATCH,UNIT_SCADA,1,"2019/09/06 04:00:00",GORDON,23.057440
D,DISPATCH,UNIT_SCADA,1,"2019/09/06 04:00:00",GSTONE1,133.1750
D,DISPATCH,UNIT_SCADA,1,"2019/09/06 04:00:00",GSTONE2,109.7250
D,DISPATCH,UNIT_SCADA,1,"2019/09/06 04:00:00",GSTONE3,0
D,DISPATCH,UNIT_SCADA,1,"2019/09/06 04:00:00",GSTONE4,132.1250
D,DISPATCH,UNIT_SCADA,1,"2019/09/06 04:00:00",GSTONE5,131.0750
D,DISPATCH,UNIT_SCADA,1,"2019/09/06 04:00:00",GSTONE6,131.95
D,DISPATCH,UNIT_SCADA,1,"2019/09/06 04:00:00",GULLRSF1,0
D,DISPATCH,UNIT_SCADA,1,"2019/09/06 04:00:00",GULLRWF1,53.533110
D,DISPATCH,UNIT_SCADA,1,"2019/09/06 04:00:00",GUNNING1,11.361230
D,DISPATCH,UNIT_SCADA,1,"2019/09/06 04:00:00",GUTHEGA,0
D,DISPATCH,UNIT_SCADA,1,"2019/09/06 04:00:00",HALLWF1,90.73
D,DISPATCH,UNIT_SCADA,1,"2019/09/06 04:00:00",HALLWF2,67.58
D,DISPATCH,UNIT_SCADA,1,"2019/09/06 04:00:00",HAMISF1,0
D,DISPATCH,UNIT_SCADA,1,"2019/09/06 04:00:00",HAUGHT11,0
D,DISPATCH,UNIT_SCADA,1,"2019/09/06 04:00:00",HAYMSF1,0
D,DISPATCH,UNIT_SCADA,1,"2019/09/06 04:00:00",HDWF1,75.70
D,DISPATCH,UNIT_SCADA,1,"2019/09/06 04:00:00",HDWF2,48.90
D,DISPATCH,UNIT_SCADA,1,"2019/09/06 04:00:00",HDWF3,55.80
D,DISPATCH,UNIT_SCADA,1,"2019/09/06 04:00:00",HPRG1,2.20
D,DISPATCH,UNIT_SCADA,1,"2019/09/06 04:00:00",HPRL1,0
D,DISPATCH,UNIT_SCADA,1,"2019/09/06 04:00:00",HUMENSW,0
D,DISPATCH,UNIT_SCADA,1,"2019/09/06 04:00:00",HUMEV,24.10
D,DISPATCH,UNIT_SCADA,1,"2019/09/06 04:00:00",HVGTS,0
D,DISPATCH,UNIT_SCADA,1,"2019/09/06 04:00:00",JBUTTERS,0
D,DISPATCH,UNIT_SCADA,1,"2019/09/06 04:00:00",JLA01,0.10
D,DISPATCH,UNIT_SCADA,1,"2019/09/06 04:00:00",JLA02,0
D,DISPATCH,UNIT_SCADA,1,"2019/09/06 04:00:00",JLA03,0
D,DISPATCH,UNIT_SCADA,1,"2019/09/06 04:00:00",JLA04,0
D,DISPATCH,UNIT_SCADA,1,"2019/09/06 04:00:00",JLB01,0
D,DISPATCH,UNIT_SCADA,1,"2019/09/06 04:00:00",JLB02,0.10
D,DISPATCH,UNIT_SCADA,1,"2019/09/06 04:00:00",JLB03,0
D,DISPATCH,UNIT_SCADA,1,"2019/09/06 04:00:00",KAREEYA1,21.50
D,DISPATCH,UNIT_SCADA,1,"2019/09/06 04:00:00",KAREEYA2,21.7050
D,DISPATCH,UNIT_SCADA,1,"2019/09/06 04:00:00",KAREEYA3,0
D,DISPATCH,UNIT_SCADA,1,"2019/09/06 04:00:00",KAREEYA4,21.6175
D,DISPATCH,UNIT_SCADA,1,"2019/09/06 04:00:00",KARSF1,0
D,DISPATCH,UNIT_SCADA,1,"2019/09/06 04:00:00",KIATAWF1,28.20
D,DISPATCH,UNIT_SCADA,1,"2019/09/06 04:00:00",KPP_1,0
D,DISPATCH,UNIT_SCADA,1,"2019/09/06 04:00:00",KSP1,0
D,DISPATCH,UNIT_SCADA,1,"2019/09/06 04:00:00",LADBROK1,0
D,DISPATCH,UNIT_SCADA,1,"2019/09/06 04:00:00",LADBROK2,0
D,DISPATCH,UNIT_SCADA,1,"2019/09/06 04:00:00",LD01,349.012480
D,DISPATCH,UNIT_SCADA,1,"2019/09/06 04:00:00",LD02,322.481230
D,DISPATCH,UNIT_SCADA,1,"2019/09/06 04:00:00",LD03,353.718750
D,DISPATCH,UNIT_SCADA,1,"2019/09/06 04:00:00",LD04,349.443760
D,DISPATCH,UNIT_SCADA,1,"2019/09/06 04:00:00",LEM_WIL,84.5134
D,DISPATCH,UNIT_SCADA,1,"2019/09/06 04:00:00",LGAPWF1,34.53
D,DISPATCH,UNIT_SCADA,1,"2019/09/06 04:00:00",LILYSF1,0
D,DISPATCH,UNIT_SCADA,1,"2019/09/06 04:00:00",LI_WY_CA,140.903530
D,DISPATCH,UNIT_SCADA,1,"2019/09/06 04:00:00",LKBONNY2,39.853670
D,DISPATCH,UNIT_SCADA,1,"2019/09/06 04:00:00",LKBONNY3,17.360650
D,DISPATCH,UNIT_SCADA,1,"2019/09/06 04:00:00",LK_ECHO,0
D,DISPATCH,UNIT_SCADA,1,"2019/09/06 04:00:00",LNGS1,0
D,DISPATCH,UNIT_SCADA,1,"2019/09/06 04:00:00",LNGS2,0
D,DISPATCH,UNIT_SCADA,1,"2019/09/06 04:00:00",LONSDALE,0
D,DISPATCH,UNIT_SCADA,1,"2019/09/06 04:00:00",LOYYB1,537.216430
D,DISPATCH,UNIT_SCADA,1,"2019/09/06 04:00:00",LOYYB2,583.458250
D,DISPATCH,UNIT_SCADA,1,"2019/09/06 04:00:00",LYA1,0
D,DISPATCH,UNIT_SCADA,1,"2019/09/06 04:00:00",LYA2,0
D,DISPATCH,UNIT_SCADA,1,"2019/09/06 04:00:00",LYA3,559
D,DISPATCH,UNIT_SCADA,1,"2019/09/06 04:00:00",LYA4,540
D,DISPATCH,UNIT_SCADA,1,"2019/09/06 04:00:00",MACARTH1,116.6973
D,DISPATCH,UNIT_SCADA,1,"2019/09/06 04:00:00",MACKAYGT,0.2240
D,DISPATCH,UNIT_SCADA,1,"2019/09/06 04:00:00",MACKNTSH,88.45
D,DISPATCH,UNIT_SCADA,1,"2019/09/06 04:00:00",MANSLR1,0
D,DISPATCH,UNIT_SCADA,1,"2019/09/06 04:00:00",MCKAY1,-0.0350
D,DISPATCH,UNIT_SCADA,1,"2019/09/06 04:00:00",MEADOWBK,34.2960
D,DISPATCH,UNIT_SCADA,1,"2019/09/06 04:00:00",MERCER01,-0.2290
D,DISPATCH,UNIT_SCADA,1,"2019/09/06 04:00:00",MEWF1,43.358210
D,DISPATCH,UNIT_SCADA,1,"2019/09/06 04:00:00",MINTARO,0
D,DISPATCH,UNIT_SCADA,1,"2019/09/06 04:00:00",MOREESF1,0
D,DISPATCH,UNIT_SCADA,1,"2019/09/06 04:00:00",MORTLK11,125
D,DISPATCH,UNIT_SCADA,1,"2019/09/06 04:00:00",MORTLK12,0
D,DISPATCH,UNIT_SCADA,1,"2019/09/06 04:00:00",MP1,219.674990
D,DISPATCH,UNIT_SCADA,1,"2019/09/06 04:00:00",MP2,0
D,DISPATCH,UNIT_SCADA,1,"2019/09/06 04:00:00",MPP_1,389.50
D,DISPATCH,UNIT_SCADA,1,"2019/09/06 04:00:00",MPP_2,410.75
D,DISPATCH,UNIT_SCADA,1,"2019/09/06 04:00:00",MSTUART1,0
D,DISPATCH,UNIT_SCADA,1,"2019/09/06 04:00:00",MSTUART2,0
D,DISPATCH,UNIT_SCADA,1,"2019/09/06 04:00:00",MSTUART3,0
D,DISPATCH,UNIT_SCADA,1,"2019/09/06 04:00:00",MTGELWF1,-0.3708
D,DISPATCH,UNIT_SCADA,1,"2019/09/06 04:00:00",MURRAY,0
D,DISPATCH,UNIT_SCADA,1,"2019/09/06 04:00:00",MUSSELR1,115.20
D,DISPATCH,UNIT_SCADA,1,"2019/09/06 04:00:00",MUWAWF1,72.18
D,DISPATCH,UNIT_SCADA,1,"2019/09/06 04:00:00",NBHWF1,119.10
D,DISPATCH,UNIT_SCADA,1,"2019/09/06 04:00:00",NPS,0
D,DISPATCH,UNIT_SCADA,1,"2019/09/06 04:00:00",NUMURSF1,0
D,DISPATCH,UNIT_SCADA,1,"2019/09/06 04:00:00",NYNGAN1,0
D,DISPATCH,UNIT_SCADA,1,"2019/09/06 04:00:00",OAKEY1,0
D,DISPATCH,UNIT_SCADA,1,"2019/09/06 04:00:00",OAKEY1SF,0
D,DISPATCH,UNIT_SCADA,1,"2019/09/06 04:00:00",OAKEY2,0
D,DISPATCH,UNIT_SCADA,1,"2019/09/06 04:00:00",OAKEY2SF,0
D,DISPATCH,UNIT_SCADA,1,"2019/09/06 04:00:00",OAKLAND1,15.70
D,DISPATCH,UNIT_SCADA,1,"2019/09/06 04:00:00",OSB-AG,0
D,DISPATCH,UNIT_SCADA,1,"2019/09/06 04:00:00",PARSF1,0
D,DISPATCH,UNIT_SCADA,1,"2019/09/06 04:00:00",POAT110,0
D,DISPATCH,UNIT_SCADA,1,"2019/09/06 04:00:00",POAT220,2.87
D,DISPATCH,UNIT_SCADA,1,"2019/09/06 04:00:00",POR01,0
D,DISPATCH,UNIT_SCADA,1,"2019/09/06 04:00:00",POR03,0
D,DISPATCH,UNIT_SCADA,1,"2019/09/06 04:00:00",PPCCGT,176.236620
D,DISPATCH,UNIT_SCADA,1,"2019/09/06 04:00:00",PTSTAN1,0
D,DISPATCH,UNIT_SCADA,1,"2019/09/06 04:00:00",PUMP1,0
D,DISPATCH,UNIT_SCADA,1,"2019/09/06 04:00:00",PUMP2,0
D,DISPATCH,UNIT_SCADA,1,"2019/09/06 04:00:00",QPS1,0
D,DISPATCH,UNIT_SCADA,1,"2019/09/06 04:00:00",QPS2,0
D,DISPATCH,UNIT_SCADA,1,"2019/09/06 04:00:00",QPS3,0
D,DISPATCH,UNIT_SCADA,1,"2019/09/06 04:00:00",QPS4,0
D,DISPATCH,UNIT_SCADA,1,"2019/09/06 04:00:00",QPS5,0
D,DISPATCH,UNIT_SCADA,1,"2019/09/06 04:00:00",REECE1,73.170010
D,DISPATCH,UNIT_SCADA,1,"2019/09/06 04:00:00",REECE2,0
D,DISPATCH,UNIT_SCADA,1,"2019/09/06 04:00:00",ROMA_7,0
D,DISPATCH,UNIT_SCADA,1,"2019/09/06 04:00:00",ROMA_8,0
D,DISPATCH,UNIT_SCADA,1,"2019/09/06 04:00:00",RRSF1,0
D,DISPATCH,UNIT_SCADA,1,"2019/09/06 04:00:00",RT_NSW1,0
D,DISPATCH,UNIT_SCADA,1,"2019/09/06 04:00:00",RT_NSW2,0
D,DISPATCH,UNIT_SCADA,1,"2019/09/06 04:00:00",RT_NSW3,0
D,DISPATCH,UNIT_SCADA,1,"2019/09/06 04:00:00",RT_NSW4,0
D,DISPATCH,UNIT_SCADA,1,"2019/09/06 04:00:00",RT_NSW5,0
D,DISPATCH,UNIT_SCADA,1,"2019/09/06 04:00:00",RT_NSW6,0
D,DISPATCH,UNIT_SCADA,1,"2019/09/06 04:00:00",RT_QLD1,0
D,DISPATCH,UNIT_SCADA,1,"2019/09/06 04:00:00",RT_SA1,0
D,DISPATCH,UNIT_SCADA,1,"2019/09/06 04:00:00",RT_SA2,0
D,DISPATCH,UNIT_SCADA,1,"2019/09/06 04:00:00",RT_SA3,0
D,DISPATCH,UNIT_SCADA,1,"2019/09/06 04:00:00",RT_SA4,0
D,DISPATCH,UNIT_SCADA,1,"2019/09/06 04:00:00",RT_SA5,0
D,DISPATCH,UNIT_SCADA,1,"2019/09/06 04:00:00",RT_SA6,0
D,DISPATCH,UNIT_SCADA,1,"2019/09/06 04:00:00",RT_TAS1,0
D,DISPATCH,UNIT_SCADA,1,"2019/09/06 04:00:00",RT_VIC1,0
D,DISPATCH,UNIT_SCADA,1,"2019/09/06 04:00:00",RT_VIC10,0
D,DISPATCH,UNIT_SCADA,1,"2019/09/06 04:00:00",RT_VIC11,0
D,DISPATCH,UNIT_SCADA,1,"2019/09/06 04:00:00",RT_VIC12,0
D,DISPATCH,UNIT_SCADA,1,"2019/09/06 04:00:00",RT_VIC2,0
D,DISPATCH,UNIT_SCADA,1,"2019/09/06 04:00:00",RT_VIC3,0
D,DISPATCH,UNIT_SCADA,1,"2019/09/06 04:00:00",RT_VIC4,0
D,DISPATCH,UNIT_SCADA,1,"2019/09/06 04:00:00",RT_VIC5,0
D,DISPATCH,UNIT_SCADA,1,"2019/09/06 04:00:00",RT_VIC6,0
D,DISPATCH,UNIT_SCADA,1,"2019/09/06 04:00:00",RT_VIC7,0
D,DISPATCH,UNIT_SCADA,1,"2019/09/06 04:00:00",RT_VIC8,0
D,DISPATCH,UNIT_SCADA,1,"2019/09/06 04:00:00",RT_VIC9,0
D,DISPATCH,UNIT_SCADA,1,"2019/09/06 04:00:00",RUGBYR1,0
D,DISPATCH,UNIT_SCADA,1,"2019/09/06 04:00:00",SALTCRK1,12.52
D,DISPATCH,UNIT_SCADA,1,"2019/09/06 04:00:00",SAPHWF1,19.209380
D,DISPATCH,UNIT_SCADA,1,"2019/09/06 04:00:00",SHGEN,0
D,DISPATCH,UNIT_SCADA,1,"2019/09/06 04:00:00",SHPUMP,157.973540
D,DISPATCH,UNIT_SCADA,1,"2019/09/06 04:00:00",SITHE01,0.194050
D,DISPATCH,UNIT_SCADA,1,"2019/09/06 04:00:00",SMCSF1,0
D,DISPATCH,UNIT_SCADA,1,"2019/09/06 04:00:00",SNOWNTH1,133.100010
D,DISPATCH,UNIT_SCADA,1,"2019/09/06 04:00:00",SNOWSTH1,118.50
D,DISPATCH,UNIT_SCADA,1,"2019/09/06 04:00:00",SNOWTWN1,95.158060
D,DISPATCH,UNIT_SCADA,1,"2019/09/06 04:00:00",SNOWYP,0
D,DISPATCH,UNIT_SCADA,1,"2019/09/06 04:00:00",SNUG1,0.019440
D,DISPATCH,UNIT_SCADA,1,"2019/09/06 04:00:00",SRSF1,0.22
D,DISPATCH,UNIT_SCADA,1,"2019/09/06 04:00:00",STAN-1,257.291690
D,DISPATCH,UNIT_SCADA,1,"2019/09/06 04:00:00",STAN-2,251.433960
D,DISPATCH,UNIT_SCADA,1,"2019/09/06 04:00:00",STAN-3,251.485230
D,DISPATCH,UNIT_SCADA,1,"2019/09/06 04:00:00",STAN-4,250.036820
D,DISPATCH,UNIT_SCADA,1,"2019/09/06 04:00:00",STWF1,0
D,DISPATCH,UNIT_SCADA,1,"2019/09/06 04:00:00",SWAN_E,0
D,DISPATCH,UNIT_SCADA,1,"2019/09/06 04:00:00",TALWA1,192
D,DISPATCH,UNIT_SCADA,1,"2019/09/06 04:00:00",TARALGA1,31.428740
D,DISPATCH,UNIT_SCADA,1,"2019/09/06 04:00:00",TARONG#1,277.399990
D,DISPATCH,UNIT_SCADA,1,"2019/09/06 04:00:00",TARONG#2,0
D,DISPATCH,UNIT_SCADA,1,"2019/09/06 04:00:00",TARONG#3,260.200010
D,DISPATCH,UNIT_SCADA,1,"2019/09/06 04:00:00",TARONG#4,275.200010
D,DISPATCH,UNIT_SCADA,1,"2019/09/06 04:00:00",TARRALEA,73.500010
D,DISPATCH,UNIT_SCADA,1,"2019/09/06 04:00:00",TBSF1,-0.20
D,DISPATCH,UNIT_SCADA,1,"2019/09/06 04:00:00",TNPS1,397.600010
D,DISPATCH,UNIT_SCADA,1,"2019/09/06 04:00:00",TORRA1,41.279240
D,DISPATCH,UNIT_SCADA,1,"2019/09/06 04:00:00",TORRA2,0
D,DISPATCH,UNIT_SCADA,1,"2019/09/06 04:00:00",TORRA3,0
D,DISPATCH,UNIT_SCADA,1,"2019/09/06 04:00:00",TORRA4,39.360580
D,DISPATCH,UNIT_SCADA,1,"2019/09/06 04:00:00",TORRB1,40.58
D,DISPATCH,UNIT_SCADA,1,"2019/09/06 04:00:00",TORRB2,40.14
D,DISPATCH,UNIT_SCADA,1,"2019/09/06 04:00:00",TORRB3,40.36
D,DISPATCH,UNIT_SCADA,1,"2019/09/06 04:00:00",TORRB4,0
D,DISPATCH,UNIT_SCADA,1,"2019/09/06 04:00:00",TREVALLN,21.810020
D,DISPATCH,UNIT_SCADA,1,"2019/09/06 04:00:00",TRIBUTE,0
D,DISPATCH,UNIT_SCADA,1,"2019/09/06 04:00:00",TUMUT3,0
D,DISPATCH,UNIT_SCADA,1,"2019/09/06 04:00:00",TUNGATIN,9.60
D,DISPATCH,UNIT_SCADA,1,"2019/09/06 04:00:00",TVCC201,0
D,DISPATCH,UNIT_SCADA,1,"2019/09/06 04:00:00",TVPP104,0
D,DISPATCH,UNIT_SCADA,1,"2019/09/06 04:00:00",UPPTUMUT,0
D,DISPATCH,UNIT_SCADA,1,"2019/09/06 04:00:00",URANQ11,0
D,DISPATCH,UNIT_SCADA,1,"2019/09/06 04:00:00",URANQ12,0
D,DISPATCH,UNIT_SCADA,1,"2019/09/06 04:00:00",URANQ13,0
D,DISPATCH,UNIT_SCADA,1,"2019/09/06 04:00:00",URANQ14,0
D,DISPATCH,UNIT_SCADA,1,"2019/09/06 04:00:00",VP5,431.400020
D,DISPATCH,UNIT_SCADA,1,"2019/09/06 04:00:00",VP6,0
D,DISPATCH,UNIT_SCADA,1,"2019/09/06 04:00:00",VPGS1,0
D,DISPATCH,UNIT_SCADA,1,"2019/09/06 04:00:00",VPGS2,0
D,DISPATCH,UNIT_SCADA,1,"2019/09/06 04:00:00",VPGS3,0
D,DISPATCH,UNIT_SCADA,1,"2019/09/06 04:00:00",VPGS4,0
D,DISPATCH,UNIT_SCADA,1,"2019/09/06 04:00:00",VPGS5,0
D,DISPATCH,UNIT_SCADA,1,"2019/09/06 04:00:00",VPGS6,0
D,DISPATCH,UNIT_SCADA,1,"2019/09/06 04:00:00",W/HOE#1,0
D,DISPATCH,UNIT_SCADA,1,"2019/09/06 04:00:00",W/HOE#2,0
D,DISPATCH,UNIT_SCADA,1,"2019/09/06 04:00:00",WATERLWF,125.10
D,DISPATCH,UNIT_SCADA,1,"2019/09/06 04:00:00",WEMENSF1,0
D,DISPATCH,UNIT_SCADA,1,"2019/09/06 04:00:00",WGWF1,110.70
D,DISPATCH,UNIT_SCADA,1,"2019/09/06 04:00:00",WHITSF1,0
D,DISPATCH,UNIT_SCADA,1,"2019/09/06 04:00:00",WKIEWA1,0
D,DISPATCH,UNIT_SCADA,1,"2019/09/06 04:00:00",WKIEWA2,0.10
D,DISPATCH,UNIT_SCADA,1,"2019/09/06 04:00:00",WOODLWN1,21.834010
D,DISPATCH,UNIT_SCADA,1,"2019/09/06 04:00:00",WRSF1,0
D,DISPATCH,UNIT_SCADA,1,"2019/09/06 04:00:00",WRWF1,11.620010
D,DISPATCH,UNIT_SCADA,1,"2019/09/06 04:00:00",YABULU,0
D,DISPATCH,UNIT_SCADA,1,"2019/09/06 04:00:00",YABULU2,0
D,DISPATCH,UNIT_SCADA,1,"2019/09/06 04:00:00",YARWUN_1,167.429990
D,DISPATCH,UNIT_SCADA,1,"2019/09/06 04:00:00",YENDWF1,0.41
D,DISPATCH,UNIT_SCADA,1,"2019/09/06 04:00:00",YWPS1,376.691130
D,DISPATCH,UNIT_SCADA,1,"2019/09/06 04:00:00",YWPS2,278.192410
D,DISPATCH,UNIT_SCADA,1,"2019/09/06 04:00:00",YWPS3,328.055690
D,DISPATCH,UNIT_SCADA,1,"2019/09/06 04:00:00",YWPS4,391.286070
C,"END OF REPORT",335
