C,NEMP.WORLD,DISPATCHSCADA,AEMO,PUBLIC,2019/08/22,02:35:10,0000000311849814,DISPATCHSCADA,0000000311849808
I,DISPATCH,UNIT_SCADA,1,SETTLEMENTDATE,DUID,SCADAVALUE
D,DISPATCH,UNIT_SCADA,1,"2019/08/22 02:40:00",BARCSF1,0.70
D,DISPATCH,UNIT_SCADA,1,"2019/08/22 02:40:00",BUTLERSG,9.699999
D,DISPATCH,UNIT_SCADA,1,"2019/08/22 02:40:00",CALL_A_4,0
D,DISPATCH,UNIT_SCADA,1,"2019/08/22 02:40:00",CAPTL_WF,126.159996
D,DISPATCH,UNIT_SCADA,1,"2019/08/22 02:40:00",CATHROCK,18.049999
D,DISPATCH,UNIT_SCADA,1,"2019/08/22 02:40:00",CHALLHWF,49.200001
D,DISPATCH,UNIT_SCADA,1,"2019/08/22 02:40:00",CLOVER,-0.02
D,DISPATCH,UNIT_SCADA,1,"2019/08/22 02:40:00",CLUNY,19.992218
D,DISPATCH,UNIT_SCADA,1,"2019/08/22 02:40:00",CNUNDAWF,40.347069
D,DISPATCH,UNIT_SCADA,1,"2019/08/22 02:40:00",CULLRGWF,24.459999
D,DISPATCH,UNIT_SCADA,1,"2019/08/22 02:40:00",ERGT01,0
D,DISPATCH,UNIT_SCADA,1,"2019/08/22 02:40:00",GB01,0.066643
D,DISPATCH,UNIT_SCADA,1,"2019/08/22 02:40:00",GERMCRK,39.700001
D,DISPATCH,UNIT_SCADA,1,"2019/08/22 02:40:00",GRIFSF1,0
D,DISPATCH,UNIT_SCADA,1,"2019/08/22 02:40:00",HUGSF1,-0.2430
D,DISPATCH,UNIT_SCADA,1,"2019/08/22 02:40:00",LKBONNY1,67.517876
D,DISPATCH,UNIT_SCADA,1,"2019/08/22 02:40:00",LRSF1,0.0390
D,DISPATCH,UNIT_SCADA,1,"2019/08/22 02:40:00",MBAHNTH,56.025009
D,DISPATCH,UNIT_SCADA,1,"2019/08/22 02:40:00",MLSP1,0.271001
D,DISPATCH,UNIT_SCADA,1,"2019/08/22 02:40:00",MLWF1,19.724998
D,DISPATCH,UNIT_SCADA,1,"2019/08/22 02:40:00",MTMILLAR,13.431567
D,DISPATCH,UNIT_SCADA,1,"2019/08/22 02:40:00",PALOONA,8.20
D,DISPATCH,UNIT_SCADA,1,"2019/08/22 02:40:00",PIONEER,49.700001
D,DISPATCH,UNIT_SCADA,1,"2019/08/22 02:40:00",PORTWF,136.50
D,DISPATCH,UNIT_SCADA,1,"2019/08/22 02:40:00",REPULSE,0.000610
D,DISPATCH,UNIT_SCADA,1,"2019/08/22 02:40:00",ROWALLAN,10.3447
D,DISPATCH,UNIT_SCADA,1,"2019/08/22 02:40:00",ROYALLA1,0
D,DISPATCH,UNIT_SCADA,1,"2019/08/22 02:40:00",RPCG,11.90
D,DISPATCH,UNIT_SCADA,1,"2019/08/22 02:40:00",RUBICON,0
D,DISPATCH,UNIT_SCADA,1,"2019/08/22 02:40:00",SATGN1,0
D,DISPATCH,UNIT_SCADA,1,"2019/08/22 02:40:00",SATGS1,0
D,DISPATCH,UNIT_SCADA,1,"2019/08/22 02:40:00",STARHLWF,17.294956
D,DISPATCH,UNIT_SCADA,1,"2019/08/22 02:40:00",WAUBRAWF,175.776001
D,DISPATCH,UNIT_SCADA,1,"2019/08/22 02:40:00",WOOLNTH1,100.930016
D,DISPATCH,UNIT_SCADA,1,"2019/08/22 02:40:00",WPWF,48
D,DISPATCH,UNIT_SCADA,1,"2019/08/22 02:40:00",YAMBUKWF,27.799999
D,DISPATCH,UNIT_SCADA,1,"2019/08/22 02:40:00",YSWF1,28.700001
D,DISPATCH,UNIT_SCADA,1,"2019/08/22 02:40:00",AGLHAL,0
D,DISPATCH,UNIT_SCADA,1,"2019/08/22 02:40:00",AGLSOM,0
D,DISPATCH,UNIT_SCADA,1,"2019/08/22 02:40:00",ANGAST1,0
D,DISPATCH,UNIT_SCADA,1,"2019/08/22 02:40:00",ARWF1,219
D,DISPATCH,UNIT_SCADA,1,"2019/08/22 02:40:00",BALBG1,0
D,DISPATCH,UNIT_SCADA,1,"2019/08/22 02:40:00",BALBL1,0
D,DISPATCH,UNIT_SCADA,1,"2019/08/22 02:40:00",BALDHWF1,99.3440
D,DISPATCH,UNIT_SCADA,1,"2019/08/22 02:40:00",BANN1,0
D,DISPATCH,UNIT_SCADA,1,"2019/08/22 02:40:00",BARCALDN,0
D,DISPATCH,UNIT_SCADA,1,"2019/08/22 02:40:00",BARRON-1,0
D,DISPATCH,UNIT_SCADA,1,"2019/08/22 02:40:00",BARRON-2,24.96
D,DISPATCH,UNIT_SCADA,1,"2019/08/22 02:40:00",BASTYAN,78.530010
D,DISPATCH,UNIT_SCADA,1,"2019/08/22 02:40:00",BBTHREE1,-1.95
D,DISPATCH,UNIT_SCADA,1,"2019/08/22 02:40:00",BBTHREE2,-1.99
D,DISPATCH,UNIT_SCADA,1,"2019/08/22 02:40:00",BBTHREE3,-1.07
D,DISPATCH,UNIT_SCADA,1,"2019/08/22 02:40:00",BDL01,0
D,DISPATCH,UNIT_SCADA,1,"2019/08/22 02:40:00",BDL02,0
D,DISPATCH,UNIT_SCADA,1,"2019/08/22 02:40:00",BERYLSF1,0
D,DISPATCH,UNIT_SCADA,1,"2019/08/22 02:40:00",BLOWERNG,0
D,DISPATCH,UNIT_SCADA,1,"2019/08/22 02:40:00",BLUFF1,32.90
D,DISPATCH,UNIT_SCADA,1,"2019/08/22 02:40:00",BNGSF1,0
D,DISPATCH,UNIT_SCADA,1,"2019/08/22 02:40:00",BNGSF2,0
D,DISPATCH,UNIT_SCADA,1,"2019/08/22 02:40:00",BOCORWF1,105.24
D,DISPATCH,UNIT_SCADA,1,"2019/08/22 02:40:00",BODWF1,95.7645
D,DISPATCH,UNIT_SCADA,1,"2019/08/22 02:40:00",BRAEMAR1,0
D,DISPATCH,UNIT_SCADA,1,"2019/08/22 02:40:00",BRAEMAR2,0
D,DISPATCH,UNIT_SCADA,1,"2019/08/22 02:40:00",BRAEMAR3,0
D,DISPATCH,UNIT_SCADA,1,"2019/08/22 02:40:00",BRAEMAR5,0
D,DISPATCH,UNIT_SCADA,1,"2019/08/22 02:40:00",BRAEMAR6,0
D,DISPATCH,UNIT_SCADA,1,"2019/08/22 02:40:00",BRAEMAR7,0
D,DISPATCH,UNIT_SCADA,1,"2019/08/22 02:40:00",BROKENH1,0
D,DISPATCH,UNIT_SCADA,1,"2019/08/22 02:40:00",BW01,336.8750
D,DISPATCH,UNIT_SCADA,1,"2019/08/22 02:40:00",BW02,546.400020
D,DISPATCH,UNIT_SCADA,1,"2019/08/22 02:40:00",BW03,453.349980
D,DISPATCH,UNIT_SCADA,1,"2019/08/22 02:40:00",BW04,0
D,DISPATCH,UNIT_SCADA,1,"2019/08/22 02:40:00",CALL_B_1,343.100010
D,DISPATCH,UNIT_SCADA,1,"2019/08/22 02:40:00",CALL_B_2,294.200010
D,DISPATCH,UNIT_SCADA,1,"2019/08/22 02:40:00",CETHANA,99.022750
D,DISPATCH,UNIT_SCADA,1,"2019/08/22 02:40:00",CG1,0
D,DISPATCH,UNIT_SCADA,1,"2019/08/22 02:40:00",CG2,0
D,DISPATCH,UNIT_SCADA,1,"2019/08/22 02:40:00",CG3,0
D,DISPATCH,UNIT_SCADA,1,"2019/08/22 02:40:00",CG4,0
D,DISPATCH,UNIT_SCADA,1,"2019/08/22 02:40:00",CHILDSF1,0.01
D,DISPATCH,UNIT_SCADA,1,"2019/08/22 02:40:00",CLARESF1,0
D,DISPATCH,UNIT_SCADA,1,"2019/08/22 02:40:00",CLEMGPWF,12.101880
D,DISPATCH,UNIT_SCADA,1,"2019/08/22 02:40:00",CLERMSF1,0
D,DISPATCH,UNIT_SCADA,1,"2019/08/22 02:40:00",COLEASF1,0
D,DISPATCH,UNIT_SCADA,1,"2019/08/22 02:40:00",COOPGWF1,6.7930
D,DISPATCH,UNIT_SCADA,1,"2019/08/22 02:40:00",CPP_3,370.700010
D,DISPATCH,UNIT_SCADA,1,"2019/08/22 02:40:00",CPP_4,370.700010
D,DISPATCH,UNIT_SCADA,1,"2019/08/22 02:40:00",CPSA,141.052490
D,DISPATCH,UNIT_SCADA,1,"2019/08/22 02:40:00",CROOKWF2,12.5750
D,DISPATCH,UNIT_SCADA,1,"2019/08/22 02:40:00",CROWLWF1,49.1479
D,DISPATCH,UNIT_SCADA,1,"2019/08/22 02:40:00",CSPVPS1,0.0430
D,DISPATCH,UNIT_SCADA,1,"2019/08/22 02:40:00",DALNTH01,0
D,DISPATCH,UNIT_SCADA,1,"2019/08/22 02:40:00",DALNTHL1,6.996260
D,DISPATCH,UNIT_SCADA,1,"2019/08/22 02:40:00",DARTM1,0
D,DISPATCH,UNIT_SCADA,1,"2019/08/22 02:40:00",DAYDSF1,0
D,DISPATCH,UNIT_SCADA,1,"2019/08/22 02:40:00",DDPS1,0
D,DISPATCH,UNIT_SCADA,1,"2019/08/22 02:40:00",DDSF1,0
D,DISPATCH,UNIT_SCADA,1,"2019/08/22 02:40:00",DEVILS_G,0
D,DISPATCH,UNIT_SCADA,1,"2019/08/22 02:40:00",DG_NSW1,0
D,DISPATCH,UNIT_SCADA,1,"2019/08/22 02:40:00",DG_QLD1,0
D,DISPATCH,UNIT_SCADA,1,"2019/08/22 02:40:00",DG_SA1,0
D,DISPATCH,UNIT_SCADA,1,"2019/08/22 02:40:00",DG_TAS1,0
D,DISPATCH,UNIT_SCADA,1,"2019/08/22 02:40:00",DG_VIC1,0
D,DISPATCH,UNIT_SCADA,1,"2019/08/22 02:40:00",DRYCGT1,0
D,DISPATCH,UNIT_SCADA,1,"2019/08/22 02:40:00",DRYCGT2,0
D,DISPATCH,UNIT_SCADA,1,"2019/08/22 02:40:00",DRYCGT3,0
D,DISPATCH,UNIT_SCADA,1,"2019/08/22 02:40:00",EILDON1,0
D,DISPATCH,UNIT_SCADA,1,"2019/08/22 02:40:00",EILDON2,0
D,DISPATCH,UNIT_SCADA,1,"2019/08/22 02:40:00",EMERASF1,0
D,DISPATCH,UNIT_SCADA,1,"2019/08/22 02:40:00",ER01,314.925050
D,DISPATCH,UNIT_SCADA,1,"2019/08/22 02:40:00",ER02,379.849980
D,DISPATCH,UNIT_SCADA,1,"2019/08/22 02:40:00",ER03,379.450070
D,DISPATCH,UNIT_SCADA,1,"2019/08/22 02:40:00",ER04,326.675050
D,DISPATCH,UNIT_SCADA,1,"2019/08/22 02:40:00",FINLYSF1,0
D,DISPATCH,UNIT_SCADA,1,"2019/08/22 02:40:00",FISHER,45.90
D,DISPATCH,UNIT_SCADA,1,"2019/08/22 02:40:00",GANNBG1,0
D,DISPATCH,UNIT_SCADA,1,"2019/08/22 02:40:00",GANNBL1,10.008580
D,DISPATCH,UNIT_SCADA,1,"2019/08/22 02:40:00",GANNSF1,0
D,DISPATCH,UNIT_SCADA,1,"2019/08/22 02:40:00",GORDON,7.944160
D,DISPATCH,UNIT_SCADA,1,"2019/08/22 02:40:00",GSTONE1,124.60
D,DISPATCH,UNIT_SCADA,1,"2019/08/22 02:40:00",GSTONE2,130.3750
D,DISPATCH,UNIT_SCADA,1,"2019/08/22 02:40:00",GSTONE3,124.7750
D,DISPATCH,UNIT_SCADA,1,"2019/08/22 02:40:00",GSTONE4,124.25
D,DISPATCH,UNIT_SCADA,1,"2019/08/22 02:40:00",GSTONE5,125.1250
D,DISPATCH,UNIT_SCADA,1,"2019/08/22 02:40:00",GSTONE6,0
D,DISPATCH,UNIT_SCADA,1,"2019/08/22 02:40:00",GULLRSF1,0
D,DISPATCH,UNIT_SCADA,1,"2019/08/22 02:40:00",GULLRWF1,154.189240
D,DISPATCH,UNIT_SCADA,1,"2019/08/22 02:40:00",GUNNING1,46.649970
D,DISPATCH,UNIT_SCADA,1,"2019/08/22 02:40:00",GUTHEGA,0
D,DISPATCH,UNIT_SCADA,1,"2019/08/22 02:40:00",HALLWF1,74.55
D,DISPATCH,UNIT_SCADA,1,"2019/08/22 02:40:00",HALLWF2,50.99
D,DISPATCH,UNIT_SCADA,1,"2019/08/22 02:40:00",HAMISF1,0
D,DISPATCH,UNIT_SCADA,1,"2019/08/22 02:40:00",HAUGHT11,0
D,DISPATCH,UNIT_SCADA,1,"2019/08/22 02:40:00",HAYMSF1,0
D,DISPATCH,UNIT_SCADA,1,"2019/08/22 02:40:00",HDWF1,45.20
D,DISPATCH,UNIT_SCADA,1,"2019/08/22 02:40:00",HDWF2,33.90
D,DISPATCH,UNIT_SCADA,1,"2019/08/22 02:40:00",HDWF3,31.50
D,DISPATCH,UNIT_SCADA,1,"2019/08/22 02:40:00",HPRG1,0
D,DISPATCH,UNIT_SCADA,1,"2019/08/22 02:40:00",HPRL1,5.10
D,DISPATCH,UNIT_SCADA,1,"2019/08/22 02:40:00",HUMENSW,0
D,DISPATCH,UNIT_SCADA,1,"2019/08/22 02:40:00",HUMEV,10.30
D,DISPATCH,UNIT_SCADA,1,"2019/08/22 02:40:00",HVGTS,0
D,DISPATCH,UNIT_SCADA,1,"2019/08/22 02:40:00",JBUTTERS,8.62
D,DISPATCH,UNIT_SCADA,1,"2019/08/22 02:40:00",JLA01,0.50
D,DISPATCH,UNIT_SCADA,1,"2019/08/22 02:40:00",JLA02,0
D,DISPATCH,UNIT_SCADA,1,"2019/08/22 02:40:00",JLA03,0.10
D,DISPATCH,UNIT_SCADA,1,"2019/08/22 02:40:00",JLA04,0.10
D,DISPATCH,UNIT_SCADA,1,"2019/08/22 02:40:00",JLB01,0
D,DISPATCH,UNIT_SCADA,1,"2019/08/22 02:40:00",JLB02,0.10
D,DISPATCH,UNIT_SCADA,1,"2019/08/22 02:40:00",JLB03,0
D,DISPATCH,UNIT_SCADA,1,"2019/08/22 02:40:00",KAREEYA1,21.54
D,DISPATCH,UNIT_SCADA,1,"2019/08/22 02:40:00",KAREEYA2,21.8075
D,DISPATCH,UNIT_SCADA,1,"2019/08/22 02:40:00",KAREEYA3,0
D,DISPATCH,UNIT_SCADA,1,"2019/08/22 02:40:00",KAREEYA4,21.7025
D,DISPATCH,UNIT_SCADA,1,"2019/08/22 02:40:00",KARSF1,0
D,DISPATCH,UNIT_SCADA,1,"2019/08/22 02:40:00",KIATAWF1,-0.40
D,DISPATCH,UNIT_SCADA,1,"2019/08/22 02:40:00",KPP_1,0
D,DISPATCH,UNIT_SCADA,1,"2019/08/22 02:40:00",KSP1,0
D,DISPATCH,UNIT_SCADA,1,"2019/08/22 02:40:00",LADBROK1,0
D,DISPATCH,UNIT_SCADA,1,"2019/08/22 02:40:00",LADBROK2,0
D,DISPATCH,UNIT_SCADA,1,"2019/08/22 02:40:00",LD01,362.118710
D,DISPATCH,UNIT_SCADA,1,"2019/08/22 02:40:00",LD02,300.824980
D,DISPATCH,UNIT_SCADA,1,"2019/08/22 02:40:00",LD03,323.943790
D,DISPATCH,UNIT_SCADA,1,"2019/08/22 02:40:00",LD04,353.812530
D,DISPATCH,UNIT_SCADA,1,"2019/08/22 02:40:00",LEM_WIL,84.737350
D,DISPATCH,UNIT_SCADA,1,"2019/08/22 02:40:00",LGAPWF1,18.27
D,DISPATCH,UNIT_SCADA,1,"2019/08/22 02:40:00",LILYSF1,0
D,DISPATCH,UNIT_SCADA,1,"2019/08/22 02:40:00",LI_WY_CA,148.632060
D,DISPATCH,UNIT_SCADA,1,"2019/08/22 02:40:00",LKBONNY2,143.480410
D,DISPATCH,UNIT_SCADA,1,"2019/08/22 02:40:00",LKBONNY3,32.767520
D,DISPATCH,UNIT_SCADA,1,"2019/08/22 02:40:00",LK_ECHO,0
D,DISPATCH,UNIT_SCADA,1,"2019/08/22 02:40:00",LNGS1,0
D,DISPATCH,UNIT_SCADA,1,"2019/08/22 02:40:00",LNGS2,0
D,DISPATCH,UNIT_SCADA,1,"2019/08/22 02:40:00",LONSDALE,0
D,DISPATCH,UNIT_SCADA,1,"2019/08/22 02:40:00",LOYYB1,536.088620
D,DISPATCH,UNIT_SCADA,1,"2019/08/22 02:40:00",LOYYB2,580.8266
D,DISPATCH,UNIT_SCADA,1,"2019/08/22 02:40:00",LYA1,500
D,DISPATCH,UNIT_SCADA,1,"2019/08/22 02:40:00",LYA2,0
D,DISPATCH,UNIT_SCADA,1,"2019/08/22 02:40:00",LYA3,498
D,DISPATCH,UNIT_SCADA,1,"2019/08/22 02:40:00",LYA4,499
D,DISPATCH,UNIT_SCADA,1,"2019/08/22 02:40:00",MACARTH1,298.3931
D,DISPATCH,UNIT_SCADA,1,"2019/08/22 02:40:00",MACKAYGT,0
D,DISPATCH,UNIT_SCADA,1,"2019/08/22 02:40:00",MACKNTSH,67.040010
D,DISPATCH,UNIT_SCADA,1,"2019/08/22 02:40:00",MANSLR1,0
D,DISPATCH,UNIT_SCADA,1,"2019/08/22 02:40:00",MCKAY1,0.02
D,DISPATCH,UNIT_SCADA,1,"2019/08/22 02:40:00",MEADOWBK,33.781560
D,DISPATCH,UNIT_SCADA,1,"2019/08/22 02:40:00",MERCER01,125.128010
D,DISPATCH,UNIT_SCADA,1,"2019/08/22 02:40:00",MEWF1,70.926340
D,DISPATCH,UNIT_SCADA,1,"2019/08/22 02:40:00",MINTARO,0
D,DISPATCH,UNIT_SCADA,1,"2019/08/22 02:40:00",MOREESF1,0
D,DISPATCH,UNIT_SCADA,1,"2019/08/22 02:40:00",MORTLK11,0
D,DISPATCH,UNIT_SCADA,1,"2019/08/22 02:40:00",MORTLK12,0
D,DISPATCH,UNIT_SCADA,1,"2019/08/22 02:40:00",MP1,283.099980
D,DISPATCH,UNIT_SCADA,1,"2019/08/22 02:40:00",MP2,0
D,DISPATCH,UNIT_SCADA,1,"2019/08/22 02:40:00",MPP_1,409.25
D,DISPATCH,UNIT_SCADA,1,"2019/08/22 02:40:00",MPP_2,410.25
D,DISPATCH,UNIT_SCADA,1,"2019/08/22 02:40:00",MSTUART1,0
D,DISPATCH,UNIT_SCADA,1,"2019/08/22 02:40:00",MSTUART2,0
D,DISPATCH,UNIT_SCADA,1,"2019/08/22 02:40:00",MSTUART3,0
D,DISPATCH,UNIT_SCADA,1,"2019/08/22 02:40:00",MTGELWF1,64.3788
D,DISPATCH,UNIT_SCADA,1,"2019/08/22 02:40:00",MURRAY,0
D,DISPATCH,UNIT_SCADA,1,"2019/08/22 02:40:00",MUSSELR1,156.20
D,DISPATCH,UNIT_SCADA,1,"2019/08/22 02:40:00",MUWAWF1,56
D,DISPATCH,UNIT_SCADA,1,"2019/08/22 02:40:00",NBHWF1,78.899990
D,DISPATCH,UNIT_SCADA,1,"2019/08/22 02:40:00",NPS,0
D,DISPATCH,UNIT_SCADA,1,"2019/08/22 02:40:00",NUMURSF1,0
D,DISPATCH,UNIT_SCADA,1,"2019/08/22 02:40:00",NYNGAN1,0
D,DISPATCH,UNIT_SCADA,1,"2019/08/22 02:40:00",OAKEY1,0
D,DISPATCH,UNIT_SCADA,1,"2019/08/22 02:40:00",OAKEY1SF,0
D,DISPATCH,UNIT_SCADA,1,"2019/08/22 02:40:00",OAKEY2,0
D,DISPATCH,UNIT_SCADA,1,"2019/08/22 02:40:00",OAKLAND1,62.50
D,DISPATCH,UNIT_SCADA,1,"2019/08/22 02:40:00",OSB-AG,0
D,DISPATCH,UNIT_SCADA,1,"2019/08/22 02:40:00",PARSF1,0
D,DISPATCH,UNIT_SCADA,1,"2019/08/22 02:40:00",POAT110,0
D,DISPATCH,UNIT_SCADA,1,"2019/08/22 02:40:00",POAT220,1.21
D,DISPATCH,UNIT_SCADA,1,"2019/08/22 02:40:00",POR01,0
D,DISPATCH,UNIT_SCADA,1,"2019/08/22 02:40:00",POR03,0
D,DISPATCH,UNIT_SCADA,1,"2019/08/22 02:40:00",PPCCGT,173.5522
D,DISPATCH,UNIT_SCADA,1,"2019/08/22 02:40:00",PTSTAN1,0
D,DISPATCH,UNIT_SCADA,1,"2019/08/22 02:40:00",PUMP1,0
D,DISPATCH,UNIT_SCADA,1,"2019/08/22 02:40:00",PUMP2,0
D,DISPATCH,UNIT_SCADA,1,"2019/08/22 02:40:00",QPS1,0
D,DISPATCH,UNIT_SCADA,1,"2019/08/22 02:40:00",QPS2,0
D,DISPATCH,UNIT_SCADA,1,"2019/08/22 02:40:00",QPS3,0
D,DISPATCH,UNIT_SCADA,1,"2019/08/22 02:40:00",QPS4,0
D,DISPATCH,UNIT_SCADA,1,"2019/08/22 02:40:00",QPS5,0
D,DISPATCH,UNIT_SCADA,1,"2019/08/22 02:40:00",REECE1,119.510010
D,DISPATCH,UNIT_SCADA,1,"2019/08/22 02:40:00",REECE2,118.390010
D,DISPATCH,UNIT_SCADA,1,"2019/08/22 02:40:00",ROMA_7,0
D,DISPATCH,UNIT_SCADA,1,"2019/08/22 02:40:00",ROMA_8,0
D,DISPATCH,UNIT_SCADA,1,"2019/08/22 02:40:00",RRSF1,0
D,DISPATCH,UNIT_SCADA,1,"2019/08/22 02:40:00",RT_NSW1,0
D,DISPATCH,UNIT_SCADA,1,"2019/08/22 02:40:00",RT_NSW2,0
D,DISPATCH,UNIT_SCADA,1,"2019/08/22 02:40:00",RT_NSW3,0
D,DISPATCH,UNIT_SCADA,1,"2019/08/22 02:40:00",RT_NSW4,0
D,DISPATCH,UNIT_SCADA,1,"2019/08/22 02:40:00",RT_NSW5,0
D,DISPATCH,UNIT_SCADA,1,"2019/08/22 02:40:00",RT_NSW6,0
D,DISPATCH,UNIT_SCADA,1,"2019/08/22 02:40:00",RT_QLD1,0
D,DISPATCH,UNIT_SCADA,1,"2019/08/22 02:40:00",RT_SA1,0
D,DISPATCH,UNIT_SCADA,1,"2019/08/22 02:40:00",RT_SA2,0
D,DISPATCH,UNIT_SCADA,1,"2019/08/22 02:40:00",RT_SA3,0
D,DISPATCH,UNIT_SCADA,1,"2019/08/22 02:40:00",RT_SA4,0
D,DISPATCH,UNIT_SCADA,1,"2019/08/22 02:40:00",RT_SA5,0
D,DISPATCH,UNIT_SCADA,1,"2019/08/22 02:40:00",RT_SA6,0
D,DISPATCH,UNIT_SCADA,1,"2019/08/22 02:40:00",RT_TAS1,0
D,DISPATCH,UNIT_SCADA,1,"2019/08/22 02:40:00",RT_VIC1,0
D,DISPATCH,UNIT_SCADA,1,"2019/08/22 02:40:00",RT_VIC10,0
D,DISPATCH,UNIT_SCADA,1,"2019/08/22 02:40:00",RT_VIC11,0
D,DISPATCH,UNIT_SCADA,1,"2019/08/22 02:40:00",RT_VIC12,0
D,DISPATCH,UNIT_SCADA,1,"2019/08/22 02:40:00",RT_VIC2,0
D,DISPATCH,UNIT_SCADA,1,"2019/08/22 02:40:00",RT_VIC3,0
D,DISPATCH,UNIT_SCADA,1,"2019/08/22 02:40:00",RT_VIC4,0
D,DISPATCH,UNIT_SCADA,1,"2019/08/22 02:40:00",RT_VIC5,0
D,DISPATCH,UNIT_SCADA,1,"2019/08/22 02:40:00",RT_VIC6,0
D,DISPATCH,UNIT_SCADA,1,"2019/08/22 02:40:00",RT_VIC7,0
D,DISPATCH,UNIT_SCADA,1,"2019/08/22 02:40:00",RT_VIC8,0
D,DISPATCH,UNIT_SCADA,1,"2019/08/22 02:40:00",RT_VIC9,0
D,DISPATCH,UNIT_SCADA,1,"2019/08/22 02:40:00",RUGBYR1,0
D,DISPATCH,UNIT_SCADA,1,"2019/08/22 02:40:00",SALTCRK1,37.39
D,DISPATCH,UNIT_SCADA,1,"2019/08/22 02:40:00",SAPHWF1,208.537510
D,DISPATCH,UNIT_SCADA,1,"2019/08/22 02:40:00",SHGEN,0
D,DISPATCH,UNIT_SCADA,1,"2019/08/22 02:40:00",SHPUMP,121.350010
D,DISPATCH,UNIT_SCADA,1,"2019/08/22 02:40:00",SITHE01,0.153860
D,DISPATCH,UNIT_SCADA,1,"2019/08/22 02:40:00",SMCSF1,0
D,DISPATCH,UNIT_SCADA,1,"2019/08/22 02:40:00",SNOWNTH1,78.50
D,DISPATCH,UNIT_SCADA,1,"2019/08/22 02:40:00",SNOWSTH1,40.60
D,DISPATCH,UNIT_SCADA,1,"2019/08/22 02:40:00",SNOWTWN1,41.105480
D,DISPATCH,UNIT_SCADA,1,"2019/08/22 02:40:00",SNOWYP,190.100010
D,DISPATCH,UNIT_SCADA,1,"2019/08/22 02:40:00",SNUG1,0.019440
D,DISPATCH,UNIT_SCADA,1,"2019/08/22 02:40:00",SRSF1,0.44
D,DISPATCH,UNIT_SCADA,1,"2019/08/22 02:40:00",STAN-1,0
D,DISPATCH,UNIT_SCADA,1,"2019/08/22 02:40:00",STAN-2,174.2580
D,DISPATCH,UNIT_SCADA,1,"2019/08/22 02:40:00",STAN-3,216.056840
D,DISPATCH,UNIT_SCADA,1,"2019/08/22 02:40:00",STAN-4,194.151210
D,DISPATCH,UNIT_SCADA,1,"2019/08/22 02:40:00",STWF1,187.661250
D,DISPATCH,UNIT_SCADA,1,"2019/08/22 02:40:00",SWAN_E,0
D,DISPATCH,UNIT_SCADA,1,"2019/08/22 02:40:00",TALWA1,190
D,DISPATCH,UNIT_SCADA,1,"2019/08/22 02:40:00",TARALGA1,19.098740
D,DISPATCH,UNIT_SCADA,1,"2019/08/22 02:40:00",TARONG#1,278.50
D,DISPATCH,UNIT_SCADA,1,"2019/08/22 02:40:00",TARONG#2,229.30
D,DISPATCH,UNIT_SCADA,1,"2019/08/22 02:40:00",TARONG#3,260.50
D,DISPATCH,UNIT_SCADA,1,"2019/08/22 02:40:00",TARONG#4,280.700010
D,DISPATCH,UNIT_SCADA,1,"2019/08/22 02:40:00",TARRALEA,83.90
D,DISPATCH,UNIT_SCADA,1,"2019/08/22 02:40:00",TBSF1,-0.20
D,DISPATCH,UNIT_SCADA,1,"2019/08/22 02:40:00",TNPS1,399.400020
D,DISPATCH,UNIT_SCADA,1,"2019/08/22 02:40:00",TORRA1,42.680120
D,DISPATCH,UNIT_SCADA,1,"2019/08/22 02:40:00",TORRA2,0
D,DISPATCH,UNIT_SCADA,1,"2019/08/22 02:40:00",TORRA3,0
D,DISPATCH,UNIT_SCADA,1,"2019/08/22 02:40:00",TORRA4,0
D,DISPATCH,UNIT_SCADA,1,"2019/08/22 02:40:00",TORRB1,41.40
D,DISPATCH,UNIT_SCADA,1,"2019/08/22 02:40:00",TORRB2,42.25
D,DISPATCH,UNIT_SCADA,1,"2019/08/22 02:40:00",TORRB3,0
D,DISPATCH,UNIT_SCADA,1,"2019/08/22 02:40:00",TORRB4,0
D,DISPATCH,UNIT_SCADA,1,"2019/08/22 02:40:00",TREVALLN,1.50
D,DISPATCH,UNIT_SCADA,1,"2019/08/22 02:40:00",TRIBUTE,1.22
D,DISPATCH,UNIT_SCADA,1,"2019/08/22 02:40:00",TUMUT3,0
D,DISPATCH,UNIT_SCADA,1,"2019/08/22 02:40:00",TUNGATIN,1.30
D,DISPATCH,UNIT_SCADA,1,"2019/08/22 02:40:00",TVCC201,0
D,DISPATCH,UNIT_SCADA,1,"2019/08/22 02:40:00",TVPP104,0
D,DISPATCH,UNIT_SCADA,1,"2019/08/22 02:40:00",UPPTUMUT,0
D,DISPATCH,UNIT_SCADA,1,"2019/08/22 02:40:00",URANQ11,0
D,DISPATCH,UNIT_SCADA,1,"2019/08/22 02:40:00",URANQ12,0
D,DISPATCH,UNIT_SCADA,1,"2019/08/22 02:40:00",URANQ13,0
D,DISPATCH,UNIT_SCADA,1,"2019/08/22 02:40:00",URANQ14,0
D,DISPATCH,UNIT_SCADA,1,"2019/08/22 02:40:00",VP5,295.175020
D,DISPATCH,UNIT_SCADA,1,"2019/08/22 02:40:00",VP6,294.199980
D,DISPATCH,UNIT_SCADA,1,"2019/08/22 02:40:00",VPGS1,0
D,DISPATCH,UNIT_SCADA,1,"2019/08/22 02:40:00",VPGS2,0
D,DISPATCH,UNIT_SCADA,1,"2019/08/22 02:40:00",VPGS3,0
D,DISPATCH,UNIT_SCADA,1,"2019/08/22 02:40:00",VPGS4,0
D,DISPATCH,UNIT_SCADA,1,"2019/08/22 02:40:00",VPGS5,0
D,DISPATCH,UNIT_SCADA,1,"2019/08/22 02:40:00",VPGS6,0
D,DISPATCH,UNIT_SCADA,1,"2019/08/22 02:40:00",W/HOE#1,0
D,DISPATCH,UNIT_SCADA,1,"2019/08/22 02:40:00",W/HOE#2,0
D,DISPATCH,UNIT_SCADA,1,"2019/08/22 02:40:00",WATERLWF,114.60
D,DISPATCH,UNIT_SCADA,1,"2019/08/22 02:40:00",WEMENSF1,0
D,DISPATCH,UNIT_SCADA,1,"2019/08/22 02:40:00",WGWF1,83.60
D,DISPATCH,UNIT_SCADA,1,"2019/08/22 02:40:00",WHITSF1,0
D,DISPATCH,UNIT_SCADA,1,"2019/08/22 02:40:00",WKIEWA1,17.20
D,DISPATCH,UNIT_SCADA,1,"2019/08/22 02:40:00",WKIEWA2,17.30
D,DISPATCH,UNIT_SCADA,1,"2019/08/22 02:40:00",WOODLWN1,44.8830
D,DISPATCH,UNIT_SCADA,1,"2019/08/22 02:40:00",WRSF1,0
D,DISPATCH,UNIT_SCADA,1,"2019/08/22 02:40:00",WRWF1,142.401250
D,DISPATCH,UNIT_SCADA,1,"2019/08/22 02:40:00",YABULU,0
D,DISPATCH,UNIT_SCADA,1,"2019/08/22 02:40:00",YABULU2,0
D,DISPATCH,UNIT_SCADA,1,"2019/08/22 02:40:00",YARWUN_1,0
D,DISPATCH,UNIT_SCADA,1,"2019/08/22 02:40:00",YENDWF1,42.15
D,DISPATCH,UNIT_SCADA,1,"2019/08/22 02:40:00",YWPS1,384.210110
D,DISPATCH,UNIT_SCADA,1,"2019/08/22 02:40:00",YWPS2,285.210110
D,DISPATCH,UNIT_SCADA,1,"2019/08/22 02:40:00",YWPS3,0
D,DISPATCH,UNIT_SCADA,1,"2019/08/22 02:40:00",YWPS4,402.8595
C,"END OF REPORT",334
