C,NEMP.WORLD,DISPATCHSCADA,AEMO,PUBLIC,2019/08/20,21:40:07,0000000311801822,DISPATCHSCADA,0000000311801816
I,DISPATCH,UNIT_SCADA,1,SETTLEMENTDATE,DUID,SCADAVALUE
D,DISPATCH,UNIT_SCADA,1,"2019/08/20 21:45:00",BARCSF1,0.50
D,DISPATCH,UNIT_SCADA,1,"2019/08/20 21:45:00",BUTLERSG,9.699999
D,DISPATCH,UNIT_SCADA,1,"2019/08/20 21:45:00",CALL_A_4,0
D,DISPATCH,UNIT_SCADA,1,"2019/08/20 21:45:00",CAPTL_WF,135.720001
D,DISPATCH,UNIT_SCADA,1,"2019/08/20 21:45:00",CATHROCK,49.649998
D,DISPATCH,UNIT_SCADA,1,"2019/08/20 21:45:00",CHALLHWF,38
D,DISPATCH,UNIT_SCADA,1,"2019/08/20 21:45:00",CLOVER,-0.01
D,DISPATCH,UNIT_SCADA,1,"2019/08/20 21:45:00",CLUNY,20.006866
D,DISPATCH,UNIT_SCADA,1,"2019/08/20 21:45:00",CNUNDAWF,41.148003
D,DISPATCH,UNIT_SCADA,1,"2019/08/20 21:45:00",CULLRGWF,30.50
D,DISPATCH,UNIT_SCADA,1,"2019/08/20 21:45:00",ERGT01,0
D,DISPATCH,UNIT_SCADA,1,"2019/08/20 21:45:00",GB01,0.066940
D,DISPATCH,UNIT_SCADA,1,"2019/08/20 21:45:00",GERMCRK,36.799999
D,DISPATCH,UNIT_SCADA,1,"2019/08/20 21:45:00",GRIFSF1,0
D,DISPATCH,UNIT_SCADA,1,"2019/08/20 21:45:00",HUGSF1,-0.2040
D,DISPATCH,UNIT_SCADA,1,"2019/08/20 21:45:00",LKBONNY1,72.161964
D,DISPATCH,UNIT_SCADA,1,"2019/08/20 21:45:00",LRSF1,0.0290
D,DISPATCH,UNIT_SCADA,1,"2019/08/20 21:45:00",MBAHNTH,56.043747
D,DISPATCH,UNIT_SCADA,1,"2019/08/20 21:45:00",MLSP1,0.283001
D,DISPATCH,UNIT_SCADA,1,"2019/08/20 21:45:00",MLWF1,19.6950
D,DISPATCH,UNIT_SCADA,1,"2019/08/20 21:45:00",MTMILLAR,27.406349
D,DISPATCH,UNIT_SCADA,1,"2019/08/20 21:45:00",PALOONA,23.93
D,DISPATCH,UNIT_SCADA,1,"2019/08/20 21:45:00",PIONEER,31.10
D,DISPATCH,UNIT_SCADA,1,"2019/08/20 21:45:00",PORTWF,137.899994
D,DISPATCH,UNIT_SCADA,1,"2019/08/20 21:45:00",REPULSE,28.993973
D,DISPATCH,UNIT_SCADA,1,"2019/08/20 21:45:00",ROWALLAN,10.0252
D,DISPATCH,UNIT_SCADA,1,"2019/08/20 21:45:00",ROYALLA1,0
D,DISPATCH,UNIT_SCADA,1,"2019/08/20 21:45:00",RPCG,12
D,DISPATCH,UNIT_SCADA,1,"2019/08/20 21:45:00",RUBICON,0
D,DISPATCH,UNIT_SCADA,1,"2019/08/20 21:45:00",SATGN1,0
D,DISPATCH,UNIT_SCADA,1,"2019/08/20 21:45:00",SATGS1,0
D,DISPATCH,UNIT_SCADA,1,"2019/08/20 21:45:00",STARHLWF,12.196444
D,DISPATCH,UNIT_SCADA,1,"2019/08/20 21:45:00",WAUBRAWF,135.940002
D,DISPATCH,UNIT_SCADA,1,"2019/08/20 21:45:00",WOOLNTH1,46.790016
D,DISPATCH,UNIT_SCADA,1,"2019/08/20 21:45:00",WPWF,39
D,DISPATCH,UNIT_SCADA,1,"2019/08/20 21:45:00",YAMBUKWF,30
D,DISPATCH,UNIT_SCADA,1,"2019/08/20 21:45:00",YSWF1,28.40
D,DISPATCH,UNIT_SCADA,1,"2019/08/20 21:45:00",AGLHAL,0
D,DISPATCH,UNIT_SCADA,1,"2019/08/20 21:45:00",AGLSOM,24.20
D,DISPATCH,UNIT_SCADA,1,"2019/08/20 21:45:00",ANGAST1,0
D,DISPATCH,UNIT_SCADA,1,"2019/08/20 21:45:00",ARWF1,76.100010
D,DISPATCH,UNIT_SCADA,1,"2019/08/20 21:45:00",BALBG1,8.45
D,DISPATCH,UNIT_SCADA,1,"2019/08/20 21:45:00",BALBL1,0
D,DISPATCH,UNIT_SCADA,1,"2019/08/20 21:45:00",BALDHWF1,102.899990
D,DISPATCH,UNIT_SCADA,1,"2019/08/20 21:45:00",BANN1,0
D,DISPATCH,UNIT_SCADA,1,"2019/08/20 21:45:00",BARCALDN,0
D,DISPATCH,UNIT_SCADA,1,"2019/08/20 21:45:00",BARRON-1,0
D,DISPATCH,UNIT_SCADA,1,"2019/08/20 21:45:00",BARRON-2,28.80
D,DISPATCH,UNIT_SCADA,1,"2019/08/20 21:45:00",BASTYAN,80.490010
D,DISPATCH,UNIT_SCADA,1,"2019/08/20 21:45:00",BBTHREE1,-1.78
D,DISPATCH,UNIT_SCADA,1,"2019/08/20 21:45:00",BBTHREE2,-1.82
D,DISPATCH,UNIT_SCADA,1,"2019/08/20 21:45:00",BBTHREE3,0
D,DISPATCH,UNIT_SCADA,1,"2019/08/20 21:45:00",BDL01,0
D,DISPATCH,UNIT_SCADA,1,"2019/08/20 21:45:00",BDL02,-0.06
D,DISPATCH,UNIT_SCADA,1,"2019/08/20 21:45:00",BERYLSF1,0
D,DISPATCH,UNIT_SCADA,1,"2019/08/20 21:45:00",BLOWERNG,0
D,DISPATCH,UNIT_SCADA,1,"2019/08/20 21:45:00",BLUFF1,49.20
D,DISPATCH,UNIT_SCADA,1,"2019/08/20 21:45:00",BNGSF1,0
D,DISPATCH,UNIT_SCADA,1,"2019/08/20 21:45:00",BNGSF2,0
D,DISPATCH,UNIT_SCADA,1,"2019/08/20 21:45:00",BOCORWF1,95.95
D,DISPATCH,UNIT_SCADA,1,"2019/08/20 21:45:00",BODWF1,48.370960
D,DISPATCH,UNIT_SCADA,1,"2019/08/20 21:45:00",BRAEMAR1,0
D,DISPATCH,UNIT_SCADA,1,"2019/08/20 21:45:00",BRAEMAR2,0
D,DISPATCH,UNIT_SCADA,1,"2019/08/20 21:45:00",BRAEMAR3,0
D,DISPATCH,UNIT_SCADA,1,"2019/08/20 21:45:00",BRAEMAR5,0
D,DISPATCH,UNIT_SCADA,1,"2019/08/20 21:45:00",BRAEMAR6,0
D,DISPATCH,UNIT_SCADA,1,"2019/08/20 21:45:00",BRAEMAR7,0
D,DISPATCH,UNIT_SCADA,1,"2019/08/20 21:45:00",BROKENH1,0
D,DISPATCH,UNIT_SCADA,1,"2019/08/20 21:45:00",BW01,651.75
D,DISPATCH,UNIT_SCADA,1,"2019/08/20 21:45:00",BW02,649.199950
D,DISPATCH,UNIT_SCADA,1,"2019/08/20 21:45:00",BW03,650.8750
D,DISPATCH,UNIT_SCADA,1,"2019/08/20 21:45:00",BW04,0
D,DISPATCH,UNIT_SCADA,1,"2019/08/20 21:45:00",CALL_B_1,350
D,DISPATCH,UNIT_SCADA,1,"2019/08/20 21:45:00",CALL_B_2,300
D,DISPATCH,UNIT_SCADA,1,"2019/08/20 21:45:00",CETHANA,96.867250
D,DISPATCH,UNIT_SCADA,1,"2019/08/20 21:45:00",CG1,0
D,DISPATCH,UNIT_SCADA,1,"2019/08/20 21:45:00",CG2,0
D,DISPATCH,UNIT_SCADA,1,"2019/08/20 21:45:00",CG3,0
D,DISPATCH,UNIT_SCADA,1,"2019/08/20 21:45:00",CG4,0
D,DISPATCH,UNIT_SCADA,1,"2019/08/20 21:45:00",CHILDSF1,0
D,DISPATCH,UNIT_SCADA,1,"2019/08/20 21:45:00",CLARESF1,0
D,DISPATCH,UNIT_SCADA,1,"2019/08/20 21:45:00",CLEMGPWF,47.759210
D,DISPATCH,UNIT_SCADA,1,"2019/08/20 21:45:00",CLERMSF1,0
D,DISPATCH,UNIT_SCADA,1,"2019/08/20 21:45:00",COLEASF1,0
D,DISPATCH,UNIT_SCADA,1,"2019/08/20 21:45:00",COOPGWF1,31.345430
D,DISPATCH,UNIT_SCADA,1,"2019/08/20 21:45:00",CPP_3,405.899990
D,DISPATCH,UNIT_SCADA,1,"2019/08/20 21:45:00",CPP_4,313.225010
D,DISPATCH,UNIT_SCADA,1,"2019/08/20 21:45:00",CPSA,142.59
D,DISPATCH,UNIT_SCADA,1,"2019/08/20 21:45:00",CROOKWF2,91.503740
D,DISPATCH,UNIT_SCADA,1,"2019/08/20 21:45:00",CROWLWF1,59.940860
D,DISPATCH,UNIT_SCADA,1,"2019/08/20 21:45:00",CSPVPS1,0
D,DISPATCH,UNIT_SCADA,1,"2019/08/20 21:45:00",DALNTH01,0
D,DISPATCH,UNIT_SCADA,1,"2019/08/20 21:45:00",DALNTHL1,0.056460
D,DISPATCH,UNIT_SCADA,1,"2019/08/20 21:45:00",DARTM1,134.399990
D,DISPATCH,UNIT_SCADA,1,"2019/08/20 21:45:00",DAYDSF1,0
D,DISPATCH,UNIT_SCADA,1,"2019/08/20 21:45:00",DDPS1,88.458790
D,DISPATCH,UNIT_SCADA,1,"2019/08/20 21:45:00",DDSF1,0
D,DISPATCH,UNIT_SCADA,1,"2019/08/20 21:45:00",DEVILS_G,60.629290
D,DISPATCH,UNIT_SCADA,1,"2019/08/20 21:45:00",DG_NSW1,0
D,DISPATCH,UNIT_SCADA,1,"2019/08/20 21:45:00",DG_QLD1,0
D,DISPATCH,UNIT_SCADA,1,"2019/08/20 21:45:00",DG_SA1,0
D,DISPATCH,UNIT_SCADA,1,"2019/08/20 21:45:00",DG_TAS1,0
D,DISPATCH,UNIT_SCADA,1,"2019/08/20 21:45:00",DG_VIC1,0
D,DISPATCH,UNIT_SCADA,1,"2019/08/20 21:45:00",DRYCGT1,0
D,DISPATCH,UNIT_SCADA,1,"2019/08/20 21:45:00",DRYCGT2,0
D,DISPATCH,UNIT_SCADA,1,"2019/08/20 21:45:00",DRYCGT3,0
D,DISPATCH,UNIT_SCADA,1,"2019/08/20 21:45:00",EILDON1,0
D,DISPATCH,UNIT_SCADA,1,"2019/08/20 21:45:00",EILDON2,0
D,DISPATCH,UNIT_SCADA,1,"2019/08/20 21:45:00",EMERASF1,0
D,DISPATCH,UNIT_SCADA,1,"2019/08/20 21:45:00",ER01,594.299930
D,DISPATCH,UNIT_SCADA,1,"2019/08/20 21:45:00",ER02,700.074950
D,DISPATCH,UNIT_SCADA,1,"2019/08/20 21:45:00",ER03,699.675050
D,DISPATCH,UNIT_SCADA,1,"2019/08/20 21:45:00",ER04,699.775020
D,DISPATCH,UNIT_SCADA,1,"2019/08/20 21:45:00",FINLYSF1,0
D,DISPATCH,UNIT_SCADA,1,"2019/08/20 21:45:00",FISHER,45.86
D,DISPATCH,UNIT_SCADA,1,"2019/08/20 21:45:00",GANNBG1,7.598320
D,DISPATCH,UNIT_SCADA,1,"2019/08/20 21:45:00",GANNBL1,0
D,DISPATCH,UNIT_SCADA,1,"2019/08/20 21:45:00",GANNSF1,0
D,DISPATCH,UNIT_SCADA,1,"2019/08/20 21:45:00",GORDON,0
D,DISPATCH,UNIT_SCADA,1,"2019/08/20 21:45:00",GSTONE1,229.599990
D,DISPATCH,UNIT_SCADA,1,"2019/08/20 21:45:00",GSTONE2,220.6750
D,DISPATCH,UNIT_SCADA,1,"2019/08/20 21:45:00",GSTONE3,223.30
D,DISPATCH,UNIT_SCADA,1,"2019/08/20 21:45:00",GSTONE4,231
D,DISPATCH,UNIT_SCADA,1,"2019/08/20 21:45:00",GSTONE5,226.45
D,DISPATCH,UNIT_SCADA,1,"2019/08/20 21:45:00",GSTONE6,0
D,DISPATCH,UNIT_SCADA,1,"2019/08/20 21:45:00",GULLRSF1,0
D,DISPATCH,UNIT_SCADA,1,"2019/08/20 21:45:00",GULLRWF1,156.104060
D,DISPATCH,UNIT_SCADA,1,"2019/08/20 21:45:00",GUNNING1,45.8819
D,DISPATCH,UNIT_SCADA,1,"2019/08/20 21:45:00",GUTHEGA,0
D,DISPATCH,UNIT_SCADA,1,"2019/08/20 21:45:00",HALLWF1,92.01
D,DISPATCH,UNIT_SCADA,1,"2019/08/20 21:45:00",HALLWF2,66.23
D,DISPATCH,UNIT_SCADA,1,"2019/08/20 21:45:00",HAMISF1,0
D,DISPATCH,UNIT_SCADA,1,"2019/08/20 21:45:00",HAUGHT11,0
D,DISPATCH,UNIT_SCADA,1,"2019/08/20 21:45:00",HAYMSF1,0
D,DISPATCH,UNIT_SCADA,1,"2019/08/20 21:45:00",HDWF1,86.40
D,DISPATCH,UNIT_SCADA,1,"2019/08/20 21:45:00",HDWF2,61.20
D,DISPATCH,UNIT_SCADA,1,"2019/08/20 21:45:00",HDWF3,75.90
D,DISPATCH,UNIT_SCADA,1,"2019/08/20 21:45:00",HPRG1,16
D,DISPATCH,UNIT_SCADA,1,"2019/08/20 21:45:00",HPRL1,0
D,DISPATCH,UNIT_SCADA,1,"2019/08/20 21:45:00",HUMENSW,0
D,DISPATCH,UNIT_SCADA,1,"2019/08/20 21:45:00",HUMEV,8.90
D,DISPATCH,UNIT_SCADA,1,"2019/08/20 21:45:00",HVGTS,0
D,DISPATCH,UNIT_SCADA,1,"2019/08/20 21:45:00",JBUTTERS,136.789990
D,DISPATCH,UNIT_SCADA,1,"2019/08/20 21:45:00",JLA01,0.50
D,DISPATCH,UNIT_SCADA,1,"2019/08/20 21:45:00",JLA02,0
D,DISPATCH,UNIT_SCADA,1,"2019/08/20 21:45:00",JLA03,0.10
D,DISPATCH,UNIT_SCADA,1,"2019/08/20 21:45:00",JLA04,0.10
D,DISPATCH,UNIT_SCADA,1,"2019/08/20 21:45:00",JLB01,0
D,DISPATCH,UNIT_SCADA,1,"2019/08/20 21:45:00",JLB02,0.10
D,DISPATCH,UNIT_SCADA,1,"2019/08/20 21:45:00",JLB03,0
D,DISPATCH,UNIT_SCADA,1,"2019/08/20 21:45:00",KAREEYA1,21.5175
D,DISPATCH,UNIT_SCADA,1,"2019/08/20 21:45:00",KAREEYA2,21.44
D,DISPATCH,UNIT_SCADA,1,"2019/08/20 21:45:00",KAREEYA3,0
D,DISPATCH,UNIT_SCADA,1,"2019/08/20 21:45:00",KAREEYA4,21.60
D,DISPATCH,UNIT_SCADA,1,"2019/08/20 21:45:00",KARSF1,0
D,DISPATCH,UNIT_SCADA,1,"2019/08/20 21:45:00",KIATAWF1,30.70
D,DISPATCH,UNIT_SCADA,1,"2019/08/20 21:45:00",KPP_1,0
D,DISPATCH,UNIT_SCADA,1,"2019/08/20 21:45:00",KSP1,0
D,DISPATCH,UNIT_SCADA,1,"2019/08/20 21:45:00",LADBROK1,0
D,DISPATCH,UNIT_SCADA,1,"2019/08/20 21:45:00",LADBROK2,0
D,DISPATCH,UNIT_SCADA,1,"2019/08/20 21:45:00",LD01,415.199980
D,DISPATCH,UNIT_SCADA,1,"2019/08/20 21:45:00",LD02,417.074980
D,DISPATCH,UNIT_SCADA,1,"2019/08/20 21:45:00",LD03,417.112430
D,DISPATCH,UNIT_SCADA,1,"2019/08/20 21:45:00",LD04,375.356230
D,DISPATCH,UNIT_SCADA,1,"2019/08/20 21:45:00",LEM_WIL,85.518250
D,DISPATCH,UNIT_SCADA,1,"2019/08/20 21:45:00",LGAPWF1,14.82
D,DISPATCH,UNIT_SCADA,1,"2019/08/20 21:45:00",LILYSF1,0
D,DISPATCH,UNIT_SCADA,1,"2019/08/20 21:45:00",LI_WY_CA,149.373870
D,DISPATCH,UNIT_SCADA,1,"2019/08/20 21:45:00",LKBONNY2,153.426970
D,DISPATCH,UNIT_SCADA,1,"2019/08/20 21:45:00",LKBONNY3,38.014790
D,DISPATCH,UNIT_SCADA,1,"2019/08/20 21:45:00",LK_ECHO,0
D,DISPATCH,UNIT_SCADA,1,"2019/08/20 21:45:00",LNGS1,0
D,DISPATCH,UNIT_SCADA,1,"2019/08/20 21:45:00",LNGS2,0
D,DISPATCH,UNIT_SCADA,1,"2019/08/20 21:45:00",LONSDALE,0
D,DISPATCH,UNIT_SCADA,1,"2019/08/20 21:45:00",LOYYB1,536.840520
D,DISPATCH,UNIT_SCADA,1,"2019/08/20 21:45:00",LOYYB2,584.586060
D,DISPATCH,UNIT_SCADA,1,"2019/08/20 21:45:00",LYA1,502
D,DISPATCH,UNIT_SCADA,1,"2019/08/20 21:45:00",LYA2,0
D,DISPATCH,UNIT_SCADA,1,"2019/08/20 21:45:00",LYA3,560
D,DISPATCH,UNIT_SCADA,1,"2019/08/20 21:45:00",LYA4,541
D,DISPATCH,UNIT_SCADA,1,"2019/08/20 21:45:00",MACARTH1,385.891080
D,DISPATCH,UNIT_SCADA,1,"2019/08/20 21:45:00",MACKAYGT,0
D,DISPATCH,UNIT_SCADA,1,"2019/08/20 21:45:00",MACKNTSH,85.670010
D,DISPATCH,UNIT_SCADA,1,"2019/08/20 21:45:00",MANSLR1,0
D,DISPATCH,UNIT_SCADA,1,"2019/08/20 21:45:00",MCKAY1,0.02
D,DISPATCH,UNIT_SCADA,1,"2019/08/20 21:45:00",MEADOWBK,34.0102
D,DISPATCH,UNIT_SCADA,1,"2019/08/20 21:45:00",MERCER01,129.0880
D,DISPATCH,UNIT_SCADA,1,"2019/08/20 21:45:00",MEWF1,50.731010
D,DISPATCH,UNIT_SCADA,1,"2019/08/20 21:45:00",MINTARO,0
D,DISPATCH,UNIT_SCADA,1,"2019/08/20 21:45:00",MOREESF1,0
D,DISPATCH,UNIT_SCADA,1,"2019/08/20 21:45:00",MORTLK11,115
D,DISPATCH,UNIT_SCADA,1,"2019/08/20 21:45:00",MORTLK12,0
D,DISPATCH,UNIT_SCADA,1,"2019/08/20 21:45:00",MP1,276.574950
D,DISPATCH,UNIT_SCADA,1,"2019/08/20 21:45:00",MP2,0
D,DISPATCH,UNIT_SCADA,1,"2019/08/20 21:45:00",MPP_1,401
D,DISPATCH,UNIT_SCADA,1,"2019/08/20 21:45:00",MPP_2,425.50
D,DISPATCH,UNIT_SCADA,1,"2019/08/20 21:45:00",MSTUART1,0
D,DISPATCH,UNIT_SCADA,1,"2019/08/20 21:45:00",MSTUART2,0
D,DISPATCH,UNIT_SCADA,1,"2019/08/20 21:45:00",MSTUART3,0
D,DISPATCH,UNIT_SCADA,1,"2019/08/20 21:45:00",MTGELWF1,64.284190
D,DISPATCH,UNIT_SCADA,1,"2019/08/20 21:45:00",MURRAY,0
D,DISPATCH,UNIT_SCADA,1,"2019/08/20 21:45:00",MUSSELR1,60
D,DISPATCH,UNIT_SCADA,1,"2019/08/20 21:45:00",MUWAWF1,49.42
D,DISPATCH,UNIT_SCADA,1,"2019/08/20 21:45:00",NBHWF1,119.100010
D,DISPATCH,UNIT_SCADA,1,"2019/08/20 21:45:00",NPS,0
D,DISPATCH,UNIT_SCADA,1,"2019/08/20 21:45:00",NUMURSF1,0
D,DISPATCH,UNIT_SCADA,1,"2019/08/20 21:45:00",NYNGAN1,0
D,DISPATCH,UNIT_SCADA,1,"2019/08/20 21:45:00",OAKEY1,0
D,DISPATCH,UNIT_SCADA,1,"2019/08/20 21:45:00",OAKEY1SF,0.0380
D,DISPATCH,UNIT_SCADA,1,"2019/08/20 21:45:00",OAKEY2,0
D,DISPATCH,UNIT_SCADA,1,"2019/08/20 21:45:00",OAKLAND1,61.80
D,DISPATCH,UNIT_SCADA,1,"2019/08/20 21:45:00",OSB-AG,84.55
D,DISPATCH,UNIT_SCADA,1,"2019/08/20 21:45:00",PARSF1,0
D,DISPATCH,UNIT_SCADA,1,"2019/08/20 21:45:00",POAT110,0
D,DISPATCH,UNIT_SCADA,1,"2019/08/20 21:45:00",POAT220,10.90
D,DISPATCH,UNIT_SCADA,1,"2019/08/20 21:45:00",POR01,0
D,DISPATCH,UNIT_SCADA,1,"2019/08/20 21:45:00",POR03,0
D,DISPATCH,UNIT_SCADA,1,"2019/08/20 21:45:00",PPCCGT,354.079380
D,DISPATCH,UNIT_SCADA,1,"2019/08/20 21:45:00",PTSTAN1,0
D,DISPATCH,UNIT_SCADA,1,"2019/08/20 21:45:00",PUMP1,0
D,DISPATCH,UNIT_SCADA,1,"2019/08/20 21:45:00",PUMP2,0
D,DISPATCH,UNIT_SCADA,1,"2019/08/20 21:45:00",QPS1,0
D,DISPATCH,UNIT_SCADA,1,"2019/08/20 21:45:00",QPS2,0
D,DISPATCH,UNIT_SCADA,1,"2019/08/20 21:45:00",QPS3,0
D,DISPATCH,UNIT_SCADA,1,"2019/08/20 21:45:00",QPS4,0
D,DISPATCH,UNIT_SCADA,1,"2019/08/20 21:45:00",QPS5,0
D,DISPATCH,UNIT_SCADA,1,"2019/08/20 21:45:00",REECE1,117.570010
D,DISPATCH,UNIT_SCADA,1,"2019/08/20 21:45:00",REECE2,117.560010
D,DISPATCH,UNIT_SCADA,1,"2019/08/20 21:45:00",ROMA_7,0
D,DISPATCH,UNIT_SCADA,1,"2019/08/20 21:45:00",ROMA_8,0
D,DISPATCH,UNIT_SCADA,1,"2019/08/20 21:45:00",RRSF1,0
D,DISPATCH,UNIT_SCADA,1,"2019/08/20 21:45:00",RT_NSW1,0
D,DISPATCH,UNIT_SCADA,1,"2019/08/20 21:45:00",RT_NSW2,0
D,DISPATCH,UNIT_SCADA,1,"2019/08/20 21:45:00",RT_NSW3,0
D,DISPATCH,UNIT_SCADA,1,"2019/08/20 21:45:00",RT_NSW4,0
D,DISPATCH,UNIT_SCADA,1,"2019/08/20 21:45:00",RT_NSW5,0
D,DISPATCH,UNIT_SCADA,1,"2019/08/20 21:45:00",RT_NSW6,0
D,DISPATCH,UNIT_SCADA,1,"2019/08/20 21:45:00",RT_QLD1,0
D,DISPATCH,UNIT_SCADA,1,"2019/08/20 21:45:00",RT_SA1,0
D,DISPATCH,UNIT_SCADA,1,"2019/08/20 21:45:00",RT_SA2,0
D,DISPATCH,UNIT_SCADA,1,"2019/08/20 21:45:00",RT_SA3,0
D,DISPATCH,UNIT_SCADA,1,"2019/08/20 21:45:00",RT_SA4,0
D,DISPATCH,UNIT_SCADA,1,"2019/08/20 21:45:00",RT_SA5,0
D,DISPATCH,UNIT_SCADA,1,"2019/08/20 21:45:00",RT_SA6,0
D,DISPATCH,UNIT_SCADA,1,"2019/08/20 21:45:00",RT_TAS1,0
D,DISPATCH,UNIT_SCADA,1,"2019/08/20 21:45:00",RT_VIC1,0
D,DISPATCH,UNIT_SCADA,1,"2019/08/20 21:45:00",RT_VIC10,0
D,DISPATCH,UNIT_SCADA,1,"2019/08/20 21:45:00",RT_VIC11,0
D,DISPATCH,UNIT_SCADA,1,"2019/08/20 21:45:00",RT_VIC12,0
D,DISPATCH,UNIT_SCADA,1,"2019/08/20 21:45:00",RT_VIC2,0
D,DISPATCH,UNIT_SCADA,1,"2019/08/20 21:45:00",RT_VIC3,0
D,DISPATCH,UNIT_SCADA,1,"2019/08/20 21:45:00",RT_VIC4,0
D,DISPATCH,UNIT_SCADA,1,"2019/08/20 21:45:00",RT_VIC5,0
D,DISPATCH,UNIT_SCADA,1,"2019/08/20 21:45:00",RT_VIC6,0
D,DISPATCH,UNIT_SCADA,1,"2019/08/20 21:45:00",RT_VIC7,0
D,DISPATCH,UNIT_SCADA,1,"2019/08/20 21:45:00",RT_VIC8,0
D,DISPATCH,UNIT_SCADA,1,"2019/08/20 21:45:00",RT_VIC9,0
D,DISPATCH,UNIT_SCADA,1,"2019/08/20 21:45:00",RUGBYR1,0
D,DISPATCH,UNIT_SCADA,1,"2019/08/20 21:45:00",SALTCRK1,52.21
D,DISPATCH,UNIT_SCADA,1,"2019/08/20 21:45:00",SAPHWF1,226.584350
D,DISPATCH,UNIT_SCADA,1,"2019/08/20 21:45:00",SHGEN,0
D,DISPATCH,UNIT_SCADA,1,"2019/08/20 21:45:00",SHPUMP,0
D,DISPATCH,UNIT_SCADA,1,"2019/08/20 21:45:00",SITHE01,0.123710
D,DISPATCH,UNIT_SCADA,1,"2019/08/20 21:45:00",SMCSF1,0
D,DISPATCH,UNIT_SCADA,1,"2019/08/20 21:45:00",SNOWNTH1,98.70
D,DISPATCH,UNIT_SCADA,1,"2019/08/20 21:45:00",SNOWSTH1,112.10
D,DISPATCH,UNIT_SCADA,1,"2019/08/20 21:45:00",SNOWTWN1,82.230540
D,DISPATCH,UNIT_SCADA,1,"2019/08/20 21:45:00",SNOWYP,0
D,DISPATCH,UNIT_SCADA,1,"2019/08/20 21:45:00",SNUG1,0.019440
D,DISPATCH,UNIT_SCADA,1,"2019/08/20 21:45:00",SRSF1,0.07
D,DISPATCH,UNIT_SCADA,1,"2019/08/20 21:45:00",STAN-1,0
D,DISPATCH,UNIT_SCADA,1,"2019/08/20 21:45:00",STAN-2,323.867340
D,DISPATCH,UNIT_SCADA,1,"2019/08/20 21:45:00",STAN-3,322.688110
D,DISPATCH,UNIT_SCADA,1,"2019/08/20 21:45:00",STAN-4,323.149570
D,DISPATCH,UNIT_SCADA,1,"2019/08/20 21:45:00",STWF1,181.7775
D,DISPATCH,UNIT_SCADA,1,"2019/08/20 21:45:00",SWAN_E,0
D,DISPATCH,UNIT_SCADA,1,"2019/08/20 21:45:00",TALWA1,300
D,DISPATCH,UNIT_SCADA,1,"2019/08/20 21:45:00",TARALGA1,85.098750
D,DISPATCH,UNIT_SCADA,1,"2019/08/20 21:45:00",TARONG#1,342.300020
D,DISPATCH,UNIT_SCADA,1,"2019/08/20 21:45:00",TARONG#2,343.399990
D,DISPATCH,UNIT_SCADA,1,"2019/08/20 21:45:00",TARONG#3,259.800020
D,DISPATCH,UNIT_SCADA,1,"2019/08/20 21:45:00",TARONG#4,349.800020
D,DISPATCH,UNIT_SCADA,1,"2019/08/20 21:45:00",TARRALEA,85.10
D,DISPATCH,UNIT_SCADA,1,"2019/08/20 21:45:00",TBSF1,-0.20
D,DISPATCH,UNIT_SCADA,1,"2019/08/20 21:45:00",TNPS1,441.700010
D,DISPATCH,UNIT_SCADA,1,"2019/08/20 21:45:00",TORRA1,87.461560
D,DISPATCH,UNIT_SCADA,1,"2019/08/20 21:45:00",TORRA2,0
D,DISPATCH,UNIT_SCADA,1,"2019/08/20 21:45:00",TORRA3,0
D,DISPATCH,UNIT_SCADA,1,"2019/08/20 21:45:00",TORRA4,0
D,DISPATCH,UNIT_SCADA,1,"2019/08/20 21:45:00",TORRB1,61.38
D,DISPATCH,UNIT_SCADA,1,"2019/08/20 21:45:00",TORRB2,61.23
D,DISPATCH,UNIT_SCADA,1,"2019/08/20 21:45:00",TORRB3,0
D,DISPATCH,UNIT_SCADA,1,"2019/08/20 21:45:00",TORRB4,0
D,DISPATCH,UNIT_SCADA,1,"2019/08/20 21:45:00",TREVALLN,19.680020
D,DISPATCH,UNIT_SCADA,1,"2019/08/20 21:45:00",TRIBUTE,85.009990
D,DISPATCH,UNIT_SCADA,1,"2019/08/20 21:45:00",TUMUT3,0
D,DISPATCH,UNIT_SCADA,1,"2019/08/20 21:45:00",TUNGATIN,127.300020
D,DISPATCH,UNIT_SCADA,1,"2019/08/20 21:45:00",TVCC201,0
D,DISPATCH,UNIT_SCADA,1,"2019/08/20 21:45:00",TVPP104,0
D,DISPATCH,UNIT_SCADA,1,"2019/08/20 21:45:00",UPPTUMUT,0
D,DISPATCH,UNIT_SCADA,1,"2019/08/20 21:45:00",URANQ11,0
D,DISPATCH,UNIT_SCADA,1,"2019/08/20 21:45:00",URANQ12,0
D,DISPATCH,UNIT_SCADA,1,"2019/08/20 21:45:00",URANQ13,0
D,DISPATCH,UNIT_SCADA,1,"2019/08/20 21:45:00",URANQ14,0
D,DISPATCH,UNIT_SCADA,1,"2019/08/20 21:45:00",VP5,572.849980
D,DISPATCH,UNIT_SCADA,1,"2019/08/20 21:45:00",VP6,509.525020
D,DISPATCH,UNIT_SCADA,1,"2019/08/20 21:45:00",VPGS1,0
D,DISPATCH,UNIT_SCADA,1,"2019/08/20 21:45:00",VPGS2,0
D,DISPATCH,UNIT_SCADA,1,"2019/08/20 21:45:00",VPGS3,0
D,DISPATCH,UNIT_SCADA,1,"2019/08/20 21:45:00",VPGS4,0
D,DISPATCH,UNIT_SCADA,1,"2019/08/20 21:45:00",VPGS5,0
D,DISPATCH,UNIT_SCADA,1,"2019/08/20 21:45:00",VPGS6,0
D,DISPATCH,UNIT_SCADA,1,"2019/08/20 21:45:00",W/HOE#1,201.87
D,DISPATCH,UNIT_SCADA,1,"2019/08/20 21:45:00",W/HOE#2,0
D,DISPATCH,UNIT_SCADA,1,"2019/08/20 21:45:00",WATERLWF,123.50
D,DISPATCH,UNIT_SCADA,1,"2019/08/20 21:45:00",WEMENSF1,0
D,DISPATCH,UNIT_SCADA,1,"2019/08/20 21:45:00",WGWF1,105.40
D,DISPATCH,UNIT_SCADA,1,"2019/08/20 21:45:00",WHITSF1,0
D,DISPATCH,UNIT_SCADA,1,"2019/08/20 21:45:00",WKIEWA1,0
D,DISPATCH,UNIT_SCADA,1,"2019/08/20 21:45:00",WKIEWA2,17.10
D,DISPATCH,UNIT_SCADA,1,"2019/08/20 21:45:00",WOODLWN1,45.323990
D,DISPATCH,UNIT_SCADA,1,"2019/08/20 21:45:00",WRSF1,0
D,DISPATCH,UNIT_SCADA,1,"2019/08/20 21:45:00",WRWF1,150.738740
D,DISPATCH,UNIT_SCADA,1,"2019/08/20 21:45:00",YABULU,0
D,DISPATCH,UNIT_SCADA,1,"2019/08/20 21:45:00",YABULU2,0
D,DISPATCH,UNIT_SCADA,1,"2019/08/20 21:45:00",YARWUN_1,0
D,DISPATCH,UNIT_SCADA,1,"2019/08/20 21:45:00",YENDWF1,42.07
D,DISPATCH,UNIT_SCADA,1,"2019/08/20 21:45:00",YWPS1,382.205080
D,DISPATCH,UNIT_SCADA,1,"2019/08/20 21:45:00",YWPS2,276.187350
D,DISPATCH,UNIT_SCADA,1,"2019/08/20 21:45:00",YWPS3,0
D,DISPATCH,UNIT_SCADA,1,"2019/08/20 21:45:00",YWPS4,396.649350
C,"END OF REPORT",334
