C,NEMP.WORLD,DISPATCHSCADA,AEMO,PUBLIC,2019/08/20,19:40:09,0000000311798608,DISPATCHSCADA,0000000311798602
I,DISPATCH,UNIT_SCADA,1,SETTLEMENTDATE,DUID,SCADAVALUE
D,DISPATCH,UNIT_SCADA,1,"2019/08/20 19:45:00",BARCSF1,0.50
D,DISPATCH,UNIT_SCADA,1,"2019/08/20 19:45:00",BUTLERSG,9.699999
D,DISPATCH,UNIT_SCADA,1,"2019/08/20 19:45:00",CALL_A_4,0
D,DISPATCH,UNIT_SCADA,1,"2019/08/20 19:45:00",CAPTL_WF,111.540001
D,DISPATCH,UNIT_SCADA,1,"2019/08/20 19:45:00",CATHROCK,50.259998
D,DISPATCH,UNIT_SCADA,1,"2019/08/20 19:45:00",CHALLHWF,24.50
D,DISPATCH,UNIT_SCADA,1,"2019/08/20 19:45:00",CLOVER,-0.01
D,DISPATCH,UNIT_SCADA,1,"2019/08/20 19:45:00",CLUNY,19.030899
D,DISPATCH,UNIT_SCADA,1,"2019/08/20 19:45:00",CNUNDAWF,40.246948
D,DISPATCH,UNIT_SCADA,1,"2019/08/20 19:45:00",CULLRGWF,29.73
D,DISPATCH,UNIT_SCADA,1,"2019/08/20 19:45:00",ERGT01,0
D,DISPATCH,UNIT_SCADA,1,"2019/08/20 19:45:00",GB01,0.070530
D,DISPATCH,UNIT_SCADA,1,"2019/08/20 19:45:00",GERMCRK,33.099998
D,DISPATCH,UNIT_SCADA,1,"2019/08/20 19:45:00",GRIFSF1,0
D,DISPATCH,UNIT_SCADA,1,"2019/08/20 19:45:00",HUGSF1,-0.2040
D,DISPATCH,UNIT_SCADA,1,"2019/08/20 19:45:00",LKBONNY1,74.573318
D,DISPATCH,UNIT_SCADA,1,"2019/08/20 19:45:00",LRSF1,0.0290
D,DISPATCH,UNIT_SCADA,1,"2019/08/20 19:45:00",MBAHNTH,59.043747
D,DISPATCH,UNIT_SCADA,1,"2019/08/20 19:45:00",MLSP1,0.283001
D,DISPATCH,UNIT_SCADA,1,"2019/08/20 19:45:00",MLWF1,16.02
D,DISPATCH,UNIT_SCADA,1,"2019/08/20 19:45:00",MTMILLAR,39.290123
D,DISPATCH,UNIT_SCADA,1,"2019/08/20 19:45:00",PALOONA,11.889999
D,DISPATCH,UNIT_SCADA,1,"2019/08/20 19:45:00",PIONEER,28.300001
D,DISPATCH,UNIT_SCADA,1,"2019/08/20 19:45:00",PORTWF,136.300003
D,DISPATCH,UNIT_SCADA,1,"2019/08/20 19:45:00",REPULSE,29.380941
D,DISPATCH,UNIT_SCADA,1,"2019/08/20 19:45:00",ROWALLAN,10.1175
D,DISPATCH,UNIT_SCADA,1,"2019/08/20 19:45:00",ROYALLA1,0
D,DISPATCH,UNIT_SCADA,1,"2019/08/20 19:45:00",RPCG,11
D,DISPATCH,UNIT_SCADA,1,"2019/08/20 19:45:00",RUBICON,0
D,DISPATCH,UNIT_SCADA,1,"2019/08/20 19:45:00",SATGN1,0
D,DISPATCH,UNIT_SCADA,1,"2019/08/20 19:45:00",SATGS1,0
D,DISPATCH,UNIT_SCADA,1,"2019/08/20 19:45:00",STARHLWF,26.692217
D,DISPATCH,UNIT_SCADA,1,"2019/08/20 19:45:00",WAUBRAWF,144.257004
D,DISPATCH,UNIT_SCADA,1,"2019/08/20 19:45:00",WOOLNTH1,66.370018
D,DISPATCH,UNIT_SCADA,1,"2019/08/20 19:45:00",WPWF,28
D,DISPATCH,UNIT_SCADA,1,"2019/08/20 19:45:00",YAMBUKWF,29.799999
D,DISPATCH,UNIT_SCADA,1,"2019/08/20 19:45:00",YSWF1,27.40
D,DISPATCH,UNIT_SCADA,1,"2019/08/20 19:45:00",AGLHAL,0
D,DISPATCH,UNIT_SCADA,1,"2019/08/20 19:45:00",AGLSOM,79.80
D,DISPATCH,UNIT_SCADA,1,"2019/08/20 19:45:00",ANGAST1,0
D,DISPATCH,UNIT_SCADA,1,"2019/08/20 19:45:00",ARWF1,72.20
D,DISPATCH,UNIT_SCADA,1,"2019/08/20 19:45:00",BALBG1,0
D,DISPATCH,UNIT_SCADA,1,"2019/08/20 19:45:00",BALBL1,0
D,DISPATCH,UNIT_SCADA,1,"2019/08/20 19:45:00",BALDHWF1,103.26
D,DISPATCH,UNIT_SCADA,1,"2019/08/20 19:45:00",BANN1,0
D,DISPATCH,UNIT_SCADA,1,"2019/08/20 19:45:00",BARCALDN,0
D,DISPATCH,UNIT_SCADA,1,"2019/08/20 19:45:00",BARRON-1,0
D,DISPATCH,UNIT_SCADA,1,"2019/08/20 19:45:00",BARRON-2,27.84
D,DISPATCH,UNIT_SCADA,1,"2019/08/20 19:45:00",BASTYAN,80.570010
D,DISPATCH,UNIT_SCADA,1,"2019/08/20 19:45:00",BBTHREE1,-1.67
D,DISPATCH,UNIT_SCADA,1,"2019/08/20 19:45:00",BBTHREE2,-1.67
D,DISPATCH,UNIT_SCADA,1,"2019/08/20 19:45:00",BBTHREE3,0
D,DISPATCH,UNIT_SCADA,1,"2019/08/20 19:45:00",BDL01,0
D,DISPATCH,UNIT_SCADA,1,"2019/08/20 19:45:00",BDL02,3
D,DISPATCH,UNIT_SCADA,1,"2019/08/20 19:45:00",BERYLSF1,0
D,DISPATCH,UNIT_SCADA,1,"2019/08/20 19:45:00",BLOWERNG,0
D,DISPATCH,UNIT_SCADA,1,"2019/08/20 19:45:00",BLUFF1,37.60
D,DISPATCH,UNIT_SCADA,1,"2019/08/20 19:45:00",BNGSF1,0
D,DISPATCH,UNIT_SCADA,1,"2019/08/20 19:45:00",BNGSF2,0
D,DISPATCH,UNIT_SCADA,1,"2019/08/20 19:45:00",BOCORWF1,100.06
D,DISPATCH,UNIT_SCADA,1,"2019/08/20 19:45:00",BODWF1,61.225130
D,DISPATCH,UNIT_SCADA,1,"2019/08/20 19:45:00",BRAEMAR1,0
D,DISPATCH,UNIT_SCADA,1,"2019/08/20 19:45:00",BRAEMAR2,173
D,DISPATCH,UNIT_SCADA,1,"2019/08/20 19:45:00",BRAEMAR3,0
D,DISPATCH,UNIT_SCADA,1,"2019/08/20 19:45:00",BRAEMAR5,0
D,DISPATCH,UNIT_SCADA,1,"2019/08/20 19:45:00",BRAEMAR6,160.632450
D,DISPATCH,UNIT_SCADA,1,"2019/08/20 19:45:00",BRAEMAR7,0
D,DISPATCH,UNIT_SCADA,1,"2019/08/20 19:45:00",BROKENH1,0
D,DISPATCH,UNIT_SCADA,1,"2019/08/20 19:45:00",BW01,650.825070
D,DISPATCH,UNIT_SCADA,1,"2019/08/20 19:45:00",BW02,661.25
D,DISPATCH,UNIT_SCADA,1,"2019/08/20 19:45:00",BW03,651.650020
D,DISPATCH,UNIT_SCADA,1,"2019/08/20 19:45:00",BW04,0
D,DISPATCH,UNIT_SCADA,1,"2019/08/20 19:45:00",CALL_B_1,344.300020
D,DISPATCH,UNIT_SCADA,1,"2019/08/20 19:45:00",CALL_B_2,296.200010
D,DISPATCH,UNIT_SCADA,1,"2019/08/20 19:45:00",CETHANA,95.3105
D,DISPATCH,UNIT_SCADA,1,"2019/08/20 19:45:00",CG1,0
D,DISPATCH,UNIT_SCADA,1,"2019/08/20 19:45:00",CG2,0
D,DISPATCH,UNIT_SCADA,1,"2019/08/20 19:45:00",CG3,0
D,DISPATCH,UNIT_SCADA,1,"2019/08/20 19:45:00",CG4,0
D,DISPATCH,UNIT_SCADA,1,"2019/08/20 19:45:00",CHILDSF1,0
D,DISPATCH,UNIT_SCADA,1,"2019/08/20 19:45:00",CLARESF1,0
D,DISPATCH,UNIT_SCADA,1,"2019/08/20 19:45:00",CLEMGPWF,29.102150
D,DISPATCH,UNIT_SCADA,1,"2019/08/20 19:45:00",CLERMSF1,0
D,DISPATCH,UNIT_SCADA,1,"2019/08/20 19:45:00",COLEASF1,0
D,DISPATCH,UNIT_SCADA,1,"2019/08/20 19:45:00",COOPGWF1,55.408790
D,DISPATCH,UNIT_SCADA,1,"2019/08/20 19:45:00",CPP_3,403.700010
D,DISPATCH,UNIT_SCADA,1,"2019/08/20 19:45:00",CPP_4,394.6250
D,DISPATCH,UNIT_SCADA,1,"2019/08/20 19:45:00",CPSA,142.253750
D,DISPATCH,UNIT_SCADA,1,"2019/08/20 19:45:00",CROOKWF2,83.913750
D,DISPATCH,UNIT_SCADA,1,"2019/08/20 19:45:00",CROWLWF1,45.234180
D,DISPATCH,UNIT_SCADA,1,"2019/08/20 19:45:00",CSPVPS1,0
D,DISPATCH,UNIT_SCADA,1,"2019/08/20 19:45:00",DALNTH01,0
D,DISPATCH,UNIT_SCADA,1,"2019/08/20 19:45:00",DALNTHL1,0.080870
D,DISPATCH,UNIT_SCADA,1,"2019/08/20 19:45:00",DARTM1,132.20
D,DISPATCH,UNIT_SCADA,1,"2019/08/20 19:45:00",DAYDSF1,0
D,DISPATCH,UNIT_SCADA,1,"2019/08/20 19:45:00",DDPS1,482.500150
D,DISPATCH,UNIT_SCADA,1,"2019/08/20 19:45:00",DDSF1,0
D,DISPATCH,UNIT_SCADA,1,"2019/08/20 19:45:00",DEVILS_G,61.276280
D,DISPATCH,UNIT_SCADA,1,"2019/08/20 19:45:00",DG_NSW1,0
D,DISPATCH,UNIT_SCADA,1,"2019/08/20 19:45:00",DG_QLD1,0
D,DISPATCH,UNIT_SCADA,1,"2019/08/20 19:45:00",DG_SA1,0
D,DISPATCH,UNIT_SCADA,1,"2019/08/20 19:45:00",DG_TAS1,0
D,DISPATCH,UNIT_SCADA,1,"2019/08/20 19:45:00",DG_VIC1,0
D,DISPATCH,UNIT_SCADA,1,"2019/08/20 19:45:00",DRYCGT1,0
D,DISPATCH,UNIT_SCADA,1,"2019/08/20 19:45:00",DRYCGT2,0
D,DISPATCH,UNIT_SCADA,1,"2019/08/20 19:45:00",DRYCGT3,0
D,DISPATCH,UNIT_SCADA,1,"2019/08/20 19:45:00",EILDON1,0
D,DISPATCH,UNIT_SCADA,1,"2019/08/20 19:45:00",EILDON2,0
D,DISPATCH,UNIT_SCADA,1,"2019/08/20 19:45:00",EMERASF1,0
D,DISPATCH,UNIT_SCADA,1,"2019/08/20 19:45:00",ER01,592.525020
D,DISPATCH,UNIT_SCADA,1,"2019/08/20 19:45:00",ER02,699.8999
D,DISPATCH,UNIT_SCADA,1,"2019/08/20 19:45:00",ER03,699.150020
D,DISPATCH,UNIT_SCADA,1,"2019/08/20 19:45:00",ER04,691.824950
D,DISPATCH,UNIT_SCADA,1,"2019/08/20 19:45:00",FINLYSF1,0
D,DISPATCH,UNIT_SCADA,1,"2019/08/20 19:45:00",FISHER,45.14
D,DISPATCH,UNIT_SCADA,1,"2019/08/20 19:45:00",GANNBG1,18.367980
D,DISPATCH,UNIT_SCADA,1,"2019/08/20 19:45:00",GANNBL1,0
D,DISPATCH,UNIT_SCADA,1,"2019/08/20 19:45:00",GANNSF1,0
D,DISPATCH,UNIT_SCADA,1,"2019/08/20 19:45:00",GORDON,4.165840
D,DISPATCH,UNIT_SCADA,1,"2019/08/20 19:45:00",GSTONE1,216.649990
D,DISPATCH,UNIT_SCADA,1,"2019/08/20 19:45:00",GSTONE2,219.80
D,DISPATCH,UNIT_SCADA,1,"2019/08/20 19:45:00",GSTONE3,215.95
D,DISPATCH,UNIT_SCADA,1,"2019/08/20 19:45:00",GSTONE4,215.599990
D,DISPATCH,UNIT_SCADA,1,"2019/08/20 19:45:00",GSTONE5,210.524990
D,DISPATCH,UNIT_SCADA,1,"2019/08/20 19:45:00",GSTONE6,0
D,DISPATCH,UNIT_SCADA,1,"2019/08/20 19:45:00",GULLRSF1,0
D,DISPATCH,UNIT_SCADA,1,"2019/08/20 19:45:00",GULLRWF1,154.4964
D,DISPATCH,UNIT_SCADA,1,"2019/08/20 19:45:00",GUNNING1,36.889510
D,DISPATCH,UNIT_SCADA,1,"2019/08/20 19:45:00",GUTHEGA,30.90
D,DISPATCH,UNIT_SCADA,1,"2019/08/20 19:45:00",HALLWF1,90.42
D,DISPATCH,UNIT_SCADA,1,"2019/08/20 19:45:00",HALLWF2,66.52
D,DISPATCH,UNIT_SCADA,1,"2019/08/20 19:45:00",HAMISF1,0
D,DISPATCH,UNIT_SCADA,1,"2019/08/20 19:45:00",HAUGHT11,0
D,DISPATCH,UNIT_SCADA,1,"2019/08/20 19:45:00",HAYMSF1,0
D,DISPATCH,UNIT_SCADA,1,"2019/08/20 19:45:00",HDWF1,58.40
D,DISPATCH,UNIT_SCADA,1,"2019/08/20 19:45:00",HDWF2,38
D,DISPATCH,UNIT_SCADA,1,"2019/08/20 19:45:00",HDWF3,48
D,DISPATCH,UNIT_SCADA,1,"2019/08/20 19:45:00",HPRG1,3.20
D,DISPATCH,UNIT_SCADA,1,"2019/08/20 19:45:00",HPRL1,0
D,DISPATCH,UNIT_SCADA,1,"2019/08/20 19:45:00",HUMENSW,0
D,DISPATCH,UNIT_SCADA,1,"2019/08/20 19:45:00",HUMEV,8.10
D,DISPATCH,UNIT_SCADA,1,"2019/08/20 19:45:00",HVGTS,0
D,DISPATCH,UNIT_SCADA,1,"2019/08/20 19:45:00",JBUTTERS,134.489990
D,DISPATCH,UNIT_SCADA,1,"2019/08/20 19:45:00",JLA01,0.50
D,DISPATCH,UNIT_SCADA,1,"2019/08/20 19:45:00",JLA02,0
D,DISPATCH,UNIT_SCADA,1,"2019/08/20 19:45:00",JLA03,0.10
D,DISPATCH,UNIT_SCADA,1,"2019/08/20 19:45:00",JLA04,0.10
D,DISPATCH,UNIT_SCADA,1,"2019/08/20 19:45:00",JLB01,0
D,DISPATCH,UNIT_SCADA,1,"2019/08/20 19:45:00",JLB02,0.10
D,DISPATCH,UNIT_SCADA,1,"2019/08/20 19:45:00",JLB03,0
D,DISPATCH,UNIT_SCADA,1,"2019/08/20 19:45:00",KAREEYA1,21.4575
D,DISPATCH,UNIT_SCADA,1,"2019/08/20 19:45:00",KAREEYA2,21.6650
D,DISPATCH,UNIT_SCADA,1,"2019/08/20 19:45:00",KAREEYA3,0
D,DISPATCH,UNIT_SCADA,1,"2019/08/20 19:45:00",KAREEYA4,21.5025
D,DISPATCH,UNIT_SCADA,1,"2019/08/20 19:45:00",KARSF1,0
D,DISPATCH,UNIT_SCADA,1,"2019/08/20 19:45:00",KIATAWF1,30.90
D,DISPATCH,UNIT_SCADA,1,"2019/08/20 19:45:00",KPP_1,0
D,DISPATCH,UNIT_SCADA,1,"2019/08/20 19:45:00",KSP1,0
D,DISPATCH,UNIT_SCADA,1,"2019/08/20 19:45:00",LADBROK1,42.37
D,DISPATCH,UNIT_SCADA,1,"2019/08/20 19:45:00",LADBROK2,43.31
D,DISPATCH,UNIT_SCADA,1,"2019/08/20 19:45:00",LD01,412.743710
D,DISPATCH,UNIT_SCADA,1,"2019/08/20 19:45:00",LD02,417.037540
D,DISPATCH,UNIT_SCADA,1,"2019/08/20 19:45:00",LD03,416.306180
D,DISPATCH,UNIT_SCADA,1,"2019/08/20 19:45:00",LD04,375.431210
D,DISPATCH,UNIT_SCADA,1,"2019/08/20 19:45:00",LEM_WIL,85.6373
D,DISPATCH,UNIT_SCADA,1,"2019/08/20 19:45:00",LGAPWF1,17.05
D,DISPATCH,UNIT_SCADA,1,"2019/08/20 19:45:00",LILYSF1,0
D,DISPATCH,UNIT_SCADA,1,"2019/08/20 19:45:00",LI_WY_CA,149.471690
D,DISPATCH,UNIT_SCADA,1,"2019/08/20 19:45:00",LKBONNY2,152.483610
D,DISPATCH,UNIT_SCADA,1,"2019/08/20 19:45:00",LKBONNY3,38.2939
D,DISPATCH,UNIT_SCADA,1,"2019/08/20 19:45:00",LK_ECHO,0
D,DISPATCH,UNIT_SCADA,1,"2019/08/20 19:45:00",LNGS1,0
D,DISPATCH,UNIT_SCADA,1,"2019/08/20 19:45:00",LNGS2,0
D,DISPATCH,UNIT_SCADA,1,"2019/08/20 19:45:00",LONSDALE,0
D,DISPATCH,UNIT_SCADA,1,"2019/08/20 19:45:00",LOYYB1,533.456970
D,DISPATCH,UNIT_SCADA,1,"2019/08/20 19:45:00",LOYYB2,579.698730
D,DISPATCH,UNIT_SCADA,1,"2019/08/20 19:45:00",LYA1,560
D,DISPATCH,UNIT_SCADA,1,"2019/08/20 19:45:00",LYA2,0
D,DISPATCH,UNIT_SCADA,1,"2019/08/20 19:45:00",LYA3,561
D,DISPATCH,UNIT_SCADA,1,"2019/08/20 19:45:00",LYA4,540
D,DISPATCH,UNIT_SCADA,1,"2019/08/20 19:45:00",MACARTH1,360.191680
D,DISPATCH,UNIT_SCADA,1,"2019/08/20 19:45:00",MACKAYGT,0
D,DISPATCH,UNIT_SCADA,1,"2019/08/20 19:45:00",MACKNTSH,85.040010
D,DISPATCH,UNIT_SCADA,1,"2019/08/20 19:45:00",MANSLR1,0
D,DISPATCH,UNIT_SCADA,1,"2019/08/20 19:45:00",MCKAY1,0.02
D,DISPATCH,UNIT_SCADA,1,"2019/08/20 19:45:00",MEADOWBK,34.124520
D,DISPATCH,UNIT_SCADA,1,"2019/08/20 19:45:00",MERCER01,123.942990
D,DISPATCH,UNIT_SCADA,1,"2019/08/20 19:45:00",MEWF1,37.6279
D,DISPATCH,UNIT_SCADA,1,"2019/08/20 19:45:00",MINTARO,0
D,DISPATCH,UNIT_SCADA,1,"2019/08/20 19:45:00",MOREESF1,0
D,DISPATCH,UNIT_SCADA,1,"2019/08/20 19:45:00",MORTLK11,125
D,DISPATCH,UNIT_SCADA,1,"2019/08/20 19:45:00",MORTLK12,0
D,DISPATCH,UNIT_SCADA,1,"2019/08/20 19:45:00",MP1,290.6250
D,DISPATCH,UNIT_SCADA,1,"2019/08/20 19:45:00",MP2,0
D,DISPATCH,UNIT_SCADA,1,"2019/08/20 19:45:00",MPP_1,407
D,DISPATCH,UNIT_SCADA,1,"2019/08/20 19:45:00",MPP_2,427.50
D,DISPATCH,UNIT_SCADA,1,"2019/08/20 19:45:00",MSTUART1,0
D,DISPATCH,UNIT_SCADA,1,"2019/08/20 19:45:00",MSTUART2,0
D,DISPATCH,UNIT_SCADA,1,"2019/08/20 19:45:00",MSTUART3,0
D,DISPATCH,UNIT_SCADA,1,"2019/08/20 19:45:00",MTGELWF1,64.566480
D,DISPATCH,UNIT_SCADA,1,"2019/08/20 19:45:00",MURRAY,0
D,DISPATCH,UNIT_SCADA,1,"2019/08/20 19:45:00",MUSSELR1,25.60
D,DISPATCH,UNIT_SCADA,1,"2019/08/20 19:45:00",MUWAWF1,56.40
D,DISPATCH,UNIT_SCADA,1,"2019/08/20 19:45:00",NBHWF1,82.70
D,DISPATCH,UNIT_SCADA,1,"2019/08/20 19:45:00",NPS,511.1250
D,DISPATCH,UNIT_SCADA,1,"2019/08/20 19:45:00",NUMURSF1,0
D,DISPATCH,UNIT_SCADA,1,"2019/08/20 19:45:00",NYNGAN1,0
D,DISPATCH,UNIT_SCADA,1,"2019/08/20 19:45:00",OAKEY1,0
D,DISPATCH,UNIT_SCADA,1,"2019/08/20 19:45:00",OAKEY1SF,0.0380
D,DISPATCH,UNIT_SCADA,1,"2019/08/20 19:45:00",OAKEY2,0
D,DISPATCH,UNIT_SCADA,1,"2019/08/20 19:45:00",OAKLAND1,53.90
D,DISPATCH,UNIT_SCADA,1,"2019/08/20 19:45:00",OSB-AG,183.570010
D,DISPATCH,UNIT_SCADA,1,"2019/08/20 19:45:00",PARSF1,0
D,DISPATCH,UNIT_SCADA,1,"2019/08/20 19:45:00",POAT110,0.6928
D,DISPATCH,UNIT_SCADA,1,"2019/08/20 19:45:00",POAT220,32.8552
D,DISPATCH,UNIT_SCADA,1,"2019/08/20 19:45:00",POR01,0
D,DISPATCH,UNIT_SCADA,1,"2019/08/20 19:45:00",POR03,0
D,DISPATCH,UNIT_SCADA,1,"2019/08/20 19:45:00",PPCCGT,496.353580
D,DISPATCH,UNIT_SCADA,1,"2019/08/20 19:45:00",PTSTAN1,0
D,DISPATCH,UNIT_SCADA,1,"2019/08/20 19:45:00",PUMP1,0
D,DISPATCH,UNIT_SCADA,1,"2019/08/20 19:45:00",PUMP2,0
D,DISPATCH,UNIT_SCADA,1,"2019/08/20 19:45:00",QPS1,29
D,DISPATCH,UNIT_SCADA,1,"2019/08/20 19:45:00",QPS2,0
D,DISPATCH,UNIT_SCADA,1,"2019/08/20 19:45:00",QPS3,0
D,DISPATCH,UNIT_SCADA,1,"2019/08/20 19:45:00",QPS4,0
D,DISPATCH,UNIT_SCADA,1,"2019/08/20 19:45:00",QPS5,0
D,DISPATCH,UNIT_SCADA,1,"2019/08/20 19:45:00",REECE1,117.090010
D,DISPATCH,UNIT_SCADA,1,"2019/08/20 19:45:00",REECE2,117.220010
D,DISPATCH,UNIT_SCADA,1,"2019/08/20 19:45:00",ROMA_7,0
D,DISPATCH,UNIT_SCADA,1,"2019/08/20 19:45:00",ROMA_8,0
D,DISPATCH,UNIT_SCADA,1,"2019/08/20 19:45:00",RRSF1,0
D,DISPATCH,UNIT_SCADA,1,"2019/08/20 19:45:00",RT_NSW1,0
D,DISPATCH,UNIT_SCADA,1,"2019/08/20 19:45:00",RT_NSW2,0
D,DISPATCH,UNIT_SCADA,1,"2019/08/20 19:45:00",RT_NSW3,0
D,DISPATCH,UNIT_SCADA,1,"2019/08/20 19:45:00",RT_NSW4,0
D,DISPATCH,UNIT_SCADA,1,"2019/08/20 19:45:00",RT_NSW5,0
D,DISPATCH,UNIT_SCADA,1,"2019/08/20 19:45:00",RT_NSW6,0
D,DISPATCH,UNIT_SCADA,1,"2019/08/20 19:45:00",RT_QLD1,0
D,DISPATCH,UNIT_SCADA,1,"2019/08/20 19:45:00",RT_SA1,0
D,DISPATCH,UNIT_SCADA,1,"2019/08/20 19:45:00",RT_SA2,0
D,DISPATCH,UNIT_SCADA,1,"2019/08/20 19:45:00",RT_SA3,0
D,DISPATCH,UNIT_SCADA,1,"2019/08/20 19:45:00",RT_SA4,0
D,DISPATCH,UNIT_SCADA,1,"2019/08/20 19:45:00",RT_SA5,0
D,DISPATCH,UNIT_SCADA,1,"2019/08/20 19:45:00",RT_SA6,0
D,DISPATCH,UNIT_SCADA,1,"2019/08/20 19:45:00",RT_TAS1,0
D,DISPATCH,UNIT_SCADA,1,"2019/08/20 19:45:00",RT_VIC1,0
D,DISPATCH,UNIT_SCADA,1,"2019/08/20 19:45:00",RT_VIC10,0
D,DISPATCH,UNIT_SCADA,1,"2019/08/20 19:45:00",RT_VIC11,0
D,DISPATCH,UNIT_SCADA,1,"2019/08/20 19:45:00",RT_VIC12,0
D,DISPATCH,UNIT_SCADA,1,"2019/08/20 19:45:00",RT_VIC2,0
D,DISPATCH,UNIT_SCADA,1,"2019/08/20 19:45:00",RT_VIC3,0
D,DISPATCH,UNIT_SCADA,1,"2019/08/20 19:45:00",RT_VIC4,0
D,DISPATCH,UNIT_SCADA,1,"2019/08/20 19:45:00",RT_VIC5,0
D,DISPATCH,UNIT_SCADA,1,"2019/08/20 19:45:00",RT_VIC6,0
D,DISPATCH,UNIT_SCADA,1,"2019/08/20 19:45:00",RT_VIC7,0
D,DISPATCH,UNIT_SCADA,1,"2019/08/20 19:45:00",RT_VIC8,0
D,DISPATCH,UNIT_SCADA,1,"2019/08/20 19:45:00",RT_VIC9,0
D,DISPATCH,UNIT_SCADA,1,"2019/08/20 19:45:00",RUGBYR1,0
D,DISPATCH,UNIT_SCADA,1,"2019/08/20 19:45:00",SALTCRK1,49.82
D,DISPATCH,UNIT_SCADA,1,"2019/08/20 19:45:00",SAPHWF1,116.681240
D,DISPATCH,UNIT_SCADA,1,"2019/08/20 19:45:00",SHGEN,95.771280
D,DISPATCH,UNIT_SCADA,1,"2019/08/20 19:45:00",SHPUMP,0
D,DISPATCH,UNIT_SCADA,1,"2019/08/20 19:45:00",SITHE01,0.153860
D,DISPATCH,UNIT_SCADA,1,"2019/08/20 19:45:00",SMCSF1,0
D,DISPATCH,UNIT_SCADA,1,"2019/08/20 19:45:00",SNOWNTH1,119.30
D,DISPATCH,UNIT_SCADA,1,"2019/08/20 19:45:00",SNOWSTH1,108.50
D,DISPATCH,UNIT_SCADA,1,"2019/08/20 19:45:00",SNOWTWN1,83.6375
D,DISPATCH,UNIT_SCADA,1,"2019/08/20 19:45:00",SNOWYP,0
D,DISPATCH,UNIT_SCADA,1,"2019/08/20 19:45:00",SNUG1,0.019440
D,DISPATCH,UNIT_SCADA,1,"2019/08/20 19:45:00",SRSF1,0.07
D,DISPATCH,UNIT_SCADA,1,"2019/08/20 19:45:00",STAN-1,0
D,DISPATCH,UNIT_SCADA,1,"2019/08/20 19:45:00",STAN-2,344.683470
D,DISPATCH,UNIT_SCADA,1,"2019/08/20 19:45:00",STAN-3,352.899660
D,DISPATCH,UNIT_SCADA,1,"2019/08/20 19:45:00",STAN-4,369.127010
D,DISPATCH,UNIT_SCADA,1,"2019/08/20 19:45:00",STWF1,39.791260
D,DISPATCH,UNIT_SCADA,1,"2019/08/20 19:45:00",SWAN_E,0
D,DISPATCH,UNIT_SCADA,1,"2019/08/20 19:45:00",TALWA1,421
D,DISPATCH,UNIT_SCADA,1,"2019/08/20 19:45:00",TARALGA1,98.013750
D,DISPATCH,UNIT_SCADA,1,"2019/08/20 19:45:00",TARONG#1,345.600010
D,DISPATCH,UNIT_SCADA,1,"2019/08/20 19:45:00",TARONG#2,346.700010
D,DISPATCH,UNIT_SCADA,1,"2019/08/20 19:45:00",TARONG#3,259.200010
D,DISPATCH,UNIT_SCADA,1,"2019/08/20 19:45:00",TARONG#4,349
D,DISPATCH,UNIT_SCADA,1,"2019/08/20 19:45:00",TARRALEA,85.20
D,DISPATCH,UNIT_SCADA,1,"2019/08/20 19:45:00",TBSF1,-0.20
D,DISPATCH,UNIT_SCADA,1,"2019/08/20 19:45:00",TNPS1,441.700010
D,DISPATCH,UNIT_SCADA,1,"2019/08/20 19:45:00",TORRA1,67.382290
D,DISPATCH,UNIT_SCADA,1,"2019/08/20 19:45:00",TORRA2,0
D,DISPATCH,UNIT_SCADA,1,"2019/08/20 19:45:00",TORRA3,0
D,DISPATCH,UNIT_SCADA,1,"2019/08/20 19:45:00",TORRA4,0
D,DISPATCH,UNIT_SCADA,1,"2019/08/20 19:45:00",TORRB1,77.29
D,DISPATCH,UNIT_SCADA,1,"2019/08/20 19:45:00",TORRB2,141.56
D,DISPATCH,UNIT_SCADA,1,"2019/08/20 19:45:00",TORRB3,0
D,DISPATCH,UNIT_SCADA,1,"2019/08/20 19:45:00",TORRB4,0
D,DISPATCH,UNIT_SCADA,1,"2019/08/20 19:45:00",TREVALLN,70.080020
D,DISPATCH,UNIT_SCADA,1,"2019/08/20 19:45:00",TRIBUTE,71.82
D,DISPATCH,UNIT_SCADA,1,"2019/08/20 19:45:00",TUMUT3,811.219970
D,DISPATCH,UNIT_SCADA,1,"2019/08/20 19:45:00",TUNGATIN,89.380030
D,DISPATCH,UNIT_SCADA,1,"2019/08/20 19:45:00",TVCC201,0
D,DISPATCH,UNIT_SCADA,1,"2019/08/20 19:45:00",TVPP104,0
D,DISPATCH,UNIT_SCADA,1,"2019/08/20 19:45:00",UPPTUMUT,0
D,DISPATCH,UNIT_SCADA,1,"2019/08/20 19:45:00",URANQ11,0
D,DISPATCH,UNIT_SCADA,1,"2019/08/20 19:45:00",URANQ12,0
D,DISPATCH,UNIT_SCADA,1,"2019/08/20 19:45:00",URANQ13,0
D,DISPATCH,UNIT_SCADA,1,"2019/08/20 19:45:00",URANQ14,0
D,DISPATCH,UNIT_SCADA,1,"2019/08/20 19:45:00",VP5,627.549990
D,DISPATCH,UNIT_SCADA,1,"2019/08/20 19:45:00",VP6,539
D,DISPATCH,UNIT_SCADA,1,"2019/08/20 19:45:00",VPGS1,0
D,DISPATCH,UNIT_SCADA,1,"2019/08/20 19:45:00",VPGS2,0
D,DISPATCH,UNIT_SCADA,1,"2019/08/20 19:45:00",VPGS3,0
D,DISPATCH,UNIT_SCADA,1,"2019/08/20 19:45:00",VPGS4,0
D,DISPATCH,UNIT_SCADA,1,"2019/08/20 19:45:00",VPGS5,0
D,DISPATCH,UNIT_SCADA,1,"2019/08/20 19:45:00",VPGS6,0
D,DISPATCH,UNIT_SCADA,1,"2019/08/20 19:45:00",W/HOE#1,286.47
D,DISPATCH,UNIT_SCADA,1,"2019/08/20 19:45:00",W/HOE#2,0
D,DISPATCH,UNIT_SCADA,1,"2019/08/20 19:45:00",WATERLWF,119.60
D,DISPATCH,UNIT_SCADA,1,"2019/08/20 19:45:00",WEMENSF1,0
D,DISPATCH,UNIT_SCADA,1,"2019/08/20 19:45:00",WGWF1,81.70
D,DISPATCH,UNIT_SCADA,1,"2019/08/20 19:45:00",WHITSF1,0
D,DISPATCH,UNIT_SCADA,1,"2019/08/20 19:45:00",WKIEWA1,0
D,DISPATCH,UNIT_SCADA,1,"2019/08/20 19:45:00",WKIEWA2,0.10
D,DISPATCH,UNIT_SCADA,1,"2019/08/20 19:45:00",WOODLWN1,45.0090
D,DISPATCH,UNIT_SCADA,1,"2019/08/20 19:45:00",WRSF1,0
D,DISPATCH,UNIT_SCADA,1,"2019/08/20 19:45:00",WRWF1,144.896260
D,DISPATCH,UNIT_SCADA,1,"2019/08/20 19:45:00",YABULU,0
D,DISPATCH,UNIT_SCADA,1,"2019/08/20 19:45:00",YABULU2,0
D,DISPATCH,UNIT_SCADA,1,"2019/08/20 19:45:00",YARWUN_1,0
D,DISPATCH,UNIT_SCADA,1,"2019/08/20 19:45:00",YENDWF1,42.12
D,DISPATCH,UNIT_SCADA,1,"2019/08/20 19:45:00",YWPS1,375.187350
D,DISPATCH,UNIT_SCADA,1,"2019/08/20 19:45:00",YWPS2,272.427860
D,DISPATCH,UNIT_SCADA,1,"2019/08/20 19:45:00",YWPS3,0
D,DISPATCH,UNIT_SCADA,1,"2019/08/20 19:45:00",YWPS4,392.979740
C,"END OF REPORT",334
