C,NEMP.WORLD,DISPATCHSCADA,AEMO,PUBLIC,2019/09/05,12:30:10,0000000312422053,DISPATCHSCADA,0000000312422047
I,DISPATCH,UNIT_SCADA,1,SETTLEMENTDATE,DUID,SCADAVALUE
D,DISPATCH,UNIT_SCADA,1,"2019/09/05 12:35:00",BARCSF1,0.30
D,DISPATCH,UNIT_SCADA,1,"2019/09/05 12:35:00",BUTLERSG,10.199999
D,DISPATCH,UNIT_SCADA,1,"2019/09/05 12:35:00",CALL_A_4,0
D,DISPATCH,UNIT_SCADA,1,"2019/09/05 12:35:00",CAPTL_WF,0
D,DISPATCH,UNIT_SCADA,1,"2019/09/05 12:35:00",CATHROCK,28.739998
D,DISPATCH,UNIT_SCADA,1,"2019/09/05 12:35:00",CHALLHWF,15.90
D,DISPATCH,UNIT_SCADA,1,"2019/09/05 12:35:00",CLOVER,-0.01
D,DISPATCH,UNIT_SCADA,1,"2019/09/05 12:35:00",CLUNY,18.206913
D,DISPATCH,UNIT_SCADA,1,"2019/09/05 12:35:00",CNUNDAWF,19.022190
D,DISPATCH,UNIT_SCADA,1,"2019/09/05 12:35:00",CULLRGWF,2.14
D,DISPATCH,UNIT_SCADA,1,"2019/09/05 12:35:00",ERGT01,0
D,DISPATCH,UNIT_SCADA,1,"2019/09/05 12:35:00",GB01,-0.001175
D,DISPATCH,UNIT_SCADA,1,"2019/09/05 12:35:00",GERMCRK,33.50
D,DISPATCH,UNIT_SCADA,1,"2019/09/05 12:35:00",GRIFSF1,24.300003
D,DISPATCH,UNIT_SCADA,1,"2019/09/05 12:35:00",HUGSF1,0.03
D,DISPATCH,UNIT_SCADA,1,"2019/09/05 12:35:00",LKBONNY1,34.473415
D,DISPATCH,UNIT_SCADA,1,"2019/09/05 12:35:00",LRSF1,12.9320
D,DISPATCH,UNIT_SCADA,1,"2019/09/05 12:35:00",MBAHNTH,40.106247
D,DISPATCH,UNIT_SCADA,1,"2019/09/05 12:35:00",MLSP1,10.522001
D,DISPATCH,UNIT_SCADA,1,"2019/09/05 12:35:00",MLWF1,1.7250
D,DISPATCH,UNIT_SCADA,1,"2019/09/05 12:35:00",MTMILLAR,26.729191
D,DISPATCH,UNIT_SCADA,1,"2019/09/05 12:35:00",PALOONA,25.439999
D,DISPATCH,UNIT_SCADA,1,"2019/09/05 12:35:00",PIONEER,17
D,DISPATCH,UNIT_SCADA,1,"2019/09/05 12:35:00",PORTWF,42.400002
D,DISPATCH,UNIT_SCADA,1,"2019/09/05 12:35:00",REPULSE,28.904860
D,DISPATCH,UNIT_SCADA,1,"2019/09/05 12:35:00",ROWALLAN,10.2950
D,DISPATCH,UNIT_SCADA,1,"2019/09/05 12:35:00",ROYALLA1,17.908001
D,DISPATCH,UNIT_SCADA,1,"2019/09/05 12:35:00",RPCG,10.50
D,DISPATCH,UNIT_SCADA,1,"2019/09/05 12:35:00",RUBICON,0
D,DISPATCH,UNIT_SCADA,1,"2019/09/05 12:35:00",SATGN1,0
D,DISPATCH,UNIT_SCADA,1,"2019/09/05 12:35:00",SATGS1,0
D,DISPATCH,UNIT_SCADA,1,"2019/09/05 12:35:00",STARHLWF,15.295540
D,DISPATCH,UNIT_SCADA,1,"2019/09/05 12:35:00",WAUBRAWF,48.3130
D,DISPATCH,UNIT_SCADA,1,"2019/09/05 12:35:00",WOOLNTH1,3.970016
D,DISPATCH,UNIT_SCADA,1,"2019/09/05 12:35:00",WPWF,76
D,DISPATCH,UNIT_SCADA,1,"2019/09/05 12:35:00",YAMBUKWF,2
D,DISPATCH,UNIT_SCADA,1,"2019/09/05 12:35:00",YSWF1,0.40
D,DISPATCH,UNIT_SCADA,1,"2019/09/05 12:35:00",AGLHAL,0
D,DISPATCH,UNIT_SCADA,1,"2019/09/05 12:35:00",AGLSOM,0
D,DISPATCH,UNIT_SCADA,1,"2019/09/05 12:35:00",ANGAST1,0
D,DISPATCH,UNIT_SCADA,1,"2019/09/05 12:35:00",ARWF1,36
D,DISPATCH,UNIT_SCADA,1,"2019/09/05 12:35:00",BALBG1,11.25
D,DISPATCH,UNIT_SCADA,1,"2019/09/05 12:35:00",BALBL1,0
D,DISPATCH,UNIT_SCADA,1,"2019/09/05 12:35:00",BALDHWF1,9.4030
D,DISPATCH,UNIT_SCADA,1,"2019/09/05 12:35:00",BANN1,60
D,DISPATCH,UNIT_SCADA,1,"2019/09/05 12:35:00",BARCALDN,0
D,DISPATCH,UNIT_SCADA,1,"2019/09/05 12:35:00",BARRON-1,0
D,DISPATCH,UNIT_SCADA,1,"2019/09/05 12:35:00",BARRON-2,0
D,DISPATCH,UNIT_SCADA,1,"2019/09/05 12:35:00",BASTYAN,80.890010
D,DISPATCH,UNIT_SCADA,1,"2019/09/05 12:35:00",BBTHREE1,0
D,DISPATCH,UNIT_SCADA,1,"2019/09/05 12:35:00",BBTHREE2,0
D,DISPATCH,UNIT_SCADA,1,"2019/09/05 12:35:00",BBTHREE3,0
D,DISPATCH,UNIT_SCADA,1,"2019/09/05 12:35:00",BDL01,-0.06
D,DISPATCH,UNIT_SCADA,1,"2019/09/05 12:35:00",BDL02,0
D,DISPATCH,UNIT_SCADA,1,"2019/09/05 12:35:00",BERYLSF1,71.538470
D,DISPATCH,UNIT_SCADA,1,"2019/09/05 12:35:00",BLOWERNG,11
D,DISPATCH,UNIT_SCADA,1,"2019/09/05 12:35:00",BLUFF1,27.80
D,DISPATCH,UNIT_SCADA,1,"2019/09/05 12:35:00",BNGSF1,105.8480
D,DISPATCH,UNIT_SCADA,1,"2019/09/05 12:35:00",BNGSF2,20.02
D,DISPATCH,UNIT_SCADA,1,"2019/09/05 12:35:00",BOCORWF1,10.54
D,DISPATCH,UNIT_SCADA,1,"2019/09/05 12:35:00",BODWF1,6.408880
D,DISPATCH,UNIT_SCADA,1,"2019/09/05 12:35:00",BRAEMAR1,0
D,DISPATCH,UNIT_SCADA,1,"2019/09/05 12:35:00",BRAEMAR2,0
D,DISPATCH,UNIT_SCADA,1,"2019/09/05 12:35:00",BRAEMAR3,0
D,DISPATCH,UNIT_SCADA,1,"2019/09/05 12:35:00",BRAEMAR5,0
D,DISPATCH,UNIT_SCADA,1,"2019/09/05 12:35:00",BRAEMAR6,0
D,DISPATCH,UNIT_SCADA,1,"2019/09/05 12:35:00",BRAEMAR7,0
D,DISPATCH,UNIT_SCADA,1,"2019/09/05 12:35:00",BROKENH1,52.836670
D,DISPATCH,UNIT_SCADA,1,"2019/09/05 12:35:00",BW01,553.075070
D,DISPATCH,UNIT_SCADA,1,"2019/09/05 12:35:00",BW02,631.650020
D,DISPATCH,UNIT_SCADA,1,"2019/09/05 12:35:00",BW03,626.599980
D,DISPATCH,UNIT_SCADA,1,"2019/09/05 12:35:00",BW04,0
D,DISPATCH,UNIT_SCADA,1,"2019/09/05 12:35:00",CALL_B_1,300.700010
D,DISPATCH,UNIT_SCADA,1,"2019/09/05 12:35:00",CALL_B_2,220.100010
D,DISPATCH,UNIT_SCADA,1,"2019/09/05 12:35:00",CETHANA,97.645620
D,DISPATCH,UNIT_SCADA,1,"2019/09/05 12:35:00",CG1,0
D,DISPATCH,UNIT_SCADA,1,"2019/09/05 12:35:00",CG2,0
D,DISPATCH,UNIT_SCADA,1,"2019/09/05 12:35:00",CG3,0
D,DISPATCH,UNIT_SCADA,1,"2019/09/05 12:35:00",CG4,0
D,DISPATCH,UNIT_SCADA,1,"2019/09/05 12:35:00",CHILDSF1,51.90
D,DISPATCH,UNIT_SCADA,1,"2019/09/05 12:35:00",CLARESF1,2.0313
D,DISPATCH,UNIT_SCADA,1,"2019/09/05 12:35:00",CLEMGPWF,25.356330
D,DISPATCH,UNIT_SCADA,1,"2019/09/05 12:35:00",CLERMSF1,0.30
D,DISPATCH,UNIT_SCADA,1,"2019/09/05 12:35:00",COLEASF1,125.899990
D,DISPATCH,UNIT_SCADA,1,"2019/09/05 12:35:00",COOPGWF1,2.642650
D,DISPATCH,UNIT_SCADA,1,"2019/09/05 12:35:00",CPP_3,300.850010
D,DISPATCH,UNIT_SCADA,1,"2019/09/05 12:35:00",CPP_4,180.6750
D,DISPATCH,UNIT_SCADA,1,"2019/09/05 12:35:00",CPSA,77.676880
D,DISPATCH,UNIT_SCADA,1,"2019/09/05 12:35:00",CROOKWF2,11.003750
D,DISPATCH,UNIT_SCADA,1,"2019/09/05 12:35:00",CROWLWF1,2.725120
D,DISPATCH,UNIT_SCADA,1,"2019/09/05 12:35:00",CSPVPS1,0.5430
D,DISPATCH,UNIT_SCADA,1,"2019/09/05 12:35:00",DALNTH01,0
D,DISPATCH,UNIT_SCADA,1,"2019/09/05 12:35:00",DALNTHL1,0.953690
D,DISPATCH,UNIT_SCADA,1,"2019/09/05 12:35:00",DARTM1,0
D,DISPATCH,UNIT_SCADA,1,"2019/09/05 12:35:00",DAYDSF1,0
D,DISPATCH,UNIT_SCADA,1,"2019/09/05 12:35:00",DDPS1,0
D,DISPATCH,UNIT_SCADA,1,"2019/09/05 12:35:00",DDSF1,105.5785
D,DISPATCH,UNIT_SCADA,1,"2019/09/05 12:35:00",DEVILS_G,63.766590
D,DISPATCH,UNIT_SCADA,1,"2019/09/05 12:35:00",DG_NSW1,0
D,DISPATCH,UNIT_SCADA,1,"2019/09/05 12:35:00",DG_QLD1,0
D,DISPATCH,UNIT_SCADA,1,"2019/09/05 12:35:00",DG_SA1,0
D,DISPATCH,UNIT_SCADA,1,"2019/09/05 12:35:00",DG_TAS1,0
D,DISPATCH,UNIT_SCADA,1,"2019/09/05 12:35:00",DG_VIC1,0
D,DISPATCH,UNIT_SCADA,1,"2019/09/05 12:35:00",DRYCGT1,0
D,DISPATCH,UNIT_SCADA,1,"2019/09/05 12:35:00",DRYCGT2,0
D,DISPATCH,UNIT_SCADA,1,"2019/09/05 12:35:00",DRYCGT3,0
D,DISPATCH,UNIT_SCADA,1,"2019/09/05 12:35:00",EILDON1,0
D,DISPATCH,UNIT_SCADA,1,"2019/09/05 12:35:00",EILDON2,0
D,DISPATCH,UNIT_SCADA,1,"2019/09/05 12:35:00",EMERASF1,0.12
D,DISPATCH,UNIT_SCADA,1,"2019/09/05 12:35:00",ER01,555.074950
D,DISPATCH,UNIT_SCADA,1,"2019/09/05 12:35:00",ER02,353.474980
D,DISPATCH,UNIT_SCADA,1,"2019/09/05 12:35:00",ER03,0
D,DISPATCH,UNIT_SCADA,1,"2019/09/05 12:35:00",ER04,660.50
D,DISPATCH,UNIT_SCADA,1,"2019/09/05 12:35:00",FINLYSF1,9.712510
D,DISPATCH,UNIT_SCADA,1,"2019/09/05 12:35:00",FISHER,46.05
D,DISPATCH,UNIT_SCADA,1,"2019/09/05 12:35:00",GANNBG1,3.354580
D,DISPATCH,UNIT_SCADA,1,"2019/09/05 12:35:00",GANNBL1,0
D,DISPATCH,UNIT_SCADA,1,"2019/09/05 12:35:00",GANNSF1,22.10
D,DISPATCH,UNIT_SCADA,1,"2019/09/05 12:35:00",GORDON,22.379280
D,DISPATCH,UNIT_SCADA,1,"2019/09/05 12:35:00",GSTONE1,152.599990
D,DISPATCH,UNIT_SCADA,1,"2019/09/05 12:35:00",GSTONE2,150.149990
D,DISPATCH,UNIT_SCADA,1,"2019/09/05 12:35:00",GSTONE3,0
D,DISPATCH,UNIT_SCADA,1,"2019/09/05 12:35:00",GSTONE4,153.474990
D,DISPATCH,UNIT_SCADA,1,"2019/09/05 12:35:00",GSTONE5,152.599990
D,DISPATCH,UNIT_SCADA,1,"2019/09/05 12:35:00",GSTONE6,152.774990
D,DISPATCH,UNIT_SCADA,1,"2019/09/05 12:35:00",GULLRSF1,9.901760
D,DISPATCH,UNIT_SCADA,1,"2019/09/05 12:35:00",GULLRWF1,16.639470
D,DISPATCH,UNIT_SCADA,1,"2019/09/05 12:35:00",GUNNING1,6.646430
D,DISPATCH,UNIT_SCADA,1,"2019/09/05 12:35:00",GUTHEGA,0
D,DISPATCH,UNIT_SCADA,1,"2019/09/05 12:35:00",HALLWF1,57.95
D,DISPATCH,UNIT_SCADA,1,"2019/09/05 12:35:00",HALLWF2,54.48
D,DISPATCH,UNIT_SCADA,1,"2019/09/05 12:35:00",HAMISF1,0
D,DISPATCH,UNIT_SCADA,1,"2019/09/05 12:35:00",HAUGHT11,0
D,DISPATCH,UNIT_SCADA,1,"2019/09/05 12:35:00",HAYMSF1,0
D,DISPATCH,UNIT_SCADA,1,"2019/09/05 12:35:00",HDWF1,43.20
D,DISPATCH,UNIT_SCADA,1,"2019/09/05 12:35:00",HDWF2,32.20
D,DISPATCH,UNIT_SCADA,1,"2019/09/05 12:35:00",HDWF3,43.10
D,DISPATCH,UNIT_SCADA,1,"2019/09/05 12:35:00",HPRG1,0
D,DISPATCH,UNIT_SCADA,1,"2019/09/05 12:35:00",HPRL1,39
D,DISPATCH,UNIT_SCADA,1,"2019/09/05 12:35:00",HUMENSW,0
D,DISPATCH,UNIT_SCADA,1,"2019/09/05 12:35:00",HUMEV,26.40
D,DISPATCH,UNIT_SCADA,1,"2019/09/05 12:35:00",HVGTS,0
D,DISPATCH,UNIT_SCADA,1,"2019/09/05 12:35:00",JBUTTERS,17.28
D,DISPATCH,UNIT_SCADA,1,"2019/09/05 12:35:00",JLA01,0.10
D,DISPATCH,UNIT_SCADA,1,"2019/09/05 12:35:00",JLA02,0
D,DISPATCH,UNIT_SCADA,1,"2019/09/05 12:35:00",JLA03,0
D,DISPATCH,UNIT_SCADA,1,"2019/09/05 12:35:00",JLA04,0
D,DISPATCH,UNIT_SCADA,1,"2019/09/05 12:35:00",JLB01,0
D,DISPATCH,UNIT_SCADA,1,"2019/09/05 12:35:00",JLB02,84.50
D,DISPATCH,UNIT_SCADA,1,"2019/09/05 12:35:00",JLB03,0
D,DISPATCH,UNIT_SCADA,1,"2019/09/05 12:35:00",KAREEYA1,21.5750
D,DISPATCH,UNIT_SCADA,1,"2019/09/05 12:35:00",KAREEYA2,21.7750
D,DISPATCH,UNIT_SCADA,1,"2019/09/05 12:35:00",KAREEYA3,0
D,DISPATCH,UNIT_SCADA,1,"2019/09/05 12:35:00",KAREEYA4,21.6150
D,DISPATCH,UNIT_SCADA,1,"2019/09/05 12:35:00",KARSF1,74.30
D,DISPATCH,UNIT_SCADA,1,"2019/09/05 12:35:00",KIATAWF1,13.20
D,DISPATCH,UNIT_SCADA,1,"2019/09/05 12:35:00",KPP_1,0
D,DISPATCH,UNIT_SCADA,1,"2019/09/05 12:35:00",KSP1,0
D,DISPATCH,UNIT_SCADA,1,"2019/09/05 12:35:00",LADBROK1,0
D,DISPATCH,UNIT_SCADA,1,"2019/09/05 12:35:00",LADBROK2,0
D,DISPATCH,UNIT_SCADA,1,"2019/09/05 12:35:00",LD01,383.512480
D,DISPATCH,UNIT_SCADA,1,"2019/09/05 12:35:00",LD02,380.437530
D,DISPATCH,UNIT_SCADA,1,"2019/09/05 12:35:00",LD03,379.406250
D,DISPATCH,UNIT_SCADA,1,"2019/09/05 12:35:00",LD04,379.012480
D,DISPATCH,UNIT_SCADA,1,"2019/09/05 12:35:00",LEM_WIL,82.4226
D,DISPATCH,UNIT_SCADA,1,"2019/09/05 12:35:00",LGAPWF1,14.44
D,DISPATCH,UNIT_SCADA,1,"2019/09/05 12:35:00",LILYSF1,87.556090
D,DISPATCH,UNIT_SCADA,1,"2019/09/05 12:35:00",LI_WY_CA,141.689930
D,DISPATCH,UNIT_SCADA,1,"2019/09/05 12:35:00",LKBONNY2,57.325030
D,DISPATCH,UNIT_SCADA,1,"2019/09/05 12:35:00",LKBONNY3,15.295230
D,DISPATCH,UNIT_SCADA,1,"2019/09/05 12:35:00",LK_ECHO,0
D,DISPATCH,UNIT_SCADA,1,"2019/09/05 12:35:00",LNGS1,0
D,DISPATCH,UNIT_SCADA,1,"2019/09/05 12:35:00",LNGS2,0
D,DISPATCH,UNIT_SCADA,1,"2019/09/05 12:35:00",LONSDALE,0
D,DISPATCH,UNIT_SCADA,1,"2019/09/05 12:35:00",LOYYB1,537.592410
D,DISPATCH,UNIT_SCADA,1,"2019/09/05 12:35:00",LOYYB2,582.330380
D,DISPATCH,UNIT_SCADA,1,"2019/09/05 12:35:00",LYA1,0
D,DISPATCH,UNIT_SCADA,1,"2019/09/05 12:35:00",LYA2,0
D,DISPATCH,UNIT_SCADA,1,"2019/09/05 12:35:00",LYA3,559
D,DISPATCH,UNIT_SCADA,1,"2019/09/05 12:35:00",LYA4,539
D,DISPATCH,UNIT_SCADA,1,"2019/09/05 12:35:00",MACARTH1,80.598140
D,DISPATCH,UNIT_SCADA,1,"2019/09/05 12:35:00",MACKAYGT,0.2240
D,DISPATCH,UNIT_SCADA,1,"2019/09/05 12:35:00",MACKNTSH,89.000010
D,DISPATCH,UNIT_SCADA,1,"2019/09/05 12:35:00",MANSLR1,38.3250
D,DISPATCH,UNIT_SCADA,1,"2019/09/05 12:35:00",MCKAY1,0.02
D,DISPATCH,UNIT_SCADA,1,"2019/09/05 12:35:00",MEADOWBK,32.095340
D,DISPATCH,UNIT_SCADA,1,"2019/09/05 12:35:00",MERCER01,4.0320
D,DISPATCH,UNIT_SCADA,1,"2019/09/05 12:35:00",MEWF1,0
D,DISPATCH,UNIT_SCADA,1,"2019/09/05 12:35:00",MINTARO,0
D,DISPATCH,UNIT_SCADA,1,"2019/09/05 12:35:00",MOREESF1,48.1320
D,DISPATCH,UNIT_SCADA,1,"2019/09/05 12:35:00",MORTLK11,124
D,DISPATCH,UNIT_SCADA,1,"2019/09/05 12:35:00",MORTLK12,0
D,DISPATCH,UNIT_SCADA,1,"2019/09/05 12:35:00",MP1,229.950070
D,DISPATCH,UNIT_SCADA,1,"2019/09/05 12:35:00",MP2,0
D,DISPATCH,UNIT_SCADA,1,"2019/09/05 12:35:00",MPP_1,323.50
D,DISPATCH,UNIT_SCADA,1,"2019/09/05 12:35:00",MPP_2,286.50
D,DISPATCH,UNIT_SCADA,1,"2019/09/05 12:35:00",MSTUART1,0
D,DISPATCH,UNIT_SCADA,1,"2019/09/05 12:35:00",MSTUART2,0
D,DISPATCH,UNIT_SCADA,1,"2019/09/05 12:35:00",MSTUART3,0
D,DISPATCH,UNIT_SCADA,1,"2019/09/05 12:35:00",MTGELWF1,8.371230
D,DISPATCH,UNIT_SCADA,1,"2019/09/05 12:35:00",MURRAY,0
D,DISPATCH,UNIT_SCADA,1,"2019/09/05 12:35:00",MUSSELR1,-0.40
D,DISPATCH,UNIT_SCADA,1,"2019/09/05 12:35:00",MUWAWF1,17.27
D,DISPATCH,UNIT_SCADA,1,"2019/09/05 12:35:00",NBHWF1,54.30
D,DISPATCH,UNIT_SCADA,1,"2019/09/05 12:35:00",NPS,0
D,DISPATCH,UNIT_SCADA,1,"2019/09/05 12:35:00",NUMURSF1,25.32
D,DISPATCH,UNIT_SCADA,1,"2019/09/05 12:35:00",NYNGAN1,101.25
D,DISPATCH,UNIT_SCADA,1,"2019/09/05 12:35:00",OAKEY1,0
D,DISPATCH,UNIT_SCADA,1,"2019/09/05 12:35:00",OAKEY1SF,22.2130
D,DISPATCH,UNIT_SCADA,1,"2019/09/05 12:35:00",OAKEY2,0
D,DISPATCH,UNIT_SCADA,1,"2019/09/05 12:35:00",OAKEY2SF,0
D,DISPATCH,UNIT_SCADA,1,"2019/09/05 12:35:00",OAKLAND1,15.40
D,DISPATCH,UNIT_SCADA,1,"2019/09/05 12:35:00",OSB-AG,140.16
D,DISPATCH,UNIT_SCADA,1,"2019/09/05 12:35:00",PARSF1,43.70
D,DISPATCH,UNIT_SCADA,1,"2019/09/05 12:35:00",POAT110,0
D,DISPATCH,UNIT_SCADA,1,"2019/09/05 12:35:00",POAT220,1.07
D,DISPATCH,UNIT_SCADA,1,"2019/09/05 12:35:00",POR01,0
D,DISPATCH,UNIT_SCADA,1,"2019/09/05 12:35:00",POR03,0
D,DISPATCH,UNIT_SCADA,1,"2019/09/05 12:35:00",PPCCGT,172.209990
D,DISPATCH,UNIT_SCADA,1,"2019/09/05 12:35:00",PTSTAN1,0
D,DISPATCH,UNIT_SCADA,1,"2019/09/05 12:35:00",PUMP1,0
D,DISPATCH,UNIT_SCADA,1,"2019/09/05 12:35:00",PUMP2,0
D,DISPATCH,UNIT_SCADA,1,"2019/09/05 12:35:00",QPS1,0
D,DISPATCH,UNIT_SCADA,1,"2019/09/05 12:35:00",QPS2,0
D,DISPATCH,UNIT_SCADA,1,"2019/09/05 12:35:00",QPS3,0
D,DISPATCH,UNIT_SCADA,1,"2019/09/05 12:35:00",QPS4,0
D,DISPATCH,UNIT_SCADA,1,"2019/09/05 12:35:00",QPS5,0
D,DISPATCH,UNIT_SCADA,1,"2019/09/05 12:35:00",REECE1,100.240010
D,DISPATCH,UNIT_SCADA,1,"2019/09/05 12:35:00",REECE2,103.280010
D,DISPATCH,UNIT_SCADA,1,"2019/09/05 12:35:00",ROMA_7,0
D,DISPATCH,UNIT_SCADA,1,"2019/09/05 12:35:00",ROMA_8,0
D,DISPATCH,UNIT_SCADA,1,"2019/09/05 12:35:00",RRSF1,0
D,DISPATCH,UNIT_SCADA,1,"2019/09/05 12:35:00",RT_NSW1,0
D,DISPATCH,UNIT_SCADA,1,"2019/09/05 12:35:00",RT_NSW2,0
D,DISPATCH,UNIT_SCADA,1,"2019/09/05 12:35:00",RT_NSW3,0
D,DISPATCH,UNIT_SCADA,1,"2019/09/05 12:35:00",RT_NSW4,0
D,DISPATCH,UNIT_SCADA,1,"2019/09/05 12:35:00",RT_NSW5,0
D,DISPATCH,UNIT_SCADA,1,"2019/09/05 12:35:00",RT_NSW6,0
D,DISPATCH,UNIT_SCADA,1,"2019/09/05 12:35:00",RT_QLD1,0
D,DISPATCH,UNIT_SCADA,1,"2019/09/05 12:35:00",RT_SA1,0
D,DISPATCH,UNIT_SCADA,1,"2019/09/05 12:35:00",RT_SA2,0
D,DISPATCH,UNIT_SCADA,1,"2019/09/05 12:35:00",RT_SA3,0
D,DISPATCH,UNIT_SCADA,1,"2019/09/05 12:35:00",RT_SA4,0
D,DISPATCH,UNIT_SCADA,1,"2019/09/05 12:35:00",RT_SA5,0
D,DISPATCH,UNIT_SCADA,1,"2019/09/05 12:35:00",RT_SA6,0
D,DISPATCH,UNIT_SCADA,1,"2019/09/05 12:35:00",RT_TAS1,0
D,DISPATCH,UNIT_SCADA,1,"2019/09/05 12:35:00",RT_VIC1,0
D,DISPATCH,UNIT_SCADA,1,"2019/09/05 12:35:00",RT_VIC10,0
D,DISPATCH,UNIT_SCADA,1,"2019/09/05 12:35:00",RT_VIC11,0
D,DISPATCH,UNIT_SCADA,1,"2019/09/05 12:35:00",RT_VIC12,0
D,DISPATCH,UNIT_SCADA,1,"2019/09/05 12:35:00",RT_VIC2,0
D,DISPATCH,UNIT_SCADA,1,"2019/09/05 12:35:00",RT_VIC3,0
D,DISPATCH,UNIT_SCADA,1,"2019/09/05 12:35:00",RT_VIC4,0
D,DISPATCH,UNIT_SCADA,1,"2019/09/05 12:35:00",RT_VIC5,0
D,DISPATCH,UNIT_SCADA,1,"2019/09/05 12:35:00",RT_VIC6,0
D,DISPATCH,UNIT_SCADA,1,"2019/09/05 12:35:00",RT_VIC7,0
D,DISPATCH,UNIT_SCADA,1,"2019/09/05 12:35:00",RT_VIC8,0
D,DISPATCH,UNIT_SCADA,1,"2019/09/05 12:35:00",RT_VIC9,0
D,DISPATCH,UNIT_SCADA,1,"2019/09/05 12:35:00",RUGBYR1,0
D,DISPATCH,UNIT_SCADA,1,"2019/09/05 12:35:00",SALTCRK1,11.71
D,DISPATCH,UNIT_SCADA,1,"2019/09/05 12:35:00",SAPHWF1,75.103150
D,DISPATCH,UNIT_SCADA,1,"2019/09/05 12:35:00",SHGEN,0
D,DISPATCH,UNIT_SCADA,1,"2019/09/05 12:35:00",SHPUMP,79.1750
D,DISPATCH,UNIT_SCADA,1,"2019/09/05 12:35:00",SITHE01,0.1840
D,DISPATCH,UNIT_SCADA,1,"2019/09/05 12:35:00",SMCSF1,43.908750
D,DISPATCH,UNIT_SCADA,1,"2019/09/05 12:35:00",SNOWNTH1,69.20
D,DISPATCH,UNIT_SCADA,1,"2019/09/05 12:35:00",SNOWSTH1,87.70
D,DISPATCH,UNIT_SCADA,1,"2019/09/05 12:35:00",SNOWTWN1,51.969140
D,DISPATCH,UNIT_SCADA,1,"2019/09/05 12:35:00",SNOWYP,0
D,DISPATCH,UNIT_SCADA,1,"2019/09/05 12:35:00",SNUG1,0.019440
D,DISPATCH,UNIT_SCADA,1,"2019/09/05 12:35:00",SRSF1,1.65
D,DISPATCH,UNIT_SCADA,1,"2019/09/05 12:35:00",STAN-1,365.871280
D,DISPATCH,UNIT_SCADA,1,"2019/09/05 12:35:00",STAN-2,220.991680
D,DISPATCH,UNIT_SCADA,1,"2019/09/05 12:35:00",STAN-3,218.235870
D,DISPATCH,UNIT_SCADA,1,"2019/09/05 12:35:00",STAN-4,221.440310
D,DISPATCH,UNIT_SCADA,1,"2019/09/05 12:35:00",STWF1,0
D,DISPATCH,UNIT_SCADA,1,"2019/09/05 12:35:00",SWAN_E,0
D,DISPATCH,UNIT_SCADA,1,"2019/09/05 12:35:00",TALWA1,218
D,DISPATCH,UNIT_SCADA,1,"2019/09/05 12:35:00",TARALGA1,11.216260
D,DISPATCH,UNIT_SCADA,1,"2019/09/05 12:35:00",TARONG#1,350.100010
D,DISPATCH,UNIT_SCADA,1,"2019/09/05 12:35:00",TARONG#2,0
D,DISPATCH,UNIT_SCADA,1,"2019/09/05 12:35:00",TARONG#3,280.300020
D,DISPATCH,UNIT_SCADA,1,"2019/09/05 12:35:00",TARONG#4,349.700010
D,DISPATCH,UNIT_SCADA,1,"2019/09/05 12:35:00",TARRALEA,71.10
D,DISPATCH,UNIT_SCADA,1,"2019/09/05 12:35:00",TBSF1,89.30
D,DISPATCH,UNIT_SCADA,1,"2019/09/05 12:35:00",TNPS1,379.300020
D,DISPATCH,UNIT_SCADA,1,"2019/09/05 12:35:00",TORRA1,45.948840
D,DISPATCH,UNIT_SCADA,1,"2019/09/05 12:35:00",TORRA2,0
D,DISPATCH,UNIT_SCADA,1,"2019/09/05 12:35:00",TORRA3,0
D,DISPATCH,UNIT_SCADA,1,"2019/09/05 12:35:00",TORRA4,46.784470
D,DISPATCH,UNIT_SCADA,1,"2019/09/05 12:35:00",TORRB1,40.62
D,DISPATCH,UNIT_SCADA,1,"2019/09/05 12:35:00",TORRB2,41.62
D,DISPATCH,UNIT_SCADA,1,"2019/09/05 12:35:00",TORRB3,41.13
D,DISPATCH,UNIT_SCADA,1,"2019/09/05 12:35:00",TORRB4,0
D,DISPATCH,UNIT_SCADA,1,"2019/09/05 12:35:00",TREVALLN,2.60
D,DISPATCH,UNIT_SCADA,1,"2019/09/05 12:35:00",TRIBUTE,0
D,DISPATCH,UNIT_SCADA,1,"2019/09/05 12:35:00",TUMUT3,0
D,DISPATCH,UNIT_SCADA,1,"2019/09/05 12:35:00",TUNGATIN,86.000020
D,DISPATCH,UNIT_SCADA,1,"2019/09/05 12:35:00",TVCC201,0
D,DISPATCH,UNIT_SCADA,1,"2019/09/05 12:35:00",TVPP104,0
D,DISPATCH,UNIT_SCADA,1,"2019/09/05 12:35:00",UPPTUMUT,116.9509
D,DISPATCH,UNIT_SCADA,1,"2019/09/05 12:35:00",URANQ11,0
D,DISPATCH,UNIT_SCADA,1,"2019/09/05 12:35:00",URANQ12,0
D,DISPATCH,UNIT_SCADA,1,"2019/09/05 12:35:00",URANQ13,60.031250
D,DISPATCH,UNIT_SCADA,1,"2019/09/05 12:35:00",URANQ14,0
D,DISPATCH,UNIT_SCADA,1,"2019/09/05 12:35:00",VP5,512.825010
D,DISPATCH,UNIT_SCADA,1,"2019/09/05 12:35:00",VP6,0
D,DISPATCH,UNIT_SCADA,1,"2019/09/05 12:35:00",VPGS1,0
D,DISPATCH,UNIT_SCADA,1,"2019/09/05 12:35:00",VPGS2,0
D,DISPATCH,UNIT_SCADA,1,"2019/09/05 12:35:00",VPGS3,0
D,DISPATCH,UNIT_SCADA,1,"2019/09/05 12:35:00",VPGS4,0
D,DISPATCH,UNIT_SCADA,1,"2019/09/05 12:35:00",VPGS5,0
D,DISPATCH,UNIT_SCADA,1,"2019/09/05 12:35:00",VPGS6,0
D,DISPATCH,UNIT_SCADA,1,"2019/09/05 12:35:00",W/HOE#1,0
D,DISPATCH,UNIT_SCADA,1,"2019/09/05 12:35:00",W/HOE#2,0
D,DISPATCH,UNIT_SCADA,1,"2019/09/05 12:35:00",WATERLWF,52.40
D,DISPATCH,UNIT_SCADA,1,"2019/09/05 12:35:00",WEMENSF1,74.10
D,DISPATCH,UNIT_SCADA,1,"2019/09/05 12:35:00",WGWF1,55.70
D,DISPATCH,UNIT_SCADA,1,"2019/09/05 12:35:00",WHITSF1,0
D,DISPATCH,UNIT_SCADA,1,"2019/09/05 12:35:00",WKIEWA1,0
D,DISPATCH,UNIT_SCADA,1,"2019/09/05 12:35:00",WKIEWA2,0.10
D,DISPATCH,UNIT_SCADA,1,"2019/09/05 12:35:00",WOODLWN1,0
D,DISPATCH,UNIT_SCADA,1,"2019/09/05 12:35:00",WRSF1,19.88
D,DISPATCH,UNIT_SCADA,1,"2019/09/05 12:35:00",WRWF1,93.4525
D,DISPATCH,UNIT_SCADA,1,"2019/09/05 12:35:00",YABULU,0
D,DISPATCH,UNIT_SCADA,1,"2019/09/05 12:35:00",YABULU2,0
D,DISPATCH,UNIT_SCADA,1,"2019/09/05 12:35:00",YARWUN_1,119.75
D,DISPATCH,UNIT_SCADA,1,"2019/09/05 12:35:00",YENDWF1,4.75
D,DISPATCH,UNIT_SCADA,1,"2019/09/05 12:35:00",YWPS1,382.706330
D,DISPATCH,UNIT_SCADA,1,"2019/09/05 12:35:00",YWPS2,281.450620
D,DISPATCH,UNIT_SCADA,1,"2019/09/05 12:35:00",YWPS3,335.394930
D,DISPATCH,UNIT_SCADA,1,"2019/09/05 12:35:00",YWPS4,396.649350
C,"END OF REPORT",335
