C,NEMP.WORLD,DISPATCHSCADA,AEMO,PUBLIC,2019/08/21,07:55:09,0000000311817666,DISPATCHSCADA,0000000311817660
I,DISPATCH,UNIT_SCADA,1,SETTLEMENTDATE,DUID,SCADAVALUE
D,DISPATCH,UNIT_SCADA,1,"2019/08/21 08:00:00",BARCSF1,14.500001
D,DISPATCH,UNIT_SCADA,1,"2019/08/21 08:00:00",BUTLERSG,9.799998
D,DISPATCH,UNIT_SCADA,1,"2019/08/21 08:00:00",CALL_A_4,0
D,DISPATCH,UNIT_SCADA,1,"2019/08/21 08:00:00",CAPTL_WF,129.440002
D,DISPATCH,UNIT_SCADA,1,"2019/08/21 08:00:00",CATHROCK,34.449997
D,DISPATCH,UNIT_SCADA,1,"2019/08/21 08:00:00",CHALLHWF,37.599998
D,DISPATCH,UNIT_SCADA,1,"2019/08/21 08:00:00",CLOVER,0
D,DISPATCH,UNIT_SCADA,1,"2019/08/21 08:00:00",CLUNY,20.244907
D,DISPATCH,UNIT_SCADA,1,"2019/08/21 08:00:00",CNUNDAWF,33.439007
D,DISPATCH,UNIT_SCADA,1,"2019/08/21 08:00:00",CULLRGWF,30.32
D,DISPATCH,UNIT_SCADA,1,"2019/08/21 08:00:00",ERGT01,0
D,DISPATCH,UNIT_SCADA,1,"2019/08/21 08:00:00",GB01,0.056793
D,DISPATCH,UNIT_SCADA,1,"2019/08/21 08:00:00",GERMCRK,38.900002
D,DISPATCH,UNIT_SCADA,1,"2019/08/21 08:00:00",GRIFSF1,13.600006
D,DISPATCH,UNIT_SCADA,1,"2019/08/21 08:00:00",HUGSF1,7.4940
D,DISPATCH,UNIT_SCADA,1,"2019/08/21 08:00:00",LKBONNY1,64.213432
D,DISPATCH,UNIT_SCADA,1,"2019/08/21 08:00:00",LRSF1,10.0220
D,DISPATCH,UNIT_SCADA,1,"2019/08/21 08:00:00",MBAHNTH,55.856247
D,DISPATCH,UNIT_SCADA,1,"2019/08/21 08:00:00",MLSP1,4.287001
D,DISPATCH,UNIT_SCADA,1,"2019/08/21 08:00:00",MLWF1,19.68
D,DISPATCH,UNIT_SCADA,1,"2019/08/21 08:00:00",MTMILLAR,17.784735
D,DISPATCH,UNIT_SCADA,1,"2019/08/21 08:00:00",PALOONA,26.74
D,DISPATCH,UNIT_SCADA,1,"2019/08/21 08:00:00",PIONEER,47.799999
D,DISPATCH,UNIT_SCADA,1,"2019/08/21 08:00:00",PORTWF,134.300003
D,DISPATCH,UNIT_SCADA,1,"2019/08/21 08:00:00",REPULSE,28.936598
D,DISPATCH,UNIT_SCADA,1,"2019/08/21 08:00:00",ROWALLAN,10.2879
D,DISPATCH,UNIT_SCADA,1,"2019/08/21 08:00:00",ROYALLA1,9.4560
D,DISPATCH,UNIT_SCADA,1,"2019/08/21 08:00:00",RPCG,10.70
D,DISPATCH,UNIT_SCADA,1,"2019/08/21 08:00:00",RUBICON,0
D,DISPATCH,UNIT_SCADA,1,"2019/08/21 08:00:00",SATGN1,0
D,DISPATCH,UNIT_SCADA,1,"2019/08/21 08:00:00",SATGS1,0
D,DISPATCH,UNIT_SCADA,1,"2019/08/21 08:00:00",STARHLWF,5.898280
D,DISPATCH,UNIT_SCADA,1,"2019/08/21 08:00:00",WAUBRAWF,175.518997
D,DISPATCH,UNIT_SCADA,1,"2019/08/21 08:00:00",WOOLNTH1,45.170017
D,DISPATCH,UNIT_SCADA,1,"2019/08/21 08:00:00",WPWF,28
D,DISPATCH,UNIT_SCADA,1,"2019/08/21 08:00:00",YAMBUKWF,29.299999
D,DISPATCH,UNIT_SCADA,1,"2019/08/21 08:00:00",YSWF1,28.799999
D,DISPATCH,UNIT_SCADA,1,"2019/08/21 08:00:00",AGLHAL,0
D,DISPATCH,UNIT_SCADA,1,"2019/08/21 08:00:00",AGLSOM,0
D,DISPATCH,UNIT_SCADA,1,"2019/08/21 08:00:00",ANGAST1,0
D,DISPATCH,UNIT_SCADA,1,"2019/08/21 08:00:00",ARWF1,132.100010
D,DISPATCH,UNIT_SCADA,1,"2019/08/21 08:00:00",BALBG1,0.14
D,DISPATCH,UNIT_SCADA,1,"2019/08/21 08:00:00",BALBL1,0
D,DISPATCH,UNIT_SCADA,1,"2019/08/21 08:00:00",BALDHWF1,100.8260
D,DISPATCH,UNIT_SCADA,1,"2019/08/21 08:00:00",BANN1,5.42
D,DISPATCH,UNIT_SCADA,1,"2019/08/21 08:00:00",BARCALDN,0
D,DISPATCH,UNIT_SCADA,1,"2019/08/21 08:00:00",BARRON-1,0
D,DISPATCH,UNIT_SCADA,1,"2019/08/21 08:00:00",BARRON-2,29.12
D,DISPATCH,UNIT_SCADA,1,"2019/08/21 08:00:00",BASTYAN,79.55
D,DISPATCH,UNIT_SCADA,1,"2019/08/21 08:00:00",BBTHREE1,-1.87
D,DISPATCH,UNIT_SCADA,1,"2019/08/21 08:00:00",BBTHREE2,-1.92
D,DISPATCH,UNIT_SCADA,1,"2019/08/21 08:00:00",BBTHREE3,-1.03
D,DISPATCH,UNIT_SCADA,1,"2019/08/21 08:00:00",BDL01,19.92
D,DISPATCH,UNIT_SCADA,1,"2019/08/21 08:00:00",BDL02,19.86
D,DISPATCH,UNIT_SCADA,1,"2019/08/21 08:00:00",BERYLSF1,11.040850
D,DISPATCH,UNIT_SCADA,1,"2019/08/21 08:00:00",BLOWERNG,0
D,DISPATCH,UNIT_SCADA,1,"2019/08/21 08:00:00",BLUFF1,29.20
D,DISPATCH,UNIT_SCADA,1,"2019/08/21 08:00:00",BNGSF1,3.18
D,DISPATCH,UNIT_SCADA,1,"2019/08/21 08:00:00",BNGSF2,1.11
D,DISPATCH,UNIT_SCADA,1,"2019/08/21 08:00:00",BOCORWF1,93.58
D,DISPATCH,UNIT_SCADA,1,"2019/08/21 08:00:00",BODWF1,54.586930
D,DISPATCH,UNIT_SCADA,1,"2019/08/21 08:00:00",BRAEMAR1,0
D,DISPATCH,UNIT_SCADA,1,"2019/08/21 08:00:00",BRAEMAR2,0
D,DISPATCH,UNIT_SCADA,1,"2019/08/21 08:00:00",BRAEMAR3,0
D,DISPATCH,UNIT_SCADA,1,"2019/08/21 08:00:00",BRAEMAR5,0
D,DISPATCH,UNIT_SCADA,1,"2019/08/21 08:00:00",BRAEMAR6,0
D,DISPATCH,UNIT_SCADA,1,"2019/08/21 08:00:00",BRAEMAR7,0
D,DISPATCH,UNIT_SCADA,1,"2019/08/21 08:00:00",BROKENH1,10.8540
D,DISPATCH,UNIT_SCADA,1,"2019/08/21 08:00:00",BW01,616.324950
D,DISPATCH,UNIT_SCADA,1,"2019/08/21 08:00:00",BW02,635.775020
D,DISPATCH,UNIT_SCADA,1,"2019/08/21 08:00:00",BW03,663.025020
D,DISPATCH,UNIT_SCADA,1,"2019/08/21 08:00:00",BW04,0
D,DISPATCH,UNIT_SCADA,1,"2019/08/21 08:00:00",CALL_B_1,350.800020
D,DISPATCH,UNIT_SCADA,1,"2019/08/21 08:00:00",CALL_B_2,282.399990
D,DISPATCH,UNIT_SCADA,1,"2019/08/21 08:00:00",CETHANA,80.4615
D,DISPATCH,UNIT_SCADA,1,"2019/08/21 08:00:00",CG1,0
D,DISPATCH,UNIT_SCADA,1,"2019/08/21 08:00:00",CG2,0
D,DISPATCH,UNIT_SCADA,1,"2019/08/21 08:00:00",CG3,0
D,DISPATCH,UNIT_SCADA,1,"2019/08/21 08:00:00",CG4,0
D,DISPATCH,UNIT_SCADA,1,"2019/08/21 08:00:00",CHILDSF1,40.04
D,DISPATCH,UNIT_SCADA,1,"2019/08/21 08:00:00",CLARESF1,35.049470
D,DISPATCH,UNIT_SCADA,1,"2019/08/21 08:00:00",CLEMGPWF,0.504250
D,DISPATCH,UNIT_SCADA,1,"2019/08/21 08:00:00",CLERMSF1,15.04
D,DISPATCH,UNIT_SCADA,1,"2019/08/21 08:00:00",COLEASF1,6.599990
D,DISPATCH,UNIT_SCADA,1,"2019/08/21 08:00:00",COOPGWF1,35.487820
D,DISPATCH,UNIT_SCADA,1,"2019/08/21 08:00:00",CPP_3,407.550020
D,DISPATCH,UNIT_SCADA,1,"2019/08/21 08:00:00",CPP_4,405.350010
D,DISPATCH,UNIT_SCADA,1,"2019/08/21 08:00:00",CPSA,142.689380
D,DISPATCH,UNIT_SCADA,1,"2019/08/21 08:00:00",CROOKWF2,90.903750
D,DISPATCH,UNIT_SCADA,1,"2019/08/21 08:00:00",CROWLWF1,41.5785
D,DISPATCH,UNIT_SCADA,1,"2019/08/21 08:00:00",CSPVPS1,13.2650
D,DISPATCH,UNIT_SCADA,1,"2019/08/21 08:00:00",DALNTH01,0
D,DISPATCH,UNIT_SCADA,1,"2019/08/21 08:00:00",DALNTHL1,0.083920
D,DISPATCH,UNIT_SCADA,1,"2019/08/21 08:00:00",DARTM1,134.70
D,DISPATCH,UNIT_SCADA,1,"2019/08/21 08:00:00",DAYDSF1,95.5110
D,DISPATCH,UNIT_SCADA,1,"2019/08/21 08:00:00",DDPS1,0
D,DISPATCH,UNIT_SCADA,1,"2019/08/21 08:00:00",DDSF1,51.032060
D,DISPATCH,UNIT_SCADA,1,"2019/08/21 08:00:00",DEVILS_G,0
D,DISPATCH,UNIT_SCADA,1,"2019/08/21 08:00:00",DG_NSW1,0
D,DISPATCH,UNIT_SCADA,1,"2019/08/21 08:00:00",DG_QLD1,0
D,DISPATCH,UNIT_SCADA,1,"2019/08/21 08:00:00",DG_SA1,0
D,DISPATCH,UNIT_SCADA,1,"2019/08/21 08:00:00",DG_TAS1,0
D,DISPATCH,UNIT_SCADA,1,"2019/08/21 08:00:00",DG_VIC1,0
D,DISPATCH,UNIT_SCADA,1,"2019/08/21 08:00:00",DRYCGT1,0
D,DISPATCH,UNIT_SCADA,1,"2019/08/21 08:00:00",DRYCGT2,0
D,DISPATCH,UNIT_SCADA,1,"2019/08/21 08:00:00",DRYCGT3,0
D,DISPATCH,UNIT_SCADA,1,"2019/08/21 08:00:00",EILDON1,0
D,DISPATCH,UNIT_SCADA,1,"2019/08/21 08:00:00",EILDON2,0
D,DISPATCH,UNIT_SCADA,1,"2019/08/21 08:00:00",EMERASF1,45.57
D,DISPATCH,UNIT_SCADA,1,"2019/08/21 08:00:00",ER01,564.574950
D,DISPATCH,UNIT_SCADA,1,"2019/08/21 08:00:00",ER02,679.974980
D,DISPATCH,UNIT_SCADA,1,"2019/08/21 08:00:00",ER03,698.775020
D,DISPATCH,UNIT_SCADA,1,"2019/08/21 08:00:00",ER04,676.275020
D,DISPATCH,UNIT_SCADA,1,"2019/08/21 08:00:00",FINLYSF1,0.450560
D,DISPATCH,UNIT_SCADA,1,"2019/08/21 08:00:00",FISHER,45.95
D,DISPATCH,UNIT_SCADA,1,"2019/08/21 08:00:00",GANNBG1,1.974880
D,DISPATCH,UNIT_SCADA,1,"2019/08/21 08:00:00",GANNBL1,0
D,DISPATCH,UNIT_SCADA,1,"2019/08/21 08:00:00",GANNSF1,5.10
D,DISPATCH,UNIT_SCADA,1,"2019/08/21 08:00:00",GORDON,122.650080
D,DISPATCH,UNIT_SCADA,1,"2019/08/21 08:00:00",GSTONE1,207.20
D,DISPATCH,UNIT_SCADA,1,"2019/08/21 08:00:00",GSTONE2,212.099990
D,DISPATCH,UNIT_SCADA,1,"2019/08/21 08:00:00",GSTONE3,200.3750
D,DISPATCH,UNIT_SCADA,1,"2019/08/21 08:00:00",GSTONE4,206.50
D,DISPATCH,UNIT_SCADA,1,"2019/08/21 08:00:00",GSTONE5,208.4250
D,DISPATCH,UNIT_SCADA,1,"2019/08/21 08:00:00",GSTONE6,0
D,DISPATCH,UNIT_SCADA,1,"2019/08/21 08:00:00",GULLRSF1,2.498470
D,DISPATCH,UNIT_SCADA,1,"2019/08/21 08:00:00",GULLRWF1,161.213590
D,DISPATCH,UNIT_SCADA,1,"2019/08/21 08:00:00",GUNNING1,46.2334
D,DISPATCH,UNIT_SCADA,1,"2019/08/21 08:00:00",GUTHEGA,31.10
D,DISPATCH,UNIT_SCADA,1,"2019/08/21 08:00:00",HALLWF1,67.83
D,DISPATCH,UNIT_SCADA,1,"2019/08/21 08:00:00",HALLWF2,53.40
D,DISPATCH,UNIT_SCADA,1,"2019/08/21 08:00:00",HAMISF1,39.20
D,DISPATCH,UNIT_SCADA,1,"2019/08/21 08:00:00",HAUGHT11,50.032640
D,DISPATCH,UNIT_SCADA,1,"2019/08/21 08:00:00",HAYMSF1,35.8660
D,DISPATCH,UNIT_SCADA,1,"2019/08/21 08:00:00",HDWF1,56.70
D,DISPATCH,UNIT_SCADA,1,"2019/08/21 08:00:00",HDWF2,39.10
D,DISPATCH,UNIT_SCADA,1,"2019/08/21 08:00:00",HDWF3,49.30
D,DISPATCH,UNIT_SCADA,1,"2019/08/21 08:00:00",HPRG1,19.90
D,DISPATCH,UNIT_SCADA,1,"2019/08/21 08:00:00",HPRL1,0
D,DISPATCH,UNIT_SCADA,1,"2019/08/21 08:00:00",HUMENSW,0
D,DISPATCH,UNIT_SCADA,1,"2019/08/21 08:00:00",HUMEV,9.80
D,DISPATCH,UNIT_SCADA,1,"2019/08/21 08:00:00",HVGTS,0
D,DISPATCH,UNIT_SCADA,1,"2019/08/21 08:00:00",JBUTTERS,54.58
D,DISPATCH,UNIT_SCADA,1,"2019/08/21 08:00:00",JLA01,0.50
D,DISPATCH,UNIT_SCADA,1,"2019/08/21 08:00:00",JLA02,0
D,DISPATCH,UNIT_SCADA,1,"2019/08/21 08:00:00",JLA03,0.10
D,DISPATCH,UNIT_SCADA,1,"2019/08/21 08:00:00",JLA04,0.10
D,DISPATCH,UNIT_SCADA,1,"2019/08/21 08:00:00",JLB01,0
D,DISPATCH,UNIT_SCADA,1,"2019/08/21 08:00:00",JLB02,84.70
D,DISPATCH,UNIT_SCADA,1,"2019/08/21 08:00:00",JLB03,84.80
D,DISPATCH,UNIT_SCADA,1,"2019/08/21 08:00:00",KAREEYA1,21.4550
D,DISPATCH,UNIT_SCADA,1,"2019/08/21 08:00:00",KAREEYA2,21.5775
D,DISPATCH,UNIT_SCADA,1,"2019/08/21 08:00:00",KAREEYA3,0
D,DISPATCH,UNIT_SCADA,1,"2019/08/21 08:00:00",KAREEYA4,21.6675
D,DISPATCH,UNIT_SCADA,1,"2019/08/21 08:00:00",KARSF1,5
D,DISPATCH,UNIT_SCADA,1,"2019/08/21 08:00:00",KIATAWF1,30.90
D,DISPATCH,UNIT_SCADA,1,"2019/08/21 08:00:00",KPP_1,0
D,DISPATCH,UNIT_SCADA,1,"2019/08/21 08:00:00",KSP1,33.54
D,DISPATCH,UNIT_SCADA,1,"2019/08/21 08:00:00",LADBROK1,42.63
D,DISPATCH,UNIT_SCADA,1,"2019/08/21 08:00:00",LADBROK2,43.07
D,DISPATCH,UNIT_SCADA,1,"2019/08/21 08:00:00",LD01,418.481230
D,DISPATCH,UNIT_SCADA,1,"2019/08/21 08:00:00",LD02,419.887480
D,DISPATCH,UNIT_SCADA,1,"2019/08/21 08:00:00",LD03,424.781250
D,DISPATCH,UNIT_SCADA,1,"2019/08/21 08:00:00",LD04,376.518770
D,DISPATCH,UNIT_SCADA,1,"2019/08/21 08:00:00",LEM_WIL,85.851590
D,DISPATCH,UNIT_SCADA,1,"2019/08/21 08:00:00",LGAPWF1,12.12
D,DISPATCH,UNIT_SCADA,1,"2019/08/21 08:00:00",LILYSF1,77.594620
D,DISPATCH,UNIT_SCADA,1,"2019/08/21 08:00:00",LI_WY_CA,147.948430
D,DISPATCH,UNIT_SCADA,1,"2019/08/21 08:00:00",LKBONNY2,132.980710
D,DISPATCH,UNIT_SCADA,1,"2019/08/21 08:00:00",LKBONNY3,35.0004
D,DISPATCH,UNIT_SCADA,1,"2019/08/21 08:00:00",LK_ECHO,0
D,DISPATCH,UNIT_SCADA,1,"2019/08/21 08:00:00",LNGS1,0
D,DISPATCH,UNIT_SCADA,1,"2019/08/21 08:00:00",LNGS2,0
D,DISPATCH,UNIT_SCADA,1,"2019/08/21 08:00:00",LONSDALE,0
D,DISPATCH,UNIT_SCADA,1,"2019/08/21 08:00:00",LOYYB1,536.088620
D,DISPATCH,UNIT_SCADA,1,"2019/08/21 08:00:00",LOYYB2,583.082280
D,DISPATCH,UNIT_SCADA,1,"2019/08/21 08:00:00",LYA1,501
D,DISPATCH,UNIT_SCADA,1,"2019/08/21 08:00:00",LYA2,0
D,DISPATCH,UNIT_SCADA,1,"2019/08/21 08:00:00",LYA3,560
D,DISPATCH,UNIT_SCADA,1,"2019/08/21 08:00:00",LYA4,531
D,DISPATCH,UNIT_SCADA,1,"2019/08/21 08:00:00",MACARTH1,299.3931
D,DISPATCH,UNIT_SCADA,1,"2019/08/21 08:00:00",MACKAYGT,0
D,DISPATCH,UNIT_SCADA,1,"2019/08/21 08:00:00",MACKNTSH,25.48
D,DISPATCH,UNIT_SCADA,1,"2019/08/21 08:00:00",MANSLR1,1.8660
D,DISPATCH,UNIT_SCADA,1,"2019/08/21 08:00:00",MCKAY1,0.02
D,DISPATCH,UNIT_SCADA,1,"2019/08/21 08:00:00",MEADOWBK,34.095940
D,DISPATCH,UNIT_SCADA,1,"2019/08/21 08:00:00",MERCER01,128.84
D,DISPATCH,UNIT_SCADA,1,"2019/08/21 08:00:00",MEWF1,99.495940
D,DISPATCH,UNIT_SCADA,1,"2019/08/21 08:00:00",MINTARO,0
D,DISPATCH,UNIT_SCADA,1,"2019/08/21 08:00:00",MOREESF1,45.5840
D,DISPATCH,UNIT_SCADA,1,"2019/08/21 08:00:00",MORTLK11,0
D,DISPATCH,UNIT_SCADA,1,"2019/08/21 08:00:00",MORTLK12,0
D,DISPATCH,UNIT_SCADA,1,"2019/08/21 08:00:00",MP1,279.474980
D,DISPATCH,UNIT_SCADA,1,"2019/08/21 08:00:00",MP2,0
D,DISPATCH,UNIT_SCADA,1,"2019/08/21 08:00:00",MPP_1,269.75
D,DISPATCH,UNIT_SCADA,1,"2019/08/21 08:00:00",MPP_2,435.25
D,DISPATCH,UNIT_SCADA,1,"2019/08/21 08:00:00",MSTUART1,0
D,DISPATCH,UNIT_SCADA,1,"2019/08/21 08:00:00",MSTUART2,0
D,DISPATCH,UNIT_SCADA,1,"2019/08/21 08:00:00",MSTUART3,0
D,DISPATCH,UNIT_SCADA,1,"2019/08/21 08:00:00",MTGELWF1,64.217050
D,DISPATCH,UNIT_SCADA,1,"2019/08/21 08:00:00",MURRAY,125.614760
D,DISPATCH,UNIT_SCADA,1,"2019/08/21 08:00:00",MUSSELR1,162.799990
D,DISPATCH,UNIT_SCADA,1,"2019/08/21 08:00:00",MUWAWF1,56.13
D,DISPATCH,UNIT_SCADA,1,"2019/08/21 08:00:00",NBHWF1,55.40
D,DISPATCH,UNIT_SCADA,1,"2019/08/21 08:00:00",NPS,0
D,DISPATCH,UNIT_SCADA,1,"2019/08/21 08:00:00",NUMURSF1,11.09
D,DISPATCH,UNIT_SCADA,1,"2019/08/21 08:00:00",NYNGAN1,33
D,DISPATCH,UNIT_SCADA,1,"2019/08/21 08:00:00",OAKEY1,0
D,DISPATCH,UNIT_SCADA,1,"2019/08/21 08:00:00",OAKEY1SF,0.7020
D,DISPATCH,UNIT_SCADA,1,"2019/08/21 08:00:00",OAKEY2,0
D,DISPATCH,UNIT_SCADA,1,"2019/08/21 08:00:00",OAKLAND1,52.90
D,DISPATCH,UNIT_SCADA,1,"2019/08/21 08:00:00",OSB-AG,0
D,DISPATCH,UNIT_SCADA,1,"2019/08/21 08:00:00",PARSF1,2.100010
D,DISPATCH,UNIT_SCADA,1,"2019/08/21 08:00:00",POAT110,42.2608
D,DISPATCH,UNIT_SCADA,1,"2019/08/21 08:00:00",POAT220,95.307280
D,DISPATCH,UNIT_SCADA,1,"2019/08/21 08:00:00",POR01,0
D,DISPATCH,UNIT_SCADA,1,"2019/08/21 08:00:00",POR03,0
D,DISPATCH,UNIT_SCADA,1,"2019/08/21 08:00:00",PPCCGT,174.223310
D,DISPATCH,UNIT_SCADA,1,"2019/08/21 08:00:00",PTSTAN1,0
D,DISPATCH,UNIT_SCADA,1,"2019/08/21 08:00:00",PUMP1,0
D,DISPATCH,UNIT_SCADA,1,"2019/08/21 08:00:00",PUMP2,0
D,DISPATCH,UNIT_SCADA,1,"2019/08/21 08:00:00",QPS1,29
D,DISPATCH,UNIT_SCADA,1,"2019/08/21 08:00:00",QPS2,0
D,DISPATCH,UNIT_SCADA,1,"2019/08/21 08:00:00",QPS3,0
D,DISPATCH,UNIT_SCADA,1,"2019/08/21 08:00:00",QPS4,0
D,DISPATCH,UNIT_SCADA,1,"2019/08/21 08:00:00",QPS5,75.32
D,DISPATCH,UNIT_SCADA,1,"2019/08/21 08:00:00",REECE1,116.580010
D,DISPATCH,UNIT_SCADA,1,"2019/08/21 08:00:00",REECE2,112.790010
D,DISPATCH,UNIT_SCADA,1,"2019/08/21 08:00:00",ROMA_7,0
D,DISPATCH,UNIT_SCADA,1,"2019/08/21 08:00:00",ROMA_8,0
D,DISPATCH,UNIT_SCADA,1,"2019/08/21 08:00:00",RRSF1,66.359760
D,DISPATCH,UNIT_SCADA,1,"2019/08/21 08:00:00",RT_NSW1,0
D,DISPATCH,UNIT_SCADA,1,"2019/08/21 08:00:00",RT_NSW2,0
D,DISPATCH,UNIT_SCADA,1,"2019/08/21 08:00:00",RT_NSW3,0
D,DISPATCH,UNIT_SCADA,1,"2019/08/21 08:00:00",RT_NSW4,0
D,DISPATCH,UNIT_SCADA,1,"2019/08/21 08:00:00",RT_NSW5,0
D,DISPATCH,UNIT_SCADA,1,"2019/08/21 08:00:00",RT_NSW6,0
D,DISPATCH,UNIT_SCADA,1,"2019/08/21 08:00:00",RT_QLD1,0
D,DISPATCH,UNIT_SCADA,1,"2019/08/21 08:00:00",RT_SA1,0
D,DISPATCH,UNIT_SCADA,1,"2019/08/21 08:00:00",RT_SA2,0
D,DISPATCH,UNIT_SCADA,1,"2019/08/21 08:00:00",RT_SA3,0
D,DISPATCH,UNIT_SCADA,1,"2019/08/21 08:00:00",RT_SA4,0
D,DISPATCH,UNIT_SCADA,1,"2019/08/21 08:00:00",RT_SA5,0
D,DISPATCH,UNIT_SCADA,1,"2019/08/21 08:00:00",RT_SA6,0
D,DISPATCH,UNIT_SCADA,1,"2019/08/21 08:00:00",RT_TAS1,0
D,DISPATCH,UNIT_SCADA,1,"2019/08/21 08:00:00",RT_VIC1,0
D,DISPATCH,UNIT_SCADA,1,"2019/08/21 08:00:00",RT_VIC10,0
D,DISPATCH,UNIT_SCADA,1,"2019/08/21 08:00:00",RT_VIC11,0
D,DISPATCH,UNIT_SCADA,1,"2019/08/21 08:00:00",RT_VIC12,0
D,DISPATCH,UNIT_SCADA,1,"2019/08/21 08:00:00",RT_VIC2,0
D,DISPATCH,UNIT_SCADA,1,"2019/08/21 08:00:00",RT_VIC3,0
D,DISPATCH,UNIT_SCADA,1,"2019/08/21 08:00:00",RT_VIC4,0
D,DISPATCH,UNIT_SCADA,1,"2019/08/21 08:00:00",RT_VIC5,0
D,DISPATCH,UNIT_SCADA,1,"2019/08/21 08:00:00",RT_VIC6,0
D,DISPATCH,UNIT_SCADA,1,"2019/08/21 08:00:00",RT_VIC7,0
D,DISPATCH,UNIT_SCADA,1,"2019/08/21 08:00:00",RT_VIC8,0
D,DISPATCH,UNIT_SCADA,1,"2019/08/21 08:00:00",RT_VIC9,0
D,DISPATCH,UNIT_SCADA,1,"2019/08/21 08:00:00",RUGBYR1,45.187070
D,DISPATCH,UNIT_SCADA,1,"2019/08/21 08:00:00",SALTCRK1,47.50
D,DISPATCH,UNIT_SCADA,1,"2019/08/21 08:00:00",SAPHWF1,162.403140
D,DISPATCH,UNIT_SCADA,1,"2019/08/21 08:00:00",SHGEN,205.529420
D,DISPATCH,UNIT_SCADA,1,"2019/08/21 08:00:00",SHPUMP,0
D,DISPATCH,UNIT_SCADA,1,"2019/08/21 08:00:00",SITHE01,0.123710
D,DISPATCH,UNIT_SCADA,1,"2019/08/21 08:00:00",SMCSF1,31.810910
D,DISPATCH,UNIT_SCADA,1,"2019/08/21 08:00:00",SNOWNTH1,55
D,DISPATCH,UNIT_SCADA,1,"2019/08/21 08:00:00",SNOWSTH1,61.30
D,DISPATCH,UNIT_SCADA,1,"2019/08/21 08:00:00",SNOWTWN1,28.527640
D,DISPATCH,UNIT_SCADA,1,"2019/08/21 08:00:00",SNOWYP,0
D,DISPATCH,UNIT_SCADA,1,"2019/08/21 08:00:00",SNUG1,0.019440
D,DISPATCH,UNIT_SCADA,1,"2019/08/21 08:00:00",SRSF1,35.57
D,DISPATCH,UNIT_SCADA,1,"2019/08/21 08:00:00",STAN-1,0
D,DISPATCH,UNIT_SCADA,1,"2019/08/21 08:00:00",STAN-2,310.882930
D,DISPATCH,UNIT_SCADA,1,"2019/08/21 08:00:00",STAN-3,313.472110
D,DISPATCH,UNIT_SCADA,1,"2019/08/21 08:00:00",STAN-4,316.945740
D,DISPATCH,UNIT_SCADA,1,"2019/08/21 08:00:00",STWF1,30.161250
D,DISPATCH,UNIT_SCADA,1,"2019/08/21 08:00:00",SWAN_E,0
D,DISPATCH,UNIT_SCADA,1,"2019/08/21 08:00:00",TALWA1,424
D,DISPATCH,UNIT_SCADA,1,"2019/08/21 08:00:00",TARALGA1,57.0225
D,DISPATCH,UNIT_SCADA,1,"2019/08/21 08:00:00",TARONG#1,330
D,DISPATCH,UNIT_SCADA,1,"2019/08/21 08:00:00",TARONG#2,332.200010
D,DISPATCH,UNIT_SCADA,1,"2019/08/21 08:00:00",TARONG#3,259.600010
D,DISPATCH,UNIT_SCADA,1,"2019/08/21 08:00:00",TARONG#4,334.100010
D,DISPATCH,UNIT_SCADA,1,"2019/08/21 08:00:00",TARRALEA,75
D,DISPATCH,UNIT_SCADA,1,"2019/08/21 08:00:00",TBSF1,2.90
D,DISPATCH,UNIT_SCADA,1,"2019/08/21 08:00:00",TNPS1,442.000030
D,DISPATCH,UNIT_SCADA,1,"2019/08/21 08:00:00",TORRA1,45.481880
D,DISPATCH,UNIT_SCADA,1,"2019/08/21 08:00:00",TORRA2,0
D,DISPATCH,UNIT_SCADA,1,"2019/08/21 08:00:00",TORRA3,0
D,DISPATCH,UNIT_SCADA,1,"2019/08/21 08:00:00",TORRA4,0
D,DISPATCH,UNIT_SCADA,1,"2019/08/21 08:00:00",TORRB1,60.10
D,DISPATCH,UNIT_SCADA,1,"2019/08/21 08:00:00",TORRB2,69.62
D,DISPATCH,UNIT_SCADA,1,"2019/08/21 08:00:00",TORRB3,0
D,DISPATCH,UNIT_SCADA,1,"2019/08/21 08:00:00",TORRB4,0
D,DISPATCH,UNIT_SCADA,1,"2019/08/21 08:00:00",TREVALLN,70.070010
D,DISPATCH,UNIT_SCADA,1,"2019/08/21 08:00:00",TRIBUTE,23.02
D,DISPATCH,UNIT_SCADA,1,"2019/08/21 08:00:00",TUMUT3,0
D,DISPATCH,UNIT_SCADA,1,"2019/08/21 08:00:00",TUNGATIN,133.840030
D,DISPATCH,UNIT_SCADA,1,"2019/08/21 08:00:00",TVCC201,0
D,DISPATCH,UNIT_SCADA,1,"2019/08/21 08:00:00",TVPP104,57.885170
D,DISPATCH,UNIT_SCADA,1,"2019/08/21 08:00:00",UPPTUMUT,0
D,DISPATCH,UNIT_SCADA,1,"2019/08/21 08:00:00",URANQ11,0
D,DISPATCH,UNIT_SCADA,1,"2019/08/21 08:00:00",URANQ12,0
D,DISPATCH,UNIT_SCADA,1,"2019/08/21 08:00:00",URANQ13,0
D,DISPATCH,UNIT_SCADA,1,"2019/08/21 08:00:00",URANQ14,0
D,DISPATCH,UNIT_SCADA,1,"2019/08/21 08:00:00",VP5,578.350040
D,DISPATCH,UNIT_SCADA,1,"2019/08/21 08:00:00",VP6,576.074950
D,DISPATCH,UNIT_SCADA,1,"2019/08/21 08:00:00",VPGS1,0
D,DISPATCH,UNIT_SCADA,1,"2019/08/21 08:00:00",VPGS2,0
D,DISPATCH,UNIT_SCADA,1,"2019/08/21 08:00:00",VPGS3,0
D,DISPATCH,UNIT_SCADA,1,"2019/08/21 08:00:00",VPGS4,0
D,DISPATCH,UNIT_SCADA,1,"2019/08/21 08:00:00",VPGS5,0
D,DISPATCH,UNIT_SCADA,1,"2019/08/21 08:00:00",VPGS6,0
D,DISPATCH,UNIT_SCADA,1,"2019/08/21 08:00:00",W/HOE#1,0
D,DISPATCH,UNIT_SCADA,1,"2019/08/21 08:00:00",W/HOE#2,0
D,DISPATCH,UNIT_SCADA,1,"2019/08/21 08:00:00",WATERLWF,69
D,DISPATCH,UNIT_SCADA,1,"2019/08/21 08:00:00",WEMENSF1,4.50
D,DISPATCH,UNIT_SCADA,1,"2019/08/21 08:00:00",WGWF1,64.60
D,DISPATCH,UNIT_SCADA,1,"2019/08/21 08:00:00",WHITSF1,38.20
D,DISPATCH,UNIT_SCADA,1,"2019/08/21 08:00:00",WKIEWA1,12.10
D,DISPATCH,UNIT_SCADA,1,"2019/08/21 08:00:00",WKIEWA2,12.20
D,DISPATCH,UNIT_SCADA,1,"2019/08/21 08:00:00",WOODLWN1,43.289990
D,DISPATCH,UNIT_SCADA,1,"2019/08/21 08:00:00",WRSF1,10.25
D,DISPATCH,UNIT_SCADA,1,"2019/08/21 08:00:00",WRWF1,148.165010
D,DISPATCH,UNIT_SCADA,1,"2019/08/21 08:00:00",YABULU,0
D,DISPATCH,UNIT_SCADA,1,"2019/08/21 08:00:00",YABULU2,0
D,DISPATCH,UNIT_SCADA,1,"2019/08/21 08:00:00",YARWUN_1,0
D,DISPATCH,UNIT_SCADA,1,"2019/08/21 08:00:00",YENDWF1,41.85
D,DISPATCH,UNIT_SCADA,1,"2019/08/21 08:00:00",YWPS1,380.9519
D,DISPATCH,UNIT_SCADA,1,"2019/08/21 08:00:00",YWPS2,278.443020
D,DISPATCH,UNIT_SCADA,1,"2019/08/21 08:00:00",YWPS3,0
D,DISPATCH,UNIT_SCADA,1,"2019/08/21 08:00:00",YWPS4,396.084810
C,"END OF REPORT",334
