C,NEMP.WORLD,DISPATCHSCADA,AEMO,PUBLIC,2019/08/21,12:20:09,0000000311825612,DISPATCHSCADA,0000000311825606
I,DISPATCH,UNIT_SCADA,1,SETTLEMENTDATE,DUID,SCADAVALUE
D,DISPATCH,UNIT_SCADA,1,"2019/08/21 12:25:00",BARCSF1,17.800001
D,DISPATCH,UNIT_SCADA,1,"2019/08/21 12:25:00",BUTLERSG,9.599998
D,DISPATCH,UNIT_SCADA,1,"2019/08/21 12:25:00",CALL_A_4,0
D,DISPATCH,UNIT_SCADA,1,"2019/08/21 12:25:00",CAPTL_WF,133.039993
D,DISPATCH,UNIT_SCADA,1,"2019/08/21 12:25:00",CATHROCK,19.49
D,DISPATCH,UNIT_SCADA,1,"2019/08/21 12:25:00",CHALLHWF,36.200001
D,DISPATCH,UNIT_SCADA,1,"2019/08/21 12:25:00",CLOVER,-0.01
D,DISPATCH,UNIT_SCADA,1,"2019/08/21 12:25:00",CLUNY,20.159761
D,DISPATCH,UNIT_SCADA,1,"2019/08/21 12:25:00",CNUNDAWF,27.632233
D,DISPATCH,UNIT_SCADA,1,"2019/08/21 12:25:00",CULLRGWF,30.459999
D,DISPATCH,UNIT_SCADA,1,"2019/08/21 12:25:00",ERGT01,0
D,DISPATCH,UNIT_SCADA,1,"2019/08/21 12:25:00",GB01,0.066833
D,DISPATCH,UNIT_SCADA,1,"2019/08/21 12:25:00",GERMCRK,32.799999
D,DISPATCH,UNIT_SCADA,1,"2019/08/21 12:25:00",GRIFSF1,12
D,DISPATCH,UNIT_SCADA,1,"2019/08/21 12:25:00",HUGSF1,8.9490
D,DISPATCH,UNIT_SCADA,1,"2019/08/21 12:25:00",LKBONNY1,56.800755
D,DISPATCH,UNIT_SCADA,1,"2019/08/21 12:25:00",LRSF1,12.488001
D,DISPATCH,UNIT_SCADA,1,"2019/08/21 12:25:00",MBAHNTH,55.856247
D,DISPATCH,UNIT_SCADA,1,"2019/08/21 12:25:00",MLSP1,11.172001
D,DISPATCH,UNIT_SCADA,1,"2019/08/21 12:25:00",MLWF1,19.26
D,DISPATCH,UNIT_SCADA,1,"2019/08/21 12:25:00",MTMILLAR,9.681147
D,DISPATCH,UNIT_SCADA,1,"2019/08/21 12:25:00",PALOONA,25.50
D,DISPATCH,UNIT_SCADA,1,"2019/08/21 12:25:00",PIONEER,40.299999
D,DISPATCH,UNIT_SCADA,1,"2019/08/21 12:25:00",PORTWF,126.50
D,DISPATCH,UNIT_SCADA,1,"2019/08/21 12:25:00",REPULSE,28.910963
D,DISPATCH,UNIT_SCADA,1,"2019/08/21 12:25:00",ROWALLAN,10.2808
D,DISPATCH,UNIT_SCADA,1,"2019/08/21 12:25:00",ROYALLA1,19.715002
D,DISPATCH,UNIT_SCADA,1,"2019/08/21 12:25:00",RPCG,10.90
D,DISPATCH,UNIT_SCADA,1,"2019/08/21 12:25:00",RUBICON,0
D,DISPATCH,UNIT_SCADA,1,"2019/08/21 12:25:00",SATGN1,0
D,DISPATCH,UNIT_SCADA,1,"2019/08/21 12:25:00",SATGS1,0
D,DISPATCH,UNIT_SCADA,1,"2019/08/21 12:25:00",STARHLWF,5.798309
D,DISPATCH,UNIT_SCADA,1,"2019/08/21 12:25:00",WAUBRAWF,176.660995
D,DISPATCH,UNIT_SCADA,1,"2019/08/21 12:25:00",WOOLNTH1,129.870026
D,DISPATCH,UNIT_SCADA,1,"2019/08/21 12:25:00",WPWF,51
D,DISPATCH,UNIT_SCADA,1,"2019/08/21 12:25:00",YAMBUKWF,29.90
D,DISPATCH,UNIT_SCADA,1,"2019/08/21 12:25:00",YSWF1,28.60
D,DISPATCH,UNIT_SCADA,1,"2019/08/21 12:25:00",AGLHAL,0
D,DISPATCH,UNIT_SCADA,1,"2019/08/21 12:25:00",AGLSOM,0
D,DISPATCH,UNIT_SCADA,1,"2019/08/21 12:25:00",ANGAST1,0
D,DISPATCH,UNIT_SCADA,1,"2019/08/21 12:25:00",ARWF1,195.80
D,DISPATCH,UNIT_SCADA,1,"2019/08/21 12:25:00",BALBG1,0
D,DISPATCH,UNIT_SCADA,1,"2019/08/21 12:25:00",BALBL1,25.08
D,DISPATCH,UNIT_SCADA,1,"2019/08/21 12:25:00",BALDHWF1,101.1790
D,DISPATCH,UNIT_SCADA,1,"2019/08/21 12:25:00",BANN1,54.12
D,DISPATCH,UNIT_SCADA,1,"2019/08/21 12:25:00",BARCALDN,0
D,DISPATCH,UNIT_SCADA,1,"2019/08/21 12:25:00",BARRON-1,0
D,DISPATCH,UNIT_SCADA,1,"2019/08/21 12:25:00",BARRON-2,0
D,DISPATCH,UNIT_SCADA,1,"2019/08/21 12:25:00",BASTYAN,78.670010
D,DISPATCH,UNIT_SCADA,1,"2019/08/21 12:25:00",BBTHREE1,-2.02
D,DISPATCH,UNIT_SCADA,1,"2019/08/21 12:25:00",BBTHREE2,-2.04
D,DISPATCH,UNIT_SCADA,1,"2019/08/21 12:25:00",BBTHREE3,-1.10
D,DISPATCH,UNIT_SCADA,1,"2019/08/21 12:25:00",BDL01,0
D,DISPATCH,UNIT_SCADA,1,"2019/08/21 12:25:00",BDL02,0
D,DISPATCH,UNIT_SCADA,1,"2019/08/21 12:25:00",BERYLSF1,61.557940
D,DISPATCH,UNIT_SCADA,1,"2019/08/21 12:25:00",BLOWERNG,0
D,DISPATCH,UNIT_SCADA,1,"2019/08/21 12:25:00",BLUFF1,21.10
D,DISPATCH,UNIT_SCADA,1,"2019/08/21 12:25:00",BNGSF1,96.01
D,DISPATCH,UNIT_SCADA,1,"2019/08/21 12:25:00",BNGSF2,19.92
D,DISPATCH,UNIT_SCADA,1,"2019/08/21 12:25:00",BOCORWF1,61.52
D,DISPATCH,UNIT_SCADA,1,"2019/08/21 12:25:00",BODWF1,88.292480
D,DISPATCH,UNIT_SCADA,1,"2019/08/21 12:25:00",BRAEMAR1,0
D,DISPATCH,UNIT_SCADA,1,"2019/08/21 12:25:00",BRAEMAR2,0
D,DISPATCH,UNIT_SCADA,1,"2019/08/21 12:25:00",BRAEMAR3,0
D,DISPATCH,UNIT_SCADA,1,"2019/08/21 12:25:00",BRAEMAR5,0
D,DISPATCH,UNIT_SCADA,1,"2019/08/21 12:25:00",BRAEMAR6,0
D,DISPATCH,UNIT_SCADA,1,"2019/08/21 12:25:00",BRAEMAR7,0
D,DISPATCH,UNIT_SCADA,1,"2019/08/21 12:25:00",BROKENH1,52.938960
D,DISPATCH,UNIT_SCADA,1,"2019/08/21 12:25:00",BW01,323.974980
D,DISPATCH,UNIT_SCADA,1,"2019/08/21 12:25:00",BW02,444.575070
D,DISPATCH,UNIT_SCADA,1,"2019/08/21 12:25:00",BW03,456.474980
D,DISPATCH,UNIT_SCADA,1,"2019/08/21 12:25:00",BW04,0
D,DISPATCH,UNIT_SCADA,1,"2019/08/21 12:25:00",CALL_B_1,280.399990
D,DISPATCH,UNIT_SCADA,1,"2019/08/21 12:25:00",CALL_B_2,200
D,DISPATCH,UNIT_SCADA,1,"2019/08/21 12:25:00",CETHANA,75.312250
D,DISPATCH,UNIT_SCADA,1,"2019/08/21 12:25:00",CG1,0
D,DISPATCH,UNIT_SCADA,1,"2019/08/21 12:25:00",CG2,0
D,DISPATCH,UNIT_SCADA,1,"2019/08/21 12:25:00",CG3,0
D,DISPATCH,UNIT_SCADA,1,"2019/08/21 12:25:00",CG4,0
D,DISPATCH,UNIT_SCADA,1,"2019/08/21 12:25:00",CHILDSF1,40.04
D,DISPATCH,UNIT_SCADA,1,"2019/08/21 12:25:00",CLARESF1,2.012420
D,DISPATCH,UNIT_SCADA,1,"2019/08/21 12:25:00",CLEMGPWF,11.021360
D,DISPATCH,UNIT_SCADA,1,"2019/08/21 12:25:00",CLERMSF1,0.59
D,DISPATCH,UNIT_SCADA,1,"2019/08/21 12:25:00",COLEASF1,94.699990
D,DISPATCH,UNIT_SCADA,1,"2019/08/21 12:25:00",COOPGWF1,28.506630
D,DISPATCH,UNIT_SCADA,1,"2019/08/21 12:25:00",CPP_3,293.149990
D,DISPATCH,UNIT_SCADA,1,"2019/08/21 12:25:00",CPP_4,299.475010
D,DISPATCH,UNIT_SCADA,1,"2019/08/21 12:25:00",CPSA,142.819370
D,DISPATCH,UNIT_SCADA,1,"2019/08/21 12:25:00",CROOKWF2,89.013750
D,DISPATCH,UNIT_SCADA,1,"2019/08/21 12:25:00",CROWLWF1,46.004220
D,DISPATCH,UNIT_SCADA,1,"2019/08/21 12:25:00",CSPVPS1,0.5520
D,DISPATCH,UNIT_SCADA,1,"2019/08/21 12:25:00",DALNTH01,0
D,DISPATCH,UNIT_SCADA,1,"2019/08/21 12:25:00",DALNTHL1,0.077820
D,DISPATCH,UNIT_SCADA,1,"2019/08/21 12:25:00",DARTM1,0
D,DISPATCH,UNIT_SCADA,1,"2019/08/21 12:25:00",DAYDSF1,109.879010
D,DISPATCH,UNIT_SCADA,1,"2019/08/21 12:25:00",DDPS1,0
D,DISPATCH,UNIT_SCADA,1,"2019/08/21 12:25:00",DDSF1,0
D,DISPATCH,UNIT_SCADA,1,"2019/08/21 12:25:00",DEVILS_G,0
D,DISPATCH,UNIT_SCADA,1,"2019/08/21 12:25:00",DG_NSW1,0
D,DISPATCH,UNIT_SCADA,1,"2019/08/21 12:25:00",DG_QLD1,0
D,DISPATCH,UNIT_SCADA,1,"2019/08/21 12:25:00",DG_SA1,0
D,DISPATCH,UNIT_SCADA,1,"2019/08/21 12:25:00",DG_TAS1,0
D,DISPATCH,UNIT_SCADA,1,"2019/08/21 12:25:00",DG_VIC1,0
D,DISPATCH,UNIT_SCADA,1,"2019/08/21 12:25:00",DRYCGT1,0
D,DISPATCH,UNIT_SCADA,1,"2019/08/21 12:25:00",DRYCGT2,0
D,DISPATCH,UNIT_SCADA,1,"2019/08/21 12:25:00",DRYCGT3,0
D,DISPATCH,UNIT_SCADA,1,"2019/08/21 12:25:00",EILDON1,0
D,DISPATCH,UNIT_SCADA,1,"2019/08/21 12:25:00",EILDON2,0
D,DISPATCH,UNIT_SCADA,1,"2019/08/21 12:25:00",EMERASF1,63.84
D,DISPATCH,UNIT_SCADA,1,"2019/08/21 12:25:00",ER01,349.450070
D,DISPATCH,UNIT_SCADA,1,"2019/08/21 12:25:00",ER02,420.800050
D,DISPATCH,UNIT_SCADA,1,"2019/08/21 12:25:00",ER03,648.724980
D,DISPATCH,UNIT_SCADA,1,"2019/08/21 12:25:00",ER04,349.925050
D,DISPATCH,UNIT_SCADA,1,"2019/08/21 12:25:00",FINLYSF1,0.541690
D,DISPATCH,UNIT_SCADA,1,"2019/08/21 12:25:00",FISHER,45.74
D,DISPATCH,UNIT_SCADA,1,"2019/08/21 12:25:00",GANNBG1,0
D,DISPATCH,UNIT_SCADA,1,"2019/08/21 12:25:00",GANNBL1,9.014810
D,DISPATCH,UNIT_SCADA,1,"2019/08/21 12:25:00",GANNSF1,42.10
D,DISPATCH,UNIT_SCADA,1,"2019/08/21 12:25:00",GORDON,0
D,DISPATCH,UNIT_SCADA,1,"2019/08/21 12:25:00",GSTONE1,109.7250
D,DISPATCH,UNIT_SCADA,1,"2019/08/21 12:25:00",GSTONE2,110.7750
D,DISPATCH,UNIT_SCADA,1,"2019/08/21 12:25:00",GSTONE3,109.55
D,DISPATCH,UNIT_SCADA,1,"2019/08/21 12:25:00",GSTONE4,123.90
D,DISPATCH,UNIT_SCADA,1,"2019/08/21 12:25:00",GSTONE5,125.1250
D,DISPATCH,UNIT_SCADA,1,"2019/08/21 12:25:00",GSTONE6,0
D,DISPATCH,UNIT_SCADA,1,"2019/08/21 12:25:00",GULLRSF1,6.758180
D,DISPATCH,UNIT_SCADA,1,"2019/08/21 12:25:00",GULLRWF1,158.622920
D,DISPATCH,UNIT_SCADA,1,"2019/08/21 12:25:00",GUNNING1,46.038210
D,DISPATCH,UNIT_SCADA,1,"2019/08/21 12:25:00",GUTHEGA,0
D,DISPATCH,UNIT_SCADA,1,"2019/08/21 12:25:00",HALLWF1,47
D,DISPATCH,UNIT_SCADA,1,"2019/08/21 12:25:00",HALLWF2,39.88
D,DISPATCH,UNIT_SCADA,1,"2019/08/21 12:25:00",HAMISF1,45.20
D,DISPATCH,UNIT_SCADA,1,"2019/08/21 12:25:00",HAUGHT11,50.055170
D,DISPATCH,UNIT_SCADA,1,"2019/08/21 12:25:00",HAYMSF1,40.2950
D,DISPATCH,UNIT_SCADA,1,"2019/08/21 12:25:00",HDWF1,36.70
D,DISPATCH,UNIT_SCADA,1,"2019/08/21 12:25:00",HDWF2,29.30
D,DISPATCH,UNIT_SCADA,1,"2019/08/21 12:25:00",HDWF3,34.30
D,DISPATCH,UNIT_SCADA,1,"2019/08/21 12:25:00",HPRG1,0
D,DISPATCH,UNIT_SCADA,1,"2019/08/21 12:25:00",HPRL1,27.30
D,DISPATCH,UNIT_SCADA,1,"2019/08/21 12:25:00",HUMENSW,0
D,DISPATCH,UNIT_SCADA,1,"2019/08/21 12:25:00",HUMEV,7.90
D,DISPATCH,UNIT_SCADA,1,"2019/08/21 12:25:00",HVGTS,0
D,DISPATCH,UNIT_SCADA,1,"2019/08/21 12:25:00",JBUTTERS,127.98
D,DISPATCH,UNIT_SCADA,1,"2019/08/21 12:25:00",JLA01,0.50
D,DISPATCH,UNIT_SCADA,1,"2019/08/21 12:25:00",JLA02,0
D,DISPATCH,UNIT_SCADA,1,"2019/08/21 12:25:00",JLA03,0.10
D,DISPATCH,UNIT_SCADA,1,"2019/08/21 12:25:00",JLA04,0.10
D,DISPATCH,UNIT_SCADA,1,"2019/08/21 12:25:00",JLB01,0
D,DISPATCH,UNIT_SCADA,1,"2019/08/21 12:25:00",JLB02,0.10
D,DISPATCH,UNIT_SCADA,1,"2019/08/21 12:25:00",JLB03,0
D,DISPATCH,UNIT_SCADA,1,"2019/08/21 12:25:00",KAREEYA1,21.5475
D,DISPATCH,UNIT_SCADA,1,"2019/08/21 12:25:00",KAREEYA2,21.76
D,DISPATCH,UNIT_SCADA,1,"2019/08/21 12:25:00",KAREEYA3,0
D,DISPATCH,UNIT_SCADA,1,"2019/08/21 12:25:00",KAREEYA4,21.63
D,DISPATCH,UNIT_SCADA,1,"2019/08/21 12:25:00",KARSF1,42.20
D,DISPATCH,UNIT_SCADA,1,"2019/08/21 12:25:00",KIATAWF1,29.40
D,DISPATCH,UNIT_SCADA,1,"2019/08/21 12:25:00",KPP_1,0
D,DISPATCH,UNIT_SCADA,1,"2019/08/21 12:25:00",KSP1,47.48
D,DISPATCH,UNIT_SCADA,1,"2019/08/21 12:25:00",LADBROK1,0
D,DISPATCH,UNIT_SCADA,1,"2019/08/21 12:25:00",LADBROK2,0
D,DISPATCH,UNIT_SCADA,1,"2019/08/21 12:25:00",LD01,387.037450
D,DISPATCH,UNIT_SCADA,1,"2019/08/21 12:25:00",LD02,380.0813
D,DISPATCH,UNIT_SCADA,1,"2019/08/21 12:25:00",LD03,384.431210
D,DISPATCH,UNIT_SCADA,1,"2019/08/21 12:25:00",LD04,382.50
D,DISPATCH,UNIT_SCADA,1,"2019/08/21 12:25:00",LEM_WIL,85.9278
D,DISPATCH,UNIT_SCADA,1,"2019/08/21 12:25:00",LGAPWF1,5.21
D,DISPATCH,UNIT_SCADA,1,"2019/08/21 12:25:00",LILYSF1,93.847540
D,DISPATCH,UNIT_SCADA,1,"2019/08/21 12:25:00",LI_WY_CA,147.469990
D,DISPATCH,UNIT_SCADA,1,"2019/08/21 12:25:00",LKBONNY2,90.000460
D,DISPATCH,UNIT_SCADA,1,"2019/08/21 12:25:00",LKBONNY3,26.682920
D,DISPATCH,UNIT_SCADA,1,"2019/08/21 12:25:00",LK_ECHO,0
D,DISPATCH,UNIT_SCADA,1,"2019/08/21 12:25:00",LNGS1,0
D,DISPATCH,UNIT_SCADA,1,"2019/08/21 12:25:00",LNGS2,0
D,DISPATCH,UNIT_SCADA,1,"2019/08/21 12:25:00",LONSDALE,0
D,DISPATCH,UNIT_SCADA,1,"2019/08/21 12:25:00",LOYYB1,536.088620
D,DISPATCH,UNIT_SCADA,1,"2019/08/21 12:25:00",LOYYB2,581.578490
D,DISPATCH,UNIT_SCADA,1,"2019/08/21 12:25:00",LYA1,498
D,DISPATCH,UNIT_SCADA,1,"2019/08/21 12:25:00",LYA2,0
D,DISPATCH,UNIT_SCADA,1,"2019/08/21 12:25:00",LYA3,558
D,DISPATCH,UNIT_SCADA,1,"2019/08/21 12:25:00",LYA4,528
D,DISPATCH,UNIT_SCADA,1,"2019/08/21 12:25:00",MACARTH1,253.694140
D,DISPATCH,UNIT_SCADA,1,"2019/08/21 12:25:00",MACKAYGT,0
D,DISPATCH,UNIT_SCADA,1,"2019/08/21 12:25:00",MACKNTSH,84.45
D,DISPATCH,UNIT_SCADA,1,"2019/08/21 12:25:00",MANSLR1,16.03
D,DISPATCH,UNIT_SCADA,1,"2019/08/21 12:25:00",MCKAY1,0.02
D,DISPATCH,UNIT_SCADA,1,"2019/08/21 12:25:00",MEADOWBK,33.7244
D,DISPATCH,UNIT_SCADA,1,"2019/08/21 12:25:00",MERCER01,110.4340
D,DISPATCH,UNIT_SCADA,1,"2019/08/21 12:25:00",MEWF1,81.473540
D,DISPATCH,UNIT_SCADA,1,"2019/08/21 12:25:00",MINTARO,0
D,DISPATCH,UNIT_SCADA,1,"2019/08/21 12:25:00",MOREESF1,47.5260
D,DISPATCH,UNIT_SCADA,1,"2019/08/21 12:25:00",MORTLK11,0
D,DISPATCH,UNIT_SCADA,1,"2019/08/21 12:25:00",MORTLK12,0
D,DISPATCH,UNIT_SCADA,1,"2019/08/21 12:25:00",MP1,282.449950
D,DISPATCH,UNIT_SCADA,1,"2019/08/21 12:25:00",MP2,0
D,DISPATCH,UNIT_SCADA,1,"2019/08/21 12:25:00",MPP_1,290.75
D,DISPATCH,UNIT_SCADA,1,"2019/08/21 12:25:00",MPP_2,379.75
D,DISPATCH,UNIT_SCADA,1,"2019/08/21 12:25:00",MSTUART1,0
D,DISPATCH,UNIT_SCADA,1,"2019/08/21 12:25:00",MSTUART2,0
D,DISPATCH,UNIT_SCADA,1,"2019/08/21 12:25:00",MSTUART3,0
D,DISPATCH,UNIT_SCADA,1,"2019/08/21 12:25:00",MTGELWF1,64.777060
D,DISPATCH,UNIT_SCADA,1,"2019/08/21 12:25:00",MURRAY,0
D,DISPATCH,UNIT_SCADA,1,"2019/08/21 12:25:00",MUSSELR1,160.100010
D,DISPATCH,UNIT_SCADA,1,"2019/08/21 12:25:00",MUWAWF1,53.73
D,DISPATCH,UNIT_SCADA,1,"2019/08/21 12:25:00",NBHWF1,56.70
D,DISPATCH,UNIT_SCADA,1,"2019/08/21 12:25:00",NPS,0
D,DISPATCH,UNIT_SCADA,1,"2019/08/21 12:25:00",NUMURSF1,69.33
D,DISPATCH,UNIT_SCADA,1,"2019/08/21 12:25:00",NYNGAN1,101.50
D,DISPATCH,UNIT_SCADA,1,"2019/08/21 12:25:00",OAKEY1,0
D,DISPATCH,UNIT_SCADA,1,"2019/08/21 12:25:00",OAKEY1SF,21.0120
D,DISPATCH,UNIT_SCADA,1,"2019/08/21 12:25:00",OAKEY2,0
D,DISPATCH,UNIT_SCADA,1,"2019/08/21 12:25:00",OAKLAND1,52.60
D,DISPATCH,UNIT_SCADA,1,"2019/08/21 12:25:00",OSB-AG,0
D,DISPATCH,UNIT_SCADA,1,"2019/08/21 12:25:00",PARSF1,28.100010
D,DISPATCH,UNIT_SCADA,1,"2019/08/21 12:25:00",POAT110,0
D,DISPATCH,UNIT_SCADA,1,"2019/08/21 12:25:00",POAT220,0
D,DISPATCH,UNIT_SCADA,1,"2019/08/21 12:25:00",POR01,0
D,DISPATCH,UNIT_SCADA,1,"2019/08/21 12:25:00",POR03,0
D,DISPATCH,UNIT_SCADA,1,"2019/08/21 12:25:00",PPCCGT,172.8811
D,DISPATCH,UNIT_SCADA,1,"2019/08/21 12:25:00",PTSTAN1,0
D,DISPATCH,UNIT_SCADA,1,"2019/08/21 12:25:00",PUMP1,0
D,DISPATCH,UNIT_SCADA,1,"2019/08/21 12:25:00",PUMP2,0
D,DISPATCH,UNIT_SCADA,1,"2019/08/21 12:25:00",QPS1,0
D,DISPATCH,UNIT_SCADA,1,"2019/08/21 12:25:00",QPS2,0
D,DISPATCH,UNIT_SCADA,1,"2019/08/21 12:25:00",QPS3,0
D,DISPATCH,UNIT_SCADA,1,"2019/08/21 12:25:00",QPS4,0
D,DISPATCH,UNIT_SCADA,1,"2019/08/21 12:25:00",QPS5,0
D,DISPATCH,UNIT_SCADA,1,"2019/08/21 12:25:00",REECE1,116.140010
D,DISPATCH,UNIT_SCADA,1,"2019/08/21 12:25:00",REECE2,115.420010
D,DISPATCH,UNIT_SCADA,1,"2019/08/21 12:25:00",ROMA_7,0
D,DISPATCH,UNIT_SCADA,1,"2019/08/21 12:25:00",ROMA_8,0
D,DISPATCH,UNIT_SCADA,1,"2019/08/21 12:25:00",RRSF1,108.590350
D,DISPATCH,UNIT_SCADA,1,"2019/08/21 12:25:00",RT_NSW1,0
D,DISPATCH,UNIT_SCADA,1,"2019/08/21 12:25:00",RT_NSW2,0
D,DISPATCH,UNIT_SCADA,1,"2019/08/21 12:25:00",RT_NSW3,0
D,DISPATCH,UNIT_SCADA,1,"2019/08/21 12:25:00",RT_NSW4,0
D,DISPATCH,UNIT_SCADA,1,"2019/08/21 12:25:00",RT_NSW5,0
D,DISPATCH,UNIT_SCADA,1,"2019/08/21 12:25:00",RT_NSW6,0
D,DISPATCH,UNIT_SCADA,1,"2019/08/21 12:25:00",RT_QLD1,0
D,DISPATCH,UNIT_SCADA,1,"2019/08/21 12:25:00",RT_SA1,0
D,DISPATCH,UNIT_SCADA,1,"2019/08/21 12:25:00",RT_SA2,0
D,DISPATCH,UNIT_SCADA,1,"2019/08/21 12:25:00",RT_SA3,0
D,DISPATCH,UNIT_SCADA,1,"2019/08/21 12:25:00",RT_SA4,0
D,DISPATCH,UNIT_SCADA,1,"2019/08/21 12:25:00",RT_SA5,0
D,DISPATCH,UNIT_SCADA,1,"2019/08/21 12:25:00",RT_SA6,0
D,DISPATCH,UNIT_SCADA,1,"2019/08/21 12:25:00",RT_TAS1,0
D,DISPATCH,UNIT_SCADA,1,"2019/08/21 12:25:00",RT_VIC1,0
D,DISPATCH,UNIT_SCADA,1,"2019/08/21 12:25:00",RT_VIC10,0
D,DISPATCH,UNIT_SCADA,1,"2019/08/21 12:25:00",RT_VIC11,0
D,DISPATCH,UNIT_SCADA,1,"2019/08/21 12:25:00",RT_VIC12,0
D,DISPATCH,UNIT_SCADA,1,"2019/08/21 12:25:00",RT_VIC2,0
D,DISPATCH,UNIT_SCADA,1,"2019/08/21 12:25:00",RT_VIC3,0
D,DISPATCH,UNIT_SCADA,1,"2019/08/21 12:25:00",RT_VIC4,0
D,DISPATCH,UNIT_SCADA,1,"2019/08/21 12:25:00",RT_VIC5,0
D,DISPATCH,UNIT_SCADA,1,"2019/08/21 12:25:00",RT_VIC6,0
D,DISPATCH,UNIT_SCADA,1,"2019/08/21 12:25:00",RT_VIC7,0
D,DISPATCH,UNIT_SCADA,1,"2019/08/21 12:25:00",RT_VIC8,0
D,DISPATCH,UNIT_SCADA,1,"2019/08/21 12:25:00",RT_VIC9,0
D,DISPATCH,UNIT_SCADA,1,"2019/08/21 12:25:00",RUGBYR1,0
D,DISPATCH,UNIT_SCADA,1,"2019/08/21 12:25:00",SALTCRK1,45.46
D,DISPATCH,UNIT_SCADA,1,"2019/08/21 12:25:00",SAPHWF1,146.353120
D,DISPATCH,UNIT_SCADA,1,"2019/08/21 12:25:00",SHGEN,0
D,DISPATCH,UNIT_SCADA,1,"2019/08/21 12:25:00",SHPUMP,201.032930
D,DISPATCH,UNIT_SCADA,1,"2019/08/21 12:25:00",SITHE01,0.043330
D,DISPATCH,UNIT_SCADA,1,"2019/08/21 12:25:00",SMCSF1,69.245160
D,DISPATCH,UNIT_SCADA,1,"2019/08/21 12:25:00",SNOWNTH1,12.50
D,DISPATCH,UNIT_SCADA,1,"2019/08/21 12:25:00",SNOWSTH1,30.20
D,DISPATCH,UNIT_SCADA,1,"2019/08/21 12:25:00",SNOWTWN1,12.339180
D,DISPATCH,UNIT_SCADA,1,"2019/08/21 12:25:00",SNOWYP,379.200010
D,DISPATCH,UNIT_SCADA,1,"2019/08/21 12:25:00",SNUG1,0.019440
D,DISPATCH,UNIT_SCADA,1,"2019/08/21 12:25:00",SRSF1,34.55
D,DISPATCH,UNIT_SCADA,1,"2019/08/21 12:25:00",STAN-1,0
D,DISPATCH,UNIT_SCADA,1,"2019/08/21 12:25:00",STAN-2,273.454960
D,DISPATCH,UNIT_SCADA,1,"2019/08/21 12:25:00",STAN-3,273.352420
D,DISPATCH,UNIT_SCADA,1,"2019/08/21 12:25:00",STAN-4,279.389590
D,DISPATCH,UNIT_SCADA,1,"2019/08/21 12:25:00",STWF1,9.697510
D,DISPATCH,UNIT_SCADA,1,"2019/08/21 12:25:00",SWAN_E,0
D,DISPATCH,UNIT_SCADA,1,"2019/08/21 12:25:00",TALWA1,0
D,DISPATCH,UNIT_SCADA,1,"2019/08/21 12:25:00",TARALGA1,60.239970
D,DISPATCH,UNIT_SCADA,1,"2019/08/21 12:25:00",TARONG#1,273.50
D,DISPATCH,UNIT_SCADA,1,"2019/08/21 12:25:00",TARONG#2,274.399990
D,DISPATCH,UNIT_SCADA,1,"2019/08/21 12:25:00",TARONG#3,259.399990
D,DISPATCH,UNIT_SCADA,1,"2019/08/21 12:25:00",TARONG#4,280
D,DISPATCH,UNIT_SCADA,1,"2019/08/21 12:25:00",TARRALEA,74.80
D,DISPATCH,UNIT_SCADA,1,"2019/08/21 12:25:00",TBSF1,69.60
D,DISPATCH,UNIT_SCADA,1,"2019/08/21 12:25:00",TNPS1,442.000030
D,DISPATCH,UNIT_SCADA,1,"2019/08/21 12:25:00",TORRA1,35.255460
D,DISPATCH,UNIT_SCADA,1,"2019/08/21 12:25:00",TORRA2,0
D,DISPATCH,UNIT_SCADA,1,"2019/08/21 12:25:00",TORRA3,0
D,DISPATCH,UNIT_SCADA,1,"2019/08/21 12:25:00",TORRA4,0
D,DISPATCH,UNIT_SCADA,1,"2019/08/21 12:25:00",TORRB1,41.20
D,DISPATCH,UNIT_SCADA,1,"2019/08/21 12:25:00",TORRB2,41.27
D,DISPATCH,UNIT_SCADA,1,"2019/08/21 12:25:00",TORRB3,0
D,DISPATCH,UNIT_SCADA,1,"2019/08/21 12:25:00",TORRB4,0
D,DISPATCH,UNIT_SCADA,1,"2019/08/21 12:25:00",TREVALLN,45.140010
D,DISPATCH,UNIT_SCADA,1,"2019/08/21 12:25:00",TRIBUTE,0
D,DISPATCH,UNIT_SCADA,1,"2019/08/21 12:25:00",TUMUT3,0
D,DISPATCH,UNIT_SCADA,1,"2019/08/21 12:25:00",TUNGATIN,72.690030
D,DISPATCH,UNIT_SCADA,1,"2019/08/21 12:25:00",TVCC201,0
D,DISPATCH,UNIT_SCADA,1,"2019/08/21 12:25:00",TVPP104,0
D,DISPATCH,UNIT_SCADA,1,"2019/08/21 12:25:00",UPPTUMUT,0
D,DISPATCH,UNIT_SCADA,1,"2019/08/21 12:25:00",URANQ11,0
D,DISPATCH,UNIT_SCADA,1,"2019/08/21 12:25:00",URANQ12,0
D,DISPATCH,UNIT_SCADA,1,"2019/08/21 12:25:00",URANQ13,0
D,DISPATCH,UNIT_SCADA,1,"2019/08/21 12:25:00",URANQ14,0
D,DISPATCH,UNIT_SCADA,1,"2019/08/21 12:25:00",VP5,371.425020
D,DISPATCH,UNIT_SCADA,1,"2019/08/21 12:25:00",VP6,369.975010
D,DISPATCH,UNIT_SCADA,1,"2019/08/21 12:25:00",VPGS1,0
D,DISPATCH,UNIT_SCADA,1,"2019/08/21 12:25:00",VPGS2,0
D,DISPATCH,UNIT_SCADA,1,"2019/08/21 12:25:00",VPGS3,0
D,DISPATCH,UNIT_SCADA,1,"2019/08/21 12:25:00",VPGS4,0
D,DISPATCH,UNIT_SCADA,1,"2019/08/21 12:25:00",VPGS5,0
D,DISPATCH,UNIT_SCADA,1,"2019/08/21 12:25:00",VPGS6,0
D,DISPATCH,UNIT_SCADA,1,"2019/08/21 12:25:00",W/HOE#1,0
D,DISPATCH,UNIT_SCADA,1,"2019/08/21 12:25:00",W/HOE#2,0
D,DISPATCH,UNIT_SCADA,1,"2019/08/21 12:25:00",WATERLWF,91.60
D,DISPATCH,UNIT_SCADA,1,"2019/08/21 12:25:00",WEMENSF1,29.30
D,DISPATCH,UNIT_SCADA,1,"2019/08/21 12:25:00",WGWF1,45.70
D,DISPATCH,UNIT_SCADA,1,"2019/08/21 12:25:00",WHITSF1,0
D,DISPATCH,UNIT_SCADA,1,"2019/08/21 12:25:00",WKIEWA1,0
D,DISPATCH,UNIT_SCADA,1,"2019/08/21 12:25:00",WKIEWA2,7.10
D,DISPATCH,UNIT_SCADA,1,"2019/08/21 12:25:00",WOODLWN1,44.775010
D,DISPATCH,UNIT_SCADA,1,"2019/08/21 12:25:00",WRSF1,5.08
D,DISPATCH,UNIT_SCADA,1,"2019/08/21 12:25:00",WRWF1,162.25
D,DISPATCH,UNIT_SCADA,1,"2019/08/21 12:25:00",YABULU,0
D,DISPATCH,UNIT_SCADA,1,"2019/08/21 12:25:00",YABULU2,0
D,DISPATCH,UNIT_SCADA,1,"2019/08/21 12:25:00",YARWUN_1,0
D,DISPATCH,UNIT_SCADA,1,"2019/08/21 12:25:00",YENDWF1,41.88
D,DISPATCH,UNIT_SCADA,1,"2019/08/21 12:25:00",YWPS1,371.929110
D,DISPATCH,UNIT_SCADA,1,"2019/08/21 12:25:00",YWPS2,285.460750
D,DISPATCH,UNIT_SCADA,1,"2019/08/21 12:25:00",YWPS3,0
D,DISPATCH,UNIT_SCADA,1,"2019/08/21 12:25:00",YWPS4,360.235440
C,"END OF REPORT",334
