C,NEMP.WORLD,DISPATCHSCADA,AEMO,PUBLIC,2019/08/23,04:45:09,0000000311893855,DISPATCHSCADA,0000000311893849
I,DISPATCH,UNIT_SCADA,1,SETTLEMENTDATE,DUID,SCADAVALUE
D,DISPATCH,UNIT_SCADA,1,"2019/08/23 04:50:00",BARCSF1,0
D,DISPATCH,UNIT_SCADA,1,"2019/08/23 04:50:00",BUTLERSG,9.699999
D,DISPATCH,UNIT_SCADA,1,"2019/08/23 04:50:00",CALL_A_4,0
D,DISPATCH,UNIT_SCADA,1,"2019/08/23 04:50:00",CAPTL_WF,0
D,DISPATCH,UNIT_SCADA,1,"2019/08/23 04:50:00",CATHROCK,50.119999
D,DISPATCH,UNIT_SCADA,1,"2019/08/23 04:50:00",CHALLHWF,0
D,DISPATCH,UNIT_SCADA,1,"2019/08/23 04:50:00",CLOVER,-0.01
D,DISPATCH,UNIT_SCADA,1,"2019/08/23 04:50:00",CLUNY,20.302586
D,DISPATCH,UNIT_SCADA,1,"2019/08/23 04:50:00",CNUNDAWF,3.604204
D,DISPATCH,UNIT_SCADA,1,"2019/08/23 04:50:00",CULLRGWF,4.89
D,DISPATCH,UNIT_SCADA,1,"2019/08/23 04:50:00",ERGT01,0
D,DISPATCH,UNIT_SCADA,1,"2019/08/23 04:50:00",GB01,0.061127
D,DISPATCH,UNIT_SCADA,1,"2019/08/23 04:50:00",GERMCRK,37.799999
D,DISPATCH,UNIT_SCADA,1,"2019/08/23 04:50:00",GRIFSF1,0
D,DISPATCH,UNIT_SCADA,1,"2019/08/23 04:50:00",HUGSF1,-0.2370
D,DISPATCH,UNIT_SCADA,1,"2019/08/23 04:50:00",LKBONNY1,5.090634
D,DISPATCH,UNIT_SCADA,1,"2019/08/23 04:50:00",LRSF1,-0.0130
D,DISPATCH,UNIT_SCADA,1,"2019/08/23 04:50:00",MBAHNTH,55.631256
D,DISPATCH,UNIT_SCADA,1,"2019/08/23 04:50:00",MLSP1,0.180001
D,DISPATCH,UNIT_SCADA,1,"2019/08/23 04:50:00",MLWF1,0.9450
D,DISPATCH,UNIT_SCADA,1,"2019/08/23 04:50:00",MTMILLAR,16.050909
D,DISPATCH,UNIT_SCADA,1,"2019/08/23 04:50:00",PALOONA,30.469999
D,DISPATCH,UNIT_SCADA,1,"2019/08/23 04:50:00",PIONEER,48
D,DISPATCH,UNIT_SCADA,1,"2019/08/23 04:50:00",PORTWF,25.90
D,DISPATCH,UNIT_SCADA,1,"2019/08/23 04:50:00",REPULSE,28.879225
D,DISPATCH,UNIT_SCADA,1,"2019/08/23 04:50:00",ROWALLAN,10.4299
D,DISPATCH,UNIT_SCADA,1,"2019/08/23 04:50:00",ROYALLA1,0
D,DISPATCH,UNIT_SCADA,1,"2019/08/23 04:50:00",RPCG,10.50
D,DISPATCH,UNIT_SCADA,1,"2019/08/23 04:50:00",RUBICON,0
D,DISPATCH,UNIT_SCADA,1,"2019/08/23 04:50:00",SATGN1,0
D,DISPATCH,UNIT_SCADA,1,"2019/08/23 04:50:00",SATGS1,0
D,DISPATCH,UNIT_SCADA,1,"2019/08/23 04:50:00",STARHLWF,2.099388
D,DISPATCH,UNIT_SCADA,1,"2019/08/23 04:50:00",WAUBRAWF,4.3730
D,DISPATCH,UNIT_SCADA,1,"2019/08/23 04:50:00",WOOLNTH1,27.580017
D,DISPATCH,UNIT_SCADA,1,"2019/08/23 04:50:00",WPWF,8
D,DISPATCH,UNIT_SCADA,1,"2019/08/23 04:50:00",YAMBUKWF,2.70
D,DISPATCH,UNIT_SCADA,1,"2019/08/23 04:50:00",YSWF1,0
D,DISPATCH,UNIT_SCADA,1,"2019/08/23 04:50:00",AGLHAL,0
D,DISPATCH,UNIT_SCADA,1,"2019/08/23 04:50:00",AGLSOM,0
D,DISPATCH,UNIT_SCADA,1,"2019/08/23 04:50:00",ANGAST1,0
D,DISPATCH,UNIT_SCADA,1,"2019/08/23 04:50:00",ARWF1,0.60
D,DISPATCH,UNIT_SCADA,1,"2019/08/23 04:50:00",BALBG1,0
D,DISPATCH,UNIT_SCADA,1,"2019/08/23 04:50:00",BALBL1,8.06
D,DISPATCH,UNIT_SCADA,1,"2019/08/23 04:50:00",BALDHWF1,11.1430
D,DISPATCH,UNIT_SCADA,1,"2019/08/23 04:50:00",BANN1,0
D,DISPATCH,UNIT_SCADA,1,"2019/08/23 04:50:00",BARCALDN,0
D,DISPATCH,UNIT_SCADA,1,"2019/08/23 04:50:00",BARRON-1,0
D,DISPATCH,UNIT_SCADA,1,"2019/08/23 04:50:00",BARRON-2,0
D,DISPATCH,UNIT_SCADA,1,"2019/08/23 04:50:00",BASTYAN,77.88
D,DISPATCH,UNIT_SCADA,1,"2019/08/23 04:50:00",BBTHREE1,-1.91
D,DISPATCH,UNIT_SCADA,1,"2019/08/23 04:50:00",BBTHREE2,-1.96
D,DISPATCH,UNIT_SCADA,1,"2019/08/23 04:50:00",BBTHREE3,-1
D,DISPATCH,UNIT_SCADA,1,"2019/08/23 04:50:00",BDL01,0
D,DISPATCH,UNIT_SCADA,1,"2019/08/23 04:50:00",BDL02,0
D,DISPATCH,UNIT_SCADA,1,"2019/08/23 04:50:00",BERYLSF1,-0.179440
D,DISPATCH,UNIT_SCADA,1,"2019/08/23 04:50:00",BLOWERNG,0
D,DISPATCH,UNIT_SCADA,1,"2019/08/23 04:50:00",BLUFF1,9.50
D,DISPATCH,UNIT_SCADA,1,"2019/08/23 04:50:00",BNGSF1,0
D,DISPATCH,UNIT_SCADA,1,"2019/08/23 04:50:00",BNGSF2,0
D,DISPATCH,UNIT_SCADA,1,"2019/08/23 04:50:00",BOCORWF1,18.14
D,DISPATCH,UNIT_SCADA,1,"2019/08/23 04:50:00",BODWF1,53.210850
D,DISPATCH,UNIT_SCADA,1,"2019/08/23 04:50:00",BRAEMAR1,0
D,DISPATCH,UNIT_SCADA,1,"2019/08/23 04:50:00",BRAEMAR2,0
D,DISPATCH,UNIT_SCADA,1,"2019/08/23 04:50:00",BRAEMAR3,0
D,DISPATCH,UNIT_SCADA,1,"2019/08/23 04:50:00",BRAEMAR5,0
D,DISPATCH,UNIT_SCADA,1,"2019/08/23 04:50:00",BRAEMAR6,0
D,DISPATCH,UNIT_SCADA,1,"2019/08/23 04:50:00",BRAEMAR7,0
D,DISPATCH,UNIT_SCADA,1,"2019/08/23 04:50:00",BROKENH1,0
D,DISPATCH,UNIT_SCADA,1,"2019/08/23 04:50:00",BW01,593.824950
D,DISPATCH,UNIT_SCADA,1,"2019/08/23 04:50:00",BW02,608.574950
D,DISPATCH,UNIT_SCADA,1,"2019/08/23 04:50:00",BW03,622.974980
D,DISPATCH,UNIT_SCADA,1,"2019/08/23 04:50:00",BW04,0
D,DISPATCH,UNIT_SCADA,1,"2019/08/23 04:50:00",CALL_B_1,339.700010
D,DISPATCH,UNIT_SCADA,1,"2019/08/23 04:50:00",CALL_B_2,348.899990
D,DISPATCH,UNIT_SCADA,1,"2019/08/23 04:50:00",CETHANA,97.825250
D,DISPATCH,UNIT_SCADA,1,"2019/08/23 04:50:00",CG1,0
D,DISPATCH,UNIT_SCADA,1,"2019/08/23 04:50:00",CG2,0
D,DISPATCH,UNIT_SCADA,1,"2019/08/23 04:50:00",CG3,0
D,DISPATCH,UNIT_SCADA,1,"2019/08/23 04:50:00",CG4,0
D,DISPATCH,UNIT_SCADA,1,"2019/08/23 04:50:00",CHILDSF1,0
D,DISPATCH,UNIT_SCADA,1,"2019/08/23 04:50:00",CLARESF1,0
D,DISPATCH,UNIT_SCADA,1,"2019/08/23 04:50:00",CLEMGPWF,28.958070
D,DISPATCH,UNIT_SCADA,1,"2019/08/23 04:50:00",CLERMSF1,0
D,DISPATCH,UNIT_SCADA,1,"2019/08/23 04:50:00",COLEASF1,0
D,DISPATCH,UNIT_SCADA,1,"2019/08/23 04:50:00",COOPGWF1,9.346340
D,DISPATCH,UNIT_SCADA,1,"2019/08/23 04:50:00",CPP_3,406.725010
D,DISPATCH,UNIT_SCADA,1,"2019/08/23 04:50:00",CPP_4,405.6250
D,DISPATCH,UNIT_SCADA,1,"2019/08/23 04:50:00",CPSA,142.526250
D,DISPATCH,UNIT_SCADA,1,"2019/08/23 04:50:00",CROOKWF2,1.7150
D,DISPATCH,UNIT_SCADA,1,"2019/08/23 04:50:00",CROWLWF1,2.160130
D,DISPATCH,UNIT_SCADA,1,"2019/08/23 04:50:00",CSPVPS1,0
D,DISPATCH,UNIT_SCADA,1,"2019/08/23 04:50:00",DALNTH01,0
D,DISPATCH,UNIT_SCADA,1,"2019/08/23 04:50:00",DALNTHL1,0.071720
D,DISPATCH,UNIT_SCADA,1,"2019/08/23 04:50:00",DARTM1,0
D,DISPATCH,UNIT_SCADA,1,"2019/08/23 04:50:00",DAYDSF1,0
D,DISPATCH,UNIT_SCADA,1,"2019/08/23 04:50:00",DDPS1,255.769810
D,DISPATCH,UNIT_SCADA,1,"2019/08/23 04:50:00",DDSF1,0
D,DISPATCH,UNIT_SCADA,1,"2019/08/23 04:50:00",DEVILS_G,0
D,DISPATCH,UNIT_SCADA,1,"2019/08/23 04:50:00",DG_NSW1,0
D,DISPATCH,UNIT_SCADA,1,"2019/08/23 04:50:00",DG_QLD1,0
D,DISPATCH,UNIT_SCADA,1,"2019/08/23 04:50:00",DG_SA1,0
D,DISPATCH,UNIT_SCADA,1,"2019/08/23 04:50:00",DG_TAS1,0
D,DISPATCH,UNIT_SCADA,1,"2019/08/23 04:50:00",DG_VIC1,0
D,DISPATCH,UNIT_SCADA,1,"2019/08/23 04:50:00",DRYCGT1,0
D,DISPATCH,UNIT_SCADA,1,"2019/08/23 04:50:00",DRYCGT2,0
D,DISPATCH,UNIT_SCADA,1,"2019/08/23 04:50:00",DRYCGT3,0
D,DISPATCH,UNIT_SCADA,1,"2019/08/23 04:50:00",EILDON1,0
D,DISPATCH,UNIT_SCADA,1,"2019/08/23 04:50:00",EILDON2,0
D,DISPATCH,UNIT_SCADA,1,"2019/08/23 04:50:00",EMERASF1,0
D,DISPATCH,UNIT_SCADA,1,"2019/08/23 04:50:00",ER01,488.900020
D,DISPATCH,UNIT_SCADA,1,"2019/08/23 04:50:00",ER02,412.650020
D,DISPATCH,UNIT_SCADA,1,"2019/08/23 04:50:00",ER03,380.724980
D,DISPATCH,UNIT_SCADA,1,"2019/08/23 04:50:00",ER04,488.574950
D,DISPATCH,UNIT_SCADA,1,"2019/08/23 04:50:00",FINLYSF1,0
D,DISPATCH,UNIT_SCADA,1,"2019/08/23 04:50:00",FISHER,45.87
D,DISPATCH,UNIT_SCADA,1,"2019/08/23 04:50:00",GANNBG1,0
D,DISPATCH,UNIT_SCADA,1,"2019/08/23 04:50:00",GANNBL1,8.781390
D,DISPATCH,UNIT_SCADA,1,"2019/08/23 04:50:00",GANNSF1,0
D,DISPATCH,UNIT_SCADA,1,"2019/08/23 04:50:00",GORDON,99.883280
D,DISPATCH,UNIT_SCADA,1,"2019/08/23 04:50:00",GSTONE1,199.849990
D,DISPATCH,UNIT_SCADA,1,"2019/08/23 04:50:00",GSTONE2,199.3250
D,DISPATCH,UNIT_SCADA,1,"2019/08/23 04:50:00",GSTONE3,199.50
D,DISPATCH,UNIT_SCADA,1,"2019/08/23 04:50:00",GSTONE4,198.974990
D,DISPATCH,UNIT_SCADA,1,"2019/08/23 04:50:00",GSTONE5,198.80
D,DISPATCH,UNIT_SCADA,1,"2019/08/23 04:50:00",GSTONE6,0
D,DISPATCH,UNIT_SCADA,1,"2019/08/23 04:50:00",GULLRSF1,0
D,DISPATCH,UNIT_SCADA,1,"2019/08/23 04:50:00",GULLRWF1,15.635960
D,DISPATCH,UNIT_SCADA,1,"2019/08/23 04:50:00",GUNNING1,6.265570
D,DISPATCH,UNIT_SCADA,1,"2019/08/23 04:50:00",GUTHEGA,0
D,DISPATCH,UNIT_SCADA,1,"2019/08/23 04:50:00",HALLWF1,36.37
D,DISPATCH,UNIT_SCADA,1,"2019/08/23 04:50:00",HALLWF2,14.12
D,DISPATCH,UNIT_SCADA,1,"2019/08/23 04:50:00",HAMISF1,0
D,DISPATCH,UNIT_SCADA,1,"2019/08/23 04:50:00",HAUGHT11,0
D,DISPATCH,UNIT_SCADA,1,"2019/08/23 04:50:00",HAYMSF1,0
D,DISPATCH,UNIT_SCADA,1,"2019/08/23 04:50:00",HDWF1,54.80
D,DISPATCH,UNIT_SCADA,1,"2019/08/23 04:50:00",HDWF2,56.60
D,DISPATCH,UNIT_SCADA,1,"2019/08/23 04:50:00",HDWF3,58.10
D,DISPATCH,UNIT_SCADA,1,"2019/08/23 04:50:00",HPRG1,0
D,DISPATCH,UNIT_SCADA,1,"2019/08/23 04:50:00",HPRL1,39.70
D,DISPATCH,UNIT_SCADA,1,"2019/08/23 04:50:00",HUMENSW,0
D,DISPATCH,UNIT_SCADA,1,"2019/08/23 04:50:00",HUMEV,9
D,DISPATCH,UNIT_SCADA,1,"2019/08/23 04:50:00",HVGTS,0
D,DISPATCH,UNIT_SCADA,1,"2019/08/23 04:50:00",JBUTTERS,141.42
D,DISPATCH,UNIT_SCADA,1,"2019/08/23 04:50:00",JLA01,0.10
D,DISPATCH,UNIT_SCADA,1,"2019/08/23 04:50:00",JLA02,0
D,DISPATCH,UNIT_SCADA,1,"2019/08/23 04:50:00",JLA03,0.10
D,DISPATCH,UNIT_SCADA,1,"2019/08/23 04:50:00",JLA04,0.10
D,DISPATCH,UNIT_SCADA,1,"2019/08/23 04:50:00",JLB01,0
D,DISPATCH,UNIT_SCADA,1,"2019/08/23 04:50:00",JLB02,0.10
D,DISPATCH,UNIT_SCADA,1,"2019/08/23 04:50:00",JLB03,0
D,DISPATCH,UNIT_SCADA,1,"2019/08/23 04:50:00",KAREEYA1,21.46
D,DISPATCH,UNIT_SCADA,1,"2019/08/23 04:50:00",KAREEYA2,21.7675
D,DISPATCH,UNIT_SCADA,1,"2019/08/23 04:50:00",KAREEYA3,0
D,DISPATCH,UNIT_SCADA,1,"2019/08/23 04:50:00",KAREEYA4,21.6525
D,DISPATCH,UNIT_SCADA,1,"2019/08/23 04:50:00",KARSF1,0
D,DISPATCH,UNIT_SCADA,1,"2019/08/23 04:50:00",KIATAWF1,-0.10
D,DISPATCH,UNIT_SCADA,1,"2019/08/23 04:50:00",KPP_1,0
D,DISPATCH,UNIT_SCADA,1,"2019/08/23 04:50:00",KSP1,0
D,DISPATCH,UNIT_SCADA,1,"2019/08/23 04:50:00",LADBROK1,0
D,DISPATCH,UNIT_SCADA,1,"2019/08/23 04:50:00",LADBROK2,0
D,DISPATCH,UNIT_SCADA,1,"2019/08/23 04:50:00",LD01,352.350040
D,DISPATCH,UNIT_SCADA,1,"2019/08/23 04:50:00",LD02,298.837460
D,DISPATCH,UNIT_SCADA,1,"2019/08/23 04:50:00",LD03,348.975040
D,DISPATCH,UNIT_SCADA,1,"2019/08/23 04:50:00",LD04,346.3125
D,DISPATCH,UNIT_SCADA,1,"2019/08/23 04:50:00",LEM_WIL,86.175450
D,DISPATCH,UNIT_SCADA,1,"2019/08/23 04:50:00",LGAPWF1,5.75
D,DISPATCH,UNIT_SCADA,1,"2019/08/23 04:50:00",LILYSF1,0
D,DISPATCH,UNIT_SCADA,1,"2019/08/23 04:50:00",LI_WY_CA,149.956090
D,DISPATCH,UNIT_SCADA,1,"2019/08/23 04:50:00",LKBONNY2,11.035280
D,DISPATCH,UNIT_SCADA,1,"2019/08/23 04:50:00",LKBONNY3,3.405140
D,DISPATCH,UNIT_SCADA,1,"2019/08/23 04:50:00",LK_ECHO,0
D,DISPATCH,UNIT_SCADA,1,"2019/08/23 04:50:00",LNGS1,0
D,DISPATCH,UNIT_SCADA,1,"2019/08/23 04:50:00",LNGS2,0
D,DISPATCH,UNIT_SCADA,1,"2019/08/23 04:50:00",LONSDALE,-0.105110
D,DISPATCH,UNIT_SCADA,1,"2019/08/23 04:50:00",LOYYB1,535.712650
D,DISPATCH,UNIT_SCADA,1,"2019/08/23 04:50:00",LOYYB2,582.330380
D,DISPATCH,UNIT_SCADA,1,"2019/08/23 04:50:00",LYA1,559
D,DISPATCH,UNIT_SCADA,1,"2019/08/23 04:50:00",LYA2,0
D,DISPATCH,UNIT_SCADA,1,"2019/08/23 04:50:00",LYA3,559
D,DISPATCH,UNIT_SCADA,1,"2019/08/23 04:50:00",LYA4,499
D,DISPATCH,UNIT_SCADA,1,"2019/08/23 04:50:00",MACARTH1,30.1993
D,DISPATCH,UNIT_SCADA,1,"2019/08/23 04:50:00",MACKAYGT,0
D,DISPATCH,UNIT_SCADA,1,"2019/08/23 04:50:00",MACKNTSH,86.990010
D,DISPATCH,UNIT_SCADA,1,"2019/08/23 04:50:00",MANSLR1,0
D,DISPATCH,UNIT_SCADA,1,"2019/08/23 04:50:00",MCKAY1,0.02
D,DISPATCH,UNIT_SCADA,1,"2019/08/23 04:50:00",MEADOWBK,34.0102
D,DISPATCH,UNIT_SCADA,1,"2019/08/23 04:50:00",MERCER01,0.9410
D,DISPATCH,UNIT_SCADA,1,"2019/08/23 04:50:00",MEWF1,56.3159
D,DISPATCH,UNIT_SCADA,1,"2019/08/23 04:50:00",MINTARO,0
D,DISPATCH,UNIT_SCADA,1,"2019/08/23 04:50:00",MOREESF1,0
D,DISPATCH,UNIT_SCADA,1,"2019/08/23 04:50:00",MORTLK11,199
D,DISPATCH,UNIT_SCADA,1,"2019/08/23 04:50:00",MORTLK12,0
D,DISPATCH,UNIT_SCADA,1,"2019/08/23 04:50:00",MP1,279.049930
D,DISPATCH,UNIT_SCADA,1,"2019/08/23 04:50:00",MP2,0
D,DISPATCH,UNIT_SCADA,1,"2019/08/23 04:50:00",MPP_1,374.25
D,DISPATCH,UNIT_SCADA,1,"2019/08/23 04:50:00",MPP_2,435.25
D,DISPATCH,UNIT_SCADA,1,"2019/08/23 04:50:00",MSTUART1,0
D,DISPATCH,UNIT_SCADA,1,"2019/08/23 04:50:00",MSTUART2,0
D,DISPATCH,UNIT_SCADA,1,"2019/08/23 04:50:00",MSTUART3,0
D,DISPATCH,UNIT_SCADA,1,"2019/08/23 04:50:00",MTGELWF1,5.217140
D,DISPATCH,UNIT_SCADA,1,"2019/08/23 04:50:00",MURRAY,0
D,DISPATCH,UNIT_SCADA,1,"2019/08/23 04:50:00",MUSSELR1,29.50
D,DISPATCH,UNIT_SCADA,1,"2019/08/23 04:50:00",MUWAWF1,-0.08
D,DISPATCH,UNIT_SCADA,1,"2019/08/23 04:50:00",NBHWF1,42.90
D,DISPATCH,UNIT_SCADA,1,"2019/08/23 04:50:00",NPS,204.75
D,DISPATCH,UNIT_SCADA,1,"2019/08/23 04:50:00",NUMURSF1,0
D,DISPATCH,UNIT_SCADA,1,"2019/08/23 04:50:00",NYNGAN1,0
D,DISPATCH,UNIT_SCADA,1,"2019/08/23 04:50:00",OAKEY1,0
D,DISPATCH,UNIT_SCADA,1,"2019/08/23 04:50:00",OAKEY1SF,0
D,DISPATCH,UNIT_SCADA,1,"2019/08/23 04:50:00",OAKEY2,0
D,DISPATCH,UNIT_SCADA,1,"2019/08/23 04:50:00",OAKLAND1,-0.30
D,DISPATCH,UNIT_SCADA,1,"2019/08/23 04:50:00",OSB-AG,143
D,DISPATCH,UNIT_SCADA,1,"2019/08/23 04:50:00",PARSF1,0
D,DISPATCH,UNIT_SCADA,1,"2019/08/23 04:50:00",POAT110,0
D,DISPATCH,UNIT_SCADA,1,"2019/08/23 04:50:00",POAT220,1.94
D,DISPATCH,UNIT_SCADA,1,"2019/08/23 04:50:00",POR01,0
D,DISPATCH,UNIT_SCADA,1,"2019/08/23 04:50:00",POR03,0
D,DISPATCH,UNIT_SCADA,1,"2019/08/23 04:50:00",PPCCGT,497.024660
D,DISPATCH,UNIT_SCADA,1,"2019/08/23 04:50:00",PTSTAN1,0
D,DISPATCH,UNIT_SCADA,1,"2019/08/23 04:50:00",PUMP1,0
D,DISPATCH,UNIT_SCADA,1,"2019/08/23 04:50:00",PUMP2,0
D,DISPATCH,UNIT_SCADA,1,"2019/08/23 04:50:00",QPS1,0
D,DISPATCH,UNIT_SCADA,1,"2019/08/23 04:50:00",QPS2,0
D,DISPATCH,UNIT_SCADA,1,"2019/08/23 04:50:00",QPS3,0
D,DISPATCH,UNIT_SCADA,1,"2019/08/23 04:50:00",QPS4,0
D,DISPATCH,UNIT_SCADA,1,"2019/08/23 04:50:00",QPS5,0
D,DISPATCH,UNIT_SCADA,1,"2019/08/23 04:50:00",REECE1,120.200010
D,DISPATCH,UNIT_SCADA,1,"2019/08/23 04:50:00",REECE2,118.510010
D,DISPATCH,UNIT_SCADA,1,"2019/08/23 04:50:00",ROMA_7,0
D,DISPATCH,UNIT_SCADA,1,"2019/08/23 04:50:00",ROMA_8,0
D,DISPATCH,UNIT_SCADA,1,"2019/08/23 04:50:00",RRSF1,0
D,DISPATCH,UNIT_SCADA,1,"2019/08/23 04:50:00",RT_NSW1,0
D,DISPATCH,UNIT_SCADA,1,"2019/08/23 04:50:00",RT_NSW2,0
D,DISPATCH,UNIT_SCADA,1,"2019/08/23 04:50:00",RT_NSW3,0
D,DISPATCH,UNIT_SCADA,1,"2019/08/23 04:50:00",RT_NSW4,0
D,DISPATCH,UNIT_SCADA,1,"2019/08/23 04:50:00",RT_NSW5,0
D,DISPATCH,UNIT_SCADA,1,"2019/08/23 04:50:00",RT_NSW6,0
D,DISPATCH,UNIT_SCADA,1,"2019/08/23 04:50:00",RT_QLD1,0
D,DISPATCH,UNIT_SCADA,1,"2019/08/23 04:50:00",RT_SA1,0
D,DISPATCH,UNIT_SCADA,1,"2019/08/23 04:50:00",RT_SA2,0
D,DISPATCH,UNIT_SCADA,1,"2019/08/23 04:50:00",RT_SA3,0
D,DISPATCH,UNIT_SCADA,1,"2019/08/23 04:50:00",RT_SA4,0
D,DISPATCH,UNIT_SCADA,1,"2019/08/23 04:50:00",RT_SA5,0
D,DISPATCH,UNIT_SCADA,1,"2019/08/23 04:50:00",RT_SA6,0
D,DISPATCH,UNIT_SCADA,1,"2019/08/23 04:50:00",RT_TAS1,0
D,DISPATCH,UNIT_SCADA,1,"2019/08/23 04:50:00",RT_VIC1,0
D,DISPATCH,UNIT_SCADA,1,"2019/08/23 04:50:00",RT_VIC10,0
D,DISPATCH,UNIT_SCADA,1,"2019/08/23 04:50:00",RT_VIC11,0
D,DISPATCH,UNIT_SCADA,1,"2019/08/23 04:50:00",RT_VIC12,0
D,DISPATCH,UNIT_SCADA,1,"2019/08/23 04:50:00",RT_VIC2,0
D,DISPATCH,UNIT_SCADA,1,"2019/08/23 04:50:00",RT_VIC3,0
D,DISPATCH,UNIT_SCADA,1,"2019/08/23 04:50:00",RT_VIC4,0
D,DISPATCH,UNIT_SCADA,1,"2019/08/23 04:50:00",RT_VIC5,0
D,DISPATCH,UNIT_SCADA,1,"2019/08/23 04:50:00",RT_VIC6,0
D,DISPATCH,UNIT_SCADA,1,"2019/08/23 04:50:00",RT_VIC7,0
D,DISPATCH,UNIT_SCADA,1,"2019/08/23 04:50:00",RT_VIC8,0
D,DISPATCH,UNIT_SCADA,1,"2019/08/23 04:50:00",RT_VIC9,0
D,DISPATCH,UNIT_SCADA,1,"2019/08/23 04:50:00",RUGBYR1,0
D,DISPATCH,UNIT_SCADA,1,"2019/08/23 04:50:00",SALTCRK1,1.94
D,DISPATCH,UNIT_SCADA,1,"2019/08/23 04:50:00",SAPHWF1,50.371890
D,DISPATCH,UNIT_SCADA,1,"2019/08/23 04:50:00",SHGEN,0
D,DISPATCH,UNIT_SCADA,1,"2019/08/23 04:50:00",SHPUMP,0
D,DISPATCH,UNIT_SCADA,1,"2019/08/23 04:50:00",SITHE01,0.1840
D,DISPATCH,UNIT_SCADA,1,"2019/08/23 04:50:00",SMCSF1,0
D,DISPATCH,UNIT_SCADA,1,"2019/08/23 04:50:00",SNOWNTH1,27.20
D,DISPATCH,UNIT_SCADA,1,"2019/08/23 04:50:00",SNOWSTH1,20.50
D,DISPATCH,UNIT_SCADA,1,"2019/08/23 04:50:00",SNOWTWN1,30.707840
D,DISPATCH,UNIT_SCADA,1,"2019/08/23 04:50:00",SNOWYP,0
D,DISPATCH,UNIT_SCADA,1,"2019/08/23 04:50:00",SNUG1,0.019440
D,DISPATCH,UNIT_SCADA,1,"2019/08/23 04:50:00",SRSF1,0
D,DISPATCH,UNIT_SCADA,1,"2019/08/23 04:50:00",STAN-1,0
D,DISPATCH,UNIT_SCADA,1,"2019/08/23 04:50:00",STAN-2,216.800260
D,DISPATCH,UNIT_SCADA,1,"2019/08/23 04:50:00",STAN-3,216.056840
D,DISPATCH,UNIT_SCADA,1,"2019/08/23 04:50:00",STAN-4,222.158110
D,DISPATCH,UNIT_SCADA,1,"2019/08/23 04:50:00",STWF1,158.658750
D,DISPATCH,UNIT_SCADA,1,"2019/08/23 04:50:00",SWAN_E,0
D,DISPATCH,UNIT_SCADA,1,"2019/08/23 04:50:00",TALWA1,419
D,DISPATCH,UNIT_SCADA,1,"2019/08/23 04:50:00",TARALGA1,1.766260
D,DISPATCH,UNIT_SCADA,1,"2019/08/23 04:50:00",TARONG#1,264
D,DISPATCH,UNIT_SCADA,1,"2019/08/23 04:50:00",TARONG#2,232.70
D,DISPATCH,UNIT_SCADA,1,"2019/08/23 04:50:00",TARONG#3,230.50
D,DISPATCH,UNIT_SCADA,1,"2019/08/23 04:50:00",TARONG#4,260.399990
D,DISPATCH,UNIT_SCADA,1,"2019/08/23 04:50:00",TARRALEA,83.90
D,DISPATCH,UNIT_SCADA,1,"2019/08/23 04:50:00",TBSF1,-0.20
D,DISPATCH,UNIT_SCADA,1,"2019/08/23 04:50:00",TNPS1,398.800020
D,DISPATCH,UNIT_SCADA,1,"2019/08/23 04:50:00",TORRA1,56.455430
D,DISPATCH,UNIT_SCADA,1,"2019/08/23 04:50:00",TORRA2,9.012320
D,DISPATCH,UNIT_SCADA,1,"2019/08/23 04:50:00",TORRA3,0
D,DISPATCH,UNIT_SCADA,1,"2019/08/23 04:50:00",TORRA4,0
D,DISPATCH,UNIT_SCADA,1,"2019/08/23 04:50:00",TORRB1,0
D,DISPATCH,UNIT_SCADA,1,"2019/08/23 04:50:00",TORRB2,63.32
D,DISPATCH,UNIT_SCADA,1,"2019/08/23 04:50:00",TORRB3,0
D,DISPATCH,UNIT_SCADA,1,"2019/08/23 04:50:00",TORRB4,0
D,DISPATCH,UNIT_SCADA,1,"2019/08/23 04:50:00",TREVALLN,44.040020
D,DISPATCH,UNIT_SCADA,1,"2019/08/23 04:50:00",TRIBUTE,84.81
D,DISPATCH,UNIT_SCADA,1,"2019/08/23 04:50:00",TUMUT3,0
D,DISPATCH,UNIT_SCADA,1,"2019/08/23 04:50:00",TUNGATIN,139.660030
D,DISPATCH,UNIT_SCADA,1,"2019/08/23 04:50:00",TVCC201,0
D,DISPATCH,UNIT_SCADA,1,"2019/08/23 04:50:00",TVPP104,0
D,DISPATCH,UNIT_SCADA,1,"2019/08/23 04:50:00",UPPTUMUT,0
D,DISPATCH,UNIT_SCADA,1,"2019/08/23 04:50:00",URANQ11,0
D,DISPATCH,UNIT_SCADA,1,"2019/08/23 04:50:00",URANQ12,0
D,DISPATCH,UNIT_SCADA,1,"2019/08/23 04:50:00",URANQ13,0
D,DISPATCH,UNIT_SCADA,1,"2019/08/23 04:50:00",URANQ14,0
D,DISPATCH,UNIT_SCADA,1,"2019/08/23 04:50:00",VP5,482.024990
D,DISPATCH,UNIT_SCADA,1,"2019/08/23 04:50:00",VP6,401.025020
D,DISPATCH,UNIT_SCADA,1,"2019/08/23 04:50:00",VPGS1,0
D,DISPATCH,UNIT_SCADA,1,"2019/08/23 04:50:00",VPGS2,0
D,DISPATCH,UNIT_SCADA,1,"2019/08/23 04:50:00",VPGS3,0
D,DISPATCH,UNIT_SCADA,1,"2019/08/23 04:50:00",VPGS4,0
D,DISPATCH,UNIT_SCADA,1,"2019/08/23 04:50:00",VPGS5,0
D,DISPATCH,UNIT_SCADA,1,"2019/08/23 04:50:00",VPGS6,0
D,DISPATCH,UNIT_SCADA,1,"2019/08/23 04:50:00",W/HOE#1,0
D,DISPATCH,UNIT_SCADA,1,"2019/08/23 04:50:00",W/HOE#2,0
D,DISPATCH,UNIT_SCADA,1,"2019/08/23 04:50:00",WATERLWF,28.50
D,DISPATCH,UNIT_SCADA,1,"2019/08/23 04:50:00",WEMENSF1,0
D,DISPATCH,UNIT_SCADA,1,"2019/08/23 04:50:00",WGWF1,32.30
D,DISPATCH,UNIT_SCADA,1,"2019/08/23 04:50:00",WHITSF1,0
D,DISPATCH,UNIT_SCADA,1,"2019/08/23 04:50:00",WKIEWA1,33
D,DISPATCH,UNIT_SCADA,1,"2019/08/23 04:50:00",WKIEWA2,16.40
D,DISPATCH,UNIT_SCADA,1,"2019/08/23 04:50:00",WOODLWN1,0
D,DISPATCH,UNIT_SCADA,1,"2019/08/23 04:50:00",WRSF1,0
D,DISPATCH,UNIT_SCADA,1,"2019/08/23 04:50:00",WRWF1,23.448750
D,DISPATCH,UNIT_SCADA,1,"2019/08/23 04:50:00",YABULU,0
D,DISPATCH,UNIT_SCADA,1,"2019/08/23 04:50:00",YABULU2,0
D,DISPATCH,UNIT_SCADA,1,"2019/08/23 04:50:00",YARWUN_1,0
D,DISPATCH,UNIT_SCADA,1,"2019/08/23 04:50:00",YENDWF1,0.72
D,DISPATCH,UNIT_SCADA,1,"2019/08/23 04:50:00",YWPS1,360.650630
D,DISPATCH,UNIT_SCADA,1,"2019/08/23 04:50:00",YWPS2,282.202550
D,DISPATCH,UNIT_SCADA,1,"2019/08/23 04:50:00",YWPS3,0
D,DISPATCH,UNIT_SCADA,1,"2019/08/23 04:50:00",YWPS4,0
C,"END OF REPORT",334
