C,NEMP.WORLD,DISPATCHSCADA,AEMO,PUBLIC,2019/08/19,23:25:07,0000000311764151,DISPATCHSCADA,0000000311764145
I,DISPATCH,UNIT_SCADA,1,SETTLEMENTDATE,DUID,SCADAVALUE
D,DISPATCH,UNIT_SCADA,1,"2019/08/19 23:30:00",BARCSF1,0
D,DISPATCH,UNIT_SCADA,1,"2019/08/19 23:30:00",BUTLERSG,9.799998
D,DISPATCH,UNIT_SCADA,1,"2019/08/19 23:30:00",CALL_A_4,0
D,DISPATCH,UNIT_SCADA,1,"2019/08/19 23:30:00",CAPTL_WF,128.639999
D,DISPATCH,UNIT_SCADA,1,"2019/08/19 23:30:00",CATHROCK,48.569996
D,DISPATCH,UNIT_SCADA,1,"2019/08/19 23:30:00",CHALLHWF,15.50
D,DISPATCH,UNIT_SCADA,1,"2019/08/19 23:30:00",CLOVER,-0.01
D,DISPATCH,UNIT_SCADA,1,"2019/08/19 23:30:00",CLUNY,17.611811
D,DISPATCH,UNIT_SCADA,1,"2019/08/19 23:30:00",CNUNDAWF,36.242279
D,DISPATCH,UNIT_SCADA,1,"2019/08/19 23:30:00",CULLRGWF,30.35
D,DISPATCH,UNIT_SCADA,1,"2019/08/19 23:30:00",ERGT01,0
D,DISPATCH,UNIT_SCADA,1,"2019/08/19 23:30:00",GB01,0.066597
D,DISPATCH,UNIT_SCADA,1,"2019/08/19 23:30:00",GERMCRK,36.200001
D,DISPATCH,UNIT_SCADA,1,"2019/08/19 23:30:00",GRIFSF1,0
D,DISPATCH,UNIT_SCADA,1,"2019/08/19 23:30:00",HUGSF1,-0.2580
D,DISPATCH,UNIT_SCADA,1,"2019/08/19 23:30:00",LKBONNY1,65.285141
D,DISPATCH,UNIT_SCADA,1,"2019/08/19 23:30:00",LRSF1,-0.03
D,DISPATCH,UNIT_SCADA,1,"2019/08/19 23:30:00",MBAHNTH,52.8750
D,DISPATCH,UNIT_SCADA,1,"2019/08/19 23:30:00",MLSP1,0.304001
D,DISPATCH,UNIT_SCADA,1,"2019/08/19 23:30:00",MLWF1,17.280001
D,DISPATCH,UNIT_SCADA,1,"2019/08/19 23:30:00",MTMILLAR,19.243231
D,DISPATCH,UNIT_SCADA,1,"2019/08/19 23:30:00",PALOONA,23.59
D,DISPATCH,UNIT_SCADA,1,"2019/08/19 23:30:00",PIONEER,26.60
D,DISPATCH,UNIT_SCADA,1,"2019/08/19 23:30:00",PORTWF,137.300003
D,DISPATCH,UNIT_SCADA,1,"2019/08/19 23:30:00",REPULSE,29.063553
D,DISPATCH,UNIT_SCADA,1,"2019/08/19 23:30:00",ROWALLAN,9.9471
D,DISPATCH,UNIT_SCADA,1,"2019/08/19 23:30:00",ROYALLA1,0
D,DISPATCH,UNIT_SCADA,1,"2019/08/19 23:30:00",RPCG,-3.20
D,DISPATCH,UNIT_SCADA,1,"2019/08/19 23:30:00",RUBICON,0
D,DISPATCH,UNIT_SCADA,1,"2019/08/19 23:30:00",SATGN1,0
D,DISPATCH,UNIT_SCADA,1,"2019/08/19 23:30:00",SATGS1,0
D,DISPATCH,UNIT_SCADA,1,"2019/08/19 23:30:00",STARHLWF,12.496356
D,DISPATCH,UNIT_SCADA,1,"2019/08/19 23:30:00",WAUBRAWF,119.065002
D,DISPATCH,UNIT_SCADA,1,"2019/08/19 23:30:00",WOOLNTH1,131.240021
D,DISPATCH,UNIT_SCADA,1,"2019/08/19 23:30:00",WPWF,27
D,DISPATCH,UNIT_SCADA,1,"2019/08/19 23:30:00",YAMBUKWF,12.60
D,DISPATCH,UNIT_SCADA,1,"2019/08/19 23:30:00",YSWF1,28.299999
D,DISPATCH,UNIT_SCADA,1,"2019/08/19 23:30:00",AGLHAL,0
D,DISPATCH,UNIT_SCADA,1,"2019/08/19 23:30:00",AGLSOM,0
D,DISPATCH,UNIT_SCADA,1,"2019/08/19 23:30:00",ANGAST1,0
D,DISPATCH,UNIT_SCADA,1,"2019/08/19 23:30:00",ARWF1,17.30
D,DISPATCH,UNIT_SCADA,1,"2019/08/19 23:30:00",BALBG1,0
D,DISPATCH,UNIT_SCADA,1,"2019/08/19 23:30:00",BALBL1,0
D,DISPATCH,UNIT_SCADA,1,"2019/08/19 23:30:00",BALDHWF1,99.7970
D,DISPATCH,UNIT_SCADA,1,"2019/08/19 23:30:00",BANN1,0
D,DISPATCH,UNIT_SCADA,1,"2019/08/19 23:30:00",BARCALDN,0
D,DISPATCH,UNIT_SCADA,1,"2019/08/19 23:30:00",BARRON-1,0
D,DISPATCH,UNIT_SCADA,1,"2019/08/19 23:30:00",BARRON-2,25.52
D,DISPATCH,UNIT_SCADA,1,"2019/08/19 23:30:00",BASTYAN,80.580010
D,DISPATCH,UNIT_SCADA,1,"2019/08/19 23:30:00",BBTHREE1,0
D,DISPATCH,UNIT_SCADA,1,"2019/08/19 23:30:00",BBTHREE2,0
D,DISPATCH,UNIT_SCADA,1,"2019/08/19 23:30:00",BBTHREE3,0
D,DISPATCH,UNIT_SCADA,1,"2019/08/19 23:30:00",BDL01,0
D,DISPATCH,UNIT_SCADA,1,"2019/08/19 23:30:00",BDL02,0
D,DISPATCH,UNIT_SCADA,1,"2019/08/19 23:30:00",BERYLSF1,0
D,DISPATCH,UNIT_SCADA,1,"2019/08/19 23:30:00",BLOWERNG,0
D,DISPATCH,UNIT_SCADA,1,"2019/08/19 23:30:00",BLUFF1,27.80
D,DISPATCH,UNIT_SCADA,1,"2019/08/19 23:30:00",BNGSF1,0
D,DISPATCH,UNIT_SCADA,1,"2019/08/19 23:30:00",BNGSF2,0
D,DISPATCH,UNIT_SCADA,1,"2019/08/19 23:30:00",BOCORWF1,91.05
D,DISPATCH,UNIT_SCADA,1,"2019/08/19 23:30:00",BODWF1,40.073710
D,DISPATCH,UNIT_SCADA,1,"2019/08/19 23:30:00",BRAEMAR1,0
D,DISPATCH,UNIT_SCADA,1,"2019/08/19 23:30:00",BRAEMAR2,0
D,DISPATCH,UNIT_SCADA,1,"2019/08/19 23:30:00",BRAEMAR3,0
D,DISPATCH,UNIT_SCADA,1,"2019/08/19 23:30:00",BRAEMAR5,0
D,DISPATCH,UNIT_SCADA,1,"2019/08/19 23:30:00",BRAEMAR6,0
D,DISPATCH,UNIT_SCADA,1,"2019/08/19 23:30:00",BRAEMAR7,0
D,DISPATCH,UNIT_SCADA,1,"2019/08/19 23:30:00",BROKENH1,0
D,DISPATCH,UNIT_SCADA,1,"2019/08/19 23:30:00",BW01,638.3750
D,DISPATCH,UNIT_SCADA,1,"2019/08/19 23:30:00",BW02,642.6250
D,DISPATCH,UNIT_SCADA,1,"2019/08/19 23:30:00",BW03,644.550050
D,DISPATCH,UNIT_SCADA,1,"2019/08/19 23:30:00",BW04,0
D,DISPATCH,UNIT_SCADA,1,"2019/08/19 23:30:00",CALL_B_1,339.300020
D,DISPATCH,UNIT_SCADA,1,"2019/08/19 23:30:00",CALL_B_2,279.399990
D,DISPATCH,UNIT_SCADA,1,"2019/08/19 23:30:00",CETHANA,80.401630
D,DISPATCH,UNIT_SCADA,1,"2019/08/19 23:30:00",CG1,0
D,DISPATCH,UNIT_SCADA,1,"2019/08/19 23:30:00",CG2,0
D,DISPATCH,UNIT_SCADA,1,"2019/08/19 23:30:00",CG3,0
D,DISPATCH,UNIT_SCADA,1,"2019/08/19 23:30:00",CG4,0
D,DISPATCH,UNIT_SCADA,1,"2019/08/19 23:30:00",CHILDSF1,0
D,DISPATCH,UNIT_SCADA,1,"2019/08/19 23:30:00",CLARESF1,0
D,DISPATCH,UNIT_SCADA,1,"2019/08/19 23:30:00",CLEMGPWF,0.648320
D,DISPATCH,UNIT_SCADA,1,"2019/08/19 23:30:00",CLERMSF1,0
D,DISPATCH,UNIT_SCADA,1,"2019/08/19 23:30:00",COLEASF1,0
D,DISPATCH,UNIT_SCADA,1,"2019/08/19 23:30:00",COOPGWF1,35.1754
D,DISPATCH,UNIT_SCADA,1,"2019/08/19 23:30:00",CPP_3,397.649990
D,DISPATCH,UNIT_SCADA,1,"2019/08/19 23:30:00",CPP_4,397.3750
D,DISPATCH,UNIT_SCADA,1,"2019/08/19 23:30:00",CPSA,142.174380
D,DISPATCH,UNIT_SCADA,1,"2019/08/19 23:30:00",CROOKWF2,81.433750
D,DISPATCH,UNIT_SCADA,1,"2019/08/19 23:30:00",CROWLWF1,38.930430
D,DISPATCH,UNIT_SCADA,1,"2019/08/19 23:30:00",CSPVPS1,0
D,DISPATCH,UNIT_SCADA,1,"2019/08/19 23:30:00",DALNTH01,0.004580
D,DISPATCH,UNIT_SCADA,1,"2019/08/19 23:30:00",DALNTHL1,0
D,DISPATCH,UNIT_SCADA,1,"2019/08/19 23:30:00",DARTM1,134.30
D,DISPATCH,UNIT_SCADA,1,"2019/08/19 23:30:00",DAYDSF1,0
D,DISPATCH,UNIT_SCADA,1,"2019/08/19 23:30:00",DDPS1,0
D,DISPATCH,UNIT_SCADA,1,"2019/08/19 23:30:00",DDSF1,0
D,DISPATCH,UNIT_SCADA,1,"2019/08/19 23:30:00",DEVILS_G,60.094610
D,DISPATCH,UNIT_SCADA,1,"2019/08/19 23:30:00",DG_NSW1,0
D,DISPATCH,UNIT_SCADA,1,"2019/08/19 23:30:00",DG_QLD1,0
D,DISPATCH,UNIT_SCADA,1,"2019/08/19 23:30:00",DG_SA1,0
D,DISPATCH,UNIT_SCADA,1,"2019/08/19 23:30:00",DG_TAS1,0
D,DISPATCH,UNIT_SCADA,1,"2019/08/19 23:30:00",DG_VIC1,0
D,DISPATCH,UNIT_SCADA,1,"2019/08/19 23:30:00",DRYCGT1,0
D,DISPATCH,UNIT_SCADA,1,"2019/08/19 23:30:00",DRYCGT2,0
D,DISPATCH,UNIT_SCADA,1,"2019/08/19 23:30:00",DRYCGT3,0
D,DISPATCH,UNIT_SCADA,1,"2019/08/19 23:30:00",EILDON1,0
D,DISPATCH,UNIT_SCADA,1,"2019/08/19 23:30:00",EILDON2,0
D,DISPATCH,UNIT_SCADA,1,"2019/08/19 23:30:00",EMERASF1,0
D,DISPATCH,UNIT_SCADA,1,"2019/08/19 23:30:00",ER01,549.974980
D,DISPATCH,UNIT_SCADA,1,"2019/08/19 23:30:00",ER02,625.599980
D,DISPATCH,UNIT_SCADA,1,"2019/08/19 23:30:00",ER03,623.150020
D,DISPATCH,UNIT_SCADA,1,"2019/08/19 23:30:00",ER04,628.199950
D,DISPATCH,UNIT_SCADA,1,"2019/08/19 23:30:00",FINLYSF1,0
D,DISPATCH,UNIT_SCADA,1,"2019/08/19 23:30:00",FISHER,45.92
D,DISPATCH,UNIT_SCADA,1,"2019/08/19 23:30:00",GANNBG1,0
D,DISPATCH,UNIT_SCADA,1,"2019/08/19 23:30:00",GANNBL1,0.033470
D,DISPATCH,UNIT_SCADA,1,"2019/08/19 23:30:00",GANNSF1,0
D,DISPATCH,UNIT_SCADA,1,"2019/08/19 23:30:00",GORDON,5.909680
D,DISPATCH,UNIT_SCADA,1,"2019/08/19 23:30:00",GSTONE1,165.024990
D,DISPATCH,UNIT_SCADA,1,"2019/08/19 23:30:00",GSTONE2,158.024990
D,DISPATCH,UNIT_SCADA,1,"2019/08/19 23:30:00",GSTONE3,165.724990
D,DISPATCH,UNIT_SCADA,1,"2019/08/19 23:30:00",GSTONE4,150.149990
D,DISPATCH,UNIT_SCADA,1,"2019/08/19 23:30:00",GSTONE5,165.724990
D,DISPATCH,UNIT_SCADA,1,"2019/08/19 23:30:00",GSTONE6,0
D,DISPATCH,UNIT_SCADA,1,"2019/08/19 23:30:00",GULLRSF1,0
D,DISPATCH,UNIT_SCADA,1,"2019/08/19 23:30:00",GULLRWF1,160.4252
D,DISPATCH,UNIT_SCADA,1,"2019/08/19 23:30:00",GUNNING1,43.340410
D,DISPATCH,UNIT_SCADA,1,"2019/08/19 23:30:00",GUTHEGA,0
D,DISPATCH,UNIT_SCADA,1,"2019/08/19 23:30:00",HALLWF1,77.30
D,DISPATCH,UNIT_SCADA,1,"2019/08/19 23:30:00",HALLWF2,57.03
D,DISPATCH,UNIT_SCADA,1,"2019/08/19 23:30:00",HAMISF1,0
D,DISPATCH,UNIT_SCADA,1,"2019/08/19 23:30:00",HAUGHT11,0
D,DISPATCH,UNIT_SCADA,1,"2019/08/19 23:30:00",HAYMSF1,0
D,DISPATCH,UNIT_SCADA,1,"2019/08/19 23:30:00",HDWF1,40.10
D,DISPATCH,UNIT_SCADA,1,"2019/08/19 23:30:00",HDWF2,30.60
D,DISPATCH,UNIT_SCADA,1,"2019/08/19 23:30:00",HDWF3,36.10
D,DISPATCH,UNIT_SCADA,1,"2019/08/19 23:30:00",HPRG1,0.20
D,DISPATCH,UNIT_SCADA,1,"2019/08/19 23:30:00",HPRL1,0
D,DISPATCH,UNIT_SCADA,1,"2019/08/19 23:30:00",HUMENSW,0
D,DISPATCH,UNIT_SCADA,1,"2019/08/19 23:30:00",HUMEV,9.10
D,DISPATCH,UNIT_SCADA,1,"2019/08/19 23:30:00",HVGTS,0
D,DISPATCH,UNIT_SCADA,1,"2019/08/19 23:30:00",JBUTTERS,136.97
D,DISPATCH,UNIT_SCADA,1,"2019/08/19 23:30:00",JLA01,0.50
D,DISPATCH,UNIT_SCADA,1,"2019/08/19 23:30:00",JLA02,0
D,DISPATCH,UNIT_SCADA,1,"2019/08/19 23:30:00",JLA03,0.10
D,DISPATCH,UNIT_SCADA,1,"2019/08/19 23:30:00",JLA04,0.10
D,DISPATCH,UNIT_SCADA,1,"2019/08/19 23:30:00",JLB01,0
D,DISPATCH,UNIT_SCADA,1,"2019/08/19 23:30:00",JLB02,0.10
D,DISPATCH,UNIT_SCADA,1,"2019/08/19 23:30:00",JLB03,0
D,DISPATCH,UNIT_SCADA,1,"2019/08/19 23:30:00",KAREEYA1,21.4475
D,DISPATCH,UNIT_SCADA,1,"2019/08/19 23:30:00",KAREEYA2,21.8775
D,DISPATCH,UNIT_SCADA,1,"2019/08/19 23:30:00",KAREEYA3,0
D,DISPATCH,UNIT_SCADA,1,"2019/08/19 23:30:00",KAREEYA4,21.5950
D,DISPATCH,UNIT_SCADA,1,"2019/08/19 23:30:00",KARSF1,0
D,DISPATCH,UNIT_SCADA,1,"2019/08/19 23:30:00",KIATAWF1,30.40
D,DISPATCH,UNIT_SCADA,1,"2019/08/19 23:30:00",KPP_1,0
D,DISPATCH,UNIT_SCADA,1,"2019/08/19 23:30:00",KSP1,0
D,DISPATCH,UNIT_SCADA,1,"2019/08/19 23:30:00",LADBROK1,0
D,DISPATCH,UNIT_SCADA,1,"2019/08/19 23:30:00",LADBROK2,0
D,DISPATCH,UNIT_SCADA,1,"2019/08/19 23:30:00",LD01,420.224950
D,DISPATCH,UNIT_SCADA,1,"2019/08/19 23:30:00",LD02,419.737520
D,DISPATCH,UNIT_SCADA,1,"2019/08/19 23:30:00",LD03,421.4812
D,DISPATCH,UNIT_SCADA,1,"2019/08/19 23:30:00",LD04,382.031250
D,DISPATCH,UNIT_SCADA,1,"2019/08/19 23:30:00",LEM_WIL,82.622650
D,DISPATCH,UNIT_SCADA,1,"2019/08/19 23:30:00",LGAPWF1,7.39
D,DISPATCH,UNIT_SCADA,1,"2019/08/19 23:30:00",LILYSF1,0
D,DISPATCH,UNIT_SCADA,1,"2019/08/19 23:30:00",LI_WY_CA,143.354920
D,DISPATCH,UNIT_SCADA,1,"2019/08/19 23:30:00",LKBONNY2,143.150590
D,DISPATCH,UNIT_SCADA,1,"2019/08/19 23:30:00",LKBONNY3,37.903150
D,DISPATCH,UNIT_SCADA,1,"2019/08/19 23:30:00",LK_ECHO,0
D,DISPATCH,UNIT_SCADA,1,"2019/08/19 23:30:00",LNGS1,0
D,DISPATCH,UNIT_SCADA,1,"2019/08/19 23:30:00",LNGS2,0
D,DISPATCH,UNIT_SCADA,1,"2019/08/19 23:30:00",LONSDALE,0
D,DISPATCH,UNIT_SCADA,1,"2019/08/19 23:30:00",LOYYB1,535.712650
D,DISPATCH,UNIT_SCADA,1,"2019/08/19 23:30:00",LOYYB2,582.330380
D,DISPATCH,UNIT_SCADA,1,"2019/08/19 23:30:00",LYA1,559
D,DISPATCH,UNIT_SCADA,1,"2019/08/19 23:30:00",LYA2,0
D,DISPATCH,UNIT_SCADA,1,"2019/08/19 23:30:00",LYA3,559
D,DISPATCH,UNIT_SCADA,1,"2019/08/19 23:30:00",LYA4,540
D,DISPATCH,UNIT_SCADA,1,"2019/08/19 23:30:00",MACARTH1,196.195470
D,DISPATCH,UNIT_SCADA,1,"2019/08/19 23:30:00",MACKAYGT,0
D,DISPATCH,UNIT_SCADA,1,"2019/08/19 23:30:00",MACKNTSH,85.310010
D,DISPATCH,UNIT_SCADA,1,"2019/08/19 23:30:00",MANSLR1,0
D,DISPATCH,UNIT_SCADA,1,"2019/08/19 23:30:00",MCKAY1,0.02
D,DISPATCH,UNIT_SCADA,1,"2019/08/19 23:30:00",MEADOWBK,33.524340
D,DISPATCH,UNIT_SCADA,1,"2019/08/19 23:30:00",MERCER01,121.92
D,DISPATCH,UNIT_SCADA,1,"2019/08/19 23:30:00",MEWF1,110.174210
D,DISPATCH,UNIT_SCADA,1,"2019/08/19 23:30:00",MINTARO,0
D,DISPATCH,UNIT_SCADA,1,"2019/08/19 23:30:00",MOREESF1,0
D,DISPATCH,UNIT_SCADA,1,"2019/08/19 23:30:00",MORTLK11,124
D,DISPATCH,UNIT_SCADA,1,"2019/08/19 23:30:00",MORTLK12,0
D,DISPATCH,UNIT_SCADA,1,"2019/08/19 23:30:00",MP1,233.150020
D,DISPATCH,UNIT_SCADA,1,"2019/08/19 23:30:00",MP2,0
D,DISPATCH,UNIT_SCADA,1,"2019/08/19 23:30:00",MPP_1,430
D,DISPATCH,UNIT_SCADA,1,"2019/08/19 23:30:00",MPP_2,433.50
D,DISPATCH,UNIT_SCADA,1,"2019/08/19 23:30:00",MSTUART1,0
D,DISPATCH,UNIT_SCADA,1,"2019/08/19 23:30:00",MSTUART2,0
D,DISPATCH,UNIT_SCADA,1,"2019/08/19 23:30:00",MSTUART3,0
D,DISPATCH,UNIT_SCADA,1,"2019/08/19 23:30:00",MTGELWF1,64.772480
D,DISPATCH,UNIT_SCADA,1,"2019/08/19 23:30:00",MURRAY,0
D,DISPATCH,UNIT_SCADA,1,"2019/08/19 23:30:00",MUSSELR1,166
D,DISPATCH,UNIT_SCADA,1,"2019/08/19 23:30:00",MUWAWF1,46.58
D,DISPATCH,UNIT_SCADA,1,"2019/08/19 23:30:00",NBHWF1,60.80
D,DISPATCH,UNIT_SCADA,1,"2019/08/19 23:30:00",NPS,0
D,DISPATCH,UNIT_SCADA,1,"2019/08/19 23:30:00",NUMURSF1,0
D,DISPATCH,UNIT_SCADA,1,"2019/08/19 23:30:00",NYNGAN1,0
D,DISPATCH,UNIT_SCADA,1,"2019/08/19 23:30:00",OAKEY1,0
D,DISPATCH,UNIT_SCADA,1,"2019/08/19 23:30:00",OAKEY1SF,0
D,DISPATCH,UNIT_SCADA,1,"2019/08/19 23:30:00",OAKEY2,0
D,DISPATCH,UNIT_SCADA,1,"2019/08/19 23:30:00",OAKLAND1,61.20
D,DISPATCH,UNIT_SCADA,1,"2019/08/19 23:30:00",OSB-AG,140.78
D,DISPATCH,UNIT_SCADA,1,"2019/08/19 23:30:00",PARSF1,0
D,DISPATCH,UNIT_SCADA,1,"2019/08/19 23:30:00",POAT110,0
D,DISPATCH,UNIT_SCADA,1,"2019/08/19 23:30:00",POAT220,3.25
D,DISPATCH,UNIT_SCADA,1,"2019/08/19 23:30:00",POR01,0
D,DISPATCH,UNIT_SCADA,1,"2019/08/19 23:30:00",POR03,0
D,DISPATCH,UNIT_SCADA,1,"2019/08/19 23:30:00",PPCCGT,356.092680
D,DISPATCH,UNIT_SCADA,1,"2019/08/19 23:30:00",PTSTAN1,0
D,DISPATCH,UNIT_SCADA,1,"2019/08/19 23:30:00",PUMP1,0
D,DISPATCH,UNIT_SCADA,1,"2019/08/19 23:30:00",PUMP2,0
D,DISPATCH,UNIT_SCADA,1,"2019/08/19 23:30:00",QPS1,0
D,DISPATCH,UNIT_SCADA,1,"2019/08/19 23:30:00",QPS2,0
D,DISPATCH,UNIT_SCADA,1,"2019/08/19 23:30:00",QPS3,0
D,DISPATCH,UNIT_SCADA,1,"2019/08/19 23:30:00",QPS4,0
D,DISPATCH,UNIT_SCADA,1,"2019/08/19 23:30:00",QPS5,0
D,DISPATCH,UNIT_SCADA,1,"2019/08/19 23:30:00",REECE1,114.45
D,DISPATCH,UNIT_SCADA,1,"2019/08/19 23:30:00",REECE2,112.850010
D,DISPATCH,UNIT_SCADA,1,"2019/08/19 23:30:00",ROMA_7,0
D,DISPATCH,UNIT_SCADA,1,"2019/08/19 23:30:00",ROMA_8,0
D,DISPATCH,UNIT_SCADA,1,"2019/08/19 23:30:00",RRSF1,0
D,DISPATCH,UNIT_SCADA,1,"2019/08/19 23:30:00",RT_NSW1,0
D,DISPATCH,UNIT_SCADA,1,"2019/08/19 23:30:00",RT_NSW2,0
D,DISPATCH,UNIT_SCADA,1,"2019/08/19 23:30:00",RT_NSW3,0
D,DISPATCH,UNIT_SCADA,1,"2019/08/19 23:30:00",RT_NSW4,0
D,DISPATCH,UNIT_SCADA,1,"2019/08/19 23:30:00",RT_NSW5,0
D,DISPATCH,UNIT_SCADA,1,"2019/08/19 23:30:00",RT_NSW6,0
D,DISPATCH,UNIT_SCADA,1,"2019/08/19 23:30:00",RT_QLD1,0
D,DISPATCH,UNIT_SCADA,1,"2019/08/19 23:30:00",RT_SA1,0
D,DISPATCH,UNIT_SCADA,1,"2019/08/19 23:30:00",RT_SA2,0
D,DISPATCH,UNIT_SCADA,1,"2019/08/19 23:30:00",RT_SA3,0
D,DISPATCH,UNIT_SCADA,1,"2019/08/19 23:30:00",RT_SA4,0
D,DISPATCH,UNIT_SCADA,1,"2019/08/19 23:30:00",RT_SA5,0
D,DISPATCH,UNIT_SCADA,1,"2019/08/19 23:30:00",RT_SA6,0
D,DISPATCH,UNIT_SCADA,1,"2019/08/19 23:30:00",RT_TAS1,0
D,DISPATCH,UNIT_SCADA,1,"2019/08/19 23:30:00",RT_VIC1,0
D,DISPATCH,UNIT_SCADA,1,"2019/08/19 23:30:00",RT_VIC10,0
D,DISPATCH,UNIT_SCADA,1,"2019/08/19 23:30:00",RT_VIC11,0
D,DISPATCH,UNIT_SCADA,1,"2019/08/19 23:30:00",RT_VIC12,0
D,DISPATCH,UNIT_SCADA,1,"2019/08/19 23:30:00",RT_VIC2,0
D,DISPATCH,UNIT_SCADA,1,"2019/08/19 23:30:00",RT_VIC3,0
D,DISPATCH,UNIT_SCADA,1,"2019/08/19 23:30:00",RT_VIC4,0
D,DISPATCH,UNIT_SCADA,1,"2019/08/19 23:30:00",RT_VIC5,0
D,DISPATCH,UNIT_SCADA,1,"2019/08/19 23:30:00",RT_VIC6,0
D,DISPATCH,UNIT_SCADA,1,"2019/08/19 23:30:00",RT_VIC7,0
D,DISPATCH,UNIT_SCADA,1,"2019/08/19 23:30:00",RT_VIC8,0
D,DISPATCH,UNIT_SCADA,1,"2019/08/19 23:30:00",RT_VIC9,0
D,DISPATCH,UNIT_SCADA,1,"2019/08/19 23:30:00",RUGBYR1,0
D,DISPATCH,UNIT_SCADA,1,"2019/08/19 23:30:00",SALTCRK1,45.52
D,DISPATCH,UNIT_SCADA,1,"2019/08/19 23:30:00",SAPHWF1,231.918760
D,DISPATCH,UNIT_SCADA,1,"2019/08/19 23:30:00",SHGEN,0
D,DISPATCH,UNIT_SCADA,1,"2019/08/19 23:30:00",SHPUMP,0
D,DISPATCH,UNIT_SCADA,1,"2019/08/19 23:30:00",SITHE01,0.123710
D,DISPATCH,UNIT_SCADA,1,"2019/08/19 23:30:00",SMCSF1,0
D,DISPATCH,UNIT_SCADA,1,"2019/08/19 23:30:00",SNOWNTH1,12.70
D,DISPATCH,UNIT_SCADA,1,"2019/08/19 23:30:00",SNOWSTH1,30.90
D,DISPATCH,UNIT_SCADA,1,"2019/08/19 23:30:00",SNOWTWN1,13.131210
D,DISPATCH,UNIT_SCADA,1,"2019/08/19 23:30:00",SNOWYP,0
D,DISPATCH,UNIT_SCADA,1,"2019/08/19 23:30:00",SNUG1,0.019440
D,DISPATCH,UNIT_SCADA,1,"2019/08/19 23:30:00",SRSF1,0
D,DISPATCH,UNIT_SCADA,1,"2019/08/19 23:30:00",STAN-1,0
D,DISPATCH,UNIT_SCADA,1,"2019/08/19 23:30:00",STAN-2,278.876860
D,DISPATCH,UNIT_SCADA,1,"2019/08/19 23:30:00",STAN-3,279.056340
D,DISPATCH,UNIT_SCADA,1,"2019/08/19 23:30:00",STAN-4,308.101470
D,DISPATCH,UNIT_SCADA,1,"2019/08/19 23:30:00",STWF1,141.806240
D,DISPATCH,UNIT_SCADA,1,"2019/08/19 23:30:00",SWAN_E,0
D,DISPATCH,UNIT_SCADA,1,"2019/08/19 23:30:00",TALWA1,302
D,DISPATCH,UNIT_SCADA,1,"2019/08/19 23:30:00",TARALGA1,103.724990
D,DISPATCH,UNIT_SCADA,1,"2019/08/19 23:30:00",TARONG#1,281.700010
D,DISPATCH,UNIT_SCADA,1,"2019/08/19 23:30:00",TARONG#2,281.800020
D,DISPATCH,UNIT_SCADA,1,"2019/08/19 23:30:00",TARONG#3,260.399990
D,DISPATCH,UNIT_SCADA,1,"2019/08/19 23:30:00",TARONG#4,279.300020
D,DISPATCH,UNIT_SCADA,1,"2019/08/19 23:30:00",TARRALEA,79
D,DISPATCH,UNIT_SCADA,1,"2019/08/19 23:30:00",TBSF1,-0.20
D,DISPATCH,UNIT_SCADA,1,"2019/08/19 23:30:00",TNPS1,399.400020
D,DISPATCH,UNIT_SCADA,1,"2019/08/19 23:30:00",TORRA1,54.4942
D,DISPATCH,UNIT_SCADA,1,"2019/08/19 23:30:00",TORRA2,0
D,DISPATCH,UNIT_SCADA,1,"2019/08/19 23:30:00",TORRA3,53.834820
D,DISPATCH,UNIT_SCADA,1,"2019/08/19 23:30:00",TORRA4,0
D,DISPATCH,UNIT_SCADA,1,"2019/08/19 23:30:00",TORRB1,60.90
D,DISPATCH,UNIT_SCADA,1,"2019/08/19 23:30:00",TORRB2,59.49
D,DISPATCH,UNIT_SCADA,1,"2019/08/19 23:30:00",TORRB3,0
D,DISPATCH,UNIT_SCADA,1,"2019/08/19 23:30:00",TORRB4,0
D,DISPATCH,UNIT_SCADA,1,"2019/08/19 23:30:00",TREVALLN,17
D,DISPATCH,UNIT_SCADA,1,"2019/08/19 23:30:00",TRIBUTE,45.21
D,DISPATCH,UNIT_SCADA,1,"2019/08/19 23:30:00",TUMUT3,0
D,DISPATCH,UNIT_SCADA,1,"2019/08/19 23:30:00",TUNGATIN,121.840030
D,DISPATCH,UNIT_SCADA,1,"2019/08/19 23:30:00",TVCC201,0
D,DISPATCH,UNIT_SCADA,1,"2019/08/19 23:30:00",TVPP104,0
D,DISPATCH,UNIT_SCADA,1,"2019/08/19 23:30:00",UPPTUMUT,0
D,DISPATCH,UNIT_SCADA,1,"2019/08/19 23:30:00",URANQ11,0
D,DISPATCH,UNIT_SCADA,1,"2019/08/19 23:30:00",URANQ12,0
D,DISPATCH,UNIT_SCADA,1,"2019/08/19 23:30:00",URANQ13,0
D,DISPATCH,UNIT_SCADA,1,"2019/08/19 23:30:00",URANQ14,0
D,DISPATCH,UNIT_SCADA,1,"2019/08/19 23:30:00",VP5,416.699980
D,DISPATCH,UNIT_SCADA,1,"2019/08/19 23:30:00",VP6,399.475010
D,DISPATCH,UNIT_SCADA,1,"2019/08/19 23:30:00",VPGS1,0
D,DISPATCH,UNIT_SCADA,1,"2019/08/19 23:30:00",VPGS2,0
D,DISPATCH,UNIT_SCADA,1,"2019/08/19 23:30:00",VPGS3,0
D,DISPATCH,UNIT_SCADA,1,"2019/08/19 23:30:00",VPGS4,0
D,DISPATCH,UNIT_SCADA,1,"2019/08/19 23:30:00",VPGS5,0
D,DISPATCH,UNIT_SCADA,1,"2019/08/19 23:30:00",VPGS6,0
D,DISPATCH,UNIT_SCADA,1,"2019/08/19 23:30:00",W/HOE#1,0
D,DISPATCH,UNIT_SCADA,1,"2019/08/19 23:30:00",W/HOE#2,0
D,DISPATCH,UNIT_SCADA,1,"2019/08/19 23:30:00",WATERLWF,104.90
D,DISPATCH,UNIT_SCADA,1,"2019/08/19 23:30:00",WEMENSF1,0
D,DISPATCH,UNIT_SCADA,1,"2019/08/19 23:30:00",WGWF1,66
D,DISPATCH,UNIT_SCADA,1,"2019/08/19 23:30:00",WHITSF1,0
D,DISPATCH,UNIT_SCADA,1,"2019/08/19 23:30:00",WKIEWA1,0
D,DISPATCH,UNIT_SCADA,1,"2019/08/19 23:30:00",WKIEWA2,15.30
D,DISPATCH,UNIT_SCADA,1,"2019/08/19 23:30:00",WOODLWN1,44.8020
D,DISPATCH,UNIT_SCADA,1,"2019/08/19 23:30:00",WRSF1,0
D,DISPATCH,UNIT_SCADA,1,"2019/08/19 23:30:00",WRWF1,141.950010
D,DISPATCH,UNIT_SCADA,1,"2019/08/19 23:30:00",YABULU,0
D,DISPATCH,UNIT_SCADA,1,"2019/08/19 23:30:00",YABULU2,0
D,DISPATCH,UNIT_SCADA,1,"2019/08/19 23:30:00",YARWUN_1,0
D,DISPATCH,UNIT_SCADA,1,"2019/08/19 23:30:00",YENDWF1,42.26
D,DISPATCH,UNIT_SCADA,1,"2019/08/19 23:30:00",YWPS1,381.202550
D,DISPATCH,UNIT_SCADA,1,"2019/08/19 23:30:00",YWPS2,282.7038
D,DISPATCH,UNIT_SCADA,1,"2019/08/19 23:30:00",YWPS3,0
D,DISPATCH,UNIT_SCADA,1,"2019/08/19 23:30:00",YWPS4,394.391140
C,"END OF REPORT",334
