C,NEMP.WORLD,DISPATCHSCADA,AEMO,PUBLIC,2019/08/20,18:50:08,0000000311797127,DISPATCHSCADA,0000000311797121
I,DISPATCH,UNIT_SCADA,1,SETTLEMENTDATE,DUID,SCADAVALUE
D,DISPATCH,UNIT_SCADA,1,"2019/08/20 18:55:00",BARCSF1,0.50
D,DISPATCH,UNIT_SCADA,1,"2019/08/20 18:55:00",BUTLERSG,9.699999
D,DISPATCH,UNIT_SCADA,1,"2019/08/20 18:55:00",CALL_A_4,0
D,DISPATCH,UNIT_SCADA,1,"2019/08/20 18:55:00",CAPTL_WF,136.380005
D,DISPATCH,UNIT_SCADA,1,"2019/08/20 18:55:00",CATHROCK,50.379997
D,DISPATCH,UNIT_SCADA,1,"2019/08/20 18:55:00",CHALLHWF,37
D,DISPATCH,UNIT_SCADA,1,"2019/08/20 18:55:00",CLOVER,-0.01
D,DISPATCH,UNIT_SCADA,1,"2019/08/20 18:55:00",CLUNY,18.602427
D,DISPATCH,UNIT_SCADA,1,"2019/08/20 18:55:00",CNUNDAWF,41.548470
D,DISPATCH,UNIT_SCADA,1,"2019/08/20 18:55:00",CULLRGWF,30.110001
D,DISPATCH,UNIT_SCADA,1,"2019/08/20 18:55:00",ERGT01,0
D,DISPATCH,UNIT_SCADA,1,"2019/08/20 18:55:00",GB01,0.070988
D,DISPATCH,UNIT_SCADA,1,"2019/08/20 18:55:00",GERMCRK,25.700001
D,DISPATCH,UNIT_SCADA,1,"2019/08/20 18:55:00",GRIFSF1,0
D,DISPATCH,UNIT_SCADA,1,"2019/08/20 18:55:00",HUGSF1,-0.2040
D,DISPATCH,UNIT_SCADA,1,"2019/08/20 18:55:00",LKBONNY1,75.198486
D,DISPATCH,UNIT_SCADA,1,"2019/08/20 18:55:00",LRSF1,0.0290
D,DISPATCH,UNIT_SCADA,1,"2019/08/20 18:55:00",MBAHNTH,58.012497
D,DISPATCH,UNIT_SCADA,1,"2019/08/20 18:55:00",MLSP1,0.283001
D,DISPATCH,UNIT_SCADA,1,"2019/08/20 18:55:00",MLWF1,14.73
D,DISPATCH,UNIT_SCADA,1,"2019/08/20 18:55:00",MTMILLAR,28.708580
D,DISPATCH,UNIT_SCADA,1,"2019/08/20 18:55:00",PALOONA,8.94
D,DISPATCH,UNIT_SCADA,1,"2019/08/20 18:55:00",PIONEER,11.900001
D,DISPATCH,UNIT_SCADA,1,"2019/08/20 18:55:00",PORTWF,137.399994
D,DISPATCH,UNIT_SCADA,1,"2019/08/20 18:55:00",REPULSE,29.139238
D,DISPATCH,UNIT_SCADA,1,"2019/08/20 18:55:00",ROWALLAN,9.9613
D,DISPATCH,UNIT_SCADA,1,"2019/08/20 18:55:00",ROYALLA1,0
D,DISPATCH,UNIT_SCADA,1,"2019/08/20 18:55:00",RPCG,11.30
D,DISPATCH,UNIT_SCADA,1,"2019/08/20 18:55:00",RUBICON,0
D,DISPATCH,UNIT_SCADA,1,"2019/08/20 18:55:00",SATGN1,0
D,DISPATCH,UNIT_SCADA,1,"2019/08/20 18:55:00",SATGS1,0
D,DISPATCH,UNIT_SCADA,1,"2019/08/20 18:55:00",STARHLWF,27.891867
D,DISPATCH,UNIT_SCADA,1,"2019/08/20 18:55:00",WAUBRAWF,155.785995
D,DISPATCH,UNIT_SCADA,1,"2019/08/20 18:55:00",WOOLNTH1,56.220020
D,DISPATCH,UNIT_SCADA,1,"2019/08/20 18:55:00",WPWF,61
D,DISPATCH,UNIT_SCADA,1,"2019/08/20 18:55:00",YAMBUKWF,29.90
D,DISPATCH,UNIT_SCADA,1,"2019/08/20 18:55:00",YSWF1,28.700001
D,DISPATCH,UNIT_SCADA,1,"2019/08/20 18:55:00",AGLHAL,0
D,DISPATCH,UNIT_SCADA,1,"2019/08/20 18:55:00",AGLSOM,79.60
D,DISPATCH,UNIT_SCADA,1,"2019/08/20 18:55:00",ANGAST1,0
D,DISPATCH,UNIT_SCADA,1,"2019/08/20 18:55:00",ARWF1,47.100010
D,DISPATCH,UNIT_SCADA,1,"2019/08/20 18:55:00",BALBG1,13.11
D,DISPATCH,UNIT_SCADA,1,"2019/08/20 18:55:00",BALBL1,0
D,DISPATCH,UNIT_SCADA,1,"2019/08/20 18:55:00",BALDHWF1,103.3880
D,DISPATCH,UNIT_SCADA,1,"2019/08/20 18:55:00",BANN1,0
D,DISPATCH,UNIT_SCADA,1,"2019/08/20 18:55:00",BARCALDN,0
D,DISPATCH,UNIT_SCADA,1,"2019/08/20 18:55:00",BARRON-1,0
D,DISPATCH,UNIT_SCADA,1,"2019/08/20 18:55:00",BARRON-2,28.20
D,DISPATCH,UNIT_SCADA,1,"2019/08/20 18:55:00",BASTYAN,80.680010
D,DISPATCH,UNIT_SCADA,1,"2019/08/20 18:55:00",BBTHREE1,-1.86
D,DISPATCH,UNIT_SCADA,1,"2019/08/20 18:55:00",BBTHREE2,-2.02
D,DISPATCH,UNIT_SCADA,1,"2019/08/20 18:55:00",BBTHREE3,0
D,DISPATCH,UNIT_SCADA,1,"2019/08/20 18:55:00",BDL01,0
D,DISPATCH,UNIT_SCADA,1,"2019/08/20 18:55:00",BDL02,43.26
D,DISPATCH,UNIT_SCADA,1,"2019/08/20 18:55:00",BERYLSF1,0
D,DISPATCH,UNIT_SCADA,1,"2019/08/20 18:55:00",BLOWERNG,0
D,DISPATCH,UNIT_SCADA,1,"2019/08/20 18:55:00",BLUFF1,27.20
D,DISPATCH,UNIT_SCADA,1,"2019/08/20 18:55:00",BNGSF1,0
D,DISPATCH,UNIT_SCADA,1,"2019/08/20 18:55:00",BNGSF2,0
D,DISPATCH,UNIT_SCADA,1,"2019/08/20 18:55:00",BOCORWF1,106.85
D,DISPATCH,UNIT_SCADA,1,"2019/08/20 18:55:00",BODWF1,60.912210
D,DISPATCH,UNIT_SCADA,1,"2019/08/20 18:55:00",BRAEMAR1,0
D,DISPATCH,UNIT_SCADA,1,"2019/08/20 18:55:00",BRAEMAR2,172.80
D,DISPATCH,UNIT_SCADA,1,"2019/08/20 18:55:00",BRAEMAR3,0
D,DISPATCH,UNIT_SCADA,1,"2019/08/20 18:55:00",BRAEMAR5,0
D,DISPATCH,UNIT_SCADA,1,"2019/08/20 18:55:00",BRAEMAR6,160.914440
D,DISPATCH,UNIT_SCADA,1,"2019/08/20 18:55:00",BRAEMAR7,0
D,DISPATCH,UNIT_SCADA,1,"2019/08/20 18:55:00",BROKENH1,0
D,DISPATCH,UNIT_SCADA,1,"2019/08/20 18:55:00",BW01,647.974980
D,DISPATCH,UNIT_SCADA,1,"2019/08/20 18:55:00",BW02,655.675050
D,DISPATCH,UNIT_SCADA,1,"2019/08/20 18:55:00",BW03,648.8750
D,DISPATCH,UNIT_SCADA,1,"2019/08/20 18:55:00",BW04,0
D,DISPATCH,UNIT_SCADA,1,"2019/08/20 18:55:00",CALL_B_1,349.899990
D,DISPATCH,UNIT_SCADA,1,"2019/08/20 18:55:00",CALL_B_2,299.399990
D,DISPATCH,UNIT_SCADA,1,"2019/08/20 18:55:00",CETHANA,95.011120
D,DISPATCH,UNIT_SCADA,1,"2019/08/20 18:55:00",CG1,0
D,DISPATCH,UNIT_SCADA,1,"2019/08/20 18:55:00",CG2,0
D,DISPATCH,UNIT_SCADA,1,"2019/08/20 18:55:00",CG3,0
D,DISPATCH,UNIT_SCADA,1,"2019/08/20 18:55:00",CG4,0
D,DISPATCH,UNIT_SCADA,1,"2019/08/20 18:55:00",CHILDSF1,0
D,DISPATCH,UNIT_SCADA,1,"2019/08/20 18:55:00",CLARESF1,0
D,DISPATCH,UNIT_SCADA,1,"2019/08/20 18:55:00",CLEMGPWF,18.368930
D,DISPATCH,UNIT_SCADA,1,"2019/08/20 18:55:00",CLERMSF1,0
D,DISPATCH,UNIT_SCADA,1,"2019/08/20 18:55:00",COLEASF1,0
D,DISPATCH,UNIT_SCADA,1,"2019/08/20 18:55:00",COOPGWF1,36.712130
D,DISPATCH,UNIT_SCADA,1,"2019/08/20 18:55:00",CPP_3,405.899990
D,DISPATCH,UNIT_SCADA,1,"2019/08/20 18:55:00",CPP_4,404.25
D,DISPATCH,UNIT_SCADA,1,"2019/08/20 18:55:00",CPSA,141.241260
D,DISPATCH,UNIT_SCADA,1,"2019/08/20 18:55:00",CROOKWF2,82.123750
D,DISPATCH,UNIT_SCADA,1,"2019/08/20 18:55:00",CROWLWF1,31.870980
D,DISPATCH,UNIT_SCADA,1,"2019/08/20 18:55:00",CSPVPS1,0
D,DISPATCH,UNIT_SCADA,1,"2019/08/20 18:55:00",DALNTH01,0
D,DISPATCH,UNIT_SCADA,1,"2019/08/20 18:55:00",DALNTHL1,0.032040
D,DISPATCH,UNIT_SCADA,1,"2019/08/20 18:55:00",DARTM1,132
D,DISPATCH,UNIT_SCADA,1,"2019/08/20 18:55:00",DAYDSF1,0
D,DISPATCH,UNIT_SCADA,1,"2019/08/20 18:55:00",DDPS1,479.7135
D,DISPATCH,UNIT_SCADA,1,"2019/08/20 18:55:00",DDSF1,0
D,DISPATCH,UNIT_SCADA,1,"2019/08/20 18:55:00",DEVILS_G,60.272830
D,DISPATCH,UNIT_SCADA,1,"2019/08/20 18:55:00",DG_NSW1,0
D,DISPATCH,UNIT_SCADA,1,"2019/08/20 18:55:00",DG_QLD1,0
D,DISPATCH,UNIT_SCADA,1,"2019/08/20 18:55:00",DG_SA1,0
D,DISPATCH,UNIT_SCADA,1,"2019/08/20 18:55:00",DG_TAS1,0
D,DISPATCH,UNIT_SCADA,1,"2019/08/20 18:55:00",DG_VIC1,0
D,DISPATCH,UNIT_SCADA,1,"2019/08/20 18:55:00",DRYCGT1,0
D,DISPATCH,UNIT_SCADA,1,"2019/08/20 18:55:00",DRYCGT2,0
D,DISPATCH,UNIT_SCADA,1,"2019/08/20 18:55:00",DRYCGT3,0
D,DISPATCH,UNIT_SCADA,1,"2019/08/20 18:55:00",EILDON1,0
D,DISPATCH,UNIT_SCADA,1,"2019/08/20 18:55:00",EILDON2,0
D,DISPATCH,UNIT_SCADA,1,"2019/08/20 18:55:00",EMERASF1,0
D,DISPATCH,UNIT_SCADA,1,"2019/08/20 18:55:00",ER01,593.400020
D,DISPATCH,UNIT_SCADA,1,"2019/08/20 18:55:00",ER02,698.050050
D,DISPATCH,UNIT_SCADA,1,"2019/08/20 18:55:00",ER03,700.324950
D,DISPATCH,UNIT_SCADA,1,"2019/08/20 18:55:00",ER04,698.400020
D,DISPATCH,UNIT_SCADA,1,"2019/08/20 18:55:00",FINLYSF1,0
D,DISPATCH,UNIT_SCADA,1,"2019/08/20 18:55:00",FISHER,46.10
D,DISPATCH,UNIT_SCADA,1,"2019/08/20 18:55:00",GANNBG1,12.173090
D,DISPATCH,UNIT_SCADA,1,"2019/08/20 18:55:00",GANNBL1,0
D,DISPATCH,UNIT_SCADA,1,"2019/08/20 18:55:00",GANNSF1,0
D,DISPATCH,UNIT_SCADA,1,"2019/08/20 18:55:00",GORDON,14.241360
D,DISPATCH,UNIT_SCADA,1,"2019/08/20 18:55:00",GSTONE1,228.024990
D,DISPATCH,UNIT_SCADA,1,"2019/08/20 18:55:00",GSTONE2,219.80
D,DISPATCH,UNIT_SCADA,1,"2019/08/20 18:55:00",GSTONE3,225.5750
D,DISPATCH,UNIT_SCADA,1,"2019/08/20 18:55:00",GSTONE4,228.3750
D,DISPATCH,UNIT_SCADA,1,"2019/08/20 18:55:00",GSTONE5,227.50
D,DISPATCH,UNIT_SCADA,1,"2019/08/20 18:55:00",GSTONE6,0
D,DISPATCH,UNIT_SCADA,1,"2019/08/20 18:55:00",GULLRSF1,0
D,DISPATCH,UNIT_SCADA,1,"2019/08/20 18:55:00",GULLRWF1,146.939540
D,DISPATCH,UNIT_SCADA,1,"2019/08/20 18:55:00",GUNNING1,45.6629
D,DISPATCH,UNIT_SCADA,1,"2019/08/20 18:55:00",GUTHEGA,30.60
D,DISPATCH,UNIT_SCADA,1,"2019/08/20 18:55:00",HALLWF1,90.63
D,DISPATCH,UNIT_SCADA,1,"2019/08/20 18:55:00",HALLWF2,65.68
D,DISPATCH,UNIT_SCADA,1,"2019/08/20 18:55:00",HAMISF1,0
D,DISPATCH,UNIT_SCADA,1,"2019/08/20 18:55:00",HAUGHT11,0
D,DISPATCH,UNIT_SCADA,1,"2019/08/20 18:55:00",HAYMSF1,0
D,DISPATCH,UNIT_SCADA,1,"2019/08/20 18:55:00",HDWF1,47.80
D,DISPATCH,UNIT_SCADA,1,"2019/08/20 18:55:00",HDWF2,37.10
D,DISPATCH,UNIT_SCADA,1,"2019/08/20 18:55:00",HDWF3,48.90
D,DISPATCH,UNIT_SCADA,1,"2019/08/20 18:55:00",HPRG1,12.40
D,DISPATCH,UNIT_SCADA,1,"2019/08/20 18:55:00",HPRL1,0
D,DISPATCH,UNIT_SCADA,1,"2019/08/20 18:55:00",HUMENSW,0
D,DISPATCH,UNIT_SCADA,1,"2019/08/20 18:55:00",HUMEV,8.70
D,DISPATCH,UNIT_SCADA,1,"2019/08/20 18:55:00",HVGTS,0
D,DISPATCH,UNIT_SCADA,1,"2019/08/20 18:55:00",JBUTTERS,135.09
D,DISPATCH,UNIT_SCADA,1,"2019/08/20 18:55:00",JLA01,0.50
D,DISPATCH,UNIT_SCADA,1,"2019/08/20 18:55:00",JLA02,0
D,DISPATCH,UNIT_SCADA,1,"2019/08/20 18:55:00",JLA03,0.10
D,DISPATCH,UNIT_SCADA,1,"2019/08/20 18:55:00",JLA04,0.10
D,DISPATCH,UNIT_SCADA,1,"2019/08/20 18:55:00",JLB01,0
D,DISPATCH,UNIT_SCADA,1,"2019/08/20 18:55:00",JLB02,83.30
D,DISPATCH,UNIT_SCADA,1,"2019/08/20 18:55:00",JLB03,0
D,DISPATCH,UNIT_SCADA,1,"2019/08/20 18:55:00",KAREEYA1,21.4325
D,DISPATCH,UNIT_SCADA,1,"2019/08/20 18:55:00",KAREEYA2,21.4875
D,DISPATCH,UNIT_SCADA,1,"2019/08/20 18:55:00",KAREEYA3,0
D,DISPATCH,UNIT_SCADA,1,"2019/08/20 18:55:00",KAREEYA4,21.52
D,DISPATCH,UNIT_SCADA,1,"2019/08/20 18:55:00",KARSF1,0
D,DISPATCH,UNIT_SCADA,1,"2019/08/20 18:55:00",KIATAWF1,30.70
D,DISPATCH,UNIT_SCADA,1,"2019/08/20 18:55:00",KPP_1,0
D,DISPATCH,UNIT_SCADA,1,"2019/08/20 18:55:00",KSP1,0
D,DISPATCH,UNIT_SCADA,1,"2019/08/20 18:55:00",LADBROK1,42.64
D,DISPATCH,UNIT_SCADA,1,"2019/08/20 18:55:00",LADBROK2,43.32
D,DISPATCH,UNIT_SCADA,1,"2019/08/20 18:55:00",LD01,412.612520
D,DISPATCH,UNIT_SCADA,1,"2019/08/20 18:55:00",LD02,417.993710
D,DISPATCH,UNIT_SCADA,1,"2019/08/20 18:55:00",LD03,413.718750
D,DISPATCH,UNIT_SCADA,1,"2019/08/20 18:55:00",LD04,367.725040
D,DISPATCH,UNIT_SCADA,1,"2019/08/20 18:55:00",LEM_WIL,85.703950
D,DISPATCH,UNIT_SCADA,1,"2019/08/20 18:55:00",LGAPWF1,24.75
D,DISPATCH,UNIT_SCADA,1,"2019/08/20 18:55:00",LILYSF1,0
D,DISPATCH,UNIT_SCADA,1,"2019/08/20 18:55:00",LI_WY_CA,148.856350
D,DISPATCH,UNIT_SCADA,1,"2019/08/20 18:55:00",LKBONNY2,154.096830
D,DISPATCH,UNIT_SCADA,1,"2019/08/20 18:55:00",LKBONNY3,37.735680
D,DISPATCH,UNIT_SCADA,1,"2019/08/20 18:55:00",LK_ECHO,0
D,DISPATCH,UNIT_SCADA,1,"2019/08/20 18:55:00",LNGS1,0
D,DISPATCH,UNIT_SCADA,1,"2019/08/20 18:55:00",LNGS2,0
D,DISPATCH,UNIT_SCADA,1,"2019/08/20 18:55:00",LONSDALE,0
D,DISPATCH,UNIT_SCADA,1,"2019/08/20 18:55:00",LOYYB1,536.088620
D,DISPATCH,UNIT_SCADA,1,"2019/08/20 18:55:00",LOYYB2,583.082280
D,DISPATCH,UNIT_SCADA,1,"2019/08/20 18:55:00",LYA1,559
D,DISPATCH,UNIT_SCADA,1,"2019/08/20 18:55:00",LYA2,0
D,DISPATCH,UNIT_SCADA,1,"2019/08/20 18:55:00",LYA3,560
D,DISPATCH,UNIT_SCADA,1,"2019/08/20 18:55:00",LYA4,541
D,DISPATCH,UNIT_SCADA,1,"2019/08/20 18:55:00",MACARTH1,285.8934
D,DISPATCH,UNIT_SCADA,1,"2019/08/20 18:55:00",MACKAYGT,0
D,DISPATCH,UNIT_SCADA,1,"2019/08/20 18:55:00",MACKNTSH,85.70
D,DISPATCH,UNIT_SCADA,1,"2019/08/20 18:55:00",MANSLR1,0
D,DISPATCH,UNIT_SCADA,1,"2019/08/20 18:55:00",MCKAY1,0.02
D,DISPATCH,UNIT_SCADA,1,"2019/08/20 18:55:00",MEADOWBK,34.181680
D,DISPATCH,UNIT_SCADA,1,"2019/08/20 18:55:00",MERCER01,122.0490
D,DISPATCH,UNIT_SCADA,1,"2019/08/20 18:55:00",MEWF1,41.721860
D,DISPATCH,UNIT_SCADA,1,"2019/08/20 18:55:00",MINTARO,0
D,DISPATCH,UNIT_SCADA,1,"2019/08/20 18:55:00",MOREESF1,0
D,DISPATCH,UNIT_SCADA,1,"2019/08/20 18:55:00",MORTLK11,259
D,DISPATCH,UNIT_SCADA,1,"2019/08/20 18:55:00",MORTLK12,0
D,DISPATCH,UNIT_SCADA,1,"2019/08/20 18:55:00",MP1,274.75
D,DISPATCH,UNIT_SCADA,1,"2019/08/20 18:55:00",MP2,0
D,DISPATCH,UNIT_SCADA,1,"2019/08/20 18:55:00",MPP_1,414.75
D,DISPATCH,UNIT_SCADA,1,"2019/08/20 18:55:00",MPP_2,436
D,DISPATCH,UNIT_SCADA,1,"2019/08/20 18:55:00",MSTUART1,0
D,DISPATCH,UNIT_SCADA,1,"2019/08/20 18:55:00",MSTUART2,0
D,DISPATCH,UNIT_SCADA,1,"2019/08/20 18:55:00",MSTUART3,0
D,DISPATCH,UNIT_SCADA,1,"2019/08/20 18:55:00",MTGELWF1,64.752650
D,DISPATCH,UNIT_SCADA,1,"2019/08/20 18:55:00",MURRAY,117.541370
D,DISPATCH,UNIT_SCADA,1,"2019/08/20 18:55:00",MUSSELR1,31.80
D,DISPATCH,UNIT_SCADA,1,"2019/08/20 18:55:00",MUWAWF1,36.13
D,DISPATCH,UNIT_SCADA,1,"2019/08/20 18:55:00",NBHWF1,80.60
D,DISPATCH,UNIT_SCADA,1,"2019/08/20 18:55:00",NPS,510
D,DISPATCH,UNIT_SCADA,1,"2019/08/20 18:55:00",NUMURSF1,0
D,DISPATCH,UNIT_SCADA,1,"2019/08/20 18:55:00",NYNGAN1,0
D,DISPATCH,UNIT_SCADA,1,"2019/08/20 18:55:00",OAKEY1,0
D,DISPATCH,UNIT_SCADA,1,"2019/08/20 18:55:00",OAKEY1SF,0.0380
D,DISPATCH,UNIT_SCADA,1,"2019/08/20 18:55:00",OAKEY2,0
D,DISPATCH,UNIT_SCADA,1,"2019/08/20 18:55:00",OAKLAND1,60.30
D,DISPATCH,UNIT_SCADA,1,"2019/08/20 18:55:00",OSB-AG,183.44
D,DISPATCH,UNIT_SCADA,1,"2019/08/20 18:55:00",PARSF1,0
D,DISPATCH,UNIT_SCADA,1,"2019/08/20 18:55:00",POAT110,1.524160
D,DISPATCH,UNIT_SCADA,1,"2019/08/20 18:55:00",POAT220,141.041930
D,DISPATCH,UNIT_SCADA,1,"2019/08/20 18:55:00",POR01,0
D,DISPATCH,UNIT_SCADA,1,"2019/08/20 18:55:00",POR03,0
D,DISPATCH,UNIT_SCADA,1,"2019/08/20 18:55:00",PPCCGT,497.024660
D,DISPATCH,UNIT_SCADA,1,"2019/08/20 18:55:00",PTSTAN1,0
D,DISPATCH,UNIT_SCADA,1,"2019/08/20 18:55:00",PUMP1,0
D,DISPATCH,UNIT_SCADA,1,"2019/08/20 18:55:00",PUMP2,0
D,DISPATCH,UNIT_SCADA,1,"2019/08/20 18:55:00",QPS1,29
D,DISPATCH,UNIT_SCADA,1,"2019/08/20 18:55:00",QPS2,0
D,DISPATCH,UNIT_SCADA,1,"2019/08/20 18:55:00",QPS3,0
D,DISPATCH,UNIT_SCADA,1,"2019/08/20 18:55:00",QPS4,0
D,DISPATCH,UNIT_SCADA,1,"2019/08/20 18:55:00",QPS5,0
D,DISPATCH,UNIT_SCADA,1,"2019/08/20 18:55:00",REECE1,116.820010
D,DISPATCH,UNIT_SCADA,1,"2019/08/20 18:55:00",REECE2,116.900010
D,DISPATCH,UNIT_SCADA,1,"2019/08/20 18:55:00",ROMA_7,0
D,DISPATCH,UNIT_SCADA,1,"2019/08/20 18:55:00",ROMA_8,0
D,DISPATCH,UNIT_SCADA,1,"2019/08/20 18:55:00",RRSF1,0
D,DISPATCH,UNIT_SCADA,1,"2019/08/20 18:55:00",RT_NSW1,0
D,DISPATCH,UNIT_SCADA,1,"2019/08/20 18:55:00",RT_NSW2,0
D,DISPATCH,UNIT_SCADA,1,"2019/08/20 18:55:00",RT_NSW3,0
D,DISPATCH,UNIT_SCADA,1,"2019/08/20 18:55:00",RT_NSW4,0
D,DISPATCH,UNIT_SCADA,1,"2019/08/20 18:55:00",RT_NSW5,0
D,DISPATCH,UNIT_SCADA,1,"2019/08/20 18:55:00",RT_NSW6,0
D,DISPATCH,UNIT_SCADA,1,"2019/08/20 18:55:00",RT_QLD1,0
D,DISPATCH,UNIT_SCADA,1,"2019/08/20 18:55:00",RT_SA1,0
D,DISPATCH,UNIT_SCADA,1,"2019/08/20 18:55:00",RT_SA2,0
D,DISPATCH,UNIT_SCADA,1,"2019/08/20 18:55:00",RT_SA3,0
D,DISPATCH,UNIT_SCADA,1,"2019/08/20 18:55:00",RT_SA4,0
D,DISPATCH,UNIT_SCADA,1,"2019/08/20 18:55:00",RT_SA5,0
D,DISPATCH,UNIT_SCADA,1,"2019/08/20 18:55:00",RT_SA6,0
D,DISPATCH,UNIT_SCADA,1,"2019/08/20 18:55:00",RT_TAS1,0
D,DISPATCH,UNIT_SCADA,1,"2019/08/20 18:55:00",RT_VIC1,0
D,DISPATCH,UNIT_SCADA,1,"2019/08/20 18:55:00",RT_VIC10,0
D,DISPATCH,UNIT_SCADA,1,"2019/08/20 18:55:00",RT_VIC11,0
D,DISPATCH,UNIT_SCADA,1,"2019/08/20 18:55:00",RT_VIC12,0
D,DISPATCH,UNIT_SCADA,1,"2019/08/20 18:55:00",RT_VIC2,0
D,DISPATCH,UNIT_SCADA,1,"2019/08/20 18:55:00",RT_VIC3,0
D,DISPATCH,UNIT_SCADA,1,"2019/08/20 18:55:00",RT_VIC4,0
D,DISPATCH,UNIT_SCADA,1,"2019/08/20 18:55:00",RT_VIC5,0
D,DISPATCH,UNIT_SCADA,1,"2019/08/20 18:55:00",RT_VIC6,0
D,DISPATCH,UNIT_SCADA,1,"2019/08/20 18:55:00",RT_VIC7,0
D,DISPATCH,UNIT_SCADA,1,"2019/08/20 18:55:00",RT_VIC8,0
D,DISPATCH,UNIT_SCADA,1,"2019/08/20 18:55:00",RT_VIC9,0
D,DISPATCH,UNIT_SCADA,1,"2019/08/20 18:55:00",RUGBYR1,0
D,DISPATCH,UNIT_SCADA,1,"2019/08/20 18:55:00",SALTCRK1,50.57
D,DISPATCH,UNIT_SCADA,1,"2019/08/20 18:55:00",SAPHWF1,141.853120
D,DISPATCH,UNIT_SCADA,1,"2019/08/20 18:55:00",SHGEN,200.152340
D,DISPATCH,UNIT_SCADA,1,"2019/08/20 18:55:00",SHPUMP,0
D,DISPATCH,UNIT_SCADA,1,"2019/08/20 18:55:00",SITHE01,0.123710
D,DISPATCH,UNIT_SCADA,1,"2019/08/20 18:55:00",SMCSF1,0
D,DISPATCH,UNIT_SCADA,1,"2019/08/20 18:55:00",SNOWNTH1,107.70
D,DISPATCH,UNIT_SCADA,1,"2019/08/20 18:55:00",SNOWSTH1,111.70
D,DISPATCH,UNIT_SCADA,1,"2019/08/20 18:55:00",SNOWTWN1,86.596410
D,DISPATCH,UNIT_SCADA,1,"2019/08/20 18:55:00",SNOWYP,0
D,DISPATCH,UNIT_SCADA,1,"2019/08/20 18:55:00",SNUG1,0.019440
D,DISPATCH,UNIT_SCADA,1,"2019/08/20 18:55:00",SRSF1,0.07
D,DISPATCH,UNIT_SCADA,1,"2019/08/20 18:55:00",STAN-1,0
D,DISPATCH,UNIT_SCADA,1,"2019/08/20 18:55:00",STAN-2,346.862490
D,DISPATCH,UNIT_SCADA,1,"2019/08/20 18:55:00",STAN-3,348.644170
D,DISPATCH,UNIT_SCADA,1,"2019/08/20 18:55:00",STAN-4,367.255620
D,DISPATCH,UNIT_SCADA,1,"2019/08/20 18:55:00",STWF1,37.7550
D,DISPATCH,UNIT_SCADA,1,"2019/08/20 18:55:00",SWAN_E,0
D,DISPATCH,UNIT_SCADA,1,"2019/08/20 18:55:00",TALWA1,420
D,DISPATCH,UNIT_SCADA,1,"2019/08/20 18:55:00",TARALGA1,104.774990
D,DISPATCH,UNIT_SCADA,1,"2019/08/20 18:55:00",TARONG#1,349.700010
D,DISPATCH,UNIT_SCADA,1,"2019/08/20 18:55:00",TARONG#2,349.899990
D,DISPATCH,UNIT_SCADA,1,"2019/08/20 18:55:00",TARONG#3,260.899990
D,DISPATCH,UNIT_SCADA,1,"2019/08/20 18:55:00",TARONG#4,349.50
D,DISPATCH,UNIT_SCADA,1,"2019/08/20 18:55:00",TARRALEA,84.90
D,DISPATCH,UNIT_SCADA,1,"2019/08/20 18:55:00",TBSF1,-0.20
D,DISPATCH,UNIT_SCADA,1,"2019/08/20 18:55:00",TNPS1,441.700010
D,DISPATCH,UNIT_SCADA,1,"2019/08/20 18:55:00",TORRA1,83.539090
D,DISPATCH,UNIT_SCADA,1,"2019/08/20 18:55:00",TORRA2,0
D,DISPATCH,UNIT_SCADA,1,"2019/08/20 18:55:00",TORRA3,0
D,DISPATCH,UNIT_SCADA,1,"2019/08/20 18:55:00",TORRA4,0
D,DISPATCH,UNIT_SCADA,1,"2019/08/20 18:55:00",TORRB1,101.57
D,DISPATCH,UNIT_SCADA,1,"2019/08/20 18:55:00",TORRB2,171.509990
D,DISPATCH,UNIT_SCADA,1,"2019/08/20 18:55:00",TORRB3,0
D,DISPATCH,UNIT_SCADA,1,"2019/08/20 18:55:00",TORRB4,0
D,DISPATCH,UNIT_SCADA,1,"2019/08/20 18:55:00",TREVALLN,68.980010
D,DISPATCH,UNIT_SCADA,1,"2019/08/20 18:55:00",TRIBUTE,70.66
D,DISPATCH,UNIT_SCADA,1,"2019/08/20 18:55:00",TUMUT3,912
D,DISPATCH,UNIT_SCADA,1,"2019/08/20 18:55:00",TUNGATIN,132.950030
D,DISPATCH,UNIT_SCADA,1,"2019/08/20 18:55:00",TVCC201,0
D,DISPATCH,UNIT_SCADA,1,"2019/08/20 18:55:00",TVPP104,0
D,DISPATCH,UNIT_SCADA,1,"2019/08/20 18:55:00",UPPTUMUT,0
D,DISPATCH,UNIT_SCADA,1,"2019/08/20 18:55:00",URANQ11,0
D,DISPATCH,UNIT_SCADA,1,"2019/08/20 18:55:00",URANQ12,0
D,DISPATCH,UNIT_SCADA,1,"2019/08/20 18:55:00",URANQ13,0
D,DISPATCH,UNIT_SCADA,1,"2019/08/20 18:55:00",URANQ14,0
D,DISPATCH,UNIT_SCADA,1,"2019/08/20 18:55:00",VP5,632.775020
D,DISPATCH,UNIT_SCADA,1,"2019/08/20 18:55:00",VP6,548.299990
D,DISPATCH,UNIT_SCADA,1,"2019/08/20 18:55:00",VPGS1,0
D,DISPATCH,UNIT_SCADA,1,"2019/08/20 18:55:00",VPGS2,0
D,DISPATCH,UNIT_SCADA,1,"2019/08/20 18:55:00",VPGS3,0
D,DISPATCH,UNIT_SCADA,1,"2019/08/20 18:55:00",VPGS4,0
D,DISPATCH,UNIT_SCADA,1,"2019/08/20 18:55:00",VPGS5,0
D,DISPATCH,UNIT_SCADA,1,"2019/08/20 18:55:00",VPGS6,0
D,DISPATCH,UNIT_SCADA,1,"2019/08/20 18:55:00",W/HOE#1,286.28
D,DISPATCH,UNIT_SCADA,1,"2019/08/20 18:55:00",W/HOE#2,0
D,DISPATCH,UNIT_SCADA,1,"2019/08/20 18:55:00",WATERLWF,121.90
D,DISPATCH,UNIT_SCADA,1,"2019/08/20 18:55:00",WEMENSF1,0
D,DISPATCH,UNIT_SCADA,1,"2019/08/20 18:55:00",WGWF1,84.60
D,DISPATCH,UNIT_SCADA,1,"2019/08/20 18:55:00",WHITSF1,0
D,DISPATCH,UNIT_SCADA,1,"2019/08/20 18:55:00",WKIEWA1,0
D,DISPATCH,UNIT_SCADA,1,"2019/08/20 18:55:00",WKIEWA2,0.10
D,DISPATCH,UNIT_SCADA,1,"2019/08/20 18:55:00",WOODLWN1,45.071990
D,DISPATCH,UNIT_SCADA,1,"2019/08/20 18:55:00",WRSF1,0
D,DISPATCH,UNIT_SCADA,1,"2019/08/20 18:55:00",WRWF1,121.856250
D,DISPATCH,UNIT_SCADA,1,"2019/08/20 18:55:00",YABULU,0
D,DISPATCH,UNIT_SCADA,1,"2019/08/20 18:55:00",YABULU2,0
D,DISPATCH,UNIT_SCADA,1,"2019/08/20 18:55:00",YARWUN_1,0
D,DISPATCH,UNIT_SCADA,1,"2019/08/20 18:55:00",YENDWF1,41.98
D,DISPATCH,UNIT_SCADA,1,"2019/08/20 18:55:00",YWPS1,372.931640
D,DISPATCH,UNIT_SCADA,1,"2019/08/20 18:55:00",YWPS2,272.678470
D,DISPATCH,UNIT_SCADA,1,"2019/08/20 18:55:00",YWPS3,0
D,DISPATCH,UNIT_SCADA,1,"2019/08/20 18:55:00",YWPS4,390.721530
C,"END OF REPORT",334
