C,NEMP.WORLD,DISPATCHSCADA,AEMO,PUBLIC,2019/08/22,05:50:09,0000000311854906,DISPATCHSCADA,0000000311854900
I,DISPATCH,UNIT_SCADA,1,SETTLEMENTDATE,DUID,SCADAVALUE
D,DISPATCH,UNIT_SCADA,1,"2019/08/22 05:55:00",BARCSF1,0.70
D,DISPATCH,UNIT_SCADA,1,"2019/08/22 05:55:00",BUTLERSG,9.599998
D,DISPATCH,UNIT_SCADA,1,"2019/08/22 05:55:00",CALL_A_4,0
D,DISPATCH,UNIT_SCADA,1,"2019/08/22 05:55:00",CAPTL_WF,123.4720
D,DISPATCH,UNIT_SCADA,1,"2019/08/22 05:55:00",CATHROCK,3.21
D,DISPATCH,UNIT_SCADA,1,"2019/08/22 05:55:00",CHALLHWF,44.900002
D,DISPATCH,UNIT_SCADA,1,"2019/08/22 05:55:00",CLOVER,0
D,DISPATCH,UNIT_SCADA,1,"2019/08/22 05:55:00",CLUNY,19.773403
D,DISPATCH,UNIT_SCADA,1,"2019/08/22 05:55:00",CNUNDAWF,37.143330
D,DISPATCH,UNIT_SCADA,1,"2019/08/22 05:55:00",CULLRGWF,30.450001
D,DISPATCH,UNIT_SCADA,1,"2019/08/22 05:55:00",ERGT01,0
D,DISPATCH,UNIT_SCADA,1,"2019/08/22 05:55:00",GB01,0.060799
D,DISPATCH,UNIT_SCADA,1,"2019/08/22 05:55:00",GERMCRK,38.099998
D,DISPATCH,UNIT_SCADA,1,"2019/08/22 05:55:00",GRIFSF1,0
D,DISPATCH,UNIT_SCADA,1,"2019/08/22 05:55:00",HUGSF1,-0.2430
D,DISPATCH,UNIT_SCADA,1,"2019/08/22 05:55:00",LKBONNY1,71.358185
D,DISPATCH,UNIT_SCADA,1,"2019/08/22 05:55:00",LRSF1,0.0390
D,DISPATCH,UNIT_SCADA,1,"2019/08/22 05:55:00",MBAHNTH,55.968750
D,DISPATCH,UNIT_SCADA,1,"2019/08/22 05:55:00",MLSP1,0.271001
D,DISPATCH,UNIT_SCADA,1,"2019/08/22 05:55:00",MLWF1,17.3850
D,DISPATCH,UNIT_SCADA,1,"2019/08/22 05:55:00",MTMILLAR,12.687436
D,DISPATCH,UNIT_SCADA,1,"2019/08/22 05:55:00",PALOONA,22.559999
D,DISPATCH,UNIT_SCADA,1,"2019/08/22 05:55:00",PIONEER,47
D,DISPATCH,UNIT_SCADA,1,"2019/08/22 05:55:00",PORTWF,114.900002
D,DISPATCH,UNIT_SCADA,1,"2019/08/22 05:55:00",REPULSE,29.139238
D,DISPATCH,UNIT_SCADA,1,"2019/08/22 05:55:00",ROWALLAN,10.4370
D,DISPATCH,UNIT_SCADA,1,"2019/08/22 05:55:00",ROYALLA1,0
D,DISPATCH,UNIT_SCADA,1,"2019/08/22 05:55:00",RPCG,12.50
D,DISPATCH,UNIT_SCADA,1,"2019/08/22 05:55:00",RUBICON,0
D,DISPATCH,UNIT_SCADA,1,"2019/08/22 05:55:00",SATGN1,0
D,DISPATCH,UNIT_SCADA,1,"2019/08/22 05:55:00",SATGS1,0
D,DISPATCH,UNIT_SCADA,1,"2019/08/22 05:55:00",STARHLWF,2.699213
D,DISPATCH,UNIT_SCADA,1,"2019/08/22 05:55:00",WAUBRAWF,171.511993
D,DISPATCH,UNIT_SCADA,1,"2019/08/22 05:55:00",WOOLNTH1,97.520020
D,DISPATCH,UNIT_SCADA,1,"2019/08/22 05:55:00",WPWF,10
D,DISPATCH,UNIT_SCADA,1,"2019/08/22 05:55:00",YAMBUKWF,27.10
D,DISPATCH,UNIT_SCADA,1,"2019/08/22 05:55:00",YSWF1,26.90
D,DISPATCH,UNIT_SCADA,1,"2019/08/22 05:55:00",AGLHAL,0
D,DISPATCH,UNIT_SCADA,1,"2019/08/22 05:55:00",AGLSOM,0
D,DISPATCH,UNIT_SCADA,1,"2019/08/22 05:55:00",ANGAST1,0
D,DISPATCH,UNIT_SCADA,1,"2019/08/22 05:55:00",ARWF1,207.80
D,DISPATCH,UNIT_SCADA,1,"2019/08/22 05:55:00",BALBG1,0
D,DISPATCH,UNIT_SCADA,1,"2019/08/22 05:55:00",BALBL1,0
D,DISPATCH,UNIT_SCADA,1,"2019/08/22 05:55:00",BALDHWF1,99.1890
D,DISPATCH,UNIT_SCADA,1,"2019/08/22 05:55:00",BANN1,0
D,DISPATCH,UNIT_SCADA,1,"2019/08/22 05:55:00",BARCALDN,0
D,DISPATCH,UNIT_SCADA,1,"2019/08/22 05:55:00",BARRON-1,0
D,DISPATCH,UNIT_SCADA,1,"2019/08/22 05:55:00",BARRON-2,25.80
D,DISPATCH,UNIT_SCADA,1,"2019/08/22 05:55:00",BASTYAN,78.360010
D,DISPATCH,UNIT_SCADA,1,"2019/08/22 05:55:00",BBTHREE1,-2
D,DISPATCH,UNIT_SCADA,1,"2019/08/22 05:55:00",BBTHREE2,-2.05
D,DISPATCH,UNIT_SCADA,1,"2019/08/22 05:55:00",BBTHREE3,-1.11
D,DISPATCH,UNIT_SCADA,1,"2019/08/22 05:55:00",BDL01,0
D,DISPATCH,UNIT_SCADA,1,"2019/08/22 05:55:00",BDL02,0
D,DISPATCH,UNIT_SCADA,1,"2019/08/22 05:55:00",BERYLSF1,0
D,DISPATCH,UNIT_SCADA,1,"2019/08/22 05:55:00",BLOWERNG,0
D,DISPATCH,UNIT_SCADA,1,"2019/08/22 05:55:00",BLUFF1,31.60
D,DISPATCH,UNIT_SCADA,1,"2019/08/22 05:55:00",BNGSF1,0
D,DISPATCH,UNIT_SCADA,1,"2019/08/22 05:55:00",BNGSF2,0
D,DISPATCH,UNIT_SCADA,1,"2019/08/22 05:55:00",BOCORWF1,95.63
D,DISPATCH,UNIT_SCADA,1,"2019/08/22 05:55:00",BODWF1,107.840620
D,DISPATCH,UNIT_SCADA,1,"2019/08/22 05:55:00",BRAEMAR1,0
D,DISPATCH,UNIT_SCADA,1,"2019/08/22 05:55:00",BRAEMAR2,0
D,DISPATCH,UNIT_SCADA,1,"2019/08/22 05:55:00",BRAEMAR3,0
D,DISPATCH,UNIT_SCADA,1,"2019/08/22 05:55:00",BRAEMAR5,0
D,DISPATCH,UNIT_SCADA,1,"2019/08/22 05:55:00",BRAEMAR6,0
D,DISPATCH,UNIT_SCADA,1,"2019/08/22 05:55:00",BRAEMAR7,0
D,DISPATCH,UNIT_SCADA,1,"2019/08/22 05:55:00",BROKENH1,0
D,DISPATCH,UNIT_SCADA,1,"2019/08/22 05:55:00",BW01,404.424930
D,DISPATCH,UNIT_SCADA,1,"2019/08/22 05:55:00",BW02,581.525020
D,DISPATCH,UNIT_SCADA,1,"2019/08/22 05:55:00",BW03,518.224980
D,DISPATCH,UNIT_SCADA,1,"2019/08/22 05:55:00",BW04,0
D,DISPATCH,UNIT_SCADA,1,"2019/08/22 05:55:00",CALL_B_1,350.200010
D,DISPATCH,UNIT_SCADA,1,"2019/08/22 05:55:00",CALL_B_2,290.300020
D,DISPATCH,UNIT_SCADA,1,"2019/08/22 05:55:00",CETHANA,98.4240
D,DISPATCH,UNIT_SCADA,1,"2019/08/22 05:55:00",CG1,0
D,DISPATCH,UNIT_SCADA,1,"2019/08/22 05:55:00",CG2,0
D,DISPATCH,UNIT_SCADA,1,"2019/08/22 05:55:00",CG3,0
D,DISPATCH,UNIT_SCADA,1,"2019/08/22 05:55:00",CG4,0
D,DISPATCH,UNIT_SCADA,1,"2019/08/22 05:55:00",CHILDSF1,0.01
D,DISPATCH,UNIT_SCADA,1,"2019/08/22 05:55:00",CLARESF1,0
D,DISPATCH,UNIT_SCADA,1,"2019/08/22 05:55:00",CLEMGPWF,3.745820
D,DISPATCH,UNIT_SCADA,1,"2019/08/22 05:55:00",CLERMSF1,0
D,DISPATCH,UNIT_SCADA,1,"2019/08/22 05:55:00",COLEASF1,0
D,DISPATCH,UNIT_SCADA,1,"2019/08/22 05:55:00",COOPGWF1,35.508250
D,DISPATCH,UNIT_SCADA,1,"2019/08/22 05:55:00",CPP_3,392.975010
D,DISPATCH,UNIT_SCADA,1,"2019/08/22 05:55:00",CPP_4,394.899990
D,DISPATCH,UNIT_SCADA,1,"2019/08/22 05:55:00",CPSA,142.961260
D,DISPATCH,UNIT_SCADA,1,"2019/08/22 05:55:00",CROOKWF2,78.353740
D,DISPATCH,UNIT_SCADA,1,"2019/08/22 05:55:00",CROWLWF1,48.785410
D,DISPATCH,UNIT_SCADA,1,"2019/08/22 05:55:00",CSPVPS1,0.0430
D,DISPATCH,UNIT_SCADA,1,"2019/08/22 05:55:00",DALNTH01,0
D,DISPATCH,UNIT_SCADA,1,"2019/08/22 05:55:00",DALNTHL1,0.044250
D,DISPATCH,UNIT_SCADA,1,"2019/08/22 05:55:00",DARTM1,0
D,DISPATCH,UNIT_SCADA,1,"2019/08/22 05:55:00",DAYDSF1,0
D,DISPATCH,UNIT_SCADA,1,"2019/08/22 05:55:00",DDPS1,0
D,DISPATCH,UNIT_SCADA,1,"2019/08/22 05:55:00",DDSF1,0
D,DISPATCH,UNIT_SCADA,1,"2019/08/22 05:55:00",DEVILS_G,0
D,DISPATCH,UNIT_SCADA,1,"2019/08/22 05:55:00",DG_NSW1,0
D,DISPATCH,UNIT_SCADA,1,"2019/08/22 05:55:00",DG_QLD1,0
D,DISPATCH,UNIT_SCADA,1,"2019/08/22 05:55:00",DG_SA1,0
D,DISPATCH,UNIT_SCADA,1,"2019/08/22 05:55:00",DG_TAS1,0
D,DISPATCH,UNIT_SCADA,1,"2019/08/22 05:55:00",DG_VIC1,0
D,DISPATCH,UNIT_SCADA,1,"2019/08/22 05:55:00",DRYCGT1,0
D,DISPATCH,UNIT_SCADA,1,"2019/08/22 05:55:00",DRYCGT2,0
D,DISPATCH,UNIT_SCADA,1,"2019/08/22 05:55:00",DRYCGT3,0
D,DISPATCH,UNIT_SCADA,1,"2019/08/22 05:55:00",EILDON1,0
D,DISPATCH,UNIT_SCADA,1,"2019/08/22 05:55:00",EILDON2,0
D,DISPATCH,UNIT_SCADA,1,"2019/08/22 05:55:00",EMERASF1,0
D,DISPATCH,UNIT_SCADA,1,"2019/08/22 05:55:00",ER01,564.150020
D,DISPATCH,UNIT_SCADA,1,"2019/08/22 05:55:00",ER02,519.550050
D,DISPATCH,UNIT_SCADA,1,"2019/08/22 05:55:00",ER03,554.724980
D,DISPATCH,UNIT_SCADA,1,"2019/08/22 05:55:00",ER04,589.900020
D,DISPATCH,UNIT_SCADA,1,"2019/08/22 05:55:00",FINLYSF1,0
D,DISPATCH,UNIT_SCADA,1,"2019/08/22 05:55:00",FISHER,45.75
D,DISPATCH,UNIT_SCADA,1,"2019/08/22 05:55:00",GANNBG1,0
D,DISPATCH,UNIT_SCADA,1,"2019/08/22 05:55:00",GANNBL1,10.008770
D,DISPATCH,UNIT_SCADA,1,"2019/08/22 05:55:00",GANNSF1,0
D,DISPATCH,UNIT_SCADA,1,"2019/08/22 05:55:00",GORDON,10.269280
D,DISPATCH,UNIT_SCADA,1,"2019/08/22 05:55:00",GSTONE1,133.8750
D,DISPATCH,UNIT_SCADA,1,"2019/08/22 05:55:00",GSTONE2,142.974990
D,DISPATCH,UNIT_SCADA,1,"2019/08/22 05:55:00",GSTONE3,142.45
D,DISPATCH,UNIT_SCADA,1,"2019/08/22 05:55:00",GSTONE4,147.1750
D,DISPATCH,UNIT_SCADA,1,"2019/08/22 05:55:00",GSTONE5,147.524990
D,DISPATCH,UNIT_SCADA,1,"2019/08/22 05:55:00",GSTONE6,0
D,DISPATCH,UNIT_SCADA,1,"2019/08/22 05:55:00",GULLRSF1,0
D,DISPATCH,UNIT_SCADA,1,"2019/08/22 05:55:00",GULLRWF1,158.315860
D,DISPATCH,UNIT_SCADA,1,"2019/08/22 05:55:00",GUNNING1,46.3191
D,DISPATCH,UNIT_SCADA,1,"2019/08/22 05:55:00",GUTHEGA,0
D,DISPATCH,UNIT_SCADA,1,"2019/08/22 05:55:00",HALLWF1,78.14
D,DISPATCH,UNIT_SCADA,1,"2019/08/22 05:55:00",HALLWF2,59.15
D,DISPATCH,UNIT_SCADA,1,"2019/08/22 05:55:00",HAMISF1,0
D,DISPATCH,UNIT_SCADA,1,"2019/08/22 05:55:00",HAUGHT11,0
D,DISPATCH,UNIT_SCADA,1,"2019/08/22 05:55:00",HAYMSF1,0
D,DISPATCH,UNIT_SCADA,1,"2019/08/22 05:55:00",HDWF1,52.80
D,DISPATCH,UNIT_SCADA,1,"2019/08/22 05:55:00",HDWF2,46.30
D,DISPATCH,UNIT_SCADA,1,"2019/08/22 05:55:00",HDWF3,59.40
D,DISPATCH,UNIT_SCADA,1,"2019/08/22 05:55:00",HPRG1,0.40
D,DISPATCH,UNIT_SCADA,1,"2019/08/22 05:55:00",HPRL1,0
D,DISPATCH,UNIT_SCADA,1,"2019/08/22 05:55:00",HUMENSW,0
D,DISPATCH,UNIT_SCADA,1,"2019/08/22 05:55:00",HUMEV,9.90
D,DISPATCH,UNIT_SCADA,1,"2019/08/22 05:55:00",HVGTS,0
D,DISPATCH,UNIT_SCADA,1,"2019/08/22 05:55:00",JBUTTERS,134.09
D,DISPATCH,UNIT_SCADA,1,"2019/08/22 05:55:00",JLA01,0.50
D,DISPATCH,UNIT_SCADA,1,"2019/08/22 05:55:00",JLA02,0
D,DISPATCH,UNIT_SCADA,1,"2019/08/22 05:55:00",JLA03,0.10
D,DISPATCH,UNIT_SCADA,1,"2019/08/22 05:55:00",JLA04,0.10
D,DISPATCH,UNIT_SCADA,1,"2019/08/22 05:55:00",JLB01,0
D,DISPATCH,UNIT_SCADA,1,"2019/08/22 05:55:00",JLB02,0.10
D,DISPATCH,UNIT_SCADA,1,"2019/08/22 05:55:00",JLB03,0
D,DISPATCH,UNIT_SCADA,1,"2019/08/22 05:55:00",KAREEYA1,21.6425
D,DISPATCH,UNIT_SCADA,1,"2019/08/22 05:55:00",KAREEYA2,21.72
D,DISPATCH,UNIT_SCADA,1,"2019/08/22 05:55:00",KAREEYA3,0
D,DISPATCH,UNIT_SCADA,1,"2019/08/22 05:55:00",KAREEYA4,21.8125
D,DISPATCH,UNIT_SCADA,1,"2019/08/22 05:55:00",KARSF1,0
D,DISPATCH,UNIT_SCADA,1,"2019/08/22 05:55:00",KIATAWF1,30.10
D,DISPATCH,UNIT_SCADA,1,"2019/08/22 05:55:00",KPP_1,0
D,DISPATCH,UNIT_SCADA,1,"2019/08/22 05:55:00",KSP1,0
D,DISPATCH,UNIT_SCADA,1,"2019/08/22 05:55:00",LADBROK1,0
D,DISPATCH,UNIT_SCADA,1,"2019/08/22 05:55:00",LADBROK2,0
D,DISPATCH,UNIT_SCADA,1,"2019/08/22 05:55:00",LD01,355.106230
D,DISPATCH,UNIT_SCADA,1,"2019/08/22 05:55:00",LD02,349.443760
D,DISPATCH,UNIT_SCADA,1,"2019/08/22 05:55:00",LD03,346.5563
D,DISPATCH,UNIT_SCADA,1,"2019/08/22 05:55:00",LD04,352.518770
D,DISPATCH,UNIT_SCADA,1,"2019/08/22 05:55:00",LEM_WIL,86.023050
D,DISPATCH,UNIT_SCADA,1,"2019/08/22 05:55:00",LGAPWF1,7.51
D,DISPATCH,UNIT_SCADA,1,"2019/08/22 05:55:00",LILYSF1,0
D,DISPATCH,UNIT_SCADA,1,"2019/08/22 05:55:00",LI_WY_CA,148.772050
D,DISPATCH,UNIT_SCADA,1,"2019/08/22 05:55:00",LKBONNY2,139.930340
D,DISPATCH,UNIT_SCADA,1,"2019/08/22 05:55:00",LKBONNY3,31.818550
D,DISPATCH,UNIT_SCADA,1,"2019/08/22 05:55:00",LK_ECHO,0
D,DISPATCH,UNIT_SCADA,1,"2019/08/22 05:55:00",LNGS1,0
D,DISPATCH,UNIT_SCADA,1,"2019/08/22 05:55:00",LNGS2,0
D,DISPATCH,UNIT_SCADA,1,"2019/08/22 05:55:00",LONSDALE,0
D,DISPATCH,UNIT_SCADA,1,"2019/08/22 05:55:00",LOYYB1,536.088620
D,DISPATCH,UNIT_SCADA,1,"2019/08/22 05:55:00",LOYYB2,581.954410
D,DISPATCH,UNIT_SCADA,1,"2019/08/22 05:55:00",LYA1,559
D,DISPATCH,UNIT_SCADA,1,"2019/08/22 05:55:00",LYA2,0
D,DISPATCH,UNIT_SCADA,1,"2019/08/22 05:55:00",LYA3,558
D,DISPATCH,UNIT_SCADA,1,"2019/08/22 05:55:00",LYA4,530
D,DISPATCH,UNIT_SCADA,1,"2019/08/22 05:55:00",MACARTH1,284.293430
D,DISPATCH,UNIT_SCADA,1,"2019/08/22 05:55:00",MACKAYGT,0
D,DISPATCH,UNIT_SCADA,1,"2019/08/22 05:55:00",MACKNTSH,86.23
D,DISPATCH,UNIT_SCADA,1,"2019/08/22 05:55:00",MANSLR1,0
D,DISPATCH,UNIT_SCADA,1,"2019/08/22 05:55:00",MCKAY1,0.02
D,DISPATCH,UNIT_SCADA,1,"2019/08/22 05:55:00",MEADOWBK,34.067360
D,DISPATCH,UNIT_SCADA,1,"2019/08/22 05:55:00",MERCER01,89.0080
D,DISPATCH,UNIT_SCADA,1,"2019/08/22 05:55:00",MEWF1,58.607620
D,DISPATCH,UNIT_SCADA,1,"2019/08/22 05:55:00",MINTARO,0
D,DISPATCH,UNIT_SCADA,1,"2019/08/22 05:55:00",MOREESF1,0
D,DISPATCH,UNIT_SCADA,1,"2019/08/22 05:55:00",MORTLK11,0
D,DISPATCH,UNIT_SCADA,1,"2019/08/22 05:55:00",MORTLK12,0
D,DISPATCH,UNIT_SCADA,1,"2019/08/22 05:55:00",MP1,281.200070
D,DISPATCH,UNIT_SCADA,1,"2019/08/22 05:55:00",MP2,0
D,DISPATCH,UNIT_SCADA,1,"2019/08/22 05:55:00",MPP_1,419.75
D,DISPATCH,UNIT_SCADA,1,"2019/08/22 05:55:00",MPP_2,414.50
D,DISPATCH,UNIT_SCADA,1,"2019/08/22 05:55:00",MSTUART1,0
D,DISPATCH,UNIT_SCADA,1,"2019/08/22 05:55:00",MSTUART2,0
D,DISPATCH,UNIT_SCADA,1,"2019/08/22 05:55:00",MSTUART3,0
D,DISPATCH,UNIT_SCADA,1,"2019/08/22 05:55:00",MTGELWF1,64.824360
D,DISPATCH,UNIT_SCADA,1,"2019/08/22 05:55:00",MURRAY,0
D,DISPATCH,UNIT_SCADA,1,"2019/08/22 05:55:00",MUSSELR1,142.899990
D,DISPATCH,UNIT_SCADA,1,"2019/08/22 05:55:00",MUWAWF1,54
D,DISPATCH,UNIT_SCADA,1,"2019/08/22 05:55:00",NBHWF1,106.80
D,DISPATCH,UNIT_SCADA,1,"2019/08/22 05:55:00",NPS,0
D,DISPATCH,UNIT_SCADA,1,"2019/08/22 05:55:00",NUMURSF1,0
D,DISPATCH,UNIT_SCADA,1,"2019/08/22 05:55:00",NYNGAN1,0
D,DISPATCH,UNIT_SCADA,1,"2019/08/22 05:55:00",OAKEY1,0
D,DISPATCH,UNIT_SCADA,1,"2019/08/22 05:55:00",OAKEY1SF,0
D,DISPATCH,UNIT_SCADA,1,"2019/08/22 05:55:00",OAKEY2,0
D,DISPATCH,UNIT_SCADA,1,"2019/08/22 05:55:00",OAKLAND1,59.80
D,DISPATCH,UNIT_SCADA,1,"2019/08/22 05:55:00",OSB-AG,0
D,DISPATCH,UNIT_SCADA,1,"2019/08/22 05:55:00",PARSF1,0
D,DISPATCH,UNIT_SCADA,1,"2019/08/22 05:55:00",POAT110,0
D,DISPATCH,UNIT_SCADA,1,"2019/08/22 05:55:00",POAT220,0.86
D,DISPATCH,UNIT_SCADA,1,"2019/08/22 05:55:00",POR01,0
D,DISPATCH,UNIT_SCADA,1,"2019/08/22 05:55:00",POR03,0
D,DISPATCH,UNIT_SCADA,1,"2019/08/22 05:55:00",PPCCGT,172.8811
D,DISPATCH,UNIT_SCADA,1,"2019/08/22 05:55:00",PTSTAN1,0
D,DISPATCH,UNIT_SCADA,1,"2019/08/22 05:55:00",PUMP1,0
D,DISPATCH,UNIT_SCADA,1,"2019/08/22 05:55:00",PUMP2,0
D,DISPATCH,UNIT_SCADA,1,"2019/08/22 05:55:00",QPS1,0
D,DISPATCH,UNIT_SCADA,1,"2019/08/22 05:55:00",QPS2,0
D,DISPATCH,UNIT_SCADA,1,"2019/08/22 05:55:00",QPS3,0
D,DISPATCH,UNIT_SCADA,1,"2019/08/22 05:55:00",QPS4,0
D,DISPATCH,UNIT_SCADA,1,"2019/08/22 05:55:00",QPS5,0
D,DISPATCH,UNIT_SCADA,1,"2019/08/22 05:55:00",REECE1,118.720010
D,DISPATCH,UNIT_SCADA,1,"2019/08/22 05:55:00",REECE2,118.390010
D,DISPATCH,UNIT_SCADA,1,"2019/08/22 05:55:00",ROMA_7,0
D,DISPATCH,UNIT_SCADA,1,"2019/08/22 05:55:00",ROMA_8,0
D,DISPATCH,UNIT_SCADA,1,"2019/08/22 05:55:00",RRSF1,0
D,DISPATCH,UNIT_SCADA,1,"2019/08/22 05:55:00",RT_NSW1,0
D,DISPATCH,UNIT_SCADA,1,"2019/08/22 05:55:00",RT_NSW2,0
D,DISPATCH,UNIT_SCADA,1,"2019/08/22 05:55:00",RT_NSW3,0
D,DISPATCH,UNIT_SCADA,1,"2019/08/22 05:55:00",RT_NSW4,0
D,DISPATCH,UNIT_SCADA,1,"2019/08/22 05:55:00",RT_NSW5,0
D,DISPATCH,UNIT_SCADA,1,"2019/08/22 05:55:00",RT_NSW6,0
D,DISPATCH,UNIT_SCADA,1,"2019/08/22 05:55:00",RT_QLD1,0
D,DISPATCH,UNIT_SCADA,1,"2019/08/22 05:55:00",RT_SA1,0
D,DISPATCH,UNIT_SCADA,1,"2019/08/22 05:55:00",RT_SA2,0
D,DISPATCH,UNIT_SCADA,1,"2019/08/22 05:55:00",RT_SA3,0
D,DISPATCH,UNIT_SCADA,1,"2019/08/22 05:55:00",RT_SA4,0
D,DISPATCH,UNIT_SCADA,1,"2019/08/22 05:55:00",RT_SA5,0
D,DISPATCH,UNIT_SCADA,1,"2019/08/22 05:55:00",RT_SA6,0
D,DISPATCH,UNIT_SCADA,1,"2019/08/22 05:55:00",RT_TAS1,0
D,DISPATCH,UNIT_SCADA,1,"2019/08/22 05:55:00",RT_VIC1,0
D,DISPATCH,UNIT_SCADA,1,"2019/08/22 05:55:00",RT_VIC10,0
D,DISPATCH,UNIT_SCADA,1,"2019/08/22 05:55:00",RT_VIC11,0
D,DISPATCH,UNIT_SCADA,1,"2019/08/22 05:55:00",RT_VIC12,0
D,DISPATCH,UNIT_SCADA,1,"2019/08/22 05:55:00",RT_VIC2,0
D,DISPATCH,UNIT_SCADA,1,"2019/08/22 05:55:00",RT_VIC3,0
D,DISPATCH,UNIT_SCADA,1,"2019/08/22 05:55:00",RT_VIC4,0
D,DISPATCH,UNIT_SCADA,1,"2019/08/22 05:55:00",RT_VIC5,0
D,DISPATCH,UNIT_SCADA,1,"2019/08/22 05:55:00",RT_VIC6,0
D,DISPATCH,UNIT_SCADA,1,"2019/08/22 05:55:00",RT_VIC7,0
D,DISPATCH,UNIT_SCADA,1,"2019/08/22 05:55:00",RT_VIC8,0
D,DISPATCH,UNIT_SCADA,1,"2019/08/22 05:55:00",RT_VIC9,0
D,DISPATCH,UNIT_SCADA,1,"2019/08/22 05:55:00",RUGBYR1,0
D,DISPATCH,UNIT_SCADA,1,"2019/08/22 05:55:00",SALTCRK1,40.97
D,DISPATCH,UNIT_SCADA,1,"2019/08/22 05:55:00",SAPHWF1,242.971860
D,DISPATCH,UNIT_SCADA,1,"2019/08/22 05:55:00",SHGEN,0
D,DISPATCH,UNIT_SCADA,1,"2019/08/22 05:55:00",SHPUMP,79.859380
D,DISPATCH,UNIT_SCADA,1,"2019/08/22 05:55:00",SITHE01,0.123710
D,DISPATCH,UNIT_SCADA,1,"2019/08/22 05:55:00",SMCSF1,0
D,DISPATCH,UNIT_SCADA,1,"2019/08/22 05:55:00",SNOWNTH1,18.50
D,DISPATCH,UNIT_SCADA,1,"2019/08/22 05:55:00",SNOWSTH1,33.60
D,DISPATCH,UNIT_SCADA,1,"2019/08/22 05:55:00",SNOWTWN1,14.225130
D,DISPATCH,UNIT_SCADA,1,"2019/08/22 05:55:00",SNOWYP,191.20
D,DISPATCH,UNIT_SCADA,1,"2019/08/22 05:55:00",SNUG1,0.019440
D,DISPATCH,UNIT_SCADA,1,"2019/08/22 05:55:00",SRSF1,0.44
D,DISPATCH,UNIT_SCADA,1,"2019/08/22 05:55:00",STAN-1,0
D,DISPATCH,UNIT_SCADA,1,"2019/08/22 05:55:00",STAN-2,187.537230
D,DISPATCH,UNIT_SCADA,1,"2019/08/22 05:55:00",STAN-3,220.017530
D,DISPATCH,UNIT_SCADA,1,"2019/08/22 05:55:00",STAN-4,195.7150
D,DISPATCH,UNIT_SCADA,1,"2019/08/22 05:55:00",STWF1,166.14
D,DISPATCH,UNIT_SCADA,1,"2019/08/22 05:55:00",SWAN_E,0
D,DISPATCH,UNIT_SCADA,1,"2019/08/22 05:55:00",TALWA1,300
D,DISPATCH,UNIT_SCADA,1,"2019/08/22 05:55:00",TARALGA1,88.530010
D,DISPATCH,UNIT_SCADA,1,"2019/08/22 05:55:00",TARONG#1,279.600010
D,DISPATCH,UNIT_SCADA,1,"2019/08/22 05:55:00",TARONG#2,229.600010
D,DISPATCH,UNIT_SCADA,1,"2019/08/22 05:55:00",TARONG#3,260.200010
D,DISPATCH,UNIT_SCADA,1,"2019/08/22 05:55:00",TARONG#4,279.899990
D,DISPATCH,UNIT_SCADA,1,"2019/08/22 05:55:00",TARRALEA,83.90
D,DISPATCH,UNIT_SCADA,1,"2019/08/22 05:55:00",TBSF1,-0.20
D,DISPATCH,UNIT_SCADA,1,"2019/08/22 05:55:00",TNPS1,220.000020
D,DISPATCH,UNIT_SCADA,1,"2019/08/22 05:55:00",TORRA1,46.836060
D,DISPATCH,UNIT_SCADA,1,"2019/08/22 05:55:00",TORRA2,0
D,DISPATCH,UNIT_SCADA,1,"2019/08/22 05:55:00",TORRA3,10.085270
D,DISPATCH,UNIT_SCADA,1,"2019/08/22 05:55:00",TORRA4,0
D,DISPATCH,UNIT_SCADA,1,"2019/08/22 05:55:00",TORRB1,62.01
D,DISPATCH,UNIT_SCADA,1,"2019/08/22 05:55:00",TORRB2,61.60
D,DISPATCH,UNIT_SCADA,1,"2019/08/22 05:55:00",TORRB3,0
D,DISPATCH,UNIT_SCADA,1,"2019/08/22 05:55:00",TORRB4,0
D,DISPATCH,UNIT_SCADA,1,"2019/08/22 05:55:00",TREVALLN,17.70
D,DISPATCH,UNIT_SCADA,1,"2019/08/22 05:55:00",TRIBUTE,84.67
D,DISPATCH,UNIT_SCADA,1,"2019/08/22 05:55:00",TUMUT3,0
D,DISPATCH,UNIT_SCADA,1,"2019/08/22 05:55:00",TUNGATIN,3.20
D,DISPATCH,UNIT_SCADA,1,"2019/08/22 05:55:00",TVCC201,0
D,DISPATCH,UNIT_SCADA,1,"2019/08/22 05:55:00",TVPP104,0
D,DISPATCH,UNIT_SCADA,1,"2019/08/22 05:55:00",UPPTUMUT,0
D,DISPATCH,UNIT_SCADA,1,"2019/08/22 05:55:00",URANQ11,0
D,DISPATCH,UNIT_SCADA,1,"2019/08/22 05:55:00",URANQ12,0
D,DISPATCH,UNIT_SCADA,1,"2019/08/22 05:55:00",URANQ13,0
D,DISPATCH,UNIT_SCADA,1,"2019/08/22 05:55:00",URANQ14,0
D,DISPATCH,UNIT_SCADA,1,"2019/08/22 05:55:00",VP5,402.75
D,DISPATCH,UNIT_SCADA,1,"2019/08/22 05:55:00",VP6,442.574980
D,DISPATCH,UNIT_SCADA,1,"2019/08/22 05:55:00",VPGS1,0
D,DISPATCH,UNIT_SCADA,1,"2019/08/22 05:55:00",VPGS2,0
D,DISPATCH,UNIT_SCADA,1,"2019/08/22 05:55:00",VPGS3,0
D,DISPATCH,UNIT_SCADA,1,"2019/08/22 05:55:00",VPGS4,0
D,DISPATCH,UNIT_SCADA,1,"2019/08/22 05:55:00",VPGS5,0
D,DISPATCH,UNIT_SCADA,1,"2019/08/22 05:55:00",VPGS6,0
D,DISPATCH,UNIT_SCADA,1,"2019/08/22 05:55:00",W/HOE#1,0
D,DISPATCH,UNIT_SCADA,1,"2019/08/22 05:55:00",W/HOE#2,0
D,DISPATCH,UNIT_SCADA,1,"2019/08/22 05:55:00",WATERLWF,102.90
D,DISPATCH,UNIT_SCADA,1,"2019/08/22 05:55:00",WEMENSF1,0
D,DISPATCH,UNIT_SCADA,1,"2019/08/22 05:55:00",WGWF1,82.80
D,DISPATCH,UNIT_SCADA,1,"2019/08/22 05:55:00",WHITSF1,0
D,DISPATCH,UNIT_SCADA,1,"2019/08/22 05:55:00",WKIEWA1,0
D,DISPATCH,UNIT_SCADA,1,"2019/08/22 05:55:00",WKIEWA2,17
D,DISPATCH,UNIT_SCADA,1,"2019/08/22 05:55:00",WOODLWN1,44.918990
D,DISPATCH,UNIT_SCADA,1,"2019/08/22 05:55:00",WRSF1,0
D,DISPATCH,UNIT_SCADA,1,"2019/08/22 05:55:00",WRWF1,164.451260
D,DISPATCH,UNIT_SCADA,1,"2019/08/22 05:55:00",YABULU,0
D,DISPATCH,UNIT_SCADA,1,"2019/08/22 05:55:00",YABULU2,0
D,DISPATCH,UNIT_SCADA,1,"2019/08/22 05:55:00",YARWUN_1,0
D,DISPATCH,UNIT_SCADA,1,"2019/08/22 05:55:00",YENDWF1,41.74
D,DISPATCH,UNIT_SCADA,1,"2019/08/22 05:55:00",YWPS1,300.749360
D,DISPATCH,UNIT_SCADA,1,"2019/08/22 05:55:00",YWPS2,283.455690
D,DISPATCH,UNIT_SCADA,1,"2019/08/22 05:55:00",YWPS3,0
D,DISPATCH,UNIT_SCADA,1,"2019/08/22 05:55:00",YWPS4,397.213930
C,"END OF REPORT",334
