C,NEMP.WORLD,DISPATCHSCADA,AEMO,PUBLIC,2019/09/05,08:20:08,0000000312414422,DISPATCHSCADA,0000000312414416
I,DISPATCH,UNIT_SCADA,1,SETTLEMENTDATE,DUID,SCADAVALUE
D,DISPATCH,UNIT_SCADA,1,"2019/09/05 08:25:00",BARCSF1,8.80
D,DISPATCH,UNIT_SCADA,1,"2019/09/05 08:25:00",BUTLERSG,10.199999
D,DISPATCH,UNIT_SCADA,1,"2019/09/05 08:25:00",CALL_A_4,0
D,DISPATCH,UNIT_SCADA,1,"2019/09/05 08:25:00",CAPTL_WF,0
D,DISPATCH,UNIT_SCADA,1,"2019/09/05 08:25:00",CATHROCK,39.169998
D,DISPATCH,UNIT_SCADA,1,"2019/09/05 08:25:00",CHALLHWF,2.30
D,DISPATCH,UNIT_SCADA,1,"2019/09/05 08:25:00",CLOVER,-0.01
D,DISPATCH,UNIT_SCADA,1,"2019/09/05 08:25:00",CLUNY,13.972534
D,DISPATCH,UNIT_SCADA,1,"2019/09/05 08:25:00",CNUNDAWF,21.424994
D,DISPATCH,UNIT_SCADA,1,"2019/09/05 08:25:00",CULLRGWF,7.36
D,DISPATCH,UNIT_SCADA,1,"2019/09/05 08:25:00",ERGT01,0
D,DISPATCH,UNIT_SCADA,1,"2019/09/05 08:25:00",GB01,0.015625
D,DISPATCH,UNIT_SCADA,1,"2019/09/05 08:25:00",GERMCRK,38.200001
D,DISPATCH,UNIT_SCADA,1,"2019/09/05 08:25:00",GRIFSF1,22
D,DISPATCH,UNIT_SCADA,1,"2019/09/05 08:25:00",HUGSF1,8.9610
D,DISPATCH,UNIT_SCADA,1,"2019/09/05 08:25:00",LKBONNY1,36.438221
D,DISPATCH,UNIT_SCADA,1,"2019/09/05 08:25:00",LRSF1,12.650001
D,DISPATCH,UNIT_SCADA,1,"2019/09/05 08:25:00",MBAHNTH,26.849998
D,DISPATCH,UNIT_SCADA,1,"2019/09/05 08:25:00",MLSP1,3.523001
D,DISPATCH,UNIT_SCADA,1,"2019/09/05 08:25:00",MLWF1,3.5850
D,DISPATCH,UNIT_SCADA,1,"2019/09/05 08:25:00",MTMILLAR,12.635346
D,DISPATCH,UNIT_SCADA,1,"2019/09/05 08:25:00",PALOONA,24.639999
D,DISPATCH,UNIT_SCADA,1,"2019/09/05 08:25:00",PIONEER,41.400002
D,DISPATCH,UNIT_SCADA,1,"2019/09/05 08:25:00",PORTWF,25.40
D,DISPATCH,UNIT_SCADA,1,"2019/09/05 08:25:00",REPULSE,24.859388
D,DISPATCH,UNIT_SCADA,1,"2019/09/05 08:25:00",ROWALLAN,10.3944
D,DISPATCH,UNIT_SCADA,1,"2019/09/05 08:25:00",ROYALLA1,3.368001
D,DISPATCH,UNIT_SCADA,1,"2019/09/05 08:25:00",RPCG,11.30
D,DISPATCH,UNIT_SCADA,1,"2019/09/05 08:25:00",RUBICON,0
D,DISPATCH,UNIT_SCADA,1,"2019/09/05 08:25:00",SATGN1,0
D,DISPATCH,UNIT_SCADA,1,"2019/09/05 08:25:00",SATGS1,0
D,DISPATCH,UNIT_SCADA,1,"2019/09/05 08:25:00",STARHLWF,0.099971
D,DISPATCH,UNIT_SCADA,1,"2019/09/05 08:25:00",WAUBRAWF,28.207001
D,DISPATCH,UNIT_SCADA,1,"2019/09/05 08:25:00",WOOLNTH1,-0.459985
D,DISPATCH,UNIT_SCADA,1,"2019/09/05 08:25:00",WPWF,10
D,DISPATCH,UNIT_SCADA,1,"2019/09/05 08:25:00",YAMBUKWF,3.10
D,DISPATCH,UNIT_SCADA,1,"2019/09/05 08:25:00",YSWF1,0.20
D,DISPATCH,UNIT_SCADA,1,"2019/09/05 08:25:00",AGLHAL,0
D,DISPATCH,UNIT_SCADA,1,"2019/09/05 08:25:00",AGLSOM,0
D,DISPATCH,UNIT_SCADA,1,"2019/09/05 08:25:00",ANGAST1,0
D,DISPATCH,UNIT_SCADA,1,"2019/09/05 08:25:00",ARWF1,15.10
D,DISPATCH,UNIT_SCADA,1,"2019/09/05 08:25:00",BALBG1,3.37
D,DISPATCH,UNIT_SCADA,1,"2019/09/05 08:25:00",BALBL1,0
D,DISPATCH,UNIT_SCADA,1,"2019/09/05 08:25:00",BALDHWF1,2.1280
D,DISPATCH,UNIT_SCADA,1,"2019/09/05 08:25:00",BANN1,9.42
D,DISPATCH,UNIT_SCADA,1,"2019/09/05 08:25:00",BARCALDN,0
D,DISPATCH,UNIT_SCADA,1,"2019/09/05 08:25:00",BARRON-1,34.12
D,DISPATCH,UNIT_SCADA,1,"2019/09/05 08:25:00",BARRON-2,0
D,DISPATCH,UNIT_SCADA,1,"2019/09/05 08:25:00",BASTYAN,80.44
D,DISPATCH,UNIT_SCADA,1,"2019/09/05 08:25:00",BBTHREE1,0
D,DISPATCH,UNIT_SCADA,1,"2019/09/05 08:25:00",BBTHREE2,0
D,DISPATCH,UNIT_SCADA,1,"2019/09/05 08:25:00",BBTHREE3,0
D,DISPATCH,UNIT_SCADA,1,"2019/09/05 08:25:00",BDL01,1.98
D,DISPATCH,UNIT_SCADA,1,"2019/09/05 08:25:00",BDL02,-0.24
D,DISPATCH,UNIT_SCADA,1,"2019/09/05 08:25:00",BERYLSF1,69.300950
D,DISPATCH,UNIT_SCADA,1,"2019/09/05 08:25:00",BLOWERNG,11.10
D,DISPATCH,UNIT_SCADA,1,"2019/09/05 08:25:00",BLUFF1,0
D,DISPATCH,UNIT_SCADA,1,"2019/09/05 08:25:00",BNGSF1,57.46
D,DISPATCH,UNIT_SCADA,1,"2019/09/05 08:25:00",BNGSF2,20.03
D,DISPATCH,UNIT_SCADA,1,"2019/09/05 08:25:00",BOCORWF1,0
D,DISPATCH,UNIT_SCADA,1,"2019/09/05 08:25:00",BODWF1,15.692110
D,DISPATCH,UNIT_SCADA,1,"2019/09/05 08:25:00",BRAEMAR1,0
D,DISPATCH,UNIT_SCADA,1,"2019/09/05 08:25:00",BRAEMAR2,0
D,DISPATCH,UNIT_SCADA,1,"2019/09/05 08:25:00",BRAEMAR3,0
D,DISPATCH,UNIT_SCADA,1,"2019/09/05 08:25:00",BRAEMAR5,0
D,DISPATCH,UNIT_SCADA,1,"2019/09/05 08:25:00",BRAEMAR6,0
D,DISPATCH,UNIT_SCADA,1,"2019/09/05 08:25:00",BRAEMAR7,0
D,DISPATCH,UNIT_SCADA,1,"2019/09/05 08:25:00",BROKENH1,21.196290
D,DISPATCH,UNIT_SCADA,1,"2019/09/05 08:25:00",BW01,565.099980
D,DISPATCH,UNIT_SCADA,1,"2019/09/05 08:25:00",BW02,655.449950
D,DISPATCH,UNIT_SCADA,1,"2019/09/05 08:25:00",BW03,646.150020
D,DISPATCH,UNIT_SCADA,1,"2019/09/05 08:25:00",BW04,0
D,DISPATCH,UNIT_SCADA,1,"2019/09/05 08:25:00",CALL_B_1,275.200010
D,DISPATCH,UNIT_SCADA,1,"2019/09/05 08:25:00",CALL_B_2,264.899990
D,DISPATCH,UNIT_SCADA,1,"2019/09/05 08:25:00",CETHANA,79.922620
D,DISPATCH,UNIT_SCADA,1,"2019/09/05 08:25:00",CG1,0
D,DISPATCH,UNIT_SCADA,1,"2019/09/05 08:25:00",CG2,0
D,DISPATCH,UNIT_SCADA,1,"2019/09/05 08:25:00",CG3,0
D,DISPATCH,UNIT_SCADA,1,"2019/09/05 08:25:00",CG4,0
D,DISPATCH,UNIT_SCADA,1,"2019/09/05 08:25:00",CHILDSF1,56.05
D,DISPATCH,UNIT_SCADA,1,"2019/09/05 08:25:00",CLARESF1,2.093380
D,DISPATCH,UNIT_SCADA,1,"2019/09/05 08:25:00",CLEMGPWF,22.691030
D,DISPATCH,UNIT_SCADA,1,"2019/09/05 08:25:00",CLERMSF1,0.24
D,DISPATCH,UNIT_SCADA,1,"2019/09/05 08:25:00",COLEASF1,20.800010
D,DISPATCH,UNIT_SCADA,1,"2019/09/05 08:25:00",COOPGWF1,0
D,DISPATCH,UNIT_SCADA,1,"2019/09/05 08:25:00",CPP_3,244.200010
D,DISPATCH,UNIT_SCADA,1,"2019/09/05 08:25:00",CPP_4,246.6750
D,DISPATCH,UNIT_SCADA,1,"2019/09/05 08:25:00",CPSA,143.445010
D,DISPATCH,UNIT_SCADA,1,"2019/09/05 08:25:00",CROOKWF2,4.223750
D,DISPATCH,UNIT_SCADA,1,"2019/09/05 08:25:00",CROWLWF1,1.113410
D,DISPATCH,UNIT_SCADA,1,"2019/09/05 08:25:00",CSPVPS1,19.0440
D,DISPATCH,UNIT_SCADA,1,"2019/09/05 08:25:00",DALNTH01,0
D,DISPATCH,UNIT_SCADA,1,"2019/09/05 08:25:00",DALNTHL1,0.080870
D,DISPATCH,UNIT_SCADA,1,"2019/09/05 08:25:00",DARTM1,133.30
D,DISPATCH,UNIT_SCADA,1,"2019/09/05 08:25:00",DAYDSF1,112.180010
D,DISPATCH,UNIT_SCADA,1,"2019/09/05 08:25:00",DDPS1,107.413130
D,DISPATCH,UNIT_SCADA,1,"2019/09/05 08:25:00",DDSF1,62.056450
D,DISPATCH,UNIT_SCADA,1,"2019/09/05 08:25:00",DEVILS_G,55.739010
D,DISPATCH,UNIT_SCADA,1,"2019/09/05 08:25:00",DG_NSW1,0
D,DISPATCH,UNIT_SCADA,1,"2019/09/05 08:25:00",DG_QLD1,0
D,DISPATCH,UNIT_SCADA,1,"2019/09/05 08:25:00",DG_SA1,0
D,DISPATCH,UNIT_SCADA,1,"2019/09/05 08:25:00",DG_TAS1,0
D,DISPATCH,UNIT_SCADA,1,"2019/09/05 08:25:00",DG_VIC1,0
D,DISPATCH,UNIT_SCADA,1,"2019/09/05 08:25:00",DRYCGT1,0
D,DISPATCH,UNIT_SCADA,1,"2019/09/05 08:25:00",DRYCGT2,0
D,DISPATCH,UNIT_SCADA,1,"2019/09/05 08:25:00",DRYCGT3,0
D,DISPATCH,UNIT_SCADA,1,"2019/09/05 08:25:00",EILDON1,0
D,DISPATCH,UNIT_SCADA,1,"2019/09/05 08:25:00",EILDON2,0
D,DISPATCH,UNIT_SCADA,1,"2019/09/05 08:25:00",EMERASF1,0.20
D,DISPATCH,UNIT_SCADA,1,"2019/09/05 08:25:00",ER01,592.949950
D,DISPATCH,UNIT_SCADA,1,"2019/09/05 08:25:00",ER02,698.6250
D,DISPATCH,UNIT_SCADA,1,"2019/09/05 08:25:00",ER03,0
D,DISPATCH,UNIT_SCADA,1,"2019/09/05 08:25:00",ER04,699
D,DISPATCH,UNIT_SCADA,1,"2019/09/05 08:25:00",FINLYSF1,2.624980
D,DISPATCH,UNIT_SCADA,1,"2019/09/05 08:25:00",FISHER,45.78
D,DISPATCH,UNIT_SCADA,1,"2019/09/05 08:25:00",GANNBG1,7.8130
D,DISPATCH,UNIT_SCADA,1,"2019/09/05 08:25:00",GANNBL1,0
D,DISPATCH,UNIT_SCADA,1,"2019/09/05 08:25:00",GANNSF1,16.70
D,DISPATCH,UNIT_SCADA,1,"2019/09/05 08:25:00",GORDON,109.183750
D,DISPATCH,UNIT_SCADA,1,"2019/09/05 08:25:00",GSTONE1,133.70
D,DISPATCH,UNIT_SCADA,1,"2019/09/05 08:25:00",GSTONE2,110.0750
D,DISPATCH,UNIT_SCADA,1,"2019/09/05 08:25:00",GSTONE3,0
D,DISPATCH,UNIT_SCADA,1,"2019/09/05 08:25:00",GSTONE4,134.224990
D,DISPATCH,UNIT_SCADA,1,"2019/09/05 08:25:00",GSTONE5,133.8750
D,DISPATCH,UNIT_SCADA,1,"2019/09/05 08:25:00",GSTONE6,134.9250
D,DISPATCH,UNIT_SCADA,1,"2019/09/05 08:25:00",GULLRSF1,6.696750
D,DISPATCH,UNIT_SCADA,1,"2019/09/05 08:25:00",GULLRWF1,17.008090
D,DISPATCH,UNIT_SCADA,1,"2019/09/05 08:25:00",GUNNING1,5.297540
D,DISPATCH,UNIT_SCADA,1,"2019/09/05 08:25:00",GUTHEGA,30.80
D,DISPATCH,UNIT_SCADA,1,"2019/09/05 08:25:00",HALLWF1,-0.41
D,DISPATCH,UNIT_SCADA,1,"2019/09/05 08:25:00",HALLWF2,-0.31
D,DISPATCH,UNIT_SCADA,1,"2019/09/05 08:25:00",HAMISF1,44.40
D,DISPATCH,UNIT_SCADA,1,"2019/09/05 08:25:00",HAUGHT11,93.040640
D,DISPATCH,UNIT_SCADA,1,"2019/09/05 08:25:00",HAYMSF1,38.4970
D,DISPATCH,UNIT_SCADA,1,"2019/09/05 08:25:00",HDWF1,-0.60
D,DISPATCH,UNIT_SCADA,1,"2019/09/05 08:25:00",HDWF2,-0.60
D,DISPATCH,UNIT_SCADA,1,"2019/09/05 08:25:00",HDWF3,-0.70
D,DISPATCH,UNIT_SCADA,1,"2019/09/05 08:25:00",HPRG1,10.10
D,DISPATCH,UNIT_SCADA,1,"2019/09/05 08:25:00",HPRL1,0
D,DISPATCH,UNIT_SCADA,1,"2019/09/05 08:25:00",HUMENSW,0
D,DISPATCH,UNIT_SCADA,1,"2019/09/05 08:25:00",HUMEV,25.90
D,DISPATCH,UNIT_SCADA,1,"2019/09/05 08:25:00",HVGTS,0
D,DISPATCH,UNIT_SCADA,1,"2019/09/05 08:25:00",JBUTTERS,113.47
D,DISPATCH,UNIT_SCADA,1,"2019/09/05 08:25:00",JLA01,0.10
D,DISPATCH,UNIT_SCADA,1,"2019/09/05 08:25:00",JLA02,29.80
D,DISPATCH,UNIT_SCADA,1,"2019/09/05 08:25:00",JLA03,0
D,DISPATCH,UNIT_SCADA,1,"2019/09/05 08:25:00",JLA04,0
D,DISPATCH,UNIT_SCADA,1,"2019/09/05 08:25:00",JLB01,0
D,DISPATCH,UNIT_SCADA,1,"2019/09/05 08:25:00",JLB02,83.80
D,DISPATCH,UNIT_SCADA,1,"2019/09/05 08:25:00",JLB03,83.60
D,DISPATCH,UNIT_SCADA,1,"2019/09/05 08:25:00",KAREEYA1,21.55
D,DISPATCH,UNIT_SCADA,1,"2019/09/05 08:25:00",KAREEYA2,21.7775
D,DISPATCH,UNIT_SCADA,1,"2019/09/05 08:25:00",KAREEYA3,0
D,DISPATCH,UNIT_SCADA,1,"2019/09/05 08:25:00",KAREEYA4,21.61
D,DISPATCH,UNIT_SCADA,1,"2019/09/05 08:25:00",KARSF1,30.40
D,DISPATCH,UNIT_SCADA,1,"2019/09/05 08:25:00",KIATAWF1,4.50
D,DISPATCH,UNIT_SCADA,1,"2019/09/05 08:25:00",KPP_1,0
D,DISPATCH,UNIT_SCADA,1,"2019/09/05 08:25:00",KSP1,0
D,DISPATCH,UNIT_SCADA,1,"2019/09/05 08:25:00",LADBROK1,42.64
D,DISPATCH,UNIT_SCADA,1,"2019/09/05 08:25:00",LADBROK2,43.35
D,DISPATCH,UNIT_SCADA,1,"2019/09/05 08:25:00",LD01,368.868710
D,DISPATCH,UNIT_SCADA,1,"2019/09/05 08:25:00",LD02,377.7562
D,DISPATCH,UNIT_SCADA,1,"2019/09/05 08:25:00",LD03,376.50
D,DISPATCH,UNIT_SCADA,1,"2019/09/05 08:25:00",LD04,375.056210
D,DISPATCH,UNIT_SCADA,1,"2019/09/05 08:25:00",LEM_WIL,82.289250
D,DISPATCH,UNIT_SCADA,1,"2019/09/05 08:25:00",LGAPWF1,34.58
D,DISPATCH,UNIT_SCADA,1,"2019/09/05 08:25:00",LILYSF1,85.983220
D,DISPATCH,UNIT_SCADA,1,"2019/09/05 08:25:00",LI_WY_CA,162.029630
D,DISPATCH,UNIT_SCADA,1,"2019/09/05 08:25:00",LKBONNY2,51.028440
D,DISPATCH,UNIT_SCADA,1,"2019/09/05 08:25:00",LKBONNY3,15.797630
D,DISPATCH,UNIT_SCADA,1,"2019/09/05 08:25:00",LK_ECHO,0
D,DISPATCH,UNIT_SCADA,1,"2019/09/05 08:25:00",LNGS1,0
D,DISPATCH,UNIT_SCADA,1,"2019/09/05 08:25:00",LNGS2,0
D,DISPATCH,UNIT_SCADA,1,"2019/09/05 08:25:00",LONSDALE,0
D,DISPATCH,UNIT_SCADA,1,"2019/09/05 08:25:00",LOYYB1,534.208860
D,DISPATCH,UNIT_SCADA,1,"2019/09/05 08:25:00",LOYYB2,583.082280
D,DISPATCH,UNIT_SCADA,1,"2019/09/05 08:25:00",LYA1,0
D,DISPATCH,UNIT_SCADA,1,"2019/09/05 08:25:00",LYA2,0
D,DISPATCH,UNIT_SCADA,1,"2019/09/05 08:25:00",LYA3,559
D,DISPATCH,UNIT_SCADA,1,"2019/09/05 08:25:00",LYA4,540
D,DISPATCH,UNIT_SCADA,1,"2019/09/05 08:25:00",MACARTH1,0
D,DISPATCH,UNIT_SCADA,1,"2019/09/05 08:25:00",MACKAYGT,0.2240
D,DISPATCH,UNIT_SCADA,1,"2019/09/05 08:25:00",MACKNTSH,88.13
D,DISPATCH,UNIT_SCADA,1,"2019/09/05 08:25:00",MANSLR1,36.0420
D,DISPATCH,UNIT_SCADA,1,"2019/09/05 08:25:00",MCKAY1,128.264980
D,DISPATCH,UNIT_SCADA,1,"2019/09/05 08:25:00",MEADOWBK,31.981020
D,DISPATCH,UNIT_SCADA,1,"2019/09/05 08:25:00",MERCER01,18.1080
D,DISPATCH,UNIT_SCADA,1,"2019/09/05 08:25:00",MEWF1,37.709820
D,DISPATCH,UNIT_SCADA,1,"2019/09/05 08:25:00",MINTARO,0
D,DISPATCH,UNIT_SCADA,1,"2019/09/05 08:25:00",MOREESF1,50.61
D,DISPATCH,UNIT_SCADA,1,"2019/09/05 08:25:00",MORTLK11,259
D,DISPATCH,UNIT_SCADA,1,"2019/09/05 08:25:00",MORTLK12,0
D,DISPATCH,UNIT_SCADA,1,"2019/09/05 08:25:00",MP1,215.900020
D,DISPATCH,UNIT_SCADA,1,"2019/09/05 08:25:00",MP2,0
D,DISPATCH,UNIT_SCADA,1,"2019/09/05 08:25:00",MPP_1,250.75
D,DISPATCH,UNIT_SCADA,1,"2019/09/05 08:25:00",MPP_2,342.50
D,DISPATCH,UNIT_SCADA,1,"2019/09/05 08:25:00",MSTUART1,0
D,DISPATCH,UNIT_SCADA,1,"2019/09/05 08:25:00",MSTUART2,0
D,DISPATCH,UNIT_SCADA,1,"2019/09/05 08:25:00",MSTUART3,0
D,DISPATCH,UNIT_SCADA,1,"2019/09/05 08:25:00",MTGELWF1,-0.595110
D,DISPATCH,UNIT_SCADA,1,"2019/09/05 08:25:00",MURRAY,0
D,DISPATCH,UNIT_SCADA,1,"2019/09/05 08:25:00",MUSSELR1,5.90
D,DISPATCH,UNIT_SCADA,1,"2019/09/05 08:25:00",MUWAWF1,17.29
D,DISPATCH,UNIT_SCADA,1,"2019/09/05 08:25:00",NBHWF1,-0.60
D,DISPATCH,UNIT_SCADA,1,"2019/09/05 08:25:00",NPS,300.3750
D,DISPATCH,UNIT_SCADA,1,"2019/09/05 08:25:00",NUMURSF1,10.39
D,DISPATCH,UNIT_SCADA,1,"2019/09/05 08:25:00",NYNGAN1,51.25
D,DISPATCH,UNIT_SCADA,1,"2019/09/05 08:25:00",OAKEY1,0
D,DISPATCH,UNIT_SCADA,1,"2019/09/05 08:25:00",OAKEY1SF,21.5170
D,DISPATCH,UNIT_SCADA,1,"2019/09/05 08:25:00",OAKEY2,0
D,DISPATCH,UNIT_SCADA,1,"2019/09/05 08:25:00",OAKEY2SF,0
D,DISPATCH,UNIT_SCADA,1,"2019/09/05 08:25:00",OAKLAND1,16.10
D,DISPATCH,UNIT_SCADA,1,"2019/09/05 08:25:00",OSB-AG,180.239990
D,DISPATCH,UNIT_SCADA,1,"2019/09/05 08:25:00",PARSF1,44.20
D,DISPATCH,UNIT_SCADA,1,"2019/09/05 08:25:00",POAT110,0
D,DISPATCH,UNIT_SCADA,1,"2019/09/05 08:25:00",POAT220,63.100010
D,DISPATCH,UNIT_SCADA,1,"2019/09/05 08:25:00",POR01,0
D,DISPATCH,UNIT_SCADA,1,"2019/09/05 08:25:00",POR03,0
D,DISPATCH,UNIT_SCADA,1,"2019/09/05 08:25:00",PPCCGT,486.286990
D,DISPATCH,UNIT_SCADA,1,"2019/09/05 08:25:00",PTSTAN1,0
D,DISPATCH,UNIT_SCADA,1,"2019/09/05 08:25:00",PUMP1,0
D,DISPATCH,UNIT_SCADA,1,"2019/09/05 08:25:00",PUMP2,0
D,DISPATCH,UNIT_SCADA,1,"2019/09/05 08:25:00",QPS1,29.10
D,DISPATCH,UNIT_SCADA,1,"2019/09/05 08:25:00",QPS2,0
D,DISPATCH,UNIT_SCADA,1,"2019/09/05 08:25:00",QPS3,23.20
D,DISPATCH,UNIT_SCADA,1,"2019/09/05 08:25:00",QPS4,23.50
D,DISPATCH,UNIT_SCADA,1,"2019/09/05 08:25:00",QPS5,73.13
D,DISPATCH,UNIT_SCADA,1,"2019/09/05 08:25:00",REECE1,101.540010
D,DISPATCH,UNIT_SCADA,1,"2019/09/05 08:25:00",REECE2,101.350010
D,DISPATCH,UNIT_SCADA,1,"2019/09/05 08:25:00",ROMA_7,0
D,DISPATCH,UNIT_SCADA,1,"2019/09/05 08:25:00",ROMA_8,0
D,DISPATCH,UNIT_SCADA,1,"2019/09/05 08:25:00",RRSF1,101.354710
D,DISPATCH,UNIT_SCADA,1,"2019/09/05 08:25:00",RT_NSW1,0
D,DISPATCH,UNIT_SCADA,1,"2019/09/05 08:25:00",RT_NSW2,0
D,DISPATCH,UNIT_SCADA,1,"2019/09/05 08:25:00",RT_NSW3,0
D,DISPATCH,UNIT_SCADA,1,"2019/09/05 08:25:00",RT_NSW4,0
D,DISPATCH,UNIT_SCADA,1,"2019/09/05 08:25:00",RT_NSW5,0
D,DISPATCH,UNIT_SCADA,1,"2019/09/05 08:25:00",RT_NSW6,0
D,DISPATCH,UNIT_SCADA,1,"2019/09/05 08:25:00",RT_QLD1,0
D,DISPATCH,UNIT_SCADA,1,"2019/09/05 08:25:00",RT_SA1,0
D,DISPATCH,UNIT_SCADA,1,"2019/09/05 08:25:00",RT_SA2,0
D,DISPATCH,UNIT_SCADA,1,"2019/09/05 08:25:00",RT_SA3,0
D,DISPATCH,UNIT_SCADA,1,"2019/09/05 08:25:00",RT_SA4,0
D,DISPATCH,UNIT_SCADA,1,"2019/09/05 08:25:00",RT_SA5,0
D,DISPATCH,UNIT_SCADA,1,"2019/09/05 08:25:00",RT_SA6,0
D,DISPATCH,UNIT_SCADA,1,"2019/09/05 08:25:00",RT_TAS1,0
D,DISPATCH,UNIT_SCADA,1,"2019/09/05 08:25:00",RT_VIC1,0
D,DISPATCH,UNIT_SCADA,1,"2019/09/05 08:25:00",RT_VIC10,0
D,DISPATCH,UNIT_SCADA,1,"2019/09/05 08:25:00",RT_VIC11,0
D,DISPATCH,UNIT_SCADA,1,"2019/09/05 08:25:00",RT_VIC12,0
D,DISPATCH,UNIT_SCADA,1,"2019/09/05 08:25:00",RT_VIC2,0
D,DISPATCH,UNIT_SCADA,1,"2019/09/05 08:25:00",RT_VIC3,0
D,DISPATCH,UNIT_SCADA,1,"2019/09/05 08:25:00",RT_VIC4,0
D,DISPATCH,UNIT_SCADA,1,"2019/09/05 08:25:00",RT_VIC5,0
D,DISPATCH,UNIT_SCADA,1,"2019/09/05 08:25:00",RT_VIC6,0
D,DISPATCH,UNIT_SCADA,1,"2019/09/05 08:25:00",RT_VIC7,0
D,DISPATCH,UNIT_SCADA,1,"2019/09/05 08:25:00",RT_VIC8,0
D,DISPATCH,UNIT_SCADA,1,"2019/09/05 08:25:00",RT_VIC9,0
D,DISPATCH,UNIT_SCADA,1,"2019/09/05 08:25:00",RUGBYR1,0.052210
D,DISPATCH,UNIT_SCADA,1,"2019/09/05 08:25:00",SALTCRK1,11.28
D,DISPATCH,UNIT_SCADA,1,"2019/09/05 08:25:00",SAPHWF1,4.893740
D,DISPATCH,UNIT_SCADA,1,"2019/09/05 08:25:00",SHGEN,0
D,DISPATCH,UNIT_SCADA,1,"2019/09/05 08:25:00",SHPUMP,0
D,DISPATCH,UNIT_SCADA,1,"2019/09/05 08:25:00",SITHE01,0.224190
D,DISPATCH,UNIT_SCADA,1,"2019/09/05 08:25:00",SMCSF1,0
D,DISPATCH,UNIT_SCADA,1,"2019/09/05 08:25:00",SNOWNTH1,29.40
D,DISPATCH,UNIT_SCADA,1,"2019/09/05 08:25:00",SNOWSTH1,41.50
D,DISPATCH,UNIT_SCADA,1,"2019/09/05 08:25:00",SNOWTWN1,22.0342
D,DISPATCH,UNIT_SCADA,1,"2019/09/05 08:25:00",SNOWYP,0
D,DISPATCH,UNIT_SCADA,1,"2019/09/05 08:25:00",SNUG1,0.019440
D,DISPATCH,UNIT_SCADA,1,"2019/09/05 08:25:00",SRSF1,34.37
D,DISPATCH,UNIT_SCADA,1,"2019/09/05 08:25:00",STAN-1,290.361630
D,DISPATCH,UNIT_SCADA,1,"2019/09/05 08:25:00",STAN-2,259.893710
D,DISPATCH,UNIT_SCADA,1,"2019/09/05 08:25:00",STAN-3,302.218080
D,DISPATCH,UNIT_SCADA,1,"2019/09/05 08:25:00",STAN-4,299.090550
D,DISPATCH,UNIT_SCADA,1,"2019/09/05 08:25:00",STWF1,0
D,DISPATCH,UNIT_SCADA,1,"2019/09/05 08:25:00",SWAN_E,0
D,DISPATCH,UNIT_SCADA,1,"2019/09/05 08:25:00",TALWA1,416
D,DISPATCH,UNIT_SCADA,1,"2019/09/05 08:25:00",TARALGA1,17.6475
D,DISPATCH,UNIT_SCADA,1,"2019/09/05 08:25:00",TARONG#1,349.300020
D,DISPATCH,UNIT_SCADA,1,"2019/09/05 08:25:00",TARONG#2,0
D,DISPATCH,UNIT_SCADA,1,"2019/09/05 08:25:00",TARONG#3,280.600010
D,DISPATCH,UNIT_SCADA,1,"2019/09/05 08:25:00",TARONG#4,349.600010
D,DISPATCH,UNIT_SCADA,1,"2019/09/05 08:25:00",TARRALEA,71.10
D,DISPATCH,UNIT_SCADA,1,"2019/09/05 08:25:00",TBSF1,9.60
D,DISPATCH,UNIT_SCADA,1,"2019/09/05 08:25:00",TNPS1,379.300020
D,DISPATCH,UNIT_SCADA,1,"2019/09/05 08:25:00",TORRA1,103.618360
D,DISPATCH,UNIT_SCADA,1,"2019/09/05 08:25:00",TORRA2,0
D,DISPATCH,UNIT_SCADA,1,"2019/09/05 08:25:00",TORRA3,0
D,DISPATCH,UNIT_SCADA,1,"2019/09/05 08:25:00",TORRA4,99.078480
D,DISPATCH,UNIT_SCADA,1,"2019/09/05 08:25:00",TORRB1,158.92
D,DISPATCH,UNIT_SCADA,1,"2019/09/05 08:25:00",TORRB2,159.83
D,DISPATCH,UNIT_SCADA,1,"2019/09/05 08:25:00",TORRB3,158.649990
D,DISPATCH,UNIT_SCADA,1,"2019/09/05 08:25:00",TORRB4,0
D,DISPATCH,UNIT_SCADA,1,"2019/09/05 08:25:00",TREVALLN,61.570010
D,DISPATCH,UNIT_SCADA,1,"2019/09/05 08:25:00",TRIBUTE,0
D,DISPATCH,UNIT_SCADA,1,"2019/09/05 08:25:00",TUMUT3,298.37
D,DISPATCH,UNIT_SCADA,1,"2019/09/05 08:25:00",TUNGATIN,120.880030
D,DISPATCH,UNIT_SCADA,1,"2019/09/05 08:25:00",TVCC201,0
D,DISPATCH,UNIT_SCADA,1,"2019/09/05 08:25:00",TVPP104,0
D,DISPATCH,UNIT_SCADA,1,"2019/09/05 08:25:00",UPPTUMUT,380.518980
D,DISPATCH,UNIT_SCADA,1,"2019/09/05 08:25:00",URANQ11,163.75
D,DISPATCH,UNIT_SCADA,1,"2019/09/05 08:25:00",URANQ12,165.774990
D,DISPATCH,UNIT_SCADA,1,"2019/09/05 08:25:00",URANQ13,0
D,DISPATCH,UNIT_SCADA,1,"2019/09/05 08:25:00",URANQ14,0
D,DISPATCH,UNIT_SCADA,1,"2019/09/05 08:25:00",VP5,635.674990
D,DISPATCH,UNIT_SCADA,1,"2019/09/05 08:25:00",VP6,0
D,DISPATCH,UNIT_SCADA,1,"2019/09/05 08:25:00",VPGS1,0
D,DISPATCH,UNIT_SCADA,1,"2019/09/05 08:25:00",VPGS2,0
D,DISPATCH,UNIT_SCADA,1,"2019/09/05 08:25:00",VPGS3,0
D,DISPATCH,UNIT_SCADA,1,"2019/09/05 08:25:00",VPGS4,0
D,DISPATCH,UNIT_SCADA,1,"2019/09/05 08:25:00",VPGS5,0
D,DISPATCH,UNIT_SCADA,1,"2019/09/05 08:25:00",VPGS6,0
D,DISPATCH,UNIT_SCADA,1,"2019/09/05 08:25:00",W/HOE#1,0
D,DISPATCH,UNIT_SCADA,1,"2019/09/05 08:25:00",W/HOE#2,0
D,DISPATCH,UNIT_SCADA,1,"2019/09/05 08:25:00",WATERLWF,2.90
D,DISPATCH,UNIT_SCADA,1,"2019/09/05 08:25:00",WEMENSF1,6
D,DISPATCH,UNIT_SCADA,1,"2019/09/05 08:25:00",WGWF1,0
D,DISPATCH,UNIT_SCADA,1,"2019/09/05 08:25:00",WHITSF1,0
D,DISPATCH,UNIT_SCADA,1,"2019/09/05 08:25:00",WKIEWA1,33.40
D,DISPATCH,UNIT_SCADA,1,"2019/09/05 08:25:00",WKIEWA2,32.30
D,DISPATCH,UNIT_SCADA,1,"2019/09/05 08:25:00",WOODLWN1,1.683010
D,DISPATCH,UNIT_SCADA,1,"2019/09/05 08:25:00",WRSF1,12.96
D,DISPATCH,UNIT_SCADA,1,"2019/09/05 08:25:00",WRWF1,0.656250
D,DISPATCH,UNIT_SCADA,1,"2019/09/05 08:25:00",YABULU,0
D,DISPATCH,UNIT_SCADA,1,"2019/09/05 08:25:00",YABULU2,0
D,DISPATCH,UNIT_SCADA,1,"2019/09/05 08:25:00",YARWUN_1,119
D,DISPATCH,UNIT_SCADA,1,"2019/09/05 08:25:00",YENDWF1,26.76
D,DISPATCH,UNIT_SCADA,1,"2019/09/05 08:25:00",YWPS1,377.443020
D,DISPATCH,UNIT_SCADA,1,"2019/09/05 08:25:00",YWPS2,274.934170
D,DISPATCH,UNIT_SCADA,1,"2019/09/05 08:25:00",YWPS3,321.281010
D,DISPATCH,UNIT_SCADA,1,"2019/09/05 08:25:00",YWPS4,382.817720
C,"END OF REPORT",335
