C,NEMP.WORLD,DISPATCHSCADA,AEMO,PUBLIC,2019/09/06,12:50:09,0000000312462890,DISPATCHSCADA,0000000312462884
I,DISPATCH,UNIT_SCADA,1,SETTLEMENTDATE,DUID,SCADAVALUE
D,DISPATCH,UNIT_SCADA,1,"2019/09/06 12:55:00",BARCSF1,8.900001
D,DISPATCH,UNIT_SCADA,1,"2019/09/06 12:55:00",BUTLERSG,10.199999
D,DISPATCH,UNIT_SCADA,1,"2019/09/06 12:55:00",CALL_A_4,0
D,DISPATCH,UNIT_SCADA,1,"2019/09/06 12:55:00",CAPTL_WF,126.548004
D,DISPATCH,UNIT_SCADA,1,"2019/09/06 12:55:00",CATHROCK,0
D,DISPATCH,UNIT_SCADA,1,"2019/09/06 12:55:00",CHALLHWF,7.10
D,DISPATCH,UNIT_SCADA,1,"2019/09/06 12:55:00",CLOVER,-0.01
D,DISPATCH,UNIT_SCADA,1,"2019/09/06 12:55:00",CLUNY,18.249943
D,DISPATCH,UNIT_SCADA,1,"2019/09/06 12:55:00",CNUNDAWF,42.449516
D,DISPATCH,UNIT_SCADA,1,"2019/09/06 12:55:00",CULLRGWF,26.23
D,DISPATCH,UNIT_SCADA,1,"2019/09/06 12:55:00",ERGT01,0
D,DISPATCH,UNIT_SCADA,1,"2019/09/06 12:55:00",GB01,0.012867
D,DISPATCH,UNIT_SCADA,1,"2019/09/06 12:55:00",GERMCRK,32.50
D,DISPATCH,UNIT_SCADA,1,"2019/09/06 12:55:00",GRIFSF1,1.600006
D,DISPATCH,UNIT_SCADA,1,"2019/09/06 12:55:00",HUGSF1,9.04
D,DISPATCH,UNIT_SCADA,1,"2019/09/06 12:55:00",LKBONNY1,71.447487
D,DISPATCH,UNIT_SCADA,1,"2019/09/06 12:55:00",LRSF1,11.2860
D,DISPATCH,UNIT_SCADA,1,"2019/09/06 12:55:00",MBAHNTH,51.618744
D,DISPATCH,UNIT_SCADA,1,"2019/09/06 12:55:00",MLSP1,4.123001
D,DISPATCH,UNIT_SCADA,1,"2019/09/06 12:55:00",MLWF1,11.34
D,DISPATCH,UNIT_SCADA,1,"2019/09/06 12:55:00",MTMILLAR,52.349625
D,DISPATCH,UNIT_SCADA,1,"2019/09/06 12:55:00",PALOONA,24.269999
D,DISPATCH,UNIT_SCADA,1,"2019/09/06 12:55:00",PIONEER,37.50
D,DISPATCH,UNIT_SCADA,1,"2019/09/06 12:55:00",PORTWF,38.400002
D,DISPATCH,UNIT_SCADA,1,"2019/09/06 12:55:00",REPULSE,32.302128
D,DISPATCH,UNIT_SCADA,1,"2019/09/06 12:55:00",ROWALLAN,10.3163
D,DISPATCH,UNIT_SCADA,1,"2019/09/06 12:55:00",ROYALLA1,9.952001
D,DISPATCH,UNIT_SCADA,1,"2019/09/06 12:55:00",RPCG,11.70
D,DISPATCH,UNIT_SCADA,1,"2019/09/06 12:55:00",RUBICON,0
D,DISPATCH,UNIT_SCADA,1,"2019/09/06 12:55:00",SATGN1,0
D,DISPATCH,UNIT_SCADA,1,"2019/09/06 12:55:00",SATGS1,0
D,DISPATCH,UNIT_SCADA,1,"2019/09/06 12:55:00",STARHLWF,24.592829
D,DISPATCH,UNIT_SCADA,1,"2019/09/06 12:55:00",WAUBRAWF,39.762001
D,DISPATCH,UNIT_SCADA,1,"2019/09/06 12:55:00",WOOLNTH1,19.350016
D,DISPATCH,UNIT_SCADA,1,"2019/09/06 12:55:00",WPWF,84
D,DISPATCH,UNIT_SCADA,1,"2019/09/06 12:55:00",YAMBUKWF,20.299999
D,DISPATCH,UNIT_SCADA,1,"2019/09/06 12:55:00",YSWF1,14.70
D,DISPATCH,UNIT_SCADA,1,"2019/09/06 12:55:00",AGLHAL,0
D,DISPATCH,UNIT_SCADA,1,"2019/09/06 12:55:00",AGLSOM,0
D,DISPATCH,UNIT_SCADA,1,"2019/09/06 12:55:00",ANGAST1,0
D,DISPATCH,UNIT_SCADA,1,"2019/09/06 12:55:00",ARWF1,29.30
D,DISPATCH,UNIT_SCADA,1,"2019/09/06 12:55:00",BALBG1,0
D,DISPATCH,UNIT_SCADA,1,"2019/09/06 12:55:00",BALBL1,14.89
D,DISPATCH,UNIT_SCADA,1,"2019/09/06 12:55:00",BALDHWF1,65.5510
D,DISPATCH,UNIT_SCADA,1,"2019/09/06 12:55:00",BANN1,7.27
D,DISPATCH,UNIT_SCADA,1,"2019/09/06 12:55:00",BARCALDN,0
D,DISPATCH,UNIT_SCADA,1,"2019/09/06 12:55:00",BARRON-1,0
D,DISPATCH,UNIT_SCADA,1,"2019/09/06 12:55:00",BARRON-2,0
D,DISPATCH,UNIT_SCADA,1,"2019/09/06 12:55:00",BASTYAN,80.44
D,DISPATCH,UNIT_SCADA,1,"2019/09/06 12:55:00",BBTHREE1,0
D,DISPATCH,UNIT_SCADA,1,"2019/09/06 12:55:00",BBTHREE2,0
D,DISPATCH,UNIT_SCADA,1,"2019/09/06 12:55:00",BBTHREE3,0
D,DISPATCH,UNIT_SCADA,1,"2019/09/06 12:55:00",BDL01,0
D,DISPATCH,UNIT_SCADA,1,"2019/09/06 12:55:00",BDL02,0
D,DISPATCH,UNIT_SCADA,1,"2019/09/06 12:55:00",BERYLSF1,41.180910
D,DISPATCH,UNIT_SCADA,1,"2019/09/06 12:55:00",BLOWERNG,15.30
D,DISPATCH,UNIT_SCADA,1,"2019/09/06 12:55:00",BLUFF1,52.50
D,DISPATCH,UNIT_SCADA,1,"2019/09/06 12:55:00",BNGSF1,103.99
D,DISPATCH,UNIT_SCADA,1,"2019/09/06 12:55:00",BNGSF2,19.90
D,DISPATCH,UNIT_SCADA,1,"2019/09/06 12:55:00",BOCORWF1,110.91
D,DISPATCH,UNIT_SCADA,1,"2019/09/06 12:55:00",BODWF1,112.309680
D,DISPATCH,UNIT_SCADA,1,"2019/09/06 12:55:00",BRAEMAR1,0
D,DISPATCH,UNIT_SCADA,1,"2019/09/06 12:55:00",BRAEMAR2,0
D,DISPATCH,UNIT_SCADA,1,"2019/09/06 12:55:00",BRAEMAR3,0
D,DISPATCH,UNIT_SCADA,1,"2019/09/06 12:55:00",BRAEMAR5,0
D,DISPATCH,UNIT_SCADA,1,"2019/09/06 12:55:00",BRAEMAR6,0
D,DISPATCH,UNIT_SCADA,1,"2019/09/06 12:55:00",BRAEMAR7,0
D,DISPATCH,UNIT_SCADA,1,"2019/09/06 12:55:00",BROKENH1,28.978270
D,DISPATCH,UNIT_SCADA,1,"2019/09/06 12:55:00",BW01,577.3750
D,DISPATCH,UNIT_SCADA,1,"2019/09/06 12:55:00",BW02,594.8750
D,DISPATCH,UNIT_SCADA,1,"2019/09/06 12:55:00",BW03,634.3750
D,DISPATCH,UNIT_SCADA,1,"2019/09/06 12:55:00",BW04,0
D,DISPATCH,UNIT_SCADA,1,"2019/09/06 12:55:00",CALL_B_1,335.700010
D,DISPATCH,UNIT_SCADA,1,"2019/09/06 12:55:00",CALL_B_2,343.200010
D,DISPATCH,UNIT_SCADA,1,"2019/09/06 12:55:00",CETHANA,96.0290
D,DISPATCH,UNIT_SCADA,1,"2019/09/06 12:55:00",CG1,0
D,DISPATCH,UNIT_SCADA,1,"2019/09/06 12:55:00",CG2,0
D,DISPATCH,UNIT_SCADA,1,"2019/09/06 12:55:00",CG3,0
D,DISPATCH,UNIT_SCADA,1,"2019/09/06 12:55:00",CG4,0
D,DISPATCH,UNIT_SCADA,1,"2019/09/06 12:55:00",CHILDSF1,52.85
D,DISPATCH,UNIT_SCADA,1,"2019/09/06 12:55:00",CLARESF1,46.022660
D,DISPATCH,UNIT_SCADA,1,"2019/09/06 12:55:00",CLEMGPWF,53.017770
D,DISPATCH,UNIT_SCADA,1,"2019/09/06 12:55:00",CLERMSF1,14.72
D,DISPATCH,UNIT_SCADA,1,"2019/09/06 12:55:00",COLEASF1,32.60
D,DISPATCH,UNIT_SCADA,1,"2019/09/06 12:55:00",COOPGWF1,59.2055
D,DISPATCH,UNIT_SCADA,1,"2019/09/06 12:55:00",CPP_3,333.300020
D,DISPATCH,UNIT_SCADA,1,"2019/09/06 12:55:00",CPP_4,266.75
D,DISPATCH,UNIT_SCADA,1,"2019/09/06 12:55:00",CPSA,74.891250
D,DISPATCH,UNIT_SCADA,1,"2019/09/06 12:55:00",CROOKWF2,80.723750
D,DISPATCH,UNIT_SCADA,1,"2019/09/06 12:55:00",CROWLWF1,16.1751
D,DISPATCH,UNIT_SCADA,1,"2019/09/06 12:55:00",CSPVPS1,31.9990
D,DISPATCH,UNIT_SCADA,1,"2019/09/06 12:55:00",DALNTH01,0
D,DISPATCH,UNIT_SCADA,1,"2019/09/06 12:55:00",DALNTHL1,0.093080
D,DISPATCH,UNIT_SCADA,1,"2019/09/06 12:55:00",DARTM1,0
D,DISPATCH,UNIT_SCADA,1,"2019/09/06 12:55:00",DAYDSF1,113.224010
D,DISPATCH,UNIT_SCADA,1,"2019/09/06 12:55:00",DDPS1,0
D,DISPATCH,UNIT_SCADA,1,"2019/09/06 12:55:00",DDSF1,105.861120
D,DISPATCH,UNIT_SCADA,1,"2019/09/06 12:55:00",DEVILS_G,0
D,DISPATCH,UNIT_SCADA,1,"2019/09/06 12:55:00",DG_NSW1,0
D,DISPATCH,UNIT_SCADA,1,"2019/09/06 12:55:00",DG_QLD1,0
D,DISPATCH,UNIT_SCADA,1,"2019/09/06 12:55:00",DG_SA1,0
D,DISPATCH,UNIT_SCADA,1,"2019/09/06 12:55:00",DG_TAS1,0
D,DISPATCH,UNIT_SCADA,1,"2019/09/06 12:55:00",DG_VIC1,0
D,DISPATCH,UNIT_SCADA,1,"2019/09/06 12:55:00",DRYCGT1,0
D,DISPATCH,UNIT_SCADA,1,"2019/09/06 12:55:00",DRYCGT2,0
D,DISPATCH,UNIT_SCADA,1,"2019/09/06 12:55:00",DRYCGT3,0
D,DISPATCH,UNIT_SCADA,1,"2019/09/06 12:55:00",EILDON1,0
D,DISPATCH,UNIT_SCADA,1,"2019/09/06 12:55:00",EILDON2,0
D,DISPATCH,UNIT_SCADA,1,"2019/09/06 12:55:00",EMERASF1,66.92
D,DISPATCH,UNIT_SCADA,1,"2019/09/06 12:55:00",ER01,551.325070
D,DISPATCH,UNIT_SCADA,1,"2019/09/06 12:55:00",ER02,661.3750
D,DISPATCH,UNIT_SCADA,1,"2019/09/06 12:55:00",ER03,0
D,DISPATCH,UNIT_SCADA,1,"2019/09/06 12:55:00",ER04,648.1250
D,DISPATCH,UNIT_SCADA,1,"2019/09/06 12:55:00",FINLYSF1,0
D,DISPATCH,UNIT_SCADA,1,"2019/09/06 12:55:00",FISHER,45.82
D,DISPATCH,UNIT_SCADA,1,"2019/09/06 12:55:00",GANNBG1,0
D,DISPATCH,UNIT_SCADA,1,"2019/09/06 12:55:00",GANNBL1,9.124560
D,DISPATCH,UNIT_SCADA,1,"2019/09/06 12:55:00",GANNSF1,31.90
D,DISPATCH,UNIT_SCADA,1,"2019/09/06 12:55:00",GORDON,18.8916
D,DISPATCH,UNIT_SCADA,1,"2019/09/06 12:55:00",GSTONE1,129.50
D,DISPATCH,UNIT_SCADA,1,"2019/09/06 12:55:00",GSTONE2,110.60
D,DISPATCH,UNIT_SCADA,1,"2019/09/06 12:55:00",GSTONE3,0
D,DISPATCH,UNIT_SCADA,1,"2019/09/06 12:55:00",GSTONE4,129.149990
D,DISPATCH,UNIT_SCADA,1,"2019/09/06 12:55:00",GSTONE5,129.149990
D,DISPATCH,UNIT_SCADA,1,"2019/09/06 12:55:00",GSTONE6,129.50
D,DISPATCH,UNIT_SCADA,1,"2019/09/06 12:55:00",GULLRSF1,7.556880
D,DISPATCH,UNIT_SCADA,1,"2019/09/06 12:55:00",GULLRWF1,115.841580
D,DISPATCH,UNIT_SCADA,1,"2019/09/06 12:55:00",GUNNING1,31.087660
D,DISPATCH,UNIT_SCADA,1,"2019/09/06 12:55:00",GUTHEGA,0
D,DISPATCH,UNIT_SCADA,1,"2019/09/06 12:55:00",HALLWF1,-0.43
D,DISPATCH,UNIT_SCADA,1,"2019/09/06 12:55:00",HALLWF2,-0.30
D,DISPATCH,UNIT_SCADA,1,"2019/09/06 12:55:00",HAMISF1,45.90
D,DISPATCH,UNIT_SCADA,1,"2019/09/06 12:55:00",HAUGHT11,0
D,DISPATCH,UNIT_SCADA,1,"2019/09/06 12:55:00",HAYMSF1,40.8760
D,DISPATCH,UNIT_SCADA,1,"2019/09/06 12:55:00",HDWF1,43.20
D,DISPATCH,UNIT_SCADA,1,"2019/09/06 12:55:00",HDWF2,43.10
D,DISPATCH,UNIT_SCADA,1,"2019/09/06 12:55:00",HDWF3,46.10
D,DISPATCH,UNIT_SCADA,1,"2019/09/06 12:55:00",HPRG1,0
D,DISPATCH,UNIT_SCADA,1,"2019/09/06 12:55:00",HPRL1,0
D,DISPATCH,UNIT_SCADA,1,"2019/09/06 12:55:00",HUMENSW,0
D,DISPATCH,UNIT_SCADA,1,"2019/09/06 12:55:00",HUMEV,24.40
D,DISPATCH,UNIT_SCADA,1,"2019/09/06 12:55:00",HVGTS,0
D,DISPATCH,UNIT_SCADA,1,"2019/09/06 12:55:00",JBUTTERS,116.329990
D,DISPATCH,UNIT_SCADA,1,"2019/09/06 12:55:00",JLA01,0.10
D,DISPATCH,UNIT_SCADA,1,"2019/09/06 12:55:00",JLA02,0
D,DISPATCH,UNIT_SCADA,1,"2019/09/06 12:55:00",JLA03,0
D,DISPATCH,UNIT_SCADA,1,"2019/09/06 12:55:00",JLA04,0
D,DISPATCH,UNIT_SCADA,1,"2019/09/06 12:55:00",JLB01,0
D,DISPATCH,UNIT_SCADA,1,"2019/09/06 12:55:00",JLB02,0.10
D,DISPATCH,UNIT_SCADA,1,"2019/09/06 12:55:00",JLB03,0
D,DISPATCH,UNIT_SCADA,1,"2019/09/06 12:55:00",KAREEYA1,21.59
D,DISPATCH,UNIT_SCADA,1,"2019/09/06 12:55:00",KAREEYA2,21.7250
D,DISPATCH,UNIT_SCADA,1,"2019/09/06 12:55:00",KAREEYA3,0
D,DISPATCH,UNIT_SCADA,1,"2019/09/06 12:55:00",KAREEYA4,21.5050
D,DISPATCH,UNIT_SCADA,1,"2019/09/06 12:55:00",KARSF1,18.70
D,DISPATCH,UNIT_SCADA,1,"2019/09/06 12:55:00",KIATAWF1,31
D,DISPATCH,UNIT_SCADA,1,"2019/09/06 12:55:00",KPP_1,0
D,DISPATCH,UNIT_SCADA,1,"2019/09/06 12:55:00",KSP1,46.21
D,DISPATCH,UNIT_SCADA,1,"2019/09/06 12:55:00",LADBROK1,0
D,DISPATCH,UNIT_SCADA,1,"2019/09/06 12:55:00",LADBROK2,0
D,DISPATCH,UNIT_SCADA,1,"2019/09/06 12:55:00",LD01,375.243710
D,DISPATCH,UNIT_SCADA,1,"2019/09/06 12:55:00",LD02,380.868710
D,DISPATCH,UNIT_SCADA,1,"2019/09/06 12:55:00",LD03,376.275050
D,DISPATCH,UNIT_SCADA,1,"2019/09/06 12:55:00",LD04,365.4375
D,DISPATCH,UNIT_SCADA,1,"2019/09/06 12:55:00",LEM_WIL,85.0134
D,DISPATCH,UNIT_SCADA,1,"2019/09/06 12:55:00",LGAPWF1,33.85
D,DISPATCH,UNIT_SCADA,1,"2019/09/06 12:55:00",LILYSF1,0
D,DISPATCH,UNIT_SCADA,1,"2019/09/06 12:55:00",LI_WY_CA,163.150420
D,DISPATCH,UNIT_SCADA,1,"2019/09/06 12:55:00",LKBONNY2,134.141950
D,DISPATCH,UNIT_SCADA,1,"2019/09/06 12:55:00",LKBONNY3,32.265130
D,DISPATCH,UNIT_SCADA,1,"2019/09/06 12:55:00",LK_ECHO,0
D,DISPATCH,UNIT_SCADA,1,"2019/09/06 12:55:00",LNGS1,0
D,DISPATCH,UNIT_SCADA,1,"2019/09/06 12:55:00",LNGS2,0
D,DISPATCH,UNIT_SCADA,1,"2019/09/06 12:55:00",LONSDALE,0
D,DISPATCH,UNIT_SCADA,1,"2019/09/06 12:55:00",LOYYB1,536.840520
D,DISPATCH,UNIT_SCADA,1,"2019/09/06 12:55:00",LOYYB2,583.834170
D,DISPATCH,UNIT_SCADA,1,"2019/09/06 12:55:00",LYA1,0
D,DISPATCH,UNIT_SCADA,1,"2019/09/06 12:55:00",LYA2,0
D,DISPATCH,UNIT_SCADA,1,"2019/09/06 12:55:00",LYA3,560
D,DISPATCH,UNIT_SCADA,1,"2019/09/06 12:55:00",LYA4,541
D,DISPATCH,UNIT_SCADA,1,"2019/09/06 12:55:00",MACARTH1,134.996890
D,DISPATCH,UNIT_SCADA,1,"2019/09/06 12:55:00",MACKAYGT,0.2240
D,DISPATCH,UNIT_SCADA,1,"2019/09/06 12:55:00",MACKNTSH,88.260010
D,DISPATCH,UNIT_SCADA,1,"2019/09/06 12:55:00",MANSLR1,26.68
D,DISPATCH,UNIT_SCADA,1,"2019/09/06 12:55:00",MCKAY1,-0.0350
D,DISPATCH,UNIT_SCADA,1,"2019/09/06 12:55:00",MEADOWBK,33.838720
D,DISPATCH,UNIT_SCADA,1,"2019/09/06 12:55:00",MERCER01,72.4590
D,DISPATCH,UNIT_SCADA,1,"2019/09/06 12:55:00",MEWF1,10.9015
D,DISPATCH,UNIT_SCADA,1,"2019/09/06 12:55:00",MINTARO,0
D,DISPATCH,UNIT_SCADA,1,"2019/09/06 12:55:00",MOREESF1,48.0460
D,DISPATCH,UNIT_SCADA,1,"2019/09/06 12:55:00",MORTLK11,125
D,DISPATCH,UNIT_SCADA,1,"2019/09/06 12:55:00",MORTLK12,0
D,DISPATCH,UNIT_SCADA,1,"2019/09/06 12:55:00",MP1,152.700070
D,DISPATCH,UNIT_SCADA,1,"2019/09/06 12:55:00",MP2,0
D,DISPATCH,UNIT_SCADA,1,"2019/09/06 12:55:00",MPP_1,369.75
D,DISPATCH,UNIT_SCADA,1,"2019/09/06 12:55:00",MPP_2,367.25
D,DISPATCH,UNIT_SCADA,1,"2019/09/06 12:55:00",MSTUART1,0
D,DISPATCH,UNIT_SCADA,1,"2019/09/06 12:55:00",MSTUART2,0
D,DISPATCH,UNIT_SCADA,1,"2019/09/06 12:55:00",MSTUART3,0
D,DISPATCH,UNIT_SCADA,1,"2019/09/06 12:55:00",MTGELWF1,65.053250
D,DISPATCH,UNIT_SCADA,1,"2019/09/06 12:55:00",MURRAY,0
D,DISPATCH,UNIT_SCADA,1,"2019/09/06 12:55:00",MUSSELR1,158.70
D,DISPATCH,UNIT_SCADA,1,"2019/09/06 12:55:00",MUWAWF1,72.88
D,DISPATCH,UNIT_SCADA,1,"2019/09/06 12:55:00",NBHWF1,119.40
D,DISPATCH,UNIT_SCADA,1,"2019/09/06 12:55:00",NPS,0
D,DISPATCH,UNIT_SCADA,1,"2019/09/06 12:55:00",NUMURSF1,42.21
D,DISPATCH,UNIT_SCADA,1,"2019/09/06 12:55:00",NYNGAN1,50.50
D,DISPATCH,UNIT_SCADA,1,"2019/09/06 12:55:00",OAKEY1,0
D,DISPATCH,UNIT_SCADA,1,"2019/09/06 12:55:00",OAKEY1SF,23.1620
D,DISPATCH,UNIT_SCADA,1,"2019/09/06 12:55:00",OAKEY2,0
D,DISPATCH,UNIT_SCADA,1,"2019/09/06 12:55:00",OAKEY2SF,0
D,DISPATCH,UNIT_SCADA,1,"2019/09/06 12:55:00",OAKLAND1,25.60
D,DISPATCH,UNIT_SCADA,1,"2019/09/06 12:55:00",OSB-AG,0
D,DISPATCH,UNIT_SCADA,1,"2019/09/06 12:55:00",PARSF1,17.40
D,DISPATCH,UNIT_SCADA,1,"2019/09/06 12:55:00",POAT110,0
D,DISPATCH,UNIT_SCADA,1,"2019/09/06 12:55:00",POAT220,0
D,DISPATCH,UNIT_SCADA,1,"2019/09/06 12:55:00",POR01,0
D,DISPATCH,UNIT_SCADA,1,"2019/09/06 12:55:00",POR03,0
D,DISPATCH,UNIT_SCADA,1,"2019/09/06 12:55:00",PPCCGT,0
D,DISPATCH,UNIT_SCADA,1,"2019/09/06 12:55:00",PTSTAN1,0
D,DISPATCH,UNIT_SCADA,1,"2019/09/06 12:55:00",PUMP1,0
D,DISPATCH,UNIT_SCADA,1,"2019/09/06 12:55:00",PUMP2,0
D,DISPATCH,UNIT_SCADA,1,"2019/09/06 12:55:00",QPS1,0
D,DISPATCH,UNIT_SCADA,1,"2019/09/06 12:55:00",QPS2,0
D,DISPATCH,UNIT_SCADA,1,"2019/09/06 12:55:00",QPS3,0
D,DISPATCH,UNIT_SCADA,1,"2019/09/06 12:55:00",QPS4,0
D,DISPATCH,UNIT_SCADA,1,"2019/09/06 12:55:00",QPS5,0
D,DISPATCH,UNIT_SCADA,1,"2019/09/06 12:55:00",REECE1,101.820010
D,DISPATCH,UNIT_SCADA,1,"2019/09/06 12:55:00",REECE2,101.140010
D,DISPATCH,UNIT_SCADA,1,"2019/09/06 12:55:00",ROMA_7,0
D,DISPATCH,UNIT_SCADA,1,"2019/09/06 12:55:00",ROMA_8,0
D,DISPATCH,UNIT_SCADA,1,"2019/09/06 12:55:00",RRSF1,111.046550
D,DISPATCH,UNIT_SCADA,1,"2019/09/06 12:55:00",RT_NSW1,0
D,DISPATCH,UNIT_SCADA,1,"2019/09/06 12:55:00",RT_NSW2,0
D,DISPATCH,UNIT_SCADA,1,"2019/09/06 12:55:00",RT_NSW3,0
D,DISPATCH,UNIT_SCADA,1,"2019/09/06 12:55:00",RT_NSW4,0
D,DISPATCH,UNIT_SCADA,1,"2019/09/06 12:55:00",RT_NSW5,0
D,DISPATCH,UNIT_SCADA,1,"2019/09/06 12:55:00",RT_NSW6,0
D,DISPATCH,UNIT_SCADA,1,"2019/09/06 12:55:00",RT_QLD1,0
D,DISPATCH,UNIT_SCADA,1,"2019/09/06 12:55:00",RT_SA1,0
D,DISPATCH,UNIT_SCADA,1,"2019/09/06 12:55:00",RT_SA2,0
D,DISPATCH,UNIT_SCADA,1,"2019/09/06 12:55:00",RT_SA3,0
D,DISPATCH,UNIT_SCADA,1,"2019/09/06 12:55:00",RT_SA4,0
D,DISPATCH,UNIT_SCADA,1,"2019/09/06 12:55:00",RT_SA5,0
D,DISPATCH,UNIT_SCADA,1,"2019/09/06 12:55:00",RT_SA6,0
D,DISPATCH,UNIT_SCADA,1,"2019/09/06 12:55:00",RT_TAS1,0
D,DISPATCH,UNIT_SCADA,1,"2019/09/06 12:55:00",RT_VIC1,0
D,DISPATCH,UNIT_SCADA,1,"2019/09/06 12:55:00",RT_VIC10,0
D,DISPATCH,UNIT_SCADA,1,"2019/09/06 12:55:00",RT_VIC11,0
D,DISPATCH,UNIT_SCADA,1,"2019/09/06 12:55:00",RT_VIC12,0
D,DISPATCH,UNIT_SCADA,1,"2019/09/06 12:55:00",RT_VIC2,0
D,DISPATCH,UNIT_SCADA,1,"2019/09/06 12:55:00",RT_VIC3,0
D,DISPATCH,UNIT_SCADA,1,"2019/09/06 12:55:00",RT_VIC4,0
D,DISPATCH,UNIT_SCADA,1,"2019/09/06 12:55:00",RT_VIC5,0
D,DISPATCH,UNIT_SCADA,1,"2019/09/06 12:55:00",RT_VIC6,0
D,DISPATCH,UNIT_SCADA,1,"2019/09/06 12:55:00",RT_VIC7,0
D,DISPATCH,UNIT_SCADA,1,"2019/09/06 12:55:00",RT_VIC8,0
D,DISPATCH,UNIT_SCADA,1,"2019/09/06 12:55:00",RT_VIC9,0
D,DISPATCH,UNIT_SCADA,1,"2019/09/06 12:55:00",RUGBYR1,62.728190
D,DISPATCH,UNIT_SCADA,1,"2019/09/06 12:55:00",SALTCRK1,14.56
D,DISPATCH,UNIT_SCADA,1,"2019/09/06 12:55:00",SAPHWF1,236.831240
D,DISPATCH,UNIT_SCADA,1,"2019/09/06 12:55:00",SHGEN,0
D,DISPATCH,UNIT_SCADA,1,"2019/09/06 12:55:00",SHPUMP,79.519650
D,DISPATCH,UNIT_SCADA,1,"2019/09/06 12:55:00",SITHE01,0.214140
D,DISPATCH,UNIT_SCADA,1,"2019/09/06 12:55:00",SMCSF1,87.396780
D,DISPATCH,UNIT_SCADA,1,"2019/09/06 12:55:00",SNOWNTH1,138.30
D,DISPATCH,UNIT_SCADA,1,"2019/09/06 12:55:00",SNOWSTH1,106.899990
D,DISPATCH,UNIT_SCADA,1,"2019/09/06 12:55:00",SNOWTWN1,89.476330
D,DISPATCH,UNIT_SCADA,1,"2019/09/06 12:55:00",SNOWYP,199.80
D,DISPATCH,UNIT_SCADA,1,"2019/09/06 12:55:00",SNUG1,0.019440
D,DISPATCH,UNIT_SCADA,1,"2019/09/06 12:55:00",SRSF1,69.439990
D,DISPATCH,UNIT_SCADA,1,"2019/09/06 12:55:00",STAN-1,186.088820
D,DISPATCH,UNIT_SCADA,1,"2019/09/06 12:55:00",STAN-2,230.515320
D,DISPATCH,UNIT_SCADA,1,"2019/09/06 12:55:00",STAN-3,229.643710
D,DISPATCH,UNIT_SCADA,1,"2019/09/06 12:55:00",STAN-4,230.399960
D,DISPATCH,UNIT_SCADA,1,"2019/09/06 12:55:00",STWF1,0
D,DISPATCH,UNIT_SCADA,1,"2019/09/06 12:55:00",SWAN_E,0
D,DISPATCH,UNIT_SCADA,1,"2019/09/06 12:55:00",TALWA1,192
D,DISPATCH,UNIT_SCADA,1,"2019/09/06 12:55:00",TARALGA1,96.6825
D,DISPATCH,UNIT_SCADA,1,"2019/09/06 12:55:00",TARONG#1,350.100010
D,DISPATCH,UNIT_SCADA,1,"2019/09/06 12:55:00",TARONG#2,0
D,DISPATCH,UNIT_SCADA,1,"2019/09/06 12:55:00",TARONG#3,280.200010
D,DISPATCH,UNIT_SCADA,1,"2019/09/06 12:55:00",TARONG#4,350.399990
D,DISPATCH,UNIT_SCADA,1,"2019/09/06 12:55:00",TARRALEA,74
D,DISPATCH,UNIT_SCADA,1,"2019/09/06 12:55:00",TBSF1,45
D,DISPATCH,UNIT_SCADA,1,"2019/09/06 12:55:00",TNPS1,399.700010
D,DISPATCH,UNIT_SCADA,1,"2019/09/06 12:55:00",TORRA1,36.002590
D,DISPATCH,UNIT_SCADA,1,"2019/09/06 12:55:00",TORRA2,0
D,DISPATCH,UNIT_SCADA,1,"2019/09/06 12:55:00",TORRA3,0
D,DISPATCH,UNIT_SCADA,1,"2019/09/06 12:55:00",TORRA4,36.979340
D,DISPATCH,UNIT_SCADA,1,"2019/09/06 12:55:00",TORRB1,43.13
D,DISPATCH,UNIT_SCADA,1,"2019/09/06 12:55:00",TORRB2,43.39
D,DISPATCH,UNIT_SCADA,1,"2019/09/06 12:55:00",TORRB3,43.32
D,DISPATCH,UNIT_SCADA,1,"2019/09/06 12:55:00",TORRB4,0
D,DISPATCH,UNIT_SCADA,1,"2019/09/06 12:55:00",TREVALLN,88.030040
D,DISPATCH,UNIT_SCADA,1,"2019/09/06 12:55:00",TRIBUTE,0
D,DISPATCH,UNIT_SCADA,1,"2019/09/06 12:55:00",TUMUT3,0
D,DISPATCH,UNIT_SCADA,1,"2019/09/06 12:55:00",TUNGATIN,79.570030
D,DISPATCH,UNIT_SCADA,1,"2019/09/06 12:55:00",TVCC201,0
D,DISPATCH,UNIT_SCADA,1,"2019/09/06 12:55:00",TVPP104,0
D,DISPATCH,UNIT_SCADA,1,"2019/09/06 12:55:00",UPPTUMUT,39.526120
D,DISPATCH,UNIT_SCADA,1,"2019/09/06 12:55:00",URANQ11,0
D,DISPATCH,UNIT_SCADA,1,"2019/09/06 12:55:00",URANQ12,0
D,DISPATCH,UNIT_SCADA,1,"2019/09/06 12:55:00",URANQ13,0
D,DISPATCH,UNIT_SCADA,1,"2019/09/06 12:55:00",URANQ14,0
D,DISPATCH,UNIT_SCADA,1,"2019/09/06 12:55:00",VP5,400.299990
D,DISPATCH,UNIT_SCADA,1,"2019/09/06 12:55:00",VP6,0
D,DISPATCH,UNIT_SCADA,1,"2019/09/06 12:55:00",VPGS1,0
D,DISPATCH,UNIT_SCADA,1,"2019/09/06 12:55:00",VPGS2,0
D,DISPATCH,UNIT_SCADA,1,"2019/09/06 12:55:00",VPGS3,0
D,DISPATCH,UNIT_SCADA,1,"2019/09/06 12:55:00",VPGS4,0
D,DISPATCH,UNIT_SCADA,1,"2019/09/06 12:55:00",VPGS5,0
D,DISPATCH,UNIT_SCADA,1,"2019/09/06 12:55:00",VPGS6,0
D,DISPATCH,UNIT_SCADA,1,"2019/09/06 12:55:00",W/HOE#1,0
D,DISPATCH,UNIT_SCADA,1,"2019/09/06 12:55:00",W/HOE#2,0
D,DISPATCH,UNIT_SCADA,1,"2019/09/06 12:55:00",WATERLWF,81.30
D,DISPATCH,UNIT_SCADA,1,"2019/09/06 12:55:00",WEMENSF1,44
D,DISPATCH,UNIT_SCADA,1,"2019/09/06 12:55:00",WGWF1,0.50
D,DISPATCH,UNIT_SCADA,1,"2019/09/06 12:55:00",WHITSF1,42.10
D,DISPATCH,UNIT_SCADA,1,"2019/09/06 12:55:00",WKIEWA1,0
D,DISPATCH,UNIT_SCADA,1,"2019/09/06 12:55:00",WKIEWA2,0.10
D,DISPATCH,UNIT_SCADA,1,"2019/09/06 12:55:00",WOODLWN1,42.66
D,DISPATCH,UNIT_SCADA,1,"2019/09/06 12:55:00",WRSF1,16.72
D,DISPATCH,UNIT_SCADA,1,"2019/09/06 12:55:00",WRWF1,151.6250
D,DISPATCH,UNIT_SCADA,1,"2019/09/06 12:55:00",YABULU,0
D,DISPATCH,UNIT_SCADA,1,"2019/09/06 12:55:00",YABULU2,0
D,DISPATCH,UNIT_SCADA,1,"2019/09/06 12:55:00",YARWUN_1,120.71
D,DISPATCH,UNIT_SCADA,1,"2019/09/06 12:55:00",YENDWF1,42.01
D,DISPATCH,UNIT_SCADA,1,"2019/09/06 12:55:00",YWPS1,379.949370
D,DISPATCH,UNIT_SCADA,1,"2019/09/06 12:55:00",YWPS2,276.939240
D,DISPATCH,UNIT_SCADA,1,"2019/09/06 12:55:00",YWPS3,329.749360
D,DISPATCH,UNIT_SCADA,1,"2019/09/06 12:55:00",YWPS4,393.262020
C,"END OF REPORT",335
