C,NEMP.WORLD,DISPATCHSCADA,AEMO,PUBLIC,2019/09/06,12:40:09,0000000312462534,DISPATCHSCADA,0000000312462528
I,DISPATCH,UNIT_SCADA,1,SETTLEMENTDATE,DUID,SCADAVALUE
D,DISPATCH,UNIT_SCADA,1,"2019/09/06 12:45:00",BARCSF1,8.900001
D,DISPATCH,UNIT_SCADA,1,"2019/09/06 12:45:00",BUTLERSG,10.199999
D,DISPATCH,UNIT_SCADA,1,"2019/09/06 12:45:00",CALL_A_4,0
D,DISPATCH,UNIT_SCADA,1,"2019/09/06 12:45:00",CAPTL_WF,123.2080
D,DISPATCH,UNIT_SCADA,1,"2019/09/06 12:45:00",CATHROCK,0
D,DISPATCH,UNIT_SCADA,1,"2019/09/06 12:45:00",CHALLHWF,9.40
D,DISPATCH,UNIT_SCADA,1,"2019/09/06 12:45:00",CLOVER,-0.01
D,DISPATCH,UNIT_SCADA,1,"2019/09/06 12:45:00",CLUNY,18.244450
D,DISPATCH,UNIT_SCADA,1,"2019/09/06 12:45:00",CNUNDAWF,42.950104
D,DISPATCH,UNIT_SCADA,1,"2019/09/06 12:45:00",CULLRGWF,27.09
D,DISPATCH,UNIT_SCADA,1,"2019/09/06 12:45:00",ERGT01,0
D,DISPATCH,UNIT_SCADA,1,"2019/09/06 12:45:00",GB01,0.012867
D,DISPATCH,UNIT_SCADA,1,"2019/09/06 12:45:00",GERMCRK,32.700001
D,DISPATCH,UNIT_SCADA,1,"2019/09/06 12:45:00",GRIFSF1,1.699997
D,DISPATCH,UNIT_SCADA,1,"2019/09/06 12:45:00",HUGSF1,9.04
D,DISPATCH,UNIT_SCADA,1,"2019/09/06 12:45:00",LKBONNY1,73.144371
D,DISPATCH,UNIT_SCADA,1,"2019/09/06 12:45:00",LRSF1,10.9860
D,DISPATCH,UNIT_SCADA,1,"2019/09/06 12:45:00",MBAHNTH,51.618744
D,DISPATCH,UNIT_SCADA,1,"2019/09/06 12:45:00",MLSP1,6.532001
D,DISPATCH,UNIT_SCADA,1,"2019/09/06 12:45:00",MLWF1,6.57
D,DISPATCH,UNIT_SCADA,1,"2019/09/06 12:45:00",MTMILLAR,48.829887
D,DISPATCH,UNIT_SCADA,1,"2019/09/06 12:45:00",PALOONA,24.269999
D,DISPATCH,UNIT_SCADA,1,"2019/09/06 12:45:00",PIONEER,38.100002
D,DISPATCH,UNIT_SCADA,1,"2019/09/06 12:45:00",PORTWF,50.400002
D,DISPATCH,UNIT_SCADA,1,"2019/09/06 12:45:00",REPULSE,32.651257
D,DISPATCH,UNIT_SCADA,1,"2019/09/06 12:45:00",ROWALLAN,10.2524
D,DISPATCH,UNIT_SCADA,1,"2019/09/06 12:45:00",ROYALLA1,6.54
D,DISPATCH,UNIT_SCADA,1,"2019/09/06 12:45:00",RPCG,9.50
D,DISPATCH,UNIT_SCADA,1,"2019/09/06 12:45:00",RUBICON,0
D,DISPATCH,UNIT_SCADA,1,"2019/09/06 12:45:00",SATGN1,0
D,DISPATCH,UNIT_SCADA,1,"2019/09/06 12:45:00",SATGS1,0
D,DISPATCH,UNIT_SCADA,1,"2019/09/06 12:45:00",STARHLWF,23.993004
D,DISPATCH,UNIT_SCADA,1,"2019/09/06 12:45:00",WAUBRAWF,54.917999
D,DISPATCH,UNIT_SCADA,1,"2019/09/06 12:45:00",WOOLNTH1,7.490015
D,DISPATCH,UNIT_SCADA,1,"2019/09/06 12:45:00",WPWF,82
D,DISPATCH,UNIT_SCADA,1,"2019/09/06 12:45:00",YAMBUKWF,12.90
D,DISPATCH,UNIT_SCADA,1,"2019/09/06 12:45:00",YSWF1,27.50
D,DISPATCH,UNIT_SCADA,1,"2019/09/06 12:45:00",AGLHAL,0
D,DISPATCH,UNIT_SCADA,1,"2019/09/06 12:45:00",AGLSOM,0
D,DISPATCH,UNIT_SCADA,1,"2019/09/06 12:45:00",ANGAST1,0
D,DISPATCH,UNIT_SCADA,1,"2019/09/06 12:45:00",ARWF1,31.60
D,DISPATCH,UNIT_SCADA,1,"2019/09/06 12:45:00",BALBG1,0
D,DISPATCH,UNIT_SCADA,1,"2019/09/06 12:45:00",BALBL1,14.60
D,DISPATCH,UNIT_SCADA,1,"2019/09/06 12:45:00",BALDHWF1,40.5840
D,DISPATCH,UNIT_SCADA,1,"2019/09/06 12:45:00",BANN1,44.29
D,DISPATCH,UNIT_SCADA,1,"2019/09/06 12:45:00",BARCALDN,0
D,DISPATCH,UNIT_SCADA,1,"2019/09/06 12:45:00",BARRON-1,0
D,DISPATCH,UNIT_SCADA,1,"2019/09/06 12:45:00",BARRON-2,0
D,DISPATCH,UNIT_SCADA,1,"2019/09/06 12:45:00",BASTYAN,80.490010
D,DISPATCH,UNIT_SCADA,1,"2019/09/06 12:45:00",BBTHREE1,0
D,DISPATCH,UNIT_SCADA,1,"2019/09/06 12:45:00",BBTHREE2,0
D,DISPATCH,UNIT_SCADA,1,"2019/09/06 12:45:00",BBTHREE3,0
D,DISPATCH,UNIT_SCADA,1,"2019/09/06 12:45:00",BDL01,0
D,DISPATCH,UNIT_SCADA,1,"2019/09/06 12:45:00",BDL02,0
D,DISPATCH,UNIT_SCADA,1,"2019/09/06 12:45:00",BERYLSF1,40.039030
D,DISPATCH,UNIT_SCADA,1,"2019/09/06 12:45:00",BLOWERNG,15.30
D,DISPATCH,UNIT_SCADA,1,"2019/09/06 12:45:00",BLUFF1,52.50
D,DISPATCH,UNIT_SCADA,1,"2019/09/06 12:45:00",BNGSF1,107.25
D,DISPATCH,UNIT_SCADA,1,"2019/09/06 12:45:00",BNGSF2,19.92
D,DISPATCH,UNIT_SCADA,1,"2019/09/06 12:45:00",BOCORWF1,108.24
D,DISPATCH,UNIT_SCADA,1,"2019/09/06 12:45:00",BODWF1,112.230380
D,DISPATCH,UNIT_SCADA,1,"2019/09/06 12:45:00",BRAEMAR1,0
D,DISPATCH,UNIT_SCADA,1,"2019/09/06 12:45:00",BRAEMAR2,0
D,DISPATCH,UNIT_SCADA,1,"2019/09/06 12:45:00",BRAEMAR3,0
D,DISPATCH,UNIT_SCADA,1,"2019/09/06 12:45:00",BRAEMAR5,0
D,DISPATCH,UNIT_SCADA,1,"2019/09/06 12:45:00",BRAEMAR6,0
D,DISPATCH,UNIT_SCADA,1,"2019/09/06 12:45:00",BRAEMAR7,0
D,DISPATCH,UNIT_SCADA,1,"2019/09/06 12:45:00",BROKENH1,32.254880
D,DISPATCH,UNIT_SCADA,1,"2019/09/06 12:45:00",BW01,598.674930
D,DISPATCH,UNIT_SCADA,1,"2019/09/06 12:45:00",BW02,595.75
D,DISPATCH,UNIT_SCADA,1,"2019/09/06 12:45:00",BW03,629.450070
D,DISPATCH,UNIT_SCADA,1,"2019/09/06 12:45:00",BW04,0
D,DISPATCH,UNIT_SCADA,1,"2019/09/06 12:45:00",CALL_B_1,338.100010
D,DISPATCH,UNIT_SCADA,1,"2019/09/06 12:45:00",CALL_B_2,336.100010
D,DISPATCH,UNIT_SCADA,1,"2019/09/06 12:45:00",CETHANA,97.046880
D,DISPATCH,UNIT_SCADA,1,"2019/09/06 12:45:00",CG1,0
D,DISPATCH,UNIT_SCADA,1,"2019/09/06 12:45:00",CG2,0
D,DISPATCH,UNIT_SCADA,1,"2019/09/06 12:45:00",CG3,0
D,DISPATCH,UNIT_SCADA,1,"2019/09/06 12:45:00",CG4,0
D,DISPATCH,UNIT_SCADA,1,"2019/09/06 12:45:00",CHILDSF1,53.79
D,DISPATCH,UNIT_SCADA,1,"2019/09/06 12:45:00",CLARESF1,46.022660
D,DISPATCH,UNIT_SCADA,1,"2019/09/06 12:45:00",CLEMGPWF,55.106780
D,DISPATCH,UNIT_SCADA,1,"2019/09/06 12:45:00",CLERMSF1,14.72
D,DISPATCH,UNIT_SCADA,1,"2019/09/06 12:45:00",COLEASF1,9.999990
D,DISPATCH,UNIT_SCADA,1,"2019/09/06 12:45:00",COOPGWF1,45.060250
D,DISPATCH,UNIT_SCADA,1,"2019/09/06 12:45:00",CPP_3,304.149990
D,DISPATCH,UNIT_SCADA,1,"2019/09/06 12:45:00",CPP_4,277.200010
D,DISPATCH,UNIT_SCADA,1,"2019/09/06 12:45:00",CPSA,72.798750
D,DISPATCH,UNIT_SCADA,1,"2019/09/06 12:45:00",CROOKWF2,82.223740
D,DISPATCH,UNIT_SCADA,1,"2019/09/06 12:45:00",CROWLWF1,18.7607
D,DISPATCH,UNIT_SCADA,1,"2019/09/06 12:45:00",CSPVPS1,31.96
D,DISPATCH,UNIT_SCADA,1,"2019/09/06 12:45:00",DALNTH01,0
D,DISPATCH,UNIT_SCADA,1,"2019/09/06 12:45:00",DALNTHL1,0.181580
D,DISPATCH,UNIT_SCADA,1,"2019/09/06 12:45:00",DARTM1,0
D,DISPATCH,UNIT_SCADA,1,"2019/09/06 12:45:00",DAYDSF1,111.501010
D,DISPATCH,UNIT_SCADA,1,"2019/09/06 12:45:00",DDPS1,0
D,DISPATCH,UNIT_SCADA,1,"2019/09/06 12:45:00",DDSF1,105.955330
D,DISPATCH,UNIT_SCADA,1,"2019/09/06 12:45:00",DEVILS_G,0
D,DISPATCH,UNIT_SCADA,1,"2019/09/06 12:45:00",DG_NSW1,0
D,DISPATCH,UNIT_SCADA,1,"2019/09/06 12:45:00",DG_QLD1,0
D,DISPATCH,UNIT_SCADA,1,"2019/09/06 12:45:00",DG_SA1,0
D,DISPATCH,UNIT_SCADA,1,"2019/09/06 12:45:00",DG_TAS1,0
D,DISPATCH,UNIT_SCADA,1,"2019/09/06 12:45:00",DG_VIC1,0
D,DISPATCH,UNIT_SCADA,1,"2019/09/06 12:45:00",DRYCGT1,0
D,DISPATCH,UNIT_SCADA,1,"2019/09/06 12:45:00",DRYCGT2,0
D,DISPATCH,UNIT_SCADA,1,"2019/09/06 12:45:00",DRYCGT3,0
D,DISPATCH,UNIT_SCADA,1,"2019/09/06 12:45:00",EILDON1,0
D,DISPATCH,UNIT_SCADA,1,"2019/09/06 12:45:00",EILDON2,0
D,DISPATCH,UNIT_SCADA,1,"2019/09/06 12:45:00",EMERASF1,67.06
D,DISPATCH,UNIT_SCADA,1,"2019/09/06 12:45:00",ER01,551.799930
D,DISPATCH,UNIT_SCADA,1,"2019/09/06 12:45:00",ER02,659.825070
D,DISPATCH,UNIT_SCADA,1,"2019/09/06 12:45:00",ER03,0
D,DISPATCH,UNIT_SCADA,1,"2019/09/06 12:45:00",ER04,655.449950
D,DISPATCH,UNIT_SCADA,1,"2019/09/06 12:45:00",FINLYSF1,0.406230
D,DISPATCH,UNIT_SCADA,1,"2019/09/06 12:45:00",FISHER,45.84
D,DISPATCH,UNIT_SCADA,1,"2019/09/06 12:45:00",GANNBG1,0
D,DISPATCH,UNIT_SCADA,1,"2019/09/06 12:45:00",GANNBL1,8.6094
D,DISPATCH,UNIT_SCADA,1,"2019/09/06 12:45:00",GANNSF1,38.40
D,DISPATCH,UNIT_SCADA,1,"2019/09/06 12:45:00",GORDON,21.604240
D,DISPATCH,UNIT_SCADA,1,"2019/09/06 12:45:00",GSTONE1,132.30
D,DISPATCH,UNIT_SCADA,1,"2019/09/06 12:45:00",GSTONE2,121.80
D,DISPATCH,UNIT_SCADA,1,"2019/09/06 12:45:00",GSTONE3,0
D,DISPATCH,UNIT_SCADA,1,"2019/09/06 12:45:00",GSTONE4,132.649990
D,DISPATCH,UNIT_SCADA,1,"2019/09/06 12:45:00",GSTONE5,132.1250
D,DISPATCH,UNIT_SCADA,1,"2019/09/06 12:45:00",GSTONE6,130.899990
D,DISPATCH,UNIT_SCADA,1,"2019/09/06 12:45:00",GULLRSF1,5.160830
D,DISPATCH,UNIT_SCADA,1,"2019/09/06 12:45:00",GULLRWF1,126.634280
D,DISPATCH,UNIT_SCADA,1,"2019/09/06 12:45:00",GUNNING1,36.276950
D,DISPATCH,UNIT_SCADA,1,"2019/09/06 12:45:00",GUTHEGA,0
D,DISPATCH,UNIT_SCADA,1,"2019/09/06 12:45:00",HALLWF1,-0.43
D,DISPATCH,UNIT_SCADA,1,"2019/09/06 12:45:00",HALLWF2,-0.29
D,DISPATCH,UNIT_SCADA,1,"2019/09/06 12:45:00",HAMISF1,45.70
D,DISPATCH,UNIT_SCADA,1,"2019/09/06 12:45:00",HAUGHT11,0
D,DISPATCH,UNIT_SCADA,1,"2019/09/06 12:45:00",HAYMSF1,40.6690
D,DISPATCH,UNIT_SCADA,1,"2019/09/06 12:45:00",HDWF1,68.50
D,DISPATCH,UNIT_SCADA,1,"2019/09/06 12:45:00",HDWF2,68.40
D,DISPATCH,UNIT_SCADA,1,"2019/09/06 12:45:00",HDWF3,73.20
D,DISPATCH,UNIT_SCADA,1,"2019/09/06 12:45:00",HPRG1,0
D,DISPATCH,UNIT_SCADA,1,"2019/09/06 12:45:00",HPRL1,9.30
D,DISPATCH,UNIT_SCADA,1,"2019/09/06 12:45:00",HUMENSW,0
D,DISPATCH,UNIT_SCADA,1,"2019/09/06 12:45:00",HUMEV,23.20
D,DISPATCH,UNIT_SCADA,1,"2019/09/06 12:45:00",HVGTS,0
D,DISPATCH,UNIT_SCADA,1,"2019/09/06 12:45:00",JBUTTERS,116.60
D,DISPATCH,UNIT_SCADA,1,"2019/09/06 12:45:00",JLA01,0.10
D,DISPATCH,UNIT_SCADA,1,"2019/09/06 12:45:00",JLA02,0
D,DISPATCH,UNIT_SCADA,1,"2019/09/06 12:45:00",JLA03,0
D,DISPATCH,UNIT_SCADA,1,"2019/09/06 12:45:00",JLA04,0
D,DISPATCH,UNIT_SCADA,1,"2019/09/06 12:45:00",JLB01,0
D,DISPATCH,UNIT_SCADA,1,"2019/09/06 12:45:00",JLB02,0.10
D,DISPATCH,UNIT_SCADA,1,"2019/09/06 12:45:00",JLB03,0
D,DISPATCH,UNIT_SCADA,1,"2019/09/06 12:45:00",KAREEYA1,21.5525
D,DISPATCH,UNIT_SCADA,1,"2019/09/06 12:45:00",KAREEYA2,21.6075
D,DISPATCH,UNIT_SCADA,1,"2019/09/06 12:45:00",KAREEYA3,0
D,DISPATCH,UNIT_SCADA,1,"2019/09/06 12:45:00",KAREEYA4,21.5175
D,DISPATCH,UNIT_SCADA,1,"2019/09/06 12:45:00",KARSF1,34.60
D,DISPATCH,UNIT_SCADA,1,"2019/09/06 12:45:00",KIATAWF1,30.90
D,DISPATCH,UNIT_SCADA,1,"2019/09/06 12:45:00",KPP_1,0
D,DISPATCH,UNIT_SCADA,1,"2019/09/06 12:45:00",KSP1,46.22
D,DISPATCH,UNIT_SCADA,1,"2019/09/06 12:45:00",LADBROK1,0
D,DISPATCH,UNIT_SCADA,1,"2019/09/06 12:45:00",LADBROK2,0
D,DISPATCH,UNIT_SCADA,1,"2019/09/06 12:45:00",LD01,385.162540
D,DISPATCH,UNIT_SCADA,1,"2019/09/06 12:45:00",LD02,382.50
D,DISPATCH,UNIT_SCADA,1,"2019/09/06 12:45:00",LD03,383.456270
D,DISPATCH,UNIT_SCADA,1,"2019/09/06 12:45:00",LD04,381.899960
D,DISPATCH,UNIT_SCADA,1,"2019/09/06 12:45:00",LEM_WIL,85.0134
D,DISPATCH,UNIT_SCADA,1,"2019/09/06 12:45:00",LGAPWF1,34.35
D,DISPATCH,UNIT_SCADA,1,"2019/09/06 12:45:00",LILYSF1,0
D,DISPATCH,UNIT_SCADA,1,"2019/09/06 12:45:00",LI_WY_CA,163.530670
D,DISPATCH,UNIT_SCADA,1,"2019/09/06 12:45:00",LKBONNY2,147.8508
D,DISPATCH,UNIT_SCADA,1,"2019/09/06 12:45:00",LKBONNY3,35.558620
D,DISPATCH,UNIT_SCADA,1,"2019/09/06 12:45:00",LK_ECHO,0
D,DISPATCH,UNIT_SCADA,1,"2019/09/06 12:45:00",LNGS1,0
D,DISPATCH,UNIT_SCADA,1,"2019/09/06 12:45:00",LNGS2,0
D,DISPATCH,UNIT_SCADA,1,"2019/09/06 12:45:00",LONSDALE,0
D,DISPATCH,UNIT_SCADA,1,"2019/09/06 12:45:00",LOYYB1,533.456970
D,DISPATCH,UNIT_SCADA,1,"2019/09/06 12:45:00",LOYYB2,581.954410
D,DISPATCH,UNIT_SCADA,1,"2019/09/06 12:45:00",LYA1,0
D,DISPATCH,UNIT_SCADA,1,"2019/09/06 12:45:00",LYA2,0
D,DISPATCH,UNIT_SCADA,1,"2019/09/06 12:45:00",LYA3,559
D,DISPATCH,UNIT_SCADA,1,"2019/09/06 12:45:00",LYA4,540
D,DISPATCH,UNIT_SCADA,1,"2019/09/06 12:45:00",MACARTH1,118.297270
D,DISPATCH,UNIT_SCADA,1,"2019/09/06 12:45:00",MACKAYGT,0.2240
D,DISPATCH,UNIT_SCADA,1,"2019/09/06 12:45:00",MACKNTSH,88.600010
D,DISPATCH,UNIT_SCADA,1,"2019/09/06 12:45:00",MANSLR1,17.0650
D,DISPATCH,UNIT_SCADA,1,"2019/09/06 12:45:00",MCKAY1,-0.0350
D,DISPATCH,UNIT_SCADA,1,"2019/09/06 12:45:00",MEADOWBK,33.895880
D,DISPATCH,UNIT_SCADA,1,"2019/09/06 12:45:00",MERCER01,92.9450
D,DISPATCH,UNIT_SCADA,1,"2019/09/06 12:45:00",MEWF1,20.5568
D,DISPATCH,UNIT_SCADA,1,"2019/09/06 12:45:00",MINTARO,0
D,DISPATCH,UNIT_SCADA,1,"2019/09/06 12:45:00",MOREESF1,48.1380
D,DISPATCH,UNIT_SCADA,1,"2019/09/06 12:45:00",MORTLK11,124
D,DISPATCH,UNIT_SCADA,1,"2019/09/06 12:45:00",MORTLK12,0
D,DISPATCH,UNIT_SCADA,1,"2019/09/06 12:45:00",MP1,158.325010
D,DISPATCH,UNIT_SCADA,1,"2019/09/06 12:45:00",MP2,0
D,DISPATCH,UNIT_SCADA,1,"2019/09/06 12:45:00",MPP_1,371.25
D,DISPATCH,UNIT_SCADA,1,"2019/09/06 12:45:00",MPP_2,334.75
D,DISPATCH,UNIT_SCADA,1,"2019/09/06 12:45:00",MSTUART1,0
D,DISPATCH,UNIT_SCADA,1,"2019/09/06 12:45:00",MSTUART2,0
D,DISPATCH,UNIT_SCADA,1,"2019/09/06 12:45:00",MSTUART3,0
D,DISPATCH,UNIT_SCADA,1,"2019/09/06 12:45:00",MTGELWF1,62.967320
D,DISPATCH,UNIT_SCADA,1,"2019/09/06 12:45:00",MURRAY,0
D,DISPATCH,UNIT_SCADA,1,"2019/09/06 12:45:00",MUSSELR1,159.899990
D,DISPATCH,UNIT_SCADA,1,"2019/09/06 12:45:00",MUWAWF1,72.28
D,DISPATCH,UNIT_SCADA,1,"2019/09/06 12:45:00",NBHWF1,119.10
D,DISPATCH,UNIT_SCADA,1,"2019/09/06 12:45:00",NPS,0
D,DISPATCH,UNIT_SCADA,1,"2019/09/06 12:45:00",NUMURSF1,32.71
D,DISPATCH,UNIT_SCADA,1,"2019/09/06 12:45:00",NYNGAN1,43.50
D,DISPATCH,UNIT_SCADA,1,"2019/09/06 12:45:00",OAKEY1,0
D,DISPATCH,UNIT_SCADA,1,"2019/09/06 12:45:00",OAKEY1SF,22.8070
D,DISPATCH,UNIT_SCADA,1,"2019/09/06 12:45:00",OAKEY2,0
D,DISPATCH,UNIT_SCADA,1,"2019/09/06 12:45:00",OAKEY2SF,0
D,DISPATCH,UNIT_SCADA,1,"2019/09/06 12:45:00",OAKLAND1,20.60
D,DISPATCH,UNIT_SCADA,1,"2019/09/06 12:45:00",OSB-AG,0
D,DISPATCH,UNIT_SCADA,1,"2019/09/06 12:45:00",PARSF1,18.80
D,DISPATCH,UNIT_SCADA,1,"2019/09/06 12:45:00",POAT110,0
D,DISPATCH,UNIT_SCADA,1,"2019/09/06 12:45:00",POAT220,0
D,DISPATCH,UNIT_SCADA,1,"2019/09/06 12:45:00",POR01,0
D,DISPATCH,UNIT_SCADA,1,"2019/09/06 12:45:00",POR03,0
D,DISPATCH,UNIT_SCADA,1,"2019/09/06 12:45:00",PPCCGT,0
D,DISPATCH,UNIT_SCADA,1,"2019/09/06 12:45:00",PTSTAN1,0
D,DISPATCH,UNIT_SCADA,1,"2019/09/06 12:45:00",PUMP1,0
D,DISPATCH,UNIT_SCADA,1,"2019/09/06 12:45:00",PUMP2,0
D,DISPATCH,UNIT_SCADA,1,"2019/09/06 12:45:00",QPS1,0
D,DISPATCH,UNIT_SCADA,1,"2019/09/06 12:45:00",QPS2,0
D,DISPATCH,UNIT_SCADA,1,"2019/09/06 12:45:00",QPS3,0
D,DISPATCH,UNIT_SCADA,1,"2019/09/06 12:45:00",QPS4,0
D,DISPATCH,UNIT_SCADA,1,"2019/09/06 12:45:00",QPS5,0
D,DISPATCH,UNIT_SCADA,1,"2019/09/06 12:45:00",REECE1,101.900010
D,DISPATCH,UNIT_SCADA,1,"2019/09/06 12:45:00",REECE2,101.350010
D,DISPATCH,UNIT_SCADA,1,"2019/09/06 12:45:00",ROMA_7,0
D,DISPATCH,UNIT_SCADA,1,"2019/09/06 12:45:00",ROMA_8,0
D,DISPATCH,UNIT_SCADA,1,"2019/09/06 12:45:00",RRSF1,111.046550
D,DISPATCH,UNIT_SCADA,1,"2019/09/06 12:45:00",RT_NSW1,0
D,DISPATCH,UNIT_SCADA,1,"2019/09/06 12:45:00",RT_NSW2,0
D,DISPATCH,UNIT_SCADA,1,"2019/09/06 12:45:00",RT_NSW3,0
D,DISPATCH,UNIT_SCADA,1,"2019/09/06 12:45:00",RT_NSW4,0
D,DISPATCH,UNIT_SCADA,1,"2019/09/06 12:45:00",RT_NSW5,0
D,DISPATCH,UNIT_SCADA,1,"2019/09/06 12:45:00",RT_NSW6,0
D,DISPATCH,UNIT_SCADA,1,"2019/09/06 12:45:00",RT_QLD1,0
D,DISPATCH,UNIT_SCADA,1,"2019/09/06 12:45:00",RT_SA1,0
D,DISPATCH,UNIT_SCADA,1,"2019/09/06 12:45:00",RT_SA2,0
D,DISPATCH,UNIT_SCADA,1,"2019/09/06 12:45:00",RT_SA3,0
D,DISPATCH,UNIT_SCADA,1,"2019/09/06 12:45:00",RT_SA4,0
D,DISPATCH,UNIT_SCADA,1,"2019/09/06 12:45:00",RT_SA5,0
D,DISPATCH,UNIT_SCADA,1,"2019/09/06 12:45:00",RT_SA6,0
D,DISPATCH,UNIT_SCADA,1,"2019/09/06 12:45:00",RT_TAS1,0
D,DISPATCH,UNIT_SCADA,1,"2019/09/06 12:45:00",RT_VIC1,0
D,DISPATCH,UNIT_SCADA,1,"2019/09/06 12:45:00",RT_VIC10,0
D,DISPATCH,UNIT_SCADA,1,"2019/09/06 12:45:00",RT_VIC11,0
D,DISPATCH,UNIT_SCADA,1,"2019/09/06 12:45:00",RT_VIC12,0
D,DISPATCH,UNIT_SCADA,1,"2019/09/06 12:45:00",RT_VIC2,0
D,DISPATCH,UNIT_SCADA,1,"2019/09/06 12:45:00",RT_VIC3,0
D,DISPATCH,UNIT_SCADA,1,"2019/09/06 12:45:00",RT_VIC4,0
D,DISPATCH,UNIT_SCADA,1,"2019/09/06 12:45:00",RT_VIC5,0
D,DISPATCH,UNIT_SCADA,1,"2019/09/06 12:45:00",RT_VIC6,0
D,DISPATCH,UNIT_SCADA,1,"2019/09/06 12:45:00",RT_VIC7,0
D,DISPATCH,UNIT_SCADA,1,"2019/09/06 12:45:00",RT_VIC8,0
D,DISPATCH,UNIT_SCADA,1,"2019/09/06 12:45:00",RT_VIC9,0
D,DISPATCH,UNIT_SCADA,1,"2019/09/06 12:45:00",RUGBYR1,63.272960
D,DISPATCH,UNIT_SCADA,1,"2019/09/06 12:45:00",SALTCRK1,17.51
D,DISPATCH,UNIT_SCADA,1,"2019/09/06 12:45:00",SAPHWF1,231.862490
D,DISPATCH,UNIT_SCADA,1,"2019/09/06 12:45:00",SHGEN,0
D,DISPATCH,UNIT_SCADA,1,"2019/09/06 12:45:00",SHPUMP,79.7225
D,DISPATCH,UNIT_SCADA,1,"2019/09/06 12:45:00",SITHE01,0.1840
D,DISPATCH,UNIT_SCADA,1,"2019/09/06 12:45:00",SMCSF1,87.400470
D,DISPATCH,UNIT_SCADA,1,"2019/09/06 12:45:00",SNOWNTH1,138.70
D,DISPATCH,UNIT_SCADA,1,"2019/09/06 12:45:00",SNOWSTH1,118.70
D,DISPATCH,UNIT_SCADA,1,"2019/09/06 12:45:00",SNOWTWN1,61.003270
D,DISPATCH,UNIT_SCADA,1,"2019/09/06 12:45:00",SNOWYP,394.50
D,DISPATCH,UNIT_SCADA,1,"2019/09/06 12:45:00",SNUG1,0.019440
D,DISPATCH,UNIT_SCADA,1,"2019/09/06 12:45:00",SRSF1,69.439990
D,DISPATCH,UNIT_SCADA,1,"2019/09/06 12:45:00",STAN-1,186.114460
D,DISPATCH,UNIT_SCADA,1,"2019/09/06 12:45:00",STAN-2,232.0150
D,DISPATCH,UNIT_SCADA,1,"2019/09/06 12:45:00",STAN-3,228.502910
D,DISPATCH,UNIT_SCADA,1,"2019/09/06 12:45:00",STAN-4,230.2205
D,DISPATCH,UNIT_SCADA,1,"2019/09/06 12:45:00",STWF1,0
D,DISPATCH,UNIT_SCADA,1,"2019/09/06 12:45:00",SWAN_E,0
D,DISPATCH,UNIT_SCADA,1,"2019/09/06 12:45:00",TALWA1,249
D,DISPATCH,UNIT_SCADA,1,"2019/09/06 12:45:00",TARALGA1,95.234990
D,DISPATCH,UNIT_SCADA,1,"2019/09/06 12:45:00",TARONG#1,350.100010
D,DISPATCH,UNIT_SCADA,1,"2019/09/06 12:45:00",TARONG#2,0
D,DISPATCH,UNIT_SCADA,1,"2019/09/06 12:45:00",TARONG#3,280.200010
D,DISPATCH,UNIT_SCADA,1,"2019/09/06 12:45:00",TARONG#4,348.899990
D,DISPATCH,UNIT_SCADA,1,"2019/09/06 12:45:00",TARRALEA,73.90
D,DISPATCH,UNIT_SCADA,1,"2019/09/06 12:45:00",TBSF1,12.10
D,DISPATCH,UNIT_SCADA,1,"2019/09/06 12:45:00",TNPS1,399.700010
D,DISPATCH,UNIT_SCADA,1,"2019/09/06 12:45:00",TORRA1,34.461630
D,DISPATCH,UNIT_SCADA,1,"2019/09/06 12:45:00",TORRA2,0
D,DISPATCH,UNIT_SCADA,1,"2019/09/06 12:45:00",TORRA3,0
D,DISPATCH,UNIT_SCADA,1,"2019/09/06 12:45:00",TORRA4,35.205080
D,DISPATCH,UNIT_SCADA,1,"2019/09/06 12:45:00",TORRB1,48.81
D,DISPATCH,UNIT_SCADA,1,"2019/09/06 12:45:00",TORRB2,48.21
D,DISPATCH,UNIT_SCADA,1,"2019/09/06 12:45:00",TORRB3,49.01
D,DISPATCH,UNIT_SCADA,1,"2019/09/06 12:45:00",TORRB4,0
D,DISPATCH,UNIT_SCADA,1,"2019/09/06 12:45:00",TREVALLN,85.310030
D,DISPATCH,UNIT_SCADA,1,"2019/09/06 12:45:00",TRIBUTE,0
D,DISPATCH,UNIT_SCADA,1,"2019/09/06 12:45:00",TUMUT3,0
D,DISPATCH,UNIT_SCADA,1,"2019/09/06 12:45:00",TUNGATIN,87.770030
D,DISPATCH,UNIT_SCADA,1,"2019/09/06 12:45:00",TVCC201,0
D,DISPATCH,UNIT_SCADA,1,"2019/09/06 12:45:00",TVPP104,0
D,DISPATCH,UNIT_SCADA,1,"2019/09/06 12:45:00",UPPTUMUT,12.180780
D,DISPATCH,UNIT_SCADA,1,"2019/09/06 12:45:00",URANQ11,0
D,DISPATCH,UNIT_SCADA,1,"2019/09/06 12:45:00",URANQ12,0
D,DISPATCH,UNIT_SCADA,1,"2019/09/06 12:45:00",URANQ13,0
D,DISPATCH,UNIT_SCADA,1,"2019/09/06 12:45:00",URANQ14,0
D,DISPATCH,UNIT_SCADA,1,"2019/09/06 12:45:00",VP5,405.924990
D,DISPATCH,UNIT_SCADA,1,"2019/09/06 12:45:00",VP6,0
D,DISPATCH,UNIT_SCADA,1,"2019/09/06 12:45:00",VPGS1,0
D,DISPATCH,UNIT_SCADA,1,"2019/09/06 12:45:00",VPGS2,0
D,DISPATCH,UNIT_SCADA,1,"2019/09/06 12:45:00",VPGS3,0
D,DISPATCH,UNIT_SCADA,1,"2019/09/06 12:45:00",VPGS4,0
D,DISPATCH,UNIT_SCADA,1,"2019/09/06 12:45:00",VPGS5,0
D,DISPATCH,UNIT_SCADA,1,"2019/09/06 12:45:00",VPGS6,0
D,DISPATCH,UNIT_SCADA,1,"2019/09/06 12:45:00",W/HOE#1,0
D,DISPATCH,UNIT_SCADA,1,"2019/09/06 12:45:00",W/HOE#2,0
D,DISPATCH,UNIT_SCADA,1,"2019/09/06 12:45:00",WATERLWF,104.90
D,DISPATCH,UNIT_SCADA,1,"2019/09/06 12:45:00",WEMENSF1,77.80
D,DISPATCH,UNIT_SCADA,1,"2019/09/06 12:45:00",WGWF1,0.50
D,DISPATCH,UNIT_SCADA,1,"2019/09/06 12:45:00",WHITSF1,42.10
D,DISPATCH,UNIT_SCADA,1,"2019/09/06 12:45:00",WKIEWA1,0
D,DISPATCH,UNIT_SCADA,1,"2019/09/06 12:45:00",WKIEWA2,0.10
D,DISPATCH,UNIT_SCADA,1,"2019/09/06 12:45:00",WOODLWN1,43.7760
D,DISPATCH,UNIT_SCADA,1,"2019/09/06 12:45:00",WRSF1,5.32
D,DISPATCH,UNIT_SCADA,1,"2019/09/06 12:45:00",WRWF1,153.548750
D,DISPATCH,UNIT_SCADA,1,"2019/09/06 12:45:00",YABULU,0
D,DISPATCH,UNIT_SCADA,1,"2019/09/06 12:45:00",YABULU2,0
D,DISPATCH,UNIT_SCADA,1,"2019/09/06 12:45:00",YARWUN_1,120.31
D,DISPATCH,UNIT_SCADA,1,"2019/09/06 12:45:00",YENDWF1,42.23
D,DISPATCH,UNIT_SCADA,1,"2019/09/06 12:45:00",YWPS1,379.448090
D,DISPATCH,UNIT_SCADA,1,"2019/09/06 12:45:00",YWPS2,279.194950
D,DISPATCH,UNIT_SCADA,1,"2019/09/06 12:45:00",YWPS3,327.208860
D,DISPATCH,UNIT_SCADA,1,"2019/09/06 12:45:00",YWPS4,390.721530
C,"END OF REPORT",335
