C,NEMP.WORLD,DISPATCHSCADA,AEMO,PUBLIC,2019/08/22,11:45:08,0000000311865589,DISPATCHSCADA,0000000311865583
I,DISPATCH,UNIT_SCADA,1,SETTLEMENTDATE,DUID,SCADAVALUE
D,DISPATCH,UNIT_SCADA,1,"2019/08/22 11:50:00",BARCSF1,18
D,DISPATCH,UNIT_SCADA,1,"2019/08/22 11:50:00",BUTLERSG,9.699999
D,DISPATCH,UNIT_SCADA,1,"2019/08/22 11:50:00",CALL_A_4,0
D,DISPATCH,UNIT_SCADA,1,"2019/08/22 11:50:00",CAPTL_WF,36.167999
D,DISPATCH,UNIT_SCADA,1,"2019/08/22 11:50:00",CATHROCK,0
D,DISPATCH,UNIT_SCADA,1,"2019/08/22 11:50:00",CHALLHWF,30.40
D,DISPATCH,UNIT_SCADA,1,"2019/08/22 11:50:00",CLOVER,-0.01
D,DISPATCH,UNIT_SCADA,1,"2019/08/22 11:50:00",CLUNY,20.112154
D,DISPATCH,UNIT_SCADA,1,"2019/08/22 11:50:00",CNUNDAWF,8.309693
D,DISPATCH,UNIT_SCADA,1,"2019/08/22 11:50:00",CULLRGWF,27.85
D,DISPATCH,UNIT_SCADA,1,"2019/08/22 11:50:00",ERGT01,0
D,DISPATCH,UNIT_SCADA,1,"2019/08/22 11:50:00",GB01,0.057842
D,DISPATCH,UNIT_SCADA,1,"2019/08/22 11:50:00",GERMCRK,34.099998
D,DISPATCH,UNIT_SCADA,1,"2019/08/22 11:50:00",GRIFSF1,23
D,DISPATCH,UNIT_SCADA,1,"2019/08/22 11:50:00",HUGSF1,8.9930
D,DISPATCH,UNIT_SCADA,1,"2019/08/22 11:50:00",LKBONNY1,17.058088
D,DISPATCH,UNIT_SCADA,1,"2019/08/22 11:50:00",LRSF1,12.464001
D,DISPATCH,UNIT_SCADA,1,"2019/08/22 11:50:00",MBAHNTH,55.425003
D,DISPATCH,UNIT_SCADA,1,"2019/08/22 11:50:00",MLSP1,12.591002
D,DISPATCH,UNIT_SCADA,1,"2019/08/22 11:50:00",MLWF1,19.26
D,DISPATCH,UNIT_SCADA,1,"2019/08/22 11:50:00",MTMILLAR,2.864905
D,DISPATCH,UNIT_SCADA,1,"2019/08/22 11:50:00",PALOONA,28.76
D,DISPATCH,UNIT_SCADA,1,"2019/08/22 11:50:00",PIONEER,40.299999
D,DISPATCH,UNIT_SCADA,1,"2019/08/22 11:50:00",PORTWF,48.50
D,DISPATCH,UNIT_SCADA,1,"2019/08/22 11:50:00",REPULSE,29.393148
D,DISPATCH,UNIT_SCADA,1,"2019/08/22 11:50:00",ROWALLAN,10.4015
D,DISPATCH,UNIT_SCADA,1,"2019/08/22 11:50:00",ROYALLA1,19.8950
D,DISPATCH,UNIT_SCADA,1,"2019/08/22 11:50:00",RPCG,11.70
D,DISPATCH,UNIT_SCADA,1,"2019/08/22 11:50:00",RUBICON,0
D,DISPATCH,UNIT_SCADA,1,"2019/08/22 11:50:00",SATGN1,0
D,DISPATCH,UNIT_SCADA,1,"2019/08/22 11:50:00",SATGS1,0
D,DISPATCH,UNIT_SCADA,1,"2019/08/22 11:50:00",STARHLWF,1.099679
D,DISPATCH,UNIT_SCADA,1,"2019/08/22 11:50:00",WAUBRAWF,177.182007
D,DISPATCH,UNIT_SCADA,1,"2019/08/22 11:50:00",WOOLNTH1,115.150024
D,DISPATCH,UNIT_SCADA,1,"2019/08/22 11:50:00",WPWF,3
D,DISPATCH,UNIT_SCADA,1,"2019/08/22 11:50:00",YAMBUKWF,14.40
D,DISPATCH,UNIT_SCADA,1,"2019/08/22 11:50:00",YSWF1,18.200001
D,DISPATCH,UNIT_SCADA,1,"2019/08/22 11:50:00",AGLHAL,0
D,DISPATCH,UNIT_SCADA,1,"2019/08/22 11:50:00",AGLSOM,0
D,DISPATCH,UNIT_SCADA,1,"2019/08/22 11:50:00",ANGAST1,0
D,DISPATCH,UNIT_SCADA,1,"2019/08/22 11:50:00",ARWF1,202.099990
D,DISPATCH,UNIT_SCADA,1,"2019/08/22 11:50:00",BALBG1,0
D,DISPATCH,UNIT_SCADA,1,"2019/08/22 11:50:00",BALBL1,18.88
D,DISPATCH,UNIT_SCADA,1,"2019/08/22 11:50:00",BALDHWF1,86.5420
D,DISPATCH,UNIT_SCADA,1,"2019/08/22 11:50:00",BANN1,59.72
D,DISPATCH,UNIT_SCADA,1,"2019/08/22 11:50:00",BARCALDN,0
D,DISPATCH,UNIT_SCADA,1,"2019/08/22 11:50:00",BARRON-1,0
D,DISPATCH,UNIT_SCADA,1,"2019/08/22 11:50:00",BARRON-2,25.40
D,DISPATCH,UNIT_SCADA,1,"2019/08/22 11:50:00",BASTYAN,78.740010
D,DISPATCH,UNIT_SCADA,1,"2019/08/22 11:50:00",BBTHREE1,-1.88
D,DISPATCH,UNIT_SCADA,1,"2019/08/22 11:50:00",BBTHREE2,-1.98
D,DISPATCH,UNIT_SCADA,1,"2019/08/22 11:50:00",BBTHREE3,-1.09
D,DISPATCH,UNIT_SCADA,1,"2019/08/22 11:50:00",BDL01,0
D,DISPATCH,UNIT_SCADA,1,"2019/08/22 11:50:00",BDL02,0
D,DISPATCH,UNIT_SCADA,1,"2019/08/22 11:50:00",BERYLSF1,30.879570
D,DISPATCH,UNIT_SCADA,1,"2019/08/22 11:50:00",BLOWERNG,0
D,DISPATCH,UNIT_SCADA,1,"2019/08/22 11:50:00",BLUFF1,0.10
D,DISPATCH,UNIT_SCADA,1,"2019/08/22 11:50:00",BNGSF1,54.17
D,DISPATCH,UNIT_SCADA,1,"2019/08/22 11:50:00",BNGSF2,16.14
D,DISPATCH,UNIT_SCADA,1,"2019/08/22 11:50:00",BOCORWF1,52.87
D,DISPATCH,UNIT_SCADA,1,"2019/08/22 11:50:00",BODWF1,110.299150
D,DISPATCH,UNIT_SCADA,1,"2019/08/22 11:50:00",BRAEMAR1,0
D,DISPATCH,UNIT_SCADA,1,"2019/08/22 11:50:00",BRAEMAR2,0
D,DISPATCH,UNIT_SCADA,1,"2019/08/22 11:50:00",BRAEMAR3,0
D,DISPATCH,UNIT_SCADA,1,"2019/08/22 11:50:00",BRAEMAR5,0
D,DISPATCH,UNIT_SCADA,1,"2019/08/22 11:50:00",BRAEMAR6,0
D,DISPATCH,UNIT_SCADA,1,"2019/08/22 11:50:00",BRAEMAR7,0
D,DISPATCH,UNIT_SCADA,1,"2019/08/22 11:50:00",BROKENH1,53.1438
D,DISPATCH,UNIT_SCADA,1,"2019/08/22 11:50:00",BW01,532.6250
D,DISPATCH,UNIT_SCADA,1,"2019/08/22 11:50:00",BW02,508.924930
D,DISPATCH,UNIT_SCADA,1,"2019/08/22 11:50:00",BW03,540.224980
D,DISPATCH,UNIT_SCADA,1,"2019/08/22 11:50:00",BW04,0
D,DISPATCH,UNIT_SCADA,1,"2019/08/22 11:50:00",CALL_B_1,250.70
D,DISPATCH,UNIT_SCADA,1,"2019/08/22 11:50:00",CALL_B_2,279.899990
D,DISPATCH,UNIT_SCADA,1,"2019/08/22 11:50:00",CETHANA,98.1845
D,DISPATCH,UNIT_SCADA,1,"2019/08/22 11:50:00",CG1,0
D,DISPATCH,UNIT_SCADA,1,"2019/08/22 11:50:00",CG2,0
D,DISPATCH,UNIT_SCADA,1,"2019/08/22 11:50:00",CG3,0
D,DISPATCH,UNIT_SCADA,1,"2019/08/22 11:50:00",CG4,0
D,DISPATCH,UNIT_SCADA,1,"2019/08/22 11:50:00",CHILDSF1,40.12
D,DISPATCH,UNIT_SCADA,1,"2019/08/22 11:50:00",CLARESF1,0
D,DISPATCH,UNIT_SCADA,1,"2019/08/22 11:50:00",CLEMGPWF,-0.360180
D,DISPATCH,UNIT_SCADA,1,"2019/08/22 11:50:00",CLERMSF1,0
D,DISPATCH,UNIT_SCADA,1,"2019/08/22 11:50:00",COLEASF1,67.100010
D,DISPATCH,UNIT_SCADA,1,"2019/08/22 11:50:00",COOPGWF1,30.5521
D,DISPATCH,UNIT_SCADA,1,"2019/08/22 11:50:00",CPP_3,405.350010
D,DISPATCH,UNIT_SCADA,1,"2019/08/22 11:50:00",CPP_4,229.900010
D,DISPATCH,UNIT_SCADA,1,"2019/08/22 11:50:00",CPSA,88.066880
D,DISPATCH,UNIT_SCADA,1,"2019/08/22 11:50:00",CROOKWF2,77.993740
D,DISPATCH,UNIT_SCADA,1,"2019/08/22 11:50:00",CROWLWF1,45.484030
D,DISPATCH,UNIT_SCADA,1,"2019/08/22 11:50:00",CSPVPS1,0.5610
D,DISPATCH,UNIT_SCADA,1,"2019/08/22 11:50:00",DALNTH01,0
D,DISPATCH,UNIT_SCADA,1,"2019/08/22 11:50:00",DALNTHL1,0.019840
D,DISPATCH,UNIT_SCADA,1,"2019/08/22 11:50:00",DARTM1,134.899990
D,DISPATCH,UNIT_SCADA,1,"2019/08/22 11:50:00",DAYDSF1,0
D,DISPATCH,UNIT_SCADA,1,"2019/08/22 11:50:00",DDPS1,0
D,DISPATCH,UNIT_SCADA,1,"2019/08/22 11:50:00",DDSF1,0
D,DISPATCH,UNIT_SCADA,1,"2019/08/22 11:50:00",DEVILS_G,0
D,DISPATCH,UNIT_SCADA,1,"2019/08/22 11:50:00",DG_NSW1,0
D,DISPATCH,UNIT_SCADA,1,"2019/08/22 11:50:00",DG_QLD1,0
D,DISPATCH,UNIT_SCADA,1,"2019/08/22 11:50:00",DG_SA1,0
D,DISPATCH,UNIT_SCADA,1,"2019/08/22 11:50:00",DG_TAS1,0
D,DISPATCH,UNIT_SCADA,1,"2019/08/22 11:50:00",DG_VIC1,0
D,DISPATCH,UNIT_SCADA,1,"2019/08/22 11:50:00",DRYCGT1,0
D,DISPATCH,UNIT_SCADA,1,"2019/08/22 11:50:00",DRYCGT2,0
D,DISPATCH,UNIT_SCADA,1,"2019/08/22 11:50:00",DRYCGT3,0
D,DISPATCH,UNIT_SCADA,1,"2019/08/22 11:50:00",EILDON1,0
D,DISPATCH,UNIT_SCADA,1,"2019/08/22 11:50:00",EILDON2,0
D,DISPATCH,UNIT_SCADA,1,"2019/08/22 11:50:00",EMERASF1,61.97
D,DISPATCH,UNIT_SCADA,1,"2019/08/22 11:50:00",ER01,310.099980
D,DISPATCH,UNIT_SCADA,1,"2019/08/22 11:50:00",ER02,370.549930
D,DISPATCH,UNIT_SCADA,1,"2019/08/22 11:50:00",ER03,649.824950
D,DISPATCH,UNIT_SCADA,1,"2019/08/22 11:50:00",ER04,369.849980
D,DISPATCH,UNIT_SCADA,1,"2019/08/22 11:50:00",FINLYSF1,3.380060
D,DISPATCH,UNIT_SCADA,1,"2019/08/22 11:50:00",FISHER,45.98
D,DISPATCH,UNIT_SCADA,1,"2019/08/22 11:50:00",GANNBG1,0
D,DISPATCH,UNIT_SCADA,1,"2019/08/22 11:50:00",GANNBL1,9.489940
D,DISPATCH,UNIT_SCADA,1,"2019/08/22 11:50:00",GANNSF1,48
D,DISPATCH,UNIT_SCADA,1,"2019/08/22 11:50:00",GORDON,5.3284
D,DISPATCH,UNIT_SCADA,1,"2019/08/22 11:50:00",GSTONE1,110.0750
D,DISPATCH,UNIT_SCADA,1,"2019/08/22 11:50:00",GSTONE2,110.25
D,DISPATCH,UNIT_SCADA,1,"2019/08/22 11:50:00",GSTONE3,110.25
D,DISPATCH,UNIT_SCADA,1,"2019/08/22 11:50:00",GSTONE4,144.899990
D,DISPATCH,UNIT_SCADA,1,"2019/08/22 11:50:00",GSTONE5,142.974990
D,DISPATCH,UNIT_SCADA,1,"2019/08/22 11:50:00",GSTONE6,0
D,DISPATCH,UNIT_SCADA,1,"2019/08/22 11:50:00",GULLRSF1,4.700010
D,DISPATCH,UNIT_SCADA,1,"2019/08/22 11:50:00",GULLRWF1,135.481290
D,DISPATCH,UNIT_SCADA,1,"2019/08/22 11:50:00",GUNNING1,37.670280
D,DISPATCH,UNIT_SCADA,1,"2019/08/22 11:50:00",GUTHEGA,0
D,DISPATCH,UNIT_SCADA,1,"2019/08/22 11:50:00",HALLWF1,-0.60
D,DISPATCH,UNIT_SCADA,1,"2019/08/22 11:50:00",HALLWF2,-0.26
D,DISPATCH,UNIT_SCADA,1,"2019/08/22 11:50:00",HAMISF1,46.40
D,DISPATCH,UNIT_SCADA,1,"2019/08/22 11:50:00",HAUGHT11,50.089980
D,DISPATCH,UNIT_SCADA,1,"2019/08/22 11:50:00",HAYMSF1,38.0230
D,DISPATCH,UNIT_SCADA,1,"2019/08/22 11:50:00",HDWF1,3
D,DISPATCH,UNIT_SCADA,1,"2019/08/22 11:50:00",HDWF2,3.60
D,DISPATCH,UNIT_SCADA,1,"2019/08/22 11:50:00",HDWF3,2.80
D,DISPATCH,UNIT_SCADA,1,"2019/08/22 11:50:00",HPRG1,0
D,DISPATCH,UNIT_SCADA,1,"2019/08/22 11:50:00",HPRL1,0.20
D,DISPATCH,UNIT_SCADA,1,"2019/08/22 11:50:00",HUMENSW,0
D,DISPATCH,UNIT_SCADA,1,"2019/08/22 11:50:00",HUMEV,9.10
D,DISPATCH,UNIT_SCADA,1,"2019/08/22 11:50:00",HVGTS,0
D,DISPATCH,UNIT_SCADA,1,"2019/08/22 11:50:00",JBUTTERS,132.509990
D,DISPATCH,UNIT_SCADA,1,"2019/08/22 11:50:00",JLA01,0.50
D,DISPATCH,UNIT_SCADA,1,"2019/08/22 11:50:00",JLA02,0
D,DISPATCH,UNIT_SCADA,1,"2019/08/22 11:50:00",JLA03,0.10
D,DISPATCH,UNIT_SCADA,1,"2019/08/22 11:50:00",JLA04,0.10
D,DISPATCH,UNIT_SCADA,1,"2019/08/22 11:50:00",JLB01,0
D,DISPATCH,UNIT_SCADA,1,"2019/08/22 11:50:00",JLB02,0.10
D,DISPATCH,UNIT_SCADA,1,"2019/08/22 11:50:00",JLB03,0
D,DISPATCH,UNIT_SCADA,1,"2019/08/22 11:50:00",KAREEYA1,21.6350
D,DISPATCH,UNIT_SCADA,1,"2019/08/22 11:50:00",KAREEYA2,21.9575
D,DISPATCH,UNIT_SCADA,1,"2019/08/22 11:50:00",KAREEYA3,0
D,DISPATCH,UNIT_SCADA,1,"2019/08/22 11:50:00",KAREEYA4,21.7825
D,DISPATCH,UNIT_SCADA,1,"2019/08/22 11:50:00",KARSF1,34
D,DISPATCH,UNIT_SCADA,1,"2019/08/22 11:50:00",KIATAWF1,20.80
D,DISPATCH,UNIT_SCADA,1,"2019/08/22 11:50:00",KPP_1,0
D,DISPATCH,UNIT_SCADA,1,"2019/08/22 11:50:00",KSP1,47.62
D,DISPATCH,UNIT_SCADA,1,"2019/08/22 11:50:00",LADBROK1,0
D,DISPATCH,UNIT_SCADA,1,"2019/08/22 11:50:00",LADBROK2,0
D,DISPATCH,UNIT_SCADA,1,"2019/08/22 11:50:00",LD01,352.968750
D,DISPATCH,UNIT_SCADA,1,"2019/08/22 11:50:00",LD02,352.6687
D,DISPATCH,UNIT_SCADA,1,"2019/08/22 11:50:00",LD03,359.306210
D,DISPATCH,UNIT_SCADA,1,"2019/08/22 11:50:00",LD04,357.112520
D,DISPATCH,UNIT_SCADA,1,"2019/08/22 11:50:00",LEM_WIL,86.2183
D,DISPATCH,UNIT_SCADA,1,"2019/08/22 11:50:00",LGAPWF1,8.52
D,DISPATCH,UNIT_SCADA,1,"2019/08/22 11:50:00",LILYSF1,91.750390
D,DISPATCH,UNIT_SCADA,1,"2019/08/22 11:50:00",LI_WY_CA,149.892110
D,DISPATCH,UNIT_SCADA,1,"2019/08/22 11:50:00",LKBONNY2,30.225530
D,DISPATCH,UNIT_SCADA,1,"2019/08/22 11:50:00",LKBONNY3,5.693850
D,DISPATCH,UNIT_SCADA,1,"2019/08/22 11:50:00",LK_ECHO,0
D,DISPATCH,UNIT_SCADA,1,"2019/08/22 11:50:00",LNGS1,0
D,DISPATCH,UNIT_SCADA,1,"2019/08/22 11:50:00",LNGS2,0
D,DISPATCH,UNIT_SCADA,1,"2019/08/22 11:50:00",LONSDALE,0
D,DISPATCH,UNIT_SCADA,1,"2019/08/22 11:50:00",LOYYB1,536.088620
D,DISPATCH,UNIT_SCADA,1,"2019/08/22 11:50:00",LOYYB2,584.586060
D,DISPATCH,UNIT_SCADA,1,"2019/08/22 11:50:00",LYA1,559
D,DISPATCH,UNIT_SCADA,1,"2019/08/22 11:50:00",LYA2,0
D,DISPATCH,UNIT_SCADA,1,"2019/08/22 11:50:00",LYA3,561
D,DISPATCH,UNIT_SCADA,1,"2019/08/22 11:50:00",LYA4,540
D,DISPATCH,UNIT_SCADA,1,"2019/08/22 11:50:00",MACARTH1,243.294390
D,DISPATCH,UNIT_SCADA,1,"2019/08/22 11:50:00",MACKAYGT,0
D,DISPATCH,UNIT_SCADA,1,"2019/08/22 11:50:00",MACKNTSH,86.600010
D,DISPATCH,UNIT_SCADA,1,"2019/08/22 11:50:00",MANSLR1,32.4840
D,DISPATCH,UNIT_SCADA,1,"2019/08/22 11:50:00",MCKAY1,0.02
D,DISPATCH,UNIT_SCADA,1,"2019/08/22 11:50:00",MEADOWBK,34.467480
D,DISPATCH,UNIT_SCADA,1,"2019/08/22 11:50:00",MERCER01,68.4550
D,DISPATCH,UNIT_SCADA,1,"2019/08/22 11:50:00",MEWF1,48.007170
D,DISPATCH,UNIT_SCADA,1,"2019/08/22 11:50:00",MINTARO,0
D,DISPATCH,UNIT_SCADA,1,"2019/08/22 11:50:00",MOREESF1,48.5280
D,DISPATCH,UNIT_SCADA,1,"2019/08/22 11:50:00",MORTLK11,125
D,DISPATCH,UNIT_SCADA,1,"2019/08/22 11:50:00",MORTLK12,0
D,DISPATCH,UNIT_SCADA,1,"2019/08/22 11:50:00",MP1,285.674930
D,DISPATCH,UNIT_SCADA,1,"2019/08/22 11:50:00",MP2,0
D,DISPATCH,UNIT_SCADA,1,"2019/08/22 11:50:00",MPP_1,291.25
D,DISPATCH,UNIT_SCADA,1,"2019/08/22 11:50:00",MPP_2,380
D,DISPATCH,UNIT_SCADA,1,"2019/08/22 11:50:00",MSTUART1,0
D,DISPATCH,UNIT_SCADA,1,"2019/08/22 11:50:00",MSTUART2,0
D,DISPATCH,UNIT_SCADA,1,"2019/08/22 11:50:00",MSTUART3,0
D,DISPATCH,UNIT_SCADA,1,"2019/08/22 11:50:00",MTGELWF1,65.6331
D,DISPATCH,UNIT_SCADA,1,"2019/08/22 11:50:00",MURRAY,0
D,DISPATCH,UNIT_SCADA,1,"2019/08/22 11:50:00",MUSSELR1,86.60
D,DISPATCH,UNIT_SCADA,1,"2019/08/22 11:50:00",MUWAWF1,40.46
D,DISPATCH,UNIT_SCADA,1,"2019/08/22 11:50:00",NBHWF1,-0.10
D,DISPATCH,UNIT_SCADA,1,"2019/08/22 11:50:00",NPS,0
D,DISPATCH,UNIT_SCADA,1,"2019/08/22 11:50:00",NUMURSF1,86.21
D,DISPATCH,UNIT_SCADA,1,"2019/08/22 11:50:00",NYNGAN1,101
D,DISPATCH,UNIT_SCADA,1,"2019/08/22 11:50:00",OAKEY1,0
D,DISPATCH,UNIT_SCADA,1,"2019/08/22 11:50:00",OAKEY1SF,21.7480
D,DISPATCH,UNIT_SCADA,1,"2019/08/22 11:50:00",OAKEY2,0
D,DISPATCH,UNIT_SCADA,1,"2019/08/22 11:50:00",OAKLAND1,55
D,DISPATCH,UNIT_SCADA,1,"2019/08/22 11:50:00",OSB-AG,139.239990
D,DISPATCH,UNIT_SCADA,1,"2019/08/22 11:50:00",PARSF1,45.799990
D,DISPATCH,UNIT_SCADA,1,"2019/08/22 11:50:00",POAT110,0
D,DISPATCH,UNIT_SCADA,1,"2019/08/22 11:50:00",POAT220,0
D,DISPATCH,UNIT_SCADA,1,"2019/08/22 11:50:00",POR01,0
D,DISPATCH,UNIT_SCADA,1,"2019/08/22 11:50:00",POR03,0
D,DISPATCH,UNIT_SCADA,1,"2019/08/22 11:50:00",PPCCGT,409.109950
D,DISPATCH,UNIT_SCADA,1,"2019/08/22 11:50:00",PTSTAN1,0
D,DISPATCH,UNIT_SCADA,1,"2019/08/22 11:50:00",PUMP1,0
D,DISPATCH,UNIT_SCADA,1,"2019/08/22 11:50:00",PUMP2,0
D,DISPATCH,UNIT_SCADA,1,"2019/08/22 11:50:00",QPS1,0
D,DISPATCH,UNIT_SCADA,1,"2019/08/22 11:50:00",QPS2,0
D,DISPATCH,UNIT_SCADA,1,"2019/08/22 11:50:00",QPS3,0
D,DISPATCH,UNIT_SCADA,1,"2019/08/22 11:50:00",QPS4,0
D,DISPATCH,UNIT_SCADA,1,"2019/08/22 11:50:00",QPS5,0
D,DISPATCH,UNIT_SCADA,1,"2019/08/22 11:50:00",REECE1,115.210010
D,DISPATCH,UNIT_SCADA,1,"2019/08/22 11:50:00",REECE2,118.860010
D,DISPATCH,UNIT_SCADA,1,"2019/08/22 11:50:00",ROMA_7,0
D,DISPATCH,UNIT_SCADA,1,"2019/08/22 11:50:00",ROMA_8,0
D,DISPATCH,UNIT_SCADA,1,"2019/08/22 11:50:00",RRSF1,110.518050
D,DISPATCH,UNIT_SCADA,1,"2019/08/22 11:50:00",RT_NSW1,0
D,DISPATCH,UNIT_SCADA,1,"2019/08/22 11:50:00",RT_NSW2,0
D,DISPATCH,UNIT_SCADA,1,"2019/08/22 11:50:00",RT_NSW3,0
D,DISPATCH,UNIT_SCADA,1,"2019/08/22 11:50:00",RT_NSW4,0
D,DISPATCH,UNIT_SCADA,1,"2019/08/22 11:50:00",RT_NSW5,0
D,DISPATCH,UNIT_SCADA,1,"2019/08/22 11:50:00",RT_NSW6,0
D,DISPATCH,UNIT_SCADA,1,"2019/08/22 11:50:00",RT_QLD1,0
D,DISPATCH,UNIT_SCADA,1,"2019/08/22 11:50:00",RT_SA1,0
D,DISPATCH,UNIT_SCADA,1,"2019/08/22 11:50:00",RT_SA2,0
D,DISPATCH,UNIT_SCADA,1,"2019/08/22 11:50:00",RT_SA3,0
D,DISPATCH,UNIT_SCADA,1,"2019/08/22 11:50:00",RT_SA4,0
D,DISPATCH,UNIT_SCADA,1,"2019/08/22 11:50:00",RT_SA5,0
D,DISPATCH,UNIT_SCADA,1,"2019/08/22 11:50:00",RT_SA6,0
D,DISPATCH,UNIT_SCADA,1,"2019/08/22 11:50:00",RT_TAS1,0
D,DISPATCH,UNIT_SCADA,1,"2019/08/22 11:50:00",RT_VIC1,0
D,DISPATCH,UNIT_SCADA,1,"2019/08/22 11:50:00",RT_VIC10,0
D,DISPATCH,UNIT_SCADA,1,"2019/08/22 11:50:00",RT_VIC11,0
D,DISPATCH,UNIT_SCADA,1,"2019/08/22 11:50:00",RT_VIC12,0
D,DISPATCH,UNIT_SCADA,1,"2019/08/22 11:50:00",RT_VIC2,0
D,DISPATCH,UNIT_SCADA,1,"2019/08/22 11:50:00",RT_VIC3,0
D,DISPATCH,UNIT_SCADA,1,"2019/08/22 11:50:00",RT_VIC4,0
D,DISPATCH,UNIT_SCADA,1,"2019/08/22 11:50:00",RT_VIC5,0
D,DISPATCH,UNIT_SCADA,1,"2019/08/22 11:50:00",RT_VIC6,0
D,DISPATCH,UNIT_SCADA,1,"2019/08/22 11:50:00",RT_VIC7,0
D,DISPATCH,UNIT_SCADA,1,"2019/08/22 11:50:00",RT_VIC8,0
D,DISPATCH,UNIT_SCADA,1,"2019/08/22 11:50:00",RT_VIC9,0
D,DISPATCH,UNIT_SCADA,1,"2019/08/22 11:50:00",RUGBYR1,20.628480
D,DISPATCH,UNIT_SCADA,1,"2019/08/22 11:50:00",SALTCRK1,22.98
D,DISPATCH,UNIT_SCADA,1,"2019/08/22 11:50:00",SAPHWF1,236.596860
D,DISPATCH,UNIT_SCADA,1,"2019/08/22 11:50:00",SHGEN,0
D,DISPATCH,UNIT_SCADA,1,"2019/08/22 11:50:00",SHPUMP,200.479920
D,DISPATCH,UNIT_SCADA,1,"2019/08/22 11:50:00",SITHE01,0.043330
D,DISPATCH,UNIT_SCADA,1,"2019/08/22 11:50:00",SMCSF1,0
D,DISPATCH,UNIT_SCADA,1,"2019/08/22 11:50:00",SNOWNTH1,1.50
D,DISPATCH,UNIT_SCADA,1,"2019/08/22 11:50:00",SNOWSTH1,2.10
D,DISPATCH,UNIT_SCADA,1,"2019/08/22 11:50:00",SNOWTWN1,-0.641030
D,DISPATCH,UNIT_SCADA,1,"2019/08/22 11:50:00",SNOWYP,0
D,DISPATCH,UNIT_SCADA,1,"2019/08/22 11:50:00",SNUG1,0.019440
D,DISPATCH,UNIT_SCADA,1,"2019/08/22 11:50:00",SRSF1,34.91
D,DISPATCH,UNIT_SCADA,1,"2019/08/22 11:50:00",STAN-1,0
D,DISPATCH,UNIT_SCADA,1,"2019/08/22 11:50:00",STAN-2,285.439580
D,DISPATCH,UNIT_SCADA,1,"2019/08/22 11:50:00",STAN-3,283.337460
D,DISPATCH,UNIT_SCADA,1,"2019/08/22 11:50:00",STAN-4,278.9538
D,DISPATCH,UNIT_SCADA,1,"2019/08/22 11:50:00",STWF1,21.363740
D,DISPATCH,UNIT_SCADA,1,"2019/08/22 11:50:00",SWAN_E,0
D,DISPATCH,UNIT_SCADA,1,"2019/08/22 11:50:00",TALWA1,191
D,DISPATCH,UNIT_SCADA,1,"2019/08/22 11:50:00",TARALGA1,93.213760
D,DISPATCH,UNIT_SCADA,1,"2019/08/22 11:50:00",TARONG#1,285.300020
D,DISPATCH,UNIT_SCADA,1,"2019/08/22 11:50:00",TARONG#2,284.399990
D,DISPATCH,UNIT_SCADA,1,"2019/08/22 11:50:00",TARONG#3,260.800020
D,DISPATCH,UNIT_SCADA,1,"2019/08/22 11:50:00",TARONG#4,280.300020
D,DISPATCH,UNIT_SCADA,1,"2019/08/22 11:50:00",TARRALEA,83.90
D,DISPATCH,UNIT_SCADA,1,"2019/08/22 11:50:00",TBSF1,31.20
D,DISPATCH,UNIT_SCADA,1,"2019/08/22 11:50:00",TNPS1,259.900020
D,DISPATCH,UNIT_SCADA,1,"2019/08/22 11:50:00",TORRA1,37.169990
D,DISPATCH,UNIT_SCADA,1,"2019/08/22 11:50:00",TORRA2,0
D,DISPATCH,UNIT_SCADA,1,"2019/08/22 11:50:00",TORRA3,37.7264
D,DISPATCH,UNIT_SCADA,1,"2019/08/22 11:50:00",TORRA4,19.3768
D,DISPATCH,UNIT_SCADA,1,"2019/08/22 11:50:00",TORRB1,68.35
D,DISPATCH,UNIT_SCADA,1,"2019/08/22 11:50:00",TORRB2,72.89
D,DISPATCH,UNIT_SCADA,1,"2019/08/22 11:50:00",TORRB3,0
D,DISPATCH,UNIT_SCADA,1,"2019/08/22 11:50:00",TORRB4,0
D,DISPATCH,UNIT_SCADA,1,"2019/08/22 11:50:00",TREVALLN,44.010020
D,DISPATCH,UNIT_SCADA,1,"2019/08/22 11:50:00",TRIBUTE,85.10
D,DISPATCH,UNIT_SCADA,1,"2019/08/22 11:50:00",TUMUT3,0
D,DISPATCH,UNIT_SCADA,1,"2019/08/22 11:50:00",TUNGATIN,108.700030
D,DISPATCH,UNIT_SCADA,1,"2019/08/22 11:50:00",TVCC201,0
D,DISPATCH,UNIT_SCADA,1,"2019/08/22 11:50:00",TVPP104,0
D,DISPATCH,UNIT_SCADA,1,"2019/08/22 11:50:00",UPPTUMUT,0
D,DISPATCH,UNIT_SCADA,1,"2019/08/22 11:50:00",URANQ11,0
D,DISPATCH,UNIT_SCADA,1,"2019/08/22 11:50:00",URANQ12,0
D,DISPATCH,UNIT_SCADA,1,"2019/08/22 11:50:00",URANQ13,0
D,DISPATCH,UNIT_SCADA,1,"2019/08/22 11:50:00",URANQ14,0
D,DISPATCH,UNIT_SCADA,1,"2019/08/22 11:50:00",VP5,203.749980
D,DISPATCH,UNIT_SCADA,1,"2019/08/22 11:50:00",VP6,582.75
D,DISPATCH,UNIT_SCADA,1,"2019/08/22 11:50:00",VPGS1,0
D,DISPATCH,UNIT_SCADA,1,"2019/08/22 11:50:00",VPGS2,0
D,DISPATCH,UNIT_SCADA,1,"2019/08/22 11:50:00",VPGS3,0
D,DISPATCH,UNIT_SCADA,1,"2019/08/22 11:50:00",VPGS4,0
D,DISPATCH,UNIT_SCADA,1,"2019/08/22 11:50:00",VPGS5,0
D,DISPATCH,UNIT_SCADA,1,"2019/08/22 11:50:00",VPGS6,0
D,DISPATCH,UNIT_SCADA,1,"2019/08/22 11:50:00",W/HOE#1,0
D,DISPATCH,UNIT_SCADA,1,"2019/08/22 11:50:00",W/HOE#2,0
D,DISPATCH,UNIT_SCADA,1,"2019/08/22 11:50:00",WATERLWF,6.30
D,DISPATCH,UNIT_SCADA,1,"2019/08/22 11:50:00",WEMENSF1,76.10
D,DISPATCH,UNIT_SCADA,1,"2019/08/22 11:50:00",WGWF1,4.20
D,DISPATCH,UNIT_SCADA,1,"2019/08/22 11:50:00",WHITSF1,0
D,DISPATCH,UNIT_SCADA,1,"2019/08/22 11:50:00",WKIEWA1,0
D,DISPATCH,UNIT_SCADA,1,"2019/08/22 11:50:00",WKIEWA2,7
D,DISPATCH,UNIT_SCADA,1,"2019/08/22 11:50:00",WOODLWN1,29.25
D,DISPATCH,UNIT_SCADA,1,"2019/08/22 11:50:00",WRSF1,2.89
D,DISPATCH,UNIT_SCADA,1,"2019/08/22 11:50:00",WRWF1,146.365010
D,DISPATCH,UNIT_SCADA,1,"2019/08/22 11:50:00",YABULU,0
D,DISPATCH,UNIT_SCADA,1,"2019/08/22 11:50:00",YABULU2,0
D,DISPATCH,UNIT_SCADA,1,"2019/08/22 11:50:00",YARWUN_1,0
D,DISPATCH,UNIT_SCADA,1,"2019/08/22 11:50:00",YENDWF1,42.08
D,DISPATCH,UNIT_SCADA,1,"2019/08/22 11:50:00",YWPS1,355.387330
D,DISPATCH,UNIT_SCADA,1,"2019/08/22 11:50:00",YWPS2,283.205080
D,DISPATCH,UNIT_SCADA,1,"2019/08/22 11:50:00",YWPS3,0
D,DISPATCH,UNIT_SCADA,1,"2019/08/22 11:50:00",YWPS4,397.496220
C,"END OF REPORT",334
