C,NEMP.WORLD,DISPATCHSCADA,AEMO,PUBLIC,2019/08/20,13:35:08,0000000311788087,DISPATCHSCADA,0000000311788081
I,DISPATCH,UNIT_SCADA,1,SETTLEMENTDATE,DUID,SCADAVALUE
D,DISPATCH,UNIT_SCADA,1,"2019/08/20 13:40:00",BARCSF1,18.50
D,DISPATCH,UNIT_SCADA,1,"2019/08/20 13:40:00",BUTLERSG,9.799998
D,DISPATCH,UNIT_SCADA,1,"2019/08/20 13:40:00",CALL_A_4,0
D,DISPATCH,UNIT_SCADA,1,"2019/08/20 13:40:00",CAPTL_WF,133.559998
D,DISPATCH,UNIT_SCADA,1,"2019/08/20 13:40:00",CATHROCK,47.749996
D,DISPATCH,UNIT_SCADA,1,"2019/08/20 13:40:00",CHALLHWF,32
D,DISPATCH,UNIT_SCADA,1,"2019/08/20 13:40:00",CLOVER,0
D,DISPATCH,UNIT_SCADA,1,"2019/08/20 13:40:00",CLUNY,17.187914
D,DISPATCH,UNIT_SCADA,1,"2019/08/20 13:40:00",CNUNDAWF,39.646248
D,DISPATCH,UNIT_SCADA,1,"2019/08/20 13:40:00",CULLRGWF,29.870001
D,DISPATCH,UNIT_SCADA,1,"2019/08/20 13:40:00",ERGT01,0
D,DISPATCH,UNIT_SCADA,1,"2019/08/20 13:40:00",GB01,0.072708
D,DISPATCH,UNIT_SCADA,1,"2019/08/20 13:40:00",GERMCRK,35.200001
D,DISPATCH,UNIT_SCADA,1,"2019/08/20 13:40:00",GRIFSF1,26.300003
D,DISPATCH,UNIT_SCADA,1,"2019/08/20 13:40:00",HUGSF1,8.9890
D,DISPATCH,UNIT_SCADA,1,"2019/08/20 13:40:00",LKBONNY1,75.377106
D,DISPATCH,UNIT_SCADA,1,"2019/08/20 13:40:00",LRSF1,8.6210
D,DISPATCH,UNIT_SCADA,1,"2019/08/20 13:40:00",MBAHNTH,48.393753
D,DISPATCH,UNIT_SCADA,1,"2019/08/20 13:40:00",MLSP1,10.362001
D,DISPATCH,UNIT_SCADA,1,"2019/08/20 13:40:00",MLWF1,19.665001
D,DISPATCH,UNIT_SCADA,1,"2019/08/20 13:40:00",MTMILLAR,25.657642
D,DISPATCH,UNIT_SCADA,1,"2019/08/20 13:40:00",PALOONA,8.08
D,DISPATCH,UNIT_SCADA,1,"2019/08/20 13:40:00",PIONEER,11.50
D,DISPATCH,UNIT_SCADA,1,"2019/08/20 13:40:00",PORTWF,135.600006
D,DISPATCH,UNIT_SCADA,1,"2019/08/20 13:40:00",REPULSE,30.688334
D,DISPATCH,UNIT_SCADA,1,"2019/08/20 13:40:00",ROWALLAN,9.9471
D,DISPATCH,UNIT_SCADA,1,"2019/08/20 13:40:00",ROYALLA1,17.890001
D,DISPATCH,UNIT_SCADA,1,"2019/08/20 13:40:00",RPCG,12
D,DISPATCH,UNIT_SCADA,1,"2019/08/20 13:40:00",RUBICON,0
D,DISPATCH,UNIT_SCADA,1,"2019/08/20 13:40:00",SATGN1,0
D,DISPATCH,UNIT_SCADA,1,"2019/08/20 13:40:00",SATGS1,0
D,DISPATCH,UNIT_SCADA,1,"2019/08/20 13:40:00",STARHLWF,29.791313
D,DISPATCH,UNIT_SCADA,1,"2019/08/20 13:40:00",WAUBRAWF,105.613998
D,DISPATCH,UNIT_SCADA,1,"2019/08/20 13:40:00",WOOLNTH1,123.470016
D,DISPATCH,UNIT_SCADA,1,"2019/08/20 13:40:00",WPWF,65
D,DISPATCH,UNIT_SCADA,1,"2019/08/20 13:40:00",YAMBUKWF,29.200001
D,DISPATCH,UNIT_SCADA,1,"2019/08/20 13:40:00",YSWF1,28.50
D,DISPATCH,UNIT_SCADA,1,"2019/08/20 13:40:00",AGLHAL,0
D,DISPATCH,UNIT_SCADA,1,"2019/08/20 13:40:00",AGLSOM,0
D,DISPATCH,UNIT_SCADA,1,"2019/08/20 13:40:00",ANGAST1,0
D,DISPATCH,UNIT_SCADA,1,"2019/08/20 13:40:00",ARWF1,127.80
D,DISPATCH,UNIT_SCADA,1,"2019/08/20 13:40:00",BALBG1,1.81
D,DISPATCH,UNIT_SCADA,1,"2019/08/20 13:40:00",BALBL1,0
D,DISPATCH,UNIT_SCADA,1,"2019/08/20 13:40:00",BALDHWF1,102.7250
D,DISPATCH,UNIT_SCADA,1,"2019/08/20 13:40:00",BANN1,59.39
D,DISPATCH,UNIT_SCADA,1,"2019/08/20 13:40:00",BARCALDN,0
D,DISPATCH,UNIT_SCADA,1,"2019/08/20 13:40:00",BARRON-1,0
D,DISPATCH,UNIT_SCADA,1,"2019/08/20 13:40:00",BARRON-2,16.40
D,DISPATCH,UNIT_SCADA,1,"2019/08/20 13:40:00",BASTYAN,80.710010
D,DISPATCH,UNIT_SCADA,1,"2019/08/20 13:40:00",BBTHREE1,-1.88
D,DISPATCH,UNIT_SCADA,1,"2019/08/20 13:40:00",BBTHREE2,-2.06
D,DISPATCH,UNIT_SCADA,1,"2019/08/20 13:40:00",BBTHREE3,-1
D,DISPATCH,UNIT_SCADA,1,"2019/08/20 13:40:00",BDL01,0
D,DISPATCH,UNIT_SCADA,1,"2019/08/20 13:40:00",BDL02,0
D,DISPATCH,UNIT_SCADA,1,"2019/08/20 13:40:00",BERYLSF1,77.008590
D,DISPATCH,UNIT_SCADA,1,"2019/08/20 13:40:00",BLOWERNG,0
D,DISPATCH,UNIT_SCADA,1,"2019/08/20 13:40:00",BLUFF1,37.80
D,DISPATCH,UNIT_SCADA,1,"2019/08/20 13:40:00",BNGSF1,51.97
D,DISPATCH,UNIT_SCADA,1,"2019/08/20 13:40:00",BNGSF2,20.07
D,DISPATCH,UNIT_SCADA,1,"2019/08/20 13:40:00",BOCORWF1,103.19
D,DISPATCH,UNIT_SCADA,1,"2019/08/20 13:40:00",BODWF1,72.761120
D,DISPATCH,UNIT_SCADA,1,"2019/08/20 13:40:00",BRAEMAR1,0
D,DISPATCH,UNIT_SCADA,1,"2019/08/20 13:40:00",BRAEMAR2,0
D,DISPATCH,UNIT_SCADA,1,"2019/08/20 13:40:00",BRAEMAR3,0
D,DISPATCH,UNIT_SCADA,1,"2019/08/20 13:40:00",BRAEMAR5,0
D,DISPATCH,UNIT_SCADA,1,"2019/08/20 13:40:00",BRAEMAR6,0
D,DISPATCH,UNIT_SCADA,1,"2019/08/20 13:40:00",BRAEMAR7,0
D,DISPATCH,UNIT_SCADA,1,"2019/08/20 13:40:00",BROKENH1,52.938960
D,DISPATCH,UNIT_SCADA,1,"2019/08/20 13:40:00",BW01,343.200070
D,DISPATCH,UNIT_SCADA,1,"2019/08/20 13:40:00",BW02,409.449950
D,DISPATCH,UNIT_SCADA,1,"2019/08/20 13:40:00",BW03,468.974980
D,DISPATCH,UNIT_SCADA,1,"2019/08/20 13:40:00",BW04,0
D,DISPATCH,UNIT_SCADA,1,"2019/08/20 13:40:00",CALL_B_1,349.200010
D,DISPATCH,UNIT_SCADA,1,"2019/08/20 13:40:00",CALL_B_2,290
D,DISPATCH,UNIT_SCADA,1,"2019/08/20 13:40:00",CETHANA,93.8735
D,DISPATCH,UNIT_SCADA,1,"2019/08/20 13:40:00",CG1,0
D,DISPATCH,UNIT_SCADA,1,"2019/08/20 13:40:00",CG2,0
D,DISPATCH,UNIT_SCADA,1,"2019/08/20 13:40:00",CG3,0
D,DISPATCH,UNIT_SCADA,1,"2019/08/20 13:40:00",CG4,0
D,DISPATCH,UNIT_SCADA,1,"2019/08/20 13:40:00",CHILDSF1,40.05
D,DISPATCH,UNIT_SCADA,1,"2019/08/20 13:40:00",CLARESF1,44.126210
D,DISPATCH,UNIT_SCADA,1,"2019/08/20 13:40:00",CLEMGPWF,36.089540
D,DISPATCH,UNIT_SCADA,1,"2019/08/20 13:40:00",CLERMSF1,15.06
D,DISPATCH,UNIT_SCADA,1,"2019/08/20 13:40:00",COLEASF1,60.30
D,DISPATCH,UNIT_SCADA,1,"2019/08/20 13:40:00",COOPGWF1,38.538140
D,DISPATCH,UNIT_SCADA,1,"2019/08/20 13:40:00",CPP_3,336.325010
D,DISPATCH,UNIT_SCADA,1,"2019/08/20 13:40:00",CPP_4,340.725010
D,DISPATCH,UNIT_SCADA,1,"2019/08/20 13:40:00",CPSA,143.595630
D,DISPATCH,UNIT_SCADA,1,"2019/08/20 13:40:00",CROOKWF2,87.493750
D,DISPATCH,UNIT_SCADA,1,"2019/08/20 13:40:00",CROWLWF1,54.986750
D,DISPATCH,UNIT_SCADA,1,"2019/08/20 13:40:00",CSPVPS1,32.0210
D,DISPATCH,UNIT_SCADA,1,"2019/08/20 13:40:00",DALNTH01,0
D,DISPATCH,UNIT_SCADA,1,"2019/08/20 13:40:00",DALNTHL1,0.0473
D,DISPATCH,UNIT_SCADA,1,"2019/08/20 13:40:00",DARTM1,0
D,DISPATCH,UNIT_SCADA,1,"2019/08/20 13:40:00",DAYDSF1,108.817010
D,DISPATCH,UNIT_SCADA,1,"2019/08/20 13:40:00",DDPS1,0
D,DISPATCH,UNIT_SCADA,1,"2019/08/20 13:40:00",DDSF1,108.490750
D,DISPATCH,UNIT_SCADA,1,"2019/08/20 13:40:00",DEVILS_G,0
D,DISPATCH,UNIT_SCADA,1,"2019/08/20 13:40:00",DG_NSW1,0
D,DISPATCH,UNIT_SCADA,1,"2019/08/20 13:40:00",DG_QLD1,0
D,DISPATCH,UNIT_SCADA,1,"2019/08/20 13:40:00",DG_SA1,0
D,DISPATCH,UNIT_SCADA,1,"2019/08/20 13:40:00",DG_TAS1,0
D,DISPATCH,UNIT_SCADA,1,"2019/08/20 13:40:00",DG_VIC1,0
D,DISPATCH,UNIT_SCADA,1,"2019/08/20 13:40:00",DRYCGT1,0
D,DISPATCH,UNIT_SCADA,1,"2019/08/20 13:40:00",DRYCGT2,0
D,DISPATCH,UNIT_SCADA,1,"2019/08/20 13:40:00",DRYCGT3,0
D,DISPATCH,UNIT_SCADA,1,"2019/08/20 13:40:00",EILDON1,0
D,DISPATCH,UNIT_SCADA,1,"2019/08/20 13:40:00",EILDON2,0
D,DISPATCH,UNIT_SCADA,1,"2019/08/20 13:40:00",EMERASF1,65.939990
D,DISPATCH,UNIT_SCADA,1,"2019/08/20 13:40:00",ER01,364.099980
D,DISPATCH,UNIT_SCADA,1,"2019/08/20 13:40:00",ER02,364.325070
D,DISPATCH,UNIT_SCADA,1,"2019/08/20 13:40:00",ER03,699.174930
D,DISPATCH,UNIT_SCADA,1,"2019/08/20 13:40:00",ER04,362.775020
D,DISPATCH,UNIT_SCADA,1,"2019/08/20 13:40:00",FINLYSF1,0
D,DISPATCH,UNIT_SCADA,1,"2019/08/20 13:40:00",FISHER,45.93
D,DISPATCH,UNIT_SCADA,1,"2019/08/20 13:40:00",GANNBG1,0
D,DISPATCH,UNIT_SCADA,1,"2019/08/20 13:40:00",GANNBL1,0.036970
D,DISPATCH,UNIT_SCADA,1,"2019/08/20 13:40:00",GANNSF1,18
D,DISPATCH,UNIT_SCADA,1,"2019/08/20 13:40:00",GORDON,0
D,DISPATCH,UNIT_SCADA,1,"2019/08/20 13:40:00",GSTONE1,110.4250
D,DISPATCH,UNIT_SCADA,1,"2019/08/20 13:40:00",GSTONE2,109.7250
D,DISPATCH,UNIT_SCADA,1,"2019/08/20 13:40:00",GSTONE3,110.0750
D,DISPATCH,UNIT_SCADA,1,"2019/08/20 13:40:00",GSTONE4,141.05
D,DISPATCH,UNIT_SCADA,1,"2019/08/20 13:40:00",GSTONE5,138.599990
D,DISPATCH,UNIT_SCADA,1,"2019/08/20 13:40:00",GSTONE6,0
D,DISPATCH,UNIT_SCADA,1,"2019/08/20 13:40:00",GULLRSF1,9.574130
D,DISPATCH,UNIT_SCADA,1,"2019/08/20 13:40:00",GULLRWF1,151.711210
D,DISPATCH,UNIT_SCADA,1,"2019/08/20 13:40:00",GUNNING1,45.146350
D,DISPATCH,UNIT_SCADA,1,"2019/08/20 13:40:00",GUTHEGA,0
D,DISPATCH,UNIT_SCADA,1,"2019/08/20 13:40:00",HALLWF1,66.10
D,DISPATCH,UNIT_SCADA,1,"2019/08/20 13:40:00",HALLWF2,50.57
D,DISPATCH,UNIT_SCADA,1,"2019/08/20 13:40:00",HAMISF1,44.80
D,DISPATCH,UNIT_SCADA,1,"2019/08/20 13:40:00",HAUGHT11,50.046970
D,DISPATCH,UNIT_SCADA,1,"2019/08/20 13:40:00",HAYMSF1,37.9910
D,DISPATCH,UNIT_SCADA,1,"2019/08/20 13:40:00",HDWF1,70.70
D,DISPATCH,UNIT_SCADA,1,"2019/08/20 13:40:00",HDWF2,63.20
D,DISPATCH,UNIT_SCADA,1,"2019/08/20 13:40:00",HDWF3,69.50
D,DISPATCH,UNIT_SCADA,1,"2019/08/20 13:40:00",HPRG1,3.20
D,DISPATCH,UNIT_SCADA,1,"2019/08/20 13:40:00",HPRL1,0
D,DISPATCH,UNIT_SCADA,1,"2019/08/20 13:40:00",HUMENSW,0
D,DISPATCH,UNIT_SCADA,1,"2019/08/20 13:40:00",HUMEV,9
D,DISPATCH,UNIT_SCADA,1,"2019/08/20 13:40:00",HVGTS,0
D,DISPATCH,UNIT_SCADA,1,"2019/08/20 13:40:00",JBUTTERS,138.039990
D,DISPATCH,UNIT_SCADA,1,"2019/08/20 13:40:00",JLA01,0.50
D,DISPATCH,UNIT_SCADA,1,"2019/08/20 13:40:00",JLA02,0
D,DISPATCH,UNIT_SCADA,1,"2019/08/20 13:40:00",JLA03,0.10
D,DISPATCH,UNIT_SCADA,1,"2019/08/20 13:40:00",JLA04,0.10
D,DISPATCH,UNIT_SCADA,1,"2019/08/20 13:40:00",JLB01,0
D,DISPATCH,UNIT_SCADA,1,"2019/08/20 13:40:00",JLB02,0.10
D,DISPATCH,UNIT_SCADA,1,"2019/08/20 13:40:00",JLB03,0
D,DISPATCH,UNIT_SCADA,1,"2019/08/20 13:40:00",KAREEYA1,21.5250
D,DISPATCH,UNIT_SCADA,1,"2019/08/20 13:40:00",KAREEYA2,21.6525
D,DISPATCH,UNIT_SCADA,1,"2019/08/20 13:40:00",KAREEYA3,0
D,DISPATCH,UNIT_SCADA,1,"2019/08/20 13:40:00",KAREEYA4,21.66
D,DISPATCH,UNIT_SCADA,1,"2019/08/20 13:40:00",KARSF1,49.90
D,DISPATCH,UNIT_SCADA,1,"2019/08/20 13:40:00",KIATAWF1,30.70
D,DISPATCH,UNIT_SCADA,1,"2019/08/20 13:40:00",KPP_1,0
D,DISPATCH,UNIT_SCADA,1,"2019/08/20 13:40:00",KSP1,47.22
D,DISPATCH,UNIT_SCADA,1,"2019/08/20 13:40:00",LADBROK1,0
D,DISPATCH,UNIT_SCADA,1,"2019/08/20 13:40:00",LADBROK2,0
D,DISPATCH,UNIT_SCADA,1,"2019/08/20 13:40:00",LD01,382.631290
D,DISPATCH,UNIT_SCADA,1,"2019/08/20 13:40:00",LD02,381.450070
D,DISPATCH,UNIT_SCADA,1,"2019/08/20 13:40:00",LD03,382.3125
D,DISPATCH,UNIT_SCADA,1,"2019/08/20 13:40:00",LD04,338.681210
D,DISPATCH,UNIT_SCADA,1,"2019/08/20 13:40:00",LEM_WIL,85.6230
D,DISPATCH,UNIT_SCADA,1,"2019/08/20 13:40:00",LGAPWF1,0
D,DISPATCH,UNIT_SCADA,1,"2019/08/20 13:40:00",LILYSF1,95.420410
D,DISPATCH,UNIT_SCADA,1,"2019/08/20 13:40:00",LI_WY_CA,148.357670
D,DISPATCH,UNIT_SCADA,1,"2019/08/20 13:40:00",LKBONNY2,110.687040
D,DISPATCH,UNIT_SCADA,1,"2019/08/20 13:40:00",LKBONNY3,27.1295
D,DISPATCH,UNIT_SCADA,1,"2019/08/20 13:40:00",LK_ECHO,0
D,DISPATCH,UNIT_SCADA,1,"2019/08/20 13:40:00",LNGS1,0
D,DISPATCH,UNIT_SCADA,1,"2019/08/20 13:40:00",LNGS2,0
D,DISPATCH,UNIT_SCADA,1,"2019/08/20 13:40:00",LONSDALE,0
D,DISPATCH,UNIT_SCADA,1,"2019/08/20 13:40:00",LOYYB1,536.840520
D,DISPATCH,UNIT_SCADA,1,"2019/08/20 13:40:00",LOYYB2,584.210140
D,DISPATCH,UNIT_SCADA,1,"2019/08/20 13:40:00",LYA1,561
D,DISPATCH,UNIT_SCADA,1,"2019/08/20 13:40:00",LYA2,0
D,DISPATCH,UNIT_SCADA,1,"2019/08/20 13:40:00",LYA3,561
D,DISPATCH,UNIT_SCADA,1,"2019/08/20 13:40:00",LYA4,540
D,DISPATCH,UNIT_SCADA,1,"2019/08/20 13:40:00",MACARTH1,376.4913
D,DISPATCH,UNIT_SCADA,1,"2019/08/20 13:40:00",MACKAYGT,0
D,DISPATCH,UNIT_SCADA,1,"2019/08/20 13:40:00",MACKNTSH,85.610010
D,DISPATCH,UNIT_SCADA,1,"2019/08/20 13:40:00",MANSLR1,39.9770
D,DISPATCH,UNIT_SCADA,1,"2019/08/20 13:40:00",MCKAY1,0.02
D,DISPATCH,UNIT_SCADA,1,"2019/08/20 13:40:00",MEADOWBK,33.953040
D,DISPATCH,UNIT_SCADA,1,"2019/08/20 13:40:00",MERCER01,121.346010
D,DISPATCH,UNIT_SCADA,1,"2019/08/20 13:40:00",MEWF1,59.871230
D,DISPATCH,UNIT_SCADA,1,"2019/08/20 13:40:00",MINTARO,0
D,DISPATCH,UNIT_SCADA,1,"2019/08/20 13:40:00",MOREESF1,48.9840
D,DISPATCH,UNIT_SCADA,1,"2019/08/20 13:40:00",MORTLK11,125
D,DISPATCH,UNIT_SCADA,1,"2019/08/20 13:40:00",MORTLK12,0
D,DISPATCH,UNIT_SCADA,1,"2019/08/20 13:40:00",MP1,282.549930
D,DISPATCH,UNIT_SCADA,1,"2019/08/20 13:40:00",MP2,0
D,DISPATCH,UNIT_SCADA,1,"2019/08/20 13:40:00",MPP_1,355.75
D,DISPATCH,UNIT_SCADA,1,"2019/08/20 13:40:00",MPP_2,379.75
D,DISPATCH,UNIT_SCADA,1,"2019/08/20 13:40:00",MSTUART1,0
D,DISPATCH,UNIT_SCADA,1,"2019/08/20 13:40:00",MSTUART2,0
D,DISPATCH,UNIT_SCADA,1,"2019/08/20 13:40:00",MSTUART3,0
D,DISPATCH,UNIT_SCADA,1,"2019/08/20 13:40:00",MTGELWF1,64.389480
D,DISPATCH,UNIT_SCADA,1,"2019/08/20 13:40:00",MURRAY,0
D,DISPATCH,UNIT_SCADA,1,"2019/08/20 13:40:00",MUSSELR1,8
D,DISPATCH,UNIT_SCADA,1,"2019/08/20 13:40:00",MUWAWF1,56.12
D,DISPATCH,UNIT_SCADA,1,"2019/08/20 13:40:00",NBHWF1,82.30
D,DISPATCH,UNIT_SCADA,1,"2019/08/20 13:40:00",NPS,0
D,DISPATCH,UNIT_SCADA,1,"2019/08/20 13:40:00",NUMURSF1,42.07
D,DISPATCH,UNIT_SCADA,1,"2019/08/20 13:40:00",NYNGAN1,100.50
D,DISPATCH,UNIT_SCADA,1,"2019/08/20 13:40:00",OAKEY1,0
D,DISPATCH,UNIT_SCADA,1,"2019/08/20 13:40:00",OAKEY1SF,23.1580
D,DISPATCH,UNIT_SCADA,1,"2019/08/20 13:40:00",OAKEY2,0
D,DISPATCH,UNIT_SCADA,1,"2019/08/20 13:40:00",OAKLAND1,59.90
D,DISPATCH,UNIT_SCADA,1,"2019/08/20 13:40:00",OSB-AG,138.730010
D,DISPATCH,UNIT_SCADA,1,"2019/08/20 13:40:00",PARSF1,38.20
D,DISPATCH,UNIT_SCADA,1,"2019/08/20 13:40:00",POAT110,0
D,DISPATCH,UNIT_SCADA,1,"2019/08/20 13:40:00",POAT220,1.71
D,DISPATCH,UNIT_SCADA,1,"2019/08/20 13:40:00",POR01,0
D,DISPATCH,UNIT_SCADA,1,"2019/08/20 13:40:00",POR03,0
D,DISPATCH,UNIT_SCADA,1,"2019/08/20 13:40:00",PPCCGT,125.232670
D,DISPATCH,UNIT_SCADA,1,"2019/08/20 13:40:00",PTSTAN1,0
D,DISPATCH,UNIT_SCADA,1,"2019/08/20 13:40:00",PUMP1,240.17
D,DISPATCH,UNIT_SCADA,1,"2019/08/20 13:40:00",PUMP2,236.429990
D,DISPATCH,UNIT_SCADA,1,"2019/08/20 13:40:00",QPS1,0
D,DISPATCH,UNIT_SCADA,1,"2019/08/20 13:40:00",QPS2,0
D,DISPATCH,UNIT_SCADA,1,"2019/08/20 13:40:00",QPS3,0
D,DISPATCH,UNIT_SCADA,1,"2019/08/20 13:40:00",QPS4,0
D,DISPATCH,UNIT_SCADA,1,"2019/08/20 13:40:00",QPS5,0
D,DISPATCH,UNIT_SCADA,1,"2019/08/20 13:40:00",REECE1,115.740010
D,DISPATCH,UNIT_SCADA,1,"2019/08/20 13:40:00",REECE2,116.010010
D,DISPATCH,UNIT_SCADA,1,"2019/08/20 13:40:00",ROMA_7,0
D,DISPATCH,UNIT_SCADA,1,"2019/08/20 13:40:00",ROMA_8,0
D,DISPATCH,UNIT_SCADA,1,"2019/08/20 13:40:00",RRSF1,109.003160
D,DISPATCH,UNIT_SCADA,1,"2019/08/20 13:40:00",RT_NSW1,0
D,DISPATCH,UNIT_SCADA,1,"2019/08/20 13:40:00",RT_NSW2,0
D,DISPATCH,UNIT_SCADA,1,"2019/08/20 13:40:00",RT_NSW3,0
D,DISPATCH,UNIT_SCADA,1,"2019/08/20 13:40:00",RT_NSW4,0
D,DISPATCH,UNIT_SCADA,1,"2019/08/20 13:40:00",RT_NSW5,0
D,DISPATCH,UNIT_SCADA,1,"2019/08/20 13:40:00",RT_NSW6,0
D,DISPATCH,UNIT_SCADA,1,"2019/08/20 13:40:00",RT_QLD1,0
D,DISPATCH,UNIT_SCADA,1,"2019/08/20 13:40:00",RT_SA1,0
D,DISPATCH,UNIT_SCADA,1,"2019/08/20 13:40:00",RT_SA2,0
D,DISPATCH,UNIT_SCADA,1,"2019/08/20 13:40:00",RT_SA3,0
D,DISPATCH,UNIT_SCADA,1,"2019/08/20 13:40:00",RT_SA4,0
D,DISPATCH,UNIT_SCADA,1,"2019/08/20 13:40:00",RT_SA5,0
D,DISPATCH,UNIT_SCADA,1,"2019/08/20 13:40:00",RT_SA6,0
D,DISPATCH,UNIT_SCADA,1,"2019/08/20 13:40:00",RT_TAS1,0
D,DISPATCH,UNIT_SCADA,1,"2019/08/20 13:40:00",RT_VIC1,0
D,DISPATCH,UNIT_SCADA,1,"2019/08/20 13:40:00",RT_VIC10,0
D,DISPATCH,UNIT_SCADA,1,"2019/08/20 13:40:00",RT_VIC11,0
D,DISPATCH,UNIT_SCADA,1,"2019/08/20 13:40:00",RT_VIC12,0
D,DISPATCH,UNIT_SCADA,1,"2019/08/20 13:40:00",RT_VIC2,0
D,DISPATCH,UNIT_SCADA,1,"2019/08/20 13:40:00",RT_VIC3,0
D,DISPATCH,UNIT_SCADA,1,"2019/08/20 13:40:00",RT_VIC4,0
D,DISPATCH,UNIT_SCADA,1,"2019/08/20 13:40:00",RT_VIC5,0
D,DISPATCH,UNIT_SCADA,1,"2019/08/20 13:40:00",RT_VIC6,0
D,DISPATCH,UNIT_SCADA,1,"2019/08/20 13:40:00",RT_VIC7,0
D,DISPATCH,UNIT_SCADA,1,"2019/08/20 13:40:00",RT_VIC8,0
D,DISPATCH,UNIT_SCADA,1,"2019/08/20 13:40:00",RT_VIC9,0
D,DISPATCH,UNIT_SCADA,1,"2019/08/20 13:40:00",RUGBYR1,44.773380
D,DISPATCH,UNIT_SCADA,1,"2019/08/20 13:40:00",SALTCRK1,52.02
D,DISPATCH,UNIT_SCADA,1,"2019/08/20 13:40:00",SAPHWF1,93.215640
D,DISPATCH,UNIT_SCADA,1,"2019/08/20 13:40:00",SHGEN,0
D,DISPATCH,UNIT_SCADA,1,"2019/08/20 13:40:00",SHPUMP,0
D,DISPATCH,UNIT_SCADA,1,"2019/08/20 13:40:00",SITHE01,0.043330
D,DISPATCH,UNIT_SCADA,1,"2019/08/20 13:40:00",SMCSF1,83.956120
D,DISPATCH,UNIT_SCADA,1,"2019/08/20 13:40:00",SNOWNTH1,99.20
D,DISPATCH,UNIT_SCADA,1,"2019/08/20 13:40:00",SNOWSTH1,86
D,DISPATCH,UNIT_SCADA,1,"2019/08/20 13:40:00",SNOWTWN1,67.807920
D,DISPATCH,UNIT_SCADA,1,"2019/08/20 13:40:00",SNOWYP,377.799990
D,DISPATCH,UNIT_SCADA,1,"2019/08/20 13:40:00",SNUG1,0.019440
D,DISPATCH,UNIT_SCADA,1,"2019/08/20 13:40:00",SRSF1,35.25
D,DISPATCH,UNIT_SCADA,1,"2019/08/20 13:40:00",STAN-1,0
D,DISPATCH,UNIT_SCADA,1,"2019/08/20 13:40:00",STAN-2,282.273590
D,DISPATCH,UNIT_SCADA,1,"2019/08/20 13:40:00",STAN-3,283.516910
D,DISPATCH,UNIT_SCADA,1,"2019/08/20 13:40:00",STAN-4,279.658750
D,DISPATCH,UNIT_SCADA,1,"2019/08/20 13:40:00",STWF1,4.376250
D,DISPATCH,UNIT_SCADA,1,"2019/08/20 13:40:00",SWAN_E,0
D,DISPATCH,UNIT_SCADA,1,"2019/08/20 13:40:00",TALWA1,191
D,DISPATCH,UNIT_SCADA,1,"2019/08/20 13:40:00",TARALGA1,102.12
D,DISPATCH,UNIT_SCADA,1,"2019/08/20 13:40:00",TARONG#1,283.399990
D,DISPATCH,UNIT_SCADA,1,"2019/08/20 13:40:00",TARONG#2,281.399990
D,DISPATCH,UNIT_SCADA,1,"2019/08/20 13:40:00",TARONG#3,259.800020
D,DISPATCH,UNIT_SCADA,1,"2019/08/20 13:40:00",TARONG#4,280.50
D,DISPATCH,UNIT_SCADA,1,"2019/08/20 13:40:00",TARRALEA,87
D,DISPATCH,UNIT_SCADA,1,"2019/08/20 13:40:00",TBSF1,20.90
D,DISPATCH,UNIT_SCADA,1,"2019/08/20 13:40:00",TNPS1,441.700010
D,DISPATCH,UNIT_SCADA,1,"2019/08/20 13:40:00",TORRA1,41.185850
D,DISPATCH,UNIT_SCADA,1,"2019/08/20 13:40:00",TORRA2,0
D,DISPATCH,UNIT_SCADA,1,"2019/08/20 13:40:00",TORRA3,0
D,DISPATCH,UNIT_SCADA,1,"2019/08/20 13:40:00",TORRA4,0
D,DISPATCH,UNIT_SCADA,1,"2019/08/20 13:40:00",TORRB1,40.32
D,DISPATCH,UNIT_SCADA,1,"2019/08/20 13:40:00",TORRB2,39.98
D,DISPATCH,UNIT_SCADA,1,"2019/08/20 13:40:00",TORRB3,0
D,DISPATCH,UNIT_SCADA,1,"2019/08/20 13:40:00",TORRB4,0
D,DISPATCH,UNIT_SCADA,1,"2019/08/20 13:40:00",TREVALLN,44.410010
D,DISPATCH,UNIT_SCADA,1,"2019/08/20 13:40:00",TRIBUTE,0
D,DISPATCH,UNIT_SCADA,1,"2019/08/20 13:40:00",TUMUT3,0
D,DISPATCH,UNIT_SCADA,1,"2019/08/20 13:40:00",TUNGATIN,125.940030
D,DISPATCH,UNIT_SCADA,1,"2019/08/20 13:40:00",TVCC201,0
D,DISPATCH,UNIT_SCADA,1,"2019/08/20 13:40:00",TVPP104,0
D,DISPATCH,UNIT_SCADA,1,"2019/08/20 13:40:00",UPPTUMUT,0
D,DISPATCH,UNIT_SCADA,1,"2019/08/20 13:40:00",URANQ11,0
D,DISPATCH,UNIT_SCADA,1,"2019/08/20 13:40:00",URANQ12,0
D,DISPATCH,UNIT_SCADA,1,"2019/08/20 13:40:00",URANQ13,0
D,DISPATCH,UNIT_SCADA,1,"2019/08/20 13:40:00",URANQ14,0
D,DISPATCH,UNIT_SCADA,1,"2019/08/20 13:40:00",VP5,287.824980
D,DISPATCH,UNIT_SCADA,1,"2019/08/20 13:40:00",VP6,284.400020
D,DISPATCH,UNIT_SCADA,1,"2019/08/20 13:40:00",VPGS1,0
D,DISPATCH,UNIT_SCADA,1,"2019/08/20 13:40:00",VPGS2,0
D,DISPATCH,UNIT_SCADA,1,"2019/08/20 13:40:00",VPGS3,0
D,DISPATCH,UNIT_SCADA,1,"2019/08/20 13:40:00",VPGS4,0
D,DISPATCH,UNIT_SCADA,1,"2019/08/20 13:40:00",VPGS5,0
D,DISPATCH,UNIT_SCADA,1,"2019/08/20 13:40:00",VPGS6,0
D,DISPATCH,UNIT_SCADA,1,"2019/08/20 13:40:00",W/HOE#1,0
D,DISPATCH,UNIT_SCADA,1,"2019/08/20 13:40:00",W/HOE#2,0
D,DISPATCH,UNIT_SCADA,1,"2019/08/20 13:40:00",WATERLWF,90.50
D,DISPATCH,UNIT_SCADA,1,"2019/08/20 13:40:00",WEMENSF1,55.20
D,DISPATCH,UNIT_SCADA,1,"2019/08/20 13:40:00",WGWF1,84
D,DISPATCH,UNIT_SCADA,1,"2019/08/20 13:40:00",WHITSF1,42.30
D,DISPATCH,UNIT_SCADA,1,"2019/08/20 13:40:00",WKIEWA1,0
D,DISPATCH,UNIT_SCADA,1,"2019/08/20 13:40:00",WKIEWA2,0.10
D,DISPATCH,UNIT_SCADA,1,"2019/08/20 13:40:00",WOODLWN1,40.9050
D,DISPATCH,UNIT_SCADA,1,"2019/08/20 13:40:00",WRSF1,19.69
D,DISPATCH,UNIT_SCADA,1,"2019/08/20 13:40:00",WRWF1,49.486260
D,DISPATCH,UNIT_SCADA,1,"2019/08/20 13:40:00",YABULU,0
D,DISPATCH,UNIT_SCADA,1,"2019/08/20 13:40:00",YABULU2,0
D,DISPATCH,UNIT_SCADA,1,"2019/08/20 13:40:00",YARWUN_1,0
D,DISPATCH,UNIT_SCADA,1,"2019/08/20 13:40:00",YENDWF1,42.16
D,DISPATCH,UNIT_SCADA,1,"2019/08/20 13:40:00",YWPS1,380.9519
D,DISPATCH,UNIT_SCADA,1,"2019/08/20 13:40:00",YWPS2,279.946840
D,DISPATCH,UNIT_SCADA,1,"2019/08/20 13:40:00",YWPS3,0
D,DISPATCH,UNIT_SCADA,1,"2019/08/20 13:40:00",YWPS4,396.084810
C,"END OF REPORT",334
