C,NEMP.WORLD,DISPATCHSCADA,AEMO,PUBLIC,2019/08/20,17:25:07,0000000311794718,DISPATCHSCADA,0000000311794712
I,DISPATCH,UNIT_SCADA,1,SETTLEMENTDATE,DUID,SCADAVALUE
D,DISPATCH,UNIT_SCADA,1,"2019/08/20 17:30:00",BARCSF1,6.10
D,DISPATCH,UNIT_SCADA,1,"2019/08/20 17:30:00",BUTLERSG,9.699999
D,DISPATCH,UNIT_SCADA,1,"2019/08/20 17:30:00",CALL_A_4,0
D,DISPATCH,UNIT_SCADA,1,"2019/08/20 17:30:00",CAPTL_WF,125.568001
D,DISPATCH,UNIT_SCADA,1,"2019/08/20 17:30:00",CATHROCK,49.329998
D,DISPATCH,UNIT_SCADA,1,"2019/08/20 17:30:00",CHALLHWF,46.099998
D,DISPATCH,UNIT_SCADA,1,"2019/08/20 17:30:00",CLOVER,-0.01
D,DISPATCH,UNIT_SCADA,1,"2019/08/20 17:30:00",CLUNY,17.988098
D,DISPATCH,UNIT_SCADA,1,"2019/08/20 17:30:00",CNUNDAWF,41.548470
D,DISPATCH,UNIT_SCADA,1,"2019/08/20 17:30:00",CULLRGWF,22.450001
D,DISPATCH,UNIT_SCADA,1,"2019/08/20 17:30:00",ERGT01,0
D,DISPATCH,UNIT_SCADA,1,"2019/08/20 17:30:00",GB01,0.068146
D,DISPATCH,UNIT_SCADA,1,"2019/08/20 17:30:00",GERMCRK,25.40
D,DISPATCH,UNIT_SCADA,1,"2019/08/20 17:30:00",GRIFSF1,1.400009
D,DISPATCH,UNIT_SCADA,1,"2019/08/20 17:30:00",HUGSF1,2.6990
D,DISPATCH,UNIT_SCADA,1,"2019/08/20 17:30:00",LKBONNY1,75.109177
D,DISPATCH,UNIT_SCADA,1,"2019/08/20 17:30:00",LRSF1,4.1670
D,DISPATCH,UNIT_SCADA,1,"2019/08/20 17:30:00",MBAHNTH,53.756241
D,DISPATCH,UNIT_SCADA,1,"2019/08/20 17:30:00",MLSP1,0.283001
D,DISPATCH,UNIT_SCADA,1,"2019/08/20 17:30:00",MLWF1,19.380001
D,DISPATCH,UNIT_SCADA,1,"2019/08/20 17:30:00",MTMILLAR,31.275831
D,DISPATCH,UNIT_SCADA,1,"2019/08/20 17:30:00",PALOONA,9.59
D,DISPATCH,UNIT_SCADA,1,"2019/08/20 17:30:00",PIONEER,10.900001
D,DISPATCH,UNIT_SCADA,1,"2019/08/20 17:30:00",PORTWF,133.600006
D,DISPATCH,UNIT_SCADA,1,"2019/08/20 17:30:00",REPULSE,29.202717
D,DISPATCH,UNIT_SCADA,1,"2019/08/20 17:30:00",ROWALLAN,9.9755
D,DISPATCH,UNIT_SCADA,1,"2019/08/20 17:30:00",ROYALLA1,0.1330
D,DISPATCH,UNIT_SCADA,1,"2019/08/20 17:30:00",RPCG,11.70
D,DISPATCH,UNIT_SCADA,1,"2019/08/20 17:30:00",RUBICON,0
D,DISPATCH,UNIT_SCADA,1,"2019/08/20 17:30:00",SATGN1,0
D,DISPATCH,UNIT_SCADA,1,"2019/08/20 17:30:00",SATGS1,0
D,DISPATCH,UNIT_SCADA,1,"2019/08/20 17:30:00",STARHLWF,29.891283
D,DISPATCH,UNIT_SCADA,1,"2019/08/20 17:30:00",WAUBRAWF,166.567993
D,DISPATCH,UNIT_SCADA,1,"2019/08/20 17:30:00",WOOLNTH1,60.570015
D,DISPATCH,UNIT_SCADA,1,"2019/08/20 17:30:00",WPWF,43
D,DISPATCH,UNIT_SCADA,1,"2019/08/20 17:30:00",YAMBUKWF,29.700001
D,DISPATCH,UNIT_SCADA,1,"2019/08/20 17:30:00",YSWF1,28.700001
D,DISPATCH,UNIT_SCADA,1,"2019/08/20 17:30:00",AGLHAL,0
D,DISPATCH,UNIT_SCADA,1,"2019/08/20 17:30:00",AGLSOM,67.70
D,DISPATCH,UNIT_SCADA,1,"2019/08/20 17:30:00",ANGAST1,0
D,DISPATCH,UNIT_SCADA,1,"2019/08/20 17:30:00",ARWF1,89.20
D,DISPATCH,UNIT_SCADA,1,"2019/08/20 17:30:00",BALBG1,0
D,DISPATCH,UNIT_SCADA,1,"2019/08/20 17:30:00",BALBL1,16.46
D,DISPATCH,UNIT_SCADA,1,"2019/08/20 17:30:00",BALDHWF1,103.1140
D,DISPATCH,UNIT_SCADA,1,"2019/08/20 17:30:00",BANN1,2.55
D,DISPATCH,UNIT_SCADA,1,"2019/08/20 17:30:00",BARCALDN,0
D,DISPATCH,UNIT_SCADA,1,"2019/08/20 17:30:00",BARRON-1,0
D,DISPATCH,UNIT_SCADA,1,"2019/08/20 17:30:00",BARRON-2,25.36
D,DISPATCH,UNIT_SCADA,1,"2019/08/20 17:30:00",BASTYAN,80.73
D,DISPATCH,UNIT_SCADA,1,"2019/08/20 17:30:00",BBTHREE1,-1.77
D,DISPATCH,UNIT_SCADA,1,"2019/08/20 17:30:00",BBTHREE2,-1.99
D,DISPATCH,UNIT_SCADA,1,"2019/08/20 17:30:00",BBTHREE3,0
D,DISPATCH,UNIT_SCADA,1,"2019/08/20 17:30:00",BDL01,0
D,DISPATCH,UNIT_SCADA,1,"2019/08/20 17:30:00",BDL02,20.04
D,DISPATCH,UNIT_SCADA,1,"2019/08/20 17:30:00",BERYLSF1,0.600850
D,DISPATCH,UNIT_SCADA,1,"2019/08/20 17:30:00",BLOWERNG,0
D,DISPATCH,UNIT_SCADA,1,"2019/08/20 17:30:00",BLUFF1,45.60
D,DISPATCH,UNIT_SCADA,1,"2019/08/20 17:30:00",BNGSF1,28.55
D,DISPATCH,UNIT_SCADA,1,"2019/08/20 17:30:00",BNGSF2,2.03
D,DISPATCH,UNIT_SCADA,1,"2019/08/20 17:30:00",BOCORWF1,107.45
D,DISPATCH,UNIT_SCADA,1,"2019/08/20 17:30:00",BODWF1,68.028410
D,DISPATCH,UNIT_SCADA,1,"2019/08/20 17:30:00",BRAEMAR1,0
D,DISPATCH,UNIT_SCADA,1,"2019/08/20 17:30:00",BRAEMAR2,173
D,DISPATCH,UNIT_SCADA,1,"2019/08/20 17:30:00",BRAEMAR3,0
D,DISPATCH,UNIT_SCADA,1,"2019/08/20 17:30:00",BRAEMAR5,0
D,DISPATCH,UNIT_SCADA,1,"2019/08/20 17:30:00",BRAEMAR6,160.420960
D,DISPATCH,UNIT_SCADA,1,"2019/08/20 17:30:00",BRAEMAR7,0
D,DISPATCH,UNIT_SCADA,1,"2019/08/20 17:30:00",BROKENH1,10.137210
D,DISPATCH,UNIT_SCADA,1,"2019/08/20 17:30:00",BW01,656.799930
D,DISPATCH,UNIT_SCADA,1,"2019/08/20 17:30:00",BW02,668.299930
D,DISPATCH,UNIT_SCADA,1,"2019/08/20 17:30:00",BW03,661.200070
D,DISPATCH,UNIT_SCADA,1,"2019/08/20 17:30:00",BW04,0
D,DISPATCH,UNIT_SCADA,1,"2019/08/20 17:30:00",CALL_B_1,349.899990
D,DISPATCH,UNIT_SCADA,1,"2019/08/20 17:30:00",CALL_B_2,294.399990
D,DISPATCH,UNIT_SCADA,1,"2019/08/20 17:30:00",CETHANA,95.0710
D,DISPATCH,UNIT_SCADA,1,"2019/08/20 17:30:00",CG1,0
D,DISPATCH,UNIT_SCADA,1,"2019/08/20 17:30:00",CG2,0
D,DISPATCH,UNIT_SCADA,1,"2019/08/20 17:30:00",CG3,0
D,DISPATCH,UNIT_SCADA,1,"2019/08/20 17:30:00",CG4,0
D,DISPATCH,UNIT_SCADA,1,"2019/08/20 17:30:00",CHILDSF1,0.29
D,DISPATCH,UNIT_SCADA,1,"2019/08/20 17:30:00",CLARESF1,5.198340
D,DISPATCH,UNIT_SCADA,1,"2019/08/20 17:30:00",CLEMGPWF,17.648580
D,DISPATCH,UNIT_SCADA,1,"2019/08/20 17:30:00",CLERMSF1,7.79
D,DISPATCH,UNIT_SCADA,1,"2019/08/20 17:30:00",COLEASF1,6.599990
D,DISPATCH,UNIT_SCADA,1,"2019/08/20 17:30:00",COOPGWF1,27.138370
D,DISPATCH,UNIT_SCADA,1,"2019/08/20 17:30:00",CPP_3,406.175020
D,DISPATCH,UNIT_SCADA,1,"2019/08/20 17:30:00",CPP_4,406.725010
D,DISPATCH,UNIT_SCADA,1,"2019/08/20 17:30:00",CPSA,143.703130
D,DISPATCH,UNIT_SCADA,1,"2019/08/20 17:30:00",CROOKWF2,59.133740
D,DISPATCH,UNIT_SCADA,1,"2019/08/20 17:30:00",CROWLWF1,51.492860
D,DISPATCH,UNIT_SCADA,1,"2019/08/20 17:30:00",CSPVPS1,2.9530
D,DISPATCH,UNIT_SCADA,1,"2019/08/20 17:30:00",DALNTH01,0.111390
D,DISPATCH,UNIT_SCADA,1,"2019/08/20 17:30:00",DALNTHL1,0.135810
D,DISPATCH,UNIT_SCADA,1,"2019/08/20 17:30:00",DARTM1,134.70
D,DISPATCH,UNIT_SCADA,1,"2019/08/20 17:30:00",DAYDSF1,21.7950
D,DISPATCH,UNIT_SCADA,1,"2019/08/20 17:30:00",DDPS1,355.552280
D,DISPATCH,UNIT_SCADA,1,"2019/08/20 17:30:00",DDSF1,0
D,DISPATCH,UNIT_SCADA,1,"2019/08/20 17:30:00",DEVILS_G,60.819730
D,DISPATCH,UNIT_SCADA,1,"2019/08/20 17:30:00",DG_NSW1,0
D,DISPATCH,UNIT_SCADA,1,"2019/08/20 17:30:00",DG_QLD1,0
D,DISPATCH,UNIT_SCADA,1,"2019/08/20 17:30:00",DG_SA1,0
D,DISPATCH,UNIT_SCADA,1,"2019/08/20 17:30:00",DG_TAS1,0
D,DISPATCH,UNIT_SCADA,1,"2019/08/20 17:30:00",DG_VIC1,0
D,DISPATCH,UNIT_SCADA,1,"2019/08/20 17:30:00",DRYCGT1,0
D,DISPATCH,UNIT_SCADA,1,"2019/08/20 17:30:00",DRYCGT2,0
D,DISPATCH,UNIT_SCADA,1,"2019/08/20 17:30:00",DRYCGT3,0
D,DISPATCH,UNIT_SCADA,1,"2019/08/20 17:30:00",EILDON1,0
D,DISPATCH,UNIT_SCADA,1,"2019/08/20 17:30:00",EILDON2,0
D,DISPATCH,UNIT_SCADA,1,"2019/08/20 17:30:00",EMERASF1,5.78
D,DISPATCH,UNIT_SCADA,1,"2019/08/20 17:30:00",ER01,502.425050
D,DISPATCH,UNIT_SCADA,1,"2019/08/20 17:30:00",ER02,502.449950
D,DISPATCH,UNIT_SCADA,1,"2019/08/20 17:30:00",ER03,697.6250
D,DISPATCH,UNIT_SCADA,1,"2019/08/20 17:30:00",ER04,504.349980
D,DISPATCH,UNIT_SCADA,1,"2019/08/20 17:30:00",FINLYSF1,0
D,DISPATCH,UNIT_SCADA,1,"2019/08/20 17:30:00",FISHER,46.06
D,DISPATCH,UNIT_SCADA,1,"2019/08/20 17:30:00",GANNBG1,4.468820
D,DISPATCH,UNIT_SCADA,1,"2019/08/20 17:30:00",GANNBL1,0
D,DISPATCH,UNIT_SCADA,1,"2019/08/20 17:30:00",GANNSF1,0.90
D,DISPATCH,UNIT_SCADA,1,"2019/08/20 17:30:00",GORDON,10.753680
D,DISPATCH,UNIT_SCADA,1,"2019/08/20 17:30:00",GSTONE1,251.649990
D,DISPATCH,UNIT_SCADA,1,"2019/08/20 17:30:00",GSTONE2,229.599990
D,DISPATCH,UNIT_SCADA,1,"2019/08/20 17:30:00",GSTONE3,205.274990
D,DISPATCH,UNIT_SCADA,1,"2019/08/20 17:30:00",GSTONE4,227.3250
D,DISPATCH,UNIT_SCADA,1,"2019/08/20 17:30:00",GSTONE5,215.95
D,DISPATCH,UNIT_SCADA,1,"2019/08/20 17:30:00",GSTONE6,0
D,DISPATCH,UNIT_SCADA,1,"2019/08/20 17:30:00",GULLRSF1,0
D,DISPATCH,UNIT_SCADA,1,"2019/08/20 17:30:00",GULLRWF1,146.396850
D,DISPATCH,UNIT_SCADA,1,"2019/08/20 17:30:00",GUNNING1,46.541270
D,DISPATCH,UNIT_SCADA,1,"2019/08/20 17:30:00",GUTHEGA,0
D,DISPATCH,UNIT_SCADA,1,"2019/08/20 17:30:00",HALLWF1,92.22
D,DISPATCH,UNIT_SCADA,1,"2019/08/20 17:30:00",HALLWF2,64
D,DISPATCH,UNIT_SCADA,1,"2019/08/20 17:30:00",HAMISF1,6.50
D,DISPATCH,UNIT_SCADA,1,"2019/08/20 17:30:00",HAUGHT11,15.890940
D,DISPATCH,UNIT_SCADA,1,"2019/08/20 17:30:00",HAYMSF1,7.29
D,DISPATCH,UNIT_SCADA,1,"2019/08/20 17:30:00",HDWF1,59.40
D,DISPATCH,UNIT_SCADA,1,"2019/08/20 17:30:00",HDWF2,35.10
D,DISPATCH,UNIT_SCADA,1,"2019/08/20 17:30:00",HDWF3,55.40
D,DISPATCH,UNIT_SCADA,1,"2019/08/20 17:30:00",HPRG1,7.30
D,DISPATCH,UNIT_SCADA,1,"2019/08/20 17:30:00",HPRL1,0
D,DISPATCH,UNIT_SCADA,1,"2019/08/20 17:30:00",HUMENSW,0
D,DISPATCH,UNIT_SCADA,1,"2019/08/20 17:30:00",HUMEV,8.60
D,DISPATCH,UNIT_SCADA,1,"2019/08/20 17:30:00",HVGTS,0
D,DISPATCH,UNIT_SCADA,1,"2019/08/20 17:30:00",JBUTTERS,137.509990
D,DISPATCH,UNIT_SCADA,1,"2019/08/20 17:30:00",JLA01,0.50
D,DISPATCH,UNIT_SCADA,1,"2019/08/20 17:30:00",JLA02,0
D,DISPATCH,UNIT_SCADA,1,"2019/08/20 17:30:00",JLA03,0.10
D,DISPATCH,UNIT_SCADA,1,"2019/08/20 17:30:00",JLA04,0.10
D,DISPATCH,UNIT_SCADA,1,"2019/08/20 17:30:00",JLB01,0
D,DISPATCH,UNIT_SCADA,1,"2019/08/20 17:30:00",JLB02,0.10
D,DISPATCH,UNIT_SCADA,1,"2019/08/20 17:30:00",JLB03,0
D,DISPATCH,UNIT_SCADA,1,"2019/08/20 17:30:00",KAREEYA1,21.5525
D,DISPATCH,UNIT_SCADA,1,"2019/08/20 17:30:00",KAREEYA2,21.6850
D,DISPATCH,UNIT_SCADA,1,"2019/08/20 17:30:00",KAREEYA3,0
D,DISPATCH,UNIT_SCADA,1,"2019/08/20 17:30:00",KAREEYA4,21.6075
D,DISPATCH,UNIT_SCADA,1,"2019/08/20 17:30:00",KARSF1,3.30
D,DISPATCH,UNIT_SCADA,1,"2019/08/20 17:30:00",KIATAWF1,30.80
D,DISPATCH,UNIT_SCADA,1,"2019/08/20 17:30:00",KPP_1,0
D,DISPATCH,UNIT_SCADA,1,"2019/08/20 17:30:00",KSP1,16.13
D,DISPATCH,UNIT_SCADA,1,"2019/08/20 17:30:00",LADBROK1,0
D,DISPATCH,UNIT_SCADA,1,"2019/08/20 17:30:00",LADBROK2,0
D,DISPATCH,UNIT_SCADA,1,"2019/08/20 17:30:00",LD01,420.506160
D,DISPATCH,UNIT_SCADA,1,"2019/08/20 17:30:00",LD02,418.762480
D,DISPATCH,UNIT_SCADA,1,"2019/08/20 17:30:00",LD03,423.468720
D,DISPATCH,UNIT_SCADA,1,"2019/08/20 17:30:00",LD04,376.518770
D,DISPATCH,UNIT_SCADA,1,"2019/08/20 17:30:00",LEM_WIL,85.542050
D,DISPATCH,UNIT_SCADA,1,"2019/08/20 17:30:00",LGAPWF1,23.68
D,DISPATCH,UNIT_SCADA,1,"2019/08/20 17:30:00",LILYSF1,6.062080
D,DISPATCH,UNIT_SCADA,1,"2019/08/20 17:30:00",LI_WY_CA,148.668560
D,DISPATCH,UNIT_SCADA,1,"2019/08/20 17:30:00",LKBONNY2,154.359160
D,DISPATCH,UNIT_SCADA,1,"2019/08/20 17:30:00",LKBONNY3,38.238080
D,DISPATCH,UNIT_SCADA,1,"2019/08/20 17:30:00",LK_ECHO,0
D,DISPATCH,UNIT_SCADA,1,"2019/08/20 17:30:00",LNGS1,0
D,DISPATCH,UNIT_SCADA,1,"2019/08/20 17:30:00",LNGS2,0
D,DISPATCH,UNIT_SCADA,1,"2019/08/20 17:30:00",LONSDALE,0
D,DISPATCH,UNIT_SCADA,1,"2019/08/20 17:30:00",LOYYB1,536.840520
D,DISPATCH,UNIT_SCADA,1,"2019/08/20 17:30:00",LOYYB2,582.330380
D,DISPATCH,UNIT_SCADA,1,"2019/08/20 17:30:00",LYA1,558
D,DISPATCH,UNIT_SCADA,1,"2019/08/20 17:30:00",LYA2,0
D,DISPATCH,UNIT_SCADA,1,"2019/08/20 17:30:00",LYA3,560
D,DISPATCH,UNIT_SCADA,1,"2019/08/20 17:30:00",LYA4,538
D,DISPATCH,UNIT_SCADA,1,"2019/08/20 17:30:00",MACARTH1,337.492220
D,DISPATCH,UNIT_SCADA,1,"2019/08/20 17:30:00",MACKAYGT,0
D,DISPATCH,UNIT_SCADA,1,"2019/08/20 17:30:00",MACKNTSH,85.560010
D,DISPATCH,UNIT_SCADA,1,"2019/08/20 17:30:00",MANSLR1,2.0050
D,DISPATCH,UNIT_SCADA,1,"2019/08/20 17:30:00",MCKAY1,0.02
D,DISPATCH,UNIT_SCADA,1,"2019/08/20 17:30:00",MEADOWBK,34.095940
D,DISPATCH,UNIT_SCADA,1,"2019/08/20 17:30:00",MERCER01,120.5870
D,DISPATCH,UNIT_SCADA,1,"2019/08/20 17:30:00",MEWF1,28.3607
D,DISPATCH,UNIT_SCADA,1,"2019/08/20 17:30:00",MINTARO,0
D,DISPATCH,UNIT_SCADA,1,"2019/08/20 17:30:00",MOREESF1,0.5860
D,DISPATCH,UNIT_SCADA,1,"2019/08/20 17:30:00",MORTLK11,259
D,DISPATCH,UNIT_SCADA,1,"2019/08/20 17:30:00",MORTLK12,0
D,DISPATCH,UNIT_SCADA,1,"2019/08/20 17:30:00",MP1,277.724980
D,DISPATCH,UNIT_SCADA,1,"2019/08/20 17:30:00",MP2,0
D,DISPATCH,UNIT_SCADA,1,"2019/08/20 17:30:00",MPP_1,413.75
D,DISPATCH,UNIT_SCADA,1,"2019/08/20 17:30:00",MPP_2,435.75
D,DISPATCH,UNIT_SCADA,1,"2019/08/20 17:30:00",MSTUART1,0
D,DISPATCH,UNIT_SCADA,1,"2019/08/20 17:30:00",MSTUART2,0
D,DISPATCH,UNIT_SCADA,1,"2019/08/20 17:30:00",MSTUART3,0
D,DISPATCH,UNIT_SCADA,1,"2019/08/20 17:30:00",MTGELWF1,64.352860
D,DISPATCH,UNIT_SCADA,1,"2019/08/20 17:30:00",MURRAY,0
D,DISPATCH,UNIT_SCADA,1,"2019/08/20 17:30:00",MUSSELR1,97.30
D,DISPATCH,UNIT_SCADA,1,"2019/08/20 17:30:00",MUWAWF1,49.87
D,DISPATCH,UNIT_SCADA,1,"2019/08/20 17:30:00",NBHWF1,102.40
D,DISPATCH,UNIT_SCADA,1,"2019/08/20 17:30:00",NPS,298.1250
D,DISPATCH,UNIT_SCADA,1,"2019/08/20 17:30:00",NUMURSF1,0.61
D,DISPATCH,UNIT_SCADA,1,"2019/08/20 17:30:00",NYNGAN1,5.25
D,DISPATCH,UNIT_SCADA,1,"2019/08/20 17:30:00",OAKEY1,0
D,DISPATCH,UNIT_SCADA,1,"2019/08/20 17:30:00",OAKEY1SF,0.2680
D,DISPATCH,UNIT_SCADA,1,"2019/08/20 17:30:00",OAKEY2,0
D,DISPATCH,UNIT_SCADA,1,"2019/08/20 17:30:00",OAKLAND1,62.20
D,DISPATCH,UNIT_SCADA,1,"2019/08/20 17:30:00",OSB-AG,182.27
D,DISPATCH,UNIT_SCADA,1,"2019/08/20 17:30:00",PARSF1,2.100010
D,DISPATCH,UNIT_SCADA,1,"2019/08/20 17:30:00",POAT110,0
D,DISPATCH,UNIT_SCADA,1,"2019/08/20 17:30:00",POAT220,0
D,DISPATCH,UNIT_SCADA,1,"2019/08/20 17:30:00",POR01,0
D,DISPATCH,UNIT_SCADA,1,"2019/08/20 17:30:00",POR03,0
D,DISPATCH,UNIT_SCADA,1,"2019/08/20 17:30:00",PPCCGT,435.283050
D,DISPATCH,UNIT_SCADA,1,"2019/08/20 17:30:00",PTSTAN1,0
D,DISPATCH,UNIT_SCADA,1,"2019/08/20 17:30:00",PUMP1,0
D,DISPATCH,UNIT_SCADA,1,"2019/08/20 17:30:00",PUMP2,0
D,DISPATCH,UNIT_SCADA,1,"2019/08/20 17:30:00",QPS1,0
D,DISPATCH,UNIT_SCADA,1,"2019/08/20 17:30:00",QPS2,0
D,DISPATCH,UNIT_SCADA,1,"2019/08/20 17:30:00",QPS3,0
D,DISPATCH,UNIT_SCADA,1,"2019/08/20 17:30:00",QPS4,0
D,DISPATCH,UNIT_SCADA,1,"2019/08/20 17:30:00",QPS5,0
D,DISPATCH,UNIT_SCADA,1,"2019/08/20 17:30:00",REECE1,116.660010
D,DISPATCH,UNIT_SCADA,1,"2019/08/20 17:30:00",REECE2,116.650010
D,DISPATCH,UNIT_SCADA,1,"2019/08/20 17:30:00",ROMA_7,0
D,DISPATCH,UNIT_SCADA,1,"2019/08/20 17:30:00",ROMA_8,0
D,DISPATCH,UNIT_SCADA,1,"2019/08/20 17:30:00",RRSF1,12.519570
D,DISPATCH,UNIT_SCADA,1,"2019/08/20 17:30:00",RT_NSW1,0
D,DISPATCH,UNIT_SCADA,1,"2019/08/20 17:30:00",RT_NSW2,0
D,DISPATCH,UNIT_SCADA,1,"2019/08/20 17:30:00",RT_NSW3,0
D,DISPATCH,UNIT_SCADA,1,"2019/08/20 17:30:00",RT_NSW4,0
D,DISPATCH,UNIT_SCADA,1,"2019/08/20 17:30:00",RT_NSW5,0
D,DISPATCH,UNIT_SCADA,1,"2019/08/20 17:30:00",RT_NSW6,0
D,DISPATCH,UNIT_SCADA,1,"2019/08/20 17:30:00",RT_QLD1,0
D,DISPATCH,UNIT_SCADA,1,"2019/08/20 17:30:00",RT_SA1,0
D,DISPATCH,UNIT_SCADA,1,"2019/08/20 17:30:00",RT_SA2,0
D,DISPATCH,UNIT_SCADA,1,"2019/08/20 17:30:00",RT_SA3,0
D,DISPATCH,UNIT_SCADA,1,"2019/08/20 17:30:00",RT_SA4,0
D,DISPATCH,UNIT_SCADA,1,"2019/08/20 17:30:00",RT_SA5,0
D,DISPATCH,UNIT_SCADA,1,"2019/08/20 17:30:00",RT_SA6,0
D,DISPATCH,UNIT_SCADA,1,"2019/08/20 17:30:00",RT_TAS1,0
D,DISPATCH,UNIT_SCADA,1,"2019/08/20 17:30:00",RT_VIC1,0
D,DISPATCH,UNIT_SCADA,1,"2019/08/20 17:30:00",RT_VIC10,0
D,DISPATCH,UNIT_SCADA,1,"2019/08/20 17:30:00",RT_VIC11,0
D,DISPATCH,UNIT_SCADA,1,"2019/08/20 17:30:00",RT_VIC12,0
D,DISPATCH,UNIT_SCADA,1,"2019/08/20 17:30:00",RT_VIC2,0
D,DISPATCH,UNIT_SCADA,1,"2019/08/20 17:30:00",RT_VIC3,0
D,DISPATCH,UNIT_SCADA,1,"2019/08/20 17:30:00",RT_VIC4,0
D,DISPATCH,UNIT_SCADA,1,"2019/08/20 17:30:00",RT_VIC5,0
D,DISPATCH,UNIT_SCADA,1,"2019/08/20 17:30:00",RT_VIC6,0
D,DISPATCH,UNIT_SCADA,1,"2019/08/20 17:30:00",RT_VIC7,0
D,DISPATCH,UNIT_SCADA,1,"2019/08/20 17:30:00",RT_VIC8,0
D,DISPATCH,UNIT_SCADA,1,"2019/08/20 17:30:00",RT_VIC9,0
D,DISPATCH,UNIT_SCADA,1,"2019/08/20 17:30:00",RUGBYR1,8.545790
D,DISPATCH,UNIT_SCADA,1,"2019/08/20 17:30:00",SALTCRK1,52.48
D,DISPATCH,UNIT_SCADA,1,"2019/08/20 17:30:00",SAPHWF1,140.643740
D,DISPATCH,UNIT_SCADA,1,"2019/08/20 17:30:00",SHGEN,0
D,DISPATCH,UNIT_SCADA,1,"2019/08/20 17:30:00",SHPUMP,0
D,DISPATCH,UNIT_SCADA,1,"2019/08/20 17:30:00",SITHE01,0.005650
D,DISPATCH,UNIT_SCADA,1,"2019/08/20 17:30:00",SMCSF1,7.577850
D,DISPATCH,UNIT_SCADA,1,"2019/08/20 17:30:00",SNOWNTH1,90.70
D,DISPATCH,UNIT_SCADA,1,"2019/08/20 17:30:00",SNOWSTH1,115.50
D,DISPATCH,UNIT_SCADA,1,"2019/08/20 17:30:00",SNOWTWN1,77.160740
D,DISPATCH,UNIT_SCADA,1,"2019/08/20 17:30:00",SNOWYP,0
D,DISPATCH,UNIT_SCADA,1,"2019/08/20 17:30:00",SNUG1,0.019440
D,DISPATCH,UNIT_SCADA,1,"2019/08/20 17:30:00",SRSF1,1.08
D,DISPATCH,UNIT_SCADA,1,"2019/08/20 17:30:00",STAN-1,0
D,DISPATCH,UNIT_SCADA,1,"2019/08/20 17:30:00",STAN-2,339.658870
D,DISPATCH,UNIT_SCADA,1,"2019/08/20 17:30:00",STAN-3,333.634520
D,DISPATCH,UNIT_SCADA,1,"2019/08/20 17:30:00",STAN-4,335.595640
D,DISPATCH,UNIT_SCADA,1,"2019/08/20 17:30:00",STWF1,16.4025
D,DISPATCH,UNIT_SCADA,1,"2019/08/20 17:30:00",SWAN_E,0
D,DISPATCH,UNIT_SCADA,1,"2019/08/20 17:30:00",TALWA1,415
D,DISPATCH,UNIT_SCADA,1,"2019/08/20 17:30:00",TARALGA1,105.438750
D,DISPATCH,UNIT_SCADA,1,"2019/08/20 17:30:00",TARONG#1,338.700010
D,DISPATCH,UNIT_SCADA,1,"2019/08/20 17:30:00",TARONG#2,338.800020
D,DISPATCH,UNIT_SCADA,1,"2019/08/20 17:30:00",TARONG#3,260.50
D,DISPATCH,UNIT_SCADA,1,"2019/08/20 17:30:00",TARONG#4,350
D,DISPATCH,UNIT_SCADA,1,"2019/08/20 17:30:00",TARRALEA,85.10
D,DISPATCH,UNIT_SCADA,1,"2019/08/20 17:30:00",TBSF1,4.90
D,DISPATCH,UNIT_SCADA,1,"2019/08/20 17:30:00",TNPS1,441.700010
D,DISPATCH,UNIT_SCADA,1,"2019/08/20 17:30:00",TORRA1,65.701230
D,DISPATCH,UNIT_SCADA,1,"2019/08/20 17:30:00",TORRA2,0
D,DISPATCH,UNIT_SCADA,1,"2019/08/20 17:30:00",TORRA3,0
D,DISPATCH,UNIT_SCADA,1,"2019/08/20 17:30:00",TORRA4,0
D,DISPATCH,UNIT_SCADA,1,"2019/08/20 17:30:00",TORRB1,60.23
D,DISPATCH,UNIT_SCADA,1,"2019/08/20 17:30:00",TORRB2,61.11
D,DISPATCH,UNIT_SCADA,1,"2019/08/20 17:30:00",TORRB3,0
D,DISPATCH,UNIT_SCADA,1,"2019/08/20 17:30:00",TORRB4,0
D,DISPATCH,UNIT_SCADA,1,"2019/08/20 17:30:00",TREVALLN,69.010020
D,DISPATCH,UNIT_SCADA,1,"2019/08/20 17:30:00",TRIBUTE,71.21
D,DISPATCH,UNIT_SCADA,1,"2019/08/20 17:30:00",TUMUT3,450.409970
D,DISPATCH,UNIT_SCADA,1,"2019/08/20 17:30:00",TUNGATIN,123.190030
D,DISPATCH,UNIT_SCADA,1,"2019/08/20 17:30:00",TVCC201,0
D,DISPATCH,UNIT_SCADA,1,"2019/08/20 17:30:00",TVPP104,0
D,DISPATCH,UNIT_SCADA,1,"2019/08/20 17:30:00",UPPTUMUT,0
D,DISPATCH,UNIT_SCADA,1,"2019/08/20 17:30:00",URANQ11,0
D,DISPATCH,UNIT_SCADA,1,"2019/08/20 17:30:00",URANQ12,0
D,DISPATCH,UNIT_SCADA,1,"2019/08/20 17:30:00",URANQ13,0
D,DISPATCH,UNIT_SCADA,1,"2019/08/20 17:30:00",URANQ14,0
D,DISPATCH,UNIT_SCADA,1,"2019/08/20 17:30:00",VP5,587.150020
D,DISPATCH,UNIT_SCADA,1,"2019/08/20 17:30:00",VP6,579.775020
D,DISPATCH,UNIT_SCADA,1,"2019/08/20 17:30:00",VPGS1,0
D,DISPATCH,UNIT_SCADA,1,"2019/08/20 17:30:00",VPGS2,0
D,DISPATCH,UNIT_SCADA,1,"2019/08/20 17:30:00",VPGS3,0
D,DISPATCH,UNIT_SCADA,1,"2019/08/20 17:30:00",VPGS4,0
D,DISPATCH,UNIT_SCADA,1,"2019/08/20 17:30:00",VPGS5,0
D,DISPATCH,UNIT_SCADA,1,"2019/08/20 17:30:00",VPGS6,0
D,DISPATCH,UNIT_SCADA,1,"2019/08/20 17:30:00",W/HOE#1,0
D,DISPATCH,UNIT_SCADA,1,"2019/08/20 17:30:00",W/HOE#2,0
D,DISPATCH,UNIT_SCADA,1,"2019/08/20 17:30:00",WATERLWF,122.60
D,DISPATCH,UNIT_SCADA,1,"2019/08/20 17:30:00",WEMENSF1,1.80
D,DISPATCH,UNIT_SCADA,1,"2019/08/20 17:30:00",WGWF1,105.20
D,DISPATCH,UNIT_SCADA,1,"2019/08/20 17:30:00",WHITSF1,5.50
D,DISPATCH,UNIT_SCADA,1,"2019/08/20 17:30:00",WKIEWA1,0
D,DISPATCH,UNIT_SCADA,1,"2019/08/20 17:30:00",WKIEWA2,0.10
D,DISPATCH,UNIT_SCADA,1,"2019/08/20 17:30:00",WOODLWN1,42.9570
D,DISPATCH,UNIT_SCADA,1,"2019/08/20 17:30:00",WRSF1,0.14
D,DISPATCH,UNIT_SCADA,1,"2019/08/20 17:30:00",WRWF1,86.069990
D,DISPATCH,UNIT_SCADA,1,"2019/08/20 17:30:00",YABULU,0
D,DISPATCH,UNIT_SCADA,1,"2019/08/20 17:30:00",YABULU2,0
D,DISPATCH,UNIT_SCADA,1,"2019/08/20 17:30:00",YARWUN_1,0
D,DISPATCH,UNIT_SCADA,1,"2019/08/20 17:30:00",YENDWF1,41.79
D,DISPATCH,UNIT_SCADA,1,"2019/08/20 17:30:00",YWPS1,382.205080
D,DISPATCH,UNIT_SCADA,1,"2019/08/20 17:30:00",YWPS2,279.445560
D,DISPATCH,UNIT_SCADA,1,"2019/08/20 17:30:00",YWPS3,0
D,DISPATCH,UNIT_SCADA,1,"2019/08/20 17:30:00",YWPS4,396.3671
C,"END OF REPORT",334
