C,NEMP.WORLD,DISPATCHSCADA,AEMO,PUBLIC,2019/09/04,19:50:09,0000000312395127,DISPATCHSCADA,0000000312395121
I,DISPATCH,UNIT_SCADA,1,SETTLEMENTDATE,DUID,SCADAVALUE
D,DISPATCH,UNIT_SCADA,1,"2019/09/04 19:55:00",BARCSF1,0
D,DISPATCH,UNIT_SCADA,1,"2019/09/04 19:55:00",BUTLERSG,10.199999
D,DISPATCH,UNIT_SCADA,1,"2019/09/04 19:55:00",CALL_A_4,0
D,DISPATCH,UNIT_SCADA,1,"2019/09/04 19:55:00",CAPTL_WF,65.860001
D,DISPATCH,UNIT_SCADA,1,"2019/09/04 19:55:00",CATHROCK,0
D,DISPATCH,UNIT_SCADA,1,"2019/09/04 19:55:00",CHALLHWF,0
D,DISPATCH,UNIT_SCADA,1,"2019/09/04 19:55:00",CLOVER,-0.02
D,DISPATCH,UNIT_SCADA,1,"2019/09/04 19:55:00",CLUNY,12.096590
D,DISPATCH,UNIT_SCADA,1,"2019/09/04 19:55:00",CNUNDAWF,0
D,DISPATCH,UNIT_SCADA,1,"2019/09/04 19:55:00",CULLRGWF,19.98
D,DISPATCH,UNIT_SCADA,1,"2019/09/04 19:55:00",ERGT01,0
D,DISPATCH,UNIT_SCADA,1,"2019/09/04 19:55:00",GB01,0.014633
D,DISPATCH,UNIT_SCADA,1,"2019/09/04 19:55:00",GERMCRK,39.200001
D,DISPATCH,UNIT_SCADA,1,"2019/09/04 19:55:00",GRIFSF1,0
D,DISPATCH,UNIT_SCADA,1,"2019/09/04 19:55:00",HUGSF1,-0.1750
D,DISPATCH,UNIT_SCADA,1,"2019/09/04 19:55:00",LKBONNY1,-0.449338
D,DISPATCH,UNIT_SCADA,1,"2019/09/04 19:55:00",LRSF1,-0.03
D,DISPATCH,UNIT_SCADA,1,"2019/09/04 19:55:00",MBAHNTH,46.912506
D,DISPATCH,UNIT_SCADA,1,"2019/09/04 19:55:00",MLSP1,0.366001
D,DISPATCH,UNIT_SCADA,1,"2019/09/04 19:55:00",MLWF1,0.15
D,DISPATCH,UNIT_SCADA,1,"2019/09/04 19:55:00",MTMILLAR,6.086993
D,DISPATCH,UNIT_SCADA,1,"2019/09/04 19:55:00",PALOONA,23.969999
D,DISPATCH,UNIT_SCADA,1,"2019/09/04 19:55:00",PIONEER,45.900002
D,DISPATCH,UNIT_SCADA,1,"2019/09/04 19:55:00",PORTWF,-0.40
D,DISPATCH,UNIT_SCADA,1,"2019/09/04 19:55:00",REPULSE,19.830015
D,DISPATCH,UNIT_SCADA,1,"2019/09/04 19:55:00",ROWALLAN,10.3873
D,DISPATCH,UNIT_SCADA,1,"2019/09/04 19:55:00",ROYALLA1,0
D,DISPATCH,UNIT_SCADA,1,"2019/09/04 19:55:00",RPCG,-1.80
D,DISPATCH,UNIT_SCADA,1,"2019/09/04 19:55:00",RUBICON,0
D,DISPATCH,UNIT_SCADA,1,"2019/09/04 19:55:00",SATGN1,0
D,DISPATCH,UNIT_SCADA,1,"2019/09/04 19:55:00",SATGS1,0
D,DISPATCH,UNIT_SCADA,1,"2019/09/04 19:55:00",STARHLWF,-0.099971
D,DISPATCH,UNIT_SCADA,1,"2019/09/04 19:55:00",WAUBRAWF,1.2130
D,DISPATCH,UNIT_SCADA,1,"2019/09/04 19:55:00",WOOLNTH1,26.880016
D,DISPATCH,UNIT_SCADA,1,"2019/09/04 19:55:00",WPWF,0
D,DISPATCH,UNIT_SCADA,1,"2019/09/04 19:55:00",YAMBUKWF,-0.20
D,DISPATCH,UNIT_SCADA,1,"2019/09/04 19:55:00",YSWF1,0
D,DISPATCH,UNIT_SCADA,1,"2019/09/04 19:55:00",AGLHAL,181.4478
D,DISPATCH,UNIT_SCADA,1,"2019/09/04 19:55:00",AGLSOM,120
D,DISPATCH,UNIT_SCADA,1,"2019/09/04 19:55:00",ANGAST1,0
D,DISPATCH,UNIT_SCADA,1,"2019/09/04 19:55:00",ARWF1,33.80
D,DISPATCH,UNIT_SCADA,1,"2019/09/04 19:55:00",BALBG1,9.90
D,DISPATCH,UNIT_SCADA,1,"2019/09/04 19:55:00",BALBL1,0
D,DISPATCH,UNIT_SCADA,1,"2019/09/04 19:55:00",BALDHWF1,5.75
D,DISPATCH,UNIT_SCADA,1,"2019/09/04 19:55:00",BANN1,0
D,DISPATCH,UNIT_SCADA,1,"2019/09/04 19:55:00",BARCALDN,0
D,DISPATCH,UNIT_SCADA,1,"2019/09/04 19:55:00",BARRON-1,34.12
D,DISPATCH,UNIT_SCADA,1,"2019/09/04 19:55:00",BARRON-2,0
D,DISPATCH,UNIT_SCADA,1,"2019/09/04 19:55:00",BASTYAN,80.640010
D,DISPATCH,UNIT_SCADA,1,"2019/09/04 19:55:00",BBTHREE1,0
D,DISPATCH,UNIT_SCADA,1,"2019/09/04 19:55:00",BBTHREE2,0
D,DISPATCH,UNIT_SCADA,1,"2019/09/04 19:55:00",BBTHREE3,0
D,DISPATCH,UNIT_SCADA,1,"2019/09/04 19:55:00",BDL01,44.04
D,DISPATCH,UNIT_SCADA,1,"2019/09/04 19:55:00",BDL02,44.34
D,DISPATCH,UNIT_SCADA,1,"2019/09/04 19:55:00",BERYLSF1,0
D,DISPATCH,UNIT_SCADA,1,"2019/09/04 19:55:00",BLOWERNG,11.10
D,DISPATCH,UNIT_SCADA,1,"2019/09/04 19:55:00",BLUFF1,9.50
D,DISPATCH,UNIT_SCADA,1,"2019/09/04 19:55:00",BNGSF1,0
D,DISPATCH,UNIT_SCADA,1,"2019/09/04 19:55:00",BNGSF2,0
D,DISPATCH,UNIT_SCADA,1,"2019/09/04 19:55:00",BOCORWF1,40.52
D,DISPATCH,UNIT_SCADA,1,"2019/09/04 19:55:00",BODWF1,55.431440
D,DISPATCH,UNIT_SCADA,1,"2019/09/04 19:55:00",BRAEMAR1,161.200010
D,DISPATCH,UNIT_SCADA,1,"2019/09/04 19:55:00",BRAEMAR2,0
D,DISPATCH,UNIT_SCADA,1,"2019/09/04 19:55:00",BRAEMAR3,172.200010
D,DISPATCH,UNIT_SCADA,1,"2019/09/04 19:55:00",BRAEMAR5,159.202360
D,DISPATCH,UNIT_SCADA,1,"2019/09/04 19:55:00",BRAEMAR6,0
D,DISPATCH,UNIT_SCADA,1,"2019/09/04 19:55:00",BRAEMAR7,0
D,DISPATCH,UNIT_SCADA,1,"2019/09/04 19:55:00",BROKENH1,0
D,DISPATCH,UNIT_SCADA,1,"2019/09/04 19:55:00",BW01,656.224980
D,DISPATCH,UNIT_SCADA,1,"2019/09/04 19:55:00",BW02,641.924930
D,DISPATCH,UNIT_SCADA,1,"2019/09/04 19:55:00",BW03,616.549930
D,DISPATCH,UNIT_SCADA,1,"2019/09/04 19:55:00",BW04,0
D,DISPATCH,UNIT_SCADA,1,"2019/09/04 19:55:00",CALL_B_1,350.100010
D,DISPATCH,UNIT_SCADA,1,"2019/09/04 19:55:00",CALL_B_2,269.899990
D,DISPATCH,UNIT_SCADA,1,"2019/09/04 19:55:00",CETHANA,80.581250
D,DISPATCH,UNIT_SCADA,1,"2019/09/04 19:55:00",CG1,0
D,DISPATCH,UNIT_SCADA,1,"2019/09/04 19:55:00",CG2,0
D,DISPATCH,UNIT_SCADA,1,"2019/09/04 19:55:00",CG3,0
D,DISPATCH,UNIT_SCADA,1,"2019/09/04 19:55:00",CG4,0
D,DISPATCH,UNIT_SCADA,1,"2019/09/04 19:55:00",CHILDSF1,0
D,DISPATCH,UNIT_SCADA,1,"2019/09/04 19:55:00",CLARESF1,0
D,DISPATCH,UNIT_SCADA,1,"2019/09/04 19:55:00",CLEMGPWF,24.563940
D,DISPATCH,UNIT_SCADA,1,"2019/09/04 19:55:00",CLERMSF1,0
D,DISPATCH,UNIT_SCADA,1,"2019/09/04 19:55:00",COLEASF1,0
D,DISPATCH,UNIT_SCADA,1,"2019/09/04 19:55:00",COOPGWF1,29.586760
D,DISPATCH,UNIT_SCADA,1,"2019/09/04 19:55:00",CPP_3,323.675020
D,DISPATCH,UNIT_SCADA,1,"2019/09/04 19:55:00",CPP_4,406.175020
D,DISPATCH,UNIT_SCADA,1,"2019/09/04 19:55:00",CPSA,142.254380
D,DISPATCH,UNIT_SCADA,1,"2019/09/04 19:55:00",CROOKWF2,71.903750
D,DISPATCH,UNIT_SCADA,1,"2019/09/04 19:55:00",CROWLWF1,16.619010
D,DISPATCH,UNIT_SCADA,1,"2019/09/04 19:55:00",CSPVPS1,0
D,DISPATCH,UNIT_SCADA,1,"2019/09/04 19:55:00",DALNTH01,0
D,DISPATCH,UNIT_SCADA,1,"2019/09/04 19:55:00",DALNTHL1,0.068670
D,DISPATCH,UNIT_SCADA,1,"2019/09/04 19:55:00",DARTM1,133.80
D,DISPATCH,UNIT_SCADA,1,"2019/09/04 19:55:00",DAYDSF1,0
D,DISPATCH,UNIT_SCADA,1,"2019/09/04 19:55:00",DDPS1,602.748660
D,DISPATCH,UNIT_SCADA,1,"2019/09/04 19:55:00",DDSF1,0
D,DISPATCH,UNIT_SCADA,1,"2019/09/04 19:55:00",DEVILS_G,56.781520
D,DISPATCH,UNIT_SCADA,1,"2019/09/04 19:55:00",DG_NSW1,0
D,DISPATCH,UNIT_SCADA,1,"2019/09/04 19:55:00",DG_QLD1,0
D,DISPATCH,UNIT_SCADA,1,"2019/09/04 19:55:00",DG_SA1,0
D,DISPATCH,UNIT_SCADA,1,"2019/09/04 19:55:00",DG_TAS1,0
D,DISPATCH,UNIT_SCADA,1,"2019/09/04 19:55:00",DG_VIC1,0
D,DISPATCH,UNIT_SCADA,1,"2019/09/04 19:55:00",DRYCGT1,0
D,DISPATCH,UNIT_SCADA,1,"2019/09/04 19:55:00",DRYCGT2,0
D,DISPATCH,UNIT_SCADA,1,"2019/09/04 19:55:00",DRYCGT3,0
D,DISPATCH,UNIT_SCADA,1,"2019/09/04 19:55:00",EILDON1,0
D,DISPATCH,UNIT_SCADA,1,"2019/09/04 19:55:00",EILDON2,0
D,DISPATCH,UNIT_SCADA,1,"2019/09/04 19:55:00",EMERASF1,0
D,DISPATCH,UNIT_SCADA,1,"2019/09/04 19:55:00",ER01,588.2749
D,DISPATCH,UNIT_SCADA,1,"2019/09/04 19:55:00",ER02,694.6250
D,DISPATCH,UNIT_SCADA,1,"2019/09/04 19:55:00",ER03,0
D,DISPATCH,UNIT_SCADA,1,"2019/09/04 19:55:00",ER04,694.650020
D,DISPATCH,UNIT_SCADA,1,"2019/09/04 19:55:00",FINLYSF1,0
D,DISPATCH,UNIT_SCADA,1,"2019/09/04 19:55:00",FISHER,45.85
D,DISPATCH,UNIT_SCADA,1,"2019/09/04 19:55:00",GANNBG1,13.766910
D,DISPATCH,UNIT_SCADA,1,"2019/09/04 19:55:00",GANNBL1,0
D,DISPATCH,UNIT_SCADA,1,"2019/09/04 19:55:00",GANNSF1,0
D,DISPATCH,UNIT_SCADA,1,"2019/09/04 19:55:00",GORDON,19.8604
D,DISPATCH,UNIT_SCADA,1,"2019/09/04 19:55:00",GSTONE1,238.1750
D,DISPATCH,UNIT_SCADA,1,"2019/09/04 19:55:00",GSTONE2,217
D,DISPATCH,UNIT_SCADA,1,"2019/09/04 19:55:00",GSTONE3,0
D,DISPATCH,UNIT_SCADA,1,"2019/09/04 19:55:00",GSTONE4,270.725010
D,DISPATCH,UNIT_SCADA,1,"2019/09/04 19:55:00",GSTONE5,238.1750
D,DISPATCH,UNIT_SCADA,1,"2019/09/04 19:55:00",GSTONE6,238.524990
D,DISPATCH,UNIT_SCADA,1,"2019/09/04 19:55:00",GULLRSF1,0
D,DISPATCH,UNIT_SCADA,1,"2019/09/04 19:55:00",GULLRWF1,108.069640
D,DISPATCH,UNIT_SCADA,1,"2019/09/04 19:55:00",GUNNING1,21.623160
D,DISPATCH,UNIT_SCADA,1,"2019/09/04 19:55:00",GUTHEGA,30.90
D,DISPATCH,UNIT_SCADA,1,"2019/09/04 19:55:00",HALLWF1,22.04
D,DISPATCH,UNIT_SCADA,1,"2019/09/04 19:55:00",HALLWF2,6.26
D,DISPATCH,UNIT_SCADA,1,"2019/09/04 19:55:00",HAMISF1,0
D,DISPATCH,UNIT_SCADA,1,"2019/09/04 19:55:00",HAUGHT11,0
D,DISPATCH,UNIT_SCADA,1,"2019/09/04 19:55:00",HAYMSF1,0
D,DISPATCH,UNIT_SCADA,1,"2019/09/04 19:55:00",HDWF1,50.90
D,DISPATCH,UNIT_SCADA,1,"2019/09/04 19:55:00",HDWF2,55.60
D,DISPATCH,UNIT_SCADA,1,"2019/09/04 19:55:00",HDWF3,66.50
D,DISPATCH,UNIT_SCADA,1,"2019/09/04 19:55:00",HPRG1,10.70
D,DISPATCH,UNIT_SCADA,1,"2019/09/04 19:55:00",HPRL1,0
D,DISPATCH,UNIT_SCADA,1,"2019/09/04 19:55:00",HUMENSW,0
D,DISPATCH,UNIT_SCADA,1,"2019/09/04 19:55:00",HUMEV,25.80
D,DISPATCH,UNIT_SCADA,1,"2019/09/04 19:55:00",HVGTS,0
D,DISPATCH,UNIT_SCADA,1,"2019/09/04 19:55:00",JBUTTERS,110.64
D,DISPATCH,UNIT_SCADA,1,"2019/09/04 19:55:00",JLA01,52.40
D,DISPATCH,UNIT_SCADA,1,"2019/09/04 19:55:00",JLA02,54.20
D,DISPATCH,UNIT_SCADA,1,"2019/09/04 19:55:00",JLA03,0
D,DISPATCH,UNIT_SCADA,1,"2019/09/04 19:55:00",JLA04,0
D,DISPATCH,UNIT_SCADA,1,"2019/09/04 19:55:00",JLB01,0
D,DISPATCH,UNIT_SCADA,1,"2019/09/04 19:55:00",JLB02,83.90
D,DISPATCH,UNIT_SCADA,1,"2019/09/04 19:55:00",JLB03,83.90
D,DISPATCH,UNIT_SCADA,1,"2019/09/04 19:55:00",KAREEYA1,21.5450
D,DISPATCH,UNIT_SCADA,1,"2019/09/04 19:55:00",KAREEYA2,21.73
D,DISPATCH,UNIT_SCADA,1,"2019/09/04 19:55:00",KAREEYA3,0
D,DISPATCH,UNIT_SCADA,1,"2019/09/04 19:55:00",KAREEYA4,21.6450
D,DISPATCH,UNIT_SCADA,1,"2019/09/04 19:55:00",KARSF1,0
D,DISPATCH,UNIT_SCADA,1,"2019/09/04 19:55:00",KIATAWF1,-0.30
D,DISPATCH,UNIT_SCADA,1,"2019/09/04 19:55:00",KPP_1,0
D,DISPATCH,UNIT_SCADA,1,"2019/09/04 19:55:00",KSP1,0
D,DISPATCH,UNIT_SCADA,1,"2019/09/04 19:55:00",LADBROK1,42.04
D,DISPATCH,UNIT_SCADA,1,"2019/09/04 19:55:00",LADBROK2,42.45
D,DISPATCH,UNIT_SCADA,1,"2019/09/04 19:55:00",LD01,420.356230
D,DISPATCH,UNIT_SCADA,1,"2019/09/04 19:55:00",LD02,400.593750
D,DISPATCH,UNIT_SCADA,1,"2019/09/04 19:55:00",LD03,424.893770
D,DISPATCH,UNIT_SCADA,1,"2019/09/04 19:55:00",LD04,380.212460
D,DISPATCH,UNIT_SCADA,1,"2019/09/04 19:55:00",LEM_WIL,82.265450
D,DISPATCH,UNIT_SCADA,1,"2019/09/04 19:55:00",LGAPWF1,29.47
D,DISPATCH,UNIT_SCADA,1,"2019/09/04 19:55:00",LILYSF1,0
D,DISPATCH,UNIT_SCADA,1,"2019/09/04 19:55:00",LI_WY_CA,163.908570
D,DISPATCH,UNIT_SCADA,1,"2019/09/04 19:55:00",LKBONNY2,-1.215970
D,DISPATCH,UNIT_SCADA,1,"2019/09/04 19:55:00",LKBONNY3,-0.169210
D,DISPATCH,UNIT_SCADA,1,"2019/09/04 19:55:00",LK_ECHO,0
D,DISPATCH,UNIT_SCADA,1,"2019/09/04 19:55:00",LNGS1,0
D,DISPATCH,UNIT_SCADA,1,"2019/09/04 19:55:00",LNGS2,0
D,DISPATCH,UNIT_SCADA,1,"2019/09/04 19:55:00",LONSDALE,0
D,DISPATCH,UNIT_SCADA,1,"2019/09/04 19:55:00",LOYYB1,536.088620
D,DISPATCH,UNIT_SCADA,1,"2019/09/04 19:55:00",LOYYB2,581.954410
D,DISPATCH,UNIT_SCADA,1,"2019/09/04 19:55:00",LYA1,0
D,DISPATCH,UNIT_SCADA,1,"2019/09/04 19:55:00",LYA2,0
D,DISPATCH,UNIT_SCADA,1,"2019/09/04 19:55:00",LYA3,560
D,DISPATCH,UNIT_SCADA,1,"2019/09/04 19:55:00",LYA4,541
D,DISPATCH,UNIT_SCADA,1,"2019/09/04 19:55:00",MACARTH1,0
D,DISPATCH,UNIT_SCADA,1,"2019/09/04 19:55:00",MACKAYGT,0.2240
D,DISPATCH,UNIT_SCADA,1,"2019/09/04 19:55:00",MACKNTSH,89.030010
D,DISPATCH,UNIT_SCADA,1,"2019/09/04 19:55:00",MANSLR1,0
D,DISPATCH,UNIT_SCADA,1,"2019/09/04 19:55:00",MCKAY1,279.709990
D,DISPATCH,UNIT_SCADA,1,"2019/09/04 19:55:00",MEADOWBK,24.836020
D,DISPATCH,UNIT_SCADA,1,"2019/09/04 19:55:00",MERCER01,-0.24
D,DISPATCH,UNIT_SCADA,1,"2019/09/04 19:55:00",MEWF1,25.842690
D,DISPATCH,UNIT_SCADA,1,"2019/09/04 19:55:00",MINTARO,0
D,DISPATCH,UNIT_SCADA,1,"2019/09/04 19:55:00",MOREESF1,0
D,DISPATCH,UNIT_SCADA,1,"2019/09/04 19:55:00",MORTLK11,259
D,DISPATCH,UNIT_SCADA,1,"2019/09/04 19:55:00",MORTLK12,0
D,DISPATCH,UNIT_SCADA,1,"2019/09/04 19:55:00",MP1,229.3750
D,DISPATCH,UNIT_SCADA,1,"2019/09/04 19:55:00",MP2,0
D,DISPATCH,UNIT_SCADA,1,"2019/09/04 19:55:00",MPP_1,426.25
D,DISPATCH,UNIT_SCADA,1,"2019/09/04 19:55:00",MPP_2,436
D,DISPATCH,UNIT_SCADA,1,"2019/09/04 19:55:00",MSTUART1,0
D,DISPATCH,UNIT_SCADA,1,"2019/09/04 19:55:00",MSTUART2,0
D,DISPATCH,UNIT_SCADA,1,"2019/09/04 19:55:00",MSTUART3,0
D,DISPATCH,UNIT_SCADA,1,"2019/09/04 19:55:00",MTGELWF1,-0.563070
D,DISPATCH,UNIT_SCADA,1,"2019/09/04 19:55:00",MURRAY,900.920530
D,DISPATCH,UNIT_SCADA,1,"2019/09/04 19:55:00",MUSSELR1,164.50
D,DISPATCH,UNIT_SCADA,1,"2019/09/04 19:55:00",MUWAWF1,-0.05
D,DISPATCH,UNIT_SCADA,1,"2019/09/04 19:55:00",NBHWF1,57
D,DISPATCH,UNIT_SCADA,1,"2019/09/04 19:55:00",NPS,301.8750
D,DISPATCH,UNIT_SCADA,1,"2019/09/04 19:55:00",NUMURSF1,0
D,DISPATCH,UNIT_SCADA,1,"2019/09/04 19:55:00",NYNGAN1,0
D,DISPATCH,UNIT_SCADA,1,"2019/09/04 19:55:00",OAKEY1,0
D,DISPATCH,UNIT_SCADA,1,"2019/09/04 19:55:00",OAKEY1SF,0
D,DISPATCH,UNIT_SCADA,1,"2019/09/04 19:55:00",OAKEY2,0
D,DISPATCH,UNIT_SCADA,1,"2019/09/04 19:55:00",OAKEY2SF,0
D,DISPATCH,UNIT_SCADA,1,"2019/09/04 19:55:00",OAKLAND1,-0.30
D,DISPATCH,UNIT_SCADA,1,"2019/09/04 19:55:00",OSB-AG,179.31
D,DISPATCH,UNIT_SCADA,1,"2019/09/04 19:55:00",PARSF1,0
D,DISPATCH,UNIT_SCADA,1,"2019/09/04 19:55:00",POAT110,0
D,DISPATCH,UNIT_SCADA,1,"2019/09/04 19:55:00",POAT220,1.13
D,DISPATCH,UNIT_SCADA,1,"2019/09/04 19:55:00",POR01,0
D,DISPATCH,UNIT_SCADA,1,"2019/09/04 19:55:00",POR03,0
D,DISPATCH,UNIT_SCADA,1,"2019/09/04 19:55:00",PPCCGT,482.260380
D,DISPATCH,UNIT_SCADA,1,"2019/09/04 19:55:00",PTSTAN1,0
D,DISPATCH,UNIT_SCADA,1,"2019/09/04 19:55:00",PUMP1,0
D,DISPATCH,UNIT_SCADA,1,"2019/09/04 19:55:00",PUMP2,0
D,DISPATCH,UNIT_SCADA,1,"2019/09/04 19:55:00",QPS1,29
D,DISPATCH,UNIT_SCADA,1,"2019/09/04 19:55:00",QPS2,23.30
D,DISPATCH,UNIT_SCADA,1,"2019/09/04 19:55:00",QPS3,23
D,DISPATCH,UNIT_SCADA,1,"2019/09/04 19:55:00",QPS4,23.30
D,DISPATCH,UNIT_SCADA,1,"2019/09/04 19:55:00",QPS5,123.04
D,DISPATCH,UNIT_SCADA,1,"2019/09/04 19:55:00",REECE1,102.510010
D,DISPATCH,UNIT_SCADA,1,"2019/09/04 19:55:00",REECE2,101.91
D,DISPATCH,UNIT_SCADA,1,"2019/09/04 19:55:00",ROMA_7,0
D,DISPATCH,UNIT_SCADA,1,"2019/09/04 19:55:00",ROMA_8,0
D,DISPATCH,UNIT_SCADA,1,"2019/09/04 19:55:00",RRSF1,0
D,DISPATCH,UNIT_SCADA,1,"2019/09/04 19:55:00",RT_NSW1,0
D,DISPATCH,UNIT_SCADA,1,"2019/09/04 19:55:00",RT_NSW2,0
D,DISPATCH,UNIT_SCADA,1,"2019/09/04 19:55:00",RT_NSW3,0
D,DISPATCH,UNIT_SCADA,1,"2019/09/04 19:55:00",RT_NSW4,0
D,DISPATCH,UNIT_SCADA,1,"2019/09/04 19:55:00",RT_NSW5,0
D,DISPATCH,UNIT_SCADA,1,"2019/09/04 19:55:00",RT_NSW6,0
D,DISPATCH,UNIT_SCADA,1,"2019/09/04 19:55:00",RT_QLD1,0
D,DISPATCH,UNIT_SCADA,1,"2019/09/04 19:55:00",RT_SA1,0
D,DISPATCH,UNIT_SCADA,1,"2019/09/04 19:55:00",RT_SA2,0
D,DISPATCH,UNIT_SCADA,1,"2019/09/04 19:55:00",RT_SA3,0
D,DISPATCH,UNIT_SCADA,1,"2019/09/04 19:55:00",RT_SA4,0
D,DISPATCH,UNIT_SCADA,1,"2019/09/04 19:55:00",RT_SA5,0
D,DISPATCH,UNIT_SCADA,1,"2019/09/04 19:55:00",RT_SA6,0
D,DISPATCH,UNIT_SCADA,1,"2019/09/04 19:55:00",RT_TAS1,0
D,DISPATCH,UNIT_SCADA,1,"2019/09/04 19:55:00",RT_VIC1,0
D,DISPATCH,UNIT_SCADA,1,"2019/09/04 19:55:00",RT_VIC10,0
D,DISPATCH,UNIT_SCADA,1,"2019/09/04 19:55:00",RT_VIC11,0
D,DISPATCH,UNIT_SCADA,1,"2019/09/04 19:55:00",RT_VIC12,0
D,DISPATCH,UNIT_SCADA,1,"2019/09/04 19:55:00",RT_VIC2,0
D,DISPATCH,UNIT_SCADA,1,"2019/09/04 19:55:00",RT_VIC3,0
D,DISPATCH,UNIT_SCADA,1,"2019/09/04 19:55:00",RT_VIC4,0
D,DISPATCH,UNIT_SCADA,1,"2019/09/04 19:55:00",RT_VIC5,0
D,DISPATCH,UNIT_SCADA,1,"2019/09/04 19:55:00",RT_VIC6,0
D,DISPATCH,UNIT_SCADA,1,"2019/09/04 19:55:00",RT_VIC7,0
D,DISPATCH,UNIT_SCADA,1,"2019/09/04 19:55:00",RT_VIC8,0
D,DISPATCH,UNIT_SCADA,1,"2019/09/04 19:55:00",RT_VIC9,0
D,DISPATCH,UNIT_SCADA,1,"2019/09/04 19:55:00",RUGBYR1,0
D,DISPATCH,UNIT_SCADA,1,"2019/09/04 19:55:00",SALTCRK1,0.34
D,DISPATCH,UNIT_SCADA,1,"2019/09/04 19:55:00",SAPHWF1,168.178130
D,DISPATCH,UNIT_SCADA,1,"2019/09/04 19:55:00",SHGEN,162.762370
D,DISPATCH,UNIT_SCADA,1,"2019/09/04 19:55:00",SHPUMP,0
D,DISPATCH,UNIT_SCADA,1,"2019/09/04 19:55:00",SITHE01,0.224190
D,DISPATCH,UNIT_SCADA,1,"2019/09/04 19:55:00",SMCSF1,0
D,DISPATCH,UNIT_SCADA,1,"2019/09/04 19:55:00",SNOWNTH1,1.70
D,DISPATCH,UNIT_SCADA,1,"2019/09/04 19:55:00",SNOWSTH1,0.20
D,DISPATCH,UNIT_SCADA,1,"2019/09/04 19:55:00",SNOWTWN1,0.463480
D,DISPATCH,UNIT_SCADA,1,"2019/09/04 19:55:00",SNOWYP,0
D,DISPATCH,UNIT_SCADA,1,"2019/09/04 19:55:00",SNUG1,0.019440
D,DISPATCH,UNIT_SCADA,1,"2019/09/04 19:55:00",SRSF1,0
D,DISPATCH,UNIT_SCADA,1,"2019/09/04 19:55:00",STAN-1,219.940630
D,DISPATCH,UNIT_SCADA,1,"2019/09/04 19:55:00",STAN-2,358.962490
D,DISPATCH,UNIT_SCADA,1,"2019/09/04 19:55:00",STAN-3,363.692260
D,DISPATCH,UNIT_SCADA,1,"2019/09/04 19:55:00",STAN-4,361.667050
D,DISPATCH,UNIT_SCADA,1,"2019/09/04 19:55:00",STWF1,35.91
D,DISPATCH,UNIT_SCADA,1,"2019/09/04 19:55:00",SWAN_E,0
D,DISPATCH,UNIT_SCADA,1,"2019/09/04 19:55:00",TALWA1,435
D,DISPATCH,UNIT_SCADA,1,"2019/09/04 19:55:00",TARALGA1,80.343750
D,DISPATCH,UNIT_SCADA,1,"2019/09/04 19:55:00",TARONG#1,346.300020
D,DISPATCH,UNIT_SCADA,1,"2019/09/04 19:55:00",TARONG#2,0
D,DISPATCH,UNIT_SCADA,1,"2019/09/04 19:55:00",TARONG#3,348.899990
D,DISPATCH,UNIT_SCADA,1,"2019/09/04 19:55:00",TARONG#4,348.50
D,DISPATCH,UNIT_SCADA,1,"2019/09/04 19:55:00",TARRALEA,71.10
D,DISPATCH,UNIT_SCADA,1,"2019/09/04 19:55:00",TBSF1,-0.20
D,DISPATCH,UNIT_SCADA,1,"2019/09/04 19:55:00",TNPS1,379.300020
D,DISPATCH,UNIT_SCADA,1,"2019/09/04 19:55:00",TORRA1,115.525830
D,DISPATCH,UNIT_SCADA,1,"2019/09/04 19:55:00",TORRA2,0
D,DISPATCH,UNIT_SCADA,1,"2019/09/04 19:55:00",TORRA3,0
D,DISPATCH,UNIT_SCADA,1,"2019/09/04 19:55:00",TORRA4,103.981050
D,DISPATCH,UNIT_SCADA,1,"2019/09/04 19:55:00",TORRB1,189.52
D,DISPATCH,UNIT_SCADA,1,"2019/09/04 19:55:00",TORRB2,191.539990
D,DISPATCH,UNIT_SCADA,1,"2019/09/04 19:55:00",TORRB3,190.350010
D,DISPATCH,UNIT_SCADA,1,"2019/09/04 19:55:00",TORRB4,0
D,DISPATCH,UNIT_SCADA,1,"2019/09/04 19:55:00",TREVALLN,44.260020
D,DISPATCH,UNIT_SCADA,1,"2019/09/04 19:55:00",TRIBUTE,0
D,DISPATCH,UNIT_SCADA,1,"2019/09/04 19:55:00",TUMUT3,0
D,DISPATCH,UNIT_SCADA,1,"2019/09/04 19:55:00",TUNGATIN,123.440030
D,DISPATCH,UNIT_SCADA,1,"2019/09/04 19:55:00",TVCC201,0
D,DISPATCH,UNIT_SCADA,1,"2019/09/04 19:55:00",TVPP104,0
D,DISPATCH,UNIT_SCADA,1,"2019/09/04 19:55:00",UPPTUMUT,0
D,DISPATCH,UNIT_SCADA,1,"2019/09/04 19:55:00",URANQ11,0
D,DISPATCH,UNIT_SCADA,1,"2019/09/04 19:55:00",URANQ12,0
D,DISPATCH,UNIT_SCADA,1,"2019/09/04 19:55:00",URANQ13,0
D,DISPATCH,UNIT_SCADA,1,"2019/09/04 19:55:00",URANQ14,0
D,DISPATCH,UNIT_SCADA,1,"2019/09/04 19:55:00",VP5,633.400020
D,DISPATCH,UNIT_SCADA,1,"2019/09/04 19:55:00",VP6,0
D,DISPATCH,UNIT_SCADA,1,"2019/09/04 19:55:00",VPGS1,0
D,DISPATCH,UNIT_SCADA,1,"2019/09/04 19:55:00",VPGS2,0
D,DISPATCH,UNIT_SCADA,1,"2019/09/04 19:55:00",VPGS3,0
D,DISPATCH,UNIT_SCADA,1,"2019/09/04 19:55:00",VPGS4,0
D,DISPATCH,UNIT_SCADA,1,"2019/09/04 19:55:00",VPGS5,0
D,DISPATCH,UNIT_SCADA,1,"2019/09/04 19:55:00",VPGS6,0
D,DISPATCH,UNIT_SCADA,1,"2019/09/04 19:55:00",W/HOE#1,0
D,DISPATCH,UNIT_SCADA,1,"2019/09/04 19:55:00",W/HOE#2,0
D,DISPATCH,UNIT_SCADA,1,"2019/09/04 19:55:00",WATERLWF,-1
D,DISPATCH,UNIT_SCADA,1,"2019/09/04 19:55:00",WEMENSF1,0
D,DISPATCH,UNIT_SCADA,1,"2019/09/04 19:55:00",WGWF1,21.50
D,DISPATCH,UNIT_SCADA,1,"2019/09/04 19:55:00",WHITSF1,0
D,DISPATCH,UNIT_SCADA,1,"2019/09/04 19:55:00",WKIEWA1,13.80
D,DISPATCH,UNIT_SCADA,1,"2019/09/04 19:55:00",WKIEWA2,13.90
D,DISPATCH,UNIT_SCADA,1,"2019/09/04 19:55:00",WOODLWN1,24.011990
D,DISPATCH,UNIT_SCADA,1,"2019/09/04 19:55:00",WRSF1,0
D,DISPATCH,UNIT_SCADA,1,"2019/09/04 19:55:00",WRWF1,56.263740
D,DISPATCH,UNIT_SCADA,1,"2019/09/04 19:55:00",YABULU,160.200010
D,DISPATCH,UNIT_SCADA,1,"2019/09/04 19:55:00",YABULU2,0
D,DISPATCH,UNIT_SCADA,1,"2019/09/04 19:55:00",YARWUN_1,159.70
D,DISPATCH,UNIT_SCADA,1,"2019/09/04 19:55:00",YENDWF1,-1.46
D,DISPATCH,UNIT_SCADA,1,"2019/09/04 19:55:00",YWPS1,377.192410
D,DISPATCH,UNIT_SCADA,1,"2019/09/04 19:55:00",YWPS2,277.941770
D,DISPATCH,UNIT_SCADA,1,"2019/09/04 19:55:00",YWPS3,0
D,DISPATCH,UNIT_SCADA,1,"2019/09/04 19:55:00",YWPS4,383.100010
C,"END OF REPORT",335
