C,NEMP.WORLD,DISPATCHSCADA,AEMO,PUBLIC,2019/09/05,12:55:10,0000000312422777,DISPATCHSCADA,0000000312422771
I,DISPATCH,UNIT_SCADA,1,SETTLEMENTDATE,DUID,SCADAVALUE
D,DISPATCH,UNIT_SCADA,1,"2019/09/05 13:00:00",BARCSF1,4.60
D,DISPATCH,UNIT_SCADA,1,"2019/09/05 13:00:00",BUTLERSG,10.199999
D,DISPATCH,UNIT_SCADA,1,"2019/09/05 13:00:00",CALL_A_4,0
D,DISPATCH,UNIT_SCADA,1,"2019/09/05 13:00:00",CAPTL_WF,0
D,DISPATCH,UNIT_SCADA,1,"2019/09/05 13:00:00",CATHROCK,26.289999
D,DISPATCH,UNIT_SCADA,1,"2019/09/05 13:00:00",CHALLHWF,11.90
D,DISPATCH,UNIT_SCADA,1,"2019/09/05 13:00:00",CLOVER,-0.01
D,DISPATCH,UNIT_SCADA,1,"2019/09/05 13:00:00",CLUNY,18.068666
D,DISPATCH,UNIT_SCADA,1,"2019/09/05 13:00:00",CNUNDAWF,18.721840
D,DISPATCH,UNIT_SCADA,1,"2019/09/05 13:00:00",CULLRGWF,3.31
D,DISPATCH,UNIT_SCADA,1,"2019/09/05 13:00:00",ERGT01,0
D,DISPATCH,UNIT_SCADA,1,"2019/09/05 13:00:00",GB01,-0.003567
D,DISPATCH,UNIT_SCADA,1,"2019/09/05 13:00:00",GERMCRK,32.50
D,DISPATCH,UNIT_SCADA,1,"2019/09/05 13:00:00",GRIFSF1,24.600006
D,DISPATCH,UNIT_SCADA,1,"2019/09/05 13:00:00",HUGSF1,0.03
D,DISPATCH,UNIT_SCADA,1,"2019/09/05 13:00:00",LKBONNY1,33.491013
D,DISPATCH,UNIT_SCADA,1,"2019/09/05 13:00:00",LRSF1,12.7860
D,DISPATCH,UNIT_SCADA,1,"2019/09/05 13:00:00",MBAHNTH,25.368744
D,DISPATCH,UNIT_SCADA,1,"2019/09/05 13:00:00",MLSP1,3.327001
D,DISPATCH,UNIT_SCADA,1,"2019/09/05 13:00:00",MLWF1,2.07
D,DISPATCH,UNIT_SCADA,1,"2019/09/05 13:00:00",MTMILLAR,27.897476
D,DISPATCH,UNIT_SCADA,1,"2019/09/05 13:00:00",PALOONA,25.619999
D,DISPATCH,UNIT_SCADA,1,"2019/09/05 13:00:00",PIONEER,14
D,DISPATCH,UNIT_SCADA,1,"2019/09/05 13:00:00",PORTWF,49.50
D,DISPATCH,UNIT_SCADA,1,"2019/09/05 13:00:00",REPULSE,28.968338
D,DISPATCH,UNIT_SCADA,1,"2019/09/05 13:00:00",ROWALLAN,10.2027
D,DISPATCH,UNIT_SCADA,1,"2019/09/05 13:00:00",ROYALLA1,4.39
D,DISPATCH,UNIT_SCADA,1,"2019/09/05 13:00:00",RPCG,11.70
D,DISPATCH,UNIT_SCADA,1,"2019/09/05 13:00:00",RUBICON,0
D,DISPATCH,UNIT_SCADA,1,"2019/09/05 13:00:00",SATGN1,0
D,DISPATCH,UNIT_SCADA,1,"2019/09/05 13:00:00",SATGS1,0
D,DISPATCH,UNIT_SCADA,1,"2019/09/05 13:00:00",STARHLWF,22.393471
D,DISPATCH,UNIT_SCADA,1,"2019/09/05 13:00:00",WAUBRAWF,48.050999
D,DISPATCH,UNIT_SCADA,1,"2019/09/05 13:00:00",WOOLNTH1,7.270016
D,DISPATCH,UNIT_SCADA,1,"2019/09/05 13:00:00",WPWF,72
D,DISPATCH,UNIT_SCADA,1,"2019/09/05 13:00:00",YAMBUKWF,2.70
D,DISPATCH,UNIT_SCADA,1,"2019/09/05 13:00:00",YSWF1,0.60
D,DISPATCH,UNIT_SCADA,1,"2019/09/05 13:00:00",AGLHAL,0
D,DISPATCH,UNIT_SCADA,1,"2019/09/05 13:00:00",AGLSOM,0
D,DISPATCH,UNIT_SCADA,1,"2019/09/05 13:00:00",ANGAST1,0
D,DISPATCH,UNIT_SCADA,1,"2019/09/05 13:00:00",ARWF1,43.10
D,DISPATCH,UNIT_SCADA,1,"2019/09/05 13:00:00",BALBG1,0
D,DISPATCH,UNIT_SCADA,1,"2019/09/05 13:00:00",BALBL1,0
D,DISPATCH,UNIT_SCADA,1,"2019/09/05 13:00:00",BALDHWF1,13.5340
D,DISPATCH,UNIT_SCADA,1,"2019/09/05 13:00:00",BANN1,59.98
D,DISPATCH,UNIT_SCADA,1,"2019/09/05 13:00:00",BARCALDN,0
D,DISPATCH,UNIT_SCADA,1,"2019/09/05 13:00:00",BARRON-1,0
D,DISPATCH,UNIT_SCADA,1,"2019/09/05 13:00:00",BARRON-2,0
D,DISPATCH,UNIT_SCADA,1,"2019/09/05 13:00:00",BASTYAN,80.66
D,DISPATCH,UNIT_SCADA,1,"2019/09/05 13:00:00",BBTHREE1,0
D,DISPATCH,UNIT_SCADA,1,"2019/09/05 13:00:00",BBTHREE2,0
D,DISPATCH,UNIT_SCADA,1,"2019/09/05 13:00:00",BBTHREE3,0
D,DISPATCH,UNIT_SCADA,1,"2019/09/05 13:00:00",BDL01,0
D,DISPATCH,UNIT_SCADA,1,"2019/09/05 13:00:00",BDL02,0
D,DISPATCH,UNIT_SCADA,1,"2019/09/05 13:00:00",BERYLSF1,69.629910
D,DISPATCH,UNIT_SCADA,1,"2019/09/05 13:00:00",BLOWERNG,11
D,DISPATCH,UNIT_SCADA,1,"2019/09/05 13:00:00",BLUFF1,28.50
D,DISPATCH,UNIT_SCADA,1,"2019/09/05 13:00:00",BNGSF1,95.19
D,DISPATCH,UNIT_SCADA,1,"2019/09/05 13:00:00",BNGSF2,20.04
D,DISPATCH,UNIT_SCADA,1,"2019/09/05 13:00:00",BOCORWF1,15.37
D,DISPATCH,UNIT_SCADA,1,"2019/09/05 13:00:00",BODWF1,13.023530
D,DISPATCH,UNIT_SCADA,1,"2019/09/05 13:00:00",BRAEMAR1,0
D,DISPATCH,UNIT_SCADA,1,"2019/09/05 13:00:00",BRAEMAR2,0
D,DISPATCH,UNIT_SCADA,1,"2019/09/05 13:00:00",BRAEMAR3,0
D,DISPATCH,UNIT_SCADA,1,"2019/09/05 13:00:00",BRAEMAR5,0
D,DISPATCH,UNIT_SCADA,1,"2019/09/05 13:00:00",BRAEMAR6,0
D,DISPATCH,UNIT_SCADA,1,"2019/09/05 13:00:00",BRAEMAR7,0
D,DISPATCH,UNIT_SCADA,1,"2019/09/05 13:00:00",BROKENH1,52.836430
D,DISPATCH,UNIT_SCADA,1,"2019/09/05 13:00:00",BW01,541.6250
D,DISPATCH,UNIT_SCADA,1,"2019/09/05 13:00:00",BW02,578.950070
D,DISPATCH,UNIT_SCADA,1,"2019/09/05 13:00:00",BW03,599.650020
D,DISPATCH,UNIT_SCADA,1,"2019/09/05 13:00:00",BW04,0
D,DISPATCH,UNIT_SCADA,1,"2019/09/05 13:00:00",CALL_B_1,297.100010
D,DISPATCH,UNIT_SCADA,1,"2019/09/05 13:00:00",CALL_B_2,217.50
D,DISPATCH,UNIT_SCADA,1,"2019/09/05 13:00:00",CETHANA,97.585750
D,DISPATCH,UNIT_SCADA,1,"2019/09/05 13:00:00",CG1,0
D,DISPATCH,UNIT_SCADA,1,"2019/09/05 13:00:00",CG2,0
D,DISPATCH,UNIT_SCADA,1,"2019/09/05 13:00:00",CG3,0
D,DISPATCH,UNIT_SCADA,1,"2019/09/05 13:00:00",CG4,0
D,DISPATCH,UNIT_SCADA,1,"2019/09/05 13:00:00",CHILDSF1,54.63
D,DISPATCH,UNIT_SCADA,1,"2019/09/05 13:00:00",CLARESF1,2.0313
D,DISPATCH,UNIT_SCADA,1,"2019/09/05 13:00:00",CLEMGPWF,35.729370
D,DISPATCH,UNIT_SCADA,1,"2019/09/05 13:00:00",CLERMSF1,0.30
D,DISPATCH,UNIT_SCADA,1,"2019/09/05 13:00:00",COLEASF1,143.900010
D,DISPATCH,UNIT_SCADA,1,"2019/09/05 13:00:00",COOPGWF1,4.2459
D,DISPATCH,UNIT_SCADA,1,"2019/09/05 13:00:00",CPP_3,255.75
D,DISPATCH,UNIT_SCADA,1,"2019/09/05 13:00:00",CPP_4,179.5750
D,DISPATCH,UNIT_SCADA,1,"2019/09/05 13:00:00",CPSA,73.626880
D,DISPATCH,UNIT_SCADA,1,"2019/09/05 13:00:00",CROOKWF2,8.613750
D,DISPATCH,UNIT_SCADA,1,"2019/09/05 13:00:00",CROWLWF1,1.690050
D,DISPATCH,UNIT_SCADA,1,"2019/09/05 13:00:00",CSPVPS1,32.0250
D,DISPATCH,UNIT_SCADA,1,"2019/09/05 13:00:00",DALNTH01,0
D,DISPATCH,UNIT_SCADA,1,"2019/09/05 13:00:00",DALNTHL1,0.981160
D,DISPATCH,UNIT_SCADA,1,"2019/09/05 13:00:00",DARTM1,0
D,DISPATCH,UNIT_SCADA,1,"2019/09/05 13:00:00",DAYDSF1,0
D,DISPATCH,UNIT_SCADA,1,"2019/09/05 13:00:00",DDPS1,0
D,DISPATCH,UNIT_SCADA,1,"2019/09/05 13:00:00",DDSF1,16.131070
D,DISPATCH,UNIT_SCADA,1,"2019/09/05 13:00:00",DEVILS_G,63.7788
D,DISPATCH,UNIT_SCADA,1,"2019/09/05 13:00:00",DG_NSW1,0
D,DISPATCH,UNIT_SCADA,1,"2019/09/05 13:00:00",DG_QLD1,0
D,DISPATCH,UNIT_SCADA,1,"2019/09/05 13:00:00",DG_SA1,0
D,DISPATCH,UNIT_SCADA,1,"2019/09/05 13:00:00",DG_TAS1,0
D,DISPATCH,UNIT_SCADA,1,"2019/09/05 13:00:00",DG_VIC1,0
D,DISPATCH,UNIT_SCADA,1,"2019/09/05 13:00:00",DRYCGT1,0
D,DISPATCH,UNIT_SCADA,1,"2019/09/05 13:00:00",DRYCGT2,0
D,DISPATCH,UNIT_SCADA,1,"2019/09/05 13:00:00",DRYCGT3,0
D,DISPATCH,UNIT_SCADA,1,"2019/09/05 13:00:00",EILDON1,0
D,DISPATCH,UNIT_SCADA,1,"2019/09/05 13:00:00",EILDON2,0
D,DISPATCH,UNIT_SCADA,1,"2019/09/05 13:00:00",EMERASF1,0.12
D,DISPATCH,UNIT_SCADA,1,"2019/09/05 13:00:00",ER01,555.424930
D,DISPATCH,UNIT_SCADA,1,"2019/09/05 13:00:00",ER02,350.199950
D,DISPATCH,UNIT_SCADA,1,"2019/09/05 13:00:00",ER03,0
D,DISPATCH,UNIT_SCADA,1,"2019/09/05 13:00:00",ER04,660.75
D,DISPATCH,UNIT_SCADA,1,"2019/09/05 13:00:00",FINLYSF1,10.931260
D,DISPATCH,UNIT_SCADA,1,"2019/09/05 13:00:00",FISHER,45.91
D,DISPATCH,UNIT_SCADA,1,"2019/09/05 13:00:00",GANNBG1,0
D,DISPATCH,UNIT_SCADA,1,"2019/09/05 13:00:00",GANNBL1,0.083270
D,DISPATCH,UNIT_SCADA,1,"2019/09/05 13:00:00",GANNSF1,8.90
D,DISPATCH,UNIT_SCADA,1,"2019/09/05 13:00:00",GORDON,19.279120
D,DISPATCH,UNIT_SCADA,1,"2019/09/05 13:00:00",GSTONE1,148.05
D,DISPATCH,UNIT_SCADA,1,"2019/09/05 13:00:00",GSTONE2,150.149990
D,DISPATCH,UNIT_SCADA,1,"2019/09/05 13:00:00",GSTONE3,0
D,DISPATCH,UNIT_SCADA,1,"2019/09/05 13:00:00",GSTONE4,148.224990
D,DISPATCH,UNIT_SCADA,1,"2019/09/05 13:00:00",GSTONE5,146.8250
D,DISPATCH,UNIT_SCADA,1,"2019/09/05 13:00:00",GSTONE6,146.649990
D,DISPATCH,UNIT_SCADA,1,"2019/09/05 13:00:00",GULLRSF1,7.259950
D,DISPATCH,UNIT_SCADA,1,"2019/09/05 13:00:00",GULLRWF1,16.711210
D,DISPATCH,UNIT_SCADA,1,"2019/09/05 13:00:00",GUNNING1,6.918590
D,DISPATCH,UNIT_SCADA,1,"2019/09/05 13:00:00",GUTHEGA,0
D,DISPATCH,UNIT_SCADA,1,"2019/09/05 13:00:00",HALLWF1,45.42
D,DISPATCH,UNIT_SCADA,1,"2019/09/05 13:00:00",HALLWF2,40.79
D,DISPATCH,UNIT_SCADA,1,"2019/09/05 13:00:00",HAMISF1,43.40
D,DISPATCH,UNIT_SCADA,1,"2019/09/05 13:00:00",HAUGHT11,91.578370
D,DISPATCH,UNIT_SCADA,1,"2019/09/05 13:00:00",HAYMSF1,40.0630
D,DISPATCH,UNIT_SCADA,1,"2019/09/05 13:00:00",HDWF1,55.60
D,DISPATCH,UNIT_SCADA,1,"2019/09/05 13:00:00",HDWF2,39.60
D,DISPATCH,UNIT_SCADA,1,"2019/09/05 13:00:00",HDWF3,53
D,DISPATCH,UNIT_SCADA,1,"2019/09/05 13:00:00",HPRG1,0
D,DISPATCH,UNIT_SCADA,1,"2019/09/05 13:00:00",HPRL1,0
D,DISPATCH,UNIT_SCADA,1,"2019/09/05 13:00:00",HUMENSW,0
D,DISPATCH,UNIT_SCADA,1,"2019/09/05 13:00:00",HUMEV,25.30
D,DISPATCH,UNIT_SCADA,1,"2019/09/05 13:00:00",HVGTS,0
D,DISPATCH,UNIT_SCADA,1,"2019/09/05 13:00:00",JBUTTERS,18.63
D,DISPATCH,UNIT_SCADA,1,"2019/09/05 13:00:00",JLA01,0.10
D,DISPATCH,UNIT_SCADA,1,"2019/09/05 13:00:00",JLA02,0
D,DISPATCH,UNIT_SCADA,1,"2019/09/05 13:00:00",JLA03,0
D,DISPATCH,UNIT_SCADA,1,"2019/09/05 13:00:00",JLA04,0
D,DISPATCH,UNIT_SCADA,1,"2019/09/05 13:00:00",JLB01,0
D,DISPATCH,UNIT_SCADA,1,"2019/09/05 13:00:00",JLB02,83.60
D,DISPATCH,UNIT_SCADA,1,"2019/09/05 13:00:00",JLB03,0
D,DISPATCH,UNIT_SCADA,1,"2019/09/05 13:00:00",KAREEYA1,21.5250
D,DISPATCH,UNIT_SCADA,1,"2019/09/05 13:00:00",KAREEYA2,21.7650
D,DISPATCH,UNIT_SCADA,1,"2019/09/05 13:00:00",KAREEYA3,0
D,DISPATCH,UNIT_SCADA,1,"2019/09/05 13:00:00",KAREEYA4,21.5425
D,DISPATCH,UNIT_SCADA,1,"2019/09/05 13:00:00",KARSF1,74.20
D,DISPATCH,UNIT_SCADA,1,"2019/09/05 13:00:00",KIATAWF1,5.50
D,DISPATCH,UNIT_SCADA,1,"2019/09/05 13:00:00",KPP_1,0
D,DISPATCH,UNIT_SCADA,1,"2019/09/05 13:00:00",KSP1,0
D,DISPATCH,UNIT_SCADA,1,"2019/09/05 13:00:00",LADBROK1,0
D,DISPATCH,UNIT_SCADA,1,"2019/09/05 13:00:00",LADBROK2,0
D,DISPATCH,UNIT_SCADA,1,"2019/09/05 13:00:00",LD01,374.493710
D,DISPATCH,UNIT_SCADA,1,"2019/09/05 13:00:00",LD02,380.868710
D,DISPATCH,UNIT_SCADA,1,"2019/09/05 13:00:00",LD03,378.524960
D,DISPATCH,UNIT_SCADA,1,"2019/09/05 13:00:00",LD04,377.606260
D,DISPATCH,UNIT_SCADA,1,"2019/09/05 13:00:00",LEM_WIL,82.3750
D,DISPATCH,UNIT_SCADA,1,"2019/09/05 13:00:00",LGAPWF1,9.21
D,DISPATCH,UNIT_SCADA,1,"2019/09/05 13:00:00",LILYSF1,87.556090
D,DISPATCH,UNIT_SCADA,1,"2019/09/05 13:00:00",LI_WY_CA,143.828460
D,DISPATCH,UNIT_SCADA,1,"2019/09/05 13:00:00",LKBONNY2,65.781330
D,DISPATCH,UNIT_SCADA,1,"2019/09/05 13:00:00",LKBONNY3,17.695580
D,DISPATCH,UNIT_SCADA,1,"2019/09/05 13:00:00",LK_ECHO,0
D,DISPATCH,UNIT_SCADA,1,"2019/09/05 13:00:00",LNGS1,0
D,DISPATCH,UNIT_SCADA,1,"2019/09/05 13:00:00",LNGS2,0
D,DISPATCH,UNIT_SCADA,1,"2019/09/05 13:00:00",LONSDALE,0
D,DISPATCH,UNIT_SCADA,1,"2019/09/05 13:00:00",LOYYB1,534.960750
D,DISPATCH,UNIT_SCADA,1,"2019/09/05 13:00:00",LOYYB2,580.450620
D,DISPATCH,UNIT_SCADA,1,"2019/09/05 13:00:00",LYA1,0
D,DISPATCH,UNIT_SCADA,1,"2019/09/05 13:00:00",LYA2,0
D,DISPATCH,UNIT_SCADA,1,"2019/09/05 13:00:00",LYA3,559
D,DISPATCH,UNIT_SCADA,1,"2019/09/05 13:00:00",LYA4,541
D,DISPATCH,UNIT_SCADA,1,"2019/09/05 13:00:00",MACARTH1,82.398090
D,DISPATCH,UNIT_SCADA,1,"2019/09/05 13:00:00",MACKAYGT,0.2240
D,DISPATCH,UNIT_SCADA,1,"2019/09/05 13:00:00",MACKNTSH,88.170010
D,DISPATCH,UNIT_SCADA,1,"2019/09/05 13:00:00",MANSLR1,38.91
D,DISPATCH,UNIT_SCADA,1,"2019/09/05 13:00:00",MCKAY1,0.0750
D,DISPATCH,UNIT_SCADA,1,"2019/09/05 13:00:00",MEADOWBK,32.0096
D,DISPATCH,UNIT_SCADA,1,"2019/09/05 13:00:00",MERCER01,0.6080
D,DISPATCH,UNIT_SCADA,1,"2019/09/05 13:00:00",MEWF1,0
D,DISPATCH,UNIT_SCADA,1,"2019/09/05 13:00:00",MINTARO,0
D,DISPATCH,UNIT_SCADA,1,"2019/09/05 13:00:00",MOREESF1,48.16
D,DISPATCH,UNIT_SCADA,1,"2019/09/05 13:00:00",MORTLK11,124
D,DISPATCH,UNIT_SCADA,1,"2019/09/05 13:00:00",MORTLK12,0
D,DISPATCH,UNIT_SCADA,1,"2019/09/05 13:00:00",MP1,218.6250
D,DISPATCH,UNIT_SCADA,1,"2019/09/05 13:00:00",MP2,0
D,DISPATCH,UNIT_SCADA,1,"2019/09/05 13:00:00",MPP_1,319
D,DISPATCH,UNIT_SCADA,1,"2019/09/05 13:00:00",MPP_2,250.25
D,DISPATCH,UNIT_SCADA,1,"2019/09/05 13:00:00",MSTUART1,0
D,DISPATCH,UNIT_SCADA,1,"2019/09/05 13:00:00",MSTUART2,0
D,DISPATCH,UNIT_SCADA,1,"2019/09/05 13:00:00",MSTUART3,0
D,DISPATCH,UNIT_SCADA,1,"2019/09/05 13:00:00",MTGELWF1,6.364640
D,DISPATCH,UNIT_SCADA,1,"2019/09/05 13:00:00",MURRAY,0
D,DISPATCH,UNIT_SCADA,1,"2019/09/05 13:00:00",MUSSELR1,-0.50
D,DISPATCH,UNIT_SCADA,1,"2019/09/05 13:00:00",MUWAWF1,5.57
D,DISPATCH,UNIT_SCADA,1,"2019/09/05 13:00:00",NBHWF1,49.90
D,DISPATCH,UNIT_SCADA,1,"2019/09/05 13:00:00",NPS,0
D,DISPATCH,UNIT_SCADA,1,"2019/09/05 13:00:00",NUMURSF1,71.55
D,DISPATCH,UNIT_SCADA,1,"2019/09/05 13:00:00",NYNGAN1,101.25
D,DISPATCH,UNIT_SCADA,1,"2019/09/05 13:00:00",OAKEY1,0
D,DISPATCH,UNIT_SCADA,1,"2019/09/05 13:00:00",OAKEY1SF,22.83
D,DISPATCH,UNIT_SCADA,1,"2019/09/05 13:00:00",OAKEY2,0
D,DISPATCH,UNIT_SCADA,1,"2019/09/05 13:00:00",OAKEY2SF,0
D,DISPATCH,UNIT_SCADA,1,"2019/09/05 13:00:00",OAKLAND1,22.60
D,DISPATCH,UNIT_SCADA,1,"2019/09/05 13:00:00",OSB-AG,139.16
D,DISPATCH,UNIT_SCADA,1,"2019/09/05 13:00:00",PARSF1,44
D,DISPATCH,UNIT_SCADA,1,"2019/09/05 13:00:00",POAT110,0
D,DISPATCH,UNIT_SCADA,1,"2019/09/05 13:00:00",POAT220,1.36
D,DISPATCH,UNIT_SCADA,1,"2019/09/05 13:00:00",POR01,0
D,DISPATCH,UNIT_SCADA,1,"2019/09/05 13:00:00",POR03,0
D,DISPATCH,UNIT_SCADA,1,"2019/09/05 13:00:00",PPCCGT,172.209990
D,DISPATCH,UNIT_SCADA,1,"2019/09/05 13:00:00",PTSTAN1,0
D,DISPATCH,UNIT_SCADA,1,"2019/09/05 13:00:00",PUMP1,0
D,DISPATCH,UNIT_SCADA,1,"2019/09/05 13:00:00",PUMP2,0
D,DISPATCH,UNIT_SCADA,1,"2019/09/05 13:00:00",QPS1,0
D,DISPATCH,UNIT_SCADA,1,"2019/09/05 13:00:00",QPS2,0
D,DISPATCH,UNIT_SCADA,1,"2019/09/05 13:00:00",QPS3,0
D,DISPATCH,UNIT_SCADA,1,"2019/09/05 13:00:00",QPS4,0
D,DISPATCH,UNIT_SCADA,1,"2019/09/05 13:00:00",QPS5,0
D,DISPATCH,UNIT_SCADA,1,"2019/09/05 13:00:00",REECE1,100.960010
D,DISPATCH,UNIT_SCADA,1,"2019/09/05 13:00:00",REECE2,101.510010
D,DISPATCH,UNIT_SCADA,1,"2019/09/05 13:00:00",ROMA_7,0
D,DISPATCH,UNIT_SCADA,1,"2019/09/05 13:00:00",ROMA_8,0
D,DISPATCH,UNIT_SCADA,1,"2019/09/05 13:00:00",RRSF1,108.922110
D,DISPATCH,UNIT_SCADA,1,"2019/09/05 13:00:00",RT_NSW1,0
D,DISPATCH,UNIT_SCADA,1,"2019/09/05 13:00:00",RT_NSW2,0
D,DISPATCH,UNIT_SCADA,1,"2019/09/05 13:00:00",RT_NSW3,0
D,DISPATCH,UNIT_SCADA,1,"2019/09/05 13:00:00",RT_NSW4,0
D,DISPATCH,UNIT_SCADA,1,"2019/09/05 13:00:00",RT_NSW5,0
D,DISPATCH,UNIT_SCADA,1,"2019/09/05 13:00:00",RT_NSW6,0
D,DISPATCH,UNIT_SCADA,1,"2019/09/05 13:00:00",RT_QLD1,0
D,DISPATCH,UNIT_SCADA,1,"2019/09/05 13:00:00",RT_SA1,0
D,DISPATCH,UNIT_SCADA,1,"2019/09/05 13:00:00",RT_SA2,0
D,DISPATCH,UNIT_SCADA,1,"2019/09/05 13:00:00",RT_SA3,0
D,DISPATCH,UNIT_SCADA,1,"2019/09/05 13:00:00",RT_SA4,0
D,DISPATCH,UNIT_SCADA,1,"2019/09/05 13:00:00",RT_SA5,0
D,DISPATCH,UNIT_SCADA,1,"2019/09/05 13:00:00",RT_SA6,0
D,DISPATCH,UNIT_SCADA,1,"2019/09/05 13:00:00",RT_TAS1,0
D,DISPATCH,UNIT_SCADA,1,"2019/09/05 13:00:00",RT_VIC1,0
D,DISPATCH,UNIT_SCADA,1,"2019/09/05 13:00:00",RT_VIC10,0
D,DISPATCH,UNIT_SCADA,1,"2019/09/05 13:00:00",RT_VIC11,0
D,DISPATCH,UNIT_SCADA,1,"2019/09/05 13:00:00",RT_VIC12,0
D,DISPATCH,UNIT_SCADA,1,"2019/09/05 13:00:00",RT_VIC2,0
D,DISPATCH,UNIT_SCADA,1,"2019/09/05 13:00:00",RT_VIC3,0
D,DISPATCH,UNIT_SCADA,1,"2019/09/05 13:00:00",RT_VIC4,0
D,DISPATCH,UNIT_SCADA,1,"2019/09/05 13:00:00",RT_VIC5,0
D,DISPATCH,UNIT_SCADA,1,"2019/09/05 13:00:00",RT_VIC6,0
D,DISPATCH,UNIT_SCADA,1,"2019/09/05 13:00:00",RT_VIC7,0
D,DISPATCH,UNIT_SCADA,1,"2019/09/05 13:00:00",RT_VIC8,0
D,DISPATCH,UNIT_SCADA,1,"2019/09/05 13:00:00",RT_VIC9,0
D,DISPATCH,UNIT_SCADA,1,"2019/09/05 13:00:00",RUGBYR1,0.065660
D,DISPATCH,UNIT_SCADA,1,"2019/09/05 13:00:00",SALTCRK1,15.72
D,DISPATCH,UNIT_SCADA,1,"2019/09/05 13:00:00",SAPHWF1,107.962490
D,DISPATCH,UNIT_SCADA,1,"2019/09/05 13:00:00",SHGEN,0
D,DISPATCH,UNIT_SCADA,1,"2019/09/05 13:00:00",SHPUMP,159.072910
D,DISPATCH,UNIT_SCADA,1,"2019/09/05 13:00:00",SITHE01,0.194050
D,DISPATCH,UNIT_SCADA,1,"2019/09/05 13:00:00",SMCSF1,0
D,DISPATCH,UNIT_SCADA,1,"2019/09/05 13:00:00",SNOWNTH1,87
D,DISPATCH,UNIT_SCADA,1,"2019/09/05 13:00:00",SNOWSTH1,93.50
D,DISPATCH,UNIT_SCADA,1,"2019/09/05 13:00:00",SNOWTWN1,65.466250
D,DISPATCH,UNIT_SCADA,1,"2019/09/05 13:00:00",SNOWYP,0
D,DISPATCH,UNIT_SCADA,1,"2019/09/05 13:00:00",SNUG1,0.019440
D,DISPATCH,UNIT_SCADA,1,"2019/09/05 13:00:00",SRSF1,1.56
D,DISPATCH,UNIT_SCADA,1,"2019/09/05 13:00:00",STAN-1,354.450620
D,DISPATCH,UNIT_SCADA,1,"2019/09/05 13:00:00",STAN-2,217.389890
D,DISPATCH,UNIT_SCADA,1,"2019/09/05 13:00:00",STAN-3,216.659270
D,DISPATCH,UNIT_SCADA,1,"2019/09/05 13:00:00",STAN-4,218.223050
D,DISPATCH,UNIT_SCADA,1,"2019/09/05 13:00:00",STWF1,0
D,DISPATCH,UNIT_SCADA,1,"2019/09/05 13:00:00",SWAN_E,0
D,DISPATCH,UNIT_SCADA,1,"2019/09/05 13:00:00",TALWA1,288
D,DISPATCH,UNIT_SCADA,1,"2019/09/05 13:00:00",TARALGA1,16.200020
D,DISPATCH,UNIT_SCADA,1,"2019/09/05 13:00:00",TARONG#1,347.899990
D,DISPATCH,UNIT_SCADA,1,"2019/09/05 13:00:00",TARONG#2,0
D,DISPATCH,UNIT_SCADA,1,"2019/09/05 13:00:00",TARONG#3,279.200010
D,DISPATCH,UNIT_SCADA,1,"2019/09/05 13:00:00",TARONG#4,348.899990
D,DISPATCH,UNIT_SCADA,1,"2019/09/05 13:00:00",TARRALEA,71.10
D,DISPATCH,UNIT_SCADA,1,"2019/09/05 13:00:00",TBSF1,73.10
D,DISPATCH,UNIT_SCADA,1,"2019/09/05 13:00:00",TNPS1,379.300020
D,DISPATCH,UNIT_SCADA,1,"2019/09/05 13:00:00",TORRA1,37.356780
D,DISPATCH,UNIT_SCADA,1,"2019/09/05 13:00:00",TORRA2,0
D,DISPATCH,UNIT_SCADA,1,"2019/09/05 13:00:00",TORRA3,0
D,DISPATCH,UNIT_SCADA,1,"2019/09/05 13:00:00",TORRA4,36.512430
D,DISPATCH,UNIT_SCADA,1,"2019/09/05 13:00:00",TORRB1,39.27
D,DISPATCH,UNIT_SCADA,1,"2019/09/05 13:00:00",TORRB2,39.08
D,DISPATCH,UNIT_SCADA,1,"2019/09/05 13:00:00",TORRB3,38.85
D,DISPATCH,UNIT_SCADA,1,"2019/09/05 13:00:00",TORRB4,0
D,DISPATCH,UNIT_SCADA,1,"2019/09/05 13:00:00",TREVALLN,18
D,DISPATCH,UNIT_SCADA,1,"2019/09/05 13:00:00",TRIBUTE,0
D,DISPATCH,UNIT_SCADA,1,"2019/09/05 13:00:00",TUMUT3,0
D,DISPATCH,UNIT_SCADA,1,"2019/09/05 13:00:00",TUNGATIN,67.20
D,DISPATCH,UNIT_SCADA,1,"2019/09/05 13:00:00",TVCC201,0
D,DISPATCH,UNIT_SCADA,1,"2019/09/05 13:00:00",TVPP104,0
D,DISPATCH,UNIT_SCADA,1,"2019/09/05 13:00:00",UPPTUMUT,98.790090
D,DISPATCH,UNIT_SCADA,1,"2019/09/05 13:00:00",URANQ11,0
D,DISPATCH,UNIT_SCADA,1,"2019/09/05 13:00:00",URANQ12,0
D,DISPATCH,UNIT_SCADA,1,"2019/09/05 13:00:00",URANQ13,155.275020
D,DISPATCH,UNIT_SCADA,1,"2019/09/05 13:00:00",URANQ14,0
D,DISPATCH,UNIT_SCADA,1,"2019/09/05 13:00:00",VP5,510.624970
D,DISPATCH,UNIT_SCADA,1,"2019/09/05 13:00:00",VP6,0
D,DISPATCH,UNIT_SCADA,1,"2019/09/05 13:00:00",VPGS1,0
D,DISPATCH,UNIT_SCADA,1,"2019/09/05 13:00:00",VPGS2,0
D,DISPATCH,UNIT_SCADA,1,"2019/09/05 13:00:00",VPGS3,0
D,DISPATCH,UNIT_SCADA,1,"2019/09/05 13:00:00",VPGS4,0
D,DISPATCH,UNIT_SCADA,1,"2019/09/05 13:00:00",VPGS5,0
D,DISPATCH,UNIT_SCADA,1,"2019/09/05 13:00:00",VPGS6,0
D,DISPATCH,UNIT_SCADA,1,"2019/09/05 13:00:00",W/HOE#1,0
D,DISPATCH,UNIT_SCADA,1,"2019/09/05 13:00:00",W/HOE#2,0
D,DISPATCH,UNIT_SCADA,1,"2019/09/05 13:00:00",WATERLWF,64.60
D,DISPATCH,UNIT_SCADA,1,"2019/09/05 13:00:00",WEMENSF1,74.30
D,DISPATCH,UNIT_SCADA,1,"2019/09/05 13:00:00",WGWF1,31.80
D,DISPATCH,UNIT_SCADA,1,"2019/09/05 13:00:00",WHITSF1,0
D,DISPATCH,UNIT_SCADA,1,"2019/09/05 13:00:00",WKIEWA1,0
D,DISPATCH,UNIT_SCADA,1,"2019/09/05 13:00:00",WKIEWA2,0.10
D,DISPATCH,UNIT_SCADA,1,"2019/09/05 13:00:00",WOODLWN1,0
D,DISPATCH,UNIT_SCADA,1,"2019/09/05 13:00:00",WRSF1,19.81
D,DISPATCH,UNIT_SCADA,1,"2019/09/05 13:00:00",WRWF1,69.211260
D,DISPATCH,UNIT_SCADA,1,"2019/09/05 13:00:00",YABULU,0
D,DISPATCH,UNIT_SCADA,1,"2019/09/05 13:00:00",YABULU2,0
D,DISPATCH,UNIT_SCADA,1,"2019/09/05 13:00:00",YARWUN_1,119.30
D,DISPATCH,UNIT_SCADA,1,"2019/09/05 13:00:00",YENDWF1,10.72
D,DISPATCH,UNIT_SCADA,1,"2019/09/05 13:00:00",YWPS1,376.440520
D,DISPATCH,UNIT_SCADA,1,"2019/09/05 13:00:00",YWPS2,275.936710
D,DISPATCH,UNIT_SCADA,1,"2019/09/05 13:00:00",YWPS3,326.079740
D,DISPATCH,UNIT_SCADA,1,"2019/09/05 13:00:00",YWPS4,385.358220
C,"END OF REPORT",335
