C,NEMP.WORLD,DISPATCHSCADA,AEMO,PUBLIC,2019/09/05,10:50:09,0000000312418883,DISPATCHSCADA,0000000312418877
I,DISPATCH,UNIT_SCADA,1,SETTLEMENTDATE,DUID,SCADAVALUE
D,DISPATCH,UNIT_SCADA,1,"2019/09/05 10:55:00",BARCSF1,8.80
D,DISPATCH,UNIT_SCADA,1,"2019/09/05 10:55:00",BUTLERSG,10.199999
D,DISPATCH,UNIT_SCADA,1,"2019/09/05 10:55:00",CALL_A_4,0
D,DISPATCH,UNIT_SCADA,1,"2019/09/05 10:55:00",CAPTL_WF,0
D,DISPATCH,UNIT_SCADA,1,"2019/09/05 10:55:00",CATHROCK,34.459999
D,DISPATCH,UNIT_SCADA,1,"2019/09/05 10:55:00",CHALLHWF,2.30
D,DISPATCH,UNIT_SCADA,1,"2019/09/05 10:55:00",CLOVER,-0.01
D,DISPATCH,UNIT_SCADA,1,"2019/09/05 10:55:00",CLUNY,8.067292
D,DISPATCH,UNIT_SCADA,1,"2019/09/05 10:55:00",CNUNDAWF,21.725344
D,DISPATCH,UNIT_SCADA,1,"2019/09/05 10:55:00",CULLRGWF,0.89
D,DISPATCH,UNIT_SCADA,1,"2019/09/05 10:55:00",ERGT01,0
D,DISPATCH,UNIT_SCADA,1,"2019/09/05 10:55:00",GB01,0.014149
D,DISPATCH,UNIT_SCADA,1,"2019/09/05 10:55:00",GERMCRK,34.099998
D,DISPATCH,UNIT_SCADA,1,"2019/09/05 10:55:00",GRIFSF1,22.399994
D,DISPATCH,UNIT_SCADA,1,"2019/09/05 10:55:00",HUGSF1,8.9410
D,DISPATCH,UNIT_SCADA,1,"2019/09/05 10:55:00",LKBONNY1,44.476063
D,DISPATCH,UNIT_SCADA,1,"2019/09/05 10:55:00",LRSF1,13.2390
D,DISPATCH,UNIT_SCADA,1,"2019/09/05 10:55:00",MBAHNTH,25.537506
D,DISPATCH,UNIT_SCADA,1,"2019/09/05 10:55:00",MLSP1,7.006001
D,DISPATCH,UNIT_SCADA,1,"2019/09/05 10:55:00",MLWF1,2.4450
D,DISPATCH,UNIT_SCADA,1,"2019/09/05 10:55:00",MTMILLAR,16.847130
D,DISPATCH,UNIT_SCADA,1,"2019/09/05 10:55:00",PALOONA,24.75
D,DISPATCH,UNIT_SCADA,1,"2019/09/05 10:55:00",PIONEER,25.200001
D,DISPATCH,UNIT_SCADA,1,"2019/09/05 10:55:00",PORTWF,18.799999
D,DISPATCH,UNIT_SCADA,1,"2019/09/05 10:55:00",REPULSE,12.077210
D,DISPATCH,UNIT_SCADA,1,"2019/09/05 10:55:00",ROWALLAN,10.4938
D,DISPATCH,UNIT_SCADA,1,"2019/09/05 10:55:00",ROYALLA1,11.661001
D,DISPATCH,UNIT_SCADA,1,"2019/09/05 10:55:00",RPCG,10.80
D,DISPATCH,UNIT_SCADA,1,"2019/09/05 10:55:00",RUBICON,0
D,DISPATCH,UNIT_SCADA,1,"2019/09/05 10:55:00",SATGN1,0
D,DISPATCH,UNIT_SCADA,1,"2019/09/05 10:55:00",SATGS1,0
D,DISPATCH,UNIT_SCADA,1,"2019/09/05 10:55:00",STARHLWF,3.399009
D,DISPATCH,UNIT_SCADA,1,"2019/09/05 10:55:00",WAUBRAWF,47.3330
D,DISPATCH,UNIT_SCADA,1,"2019/09/05 10:55:00",WOOLNTH1,-0.289985
D,DISPATCH,UNIT_SCADA,1,"2019/09/05 10:55:00",WPWF,64
D,DISPATCH,UNIT_SCADA,1,"2019/09/05 10:55:00",YAMBUKWF,0.70
D,DISPATCH,UNIT_SCADA,1,"2019/09/05 10:55:00",YSWF1,0
D,DISPATCH,UNIT_SCADA,1,"2019/09/05 10:55:00",AGLHAL,0
D,DISPATCH,UNIT_SCADA,1,"2019/09/05 10:55:00",AGLSOM,0
D,DISPATCH,UNIT_SCADA,1,"2019/09/05 10:55:00",ANGAST1,0
D,DISPATCH,UNIT_SCADA,1,"2019/09/05 10:55:00",ARWF1,20.90
D,DISPATCH,UNIT_SCADA,1,"2019/09/05 10:55:00",BALBG1,0
D,DISPATCH,UNIT_SCADA,1,"2019/09/05 10:55:00",BALBL1,11.97
D,DISPATCH,UNIT_SCADA,1,"2019/09/05 10:55:00",BALDHWF1,3.7550
D,DISPATCH,UNIT_SCADA,1,"2019/09/05 10:55:00",BANN1,59.96
D,DISPATCH,UNIT_SCADA,1,"2019/09/05 10:55:00",BARCALDN,0
D,DISPATCH,UNIT_SCADA,1,"2019/09/05 10:55:00",BARRON-1,0
D,DISPATCH,UNIT_SCADA,1,"2019/09/05 10:55:00",BARRON-2,0
D,DISPATCH,UNIT_SCADA,1,"2019/09/05 10:55:00",BASTYAN,80.030010
D,DISPATCH,UNIT_SCADA,1,"2019/09/05 10:55:00",BBTHREE1,0
D,DISPATCH,UNIT_SCADA,1,"2019/09/05 10:55:00",BBTHREE2,0
D,DISPATCH,UNIT_SCADA,1,"2019/09/05 10:55:00",BBTHREE3,0
D,DISPATCH,UNIT_SCADA,1,"2019/09/05 10:55:00",BDL01,-0.06
D,DISPATCH,UNIT_SCADA,1,"2019/09/05 10:55:00",BDL02,0
D,DISPATCH,UNIT_SCADA,1,"2019/09/05 10:55:00",BERYLSF1,67.191190
D,DISPATCH,UNIT_SCADA,1,"2019/09/05 10:55:00",BLOWERNG,10.90
D,DISPATCH,UNIT_SCADA,1,"2019/09/05 10:55:00",BLUFF1,34.90
D,DISPATCH,UNIT_SCADA,1,"2019/09/05 10:55:00",BNGSF1,101.31
D,DISPATCH,UNIT_SCADA,1,"2019/09/05 10:55:00",BNGSF2,20.03
D,DISPATCH,UNIT_SCADA,1,"2019/09/05 10:55:00",BOCORWF1,1.87
D,DISPATCH,UNIT_SCADA,1,"2019/09/05 10:55:00",BODWF1,1.656880
D,DISPATCH,UNIT_SCADA,1,"2019/09/05 10:55:00",BRAEMAR1,0
D,DISPATCH,UNIT_SCADA,1,"2019/09/05 10:55:00",BRAEMAR2,0
D,DISPATCH,UNIT_SCADA,1,"2019/09/05 10:55:00",BRAEMAR3,0
D,DISPATCH,UNIT_SCADA,1,"2019/09/05 10:55:00",BRAEMAR5,0
D,DISPATCH,UNIT_SCADA,1,"2019/09/05 10:55:00",BRAEMAR6,0
D,DISPATCH,UNIT_SCADA,1,"2019/09/05 10:55:00",BRAEMAR7,0
D,DISPATCH,UNIT_SCADA,1,"2019/09/05 10:55:00",BROKENH1,52.119870
D,DISPATCH,UNIT_SCADA,1,"2019/09/05 10:55:00",BW01,567.1250
D,DISPATCH,UNIT_SCADA,1,"2019/09/05 10:55:00",BW02,651.050050
D,DISPATCH,UNIT_SCADA,1,"2019/09/05 10:55:00",BW03,652.400020
D,DISPATCH,UNIT_SCADA,1,"2019/09/05 10:55:00",BW04,0
D,DISPATCH,UNIT_SCADA,1,"2019/09/05 10:55:00",CALL_B_1,300.200010
D,DISPATCH,UNIT_SCADA,1,"2019/09/05 10:55:00",CALL_B_2,220.900010
D,DISPATCH,UNIT_SCADA,1,"2019/09/05 10:55:00",CETHANA,78.964620
D,DISPATCH,UNIT_SCADA,1,"2019/09/05 10:55:00",CG1,0
D,DISPATCH,UNIT_SCADA,1,"2019/09/05 10:55:00",CG2,0
D,DISPATCH,UNIT_SCADA,1,"2019/09/05 10:55:00",CG3,0
D,DISPATCH,UNIT_SCADA,1,"2019/09/05 10:55:00",CG4,0
D,DISPATCH,UNIT_SCADA,1,"2019/09/05 10:55:00",CHILDSF1,54
D,DISPATCH,UNIT_SCADA,1,"2019/09/05 10:55:00",CLARESF1,2.092160
D,DISPATCH,UNIT_SCADA,1,"2019/09/05 10:55:00",CLEMGPWF,31.191160
D,DISPATCH,UNIT_SCADA,1,"2019/09/05 10:55:00",CLERMSF1,0.30
D,DISPATCH,UNIT_SCADA,1,"2019/09/05 10:55:00",COLEASF1,132.299990
D,DISPATCH,UNIT_SCADA,1,"2019/09/05 10:55:00",COOPGWF1,2.828480
D,DISPATCH,UNIT_SCADA,1,"2019/09/05 10:55:00",CPP_3,232.3750
D,DISPATCH,UNIT_SCADA,1,"2019/09/05 10:55:00",CPP_4,179.5750
D,DISPATCH,UNIT_SCADA,1,"2019/09/05 10:55:00",CPSA,75.494380
D,DISPATCH,UNIT_SCADA,1,"2019/09/05 10:55:00",CROOKWF2,9.963750
D,DISPATCH,UNIT_SCADA,1,"2019/09/05 10:55:00",CROWLWF1,2.928770
D,DISPATCH,UNIT_SCADA,1,"2019/09/05 10:55:00",CSPVPS1,0.5590
D,DISPATCH,UNIT_SCADA,1,"2019/09/05 10:55:00",DALNTH01,0
D,DISPATCH,UNIT_SCADA,1,"2019/09/05 10:55:00",DALNTHL1,0.102240
D,DISPATCH,UNIT_SCADA,1,"2019/09/05 10:55:00",DARTM1,0
D,DISPATCH,UNIT_SCADA,1,"2019/09/05 10:55:00",DAYDSF1,0
D,DISPATCH,UNIT_SCADA,1,"2019/09/05 10:55:00",DDPS1,0
D,DISPATCH,UNIT_SCADA,1,"2019/09/05 10:55:00",DDSF1,0
D,DISPATCH,UNIT_SCADA,1,"2019/09/05 10:55:00",DEVILS_G,56.564220
D,DISPATCH,UNIT_SCADA,1,"2019/09/05 10:55:00",DG_NSW1,0
D,DISPATCH,UNIT_SCADA,1,"2019/09/05 10:55:00",DG_QLD1,0
D,DISPATCH,UNIT_SCADA,1,"2019/09/05 10:55:00",DG_SA1,0
D,DISPATCH,UNIT_SCADA,1,"2019/09/05 10:55:00",DG_TAS1,0
D,DISPATCH,UNIT_SCADA,1,"2019/09/05 10:55:00",DG_VIC1,0
D,DISPATCH,UNIT_SCADA,1,"2019/09/05 10:55:00",DRYCGT1,0
D,DISPATCH,UNIT_SCADA,1,"2019/09/05 10:55:00",DRYCGT2,0
D,DISPATCH,UNIT_SCADA,1,"2019/09/05 10:55:00",DRYCGT3,0
D,DISPATCH,UNIT_SCADA,1,"2019/09/05 10:55:00",EILDON1,0
D,DISPATCH,UNIT_SCADA,1,"2019/09/05 10:55:00",EILDON2,0
D,DISPATCH,UNIT_SCADA,1,"2019/09/05 10:55:00",EMERASF1,0.12
D,DISPATCH,UNIT_SCADA,1,"2019/09/05 10:55:00",ER01,557.849980
D,DISPATCH,UNIT_SCADA,1,"2019/09/05 10:55:00",ER02,353.674930
D,DISPATCH,UNIT_SCADA,1,"2019/09/05 10:55:00",ER03,0
D,DISPATCH,UNIT_SCADA,1,"2019/09/05 10:55:00",ER04,665.550050
D,DISPATCH,UNIT_SCADA,1,"2019/09/05 10:55:00",FINLYSF1,12.631260
D,DISPATCH,UNIT_SCADA,1,"2019/09/05 10:55:00",FISHER,45.82
D,DISPATCH,UNIT_SCADA,1,"2019/09/05 10:55:00",GANNBG1,0
D,DISPATCH,UNIT_SCADA,1,"2019/09/05 10:55:00",GANNBL1,16.336610
D,DISPATCH,UNIT_SCADA,1,"2019/09/05 10:55:00",GANNSF1,18.10
D,DISPATCH,UNIT_SCADA,1,"2019/09/05 10:55:00",GORDON,52.605840
D,DISPATCH,UNIT_SCADA,1,"2019/09/05 10:55:00",GSTONE1,148.9250
D,DISPATCH,UNIT_SCADA,1,"2019/09/05 10:55:00",GSTONE2,110.0750
D,DISPATCH,UNIT_SCADA,1,"2019/09/05 10:55:00",GSTONE3,0
D,DISPATCH,UNIT_SCADA,1,"2019/09/05 10:55:00",GSTONE4,150.3250
D,DISPATCH,UNIT_SCADA,1,"2019/09/05 10:55:00",GSTONE5,150.6750
D,DISPATCH,UNIT_SCADA,1,"2019/09/05 10:55:00",GSTONE6,149.099990
D,DISPATCH,UNIT_SCADA,1,"2019/09/05 10:55:00",GULLRSF1,6.696750
D,DISPATCH,UNIT_SCADA,1,"2019/09/05 10:55:00",GULLRWF1,16.496150
D,DISPATCH,UNIT_SCADA,1,"2019/09/05 10:55:00",GUNNING1,1.926090
D,DISPATCH,UNIT_SCADA,1,"2019/09/05 10:55:00",GUTHEGA,0
D,DISPATCH,UNIT_SCADA,1,"2019/09/05 10:55:00",HALLWF1,58.77
D,DISPATCH,UNIT_SCADA,1,"2019/09/05 10:55:00",HALLWF2,31.84
D,DISPATCH,UNIT_SCADA,1,"2019/09/05 10:55:00",HAMISF1,46.10
D,DISPATCH,UNIT_SCADA,1,"2019/09/05 10:55:00",HAUGHT11,97.4848
D,DISPATCH,UNIT_SCADA,1,"2019/09/05 10:55:00",HAYMSF1,0
D,DISPATCH,UNIT_SCADA,1,"2019/09/05 10:55:00",HDWF1,45.60
D,DISPATCH,UNIT_SCADA,1,"2019/09/05 10:55:00",HDWF2,43.10
D,DISPATCH,UNIT_SCADA,1,"2019/09/05 10:55:00",HDWF3,51.40
D,DISPATCH,UNIT_SCADA,1,"2019/09/05 10:55:00",HPRG1,0
D,DISPATCH,UNIT_SCADA,1,"2019/09/05 10:55:00",HPRL1,11.80
D,DISPATCH,UNIT_SCADA,1,"2019/09/05 10:55:00",HUMENSW,0
D,DISPATCH,UNIT_SCADA,1,"2019/09/05 10:55:00",HUMEV,25.90
D,DISPATCH,UNIT_SCADA,1,"2019/09/05 10:55:00",HVGTS,0
D,DISPATCH,UNIT_SCADA,1,"2019/09/05 10:55:00",JBUTTERS,113.49
D,DISPATCH,UNIT_SCADA,1,"2019/09/05 10:55:00",JLA01,0.10
D,DISPATCH,UNIT_SCADA,1,"2019/09/05 10:55:00",JLA02,0
D,DISPATCH,UNIT_SCADA,1,"2019/09/05 10:55:00",JLA03,0
D,DISPATCH,UNIT_SCADA,1,"2019/09/05 10:55:00",JLA04,0
D,DISPATCH,UNIT_SCADA,1,"2019/09/05 10:55:00",JLB01,0
D,DISPATCH,UNIT_SCADA,1,"2019/09/05 10:55:00",JLB02,64.70
D,DISPATCH,UNIT_SCADA,1,"2019/09/05 10:55:00",JLB03,0
D,DISPATCH,UNIT_SCADA,1,"2019/09/05 10:55:00",KAREEYA1,21.59
D,DISPATCH,UNIT_SCADA,1,"2019/09/05 10:55:00",KAREEYA2,21.7450
D,DISPATCH,UNIT_SCADA,1,"2019/09/05 10:55:00",KAREEYA3,0
D,DISPATCH,UNIT_SCADA,1,"2019/09/05 10:55:00",KAREEYA4,21.6075
D,DISPATCH,UNIT_SCADA,1,"2019/09/05 10:55:00",KARSF1,80.80
D,DISPATCH,UNIT_SCADA,1,"2019/09/05 10:55:00",KIATAWF1,2.90
D,DISPATCH,UNIT_SCADA,1,"2019/09/05 10:55:00",KPP_1,0
D,DISPATCH,UNIT_SCADA,1,"2019/09/05 10:55:00",KSP1,0
D,DISPATCH,UNIT_SCADA,1,"2019/09/05 10:55:00",LADBROK1,0
D,DISPATCH,UNIT_SCADA,1,"2019/09/05 10:55:00",LADBROK2,0
D,DISPATCH,UNIT_SCADA,1,"2019/09/05 10:55:00",LD01,387.506290
D,DISPATCH,UNIT_SCADA,1,"2019/09/05 10:55:00",LD02,382.968750
D,DISPATCH,UNIT_SCADA,1,"2019/09/05 10:55:00",LD03,379.406250
D,DISPATCH,UNIT_SCADA,1,"2019/09/05 10:55:00",LD04,381.431210
D,DISPATCH,UNIT_SCADA,1,"2019/09/05 10:55:00",LEM_WIL,82.617850
D,DISPATCH,UNIT_SCADA,1,"2019/09/05 10:55:00",LGAPWF1,14.10
D,DISPATCH,UNIT_SCADA,1,"2019/09/05 10:55:00",LILYSF1,88.080380
D,DISPATCH,UNIT_SCADA,1,"2019/09/05 10:55:00",LI_WY_CA,115.084790
D,DISPATCH,UNIT_SCADA,1,"2019/09/05 10:55:00",LKBONNY2,48.6395
D,DISPATCH,UNIT_SCADA,1,"2019/09/05 10:55:00",LKBONNY3,15.351050
D,DISPATCH,UNIT_SCADA,1,"2019/09/05 10:55:00",LK_ECHO,0
D,DISPATCH,UNIT_SCADA,1,"2019/09/05 10:55:00",LNGS1,0
D,DISPATCH,UNIT_SCADA,1,"2019/09/05 10:55:00",LNGS2,0
D,DISPATCH,UNIT_SCADA,1,"2019/09/05 10:55:00",LONSDALE,0
D,DISPATCH,UNIT_SCADA,1,"2019/09/05 10:55:00",LOYYB1,534.960750
D,DISPATCH,UNIT_SCADA,1,"2019/09/05 10:55:00",LOYYB2,582.330380
D,DISPATCH,UNIT_SCADA,1,"2019/09/05 10:55:00",LYA1,0
D,DISPATCH,UNIT_SCADA,1,"2019/09/05 10:55:00",LYA2,0
D,DISPATCH,UNIT_SCADA,1,"2019/09/05 10:55:00",LYA3,558
D,DISPATCH,UNIT_SCADA,1,"2019/09/05 10:55:00",LYA4,539
D,DISPATCH,UNIT_SCADA,1,"2019/09/05 10:55:00",MACARTH1,22.999470
D,DISPATCH,UNIT_SCADA,1,"2019/09/05 10:55:00",MACKAYGT,0.2240
D,DISPATCH,UNIT_SCADA,1,"2019/09/05 10:55:00",MACKNTSH,86.66
D,DISPATCH,UNIT_SCADA,1,"2019/09/05 10:55:00",MANSLR1,36.4540
D,DISPATCH,UNIT_SCADA,1,"2019/09/05 10:55:00",MCKAY1,0.0750
D,DISPATCH,UNIT_SCADA,1,"2019/09/05 10:55:00",MEADOWBK,12.060760
D,DISPATCH,UNIT_SCADA,1,"2019/09/05 10:55:00",MERCER01,3.4560
D,DISPATCH,UNIT_SCADA,1,"2019/09/05 10:55:00",MEWF1,53.972990
D,DISPATCH,UNIT_SCADA,1,"2019/09/05 10:55:00",MINTARO,0
D,DISPATCH,UNIT_SCADA,1,"2019/09/05 10:55:00",MOREESF1,49.6380
D,DISPATCH,UNIT_SCADA,1,"2019/09/05 10:55:00",MORTLK11,219
D,DISPATCH,UNIT_SCADA,1,"2019/09/05 10:55:00",MORTLK12,0
D,DISPATCH,UNIT_SCADA,1,"2019/09/05 10:55:00",MP1,221.825010
D,DISPATCH,UNIT_SCADA,1,"2019/09/05 10:55:00",MP2,0
D,DISPATCH,UNIT_SCADA,1,"2019/09/05 10:55:00",MPP_1,266
D,DISPATCH,UNIT_SCADA,1,"2019/09/05 10:55:00",MPP_2,300
D,DISPATCH,UNIT_SCADA,1,"2019/09/05 10:55:00",MSTUART1,0
D,DISPATCH,UNIT_SCADA,1,"2019/09/05 10:55:00",MSTUART2,0
D,DISPATCH,UNIT_SCADA,1,"2019/09/05 10:55:00",MSTUART3,0
D,DISPATCH,UNIT_SCADA,1,"2019/09/05 10:55:00",MTGELWF1,-0.004580
D,DISPATCH,UNIT_SCADA,1,"2019/09/05 10:55:00",MURRAY,0
D,DISPATCH,UNIT_SCADA,1,"2019/09/05 10:55:00",MUSSELR1,-0.30
D,DISPATCH,UNIT_SCADA,1,"2019/09/05 10:55:00",MUWAWF1,14.55
D,DISPATCH,UNIT_SCADA,1,"2019/09/05 10:55:00",NBHWF1,54.30
D,DISPATCH,UNIT_SCADA,1,"2019/09/05 10:55:00",NPS,0
D,DISPATCH,UNIT_SCADA,1,"2019/09/05 10:55:00",NUMURSF1,12.67
D,DISPATCH,UNIT_SCADA,1,"2019/09/05 10:55:00",NYNGAN1,99.50
D,DISPATCH,UNIT_SCADA,1,"2019/09/05 10:55:00",OAKEY1,0
D,DISPATCH,UNIT_SCADA,1,"2019/09/05 10:55:00",OAKEY1SF,0.66
D,DISPATCH,UNIT_SCADA,1,"2019/09/05 10:55:00",OAKEY2,0
D,DISPATCH,UNIT_SCADA,1,"2019/09/05 10:55:00",OAKEY2SF,0
D,DISPATCH,UNIT_SCADA,1,"2019/09/05 10:55:00",OAKLAND1,16.10
D,DISPATCH,UNIT_SCADA,1,"2019/09/05 10:55:00",OSB-AG,142.42
D,DISPATCH,UNIT_SCADA,1,"2019/09/05 10:55:00",PARSF1,44.50
D,DISPATCH,UNIT_SCADA,1,"2019/09/05 10:55:00",POAT110,0
D,DISPATCH,UNIT_SCADA,1,"2019/09/05 10:55:00",POAT220,31.49
D,DISPATCH,UNIT_SCADA,1,"2019/09/05 10:55:00",POR01,0
D,DISPATCH,UNIT_SCADA,1,"2019/09/05 10:55:00",POR03,0
D,DISPATCH,UNIT_SCADA,1,"2019/09/05 10:55:00",PPCCGT,349.381620
D,DISPATCH,UNIT_SCADA,1,"2019/09/05 10:55:00",PTSTAN1,0
D,DISPATCH,UNIT_SCADA,1,"2019/09/05 10:55:00",PUMP1,0
D,DISPATCH,UNIT_SCADA,1,"2019/09/05 10:55:00",PUMP2,0
D,DISPATCH,UNIT_SCADA,1,"2019/09/05 10:55:00",QPS1,0
D,DISPATCH,UNIT_SCADA,1,"2019/09/05 10:55:00",QPS2,0
D,DISPATCH,UNIT_SCADA,1,"2019/09/05 10:55:00",QPS3,0
D,DISPATCH,UNIT_SCADA,1,"2019/09/05 10:55:00",QPS4,0
D,DISPATCH,UNIT_SCADA,1,"2019/09/05 10:55:00",QPS5,0
D,DISPATCH,UNIT_SCADA,1,"2019/09/05 10:55:00",REECE1,102.300010
D,DISPATCH,UNIT_SCADA,1,"2019/09/05 10:55:00",REECE2,101.180010
D,DISPATCH,UNIT_SCADA,1,"2019/09/05 10:55:00",ROMA_7,0
D,DISPATCH,UNIT_SCADA,1,"2019/09/05 10:55:00",ROMA_8,0
D,DISPATCH,UNIT_SCADA,1,"2019/09/05 10:55:00",RRSF1,0
D,DISPATCH,UNIT_SCADA,1,"2019/09/05 10:55:00",RT_NSW1,0
D,DISPATCH,UNIT_SCADA,1,"2019/09/05 10:55:00",RT_NSW2,0
D,DISPATCH,UNIT_SCADA,1,"2019/09/05 10:55:00",RT_NSW3,0
D,DISPATCH,UNIT_SCADA,1,"2019/09/05 10:55:00",RT_NSW4,0
D,DISPATCH,UNIT_SCADA,1,"2019/09/05 10:55:00",RT_NSW5,0
D,DISPATCH,UNIT_SCADA,1,"2019/09/05 10:55:00",RT_NSW6,0
D,DISPATCH,UNIT_SCADA,1,"2019/09/05 10:55:00",RT_QLD1,0
D,DISPATCH,UNIT_SCADA,1,"2019/09/05 10:55:00",RT_SA1,0
D,DISPATCH,UNIT_SCADA,1,"2019/09/05 10:55:00",RT_SA2,0
D,DISPATCH,UNIT_SCADA,1,"2019/09/05 10:55:00",RT_SA3,0
D,DISPATCH,UNIT_SCADA,1,"2019/09/05 10:55:00",RT_SA4,0
D,DISPATCH,UNIT_SCADA,1,"2019/09/05 10:55:00",RT_SA5,0
D,DISPATCH,UNIT_SCADA,1,"2019/09/05 10:55:00",RT_SA6,0
D,DISPATCH,UNIT_SCADA,1,"2019/09/05 10:55:00",RT_TAS1,0
D,DISPATCH,UNIT_SCADA,1,"2019/09/05 10:55:00",RT_VIC1,0
D,DISPATCH,UNIT_SCADA,1,"2019/09/05 10:55:00",RT_VIC10,0
D,DISPATCH,UNIT_SCADA,1,"2019/09/05 10:55:00",RT_VIC11,0
D,DISPATCH,UNIT_SCADA,1,"2019/09/05 10:55:00",RT_VIC12,0
D,DISPATCH,UNIT_SCADA,1,"2019/09/05 10:55:00",RT_VIC2,0
D,DISPATCH,UNIT_SCADA,1,"2019/09/05 10:55:00",RT_VIC3,0
D,DISPATCH,UNIT_SCADA,1,"2019/09/05 10:55:00",RT_VIC4,0
D,DISPATCH,UNIT_SCADA,1,"2019/09/05 10:55:00",RT_VIC5,0
D,DISPATCH,UNIT_SCADA,1,"2019/09/05 10:55:00",RT_VIC6,0
D,DISPATCH,UNIT_SCADA,1,"2019/09/05 10:55:00",RT_VIC7,0
D,DISPATCH,UNIT_SCADA,1,"2019/09/05 10:55:00",RT_VIC8,0
D,DISPATCH,UNIT_SCADA,1,"2019/09/05 10:55:00",RT_VIC9,0
D,DISPATCH,UNIT_SCADA,1,"2019/09/05 10:55:00",RUGBYR1,0
D,DISPATCH,UNIT_SCADA,1,"2019/09/05 10:55:00",SALTCRK1,8.98
D,DISPATCH,UNIT_SCADA,1,"2019/09/05 10:55:00",SAPHWF1,54.590640
D,DISPATCH,UNIT_SCADA,1,"2019/09/05 10:55:00",SHGEN,0
D,DISPATCH,UNIT_SCADA,1,"2019/09/05 10:55:00",SHPUMP,0
D,DISPATCH,UNIT_SCADA,1,"2019/09/05 10:55:00",SITHE01,0.224190
D,DISPATCH,UNIT_SCADA,1,"2019/09/05 10:55:00",SMCSF1,0
D,DISPATCH,UNIT_SCADA,1,"2019/09/05 10:55:00",SNOWNTH1,88.60
D,DISPATCH,UNIT_SCADA,1,"2019/09/05 10:55:00",SNOWSTH1,107.20
D,DISPATCH,UNIT_SCADA,1,"2019/09/05 10:55:00",SNOWTWN1,56.938740
D,DISPATCH,UNIT_SCADA,1,"2019/09/05 10:55:00",SNOWYP,0
D,DISPATCH,UNIT_SCADA,1,"2019/09/05 10:55:00",SNUG1,0.019440
D,DISPATCH,UNIT_SCADA,1,"2019/09/05 10:55:00",SRSF1,34.37
D,DISPATCH,UNIT_SCADA,1,"2019/09/05 10:55:00",STAN-1,361.474790
D,DISPATCH,UNIT_SCADA,1,"2019/09/05 10:55:00",STAN-2,220.594350
D,DISPATCH,UNIT_SCADA,1,"2019/09/05 10:55:00",STAN-3,219.825270
D,DISPATCH,UNIT_SCADA,1,"2019/09/05 10:55:00",STAN-4,220.004710
D,DISPATCH,UNIT_SCADA,1,"2019/09/05 10:55:00",STWF1,0
D,DISPATCH,UNIT_SCADA,1,"2019/09/05 10:55:00",SWAN_E,0
D,DISPATCH,UNIT_SCADA,1,"2019/09/05 10:55:00",TALWA1,331
D,DISPATCH,UNIT_SCADA,1,"2019/09/05 10:55:00",TARALGA1,12.506260
D,DISPATCH,UNIT_SCADA,1,"2019/09/05 10:55:00",TARONG#1,349
D,DISPATCH,UNIT_SCADA,1,"2019/09/05 10:55:00",TARONG#2,0
D,DISPATCH,UNIT_SCADA,1,"2019/09/05 10:55:00",TARONG#3,279.700010
D,DISPATCH,UNIT_SCADA,1,"2019/09/05 10:55:00",TARONG#4,351.100010
D,DISPATCH,UNIT_SCADA,1,"2019/09/05 10:55:00",TARRALEA,71
D,DISPATCH,UNIT_SCADA,1,"2019/09/05 10:55:00",TBSF1,40.70
D,DISPATCH,UNIT_SCADA,1,"2019/09/05 10:55:00",TNPS1,379.300020
D,DISPATCH,UNIT_SCADA,1,"2019/09/05 10:55:00",TORRA1,42.726810
D,DISPATCH,UNIT_SCADA,1,"2019/09/05 10:55:00",TORRA2,0
D,DISPATCH,UNIT_SCADA,1,"2019/09/05 10:55:00",TORRA3,0
D,DISPATCH,UNIT_SCADA,1,"2019/09/05 10:55:00",TORRA4,44.216460
D,DISPATCH,UNIT_SCADA,1,"2019/09/05 10:55:00",TORRB1,41.15
D,DISPATCH,UNIT_SCADA,1,"2019/09/05 10:55:00",TORRB2,42.20
D,DISPATCH,UNIT_SCADA,1,"2019/09/05 10:55:00",TORRB3,41.48
D,DISPATCH,UNIT_SCADA,1,"2019/09/05 10:55:00",TORRB4,0
D,DISPATCH,UNIT_SCADA,1,"2019/09/05 10:55:00",TREVALLN,18
D,DISPATCH,UNIT_SCADA,1,"2019/09/05 10:55:00",TRIBUTE,0
D,DISPATCH,UNIT_SCADA,1,"2019/09/05 10:55:00",TUMUT3,118.80
D,DISPATCH,UNIT_SCADA,1,"2019/09/05 10:55:00",TUNGATIN,120.880030
D,DISPATCH,UNIT_SCADA,1,"2019/09/05 10:55:00",TVCC201,0
D,DISPATCH,UNIT_SCADA,1,"2019/09/05 10:55:00",TVPP104,0
D,DISPATCH,UNIT_SCADA,1,"2019/09/05 10:55:00",UPPTUMUT,248.235720
D,DISPATCH,UNIT_SCADA,1,"2019/09/05 10:55:00",URANQ11,0
D,DISPATCH,UNIT_SCADA,1,"2019/09/05 10:55:00",URANQ12,0
D,DISPATCH,UNIT_SCADA,1,"2019/09/05 10:55:00",URANQ13,0
D,DISPATCH,UNIT_SCADA,1,"2019/09/05 10:55:00",URANQ14,0
D,DISPATCH,UNIT_SCADA,1,"2019/09/05 10:55:00",VP5,518.424990
D,DISPATCH,UNIT_SCADA,1,"2019/09/05 10:55:00",VP6,0
D,DISPATCH,UNIT_SCADA,1,"2019/09/05 10:55:00",VPGS1,0
D,DISPATCH,UNIT_SCADA,1,"2019/09/05 10:55:00",VPGS2,0
D,DISPATCH,UNIT_SCADA,1,"2019/09/05 10:55:00",VPGS3,0
D,DISPATCH,UNIT_SCADA,1,"2019/09/05 10:55:00",VPGS4,0
D,DISPATCH,UNIT_SCADA,1,"2019/09/05 10:55:00",VPGS5,0
D,DISPATCH,UNIT_SCADA,1,"2019/09/05 10:55:00",VPGS6,0
D,DISPATCH,UNIT_SCADA,1,"2019/09/05 10:55:00",W/HOE#1,0
D,DISPATCH,UNIT_SCADA,1,"2019/09/05 10:55:00",W/HOE#2,0
D,DISPATCH,UNIT_SCADA,1,"2019/09/05 10:55:00",WATERLWF,52.70
D,DISPATCH,UNIT_SCADA,1,"2019/09/05 10:55:00",WEMENSF1,83.50
D,DISPATCH,UNIT_SCADA,1,"2019/09/05 10:55:00",WGWF1,53.50
D,DISPATCH,UNIT_SCADA,1,"2019/09/05 10:55:00",WHITSF1,0
D,DISPATCH,UNIT_SCADA,1,"2019/09/05 10:55:00",WKIEWA1,17.20
D,DISPATCH,UNIT_SCADA,1,"2019/09/05 10:55:00",WKIEWA2,0.10
D,DISPATCH,UNIT_SCADA,1,"2019/09/05 10:55:00",WOODLWN1,0
D,DISPATCH,UNIT_SCADA,1,"2019/09/05 10:55:00",WRSF1,19.87
D,DISPATCH,UNIT_SCADA,1,"2019/09/05 10:55:00",WRWF1,90.814990
D,DISPATCH,UNIT_SCADA,1,"2019/09/05 10:55:00",YABULU,0
D,DISPATCH,UNIT_SCADA,1,"2019/09/05 10:55:00",YABULU2,0
D,DISPATCH,UNIT_SCADA,1,"2019/09/05 10:55:00",YARWUN_1,120.21
D,DISPATCH,UNIT_SCADA,1,"2019/09/05 10:55:00",YENDWF1,14.12
D,DISPATCH,UNIT_SCADA,1,"2019/09/05 10:55:00",YWPS1,382.956970
D,DISPATCH,UNIT_SCADA,1,"2019/09/05 10:55:00",YWPS2,280.949370
D,DISPATCH,UNIT_SCADA,1,"2019/09/05 10:55:00",YWPS3,345.839230
D,DISPATCH,UNIT_SCADA,1,"2019/09/05 10:55:00",YWPS4,389.874690
C,"END OF REPORT",335
