C,NEMP.WORLD,DISPATCHSCADA,AEMO,PUBLIC,2019/08/23,01:25:08,0000000311888732,DISPATCHSCADA,0000000311888726
I,DISPATCH,UNIT_SCADA,1,SETTLEMENTDATE,DUID,SCADAVALUE
D,DISPATCH,UNIT_SCADA,1,"2019/08/23 01:30:00",BARCSF1,0
D,DISPATCH,UNIT_SCADA,1,"2019/08/23 01:30:00",BUTLERSG,9.699999
D,DISPATCH,UNIT_SCADA,1,"2019/08/23 01:30:00",CALL_A_4,0
D,DISPATCH,UNIT_SCADA,1,"2019/08/23 01:30:00",CAPTL_WF,9.568001
D,DISPATCH,UNIT_SCADA,1,"2019/08/23 01:30:00",CATHROCK,29.069998
D,DISPATCH,UNIT_SCADA,1,"2019/08/23 01:30:00",CHALLHWF,0
D,DISPATCH,UNIT_SCADA,1,"2019/08/23 01:30:00",CLOVER,-0.01
D,DISPATCH,UNIT_SCADA,1,"2019/08/23 01:30:00",CLUNY,20.264133
D,DISPATCH,UNIT_SCADA,1,"2019/08/23 01:30:00",CNUNDAWF,1.501752
D,DISPATCH,UNIT_SCADA,1,"2019/08/23 01:30:00",CULLRGWF,4.51
D,DISPATCH,UNIT_SCADA,1,"2019/08/23 01:30:00",ERGT01,0
D,DISPATCH,UNIT_SCADA,1,"2019/08/23 01:30:00",GB01,0.068806
D,DISPATCH,UNIT_SCADA,1,"2019/08/23 01:30:00",GERMCRK,34.400002
D,DISPATCH,UNIT_SCADA,1,"2019/08/23 01:30:00",GRIFSF1,0
D,DISPATCH,UNIT_SCADA,1,"2019/08/23 01:30:00",HUGSF1,-0.2370
D,DISPATCH,UNIT_SCADA,1,"2019/08/23 01:30:00",LKBONNY1,0.893094
D,DISPATCH,UNIT_SCADA,1,"2019/08/23 01:30:00",LRSF1,-0.0130
D,DISPATCH,UNIT_SCADA,1,"2019/08/23 01:30:00",MBAHNTH,55.743744
D,DISPATCH,UNIT_SCADA,1,"2019/08/23 01:30:00",MLSP1,0.180001
D,DISPATCH,UNIT_SCADA,1,"2019/08/23 01:30:00",MLWF1,0.30
D,DISPATCH,UNIT_SCADA,1,"2019/08/23 01:30:00",MTMILLAR,6.533472
D,DISPATCH,UNIT_SCADA,1,"2019/08/23 01:30:00",PALOONA,28.599998
D,DISPATCH,UNIT_SCADA,1,"2019/08/23 01:30:00",PIONEER,44.900002
D,DISPATCH,UNIT_SCADA,1,"2019/08/23 01:30:00",PORTWF,2.20
D,DISPATCH,UNIT_SCADA,1,"2019/08/23 01:30:00",REPULSE,29.006180
D,DISPATCH,UNIT_SCADA,1,"2019/08/23 01:30:00",ROWALLAN,10.3731
D,DISPATCH,UNIT_SCADA,1,"2019/08/23 01:30:00",ROYALLA1,0
D,DISPATCH,UNIT_SCADA,1,"2019/08/23 01:30:00",RPCG,12.30
D,DISPATCH,UNIT_SCADA,1,"2019/08/23 01:30:00",RUBICON,0
D,DISPATCH,UNIT_SCADA,1,"2019/08/23 01:30:00",SATGN1,0
D,DISPATCH,UNIT_SCADA,1,"2019/08/23 01:30:00",SATGS1,0
D,DISPATCH,UNIT_SCADA,1,"2019/08/23 01:30:00",STARHLWF,-0.099971
D,DISPATCH,UNIT_SCADA,1,"2019/08/23 01:30:00",WAUBRAWF,28.886999
D,DISPATCH,UNIT_SCADA,1,"2019/08/23 01:30:00",WOOLNTH1,32.000015
D,DISPATCH,UNIT_SCADA,1,"2019/08/23 01:30:00",WPWF,0
D,DISPATCH,UNIT_SCADA,1,"2019/08/23 01:30:00",YAMBUKWF,0.20
D,DISPATCH,UNIT_SCADA,1,"2019/08/23 01:30:00",YSWF1,0.20
D,DISPATCH,UNIT_SCADA,1,"2019/08/23 01:30:00",AGLHAL,0
D,DISPATCH,UNIT_SCADA,1,"2019/08/23 01:30:00",AGLSOM,0
D,DISPATCH,UNIT_SCADA,1,"2019/08/23 01:30:00",ANGAST1,0
D,DISPATCH,UNIT_SCADA,1,"2019/08/23 01:30:00",ARWF1,16.10
D,DISPATCH,UNIT_SCADA,1,"2019/08/23 01:30:00",BALBG1,0
D,DISPATCH,UNIT_SCADA,1,"2019/08/23 01:30:00",BALBL1,0
D,DISPATCH,UNIT_SCADA,1,"2019/08/23 01:30:00",BALDHWF1,13.4810
D,DISPATCH,UNIT_SCADA,1,"2019/08/23 01:30:00",BANN1,0
D,DISPATCH,UNIT_SCADA,1,"2019/08/23 01:30:00",BARCALDN,0
D,DISPATCH,UNIT_SCADA,1,"2019/08/23 01:30:00",BARRON-1,0
D,DISPATCH,UNIT_SCADA,1,"2019/08/23 01:30:00",BARRON-2,0
D,DISPATCH,UNIT_SCADA,1,"2019/08/23 01:30:00",BASTYAN,77.930010
D,DISPATCH,UNIT_SCADA,1,"2019/08/23 01:30:00",BBTHREE1,-2.06
D,DISPATCH,UNIT_SCADA,1,"2019/08/23 01:30:00",BBTHREE2,-2.09
D,DISPATCH,UNIT_SCADA,1,"2019/08/23 01:30:00",BBTHREE3,-1.13
D,DISPATCH,UNIT_SCADA,1,"2019/08/23 01:30:00",BDL01,0
D,DISPATCH,UNIT_SCADA,1,"2019/08/23 01:30:00",BDL02,0
D,DISPATCH,UNIT_SCADA,1,"2019/08/23 01:30:00",BERYLSF1,-0.190320
D,DISPATCH,UNIT_SCADA,1,"2019/08/23 01:30:00",BLOWERNG,0
D,DISPATCH,UNIT_SCADA,1,"2019/08/23 01:30:00",BLUFF1,2.40
D,DISPATCH,UNIT_SCADA,1,"2019/08/23 01:30:00",BNGSF1,0
D,DISPATCH,UNIT_SCADA,1,"2019/08/23 01:30:00",BNGSF2,0
D,DISPATCH,UNIT_SCADA,1,"2019/08/23 01:30:00",BOCORWF1,31.21
D,DISPATCH,UNIT_SCADA,1,"2019/08/23 01:30:00",BODWF1,87.111430
D,DISPATCH,UNIT_SCADA,1,"2019/08/23 01:30:00",BRAEMAR1,0
D,DISPATCH,UNIT_SCADA,1,"2019/08/23 01:30:00",BRAEMAR2,0
D,DISPATCH,UNIT_SCADA,1,"2019/08/23 01:30:00",BRAEMAR3,0
D,DISPATCH,UNIT_SCADA,1,"2019/08/23 01:30:00",BRAEMAR5,0
D,DISPATCH,UNIT_SCADA,1,"2019/08/23 01:30:00",BRAEMAR6,0
D,DISPATCH,UNIT_SCADA,1,"2019/08/23 01:30:00",BRAEMAR7,0
D,DISPATCH,UNIT_SCADA,1,"2019/08/23 01:30:00",BROKENH1,0
D,DISPATCH,UNIT_SCADA,1,"2019/08/23 01:30:00",BW01,645.224980
D,DISPATCH,UNIT_SCADA,1,"2019/08/23 01:30:00",BW02,642.699950
D,DISPATCH,UNIT_SCADA,1,"2019/08/23 01:30:00",BW03,655.925050
D,DISPATCH,UNIT_SCADA,1,"2019/08/23 01:30:00",BW04,0
D,DISPATCH,UNIT_SCADA,1,"2019/08/23 01:30:00",CALL_B_1,202.900010
D,DISPATCH,UNIT_SCADA,1,"2019/08/23 01:30:00",CALL_B_2,349.50
D,DISPATCH,UNIT_SCADA,1,"2019/08/23 01:30:00",CETHANA,97.765370
D,DISPATCH,UNIT_SCADA,1,"2019/08/23 01:30:00",CG1,0
D,DISPATCH,UNIT_SCADA,1,"2019/08/23 01:30:00",CG2,0
D,DISPATCH,UNIT_SCADA,1,"2019/08/23 01:30:00",CG3,0
D,DISPATCH,UNIT_SCADA,1,"2019/08/23 01:30:00",CG4,0
D,DISPATCH,UNIT_SCADA,1,"2019/08/23 01:30:00",CHILDSF1,0
D,DISPATCH,UNIT_SCADA,1,"2019/08/23 01:30:00",CLARESF1,0
D,DISPATCH,UNIT_SCADA,1,"2019/08/23 01:30:00",CLEMGPWF,16.856190
D,DISPATCH,UNIT_SCADA,1,"2019/08/23 01:30:00",CLERMSF1,0
D,DISPATCH,UNIT_SCADA,1,"2019/08/23 01:30:00",COLEASF1,0
D,DISPATCH,UNIT_SCADA,1,"2019/08/23 01:30:00",COOPGWF1,35.322780
D,DISPATCH,UNIT_SCADA,1,"2019/08/23 01:30:00",CPP_3,404.524990
D,DISPATCH,UNIT_SCADA,1,"2019/08/23 01:30:00",CPP_4,405.350010
D,DISPATCH,UNIT_SCADA,1,"2019/08/23 01:30:00",CPSA,142.5350
D,DISPATCH,UNIT_SCADA,1,"2019/08/23 01:30:00",CROOKWF2,0
D,DISPATCH,UNIT_SCADA,1,"2019/08/23 01:30:00",CROWLWF1,6.565380
D,DISPATCH,UNIT_SCADA,1,"2019/08/23 01:30:00",CSPVPS1,0
D,DISPATCH,UNIT_SCADA,1,"2019/08/23 01:30:00",DALNTH01,0
D,DISPATCH,UNIT_SCADA,1,"2019/08/23 01:30:00",DALNTHL1,0.065610
D,DISPATCH,UNIT_SCADA,1,"2019/08/23 01:30:00",DARTM1,134.600010
D,DISPATCH,UNIT_SCADA,1,"2019/08/23 01:30:00",DAYDSF1,0
D,DISPATCH,UNIT_SCADA,1,"2019/08/23 01:30:00",DDPS1,256.293370
D,DISPATCH,UNIT_SCADA,1,"2019/08/23 01:30:00",DDSF1,0
D,DISPATCH,UNIT_SCADA,1,"2019/08/23 01:30:00",DEVILS_G,0
D,DISPATCH,UNIT_SCADA,1,"2019/08/23 01:30:00",DG_NSW1,0
D,DISPATCH,UNIT_SCADA,1,"2019/08/23 01:30:00",DG_QLD1,0
D,DISPATCH,UNIT_SCADA,1,"2019/08/23 01:30:00",DG_SA1,0
D,DISPATCH,UNIT_SCADA,1,"2019/08/23 01:30:00",DG_TAS1,0
D,DISPATCH,UNIT_SCADA,1,"2019/08/23 01:30:00",DG_VIC1,0
D,DISPATCH,UNIT_SCADA,1,"2019/08/23 01:30:00",DRYCGT1,0
D,DISPATCH,UNIT_SCADA,1,"2019/08/23 01:30:00",DRYCGT2,0
D,DISPATCH,UNIT_SCADA,1,"2019/08/23 01:30:00",DRYCGT3,0
D,DISPATCH,UNIT_SCADA,1,"2019/08/23 01:30:00",EILDON1,0
D,DISPATCH,UNIT_SCADA,1,"2019/08/23 01:30:00",EILDON2,0
D,DISPATCH,UNIT_SCADA,1,"2019/08/23 01:30:00",EMERASF1,0
D,DISPATCH,UNIT_SCADA,1,"2019/08/23 01:30:00",ER01,494.224980
D,DISPATCH,UNIT_SCADA,1,"2019/08/23 01:30:00",ER02,390.449950
D,DISPATCH,UNIT_SCADA,1,"2019/08/23 01:30:00",ER03,380.150020
D,DISPATCH,UNIT_SCADA,1,"2019/08/23 01:30:00",ER04,509.675050
D,DISPATCH,UNIT_SCADA,1,"2019/08/23 01:30:00",FINLYSF1,0
D,DISPATCH,UNIT_SCADA,1,"2019/08/23 01:30:00",FISHER,45.83
D,DISPATCH,UNIT_SCADA,1,"2019/08/23 01:30:00",GANNBG1,0
D,DISPATCH,UNIT_SCADA,1,"2019/08/23 01:30:00",GANNBL1,7.371240
D,DISPATCH,UNIT_SCADA,1,"2019/08/23 01:30:00",GANNSF1,0
D,DISPATCH,UNIT_SCADA,1,"2019/08/23 01:30:00",GORDON,112.574550
D,DISPATCH,UNIT_SCADA,1,"2019/08/23 01:30:00",GSTONE1,262.324980
D,DISPATCH,UNIT_SCADA,1,"2019/08/23 01:30:00",GSTONE2,229.95
D,DISPATCH,UNIT_SCADA,1,"2019/08/23 01:30:00",GSTONE3,249.55
D,DISPATCH,UNIT_SCADA,1,"2019/08/23 01:30:00",GSTONE4,257.949980
D,DISPATCH,UNIT_SCADA,1,"2019/08/23 01:30:00",GSTONE5,262.850010
D,DISPATCH,UNIT_SCADA,1,"2019/08/23 01:30:00",GSTONE6,0
D,DISPATCH,UNIT_SCADA,1,"2019/08/23 01:30:00",GULLRSF1,0
D,DISPATCH,UNIT_SCADA,1,"2019/08/23 01:30:00",GULLRWF1,4.566930
D,DISPATCH,UNIT_SCADA,1,"2019/08/23 01:30:00",GUNNING1,2.927440
D,DISPATCH,UNIT_SCADA,1,"2019/08/23 01:30:00",GUTHEGA,0
D,DISPATCH,UNIT_SCADA,1,"2019/08/23 01:30:00",HALLWF1,20.20
D,DISPATCH,UNIT_SCADA,1,"2019/08/23 01:30:00",HALLWF2,11.19
D,DISPATCH,UNIT_SCADA,1,"2019/08/23 01:30:00",HAMISF1,0
D,DISPATCH,UNIT_SCADA,1,"2019/08/23 01:30:00",HAUGHT11,0
D,DISPATCH,UNIT_SCADA,1,"2019/08/23 01:30:00",HAYMSF1,0
D,DISPATCH,UNIT_SCADA,1,"2019/08/23 01:30:00",HDWF1,33.70
D,DISPATCH,UNIT_SCADA,1,"2019/08/23 01:30:00",HDWF2,31.50
D,DISPATCH,UNIT_SCADA,1,"2019/08/23 01:30:00",HDWF3,43.50
D,DISPATCH,UNIT_SCADA,1,"2019/08/23 01:30:00",HPRG1,1.40
D,DISPATCH,UNIT_SCADA,1,"2019/08/23 01:30:00",HPRL1,0
D,DISPATCH,UNIT_SCADA,1,"2019/08/23 01:30:00",HUMENSW,0
D,DISPATCH,UNIT_SCADA,1,"2019/08/23 01:30:00",HUMEV,8.40
D,DISPATCH,UNIT_SCADA,1,"2019/08/23 01:30:00",HVGTS,0
D,DISPATCH,UNIT_SCADA,1,"2019/08/23 01:30:00",JBUTTERS,137.34
D,DISPATCH,UNIT_SCADA,1,"2019/08/23 01:30:00",JLA01,0.10
D,DISPATCH,UNIT_SCADA,1,"2019/08/23 01:30:00",JLA02,0
D,DISPATCH,UNIT_SCADA,1,"2019/08/23 01:30:00",JLA03,0.10
D,DISPATCH,UNIT_SCADA,1,"2019/08/23 01:30:00",JLA04,0.10
D,DISPATCH,UNIT_SCADA,1,"2019/08/23 01:30:00",JLB01,0
D,DISPATCH,UNIT_SCADA,1,"2019/08/23 01:30:00",JLB02,0.10
D,DISPATCH,UNIT_SCADA,1,"2019/08/23 01:30:00",JLB03,0
D,DISPATCH,UNIT_SCADA,1,"2019/08/23 01:30:00",KAREEYA1,21.4925
D,DISPATCH,UNIT_SCADA,1,"2019/08/23 01:30:00",KAREEYA2,21.7950
D,DISPATCH,UNIT_SCADA,1,"2019/08/23 01:30:00",KAREEYA3,0
D,DISPATCH,UNIT_SCADA,1,"2019/08/23 01:30:00",KAREEYA4,21.7175
D,DISPATCH,UNIT_SCADA,1,"2019/08/23 01:30:00",KARSF1,0
D,DISPATCH,UNIT_SCADA,1,"2019/08/23 01:30:00",KIATAWF1,-0.20
D,DISPATCH,UNIT_SCADA,1,"2019/08/23 01:30:00",KPP_1,0
D,DISPATCH,UNIT_SCADA,1,"2019/08/23 01:30:00",KSP1,0
D,DISPATCH,UNIT_SCADA,1,"2019/08/23 01:30:00",LADBROK1,0
D,DISPATCH,UNIT_SCADA,1,"2019/08/23 01:30:00",LADBROK2,0
D,DISPATCH,UNIT_SCADA,1,"2019/08/23 01:30:00",LD01,351.675020
D,DISPATCH,UNIT_SCADA,1,"2019/08/23 01:30:00",LD02,301.968750
D,DISPATCH,UNIT_SCADA,1,"2019/08/23 01:30:00",LD03,353.287450
D,DISPATCH,UNIT_SCADA,1,"2019/08/23 01:30:00",LD04,356.681210
D,DISPATCH,UNIT_SCADA,1,"2019/08/23 01:30:00",LEM_WIL,86.0183
D,DISPATCH,UNIT_SCADA,1,"2019/08/23 01:30:00",LGAPWF1,0.87
D,DISPATCH,UNIT_SCADA,1,"2019/08/23 01:30:00",LILYSF1,0
D,DISPATCH,UNIT_SCADA,1,"2019/08/23 01:30:00",LI_WY_CA,148.337830
D,DISPATCH,UNIT_SCADA,1,"2019/08/23 01:30:00",LKBONNY2,8.389460
D,DISPATCH,UNIT_SCADA,1,"2019/08/23 01:30:00",LKBONNY3,2.009590
D,DISPATCH,UNIT_SCADA,1,"2019/08/23 01:30:00",LK_ECHO,0
D,DISPATCH,UNIT_SCADA,1,"2019/08/23 01:30:00",LNGS1,0
D,DISPATCH,UNIT_SCADA,1,"2019/08/23 01:30:00",LNGS2,0
D,DISPATCH,UNIT_SCADA,1,"2019/08/23 01:30:00",LONSDALE,0
D,DISPATCH,UNIT_SCADA,1,"2019/08/23 01:30:00",LOYYB1,536.088620
D,DISPATCH,UNIT_SCADA,1,"2019/08/23 01:30:00",LOYYB2,582.7063
D,DISPATCH,UNIT_SCADA,1,"2019/08/23 01:30:00",LYA1,561
D,DISPATCH,UNIT_SCADA,1,"2019/08/23 01:30:00",LYA2,0
D,DISPATCH,UNIT_SCADA,1,"2019/08/23 01:30:00",LYA3,561
D,DISPATCH,UNIT_SCADA,1,"2019/08/23 01:30:00",LYA4,540
D,DISPATCH,UNIT_SCADA,1,"2019/08/23 01:30:00",MACARTH1,0
D,DISPATCH,UNIT_SCADA,1,"2019/08/23 01:30:00",MACKAYGT,0
D,DISPATCH,UNIT_SCADA,1,"2019/08/23 01:30:00",MACKNTSH,86.48
D,DISPATCH,UNIT_SCADA,1,"2019/08/23 01:30:00",MANSLR1,0
D,DISPATCH,UNIT_SCADA,1,"2019/08/23 01:30:00",MCKAY1,0.02
D,DISPATCH,UNIT_SCADA,1,"2019/08/23 01:30:00",MEADOWBK,34.095940
D,DISPATCH,UNIT_SCADA,1,"2019/08/23 01:30:00",MERCER01,-0.24
D,DISPATCH,UNIT_SCADA,1,"2019/08/23 01:30:00",MEWF1,11.0080
D,DISPATCH,UNIT_SCADA,1,"2019/08/23 01:30:00",MINTARO,0
D,DISPATCH,UNIT_SCADA,1,"2019/08/23 01:30:00",MOREESF1,0
D,DISPATCH,UNIT_SCADA,1,"2019/08/23 01:30:00",MORTLK11,245
D,DISPATCH,UNIT_SCADA,1,"2019/08/23 01:30:00",MORTLK12,0
D,DISPATCH,UNIT_SCADA,1,"2019/08/23 01:30:00",MP1,283.525020
D,DISPATCH,UNIT_SCADA,1,"2019/08/23 01:30:00",MP2,0
D,DISPATCH,UNIT_SCADA,1,"2019/08/23 01:30:00",MPP_1,375.75
D,DISPATCH,UNIT_SCADA,1,"2019/08/23 01:30:00",MPP_2,410
D,DISPATCH,UNIT_SCADA,1,"2019/08/23 01:30:00",MSTUART1,0
D,DISPATCH,UNIT_SCADA,1,"2019/08/23 01:30:00",MSTUART2,0
D,DISPATCH,UNIT_SCADA,1,"2019/08/23 01:30:00",MSTUART3,0
D,DISPATCH,UNIT_SCADA,1,"2019/08/23 01:30:00",MTGELWF1,-0.315870
D,DISPATCH,UNIT_SCADA,1,"2019/08/23 01:30:00",MURRAY,262.13
D,DISPATCH,UNIT_SCADA,1,"2019/08/23 01:30:00",MUSSELR1,3.10
D,DISPATCH,UNIT_SCADA,1,"2019/08/23 01:30:00",MUWAWF1,-0.13
D,DISPATCH,UNIT_SCADA,1,"2019/08/23 01:30:00",NBHWF1,44.90
D,DISPATCH,UNIT_SCADA,1,"2019/08/23 01:30:00",NPS,204
D,DISPATCH,UNIT_SCADA,1,"2019/08/23 01:30:00",NUMURSF1,0
D,DISPATCH,UNIT_SCADA,1,"2019/08/23 01:30:00",NYNGAN1,0
D,DISPATCH,UNIT_SCADA,1,"2019/08/23 01:30:00",OAKEY1,0
D,DISPATCH,UNIT_SCADA,1,"2019/08/23 01:30:00",OAKEY1SF,0
D,DISPATCH,UNIT_SCADA,1,"2019/08/23 01:30:00",OAKEY2,0
D,DISPATCH,UNIT_SCADA,1,"2019/08/23 01:30:00",OAKLAND1,4
D,DISPATCH,UNIT_SCADA,1,"2019/08/23 01:30:00",OSB-AG,186.36
D,DISPATCH,UNIT_SCADA,1,"2019/08/23 01:30:00",PARSF1,0
D,DISPATCH,UNIT_SCADA,1,"2019/08/23 01:30:00",POAT110,0
D,DISPATCH,UNIT_SCADA,1,"2019/08/23 01:30:00",POAT220,0.64
D,DISPATCH,UNIT_SCADA,1,"2019/08/23 01:30:00",POR01,0
D,DISPATCH,UNIT_SCADA,1,"2019/08/23 01:30:00",POR03,0
D,DISPATCH,UNIT_SCADA,1,"2019/08/23 01:30:00",PPCCGT,495.011350
D,DISPATCH,UNIT_SCADA,1,"2019/08/23 01:30:00",PTSTAN1,0
D,DISPATCH,UNIT_SCADA,1,"2019/08/23 01:30:00",PUMP1,0
D,DISPATCH,UNIT_SCADA,1,"2019/08/23 01:30:00",PUMP2,0
D,DISPATCH,UNIT_SCADA,1,"2019/08/23 01:30:00",QPS1,0
D,DISPATCH,UNIT_SCADA,1,"2019/08/23 01:30:00",QPS2,0
D,DISPATCH,UNIT_SCADA,1,"2019/08/23 01:30:00",QPS3,0
D,DISPATCH,UNIT_SCADA,1,"2019/08/23 01:30:00",QPS4,0
D,DISPATCH,UNIT_SCADA,1,"2019/08/23 01:30:00",QPS5,0
D,DISPATCH,UNIT_SCADA,1,"2019/08/23 01:30:00",REECE1,117.150010
D,DISPATCH,UNIT_SCADA,1,"2019/08/23 01:30:00",REECE2,117.980010
D,DISPATCH,UNIT_SCADA,1,"2019/08/23 01:30:00",ROMA_7,0
D,DISPATCH,UNIT_SCADA,1,"2019/08/23 01:30:00",ROMA_8,0
D,DISPATCH,UNIT_SCADA,1,"2019/08/23 01:30:00",RRSF1,0
D,DISPATCH,UNIT_SCADA,1,"2019/08/23 01:30:00",RT_NSW1,0
D,DISPATCH,UNIT_SCADA,1,"2019/08/23 01:30:00",RT_NSW2,0
D,DISPATCH,UNIT_SCADA,1,"2019/08/23 01:30:00",RT_NSW3,0
D,DISPATCH,UNIT_SCADA,1,"2019/08/23 01:30:00",RT_NSW4,0
D,DISPATCH,UNIT_SCADA,1,"2019/08/23 01:30:00",RT_NSW5,0
D,DISPATCH,UNIT_SCADA,1,"2019/08/23 01:30:00",RT_NSW6,0
D,DISPATCH,UNIT_SCADA,1,"2019/08/23 01:30:00",RT_QLD1,0
D,DISPATCH,UNIT_SCADA,1,"2019/08/23 01:30:00",RT_SA1,0
D,DISPATCH,UNIT_SCADA,1,"2019/08/23 01:30:00",RT_SA2,0
D,DISPATCH,UNIT_SCADA,1,"2019/08/23 01:30:00",RT_SA3,0
D,DISPATCH,UNIT_SCADA,1,"2019/08/23 01:30:00",RT_SA4,0
D,DISPATCH,UNIT_SCADA,1,"2019/08/23 01:30:00",RT_SA5,0
D,DISPATCH,UNIT_SCADA,1,"2019/08/23 01:30:00",RT_SA6,0
D,DISPATCH,UNIT_SCADA,1,"2019/08/23 01:30:00",RT_TAS1,0
D,DISPATCH,UNIT_SCADA,1,"2019/08/23 01:30:00",RT_VIC1,0
D,DISPATCH,UNIT_SCADA,1,"2019/08/23 01:30:00",RT_VIC10,0
D,DISPATCH,UNIT_SCADA,1,"2019/08/23 01:30:00",RT_VIC11,0
D,DISPATCH,UNIT_SCADA,1,"2019/08/23 01:30:00",RT_VIC12,0
D,DISPATCH,UNIT_SCADA,1,"2019/08/23 01:30:00",RT_VIC2,0
D,DISPATCH,UNIT_SCADA,1,"2019/08/23 01:30:00",RT_VIC3,0
D,DISPATCH,UNIT_SCADA,1,"2019/08/23 01:30:00",RT_VIC4,0
D,DISPATCH,UNIT_SCADA,1,"2019/08/23 01:30:00",RT_VIC5,0
D,DISPATCH,UNIT_SCADA,1,"2019/08/23 01:30:00",RT_VIC6,0
D,DISPATCH,UNIT_SCADA,1,"2019/08/23 01:30:00",RT_VIC7,0
D,DISPATCH,UNIT_SCADA,1,"2019/08/23 01:30:00",RT_VIC8,0
D,DISPATCH,UNIT_SCADA,1,"2019/08/23 01:30:00",RT_VIC9,0
D,DISPATCH,UNIT_SCADA,1,"2019/08/23 01:30:00",RUGBYR1,0
D,DISPATCH,UNIT_SCADA,1,"2019/08/23 01:30:00",SALTCRK1,-0.21
D,DISPATCH,UNIT_SCADA,1,"2019/08/23 01:30:00",SAPHWF1,29.390590
D,DISPATCH,UNIT_SCADA,1,"2019/08/23 01:30:00",SHGEN,0
D,DISPATCH,UNIT_SCADA,1,"2019/08/23 01:30:00",SHPUMP,0
D,DISPATCH,UNIT_SCADA,1,"2019/08/23 01:30:00",SITHE01,0.1840
D,DISPATCH,UNIT_SCADA,1,"2019/08/23 01:30:00",SMCSF1,0
D,DISPATCH,UNIT_SCADA,1,"2019/08/23 01:30:00",SNOWNTH1,20.40
D,DISPATCH,UNIT_SCADA,1,"2019/08/23 01:30:00",SNOWSTH1,22.20
D,DISPATCH,UNIT_SCADA,1,"2019/08/23 01:30:00",SNOWTWN1,27.867820
D,DISPATCH,UNIT_SCADA,1,"2019/08/23 01:30:00",SNOWYP,0
D,DISPATCH,UNIT_SCADA,1,"2019/08/23 01:30:00",SNUG1,0.019440
D,DISPATCH,UNIT_SCADA,1,"2019/08/23 01:30:00",SRSF1,0
D,DISPATCH,UNIT_SCADA,1,"2019/08/23 01:30:00",STAN-1,0
D,DISPATCH,UNIT_SCADA,1,"2019/08/23 01:30:00",STAN-2,220.517430
D,DISPATCH,UNIT_SCADA,1,"2019/08/23 01:30:00",STAN-3,218.017960
D,DISPATCH,UNIT_SCADA,1,"2019/08/23 01:30:00",STAN-4,218.607570
D,DISPATCH,UNIT_SCADA,1,"2019/08/23 01:30:00",STWF1,153.416240
D,DISPATCH,UNIT_SCADA,1,"2019/08/23 01:30:00",SWAN_E,0
D,DISPATCH,UNIT_SCADA,1,"2019/08/23 01:30:00",TALWA1,426
D,DISPATCH,UNIT_SCADA,1,"2019/08/23 01:30:00",TARALGA1,1.912510
D,DISPATCH,UNIT_SCADA,1,"2019/08/23 01:30:00",TARONG#1,267.100010
D,DISPATCH,UNIT_SCADA,1,"2019/08/23 01:30:00",TARONG#2,267.399990
D,DISPATCH,UNIT_SCADA,1,"2019/08/23 01:30:00",TARONG#3,237
D,DISPATCH,UNIT_SCADA,1,"2019/08/23 01:30:00",TARONG#4,268.300020
D,DISPATCH,UNIT_SCADA,1,"2019/08/23 01:30:00",TARRALEA,83.80
D,DISPATCH,UNIT_SCADA,1,"2019/08/23 01:30:00",TBSF1,-0.20
D,DISPATCH,UNIT_SCADA,1,"2019/08/23 01:30:00",TNPS1,400.000030
D,DISPATCH,UNIT_SCADA,1,"2019/08/23 01:30:00",TORRA1,117.440370
D,DISPATCH,UNIT_SCADA,1,"2019/08/23 01:30:00",TORRA2,0
D,DISPATCH,UNIT_SCADA,1,"2019/08/23 01:30:00",TORRA3,0
D,DISPATCH,UNIT_SCADA,1,"2019/08/23 01:30:00",TORRA4,103.374060
D,DISPATCH,UNIT_SCADA,1,"2019/08/23 01:30:00",TORRB1,64.98
D,DISPATCH,UNIT_SCADA,1,"2019/08/23 01:30:00",TORRB2,193.83
D,DISPATCH,UNIT_SCADA,1,"2019/08/23 01:30:00",TORRB3,0
D,DISPATCH,UNIT_SCADA,1,"2019/08/23 01:30:00",TORRB4,0
D,DISPATCH,UNIT_SCADA,1,"2019/08/23 01:30:00",TREVALLN,43.920010
D,DISPATCH,UNIT_SCADA,1,"2019/08/23 01:30:00",TRIBUTE,84.38
D,DISPATCH,UNIT_SCADA,1,"2019/08/23 01:30:00",TUMUT3,0
D,DISPATCH,UNIT_SCADA,1,"2019/08/23 01:30:00",TUNGATIN,139.170030
D,DISPATCH,UNIT_SCADA,1,"2019/08/23 01:30:00",TVCC201,0
D,DISPATCH,UNIT_SCADA,1,"2019/08/23 01:30:00",TVPP104,57.943780
D,DISPATCH,UNIT_SCADA,1,"2019/08/23 01:30:00",UPPTUMUT,0
D,DISPATCH,UNIT_SCADA,1,"2019/08/23 01:30:00",URANQ11,0
D,DISPATCH,UNIT_SCADA,1,"2019/08/23 01:30:00",URANQ12,0
D,DISPATCH,UNIT_SCADA,1,"2019/08/23 01:30:00",URANQ13,0
D,DISPATCH,UNIT_SCADA,1,"2019/08/23 01:30:00",URANQ14,0
D,DISPATCH,UNIT_SCADA,1,"2019/08/23 01:30:00",VP5,599.200010
D,DISPATCH,UNIT_SCADA,1,"2019/08/23 01:30:00",VP6,603.399960
D,DISPATCH,UNIT_SCADA,1,"2019/08/23 01:30:00",VPGS1,0
D,DISPATCH,UNIT_SCADA,1,"2019/08/23 01:30:00",VPGS2,0
D,DISPATCH,UNIT_SCADA,1,"2019/08/23 01:30:00",VPGS3,0
D,DISPATCH,UNIT_SCADA,1,"2019/08/23 01:30:00",VPGS4,0
D,DISPATCH,UNIT_SCADA,1,"2019/08/23 01:30:00",VPGS5,0
D,DISPATCH,UNIT_SCADA,1,"2019/08/23 01:30:00",VPGS6,0
D,DISPATCH,UNIT_SCADA,1,"2019/08/23 01:30:00",W/HOE#1,0
D,DISPATCH,UNIT_SCADA,1,"2019/08/23 01:30:00",W/HOE#2,0
D,DISPATCH,UNIT_SCADA,1,"2019/08/23 01:30:00",WATERLWF,9.50
D,DISPATCH,UNIT_SCADA,1,"2019/08/23 01:30:00",WEMENSF1,0
D,DISPATCH,UNIT_SCADA,1,"2019/08/23 01:30:00",WGWF1,9.80
D,DISPATCH,UNIT_SCADA,1,"2019/08/23 01:30:00",WHITSF1,0
D,DISPATCH,UNIT_SCADA,1,"2019/08/23 01:30:00",WKIEWA1,26.90
D,DISPATCH,UNIT_SCADA,1,"2019/08/23 01:30:00",WKIEWA2,16
D,DISPATCH,UNIT_SCADA,1,"2019/08/23 01:30:00",WOODLWN1,0.738010
D,DISPATCH,UNIT_SCADA,1,"2019/08/23 01:30:00",WRSF1,0
D,DISPATCH,UNIT_SCADA,1,"2019/08/23 01:30:00",WRWF1,50.178750
D,DISPATCH,UNIT_SCADA,1,"2019/08/23 01:30:00",YABULU,0
D,DISPATCH,UNIT_SCADA,1,"2019/08/23 01:30:00",YABULU2,0
D,DISPATCH,UNIT_SCADA,1,"2019/08/23 01:30:00",YARWUN_1,0
D,DISPATCH,UNIT_SCADA,1,"2019/08/23 01:30:00",YENDWF1,-0.72
D,DISPATCH,UNIT_SCADA,1,"2019/08/23 01:30:00",YWPS1,357.141780
D,DISPATCH,UNIT_SCADA,1,"2019/08/23 01:30:00",YWPS2,280.949370
D,DISPATCH,UNIT_SCADA,1,"2019/08/23 01:30:00",YWPS3,0
D,DISPATCH,UNIT_SCADA,1,"2019/08/23 01:30:00",YWPS4,0
C,"END OF REPORT",334
