C,NEMP.WORLD,DISPATCHSCADA,AEMO,PUBLIC,2019/09/05,19:25:08,0000000312434062,DISPATCHSCADA,0000000312434056
I,DISPATCH,UNIT_SCADA,1,SETTLEMENTDATE,DUID,SCADAVALUE
D,DISPATCH,UNIT_SCADA,1,"2019/09/05 19:30:00",BARCSF1,0.30
D,DISPATCH,UNIT_SCADA,1,"2019/09/05 19:30:00",BUTLERSG,10.199999
D,DISPATCH,UNIT_SCADA,1,"2019/09/05 19:30:00",CALL_A_4,0
D,DISPATCH,UNIT_SCADA,1,"2019/09/05 19:30:00",CAPTL_WF,0
D,DISPATCH,UNIT_SCADA,1,"2019/09/05 19:30:00",CATHROCK,0
D,DISPATCH,UNIT_SCADA,1,"2019/09/05 19:30:00",CHALLHWF,8.80
D,DISPATCH,UNIT_SCADA,1,"2019/09/05 19:30:00",CLOVER,-0.01
D,DISPATCH,UNIT_SCADA,1,"2019/09/05 19:30:00",CLUNY,17.677729
D,DISPATCH,UNIT_SCADA,1,"2019/09/05 19:30:00",CNUNDAWF,7.208409
D,DISPATCH,UNIT_SCADA,1,"2019/09/05 19:30:00",CULLRGWF,2.81
D,DISPATCH,UNIT_SCADA,1,"2019/09/05 19:30:00",ERGT01,0
D,DISPATCH,UNIT_SCADA,1,"2019/09/05 19:30:00",GB01,0.017281
D,DISPATCH,UNIT_SCADA,1,"2019/09/05 19:30:00",GERMCRK,37
D,DISPATCH,UNIT_SCADA,1,"2019/09/05 19:30:00",GRIFSF1,0
D,DISPATCH,UNIT_SCADA,1,"2019/09/05 19:30:00",HUGSF1,-0.1310
D,DISPATCH,UNIT_SCADA,1,"2019/09/05 19:30:00",LKBONNY1,11.431599
D,DISPATCH,UNIT_SCADA,1,"2019/09/05 19:30:00",LRSF1,-0.0010
D,DISPATCH,UNIT_SCADA,1,"2019/09/05 19:30:00",MBAHNTH,46.856247
D,DISPATCH,UNIT_SCADA,1,"2019/09/05 19:30:00",MLSP1,0
D,DISPATCH,UNIT_SCADA,1,"2019/09/05 19:30:00",MLWF1,1.11
D,DISPATCH,UNIT_SCADA,1,"2019/09/05 19:30:00",MTMILLAR,28.135599
D,DISPATCH,UNIT_SCADA,1,"2019/09/05 19:30:00",PALOONA,25.599998
D,DISPATCH,UNIT_SCADA,1,"2019/09/05 19:30:00",PIONEER,41.799999
D,DISPATCH,UNIT_SCADA,1,"2019/09/05 19:30:00",PORTWF,53.099998
D,DISPATCH,UNIT_SCADA,1,"2019/09/05 19:30:00",REPULSE,32.930801
D,DISPATCH,UNIT_SCADA,1,"2019/09/05 19:30:00",ROWALLAN,10.2808
D,DISPATCH,UNIT_SCADA,1,"2019/09/05 19:30:00",ROYALLA1,0
D,DISPATCH,UNIT_SCADA,1,"2019/09/05 19:30:00",RPCG,10.20
D,DISPATCH,UNIT_SCADA,1,"2019/09/05 19:30:00",RUBICON,0
D,DISPATCH,UNIT_SCADA,1,"2019/09/05 19:30:00",SATGN1,0
D,DISPATCH,UNIT_SCADA,1,"2019/09/05 19:30:00",SATGS1,0
D,DISPATCH,UNIT_SCADA,1,"2019/09/05 19:30:00",STARHLWF,30.291166
D,DISPATCH,UNIT_SCADA,1,"2019/09/05 19:30:00",WAUBRAWF,92.224998
D,DISPATCH,UNIT_SCADA,1,"2019/09/05 19:30:00",WOOLNTH1,113.290024
D,DISPATCH,UNIT_SCADA,1,"2019/09/05 19:30:00",WPWF,30
D,DISPATCH,UNIT_SCADA,1,"2019/09/05 19:30:00",YAMBUKWF,3.70
D,DISPATCH,UNIT_SCADA,1,"2019/09/05 19:30:00",YSWF1,2.60
D,DISPATCH,UNIT_SCADA,1,"2019/09/05 19:30:00",AGLHAL,0
D,DISPATCH,UNIT_SCADA,1,"2019/09/05 19:30:00",AGLSOM,119.30
D,DISPATCH,UNIT_SCADA,1,"2019/09/05 19:30:00",ANGAST1,0
D,DISPATCH,UNIT_SCADA,1,"2019/09/05 19:30:00",ARWF1,44.30
D,DISPATCH,UNIT_SCADA,1,"2019/09/05 19:30:00",BALBG1,0
D,DISPATCH,UNIT_SCADA,1,"2019/09/05 19:30:00",BALBL1,0
D,DISPATCH,UNIT_SCADA,1,"2019/09/05 19:30:00",BALDHWF1,81.7870
D,DISPATCH,UNIT_SCADA,1,"2019/09/05 19:30:00",BANN1,0
D,DISPATCH,UNIT_SCADA,1,"2019/09/05 19:30:00",BARCALDN,0
D,DISPATCH,UNIT_SCADA,1,"2019/09/05 19:30:00",BARRON-1,32.72
D,DISPATCH,UNIT_SCADA,1,"2019/09/05 19:30:00",BARRON-2,0
D,DISPATCH,UNIT_SCADA,1,"2019/09/05 19:30:00",BASTYAN,81.040010
D,DISPATCH,UNIT_SCADA,1,"2019/09/05 19:30:00",BBTHREE1,0
D,DISPATCH,UNIT_SCADA,1,"2019/09/05 19:30:00",BBTHREE2,0
D,DISPATCH,UNIT_SCADA,1,"2019/09/05 19:30:00",BBTHREE3,0
D,DISPATCH,UNIT_SCADA,1,"2019/09/05 19:30:00",BDL01,43.62
D,DISPATCH,UNIT_SCADA,1,"2019/09/05 19:30:00",BDL02,43.86
D,DISPATCH,UNIT_SCADA,1,"2019/09/05 19:30:00",BERYLSF1,0
D,DISPATCH,UNIT_SCADA,1,"2019/09/05 19:30:00",BLOWERNG,15.40
D,DISPATCH,UNIT_SCADA,1,"2019/09/05 19:30:00",BLUFF1,49.80
D,DISPATCH,UNIT_SCADA,1,"2019/09/05 19:30:00",BNGSF1,0
D,DISPATCH,UNIT_SCADA,1,"2019/09/05 19:30:00",BNGSF2,0
D,DISPATCH,UNIT_SCADA,1,"2019/09/05 19:30:00",BOCORWF1,0
D,DISPATCH,UNIT_SCADA,1,"2019/09/05 19:30:00",BODWF1,15.199110
D,DISPATCH,UNIT_SCADA,1,"2019/09/05 19:30:00",BRAEMAR1,0
D,DISPATCH,UNIT_SCADA,1,"2019/09/05 19:30:00",BRAEMAR2,172.200010
D,DISPATCH,UNIT_SCADA,1,"2019/09/05 19:30:00",BRAEMAR3,172.200010
D,DISPATCH,UNIT_SCADA,1,"2019/09/05 19:30:00",BRAEMAR5,155.586880
D,DISPATCH,UNIT_SCADA,1,"2019/09/05 19:30:00",BRAEMAR6,0
D,DISPATCH,UNIT_SCADA,1,"2019/09/05 19:30:00",BRAEMAR7,148.819170
D,DISPATCH,UNIT_SCADA,1,"2019/09/05 19:30:00",BROKENH1,0
D,DISPATCH,UNIT_SCADA,1,"2019/09/05 19:30:00",BW01,538.049930
D,DISPATCH,UNIT_SCADA,1,"2019/09/05 19:30:00",BW02,628.775020
D,DISPATCH,UNIT_SCADA,1,"2019/09/05 19:30:00",BW03,633.175050
D,DISPATCH,UNIT_SCADA,1,"2019/09/05 19:30:00",BW04,0
D,DISPATCH,UNIT_SCADA,1,"2019/09/05 19:30:00",CALL_B_1,330.700010
D,DISPATCH,UNIT_SCADA,1,"2019/09/05 19:30:00",CALL_B_2,280.399990
D,DISPATCH,UNIT_SCADA,1,"2019/09/05 19:30:00",CETHANA,96.867250
D,DISPATCH,UNIT_SCADA,1,"2019/09/05 19:30:00",CG1,0
D,DISPATCH,UNIT_SCADA,1,"2019/09/05 19:30:00",CG2,0
D,DISPATCH,UNIT_SCADA,1,"2019/09/05 19:30:00",CG3,0
D,DISPATCH,UNIT_SCADA,1,"2019/09/05 19:30:00",CG4,0
D,DISPATCH,UNIT_SCADA,1,"2019/09/05 19:30:00",CHILDSF1,0
D,DISPATCH,UNIT_SCADA,1,"2019/09/05 19:30:00",CLARESF1,0
D,DISPATCH,UNIT_SCADA,1,"2019/09/05 19:30:00",CLEMGPWF,31.119130
D,DISPATCH,UNIT_SCADA,1,"2019/09/05 19:30:00",CLERMSF1,0
D,DISPATCH,UNIT_SCADA,1,"2019/09/05 19:30:00",COLEASF1,0
D,DISPATCH,UNIT_SCADA,1,"2019/09/05 19:30:00",COOPGWF1,0
D,DISPATCH,UNIT_SCADA,1,"2019/09/05 19:30:00",CPP_3,405.075010
D,DISPATCH,UNIT_SCADA,1,"2019/09/05 19:30:00",CPP_4,405.075010
D,DISPATCH,UNIT_SCADA,1,"2019/09/05 19:30:00",CPSA,142.0475
D,DISPATCH,UNIT_SCADA,1,"2019/09/05 19:30:00",CROOKWF2,18.693750
D,DISPATCH,UNIT_SCADA,1,"2019/09/05 19:30:00",CROWLWF1,22.865920
D,DISPATCH,UNIT_SCADA,1,"2019/09/05 19:30:00",CSPVPS1,0.0210
D,DISPATCH,UNIT_SCADA,1,"2019/09/05 19:30:00",DALNTH01,0
D,DISPATCH,UNIT_SCADA,1,"2019/09/05 19:30:00",DALNTHL1,0.080870
D,DISPATCH,UNIT_SCADA,1,"2019/09/05 19:30:00",DARTM1,130.899990
D,DISPATCH,UNIT_SCADA,1,"2019/09/05 19:30:00",DAYDSF1,0
D,DISPATCH,UNIT_SCADA,1,"2019/09/05 19:30:00",DDPS1,600.237180
D,DISPATCH,UNIT_SCADA,1,"2019/09/05 19:30:00",DDSF1,0
D,DISPATCH,UNIT_SCADA,1,"2019/09/05 19:30:00",DEVILS_G,63.981450
D,DISPATCH,UNIT_SCADA,1,"2019/09/05 19:30:00",DG_NSW1,0
D,DISPATCH,UNIT_SCADA,1,"2019/09/05 19:30:00",DG_QLD1,0
D,DISPATCH,UNIT_SCADA,1,"2019/09/05 19:30:00",DG_SA1,0
D,DISPATCH,UNIT_SCADA,1,"2019/09/05 19:30:00",DG_TAS1,0
D,DISPATCH,UNIT_SCADA,1,"2019/09/05 19:30:00",DG_VIC1,0
D,DISPATCH,UNIT_SCADA,1,"2019/09/05 19:30:00",DRYCGT1,0
D,DISPATCH,UNIT_SCADA,1,"2019/09/05 19:30:00",DRYCGT2,0
D,DISPATCH,UNIT_SCADA,1,"2019/09/05 19:30:00",DRYCGT3,0
D,DISPATCH,UNIT_SCADA,1,"2019/09/05 19:30:00",EILDON1,0
D,DISPATCH,UNIT_SCADA,1,"2019/09/05 19:30:00",EILDON2,0
D,DISPATCH,UNIT_SCADA,1,"2019/09/05 19:30:00",EMERASF1,0
D,DISPATCH,UNIT_SCADA,1,"2019/09/05 19:30:00",ER01,579.599980
D,DISPATCH,UNIT_SCADA,1,"2019/09/05 19:30:00",ER02,465.099980
D,DISPATCH,UNIT_SCADA,1,"2019/09/05 19:30:00",ER03,0
D,DISPATCH,UNIT_SCADA,1,"2019/09/05 19:30:00",ER04,666.075070
D,DISPATCH,UNIT_SCADA,1,"2019/09/05 19:30:00",FINLYSF1,0
D,DISPATCH,UNIT_SCADA,1,"2019/09/05 19:30:00",FISHER,46.35
D,DISPATCH,UNIT_SCADA,1,"2019/09/05 19:30:00",GANNBG1,0.736090
D,DISPATCH,UNIT_SCADA,1,"2019/09/05 19:30:00",GANNBL1,0
D,DISPATCH,UNIT_SCADA,1,"2019/09/05 19:30:00",GANNSF1,0
D,DISPATCH,UNIT_SCADA,1,"2019/09/05 19:30:00",GORDON,24.607520
D,DISPATCH,UNIT_SCADA,1,"2019/09/05 19:30:00",GSTONE1,218.399990
D,DISPATCH,UNIT_SCADA,1,"2019/09/05 19:30:00",GSTONE2,221.20
D,DISPATCH,UNIT_SCADA,1,"2019/09/05 19:30:00",GSTONE3,0
D,DISPATCH,UNIT_SCADA,1,"2019/09/05 19:30:00",GSTONE4,253.75
D,DISPATCH,UNIT_SCADA,1,"2019/09/05 19:30:00",GSTONE5,217.349990
D,DISPATCH,UNIT_SCADA,1,"2019/09/05 19:30:00",GSTONE6,217.349990
D,DISPATCH,UNIT_SCADA,1,"2019/09/05 19:30:00",GULLRSF1,0
D,DISPATCH,UNIT_SCADA,1,"2019/09/05 19:30:00",GULLRWF1,10.690190
D,DISPATCH,UNIT_SCADA,1,"2019/09/05 19:30:00",GUNNING1,1.733270
D,DISPATCH,UNIT_SCADA,1,"2019/09/05 19:30:00",GUTHEGA,30.90
D,DISPATCH,UNIT_SCADA,1,"2019/09/05 19:30:00",HALLWF1,87.63
D,DISPATCH,UNIT_SCADA,1,"2019/09/05 19:30:00",HALLWF2,64.14
D,DISPATCH,UNIT_SCADA,1,"2019/09/05 19:30:00",HAMISF1,0
D,DISPATCH,UNIT_SCADA,1,"2019/09/05 19:30:00",HAUGHT11,0
D,DISPATCH,UNIT_SCADA,1,"2019/09/05 19:30:00",HAYMSF1,0
D,DISPATCH,UNIT_SCADA,1,"2019/09/05 19:30:00",HDWF1,64.20
D,DISPATCH,UNIT_SCADA,1,"2019/09/05 19:30:00",HDWF2,60.60
D,DISPATCH,UNIT_SCADA,1,"2019/09/05 19:30:00",HDWF3,67.90
D,DISPATCH,UNIT_SCADA,1,"2019/09/05 19:30:00",HPRG1,0
D,DISPATCH,UNIT_SCADA,1,"2019/09/05 19:30:00",HPRL1,3.40
D,DISPATCH,UNIT_SCADA,1,"2019/09/05 19:30:00",HUMENSW,0
D,DISPATCH,UNIT_SCADA,1,"2019/09/05 19:30:00",HUMEV,23.60
D,DISPATCH,UNIT_SCADA,1,"2019/09/05 19:30:00",HVGTS,0
D,DISPATCH,UNIT_SCADA,1,"2019/09/05 19:30:00",JBUTTERS,22.75
D,DISPATCH,UNIT_SCADA,1,"2019/09/05 19:30:00",JLA01,0.10
D,DISPATCH,UNIT_SCADA,1,"2019/09/05 19:30:00",JLA02,0
D,DISPATCH,UNIT_SCADA,1,"2019/09/05 19:30:00",JLA03,0
D,DISPATCH,UNIT_SCADA,1,"2019/09/05 19:30:00",JLA04,0
D,DISPATCH,UNIT_SCADA,1,"2019/09/05 19:30:00",JLB01,0
D,DISPATCH,UNIT_SCADA,1,"2019/09/05 19:30:00",JLB02,84.10
D,DISPATCH,UNIT_SCADA,1,"2019/09/05 19:30:00",JLB03,84.10
D,DISPATCH,UNIT_SCADA,1,"2019/09/05 19:30:00",KAREEYA1,21.5025
D,DISPATCH,UNIT_SCADA,1,"2019/09/05 19:30:00",KAREEYA2,21.5850
D,DISPATCH,UNIT_SCADA,1,"2019/09/05 19:30:00",KAREEYA3,0
D,DISPATCH,UNIT_SCADA,1,"2019/09/05 19:30:00",KAREEYA4,21.5350
D,DISPATCH,UNIT_SCADA,1,"2019/09/05 19:30:00",KARSF1,0
D,DISPATCH,UNIT_SCADA,1,"2019/09/05 19:30:00",KIATAWF1,28.10
D,DISPATCH,UNIT_SCADA,1,"2019/09/05 19:30:00",KPP_1,0
D,DISPATCH,UNIT_SCADA,1,"2019/09/05 19:30:00",KSP1,0
D,DISPATCH,UNIT_SCADA,1,"2019/09/05 19:30:00",LADBROK1,41.52
D,DISPATCH,UNIT_SCADA,1,"2019/09/05 19:30:00",LADBROK2,42.18
D,DISPATCH,UNIT_SCADA,1,"2019/09/05 19:30:00",LD01,418.556340
D,DISPATCH,UNIT_SCADA,1,"2019/09/05 19:30:00",LD02,398.943790
D,DISPATCH,UNIT_SCADA,1,"2019/09/05 19:30:00",LD03,416.287540
D,DISPATCH,UNIT_SCADA,1,"2019/09/05 19:30:00",LD04,370.218780
D,DISPATCH,UNIT_SCADA,1,"2019/09/05 19:30:00",LEM_WIL,84.7658
D,DISPATCH,UNIT_SCADA,1,"2019/09/05 19:30:00",LGAPWF1,10.81
D,DISPATCH,UNIT_SCADA,1,"2019/09/05 19:30:00",LILYSF1,0
D,DISPATCH,UNIT_SCADA,1,"2019/09/05 19:30:00",LI_WY_CA,136.342350
D,DISPATCH,UNIT_SCADA,1,"2019/09/05 19:30:00",LKBONNY2,36.861730
D,DISPATCH,UNIT_SCADA,1,"2019/09/05 19:30:00",LKBONNY3,14.178790
D,DISPATCH,UNIT_SCADA,1,"2019/09/05 19:30:00",LK_ECHO,0
D,DISPATCH,UNIT_SCADA,1,"2019/09/05 19:30:00",LNGS1,0
D,DISPATCH,UNIT_SCADA,1,"2019/09/05 19:30:00",LNGS2,0
D,DISPATCH,UNIT_SCADA,1,"2019/09/05 19:30:00",LONSDALE,0
D,DISPATCH,UNIT_SCADA,1,"2019/09/05 19:30:00",LOYYB1,535.336730
D,DISPATCH,UNIT_SCADA,1,"2019/09/05 19:30:00",LOYYB2,583.082280
D,DISPATCH,UNIT_SCADA,1,"2019/09/05 19:30:00",LYA1,0
D,DISPATCH,UNIT_SCADA,1,"2019/09/05 19:30:00",LYA2,0
D,DISPATCH,UNIT_SCADA,1,"2019/09/05 19:30:00",LYA3,559
D,DISPATCH,UNIT_SCADA,1,"2019/09/05 19:30:00",LYA4,540
D,DISPATCH,UNIT_SCADA,1,"2019/09/05 19:30:00",MACARTH1,31.999260
D,DISPATCH,UNIT_SCADA,1,"2019/09/05 19:30:00",MACKAYGT,0.2240
D,DISPATCH,UNIT_SCADA,1,"2019/09/05 19:30:00",MACKNTSH,88.62
D,DISPATCH,UNIT_SCADA,1,"2019/09/05 19:30:00",MANSLR1,0
D,DISPATCH,UNIT_SCADA,1,"2019/09/05 19:30:00",MCKAY1,116.75
D,DISPATCH,UNIT_SCADA,1,"2019/09/05 19:30:00",MEADOWBK,34.210260
D,DISPATCH,UNIT_SCADA,1,"2019/09/05 19:30:00",MERCER01,68.3160
D,DISPATCH,UNIT_SCADA,1,"2019/09/05 19:30:00",MEWF1,21.0176
D,DISPATCH,UNIT_SCADA,1,"2019/09/05 19:30:00",MINTARO,0
D,DISPATCH,UNIT_SCADA,1,"2019/09/05 19:30:00",MOREESF1,0
D,DISPATCH,UNIT_SCADA,1,"2019/09/05 19:30:00",MORTLK11,259
D,DISPATCH,UNIT_SCADA,1,"2019/09/05 19:30:00",MORTLK12,0
D,DISPATCH,UNIT_SCADA,1,"2019/09/05 19:30:00",MP1,219.050050
D,DISPATCH,UNIT_SCADA,1,"2019/09/05 19:30:00",MP2,0
D,DISPATCH,UNIT_SCADA,1,"2019/09/05 19:30:00",MPP_1,400.75
D,DISPATCH,UNIT_SCADA,1,"2019/09/05 19:30:00",MPP_2,434.50
D,DISPATCH,UNIT_SCADA,1,"2019/09/05 19:30:00",MSTUART1,0
D,DISPATCH,UNIT_SCADA,1,"2019/09/05 19:30:00",MSTUART2,0
D,DISPATCH,UNIT_SCADA,1,"2019/09/05 19:30:00",MSTUART3,0
D,DISPATCH,UNIT_SCADA,1,"2019/09/05 19:30:00",MTGELWF1,15.985590
D,DISPATCH,UNIT_SCADA,1,"2019/09/05 19:30:00",MURRAY,0
D,DISPATCH,UNIT_SCADA,1,"2019/09/05 19:30:00",MUSSELR1,35.70
D,DISPATCH,UNIT_SCADA,1,"2019/09/05 19:30:00",MUWAWF1,59.23
D,DISPATCH,UNIT_SCADA,1,"2019/09/05 19:30:00",NBHWF1,110.50
D,DISPATCH,UNIT_SCADA,1,"2019/09/05 19:30:00",NPS,447
D,DISPATCH,UNIT_SCADA,1,"2019/09/05 19:30:00",NUMURSF1,0
D,DISPATCH,UNIT_SCADA,1,"2019/09/05 19:30:00",NYNGAN1,0
D,DISPATCH,UNIT_SCADA,1,"2019/09/05 19:30:00",OAKEY1,0
D,DISPATCH,UNIT_SCADA,1,"2019/09/05 19:30:00",OAKEY1SF,0
D,DISPATCH,UNIT_SCADA,1,"2019/09/05 19:30:00",OAKEY2,0
D,DISPATCH,UNIT_SCADA,1,"2019/09/05 19:30:00",OAKEY2SF,0
D,DISPATCH,UNIT_SCADA,1,"2019/09/05 19:30:00",OAKLAND1,9.40
D,DISPATCH,UNIT_SCADA,1,"2019/09/05 19:30:00",OSB-AG,180.72
D,DISPATCH,UNIT_SCADA,1,"2019/09/05 19:30:00",PARSF1,0
D,DISPATCH,UNIT_SCADA,1,"2019/09/05 19:30:00",POAT110,0
D,DISPATCH,UNIT_SCADA,1,"2019/09/05 19:30:00",POAT220,2.45
D,DISPATCH,UNIT_SCADA,1,"2019/09/05 19:30:00",POR01,0
D,DISPATCH,UNIT_SCADA,1,"2019/09/05 19:30:00",POR03,0
D,DISPATCH,UNIT_SCADA,1,"2019/09/05 19:30:00",PPCCGT,455.416170
D,DISPATCH,UNIT_SCADA,1,"2019/09/05 19:30:00",PTSTAN1,0
D,DISPATCH,UNIT_SCADA,1,"2019/09/05 19:30:00",PUMP1,0
D,DISPATCH,UNIT_SCADA,1,"2019/09/05 19:30:00",PUMP2,0
D,DISPATCH,UNIT_SCADA,1,"2019/09/05 19:30:00",QPS1,29
D,DISPATCH,UNIT_SCADA,1,"2019/09/05 19:30:00",QPS2,0
D,DISPATCH,UNIT_SCADA,1,"2019/09/05 19:30:00",QPS3,0
D,DISPATCH,UNIT_SCADA,1,"2019/09/05 19:30:00",QPS4,0
D,DISPATCH,UNIT_SCADA,1,"2019/09/05 19:30:00",QPS5,123.66
D,DISPATCH,UNIT_SCADA,1,"2019/09/05 19:30:00",REECE1,117.20
D,DISPATCH,UNIT_SCADA,1,"2019/09/05 19:30:00",REECE2,117.280010
D,DISPATCH,UNIT_SCADA,1,"2019/09/05 19:30:00",ROMA_7,0
D,DISPATCH,UNIT_SCADA,1,"2019/09/05 19:30:00",ROMA_8,0
D,DISPATCH,UNIT_SCADA,1,"2019/09/05 19:30:00",RRSF1,0
D,DISPATCH,UNIT_SCADA,1,"2019/09/05 19:30:00",RT_NSW1,0
D,DISPATCH,UNIT_SCADA,1,"2019/09/05 19:30:00",RT_NSW2,0
D,DISPATCH,UNIT_SCADA,1,"2019/09/05 19:30:00",RT_NSW3,0
D,DISPATCH,UNIT_SCADA,1,"2019/09/05 19:30:00",RT_NSW4,0
D,DISPATCH,UNIT_SCADA,1,"2019/09/05 19:30:00",RT_NSW5,0
D,DISPATCH,UNIT_SCADA,1,"2019/09/05 19:30:00",RT_NSW6,0
D,DISPATCH,UNIT_SCADA,1,"2019/09/05 19:30:00",RT_QLD1,0
D,DISPATCH,UNIT_SCADA,1,"2019/09/05 19:30:00",RT_SA1,0
D,DISPATCH,UNIT_SCADA,1,"2019/09/05 19:30:00",RT_SA2,0
D,DISPATCH,UNIT_SCADA,1,"2019/09/05 19:30:00",RT_SA3,0
D,DISPATCH,UNIT_SCADA,1,"2019/09/05 19:30:00",RT_SA4,0
D,DISPATCH,UNIT_SCADA,1,"2019/09/05 19:30:00",RT_SA5,0
D,DISPATCH,UNIT_SCADA,1,"2019/09/05 19:30:00",RT_SA6,0
D,DISPATCH,UNIT_SCADA,1,"2019/09/05 19:30:00",RT_TAS1,0
D,DISPATCH,UNIT_SCADA,1,"2019/09/05 19:30:00",RT_VIC1,0
D,DISPATCH,UNIT_SCADA,1,"2019/09/05 19:30:00",RT_VIC10,0
D,DISPATCH,UNIT_SCADA,1,"2019/09/05 19:30:00",RT_VIC11,0
D,DISPATCH,UNIT_SCADA,1,"2019/09/05 19:30:00",RT_VIC12,0
D,DISPATCH,UNIT_SCADA,1,"2019/09/05 19:30:00",RT_VIC2,0
D,DISPATCH,UNIT_SCADA,1,"2019/09/05 19:30:00",RT_VIC3,0
D,DISPATCH,UNIT_SCADA,1,"2019/09/05 19:30:00",RT_VIC4,0
D,DISPATCH,UNIT_SCADA,1,"2019/09/05 19:30:00",RT_VIC5,0
D,DISPATCH,UNIT_SCADA,1,"2019/09/05 19:30:00",RT_VIC6,0
D,DISPATCH,UNIT_SCADA,1,"2019/09/05 19:30:00",RT_VIC7,0
D,DISPATCH,UNIT_SCADA,1,"2019/09/05 19:30:00",RT_VIC8,0
D,DISPATCH,UNIT_SCADA,1,"2019/09/05 19:30:00",RT_VIC9,0
D,DISPATCH,UNIT_SCADA,1,"2019/09/05 19:30:00",RUGBYR1,0
D,DISPATCH,UNIT_SCADA,1,"2019/09/05 19:30:00",SALTCRK1,6.94
D,DISPATCH,UNIT_SCADA,1,"2019/09/05 19:30:00",SAPHWF1,16.528140
D,DISPATCH,UNIT_SCADA,1,"2019/09/05 19:30:00",SHGEN,160.223180
D,DISPATCH,UNIT_SCADA,1,"2019/09/05 19:30:00",SHPUMP,0
D,DISPATCH,UNIT_SCADA,1,"2019/09/05 19:30:00",SITHE01,0.764260
D,DISPATCH,UNIT_SCADA,1,"2019/09/05 19:30:00",SMCSF1,0
D,DISPATCH,UNIT_SCADA,1,"2019/09/05 19:30:00",SNOWNTH1,75.90
D,DISPATCH,UNIT_SCADA,1,"2019/09/05 19:30:00",SNOWSTH1,81.40
D,DISPATCH,UNIT_SCADA,1,"2019/09/05 19:30:00",SNOWTWN1,70.983530
D,DISPATCH,UNIT_SCADA,1,"2019/09/05 19:30:00",SNOWYP,0
D,DISPATCH,UNIT_SCADA,1,"2019/09/05 19:30:00",SNUG1,0.019440
D,DISPATCH,UNIT_SCADA,1,"2019/09/05 19:30:00",SRSF1,0.22
D,DISPATCH,UNIT_SCADA,1,"2019/09/05 19:30:00",STAN-1,294.219790
D,DISPATCH,UNIT_SCADA,1,"2019/09/05 19:30:00",STAN-2,359.077850
D,DISPATCH,UNIT_SCADA,1,"2019/09/05 19:30:00",STAN-3,363.410280
D,DISPATCH,UNIT_SCADA,1,"2019/09/05 19:30:00",STAN-4,364.281890
D,DISPATCH,UNIT_SCADA,1,"2019/09/05 19:30:00",STWF1,0
D,DISPATCH,UNIT_SCADA,1,"2019/09/05 19:30:00",SWAN_E,0
D,DISPATCH,UNIT_SCADA,1,"2019/09/05 19:30:00",TALWA1,414
D,DISPATCH,UNIT_SCADA,1,"2019/09/05 19:30:00",TARALGA1,7.113750
D,DISPATCH,UNIT_SCADA,1,"2019/09/05 19:30:00",TARONG#1,350.50
D,DISPATCH,UNIT_SCADA,1,"2019/09/05 19:30:00",TARONG#2,0
D,DISPATCH,UNIT_SCADA,1,"2019/09/05 19:30:00",TARONG#3,349.899990
D,DISPATCH,UNIT_SCADA,1,"2019/09/05 19:30:00",TARONG#4,349.600010
D,DISPATCH,UNIT_SCADA,1,"2019/09/05 19:30:00",TARRALEA,74.10
D,DISPATCH,UNIT_SCADA,1,"2019/09/05 19:30:00",TBSF1,-0.20
D,DISPATCH,UNIT_SCADA,1,"2019/09/05 19:30:00",TNPS1,397.600010
D,DISPATCH,UNIT_SCADA,1,"2019/09/05 19:30:00",TORRA1,72.518840
D,DISPATCH,UNIT_SCADA,1,"2019/09/05 19:30:00",TORRA2,0
D,DISPATCH,UNIT_SCADA,1,"2019/09/05 19:30:00",TORRA3,0
D,DISPATCH,UNIT_SCADA,1,"2019/09/05 19:30:00",TORRA4,69.476330
D,DISPATCH,UNIT_SCADA,1,"2019/09/05 19:30:00",TORRB1,112.22
D,DISPATCH,UNIT_SCADA,1,"2019/09/05 19:30:00",TORRB2,112.12
D,DISPATCH,UNIT_SCADA,1,"2019/09/05 19:30:00",TORRB3,111.53
D,DISPATCH,UNIT_SCADA,1,"2019/09/05 19:30:00",TORRB4,0
D,DISPATCH,UNIT_SCADA,1,"2019/09/05 19:30:00",TREVALLN,89.520030
D,DISPATCH,UNIT_SCADA,1,"2019/09/05 19:30:00",TRIBUTE,0
D,DISPATCH,UNIT_SCADA,1,"2019/09/05 19:30:00",TUMUT3,222.25
D,DISPATCH,UNIT_SCADA,1,"2019/09/05 19:30:00",TUNGATIN,104.760030
D,DISPATCH,UNIT_SCADA,1,"2019/09/05 19:30:00",TVCC201,0
D,DISPATCH,UNIT_SCADA,1,"2019/09/05 19:30:00",TVPP104,0
D,DISPATCH,UNIT_SCADA,1,"2019/09/05 19:30:00",UPPTUMUT,559.470460
D,DISPATCH,UNIT_SCADA,1,"2019/09/05 19:30:00",URANQ11,157.850010
D,DISPATCH,UNIT_SCADA,1,"2019/09/05 19:30:00",URANQ12,159.0625
D,DISPATCH,UNIT_SCADA,1,"2019/09/05 19:30:00",URANQ13,158.918730
D,DISPATCH,UNIT_SCADA,1,"2019/09/05 19:30:00",URANQ14,0
D,DISPATCH,UNIT_SCADA,1,"2019/09/05 19:30:00",VP5,407.3750
D,DISPATCH,UNIT_SCADA,1,"2019/09/05 19:30:00",VP6,0
D,DISPATCH,UNIT_SCADA,1,"2019/09/05 19:30:00",VPGS1,0
D,DISPATCH,UNIT_SCADA,1,"2019/09/05 19:30:00",VPGS2,0
D,DISPATCH,UNIT_SCADA,1,"2019/09/05 19:30:00",VPGS3,0
D,DISPATCH,UNIT_SCADA,1,"2019/09/05 19:30:00",VPGS4,0
D,DISPATCH,UNIT_SCADA,1,"2019/09/05 19:30:00",VPGS5,0
D,DISPATCH,UNIT_SCADA,1,"2019/09/05 19:30:00",VPGS6,0
D,DISPATCH,UNIT_SCADA,1,"2019/09/05 19:30:00",W/HOE#1,0
D,DISPATCH,UNIT_SCADA,1,"2019/09/05 19:30:00",W/HOE#2,0
D,DISPATCH,UNIT_SCADA,1,"2019/09/05 19:30:00",WATERLWF,105.30
D,DISPATCH,UNIT_SCADA,1,"2019/09/05 19:30:00",WEMENSF1,0
D,DISPATCH,UNIT_SCADA,1,"2019/09/05 19:30:00",WGWF1,61.30
D,DISPATCH,UNIT_SCADA,1,"2019/09/05 19:30:00",WHITSF1,0
D,DISPATCH,UNIT_SCADA,1,"2019/09/05 19:30:00",WKIEWA1,31.50
D,DISPATCH,UNIT_SCADA,1,"2019/09/05 19:30:00",WKIEWA2,31.70
D,DISPATCH,UNIT_SCADA,1,"2019/09/05 19:30:00",WOODLWN1,0
D,DISPATCH,UNIT_SCADA,1,"2019/09/05 19:30:00",WRSF1,0
D,DISPATCH,UNIT_SCADA,1,"2019/09/05 19:30:00",WRWF1,17.896250
D,DISPATCH,UNIT_SCADA,1,"2019/09/05 19:30:00",YABULU,160.290010
D,DISPATCH,UNIT_SCADA,1,"2019/09/05 19:30:00",YABULU2,0
D,DISPATCH,UNIT_SCADA,1,"2019/09/05 19:30:00",YARWUN_1,160.099990
D,DISPATCH,UNIT_SCADA,1,"2019/09/05 19:30:00",YENDWF1,41.89
D,DISPATCH,UNIT_SCADA,1,"2019/09/05 19:30:00",YWPS1,381.202550
D,DISPATCH,UNIT_SCADA,1,"2019/09/05 19:30:00",YWPS2,276.939240
D,DISPATCH,UNIT_SCADA,1,"2019/09/05 19:30:00",YWPS3,330.596190
D,DISPATCH,UNIT_SCADA,1,"2019/09/05 19:30:00",YWPS4,388.745570
C,"END OF REPORT",335
