C,NEMP.WORLD,DISPATCHSCADA,AEMO,PUBLIC,2019/09/06,11:50:10,0000000312460678,DISPATCHSCADA,0000000312460672
I,DISPATCH,UNIT_SCADA,1,SETTLEMENTDATE,DUID,SCADAVALUE
D,DISPATCH,UNIT_SCADA,1,"2019/09/06 11:55:00",BARCSF1,8.900001
D,DISPATCH,UNIT_SCADA,1,"2019/09/06 11:55:00",BUTLERSG,10.199999
D,DISPATCH,UNIT_SCADA,1,"2019/09/06 11:55:00",CALL_A_4,0
D,DISPATCH,UNIT_SCADA,1,"2019/09/06 11:55:00",CAPTL_WF,112
D,DISPATCH,UNIT_SCADA,1,"2019/09/06 11:55:00",CATHROCK,0
D,DISPATCH,UNIT_SCADA,1,"2019/09/06 11:55:00",CHALLHWF,13.90
D,DISPATCH,UNIT_SCADA,1,"2019/09/06 11:55:00",CLOVER,-0.01
D,DISPATCH,UNIT_SCADA,1,"2019/09/06 11:55:00",CLUNY,18.325933
D,DISPATCH,UNIT_SCADA,1,"2019/09/06 11:55:00",CNUNDAWF,29.033871
D,DISPATCH,UNIT_SCADA,1,"2019/09/06 11:55:00",CULLRGWF,25.450001
D,DISPATCH,UNIT_SCADA,1,"2019/09/06 11:55:00",ERGT01,0
D,DISPATCH,UNIT_SCADA,1,"2019/09/06 11:55:00",GB01,0.011856
D,DISPATCH,UNIT_SCADA,1,"2019/09/06 11:55:00",GERMCRK,31.40
D,DISPATCH,UNIT_SCADA,1,"2019/09/06 11:55:00",GRIFSF1,2.400002
D,DISPATCH,UNIT_SCADA,1,"2019/09/06 11:55:00",HUGSF1,9.04
D,DISPATCH,UNIT_SCADA,1,"2019/09/06 11:55:00",LKBONNY1,61.534153
D,DISPATCH,UNIT_SCADA,1,"2019/09/06 11:55:00",LRSF1,10.3850
D,DISPATCH,UNIT_SCADA,1,"2019/09/06 11:55:00",MBAHNTH,51.618744
D,DISPATCH,UNIT_SCADA,1,"2019/09/06 11:55:00",MLSP1,4.458001
D,DISPATCH,UNIT_SCADA,1,"2019/09/06 11:55:00",MLWF1,9.54
D,DISPATCH,UNIT_SCADA,1,"2019/09/06 11:55:00",MTMILLAR,57.558544
D,DISPATCH,UNIT_SCADA,1,"2019/09/06 11:55:00",PALOONA,24.73
D,DISPATCH,UNIT_SCADA,1,"2019/09/06 11:55:00",PIONEER,30.700001
D,DISPATCH,UNIT_SCADA,1,"2019/09/06 11:55:00",PORTWF,56.400002
D,DISPATCH,UNIT_SCADA,1,"2019/09/06 11:55:00",REPULSE,32.320438
D,DISPATCH,UNIT_SCADA,1,"2019/09/06 11:55:00",ROWALLAN,10.3376
D,DISPATCH,UNIT_SCADA,1,"2019/09/06 11:55:00",ROYALLA1,7.761001
D,DISPATCH,UNIT_SCADA,1,"2019/09/06 11:55:00",RPCG,10.40
D,DISPATCH,UNIT_SCADA,1,"2019/09/06 11:55:00",RUBICON,0
D,DISPATCH,UNIT_SCADA,1,"2019/09/06 11:55:00",SATGN1,0
D,DISPATCH,UNIT_SCADA,1,"2019/09/06 11:55:00",SATGS1,0
D,DISPATCH,UNIT_SCADA,1,"2019/09/06 11:55:00",STARHLWF,25.292625
D,DISPATCH,UNIT_SCADA,1,"2019/09/06 11:55:00",WAUBRAWF,85.232002
D,DISPATCH,UNIT_SCADA,1,"2019/09/06 11:55:00",WOOLNTH1,6.050015
D,DISPATCH,UNIT_SCADA,1,"2019/09/06 11:55:00",WPWF,77
D,DISPATCH,UNIT_SCADA,1,"2019/09/06 11:55:00",YAMBUKWF,14.90
D,DISPATCH,UNIT_SCADA,1,"2019/09/06 11:55:00",YSWF1,13.10
D,DISPATCH,UNIT_SCADA,1,"2019/09/06 11:55:00",AGLHAL,0
D,DISPATCH,UNIT_SCADA,1,"2019/09/06 11:55:00",AGLSOM,0
D,DISPATCH,UNIT_SCADA,1,"2019/09/06 11:55:00",ANGAST1,0
D,DISPATCH,UNIT_SCADA,1,"2019/09/06 11:55:00",ARWF1,38.60
D,DISPATCH,UNIT_SCADA,1,"2019/09/06 11:55:00",BALBG1,15.27
D,DISPATCH,UNIT_SCADA,1,"2019/09/06 11:55:00",BALBL1,0
D,DISPATCH,UNIT_SCADA,1,"2019/09/06 11:55:00",BALDHWF1,89.0850
D,DISPATCH,UNIT_SCADA,1,"2019/09/06 11:55:00",BANN1,54.71
D,DISPATCH,UNIT_SCADA,1,"2019/09/06 11:55:00",BARCALDN,0
D,DISPATCH,UNIT_SCADA,1,"2019/09/06 11:55:00",BARRON-1,0
D,DISPATCH,UNIT_SCADA,1,"2019/09/06 11:55:00",BARRON-2,0
D,DISPATCH,UNIT_SCADA,1,"2019/09/06 11:55:00",BASTYAN,79.98
D,DISPATCH,UNIT_SCADA,1,"2019/09/06 11:55:00",BBTHREE1,0
D,DISPATCH,UNIT_SCADA,1,"2019/09/06 11:55:00",BBTHREE2,0
D,DISPATCH,UNIT_SCADA,1,"2019/09/06 11:55:00",BBTHREE3,0
D,DISPATCH,UNIT_SCADA,1,"2019/09/06 11:55:00",BDL01,0
D,DISPATCH,UNIT_SCADA,1,"2019/09/06 11:55:00",BDL02,0
D,DISPATCH,UNIT_SCADA,1,"2019/09/06 11:55:00",BERYLSF1,60.051760
D,DISPATCH,UNIT_SCADA,1,"2019/09/06 11:55:00",BLOWERNG,15.30
D,DISPATCH,UNIT_SCADA,1,"2019/09/06 11:55:00",BLUFF1,52.90
D,DISPATCH,UNIT_SCADA,1,"2019/09/06 11:55:00",BNGSF1,67.02
D,DISPATCH,UNIT_SCADA,1,"2019/09/06 11:55:00",BNGSF2,19.93
D,DISPATCH,UNIT_SCADA,1,"2019/09/06 11:55:00",BOCORWF1,103.54
D,DISPATCH,UNIT_SCADA,1,"2019/09/06 11:55:00",BODWF1,109.461060
D,DISPATCH,UNIT_SCADA,1,"2019/09/06 11:55:00",BRAEMAR1,0
D,DISPATCH,UNIT_SCADA,1,"2019/09/06 11:55:00",BRAEMAR2,0
D,DISPATCH,UNIT_SCADA,1,"2019/09/06 11:55:00",BRAEMAR3,0
D,DISPATCH,UNIT_SCADA,1,"2019/09/06 11:55:00",BRAEMAR5,0
D,DISPATCH,UNIT_SCADA,1,"2019/09/06 11:55:00",BRAEMAR6,0
D,DISPATCH,UNIT_SCADA,1,"2019/09/06 11:55:00",BRAEMAR7,0
D,DISPATCH,UNIT_SCADA,1,"2019/09/06 11:55:00",BROKENH1,45.259520
D,DISPATCH,UNIT_SCADA,1,"2019/09/06 11:55:00",BW01,581.449950
D,DISPATCH,UNIT_SCADA,1,"2019/09/06 11:55:00",BW02,587.775020
D,DISPATCH,UNIT_SCADA,1,"2019/09/06 11:55:00",BW03,597.1250
D,DISPATCH,UNIT_SCADA,1,"2019/09/06 11:55:00",BW04,0
D,DISPATCH,UNIT_SCADA,1,"2019/09/06 11:55:00",CALL_B_1,348.399990
D,DISPATCH,UNIT_SCADA,1,"2019/09/06 11:55:00",CALL_B_2,348.399990
D,DISPATCH,UNIT_SCADA,1,"2019/09/06 11:55:00",CETHANA,96.807370
D,DISPATCH,UNIT_SCADA,1,"2019/09/06 11:55:00",CG1,0
D,DISPATCH,UNIT_SCADA,1,"2019/09/06 11:55:00",CG2,0
D,DISPATCH,UNIT_SCADA,1,"2019/09/06 11:55:00",CG3,0
D,DISPATCH,UNIT_SCADA,1,"2019/09/06 11:55:00",CG4,0
D,DISPATCH,UNIT_SCADA,1,"2019/09/06 11:55:00",CHILDSF1,28.07
D,DISPATCH,UNIT_SCADA,1,"2019/09/06 11:55:00",CLARESF1,45.252610
D,DISPATCH,UNIT_SCADA,1,"2019/09/06 11:55:00",CLEMGPWF,49.704160
D,DISPATCH,UNIT_SCADA,1,"2019/09/06 11:55:00",CLERMSF1,14.72
D,DISPATCH,UNIT_SCADA,1,"2019/09/06 11:55:00",COLEASF1,10
D,DISPATCH,UNIT_SCADA,1,"2019/09/06 11:55:00",COOPGWF1,45.399340
D,DISPATCH,UNIT_SCADA,1,"2019/09/06 11:55:00",CPP_3,251.900010
D,DISPATCH,UNIT_SCADA,1,"2019/09/06 11:55:00",CPP_4,348.700010
D,DISPATCH,UNIT_SCADA,1,"2019/09/06 11:55:00",CPSA,75.116250
D,DISPATCH,UNIT_SCADA,1,"2019/09/06 11:55:00",CROOKWF2,80.253750
D,DISPATCH,UNIT_SCADA,1,"2019/09/06 11:55:00",CROWLWF1,23.364610
D,DISPATCH,UNIT_SCADA,1,"2019/09/06 11:55:00",CSPVPS1,32.0020
D,DISPATCH,UNIT_SCADA,1,"2019/09/06 11:55:00",DALNTH01,0
D,DISPATCH,UNIT_SCADA,1,"2019/09/06 11:55:00",DALNTHL1,0.108340
D,DISPATCH,UNIT_SCADA,1,"2019/09/06 11:55:00",DARTM1,0
D,DISPATCH,UNIT_SCADA,1,"2019/09/06 11:55:00",DAYDSF1,112.09
D,DISPATCH,UNIT_SCADA,1,"2019/09/06 11:55:00",DDPS1,0
D,DISPATCH,UNIT_SCADA,1,"2019/09/06 11:55:00",DDSF1,106.274820
D,DISPATCH,UNIT_SCADA,1,"2019/09/06 11:55:00",DEVILS_G,0
D,DISPATCH,UNIT_SCADA,1,"2019/09/06 11:55:00",DG_NSW1,0
D,DISPATCH,UNIT_SCADA,1,"2019/09/06 11:55:00",DG_QLD1,0
D,DISPATCH,UNIT_SCADA,1,"2019/09/06 11:55:00",DG_SA1,0
D,DISPATCH,UNIT_SCADA,1,"2019/09/06 11:55:00",DG_TAS1,0
D,DISPATCH,UNIT_SCADA,1,"2019/09/06 11:55:00",DG_VIC1,0
D,DISPATCH,UNIT_SCADA,1,"2019/09/06 11:55:00",DRYCGT1,0
D,DISPATCH,UNIT_SCADA,1,"2019/09/06 11:55:00",DRYCGT2,0
D,DISPATCH,UNIT_SCADA,1,"2019/09/06 11:55:00",DRYCGT3,0
D,DISPATCH,UNIT_SCADA,1,"2019/09/06 11:55:00",EILDON1,0
D,DISPATCH,UNIT_SCADA,1,"2019/09/06 11:55:00",EILDON2,0
D,DISPATCH,UNIT_SCADA,1,"2019/09/06 11:55:00",EMERASF1,67.689990
D,DISPATCH,UNIT_SCADA,1,"2019/09/06 11:55:00",ER01,504.224980
D,DISPATCH,UNIT_SCADA,1,"2019/09/06 11:55:00",ER02,584.2749
D,DISPATCH,UNIT_SCADA,1,"2019/09/06 11:55:00",ER03,0
D,DISPATCH,UNIT_SCADA,1,"2019/09/06 11:55:00",ER04,583.675050
D,DISPATCH,UNIT_SCADA,1,"2019/09/06 11:55:00",FINLYSF1,3.449980
D,DISPATCH,UNIT_SCADA,1,"2019/09/06 11:55:00",FISHER,45.84
D,DISPATCH,UNIT_SCADA,1,"2019/09/06 11:55:00",GANNBG1,13.292350
D,DISPATCH,UNIT_SCADA,1,"2019/09/06 11:55:00",GANNBL1,0
D,DISPATCH,UNIT_SCADA,1,"2019/09/06 11:55:00",GANNSF1,26.60
D,DISPATCH,UNIT_SCADA,1,"2019/09/06 11:55:00",GORDON,19.8604
D,DISPATCH,UNIT_SCADA,1,"2019/09/06 11:55:00",GSTONE1,136.849990
D,DISPATCH,UNIT_SCADA,1,"2019/09/06 11:55:00",GSTONE2,109.7250
D,DISPATCH,UNIT_SCADA,1,"2019/09/06 11:55:00",GSTONE3,0
D,DISPATCH,UNIT_SCADA,1,"2019/09/06 11:55:00",GSTONE4,138.25
D,DISPATCH,UNIT_SCADA,1,"2019/09/06 11:55:00",GSTONE5,136.149990
D,DISPATCH,UNIT_SCADA,1,"2019/09/06 11:55:00",GSTONE6,138.0750
D,DISPATCH,UNIT_SCADA,1,"2019/09/06 11:55:00",GULLRSF1,8.161040
D,DISPATCH,UNIT_SCADA,1,"2019/09/06 11:55:00",GULLRWF1,142.638850
D,DISPATCH,UNIT_SCADA,1,"2019/09/06 11:55:00",GUNNING1,35.509670
D,DISPATCH,UNIT_SCADA,1,"2019/09/06 11:55:00",GUTHEGA,0
D,DISPATCH,UNIT_SCADA,1,"2019/09/06 11:55:00",HALLWF1,-0.45
D,DISPATCH,UNIT_SCADA,1,"2019/09/06 11:55:00",HALLWF2,-0.30
D,DISPATCH,UNIT_SCADA,1,"2019/09/06 11:55:00",HAMISF1,45.60
D,DISPATCH,UNIT_SCADA,1,"2019/09/06 11:55:00",HAUGHT11,94.392320
D,DISPATCH,UNIT_SCADA,1,"2019/09/06 11:55:00",HAYMSF1,40.8810
D,DISPATCH,UNIT_SCADA,1,"2019/09/06 11:55:00",HDWF1,65.30
D,DISPATCH,UNIT_SCADA,1,"2019/09/06 11:55:00",HDWF2,65.70
D,DISPATCH,UNIT_SCADA,1,"2019/09/06 11:55:00",HDWF3,59.50
D,DISPATCH,UNIT_SCADA,1,"2019/09/06 11:55:00",HPRG1,21.10
D,DISPATCH,UNIT_SCADA,1,"2019/09/06 11:55:00",HPRL1,0
D,DISPATCH,UNIT_SCADA,1,"2019/09/06 11:55:00",HUMENSW,0
D,DISPATCH,UNIT_SCADA,1,"2019/09/06 11:55:00",HUMEV,24.60
D,DISPATCH,UNIT_SCADA,1,"2019/09/06 11:55:00",HVGTS,0
D,DISPATCH,UNIT_SCADA,1,"2019/09/06 11:55:00",JBUTTERS,117.04
D,DISPATCH,UNIT_SCADA,1,"2019/09/06 11:55:00",JLA01,0.10
D,DISPATCH,UNIT_SCADA,1,"2019/09/06 11:55:00",JLA02,0
D,DISPATCH,UNIT_SCADA,1,"2019/09/06 11:55:00",JLA03,0
D,DISPATCH,UNIT_SCADA,1,"2019/09/06 11:55:00",JLA04,0
D,DISPATCH,UNIT_SCADA,1,"2019/09/06 11:55:00",JLB01,0
D,DISPATCH,UNIT_SCADA,1,"2019/09/06 11:55:00",JLB02,0.10
D,DISPATCH,UNIT_SCADA,1,"2019/09/06 11:55:00",JLB03,0
D,DISPATCH,UNIT_SCADA,1,"2019/09/06 11:55:00",KAREEYA1,21.5225
D,DISPATCH,UNIT_SCADA,1,"2019/09/06 11:55:00",KAREEYA2,21.5950
D,DISPATCH,UNIT_SCADA,1,"2019/09/06 11:55:00",KAREEYA3,0
D,DISPATCH,UNIT_SCADA,1,"2019/09/06 11:55:00",KAREEYA4,21.5075
D,DISPATCH,UNIT_SCADA,1,"2019/09/06 11:55:00",KARSF1,21.30
D,DISPATCH,UNIT_SCADA,1,"2019/09/06 11:55:00",KIATAWF1,30.80
D,DISPATCH,UNIT_SCADA,1,"2019/09/06 11:55:00",KPP_1,0
D,DISPATCH,UNIT_SCADA,1,"2019/09/06 11:55:00",KSP1,46.53
D,DISPATCH,UNIT_SCADA,1,"2019/09/06 11:55:00",LADBROK1,0
D,DISPATCH,UNIT_SCADA,1,"2019/09/06 11:55:00",LADBROK2,0
D,DISPATCH,UNIT_SCADA,1,"2019/09/06 11:55:00",LD01,373.106230
D,DISPATCH,UNIT_SCADA,1,"2019/09/06 11:55:00",LD02,379.800020
D,DISPATCH,UNIT_SCADA,1,"2019/09/06 11:55:00",LD03,374.6062
D,DISPATCH,UNIT_SCADA,1,"2019/09/06 11:55:00",LD04,375.637480
D,DISPATCH,UNIT_SCADA,1,"2019/09/06 11:55:00",LEM_WIL,84.8753
D,DISPATCH,UNIT_SCADA,1,"2019/09/06 11:55:00",LGAPWF1,34.61
D,DISPATCH,UNIT_SCADA,1,"2019/09/06 11:55:00",LILYSF1,0
D,DISPATCH,UNIT_SCADA,1,"2019/09/06 11:55:00",LI_WY_CA,163.272130
D,DISPATCH,UNIT_SCADA,1,"2019/09/06 11:55:00",LKBONNY2,86.981380
D,DISPATCH,UNIT_SCADA,1,"2019/09/06 11:55:00",LKBONNY3,21.100720
D,DISPATCH,UNIT_SCADA,1,"2019/09/06 11:55:00",LK_ECHO,0
D,DISPATCH,UNIT_SCADA,1,"2019/09/06 11:55:00",LNGS1,0
D,DISPATCH,UNIT_SCADA,1,"2019/09/06 11:55:00",LNGS2,0
D,DISPATCH,UNIT_SCADA,1,"2019/09/06 11:55:00",LONSDALE,0
D,DISPATCH,UNIT_SCADA,1,"2019/09/06 11:55:00",LOYYB1,537.592410
D,DISPATCH,UNIT_SCADA,1,"2019/09/06 11:55:00",LOYYB2,583.458250
D,DISPATCH,UNIT_SCADA,1,"2019/09/06 11:55:00",LYA1,0
D,DISPATCH,UNIT_SCADA,1,"2019/09/06 11:55:00",LYA2,0
D,DISPATCH,UNIT_SCADA,1,"2019/09/06 11:55:00",LYA3,560
D,DISPATCH,UNIT_SCADA,1,"2019/09/06 11:55:00",LYA4,540
D,DISPATCH,UNIT_SCADA,1,"2019/09/06 11:55:00",MACARTH1,109.197480
D,DISPATCH,UNIT_SCADA,1,"2019/09/06 11:55:00",MACKAYGT,0.2240
D,DISPATCH,UNIT_SCADA,1,"2019/09/06 11:55:00",MACKNTSH,88.440010
D,DISPATCH,UNIT_SCADA,1,"2019/09/06 11:55:00",MANSLR1,24.0120
D,DISPATCH,UNIT_SCADA,1,"2019/09/06 11:55:00",MCKAY1,-0.0350
D,DISPATCH,UNIT_SCADA,1,"2019/09/06 11:55:00",MEADOWBK,33.838720
D,DISPATCH,UNIT_SCADA,1,"2019/09/06 11:55:00",MERCER01,88.1440
D,DISPATCH,UNIT_SCADA,1,"2019/09/06 11:55:00",MEWF1,18.872320
D,DISPATCH,UNIT_SCADA,1,"2019/09/06 11:55:00",MINTARO,0
D,DISPATCH,UNIT_SCADA,1,"2019/09/06 11:55:00",MOREESF1,47.74
D,DISPATCH,UNIT_SCADA,1,"2019/09/06 11:55:00",MORTLK11,125
D,DISPATCH,UNIT_SCADA,1,"2019/09/06 11:55:00",MORTLK12,0
D,DISPATCH,UNIT_SCADA,1,"2019/09/06 11:55:00",MP1,140.324950
D,DISPATCH,UNIT_SCADA,1,"2019/09/06 11:55:00",MP2,0
D,DISPATCH,UNIT_SCADA,1,"2019/09/06 11:55:00",MPP_1,379.75
D,DISPATCH,UNIT_SCADA,1,"2019/09/06 11:55:00",MPP_2,220.25
D,DISPATCH,UNIT_SCADA,1,"2019/09/06 11:55:00",MSTUART1,0
D,DISPATCH,UNIT_SCADA,1,"2019/09/06 11:55:00",MSTUART2,0
D,DISPATCH,UNIT_SCADA,1,"2019/09/06 11:55:00",MSTUART3,0
D,DISPATCH,UNIT_SCADA,1,"2019/09/06 11:55:00",MTGELWF1,64.532910
D,DISPATCH,UNIT_SCADA,1,"2019/09/06 11:55:00",MURRAY,0
D,DISPATCH,UNIT_SCADA,1,"2019/09/06 11:55:00",MUSSELR1,162.899990
D,DISPATCH,UNIT_SCADA,1,"2019/09/06 11:55:00",MUWAWF1,78.80
D,DISPATCH,UNIT_SCADA,1,"2019/09/06 11:55:00",NBHWF1,119.30
D,DISPATCH,UNIT_SCADA,1,"2019/09/06 11:55:00",NPS,0
D,DISPATCH,UNIT_SCADA,1,"2019/09/06 11:55:00",NUMURSF1,30.15
D,DISPATCH,UNIT_SCADA,1,"2019/09/06 11:55:00",NYNGAN1,97.50
D,DISPATCH,UNIT_SCADA,1,"2019/09/06 11:55:00",OAKEY1,0
D,DISPATCH,UNIT_SCADA,1,"2019/09/06 11:55:00",OAKEY1SF,22.6350
D,DISPATCH,UNIT_SCADA,1,"2019/09/06 11:55:00",OAKEY2,0
D,DISPATCH,UNIT_SCADA,1,"2019/09/06 11:55:00",OAKEY2SF,0
D,DISPATCH,UNIT_SCADA,1,"2019/09/06 11:55:00",OAKLAND1,14.50
D,DISPATCH,UNIT_SCADA,1,"2019/09/06 11:55:00",OSB-AG,0
D,DISPATCH,UNIT_SCADA,1,"2019/09/06 11:55:00",PARSF1,21.103120
D,DISPATCH,UNIT_SCADA,1,"2019/09/06 11:55:00",POAT110,0
D,DISPATCH,UNIT_SCADA,1,"2019/09/06 11:55:00",POAT220,1.16
D,DISPATCH,UNIT_SCADA,1,"2019/09/06 11:55:00",POR01,0
D,DISPATCH,UNIT_SCADA,1,"2019/09/06 11:55:00",POR03,0
D,DISPATCH,UNIT_SCADA,1,"2019/09/06 11:55:00",PPCCGT,0
D,DISPATCH,UNIT_SCADA,1,"2019/09/06 11:55:00",PTSTAN1,0
D,DISPATCH,UNIT_SCADA,1,"2019/09/06 11:55:00",PUMP1,0
D,DISPATCH,UNIT_SCADA,1,"2019/09/06 11:55:00",PUMP2,0
D,DISPATCH,UNIT_SCADA,1,"2019/09/06 11:55:00",QPS1,0
D,DISPATCH,UNIT_SCADA,1,"2019/09/06 11:55:00",QPS2,0
D,DISPATCH,UNIT_SCADA,1,"2019/09/06 11:55:00",QPS3,0
D,DISPATCH,UNIT_SCADA,1,"2019/09/06 11:55:00",QPS4,0
D,DISPATCH,UNIT_SCADA,1,"2019/09/06 11:55:00",QPS5,0
D,DISPATCH,UNIT_SCADA,1,"2019/09/06 11:55:00",REECE1,102.850010
D,DISPATCH,UNIT_SCADA,1,"2019/09/06 11:55:00",REECE2,101.09
D,DISPATCH,UNIT_SCADA,1,"2019/09/06 11:55:00",ROMA_7,0
D,DISPATCH,UNIT_SCADA,1,"2019/09/06 11:55:00",ROMA_8,0
D,DISPATCH,UNIT_SCADA,1,"2019/09/06 11:55:00",RRSF1,110.037780
D,DISPATCH,UNIT_SCADA,1,"2019/09/06 11:55:00",RT_NSW1,0
D,DISPATCH,UNIT_SCADA,1,"2019/09/06 11:55:00",RT_NSW2,0
D,DISPATCH,UNIT_SCADA,1,"2019/09/06 11:55:00",RT_NSW3,0
D,DISPATCH,UNIT_SCADA,1,"2019/09/06 11:55:00",RT_NSW4,0
D,DISPATCH,UNIT_SCADA,1,"2019/09/06 11:55:00",RT_NSW5,0
D,DISPATCH,UNIT_SCADA,1,"2019/09/06 11:55:00",RT_NSW6,0
D,DISPATCH,UNIT_SCADA,1,"2019/09/06 11:55:00",RT_QLD1,0
D,DISPATCH,UNIT_SCADA,1,"2019/09/06 11:55:00",RT_SA1,0
D,DISPATCH,UNIT_SCADA,1,"2019/09/06 11:55:00",RT_SA2,0
D,DISPATCH,UNIT_SCADA,1,"2019/09/06 11:55:00",RT_SA3,0
D,DISPATCH,UNIT_SCADA,1,"2019/09/06 11:55:00",RT_SA4,0
D,DISPATCH,UNIT_SCADA,1,"2019/09/06 11:55:00",RT_SA5,0
D,DISPATCH,UNIT_SCADA,1,"2019/09/06 11:55:00",RT_SA6,0
D,DISPATCH,UNIT_SCADA,1,"2019/09/06 11:55:00",RT_TAS1,0
D,DISPATCH,UNIT_SCADA,1,"2019/09/06 11:55:00",RT_VIC1,0
D,DISPATCH,UNIT_SCADA,1,"2019/09/06 11:55:00",RT_VIC10,0
D,DISPATCH,UNIT_SCADA,1,"2019/09/06 11:55:00",RT_VIC11,0
D,DISPATCH,UNIT_SCADA,1,"2019/09/06 11:55:00",RT_VIC12,0
D,DISPATCH,UNIT_SCADA,1,"2019/09/06 11:55:00",RT_VIC2,0
D,DISPATCH,UNIT_SCADA,1,"2019/09/06 11:55:00",RT_VIC3,0
D,DISPATCH,UNIT_SCADA,1,"2019/09/06 11:55:00",RT_VIC4,0
D,DISPATCH,UNIT_SCADA,1,"2019/09/06 11:55:00",RT_VIC5,0
D,DISPATCH,UNIT_SCADA,1,"2019/09/06 11:55:00",RT_VIC6,0
D,DISPATCH,UNIT_SCADA,1,"2019/09/06 11:55:00",RT_VIC7,0
D,DISPATCH,UNIT_SCADA,1,"2019/09/06 11:55:00",RT_VIC8,0
D,DISPATCH,UNIT_SCADA,1,"2019/09/06 11:55:00",RT_VIC9,0
D,DISPATCH,UNIT_SCADA,1,"2019/09/06 11:55:00",RUGBYR1,64.040960
D,DISPATCH,UNIT_SCADA,1,"2019/09/06 11:55:00",SALTCRK1,24.90
D,DISPATCH,UNIT_SCADA,1,"2019/09/06 11:55:00",SAPHWF1,214.8750
D,DISPATCH,UNIT_SCADA,1,"2019/09/06 11:55:00",SHGEN,0
D,DISPATCH,UNIT_SCADA,1,"2019/09/06 11:55:00",SHPUMP,79.212090
D,DISPATCH,UNIT_SCADA,1,"2019/09/06 11:55:00",SITHE01,0.173950
D,DISPATCH,UNIT_SCADA,1,"2019/09/06 11:55:00",SMCSF1,87.269840
D,DISPATCH,UNIT_SCADA,1,"2019/09/06 11:55:00",SNOWNTH1,138.399990
D,DISPATCH,UNIT_SCADA,1,"2019/09/06 11:55:00",SNOWSTH1,118.20
D,DISPATCH,UNIT_SCADA,1,"2019/09/06 11:55:00",SNOWTWN1,91.311520
D,DISPATCH,UNIT_SCADA,1,"2019/09/06 11:55:00",SNOWYP,391.50
D,DISPATCH,UNIT_SCADA,1,"2019/09/06 11:55:00",SNUG1,0.019440
D,DISPATCH,UNIT_SCADA,1,"2019/09/06 11:55:00",SRSF1,69.439990
D,DISPATCH,UNIT_SCADA,1,"2019/09/06 11:55:00",STAN-1,202.0598
D,DISPATCH,UNIT_SCADA,1,"2019/09/06 11:55:00",STAN-2,234.091480
D,DISPATCH,UNIT_SCADA,1,"2019/09/06 11:55:00",STAN-3,234.065840
D,DISPATCH,UNIT_SCADA,1,"2019/09/06 11:55:00",STAN-4,230.553770
D,DISPATCH,UNIT_SCADA,1,"2019/09/06 11:55:00",STWF1,0
D,DISPATCH,UNIT_SCADA,1,"2019/09/06 11:55:00",SWAN_E,0
D,DISPATCH,UNIT_SCADA,1,"2019/09/06 11:55:00",TALWA1,190
D,DISPATCH,UNIT_SCADA,1,"2019/09/06 11:55:00",TARALGA1,92.261260
D,DISPATCH,UNIT_SCADA,1,"2019/09/06 11:55:00",TARONG#1,349.600010
D,DISPATCH,UNIT_SCADA,1,"2019/09/06 11:55:00",TARONG#2,0
D,DISPATCH,UNIT_SCADA,1,"2019/09/06 11:55:00",TARONG#3,279.200010
D,DISPATCH,UNIT_SCADA,1,"2019/09/06 11:55:00",TARONG#4,349.50
D,DISPATCH,UNIT_SCADA,1,"2019/09/06 11:55:00",TARRALEA,73.90
D,DISPATCH,UNIT_SCADA,1,"2019/09/06 11:55:00",TBSF1,81.10
D,DISPATCH,UNIT_SCADA,1,"2019/09/06 11:55:00",TNPS1,399.700010
D,DISPATCH,UNIT_SCADA,1,"2019/09/06 11:55:00",TORRA1,45.341790
D,DISPATCH,UNIT_SCADA,1,"2019/09/06 11:55:00",TORRA2,0
D,DISPATCH,UNIT_SCADA,1,"2019/09/06 11:55:00",TORRA3,0
D,DISPATCH,UNIT_SCADA,1,"2019/09/06 11:55:00",TORRA4,43.4694
D,DISPATCH,UNIT_SCADA,1,"2019/09/06 11:55:00",TORRB1,68.80
D,DISPATCH,UNIT_SCADA,1,"2019/09/06 11:55:00",TORRB2,67.09
D,DISPATCH,UNIT_SCADA,1,"2019/09/06 11:55:00",TORRB3,38.22
D,DISPATCH,UNIT_SCADA,1,"2019/09/06 11:55:00",TORRB4,0
D,DISPATCH,UNIT_SCADA,1,"2019/09/06 11:55:00",TREVALLN,67.250020
D,DISPATCH,UNIT_SCADA,1,"2019/09/06 11:55:00",TRIBUTE,0
D,DISPATCH,UNIT_SCADA,1,"2019/09/06 11:55:00",TUMUT3,0
D,DISPATCH,UNIT_SCADA,1,"2019/09/06 11:55:00",TUNGATIN,101.210020
D,DISPATCH,UNIT_SCADA,1,"2019/09/06 11:55:00",TVCC201,0
D,DISPATCH,UNIT_SCADA,1,"2019/09/06 11:55:00",TVPP104,0
D,DISPATCH,UNIT_SCADA,1,"2019/09/06 11:55:00",UPPTUMUT,36.719180
D,DISPATCH,UNIT_SCADA,1,"2019/09/06 11:55:00",URANQ11,0
D,DISPATCH,UNIT_SCADA,1,"2019/09/06 11:55:00",URANQ12,0
D,DISPATCH,UNIT_SCADA,1,"2019/09/06 11:55:00",URANQ13,0
D,DISPATCH,UNIT_SCADA,1,"2019/09/06 11:55:00",URANQ14,0
D,DISPATCH,UNIT_SCADA,1,"2019/09/06 11:55:00",VP5,398.100010
D,DISPATCH,UNIT_SCADA,1,"2019/09/06 11:55:00",VP6,0
D,DISPATCH,UNIT_SCADA,1,"2019/09/06 11:55:00",VPGS1,0
D,DISPATCH,UNIT_SCADA,1,"2019/09/06 11:55:00",VPGS2,0
D,DISPATCH,UNIT_SCADA,1,"2019/09/06 11:55:00",VPGS3,0
D,DISPATCH,UNIT_SCADA,1,"2019/09/06 11:55:00",VPGS4,0
D,DISPATCH,UNIT_SCADA,1,"2019/09/06 11:55:00",VPGS5,0
D,DISPATCH,UNIT_SCADA,1,"2019/09/06 11:55:00",VPGS6,0
D,DISPATCH,UNIT_SCADA,1,"2019/09/06 11:55:00",W/HOE#1,0
D,DISPATCH,UNIT_SCADA,1,"2019/09/06 11:55:00",W/HOE#2,0
D,DISPATCH,UNIT_SCADA,1,"2019/09/06 11:55:00",WATERLWF,102.40
D,DISPATCH,UNIT_SCADA,1,"2019/09/06 11:55:00",WEMENSF1,20.50
D,DISPATCH,UNIT_SCADA,1,"2019/09/06 11:55:00",WGWF1,0
D,DISPATCH,UNIT_SCADA,1,"2019/09/06 11:55:00",WHITSF1,42.20
D,DISPATCH,UNIT_SCADA,1,"2019/09/06 11:55:00",WKIEWA1,16.90
D,DISPATCH,UNIT_SCADA,1,"2019/09/06 11:55:00",WKIEWA2,0
D,DISPATCH,UNIT_SCADA,1,"2019/09/06 11:55:00",WOODLWN1,40.9950
D,DISPATCH,UNIT_SCADA,1,"2019/09/06 11:55:00",WRSF1,16.49
D,DISPATCH,UNIT_SCADA,1,"2019/09/06 11:55:00",WRWF1,148.881240
D,DISPATCH,UNIT_SCADA,1,"2019/09/06 11:55:00",YABULU,0
D,DISPATCH,UNIT_SCADA,1,"2019/09/06 11:55:00",YABULU2,0
D,DISPATCH,UNIT_SCADA,1,"2019/09/06 11:55:00",YARWUN_1,120.16
D,DISPATCH,UNIT_SCADA,1,"2019/09/06 11:55:00",YENDWF1,41.87
D,DISPATCH,UNIT_SCADA,1,"2019/09/06 11:55:00",YWPS1,377.944310
D,DISPATCH,UNIT_SCADA,1,"2019/09/06 11:55:00",YWPS2,278.192410
D,DISPATCH,UNIT_SCADA,1,"2019/09/06 11:55:00",YWPS3,328.902530
D,DISPATCH,UNIT_SCADA,1,"2019/09/06 11:55:00",YWPS4,395.520260
C,"END OF REPORT",335
