C,NEMP.WORLD,DISPATCHSCADA,AEMO,PUBLIC,2019/09/05,14:10:08,0000000312424943,DISPATCHSCADA,0000000312424937
I,DISPATCH,UNIT_SCADA,1,SETTLEMENTDATE,DUID,SCADAVALUE
D,DISPATCH,UNIT_SCADA,1,"2019/09/05 14:15:00",BARCSF1,8.900001
D,DISPATCH,UNIT_SCADA,1,"2019/09/05 14:15:00",BUTLERSG,10.199999
D,DISPATCH,UNIT_SCADA,1,"2019/09/05 14:15:00",CALL_A_4,0
D,DISPATCH,UNIT_SCADA,1,"2019/09/05 14:15:00",CAPTL_WF,0
D,DISPATCH,UNIT_SCADA,1,"2019/09/05 14:15:00",CATHROCK,37.969997
D,DISPATCH,UNIT_SCADA,1,"2019/09/05 14:15:00",CHALLHWF,11.30
D,DISPATCH,UNIT_SCADA,1,"2019/09/05 14:15:00",CLOVER,-0.01
D,DISPATCH,UNIT_SCADA,1,"2019/09/05 14:15:00",CLUNY,18.054016
D,DISPATCH,UNIT_SCADA,1,"2019/09/05 14:15:00",CNUNDAWF,-0.300350
D,DISPATCH,UNIT_SCADA,1,"2019/09/05 14:15:00",CULLRGWF,1.63
D,DISPATCH,UNIT_SCADA,1,"2019/09/05 14:15:00",ERGT01,0
D,DISPATCH,UNIT_SCADA,1,"2019/09/05 14:15:00",GB01,0.001720
D,DISPATCH,UNIT_SCADA,1,"2019/09/05 14:15:00",GERMCRK,34.200001
D,DISPATCH,UNIT_SCADA,1,"2019/09/05 14:15:00",GRIFSF1,25.199997
D,DISPATCH,UNIT_SCADA,1,"2019/09/05 14:15:00",HUGSF1,8.957001
D,DISPATCH,UNIT_SCADA,1,"2019/09/05 14:15:00",LKBONNY1,13.485714
D,DISPATCH,UNIT_SCADA,1,"2019/09/05 14:15:00",LRSF1,11.558001
D,DISPATCH,UNIT_SCADA,1,"2019/09/05 14:15:00",MBAHNTH,5.006248
D,DISPATCH,UNIT_SCADA,1,"2019/09/05 14:15:00",MLSP1,4.806001
D,DISPATCH,UNIT_SCADA,1,"2019/09/05 14:15:00",MLWF1,13.53
D,DISPATCH,UNIT_SCADA,1,"2019/09/05 14:15:00",MTMILLAR,-0.107899
D,DISPATCH,UNIT_SCADA,1,"2019/09/05 14:15:00",PALOONA,25.92
D,DISPATCH,UNIT_SCADA,1,"2019/09/05 14:15:00",PIONEER,25.40
D,DISPATCH,UNIT_SCADA,1,"2019/09/05 14:15:00",PORTWF,61.700001
D,DISPATCH,UNIT_SCADA,1,"2019/09/05 14:15:00",REPULSE,28.809643
D,DISPATCH,UNIT_SCADA,1,"2019/09/05 14:15:00",ROWALLAN,10.2453
D,DISPATCH,UNIT_SCADA,1,"2019/09/05 14:15:00",ROYALLA1,3.1360
D,DISPATCH,UNIT_SCADA,1,"2019/09/05 14:15:00",RPCG,11.50
D,DISPATCH,UNIT_SCADA,1,"2019/09/05 14:15:00",RUBICON,0
D,DISPATCH,UNIT_SCADA,1,"2019/09/05 14:15:00",SATGN1,0
D,DISPATCH,UNIT_SCADA,1,"2019/09/05 14:15:00",SATGS1,0
D,DISPATCH,UNIT_SCADA,1,"2019/09/05 14:15:00",STARHLWF,23.293207
D,DISPATCH,UNIT_SCADA,1,"2019/09/05 14:15:00",WAUBRAWF,49.0620
D,DISPATCH,UNIT_SCADA,1,"2019/09/05 14:15:00",WOOLNTH1,13.250015
D,DISPATCH,UNIT_SCADA,1,"2019/09/05 14:15:00",WPWF,72
D,DISPATCH,UNIT_SCADA,1,"2019/09/05 14:15:00",YAMBUKWF,15.10
D,DISPATCH,UNIT_SCADA,1,"2019/09/05 14:15:00",YSWF1,0.70
D,DISPATCH,UNIT_SCADA,1,"2019/09/05 14:15:00",AGLHAL,0
D,DISPATCH,UNIT_SCADA,1,"2019/09/05 14:15:00",AGLSOM,0
D,DISPATCH,UNIT_SCADA,1,"2019/09/05 14:15:00",ANGAST1,0
D,DISPATCH,UNIT_SCADA,1,"2019/09/05 14:15:00",ARWF1,51.10
D,DISPATCH,UNIT_SCADA,1,"2019/09/05 14:15:00",BALBG1,0
D,DISPATCH,UNIT_SCADA,1,"2019/09/05 14:15:00",BALBL1,0
D,DISPATCH,UNIT_SCADA,1,"2019/09/05 14:15:00",BALDHWF1,38.8870
D,DISPATCH,UNIT_SCADA,1,"2019/09/05 14:15:00",BANN1,60.01
D,DISPATCH,UNIT_SCADA,1,"2019/09/05 14:15:00",BARCALDN,0
D,DISPATCH,UNIT_SCADA,1,"2019/09/05 14:15:00",BARRON-1,16.56
D,DISPATCH,UNIT_SCADA,1,"2019/09/05 14:15:00",BARRON-2,0
D,DISPATCH,UNIT_SCADA,1,"2019/09/05 14:15:00",BASTYAN,81.13
D,DISPATCH,UNIT_SCADA,1,"2019/09/05 14:15:00",BBTHREE1,0
D,DISPATCH,UNIT_SCADA,1,"2019/09/05 14:15:00",BBTHREE2,0
D,DISPATCH,UNIT_SCADA,1,"2019/09/05 14:15:00",BBTHREE3,0
D,DISPATCH,UNIT_SCADA,1,"2019/09/05 14:15:00",BDL01,0
D,DISPATCH,UNIT_SCADA,1,"2019/09/05 14:15:00",BDL02,0
D,DISPATCH,UNIT_SCADA,1,"2019/09/05 14:15:00",BERYLSF1,75.581250
D,DISPATCH,UNIT_SCADA,1,"2019/09/05 14:15:00",BLOWERNG,14
D,DISPATCH,UNIT_SCADA,1,"2019/09/05 14:15:00",BLUFF1,24.80
D,DISPATCH,UNIT_SCADA,1,"2019/09/05 14:15:00",BNGSF1,95.64
D,DISPATCH,UNIT_SCADA,1,"2019/09/05 14:15:00",BNGSF2,20.02
D,DISPATCH,UNIT_SCADA,1,"2019/09/05 14:15:00",BOCORWF1,60.45
D,DISPATCH,UNIT_SCADA,1,"2019/09/05 14:15:00",BODWF1,40.622430
D,DISPATCH,UNIT_SCADA,1,"2019/09/05 14:15:00",BRAEMAR1,0
D,DISPATCH,UNIT_SCADA,1,"2019/09/05 14:15:00",BRAEMAR2,0
D,DISPATCH,UNIT_SCADA,1,"2019/09/05 14:15:00",BRAEMAR3,0
D,DISPATCH,UNIT_SCADA,1,"2019/09/05 14:15:00",BRAEMAR5,0
D,DISPATCH,UNIT_SCADA,1,"2019/09/05 14:15:00",BRAEMAR6,0
D,DISPATCH,UNIT_SCADA,1,"2019/09/05 14:15:00",BRAEMAR7,0
D,DISPATCH,UNIT_SCADA,1,"2019/09/05 14:15:00",BROKENH1,52.631840
D,DISPATCH,UNIT_SCADA,1,"2019/09/05 14:15:00",BW01,534.799930
D,DISPATCH,UNIT_SCADA,1,"2019/09/05 14:15:00",BW02,603.300050
D,DISPATCH,UNIT_SCADA,1,"2019/09/05 14:15:00",BW03,627.974980
D,DISPATCH,UNIT_SCADA,1,"2019/09/05 14:15:00",BW04,0
D,DISPATCH,UNIT_SCADA,1,"2019/09/05 14:15:00",CALL_B_1,302.899990
D,DISPATCH,UNIT_SCADA,1,"2019/09/05 14:15:00",CALL_B_2,222.80
D,DISPATCH,UNIT_SCADA,1,"2019/09/05 14:15:00",CETHANA,96.927120
D,DISPATCH,UNIT_SCADA,1,"2019/09/05 14:15:00",CG1,0
D,DISPATCH,UNIT_SCADA,1,"2019/09/05 14:15:00",CG2,0
D,DISPATCH,UNIT_SCADA,1,"2019/09/05 14:15:00",CG3,0
D,DISPATCH,UNIT_SCADA,1,"2019/09/05 14:15:00",CG4,0
D,DISPATCH,UNIT_SCADA,1,"2019/09/05 14:15:00",CHILDSF1,49.05
D,DISPATCH,UNIT_SCADA,1,"2019/09/05 14:15:00",CLARESF1,50.5303
D,DISPATCH,UNIT_SCADA,1,"2019/09/05 14:15:00",CLEMGPWF,33.424250
D,DISPATCH,UNIT_SCADA,1,"2019/09/05 14:15:00",CLERMSF1,14.35
D,DISPATCH,UNIT_SCADA,1,"2019/09/05 14:15:00",COLEASF1,124.199980
D,DISPATCH,UNIT_SCADA,1,"2019/09/05 14:15:00",COOPGWF1,5.767160
D,DISPATCH,UNIT_SCADA,1,"2019/09/05 14:15:00",CPP_3,199.650010
D,DISPATCH,UNIT_SCADA,1,"2019/09/05 14:15:00",CPP_4,200.75
D,DISPATCH,UNIT_SCADA,1,"2019/09/05 14:15:00",CPSA,76.889370
D,DISPATCH,UNIT_SCADA,1,"2019/09/05 14:15:00",CROOKWF2,6.223750
D,DISPATCH,UNIT_SCADA,1,"2019/09/05 14:15:00",CROWLWF1,2.912130
D,DISPATCH,UNIT_SCADA,1,"2019/09/05 14:15:00",CSPVPS1,32.0390
D,DISPATCH,UNIT_SCADA,1,"2019/09/05 14:15:00",DALNTH01,0
D,DISPATCH,UNIT_SCADA,1,"2019/09/05 14:15:00",DALNTHL1,0.077820
D,DISPATCH,UNIT_SCADA,1,"2019/09/05 14:15:00",DARTM1,0
D,DISPATCH,UNIT_SCADA,1,"2019/09/05 14:15:00",DAYDSF1,65.6050
D,DISPATCH,UNIT_SCADA,1,"2019/09/05 14:15:00",DDPS1,0
D,DISPATCH,UNIT_SCADA,1,"2019/09/05 14:15:00",DDSF1,95.862790
D,DISPATCH,UNIT_SCADA,1,"2019/09/05 14:15:00",DEVILS_G,63.930170
D,DISPATCH,UNIT_SCADA,1,"2019/09/05 14:15:00",DG_NSW1,0
D,DISPATCH,UNIT_SCADA,1,"2019/09/05 14:15:00",DG_QLD1,0
D,DISPATCH,UNIT_SCADA,1,"2019/09/05 14:15:00",DG_SA1,0
D,DISPATCH,UNIT_SCADA,1,"2019/09/05 14:15:00",DG_TAS1,0
D,DISPATCH,UNIT_SCADA,1,"2019/09/05 14:15:00",DG_VIC1,0
D,DISPATCH,UNIT_SCADA,1,"2019/09/05 14:15:00",DRYCGT1,0
D,DISPATCH,UNIT_SCADA,1,"2019/09/05 14:15:00",DRYCGT2,0
D,DISPATCH,UNIT_SCADA,1,"2019/09/05 14:15:00",DRYCGT3,0
D,DISPATCH,UNIT_SCADA,1,"2019/09/05 14:15:00",EILDON1,0
D,DISPATCH,UNIT_SCADA,1,"2019/09/05 14:15:00",EILDON2,0
D,DISPATCH,UNIT_SCADA,1,"2019/09/05 14:15:00",EMERASF1,30.98
D,DISPATCH,UNIT_SCADA,1,"2019/09/05 14:15:00",ER01,560.200070
D,DISPATCH,UNIT_SCADA,1,"2019/09/05 14:15:00",ER02,350.424930
D,DISPATCH,UNIT_SCADA,1,"2019/09/05 14:15:00",ER03,0
D,DISPATCH,UNIT_SCADA,1,"2019/09/05 14:15:00",ER04,664.724980
D,DISPATCH,UNIT_SCADA,1,"2019/09/05 14:15:00",FINLYSF1,12.768740
D,DISPATCH,UNIT_SCADA,1,"2019/09/05 14:15:00",FISHER,45.99
D,DISPATCH,UNIT_SCADA,1,"2019/09/05 14:15:00",GANNBG1,11.175160
D,DISPATCH,UNIT_SCADA,1,"2019/09/05 14:15:00",GANNBL1,0
D,DISPATCH,UNIT_SCADA,1,"2019/09/05 14:15:00",GANNSF1,37.50
D,DISPATCH,UNIT_SCADA,1,"2019/09/05 14:15:00",GORDON,21.991760
D,DISPATCH,UNIT_SCADA,1,"2019/09/05 14:15:00",GSTONE1,154.8750
D,DISPATCH,UNIT_SCADA,1,"2019/09/05 14:15:00",GSTONE2,110.25
D,DISPATCH,UNIT_SCADA,1,"2019/09/05 14:15:00",GSTONE3,0
D,DISPATCH,UNIT_SCADA,1,"2019/09/05 14:15:00",GSTONE4,155.05
D,DISPATCH,UNIT_SCADA,1,"2019/09/05 14:15:00",GSTONE5,155.399990
D,DISPATCH,UNIT_SCADA,1,"2019/09/05 14:15:00",GSTONE6,155.75
D,DISPATCH,UNIT_SCADA,1,"2019/09/05 14:15:00",GULLRSF1,8.6423
D,DISPATCH,UNIT_SCADA,1,"2019/09/05 14:15:00",GULLRWF1,11.519680
D,DISPATCH,UNIT_SCADA,1,"2019/09/05 14:15:00",GUNNING1,2.1919
D,DISPATCH,UNIT_SCADA,1,"2019/09/05 14:15:00",GUTHEGA,31.30
D,DISPATCH,UNIT_SCADA,1,"2019/09/05 14:15:00",HALLWF1,68.19
D,DISPATCH,UNIT_SCADA,1,"2019/09/05 14:15:00",HALLWF2,56.67
D,DISPATCH,UNIT_SCADA,1,"2019/09/05 14:15:00",HAMISF1,44.20
D,DISPATCH,UNIT_SCADA,1,"2019/09/05 14:15:00",HAUGHT11,93.761540
D,DISPATCH,UNIT_SCADA,1,"2019/09/05 14:15:00",HAYMSF1,41.0690
D,DISPATCH,UNIT_SCADA,1,"2019/09/05 14:15:00",HDWF1,68.70
D,DISPATCH,UNIT_SCADA,1,"2019/09/05 14:15:00",HDWF2,59.40
D,DISPATCH,UNIT_SCADA,1,"2019/09/05 14:15:00",HDWF3,63.30
D,DISPATCH,UNIT_SCADA,1,"2019/09/05 14:15:00",HPRG1,0
D,DISPATCH,UNIT_SCADA,1,"2019/09/05 14:15:00",HPRL1,27.80
D,DISPATCH,UNIT_SCADA,1,"2019/09/05 14:15:00",HUMENSW,0
D,DISPATCH,UNIT_SCADA,1,"2019/09/05 14:15:00",HUMEV,25.90
D,DISPATCH,UNIT_SCADA,1,"2019/09/05 14:15:00",HVGTS,0
D,DISPATCH,UNIT_SCADA,1,"2019/09/05 14:15:00",JBUTTERS,11.36
D,DISPATCH,UNIT_SCADA,1,"2019/09/05 14:15:00",JLA01,0.10
D,DISPATCH,UNIT_SCADA,1,"2019/09/05 14:15:00",JLA02,0
D,DISPATCH,UNIT_SCADA,1,"2019/09/05 14:15:00",JLA03,0
D,DISPATCH,UNIT_SCADA,1,"2019/09/05 14:15:00",JLA04,0
D,DISPATCH,UNIT_SCADA,1,"2019/09/05 14:15:00",JLB01,0
D,DISPATCH,UNIT_SCADA,1,"2019/09/05 14:15:00",JLB02,84.10
D,DISPATCH,UNIT_SCADA,1,"2019/09/05 14:15:00",JLB03,0
D,DISPATCH,UNIT_SCADA,1,"2019/09/05 14:15:00",KAREEYA1,21.5425
D,DISPATCH,UNIT_SCADA,1,"2019/09/05 14:15:00",KAREEYA2,21.6675
D,DISPATCH,UNIT_SCADA,1,"2019/09/05 14:15:00",KAREEYA3,0
D,DISPATCH,UNIT_SCADA,1,"2019/09/05 14:15:00",KAREEYA4,21.5650
D,DISPATCH,UNIT_SCADA,1,"2019/09/05 14:15:00",KARSF1,75.80
D,DISPATCH,UNIT_SCADA,1,"2019/09/05 14:15:00",KIATAWF1,7.40
D,DISPATCH,UNIT_SCADA,1,"2019/09/05 14:15:00",KPP_1,0
D,DISPATCH,UNIT_SCADA,1,"2019/09/05 14:15:00",KSP1,46.42
D,DISPATCH,UNIT_SCADA,1,"2019/09/05 14:15:00",LADBROK1,0
D,DISPATCH,UNIT_SCADA,1,"2019/09/05 14:15:00",LADBROK2,0
D,DISPATCH,UNIT_SCADA,1,"2019/09/05 14:15:00",LD01,372.974950
D,DISPATCH,UNIT_SCADA,1,"2019/09/05 14:15:00",LD02,377.587460
D,DISPATCH,UNIT_SCADA,1,"2019/09/05 14:15:00",LD03,376.425020
D,DISPATCH,UNIT_SCADA,1,"2019/09/05 14:15:00",LD04,374.4375
D,DISPATCH,UNIT_SCADA,1,"2019/09/05 14:15:00",LEM_WIL,85.199150
D,DISPATCH,UNIT_SCADA,1,"2019/09/05 14:15:00",LGAPWF1,9.25
D,DISPATCH,UNIT_SCADA,1,"2019/09/05 14:15:00",LILYSF1,2.129920
D,DISPATCH,UNIT_SCADA,1,"2019/09/05 14:15:00",LI_WY_CA,144.121030
D,DISPATCH,UNIT_SCADA,1,"2019/09/05 14:15:00",LKBONNY2,58.273640
D,DISPATCH,UNIT_SCADA,1,"2019/09/05 14:15:00",LKBONNY3,20.821610
D,DISPATCH,UNIT_SCADA,1,"2019/09/05 14:15:00",LK_ECHO,0
D,DISPATCH,UNIT_SCADA,1,"2019/09/05 14:15:00",LNGS1,0
D,DISPATCH,UNIT_SCADA,1,"2019/09/05 14:15:00",LNGS2,0
D,DISPATCH,UNIT_SCADA,1,"2019/09/05 14:15:00",LONSDALE,0
D,DISPATCH,UNIT_SCADA,1,"2019/09/05 14:15:00",LOYYB1,537.592410
D,DISPATCH,UNIT_SCADA,1,"2019/09/05 14:15:00",LOYYB2,541.351930
D,DISPATCH,UNIT_SCADA,1,"2019/09/05 14:15:00",LYA1,0
D,DISPATCH,UNIT_SCADA,1,"2019/09/05 14:15:00",LYA2,0
D,DISPATCH,UNIT_SCADA,1,"2019/09/05 14:15:00",LYA3,560
D,DISPATCH,UNIT_SCADA,1,"2019/09/05 14:15:00",LYA4,540
D,DISPATCH,UNIT_SCADA,1,"2019/09/05 14:15:00",MACARTH1,245.494320
D,DISPATCH,UNIT_SCADA,1,"2019/09/05 14:15:00",MACKAYGT,0.2240
D,DISPATCH,UNIT_SCADA,1,"2019/09/05 14:15:00",MACKNTSH,88.850010
D,DISPATCH,UNIT_SCADA,1,"2019/09/05 14:15:00",MANSLR1,40.1950
D,DISPATCH,UNIT_SCADA,1,"2019/09/05 14:15:00",MCKAY1,0.02
D,DISPATCH,UNIT_SCADA,1,"2019/09/05 14:15:00",MEADOWBK,31.809540
D,DISPATCH,UNIT_SCADA,1,"2019/09/05 14:15:00",MERCER01,9.6790
D,DISPATCH,UNIT_SCADA,1,"2019/09/05 14:15:00",MEWF1,0
D,DISPATCH,UNIT_SCADA,1,"2019/09/05 14:15:00",MINTARO,0
D,DISPATCH,UNIT_SCADA,1,"2019/09/05 14:15:00",MOREESF1,49.1740
D,DISPATCH,UNIT_SCADA,1,"2019/09/05 14:15:00",MORTLK11,125
D,DISPATCH,UNIT_SCADA,1,"2019/09/05 14:15:00",MORTLK12,0
D,DISPATCH,UNIT_SCADA,1,"2019/09/05 14:15:00",MP1,214.099980
D,DISPATCH,UNIT_SCADA,1,"2019/09/05 14:15:00",MP2,0
D,DISPATCH,UNIT_SCADA,1,"2019/09/05 14:15:00",MPP_1,339.50
D,DISPATCH,UNIT_SCADA,1,"2019/09/05 14:15:00",MPP_2,250.25
D,DISPATCH,UNIT_SCADA,1,"2019/09/05 14:15:00",MSTUART1,0
D,DISPATCH,UNIT_SCADA,1,"2019/09/05 14:15:00",MSTUART2,0
D,DISPATCH,UNIT_SCADA,1,"2019/09/05 14:15:00",MSTUART3,0
D,DISPATCH,UNIT_SCADA,1,"2019/09/05 14:15:00",MTGELWF1,12.504960
D,DISPATCH,UNIT_SCADA,1,"2019/09/05 14:15:00",MURRAY,0
D,DISPATCH,UNIT_SCADA,1,"2019/09/05 14:15:00",MUSSELR1,0.80
D,DISPATCH,UNIT_SCADA,1,"2019/09/05 14:15:00",MUWAWF1,10.59
D,DISPATCH,UNIT_SCADA,1,"2019/09/05 14:15:00",NBHWF1,71.60
D,DISPATCH,UNIT_SCADA,1,"2019/09/05 14:15:00",NPS,0
D,DISPATCH,UNIT_SCADA,1,"2019/09/05 14:15:00",NUMURSF1,34.13
D,DISPATCH,UNIT_SCADA,1,"2019/09/05 14:15:00",NYNGAN1,92.25
D,DISPATCH,UNIT_SCADA,1,"2019/09/05 14:15:00",OAKEY1,0
D,DISPATCH,UNIT_SCADA,1,"2019/09/05 14:15:00",OAKEY1SF,23.40
D,DISPATCH,UNIT_SCADA,1,"2019/09/05 14:15:00",OAKEY2,0
D,DISPATCH,UNIT_SCADA,1,"2019/09/05 14:15:00",OAKEY2SF,0
D,DISPATCH,UNIT_SCADA,1,"2019/09/05 14:15:00",OAKLAND1,15.80
D,DISPATCH,UNIT_SCADA,1,"2019/09/05 14:15:00",OSB-AG,139.260010
D,DISPATCH,UNIT_SCADA,1,"2019/09/05 14:15:00",PARSF1,45.203130
D,DISPATCH,UNIT_SCADA,1,"2019/09/05 14:15:00",POAT110,0
D,DISPATCH,UNIT_SCADA,1,"2019/09/05 14:15:00",POAT220,0
D,DISPATCH,UNIT_SCADA,1,"2019/09/05 14:15:00",POR01,0
D,DISPATCH,UNIT_SCADA,1,"2019/09/05 14:15:00",POR03,0
D,DISPATCH,UNIT_SCADA,1,"2019/09/05 14:15:00",PPCCGT,125.232670
D,DISPATCH,UNIT_SCADA,1,"2019/09/05 14:15:00",PTSTAN1,0
D,DISPATCH,UNIT_SCADA,1,"2019/09/05 14:15:00",PUMP1,0
D,DISPATCH,UNIT_SCADA,1,"2019/09/05 14:15:00",PUMP2,0
D,DISPATCH,UNIT_SCADA,1,"2019/09/05 14:15:00",QPS1,0
D,DISPATCH,UNIT_SCADA,1,"2019/09/05 14:15:00",QPS2,0
D,DISPATCH,UNIT_SCADA,1,"2019/09/05 14:15:00",QPS3,0
D,DISPATCH,UNIT_SCADA,1,"2019/09/05 14:15:00",QPS4,0
D,DISPATCH,UNIT_SCADA,1,"2019/09/05 14:15:00",QPS5,0
D,DISPATCH,UNIT_SCADA,1,"2019/09/05 14:15:00",REECE1,100.670010
D,DISPATCH,UNIT_SCADA,1,"2019/09/05 14:15:00",REECE2,93.750010
D,DISPATCH,UNIT_SCADA,1,"2019/09/05 14:15:00",ROMA_7,0
D,DISPATCH,UNIT_SCADA,1,"2019/09/05 14:15:00",ROMA_8,0
D,DISPATCH,UNIT_SCADA,1,"2019/09/05 14:15:00",RRSF1,114.9576
D,DISPATCH,UNIT_SCADA,1,"2019/09/05 14:15:00",RT_NSW1,0
D,DISPATCH,UNIT_SCADA,1,"2019/09/05 14:15:00",RT_NSW2,0
D,DISPATCH,UNIT_SCADA,1,"2019/09/05 14:15:00",RT_NSW3,0
D,DISPATCH,UNIT_SCADA,1,"2019/09/05 14:15:00",RT_NSW4,0
D,DISPATCH,UNIT_SCADA,1,"2019/09/05 14:15:00",RT_NSW5,0
D,DISPATCH,UNIT_SCADA,1,"2019/09/05 14:15:00",RT_NSW6,0
D,DISPATCH,UNIT_SCADA,1,"2019/09/05 14:15:00",RT_QLD1,0
D,DISPATCH,UNIT_SCADA,1,"2019/09/05 14:15:00",RT_SA1,0
D,DISPATCH,UNIT_SCADA,1,"2019/09/05 14:15:00",RT_SA2,0
D,DISPATCH,UNIT_SCADA,1,"2019/09/05 14:15:00",RT_SA3,0
D,DISPATCH,UNIT_SCADA,1,"2019/09/05 14:15:00",RT_SA4,0
D,DISPATCH,UNIT_SCADA,1,"2019/09/05 14:15:00",RT_SA5,0
D,DISPATCH,UNIT_SCADA,1,"2019/09/05 14:15:00",RT_SA6,0
D,DISPATCH,UNIT_SCADA,1,"2019/09/05 14:15:00",RT_TAS1,0
D,DISPATCH,UNIT_SCADA,1,"2019/09/05 14:15:00",RT_VIC1,0
D,DISPATCH,UNIT_SCADA,1,"2019/09/05 14:15:00",RT_VIC10,0
D,DISPATCH,UNIT_SCADA,1,"2019/09/05 14:15:00",RT_VIC11,0
D,DISPATCH,UNIT_SCADA,1,"2019/09/05 14:15:00",RT_VIC12,0
D,DISPATCH,UNIT_SCADA,1,"2019/09/05 14:15:00",RT_VIC2,0
D,DISPATCH,UNIT_SCADA,1,"2019/09/05 14:15:00",RT_VIC3,0
D,DISPATCH,UNIT_SCADA,1,"2019/09/05 14:15:00",RT_VIC4,0
D,DISPATCH,UNIT_SCADA,1,"2019/09/05 14:15:00",RT_VIC5,0
D,DISPATCH,UNIT_SCADA,1,"2019/09/05 14:15:00",RT_VIC6,0
D,DISPATCH,UNIT_SCADA,1,"2019/09/05 14:15:00",RT_VIC7,0
D,DISPATCH,UNIT_SCADA,1,"2019/09/05 14:15:00",RT_VIC8,0
D,DISPATCH,UNIT_SCADA,1,"2019/09/05 14:15:00",RT_VIC9,0
D,DISPATCH,UNIT_SCADA,1,"2019/09/05 14:15:00",RUGBYR1,14.360060
D,DISPATCH,UNIT_SCADA,1,"2019/09/05 14:15:00",SALTCRK1,15.61
D,DISPATCH,UNIT_SCADA,1,"2019/09/05 14:15:00",SAPHWF1,97.921880
D,DISPATCH,UNIT_SCADA,1,"2019/09/05 14:15:00",SHGEN,0
D,DISPATCH,UNIT_SCADA,1,"2019/09/05 14:15:00",SHPUMP,158.644120
D,DISPATCH,UNIT_SCADA,1,"2019/09/05 14:15:00",SITHE01,0.2041
D,DISPATCH,UNIT_SCADA,1,"2019/09/05 14:15:00",SMCSF1,78.047560
D,DISPATCH,UNIT_SCADA,1,"2019/09/05 14:15:00",SNOWNTH1,82.70
D,DISPATCH,UNIT_SCADA,1,"2019/09/05 14:15:00",SNOWSTH1,88
D,DISPATCH,UNIT_SCADA,1,"2019/09/05 14:15:00",SNOWTWN1,29.579440
D,DISPATCH,UNIT_SCADA,1,"2019/09/05 14:15:00",SNOWYP,0
D,DISPATCH,UNIT_SCADA,1,"2019/09/05 14:15:00",SNUG1,0.019440
D,DISPATCH,UNIT_SCADA,1,"2019/09/05 14:15:00",SRSF1,34.42
D,DISPATCH,UNIT_SCADA,1,"2019/09/05 14:15:00",STAN-1,352.592040
D,DISPATCH,UNIT_SCADA,1,"2019/09/05 14:15:00",STAN-2,222.363190
D,DISPATCH,UNIT_SCADA,1,"2019/09/05 14:15:00",STAN-3,223.145080
D,DISPATCH,UNIT_SCADA,1,"2019/09/05 14:15:00",STAN-4,219.927810
D,DISPATCH,UNIT_SCADA,1,"2019/09/05 14:15:00",STWF1,0
D,DISPATCH,UNIT_SCADA,1,"2019/09/05 14:15:00",SWAN_E,0
D,DISPATCH,UNIT_SCADA,1,"2019/09/05 14:15:00",TALWA1,241
D,DISPATCH,UNIT_SCADA,1,"2019/09/05 14:15:00",TARALGA1,13.256230
D,DISPATCH,UNIT_SCADA,1,"2019/09/05 14:15:00",TARONG#1,349.300020
D,DISPATCH,UNIT_SCADA,1,"2019/09/05 14:15:00",TARONG#2,0
D,DISPATCH,UNIT_SCADA,1,"2019/09/05 14:15:00",TARONG#3,279.600010
D,DISPATCH,UNIT_SCADA,1,"2019/09/05 14:15:00",TARONG#4,348.899990
D,DISPATCH,UNIT_SCADA,1,"2019/09/05 14:15:00",TARRALEA,74
D,DISPATCH,UNIT_SCADA,1,"2019/09/05 14:15:00",TBSF1,0
D,DISPATCH,UNIT_SCADA,1,"2019/09/05 14:15:00",TNPS1,379.000030
D,DISPATCH,UNIT_SCADA,1,"2019/09/05 14:15:00",TORRA1,45.2017
D,DISPATCH,UNIT_SCADA,1,"2019/09/05 14:15:00",TORRA2,0
D,DISPATCH,UNIT_SCADA,1,"2019/09/05 14:15:00",TORRA3,0
D,DISPATCH,UNIT_SCADA,1,"2019/09/05 14:15:00",TORRA4,44.076390
D,DISPATCH,UNIT_SCADA,1,"2019/09/05 14:15:00",TORRB1,38.89
D,DISPATCH,UNIT_SCADA,1,"2019/09/05 14:15:00",TORRB2,39.59
D,DISPATCH,UNIT_SCADA,1,"2019/09/05 14:15:00",TORRB3,38.47
D,DISPATCH,UNIT_SCADA,1,"2019/09/05 14:15:00",TORRB4,0
D,DISPATCH,UNIT_SCADA,1,"2019/09/05 14:15:00",TREVALLN,91.890030
D,DISPATCH,UNIT_SCADA,1,"2019/09/05 14:15:00",TRIBUTE,0
D,DISPATCH,UNIT_SCADA,1,"2019/09/05 14:15:00",TUMUT3,0
D,DISPATCH,UNIT_SCADA,1,"2019/09/05 14:15:00",TUNGATIN,4.30
D,DISPATCH,UNIT_SCADA,1,"2019/09/05 14:15:00",TVCC201,0
D,DISPATCH,UNIT_SCADA,1,"2019/09/05 14:15:00",TVPP104,0
D,DISPATCH,UNIT_SCADA,1,"2019/09/05 14:15:00",UPPTUMUT,127.112420
D,DISPATCH,UNIT_SCADA,1,"2019/09/05 14:15:00",URANQ11,0
D,DISPATCH,UNIT_SCADA,1,"2019/09/05 14:15:00",URANQ12,0
D,DISPATCH,UNIT_SCADA,1,"2019/09/05 14:15:00",URANQ13,155.950010
D,DISPATCH,UNIT_SCADA,1,"2019/09/05 14:15:00",URANQ14,0
D,DISPATCH,UNIT_SCADA,1,"2019/09/05 14:15:00",VP5,520.699950
D,DISPATCH,UNIT_SCADA,1,"2019/09/05 14:15:00",VP6,0
D,DISPATCH,UNIT_SCADA,1,"2019/09/05 14:15:00",VPGS1,0
D,DISPATCH,UNIT_SCADA,1,"2019/09/05 14:15:00",VPGS2,0
D,DISPATCH,UNIT_SCADA,1,"2019/09/05 14:15:00",VPGS3,0
D,DISPATCH,UNIT_SCADA,1,"2019/09/05 14:15:00",VPGS4,0
D,DISPATCH,UNIT_SCADA,1,"2019/09/05 14:15:00",VPGS5,0
D,DISPATCH,UNIT_SCADA,1,"2019/09/05 14:15:00",VPGS6,0
D,DISPATCH,UNIT_SCADA,1,"2019/09/05 14:15:00",W/HOE#1,0
D,DISPATCH,UNIT_SCADA,1,"2019/09/05 14:15:00",W/HOE#2,0
D,DISPATCH,UNIT_SCADA,1,"2019/09/05 14:15:00",WATERLWF,97.40
D,DISPATCH,UNIT_SCADA,1,"2019/09/05 14:15:00",WEMENSF1,71.70
D,DISPATCH,UNIT_SCADA,1,"2019/09/05 14:15:00",WGWF1,70
D,DISPATCH,UNIT_SCADA,1,"2019/09/05 14:15:00",WHITSF1,24.30
D,DISPATCH,UNIT_SCADA,1,"2019/09/05 14:15:00",WKIEWA1,0
D,DISPATCH,UNIT_SCADA,1,"2019/09/05 14:15:00",WKIEWA2,0.10
D,DISPATCH,UNIT_SCADA,1,"2019/09/05 14:15:00",WOODLWN1,3.699010
D,DISPATCH,UNIT_SCADA,1,"2019/09/05 14:15:00",WRSF1,17.54
D,DISPATCH,UNIT_SCADA,1,"2019/09/05 14:15:00",WRWF1,75.8150
D,DISPATCH,UNIT_SCADA,1,"2019/09/05 14:15:00",YABULU,0
D,DISPATCH,UNIT_SCADA,1,"2019/09/05 14:15:00",YABULU2,0
D,DISPATCH,UNIT_SCADA,1,"2019/09/05 14:15:00",YARWUN_1,118.899990
D,DISPATCH,UNIT_SCADA,1,"2019/09/05 14:15:00",YENDWF1,24.48
D,DISPATCH,UNIT_SCADA,1,"2019/09/05 14:15:00",YWPS1,377.443020
D,DISPATCH,UNIT_SCADA,1,"2019/09/05 14:15:00",YWPS2,276.6886
D,DISPATCH,UNIT_SCADA,1,"2019/09/05 14:15:00",YWPS3,330.596190
D,DISPATCH,UNIT_SCADA,1,"2019/09/05 14:15:00",YWPS4,390.156950
C,"END OF REPORT",335
