C,NEMP.WORLD,DISPATCHSCADA,AEMO,PUBLIC,2019/08/20,13:50:07,0000000311788487,DISPATCHSCADA,0000000311788481
I,DISPATCH,UNIT_SCADA,1,SETTLEMENTDATE,DUID,SCADAVALUE
D,DISPATCH,UNIT_SCADA,1,"2019/08/20 13:55:00",BARCSF1,18.50
D,DISPATCH,UNIT_SCADA,1,"2019/08/20 13:55:00",BUTLERSG,9.799998
D,DISPATCH,UNIT_SCADA,1,"2019/08/20 13:55:00",CALL_A_4,0
D,DISPATCH,UNIT_SCADA,1,"2019/08/20 13:55:00",CAPTL_WF,131.459991
D,DISPATCH,UNIT_SCADA,1,"2019/08/20 13:55:00",CATHROCK,50.019997
D,DISPATCH,UNIT_SCADA,1,"2019/08/20 13:55:00",CHALLHWF,36.799999
D,DISPATCH,UNIT_SCADA,1,"2019/08/20 13:55:00",CLOVER,-0.01
D,DISPATCH,UNIT_SCADA,1,"2019/08/20 13:55:00",CLUNY,17.301441
D,DISPATCH,UNIT_SCADA,1,"2019/08/20 13:55:00",CNUNDAWF,39.446014
D,DISPATCH,UNIT_SCADA,1,"2019/08/20 13:55:00",CULLRGWF,30.40
D,DISPATCH,UNIT_SCADA,1,"2019/08/20 13:55:00",ERGT01,0
D,DISPATCH,UNIT_SCADA,1,"2019/08/20 13:55:00",GB01,0.072708
D,DISPATCH,UNIT_SCADA,1,"2019/08/20 13:55:00",GERMCRK,35.50
D,DISPATCH,UNIT_SCADA,1,"2019/08/20 13:55:00",GRIFSF1,13.300003
D,DISPATCH,UNIT_SCADA,1,"2019/08/20 13:55:00",HUGSF1,8.9890
D,DISPATCH,UNIT_SCADA,1,"2019/08/20 13:55:00",LKBONNY1,73.501602
D,DISPATCH,UNIT_SCADA,1,"2019/08/20 13:55:00",LRSF1,8.745001
D,DISPATCH,UNIT_SCADA,1,"2019/08/20 13:55:00",MBAHNTH,52.856247
D,DISPATCH,UNIT_SCADA,1,"2019/08/20 13:55:00",MLSP1,10.362001
D,DISPATCH,UNIT_SCADA,1,"2019/08/20 13:55:00",MLWF1,19.439999
D,DISPATCH,UNIT_SCADA,1,"2019/08/20 13:55:00",MTMILLAR,24.913511
D,DISPATCH,UNIT_SCADA,1,"2019/08/20 13:55:00",PALOONA,7.96
D,DISPATCH,UNIT_SCADA,1,"2019/08/20 13:55:00",PIONEER,11.50
D,DISPATCH,UNIT_SCADA,1,"2019/08/20 13:55:00",PORTWF,133.600006
D,DISPATCH,UNIT_SCADA,1,"2019/08/20 13:55:00",REPULSE,30.917830
D,DISPATCH,UNIT_SCADA,1,"2019/08/20 13:55:00",ROWALLAN,9.9471
D,DISPATCH,UNIT_SCADA,1,"2019/08/20 13:55:00",ROYALLA1,17.266001
D,DISPATCH,UNIT_SCADA,1,"2019/08/20 13:55:00",RPCG,10.80
D,DISPATCH,UNIT_SCADA,1,"2019/08/20 13:55:00",RUBICON,0
D,DISPATCH,UNIT_SCADA,1,"2019/08/20 13:55:00",SATGN1,0
D,DISPATCH,UNIT_SCADA,1,"2019/08/20 13:55:00",SATGS1,0
D,DISPATCH,UNIT_SCADA,1,"2019/08/20 13:55:00",STARHLWF,26.992128
D,DISPATCH,UNIT_SCADA,1,"2019/08/20 13:55:00",WAUBRAWF,127.630997
D,DISPATCH,UNIT_SCADA,1,"2019/08/20 13:55:00",WOOLNTH1,125.920021
D,DISPATCH,UNIT_SCADA,1,"2019/08/20 13:55:00",WPWF,70
D,DISPATCH,UNIT_SCADA,1,"2019/08/20 13:55:00",YAMBUKWF,29.40
D,DISPATCH,UNIT_SCADA,1,"2019/08/20 13:55:00",YSWF1,28.700001
D,DISPATCH,UNIT_SCADA,1,"2019/08/20 13:55:00",AGLHAL,0
D,DISPATCH,UNIT_SCADA,1,"2019/08/20 13:55:00",AGLSOM,0
D,DISPATCH,UNIT_SCADA,1,"2019/08/20 13:55:00",ANGAST1,0
D,DISPATCH,UNIT_SCADA,1,"2019/08/20 13:55:00",ARWF1,138.30
D,DISPATCH,UNIT_SCADA,1,"2019/08/20 13:55:00",BALBG1,0
D,DISPATCH,UNIT_SCADA,1,"2019/08/20 13:55:00",BALBL1,2.22
D,DISPATCH,UNIT_SCADA,1,"2019/08/20 13:55:00",BALDHWF1,103.3480
D,DISPATCH,UNIT_SCADA,1,"2019/08/20 13:55:00",BANN1,35.98
D,DISPATCH,UNIT_SCADA,1,"2019/08/20 13:55:00",BARCALDN,0
D,DISPATCH,UNIT_SCADA,1,"2019/08/20 13:55:00",BARRON-1,0
D,DISPATCH,UNIT_SCADA,1,"2019/08/20 13:55:00",BARRON-2,24.44
D,DISPATCH,UNIT_SCADA,1,"2019/08/20 13:55:00",BASTYAN,80.51
D,DISPATCH,UNIT_SCADA,1,"2019/08/20 13:55:00",BBTHREE1,-1.91
D,DISPATCH,UNIT_SCADA,1,"2019/08/20 13:55:00",BBTHREE2,-1.97
D,DISPATCH,UNIT_SCADA,1,"2019/08/20 13:55:00",BBTHREE3,-1.06
D,DISPATCH,UNIT_SCADA,1,"2019/08/20 13:55:00",BDL01,0
D,DISPATCH,UNIT_SCADA,1,"2019/08/20 13:55:00",BDL02,0
D,DISPATCH,UNIT_SCADA,1,"2019/08/20 13:55:00",BERYLSF1,78.280960
D,DISPATCH,UNIT_SCADA,1,"2019/08/20 13:55:00",BLOWERNG,0
D,DISPATCH,UNIT_SCADA,1,"2019/08/20 13:55:00",BLUFF1,37.70
D,DISPATCH,UNIT_SCADA,1,"2019/08/20 13:55:00",BNGSF1,93.61
D,DISPATCH,UNIT_SCADA,1,"2019/08/20 13:55:00",BNGSF2,20.02
D,DISPATCH,UNIT_SCADA,1,"2019/08/20 13:55:00",BOCORWF1,105.07
D,DISPATCH,UNIT_SCADA,1,"2019/08/20 13:55:00",BODWF1,77.442390
D,DISPATCH,UNIT_SCADA,1,"2019/08/20 13:55:00",BRAEMAR1,0
D,DISPATCH,UNIT_SCADA,1,"2019/08/20 13:55:00",BRAEMAR2,0
D,DISPATCH,UNIT_SCADA,1,"2019/08/20 13:55:00",BRAEMAR3,0
D,DISPATCH,UNIT_SCADA,1,"2019/08/20 13:55:00",BRAEMAR5,0
D,DISPATCH,UNIT_SCADA,1,"2019/08/20 13:55:00",BRAEMAR6,0
D,DISPATCH,UNIT_SCADA,1,"2019/08/20 13:55:00",BRAEMAR7,0
D,DISPATCH,UNIT_SCADA,1,"2019/08/20 13:55:00",BROKENH1,52.938960
D,DISPATCH,UNIT_SCADA,1,"2019/08/20 13:55:00",BW01,330.8750
D,DISPATCH,UNIT_SCADA,1,"2019/08/20 13:55:00",BW02,408.775020
D,DISPATCH,UNIT_SCADA,1,"2019/08/20 13:55:00",BW03,466.8750
D,DISPATCH,UNIT_SCADA,1,"2019/08/20 13:55:00",BW04,0
D,DISPATCH,UNIT_SCADA,1,"2019/08/20 13:55:00",CALL_B_1,350.200010
D,DISPATCH,UNIT_SCADA,1,"2019/08/20 13:55:00",CALL_B_2,279.600010
D,DISPATCH,UNIT_SCADA,1,"2019/08/20 13:55:00",CETHANA,93.693880
D,DISPATCH,UNIT_SCADA,1,"2019/08/20 13:55:00",CG1,0
D,DISPATCH,UNIT_SCADA,1,"2019/08/20 13:55:00",CG2,0
D,DISPATCH,UNIT_SCADA,1,"2019/08/20 13:55:00",CG3,0
D,DISPATCH,UNIT_SCADA,1,"2019/08/20 13:55:00",CG4,0
D,DISPATCH,UNIT_SCADA,1,"2019/08/20 13:55:00",CHILDSF1,40.05
D,DISPATCH,UNIT_SCADA,1,"2019/08/20 13:55:00",CLARESF1,13.929470
D,DISPATCH,UNIT_SCADA,1,"2019/08/20 13:55:00",CLEMGPWF,38.6828
D,DISPATCH,UNIT_SCADA,1,"2019/08/20 13:55:00",CLERMSF1,15.06
D,DISPATCH,UNIT_SCADA,1,"2019/08/20 13:55:00",COLEASF1,94.40
D,DISPATCH,UNIT_SCADA,1,"2019/08/20 13:55:00",COOPGWF1,25.0169
D,DISPATCH,UNIT_SCADA,1,"2019/08/20 13:55:00",CPP_3,319.825010
D,DISPATCH,UNIT_SCADA,1,"2019/08/20 13:55:00",CPP_4,316.524990
D,DISPATCH,UNIT_SCADA,1,"2019/08/20 13:55:00",CPSA,143.595630
D,DISPATCH,UNIT_SCADA,1,"2019/08/20 13:55:00",CROOKWF2,88.173750
D,DISPATCH,UNIT_SCADA,1,"2019/08/20 13:55:00",CROWLWF1,56.453120
D,DISPATCH,UNIT_SCADA,1,"2019/08/20 13:55:00",CSPVPS1,32.0160
D,DISPATCH,UNIT_SCADA,1,"2019/08/20 13:55:00",DALNTH01,0
D,DISPATCH,UNIT_SCADA,1,"2019/08/20 13:55:00",DALNTHL1,0.083920
D,DISPATCH,UNIT_SCADA,1,"2019/08/20 13:55:00",DARTM1,0
D,DISPATCH,UNIT_SCADA,1,"2019/08/20 13:55:00",DAYDSF1,108.7550
D,DISPATCH,UNIT_SCADA,1,"2019/08/20 13:55:00",DDPS1,0
D,DISPATCH,UNIT_SCADA,1,"2019/08/20 13:55:00",DDSF1,105.652220
D,DISPATCH,UNIT_SCADA,1,"2019/08/20 13:55:00",DEVILS_G,0
D,DISPATCH,UNIT_SCADA,1,"2019/08/20 13:55:00",DG_NSW1,0
D,DISPATCH,UNIT_SCADA,1,"2019/08/20 13:55:00",DG_QLD1,0
D,DISPATCH,UNIT_SCADA,1,"2019/08/20 13:55:00",DG_SA1,0
D,DISPATCH,UNIT_SCADA,1,"2019/08/20 13:55:00",DG_TAS1,0
D,DISPATCH,UNIT_SCADA,1,"2019/08/20 13:55:00",DG_VIC1,0
D,DISPATCH,UNIT_SCADA,1,"2019/08/20 13:55:00",DRYCGT1,0
D,DISPATCH,UNIT_SCADA,1,"2019/08/20 13:55:00",DRYCGT2,0
D,DISPATCH,UNIT_SCADA,1,"2019/08/20 13:55:00",DRYCGT3,0
D,DISPATCH,UNIT_SCADA,1,"2019/08/20 13:55:00",EILDON1,0
D,DISPATCH,UNIT_SCADA,1,"2019/08/20 13:55:00",EILDON2,0
D,DISPATCH,UNIT_SCADA,1,"2019/08/20 13:55:00",EMERASF1,65.84
D,DISPATCH,UNIT_SCADA,1,"2019/08/20 13:55:00",ER01,359.724980
D,DISPATCH,UNIT_SCADA,1,"2019/08/20 13:55:00",ER02,357.50
D,DISPATCH,UNIT_SCADA,1,"2019/08/20 13:55:00",ER03,699.849980
D,DISPATCH,UNIT_SCADA,1,"2019/08/20 13:55:00",ER04,357.474980
D,DISPATCH,UNIT_SCADA,1,"2019/08/20 13:55:00",FINLYSF1,0
D,DISPATCH,UNIT_SCADA,1,"2019/08/20 13:55:00",FISHER,45.93
D,DISPATCH,UNIT_SCADA,1,"2019/08/20 13:55:00",GANNBG1,0
D,DISPATCH,UNIT_SCADA,1,"2019/08/20 13:55:00",GANNBL1,0.036880
D,DISPATCH,UNIT_SCADA,1,"2019/08/20 13:55:00",GANNSF1,21.40
D,DISPATCH,UNIT_SCADA,1,"2019/08/20 13:55:00",GORDON,0
D,DISPATCH,UNIT_SCADA,1,"2019/08/20 13:55:00",GSTONE1,109.90
D,DISPATCH,UNIT_SCADA,1,"2019/08/20 13:55:00",GSTONE2,109.7250
D,DISPATCH,UNIT_SCADA,1,"2019/08/20 13:55:00",GSTONE3,109.55
D,DISPATCH,UNIT_SCADA,1,"2019/08/20 13:55:00",GSTONE4,127.2250
D,DISPATCH,UNIT_SCADA,1,"2019/08/20 13:55:00",GSTONE5,126
D,DISPATCH,UNIT_SCADA,1,"2019/08/20 13:55:00",GSTONE6,0
D,DISPATCH,UNIT_SCADA,1,"2019/08/20 13:55:00",GULLRSF1,4.351870
D,DISPATCH,UNIT_SCADA,1,"2019/08/20 13:55:00",GULLRWF1,153.052670
D,DISPATCH,UNIT_SCADA,1,"2019/08/20 13:55:00",GUNNING1,44.102940
D,DISPATCH,UNIT_SCADA,1,"2019/08/20 13:55:00",GUTHEGA,0
D,DISPATCH,UNIT_SCADA,1,"2019/08/20 13:55:00",HALLWF1,66.04
D,DISPATCH,UNIT_SCADA,1,"2019/08/20 13:55:00",HALLWF2,49.51
D,DISPATCH,UNIT_SCADA,1,"2019/08/20 13:55:00",HAMISF1,44.90
D,DISPATCH,UNIT_SCADA,1,"2019/08/20 13:55:00",HAUGHT11,50.046970
D,DISPATCH,UNIT_SCADA,1,"2019/08/20 13:55:00",HAYMSF1,37.8710
D,DISPATCH,UNIT_SCADA,1,"2019/08/20 13:55:00",HDWF1,70
D,DISPATCH,UNIT_SCADA,1,"2019/08/20 13:55:00",HDWF2,65.30
D,DISPATCH,UNIT_SCADA,1,"2019/08/20 13:55:00",HDWF3,73.60
D,DISPATCH,UNIT_SCADA,1,"2019/08/20 13:55:00",HPRG1,0
D,DISPATCH,UNIT_SCADA,1,"2019/08/20 13:55:00",HPRL1,11.10
D,DISPATCH,UNIT_SCADA,1,"2019/08/20 13:55:00",HUMENSW,0
D,DISPATCH,UNIT_SCADA,1,"2019/08/20 13:55:00",HUMEV,8.20
D,DISPATCH,UNIT_SCADA,1,"2019/08/20 13:55:00",HVGTS,0
D,DISPATCH,UNIT_SCADA,1,"2019/08/20 13:55:00",JBUTTERS,132.87
D,DISPATCH,UNIT_SCADA,1,"2019/08/20 13:55:00",JLA01,0.50
D,DISPATCH,UNIT_SCADA,1,"2019/08/20 13:55:00",JLA02,0
D,DISPATCH,UNIT_SCADA,1,"2019/08/20 13:55:00",JLA03,0.10
D,DISPATCH,UNIT_SCADA,1,"2019/08/20 13:55:00",JLA04,0.10
D,DISPATCH,UNIT_SCADA,1,"2019/08/20 13:55:00",JLB01,0
D,DISPATCH,UNIT_SCADA,1,"2019/08/20 13:55:00",JLB02,0.10
D,DISPATCH,UNIT_SCADA,1,"2019/08/20 13:55:00",JLB03,0
D,DISPATCH,UNIT_SCADA,1,"2019/08/20 13:55:00",KAREEYA1,21.43
D,DISPATCH,UNIT_SCADA,1,"2019/08/20 13:55:00",KAREEYA2,21.63
D,DISPATCH,UNIT_SCADA,1,"2019/08/20 13:55:00",KAREEYA3,0
D,DISPATCH,UNIT_SCADA,1,"2019/08/20 13:55:00",KAREEYA4,21.68
D,DISPATCH,UNIT_SCADA,1,"2019/08/20 13:55:00",KARSF1,61
D,DISPATCH,UNIT_SCADA,1,"2019/08/20 13:55:00",KIATAWF1,30.80
D,DISPATCH,UNIT_SCADA,1,"2019/08/20 13:55:00",KPP_1,0
D,DISPATCH,UNIT_SCADA,1,"2019/08/20 13:55:00",KSP1,47.03
D,DISPATCH,UNIT_SCADA,1,"2019/08/20 13:55:00",LADBROK1,0
D,DISPATCH,UNIT_SCADA,1,"2019/08/20 13:55:00",LADBROK2,0
D,DISPATCH,UNIT_SCADA,1,"2019/08/20 13:55:00",LD01,383.8125
D,DISPATCH,UNIT_SCADA,1,"2019/08/20 13:55:00",LD02,378.149960
D,DISPATCH,UNIT_SCADA,1,"2019/08/20 13:55:00",LD03,380.268680
D,DISPATCH,UNIT_SCADA,1,"2019/08/20 13:55:00",LD04,348.993740
D,DISPATCH,UNIT_SCADA,1,"2019/08/20 13:55:00",LEM_WIL,85.542050
D,DISPATCH,UNIT_SCADA,1,"2019/08/20 13:55:00",LGAPWF1,0
D,DISPATCH,UNIT_SCADA,1,"2019/08/20 13:55:00",LILYSF1,95.420410
D,DISPATCH,UNIT_SCADA,1,"2019/08/20 13:55:00",LI_WY_CA,148.364960
D,DISPATCH,UNIT_SCADA,1,"2019/08/20 13:55:00",LKBONNY2,110.798710
D,DISPATCH,UNIT_SCADA,1,"2019/08/20 13:55:00",LKBONNY3,27.1295
D,DISPATCH,UNIT_SCADA,1,"2019/08/20 13:55:00",LK_ECHO,0
D,DISPATCH,UNIT_SCADA,1,"2019/08/20 13:55:00",LNGS1,0
D,DISPATCH,UNIT_SCADA,1,"2019/08/20 13:55:00",LNGS2,0
D,DISPATCH,UNIT_SCADA,1,"2019/08/20 13:55:00",LONSDALE,0
D,DISPATCH,UNIT_SCADA,1,"2019/08/20 13:55:00",LOYYB1,536.464540
D,DISPATCH,UNIT_SCADA,1,"2019/08/20 13:55:00",LOYYB2,581.578490
D,DISPATCH,UNIT_SCADA,1,"2019/08/20 13:55:00",LYA1,558
D,DISPATCH,UNIT_SCADA,1,"2019/08/20 13:55:00",LYA2,0
D,DISPATCH,UNIT_SCADA,1,"2019/08/20 13:55:00",LYA3,559
D,DISPATCH,UNIT_SCADA,1,"2019/08/20 13:55:00",LYA4,539
D,DISPATCH,UNIT_SCADA,1,"2019/08/20 13:55:00",MACARTH1,388.591030
D,DISPATCH,UNIT_SCADA,1,"2019/08/20 13:55:00",MACKAYGT,0
D,DISPATCH,UNIT_SCADA,1,"2019/08/20 13:55:00",MACKNTSH,85.360010
D,DISPATCH,UNIT_SCADA,1,"2019/08/20 13:55:00",MANSLR1,22.3470
D,DISPATCH,UNIT_SCADA,1,"2019/08/20 13:55:00",MCKAY1,0.02
D,DISPATCH,UNIT_SCADA,1,"2019/08/20 13:55:00",MEADOWBK,33.924460
D,DISPATCH,UNIT_SCADA,1,"2019/08/20 13:55:00",MERCER01,121.346990
D,DISPATCH,UNIT_SCADA,1,"2019/08/20 13:55:00",MEWF1,76.8082
D,DISPATCH,UNIT_SCADA,1,"2019/08/20 13:55:00",MINTARO,0
D,DISPATCH,UNIT_SCADA,1,"2019/08/20 13:55:00",MOREESF1,49.16
D,DISPATCH,UNIT_SCADA,1,"2019/08/20 13:55:00",MORTLK11,124
D,DISPATCH,UNIT_SCADA,1,"2019/08/20 13:55:00",MORTLK12,0
D,DISPATCH,UNIT_SCADA,1,"2019/08/20 13:55:00",MP1,280.574950
D,DISPATCH,UNIT_SCADA,1,"2019/08/20 13:55:00",MP2,0
D,DISPATCH,UNIT_SCADA,1,"2019/08/20 13:55:00",MPP_1,348.25
D,DISPATCH,UNIT_SCADA,1,"2019/08/20 13:55:00",MPP_2,381
D,DISPATCH,UNIT_SCADA,1,"2019/08/20 13:55:00",MSTUART1,0
D,DISPATCH,UNIT_SCADA,1,"2019/08/20 13:55:00",MSTUART2,0
D,DISPATCH,UNIT_SCADA,1,"2019/08/20 13:55:00",MSTUART3,0
D,DISPATCH,UNIT_SCADA,1,"2019/08/20 13:55:00",MTGELWF1,63.922540
D,DISPATCH,UNIT_SCADA,1,"2019/08/20 13:55:00",MURRAY,0
D,DISPATCH,UNIT_SCADA,1,"2019/08/20 13:55:00",MUSSELR1,2.20
D,DISPATCH,UNIT_SCADA,1,"2019/08/20 13:55:00",MUWAWF1,56.18
D,DISPATCH,UNIT_SCADA,1,"2019/08/20 13:55:00",NBHWF1,82
D,DISPATCH,UNIT_SCADA,1,"2019/08/20 13:55:00",NPS,0
D,DISPATCH,UNIT_SCADA,1,"2019/08/20 13:55:00",NUMURSF1,51.12
D,DISPATCH,UNIT_SCADA,1,"2019/08/20 13:55:00",NYNGAN1,99
D,DISPATCH,UNIT_SCADA,1,"2019/08/20 13:55:00",OAKEY1,0
D,DISPATCH,UNIT_SCADA,1,"2019/08/20 13:55:00",OAKEY1SF,23.3690
D,DISPATCH,UNIT_SCADA,1,"2019/08/20 13:55:00",OAKEY2,0
D,DISPATCH,UNIT_SCADA,1,"2019/08/20 13:55:00",OAKLAND1,61.30
D,DISPATCH,UNIT_SCADA,1,"2019/08/20 13:55:00",OSB-AG,138.989990
D,DISPATCH,UNIT_SCADA,1,"2019/08/20 13:55:00",PARSF1,40.80
D,DISPATCH,UNIT_SCADA,1,"2019/08/20 13:55:00",POAT110,0
D,DISPATCH,UNIT_SCADA,1,"2019/08/20 13:55:00",POAT220,1.29
D,DISPATCH,UNIT_SCADA,1,"2019/08/20 13:55:00",POR01,0
D,DISPATCH,UNIT_SCADA,1,"2019/08/20 13:55:00",POR03,0
D,DISPATCH,UNIT_SCADA,1,"2019/08/20 13:55:00",PPCCGT,125.903770
D,DISPATCH,UNIT_SCADA,1,"2019/08/20 13:55:00",PTSTAN1,0
D,DISPATCH,UNIT_SCADA,1,"2019/08/20 13:55:00",PUMP1,0
D,DISPATCH,UNIT_SCADA,1,"2019/08/20 13:55:00",PUMP2,237.539990
D,DISPATCH,UNIT_SCADA,1,"2019/08/20 13:55:00",QPS1,0
D,DISPATCH,UNIT_SCADA,1,"2019/08/20 13:55:00",QPS2,0
D,DISPATCH,UNIT_SCADA,1,"2019/08/20 13:55:00",QPS3,0
D,DISPATCH,UNIT_SCADA,1,"2019/08/20 13:55:00",QPS4,0
D,DISPATCH,UNIT_SCADA,1,"2019/08/20 13:55:00",QPS5,0
D,DISPATCH,UNIT_SCADA,1,"2019/08/20 13:55:00",REECE1,115.890010
D,DISPATCH,UNIT_SCADA,1,"2019/08/20 13:55:00",REECE2,116.210010
D,DISPATCH,UNIT_SCADA,1,"2019/08/20 13:55:00",ROMA_7,0
D,DISPATCH,UNIT_SCADA,1,"2019/08/20 13:55:00",ROMA_8,0
D,DISPATCH,UNIT_SCADA,1,"2019/08/20 13:55:00",RRSF1,109.003160
D,DISPATCH,UNIT_SCADA,1,"2019/08/20 13:55:00",RT_NSW1,0
D,DISPATCH,UNIT_SCADA,1,"2019/08/20 13:55:00",RT_NSW2,0
D,DISPATCH,UNIT_SCADA,1,"2019/08/20 13:55:00",RT_NSW3,0
D,DISPATCH,UNIT_SCADA,1,"2019/08/20 13:55:00",RT_NSW4,0
D,DISPATCH,UNIT_SCADA,1,"2019/08/20 13:55:00",RT_NSW5,0
D,DISPATCH,UNIT_SCADA,1,"2019/08/20 13:55:00",RT_NSW6,0
D,DISPATCH,UNIT_SCADA,1,"2019/08/20 13:55:00",RT_QLD1,0
D,DISPATCH,UNIT_SCADA,1,"2019/08/20 13:55:00",RT_SA1,0
D,DISPATCH,UNIT_SCADA,1,"2019/08/20 13:55:00",RT_SA2,0
D,DISPATCH,UNIT_SCADA,1,"2019/08/20 13:55:00",RT_SA3,0
D,DISPATCH,UNIT_SCADA,1,"2019/08/20 13:55:00",RT_SA4,0
D,DISPATCH,UNIT_SCADA,1,"2019/08/20 13:55:00",RT_SA5,0
D,DISPATCH,UNIT_SCADA,1,"2019/08/20 13:55:00",RT_SA6,0
D,DISPATCH,UNIT_SCADA,1,"2019/08/20 13:55:00",RT_TAS1,0
D,DISPATCH,UNIT_SCADA,1,"2019/08/20 13:55:00",RT_VIC1,0
D,DISPATCH,UNIT_SCADA,1,"2019/08/20 13:55:00",RT_VIC10,0
D,DISPATCH,UNIT_SCADA,1,"2019/08/20 13:55:00",RT_VIC11,0
D,DISPATCH,UNIT_SCADA,1,"2019/08/20 13:55:00",RT_VIC12,0
D,DISPATCH,UNIT_SCADA,1,"2019/08/20 13:55:00",RT_VIC2,0
D,DISPATCH,UNIT_SCADA,1,"2019/08/20 13:55:00",RT_VIC3,0
D,DISPATCH,UNIT_SCADA,1,"2019/08/20 13:55:00",RT_VIC4,0
D,DISPATCH,UNIT_SCADA,1,"2019/08/20 13:55:00",RT_VIC5,0
D,DISPATCH,UNIT_SCADA,1,"2019/08/20 13:55:00",RT_VIC6,0
D,DISPATCH,UNIT_SCADA,1,"2019/08/20 13:55:00",RT_VIC7,0
D,DISPATCH,UNIT_SCADA,1,"2019/08/20 13:55:00",RT_VIC8,0
D,DISPATCH,UNIT_SCADA,1,"2019/08/20 13:55:00",RT_VIC9,0
D,DISPATCH,UNIT_SCADA,1,"2019/08/20 13:55:00",RUGBYR1,45.193210
D,DISPATCH,UNIT_SCADA,1,"2019/08/20 13:55:00",SALTCRK1,52.51
D,DISPATCH,UNIT_SCADA,1,"2019/08/20 13:55:00",SAPHWF1,97.603120
D,DISPATCH,UNIT_SCADA,1,"2019/08/20 13:55:00",SHGEN,0
D,DISPATCH,UNIT_SCADA,1,"2019/08/20 13:55:00",SHPUMP,0
D,DISPATCH,UNIT_SCADA,1,"2019/08/20 13:55:00",SITHE01,0.005650
D,DISPATCH,UNIT_SCADA,1,"2019/08/20 13:55:00",SMCSF1,81.789570
D,DISPATCH,UNIT_SCADA,1,"2019/08/20 13:55:00",SNOWNTH1,98.899990
D,DISPATCH,UNIT_SCADA,1,"2019/08/20 13:55:00",SNOWSTH1,84.80
D,DISPATCH,UNIT_SCADA,1,"2019/08/20 13:55:00",SNOWTWN1,64.559870
D,DISPATCH,UNIT_SCADA,1,"2019/08/20 13:55:00",SNOWYP,379
D,DISPATCH,UNIT_SCADA,1,"2019/08/20 13:55:00",SNUG1,0.019440
D,DISPATCH,UNIT_SCADA,1,"2019/08/20 13:55:00",SRSF1,35.25
D,DISPATCH,UNIT_SCADA,1,"2019/08/20 13:55:00",STAN-1,0
D,DISPATCH,UNIT_SCADA,1,"2019/08/20 13:55:00",STAN-2,279.146060
D,DISPATCH,UNIT_SCADA,1,"2019/08/20 13:55:00",STAN-3,278.735870
D,DISPATCH,UNIT_SCADA,1,"2019/08/20 13:55:00",STAN-4,277.915530
D,DISPATCH,UNIT_SCADA,1,"2019/08/20 13:55:00",STWF1,9.382510
D,DISPATCH,UNIT_SCADA,1,"2019/08/20 13:55:00",SWAN_E,0
D,DISPATCH,UNIT_SCADA,1,"2019/08/20 13:55:00",TALWA1,191
D,DISPATCH,UNIT_SCADA,1,"2019/08/20 13:55:00",TARALGA1,101.861240
D,DISPATCH,UNIT_SCADA,1,"2019/08/20 13:55:00",TARONG#1,277.800020
D,DISPATCH,UNIT_SCADA,1,"2019/08/20 13:55:00",TARONG#2,276.899990
D,DISPATCH,UNIT_SCADA,1,"2019/08/20 13:55:00",TARONG#3,259.800020
D,DISPATCH,UNIT_SCADA,1,"2019/08/20 13:55:00",TARONG#4,280.399990
D,DISPATCH,UNIT_SCADA,1,"2019/08/20 13:55:00",TARRALEA,87
D,DISPATCH,UNIT_SCADA,1,"2019/08/20 13:55:00",TBSF1,28.90
D,DISPATCH,UNIT_SCADA,1,"2019/08/20 13:55:00",TNPS1,441.700010
D,DISPATCH,UNIT_SCADA,1,"2019/08/20 13:55:00",TORRA1,37.0299
D,DISPATCH,UNIT_SCADA,1,"2019/08/20 13:55:00",TORRA2,0
D,DISPATCH,UNIT_SCADA,1,"2019/08/20 13:55:00",TORRA3,0
D,DISPATCH,UNIT_SCADA,1,"2019/08/20 13:55:00",TORRA4,0
D,DISPATCH,UNIT_SCADA,1,"2019/08/20 13:55:00",TORRB1,40.96
D,DISPATCH,UNIT_SCADA,1,"2019/08/20 13:55:00",TORRB2,41.07
D,DISPATCH,UNIT_SCADA,1,"2019/08/20 13:55:00",TORRB3,0
D,DISPATCH,UNIT_SCADA,1,"2019/08/20 13:55:00",TORRB4,0
D,DISPATCH,UNIT_SCADA,1,"2019/08/20 13:55:00",TREVALLN,44.170010
D,DISPATCH,UNIT_SCADA,1,"2019/08/20 13:55:00",TRIBUTE,0
D,DISPATCH,UNIT_SCADA,1,"2019/08/20 13:55:00",TUMUT3,0
D,DISPATCH,UNIT_SCADA,1,"2019/08/20 13:55:00",TUNGATIN,124.290030
D,DISPATCH,UNIT_SCADA,1,"2019/08/20 13:55:00",TVCC201,0
D,DISPATCH,UNIT_SCADA,1,"2019/08/20 13:55:00",TVPP104,0
D,DISPATCH,UNIT_SCADA,1,"2019/08/20 13:55:00",UPPTUMUT,0
D,DISPATCH,UNIT_SCADA,1,"2019/08/20 13:55:00",URANQ11,0
D,DISPATCH,UNIT_SCADA,1,"2019/08/20 13:55:00",URANQ12,0
D,DISPATCH,UNIT_SCADA,1,"2019/08/20 13:55:00",URANQ13,0
D,DISPATCH,UNIT_SCADA,1,"2019/08/20 13:55:00",URANQ14,0
D,DISPATCH,UNIT_SCADA,1,"2019/08/20 13:55:00",VP5,288.474980
D,DISPATCH,UNIT_SCADA,1,"2019/08/20 13:55:00",VP6,257.800020
D,DISPATCH,UNIT_SCADA,1,"2019/08/20 13:55:00",VPGS1,0
D,DISPATCH,UNIT_SCADA,1,"2019/08/20 13:55:00",VPGS2,0
D,DISPATCH,UNIT_SCADA,1,"2019/08/20 13:55:00",VPGS3,0
D,DISPATCH,UNIT_SCADA,1,"2019/08/20 13:55:00",VPGS4,0
D,DISPATCH,UNIT_SCADA,1,"2019/08/20 13:55:00",VPGS5,0
D,DISPATCH,UNIT_SCADA,1,"2019/08/20 13:55:00",VPGS6,0
D,DISPATCH,UNIT_SCADA,1,"2019/08/20 13:55:00",W/HOE#1,0
D,DISPATCH,UNIT_SCADA,1,"2019/08/20 13:55:00",W/HOE#2,0
D,DISPATCH,UNIT_SCADA,1,"2019/08/20 13:55:00",WATERLWF,89.30
D,DISPATCH,UNIT_SCADA,1,"2019/08/20 13:55:00",WEMENSF1,42.30
D,DISPATCH,UNIT_SCADA,1,"2019/08/20 13:55:00",WGWF1,82.90
D,DISPATCH,UNIT_SCADA,1,"2019/08/20 13:55:00",WHITSF1,8.20
D,DISPATCH,UNIT_SCADA,1,"2019/08/20 13:55:00",WKIEWA1,0
D,DISPATCH,UNIT_SCADA,1,"2019/08/20 13:55:00",WKIEWA2,0.10
D,DISPATCH,UNIT_SCADA,1,"2019/08/20 13:55:00",WOODLWN1,38.9520
D,DISPATCH,UNIT_SCADA,1,"2019/08/20 13:55:00",WRSF1,19.32
D,DISPATCH,UNIT_SCADA,1,"2019/08/20 13:55:00",WRWF1,63.053750
D,DISPATCH,UNIT_SCADA,1,"2019/08/20 13:55:00",YABULU,0
D,DISPATCH,UNIT_SCADA,1,"2019/08/20 13:55:00",YABULU2,0
D,DISPATCH,UNIT_SCADA,1,"2019/08/20 13:55:00",YARWUN_1,0
D,DISPATCH,UNIT_SCADA,1,"2019/08/20 13:55:00",YENDWF1,41.78
D,DISPATCH,UNIT_SCADA,1,"2019/08/20 13:55:00",YWPS1,381.954440
D,DISPATCH,UNIT_SCADA,1,"2019/08/20 13:55:00",YWPS2,281.9519
D,DISPATCH,UNIT_SCADA,1,"2019/08/20 13:55:00",YWPS3,0
D,DISPATCH,UNIT_SCADA,1,"2019/08/20 13:55:00",YWPS4,395.520260
C,"END OF REPORT",334
