C,NEMP.WORLD,DISPATCHSCADA,AEMO,PUBLIC,2019/09/05,11:45:08,0000000312420645,DISPATCHSCADA,0000000312420639
I,DISPATCH,UNIT_SCADA,1,SETTLEMENTDATE,DUID,SCADAVALUE
D,DISPATCH,UNIT_SCADA,1,"2019/09/05 11:50:00",BARCSF1,0.30
D,DISPATCH,UNIT_SCADA,1,"2019/09/05 11:50:00",BUTLERSG,10.199999
D,DISPATCH,UNIT_SCADA,1,"2019/09/05 11:50:00",CALL_A_4,0
D,DISPATCH,UNIT_SCADA,1,"2019/09/05 11:50:00",CAPTL_WF,0
D,DISPATCH,UNIT_SCADA,1,"2019/09/05 11:50:00",CATHROCK,30.819998
D,DISPATCH,UNIT_SCADA,1,"2019/09/05 11:50:00",CHALLHWF,0.70
D,DISPATCH,UNIT_SCADA,1,"2019/09/05 11:50:00",CLOVER,-0.01
D,DISPATCH,UNIT_SCADA,1,"2019/09/05 11:50:00",CLUNY,16.944382
D,DISPATCH,UNIT_SCADA,1,"2019/09/05 11:50:00",CNUNDAWF,25.029198
D,DISPATCH,UNIT_SCADA,1,"2019/09/05 11:50:00",CULLRGWF,0.48
D,DISPATCH,UNIT_SCADA,1,"2019/09/05 11:50:00",ERGT01,0
D,DISPATCH,UNIT_SCADA,1,"2019/09/05 11:50:00",GB01,0.009964
D,DISPATCH,UNIT_SCADA,1,"2019/09/05 11:50:00",GERMCRK,33.200001
D,DISPATCH,UNIT_SCADA,1,"2019/09/05 11:50:00",GRIFSF1,24.100006
D,DISPATCH,UNIT_SCADA,1,"2019/09/05 11:50:00",HUGSF1,8.9410
D,DISPATCH,UNIT_SCADA,1,"2019/09/05 11:50:00",LKBONNY1,28.221758
D,DISPATCH,UNIT_SCADA,1,"2019/09/05 11:50:00",LRSF1,13.136001
D,DISPATCH,UNIT_SCADA,1,"2019/09/05 11:50:00",MBAHNTH,25.031258
D,DISPATCH,UNIT_SCADA,1,"2019/09/05 11:50:00",MLSP1,5.673001
D,DISPATCH,UNIT_SCADA,1,"2019/09/05 11:50:00",MLWF1,2.6850
D,DISPATCH,UNIT_SCADA,1,"2019/09/05 11:50:00",MTMILLAR,27.510529
D,DISPATCH,UNIT_SCADA,1,"2019/09/05 11:50:00",PALOONA,25.439999
D,DISPATCH,UNIT_SCADA,1,"2019/09/05 11:50:00",PIONEER,14.400001
D,DISPATCH,UNIT_SCADA,1,"2019/09/05 11:50:00",PORTWF,38.50
D,DISPATCH,UNIT_SCADA,1,"2019/09/05 11:50:00",REPULSE,28.771801
D,DISPATCH,UNIT_SCADA,1,"2019/09/05 11:50:00",ROWALLAN,10.3092
D,DISPATCH,UNIT_SCADA,1,"2019/09/05 11:50:00",ROYALLA1,10.272001
D,DISPATCH,UNIT_SCADA,1,"2019/09/05 11:50:00",RPCG,12.10
D,DISPATCH,UNIT_SCADA,1,"2019/09/05 11:50:00",RUBICON,0
D,DISPATCH,UNIT_SCADA,1,"2019/09/05 11:50:00",SATGN1,0
D,DISPATCH,UNIT_SCADA,1,"2019/09/05 11:50:00",SATGS1,0
D,DISPATCH,UNIT_SCADA,1,"2019/09/05 11:50:00",STARHLWF,9.097347
D,DISPATCH,UNIT_SCADA,1,"2019/09/05 11:50:00",WAUBRAWF,35.334999
D,DISPATCH,UNIT_SCADA,1,"2019/09/05 11:50:00",WOOLNTH1,1.320015
D,DISPATCH,UNIT_SCADA,1,"2019/09/05 11:50:00",WPWF,66
D,DISPATCH,UNIT_SCADA,1,"2019/09/05 11:50:00",YAMBUKWF,1.50
D,DISPATCH,UNIT_SCADA,1,"2019/09/05 11:50:00",YSWF1,0
D,DISPATCH,UNIT_SCADA,1,"2019/09/05 11:50:00",AGLHAL,0
D,DISPATCH,UNIT_SCADA,1,"2019/09/05 11:50:00",AGLSOM,0
D,DISPATCH,UNIT_SCADA,1,"2019/09/05 11:50:00",ANGAST1,0
D,DISPATCH,UNIT_SCADA,1,"2019/09/05 11:50:00",ARWF1,12.40
D,DISPATCH,UNIT_SCADA,1,"2019/09/05 11:50:00",BALBG1,0.16
D,DISPATCH,UNIT_SCADA,1,"2019/09/05 11:50:00",BALBL1,0
D,DISPATCH,UNIT_SCADA,1,"2019/09/05 11:50:00",BALDHWF1,3.4250
D,DISPATCH,UNIT_SCADA,1,"2019/09/05 11:50:00",BANN1,60.02
D,DISPATCH,UNIT_SCADA,1,"2019/09/05 11:50:00",BARCALDN,0
D,DISPATCH,UNIT_SCADA,1,"2019/09/05 11:50:00",BARRON-1,0
D,DISPATCH,UNIT_SCADA,1,"2019/09/05 11:50:00",BARRON-2,0
D,DISPATCH,UNIT_SCADA,1,"2019/09/05 11:50:00",BASTYAN,79.460010
D,DISPATCH,UNIT_SCADA,1,"2019/09/05 11:50:00",BBTHREE1,0
D,DISPATCH,UNIT_SCADA,1,"2019/09/05 11:50:00",BBTHREE2,0
D,DISPATCH,UNIT_SCADA,1,"2019/09/05 11:50:00",BBTHREE3,0
D,DISPATCH,UNIT_SCADA,1,"2019/09/05 11:50:00",BDL01,-0.06
D,DISPATCH,UNIT_SCADA,1,"2019/09/05 11:50:00",BDL02,0
D,DISPATCH,UNIT_SCADA,1,"2019/09/05 11:50:00",BERYLSF1,69.779430
D,DISPATCH,UNIT_SCADA,1,"2019/09/05 11:50:00",BLOWERNG,11.20
D,DISPATCH,UNIT_SCADA,1,"2019/09/05 11:50:00",BLUFF1,20.50
D,DISPATCH,UNIT_SCADA,1,"2019/09/05 11:50:00",BNGSF1,106.3040
D,DISPATCH,UNIT_SCADA,1,"2019/09/05 11:50:00",BNGSF2,20.01
D,DISPATCH,UNIT_SCADA,1,"2019/09/05 11:50:00",BOCORWF1,8.02
D,DISPATCH,UNIT_SCADA,1,"2019/09/05 11:50:00",BODWF1,-0.171480
D,DISPATCH,UNIT_SCADA,1,"2019/09/05 11:50:00",BRAEMAR1,0
D,DISPATCH,UNIT_SCADA,1,"2019/09/05 11:50:00",BRAEMAR2,0
D,DISPATCH,UNIT_SCADA,1,"2019/09/05 11:50:00",BRAEMAR3,0
D,DISPATCH,UNIT_SCADA,1,"2019/09/05 11:50:00",BRAEMAR5,0
D,DISPATCH,UNIT_SCADA,1,"2019/09/05 11:50:00",BRAEMAR6,0
D,DISPATCH,UNIT_SCADA,1,"2019/09/05 11:50:00",BRAEMAR7,0
D,DISPATCH,UNIT_SCADA,1,"2019/09/05 11:50:00",BROKENH1,52.836430
D,DISPATCH,UNIT_SCADA,1,"2019/09/05 11:50:00",BW01,557.575070
D,DISPATCH,UNIT_SCADA,1,"2019/09/05 11:50:00",BW02,613.025020
D,DISPATCH,UNIT_SCADA,1,"2019/09/05 11:50:00",BW03,616.900020
D,DISPATCH,UNIT_SCADA,1,"2019/09/05 11:50:00",BW04,0
D,DISPATCH,UNIT_SCADA,1,"2019/09/05 11:50:00",CALL_B_1,300.399990
D,DISPATCH,UNIT_SCADA,1,"2019/09/05 11:50:00",CALL_B_2,221.100010
D,DISPATCH,UNIT_SCADA,1,"2019/09/05 11:50:00",CETHANA,83.934250
D,DISPATCH,UNIT_SCADA,1,"2019/09/05 11:50:00",CG1,0
D,DISPATCH,UNIT_SCADA,1,"2019/09/05 11:50:00",CG2,0
D,DISPATCH,UNIT_SCADA,1,"2019/09/05 11:50:00",CG3,0
D,DISPATCH,UNIT_SCADA,1,"2019/09/05 11:50:00",CG4,0
D,DISPATCH,UNIT_SCADA,1,"2019/09/05 11:50:00",CHILDSF1,52.26
D,DISPATCH,UNIT_SCADA,1,"2019/09/05 11:50:00",CLARESF1,2.0313
D,DISPATCH,UNIT_SCADA,1,"2019/09/05 11:50:00",CLEMGPWF,28.886040
D,DISPATCH,UNIT_SCADA,1,"2019/09/05 11:50:00",CLERMSF1,0.30
D,DISPATCH,UNIT_SCADA,1,"2019/09/05 11:50:00",COLEASF1,108
D,DISPATCH,UNIT_SCADA,1,"2019/09/05 11:50:00",COOPGWF1,2.296770
D,DISPATCH,UNIT_SCADA,1,"2019/09/05 11:50:00",CPP_3,292.600010
D,DISPATCH,UNIT_SCADA,1,"2019/09/05 11:50:00",CPP_4,180.1250
D,DISPATCH,UNIT_SCADA,1,"2019/09/05 11:50:00",CPSA,73.469380
D,DISPATCH,UNIT_SCADA,1,"2019/09/05 11:50:00",CROOKWF2,14.353740
D,DISPATCH,UNIT_SCADA,1,"2019/09/05 11:50:00",CROWLWF1,1.198270
D,DISPATCH,UNIT_SCADA,1,"2019/09/05 11:50:00",CSPVPS1,0.5590
D,DISPATCH,UNIT_SCADA,1,"2019/09/05 11:50:00",DALNTH01,0
D,DISPATCH,UNIT_SCADA,1,"2019/09/05 11:50:00",DALNTHL1,0.1236
D,DISPATCH,UNIT_SCADA,1,"2019/09/05 11:50:00",DARTM1,0
D,DISPATCH,UNIT_SCADA,1,"2019/09/05 11:50:00",DAYDSF1,0
D,DISPATCH,UNIT_SCADA,1,"2019/09/05 11:50:00",DDPS1,0
D,DISPATCH,UNIT_SCADA,1,"2019/09/05 11:50:00",DDSF1,0
D,DISPATCH,UNIT_SCADA,1,"2019/09/05 11:50:00",DEVILS_G,57.289340
D,DISPATCH,UNIT_SCADA,1,"2019/09/05 11:50:00",DG_NSW1,0
D,DISPATCH,UNIT_SCADA,1,"2019/09/05 11:50:00",DG_QLD1,0
D,DISPATCH,UNIT_SCADA,1,"2019/09/05 11:50:00",DG_SA1,0
D,DISPATCH,UNIT_SCADA,1,"2019/09/05 11:50:00",DG_TAS1,0
D,DISPATCH,UNIT_SCADA,1,"2019/09/05 11:50:00",DG_VIC1,0
D,DISPATCH,UNIT_SCADA,1,"2019/09/05 11:50:00",DRYCGT1,0
D,DISPATCH,UNIT_SCADA,1,"2019/09/05 11:50:00",DRYCGT2,0
D,DISPATCH,UNIT_SCADA,1,"2019/09/05 11:50:00",DRYCGT3,0
D,DISPATCH,UNIT_SCADA,1,"2019/09/05 11:50:00",EILDON1,0
D,DISPATCH,UNIT_SCADA,1,"2019/09/05 11:50:00",EILDON2,0
D,DISPATCH,UNIT_SCADA,1,"2019/09/05 11:50:00",EMERASF1,0.12
D,DISPATCH,UNIT_SCADA,1,"2019/09/05 11:50:00",ER01,562.175050
D,DISPATCH,UNIT_SCADA,1,"2019/09/05 11:50:00",ER02,353.950070
D,DISPATCH,UNIT_SCADA,1,"2019/09/05 11:50:00",ER03,0
D,DISPATCH,UNIT_SCADA,1,"2019/09/05 11:50:00",ER04,667.8750
D,DISPATCH,UNIT_SCADA,1,"2019/09/05 11:50:00",FINLYSF1,12.337490
D,DISPATCH,UNIT_SCADA,1,"2019/09/05 11:50:00",FISHER,45.58
D,DISPATCH,UNIT_SCADA,1,"2019/09/05 11:50:00",GANNBG1,0
D,DISPATCH,UNIT_SCADA,1,"2019/09/05 11:50:00",GANNBL1,13.918810
D,DISPATCH,UNIT_SCADA,1,"2019/09/05 11:50:00",GANNSF1,25.30
D,DISPATCH,UNIT_SCADA,1,"2019/09/05 11:50:00",GORDON,18.019680
D,DISPATCH,UNIT_SCADA,1,"2019/09/05 11:50:00",GSTONE1,149.974990
D,DISPATCH,UNIT_SCADA,1,"2019/09/05 11:50:00",GSTONE2,150.149990
D,DISPATCH,UNIT_SCADA,1,"2019/09/05 11:50:00",GSTONE3,0
D,DISPATCH,UNIT_SCADA,1,"2019/09/05 11:50:00",GSTONE4,149.099990
D,DISPATCH,UNIT_SCADA,1,"2019/09/05 11:50:00",GSTONE5,147.70
D,DISPATCH,UNIT_SCADA,1,"2019/09/05 11:50:00",GSTONE6,149.974990
D,DISPATCH,UNIT_SCADA,1,"2019/09/05 11:50:00",GULLRSF1,9.891540
D,DISPATCH,UNIT_SCADA,1,"2019/09/05 11:50:00",GULLRWF1,12.871280
D,DISPATCH,UNIT_SCADA,1,"2019/09/05 11:50:00",GUNNING1,4.0994
D,DISPATCH,UNIT_SCADA,1,"2019/09/05 11:50:00",GUTHEGA,0
D,DISPATCH,UNIT_SCADA,1,"2019/09/05 11:50:00",HALLWF1,52.94
D,DISPATCH,UNIT_SCADA,1,"2019/09/05 11:50:00",HALLWF2,37.55
D,DISPATCH,UNIT_SCADA,1,"2019/09/05 11:50:00",HAMISF1,0
D,DISPATCH,UNIT_SCADA,1,"2019/09/05 11:50:00",HAUGHT11,94.609410
D,DISPATCH,UNIT_SCADA,1,"2019/09/05 11:50:00",HAYMSF1,0
D,DISPATCH,UNIT_SCADA,1,"2019/09/05 11:50:00",HDWF1,48.80
D,DISPATCH,UNIT_SCADA,1,"2019/09/05 11:50:00",HDWF2,34.80
D,DISPATCH,UNIT_SCADA,1,"2019/09/05 11:50:00",HDWF3,46.40
D,DISPATCH,UNIT_SCADA,1,"2019/09/05 11:50:00",HPRG1,0
D,DISPATCH,UNIT_SCADA,1,"2019/09/05 11:50:00",HPRL1,1
D,DISPATCH,UNIT_SCADA,1,"2019/09/05 11:50:00",HUMENSW,0
D,DISPATCH,UNIT_SCADA,1,"2019/09/05 11:50:00",HUMEV,25
D,DISPATCH,UNIT_SCADA,1,"2019/09/05 11:50:00",HVGTS,0
D,DISPATCH,UNIT_SCADA,1,"2019/09/05 11:50:00",JBUTTERS,88.50
D,DISPATCH,UNIT_SCADA,1,"2019/09/05 11:50:00",JLA01,0.10
D,DISPATCH,UNIT_SCADA,1,"2019/09/05 11:50:00",JLA02,0
D,DISPATCH,UNIT_SCADA,1,"2019/09/05 11:50:00",JLA03,0
D,DISPATCH,UNIT_SCADA,1,"2019/09/05 11:50:00",JLA04,0
D,DISPATCH,UNIT_SCADA,1,"2019/09/05 11:50:00",JLB01,0
D,DISPATCH,UNIT_SCADA,1,"2019/09/05 11:50:00",JLB02,70.60
D,DISPATCH,UNIT_SCADA,1,"2019/09/05 11:50:00",JLB03,0
D,DISPATCH,UNIT_SCADA,1,"2019/09/05 11:50:00",KAREEYA1,21.46
D,DISPATCH,UNIT_SCADA,1,"2019/09/05 11:50:00",KAREEYA2,21.7625
D,DISPATCH,UNIT_SCADA,1,"2019/09/05 11:50:00",KAREEYA3,0
D,DISPATCH,UNIT_SCADA,1,"2019/09/05 11:50:00",KAREEYA4,21.56
D,DISPATCH,UNIT_SCADA,1,"2019/09/05 11:50:00",KARSF1,76.30
D,DISPATCH,UNIT_SCADA,1,"2019/09/05 11:50:00",KIATAWF1,6.40
D,DISPATCH,UNIT_SCADA,1,"2019/09/05 11:50:00",KPP_1,0
D,DISPATCH,UNIT_SCADA,1,"2019/09/05 11:50:00",KSP1,0
D,DISPATCH,UNIT_SCADA,1,"2019/09/05 11:50:00",LADBROK1,0
D,DISPATCH,UNIT_SCADA,1,"2019/09/05 11:50:00",LADBROK2,0
D,DISPATCH,UNIT_SCADA,1,"2019/09/05 11:50:00",LD01,375.843750
D,DISPATCH,UNIT_SCADA,1,"2019/09/05 11:50:00",LD02,380.043730
D,DISPATCH,UNIT_SCADA,1,"2019/09/05 11:50:00",LD03,379.1250
D,DISPATCH,UNIT_SCADA,1,"2019/09/05 11:50:00",LD04,378.862520
D,DISPATCH,UNIT_SCADA,1,"2019/09/05 11:50:00",LEM_WIL,82.189250
D,DISPATCH,UNIT_SCADA,1,"2019/09/05 11:50:00",LGAPWF1,12.43
D,DISPATCH,UNIT_SCADA,1,"2019/09/05 11:50:00",LILYSF1,87.556090
D,DISPATCH,UNIT_SCADA,1,"2019/09/05 11:50:00",LI_WY_CA,119.2209
D,DISPATCH,UNIT_SCADA,1,"2019/09/05 11:50:00",LKBONNY2,56.515980
D,DISPATCH,UNIT_SCADA,1,"2019/09/05 11:50:00",LKBONNY3,13.341460
D,DISPATCH,UNIT_SCADA,1,"2019/09/05 11:50:00",LK_ECHO,0
D,DISPATCH,UNIT_SCADA,1,"2019/09/05 11:50:00",LNGS1,0
D,DISPATCH,UNIT_SCADA,1,"2019/09/05 11:50:00",LNGS2,0
D,DISPATCH,UNIT_SCADA,1,"2019/09/05 11:50:00",LONSDALE,0
D,DISPATCH,UNIT_SCADA,1,"2019/09/05 11:50:00",LOYYB1,534.960750
D,DISPATCH,UNIT_SCADA,1,"2019/09/05 11:50:00",LOYYB2,582.7063
D,DISPATCH,UNIT_SCADA,1,"2019/09/05 11:50:00",LYA1,0
D,DISPATCH,UNIT_SCADA,1,"2019/09/05 11:50:00",LYA2,0
D,DISPATCH,UNIT_SCADA,1,"2019/09/05 11:50:00",LYA3,560
D,DISPATCH,UNIT_SCADA,1,"2019/09/05 11:50:00",LYA4,541
D,DISPATCH,UNIT_SCADA,1,"2019/09/05 11:50:00",MACARTH1,72.998310
D,DISPATCH,UNIT_SCADA,1,"2019/09/05 11:50:00",MACKAYGT,0.2240
D,DISPATCH,UNIT_SCADA,1,"2019/09/05 11:50:00",MACKNTSH,84.420010
D,DISPATCH,UNIT_SCADA,1,"2019/09/05 11:50:00",MANSLR1,36.6880
D,DISPATCH,UNIT_SCADA,1,"2019/09/05 11:50:00",MCKAY1,0.02
D,DISPATCH,UNIT_SCADA,1,"2019/09/05 11:50:00",MEADOWBK,14.947340
D,DISPATCH,UNIT_SCADA,1,"2019/09/05 11:50:00",MERCER01,13.8870
D,DISPATCH,UNIT_SCADA,1,"2019/09/05 11:50:00",MEWF1,35.186690
D,DISPATCH,UNIT_SCADA,1,"2019/09/05 11:50:00",MINTARO,0
D,DISPATCH,UNIT_SCADA,1,"2019/09/05 11:50:00",MOREESF1,48.4720
D,DISPATCH,UNIT_SCADA,1,"2019/09/05 11:50:00",MORTLK11,238
D,DISPATCH,UNIT_SCADA,1,"2019/09/05 11:50:00",MORTLK12,0
D,DISPATCH,UNIT_SCADA,1,"2019/09/05 11:50:00",MP1,212.849980
D,DISPATCH,UNIT_SCADA,1,"2019/09/05 11:50:00",MP2,0
D,DISPATCH,UNIT_SCADA,1,"2019/09/05 11:50:00",MPP_1,303
D,DISPATCH,UNIT_SCADA,1,"2019/09/05 11:50:00",MPP_2,300.50
D,DISPATCH,UNIT_SCADA,1,"2019/09/05 11:50:00",MSTUART1,0
D,DISPATCH,UNIT_SCADA,1,"2019/09/05 11:50:00",MSTUART2,0
D,DISPATCH,UNIT_SCADA,1,"2019/09/05 11:50:00",MSTUART3,0
D,DISPATCH,UNIT_SCADA,1,"2019/09/05 11:50:00",MTGELWF1,6.308180
D,DISPATCH,UNIT_SCADA,1,"2019/09/05 11:50:00",MURRAY,0
D,DISPATCH,UNIT_SCADA,1,"2019/09/05 11:50:00",MUSSELR1,1.70
D,DISPATCH,UNIT_SCADA,1,"2019/09/05 11:50:00",MUWAWF1,2.79
D,DISPATCH,UNIT_SCADA,1,"2019/09/05 11:50:00",NBHWF1,47.20
D,DISPATCH,UNIT_SCADA,1,"2019/09/05 11:50:00",NPS,0
D,DISPATCH,UNIT_SCADA,1,"2019/09/05 11:50:00",NUMURSF1,29.77
D,DISPATCH,UNIT_SCADA,1,"2019/09/05 11:50:00",NYNGAN1,101.25
D,DISPATCH,UNIT_SCADA,1,"2019/09/05 11:50:00",OAKEY1,0
D,DISPATCH,UNIT_SCADA,1,"2019/09/05 11:50:00",OAKEY1SF,0.6590
D,DISPATCH,UNIT_SCADA,1,"2019/09/05 11:50:00",OAKEY2,0
D,DISPATCH,UNIT_SCADA,1,"2019/09/05 11:50:00",OAKEY2SF,0
D,DISPATCH,UNIT_SCADA,1,"2019/09/05 11:50:00",OAKLAND1,14.60
D,DISPATCH,UNIT_SCADA,1,"2019/09/05 11:50:00",OSB-AG,139.84
D,DISPATCH,UNIT_SCADA,1,"2019/09/05 11:50:00",PARSF1,43.399990
D,DISPATCH,UNIT_SCADA,1,"2019/09/05 11:50:00",POAT110,0
D,DISPATCH,UNIT_SCADA,1,"2019/09/05 11:50:00",POAT220,0.62
D,DISPATCH,UNIT_SCADA,1,"2019/09/05 11:50:00",POR01,0
D,DISPATCH,UNIT_SCADA,1,"2019/09/05 11:50:00",POR03,0
D,DISPATCH,UNIT_SCADA,1,"2019/09/05 11:50:00",PPCCGT,172.209990
D,DISPATCH,UNIT_SCADA,1,"2019/09/05 11:50:00",PTSTAN1,0
D,DISPATCH,UNIT_SCADA,1,"2019/09/05 11:50:00",PUMP1,0
D,DISPATCH,UNIT_SCADA,1,"2019/09/05 11:50:00",PUMP2,0
D,DISPATCH,UNIT_SCADA,1,"2019/09/05 11:50:00",QPS1,0
D,DISPATCH,UNIT_SCADA,1,"2019/09/05 11:50:00",QPS2,0
D,DISPATCH,UNIT_SCADA,1,"2019/09/05 11:50:00",QPS3,0
D,DISPATCH,UNIT_SCADA,1,"2019/09/05 11:50:00",QPS4,0
D,DISPATCH,UNIT_SCADA,1,"2019/09/05 11:50:00",QPS5,0
D,DISPATCH,UNIT_SCADA,1,"2019/09/05 11:50:00",REECE1,103.070010
D,DISPATCH,UNIT_SCADA,1,"2019/09/05 11:50:00",REECE2,99.760010
D,DISPATCH,UNIT_SCADA,1,"2019/09/05 11:50:00",ROMA_7,0
D,DISPATCH,UNIT_SCADA,1,"2019/09/05 11:50:00",ROMA_8,0
D,DISPATCH,UNIT_SCADA,1,"2019/09/05 11:50:00",RRSF1,0
D,DISPATCH,UNIT_SCADA,1,"2019/09/05 11:50:00",RT_NSW1,0
D,DISPATCH,UNIT_SCADA,1,"2019/09/05 11:50:00",RT_NSW2,0
D,DISPATCH,UNIT_SCADA,1,"2019/09/05 11:50:00",RT_NSW3,0
D,DISPATCH,UNIT_SCADA,1,"2019/09/05 11:50:00",RT_NSW4,0
D,DISPATCH,UNIT_SCADA,1,"2019/09/05 11:50:00",RT_NSW5,0
D,DISPATCH,UNIT_SCADA,1,"2019/09/05 11:50:00",RT_NSW6,0
D,DISPATCH,UNIT_SCADA,1,"2019/09/05 11:50:00",RT_QLD1,0
D,DISPATCH,UNIT_SCADA,1,"2019/09/05 11:50:00",RT_SA1,0
D,DISPATCH,UNIT_SCADA,1,"2019/09/05 11:50:00",RT_SA2,0
D,DISPATCH,UNIT_SCADA,1,"2019/09/05 11:50:00",RT_SA3,0
D,DISPATCH,UNIT_SCADA,1,"2019/09/05 11:50:00",RT_SA4,0
D,DISPATCH,UNIT_SCADA,1,"2019/09/05 11:50:00",RT_SA5,0
D,DISPATCH,UNIT_SCADA,1,"2019/09/05 11:50:00",RT_SA6,0
D,DISPATCH,UNIT_SCADA,1,"2019/09/05 11:50:00",RT_TAS1,0
D,DISPATCH,UNIT_SCADA,1,"2019/09/05 11:50:00",RT_VIC1,0
D,DISPATCH,UNIT_SCADA,1,"2019/09/05 11:50:00",RT_VIC10,0
D,DISPATCH,UNIT_SCADA,1,"2019/09/05 11:50:00",RT_VIC11,0
D,DISPATCH,UNIT_SCADA,1,"2019/09/05 11:50:00",RT_VIC12,0
D,DISPATCH,UNIT_SCADA,1,"2019/09/05 11:50:00",RT_VIC2,0
D,DISPATCH,UNIT_SCADA,1,"2019/09/05 11:50:00",RT_VIC3,0
D,DISPATCH,UNIT_SCADA,1,"2019/09/05 11:50:00",RT_VIC4,0
D,DISPATCH,UNIT_SCADA,1,"2019/09/05 11:50:00",RT_VIC5,0
D,DISPATCH,UNIT_SCADA,1,"2019/09/05 11:50:00",RT_VIC6,0
D,DISPATCH,UNIT_SCADA,1,"2019/09/05 11:50:00",RT_VIC7,0
D,DISPATCH,UNIT_SCADA,1,"2019/09/05 11:50:00",RT_VIC8,0
D,DISPATCH,UNIT_SCADA,1,"2019/09/05 11:50:00",RT_VIC9,0
D,DISPATCH,UNIT_SCADA,1,"2019/09/05 11:50:00",RUGBYR1,0.191220
D,DISPATCH,UNIT_SCADA,1,"2019/09/05 11:50:00",SALTCRK1,13.88
D,DISPATCH,UNIT_SCADA,1,"2019/09/05 11:50:00",SAPHWF1,78.196870
D,DISPATCH,UNIT_SCADA,1,"2019/09/05 11:50:00",SHGEN,0
D,DISPATCH,UNIT_SCADA,1,"2019/09/05 11:50:00",SHPUMP,0
D,DISPATCH,UNIT_SCADA,1,"2019/09/05 11:50:00",SITHE01,0.224190
D,DISPATCH,UNIT_SCADA,1,"2019/09/05 11:50:00",SMCSF1,0
D,DISPATCH,UNIT_SCADA,1,"2019/09/05 11:50:00",SNOWNTH1,61
D,DISPATCH,UNIT_SCADA,1,"2019/09/05 11:50:00",SNOWSTH1,89
D,DISPATCH,UNIT_SCADA,1,"2019/09/05 11:50:00",SNOWTWN1,48.466190
D,DISPATCH,UNIT_SCADA,1,"2019/09/05 11:50:00",SNOWYP,0
D,DISPATCH,UNIT_SCADA,1,"2019/09/05 11:50:00",SNUG1,0.019440
D,DISPATCH,UNIT_SCADA,1,"2019/09/05 11:50:00",SRSF1,1.65
D,DISPATCH,UNIT_SCADA,1,"2019/09/05 11:50:00",STAN-1,363.256440
D,DISPATCH,UNIT_SCADA,1,"2019/09/05 11:50:00",STAN-2,220.696880
D,DISPATCH,UNIT_SCADA,1,"2019/09/05 11:50:00",STAN-3,219.248470
D,DISPATCH,UNIT_SCADA,1,"2019/09/05 11:50:00",STAN-4,219.0562
D,DISPATCH,UNIT_SCADA,1,"2019/09/05 11:50:00",STWF1,0
D,DISPATCH,UNIT_SCADA,1,"2019/09/05 11:50:00",SWAN_E,0
D,DISPATCH,UNIT_SCADA,1,"2019/09/05 11:50:00",TALWA1,301
D,DISPATCH,UNIT_SCADA,1,"2019/09/05 11:50:00",TARALGA1,17.939990
D,DISPATCH,UNIT_SCADA,1,"2019/09/05 11:50:00",TARONG#1,350.200010
D,DISPATCH,UNIT_SCADA,1,"2019/09/05 11:50:00",TARONG#2,0
D,DISPATCH,UNIT_SCADA,1,"2019/09/05 11:50:00",TARONG#3,279.399990
D,DISPATCH,UNIT_SCADA,1,"2019/09/05 11:50:00",TARONG#4,350.399990
D,DISPATCH,UNIT_SCADA,1,"2019/09/05 11:50:00",TARRALEA,71.10
D,DISPATCH,UNIT_SCADA,1,"2019/09/05 11:50:00",TBSF1,77.20
D,DISPATCH,UNIT_SCADA,1,"2019/09/05 11:50:00",TNPS1,379.300020
D,DISPATCH,UNIT_SCADA,1,"2019/09/05 11:50:00",TORRA1,37.730340
D,DISPATCH,UNIT_SCADA,1,"2019/09/05 11:50:00",TORRA2,0
D,DISPATCH,UNIT_SCADA,1,"2019/09/05 11:50:00",TORRA3,0
D,DISPATCH,UNIT_SCADA,1,"2019/09/05 11:50:00",TORRA4,37.2128
D,DISPATCH,UNIT_SCADA,1,"2019/09/05 11:50:00",TORRB1,39.69
D,DISPATCH,UNIT_SCADA,1,"2019/09/05 11:50:00",TORRB2,39.13
D,DISPATCH,UNIT_SCADA,1,"2019/09/05 11:50:00",TORRB3,39.71
D,DISPATCH,UNIT_SCADA,1,"2019/09/05 11:50:00",TORRB4,0
D,DISPATCH,UNIT_SCADA,1,"2019/09/05 11:50:00",TREVALLN,1.90
D,DISPATCH,UNIT_SCADA,1,"2019/09/05 11:50:00",TRIBUTE,0
D,DISPATCH,UNIT_SCADA,1,"2019/09/05 11:50:00",TUMUT3,0
D,DISPATCH,UNIT_SCADA,1,"2019/09/05 11:50:00",TUNGATIN,115.290030
D,DISPATCH,UNIT_SCADA,1,"2019/09/05 11:50:00",TVCC201,0
D,DISPATCH,UNIT_SCADA,1,"2019/09/05 11:50:00",TVPP104,0
D,DISPATCH,UNIT_SCADA,1,"2019/09/05 11:50:00",UPPTUMUT,198.071170
D,DISPATCH,UNIT_SCADA,1,"2019/09/05 11:50:00",URANQ11,0
D,DISPATCH,UNIT_SCADA,1,"2019/09/05 11:50:00",URANQ12,0
D,DISPATCH,UNIT_SCADA,1,"2019/09/05 11:50:00",URANQ13,0
D,DISPATCH,UNIT_SCADA,1,"2019/09/05 11:50:00",URANQ14,0
D,DISPATCH,UNIT_SCADA,1,"2019/09/05 11:50:00",VP5,516.699950
D,DISPATCH,UNIT_SCADA,1,"2019/09/05 11:50:00",VP6,0
D,DISPATCH,UNIT_SCADA,1,"2019/09/05 11:50:00",VPGS1,0
D,DISPATCH,UNIT_SCADA,1,"2019/09/05 11:50:00",VPGS2,0
D,DISPATCH,UNIT_SCADA,1,"2019/09/05 11:50:00",VPGS3,0
D,DISPATCH,UNIT_SCADA,1,"2019/09/05 11:50:00",VPGS4,0
D,DISPATCH,UNIT_SCADA,1,"2019/09/05 11:50:00",VPGS5,0
D,DISPATCH,UNIT_SCADA,1,"2019/09/05 11:50:00",VPGS6,0
D,DISPATCH,UNIT_SCADA,1,"2019/09/05 11:50:00",W/HOE#1,0
D,DISPATCH,UNIT_SCADA,1,"2019/09/05 11:50:00",W/HOE#2,0
D,DISPATCH,UNIT_SCADA,1,"2019/09/05 11:50:00",WATERLWF,52
D,DISPATCH,UNIT_SCADA,1,"2019/09/05 11:50:00",WEMENSF1,38.50
D,DISPATCH,UNIT_SCADA,1,"2019/09/05 11:50:00",WGWF1,39.40
D,DISPATCH,UNIT_SCADA,1,"2019/09/05 11:50:00",WHITSF1,0
D,DISPATCH,UNIT_SCADA,1,"2019/09/05 11:50:00",WKIEWA1,16.70
D,DISPATCH,UNIT_SCADA,1,"2019/09/05 11:50:00",WKIEWA2,0
D,DISPATCH,UNIT_SCADA,1,"2019/09/05 11:50:00",WOODLWN1,0
D,DISPATCH,UNIT_SCADA,1,"2019/09/05 11:50:00",WRSF1,19.91
D,DISPATCH,UNIT_SCADA,1,"2019/09/05 11:50:00",WRWF1,96.041260
D,DISPATCH,UNIT_SCADA,1,"2019/09/05 11:50:00",YABULU,0
D,DISPATCH,UNIT_SCADA,1,"2019/09/05 11:50:00",YABULU2,0
D,DISPATCH,UNIT_SCADA,1,"2019/09/05 11:50:00",YARWUN_1,119.60
D,DISPATCH,UNIT_SCADA,1,"2019/09/05 11:50:00",YENDWF1,15.83
D,DISPATCH,UNIT_SCADA,1,"2019/09/05 11:50:00",YWPS1,381.453160
D,DISPATCH,UNIT_SCADA,1,"2019/09/05 11:50:00",YWPS2,276.6886
D,DISPATCH,UNIT_SCADA,1,"2019/09/05 11:50:00",YWPS3,332.0076
D,DISPATCH,UNIT_SCADA,1,"2019/09/05 11:50:00",YWPS4,388.463290
C,"END OF REPORT",335
