C,NEMP.WORLD,DISPATCHSCADA,AEMO,PUBLIC,2019/08/20,22:10:08,0000000311802558,DISPATCHSCADA,0000000311802552
I,DISPATCH,UNIT_SCADA,1,SETTLEMENTDATE,DUID,SCADAVALUE
D,DISPATCH,UNIT_SCADA,1,"2019/08/20 22:15:00",BARCSF1,0.50
D,DISPATCH,UNIT_SCADA,1,"2019/08/20 22:15:00",BUTLERSG,9.699999
D,DISPATCH,UNIT_SCADA,1,"2019/08/20 22:15:00",CALL_A_4,0
D,DISPATCH,UNIT_SCADA,1,"2019/08/20 22:15:00",CAPTL_WF,131.919998
D,DISPATCH,UNIT_SCADA,1,"2019/08/20 22:15:00",CATHROCK,44.939999
D,DISPATCH,UNIT_SCADA,1,"2019/08/20 22:15:00",CHALLHWF,35.400002
D,DISPATCH,UNIT_SCADA,1,"2019/08/20 22:15:00",CLOVER,-0.01
D,DISPATCH,UNIT_SCADA,1,"2019/08/20 22:15:00",CLUNY,20.221104
D,DISPATCH,UNIT_SCADA,1,"2019/08/20 22:15:00",CNUNDAWF,41.348236
D,DISPATCH,UNIT_SCADA,1,"2019/08/20 22:15:00",CULLRGWF,30.43
D,DISPATCH,UNIT_SCADA,1,"2019/08/20 22:15:00",ERGT01,0
D,DISPATCH,UNIT_SCADA,1,"2019/08/20 22:15:00",GB01,0.066940
D,DISPATCH,UNIT_SCADA,1,"2019/08/20 22:15:00",GERMCRK,36.400002
D,DISPATCH,UNIT_SCADA,1,"2019/08/20 22:15:00",GRIFSF1,0
D,DISPATCH,UNIT_SCADA,1,"2019/08/20 22:15:00",HUGSF1,-0.2040
D,DISPATCH,UNIT_SCADA,1,"2019/08/20 22:15:00",LKBONNY1,75.645027
D,DISPATCH,UNIT_SCADA,1,"2019/08/20 22:15:00",LRSF1,0.0290
D,DISPATCH,UNIT_SCADA,1,"2019/08/20 22:15:00",MBAHNTH,56.043747
D,DISPATCH,UNIT_SCADA,1,"2019/08/20 22:15:00",MLSP1,0.283001
D,DISPATCH,UNIT_SCADA,1,"2019/08/20 22:15:00",MLWF1,19.139999
D,DISPATCH,UNIT_SCADA,1,"2019/08/20 22:15:00",MTMILLAR,23.023418
D,DISPATCH,UNIT_SCADA,1,"2019/08/20 22:15:00",PALOONA,23.949999
D,DISPATCH,UNIT_SCADA,1,"2019/08/20 22:15:00",PIONEER,30
D,DISPATCH,UNIT_SCADA,1,"2019/08/20 22:15:00",PORTWF,136.50
D,DISPATCH,UNIT_SCADA,1,"2019/08/20 22:15:00",REPULSE,28.898756
D,DISPATCH,UNIT_SCADA,1,"2019/08/20 22:15:00",ROWALLAN,9.9968
D,DISPATCH,UNIT_SCADA,1,"2019/08/20 22:15:00",ROYALLA1,0
D,DISPATCH,UNIT_SCADA,1,"2019/08/20 22:15:00",RPCG,11.70
D,DISPATCH,UNIT_SCADA,1,"2019/08/20 22:15:00",RUBICON,0
D,DISPATCH,UNIT_SCADA,1,"2019/08/20 22:15:00",SATGN1,0
D,DISPATCH,UNIT_SCADA,1,"2019/08/20 22:15:00",SATGS1,0
D,DISPATCH,UNIT_SCADA,1,"2019/08/20 22:15:00",STARHLWF,8.297581
D,DISPATCH,UNIT_SCADA,1,"2019/08/20 22:15:00",WAUBRAWF,133.324005
D,DISPATCH,UNIT_SCADA,1,"2019/08/20 22:15:00",WOOLNTH1,56.210022
D,DISPATCH,UNIT_SCADA,1,"2019/08/20 22:15:00",WPWF,31
D,DISPATCH,UNIT_SCADA,1,"2019/08/20 22:15:00",YAMBUKWF,29.60
D,DISPATCH,UNIT_SCADA,1,"2019/08/20 22:15:00",YSWF1,27.90
D,DISPATCH,UNIT_SCADA,1,"2019/08/20 22:15:00",AGLHAL,0
D,DISPATCH,UNIT_SCADA,1,"2019/08/20 22:15:00",AGLSOM,0
D,DISPATCH,UNIT_SCADA,1,"2019/08/20 22:15:00",ANGAST1,0
D,DISPATCH,UNIT_SCADA,1,"2019/08/20 22:15:00",ARWF1,48.90
D,DISPATCH,UNIT_SCADA,1,"2019/08/20 22:15:00",BALBG1,0
D,DISPATCH,UNIT_SCADA,1,"2019/08/20 22:15:00",BALBL1,0
D,DISPATCH,UNIT_SCADA,1,"2019/08/20 22:15:00",BALDHWF1,103.3310
D,DISPATCH,UNIT_SCADA,1,"2019/08/20 22:15:00",BANN1,0
D,DISPATCH,UNIT_SCADA,1,"2019/08/20 22:15:00",BARCALDN,0
D,DISPATCH,UNIT_SCADA,1,"2019/08/20 22:15:00",BARRON-1,0
D,DISPATCH,UNIT_SCADA,1,"2019/08/20 22:15:00",BARRON-2,27.24
D,DISPATCH,UNIT_SCADA,1,"2019/08/20 22:15:00",BASTYAN,79.23
D,DISPATCH,UNIT_SCADA,1,"2019/08/20 22:15:00",BBTHREE1,-1.91
D,DISPATCH,UNIT_SCADA,1,"2019/08/20 22:15:00",BBTHREE2,-1.94
D,DISPATCH,UNIT_SCADA,1,"2019/08/20 22:15:00",BBTHREE3,-1.02
D,DISPATCH,UNIT_SCADA,1,"2019/08/20 22:15:00",BDL01,0
D,DISPATCH,UNIT_SCADA,1,"2019/08/20 22:15:00",BDL02,0
D,DISPATCH,UNIT_SCADA,1,"2019/08/20 22:15:00",BERYLSF1,0
D,DISPATCH,UNIT_SCADA,1,"2019/08/20 22:15:00",BLOWERNG,0
D,DISPATCH,UNIT_SCADA,1,"2019/08/20 22:15:00",BLUFF1,44.20
D,DISPATCH,UNIT_SCADA,1,"2019/08/20 22:15:00",BNGSF1,0
D,DISPATCH,UNIT_SCADA,1,"2019/08/20 22:15:00",BNGSF2,0
D,DISPATCH,UNIT_SCADA,1,"2019/08/20 22:15:00",BOCORWF1,95.03
D,DISPATCH,UNIT_SCADA,1,"2019/08/20 22:15:00",BODWF1,48.8618
D,DISPATCH,UNIT_SCADA,1,"2019/08/20 22:15:00",BRAEMAR1,0
D,DISPATCH,UNIT_SCADA,1,"2019/08/20 22:15:00",BRAEMAR2,0
D,DISPATCH,UNIT_SCADA,1,"2019/08/20 22:15:00",BRAEMAR3,0
D,DISPATCH,UNIT_SCADA,1,"2019/08/20 22:15:00",BRAEMAR5,0
D,DISPATCH,UNIT_SCADA,1,"2019/08/20 22:15:00",BRAEMAR6,0
D,DISPATCH,UNIT_SCADA,1,"2019/08/20 22:15:00",BRAEMAR7,0
D,DISPATCH,UNIT_SCADA,1,"2019/08/20 22:15:00",BROKENH1,0
D,DISPATCH,UNIT_SCADA,1,"2019/08/20 22:15:00",BW01,638.949950
D,DISPATCH,UNIT_SCADA,1,"2019/08/20 22:15:00",BW02,636.8750
D,DISPATCH,UNIT_SCADA,1,"2019/08/20 22:15:00",BW03,652.550050
D,DISPATCH,UNIT_SCADA,1,"2019/08/20 22:15:00",BW04,0
D,DISPATCH,UNIT_SCADA,1,"2019/08/20 22:15:00",CALL_B_1,349.100010
D,DISPATCH,UNIT_SCADA,1,"2019/08/20 22:15:00",CALL_B_2,300
D,DISPATCH,UNIT_SCADA,1,"2019/08/20 22:15:00",CETHANA,96.088870
D,DISPATCH,UNIT_SCADA,1,"2019/08/20 22:15:00",CG1,0
D,DISPATCH,UNIT_SCADA,1,"2019/08/20 22:15:00",CG2,0
D,DISPATCH,UNIT_SCADA,1,"2019/08/20 22:15:00",CG3,0
D,DISPATCH,UNIT_SCADA,1,"2019/08/20 22:15:00",CG4,0
D,DISPATCH,UNIT_SCADA,1,"2019/08/20 22:15:00",CHILDSF1,0
D,DISPATCH,UNIT_SCADA,1,"2019/08/20 22:15:00",CLARESF1,0
D,DISPATCH,UNIT_SCADA,1,"2019/08/20 22:15:00",CLEMGPWF,42.932870
D,DISPATCH,UNIT_SCADA,1,"2019/08/20 22:15:00",CLERMSF1,0
D,DISPATCH,UNIT_SCADA,1,"2019/08/20 22:15:00",COLEASF1,0
D,DISPATCH,UNIT_SCADA,1,"2019/08/20 22:15:00",COOPGWF1,34.199020
D,DISPATCH,UNIT_SCADA,1,"2019/08/20 22:15:00",CPP_3,406.175020
D,DISPATCH,UNIT_SCADA,1,"2019/08/20 22:15:00",CPP_4,403.149990
D,DISPATCH,UNIT_SCADA,1,"2019/08/20 22:15:00",CPSA,141.434370
D,DISPATCH,UNIT_SCADA,1,"2019/08/20 22:15:00",CROOKWF2,91.963750
D,DISPATCH,UNIT_SCADA,1,"2019/08/20 22:15:00",CROWLWF1,54.902780
D,DISPATCH,UNIT_SCADA,1,"2019/08/20 22:15:00",CSPVPS1,0
D,DISPATCH,UNIT_SCADA,1,"2019/08/20 22:15:00",DALNTH01,0
D,DISPATCH,UNIT_SCADA,1,"2019/08/20 22:15:00",DALNTHL1,0.090030
D,DISPATCH,UNIT_SCADA,1,"2019/08/20 22:15:00",DARTM1,133.80
D,DISPATCH,UNIT_SCADA,1,"2019/08/20 22:15:00",DAYDSF1,0
D,DISPATCH,UNIT_SCADA,1,"2019/08/20 22:15:00",DDPS1,0
D,DISPATCH,UNIT_SCADA,1,"2019/08/20 22:15:00",DDSF1,0
D,DISPATCH,UNIT_SCADA,1,"2019/08/20 22:15:00",DEVILS_G,58.939790
D,DISPATCH,UNIT_SCADA,1,"2019/08/20 22:15:00",DG_NSW1,0
D,DISPATCH,UNIT_SCADA,1,"2019/08/20 22:15:00",DG_QLD1,0
D,DISPATCH,UNIT_SCADA,1,"2019/08/20 22:15:00",DG_SA1,0
D,DISPATCH,UNIT_SCADA,1,"2019/08/20 22:15:00",DG_TAS1,0
D,DISPATCH,UNIT_SCADA,1,"2019/08/20 22:15:00",DG_VIC1,0
D,DISPATCH,UNIT_SCADA,1,"2019/08/20 22:15:00",DRYCGT1,0
D,DISPATCH,UNIT_SCADA,1,"2019/08/20 22:15:00",DRYCGT2,0
D,DISPATCH,UNIT_SCADA,1,"2019/08/20 22:15:00",DRYCGT3,0
D,DISPATCH,UNIT_SCADA,1,"2019/08/20 22:15:00",EILDON1,0
D,DISPATCH,UNIT_SCADA,1,"2019/08/20 22:15:00",EILDON2,0
D,DISPATCH,UNIT_SCADA,1,"2019/08/20 22:15:00",EMERASF1,0
D,DISPATCH,UNIT_SCADA,1,"2019/08/20 22:15:00",ER01,582.300050
D,DISPATCH,UNIT_SCADA,1,"2019/08/20 22:15:00",ER02,690.800050
D,DISPATCH,UNIT_SCADA,1,"2019/08/20 22:15:00",ER03,689.200070
D,DISPATCH,UNIT_SCADA,1,"2019/08/20 22:15:00",ER04,690.224980
D,DISPATCH,UNIT_SCADA,1,"2019/08/20 22:15:00",FINLYSF1,0
D,DISPATCH,UNIT_SCADA,1,"2019/08/20 22:15:00",FISHER,45.50
D,DISPATCH,UNIT_SCADA,1,"2019/08/20 22:15:00",GANNBG1,0
D,DISPATCH,UNIT_SCADA,1,"2019/08/20 22:15:00",GANNBL1,0.034150
D,DISPATCH,UNIT_SCADA,1,"2019/08/20 22:15:00",GANNSF1,0
D,DISPATCH,UNIT_SCADA,1,"2019/08/20 22:15:00",GORDON,0
D,DISPATCH,UNIT_SCADA,1,"2019/08/20 22:15:00",GSTONE1,226.80
D,DISPATCH,UNIT_SCADA,1,"2019/08/20 22:15:00",GSTONE2,201.95
D,DISPATCH,UNIT_SCADA,1,"2019/08/20 22:15:00",GSTONE3,214.55
D,DISPATCH,UNIT_SCADA,1,"2019/08/20 22:15:00",GSTONE4,214.3750
D,DISPATCH,UNIT_SCADA,1,"2019/08/20 22:15:00",GSTONE5,205.6250
D,DISPATCH,UNIT_SCADA,1,"2019/08/20 22:15:00",GSTONE6,0
D,DISPATCH,UNIT_SCADA,1,"2019/08/20 22:15:00",GULLRSF1,0
D,DISPATCH,UNIT_SCADA,1,"2019/08/20 22:15:00",GULLRWF1,158.715210
D,DISPATCH,UNIT_SCADA,1,"2019/08/20 22:15:00",GUNNING1,46.095340
D,DISPATCH,UNIT_SCADA,1,"2019/08/20 22:15:00",GUTHEGA,0
D,DISPATCH,UNIT_SCADA,1,"2019/08/20 22:15:00",HALLWF1,77.09
D,DISPATCH,UNIT_SCADA,1,"2019/08/20 22:15:00",HALLWF2,58.18
D,DISPATCH,UNIT_SCADA,1,"2019/08/20 22:15:00",HAMISF1,0
D,DISPATCH,UNIT_SCADA,1,"2019/08/20 22:15:00",HAUGHT11,0
D,DISPATCH,UNIT_SCADA,1,"2019/08/20 22:15:00",HAYMSF1,0
D,DISPATCH,UNIT_SCADA,1,"2019/08/20 22:15:00",HDWF1,82.80
D,DISPATCH,UNIT_SCADA,1,"2019/08/20 22:15:00",HDWF2,73.60
D,DISPATCH,UNIT_SCADA,1,"2019/08/20 22:15:00",HDWF3,81.90
D,DISPATCH,UNIT_SCADA,1,"2019/08/20 22:15:00",HPRG1,0
D,DISPATCH,UNIT_SCADA,1,"2019/08/20 22:15:00",HPRL1,29.10
D,DISPATCH,UNIT_SCADA,1,"2019/08/20 22:15:00",HUMENSW,0
D,DISPATCH,UNIT_SCADA,1,"2019/08/20 22:15:00",HUMEV,8
D,DISPATCH,UNIT_SCADA,1,"2019/08/20 22:15:00",HVGTS,0
D,DISPATCH,UNIT_SCADA,1,"2019/08/20 22:15:00",JBUTTERS,130.83
D,DISPATCH,UNIT_SCADA,1,"2019/08/20 22:15:00",JLA01,0.50
D,DISPATCH,UNIT_SCADA,1,"2019/08/20 22:15:00",JLA02,0
D,DISPATCH,UNIT_SCADA,1,"2019/08/20 22:15:00",JLA03,0.10
D,DISPATCH,UNIT_SCADA,1,"2019/08/20 22:15:00",JLA04,0.10
D,DISPATCH,UNIT_SCADA,1,"2019/08/20 22:15:00",JLB01,0
D,DISPATCH,UNIT_SCADA,1,"2019/08/20 22:15:00",JLB02,0.10
D,DISPATCH,UNIT_SCADA,1,"2019/08/20 22:15:00",JLB03,0
D,DISPATCH,UNIT_SCADA,1,"2019/08/20 22:15:00",KAREEYA1,21.53
D,DISPATCH,UNIT_SCADA,1,"2019/08/20 22:15:00",KAREEYA2,21.5625
D,DISPATCH,UNIT_SCADA,1,"2019/08/20 22:15:00",KAREEYA3,0
D,DISPATCH,UNIT_SCADA,1,"2019/08/20 22:15:00",KAREEYA4,21.62
D,DISPATCH,UNIT_SCADA,1,"2019/08/20 22:15:00",KARSF1,0
D,DISPATCH,UNIT_SCADA,1,"2019/08/20 22:15:00",KIATAWF1,30.40
D,DISPATCH,UNIT_SCADA,1,"2019/08/20 22:15:00",KPP_1,0
D,DISPATCH,UNIT_SCADA,1,"2019/08/20 22:15:00",KSP1,0
D,DISPATCH,UNIT_SCADA,1,"2019/08/20 22:15:00",LADBROK1,0
D,DISPATCH,UNIT_SCADA,1,"2019/08/20 22:15:00",LADBROK2,0
D,DISPATCH,UNIT_SCADA,1,"2019/08/20 22:15:00",LD01,422.699980
D,DISPATCH,UNIT_SCADA,1,"2019/08/20 22:15:00",LD02,421.368710
D,DISPATCH,UNIT_SCADA,1,"2019/08/20 22:15:00",LD03,423.506290
D,DISPATCH,UNIT_SCADA,1,"2019/08/20 22:15:00",LD04,383.212460
D,DISPATCH,UNIT_SCADA,1,"2019/08/20 22:15:00",LEM_WIL,85.456340
D,DISPATCH,UNIT_SCADA,1,"2019/08/20 22:15:00",LGAPWF1,23.50
D,DISPATCH,UNIT_SCADA,1,"2019/08/20 22:15:00",LILYSF1,0
D,DISPATCH,UNIT_SCADA,1,"2019/08/20 22:15:00",LI_WY_CA,149.200290
D,DISPATCH,UNIT_SCADA,1,"2019/08/20 22:15:00",LKBONNY2,129.430690
D,DISPATCH,UNIT_SCADA,1,"2019/08/20 22:15:00",LKBONNY3,32.153480
D,DISPATCH,UNIT_SCADA,1,"2019/08/20 22:15:00",LK_ECHO,0
D,DISPATCH,UNIT_SCADA,1,"2019/08/20 22:15:00",LNGS1,0
D,DISPATCH,UNIT_SCADA,1,"2019/08/20 22:15:00",LNGS2,0
D,DISPATCH,UNIT_SCADA,1,"2019/08/20 22:15:00",LONSDALE,0
D,DISPATCH,UNIT_SCADA,1,"2019/08/20 22:15:00",LOYYB1,533.080990
D,DISPATCH,UNIT_SCADA,1,"2019/08/20 22:15:00",LOYYB2,577.067080
D,DISPATCH,UNIT_SCADA,1,"2019/08/20 22:15:00",LYA1,518
D,DISPATCH,UNIT_SCADA,1,"2019/08/20 22:15:00",LYA2,0
D,DISPATCH,UNIT_SCADA,1,"2019/08/20 22:15:00",LYA3,558
D,DISPATCH,UNIT_SCADA,1,"2019/08/20 22:15:00",LYA4,539
D,DISPATCH,UNIT_SCADA,1,"2019/08/20 22:15:00",MACARTH1,365.391570
D,DISPATCH,UNIT_SCADA,1,"2019/08/20 22:15:00",MACKAYGT,0
D,DISPATCH,UNIT_SCADA,1,"2019/08/20 22:15:00",MACKNTSH,83.680010
D,DISPATCH,UNIT_SCADA,1,"2019/08/20 22:15:00",MANSLR1,0
D,DISPATCH,UNIT_SCADA,1,"2019/08/20 22:15:00",MCKAY1,0.02
D,DISPATCH,UNIT_SCADA,1,"2019/08/20 22:15:00",MEADOWBK,33.8673
D,DISPATCH,UNIT_SCADA,1,"2019/08/20 22:15:00",MERCER01,128.594010
D,DISPATCH,UNIT_SCADA,1,"2019/08/20 22:15:00",MEWF1,56.604670
D,DISPATCH,UNIT_SCADA,1,"2019/08/20 22:15:00",MINTARO,0
D,DISPATCH,UNIT_SCADA,1,"2019/08/20 22:15:00",MOREESF1,0
D,DISPATCH,UNIT_SCADA,1,"2019/08/20 22:15:00",MORTLK11,115
D,DISPATCH,UNIT_SCADA,1,"2019/08/20 22:15:00",MORTLK12,0
D,DISPATCH,UNIT_SCADA,1,"2019/08/20 22:15:00",MP1,293.949950
D,DISPATCH,UNIT_SCADA,1,"2019/08/20 22:15:00",MP2,0
D,DISPATCH,UNIT_SCADA,1,"2019/08/20 22:15:00",MPP_1,394
D,DISPATCH,UNIT_SCADA,1,"2019/08/20 22:15:00",MPP_2,425.75
D,DISPATCH,UNIT_SCADA,1,"2019/08/20 22:15:00",MSTUART1,0
D,DISPATCH,UNIT_SCADA,1,"2019/08/20 22:15:00",MSTUART2,0
D,DISPATCH,UNIT_SCADA,1,"2019/08/20 22:15:00",MSTUART3,0
D,DISPATCH,UNIT_SCADA,1,"2019/08/20 22:15:00",MTGELWF1,64.760280
D,DISPATCH,UNIT_SCADA,1,"2019/08/20 22:15:00",MURRAY,0
D,DISPATCH,UNIT_SCADA,1,"2019/08/20 22:15:00",MUSSELR1,144.70
D,DISPATCH,UNIT_SCADA,1,"2019/08/20 22:15:00",MUWAWF1,45.53
D,DISPATCH,UNIT_SCADA,1,"2019/08/20 22:15:00",NBHWF1,95.70
D,DISPATCH,UNIT_SCADA,1,"2019/08/20 22:15:00",NPS,0
D,DISPATCH,UNIT_SCADA,1,"2019/08/20 22:15:00",NUMURSF1,0
D,DISPATCH,UNIT_SCADA,1,"2019/08/20 22:15:00",NYNGAN1,0
D,DISPATCH,UNIT_SCADA,1,"2019/08/20 22:15:00",OAKEY1,0
D,DISPATCH,UNIT_SCADA,1,"2019/08/20 22:15:00",OAKEY1SF,0.0380
D,DISPATCH,UNIT_SCADA,1,"2019/08/20 22:15:00",OAKEY2,0
D,DISPATCH,UNIT_SCADA,1,"2019/08/20 22:15:00",OAKLAND1,61.90
D,DISPATCH,UNIT_SCADA,1,"2019/08/20 22:15:00",OSB-AG,0
D,DISPATCH,UNIT_SCADA,1,"2019/08/20 22:15:00",PARSF1,0
D,DISPATCH,UNIT_SCADA,1,"2019/08/20 22:15:00",POAT110,0
D,DISPATCH,UNIT_SCADA,1,"2019/08/20 22:15:00",POAT220,0
D,DISPATCH,UNIT_SCADA,1,"2019/08/20 22:15:00",POR01,0
D,DISPATCH,UNIT_SCADA,1,"2019/08/20 22:15:00",POR03,0
D,DISPATCH,UNIT_SCADA,1,"2019/08/20 22:15:00",PPCCGT,349.381620
D,DISPATCH,UNIT_SCADA,1,"2019/08/20 22:15:00",PTSTAN1,0
D,DISPATCH,UNIT_SCADA,1,"2019/08/20 22:15:00",PUMP1,0
D,DISPATCH,UNIT_SCADA,1,"2019/08/20 22:15:00",PUMP2,0
D,DISPATCH,UNIT_SCADA,1,"2019/08/20 22:15:00",QPS1,0
D,DISPATCH,UNIT_SCADA,1,"2019/08/20 22:15:00",QPS2,0
D,DISPATCH,UNIT_SCADA,1,"2019/08/20 22:15:00",QPS3,0
D,DISPATCH,UNIT_SCADA,1,"2019/08/20 22:15:00",QPS4,0
D,DISPATCH,UNIT_SCADA,1,"2019/08/20 22:15:00",QPS5,0
D,DISPATCH,UNIT_SCADA,1,"2019/08/20 22:15:00",REECE1,117.440010
D,DISPATCH,UNIT_SCADA,1,"2019/08/20 22:15:00",REECE2,114.830010
D,DISPATCH,UNIT_SCADA,1,"2019/08/20 22:15:00",ROMA_7,0
D,DISPATCH,UNIT_SCADA,1,"2019/08/20 22:15:00",ROMA_8,0
D,DISPATCH,UNIT_SCADA,1,"2019/08/20 22:15:00",RRSF1,0
D,DISPATCH,UNIT_SCADA,1,"2019/08/20 22:15:00",RT_NSW1,0
D,DISPATCH,UNIT_SCADA,1,"2019/08/20 22:15:00",RT_NSW2,0
D,DISPATCH,UNIT_SCADA,1,"2019/08/20 22:15:00",RT_NSW3,0
D,DISPATCH,UNIT_SCADA,1,"2019/08/20 22:15:00",RT_NSW4,0
D,DISPATCH,UNIT_SCADA,1,"2019/08/20 22:15:00",RT_NSW5,0
D,DISPATCH,UNIT_SCADA,1,"2019/08/20 22:15:00",RT_NSW6,0
D,DISPATCH,UNIT_SCADA,1,"2019/08/20 22:15:00",RT_QLD1,0
D,DISPATCH,UNIT_SCADA,1,"2019/08/20 22:15:00",RT_SA1,0
D,DISPATCH,UNIT_SCADA,1,"2019/08/20 22:15:00",RT_SA2,0
D,DISPATCH,UNIT_SCADA,1,"2019/08/20 22:15:00",RT_SA3,0
D,DISPATCH,UNIT_SCADA,1,"2019/08/20 22:15:00",RT_SA4,0
D,DISPATCH,UNIT_SCADA,1,"2019/08/20 22:15:00",RT_SA5,0
D,DISPATCH,UNIT_SCADA,1,"2019/08/20 22:15:00",RT_SA6,0
D,DISPATCH,UNIT_SCADA,1,"2019/08/20 22:15:00",RT_TAS1,0
D,DISPATCH,UNIT_SCADA,1,"2019/08/20 22:15:00",RT_VIC1,0
D,DISPATCH,UNIT_SCADA,1,"2019/08/20 22:15:00",RT_VIC10,0
D,DISPATCH,UNIT_SCADA,1,"2019/08/20 22:15:00",RT_VIC11,0
D,DISPATCH,UNIT_SCADA,1,"2019/08/20 22:15:00",RT_VIC12,0
D,DISPATCH,UNIT_SCADA,1,"2019/08/20 22:15:00",RT_VIC2,0
D,DISPATCH,UNIT_SCADA,1,"2019/08/20 22:15:00",RT_VIC3,0
D,DISPATCH,UNIT_SCADA,1,"2019/08/20 22:15:00",RT_VIC4,0
D,DISPATCH,UNIT_SCADA,1,"2019/08/20 22:15:00",RT_VIC5,0
D,DISPATCH,UNIT_SCADA,1,"2019/08/20 22:15:00",RT_VIC6,0
D,DISPATCH,UNIT_SCADA,1,"2019/08/20 22:15:00",RT_VIC7,0
D,DISPATCH,UNIT_SCADA,1,"2019/08/20 22:15:00",RT_VIC8,0
D,DISPATCH,UNIT_SCADA,1,"2019/08/20 22:15:00",RT_VIC9,0
D,DISPATCH,UNIT_SCADA,1,"2019/08/20 22:15:00",RUGBYR1,0
D,DISPATCH,UNIT_SCADA,1,"2019/08/20 22:15:00",SALTCRK1,50.89
D,DISPATCH,UNIT_SCADA,1,"2019/08/20 22:15:00",SAPHWF1,233.371890
D,DISPATCH,UNIT_SCADA,1,"2019/08/20 22:15:00",SHGEN,0
D,DISPATCH,UNIT_SCADA,1,"2019/08/20 22:15:00",SHPUMP,0
D,DISPATCH,UNIT_SCADA,1,"2019/08/20 22:15:00",SITHE01,0.043330
D,DISPATCH,UNIT_SCADA,1,"2019/08/20 22:15:00",SMCSF1,0
D,DISPATCH,UNIT_SCADA,1,"2019/08/20 22:15:00",SNOWNTH1,97.30
D,DISPATCH,UNIT_SCADA,1,"2019/08/20 22:15:00",SNOWSTH1,94.10
D,DISPATCH,UNIT_SCADA,1,"2019/08/20 22:15:00",SNOWTWN1,77.379080
D,DISPATCH,UNIT_SCADA,1,"2019/08/20 22:15:00",SNOWYP,0
D,DISPATCH,UNIT_SCADA,1,"2019/08/20 22:15:00",SNUG1,0.019440
D,DISPATCH,UNIT_SCADA,1,"2019/08/20 22:15:00",SRSF1,0.07
D,DISPATCH,UNIT_SCADA,1,"2019/08/20 22:15:00",STAN-1,0
D,DISPATCH,UNIT_SCADA,1,"2019/08/20 22:15:00",STAN-2,299.372530
D,DISPATCH,UNIT_SCADA,1,"2019/08/20 22:15:00",STAN-3,299.782710
D,DISPATCH,UNIT_SCADA,1,"2019/08/20 22:15:00",STAN-4,304.922640
D,DISPATCH,UNIT_SCADA,1,"2019/08/20 22:15:00",STWF1,188.358750
D,DISPATCH,UNIT_SCADA,1,"2019/08/20 22:15:00",SWAN_E,0
D,DISPATCH,UNIT_SCADA,1,"2019/08/20 22:15:00",TALWA1,300
D,DISPATCH,UNIT_SCADA,1,"2019/08/20 22:15:00",TARALGA1,76.248730
D,DISPATCH,UNIT_SCADA,1,"2019/08/20 22:15:00",TARONG#1,329.600010
D,DISPATCH,UNIT_SCADA,1,"2019/08/20 22:15:00",TARONG#2,299
D,DISPATCH,UNIT_SCADA,1,"2019/08/20 22:15:00",TARONG#3,260.50
D,DISPATCH,UNIT_SCADA,1,"2019/08/20 22:15:00",TARONG#4,330.800020
D,DISPATCH,UNIT_SCADA,1,"2019/08/20 22:15:00",TARRALEA,85
D,DISPATCH,UNIT_SCADA,1,"2019/08/20 22:15:00",TBSF1,-0.20
D,DISPATCH,UNIT_SCADA,1,"2019/08/20 22:15:00",TNPS1,441.700010
D,DISPATCH,UNIT_SCADA,1,"2019/08/20 22:15:00",TORRA1,41.279240
D,DISPATCH,UNIT_SCADA,1,"2019/08/20 22:15:00",TORRA2,0
D,DISPATCH,UNIT_SCADA,1,"2019/08/20 22:15:00",TORRA3,0
D,DISPATCH,UNIT_SCADA,1,"2019/08/20 22:15:00",TORRA4,0
D,DISPATCH,UNIT_SCADA,1,"2019/08/20 22:15:00",TORRB1,61.12
D,DISPATCH,UNIT_SCADA,1,"2019/08/20 22:15:00",TORRB2,61.74
D,DISPATCH,UNIT_SCADA,1,"2019/08/20 22:15:00",TORRB3,0
D,DISPATCH,UNIT_SCADA,1,"2019/08/20 22:15:00",TORRB4,0
D,DISPATCH,UNIT_SCADA,1,"2019/08/20 22:15:00",TREVALLN,17.200020
D,DISPATCH,UNIT_SCADA,1,"2019/08/20 22:15:00",TRIBUTE,83
D,DISPATCH,UNIT_SCADA,1,"2019/08/20 22:15:00",TUMUT3,1.07
D,DISPATCH,UNIT_SCADA,1,"2019/08/20 22:15:00",TUNGATIN,120.710040
D,DISPATCH,UNIT_SCADA,1,"2019/08/20 22:15:00",TVCC201,0
D,DISPATCH,UNIT_SCADA,1,"2019/08/20 22:15:00",TVPP104,0
D,DISPATCH,UNIT_SCADA,1,"2019/08/20 22:15:00",UPPTUMUT,0
D,DISPATCH,UNIT_SCADA,1,"2019/08/20 22:15:00",URANQ11,0
D,DISPATCH,UNIT_SCADA,1,"2019/08/20 22:15:00",URANQ12,0
D,DISPATCH,UNIT_SCADA,1,"2019/08/20 22:15:00",URANQ13,0
D,DISPATCH,UNIT_SCADA,1,"2019/08/20 22:15:00",URANQ14,0
D,DISPATCH,UNIT_SCADA,1,"2019/08/20 22:15:00",VP5,494.600010
D,DISPATCH,UNIT_SCADA,1,"2019/08/20 22:15:00",VP6,467.1250
D,DISPATCH,UNIT_SCADA,1,"2019/08/20 22:15:00",VPGS1,0
D,DISPATCH,UNIT_SCADA,1,"2019/08/20 22:15:00",VPGS2,0
D,DISPATCH,UNIT_SCADA,1,"2019/08/20 22:15:00",VPGS3,0
D,DISPATCH,UNIT_SCADA,1,"2019/08/20 22:15:00",VPGS4,0
D,DISPATCH,UNIT_SCADA,1,"2019/08/20 22:15:00",VPGS5,0
D,DISPATCH,UNIT_SCADA,1,"2019/08/20 22:15:00",VPGS6,0
D,DISPATCH,UNIT_SCADA,1,"2019/08/20 22:15:00",W/HOE#1,0
D,DISPATCH,UNIT_SCADA,1,"2019/08/20 22:15:00",W/HOE#2,0
D,DISPATCH,UNIT_SCADA,1,"2019/08/20 22:15:00",WATERLWF,105.90
D,DISPATCH,UNIT_SCADA,1,"2019/08/20 22:15:00",WEMENSF1,0
D,DISPATCH,UNIT_SCADA,1,"2019/08/20 22:15:00",WGWF1,98.20
D,DISPATCH,UNIT_SCADA,1,"2019/08/20 22:15:00",WHITSF1,0
D,DISPATCH,UNIT_SCADA,1,"2019/08/20 22:15:00",WKIEWA1,16.50
D,DISPATCH,UNIT_SCADA,1,"2019/08/20 22:15:00",WKIEWA2,16.60
D,DISPATCH,UNIT_SCADA,1,"2019/08/20 22:15:00",WOODLWN1,44.8380
D,DISPATCH,UNIT_SCADA,1,"2019/08/20 22:15:00",WRSF1,0
D,DISPATCH,UNIT_SCADA,1,"2019/08/20 22:15:00",WRWF1,149.8575
D,DISPATCH,UNIT_SCADA,1,"2019/08/20 22:15:00",YABULU,0
D,DISPATCH,UNIT_SCADA,1,"2019/08/20 22:15:00",YABULU2,0
D,DISPATCH,UNIT_SCADA,1,"2019/08/20 22:15:00",YARWUN_1,0
D,DISPATCH,UNIT_SCADA,1,"2019/08/20 22:15:00",YENDWF1,41.97
D,DISPATCH,UNIT_SCADA,1,"2019/08/20 22:15:00",YWPS1,379.448090
D,DISPATCH,UNIT_SCADA,1,"2019/08/20 22:15:00",YWPS2,281.450620
D,DISPATCH,UNIT_SCADA,1,"2019/08/20 22:15:00",YWPS3,0
D,DISPATCH,UNIT_SCADA,1,"2019/08/20 22:15:00",YWPS4,391.003780
C,"END OF REPORT",334
