C,NEMP.WORLD,DISPATCHSCADA,AEMO,PUBLIC,2019/08/21,23:15:08,0000000311844769,DISPATCHSCADA,0000000311844763
I,DISPATCH,UNIT_SCADA,1,SETTLEMENTDATE,DUID,SCADAVALUE
D,DISPATCH,UNIT_SCADA,1,"2019/08/21 23:20:00",BARCSF1,0.70
D,DISPATCH,UNIT_SCADA,1,"2019/08/21 23:20:00",BUTLERSG,9.699999
D,DISPATCH,UNIT_SCADA,1,"2019/08/21 23:20:00",CALL_A_4,0
D,DISPATCH,UNIT_SCADA,1,"2019/08/21 23:20:00",CAPTL_WF,129.627991
D,DISPATCH,UNIT_SCADA,1,"2019/08/21 23:20:00",CATHROCK,29.639997
D,DISPATCH,UNIT_SCADA,1,"2019/08/21 23:20:00",CHALLHWF,50.099998
D,DISPATCH,UNIT_SCADA,1,"2019/08/21 23:20:00",CLOVER,-0.01
D,DISPATCH,UNIT_SCADA,1,"2019/08/21 23:20:00",CLUNY,19.807278
D,DISPATCH,UNIT_SCADA,1,"2019/08/21 23:20:00",CNUNDAWF,40.947769
D,DISPATCH,UNIT_SCADA,1,"2019/08/21 23:20:00",CULLRGWF,30.370001
D,DISPATCH,UNIT_SCADA,1,"2019/08/21 23:20:00",ERGT01,0
D,DISPATCH,UNIT_SCADA,1,"2019/08/21 23:20:00",GB01,0.069809
D,DISPATCH,UNIT_SCADA,1,"2019/08/21 23:20:00",GERMCRK,39.400002
D,DISPATCH,UNIT_SCADA,1,"2019/08/21 23:20:00",GRIFSF1,0
D,DISPATCH,UNIT_SCADA,1,"2019/08/21 23:20:00",HUGSF1,-0.2430
D,DISPATCH,UNIT_SCADA,1,"2019/08/21 23:20:00",LKBONNY1,72.251274
D,DISPATCH,UNIT_SCADA,1,"2019/08/21 23:20:00",LRSF1,0.0390
D,DISPATCH,UNIT_SCADA,1,"2019/08/21 23:20:00",MBAHNTH,55.912506
D,DISPATCH,UNIT_SCADA,1,"2019/08/21 23:20:00",MLSP1,0.271001
D,DISPATCH,UNIT_SCADA,1,"2019/08/21 23:20:00",MLWF1,19.184999
D,DISPATCH,UNIT_SCADA,1,"2019/08/21 23:20:00",MTMILLAR,11.734948
D,DISPATCH,UNIT_SCADA,1,"2019/08/21 23:20:00",PALOONA,24.49
D,DISPATCH,UNIT_SCADA,1,"2019/08/21 23:20:00",PIONEER,29.10
D,DISPATCH,UNIT_SCADA,1,"2019/08/21 23:20:00",PORTWF,141.800003
D,DISPATCH,UNIT_SCADA,1,"2019/08/21 23:20:00",REPULSE,29.018387
D,DISPATCH,UNIT_SCADA,1,"2019/08/21 23:20:00",ROWALLAN,10.2879
D,DISPATCH,UNIT_SCADA,1,"2019/08/21 23:20:00",ROYALLA1,0
D,DISPATCH,UNIT_SCADA,1,"2019/08/21 23:20:00",RPCG,11.70
D,DISPATCH,UNIT_SCADA,1,"2019/08/21 23:20:00",RUBICON,0
D,DISPATCH,UNIT_SCADA,1,"2019/08/21 23:20:00",SATGN1,0
D,DISPATCH,UNIT_SCADA,1,"2019/08/21 23:20:00",SATGS1,0
D,DISPATCH,UNIT_SCADA,1,"2019/08/21 23:20:00",STARHLWF,14.695715
D,DISPATCH,UNIT_SCADA,1,"2019/08/21 23:20:00",WAUBRAWF,179.393005
D,DISPATCH,UNIT_SCADA,1,"2019/08/21 23:20:00",WOOLNTH1,7.420015
D,DISPATCH,UNIT_SCADA,1,"2019/08/21 23:20:00",WPWF,15
D,DISPATCH,UNIT_SCADA,1,"2019/08/21 23:20:00",YAMBUKWF,29.799999
D,DISPATCH,UNIT_SCADA,1,"2019/08/21 23:20:00",YSWF1,28.50
D,DISPATCH,UNIT_SCADA,1,"2019/08/21 23:20:00",AGLHAL,0
D,DISPATCH,UNIT_SCADA,1,"2019/08/21 23:20:00",AGLSOM,0
D,DISPATCH,UNIT_SCADA,1,"2019/08/21 23:20:00",ANGAST1,0
D,DISPATCH,UNIT_SCADA,1,"2019/08/21 23:20:00",ARWF1,191.600010
D,DISPATCH,UNIT_SCADA,1,"2019/08/21 23:20:00",BALBG1,0
D,DISPATCH,UNIT_SCADA,1,"2019/08/21 23:20:00",BALBL1,0
D,DISPATCH,UNIT_SCADA,1,"2019/08/21 23:20:00",BALDHWF1,87.1590
D,DISPATCH,UNIT_SCADA,1,"2019/08/21 23:20:00",BANN1,0
D,DISPATCH,UNIT_SCADA,1,"2019/08/21 23:20:00",BARCALDN,0
D,DISPATCH,UNIT_SCADA,1,"2019/08/21 23:20:00",BARRON-1,0
D,DISPATCH,UNIT_SCADA,1,"2019/08/21 23:20:00",BARRON-2,23.84
D,DISPATCH,UNIT_SCADA,1,"2019/08/21 23:20:00",BASTYAN,78.240010
D,DISPATCH,UNIT_SCADA,1,"2019/08/21 23:20:00",BBTHREE1,-1.92
D,DISPATCH,UNIT_SCADA,1,"2019/08/21 23:20:00",BBTHREE2,-1.97
D,DISPATCH,UNIT_SCADA,1,"2019/08/21 23:20:00",BBTHREE3,-1.08
D,DISPATCH,UNIT_SCADA,1,"2019/08/21 23:20:00",BDL01,0
D,DISPATCH,UNIT_SCADA,1,"2019/08/21 23:20:00",BDL02,0
D,DISPATCH,UNIT_SCADA,1,"2019/08/21 23:20:00",BERYLSF1,0
D,DISPATCH,UNIT_SCADA,1,"2019/08/21 23:20:00",BLOWERNG,0
D,DISPATCH,UNIT_SCADA,1,"2019/08/21 23:20:00",BLUFF1,20.70
D,DISPATCH,UNIT_SCADA,1,"2019/08/21 23:20:00",BNGSF1,0
D,DISPATCH,UNIT_SCADA,1,"2019/08/21 23:20:00",BNGSF2,0
D,DISPATCH,UNIT_SCADA,1,"2019/08/21 23:20:00",BOCORWF1,102.53
D,DISPATCH,UNIT_SCADA,1,"2019/08/21 23:20:00",BODWF1,103.652340
D,DISPATCH,UNIT_SCADA,1,"2019/08/21 23:20:00",BRAEMAR1,0
D,DISPATCH,UNIT_SCADA,1,"2019/08/21 23:20:00",BRAEMAR2,0
D,DISPATCH,UNIT_SCADA,1,"2019/08/21 23:20:00",BRAEMAR3,0
D,DISPATCH,UNIT_SCADA,1,"2019/08/21 23:20:00",BRAEMAR5,0
D,DISPATCH,UNIT_SCADA,1,"2019/08/21 23:20:00",BRAEMAR6,0
D,DISPATCH,UNIT_SCADA,1,"2019/08/21 23:20:00",BRAEMAR7,0
D,DISPATCH,UNIT_SCADA,1,"2019/08/21 23:20:00",BROKENH1,0
D,DISPATCH,UNIT_SCADA,1,"2019/08/21 23:20:00",BW01,552.050050
D,DISPATCH,UNIT_SCADA,1,"2019/08/21 23:20:00",BW02,621.849980
D,DISPATCH,UNIT_SCADA,1,"2019/08/21 23:20:00",BW03,601.199950
D,DISPATCH,UNIT_SCADA,1,"2019/08/21 23:20:00",BW04,0
D,DISPATCH,UNIT_SCADA,1,"2019/08/21 23:20:00",CALL_B_1,349.50
D,DISPATCH,UNIT_SCADA,1,"2019/08/21 23:20:00",CALL_B_2,349.200010
D,DISPATCH,UNIT_SCADA,1,"2019/08/21 23:20:00",CETHANA,99.262250
D,DISPATCH,UNIT_SCADA,1,"2019/08/21 23:20:00",CG1,0
D,DISPATCH,UNIT_SCADA,1,"2019/08/21 23:20:00",CG2,0
D,DISPATCH,UNIT_SCADA,1,"2019/08/21 23:20:00",CG3,0
D,DISPATCH,UNIT_SCADA,1,"2019/08/21 23:20:00",CG4,0
D,DISPATCH,UNIT_SCADA,1,"2019/08/21 23:20:00",CHILDSF1,0.01
D,DISPATCH,UNIT_SCADA,1,"2019/08/21 23:20:00",CLARESF1,0
D,DISPATCH,UNIT_SCADA,1,"2019/08/21 23:20:00",CLEMGPWF,33.928490
D,DISPATCH,UNIT_SCADA,1,"2019/08/21 23:20:00",CLERMSF1,0
D,DISPATCH,UNIT_SCADA,1,"2019/08/21 23:20:00",COLEASF1,0
D,DISPATCH,UNIT_SCADA,1,"2019/08/21 23:20:00",COOPGWF1,32.777330
D,DISPATCH,UNIT_SCADA,1,"2019/08/21 23:20:00",CPP_3,400.1250
D,DISPATCH,UNIT_SCADA,1,"2019/08/21 23:20:00",CPP_4,400.399990
D,DISPATCH,UNIT_SCADA,1,"2019/08/21 23:20:00",CPSA,143.31
D,DISPATCH,UNIT_SCADA,1,"2019/08/21 23:20:00",CROOKWF2,92.153750
D,DISPATCH,UNIT_SCADA,1,"2019/08/21 23:20:00",CROWLWF1,44.474370
D,DISPATCH,UNIT_SCADA,1,"2019/08/21 23:20:00",CSPVPS1,0.0430
D,DISPATCH,UNIT_SCADA,1,"2019/08/21 23:20:00",DALNTH01,0
D,DISPATCH,UNIT_SCADA,1,"2019/08/21 23:20:00",DALNTHL1,0.086980
D,DISPATCH,UNIT_SCADA,1,"2019/08/21 23:20:00",DARTM1,0
D,DISPATCH,UNIT_SCADA,1,"2019/08/21 23:20:00",DAYDSF1,0
D,DISPATCH,UNIT_SCADA,1,"2019/08/21 23:20:00",DDPS1,38.627470
D,DISPATCH,UNIT_SCADA,1,"2019/08/21 23:20:00",DDSF1,0
D,DISPATCH,UNIT_SCADA,1,"2019/08/21 23:20:00",DEVILS_G,0
D,DISPATCH,UNIT_SCADA,1,"2019/08/21 23:20:00",DG_NSW1,0
D,DISPATCH,UNIT_SCADA,1,"2019/08/21 23:20:00",DG_QLD1,0
D,DISPATCH,UNIT_SCADA,1,"2019/08/21 23:20:00",DG_SA1,0
D,DISPATCH,UNIT_SCADA,1,"2019/08/21 23:20:00",DG_TAS1,0
D,DISPATCH,UNIT_SCADA,1,"2019/08/21 23:20:00",DG_VIC1,0
D,DISPATCH,UNIT_SCADA,1,"2019/08/21 23:20:00",DRYCGT1,0
D,DISPATCH,UNIT_SCADA,1,"2019/08/21 23:20:00",DRYCGT2,0
D,DISPATCH,UNIT_SCADA,1,"2019/08/21 23:20:00",DRYCGT3,0
D,DISPATCH,UNIT_SCADA,1,"2019/08/21 23:20:00",EILDON1,0
D,DISPATCH,UNIT_SCADA,1,"2019/08/21 23:20:00",EILDON2,0
D,DISPATCH,UNIT_SCADA,1,"2019/08/21 23:20:00",EMERASF1,0
D,DISPATCH,UNIT_SCADA,1,"2019/08/21 23:20:00",ER01,469.050050
D,DISPATCH,UNIT_SCADA,1,"2019/08/21 23:20:00",ER02,504.50
D,DISPATCH,UNIT_SCADA,1,"2019/08/21 23:20:00",ER03,379.8750
D,DISPATCH,UNIT_SCADA,1,"2019/08/21 23:20:00",ER04,504.324950
D,DISPATCH,UNIT_SCADA,1,"2019/08/21 23:20:00",FINLYSF1,0
D,DISPATCH,UNIT_SCADA,1,"2019/08/21 23:20:00",FISHER,45.64
D,DISPATCH,UNIT_SCADA,1,"2019/08/21 23:20:00",GANNBG1,0
D,DISPATCH,UNIT_SCADA,1,"2019/08/21 23:20:00",GANNBL1,0.034460
D,DISPATCH,UNIT_SCADA,1,"2019/08/21 23:20:00",GANNSF1,0
D,DISPATCH,UNIT_SCADA,1,"2019/08/21 23:20:00",GORDON,18.213440
D,DISPATCH,UNIT_SCADA,1,"2019/08/21 23:20:00",GSTONE1,128.974990
D,DISPATCH,UNIT_SCADA,1,"2019/08/21 23:20:00",GSTONE2,149.6250
D,DISPATCH,UNIT_SCADA,1,"2019/08/21 23:20:00",GSTONE3,147.524990
D,DISPATCH,UNIT_SCADA,1,"2019/08/21 23:20:00",GSTONE4,146.474990
D,DISPATCH,UNIT_SCADA,1,"2019/08/21 23:20:00",GSTONE5,140.1750
D,DISPATCH,UNIT_SCADA,1,"2019/08/21 23:20:00",GSTONE6,0
D,DISPATCH,UNIT_SCADA,1,"2019/08/21 23:20:00",GULLRSF1,0
D,DISPATCH,UNIT_SCADA,1,"2019/08/21 23:20:00",GULLRWF1,156.2576
D,DISPATCH,UNIT_SCADA,1,"2019/08/21 23:20:00",GUNNING1,46.217530
D,DISPATCH,UNIT_SCADA,1,"2019/08/21 23:20:00",GUTHEGA,0
D,DISPATCH,UNIT_SCADA,1,"2019/08/21 23:20:00",HALLWF1,48.64
D,DISPATCH,UNIT_SCADA,1,"2019/08/21 23:20:00",HALLWF2,55.97
D,DISPATCH,UNIT_SCADA,1,"2019/08/21 23:20:00",HAMISF1,0
D,DISPATCH,UNIT_SCADA,1,"2019/08/21 23:20:00",HAUGHT11,0
D,DISPATCH,UNIT_SCADA,1,"2019/08/21 23:20:00",HAYMSF1,0
D,DISPATCH,UNIT_SCADA,1,"2019/08/21 23:20:00",HDWF1,68.70
D,DISPATCH,UNIT_SCADA,1,"2019/08/21 23:20:00",HDWF2,49.20
D,DISPATCH,UNIT_SCADA,1,"2019/08/21 23:20:00",HDWF3,64.20
D,DISPATCH,UNIT_SCADA,1,"2019/08/21 23:20:00",HPRG1,0
D,DISPATCH,UNIT_SCADA,1,"2019/08/21 23:20:00",HPRL1,20.20
D,DISPATCH,UNIT_SCADA,1,"2019/08/21 23:20:00",HUMENSW,0
D,DISPATCH,UNIT_SCADA,1,"2019/08/21 23:20:00",HUMEV,9.50
D,DISPATCH,UNIT_SCADA,1,"2019/08/21 23:20:00",HVGTS,0
D,DISPATCH,UNIT_SCADA,1,"2019/08/21 23:20:00",JBUTTERS,134.19
D,DISPATCH,UNIT_SCADA,1,"2019/08/21 23:20:00",JLA01,0.50
D,DISPATCH,UNIT_SCADA,1,"2019/08/21 23:20:00",JLA02,0
D,DISPATCH,UNIT_SCADA,1,"2019/08/21 23:20:00",JLA03,0.10
D,DISPATCH,UNIT_SCADA,1,"2019/08/21 23:20:00",JLA04,0.10
D,DISPATCH,UNIT_SCADA,1,"2019/08/21 23:20:00",JLB01,0
D,DISPATCH,UNIT_SCADA,1,"2019/08/21 23:20:00",JLB02,0.10
D,DISPATCH,UNIT_SCADA,1,"2019/08/21 23:20:00",JLB03,0
D,DISPATCH,UNIT_SCADA,1,"2019/08/21 23:20:00",KAREEYA1,21.32
D,DISPATCH,UNIT_SCADA,1,"2019/08/21 23:20:00",KAREEYA2,21.4525
D,DISPATCH,UNIT_SCADA,1,"2019/08/21 23:20:00",KAREEYA3,0
D,DISPATCH,UNIT_SCADA,1,"2019/08/21 23:20:00",KAREEYA4,21.59
D,DISPATCH,UNIT_SCADA,1,"2019/08/21 23:20:00",KARSF1,0
D,DISPATCH,UNIT_SCADA,1,"2019/08/21 23:20:00",KIATAWF1,30.90
D,DISPATCH,UNIT_SCADA,1,"2019/08/21 23:20:00",KPP_1,0
D,DISPATCH,UNIT_SCADA,1,"2019/08/21 23:20:00",KSP1,0
D,DISPATCH,UNIT_SCADA,1,"2019/08/21 23:20:00",LADBROK1,0
D,DISPATCH,UNIT_SCADA,1,"2019/08/21 23:20:00",LADBROK2,0
D,DISPATCH,UNIT_SCADA,1,"2019/08/21 23:20:00",LD01,421.087460
D,DISPATCH,UNIT_SCADA,1,"2019/08/21 23:20:00",LD02,419.306240
D,DISPATCH,UNIT_SCADA,1,"2019/08/21 23:20:00",LD03,419.681210
D,DISPATCH,UNIT_SCADA,1,"2019/08/21 23:20:00",LD04,377.550020
D,DISPATCH,UNIT_SCADA,1,"2019/08/21 23:20:00",LEM_WIL,85.832550
D,DISPATCH,UNIT_SCADA,1,"2019/08/21 23:20:00",LGAPWF1,36.67
D,DISPATCH,UNIT_SCADA,1,"2019/08/21 23:20:00",LILYSF1,0
D,DISPATCH,UNIT_SCADA,1,"2019/08/21 23:20:00",LI_WY_CA,148.719120
D,DISPATCH,UNIT_SCADA,1,"2019/08/21 23:20:00",LKBONNY2,153.639310
D,DISPATCH,UNIT_SCADA,1,"2019/08/21 23:20:00",LKBONNY3,35.335330
D,DISPATCH,UNIT_SCADA,1,"2019/08/21 23:20:00",LK_ECHO,0
D,DISPATCH,UNIT_SCADA,1,"2019/08/21 23:20:00",LNGS1,0
D,DISPATCH,UNIT_SCADA,1,"2019/08/21 23:20:00",LNGS2,0
D,DISPATCH,UNIT_SCADA,1,"2019/08/21 23:20:00",LONSDALE,0
D,DISPATCH,UNIT_SCADA,1,"2019/08/21 23:20:00",LOYYB1,527.441770
D,DISPATCH,UNIT_SCADA,1,"2019/08/21 23:20:00",LOYYB2,570.675960
D,DISPATCH,UNIT_SCADA,1,"2019/08/21 23:20:00",LYA1,560
D,DISPATCH,UNIT_SCADA,1,"2019/08/21 23:20:00",LYA2,0
D,DISPATCH,UNIT_SCADA,1,"2019/08/21 23:20:00",LYA3,559
D,DISPATCH,UNIT_SCADA,1,"2019/08/21 23:20:00",LYA4,531
D,DISPATCH,UNIT_SCADA,1,"2019/08/21 23:20:00",MACARTH1,392.090940
D,DISPATCH,UNIT_SCADA,1,"2019/08/21 23:20:00",MACKAYGT,0
D,DISPATCH,UNIT_SCADA,1,"2019/08/21 23:20:00",MACKNTSH,84.790010
D,DISPATCH,UNIT_SCADA,1,"2019/08/21 23:20:00",MANSLR1,0
D,DISPATCH,UNIT_SCADA,1,"2019/08/21 23:20:00",MCKAY1,0.02
D,DISPATCH,UNIT_SCADA,1,"2019/08/21 23:20:00",MEADOWBK,33.838720
D,DISPATCH,UNIT_SCADA,1,"2019/08/21 23:20:00",MERCER01,123.053990
D,DISPATCH,UNIT_SCADA,1,"2019/08/21 23:20:00",MEWF1,78.651390
D,DISPATCH,UNIT_SCADA,1,"2019/08/21 23:20:00",MINTARO,0
D,DISPATCH,UNIT_SCADA,1,"2019/08/21 23:20:00",MOREESF1,0
D,DISPATCH,UNIT_SCADA,1,"2019/08/21 23:20:00",MORTLK11,0
D,DISPATCH,UNIT_SCADA,1,"2019/08/21 23:20:00",MORTLK12,0
D,DISPATCH,UNIT_SCADA,1,"2019/08/21 23:20:00",MP1,280.25
D,DISPATCH,UNIT_SCADA,1,"2019/08/21 23:20:00",MP2,0
D,DISPATCH,UNIT_SCADA,1,"2019/08/21 23:20:00",MPP_1,370.50
D,DISPATCH,UNIT_SCADA,1,"2019/08/21 23:20:00",MPP_2,424.25
D,DISPATCH,UNIT_SCADA,1,"2019/08/21 23:20:00",MSTUART1,0
D,DISPATCH,UNIT_SCADA,1,"2019/08/21 23:20:00",MSTUART2,0
D,DISPATCH,UNIT_SCADA,1,"2019/08/21 23:20:00",MSTUART3,0
D,DISPATCH,UNIT_SCADA,1,"2019/08/21 23:20:00",MTGELWF1,63.858460
D,DISPATCH,UNIT_SCADA,1,"2019/08/21 23:20:00",MURRAY,0
D,DISPATCH,UNIT_SCADA,1,"2019/08/21 23:20:00",MUSSELR1,159.899990
D,DISPATCH,UNIT_SCADA,1,"2019/08/21 23:20:00",MUWAWF1,56.43
D,DISPATCH,UNIT_SCADA,1,"2019/08/21 23:20:00",NBHWF1,55.40
D,DISPATCH,UNIT_SCADA,1,"2019/08/21 23:20:00",NPS,0
D,DISPATCH,UNIT_SCADA,1,"2019/08/21 23:20:00",NUMURSF1,0
D,DISPATCH,UNIT_SCADA,1,"2019/08/21 23:20:00",NYNGAN1,0
D,DISPATCH,UNIT_SCADA,1,"2019/08/21 23:20:00",OAKEY1,0
D,DISPATCH,UNIT_SCADA,1,"2019/08/21 23:20:00",OAKEY1SF,0
D,DISPATCH,UNIT_SCADA,1,"2019/08/21 23:20:00",OAKEY2,0
D,DISPATCH,UNIT_SCADA,1,"2019/08/21 23:20:00",OAKLAND1,62.40
D,DISPATCH,UNIT_SCADA,1,"2019/08/21 23:20:00",OSB-AG,0
D,DISPATCH,UNIT_SCADA,1,"2019/08/21 23:20:00",PARSF1,0
D,DISPATCH,UNIT_SCADA,1,"2019/08/21 23:20:00",POAT110,0
D,DISPATCH,UNIT_SCADA,1,"2019/08/21 23:20:00",POAT220,1.16
D,DISPATCH,UNIT_SCADA,1,"2019/08/21 23:20:00",POR01,0
D,DISPATCH,UNIT_SCADA,1,"2019/08/21 23:20:00",POR03,0
D,DISPATCH,UNIT_SCADA,1,"2019/08/21 23:20:00",PPCCGT,352.737150
D,DISPATCH,UNIT_SCADA,1,"2019/08/21 23:20:00",PTSTAN1,0
D,DISPATCH,UNIT_SCADA,1,"2019/08/21 23:20:00",PUMP1,0
D,DISPATCH,UNIT_SCADA,1,"2019/08/21 23:20:00",PUMP2,0
D,DISPATCH,UNIT_SCADA,1,"2019/08/21 23:20:00",QPS1,0
D,DISPATCH,UNIT_SCADA,1,"2019/08/21 23:20:00",QPS2,0
D,DISPATCH,UNIT_SCADA,1,"2019/08/21 23:20:00",QPS3,0
D,DISPATCH,UNIT_SCADA,1,"2019/08/21 23:20:00",QPS4,0
D,DISPATCH,UNIT_SCADA,1,"2019/08/21 23:20:00",QPS5,0
D,DISPATCH,UNIT_SCADA,1,"2019/08/21 23:20:00",REECE1,117.760010
D,DISPATCH,UNIT_SCADA,1,"2019/08/21 23:20:00",REECE2,117.110010
D,DISPATCH,UNIT_SCADA,1,"2019/08/21 23:20:00",ROMA_7,0
D,DISPATCH,UNIT_SCADA,1,"2019/08/21 23:20:00",ROMA_8,0
D,DISPATCH,UNIT_SCADA,1,"2019/08/21 23:20:00",RRSF1,0
D,DISPATCH,UNIT_SCADA,1,"2019/08/21 23:20:00",RT_NSW1,0
D,DISPATCH,UNIT_SCADA,1,"2019/08/21 23:20:00",RT_NSW2,0
D,DISPATCH,UNIT_SCADA,1,"2019/08/21 23:20:00",RT_NSW3,0
D,DISPATCH,UNIT_SCADA,1,"2019/08/21 23:20:00",RT_NSW4,0
D,DISPATCH,UNIT_SCADA,1,"2019/08/21 23:20:00",RT_NSW5,0
D,DISPATCH,UNIT_SCADA,1,"2019/08/21 23:20:00",RT_NSW6,0
D,DISPATCH,UNIT_SCADA,1,"2019/08/21 23:20:00",RT_QLD1,0
D,DISPATCH,UNIT_SCADA,1,"2019/08/21 23:20:00",RT_SA1,0
D,DISPATCH,UNIT_SCADA,1,"2019/08/21 23:20:00",RT_SA2,0
D,DISPATCH,UNIT_SCADA,1,"2019/08/21 23:20:00",RT_SA3,0
D,DISPATCH,UNIT_SCADA,1,"2019/08/21 23:20:00",RT_SA4,0
D,DISPATCH,UNIT_SCADA,1,"2019/08/21 23:20:00",RT_SA5,0
D,DISPATCH,UNIT_SCADA,1,"2019/08/21 23:20:00",RT_SA6,0
D,DISPATCH,UNIT_SCADA,1,"2019/08/21 23:20:00",RT_TAS1,0
D,DISPATCH,UNIT_SCADA,1,"2019/08/21 23:20:00",RT_VIC1,0
D,DISPATCH,UNIT_SCADA,1,"2019/08/21 23:20:00",RT_VIC10,0
D,DISPATCH,UNIT_SCADA,1,"2019/08/21 23:20:00",RT_VIC11,0
D,DISPATCH,UNIT_SCADA,1,"2019/08/21 23:20:00",RT_VIC12,0
D,DISPATCH,UNIT_SCADA,1,"2019/08/21 23:20:00",RT_VIC2,0
D,DISPATCH,UNIT_SCADA,1,"2019/08/21 23:20:00",RT_VIC3,0
D,DISPATCH,UNIT_SCADA,1,"2019/08/21 23:20:00",RT_VIC4,0
D,DISPATCH,UNIT_SCADA,1,"2019/08/21 23:20:00",RT_VIC5,0
D,DISPATCH,UNIT_SCADA,1,"2019/08/21 23:20:00",RT_VIC6,0
D,DISPATCH,UNIT_SCADA,1,"2019/08/21 23:20:00",RT_VIC7,0
D,DISPATCH,UNIT_SCADA,1,"2019/08/21 23:20:00",RT_VIC8,0
D,DISPATCH,UNIT_SCADA,1,"2019/08/21 23:20:00",RT_VIC9,0
D,DISPATCH,UNIT_SCADA,1,"2019/08/21 23:20:00",RUGBYR1,0
D,DISPATCH,UNIT_SCADA,1,"2019/08/21 23:20:00",SALTCRK1,52.38
D,DISPATCH,UNIT_SCADA,1,"2019/08/21 23:20:00",SAPHWF1,238.893740
D,DISPATCH,UNIT_SCADA,1,"2019/08/21 23:20:00",SHGEN,0
D,DISPATCH,UNIT_SCADA,1,"2019/08/21 23:20:00",SHPUMP,81.521870
D,DISPATCH,UNIT_SCADA,1,"2019/08/21 23:20:00",SITHE01,0.043330
D,DISPATCH,UNIT_SCADA,1,"2019/08/21 23:20:00",SMCSF1,0
D,DISPATCH,UNIT_SCADA,1,"2019/08/21 23:20:00",SNOWNTH1,132.100010
D,DISPATCH,UNIT_SCADA,1,"2019/08/21 23:20:00",SNOWSTH1,92.40
D,DISPATCH,UNIT_SCADA,1,"2019/08/21 23:20:00",SNOWTWN1,77.221840
D,DISPATCH,UNIT_SCADA,1,"2019/08/21 23:20:00",SNOWYP,0
D,DISPATCH,UNIT_SCADA,1,"2019/08/21 23:20:00",SNUG1,0.019440
D,DISPATCH,UNIT_SCADA,1,"2019/08/21 23:20:00",SRSF1,0.44
D,DISPATCH,UNIT_SCADA,1,"2019/08/21 23:20:00",STAN-1,0
D,DISPATCH,UNIT_SCADA,1,"2019/08/21 23:20:00",STAN-2,278.107820
D,DISPATCH,UNIT_SCADA,1,"2019/08/21 23:20:00",STAN-3,277.236210
D,DISPATCH,UNIT_SCADA,1,"2019/08/21 23:20:00",STAN-4,278.851230
D,DISPATCH,UNIT_SCADA,1,"2019/08/21 23:20:00",STWF1,169.796250
D,DISPATCH,UNIT_SCADA,1,"2019/08/21 23:20:00",SWAN_E,0
D,DISPATCH,UNIT_SCADA,1,"2019/08/21 23:20:00",TALWA1,190
D,DISPATCH,UNIT_SCADA,1,"2019/08/21 23:20:00",TARALGA1,96.87
D,DISPATCH,UNIT_SCADA,1,"2019/08/21 23:20:00",TARONG#1,276.800020
D,DISPATCH,UNIT_SCADA,1,"2019/08/21 23:20:00",TARONG#2,277.700010
D,DISPATCH,UNIT_SCADA,1,"2019/08/21 23:20:00",TARONG#3,260.300020
D,DISPATCH,UNIT_SCADA,1,"2019/08/21 23:20:00",TARONG#4,280.200010
D,DISPATCH,UNIT_SCADA,1,"2019/08/21 23:20:00",TARRALEA,83.90
D,DISPATCH,UNIT_SCADA,1,"2019/08/21 23:20:00",TBSF1,-0.20
D,DISPATCH,UNIT_SCADA,1,"2019/08/21 23:20:00",TNPS1,442.000030
D,DISPATCH,UNIT_SCADA,1,"2019/08/21 23:20:00",TORRA1,32.593790
D,DISPATCH,UNIT_SCADA,1,"2019/08/21 23:20:00",TORRA2,0
D,DISPATCH,UNIT_SCADA,1,"2019/08/21 23:20:00",TORRA3,0
D,DISPATCH,UNIT_SCADA,1,"2019/08/21 23:20:00",TORRA4,0
D,DISPATCH,UNIT_SCADA,1,"2019/08/21 23:20:00",TORRB1,39.25
D,DISPATCH,UNIT_SCADA,1,"2019/08/21 23:20:00",TORRB2,39.49
D,DISPATCH,UNIT_SCADA,1,"2019/08/21 23:20:00",TORRB3,0
D,DISPATCH,UNIT_SCADA,1,"2019/08/21 23:20:00",TORRB4,0
D,DISPATCH,UNIT_SCADA,1,"2019/08/21 23:20:00",TREVALLN,17.40
D,DISPATCH,UNIT_SCADA,1,"2019/08/21 23:20:00",TRIBUTE,83.759990
D,DISPATCH,UNIT_SCADA,1,"2019/08/21 23:20:00",TUMUT3,0
D,DISPATCH,UNIT_SCADA,1,"2019/08/21 23:20:00",TUNGATIN,123.690030
D,DISPATCH,UNIT_SCADA,1,"2019/08/21 23:20:00",TVCC201,0
D,DISPATCH,UNIT_SCADA,1,"2019/08/21 23:20:00",TVPP104,0
D,DISPATCH,UNIT_SCADA,1,"2019/08/21 23:20:00",UPPTUMUT,0
D,DISPATCH,UNIT_SCADA,1,"2019/08/21 23:20:00",URANQ11,0
D,DISPATCH,UNIT_SCADA,1,"2019/08/21 23:20:00",URANQ12,0
D,DISPATCH,UNIT_SCADA,1,"2019/08/21 23:20:00",URANQ13,0
D,DISPATCH,UNIT_SCADA,1,"2019/08/21 23:20:00",URANQ14,0
D,DISPATCH,UNIT_SCADA,1,"2019/08/21 23:20:00",VP5,391.6250
D,DISPATCH,UNIT_SCADA,1,"2019/08/21 23:20:00",VP6,392.1250
D,DISPATCH,UNIT_SCADA,1,"2019/08/21 23:20:00",VPGS1,0
D,DISPATCH,UNIT_SCADA,1,"2019/08/21 23:20:00",VPGS2,0
D,DISPATCH,UNIT_SCADA,1,"2019/08/21 23:20:00",VPGS3,0
D,DISPATCH,UNIT_SCADA,1,"2019/08/21 23:20:00",VPGS4,0
D,DISPATCH,UNIT_SCADA,1,"2019/08/21 23:20:00",VPGS5,0
D,DISPATCH,UNIT_SCADA,1,"2019/08/21 23:20:00",VPGS6,0
D,DISPATCH,UNIT_SCADA,1,"2019/08/21 23:20:00",W/HOE#1,0
D,DISPATCH,UNIT_SCADA,1,"2019/08/21 23:20:00",W/HOE#2,0
D,DISPATCH,UNIT_SCADA,1,"2019/08/21 23:20:00",WATERLWF,95.50
D,DISPATCH,UNIT_SCADA,1,"2019/08/21 23:20:00",WEMENSF1,0
D,DISPATCH,UNIT_SCADA,1,"2019/08/21 23:20:00",WGWF1,72.90
D,DISPATCH,UNIT_SCADA,1,"2019/08/21 23:20:00",WHITSF1,0
D,DISPATCH,UNIT_SCADA,1,"2019/08/21 23:20:00",WKIEWA1,0
D,DISPATCH,UNIT_SCADA,1,"2019/08/21 23:20:00",WKIEWA2,28.20
D,DISPATCH,UNIT_SCADA,1,"2019/08/21 23:20:00",WOODLWN1,44.972990
D,DISPATCH,UNIT_SCADA,1,"2019/08/21 23:20:00",WRSF1,0
D,DISPATCH,UNIT_SCADA,1,"2019/08/21 23:20:00",WRWF1,149.225010
D,DISPATCH,UNIT_SCADA,1,"2019/08/21 23:20:00",YABULU,0
D,DISPATCH,UNIT_SCADA,1,"2019/08/21 23:20:00",YABULU2,0
D,DISPATCH,UNIT_SCADA,1,"2019/08/21 23:20:00",YARWUN_1,0
D,DISPATCH,UNIT_SCADA,1,"2019/08/21 23:20:00",YENDWF1,41.96
D,DISPATCH,UNIT_SCADA,1,"2019/08/21 23:20:00",YWPS1,372.6810
D,DISPATCH,UNIT_SCADA,1,"2019/08/21 23:20:00",YWPS2,274.934170
D,DISPATCH,UNIT_SCADA,1,"2019/08/21 23:20:00",YWPS3,0
D,DISPATCH,UNIT_SCADA,1,"2019/08/21 23:20:00",YWPS4,388.1810
C,"END OF REPORT",334
