C,NEMP.WORLD,DISPATCHSCADA,AEMO,PUBLIC,2019/08/19,16:55:08,0000000311753175,DISPATCHSCADA,0000000311753169
I,DISPATCH,UNIT_SCADA,1,SETTLEMENTDATE,DUID,SCADAVALUE
D,DISPATCH,UNIT_SCADA,1,"2019/08/19 17:00:00",BARCSF1,10
D,DISPATCH,UNIT_SCADA,1,"2019/08/19 17:00:00",BUTLERSG,9.699999
D,DISPATCH,UNIT_SCADA,1,"2019/08/19 17:00:00",CALL_A_4,0
D,DISPATCH,UNIT_SCADA,1,"2019/08/19 17:00:00",CAPTL_WF,122.608002
D,DISPATCH,UNIT_SCADA,1,"2019/08/19 17:00:00",CATHROCK,19.23
D,DISPATCH,UNIT_SCADA,1,"2019/08/19 17:00:00",CHALLHWF,10.10
D,DISPATCH,UNIT_SCADA,1,"2019/08/19 17:00:00",CLOVER,0
D,DISPATCH,UNIT_SCADA,1,"2019/08/19 17:00:00",CLUNY,16.982834
D,DISPATCH,UNIT_SCADA,1,"2019/08/19 17:00:00",CNUNDAWF,34.540291
D,DISPATCH,UNIT_SCADA,1,"2019/08/19 17:00:00",CULLRGWF,25.10
D,DISPATCH,UNIT_SCADA,1,"2019/08/19 17:00:00",ERGT01,0
D,DISPATCH,UNIT_SCADA,1,"2019/08/19 17:00:00",GB01,0.069168
D,DISPATCH,UNIT_SCADA,1,"2019/08/19 17:00:00",GERMCRK,35
D,DISPATCH,UNIT_SCADA,1,"2019/08/19 17:00:00",GRIFSF1,5.900002
D,DISPATCH,UNIT_SCADA,1,"2019/08/19 17:00:00",HUGSF1,4.8420
D,DISPATCH,UNIT_SCADA,1,"2019/08/19 17:00:00",LKBONNY1,60.551746
D,DISPATCH,UNIT_SCADA,1,"2019/08/19 17:00:00",LRSF1,8.3820
D,DISPATCH,UNIT_SCADA,1,"2019/08/19 17:00:00",MBAHNTH,58.593750
D,DISPATCH,UNIT_SCADA,1,"2019/08/19 17:00:00",MLSP1,0.704001
D,DISPATCH,UNIT_SCADA,1,"2019/08/19 17:00:00",MLWF1,13.17
D,DISPATCH,UNIT_SCADA,1,"2019/08/19 17:00:00",MTMILLAR,5.387509
D,DISPATCH,UNIT_SCADA,1,"2019/08/19 17:00:00",PALOONA,24.059999
D,DISPATCH,UNIT_SCADA,1,"2019/08/19 17:00:00",PIONEER,45
D,DISPATCH,UNIT_SCADA,1,"2019/08/19 17:00:00",PORTWF,130.600006
D,DISPATCH,UNIT_SCADA,1,"2019/08/19 17:00:00",REPULSE,29.387045
D,DISPATCH,UNIT_SCADA,1,"2019/08/19 17:00:00",ROWALLAN,10.1033
D,DISPATCH,UNIT_SCADA,1,"2019/08/19 17:00:00",ROYALLA1,0.80
D,DISPATCH,UNIT_SCADA,1,"2019/08/19 17:00:00",RPCG,-0.90
D,DISPATCH,UNIT_SCADA,1,"2019/08/19 17:00:00",RUBICON,0
D,DISPATCH,UNIT_SCADA,1,"2019/08/19 17:00:00",SATGN1,0
D,DISPATCH,UNIT_SCADA,1,"2019/08/19 17:00:00",SATGS1,0
D,DISPATCH,UNIT_SCADA,1,"2019/08/19 17:00:00",STARHLWF,0.499854
D,DISPATCH,UNIT_SCADA,1,"2019/08/19 17:00:00",WAUBRAWF,100.942001
D,DISPATCH,UNIT_SCADA,1,"2019/08/19 17:00:00",WOOLNTH1,131.160019
D,DISPATCH,UNIT_SCADA,1,"2019/08/19 17:00:00",WPWF,35
D,DISPATCH,UNIT_SCADA,1,"2019/08/19 17:00:00",YAMBUKWF,27
D,DISPATCH,UNIT_SCADA,1,"2019/08/19 17:00:00",YSWF1,27.700001
D,DISPATCH,UNIT_SCADA,1,"2019/08/19 17:00:00",AGLHAL,0
D,DISPATCH,UNIT_SCADA,1,"2019/08/19 17:00:00",AGLSOM,0
D,DISPATCH,UNIT_SCADA,1,"2019/08/19 17:00:00",ANGAST1,0
D,DISPATCH,UNIT_SCADA,1,"2019/08/19 17:00:00",ARWF1,66.80
D,DISPATCH,UNIT_SCADA,1,"2019/08/19 17:00:00",BALBG1,12.66
D,DISPATCH,UNIT_SCADA,1,"2019/08/19 17:00:00",BALBL1,0
D,DISPATCH,UNIT_SCADA,1,"2019/08/19 17:00:00",BALDHWF1,103.2380
D,DISPATCH,UNIT_SCADA,1,"2019/08/19 17:00:00",BANN1,13.01
D,DISPATCH,UNIT_SCADA,1,"2019/08/19 17:00:00",BARCALDN,0
D,DISPATCH,UNIT_SCADA,1,"2019/08/19 17:00:00",BARRON-1,0
D,DISPATCH,UNIT_SCADA,1,"2019/08/19 17:00:00",BARRON-2,25.04
D,DISPATCH,UNIT_SCADA,1,"2019/08/19 17:00:00",BASTYAN,80.820010
D,DISPATCH,UNIT_SCADA,1,"2019/08/19 17:00:00",BBTHREE1,0
D,DISPATCH,UNIT_SCADA,1,"2019/08/19 17:00:00",BBTHREE2,0
D,DISPATCH,UNIT_SCADA,1,"2019/08/19 17:00:00",BBTHREE3,0
D,DISPATCH,UNIT_SCADA,1,"2019/08/19 17:00:00",BDL01,0
D,DISPATCH,UNIT_SCADA,1,"2019/08/19 17:00:00",BDL02,0
D,DISPATCH,UNIT_SCADA,1,"2019/08/19 17:00:00",BERYLSF1,12.802590
D,DISPATCH,UNIT_SCADA,1,"2019/08/19 17:00:00",BLOWERNG,0
D,DISPATCH,UNIT_SCADA,1,"2019/08/19 17:00:00",BLUFF1,29.70
D,DISPATCH,UNIT_SCADA,1,"2019/08/19 17:00:00",BNGSF1,69.84
D,DISPATCH,UNIT_SCADA,1,"2019/08/19 17:00:00",BNGSF2,19.99
D,DISPATCH,UNIT_SCADA,1,"2019/08/19 17:00:00",BOCORWF1,111.38
D,DISPATCH,UNIT_SCADA,1,"2019/08/19 17:00:00",BODWF1,105.409960
D,DISPATCH,UNIT_SCADA,1,"2019/08/19 17:00:00",BRAEMAR1,0
D,DISPATCH,UNIT_SCADA,1,"2019/08/19 17:00:00",BRAEMAR2,0
D,DISPATCH,UNIT_SCADA,1,"2019/08/19 17:00:00",BRAEMAR3,0
D,DISPATCH,UNIT_SCADA,1,"2019/08/19 17:00:00",BRAEMAR5,90.941130
D,DISPATCH,UNIT_SCADA,1,"2019/08/19 17:00:00",BRAEMAR6,0
D,DISPATCH,UNIT_SCADA,1,"2019/08/19 17:00:00",BRAEMAR7,89.460690
D,DISPATCH,UNIT_SCADA,1,"2019/08/19 17:00:00",BROKENH1,10.649170
D,DISPATCH,UNIT_SCADA,1,"2019/08/19 17:00:00",BW01,646.424930
D,DISPATCH,UNIT_SCADA,1,"2019/08/19 17:00:00",BW02,639.8501
D,DISPATCH,UNIT_SCADA,1,"2019/08/19 17:00:00",BW03,625.175050
D,DISPATCH,UNIT_SCADA,1,"2019/08/19 17:00:00",BW04,0
D,DISPATCH,UNIT_SCADA,1,"2019/08/19 17:00:00",CALL_B_1,342.399990
D,DISPATCH,UNIT_SCADA,1,"2019/08/19 17:00:00",CALL_B_2,279.700010
D,DISPATCH,UNIT_SCADA,1,"2019/08/19 17:00:00",CETHANA,91.658130
D,DISPATCH,UNIT_SCADA,1,"2019/08/19 17:00:00",CG1,0
D,DISPATCH,UNIT_SCADA,1,"2019/08/19 17:00:00",CG2,0
D,DISPATCH,UNIT_SCADA,1,"2019/08/19 17:00:00",CG3,0
D,DISPATCH,UNIT_SCADA,1,"2019/08/19 17:00:00",CG4,0
D,DISPATCH,UNIT_SCADA,1,"2019/08/19 17:00:00",CHILDSF1,7.46
D,DISPATCH,UNIT_SCADA,1,"2019/08/19 17:00:00",CLARESF1,20.8855
D,DISPATCH,UNIT_SCADA,1,"2019/08/19 17:00:00",CLEMGPWF,9.364550
D,DISPATCH,UNIT_SCADA,1,"2019/08/19 17:00:00",CLERMSF1,14.97
D,DISPATCH,UNIT_SCADA,1,"2019/08/19 17:00:00",COLEASF1,15.699990
D,DISPATCH,UNIT_SCADA,1,"2019/08/19 17:00:00",COOPGWF1,28.696320
D,DISPATCH,UNIT_SCADA,1,"2019/08/19 17:00:00",CPP_3,407.550020
D,DISPATCH,UNIT_SCADA,1,"2019/08/19 17:00:00",CPP_4,405.6250
D,DISPATCH,UNIT_SCADA,1,"2019/08/19 17:00:00",CPSA,143.03
D,DISPATCH,UNIT_SCADA,1,"2019/08/19 17:00:00",CROOKWF2,84.913740
D,DISPATCH,UNIT_SCADA,1,"2019/08/19 17:00:00",CROWLWF1,25.255940
D,DISPATCH,UNIT_SCADA,1,"2019/08/19 17:00:00",CSPVPS1,8.67
D,DISPATCH,UNIT_SCADA,1,"2019/08/19 17:00:00",DALNTH01,0
D,DISPATCH,UNIT_SCADA,1,"2019/08/19 17:00:00",DALNTHL1,0.056460
D,DISPATCH,UNIT_SCADA,1,"2019/08/19 17:00:00",DARTM1,134.70
D,DISPATCH,UNIT_SCADA,1,"2019/08/19 17:00:00",DAYDSF1,61.8850
D,DISPATCH,UNIT_SCADA,1,"2019/08/19 17:00:00",DDPS1,333.335970
D,DISPATCH,UNIT_SCADA,1,"2019/08/19 17:00:00",DDSF1,15.441410
D,DISPATCH,UNIT_SCADA,1,"2019/08/19 17:00:00",DEVILS_G,0
D,DISPATCH,UNIT_SCADA,1,"2019/08/19 17:00:00",DG_NSW1,0
D,DISPATCH,UNIT_SCADA,1,"2019/08/19 17:00:00",DG_QLD1,0
D,DISPATCH,UNIT_SCADA,1,"2019/08/19 17:00:00",DG_SA1,0
D,DISPATCH,UNIT_SCADA,1,"2019/08/19 17:00:00",DG_TAS1,0
D,DISPATCH,UNIT_SCADA,1,"2019/08/19 17:00:00",DG_VIC1,0
D,DISPATCH,UNIT_SCADA,1,"2019/08/19 17:00:00",DRYCGT1,0
D,DISPATCH,UNIT_SCADA,1,"2019/08/19 17:00:00",DRYCGT2,0
D,DISPATCH,UNIT_SCADA,1,"2019/08/19 17:00:00",DRYCGT3,0
D,DISPATCH,UNIT_SCADA,1,"2019/08/19 17:00:00",EILDON1,0
D,DISPATCH,UNIT_SCADA,1,"2019/08/19 17:00:00",EILDON2,0
D,DISPATCH,UNIT_SCADA,1,"2019/08/19 17:00:00",EMERASF1,20.69
D,DISPATCH,UNIT_SCADA,1,"2019/08/19 17:00:00",ER01,563.924930
D,DISPATCH,UNIT_SCADA,1,"2019/08/19 17:00:00",ER02,568.425050
D,DISPATCH,UNIT_SCADA,1,"2019/08/19 17:00:00",ER03,558.450070
D,DISPATCH,UNIT_SCADA,1,"2019/08/19 17:00:00",ER04,557.525020
D,DISPATCH,UNIT_SCADA,1,"2019/08/19 17:00:00",FINLYSF1,0.534940
D,DISPATCH,UNIT_SCADA,1,"2019/08/19 17:00:00",FISHER,45.91
D,DISPATCH,UNIT_SCADA,1,"2019/08/19 17:00:00",GANNBG1,2.509190
D,DISPATCH,UNIT_SCADA,1,"2019/08/19 17:00:00",GANNBL1,0
D,DISPATCH,UNIT_SCADA,1,"2019/08/19 17:00:00",GANNSF1,19.40
D,DISPATCH,UNIT_SCADA,1,"2019/08/19 17:00:00",GORDON,122.650080
D,DISPATCH,UNIT_SCADA,1,"2019/08/19 17:00:00",GSTONE1,218.5750
D,DISPATCH,UNIT_SCADA,1,"2019/08/19 17:00:00",GSTONE2,167.649990
D,DISPATCH,UNIT_SCADA,1,"2019/08/19 17:00:00",GSTONE3,215.4250
D,DISPATCH,UNIT_SCADA,1,"2019/08/19 17:00:00",GSTONE4,209.649990
D,DISPATCH,UNIT_SCADA,1,"2019/08/19 17:00:00",GSTONE5,215.25
D,DISPATCH,UNIT_SCADA,1,"2019/08/19 17:00:00",GSTONE6,0
D,DISPATCH,UNIT_SCADA,1,"2019/08/19 17:00:00",GULLRSF1,0.296940
D,DISPATCH,UNIT_SCADA,1,"2019/08/19 17:00:00",GULLRWF1,146.345610
D,DISPATCH,UNIT_SCADA,1,"2019/08/19 17:00:00",GUNNING1,44.586950
D,DISPATCH,UNIT_SCADA,1,"2019/08/19 17:00:00",GUTHEGA,30.60
D,DISPATCH,UNIT_SCADA,1,"2019/08/19 17:00:00",HALLWF1,49.39
D,DISPATCH,UNIT_SCADA,1,"2019/08/19 17:00:00",HALLWF2,46.02
D,DISPATCH,UNIT_SCADA,1,"2019/08/19 17:00:00",HAMISF1,23.10
D,DISPATCH,UNIT_SCADA,1,"2019/08/19 17:00:00",HAUGHT11,50.049020
D,DISPATCH,UNIT_SCADA,1,"2019/08/19 17:00:00",HAYMSF1,21.3960
D,DISPATCH,UNIT_SCADA,1,"2019/08/19 17:00:00",HDWF1,28.50
D,DISPATCH,UNIT_SCADA,1,"2019/08/19 17:00:00",HDWF2,24
D,DISPATCH,UNIT_SCADA,1,"2019/08/19 17:00:00",HDWF3,27.60
D,DISPATCH,UNIT_SCADA,1,"2019/08/19 17:00:00",HPRG1,21.60
D,DISPATCH,UNIT_SCADA,1,"2019/08/19 17:00:00",HPRL1,0
D,DISPATCH,UNIT_SCADA,1,"2019/08/19 17:00:00",HUMENSW,0
D,DISPATCH,UNIT_SCADA,1,"2019/08/19 17:00:00",HUMEV,9.30
D,DISPATCH,UNIT_SCADA,1,"2019/08/19 17:00:00",HVGTS,0
D,DISPATCH,UNIT_SCADA,1,"2019/08/19 17:00:00",JBUTTERS,139.67
D,DISPATCH,UNIT_SCADA,1,"2019/08/19 17:00:00",JLA01,0.50
D,DISPATCH,UNIT_SCADA,1,"2019/08/19 17:00:00",JLA02,0
D,DISPATCH,UNIT_SCADA,1,"2019/08/19 17:00:00",JLA03,0.10
D,DISPATCH,UNIT_SCADA,1,"2019/08/19 17:00:00",JLA04,0.10
D,DISPATCH,UNIT_SCADA,1,"2019/08/19 17:00:00",JLB01,0
D,DISPATCH,UNIT_SCADA,1,"2019/08/19 17:00:00",JLB02,0.10
D,DISPATCH,UNIT_SCADA,1,"2019/08/19 17:00:00",JLB03,0
D,DISPATCH,UNIT_SCADA,1,"2019/08/19 17:00:00",KAREEYA1,21.54
D,DISPATCH,UNIT_SCADA,1,"2019/08/19 17:00:00",KAREEYA2,21.7425
D,DISPATCH,UNIT_SCADA,1,"2019/08/19 17:00:00",KAREEYA3,0
D,DISPATCH,UNIT_SCADA,1,"2019/08/19 17:00:00",KAREEYA4,21.5825
D,DISPATCH,UNIT_SCADA,1,"2019/08/19 17:00:00",KARSF1,39.40
D,DISPATCH,UNIT_SCADA,1,"2019/08/19 17:00:00",KIATAWF1,28.10
D,DISPATCH,UNIT_SCADA,1,"2019/08/19 17:00:00",KPP_1,0
D,DISPATCH,UNIT_SCADA,1,"2019/08/19 17:00:00",KSP1,31.38
D,DISPATCH,UNIT_SCADA,1,"2019/08/19 17:00:00",LADBROK1,0
D,DISPATCH,UNIT_SCADA,1,"2019/08/19 17:00:00",LADBROK2,0
D,DISPATCH,UNIT_SCADA,1,"2019/08/19 17:00:00",LD01,414.8812
D,DISPATCH,UNIT_SCADA,1,"2019/08/19 17:00:00",LD02,418.968750
D,DISPATCH,UNIT_SCADA,1,"2019/08/19 17:00:00",LD03,419.8688
D,DISPATCH,UNIT_SCADA,1,"2019/08/19 17:00:00",LD04,374.850040
D,DISPATCH,UNIT_SCADA,1,"2019/08/19 17:00:00",LEM_WIL,83.3751
D,DISPATCH,UNIT_SCADA,1,"2019/08/19 17:00:00",LGAPWF1,6.38
D,DISPATCH,UNIT_SCADA,1,"2019/08/19 17:00:00",LILYSF1,29.229050
D,DISPATCH,UNIT_SCADA,1,"2019/08/19 17:00:00",LI_WY_CA,147.620090
D,DISPATCH,UNIT_SCADA,1,"2019/08/19 17:00:00",LKBONNY2,123.123830
D,DISPATCH,UNIT_SCADA,1,"2019/08/19 17:00:00",LKBONNY3,22.775380
D,DISPATCH,UNIT_SCADA,1,"2019/08/19 17:00:00",LK_ECHO,0
D,DISPATCH,UNIT_SCADA,1,"2019/08/19 17:00:00",LNGS1,0
D,DISPATCH,UNIT_SCADA,1,"2019/08/19 17:00:00",LNGS2,0
D,DISPATCH,UNIT_SCADA,1,"2019/08/19 17:00:00",LONSDALE,0
D,DISPATCH,UNIT_SCADA,1,"2019/08/19 17:00:00",LOYYB1,530.825320
D,DISPATCH,UNIT_SCADA,1,"2019/08/19 17:00:00",LOYYB2,581.202510
D,DISPATCH,UNIT_SCADA,1,"2019/08/19 17:00:00",LYA1,559
D,DISPATCH,UNIT_SCADA,1,"2019/08/19 17:00:00",LYA2,0
D,DISPATCH,UNIT_SCADA,1,"2019/08/19 17:00:00",LYA3,560
D,DISPATCH,UNIT_SCADA,1,"2019/08/19 17:00:00",LYA4,539
D,DISPATCH,UNIT_SCADA,1,"2019/08/19 17:00:00",MACARTH1,148.696560
D,DISPATCH,UNIT_SCADA,1,"2019/08/19 17:00:00",MACKAYGT,0
D,DISPATCH,UNIT_SCADA,1,"2019/08/19 17:00:00",MACKNTSH,85.110010
D,DISPATCH,UNIT_SCADA,1,"2019/08/19 17:00:00",MANSLR1,9.9680
D,DISPATCH,UNIT_SCADA,1,"2019/08/19 17:00:00",MCKAY1,0.02
D,DISPATCH,UNIT_SCADA,1,"2019/08/19 17:00:00",MEADOWBK,33.895880
D,DISPATCH,UNIT_SCADA,1,"2019/08/19 17:00:00",MERCER01,96.4120
D,DISPATCH,UNIT_SCADA,1,"2019/08/19 17:00:00",MEWF1,25.748480
D,DISPATCH,UNIT_SCADA,1,"2019/08/19 17:00:00",MINTARO,0
D,DISPATCH,UNIT_SCADA,1,"2019/08/19 17:00:00",MOREESF1,15.4820
D,DISPATCH,UNIT_SCADA,1,"2019/08/19 17:00:00",MORTLK11,149
D,DISPATCH,UNIT_SCADA,1,"2019/08/19 17:00:00",MORTLK12,0
D,DISPATCH,UNIT_SCADA,1,"2019/08/19 17:00:00",MP1,365.474980
D,DISPATCH,UNIT_SCADA,1,"2019/08/19 17:00:00",MP2,0
D,DISPATCH,UNIT_SCADA,1,"2019/08/19 17:00:00",MPP_1,430.25
D,DISPATCH,UNIT_SCADA,1,"2019/08/19 17:00:00",MPP_2,435.75
D,DISPATCH,UNIT_SCADA,1,"2019/08/19 17:00:00",MSTUART1,0
D,DISPATCH,UNIT_SCADA,1,"2019/08/19 17:00:00",MSTUART2,0
D,DISPATCH,UNIT_SCADA,1,"2019/08/19 17:00:00",MSTUART3,0
D,DISPATCH,UNIT_SCADA,1,"2019/08/19 17:00:00",MTGELWF1,63.464770
D,DISPATCH,UNIT_SCADA,1,"2019/08/19 17:00:00",MURRAY,149.20
D,DISPATCH,UNIT_SCADA,1,"2019/08/19 17:00:00",MUSSELR1,166.20
D,DISPATCH,UNIT_SCADA,1,"2019/08/19 17:00:00",MUWAWF1,55.94
D,DISPATCH,UNIT_SCADA,1,"2019/08/19 17:00:00",NBHWF1,50.30
D,DISPATCH,UNIT_SCADA,1,"2019/08/19 17:00:00",NPS,409.1250
D,DISPATCH,UNIT_SCADA,1,"2019/08/19 17:00:00",NUMURSF1,39.89
D,DISPATCH,UNIT_SCADA,1,"2019/08/19 17:00:00",NYNGAN1,21.50
D,DISPATCH,UNIT_SCADA,1,"2019/08/19 17:00:00",OAKEY1,0
D,DISPATCH,UNIT_SCADA,1,"2019/08/19 17:00:00",OAKEY1SF,4.1260
D,DISPATCH,UNIT_SCADA,1,"2019/08/19 17:00:00",OAKEY2,0
D,DISPATCH,UNIT_SCADA,1,"2019/08/19 17:00:00",OAKLAND1,28.80
D,DISPATCH,UNIT_SCADA,1,"2019/08/19 17:00:00",OSB-AG,116.81
D,DISPATCH,UNIT_SCADA,1,"2019/08/19 17:00:00",PARSF1,4.40
D,DISPATCH,UNIT_SCADA,1,"2019/08/19 17:00:00",POAT110,48.357440
D,DISPATCH,UNIT_SCADA,1,"2019/08/19 17:00:00",POAT220,114.542720
D,DISPATCH,UNIT_SCADA,1,"2019/08/19 17:00:00",POR01,0
D,DISPATCH,UNIT_SCADA,1,"2019/08/19 17:00:00",POR03,0
D,DISPATCH,UNIT_SCADA,1,"2019/08/19 17:00:00",PPCCGT,452.060670
D,DISPATCH,UNIT_SCADA,1,"2019/08/19 17:00:00",PTSTAN1,0
D,DISPATCH,UNIT_SCADA,1,"2019/08/19 17:00:00",PUMP1,0
D,DISPATCH,UNIT_SCADA,1,"2019/08/19 17:00:00",PUMP2,0
D,DISPATCH,UNIT_SCADA,1,"2019/08/19 17:00:00",QPS1,0
D,DISPATCH,UNIT_SCADA,1,"2019/08/19 17:00:00",QPS2,0
D,DISPATCH,UNIT_SCADA,1,"2019/08/19 17:00:00",QPS3,0
D,DISPATCH,UNIT_SCADA,1,"2019/08/19 17:00:00",QPS4,0
D,DISPATCH,UNIT_SCADA,1,"2019/08/19 17:00:00",QPS5,0
D,DISPATCH,UNIT_SCADA,1,"2019/08/19 17:00:00",REECE1,113.810010
D,DISPATCH,UNIT_SCADA,1,"2019/08/19 17:00:00",REECE2,113.77
D,DISPATCH,UNIT_SCADA,1,"2019/08/19 17:00:00",ROMA_7,0
D,DISPATCH,UNIT_SCADA,1,"2019/08/19 17:00:00",ROMA_8,0
D,DISPATCH,UNIT_SCADA,1,"2019/08/19 17:00:00",RRSF1,41.564450
D,DISPATCH,UNIT_SCADA,1,"2019/08/19 17:00:00",RT_NSW1,0
D,DISPATCH,UNIT_SCADA,1,"2019/08/19 17:00:00",RT_NSW2,0
D,DISPATCH,UNIT_SCADA,1,"2019/08/19 17:00:00",RT_NSW3,0
D,DISPATCH,UNIT_SCADA,1,"2019/08/19 17:00:00",RT_NSW4,0
D,DISPATCH,UNIT_SCADA,1,"2019/08/19 17:00:00",RT_NSW5,0
D,DISPATCH,UNIT_SCADA,1,"2019/08/19 17:00:00",RT_NSW6,0
D,DISPATCH,UNIT_SCADA,1,"2019/08/19 17:00:00",RT_QLD1,0
D,DISPATCH,UNIT_SCADA,1,"2019/08/19 17:00:00",RT_SA1,0
D,DISPATCH,UNIT_SCADA,1,"2019/08/19 17:00:00",RT_SA2,0
D,DISPATCH,UNIT_SCADA,1,"2019/08/19 17:00:00",RT_SA3,0
D,DISPATCH,UNIT_SCADA,1,"2019/08/19 17:00:00",RT_SA4,0
D,DISPATCH,UNIT_SCADA,1,"2019/08/19 17:00:00",RT_SA5,0
D,DISPATCH,UNIT_SCADA,1,"2019/08/19 17:00:00",RT_SA6,0
D,DISPATCH,UNIT_SCADA,1,"2019/08/19 17:00:00",RT_TAS1,0
D,DISPATCH,UNIT_SCADA,1,"2019/08/19 17:00:00",RT_VIC1,0
D,DISPATCH,UNIT_SCADA,1,"2019/08/19 17:00:00",RT_VIC10,0
D,DISPATCH,UNIT_SCADA,1,"2019/08/19 17:00:00",RT_VIC11,0
D,DISPATCH,UNIT_SCADA,1,"2019/08/19 17:00:00",RT_VIC12,0
D,DISPATCH,UNIT_SCADA,1,"2019/08/19 17:00:00",RT_VIC2,0
D,DISPATCH,UNIT_SCADA,1,"2019/08/19 17:00:00",RT_VIC3,0
D,DISPATCH,UNIT_SCADA,1,"2019/08/19 17:00:00",RT_VIC4,0
D,DISPATCH,UNIT_SCADA,1,"2019/08/19 17:00:00",RT_VIC5,0
D,DISPATCH,UNIT_SCADA,1,"2019/08/19 17:00:00",RT_VIC6,0
D,DISPATCH,UNIT_SCADA,1,"2019/08/19 17:00:00",RT_VIC7,0
D,DISPATCH,UNIT_SCADA,1,"2019/08/19 17:00:00",RT_VIC8,0
D,DISPATCH,UNIT_SCADA,1,"2019/08/19 17:00:00",RT_VIC9,0
D,DISPATCH,UNIT_SCADA,1,"2019/08/19 17:00:00",RUGBYR1,30.947330
D,DISPATCH,UNIT_SCADA,1,"2019/08/19 17:00:00",SALTCRK1,21.34
D,DISPATCH,UNIT_SCADA,1,"2019/08/19 17:00:00",SAPHWF1,209.6250
D,DISPATCH,UNIT_SCADA,1,"2019/08/19 17:00:00",SHGEN,0
D,DISPATCH,UNIT_SCADA,1,"2019/08/19 17:00:00",SHPUMP,0
D,DISPATCH,UNIT_SCADA,1,"2019/08/19 17:00:00",SITHE01,0.123710
D,DISPATCH,UNIT_SCADA,1,"2019/08/19 17:00:00",SMCSF1,22.740730
D,DISPATCH,UNIT_SCADA,1,"2019/08/19 17:00:00",SNOWNTH1,32.30
D,DISPATCH,UNIT_SCADA,1,"2019/08/19 17:00:00",SNOWSTH1,36.30
D,DISPATCH,UNIT_SCADA,1,"2019/08/19 17:00:00",SNOWTWN1,26.648650
D,DISPATCH,UNIT_SCADA,1,"2019/08/19 17:00:00",SNOWYP,0
D,DISPATCH,UNIT_SCADA,1,"2019/08/19 17:00:00",SNUG1,0.019440
D,DISPATCH,UNIT_SCADA,1,"2019/08/19 17:00:00",SRSF1,6.70
D,DISPATCH,UNIT_SCADA,1,"2019/08/19 17:00:00",STAN-1,0
D,DISPATCH,UNIT_SCADA,1,"2019/08/19 17:00:00",STAN-2,313.882290
D,DISPATCH,UNIT_SCADA,1,"2019/08/19 17:00:00",STAN-3,313.920750
D,DISPATCH,UNIT_SCADA,1,"2019/08/19 17:00:00",STAN-4,314.958980
D,DISPATCH,UNIT_SCADA,1,"2019/08/19 17:00:00",STWF1,17.493740
D,DISPATCH,UNIT_SCADA,1,"2019/08/19 17:00:00",SWAN_E,0
D,DISPATCH,UNIT_SCADA,1,"2019/08/19 17:00:00",TALWA1,419
D,DISPATCH,UNIT_SCADA,1,"2019/08/19 17:00:00",TARALGA1,100.788740
D,DISPATCH,UNIT_SCADA,1,"2019/08/19 17:00:00",TARONG#1,335.50
D,DISPATCH,UNIT_SCADA,1,"2019/08/19 17:00:00",TARONG#2,336.399990
D,DISPATCH,UNIT_SCADA,1,"2019/08/19 17:00:00",TARONG#3,258.50
D,DISPATCH,UNIT_SCADA,1,"2019/08/19 17:00:00",TARONG#4,328.200010
D,DISPATCH,UNIT_SCADA,1,"2019/08/19 17:00:00",TARRALEA,78.90
D,DISPATCH,UNIT_SCADA,1,"2019/08/19 17:00:00",TBSF1,30.90
D,DISPATCH,UNIT_SCADA,1,"2019/08/19 17:00:00",TNPS1,442.000030
D,DISPATCH,UNIT_SCADA,1,"2019/08/19 17:00:00",TORRA1,65.467750
D,DISPATCH,UNIT_SCADA,1,"2019/08/19 17:00:00",TORRA2,0
D,DISPATCH,UNIT_SCADA,1,"2019/08/19 17:00:00",TORRA3,43.749550
D,DISPATCH,UNIT_SCADA,1,"2019/08/19 17:00:00",TORRA4,0
D,DISPATCH,UNIT_SCADA,1,"2019/08/19 17:00:00",TORRB1,46.27
D,DISPATCH,UNIT_SCADA,1,"2019/08/19 17:00:00",TORRB2,62.14
D,DISPATCH,UNIT_SCADA,1,"2019/08/19 17:00:00",TORRB3,0
D,DISPATCH,UNIT_SCADA,1,"2019/08/19 17:00:00",TORRB4,0
D,DISPATCH,UNIT_SCADA,1,"2019/08/19 17:00:00",TREVALLN,40.270020
D,DISPATCH,UNIT_SCADA,1,"2019/08/19 17:00:00",TRIBUTE,83.83
D,DISPATCH,UNIT_SCADA,1,"2019/08/19 17:00:00",TUMUT3,0
D,DISPATCH,UNIT_SCADA,1,"2019/08/19 17:00:00",TUNGATIN,130.710040
D,DISPATCH,UNIT_SCADA,1,"2019/08/19 17:00:00",TVCC201,0
D,DISPATCH,UNIT_SCADA,1,"2019/08/19 17:00:00",TVPP104,57.924240
D,DISPATCH,UNIT_SCADA,1,"2019/08/19 17:00:00",UPPTUMUT,0
D,DISPATCH,UNIT_SCADA,1,"2019/08/19 17:00:00",URANQ11,0
D,DISPATCH,UNIT_SCADA,1,"2019/08/19 17:00:00",URANQ12,0
D,DISPATCH,UNIT_SCADA,1,"2019/08/19 17:00:00",URANQ13,0
D,DISPATCH,UNIT_SCADA,1,"2019/08/19 17:00:00",URANQ14,0
D,DISPATCH,UNIT_SCADA,1,"2019/08/19 17:00:00",VP5,544.25
D,DISPATCH,UNIT_SCADA,1,"2019/08/19 17:00:00",VP6,496.8750
D,DISPATCH,UNIT_SCADA,1,"2019/08/19 17:00:00",VPGS1,0
D,DISPATCH,UNIT_SCADA,1,"2019/08/19 17:00:00",VPGS2,0
D,DISPATCH,UNIT_SCADA,1,"2019/08/19 17:00:00",VPGS3,0
D,DISPATCH,UNIT_SCADA,1,"2019/08/19 17:00:00",VPGS4,0
D,DISPATCH,UNIT_SCADA,1,"2019/08/19 17:00:00",VPGS5,0
D,DISPATCH,UNIT_SCADA,1,"2019/08/19 17:00:00",VPGS6,0
D,DISPATCH,UNIT_SCADA,1,"2019/08/19 17:00:00",W/HOE#1,0
D,DISPATCH,UNIT_SCADA,1,"2019/08/19 17:00:00",W/HOE#2,0
D,DISPATCH,UNIT_SCADA,1,"2019/08/19 17:00:00",WATERLWF,44.20
D,DISPATCH,UNIT_SCADA,1,"2019/08/19 17:00:00",WEMENSF1,44.40
D,DISPATCH,UNIT_SCADA,1,"2019/08/19 17:00:00",WGWF1,72.10
D,DISPATCH,UNIT_SCADA,1,"2019/08/19 17:00:00",WHITSF1,20.90
D,DISPATCH,UNIT_SCADA,1,"2019/08/19 17:00:00",WKIEWA1,0
D,DISPATCH,UNIT_SCADA,1,"2019/08/19 17:00:00",WKIEWA2,0.10
D,DISPATCH,UNIT_SCADA,1,"2019/08/19 17:00:00",WOODLWN1,45.0360
D,DISPATCH,UNIT_SCADA,1,"2019/08/19 17:00:00",WRSF1,2.04
D,DISPATCH,UNIT_SCADA,1,"2019/08/19 17:00:00",WRWF1,146.283750
D,DISPATCH,UNIT_SCADA,1,"2019/08/19 17:00:00",YABULU,0
D,DISPATCH,UNIT_SCADA,1,"2019/08/19 17:00:00",YABULU2,0
D,DISPATCH,UNIT_SCADA,1,"2019/08/19 17:00:00",YARWUN_1,0
D,DISPATCH,UNIT_SCADA,1,"2019/08/19 17:00:00",YENDWF1,42.09
D,DISPATCH,UNIT_SCADA,1,"2019/08/19 17:00:00",YWPS1,379.949370
D,DISPATCH,UNIT_SCADA,1,"2019/08/19 17:00:00",YWPS2,279.194950
D,DISPATCH,UNIT_SCADA,1,"2019/08/19 17:00:00",YWPS3,0
D,DISPATCH,UNIT_SCADA,1,"2019/08/19 17:00:00",YWPS4,397.778470
C,"END OF REPORT",334
