C,NEMP.WORLD,DISPATCHSCADA,AEMO,PUBLIC,2019/09/05,05:45:08,0000000312410454,DISPATCHSCADA,0000000312410448
I,DISPATCH,UNIT_SCADA,1,SETTLEMENTDATE,DUID,SCADAVALUE
D,DISPATCH,UNIT_SCADA,1,"2019/09/05 05:50:00",BARCSF1,0
D,DISPATCH,UNIT_SCADA,1,"2019/09/05 05:50:00",BUTLERSG,10.199999
D,DISPATCH,UNIT_SCADA,1,"2019/09/05 05:50:00",CALL_A_4,0
D,DISPATCH,UNIT_SCADA,1,"2019/09/05 05:50:00",CAPTL_WF,0
D,DISPATCH,UNIT_SCADA,1,"2019/09/05 05:50:00",CATHROCK,17.519999
D,DISPATCH,UNIT_SCADA,1,"2019/09/05 05:50:00",CHALLHWF,0.60
D,DISPATCH,UNIT_SCADA,1,"2019/09/05 05:50:00",CLOVER,-0.01
D,DISPATCH,UNIT_SCADA,1,"2019/09/05 05:50:00",CLUNY,12.072785
D,DISPATCH,UNIT_SCADA,1,"2019/09/05 05:50:00",CNUNDAWF,6.707825
D,DISPATCH,UNIT_SCADA,1,"2019/09/05 05:50:00",CULLRGWF,3.55
D,DISPATCH,UNIT_SCADA,1,"2019/09/05 05:50:00",ERGT01,0
D,DISPATCH,UNIT_SCADA,1,"2019/09/05 05:50:00",GB01,0.016121
D,DISPATCH,UNIT_SCADA,1,"2019/09/05 05:50:00",GERMCRK,37.400002
D,DISPATCH,UNIT_SCADA,1,"2019/09/05 05:50:00",GRIFSF1,0
D,DISPATCH,UNIT_SCADA,1,"2019/09/05 05:50:00",HUGSF1,-0.19
D,DISPATCH,UNIT_SCADA,1,"2019/09/05 05:50:00",LKBONNY1,8.216461
D,DISPATCH,UNIT_SCADA,1,"2019/09/05 05:50:00",LRSF1,-0.0310
D,DISPATCH,UNIT_SCADA,1,"2019/09/05 05:50:00",MBAHNTH,27.093750
D,DISPATCH,UNIT_SCADA,1,"2019/09/05 05:50:00",MLSP1,0.366001
D,DISPATCH,UNIT_SCADA,1,"2019/09/05 05:50:00",MLWF1,1.0350
D,DISPATCH,UNIT_SCADA,1,"2019/09/05 05:50:00",MTMILLAR,30.940973
D,DISPATCH,UNIT_SCADA,1,"2019/09/05 05:50:00",PALOONA,17.879999
D,DISPATCH,UNIT_SCADA,1,"2019/09/05 05:50:00",PIONEER,46.400002
D,DISPATCH,UNIT_SCADA,1,"2019/09/05 05:50:00",PORTWF,19.200001
D,DISPATCH,UNIT_SCADA,1,"2019/09/05 05:50:00",REPULSE,19.805599
D,DISPATCH,UNIT_SCADA,1,"2019/09/05 05:50:00",ROWALLAN,10.2311
D,DISPATCH,UNIT_SCADA,1,"2019/09/05 05:50:00",ROYALLA1,0
D,DISPATCH,UNIT_SCADA,1,"2019/09/05 05:50:00",RPCG,10.80
D,DISPATCH,UNIT_SCADA,1,"2019/09/05 05:50:00",RUBICON,0
D,DISPATCH,UNIT_SCADA,1,"2019/09/05 05:50:00",SATGN1,0
D,DISPATCH,UNIT_SCADA,1,"2019/09/05 05:50:00",SATGS1,0
D,DISPATCH,UNIT_SCADA,1,"2019/09/05 05:50:00",STARHLWF,4.798601
D,DISPATCH,UNIT_SCADA,1,"2019/09/05 05:50:00",WAUBRAWF,4.9360
D,DISPATCH,UNIT_SCADA,1,"2019/09/05 05:50:00",WOOLNTH1,-0.749985
D,DISPATCH,UNIT_SCADA,1,"2019/09/05 05:50:00",WPWF,5
D,DISPATCH,UNIT_SCADA,1,"2019/09/05 05:50:00",YAMBUKWF,5.20
D,DISPATCH,UNIT_SCADA,1,"2019/09/05 05:50:00",YSWF1,0
D,DISPATCH,UNIT_SCADA,1,"2019/09/05 05:50:00",AGLHAL,0
D,DISPATCH,UNIT_SCADA,1,"2019/09/05 05:50:00",AGLSOM,0
D,DISPATCH,UNIT_SCADA,1,"2019/09/05 05:50:00",ANGAST1,0
D,DISPATCH,UNIT_SCADA,1,"2019/09/05 05:50:00",ARWF1,2.60
D,DISPATCH,UNIT_SCADA,1,"2019/09/05 05:50:00",BALBG1,0
D,DISPATCH,UNIT_SCADA,1,"2019/09/05 05:50:00",BALBL1,0
D,DISPATCH,UNIT_SCADA,1,"2019/09/05 05:50:00",BALDHWF1,0
D,DISPATCH,UNIT_SCADA,1,"2019/09/05 05:50:00",BANN1,0
D,DISPATCH,UNIT_SCADA,1,"2019/09/05 05:50:00",BARCALDN,0
D,DISPATCH,UNIT_SCADA,1,"2019/09/05 05:50:00",BARRON-1,33.52
D,DISPATCH,UNIT_SCADA,1,"2019/09/05 05:50:00",BARRON-2,0
D,DISPATCH,UNIT_SCADA,1,"2019/09/05 05:50:00",BASTYAN,80.650010
D,DISPATCH,UNIT_SCADA,1,"2019/09/05 05:50:00",BBTHREE1,0
D,DISPATCH,UNIT_SCADA,1,"2019/09/05 05:50:00",BBTHREE2,0
D,DISPATCH,UNIT_SCADA,1,"2019/09/05 05:50:00",BBTHREE3,0
D,DISPATCH,UNIT_SCADA,1,"2019/09/05 05:50:00",BDL01,0
D,DISPATCH,UNIT_SCADA,1,"2019/09/05 05:50:00",BDL02,-0.06
D,DISPATCH,UNIT_SCADA,1,"2019/09/05 05:50:00",BERYLSF1,0
D,DISPATCH,UNIT_SCADA,1,"2019/09/05 05:50:00",BLOWERNG,11.10
D,DISPATCH,UNIT_SCADA,1,"2019/09/05 05:50:00",BLUFF1,0
D,DISPATCH,UNIT_SCADA,1,"2019/09/05 05:50:00",BNGSF1,0
D,DISPATCH,UNIT_SCADA,1,"2019/09/05 05:50:00",BNGSF2,0
D,DISPATCH,UNIT_SCADA,1,"2019/09/05 05:50:00",BOCORWF1,11.94
D,DISPATCH,UNIT_SCADA,1,"2019/09/05 05:50:00",BODWF1,5.163540
D,DISPATCH,UNIT_SCADA,1,"2019/09/05 05:50:00",BRAEMAR1,0
D,DISPATCH,UNIT_SCADA,1,"2019/09/05 05:50:00",BRAEMAR2,0
D,DISPATCH,UNIT_SCADA,1,"2019/09/05 05:50:00",BRAEMAR3,0
D,DISPATCH,UNIT_SCADA,1,"2019/09/05 05:50:00",BRAEMAR5,0
D,DISPATCH,UNIT_SCADA,1,"2019/09/05 05:50:00",BRAEMAR6,0
D,DISPATCH,UNIT_SCADA,1,"2019/09/05 05:50:00",BRAEMAR7,0
D,DISPATCH,UNIT_SCADA,1,"2019/09/05 05:50:00",BROKENH1,0
D,DISPATCH,UNIT_SCADA,1,"2019/09/05 05:50:00",BW01,567.50
D,DISPATCH,UNIT_SCADA,1,"2019/09/05 05:50:00",BW02,651.275020
D,DISPATCH,UNIT_SCADA,1,"2019/09/05 05:50:00",BW03,647.8501
D,DISPATCH,UNIT_SCADA,1,"2019/09/05 05:50:00",BW04,0
D,DISPATCH,UNIT_SCADA,1,"2019/09/05 05:50:00",CALL_B_1,350.200010
D,DISPATCH,UNIT_SCADA,1,"2019/09/05 05:50:00",CALL_B_2,349.899990
D,DISPATCH,UNIT_SCADA,1,"2019/09/05 05:50:00",CETHANA,80.281880
D,DISPATCH,UNIT_SCADA,1,"2019/09/05 05:50:00",CG1,0
D,DISPATCH,UNIT_SCADA,1,"2019/09/05 05:50:00",CG2,0
D,DISPATCH,UNIT_SCADA,1,"2019/09/05 05:50:00",CG3,0
D,DISPATCH,UNIT_SCADA,1,"2019/09/05 05:50:00",CG4,0
D,DISPATCH,UNIT_SCADA,1,"2019/09/05 05:50:00",CHILDSF1,0
D,DISPATCH,UNIT_SCADA,1,"2019/09/05 05:50:00",CLARESF1,0
D,DISPATCH,UNIT_SCADA,1,"2019/09/05 05:50:00",CLEMGPWF,-0.144070
D,DISPATCH,UNIT_SCADA,1,"2019/09/05 05:50:00",CLERMSF1,0
D,DISPATCH,UNIT_SCADA,1,"2019/09/05 05:50:00",COLEASF1,0
D,DISPATCH,UNIT_SCADA,1,"2019/09/05 05:50:00",COOPGWF1,3.928540
D,DISPATCH,UNIT_SCADA,1,"2019/09/05 05:50:00",CPP_3,408.3750
D,DISPATCH,UNIT_SCADA,1,"2019/09/05 05:50:00",CPP_4,404.25
D,DISPATCH,UNIT_SCADA,1,"2019/09/05 05:50:00",CPSA,142.257510
D,DISPATCH,UNIT_SCADA,1,"2019/09/05 05:50:00",CROOKWF2,12.523750
D,DISPATCH,UNIT_SCADA,1,"2019/09/05 05:50:00",CROWLWF1,0.3795
D,DISPATCH,UNIT_SCADA,1,"2019/09/05 05:50:00",CSPVPS1,0
D,DISPATCH,UNIT_SCADA,1,"2019/09/05 05:50:00",DALNTH01,0
D,DISPATCH,UNIT_SCADA,1,"2019/09/05 05:50:00",DALNTHL1,0.093080
D,DISPATCH,UNIT_SCADA,1,"2019/09/05 05:50:00",DARTM1,133.30
D,DISPATCH,UNIT_SCADA,1,"2019/09/05 05:50:00",DAYDSF1,0
D,DISPATCH,UNIT_SCADA,1,"2019/09/05 05:50:00",DDPS1,350.007480
D,DISPATCH,UNIT_SCADA,1,"2019/09/05 05:50:00",DDSF1,0
D,DISPATCH,UNIT_SCADA,1,"2019/09/05 05:50:00",DEVILS_G,56.361580
D,DISPATCH,UNIT_SCADA,1,"2019/09/05 05:50:00",DG_NSW1,0
D,DISPATCH,UNIT_SCADA,1,"2019/09/05 05:50:00",DG_QLD1,0
D,DISPATCH,UNIT_SCADA,1,"2019/09/05 05:50:00",DG_SA1,0
D,DISPATCH,UNIT_SCADA,1,"2019/09/05 05:50:00",DG_TAS1,0
D,DISPATCH,UNIT_SCADA,1,"2019/09/05 05:50:00",DG_VIC1,0
D,DISPATCH,UNIT_SCADA,1,"2019/09/05 05:50:00",DRYCGT1,0
D,DISPATCH,UNIT_SCADA,1,"2019/09/05 05:50:00",DRYCGT2,0
D,DISPATCH,UNIT_SCADA,1,"2019/09/05 05:50:00",DRYCGT3,0
D,DISPATCH,UNIT_SCADA,1,"2019/09/05 05:50:00",EILDON1,0
D,DISPATCH,UNIT_SCADA,1,"2019/09/05 05:50:00",EILDON2,0
D,DISPATCH,UNIT_SCADA,1,"2019/09/05 05:50:00",EMERASF1,0
D,DISPATCH,UNIT_SCADA,1,"2019/09/05 05:50:00",ER01,581.574950
D,DISPATCH,UNIT_SCADA,1,"2019/09/05 05:50:00",ER02,420.925050
D,DISPATCH,UNIT_SCADA,1,"2019/09/05 05:50:00",ER03,0
D,DISPATCH,UNIT_SCADA,1,"2019/09/05 05:50:00",ER04,689.325070
D,DISPATCH,UNIT_SCADA,1,"2019/09/05 05:50:00",FINLYSF1,0
D,DISPATCH,UNIT_SCADA,1,"2019/09/05 05:50:00",FISHER,45.92
D,DISPATCH,UNIT_SCADA,1,"2019/09/05 05:50:00",GANNBG1,0
D,DISPATCH,UNIT_SCADA,1,"2019/09/05 05:50:00",GANNBL1,5.546440
D,DISPATCH,UNIT_SCADA,1,"2019/09/05 05:50:00",GANNSF1,0
D,DISPATCH,UNIT_SCADA,1,"2019/09/05 05:50:00",GORDON,19.472880
D,DISPATCH,UNIT_SCADA,1,"2019/09/05 05:50:00",GSTONE1,214.724990
D,DISPATCH,UNIT_SCADA,1,"2019/09/05 05:50:00",GSTONE2,230.1250
D,DISPATCH,UNIT_SCADA,1,"2019/09/05 05:50:00",GSTONE3,0
D,DISPATCH,UNIT_SCADA,1,"2019/09/05 05:50:00",GSTONE4,224.70
D,DISPATCH,UNIT_SCADA,1,"2019/09/05 05:50:00",GSTONE5,215.0750
D,DISPATCH,UNIT_SCADA,1,"2019/09/05 05:50:00",GSTONE6,227.3250
D,DISPATCH,UNIT_SCADA,1,"2019/09/05 05:50:00",GULLRSF1,0
D,DISPATCH,UNIT_SCADA,1,"2019/09/05 05:50:00",GULLRWF1,22.650180
D,DISPATCH,UNIT_SCADA,1,"2019/09/05 05:50:00",GUNNING1,3.839930
D,DISPATCH,UNIT_SCADA,1,"2019/09/05 05:50:00",GUTHEGA,0
D,DISPATCH,UNIT_SCADA,1,"2019/09/05 05:50:00",HALLWF1,-0.48
D,DISPATCH,UNIT_SCADA,1,"2019/09/05 05:50:00",HALLWF2,-0.31
D,DISPATCH,UNIT_SCADA,1,"2019/09/05 05:50:00",HAMISF1,0
D,DISPATCH,UNIT_SCADA,1,"2019/09/05 05:50:00",HAUGHT11,0
D,DISPATCH,UNIT_SCADA,1,"2019/09/05 05:50:00",HAYMSF1,0
D,DISPATCH,UNIT_SCADA,1,"2019/09/05 05:50:00",HDWF1,5
D,DISPATCH,UNIT_SCADA,1,"2019/09/05 05:50:00",HDWF2,3.40
D,DISPATCH,UNIT_SCADA,1,"2019/09/05 05:50:00",HDWF3,3.80
D,DISPATCH,UNIT_SCADA,1,"2019/09/05 05:50:00",HPRG1,6.50
D,DISPATCH,UNIT_SCADA,1,"2019/09/05 05:50:00",HPRL1,0
D,DISPATCH,UNIT_SCADA,1,"2019/09/05 05:50:00",HUMENSW,0
D,DISPATCH,UNIT_SCADA,1,"2019/09/05 05:50:00",HUMEV,26.20
D,DISPATCH,UNIT_SCADA,1,"2019/09/05 05:50:00",HVGTS,0
D,DISPATCH,UNIT_SCADA,1,"2019/09/05 05:50:00",JBUTTERS,100.42
D,DISPATCH,UNIT_SCADA,1,"2019/09/05 05:50:00",JLA01,0.10
D,DISPATCH,UNIT_SCADA,1,"2019/09/05 05:50:00",JLA02,0
D,DISPATCH,UNIT_SCADA,1,"2019/09/05 05:50:00",JLA03,0
D,DISPATCH,UNIT_SCADA,1,"2019/09/05 05:50:00",JLA04,0
D,DISPATCH,UNIT_SCADA,1,"2019/09/05 05:50:00",JLB01,0
D,DISPATCH,UNIT_SCADA,1,"2019/09/05 05:50:00",JLB02,0.10
D,DISPATCH,UNIT_SCADA,1,"2019/09/05 05:50:00",JLB03,0
D,DISPATCH,UNIT_SCADA,1,"2019/09/05 05:50:00",KAREEYA1,21.5150
D,DISPATCH,UNIT_SCADA,1,"2019/09/05 05:50:00",KAREEYA2,21.7175
D,DISPATCH,UNIT_SCADA,1,"2019/09/05 05:50:00",KAREEYA3,0
D,DISPATCH,UNIT_SCADA,1,"2019/09/05 05:50:00",KAREEYA4,21.5950
D,DISPATCH,UNIT_SCADA,1,"2019/09/05 05:50:00",KARSF1,0
D,DISPATCH,UNIT_SCADA,1,"2019/09/05 05:50:00",KIATAWF1,9.60
D,DISPATCH,UNIT_SCADA,1,"2019/09/05 05:50:00",KPP_1,0
D,DISPATCH,UNIT_SCADA,1,"2019/09/05 05:50:00",KSP1,0
D,DISPATCH,UNIT_SCADA,1,"2019/09/05 05:50:00",LADBROK1,29
D,DISPATCH,UNIT_SCADA,1,"2019/09/05 05:50:00",LADBROK2,29
D,DISPATCH,UNIT_SCADA,1,"2019/09/05 05:50:00",LD01,356.662450
D,DISPATCH,UNIT_SCADA,1,"2019/09/05 05:50:00",LD02,360.149960
D,DISPATCH,UNIT_SCADA,1,"2019/09/05 05:50:00",LD03,349.893770
D,DISPATCH,UNIT_SCADA,1,"2019/09/05 05:50:00",LD04,348.8812
D,DISPATCH,UNIT_SCADA,1,"2019/09/05 05:50:00",LEM_WIL,81.3558
D,DISPATCH,UNIT_SCADA,1,"2019/09/05 05:50:00",LGAPWF1,13.77
D,DISPATCH,UNIT_SCADA,1,"2019/09/05 05:50:00",LILYSF1,0
D,DISPATCH,UNIT_SCADA,1,"2019/09/05 05:50:00",LI_WY_CA,158.828720
D,DISPATCH,UNIT_SCADA,1,"2019/09/05 05:50:00",LKBONNY2,27.060450
D,DISPATCH,UNIT_SCADA,1,"2019/09/05 05:50:00",LKBONNY3,8.317480
D,DISPATCH,UNIT_SCADA,1,"2019/09/05 05:50:00",LK_ECHO,0
D,DISPATCH,UNIT_SCADA,1,"2019/09/05 05:50:00",LNGS1,0
D,DISPATCH,UNIT_SCADA,1,"2019/09/05 05:50:00",LNGS2,0
D,DISPATCH,UNIT_SCADA,1,"2019/09/05 05:50:00",LONSDALE,0
D,DISPATCH,UNIT_SCADA,1,"2019/09/05 05:50:00",LOYYB1,535.712650
D,DISPATCH,UNIT_SCADA,1,"2019/09/05 05:50:00",LOYYB2,582.330380
D,DISPATCH,UNIT_SCADA,1,"2019/09/05 05:50:00",LYA1,0
D,DISPATCH,UNIT_SCADA,1,"2019/09/05 05:50:00",LYA2,0
D,DISPATCH,UNIT_SCADA,1,"2019/09/05 05:50:00",LYA3,558
D,DISPATCH,UNIT_SCADA,1,"2019/09/05 05:50:00",LYA4,539
D,DISPATCH,UNIT_SCADA,1,"2019/09/05 05:50:00",MACARTH1,53.198770
D,DISPATCH,UNIT_SCADA,1,"2019/09/05 05:50:00",MACKAYGT,0.2240
D,DISPATCH,UNIT_SCADA,1,"2019/09/05 05:50:00",MACKNTSH,89.09
D,DISPATCH,UNIT_SCADA,1,"2019/09/05 05:50:00",MANSLR1,0
D,DISPATCH,UNIT_SCADA,1,"2019/09/05 05:50:00",MCKAY1,0.0750
D,DISPATCH,UNIT_SCADA,1,"2019/09/05 05:50:00",MEADOWBK,32.2954
D,DISPATCH,UNIT_SCADA,1,"2019/09/05 05:50:00",MERCER01,3.2010
D,DISPATCH,UNIT_SCADA,1,"2019/09/05 05:50:00",MEWF1,56.121350
D,DISPATCH,UNIT_SCADA,1,"2019/09/05 05:50:00",MINTARO,0
D,DISPATCH,UNIT_SCADA,1,"2019/09/05 05:50:00",MOREESF1,0
D,DISPATCH,UNIT_SCADA,1,"2019/09/05 05:50:00",MORTLK11,259
D,DISPATCH,UNIT_SCADA,1,"2019/09/05 05:50:00",MORTLK12,0
D,DISPATCH,UNIT_SCADA,1,"2019/09/05 05:50:00",MP1,218.774960
D,DISPATCH,UNIT_SCADA,1,"2019/09/05 05:50:00",MP2,0
D,DISPATCH,UNIT_SCADA,1,"2019/09/05 05:50:00",MPP_1,400.75
D,DISPATCH,UNIT_SCADA,1,"2019/09/05 05:50:00",MPP_2,437
D,DISPATCH,UNIT_SCADA,1,"2019/09/05 05:50:00",MSTUART1,0
D,DISPATCH,UNIT_SCADA,1,"2019/09/05 05:50:00",MSTUART2,0
D,DISPATCH,UNIT_SCADA,1,"2019/09/05 05:50:00",MSTUART3,0
D,DISPATCH,UNIT_SCADA,1,"2019/09/05 05:50:00",MTGELWF1,8.165230
D,DISPATCH,UNIT_SCADA,1,"2019/09/05 05:50:00",MURRAY,0
D,DISPATCH,UNIT_SCADA,1,"2019/09/05 05:50:00",MUSSELR1,21.70
D,DISPATCH,UNIT_SCADA,1,"2019/09/05 05:50:00",MUWAWF1,20.46
D,DISPATCH,UNIT_SCADA,1,"2019/09/05 05:50:00",NBHWF1,3.90
D,DISPATCH,UNIT_SCADA,1,"2019/09/05 05:50:00",NPS,214.1250
D,DISPATCH,UNIT_SCADA,1,"2019/09/05 05:50:00",NUMURSF1,0
D,DISPATCH,UNIT_SCADA,1,"2019/09/05 05:50:00",NYNGAN1,0
D,DISPATCH,UNIT_SCADA,1,"2019/09/05 05:50:00",OAKEY1,0
D,DISPATCH,UNIT_SCADA,1,"2019/09/05 05:50:00",OAKEY1SF,0
D,DISPATCH,UNIT_SCADA,1,"2019/09/05 05:50:00",OAKEY2,0
D,DISPATCH,UNIT_SCADA,1,"2019/09/05 05:50:00",OAKEY2SF,0
D,DISPATCH,UNIT_SCADA,1,"2019/09/05 05:50:00",OAKLAND1,0
D,DISPATCH,UNIT_SCADA,1,"2019/09/05 05:50:00",OSB-AG,181.22
D,DISPATCH,UNIT_SCADA,1,"2019/09/05 05:50:00",PARSF1,0
D,DISPATCH,UNIT_SCADA,1,"2019/09/05 05:50:00",POAT110,0
D,DISPATCH,UNIT_SCADA,1,"2019/09/05 05:50:00",POAT220,1.21
D,DISPATCH,UNIT_SCADA,1,"2019/09/05 05:50:00",POR01,0
D,DISPATCH,UNIT_SCADA,1,"2019/09/05 05:50:00",POR03,0
D,DISPATCH,UNIT_SCADA,1,"2019/09/05 05:50:00",PPCCGT,356.763790
D,DISPATCH,UNIT_SCADA,1,"2019/09/05 05:50:00",PTSTAN1,0
D,DISPATCH,UNIT_SCADA,1,"2019/09/05 05:50:00",PUMP1,0
D,DISPATCH,UNIT_SCADA,1,"2019/09/05 05:50:00",PUMP2,0
D,DISPATCH,UNIT_SCADA,1,"2019/09/05 05:50:00",QPS1,21
D,DISPATCH,UNIT_SCADA,1,"2019/09/05 05:50:00",QPS2,0
D,DISPATCH,UNIT_SCADA,1,"2019/09/05 05:50:00",QPS3,0
D,DISPATCH,UNIT_SCADA,1,"2019/09/05 05:50:00",QPS4,0
D,DISPATCH,UNIT_SCADA,1,"2019/09/05 05:50:00",QPS5,0
D,DISPATCH,UNIT_SCADA,1,"2019/09/05 05:50:00",REECE1,100.88
D,DISPATCH,UNIT_SCADA,1,"2019/09/05 05:50:00",REECE2,101.800010
D,DISPATCH,UNIT_SCADA,1,"2019/09/05 05:50:00",ROMA_7,0
D,DISPATCH,UNIT_SCADA,1,"2019/09/05 05:50:00",ROMA_8,0
D,DISPATCH,UNIT_SCADA,1,"2019/09/05 05:50:00",RRSF1,0
D,DISPATCH,UNIT_SCADA,1,"2019/09/05 05:50:00",RT_NSW1,0
D,DISPATCH,UNIT_SCADA,1,"2019/09/05 05:50:00",RT_NSW2,0
D,DISPATCH,UNIT_SCADA,1,"2019/09/05 05:50:00",RT_NSW3,0
D,DISPATCH,UNIT_SCADA,1,"2019/09/05 05:50:00",RT_NSW4,0
D,DISPATCH,UNIT_SCADA,1,"2019/09/05 05:50:00",RT_NSW5,0
D,DISPATCH,UNIT_SCADA,1,"2019/09/05 05:50:00",RT_NSW6,0
D,DISPATCH,UNIT_SCADA,1,"2019/09/05 05:50:00",RT_QLD1,0
D,DISPATCH,UNIT_SCADA,1,"2019/09/05 05:50:00",RT_SA1,0
D,DISPATCH,UNIT_SCADA,1,"2019/09/05 05:50:00",RT_SA2,0
D,DISPATCH,UNIT_SCADA,1,"2019/09/05 05:50:00",RT_SA3,0
D,DISPATCH,UNIT_SCADA,1,"2019/09/05 05:50:00",RT_SA4,0
D,DISPATCH,UNIT_SCADA,1,"2019/09/05 05:50:00",RT_SA5,0
D,DISPATCH,UNIT_SCADA,1,"2019/09/05 05:50:00",RT_SA6,0
D,DISPATCH,UNIT_SCADA,1,"2019/09/05 05:50:00",RT_TAS1,0
D,DISPATCH,UNIT_SCADA,1,"2019/09/05 05:50:00",RT_VIC1,0
D,DISPATCH,UNIT_SCADA,1,"2019/09/05 05:50:00",RT_VIC10,0
D,DISPATCH,UNIT_SCADA,1,"2019/09/05 05:50:00",RT_VIC11,0
D,DISPATCH,UNIT_SCADA,1,"2019/09/05 05:50:00",RT_VIC12,0
D,DISPATCH,UNIT_SCADA,1,"2019/09/05 05:50:00",RT_VIC2,0
D,DISPATCH,UNIT_SCADA,1,"2019/09/05 05:50:00",RT_VIC3,0
D,DISPATCH,UNIT_SCADA,1,"2019/09/05 05:50:00",RT_VIC4,0
D,DISPATCH,UNIT_SCADA,1,"2019/09/05 05:50:00",RT_VIC5,0
D,DISPATCH,UNIT_SCADA,1,"2019/09/05 05:50:00",RT_VIC6,0
D,DISPATCH,UNIT_SCADA,1,"2019/09/05 05:50:00",RT_VIC7,0
D,DISPATCH,UNIT_SCADA,1,"2019/09/05 05:50:00",RT_VIC8,0
D,DISPATCH,UNIT_SCADA,1,"2019/09/05 05:50:00",RT_VIC9,0
D,DISPATCH,UNIT_SCADA,1,"2019/09/05 05:50:00",RUGBYR1,0
D,DISPATCH,UNIT_SCADA,1,"2019/09/05 05:50:00",SALTCRK1,6.19
D,DISPATCH,UNIT_SCADA,1,"2019/09/05 05:50:00",SAPHWF1,-1.359380
D,DISPATCH,UNIT_SCADA,1,"2019/09/05 05:50:00",SHGEN,0
D,DISPATCH,UNIT_SCADA,1,"2019/09/05 05:50:00",SHPUMP,0
D,DISPATCH,UNIT_SCADA,1,"2019/09/05 05:50:00",SITHE01,0.214140
D,DISPATCH,UNIT_SCADA,1,"2019/09/05 05:50:00",SMCSF1,0
D,DISPATCH,UNIT_SCADA,1,"2019/09/05 05:50:00",SNOWNTH1,0
D,DISPATCH,UNIT_SCADA,1,"2019/09/05 05:50:00",SNOWSTH1,0
D,DISPATCH,UNIT_SCADA,1,"2019/09/05 05:50:00",SNOWTWN1,-0.498140
D,DISPATCH,UNIT_SCADA,1,"2019/09/05 05:50:00",SNOWYP,0
D,DISPATCH,UNIT_SCADA,1,"2019/09/05 05:50:00",SNUG1,0.019440
D,DISPATCH,UNIT_SCADA,1,"2019/09/05 05:50:00",SRSF1,0
D,DISPATCH,UNIT_SCADA,1,"2019/09/05 05:50:00",STAN-1,285.734410
D,DISPATCH,UNIT_SCADA,1,"2019/09/05 05:50:00",STAN-2,255.651020
D,DISPATCH,UNIT_SCADA,1,"2019/09/05 05:50:00",STAN-3,265.418180
D,DISPATCH,UNIT_SCADA,1,"2019/09/05 05:50:00",STAN-4,270.5325
D,DISPATCH,UNIT_SCADA,1,"2019/09/05 05:50:00",STWF1,147.476240
D,DISPATCH,UNIT_SCADA,1,"2019/09/05 05:50:00",SWAN_E,0
D,DISPATCH,UNIT_SCADA,1,"2019/09/05 05:50:00",TALWA1,417
D,DISPATCH,UNIT_SCADA,1,"2019/09/05 05:50:00",TARALGA1,26.853760
D,DISPATCH,UNIT_SCADA,1,"2019/09/05 05:50:00",TARONG#1,330.600010
D,DISPATCH,UNIT_SCADA,1,"2019/09/05 05:50:00",TARONG#2,0
D,DISPATCH,UNIT_SCADA,1,"2019/09/05 05:50:00",TARONG#3,260.300020
D,DISPATCH,UNIT_SCADA,1,"2019/09/05 05:50:00",TARONG#4,341.399990
D,DISPATCH,UNIT_SCADA,1,"2019/09/05 05:50:00",TARRALEA,71.10
D,DISPATCH,UNIT_SCADA,1,"2019/09/05 05:50:00",TBSF1,-0.20
D,DISPATCH,UNIT_SCADA,1,"2019/09/05 05:50:00",TNPS1,379.600010
D,DISPATCH,UNIT_SCADA,1,"2019/09/05 05:50:00",TORRA1,75.227210
D,DISPATCH,UNIT_SCADA,1,"2019/09/05 05:50:00",TORRA2,0
D,DISPATCH,UNIT_SCADA,1,"2019/09/05 05:50:00",TORRA3,0
D,DISPATCH,UNIT_SCADA,1,"2019/09/05 05:50:00",TORRA4,69.476330
D,DISPATCH,UNIT_SCADA,1,"2019/09/05 05:50:00",TORRB1,99.72
D,DISPATCH,UNIT_SCADA,1,"2019/09/05 05:50:00",TORRB2,103.36
D,DISPATCH,UNIT_SCADA,1,"2019/09/05 05:50:00",TORRB3,101.84
D,DISPATCH,UNIT_SCADA,1,"2019/09/05 05:50:00",TORRB4,0
D,DISPATCH,UNIT_SCADA,1,"2019/09/05 05:50:00",TREVALLN,17.70
D,DISPATCH,UNIT_SCADA,1,"2019/09/05 05:50:00",TRIBUTE,0
D,DISPATCH,UNIT_SCADA,1,"2019/09/05 05:50:00",TUMUT3,0
D,DISPATCH,UNIT_SCADA,1,"2019/09/05 05:50:00",TUNGATIN,109.900040
D,DISPATCH,UNIT_SCADA,1,"2019/09/05 05:50:00",TVCC201,0
D,DISPATCH,UNIT_SCADA,1,"2019/09/05 05:50:00",TVPP104,0
D,DISPATCH,UNIT_SCADA,1,"2019/09/05 05:50:00",UPPTUMUT,100.461360
D,DISPATCH,UNIT_SCADA,1,"2019/09/05 05:50:00",URANQ11,0
D,DISPATCH,UNIT_SCADA,1,"2019/09/05 05:50:00",URANQ12,0
D,DISPATCH,UNIT_SCADA,1,"2019/09/05 05:50:00",URANQ13,0
D,DISPATCH,UNIT_SCADA,1,"2019/09/05 05:50:00",URANQ14,0
D,DISPATCH,UNIT_SCADA,1,"2019/09/05 05:50:00",VP5,632.674990
D,DISPATCH,UNIT_SCADA,1,"2019/09/05 05:50:00",VP6,0
D,DISPATCH,UNIT_SCADA,1,"2019/09/05 05:50:00",VPGS1,0
D,DISPATCH,UNIT_SCADA,1,"2019/09/05 05:50:00",VPGS2,0
D,DISPATCH,UNIT_SCADA,1,"2019/09/05 05:50:00",VPGS3,0
D,DISPATCH,UNIT_SCADA,1,"2019/09/05 05:50:00",VPGS4,0
D,DISPATCH,UNIT_SCADA,1,"2019/09/05 05:50:00",VPGS5,0
D,DISPATCH,UNIT_SCADA,1,"2019/09/05 05:50:00",VPGS6,0
D,DISPATCH,UNIT_SCADA,1,"2019/09/05 05:50:00",W/HOE#1,0
D,DISPATCH,UNIT_SCADA,1,"2019/09/05 05:50:00",W/HOE#2,0
D,DISPATCH,UNIT_SCADA,1,"2019/09/05 05:50:00",WATERLWF,0.40
D,DISPATCH,UNIT_SCADA,1,"2019/09/05 05:50:00",WEMENSF1,0
D,DISPATCH,UNIT_SCADA,1,"2019/09/05 05:50:00",WGWF1,0
D,DISPATCH,UNIT_SCADA,1,"2019/09/05 05:50:00",WHITSF1,0
D,DISPATCH,UNIT_SCADA,1,"2019/09/05 05:50:00",WKIEWA1,26.20
D,DISPATCH,UNIT_SCADA,1,"2019/09/05 05:50:00",WKIEWA2,17.20
D,DISPATCH,UNIT_SCADA,1,"2019/09/05 05:50:00",WOODLWN1,0
D,DISPATCH,UNIT_SCADA,1,"2019/09/05 05:50:00",WRSF1,0
D,DISPATCH,UNIT_SCADA,1,"2019/09/05 05:50:00",WRWF1,0.568750
D,DISPATCH,UNIT_SCADA,1,"2019/09/05 05:50:00",YABULU,0
D,DISPATCH,UNIT_SCADA,1,"2019/09/05 05:50:00",YABULU2,0
D,DISPATCH,UNIT_SCADA,1,"2019/09/05 05:50:00",YARWUN_1,166.92
D,DISPATCH,UNIT_SCADA,1,"2019/09/05 05:50:00",YENDWF1,0.35
D,DISPATCH,UNIT_SCADA,1,"2019/09/05 05:50:00",YWPS1,381.453160
D,DISPATCH,UNIT_SCADA,1,"2019/09/05 05:50:00",YWPS2,281.701260
D,DISPATCH,UNIT_SCADA,1,"2019/09/05 05:50:00",YWPS3,327.491150
D,DISPATCH,UNIT_SCADA,1,"2019/09/05 05:50:00",YWPS4,388.745570
C,"END OF REPORT",335
