C,NEMP.WORLD,DISPATCHSCADA,AEMO,PUBLIC,2019/08/20,17:15:07,0000000311794438,DISPATCHSCADA,0000000311794432
I,DISPATCH,UNIT_SCADA,1,SETTLEMENTDATE,DUID,SCADAVALUE
D,DISPATCH,UNIT_SCADA,1,"2019/08/20 17:20:00",BARCSF1,8.60
D,DISPATCH,UNIT_SCADA,1,"2019/08/20 17:20:00",BUTLERSG,9.699999
D,DISPATCH,UNIT_SCADA,1,"2019/08/20 17:20:00",CALL_A_4,0
D,DISPATCH,UNIT_SCADA,1,"2019/08/20 17:20:00",CAPTL_WF,121.036003
D,DISPATCH,UNIT_SCADA,1,"2019/08/20 17:20:00",CATHROCK,50.099998
D,DISPATCH,UNIT_SCADA,1,"2019/08/20 17:20:00",CHALLHWF,45.599998
D,DISPATCH,UNIT_SCADA,1,"2019/08/20 17:20:00",CLOVER,-0.01
D,DISPATCH,UNIT_SCADA,1,"2019/08/20 17:20:00",CLUNY,17.958801
D,DISPATCH,UNIT_SCADA,1,"2019/08/20 17:20:00",CNUNDAWF,41.348236
D,DISPATCH,UNIT_SCADA,1,"2019/08/20 17:20:00",CULLRGWF,22.059999
D,DISPATCH,UNIT_SCADA,1,"2019/08/20 17:20:00",ERGT01,0
D,DISPATCH,UNIT_SCADA,1,"2019/08/20 17:20:00",GB01,0.068146
D,DISPATCH,UNIT_SCADA,1,"2019/08/20 17:20:00",GERMCRK,26.799999
D,DISPATCH,UNIT_SCADA,1,"2019/08/20 17:20:00",GRIFSF1,4.200005
D,DISPATCH,UNIT_SCADA,1,"2019/08/20 17:20:00",HUGSF1,3.6370
D,DISPATCH,UNIT_SCADA,1,"2019/08/20 17:20:00",LKBONNY1,75.198486
D,DISPATCH,UNIT_SCADA,1,"2019/08/20 17:20:00",LRSF1,6.0810
D,DISPATCH,UNIT_SCADA,1,"2019/08/20 17:20:00",MBAHNTH,52.425003
D,DISPATCH,UNIT_SCADA,1,"2019/08/20 17:20:00",MLSP1,0.283001
D,DISPATCH,UNIT_SCADA,1,"2019/08/20 17:20:00",MLWF1,17.759998
D,DISPATCH,UNIT_SCADA,1,"2019/08/20 17:20:00",MTMILLAR,28.671373
D,DISPATCH,UNIT_SCADA,1,"2019/08/20 17:20:00",PALOONA,8.87
D,DISPATCH,UNIT_SCADA,1,"2019/08/20 17:20:00",PIONEER,10.80
D,DISPATCH,UNIT_SCADA,1,"2019/08/20 17:20:00",PORTWF,133.600006
D,DISPATCH,UNIT_SCADA,1,"2019/08/20 17:20:00",REPULSE,29.095293
D,DISPATCH,UNIT_SCADA,1,"2019/08/20 17:20:00",ROWALLAN,10.1814
D,DISPATCH,UNIT_SCADA,1,"2019/08/20 17:20:00",ROYALLA1,0.2980
D,DISPATCH,UNIT_SCADA,1,"2019/08/20 17:20:00",RPCG,10.60
D,DISPATCH,UNIT_SCADA,1,"2019/08/20 17:20:00",RUBICON,0
D,DISPATCH,UNIT_SCADA,1,"2019/08/20 17:20:00",SATGN1,0
D,DISPATCH,UNIT_SCADA,1,"2019/08/20 17:20:00",SATGS1,0
D,DISPATCH,UNIT_SCADA,1,"2019/08/20 17:20:00",STARHLWF,31.190905
D,DISPATCH,UNIT_SCADA,1,"2019/08/20 17:20:00",WAUBRAWF,155.087997
D,DISPATCH,UNIT_SCADA,1,"2019/08/20 17:20:00",WOOLNTH1,63.440018
D,DISPATCH,UNIT_SCADA,1,"2019/08/20 17:20:00",WPWF,68
D,DISPATCH,UNIT_SCADA,1,"2019/08/20 17:20:00",YAMBUKWF,28.60
D,DISPATCH,UNIT_SCADA,1,"2019/08/20 17:20:00",YSWF1,28.799999
D,DISPATCH,UNIT_SCADA,1,"2019/08/20 17:20:00",AGLHAL,0
D,DISPATCH,UNIT_SCADA,1,"2019/08/20 17:20:00",AGLSOM,38.50
D,DISPATCH,UNIT_SCADA,1,"2019/08/20 17:20:00",ANGAST1,0
D,DISPATCH,UNIT_SCADA,1,"2019/08/20 17:20:00",ARWF1,89.80
D,DISPATCH,UNIT_SCADA,1,"2019/08/20 17:20:00",BALBG1,0
D,DISPATCH,UNIT_SCADA,1,"2019/08/20 17:20:00",BALBL1,1.01
D,DISPATCH,UNIT_SCADA,1,"2019/08/20 17:20:00",BALDHWF1,103.4180
D,DISPATCH,UNIT_SCADA,1,"2019/08/20 17:20:00",BANN1,4.19
D,DISPATCH,UNIT_SCADA,1,"2019/08/20 17:20:00",BARCALDN,0
D,DISPATCH,UNIT_SCADA,1,"2019/08/20 17:20:00",BARRON-1,0
D,DISPATCH,UNIT_SCADA,1,"2019/08/20 17:20:00",BARRON-2,25.44
D,DISPATCH,UNIT_SCADA,1,"2019/08/20 17:20:00",BASTYAN,80.560010
D,DISPATCH,UNIT_SCADA,1,"2019/08/20 17:20:00",BBTHREE1,-1.87
D,DISPATCH,UNIT_SCADA,1,"2019/08/20 17:20:00",BBTHREE2,-2.03
D,DISPATCH,UNIT_SCADA,1,"2019/08/20 17:20:00",BBTHREE3,0
D,DISPATCH,UNIT_SCADA,1,"2019/08/20 17:20:00",BDL01,0
D,DISPATCH,UNIT_SCADA,1,"2019/08/20 17:20:00",BDL02,0
D,DISPATCH,UNIT_SCADA,1,"2019/08/20 17:20:00",BERYLSF1,2.941690
D,DISPATCH,UNIT_SCADA,1,"2019/08/20 17:20:00",BLOWERNG,0
D,DISPATCH,UNIT_SCADA,1,"2019/08/20 17:20:00",BLUFF1,48.30
D,DISPATCH,UNIT_SCADA,1,"2019/08/20 17:20:00",BNGSF1,51.23
D,DISPATCH,UNIT_SCADA,1,"2019/08/20 17:20:00",BNGSF2,16.48
D,DISPATCH,UNIT_SCADA,1,"2019/08/20 17:20:00",BOCORWF1,110.59
D,DISPATCH,UNIT_SCADA,1,"2019/08/20 17:20:00",BODWF1,65.497020
D,DISPATCH,UNIT_SCADA,1,"2019/08/20 17:20:00",BRAEMAR1,0
D,DISPATCH,UNIT_SCADA,1,"2019/08/20 17:20:00",BRAEMAR2,173
D,DISPATCH,UNIT_SCADA,1,"2019/08/20 17:20:00",BRAEMAR3,0
D,DISPATCH,UNIT_SCADA,1,"2019/08/20 17:20:00",BRAEMAR5,0
D,DISPATCH,UNIT_SCADA,1,"2019/08/20 17:20:00",BRAEMAR6,159.464220
D,DISPATCH,UNIT_SCADA,1,"2019/08/20 17:20:00",BRAEMAR7,0
D,DISPATCH,UNIT_SCADA,1,"2019/08/20 17:20:00",BROKENH1,13.414060
D,DISPATCH,UNIT_SCADA,1,"2019/08/20 17:20:00",BW01,620.349980
D,DISPATCH,UNIT_SCADA,1,"2019/08/20 17:20:00",BW02,655.900020
D,DISPATCH,UNIT_SCADA,1,"2019/08/20 17:20:00",BW03,654.074950
D,DISPATCH,UNIT_SCADA,1,"2019/08/20 17:20:00",BW04,0
D,DISPATCH,UNIT_SCADA,1,"2019/08/20 17:20:00",CALL_B_1,349.899990
D,DISPATCH,UNIT_SCADA,1,"2019/08/20 17:20:00",CALL_B_2,294.399990
D,DISPATCH,UNIT_SCADA,1,"2019/08/20 17:20:00",CETHANA,94.412380
D,DISPATCH,UNIT_SCADA,1,"2019/08/20 17:20:00",CG1,0
D,DISPATCH,UNIT_SCADA,1,"2019/08/20 17:20:00",CG2,0
D,DISPATCH,UNIT_SCADA,1,"2019/08/20 17:20:00",CG3,0
D,DISPATCH,UNIT_SCADA,1,"2019/08/20 17:20:00",CG4,0
D,DISPATCH,UNIT_SCADA,1,"2019/08/20 17:20:00",CHILDSF1,1.15
D,DISPATCH,UNIT_SCADA,1,"2019/08/20 17:20:00",CLARESF1,9.6425
D,DISPATCH,UNIT_SCADA,1,"2019/08/20 17:20:00",CLEMGPWF,18.152820
D,DISPATCH,UNIT_SCADA,1,"2019/08/20 17:20:00",CLERMSF1,15.06
D,DISPATCH,UNIT_SCADA,1,"2019/08/20 17:20:00",COLEASF1,6.599990
D,DISPATCH,UNIT_SCADA,1,"2019/08/20 17:20:00",COOPGWF1,29.3565
D,DISPATCH,UNIT_SCADA,1,"2019/08/20 17:20:00",CPP_3,405.899990
D,DISPATCH,UNIT_SCADA,1,"2019/08/20 17:20:00",CPP_4,405.899990
D,DISPATCH,UNIT_SCADA,1,"2019/08/20 17:20:00",CPSA,143.703130
D,DISPATCH,UNIT_SCADA,1,"2019/08/20 17:20:00",CROOKWF2,52.723750
D,DISPATCH,UNIT_SCADA,1,"2019/08/20 17:20:00",CROWLWF1,40.054780
D,DISPATCH,UNIT_SCADA,1,"2019/08/20 17:20:00",CSPVPS1,4.7330
D,DISPATCH,UNIT_SCADA,1,"2019/08/20 17:20:00",DALNTH01,0
D,DISPATCH,UNIT_SCADA,1,"2019/08/20 17:20:00",DALNTHL1,0.096130
D,DISPATCH,UNIT_SCADA,1,"2019/08/20 17:20:00",DARTM1,134.100010
D,DISPATCH,UNIT_SCADA,1,"2019/08/20 17:20:00",DAYDSF1,34.2530
D,DISPATCH,UNIT_SCADA,1,"2019/08/20 17:20:00",DDPS1,313.924620
D,DISPATCH,UNIT_SCADA,1,"2019/08/20 17:20:00",DDSF1,5.4720
D,DISPATCH,UNIT_SCADA,1,"2019/08/20 17:20:00",DEVILS_G,60.336320
D,DISPATCH,UNIT_SCADA,1,"2019/08/20 17:20:00",DG_NSW1,0
D,DISPATCH,UNIT_SCADA,1,"2019/08/20 17:20:00",DG_QLD1,0
D,DISPATCH,UNIT_SCADA,1,"2019/08/20 17:20:00",DG_SA1,0
D,DISPATCH,UNIT_SCADA,1,"2019/08/20 17:20:00",DG_TAS1,0
D,DISPATCH,UNIT_SCADA,1,"2019/08/20 17:20:00",DG_VIC1,0
D,DISPATCH,UNIT_SCADA,1,"2019/08/20 17:20:00",DRYCGT1,0
D,DISPATCH,UNIT_SCADA,1,"2019/08/20 17:20:00",DRYCGT2,0
D,DISPATCH,UNIT_SCADA,1,"2019/08/20 17:20:00",DRYCGT3,0
D,DISPATCH,UNIT_SCADA,1,"2019/08/20 17:20:00",EILDON1,0
D,DISPATCH,UNIT_SCADA,1,"2019/08/20 17:20:00",EILDON2,0
D,DISPATCH,UNIT_SCADA,1,"2019/08/20 17:20:00",EMERASF1,11.39
D,DISPATCH,UNIT_SCADA,1,"2019/08/20 17:20:00",ER01,501.050050
D,DISPATCH,UNIT_SCADA,1,"2019/08/20 17:20:00",ER02,497.199950
D,DISPATCH,UNIT_SCADA,1,"2019/08/20 17:20:00",ER03,698.474980
D,DISPATCH,UNIT_SCADA,1,"2019/08/20 17:20:00",ER04,501.6250
D,DISPATCH,UNIT_SCADA,1,"2019/08/20 17:20:00",FINLYSF1,0
D,DISPATCH,UNIT_SCADA,1,"2019/08/20 17:20:00",FISHER,45.96
D,DISPATCH,UNIT_SCADA,1,"2019/08/20 17:20:00",GANNBG1,12.373460
D,DISPATCH,UNIT_SCADA,1,"2019/08/20 17:20:00",GANNBL1,0
D,DISPATCH,UNIT_SCADA,1,"2019/08/20 17:20:00",GANNSF1,1.50
D,DISPATCH,UNIT_SCADA,1,"2019/08/20 17:20:00",GORDON,10.559920
D,DISPATCH,UNIT_SCADA,1,"2019/08/20 17:20:00",GSTONE1,260.574980
D,DISPATCH,UNIT_SCADA,1,"2019/08/20 17:20:00",GSTONE2,228.55
D,DISPATCH,UNIT_SCADA,1,"2019/08/20 17:20:00",GSTONE3,197.224990
D,DISPATCH,UNIT_SCADA,1,"2019/08/20 17:20:00",GSTONE4,217.8750
D,DISPATCH,UNIT_SCADA,1,"2019/08/20 17:20:00",GSTONE5,201.95
D,DISPATCH,UNIT_SCADA,1,"2019/08/20 17:20:00",GSTONE6,0
D,DISPATCH,UNIT_SCADA,1,"2019/08/20 17:20:00",GULLRSF1,0
D,DISPATCH,UNIT_SCADA,1,"2019/08/20 17:20:00",GULLRWF1,143.120150
D,DISPATCH,UNIT_SCADA,1,"2019/08/20 17:20:00",GUNNING1,46.654740
D,DISPATCH,UNIT_SCADA,1,"2019/08/20 17:20:00",GUTHEGA,0
D,DISPATCH,UNIT_SCADA,1,"2019/08/20 17:20:00",HALLWF1,92.10
D,DISPATCH,UNIT_SCADA,1,"2019/08/20 17:20:00",HALLWF2,65.98
D,DISPATCH,UNIT_SCADA,1,"2019/08/20 17:20:00",HAMISF1,11.90
D,DISPATCH,UNIT_SCADA,1,"2019/08/20 17:20:00",HAUGHT11,28.199940
D,DISPATCH,UNIT_SCADA,1,"2019/08/20 17:20:00",HAYMSF1,11.56
D,DISPATCH,UNIT_SCADA,1,"2019/08/20 17:20:00",HDWF1,67.50
D,DISPATCH,UNIT_SCADA,1,"2019/08/20 17:20:00",HDWF2,41.50
D,DISPATCH,UNIT_SCADA,1,"2019/08/20 17:20:00",HDWF3,63.40
D,DISPATCH,UNIT_SCADA,1,"2019/08/20 17:20:00",HPRG1,0
D,DISPATCH,UNIT_SCADA,1,"2019/08/20 17:20:00",HPRL1,7
D,DISPATCH,UNIT_SCADA,1,"2019/08/20 17:20:00",HUMENSW,0
D,DISPATCH,UNIT_SCADA,1,"2019/08/20 17:20:00",HUMEV,9
D,DISPATCH,UNIT_SCADA,1,"2019/08/20 17:20:00",HVGTS,0
D,DISPATCH,UNIT_SCADA,1,"2019/08/20 17:20:00",JBUTTERS,132.08
D,DISPATCH,UNIT_SCADA,1,"2019/08/20 17:20:00",JLA01,0.50
D,DISPATCH,UNIT_SCADA,1,"2019/08/20 17:20:00",JLA02,0
D,DISPATCH,UNIT_SCADA,1,"2019/08/20 17:20:00",JLA03,0.10
D,DISPATCH,UNIT_SCADA,1,"2019/08/20 17:20:00",JLA04,0.10
D,DISPATCH,UNIT_SCADA,1,"2019/08/20 17:20:00",JLB01,0
D,DISPATCH,UNIT_SCADA,1,"2019/08/20 17:20:00",JLB02,0.10
D,DISPATCH,UNIT_SCADA,1,"2019/08/20 17:20:00",JLB03,0
D,DISPATCH,UNIT_SCADA,1,"2019/08/20 17:20:00",KAREEYA1,21.6225
D,DISPATCH,UNIT_SCADA,1,"2019/08/20 17:20:00",KAREEYA2,21.85
D,DISPATCH,UNIT_SCADA,1,"2019/08/20 17:20:00",KAREEYA3,0
D,DISPATCH,UNIT_SCADA,1,"2019/08/20 17:20:00",KAREEYA4,21.6750
D,DISPATCH,UNIT_SCADA,1,"2019/08/20 17:20:00",KARSF1,4.80
D,DISPATCH,UNIT_SCADA,1,"2019/08/20 17:20:00",KIATAWF1,30.80
D,DISPATCH,UNIT_SCADA,1,"2019/08/20 17:20:00",KPP_1,0
D,DISPATCH,UNIT_SCADA,1,"2019/08/20 17:20:00",KSP1,22.01
D,DISPATCH,UNIT_SCADA,1,"2019/08/20 17:20:00",LADBROK1,0
D,DISPATCH,UNIT_SCADA,1,"2019/08/20 17:20:00",LADBROK2,0
D,DISPATCH,UNIT_SCADA,1,"2019/08/20 17:20:00",LD01,414.750030
D,DISPATCH,UNIT_SCADA,1,"2019/08/20 17:20:00",LD02,416.362520
D,DISPATCH,UNIT_SCADA,1,"2019/08/20 17:20:00",LD03,418.012480
D,DISPATCH,UNIT_SCADA,1,"2019/08/20 17:20:00",LD04,376.743710
D,DISPATCH,UNIT_SCADA,1,"2019/08/20 17:20:00",LEM_WIL,85.565850
D,DISPATCH,UNIT_SCADA,1,"2019/08/20 17:20:00",LGAPWF1,17.27
D,DISPATCH,UNIT_SCADA,1,"2019/08/20 17:20:00",LILYSF1,13.303810
D,DISPATCH,UNIT_SCADA,1,"2019/08/20 17:20:00",LI_WY_CA,148.606160
D,DISPATCH,UNIT_SCADA,1,"2019/08/20 17:20:00",LKBONNY2,154.141480
D,DISPATCH,UNIT_SCADA,1,"2019/08/20 17:20:00",LKBONNY3,38.182260
D,DISPATCH,UNIT_SCADA,1,"2019/08/20 17:20:00",LK_ECHO,0
D,DISPATCH,UNIT_SCADA,1,"2019/08/20 17:20:00",LNGS1,0
D,DISPATCH,UNIT_SCADA,1,"2019/08/20 17:20:00",LNGS2,0
D,DISPATCH,UNIT_SCADA,1,"2019/08/20 17:20:00",LONSDALE,0
D,DISPATCH,UNIT_SCADA,1,"2019/08/20 17:20:00",LOYYB1,536.088620
D,DISPATCH,UNIT_SCADA,1,"2019/08/20 17:20:00",LOYYB2,584.586060
D,DISPATCH,UNIT_SCADA,1,"2019/08/20 17:20:00",LYA1,559
D,DISPATCH,UNIT_SCADA,1,"2019/08/20 17:20:00",LYA2,0
D,DISPATCH,UNIT_SCADA,1,"2019/08/20 17:20:00",LYA3,560
D,DISPATCH,UNIT_SCADA,1,"2019/08/20 17:20:00",LYA4,540
D,DISPATCH,UNIT_SCADA,1,"2019/08/20 17:20:00",MACARTH1,335.592250
D,DISPATCH,UNIT_SCADA,1,"2019/08/20 17:20:00",MACKAYGT,0
D,DISPATCH,UNIT_SCADA,1,"2019/08/20 17:20:00",MACKNTSH,85.390010
D,DISPATCH,UNIT_SCADA,1,"2019/08/20 17:20:00",MANSLR1,4.96
D,DISPATCH,UNIT_SCADA,1,"2019/08/20 17:20:00",MCKAY1,0.02
D,DISPATCH,UNIT_SCADA,1,"2019/08/20 17:20:00",MEADOWBK,33.895880
D,DISPATCH,UNIT_SCADA,1,"2019/08/20 17:20:00",MERCER01,121.558010
D,DISPATCH,UNIT_SCADA,1,"2019/08/20 17:20:00",MEWF1,34.938880
D,DISPATCH,UNIT_SCADA,1,"2019/08/20 17:20:00",MINTARO,0
D,DISPATCH,UNIT_SCADA,1,"2019/08/20 17:20:00",MOREESF1,1.4920
D,DISPATCH,UNIT_SCADA,1,"2019/08/20 17:20:00",MORTLK11,259
D,DISPATCH,UNIT_SCADA,1,"2019/08/20 17:20:00",MORTLK12,0
D,DISPATCH,UNIT_SCADA,1,"2019/08/20 17:20:00",MP1,275.50
D,DISPATCH,UNIT_SCADA,1,"2019/08/20 17:20:00",MP2,0
D,DISPATCH,UNIT_SCADA,1,"2019/08/20 17:20:00",MPP_1,412.25
D,DISPATCH,UNIT_SCADA,1,"2019/08/20 17:20:00",MPP_2,434.50
D,DISPATCH,UNIT_SCADA,1,"2019/08/20 17:20:00",MSTUART1,0
D,DISPATCH,UNIT_SCADA,1,"2019/08/20 17:20:00",MSTUART2,0
D,DISPATCH,UNIT_SCADA,1,"2019/08/20 17:20:00",MSTUART3,0
D,DISPATCH,UNIT_SCADA,1,"2019/08/20 17:20:00",MTGELWF1,63.9790
D,DISPATCH,UNIT_SCADA,1,"2019/08/20 17:20:00",MURRAY,0
D,DISPATCH,UNIT_SCADA,1,"2019/08/20 17:20:00",MUSSELR1,101.10
D,DISPATCH,UNIT_SCADA,1,"2019/08/20 17:20:00",MUWAWF1,56.23
D,DISPATCH,UNIT_SCADA,1,"2019/08/20 17:20:00",NBHWF1,110.40
D,DISPATCH,UNIT_SCADA,1,"2019/08/20 17:20:00",NPS,278.25
D,DISPATCH,UNIT_SCADA,1,"2019/08/20 17:20:00",NUMURSF1,1.08
D,DISPATCH,UNIT_SCADA,1,"2019/08/20 17:20:00",NYNGAN1,10.75
D,DISPATCH,UNIT_SCADA,1,"2019/08/20 17:20:00",OAKEY1,0
D,DISPATCH,UNIT_SCADA,1,"2019/08/20 17:20:00",OAKEY1SF,0.8250
D,DISPATCH,UNIT_SCADA,1,"2019/08/20 17:20:00",OAKEY2,0
D,DISPATCH,UNIT_SCADA,1,"2019/08/20 17:20:00",OAKLAND1,63
D,DISPATCH,UNIT_SCADA,1,"2019/08/20 17:20:00",OSB-AG,183.149990
D,DISPATCH,UNIT_SCADA,1,"2019/08/20 17:20:00",PARSF1,6.20
D,DISPATCH,UNIT_SCADA,1,"2019/08/20 17:20:00",POAT110,0
D,DISPATCH,UNIT_SCADA,1,"2019/08/20 17:20:00",POAT220,1.15
D,DISPATCH,UNIT_SCADA,1,"2019/08/20 17:20:00",POR01,0
D,DISPATCH,UNIT_SCADA,1,"2019/08/20 17:20:00",POR03,0
D,DISPATCH,UNIT_SCADA,1,"2019/08/20 17:20:00",PPCCGT,360.119320
D,DISPATCH,UNIT_SCADA,1,"2019/08/20 17:20:00",PTSTAN1,0
D,DISPATCH,UNIT_SCADA,1,"2019/08/20 17:20:00",PUMP1,0
D,DISPATCH,UNIT_SCADA,1,"2019/08/20 17:20:00",PUMP2,0
D,DISPATCH,UNIT_SCADA,1,"2019/08/20 17:20:00",QPS1,0
D,DISPATCH,UNIT_SCADA,1,"2019/08/20 17:20:00",QPS2,0
D,DISPATCH,UNIT_SCADA,1,"2019/08/20 17:20:00",QPS3,0
D,DISPATCH,UNIT_SCADA,1,"2019/08/20 17:20:00",QPS4,0
D,DISPATCH,UNIT_SCADA,1,"2019/08/20 17:20:00",QPS5,0
D,DISPATCH,UNIT_SCADA,1,"2019/08/20 17:20:00",REECE1,116.260010
D,DISPATCH,UNIT_SCADA,1,"2019/08/20 17:20:00",REECE2,116.660010
D,DISPATCH,UNIT_SCADA,1,"2019/08/20 17:20:00",ROMA_7,0
D,DISPATCH,UNIT_SCADA,1,"2019/08/20 17:20:00",ROMA_8,0
D,DISPATCH,UNIT_SCADA,1,"2019/08/20 17:20:00",RRSF1,20.5803
D,DISPATCH,UNIT_SCADA,1,"2019/08/20 17:20:00",RT_NSW1,0
D,DISPATCH,UNIT_SCADA,1,"2019/08/20 17:20:00",RT_NSW2,0
D,DISPATCH,UNIT_SCADA,1,"2019/08/20 17:20:00",RT_NSW3,0
D,DISPATCH,UNIT_SCADA,1,"2019/08/20 17:20:00",RT_NSW4,0
D,DISPATCH,UNIT_SCADA,1,"2019/08/20 17:20:00",RT_NSW5,0
D,DISPATCH,UNIT_SCADA,1,"2019/08/20 17:20:00",RT_NSW6,0
D,DISPATCH,UNIT_SCADA,1,"2019/08/20 17:20:00",RT_QLD1,0
D,DISPATCH,UNIT_SCADA,1,"2019/08/20 17:20:00",RT_SA1,0
D,DISPATCH,UNIT_SCADA,1,"2019/08/20 17:20:00",RT_SA2,0
D,DISPATCH,UNIT_SCADA,1,"2019/08/20 17:20:00",RT_SA3,0
D,DISPATCH,UNIT_SCADA,1,"2019/08/20 17:20:00",RT_SA4,0
D,DISPATCH,UNIT_SCADA,1,"2019/08/20 17:20:00",RT_SA5,0
D,DISPATCH,UNIT_SCADA,1,"2019/08/20 17:20:00",RT_SA6,0
D,DISPATCH,UNIT_SCADA,1,"2019/08/20 17:20:00",RT_TAS1,0
D,DISPATCH,UNIT_SCADA,1,"2019/08/20 17:20:00",RT_VIC1,0
D,DISPATCH,UNIT_SCADA,1,"2019/08/20 17:20:00",RT_VIC10,0
D,DISPATCH,UNIT_SCADA,1,"2019/08/20 17:20:00",RT_VIC11,0
D,DISPATCH,UNIT_SCADA,1,"2019/08/20 17:20:00",RT_VIC12,0
D,DISPATCH,UNIT_SCADA,1,"2019/08/20 17:20:00",RT_VIC2,0
D,DISPATCH,UNIT_SCADA,1,"2019/08/20 17:20:00",RT_VIC3,0
D,DISPATCH,UNIT_SCADA,1,"2019/08/20 17:20:00",RT_VIC4,0
D,DISPATCH,UNIT_SCADA,1,"2019/08/20 17:20:00",RT_VIC5,0
D,DISPATCH,UNIT_SCADA,1,"2019/08/20 17:20:00",RT_VIC6,0
D,DISPATCH,UNIT_SCADA,1,"2019/08/20 17:20:00",RT_VIC7,0
D,DISPATCH,UNIT_SCADA,1,"2019/08/20 17:20:00",RT_VIC8,0
D,DISPATCH,UNIT_SCADA,1,"2019/08/20 17:20:00",RT_VIC9,0
D,DISPATCH,UNIT_SCADA,1,"2019/08/20 17:20:00",RUGBYR1,16.445950
D,DISPATCH,UNIT_SCADA,1,"2019/08/20 17:20:00",SALTCRK1,52.42
D,DISPATCH,UNIT_SCADA,1,"2019/08/20 17:20:00",SAPHWF1,139.828130
D,DISPATCH,UNIT_SCADA,1,"2019/08/20 17:20:00",SHGEN,0
D,DISPATCH,UNIT_SCADA,1,"2019/08/20 17:20:00",SHPUMP,0
D,DISPATCH,UNIT_SCADA,1,"2019/08/20 17:20:00",SITHE01,0.005650
D,DISPATCH,UNIT_SCADA,1,"2019/08/20 17:20:00",SMCSF1,11.629550
D,DISPATCH,UNIT_SCADA,1,"2019/08/20 17:20:00",SNOWNTH1,103.20
D,DISPATCH,UNIT_SCADA,1,"2019/08/20 17:20:00",SNOWSTH1,117
D,DISPATCH,UNIT_SCADA,1,"2019/08/20 17:20:00",SNOWTWN1,81.203820
D,DISPATCH,UNIT_SCADA,1,"2019/08/20 17:20:00",SNOWYP,0
D,DISPATCH,UNIT_SCADA,1,"2019/08/20 17:20:00",SNUG1,0.019440
D,DISPATCH,UNIT_SCADA,1,"2019/08/20 17:20:00",SRSF1,2.10
D,DISPATCH,UNIT_SCADA,1,"2019/08/20 17:20:00",STAN-1,0
D,DISPATCH,UNIT_SCADA,1,"2019/08/20 17:20:00",STAN-2,315.6127
D,DISPATCH,UNIT_SCADA,1,"2019/08/20 17:20:00",STAN-3,315.369140
D,DISPATCH,UNIT_SCADA,1,"2019/08/20 17:20:00",STAN-4,315.253780
D,DISPATCH,UNIT_SCADA,1,"2019/08/20 17:20:00",STWF1,16.424990
D,DISPATCH,UNIT_SCADA,1,"2019/08/20 17:20:00",SWAN_E,0
D,DISPATCH,UNIT_SCADA,1,"2019/08/20 17:20:00",TALWA1,414
D,DISPATCH,UNIT_SCADA,1,"2019/08/20 17:20:00",TARALGA1,103.736240
D,DISPATCH,UNIT_SCADA,1,"2019/08/20 17:20:00",TARONG#1,341.600010
D,DISPATCH,UNIT_SCADA,1,"2019/08/20 17:20:00",TARONG#2,341
D,DISPATCH,UNIT_SCADA,1,"2019/08/20 17:20:00",TARONG#3,260.300020
D,DISPATCH,UNIT_SCADA,1,"2019/08/20 17:20:00",TARONG#4,337.200010
D,DISPATCH,UNIT_SCADA,1,"2019/08/20 17:20:00",TARRALEA,85
D,DISPATCH,UNIT_SCADA,1,"2019/08/20 17:20:00",TBSF1,6.80
D,DISPATCH,UNIT_SCADA,1,"2019/08/20 17:20:00",TNPS1,441.700010
D,DISPATCH,UNIT_SCADA,1,"2019/08/20 17:20:00",TORRA1,67.288890
D,DISPATCH,UNIT_SCADA,1,"2019/08/20 17:20:00",TORRA2,0
D,DISPATCH,UNIT_SCADA,1,"2019/08/20 17:20:00",TORRA3,0
D,DISPATCH,UNIT_SCADA,1,"2019/08/20 17:20:00",TORRA4,0
D,DISPATCH,UNIT_SCADA,1,"2019/08/20 17:20:00",TORRB1,64.45
D,DISPATCH,UNIT_SCADA,1,"2019/08/20 17:20:00",TORRB2,64.21
D,DISPATCH,UNIT_SCADA,1,"2019/08/20 17:20:00",TORRB3,0
D,DISPATCH,UNIT_SCADA,1,"2019/08/20 17:20:00",TORRB4,0
D,DISPATCH,UNIT_SCADA,1,"2019/08/20 17:20:00",TREVALLN,68.000020
D,DISPATCH,UNIT_SCADA,1,"2019/08/20 17:20:00",TRIBUTE,70.96
D,DISPATCH,UNIT_SCADA,1,"2019/08/20 17:20:00",TUMUT3,117.06
D,DISPATCH,UNIT_SCADA,1,"2019/08/20 17:20:00",TUNGATIN,125.810030
D,DISPATCH,UNIT_SCADA,1,"2019/08/20 17:20:00",TVCC201,0
D,DISPATCH,UNIT_SCADA,1,"2019/08/20 17:20:00",TVPP104,0
D,DISPATCH,UNIT_SCADA,1,"2019/08/20 17:20:00",UPPTUMUT,0
D,DISPATCH,UNIT_SCADA,1,"2019/08/20 17:20:00",URANQ11,0
D,DISPATCH,UNIT_SCADA,1,"2019/08/20 17:20:00",URANQ12,0
D,DISPATCH,UNIT_SCADA,1,"2019/08/20 17:20:00",URANQ13,0
D,DISPATCH,UNIT_SCADA,1,"2019/08/20 17:20:00",URANQ14,0
D,DISPATCH,UNIT_SCADA,1,"2019/08/20 17:20:00",VP5,569.75
D,DISPATCH,UNIT_SCADA,1,"2019/08/20 17:20:00",VP6,539
D,DISPATCH,UNIT_SCADA,1,"2019/08/20 17:20:00",VPGS1,0
D,DISPATCH,UNIT_SCADA,1,"2019/08/20 17:20:00",VPGS2,0
D,DISPATCH,UNIT_SCADA,1,"2019/08/20 17:20:00",VPGS3,0
D,DISPATCH,UNIT_SCADA,1,"2019/08/20 17:20:00",VPGS4,0
D,DISPATCH,UNIT_SCADA,1,"2019/08/20 17:20:00",VPGS5,0
D,DISPATCH,UNIT_SCADA,1,"2019/08/20 17:20:00",VPGS6,0
D,DISPATCH,UNIT_SCADA,1,"2019/08/20 17:20:00",W/HOE#1,0
D,DISPATCH,UNIT_SCADA,1,"2019/08/20 17:20:00",W/HOE#2,0
D,DISPATCH,UNIT_SCADA,1,"2019/08/20 17:20:00",WATERLWF,122.90
D,DISPATCH,UNIT_SCADA,1,"2019/08/20 17:20:00",WEMENSF1,2.90
D,DISPATCH,UNIT_SCADA,1,"2019/08/20 17:20:00",WGWF1,111.80
D,DISPATCH,UNIT_SCADA,1,"2019/08/20 17:20:00",WHITSF1,9.70
D,DISPATCH,UNIT_SCADA,1,"2019/08/20 17:20:00",WKIEWA1,0
D,DISPATCH,UNIT_SCADA,1,"2019/08/20 17:20:00",WKIEWA2,0.10
D,DISPATCH,UNIT_SCADA,1,"2019/08/20 17:20:00",WOODLWN1,44.5050
D,DISPATCH,UNIT_SCADA,1,"2019/08/20 17:20:00",WRSF1,0.41
D,DISPATCH,UNIT_SCADA,1,"2019/08/20 17:20:00",WRWF1,100.245010
D,DISPATCH,UNIT_SCADA,1,"2019/08/20 17:20:00",YABULU,0
D,DISPATCH,UNIT_SCADA,1,"2019/08/20 17:20:00",YABULU2,0
D,DISPATCH,UNIT_SCADA,1,"2019/08/20 17:20:00",YARWUN_1,0
D,DISPATCH,UNIT_SCADA,1,"2019/08/20 17:20:00",YENDWF1,41.87
D,DISPATCH,UNIT_SCADA,1,"2019/08/20 17:20:00",YWPS1,378.445560
D,DISPATCH,UNIT_SCADA,1,"2019/08/20 17:20:00",YWPS2,276.437990
D,DISPATCH,UNIT_SCADA,1,"2019/08/20 17:20:00",YWPS3,0
D,DISPATCH,UNIT_SCADA,1,"2019/08/20 17:20:00",YWPS4,393.262020
C,"END OF REPORT",334
