C,NEMP.WORLD,DISPATCHSCADA,AEMO,PUBLIC,2019/08/23,00:20:07,0000000311887113,DISPATCHSCADA,0000000311887107
I,DISPATCH,UNIT_SCADA,1,SETTLEMENTDATE,DUID,SCADAVALUE
D,DISPATCH,UNIT_SCADA,1,"2019/08/23 00:25:00",BARCSF1,0
D,DISPATCH,UNIT_SCADA,1,"2019/08/23 00:25:00",BUTLERSG,9.699999
D,DISPATCH,UNIT_SCADA,1,"2019/08/23 00:25:00",CALL_A_4,0
D,DISPATCH,UNIT_SCADA,1,"2019/08/23 00:25:00",CAPTL_WF,0
D,DISPATCH,UNIT_SCADA,1,"2019/08/23 00:25:00",CATHROCK,11.699999
D,DISPATCH,UNIT_SCADA,1,"2019/08/23 00:25:00",CHALLHWF,0.30
D,DISPATCH,UNIT_SCADA,1,"2019/08/23 00:25:00",CLOVER,0
D,DISPATCH,UNIT_SCADA,1,"2019/08/23 00:25:00",CLUNY,20.307163
D,DISPATCH,UNIT_SCADA,1,"2019/08/23 00:25:00",CNUNDAWF,1.101285
D,DISPATCH,UNIT_SCADA,1,"2019/08/23 00:25:00",CULLRGWF,1.58
D,DISPATCH,UNIT_SCADA,1,"2019/08/23 00:25:00",ERGT01,0
D,DISPATCH,UNIT_SCADA,1,"2019/08/23 00:25:00",GB01,0.066986
D,DISPATCH,UNIT_SCADA,1,"2019/08/23 00:25:00",GERMCRK,37.400002
D,DISPATCH,UNIT_SCADA,1,"2019/08/23 00:25:00",GRIFSF1,0
D,DISPATCH,UNIT_SCADA,1,"2019/08/23 00:25:00",HUGSF1,-0.2370
D,DISPATCH,UNIT_SCADA,1,"2019/08/23 00:25:00",LKBONNY1,0.446547
D,DISPATCH,UNIT_SCADA,1,"2019/08/23 00:25:00",LRSF1,-0.0130
D,DISPATCH,UNIT_SCADA,1,"2019/08/23 00:25:00",MBAHNTH,55.743744
D,DISPATCH,UNIT_SCADA,1,"2019/08/23 00:25:00",MLSP1,0.180001
D,DISPATCH,UNIT_SCADA,1,"2019/08/23 00:25:00",MLWF1,2.70
D,DISPATCH,UNIT_SCADA,1,"2019/08/23 00:25:00",MTMILLAR,6.756711
D,DISPATCH,UNIT_SCADA,1,"2019/08/23 00:25:00",PALOONA,28.629999
D,DISPATCH,UNIT_SCADA,1,"2019/08/23 00:25:00",PIONEER,43.900002
D,DISPATCH,UNIT_SCADA,1,"2019/08/23 00:25:00",PORTWF,0.40
D,DISPATCH,UNIT_SCADA,1,"2019/08/23 00:25:00",REPULSE,28.910963
D,DISPATCH,UNIT_SCADA,1,"2019/08/23 00:25:00",ROWALLAN,10.4512
D,DISPATCH,UNIT_SCADA,1,"2019/08/23 00:25:00",ROYALLA1,0
D,DISPATCH,UNIT_SCADA,1,"2019/08/23 00:25:00",RPCG,11.70
D,DISPATCH,UNIT_SCADA,1,"2019/08/23 00:25:00",RUBICON,0
D,DISPATCH,UNIT_SCADA,1,"2019/08/23 00:25:00",SATGN1,0
D,DISPATCH,UNIT_SCADA,1,"2019/08/23 00:25:00",SATGS1,0
D,DISPATCH,UNIT_SCADA,1,"2019/08/23 00:25:00",STARHLWF,-0.099971
D,DISPATCH,UNIT_SCADA,1,"2019/08/23 00:25:00",WAUBRAWF,37.820999
D,DISPATCH,UNIT_SCADA,1,"2019/08/23 00:25:00",WOOLNTH1,22.840015
D,DISPATCH,UNIT_SCADA,1,"2019/08/23 00:25:00",WPWF,0
D,DISPATCH,UNIT_SCADA,1,"2019/08/23 00:25:00",YAMBUKWF,1.10
D,DISPATCH,UNIT_SCADA,1,"2019/08/23 00:25:00",YSWF1,1.20
D,DISPATCH,UNIT_SCADA,1,"2019/08/23 00:25:00",AGLHAL,0
D,DISPATCH,UNIT_SCADA,1,"2019/08/23 00:25:00",AGLSOM,82.100010
D,DISPATCH,UNIT_SCADA,1,"2019/08/23 00:25:00",ANGAST1,0
D,DISPATCH,UNIT_SCADA,1,"2019/08/23 00:25:00",ARWF1,20.60
D,DISPATCH,UNIT_SCADA,1,"2019/08/23 00:25:00",BALBG1,0
D,DISPATCH,UNIT_SCADA,1,"2019/08/23 00:25:00",BALBL1,0
D,DISPATCH,UNIT_SCADA,1,"2019/08/23 00:25:00",BALDHWF1,17.7750
D,DISPATCH,UNIT_SCADA,1,"2019/08/23 00:25:00",BANN1,0
D,DISPATCH,UNIT_SCADA,1,"2019/08/23 00:25:00",BARCALDN,0
D,DISPATCH,UNIT_SCADA,1,"2019/08/23 00:25:00",BARRON-1,0
D,DISPATCH,UNIT_SCADA,1,"2019/08/23 00:25:00",BARRON-2,0
D,DISPATCH,UNIT_SCADA,1,"2019/08/23 00:25:00",BASTYAN,77.000010
D,DISPATCH,UNIT_SCADA,1,"2019/08/23 00:25:00",BBTHREE1,-2.04
D,DISPATCH,UNIT_SCADA,1,"2019/08/23 00:25:00",BBTHREE2,-2.05
D,DISPATCH,UNIT_SCADA,1,"2019/08/23 00:25:00",BBTHREE3,-1.13
D,DISPATCH,UNIT_SCADA,1,"2019/08/23 00:25:00",BDL01,0
D,DISPATCH,UNIT_SCADA,1,"2019/08/23 00:25:00",BDL02,-0.06
D,DISPATCH,UNIT_SCADA,1,"2019/08/23 00:25:00",BERYLSF1,-0.179440
D,DISPATCH,UNIT_SCADA,1,"2019/08/23 00:25:00",BLOWERNG,0
D,DISPATCH,UNIT_SCADA,1,"2019/08/23 00:25:00",BLUFF1,7.40
D,DISPATCH,UNIT_SCADA,1,"2019/08/23 00:25:00",BNGSF1,0
D,DISPATCH,UNIT_SCADA,1,"2019/08/23 00:25:00",BNGSF2,0
D,DISPATCH,UNIT_SCADA,1,"2019/08/23 00:25:00",BOCORWF1,47.88
D,DISPATCH,UNIT_SCADA,1,"2019/08/23 00:25:00",BODWF1,103.313680
D,DISPATCH,UNIT_SCADA,1,"2019/08/23 00:25:00",BRAEMAR1,0
D,DISPATCH,UNIT_SCADA,1,"2019/08/23 00:25:00",BRAEMAR2,0
D,DISPATCH,UNIT_SCADA,1,"2019/08/23 00:25:00",BRAEMAR3,0
D,DISPATCH,UNIT_SCADA,1,"2019/08/23 00:25:00",BRAEMAR5,0
D,DISPATCH,UNIT_SCADA,1,"2019/08/23 00:25:00",BRAEMAR6,0
D,DISPATCH,UNIT_SCADA,1,"2019/08/23 00:25:00",BRAEMAR7,0
D,DISPATCH,UNIT_SCADA,1,"2019/08/23 00:25:00",BROKENH1,0
D,DISPATCH,UNIT_SCADA,1,"2019/08/23 00:25:00",BW01,643.525020
D,DISPATCH,UNIT_SCADA,1,"2019/08/23 00:25:00",BW02,644.449950
D,DISPATCH,UNIT_SCADA,1,"2019/08/23 00:25:00",BW03,652.400020
D,DISPATCH,UNIT_SCADA,1,"2019/08/23 00:25:00",BW04,0
D,DISPATCH,UNIT_SCADA,1,"2019/08/23 00:25:00",CALL_B_1,6.30
D,DISPATCH,UNIT_SCADA,1,"2019/08/23 00:25:00",CALL_B_2,350.399990
D,DISPATCH,UNIT_SCADA,1,"2019/08/23 00:25:00",CETHANA,98.1845
D,DISPATCH,UNIT_SCADA,1,"2019/08/23 00:25:00",CG1,0
D,DISPATCH,UNIT_SCADA,1,"2019/08/23 00:25:00",CG2,0
D,DISPATCH,UNIT_SCADA,1,"2019/08/23 00:25:00",CG3,0
D,DISPATCH,UNIT_SCADA,1,"2019/08/23 00:25:00",CG4,0
D,DISPATCH,UNIT_SCADA,1,"2019/08/23 00:25:00",CHILDSF1,0
D,DISPATCH,UNIT_SCADA,1,"2019/08/23 00:25:00",CLARESF1,0
D,DISPATCH,UNIT_SCADA,1,"2019/08/23 00:25:00",CLEMGPWF,9.076410
D,DISPATCH,UNIT_SCADA,1,"2019/08/23 00:25:00",CLERMSF1,0
D,DISPATCH,UNIT_SCADA,1,"2019/08/23 00:25:00",COLEASF1,0
D,DISPATCH,UNIT_SCADA,1,"2019/08/23 00:25:00",COOPGWF1,35.2705
D,DISPATCH,UNIT_SCADA,1,"2019/08/23 00:25:00",CPP_3,406.725010
D,DISPATCH,UNIT_SCADA,1,"2019/08/23 00:25:00",CPP_4,406.725010
D,DISPATCH,UNIT_SCADA,1,"2019/08/23 00:25:00",CPSA,142.516880
D,DISPATCH,UNIT_SCADA,1,"2019/08/23 00:25:00",CROOKWF2,2.563750
D,DISPATCH,UNIT_SCADA,1,"2019/08/23 00:25:00",CROWLWF1,9.180670
D,DISPATCH,UNIT_SCADA,1,"2019/08/23 00:25:00",CSPVPS1,0
D,DISPATCH,UNIT_SCADA,1,"2019/08/23 00:25:00",DALNTH01,0
D,DISPATCH,UNIT_SCADA,1,"2019/08/23 00:25:00",DALNTHL1,0.074770
D,DISPATCH,UNIT_SCADA,1,"2019/08/23 00:25:00",DARTM1,134.600010
D,DISPATCH,UNIT_SCADA,1,"2019/08/23 00:25:00",DAYDSF1,0
D,DISPATCH,UNIT_SCADA,1,"2019/08/23 00:25:00",DDPS1,346.311890
D,DISPATCH,UNIT_SCADA,1,"2019/08/23 00:25:00",DDSF1,0
D,DISPATCH,UNIT_SCADA,1,"2019/08/23 00:25:00",DEVILS_G,0
D,DISPATCH,UNIT_SCADA,1,"2019/08/23 00:25:00",DG_NSW1,0
D,DISPATCH,UNIT_SCADA,1,"2019/08/23 00:25:00",DG_QLD1,0
D,DISPATCH,UNIT_SCADA,1,"2019/08/23 00:25:00",DG_SA1,0
D,DISPATCH,UNIT_SCADA,1,"2019/08/23 00:25:00",DG_TAS1,0
D,DISPATCH,UNIT_SCADA,1,"2019/08/23 00:25:00",DG_VIC1,0
D,DISPATCH,UNIT_SCADA,1,"2019/08/23 00:25:00",DRYCGT1,0
D,DISPATCH,UNIT_SCADA,1,"2019/08/23 00:25:00",DRYCGT2,0
D,DISPATCH,UNIT_SCADA,1,"2019/08/23 00:25:00",DRYCGT3,0
D,DISPATCH,UNIT_SCADA,1,"2019/08/23 00:25:00",EILDON1,0
D,DISPATCH,UNIT_SCADA,1,"2019/08/23 00:25:00",EILDON2,0
D,DISPATCH,UNIT_SCADA,1,"2019/08/23 00:25:00",EMERASF1,0
D,DISPATCH,UNIT_SCADA,1,"2019/08/23 00:25:00",ER01,593.1250
D,DISPATCH,UNIT_SCADA,1,"2019/08/23 00:25:00",ER02,621.900020
D,DISPATCH,UNIT_SCADA,1,"2019/08/23 00:25:00",ER03,379.275020
D,DISPATCH,UNIT_SCADA,1,"2019/08/23 00:25:00",ER04,699.699950
D,DISPATCH,UNIT_SCADA,1,"2019/08/23 00:25:00",FINLYSF1,0
D,DISPATCH,UNIT_SCADA,1,"2019/08/23 00:25:00",FISHER,46.03
D,DISPATCH,UNIT_SCADA,1,"2019/08/23 00:25:00",GANNBG1,0
D,DISPATCH,UNIT_SCADA,1,"2019/08/23 00:25:00",GANNBL1,0.033990
D,DISPATCH,UNIT_SCADA,1,"2019/08/23 00:25:00",GANNSF1,0
D,DISPATCH,UNIT_SCADA,1,"2019/08/23 00:25:00",GORDON,96.492480
D,DISPATCH,UNIT_SCADA,1,"2019/08/23 00:25:00",GSTONE1,261.975010
D,DISPATCH,UNIT_SCADA,1,"2019/08/23 00:25:00",GSTONE2,229.95
D,DISPATCH,UNIT_SCADA,1,"2019/08/23 00:25:00",GSTONE3,249.024990
D,DISPATCH,UNIT_SCADA,1,"2019/08/23 00:25:00",GSTONE4,260.75
D,DISPATCH,UNIT_SCADA,1,"2019/08/23 00:25:00",GSTONE5,264.774990
D,DISPATCH,UNIT_SCADA,1,"2019/08/23 00:25:00",GSTONE6,0
D,DISPATCH,UNIT_SCADA,1,"2019/08/23 00:25:00",GULLRSF1,0
D,DISPATCH,UNIT_SCADA,1,"2019/08/23 00:25:00",GULLRWF1,4.372340
D,DISPATCH,UNIT_SCADA,1,"2019/08/23 00:25:00",GUNNING1,0.777940
D,DISPATCH,UNIT_SCADA,1,"2019/08/23 00:25:00",GUTHEGA,0
D,DISPATCH,UNIT_SCADA,1,"2019/08/23 00:25:00",HALLWF1,33.33
D,DISPATCH,UNIT_SCADA,1,"2019/08/23 00:25:00",HALLWF2,23.38
D,DISPATCH,UNIT_SCADA,1,"2019/08/23 00:25:00",HAMISF1,0
D,DISPATCH,UNIT_SCADA,1,"2019/08/23 00:25:00",HAUGHT11,0
D,DISPATCH,UNIT_SCADA,1,"2019/08/23 00:25:00",HAYMSF1,0
D,DISPATCH,UNIT_SCADA,1,"2019/08/23 00:25:00",HDWF1,52.30
D,DISPATCH,UNIT_SCADA,1,"2019/08/23 00:25:00",HDWF2,47.10
D,DISPATCH,UNIT_SCADA,1,"2019/08/23 00:25:00",HDWF3,58.10
D,DISPATCH,UNIT_SCADA,1,"2019/08/23 00:25:00",HPRG1,0
D,DISPATCH,UNIT_SCADA,1,"2019/08/23 00:25:00",HPRL1,0.40
D,DISPATCH,UNIT_SCADA,1,"2019/08/23 00:25:00",HUMENSW,0
D,DISPATCH,UNIT_SCADA,1,"2019/08/23 00:25:00",HUMEV,8.30
D,DISPATCH,UNIT_SCADA,1,"2019/08/23 00:25:00",HVGTS,0
D,DISPATCH,UNIT_SCADA,1,"2019/08/23 00:25:00",JBUTTERS,137.599990
D,DISPATCH,UNIT_SCADA,1,"2019/08/23 00:25:00",JLA01,0.10
D,DISPATCH,UNIT_SCADA,1,"2019/08/23 00:25:00",JLA02,0
D,DISPATCH,UNIT_SCADA,1,"2019/08/23 00:25:00",JLA03,0.10
D,DISPATCH,UNIT_SCADA,1,"2019/08/23 00:25:00",JLA04,0.10
D,DISPATCH,UNIT_SCADA,1,"2019/08/23 00:25:00",JLB01,0
D,DISPATCH,UNIT_SCADA,1,"2019/08/23 00:25:00",JLB02,0.10
D,DISPATCH,UNIT_SCADA,1,"2019/08/23 00:25:00",JLB03,0
D,DISPATCH,UNIT_SCADA,1,"2019/08/23 00:25:00",KAREEYA1,21.52
D,DISPATCH,UNIT_SCADA,1,"2019/08/23 00:25:00",KAREEYA2,21.56
D,DISPATCH,UNIT_SCADA,1,"2019/08/23 00:25:00",KAREEYA3,0
D,DISPATCH,UNIT_SCADA,1,"2019/08/23 00:25:00",KAREEYA4,21.7650
D,DISPATCH,UNIT_SCADA,1,"2019/08/23 00:25:00",KARSF1,0
D,DISPATCH,UNIT_SCADA,1,"2019/08/23 00:25:00",KIATAWF1,2.90
D,DISPATCH,UNIT_SCADA,1,"2019/08/23 00:25:00",KPP_1,0
D,DISPATCH,UNIT_SCADA,1,"2019/08/23 00:25:00",KSP1,0
D,DISPATCH,UNIT_SCADA,1,"2019/08/23 00:25:00",LADBROK1,42.87
D,DISPATCH,UNIT_SCADA,1,"2019/08/23 00:25:00",LADBROK2,0
D,DISPATCH,UNIT_SCADA,1,"2019/08/23 00:25:00",LD01,423.318790
D,DISPATCH,UNIT_SCADA,1,"2019/08/23 00:25:00",LD02,302.231230
D,DISPATCH,UNIT_SCADA,1,"2019/08/23 00:25:00",LD03,420.618710
D,DISPATCH,UNIT_SCADA,1,"2019/08/23 00:25:00",LD04,381.262480
D,DISPATCH,UNIT_SCADA,1,"2019/08/23 00:25:00",LEM_WIL,86.213550
D,DISPATCH,UNIT_SCADA,1,"2019/08/23 00:25:00",LGAPWF1,0.87
D,DISPATCH,UNIT_SCADA,1,"2019/08/23 00:25:00",LILYSF1,0
D,DISPATCH,UNIT_SCADA,1,"2019/08/23 00:25:00",LI_WY_CA,148.860660
D,DISPATCH,UNIT_SCADA,1,"2019/08/23 00:25:00",LKBONNY2,5.704530
D,DISPATCH,UNIT_SCADA,1,"2019/08/23 00:25:00",LKBONNY3,1.7863
D,DISPATCH,UNIT_SCADA,1,"2019/08/23 00:25:00",LK_ECHO,0
D,DISPATCH,UNIT_SCADA,1,"2019/08/23 00:25:00",LNGS1,0
D,DISPATCH,UNIT_SCADA,1,"2019/08/23 00:25:00",LNGS2,0
D,DISPATCH,UNIT_SCADA,1,"2019/08/23 00:25:00",LONSDALE,0
D,DISPATCH,UNIT_SCADA,1,"2019/08/23 00:25:00",LOYYB1,536.088620
D,DISPATCH,UNIT_SCADA,1,"2019/08/23 00:25:00",LOYYB2,581.954410
D,DISPATCH,UNIT_SCADA,1,"2019/08/23 00:25:00",LYA1,560
D,DISPATCH,UNIT_SCADA,1,"2019/08/23 00:25:00",LYA2,0
D,DISPATCH,UNIT_SCADA,1,"2019/08/23 00:25:00",LYA3,560
D,DISPATCH,UNIT_SCADA,1,"2019/08/23 00:25:00",LYA4,541
D,DISPATCH,UNIT_SCADA,1,"2019/08/23 00:25:00",MACARTH1,0
D,DISPATCH,UNIT_SCADA,1,"2019/08/23 00:25:00",MACKAYGT,0
D,DISPATCH,UNIT_SCADA,1,"2019/08/23 00:25:00",MACKNTSH,86.510010
D,DISPATCH,UNIT_SCADA,1,"2019/08/23 00:25:00",MANSLR1,0
D,DISPATCH,UNIT_SCADA,1,"2019/08/23 00:25:00",MCKAY1,0.02
D,DISPATCH,UNIT_SCADA,1,"2019/08/23 00:25:00",MEADOWBK,34.210260
D,DISPATCH,UNIT_SCADA,1,"2019/08/23 00:25:00",MERCER01,0.9350
D,DISPATCH,UNIT_SCADA,1,"2019/08/23 00:25:00",MEWF1,9.3655
D,DISPATCH,UNIT_SCADA,1,"2019/08/23 00:25:00",MINTARO,0
D,DISPATCH,UNIT_SCADA,1,"2019/08/23 00:25:00",MOREESF1,0
D,DISPATCH,UNIT_SCADA,1,"2019/08/23 00:25:00",MORTLK11,124
D,DISPATCH,UNIT_SCADA,1,"2019/08/23 00:25:00",MORTLK12,0
D,DISPATCH,UNIT_SCADA,1,"2019/08/23 00:25:00",MP1,280.400020
D,DISPATCH,UNIT_SCADA,1,"2019/08/23 00:25:00",MP2,0
D,DISPATCH,UNIT_SCADA,1,"2019/08/23 00:25:00",MPP_1,374.50
D,DISPATCH,UNIT_SCADA,1,"2019/08/23 00:25:00",MPP_2,402.50
D,DISPATCH,UNIT_SCADA,1,"2019/08/23 00:25:00",MSTUART1,0
D,DISPATCH,UNIT_SCADA,1,"2019/08/23 00:25:00",MSTUART2,0
D,DISPATCH,UNIT_SCADA,1,"2019/08/23 00:25:00",MSTUART3,0
D,DISPATCH,UNIT_SCADA,1,"2019/08/23 00:25:00",MTGELWF1,-0.358590
D,DISPATCH,UNIT_SCADA,1,"2019/08/23 00:25:00",MURRAY,282.579990
D,DISPATCH,UNIT_SCADA,1,"2019/08/23 00:25:00",MUSSELR1,1.30
D,DISPATCH,UNIT_SCADA,1,"2019/08/23 00:25:00",MUWAWF1,-0.11
D,DISPATCH,UNIT_SCADA,1,"2019/08/23 00:25:00",NBHWF1,71.100010
D,DISPATCH,UNIT_SCADA,1,"2019/08/23 00:25:00",NPS,451.50
D,DISPATCH,UNIT_SCADA,1,"2019/08/23 00:25:00",NUMURSF1,0
D,DISPATCH,UNIT_SCADA,1,"2019/08/23 00:25:00",NYNGAN1,0
D,DISPATCH,UNIT_SCADA,1,"2019/08/23 00:25:00",OAKEY1,0
D,DISPATCH,UNIT_SCADA,1,"2019/08/23 00:25:00",OAKEY1SF,0
D,DISPATCH,UNIT_SCADA,1,"2019/08/23 00:25:00",OAKEY2,0
D,DISPATCH,UNIT_SCADA,1,"2019/08/23 00:25:00",OAKLAND1,3.50
D,DISPATCH,UNIT_SCADA,1,"2019/08/23 00:25:00",OSB-AG,184.239990
D,DISPATCH,UNIT_SCADA,1,"2019/08/23 00:25:00",PARSF1,0
D,DISPATCH,UNIT_SCADA,1,"2019/08/23 00:25:00",POAT110,0
D,DISPATCH,UNIT_SCADA,1,"2019/08/23 00:25:00",POAT220,3.69
D,DISPATCH,UNIT_SCADA,1,"2019/08/23 00:25:00",POR01,0
D,DISPATCH,UNIT_SCADA,1,"2019/08/23 00:25:00",POR03,0
D,DISPATCH,UNIT_SCADA,1,"2019/08/23 00:25:00",PPCCGT,495.011350
D,DISPATCH,UNIT_SCADA,1,"2019/08/23 00:25:00",PTSTAN1,0
D,DISPATCH,UNIT_SCADA,1,"2019/08/23 00:25:00",PUMP1,0
D,DISPATCH,UNIT_SCADA,1,"2019/08/23 00:25:00",PUMP2,0
D,DISPATCH,UNIT_SCADA,1,"2019/08/23 00:25:00",QPS1,29
D,DISPATCH,UNIT_SCADA,1,"2019/08/23 00:25:00",QPS2,0
D,DISPATCH,UNIT_SCADA,1,"2019/08/23 00:25:00",QPS3,0
D,DISPATCH,UNIT_SCADA,1,"2019/08/23 00:25:00",QPS4,0
D,DISPATCH,UNIT_SCADA,1,"2019/08/23 00:25:00",QPS5,0
D,DISPATCH,UNIT_SCADA,1,"2019/08/23 00:25:00",REECE1,117.620010
D,DISPATCH,UNIT_SCADA,1,"2019/08/23 00:25:00",REECE2,118.610010
D,DISPATCH,UNIT_SCADA,1,"2019/08/23 00:25:00",ROMA_7,0
D,DISPATCH,UNIT_SCADA,1,"2019/08/23 00:25:00",ROMA_8,0
D,DISPATCH,UNIT_SCADA,1,"2019/08/23 00:25:00",RRSF1,0
D,DISPATCH,UNIT_SCADA,1,"2019/08/23 00:25:00",RT_NSW1,0
D,DISPATCH,UNIT_SCADA,1,"2019/08/23 00:25:00",RT_NSW2,0
D,DISPATCH,UNIT_SCADA,1,"2019/08/23 00:25:00",RT_NSW3,0
D,DISPATCH,UNIT_SCADA,1,"2019/08/23 00:25:00",RT_NSW4,0
D,DISPATCH,UNIT_SCADA,1,"2019/08/23 00:25:00",RT_NSW5,0
D,DISPATCH,UNIT_SCADA,1,"2019/08/23 00:25:00",RT_NSW6,0
D,DISPATCH,UNIT_SCADA,1,"2019/08/23 00:25:00",RT_QLD1,0
D,DISPATCH,UNIT_SCADA,1,"2019/08/23 00:25:00",RT_SA1,0
D,DISPATCH,UNIT_SCADA,1,"2019/08/23 00:25:00",RT_SA2,0
D,DISPATCH,UNIT_SCADA,1,"2019/08/23 00:25:00",RT_SA3,0
D,DISPATCH,UNIT_SCADA,1,"2019/08/23 00:25:00",RT_SA4,0
D,DISPATCH,UNIT_SCADA,1,"2019/08/23 00:25:00",RT_SA5,0
D,DISPATCH,UNIT_SCADA,1,"2019/08/23 00:25:00",RT_SA6,0
D,DISPATCH,UNIT_SCADA,1,"2019/08/23 00:25:00",RT_TAS1,0
D,DISPATCH,UNIT_SCADA,1,"2019/08/23 00:25:00",RT_VIC1,0
D,DISPATCH,UNIT_SCADA,1,"2019/08/23 00:25:00",RT_VIC10,0
D,DISPATCH,UNIT_SCADA,1,"2019/08/23 00:25:00",RT_VIC11,0
D,DISPATCH,UNIT_SCADA,1,"2019/08/23 00:25:00",RT_VIC12,0
D,DISPATCH,UNIT_SCADA,1,"2019/08/23 00:25:00",RT_VIC2,0
D,DISPATCH,UNIT_SCADA,1,"2019/08/23 00:25:00",RT_VIC3,0
D,DISPATCH,UNIT_SCADA,1,"2019/08/23 00:25:00",RT_VIC4,0
D,DISPATCH,UNIT_SCADA,1,"2019/08/23 00:25:00",RT_VIC5,0
D,DISPATCH,UNIT_SCADA,1,"2019/08/23 00:25:00",RT_VIC6,0
D,DISPATCH,UNIT_SCADA,1,"2019/08/23 00:25:00",RT_VIC7,0
D,DISPATCH,UNIT_SCADA,1,"2019/08/23 00:25:00",RT_VIC8,0
D,DISPATCH,UNIT_SCADA,1,"2019/08/23 00:25:00",RT_VIC9,0
D,DISPATCH,UNIT_SCADA,1,"2019/08/23 00:25:00",RUGBYR1,0
D,DISPATCH,UNIT_SCADA,1,"2019/08/23 00:25:00",SALTCRK1,-0.43
D,DISPATCH,UNIT_SCADA,1,"2019/08/23 00:25:00",SAPHWF1,45.768740
D,DISPATCH,UNIT_SCADA,1,"2019/08/23 00:25:00",SHGEN,0
D,DISPATCH,UNIT_SCADA,1,"2019/08/23 00:25:00",SHPUMP,0
D,DISPATCH,UNIT_SCADA,1,"2019/08/23 00:25:00",SITHE01,0.194050
D,DISPATCH,UNIT_SCADA,1,"2019/08/23 00:25:00",SMCSF1,0
D,DISPATCH,UNIT_SCADA,1,"2019/08/23 00:25:00",SNOWNTH1,9.80
D,DISPATCH,UNIT_SCADA,1,"2019/08/23 00:25:00",SNOWSTH1,8.80
D,DISPATCH,UNIT_SCADA,1,"2019/08/23 00:25:00",SNOWTWN1,14.587650
D,DISPATCH,UNIT_SCADA,1,"2019/08/23 00:25:00",SNOWYP,0
D,DISPATCH,UNIT_SCADA,1,"2019/08/23 00:25:00",SNUG1,0.019440
D,DISPATCH,UNIT_SCADA,1,"2019/08/23 00:25:00",SRSF1,0
D,DISPATCH,UNIT_SCADA,1,"2019/08/23 00:25:00",STAN-1,0
D,DISPATCH,UNIT_SCADA,1,"2019/08/23 00:25:00",STAN-2,256.189360
D,DISPATCH,UNIT_SCADA,1,"2019/08/23 00:25:00",STAN-3,254.574330
D,DISPATCH,UNIT_SCADA,1,"2019/08/23 00:25:00",STAN-4,251.087890
D,DISPATCH,UNIT_SCADA,1,"2019/08/23 00:25:00",STWF1,156.1050
D,DISPATCH,UNIT_SCADA,1,"2019/08/23 00:25:00",SWAN_E,0
D,DISPATCH,UNIT_SCADA,1,"2019/08/23 00:25:00",TALWA1,425
D,DISPATCH,UNIT_SCADA,1,"2019/08/23 00:25:00",TARALGA1,1.102490
D,DISPATCH,UNIT_SCADA,1,"2019/08/23 00:25:00",TARONG#1,279.300020
D,DISPATCH,UNIT_SCADA,1,"2019/08/23 00:25:00",TARONG#2,279.300020
D,DISPATCH,UNIT_SCADA,1,"2019/08/23 00:25:00",TARONG#3,245.70
D,DISPATCH,UNIT_SCADA,1,"2019/08/23 00:25:00",TARONG#4,279.100010
D,DISPATCH,UNIT_SCADA,1,"2019/08/23 00:25:00",TARRALEA,83.90
D,DISPATCH,UNIT_SCADA,1,"2019/08/23 00:25:00",TBSF1,-0.20
D,DISPATCH,UNIT_SCADA,1,"2019/08/23 00:25:00",TNPS1,400.000030
D,DISPATCH,UNIT_SCADA,1,"2019/08/23 00:25:00",TORRA1,115.992790
D,DISPATCH,UNIT_SCADA,1,"2019/08/23 00:25:00",TORRA2,0
D,DISPATCH,UNIT_SCADA,1,"2019/08/23 00:25:00",TORRA3,42.395510
D,DISPATCH,UNIT_SCADA,1,"2019/08/23 00:25:00",TORRA4,96.743930
D,DISPATCH,UNIT_SCADA,1,"2019/08/23 00:25:00",TORRB1,127.51
D,DISPATCH,UNIT_SCADA,1,"2019/08/23 00:25:00",TORRB2,178.509990
D,DISPATCH,UNIT_SCADA,1,"2019/08/23 00:25:00",TORRB3,0
D,DISPATCH,UNIT_SCADA,1,"2019/08/23 00:25:00",TORRB4,0
D,DISPATCH,UNIT_SCADA,1,"2019/08/23 00:25:00",TREVALLN,44.230020
D,DISPATCH,UNIT_SCADA,1,"2019/08/23 00:25:00",TRIBUTE,84.83
D,DISPATCH,UNIT_SCADA,1,"2019/08/23 00:25:00",TUMUT3,0
D,DISPATCH,UNIT_SCADA,1,"2019/08/23 00:25:00",TUNGATIN,139.180020
D,DISPATCH,UNIT_SCADA,1,"2019/08/23 00:25:00",TVCC201,0
D,DISPATCH,UNIT_SCADA,1,"2019/08/23 00:25:00",TVPP104,57.826560
D,DISPATCH,UNIT_SCADA,1,"2019/08/23 00:25:00",UPPTUMUT,0
D,DISPATCH,UNIT_SCADA,1,"2019/08/23 00:25:00",URANQ11,0
D,DISPATCH,UNIT_SCADA,1,"2019/08/23 00:25:00",URANQ12,0
D,DISPATCH,UNIT_SCADA,1,"2019/08/23 00:25:00",URANQ13,0
D,DISPATCH,UNIT_SCADA,1,"2019/08/23 00:25:00",URANQ14,0
D,DISPATCH,UNIT_SCADA,1,"2019/08/23 00:25:00",VP5,602.349980
D,DISPATCH,UNIT_SCADA,1,"2019/08/23 00:25:00",VP6,597.450010
D,DISPATCH,UNIT_SCADA,1,"2019/08/23 00:25:00",VPGS1,0
D,DISPATCH,UNIT_SCADA,1,"2019/08/23 00:25:00",VPGS2,0
D,DISPATCH,UNIT_SCADA,1,"2019/08/23 00:25:00",VPGS3,0
D,DISPATCH,UNIT_SCADA,1,"2019/08/23 00:25:00",VPGS4,0
D,DISPATCH,UNIT_SCADA,1,"2019/08/23 00:25:00",VPGS5,0
D,DISPATCH,UNIT_SCADA,1,"2019/08/23 00:25:00",VPGS6,0
D,DISPATCH,UNIT_SCADA,1,"2019/08/23 00:25:00",W/HOE#1,0
D,DISPATCH,UNIT_SCADA,1,"2019/08/23 00:25:00",W/HOE#2,0
D,DISPATCH,UNIT_SCADA,1,"2019/08/23 00:25:00",WATERLWF,9.90
D,DISPATCH,UNIT_SCADA,1,"2019/08/23 00:25:00",WEMENSF1,0
D,DISPATCH,UNIT_SCADA,1,"2019/08/23 00:25:00",WGWF1,18.80
D,DISPATCH,UNIT_SCADA,1,"2019/08/23 00:25:00",WHITSF1,0
D,DISPATCH,UNIT_SCADA,1,"2019/08/23 00:25:00",WKIEWA1,27.30
D,DISPATCH,UNIT_SCADA,1,"2019/08/23 00:25:00",WKIEWA2,16.40
D,DISPATCH,UNIT_SCADA,1,"2019/08/23 00:25:00",WOODLWN1,1.611020
D,DISPATCH,UNIT_SCADA,1,"2019/08/23 00:25:00",WRSF1,0
D,DISPATCH,UNIT_SCADA,1,"2019/08/23 00:25:00",WRWF1,30.3225
D,DISPATCH,UNIT_SCADA,1,"2019/08/23 00:25:00",YABULU,0
D,DISPATCH,UNIT_SCADA,1,"2019/08/23 00:25:00",YABULU2,0
D,DISPATCH,UNIT_SCADA,1,"2019/08/23 00:25:00",YARWUN_1,0
D,DISPATCH,UNIT_SCADA,1,"2019/08/23 00:25:00",YENDWF1,-0.53
D,DISPATCH,UNIT_SCADA,1,"2019/08/23 00:25:00",YWPS1,283.205080
D,DISPATCH,UNIT_SCADA,1,"2019/08/23 00:25:00",YWPS2,250.622790
D,DISPATCH,UNIT_SCADA,1,"2019/08/23 00:25:00",YWPS3,0
D,DISPATCH,UNIT_SCADA,1,"2019/08/23 00:25:00",YWPS4,259.744290
C,"END OF REPORT",334
