C,NEMP.WORLD,DISPATCHSCADA,AEMO,PUBLIC,2019/09/05,03:30:07,0000000312407062,DISPATCHSCADA,0000000312407056
I,DISPATCH,UNIT_SCADA,1,SETTLEMENTDATE,DUID,SCADAVALUE
D,DISPATCH,UNIT_SCADA,1,"2019/09/05 03:35:00",BARCSF1,0
D,DISPATCH,UNIT_SCADA,1,"2019/09/05 03:35:00",BUTLERSG,10.199999
D,DISPATCH,UNIT_SCADA,1,"2019/09/05 03:35:00",CALL_A_4,0
D,DISPATCH,UNIT_SCADA,1,"2019/09/05 03:35:00",CAPTL_WF,14.615997
D,DISPATCH,UNIT_SCADA,1,"2019/09/05 03:35:00",CATHROCK,27.409998
D,DISPATCH,UNIT_SCADA,1,"2019/09/05 03:35:00",CHALLHWF,0.20
D,DISPATCH,UNIT_SCADA,1,"2019/09/05 03:35:00",CLOVER,-0.01
D,DISPATCH,UNIT_SCADA,1,"2019/09/05 03:35:00",CLUNY,9.977112
D,DISPATCH,UNIT_SCADA,1,"2019/09/05 03:35:00",CNUNDAWF,6.107124
D,DISPATCH,UNIT_SCADA,1,"2019/09/05 03:35:00",CULLRGWF,4.11
D,DISPATCH,UNIT_SCADA,1,"2019/09/05 03:35:00",ERGT01,0
D,DISPATCH,UNIT_SCADA,1,"2019/09/05 03:35:00",GB01,0.015976
D,DISPATCH,UNIT_SCADA,1,"2019/09/05 03:35:00",GERMCRK,40.299999
D,DISPATCH,UNIT_SCADA,1,"2019/09/05 03:35:00",GRIFSF1,0
D,DISPATCH,UNIT_SCADA,1,"2019/09/05 03:35:00",HUGSF1,-0.19
D,DISPATCH,UNIT_SCADA,1,"2019/09/05 03:35:00",LKBONNY1,11.163671
D,DISPATCH,UNIT_SCADA,1,"2019/09/05 03:35:00",LRSF1,-0.0310
D,DISPATCH,UNIT_SCADA,1,"2019/09/05 03:35:00",MBAHNTH,28.574997
D,DISPATCH,UNIT_SCADA,1,"2019/09/05 03:35:00",MLSP1,0.366001
D,DISPATCH,UNIT_SCADA,1,"2019/09/05 03:35:00",MLWF1,2.9850
D,DISPATCH,UNIT_SCADA,1,"2019/09/05 03:35:00",MTMILLAR,3.802510
D,DISPATCH,UNIT_SCADA,1,"2019/09/05 03:35:00",PALOONA,16.75
D,DISPATCH,UNIT_SCADA,1,"2019/09/05 03:35:00",PIONEER,43.400002
D,DISPATCH,UNIT_SCADA,1,"2019/09/05 03:35:00",PORTWF,29.50
D,DISPATCH,UNIT_SCADA,1,"2019/09/05 03:35:00",REPULSE,20.210880
D,DISPATCH,UNIT_SCADA,1,"2019/09/05 03:35:00",ROWALLAN,10.3021
D,DISPATCH,UNIT_SCADA,1,"2019/09/05 03:35:00",ROYALLA1,0
D,DISPATCH,UNIT_SCADA,1,"2019/09/05 03:35:00",RPCG,11.10
D,DISPATCH,UNIT_SCADA,1,"2019/09/05 03:35:00",RUBICON,0
D,DISPATCH,UNIT_SCADA,1,"2019/09/05 03:35:00",SATGN1,0
D,DISPATCH,UNIT_SCADA,1,"2019/09/05 03:35:00",SATGS1,0
D,DISPATCH,UNIT_SCADA,1,"2019/09/05 03:35:00",STARHLWF,-0.099971
D,DISPATCH,UNIT_SCADA,1,"2019/09/05 03:35:00",WAUBRAWF,0
D,DISPATCH,UNIT_SCADA,1,"2019/09/05 03:35:00",WOOLNTH1,-0.769985
D,DISPATCH,UNIT_SCADA,1,"2019/09/05 03:35:00",WPWF,4
D,DISPATCH,UNIT_SCADA,1,"2019/09/05 03:35:00",YAMBUKWF,6
D,DISPATCH,UNIT_SCADA,1,"2019/09/05 03:35:00",YSWF1,0.70
D,DISPATCH,UNIT_SCADA,1,"2019/09/05 03:35:00",AGLHAL,0
D,DISPATCH,UNIT_SCADA,1,"2019/09/05 03:35:00",AGLSOM,0
D,DISPATCH,UNIT_SCADA,1,"2019/09/05 03:35:00",ANGAST1,0
D,DISPATCH,UNIT_SCADA,1,"2019/09/05 03:35:00",ARWF1,6.30
D,DISPATCH,UNIT_SCADA,1,"2019/09/05 03:35:00",BALBG1,0
D,DISPATCH,UNIT_SCADA,1,"2019/09/05 03:35:00",BALBL1,0
D,DISPATCH,UNIT_SCADA,1,"2019/09/05 03:35:00",BALDHWF1,0
D,DISPATCH,UNIT_SCADA,1,"2019/09/05 03:35:00",BANN1,0
D,DISPATCH,UNIT_SCADA,1,"2019/09/05 03:35:00",BARCALDN,0
D,DISPATCH,UNIT_SCADA,1,"2019/09/05 03:35:00",BARRON-1,0
D,DISPATCH,UNIT_SCADA,1,"2019/09/05 03:35:00",BARRON-2,0
D,DISPATCH,UNIT_SCADA,1,"2019/09/05 03:35:00",BASTYAN,80.360010
D,DISPATCH,UNIT_SCADA,1,"2019/09/05 03:35:00",BBTHREE1,0
D,DISPATCH,UNIT_SCADA,1,"2019/09/05 03:35:00",BBTHREE2,0
D,DISPATCH,UNIT_SCADA,1,"2019/09/05 03:35:00",BBTHREE3,0
D,DISPATCH,UNIT_SCADA,1,"2019/09/05 03:35:00",BDL01,0
D,DISPATCH,UNIT_SCADA,1,"2019/09/05 03:35:00",BDL02,-0.06
D,DISPATCH,UNIT_SCADA,1,"2019/09/05 03:35:00",BERYLSF1,0
D,DISPATCH,UNIT_SCADA,1,"2019/09/05 03:35:00",BLOWERNG,11.10
D,DISPATCH,UNIT_SCADA,1,"2019/09/05 03:35:00",BLUFF1,0
D,DISPATCH,UNIT_SCADA,1,"2019/09/05 03:35:00",BNGSF1,0
D,DISPATCH,UNIT_SCADA,1,"2019/09/05 03:35:00",BNGSF2,0
D,DISPATCH,UNIT_SCADA,1,"2019/09/05 03:35:00",BOCORWF1,0
D,DISPATCH,UNIT_SCADA,1,"2019/09/05 03:35:00",BODWF1,4.424060
D,DISPATCH,UNIT_SCADA,1,"2019/09/05 03:35:00",BRAEMAR1,0
D,DISPATCH,UNIT_SCADA,1,"2019/09/05 03:35:00",BRAEMAR2,0
D,DISPATCH,UNIT_SCADA,1,"2019/09/05 03:35:00",BRAEMAR3,0
D,DISPATCH,UNIT_SCADA,1,"2019/09/05 03:35:00",BRAEMAR5,0
D,DISPATCH,UNIT_SCADA,1,"2019/09/05 03:35:00",BRAEMAR6,0
D,DISPATCH,UNIT_SCADA,1,"2019/09/05 03:35:00",BRAEMAR7,0
D,DISPATCH,UNIT_SCADA,1,"2019/09/05 03:35:00",BROKENH1,0
D,DISPATCH,UNIT_SCADA,1,"2019/09/05 03:35:00",BW01,520.599980
D,DISPATCH,UNIT_SCADA,1,"2019/09/05 03:35:00",BW02,584.650020
D,DISPATCH,UNIT_SCADA,1,"2019/09/05 03:35:00",BW03,601.650020
D,DISPATCH,UNIT_SCADA,1,"2019/09/05 03:35:00",BW04,0
D,DISPATCH,UNIT_SCADA,1,"2019/09/05 03:35:00",CALL_B_1,349.399990
D,DISPATCH,UNIT_SCADA,1,"2019/09/05 03:35:00",CALL_B_2,350.399990
D,DISPATCH,UNIT_SCADA,1,"2019/09/05 03:35:00",CETHANA,79.7430
D,DISPATCH,UNIT_SCADA,1,"2019/09/05 03:35:00",CG1,0
D,DISPATCH,UNIT_SCADA,1,"2019/09/05 03:35:00",CG2,0
D,DISPATCH,UNIT_SCADA,1,"2019/09/05 03:35:00",CG3,0
D,DISPATCH,UNIT_SCADA,1,"2019/09/05 03:35:00",CG4,0
D,DISPATCH,UNIT_SCADA,1,"2019/09/05 03:35:00",CHILDSF1,0
D,DISPATCH,UNIT_SCADA,1,"2019/09/05 03:35:00",CLARESF1,0
D,DISPATCH,UNIT_SCADA,1,"2019/09/05 03:35:00",CLEMGPWF,4.394140
D,DISPATCH,UNIT_SCADA,1,"2019/09/05 03:35:00",CLERMSF1,0
D,DISPATCH,UNIT_SCADA,1,"2019/09/05 03:35:00",COLEASF1,0
D,DISPATCH,UNIT_SCADA,1,"2019/09/05 03:35:00",COOPGWF1,7.888970
D,DISPATCH,UNIT_SCADA,1,"2019/09/05 03:35:00",CPP_3,405.6250
D,DISPATCH,UNIT_SCADA,1,"2019/09/05 03:35:00",CPP_4,405.350010
D,DISPATCH,UNIT_SCADA,1,"2019/09/05 03:35:00",CPSA,142.28
D,DISPATCH,UNIT_SCADA,1,"2019/09/05 03:35:00",CROOKWF2,4.446250
D,DISPATCH,UNIT_SCADA,1,"2019/09/05 03:35:00",CROWLWF1,0.023480
D,DISPATCH,UNIT_SCADA,1,"2019/09/05 03:35:00",CSPVPS1,0
D,DISPATCH,UNIT_SCADA,1,"2019/09/05 03:35:00",DALNTH01,0
D,DISPATCH,UNIT_SCADA,1,"2019/09/05 03:35:00",DALNTHL1,5.006480
D,DISPATCH,UNIT_SCADA,1,"2019/09/05 03:35:00",DARTM1,133.80
D,DISPATCH,UNIT_SCADA,1,"2019/09/05 03:35:00",DAYDSF1,0
D,DISPATCH,UNIT_SCADA,1,"2019/09/05 03:35:00",DDPS1,253.470960
D,DISPATCH,UNIT_SCADA,1,"2019/09/05 03:35:00",DDSF1,0
D,DISPATCH,UNIT_SCADA,1,"2019/09/05 03:35:00",DEVILS_G,56.107670
D,DISPATCH,UNIT_SCADA,1,"2019/09/05 03:35:00",DG_NSW1,0
D,DISPATCH,UNIT_SCADA,1,"2019/09/05 03:35:00",DG_QLD1,0
D,DISPATCH,UNIT_SCADA,1,"2019/09/05 03:35:00",DG_SA1,0
D,DISPATCH,UNIT_SCADA,1,"2019/09/05 03:35:00",DG_TAS1,0
D,DISPATCH,UNIT_SCADA,1,"2019/09/05 03:35:00",DG_VIC1,0
D,DISPATCH,UNIT_SCADA,1,"2019/09/05 03:35:00",DRYCGT1,0
D,DISPATCH,UNIT_SCADA,1,"2019/09/05 03:35:00",DRYCGT2,0
D,DISPATCH,UNIT_SCADA,1,"2019/09/05 03:35:00",DRYCGT3,0
D,DISPATCH,UNIT_SCADA,1,"2019/09/05 03:35:00",EILDON1,0
D,DISPATCH,UNIT_SCADA,1,"2019/09/05 03:35:00",EILDON2,0
D,DISPATCH,UNIT_SCADA,1,"2019/09/05 03:35:00",EMERASF1,0
D,DISPATCH,UNIT_SCADA,1,"2019/09/05 03:35:00",ER01,483.650020
D,DISPATCH,UNIT_SCADA,1,"2019/09/05 03:35:00",ER02,484.349980
D,DISPATCH,UNIT_SCADA,1,"2019/09/05 03:35:00",ER03,0
D,DISPATCH,UNIT_SCADA,1,"2019/09/05 03:35:00",ER04,349.75
D,DISPATCH,UNIT_SCADA,1,"2019/09/05 03:35:00",FINLYSF1,0
D,DISPATCH,UNIT_SCADA,1,"2019/09/05 03:35:00",FISHER,45.71
D,DISPATCH,UNIT_SCADA,1,"2019/09/05 03:35:00",GANNBG1,0
D,DISPATCH,UNIT_SCADA,1,"2019/09/05 03:35:00",GANNBL1,10.008050
D,DISPATCH,UNIT_SCADA,1,"2019/09/05 03:35:00",GANNSF1,0
D,DISPATCH,UNIT_SCADA,1,"2019/09/05 03:35:00",GORDON,21.216720
D,DISPATCH,UNIT_SCADA,1,"2019/09/05 03:35:00",GSTONE1,172.899990
D,DISPATCH,UNIT_SCADA,1,"2019/09/05 03:35:00",GSTONE2,177.6250
D,DISPATCH,UNIT_SCADA,1,"2019/09/05 03:35:00",GSTONE3,0
D,DISPATCH,UNIT_SCADA,1,"2019/09/05 03:35:00",GSTONE4,193.724990
D,DISPATCH,UNIT_SCADA,1,"2019/09/05 03:35:00",GSTONE5,172.024990
D,DISPATCH,UNIT_SCADA,1,"2019/09/05 03:35:00",GSTONE6,171.6750
D,DISPATCH,UNIT_SCADA,1,"2019/09/05 03:35:00",GULLRSF1,0
D,DISPATCH,UNIT_SCADA,1,"2019/09/05 03:35:00",GULLRWF1,40.323910
D,DISPATCH,UNIT_SCADA,1,"2019/09/05 03:35:00",GUNNING1,8.093720
D,DISPATCH,UNIT_SCADA,1,"2019/09/05 03:35:00",GUTHEGA,0
D,DISPATCH,UNIT_SCADA,1,"2019/09/05 03:35:00",HALLWF1,-0.31
D,DISPATCH,UNIT_SCADA,1,"2019/09/05 03:35:00",HALLWF2,-0.34
D,DISPATCH,UNIT_SCADA,1,"2019/09/05 03:35:00",HAMISF1,0
D,DISPATCH,UNIT_SCADA,1,"2019/09/05 03:35:00",HAUGHT11,0
D,DISPATCH,UNIT_SCADA,1,"2019/09/05 03:35:00",HAYMSF1,0
D,DISPATCH,UNIT_SCADA,1,"2019/09/05 03:35:00",HDWF1,15.90
D,DISPATCH,UNIT_SCADA,1,"2019/09/05 03:35:00",HDWF2,4.20
D,DISPATCH,UNIT_SCADA,1,"2019/09/05 03:35:00",HDWF3,6.10
D,DISPATCH,UNIT_SCADA,1,"2019/09/05 03:35:00",HPRG1,0
D,DISPATCH,UNIT_SCADA,1,"2019/09/05 03:35:00",HPRL1,7.80
D,DISPATCH,UNIT_SCADA,1,"2019/09/05 03:35:00",HUMENSW,0
D,DISPATCH,UNIT_SCADA,1,"2019/09/05 03:35:00",HUMEV,25.50
D,DISPATCH,UNIT_SCADA,1,"2019/09/05 03:35:00",HVGTS,0
D,DISPATCH,UNIT_SCADA,1,"2019/09/05 03:35:00",JBUTTERS,0
D,DISPATCH,UNIT_SCADA,1,"2019/09/05 03:35:00",JLA01,0.10
D,DISPATCH,UNIT_SCADA,1,"2019/09/05 03:35:00",JLA02,0
D,DISPATCH,UNIT_SCADA,1,"2019/09/05 03:35:00",JLA03,0
D,DISPATCH,UNIT_SCADA,1,"2019/09/05 03:35:00",JLA04,0
D,DISPATCH,UNIT_SCADA,1,"2019/09/05 03:35:00",JLB01,0
D,DISPATCH,UNIT_SCADA,1,"2019/09/05 03:35:00",JLB02,0.10
D,DISPATCH,UNIT_SCADA,1,"2019/09/05 03:35:00",JLB03,0
D,DISPATCH,UNIT_SCADA,1,"2019/09/05 03:35:00",KAREEYA1,21.5125
D,DISPATCH,UNIT_SCADA,1,"2019/09/05 03:35:00",KAREEYA2,21.6725
D,DISPATCH,UNIT_SCADA,1,"2019/09/05 03:35:00",KAREEYA3,0
D,DISPATCH,UNIT_SCADA,1,"2019/09/05 03:35:00",KAREEYA4,21.56
D,DISPATCH,UNIT_SCADA,1,"2019/09/05 03:35:00",KARSF1,0
D,DISPATCH,UNIT_SCADA,1,"2019/09/05 03:35:00",KIATAWF1,5.50
D,DISPATCH,UNIT_SCADA,1,"2019/09/05 03:35:00",KPP_1,0
D,DISPATCH,UNIT_SCADA,1,"2019/09/05 03:35:00",KSP1,0
D,DISPATCH,UNIT_SCADA,1,"2019/09/05 03:35:00",LADBROK1,0
D,DISPATCH,UNIT_SCADA,1,"2019/09/05 03:35:00",LADBROK2,0
D,DISPATCH,UNIT_SCADA,1,"2019/09/05 03:35:00",LD01,351.337490
D,DISPATCH,UNIT_SCADA,1,"2019/09/05 03:35:00",LD02,321.75
D,DISPATCH,UNIT_SCADA,1,"2019/09/05 03:35:00",LD03,347.100010
D,DISPATCH,UNIT_SCADA,1,"2019/09/05 03:35:00",LD04,348.487430
D,DISPATCH,UNIT_SCADA,1,"2019/09/05 03:35:00",LEM_WIL,85.261050
D,DISPATCH,UNIT_SCADA,1,"2019/09/05 03:35:00",LGAPWF1,34.45
D,DISPATCH,UNIT_SCADA,1,"2019/09/05 03:35:00",LILYSF1,0
D,DISPATCH,UNIT_SCADA,1,"2019/09/05 03:35:00",LI_WY_CA,143.809770
D,DISPATCH,UNIT_SCADA,1,"2019/09/05 03:35:00",LKBONNY2,23.795110
D,DISPATCH,UNIT_SCADA,1,"2019/09/05 03:35:00",LKBONNY3,7.759260
D,DISPATCH,UNIT_SCADA,1,"2019/09/05 03:35:00",LK_ECHO,0
D,DISPATCH,UNIT_SCADA,1,"2019/09/05 03:35:00",LNGS1,0
D,DISPATCH,UNIT_SCADA,1,"2019/09/05 03:35:00",LNGS2,0
D,DISPATCH,UNIT_SCADA,1,"2019/09/05 03:35:00",LONSDALE,0
D,DISPATCH,UNIT_SCADA,1,"2019/09/05 03:35:00",LOYYB1,536.088620
D,DISPATCH,UNIT_SCADA,1,"2019/09/05 03:35:00",LOYYB2,581.578490
D,DISPATCH,UNIT_SCADA,1,"2019/09/05 03:35:00",LYA1,0
D,DISPATCH,UNIT_SCADA,1,"2019/09/05 03:35:00",LYA2,0
D,DISPATCH,UNIT_SCADA,1,"2019/09/05 03:35:00",LYA3,560
D,DISPATCH,UNIT_SCADA,1,"2019/09/05 03:35:00",LYA4,539
D,DISPATCH,UNIT_SCADA,1,"2019/09/05 03:35:00",MACARTH1,49.998840
D,DISPATCH,UNIT_SCADA,1,"2019/09/05 03:35:00",MACKAYGT,0.2240
D,DISPATCH,UNIT_SCADA,1,"2019/09/05 03:35:00",MACKNTSH,87.280010
D,DISPATCH,UNIT_SCADA,1,"2019/09/05 03:35:00",MANSLR1,0
D,DISPATCH,UNIT_SCADA,1,"2019/09/05 03:35:00",MCKAY1,0.0750
D,DISPATCH,UNIT_SCADA,1,"2019/09/05 03:35:00",MEADOWBK,24.921760
D,DISPATCH,UNIT_SCADA,1,"2019/09/05 03:35:00",MERCER01,18.6540
D,DISPATCH,UNIT_SCADA,1,"2019/09/05 03:35:00",MEWF1,67.485690
D,DISPATCH,UNIT_SCADA,1,"2019/09/05 03:35:00",MINTARO,0
D,DISPATCH,UNIT_SCADA,1,"2019/09/05 03:35:00",MOREESF1,0
D,DISPATCH,UNIT_SCADA,1,"2019/09/05 03:35:00",MORTLK11,125
D,DISPATCH,UNIT_SCADA,1,"2019/09/05 03:35:00",MORTLK12,0
D,DISPATCH,UNIT_SCADA,1,"2019/09/05 03:35:00",MP1,218.400020
D,DISPATCH,UNIT_SCADA,1,"2019/09/05 03:35:00",MP2,0
D,DISPATCH,UNIT_SCADA,1,"2019/09/05 03:35:00",MPP_1,400
D,DISPATCH,UNIT_SCADA,1,"2019/09/05 03:35:00",MPP_2,434.75
D,DISPATCH,UNIT_SCADA,1,"2019/09/05 03:35:00",MSTUART1,0
D,DISPATCH,UNIT_SCADA,1,"2019/09/05 03:35:00",MSTUART2,0
D,DISPATCH,UNIT_SCADA,1,"2019/09/05 03:35:00",MSTUART3,0
D,DISPATCH,UNIT_SCADA,1,"2019/09/05 03:35:00",MTGELWF1,13.255710
D,DISPATCH,UNIT_SCADA,1,"2019/09/05 03:35:00",MURRAY,0
D,DISPATCH,UNIT_SCADA,1,"2019/09/05 03:35:00",MUSSELR1,31.60
D,DISPATCH,UNIT_SCADA,1,"2019/09/05 03:35:00",MUWAWF1,5.14
D,DISPATCH,UNIT_SCADA,1,"2019/09/05 03:35:00",NBHWF1,2.60
D,DISPATCH,UNIT_SCADA,1,"2019/09/05 03:35:00",NPS,102.3750
D,DISPATCH,UNIT_SCADA,1,"2019/09/05 03:35:00",NUMURSF1,0
D,DISPATCH,UNIT_SCADA,1,"2019/09/05 03:35:00",NYNGAN1,0
D,DISPATCH,UNIT_SCADA,1,"2019/09/05 03:35:00",OAKEY1,0
D,DISPATCH,UNIT_SCADA,1,"2019/09/05 03:35:00",OAKEY1SF,0
D,DISPATCH,UNIT_SCADA,1,"2019/09/05 03:35:00",OAKEY2,0
D,DISPATCH,UNIT_SCADA,1,"2019/09/05 03:35:00",OAKEY2SF,0
D,DISPATCH,UNIT_SCADA,1,"2019/09/05 03:35:00",OAKLAND1,2.90
D,DISPATCH,UNIT_SCADA,1,"2019/09/05 03:35:00",OSB-AG,161.33
D,DISPATCH,UNIT_SCADA,1,"2019/09/05 03:35:00",PARSF1,0
D,DISPATCH,UNIT_SCADA,1,"2019/09/05 03:35:00",POAT110,0
D,DISPATCH,UNIT_SCADA,1,"2019/09/05 03:35:00",POAT220,1.61
D,DISPATCH,UNIT_SCADA,1,"2019/09/05 03:35:00",POR01,0
D,DISPATCH,UNIT_SCADA,1,"2019/09/05 03:35:00",POR03,0
D,DISPATCH,UNIT_SCADA,1,"2019/09/05 03:35:00",PPCCGT,356.092680
D,DISPATCH,UNIT_SCADA,1,"2019/09/05 03:35:00",PTSTAN1,0
D,DISPATCH,UNIT_SCADA,1,"2019/09/05 03:35:00",PUMP1,0
D,DISPATCH,UNIT_SCADA,1,"2019/09/05 03:35:00",PUMP2,0
D,DISPATCH,UNIT_SCADA,1,"2019/09/05 03:35:00",QPS1,0
D,DISPATCH,UNIT_SCADA,1,"2019/09/05 03:35:00",QPS2,0
D,DISPATCH,UNIT_SCADA,1,"2019/09/05 03:35:00",QPS3,0
D,DISPATCH,UNIT_SCADA,1,"2019/09/05 03:35:00",QPS4,0
D,DISPATCH,UNIT_SCADA,1,"2019/09/05 03:35:00",QPS5,0
D,DISPATCH,UNIT_SCADA,1,"2019/09/05 03:35:00",REECE1,103.010010
D,DISPATCH,UNIT_SCADA,1,"2019/09/05 03:35:00",REECE2,101.240010
D,DISPATCH,UNIT_SCADA,1,"2019/09/05 03:35:00",ROMA_7,0
D,DISPATCH,UNIT_SCADA,1,"2019/09/05 03:35:00",ROMA_8,0
D,DISPATCH,UNIT_SCADA,1,"2019/09/05 03:35:00",RRSF1,0
D,DISPATCH,UNIT_SCADA,1,"2019/09/05 03:35:00",RT_NSW1,0
D,DISPATCH,UNIT_SCADA,1,"2019/09/05 03:35:00",RT_NSW2,0
D,DISPATCH,UNIT_SCADA,1,"2019/09/05 03:35:00",RT_NSW3,0
D,DISPATCH,UNIT_SCADA,1,"2019/09/05 03:35:00",RT_NSW4,0
D,DISPATCH,UNIT_SCADA,1,"2019/09/05 03:35:00",RT_NSW5,0
D,DISPATCH,UNIT_SCADA,1,"2019/09/05 03:35:00",RT_NSW6,0
D,DISPATCH,UNIT_SCADA,1,"2019/09/05 03:35:00",RT_QLD1,0
D,DISPATCH,UNIT_SCADA,1,"2019/09/05 03:35:00",RT_SA1,0
D,DISPATCH,UNIT_SCADA,1,"2019/09/05 03:35:00",RT_SA2,0
D,DISPATCH,UNIT_SCADA,1,"2019/09/05 03:35:00",RT_SA3,0
D,DISPATCH,UNIT_SCADA,1,"2019/09/05 03:35:00",RT_SA4,0
D,DISPATCH,UNIT_SCADA,1,"2019/09/05 03:35:00",RT_SA5,0
D,DISPATCH,UNIT_SCADA,1,"2019/09/05 03:35:00",RT_SA6,0
D,DISPATCH,UNIT_SCADA,1,"2019/09/05 03:35:00",RT_TAS1,0
D,DISPATCH,UNIT_SCADA,1,"2019/09/05 03:35:00",RT_VIC1,0
D,DISPATCH,UNIT_SCADA,1,"2019/09/05 03:35:00",RT_VIC10,0
D,DISPATCH,UNIT_SCADA,1,"2019/09/05 03:35:00",RT_VIC11,0
D,DISPATCH,UNIT_SCADA,1,"2019/09/05 03:35:00",RT_VIC12,0
D,DISPATCH,UNIT_SCADA,1,"2019/09/05 03:35:00",RT_VIC2,0
D,DISPATCH,UNIT_SCADA,1,"2019/09/05 03:35:00",RT_VIC3,0
D,DISPATCH,UNIT_SCADA,1,"2019/09/05 03:35:00",RT_VIC4,0
D,DISPATCH,UNIT_SCADA,1,"2019/09/05 03:35:00",RT_VIC5,0
D,DISPATCH,UNIT_SCADA,1,"2019/09/05 03:35:00",RT_VIC6,0
D,DISPATCH,UNIT_SCADA,1,"2019/09/05 03:35:00",RT_VIC7,0
D,DISPATCH,UNIT_SCADA,1,"2019/09/05 03:35:00",RT_VIC8,0
D,DISPATCH,UNIT_SCADA,1,"2019/09/05 03:35:00",RT_VIC9,0
D,DISPATCH,UNIT_SCADA,1,"2019/09/05 03:35:00",RUGBYR1,0
D,DISPATCH,UNIT_SCADA,1,"2019/09/05 03:35:00",SALTCRK1,7.04
D,DISPATCH,UNIT_SCADA,1,"2019/09/05 03:35:00",SAPHWF1,-2.559390
D,DISPATCH,UNIT_SCADA,1,"2019/09/05 03:35:00",SHGEN,0
D,DISPATCH,UNIT_SCADA,1,"2019/09/05 03:35:00",SHPUMP,158.561050
D,DISPATCH,UNIT_SCADA,1,"2019/09/05 03:35:00",SITHE01,0.214140
D,DISPATCH,UNIT_SCADA,1,"2019/09/05 03:35:00",SMCSF1,0
D,DISPATCH,UNIT_SCADA,1,"2019/09/05 03:35:00",SNOWNTH1,18.80
D,DISPATCH,UNIT_SCADA,1,"2019/09/05 03:35:00",SNOWSTH1,8
D,DISPATCH,UNIT_SCADA,1,"2019/09/05 03:35:00",SNOWTWN1,8.131650
D,DISPATCH,UNIT_SCADA,1,"2019/09/05 03:35:00",SNOWYP,0
D,DISPATCH,UNIT_SCADA,1,"2019/09/05 03:35:00",SNUG1,0.019440
D,DISPATCH,UNIT_SCADA,1,"2019/09/05 03:35:00",SRSF1,0
D,DISPATCH,UNIT_SCADA,1,"2019/09/05 03:35:00",STAN-1,222.863080
D,DISPATCH,UNIT_SCADA,1,"2019/09/05 03:35:00",STAN-2,248.626860
D,DISPATCH,UNIT_SCADA,1,"2019/09/05 03:35:00",STAN-3,245.935130
D,DISPATCH,UNIT_SCADA,1,"2019/09/05 03:35:00",STAN-4,248.729420
D,DISPATCH,UNIT_SCADA,1,"2019/09/05 03:35:00",STWF1,175.7025
D,DISPATCH,UNIT_SCADA,1,"2019/09/05 03:35:00",SWAN_E,0
D,DISPATCH,UNIT_SCADA,1,"2019/09/05 03:35:00",TALWA1,322
D,DISPATCH,UNIT_SCADA,1,"2019/09/05 03:35:00",TARALGA1,36.866240
D,DISPATCH,UNIT_SCADA,1,"2019/09/05 03:35:00",TARONG#1,274
D,DISPATCH,UNIT_SCADA,1,"2019/09/05 03:35:00",TARONG#2,0
D,DISPATCH,UNIT_SCADA,1,"2019/09/05 03:35:00",TARONG#3,259.899990
D,DISPATCH,UNIT_SCADA,1,"2019/09/05 03:35:00",TARONG#4,274.899990
D,DISPATCH,UNIT_SCADA,1,"2019/09/05 03:35:00",TARRALEA,71
D,DISPATCH,UNIT_SCADA,1,"2019/09/05 03:35:00",TBSF1,-0.20
D,DISPATCH,UNIT_SCADA,1,"2019/09/05 03:35:00",TNPS1,379.600010
D,DISPATCH,UNIT_SCADA,1,"2019/09/05 03:35:00",TORRA1,38.2907
D,DISPATCH,UNIT_SCADA,1,"2019/09/05 03:35:00",TORRA2,0
D,DISPATCH,UNIT_SCADA,1,"2019/09/05 03:35:00",TORRA3,0
D,DISPATCH,UNIT_SCADA,1,"2019/09/05 03:35:00",TORRA4,38.7536
D,DISPATCH,UNIT_SCADA,1,"2019/09/05 03:35:00",TORRB1,61.08
D,DISPATCH,UNIT_SCADA,1,"2019/09/05 03:35:00",TORRB2,61.21
D,DISPATCH,UNIT_SCADA,1,"2019/09/05 03:35:00",TORRB3,59.63
D,DISPATCH,UNIT_SCADA,1,"2019/09/05 03:35:00",TORRB4,0
D,DISPATCH,UNIT_SCADA,1,"2019/09/05 03:35:00",TREVALLN,2.40
D,DISPATCH,UNIT_SCADA,1,"2019/09/05 03:35:00",TRIBUTE,0
D,DISPATCH,UNIT_SCADA,1,"2019/09/05 03:35:00",TUMUT3,0
D,DISPATCH,UNIT_SCADA,1,"2019/09/05 03:35:00",TUNGATIN,123.720030
D,DISPATCH,UNIT_SCADA,1,"2019/09/05 03:35:00",TVCC201,0
D,DISPATCH,UNIT_SCADA,1,"2019/09/05 03:35:00",TVPP104,0
D,DISPATCH,UNIT_SCADA,1,"2019/09/05 03:35:00",UPPTUMUT,0
D,DISPATCH,UNIT_SCADA,1,"2019/09/05 03:35:00",URANQ11,0
D,DISPATCH,UNIT_SCADA,1,"2019/09/05 03:35:00",URANQ12,0
D,DISPATCH,UNIT_SCADA,1,"2019/09/05 03:35:00",URANQ13,0
D,DISPATCH,UNIT_SCADA,1,"2019/09/05 03:35:00",URANQ14,0
D,DISPATCH,UNIT_SCADA,1,"2019/09/05 03:35:00",VP5,632.775020
D,DISPATCH,UNIT_SCADA,1,"2019/09/05 03:35:00",VP6,0
D,DISPATCH,UNIT_SCADA,1,"2019/09/05 03:35:00",VPGS1,0
D,DISPATCH,UNIT_SCADA,1,"2019/09/05 03:35:00",VPGS2,0
D,DISPATCH,UNIT_SCADA,1,"2019/09/05 03:35:00",VPGS3,0
D,DISPATCH,UNIT_SCADA,1,"2019/09/05 03:35:00",VPGS4,0
D,DISPATCH,UNIT_SCADA,1,"2019/09/05 03:35:00",VPGS5,0
D,DISPATCH,UNIT_SCADA,1,"2019/09/05 03:35:00",VPGS6,0
D,DISPATCH,UNIT_SCADA,1,"2019/09/05 03:35:00",W/HOE#1,0
D,DISPATCH,UNIT_SCADA,1,"2019/09/05 03:35:00",W/HOE#2,0
D,DISPATCH,UNIT_SCADA,1,"2019/09/05 03:35:00",WATERLWF,-0.90
D,DISPATCH,UNIT_SCADA,1,"2019/09/05 03:35:00",WEMENSF1,0
D,DISPATCH,UNIT_SCADA,1,"2019/09/05 03:35:00",WGWF1,0.50
D,DISPATCH,UNIT_SCADA,1,"2019/09/05 03:35:00",WHITSF1,0
D,DISPATCH,UNIT_SCADA,1,"2019/09/05 03:35:00",WKIEWA1,16.90
D,DISPATCH,UNIT_SCADA,1,"2019/09/05 03:35:00",WKIEWA2,17.10
D,DISPATCH,UNIT_SCADA,1,"2019/09/05 03:35:00",WOODLWN1,17.118010
D,DISPATCH,UNIT_SCADA,1,"2019/09/05 03:35:00",WRSF1,0
D,DISPATCH,UNIT_SCADA,1,"2019/09/05 03:35:00",WRWF1,6.666240
D,DISPATCH,UNIT_SCADA,1,"2019/09/05 03:35:00",YABULU,0
D,DISPATCH,UNIT_SCADA,1,"2019/09/05 03:35:00",YABULU2,0
D,DISPATCH,UNIT_SCADA,1,"2019/09/05 03:35:00",YARWUN_1,165.86
D,DISPATCH,UNIT_SCADA,1,"2019/09/05 03:35:00",YENDWF1,0.15
D,DISPATCH,UNIT_SCADA,1,"2019/09/05 03:35:00",YWPS1,380.200010
D,DISPATCH,UNIT_SCADA,1,"2019/09/05 03:35:00",YWPS2,278.443020
D,DISPATCH,UNIT_SCADA,1,"2019/09/05 03:35:00",YWPS3,322.127840
D,DISPATCH,UNIT_SCADA,1,"2019/09/05 03:35:00",YWPS4,385.358220
C,"END OF REPORT",335
