C,NEMP.WORLD,DISPATCHSCADA,AEMO,PUBLIC,2019/08/23,05:15:07,0000000311894565,DISPATCHSCADA,0000000311894559
I,DISPATCH,UNIT_SCADA,1,SETTLEMENTDATE,DUID,SCADAVALUE
D,DISPATCH,UNIT_SCADA,1,"2019/08/23 05:20:00",BARCSF1,0
D,DISPATCH,UNIT_SCADA,1,"2019/08/23 05:20:00",BUTLERSG,9.699999
D,DISPATCH,UNIT_SCADA,1,"2019/08/23 05:20:00",CALL_A_4,0
D,DISPATCH,UNIT_SCADA,1,"2019/08/23 05:20:00",CAPTL_WF,0
D,DISPATCH,UNIT_SCADA,1,"2019/08/23 05:20:00",CATHROCK,48.239998
D,DISPATCH,UNIT_SCADA,1,"2019/08/23 05:20:00",CHALLHWF,0
D,DISPATCH,UNIT_SCADA,1,"2019/08/23 05:20:00",CLOVER,-0.01
D,DISPATCH,UNIT_SCADA,1,"2019/08/23 05:20:00",CLUNY,20.297092
D,DISPATCH,UNIT_SCADA,1,"2019/08/23 05:20:00",CNUNDAWF,3.504088
D,DISPATCH,UNIT_SCADA,1,"2019/08/23 05:20:00",CULLRGWF,3.83
D,DISPATCH,UNIT_SCADA,1,"2019/08/23 05:20:00",ERGT01,0
D,DISPATCH,UNIT_SCADA,1,"2019/08/23 05:20:00",GB01,0.054832
D,DISPATCH,UNIT_SCADA,1,"2019/08/23 05:20:00",GERMCRK,37.50
D,DISPATCH,UNIT_SCADA,1,"2019/08/23 05:20:00",GRIFSF1,0
D,DISPATCH,UNIT_SCADA,1,"2019/08/23 05:20:00",HUGSF1,-0.2370
D,DISPATCH,UNIT_SCADA,1,"2019/08/23 05:20:00",LKBONNY1,4.376159
D,DISPATCH,UNIT_SCADA,1,"2019/08/23 05:20:00",LRSF1,-0.0130
D,DISPATCH,UNIT_SCADA,1,"2019/08/23 05:20:00",MBAHNTH,55.631256
D,DISPATCH,UNIT_SCADA,1,"2019/08/23 05:20:00",MLSP1,0.180001
D,DISPATCH,UNIT_SCADA,1,"2019/08/23 05:20:00",MLWF1,0.81
D,DISPATCH,UNIT_SCADA,1,"2019/08/23 05:20:00",MTMILLAR,19.607855
D,DISPATCH,UNIT_SCADA,1,"2019/08/23 05:20:00",PALOONA,30.51
D,DISPATCH,UNIT_SCADA,1,"2019/08/23 05:20:00",PIONEER,48.900002
D,DISPATCH,UNIT_SCADA,1,"2019/08/23 05:20:00",PORTWF,34.400002
D,DISPATCH,UNIT_SCADA,1,"2019/08/23 05:20:00",REPULSE,28.942703
D,DISPATCH,UNIT_SCADA,1,"2019/08/23 05:20:00",ROWALLAN,10.3873
D,DISPATCH,UNIT_SCADA,1,"2019/08/23 05:20:00",ROYALLA1,0
D,DISPATCH,UNIT_SCADA,1,"2019/08/23 05:20:00",RPCG,10.40
D,DISPATCH,UNIT_SCADA,1,"2019/08/23 05:20:00",RUBICON,0
D,DISPATCH,UNIT_SCADA,1,"2019/08/23 05:20:00",SATGN1,0
D,DISPATCH,UNIT_SCADA,1,"2019/08/23 05:20:00",SATGS1,0
D,DISPATCH,UNIT_SCADA,1,"2019/08/23 05:20:00",STARHLWF,3.099096
D,DISPATCH,UNIT_SCADA,1,"2019/08/23 05:20:00",WAUBRAWF,8.9280
D,DISPATCH,UNIT_SCADA,1,"2019/08/23 05:20:00",WOOLNTH1,34.670013
D,DISPATCH,UNIT_SCADA,1,"2019/08/23 05:20:00",WPWF,6
D,DISPATCH,UNIT_SCADA,1,"2019/08/23 05:20:00",YAMBUKWF,3.20
D,DISPATCH,UNIT_SCADA,1,"2019/08/23 05:20:00",YSWF1,1.10
D,DISPATCH,UNIT_SCADA,1,"2019/08/23 05:20:00",AGLHAL,0
D,DISPATCH,UNIT_SCADA,1,"2019/08/23 05:20:00",AGLSOM,0
D,DISPATCH,UNIT_SCADA,1,"2019/08/23 05:20:00",ANGAST1,0
D,DISPATCH,UNIT_SCADA,1,"2019/08/23 05:20:00",ARWF1,-1.40
D,DISPATCH,UNIT_SCADA,1,"2019/08/23 05:20:00",BALBG1,0
D,DISPATCH,UNIT_SCADA,1,"2019/08/23 05:20:00",BALBL1,9.03
D,DISPATCH,UNIT_SCADA,1,"2019/08/23 05:20:00",BALDHWF1,11.9630
D,DISPATCH,UNIT_SCADA,1,"2019/08/23 05:20:00",BANN1,0
D,DISPATCH,UNIT_SCADA,1,"2019/08/23 05:20:00",BARCALDN,0
D,DISPATCH,UNIT_SCADA,1,"2019/08/23 05:20:00",BARRON-1,0
D,DISPATCH,UNIT_SCADA,1,"2019/08/23 05:20:00",BARRON-2,0
D,DISPATCH,UNIT_SCADA,1,"2019/08/23 05:20:00",BASTYAN,78.16
D,DISPATCH,UNIT_SCADA,1,"2019/08/23 05:20:00",BBTHREE1,-1.98
D,DISPATCH,UNIT_SCADA,1,"2019/08/23 05:20:00",BBTHREE2,-2
D,DISPATCH,UNIT_SCADA,1,"2019/08/23 05:20:00",BBTHREE3,-1.07
D,DISPATCH,UNIT_SCADA,1,"2019/08/23 05:20:00",BDL01,0
D,DISPATCH,UNIT_SCADA,1,"2019/08/23 05:20:00",BDL02,0
D,DISPATCH,UNIT_SCADA,1,"2019/08/23 05:20:00",BERYLSF1,-0.179440
D,DISPATCH,UNIT_SCADA,1,"2019/08/23 05:20:00",BLOWERNG,0
D,DISPATCH,UNIT_SCADA,1,"2019/08/23 05:20:00",BLUFF1,8.50
D,DISPATCH,UNIT_SCADA,1,"2019/08/23 05:20:00",BNGSF1,0
D,DISPATCH,UNIT_SCADA,1,"2019/08/23 05:20:00",BNGSF2,0
D,DISPATCH,UNIT_SCADA,1,"2019/08/23 05:20:00",BOCORWF1,17
D,DISPATCH,UNIT_SCADA,1,"2019/08/23 05:20:00",BODWF1,49.091150
D,DISPATCH,UNIT_SCADA,1,"2019/08/23 05:20:00",BRAEMAR1,0
D,DISPATCH,UNIT_SCADA,1,"2019/08/23 05:20:00",BRAEMAR2,0
D,DISPATCH,UNIT_SCADA,1,"2019/08/23 05:20:00",BRAEMAR3,0
D,DISPATCH,UNIT_SCADA,1,"2019/08/23 05:20:00",BRAEMAR5,0
D,DISPATCH,UNIT_SCADA,1,"2019/08/23 05:20:00",BRAEMAR6,0
D,DISPATCH,UNIT_SCADA,1,"2019/08/23 05:20:00",BRAEMAR7,0
D,DISPATCH,UNIT_SCADA,1,"2019/08/23 05:20:00",BROKENH1,0
D,DISPATCH,UNIT_SCADA,1,"2019/08/23 05:20:00",BW01,633.324950
D,DISPATCH,UNIT_SCADA,1,"2019/08/23 05:20:00",BW02,643.400020
D,DISPATCH,UNIT_SCADA,1,"2019/08/23 05:20:00",BW03,649.575070
D,DISPATCH,UNIT_SCADA,1,"2019/08/23 05:20:00",BW04,0
D,DISPATCH,UNIT_SCADA,1,"2019/08/23 05:20:00",CALL_B_1,350
D,DISPATCH,UNIT_SCADA,1,"2019/08/23 05:20:00",CALL_B_2,348.50
D,DISPATCH,UNIT_SCADA,1,"2019/08/23 05:20:00",CETHANA,97.106750
D,DISPATCH,UNIT_SCADA,1,"2019/08/23 05:20:00",CG1,0
D,DISPATCH,UNIT_SCADA,1,"2019/08/23 05:20:00",CG2,0
D,DISPATCH,UNIT_SCADA,1,"2019/08/23 05:20:00",CG3,0
D,DISPATCH,UNIT_SCADA,1,"2019/08/23 05:20:00",CG4,0
D,DISPATCH,UNIT_SCADA,1,"2019/08/23 05:20:00",CHILDSF1,0
D,DISPATCH,UNIT_SCADA,1,"2019/08/23 05:20:00",CLARESF1,0
D,DISPATCH,UNIT_SCADA,1,"2019/08/23 05:20:00",CLEMGPWF,28.958070
D,DISPATCH,UNIT_SCADA,1,"2019/08/23 05:20:00",CLERMSF1,0
D,DISPATCH,UNIT_SCADA,1,"2019/08/23 05:20:00",COLEASF1,0
D,DISPATCH,UNIT_SCADA,1,"2019/08/23 05:20:00",COOPGWF1,11.068440
D,DISPATCH,UNIT_SCADA,1,"2019/08/23 05:20:00",CPP_3,404.800020
D,DISPATCH,UNIT_SCADA,1,"2019/08/23 05:20:00",CPP_4,407
D,DISPATCH,UNIT_SCADA,1,"2019/08/23 05:20:00",CPSA,142.445630
D,DISPATCH,UNIT_SCADA,1,"2019/08/23 05:20:00",CROOKWF2,0
D,DISPATCH,UNIT_SCADA,1,"2019/08/23 05:20:00",CROWLWF1,0.469330
D,DISPATCH,UNIT_SCADA,1,"2019/08/23 05:20:00",CSPVPS1,0
D,DISPATCH,UNIT_SCADA,1,"2019/08/23 05:20:00",DALNTH01,0
D,DISPATCH,UNIT_SCADA,1,"2019/08/23 05:20:00",DALNTHL1,0.059510
D,DISPATCH,UNIT_SCADA,1,"2019/08/23 05:20:00",DARTM1,0
D,DISPATCH,UNIT_SCADA,1,"2019/08/23 05:20:00",DAYDSF1,0
D,DISPATCH,UNIT_SCADA,1,"2019/08/23 05:20:00",DDPS1,256.019040
D,DISPATCH,UNIT_SCADA,1,"2019/08/23 05:20:00",DDSF1,0
D,DISPATCH,UNIT_SCADA,1,"2019/08/23 05:20:00",DEVILS_G,0
D,DISPATCH,UNIT_SCADA,1,"2019/08/23 05:20:00",DG_NSW1,0
D,DISPATCH,UNIT_SCADA,1,"2019/08/23 05:20:00",DG_QLD1,0
D,DISPATCH,UNIT_SCADA,1,"2019/08/23 05:20:00",DG_SA1,0
D,DISPATCH,UNIT_SCADA,1,"2019/08/23 05:20:00",DG_TAS1,0
D,DISPATCH,UNIT_SCADA,1,"2019/08/23 05:20:00",DG_VIC1,0
D,DISPATCH,UNIT_SCADA,1,"2019/08/23 05:20:00",DRYCGT1,0
D,DISPATCH,UNIT_SCADA,1,"2019/08/23 05:20:00",DRYCGT2,0
D,DISPATCH,UNIT_SCADA,1,"2019/08/23 05:20:00",DRYCGT3,0
D,DISPATCH,UNIT_SCADA,1,"2019/08/23 05:20:00",EILDON1,0
D,DISPATCH,UNIT_SCADA,1,"2019/08/23 05:20:00",EILDON2,0
D,DISPATCH,UNIT_SCADA,1,"2019/08/23 05:20:00",EMERASF1,0
D,DISPATCH,UNIT_SCADA,1,"2019/08/23 05:20:00",ER01,551.75
D,DISPATCH,UNIT_SCADA,1,"2019/08/23 05:20:00",ER02,548.849980
D,DISPATCH,UNIT_SCADA,1,"2019/08/23 05:20:00",ER03,507.549930
D,DISPATCH,UNIT_SCADA,1,"2019/08/23 05:20:00",ER04,547.700070
D,DISPATCH,UNIT_SCADA,1,"2019/08/23 05:20:00",FINLYSF1,0
D,DISPATCH,UNIT_SCADA,1,"2019/08/23 05:20:00",FISHER,45.86
D,DISPATCH,UNIT_SCADA,1,"2019/08/23 05:20:00",GANNBG1,0
D,DISPATCH,UNIT_SCADA,1,"2019/08/23 05:20:00",GANNBL1,9.290350
D,DISPATCH,UNIT_SCADA,1,"2019/08/23 05:20:00",GANNSF1,0
D,DISPATCH,UNIT_SCADA,1,"2019/08/23 05:20:00",GORDON,93.876720
D,DISPATCH,UNIT_SCADA,1,"2019/08/23 05:20:00",GSTONE1,222.599990
D,DISPATCH,UNIT_SCADA,1,"2019/08/23 05:20:00",GSTONE2,224.1750
D,DISPATCH,UNIT_SCADA,1,"2019/08/23 05:20:00",GSTONE3,221.899990
D,DISPATCH,UNIT_SCADA,1,"2019/08/23 05:20:00",GSTONE4,221.024990
D,DISPATCH,UNIT_SCADA,1,"2019/08/23 05:20:00",GSTONE5,222.25
D,DISPATCH,UNIT_SCADA,1,"2019/08/23 05:20:00",GSTONE6,0
D,DISPATCH,UNIT_SCADA,1,"2019/08/23 05:20:00",GULLRSF1,0
D,DISPATCH,UNIT_SCADA,1,"2019/08/23 05:20:00",GULLRWF1,19.281310
D,DISPATCH,UNIT_SCADA,1,"2019/08/23 05:20:00",GUNNING1,7.551780
D,DISPATCH,UNIT_SCADA,1,"2019/08/23 05:20:00",GUTHEGA,0
D,DISPATCH,UNIT_SCADA,1,"2019/08/23 05:20:00",HALLWF1,38.20
D,DISPATCH,UNIT_SCADA,1,"2019/08/23 05:20:00",HALLWF2,13.56
D,DISPATCH,UNIT_SCADA,1,"2019/08/23 05:20:00",HAMISF1,0
D,DISPATCH,UNIT_SCADA,1,"2019/08/23 05:20:00",HAUGHT11,0
D,DISPATCH,UNIT_SCADA,1,"2019/08/23 05:20:00",HAYMSF1,0
D,DISPATCH,UNIT_SCADA,1,"2019/08/23 05:20:00",HDWF1,49.90
D,DISPATCH,UNIT_SCADA,1,"2019/08/23 05:20:00",HDWF2,56.50
D,DISPATCH,UNIT_SCADA,1,"2019/08/23 05:20:00",HDWF3,54.90
D,DISPATCH,UNIT_SCADA,1,"2019/08/23 05:20:00",HPRG1,0
D,DISPATCH,UNIT_SCADA,1,"2019/08/23 05:20:00",HPRL1,39.70
D,DISPATCH,UNIT_SCADA,1,"2019/08/23 05:20:00",HUMENSW,0
D,DISPATCH,UNIT_SCADA,1,"2019/08/23 05:20:00",HUMEV,8.30
D,DISPATCH,UNIT_SCADA,1,"2019/08/23 05:20:00",HVGTS,0
D,DISPATCH,UNIT_SCADA,1,"2019/08/23 05:20:00",JBUTTERS,138.849990
D,DISPATCH,UNIT_SCADA,1,"2019/08/23 05:20:00",JLA01,0.10
D,DISPATCH,UNIT_SCADA,1,"2019/08/23 05:20:00",JLA02,0
D,DISPATCH,UNIT_SCADA,1,"2019/08/23 05:20:00",JLA03,0.10
D,DISPATCH,UNIT_SCADA,1,"2019/08/23 05:20:00",JLA04,0.10
D,DISPATCH,UNIT_SCADA,1,"2019/08/23 05:20:00",JLB01,0
D,DISPATCH,UNIT_SCADA,1,"2019/08/23 05:20:00",JLB02,0.10
D,DISPATCH,UNIT_SCADA,1,"2019/08/23 05:20:00",JLB03,0
D,DISPATCH,UNIT_SCADA,1,"2019/08/23 05:20:00",KAREEYA1,21.4575
D,DISPATCH,UNIT_SCADA,1,"2019/08/23 05:20:00",KAREEYA2,21.6675
D,DISPATCH,UNIT_SCADA,1,"2019/08/23 05:20:00",KAREEYA3,0
D,DISPATCH,UNIT_SCADA,1,"2019/08/23 05:20:00",KAREEYA4,21.7150
D,DISPATCH,UNIT_SCADA,1,"2019/08/23 05:20:00",KARSF1,0
D,DISPATCH,UNIT_SCADA,1,"2019/08/23 05:20:00",KIATAWF1,0.90
D,DISPATCH,UNIT_SCADA,1,"2019/08/23 05:20:00",KPP_1,0
D,DISPATCH,UNIT_SCADA,1,"2019/08/23 05:20:00",KSP1,0
D,DISPATCH,UNIT_SCADA,1,"2019/08/23 05:20:00",LADBROK1,0
D,DISPATCH,UNIT_SCADA,1,"2019/08/23 05:20:00",LADBROK2,0
D,DISPATCH,UNIT_SCADA,1,"2019/08/23 05:20:00",LD01,358.368740
D,DISPATCH,UNIT_SCADA,1,"2019/08/23 05:20:00",LD02,299.906250
D,DISPATCH,UNIT_SCADA,1,"2019/08/23 05:20:00",LD03,352.968750
D,DISPATCH,UNIT_SCADA,1,"2019/08/23 05:20:00",LD04,353.662540
D,DISPATCH,UNIT_SCADA,1,"2019/08/23 05:20:00",LEM_WIL,86.1564
D,DISPATCH,UNIT_SCADA,1,"2019/08/23 05:20:00",LGAPWF1,6.96
D,DISPATCH,UNIT_SCADA,1,"2019/08/23 05:20:00",LILYSF1,0
D,DISPATCH,UNIT_SCADA,1,"2019/08/23 05:20:00",LI_WY_CA,149.709920
D,DISPATCH,UNIT_SCADA,1,"2019/08/23 05:20:00",LKBONNY2,12.235350
D,DISPATCH,UNIT_SCADA,1,"2019/08/23 05:20:00",LKBONNY3,3.405140
D,DISPATCH,UNIT_SCADA,1,"2019/08/23 05:20:00",LK_ECHO,0
D,DISPATCH,UNIT_SCADA,1,"2019/08/23 05:20:00",LNGS1,0
D,DISPATCH,UNIT_SCADA,1,"2019/08/23 05:20:00",LNGS2,0
D,DISPATCH,UNIT_SCADA,1,"2019/08/23 05:20:00",LONSDALE,0
D,DISPATCH,UNIT_SCADA,1,"2019/08/23 05:20:00",LOYYB1,536.088620
D,DISPATCH,UNIT_SCADA,1,"2019/08/23 05:20:00",LOYYB2,582.7063
D,DISPATCH,UNIT_SCADA,1,"2019/08/23 05:20:00",LYA1,560
D,DISPATCH,UNIT_SCADA,1,"2019/08/23 05:20:00",LYA2,0
D,DISPATCH,UNIT_SCADA,1,"2019/08/23 05:20:00",LYA3,560
D,DISPATCH,UNIT_SCADA,1,"2019/08/23 05:20:00",LYA4,538
D,DISPATCH,UNIT_SCADA,1,"2019/08/23 05:20:00",MACARTH1,16.399620
D,DISPATCH,UNIT_SCADA,1,"2019/08/23 05:20:00",MACKAYGT,0
D,DISPATCH,UNIT_SCADA,1,"2019/08/23 05:20:00",MACKNTSH,86.88
D,DISPATCH,UNIT_SCADA,1,"2019/08/23 05:20:00",MANSLR1,0
D,DISPATCH,UNIT_SCADA,1,"2019/08/23 05:20:00",MCKAY1,0.02
D,DISPATCH,UNIT_SCADA,1,"2019/08/23 05:20:00",MEADOWBK,33.953040
D,DISPATCH,UNIT_SCADA,1,"2019/08/23 05:20:00",MERCER01,8.8670
D,DISPATCH,UNIT_SCADA,1,"2019/08/23 05:20:00",MEWF1,66.897920
D,DISPATCH,UNIT_SCADA,1,"2019/08/23 05:20:00",MINTARO,0
D,DISPATCH,UNIT_SCADA,1,"2019/08/23 05:20:00",MOREESF1,0
D,DISPATCH,UNIT_SCADA,1,"2019/08/23 05:20:00",MORTLK11,201
D,DISPATCH,UNIT_SCADA,1,"2019/08/23 05:20:00",MORTLK12,0
D,DISPATCH,UNIT_SCADA,1,"2019/08/23 05:20:00",MP1,280.1250
D,DISPATCH,UNIT_SCADA,1,"2019/08/23 05:20:00",MP2,0
D,DISPATCH,UNIT_SCADA,1,"2019/08/23 05:20:00",MPP_1,375.50
D,DISPATCH,UNIT_SCADA,1,"2019/08/23 05:20:00",MPP_2,434
D,DISPATCH,UNIT_SCADA,1,"2019/08/23 05:20:00",MSTUART1,0
D,DISPATCH,UNIT_SCADA,1,"2019/08/23 05:20:00",MSTUART2,0
D,DISPATCH,UNIT_SCADA,1,"2019/08/23 05:20:00",MSTUART3,0
D,DISPATCH,UNIT_SCADA,1,"2019/08/23 05:20:00",MTGELWF1,3.161720
D,DISPATCH,UNIT_SCADA,1,"2019/08/23 05:20:00",MURRAY,69.952190
D,DISPATCH,UNIT_SCADA,1,"2019/08/23 05:20:00",MUSSELR1,49.50
D,DISPATCH,UNIT_SCADA,1,"2019/08/23 05:20:00",MUWAWF1,-0.11
D,DISPATCH,UNIT_SCADA,1,"2019/08/23 05:20:00",NBHWF1,46.30
D,DISPATCH,UNIT_SCADA,1,"2019/08/23 05:20:00",NPS,205.1250
D,DISPATCH,UNIT_SCADA,1,"2019/08/23 05:20:00",NUMURSF1,0
D,DISPATCH,UNIT_SCADA,1,"2019/08/23 05:20:00",NYNGAN1,0
D,DISPATCH,UNIT_SCADA,1,"2019/08/23 05:20:00",OAKEY1,0
D,DISPATCH,UNIT_SCADA,1,"2019/08/23 05:20:00",OAKEY1SF,0
D,DISPATCH,UNIT_SCADA,1,"2019/08/23 05:20:00",OAKEY2,0
D,DISPATCH,UNIT_SCADA,1,"2019/08/23 05:20:00",OAKLAND1,-0.30
D,DISPATCH,UNIT_SCADA,1,"2019/08/23 05:20:00",OSB-AG,143.480010
D,DISPATCH,UNIT_SCADA,1,"2019/08/23 05:20:00",PARSF1,0
D,DISPATCH,UNIT_SCADA,1,"2019/08/23 05:20:00",POAT110,0
D,DISPATCH,UNIT_SCADA,1,"2019/08/23 05:20:00",POAT220,2.87
D,DISPATCH,UNIT_SCADA,1,"2019/08/23 05:20:00",POR01,0
D,DISPATCH,UNIT_SCADA,1,"2019/08/23 05:20:00",POR03,0
D,DISPATCH,UNIT_SCADA,1,"2019/08/23 05:20:00",PPCCGT,497.024660
D,DISPATCH,UNIT_SCADA,1,"2019/08/23 05:20:00",PTSTAN1,0
D,DISPATCH,UNIT_SCADA,1,"2019/08/23 05:20:00",PUMP1,0
D,DISPATCH,UNIT_SCADA,1,"2019/08/23 05:20:00",PUMP2,0
D,DISPATCH,UNIT_SCADA,1,"2019/08/23 05:20:00",QPS1,0
D,DISPATCH,UNIT_SCADA,1,"2019/08/23 05:20:00",QPS2,0
D,DISPATCH,UNIT_SCADA,1,"2019/08/23 05:20:00",QPS3,0
D,DISPATCH,UNIT_SCADA,1,"2019/08/23 05:20:00",QPS4,0
D,DISPATCH,UNIT_SCADA,1,"2019/08/23 05:20:00",QPS5,0
D,DISPATCH,UNIT_SCADA,1,"2019/08/23 05:20:00",REECE1,118.780010
D,DISPATCH,UNIT_SCADA,1,"2019/08/23 05:20:00",REECE2,118.330010
D,DISPATCH,UNIT_SCADA,1,"2019/08/23 05:20:00",ROMA_7,0
D,DISPATCH,UNIT_SCADA,1,"2019/08/23 05:20:00",ROMA_8,0
D,DISPATCH,UNIT_SCADA,1,"2019/08/23 05:20:00",RRSF1,0
D,DISPATCH,UNIT_SCADA,1,"2019/08/23 05:20:00",RT_NSW1,0
D,DISPATCH,UNIT_SCADA,1,"2019/08/23 05:20:00",RT_NSW2,0
D,DISPATCH,UNIT_SCADA,1,"2019/08/23 05:20:00",RT_NSW3,0
D,DISPATCH,UNIT_SCADA,1,"2019/08/23 05:20:00",RT_NSW4,0
D,DISPATCH,UNIT_SCADA,1,"2019/08/23 05:20:00",RT_NSW5,0
D,DISPATCH,UNIT_SCADA,1,"2019/08/23 05:20:00",RT_NSW6,0
D,DISPATCH,UNIT_SCADA,1,"2019/08/23 05:20:00",RT_QLD1,0
D,DISPATCH,UNIT_SCADA,1,"2019/08/23 05:20:00",RT_SA1,0
D,DISPATCH,UNIT_SCADA,1,"2019/08/23 05:20:00",RT_SA2,0
D,DISPATCH,UNIT_SCADA,1,"2019/08/23 05:20:00",RT_SA3,0
D,DISPATCH,UNIT_SCADA,1,"2019/08/23 05:20:00",RT_SA4,0
D,DISPATCH,UNIT_SCADA,1,"2019/08/23 05:20:00",RT_SA5,0
D,DISPATCH,UNIT_SCADA,1,"2019/08/23 05:20:00",RT_SA6,0
D,DISPATCH,UNIT_SCADA,1,"2019/08/23 05:20:00",RT_TAS1,0
D,DISPATCH,UNIT_SCADA,1,"2019/08/23 05:20:00",RT_VIC1,0
D,DISPATCH,UNIT_SCADA,1,"2019/08/23 05:20:00",RT_VIC10,0
D,DISPATCH,UNIT_SCADA,1,"2019/08/23 05:20:00",RT_VIC11,0
D,DISPATCH,UNIT_SCADA,1,"2019/08/23 05:20:00",RT_VIC12,0
D,DISPATCH,UNIT_SCADA,1,"2019/08/23 05:20:00",RT_VIC2,0
D,DISPATCH,UNIT_SCADA,1,"2019/08/23 05:20:00",RT_VIC3,0
D,DISPATCH,UNIT_SCADA,1,"2019/08/23 05:20:00",RT_VIC4,0
D,DISPATCH,UNIT_SCADA,1,"2019/08/23 05:20:00",RT_VIC5,0
D,DISPATCH,UNIT_SCADA,1,"2019/08/23 05:20:00",RT_VIC6,0
D,DISPATCH,UNIT_SCADA,1,"2019/08/23 05:20:00",RT_VIC7,0
D,DISPATCH,UNIT_SCADA,1,"2019/08/23 05:20:00",RT_VIC8,0
D,DISPATCH,UNIT_SCADA,1,"2019/08/23 05:20:00",RT_VIC9,0
D,DISPATCH,UNIT_SCADA,1,"2019/08/23 05:20:00",RUGBYR1,0
D,DISPATCH,UNIT_SCADA,1,"2019/08/23 05:20:00",SALTCRK1,1.66
D,DISPATCH,UNIT_SCADA,1,"2019/08/23 05:20:00",SAPHWF1,34.434390
D,DISPATCH,UNIT_SCADA,1,"2019/08/23 05:20:00",SHGEN,0
D,DISPATCH,UNIT_SCADA,1,"2019/08/23 05:20:00",SHPUMP,0
D,DISPATCH,UNIT_SCADA,1,"2019/08/23 05:20:00",SITHE01,0.224190
D,DISPATCH,UNIT_SCADA,1,"2019/08/23 05:20:00",SMCSF1,0
D,DISPATCH,UNIT_SCADA,1,"2019/08/23 05:20:00",SNOWNTH1,47.10
D,DISPATCH,UNIT_SCADA,1,"2019/08/23 05:20:00",SNOWSTH1,19.40
D,DISPATCH,UNIT_SCADA,1,"2019/08/23 05:20:00",SNOWTWN1,46.015760
D,DISPATCH,UNIT_SCADA,1,"2019/08/23 05:20:00",SNOWYP,0
D,DISPATCH,UNIT_SCADA,1,"2019/08/23 05:20:00",SNUG1,0.019440
D,DISPATCH,UNIT_SCADA,1,"2019/08/23 05:20:00",SRSF1,0
D,DISPATCH,UNIT_SCADA,1,"2019/08/23 05:20:00",STAN-1,0
D,DISPATCH,UNIT_SCADA,1,"2019/08/23 05:20:00",STAN-2,218.043590
D,DISPATCH,UNIT_SCADA,1,"2019/08/23 05:20:00",STAN-3,219.235660
D,DISPATCH,UNIT_SCADA,1,"2019/08/23 05:20:00",STAN-4,220.581530
D,DISPATCH,UNIT_SCADA,1,"2019/08/23 05:20:00",STWF1,174.1050
D,DISPATCH,UNIT_SCADA,1,"2019/08/23 05:20:00",SWAN_E,0
D,DISPATCH,UNIT_SCADA,1,"2019/08/23 05:20:00",TALWA1,421
D,DISPATCH,UNIT_SCADA,1,"2019/08/23 05:20:00",TARALGA1,1.117510
D,DISPATCH,UNIT_SCADA,1,"2019/08/23 05:20:00",TARONG#1,255.70
D,DISPATCH,UNIT_SCADA,1,"2019/08/23 05:20:00",TARONG#2,179.50
D,DISPATCH,UNIT_SCADA,1,"2019/08/23 05:20:00",TARONG#3,229.600010
D,DISPATCH,UNIT_SCADA,1,"2019/08/23 05:20:00",TARONG#4,260.50
D,DISPATCH,UNIT_SCADA,1,"2019/08/23 05:20:00",TARRALEA,83.70
D,DISPATCH,UNIT_SCADA,1,"2019/08/23 05:20:00",TBSF1,-0.20
D,DISPATCH,UNIT_SCADA,1,"2019/08/23 05:20:00",TNPS1,400.000030
D,DISPATCH,UNIT_SCADA,1,"2019/08/23 05:20:00",TORRA1,93.111760
D,DISPATCH,UNIT_SCADA,1,"2019/08/23 05:20:00",TORRA2,11.066950
D,DISPATCH,UNIT_SCADA,1,"2019/08/23 05:20:00",TORRA3,0
D,DISPATCH,UNIT_SCADA,1,"2019/08/23 05:20:00",TORRA4,0
D,DISPATCH,UNIT_SCADA,1,"2019/08/23 05:20:00",TORRB1,0
D,DISPATCH,UNIT_SCADA,1,"2019/08/23 05:20:00",TORRB2,151.899990
D,DISPATCH,UNIT_SCADA,1,"2019/08/23 05:20:00",TORRB3,0
D,DISPATCH,UNIT_SCADA,1,"2019/08/23 05:20:00",TORRB4,0
D,DISPATCH,UNIT_SCADA,1,"2019/08/23 05:20:00",TREVALLN,43.520020
D,DISPATCH,UNIT_SCADA,1,"2019/08/23 05:20:00",TRIBUTE,84.71
D,DISPATCH,UNIT_SCADA,1,"2019/08/23 05:20:00",TUMUT3,0
D,DISPATCH,UNIT_SCADA,1,"2019/08/23 05:20:00",TUNGATIN,139.140030
D,DISPATCH,UNIT_SCADA,1,"2019/08/23 05:20:00",TVCC201,0
D,DISPATCH,UNIT_SCADA,1,"2019/08/23 05:20:00",TVPP104,0
D,DISPATCH,UNIT_SCADA,1,"2019/08/23 05:20:00",UPPTUMUT,0
D,DISPATCH,UNIT_SCADA,1,"2019/08/23 05:20:00",URANQ11,0
D,DISPATCH,UNIT_SCADA,1,"2019/08/23 05:20:00",URANQ12,0
D,DISPATCH,UNIT_SCADA,1,"2019/08/23 05:20:00",URANQ13,0
D,DISPATCH,UNIT_SCADA,1,"2019/08/23 05:20:00",URANQ14,0
D,DISPATCH,UNIT_SCADA,1,"2019/08/23 05:20:00",VP5,574.049990
D,DISPATCH,UNIT_SCADA,1,"2019/08/23 05:20:00",VP6,402.050020
D,DISPATCH,UNIT_SCADA,1,"2019/08/23 05:20:00",VPGS1,0
D,DISPATCH,UNIT_SCADA,1,"2019/08/23 05:20:00",VPGS2,0
D,DISPATCH,UNIT_SCADA,1,"2019/08/23 05:20:00",VPGS3,0
D,DISPATCH,UNIT_SCADA,1,"2019/08/23 05:20:00",VPGS4,0
D,DISPATCH,UNIT_SCADA,1,"2019/08/23 05:20:00",VPGS5,0
D,DISPATCH,UNIT_SCADA,1,"2019/08/23 05:20:00",VPGS6,0
D,DISPATCH,UNIT_SCADA,1,"2019/08/23 05:20:00",W/HOE#1,0
D,DISPATCH,UNIT_SCADA,1,"2019/08/23 05:20:00",W/HOE#2,0
D,DISPATCH,UNIT_SCADA,1,"2019/08/23 05:20:00",WATERLWF,38.20
D,DISPATCH,UNIT_SCADA,1,"2019/08/23 05:20:00",WEMENSF1,0
D,DISPATCH,UNIT_SCADA,1,"2019/08/23 05:20:00",WGWF1,34.50
D,DISPATCH,UNIT_SCADA,1,"2019/08/23 05:20:00",WHITSF1,0
D,DISPATCH,UNIT_SCADA,1,"2019/08/23 05:20:00",WKIEWA1,32.10
D,DISPATCH,UNIT_SCADA,1,"2019/08/23 05:20:00",WKIEWA2,16.10
D,DISPATCH,UNIT_SCADA,1,"2019/08/23 05:20:00",WOODLWN1,0
D,DISPATCH,UNIT_SCADA,1,"2019/08/23 05:20:00",WRSF1,0
D,DISPATCH,UNIT_SCADA,1,"2019/08/23 05:20:00",WRWF1,27.7650
D,DISPATCH,UNIT_SCADA,1,"2019/08/23 05:20:00",YABULU,0
D,DISPATCH,UNIT_SCADA,1,"2019/08/23 05:20:00",YABULU2,0
D,DISPATCH,UNIT_SCADA,1,"2019/08/23 05:20:00",YARWUN_1,0
D,DISPATCH,UNIT_SCADA,1,"2019/08/23 05:20:00",YENDWF1,-1.36
D,DISPATCH,UNIT_SCADA,1,"2019/08/23 05:20:00",YWPS1,371.678470
D,DISPATCH,UNIT_SCADA,1,"2019/08/23 05:20:00",YWPS2,283.205080
D,DISPATCH,UNIT_SCADA,1,"2019/08/23 05:20:00",YWPS3,0
D,DISPATCH,UNIT_SCADA,1,"2019/08/23 05:20:00",YWPS4,0
C,"END OF REPORT",334
