C,NEMP.WORLD,DISPATCHSCADA,AEMO,PUBLIC,2019/08/22,14:10:07,0000000311870107,DISPATCHSCADA,0000000311870101
I,DISPATCH,UNIT_SCADA,1,SETTLEMENTDATE,DUID,SCADAVALUE
D,DISPATCH,UNIT_SCADA,1,"2019/08/22 14:15:00",BARCSF1,18
D,DISPATCH,UNIT_SCADA,1,"2019/08/22 14:15:00",BUTLERSG,9.699999
D,DISPATCH,UNIT_SCADA,1,"2019/08/22 14:15:00",CALL_A_4,0
D,DISPATCH,UNIT_SCADA,1,"2019/08/22 14:15:00",CAPTL_WF,63.767998
D,DISPATCH,UNIT_SCADA,1,"2019/08/22 14:15:00",CATHROCK,0
D,DISPATCH,UNIT_SCADA,1,"2019/08/22 14:15:00",CHALLHWF,15.700001
D,DISPATCH,UNIT_SCADA,1,"2019/08/22 14:15:00",CLOVER,-0.01
D,DISPATCH,UNIT_SCADA,1,"2019/08/22 14:15:00",CLUNY,20.082857
D,DISPATCH,UNIT_SCADA,1,"2019/08/22 14:15:00",CNUNDAWF,6.207241
D,DISPATCH,UNIT_SCADA,1,"2019/08/22 14:15:00",CULLRGWF,27.209999
D,DISPATCH,UNIT_SCADA,1,"2019/08/22 14:15:00",ERGT01,0
D,DISPATCH,UNIT_SCADA,1,"2019/08/22 14:15:00",GB01,0.066025
D,DISPATCH,UNIT_SCADA,1,"2019/08/22 14:15:00",GERMCRK,15.90
D,DISPATCH,UNIT_SCADA,1,"2019/08/22 14:15:00",GRIFSF1,24.496880
D,DISPATCH,UNIT_SCADA,1,"2019/08/22 14:15:00",HUGSF1,8.9630
D,DISPATCH,UNIT_SCADA,1,"2019/08/22 14:15:00",LKBONNY1,12.771239
D,DISPATCH,UNIT_SCADA,1,"2019/08/22 14:15:00",LRSF1,12.155001
D,DISPATCH,UNIT_SCADA,1,"2019/08/22 14:15:00",MBAHNTH,55.256256
D,DISPATCH,UNIT_SCADA,1,"2019/08/22 14:15:00",MLSP1,10.989001
D,DISPATCH,UNIT_SCADA,1,"2019/08/22 14:15:00",MLWF1,5.7750
D,DISPATCH,UNIT_SCADA,1,"2019/08/22 14:15:00",MTMILLAR,1.108755
D,DISPATCH,UNIT_SCADA,1,"2019/08/22 14:15:00",PALOONA,28.779999
D,DISPATCH,UNIT_SCADA,1,"2019/08/22 14:15:00",PIONEER,34.100002
D,DISPATCH,UNIT_SCADA,1,"2019/08/22 14:15:00",PORTWF,10.60
D,DISPATCH,UNIT_SCADA,1,"2019/08/22 14:15:00",REPULSE,28.7010
D,DISPATCH,UNIT_SCADA,1,"2019/08/22 14:15:00",ROWALLAN,10.3376
D,DISPATCH,UNIT_SCADA,1,"2019/08/22 14:15:00",ROYALLA1,17.052002
D,DISPATCH,UNIT_SCADA,1,"2019/08/22 14:15:00",RPCG,10.50
D,DISPATCH,UNIT_SCADA,1,"2019/08/22 14:15:00",RUBICON,0
D,DISPATCH,UNIT_SCADA,1,"2019/08/22 14:15:00",SATGN1,0
D,DISPATCH,UNIT_SCADA,1,"2019/08/22 14:15:00",SATGS1,0
D,DISPATCH,UNIT_SCADA,1,"2019/08/22 14:15:00",STARHLWF,2.099388
D,DISPATCH,UNIT_SCADA,1,"2019/08/22 14:15:00",WAUBRAWF,112.251999
D,DISPATCH,UNIT_SCADA,1,"2019/08/22 14:15:00",WOOLNTH1,76.220016
D,DISPATCH,UNIT_SCADA,1,"2019/08/22 14:15:00",WPWF,-1
D,DISPATCH,UNIT_SCADA,1,"2019/08/22 14:15:00",YAMBUKWF,2.10
D,DISPATCH,UNIT_SCADA,1,"2019/08/22 14:15:00",YSWF1,11.50
D,DISPATCH,UNIT_SCADA,1,"2019/08/22 14:15:00",AGLHAL,0
D,DISPATCH,UNIT_SCADA,1,"2019/08/22 14:15:00",AGLSOM,0
D,DISPATCH,UNIT_SCADA,1,"2019/08/22 14:15:00",ANGAST1,0
D,DISPATCH,UNIT_SCADA,1,"2019/08/22 14:15:00",ARWF1,129.50
D,DISPATCH,UNIT_SCADA,1,"2019/08/22 14:15:00",BALBG1,0
D,DISPATCH,UNIT_SCADA,1,"2019/08/22 14:15:00",BALBL1,0
D,DISPATCH,UNIT_SCADA,1,"2019/08/22 14:15:00",BALDHWF1,91.0840
D,DISPATCH,UNIT_SCADA,1,"2019/08/22 14:15:00",BANN1,59.63
D,DISPATCH,UNIT_SCADA,1,"2019/08/22 14:15:00",BARCALDN,0
D,DISPATCH,UNIT_SCADA,1,"2019/08/22 14:15:00",BARRON-1,0
D,DISPATCH,UNIT_SCADA,1,"2019/08/22 14:15:00",BARRON-2,0
D,DISPATCH,UNIT_SCADA,1,"2019/08/22 14:15:00",BASTYAN,77.850010
D,DISPATCH,UNIT_SCADA,1,"2019/08/22 14:15:00",BBTHREE1,-2
D,DISPATCH,UNIT_SCADA,1,"2019/08/22 14:15:00",BBTHREE2,-2.03
D,DISPATCH,UNIT_SCADA,1,"2019/08/22 14:15:00",BBTHREE3,-1.14
D,DISPATCH,UNIT_SCADA,1,"2019/08/22 14:15:00",BDL01,0
D,DISPATCH,UNIT_SCADA,1,"2019/08/22 14:15:00",BDL02,0
D,DISPATCH,UNIT_SCADA,1,"2019/08/22 14:15:00",BERYLSF1,61.120210
D,DISPATCH,UNIT_SCADA,1,"2019/08/22 14:15:00",BLOWERNG,0
D,DISPATCH,UNIT_SCADA,1,"2019/08/22 14:15:00",BLUFF1,0.10
D,DISPATCH,UNIT_SCADA,1,"2019/08/22 14:15:00",BNGSF1,96.65
D,DISPATCH,UNIT_SCADA,1,"2019/08/22 14:15:00",BNGSF2,19.96
D,DISPATCH,UNIT_SCADA,1,"2019/08/22 14:15:00",BOCORWF1,111.54
D,DISPATCH,UNIT_SCADA,1,"2019/08/22 14:15:00",BODWF1,110.502770
D,DISPATCH,UNIT_SCADA,1,"2019/08/22 14:15:00",BRAEMAR1,0
D,DISPATCH,UNIT_SCADA,1,"2019/08/22 14:15:00",BRAEMAR2,0
D,DISPATCH,UNIT_SCADA,1,"2019/08/22 14:15:00",BRAEMAR3,0
D,DISPATCH,UNIT_SCADA,1,"2019/08/22 14:15:00",BRAEMAR5,0
D,DISPATCH,UNIT_SCADA,1,"2019/08/22 14:15:00",BRAEMAR6,0
D,DISPATCH,UNIT_SCADA,1,"2019/08/22 14:15:00",BRAEMAR7,0
D,DISPATCH,UNIT_SCADA,1,"2019/08/22 14:15:00",BROKENH1,52.938960
D,DISPATCH,UNIT_SCADA,1,"2019/08/22 14:15:00",BW01,522.974980
D,DISPATCH,UNIT_SCADA,1,"2019/08/22 14:15:00",BW02,514.050050
D,DISPATCH,UNIT_SCADA,1,"2019/08/22 14:15:00",BW03,527.674930
D,DISPATCH,UNIT_SCADA,1,"2019/08/22 14:15:00",BW04,0
D,DISPATCH,UNIT_SCADA,1,"2019/08/22 14:15:00",CALL_B_1,130.50
D,DISPATCH,UNIT_SCADA,1,"2019/08/22 14:15:00",CALL_B_2,279.800020
D,DISPATCH,UNIT_SCADA,1,"2019/08/22 14:15:00",CETHANA,98.064750
D,DISPATCH,UNIT_SCADA,1,"2019/08/22 14:15:00",CG1,0
D,DISPATCH,UNIT_SCADA,1,"2019/08/22 14:15:00",CG2,0
D,DISPATCH,UNIT_SCADA,1,"2019/08/22 14:15:00",CG3,0
D,DISPATCH,UNIT_SCADA,1,"2019/08/22 14:15:00",CG4,0
D,DISPATCH,UNIT_SCADA,1,"2019/08/22 14:15:00",CHILDSF1,40.12
D,DISPATCH,UNIT_SCADA,1,"2019/08/22 14:15:00",CLARESF1,43.974660
D,DISPATCH,UNIT_SCADA,1,"2019/08/22 14:15:00",CLEMGPWF,-0.288140
D,DISPATCH,UNIT_SCADA,1,"2019/08/22 14:15:00",CLERMSF1,14.69
D,DISPATCH,UNIT_SCADA,1,"2019/08/22 14:15:00",COLEASF1,101.60
D,DISPATCH,UNIT_SCADA,1,"2019/08/22 14:15:00",COOPGWF1,31.463290
D,DISPATCH,UNIT_SCADA,1,"2019/08/22 14:15:00",CPP_3,278.575010
D,DISPATCH,UNIT_SCADA,1,"2019/08/22 14:15:00",CPP_4,308.550020
D,DISPATCH,UNIT_SCADA,1,"2019/08/22 14:15:00",CPSA,89.191880
D,DISPATCH,UNIT_SCADA,1,"2019/08/22 14:15:00",CROOKWF2,90.553760
D,DISPATCH,UNIT_SCADA,1,"2019/08/22 14:15:00",CROWLWF1,29.749250
D,DISPATCH,UNIT_SCADA,1,"2019/08/22 14:15:00",CSPVPS1,31.9980
D,DISPATCH,UNIT_SCADA,1,"2019/08/22 14:15:00",DALNTH01,0
D,DISPATCH,UNIT_SCADA,1,"2019/08/22 14:15:00",DALNTHL1,0.114440
D,DISPATCH,UNIT_SCADA,1,"2019/08/22 14:15:00",DARTM1,134.600010
D,DISPATCH,UNIT_SCADA,1,"2019/08/22 14:15:00",DAYDSF1,116.3260
D,DISPATCH,UNIT_SCADA,1,"2019/08/22 14:15:00",DDPS1,0
D,DISPATCH,UNIT_SCADA,1,"2019/08/22 14:15:00",DDSF1,98.664440
D,DISPATCH,UNIT_SCADA,1,"2019/08/22 14:15:00",DEVILS_G,0
D,DISPATCH,UNIT_SCADA,1,"2019/08/22 14:15:00",DG_NSW1,0
D,DISPATCH,UNIT_SCADA,1,"2019/08/22 14:15:00",DG_QLD1,0
D,DISPATCH,UNIT_SCADA,1,"2019/08/22 14:15:00",DG_SA1,0
D,DISPATCH,UNIT_SCADA,1,"2019/08/22 14:15:00",DG_TAS1,0
D,DISPATCH,UNIT_SCADA,1,"2019/08/22 14:15:00",DG_VIC1,0
D,DISPATCH,UNIT_SCADA,1,"2019/08/22 14:15:00",DRYCGT1,0
D,DISPATCH,UNIT_SCADA,1,"2019/08/22 14:15:00",DRYCGT2,0
D,DISPATCH,UNIT_SCADA,1,"2019/08/22 14:15:00",DRYCGT3,0
D,DISPATCH,UNIT_SCADA,1,"2019/08/22 14:15:00",EILDON1,0
D,DISPATCH,UNIT_SCADA,1,"2019/08/22 14:15:00",EILDON2,0
D,DISPATCH,UNIT_SCADA,1,"2019/08/22 14:15:00",EMERASF1,60.73
D,DISPATCH,UNIT_SCADA,1,"2019/08/22 14:15:00",ER01,322.025020
D,DISPATCH,UNIT_SCADA,1,"2019/08/22 14:15:00",ER02,393.6499
D,DISPATCH,UNIT_SCADA,1,"2019/08/22 14:15:00",ER03,698.900020
D,DISPATCH,UNIT_SCADA,1,"2019/08/22 14:15:00",ER04,374.324950
D,DISPATCH,UNIT_SCADA,1,"2019/08/22 14:15:00",FINLYSF1,0
D,DISPATCH,UNIT_SCADA,1,"2019/08/22 14:15:00",FISHER,45.85
D,DISPATCH,UNIT_SCADA,1,"2019/08/22 14:15:00",GANNBG1,0
D,DISPATCH,UNIT_SCADA,1,"2019/08/22 14:15:00",GANNBL1,15.012690
D,DISPATCH,UNIT_SCADA,1,"2019/08/22 14:15:00",GANNSF1,42.30
D,DISPATCH,UNIT_SCADA,1,"2019/08/22 14:15:00",GORDON,19.472880
D,DISPATCH,UNIT_SCADA,1,"2019/08/22 14:15:00",GSTONE1,131.95
D,DISPATCH,UNIT_SCADA,1,"2019/08/22 14:15:00",GSTONE2,142.274990
D,DISPATCH,UNIT_SCADA,1,"2019/08/22 14:15:00",GSTONE3,142.974990
D,DISPATCH,UNIT_SCADA,1,"2019/08/22 14:15:00",GSTONE4,147.70
D,DISPATCH,UNIT_SCADA,1,"2019/08/22 14:15:00",GSTONE5,147.524990
D,DISPATCH,UNIT_SCADA,1,"2019/08/22 14:15:00",GSTONE6,0
D,DISPATCH,UNIT_SCADA,1,"2019/08/22 14:15:00",GULLRSF1,4.792140
D,DISPATCH,UNIT_SCADA,1,"2019/08/22 14:15:00",GULLRWF1,118.667720
D,DISPATCH,UNIT_SCADA,1,"2019/08/22 14:15:00",GUNNING1,33.195120
D,DISPATCH,UNIT_SCADA,1,"2019/08/22 14:15:00",GUTHEGA,0
D,DISPATCH,UNIT_SCADA,1,"2019/08/22 14:15:00",HALLWF1,-0.49
D,DISPATCH,UNIT_SCADA,1,"2019/08/22 14:15:00",HALLWF2,-0.39
D,DISPATCH,UNIT_SCADA,1,"2019/08/22 14:15:00",HAMISF1,46.60
D,DISPATCH,UNIT_SCADA,1,"2019/08/22 14:15:00",HAUGHT11,49.985530
D,DISPATCH,UNIT_SCADA,1,"2019/08/22 14:15:00",HAYMSF1,41.3110
D,DISPATCH,UNIT_SCADA,1,"2019/08/22 14:15:00",HDWF1,3.60
D,DISPATCH,UNIT_SCADA,1,"2019/08/22 14:15:00",HDWF2,3.30
D,DISPATCH,UNIT_SCADA,1,"2019/08/22 14:15:00",HDWF3,3.60
D,DISPATCH,UNIT_SCADA,1,"2019/08/22 14:15:00",HPRG1,0
D,DISPATCH,UNIT_SCADA,1,"2019/08/22 14:15:00",HPRL1,0.10
D,DISPATCH,UNIT_SCADA,1,"2019/08/22 14:15:00",HUMENSW,0
D,DISPATCH,UNIT_SCADA,1,"2019/08/22 14:15:00",HUMEV,8.50
D,DISPATCH,UNIT_SCADA,1,"2019/08/22 14:15:00",HVGTS,0
D,DISPATCH,UNIT_SCADA,1,"2019/08/22 14:15:00",JBUTTERS,139.47
D,DISPATCH,UNIT_SCADA,1,"2019/08/22 14:15:00",JLA01,0.50
D,DISPATCH,UNIT_SCADA,1,"2019/08/22 14:15:00",JLA02,0
D,DISPATCH,UNIT_SCADA,1,"2019/08/22 14:15:00",JLA03,0.10
D,DISPATCH,UNIT_SCADA,1,"2019/08/22 14:15:00",JLA04,0.10
D,DISPATCH,UNIT_SCADA,1,"2019/08/22 14:15:00",JLB01,0
D,DISPATCH,UNIT_SCADA,1,"2019/08/22 14:15:00",JLB02,0.10
D,DISPATCH,UNIT_SCADA,1,"2019/08/22 14:15:00",JLB03,0
D,DISPATCH,UNIT_SCADA,1,"2019/08/22 14:15:00",KAREEYA1,21.5225
D,DISPATCH,UNIT_SCADA,1,"2019/08/22 14:15:00",KAREEYA2,21.7825
D,DISPATCH,UNIT_SCADA,1,"2019/08/22 14:15:00",KAREEYA3,0
D,DISPATCH,UNIT_SCADA,1,"2019/08/22 14:15:00",KAREEYA4,21.6975
D,DISPATCH,UNIT_SCADA,1,"2019/08/22 14:15:00",KARSF1,35.20
D,DISPATCH,UNIT_SCADA,1,"2019/08/22 14:15:00",KIATAWF1,14.20
D,DISPATCH,UNIT_SCADA,1,"2019/08/22 14:15:00",KPP_1,0
D,DISPATCH,UNIT_SCADA,1,"2019/08/22 14:15:00",KSP1,47.36
D,DISPATCH,UNIT_SCADA,1,"2019/08/22 14:15:00",LADBROK1,0
D,DISPATCH,UNIT_SCADA,1,"2019/08/22 14:15:00",LADBROK2,0
D,DISPATCH,UNIT_SCADA,1,"2019/08/22 14:15:00",LD01,343.668730
D,DISPATCH,UNIT_SCADA,1,"2019/08/22 14:15:00",LD02,350.550020
D,DISPATCH,UNIT_SCADA,1,"2019/08/22 14:15:00",LD03,342.993710
D,DISPATCH,UNIT_SCADA,1,"2019/08/22 14:15:00",LD04,345.449980
D,DISPATCH,UNIT_SCADA,1,"2019/08/22 14:15:00",LEM_WIL,86.0183
D,DISPATCH,UNIT_SCADA,1,"2019/08/22 14:15:00",LGAPWF1,3.23
D,DISPATCH,UNIT_SCADA,1,"2019/08/22 14:15:00",LILYSF1,91.2261
D,DISPATCH,UNIT_SCADA,1,"2019/08/22 14:15:00",LI_WY_CA,148.674060
D,DISPATCH,UNIT_SCADA,1,"2019/08/22 14:15:00",LKBONNY2,18.687890
D,DISPATCH,UNIT_SCADA,1,"2019/08/22 14:15:00",LKBONNY3,4.186650
D,DISPATCH,UNIT_SCADA,1,"2019/08/22 14:15:00",LK_ECHO,0
D,DISPATCH,UNIT_SCADA,1,"2019/08/22 14:15:00",LNGS1,0
D,DISPATCH,UNIT_SCADA,1,"2019/08/22 14:15:00",LNGS2,0
D,DISPATCH,UNIT_SCADA,1,"2019/08/22 14:15:00",LONSDALE,0
D,DISPATCH,UNIT_SCADA,1,"2019/08/22 14:15:00",LOYYB1,535.712650
D,DISPATCH,UNIT_SCADA,1,"2019/08/22 14:15:00",LOYYB2,581.954410
D,DISPATCH,UNIT_SCADA,1,"2019/08/22 14:15:00",LYA1,559
D,DISPATCH,UNIT_SCADA,1,"2019/08/22 14:15:00",LYA2,0
D,DISPATCH,UNIT_SCADA,1,"2019/08/22 14:15:00",LYA3,560
D,DISPATCH,UNIT_SCADA,1,"2019/08/22 14:15:00",LYA4,539
D,DISPATCH,UNIT_SCADA,1,"2019/08/22 14:15:00",MACARTH1,98.697720
D,DISPATCH,UNIT_SCADA,1,"2019/08/22 14:15:00",MACKAYGT,0
D,DISPATCH,UNIT_SCADA,1,"2019/08/22 14:15:00",MACKNTSH,85.930010
D,DISPATCH,UNIT_SCADA,1,"2019/08/22 14:15:00",MANSLR1,41.4960
D,DISPATCH,UNIT_SCADA,1,"2019/08/22 14:15:00",MCKAY1,0.02
D,DISPATCH,UNIT_SCADA,1,"2019/08/22 14:15:00",MEADOWBK,33.838720
D,DISPATCH,UNIT_SCADA,1,"2019/08/22 14:15:00",MERCER01,42.6390
D,DISPATCH,UNIT_SCADA,1,"2019/08/22 14:15:00",MEWF1,27.664380
D,DISPATCH,UNIT_SCADA,1,"2019/08/22 14:15:00",MINTARO,0
D,DISPATCH,UNIT_SCADA,1,"2019/08/22 14:15:00",MOREESF1,48.8960
D,DISPATCH,UNIT_SCADA,1,"2019/08/22 14:15:00",MORTLK11,217
D,DISPATCH,UNIT_SCADA,1,"2019/08/22 14:15:00",MORTLK12,0
D,DISPATCH,UNIT_SCADA,1,"2019/08/22 14:15:00",MP1,277.074950
D,DISPATCH,UNIT_SCADA,1,"2019/08/22 14:15:00",MP2,0
D,DISPATCH,UNIT_SCADA,1,"2019/08/22 14:15:00",MPP_1,278.75
D,DISPATCH,UNIT_SCADA,1,"2019/08/22 14:15:00",MPP_2,303.75
D,DISPATCH,UNIT_SCADA,1,"2019/08/22 14:15:00",MSTUART1,0
D,DISPATCH,UNIT_SCADA,1,"2019/08/22 14:15:00",MSTUART2,0
D,DISPATCH,UNIT_SCADA,1,"2019/08/22 14:15:00",MSTUART3,0
D,DISPATCH,UNIT_SCADA,1,"2019/08/22 14:15:00",MTGELWF1,37.569810
D,DISPATCH,UNIT_SCADA,1,"2019/08/22 14:15:00",MURRAY,0
D,DISPATCH,UNIT_SCADA,1,"2019/08/22 14:15:00",MUSSELR1,122.60
D,DISPATCH,UNIT_SCADA,1,"2019/08/22 14:15:00",MUWAWF1,33.06
D,DISPATCH,UNIT_SCADA,1,"2019/08/22 14:15:00",NBHWF1,-0.60
D,DISPATCH,UNIT_SCADA,1,"2019/08/22 14:15:00",NPS,0
D,DISPATCH,UNIT_SCADA,1,"2019/08/22 14:15:00",NUMURSF1,89.79
D,DISPATCH,UNIT_SCADA,1,"2019/08/22 14:15:00",NYNGAN1,97.50
D,DISPATCH,UNIT_SCADA,1,"2019/08/22 14:15:00",OAKEY1,0
D,DISPATCH,UNIT_SCADA,1,"2019/08/22 14:15:00",OAKEY1SF,23.59
D,DISPATCH,UNIT_SCADA,1,"2019/08/22 14:15:00",OAKEY2,0
D,DISPATCH,UNIT_SCADA,1,"2019/08/22 14:15:00",OAKLAND1,19.20
D,DISPATCH,UNIT_SCADA,1,"2019/08/22 14:15:00",OSB-AG,137.94
D,DISPATCH,UNIT_SCADA,1,"2019/08/22 14:15:00",PARSF1,39.900010
D,DISPATCH,UNIT_SCADA,1,"2019/08/22 14:15:00",POAT110,0
D,DISPATCH,UNIT_SCADA,1,"2019/08/22 14:15:00",POAT220,10.20
D,DISPATCH,UNIT_SCADA,1,"2019/08/22 14:15:00",POR01,0
D,DISPATCH,UNIT_SCADA,1,"2019/08/22 14:15:00",POR03,0
D,DISPATCH,UNIT_SCADA,1,"2019/08/22 14:15:00",PPCCGT,491.655820
D,DISPATCH,UNIT_SCADA,1,"2019/08/22 14:15:00",PTSTAN1,0
D,DISPATCH,UNIT_SCADA,1,"2019/08/22 14:15:00",PUMP1,0
D,DISPATCH,UNIT_SCADA,1,"2019/08/22 14:15:00",PUMP2,0
D,DISPATCH,UNIT_SCADA,1,"2019/08/22 14:15:00",QPS1,0
D,DISPATCH,UNIT_SCADA,1,"2019/08/22 14:15:00",QPS2,0
D,DISPATCH,UNIT_SCADA,1,"2019/08/22 14:15:00",QPS3,0
D,DISPATCH,UNIT_SCADA,1,"2019/08/22 14:15:00",QPS4,0
D,DISPATCH,UNIT_SCADA,1,"2019/08/22 14:15:00",QPS5,0
D,DISPATCH,UNIT_SCADA,1,"2019/08/22 14:15:00",REECE1,119.160010
D,DISPATCH,UNIT_SCADA,1,"2019/08/22 14:15:00",REECE2,118.340010
D,DISPATCH,UNIT_SCADA,1,"2019/08/22 14:15:00",ROMA_7,0
D,DISPATCH,UNIT_SCADA,1,"2019/08/22 14:15:00",ROMA_8,0
D,DISPATCH,UNIT_SCADA,1,"2019/08/22 14:15:00",RRSF1,115.544520
D,DISPATCH,UNIT_SCADA,1,"2019/08/22 14:15:00",RT_NSW1,0
D,DISPATCH,UNIT_SCADA,1,"2019/08/22 14:15:00",RT_NSW2,0
D,DISPATCH,UNIT_SCADA,1,"2019/08/22 14:15:00",RT_NSW3,0
D,DISPATCH,UNIT_SCADA,1,"2019/08/22 14:15:00",RT_NSW4,0
D,DISPATCH,UNIT_SCADA,1,"2019/08/22 14:15:00",RT_NSW5,0
D,DISPATCH,UNIT_SCADA,1,"2019/08/22 14:15:00",RT_NSW6,0
D,DISPATCH,UNIT_SCADA,1,"2019/08/22 14:15:00",RT_QLD1,0
D,DISPATCH,UNIT_SCADA,1,"2019/08/22 14:15:00",RT_SA1,0
D,DISPATCH,UNIT_SCADA,1,"2019/08/22 14:15:00",RT_SA2,0
D,DISPATCH,UNIT_SCADA,1,"2019/08/22 14:15:00",RT_SA3,0
D,DISPATCH,UNIT_SCADA,1,"2019/08/22 14:15:00",RT_SA4,0
D,DISPATCH,UNIT_SCADA,1,"2019/08/22 14:15:00",RT_SA5,0
D,DISPATCH,UNIT_SCADA,1,"2019/08/22 14:15:00",RT_SA6,0
D,DISPATCH,UNIT_SCADA,1,"2019/08/22 14:15:00",RT_TAS1,0
D,DISPATCH,UNIT_SCADA,1,"2019/08/22 14:15:00",RT_VIC1,0
D,DISPATCH,UNIT_SCADA,1,"2019/08/22 14:15:00",RT_VIC10,0
D,DISPATCH,UNIT_SCADA,1,"2019/08/22 14:15:00",RT_VIC11,0
D,DISPATCH,UNIT_SCADA,1,"2019/08/22 14:15:00",RT_VIC12,0
D,DISPATCH,UNIT_SCADA,1,"2019/08/22 14:15:00",RT_VIC2,0
D,DISPATCH,UNIT_SCADA,1,"2019/08/22 14:15:00",RT_VIC3,0
D,DISPATCH,UNIT_SCADA,1,"2019/08/22 14:15:00",RT_VIC4,0
D,DISPATCH,UNIT_SCADA,1,"2019/08/22 14:15:00",RT_VIC5,0
D,DISPATCH,UNIT_SCADA,1,"2019/08/22 14:15:00",RT_VIC6,0
D,DISPATCH,UNIT_SCADA,1,"2019/08/22 14:15:00",RT_VIC7,0
D,DISPATCH,UNIT_SCADA,1,"2019/08/22 14:15:00",RT_VIC8,0
D,DISPATCH,UNIT_SCADA,1,"2019/08/22 14:15:00",RT_VIC9,0
D,DISPATCH,UNIT_SCADA,1,"2019/08/22 14:15:00",RUGBYR1,58.996730
D,DISPATCH,UNIT_SCADA,1,"2019/08/22 14:15:00",SALTCRK1,15.59
D,DISPATCH,UNIT_SCADA,1,"2019/08/22 14:15:00",SAPHWF1,236.578130
D,DISPATCH,UNIT_SCADA,1,"2019/08/22 14:15:00",SHGEN,0
D,DISPATCH,UNIT_SCADA,1,"2019/08/22 14:15:00",SHPUMP,202.126280
D,DISPATCH,UNIT_SCADA,1,"2019/08/22 14:15:00",SITHE01,0.133760
D,DISPATCH,UNIT_SCADA,1,"2019/08/22 14:15:00",SMCSF1,75.783390
D,DISPATCH,UNIT_SCADA,1,"2019/08/22 14:15:00",SNOWNTH1,4
D,DISPATCH,UNIT_SCADA,1,"2019/08/22 14:15:00",SNOWSTH1,1.60
D,DISPATCH,UNIT_SCADA,1,"2019/08/22 14:15:00",SNOWTWN1,-0.641030
D,DISPATCH,UNIT_SCADA,1,"2019/08/22 14:15:00",SNOWYP,0
D,DISPATCH,UNIT_SCADA,1,"2019/08/22 14:15:00",SNUG1,0.019440
D,DISPATCH,UNIT_SCADA,1,"2019/08/22 14:15:00",SRSF1,34.91
D,DISPATCH,UNIT_SCADA,1,"2019/08/22 14:15:00",STAN-1,0
D,DISPATCH,UNIT_SCADA,1,"2019/08/22 14:15:00",STAN-2,280.081760
D,DISPATCH,UNIT_SCADA,1,"2019/08/22 14:15:00",STAN-3,282.004430
D,DISPATCH,UNIT_SCADA,1,"2019/08/22 14:15:00",STAN-4,280.581630
D,DISPATCH,UNIT_SCADA,1,"2019/08/22 14:15:00",STWF1,10.304990
D,DISPATCH,UNIT_SCADA,1,"2019/08/22 14:15:00",SWAN_E,0
D,DISPATCH,UNIT_SCADA,1,"2019/08/22 14:15:00",TALWA1,190
D,DISPATCH,UNIT_SCADA,1,"2019/08/22 14:15:00",TARALGA1,96.078740
D,DISPATCH,UNIT_SCADA,1,"2019/08/22 14:15:00",TARONG#1,279.800020
D,DISPATCH,UNIT_SCADA,1,"2019/08/22 14:15:00",TARONG#2,279.399990
D,DISPATCH,UNIT_SCADA,1,"2019/08/22 14:15:00",TARONG#3,259.600010
D,DISPATCH,UNIT_SCADA,1,"2019/08/22 14:15:00",TARONG#4,280.600010
D,DISPATCH,UNIT_SCADA,1,"2019/08/22 14:15:00",TARRALEA,83.80
D,DISPATCH,UNIT_SCADA,1,"2019/08/22 14:15:00",TBSF1,27.50
D,DISPATCH,UNIT_SCADA,1,"2019/08/22 14:15:00",TNPS1,442.300020
D,DISPATCH,UNIT_SCADA,1,"2019/08/22 14:15:00",TORRA1,58.510050
D,DISPATCH,UNIT_SCADA,1,"2019/08/22 14:15:00",TORRA2,0
D,DISPATCH,UNIT_SCADA,1,"2019/08/22 14:15:00",TORRA3,38.893670
D,DISPATCH,UNIT_SCADA,1,"2019/08/22 14:15:00",TORRA4,48.418660
D,DISPATCH,UNIT_SCADA,1,"2019/08/22 14:15:00",TORRB1,58.43
D,DISPATCH,UNIT_SCADA,1,"2019/08/22 14:15:00",TORRB2,59.84
D,DISPATCH,UNIT_SCADA,1,"2019/08/22 14:15:00",TORRB3,0
D,DISPATCH,UNIT_SCADA,1,"2019/08/22 14:15:00",TORRB4,0
D,DISPATCH,UNIT_SCADA,1,"2019/08/22 14:15:00",TREVALLN,44.030020
D,DISPATCH,UNIT_SCADA,1,"2019/08/22 14:15:00",TRIBUTE,84.61
D,DISPATCH,UNIT_SCADA,1,"2019/08/22 14:15:00",TUMUT3,0
D,DISPATCH,UNIT_SCADA,1,"2019/08/22 14:15:00",TUNGATIN,109.050030
D,DISPATCH,UNIT_SCADA,1,"2019/08/22 14:15:00",TVCC201,0
D,DISPATCH,UNIT_SCADA,1,"2019/08/22 14:15:00",TVPP104,0
D,DISPATCH,UNIT_SCADA,1,"2019/08/22 14:15:00",UPPTUMUT,0
D,DISPATCH,UNIT_SCADA,1,"2019/08/22 14:15:00",URANQ11,0
D,DISPATCH,UNIT_SCADA,1,"2019/08/22 14:15:00",URANQ12,0
D,DISPATCH,UNIT_SCADA,1,"2019/08/22 14:15:00",URANQ13,0
D,DISPATCH,UNIT_SCADA,1,"2019/08/22 14:15:00",URANQ14,0
D,DISPATCH,UNIT_SCADA,1,"2019/08/22 14:15:00",VP5,202.774990
D,DISPATCH,UNIT_SCADA,1,"2019/08/22 14:15:00",VP6,601.400020
D,DISPATCH,UNIT_SCADA,1,"2019/08/22 14:15:00",VPGS1,0
D,DISPATCH,UNIT_SCADA,1,"2019/08/22 14:15:00",VPGS2,0
D,DISPATCH,UNIT_SCADA,1,"2019/08/22 14:15:00",VPGS3,0
D,DISPATCH,UNIT_SCADA,1,"2019/08/22 14:15:00",VPGS4,0
D,DISPATCH,UNIT_SCADA,1,"2019/08/22 14:15:00",VPGS5,0
D,DISPATCH,UNIT_SCADA,1,"2019/08/22 14:15:00",VPGS6,0
D,DISPATCH,UNIT_SCADA,1,"2019/08/22 14:15:00",W/HOE#1,0
D,DISPATCH,UNIT_SCADA,1,"2019/08/22 14:15:00",W/HOE#2,0
D,DISPATCH,UNIT_SCADA,1,"2019/08/22 14:15:00",WATERLWF,3.30
D,DISPATCH,UNIT_SCADA,1,"2019/08/22 14:15:00",WEMENSF1,43
D,DISPATCH,UNIT_SCADA,1,"2019/08/22 14:15:00",WGWF1,3.50
D,DISPATCH,UNIT_SCADA,1,"2019/08/22 14:15:00",WHITSF1,43.90
D,DISPATCH,UNIT_SCADA,1,"2019/08/22 14:15:00",WKIEWA1,0
D,DISPATCH,UNIT_SCADA,1,"2019/08/22 14:15:00",WKIEWA2,7
D,DISPATCH,UNIT_SCADA,1,"2019/08/22 14:15:00",WOODLWN1,25.037990
D,DISPATCH,UNIT_SCADA,1,"2019/08/22 14:15:00",WRSF1,6.03
D,DISPATCH,UNIT_SCADA,1,"2019/08/22 14:15:00",WRWF1,162.685030
D,DISPATCH,UNIT_SCADA,1,"2019/08/22 14:15:00",YABULU,0
D,DISPATCH,UNIT_SCADA,1,"2019/08/22 14:15:00",YABULU2,0
D,DISPATCH,UNIT_SCADA,1,"2019/08/22 14:15:00",YARWUN_1,0
D,DISPATCH,UNIT_SCADA,1,"2019/08/22 14:15:00",YENDWF1,41.95
D,DISPATCH,UNIT_SCADA,1,"2019/08/22 14:15:00",YWPS1,359.898740
D,DISPATCH,UNIT_SCADA,1,"2019/08/22 14:15:00",YWPS2,276.939240
D,DISPATCH,UNIT_SCADA,1,"2019/08/22 14:15:00",YWPS3,0
D,DISPATCH,UNIT_SCADA,1,"2019/08/22 14:15:00",YWPS4,340.193660
C,"END OF REPORT",334
