C,NEMP.WORLD,DISPATCHSCADA,AEMO,PUBLIC,2019/08/20,07:35:08,0000000311776914,DISPATCHSCADA,0000000311776908
I,DISPATCH,UNIT_SCADA,1,SETTLEMENTDATE,DUID,SCADAVALUE
D,DISPATCH,UNIT_SCADA,1,"2019/08/20 07:40:00",BARCSF1,7.90
D,DISPATCH,UNIT_SCADA,1,"2019/08/20 07:40:00",BUTLERSG,9.799998
D,DISPATCH,UNIT_SCADA,1,"2019/08/20 07:40:00",CALL_A_4,0
D,DISPATCH,UNIT_SCADA,1,"2019/08/20 07:40:00",CAPTL_WF,133.692001
D,DISPATCH,UNIT_SCADA,1,"2019/08/20 07:40:00",CATHROCK,48.189999
D,DISPATCH,UNIT_SCADA,1,"2019/08/20 07:40:00",CHALLHWF,15.400001
D,DISPATCH,UNIT_SCADA,1,"2019/08/20 07:40:00",CLOVER,-0.01
D,DISPATCH,UNIT_SCADA,1,"2019/08/20 07:40:00",CLUNY,15.897001
D,DISPATCH,UNIT_SCADA,1,"2019/08/20 07:40:00",CNUNDAWF,39.746365
D,DISPATCH,UNIT_SCADA,1,"2019/08/20 07:40:00",CULLRGWF,30.280001
D,DISPATCH,UNIT_SCADA,1,"2019/08/20 07:40:00",ERGT01,0
D,DISPATCH,UNIT_SCADA,1,"2019/08/20 07:40:00",GB01,0.0550
D,DISPATCH,UNIT_SCADA,1,"2019/08/20 07:40:00",GERMCRK,39
D,DISPATCH,UNIT_SCADA,1,"2019/08/20 07:40:00",GRIFSF1,6.900002
D,DISPATCH,UNIT_SCADA,1,"2019/08/20 07:40:00",HUGSF1,2.7120
D,DISPATCH,UNIT_SCADA,1,"2019/08/20 07:40:00",LKBONNY1,64.8386
D,DISPATCH,UNIT_SCADA,1,"2019/08/20 07:40:00",LRSF1,5.5620
D,DISPATCH,UNIT_SCADA,1,"2019/08/20 07:40:00",MBAHNTH,57.975006
D,DISPATCH,UNIT_SCADA,1,"2019/08/20 07:40:00",MLSP1,2.710001
D,DISPATCH,UNIT_SCADA,1,"2019/08/20 07:40:00",MLWF1,19.619999
D,DISPATCH,UNIT_SCADA,1,"2019/08/20 07:40:00",MTMILLAR,19.153936
D,DISPATCH,UNIT_SCADA,1,"2019/08/20 07:40:00",PALOONA,23.699999
D,DISPATCH,UNIT_SCADA,1,"2019/08/20 07:40:00",PIONEER,9.80
D,DISPATCH,UNIT_SCADA,1,"2019/08/20 07:40:00",PORTWF,135.199997
D,DISPATCH,UNIT_SCADA,1,"2019/08/20 07:40:00",REPULSE,28.968338
D,DISPATCH,UNIT_SCADA,1,"2019/08/20 07:40:00",ROWALLAN,9.8690
D,DISPATCH,UNIT_SCADA,1,"2019/08/20 07:40:00",ROYALLA1,5.563001
D,DISPATCH,UNIT_SCADA,1,"2019/08/20 07:40:00",RPCG,14.70
D,DISPATCH,UNIT_SCADA,1,"2019/08/20 07:40:00",RUBICON,0
D,DISPATCH,UNIT_SCADA,1,"2019/08/20 07:40:00",SATGN1,0
D,DISPATCH,UNIT_SCADA,1,"2019/08/20 07:40:00",SATGS1,0
D,DISPATCH,UNIT_SCADA,1,"2019/08/20 07:40:00",STARHLWF,15.695423
D,DISPATCH,UNIT_SCADA,1,"2019/08/20 07:40:00",WAUBRAWF,118
D,DISPATCH,UNIT_SCADA,1,"2019/08/20 07:40:00",WOOLNTH1,133.660019
D,DISPATCH,UNIT_SCADA,1,"2019/08/20 07:40:00",WPWF,41
D,DISPATCH,UNIT_SCADA,1,"2019/08/20 07:40:00",YAMBUKWF,17.200001
D,DISPATCH,UNIT_SCADA,1,"2019/08/20 07:40:00",YSWF1,28.799999
D,DISPATCH,UNIT_SCADA,1,"2019/08/20 07:40:00",AGLHAL,0
D,DISPATCH,UNIT_SCADA,1,"2019/08/20 07:40:00",AGLSOM,0
D,DISPATCH,UNIT_SCADA,1,"2019/08/20 07:40:00",ANGAST1,0
D,DISPATCH,UNIT_SCADA,1,"2019/08/20 07:40:00",ARWF1,32.50
D,DISPATCH,UNIT_SCADA,1,"2019/08/20 07:40:00",BALBG1,0
D,DISPATCH,UNIT_SCADA,1,"2019/08/20 07:40:00",BALBL1,0
D,DISPATCH,UNIT_SCADA,1,"2019/08/20 07:40:00",BALDHWF1,103.0150
D,DISPATCH,UNIT_SCADA,1,"2019/08/20 07:40:00",BANN1,4.41
D,DISPATCH,UNIT_SCADA,1,"2019/08/20 07:40:00",BARCALDN,0
D,DISPATCH,UNIT_SCADA,1,"2019/08/20 07:40:00",BARRON-1,0
D,DISPATCH,UNIT_SCADA,1,"2019/08/20 07:40:00",BARRON-2,27.80
D,DISPATCH,UNIT_SCADA,1,"2019/08/20 07:40:00",BASTYAN,80.310010
D,DISPATCH,UNIT_SCADA,1,"2019/08/20 07:40:00",BBTHREE1,-1.82
D,DISPATCH,UNIT_SCADA,1,"2019/08/20 07:40:00",BBTHREE2,-2.03
D,DISPATCH,UNIT_SCADA,1,"2019/08/20 07:40:00",BBTHREE3,0
D,DISPATCH,UNIT_SCADA,1,"2019/08/20 07:40:00",BDL01,44.58
D,DISPATCH,UNIT_SCADA,1,"2019/08/20 07:40:00",BDL02,44.52
D,DISPATCH,UNIT_SCADA,1,"2019/08/20 07:40:00",BERYLSF1,25.958630
D,DISPATCH,UNIT_SCADA,1,"2019/08/20 07:40:00",BLOWERNG,0
D,DISPATCH,UNIT_SCADA,1,"2019/08/20 07:40:00",BLUFF1,16.20
D,DISPATCH,UNIT_SCADA,1,"2019/08/20 07:40:00",BNGSF1,1.13
D,DISPATCH,UNIT_SCADA,1,"2019/08/20 07:40:00",BNGSF2,0.28
D,DISPATCH,UNIT_SCADA,1,"2019/08/20 07:40:00",BOCORWF1,75.01
D,DISPATCH,UNIT_SCADA,1,"2019/08/20 07:40:00",BODWF1,44.384160
D,DISPATCH,UNIT_SCADA,1,"2019/08/20 07:40:00",BRAEMAR1,0
D,DISPATCH,UNIT_SCADA,1,"2019/08/20 07:40:00",BRAEMAR2,0
D,DISPATCH,UNIT_SCADA,1,"2019/08/20 07:40:00",BRAEMAR3,0
D,DISPATCH,UNIT_SCADA,1,"2019/08/20 07:40:00",BRAEMAR5,0
D,DISPATCH,UNIT_SCADA,1,"2019/08/20 07:40:00",BRAEMAR6,0
D,DISPATCH,UNIT_SCADA,1,"2019/08/20 07:40:00",BRAEMAR7,0
D,DISPATCH,UNIT_SCADA,1,"2019/08/20 07:40:00",BROKENH1,4.403080
D,DISPATCH,UNIT_SCADA,1,"2019/08/20 07:40:00",BW01,639.700070
D,DISPATCH,UNIT_SCADA,1,"2019/08/20 07:40:00",BW02,633.275020
D,DISPATCH,UNIT_SCADA,1,"2019/08/20 07:40:00",BW03,624.324950
D,DISPATCH,UNIT_SCADA,1,"2019/08/20 07:40:00",BW04,0
D,DISPATCH,UNIT_SCADA,1,"2019/08/20 07:40:00",CALL_B_1,350.300020
D,DISPATCH,UNIT_SCADA,1,"2019/08/20 07:40:00",CALL_B_2,290.300020
D,DISPATCH,UNIT_SCADA,1,"2019/08/20 07:40:00",CETHANA,92.496380
D,DISPATCH,UNIT_SCADA,1,"2019/08/20 07:40:00",CG1,0
D,DISPATCH,UNIT_SCADA,1,"2019/08/20 07:40:00",CG2,0
D,DISPATCH,UNIT_SCADA,1,"2019/08/20 07:40:00",CG3,0
D,DISPATCH,UNIT_SCADA,1,"2019/08/20 07:40:00",CG4,0
D,DISPATCH,UNIT_SCADA,1,"2019/08/20 07:40:00",CHILDSF1,34.28
D,DISPATCH,UNIT_SCADA,1,"2019/08/20 07:40:00",CLARESF1,21.154820
D,DISPATCH,UNIT_SCADA,1,"2019/08/20 07:40:00",CLEMGPWF,1.872910
D,DISPATCH,UNIT_SCADA,1,"2019/08/20 07:40:00",CLERMSF1,15.13
D,DISPATCH,UNIT_SCADA,1,"2019/08/20 07:40:00",COLEASF1,6.599990
D,DISPATCH,UNIT_SCADA,1,"2019/08/20 07:40:00",COOPGWF1,29.939720
D,DISPATCH,UNIT_SCADA,1,"2019/08/20 07:40:00",CPP_3,405.350010
D,DISPATCH,UNIT_SCADA,1,"2019/08/20 07:40:00",CPP_4,390.50
D,DISPATCH,UNIT_SCADA,1,"2019/08/20 07:40:00",CPSA,142.140630
D,DISPATCH,UNIT_SCADA,1,"2019/08/20 07:40:00",CROOKWF2,64.543750
D,DISPATCH,UNIT_SCADA,1,"2019/08/20 07:40:00",CROWLWF1,28.991490
D,DISPATCH,UNIT_SCADA,1,"2019/08/20 07:40:00",CSPVPS1,8.6550
D,DISPATCH,UNIT_SCADA,1,"2019/08/20 07:40:00",DALNTH01,0
D,DISPATCH,UNIT_SCADA,1,"2019/08/20 07:40:00",DALNTHL1,0.2121
D,DISPATCH,UNIT_SCADA,1,"2019/08/20 07:40:00",DARTM1,134.50
D,DISPATCH,UNIT_SCADA,1,"2019/08/20 07:40:00",DAYDSF1,63.9140
D,DISPATCH,UNIT_SCADA,1,"2019/08/20 07:40:00",DDPS1,0
D,DISPATCH,UNIT_SCADA,1,"2019/08/20 07:40:00",DDSF1,39.403520
D,DISPATCH,UNIT_SCADA,1,"2019/08/20 07:40:00",DEVILS_G,38.150580
D,DISPATCH,UNIT_SCADA,1,"2019/08/20 07:40:00",DG_NSW1,0
D,DISPATCH,UNIT_SCADA,1,"2019/08/20 07:40:00",DG_QLD1,0
D,DISPATCH,UNIT_SCADA,1,"2019/08/20 07:40:00",DG_SA1,0
D,DISPATCH,UNIT_SCADA,1,"2019/08/20 07:40:00",DG_TAS1,0
D,DISPATCH,UNIT_SCADA,1,"2019/08/20 07:40:00",DG_VIC1,0
D,DISPATCH,UNIT_SCADA,1,"2019/08/20 07:40:00",DRYCGT1,0
D,DISPATCH,UNIT_SCADA,1,"2019/08/20 07:40:00",DRYCGT2,0
D,DISPATCH,UNIT_SCADA,1,"2019/08/20 07:40:00",DRYCGT3,0
D,DISPATCH,UNIT_SCADA,1,"2019/08/20 07:40:00",EILDON1,0
D,DISPATCH,UNIT_SCADA,1,"2019/08/20 07:40:00",EILDON2,0
D,DISPATCH,UNIT_SCADA,1,"2019/08/20 07:40:00",EMERASF1,30.74
D,DISPATCH,UNIT_SCADA,1,"2019/08/20 07:40:00",ER01,592.675050
D,DISPATCH,UNIT_SCADA,1,"2019/08/20 07:40:00",ER02,699.050050
D,DISPATCH,UNIT_SCADA,1,"2019/08/20 07:40:00",ER03,696.150020
D,DISPATCH,UNIT_SCADA,1,"2019/08/20 07:40:00",ER04,689.074950
D,DISPATCH,UNIT_SCADA,1,"2019/08/20 07:40:00",FINLYSF1,0
D,DISPATCH,UNIT_SCADA,1,"2019/08/20 07:40:00",FISHER,45.91
D,DISPATCH,UNIT_SCADA,1,"2019/08/20 07:40:00",GANNBG1,24.570070
D,DISPATCH,UNIT_SCADA,1,"2019/08/20 07:40:00",GANNBL1,0
D,DISPATCH,UNIT_SCADA,1,"2019/08/20 07:40:00",GANNSF1,2.60
D,DISPATCH,UNIT_SCADA,1,"2019/08/20 07:40:00",GORDON,108.021190
D,DISPATCH,UNIT_SCADA,1,"2019/08/20 07:40:00",GSTONE1,218.75
D,DISPATCH,UNIT_SCADA,1,"2019/08/20 07:40:00",GSTONE2,224.8750
D,DISPATCH,UNIT_SCADA,1,"2019/08/20 07:40:00",GSTONE3,218.399990
D,DISPATCH,UNIT_SCADA,1,"2019/08/20 07:40:00",GSTONE4,219.099990
D,DISPATCH,UNIT_SCADA,1,"2019/08/20 07:40:00",GSTONE5,217
D,DISPATCH,UNIT_SCADA,1,"2019/08/20 07:40:00",GSTONE6,0
D,DISPATCH,UNIT_SCADA,1,"2019/08/20 07:40:00",GULLRSF1,1.5462
D,DISPATCH,UNIT_SCADA,1,"2019/08/20 07:40:00",GULLRWF1,139.505520
D,DISPATCH,UNIT_SCADA,1,"2019/08/20 07:40:00",GUNNING1,45.402640
D,DISPATCH,UNIT_SCADA,1,"2019/08/20 07:40:00",GUTHEGA,34
D,DISPATCH,UNIT_SCADA,1,"2019/08/20 07:40:00",HALLWF1,72.68
D,DISPATCH,UNIT_SCADA,1,"2019/08/20 07:40:00",HALLWF2,51.69
D,DISPATCH,UNIT_SCADA,1,"2019/08/20 07:40:00",HAMISF1,23.50
D,DISPATCH,UNIT_SCADA,1,"2019/08/20 07:40:00",HAUGHT11,50.049020
D,DISPATCH,UNIT_SCADA,1,"2019/08/20 07:40:00",HAYMSF1,23.2640
D,DISPATCH,UNIT_SCADA,1,"2019/08/20 07:40:00",HDWF1,36.70
D,DISPATCH,UNIT_SCADA,1,"2019/08/20 07:40:00",HDWF2,21
D,DISPATCH,UNIT_SCADA,1,"2019/08/20 07:40:00",HDWF3,38.20
D,DISPATCH,UNIT_SCADA,1,"2019/08/20 07:40:00",HPRG1,29.90
D,DISPATCH,UNIT_SCADA,1,"2019/08/20 07:40:00",HPRL1,0
D,DISPATCH,UNIT_SCADA,1,"2019/08/20 07:40:00",HUMENSW,0
D,DISPATCH,UNIT_SCADA,1,"2019/08/20 07:40:00",HUMEV,8.20
D,DISPATCH,UNIT_SCADA,1,"2019/08/20 07:40:00",HVGTS,0
D,DISPATCH,UNIT_SCADA,1,"2019/08/20 07:40:00",JBUTTERS,136.23
D,DISPATCH,UNIT_SCADA,1,"2019/08/20 07:40:00",JLA01,0.50
D,DISPATCH,UNIT_SCADA,1,"2019/08/20 07:40:00",JLA02,53.90
D,DISPATCH,UNIT_SCADA,1,"2019/08/20 07:40:00",JLA03,0.10
D,DISPATCH,UNIT_SCADA,1,"2019/08/20 07:40:00",JLA04,0.10
D,DISPATCH,UNIT_SCADA,1,"2019/08/20 07:40:00",JLB01,0
D,DISPATCH,UNIT_SCADA,1,"2019/08/20 07:40:00",JLB02,83.50
D,DISPATCH,UNIT_SCADA,1,"2019/08/20 07:40:00",JLB03,83.10
D,DISPATCH,UNIT_SCADA,1,"2019/08/20 07:40:00",KAREEYA1,21.5175
D,DISPATCH,UNIT_SCADA,1,"2019/08/20 07:40:00",KAREEYA2,21.71
D,DISPATCH,UNIT_SCADA,1,"2019/08/20 07:40:00",KAREEYA3,0
D,DISPATCH,UNIT_SCADA,1,"2019/08/20 07:40:00",KAREEYA4,21.6450
D,DISPATCH,UNIT_SCADA,1,"2019/08/20 07:40:00",KARSF1,2.90
D,DISPATCH,UNIT_SCADA,1,"2019/08/20 07:40:00",KIATAWF1,30.90
D,DISPATCH,UNIT_SCADA,1,"2019/08/20 07:40:00",KPP_1,0
D,DISPATCH,UNIT_SCADA,1,"2019/08/20 07:40:00",KSP1,19.90
D,DISPATCH,UNIT_SCADA,1,"2019/08/20 07:40:00",LADBROK1,42.89
D,DISPATCH,UNIT_SCADA,1,"2019/08/20 07:40:00",LADBROK2,43.08
D,DISPATCH,UNIT_SCADA,1,"2019/08/20 07:40:00",LD01,417.731230
D,DISPATCH,UNIT_SCADA,1,"2019/08/20 07:40:00",LD02,419.0625
D,DISPATCH,UNIT_SCADA,1,"2019/08/20 07:40:00",LD03,396.712550
D,DISPATCH,UNIT_SCADA,1,"2019/08/20 07:40:00",LD04,378.731230
D,DISPATCH,UNIT_SCADA,1,"2019/08/20 07:40:00",LEM_WIL,85.3325
D,DISPATCH,UNIT_SCADA,1,"2019/08/20 07:40:00",LGAPWF1,13.12
D,DISPATCH,UNIT_SCADA,1,"2019/08/20 07:40:00",LILYSF1,45.613050
D,DISPATCH,UNIT_SCADA,1,"2019/08/20 07:40:00",LI_WY_CA,147.918640
D,DISPATCH,UNIT_SCADA,1,"2019/08/20 07:40:00",LKBONNY2,144.841930
D,DISPATCH,UNIT_SCADA,1,"2019/08/20 07:40:00",LKBONNY3,37.512390
D,DISPATCH,UNIT_SCADA,1,"2019/08/20 07:40:00",LK_ECHO,0
D,DISPATCH,UNIT_SCADA,1,"2019/08/20 07:40:00",LNGS1,0
D,DISPATCH,UNIT_SCADA,1,"2019/08/20 07:40:00",LNGS2,0
D,DISPATCH,UNIT_SCADA,1,"2019/08/20 07:40:00",LONSDALE,0
D,DISPATCH,UNIT_SCADA,1,"2019/08/20 07:40:00",LOYYB1,535.336730
D,DISPATCH,UNIT_SCADA,1,"2019/08/20 07:40:00",LOYYB2,581.954410
D,DISPATCH,UNIT_SCADA,1,"2019/08/20 07:40:00",LYA1,560
D,DISPATCH,UNIT_SCADA,1,"2019/08/20 07:40:00",LYA2,0
D,DISPATCH,UNIT_SCADA,1,"2019/08/20 07:40:00",LYA3,558
D,DISPATCH,UNIT_SCADA,1,"2019/08/20 07:40:00",LYA4,541
D,DISPATCH,UNIT_SCADA,1,"2019/08/20 07:40:00",MACARTH1,313.192780
D,DISPATCH,UNIT_SCADA,1,"2019/08/20 07:40:00",MACKAYGT,0
D,DISPATCH,UNIT_SCADA,1,"2019/08/20 07:40:00",MACKNTSH,85.220010
D,DISPATCH,UNIT_SCADA,1,"2019/08/20 07:40:00",MANSLR1,10.6330
D,DISPATCH,UNIT_SCADA,1,"2019/08/20 07:40:00",MCKAY1,0.02
D,DISPATCH,UNIT_SCADA,1,"2019/08/20 07:40:00",MEADOWBK,33.810140
D,DISPATCH,UNIT_SCADA,1,"2019/08/20 07:40:00",MERCER01,120.83
D,DISPATCH,UNIT_SCADA,1,"2019/08/20 07:40:00",MEWF1,20.963330
D,DISPATCH,UNIT_SCADA,1,"2019/08/20 07:40:00",MINTARO,0
D,DISPATCH,UNIT_SCADA,1,"2019/08/20 07:40:00",MOREESF1,33.3520
D,DISPATCH,UNIT_SCADA,1,"2019/08/20 07:40:00",MORTLK11,259
D,DISPATCH,UNIT_SCADA,1,"2019/08/20 07:40:00",MORTLK12,0
D,DISPATCH,UNIT_SCADA,1,"2019/08/20 07:40:00",MP1,344.349980
D,DISPATCH,UNIT_SCADA,1,"2019/08/20 07:40:00",MP2,0
D,DISPATCH,UNIT_SCADA,1,"2019/08/20 07:40:00",MPP_1,428.50
D,DISPATCH,UNIT_SCADA,1,"2019/08/20 07:40:00",MPP_2,434.50
D,DISPATCH,UNIT_SCADA,1,"2019/08/20 07:40:00",MSTUART1,0
D,DISPATCH,UNIT_SCADA,1,"2019/08/20 07:40:00",MSTUART2,0
D,DISPATCH,UNIT_SCADA,1,"2019/08/20 07:40:00",MSTUART3,0
D,DISPATCH,UNIT_SCADA,1,"2019/08/20 07:40:00",MTGELWF1,64.661090
D,DISPATCH,UNIT_SCADA,1,"2019/08/20 07:40:00",MURRAY,325.47
D,DISPATCH,UNIT_SCADA,1,"2019/08/20 07:40:00",MUSSELR1,163.299990
D,DISPATCH,UNIT_SCADA,1,"2019/08/20 07:40:00",MUWAWF1,33.13
D,DISPATCH,UNIT_SCADA,1,"2019/08/20 07:40:00",NBHWF1,57.20
D,DISPATCH,UNIT_SCADA,1,"2019/08/20 07:40:00",NPS,0
D,DISPATCH,UNIT_SCADA,1,"2019/08/20 07:40:00",NUMURSF1,19.58
D,DISPATCH,UNIT_SCADA,1,"2019/08/20 07:40:00",NYNGAN1,21.50
D,DISPATCH,UNIT_SCADA,1,"2019/08/20 07:40:00",OAKEY1,0
D,DISPATCH,UNIT_SCADA,1,"2019/08/20 07:40:00",OAKEY1SF,15.1090
D,DISPATCH,UNIT_SCADA,1,"2019/08/20 07:40:00",OAKEY2,0
D,DISPATCH,UNIT_SCADA,1,"2019/08/20 07:40:00",OAKLAND1,55.90
D,DISPATCH,UNIT_SCADA,1,"2019/08/20 07:40:00",OSB-AG,185.59
D,DISPATCH,UNIT_SCADA,1,"2019/08/20 07:40:00",PARSF1,24.30
D,DISPATCH,UNIT_SCADA,1,"2019/08/20 07:40:00",POAT110,3.602560
D,DISPATCH,UNIT_SCADA,1,"2019/08/20 07:40:00",POAT220,88.850010
D,DISPATCH,UNIT_SCADA,1,"2019/08/20 07:40:00",POR01,0
D,DISPATCH,UNIT_SCADA,1,"2019/08/20 07:40:00",POR03,0
D,DISPATCH,UNIT_SCADA,1,"2019/08/20 07:40:00",PPCCGT,250.058140
D,DISPATCH,UNIT_SCADA,1,"2019/08/20 07:40:00",PTSTAN1,0
D,DISPATCH,UNIT_SCADA,1,"2019/08/20 07:40:00",PUMP1,0
D,DISPATCH,UNIT_SCADA,1,"2019/08/20 07:40:00",PUMP2,0
D,DISPATCH,UNIT_SCADA,1,"2019/08/20 07:40:00",QPS1,29.10
D,DISPATCH,UNIT_SCADA,1,"2019/08/20 07:40:00",QPS2,0
D,DISPATCH,UNIT_SCADA,1,"2019/08/20 07:40:00",QPS3,0
D,DISPATCH,UNIT_SCADA,1,"2019/08/20 07:40:00",QPS4,0
D,DISPATCH,UNIT_SCADA,1,"2019/08/20 07:40:00",QPS5,11.11
D,DISPATCH,UNIT_SCADA,1,"2019/08/20 07:40:00",REECE1,115.38
D,DISPATCH,UNIT_SCADA,1,"2019/08/20 07:40:00",REECE2,115.560010
D,DISPATCH,UNIT_SCADA,1,"2019/08/20 07:40:00",ROMA_7,0
D,DISPATCH,UNIT_SCADA,1,"2019/08/20 07:40:00",ROMA_8,39.765830
D,DISPATCH,UNIT_SCADA,1,"2019/08/20 07:40:00",RRSF1,38.187080
D,DISPATCH,UNIT_SCADA,1,"2019/08/20 07:40:00",RT_NSW1,0
D,DISPATCH,UNIT_SCADA,1,"2019/08/20 07:40:00",RT_NSW2,0
D,DISPATCH,UNIT_SCADA,1,"2019/08/20 07:40:00",RT_NSW3,0
D,DISPATCH,UNIT_SCADA,1,"2019/08/20 07:40:00",RT_NSW4,0
D,DISPATCH,UNIT_SCADA,1,"2019/08/20 07:40:00",RT_NSW5,0
D,DISPATCH,UNIT_SCADA,1,"2019/08/20 07:40:00",RT_NSW6,0
D,DISPATCH,UNIT_SCADA,1,"2019/08/20 07:40:00",RT_QLD1,0
D,DISPATCH,UNIT_SCADA,1,"2019/08/20 07:40:00",RT_SA1,0
D,DISPATCH,UNIT_SCADA,1,"2019/08/20 07:40:00",RT_SA2,0
D,DISPATCH,UNIT_SCADA,1,"2019/08/20 07:40:00",RT_SA3,0
D,DISPATCH,UNIT_SCADA,1,"2019/08/20 07:40:00",RT_SA4,0
D,DISPATCH,UNIT_SCADA,1,"2019/08/20 07:40:00",RT_SA5,0
D,DISPATCH,UNIT_SCADA,1,"2019/08/20 07:40:00",RT_SA6,0
D,DISPATCH,UNIT_SCADA,1,"2019/08/20 07:40:00",RT_TAS1,0
D,DISPATCH,UNIT_SCADA,1,"2019/08/20 07:40:00",RT_VIC1,0
D,DISPATCH,UNIT_SCADA,1,"2019/08/20 07:40:00",RT_VIC10,0
D,DISPATCH,UNIT_SCADA,1,"2019/08/20 07:40:00",RT_VIC11,0
D,DISPATCH,UNIT_SCADA,1,"2019/08/20 07:40:00",RT_VIC12,0
D,DISPATCH,UNIT_SCADA,1,"2019/08/20 07:40:00",RT_VIC2,0
D,DISPATCH,UNIT_SCADA,1,"2019/08/20 07:40:00",RT_VIC3,0
D,DISPATCH,UNIT_SCADA,1,"2019/08/20 07:40:00",RT_VIC4,0
D,DISPATCH,UNIT_SCADA,1,"2019/08/20 07:40:00",RT_VIC5,0
D,DISPATCH,UNIT_SCADA,1,"2019/08/20 07:40:00",RT_VIC6,0
D,DISPATCH,UNIT_SCADA,1,"2019/08/20 07:40:00",RT_VIC7,0
D,DISPATCH,UNIT_SCADA,1,"2019/08/20 07:40:00",RT_VIC8,0
D,DISPATCH,UNIT_SCADA,1,"2019/08/20 07:40:00",RT_VIC9,0
D,DISPATCH,UNIT_SCADA,1,"2019/08/20 07:40:00",RUGBYR1,33.990660
D,DISPATCH,UNIT_SCADA,1,"2019/08/20 07:40:00",SALTCRK1,49.61
D,DISPATCH,UNIT_SCADA,1,"2019/08/20 07:40:00",SAPHWF1,135.271880
D,DISPATCH,UNIT_SCADA,1,"2019/08/20 07:40:00",SHGEN,202.407530
D,DISPATCH,UNIT_SCADA,1,"2019/08/20 07:40:00",SHPUMP,0
D,DISPATCH,UNIT_SCADA,1,"2019/08/20 07:40:00",SITHE01,0.005650
D,DISPATCH,UNIT_SCADA,1,"2019/08/20 07:40:00",SMCSF1,17.469220
D,DISPATCH,UNIT_SCADA,1,"2019/08/20 07:40:00",SNOWNTH1,20.20
D,DISPATCH,UNIT_SCADA,1,"2019/08/20 07:40:00",SNOWSTH1,56.40
D,DISPATCH,UNIT_SCADA,1,"2019/08/20 07:40:00",SNOWTWN1,24.912110
D,DISPATCH,UNIT_SCADA,1,"2019/08/20 07:40:00",SNOWYP,0
D,DISPATCH,UNIT_SCADA,1,"2019/08/20 07:40:00",SNUG1,0.019440
D,DISPATCH,UNIT_SCADA,1,"2019/08/20 07:40:00",SRSF1,34.18
D,DISPATCH,UNIT_SCADA,1,"2019/08/20 07:40:00",STAN-1,0
D,DISPATCH,UNIT_SCADA,1,"2019/08/20 07:40:00",STAN-2,343.414490
D,DISPATCH,UNIT_SCADA,1,"2019/08/20 07:40:00",STAN-3,340.748380
D,DISPATCH,UNIT_SCADA,1,"2019/08/20 07:40:00",STAN-4,363.653810
D,DISPATCH,UNIT_SCADA,1,"2019/08/20 07:40:00",STWF1,8.516240
D,DISPATCH,UNIT_SCADA,1,"2019/08/20 07:40:00",SWAN_E,0
D,DISPATCH,UNIT_SCADA,1,"2019/08/20 07:40:00",TALWA1,425
D,DISPATCH,UNIT_SCADA,1,"2019/08/20 07:40:00",TARALGA1,105.5025
D,DISPATCH,UNIT_SCADA,1,"2019/08/20 07:40:00",TARONG#1,340.50
D,DISPATCH,UNIT_SCADA,1,"2019/08/20 07:40:00",TARONG#2,349.700010
D,DISPATCH,UNIT_SCADA,1,"2019/08/20 07:40:00",TARONG#3,259.200010
D,DISPATCH,UNIT_SCADA,1,"2019/08/20 07:40:00",TARONG#4,350.300020
D,DISPATCH,UNIT_SCADA,1,"2019/08/20 07:40:00",TARRALEA,85
D,DISPATCH,UNIT_SCADA,1,"2019/08/20 07:40:00",TBSF1,-0.20
D,DISPATCH,UNIT_SCADA,1,"2019/08/20 07:40:00",TNPS1,441.700010
D,DISPATCH,UNIT_SCADA,1,"2019/08/20 07:40:00",TORRA1,97.921450
D,DISPATCH,UNIT_SCADA,1,"2019/08/20 07:40:00",TORRA2,0
D,DISPATCH,UNIT_SCADA,1,"2019/08/20 07:40:00",TORRA3,48.138510
D,DISPATCH,UNIT_SCADA,1,"2019/08/20 07:40:00",TORRA4,0
D,DISPATCH,UNIT_SCADA,1,"2019/08/20 07:40:00",TORRB1,114.47
D,DISPATCH,UNIT_SCADA,1,"2019/08/20 07:40:00",TORRB2,189.25
D,DISPATCH,UNIT_SCADA,1,"2019/08/20 07:40:00",TORRB3,0
D,DISPATCH,UNIT_SCADA,1,"2019/08/20 07:40:00",TORRB4,0
D,DISPATCH,UNIT_SCADA,1,"2019/08/20 07:40:00",TREVALLN,69.680020
D,DISPATCH,UNIT_SCADA,1,"2019/08/20 07:40:00",TRIBUTE,83.77
D,DISPATCH,UNIT_SCADA,1,"2019/08/20 07:40:00",TUMUT3,-0.12
D,DISPATCH,UNIT_SCADA,1,"2019/08/20 07:40:00",TUNGATIN,133.500030
D,DISPATCH,UNIT_SCADA,1,"2019/08/20 07:40:00",TVCC201,0
D,DISPATCH,UNIT_SCADA,1,"2019/08/20 07:40:00",TVPP104,0
D,DISPATCH,UNIT_SCADA,1,"2019/08/20 07:40:00",UPPTUMUT,0
D,DISPATCH,UNIT_SCADA,1,"2019/08/20 07:40:00",URANQ11,0
D,DISPATCH,UNIT_SCADA,1,"2019/08/20 07:40:00",URANQ12,0
D,DISPATCH,UNIT_SCADA,1,"2019/08/20 07:40:00",URANQ13,0
D,DISPATCH,UNIT_SCADA,1,"2019/08/20 07:40:00",URANQ14,0
D,DISPATCH,UNIT_SCADA,1,"2019/08/20 07:40:00",VP5,603.774960
D,DISPATCH,UNIT_SCADA,1,"2019/08/20 07:40:00",VP6,601.25
D,DISPATCH,UNIT_SCADA,1,"2019/08/20 07:40:00",VPGS1,0
D,DISPATCH,UNIT_SCADA,1,"2019/08/20 07:40:00",VPGS2,0
D,DISPATCH,UNIT_SCADA,1,"2019/08/20 07:40:00",VPGS3,0
D,DISPATCH,UNIT_SCADA,1,"2019/08/20 07:40:00",VPGS4,0
D,DISPATCH,UNIT_SCADA,1,"2019/08/20 07:40:00",VPGS5,0
D,DISPATCH,UNIT_SCADA,1,"2019/08/20 07:40:00",VPGS6,0
D,DISPATCH,UNIT_SCADA,1,"2019/08/20 07:40:00",W/HOE#1,162.16
D,DISPATCH,UNIT_SCADA,1,"2019/08/20 07:40:00",W/HOE#2,0
D,DISPATCH,UNIT_SCADA,1,"2019/08/20 07:40:00",WATERLWF,106.30
D,DISPATCH,UNIT_SCADA,1,"2019/08/20 07:40:00",WEMENSF1,2.60
D,DISPATCH,UNIT_SCADA,1,"2019/08/20 07:40:00",WGWF1,57.40
D,DISPATCH,UNIT_SCADA,1,"2019/08/20 07:40:00",WHITSF1,23.50
D,DISPATCH,UNIT_SCADA,1,"2019/08/20 07:40:00",WKIEWA1,0
D,DISPATCH,UNIT_SCADA,1,"2019/08/20 07:40:00",WKIEWA2,16.80
D,DISPATCH,UNIT_SCADA,1,"2019/08/20 07:40:00",WOODLWN1,45.2070
D,DISPATCH,UNIT_SCADA,1,"2019/08/20 07:40:00",WRSF1,8.16
D,DISPATCH,UNIT_SCADA,1,"2019/08/20 07:40:00",WRWF1,93.365010
D,DISPATCH,UNIT_SCADA,1,"2019/08/20 07:40:00",YABULU,0
D,DISPATCH,UNIT_SCADA,1,"2019/08/20 07:40:00",YABULU2,0
D,DISPATCH,UNIT_SCADA,1,"2019/08/20 07:40:00",YARWUN_1,0
D,DISPATCH,UNIT_SCADA,1,"2019/08/20 07:40:00",YENDWF1,42.23
D,DISPATCH,UNIT_SCADA,1,"2019/08/20 07:40:00",YWPS1,379.949370
D,DISPATCH,UNIT_SCADA,1,"2019/08/20 07:40:00",YWPS2,278.944310
D,DISPATCH,UNIT_SCADA,1,"2019/08/20 07:40:00",YWPS3,0
D,DISPATCH,UNIT_SCADA,1,"2019/08/20 07:40:00",YWPS4,395.802520
C,"END OF REPORT",334
