C,NEMP.WORLD,DISPATCHSCADA,AEMO,PUBLIC,2019/08/20,08:40:08,0000000311778752,DISPATCHSCADA,0000000311778746
I,DISPATCH,UNIT_SCADA,1,SETTLEMENTDATE,DUID,SCADAVALUE
D,DISPATCH,UNIT_SCADA,1,"2019/08/20 08:45:00",BARCSF1,17.400002
D,DISPATCH,UNIT_SCADA,1,"2019/08/20 08:45:00",BUTLERSG,9.799998
D,DISPATCH,UNIT_SCADA,1,"2019/08/20 08:45:00",CALL_A_4,0
D,DISPATCH,UNIT_SCADA,1,"2019/08/20 08:45:00",CAPTL_WF,129.239990
D,DISPATCH,UNIT_SCADA,1,"2019/08/20 08:45:00",CATHROCK,48.899998
D,DISPATCH,UNIT_SCADA,1,"2019/08/20 08:45:00",CHALLHWF,13.40
D,DISPATCH,UNIT_SCADA,1,"2019/08/20 08:45:00",CLOVER,-0.01
D,DISPATCH,UNIT_SCADA,1,"2019/08/20 08:45:00",CLUNY,9.115587
D,DISPATCH,UNIT_SCADA,1,"2019/08/20 08:45:00",CNUNDAWF,40.847649
D,DISPATCH,UNIT_SCADA,1,"2019/08/20 08:45:00",CULLRGWF,30.40
D,DISPATCH,UNIT_SCADA,1,"2019/08/20 08:45:00",ERGT01,0
D,DISPATCH,UNIT_SCADA,1,"2019/08/20 08:45:00",GB01,0.054806
D,DISPATCH,UNIT_SCADA,1,"2019/08/20 08:45:00",GERMCRK,38.799999
D,DISPATCH,UNIT_SCADA,1,"2019/08/20 08:45:00",GRIFSF1,4.599998
D,DISPATCH,UNIT_SCADA,1,"2019/08/20 08:45:00",HUGSF1,8.827001
D,DISPATCH,UNIT_SCADA,1,"2019/08/20 08:45:00",LKBONNY1,71.894035
D,DISPATCH,UNIT_SCADA,1,"2019/08/20 08:45:00",LRSF1,13.044001
D,DISPATCH,UNIT_SCADA,1,"2019/08/20 08:45:00",MBAHNTH,54.3750
D,DISPATCH,UNIT_SCADA,1,"2019/08/20 08:45:00",MLSP1,6.312001
D,DISPATCH,UNIT_SCADA,1,"2019/08/20 08:45:00",MLWF1,19.575001
D,DISPATCH,UNIT_SCADA,1,"2019/08/20 08:45:00",MTMILLAR,15.180275
D,DISPATCH,UNIT_SCADA,1,"2019/08/20 08:45:00",PALOONA,23.619999
D,DISPATCH,UNIT_SCADA,1,"2019/08/20 08:45:00",PIONEER,11.20
D,DISPATCH,UNIT_SCADA,1,"2019/08/20 08:45:00",PORTWF,136.899994
D,DISPATCH,UNIT_SCADA,1,"2019/08/20 08:45:00",REPULSE,28.752270
D,DISPATCH,UNIT_SCADA,1,"2019/08/20 08:45:00",ROWALLAN,9.9116
D,DISPATCH,UNIT_SCADA,1,"2019/08/20 08:45:00",ROYALLA1,12.401001
D,DISPATCH,UNIT_SCADA,1,"2019/08/20 08:45:00",RPCG,11.20
D,DISPATCH,UNIT_SCADA,1,"2019/08/20 08:45:00",RUBICON,0
D,DISPATCH,UNIT_SCADA,1,"2019/08/20 08:45:00",SATGN1,0
D,DISPATCH,UNIT_SCADA,1,"2019/08/20 08:45:00",SATGS1,0
D,DISPATCH,UNIT_SCADA,1,"2019/08/20 08:45:00",STARHLWF,16.395220
D,DISPATCH,UNIT_SCADA,1,"2019/08/20 08:45:00",WAUBRAWF,121.867996
D,DISPATCH,UNIT_SCADA,1,"2019/08/20 08:45:00",WOOLNTH1,131.990021
D,DISPATCH,UNIT_SCADA,1,"2019/08/20 08:45:00",WPWF,35
D,DISPATCH,UNIT_SCADA,1,"2019/08/20 08:45:00",YAMBUKWF,18.200001
D,DISPATCH,UNIT_SCADA,1,"2019/08/20 08:45:00",YSWF1,28.799999
D,DISPATCH,UNIT_SCADA,1,"2019/08/20 08:45:00",AGLHAL,0
D,DISPATCH,UNIT_SCADA,1,"2019/08/20 08:45:00",AGLSOM,0
D,DISPATCH,UNIT_SCADA,1,"2019/08/20 08:45:00",ANGAST1,0
D,DISPATCH,UNIT_SCADA,1,"2019/08/20 08:45:00",ARWF1,45.10
D,DISPATCH,UNIT_SCADA,1,"2019/08/20 08:45:00",BALBG1,0
D,DISPATCH,UNIT_SCADA,1,"2019/08/20 08:45:00",BALBL1,0
D,DISPATCH,UNIT_SCADA,1,"2019/08/20 08:45:00",BALDHWF1,102.7520
D,DISPATCH,UNIT_SCADA,1,"2019/08/20 08:45:00",BANN1,51.93
D,DISPATCH,UNIT_SCADA,1,"2019/08/20 08:45:00",BARCALDN,0
D,DISPATCH,UNIT_SCADA,1,"2019/08/20 08:45:00",BARRON-1,0
D,DISPATCH,UNIT_SCADA,1,"2019/08/20 08:45:00",BARRON-2,29.04
D,DISPATCH,UNIT_SCADA,1,"2019/08/20 08:45:00",BASTYAN,80.420010
D,DISPATCH,UNIT_SCADA,1,"2019/08/20 08:45:00",BBTHREE1,-1.96
D,DISPATCH,UNIT_SCADA,1,"2019/08/20 08:45:00",BBTHREE2,-2.12
D,DISPATCH,UNIT_SCADA,1,"2019/08/20 08:45:00",BBTHREE3,-1.08
D,DISPATCH,UNIT_SCADA,1,"2019/08/20 08:45:00",BDL01,35.16
D,DISPATCH,UNIT_SCADA,1,"2019/08/20 08:45:00",BDL02,35.22
D,DISPATCH,UNIT_SCADA,1,"2019/08/20 08:45:00",BERYLSF1,69.711470
D,DISPATCH,UNIT_SCADA,1,"2019/08/20 08:45:00",BLOWERNG,0
D,DISPATCH,UNIT_SCADA,1,"2019/08/20 08:45:00",BLUFF1,21.40
D,DISPATCH,UNIT_SCADA,1,"2019/08/20 08:45:00",BNGSF1,61.49
D,DISPATCH,UNIT_SCADA,1,"2019/08/20 08:45:00",BNGSF2,20.09
D,DISPATCH,UNIT_SCADA,1,"2019/08/20 08:45:00",BOCORWF1,66.48
D,DISPATCH,UNIT_SCADA,1,"2019/08/20 08:45:00",BODWF1,18.690770
D,DISPATCH,UNIT_SCADA,1,"2019/08/20 08:45:00",BRAEMAR1,0
D,DISPATCH,UNIT_SCADA,1,"2019/08/20 08:45:00",BRAEMAR2,0
D,DISPATCH,UNIT_SCADA,1,"2019/08/20 08:45:00",BRAEMAR3,0
D,DISPATCH,UNIT_SCADA,1,"2019/08/20 08:45:00",BRAEMAR5,0
D,DISPATCH,UNIT_SCADA,1,"2019/08/20 08:45:00",BRAEMAR6,0
D,DISPATCH,UNIT_SCADA,1,"2019/08/20 08:45:00",BRAEMAR7,0
D,DISPATCH,UNIT_SCADA,1,"2019/08/20 08:45:00",BROKENH1,24.165770
D,DISPATCH,UNIT_SCADA,1,"2019/08/20 08:45:00",BW01,613.974980
D,DISPATCH,UNIT_SCADA,1,"2019/08/20 08:45:00",BW02,627.575070
D,DISPATCH,UNIT_SCADA,1,"2019/08/20 08:45:00",BW03,621.900020
D,DISPATCH,UNIT_SCADA,1,"2019/08/20 08:45:00",BW04,0
D,DISPATCH,UNIT_SCADA,1,"2019/08/20 08:45:00",CALL_B_1,350.200010
D,DISPATCH,UNIT_SCADA,1,"2019/08/20 08:45:00",CALL_B_2,286.300020
D,DISPATCH,UNIT_SCADA,1,"2019/08/20 08:45:00",CETHANA,92.735880
D,DISPATCH,UNIT_SCADA,1,"2019/08/20 08:45:00",CG1,0
D,DISPATCH,UNIT_SCADA,1,"2019/08/20 08:45:00",CG2,0
D,DISPATCH,UNIT_SCADA,1,"2019/08/20 08:45:00",CG3,0
D,DISPATCH,UNIT_SCADA,1,"2019/08/20 08:45:00",CG4,0
D,DISPATCH,UNIT_SCADA,1,"2019/08/20 08:45:00",CHILDSF1,40.08
D,DISPATCH,UNIT_SCADA,1,"2019/08/20 08:45:00",CLARESF1,40.480770
D,DISPATCH,UNIT_SCADA,1,"2019/08/20 08:45:00",CLEMGPWF,0.864420
D,DISPATCH,UNIT_SCADA,1,"2019/08/20 08:45:00",CLERMSF1,15.13
D,DISPATCH,UNIT_SCADA,1,"2019/08/20 08:45:00",COLEASF1,17.10
D,DISPATCH,UNIT_SCADA,1,"2019/08/20 08:45:00",COOPGWF1,13.885260
D,DISPATCH,UNIT_SCADA,1,"2019/08/20 08:45:00",CPP_3,405.075010
D,DISPATCH,UNIT_SCADA,1,"2019/08/20 08:45:00",CPP_4,280.225010
D,DISPATCH,UNIT_SCADA,1,"2019/08/20 08:45:00",CPSA,143.106870
D,DISPATCH,UNIT_SCADA,1,"2019/08/20 08:45:00",CROOKWF2,78.993750
D,DISPATCH,UNIT_SCADA,1,"2019/08/20 08:45:00",CROWLWF1,25.201660
D,DISPATCH,UNIT_SCADA,1,"2019/08/20 08:45:00",CSPVPS1,22.6040
D,DISPATCH,UNIT_SCADA,1,"2019/08/20 08:45:00",DALNTH01,0
D,DISPATCH,UNIT_SCADA,1,"2019/08/20 08:45:00",DALNTHL1,0.071720
D,DISPATCH,UNIT_SCADA,1,"2019/08/20 08:45:00",DARTM1,134.70
D,DISPATCH,UNIT_SCADA,1,"2019/08/20 08:45:00",DAYDSF1,108.9830
D,DISPATCH,UNIT_SCADA,1,"2019/08/20 08:45:00",DDPS1,0
D,DISPATCH,UNIT_SCADA,1,"2019/08/20 08:45:00",DDSF1,76.795910
D,DISPATCH,UNIT_SCADA,1,"2019/08/20 08:45:00",DEVILS_G,0
D,DISPATCH,UNIT_SCADA,1,"2019/08/20 08:45:00",DG_NSW1,0
D,DISPATCH,UNIT_SCADA,1,"2019/08/20 08:45:00",DG_QLD1,0
D,DISPATCH,UNIT_SCADA,1,"2019/08/20 08:45:00",DG_SA1,0
D,DISPATCH,UNIT_SCADA,1,"2019/08/20 08:45:00",DG_TAS1,0
D,DISPATCH,UNIT_SCADA,1,"2019/08/20 08:45:00",DG_VIC1,0
D,DISPATCH,UNIT_SCADA,1,"2019/08/20 08:45:00",DRYCGT1,0
D,DISPATCH,UNIT_SCADA,1,"2019/08/20 08:45:00",DRYCGT2,0
D,DISPATCH,UNIT_SCADA,1,"2019/08/20 08:45:00",DRYCGT3,0
D,DISPATCH,UNIT_SCADA,1,"2019/08/20 08:45:00",EILDON1,0
D,DISPATCH,UNIT_SCADA,1,"2019/08/20 08:45:00",EILDON2,0
D,DISPATCH,UNIT_SCADA,1,"2019/08/20 08:45:00",EMERASF1,57.89
D,DISPATCH,UNIT_SCADA,1,"2019/08/20 08:45:00",ER01,586.7251
D,DISPATCH,UNIT_SCADA,1,"2019/08/20 08:45:00",ER02,682.849980
D,DISPATCH,UNIT_SCADA,1,"2019/08/20 08:45:00",ER03,682.3750
D,DISPATCH,UNIT_SCADA,1,"2019/08/20 08:45:00",ER04,681.574950
D,DISPATCH,UNIT_SCADA,1,"2019/08/20 08:45:00",FINLYSF1,0
D,DISPATCH,UNIT_SCADA,1,"2019/08/20 08:45:00",FISHER,45.84
D,DISPATCH,UNIT_SCADA,1,"2019/08/20 08:45:00",GANNBG1,0
D,DISPATCH,UNIT_SCADA,1,"2019/08/20 08:45:00",GANNBL1,0
D,DISPATCH,UNIT_SCADA,1,"2019/08/20 08:45:00",GANNSF1,6.60
D,DISPATCH,UNIT_SCADA,1,"2019/08/20 08:45:00",GORDON,111.315120
D,DISPATCH,UNIT_SCADA,1,"2019/08/20 08:45:00",GSTONE1,158.024990
D,DISPATCH,UNIT_SCADA,1,"2019/08/20 08:45:00",GSTONE2,158.20
D,DISPATCH,UNIT_SCADA,1,"2019/08/20 08:45:00",GSTONE3,159.4250
D,DISPATCH,UNIT_SCADA,1,"2019/08/20 08:45:00",GSTONE4,159.25
D,DISPATCH,UNIT_SCADA,1,"2019/08/20 08:45:00",GSTONE5,157.149990
D,DISPATCH,UNIT_SCADA,1,"2019/08/20 08:45:00",GSTONE6,0
D,DISPATCH,UNIT_SCADA,1,"2019/08/20 08:45:00",GULLRSF1,2.293670
D,DISPATCH,UNIT_SCADA,1,"2019/08/20 08:45:00",GULLRWF1,145.219270
D,DISPATCH,UNIT_SCADA,1,"2019/08/20 08:45:00",GUNNING1,43.276140
D,DISPATCH,UNIT_SCADA,1,"2019/08/20 08:45:00",GUTHEGA,0
D,DISPATCH,UNIT_SCADA,1,"2019/08/20 08:45:00",HALLWF1,84.04
D,DISPATCH,UNIT_SCADA,1,"2019/08/20 08:45:00",HALLWF2,64.16
D,DISPATCH,UNIT_SCADA,1,"2019/08/20 08:45:00",HAMISF1,43.90
D,DISPATCH,UNIT_SCADA,1,"2019/08/20 08:45:00",HAUGHT11,50.049020
D,DISPATCH,UNIT_SCADA,1,"2019/08/20 08:45:00",HAYMSF1,39.6280
D,DISPATCH,UNIT_SCADA,1,"2019/08/20 08:45:00",HDWF1,24.50
D,DISPATCH,UNIT_SCADA,1,"2019/08/20 08:45:00",HDWF2,10.40
D,DISPATCH,UNIT_SCADA,1,"2019/08/20 08:45:00",HDWF3,20.60
D,DISPATCH,UNIT_SCADA,1,"2019/08/20 08:45:00",HPRG1,20.90
D,DISPATCH,UNIT_SCADA,1,"2019/08/20 08:45:00",HPRL1,0
D,DISPATCH,UNIT_SCADA,1,"2019/08/20 08:45:00",HUMENSW,0
D,DISPATCH,UNIT_SCADA,1,"2019/08/20 08:45:00",HUMEV,8.40
D,DISPATCH,UNIT_SCADA,1,"2019/08/20 08:45:00",HVGTS,0
D,DISPATCH,UNIT_SCADA,1,"2019/08/20 08:45:00",JBUTTERS,137.33
D,DISPATCH,UNIT_SCADA,1,"2019/08/20 08:45:00",JLA01,0.50
D,DISPATCH,UNIT_SCADA,1,"2019/08/20 08:45:00",JLA02,0
D,DISPATCH,UNIT_SCADA,1,"2019/08/20 08:45:00",JLA03,0.10
D,DISPATCH,UNIT_SCADA,1,"2019/08/20 08:45:00",JLA04,0.10
D,DISPATCH,UNIT_SCADA,1,"2019/08/20 08:45:00",JLB01,0
D,DISPATCH,UNIT_SCADA,1,"2019/08/20 08:45:00",JLB02,30.40
D,DISPATCH,UNIT_SCADA,1,"2019/08/20 08:45:00",JLB03,31.40
D,DISPATCH,UNIT_SCADA,1,"2019/08/20 08:45:00",KAREEYA1,21.56
D,DISPATCH,UNIT_SCADA,1,"2019/08/20 08:45:00",KAREEYA2,21.5450
D,DISPATCH,UNIT_SCADA,1,"2019/08/20 08:45:00",KAREEYA3,0
D,DISPATCH,UNIT_SCADA,1,"2019/08/20 08:45:00",KAREEYA4,21.71
D,DISPATCH,UNIT_SCADA,1,"2019/08/20 08:45:00",KARSF1,65.30
D,DISPATCH,UNIT_SCADA,1,"2019/08/20 08:45:00",KIATAWF1,29.70
D,DISPATCH,UNIT_SCADA,1,"2019/08/20 08:45:00",KPP_1,0
D,DISPATCH,UNIT_SCADA,1,"2019/08/20 08:45:00",KSP1,43.53
D,DISPATCH,UNIT_SCADA,1,"2019/08/20 08:45:00",LADBROK1,42.37
D,DISPATCH,UNIT_SCADA,1,"2019/08/20 08:45:00",LADBROK2,43.06
D,DISPATCH,UNIT_SCADA,1,"2019/08/20 08:45:00",LD01,425.268770
D,DISPATCH,UNIT_SCADA,1,"2019/08/20 08:45:00",LD02,420.525050
D,DISPATCH,UNIT_SCADA,1,"2019/08/20 08:45:00",LD03,401.662570
D,DISPATCH,UNIT_SCADA,1,"2019/08/20 08:45:00",LD04,381.806240
D,DISPATCH,UNIT_SCADA,1,"2019/08/20 08:45:00",LEM_WIL,85.589650
D,DISPATCH,UNIT_SCADA,1,"2019/08/20 08:45:00",LGAPWF1,7.40
D,DISPATCH,UNIT_SCADA,1,"2019/08/20 08:45:00",LILYSF1,84.934650
D,DISPATCH,UNIT_SCADA,1,"2019/08/20 08:45:00",LI_WY_CA,147.864590
D,DISPATCH,UNIT_SCADA,1,"2019/08/20 08:45:00",LKBONNY2,138.713490
D,DISPATCH,UNIT_SCADA,1,"2019/08/20 08:45:00",LKBONNY3,31.930190
D,DISPATCH,UNIT_SCADA,1,"2019/08/20 08:45:00",LK_ECHO,0
D,DISPATCH,UNIT_SCADA,1,"2019/08/20 08:45:00",LNGS1,0
D,DISPATCH,UNIT_SCADA,1,"2019/08/20 08:45:00",LNGS2,0
D,DISPATCH,UNIT_SCADA,1,"2019/08/20 08:45:00",LONSDALE,0
D,DISPATCH,UNIT_SCADA,1,"2019/08/20 08:45:00",LOYYB1,534.584840
D,DISPATCH,UNIT_SCADA,1,"2019/08/20 08:45:00",LOYYB2,581.954410
D,DISPATCH,UNIT_SCADA,1,"2019/08/20 08:45:00",LYA1,559
D,DISPATCH,UNIT_SCADA,1,"2019/08/20 08:45:00",LYA2,0
D,DISPATCH,UNIT_SCADA,1,"2019/08/20 08:45:00",LYA3,560
D,DISPATCH,UNIT_SCADA,1,"2019/08/20 08:45:00",LYA4,519
D,DISPATCH,UNIT_SCADA,1,"2019/08/20 08:45:00",MACARTH1,321.592560
D,DISPATCH,UNIT_SCADA,1,"2019/08/20 08:45:00",MACKAYGT,0
D,DISPATCH,UNIT_SCADA,1,"2019/08/20 08:45:00",MACKNTSH,85.20
D,DISPATCH,UNIT_SCADA,1,"2019/08/20 08:45:00",MANSLR1,34.3260
D,DISPATCH,UNIT_SCADA,1,"2019/08/20 08:45:00",MCKAY1,0.02
D,DISPATCH,UNIT_SCADA,1,"2019/08/20 08:45:00",MEADOWBK,33.695820
D,DISPATCH,UNIT_SCADA,1,"2019/08/20 08:45:00",MERCER01,124.982010
D,DISPATCH,UNIT_SCADA,1,"2019/08/20 08:45:00",MEWF1,24.0087
D,DISPATCH,UNIT_SCADA,1,"2019/08/20 08:45:00",MINTARO,0
D,DISPATCH,UNIT_SCADA,1,"2019/08/20 08:45:00",MOREESF1,52.92
D,DISPATCH,UNIT_SCADA,1,"2019/08/20 08:45:00",MORTLK11,123
D,DISPATCH,UNIT_SCADA,1,"2019/08/20 08:45:00",MORTLK12,0
D,DISPATCH,UNIT_SCADA,1,"2019/08/20 08:45:00",MP1,275.75
D,DISPATCH,UNIT_SCADA,1,"2019/08/20 08:45:00",MP2,0
D,DISPATCH,UNIT_SCADA,1,"2019/08/20 08:45:00",MPP_1,421.25
D,DISPATCH,UNIT_SCADA,1,"2019/08/20 08:45:00",MPP_2,427.75
D,DISPATCH,UNIT_SCADA,1,"2019/08/20 08:45:00",MSTUART1,0
D,DISPATCH,UNIT_SCADA,1,"2019/08/20 08:45:00",MSTUART2,0
D,DISPATCH,UNIT_SCADA,1,"2019/08/20 08:45:00",MSTUART3,0
D,DISPATCH,UNIT_SCADA,1,"2019/08/20 08:45:00",MTGELWF1,64.780110
D,DISPATCH,UNIT_SCADA,1,"2019/08/20 08:45:00",MURRAY,0
D,DISPATCH,UNIT_SCADA,1,"2019/08/20 08:45:00",MUSSELR1,162.899990
D,DISPATCH,UNIT_SCADA,1,"2019/08/20 08:45:00",MUWAWF1,23.85
D,DISPATCH,UNIT_SCADA,1,"2019/08/20 08:45:00",NBHWF1,73.40
D,DISPATCH,UNIT_SCADA,1,"2019/08/20 08:45:00",NPS,0
D,DISPATCH,UNIT_SCADA,1,"2019/08/20 08:45:00",NUMURSF1,12.12
D,DISPATCH,UNIT_SCADA,1,"2019/08/20 08:45:00",NYNGAN1,58.25
D,DISPATCH,UNIT_SCADA,1,"2019/08/20 08:45:00",OAKEY1,0
D,DISPATCH,UNIT_SCADA,1,"2019/08/20 08:45:00",OAKEY1SF,21.67
D,DISPATCH,UNIT_SCADA,1,"2019/08/20 08:45:00",OAKEY2,0
D,DISPATCH,UNIT_SCADA,1,"2019/08/20 08:45:00",OAKLAND1,61.60
D,DISPATCH,UNIT_SCADA,1,"2019/08/20 08:45:00",OSB-AG,144.48
D,DISPATCH,UNIT_SCADA,1,"2019/08/20 08:45:00",PARSF1,44
D,DISPATCH,UNIT_SCADA,1,"2019/08/20 08:45:00",POAT110,42.226160
D,DISPATCH,UNIT_SCADA,1,"2019/08/20 08:45:00",POAT220,114.147930
D,DISPATCH,UNIT_SCADA,1,"2019/08/20 08:45:00",POR01,0
D,DISPATCH,UNIT_SCADA,1,"2019/08/20 08:45:00",POR03,0
D,DISPATCH,UNIT_SCADA,1,"2019/08/20 08:45:00",PPCCGT,249.387040
D,DISPATCH,UNIT_SCADA,1,"2019/08/20 08:45:00",PTSTAN1,0
D,DISPATCH,UNIT_SCADA,1,"2019/08/20 08:45:00",PUMP1,0
D,DISPATCH,UNIT_SCADA,1,"2019/08/20 08:45:00",PUMP2,0
D,DISPATCH,UNIT_SCADA,1,"2019/08/20 08:45:00",QPS1,29.10
D,DISPATCH,UNIT_SCADA,1,"2019/08/20 08:45:00",QPS2,0
D,DISPATCH,UNIT_SCADA,1,"2019/08/20 08:45:00",QPS3,24
D,DISPATCH,UNIT_SCADA,1,"2019/08/20 08:45:00",QPS4,0
D,DISPATCH,UNIT_SCADA,1,"2019/08/20 08:45:00",QPS5,125.12
D,DISPATCH,UNIT_SCADA,1,"2019/08/20 08:45:00",REECE1,115.280010
D,DISPATCH,UNIT_SCADA,1,"2019/08/20 08:45:00",REECE2,115.610010
D,DISPATCH,UNIT_SCADA,1,"2019/08/20 08:45:00",ROMA_7,0
D,DISPATCH,UNIT_SCADA,1,"2019/08/20 08:45:00",ROMA_8,38.737170
D,DISPATCH,UNIT_SCADA,1,"2019/08/20 08:45:00",RRSF1,95.534360
D,DISPATCH,UNIT_SCADA,1,"2019/08/20 08:45:00",RT_NSW1,0
D,DISPATCH,UNIT_SCADA,1,"2019/08/20 08:45:00",RT_NSW2,0
D,DISPATCH,UNIT_SCADA,1,"2019/08/20 08:45:00",RT_NSW3,0
D,DISPATCH,UNIT_SCADA,1,"2019/08/20 08:45:00",RT_NSW4,0
D,DISPATCH,UNIT_SCADA,1,"2019/08/20 08:45:00",RT_NSW5,0
D,DISPATCH,UNIT_SCADA,1,"2019/08/20 08:45:00",RT_NSW6,0
D,DISPATCH,UNIT_SCADA,1,"2019/08/20 08:45:00",RT_QLD1,0
D,DISPATCH,UNIT_SCADA,1,"2019/08/20 08:45:00",RT_SA1,0
D,DISPATCH,UNIT_SCADA,1,"2019/08/20 08:45:00",RT_SA2,0
D,DISPATCH,UNIT_SCADA,1,"2019/08/20 08:45:00",RT_SA3,0
D,DISPATCH,UNIT_SCADA,1,"2019/08/20 08:45:00",RT_SA4,0
D,DISPATCH,UNIT_SCADA,1,"2019/08/20 08:45:00",RT_SA5,0
D,DISPATCH,UNIT_SCADA,1,"2019/08/20 08:45:00",RT_SA6,0
D,DISPATCH,UNIT_SCADA,1,"2019/08/20 08:45:00",RT_TAS1,0
D,DISPATCH,UNIT_SCADA,1,"2019/08/20 08:45:00",RT_VIC1,0
D,DISPATCH,UNIT_SCADA,1,"2019/08/20 08:45:00",RT_VIC10,0
D,DISPATCH,UNIT_SCADA,1,"2019/08/20 08:45:00",RT_VIC11,0
D,DISPATCH,UNIT_SCADA,1,"2019/08/20 08:45:00",RT_VIC12,0
D,DISPATCH,UNIT_SCADA,1,"2019/08/20 08:45:00",RT_VIC2,0
D,DISPATCH,UNIT_SCADA,1,"2019/08/20 08:45:00",RT_VIC3,0
D,DISPATCH,UNIT_SCADA,1,"2019/08/20 08:45:00",RT_VIC4,0
D,DISPATCH,UNIT_SCADA,1,"2019/08/20 08:45:00",RT_VIC5,0
D,DISPATCH,UNIT_SCADA,1,"2019/08/20 08:45:00",RT_VIC6,0
D,DISPATCH,UNIT_SCADA,1,"2019/08/20 08:45:00",RT_VIC7,0
D,DISPATCH,UNIT_SCADA,1,"2019/08/20 08:45:00",RT_VIC8,0
D,DISPATCH,UNIT_SCADA,1,"2019/08/20 08:45:00",RT_VIC9,0
D,DISPATCH,UNIT_SCADA,1,"2019/08/20 08:45:00",RUGBYR1,45.182980
D,DISPATCH,UNIT_SCADA,1,"2019/08/20 08:45:00",SALTCRK1,51.27
D,DISPATCH,UNIT_SCADA,1,"2019/08/20 08:45:00",SAPHWF1,66.768770
D,DISPATCH,UNIT_SCADA,1,"2019/08/20 08:45:00",SHGEN,0
D,DISPATCH,UNIT_SCADA,1,"2019/08/20 08:45:00",SHPUMP,0
D,DISPATCH,UNIT_SCADA,1,"2019/08/20 08:45:00",SITHE01,0.005650
D,DISPATCH,UNIT_SCADA,1,"2019/08/20 08:45:00",SMCSF1,46.693810
D,DISPATCH,UNIT_SCADA,1,"2019/08/20 08:45:00",SNOWNTH1,17
D,DISPATCH,UNIT_SCADA,1,"2019/08/20 08:45:00",SNOWSTH1,54.50
D,DISPATCH,UNIT_SCADA,1,"2019/08/20 08:45:00",SNOWTWN1,22.440780
D,DISPATCH,UNIT_SCADA,1,"2019/08/20 08:45:00",SNOWYP,0
D,DISPATCH,UNIT_SCADA,1,"2019/08/20 08:45:00",SNUG1,0.019440
D,DISPATCH,UNIT_SCADA,1,"2019/08/20 08:45:00",SRSF1,34.18
D,DISPATCH,UNIT_SCADA,1,"2019/08/20 08:45:00",STAN-1,0
D,DISPATCH,UNIT_SCADA,1,"2019/08/20 08:45:00",STAN-2,279.440860
D,DISPATCH,UNIT_SCADA,1,"2019/08/20 08:45:00",STAN-3,277.6720
D,DISPATCH,UNIT_SCADA,1,"2019/08/20 08:45:00",STAN-4,276.646580
D,DISPATCH,UNIT_SCADA,1,"2019/08/20 08:45:00",STWF1,6.03
D,DISPATCH,UNIT_SCADA,1,"2019/08/20 08:45:00",SWAN_E,0
D,DISPATCH,UNIT_SCADA,1,"2019/08/20 08:45:00",TALWA1,316
D,DISPATCH,UNIT_SCADA,1,"2019/08/20 08:45:00",TARALGA1,105.371250
D,DISPATCH,UNIT_SCADA,1,"2019/08/20 08:45:00",TARONG#1,308.50
D,DISPATCH,UNIT_SCADA,1,"2019/08/20 08:45:00",TARONG#2,349.600010
D,DISPATCH,UNIT_SCADA,1,"2019/08/20 08:45:00",TARONG#3,260.399990
D,DISPATCH,UNIT_SCADA,1,"2019/08/20 08:45:00",TARONG#4,309.200010
D,DISPATCH,UNIT_SCADA,1,"2019/08/20 08:45:00",TARRALEA,85
D,DISPATCH,UNIT_SCADA,1,"2019/08/20 08:45:00",TBSF1,27.90
D,DISPATCH,UNIT_SCADA,1,"2019/08/20 08:45:00",TNPS1,441.700010
D,DISPATCH,UNIT_SCADA,1,"2019/08/20 08:45:00",TORRA1,78.402530
D,DISPATCH,UNIT_SCADA,1,"2019/08/20 08:45:00",TORRA2,0
D,DISPATCH,UNIT_SCADA,1,"2019/08/20 08:45:00",TORRA3,0
D,DISPATCH,UNIT_SCADA,1,"2019/08/20 08:45:00",TORRA4,0
D,DISPATCH,UNIT_SCADA,1,"2019/08/20 08:45:00",TORRB1,88.19
D,DISPATCH,UNIT_SCADA,1,"2019/08/20 08:45:00",TORRB2,125.17
D,DISPATCH,UNIT_SCADA,1,"2019/08/20 08:45:00",TORRB3,0
D,DISPATCH,UNIT_SCADA,1,"2019/08/20 08:45:00",TORRB4,0
D,DISPATCH,UNIT_SCADA,1,"2019/08/20 08:45:00",TREVALLN,69.780010
D,DISPATCH,UNIT_SCADA,1,"2019/08/20 08:45:00",TRIBUTE,84.86
D,DISPATCH,UNIT_SCADA,1,"2019/08/20 08:45:00",TUMUT3,0
D,DISPATCH,UNIT_SCADA,1,"2019/08/20 08:45:00",TUNGATIN,133.560030
D,DISPATCH,UNIT_SCADA,1,"2019/08/20 08:45:00",TVCC201,0
D,DISPATCH,UNIT_SCADA,1,"2019/08/20 08:45:00",TVPP104,0
D,DISPATCH,UNIT_SCADA,1,"2019/08/20 08:45:00",UPPTUMUT,0
D,DISPATCH,UNIT_SCADA,1,"2019/08/20 08:45:00",URANQ11,0
D,DISPATCH,UNIT_SCADA,1,"2019/08/20 08:45:00",URANQ12,0
D,DISPATCH,UNIT_SCADA,1,"2019/08/20 08:45:00",URANQ13,0
D,DISPATCH,UNIT_SCADA,1,"2019/08/20 08:45:00",URANQ14,0
D,DISPATCH,UNIT_SCADA,1,"2019/08/20 08:45:00",VP5,478.299990
D,DISPATCH,UNIT_SCADA,1,"2019/08/20 08:45:00",VP6,505.350010
D,DISPATCH,UNIT_SCADA,1,"2019/08/20 08:45:00",VPGS1,0
D,DISPATCH,UNIT_SCADA,1,"2019/08/20 08:45:00",VPGS2,0
D,DISPATCH,UNIT_SCADA,1,"2019/08/20 08:45:00",VPGS3,0
D,DISPATCH,UNIT_SCADA,1,"2019/08/20 08:45:00",VPGS4,0
D,DISPATCH,UNIT_SCADA,1,"2019/08/20 08:45:00",VPGS5,0
D,DISPATCH,UNIT_SCADA,1,"2019/08/20 08:45:00",VPGS6,0
D,DISPATCH,UNIT_SCADA,1,"2019/08/20 08:45:00",W/HOE#1,0
D,DISPATCH,UNIT_SCADA,1,"2019/08/20 08:45:00",W/HOE#2,0
D,DISPATCH,UNIT_SCADA,1,"2019/08/20 08:45:00",WATERLWF,107.60
D,DISPATCH,UNIT_SCADA,1,"2019/08/20 08:45:00",WEMENSF1,70.90
D,DISPATCH,UNIT_SCADA,1,"2019/08/20 08:45:00",WGWF1,60.20
D,DISPATCH,UNIT_SCADA,1,"2019/08/20 08:45:00",WHITSF1,42.40
D,DISPATCH,UNIT_SCADA,1,"2019/08/20 08:45:00",WKIEWA1,0
D,DISPATCH,UNIT_SCADA,1,"2019/08/20 08:45:00",WKIEWA2,14.10
D,DISPATCH,UNIT_SCADA,1,"2019/08/20 08:45:00",WOODLWN1,45.0450
D,DISPATCH,UNIT_SCADA,1,"2019/08/20 08:45:00",WRSF1,14.85
D,DISPATCH,UNIT_SCADA,1,"2019/08/20 08:45:00",WRWF1,48.0125
D,DISPATCH,UNIT_SCADA,1,"2019/08/20 08:45:00",YABULU,0
D,DISPATCH,UNIT_SCADA,1,"2019/08/20 08:45:00",YABULU2,0
D,DISPATCH,UNIT_SCADA,1,"2019/08/20 08:45:00",YARWUN_1,0
D,DISPATCH,UNIT_SCADA,1,"2019/08/20 08:45:00",YENDWF1,41.76
D,DISPATCH,UNIT_SCADA,1,"2019/08/20 08:45:00",YWPS1,383.458220
D,DISPATCH,UNIT_SCADA,1,"2019/08/20 08:45:00",YWPS2,280.448090
D,DISPATCH,UNIT_SCADA,1,"2019/08/20 08:45:00",YWPS3,0
D,DISPATCH,UNIT_SCADA,1,"2019/08/20 08:45:00",YWPS4,395.237980
C,"END OF REPORT",334
