C,NEMP.WORLD,DISPATCHSCADA,AEMO,PUBLIC,2019/08/20,08:35:08,0000000311778590,DISPATCHSCADA,0000000311778584
I,DISPATCH,UNIT_SCADA,1,SETTLEMENTDATE,DUID,SCADAVALUE
D,DISPATCH,UNIT_SCADA,1,"2019/08/20 08:40:00",BARCSF1,17.400002
D,DISPATCH,UNIT_SCADA,1,"2019/08/20 08:40:00",BUTLERSG,9.799998
D,DISPATCH,UNIT_SCADA,1,"2019/08/20 08:40:00",CALL_A_4,0
D,DISPATCH,UNIT_SCADA,1,"2019/08/20 08:40:00",CAPTL_WF,125.627998
D,DISPATCH,UNIT_SCADA,1,"2019/08/20 08:40:00",CATHROCK,50.249996
D,DISPATCH,UNIT_SCADA,1,"2019/08/20 08:40:00",CHALLHWF,15.70
D,DISPATCH,UNIT_SCADA,1,"2019/08/20 08:40:00",CLOVER,0
D,DISPATCH,UNIT_SCADA,1,"2019/08/20 08:40:00",CLUNY,9.091783
D,DISPATCH,UNIT_SCADA,1,"2019/08/20 08:40:00",CNUNDAWF,39.746365
D,DISPATCH,UNIT_SCADA,1,"2019/08/20 08:40:00",CULLRGWF,30.459999
D,DISPATCH,UNIT_SCADA,1,"2019/08/20 08:40:00",ERGT01,0
D,DISPATCH,UNIT_SCADA,1,"2019/08/20 08:40:00",GB01,0.054806
D,DISPATCH,UNIT_SCADA,1,"2019/08/20 08:40:00",GERMCRK,38.900002
D,DISPATCH,UNIT_SCADA,1,"2019/08/20 08:40:00",GRIFSF1,9.199997
D,DISPATCH,UNIT_SCADA,1,"2019/08/20 08:40:00",HUGSF1,8.827001
D,DISPATCH,UNIT_SCADA,1,"2019/08/20 08:40:00",LKBONNY1,71.268875
D,DISPATCH,UNIT_SCADA,1,"2019/08/20 08:40:00",LRSF1,12.9440
D,DISPATCH,UNIT_SCADA,1,"2019/08/20 08:40:00",MBAHNTH,54.3750
D,DISPATCH,UNIT_SCADA,1,"2019/08/20 08:40:00",MLSP1,6.312001
D,DISPATCH,UNIT_SCADA,1,"2019/08/20 08:40:00",MLWF1,19.6950
D,DISPATCH,UNIT_SCADA,1,"2019/08/20 08:40:00",MTMILLAR,17.271284
D,DISPATCH,UNIT_SCADA,1,"2019/08/20 08:40:00",PALOONA,23.619999
D,DISPATCH,UNIT_SCADA,1,"2019/08/20 08:40:00",PIONEER,10.10
D,DISPATCH,UNIT_SCADA,1,"2019/08/20 08:40:00",PORTWF,138.100006
D,DISPATCH,UNIT_SCADA,1,"2019/08/20 08:40:00",REPULSE,28.777905
D,DISPATCH,UNIT_SCADA,1,"2019/08/20 08:40:00",ROWALLAN,10.067801
D,DISPATCH,UNIT_SCADA,1,"2019/08/20 08:40:00",ROYALLA1,11.956001
D,DISPATCH,UNIT_SCADA,1,"2019/08/20 08:40:00",RPCG,11.30
D,DISPATCH,UNIT_SCADA,1,"2019/08/20 08:40:00",RUBICON,0
D,DISPATCH,UNIT_SCADA,1,"2019/08/20 08:40:00",SATGN1,0
D,DISPATCH,UNIT_SCADA,1,"2019/08/20 08:40:00",SATGS1,0
D,DISPATCH,UNIT_SCADA,1,"2019/08/20 08:40:00",STARHLWF,16.795103
D,DISPATCH,UNIT_SCADA,1,"2019/08/20 08:40:00",WAUBRAWF,123.132004
D,DISPATCH,UNIT_SCADA,1,"2019/08/20 08:40:00",WOOLNTH1,133.730011
D,DISPATCH,UNIT_SCADA,1,"2019/08/20 08:40:00",WPWF,34
D,DISPATCH,UNIT_SCADA,1,"2019/08/20 08:40:00",YAMBUKWF,15.60
D,DISPATCH,UNIT_SCADA,1,"2019/08/20 08:40:00",YSWF1,28.40
D,DISPATCH,UNIT_SCADA,1,"2019/08/20 08:40:00",AGLHAL,0
D,DISPATCH,UNIT_SCADA,1,"2019/08/20 08:40:00",AGLSOM,0
D,DISPATCH,UNIT_SCADA,1,"2019/08/20 08:40:00",ANGAST1,0
D,DISPATCH,UNIT_SCADA,1,"2019/08/20 08:40:00",ARWF1,43.70
D,DISPATCH,UNIT_SCADA,1,"2019/08/20 08:40:00",BALBG1,0
D,DISPATCH,UNIT_SCADA,1,"2019/08/20 08:40:00",BALBL1,0
D,DISPATCH,UNIT_SCADA,1,"2019/08/20 08:40:00",BALDHWF1,102.9860
D,DISPATCH,UNIT_SCADA,1,"2019/08/20 08:40:00",BANN1,48.55
D,DISPATCH,UNIT_SCADA,1,"2019/08/20 08:40:00",BARCALDN,0
D,DISPATCH,UNIT_SCADA,1,"2019/08/20 08:40:00",BARRON-1,0
D,DISPATCH,UNIT_SCADA,1,"2019/08/20 08:40:00",BARRON-2,29.04
D,DISPATCH,UNIT_SCADA,1,"2019/08/20 08:40:00",BASTYAN,80.570010
D,DISPATCH,UNIT_SCADA,1,"2019/08/20 08:40:00",BBTHREE1,-1.93
D,DISPATCH,UNIT_SCADA,1,"2019/08/20 08:40:00",BBTHREE2,-1.97
D,DISPATCH,UNIT_SCADA,1,"2019/08/20 08:40:00",BBTHREE3,-1.05
D,DISPATCH,UNIT_SCADA,1,"2019/08/20 08:40:00",BDL01,42.30
D,DISPATCH,UNIT_SCADA,1,"2019/08/20 08:40:00",BDL02,42.48
D,DISPATCH,UNIT_SCADA,1,"2019/08/20 08:40:00",BERYLSF1,69.3091
D,DISPATCH,UNIT_SCADA,1,"2019/08/20 08:40:00",BLOWERNG,0
D,DISPATCH,UNIT_SCADA,1,"2019/08/20 08:40:00",BLUFF1,19.40
D,DISPATCH,UNIT_SCADA,1,"2019/08/20 08:40:00",BNGSF1,55.07
D,DISPATCH,UNIT_SCADA,1,"2019/08/20 08:40:00",BNGSF2,18.21
D,DISPATCH,UNIT_SCADA,1,"2019/08/20 08:40:00",BOCORWF1,70.41
D,DISPATCH,UNIT_SCADA,1,"2019/08/20 08:40:00",BODWF1,19.764630
D,DISPATCH,UNIT_SCADA,1,"2019/08/20 08:40:00",BRAEMAR1,0
D,DISPATCH,UNIT_SCADA,1,"2019/08/20 08:40:00",BRAEMAR2,0
D,DISPATCH,UNIT_SCADA,1,"2019/08/20 08:40:00",BRAEMAR3,0
D,DISPATCH,UNIT_SCADA,1,"2019/08/20 08:40:00",BRAEMAR5,0
D,DISPATCH,UNIT_SCADA,1,"2019/08/20 08:40:00",BRAEMAR6,0
D,DISPATCH,UNIT_SCADA,1,"2019/08/20 08:40:00",BRAEMAR7,0
D,DISPATCH,UNIT_SCADA,1,"2019/08/20 08:40:00",BROKENH1,22.732180
D,DISPATCH,UNIT_SCADA,1,"2019/08/20 08:40:00",BW01,614.724980
D,DISPATCH,UNIT_SCADA,1,"2019/08/20 08:40:00",BW02,626.400020
D,DISPATCH,UNIT_SCADA,1,"2019/08/20 08:40:00",BW03,618.6499
D,DISPATCH,UNIT_SCADA,1,"2019/08/20 08:40:00",BW04,0
D,DISPATCH,UNIT_SCADA,1,"2019/08/20 08:40:00",CALL_B_1,350.200010
D,DISPATCH,UNIT_SCADA,1,"2019/08/20 08:40:00",CALL_B_2,289.50
D,DISPATCH,UNIT_SCADA,1,"2019/08/20 08:40:00",CETHANA,93.1550
D,DISPATCH,UNIT_SCADA,1,"2019/08/20 08:40:00",CG1,0
D,DISPATCH,UNIT_SCADA,1,"2019/08/20 08:40:00",CG2,0
D,DISPATCH,UNIT_SCADA,1,"2019/08/20 08:40:00",CG3,0
D,DISPATCH,UNIT_SCADA,1,"2019/08/20 08:40:00",CG4,0
D,DISPATCH,UNIT_SCADA,1,"2019/08/20 08:40:00",CHILDSF1,40.08
D,DISPATCH,UNIT_SCADA,1,"2019/08/20 08:40:00",CLARESF1,39.737340
D,DISPATCH,UNIT_SCADA,1,"2019/08/20 08:40:00",CLEMGPWF,1.512740
D,DISPATCH,UNIT_SCADA,1,"2019/08/20 08:40:00",CLERMSF1,15.13
D,DISPATCH,UNIT_SCADA,1,"2019/08/20 08:40:00",COLEASF1,19.200010
D,DISPATCH,UNIT_SCADA,1,"2019/08/20 08:40:00",COOPGWF1,13.981520
D,DISPATCH,UNIT_SCADA,1,"2019/08/20 08:40:00",CPP_3,405.075010
D,DISPATCH,UNIT_SCADA,1,"2019/08/20 08:40:00",CPP_4,280.225010
D,DISPATCH,UNIT_SCADA,1,"2019/08/20 08:40:00",CPSA,142.058750
D,DISPATCH,UNIT_SCADA,1,"2019/08/20 08:40:00",CROOKWF2,78.593750
D,DISPATCH,UNIT_SCADA,1,"2019/08/20 08:40:00",CROWLWF1,23.590910
D,DISPATCH,UNIT_SCADA,1,"2019/08/20 08:40:00",CSPVPS1,21.5730
D,DISPATCH,UNIT_SCADA,1,"2019/08/20 08:40:00",DALNTH01,0
D,DISPATCH,UNIT_SCADA,1,"2019/08/20 08:40:00",DALNTHL1,0.184630
D,DISPATCH,UNIT_SCADA,1,"2019/08/20 08:40:00",DARTM1,134.30
D,DISPATCH,UNIT_SCADA,1,"2019/08/20 08:40:00",DAYDSF1,107.934010
D,DISPATCH,UNIT_SCADA,1,"2019/08/20 08:40:00",DDPS1,0
D,DISPATCH,UNIT_SCADA,1,"2019/08/20 08:40:00",DDSF1,74.326020
D,DISPATCH,UNIT_SCADA,1,"2019/08/20 08:40:00",DEVILS_G,0
D,DISPATCH,UNIT_SCADA,1,"2019/08/20 08:40:00",DG_NSW1,0
D,DISPATCH,UNIT_SCADA,1,"2019/08/20 08:40:00",DG_QLD1,0
D,DISPATCH,UNIT_SCADA,1,"2019/08/20 08:40:00",DG_SA1,0
D,DISPATCH,UNIT_SCADA,1,"2019/08/20 08:40:00",DG_TAS1,0
D,DISPATCH,UNIT_SCADA,1,"2019/08/20 08:40:00",DG_VIC1,0
D,DISPATCH,UNIT_SCADA,1,"2019/08/20 08:40:00",DRYCGT1,0
D,DISPATCH,UNIT_SCADA,1,"2019/08/20 08:40:00",DRYCGT2,0
D,DISPATCH,UNIT_SCADA,1,"2019/08/20 08:40:00",DRYCGT3,0
D,DISPATCH,UNIT_SCADA,1,"2019/08/20 08:40:00",EILDON1,0
D,DISPATCH,UNIT_SCADA,1,"2019/08/20 08:40:00",EILDON2,0
D,DISPATCH,UNIT_SCADA,1,"2019/08/20 08:40:00",EMERASF1,57.66
D,DISPATCH,UNIT_SCADA,1,"2019/08/20 08:40:00",ER01,587.6001
D,DISPATCH,UNIT_SCADA,1,"2019/08/20 08:40:00",ER02,683.924930
D,DISPATCH,UNIT_SCADA,1,"2019/08/20 08:40:00",ER03,679.574950
D,DISPATCH,UNIT_SCADA,1,"2019/08/20 08:40:00",ER04,680.650020
D,DISPATCH,UNIT_SCADA,1,"2019/08/20 08:40:00",FINLYSF1,0
D,DISPATCH,UNIT_SCADA,1,"2019/08/20 08:40:00",FISHER,46.03
D,DISPATCH,UNIT_SCADA,1,"2019/08/20 08:40:00",GANNBG1,0
D,DISPATCH,UNIT_SCADA,1,"2019/08/20 08:40:00",GANNBL1,0
D,DISPATCH,UNIT_SCADA,1,"2019/08/20 08:40:00",GANNSF1,5.90
D,DISPATCH,UNIT_SCADA,1,"2019/08/20 08:40:00",GORDON,111.121350
D,DISPATCH,UNIT_SCADA,1,"2019/08/20 08:40:00",GSTONE1,153.474990
D,DISPATCH,UNIT_SCADA,1,"2019/08/20 08:40:00",GSTONE2,169.75
D,DISPATCH,UNIT_SCADA,1,"2019/08/20 08:40:00",GSTONE3,152.0750
D,DISPATCH,UNIT_SCADA,1,"2019/08/20 08:40:00",GSTONE4,169.9250
D,DISPATCH,UNIT_SCADA,1,"2019/08/20 08:40:00",GSTONE5,151.55
D,DISPATCH,UNIT_SCADA,1,"2019/08/20 08:40:00",GSTONE6,0
D,DISPATCH,UNIT_SCADA,1,"2019/08/20 08:40:00",GULLRSF1,2.641850
D,DISPATCH,UNIT_SCADA,1,"2019/08/20 08:40:00",GULLRWF1,144.441040
D,DISPATCH,UNIT_SCADA,1,"2019/08/20 08:40:00",GUNNING1,44.403660
D,DISPATCH,UNIT_SCADA,1,"2019/08/20 08:40:00",GUTHEGA,0
D,DISPATCH,UNIT_SCADA,1,"2019/08/20 08:40:00",HALLWF1,86.01
D,DISPATCH,UNIT_SCADA,1,"2019/08/20 08:40:00",HALLWF2,62.15
D,DISPATCH,UNIT_SCADA,1,"2019/08/20 08:40:00",HAMISF1,43.20
D,DISPATCH,UNIT_SCADA,1,"2019/08/20 08:40:00",HAUGHT11,50.049020
D,DISPATCH,UNIT_SCADA,1,"2019/08/20 08:40:00",HAYMSF1,38.8820
D,DISPATCH,UNIT_SCADA,1,"2019/08/20 08:40:00",HDWF1,24.10
D,DISPATCH,UNIT_SCADA,1,"2019/08/20 08:40:00",HDWF2,10.30
D,DISPATCH,UNIT_SCADA,1,"2019/08/20 08:40:00",HDWF3,20.60
D,DISPATCH,UNIT_SCADA,1,"2019/08/20 08:40:00",HPRG1,8.10
D,DISPATCH,UNIT_SCADA,1,"2019/08/20 08:40:00",HPRL1,0
D,DISPATCH,UNIT_SCADA,1,"2019/08/20 08:40:00",HUMENSW,0
D,DISPATCH,UNIT_SCADA,1,"2019/08/20 08:40:00",HUMEV,8.30
D,DISPATCH,UNIT_SCADA,1,"2019/08/20 08:40:00",HVGTS,0
D,DISPATCH,UNIT_SCADA,1,"2019/08/20 08:40:00",JBUTTERS,140.91
D,DISPATCH,UNIT_SCADA,1,"2019/08/20 08:40:00",JLA01,0.50
D,DISPATCH,UNIT_SCADA,1,"2019/08/20 08:40:00",JLA02,25.40
D,DISPATCH,UNIT_SCADA,1,"2019/08/20 08:40:00",JLA03,0.10
D,DISPATCH,UNIT_SCADA,1,"2019/08/20 08:40:00",JLA04,0.10
D,DISPATCH,UNIT_SCADA,1,"2019/08/20 08:40:00",JLB01,0
D,DISPATCH,UNIT_SCADA,1,"2019/08/20 08:40:00",JLB02,58.50
D,DISPATCH,UNIT_SCADA,1,"2019/08/20 08:40:00",JLB03,58.30
D,DISPATCH,UNIT_SCADA,1,"2019/08/20 08:40:00",KAREEYA1,21.54
D,DISPATCH,UNIT_SCADA,1,"2019/08/20 08:40:00",KAREEYA2,21.5850
D,DISPATCH,UNIT_SCADA,1,"2019/08/20 08:40:00",KAREEYA3,0
D,DISPATCH,UNIT_SCADA,1,"2019/08/20 08:40:00",KAREEYA4,21.67
D,DISPATCH,UNIT_SCADA,1,"2019/08/20 08:40:00",KARSF1,57.10
D,DISPATCH,UNIT_SCADA,1,"2019/08/20 08:40:00",KIATAWF1,30.20
D,DISPATCH,UNIT_SCADA,1,"2019/08/20 08:40:00",KPP_1,0
D,DISPATCH,UNIT_SCADA,1,"2019/08/20 08:40:00",KSP1,42.91
D,DISPATCH,UNIT_SCADA,1,"2019/08/20 08:40:00",LADBROK1,42.36
D,DISPATCH,UNIT_SCADA,1,"2019/08/20 08:40:00",LADBROK2,43.07
D,DISPATCH,UNIT_SCADA,1,"2019/08/20 08:40:00",LD01,422.774960
D,DISPATCH,UNIT_SCADA,1,"2019/08/20 08:40:00",LD02,420.8063
D,DISPATCH,UNIT_SCADA,1,"2019/08/20 08:40:00",LD03,401.099950
D,DISPATCH,UNIT_SCADA,1,"2019/08/20 08:40:00",LD04,379.406250
D,DISPATCH,UNIT_SCADA,1,"2019/08/20 08:40:00",LEM_WIL,85.527750
D,DISPATCH,UNIT_SCADA,1,"2019/08/20 08:40:00",LGAPWF1,9.35
D,DISPATCH,UNIT_SCADA,1,"2019/08/20 08:40:00",LILYSF1,84.410360
D,DISPATCH,UNIT_SCADA,1,"2019/08/20 08:40:00",LI_WY_CA,147.877440
D,DISPATCH,UNIT_SCADA,1,"2019/08/20 08:40:00",LKBONNY2,145.093260
D,DISPATCH,UNIT_SCADA,1,"2019/08/20 08:40:00",LKBONNY3,37.01
D,DISPATCH,UNIT_SCADA,1,"2019/08/20 08:40:00",LK_ECHO,0
D,DISPATCH,UNIT_SCADA,1,"2019/08/20 08:40:00",LNGS1,0
D,DISPATCH,UNIT_SCADA,1,"2019/08/20 08:40:00",LNGS2,0
D,DISPATCH,UNIT_SCADA,1,"2019/08/20 08:40:00",LONSDALE,0
D,DISPATCH,UNIT_SCADA,1,"2019/08/20 08:40:00",LOYYB1,535.336730
D,DISPATCH,UNIT_SCADA,1,"2019/08/20 08:40:00",LOYYB2,581.954410
D,DISPATCH,UNIT_SCADA,1,"2019/08/20 08:40:00",LYA1,559
D,DISPATCH,UNIT_SCADA,1,"2019/08/20 08:40:00",LYA2,0
D,DISPATCH,UNIT_SCADA,1,"2019/08/20 08:40:00",LYA3,559
D,DISPATCH,UNIT_SCADA,1,"2019/08/20 08:40:00",LYA4,519
D,DISPATCH,UNIT_SCADA,1,"2019/08/20 08:40:00",MACARTH1,336.892210
D,DISPATCH,UNIT_SCADA,1,"2019/08/20 08:40:00",MACKAYGT,0
D,DISPATCH,UNIT_SCADA,1,"2019/08/20 08:40:00",MACKNTSH,85.63
D,DISPATCH,UNIT_SCADA,1,"2019/08/20 08:40:00",MANSLR1,34.0210
D,DISPATCH,UNIT_SCADA,1,"2019/08/20 08:40:00",MCKAY1,0.02
D,DISPATCH,UNIT_SCADA,1,"2019/08/20 08:40:00",MEADOWBK,33.8673
D,DISPATCH,UNIT_SCADA,1,"2019/08/20 08:40:00",MERCER01,124.741990
D,DISPATCH,UNIT_SCADA,1,"2019/08/20 08:40:00",MEWF1,20.672510
D,DISPATCH,UNIT_SCADA,1,"2019/08/20 08:40:00",MINTARO,0
D,DISPATCH,UNIT_SCADA,1,"2019/08/20 08:40:00",MOREESF1,52.8120
D,DISPATCH,UNIT_SCADA,1,"2019/08/20 08:40:00",MORTLK11,124
D,DISPATCH,UNIT_SCADA,1,"2019/08/20 08:40:00",MORTLK12,0
D,DISPATCH,UNIT_SCADA,1,"2019/08/20 08:40:00",MP1,278.324950
D,DISPATCH,UNIT_SCADA,1,"2019/08/20 08:40:00",MP2,0
D,DISPATCH,UNIT_SCADA,1,"2019/08/20 08:40:00",MPP_1,425.50
D,DISPATCH,UNIT_SCADA,1,"2019/08/20 08:40:00",MPP_2,431.50
D,DISPATCH,UNIT_SCADA,1,"2019/08/20 08:40:00",MSTUART1,0
D,DISPATCH,UNIT_SCADA,1,"2019/08/20 08:40:00",MSTUART2,0
D,DISPATCH,UNIT_SCADA,1,"2019/08/20 08:40:00",MSTUART3,0
D,DISPATCH,UNIT_SCADA,1,"2019/08/20 08:40:00",MTGELWF1,64.011050
D,DISPATCH,UNIT_SCADA,1,"2019/08/20 08:40:00",MURRAY,1.34
D,DISPATCH,UNIT_SCADA,1,"2019/08/20 08:40:00",MUSSELR1,163.299990
D,DISPATCH,UNIT_SCADA,1,"2019/08/20 08:40:00",MUWAWF1,28.72
D,DISPATCH,UNIT_SCADA,1,"2019/08/20 08:40:00",NBHWF1,70.70
D,DISPATCH,UNIT_SCADA,1,"2019/08/20 08:40:00",NPS,0
D,DISPATCH,UNIT_SCADA,1,"2019/08/20 08:40:00",NUMURSF1,10.95
D,DISPATCH,UNIT_SCADA,1,"2019/08/20 08:40:00",NYNGAN1,55.75
D,DISPATCH,UNIT_SCADA,1,"2019/08/20 08:40:00",OAKEY1,0
D,DISPATCH,UNIT_SCADA,1,"2019/08/20 08:40:00",OAKEY1SF,21.67
D,DISPATCH,UNIT_SCADA,1,"2019/08/20 08:40:00",OAKEY2,0
D,DISPATCH,UNIT_SCADA,1,"2019/08/20 08:40:00",OAKLAND1,60.90
D,DISPATCH,UNIT_SCADA,1,"2019/08/20 08:40:00",OSB-AG,167.289990
D,DISPATCH,UNIT_SCADA,1,"2019/08/20 08:40:00",PARSF1,43.503130
D,DISPATCH,UNIT_SCADA,1,"2019/08/20 08:40:00",POAT110,42.226160
D,DISPATCH,UNIT_SCADA,1,"2019/08/20 08:40:00",POAT220,114.141850
D,DISPATCH,UNIT_SCADA,1,"2019/08/20 08:40:00",POR01,0
D,DISPATCH,UNIT_SCADA,1,"2019/08/20 08:40:00",POR03,0
D,DISPATCH,UNIT_SCADA,1,"2019/08/20 08:40:00",PPCCGT,248.715930
D,DISPATCH,UNIT_SCADA,1,"2019/08/20 08:40:00",PTSTAN1,0
D,DISPATCH,UNIT_SCADA,1,"2019/08/20 08:40:00",PUMP1,0
D,DISPATCH,UNIT_SCADA,1,"2019/08/20 08:40:00",PUMP2,0
D,DISPATCH,UNIT_SCADA,1,"2019/08/20 08:40:00",QPS1,29.10
D,DISPATCH,UNIT_SCADA,1,"2019/08/20 08:40:00",QPS2,0
D,DISPATCH,UNIT_SCADA,1,"2019/08/20 08:40:00",QPS3,24
D,DISPATCH,UNIT_SCADA,1,"2019/08/20 08:40:00",QPS4,0
D,DISPATCH,UNIT_SCADA,1,"2019/08/20 08:40:00",QPS5,125.25
D,DISPATCH,UNIT_SCADA,1,"2019/08/20 08:40:00",REECE1,115.570010
D,DISPATCH,UNIT_SCADA,1,"2019/08/20 08:40:00",REECE2,115.590010
D,DISPATCH,UNIT_SCADA,1,"2019/08/20 08:40:00",ROMA_7,0
D,DISPATCH,UNIT_SCADA,1,"2019/08/20 08:40:00",ROMA_8,38.737170
D,DISPATCH,UNIT_SCADA,1,"2019/08/20 08:40:00",RRSF1,93.532520
D,DISPATCH,UNIT_SCADA,1,"2019/08/20 08:40:00",RT_NSW1,0
D,DISPATCH,UNIT_SCADA,1,"2019/08/20 08:40:00",RT_NSW2,0
D,DISPATCH,UNIT_SCADA,1,"2019/08/20 08:40:00",RT_NSW3,0
D,DISPATCH,UNIT_SCADA,1,"2019/08/20 08:40:00",RT_NSW4,0
D,DISPATCH,UNIT_SCADA,1,"2019/08/20 08:40:00",RT_NSW5,0
D,DISPATCH,UNIT_SCADA,1,"2019/08/20 08:40:00",RT_NSW6,0
D,DISPATCH,UNIT_SCADA,1,"2019/08/20 08:40:00",RT_QLD1,0
D,DISPATCH,UNIT_SCADA,1,"2019/08/20 08:40:00",RT_SA1,0
D,DISPATCH,UNIT_SCADA,1,"2019/08/20 08:40:00",RT_SA2,0
D,DISPATCH,UNIT_SCADA,1,"2019/08/20 08:40:00",RT_SA3,0
D,DISPATCH,UNIT_SCADA,1,"2019/08/20 08:40:00",RT_SA4,0
D,DISPATCH,UNIT_SCADA,1,"2019/08/20 08:40:00",RT_SA5,0
D,DISPATCH,UNIT_SCADA,1,"2019/08/20 08:40:00",RT_SA6,0
D,DISPATCH,UNIT_SCADA,1,"2019/08/20 08:40:00",RT_TAS1,0
D,DISPATCH,UNIT_SCADA,1,"2019/08/20 08:40:00",RT_VIC1,0
D,DISPATCH,UNIT_SCADA,1,"2019/08/20 08:40:00",RT_VIC10,0
D,DISPATCH,UNIT_SCADA,1,"2019/08/20 08:40:00",RT_VIC11,0
D,DISPATCH,UNIT_SCADA,1,"2019/08/20 08:40:00",RT_VIC12,0
D,DISPATCH,UNIT_SCADA,1,"2019/08/20 08:40:00",RT_VIC2,0
D,DISPATCH,UNIT_SCADA,1,"2019/08/20 08:40:00",RT_VIC3,0
D,DISPATCH,UNIT_SCADA,1,"2019/08/20 08:40:00",RT_VIC4,0
D,DISPATCH,UNIT_SCADA,1,"2019/08/20 08:40:00",RT_VIC5,0
D,DISPATCH,UNIT_SCADA,1,"2019/08/20 08:40:00",RT_VIC6,0
D,DISPATCH,UNIT_SCADA,1,"2019/08/20 08:40:00",RT_VIC7,0
D,DISPATCH,UNIT_SCADA,1,"2019/08/20 08:40:00",RT_VIC8,0
D,DISPATCH,UNIT_SCADA,1,"2019/08/20 08:40:00",RT_VIC9,0
D,DISPATCH,UNIT_SCADA,1,"2019/08/20 08:40:00",RUGBYR1,45.0601
D,DISPATCH,UNIT_SCADA,1,"2019/08/20 08:40:00",SALTCRK1,52.59
D,DISPATCH,UNIT_SCADA,1,"2019/08/20 08:40:00",SAPHWF1,79.715610
D,DISPATCH,UNIT_SCADA,1,"2019/08/20 08:40:00",SHGEN,0
D,DISPATCH,UNIT_SCADA,1,"2019/08/20 08:40:00",SHPUMP,0
D,DISPATCH,UNIT_SCADA,1,"2019/08/20 08:40:00",SITHE01,0.083520
D,DISPATCH,UNIT_SCADA,1,"2019/08/20 08:40:00",SMCSF1,44.6296
D,DISPATCH,UNIT_SCADA,1,"2019/08/20 08:40:00",SNOWNTH1,16.40
D,DISPATCH,UNIT_SCADA,1,"2019/08/20 08:40:00",SNOWSTH1,55.10
D,DISPATCH,UNIT_SCADA,1,"2019/08/20 08:40:00",SNOWTWN1,21.458510
D,DISPATCH,UNIT_SCADA,1,"2019/08/20 08:40:00",SNOWYP,0
D,DISPATCH,UNIT_SCADA,1,"2019/08/20 08:40:00",SNUG1,0.019440
D,DISPATCH,UNIT_SCADA,1,"2019/08/20 08:40:00",SRSF1,34.18
D,DISPATCH,UNIT_SCADA,1,"2019/08/20 08:40:00",STAN-1,0
D,DISPATCH,UNIT_SCADA,1,"2019/08/20 08:40:00",STAN-2,278.517970
D,DISPATCH,UNIT_SCADA,1,"2019/08/20 08:40:00",STAN-3,279.069150
D,DISPATCH,UNIT_SCADA,1,"2019/08/20 08:40:00",STAN-4,275.621150
D,DISPATCH,UNIT_SCADA,1,"2019/08/20 08:40:00",STWF1,6.2550
D,DISPATCH,UNIT_SCADA,1,"2019/08/20 08:40:00",SWAN_E,0
D,DISPATCH,UNIT_SCADA,1,"2019/08/20 08:40:00",TALWA1,366
D,DISPATCH,UNIT_SCADA,1,"2019/08/20 08:40:00",TARALGA1,105.824980
D,DISPATCH,UNIT_SCADA,1,"2019/08/20 08:40:00",TARONG#1,298.50
D,DISPATCH,UNIT_SCADA,1,"2019/08/20 08:40:00",TARONG#2,349.600010
D,DISPATCH,UNIT_SCADA,1,"2019/08/20 08:40:00",TARONG#3,260.399990
D,DISPATCH,UNIT_SCADA,1,"2019/08/20 08:40:00",TARONG#4,293.899990
D,DISPATCH,UNIT_SCADA,1,"2019/08/20 08:40:00",TARRALEA,85
D,DISPATCH,UNIT_SCADA,1,"2019/08/20 08:40:00",TBSF1,25.20
D,DISPATCH,UNIT_SCADA,1,"2019/08/20 08:40:00",TNPS1,441.700010
D,DISPATCH,UNIT_SCADA,1,"2019/08/20 08:40:00",TORRA1,85.313540
D,DISPATCH,UNIT_SCADA,1,"2019/08/20 08:40:00",TORRA2,0
D,DISPATCH,UNIT_SCADA,1,"2019/08/20 08:40:00",TORRA3,0
D,DISPATCH,UNIT_SCADA,1,"2019/08/20 08:40:00",TORRA4,0
D,DISPATCH,UNIT_SCADA,1,"2019/08/20 08:40:00",TORRB1,80.34
D,DISPATCH,UNIT_SCADA,1,"2019/08/20 08:40:00",TORRB2,109.80
D,DISPATCH,UNIT_SCADA,1,"2019/08/20 08:40:00",TORRB3,0
D,DISPATCH,UNIT_SCADA,1,"2019/08/20 08:40:00",TORRB4,0
D,DISPATCH,UNIT_SCADA,1,"2019/08/20 08:40:00",TREVALLN,69.830020
D,DISPATCH,UNIT_SCADA,1,"2019/08/20 08:40:00",TRIBUTE,84.78
D,DISPATCH,UNIT_SCADA,1,"2019/08/20 08:40:00",TUMUT3,0
D,DISPATCH,UNIT_SCADA,1,"2019/08/20 08:40:00",TUNGATIN,134.180020
D,DISPATCH,UNIT_SCADA,1,"2019/08/20 08:40:00",TVCC201,0
D,DISPATCH,UNIT_SCADA,1,"2019/08/20 08:40:00",TVPP104,0
D,DISPATCH,UNIT_SCADA,1,"2019/08/20 08:40:00",UPPTUMUT,0
D,DISPATCH,UNIT_SCADA,1,"2019/08/20 08:40:00",URANQ11,0
D,DISPATCH,UNIT_SCADA,1,"2019/08/20 08:40:00",URANQ12,0
D,DISPATCH,UNIT_SCADA,1,"2019/08/20 08:40:00",URANQ13,0
D,DISPATCH,UNIT_SCADA,1,"2019/08/20 08:40:00",URANQ14,0
D,DISPATCH,UNIT_SCADA,1,"2019/08/20 08:40:00",VP5,497.225010
D,DISPATCH,UNIT_SCADA,1,"2019/08/20 08:40:00",VP6,517.299990
D,DISPATCH,UNIT_SCADA,1,"2019/08/20 08:40:00",VPGS1,0
D,DISPATCH,UNIT_SCADA,1,"2019/08/20 08:40:00",VPGS2,0
D,DISPATCH,UNIT_SCADA,1,"2019/08/20 08:40:00",VPGS3,0
D,DISPATCH,UNIT_SCADA,1,"2019/08/20 08:40:00",VPGS4,0
D,DISPATCH,UNIT_SCADA,1,"2019/08/20 08:40:00",VPGS5,0
D,DISPATCH,UNIT_SCADA,1,"2019/08/20 08:40:00",VPGS6,0
D,DISPATCH,UNIT_SCADA,1,"2019/08/20 08:40:00",W/HOE#1,0
D,DISPATCH,UNIT_SCADA,1,"2019/08/20 08:40:00",W/HOE#2,0
D,DISPATCH,UNIT_SCADA,1,"2019/08/20 08:40:00",WATERLWF,106.80
D,DISPATCH,UNIT_SCADA,1,"2019/08/20 08:40:00",WEMENSF1,69.10
D,DISPATCH,UNIT_SCADA,1,"2019/08/20 08:40:00",WGWF1,54.10
D,DISPATCH,UNIT_SCADA,1,"2019/08/20 08:40:00",WHITSF1,41.70
D,DISPATCH,UNIT_SCADA,1,"2019/08/20 08:40:00",WKIEWA1,0
D,DISPATCH,UNIT_SCADA,1,"2019/08/20 08:40:00",WKIEWA2,14.60
D,DISPATCH,UNIT_SCADA,1,"2019/08/20 08:40:00",WOODLWN1,44.8830
D,DISPATCH,UNIT_SCADA,1,"2019/08/20 08:40:00",WRSF1,14.45
D,DISPATCH,UNIT_SCADA,1,"2019/08/20 08:40:00",WRWF1,52.982510
D,DISPATCH,UNIT_SCADA,1,"2019/08/20 08:40:00",YABULU,0
D,DISPATCH,UNIT_SCADA,1,"2019/08/20 08:40:00",YABULU2,0
D,DISPATCH,UNIT_SCADA,1,"2019/08/20 08:40:00",YARWUN_1,0
D,DISPATCH,UNIT_SCADA,1,"2019/08/20 08:40:00",YENDWF1,42.15
D,DISPATCH,UNIT_SCADA,1,"2019/08/20 08:40:00",YWPS1,383.207580
D,DISPATCH,UNIT_SCADA,1,"2019/08/20 08:40:00",YWPS2,278.192410
D,DISPATCH,UNIT_SCADA,1,"2019/08/20 08:40:00",YWPS3,0
D,DISPATCH,UNIT_SCADA,1,"2019/08/20 08:40:00",YWPS4,399.189880
C,"END OF REPORT",334
