C,NEMP.WORLD,DISPATCHSCADA,AEMO,PUBLIC,2019/08/22,01:05:09,0000000311847531,DISPATCHSCADA,0000000311847525
I,DISPATCH,UNIT_SCADA,1,SETTLEMENTDATE,DUID,SCADAVALUE
D,DISPATCH,UNIT_SCADA,1,"2019/08/22 01:10:00",BARCSF1,0.70
D,DISPATCH,UNIT_SCADA,1,"2019/08/22 01:10:00",BUTLERSG,9.699999
D,DISPATCH,UNIT_SCADA,1,"2019/08/22 01:10:00",CALL_A_4,0
D,DISPATCH,UNIT_SCADA,1,"2019/08/22 01:10:00",CAPTL_WF,127.732002
D,DISPATCH,UNIT_SCADA,1,"2019/08/22 01:10:00",CATHROCK,22.739998
D,DISPATCH,UNIT_SCADA,1,"2019/08/22 01:10:00",CHALLHWF,46.099998
D,DISPATCH,UNIT_SCADA,1,"2019/08/22 01:10:00",CLOVER,-0.02
D,DISPATCH,UNIT_SCADA,1,"2019/08/22 01:10:00",CLUNY,19.801785
D,DISPATCH,UNIT_SCADA,1,"2019/08/22 01:10:00",CNUNDAWF,40.747536
D,DISPATCH,UNIT_SCADA,1,"2019/08/22 01:10:00",CULLRGWF,30.360001
D,DISPATCH,UNIT_SCADA,1,"2019/08/22 01:10:00",ERGT01,0
D,DISPATCH,UNIT_SCADA,1,"2019/08/22 01:10:00",GB01,0.070698
D,DISPATCH,UNIT_SCADA,1,"2019/08/22 01:10:00",GERMCRK,39.50
D,DISPATCH,UNIT_SCADA,1,"2019/08/22 01:10:00",GRIFSF1,0
D,DISPATCH,UNIT_SCADA,1,"2019/08/22 01:10:00",HUGSF1,-0.2430
D,DISPATCH,UNIT_SCADA,1,"2019/08/22 01:10:00",LKBONNY1,72.072655
D,DISPATCH,UNIT_SCADA,1,"2019/08/22 01:10:00",LRSF1,0.0390
D,DISPATCH,UNIT_SCADA,1,"2019/08/22 01:10:00",MBAHNTH,52.893753
D,DISPATCH,UNIT_SCADA,1,"2019/08/22 01:10:00",MLSP1,0.271001
D,DISPATCH,UNIT_SCADA,1,"2019/08/22 01:10:00",MLWF1,19.68
D,DISPATCH,UNIT_SCADA,1,"2019/08/22 01:10:00",MTMILLAR,11.519150
D,DISPATCH,UNIT_SCADA,1,"2019/08/22 01:10:00",PALOONA,24.959999
D,DISPATCH,UNIT_SCADA,1,"2019/08/22 01:10:00",PIONEER,40.900002
D,DISPATCH,UNIT_SCADA,1,"2019/08/22 01:10:00",PORTWF,137.600006
D,DISPATCH,UNIT_SCADA,1,"2019/08/22 01:10:00",REPULSE,28.650949
D,DISPATCH,UNIT_SCADA,1,"2019/08/22 01:10:00",ROWALLAN,10.3660
D,DISPATCH,UNIT_SCADA,1,"2019/08/22 01:10:00",ROYALLA1,0
D,DISPATCH,UNIT_SCADA,1,"2019/08/22 01:10:00",RPCG,11.50
D,DISPATCH,UNIT_SCADA,1,"2019/08/22 01:10:00",RUBICON,0
D,DISPATCH,UNIT_SCADA,1,"2019/08/22 01:10:00",SATGN1,0
D,DISPATCH,UNIT_SCADA,1,"2019/08/22 01:10:00",SATGS1,0
D,DISPATCH,UNIT_SCADA,1,"2019/08/22 01:10:00",STARHLWF,14.595744
D,DISPATCH,UNIT_SCADA,1,"2019/08/22 01:10:00",WAUBRAWF,179.505997
D,DISPATCH,UNIT_SCADA,1,"2019/08/22 01:10:00",WOOLNTH1,65.830017
D,DISPATCH,UNIT_SCADA,1,"2019/08/22 01:10:00",WPWF,7
D,DISPATCH,UNIT_SCADA,1,"2019/08/22 01:10:00",YAMBUKWF,29.50
D,DISPATCH,UNIT_SCADA,1,"2019/08/22 01:10:00",YSWF1,28.90
D,DISPATCH,UNIT_SCADA,1,"2019/08/22 01:10:00",AGLHAL,0
D,DISPATCH,UNIT_SCADA,1,"2019/08/22 01:10:00",AGLSOM,0
D,DISPATCH,UNIT_SCADA,1,"2019/08/22 01:10:00",ANGAST1,0
D,DISPATCH,UNIT_SCADA,1,"2019/08/22 01:10:00",ARWF1,223.400010
D,DISPATCH,UNIT_SCADA,1,"2019/08/22 01:10:00",BALBG1,0
D,DISPATCH,UNIT_SCADA,1,"2019/08/22 01:10:00",BALBL1,0
D,DISPATCH,UNIT_SCADA,1,"2019/08/22 01:10:00",BALDHWF1,101.0220
D,DISPATCH,UNIT_SCADA,1,"2019/08/22 01:10:00",BANN1,0
D,DISPATCH,UNIT_SCADA,1,"2019/08/22 01:10:00",BARCALDN,0
D,DISPATCH,UNIT_SCADA,1,"2019/08/22 01:10:00",BARRON-1,0
D,DISPATCH,UNIT_SCADA,1,"2019/08/22 01:10:00",BARRON-2,25.96
D,DISPATCH,UNIT_SCADA,1,"2019/08/22 01:10:00",BASTYAN,78.470010
D,DISPATCH,UNIT_SCADA,1,"2019/08/22 01:10:00",BBTHREE1,-2.12
D,DISPATCH,UNIT_SCADA,1,"2019/08/22 01:10:00",BBTHREE2,-2.10
D,DISPATCH,UNIT_SCADA,1,"2019/08/22 01:10:00",BBTHREE3,-1.23
D,DISPATCH,UNIT_SCADA,1,"2019/08/22 01:10:00",BDL01,0
D,DISPATCH,UNIT_SCADA,1,"2019/08/22 01:10:00",BDL02,0
D,DISPATCH,UNIT_SCADA,1,"2019/08/22 01:10:00",BERYLSF1,0
D,DISPATCH,UNIT_SCADA,1,"2019/08/22 01:10:00",BLOWERNG,0
D,DISPATCH,UNIT_SCADA,1,"2019/08/22 01:10:00",BLUFF1,29.70
D,DISPATCH,UNIT_SCADA,1,"2019/08/22 01:10:00",BNGSF1,0
D,DISPATCH,UNIT_SCADA,1,"2019/08/22 01:10:00",BNGSF2,0
D,DISPATCH,UNIT_SCADA,1,"2019/08/22 01:10:00",BOCORWF1,89.09
D,DISPATCH,UNIT_SCADA,1,"2019/08/22 01:10:00",BODWF1,99.772710
D,DISPATCH,UNIT_SCADA,1,"2019/08/22 01:10:00",BRAEMAR1,0
D,DISPATCH,UNIT_SCADA,1,"2019/08/22 01:10:00",BRAEMAR2,0
D,DISPATCH,UNIT_SCADA,1,"2019/08/22 01:10:00",BRAEMAR3,0
D,DISPATCH,UNIT_SCADA,1,"2019/08/22 01:10:00",BRAEMAR5,0
D,DISPATCH,UNIT_SCADA,1,"2019/08/22 01:10:00",BRAEMAR6,0
D,DISPATCH,UNIT_SCADA,1,"2019/08/22 01:10:00",BRAEMAR7,0
D,DISPATCH,UNIT_SCADA,1,"2019/08/22 01:10:00",BROKENH1,0
D,DISPATCH,UNIT_SCADA,1,"2019/08/22 01:10:00",BW01,340.599980
D,DISPATCH,UNIT_SCADA,1,"2019/08/22 01:10:00",BW02,556.799930
D,DISPATCH,UNIT_SCADA,1,"2019/08/22 01:10:00",BW03,448.400020
D,DISPATCH,UNIT_SCADA,1,"2019/08/22 01:10:00",BW04,0
D,DISPATCH,UNIT_SCADA,1,"2019/08/22 01:10:00",CALL_B_1,350.200010
D,DISPATCH,UNIT_SCADA,1,"2019/08/22 01:10:00",CALL_B_2,299.300020
D,DISPATCH,UNIT_SCADA,1,"2019/08/22 01:10:00",CETHANA,98.124630
D,DISPATCH,UNIT_SCADA,1,"2019/08/22 01:10:00",CG1,0
D,DISPATCH,UNIT_SCADA,1,"2019/08/22 01:10:00",CG2,0
D,DISPATCH,UNIT_SCADA,1,"2019/08/22 01:10:00",CG3,0
D,DISPATCH,UNIT_SCADA,1,"2019/08/22 01:10:00",CG4,0
D,DISPATCH,UNIT_SCADA,1,"2019/08/22 01:10:00",CHILDSF1,0.01
D,DISPATCH,UNIT_SCADA,1,"2019/08/22 01:10:00",CLARESF1,0
D,DISPATCH,UNIT_SCADA,1,"2019/08/22 01:10:00",CLEMGPWF,18.585030
D,DISPATCH,UNIT_SCADA,1,"2019/08/22 01:10:00",CLERMSF1,0
D,DISPATCH,UNIT_SCADA,1,"2019/08/22 01:10:00",COLEASF1,0
D,DISPATCH,UNIT_SCADA,1,"2019/08/22 01:10:00",COOPGWF1,29.600890
D,DISPATCH,UNIT_SCADA,1,"2019/08/22 01:10:00",CPP_3,381.700010
D,DISPATCH,UNIT_SCADA,1,"2019/08/22 01:10:00",CPP_4,381.975010
D,DISPATCH,UNIT_SCADA,1,"2019/08/22 01:10:00",CPSA,142.100620
D,DISPATCH,UNIT_SCADA,1,"2019/08/22 01:10:00",CROOKWF2,83.653760
D,DISPATCH,UNIT_SCADA,1,"2019/08/22 01:10:00",CROWLWF1,49.631230
D,DISPATCH,UNIT_SCADA,1,"2019/08/22 01:10:00",CSPVPS1,0.0430
D,DISPATCH,UNIT_SCADA,1,"2019/08/22 01:10:00",DALNTH01,0
D,DISPATCH,UNIT_SCADA,1,"2019/08/22 01:10:00",DALNTHL1,0.0351
D,DISPATCH,UNIT_SCADA,1,"2019/08/22 01:10:00",DARTM1,0
D,DISPATCH,UNIT_SCADA,1,"2019/08/22 01:10:00",DAYDSF1,0
D,DISPATCH,UNIT_SCADA,1,"2019/08/22 01:10:00",DDPS1,0
D,DISPATCH,UNIT_SCADA,1,"2019/08/22 01:10:00",DDSF1,0
D,DISPATCH,UNIT_SCADA,1,"2019/08/22 01:10:00",DEVILS_G,0
D,DISPATCH,UNIT_SCADA,1,"2019/08/22 01:10:00",DG_NSW1,0
D,DISPATCH,UNIT_SCADA,1,"2019/08/22 01:10:00",DG_QLD1,0
D,DISPATCH,UNIT_SCADA,1,"2019/08/22 01:10:00",DG_SA1,0
D,DISPATCH,UNIT_SCADA,1,"2019/08/22 01:10:00",DG_TAS1,0
D,DISPATCH,UNIT_SCADA,1,"2019/08/22 01:10:00",DG_VIC1,0
D,DISPATCH,UNIT_SCADA,1,"2019/08/22 01:10:00",DRYCGT1,0
D,DISPATCH,UNIT_SCADA,1,"2019/08/22 01:10:00",DRYCGT2,0
D,DISPATCH,UNIT_SCADA,1,"2019/08/22 01:10:00",DRYCGT3,0
D,DISPATCH,UNIT_SCADA,1,"2019/08/22 01:10:00",EILDON1,0
D,DISPATCH,UNIT_SCADA,1,"2019/08/22 01:10:00",EILDON2,0
D,DISPATCH,UNIT_SCADA,1,"2019/08/22 01:10:00",EMERASF1,0
D,DISPATCH,UNIT_SCADA,1,"2019/08/22 01:10:00",ER01,345.8999
D,DISPATCH,UNIT_SCADA,1,"2019/08/22 01:10:00",ER02,434.1250
D,DISPATCH,UNIT_SCADA,1,"2019/08/22 01:10:00",ER03,380.799930
D,DISPATCH,UNIT_SCADA,1,"2019/08/22 01:10:00",ER04,350.6250
D,DISPATCH,UNIT_SCADA,1,"2019/08/22 01:10:00",FINLYSF1,0
D,DISPATCH,UNIT_SCADA,1,"2019/08/22 01:10:00",FISHER,45.83
D,DISPATCH,UNIT_SCADA,1,"2019/08/22 01:10:00",GANNBG1,0
D,DISPATCH,UNIT_SCADA,1,"2019/08/22 01:10:00",GANNBL1,5.808490
D,DISPATCH,UNIT_SCADA,1,"2019/08/22 01:10:00",GANNSF1,0
D,DISPATCH,UNIT_SCADA,1,"2019/08/22 01:10:00",GORDON,11.916240
D,DISPATCH,UNIT_SCADA,1,"2019/08/22 01:10:00",GSTONE1,130.20
D,DISPATCH,UNIT_SCADA,1,"2019/08/22 01:10:00",GSTONE2,130.20
D,DISPATCH,UNIT_SCADA,1,"2019/08/22 01:10:00",GSTONE3,131.0750
D,DISPATCH,UNIT_SCADA,1,"2019/08/22 01:10:00",GSTONE4,130.024990
D,DISPATCH,UNIT_SCADA,1,"2019/08/22 01:10:00",GSTONE5,130.3750
D,DISPATCH,UNIT_SCADA,1,"2019/08/22 01:10:00",GSTONE6,0
D,DISPATCH,UNIT_SCADA,1,"2019/08/22 01:10:00",GULLRSF1,0
D,DISPATCH,UNIT_SCADA,1,"2019/08/22 01:10:00",GULLRWF1,155.827640
D,DISPATCH,UNIT_SCADA,1,"2019/08/22 01:10:00",GUNNING1,46.637280
D,DISPATCH,UNIT_SCADA,1,"2019/08/22 01:10:00",GUTHEGA,0
D,DISPATCH,UNIT_SCADA,1,"2019/08/22 01:10:00",HALLWF1,63.16
D,DISPATCH,UNIT_SCADA,1,"2019/08/22 01:10:00",HALLWF2,45.48
D,DISPATCH,UNIT_SCADA,1,"2019/08/22 01:10:00",HAMISF1,0
D,DISPATCH,UNIT_SCADA,1,"2019/08/22 01:10:00",HAUGHT11,0
D,DISPATCH,UNIT_SCADA,1,"2019/08/22 01:10:00",HAYMSF1,0
D,DISPATCH,UNIT_SCADA,1,"2019/08/22 01:10:00",HDWF1,53.90
D,DISPATCH,UNIT_SCADA,1,"2019/08/22 01:10:00",HDWF2,51
D,DISPATCH,UNIT_SCADA,1,"2019/08/22 01:10:00",HDWF3,60.10
D,DISPATCH,UNIT_SCADA,1,"2019/08/22 01:10:00",HPRG1,0
D,DISPATCH,UNIT_SCADA,1,"2019/08/22 01:10:00",HPRL1,9.40
D,DISPATCH,UNIT_SCADA,1,"2019/08/22 01:10:00",HUMENSW,0
D,DISPATCH,UNIT_SCADA,1,"2019/08/22 01:10:00",HUMEV,11.10
D,DISPATCH,UNIT_SCADA,1,"2019/08/22 01:10:00",HVGTS,0
D,DISPATCH,UNIT_SCADA,1,"2019/08/22 01:10:00",JBUTTERS,125.07
D,DISPATCH,UNIT_SCADA,1,"2019/08/22 01:10:00",JLA01,0.50
D,DISPATCH,UNIT_SCADA,1,"2019/08/22 01:10:00",JLA02,0
D,DISPATCH,UNIT_SCADA,1,"2019/08/22 01:10:00",JLA03,0.10
D,DISPATCH,UNIT_SCADA,1,"2019/08/22 01:10:00",JLA04,0.10
D,DISPATCH,UNIT_SCADA,1,"2019/08/22 01:10:00",JLB01,0
D,DISPATCH,UNIT_SCADA,1,"2019/08/22 01:10:00",JLB02,0.10
D,DISPATCH,UNIT_SCADA,1,"2019/08/22 01:10:00",JLB03,0
D,DISPATCH,UNIT_SCADA,1,"2019/08/22 01:10:00",KAREEYA1,21.4925
D,DISPATCH,UNIT_SCADA,1,"2019/08/22 01:10:00",KAREEYA2,21.7350
D,DISPATCH,UNIT_SCADA,1,"2019/08/22 01:10:00",KAREEYA3,0
D,DISPATCH,UNIT_SCADA,1,"2019/08/22 01:10:00",KAREEYA4,21.73
D,DISPATCH,UNIT_SCADA,1,"2019/08/22 01:10:00",KARSF1,0
D,DISPATCH,UNIT_SCADA,1,"2019/08/22 01:10:00",KIATAWF1,30.80
D,DISPATCH,UNIT_SCADA,1,"2019/08/22 01:10:00",KPP_1,0
D,DISPATCH,UNIT_SCADA,1,"2019/08/22 01:10:00",KSP1,0
D,DISPATCH,UNIT_SCADA,1,"2019/08/22 01:10:00",LADBROK1,0
D,DISPATCH,UNIT_SCADA,1,"2019/08/22 01:10:00",LADBROK2,0
D,DISPATCH,UNIT_SCADA,1,"2019/08/22 01:10:00",LD01,402.600040
D,DISPATCH,UNIT_SCADA,1,"2019/08/22 01:10:00",LD02,403.350010
D,DISPATCH,UNIT_SCADA,1,"2019/08/22 01:10:00",LD03,397.893770
D,DISPATCH,UNIT_SCADA,1,"2019/08/22 01:10:00",LD04,374.0625
D,DISPATCH,UNIT_SCADA,1,"2019/08/22 01:10:00",LEM_WIL,86.1802
D,DISPATCH,UNIT_SCADA,1,"2019/08/22 01:10:00",LGAPWF1,20.21
D,DISPATCH,UNIT_SCADA,1,"2019/08/22 01:10:00",LILYSF1,0
D,DISPATCH,UNIT_SCADA,1,"2019/08/22 01:10:00",LI_WY_CA,148.732680
D,DISPATCH,UNIT_SCADA,1,"2019/08/22 01:10:00",LKBONNY2,149.201750
D,DISPATCH,UNIT_SCADA,1,"2019/08/22 01:10:00",LKBONNY3,34.609650
D,DISPATCH,UNIT_SCADA,1,"2019/08/22 01:10:00",LK_ECHO,0
D,DISPATCH,UNIT_SCADA,1,"2019/08/22 01:10:00",LNGS1,0
D,DISPATCH,UNIT_SCADA,1,"2019/08/22 01:10:00",LNGS2,0
D,DISPATCH,UNIT_SCADA,1,"2019/08/22 01:10:00",LONSDALE,0
D,DISPATCH,UNIT_SCADA,1,"2019/08/22 01:10:00",LOYYB1,535.712650
D,DISPATCH,UNIT_SCADA,1,"2019/08/22 01:10:00",LOYYB2,581.954410
D,DISPATCH,UNIT_SCADA,1,"2019/08/22 01:10:00",LYA1,560
D,DISPATCH,UNIT_SCADA,1,"2019/08/22 01:10:00",LYA2,0
D,DISPATCH,UNIT_SCADA,1,"2019/08/22 01:10:00",LYA3,560
D,DISPATCH,UNIT_SCADA,1,"2019/08/22 01:10:00",LYA4,530
D,DISPATCH,UNIT_SCADA,1,"2019/08/22 01:10:00",MACARTH1,376.8913
D,DISPATCH,UNIT_SCADA,1,"2019/08/22 01:10:00",MACKAYGT,0
D,DISPATCH,UNIT_SCADA,1,"2019/08/22 01:10:00",MACKNTSH,85.30
D,DISPATCH,UNIT_SCADA,1,"2019/08/22 01:10:00",MANSLR1,0
D,DISPATCH,UNIT_SCADA,1,"2019/08/22 01:10:00",MCKAY1,0.02
D,DISPATCH,UNIT_SCADA,1,"2019/08/22 01:10:00",MEADOWBK,33.752980
D,DISPATCH,UNIT_SCADA,1,"2019/08/22 01:10:00",MERCER01,125.1030
D,DISPATCH,UNIT_SCADA,1,"2019/08/22 01:10:00",MEWF1,63.555590
D,DISPATCH,UNIT_SCADA,1,"2019/08/22 01:10:00",MINTARO,0
D,DISPATCH,UNIT_SCADA,1,"2019/08/22 01:10:00",MOREESF1,0
D,DISPATCH,UNIT_SCADA,1,"2019/08/22 01:10:00",MORTLK11,0
D,DISPATCH,UNIT_SCADA,1,"2019/08/22 01:10:00",MORTLK12,0
D,DISPATCH,UNIT_SCADA,1,"2019/08/22 01:10:00",MP1,279
D,DISPATCH,UNIT_SCADA,1,"2019/08/22 01:10:00",MP2,0
D,DISPATCH,UNIT_SCADA,1,"2019/08/22 01:10:00",MPP_1,409
D,DISPATCH,UNIT_SCADA,1,"2019/08/22 01:10:00",MPP_2,411
D,DISPATCH,UNIT_SCADA,1,"2019/08/22 01:10:00",MSTUART1,0
D,DISPATCH,UNIT_SCADA,1,"2019/08/22 01:10:00",MSTUART2,0
D,DISPATCH,UNIT_SCADA,1,"2019/08/22 01:10:00",MSTUART3,0
D,DISPATCH,UNIT_SCADA,1,"2019/08/22 01:10:00",MTGELWF1,63.953060
D,DISPATCH,UNIT_SCADA,1,"2019/08/22 01:10:00",MURRAY,0
D,DISPATCH,UNIT_SCADA,1,"2019/08/22 01:10:00",MUSSELR1,152.50
D,DISPATCH,UNIT_SCADA,1,"2019/08/22 01:10:00",MUWAWF1,57.6940
D,DISPATCH,UNIT_SCADA,1,"2019/08/22 01:10:00",NBHWF1,69.100010
D,DISPATCH,UNIT_SCADA,1,"2019/08/22 01:10:00",NPS,0
D,DISPATCH,UNIT_SCADA,1,"2019/08/22 01:10:00",NUMURSF1,0
D,DISPATCH,UNIT_SCADA,1,"2019/08/22 01:10:00",NYNGAN1,0
D,DISPATCH,UNIT_SCADA,1,"2019/08/22 01:10:00",OAKEY1,0
D,DISPATCH,UNIT_SCADA,1,"2019/08/22 01:10:00",OAKEY1SF,0
D,DISPATCH,UNIT_SCADA,1,"2019/08/22 01:10:00",OAKEY2,0
D,DISPATCH,UNIT_SCADA,1,"2019/08/22 01:10:00",OAKLAND1,62.20
D,DISPATCH,UNIT_SCADA,1,"2019/08/22 01:10:00",OSB-AG,0
D,DISPATCH,UNIT_SCADA,1,"2019/08/22 01:10:00",PARSF1,0
D,DISPATCH,UNIT_SCADA,1,"2019/08/22 01:10:00",POAT110,0
D,DISPATCH,UNIT_SCADA,1,"2019/08/22 01:10:00",POAT220,1.01
D,DISPATCH,UNIT_SCADA,1,"2019/08/22 01:10:00",POR01,0
D,DISPATCH,UNIT_SCADA,1,"2019/08/22 01:10:00",POR03,0
D,DISPATCH,UNIT_SCADA,1,"2019/08/22 01:10:00",PPCCGT,172.8811
D,DISPATCH,UNIT_SCADA,1,"2019/08/22 01:10:00",PTSTAN1,0
D,DISPATCH,UNIT_SCADA,1,"2019/08/22 01:10:00",PUMP1,0
D,DISPATCH,UNIT_SCADA,1,"2019/08/22 01:10:00",PUMP2,0
D,DISPATCH,UNIT_SCADA,1,"2019/08/22 01:10:00",QPS1,0
D,DISPATCH,UNIT_SCADA,1,"2019/08/22 01:10:00",QPS2,0
D,DISPATCH,UNIT_SCADA,1,"2019/08/22 01:10:00",QPS3,0
D,DISPATCH,UNIT_SCADA,1,"2019/08/22 01:10:00",QPS4,0
D,DISPATCH,UNIT_SCADA,1,"2019/08/22 01:10:00",QPS5,0
D,DISPATCH,UNIT_SCADA,1,"2019/08/22 01:10:00",REECE1,120.410010
D,DISPATCH,UNIT_SCADA,1,"2019/08/22 01:10:00",REECE2,119.280010
D,DISPATCH,UNIT_SCADA,1,"2019/08/22 01:10:00",ROMA_7,0
D,DISPATCH,UNIT_SCADA,1,"2019/08/22 01:10:00",ROMA_8,0
D,DISPATCH,UNIT_SCADA,1,"2019/08/22 01:10:00",RRSF1,0
D,DISPATCH,UNIT_SCADA,1,"2019/08/22 01:10:00",RT_NSW1,0
D,DISPATCH,UNIT_SCADA,1,"2019/08/22 01:10:00",RT_NSW2,0
D,DISPATCH,UNIT_SCADA,1,"2019/08/22 01:10:00",RT_NSW3,0
D,DISPATCH,UNIT_SCADA,1,"2019/08/22 01:10:00",RT_NSW4,0
D,DISPATCH,UNIT_SCADA,1,"2019/08/22 01:10:00",RT_NSW5,0
D,DISPATCH,UNIT_SCADA,1,"2019/08/22 01:10:00",RT_NSW6,0
D,DISPATCH,UNIT_SCADA,1,"2019/08/22 01:10:00",RT_QLD1,0
D,DISPATCH,UNIT_SCADA,1,"2019/08/22 01:10:00",RT_SA1,0
D,DISPATCH,UNIT_SCADA,1,"2019/08/22 01:10:00",RT_SA2,0
D,DISPATCH,UNIT_SCADA,1,"2019/08/22 01:10:00",RT_SA3,0
D,DISPATCH,UNIT_SCADA,1,"2019/08/22 01:10:00",RT_SA4,0
D,DISPATCH,UNIT_SCADA,1,"2019/08/22 01:10:00",RT_SA5,0
D,DISPATCH,UNIT_SCADA,1,"2019/08/22 01:10:00",RT_SA6,0
D,DISPATCH,UNIT_SCADA,1,"2019/08/22 01:10:00",RT_TAS1,0
D,DISPATCH,UNIT_SCADA,1,"2019/08/22 01:10:00",RT_VIC1,0
D,DISPATCH,UNIT_SCADA,1,"2019/08/22 01:10:00",RT_VIC10,0
D,DISPATCH,UNIT_SCADA,1,"2019/08/22 01:10:00",RT_VIC11,0
D,DISPATCH,UNIT_SCADA,1,"2019/08/22 01:10:00",RT_VIC12,0
D,DISPATCH,UNIT_SCADA,1,"2019/08/22 01:10:00",RT_VIC2,0
D,DISPATCH,UNIT_SCADA,1,"2019/08/22 01:10:00",RT_VIC3,0
D,DISPATCH,UNIT_SCADA,1,"2019/08/22 01:10:00",RT_VIC4,0
D,DISPATCH,UNIT_SCADA,1,"2019/08/22 01:10:00",RT_VIC5,0
D,DISPATCH,UNIT_SCADA,1,"2019/08/22 01:10:00",RT_VIC6,0
D,DISPATCH,UNIT_SCADA,1,"2019/08/22 01:10:00",RT_VIC7,0
D,DISPATCH,UNIT_SCADA,1,"2019/08/22 01:10:00",RT_VIC8,0
D,DISPATCH,UNIT_SCADA,1,"2019/08/22 01:10:00",RT_VIC9,0
D,DISPATCH,UNIT_SCADA,1,"2019/08/22 01:10:00",RUGBYR1,0
D,DISPATCH,UNIT_SCADA,1,"2019/08/22 01:10:00",SALTCRK1,51.12
D,DISPATCH,UNIT_SCADA,1,"2019/08/22 01:10:00",SAPHWF1,213.403140
D,DISPATCH,UNIT_SCADA,1,"2019/08/22 01:10:00",SHGEN,0
D,DISPATCH,UNIT_SCADA,1,"2019/08/22 01:10:00",SHPUMP,80.15
D,DISPATCH,UNIT_SCADA,1,"2019/08/22 01:10:00",SITHE01,0.153860
D,DISPATCH,UNIT_SCADA,1,"2019/08/22 01:10:00",SMCSF1,0
D,DISPATCH,UNIT_SCADA,1,"2019/08/22 01:10:00",SNOWNTH1,80
D,DISPATCH,UNIT_SCADA,1,"2019/08/22 01:10:00",SNOWSTH1,61.10
D,DISPATCH,UNIT_SCADA,1,"2019/08/22 01:10:00",SNOWTWN1,58.233320
D,DISPATCH,UNIT_SCADA,1,"2019/08/22 01:10:00",SNOWYP,24.40
D,DISPATCH,UNIT_SCADA,1,"2019/08/22 01:10:00",SNUG1,0.019440
D,DISPATCH,UNIT_SCADA,1,"2019/08/22 01:10:00",SRSF1,0.44
D,DISPATCH,UNIT_SCADA,1,"2019/08/22 01:10:00",STAN-1,0
D,DISPATCH,UNIT_SCADA,1,"2019/08/22 01:10:00",STAN-2,174.924510
D,DISPATCH,UNIT_SCADA,1,"2019/08/22 01:10:00",STAN-3,218.889570
D,DISPATCH,UNIT_SCADA,1,"2019/08/22 01:10:00",STAN-4,191.869640
D,DISPATCH,UNIT_SCADA,1,"2019/08/22 01:10:00",STWF1,169.593770
D,DISPATCH,UNIT_SCADA,1,"2019/08/22 01:10:00",SWAN_E,0
D,DISPATCH,UNIT_SCADA,1,"2019/08/22 01:10:00",TALWA1,190
D,DISPATCH,UNIT_SCADA,1,"2019/08/22 01:10:00",TARALGA1,96.217480
D,DISPATCH,UNIT_SCADA,1,"2019/08/22 01:10:00",TARONG#1,274.600010
D,DISPATCH,UNIT_SCADA,1,"2019/08/22 01:10:00",TARONG#2,224.80
D,DISPATCH,UNIT_SCADA,1,"2019/08/22 01:10:00",TARONG#3,260.899990
D,DISPATCH,UNIT_SCADA,1,"2019/08/22 01:10:00",TARONG#4,280.600010
D,DISPATCH,UNIT_SCADA,1,"2019/08/22 01:10:00",TARRALEA,83.90
D,DISPATCH,UNIT_SCADA,1,"2019/08/22 01:10:00",TBSF1,-0.20
D,DISPATCH,UNIT_SCADA,1,"2019/08/22 01:10:00",TNPS1,399.400020
D,DISPATCH,UNIT_SCADA,1,"2019/08/22 01:10:00",TORRA1,44.921520
D,DISPATCH,UNIT_SCADA,1,"2019/08/22 01:10:00",TORRA2,0
D,DISPATCH,UNIT_SCADA,1,"2019/08/22 01:10:00",TORRA3,0
D,DISPATCH,UNIT_SCADA,1,"2019/08/22 01:10:00",TORRA4,0
D,DISPATCH,UNIT_SCADA,1,"2019/08/22 01:10:00",TORRB1,40.47
D,DISPATCH,UNIT_SCADA,1,"2019/08/22 01:10:00",TORRB2,40.41
D,DISPATCH,UNIT_SCADA,1,"2019/08/22 01:10:00",TORRB3,0
D,DISPATCH,UNIT_SCADA,1,"2019/08/22 01:10:00",TORRB4,0
D,DISPATCH,UNIT_SCADA,1,"2019/08/22 01:10:00",TREVALLN,1.30
D,DISPATCH,UNIT_SCADA,1,"2019/08/22 01:10:00",TRIBUTE,84.95
D,DISPATCH,UNIT_SCADA,1,"2019/08/22 01:10:00",TUMUT3,0
D,DISPATCH,UNIT_SCADA,1,"2019/08/22 01:10:00",TUNGATIN,4.40
D,DISPATCH,UNIT_SCADA,1,"2019/08/22 01:10:00",TVCC201,0
D,DISPATCH,UNIT_SCADA,1,"2019/08/22 01:10:00",TVPP104,0
D,DISPATCH,UNIT_SCADA,1,"2019/08/22 01:10:00",UPPTUMUT,0
D,DISPATCH,UNIT_SCADA,1,"2019/08/22 01:10:00",URANQ11,0
D,DISPATCH,UNIT_SCADA,1,"2019/08/22 01:10:00",URANQ12,0
D,DISPATCH,UNIT_SCADA,1,"2019/08/22 01:10:00",URANQ13,0
D,DISPATCH,UNIT_SCADA,1,"2019/08/22 01:10:00",URANQ14,0
D,DISPATCH,UNIT_SCADA,1,"2019/08/22 01:10:00",VP5,376.350010
D,DISPATCH,UNIT_SCADA,1,"2019/08/22 01:10:00",VP6,371.950010
D,DISPATCH,UNIT_SCADA,1,"2019/08/22 01:10:00",VPGS1,0
D,DISPATCH,UNIT_SCADA,1,"2019/08/22 01:10:00",VPGS2,0
D,DISPATCH,UNIT_SCADA,1,"2019/08/22 01:10:00",VPGS3,0
D,DISPATCH,UNIT_SCADA,1,"2019/08/22 01:10:00",VPGS4,0
D,DISPATCH,UNIT_SCADA,1,"2019/08/22 01:10:00",VPGS5,0
D,DISPATCH,UNIT_SCADA,1,"2019/08/22 01:10:00",VPGS6,0
D,DISPATCH,UNIT_SCADA,1,"2019/08/22 01:10:00",W/HOE#1,0
D,DISPATCH,UNIT_SCADA,1,"2019/08/22 01:10:00",W/HOE#2,0
D,DISPATCH,UNIT_SCADA,1,"2019/08/22 01:10:00",WATERLWF,107.90
D,DISPATCH,UNIT_SCADA,1,"2019/08/22 01:10:00",WEMENSF1,0
D,DISPATCH,UNIT_SCADA,1,"2019/08/22 01:10:00",WGWF1,65.20
D,DISPATCH,UNIT_SCADA,1,"2019/08/22 01:10:00",WHITSF1,0
D,DISPATCH,UNIT_SCADA,1,"2019/08/22 01:10:00",WKIEWA1,25.90
D,DISPATCH,UNIT_SCADA,1,"2019/08/22 01:10:00",WKIEWA2,30.80
D,DISPATCH,UNIT_SCADA,1,"2019/08/22 01:10:00",WOODLWN1,44.7930
D,DISPATCH,UNIT_SCADA,1,"2019/08/22 01:10:00",WRSF1,0
D,DISPATCH,UNIT_SCADA,1,"2019/08/22 01:10:00",WRWF1,144.3575
D,DISPATCH,UNIT_SCADA,1,"2019/08/22 01:10:00",YABULU,0
D,DISPATCH,UNIT_SCADA,1,"2019/08/22 01:10:00",YABULU2,0
D,DISPATCH,UNIT_SCADA,1,"2019/08/22 01:10:00",YARWUN_1,103.24
D,DISPATCH,UNIT_SCADA,1,"2019/08/22 01:10:00",YENDWF1,41.92
D,DISPATCH,UNIT_SCADA,1,"2019/08/22 01:10:00",YWPS1,298.493680
D,DISPATCH,UNIT_SCADA,1,"2019/08/22 01:10:00",YWPS2,280.448090
D,DISPATCH,UNIT_SCADA,1,"2019/08/22 01:10:00",YWPS3,0
D,DISPATCH,UNIT_SCADA,1,"2019/08/22 01:10:00",YWPS4,395.237980
C,"END OF REPORT",334
