C,NEMP.WORLD,DISPATCHSCADA,AEMO,PUBLIC,2019/09/04,23:40:08,0000000312400847,DISPATCHSCADA,0000000312400841
I,DISPATCH,UNIT_SCADA,1,SETTLEMENTDATE,DUID,SCADAVALUE
D,DISPATCH,UNIT_SCADA,1,"2019/09/04 23:45:00",BARCSF1,0
D,DISPATCH,UNIT_SCADA,1,"2019/09/04 23:45:00",BUTLERSG,10.199999
D,DISPATCH,UNIT_SCADA,1,"2019/09/04 23:45:00",CALL_A_4,0
D,DISPATCH,UNIT_SCADA,1,"2019/09/04 23:45:00",CAPTL_WF,22.872002
D,DISPATCH,UNIT_SCADA,1,"2019/09/04 23:45:00",CATHROCK,0
D,DISPATCH,UNIT_SCADA,1,"2019/09/04 23:45:00",CHALLHWF,0
D,DISPATCH,UNIT_SCADA,1,"2019/09/04 23:45:00",CLOVER,-0.01
D,DISPATCH,UNIT_SCADA,1,"2019/09/04 23:45:00",CLUNY,10.048524
D,DISPATCH,UNIT_SCADA,1,"2019/09/04 23:45:00",CNUNDAWF,4.805606
D,DISPATCH,UNIT_SCADA,1,"2019/09/04 23:45:00",CULLRGWF,13.62
D,DISPATCH,UNIT_SCADA,1,"2019/09/04 23:45:00",ERGT01,0
D,DISPATCH,UNIT_SCADA,1,"2019/09/04 23:45:00",GB01,0.015362
D,DISPATCH,UNIT_SCADA,1,"2019/09/04 23:45:00",GERMCRK,39.099998
D,DISPATCH,UNIT_SCADA,1,"2019/09/04 23:45:00",GRIFSF1,0
D,DISPATCH,UNIT_SCADA,1,"2019/09/04 23:45:00",HUGSF1,-0.19
D,DISPATCH,UNIT_SCADA,1,"2019/09/04 23:45:00",LKBONNY1,10.091958
D,DISPATCH,UNIT_SCADA,1,"2019/09/04 23:45:00",LRSF1,-0.0310
D,DISPATCH,UNIT_SCADA,1,"2019/09/04 23:45:00",MBAHNTH,45.824997
D,DISPATCH,UNIT_SCADA,1,"2019/09/04 23:45:00",MLSP1,0.366001
D,DISPATCH,UNIT_SCADA,1,"2019/09/04 23:45:00",MLWF1,1.71
D,DISPATCH,UNIT_SCADA,1,"2019/09/04 23:45:00",MTMILLAR,4.144811
D,DISPATCH,UNIT_SCADA,1,"2019/09/04 23:45:00",PALOONA,16.73
D,DISPATCH,UNIT_SCADA,1,"2019/09/04 23:45:00",PIONEER,26.700001
D,DISPATCH,UNIT_SCADA,1,"2019/09/04 23:45:00",PORTWF,4.60
D,DISPATCH,UNIT_SCADA,1,"2019/09/04 23:45:00",REPULSE,20.179140
D,DISPATCH,UNIT_SCADA,1,"2019/09/04 23:45:00",ROWALLAN,10.3163
D,DISPATCH,UNIT_SCADA,1,"2019/09/04 23:45:00",ROYALLA1,0
D,DISPATCH,UNIT_SCADA,1,"2019/09/04 23:45:00",RPCG,12.90
D,DISPATCH,UNIT_SCADA,1,"2019/09/04 23:45:00",RUBICON,0
D,DISPATCH,UNIT_SCADA,1,"2019/09/04 23:45:00",SATGN1,0
D,DISPATCH,UNIT_SCADA,1,"2019/09/04 23:45:00",SATGS1,0
D,DISPATCH,UNIT_SCADA,1,"2019/09/04 23:45:00",STARHLWF,-0.099971
D,DISPATCH,UNIT_SCADA,1,"2019/09/04 23:45:00",WAUBRAWF,0
D,DISPATCH,UNIT_SCADA,1,"2019/09/04 23:45:00",WOOLNTH1,10.710016
D,DISPATCH,UNIT_SCADA,1,"2019/09/04 23:45:00",WPWF,0
D,DISPATCH,UNIT_SCADA,1,"2019/09/04 23:45:00",YAMBUKWF,1.20
D,DISPATCH,UNIT_SCADA,1,"2019/09/04 23:45:00",YSWF1,0
D,DISPATCH,UNIT_SCADA,1,"2019/09/04 23:45:00",AGLHAL,0
D,DISPATCH,UNIT_SCADA,1,"2019/09/04 23:45:00",AGLSOM,120.30
D,DISPATCH,UNIT_SCADA,1,"2019/09/04 23:45:00",ANGAST1,0
D,DISPATCH,UNIT_SCADA,1,"2019/09/04 23:45:00",ARWF1,-0.30
D,DISPATCH,UNIT_SCADA,1,"2019/09/04 23:45:00",BALBG1,0
D,DISPATCH,UNIT_SCADA,1,"2019/09/04 23:45:00",BALBL1,0
D,DISPATCH,UNIT_SCADA,1,"2019/09/04 23:45:00",BALDHWF1,0
D,DISPATCH,UNIT_SCADA,1,"2019/09/04 23:45:00",BANN1,0
D,DISPATCH,UNIT_SCADA,1,"2019/09/04 23:45:00",BARCALDN,0
D,DISPATCH,UNIT_SCADA,1,"2019/09/04 23:45:00",BARRON-1,32.60
D,DISPATCH,UNIT_SCADA,1,"2019/09/04 23:45:00",BARRON-2,0
D,DISPATCH,UNIT_SCADA,1,"2019/09/04 23:45:00",BASTYAN,80.650010
D,DISPATCH,UNIT_SCADA,1,"2019/09/04 23:45:00",BBTHREE1,0
D,DISPATCH,UNIT_SCADA,1,"2019/09/04 23:45:00",BBTHREE2,0
D,DISPATCH,UNIT_SCADA,1,"2019/09/04 23:45:00",BBTHREE3,0
D,DISPATCH,UNIT_SCADA,1,"2019/09/04 23:45:00",BDL01,44.40
D,DISPATCH,UNIT_SCADA,1,"2019/09/04 23:45:00",BDL02,44.58
D,DISPATCH,UNIT_SCADA,1,"2019/09/04 23:45:00",BERYLSF1,0
D,DISPATCH,UNIT_SCADA,1,"2019/09/04 23:45:00",BLOWERNG,11.10
D,DISPATCH,UNIT_SCADA,1,"2019/09/04 23:45:00",BLUFF1,13.30
D,DISPATCH,UNIT_SCADA,1,"2019/09/04 23:45:00",BNGSF1,0
D,DISPATCH,UNIT_SCADA,1,"2019/09/04 23:45:00",BNGSF2,0
D,DISPATCH,UNIT_SCADA,1,"2019/09/04 23:45:00",BOCORWF1,0
D,DISPATCH,UNIT_SCADA,1,"2019/09/04 23:45:00",BODWF1,30.754040
D,DISPATCH,UNIT_SCADA,1,"2019/09/04 23:45:00",BRAEMAR1,0
D,DISPATCH,UNIT_SCADA,1,"2019/09/04 23:45:00",BRAEMAR2,0
D,DISPATCH,UNIT_SCADA,1,"2019/09/04 23:45:00",BRAEMAR3,0
D,DISPATCH,UNIT_SCADA,1,"2019/09/04 23:45:00",BRAEMAR5,0
D,DISPATCH,UNIT_SCADA,1,"2019/09/04 23:45:00",BRAEMAR6,0
D,DISPATCH,UNIT_SCADA,1,"2019/09/04 23:45:00",BRAEMAR7,0
D,DISPATCH,UNIT_SCADA,1,"2019/09/04 23:45:00",BROKENH1,0
D,DISPATCH,UNIT_SCADA,1,"2019/09/04 23:45:00",BW01,536.3750
D,DISPATCH,UNIT_SCADA,1,"2019/09/04 23:45:00",BW02,579.275020
D,DISPATCH,UNIT_SCADA,1,"2019/09/04 23:45:00",BW03,609.599980
D,DISPATCH,UNIT_SCADA,1,"2019/09/04 23:45:00",BW04,0
D,DISPATCH,UNIT_SCADA,1,"2019/09/04 23:45:00",CALL_B_1,349.50
D,DISPATCH,UNIT_SCADA,1,"2019/09/04 23:45:00",CALL_B_2,349.800020
D,DISPATCH,UNIT_SCADA,1,"2019/09/04 23:45:00",CETHANA,80.401630
D,DISPATCH,UNIT_SCADA,1,"2019/09/04 23:45:00",CG1,0
D,DISPATCH,UNIT_SCADA,1,"2019/09/04 23:45:00",CG2,0
D,DISPATCH,UNIT_SCADA,1,"2019/09/04 23:45:00",CG3,0
D,DISPATCH,UNIT_SCADA,1,"2019/09/04 23:45:00",CG4,0
D,DISPATCH,UNIT_SCADA,1,"2019/09/04 23:45:00",CHILDSF1,0
D,DISPATCH,UNIT_SCADA,1,"2019/09/04 23:45:00",CLARESF1,0
D,DISPATCH,UNIT_SCADA,1,"2019/09/04 23:45:00",CLEMGPWF,4.178030
D,DISPATCH,UNIT_SCADA,1,"2019/09/04 23:45:00",CLERMSF1,0
D,DISPATCH,UNIT_SCADA,1,"2019/09/04 23:45:00",COLEASF1,0
D,DISPATCH,UNIT_SCADA,1,"2019/09/04 23:45:00",COOPGWF1,19.779840
D,DISPATCH,UNIT_SCADA,1,"2019/09/04 23:45:00",CPP_3,405.075010
D,DISPATCH,UNIT_SCADA,1,"2019/09/04 23:45:00",CPP_4,405.350010
D,DISPATCH,UNIT_SCADA,1,"2019/09/04 23:45:00",CPSA,143.415010
D,DISPATCH,UNIT_SCADA,1,"2019/09/04 23:45:00",CROOKWF2,54.643750
D,DISPATCH,UNIT_SCADA,1,"2019/09/04 23:45:00",CROWLWF1,-0.228360
D,DISPATCH,UNIT_SCADA,1,"2019/09/04 23:45:00",CSPVPS1,0
D,DISPATCH,UNIT_SCADA,1,"2019/09/04 23:45:00",DALNTH01,0
D,DISPATCH,UNIT_SCADA,1,"2019/09/04 23:45:00",DALNTHL1,0.0412
D,DISPATCH,UNIT_SCADA,1,"2019/09/04 23:45:00",DARTM1,131.50
D,DISPATCH,UNIT_SCADA,1,"2019/09/04 23:45:00",DAYDSF1,0
D,DISPATCH,UNIT_SCADA,1,"2019/09/04 23:45:00",DDPS1,346.582790
D,DISPATCH,UNIT_SCADA,1,"2019/09/04 23:45:00",DDSF1,0
D,DISPATCH,UNIT_SCADA,1,"2019/09/04 23:45:00",DEVILS_G,56.6155
D,DISPATCH,UNIT_SCADA,1,"2019/09/04 23:45:00",DG_NSW1,0
D,DISPATCH,UNIT_SCADA,1,"2019/09/04 23:45:00",DG_QLD1,0
D,DISPATCH,UNIT_SCADA,1,"2019/09/04 23:45:00",DG_SA1,0
D,DISPATCH,UNIT_SCADA,1,"2019/09/04 23:45:00",DG_TAS1,0
D,DISPATCH,UNIT_SCADA,1,"2019/09/04 23:45:00",DG_VIC1,0
D,DISPATCH,UNIT_SCADA,1,"2019/09/04 23:45:00",DRYCGT1,0
D,DISPATCH,UNIT_SCADA,1,"2019/09/04 23:45:00",DRYCGT2,0
D,DISPATCH,UNIT_SCADA,1,"2019/09/04 23:45:00",DRYCGT3,0
D,DISPATCH,UNIT_SCADA,1,"2019/09/04 23:45:00",EILDON1,0
D,DISPATCH,UNIT_SCADA,1,"2019/09/04 23:45:00",EILDON2,0
D,DISPATCH,UNIT_SCADA,1,"2019/09/04 23:45:00",EMERASF1,0
D,DISPATCH,UNIT_SCADA,1,"2019/09/04 23:45:00",ER01,556.674930
D,DISPATCH,UNIT_SCADA,1,"2019/09/04 23:45:00",ER02,666.3999
D,DISPATCH,UNIT_SCADA,1,"2019/09/04 23:45:00",ER03,0
D,DISPATCH,UNIT_SCADA,1,"2019/09/04 23:45:00",ER04,665.324950
D,DISPATCH,UNIT_SCADA,1,"2019/09/04 23:45:00",FINLYSF1,0
D,DISPATCH,UNIT_SCADA,1,"2019/09/04 23:45:00",FISHER,45.81
D,DISPATCH,UNIT_SCADA,1,"2019/09/04 23:45:00",GANNBG1,0
D,DISPATCH,UNIT_SCADA,1,"2019/09/04 23:45:00",GANNBL1,0.032730
D,DISPATCH,UNIT_SCADA,1,"2019/09/04 23:45:00",GANNSF1,0
D,DISPATCH,UNIT_SCADA,1,"2019/09/04 23:45:00",GORDON,0
D,DISPATCH,UNIT_SCADA,1,"2019/09/04 23:45:00",GSTONE1,193.024990
D,DISPATCH,UNIT_SCADA,1,"2019/09/04 23:45:00",GSTONE2,198.974990
D,DISPATCH,UNIT_SCADA,1,"2019/09/04 23:45:00",GSTONE3,0
D,DISPATCH,UNIT_SCADA,1,"2019/09/04 23:45:00",GSTONE4,192.6750
D,DISPATCH,UNIT_SCADA,1,"2019/09/04 23:45:00",GSTONE5,190.5750
D,DISPATCH,UNIT_SCADA,1,"2019/09/04 23:45:00",GSTONE6,189.70
D,DISPATCH,UNIT_SCADA,1,"2019/09/04 23:45:00",GULLRSF1,0
D,DISPATCH,UNIT_SCADA,1,"2019/09/04 23:45:00",GULLRWF1,113.660520
D,DISPATCH,UNIT_SCADA,1,"2019/09/04 23:45:00",GUNNING1,15.024670
D,DISPATCH,UNIT_SCADA,1,"2019/09/04 23:45:00",GUTHEGA,0
D,DISPATCH,UNIT_SCADA,1,"2019/09/04 23:45:00",HALLWF1,32.09
D,DISPATCH,UNIT_SCADA,1,"2019/09/04 23:45:00",HALLWF2,25.37
D,DISPATCH,UNIT_SCADA,1,"2019/09/04 23:45:00",HAMISF1,0
D,DISPATCH,UNIT_SCADA,1,"2019/09/04 23:45:00",HAUGHT11,0
D,DISPATCH,UNIT_SCADA,1,"2019/09/04 23:45:00",HAYMSF1,0
D,DISPATCH,UNIT_SCADA,1,"2019/09/04 23:45:00",HDWF1,82.20
D,DISPATCH,UNIT_SCADA,1,"2019/09/04 23:45:00",HDWF2,78.60
D,DISPATCH,UNIT_SCADA,1,"2019/09/04 23:45:00",HDWF3,68.70
D,DISPATCH,UNIT_SCADA,1,"2019/09/04 23:45:00",HPRG1,0
D,DISPATCH,UNIT_SCADA,1,"2019/09/04 23:45:00",HPRL1,18.30
D,DISPATCH,UNIT_SCADA,1,"2019/09/04 23:45:00",HUMENSW,0
D,DISPATCH,UNIT_SCADA,1,"2019/09/04 23:45:00",HUMEV,24.90
D,DISPATCH,UNIT_SCADA,1,"2019/09/04 23:45:00",HVGTS,0
D,DISPATCH,UNIT_SCADA,1,"2019/09/04 23:45:00",JBUTTERS,16.68
D,DISPATCH,UNIT_SCADA,1,"2019/09/04 23:45:00",JLA01,0.10
D,DISPATCH,UNIT_SCADA,1,"2019/09/04 23:45:00",JLA02,0
D,DISPATCH,UNIT_SCADA,1,"2019/09/04 23:45:00",JLA03,0
D,DISPATCH,UNIT_SCADA,1,"2019/09/04 23:45:00",JLA04,0
D,DISPATCH,UNIT_SCADA,1,"2019/09/04 23:45:00",JLB01,0
D,DISPATCH,UNIT_SCADA,1,"2019/09/04 23:45:00",JLB02,85.40
D,DISPATCH,UNIT_SCADA,1,"2019/09/04 23:45:00",JLB03,0
D,DISPATCH,UNIT_SCADA,1,"2019/09/04 23:45:00",KAREEYA1,21.49
D,DISPATCH,UNIT_SCADA,1,"2019/09/04 23:45:00",KAREEYA2,21.3975
D,DISPATCH,UNIT_SCADA,1,"2019/09/04 23:45:00",KAREEYA3,0
D,DISPATCH,UNIT_SCADA,1,"2019/09/04 23:45:00",KAREEYA4,21.6175
D,DISPATCH,UNIT_SCADA,1,"2019/09/04 23:45:00",KARSF1,0
D,DISPATCH,UNIT_SCADA,1,"2019/09/04 23:45:00",KIATAWF1,-0.30
D,DISPATCH,UNIT_SCADA,1,"2019/09/04 23:45:00",KPP_1,0
D,DISPATCH,UNIT_SCADA,1,"2019/09/04 23:45:00",KSP1,0
D,DISPATCH,UNIT_SCADA,1,"2019/09/04 23:45:00",LADBROK1,42.60
D,DISPATCH,UNIT_SCADA,1,"2019/09/04 23:45:00",LADBROK2,43.01
D,DISPATCH,UNIT_SCADA,1,"2019/09/04 23:45:00",LD01,420.224950
D,DISPATCH,UNIT_SCADA,1,"2019/09/04 23:45:00",LD02,399.600040
D,DISPATCH,UNIT_SCADA,1,"2019/09/04 23:45:00",LD03,419.925050
D,DISPATCH,UNIT_SCADA,1,"2019/09/04 23:45:00",LD04,378.75
D,DISPATCH,UNIT_SCADA,1,"2019/09/04 23:45:00",LEM_WIL,81.6987
D,DISPATCH,UNIT_SCADA,1,"2019/09/04 23:45:00",LGAPWF1,14.67
D,DISPATCH,UNIT_SCADA,1,"2019/09/04 23:45:00",LILYSF1,0
D,DISPATCH,UNIT_SCADA,1,"2019/09/04 23:45:00",LI_WY_CA,163.852540
D,DISPATCH,UNIT_SCADA,1,"2019/09/04 23:45:00",LKBONNY2,22.500090
D,DISPATCH,UNIT_SCADA,1,"2019/09/04 23:45:00",LKBONNY3,7.312680
D,DISPATCH,UNIT_SCADA,1,"2019/09/04 23:45:00",LK_ECHO,0
D,DISPATCH,UNIT_SCADA,1,"2019/09/04 23:45:00",LNGS1,0
D,DISPATCH,UNIT_SCADA,1,"2019/09/04 23:45:00",LNGS2,0
D,DISPATCH,UNIT_SCADA,1,"2019/09/04 23:45:00",LONSDALE,0
D,DISPATCH,UNIT_SCADA,1,"2019/09/04 23:45:00",LOYYB1,535.336730
D,DISPATCH,UNIT_SCADA,1,"2019/09/04 23:45:00",LOYYB2,583.082280
D,DISPATCH,UNIT_SCADA,1,"2019/09/04 23:45:00",LYA1,0
D,DISPATCH,UNIT_SCADA,1,"2019/09/04 23:45:00",LYA2,0
D,DISPATCH,UNIT_SCADA,1,"2019/09/04 23:45:00",LYA3,560
D,DISPATCH,UNIT_SCADA,1,"2019/09/04 23:45:00",LYA4,539
D,DISPATCH,UNIT_SCADA,1,"2019/09/04 23:45:00",MACARTH1,19.299550
D,DISPATCH,UNIT_SCADA,1,"2019/09/04 23:45:00",MACKAYGT,0.2240
D,DISPATCH,UNIT_SCADA,1,"2019/09/04 23:45:00",MACKNTSH,88.850010
D,DISPATCH,UNIT_SCADA,1,"2019/09/04 23:45:00",MANSLR1,0
D,DISPATCH,UNIT_SCADA,1,"2019/09/04 23:45:00",MCKAY1,113.839990
D,DISPATCH,UNIT_SCADA,1,"2019/09/04 23:45:00",MEADOWBK,25.036080
D,DISPATCH,UNIT_SCADA,1,"2019/09/04 23:45:00",MERCER01,1.69
D,DISPATCH,UNIT_SCADA,1,"2019/09/04 23:45:00",MEWF1,83.427330
D,DISPATCH,UNIT_SCADA,1,"2019/09/04 23:45:00",MINTARO,0
D,DISPATCH,UNIT_SCADA,1,"2019/09/04 23:45:00",MOREESF1,0
D,DISPATCH,UNIT_SCADA,1,"2019/09/04 23:45:00",MORTLK11,259
D,DISPATCH,UNIT_SCADA,1,"2019/09/04 23:45:00",MORTLK12,0
D,DISPATCH,UNIT_SCADA,1,"2019/09/04 23:45:00",MP1,219.6250
D,DISPATCH,UNIT_SCADA,1,"2019/09/04 23:45:00",MP2,0
D,DISPATCH,UNIT_SCADA,1,"2019/09/04 23:45:00",MPP_1,399.25
D,DISPATCH,UNIT_SCADA,1,"2019/09/04 23:45:00",MPP_2,434.75
D,DISPATCH,UNIT_SCADA,1,"2019/09/04 23:45:00",MSTUART1,0
D,DISPATCH,UNIT_SCADA,1,"2019/09/04 23:45:00",MSTUART2,0
D,DISPATCH,UNIT_SCADA,1,"2019/09/04 23:45:00",MSTUART3,0
D,DISPATCH,UNIT_SCADA,1,"2019/09/04 23:45:00",MTGELWF1,-0.431840
D,DISPATCH,UNIT_SCADA,1,"2019/09/04 23:45:00",MURRAY,340.209990
D,DISPATCH,UNIT_SCADA,1,"2019/09/04 23:45:00",MUSSELR1,49.90
D,DISPATCH,UNIT_SCADA,1,"2019/09/04 23:45:00",MUWAWF1,-0.05
D,DISPATCH,UNIT_SCADA,1,"2019/09/04 23:45:00",NBHWF1,87.10
D,DISPATCH,UNIT_SCADA,1,"2019/09/04 23:45:00",NPS,302.25
D,DISPATCH,UNIT_SCADA,1,"2019/09/04 23:45:00",NUMURSF1,0
D,DISPATCH,UNIT_SCADA,1,"2019/09/04 23:45:00",NYNGAN1,0
D,DISPATCH,UNIT_SCADA,1,"2019/09/04 23:45:00",OAKEY1,0
D,DISPATCH,UNIT_SCADA,1,"2019/09/04 23:45:00",OAKEY1SF,0
D,DISPATCH,UNIT_SCADA,1,"2019/09/04 23:45:00",OAKEY2,0
D,DISPATCH,UNIT_SCADA,1,"2019/09/04 23:45:00",OAKEY2SF,0
D,DISPATCH,UNIT_SCADA,1,"2019/09/04 23:45:00",OAKLAND1,-0.30
D,DISPATCH,UNIT_SCADA,1,"2019/09/04 23:45:00",OSB-AG,179.72
D,DISPATCH,UNIT_SCADA,1,"2019/09/04 23:45:00",PARSF1,0
D,DISPATCH,UNIT_SCADA,1,"2019/09/04 23:45:00",POAT110,0
D,DISPATCH,UNIT_SCADA,1,"2019/09/04 23:45:00",POAT220,1.27
D,DISPATCH,UNIT_SCADA,1,"2019/09/04 23:45:00",POR01,0
D,DISPATCH,UNIT_SCADA,1,"2019/09/04 23:45:00",POR03,0
D,DISPATCH,UNIT_SCADA,1,"2019/09/04 23:45:00",PPCCGT,481.589260
D,DISPATCH,UNIT_SCADA,1,"2019/09/04 23:45:00",PTSTAN1,0
D,DISPATCH,UNIT_SCADA,1,"2019/09/04 23:45:00",PUMP1,0
D,DISPATCH,UNIT_SCADA,1,"2019/09/04 23:45:00",PUMP2,0
D,DISPATCH,UNIT_SCADA,1,"2019/09/04 23:45:00",QPS1,29
D,DISPATCH,UNIT_SCADA,1,"2019/09/04 23:45:00",QPS2,0
D,DISPATCH,UNIT_SCADA,1,"2019/09/04 23:45:00",QPS3,0
D,DISPATCH,UNIT_SCADA,1,"2019/09/04 23:45:00",QPS4,0
D,DISPATCH,UNIT_SCADA,1,"2019/09/04 23:45:00",QPS5,42.27
D,DISPATCH,UNIT_SCADA,1,"2019/09/04 23:45:00",REECE1,102.800010
D,DISPATCH,UNIT_SCADA,1,"2019/09/04 23:45:00",REECE2,101.95
D,DISPATCH,UNIT_SCADA,1,"2019/09/04 23:45:00",ROMA_7,0
D,DISPATCH,UNIT_SCADA,1,"2019/09/04 23:45:00",ROMA_8,0
D,DISPATCH,UNIT_SCADA,1,"2019/09/04 23:45:00",RRSF1,0
D,DISPATCH,UNIT_SCADA,1,"2019/09/04 23:45:00",RT_NSW1,0
D,DISPATCH,UNIT_SCADA,1,"2019/09/04 23:45:00",RT_NSW2,0
D,DISPATCH,UNIT_SCADA,1,"2019/09/04 23:45:00",RT_NSW3,0
D,DISPATCH,UNIT_SCADA,1,"2019/09/04 23:45:00",RT_NSW4,0
D,DISPATCH,UNIT_SCADA,1,"2019/09/04 23:45:00",RT_NSW5,0
D,DISPATCH,UNIT_SCADA,1,"2019/09/04 23:45:00",RT_NSW6,0
D,DISPATCH,UNIT_SCADA,1,"2019/09/04 23:45:00",RT_QLD1,0
D,DISPATCH,UNIT_SCADA,1,"2019/09/04 23:45:00",RT_SA1,0
D,DISPATCH,UNIT_SCADA,1,"2019/09/04 23:45:00",RT_SA2,0
D,DISPATCH,UNIT_SCADA,1,"2019/09/04 23:45:00",RT_SA3,0
D,DISPATCH,UNIT_SCADA,1,"2019/09/04 23:45:00",RT_SA4,0
D,DISPATCH,UNIT_SCADA,1,"2019/09/04 23:45:00",RT_SA5,0
D,DISPATCH,UNIT_SCADA,1,"2019/09/04 23:45:00",RT_SA6,0
D,DISPATCH,UNIT_SCADA,1,"2019/09/04 23:45:00",RT_TAS1,0
D,DISPATCH,UNIT_SCADA,1,"2019/09/04 23:45:00",RT_VIC1,0
D,DISPATCH,UNIT_SCADA,1,"2019/09/04 23:45:00",RT_VIC10,0
D,DISPATCH,UNIT_SCADA,1,"2019/09/04 23:45:00",RT_VIC11,0
D,DISPATCH,UNIT_SCADA,1,"2019/09/04 23:45:00",RT_VIC12,0
D,DISPATCH,UNIT_SCADA,1,"2019/09/04 23:45:00",RT_VIC2,0
D,DISPATCH,UNIT_SCADA,1,"2019/09/04 23:45:00",RT_VIC3,0
D,DISPATCH,UNIT_SCADA,1,"2019/09/04 23:45:00",RT_VIC4,0
D,DISPATCH,UNIT_SCADA,1,"2019/09/04 23:45:00",RT_VIC5,0
D,DISPATCH,UNIT_SCADA,1,"2019/09/04 23:45:00",RT_VIC6,0
D,DISPATCH,UNIT_SCADA,1,"2019/09/04 23:45:00",RT_VIC7,0
D,DISPATCH,UNIT_SCADA,1,"2019/09/04 23:45:00",RT_VIC8,0
D,DISPATCH,UNIT_SCADA,1,"2019/09/04 23:45:00",RT_VIC9,0
D,DISPATCH,UNIT_SCADA,1,"2019/09/04 23:45:00",RUGBYR1,0
D,DISPATCH,UNIT_SCADA,1,"2019/09/04 23:45:00",SALTCRK1,3.76
D,DISPATCH,UNIT_SCADA,1,"2019/09/04 23:45:00",SAPHWF1,38.043730
D,DISPATCH,UNIT_SCADA,1,"2019/09/04 23:45:00",SHGEN,0
D,DISPATCH,UNIT_SCADA,1,"2019/09/04 23:45:00",SHPUMP,159.174320
D,DISPATCH,UNIT_SCADA,1,"2019/09/04 23:45:00",SITHE01,0.214140
D,DISPATCH,UNIT_SCADA,1,"2019/09/04 23:45:00",SMCSF1,0
D,DISPATCH,UNIT_SCADA,1,"2019/09/04 23:45:00",SNOWNTH1,6.50
D,DISPATCH,UNIT_SCADA,1,"2019/09/04 23:45:00",SNOWSTH1,14.70
D,DISPATCH,UNIT_SCADA,1,"2019/09/04 23:45:00",SNOWTWN1,8.083610
D,DISPATCH,UNIT_SCADA,1,"2019/09/04 23:45:00",SNOWYP,0
D,DISPATCH,UNIT_SCADA,1,"2019/09/04 23:45:00",SNUG1,0.019440
D,DISPATCH,UNIT_SCADA,1,"2019/09/04 23:45:00",SRSF1,0
D,DISPATCH,UNIT_SCADA,1,"2019/09/04 23:45:00",STAN-1,220.799420
D,DISPATCH,UNIT_SCADA,1,"2019/09/04 23:45:00",STAN-2,299.526340
D,DISPATCH,UNIT_SCADA,1,"2019/09/04 23:45:00",STAN-3,298.167660
D,DISPATCH,UNIT_SCADA,1,"2019/09/04 23:45:00",STAN-4,296.039920
D,DISPATCH,UNIT_SCADA,1,"2019/09/04 23:45:00",STWF1,170.257510
D,DISPATCH,UNIT_SCADA,1,"2019/09/04 23:45:00",SWAN_E,0
D,DISPATCH,UNIT_SCADA,1,"2019/09/04 23:45:00",TALWA1,408
D,DISPATCH,UNIT_SCADA,1,"2019/09/04 23:45:00",TARALGA1,84.633740
D,DISPATCH,UNIT_SCADA,1,"2019/09/04 23:45:00",TARONG#1,348.700010
D,DISPATCH,UNIT_SCADA,1,"2019/09/04 23:45:00",TARONG#2,0
D,DISPATCH,UNIT_SCADA,1,"2019/09/04 23:45:00",TARONG#3,279.800020
D,DISPATCH,UNIT_SCADA,1,"2019/09/04 23:45:00",TARONG#4,348.800020
D,DISPATCH,UNIT_SCADA,1,"2019/09/04 23:45:00",TARRALEA,71.10
D,DISPATCH,UNIT_SCADA,1,"2019/09/04 23:45:00",TBSF1,-0.20
D,DISPATCH,UNIT_SCADA,1,"2019/09/04 23:45:00",TNPS1,379.600010
D,DISPATCH,UNIT_SCADA,1,"2019/09/04 23:45:00",TORRA1,67.1488
D,DISPATCH,UNIT_SCADA,1,"2019/09/04 23:45:00",TORRA2,0
D,DISPATCH,UNIT_SCADA,1,"2019/09/04 23:45:00",TORRA3,0
D,DISPATCH,UNIT_SCADA,1,"2019/09/04 23:45:00",TORRA4,63.966790
D,DISPATCH,UNIT_SCADA,1,"2019/09/04 23:45:00",TORRB1,108.07
D,DISPATCH,UNIT_SCADA,1,"2019/09/04 23:45:00",TORRB2,107.75
D,DISPATCH,UNIT_SCADA,1,"2019/09/04 23:45:00",TORRB3,107.19
D,DISPATCH,UNIT_SCADA,1,"2019/09/04 23:45:00",TORRB4,0
D,DISPATCH,UNIT_SCADA,1,"2019/09/04 23:45:00",TREVALLN,18.10
D,DISPATCH,UNIT_SCADA,1,"2019/09/04 23:45:00",TRIBUTE,0
D,DISPATCH,UNIT_SCADA,1,"2019/09/04 23:45:00",TUMUT3,0
D,DISPATCH,UNIT_SCADA,1,"2019/09/04 23:45:00",TUNGATIN,123.560030
D,DISPATCH,UNIT_SCADA,1,"2019/09/04 23:45:00",TVCC201,0
D,DISPATCH,UNIT_SCADA,1,"2019/09/04 23:45:00",TVPP104,0
D,DISPATCH,UNIT_SCADA,1,"2019/09/04 23:45:00",UPPTUMUT,0
D,DISPATCH,UNIT_SCADA,1,"2019/09/04 23:45:00",URANQ11,0
D,DISPATCH,UNIT_SCADA,1,"2019/09/04 23:45:00",URANQ12,0
D,DISPATCH,UNIT_SCADA,1,"2019/09/04 23:45:00",URANQ13,0
D,DISPATCH,UNIT_SCADA,1,"2019/09/04 23:45:00",URANQ14,0
D,DISPATCH,UNIT_SCADA,1,"2019/09/04 23:45:00",VP5,622.924990
D,DISPATCH,UNIT_SCADA,1,"2019/09/04 23:45:00",VP6,0
D,DISPATCH,UNIT_SCADA,1,"2019/09/04 23:45:00",VPGS1,0
D,DISPATCH,UNIT_SCADA,1,"2019/09/04 23:45:00",VPGS2,0
D,DISPATCH,UNIT_SCADA,1,"2019/09/04 23:45:00",VPGS3,0
D,DISPATCH,UNIT_SCADA,1,"2019/09/04 23:45:00",VPGS4,0
D,DISPATCH,UNIT_SCADA,1,"2019/09/04 23:45:00",VPGS5,0
D,DISPATCH,UNIT_SCADA,1,"2019/09/04 23:45:00",VPGS6,0
D,DISPATCH,UNIT_SCADA,1,"2019/09/04 23:45:00",W/HOE#1,0
D,DISPATCH,UNIT_SCADA,1,"2019/09/04 23:45:00",W/HOE#2,0
D,DISPATCH,UNIT_SCADA,1,"2019/09/04 23:45:00",WATERLWF,9.10
D,DISPATCH,UNIT_SCADA,1,"2019/09/04 23:45:00",WEMENSF1,0
D,DISPATCH,UNIT_SCADA,1,"2019/09/04 23:45:00",WGWF1,39.80
D,DISPATCH,UNIT_SCADA,1,"2019/09/04 23:45:00",WHITSF1,0
D,DISPATCH,UNIT_SCADA,1,"2019/09/04 23:45:00",WKIEWA1,13.40
D,DISPATCH,UNIT_SCADA,1,"2019/09/04 23:45:00",WKIEWA2,13.70
D,DISPATCH,UNIT_SCADA,1,"2019/09/04 23:45:00",WOODLWN1,19.350010
D,DISPATCH,UNIT_SCADA,1,"2019/09/04 23:45:00",WRSF1,0
D,DISPATCH,UNIT_SCADA,1,"2019/09/04 23:45:00",WRWF1,53.6550
D,DISPATCH,UNIT_SCADA,1,"2019/09/04 23:45:00",YABULU,0
D,DISPATCH,UNIT_SCADA,1,"2019/09/04 23:45:00",YABULU2,0
D,DISPATCH,UNIT_SCADA,1,"2019/09/04 23:45:00",YARWUN_1,159.50
D,DISPATCH,UNIT_SCADA,1,"2019/09/04 23:45:00",YENDWF1,-0.42
D,DISPATCH,UNIT_SCADA,1,"2019/09/04 23:45:00",YWPS1,381.453160
D,DISPATCH,UNIT_SCADA,1,"2019/09/04 23:45:00",YWPS2,278.192410
D,DISPATCH,UNIT_SCADA,1,"2019/09/04 23:45:00",YWPS3,154.454440
D,DISPATCH,UNIT_SCADA,1,"2019/09/04 23:45:00",YWPS4,386.769620
C,"END OF REPORT",335
