C,NEMP.WORLD,DISPATCHSCADA,AEMO,PUBLIC,2019/08/20,07:15:07,0000000311776348,DISPATCHSCADA,0000000311776342
I,DISPATCH,UNIT_SCADA,1,SETTLEMENTDATE,DUID,SCADAVALUE
D,DISPATCH,UNIT_SCADA,1,"2019/08/20 07:20:00",BARCSF1,1.40
D,DISPATCH,UNIT_SCADA,1,"2019/08/20 07:20:00",BUTLERSG,9.699999
D,DISPATCH,UNIT_SCADA,1,"2019/08/20 07:20:00",CALL_A_4,0
D,DISPATCH,UNIT_SCADA,1,"2019/08/20 07:20:00",CAPTL_WF,117.048004
D,DISPATCH,UNIT_SCADA,1,"2019/08/20 07:20:00",CATHROCK,50.479996
D,DISPATCH,UNIT_SCADA,1,"2019/08/20 07:20:00",CHALLHWF,17.40
D,DISPATCH,UNIT_SCADA,1,"2019/08/20 07:20:00",CLOVER,-0.01
D,DISPATCH,UNIT_SCADA,1,"2019/08/20 07:20:00",CLUNY,15.830167
D,DISPATCH,UNIT_SCADA,1,"2019/08/20 07:20:00",CNUNDAWF,38.845314
D,DISPATCH,UNIT_SCADA,1,"2019/08/20 07:20:00",CULLRGWF,30.450001
D,DISPATCH,UNIT_SCADA,1,"2019/08/20 07:20:00",ERGT01,0
D,DISPATCH,UNIT_SCADA,1,"2019/08/20 07:20:00",GB01,0.055264
D,DISPATCH,UNIT_SCADA,1,"2019/08/20 07:20:00",GERMCRK,39.200001
D,DISPATCH,UNIT_SCADA,1,"2019/08/20 07:20:00",GRIFSF1,1.800003
D,DISPATCH,UNIT_SCADA,1,"2019/08/20 07:20:00",HUGSF1,0.8680
D,DISPATCH,UNIT_SCADA,1,"2019/08/20 07:20:00",LKBONNY1,65.285141
D,DISPATCH,UNIT_SCADA,1,"2019/08/20 07:20:00",LRSF1,2.1740
D,DISPATCH,UNIT_SCADA,1,"2019/08/20 07:20:00",MBAHNTH,59.006256
D,DISPATCH,UNIT_SCADA,1,"2019/08/20 07:20:00",MLSP1,0.704001
D,DISPATCH,UNIT_SCADA,1,"2019/08/20 07:20:00",MLWF1,19.559999
D,DISPATCH,UNIT_SCADA,1,"2019/08/20 07:20:00",MTMILLAR,19.183701
D,DISPATCH,UNIT_SCADA,1,"2019/08/20 07:20:00",PALOONA,23.60
D,DISPATCH,UNIT_SCADA,1,"2019/08/20 07:20:00",PIONEER,10.70
D,DISPATCH,UNIT_SCADA,1,"2019/08/20 07:20:00",PORTWF,138.300003
D,DISPATCH,UNIT_SCADA,1,"2019/08/20 07:20:00",REPULSE,28.853590
D,DISPATCH,UNIT_SCADA,1,"2019/08/20 07:20:00",ROWALLAN,9.7767
D,DISPATCH,UNIT_SCADA,1,"2019/08/20 07:20:00",ROYALLA1,2.6760
D,DISPATCH,UNIT_SCADA,1,"2019/08/20 07:20:00",RPCG,14.10
D,DISPATCH,UNIT_SCADA,1,"2019/08/20 07:20:00",RUBICON,0
D,DISPATCH,UNIT_SCADA,1,"2019/08/20 07:20:00",SATGN1,0
D,DISPATCH,UNIT_SCADA,1,"2019/08/20 07:20:00",SATGS1,0
D,DISPATCH,UNIT_SCADA,1,"2019/08/20 07:20:00",STARHLWF,11.196735
D,DISPATCH,UNIT_SCADA,1,"2019/08/20 07:20:00",WAUBRAWF,92.984001
D,DISPATCH,UNIT_SCADA,1,"2019/08/20 07:20:00",WOOLNTH1,131.300018
D,DISPATCH,UNIT_SCADA,1,"2019/08/20 07:20:00",WPWF,39
D,DISPATCH,UNIT_SCADA,1,"2019/08/20 07:20:00",YAMBUKWF,15.20
D,DISPATCH,UNIT_SCADA,1,"2019/08/20 07:20:00",YSWF1,28.299999
D,DISPATCH,UNIT_SCADA,1,"2019/08/20 07:20:00",AGLHAL,0
D,DISPATCH,UNIT_SCADA,1,"2019/08/20 07:20:00",AGLSOM,0
D,DISPATCH,UNIT_SCADA,1,"2019/08/20 07:20:00",ANGAST1,0
D,DISPATCH,UNIT_SCADA,1,"2019/08/20 07:20:00",ARWF1,38
D,DISPATCH,UNIT_SCADA,1,"2019/08/20 07:20:00",BALBG1,0
D,DISPATCH,UNIT_SCADA,1,"2019/08/20 07:20:00",BALBL1,0
D,DISPATCH,UNIT_SCADA,1,"2019/08/20 07:20:00",BALDHWF1,102.8910
D,DISPATCH,UNIT_SCADA,1,"2019/08/20 07:20:00",BANN1,0.61
D,DISPATCH,UNIT_SCADA,1,"2019/08/20 07:20:00",BARCALDN,0
D,DISPATCH,UNIT_SCADA,1,"2019/08/20 07:20:00",BARRON-1,0
D,DISPATCH,UNIT_SCADA,1,"2019/08/20 07:20:00",BARRON-2,27.80
D,DISPATCH,UNIT_SCADA,1,"2019/08/20 07:20:00",BASTYAN,80.27
D,DISPATCH,UNIT_SCADA,1,"2019/08/20 07:20:00",BBTHREE1,-1.97
D,DISPATCH,UNIT_SCADA,1,"2019/08/20 07:20:00",BBTHREE2,-2.07
D,DISPATCH,UNIT_SCADA,1,"2019/08/20 07:20:00",BBTHREE3,-1.05
D,DISPATCH,UNIT_SCADA,1,"2019/08/20 07:20:00",BDL01,39.54
D,DISPATCH,UNIT_SCADA,1,"2019/08/20 07:20:00",BDL02,38.94
D,DISPATCH,UNIT_SCADA,1,"2019/08/20 07:20:00",BERYLSF1,11.720540
D,DISPATCH,UNIT_SCADA,1,"2019/08/20 07:20:00",BLOWERNG,0
D,DISPATCH,UNIT_SCADA,1,"2019/08/20 07:20:00",BLUFF1,14
D,DISPATCH,UNIT_SCADA,1,"2019/08/20 07:20:00",BNGSF1,0
D,DISPATCH,UNIT_SCADA,1,"2019/08/20 07:20:00",BNGSF2,0
D,DISPATCH,UNIT_SCADA,1,"2019/08/20 07:20:00",BOCORWF1,66.50
D,DISPATCH,UNIT_SCADA,1,"2019/08/20 07:20:00",BODWF1,42.873030
D,DISPATCH,UNIT_SCADA,1,"2019/08/20 07:20:00",BRAEMAR1,0
D,DISPATCH,UNIT_SCADA,1,"2019/08/20 07:20:00",BRAEMAR2,0
D,DISPATCH,UNIT_SCADA,1,"2019/08/20 07:20:00",BRAEMAR3,0
D,DISPATCH,UNIT_SCADA,1,"2019/08/20 07:20:00",BRAEMAR5,0
D,DISPATCH,UNIT_SCADA,1,"2019/08/20 07:20:00",BRAEMAR6,0
D,DISPATCH,UNIT_SCADA,1,"2019/08/20 07:20:00",BRAEMAR7,0
D,DISPATCH,UNIT_SCADA,1,"2019/08/20 07:20:00",BROKENH1,0
D,DISPATCH,UNIT_SCADA,1,"2019/08/20 07:20:00",BW01,642.724980
D,DISPATCH,UNIT_SCADA,1,"2019/08/20 07:20:00",BW02,633.825070
D,DISPATCH,UNIT_SCADA,1,"2019/08/20 07:20:00",BW03,638.400020
D,DISPATCH,UNIT_SCADA,1,"2019/08/20 07:20:00",BW04,0
D,DISPATCH,UNIT_SCADA,1,"2019/08/20 07:20:00",CALL_B_1,349.300020
D,DISPATCH,UNIT_SCADA,1,"2019/08/20 07:20:00",CALL_B_2,290.399990
D,DISPATCH,UNIT_SCADA,1,"2019/08/20 07:20:00",CETHANA,92.735880
D,DISPATCH,UNIT_SCADA,1,"2019/08/20 07:20:00",CG1,0
D,DISPATCH,UNIT_SCADA,1,"2019/08/20 07:20:00",CG2,0
D,DISPATCH,UNIT_SCADA,1,"2019/08/20 07:20:00",CG3,0
D,DISPATCH,UNIT_SCADA,1,"2019/08/20 07:20:00",CG4,0
D,DISPATCH,UNIT_SCADA,1,"2019/08/20 07:20:00",CHILDSF1,22.25
D,DISPATCH,UNIT_SCADA,1,"2019/08/20 07:20:00",CLARESF1,11.128320
D,DISPATCH,UNIT_SCADA,1,"2019/08/20 07:20:00",CLEMGPWF,1.872910
D,DISPATCH,UNIT_SCADA,1,"2019/08/20 07:20:00",CLERMSF1,11.30
D,DISPATCH,UNIT_SCADA,1,"2019/08/20 07:20:00",COLEASF1,0
D,DISPATCH,UNIT_SCADA,1,"2019/08/20 07:20:00",COOPGWF1,31.219880
D,DISPATCH,UNIT_SCADA,1,"2019/08/20 07:20:00",CPP_3,405.899990
D,DISPATCH,UNIT_SCADA,1,"2019/08/20 07:20:00",CPP_4,406.175020
D,DISPATCH,UNIT_SCADA,1,"2019/08/20 07:20:00",CPSA,142.244380
D,DISPATCH,UNIT_SCADA,1,"2019/08/20 07:20:00",CROOKWF2,65.513750
D,DISPATCH,UNIT_SCADA,1,"2019/08/20 07:20:00",CROWLWF1,33.2841
D,DISPATCH,UNIT_SCADA,1,"2019/08/20 07:20:00",CSPVPS1,4.6420
D,DISPATCH,UNIT_SCADA,1,"2019/08/20 07:20:00",DALNTH01,0
D,DISPATCH,UNIT_SCADA,1,"2019/08/20 07:20:00",DALNTHL1,0.053410
D,DISPATCH,UNIT_SCADA,1,"2019/08/20 07:20:00",DARTM1,134.50
D,DISPATCH,UNIT_SCADA,1,"2019/08/20 07:20:00",DAYDSF1,38.0020
D,DISPATCH,UNIT_SCADA,1,"2019/08/20 07:20:00",DDPS1,0
D,DISPATCH,UNIT_SCADA,1,"2019/08/20 07:20:00",DDSF1,25.822210
D,DISPATCH,UNIT_SCADA,1,"2019/08/20 07:20:00",DEVILS_G,60.158080
D,DISPATCH,UNIT_SCADA,1,"2019/08/20 07:20:00",DG_NSW1,0
D,DISPATCH,UNIT_SCADA,1,"2019/08/20 07:20:00",DG_QLD1,0
D,DISPATCH,UNIT_SCADA,1,"2019/08/20 07:20:00",DG_SA1,0
D,DISPATCH,UNIT_SCADA,1,"2019/08/20 07:20:00",DG_TAS1,0
D,DISPATCH,UNIT_SCADA,1,"2019/08/20 07:20:00",DG_VIC1,0
D,DISPATCH,UNIT_SCADA,1,"2019/08/20 07:20:00",DRYCGT1,0
D,DISPATCH,UNIT_SCADA,1,"2019/08/20 07:20:00",DRYCGT2,0
D,DISPATCH,UNIT_SCADA,1,"2019/08/20 07:20:00",DRYCGT3,0
D,DISPATCH,UNIT_SCADA,1,"2019/08/20 07:20:00",EILDON1,0
D,DISPATCH,UNIT_SCADA,1,"2019/08/20 07:20:00",EILDON2,0
D,DISPATCH,UNIT_SCADA,1,"2019/08/20 07:20:00",EMERASF1,14.99
D,DISPATCH,UNIT_SCADA,1,"2019/08/20 07:20:00",ER01,593.325070
D,DISPATCH,UNIT_SCADA,1,"2019/08/20 07:20:00",ER02,690.300050
D,DISPATCH,UNIT_SCADA,1,"2019/08/20 07:20:00",ER03,689.400020
D,DISPATCH,UNIT_SCADA,1,"2019/08/20 07:20:00",ER04,691.474980
D,DISPATCH,UNIT_SCADA,1,"2019/08/20 07:20:00",FINLYSF1,0
D,DISPATCH,UNIT_SCADA,1,"2019/08/20 07:20:00",FISHER,45.86
D,DISPATCH,UNIT_SCADA,1,"2019/08/20 07:20:00",GANNBG1,0
D,DISPATCH,UNIT_SCADA,1,"2019/08/20 07:20:00",GANNBL1,0.125110
D,DISPATCH,UNIT_SCADA,1,"2019/08/20 07:20:00",GANNSF1,0.70
D,DISPATCH,UNIT_SCADA,1,"2019/08/20 07:20:00",GORDON,101.820880
D,DISPATCH,UNIT_SCADA,1,"2019/08/20 07:20:00",GSTONE1,216.8250
D,DISPATCH,UNIT_SCADA,1,"2019/08/20 07:20:00",GSTONE2,225.75
D,DISPATCH,UNIT_SCADA,1,"2019/08/20 07:20:00",GSTONE3,222.95
D,DISPATCH,UNIT_SCADA,1,"2019/08/20 07:20:00",GSTONE4,216.8250
D,DISPATCH,UNIT_SCADA,1,"2019/08/20 07:20:00",GSTONE5,216.649990
D,DISPATCH,UNIT_SCADA,1,"2019/08/20 07:20:00",GSTONE6,0
D,DISPATCH,UNIT_SCADA,1,"2019/08/20 07:20:00",GULLRSF1,0.921570
D,DISPATCH,UNIT_SCADA,1,"2019/08/20 07:20:00",GULLRWF1,144.891510
D,DISPATCH,UNIT_SCADA,1,"2019/08/20 07:20:00",GUNNING1,42.984150
D,DISPATCH,UNIT_SCADA,1,"2019/08/20 07:20:00",GUTHEGA,34
D,DISPATCH,UNIT_SCADA,1,"2019/08/20 07:20:00",HALLWF1,65.50
D,DISPATCH,UNIT_SCADA,1,"2019/08/20 07:20:00",HALLWF2,46.26
D,DISPATCH,UNIT_SCADA,1,"2019/08/20 07:20:00",HAMISF1,11.60
D,DISPATCH,UNIT_SCADA,1,"2019/08/20 07:20:00",HAUGHT11,28.8983
D,DISPATCH,UNIT_SCADA,1,"2019/08/20 07:20:00",HAYMSF1,13.3090
D,DISPATCH,UNIT_SCADA,1,"2019/08/20 07:20:00",HDWF1,41.50
D,DISPATCH,UNIT_SCADA,1,"2019/08/20 07:20:00",HDWF2,25.30
D,DISPATCH,UNIT_SCADA,1,"2019/08/20 07:20:00",HDWF3,39.30
D,DISPATCH,UNIT_SCADA,1,"2019/08/20 07:20:00",HPRG1,0
D,DISPATCH,UNIT_SCADA,1,"2019/08/20 07:20:00",HPRL1,20.40
D,DISPATCH,UNIT_SCADA,1,"2019/08/20 07:20:00",HUMENSW,0
D,DISPATCH,UNIT_SCADA,1,"2019/08/20 07:20:00",HUMEV,8.10
D,DISPATCH,UNIT_SCADA,1,"2019/08/20 07:20:00",HVGTS,0
D,DISPATCH,UNIT_SCADA,1,"2019/08/20 07:20:00",JBUTTERS,136.209990
D,DISPATCH,UNIT_SCADA,1,"2019/08/20 07:20:00",JLA01,0.50
D,DISPATCH,UNIT_SCADA,1,"2019/08/20 07:20:00",JLA02,54
D,DISPATCH,UNIT_SCADA,1,"2019/08/20 07:20:00",JLA03,0.10
D,DISPATCH,UNIT_SCADA,1,"2019/08/20 07:20:00",JLA04,0.10
D,DISPATCH,UNIT_SCADA,1,"2019/08/20 07:20:00",JLB01,0
D,DISPATCH,UNIT_SCADA,1,"2019/08/20 07:20:00",JLB02,83.70
D,DISPATCH,UNIT_SCADA,1,"2019/08/20 07:20:00",JLB03,83.60
D,DISPATCH,UNIT_SCADA,1,"2019/08/20 07:20:00",KAREEYA1,21.5625
D,DISPATCH,UNIT_SCADA,1,"2019/08/20 07:20:00",KAREEYA2,21.72
D,DISPATCH,UNIT_SCADA,1,"2019/08/20 07:20:00",KAREEYA3,0
D,DISPATCH,UNIT_SCADA,1,"2019/08/20 07:20:00",KAREEYA4,21.7775
D,DISPATCH,UNIT_SCADA,1,"2019/08/20 07:20:00",KARSF1,0.50
D,DISPATCH,UNIT_SCADA,1,"2019/08/20 07:20:00",KIATAWF1,30.90
D,DISPATCH,UNIT_SCADA,1,"2019/08/20 07:20:00",KPP_1,0
D,DISPATCH,UNIT_SCADA,1,"2019/08/20 07:20:00",KSP1,8.85
D,DISPATCH,UNIT_SCADA,1,"2019/08/20 07:20:00",LADBROK1,42.90
D,DISPATCH,UNIT_SCADA,1,"2019/08/20 07:20:00",LADBROK2,42.83
D,DISPATCH,UNIT_SCADA,1,"2019/08/20 07:20:00",LD01,420.599950
D,DISPATCH,UNIT_SCADA,1,"2019/08/20 07:20:00",LD02,418.368710
D,DISPATCH,UNIT_SCADA,1,"2019/08/20 07:20:00",LD03,394.0687
D,DISPATCH,UNIT_SCADA,1,"2019/08/20 07:20:00",LD04,375.9938
D,DISPATCH,UNIT_SCADA,1,"2019/08/20 07:20:00",LEM_WIL,85.551550
D,DISPATCH,UNIT_SCADA,1,"2019/08/20 07:20:00",LGAPWF1,10.62
D,DISPATCH,UNIT_SCADA,1,"2019/08/20 07:20:00",LILYSF1,25.034750
D,DISPATCH,UNIT_SCADA,1,"2019/08/20 07:20:00",LI_WY_CA,147.779650
D,DISPATCH,UNIT_SCADA,1,"2019/08/20 07:20:00",LKBONNY2,144.345520
D,DISPATCH,UNIT_SCADA,1,"2019/08/20 07:20:00",LKBONNY3,34.442180
D,DISPATCH,UNIT_SCADA,1,"2019/08/20 07:20:00",LK_ECHO,0
D,DISPATCH,UNIT_SCADA,1,"2019/08/20 07:20:00",LNGS1,0
D,DISPATCH,UNIT_SCADA,1,"2019/08/20 07:20:00",LNGS2,0
D,DISPATCH,UNIT_SCADA,1,"2019/08/20 07:20:00",LONSDALE,0
D,DISPATCH,UNIT_SCADA,1,"2019/08/20 07:20:00",LOYYB1,535.336730
D,DISPATCH,UNIT_SCADA,1,"2019/08/20 07:20:00",LOYYB2,581.954410
D,DISPATCH,UNIT_SCADA,1,"2019/08/20 07:20:00",LYA1,560
D,DISPATCH,UNIT_SCADA,1,"2019/08/20 07:20:00",LYA2,0
D,DISPATCH,UNIT_SCADA,1,"2019/08/20 07:20:00",LYA3,561
D,DISPATCH,UNIT_SCADA,1,"2019/08/20 07:20:00",LYA4,540
D,DISPATCH,UNIT_SCADA,1,"2019/08/20 07:20:00",MACARTH1,273.2937
D,DISPATCH,UNIT_SCADA,1,"2019/08/20 07:20:00",MACKAYGT,0
D,DISPATCH,UNIT_SCADA,1,"2019/08/20 07:20:00",MACKNTSH,85.05
D,DISPATCH,UNIT_SCADA,1,"2019/08/20 07:20:00",MANSLR1,6.3390
D,DISPATCH,UNIT_SCADA,1,"2019/08/20 07:20:00",MCKAY1,0.02
D,DISPATCH,UNIT_SCADA,1,"2019/08/20 07:20:00",MEADOWBK,33.667240
D,DISPATCH,UNIT_SCADA,1,"2019/08/20 07:20:00",MERCER01,124.6750
D,DISPATCH,UNIT_SCADA,1,"2019/08/20 07:20:00",MEWF1,15.303170
D,DISPATCH,UNIT_SCADA,1,"2019/08/20 07:20:00",MINTARO,0
D,DISPATCH,UNIT_SCADA,1,"2019/08/20 07:20:00",MOREESF1,18.6280
D,DISPATCH,UNIT_SCADA,1,"2019/08/20 07:20:00",MORTLK11,259
D,DISPATCH,UNIT_SCADA,1,"2019/08/20 07:20:00",MORTLK12,0
D,DISPATCH,UNIT_SCADA,1,"2019/08/20 07:20:00",MP1,279.974980
D,DISPATCH,UNIT_SCADA,1,"2019/08/20 07:20:00",MP2,0
D,DISPATCH,UNIT_SCADA,1,"2019/08/20 07:20:00",MPP_1,424.25
D,DISPATCH,UNIT_SCADA,1,"2019/08/20 07:20:00",MPP_2,434.25
D,DISPATCH,UNIT_SCADA,1,"2019/08/20 07:20:00",MSTUART1,0
D,DISPATCH,UNIT_SCADA,1,"2019/08/20 07:20:00",MSTUART2,0
D,DISPATCH,UNIT_SCADA,1,"2019/08/20 07:20:00",MSTUART3,0
D,DISPATCH,UNIT_SCADA,1,"2019/08/20 07:20:00",MTGELWF1,64.485610
D,DISPATCH,UNIT_SCADA,1,"2019/08/20 07:20:00",MURRAY,0
D,DISPATCH,UNIT_SCADA,1,"2019/08/20 07:20:00",MUSSELR1,162.899990
D,DISPATCH,UNIT_SCADA,1,"2019/08/20 07:20:00",MUWAWF1,33.92
D,DISPATCH,UNIT_SCADA,1,"2019/08/20 07:20:00",NBHWF1,55.90
D,DISPATCH,UNIT_SCADA,1,"2019/08/20 07:20:00",NPS,0
D,DISPATCH,UNIT_SCADA,1,"2019/08/20 07:20:00",NUMURSF1,2.20
D,DISPATCH,UNIT_SCADA,1,"2019/08/20 07:20:00",NYNGAN1,10.25
D,DISPATCH,UNIT_SCADA,1,"2019/08/20 07:20:00",OAKEY1,0
D,DISPATCH,UNIT_SCADA,1,"2019/08/20 07:20:00",OAKEY1SF,9.7940
D,DISPATCH,UNIT_SCADA,1,"2019/08/20 07:20:00",OAKEY2,0
D,DISPATCH,UNIT_SCADA,1,"2019/08/20 07:20:00",OAKLAND1,62.70
D,DISPATCH,UNIT_SCADA,1,"2019/08/20 07:20:00",OSB-AG,185.260010
D,DISPATCH,UNIT_SCADA,1,"2019/08/20 07:20:00",PARSF1,10.399990
D,DISPATCH,UNIT_SCADA,1,"2019/08/20 07:20:00",POAT110,0
D,DISPATCH,UNIT_SCADA,1,"2019/08/20 07:20:00",POAT220,0.88
D,DISPATCH,UNIT_SCADA,1,"2019/08/20 07:20:00",POR01,0
D,DISPATCH,UNIT_SCADA,1,"2019/08/20 07:20:00",POR03,0
D,DISPATCH,UNIT_SCADA,1,"2019/08/20 07:20:00",PPCCGT,207.107440
D,DISPATCH,UNIT_SCADA,1,"2019/08/20 07:20:00",PTSTAN1,0
D,DISPATCH,UNIT_SCADA,1,"2019/08/20 07:20:00",PUMP1,0
D,DISPATCH,UNIT_SCADA,1,"2019/08/20 07:20:00",PUMP2,0
D,DISPATCH,UNIT_SCADA,1,"2019/08/20 07:20:00",QPS1,29.10
D,DISPATCH,UNIT_SCADA,1,"2019/08/20 07:20:00",QPS2,0
D,DISPATCH,UNIT_SCADA,1,"2019/08/20 07:20:00",QPS3,0
D,DISPATCH,UNIT_SCADA,1,"2019/08/20 07:20:00",QPS4,0
D,DISPATCH,UNIT_SCADA,1,"2019/08/20 07:20:00",QPS5,0
D,DISPATCH,UNIT_SCADA,1,"2019/08/20 07:20:00",REECE1,115.150010
D,DISPATCH,UNIT_SCADA,1,"2019/08/20 07:20:00",REECE2,115.500010
D,DISPATCH,UNIT_SCADA,1,"2019/08/20 07:20:00",ROMA_7,0
D,DISPATCH,UNIT_SCADA,1,"2019/08/20 07:20:00",ROMA_8,39.765830
D,DISPATCH,UNIT_SCADA,1,"2019/08/20 07:20:00",RRSF1,17.0940
D,DISPATCH,UNIT_SCADA,1,"2019/08/20 07:20:00",RT_NSW1,0
D,DISPATCH,UNIT_SCADA,1,"2019/08/20 07:20:00",RT_NSW2,0
D,DISPATCH,UNIT_SCADA,1,"2019/08/20 07:20:00",RT_NSW3,0
D,DISPATCH,UNIT_SCADA,1,"2019/08/20 07:20:00",RT_NSW4,0
D,DISPATCH,UNIT_SCADA,1,"2019/08/20 07:20:00",RT_NSW5,0
D,DISPATCH,UNIT_SCADA,1,"2019/08/20 07:20:00",RT_NSW6,0
D,DISPATCH,UNIT_SCADA,1,"2019/08/20 07:20:00",RT_QLD1,0
D,DISPATCH,UNIT_SCADA,1,"2019/08/20 07:20:00",RT_SA1,0
D,DISPATCH,UNIT_SCADA,1,"2019/08/20 07:20:00",RT_SA2,0
D,DISPATCH,UNIT_SCADA,1,"2019/08/20 07:20:00",RT_SA3,0
D,DISPATCH,UNIT_SCADA,1,"2019/08/20 07:20:00",RT_SA4,0
D,DISPATCH,UNIT_SCADA,1,"2019/08/20 07:20:00",RT_SA5,0
D,DISPATCH,UNIT_SCADA,1,"2019/08/20 07:20:00",RT_SA6,0
D,DISPATCH,UNIT_SCADA,1,"2019/08/20 07:20:00",RT_TAS1,0
D,DISPATCH,UNIT_SCADA,1,"2019/08/20 07:20:00",RT_VIC1,0
D,DISPATCH,UNIT_SCADA,1,"2019/08/20 07:20:00",RT_VIC10,0
D,DISPATCH,UNIT_SCADA,1,"2019/08/20 07:20:00",RT_VIC11,0
D,DISPATCH,UNIT_SCADA,1,"2019/08/20 07:20:00",RT_VIC12,0
D,DISPATCH,UNIT_SCADA,1,"2019/08/20 07:20:00",RT_VIC2,0
D,DISPATCH,UNIT_SCADA,1,"2019/08/20 07:20:00",RT_VIC3,0
D,DISPATCH,UNIT_SCADA,1,"2019/08/20 07:20:00",RT_VIC4,0
D,DISPATCH,UNIT_SCADA,1,"2019/08/20 07:20:00",RT_VIC5,0
D,DISPATCH,UNIT_SCADA,1,"2019/08/20 07:20:00",RT_VIC6,0
D,DISPATCH,UNIT_SCADA,1,"2019/08/20 07:20:00",RT_VIC7,0
D,DISPATCH,UNIT_SCADA,1,"2019/08/20 07:20:00",RT_VIC8,0
D,DISPATCH,UNIT_SCADA,1,"2019/08/20 07:20:00",RT_VIC9,0
D,DISPATCH,UNIT_SCADA,1,"2019/08/20 07:20:00",RUGBYR1,15.703040
D,DISPATCH,UNIT_SCADA,1,"2019/08/20 07:20:00",SALTCRK1,51.16
D,DISPATCH,UNIT_SCADA,1,"2019/08/20 07:20:00",SAPHWF1,133.012510
D,DISPATCH,UNIT_SCADA,1,"2019/08/20 07:20:00",SHGEN,203.407170
D,DISPATCH,UNIT_SCADA,1,"2019/08/20 07:20:00",SHPUMP,0
D,DISPATCH,UNIT_SCADA,1,"2019/08/20 07:20:00",SITHE01,0.123710
D,DISPATCH,UNIT_SCADA,1,"2019/08/20 07:20:00",SMCSF1,9.133180
D,DISPATCH,UNIT_SCADA,1,"2019/08/20 07:20:00",SNOWNTH1,21.10
D,DISPATCH,UNIT_SCADA,1,"2019/08/20 07:20:00",SNOWSTH1,52.50
D,DISPATCH,UNIT_SCADA,1,"2019/08/20 07:20:00",SNOWTWN1,25.5407
D,DISPATCH,UNIT_SCADA,1,"2019/08/20 07:20:00",SNOWYP,0
D,DISPATCH,UNIT_SCADA,1,"2019/08/20 07:20:00",SNUG1,0.019440
D,DISPATCH,UNIT_SCADA,1,"2019/08/20 07:20:00",SRSF1,23.97
D,DISPATCH,UNIT_SCADA,1,"2019/08/20 07:20:00",STAN-1,0
D,DISPATCH,UNIT_SCADA,1,"2019/08/20 07:20:00",STAN-2,343.068420
D,DISPATCH,UNIT_SCADA,1,"2019/08/20 07:20:00",STAN-3,343.491390
D,DISPATCH,UNIT_SCADA,1,"2019/08/20 07:20:00",STAN-4,364.307530
D,DISPATCH,UNIT_SCADA,1,"2019/08/20 07:20:00",STWF1,9.618740
D,DISPATCH,UNIT_SCADA,1,"2019/08/20 07:20:00",SWAN_E,0
D,DISPATCH,UNIT_SCADA,1,"2019/08/20 07:20:00",TALWA1,423
D,DISPATCH,UNIT_SCADA,1,"2019/08/20 07:20:00",TARALGA1,98.9025
D,DISPATCH,UNIT_SCADA,1,"2019/08/20 07:20:00",TARONG#1,345.899990
D,DISPATCH,UNIT_SCADA,1,"2019/08/20 07:20:00",TARONG#2,349.899990
D,DISPATCH,UNIT_SCADA,1,"2019/08/20 07:20:00",TARONG#3,260.200010
D,DISPATCH,UNIT_SCADA,1,"2019/08/20 07:20:00",TARONG#4,350.100010
D,DISPATCH,UNIT_SCADA,1,"2019/08/20 07:20:00",TARRALEA,78.90
D,DISPATCH,UNIT_SCADA,1,"2019/08/20 07:20:00",TBSF1,-0.20
D,DISPATCH,UNIT_SCADA,1,"2019/08/20 07:20:00",TNPS1,441.700010
D,DISPATCH,UNIT_SCADA,1,"2019/08/20 07:20:00",TORRA1,83.539090
D,DISPATCH,UNIT_SCADA,1,"2019/08/20 07:20:00",TORRA2,0
D,DISPATCH,UNIT_SCADA,1,"2019/08/20 07:20:00",TORRA3,31.376410
D,DISPATCH,UNIT_SCADA,1,"2019/08/20 07:20:00",TORRA4,0
D,DISPATCH,UNIT_SCADA,1,"2019/08/20 07:20:00",TORRB1,100.17
D,DISPATCH,UNIT_SCADA,1,"2019/08/20 07:20:00",TORRB2,178.64
D,DISPATCH,UNIT_SCADA,1,"2019/08/20 07:20:00",TORRB3,0
D,DISPATCH,UNIT_SCADA,1,"2019/08/20 07:20:00",TORRB4,0
D,DISPATCH,UNIT_SCADA,1,"2019/08/20 07:20:00",TREVALLN,69.190020
D,DISPATCH,UNIT_SCADA,1,"2019/08/20 07:20:00",TRIBUTE,84.78
D,DISPATCH,UNIT_SCADA,1,"2019/08/20 07:20:00",TUMUT3,683.040040
D,DISPATCH,UNIT_SCADA,1,"2019/08/20 07:20:00",TUNGATIN,133.580030
D,DISPATCH,UNIT_SCADA,1,"2019/08/20 07:20:00",TVCC201,0
D,DISPATCH,UNIT_SCADA,1,"2019/08/20 07:20:00",TVPP104,0
D,DISPATCH,UNIT_SCADA,1,"2019/08/20 07:20:00",UPPTUMUT,0
D,DISPATCH,UNIT_SCADA,1,"2019/08/20 07:20:00",URANQ11,0
D,DISPATCH,UNIT_SCADA,1,"2019/08/20 07:20:00",URANQ12,0
D,DISPATCH,UNIT_SCADA,1,"2019/08/20 07:20:00",URANQ13,0
D,DISPATCH,UNIT_SCADA,1,"2019/08/20 07:20:00",URANQ14,0
D,DISPATCH,UNIT_SCADA,1,"2019/08/20 07:20:00",VP5,630.600040
D,DISPATCH,UNIT_SCADA,1,"2019/08/20 07:20:00",VP6,626.325010
D,DISPATCH,UNIT_SCADA,1,"2019/08/20 07:20:00",VPGS1,0
D,DISPATCH,UNIT_SCADA,1,"2019/08/20 07:20:00",VPGS2,0
D,DISPATCH,UNIT_SCADA,1,"2019/08/20 07:20:00",VPGS3,0
D,DISPATCH,UNIT_SCADA,1,"2019/08/20 07:20:00",VPGS4,0
D,DISPATCH,UNIT_SCADA,1,"2019/08/20 07:20:00",VPGS5,0
D,DISPATCH,UNIT_SCADA,1,"2019/08/20 07:20:00",VPGS6,0
D,DISPATCH,UNIT_SCADA,1,"2019/08/20 07:20:00",W/HOE#1,199.92
D,DISPATCH,UNIT_SCADA,1,"2019/08/20 07:20:00",W/HOE#2,0
D,DISPATCH,UNIT_SCADA,1,"2019/08/20 07:20:00",WATERLWF,111.80
D,DISPATCH,UNIT_SCADA,1,"2019/08/20 07:20:00",WEMENSF1,0
D,DISPATCH,UNIT_SCADA,1,"2019/08/20 07:20:00",WGWF1,43.80
D,DISPATCH,UNIT_SCADA,1,"2019/08/20 07:20:00",WHITSF1,12
D,DISPATCH,UNIT_SCADA,1,"2019/08/20 07:20:00",WKIEWA1,0
D,DISPATCH,UNIT_SCADA,1,"2019/08/20 07:20:00",WKIEWA2,14.10
D,DISPATCH,UNIT_SCADA,1,"2019/08/20 07:20:00",WOODLWN1,44.819990
D,DISPATCH,UNIT_SCADA,1,"2019/08/20 07:20:00",WRSF1,5.62
D,DISPATCH,UNIT_SCADA,1,"2019/08/20 07:20:00",WRWF1,94.8950
D,DISPATCH,UNIT_SCADA,1,"2019/08/20 07:20:00",YABULU,0
D,DISPATCH,UNIT_SCADA,1,"2019/08/20 07:20:00",YABULU2,0
D,DISPATCH,UNIT_SCADA,1,"2019/08/20 07:20:00",YARWUN_1,0
D,DISPATCH,UNIT_SCADA,1,"2019/08/20 07:20:00",YENDWF1,42.02
D,DISPATCH,UNIT_SCADA,1,"2019/08/20 07:20:00",YWPS1,383.708860
D,DISPATCH,UNIT_SCADA,1,"2019/08/20 07:20:00",YWPS2,277.691130
D,DISPATCH,UNIT_SCADA,1,"2019/08/20 07:20:00",YWPS3,0
D,DISPATCH,UNIT_SCADA,1,"2019/08/20 07:20:00",YWPS4,396.084810
C,"END OF REPORT",334
