C,NEMP.WORLD,DISPATCHSCADA,AEMO,PUBLIC,2019/08/21,07:10:09,0000000311816451,DISPATCHSCADA,0000000311816445
I,DISPATCH,UNIT_SCADA,1,SETTLEMENTDATE,DUID,SCADAVALUE
D,DISPATCH,UNIT_SCADA,1,"2019/08/21 07:15:00",BARCSF1,0.50
D,DISPATCH,UNIT_SCADA,1,"2019/08/21 07:15:00",BUTLERSG,9.699999
D,DISPATCH,UNIT_SCADA,1,"2019/08/21 07:15:00",CALL_A_4,0
D,DISPATCH,UNIT_SCADA,1,"2019/08/21 07:15:00",CAPTL_WF,131.591995
D,DISPATCH,UNIT_SCADA,1,"2019/08/21 07:15:00",CATHROCK,40.349998
D,DISPATCH,UNIT_SCADA,1,"2019/08/21 07:15:00",CHALLHWF,42.199997
D,DISPATCH,UNIT_SCADA,1,"2019/08/21 07:15:00",CLOVER,-0.01
D,DISPATCH,UNIT_SCADA,1,"2019/08/21 07:15:00",CLUNY,20.311741
D,DISPATCH,UNIT_SCADA,1,"2019/08/21 07:15:00",CNUNDAWF,38.044380
D,DISPATCH,UNIT_SCADA,1,"2019/08/21 07:15:00",CULLRGWF,28.389999
D,DISPATCH,UNIT_SCADA,1,"2019/08/21 07:15:00",ERGT01,0
D,DISPATCH,UNIT_SCADA,1,"2019/08/21 07:15:00",GB01,0.056824
D,DISPATCH,UNIT_SCADA,1,"2019/08/21 07:15:00",GERMCRK,39.299999
D,DISPATCH,UNIT_SCADA,1,"2019/08/21 07:15:00",GRIFSF1,0.699997
D,DISPATCH,UNIT_SCADA,1,"2019/08/21 07:15:00",HUGSF1,0.9160
D,DISPATCH,UNIT_SCADA,1,"2019/08/21 07:15:00",LKBONNY1,71.090256
D,DISPATCH,UNIT_SCADA,1,"2019/08/21 07:15:00",LRSF1,1.6440
D,DISPATCH,UNIT_SCADA,1,"2019/08/21 07:15:00",MBAHNTH,55.856247
D,DISPATCH,UNIT_SCADA,1,"2019/08/21 07:15:00",MLSP1,0.683001
D,DISPATCH,UNIT_SCADA,1,"2019/08/21 07:15:00",MLWF1,15.3750
D,DISPATCH,UNIT_SCADA,1,"2019/08/21 07:15:00",MTMILLAR,15.909524
D,DISPATCH,UNIT_SCADA,1,"2019/08/21 07:15:00",PALOONA,26.789999
D,DISPATCH,UNIT_SCADA,1,"2019/08/21 07:15:00",PIONEER,44.299999
D,DISPATCH,UNIT_SCADA,1,"2019/08/21 07:15:00",PORTWF,135.399994
D,DISPATCH,UNIT_SCADA,1,"2019/08/21 07:15:00",REPULSE,28.777905
D,DISPATCH,UNIT_SCADA,1,"2019/08/21 07:15:00",ROWALLAN,10.2737
D,DISPATCH,UNIT_SCADA,1,"2019/08/21 07:15:00",ROYALLA1,2.9150
D,DISPATCH,UNIT_SCADA,1,"2019/08/21 07:15:00",RPCG,10.80
D,DISPATCH,UNIT_SCADA,1,"2019/08/21 07:15:00",RUBICON,0
D,DISPATCH,UNIT_SCADA,1,"2019/08/21 07:15:00",SATGN1,0
D,DISPATCH,UNIT_SCADA,1,"2019/08/21 07:15:00",SATGS1,0
D,DISPATCH,UNIT_SCADA,1,"2019/08/21 07:15:00",STARHLWF,7.097930
D,DISPATCH,UNIT_SCADA,1,"2019/08/21 07:15:00",WAUBRAWF,181
D,DISPATCH,UNIT_SCADA,1,"2019/08/21 07:15:00",WOOLNTH1,30.980017
D,DISPATCH,UNIT_SCADA,1,"2019/08/21 07:15:00",WPWF,13
D,DISPATCH,UNIT_SCADA,1,"2019/08/21 07:15:00",YAMBUKWF,30
D,DISPATCH,UNIT_SCADA,1,"2019/08/21 07:15:00",YSWF1,28.799999
D,DISPATCH,UNIT_SCADA,1,"2019/08/21 07:15:00",AGLHAL,0
D,DISPATCH,UNIT_SCADA,1,"2019/08/21 07:15:00",AGLSOM,0
D,DISPATCH,UNIT_SCADA,1,"2019/08/21 07:15:00",ANGAST1,0
D,DISPATCH,UNIT_SCADA,1,"2019/08/21 07:15:00",ARWF1,116.50
D,DISPATCH,UNIT_SCADA,1,"2019/08/21 07:15:00",BALBG1,1.04
D,DISPATCH,UNIT_SCADA,1,"2019/08/21 07:15:00",BALBL1,0
D,DISPATCH,UNIT_SCADA,1,"2019/08/21 07:15:00",BALDHWF1,95.7670
D,DISPATCH,UNIT_SCADA,1,"2019/08/21 07:15:00",BANN1,0.27
D,DISPATCH,UNIT_SCADA,1,"2019/08/21 07:15:00",BARCALDN,0
D,DISPATCH,UNIT_SCADA,1,"2019/08/21 07:15:00",BARRON-1,0
D,DISPATCH,UNIT_SCADA,1,"2019/08/21 07:15:00",BARRON-2,28.28
D,DISPATCH,UNIT_SCADA,1,"2019/08/21 07:15:00",BASTYAN,79.37
D,DISPATCH,UNIT_SCADA,1,"2019/08/21 07:15:00",BBTHREE1,-1.92
D,DISPATCH,UNIT_SCADA,1,"2019/08/21 07:15:00",BBTHREE2,-1.93
D,DISPATCH,UNIT_SCADA,1,"2019/08/21 07:15:00",BBTHREE3,0
D,DISPATCH,UNIT_SCADA,1,"2019/08/21 07:15:00",BDL01,42.78
D,DISPATCH,UNIT_SCADA,1,"2019/08/21 07:15:00",BDL02,20.04
D,DISPATCH,UNIT_SCADA,1,"2019/08/21 07:15:00",BERYLSF1,3.172780
D,DISPATCH,UNIT_SCADA,1,"2019/08/21 07:15:00",BLOWERNG,0
D,DISPATCH,UNIT_SCADA,1,"2019/08/21 07:15:00",BLUFF1,35.40
D,DISPATCH,UNIT_SCADA,1,"2019/08/21 07:15:00",BNGSF1,0
D,DISPATCH,UNIT_SCADA,1,"2019/08/21 07:15:00",BNGSF2,0
D,DISPATCH,UNIT_SCADA,1,"2019/08/21 07:15:00",BOCORWF1,86.50
D,DISPATCH,UNIT_SCADA,1,"2019/08/21 07:15:00",BODWF1,57.742070
D,DISPATCH,UNIT_SCADA,1,"2019/08/21 07:15:00",BRAEMAR1,0
D,DISPATCH,UNIT_SCADA,1,"2019/08/21 07:15:00",BRAEMAR2,0
D,DISPATCH,UNIT_SCADA,1,"2019/08/21 07:15:00",BRAEMAR3,0
D,DISPATCH,UNIT_SCADA,1,"2019/08/21 07:15:00",BRAEMAR5,0
D,DISPATCH,UNIT_SCADA,1,"2019/08/21 07:15:00",BRAEMAR6,0
D,DISPATCH,UNIT_SCADA,1,"2019/08/21 07:15:00",BRAEMAR7,0
D,DISPATCH,UNIT_SCADA,1,"2019/08/21 07:15:00",BROKENH1,0
D,DISPATCH,UNIT_SCADA,1,"2019/08/21 07:15:00",BW01,632.474980
D,DISPATCH,UNIT_SCADA,1,"2019/08/21 07:15:00",BW02,636
D,DISPATCH,UNIT_SCADA,1,"2019/08/21 07:15:00",BW03,638.074950
D,DISPATCH,UNIT_SCADA,1,"2019/08/21 07:15:00",BW04,0
D,DISPATCH,UNIT_SCADA,1,"2019/08/21 07:15:00",CALL_B_1,349.700010
D,DISPATCH,UNIT_SCADA,1,"2019/08/21 07:15:00",CALL_B_2,285
D,DISPATCH,UNIT_SCADA,1,"2019/08/21 07:15:00",CETHANA,80.102250
D,DISPATCH,UNIT_SCADA,1,"2019/08/21 07:15:00",CG1,0
D,DISPATCH,UNIT_SCADA,1,"2019/08/21 07:15:00",CG2,0
D,DISPATCH,UNIT_SCADA,1,"2019/08/21 07:15:00",CG3,0
D,DISPATCH,UNIT_SCADA,1,"2019/08/21 07:15:00",CG4,0
D,DISPATCH,UNIT_SCADA,1,"2019/08/21 07:15:00",CHILDSF1,23.72
D,DISPATCH,UNIT_SCADA,1,"2019/08/21 07:15:00",CLARESF1,10.105340
D,DISPATCH,UNIT_SCADA,1,"2019/08/21 07:15:00",CLEMGPWF,1.368670
D,DISPATCH,UNIT_SCADA,1,"2019/08/21 07:15:00",CLERMSF1,12.83
D,DISPATCH,UNIT_SCADA,1,"2019/08/21 07:15:00",COLEASF1,0
D,DISPATCH,UNIT_SCADA,1,"2019/08/21 07:15:00",COOPGWF1,35.063450
D,DISPATCH,UNIT_SCADA,1,"2019/08/21 07:15:00",CPP_3,406.450010
D,DISPATCH,UNIT_SCADA,1,"2019/08/21 07:15:00",CPP_4,408.649990
D,DISPATCH,UNIT_SCADA,1,"2019/08/21 07:15:00",CPSA,142.4350
D,DISPATCH,UNIT_SCADA,1,"2019/08/21 07:15:00",CROOKWF2,92.043750
D,DISPATCH,UNIT_SCADA,1,"2019/08/21 07:15:00",CROWLWF1,39.456770
D,DISPATCH,UNIT_SCADA,1,"2019/08/21 07:15:00",CSPVPS1,4.5280
D,DISPATCH,UNIT_SCADA,1,"2019/08/21 07:15:00",DALNTH01,0
D,DISPATCH,UNIT_SCADA,1,"2019/08/21 07:15:00",DALNTHL1,0.062560
D,DISPATCH,UNIT_SCADA,1,"2019/08/21 07:15:00",DARTM1,134.30
D,DISPATCH,UNIT_SCADA,1,"2019/08/21 07:15:00",DAYDSF1,34.9220
D,DISPATCH,UNIT_SCADA,1,"2019/08/21 07:15:00",DDPS1,0
D,DISPATCH,UNIT_SCADA,1,"2019/08/21 07:15:00",DDSF1,22.2679
D,DISPATCH,UNIT_SCADA,1,"2019/08/21 07:15:00",DEVILS_G,56.666770
D,DISPATCH,UNIT_SCADA,1,"2019/08/21 07:15:00",DG_NSW1,0
D,DISPATCH,UNIT_SCADA,1,"2019/08/21 07:15:00",DG_QLD1,0
D,DISPATCH,UNIT_SCADA,1,"2019/08/21 07:15:00",DG_SA1,0
D,DISPATCH,UNIT_SCADA,1,"2019/08/21 07:15:00",DG_TAS1,0
D,DISPATCH,UNIT_SCADA,1,"2019/08/21 07:15:00",DG_VIC1,0
D,DISPATCH,UNIT_SCADA,1,"2019/08/21 07:15:00",DRYCGT1,0
D,DISPATCH,UNIT_SCADA,1,"2019/08/21 07:15:00",DRYCGT2,0
D,DISPATCH,UNIT_SCADA,1,"2019/08/21 07:15:00",DRYCGT3,0
D,DISPATCH,UNIT_SCADA,1,"2019/08/21 07:15:00",EILDON1,0
D,DISPATCH,UNIT_SCADA,1,"2019/08/21 07:15:00",EILDON2,0
D,DISPATCH,UNIT_SCADA,1,"2019/08/21 07:15:00",EMERASF1,14.50
D,DISPATCH,UNIT_SCADA,1,"2019/08/21 07:15:00",ER01,575.424930
D,DISPATCH,UNIT_SCADA,1,"2019/08/21 07:15:00",ER02,699.075070
D,DISPATCH,UNIT_SCADA,1,"2019/08/21 07:15:00",ER03,699.25
D,DISPATCH,UNIT_SCADA,1,"2019/08/21 07:15:00",ER04,699.075070
D,DISPATCH,UNIT_SCADA,1,"2019/08/21 07:15:00",FINLYSF1,0
D,DISPATCH,UNIT_SCADA,1,"2019/08/21 07:15:00",FISHER,45.71
D,DISPATCH,UNIT_SCADA,1,"2019/08/21 07:15:00",GANNBG1,0.798920
D,DISPATCH,UNIT_SCADA,1,"2019/08/21 07:15:00",GANNBL1,0
D,DISPATCH,UNIT_SCADA,1,"2019/08/21 07:15:00",GANNSF1,0.40
D,DISPATCH,UNIT_SCADA,1,"2019/08/21 07:15:00",GORDON,24.995040
D,DISPATCH,UNIT_SCADA,1,"2019/08/21 07:15:00",GSTONE1,214.3750
D,DISPATCH,UNIT_SCADA,1,"2019/08/21 07:15:00",GSTONE2,224.524990
D,DISPATCH,UNIT_SCADA,1,"2019/08/21 07:15:00",GSTONE3,202.30
D,DISPATCH,UNIT_SCADA,1,"2019/08/21 07:15:00",GSTONE4,211.224990
D,DISPATCH,UNIT_SCADA,1,"2019/08/21 07:15:00",GSTONE5,208.774990
D,DISPATCH,UNIT_SCADA,1,"2019/08/21 07:15:00",GSTONE6,0
D,DISPATCH,UNIT_SCADA,1,"2019/08/21 07:15:00",GULLRSF1,0.798680
D,DISPATCH,UNIT_SCADA,1,"2019/08/21 07:15:00",GULLRWF1,161.029330
D,DISPATCH,UNIT_SCADA,1,"2019/08/21 07:15:00",GUNNING1,46.641250
D,DISPATCH,UNIT_SCADA,1,"2019/08/21 07:15:00",GUTHEGA,31.60
D,DISPATCH,UNIT_SCADA,1,"2019/08/21 07:15:00",HALLWF1,71.02
D,DISPATCH,UNIT_SCADA,1,"2019/08/21 07:15:00",HALLWF2,52.90
D,DISPATCH,UNIT_SCADA,1,"2019/08/21 07:15:00",HAMISF1,11.80
D,DISPATCH,UNIT_SCADA,1,"2019/08/21 07:15:00",HAUGHT11,27.312130
D,DISPATCH,UNIT_SCADA,1,"2019/08/21 07:15:00",HAYMSF1,13.4730
D,DISPATCH,UNIT_SCADA,1,"2019/08/21 07:15:00",HDWF1,74.10
D,DISPATCH,UNIT_SCADA,1,"2019/08/21 07:15:00",HDWF2,55.50
D,DISPATCH,UNIT_SCADA,1,"2019/08/21 07:15:00",HDWF3,62.90
D,DISPATCH,UNIT_SCADA,1,"2019/08/21 07:15:00",HPRG1,1.40
D,DISPATCH,UNIT_SCADA,1,"2019/08/21 07:15:00",HPRL1,0
D,DISPATCH,UNIT_SCADA,1,"2019/08/21 07:15:00",HUMENSW,0
D,DISPATCH,UNIT_SCADA,1,"2019/08/21 07:15:00",HUMEV,8.80
D,DISPATCH,UNIT_SCADA,1,"2019/08/21 07:15:00",HVGTS,0
D,DISPATCH,UNIT_SCADA,1,"2019/08/21 07:15:00",JBUTTERS,53.57
D,DISPATCH,UNIT_SCADA,1,"2019/08/21 07:15:00",JLA01,0.50
D,DISPATCH,UNIT_SCADA,1,"2019/08/21 07:15:00",JLA02,0
D,DISPATCH,UNIT_SCADA,1,"2019/08/21 07:15:00",JLA03,0.10
D,DISPATCH,UNIT_SCADA,1,"2019/08/21 07:15:00",JLA04,0.10
D,DISPATCH,UNIT_SCADA,1,"2019/08/21 07:15:00",JLB01,0
D,DISPATCH,UNIT_SCADA,1,"2019/08/21 07:15:00",JLB02,0.10
D,DISPATCH,UNIT_SCADA,1,"2019/08/21 07:15:00",JLB03,84.40
D,DISPATCH,UNIT_SCADA,1,"2019/08/21 07:15:00",KAREEYA1,21.4775
D,DISPATCH,UNIT_SCADA,1,"2019/08/21 07:15:00",KAREEYA2,21.6025
D,DISPATCH,UNIT_SCADA,1,"2019/08/21 07:15:00",KAREEYA3,0
D,DISPATCH,UNIT_SCADA,1,"2019/08/21 07:15:00",KAREEYA4,21.6625
D,DISPATCH,UNIT_SCADA,1,"2019/08/21 07:15:00",KARSF1,0
D,DISPATCH,UNIT_SCADA,1,"2019/08/21 07:15:00",KIATAWF1,30.90
D,DISPATCH,UNIT_SCADA,1,"2019/08/21 07:15:00",KPP_1,0
D,DISPATCH,UNIT_SCADA,1,"2019/08/21 07:15:00",KSP1,7.84
D,DISPATCH,UNIT_SCADA,1,"2019/08/21 07:15:00",LADBROK1,42.38
D,DISPATCH,UNIT_SCADA,1,"2019/08/21 07:15:00",LADBROK2,43.08
D,DISPATCH,UNIT_SCADA,1,"2019/08/21 07:15:00",LD01,367.875030
D,DISPATCH,UNIT_SCADA,1,"2019/08/21 07:15:00",LD02,376.031250
D,DISPATCH,UNIT_SCADA,1,"2019/08/21 07:15:00",LD03,375.862520
D,DISPATCH,UNIT_SCADA,1,"2019/08/21 07:15:00",LD04,371.231230
D,DISPATCH,UNIT_SCADA,1,"2019/08/21 07:15:00",LEM_WIL,85.832550
D,DISPATCH,UNIT_SCADA,1,"2019/08/21 07:15:00",LGAPWF1,10.90
D,DISPATCH,UNIT_SCADA,1,"2019/08/21 07:15:00",LILYSF1,24.641530
D,DISPATCH,UNIT_SCADA,1,"2019/08/21 07:15:00",LI_WY_CA,147.725110
D,DISPATCH,UNIT_SCADA,1,"2019/08/21 07:15:00",LKBONNY2,134.571990
D,DISPATCH,UNIT_SCADA,1,"2019/08/21 07:15:00",LKBONNY3,31.037040
D,DISPATCH,UNIT_SCADA,1,"2019/08/21 07:15:00",LK_ECHO,0
D,DISPATCH,UNIT_SCADA,1,"2019/08/21 07:15:00",LNGS1,0
D,DISPATCH,UNIT_SCADA,1,"2019/08/21 07:15:00",LNGS2,0
D,DISPATCH,UNIT_SCADA,1,"2019/08/21 07:15:00",LONSDALE,0
D,DISPATCH,UNIT_SCADA,1,"2019/08/21 07:15:00",LOYYB1,536.088620
D,DISPATCH,UNIT_SCADA,1,"2019/08/21 07:15:00",LOYYB2,580.450620
D,DISPATCH,UNIT_SCADA,1,"2019/08/21 07:15:00",LYA1,520
D,DISPATCH,UNIT_SCADA,1,"2019/08/21 07:15:00",LYA2,0
D,DISPATCH,UNIT_SCADA,1,"2019/08/21 07:15:00",LYA3,561
D,DISPATCH,UNIT_SCADA,1,"2019/08/21 07:15:00",LYA4,540
D,DISPATCH,UNIT_SCADA,1,"2019/08/21 07:15:00",MACARTH1,357.091770
D,DISPATCH,UNIT_SCADA,1,"2019/08/21 07:15:00",MACKAYGT,0
D,DISPATCH,UNIT_SCADA,1,"2019/08/21 07:15:00",MACKNTSH,24.63
D,DISPATCH,UNIT_SCADA,1,"2019/08/21 07:15:00",MANSLR1,0
D,DISPATCH,UNIT_SCADA,1,"2019/08/21 07:15:00",MCKAY1,0.02
D,DISPATCH,UNIT_SCADA,1,"2019/08/21 07:15:00",MEADOWBK,34.124520
D,DISPATCH,UNIT_SCADA,1,"2019/08/21 07:15:00",MERCER01,128.509990
D,DISPATCH,UNIT_SCADA,1,"2019/08/21 07:15:00",MEWF1,106.582020
D,DISPATCH,UNIT_SCADA,1,"2019/08/21 07:15:00",MINTARO,0
D,DISPATCH,UNIT_SCADA,1,"2019/08/21 07:15:00",MOREESF1,14.9140
D,DISPATCH,UNIT_SCADA,1,"2019/08/21 07:15:00",MORTLK11,0
D,DISPATCH,UNIT_SCADA,1,"2019/08/21 07:15:00",MORTLK12,0
D,DISPATCH,UNIT_SCADA,1,"2019/08/21 07:15:00",MP1,277.1250
D,DISPATCH,UNIT_SCADA,1,"2019/08/21 07:15:00",MP2,0
D,DISPATCH,UNIT_SCADA,1,"2019/08/21 07:15:00",MPP_1,405.75
D,DISPATCH,UNIT_SCADA,1,"2019/08/21 07:15:00",MPP_2,435.25
D,DISPATCH,UNIT_SCADA,1,"2019/08/21 07:15:00",MSTUART1,0
D,DISPATCH,UNIT_SCADA,1,"2019/08/21 07:15:00",MSTUART2,0
D,DISPATCH,UNIT_SCADA,1,"2019/08/21 07:15:00",MSTUART3,0
D,DISPATCH,UNIT_SCADA,1,"2019/08/21 07:15:00",MTGELWF1,63.861510
D,DISPATCH,UNIT_SCADA,1,"2019/08/21 07:15:00",MURRAY,0
D,DISPATCH,UNIT_SCADA,1,"2019/08/21 07:15:00",MUSSELR1,162.899990
D,DISPATCH,UNIT_SCADA,1,"2019/08/21 07:15:00",MUWAWF1,55.19
D,DISPATCH,UNIT_SCADA,1,"2019/08/21 07:15:00",NBHWF1,65.90
D,DISPATCH,UNIT_SCADA,1,"2019/08/21 07:15:00",NPS,0
D,DISPATCH,UNIT_SCADA,1,"2019/08/21 07:15:00",NUMURSF1,0
D,DISPATCH,UNIT_SCADA,1,"2019/08/21 07:15:00",NYNGAN1,7.25
D,DISPATCH,UNIT_SCADA,1,"2019/08/21 07:15:00",OAKEY1,0
D,DISPATCH,UNIT_SCADA,1,"2019/08/21 07:15:00",OAKEY1SF,0.7020
D,DISPATCH,UNIT_SCADA,1,"2019/08/21 07:15:00",OAKEY2,0
D,DISPATCH,UNIT_SCADA,1,"2019/08/21 07:15:00",OAKLAND1,62.70
D,DISPATCH,UNIT_SCADA,1,"2019/08/21 07:15:00",OSB-AG,0
D,DISPATCH,UNIT_SCADA,1,"2019/08/21 07:15:00",PARSF1,0.80
D,DISPATCH,UNIT_SCADA,1,"2019/08/21 07:15:00",POAT110,0
D,DISPATCH,UNIT_SCADA,1,"2019/08/21 07:15:00",POAT220,69.126240
D,DISPATCH,UNIT_SCADA,1,"2019/08/21 07:15:00",POR01,0
D,DISPATCH,UNIT_SCADA,1,"2019/08/21 07:15:00",POR03,0
D,DISPATCH,UNIT_SCADA,1,"2019/08/21 07:15:00",PPCCGT,173.5522
D,DISPATCH,UNIT_SCADA,1,"2019/08/21 07:15:00",PTSTAN1,0
D,DISPATCH,UNIT_SCADA,1,"2019/08/21 07:15:00",PUMP1,0
D,DISPATCH,UNIT_SCADA,1,"2019/08/21 07:15:00",PUMP2,0
D,DISPATCH,UNIT_SCADA,1,"2019/08/21 07:15:00",QPS1,29
D,DISPATCH,UNIT_SCADA,1,"2019/08/21 07:15:00",QPS2,0
D,DISPATCH,UNIT_SCADA,1,"2019/08/21 07:15:00",QPS3,0
D,DISPATCH,UNIT_SCADA,1,"2019/08/21 07:15:00",QPS4,0
D,DISPATCH,UNIT_SCADA,1,"2019/08/21 07:15:00",QPS5,0
D,DISPATCH,UNIT_SCADA,1,"2019/08/21 07:15:00",REECE1,112.620010
D,DISPATCH,UNIT_SCADA,1,"2019/08/21 07:15:00",REECE2,112.510010
D,DISPATCH,UNIT_SCADA,1,"2019/08/21 07:15:00",ROMA_7,0
D,DISPATCH,UNIT_SCADA,1,"2019/08/21 07:15:00",ROMA_8,0
D,DISPATCH,UNIT_SCADA,1,"2019/08/21 07:15:00",RRSF1,17.0682
D,DISPATCH,UNIT_SCADA,1,"2019/08/21 07:15:00",RT_NSW1,0
D,DISPATCH,UNIT_SCADA,1,"2019/08/21 07:15:00",RT_NSW2,0
D,DISPATCH,UNIT_SCADA,1,"2019/08/21 07:15:00",RT_NSW3,0
D,DISPATCH,UNIT_SCADA,1,"2019/08/21 07:15:00",RT_NSW4,0
D,DISPATCH,UNIT_SCADA,1,"2019/08/21 07:15:00",RT_NSW5,0
D,DISPATCH,UNIT_SCADA,1,"2019/08/21 07:15:00",RT_NSW6,0
D,DISPATCH,UNIT_SCADA,1,"2019/08/21 07:15:00",RT_QLD1,0
D,DISPATCH,UNIT_SCADA,1,"2019/08/21 07:15:00",RT_SA1,0
D,DISPATCH,UNIT_SCADA,1,"2019/08/21 07:15:00",RT_SA2,0
D,DISPATCH,UNIT_SCADA,1,"2019/08/21 07:15:00",RT_SA3,0
D,DISPATCH,UNIT_SCADA,1,"2019/08/21 07:15:00",RT_SA4,0
D,DISPATCH,UNIT_SCADA,1,"2019/08/21 07:15:00",RT_SA5,0
D,DISPATCH,UNIT_SCADA,1,"2019/08/21 07:15:00",RT_SA6,0
D,DISPATCH,UNIT_SCADA,1,"2019/08/21 07:15:00",RT_TAS1,0
D,DISPATCH,UNIT_SCADA,1,"2019/08/21 07:15:00",RT_VIC1,0
D,DISPATCH,UNIT_SCADA,1,"2019/08/21 07:15:00",RT_VIC10,0
D,DISPATCH,UNIT_SCADA,1,"2019/08/21 07:15:00",RT_VIC11,0
D,DISPATCH,UNIT_SCADA,1,"2019/08/21 07:15:00",RT_VIC12,0
D,DISPATCH,UNIT_SCADA,1,"2019/08/21 07:15:00",RT_VIC2,0
D,DISPATCH,UNIT_SCADA,1,"2019/08/21 07:15:00",RT_VIC3,0
D,DISPATCH,UNIT_SCADA,1,"2019/08/21 07:15:00",RT_VIC4,0
D,DISPATCH,UNIT_SCADA,1,"2019/08/21 07:15:00",RT_VIC5,0
D,DISPATCH,UNIT_SCADA,1,"2019/08/21 07:15:00",RT_VIC6,0
D,DISPATCH,UNIT_SCADA,1,"2019/08/21 07:15:00",RT_VIC7,0
D,DISPATCH,UNIT_SCADA,1,"2019/08/21 07:15:00",RT_VIC8,0
D,DISPATCH,UNIT_SCADA,1,"2019/08/21 07:15:00",RT_VIC9,0
D,DISPATCH,UNIT_SCADA,1,"2019/08/21 07:15:00",RUGBYR1,15.058430
D,DISPATCH,UNIT_SCADA,1,"2019/08/21 07:15:00",SALTCRK1,51.47
D,DISPATCH,UNIT_SCADA,1,"2019/08/21 07:15:00",SAPHWF1,156.693760
D,DISPATCH,UNIT_SCADA,1,"2019/08/21 07:15:00",SHGEN,201.515110
D,DISPATCH,UNIT_SCADA,1,"2019/08/21 07:15:00",SHPUMP,0
D,DISPATCH,UNIT_SCADA,1,"2019/08/21 07:15:00",SITHE01,0.153860
D,DISPATCH,UNIT_SCADA,1,"2019/08/21 07:15:00",SMCSF1,9.434890
D,DISPATCH,UNIT_SCADA,1,"2019/08/21 07:15:00",SNOWNTH1,39.10
D,DISPATCH,UNIT_SCADA,1,"2019/08/21 07:15:00",SNOWSTH1,69.10
D,DISPATCH,UNIT_SCADA,1,"2019/08/21 07:15:00",SNOWTWN1,31.346430
D,DISPATCH,UNIT_SCADA,1,"2019/08/21 07:15:00",SNOWYP,0
D,DISPATCH,UNIT_SCADA,1,"2019/08/21 07:15:00",SNUG1,0.019440
D,DISPATCH,UNIT_SCADA,1,"2019/08/21 07:15:00",SRSF1,26.25
D,DISPATCH,UNIT_SCADA,1,"2019/08/21 07:15:00",STAN-1,0
D,DISPATCH,UNIT_SCADA,1,"2019/08/21 07:15:00",STAN-2,343.952850
D,DISPATCH,UNIT_SCADA,1,"2019/08/21 07:15:00",STAN-3,346.772770
D,DISPATCH,UNIT_SCADA,1,"2019/08/21 07:15:00",STAN-4,348.567260
D,DISPATCH,UNIT_SCADA,1,"2019/08/21 07:15:00",STWF1,30.543760
D,DISPATCH,UNIT_SCADA,1,"2019/08/21 07:15:00",SWAN_E,0
D,DISPATCH,UNIT_SCADA,1,"2019/08/21 07:15:00",TALWA1,423
D,DISPATCH,UNIT_SCADA,1,"2019/08/21 07:15:00",TARALGA1,81.330020
D,DISPATCH,UNIT_SCADA,1,"2019/08/21 07:15:00",TARONG#1,349.50
D,DISPATCH,UNIT_SCADA,1,"2019/08/21 07:15:00",TARONG#2,209.600010
D,DISPATCH,UNIT_SCADA,1,"2019/08/21 07:15:00",TARONG#3,259.50
D,DISPATCH,UNIT_SCADA,1,"2019/08/21 07:15:00",TARONG#4,350.200010
D,DISPATCH,UNIT_SCADA,1,"2019/08/21 07:15:00",TARRALEA,80.40
D,DISPATCH,UNIT_SCADA,1,"2019/08/21 07:15:00",TBSF1,-0.20
D,DISPATCH,UNIT_SCADA,1,"2019/08/21 07:15:00",TNPS1,442.000030
D,DISPATCH,UNIT_SCADA,1,"2019/08/21 07:15:00",TORRA1,93.018370
D,DISPATCH,UNIT_SCADA,1,"2019/08/21 07:15:00",TORRA2,0
D,DISPATCH,UNIT_SCADA,1,"2019/08/21 07:15:00",TORRA3,0
D,DISPATCH,UNIT_SCADA,1,"2019/08/21 07:15:00",TORRA4,0
D,DISPATCH,UNIT_SCADA,1,"2019/08/21 07:15:00",TORRB1,83.27
D,DISPATCH,UNIT_SCADA,1,"2019/08/21 07:15:00",TORRB2,135.679990
D,DISPATCH,UNIT_SCADA,1,"2019/08/21 07:15:00",TORRB3,0
D,DISPATCH,UNIT_SCADA,1,"2019/08/21 07:15:00",TORRB4,0
D,DISPATCH,UNIT_SCADA,1,"2019/08/21 07:15:00",TREVALLN,69.620020
D,DISPATCH,UNIT_SCADA,1,"2019/08/21 07:15:00",TRIBUTE,26.11
D,DISPATCH,UNIT_SCADA,1,"2019/08/21 07:15:00",TUMUT3,371.709990
D,DISPATCH,UNIT_SCADA,1,"2019/08/21 07:15:00",TUNGATIN,130.920030
D,DISPATCH,UNIT_SCADA,1,"2019/08/21 07:15:00",TVCC201,0
D,DISPATCH,UNIT_SCADA,1,"2019/08/21 07:15:00",TVPP104,57.924240
D,DISPATCH,UNIT_SCADA,1,"2019/08/21 07:15:00",UPPTUMUT,0
D,DISPATCH,UNIT_SCADA,1,"2019/08/21 07:15:00",URANQ11,0
D,DISPATCH,UNIT_SCADA,1,"2019/08/21 07:15:00",URANQ12,0
D,DISPATCH,UNIT_SCADA,1,"2019/08/21 07:15:00",URANQ13,0
D,DISPATCH,UNIT_SCADA,1,"2019/08/21 07:15:00",URANQ14,0
D,DISPATCH,UNIT_SCADA,1,"2019/08/21 07:15:00",VP5,615.075010
D,DISPATCH,UNIT_SCADA,1,"2019/08/21 07:15:00",VP6,602.200010
D,DISPATCH,UNIT_SCADA,1,"2019/08/21 07:15:00",VPGS1,0
D,DISPATCH,UNIT_SCADA,1,"2019/08/21 07:15:00",VPGS2,0
D,DISPATCH,UNIT_SCADA,1,"2019/08/21 07:15:00",VPGS3,0
D,DISPATCH,UNIT_SCADA,1,"2019/08/21 07:15:00",VPGS4,0
D,DISPATCH,UNIT_SCADA,1,"2019/08/21 07:15:00",VPGS5,0
D,DISPATCH,UNIT_SCADA,1,"2019/08/21 07:15:00",VPGS6,0
D,DISPATCH,UNIT_SCADA,1,"2019/08/21 07:15:00",W/HOE#1,161.509990
D,DISPATCH,UNIT_SCADA,1,"2019/08/21 07:15:00",W/HOE#2,0
D,DISPATCH,UNIT_SCADA,1,"2019/08/21 07:15:00",WATERLWF,93.40
D,DISPATCH,UNIT_SCADA,1,"2019/08/21 07:15:00",WEMENSF1,0
D,DISPATCH,UNIT_SCADA,1,"2019/08/21 07:15:00",WGWF1,63.50
D,DISPATCH,UNIT_SCADA,1,"2019/08/21 07:15:00",WHITSF1,11.60
D,DISPATCH,UNIT_SCADA,1,"2019/08/21 07:15:00",WKIEWA1,0
D,DISPATCH,UNIT_SCADA,1,"2019/08/21 07:15:00",WKIEWA2,7.90
D,DISPATCH,UNIT_SCADA,1,"2019/08/21 07:15:00",WOODLWN1,44.892010
D,DISPATCH,UNIT_SCADA,1,"2019/08/21 07:15:00",WRSF1,4.71
D,DISPATCH,UNIT_SCADA,1,"2019/08/21 07:15:00",WRWF1,135.78
D,DISPATCH,UNIT_SCADA,1,"2019/08/21 07:15:00",YABULU,0
D,DISPATCH,UNIT_SCADA,1,"2019/08/21 07:15:00",YABULU2,0
D,DISPATCH,UNIT_SCADA,1,"2019/08/21 07:15:00",YARWUN_1,0
D,DISPATCH,UNIT_SCADA,1,"2019/08/21 07:15:00",YENDWF1,41.99
D,DISPATCH,UNIT_SCADA,1,"2019/08/21 07:15:00",YWPS1,358.645570
D,DISPATCH,UNIT_SCADA,1,"2019/08/21 07:15:00",YWPS2,273.6810
D,DISPATCH,UNIT_SCADA,1,"2019/08/21 07:15:00",YWPS3,0
D,DISPATCH,UNIT_SCADA,1,"2019/08/21 07:15:00",YWPS4,396.084810
C,"END OF REPORT",334
