C,NEMP.WORLD,DISPATCHSCADA,AEMO,PUBLIC,2019/09/04,14:15:09,0000000312385211,DISPATCHSCADA,0000000312385205
I,DISPATCH,UNIT_SCADA,1,SETTLEMENTDATE,DUID,SCADAVALUE
D,DISPATCH,UNIT_SCADA,1,"2019/09/04 14:20:00",BARCSF1,0.60
D,DISPATCH,UNIT_SCADA,1,"2019/09/04 14:20:00",BUTLERSG,-0.000002
D,DISPATCH,UNIT_SCADA,1,"2019/09/04 14:20:00",CALL_A_4,0
D,DISPATCH,UNIT_SCADA,1,"2019/09/04 14:20:00",CAPTL_WF,121.968002
D,DISPATCH,UNIT_SCADA,1,"2019/09/04 14:20:00",CATHROCK,0
D,DISPATCH,UNIT_SCADA,1,"2019/09/04 14:20:00",CHALLHWF,0
D,DISPATCH,UNIT_SCADA,1,"2019/09/04 14:20:00",CLOVER,-0.01
D,DISPATCH,UNIT_SCADA,1,"2019/09/04 14:20:00",CLUNY,11.929961
D,DISPATCH,UNIT_SCADA,1,"2019/09/04 14:20:00",CNUNDAWF,4.305022
D,DISPATCH,UNIT_SCADA,1,"2019/09/04 14:20:00",CULLRGWF,29.25
D,DISPATCH,UNIT_SCADA,1,"2019/09/04 14:20:00",ERGT01,0
D,DISPATCH,UNIT_SCADA,1,"2019/09/04 14:20:00",GB01,0.005852
D,DISPATCH,UNIT_SCADA,1,"2019/09/04 14:20:00",GERMCRK,33.200001
D,DISPATCH,UNIT_SCADA,1,"2019/09/04 14:20:00",GRIFSF1,25.199997
D,DISPATCH,UNIT_SCADA,1,"2019/09/04 14:20:00",HUGSF1,9.0010
D,DISPATCH,UNIT_SCADA,1,"2019/09/04 14:20:00",LKBONNY1,5.269252
D,DISPATCH,UNIT_SCADA,1,"2019/09/04 14:20:00",LRSF1,12.8830
D,DISPATCH,UNIT_SCADA,1,"2019/09/04 14:20:00",MBAHNTH,33.393745
D,DISPATCH,UNIT_SCADA,1,"2019/09/04 14:20:00",MLSP1,3.253001
D,DISPATCH,UNIT_SCADA,1,"2019/09/04 14:20:00",MLWF1,4.9350
D,DISPATCH,UNIT_SCADA,1,"2019/09/04 14:20:00",MTMILLAR,0.141385
D,DISPATCH,UNIT_SCADA,1,"2019/09/04 14:20:00",PALOONA,24.32
D,DISPATCH,UNIT_SCADA,1,"2019/09/04 14:20:00",PIONEER,8.900001
D,DISPATCH,UNIT_SCADA,1,"2019/09/04 14:20:00",PORTWF,12
D,DISPATCH,UNIT_SCADA,1,"2019/09/04 14:20:00",REPULSE,19.710384
D,DISPATCH,UNIT_SCADA,1,"2019/09/04 14:20:00",ROWALLAN,10.4015
D,DISPATCH,UNIT_SCADA,1,"2019/09/04 14:20:00",ROYALLA1,5.663001
D,DISPATCH,UNIT_SCADA,1,"2019/09/04 14:20:00",RPCG,-0.40
D,DISPATCH,UNIT_SCADA,1,"2019/09/04 14:20:00",RUBICON,0
D,DISPATCH,UNIT_SCADA,1,"2019/09/04 14:20:00",SATGN1,0
D,DISPATCH,UNIT_SCADA,1,"2019/09/04 14:20:00",SATGS1,0
D,DISPATCH,UNIT_SCADA,1,"2019/09/04 14:20:00",STARHLWF,0.499854
D,DISPATCH,UNIT_SCADA,1,"2019/09/04 14:20:00",WAUBRAWF,23.016001
D,DISPATCH,UNIT_SCADA,1,"2019/09/04 14:20:00",WOOLNTH1,78.440018
D,DISPATCH,UNIT_SCADA,1,"2019/09/04 14:20:00",WPWF,4
D,DISPATCH,UNIT_SCADA,1,"2019/09/04 14:20:00",YAMBUKWF,3.20
D,DISPATCH,UNIT_SCADA,1,"2019/09/04 14:20:00",YSWF1,15.10
D,DISPATCH,UNIT_SCADA,1,"2019/09/04 14:20:00",AGLHAL,0
D,DISPATCH,UNIT_SCADA,1,"2019/09/04 14:20:00",AGLSOM,0
D,DISPATCH,UNIT_SCADA,1,"2019/09/04 14:20:00",ANGAST1,0
D,DISPATCH,UNIT_SCADA,1,"2019/09/04 14:20:00",ARWF1,24.40
D,DISPATCH,UNIT_SCADA,1,"2019/09/04 14:20:00",BALBG1,0
D,DISPATCH,UNIT_SCADA,1,"2019/09/04 14:20:00",BALBL1,11.43
D,DISPATCH,UNIT_SCADA,1,"2019/09/04 14:20:00",BALDHWF1,40.7850
D,DISPATCH,UNIT_SCADA,1,"2019/09/04 14:20:00",BANN1,44.79
D,DISPATCH,UNIT_SCADA,1,"2019/09/04 14:20:00",BARCALDN,0
D,DISPATCH,UNIT_SCADA,1,"2019/09/04 14:20:00",BARRON-1,24.36
D,DISPATCH,UNIT_SCADA,1,"2019/09/04 14:20:00",BARRON-2,0
D,DISPATCH,UNIT_SCADA,1,"2019/09/04 14:20:00",BASTYAN,79.650010
D,DISPATCH,UNIT_SCADA,1,"2019/09/04 14:20:00",BBTHREE1,0
D,DISPATCH,UNIT_SCADA,1,"2019/09/04 14:20:00",BBTHREE2,0
D,DISPATCH,UNIT_SCADA,1,"2019/09/04 14:20:00",BBTHREE3,0
D,DISPATCH,UNIT_SCADA,1,"2019/09/04 14:20:00",BDL01,0
D,DISPATCH,UNIT_SCADA,1,"2019/09/04 14:20:00",BDL02,-0.06
D,DISPATCH,UNIT_SCADA,1,"2019/09/04 14:20:00",BERYLSF1,77.359310
D,DISPATCH,UNIT_SCADA,1,"2019/09/04 14:20:00",BLOWERNG,11.10
D,DISPATCH,UNIT_SCADA,1,"2019/09/04 14:20:00",BLUFF1,0
D,DISPATCH,UNIT_SCADA,1,"2019/09/04 14:20:00",BNGSF1,96.13
D,DISPATCH,UNIT_SCADA,1,"2019/09/04 14:20:00",BNGSF2,19.98
D,DISPATCH,UNIT_SCADA,1,"2019/09/04 14:20:00",BOCORWF1,74.10
D,DISPATCH,UNIT_SCADA,1,"2019/09/04 14:20:00",BODWF1,80.6404
D,DISPATCH,UNIT_SCADA,1,"2019/09/04 14:20:00",BRAEMAR1,0
D,DISPATCH,UNIT_SCADA,1,"2019/09/04 14:20:00",BRAEMAR2,0
D,DISPATCH,UNIT_SCADA,1,"2019/09/04 14:20:00",BRAEMAR3,0
D,DISPATCH,UNIT_SCADA,1,"2019/09/04 14:20:00",BRAEMAR5,0
D,DISPATCH,UNIT_SCADA,1,"2019/09/04 14:20:00",BRAEMAR6,0
D,DISPATCH,UNIT_SCADA,1,"2019/09/04 14:20:00",BRAEMAR7,0
D,DISPATCH,UNIT_SCADA,1,"2019/09/04 14:20:00",BROKENH1,28.875980
D,DISPATCH,UNIT_SCADA,1,"2019/09/04 14:20:00",BW01,590.200070
D,DISPATCH,UNIT_SCADA,1,"2019/09/04 14:20:00",BW02,589.599980
D,DISPATCH,UNIT_SCADA,1,"2019/09/04 14:20:00",BW03,596.175050
D,DISPATCH,UNIT_SCADA,1,"2019/09/04 14:20:00",BW04,0
D,DISPATCH,UNIT_SCADA,1,"2019/09/04 14:20:00",CALL_B_1,160.20
D,DISPATCH,UNIT_SCADA,1,"2019/09/04 14:20:00",CALL_B_2,159.900010
D,DISPATCH,UNIT_SCADA,1,"2019/09/04 14:20:00",CETHANA,38.07
D,DISPATCH,UNIT_SCADA,1,"2019/09/04 14:20:00",CG1,0
D,DISPATCH,UNIT_SCADA,1,"2019/09/04 14:20:00",CG2,0
D,DISPATCH,UNIT_SCADA,1,"2019/09/04 14:20:00",CG3,0
D,DISPATCH,UNIT_SCADA,1,"2019/09/04 14:20:00",CG4,0
D,DISPATCH,UNIT_SCADA,1,"2019/09/04 14:20:00",CHILDSF1,50.82
D,DISPATCH,UNIT_SCADA,1,"2019/09/04 14:20:00",CLARESF1,31.476740
D,DISPATCH,UNIT_SCADA,1,"2019/09/04 14:20:00",CLEMGPWF,-0.432210
D,DISPATCH,UNIT_SCADA,1,"2019/09/04 14:20:00",CLERMSF1,14.54
D,DISPATCH,UNIT_SCADA,1,"2019/09/04 14:20:00",COLEASF1,124.100010
D,DISPATCH,UNIT_SCADA,1,"2019/09/04 14:20:00",COOPGWF1,0
D,DISPATCH,UNIT_SCADA,1,"2019/09/04 14:20:00",CPP_3,198.275010
D,DISPATCH,UNIT_SCADA,1,"2019/09/04 14:20:00",CPP_4,170.225010
D,DISPATCH,UNIT_SCADA,1,"2019/09/04 14:20:00",CPSA,73.278120
D,DISPATCH,UNIT_SCADA,1,"2019/09/04 14:20:00",CROOKWF2,87.865010
D,DISPATCH,UNIT_SCADA,1,"2019/09/04 14:20:00",CROWLWF1,9.039360
D,DISPATCH,UNIT_SCADA,1,"2019/09/04 14:20:00",CSPVPS1,31.8670
D,DISPATCH,UNIT_SCADA,1,"2019/09/04 14:20:00",DALNTH01,0
D,DISPATCH,UNIT_SCADA,1,"2019/09/04 14:20:00",DALNTHL1,0.077820
D,DISPATCH,UNIT_SCADA,1,"2019/09/04 14:20:00",DARTM1,0
D,DISPATCH,UNIT_SCADA,1,"2019/09/04 14:20:00",DAYDSF1,0
D,DISPATCH,UNIT_SCADA,1,"2019/09/04 14:20:00",DDPS1,0
D,DISPATCH,UNIT_SCADA,1,"2019/09/04 14:20:00",DDSF1,95.326210
D,DISPATCH,UNIT_SCADA,1,"2019/09/04 14:20:00",DEVILS_G,56.246830
D,DISPATCH,UNIT_SCADA,1,"2019/09/04 14:20:00",DG_NSW1,0
D,DISPATCH,UNIT_SCADA,1,"2019/09/04 14:20:00",DG_QLD1,0
D,DISPATCH,UNIT_SCADA,1,"2019/09/04 14:20:00",DG_SA1,0
D,DISPATCH,UNIT_SCADA,1,"2019/09/04 14:20:00",DG_TAS1,0
D,DISPATCH,UNIT_SCADA,1,"2019/09/04 14:20:00",DG_VIC1,0
D,DISPATCH,UNIT_SCADA,1,"2019/09/04 14:20:00",DRYCGT1,0
D,DISPATCH,UNIT_SCADA,1,"2019/09/04 14:20:00",DRYCGT2,0
D,DISPATCH,UNIT_SCADA,1,"2019/09/04 14:20:00",DRYCGT3,0
D,DISPATCH,UNIT_SCADA,1,"2019/09/04 14:20:00",EILDON1,0
D,DISPATCH,UNIT_SCADA,1,"2019/09/04 14:20:00",EILDON2,0
D,DISPATCH,UNIT_SCADA,1,"2019/09/04 14:20:00",EMERASF1,0.16
D,DISPATCH,UNIT_SCADA,1,"2019/09/04 14:20:00",ER01,589.1250
D,DISPATCH,UNIT_SCADA,1,"2019/09/04 14:20:00",ER02,693.474980
D,DISPATCH,UNIT_SCADA,1,"2019/09/04 14:20:00",ER03,0
D,DISPATCH,UNIT_SCADA,1,"2019/09/04 14:20:00",ER04,695.275020
D,DISPATCH,UNIT_SCADA,1,"2019/09/04 14:20:00",FINLYSF1,8.768750
D,DISPATCH,UNIT_SCADA,1,"2019/09/04 14:20:00",FISHER,0
D,DISPATCH,UNIT_SCADA,1,"2019/09/04 14:20:00",GANNBG1,0
D,DISPATCH,UNIT_SCADA,1,"2019/09/04 14:20:00",GANNBL1,8.252720
D,DISPATCH,UNIT_SCADA,1,"2019/09/04 14:20:00",GANNSF1,4.80
D,DISPATCH,UNIT_SCADA,1,"2019/09/04 14:20:00",GORDON,20.8292
D,DISPATCH,UNIT_SCADA,1,"2019/09/04 14:20:00",GSTONE1,135.45
D,DISPATCH,UNIT_SCADA,1,"2019/09/04 14:20:00",GSTONE2,109.90
D,DISPATCH,UNIT_SCADA,1,"2019/09/04 14:20:00",GSTONE3,0
D,DISPATCH,UNIT_SCADA,1,"2019/09/04 14:20:00",GSTONE4,136.149990
D,DISPATCH,UNIT_SCADA,1,"2019/09/04 14:20:00",GSTONE5,133.524990
D,DISPATCH,UNIT_SCADA,1,"2019/09/04 14:20:00",GSTONE6,133.524990
D,DISPATCH,UNIT_SCADA,1,"2019/09/04 14:20:00",GULLRSF1,8.898280
D,DISPATCH,UNIT_SCADA,1,"2019/09/04 14:20:00",GULLRWF1,146.2330
D,DISPATCH,UNIT_SCADA,1,"2019/09/04 14:20:00",GUNNING1,37.0244
D,DISPATCH,UNIT_SCADA,1,"2019/09/04 14:20:00",GUTHEGA,0
D,DISPATCH,UNIT_SCADA,1,"2019/09/04 14:20:00",HALLWF1,-0.57
D,DISPATCH,UNIT_SCADA,1,"2019/09/04 14:20:00",HALLWF2,-0.33
D,DISPATCH,UNIT_SCADA,1,"2019/09/04 14:20:00",HAMISF1,43.90
D,DISPATCH,UNIT_SCADA,1,"2019/09/04 14:20:00",HAUGHT11,50.032640
D,DISPATCH,UNIT_SCADA,1,"2019/09/04 14:20:00",HAYMSF1,40.1990
D,DISPATCH,UNIT_SCADA,1,"2019/09/04 14:20:00",HDWF1,3.10
D,DISPATCH,UNIT_SCADA,1,"2019/09/04 14:20:00",HDWF2,5.20
D,DISPATCH,UNIT_SCADA,1,"2019/09/04 14:20:00",HDWF3,4.80
D,DISPATCH,UNIT_SCADA,1,"2019/09/04 14:20:00",HPRG1,0
D,DISPATCH,UNIT_SCADA,1,"2019/09/04 14:20:00",HPRL1,9.60
D,DISPATCH,UNIT_SCADA,1,"2019/09/04 14:20:00",HUMENSW,0
D,DISPATCH,UNIT_SCADA,1,"2019/09/04 14:20:00",HUMEV,24.70
D,DISPATCH,UNIT_SCADA,1,"2019/09/04 14:20:00",HVGTS,0
D,DISPATCH,UNIT_SCADA,1,"2019/09/04 14:20:00",JBUTTERS,20.66
D,DISPATCH,UNIT_SCADA,1,"2019/09/04 14:20:00",JLA01,52
D,DISPATCH,UNIT_SCADA,1,"2019/09/04 14:20:00",JLA02,0
D,DISPATCH,UNIT_SCADA,1,"2019/09/04 14:20:00",JLA03,0
D,DISPATCH,UNIT_SCADA,1,"2019/09/04 14:20:00",JLA04,0
D,DISPATCH,UNIT_SCADA,1,"2019/09/04 14:20:00",JLB01,0
D,DISPATCH,UNIT_SCADA,1,"2019/09/04 14:20:00",JLB02,0.10
D,DISPATCH,UNIT_SCADA,1,"2019/09/04 14:20:00",JLB03,0
D,DISPATCH,UNIT_SCADA,1,"2019/09/04 14:20:00",KAREEYA1,21.5825
D,DISPATCH,UNIT_SCADA,1,"2019/09/04 14:20:00",KAREEYA2,21.7375
D,DISPATCH,UNIT_SCADA,1,"2019/09/04 14:20:00",KAREEYA3,0
D,DISPATCH,UNIT_SCADA,1,"2019/09/04 14:20:00",KAREEYA4,21.6525
D,DISPATCH,UNIT_SCADA,1,"2019/09/04 14:20:00",KARSF1,26.20
D,DISPATCH,UNIT_SCADA,1,"2019/09/04 14:20:00",KIATAWF1,3.60
D,DISPATCH,UNIT_SCADA,1,"2019/09/04 14:20:00",KPP_1,0
D,DISPATCH,UNIT_SCADA,1,"2019/09/04 14:20:00",KSP1,12.39
D,DISPATCH,UNIT_SCADA,1,"2019/09/04 14:20:00",LADBROK1,0
D,DISPATCH,UNIT_SCADA,1,"2019/09/04 14:20:00",LADBROK2,0
D,DISPATCH,UNIT_SCADA,1,"2019/09/04 14:20:00",LD01,383.868710
D,DISPATCH,UNIT_SCADA,1,"2019/09/04 14:20:00",LD02,382.724950
D,DISPATCH,UNIT_SCADA,1,"2019/09/04 14:20:00",LD03,377.718750
D,DISPATCH,UNIT_SCADA,1,"2019/09/04 14:20:00",LD04,347.9812
D,DISPATCH,UNIT_SCADA,1,"2019/09/04 14:20:00",LEM_WIL,85.451550
D,DISPATCH,UNIT_SCADA,1,"2019/09/04 14:20:00",LGAPWF1,3.54
D,DISPATCH,UNIT_SCADA,1,"2019/09/04 14:20:00",LILYSF1,87.556090
D,DISPATCH,UNIT_SCADA,1,"2019/09/04 14:20:00",LI_WY_CA,100.339040
D,DISPATCH,UNIT_SCADA,1,"2019/09/04 14:20:00",LKBONNY2,13.401960
D,DISPATCH,UNIT_SCADA,1,"2019/09/04 14:20:00",LKBONNY3,2.567810
D,DISPATCH,UNIT_SCADA,1,"2019/09/04 14:20:00",LK_ECHO,0
D,DISPATCH,UNIT_SCADA,1,"2019/09/04 14:20:00",LNGS1,0
D,DISPATCH,UNIT_SCADA,1,"2019/09/04 14:20:00",LNGS2,0
D,DISPATCH,UNIT_SCADA,1,"2019/09/04 14:20:00",LONSDALE,0
D,DISPATCH,UNIT_SCADA,1,"2019/09/04 14:20:00",LOYYB1,536.088620
D,DISPATCH,UNIT_SCADA,1,"2019/09/04 14:20:00",LOYYB2,583.834170
D,DISPATCH,UNIT_SCADA,1,"2019/09/04 14:20:00",LYA1,0
D,DISPATCH,UNIT_SCADA,1,"2019/09/04 14:20:00",LYA2,0
D,DISPATCH,UNIT_SCADA,1,"2019/09/04 14:20:00",LYA3,558
D,DISPATCH,UNIT_SCADA,1,"2019/09/04 14:20:00",LYA4,538
D,DISPATCH,UNIT_SCADA,1,"2019/09/04 14:20:00",MACARTH1,0
D,DISPATCH,UNIT_SCADA,1,"2019/09/04 14:20:00",MACKAYGT,0.2240
D,DISPATCH,UNIT_SCADA,1,"2019/09/04 14:20:00",MACKNTSH,88.070010
D,DISPATCH,UNIT_SCADA,1,"2019/09/04 14:20:00",MANSLR1,40.7710
D,DISPATCH,UNIT_SCADA,1,"2019/09/04 14:20:00",MCKAY1,-0.0350
D,DISPATCH,UNIT_SCADA,1,"2019/09/04 14:20:00",MEADOWBK,24.807440
D,DISPATCH,UNIT_SCADA,1,"2019/09/04 14:20:00",MERCER01,57.5420
D,DISPATCH,UNIT_SCADA,1,"2019/09/04 14:20:00",MEWF1,69.550080
D,DISPATCH,UNIT_SCADA,1,"2019/09/04 14:20:00",MINTARO,0
D,DISPATCH,UNIT_SCADA,1,"2019/09/04 14:20:00",MOREESF1,49.45
D,DISPATCH,UNIT_SCADA,1,"2019/09/04 14:20:00",MORTLK11,259
D,DISPATCH,UNIT_SCADA,1,"2019/09/04 14:20:00",MORTLK12,0
D,DISPATCH,UNIT_SCADA,1,"2019/09/04 14:20:00",MP1,221.8750
D,DISPATCH,UNIT_SCADA,1,"2019/09/04 14:20:00",MP2,0
D,DISPATCH,UNIT_SCADA,1,"2019/09/04 14:20:00",MPP_1,285.25
D,DISPATCH,UNIT_SCADA,1,"2019/09/04 14:20:00",MPP_2,291.25
D,DISPATCH,UNIT_SCADA,1,"2019/09/04 14:20:00",MSTUART1,0
D,DISPATCH,UNIT_SCADA,1,"2019/09/04 14:20:00",MSTUART2,0
D,DISPATCH,UNIT_SCADA,1,"2019/09/04 14:20:00",MSTUART3,0
D,DISPATCH,UNIT_SCADA,1,"2019/09/04 14:20:00",MTGELWF1,64.307080
D,DISPATCH,UNIT_SCADA,1,"2019/09/04 14:20:00",MURRAY,0
D,DISPATCH,UNIT_SCADA,1,"2019/09/04 14:20:00",MUSSELR1,161.50
D,DISPATCH,UNIT_SCADA,1,"2019/09/04 14:20:00",MUWAWF1,11.05
D,DISPATCH,UNIT_SCADA,1,"2019/09/04 14:20:00",NBHWF1,-0.40
D,DISPATCH,UNIT_SCADA,1,"2019/09/04 14:20:00",NPS,66.75
D,DISPATCH,UNIT_SCADA,1,"2019/09/04 14:20:00",NUMURSF1,27.79
D,DISPATCH,UNIT_SCADA,1,"2019/09/04 14:20:00",NYNGAN1,90
D,DISPATCH,UNIT_SCADA,1,"2019/09/04 14:20:00",OAKEY1,0
D,DISPATCH,UNIT_SCADA,1,"2019/09/04 14:20:00",OAKEY1SF,24.1620
D,DISPATCH,UNIT_SCADA,1,"2019/09/04 14:20:00",OAKEY2,0
D,DISPATCH,UNIT_SCADA,1,"2019/09/04 14:20:00",OAKEY2SF,0
D,DISPATCH,UNIT_SCADA,1,"2019/09/04 14:20:00",OAKLAND1,5.90
D,DISPATCH,UNIT_SCADA,1,"2019/09/04 14:20:00",OSB-AG,178.56
D,DISPATCH,UNIT_SCADA,1,"2019/09/04 14:20:00",PARSF1,45.399990
D,DISPATCH,UNIT_SCADA,1,"2019/09/04 14:20:00",POAT110,0
D,DISPATCH,UNIT_SCADA,1,"2019/09/04 14:20:00",POAT220,24.06
D,DISPATCH,UNIT_SCADA,1,"2019/09/04 14:20:00",POR01,0
D,DISPATCH,UNIT_SCADA,1,"2019/09/04 14:20:00",POR03,0
D,DISPATCH,UNIT_SCADA,1,"2019/09/04 14:20:00",PPCCGT,472.8649
D,DISPATCH,UNIT_SCADA,1,"2019/09/04 14:20:00",PTSTAN1,0
D,DISPATCH,UNIT_SCADA,1,"2019/09/04 14:20:00",PUMP1,0
D,DISPATCH,UNIT_SCADA,1,"2019/09/04 14:20:00",PUMP2,0
D,DISPATCH,UNIT_SCADA,1,"2019/09/04 14:20:00",QPS1,0
D,DISPATCH,UNIT_SCADA,1,"2019/09/04 14:20:00",QPS2,0
D,DISPATCH,UNIT_SCADA,1,"2019/09/04 14:20:00",QPS3,0
D,DISPATCH,UNIT_SCADA,1,"2019/09/04 14:20:00",QPS4,0
D,DISPATCH,UNIT_SCADA,1,"2019/09/04 14:20:00",QPS5,0
D,DISPATCH,UNIT_SCADA,1,"2019/09/04 14:20:00",REECE1,118.160010
D,DISPATCH,UNIT_SCADA,1,"2019/09/04 14:20:00",REECE2,101.390010
D,DISPATCH,UNIT_SCADA,1,"2019/09/04 14:20:00",ROMA_7,0
D,DISPATCH,UNIT_SCADA,1,"2019/09/04 14:20:00",ROMA_8,0
D,DISPATCH,UNIT_SCADA,1,"2019/09/04 14:20:00",RRSF1,115.076260
D,DISPATCH,UNIT_SCADA,1,"2019/09/04 14:20:00",RT_NSW1,0
D,DISPATCH,UNIT_SCADA,1,"2019/09/04 14:20:00",RT_NSW2,0
D,DISPATCH,UNIT_SCADA,1,"2019/09/04 14:20:00",RT_NSW3,0
D,DISPATCH,UNIT_SCADA,1,"2019/09/04 14:20:00",RT_NSW4,0
D,DISPATCH,UNIT_SCADA,1,"2019/09/04 14:20:00",RT_NSW5,0
D,DISPATCH,UNIT_SCADA,1,"2019/09/04 14:20:00",RT_NSW6,0
D,DISPATCH,UNIT_SCADA,1,"2019/09/04 14:20:00",RT_QLD1,0
D,DISPATCH,UNIT_SCADA,1,"2019/09/04 14:20:00",RT_SA1,0
D,DISPATCH,UNIT_SCADA,1,"2019/09/04 14:20:00",RT_SA2,0
D,DISPATCH,UNIT_SCADA,1,"2019/09/04 14:20:00",RT_SA3,0
D,DISPATCH,UNIT_SCADA,1,"2019/09/04 14:20:00",RT_SA4,0
D,DISPATCH,UNIT_SCADA,1,"2019/09/04 14:20:00",RT_SA5,0
D,DISPATCH,UNIT_SCADA,1,"2019/09/04 14:20:00",RT_SA6,0
D,DISPATCH,UNIT_SCADA,1,"2019/09/04 14:20:00",RT_TAS1,0
D,DISPATCH,UNIT_SCADA,1,"2019/09/04 14:20:00",RT_VIC1,0
D,DISPATCH,UNIT_SCADA,1,"2019/09/04 14:20:00",RT_VIC10,0
D,DISPATCH,UNIT_SCADA,1,"2019/09/04 14:20:00",RT_VIC11,0
D,DISPATCH,UNIT_SCADA,1,"2019/09/04 14:20:00",RT_VIC12,0
D,DISPATCH,UNIT_SCADA,1,"2019/09/04 14:20:00",RT_VIC2,0
D,DISPATCH,UNIT_SCADA,1,"2019/09/04 14:20:00",RT_VIC3,0
D,DISPATCH,UNIT_SCADA,1,"2019/09/04 14:20:00",RT_VIC4,0
D,DISPATCH,UNIT_SCADA,1,"2019/09/04 14:20:00",RT_VIC5,0
D,DISPATCH,UNIT_SCADA,1,"2019/09/04 14:20:00",RT_VIC6,0
D,DISPATCH,UNIT_SCADA,1,"2019/09/04 14:20:00",RT_VIC7,0
D,DISPATCH,UNIT_SCADA,1,"2019/09/04 14:20:00",RT_VIC8,0
D,DISPATCH,UNIT_SCADA,1,"2019/09/04 14:20:00",RT_VIC9,0
D,DISPATCH,UNIT_SCADA,1,"2019/09/04 14:20:00",RUGBYR1,60.289020
D,DISPATCH,UNIT_SCADA,1,"2019/09/04 14:20:00",SALTCRK1,8.97
D,DISPATCH,UNIT_SCADA,1,"2019/09/04 14:20:00",SAPHWF1,197.737490
D,DISPATCH,UNIT_SCADA,1,"2019/09/04 14:20:00",SHGEN,0
D,DISPATCH,UNIT_SCADA,1,"2019/09/04 14:20:00",SHPUMP,158.765350
D,DISPATCH,UNIT_SCADA,1,"2019/09/04 14:20:00",SITHE01,0.2041
D,DISPATCH,UNIT_SCADA,1,"2019/09/04 14:20:00",SMCSF1,76.9211
D,DISPATCH,UNIT_SCADA,1,"2019/09/04 14:20:00",SNOWNTH1,0
D,DISPATCH,UNIT_SCADA,1,"2019/09/04 14:20:00",SNOWSTH1,0.10
D,DISPATCH,UNIT_SCADA,1,"2019/09/04 14:20:00",SNOWTWN1,-0.498140
D,DISPATCH,UNIT_SCADA,1,"2019/09/04 14:20:00",SNOWYP,0
D,DISPATCH,UNIT_SCADA,1,"2019/09/04 14:20:00",SNUG1,0.019440
D,DISPATCH,UNIT_SCADA,1,"2019/09/04 14:20:00",SRSF1,34.61
D,DISPATCH,UNIT_SCADA,1,"2019/09/04 14:20:00",STAN-1,365.602110
D,DISPATCH,UNIT_SCADA,1,"2019/09/04 14:20:00",STAN-2,248.7935
D,DISPATCH,UNIT_SCADA,1,"2019/09/04 14:20:00",STAN-3,247.806530
D,DISPATCH,UNIT_SCADA,1,"2019/09/04 14:20:00",STAN-4,245.2686
D,DISPATCH,UNIT_SCADA,1,"2019/09/04 14:20:00",STWF1,34.908750
D,DISPATCH,UNIT_SCADA,1,"2019/09/04 14:20:00",SWAN_E,0
D,DISPATCH,UNIT_SCADA,1,"2019/09/04 14:20:00",TALWA1,411
D,DISPATCH,UNIT_SCADA,1,"2019/09/04 14:20:00",TARALGA1,92.955020
D,DISPATCH,UNIT_SCADA,1,"2019/09/04 14:20:00",TARONG#1,349.800020
D,DISPATCH,UNIT_SCADA,1,"2019/09/04 14:20:00",TARONG#2,0
D,DISPATCH,UNIT_SCADA,1,"2019/09/04 14:20:00",TARONG#3,279.800020
D,DISPATCH,UNIT_SCADA,1,"2019/09/04 14:20:00",TARONG#4,350.50
D,DISPATCH,UNIT_SCADA,1,"2019/09/04 14:20:00",TARRALEA,75.70
D,DISPATCH,UNIT_SCADA,1,"2019/09/04 14:20:00",TBSF1,23
D,DISPATCH,UNIT_SCADA,1,"2019/09/04 14:20:00",TNPS1,442.000030
D,DISPATCH,UNIT_SCADA,1,"2019/09/04 14:20:00",TORRA1,74.293290
D,DISPATCH,UNIT_SCADA,1,"2019/09/04 14:20:00",TORRA2,0
D,DISPATCH,UNIT_SCADA,1,"2019/09/04 14:20:00",TORRA3,0
D,DISPATCH,UNIT_SCADA,1,"2019/09/04 14:20:00",TORRA4,68.729280
D,DISPATCH,UNIT_SCADA,1,"2019/09/04 14:20:00",TORRB1,115.77
D,DISPATCH,UNIT_SCADA,1,"2019/09/04 14:20:00",TORRB2,116.10
D,DISPATCH,UNIT_SCADA,1,"2019/09/04 14:20:00",TORRB3,115.50
D,DISPATCH,UNIT_SCADA,1,"2019/09/04 14:20:00",TORRB4,0
D,DISPATCH,UNIT_SCADA,1,"2019/09/04 14:20:00",TREVALLN,0
D,DISPATCH,UNIT_SCADA,1,"2019/09/04 14:20:00",TRIBUTE,0
D,DISPATCH,UNIT_SCADA,1,"2019/09/04 14:20:00",TUMUT3,0
D,DISPATCH,UNIT_SCADA,1,"2019/09/04 14:20:00",TUNGATIN,6.80
D,DISPATCH,UNIT_SCADA,1,"2019/09/04 14:20:00",TVCC201,0
D,DISPATCH,UNIT_SCADA,1,"2019/09/04 14:20:00",TVPP104,0
D,DISPATCH,UNIT_SCADA,1,"2019/09/04 14:20:00",UPPTUMUT,119.673520
D,DISPATCH,UNIT_SCADA,1,"2019/09/04 14:20:00",URANQ11,0
D,DISPATCH,UNIT_SCADA,1,"2019/09/04 14:20:00",URANQ12,0
D,DISPATCH,UNIT_SCADA,1,"2019/09/04 14:20:00",URANQ13,155.068760
D,DISPATCH,UNIT_SCADA,1,"2019/09/04 14:20:00",URANQ14,0
D,DISPATCH,UNIT_SCADA,1,"2019/09/04 14:20:00",VP5,501.424990
D,DISPATCH,UNIT_SCADA,1,"2019/09/04 14:20:00",VP6,0
D,DISPATCH,UNIT_SCADA,1,"2019/09/04 14:20:00",VPGS1,0
D,DISPATCH,UNIT_SCADA,1,"2019/09/04 14:20:00",VPGS2,0
D,DISPATCH,UNIT_SCADA,1,"2019/09/04 14:20:00",VPGS3,0
D,DISPATCH,UNIT_SCADA,1,"2019/09/04 14:20:00",VPGS4,0
D,DISPATCH,UNIT_SCADA,1,"2019/09/04 14:20:00",VPGS5,0
D,DISPATCH,UNIT_SCADA,1,"2019/09/04 14:20:00",VPGS6,0
D,DISPATCH,UNIT_SCADA,1,"2019/09/04 14:20:00",W/HOE#1,0
D,DISPATCH,UNIT_SCADA,1,"2019/09/04 14:20:00",W/HOE#2,0
D,DISPATCH,UNIT_SCADA,1,"2019/09/04 14:20:00",WATERLWF,0.70
D,DISPATCH,UNIT_SCADA,1,"2019/09/04 14:20:00",WEMENSF1,29.50
D,DISPATCH,UNIT_SCADA,1,"2019/09/04 14:20:00",WGWF1,2.60
D,DISPATCH,UNIT_SCADA,1,"2019/09/04 14:20:00",WHITSF1,0
D,DISPATCH,UNIT_SCADA,1,"2019/09/04 14:20:00",WKIEWA1,0
D,DISPATCH,UNIT_SCADA,1,"2019/09/04 14:20:00",WKIEWA2,0.10
D,DISPATCH,UNIT_SCADA,1,"2019/09/04 14:20:00",WOODLWN1,44.873990
D,DISPATCH,UNIT_SCADA,1,"2019/09/04 14:20:00",WRSF1,17.63
D,DISPATCH,UNIT_SCADA,1,"2019/09/04 14:20:00",WRWF1,142.63
D,DISPATCH,UNIT_SCADA,1,"2019/09/04 14:20:00",YABULU,0
D,DISPATCH,UNIT_SCADA,1,"2019/09/04 14:20:00",YABULU2,0
D,DISPATCH,UNIT_SCADA,1,"2019/09/04 14:20:00",YARWUN_1,114.75
D,DISPATCH,UNIT_SCADA,1,"2019/09/04 14:20:00",YENDWF1,42
D,DISPATCH,UNIT_SCADA,1,"2019/09/04 14:20:00",YWPS1,382.205080
D,DISPATCH,UNIT_SCADA,1,"2019/09/04 14:20:00",YWPS2,280.448090
D,DISPATCH,UNIT_SCADA,1,"2019/09/04 14:20:00",YWPS3,353.743040
D,DISPATCH,UNIT_SCADA,1,"2019/09/04 14:20:00",YWPS4,338.50
C,"END OF REPORT",335
