C,NEMP.WORLD,DISPATCHSCADA,AEMO,PUBLIC,2019/08/22,10:10:08,0000000311862566,DISPATCHSCADA,0000000311862560
I,DISPATCH,UNIT_SCADA,1,SETTLEMENTDATE,DUID,SCADAVALUE
D,DISPATCH,UNIT_SCADA,1,"2019/08/22 10:15:00",BARCSF1,18
D,DISPATCH,UNIT_SCADA,1,"2019/08/22 10:15:00",BUTLERSG,9.699999
D,DISPATCH,UNIT_SCADA,1,"2019/08/22 10:15:00",CALL_A_4,0
D,DISPATCH,UNIT_SCADA,1,"2019/08/22 10:15:00",CAPTL_WF,52.100006
D,DISPATCH,UNIT_SCADA,1,"2019/08/22 10:15:00",CATHROCK,0
D,DISPATCH,UNIT_SCADA,1,"2019/08/22 10:15:00",CHALLHWF,43
D,DISPATCH,UNIT_SCADA,1,"2019/08/22 10:15:00",CLOVER,0
D,DISPATCH,UNIT_SCADA,1,"2019/08/22 10:15:00",CLUNY,19.978485
D,DISPATCH,UNIT_SCADA,1,"2019/08/22 10:15:00",CNUNDAWF,15.818453
D,DISPATCH,UNIT_SCADA,1,"2019/08/22 10:15:00",CULLRGWF,30.129999
D,DISPATCH,UNIT_SCADA,1,"2019/08/22 10:15:00",ERGT01,0
D,DISPATCH,UNIT_SCADA,1,"2019/08/22 10:15:00",GB01,0.052750
D,DISPATCH,UNIT_SCADA,1,"2019/08/22 10:15:00",GERMCRK,31.90
D,DISPATCH,UNIT_SCADA,1,"2019/08/22 10:15:00",GRIFSF1,10.599991
D,DISPATCH,UNIT_SCADA,1,"2019/08/22 10:15:00",HUGSF1,8.9930
D,DISPATCH,UNIT_SCADA,1,"2019/08/22 10:15:00",LKBONNY1,36.080982
D,DISPATCH,UNIT_SCADA,1,"2019/08/22 10:15:00",LRSF1,0.0390
D,DISPATCH,UNIT_SCADA,1,"2019/08/22 10:15:00",MBAHNTH,55.912506
D,DISPATCH,UNIT_SCADA,1,"2019/08/22 10:15:00",MLSP1,9.934001
D,DISPATCH,UNIT_SCADA,1,"2019/08/22 10:15:00",MLWF1,16.23
D,DISPATCH,UNIT_SCADA,1,"2019/08/22 10:15:00",MTMILLAR,1.480821
D,DISPATCH,UNIT_SCADA,1,"2019/08/22 10:15:00",PALOONA,28.719999
D,DISPATCH,UNIT_SCADA,1,"2019/08/22 10:15:00",PIONEER,41.799999
D,DISPATCH,UNIT_SCADA,1,"2019/08/22 10:15:00",PORTWF,64.800003
D,DISPATCH,UNIT_SCADA,1,"2019/08/22 10:15:00",REPULSE,28.663157
D,DISPATCH,UNIT_SCADA,1,"2019/08/22 10:15:00",ROWALLAN,10.4015
D,DISPATCH,UNIT_SCADA,1,"2019/08/22 10:15:00",ROYALLA1,17.9020
D,DISPATCH,UNIT_SCADA,1,"2019/08/22 10:15:00",RPCG,10.60
D,DISPATCH,UNIT_SCADA,1,"2019/08/22 10:15:00",RUBICON,0
D,DISPATCH,UNIT_SCADA,1,"2019/08/22 10:15:00",SATGN1,0
D,DISPATCH,UNIT_SCADA,1,"2019/08/22 10:15:00",SATGS1,0
D,DISPATCH,UNIT_SCADA,1,"2019/08/22 10:15:00",STARHLWF,0.299913
D,DISPATCH,UNIT_SCADA,1,"2019/08/22 10:15:00",WAUBRAWF,181.054993
D,DISPATCH,UNIT_SCADA,1,"2019/08/22 10:15:00",WOOLNTH1,120.130020
D,DISPATCH,UNIT_SCADA,1,"2019/08/22 10:15:00",WPWF,3
D,DISPATCH,UNIT_SCADA,1,"2019/08/22 10:15:00",YAMBUKWF,24
D,DISPATCH,UNIT_SCADA,1,"2019/08/22 10:15:00",YSWF1,23.700001
D,DISPATCH,UNIT_SCADA,1,"2019/08/22 10:15:00",AGLHAL,0
D,DISPATCH,UNIT_SCADA,1,"2019/08/22 10:15:00",AGLSOM,0
D,DISPATCH,UNIT_SCADA,1,"2019/08/22 10:15:00",ANGAST1,0
D,DISPATCH,UNIT_SCADA,1,"2019/08/22 10:15:00",ARWF1,201.299990
D,DISPATCH,UNIT_SCADA,1,"2019/08/22 10:15:00",BALBG1,0
D,DISPATCH,UNIT_SCADA,1,"2019/08/22 10:15:00",BALBL1,0
D,DISPATCH,UNIT_SCADA,1,"2019/08/22 10:15:00",BALDHWF1,98.9310
D,DISPATCH,UNIT_SCADA,1,"2019/08/22 10:15:00",BANN1,21.59
D,DISPATCH,UNIT_SCADA,1,"2019/08/22 10:15:00",BARCALDN,0
D,DISPATCH,UNIT_SCADA,1,"2019/08/22 10:15:00",BARRON-1,0
D,DISPATCH,UNIT_SCADA,1,"2019/08/22 10:15:00",BARRON-2,24.80
D,DISPATCH,UNIT_SCADA,1,"2019/08/22 10:15:00",BASTYAN,78.38
D,DISPATCH,UNIT_SCADA,1,"2019/08/22 10:15:00",BBTHREE1,-1.96
D,DISPATCH,UNIT_SCADA,1,"2019/08/22 10:15:00",BBTHREE2,-1.99
D,DISPATCH,UNIT_SCADA,1,"2019/08/22 10:15:00",BBTHREE3,-1.08
D,DISPATCH,UNIT_SCADA,1,"2019/08/22 10:15:00",BDL01,0
D,DISPATCH,UNIT_SCADA,1,"2019/08/22 10:15:00",BDL02,-0.06
D,DISPATCH,UNIT_SCADA,1,"2019/08/22 10:15:00",BERYLSF1,50.560590
D,DISPATCH,UNIT_SCADA,1,"2019/08/22 10:15:00",BLOWERNG,0
D,DISPATCH,UNIT_SCADA,1,"2019/08/22 10:15:00",BLUFF1,5.80
D,DISPATCH,UNIT_SCADA,1,"2019/08/22 10:15:00",BNGSF1,91.26
D,DISPATCH,UNIT_SCADA,1,"2019/08/22 10:15:00",BNGSF2,19.97
D,DISPATCH,UNIT_SCADA,1,"2019/08/22 10:15:00",BOCORWF1,104.11
D,DISPATCH,UNIT_SCADA,1,"2019/08/22 10:15:00",BODWF1,105.602870
D,DISPATCH,UNIT_SCADA,1,"2019/08/22 10:15:00",BRAEMAR1,0
D,DISPATCH,UNIT_SCADA,1,"2019/08/22 10:15:00",BRAEMAR2,0
D,DISPATCH,UNIT_SCADA,1,"2019/08/22 10:15:00",BRAEMAR3,0
D,DISPATCH,UNIT_SCADA,1,"2019/08/22 10:15:00",BRAEMAR5,0
D,DISPATCH,UNIT_SCADA,1,"2019/08/22 10:15:00",BRAEMAR6,0
D,DISPATCH,UNIT_SCADA,1,"2019/08/22 10:15:00",BRAEMAR7,0
D,DISPATCH,UNIT_SCADA,1,"2019/08/22 10:15:00",BROKENH1,16.9978
D,DISPATCH,UNIT_SCADA,1,"2019/08/22 10:15:00",BW01,476.25
D,DISPATCH,UNIT_SCADA,1,"2019/08/22 10:15:00",BW02,497.900020
D,DISPATCH,UNIT_SCADA,1,"2019/08/22 10:15:00",BW03,515.599980
D,DISPATCH,UNIT_SCADA,1,"2019/08/22 10:15:00",BW04,0
D,DISPATCH,UNIT_SCADA,1,"2019/08/22 10:15:00",CALL_B_1,275.200010
D,DISPATCH,UNIT_SCADA,1,"2019/08/22 10:15:00",CALL_B_2,279.700010
D,DISPATCH,UNIT_SCADA,1,"2019/08/22 10:15:00",CETHANA,98.1845
D,DISPATCH,UNIT_SCADA,1,"2019/08/22 10:15:00",CG1,0
D,DISPATCH,UNIT_SCADA,1,"2019/08/22 10:15:00",CG2,0
D,DISPATCH,UNIT_SCADA,1,"2019/08/22 10:15:00",CG3,0
D,DISPATCH,UNIT_SCADA,1,"2019/08/22 10:15:00",CG4,0
D,DISPATCH,UNIT_SCADA,1,"2019/08/22 10:15:00",CHILDSF1,40.12
D,DISPATCH,UNIT_SCADA,1,"2019/08/22 10:15:00",CLARESF1,2.017540
D,DISPATCH,UNIT_SCADA,1,"2019/08/22 10:15:00",CLEMGPWF,0.504250
D,DISPATCH,UNIT_SCADA,1,"2019/08/22 10:15:00",CLERMSF1,0.99
D,DISPATCH,UNIT_SCADA,1,"2019/08/22 10:15:00",COLEASF1,114.100010
D,DISPATCH,UNIT_SCADA,1,"2019/08/22 10:15:00",COOPGWF1,33.186740
D,DISPATCH,UNIT_SCADA,1,"2019/08/22 10:15:00",CPP_3,405.075010
D,DISPATCH,UNIT_SCADA,1,"2019/08/22 10:15:00",CPP_4,260.975010
D,DISPATCH,UNIT_SCADA,1,"2019/08/22 10:15:00",CPSA,87.108120
D,DISPATCH,UNIT_SCADA,1,"2019/08/22 10:15:00",CROOKWF2,82.953750
D,DISPATCH,UNIT_SCADA,1,"2019/08/22 10:15:00",CROWLWF1,45.938690
D,DISPATCH,UNIT_SCADA,1,"2019/08/22 10:15:00",CSPVPS1,32.0230
D,DISPATCH,UNIT_SCADA,1,"2019/08/22 10:15:00",DALNTH01,0
D,DISPATCH,UNIT_SCADA,1,"2019/08/22 10:15:00",DALNTHL1,0.059510
D,DISPATCH,UNIT_SCADA,1,"2019/08/22 10:15:00",DARTM1,134.30
D,DISPATCH,UNIT_SCADA,1,"2019/08/22 10:15:00",DAYDSF1,0
D,DISPATCH,UNIT_SCADA,1,"2019/08/22 10:15:00",DDPS1,0
D,DISPATCH,UNIT_SCADA,1,"2019/08/22 10:15:00",DDSF1,101.896190
D,DISPATCH,UNIT_SCADA,1,"2019/08/22 10:15:00",DEVILS_G,0
D,DISPATCH,UNIT_SCADA,1,"2019/08/22 10:15:00",DG_NSW1,0
D,DISPATCH,UNIT_SCADA,1,"2019/08/22 10:15:00",DG_QLD1,0
D,DISPATCH,UNIT_SCADA,1,"2019/08/22 10:15:00",DG_SA1,0
D,DISPATCH,UNIT_SCADA,1,"2019/08/22 10:15:00",DG_TAS1,0
D,DISPATCH,UNIT_SCADA,1,"2019/08/22 10:15:00",DG_VIC1,0
D,DISPATCH,UNIT_SCADA,1,"2019/08/22 10:15:00",DRYCGT1,0
D,DISPATCH,UNIT_SCADA,1,"2019/08/22 10:15:00",DRYCGT2,0
D,DISPATCH,UNIT_SCADA,1,"2019/08/22 10:15:00",DRYCGT3,0
D,DISPATCH,UNIT_SCADA,1,"2019/08/22 10:15:00",EILDON1,0
D,DISPATCH,UNIT_SCADA,1,"2019/08/22 10:15:00",EILDON2,0
D,DISPATCH,UNIT_SCADA,1,"2019/08/22 10:15:00",EMERASF1,62.93
D,DISPATCH,UNIT_SCADA,1,"2019/08/22 10:15:00",ER01,409.799930
D,DISPATCH,UNIT_SCADA,1,"2019/08/22 10:15:00",ER02,422.724980
D,DISPATCH,UNIT_SCADA,1,"2019/08/22 10:15:00",ER03,699.849980
D,DISPATCH,UNIT_SCADA,1,"2019/08/22 10:15:00",ER04,433.924930
D,DISPATCH,UNIT_SCADA,1,"2019/08/22 10:15:00",FINLYSF1,3.795190
D,DISPATCH,UNIT_SCADA,1,"2019/08/22 10:15:00",FISHER,45.86
D,DISPATCH,UNIT_SCADA,1,"2019/08/22 10:15:00",GANNBG1,0
D,DISPATCH,UNIT_SCADA,1,"2019/08/22 10:15:00",GANNBL1,8.711570
D,DISPATCH,UNIT_SCADA,1,"2019/08/22 10:15:00",GANNSF1,44.70
D,DISPATCH,UNIT_SCADA,1,"2019/08/22 10:15:00",GORDON,47.4712
D,DISPATCH,UNIT_SCADA,1,"2019/08/22 10:15:00",GSTONE1,110.25
D,DISPATCH,UNIT_SCADA,1,"2019/08/22 10:15:00",GSTONE2,110.25
D,DISPATCH,UNIT_SCADA,1,"2019/08/22 10:15:00",GSTONE3,110.0750
D,DISPATCH,UNIT_SCADA,1,"2019/08/22 10:15:00",GSTONE4,109.90
D,DISPATCH,UNIT_SCADA,1,"2019/08/22 10:15:00",GSTONE5,128.099990
D,DISPATCH,UNIT_SCADA,1,"2019/08/22 10:15:00",GSTONE6,0
D,DISPATCH,UNIT_SCADA,1,"2019/08/22 10:15:00",GULLRSF1,8.0484
D,DISPATCH,UNIT_SCADA,1,"2019/08/22 10:15:00",GULLRWF1,136.966060
D,DISPATCH,UNIT_SCADA,1,"2019/08/22 10:15:00",GUNNING1,41.041730
D,DISPATCH,UNIT_SCADA,1,"2019/08/22 10:15:00",GUTHEGA,0
D,DISPATCH,UNIT_SCADA,1,"2019/08/22 10:15:00",HALLWF1,9.22
D,DISPATCH,UNIT_SCADA,1,"2019/08/22 10:15:00",HALLWF2,7.49
D,DISPATCH,UNIT_SCADA,1,"2019/08/22 10:15:00",HAMISF1,46.80
D,DISPATCH,UNIT_SCADA,1,"2019/08/22 10:15:00",HAUGHT11,49.958910
D,DISPATCH,UNIT_SCADA,1,"2019/08/22 10:15:00",HAYMSF1,40.5920
D,DISPATCH,UNIT_SCADA,1,"2019/08/22 10:15:00",HDWF1,15.70
D,DISPATCH,UNIT_SCADA,1,"2019/08/22 10:15:00",HDWF2,19.60
D,DISPATCH,UNIT_SCADA,1,"2019/08/22 10:15:00",HDWF3,20.10
D,DISPATCH,UNIT_SCADA,1,"2019/08/22 10:15:00",HPRG1,0
D,DISPATCH,UNIT_SCADA,1,"2019/08/22 10:15:00",HPRL1,15.70
D,DISPATCH,UNIT_SCADA,1,"2019/08/22 10:15:00",HUMENSW,0
D,DISPATCH,UNIT_SCADA,1,"2019/08/22 10:15:00",HUMEV,10.10
D,DISPATCH,UNIT_SCADA,1,"2019/08/22 10:15:00",HVGTS,0
D,DISPATCH,UNIT_SCADA,1,"2019/08/22 10:15:00",JBUTTERS,136.94
D,DISPATCH,UNIT_SCADA,1,"2019/08/22 10:15:00",JLA01,0.50
D,DISPATCH,UNIT_SCADA,1,"2019/08/22 10:15:00",JLA02,0
D,DISPATCH,UNIT_SCADA,1,"2019/08/22 10:15:00",JLA03,0.10
D,DISPATCH,UNIT_SCADA,1,"2019/08/22 10:15:00",JLA04,0.10
D,DISPATCH,UNIT_SCADA,1,"2019/08/22 10:15:00",JLB01,0
D,DISPATCH,UNIT_SCADA,1,"2019/08/22 10:15:00",JLB02,0.10
D,DISPATCH,UNIT_SCADA,1,"2019/08/22 10:15:00",JLB03,0
D,DISPATCH,UNIT_SCADA,1,"2019/08/22 10:15:00",KAREEYA1,21.4925
D,DISPATCH,UNIT_SCADA,1,"2019/08/22 10:15:00",KAREEYA2,21.69
D,DISPATCH,UNIT_SCADA,1,"2019/08/22 10:15:00",KAREEYA3,0
D,DISPATCH,UNIT_SCADA,1,"2019/08/22 10:15:00",KAREEYA4,21.7175
D,DISPATCH,UNIT_SCADA,1,"2019/08/22 10:15:00",KARSF1,27.90
D,DISPATCH,UNIT_SCADA,1,"2019/08/22 10:15:00",KIATAWF1,20.10
D,DISPATCH,UNIT_SCADA,1,"2019/08/22 10:15:00",KPP_1,0
D,DISPATCH,UNIT_SCADA,1,"2019/08/22 10:15:00",KSP1,47.76
D,DISPATCH,UNIT_SCADA,1,"2019/08/22 10:15:00",LADBROK1,0
D,DISPATCH,UNIT_SCADA,1,"2019/08/22 10:15:00",LADBROK2,0
D,DISPATCH,UNIT_SCADA,1,"2019/08/22 10:15:00",LD01,353.25
D,DISPATCH,UNIT_SCADA,1,"2019/08/22 10:15:00",LD02,352.068790
D,DISPATCH,UNIT_SCADA,1,"2019/08/22 10:15:00",LD03,355.725040
D,DISPATCH,UNIT_SCADA,1,"2019/08/22 10:15:00",LD04,354.018770
D,DISPATCH,UNIT_SCADA,1,"2019/08/22 10:15:00",LEM_WIL,85.999250
D,DISPATCH,UNIT_SCADA,1,"2019/08/22 10:15:00",LGAPWF1,4
D,DISPATCH,UNIT_SCADA,1,"2019/08/22 10:15:00",LILYSF1,94.896120
D,DISPATCH,UNIT_SCADA,1,"2019/08/22 10:15:00",LI_WY_CA,148.420620
D,DISPATCH,UNIT_SCADA,1,"2019/08/22 10:15:00",LKBONNY2,57.247770
D,DISPATCH,UNIT_SCADA,1,"2019/08/22 10:15:00",LKBONNY3,0
D,DISPATCH,UNIT_SCADA,1,"2019/08/22 10:15:00",LK_ECHO,0
D,DISPATCH,UNIT_SCADA,1,"2019/08/22 10:15:00",LNGS1,0
D,DISPATCH,UNIT_SCADA,1,"2019/08/22 10:15:00",LNGS2,0
D,DISPATCH,UNIT_SCADA,1,"2019/08/22 10:15:00",LONSDALE,0
D,DISPATCH,UNIT_SCADA,1,"2019/08/22 10:15:00",LOYYB1,536.840520
D,DISPATCH,UNIT_SCADA,1,"2019/08/22 10:15:00",LOYYB2,582.7063
D,DISPATCH,UNIT_SCADA,1,"2019/08/22 10:15:00",LYA1,560
D,DISPATCH,UNIT_SCADA,1,"2019/08/22 10:15:00",LYA2,0
D,DISPATCH,UNIT_SCADA,1,"2019/08/22 10:15:00",LYA3,560
D,DISPATCH,UNIT_SCADA,1,"2019/08/22 10:15:00",LYA4,540
D,DISPATCH,UNIT_SCADA,1,"2019/08/22 10:15:00",MACARTH1,231.594650
D,DISPATCH,UNIT_SCADA,1,"2019/08/22 10:15:00",MACKAYGT,0
D,DISPATCH,UNIT_SCADA,1,"2019/08/22 10:15:00",MACKNTSH,86.030010
D,DISPATCH,UNIT_SCADA,1,"2019/08/22 10:15:00",MANSLR1,21.6750
D,DISPATCH,UNIT_SCADA,1,"2019/08/22 10:15:00",MCKAY1,0.02
D,DISPATCH,UNIT_SCADA,1,"2019/08/22 10:15:00",MEADOWBK,33.895880
D,DISPATCH,UNIT_SCADA,1,"2019/08/22 10:15:00",MERCER01,52.2490
D,DISPATCH,UNIT_SCADA,1,"2019/08/22 10:15:00",MEWF1,66.924550
D,DISPATCH,UNIT_SCADA,1,"2019/08/22 10:15:00",MINTARO,0
D,DISPATCH,UNIT_SCADA,1,"2019/08/22 10:15:00",MOREESF1,50.8480
D,DISPATCH,UNIT_SCADA,1,"2019/08/22 10:15:00",MORTLK11,259
D,DISPATCH,UNIT_SCADA,1,"2019/08/22 10:15:00",MORTLK12,0
D,DISPATCH,UNIT_SCADA,1,"2019/08/22 10:15:00",MP1,282.50
D,DISPATCH,UNIT_SCADA,1,"2019/08/22 10:15:00",MP2,0
D,DISPATCH,UNIT_SCADA,1,"2019/08/22 10:15:00",MPP_1,347
D,DISPATCH,UNIT_SCADA,1,"2019/08/22 10:15:00",MPP_2,380
D,DISPATCH,UNIT_SCADA,1,"2019/08/22 10:15:00",MSTUART1,0
D,DISPATCH,UNIT_SCADA,1,"2019/08/22 10:15:00",MSTUART2,0
D,DISPATCH,UNIT_SCADA,1,"2019/08/22 10:15:00",MSTUART3,0
D,DISPATCH,UNIT_SCADA,1,"2019/08/22 10:15:00",MTGELWF1,64.656510
D,DISPATCH,UNIT_SCADA,1,"2019/08/22 10:15:00",MURRAY,0
D,DISPATCH,UNIT_SCADA,1,"2019/08/22 10:15:00",MUSSELR1,79.20
D,DISPATCH,UNIT_SCADA,1,"2019/08/22 10:15:00",MUWAWF1,37.10
D,DISPATCH,UNIT_SCADA,1,"2019/08/22 10:15:00",NBHWF1,14.10
D,DISPATCH,UNIT_SCADA,1,"2019/08/22 10:15:00",NPS,0
D,DISPATCH,UNIT_SCADA,1,"2019/08/22 10:15:00",NUMURSF1,38.88
D,DISPATCH,UNIT_SCADA,1,"2019/08/22 10:15:00",NYNGAN1,92.50
D,DISPATCH,UNIT_SCADA,1,"2019/08/22 10:15:00",OAKEY1,0
D,DISPATCH,UNIT_SCADA,1,"2019/08/22 10:15:00",OAKEY1SF,21.5430
D,DISPATCH,UNIT_SCADA,1,"2019/08/22 10:15:00",OAKEY2,0
D,DISPATCH,UNIT_SCADA,1,"2019/08/22 10:15:00",OAKLAND1,47
D,DISPATCH,UNIT_SCADA,1,"2019/08/22 10:15:00",OSB-AG,140.040010
D,DISPATCH,UNIT_SCADA,1,"2019/08/22 10:15:00",PARSF1,15.70
D,DISPATCH,UNIT_SCADA,1,"2019/08/22 10:15:00",POAT110,0
D,DISPATCH,UNIT_SCADA,1,"2019/08/22 10:15:00",POAT220,0
D,DISPATCH,UNIT_SCADA,1,"2019/08/22 10:15:00",POR01,0
D,DISPATCH,UNIT_SCADA,1,"2019/08/22 10:15:00",POR03,0
D,DISPATCH,UNIT_SCADA,1,"2019/08/22 10:15:00",PPCCGT,492.998050
D,DISPATCH,UNIT_SCADA,1,"2019/08/22 10:15:00",PTSTAN1,0
D,DISPATCH,UNIT_SCADA,1,"2019/08/22 10:15:00",PUMP1,0
D,DISPATCH,UNIT_SCADA,1,"2019/08/22 10:15:00",PUMP2,0
D,DISPATCH,UNIT_SCADA,1,"2019/08/22 10:15:00",QPS1,0
D,DISPATCH,UNIT_SCADA,1,"2019/08/22 10:15:00",QPS2,0
D,DISPATCH,UNIT_SCADA,1,"2019/08/22 10:15:00",QPS3,0
D,DISPATCH,UNIT_SCADA,1,"2019/08/22 10:15:00",QPS4,0
D,DISPATCH,UNIT_SCADA,1,"2019/08/22 10:15:00",QPS5,0
D,DISPATCH,UNIT_SCADA,1,"2019/08/22 10:15:00",REECE1,117.470010
D,DISPATCH,UNIT_SCADA,1,"2019/08/22 10:15:00",REECE2,118.220010
D,DISPATCH,UNIT_SCADA,1,"2019/08/22 10:15:00",ROMA_7,0
D,DISPATCH,UNIT_SCADA,1,"2019/08/22 10:15:00",ROMA_8,0
D,DISPATCH,UNIT_SCADA,1,"2019/08/22 10:15:00",RRSF1,106.501850
D,DISPATCH,UNIT_SCADA,1,"2019/08/22 10:15:00",RT_NSW1,0
D,DISPATCH,UNIT_SCADA,1,"2019/08/22 10:15:00",RT_NSW2,0
D,DISPATCH,UNIT_SCADA,1,"2019/08/22 10:15:00",RT_NSW3,0
D,DISPATCH,UNIT_SCADA,1,"2019/08/22 10:15:00",RT_NSW4,0
D,DISPATCH,UNIT_SCADA,1,"2019/08/22 10:15:00",RT_NSW5,0
D,DISPATCH,UNIT_SCADA,1,"2019/08/22 10:15:00",RT_NSW6,0
D,DISPATCH,UNIT_SCADA,1,"2019/08/22 10:15:00",RT_QLD1,0
D,DISPATCH,UNIT_SCADA,1,"2019/08/22 10:15:00",RT_SA1,0
D,DISPATCH,UNIT_SCADA,1,"2019/08/22 10:15:00",RT_SA2,0
D,DISPATCH,UNIT_SCADA,1,"2019/08/22 10:15:00",RT_SA3,0
D,DISPATCH,UNIT_SCADA,1,"2019/08/22 10:15:00",RT_SA4,0
D,DISPATCH,UNIT_SCADA,1,"2019/08/22 10:15:00",RT_SA5,0
D,DISPATCH,UNIT_SCADA,1,"2019/08/22 10:15:00",RT_SA6,0
D,DISPATCH,UNIT_SCADA,1,"2019/08/22 10:15:00",RT_TAS1,0
D,DISPATCH,UNIT_SCADA,1,"2019/08/22 10:15:00",RT_VIC1,0
D,DISPATCH,UNIT_SCADA,1,"2019/08/22 10:15:00",RT_VIC10,0
D,DISPATCH,UNIT_SCADA,1,"2019/08/22 10:15:00",RT_VIC11,0
D,DISPATCH,UNIT_SCADA,1,"2019/08/22 10:15:00",RT_VIC12,0
D,DISPATCH,UNIT_SCADA,1,"2019/08/22 10:15:00",RT_VIC2,0
D,DISPATCH,UNIT_SCADA,1,"2019/08/22 10:15:00",RT_VIC3,0
D,DISPATCH,UNIT_SCADA,1,"2019/08/22 10:15:00",RT_VIC4,0
D,DISPATCH,UNIT_SCADA,1,"2019/08/22 10:15:00",RT_VIC5,0
D,DISPATCH,UNIT_SCADA,1,"2019/08/22 10:15:00",RT_VIC6,0
D,DISPATCH,UNIT_SCADA,1,"2019/08/22 10:15:00",RT_VIC7,0
D,DISPATCH,UNIT_SCADA,1,"2019/08/22 10:15:00",RT_VIC8,0
D,DISPATCH,UNIT_SCADA,1,"2019/08/22 10:15:00",RT_VIC9,0
D,DISPATCH,UNIT_SCADA,1,"2019/08/22 10:15:00",RUGBYR1,62.599170
D,DISPATCH,UNIT_SCADA,1,"2019/08/22 10:15:00",SALTCRK1,23.80
D,DISPATCH,UNIT_SCADA,1,"2019/08/22 10:15:00",SAPHWF1,218.737490
D,DISPATCH,UNIT_SCADA,1,"2019/08/22 10:15:00",SHGEN,0
D,DISPATCH,UNIT_SCADA,1,"2019/08/22 10:15:00",SHPUMP,37.139060
D,DISPATCH,UNIT_SCADA,1,"2019/08/22 10:15:00",SITHE01,0.214140
D,DISPATCH,UNIT_SCADA,1,"2019/08/22 10:15:00",SMCSF1,81.289540
D,DISPATCH,UNIT_SCADA,1,"2019/08/22 10:15:00",SNOWNTH1,21
D,DISPATCH,UNIT_SCADA,1,"2019/08/22 10:15:00",SNOWSTH1,10
D,DISPATCH,UNIT_SCADA,1,"2019/08/22 10:15:00",SNOWTWN1,2.140330
D,DISPATCH,UNIT_SCADA,1,"2019/08/22 10:15:00",SNOWYP,0
D,DISPATCH,UNIT_SCADA,1,"2019/08/22 10:15:00",SNUG1,0.019440
D,DISPATCH,UNIT_SCADA,1,"2019/08/22 10:15:00",SRSF1,34.74
D,DISPATCH,UNIT_SCADA,1,"2019/08/22 10:15:00",STAN-1,0
D,DISPATCH,UNIT_SCADA,1,"2019/08/22 10:15:00",STAN-2,277.274660
D,DISPATCH,UNIT_SCADA,1,"2019/08/22 10:15:00",STAN-3,278.966610
D,DISPATCH,UNIT_SCADA,1,"2019/08/22 10:15:00",STAN-4,279.222960
D,DISPATCH,UNIT_SCADA,1,"2019/08/22 10:15:00",STWF1,37.0575
D,DISPATCH,UNIT_SCADA,1,"2019/08/22 10:15:00",SWAN_E,0
D,DISPATCH,UNIT_SCADA,1,"2019/08/22 10:15:00",TALWA1,192
D,DISPATCH,UNIT_SCADA,1,"2019/08/22 10:15:00",TARALGA1,102.787490
D,DISPATCH,UNIT_SCADA,1,"2019/08/22 10:15:00",TARONG#1,278
D,DISPATCH,UNIT_SCADA,1,"2019/08/22 10:15:00",TARONG#2,278.200010
D,DISPATCH,UNIT_SCADA,1,"2019/08/22 10:15:00",TARONG#3,260.300020
D,DISPATCH,UNIT_SCADA,1,"2019/08/22 10:15:00",TARONG#4,280
D,DISPATCH,UNIT_SCADA,1,"2019/08/22 10:15:00",TARRALEA,83.90
D,DISPATCH,UNIT_SCADA,1,"2019/08/22 10:15:00",TBSF1,29.20
D,DISPATCH,UNIT_SCADA,1,"2019/08/22 10:15:00",TNPS1,220.000020
D,DISPATCH,UNIT_SCADA,1,"2019/08/22 10:15:00",TORRA1,54.961160
D,DISPATCH,UNIT_SCADA,1,"2019/08/22 10:15:00",TORRA2,0
D,DISPATCH,UNIT_SCADA,1,"2019/08/22 10:15:00",TORRA3,41.648450
D,DISPATCH,UNIT_SCADA,1,"2019/08/22 10:15:00",TORRA4,6
D,DISPATCH,UNIT_SCADA,1,"2019/08/22 10:15:00",TORRB1,62.53
D,DISPATCH,UNIT_SCADA,1,"2019/08/22 10:15:00",TORRB2,63.34
D,DISPATCH,UNIT_SCADA,1,"2019/08/22 10:15:00",TORRB3,0
D,DISPATCH,UNIT_SCADA,1,"2019/08/22 10:15:00",TORRB4,0
D,DISPATCH,UNIT_SCADA,1,"2019/08/22 10:15:00",TREVALLN,69.790030
D,DISPATCH,UNIT_SCADA,1,"2019/08/22 10:15:00",TRIBUTE,84.57
D,DISPATCH,UNIT_SCADA,1,"2019/08/22 10:15:00",TUMUT3,0
D,DISPATCH,UNIT_SCADA,1,"2019/08/22 10:15:00",TUNGATIN,105.620030
D,DISPATCH,UNIT_SCADA,1,"2019/08/22 10:15:00",TVCC201,0
D,DISPATCH,UNIT_SCADA,1,"2019/08/22 10:15:00",TVPP104,0
D,DISPATCH,UNIT_SCADA,1,"2019/08/22 10:15:00",UPPTUMUT,0
D,DISPATCH,UNIT_SCADA,1,"2019/08/22 10:15:00",URANQ11,0
D,DISPATCH,UNIT_SCADA,1,"2019/08/22 10:15:00",URANQ12,0
D,DISPATCH,UNIT_SCADA,1,"2019/08/22 10:15:00",URANQ13,0
D,DISPATCH,UNIT_SCADA,1,"2019/08/22 10:15:00",URANQ14,0
D,DISPATCH,UNIT_SCADA,1,"2019/08/22 10:15:00",VP5,226.3750
D,DISPATCH,UNIT_SCADA,1,"2019/08/22 10:15:00",VP6,418.625030
D,DISPATCH,UNIT_SCADA,1,"2019/08/22 10:15:00",VPGS1,0
D,DISPATCH,UNIT_SCADA,1,"2019/08/22 10:15:00",VPGS2,0
D,DISPATCH,UNIT_SCADA,1,"2019/08/22 10:15:00",VPGS3,0
D,DISPATCH,UNIT_SCADA,1,"2019/08/22 10:15:00",VPGS4,0
D,DISPATCH,UNIT_SCADA,1,"2019/08/22 10:15:00",VPGS5,0
D,DISPATCH,UNIT_SCADA,1,"2019/08/22 10:15:00",VPGS6,0
D,DISPATCH,UNIT_SCADA,1,"2019/08/22 10:15:00",W/HOE#1,0
D,DISPATCH,UNIT_SCADA,1,"2019/08/22 10:15:00",W/HOE#2,0
D,DISPATCH,UNIT_SCADA,1,"2019/08/22 10:15:00",WATERLWF,10.70
D,DISPATCH,UNIT_SCADA,1,"2019/08/22 10:15:00",WEMENSF1,30
D,DISPATCH,UNIT_SCADA,1,"2019/08/22 10:15:00",WGWF1,12.10
D,DISPATCH,UNIT_SCADA,1,"2019/08/22 10:15:00",WHITSF1,0
D,DISPATCH,UNIT_SCADA,1,"2019/08/22 10:15:00",WKIEWA1,0
D,DISPATCH,UNIT_SCADA,1,"2019/08/22 10:15:00",WKIEWA2,8.60
D,DISPATCH,UNIT_SCADA,1,"2019/08/22 10:15:00",WOODLWN1,38.0520
D,DISPATCH,UNIT_SCADA,1,"2019/08/22 10:15:00",WRSF1,12.02
D,DISPATCH,UNIT_SCADA,1,"2019/08/22 10:15:00",WRWF1,152.977490
D,DISPATCH,UNIT_SCADA,1,"2019/08/22 10:15:00",YABULU,0
D,DISPATCH,UNIT_SCADA,1,"2019/08/22 10:15:00",YABULU2,0
D,DISPATCH,UNIT_SCADA,1,"2019/08/22 10:15:00",YARWUN_1,0
D,DISPATCH,UNIT_SCADA,1,"2019/08/22 10:15:00",YENDWF1,42.05
D,DISPATCH,UNIT_SCADA,1,"2019/08/22 10:15:00",YWPS1,370.675960
D,DISPATCH,UNIT_SCADA,1,"2019/08/22 10:15:00",YWPS2,279.946840
D,DISPATCH,UNIT_SCADA,1,"2019/08/22 10:15:00",YWPS3,0
D,DISPATCH,UNIT_SCADA,1,"2019/08/22 10:15:00",YWPS4,394.955690
C,"END OF REPORT",334
