C,NEMP.WORLD,DISPATCHSCADA,AEMO,PUBLIC,2019/08/23,01:35:09,0000000311888996,DISPATCHSCADA,0000000311888990
I,DISPATCH,UNIT_SCADA,1,SETTLEMENTDATE,DUID,SCADAVALUE
D,DISPATCH,UNIT_SCADA,1,"2019/08/23 01:40:00",BARCSF1,0
D,DISPATCH,UNIT_SCADA,1,"2019/08/23 01:40:00",BUTLERSG,9.699999
D,DISPATCH,UNIT_SCADA,1,"2019/08/23 01:40:00",CALL_A_4,0
D,DISPATCH,UNIT_SCADA,1,"2019/08/23 01:40:00",CAPTL_WF,19.600006
D,DISPATCH,UNIT_SCADA,1,"2019/08/23 01:40:00",CATHROCK,28.219997
D,DISPATCH,UNIT_SCADA,1,"2019/08/23 01:40:00",CHALLHWF,0
D,DISPATCH,UNIT_SCADA,1,"2019/08/23 01:40:00",CLOVER,0
D,DISPATCH,UNIT_SCADA,1,"2019/08/23 01:40:00",CLUNY,20.244907
D,DISPATCH,UNIT_SCADA,1,"2019/08/23 01:40:00",CNUNDAWF,0.700818
D,DISPATCH,UNIT_SCADA,1,"2019/08/23 01:40:00",CULLRGWF,5.31
D,DISPATCH,UNIT_SCADA,1,"2019/08/23 01:40:00",ERGT01,0
D,DISPATCH,UNIT_SCADA,1,"2019/08/23 01:40:00",GB01,0.068806
D,DISPATCH,UNIT_SCADA,1,"2019/08/23 01:40:00",GERMCRK,37.200001
D,DISPATCH,UNIT_SCADA,1,"2019/08/23 01:40:00",GRIFSF1,0
D,DISPATCH,UNIT_SCADA,1,"2019/08/23 01:40:00",HUGSF1,-0.2370
D,DISPATCH,UNIT_SCADA,1,"2019/08/23 01:40:00",LKBONNY1,1.428950
D,DISPATCH,UNIT_SCADA,1,"2019/08/23 01:40:00",LRSF1,-0.0130
D,DISPATCH,UNIT_SCADA,1,"2019/08/23 01:40:00",MBAHNTH,55.743744
D,DISPATCH,UNIT_SCADA,1,"2019/08/23 01:40:00",MLSP1,0.180001
D,DISPATCH,UNIT_SCADA,1,"2019/08/23 01:40:00",MLWF1,0.9450
D,DISPATCH,UNIT_SCADA,1,"2019/08/23 01:40:00",MTMILLAR,7.493401
D,DISPATCH,UNIT_SCADA,1,"2019/08/23 01:40:00",PALOONA,28.599998
D,DISPATCH,UNIT_SCADA,1,"2019/08/23 01:40:00",PIONEER,47.200001
D,DISPATCH,UNIT_SCADA,1,"2019/08/23 01:40:00",PORTWF,3.30
D,DISPATCH,UNIT_SCADA,1,"2019/08/23 01:40:00",REPULSE,28.885328
D,DISPATCH,UNIT_SCADA,1,"2019/08/23 01:40:00",ROWALLAN,10.4157
D,DISPATCH,UNIT_SCADA,1,"2019/08/23 01:40:00",ROYALLA1,0
D,DISPATCH,UNIT_SCADA,1,"2019/08/23 01:40:00",RPCG,12.40
D,DISPATCH,UNIT_SCADA,1,"2019/08/23 01:40:00",RUBICON,0
D,DISPATCH,UNIT_SCADA,1,"2019/08/23 01:40:00",SATGN1,0
D,DISPATCH,UNIT_SCADA,1,"2019/08/23 01:40:00",SATGS1,0
D,DISPATCH,UNIT_SCADA,1,"2019/08/23 01:40:00",STARHLWF,0.599825
D,DISPATCH,UNIT_SCADA,1,"2019/08/23 01:40:00",WAUBRAWF,27.462999
D,DISPATCH,UNIT_SCADA,1,"2019/08/23 01:40:00",WOOLNTH1,27.440016
D,DISPATCH,UNIT_SCADA,1,"2019/08/23 01:40:00",WPWF,0
D,DISPATCH,UNIT_SCADA,1,"2019/08/23 01:40:00",YAMBUKWF,0.40
D,DISPATCH,UNIT_SCADA,1,"2019/08/23 01:40:00",YSWF1,0
D,DISPATCH,UNIT_SCADA,1,"2019/08/23 01:40:00",AGLHAL,0
D,DISPATCH,UNIT_SCADA,1,"2019/08/23 01:40:00",AGLSOM,0
D,DISPATCH,UNIT_SCADA,1,"2019/08/23 01:40:00",ANGAST1,0
D,DISPATCH,UNIT_SCADA,1,"2019/08/23 01:40:00",ARWF1,9.40
D,DISPATCH,UNIT_SCADA,1,"2019/08/23 01:40:00",BALBG1,0
D,DISPATCH,UNIT_SCADA,1,"2019/08/23 01:40:00",BALBL1,0
D,DISPATCH,UNIT_SCADA,1,"2019/08/23 01:40:00",BALDHWF1,11.2570
D,DISPATCH,UNIT_SCADA,1,"2019/08/23 01:40:00",BANN1,0
D,DISPATCH,UNIT_SCADA,1,"2019/08/23 01:40:00",BARCALDN,0
D,DISPATCH,UNIT_SCADA,1,"2019/08/23 01:40:00",BARRON-1,0
D,DISPATCH,UNIT_SCADA,1,"2019/08/23 01:40:00",BARRON-2,0
D,DISPATCH,UNIT_SCADA,1,"2019/08/23 01:40:00",BASTYAN,77.930010
D,DISPATCH,UNIT_SCADA,1,"2019/08/23 01:40:00",BBTHREE1,-2.01
D,DISPATCH,UNIT_SCADA,1,"2019/08/23 01:40:00",BBTHREE2,-2.07
D,DISPATCH,UNIT_SCADA,1,"2019/08/23 01:40:00",BBTHREE3,-1.10
D,DISPATCH,UNIT_SCADA,1,"2019/08/23 01:40:00",BDL01,0
D,DISPATCH,UNIT_SCADA,1,"2019/08/23 01:40:00",BDL02,0
D,DISPATCH,UNIT_SCADA,1,"2019/08/23 01:40:00",BERYLSF1,-0.179440
D,DISPATCH,UNIT_SCADA,1,"2019/08/23 01:40:00",BLOWERNG,0
D,DISPATCH,UNIT_SCADA,1,"2019/08/23 01:40:00",BLUFF1,1.70
D,DISPATCH,UNIT_SCADA,1,"2019/08/23 01:40:00",BNGSF1,0
D,DISPATCH,UNIT_SCADA,1,"2019/08/23 01:40:00",BNGSF2,0
D,DISPATCH,UNIT_SCADA,1,"2019/08/23 01:40:00",BOCORWF1,28.16
D,DISPATCH,UNIT_SCADA,1,"2019/08/23 01:40:00",BODWF1,83.291840
D,DISPATCH,UNIT_SCADA,1,"2019/08/23 01:40:00",BRAEMAR1,0
D,DISPATCH,UNIT_SCADA,1,"2019/08/23 01:40:00",BRAEMAR2,0
D,DISPATCH,UNIT_SCADA,1,"2019/08/23 01:40:00",BRAEMAR3,0
D,DISPATCH,UNIT_SCADA,1,"2019/08/23 01:40:00",BRAEMAR5,0
D,DISPATCH,UNIT_SCADA,1,"2019/08/23 01:40:00",BRAEMAR6,0
D,DISPATCH,UNIT_SCADA,1,"2019/08/23 01:40:00",BRAEMAR7,0
D,DISPATCH,UNIT_SCADA,1,"2019/08/23 01:40:00",BROKENH1,0
D,DISPATCH,UNIT_SCADA,1,"2019/08/23 01:40:00",BW01,640.75
D,DISPATCH,UNIT_SCADA,1,"2019/08/23 01:40:00",BW02,651.199950
D,DISPATCH,UNIT_SCADA,1,"2019/08/23 01:40:00",BW03,656
D,DISPATCH,UNIT_SCADA,1,"2019/08/23 01:40:00",BW04,0
D,DISPATCH,UNIT_SCADA,1,"2019/08/23 01:40:00",CALL_B_1,199.600010
D,DISPATCH,UNIT_SCADA,1,"2019/08/23 01:40:00",CALL_B_2,349.700010
D,DISPATCH,UNIT_SCADA,1,"2019/08/23 01:40:00",CETHANA,97.346250
D,DISPATCH,UNIT_SCADA,1,"2019/08/23 01:40:00",CG1,0
D,DISPATCH,UNIT_SCADA,1,"2019/08/23 01:40:00",CG2,0
D,DISPATCH,UNIT_SCADA,1,"2019/08/23 01:40:00",CG3,0
D,DISPATCH,UNIT_SCADA,1,"2019/08/23 01:40:00",CG4,0
D,DISPATCH,UNIT_SCADA,1,"2019/08/23 01:40:00",CHILDSF1,0
D,DISPATCH,UNIT_SCADA,1,"2019/08/23 01:40:00",CLARESF1,0
D,DISPATCH,UNIT_SCADA,1,"2019/08/23 01:40:00",CLEMGPWF,16.928230
D,DISPATCH,UNIT_SCADA,1,"2019/08/23 01:40:00",CLERMSF1,0
D,DISPATCH,UNIT_SCADA,1,"2019/08/23 01:40:00",COLEASF1,0
D,DISPATCH,UNIT_SCADA,1,"2019/08/23 01:40:00",COOPGWF1,35.339910
D,DISPATCH,UNIT_SCADA,1,"2019/08/23 01:40:00",CPP_3,405.899990
D,DISPATCH,UNIT_SCADA,1,"2019/08/23 01:40:00",CPP_4,408.100010
D,DISPATCH,UNIT_SCADA,1,"2019/08/23 01:40:00",CPSA,142.5350
D,DISPATCH,UNIT_SCADA,1,"2019/08/23 01:40:00",CROOKWF2,0.7375
D,DISPATCH,UNIT_SCADA,1,"2019/08/23 01:40:00",CROWLWF1,6.580740
D,DISPATCH,UNIT_SCADA,1,"2019/08/23 01:40:00",CSPVPS1,0
D,DISPATCH,UNIT_SCADA,1,"2019/08/23 01:40:00",DALNTH01,0
D,DISPATCH,UNIT_SCADA,1,"2019/08/23 01:40:00",DALNTHL1,0.080870
D,DISPATCH,UNIT_SCADA,1,"2019/08/23 01:40:00",DARTM1,134.30
D,DISPATCH,UNIT_SCADA,1,"2019/08/23 01:40:00",DAYDSF1,0
D,DISPATCH,UNIT_SCADA,1,"2019/08/23 01:40:00",DDPS1,257.822510
D,DISPATCH,UNIT_SCADA,1,"2019/08/23 01:40:00",DDSF1,0
D,DISPATCH,UNIT_SCADA,1,"2019/08/23 01:40:00",DEVILS_G,0
D,DISPATCH,UNIT_SCADA,1,"2019/08/23 01:40:00",DG_NSW1,0
D,DISPATCH,UNIT_SCADA,1,"2019/08/23 01:40:00",DG_QLD1,0
D,DISPATCH,UNIT_SCADA,1,"2019/08/23 01:40:00",DG_SA1,0
D,DISPATCH,UNIT_SCADA,1,"2019/08/23 01:40:00",DG_TAS1,0
D,DISPATCH,UNIT_SCADA,1,"2019/08/23 01:40:00",DG_VIC1,0
D,DISPATCH,UNIT_SCADA,1,"2019/08/23 01:40:00",DRYCGT1,0
D,DISPATCH,UNIT_SCADA,1,"2019/08/23 01:40:00",DRYCGT2,0
D,DISPATCH,UNIT_SCADA,1,"2019/08/23 01:40:00",DRYCGT3,0
D,DISPATCH,UNIT_SCADA,1,"2019/08/23 01:40:00",EILDON1,0
D,DISPATCH,UNIT_SCADA,1,"2019/08/23 01:40:00",EILDON2,0
D,DISPATCH,UNIT_SCADA,1,"2019/08/23 01:40:00",EMERASF1,0
D,DISPATCH,UNIT_SCADA,1,"2019/08/23 01:40:00",ER01,488.724980
D,DISPATCH,UNIT_SCADA,1,"2019/08/23 01:40:00",ER02,355.300050
D,DISPATCH,UNIT_SCADA,1,"2019/08/23 01:40:00",ER03,378.549930
D,DISPATCH,UNIT_SCADA,1,"2019/08/23 01:40:00",ER04,491.699950
D,DISPATCH,UNIT_SCADA,1,"2019/08/23 01:40:00",FINLYSF1,0
D,DISPATCH,UNIT_SCADA,1,"2019/08/23 01:40:00",FISHER,45.95
D,DISPATCH,UNIT_SCADA,1,"2019/08/23 01:40:00",GANNBG1,0
D,DISPATCH,UNIT_SCADA,1,"2019/08/23 01:40:00",GANNBL1,8.068810
D,DISPATCH,UNIT_SCADA,1,"2019/08/23 01:40:00",GANNSF1,0
D,DISPATCH,UNIT_SCADA,1,"2019/08/23 01:40:00",GORDON,114.124630
D,DISPATCH,UNIT_SCADA,1,"2019/08/23 01:40:00",GSTONE1,258.649990
D,DISPATCH,UNIT_SCADA,1,"2019/08/23 01:40:00",GSTONE2,229.95
D,DISPATCH,UNIT_SCADA,1,"2019/08/23 01:40:00",GSTONE3,249.899990
D,DISPATCH,UNIT_SCADA,1,"2019/08/23 01:40:00",GSTONE4,215.599990
D,DISPATCH,UNIT_SCADA,1,"2019/08/23 01:40:00",GSTONE5,259
D,DISPATCH,UNIT_SCADA,1,"2019/08/23 01:40:00",GSTONE6,0
D,DISPATCH,UNIT_SCADA,1,"2019/08/23 01:40:00",GULLRSF1,0
D,DISPATCH,UNIT_SCADA,1,"2019/08/23 01:40:00",GULLRWF1,4.106080
D,DISPATCH,UNIT_SCADA,1,"2019/08/23 01:40:00",GUNNING1,0.981060
D,DISPATCH,UNIT_SCADA,1,"2019/08/23 01:40:00",GUTHEGA,0
D,DISPATCH,UNIT_SCADA,1,"2019/08/23 01:40:00",HALLWF1,20.30
D,DISPATCH,UNIT_SCADA,1,"2019/08/23 01:40:00",HALLWF2,11.62
D,DISPATCH,UNIT_SCADA,1,"2019/08/23 01:40:00",HAMISF1,0
D,DISPATCH,UNIT_SCADA,1,"2019/08/23 01:40:00",HAUGHT11,0
D,DISPATCH,UNIT_SCADA,1,"2019/08/23 01:40:00",HAYMSF1,0
D,DISPATCH,UNIT_SCADA,1,"2019/08/23 01:40:00",HDWF1,34.40
D,DISPATCH,UNIT_SCADA,1,"2019/08/23 01:40:00",HDWF2,34.10
D,DISPATCH,UNIT_SCADA,1,"2019/08/23 01:40:00",HDWF3,42.10
D,DISPATCH,UNIT_SCADA,1,"2019/08/23 01:40:00",HPRG1,0
D,DISPATCH,UNIT_SCADA,1,"2019/08/23 01:40:00",HPRL1,0.40
D,DISPATCH,UNIT_SCADA,1,"2019/08/23 01:40:00",HUMENSW,0
D,DISPATCH,UNIT_SCADA,1,"2019/08/23 01:40:00",HUMEV,8.90
D,DISPATCH,UNIT_SCADA,1,"2019/08/23 01:40:00",HVGTS,0
D,DISPATCH,UNIT_SCADA,1,"2019/08/23 01:40:00",JBUTTERS,141.17
D,DISPATCH,UNIT_SCADA,1,"2019/08/23 01:40:00",JLA01,0.10
D,DISPATCH,UNIT_SCADA,1,"2019/08/23 01:40:00",JLA02,0
D,DISPATCH,UNIT_SCADA,1,"2019/08/23 01:40:00",JLA03,0.10
D,DISPATCH,UNIT_SCADA,1,"2019/08/23 01:40:00",JLA04,0.10
D,DISPATCH,UNIT_SCADA,1,"2019/08/23 01:40:00",JLB01,0
D,DISPATCH,UNIT_SCADA,1,"2019/08/23 01:40:00",JLB02,0.10
D,DISPATCH,UNIT_SCADA,1,"2019/08/23 01:40:00",JLB03,0
D,DISPATCH,UNIT_SCADA,1,"2019/08/23 01:40:00",KAREEYA1,21.5725
D,DISPATCH,UNIT_SCADA,1,"2019/08/23 01:40:00",KAREEYA2,21.9050
D,DISPATCH,UNIT_SCADA,1,"2019/08/23 01:40:00",KAREEYA3,0
D,DISPATCH,UNIT_SCADA,1,"2019/08/23 01:40:00",KAREEYA4,21.7050
D,DISPATCH,UNIT_SCADA,1,"2019/08/23 01:40:00",KARSF1,0
D,DISPATCH,UNIT_SCADA,1,"2019/08/23 01:40:00",KIATAWF1,-0.30
D,DISPATCH,UNIT_SCADA,1,"2019/08/23 01:40:00",KPP_1,0
D,DISPATCH,UNIT_SCADA,1,"2019/08/23 01:40:00",KSP1,0
D,DISPATCH,UNIT_SCADA,1,"2019/08/23 01:40:00",LADBROK1,0
D,DISPATCH,UNIT_SCADA,1,"2019/08/23 01:40:00",LADBROK2,0
D,DISPATCH,UNIT_SCADA,1,"2019/08/23 01:40:00",LD01,357.300020
D,DISPATCH,UNIT_SCADA,1,"2019/08/23 01:40:00",LD02,301.481230
D,DISPATCH,UNIT_SCADA,1,"2019/08/23 01:40:00",LD03,347.287450
D,DISPATCH,UNIT_SCADA,1,"2019/08/23 01:40:00",LD04,352.893770
D,DISPATCH,UNIT_SCADA,1,"2019/08/23 01:40:00",LEM_WIL,86.099240
D,DISPATCH,UNIT_SCADA,1,"2019/08/23 01:40:00",LGAPWF1,1.32
D,DISPATCH,UNIT_SCADA,1,"2019/08/23 01:40:00",LILYSF1,0
D,DISPATCH,UNIT_SCADA,1,"2019/08/23 01:40:00",LI_WY_CA,149.387740
D,DISPATCH,UNIT_SCADA,1,"2019/08/23 01:40:00",LKBONNY2,3.784330
D,DISPATCH,UNIT_SCADA,1,"2019/08/23 01:40:00",LKBONNY3,2.065410
D,DISPATCH,UNIT_SCADA,1,"2019/08/23 01:40:00",LK_ECHO,0
D,DISPATCH,UNIT_SCADA,1,"2019/08/23 01:40:00",LNGS1,0
D,DISPATCH,UNIT_SCADA,1,"2019/08/23 01:40:00",LNGS2,0
D,DISPATCH,UNIT_SCADA,1,"2019/08/23 01:40:00",LONSDALE,0
D,DISPATCH,UNIT_SCADA,1,"2019/08/23 01:40:00",LOYYB1,535.712650
D,DISPATCH,UNIT_SCADA,1,"2019/08/23 01:40:00",LOYYB2,582.7063
D,DISPATCH,UNIT_SCADA,1,"2019/08/23 01:40:00",LYA1,560
D,DISPATCH,UNIT_SCADA,1,"2019/08/23 01:40:00",LYA2,0
D,DISPATCH,UNIT_SCADA,1,"2019/08/23 01:40:00",LYA3,560
D,DISPATCH,UNIT_SCADA,1,"2019/08/23 01:40:00",LYA4,539
D,DISPATCH,UNIT_SCADA,1,"2019/08/23 01:40:00",MACARTH1,0
D,DISPATCH,UNIT_SCADA,1,"2019/08/23 01:40:00",MACKAYGT,0
D,DISPATCH,UNIT_SCADA,1,"2019/08/23 01:40:00",MACKNTSH,86.55
D,DISPATCH,UNIT_SCADA,1,"2019/08/23 01:40:00",MANSLR1,0
D,DISPATCH,UNIT_SCADA,1,"2019/08/23 01:40:00",MCKAY1,0.02
D,DISPATCH,UNIT_SCADA,1,"2019/08/23 01:40:00",MEADOWBK,34.038780
D,DISPATCH,UNIT_SCADA,1,"2019/08/23 01:40:00",MERCER01,-0.4450
D,DISPATCH,UNIT_SCADA,1,"2019/08/23 01:40:00",MEWF1,13.671940
D,DISPATCH,UNIT_SCADA,1,"2019/08/23 01:40:00",MINTARO,0
D,DISPATCH,UNIT_SCADA,1,"2019/08/23 01:40:00",MOREESF1,0
D,DISPATCH,UNIT_SCADA,1,"2019/08/23 01:40:00",MORTLK11,241
D,DISPATCH,UNIT_SCADA,1,"2019/08/23 01:40:00",MORTLK12,0
D,DISPATCH,UNIT_SCADA,1,"2019/08/23 01:40:00",MP1,281.8750
D,DISPATCH,UNIT_SCADA,1,"2019/08/23 01:40:00",MP2,0
D,DISPATCH,UNIT_SCADA,1,"2019/08/23 01:40:00",MPP_1,375.75
D,DISPATCH,UNIT_SCADA,1,"2019/08/23 01:40:00",MPP_2,410
D,DISPATCH,UNIT_SCADA,1,"2019/08/23 01:40:00",MSTUART1,0
D,DISPATCH,UNIT_SCADA,1,"2019/08/23 01:40:00",MSTUART2,0
D,DISPATCH,UNIT_SCADA,1,"2019/08/23 01:40:00",MSTUART3,0
D,DISPATCH,UNIT_SCADA,1,"2019/08/23 01:40:00",MTGELWF1,-0.283820
D,DISPATCH,UNIT_SCADA,1,"2019/08/23 01:40:00",MURRAY,221.53
D,DISPATCH,UNIT_SCADA,1,"2019/08/23 01:40:00",MUSSELR1,3.20
D,DISPATCH,UNIT_SCADA,1,"2019/08/23 01:40:00",MUWAWF1,-0.16
D,DISPATCH,UNIT_SCADA,1,"2019/08/23 01:40:00",NBHWF1,45.30
D,DISPATCH,UNIT_SCADA,1,"2019/08/23 01:40:00",NPS,204
D,DISPATCH,UNIT_SCADA,1,"2019/08/23 01:40:00",NUMURSF1,0
D,DISPATCH,UNIT_SCADA,1,"2019/08/23 01:40:00",NYNGAN1,0
D,DISPATCH,UNIT_SCADA,1,"2019/08/23 01:40:00",OAKEY1,0
D,DISPATCH,UNIT_SCADA,1,"2019/08/23 01:40:00",OAKEY1SF,0
D,DISPATCH,UNIT_SCADA,1,"2019/08/23 01:40:00",OAKEY2,0
D,DISPATCH,UNIT_SCADA,1,"2019/08/23 01:40:00",OAKLAND1,3.60
D,DISPATCH,UNIT_SCADA,1,"2019/08/23 01:40:00",OSB-AG,166.11
D,DISPATCH,UNIT_SCADA,1,"2019/08/23 01:40:00",PARSF1,0
D,DISPATCH,UNIT_SCADA,1,"2019/08/23 01:40:00",POAT110,0
D,DISPATCH,UNIT_SCADA,1,"2019/08/23 01:40:00",POAT220,4.70
D,DISPATCH,UNIT_SCADA,1,"2019/08/23 01:40:00",POR01,0
D,DISPATCH,UNIT_SCADA,1,"2019/08/23 01:40:00",POR03,0
D,DISPATCH,UNIT_SCADA,1,"2019/08/23 01:40:00",PPCCGT,497.024660
D,DISPATCH,UNIT_SCADA,1,"2019/08/23 01:40:00",PTSTAN1,0
D,DISPATCH,UNIT_SCADA,1,"2019/08/23 01:40:00",PUMP1,0
D,DISPATCH,UNIT_SCADA,1,"2019/08/23 01:40:00",PUMP2,0
D,DISPATCH,UNIT_SCADA,1,"2019/08/23 01:40:00",QPS1,0
D,DISPATCH,UNIT_SCADA,1,"2019/08/23 01:40:00",QPS2,0
D,DISPATCH,UNIT_SCADA,1,"2019/08/23 01:40:00",QPS3,0
D,DISPATCH,UNIT_SCADA,1,"2019/08/23 01:40:00",QPS4,0
D,DISPATCH,UNIT_SCADA,1,"2019/08/23 01:40:00",QPS5,0
D,DISPATCH,UNIT_SCADA,1,"2019/08/23 01:40:00",REECE1,118.580010
D,DISPATCH,UNIT_SCADA,1,"2019/08/23 01:40:00",REECE2,119.010010
D,DISPATCH,UNIT_SCADA,1,"2019/08/23 01:40:00",ROMA_7,0
D,DISPATCH,UNIT_SCADA,1,"2019/08/23 01:40:00",ROMA_8,0
D,DISPATCH,UNIT_SCADA,1,"2019/08/23 01:40:00",RRSF1,0
D,DISPATCH,UNIT_SCADA,1,"2019/08/23 01:40:00",RT_NSW1,0
D,DISPATCH,UNIT_SCADA,1,"2019/08/23 01:40:00",RT_NSW2,0
D,DISPATCH,UNIT_SCADA,1,"2019/08/23 01:40:00",RT_NSW3,0
D,DISPATCH,UNIT_SCADA,1,"2019/08/23 01:40:00",RT_NSW4,0
D,DISPATCH,UNIT_SCADA,1,"2019/08/23 01:40:00",RT_NSW5,0
D,DISPATCH,UNIT_SCADA,1,"2019/08/23 01:40:00",RT_NSW6,0
D,DISPATCH,UNIT_SCADA,1,"2019/08/23 01:40:00",RT_QLD1,0
D,DISPATCH,UNIT_SCADA,1,"2019/08/23 01:40:00",RT_SA1,0
D,DISPATCH,UNIT_SCADA,1,"2019/08/23 01:40:00",RT_SA2,0
D,DISPATCH,UNIT_SCADA,1,"2019/08/23 01:40:00",RT_SA3,0
D,DISPATCH,UNIT_SCADA,1,"2019/08/23 01:40:00",RT_SA4,0
D,DISPATCH,UNIT_SCADA,1,"2019/08/23 01:40:00",RT_SA5,0
D,DISPATCH,UNIT_SCADA,1,"2019/08/23 01:40:00",RT_SA6,0
D,DISPATCH,UNIT_SCADA,1,"2019/08/23 01:40:00",RT_TAS1,0
D,DISPATCH,UNIT_SCADA,1,"2019/08/23 01:40:00",RT_VIC1,0
D,DISPATCH,UNIT_SCADA,1,"2019/08/23 01:40:00",RT_VIC10,0
D,DISPATCH,UNIT_SCADA,1,"2019/08/23 01:40:00",RT_VIC11,0
D,DISPATCH,UNIT_SCADA,1,"2019/08/23 01:40:00",RT_VIC12,0
D,DISPATCH,UNIT_SCADA,1,"2019/08/23 01:40:00",RT_VIC2,0
D,DISPATCH,UNIT_SCADA,1,"2019/08/23 01:40:00",RT_VIC3,0
D,DISPATCH,UNIT_SCADA,1,"2019/08/23 01:40:00",RT_VIC4,0
D,DISPATCH,UNIT_SCADA,1,"2019/08/23 01:40:00",RT_VIC5,0
D,DISPATCH,UNIT_SCADA,1,"2019/08/23 01:40:00",RT_VIC6,0
D,DISPATCH,UNIT_SCADA,1,"2019/08/23 01:40:00",RT_VIC7,0
D,DISPATCH,UNIT_SCADA,1,"2019/08/23 01:40:00",RT_VIC8,0
D,DISPATCH,UNIT_SCADA,1,"2019/08/23 01:40:00",RT_VIC9,0
D,DISPATCH,UNIT_SCADA,1,"2019/08/23 01:40:00",RUGBYR1,0
D,DISPATCH,UNIT_SCADA,1,"2019/08/23 01:40:00",SALTCRK1,-0.21
D,DISPATCH,UNIT_SCADA,1,"2019/08/23 01:40:00",SAPHWF1,38.287510
D,DISPATCH,UNIT_SCADA,1,"2019/08/23 01:40:00",SHGEN,0
D,DISPATCH,UNIT_SCADA,1,"2019/08/23 01:40:00",SHPUMP,0
D,DISPATCH,UNIT_SCADA,1,"2019/08/23 01:40:00",SITHE01,0.2041
D,DISPATCH,UNIT_SCADA,1,"2019/08/23 01:40:00",SMCSF1,0
D,DISPATCH,UNIT_SCADA,1,"2019/08/23 01:40:00",SNOWNTH1,16.60
D,DISPATCH,UNIT_SCADA,1,"2019/08/23 01:40:00",SNOWSTH1,24.20
D,DISPATCH,UNIT_SCADA,1,"2019/08/23 01:40:00",SNOWTWN1,26.701760
D,DISPATCH,UNIT_SCADA,1,"2019/08/23 01:40:00",SNOWYP,0
D,DISPATCH,UNIT_SCADA,1,"2019/08/23 01:40:00",SNUG1,0.019440
D,DISPATCH,UNIT_SCADA,1,"2019/08/23 01:40:00",SRSF1,0
D,DISPATCH,UNIT_SCADA,1,"2019/08/23 01:40:00",STAN-1,0
D,DISPATCH,UNIT_SCADA,1,"2019/08/23 01:40:00",STAN-2,231.169020
D,DISPATCH,UNIT_SCADA,1,"2019/08/23 01:40:00",STAN-3,231.0024
D,DISPATCH,UNIT_SCADA,1,"2019/08/23 01:40:00",STAN-4,230.348680
D,DISPATCH,UNIT_SCADA,1,"2019/08/23 01:40:00",STWF1,151.5825
D,DISPATCH,UNIT_SCADA,1,"2019/08/23 01:40:00",SWAN_E,0
D,DISPATCH,UNIT_SCADA,1,"2019/08/23 01:40:00",TALWA1,424
D,DISPATCH,UNIT_SCADA,1,"2019/08/23 01:40:00",TARALGA1,0.708750
D,DISPATCH,UNIT_SCADA,1,"2019/08/23 01:40:00",TARONG#1,289.800020
D,DISPATCH,UNIT_SCADA,1,"2019/08/23 01:40:00",TARONG#2,291
D,DISPATCH,UNIT_SCADA,1,"2019/08/23 01:40:00",TARONG#3,254.80
D,DISPATCH,UNIT_SCADA,1,"2019/08/23 01:40:00",TARONG#4,287.100010
D,DISPATCH,UNIT_SCADA,1,"2019/08/23 01:40:00",TARRALEA,83.70
D,DISPATCH,UNIT_SCADA,1,"2019/08/23 01:40:00",TBSF1,-0.20
D,DISPATCH,UNIT_SCADA,1,"2019/08/23 01:40:00",TNPS1,400.000030
D,DISPATCH,UNIT_SCADA,1,"2019/08/23 01:40:00",TORRA1,116.926710
D,DISPATCH,UNIT_SCADA,1,"2019/08/23 01:40:00",TORRA2,0
D,DISPATCH,UNIT_SCADA,1,"2019/08/23 01:40:00",TORRA3,0
D,DISPATCH,UNIT_SCADA,1,"2019/08/23 01:40:00",TORRA4,96.603860
D,DISPATCH,UNIT_SCADA,1,"2019/08/23 01:40:00",TORRB1,23.80
D,DISPATCH,UNIT_SCADA,1,"2019/08/23 01:40:00",TORRB2,193.37
D,DISPATCH,UNIT_SCADA,1,"2019/08/23 01:40:00",TORRB3,0
D,DISPATCH,UNIT_SCADA,1,"2019/08/23 01:40:00",TORRB4,0
D,DISPATCH,UNIT_SCADA,1,"2019/08/23 01:40:00",TREVALLN,43.880010
D,DISPATCH,UNIT_SCADA,1,"2019/08/23 01:40:00",TRIBUTE,84.91
D,DISPATCH,UNIT_SCADA,1,"2019/08/23 01:40:00",TUMUT3,0
D,DISPATCH,UNIT_SCADA,1,"2019/08/23 01:40:00",TUNGATIN,139.830030
D,DISPATCH,UNIT_SCADA,1,"2019/08/23 01:40:00",TVCC201,0
D,DISPATCH,UNIT_SCADA,1,"2019/08/23 01:40:00",TVPP104,41.318640
D,DISPATCH,UNIT_SCADA,1,"2019/08/23 01:40:00",UPPTUMUT,0
D,DISPATCH,UNIT_SCADA,1,"2019/08/23 01:40:00",URANQ11,0
D,DISPATCH,UNIT_SCADA,1,"2019/08/23 01:40:00",URANQ12,0
D,DISPATCH,UNIT_SCADA,1,"2019/08/23 01:40:00",URANQ13,0
D,DISPATCH,UNIT_SCADA,1,"2019/08/23 01:40:00",URANQ14,0
D,DISPATCH,UNIT_SCADA,1,"2019/08/23 01:40:00",VP5,595.924990
D,DISPATCH,UNIT_SCADA,1,"2019/08/23 01:40:00",VP6,583.325010
D,DISPATCH,UNIT_SCADA,1,"2019/08/23 01:40:00",VPGS1,0
D,DISPATCH,UNIT_SCADA,1,"2019/08/23 01:40:00",VPGS2,0
D,DISPATCH,UNIT_SCADA,1,"2019/08/23 01:40:00",VPGS3,0
D,DISPATCH,UNIT_SCADA,1,"2019/08/23 01:40:00",VPGS4,0
D,DISPATCH,UNIT_SCADA,1,"2019/08/23 01:40:00",VPGS5,0
D,DISPATCH,UNIT_SCADA,1,"2019/08/23 01:40:00",VPGS6,0
D,DISPATCH,UNIT_SCADA,1,"2019/08/23 01:40:00",W/HOE#1,0
D,DISPATCH,UNIT_SCADA,1,"2019/08/23 01:40:00",W/HOE#2,0
D,DISPATCH,UNIT_SCADA,1,"2019/08/23 01:40:00",WATERLWF,9.60
D,DISPATCH,UNIT_SCADA,1,"2019/08/23 01:40:00",WEMENSF1,0
D,DISPATCH,UNIT_SCADA,1,"2019/08/23 01:40:00",WGWF1,7.80
D,DISPATCH,UNIT_SCADA,1,"2019/08/23 01:40:00",WHITSF1,0
D,DISPATCH,UNIT_SCADA,1,"2019/08/23 01:40:00",WKIEWA1,28.70
D,DISPATCH,UNIT_SCADA,1,"2019/08/23 01:40:00",WKIEWA2,17.60
D,DISPATCH,UNIT_SCADA,1,"2019/08/23 01:40:00",WOODLWN1,0.899990
D,DISPATCH,UNIT_SCADA,1,"2019/08/23 01:40:00",WRSF1,0
D,DISPATCH,UNIT_SCADA,1,"2019/08/23 01:40:00",WRWF1,46.439990
D,DISPATCH,UNIT_SCADA,1,"2019/08/23 01:40:00",YABULU,0
D,DISPATCH,UNIT_SCADA,1,"2019/08/23 01:40:00",YABULU2,0
D,DISPATCH,UNIT_SCADA,1,"2019/08/23 01:40:00",YARWUN_1,0
D,DISPATCH,UNIT_SCADA,1,"2019/08/23 01:40:00",YENDWF1,0.90
D,DISPATCH,UNIT_SCADA,1,"2019/08/23 01:40:00",YWPS1,360.901280
D,DISPATCH,UNIT_SCADA,1,"2019/08/23 01:40:00",YWPS2,283.205080
D,DISPATCH,UNIT_SCADA,1,"2019/08/23 01:40:00",YWPS3,0
D,DISPATCH,UNIT_SCADA,1,"2019/08/23 01:40:00",YWPS4,0
C,"END OF REPORT",334
