C,NEMP.WORLD,DISPATCHSCADA,AEMO,PUBLIC,2019/09/05,16:30:20,0000000312429111,DISPATCHSCADA,0000000312429105
I,DISPATCH,UNIT_SCADA,1,SETTLEMENTDATE,DUID,SCADAVALUE
D,DISPATCH,UNIT_SCADA,1,"2019/09/05 16:35:00",BARCSF1,8.900001
D,DISPATCH,UNIT_SCADA,1,"2019/09/05 16:35:00",BUTLERSG,10.199999
D,DISPATCH,UNIT_SCADA,1,"2019/09/05 16:35:00",CALL_A_4,0
D,DISPATCH,UNIT_SCADA,1,"2019/09/05 16:35:00",CAPTL_WF,0
D,DISPATCH,UNIT_SCADA,1,"2019/09/05 16:35:00",CATHROCK,30.539999
D,DISPATCH,UNIT_SCADA,1,"2019/09/05 16:35:00",CHALLHWF,5
D,DISPATCH,UNIT_SCADA,1,"2019/09/05 16:35:00",CLOVER,-0.01
D,DISPATCH,UNIT_SCADA,1,"2019/09/05 16:35:00",CLUNY,18.016479
D,DISPATCH,UNIT_SCADA,1,"2019/09/05 16:35:00",CNUNDAWF,18.121140
D,DISPATCH,UNIT_SCADA,1,"2019/09/05 16:35:00",CULLRGWF,0
D,DISPATCH,UNIT_SCADA,1,"2019/09/05 16:35:00",ERGT01,0
D,DISPATCH,UNIT_SCADA,1,"2019/09/05 16:35:00",GB01,0.005440
D,DISPATCH,UNIT_SCADA,1,"2019/09/05 16:35:00",GERMCRK,35.700001
D,DISPATCH,UNIT_SCADA,1,"2019/09/05 16:35:00",GRIFSF1,18.799995
D,DISPATCH,UNIT_SCADA,1,"2019/09/05 16:35:00",HUGSF1,8.844001
D,DISPATCH,UNIT_SCADA,1,"2019/09/05 16:35:00",LKBONNY1,-0.627956
D,DISPATCH,UNIT_SCADA,1,"2019/09/05 16:35:00",LRSF1,-0.0340
D,DISPATCH,UNIT_SCADA,1,"2019/09/05 16:35:00",MBAHNTH,48.300003
D,DISPATCH,UNIT_SCADA,1,"2019/09/05 16:35:00",MLSP1,3.699001
D,DISPATCH,UNIT_SCADA,1,"2019/09/05 16:35:00",MLWF1,9.1650
D,DISPATCH,UNIT_SCADA,1,"2019/09/05 16:35:00",MTMILLAR,41.217422
D,DISPATCH,UNIT_SCADA,1,"2019/09/05 16:35:00",PALOONA,25.48
D,DISPATCH,UNIT_SCADA,1,"2019/09/05 16:35:00",PIONEER,22.50
D,DISPATCH,UNIT_SCADA,1,"2019/09/05 16:35:00",PORTWF,66.099998
D,DISPATCH,UNIT_SCADA,1,"2019/09/05 16:35:00",REPULSE,29.216145
D,DISPATCH,UNIT_SCADA,1,"2019/09/05 16:35:00",ROWALLAN,10.3021
D,DISPATCH,UNIT_SCADA,1,"2019/09/05 16:35:00",ROYALLA1,5.335001
D,DISPATCH,UNIT_SCADA,1,"2019/09/05 16:35:00",RPCG,10.40
D,DISPATCH,UNIT_SCADA,1,"2019/09/05 16:35:00",RUBICON,0
D,DISPATCH,UNIT_SCADA,1,"2019/09/05 16:35:00",SATGN1,0
D,DISPATCH,UNIT_SCADA,1,"2019/09/05 16:35:00",SATGS1,0
D,DISPATCH,UNIT_SCADA,1,"2019/09/05 16:35:00",STARHLWF,32.090641
D,DISPATCH,UNIT_SCADA,1,"2019/09/05 16:35:00",WAUBRAWF,67.390999
D,DISPATCH,UNIT_SCADA,1,"2019/09/05 16:35:00",WOOLNTH1,49.410019
D,DISPATCH,UNIT_SCADA,1,"2019/09/05 16:35:00",WPWF,62
D,DISPATCH,UNIT_SCADA,1,"2019/09/05 16:35:00",YAMBUKWF,10.80
D,DISPATCH,UNIT_SCADA,1,"2019/09/05 16:35:00",YSWF1,-0.10
D,DISPATCH,UNIT_SCADA,1,"2019/09/05 16:35:00",AGLHAL,0
D,DISPATCH,UNIT_SCADA,1,"2019/09/05 16:35:00",AGLSOM,0
D,DISPATCH,UNIT_SCADA,1,"2019/09/05 16:35:00",ANGAST1,0
D,DISPATCH,UNIT_SCADA,1,"2019/09/05 16:35:00",ARWF1,40.90
D,DISPATCH,UNIT_SCADA,1,"2019/09/05 16:35:00",BALBG1,3.04
D,DISPATCH,UNIT_SCADA,1,"2019/09/05 16:35:00",BALBL1,0
D,DISPATCH,UNIT_SCADA,1,"2019/09/05 16:35:00",BALDHWF1,72.0480
D,DISPATCH,UNIT_SCADA,1,"2019/09/05 16:35:00",BANN1,47.35
D,DISPATCH,UNIT_SCADA,1,"2019/09/05 16:35:00",BARCALDN,0
D,DISPATCH,UNIT_SCADA,1,"2019/09/05 16:35:00",BARRON-1,25.44
D,DISPATCH,UNIT_SCADA,1,"2019/09/05 16:35:00",BARRON-2,0
D,DISPATCH,UNIT_SCADA,1,"2019/09/05 16:35:00",BASTYAN,81.05
D,DISPATCH,UNIT_SCADA,1,"2019/09/05 16:35:00",BBTHREE1,0
D,DISPATCH,UNIT_SCADA,1,"2019/09/05 16:35:00",BBTHREE2,0
D,DISPATCH,UNIT_SCADA,1,"2019/09/05 16:35:00",BBTHREE3,0
D,DISPATCH,UNIT_SCADA,1,"2019/09/05 16:35:00",BDL01,0
D,DISPATCH,UNIT_SCADA,1,"2019/09/05 16:35:00",BDL02,-0.12
D,DISPATCH,UNIT_SCADA,1,"2019/09/05 16:35:00",BERYLSF1,34.280720
D,DISPATCH,UNIT_SCADA,1,"2019/09/05 16:35:00",BLOWERNG,15.40
D,DISPATCH,UNIT_SCADA,1,"2019/09/05 16:35:00",BLUFF1,40
D,DISPATCH,UNIT_SCADA,1,"2019/09/05 16:35:00",BNGSF1,0.18
D,DISPATCH,UNIT_SCADA,1,"2019/09/05 16:35:00",BNGSF2,20.03
D,DISPATCH,UNIT_SCADA,1,"2019/09/05 16:35:00",BOCORWF1,96.01
D,DISPATCH,UNIT_SCADA,1,"2019/09/05 16:35:00",BODWF1,45.612340
D,DISPATCH,UNIT_SCADA,1,"2019/09/05 16:35:00",BRAEMAR1,0
D,DISPATCH,UNIT_SCADA,1,"2019/09/05 16:35:00",BRAEMAR2,0
D,DISPATCH,UNIT_SCADA,1,"2019/09/05 16:35:00",BRAEMAR3,0
D,DISPATCH,UNIT_SCADA,1,"2019/09/05 16:35:00",BRAEMAR5,0
D,DISPATCH,UNIT_SCADA,1,"2019/09/05 16:35:00",BRAEMAR6,0
D,DISPATCH,UNIT_SCADA,1,"2019/09/05 16:35:00",BRAEMAR7,0
D,DISPATCH,UNIT_SCADA,1,"2019/09/05 16:35:00",BROKENH1,25.906250
D,DISPATCH,UNIT_SCADA,1,"2019/09/05 16:35:00",BW01,562.699950
D,DISPATCH,UNIT_SCADA,1,"2019/09/05 16:35:00",BW02,634.074950
D,DISPATCH,UNIT_SCADA,1,"2019/09/05 16:35:00",BW03,651.925050
D,DISPATCH,UNIT_SCADA,1,"2019/09/05 16:35:00",BW04,0
D,DISPATCH,UNIT_SCADA,1,"2019/09/05 16:35:00",CALL_B_1,319.300020
D,DISPATCH,UNIT_SCADA,1,"2019/09/05 16:35:00",CALL_B_2,284.899990
D,DISPATCH,UNIT_SCADA,1,"2019/09/05 16:35:00",CETHANA,75.851130
D,DISPATCH,UNIT_SCADA,1,"2019/09/05 16:35:00",CG1,0
D,DISPATCH,UNIT_SCADA,1,"2019/09/05 16:35:00",CG2,0
D,DISPATCH,UNIT_SCADA,1,"2019/09/05 16:35:00",CG3,0
D,DISPATCH,UNIT_SCADA,1,"2019/09/05 16:35:00",CG4,0
D,DISPATCH,UNIT_SCADA,1,"2019/09/05 16:35:00",CHILDSF1,27.79
D,DISPATCH,UNIT_SCADA,1,"2019/09/05 16:35:00",CLARESF1,39.991290
D,DISPATCH,UNIT_SCADA,1,"2019/09/05 16:35:00",CLEMGPWF,31.2632
D,DISPATCH,UNIT_SCADA,1,"2019/09/05 16:35:00",CLERMSF1,14.35
D,DISPATCH,UNIT_SCADA,1,"2019/09/05 16:35:00",COLEASF1,38
D,DISPATCH,UNIT_SCADA,1,"2019/09/05 16:35:00",COOPGWF1,3.484330
D,DISPATCH,UNIT_SCADA,1,"2019/09/05 16:35:00",CPP_3,348.425020
D,DISPATCH,UNIT_SCADA,1,"2019/09/05 16:35:00",CPP_4,350.899990
D,DISPATCH,UNIT_SCADA,1,"2019/09/05 16:35:00",CPSA,74.391880
D,DISPATCH,UNIT_SCADA,1,"2019/09/05 16:35:00",CROOKWF2,0.6375
D,DISPATCH,UNIT_SCADA,1,"2019/09/05 16:35:00",CROWLWF1,4.5655
D,DISPATCH,UNIT_SCADA,1,"2019/09/05 16:35:00",CSPVPS1,13.1080
D,DISPATCH,UNIT_SCADA,1,"2019/09/05 16:35:00",DALNTH01,0
D,DISPATCH,UNIT_SCADA,1,"2019/09/05 16:35:00",DALNTHL1,0.0473
D,DISPATCH,UNIT_SCADA,1,"2019/09/05 16:35:00",DARTM1,0.20
D,DISPATCH,UNIT_SCADA,1,"2019/09/05 16:35:00",DAYDSF1,100.127010
D,DISPATCH,UNIT_SCADA,1,"2019/09/05 16:35:00",DDPS1,358.554020
D,DISPATCH,UNIT_SCADA,1,"2019/09/05 16:35:00",DDSF1,32.583680
D,DISPATCH,UNIT_SCADA,1,"2019/09/05 16:35:00",DEVILS_G,63.664050
D,DISPATCH,UNIT_SCADA,1,"2019/09/05 16:35:00",DG_NSW1,0
D,DISPATCH,UNIT_SCADA,1,"2019/09/05 16:35:00",DG_QLD1,0
D,DISPATCH,UNIT_SCADA,1,"2019/09/05 16:35:00",DG_SA1,0
D,DISPATCH,UNIT_SCADA,1,"2019/09/05 16:35:00",DG_TAS1,0
D,DISPATCH,UNIT_SCADA,1,"2019/09/05 16:35:00",DG_VIC1,0
D,DISPATCH,UNIT_SCADA,1,"2019/09/05 16:35:00",DRYCGT1,0
D,DISPATCH,UNIT_SCADA,1,"2019/09/05 16:35:00",DRYCGT2,0
D,DISPATCH,UNIT_SCADA,1,"2019/09/05 16:35:00",DRYCGT3,0
D,DISPATCH,UNIT_SCADA,1,"2019/09/05 16:35:00",EILDON1,0
D,DISPATCH,UNIT_SCADA,1,"2019/09/05 16:35:00",EILDON2,0
D,DISPATCH,UNIT_SCADA,1,"2019/09/05 16:35:00",EMERASF1,47.62
D,DISPATCH,UNIT_SCADA,1,"2019/09/05 16:35:00",ER01,592.099980
D,DISPATCH,UNIT_SCADA,1,"2019/09/05 16:35:00",ER02,352.8750
D,DISPATCH,UNIT_SCADA,1,"2019/09/05 16:35:00",ER03,0
D,DISPATCH,UNIT_SCADA,1,"2019/09/05 16:35:00",ER04,695.925050
D,DISPATCH,UNIT_SCADA,1,"2019/09/05 16:35:00",FINLYSF1,31.600010
D,DISPATCH,UNIT_SCADA,1,"2019/09/05 16:35:00",FISHER,46.12
D,DISPATCH,UNIT_SCADA,1,"2019/09/05 16:35:00",GANNBG1,0
D,DISPATCH,UNIT_SCADA,1,"2019/09/05 16:35:00",GANNBL1,4.234010
D,DISPATCH,UNIT_SCADA,1,"2019/09/05 16:35:00",GANNSF1,31
D,DISPATCH,UNIT_SCADA,1,"2019/09/05 16:35:00",GORDON,21.022960
D,DISPATCH,UNIT_SCADA,1,"2019/09/05 16:35:00",GSTONE1,148.9250
D,DISPATCH,UNIT_SCADA,1,"2019/09/05 16:35:00",GSTONE2,124.25
D,DISPATCH,UNIT_SCADA,1,"2019/09/05 16:35:00",GSTONE3,0
D,DISPATCH,UNIT_SCADA,1,"2019/09/05 16:35:00",GSTONE4,148.399990
D,DISPATCH,UNIT_SCADA,1,"2019/09/05 16:35:00",GSTONE5,170.274990
D,DISPATCH,UNIT_SCADA,1,"2019/09/05 16:35:00",GSTONE6,167.30
D,DISPATCH,UNIT_SCADA,1,"2019/09/05 16:35:00",GULLRSF1,2.252750
D,DISPATCH,UNIT_SCADA,1,"2019/09/05 16:35:00",GULLRWF1,0
D,DISPATCH,UNIT_SCADA,1,"2019/09/05 16:35:00",GUNNING1,-0.160740
D,DISPATCH,UNIT_SCADA,1,"2019/09/05 16:35:00",GUTHEGA,0
D,DISPATCH,UNIT_SCADA,1,"2019/09/05 16:35:00",HALLWF1,73.07
D,DISPATCH,UNIT_SCADA,1,"2019/09/05 16:35:00",HALLWF2,60.20
D,DISPATCH,UNIT_SCADA,1,"2019/09/05 16:35:00",HAMISF1,37.80
D,DISPATCH,UNIT_SCADA,1,"2019/09/05 16:35:00",HAUGHT11,81.334270
D,DISPATCH,UNIT_SCADA,1,"2019/09/05 16:35:00",HAYMSF1,34.6050
D,DISPATCH,UNIT_SCADA,1,"2019/09/05 16:35:00",HDWF1,42
D,DISPATCH,UNIT_SCADA,1,"2019/09/05 16:35:00",HDWF2,35.60
D,DISPATCH,UNIT_SCADA,1,"2019/09/05 16:35:00",HDWF3,39.40
D,DISPATCH,UNIT_SCADA,1,"2019/09/05 16:35:00",HPRG1,0
D,DISPATCH,UNIT_SCADA,1,"2019/09/05 16:35:00",HPRL1,31.70
D,DISPATCH,UNIT_SCADA,1,"2019/09/05 16:35:00",HUMENSW,0
D,DISPATCH,UNIT_SCADA,1,"2019/09/05 16:35:00",HUMEV,24.20
D,DISPATCH,UNIT_SCADA,1,"2019/09/05 16:35:00",HVGTS,0
D,DISPATCH,UNIT_SCADA,1,"2019/09/05 16:35:00",JBUTTERS,20.61
D,DISPATCH,UNIT_SCADA,1,"2019/09/05 16:35:00",JLA01,0.10
D,DISPATCH,UNIT_SCADA,1,"2019/09/05 16:35:00",JLA02,0
D,DISPATCH,UNIT_SCADA,1,"2019/09/05 16:35:00",JLA03,0
D,DISPATCH,UNIT_SCADA,1,"2019/09/05 16:35:00",JLA04,0
D,DISPATCH,UNIT_SCADA,1,"2019/09/05 16:35:00",JLB01,0
D,DISPATCH,UNIT_SCADA,1,"2019/09/05 16:35:00",JLB02,83.60
D,DISPATCH,UNIT_SCADA,1,"2019/09/05 16:35:00",JLB03,0
D,DISPATCH,UNIT_SCADA,1,"2019/09/05 16:35:00",KAREEYA1,21.51
D,DISPATCH,UNIT_SCADA,1,"2019/09/05 16:35:00",KAREEYA2,21.8125
D,DISPATCH,UNIT_SCADA,1,"2019/09/05 16:35:00",KAREEYA3,0
D,DISPATCH,UNIT_SCADA,1,"2019/09/05 16:35:00",KAREEYA4,21.58
D,DISPATCH,UNIT_SCADA,1,"2019/09/05 16:35:00",KARSF1,64.70
D,DISPATCH,UNIT_SCADA,1,"2019/09/05 16:35:00",KIATAWF1,14.80
D,DISPATCH,UNIT_SCADA,1,"2019/09/05 16:35:00",KPP_1,0
D,DISPATCH,UNIT_SCADA,1,"2019/09/05 16:35:00",KSP1,44.05
D,DISPATCH,UNIT_SCADA,1,"2019/09/05 16:35:00",LADBROK1,0
D,DISPATCH,UNIT_SCADA,1,"2019/09/05 16:35:00",LADBROK2,0
D,DISPATCH,UNIT_SCADA,1,"2019/09/05 16:35:00",LD01,423.018770
D,DISPATCH,UNIT_SCADA,1,"2019/09/05 16:35:00",LD02,398.793730
D,DISPATCH,UNIT_SCADA,1,"2019/09/05 16:35:00",LD03,422.024960
D,DISPATCH,UNIT_SCADA,1,"2019/09/05 16:35:00",LD04,383.962550
D,DISPATCH,UNIT_SCADA,1,"2019/09/05 16:35:00",LEM_WIL,85.161050
D,DISPATCH,UNIT_SCADA,1,"2019/09/05 16:35:00",LGAPWF1,12.76
D,DISPATCH,UNIT_SCADA,1,"2019/09/05 16:35:00",LILYSF1,56.885240
D,DISPATCH,UNIT_SCADA,1,"2019/09/05 16:35:00",LI_WY_CA,133.996250
D,DISPATCH,UNIT_SCADA,1,"2019/09/05 16:35:00",LKBONNY2,1.003530
D,DISPATCH,UNIT_SCADA,1,"2019/09/05 16:35:00",LKBONNY3,17.528110
D,DISPATCH,UNIT_SCADA,1,"2019/09/05 16:35:00",LK_ECHO,0
D,DISPATCH,UNIT_SCADA,1,"2019/09/05 16:35:00",LNGS1,0
D,DISPATCH,UNIT_SCADA,1,"2019/09/05 16:35:00",LNGS2,0
D,DISPATCH,UNIT_SCADA,1,"2019/09/05 16:35:00",LONSDALE,0
D,DISPATCH,UNIT_SCADA,1,"2019/09/05 16:35:00",LOYYB1,535.712650
D,DISPATCH,UNIT_SCADA,1,"2019/09/05 16:35:00",LOYYB2,582.330380
D,DISPATCH,UNIT_SCADA,1,"2019/09/05 16:35:00",LYA1,0
D,DISPATCH,UNIT_SCADA,1,"2019/09/05 16:35:00",LYA2,0
D,DISPATCH,UNIT_SCADA,1,"2019/09/05 16:35:00",LYA3,559
D,DISPATCH,UNIT_SCADA,1,"2019/09/05 16:35:00",LYA4,540
D,DISPATCH,UNIT_SCADA,1,"2019/09/05 16:35:00",MACARTH1,102.997620
D,DISPATCH,UNIT_SCADA,1,"2019/09/05 16:35:00",MACKAYGT,0.2240
D,DISPATCH,UNIT_SCADA,1,"2019/09/05 16:35:00",MACKNTSH,88.80
D,DISPATCH,UNIT_SCADA,1,"2019/09/05 16:35:00",MANSLR1,25.2330
D,DISPATCH,UNIT_SCADA,1,"2019/09/05 16:35:00",MCKAY1,-0.0350
D,DISPATCH,UNIT_SCADA,1,"2019/09/05 16:35:00",MEADOWBK,33.667240
D,DISPATCH,UNIT_SCADA,1,"2019/09/05 16:35:00",MERCER01,16.8420
D,DISPATCH,UNIT_SCADA,1,"2019/09/05 16:35:00",MEWF1,41.240570
D,DISPATCH,UNIT_SCADA,1,"2019/09/05 16:35:00",MINTARO,0
D,DISPATCH,UNIT_SCADA,1,"2019/09/05 16:35:00",MOREESF1,36.8920
D,DISPATCH,UNIT_SCADA,1,"2019/09/05 16:35:00",MORTLK11,260
D,DISPATCH,UNIT_SCADA,1,"2019/09/05 16:35:00",MORTLK12,0
D,DISPATCH,UNIT_SCADA,1,"2019/09/05 16:35:00",MP1,232.349980
D,DISPATCH,UNIT_SCADA,1,"2019/09/05 16:35:00",MP2,0
D,DISPATCH,UNIT_SCADA,1,"2019/09/05 16:35:00",MPP_1,405
D,DISPATCH,UNIT_SCADA,1,"2019/09/05 16:35:00",MPP_2,431
D,DISPATCH,UNIT_SCADA,1,"2019/09/05 16:35:00",MSTUART1,0
D,DISPATCH,UNIT_SCADA,1,"2019/09/05 16:35:00",MSTUART2,0
D,DISPATCH,UNIT_SCADA,1,"2019/09/05 16:35:00",MSTUART3,0
D,DISPATCH,UNIT_SCADA,1,"2019/09/05 16:35:00",MTGELWF1,31.955930
D,DISPATCH,UNIT_SCADA,1,"2019/09/05 16:35:00",MURRAY,0
D,DISPATCH,UNIT_SCADA,1,"2019/09/05 16:35:00",MUSSELR1,10.10
D,DISPATCH,UNIT_SCADA,1,"2019/09/05 16:35:00",MUWAWF1,13.50
D,DISPATCH,UNIT_SCADA,1,"2019/09/05 16:35:00",NBHWF1,81.60
D,DISPATCH,UNIT_SCADA,1,"2019/09/05 16:35:00",NPS,200.6250
D,DISPATCH,UNIT_SCADA,1,"2019/09/05 16:35:00",NUMURSF1,54.82
D,DISPATCH,UNIT_SCADA,1,"2019/09/05 16:35:00",NYNGAN1,35.75
D,DISPATCH,UNIT_SCADA,1,"2019/09/05 16:35:00",OAKEY1,0
D,DISPATCH,UNIT_SCADA,1,"2019/09/05 16:35:00",OAKEY1SF,13.2010
D,DISPATCH,UNIT_SCADA,1,"2019/09/05 16:35:00",OAKEY2,0
D,DISPATCH,UNIT_SCADA,1,"2019/09/05 16:35:00",OAKEY2SF,0
D,DISPATCH,UNIT_SCADA,1,"2019/09/05 16:35:00",OAKLAND1,34
D,DISPATCH,UNIT_SCADA,1,"2019/09/05 16:35:00",OSB-AG,151.58
D,DISPATCH,UNIT_SCADA,1,"2019/09/05 16:35:00",PARSF1,37.80
D,DISPATCH,UNIT_SCADA,1,"2019/09/05 16:35:00",POAT110,0
D,DISPATCH,UNIT_SCADA,1,"2019/09/05 16:35:00",POAT220,0.52
D,DISPATCH,UNIT_SCADA,1,"2019/09/05 16:35:00",POR01,0
D,DISPATCH,UNIT_SCADA,1,"2019/09/05 16:35:00",POR03,0
D,DISPATCH,UNIT_SCADA,1,"2019/09/05 16:35:00",PPCCGT,170.196690
D,DISPATCH,UNIT_SCADA,1,"2019/09/05 16:35:00",PTSTAN1,0
D,DISPATCH,UNIT_SCADA,1,"2019/09/05 16:35:00",PUMP1,0
D,DISPATCH,UNIT_SCADA,1,"2019/09/05 16:35:00",PUMP2,0
D,DISPATCH,UNIT_SCADA,1,"2019/09/05 16:35:00",QPS1,0
D,DISPATCH,UNIT_SCADA,1,"2019/09/05 16:35:00",QPS2,0
D,DISPATCH,UNIT_SCADA,1,"2019/09/05 16:35:00",QPS3,0
D,DISPATCH,UNIT_SCADA,1,"2019/09/05 16:35:00",QPS4,0
D,DISPATCH,UNIT_SCADA,1,"2019/09/05 16:35:00",QPS5,0
D,DISPATCH,UNIT_SCADA,1,"2019/09/05 16:35:00",REECE1,99.070010
D,DISPATCH,UNIT_SCADA,1,"2019/09/05 16:35:00",REECE2,102.650010
D,DISPATCH,UNIT_SCADA,1,"2019/09/05 16:35:00",ROMA_7,0
D,DISPATCH,UNIT_SCADA,1,"2019/09/05 16:35:00",ROMA_8,0
D,DISPATCH,UNIT_SCADA,1,"2019/09/05 16:35:00",RRSF1,64.148060
D,DISPATCH,UNIT_SCADA,1,"2019/09/05 16:35:00",RT_NSW1,0
D,DISPATCH,UNIT_SCADA,1,"2019/09/05 16:35:00",RT_NSW2,0
D,DISPATCH,UNIT_SCADA,1,"2019/09/05 16:35:00",RT_NSW3,0
D,DISPATCH,UNIT_SCADA,1,"2019/09/05 16:35:00",RT_NSW4,0
D,DISPATCH,UNIT_SCADA,1,"2019/09/05 16:35:00",RT_NSW5,0
D,DISPATCH,UNIT_SCADA,1,"2019/09/05 16:35:00",RT_NSW6,0
D,DISPATCH,UNIT_SCADA,1,"2019/09/05 16:35:00",RT_QLD1,0
D,DISPATCH,UNIT_SCADA,1,"2019/09/05 16:35:00",RT_SA1,0
D,DISPATCH,UNIT_SCADA,1,"2019/09/05 16:35:00",RT_SA2,0
D,DISPATCH,UNIT_SCADA,1,"2019/09/05 16:35:00",RT_SA3,0
D,DISPATCH,UNIT_SCADA,1,"2019/09/05 16:35:00",RT_SA4,0
D,DISPATCH,UNIT_SCADA,1,"2019/09/05 16:35:00",RT_SA5,0
D,DISPATCH,UNIT_SCADA,1,"2019/09/05 16:35:00",RT_SA6,0
D,DISPATCH,UNIT_SCADA,1,"2019/09/05 16:35:00",RT_TAS1,0
D,DISPATCH,UNIT_SCADA,1,"2019/09/05 16:35:00",RT_VIC1,0
D,DISPATCH,UNIT_SCADA,1,"2019/09/05 16:35:00",RT_VIC10,0
D,DISPATCH,UNIT_SCADA,1,"2019/09/05 16:35:00",RT_VIC11,0
D,DISPATCH,UNIT_SCADA,1,"2019/09/05 16:35:00",RT_VIC12,0
D,DISPATCH,UNIT_SCADA,1,"2019/09/05 16:35:00",RT_VIC2,0
D,DISPATCH,UNIT_SCADA,1,"2019/09/05 16:35:00",RT_VIC3,0
D,DISPATCH,UNIT_SCADA,1,"2019/09/05 16:35:00",RT_VIC4,0
D,DISPATCH,UNIT_SCADA,1,"2019/09/05 16:35:00",RT_VIC5,0
D,DISPATCH,UNIT_SCADA,1,"2019/09/05 16:35:00",RT_VIC6,0
D,DISPATCH,UNIT_SCADA,1,"2019/09/05 16:35:00",RT_VIC7,0
D,DISPATCH,UNIT_SCADA,1,"2019/09/05 16:35:00",RT_VIC8,0
D,DISPATCH,UNIT_SCADA,1,"2019/09/05 16:35:00",RT_VIC9,0
D,DISPATCH,UNIT_SCADA,1,"2019/09/05 16:35:00",RUGBYR1,55.486470
D,DISPATCH,UNIT_SCADA,1,"2019/09/05 16:35:00",SALTCRK1,21.82
D,DISPATCH,UNIT_SCADA,1,"2019/09/05 16:35:00",SAPHWF1,106.256260
D,DISPATCH,UNIT_SCADA,1,"2019/09/05 16:35:00",SHGEN,0
D,DISPATCH,UNIT_SCADA,1,"2019/09/05 16:35:00",SHPUMP,0
D,DISPATCH,UNIT_SCADA,1,"2019/09/05 16:35:00",SITHE01,0.194050
D,DISPATCH,UNIT_SCADA,1,"2019/09/05 16:35:00",SMCSF1,34.172910
D,DISPATCH,UNIT_SCADA,1,"2019/09/05 16:35:00",SNOWNTH1,74.70
D,DISPATCH,UNIT_SCADA,1,"2019/09/05 16:35:00",SNOWSTH1,86.80
D,DISPATCH,UNIT_SCADA,1,"2019/09/05 16:35:00",SNOWTWN1,-0.643030
D,DISPATCH,UNIT_SCADA,1,"2019/09/05 16:35:00",SNOWYP,0
D,DISPATCH,UNIT_SCADA,1,"2019/09/05 16:35:00",SNUG1,0.019440
D,DISPATCH,UNIT_SCADA,1,"2019/09/05 16:35:00",SRSF1,26.38
D,DISPATCH,UNIT_SCADA,1,"2019/09/05 16:35:00",STAN-1,356.142580
D,DISPATCH,UNIT_SCADA,1,"2019/09/05 16:35:00",STAN-2,252.485030
D,DISPATCH,UNIT_SCADA,1,"2019/09/05 16:35:00",STAN-3,223.657790
D,DISPATCH,UNIT_SCADA,1,"2019/09/05 16:35:00",STAN-4,220.504610
D,DISPATCH,UNIT_SCADA,1,"2019/09/05 16:35:00",STWF1,0
D,DISPATCH,UNIT_SCADA,1,"2019/09/05 16:35:00",SWAN_E,0
D,DISPATCH,UNIT_SCADA,1,"2019/09/05 16:35:00",TALWA1,413
D,DISPATCH,UNIT_SCADA,1,"2019/09/05 16:35:00",TARALGA1,1.061260
D,DISPATCH,UNIT_SCADA,1,"2019/09/05 16:35:00",TARONG#1,349.50
D,DISPATCH,UNIT_SCADA,1,"2019/09/05 16:35:00",TARONG#2,0
D,DISPATCH,UNIT_SCADA,1,"2019/09/05 16:35:00",TARONG#3,351.50
D,DISPATCH,UNIT_SCADA,1,"2019/09/05 16:35:00",TARONG#4,349.899990
D,DISPATCH,UNIT_SCADA,1,"2019/09/05 16:35:00",TARRALEA,73.80
D,DISPATCH,UNIT_SCADA,1,"2019/09/05 16:35:00",TBSF1,0
D,DISPATCH,UNIT_SCADA,1,"2019/09/05 16:35:00",TNPS1,380.200010
D,DISPATCH,UNIT_SCADA,1,"2019/09/05 16:35:00",TORRA1,49.357640
D,DISPATCH,UNIT_SCADA,1,"2019/09/05 16:35:00",TORRA2,0
D,DISPATCH,UNIT_SCADA,1,"2019/09/05 16:35:00",TORRA3,0
D,DISPATCH,UNIT_SCADA,1,"2019/09/05 16:35:00",TORRA4,50.566440
D,DISPATCH,UNIT_SCADA,1,"2019/09/05 16:35:00",TORRB1,59.54
D,DISPATCH,UNIT_SCADA,1,"2019/09/05 16:35:00",TORRB2,61.16
D,DISPATCH,UNIT_SCADA,1,"2019/09/05 16:35:00",TORRB3,59.15
D,DISPATCH,UNIT_SCADA,1,"2019/09/05 16:35:00",TORRB4,0
D,DISPATCH,UNIT_SCADA,1,"2019/09/05 16:35:00",TREVALLN,91.010030
D,DISPATCH,UNIT_SCADA,1,"2019/09/05 16:35:00",TRIBUTE,0
D,DISPATCH,UNIT_SCADA,1,"2019/09/05 16:35:00",TUMUT3,241.70
D,DISPATCH,UNIT_SCADA,1,"2019/09/05 16:35:00",TUNGATIN,45.820030
D,DISPATCH,UNIT_SCADA,1,"2019/09/05 16:35:00",TVCC201,0
D,DISPATCH,UNIT_SCADA,1,"2019/09/05 16:35:00",TVPP104,0
D,DISPATCH,UNIT_SCADA,1,"2019/09/05 16:35:00",UPPTUMUT,503.444920
D,DISPATCH,UNIT_SCADA,1,"2019/09/05 16:35:00",URANQ11,62.3750
D,DISPATCH,UNIT_SCADA,1,"2019/09/05 16:35:00",URANQ12,0
D,DISPATCH,UNIT_SCADA,1,"2019/09/05 16:35:00",URANQ13,156.531250
D,DISPATCH,UNIT_SCADA,1,"2019/09/05 16:35:00",URANQ14,0
D,DISPATCH,UNIT_SCADA,1,"2019/09/05 16:35:00",VP5,518.049990
D,DISPATCH,UNIT_SCADA,1,"2019/09/05 16:35:00",VP6,0
D,DISPATCH,UNIT_SCADA,1,"2019/09/05 16:35:00",VPGS1,0
D,DISPATCH,UNIT_SCADA,1,"2019/09/05 16:35:00",VPGS2,0
D,DISPATCH,UNIT_SCADA,1,"2019/09/05 16:35:00",VPGS3,0
D,DISPATCH,UNIT_SCADA,1,"2019/09/05 16:35:00",VPGS4,0
D,DISPATCH,UNIT_SCADA,1,"2019/09/05 16:35:00",VPGS5,0
D,DISPATCH,UNIT_SCADA,1,"2019/09/05 16:35:00",VPGS6,0
D,DISPATCH,UNIT_SCADA,1,"2019/09/05 16:35:00",W/HOE#1,0
D,DISPATCH,UNIT_SCADA,1,"2019/09/05 16:35:00",W/HOE#2,0
D,DISPATCH,UNIT_SCADA,1,"2019/09/05 16:35:00",WATERLWF,115.50
D,DISPATCH,UNIT_SCADA,1,"2019/09/05 16:35:00",WEMENSF1,58.60
D,DISPATCH,UNIT_SCADA,1,"2019/09/05 16:35:00",WGWF1,51.90
D,DISPATCH,UNIT_SCADA,1,"2019/09/05 16:35:00",WHITSF1,36.30
D,DISPATCH,UNIT_SCADA,1,"2019/09/05 16:35:00",WKIEWA1,0
D,DISPATCH,UNIT_SCADA,1,"2019/09/05 16:35:00",WKIEWA2,0.10
D,DISPATCH,UNIT_SCADA,1,"2019/09/05 16:35:00",WOODLWN1,0
D,DISPATCH,UNIT_SCADA,1,"2019/09/05 16:35:00",WRSF1,5.35
D,DISPATCH,UNIT_SCADA,1,"2019/09/05 16:35:00",WRWF1,94.4750
D,DISPATCH,UNIT_SCADA,1,"2019/09/05 16:35:00",YABULU,0
D,DISPATCH,UNIT_SCADA,1,"2019/09/05 16:35:00",YABULU2,0
D,DISPATCH,UNIT_SCADA,1,"2019/09/05 16:35:00",YARWUN_1,134.30
D,DISPATCH,UNIT_SCADA,1,"2019/09/05 16:35:00",YENDWF1,6.39
D,DISPATCH,UNIT_SCADA,1,"2019/09/05 16:35:00",YWPS1,380.9519
D,DISPATCH,UNIT_SCADA,1,"2019/09/05 16:35:00",YWPS2,278.693660
D,DISPATCH,UNIT_SCADA,1,"2019/09/05 16:35:00",YWPS3,330.031650
D,DISPATCH,UNIT_SCADA,1,"2019/09/05 16:35:00",YWPS4,391.850650
C,"END OF REPORT",335
