C,NEMP.WORLD,DISPATCHSCADA,AEMO,PUBLIC,2019/08/20,01:35:10,0000000311767417,DISPATCHSCADA,0000000311767411
I,DISPATCH,UNIT_SCADA,1,SETTLEMENTDATE,DUID,SCADAVALUE
D,DISPATCH,UNIT_SCADA,1,"2019/08/20 01:40:00",BARCSF1,0
D,DISPATCH,UNIT_SCADA,1,"2019/08/20 01:40:00",BUTLERSG,9.799998
D,DISPATCH,UNIT_SCADA,1,"2019/08/20 01:40:00",CALL_A_4,0
D,DISPATCH,UNIT_SCADA,1,"2019/08/20 01:40:00",CAPTL_WF,126.868004
D,DISPATCH,UNIT_SCADA,1,"2019/08/20 01:40:00",CATHROCK,50.159996
D,DISPATCH,UNIT_SCADA,1,"2019/08/20 01:40:00",CHALLHWF,13.70
D,DISPATCH,UNIT_SCADA,1,"2019/08/20 01:40:00",CLOVER,-0.01
D,DISPATCH,UNIT_SCADA,1,"2019/08/20 01:40:00",CLUNY,16.096590
D,DISPATCH,UNIT_SCADA,1,"2019/08/20 01:40:00",CNUNDAWF,37.043213
D,DISPATCH,UNIT_SCADA,1,"2019/08/20 01:40:00",CULLRGWF,30.34
D,DISPATCH,UNIT_SCADA,1,"2019/08/20 01:40:00",ERGT01,0
D,DISPATCH,UNIT_SCADA,1,"2019/08/20 01:40:00",GB01,0.062992
D,DISPATCH,UNIT_SCADA,1,"2019/08/20 01:40:00",GERMCRK,37.900002
D,DISPATCH,UNIT_SCADA,1,"2019/08/20 01:40:00",GRIFSF1,0
D,DISPATCH,UNIT_SCADA,1,"2019/08/20 01:40:00",HUGSF1,-0.2580
D,DISPATCH,UNIT_SCADA,1,"2019/08/20 01:40:00",LKBONNY1,66.803406
D,DISPATCH,UNIT_SCADA,1,"2019/08/20 01:40:00",LRSF1,-0.03
D,DISPATCH,UNIT_SCADA,1,"2019/08/20 01:40:00",MBAHNTH,53.831253
D,DISPATCH,UNIT_SCADA,1,"2019/08/20 01:40:00",MLSP1,0.304001
D,DISPATCH,UNIT_SCADA,1,"2019/08/20 01:40:00",MLWF1,17.415001
D,DISPATCH,UNIT_SCADA,1,"2019/08/20 01:40:00",MTMILLAR,12.910675
D,DISPATCH,UNIT_SCADA,1,"2019/08/20 01:40:00",PALOONA,23.57
D,DISPATCH,UNIT_SCADA,1,"2019/08/20 01:40:00",PIONEER,10.50
D,DISPATCH,UNIT_SCADA,1,"2019/08/20 01:40:00",PORTWF,136
D,DISPATCH,UNIT_SCADA,1,"2019/08/20 01:40:00",REPULSE,28.936598
D,DISPATCH,UNIT_SCADA,1,"2019/08/20 01:40:00",ROWALLAN,9.8406
D,DISPATCH,UNIT_SCADA,1,"2019/08/20 01:40:00",ROYALLA1,0
D,DISPATCH,UNIT_SCADA,1,"2019/08/20 01:40:00",RPCG,-2.40
D,DISPATCH,UNIT_SCADA,1,"2019/08/20 01:40:00",RUBICON,0
D,DISPATCH,UNIT_SCADA,1,"2019/08/20 01:40:00",SATGN1,0
D,DISPATCH,UNIT_SCADA,1,"2019/08/20 01:40:00",SATGS1,0
D,DISPATCH,UNIT_SCADA,1,"2019/08/20 01:40:00",STARHLWF,19.794228
D,DISPATCH,UNIT_SCADA,1,"2019/08/20 01:40:00",WAUBRAWF,113.1940
D,DISPATCH,UNIT_SCADA,1,"2019/08/20 01:40:00",WOOLNTH1,130.110016
D,DISPATCH,UNIT_SCADA,1,"2019/08/20 01:40:00",WPWF,32
D,DISPATCH,UNIT_SCADA,1,"2019/08/20 01:40:00",YAMBUKWF,17
D,DISPATCH,UNIT_SCADA,1,"2019/08/20 01:40:00",YSWF1,28.700001
D,DISPATCH,UNIT_SCADA,1,"2019/08/20 01:40:00",AGLHAL,0
D,DISPATCH,UNIT_SCADA,1,"2019/08/20 01:40:00",AGLSOM,0
D,DISPATCH,UNIT_SCADA,1,"2019/08/20 01:40:00",ANGAST1,0
D,DISPATCH,UNIT_SCADA,1,"2019/08/20 01:40:00",ARWF1,19
D,DISPATCH,UNIT_SCADA,1,"2019/08/20 01:40:00",BALBG1,0
D,DISPATCH,UNIT_SCADA,1,"2019/08/20 01:40:00",BALBL1,0
D,DISPATCH,UNIT_SCADA,1,"2019/08/20 01:40:00",BALDHWF1,98.89
D,DISPATCH,UNIT_SCADA,1,"2019/08/20 01:40:00",BANN1,0
D,DISPATCH,UNIT_SCADA,1,"2019/08/20 01:40:00",BARCALDN,0
D,DISPATCH,UNIT_SCADA,1,"2019/08/20 01:40:00",BARRON-1,0
D,DISPATCH,UNIT_SCADA,1,"2019/08/20 01:40:00",BARRON-2,26.12
D,DISPATCH,UNIT_SCADA,1,"2019/08/20 01:40:00",BASTYAN,80.45
D,DISPATCH,UNIT_SCADA,1,"2019/08/20 01:40:00",BBTHREE1,0
D,DISPATCH,UNIT_SCADA,1,"2019/08/20 01:40:00",BBTHREE2,0
D,DISPATCH,UNIT_SCADA,1,"2019/08/20 01:40:00",BBTHREE3,0
D,DISPATCH,UNIT_SCADA,1,"2019/08/20 01:40:00",BDL01,0
D,DISPATCH,UNIT_SCADA,1,"2019/08/20 01:40:00",BDL02,0
D,DISPATCH,UNIT_SCADA,1,"2019/08/20 01:40:00",BERYLSF1,0
D,DISPATCH,UNIT_SCADA,1,"2019/08/20 01:40:00",BLOWERNG,0
D,DISPATCH,UNIT_SCADA,1,"2019/08/20 01:40:00",BLUFF1,30
D,DISPATCH,UNIT_SCADA,1,"2019/08/20 01:40:00",BNGSF1,0
D,DISPATCH,UNIT_SCADA,1,"2019/08/20 01:40:00",BNGSF2,0
D,DISPATCH,UNIT_SCADA,1,"2019/08/20 01:40:00",BOCORWF1,69.06
D,DISPATCH,UNIT_SCADA,1,"2019/08/20 01:40:00",BODWF1,32.599540
D,DISPATCH,UNIT_SCADA,1,"2019/08/20 01:40:00",BRAEMAR1,0
D,DISPATCH,UNIT_SCADA,1,"2019/08/20 01:40:00",BRAEMAR2,0
D,DISPATCH,UNIT_SCADA,1,"2019/08/20 01:40:00",BRAEMAR3,0
D,DISPATCH,UNIT_SCADA,1,"2019/08/20 01:40:00",BRAEMAR5,0
D,DISPATCH,UNIT_SCADA,1,"2019/08/20 01:40:00",BRAEMAR6,0
D,DISPATCH,UNIT_SCADA,1,"2019/08/20 01:40:00",BRAEMAR7,0
D,DISPATCH,UNIT_SCADA,1,"2019/08/20 01:40:00",BROKENH1,0
D,DISPATCH,UNIT_SCADA,1,"2019/08/20 01:40:00",BW01,530.724980
D,DISPATCH,UNIT_SCADA,1,"2019/08/20 01:40:00",BW02,543.050050
D,DISPATCH,UNIT_SCADA,1,"2019/08/20 01:40:00",BW03,609.199950
D,DISPATCH,UNIT_SCADA,1,"2019/08/20 01:40:00",BW04,0
D,DISPATCH,UNIT_SCADA,1,"2019/08/20 01:40:00",CALL_B_1,340.700010
D,DISPATCH,UNIT_SCADA,1,"2019/08/20 01:40:00",CALL_B_2,289.399990
D,DISPATCH,UNIT_SCADA,1,"2019/08/20 01:40:00",CETHANA,81.8985
D,DISPATCH,UNIT_SCADA,1,"2019/08/20 01:40:00",CG1,0
D,DISPATCH,UNIT_SCADA,1,"2019/08/20 01:40:00",CG2,0
D,DISPATCH,UNIT_SCADA,1,"2019/08/20 01:40:00",CG3,0
D,DISPATCH,UNIT_SCADA,1,"2019/08/20 01:40:00",CG4,0
D,DISPATCH,UNIT_SCADA,1,"2019/08/20 01:40:00",CHILDSF1,0
D,DISPATCH,UNIT_SCADA,1,"2019/08/20 01:40:00",CLARESF1,0
D,DISPATCH,UNIT_SCADA,1,"2019/08/20 01:40:00",CLEMGPWF,12.462060
D,DISPATCH,UNIT_SCADA,1,"2019/08/20 01:40:00",CLERMSF1,0
D,DISPATCH,UNIT_SCADA,1,"2019/08/20 01:40:00",COLEASF1,0
D,DISPATCH,UNIT_SCADA,1,"2019/08/20 01:40:00",COOPGWF1,35.238120
D,DISPATCH,UNIT_SCADA,1,"2019/08/20 01:40:00",CPP_3,393.524990
D,DISPATCH,UNIT_SCADA,1,"2019/08/20 01:40:00",CPP_4,398.75
D,DISPATCH,UNIT_SCADA,1,"2019/08/20 01:40:00",CPSA,142.3275
D,DISPATCH,UNIT_SCADA,1,"2019/08/20 01:40:00",CROOKWF2,65.443750
D,DISPATCH,UNIT_SCADA,1,"2019/08/20 01:40:00",CROWLWF1,30.572540
D,DISPATCH,UNIT_SCADA,1,"2019/08/20 01:40:00",CSPVPS1,0
D,DISPATCH,UNIT_SCADA,1,"2019/08/20 01:40:00",DALNTH01,0
D,DISPATCH,UNIT_SCADA,1,"2019/08/20 01:40:00",DALNTHL1,0.251770
D,DISPATCH,UNIT_SCADA,1,"2019/08/20 01:40:00",DARTM1,134.600010
D,DISPATCH,UNIT_SCADA,1,"2019/08/20 01:40:00",DAYDSF1,0
D,DISPATCH,UNIT_SCADA,1,"2019/08/20 01:40:00",DDPS1,0
D,DISPATCH,UNIT_SCADA,1,"2019/08/20 01:40:00",DDSF1,0
D,DISPATCH,UNIT_SCADA,1,"2019/08/20 01:40:00",DEVILS_G,60.336320
D,DISPATCH,UNIT_SCADA,1,"2019/08/20 01:40:00",DG_NSW1,0
D,DISPATCH,UNIT_SCADA,1,"2019/08/20 01:40:00",DG_QLD1,0
D,DISPATCH,UNIT_SCADA,1,"2019/08/20 01:40:00",DG_SA1,0
D,DISPATCH,UNIT_SCADA,1,"2019/08/20 01:40:00",DG_TAS1,0
D,DISPATCH,UNIT_SCADA,1,"2019/08/20 01:40:00",DG_VIC1,0
D,DISPATCH,UNIT_SCADA,1,"2019/08/20 01:40:00",DRYCGT1,0
D,DISPATCH,UNIT_SCADA,1,"2019/08/20 01:40:00",DRYCGT2,0
D,DISPATCH,UNIT_SCADA,1,"2019/08/20 01:40:00",DRYCGT3,0
D,DISPATCH,UNIT_SCADA,1,"2019/08/20 01:40:00",EILDON1,0
D,DISPATCH,UNIT_SCADA,1,"2019/08/20 01:40:00",EILDON2,0
D,DISPATCH,UNIT_SCADA,1,"2019/08/20 01:40:00",EMERASF1,0
D,DISPATCH,UNIT_SCADA,1,"2019/08/20 01:40:00",ER01,487.900020
D,DISPATCH,UNIT_SCADA,1,"2019/08/20 01:40:00",ER02,507.150020
D,DISPATCH,UNIT_SCADA,1,"2019/08/20 01:40:00",ER03,509.924930
D,DISPATCH,UNIT_SCADA,1,"2019/08/20 01:40:00",ER04,509.849980
D,DISPATCH,UNIT_SCADA,1,"2019/08/20 01:40:00",FINLYSF1,0
D,DISPATCH,UNIT_SCADA,1,"2019/08/20 01:40:00",FISHER,42.82
D,DISPATCH,UNIT_SCADA,1,"2019/08/20 01:40:00",GANNBG1,0
D,DISPATCH,UNIT_SCADA,1,"2019/08/20 01:40:00",GANNBL1,0
D,DISPATCH,UNIT_SCADA,1,"2019/08/20 01:40:00",GANNSF1,0
D,DISPATCH,UNIT_SCADA,1,"2019/08/20 01:40:00",GORDON,0
D,DISPATCH,UNIT_SCADA,1,"2019/08/20 01:40:00",GSTONE1,141.05
D,DISPATCH,UNIT_SCADA,1,"2019/08/20 01:40:00",GSTONE2,144.024990
D,DISPATCH,UNIT_SCADA,1,"2019/08/20 01:40:00",GSTONE3,160.8250
D,DISPATCH,UNIT_SCADA,1,"2019/08/20 01:40:00",GSTONE4,160.649990
D,DISPATCH,UNIT_SCADA,1,"2019/08/20 01:40:00",GSTONE5,141.05
D,DISPATCH,UNIT_SCADA,1,"2019/08/20 01:40:00",GSTONE6,0
D,DISPATCH,UNIT_SCADA,1,"2019/08/20 01:40:00",GULLRSF1,0
D,DISPATCH,UNIT_SCADA,1,"2019/08/20 01:40:00",GULLRWF1,160.261320
D,DISPATCH,UNIT_SCADA,1,"2019/08/20 01:40:00",GUNNING1,42.922260
D,DISPATCH,UNIT_SCADA,1,"2019/08/20 01:40:00",GUTHEGA,0
D,DISPATCH,UNIT_SCADA,1,"2019/08/20 01:40:00",HALLWF1,83.74
D,DISPATCH,UNIT_SCADA,1,"2019/08/20 01:40:00",HALLWF2,67.26
D,DISPATCH,UNIT_SCADA,1,"2019/08/20 01:40:00",HAMISF1,0
D,DISPATCH,UNIT_SCADA,1,"2019/08/20 01:40:00",HAUGHT11,0
D,DISPATCH,UNIT_SCADA,1,"2019/08/20 01:40:00",HAYMSF1,0
D,DISPATCH,UNIT_SCADA,1,"2019/08/20 01:40:00",HDWF1,41.90
D,DISPATCH,UNIT_SCADA,1,"2019/08/20 01:40:00",HDWF2,30.90
D,DISPATCH,UNIT_SCADA,1,"2019/08/20 01:40:00",HDWF3,37.20
D,DISPATCH,UNIT_SCADA,1,"2019/08/20 01:40:00",HPRG1,0
D,DISPATCH,UNIT_SCADA,1,"2019/08/20 01:40:00",HPRL1,0.40
D,DISPATCH,UNIT_SCADA,1,"2019/08/20 01:40:00",HUMENSW,0
D,DISPATCH,UNIT_SCADA,1,"2019/08/20 01:40:00",HUMEV,8.60
D,DISPATCH,UNIT_SCADA,1,"2019/08/20 01:40:00",HVGTS,0
D,DISPATCH,UNIT_SCADA,1,"2019/08/20 01:40:00",JBUTTERS,136.34
D,DISPATCH,UNIT_SCADA,1,"2019/08/20 01:40:00",JLA01,0.50
D,DISPATCH,UNIT_SCADA,1,"2019/08/20 01:40:00",JLA02,0
D,DISPATCH,UNIT_SCADA,1,"2019/08/20 01:40:00",JLA03,0.10
D,DISPATCH,UNIT_SCADA,1,"2019/08/20 01:40:00",JLA04,0.10
D,DISPATCH,UNIT_SCADA,1,"2019/08/20 01:40:00",JLB01,0
D,DISPATCH,UNIT_SCADA,1,"2019/08/20 01:40:00",JLB02,0.10
D,DISPATCH,UNIT_SCADA,1,"2019/08/20 01:40:00",JLB03,0
D,DISPATCH,UNIT_SCADA,1,"2019/08/20 01:40:00",KAREEYA1,21.4450
D,DISPATCH,UNIT_SCADA,1,"2019/08/20 01:40:00",KAREEYA2,21.9325
D,DISPATCH,UNIT_SCADA,1,"2019/08/20 01:40:00",KAREEYA3,0
D,DISPATCH,UNIT_SCADA,1,"2019/08/20 01:40:00",KAREEYA4,21.7075
D,DISPATCH,UNIT_SCADA,1,"2019/08/20 01:40:00",KARSF1,0
D,DISPATCH,UNIT_SCADA,1,"2019/08/20 01:40:00",KIATAWF1,30.80
D,DISPATCH,UNIT_SCADA,1,"2019/08/20 01:40:00",KPP_1,0
D,DISPATCH,UNIT_SCADA,1,"2019/08/20 01:40:00",KSP1,0
D,DISPATCH,UNIT_SCADA,1,"2019/08/20 01:40:00",LADBROK1,0
D,DISPATCH,UNIT_SCADA,1,"2019/08/20 01:40:00",LADBROK2,0
D,DISPATCH,UNIT_SCADA,1,"2019/08/20 01:40:00",LD01,365.156250
D,DISPATCH,UNIT_SCADA,1,"2019/08/20 01:40:00",LD02,366.974950
D,DISPATCH,UNIT_SCADA,1,"2019/08/20 01:40:00",LD03,365.081270
D,DISPATCH,UNIT_SCADA,1,"2019/08/20 01:40:00",LD04,366.393770
D,DISPATCH,UNIT_SCADA,1,"2019/08/20 01:40:00",LEM_WIL,85.0658
D,DISPATCH,UNIT_SCADA,1,"2019/08/20 01:40:00",LGAPWF1,19.98
D,DISPATCH,UNIT_SCADA,1,"2019/08/20 01:40:00",LILYSF1,0
D,DISPATCH,UNIT_SCADA,1,"2019/08/20 01:40:00",LI_WY_CA,143.919770
D,DISPATCH,UNIT_SCADA,1,"2019/08/20 01:40:00",LKBONNY2,137.1111
D,DISPATCH,UNIT_SCADA,1,"2019/08/20 01:40:00",LKBONNY3,36.228490
D,DISPATCH,UNIT_SCADA,1,"2019/08/20 01:40:00",LK_ECHO,0
D,DISPATCH,UNIT_SCADA,1,"2019/08/20 01:40:00",LNGS1,0
D,DISPATCH,UNIT_SCADA,1,"2019/08/20 01:40:00",LNGS2,0
D,DISPATCH,UNIT_SCADA,1,"2019/08/20 01:40:00",LONSDALE,0
D,DISPATCH,UNIT_SCADA,1,"2019/08/20 01:40:00",LOYYB1,536.840520
D,DISPATCH,UNIT_SCADA,1,"2019/08/20 01:40:00",LOYYB2,581.578490
D,DISPATCH,UNIT_SCADA,1,"2019/08/20 01:40:00",LYA1,558
D,DISPATCH,UNIT_SCADA,1,"2019/08/20 01:40:00",LYA2,0
D,DISPATCH,UNIT_SCADA,1,"2019/08/20 01:40:00",LYA3,559
D,DISPATCH,UNIT_SCADA,1,"2019/08/20 01:40:00",LYA4,540
D,DISPATCH,UNIT_SCADA,1,"2019/08/20 01:40:00",MACARTH1,257.494050
D,DISPATCH,UNIT_SCADA,1,"2019/08/20 01:40:00",MACKAYGT,0
D,DISPATCH,UNIT_SCADA,1,"2019/08/20 01:40:00",MACKNTSH,85.460010
D,DISPATCH,UNIT_SCADA,1,"2019/08/20 01:40:00",MANSLR1,0
D,DISPATCH,UNIT_SCADA,1,"2019/08/20 01:40:00",MCKAY1,0.02
D,DISPATCH,UNIT_SCADA,1,"2019/08/20 01:40:00",MEADOWBK,34.038780
D,DISPATCH,UNIT_SCADA,1,"2019/08/20 01:40:00",MERCER01,126.5990
D,DISPATCH,UNIT_SCADA,1,"2019/08/20 01:40:00",MEWF1,101.867520
D,DISPATCH,UNIT_SCADA,1,"2019/08/20 01:40:00",MINTARO,0
D,DISPATCH,UNIT_SCADA,1,"2019/08/20 01:40:00",MOREESF1,0
D,DISPATCH,UNIT_SCADA,1,"2019/08/20 01:40:00",MORTLK11,125
D,DISPATCH,UNIT_SCADA,1,"2019/08/20 01:40:00",MORTLK12,0
D,DISPATCH,UNIT_SCADA,1,"2019/08/20 01:40:00",MP1,280.1250
D,DISPATCH,UNIT_SCADA,1,"2019/08/20 01:40:00",MP2,0
D,DISPATCH,UNIT_SCADA,1,"2019/08/20 01:40:00",MPP_1,421.75
D,DISPATCH,UNIT_SCADA,1,"2019/08/20 01:40:00",MPP_2,433.50
D,DISPATCH,UNIT_SCADA,1,"2019/08/20 01:40:00",MSTUART1,0
D,DISPATCH,UNIT_SCADA,1,"2019/08/20 01:40:00",MSTUART2,0
D,DISPATCH,UNIT_SCADA,1,"2019/08/20 01:40:00",MSTUART3,0
D,DISPATCH,UNIT_SCADA,1,"2019/08/20 01:40:00",MTGELWF1,64.792320
D,DISPATCH,UNIT_SCADA,1,"2019/08/20 01:40:00",MURRAY,0
D,DISPATCH,UNIT_SCADA,1,"2019/08/20 01:40:00",MUSSELR1,151.399990
D,DISPATCH,UNIT_SCADA,1,"2019/08/20 01:40:00",MUWAWF1,56.62
D,DISPATCH,UNIT_SCADA,1,"2019/08/20 01:40:00",NBHWF1,70
D,DISPATCH,UNIT_SCADA,1,"2019/08/20 01:40:00",NPS,0
D,DISPATCH,UNIT_SCADA,1,"2019/08/20 01:40:00",NUMURSF1,0
D,DISPATCH,UNIT_SCADA,1,"2019/08/20 01:40:00",NYNGAN1,0
D,DISPATCH,UNIT_SCADA,1,"2019/08/20 01:40:00",OAKEY1,0
D,DISPATCH,UNIT_SCADA,1,"2019/08/20 01:40:00",OAKEY1SF,0
D,DISPATCH,UNIT_SCADA,1,"2019/08/20 01:40:00",OAKEY2,0
D,DISPATCH,UNIT_SCADA,1,"2019/08/20 01:40:00",OAKLAND1,55.40
D,DISPATCH,UNIT_SCADA,1,"2019/08/20 01:40:00",OSB-AG,140.950010
D,DISPATCH,UNIT_SCADA,1,"2019/08/20 01:40:00",PARSF1,0
D,DISPATCH,UNIT_SCADA,1,"2019/08/20 01:40:00",POAT110,0
D,DISPATCH,UNIT_SCADA,1,"2019/08/20 01:40:00",POAT220,3.71
D,DISPATCH,UNIT_SCADA,1,"2019/08/20 01:40:00",POR01,0
D,DISPATCH,UNIT_SCADA,1,"2019/08/20 01:40:00",POR03,0
D,DISPATCH,UNIT_SCADA,1,"2019/08/20 01:40:00",PPCCGT,0
D,DISPATCH,UNIT_SCADA,1,"2019/08/20 01:40:00",PTSTAN1,0
D,DISPATCH,UNIT_SCADA,1,"2019/08/20 01:40:00",PUMP1,0
D,DISPATCH,UNIT_SCADA,1,"2019/08/20 01:40:00",PUMP2,0
D,DISPATCH,UNIT_SCADA,1,"2019/08/20 01:40:00",QPS1,0
D,DISPATCH,UNIT_SCADA,1,"2019/08/20 01:40:00",QPS2,0
D,DISPATCH,UNIT_SCADA,1,"2019/08/20 01:40:00",QPS3,0
D,DISPATCH,UNIT_SCADA,1,"2019/08/20 01:40:00",QPS4,0
D,DISPATCH,UNIT_SCADA,1,"2019/08/20 01:40:00",QPS5,0
D,DISPATCH,UNIT_SCADA,1,"2019/08/20 01:40:00",REECE1,114.270010
D,DISPATCH,UNIT_SCADA,1,"2019/08/20 01:40:00",REECE2,114.650010
D,DISPATCH,UNIT_SCADA,1,"2019/08/20 01:40:00",ROMA_7,0
D,DISPATCH,UNIT_SCADA,1,"2019/08/20 01:40:00",ROMA_8,0
D,DISPATCH,UNIT_SCADA,1,"2019/08/20 01:40:00",RRSF1,0
D,DISPATCH,UNIT_SCADA,1,"2019/08/20 01:40:00",RT_NSW1,0
D,DISPATCH,UNIT_SCADA,1,"2019/08/20 01:40:00",RT_NSW2,0
D,DISPATCH,UNIT_SCADA,1,"2019/08/20 01:40:00",RT_NSW3,0
D,DISPATCH,UNIT_SCADA,1,"2019/08/20 01:40:00",RT_NSW4,0
D,DISPATCH,UNIT_SCADA,1,"2019/08/20 01:40:00",RT_NSW5,0
D,DISPATCH,UNIT_SCADA,1,"2019/08/20 01:40:00",RT_NSW6,0
D,DISPATCH,UNIT_SCADA,1,"2019/08/20 01:40:00",RT_QLD1,0
D,DISPATCH,UNIT_SCADA,1,"2019/08/20 01:40:00",RT_SA1,0
D,DISPATCH,UNIT_SCADA,1,"2019/08/20 01:40:00",RT_SA2,0
D,DISPATCH,UNIT_SCADA,1,"2019/08/20 01:40:00",RT_SA3,0
D,DISPATCH,UNIT_SCADA,1,"2019/08/20 01:40:00",RT_SA4,0
D,DISPATCH,UNIT_SCADA,1,"2019/08/20 01:40:00",RT_SA5,0
D,DISPATCH,UNIT_SCADA,1,"2019/08/20 01:40:00",RT_SA6,0
D,DISPATCH,UNIT_SCADA,1,"2019/08/20 01:40:00",RT_TAS1,0
D,DISPATCH,UNIT_SCADA,1,"2019/08/20 01:40:00",RT_VIC1,0
D,DISPATCH,UNIT_SCADA,1,"2019/08/20 01:40:00",RT_VIC10,0
D,DISPATCH,UNIT_SCADA,1,"2019/08/20 01:40:00",RT_VIC11,0
D,DISPATCH,UNIT_SCADA,1,"2019/08/20 01:40:00",RT_VIC12,0
D,DISPATCH,UNIT_SCADA,1,"2019/08/20 01:40:00",RT_VIC2,0
D,DISPATCH,UNIT_SCADA,1,"2019/08/20 01:40:00",RT_VIC3,0
D,DISPATCH,UNIT_SCADA,1,"2019/08/20 01:40:00",RT_VIC4,0
D,DISPATCH,UNIT_SCADA,1,"2019/08/20 01:40:00",RT_VIC5,0
D,DISPATCH,UNIT_SCADA,1,"2019/08/20 01:40:00",RT_VIC6,0
D,DISPATCH,UNIT_SCADA,1,"2019/08/20 01:40:00",RT_VIC7,0
D,DISPATCH,UNIT_SCADA,1,"2019/08/20 01:40:00",RT_VIC8,0
D,DISPATCH,UNIT_SCADA,1,"2019/08/20 01:40:00",RT_VIC9,0
D,DISPATCH,UNIT_SCADA,1,"2019/08/20 01:40:00",RUGBYR1,0
D,DISPATCH,UNIT_SCADA,1,"2019/08/20 01:40:00",SALTCRK1,50.32
D,DISPATCH,UNIT_SCADA,1,"2019/08/20 01:40:00",SAPHWF1,206.793730
D,DISPATCH,UNIT_SCADA,1,"2019/08/20 01:40:00",SHGEN,0
D,DISPATCH,UNIT_SCADA,1,"2019/08/20 01:40:00",SHPUMP,158.548680
D,DISPATCH,UNIT_SCADA,1,"2019/08/20 01:40:00",SITHE01,0.133760
D,DISPATCH,UNIT_SCADA,1,"2019/08/20 01:40:00",SMCSF1,0
D,DISPATCH,UNIT_SCADA,1,"2019/08/20 01:40:00",SNOWNTH1,18.70
D,DISPATCH,UNIT_SCADA,1,"2019/08/20 01:40:00",SNOWSTH1,44.10
D,DISPATCH,UNIT_SCADA,1,"2019/08/20 01:40:00",SNOWTWN1,24.507670
D,DISPATCH,UNIT_SCADA,1,"2019/08/20 01:40:00",SNOWYP,68.40
D,DISPATCH,UNIT_SCADA,1,"2019/08/20 01:40:00",SNUG1,0.019440
D,DISPATCH,UNIT_SCADA,1,"2019/08/20 01:40:00",SRSF1,0
D,DISPATCH,UNIT_SCADA,1,"2019/08/20 01:40:00",STAN-1,0
D,DISPATCH,UNIT_SCADA,1,"2019/08/20 01:40:00",STAN-2,178.231510
D,DISPATCH,UNIT_SCADA,1,"2019/08/20 01:40:00",STAN-3,217.735960
D,DISPATCH,UNIT_SCADA,1,"2019/08/20 01:40:00",STAN-4,192.459270
D,DISPATCH,UNIT_SCADA,1,"2019/08/20 01:40:00",STWF1,150.581250
D,DISPATCH,UNIT_SCADA,1,"2019/08/20 01:40:00",SWAN_E,0
D,DISPATCH,UNIT_SCADA,1,"2019/08/20 01:40:00",TALWA1,301
D,DISPATCH,UNIT_SCADA,1,"2019/08/20 01:40:00",TARALGA1,100.758740
D,DISPATCH,UNIT_SCADA,1,"2019/08/20 01:40:00",TARONG#1,224.80
D,DISPATCH,UNIT_SCADA,1,"2019/08/20 01:40:00",TARONG#2,224.50
D,DISPATCH,UNIT_SCADA,1,"2019/08/20 01:40:00",TARONG#3,180.400010
D,DISPATCH,UNIT_SCADA,1,"2019/08/20 01:40:00",TARONG#4,225
D,DISPATCH,UNIT_SCADA,1,"2019/08/20 01:40:00",TARRALEA,79.10
D,DISPATCH,UNIT_SCADA,1,"2019/08/20 01:40:00",TBSF1,-0.20
D,DISPATCH,UNIT_SCADA,1,"2019/08/20 01:40:00",TNPS1,299.50
D,DISPATCH,UNIT_SCADA,1,"2019/08/20 01:40:00",TORRA1,40.345320
D,DISPATCH,UNIT_SCADA,1,"2019/08/20 01:40:00",TORRA2,0
D,DISPATCH,UNIT_SCADA,1,"2019/08/20 01:40:00",TORRA3,40.761320
D,DISPATCH,UNIT_SCADA,1,"2019/08/20 01:40:00",TORRA4,0
D,DISPATCH,UNIT_SCADA,1,"2019/08/20 01:40:00",TORRB1,40.66
D,DISPATCH,UNIT_SCADA,1,"2019/08/20 01:40:00",TORRB2,39.51
D,DISPATCH,UNIT_SCADA,1,"2019/08/20 01:40:00",TORRB3,0
D,DISPATCH,UNIT_SCADA,1,"2019/08/20 01:40:00",TORRB4,0
D,DISPATCH,UNIT_SCADA,1,"2019/08/20 01:40:00",TREVALLN,2.10
D,DISPATCH,UNIT_SCADA,1,"2019/08/20 01:40:00",TRIBUTE,70.97
D,DISPATCH,UNIT_SCADA,1,"2019/08/20 01:40:00",TUMUT3,0
D,DISPATCH,UNIT_SCADA,1,"2019/08/20 01:40:00",TUNGATIN,2.20
D,DISPATCH,UNIT_SCADA,1,"2019/08/20 01:40:00",TVCC201,0
D,DISPATCH,UNIT_SCADA,1,"2019/08/20 01:40:00",TVPP104,0
D,DISPATCH,UNIT_SCADA,1,"2019/08/20 01:40:00",UPPTUMUT,0
D,DISPATCH,UNIT_SCADA,1,"2019/08/20 01:40:00",URANQ11,0
D,DISPATCH,UNIT_SCADA,1,"2019/08/20 01:40:00",URANQ12,0
D,DISPATCH,UNIT_SCADA,1,"2019/08/20 01:40:00",URANQ13,0
D,DISPATCH,UNIT_SCADA,1,"2019/08/20 01:40:00",URANQ14,0
D,DISPATCH,UNIT_SCADA,1,"2019/08/20 01:40:00",VP5,375.8750
D,DISPATCH,UNIT_SCADA,1,"2019/08/20 01:40:00",VP6,378.475010
D,DISPATCH,UNIT_SCADA,1,"2019/08/20 01:40:00",VPGS1,0
D,DISPATCH,UNIT_SCADA,1,"2019/08/20 01:40:00",VPGS2,0
D,DISPATCH,UNIT_SCADA,1,"2019/08/20 01:40:00",VPGS3,0
D,DISPATCH,UNIT_SCADA,1,"2019/08/20 01:40:00",VPGS4,0
D,DISPATCH,UNIT_SCADA,1,"2019/08/20 01:40:00",VPGS5,0
D,DISPATCH,UNIT_SCADA,1,"2019/08/20 01:40:00",VPGS6,0
D,DISPATCH,UNIT_SCADA,1,"2019/08/20 01:40:00",W/HOE#1,0
D,DISPATCH,UNIT_SCADA,1,"2019/08/20 01:40:00",W/HOE#2,0
D,DISPATCH,UNIT_SCADA,1,"2019/08/20 01:40:00",WATERLWF,53.30
D,DISPATCH,UNIT_SCADA,1,"2019/08/20 01:40:00",WEMENSF1,0
D,DISPATCH,UNIT_SCADA,1,"2019/08/20 01:40:00",WGWF1,97.10
D,DISPATCH,UNIT_SCADA,1,"2019/08/20 01:40:00",WHITSF1,0
D,DISPATCH,UNIT_SCADA,1,"2019/08/20 01:40:00",WKIEWA1,0
D,DISPATCH,UNIT_SCADA,1,"2019/08/20 01:40:00",WKIEWA2,15.10
D,DISPATCH,UNIT_SCADA,1,"2019/08/20 01:40:00",WOODLWN1,43.7220
D,DISPATCH,UNIT_SCADA,1,"2019/08/20 01:40:00",WRSF1,0
D,DISPATCH,UNIT_SCADA,1,"2019/08/20 01:40:00",WRWF1,139.888760
D,DISPATCH,UNIT_SCADA,1,"2019/08/20 01:40:00",YABULU,0
D,DISPATCH,UNIT_SCADA,1,"2019/08/20 01:40:00",YABULU2,0
D,DISPATCH,UNIT_SCADA,1,"2019/08/20 01:40:00",YARWUN_1,0
D,DISPATCH,UNIT_SCADA,1,"2019/08/20 01:40:00",YENDWF1,41.92
D,DISPATCH,UNIT_SCADA,1,"2019/08/20 01:40:00",YWPS1,379.197480
D,DISPATCH,UNIT_SCADA,1,"2019/08/20 01:40:00",YWPS2,279.194950
D,DISPATCH,UNIT_SCADA,1,"2019/08/20 01:40:00",YWPS3,0
D,DISPATCH,UNIT_SCADA,1,"2019/08/20 01:40:00",YWPS4,396.084810
C,"END OF REPORT",334
