C,NEMP.WORLD,DISPATCHSCADA,AEMO,PUBLIC,2019/09/06,10:00:09,0000000312456576,DISPATCHSCADA,0000000312456570
I,DISPATCH,UNIT_SCADA,1,SETTLEMENTDATE,DUID,SCADAVALUE
D,DISPATCH,UNIT_SCADA,1,"2019/09/06 10:05:00",BARCSF1,8.900001
D,DISPATCH,UNIT_SCADA,1,"2019/09/06 10:05:00",BUTLERSG,10.199999
D,DISPATCH,UNIT_SCADA,1,"2019/09/06 10:05:00",CALL_A_4,0
D,DISPATCH,UNIT_SCADA,1,"2019/09/06 10:05:00",CAPTL_WF,45.420006
D,DISPATCH,UNIT_SCADA,1,"2019/09/06 10:05:00",CATHROCK,0
D,DISPATCH,UNIT_SCADA,1,"2019/09/06 10:05:00",CHALLHWF,36.800003
D,DISPATCH,UNIT_SCADA,1,"2019/09/06 10:05:00",CLOVER,-0.01
D,DISPATCH,UNIT_SCADA,1,"2019/09/06 10:05:00",CLUNY,18.435797
D,DISPATCH,UNIT_SCADA,1,"2019/09/06 10:05:00",CNUNDAWF,13.716001
D,DISPATCH,UNIT_SCADA,1,"2019/09/06 10:05:00",CULLRGWF,24.82
D,DISPATCH,UNIT_SCADA,1,"2019/09/06 10:05:00",ERGT01,0
D,DISPATCH,UNIT_SCADA,1,"2019/09/06 10:05:00",GB01,0.007530
D,DISPATCH,UNIT_SCADA,1,"2019/09/06 10:05:00",GERMCRK,33.400002
D,DISPATCH,UNIT_SCADA,1,"2019/09/06 10:05:00",GRIFSF1,6.099998
D,DISPATCH,UNIT_SCADA,1,"2019/09/06 10:05:00",HUGSF1,8.9860
D,DISPATCH,UNIT_SCADA,1,"2019/09/06 10:05:00",LKBONNY1,21.523556
D,DISPATCH,UNIT_SCADA,1,"2019/09/06 10:05:00",LRSF1,10.55
D,DISPATCH,UNIT_SCADA,1,"2019/09/06 10:05:00",MBAHNTH,49.331253
D,DISPATCH,UNIT_SCADA,1,"2019/09/06 10:05:00",MLSP1,6.224001
D,DISPATCH,UNIT_SCADA,1,"2019/09/06 10:05:00",MLWF1,13.3050
D,DISPATCH,UNIT_SCADA,1,"2019/09/06 10:05:00",MTMILLAR,51.389698
D,DISPATCH,UNIT_SCADA,1,"2019/09/06 10:05:00",PALOONA,25.939999
D,DISPATCH,UNIT_SCADA,1,"2019/09/06 10:05:00",PIONEER,47
D,DISPATCH,UNIT_SCADA,1,"2019/09/06 10:05:00",PORTWF,31.90
D,DISPATCH,UNIT_SCADA,1,"2019/09/06 10:05:00",REPULSE,32.473030
D,DISPATCH,UNIT_SCADA,1,"2019/09/06 10:05:00",ROWALLAN,10.2382
D,DISPATCH,UNIT_SCADA,1,"2019/09/06 10:05:00",ROYALLA1,7.989001
D,DISPATCH,UNIT_SCADA,1,"2019/09/06 10:05:00",RPCG,-2.70
D,DISPATCH,UNIT_SCADA,1,"2019/09/06 10:05:00",RUBICON,0
D,DISPATCH,UNIT_SCADA,1,"2019/09/06 10:05:00",SATGN1,0
D,DISPATCH,UNIT_SCADA,1,"2019/09/06 10:05:00",SATGS1,0
D,DISPATCH,UNIT_SCADA,1,"2019/09/06 10:05:00",STARHLWF,25.492567
D,DISPATCH,UNIT_SCADA,1,"2019/09/06 10:05:00",WAUBRAWF,109.192001
D,DISPATCH,UNIT_SCADA,1,"2019/09/06 10:05:00",WOOLNTH1,-0.289985
D,DISPATCH,UNIT_SCADA,1,"2019/09/06 10:05:00",WPWF,82
D,DISPATCH,UNIT_SCADA,1,"2019/09/06 10:05:00",YAMBUKWF,8.80
D,DISPATCH,UNIT_SCADA,1,"2019/09/06 10:05:00",YSWF1,24.60
D,DISPATCH,UNIT_SCADA,1,"2019/09/06 10:05:00",AGLHAL,0
D,DISPATCH,UNIT_SCADA,1,"2019/09/06 10:05:00",AGLSOM,0
D,DISPATCH,UNIT_SCADA,1,"2019/09/06 10:05:00",ANGAST1,0
D,DISPATCH,UNIT_SCADA,1,"2019/09/06 10:05:00",ARWF1,107.90
D,DISPATCH,UNIT_SCADA,1,"2019/09/06 10:05:00",BALBG1,0
D,DISPATCH,UNIT_SCADA,1,"2019/09/06 10:05:00",BALBL1,0
D,DISPATCH,UNIT_SCADA,1,"2019/09/06 10:05:00",BALDHWF1,65.8260
D,DISPATCH,UNIT_SCADA,1,"2019/09/06 10:05:00",BANN1,36.12
D,DISPATCH,UNIT_SCADA,1,"2019/09/06 10:05:00",BARCALDN,0
D,DISPATCH,UNIT_SCADA,1,"2019/09/06 10:05:00",BARRON-1,0
D,DISPATCH,UNIT_SCADA,1,"2019/09/06 10:05:00",BARRON-2,0
D,DISPATCH,UNIT_SCADA,1,"2019/09/06 10:05:00",BASTYAN,81.20
D,DISPATCH,UNIT_SCADA,1,"2019/09/06 10:05:00",BBTHREE1,0
D,DISPATCH,UNIT_SCADA,1,"2019/09/06 10:05:00",BBTHREE2,0
D,DISPATCH,UNIT_SCADA,1,"2019/09/06 10:05:00",BBTHREE3,0
D,DISPATCH,UNIT_SCADA,1,"2019/09/06 10:05:00",BDL01,-0.06
D,DISPATCH,UNIT_SCADA,1,"2019/09/06 10:05:00",BDL02,-0.06
D,DISPATCH,UNIT_SCADA,1,"2019/09/06 10:05:00",BERYLSF1,70.801680
D,DISPATCH,UNIT_SCADA,1,"2019/09/06 10:05:00",BLOWERNG,15.30
D,DISPATCH,UNIT_SCADA,1,"2019/09/06 10:05:00",BLUFF1,52.50
D,DISPATCH,UNIT_SCADA,1,"2019/09/06 10:05:00",BNGSF1,7.56
D,DISPATCH,UNIT_SCADA,1,"2019/09/06 10:05:00",BNGSF2,2.80
D,DISPATCH,UNIT_SCADA,1,"2019/09/06 10:05:00",BOCORWF1,72.41
D,DISPATCH,UNIT_SCADA,1,"2019/09/06 10:05:00",BODWF1,72.838290
D,DISPATCH,UNIT_SCADA,1,"2019/09/06 10:05:00",BRAEMAR1,0
D,DISPATCH,UNIT_SCADA,1,"2019/09/06 10:05:00",BRAEMAR2,0
D,DISPATCH,UNIT_SCADA,1,"2019/09/06 10:05:00",BRAEMAR3,0
D,DISPATCH,UNIT_SCADA,1,"2019/09/06 10:05:00",BRAEMAR5,0
D,DISPATCH,UNIT_SCADA,1,"2019/09/06 10:05:00",BRAEMAR6,0
D,DISPATCH,UNIT_SCADA,1,"2019/09/06 10:05:00",BRAEMAR7,0
D,DISPATCH,UNIT_SCADA,1,"2019/09/06 10:05:00",BROKENH1,48.023930
D,DISPATCH,UNIT_SCADA,1,"2019/09/06 10:05:00",BW01,531.574950
D,DISPATCH,UNIT_SCADA,1,"2019/09/06 10:05:00",BW02,593.099980
D,DISPATCH,UNIT_SCADA,1,"2019/09/06 10:05:00",BW03,628.6250
D,DISPATCH,UNIT_SCADA,1,"2019/09/06 10:05:00",BW04,0
D,DISPATCH,UNIT_SCADA,1,"2019/09/06 10:05:00",CALL_B_1,280.399990
D,DISPATCH,UNIT_SCADA,1,"2019/09/06 10:05:00",CALL_B_2,279.800020
D,DISPATCH,UNIT_SCADA,1,"2019/09/06 10:05:00",CETHANA,97.286380
D,DISPATCH,UNIT_SCADA,1,"2019/09/06 10:05:00",CG1,0
D,DISPATCH,UNIT_SCADA,1,"2019/09/06 10:05:00",CG2,0
D,DISPATCH,UNIT_SCADA,1,"2019/09/06 10:05:00",CG3,0
D,DISPATCH,UNIT_SCADA,1,"2019/09/06 10:05:00",CG4,0
D,DISPATCH,UNIT_SCADA,1,"2019/09/06 10:05:00",CHILDSF1,45.53
D,DISPATCH,UNIT_SCADA,1,"2019/09/06 10:05:00",CLARESF1,46.5449
D,DISPATCH,UNIT_SCADA,1,"2019/09/06 10:05:00",CLEMGPWF,54.3144
D,DISPATCH,UNIT_SCADA,1,"2019/09/06 10:05:00",CLERMSF1,14.72
D,DISPATCH,UNIT_SCADA,1,"2019/09/06 10:05:00",COLEASF1,33.899990
D,DISPATCH,UNIT_SCADA,1,"2019/09/06 10:05:00",COOPGWF1,28.658450
D,DISPATCH,UNIT_SCADA,1,"2019/09/06 10:05:00",CPP_3,280.774990
D,DISPATCH,UNIT_SCADA,1,"2019/09/06 10:05:00",CPP_4,281.050020
D,DISPATCH,UNIT_SCADA,1,"2019/09/06 10:05:00",CPSA,76.106250
D,DISPATCH,UNIT_SCADA,1,"2019/09/06 10:05:00",CROOKWF2,81.823750
D,DISPATCH,UNIT_SCADA,1,"2019/09/06 10:05:00",CROWLWF1,42.725380
D,DISPATCH,UNIT_SCADA,1,"2019/09/06 10:05:00",CSPVPS1,31.9670
D,DISPATCH,UNIT_SCADA,1,"2019/09/06 10:05:00",DALNTH01,0
D,DISPATCH,UNIT_SCADA,1,"2019/09/06 10:05:00",DALNTHL1,0.016780
D,DISPATCH,UNIT_SCADA,1,"2019/09/06 10:05:00",DARTM1,133.70
D,DISPATCH,UNIT_SCADA,1,"2019/09/06 10:05:00",DAYDSF1,117.0060
D,DISPATCH,UNIT_SCADA,1,"2019/09/06 10:05:00",DDPS1,0
D,DISPATCH,UNIT_SCADA,1,"2019/09/06 10:05:00",DDSF1,103.383040
D,DISPATCH,UNIT_SCADA,1,"2019/09/06 10:05:00",DEVILS_G,0
D,DISPATCH,UNIT_SCADA,1,"2019/09/06 10:05:00",DG_NSW1,0
D,DISPATCH,UNIT_SCADA,1,"2019/09/06 10:05:00",DG_QLD1,0
D,DISPATCH,UNIT_SCADA,1,"2019/09/06 10:05:00",DG_SA1,0
D,DISPATCH,UNIT_SCADA,1,"2019/09/06 10:05:00",DG_TAS1,0
D,DISPATCH,UNIT_SCADA,1,"2019/09/06 10:05:00",DG_VIC1,0
D,DISPATCH,UNIT_SCADA,1,"2019/09/06 10:05:00",DRYCGT1,0
D,DISPATCH,UNIT_SCADA,1,"2019/09/06 10:05:00",DRYCGT2,0
D,DISPATCH,UNIT_SCADA,1,"2019/09/06 10:05:00",DRYCGT3,0
D,DISPATCH,UNIT_SCADA,1,"2019/09/06 10:05:00",EILDON1,0
D,DISPATCH,UNIT_SCADA,1,"2019/09/06 10:05:00",EILDON2,0
D,DISPATCH,UNIT_SCADA,1,"2019/09/06 10:05:00",EMERASF1,68.41
D,DISPATCH,UNIT_SCADA,1,"2019/09/06 10:05:00",ER01,494.674930
D,DISPATCH,UNIT_SCADA,1,"2019/09/06 10:05:00",ER02,603.950070
D,DISPATCH,UNIT_SCADA,1,"2019/09/06 10:05:00",ER03,0
D,DISPATCH,UNIT_SCADA,1,"2019/09/06 10:05:00",ER04,609.799930
D,DISPATCH,UNIT_SCADA,1,"2019/09/06 10:05:00",FINLYSF1,0
D,DISPATCH,UNIT_SCADA,1,"2019/09/06 10:05:00",FISHER,46.53
D,DISPATCH,UNIT_SCADA,1,"2019/09/06 10:05:00",GANNBG1,0.018640
D,DISPATCH,UNIT_SCADA,1,"2019/09/06 10:05:00",GANNBL1,0
D,DISPATCH,UNIT_SCADA,1,"2019/09/06 10:05:00",GANNSF1,47.90
D,DISPATCH,UNIT_SCADA,1,"2019/09/06 10:05:00",GORDON,28.192080
D,DISPATCH,UNIT_SCADA,1,"2019/09/06 10:05:00",GSTONE1,129.149990
D,DISPATCH,UNIT_SCADA,1,"2019/09/06 10:05:00",GSTONE2,109.90
D,DISPATCH,UNIT_SCADA,1,"2019/09/06 10:05:00",GSTONE3,0
D,DISPATCH,UNIT_SCADA,1,"2019/09/06 10:05:00",GSTONE4,129.3250
D,DISPATCH,UNIT_SCADA,1,"2019/09/06 10:05:00",GSTONE5,128.974990
D,DISPATCH,UNIT_SCADA,1,"2019/09/06 10:05:00",GSTONE6,128.099990
D,DISPATCH,UNIT_SCADA,1,"2019/09/06 10:05:00",GULLRSF1,9.912020
D,DISPATCH,UNIT_SCADA,1,"2019/09/06 10:05:00",GULLRWF1,126.634190
D,DISPATCH,UNIT_SCADA,1,"2019/09/06 10:05:00",GUNNING1,35.188310
D,DISPATCH,UNIT_SCADA,1,"2019/09/06 10:05:00",GUTHEGA,0
D,DISPATCH,UNIT_SCADA,1,"2019/09/06 10:05:00",HALLWF1,91.88
D,DISPATCH,UNIT_SCADA,1,"2019/09/06 10:05:00",HALLWF2,9.01
D,DISPATCH,UNIT_SCADA,1,"2019/09/06 10:05:00",HAMISF1,46.30
D,DISPATCH,UNIT_SCADA,1,"2019/09/06 10:05:00",HAUGHT11,92.868610
D,DISPATCH,UNIT_SCADA,1,"2019/09/06 10:05:00",HAYMSF1,41.0780
D,DISPATCH,UNIT_SCADA,1,"2019/09/06 10:05:00",HDWF1,99.40
D,DISPATCH,UNIT_SCADA,1,"2019/09/06 10:05:00",HDWF2,99.80
D,DISPATCH,UNIT_SCADA,1,"2019/09/06 10:05:00",HDWF3,108.70
D,DISPATCH,UNIT_SCADA,1,"2019/09/06 10:05:00",HPRG1,0
D,DISPATCH,UNIT_SCADA,1,"2019/09/06 10:05:00",HPRL1,0.60
D,DISPATCH,UNIT_SCADA,1,"2019/09/06 10:05:00",HUMENSW,0
D,DISPATCH,UNIT_SCADA,1,"2019/09/06 10:05:00",HUMEV,23.70
D,DISPATCH,UNIT_SCADA,1,"2019/09/06 10:05:00",HVGTS,0
D,DISPATCH,UNIT_SCADA,1,"2019/09/06 10:05:00",JBUTTERS,120.149990
D,DISPATCH,UNIT_SCADA,1,"2019/09/06 10:05:00",JLA01,0.10
D,DISPATCH,UNIT_SCADA,1,"2019/09/06 10:05:00",JLA02,0
D,DISPATCH,UNIT_SCADA,1,"2019/09/06 10:05:00",JLA03,0
D,DISPATCH,UNIT_SCADA,1,"2019/09/06 10:05:00",JLA04,0
D,DISPATCH,UNIT_SCADA,1,"2019/09/06 10:05:00",JLB01,0
D,DISPATCH,UNIT_SCADA,1,"2019/09/06 10:05:00",JLB02,0.10
D,DISPATCH,UNIT_SCADA,1,"2019/09/06 10:05:00",JLB03,0
D,DISPATCH,UNIT_SCADA,1,"2019/09/06 10:05:00",KAREEYA1,21.5925
D,DISPATCH,UNIT_SCADA,1,"2019/09/06 10:05:00",KAREEYA2,21.3875
D,DISPATCH,UNIT_SCADA,1,"2019/09/06 10:05:00",KAREEYA3,0
D,DISPATCH,UNIT_SCADA,1,"2019/09/06 10:05:00",KAREEYA4,21.5325
D,DISPATCH,UNIT_SCADA,1,"2019/09/06 10:05:00",KARSF1,19
D,DISPATCH,UNIT_SCADA,1,"2019/09/06 10:05:00",KIATAWF1,21.80
D,DISPATCH,UNIT_SCADA,1,"2019/09/06 10:05:00",KPP_1,0
D,DISPATCH,UNIT_SCADA,1,"2019/09/06 10:05:00",KSP1,47.04
D,DISPATCH,UNIT_SCADA,1,"2019/09/06 10:05:00",LADBROK1,0
D,DISPATCH,UNIT_SCADA,1,"2019/09/06 10:05:00",LADBROK2,0
D,DISPATCH,UNIT_SCADA,1,"2019/09/06 10:05:00",LD01,385.800020
D,DISPATCH,UNIT_SCADA,1,"2019/09/06 10:05:00",LD02,381.600040
D,DISPATCH,UNIT_SCADA,1,"2019/09/06 10:05:00",LD03,383.943790
D,DISPATCH,UNIT_SCADA,1,"2019/09/06 10:05:00",LD04,383.493680
D,DISPATCH,UNIT_SCADA,1,"2019/09/06 10:05:00",LEM_WIL,84.932450
D,DISPATCH,UNIT_SCADA,1,"2019/09/06 10:05:00",LGAPWF1,34.45
D,DISPATCH,UNIT_SCADA,1,"2019/09/06 10:05:00",LILYSF1,0
D,DISPATCH,UNIT_SCADA,1,"2019/09/06 10:05:00",LI_WY_CA,156.246510
D,DISPATCH,UNIT_SCADA,1,"2019/09/06 10:05:00",LKBONNY2,39.592190
D,DISPATCH,UNIT_SCADA,1,"2019/09/06 10:05:00",LKBONNY3,4.856520
D,DISPATCH,UNIT_SCADA,1,"2019/09/06 10:05:00",LK_ECHO,0
D,DISPATCH,UNIT_SCADA,1,"2019/09/06 10:05:00",LNGS1,0
D,DISPATCH,UNIT_SCADA,1,"2019/09/06 10:05:00",LNGS2,0
D,DISPATCH,UNIT_SCADA,1,"2019/09/06 10:05:00",LONSDALE,0
D,DISPATCH,UNIT_SCADA,1,"2019/09/06 10:05:00",LOYYB1,535.712650
D,DISPATCH,UNIT_SCADA,1,"2019/09/06 10:05:00",LOYYB2,584.962040
D,DISPATCH,UNIT_SCADA,1,"2019/09/06 10:05:00",LYA1,0
D,DISPATCH,UNIT_SCADA,1,"2019/09/06 10:05:00",LYA2,0
D,DISPATCH,UNIT_SCADA,1,"2019/09/06 10:05:00",LYA3,558
D,DISPATCH,UNIT_SCADA,1,"2019/09/06 10:05:00",LYA4,538
D,DISPATCH,UNIT_SCADA,1,"2019/09/06 10:05:00",MACARTH1,143.096690
D,DISPATCH,UNIT_SCADA,1,"2019/09/06 10:05:00",MACKAYGT,0.2240
D,DISPATCH,UNIT_SCADA,1,"2019/09/06 10:05:00",MACKNTSH,88.52
D,DISPATCH,UNIT_SCADA,1,"2019/09/06 10:05:00",MANSLR1,38.9380
D,DISPATCH,UNIT_SCADA,1,"2019/09/06 10:05:00",MCKAY1,-0.0350
D,DISPATCH,UNIT_SCADA,1,"2019/09/06 10:05:00",MEADOWBK,33.981620
D,DISPATCH,UNIT_SCADA,1,"2019/09/06 10:05:00",MERCER01,76.2450
D,DISPATCH,UNIT_SCADA,1,"2019/09/06 10:05:00",MEWF1,40.361980
D,DISPATCH,UNIT_SCADA,1,"2019/09/06 10:05:00",MINTARO,0
D,DISPATCH,UNIT_SCADA,1,"2019/09/06 10:05:00",MOREESF1,51.3740
D,DISPATCH,UNIT_SCADA,1,"2019/09/06 10:05:00",MORTLK11,124
D,DISPATCH,UNIT_SCADA,1,"2019/09/06 10:05:00",MORTLK12,0
D,DISPATCH,UNIT_SCADA,1,"2019/09/06 10:05:00",MP1,185.775020
D,DISPATCH,UNIT_SCADA,1,"2019/09/06 10:05:00",MP2,0
D,DISPATCH,UNIT_SCADA,1,"2019/09/06 10:05:00",MPP_1,401
D,DISPATCH,UNIT_SCADA,1,"2019/09/06 10:05:00",MPP_2,428
D,DISPATCH,UNIT_SCADA,1,"2019/09/06 10:05:00",MSTUART1,0
D,DISPATCH,UNIT_SCADA,1,"2019/09/06 10:05:00",MSTUART2,0
D,DISPATCH,UNIT_SCADA,1,"2019/09/06 10:05:00",MSTUART3,0
D,DISPATCH,UNIT_SCADA,1,"2019/09/06 10:05:00",MTGELWF1,43.371380
D,DISPATCH,UNIT_SCADA,1,"2019/09/06 10:05:00",MURRAY,0
D,DISPATCH,UNIT_SCADA,1,"2019/09/06 10:05:00",MUSSELR1,165.899990
D,DISPATCH,UNIT_SCADA,1,"2019/09/06 10:05:00",MUWAWF1,47.76
D,DISPATCH,UNIT_SCADA,1,"2019/09/06 10:05:00",NBHWF1,119.10
D,DISPATCH,UNIT_SCADA,1,"2019/09/06 10:05:00",NPS,0
D,DISPATCH,UNIT_SCADA,1,"2019/09/06 10:05:00",NUMURSF1,9.35
D,DISPATCH,UNIT_SCADA,1,"2019/09/06 10:05:00",NYNGAN1,36.50
D,DISPATCH,UNIT_SCADA,1,"2019/09/06 10:05:00",OAKEY1,0
D,DISPATCH,UNIT_SCADA,1,"2019/09/06 10:05:00",OAKEY1SF,22.5150
D,DISPATCH,UNIT_SCADA,1,"2019/09/06 10:05:00",OAKEY2,0
D,DISPATCH,UNIT_SCADA,1,"2019/09/06 10:05:00",OAKEY2SF,0
D,DISPATCH,UNIT_SCADA,1,"2019/09/06 10:05:00",OAKLAND1,9.90
D,DISPATCH,UNIT_SCADA,1,"2019/09/06 10:05:00",OSB-AG,0
D,DISPATCH,UNIT_SCADA,1,"2019/09/06 10:05:00",PARSF1,24.20
D,DISPATCH,UNIT_SCADA,1,"2019/09/06 10:05:00",POAT110,0
D,DISPATCH,UNIT_SCADA,1,"2019/09/06 10:05:00",POAT220,3.43
D,DISPATCH,UNIT_SCADA,1,"2019/09/06 10:05:00",POR01,0
D,DISPATCH,UNIT_SCADA,1,"2019/09/06 10:05:00",POR03,0
D,DISPATCH,UNIT_SCADA,1,"2019/09/06 10:05:00",PPCCGT,172.209990
D,DISPATCH,UNIT_SCADA,1,"2019/09/06 10:05:00",PTSTAN1,0
D,DISPATCH,UNIT_SCADA,1,"2019/09/06 10:05:00",PUMP1,0
D,DISPATCH,UNIT_SCADA,1,"2019/09/06 10:05:00",PUMP2,0
D,DISPATCH,UNIT_SCADA,1,"2019/09/06 10:05:00",QPS1,0
D,DISPATCH,UNIT_SCADA,1,"2019/09/06 10:05:00",QPS2,0
D,DISPATCH,UNIT_SCADA,1,"2019/09/06 10:05:00",QPS3,0
D,DISPATCH,UNIT_SCADA,1,"2019/09/06 10:05:00",QPS4,0
D,DISPATCH,UNIT_SCADA,1,"2019/09/06 10:05:00",QPS5,0
D,DISPATCH,UNIT_SCADA,1,"2019/09/06 10:05:00",REECE1,100.920010
D,DISPATCH,UNIT_SCADA,1,"2019/09/06 10:05:00",REECE2,113.870010
D,DISPATCH,UNIT_SCADA,1,"2019/09/06 10:05:00",ROMA_7,0
D,DISPATCH,UNIT_SCADA,1,"2019/09/06 10:05:00",ROMA_8,0
D,DISPATCH,UNIT_SCADA,1,"2019/09/06 10:05:00",RRSF1,108.071260
D,DISPATCH,UNIT_SCADA,1,"2019/09/06 10:05:00",RT_NSW1,0
D,DISPATCH,UNIT_SCADA,1,"2019/09/06 10:05:00",RT_NSW2,0
D,DISPATCH,UNIT_SCADA,1,"2019/09/06 10:05:00",RT_NSW3,0
D,DISPATCH,UNIT_SCADA,1,"2019/09/06 10:05:00",RT_NSW4,0
D,DISPATCH,UNIT_SCADA,1,"2019/09/06 10:05:00",RT_NSW5,0
D,DISPATCH,UNIT_SCADA,1,"2019/09/06 10:05:00",RT_NSW6,0
D,DISPATCH,UNIT_SCADA,1,"2019/09/06 10:05:00",RT_QLD1,0
D,DISPATCH,UNIT_SCADA,1,"2019/09/06 10:05:00",RT_SA1,0
D,DISPATCH,UNIT_SCADA,1,"2019/09/06 10:05:00",RT_SA2,0
D,DISPATCH,UNIT_SCADA,1,"2019/09/06 10:05:00",RT_SA3,0
D,DISPATCH,UNIT_SCADA,1,"2019/09/06 10:05:00",RT_SA4,0
D,DISPATCH,UNIT_SCADA,1,"2019/09/06 10:05:00",RT_SA5,0
D,DISPATCH,UNIT_SCADA,1,"2019/09/06 10:05:00",RT_SA6,0
D,DISPATCH,UNIT_SCADA,1,"2019/09/06 10:05:00",RT_TAS1,0
D,DISPATCH,UNIT_SCADA,1,"2019/09/06 10:05:00",RT_VIC1,0
D,DISPATCH,UNIT_SCADA,1,"2019/09/06 10:05:00",RT_VIC10,0
D,DISPATCH,UNIT_SCADA,1,"2019/09/06 10:05:00",RT_VIC11,0
D,DISPATCH,UNIT_SCADA,1,"2019/09/06 10:05:00",RT_VIC12,0
D,DISPATCH,UNIT_SCADA,1,"2019/09/06 10:05:00",RT_VIC2,0
D,DISPATCH,UNIT_SCADA,1,"2019/09/06 10:05:00",RT_VIC3,0
D,DISPATCH,UNIT_SCADA,1,"2019/09/06 10:05:00",RT_VIC4,0
D,DISPATCH,UNIT_SCADA,1,"2019/09/06 10:05:00",RT_VIC5,0
D,DISPATCH,UNIT_SCADA,1,"2019/09/06 10:05:00",RT_VIC6,0
D,DISPATCH,UNIT_SCADA,1,"2019/09/06 10:05:00",RT_VIC7,0
D,DISPATCH,UNIT_SCADA,1,"2019/09/06 10:05:00",RT_VIC8,0
D,DISPATCH,UNIT_SCADA,1,"2019/09/06 10:05:00",RT_VIC9,0
D,DISPATCH,UNIT_SCADA,1,"2019/09/06 10:05:00",RUGBYR1,64.385030
D,DISPATCH,UNIT_SCADA,1,"2019/09/06 10:05:00",SALTCRK1,17.42
D,DISPATCH,UNIT_SCADA,1,"2019/09/06 10:05:00",SAPHWF1,124.274990
D,DISPATCH,UNIT_SCADA,1,"2019/09/06 10:05:00",SHGEN,0
D,DISPATCH,UNIT_SCADA,1,"2019/09/06 10:05:00",SHPUMP,25.173810
D,DISPATCH,UNIT_SCADA,1,"2019/09/06 10:05:00",SITHE01,0.194050
D,DISPATCH,UNIT_SCADA,1,"2019/09/06 10:05:00",SMCSF1,81.786910
D,DISPATCH,UNIT_SCADA,1,"2019/09/06 10:05:00",SNOWNTH1,137.100010
D,DISPATCH,UNIT_SCADA,1,"2019/09/06 10:05:00",SNOWSTH1,115.50
D,DISPATCH,UNIT_SCADA,1,"2019/09/06 10:05:00",SNOWTWN1,85.805040
D,DISPATCH,UNIT_SCADA,1,"2019/09/06 10:05:00",SNOWYP,197.50
D,DISPATCH,UNIT_SCADA,1,"2019/09/06 10:05:00",SNUG1,0.019440
D,DISPATCH,UNIT_SCADA,1,"2019/09/06 10:05:00",SRSF1,70.99
D,DISPATCH,UNIT_SCADA,1,"2019/09/06 10:05:00",STAN-1,219.863720
D,DISPATCH,UNIT_SCADA,1,"2019/09/06 10:05:00",STAN-2,230.733220
D,DISPATCH,UNIT_SCADA,1,"2019/09/06 10:05:00",STAN-3,227.323680
D,DISPATCH,UNIT_SCADA,1,"2019/09/06 10:05:00",STAN-4,229.925690
D,DISPATCH,UNIT_SCADA,1,"2019/09/06 10:05:00",STWF1,0
D,DISPATCH,UNIT_SCADA,1,"2019/09/06 10:05:00",SWAN_E,0
D,DISPATCH,UNIT_SCADA,1,"2019/09/06 10:05:00",TALWA1,191
D,DISPATCH,UNIT_SCADA,1,"2019/09/06 10:05:00",TARALGA1,84.266250
D,DISPATCH,UNIT_SCADA,1,"2019/09/06 10:05:00",TARONG#1,348.899990
D,DISPATCH,UNIT_SCADA,1,"2019/09/06 10:05:00",TARONG#2,0
D,DISPATCH,UNIT_SCADA,1,"2019/09/06 10:05:00",TARONG#3,280
D,DISPATCH,UNIT_SCADA,1,"2019/09/06 10:05:00",TARONG#4,349.700010
D,DISPATCH,UNIT_SCADA,1,"2019/09/06 10:05:00",TARRALEA,73.90
D,DISPATCH,UNIT_SCADA,1,"2019/09/06 10:05:00",TBSF1,25.70
D,DISPATCH,UNIT_SCADA,1,"2019/09/06 10:05:00",TNPS1,400.000030
D,DISPATCH,UNIT_SCADA,1,"2019/09/06 10:05:00",TORRA1,37.450170
D,DISPATCH,UNIT_SCADA,1,"2019/09/06 10:05:00",TORRA2,0
D,DISPATCH,UNIT_SCADA,1,"2019/09/06 10:05:00",TORRA3,0
D,DISPATCH,UNIT_SCADA,1,"2019/09/06 10:05:00",TORRA4,40.714630
D,DISPATCH,UNIT_SCADA,1,"2019/09/06 10:05:00",TORRB1,62.92
D,DISPATCH,UNIT_SCADA,1,"2019/09/06 10:05:00",TORRB2,63.14
D,DISPATCH,UNIT_SCADA,1,"2019/09/06 10:05:00",TORRB3,40.71
D,DISPATCH,UNIT_SCADA,1,"2019/09/06 10:05:00",TORRB4,0
D,DISPATCH,UNIT_SCADA,1,"2019/09/06 10:05:00",TREVALLN,67.000020
D,DISPATCH,UNIT_SCADA,1,"2019/09/06 10:05:00",TRIBUTE,0
D,DISPATCH,UNIT_SCADA,1,"2019/09/06 10:05:00",TUMUT3,0
D,DISPATCH,UNIT_SCADA,1,"2019/09/06 10:05:00",TUNGATIN,125.910030
D,DISPATCH,UNIT_SCADA,1,"2019/09/06 10:05:00",TVCC201,0
D,DISPATCH,UNIT_SCADA,1,"2019/09/06 10:05:00",TVPP104,0
D,DISPATCH,UNIT_SCADA,1,"2019/09/06 10:05:00",UPPTUMUT,0
D,DISPATCH,UNIT_SCADA,1,"2019/09/06 10:05:00",URANQ11,0
D,DISPATCH,UNIT_SCADA,1,"2019/09/06 10:05:00",URANQ12,0
D,DISPATCH,UNIT_SCADA,1,"2019/09/06 10:05:00",URANQ13,0
D,DISPATCH,UNIT_SCADA,1,"2019/09/06 10:05:00",URANQ14,0
D,DISPATCH,UNIT_SCADA,1,"2019/09/06 10:05:00",VP5,486.850040
D,DISPATCH,UNIT_SCADA,1,"2019/09/06 10:05:00",VP6,0
D,DISPATCH,UNIT_SCADA,1,"2019/09/06 10:05:00",VPGS1,0
D,DISPATCH,UNIT_SCADA,1,"2019/09/06 10:05:00",VPGS2,0
D,DISPATCH,UNIT_SCADA,1,"2019/09/06 10:05:00",VPGS3,0
D,DISPATCH,UNIT_SCADA,1,"2019/09/06 10:05:00",VPGS4,0
D,DISPATCH,UNIT_SCADA,1,"2019/09/06 10:05:00",VPGS5,0
D,DISPATCH,UNIT_SCADA,1,"2019/09/06 10:05:00",VPGS6,0
D,DISPATCH,UNIT_SCADA,1,"2019/09/06 10:05:00",W/HOE#1,0
D,DISPATCH,UNIT_SCADA,1,"2019/09/06 10:05:00",W/HOE#2,0
D,DISPATCH,UNIT_SCADA,1,"2019/09/06 10:05:00",WATERLWF,111.40
D,DISPATCH,UNIT_SCADA,1,"2019/09/06 10:05:00",WEMENSF1,27.90
D,DISPATCH,UNIT_SCADA,1,"2019/09/06 10:05:00",WGWF1,103.40
D,DISPATCH,UNIT_SCADA,1,"2019/09/06 10:05:00",WHITSF1,42.70
D,DISPATCH,UNIT_SCADA,1,"2019/09/06 10:05:00",WKIEWA1,33.10
D,DISPATCH,UNIT_SCADA,1,"2019/09/06 10:05:00",WKIEWA2,0.10
D,DISPATCH,UNIT_SCADA,1,"2019/09/06 10:05:00",WOODLWN1,5.1030
D,DISPATCH,UNIT_SCADA,1,"2019/09/06 10:05:00",WRSF1,17.11
D,DISPATCH,UNIT_SCADA,1,"2019/09/06 10:05:00",WRWF1,98.754990
D,DISPATCH,UNIT_SCADA,1,"2019/09/06 10:05:00",YABULU,0
D,DISPATCH,UNIT_SCADA,1,"2019/09/06 10:05:00",YABULU2,0
D,DISPATCH,UNIT_SCADA,1,"2019/09/06 10:05:00",YARWUN_1,119.30
D,DISPATCH,UNIT_SCADA,1,"2019/09/06 10:05:00",YENDWF1,42.10
D,DISPATCH,UNIT_SCADA,1,"2019/09/06 10:05:00",YWPS1,367.417720
D,DISPATCH,UNIT_SCADA,1,"2019/09/06 10:05:00",YWPS2,283.706330
D,DISPATCH,UNIT_SCADA,1,"2019/09/06 10:05:00",YWPS3,333.418980
D,DISPATCH,UNIT_SCADA,1,"2019/09/06 10:05:00",YWPS4,375.760770
C,"END OF REPORT",335
