C,NEMP.WORLD,DISPATCHSCADA,AEMO,PUBLIC,2019/08/22,01:35:09,0000000311848280,DISPATCHSCADA,0000000311848274
I,DISPATCH,UNIT_SCADA,1,SETTLEMENTDATE,DUID,SCADAVALUE
D,DISPATCH,UNIT_SCADA,1,"2019/08/22 01:40:00",BARCSF1,0.70
D,DISPATCH,UNIT_SCADA,1,"2019/08/22 01:40:00",BUTLERSG,9.599998
D,DISPATCH,UNIT_SCADA,1,"2019/08/22 01:40:00",CALL_A_4,0
D,DISPATCH,UNIT_SCADA,1,"2019/08/22 01:40:00",CAPTL_WF,129.50
D,DISPATCH,UNIT_SCADA,1,"2019/08/22 01:40:00",CATHROCK,21.409998
D,DISPATCH,UNIT_SCADA,1,"2019/08/22 01:40:00",CHALLHWF,47
D,DISPATCH,UNIT_SCADA,1,"2019/08/22 01:40:00",CLOVER,-0.01
D,DISPATCH,UNIT_SCADA,1,"2019/08/22 01:40:00",CLUNY,19.849394
D,DISPATCH,UNIT_SCADA,1,"2019/08/22 01:40:00",CNUNDAWF,39.946602
D,DISPATCH,UNIT_SCADA,1,"2019/08/22 01:40:00",CULLRGWF,28.309999
D,DISPATCH,UNIT_SCADA,1,"2019/08/22 01:40:00",ERGT01,0
D,DISPATCH,UNIT_SCADA,1,"2019/08/22 01:40:00",GB01,0.069931
D,DISPATCH,UNIT_SCADA,1,"2019/08/22 01:40:00",GERMCRK,39.200001
D,DISPATCH,UNIT_SCADA,1,"2019/08/22 01:40:00",GRIFSF1,0
D,DISPATCH,UNIT_SCADA,1,"2019/08/22 01:40:00",HUGSF1,-0.2430
D,DISPATCH,UNIT_SCADA,1,"2019/08/22 01:40:00",LKBONNY1,70.018539
D,DISPATCH,UNIT_SCADA,1,"2019/08/22 01:40:00",LRSF1,0.0390
D,DISPATCH,UNIT_SCADA,1,"2019/08/22 01:40:00",MBAHNTH,53.962494
D,DISPATCH,UNIT_SCADA,1,"2019/08/22 01:40:00",MLSP1,0.271001
D,DISPATCH,UNIT_SCADA,1,"2019/08/22 01:40:00",MLWF1,19.665001
D,DISPATCH,UNIT_SCADA,1,"2019/08/22 01:40:00",MTMILLAR,16.914101
D,DISPATCH,UNIT_SCADA,1,"2019/08/22 01:40:00",PALOONA,16.209999
D,DISPATCH,UNIT_SCADA,1,"2019/08/22 01:40:00",PIONEER,39.700001
D,DISPATCH,UNIT_SCADA,1,"2019/08/22 01:40:00",PORTWF,135.199997
D,DISPATCH,UNIT_SCADA,1,"2019/08/22 01:40:00",REPULSE,1.193256
D,DISPATCH,UNIT_SCADA,1,"2019/08/22 01:40:00",ROWALLAN,10.3802
D,DISPATCH,UNIT_SCADA,1,"2019/08/22 01:40:00",ROYALLA1,0
D,DISPATCH,UNIT_SCADA,1,"2019/08/22 01:40:00",RPCG,10.70
D,DISPATCH,UNIT_SCADA,1,"2019/08/22 01:40:00",RUBICON,0
D,DISPATCH,UNIT_SCADA,1,"2019/08/22 01:40:00",SATGN1,0
D,DISPATCH,UNIT_SCADA,1,"2019/08/22 01:40:00",SATGS1,0
D,DISPATCH,UNIT_SCADA,1,"2019/08/22 01:40:00",STARHLWF,19.294374
D,DISPATCH,UNIT_SCADA,1,"2019/08/22 01:40:00",WAUBRAWF,165.136002
D,DISPATCH,UNIT_SCADA,1,"2019/08/22 01:40:00",WOOLNTH1,77.890022
D,DISPATCH,UNIT_SCADA,1,"2019/08/22 01:40:00",WPWF,12
D,DISPATCH,UNIT_SCADA,1,"2019/08/22 01:40:00",YAMBUKWF,28.299999
D,DISPATCH,UNIT_SCADA,1,"2019/08/22 01:40:00",YSWF1,28.90
D,DISPATCH,UNIT_SCADA,1,"2019/08/22 01:40:00",AGLHAL,0
D,DISPATCH,UNIT_SCADA,1,"2019/08/22 01:40:00",AGLSOM,0
D,DISPATCH,UNIT_SCADA,1,"2019/08/22 01:40:00",ANGAST1,0
D,DISPATCH,UNIT_SCADA,1,"2019/08/22 01:40:00",ARWF1,222.20
D,DISPATCH,UNIT_SCADA,1,"2019/08/22 01:40:00",BALBG1,0
D,DISPATCH,UNIT_SCADA,1,"2019/08/22 01:40:00",BALBL1,0
D,DISPATCH,UNIT_SCADA,1,"2019/08/22 01:40:00",BALDHWF1,97.2370
D,DISPATCH,UNIT_SCADA,1,"2019/08/22 01:40:00",BANN1,0
D,DISPATCH,UNIT_SCADA,1,"2019/08/22 01:40:00",BARCALDN,0
D,DISPATCH,UNIT_SCADA,1,"2019/08/22 01:40:00",BARRON-1,0
D,DISPATCH,UNIT_SCADA,1,"2019/08/22 01:40:00",BARRON-2,25.96
D,DISPATCH,UNIT_SCADA,1,"2019/08/22 01:40:00",BASTYAN,78.640010
D,DISPATCH,UNIT_SCADA,1,"2019/08/22 01:40:00",BBTHREE1,-2.17
D,DISPATCH,UNIT_SCADA,1,"2019/08/22 01:40:00",BBTHREE2,-2.14
D,DISPATCH,UNIT_SCADA,1,"2019/08/22 01:40:00",BBTHREE3,-1.26
D,DISPATCH,UNIT_SCADA,1,"2019/08/22 01:40:00",BDL01,0
D,DISPATCH,UNIT_SCADA,1,"2019/08/22 01:40:00",BDL02,0
D,DISPATCH,UNIT_SCADA,1,"2019/08/22 01:40:00",BERYLSF1,0
D,DISPATCH,UNIT_SCADA,1,"2019/08/22 01:40:00",BLOWERNG,0
D,DISPATCH,UNIT_SCADA,1,"2019/08/22 01:40:00",BLUFF1,37.10
D,DISPATCH,UNIT_SCADA,1,"2019/08/22 01:40:00",BNGSF1,0
D,DISPATCH,UNIT_SCADA,1,"2019/08/22 01:40:00",BNGSF2,0
D,DISPATCH,UNIT_SCADA,1,"2019/08/22 01:40:00",BOCORWF1,73.07
D,DISPATCH,UNIT_SCADA,1,"2019/08/22 01:40:00",BODWF1,101.759690
D,DISPATCH,UNIT_SCADA,1,"2019/08/22 01:40:00",BRAEMAR1,0
D,DISPATCH,UNIT_SCADA,1,"2019/08/22 01:40:00",BRAEMAR2,0
D,DISPATCH,UNIT_SCADA,1,"2019/08/22 01:40:00",BRAEMAR3,0
D,DISPATCH,UNIT_SCADA,1,"2019/08/22 01:40:00",BRAEMAR5,0
D,DISPATCH,UNIT_SCADA,1,"2019/08/22 01:40:00",BRAEMAR6,0
D,DISPATCH,UNIT_SCADA,1,"2019/08/22 01:40:00",BRAEMAR7,0
D,DISPATCH,UNIT_SCADA,1,"2019/08/22 01:40:00",BROKENH1,0
D,DISPATCH,UNIT_SCADA,1,"2019/08/22 01:40:00",BW01,360.925050
D,DISPATCH,UNIT_SCADA,1,"2019/08/22 01:40:00",BW02,561.25
D,DISPATCH,UNIT_SCADA,1,"2019/08/22 01:40:00",BW03,478
D,DISPATCH,UNIT_SCADA,1,"2019/08/22 01:40:00",BW04,0
D,DISPATCH,UNIT_SCADA,1,"2019/08/22 01:40:00",CALL_B_1,350.300020
D,DISPATCH,UNIT_SCADA,1,"2019/08/22 01:40:00",CALL_B_2,299.300020
D,DISPATCH,UNIT_SCADA,1,"2019/08/22 01:40:00",CETHANA,99.022750
D,DISPATCH,UNIT_SCADA,1,"2019/08/22 01:40:00",CG1,0
D,DISPATCH,UNIT_SCADA,1,"2019/08/22 01:40:00",CG2,0
D,DISPATCH,UNIT_SCADA,1,"2019/08/22 01:40:00",CG3,0
D,DISPATCH,UNIT_SCADA,1,"2019/08/22 01:40:00",CG4,0
D,DISPATCH,UNIT_SCADA,1,"2019/08/22 01:40:00",CHILDSF1,0.01
D,DISPATCH,UNIT_SCADA,1,"2019/08/22 01:40:00",CLARESF1,0
D,DISPATCH,UNIT_SCADA,1,"2019/08/22 01:40:00",CLEMGPWF,14.262930
D,DISPATCH,UNIT_SCADA,1,"2019/08/22 01:40:00",CLERMSF1,0
D,DISPATCH,UNIT_SCADA,1,"2019/08/22 01:40:00",COLEASF1,0
D,DISPATCH,UNIT_SCADA,1,"2019/08/22 01:40:00",COOPGWF1,31.848150
D,DISPATCH,UNIT_SCADA,1,"2019/08/22 01:40:00",CPP_3,380.600010
D,DISPATCH,UNIT_SCADA,1,"2019/08/22 01:40:00",CPP_4,380.050020
D,DISPATCH,UNIT_SCADA,1,"2019/08/22 01:40:00",CPSA,142.100620
D,DISPATCH,UNIT_SCADA,1,"2019/08/22 01:40:00",CROOKWF2,64.8150
D,DISPATCH,UNIT_SCADA,1,"2019/08/22 01:40:00",CROWLWF1,49.721340
D,DISPATCH,UNIT_SCADA,1,"2019/08/22 01:40:00",CSPVPS1,0.0430
D,DISPATCH,UNIT_SCADA,1,"2019/08/22 01:40:00",DALNTH01,0
D,DISPATCH,UNIT_SCADA,1,"2019/08/22 01:40:00",DALNTHL1,0.074770
D,DISPATCH,UNIT_SCADA,1,"2019/08/22 01:40:00",DARTM1,0
D,DISPATCH,UNIT_SCADA,1,"2019/08/22 01:40:00",DAYDSF1,0
D,DISPATCH,UNIT_SCADA,1,"2019/08/22 01:40:00",DDPS1,0
D,DISPATCH,UNIT_SCADA,1,"2019/08/22 01:40:00",DDSF1,0
D,DISPATCH,UNIT_SCADA,1,"2019/08/22 01:40:00",DEVILS_G,0
D,DISPATCH,UNIT_SCADA,1,"2019/08/22 01:40:00",DG_NSW1,0
D,DISPATCH,UNIT_SCADA,1,"2019/08/22 01:40:00",DG_QLD1,0
D,DISPATCH,UNIT_SCADA,1,"2019/08/22 01:40:00",DG_SA1,0
D,DISPATCH,UNIT_SCADA,1,"2019/08/22 01:40:00",DG_TAS1,0
D,DISPATCH,UNIT_SCADA,1,"2019/08/22 01:40:00",DG_VIC1,0
D,DISPATCH,UNIT_SCADA,1,"2019/08/22 01:40:00",DRYCGT1,0
D,DISPATCH,UNIT_SCADA,1,"2019/08/22 01:40:00",DRYCGT2,0
D,DISPATCH,UNIT_SCADA,1,"2019/08/22 01:40:00",DRYCGT3,0
D,DISPATCH,UNIT_SCADA,1,"2019/08/22 01:40:00",EILDON1,0
D,DISPATCH,UNIT_SCADA,1,"2019/08/22 01:40:00",EILDON2,0
D,DISPATCH,UNIT_SCADA,1,"2019/08/22 01:40:00",EMERASF1,0
D,DISPATCH,UNIT_SCADA,1,"2019/08/22 01:40:00",ER01,358.275020
D,DISPATCH,UNIT_SCADA,1,"2019/08/22 01:40:00",ER02,418.449950
D,DISPATCH,UNIT_SCADA,1,"2019/08/22 01:40:00",ER03,379.424930
D,DISPATCH,UNIT_SCADA,1,"2019/08/22 01:40:00",ER04,350.025020
D,DISPATCH,UNIT_SCADA,1,"2019/08/22 01:40:00",FINLYSF1,0
D,DISPATCH,UNIT_SCADA,1,"2019/08/22 01:40:00",FISHER,45.81
D,DISPATCH,UNIT_SCADA,1,"2019/08/22 01:40:00",GANNBG1,0
D,DISPATCH,UNIT_SCADA,1,"2019/08/22 01:40:00",GANNBL1,5.2634
D,DISPATCH,UNIT_SCADA,1,"2019/08/22 01:40:00",GANNSF1,0
D,DISPATCH,UNIT_SCADA,1,"2019/08/22 01:40:00",GORDON,10.947440
D,DISPATCH,UNIT_SCADA,1,"2019/08/22 01:40:00",GSTONE1,137.724990
D,DISPATCH,UNIT_SCADA,1,"2019/08/22 01:40:00",GSTONE2,130.20
D,DISPATCH,UNIT_SCADA,1,"2019/08/22 01:40:00",GSTONE3,135.974990
D,DISPATCH,UNIT_SCADA,1,"2019/08/22 01:40:00",GSTONE4,136.50
D,DISPATCH,UNIT_SCADA,1,"2019/08/22 01:40:00",GSTONE5,137.3750
D,DISPATCH,UNIT_SCADA,1,"2019/08/22 01:40:00",GSTONE6,0
D,DISPATCH,UNIT_SCADA,1,"2019/08/22 01:40:00",GULLRSF1,0
D,DISPATCH,UNIT_SCADA,1,"2019/08/22 01:40:00",GULLRWF1,157.875490
D,DISPATCH,UNIT_SCADA,1,"2019/08/22 01:40:00",GUNNING1,46.696790
D,DISPATCH,UNIT_SCADA,1,"2019/08/22 01:40:00",GUTHEGA,0
D,DISPATCH,UNIT_SCADA,1,"2019/08/22 01:40:00",HALLWF1,67.40
D,DISPATCH,UNIT_SCADA,1,"2019/08/22 01:40:00",HALLWF2,53.19
D,DISPATCH,UNIT_SCADA,1,"2019/08/22 01:40:00",HAMISF1,0
D,DISPATCH,UNIT_SCADA,1,"2019/08/22 01:40:00",HAUGHT11,0
D,DISPATCH,UNIT_SCADA,1,"2019/08/22 01:40:00",HAYMSF1,0
D,DISPATCH,UNIT_SCADA,1,"2019/08/22 01:40:00",HDWF1,51.70
D,DISPATCH,UNIT_SCADA,1,"2019/08/22 01:40:00",HDWF2,36.90
D,DISPATCH,UNIT_SCADA,1,"2019/08/22 01:40:00",HDWF3,50.70
D,DISPATCH,UNIT_SCADA,1,"2019/08/22 01:40:00",HPRG1,9.50
D,DISPATCH,UNIT_SCADA,1,"2019/08/22 01:40:00",HPRL1,0
D,DISPATCH,UNIT_SCADA,1,"2019/08/22 01:40:00",HUMENSW,0
D,DISPATCH,UNIT_SCADA,1,"2019/08/22 01:40:00",HUMEV,11
D,DISPATCH,UNIT_SCADA,1,"2019/08/22 01:40:00",HVGTS,0
D,DISPATCH,UNIT_SCADA,1,"2019/08/22 01:40:00",JBUTTERS,130.489990
D,DISPATCH,UNIT_SCADA,1,"2019/08/22 01:40:00",JLA01,0.50
D,DISPATCH,UNIT_SCADA,1,"2019/08/22 01:40:00",JLA02,0
D,DISPATCH,UNIT_SCADA,1,"2019/08/22 01:40:00",JLA03,0.10
D,DISPATCH,UNIT_SCADA,1,"2019/08/22 01:40:00",JLA04,0.10
D,DISPATCH,UNIT_SCADA,1,"2019/08/22 01:40:00",JLB01,0
D,DISPATCH,UNIT_SCADA,1,"2019/08/22 01:40:00",JLB02,0.10
D,DISPATCH,UNIT_SCADA,1,"2019/08/22 01:40:00",JLB03,0
D,DISPATCH,UNIT_SCADA,1,"2019/08/22 01:40:00",KAREEYA1,21.53
D,DISPATCH,UNIT_SCADA,1,"2019/08/22 01:40:00",KAREEYA2,21.7875
D,DISPATCH,UNIT_SCADA,1,"2019/08/22 01:40:00",KAREEYA3,0
D,DISPATCH,UNIT_SCADA,1,"2019/08/22 01:40:00",KAREEYA4,21.6950
D,DISPATCH,UNIT_SCADA,1,"2019/08/22 01:40:00",KARSF1,0
D,DISPATCH,UNIT_SCADA,1,"2019/08/22 01:40:00",KIATAWF1,30.70
D,DISPATCH,UNIT_SCADA,1,"2019/08/22 01:40:00",KPP_1,0
D,DISPATCH,UNIT_SCADA,1,"2019/08/22 01:40:00",KSP1,0
D,DISPATCH,UNIT_SCADA,1,"2019/08/22 01:40:00",LADBROK1,0
D,DISPATCH,UNIT_SCADA,1,"2019/08/22 01:40:00",LADBROK2,0
D,DISPATCH,UNIT_SCADA,1,"2019/08/22 01:40:00",LD01,363.843750
D,DISPATCH,UNIT_SCADA,1,"2019/08/22 01:40:00",LD02,369.637480
D,DISPATCH,UNIT_SCADA,1,"2019/08/22 01:40:00",LD03,361.912410
D,DISPATCH,UNIT_SCADA,1,"2019/08/22 01:40:00",LD04,365.587550
D,DISPATCH,UNIT_SCADA,1,"2019/08/22 01:40:00",LEM_WIL,86.1802
D,DISPATCH,UNIT_SCADA,1,"2019/08/22 01:40:00",LGAPWF1,23.78
D,DISPATCH,UNIT_SCADA,1,"2019/08/22 01:40:00",LILYSF1,0
D,DISPATCH,UNIT_SCADA,1,"2019/08/22 01:40:00",LI_WY_CA,148.842060
D,DISPATCH,UNIT_SCADA,1,"2019/08/22 01:40:00",LKBONNY2,143.061740
D,DISPATCH,UNIT_SCADA,1,"2019/08/22 01:40:00",LKBONNY3,34.051430
D,DISPATCH,UNIT_SCADA,1,"2019/08/22 01:40:00",LK_ECHO,0
D,DISPATCH,UNIT_SCADA,1,"2019/08/22 01:40:00",LNGS1,0
D,DISPATCH,UNIT_SCADA,1,"2019/08/22 01:40:00",LNGS2,0
D,DISPATCH,UNIT_SCADA,1,"2019/08/22 01:40:00",LONSDALE,0
D,DISPATCH,UNIT_SCADA,1,"2019/08/22 01:40:00",LOYYB1,536.840520
D,DISPATCH,UNIT_SCADA,1,"2019/08/22 01:40:00",LOYYB2,581.202510
D,DISPATCH,UNIT_SCADA,1,"2019/08/22 01:40:00",LYA1,534
D,DISPATCH,UNIT_SCADA,1,"2019/08/22 01:40:00",LYA2,0
D,DISPATCH,UNIT_SCADA,1,"2019/08/22 01:40:00",LYA3,536
D,DISPATCH,UNIT_SCADA,1,"2019/08/22 01:40:00",LYA4,530
D,DISPATCH,UNIT_SCADA,1,"2019/08/22 01:40:00",MACARTH1,349.991910
D,DISPATCH,UNIT_SCADA,1,"2019/08/22 01:40:00",MACKAYGT,0
D,DISPATCH,UNIT_SCADA,1,"2019/08/22 01:40:00",MACKNTSH,85.52
D,DISPATCH,UNIT_SCADA,1,"2019/08/22 01:40:00",MANSLR1,0
D,DISPATCH,UNIT_SCADA,1,"2019/08/22 01:40:00",MCKAY1,0.02
D,DISPATCH,UNIT_SCADA,1,"2019/08/22 01:40:00",MEADOWBK,33.610080
D,DISPATCH,UNIT_SCADA,1,"2019/08/22 01:40:00",MERCER01,121.7550
D,DISPATCH,UNIT_SCADA,1,"2019/08/22 01:40:00",MEWF1,74.6496
D,DISPATCH,UNIT_SCADA,1,"2019/08/22 01:40:00",MINTARO,0
D,DISPATCH,UNIT_SCADA,1,"2019/08/22 01:40:00",MOREESF1,0
D,DISPATCH,UNIT_SCADA,1,"2019/08/22 01:40:00",MORTLK11,0
D,DISPATCH,UNIT_SCADA,1,"2019/08/22 01:40:00",MORTLK12,0
D,DISPATCH,UNIT_SCADA,1,"2019/08/22 01:40:00",MP1,277.3501
D,DISPATCH,UNIT_SCADA,1,"2019/08/22 01:40:00",MP2,0
D,DISPATCH,UNIT_SCADA,1,"2019/08/22 01:40:00",MPP_1,410.50
D,DISPATCH,UNIT_SCADA,1,"2019/08/22 01:40:00",MPP_2,414
D,DISPATCH,UNIT_SCADA,1,"2019/08/22 01:40:00",MSTUART1,0
D,DISPATCH,UNIT_SCADA,1,"2019/08/22 01:40:00",MSTUART2,0
D,DISPATCH,UNIT_SCADA,1,"2019/08/22 01:40:00",MSTUART3,0
D,DISPATCH,UNIT_SCADA,1,"2019/08/22 01:40:00",MTGELWF1,64.519180
D,DISPATCH,UNIT_SCADA,1,"2019/08/22 01:40:00",MURRAY,0
D,DISPATCH,UNIT_SCADA,1,"2019/08/22 01:40:00",MUSSELR1,156.700010
D,DISPATCH,UNIT_SCADA,1,"2019/08/22 01:40:00",MUWAWF1,74
D,DISPATCH,UNIT_SCADA,1,"2019/08/22 01:40:00",NBHWF1,63.90
D,DISPATCH,UNIT_SCADA,1,"2019/08/22 01:40:00",NPS,0
D,DISPATCH,UNIT_SCADA,1,"2019/08/22 01:40:00",NUMURSF1,0
D,DISPATCH,UNIT_SCADA,1,"2019/08/22 01:40:00",NYNGAN1,0
D,DISPATCH,UNIT_SCADA,1,"2019/08/22 01:40:00",OAKEY1,0
D,DISPATCH,UNIT_SCADA,1,"2019/08/22 01:40:00",OAKEY1SF,0
D,DISPATCH,UNIT_SCADA,1,"2019/08/22 01:40:00",OAKEY2,0
D,DISPATCH,UNIT_SCADA,1,"2019/08/22 01:40:00",OAKLAND1,62.70
D,DISPATCH,UNIT_SCADA,1,"2019/08/22 01:40:00",OSB-AG,0
D,DISPATCH,UNIT_SCADA,1,"2019/08/22 01:40:00",PARSF1,0
D,DISPATCH,UNIT_SCADA,1,"2019/08/22 01:40:00",POAT110,0
D,DISPATCH,UNIT_SCADA,1,"2019/08/22 01:40:00",POAT220,1.35
D,DISPATCH,UNIT_SCADA,1,"2019/08/22 01:40:00",POR01,0
D,DISPATCH,UNIT_SCADA,1,"2019/08/22 01:40:00",POR03,0
D,DISPATCH,UNIT_SCADA,1,"2019/08/22 01:40:00",PPCCGT,173.5522
D,DISPATCH,UNIT_SCADA,1,"2019/08/22 01:40:00",PTSTAN1,0
D,DISPATCH,UNIT_SCADA,1,"2019/08/22 01:40:00",PUMP1,0
D,DISPATCH,UNIT_SCADA,1,"2019/08/22 01:40:00",PUMP2,0
D,DISPATCH,UNIT_SCADA,1,"2019/08/22 01:40:00",QPS1,0
D,DISPATCH,UNIT_SCADA,1,"2019/08/22 01:40:00",QPS2,0
D,DISPATCH,UNIT_SCADA,1,"2019/08/22 01:40:00",QPS3,0
D,DISPATCH,UNIT_SCADA,1,"2019/08/22 01:40:00",QPS4,0
D,DISPATCH,UNIT_SCADA,1,"2019/08/22 01:40:00",QPS5,0
D,DISPATCH,UNIT_SCADA,1,"2019/08/22 01:40:00",REECE1,118.290010
D,DISPATCH,UNIT_SCADA,1,"2019/08/22 01:40:00",REECE2,118.970010
D,DISPATCH,UNIT_SCADA,1,"2019/08/22 01:40:00",ROMA_7,0
D,DISPATCH,UNIT_SCADA,1,"2019/08/22 01:40:00",ROMA_8,0
D,DISPATCH,UNIT_SCADA,1,"2019/08/22 01:40:00",RRSF1,0
D,DISPATCH,UNIT_SCADA,1,"2019/08/22 01:40:00",RT_NSW1,0
D,DISPATCH,UNIT_SCADA,1,"2019/08/22 01:40:00",RT_NSW2,0
D,DISPATCH,UNIT_SCADA,1,"2019/08/22 01:40:00",RT_NSW3,0
D,DISPATCH,UNIT_SCADA,1,"2019/08/22 01:40:00",RT_NSW4,0
D,DISPATCH,UNIT_SCADA,1,"2019/08/22 01:40:00",RT_NSW5,0
D,DISPATCH,UNIT_SCADA,1,"2019/08/22 01:40:00",RT_NSW6,0
D,DISPATCH,UNIT_SCADA,1,"2019/08/22 01:40:00",RT_QLD1,0
D,DISPATCH,UNIT_SCADA,1,"2019/08/22 01:40:00",RT_SA1,0
D,DISPATCH,UNIT_SCADA,1,"2019/08/22 01:40:00",RT_SA2,0
D,DISPATCH,UNIT_SCADA,1,"2019/08/22 01:40:00",RT_SA3,0
D,DISPATCH,UNIT_SCADA,1,"2019/08/22 01:40:00",RT_SA4,0
D,DISPATCH,UNIT_SCADA,1,"2019/08/22 01:40:00",RT_SA5,0
D,DISPATCH,UNIT_SCADA,1,"2019/08/22 01:40:00",RT_SA6,0
D,DISPATCH,UNIT_SCADA,1,"2019/08/22 01:40:00",RT_TAS1,0
D,DISPATCH,UNIT_SCADA,1,"2019/08/22 01:40:00",RT_VIC1,0
D,DISPATCH,UNIT_SCADA,1,"2019/08/22 01:40:00",RT_VIC10,0
D,DISPATCH,UNIT_SCADA,1,"2019/08/22 01:40:00",RT_VIC11,0
D,DISPATCH,UNIT_SCADA,1,"2019/08/22 01:40:00",RT_VIC12,0
D,DISPATCH,UNIT_SCADA,1,"2019/08/22 01:40:00",RT_VIC2,0
D,DISPATCH,UNIT_SCADA,1,"2019/08/22 01:40:00",RT_VIC3,0
D,DISPATCH,UNIT_SCADA,1,"2019/08/22 01:40:00",RT_VIC4,0
D,DISPATCH,UNIT_SCADA,1,"2019/08/22 01:40:00",RT_VIC5,0
D,DISPATCH,UNIT_SCADA,1,"2019/08/22 01:40:00",RT_VIC6,0
D,DISPATCH,UNIT_SCADA,1,"2019/08/22 01:40:00",RT_VIC7,0
D,DISPATCH,UNIT_SCADA,1,"2019/08/22 01:40:00",RT_VIC8,0
D,DISPATCH,UNIT_SCADA,1,"2019/08/22 01:40:00",RT_VIC9,0
D,DISPATCH,UNIT_SCADA,1,"2019/08/22 01:40:00",RUGBYR1,0
D,DISPATCH,UNIT_SCADA,1,"2019/08/22 01:40:00",SALTCRK1,52.33
D,DISPATCH,UNIT_SCADA,1,"2019/08/22 01:40:00",SAPHWF1,221.521910
D,DISPATCH,UNIT_SCADA,1,"2019/08/22 01:40:00",SHGEN,0
D,DISPATCH,UNIT_SCADA,1,"2019/08/22 01:40:00",SHPUMP,122.523440
D,DISPATCH,UNIT_SCADA,1,"2019/08/22 01:40:00",SITHE01,0.043330
D,DISPATCH,UNIT_SCADA,1,"2019/08/22 01:40:00",SMCSF1,0
D,DISPATCH,UNIT_SCADA,1,"2019/08/22 01:40:00",SNOWNTH1,77.80
D,DISPATCH,UNIT_SCADA,1,"2019/08/22 01:40:00",SNOWSTH1,58.30
D,DISPATCH,UNIT_SCADA,1,"2019/08/22 01:40:00",SNOWTWN1,55.9883
D,DISPATCH,UNIT_SCADA,1,"2019/08/22 01:40:00",SNOWYP,191.50
D,DISPATCH,UNIT_SCADA,1,"2019/08/22 01:40:00",SNUG1,0.019440
D,DISPATCH,UNIT_SCADA,1,"2019/08/22 01:40:00",SRSF1,0.44
D,DISPATCH,UNIT_SCADA,1,"2019/08/22 01:40:00",STAN-1,0
D,DISPATCH,UNIT_SCADA,1,"2019/08/22 01:40:00",STAN-2,183.076640
D,DISPATCH,UNIT_SCADA,1,"2019/08/22 01:40:00",STAN-3,224.324330
D,DISPATCH,UNIT_SCADA,1,"2019/08/22 01:40:00",STAN-4,190.216160
D,DISPATCH,UNIT_SCADA,1,"2019/08/22 01:40:00",STWF1,171.573750
D,DISPATCH,UNIT_SCADA,1,"2019/08/22 01:40:00",SWAN_E,0
D,DISPATCH,UNIT_SCADA,1,"2019/08/22 01:40:00",TALWA1,190
D,DISPATCH,UNIT_SCADA,1,"2019/08/22 01:40:00",TARALGA1,55.106250
D,DISPATCH,UNIT_SCADA,1,"2019/08/22 01:40:00",TARONG#1,282.50
D,DISPATCH,UNIT_SCADA,1,"2019/08/22 01:40:00",TARONG#2,224.600010
D,DISPATCH,UNIT_SCADA,1,"2019/08/22 01:40:00",TARONG#3,259.800020
D,DISPATCH,UNIT_SCADA,1,"2019/08/22 01:40:00",TARONG#4,280.399990
D,DISPATCH,UNIT_SCADA,1,"2019/08/22 01:40:00",TARRALEA,84
D,DISPATCH,UNIT_SCADA,1,"2019/08/22 01:40:00",TBSF1,-0.20
D,DISPATCH,UNIT_SCADA,1,"2019/08/22 01:40:00",TNPS1,399.400020
D,DISPATCH,UNIT_SCADA,1,"2019/08/22 01:40:00",TORRA1,43.473950
D,DISPATCH,UNIT_SCADA,1,"2019/08/22 01:40:00",TORRA2,0
D,DISPATCH,UNIT_SCADA,1,"2019/08/22 01:40:00",TORRA3,0
D,DISPATCH,UNIT_SCADA,1,"2019/08/22 01:40:00",TORRA4,0
D,DISPATCH,UNIT_SCADA,1,"2019/08/22 01:40:00",TORRB1,39.22
D,DISPATCH,UNIT_SCADA,1,"2019/08/22 01:40:00",TORRB2,39.71
D,DISPATCH,UNIT_SCADA,1,"2019/08/22 01:40:00",TORRB3,0
D,DISPATCH,UNIT_SCADA,1,"2019/08/22 01:40:00",TORRB4,0
D,DISPATCH,UNIT_SCADA,1,"2019/08/22 01:40:00",TREVALLN,1.20
D,DISPATCH,UNIT_SCADA,1,"2019/08/22 01:40:00",TRIBUTE,85.07
D,DISPATCH,UNIT_SCADA,1,"2019/08/22 01:40:00",TUMUT3,0
D,DISPATCH,UNIT_SCADA,1,"2019/08/22 01:40:00",TUNGATIN,15.60
D,DISPATCH,UNIT_SCADA,1,"2019/08/22 01:40:00",TVCC201,0
D,DISPATCH,UNIT_SCADA,1,"2019/08/22 01:40:00",TVPP104,0
D,DISPATCH,UNIT_SCADA,1,"2019/08/22 01:40:00",UPPTUMUT,0
D,DISPATCH,UNIT_SCADA,1,"2019/08/22 01:40:00",URANQ11,0
D,DISPATCH,UNIT_SCADA,1,"2019/08/22 01:40:00",URANQ12,0
D,DISPATCH,UNIT_SCADA,1,"2019/08/22 01:40:00",URANQ13,0
D,DISPATCH,UNIT_SCADA,1,"2019/08/22 01:40:00",URANQ14,0
D,DISPATCH,UNIT_SCADA,1,"2019/08/22 01:40:00",VP5,320.649990
D,DISPATCH,UNIT_SCADA,1,"2019/08/22 01:40:00",VP6,326.449980
D,DISPATCH,UNIT_SCADA,1,"2019/08/22 01:40:00",VPGS1,0
D,DISPATCH,UNIT_SCADA,1,"2019/08/22 01:40:00",VPGS2,0
D,DISPATCH,UNIT_SCADA,1,"2019/08/22 01:40:00",VPGS3,0
D,DISPATCH,UNIT_SCADA,1,"2019/08/22 01:40:00",VPGS4,0
D,DISPATCH,UNIT_SCADA,1,"2019/08/22 01:40:00",VPGS5,0
D,DISPATCH,UNIT_SCADA,1,"2019/08/22 01:40:00",VPGS6,0
D,DISPATCH,UNIT_SCADA,1,"2019/08/22 01:40:00",W/HOE#1,0
D,DISPATCH,UNIT_SCADA,1,"2019/08/22 01:40:00",W/HOE#2,0
D,DISPATCH,UNIT_SCADA,1,"2019/08/22 01:40:00",WATERLWF,111.90
D,DISPATCH,UNIT_SCADA,1,"2019/08/22 01:40:00",WEMENSF1,0
D,DISPATCH,UNIT_SCADA,1,"2019/08/22 01:40:00",WGWF1,83.40
D,DISPATCH,UNIT_SCADA,1,"2019/08/22 01:40:00",WHITSF1,0
D,DISPATCH,UNIT_SCADA,1,"2019/08/22 01:40:00",WKIEWA1,30.10
D,DISPATCH,UNIT_SCADA,1,"2019/08/22 01:40:00",WKIEWA2,30.10
D,DISPATCH,UNIT_SCADA,1,"2019/08/22 01:40:00",WOODLWN1,44.8470
D,DISPATCH,UNIT_SCADA,1,"2019/08/22 01:40:00",WRSF1,0
D,DISPATCH,UNIT_SCADA,1,"2019/08/22 01:40:00",WRWF1,152.691250
D,DISPATCH,UNIT_SCADA,1,"2019/08/22 01:40:00",YABULU,0
D,DISPATCH,UNIT_SCADA,1,"2019/08/22 01:40:00",YABULU2,0
D,DISPATCH,UNIT_SCADA,1,"2019/08/22 01:40:00",YARWUN_1,140.259990
D,DISPATCH,UNIT_SCADA,1,"2019/08/22 01:40:00",YENDWF1,41.72
D,DISPATCH,UNIT_SCADA,1,"2019/08/22 01:40:00",YWPS1,339.848110
D,DISPATCH,UNIT_SCADA,1,"2019/08/22 01:40:00",YWPS2,277.691130
D,DISPATCH,UNIT_SCADA,1,"2019/08/22 01:40:00",YWPS3,0
D,DISPATCH,UNIT_SCADA,1,"2019/08/22 01:40:00",YWPS4,394.955690
C,"END OF REPORT",334
