C,NEMP.WORLD,DISPATCHSCADA,AEMO,PUBLIC,2019/08/21,21:40:07,0000000311842416,DISPATCHSCADA,0000000311842410
I,DISPATCH,UNIT_SCADA,1,SETTLEMENTDATE,DUID,SCADAVALUE
D,DISPATCH,UNIT_SCADA,1,"2019/08/21 21:45:00",BARCSF1,0.70
D,DISPATCH,UNIT_SCADA,1,"2019/08/21 21:45:00",BUTLERSG,9.599998
D,DISPATCH,UNIT_SCADA,1,"2019/08/21 21:45:00",CALL_A_4,0
D,DISPATCH,UNIT_SCADA,1,"2019/08/21 21:45:00",CAPTL_WF,128.511993
D,DISPATCH,UNIT_SCADA,1,"2019/08/21 21:45:00",CATHROCK,27.329998
D,DISPATCH,UNIT_SCADA,1,"2019/08/21 21:45:00",CHALLHWF,47.200001
D,DISPATCH,UNIT_SCADA,1,"2019/08/21 21:45:00",CLOVER,-0.01
D,DISPATCH,UNIT_SCADA,1,"2019/08/21 21:45:00",CLUNY,20.112154
D,DISPATCH,UNIT_SCADA,1,"2019/08/21 21:45:00",CNUNDAWF,41.548470
D,DISPATCH,UNIT_SCADA,1,"2019/08/21 21:45:00",CULLRGWF,30.35
D,DISPATCH,UNIT_SCADA,1,"2019/08/21 21:45:00",ERGT01,0
D,DISPATCH,UNIT_SCADA,1,"2019/08/21 21:45:00",GB01,0.070793
D,DISPATCH,UNIT_SCADA,1,"2019/08/21 21:45:00",GERMCRK,38.900002
D,DISPATCH,UNIT_SCADA,1,"2019/08/21 21:45:00",GRIFSF1,0
D,DISPATCH,UNIT_SCADA,1,"2019/08/21 21:45:00",HUGSF1,-0.2430
D,DISPATCH,UNIT_SCADA,1,"2019/08/21 21:45:00",LKBONNY1,72.251274
D,DISPATCH,UNIT_SCADA,1,"2019/08/21 21:45:00",LRSF1,0.0390
D,DISPATCH,UNIT_SCADA,1,"2019/08/21 21:45:00",MBAHNTH,55.856247
D,DISPATCH,UNIT_SCADA,1,"2019/08/21 21:45:00",MLSP1,0.271001
D,DISPATCH,UNIT_SCADA,1,"2019/08/21 21:45:00",MLWF1,19.200001
D,DISPATCH,UNIT_SCADA,1,"2019/08/21 21:45:00",MTMILLAR,10.789902
D,DISPATCH,UNIT_SCADA,1,"2019/08/21 21:45:00",PALOONA,24.25
D,DISPATCH,UNIT_SCADA,1,"2019/08/21 21:45:00",PIONEER,32.100002
D,DISPATCH,UNIT_SCADA,1,"2019/08/21 21:45:00",PORTWF,141.100006
D,DISPATCH,UNIT_SCADA,1,"2019/08/21 21:45:00",REPULSE,28.7010
D,DISPATCH,UNIT_SCADA,1,"2019/08/21 21:45:00",ROWALLAN,10.2453
D,DISPATCH,UNIT_SCADA,1,"2019/08/21 21:45:00",ROYALLA1,0
D,DISPATCH,UNIT_SCADA,1,"2019/08/21 21:45:00",RPCG,11.70
D,DISPATCH,UNIT_SCADA,1,"2019/08/21 21:45:00",RUBICON,0
D,DISPATCH,UNIT_SCADA,1,"2019/08/21 21:45:00",SATGN1,0
D,DISPATCH,UNIT_SCADA,1,"2019/08/21 21:45:00",SATGS1,0
D,DISPATCH,UNIT_SCADA,1,"2019/08/21 21:45:00",STARHLWF,15.995336
D,DISPATCH,UNIT_SCADA,1,"2019/08/21 21:45:00",WAUBRAWF,178.608994
D,DISPATCH,UNIT_SCADA,1,"2019/08/21 21:45:00",WOOLNTH1,69.840019
D,DISPATCH,UNIT_SCADA,1,"2019/08/21 21:45:00",WPWF,37
D,DISPATCH,UNIT_SCADA,1,"2019/08/21 21:45:00",YAMBUKWF,30.10
D,DISPATCH,UNIT_SCADA,1,"2019/08/21 21:45:00",YSWF1,28.90
D,DISPATCH,UNIT_SCADA,1,"2019/08/21 21:45:00",AGLHAL,0
D,DISPATCH,UNIT_SCADA,1,"2019/08/21 21:45:00",AGLSOM,0
D,DISPATCH,UNIT_SCADA,1,"2019/08/21 21:45:00",ANGAST1,0
D,DISPATCH,UNIT_SCADA,1,"2019/08/21 21:45:00",ARWF1,165
D,DISPATCH,UNIT_SCADA,1,"2019/08/21 21:45:00",BALBG1,0
D,DISPATCH,UNIT_SCADA,1,"2019/08/21 21:45:00",BALBL1,5
D,DISPATCH,UNIT_SCADA,1,"2019/08/21 21:45:00",BALDHWF1,77.1190
D,DISPATCH,UNIT_SCADA,1,"2019/08/21 21:45:00",BANN1,0
D,DISPATCH,UNIT_SCADA,1,"2019/08/21 21:45:00",BARCALDN,0
D,DISPATCH,UNIT_SCADA,1,"2019/08/21 21:45:00",BARRON-1,0
D,DISPATCH,UNIT_SCADA,1,"2019/08/21 21:45:00",BARRON-2,28.12
D,DISPATCH,UNIT_SCADA,1,"2019/08/21 21:45:00",BASTYAN,78.58
D,DISPATCH,UNIT_SCADA,1,"2019/08/21 21:45:00",BBTHREE1,-1.85
D,DISPATCH,UNIT_SCADA,1,"2019/08/21 21:45:00",BBTHREE2,-1.90
D,DISPATCH,UNIT_SCADA,1,"2019/08/21 21:45:00",BBTHREE3,-1
D,DISPATCH,UNIT_SCADA,1,"2019/08/21 21:45:00",BDL01,-0.06
D,DISPATCH,UNIT_SCADA,1,"2019/08/21 21:45:00",BDL02,0
D,DISPATCH,UNIT_SCADA,1,"2019/08/21 21:45:00",BERYLSF1,0
D,DISPATCH,UNIT_SCADA,1,"2019/08/21 21:45:00",BLOWERNG,0
D,DISPATCH,UNIT_SCADA,1,"2019/08/21 21:45:00",BLUFF1,11.90
D,DISPATCH,UNIT_SCADA,1,"2019/08/21 21:45:00",BNGSF1,0
D,DISPATCH,UNIT_SCADA,1,"2019/08/21 21:45:00",BNGSF2,0
D,DISPATCH,UNIT_SCADA,1,"2019/08/21 21:45:00",BOCORWF1,102.45
D,DISPATCH,UNIT_SCADA,1,"2019/08/21 21:45:00",BODWF1,85.060170
D,DISPATCH,UNIT_SCADA,1,"2019/08/21 21:45:00",BRAEMAR1,0
D,DISPATCH,UNIT_SCADA,1,"2019/08/21 21:45:00",BRAEMAR2,0
D,DISPATCH,UNIT_SCADA,1,"2019/08/21 21:45:00",BRAEMAR3,0
D,DISPATCH,UNIT_SCADA,1,"2019/08/21 21:45:00",BRAEMAR5,0
D,DISPATCH,UNIT_SCADA,1,"2019/08/21 21:45:00",BRAEMAR6,0
D,DISPATCH,UNIT_SCADA,1,"2019/08/21 21:45:00",BRAEMAR7,0
D,DISPATCH,UNIT_SCADA,1,"2019/08/21 21:45:00",BROKENH1,0
D,DISPATCH,UNIT_SCADA,1,"2019/08/21 21:45:00",BW01,646.325070
D,DISPATCH,UNIT_SCADA,1,"2019/08/21 21:45:00",BW02,632.849980
D,DISPATCH,UNIT_SCADA,1,"2019/08/21 21:45:00",BW03,645.275020
D,DISPATCH,UNIT_SCADA,1,"2019/08/21 21:45:00",BW04,0
D,DISPATCH,UNIT_SCADA,1,"2019/08/21 21:45:00",CALL_B_1,349
D,DISPATCH,UNIT_SCADA,1,"2019/08/21 21:45:00",CALL_B_2,348.399990
D,DISPATCH,UNIT_SCADA,1,"2019/08/21 21:45:00",CETHANA,99.262250
D,DISPATCH,UNIT_SCADA,1,"2019/08/21 21:45:00",CG1,0
D,DISPATCH,UNIT_SCADA,1,"2019/08/21 21:45:00",CG2,0
D,DISPATCH,UNIT_SCADA,1,"2019/08/21 21:45:00",CG3,0
D,DISPATCH,UNIT_SCADA,1,"2019/08/21 21:45:00",CG4,0
D,DISPATCH,UNIT_SCADA,1,"2019/08/21 21:45:00",CHILDSF1,0.01
D,DISPATCH,UNIT_SCADA,1,"2019/08/21 21:45:00",CLARESF1,0
D,DISPATCH,UNIT_SCADA,1,"2019/08/21 21:45:00",CLEMGPWF,43.725250
D,DISPATCH,UNIT_SCADA,1,"2019/08/21 21:45:00",CLERMSF1,0
D,DISPATCH,UNIT_SCADA,1,"2019/08/21 21:45:00",COLEASF1,0
D,DISPATCH,UNIT_SCADA,1,"2019/08/21 21:45:00",COOPGWF1,30.103550
D,DISPATCH,UNIT_SCADA,1,"2019/08/21 21:45:00",CPP_3,406.450010
D,DISPATCH,UNIT_SCADA,1,"2019/08/21 21:45:00",CPP_4,405.075010
D,DISPATCH,UNIT_SCADA,1,"2019/08/21 21:45:00",CPSA,142.378130
D,DISPATCH,UNIT_SCADA,1,"2019/08/21 21:45:00",CROOKWF2,85.393750
D,DISPATCH,UNIT_SCADA,1,"2019/08/21 21:45:00",CROWLWF1,41.854980
D,DISPATCH,UNIT_SCADA,1,"2019/08/21 21:45:00",CSPVPS1,0.0430
D,DISPATCH,UNIT_SCADA,1,"2019/08/21 21:45:00",DALNTH01,0
D,DISPATCH,UNIT_SCADA,1,"2019/08/21 21:45:00",DALNTHL1,0.102240
D,DISPATCH,UNIT_SCADA,1,"2019/08/21 21:45:00",DARTM1,0
D,DISPATCH,UNIT_SCADA,1,"2019/08/21 21:45:00",DAYDSF1,0
D,DISPATCH,UNIT_SCADA,1,"2019/08/21 21:45:00",DDPS1,384.641570
D,DISPATCH,UNIT_SCADA,1,"2019/08/21 21:45:00",DDSF1,0
D,DISPATCH,UNIT_SCADA,1,"2019/08/21 21:45:00",DEVILS_G,0
D,DISPATCH,UNIT_SCADA,1,"2019/08/21 21:45:00",DG_NSW1,0
D,DISPATCH,UNIT_SCADA,1,"2019/08/21 21:45:00",DG_QLD1,0
D,DISPATCH,UNIT_SCADA,1,"2019/08/21 21:45:00",DG_SA1,0
D,DISPATCH,UNIT_SCADA,1,"2019/08/21 21:45:00",DG_TAS1,0
D,DISPATCH,UNIT_SCADA,1,"2019/08/21 21:45:00",DG_VIC1,0
D,DISPATCH,UNIT_SCADA,1,"2019/08/21 21:45:00",DRYCGT1,0
D,DISPATCH,UNIT_SCADA,1,"2019/08/21 21:45:00",DRYCGT2,0
D,DISPATCH,UNIT_SCADA,1,"2019/08/21 21:45:00",DRYCGT3,0
D,DISPATCH,UNIT_SCADA,1,"2019/08/21 21:45:00",EILDON1,0
D,DISPATCH,UNIT_SCADA,1,"2019/08/21 21:45:00",EILDON2,0
D,DISPATCH,UNIT_SCADA,1,"2019/08/21 21:45:00",EMERASF1,0
D,DISPATCH,UNIT_SCADA,1,"2019/08/21 21:45:00",ER01,586
D,DISPATCH,UNIT_SCADA,1,"2019/08/21 21:45:00",ER02,610.8750
D,DISPATCH,UNIT_SCADA,1,"2019/08/21 21:45:00",ER03,656.3501
D,DISPATCH,UNIT_SCADA,1,"2019/08/21 21:45:00",ER04,673.6250
D,DISPATCH,UNIT_SCADA,1,"2019/08/21 21:45:00",FINLYSF1,0
D,DISPATCH,UNIT_SCADA,1,"2019/08/21 21:45:00",FISHER,45.84
D,DISPATCH,UNIT_SCADA,1,"2019/08/21 21:45:00",GANNBG1,2.507390
D,DISPATCH,UNIT_SCADA,1,"2019/08/21 21:45:00",GANNBL1,0
D,DISPATCH,UNIT_SCADA,1,"2019/08/21 21:45:00",GANNSF1,0
D,DISPATCH,UNIT_SCADA,1,"2019/08/21 21:45:00",GORDON,27.417040
D,DISPATCH,UNIT_SCADA,1,"2019/08/21 21:45:00",GSTONE1,203.70
D,DISPATCH,UNIT_SCADA,1,"2019/08/21 21:45:00",GSTONE2,200.20
D,DISPATCH,UNIT_SCADA,1,"2019/08/21 21:45:00",GSTONE3,204.75
D,DISPATCH,UNIT_SCADA,1,"2019/08/21 21:45:00",GSTONE4,202.474990
D,DISPATCH,UNIT_SCADA,1,"2019/08/21 21:45:00",GSTONE5,201.0750
D,DISPATCH,UNIT_SCADA,1,"2019/08/21 21:45:00",GSTONE6,0
D,DISPATCH,UNIT_SCADA,1,"2019/08/21 21:45:00",GULLRSF1,0
D,DISPATCH,UNIT_SCADA,1,"2019/08/21 21:45:00",GULLRWF1,158.786870
D,DISPATCH,UNIT_SCADA,1,"2019/08/21 21:45:00",GUNNING1,41.955810
D,DISPATCH,UNIT_SCADA,1,"2019/08/21 21:45:00",GUTHEGA,30.90
D,DISPATCH,UNIT_SCADA,1,"2019/08/21 21:45:00",HALLWF1,32.02
D,DISPATCH,UNIT_SCADA,1,"2019/08/21 21:45:00",HALLWF2,23.49
D,DISPATCH,UNIT_SCADA,1,"2019/08/21 21:45:00",HAMISF1,0
D,DISPATCH,UNIT_SCADA,1,"2019/08/21 21:45:00",HAUGHT11,0
D,DISPATCH,UNIT_SCADA,1,"2019/08/21 21:45:00",HAYMSF1,0
D,DISPATCH,UNIT_SCADA,1,"2019/08/21 21:45:00",HDWF1,23.40
D,DISPATCH,UNIT_SCADA,1,"2019/08/21 21:45:00",HDWF2,13.90
D,DISPATCH,UNIT_SCADA,1,"2019/08/21 21:45:00",HDWF3,18.30
D,DISPATCH,UNIT_SCADA,1,"2019/08/21 21:45:00",HPRG1,5.20
D,DISPATCH,UNIT_SCADA,1,"2019/08/21 21:45:00",HPRL1,0
D,DISPATCH,UNIT_SCADA,1,"2019/08/21 21:45:00",HUMENSW,0
D,DISPATCH,UNIT_SCADA,1,"2019/08/21 21:45:00",HUMEV,10.30
D,DISPATCH,UNIT_SCADA,1,"2019/08/21 21:45:00",HVGTS,0
D,DISPATCH,UNIT_SCADA,1,"2019/08/21 21:45:00",JBUTTERS,138.83
D,DISPATCH,UNIT_SCADA,1,"2019/08/21 21:45:00",JLA01,0.50
D,DISPATCH,UNIT_SCADA,1,"2019/08/21 21:45:00",JLA02,0
D,DISPATCH,UNIT_SCADA,1,"2019/08/21 21:45:00",JLA03,0.10
D,DISPATCH,UNIT_SCADA,1,"2019/08/21 21:45:00",JLA04,0.10
D,DISPATCH,UNIT_SCADA,1,"2019/08/21 21:45:00",JLB01,0
D,DISPATCH,UNIT_SCADA,1,"2019/08/21 21:45:00",JLB02,0.10
D,DISPATCH,UNIT_SCADA,1,"2019/08/21 21:45:00",JLB03,0
D,DISPATCH,UNIT_SCADA,1,"2019/08/21 21:45:00",KAREEYA1,21.5425
D,DISPATCH,UNIT_SCADA,1,"2019/08/21 21:45:00",KAREEYA2,21.7925
D,DISPATCH,UNIT_SCADA,1,"2019/08/21 21:45:00",KAREEYA3,0
D,DISPATCH,UNIT_SCADA,1,"2019/08/21 21:45:00",KAREEYA4,21.6825
D,DISPATCH,UNIT_SCADA,1,"2019/08/21 21:45:00",KARSF1,0
D,DISPATCH,UNIT_SCADA,1,"2019/08/21 21:45:00",KIATAWF1,30.70
D,DISPATCH,UNIT_SCADA,1,"2019/08/21 21:45:00",KPP_1,0
D,DISPATCH,UNIT_SCADA,1,"2019/08/21 21:45:00",KSP1,0
D,DISPATCH,UNIT_SCADA,1,"2019/08/21 21:45:00",LADBROK1,0
D,DISPATCH,UNIT_SCADA,1,"2019/08/21 21:45:00",LADBROK2,0
D,DISPATCH,UNIT_SCADA,1,"2019/08/21 21:45:00",LD01,413.156250
D,DISPATCH,UNIT_SCADA,1,"2019/08/21 21:45:00",LD02,418.199980
D,DISPATCH,UNIT_SCADA,1,"2019/08/21 21:45:00",LD03,419.774960
D,DISPATCH,UNIT_SCADA,1,"2019/08/21 21:45:00",LD04,378.487520
D,DISPATCH,UNIT_SCADA,1,"2019/08/21 21:45:00",LEM_WIL,86.084950
D,DISPATCH,UNIT_SCADA,1,"2019/08/21 21:45:00",LGAPWF1,33.22
D,DISPATCH,UNIT_SCADA,1,"2019/08/21 21:45:00",LILYSF1,0
D,DISPATCH,UNIT_SCADA,1,"2019/08/21 21:45:00",LI_WY_CA,149.004380
D,DISPATCH,UNIT_SCADA,1,"2019/08/21 21:45:00",LKBONNY2,153.298770
D,DISPATCH,UNIT_SCADA,1,"2019/08/21 21:45:00",LKBONNY3,35.558620
D,DISPATCH,UNIT_SCADA,1,"2019/08/21 21:45:00",LK_ECHO,0
D,DISPATCH,UNIT_SCADA,1,"2019/08/21 21:45:00",LNGS1,0
D,DISPATCH,UNIT_SCADA,1,"2019/08/21 21:45:00",LNGS2,0
D,DISPATCH,UNIT_SCADA,1,"2019/08/21 21:45:00",LONSDALE,0
D,DISPATCH,UNIT_SCADA,1,"2019/08/21 21:45:00",LOYYB1,535.336730
D,DISPATCH,UNIT_SCADA,1,"2019/08/21 21:45:00",LOYYB2,581.578490
D,DISPATCH,UNIT_SCADA,1,"2019/08/21 21:45:00",LYA1,560
D,DISPATCH,UNIT_SCADA,1,"2019/08/21 21:45:00",LYA2,0
D,DISPATCH,UNIT_SCADA,1,"2019/08/21 21:45:00",LYA3,562
D,DISPATCH,UNIT_SCADA,1,"2019/08/21 21:45:00",LYA4,531
D,DISPATCH,UNIT_SCADA,1,"2019/08/21 21:45:00",MACARTH1,352.191860
D,DISPATCH,UNIT_SCADA,1,"2019/08/21 21:45:00",MACKAYGT,0
D,DISPATCH,UNIT_SCADA,1,"2019/08/21 21:45:00",MACKNTSH,85.19
D,DISPATCH,UNIT_SCADA,1,"2019/08/21 21:45:00",MANSLR1,0
D,DISPATCH,UNIT_SCADA,1,"2019/08/21 21:45:00",MCKAY1,0.02
D,DISPATCH,UNIT_SCADA,1,"2019/08/21 21:45:00",MEADOWBK,34.0102
D,DISPATCH,UNIT_SCADA,1,"2019/08/21 21:45:00",MERCER01,125.3080
D,DISPATCH,UNIT_SCADA,1,"2019/08/21 21:45:00",MEWF1,76.779530
D,DISPATCH,UNIT_SCADA,1,"2019/08/21 21:45:00",MINTARO,0
D,DISPATCH,UNIT_SCADA,1,"2019/08/21 21:45:00",MOREESF1,0
D,DISPATCH,UNIT_SCADA,1,"2019/08/21 21:45:00",MORTLK11,0
D,DISPATCH,UNIT_SCADA,1,"2019/08/21 21:45:00",MORTLK12,0
D,DISPATCH,UNIT_SCADA,1,"2019/08/21 21:45:00",MP1,280.900020
D,DISPATCH,UNIT_SCADA,1,"2019/08/21 21:45:00",MP2,0
D,DISPATCH,UNIT_SCADA,1,"2019/08/21 21:45:00",MPP_1,302
D,DISPATCH,UNIT_SCADA,1,"2019/08/21 21:45:00",MPP_2,425.25
D,DISPATCH,UNIT_SCADA,1,"2019/08/21 21:45:00",MSTUART1,0
D,DISPATCH,UNIT_SCADA,1,"2019/08/21 21:45:00",MSTUART2,0
D,DISPATCH,UNIT_SCADA,1,"2019/08/21 21:45:00",MSTUART3,0
D,DISPATCH,UNIT_SCADA,1,"2019/08/21 21:45:00",MTGELWF1,64.505450
D,DISPATCH,UNIT_SCADA,1,"2019/08/21 21:45:00",MURRAY,0
D,DISPATCH,UNIT_SCADA,1,"2019/08/21 21:45:00",MUSSELR1,157.20
D,DISPATCH,UNIT_SCADA,1,"2019/08/21 21:45:00",MUWAWF1,55.84
D,DISPATCH,UNIT_SCADA,1,"2019/08/21 21:45:00",NBHWF1,28.80
D,DISPATCH,UNIT_SCADA,1,"2019/08/21 21:45:00",NPS,100.50
D,DISPATCH,UNIT_SCADA,1,"2019/08/21 21:45:00",NUMURSF1,0
D,DISPATCH,UNIT_SCADA,1,"2019/08/21 21:45:00",NYNGAN1,0
D,DISPATCH,UNIT_SCADA,1,"2019/08/21 21:45:00",OAKEY1,0
D,DISPATCH,UNIT_SCADA,1,"2019/08/21 21:45:00",OAKEY1SF,0
D,DISPATCH,UNIT_SCADA,1,"2019/08/21 21:45:00",OAKEY2,0
D,DISPATCH,UNIT_SCADA,1,"2019/08/21 21:45:00",OAKLAND1,61.70
D,DISPATCH,UNIT_SCADA,1,"2019/08/21 21:45:00",OSB-AG,0
D,DISPATCH,UNIT_SCADA,1,"2019/08/21 21:45:00",PARSF1,0
D,DISPATCH,UNIT_SCADA,1,"2019/08/21 21:45:00",POAT110,0
D,DISPATCH,UNIT_SCADA,1,"2019/08/21 21:45:00",POAT220,1.55
D,DISPATCH,UNIT_SCADA,1,"2019/08/21 21:45:00",POR01,0
D,DISPATCH,UNIT_SCADA,1,"2019/08/21 21:45:00",POR03,0
D,DISPATCH,UNIT_SCADA,1,"2019/08/21 21:45:00",PPCCGT,354.079380
D,DISPATCH,UNIT_SCADA,1,"2019/08/21 21:45:00",PTSTAN1,0
D,DISPATCH,UNIT_SCADA,1,"2019/08/21 21:45:00",PUMP1,0
D,DISPATCH,UNIT_SCADA,1,"2019/08/21 21:45:00",PUMP2,0
D,DISPATCH,UNIT_SCADA,1,"2019/08/21 21:45:00",QPS1,0
D,DISPATCH,UNIT_SCADA,1,"2019/08/21 21:45:00",QPS2,0
D,DISPATCH,UNIT_SCADA,1,"2019/08/21 21:45:00",QPS3,0
D,DISPATCH,UNIT_SCADA,1,"2019/08/21 21:45:00",QPS4,0
D,DISPATCH,UNIT_SCADA,1,"2019/08/21 21:45:00",QPS5,0
D,DISPATCH,UNIT_SCADA,1,"2019/08/21 21:45:00",REECE1,119.170010
D,DISPATCH,UNIT_SCADA,1,"2019/08/21 21:45:00",REECE2,118.430010
D,DISPATCH,UNIT_SCADA,1,"2019/08/21 21:45:00",ROMA_7,0
D,DISPATCH,UNIT_SCADA,1,"2019/08/21 21:45:00",ROMA_8,0
D,DISPATCH,UNIT_SCADA,1,"2019/08/21 21:45:00",RRSF1,0
D,DISPATCH,UNIT_SCADA,1,"2019/08/21 21:45:00",RT_NSW1,0
D,DISPATCH,UNIT_SCADA,1,"2019/08/21 21:45:00",RT_NSW2,0
D,DISPATCH,UNIT_SCADA,1,"2019/08/21 21:45:00",RT_NSW3,0
D,DISPATCH,UNIT_SCADA,1,"2019/08/21 21:45:00",RT_NSW4,0
D,DISPATCH,UNIT_SCADA,1,"2019/08/21 21:45:00",RT_NSW5,0
D,DISPATCH,UNIT_SCADA,1,"2019/08/21 21:45:00",RT_NSW6,0
D,DISPATCH,UNIT_SCADA,1,"2019/08/21 21:45:00",RT_QLD1,0
D,DISPATCH,UNIT_SCADA,1,"2019/08/21 21:45:00",RT_SA1,0
D,DISPATCH,UNIT_SCADA,1,"2019/08/21 21:45:00",RT_SA2,0
D,DISPATCH,UNIT_SCADA,1,"2019/08/21 21:45:00",RT_SA3,0
D,DISPATCH,UNIT_SCADA,1,"2019/08/21 21:45:00",RT_SA4,0
D,DISPATCH,UNIT_SCADA,1,"2019/08/21 21:45:00",RT_SA5,0
D,DISPATCH,UNIT_SCADA,1,"2019/08/21 21:45:00",RT_SA6,0
D,DISPATCH,UNIT_SCADA,1,"2019/08/21 21:45:00",RT_TAS1,0
D,DISPATCH,UNIT_SCADA,1,"2019/08/21 21:45:00",RT_VIC1,0
D,DISPATCH,UNIT_SCADA,1,"2019/08/21 21:45:00",RT_VIC10,0
D,DISPATCH,UNIT_SCADA,1,"2019/08/21 21:45:00",RT_VIC11,0
D,DISPATCH,UNIT_SCADA,1,"2019/08/21 21:45:00",RT_VIC12,0
D,DISPATCH,UNIT_SCADA,1,"2019/08/21 21:45:00",RT_VIC2,0
D,DISPATCH,UNIT_SCADA,1,"2019/08/21 21:45:00",RT_VIC3,0
D,DISPATCH,UNIT_SCADA,1,"2019/08/21 21:45:00",RT_VIC4,0
D,DISPATCH,UNIT_SCADA,1,"2019/08/21 21:45:00",RT_VIC5,0
D,DISPATCH,UNIT_SCADA,1,"2019/08/21 21:45:00",RT_VIC6,0
D,DISPATCH,UNIT_SCADA,1,"2019/08/21 21:45:00",RT_VIC7,0
D,DISPATCH,UNIT_SCADA,1,"2019/08/21 21:45:00",RT_VIC8,0
D,DISPATCH,UNIT_SCADA,1,"2019/08/21 21:45:00",RT_VIC9,0
D,DISPATCH,UNIT_SCADA,1,"2019/08/21 21:45:00",RUGBYR1,0
D,DISPATCH,UNIT_SCADA,1,"2019/08/21 21:45:00",SALTCRK1,51.97
D,DISPATCH,UNIT_SCADA,1,"2019/08/21 21:45:00",SAPHWF1,250.846860
D,DISPATCH,UNIT_SCADA,1,"2019/08/21 21:45:00",SHGEN,0
D,DISPATCH,UNIT_SCADA,1,"2019/08/21 21:45:00",SHPUMP,0
D,DISPATCH,UNIT_SCADA,1,"2019/08/21 21:45:00",SITHE01,0.123710
D,DISPATCH,UNIT_SCADA,1,"2019/08/21 21:45:00",SMCSF1,0
D,DISPATCH,UNIT_SCADA,1,"2019/08/21 21:45:00",SNOWNTH1,132.20
D,DISPATCH,UNIT_SCADA,1,"2019/08/21 21:45:00",SNOWSTH1,92.20
D,DISPATCH,UNIT_SCADA,1,"2019/08/21 21:45:00",SNOWTWN1,79.635930
D,DISPATCH,UNIT_SCADA,1,"2019/08/21 21:45:00",SNOWYP,0
D,DISPATCH,UNIT_SCADA,1,"2019/08/21 21:45:00",SNUG1,0.019440
D,DISPATCH,UNIT_SCADA,1,"2019/08/21 21:45:00",SRSF1,0.44
D,DISPATCH,UNIT_SCADA,1,"2019/08/21 21:45:00",STAN-1,0
D,DISPATCH,UNIT_SCADA,1,"2019/08/21 21:45:00",STAN-2,283.863010
D,DISPATCH,UNIT_SCADA,1,"2019/08/21 21:45:00",STAN-3,281.184080
D,DISPATCH,UNIT_SCADA,1,"2019/08/21 21:45:00",STAN-4,279.735660
D,DISPATCH,UNIT_SCADA,1,"2019/08/21 21:45:00",STWF1,164.61
D,DISPATCH,UNIT_SCADA,1,"2019/08/21 21:45:00",SWAN_E,0
D,DISPATCH,UNIT_SCADA,1,"2019/08/21 21:45:00",TALWA1,316
D,DISPATCH,UNIT_SCADA,1,"2019/08/21 21:45:00",TARALGA1,98.302510
D,DISPATCH,UNIT_SCADA,1,"2019/08/21 21:45:00",TARONG#1,330.899990
D,DISPATCH,UNIT_SCADA,1,"2019/08/21 21:45:00",TARONG#2,329.100010
D,DISPATCH,UNIT_SCADA,1,"2019/08/21 21:45:00",TARONG#3,260.50
D,DISPATCH,UNIT_SCADA,1,"2019/08/21 21:45:00",TARONG#4,330.300020
D,DISPATCH,UNIT_SCADA,1,"2019/08/21 21:45:00",TARRALEA,83.90
D,DISPATCH,UNIT_SCADA,1,"2019/08/21 21:45:00",TBSF1,-0.20
D,DISPATCH,UNIT_SCADA,1,"2019/08/21 21:45:00",TNPS1,442.000030
D,DISPATCH,UNIT_SCADA,1,"2019/08/21 21:45:00",TORRA1,44.828130
D,DISPATCH,UNIT_SCADA,1,"2019/08/21 21:45:00",TORRA2,0
D,DISPATCH,UNIT_SCADA,1,"2019/08/21 21:45:00",TORRA3,0
D,DISPATCH,UNIT_SCADA,1,"2019/08/21 21:45:00",TORRA4,0
D,DISPATCH,UNIT_SCADA,1,"2019/08/21 21:45:00",TORRB1,67.39
D,DISPATCH,UNIT_SCADA,1,"2019/08/21 21:45:00",TORRB2,68.37
D,DISPATCH,UNIT_SCADA,1,"2019/08/21 21:45:00",TORRB3,0
D,DISPATCH,UNIT_SCADA,1,"2019/08/21 21:45:00",TORRB4,0
D,DISPATCH,UNIT_SCADA,1,"2019/08/21 21:45:00",TREVALLN,70.120030
D,DISPATCH,UNIT_SCADA,1,"2019/08/21 21:45:00",TRIBUTE,84.89
D,DISPATCH,UNIT_SCADA,1,"2019/08/21 21:45:00",TUMUT3,0
D,DISPATCH,UNIT_SCADA,1,"2019/08/21 21:45:00",TUNGATIN,128.650020
D,DISPATCH,UNIT_SCADA,1,"2019/08/21 21:45:00",TVCC201,0
D,DISPATCH,UNIT_SCADA,1,"2019/08/21 21:45:00",TVPP104,0
D,DISPATCH,UNIT_SCADA,1,"2019/08/21 21:45:00",UPPTUMUT,0
D,DISPATCH,UNIT_SCADA,1,"2019/08/21 21:45:00",URANQ11,0
D,DISPATCH,UNIT_SCADA,1,"2019/08/21 21:45:00",URANQ12,0
D,DISPATCH,UNIT_SCADA,1,"2019/08/21 21:45:00",URANQ13,0
D,DISPATCH,UNIT_SCADA,1,"2019/08/21 21:45:00",URANQ14,0
D,DISPATCH,UNIT_SCADA,1,"2019/08/21 21:45:00",VP5,504.6250
D,DISPATCH,UNIT_SCADA,1,"2019/08/21 21:45:00",VP6,494.325010
D,DISPATCH,UNIT_SCADA,1,"2019/08/21 21:45:00",VPGS1,0
D,DISPATCH,UNIT_SCADA,1,"2019/08/21 21:45:00",VPGS2,0
D,DISPATCH,UNIT_SCADA,1,"2019/08/21 21:45:00",VPGS3,0
D,DISPATCH,UNIT_SCADA,1,"2019/08/21 21:45:00",VPGS4,0
D,DISPATCH,UNIT_SCADA,1,"2019/08/21 21:45:00",VPGS5,0
D,DISPATCH,UNIT_SCADA,1,"2019/08/21 21:45:00",VPGS6,0
D,DISPATCH,UNIT_SCADA,1,"2019/08/21 21:45:00",W/HOE#1,0
D,DISPATCH,UNIT_SCADA,1,"2019/08/21 21:45:00",W/HOE#2,0
D,DISPATCH,UNIT_SCADA,1,"2019/08/21 21:45:00",WATERLWF,85.30
D,DISPATCH,UNIT_SCADA,1,"2019/08/21 21:45:00",WEMENSF1,0
D,DISPATCH,UNIT_SCADA,1,"2019/08/21 21:45:00",WGWF1,31.10
D,DISPATCH,UNIT_SCADA,1,"2019/08/21 21:45:00",WHITSF1,0
D,DISPATCH,UNIT_SCADA,1,"2019/08/21 21:45:00",WKIEWA1,29.10
D,DISPATCH,UNIT_SCADA,1,"2019/08/21 21:45:00",WKIEWA2,29
D,DISPATCH,UNIT_SCADA,1,"2019/08/21 21:45:00",WOODLWN1,45.0630
D,DISPATCH,UNIT_SCADA,1,"2019/08/21 21:45:00",WRSF1,0
D,DISPATCH,UNIT_SCADA,1,"2019/08/21 21:45:00",WRWF1,157.671230
D,DISPATCH,UNIT_SCADA,1,"2019/08/21 21:45:00",YABULU,0
D,DISPATCH,UNIT_SCADA,1,"2019/08/21 21:45:00",YABULU2,0
D,DISPATCH,UNIT_SCADA,1,"2019/08/21 21:45:00",YARWUN_1,0
D,DISPATCH,UNIT_SCADA,1,"2019/08/21 21:45:00",YENDWF1,41.73
D,DISPATCH,UNIT_SCADA,1,"2019/08/21 21:45:00",YWPS1,376.691130
D,DISPATCH,UNIT_SCADA,1,"2019/08/21 21:45:00",YWPS2,283.455690
D,DISPATCH,UNIT_SCADA,1,"2019/08/21 21:45:00",YWPS3,0
D,DISPATCH,UNIT_SCADA,1,"2019/08/21 21:45:00",YWPS4,395.802520
C,"END OF REPORT",334
