C,NEMP.WORLD,DISPATCHSCADA,AEMO,PUBLIC,2019/09/05,10:55:10,0000000312419023,DISPATCHSCADA,0000000312419017
I,DISPATCH,UNIT_SCADA,1,SETTLEMENTDATE,DUID,SCADAVALUE
D,DISPATCH,UNIT_SCADA,1,"2019/09/05 11:00:00",BARCSF1,5.60
D,DISPATCH,UNIT_SCADA,1,"2019/09/05 11:00:00",BUTLERSG,10.199999
D,DISPATCH,UNIT_SCADA,1,"2019/09/05 11:00:00",CALL_A_4,0
D,DISPATCH,UNIT_SCADA,1,"2019/09/05 11:00:00",CAPTL_WF,0
D,DISPATCH,UNIT_SCADA,1,"2019/09/05 11:00:00",CATHROCK,36.689999
D,DISPATCH,UNIT_SCADA,1,"2019/09/05 11:00:00",CHALLHWF,2.20
D,DISPATCH,UNIT_SCADA,1,"2019/09/05 11:00:00",CLOVER,-0.01
D,DISPATCH,UNIT_SCADA,1,"2019/09/05 11:00:00",CLUNY,8.120394
D,DISPATCH,UNIT_SCADA,1,"2019/09/05 11:00:00",CNUNDAWF,27.131649
D,DISPATCH,UNIT_SCADA,1,"2019/09/05 11:00:00",CULLRGWF,0.76
D,DISPATCH,UNIT_SCADA,1,"2019/09/05 11:00:00",ERGT01,0
D,DISPATCH,UNIT_SCADA,1,"2019/09/05 11:00:00",GB01,0.014149
D,DISPATCH,UNIT_SCADA,1,"2019/09/05 11:00:00",GERMCRK,33.900002
D,DISPATCH,UNIT_SCADA,1,"2019/09/05 11:00:00",GRIFSF1,24.896873
D,DISPATCH,UNIT_SCADA,1,"2019/09/05 11:00:00",HUGSF1,8.9410
D,DISPATCH,UNIT_SCADA,1,"2019/09/05 11:00:00",LKBONNY1,39.564049
D,DISPATCH,UNIT_SCADA,1,"2019/09/05 11:00:00",LRSF1,13.2390
D,DISPATCH,UNIT_SCADA,1,"2019/09/05 11:00:00",MBAHNTH,39.431244
D,DISPATCH,UNIT_SCADA,1,"2019/09/05 11:00:00",MLSP1,7.020001
D,DISPATCH,UNIT_SCADA,1,"2019/09/05 11:00:00",MLWF1,2.5350
D,DISPATCH,UNIT_SCADA,1,"2019/09/05 11:00:00",MTMILLAR,18.037739
D,DISPATCH,UNIT_SCADA,1,"2019/09/05 11:00:00",PALOONA,24.75
D,DISPATCH,UNIT_SCADA,1,"2019/09/05 11:00:00",PIONEER,23.50
D,DISPATCH,UNIT_SCADA,1,"2019/09/05 11:00:00",PORTWF,19.50
D,DISPATCH,UNIT_SCADA,1,"2019/09/05 11:00:00",REPULSE,12.108950
D,DISPATCH,UNIT_SCADA,1,"2019/09/05 11:00:00",ROWALLAN,10.2879
D,DISPATCH,UNIT_SCADA,1,"2019/09/05 11:00:00",ROYALLA1,9.121001
D,DISPATCH,UNIT_SCADA,1,"2019/09/05 11:00:00",RPCG,9.70
D,DISPATCH,UNIT_SCADA,1,"2019/09/05 11:00:00",RUBICON,0
D,DISPATCH,UNIT_SCADA,1,"2019/09/05 11:00:00",SATGN1,0
D,DISPATCH,UNIT_SCADA,1,"2019/09/05 11:00:00",SATGS1,0
D,DISPATCH,UNIT_SCADA,1,"2019/09/05 11:00:00",STARHLWF,4.198776
D,DISPATCH,UNIT_SCADA,1,"2019/09/05 11:00:00",WAUBRAWF,46.810001
D,DISPATCH,UNIT_SCADA,1,"2019/09/05 11:00:00",WOOLNTH1,-0.619985
D,DISPATCH,UNIT_SCADA,1,"2019/09/05 11:00:00",WPWF,59
D,DISPATCH,UNIT_SCADA,1,"2019/09/05 11:00:00",YAMBUKWF,1.30
D,DISPATCH,UNIT_SCADA,1,"2019/09/05 11:00:00",YSWF1,0
D,DISPATCH,UNIT_SCADA,1,"2019/09/05 11:00:00",AGLHAL,0
D,DISPATCH,UNIT_SCADA,1,"2019/09/05 11:00:00",AGLSOM,0
D,DISPATCH,UNIT_SCADA,1,"2019/09/05 11:00:00",ANGAST1,0
D,DISPATCH,UNIT_SCADA,1,"2019/09/05 11:00:00",ARWF1,19.40
D,DISPATCH,UNIT_SCADA,1,"2019/09/05 11:00:00",BALBG1,0
D,DISPATCH,UNIT_SCADA,1,"2019/09/05 11:00:00",BALBL1,14.58
D,DISPATCH,UNIT_SCADA,1,"2019/09/05 11:00:00",BALDHWF1,2.7440
D,DISPATCH,UNIT_SCADA,1,"2019/09/05 11:00:00",BANN1,59.98
D,DISPATCH,UNIT_SCADA,1,"2019/09/05 11:00:00",BARCALDN,0
D,DISPATCH,UNIT_SCADA,1,"2019/09/05 11:00:00",BARRON-1,0
D,DISPATCH,UNIT_SCADA,1,"2019/09/05 11:00:00",BARRON-2,0
D,DISPATCH,UNIT_SCADA,1,"2019/09/05 11:00:00",BASTYAN,80.560010
D,DISPATCH,UNIT_SCADA,1,"2019/09/05 11:00:00",BBTHREE1,0
D,DISPATCH,UNIT_SCADA,1,"2019/09/05 11:00:00",BBTHREE2,0
D,DISPATCH,UNIT_SCADA,1,"2019/09/05 11:00:00",BBTHREE3,0
D,DISPATCH,UNIT_SCADA,1,"2019/09/05 11:00:00",BDL01,-0.06
D,DISPATCH,UNIT_SCADA,1,"2019/09/05 11:00:00",BDL02,0
D,DISPATCH,UNIT_SCADA,1,"2019/09/05 11:00:00",BERYLSF1,68.080220
D,DISPATCH,UNIT_SCADA,1,"2019/09/05 11:00:00",BLOWERNG,11.20
D,DISPATCH,UNIT_SCADA,1,"2019/09/05 11:00:00",BLUFF1,30.30
D,DISPATCH,UNIT_SCADA,1,"2019/09/05 11:00:00",BNGSF1,101.3880
D,DISPATCH,UNIT_SCADA,1,"2019/09/05 11:00:00",BNGSF2,20.02
D,DISPATCH,UNIT_SCADA,1,"2019/09/05 11:00:00",BOCORWF1,2.94
D,DISPATCH,UNIT_SCADA,1,"2019/09/05 11:00:00",BODWF1,0.456560
D,DISPATCH,UNIT_SCADA,1,"2019/09/05 11:00:00",BRAEMAR1,0
D,DISPATCH,UNIT_SCADA,1,"2019/09/05 11:00:00",BRAEMAR2,0
D,DISPATCH,UNIT_SCADA,1,"2019/09/05 11:00:00",BRAEMAR3,0
D,DISPATCH,UNIT_SCADA,1,"2019/09/05 11:00:00",BRAEMAR5,0
D,DISPATCH,UNIT_SCADA,1,"2019/09/05 11:00:00",BRAEMAR6,0
D,DISPATCH,UNIT_SCADA,1,"2019/09/05 11:00:00",BRAEMAR7,0
D,DISPATCH,UNIT_SCADA,1,"2019/09/05 11:00:00",BROKENH1,52.529540
D,DISPATCH,UNIT_SCADA,1,"2019/09/05 11:00:00",BW01,562.75
D,DISPATCH,UNIT_SCADA,1,"2019/09/05 11:00:00",BW02,650.924930
D,DISPATCH,UNIT_SCADA,1,"2019/09/05 11:00:00",BW03,656.400020
D,DISPATCH,UNIT_SCADA,1,"2019/09/05 11:00:00",BW04,0
D,DISPATCH,UNIT_SCADA,1,"2019/09/05 11:00:00",CALL_B_1,302.300020
D,DISPATCH,UNIT_SCADA,1,"2019/09/05 11:00:00",CALL_B_2,222.80
D,DISPATCH,UNIT_SCADA,1,"2019/09/05 11:00:00",CETHANA,79.683130
D,DISPATCH,UNIT_SCADA,1,"2019/09/05 11:00:00",CG1,0
D,DISPATCH,UNIT_SCADA,1,"2019/09/05 11:00:00",CG2,0
D,DISPATCH,UNIT_SCADA,1,"2019/09/05 11:00:00",CG3,0
D,DISPATCH,UNIT_SCADA,1,"2019/09/05 11:00:00",CG4,0
D,DISPATCH,UNIT_SCADA,1,"2019/09/05 11:00:00",CHILDSF1,53.90
D,DISPATCH,UNIT_SCADA,1,"2019/09/05 11:00:00",CLARESF1,2.092160
D,DISPATCH,UNIT_SCADA,1,"2019/09/05 11:00:00",CLEMGPWF,30.614880
D,DISPATCH,UNIT_SCADA,1,"2019/09/05 11:00:00",CLERMSF1,0.30
D,DISPATCH,UNIT_SCADA,1,"2019/09/05 11:00:00",COLEASF1,67.399990
D,DISPATCH,UNIT_SCADA,1,"2019/09/05 11:00:00",COOPGWF1,4.234260
D,DISPATCH,UNIT_SCADA,1,"2019/09/05 11:00:00",CPP_3,248.325010
D,DISPATCH,UNIT_SCADA,1,"2019/09/05 11:00:00",CPP_4,180.6750
D,DISPATCH,UNIT_SCADA,1,"2019/09/05 11:00:00",CPSA,75.201870
D,DISPATCH,UNIT_SCADA,1,"2019/09/05 11:00:00",CROOKWF2,10.1650
D,DISPATCH,UNIT_SCADA,1,"2019/09/05 11:00:00",CROWLWF1,2.872450
D,DISPATCH,UNIT_SCADA,1,"2019/09/05 11:00:00",CSPVPS1,0.5590
D,DISPATCH,UNIT_SCADA,1,"2019/09/05 11:00:00",DALNTH01,0
D,DISPATCH,UNIT_SCADA,1,"2019/09/05 11:00:00",DALNTHL1,0.083920
D,DISPATCH,UNIT_SCADA,1,"2019/09/05 11:00:00",DARTM1,0
D,DISPATCH,UNIT_SCADA,1,"2019/09/05 11:00:00",DAYDSF1,0
D,DISPATCH,UNIT_SCADA,1,"2019/09/05 11:00:00",DDPS1,0
D,DISPATCH,UNIT_SCADA,1,"2019/09/05 11:00:00",DDSF1,0
D,DISPATCH,UNIT_SCADA,1,"2019/09/05 11:00:00",DEVILS_G,55.890380
D,DISPATCH,UNIT_SCADA,1,"2019/09/05 11:00:00",DG_NSW1,0
D,DISPATCH,UNIT_SCADA,1,"2019/09/05 11:00:00",DG_QLD1,0
D,DISPATCH,UNIT_SCADA,1,"2019/09/05 11:00:00",DG_SA1,0
D,DISPATCH,UNIT_SCADA,1,"2019/09/05 11:00:00",DG_TAS1,0
D,DISPATCH,UNIT_SCADA,1,"2019/09/05 11:00:00",DG_VIC1,0
D,DISPATCH,UNIT_SCADA,1,"2019/09/05 11:00:00",DRYCGT1,0
D,DISPATCH,UNIT_SCADA,1,"2019/09/05 11:00:00",DRYCGT2,0
D,DISPATCH,UNIT_SCADA,1,"2019/09/05 11:00:00",DRYCGT3,0
D,DISPATCH,UNIT_SCADA,1,"2019/09/05 11:00:00",EILDON1,0
D,DISPATCH,UNIT_SCADA,1,"2019/09/05 11:00:00",EILDON2,0
D,DISPATCH,UNIT_SCADA,1,"2019/09/05 11:00:00",EMERASF1,0.12
D,DISPATCH,UNIT_SCADA,1,"2019/09/05 11:00:00",ER01,560.425050
D,DISPATCH,UNIT_SCADA,1,"2019/09/05 11:00:00",ER02,355.949950
D,DISPATCH,UNIT_SCADA,1,"2019/09/05 11:00:00",ER03,0
D,DISPATCH,UNIT_SCADA,1,"2019/09/05 11:00:00",ER04,666.224980
D,DISPATCH,UNIT_SCADA,1,"2019/09/05 11:00:00",FINLYSF1,10.306240
D,DISPATCH,UNIT_SCADA,1,"2019/09/05 11:00:00",FISHER,45.83
D,DISPATCH,UNIT_SCADA,1,"2019/09/05 11:00:00",GANNBG1,0
D,DISPATCH,UNIT_SCADA,1,"2019/09/05 11:00:00",GANNBL1,2.790570
D,DISPATCH,UNIT_SCADA,1,"2019/09/05 11:00:00",GANNSF1,13.40
D,DISPATCH,UNIT_SCADA,1,"2019/09/05 11:00:00",GORDON,45.0492
D,DISPATCH,UNIT_SCADA,1,"2019/09/05 11:00:00",GSTONE1,149.974990
D,DISPATCH,UNIT_SCADA,1,"2019/09/05 11:00:00",GSTONE2,110.0750
D,DISPATCH,UNIT_SCADA,1,"2019/09/05 11:00:00",GSTONE3,0
D,DISPATCH,UNIT_SCADA,1,"2019/09/05 11:00:00",GSTONE4,150.3250
D,DISPATCH,UNIT_SCADA,1,"2019/09/05 11:00:00",GSTONE5,149.45
D,DISPATCH,UNIT_SCADA,1,"2019/09/05 11:00:00",GSTONE6,149.45
D,DISPATCH,UNIT_SCADA,1,"2019/09/05 11:00:00",GULLRSF1,9.891540
D,DISPATCH,UNIT_SCADA,1,"2019/09/05 11:00:00",GULLRWF1,15.093320
D,DISPATCH,UNIT_SCADA,1,"2019/09/05 11:00:00",GUNNING1,2.310120
D,DISPATCH,UNIT_SCADA,1,"2019/09/05 11:00:00",GUTHEGA,0
D,DISPATCH,UNIT_SCADA,1,"2019/09/05 11:00:00",HALLWF1,59
D,DISPATCH,UNIT_SCADA,1,"2019/09/05 11:00:00",HALLWF2,31.51
D,DISPATCH,UNIT_SCADA,1,"2019/09/05 11:00:00",HAMISF1,46.10
D,DISPATCH,UNIT_SCADA,1,"2019/09/05 11:00:00",HAUGHT11,97.4848
D,DISPATCH,UNIT_SCADA,1,"2019/09/05 11:00:00",HAYMSF1,0
D,DISPATCH,UNIT_SCADA,1,"2019/09/05 11:00:00",HDWF1,40.40
D,DISPATCH,UNIT_SCADA,1,"2019/09/05 11:00:00",HDWF2,38.10
D,DISPATCH,UNIT_SCADA,1,"2019/09/05 11:00:00",HDWF3,48.70
D,DISPATCH,UNIT_SCADA,1,"2019/09/05 11:00:00",HPRG1,0
D,DISPATCH,UNIT_SCADA,1,"2019/09/05 11:00:00",HPRL1,16
D,DISPATCH,UNIT_SCADA,1,"2019/09/05 11:00:00",HUMENSW,0
D,DISPATCH,UNIT_SCADA,1,"2019/09/05 11:00:00",HUMEV,25.40
D,DISPATCH,UNIT_SCADA,1,"2019/09/05 11:00:00",HVGTS,0
D,DISPATCH,UNIT_SCADA,1,"2019/09/05 11:00:00",JBUTTERS,112.42
D,DISPATCH,UNIT_SCADA,1,"2019/09/05 11:00:00",JLA01,0.10
D,DISPATCH,UNIT_SCADA,1,"2019/09/05 11:00:00",JLA02,0
D,DISPATCH,UNIT_SCADA,1,"2019/09/05 11:00:00",JLA03,0
D,DISPATCH,UNIT_SCADA,1,"2019/09/05 11:00:00",JLA04,0
D,DISPATCH,UNIT_SCADA,1,"2019/09/05 11:00:00",JLB01,0
D,DISPATCH,UNIT_SCADA,1,"2019/09/05 11:00:00",JLB02,70
D,DISPATCH,UNIT_SCADA,1,"2019/09/05 11:00:00",JLB03,0
D,DISPATCH,UNIT_SCADA,1,"2019/09/05 11:00:00",KAREEYA1,21.5275
D,DISPATCH,UNIT_SCADA,1,"2019/09/05 11:00:00",KAREEYA2,21.6850
D,DISPATCH,UNIT_SCADA,1,"2019/09/05 11:00:00",KAREEYA3,0
D,DISPATCH,UNIT_SCADA,1,"2019/09/05 11:00:00",KAREEYA4,21.5375
D,DISPATCH,UNIT_SCADA,1,"2019/09/05 11:00:00",KARSF1,79.80
D,DISPATCH,UNIT_SCADA,1,"2019/09/05 11:00:00",KIATAWF1,3.70
D,DISPATCH,UNIT_SCADA,1,"2019/09/05 11:00:00",KPP_1,0
D,DISPATCH,UNIT_SCADA,1,"2019/09/05 11:00:00",KSP1,0
D,DISPATCH,UNIT_SCADA,1,"2019/09/05 11:00:00",LADBROK1,0
D,DISPATCH,UNIT_SCADA,1,"2019/09/05 11:00:00",LADBROK2,0
D,DISPATCH,UNIT_SCADA,1,"2019/09/05 11:00:00",LD01,386.418730
D,DISPATCH,UNIT_SCADA,1,"2019/09/05 11:00:00",LD02,383.006160
D,DISPATCH,UNIT_SCADA,1,"2019/09/05 11:00:00",LD03,381.787540
D,DISPATCH,UNIT_SCADA,1,"2019/09/05 11:00:00",LD04,384.450070
D,DISPATCH,UNIT_SCADA,1,"2019/09/05 11:00:00",LEM_WIL,82.022540
D,DISPATCH,UNIT_SCADA,1,"2019/09/05 11:00:00",LGAPWF1,14.28
D,DISPATCH,UNIT_SCADA,1,"2019/09/05 11:00:00",LILYSF1,88.080380
D,DISPATCH,UNIT_SCADA,1,"2019/09/05 11:00:00",LI_WY_CA,115.838560
D,DISPATCH,UNIT_SCADA,1,"2019/09/05 11:00:00",LKBONNY2,36.789110
D,DISPATCH,UNIT_SCADA,1,"2019/09/05 11:00:00",LKBONNY3,15.016120
D,DISPATCH,UNIT_SCADA,1,"2019/09/05 11:00:00",LK_ECHO,0
D,DISPATCH,UNIT_SCADA,1,"2019/09/05 11:00:00",LNGS1,0
D,DISPATCH,UNIT_SCADA,1,"2019/09/05 11:00:00",LNGS2,0
D,DISPATCH,UNIT_SCADA,1,"2019/09/05 11:00:00",LONSDALE,0
D,DISPATCH,UNIT_SCADA,1,"2019/09/05 11:00:00",LOYYB1,536.088620
D,DISPATCH,UNIT_SCADA,1,"2019/09/05 11:00:00",LOYYB2,582.330380
D,DISPATCH,UNIT_SCADA,1,"2019/09/05 11:00:00",LYA1,0
D,DISPATCH,UNIT_SCADA,1,"2019/09/05 11:00:00",LYA2,0
D,DISPATCH,UNIT_SCADA,1,"2019/09/05 11:00:00",LYA3,559
D,DISPATCH,UNIT_SCADA,1,"2019/09/05 11:00:00",LYA4,539
D,DISPATCH,UNIT_SCADA,1,"2019/09/05 11:00:00",MACARTH1,22.199490
D,DISPATCH,UNIT_SCADA,1,"2019/09/05 11:00:00",MACKAYGT,0.2240
D,DISPATCH,UNIT_SCADA,1,"2019/09/05 11:00:00",MACKNTSH,88.09
D,DISPATCH,UNIT_SCADA,1,"2019/09/05 11:00:00",MANSLR1,36.4550
D,DISPATCH,UNIT_SCADA,1,"2019/09/05 11:00:00",MCKAY1,-0.0350
D,DISPATCH,UNIT_SCADA,1,"2019/09/05 11:00:00",MEADOWBK,11.975020
D,DISPATCH,UNIT_SCADA,1,"2019/09/05 11:00:00",MERCER01,5.6580
D,DISPATCH,UNIT_SCADA,1,"2019/09/05 11:00:00",MEWF1,55.320580
D,DISPATCH,UNIT_SCADA,1,"2019/09/05 11:00:00",MINTARO,0
D,DISPATCH,UNIT_SCADA,1,"2019/09/05 11:00:00",MOREESF1,49.4020
D,DISPATCH,UNIT_SCADA,1,"2019/09/05 11:00:00",MORTLK11,259
D,DISPATCH,UNIT_SCADA,1,"2019/09/05 11:00:00",MORTLK12,0
D,DISPATCH,UNIT_SCADA,1,"2019/09/05 11:00:00",MP1,223.450010
D,DISPATCH,UNIT_SCADA,1,"2019/09/05 11:00:00",MP2,0
D,DISPATCH,UNIT_SCADA,1,"2019/09/05 11:00:00",MPP_1,269
D,DISPATCH,UNIT_SCADA,1,"2019/09/05 11:00:00",MPP_2,298.75
D,DISPATCH,UNIT_SCADA,1,"2019/09/05 11:00:00",MSTUART1,0
D,DISPATCH,UNIT_SCADA,1,"2019/09/05 11:00:00",MSTUART2,0
D,DISPATCH,UNIT_SCADA,1,"2019/09/05 11:00:00",MSTUART3,0
D,DISPATCH,UNIT_SCADA,1,"2019/09/05 11:00:00",MTGELWF1,0.440990
D,DISPATCH,UNIT_SCADA,1,"2019/09/05 11:00:00",MURRAY,0
D,DISPATCH,UNIT_SCADA,1,"2019/09/05 11:00:00",MUSSELR1,-0.30
D,DISPATCH,UNIT_SCADA,1,"2019/09/05 11:00:00",MUWAWF1,13.60
D,DISPATCH,UNIT_SCADA,1,"2019/09/05 11:00:00",NBHWF1,54.20
D,DISPATCH,UNIT_SCADA,1,"2019/09/05 11:00:00",NPS,0
D,DISPATCH,UNIT_SCADA,1,"2019/09/05 11:00:00",NUMURSF1,10.73
D,DISPATCH,UNIT_SCADA,1,"2019/09/05 11:00:00",NYNGAN1,99.75
D,DISPATCH,UNIT_SCADA,1,"2019/09/05 11:00:00",OAKEY1,0
D,DISPATCH,UNIT_SCADA,1,"2019/09/05 11:00:00",OAKEY1SF,0.6210
D,DISPATCH,UNIT_SCADA,1,"2019/09/05 11:00:00",OAKEY2,0
D,DISPATCH,UNIT_SCADA,1,"2019/09/05 11:00:00",OAKEY2SF,0
D,DISPATCH,UNIT_SCADA,1,"2019/09/05 11:00:00",OAKLAND1,11.70
D,DISPATCH,UNIT_SCADA,1,"2019/09/05 11:00:00",OSB-AG,141.14
D,DISPATCH,UNIT_SCADA,1,"2019/09/05 11:00:00",PARSF1,44.50
D,DISPATCH,UNIT_SCADA,1,"2019/09/05 11:00:00",POAT110,0
D,DISPATCH,UNIT_SCADA,1,"2019/09/05 11:00:00",POAT220,31.14
D,DISPATCH,UNIT_SCADA,1,"2019/09/05 11:00:00",POR01,0
D,DISPATCH,UNIT_SCADA,1,"2019/09/05 11:00:00",POR03,0
D,DISPATCH,UNIT_SCADA,1,"2019/09/05 11:00:00",PPCCGT,349.381620
D,DISPATCH,UNIT_SCADA,1,"2019/09/05 11:00:00",PTSTAN1,0
D,DISPATCH,UNIT_SCADA,1,"2019/09/05 11:00:00",PUMP1,0
D,DISPATCH,UNIT_SCADA,1,"2019/09/05 11:00:00",PUMP2,0
D,DISPATCH,UNIT_SCADA,1,"2019/09/05 11:00:00",QPS1,0
D,DISPATCH,UNIT_SCADA,1,"2019/09/05 11:00:00",QPS2,0
D,DISPATCH,UNIT_SCADA,1,"2019/09/05 11:00:00",QPS3,0
D,DISPATCH,UNIT_SCADA,1,"2019/09/05 11:00:00",QPS4,0
D,DISPATCH,UNIT_SCADA,1,"2019/09/05 11:00:00",QPS5,0
D,DISPATCH,UNIT_SCADA,1,"2019/09/05 11:00:00",REECE1,102.610010
D,DISPATCH,UNIT_SCADA,1,"2019/09/05 11:00:00",REECE2,100.790010
D,DISPATCH,UNIT_SCADA,1,"2019/09/05 11:00:00",ROMA_7,0
D,DISPATCH,UNIT_SCADA,1,"2019/09/05 11:00:00",ROMA_8,0
D,DISPATCH,UNIT_SCADA,1,"2019/09/05 11:00:00",RRSF1,0
D,DISPATCH,UNIT_SCADA,1,"2019/09/05 11:00:00",RT_NSW1,0
D,DISPATCH,UNIT_SCADA,1,"2019/09/05 11:00:00",RT_NSW2,0
D,DISPATCH,UNIT_SCADA,1,"2019/09/05 11:00:00",RT_NSW3,0
D,DISPATCH,UNIT_SCADA,1,"2019/09/05 11:00:00",RT_NSW4,0
D,DISPATCH,UNIT_SCADA,1,"2019/09/05 11:00:00",RT_NSW5,0
D,DISPATCH,UNIT_SCADA,1,"2019/09/05 11:00:00",RT_NSW6,0
D,DISPATCH,UNIT_SCADA,1,"2019/09/05 11:00:00",RT_QLD1,0
D,DISPATCH,UNIT_SCADA,1,"2019/09/05 11:00:00",RT_SA1,0
D,DISPATCH,UNIT_SCADA,1,"2019/09/05 11:00:00",RT_SA2,0
D,DISPATCH,UNIT_SCADA,1,"2019/09/05 11:00:00",RT_SA3,0
D,DISPATCH,UNIT_SCADA,1,"2019/09/05 11:00:00",RT_SA4,0
D,DISPATCH,UNIT_SCADA,1,"2019/09/05 11:00:00",RT_SA5,0
D,DISPATCH,UNIT_SCADA,1,"2019/09/05 11:00:00",RT_SA6,0
D,DISPATCH,UNIT_SCADA,1,"2019/09/05 11:00:00",RT_TAS1,0
D,DISPATCH,UNIT_SCADA,1,"2019/09/05 11:00:00",RT_VIC1,0
D,DISPATCH,UNIT_SCADA,1,"2019/09/05 11:00:00",RT_VIC10,0
D,DISPATCH,UNIT_SCADA,1,"2019/09/05 11:00:00",RT_VIC11,0
D,DISPATCH,UNIT_SCADA,1,"2019/09/05 11:00:00",RT_VIC12,0
D,DISPATCH,UNIT_SCADA,1,"2019/09/05 11:00:00",RT_VIC2,0
D,DISPATCH,UNIT_SCADA,1,"2019/09/05 11:00:00",RT_VIC3,0
D,DISPATCH,UNIT_SCADA,1,"2019/09/05 11:00:00",RT_VIC4,0
D,DISPATCH,UNIT_SCADA,1,"2019/09/05 11:00:00",RT_VIC5,0
D,DISPATCH,UNIT_SCADA,1,"2019/09/05 11:00:00",RT_VIC6,0
D,DISPATCH,UNIT_SCADA,1,"2019/09/05 11:00:00",RT_VIC7,0
D,DISPATCH,UNIT_SCADA,1,"2019/09/05 11:00:00",RT_VIC8,0
D,DISPATCH,UNIT_SCADA,1,"2019/09/05 11:00:00",RT_VIC9,0
D,DISPATCH,UNIT_SCADA,1,"2019/09/05 11:00:00",RUGBYR1,0.149430
D,DISPATCH,UNIT_SCADA,1,"2019/09/05 11:00:00",SALTCRK1,7.32
D,DISPATCH,UNIT_SCADA,1,"2019/09/05 11:00:00",SAPHWF1,59.709380
D,DISPATCH,UNIT_SCADA,1,"2019/09/05 11:00:00",SHGEN,0
D,DISPATCH,UNIT_SCADA,1,"2019/09/05 11:00:00",SHPUMP,0
D,DISPATCH,UNIT_SCADA,1,"2019/09/05 11:00:00",SITHE01,0.2041
D,DISPATCH,UNIT_SCADA,1,"2019/09/05 11:00:00",SMCSF1,0
D,DISPATCH,UNIT_SCADA,1,"2019/09/05 11:00:00",SNOWNTH1,83.30
D,DISPATCH,UNIT_SCADA,1,"2019/09/05 11:00:00",SNOWSTH1,104.90
D,DISPATCH,UNIT_SCADA,1,"2019/09/05 11:00:00",SNOWTWN1,55.518090
D,DISPATCH,UNIT_SCADA,1,"2019/09/05 11:00:00",SNOWYP,0
D,DISPATCH,UNIT_SCADA,1,"2019/09/05 11:00:00",SNUG1,0.019440
D,DISPATCH,UNIT_SCADA,1,"2019/09/05 11:00:00",SRSF1,34.37
D,DISPATCH,UNIT_SCADA,1,"2019/09/05 11:00:00",STAN-1,360.321170
D,DISPATCH,UNIT_SCADA,1,"2019/09/05 11:00:00",STAN-2,223.016910
D,DISPATCH,UNIT_SCADA,1,"2019/09/05 11:00:00",STAN-3,223.555250
D,DISPATCH,UNIT_SCADA,1,"2019/09/05 11:00:00",STAN-4,218.966480
D,DISPATCH,UNIT_SCADA,1,"2019/09/05 11:00:00",STWF1,0
D,DISPATCH,UNIT_SCADA,1,"2019/09/05 11:00:00",SWAN_E,0
D,DISPATCH,UNIT_SCADA,1,"2019/09/05 11:00:00",TALWA1,322
D,DISPATCH,UNIT_SCADA,1,"2019/09/05 11:00:00",TARALGA1,13.511250
D,DISPATCH,UNIT_SCADA,1,"2019/09/05 11:00:00",TARONG#1,349.899990
D,DISPATCH,UNIT_SCADA,1,"2019/09/05 11:00:00",TARONG#2,0
D,DISPATCH,UNIT_SCADA,1,"2019/09/05 11:00:00",TARONG#3,279.700010
D,DISPATCH,UNIT_SCADA,1,"2019/09/05 11:00:00",TARONG#4,350.100010
D,DISPATCH,UNIT_SCADA,1,"2019/09/05 11:00:00",TARRALEA,71.10
D,DISPATCH,UNIT_SCADA,1,"2019/09/05 11:00:00",TBSF1,40.90
D,DISPATCH,UNIT_SCADA,1,"2019/09/05 11:00:00",TNPS1,379.600010
D,DISPATCH,UNIT_SCADA,1,"2019/09/05 11:00:00",TORRA1,40.065140
D,DISPATCH,UNIT_SCADA,1,"2019/09/05 11:00:00",TORRA2,0
D,DISPATCH,UNIT_SCADA,1,"2019/09/05 11:00:00",TORRA3,0
D,DISPATCH,UNIT_SCADA,1,"2019/09/05 11:00:00",TORRA4,41.321610
D,DISPATCH,UNIT_SCADA,1,"2019/09/05 11:00:00",TORRB1,41.30
D,DISPATCH,UNIT_SCADA,1,"2019/09/05 11:00:00",TORRB2,40.93
D,DISPATCH,UNIT_SCADA,1,"2019/09/05 11:00:00",TORRB3,41.18
D,DISPATCH,UNIT_SCADA,1,"2019/09/05 11:00:00",TORRB4,0
D,DISPATCH,UNIT_SCADA,1,"2019/09/05 11:00:00",TREVALLN,18
D,DISPATCH,UNIT_SCADA,1,"2019/09/05 11:00:00",TRIBUTE,0
D,DISPATCH,UNIT_SCADA,1,"2019/09/05 11:00:00",TUMUT3,121.20
D,DISPATCH,UNIT_SCADA,1,"2019/09/05 11:00:00",TUNGATIN,120.460030
D,DISPATCH,UNIT_SCADA,1,"2019/09/05 11:00:00",TVCC201,0
D,DISPATCH,UNIT_SCADA,1,"2019/09/05 11:00:00",TVPP104,0
D,DISPATCH,UNIT_SCADA,1,"2019/09/05 11:00:00",UPPTUMUT,206.721770
D,DISPATCH,UNIT_SCADA,1,"2019/09/05 11:00:00",URANQ11,0
D,DISPATCH,UNIT_SCADA,1,"2019/09/05 11:00:00",URANQ12,0
D,DISPATCH,UNIT_SCADA,1,"2019/09/05 11:00:00",URANQ13,0
D,DISPATCH,UNIT_SCADA,1,"2019/09/05 11:00:00",URANQ14,0
D,DISPATCH,UNIT_SCADA,1,"2019/09/05 11:00:00",VP5,526.25
D,DISPATCH,UNIT_SCADA,1,"2019/09/05 11:00:00",VP6,0
D,DISPATCH,UNIT_SCADA,1,"2019/09/05 11:00:00",VPGS1,0
D,DISPATCH,UNIT_SCADA,1,"2019/09/05 11:00:00",VPGS2,0
D,DISPATCH,UNIT_SCADA,1,"2019/09/05 11:00:00",VPGS3,0
D,DISPATCH,UNIT_SCADA,1,"2019/09/05 11:00:00",VPGS4,0
D,DISPATCH,UNIT_SCADA,1,"2019/09/05 11:00:00",VPGS5,0
D,DISPATCH,UNIT_SCADA,1,"2019/09/05 11:00:00",VPGS6,0
D,DISPATCH,UNIT_SCADA,1,"2019/09/05 11:00:00",W/HOE#1,0
D,DISPATCH,UNIT_SCADA,1,"2019/09/05 11:00:00",W/HOE#2,0
D,DISPATCH,UNIT_SCADA,1,"2019/09/05 11:00:00",WATERLWF,53.60
D,DISPATCH,UNIT_SCADA,1,"2019/09/05 11:00:00",WEMENSF1,81.30
D,DISPATCH,UNIT_SCADA,1,"2019/09/05 11:00:00",WGWF1,56
D,DISPATCH,UNIT_SCADA,1,"2019/09/05 11:00:00",WHITSF1,0
D,DISPATCH,UNIT_SCADA,1,"2019/09/05 11:00:00",WKIEWA1,17
D,DISPATCH,UNIT_SCADA,1,"2019/09/05 11:00:00",WKIEWA2,0.10
D,DISPATCH,UNIT_SCADA,1,"2019/09/05 11:00:00",WOODLWN1,0
D,DISPATCH,UNIT_SCADA,1,"2019/09/05 11:00:00",WRSF1,19.89
D,DISPATCH,UNIT_SCADA,1,"2019/09/05 11:00:00",WRWF1,83.212510
D,DISPATCH,UNIT_SCADA,1,"2019/09/05 11:00:00",YABULU,0
D,DISPATCH,UNIT_SCADA,1,"2019/09/05 11:00:00",YABULU2,0
D,DISPATCH,UNIT_SCADA,1,"2019/09/05 11:00:00",YARWUN_1,119.10
D,DISPATCH,UNIT_SCADA,1,"2019/09/05 11:00:00",YENDWF1,15.33
D,DISPATCH,UNIT_SCADA,1,"2019/09/05 11:00:00",YWPS1,383.9595
D,DISPATCH,UNIT_SCADA,1,"2019/09/05 11:00:00",YWPS2,281.200010
D,DISPATCH,UNIT_SCADA,1,"2019/09/05 11:00:00",YWPS3,346.121520
D,DISPATCH,UNIT_SCADA,1,"2019/09/05 11:00:00",YWPS4,386.205080
C,"END OF REPORT",335
