C,NEMP.WORLD,DISPATCHSCADA,AEMO,PUBLIC,2019/08/20,00:30:09,0000000311765786,DISPATCHSCADA,0000000311765780
I,DISPATCH,UNIT_SCADA,1,SETTLEMENTDATE,DUID,SCADAVALUE
D,DISPATCH,UNIT_SCADA,1,"2019/08/20 00:35:00",BARCSF1,0
D,DISPATCH,UNIT_SCADA,1,"2019/08/20 00:35:00",BUTLERSG,9.699999
D,DISPATCH,UNIT_SCADA,1,"2019/08/20 00:35:00",CALL_A_4,0
D,DISPATCH,UNIT_SCADA,1,"2019/08/20 00:35:00",CAPTL_WF,92.068001
D,DISPATCH,UNIT_SCADA,1,"2019/08/20 00:35:00",CATHROCK,37.309998
D,DISPATCH,UNIT_SCADA,1,"2019/08/20 00:35:00",CHALLHWF,15
D,DISPATCH,UNIT_SCADA,1,"2019/08/20 00:35:00",CLOVER,-0.01
D,DISPATCH,UNIT_SCADA,1,"2019/08/20 00:35:00",CLUNY,17.259327
D,DISPATCH,UNIT_SCADA,1,"2019/08/20 00:35:00",CNUNDAWF,41.548470
D,DISPATCH,UNIT_SCADA,1,"2019/08/20 00:35:00",CULLRGWF,30.360001
D,DISPATCH,UNIT_SCADA,1,"2019/08/20 00:35:00",ERGT01,0
D,DISPATCH,UNIT_SCADA,1,"2019/08/20 00:35:00",GB01,0.064407
D,DISPATCH,UNIT_SCADA,1,"2019/08/20 00:35:00",GERMCRK,37.700001
D,DISPATCH,UNIT_SCADA,1,"2019/08/20 00:35:00",GRIFSF1,0
D,DISPATCH,UNIT_SCADA,1,"2019/08/20 00:35:00",HUGSF1,-0.2580
D,DISPATCH,UNIT_SCADA,1,"2019/08/20 00:35:00",LKBONNY1,70.286469
D,DISPATCH,UNIT_SCADA,1,"2019/08/20 00:35:00",LRSF1,-0.03
D,DISPATCH,UNIT_SCADA,1,"2019/08/20 00:35:00",MBAHNTH,52.968750
D,DISPATCH,UNIT_SCADA,1,"2019/08/20 00:35:00",MLSP1,0.304001
D,DISPATCH,UNIT_SCADA,1,"2019/08/20 00:35:00",MLWF1,14.0850
D,DISPATCH,UNIT_SCADA,1,"2019/08/20 00:35:00",MTMILLAR,8.557508
D,DISPATCH,UNIT_SCADA,1,"2019/08/20 00:35:00",PALOONA,23.629999
D,DISPATCH,UNIT_SCADA,1,"2019/08/20 00:35:00",PIONEER,30.10
D,DISPATCH,UNIT_SCADA,1,"2019/08/20 00:35:00",PORTWF,136.899994
D,DISPATCH,UNIT_SCADA,1,"2019/08/20 00:35:00",REPULSE,28.954910
D,DISPATCH,UNIT_SCADA,1,"2019/08/20 00:35:00",ROWALLAN,10.0394
D,DISPATCH,UNIT_SCADA,1,"2019/08/20 00:35:00",ROYALLA1,0
D,DISPATCH,UNIT_SCADA,1,"2019/08/20 00:35:00",RPCG,-3.20
D,DISPATCH,UNIT_SCADA,1,"2019/08/20 00:35:00",RUBICON,0
D,DISPATCH,UNIT_SCADA,1,"2019/08/20 00:35:00",SATGN1,0
D,DISPATCH,UNIT_SCADA,1,"2019/08/20 00:35:00",SATGS1,0
D,DISPATCH,UNIT_SCADA,1,"2019/08/20 00:35:00",STARHLWF,16.295248
D,DISPATCH,UNIT_SCADA,1,"2019/08/20 00:35:00",WAUBRAWF,122.1950
D,DISPATCH,UNIT_SCADA,1,"2019/08/20 00:35:00",WOOLNTH1,133.130020
D,DISPATCH,UNIT_SCADA,1,"2019/08/20 00:35:00",WPWF,18
D,DISPATCH,UNIT_SCADA,1,"2019/08/20 00:35:00",YAMBUKWF,11.90
D,DISPATCH,UNIT_SCADA,1,"2019/08/20 00:35:00",YSWF1,28.700001
D,DISPATCH,UNIT_SCADA,1,"2019/08/20 00:35:00",AGLHAL,0
D,DISPATCH,UNIT_SCADA,1,"2019/08/20 00:35:00",AGLSOM,0
D,DISPATCH,UNIT_SCADA,1,"2019/08/20 00:35:00",ANGAST1,0
D,DISPATCH,UNIT_SCADA,1,"2019/08/20 00:35:00",ARWF1,28.60
D,DISPATCH,UNIT_SCADA,1,"2019/08/20 00:35:00",BALBG1,0
D,DISPATCH,UNIT_SCADA,1,"2019/08/20 00:35:00",BALBL1,0
D,DISPATCH,UNIT_SCADA,1,"2019/08/20 00:35:00",BALDHWF1,99.7070
D,DISPATCH,UNIT_SCADA,1,"2019/08/20 00:35:00",BANN1,0
D,DISPATCH,UNIT_SCADA,1,"2019/08/20 00:35:00",BARCALDN,0
D,DISPATCH,UNIT_SCADA,1,"2019/08/20 00:35:00",BARRON-1,0
D,DISPATCH,UNIT_SCADA,1,"2019/08/20 00:35:00",BARRON-2,25.32
D,DISPATCH,UNIT_SCADA,1,"2019/08/20 00:35:00",BASTYAN,80.560010
D,DISPATCH,UNIT_SCADA,1,"2019/08/20 00:35:00",BBTHREE1,0
D,DISPATCH,UNIT_SCADA,1,"2019/08/20 00:35:00",BBTHREE2,0
D,DISPATCH,UNIT_SCADA,1,"2019/08/20 00:35:00",BBTHREE3,0
D,DISPATCH,UNIT_SCADA,1,"2019/08/20 00:35:00",BDL01,0
D,DISPATCH,UNIT_SCADA,1,"2019/08/20 00:35:00",BDL02,0
D,DISPATCH,UNIT_SCADA,1,"2019/08/20 00:35:00",BERYLSF1,0
D,DISPATCH,UNIT_SCADA,1,"2019/08/20 00:35:00",BLOWERNG,0
D,DISPATCH,UNIT_SCADA,1,"2019/08/20 00:35:00",BLUFF1,30
D,DISPATCH,UNIT_SCADA,1,"2019/08/20 00:35:00",BNGSF1,0
D,DISPATCH,UNIT_SCADA,1,"2019/08/20 00:35:00",BNGSF2,0
D,DISPATCH,UNIT_SCADA,1,"2019/08/20 00:35:00",BOCORWF1,56.74
D,DISPATCH,UNIT_SCADA,1,"2019/08/20 00:35:00",BODWF1,27.832530
D,DISPATCH,UNIT_SCADA,1,"2019/08/20 00:35:00",BRAEMAR1,0
D,DISPATCH,UNIT_SCADA,1,"2019/08/20 00:35:00",BRAEMAR2,0
D,DISPATCH,UNIT_SCADA,1,"2019/08/20 00:35:00",BRAEMAR3,0
D,DISPATCH,UNIT_SCADA,1,"2019/08/20 00:35:00",BRAEMAR5,0
D,DISPATCH,UNIT_SCADA,1,"2019/08/20 00:35:00",BRAEMAR6,0
D,DISPATCH,UNIT_SCADA,1,"2019/08/20 00:35:00",BRAEMAR7,0
D,DISPATCH,UNIT_SCADA,1,"2019/08/20 00:35:00",BROKENH1,0
D,DISPATCH,UNIT_SCADA,1,"2019/08/20 00:35:00",BW01,557.925050
D,DISPATCH,UNIT_SCADA,1,"2019/08/20 00:35:00",BW02,582
D,DISPATCH,UNIT_SCADA,1,"2019/08/20 00:35:00",BW03,623.849980
D,DISPATCH,UNIT_SCADA,1,"2019/08/20 00:35:00",BW04,0
D,DISPATCH,UNIT_SCADA,1,"2019/08/20 00:35:00",CALL_B_1,339.399990
D,DISPATCH,UNIT_SCADA,1,"2019/08/20 00:35:00",CALL_B_2,289.100010
D,DISPATCH,UNIT_SCADA,1,"2019/08/20 00:35:00",CETHANA,80.880620
D,DISPATCH,UNIT_SCADA,1,"2019/08/20 00:35:00",CG1,0
D,DISPATCH,UNIT_SCADA,1,"2019/08/20 00:35:00",CG2,0
D,DISPATCH,UNIT_SCADA,1,"2019/08/20 00:35:00",CG3,0
D,DISPATCH,UNIT_SCADA,1,"2019/08/20 00:35:00",CG4,0
D,DISPATCH,UNIT_SCADA,1,"2019/08/20 00:35:00",CHILDSF1,0
D,DISPATCH,UNIT_SCADA,1,"2019/08/20 00:35:00",CLARESF1,0
D,DISPATCH,UNIT_SCADA,1,"2019/08/20 00:35:00",CLEMGPWF,8.067920
D,DISPATCH,UNIT_SCADA,1,"2019/08/20 00:35:00",CLERMSF1,0
D,DISPATCH,UNIT_SCADA,1,"2019/08/20 00:35:00",COLEASF1,0
D,DISPATCH,UNIT_SCADA,1,"2019/08/20 00:35:00",COOPGWF1,35.321670
D,DISPATCH,UNIT_SCADA,1,"2019/08/20 00:35:00",CPP_3,405.6250
D,DISPATCH,UNIT_SCADA,1,"2019/08/20 00:35:00",CPP_4,406.725010
D,DISPATCH,UNIT_SCADA,1,"2019/08/20 00:35:00",CPSA,143.375630
D,DISPATCH,UNIT_SCADA,1,"2019/08/20 00:35:00",CROOKWF2,49.233750
D,DISPATCH,UNIT_SCADA,1,"2019/08/20 00:35:00",CROWLWF1,45.234180
D,DISPATCH,UNIT_SCADA,1,"2019/08/20 00:35:00",CSPVPS1,0
D,DISPATCH,UNIT_SCADA,1,"2019/08/20 00:35:00",DALNTH01,0
D,DISPATCH,UNIT_SCADA,1,"2019/08/20 00:35:00",DALNTHL1,0.0412
D,DISPATCH,UNIT_SCADA,1,"2019/08/20 00:35:00",DARTM1,134.600010
D,DISPATCH,UNIT_SCADA,1,"2019/08/20 00:35:00",DAYDSF1,0
D,DISPATCH,UNIT_SCADA,1,"2019/08/20 00:35:00",DDPS1,0
D,DISPATCH,UNIT_SCADA,1,"2019/08/20 00:35:00",DDSF1,0
D,DISPATCH,UNIT_SCADA,1,"2019/08/20 00:35:00",DEVILS_G,60.106820
D,DISPATCH,UNIT_SCADA,1,"2019/08/20 00:35:00",DG_NSW1,0
D,DISPATCH,UNIT_SCADA,1,"2019/08/20 00:35:00",DG_QLD1,0
D,DISPATCH,UNIT_SCADA,1,"2019/08/20 00:35:00",DG_SA1,0
D,DISPATCH,UNIT_SCADA,1,"2019/08/20 00:35:00",DG_TAS1,0
D,DISPATCH,UNIT_SCADA,1,"2019/08/20 00:35:00",DG_VIC1,0
D,DISPATCH,UNIT_SCADA,1,"2019/08/20 00:35:00",DRYCGT1,0
D,DISPATCH,UNIT_SCADA,1,"2019/08/20 00:35:00",DRYCGT2,0
D,DISPATCH,UNIT_SCADA,1,"2019/08/20 00:35:00",DRYCGT3,0
D,DISPATCH,UNIT_SCADA,1,"2019/08/20 00:35:00",EILDON1,0
D,DISPATCH,UNIT_SCADA,1,"2019/08/20 00:35:00",EILDON2,0
D,DISPATCH,UNIT_SCADA,1,"2019/08/20 00:35:00",EMERASF1,0
D,DISPATCH,UNIT_SCADA,1,"2019/08/20 00:35:00",ER01,576.550050
D,DISPATCH,UNIT_SCADA,1,"2019/08/20 00:35:00",ER02,604.724980
D,DISPATCH,UNIT_SCADA,1,"2019/08/20 00:35:00",ER03,600.3750
D,DISPATCH,UNIT_SCADA,1,"2019/08/20 00:35:00",ER04,596.900020
D,DISPATCH,UNIT_SCADA,1,"2019/08/20 00:35:00",FINLYSF1,0
D,DISPATCH,UNIT_SCADA,1,"2019/08/20 00:35:00",FISHER,45.96
D,DISPATCH,UNIT_SCADA,1,"2019/08/20 00:35:00",GANNBG1,0
D,DISPATCH,UNIT_SCADA,1,"2019/08/20 00:35:00",GANNBL1,0.033550
D,DISPATCH,UNIT_SCADA,1,"2019/08/20 00:35:00",GANNSF1,0
D,DISPATCH,UNIT_SCADA,1,"2019/08/20 00:35:00",GORDON,0
D,DISPATCH,UNIT_SCADA,1,"2019/08/20 00:35:00",GSTONE1,146.474990
D,DISPATCH,UNIT_SCADA,1,"2019/08/20 00:35:00",GSTONE2,150.149990
D,DISPATCH,UNIT_SCADA,1,"2019/08/20 00:35:00",GSTONE3,136.6750
D,DISPATCH,UNIT_SCADA,1,"2019/08/20 00:35:00",GSTONE4,149.6250
D,DISPATCH,UNIT_SCADA,1,"2019/08/20 00:35:00",GSTONE5,145.4250
D,DISPATCH,UNIT_SCADA,1,"2019/08/20 00:35:00",GSTONE6,0
D,DISPATCH,UNIT_SCADA,1,"2019/08/20 00:35:00",GULLRSF1,0
D,DISPATCH,UNIT_SCADA,1,"2019/08/20 00:35:00",GULLRWF1,160.107790
D,DISPATCH,UNIT_SCADA,1,"2019/08/20 00:35:00",GUNNING1,43.1484
D,DISPATCH,UNIT_SCADA,1,"2019/08/20 00:35:00",GUTHEGA,0
D,DISPATCH,UNIT_SCADA,1,"2019/08/20 00:35:00",HALLWF1,70
D,DISPATCH,UNIT_SCADA,1,"2019/08/20 00:35:00",HALLWF2,67.56
D,DISPATCH,UNIT_SCADA,1,"2019/08/20 00:35:00",HAMISF1,0
D,DISPATCH,UNIT_SCADA,1,"2019/08/20 00:35:00",HAUGHT11,0
D,DISPATCH,UNIT_SCADA,1,"2019/08/20 00:35:00",HAYMSF1,0
D,DISPATCH,UNIT_SCADA,1,"2019/08/20 00:35:00",HDWF1,38.60
D,DISPATCH,UNIT_SCADA,1,"2019/08/20 00:35:00",HDWF2,29.90
D,DISPATCH,UNIT_SCADA,1,"2019/08/20 00:35:00",HDWF3,37.60
D,DISPATCH,UNIT_SCADA,1,"2019/08/20 00:35:00",HPRG1,0
D,DISPATCH,UNIT_SCADA,1,"2019/08/20 00:35:00",HPRL1,30.90
D,DISPATCH,UNIT_SCADA,1,"2019/08/20 00:35:00",HUMENSW,0
D,DISPATCH,UNIT_SCADA,1,"2019/08/20 00:35:00",HUMEV,8
D,DISPATCH,UNIT_SCADA,1,"2019/08/20 00:35:00",HVGTS,0
D,DISPATCH,UNIT_SCADA,1,"2019/08/20 00:35:00",JBUTTERS,133.259990
D,DISPATCH,UNIT_SCADA,1,"2019/08/20 00:35:00",JLA01,0.50
D,DISPATCH,UNIT_SCADA,1,"2019/08/20 00:35:00",JLA02,0
D,DISPATCH,UNIT_SCADA,1,"2019/08/20 00:35:00",JLA03,0.10
D,DISPATCH,UNIT_SCADA,1,"2019/08/20 00:35:00",JLA04,0.10
D,DISPATCH,UNIT_SCADA,1,"2019/08/20 00:35:00",JLB01,0
D,DISPATCH,UNIT_SCADA,1,"2019/08/20 00:35:00",JLB02,0.10
D,DISPATCH,UNIT_SCADA,1,"2019/08/20 00:35:00",JLB03,0
D,DISPATCH,UNIT_SCADA,1,"2019/08/20 00:35:00",KAREEYA1,21.49
D,DISPATCH,UNIT_SCADA,1,"2019/08/20 00:35:00",KAREEYA2,21.6350
D,DISPATCH,UNIT_SCADA,1,"2019/08/20 00:35:00",KAREEYA3,0
D,DISPATCH,UNIT_SCADA,1,"2019/08/20 00:35:00",KAREEYA4,21.6150
D,DISPATCH,UNIT_SCADA,1,"2019/08/20 00:35:00",KARSF1,0
D,DISPATCH,UNIT_SCADA,1,"2019/08/20 00:35:00",KIATAWF1,29.90
D,DISPATCH,UNIT_SCADA,1,"2019/08/20 00:35:00",KPP_1,0
D,DISPATCH,UNIT_SCADA,1,"2019/08/20 00:35:00",KSP1,0
D,DISPATCH,UNIT_SCADA,1,"2019/08/20 00:35:00",LADBROK1,0
D,DISPATCH,UNIT_SCADA,1,"2019/08/20 00:35:00",LADBROK2,0
D,DISPATCH,UNIT_SCADA,1,"2019/08/20 00:35:00",LD01,419.231230
D,DISPATCH,UNIT_SCADA,1,"2019/08/20 00:35:00",LD02,421.274960
D,DISPATCH,UNIT_SCADA,1,"2019/08/20 00:35:00",LD03,419.024960
D,DISPATCH,UNIT_SCADA,1,"2019/08/20 00:35:00",LD04,380.925050
D,DISPATCH,UNIT_SCADA,1,"2019/08/20 00:35:00",LEM_WIL,85.027690
D,DISPATCH,UNIT_SCADA,1,"2019/08/20 00:35:00",LGAPWF1,9.22
D,DISPATCH,UNIT_SCADA,1,"2019/08/20 00:35:00",LILYSF1,0
D,DISPATCH,UNIT_SCADA,1,"2019/08/20 00:35:00",LI_WY_CA,142.8344
D,DISPATCH,UNIT_SCADA,1,"2019/08/20 00:35:00",LKBONNY2,153.773040
D,DISPATCH,UNIT_SCADA,1,"2019/08/20 00:35:00",LKBONNY3,38.2939
D,DISPATCH,UNIT_SCADA,1,"2019/08/20 00:35:00",LK_ECHO,0
D,DISPATCH,UNIT_SCADA,1,"2019/08/20 00:35:00",LNGS1,0
D,DISPATCH,UNIT_SCADA,1,"2019/08/20 00:35:00",LNGS2,0
D,DISPATCH,UNIT_SCADA,1,"2019/08/20 00:35:00",LONSDALE,0
D,DISPATCH,UNIT_SCADA,1,"2019/08/20 00:35:00",LOYYB1,536.088620
D,DISPATCH,UNIT_SCADA,1,"2019/08/20 00:35:00",LOYYB2,582.330380
D,DISPATCH,UNIT_SCADA,1,"2019/08/20 00:35:00",LYA1,560
D,DISPATCH,UNIT_SCADA,1,"2019/08/20 00:35:00",LYA2,0
D,DISPATCH,UNIT_SCADA,1,"2019/08/20 00:35:00",LYA3,561
D,DISPATCH,UNIT_SCADA,1,"2019/08/20 00:35:00",LYA4,539
D,DISPATCH,UNIT_SCADA,1,"2019/08/20 00:35:00",MACARTH1,305.592960
D,DISPATCH,UNIT_SCADA,1,"2019/08/20 00:35:00",MACKAYGT,0
D,DISPATCH,UNIT_SCADA,1,"2019/08/20 00:35:00",MACKNTSH,85.30
D,DISPATCH,UNIT_SCADA,1,"2019/08/20 00:35:00",MANSLR1,0
D,DISPATCH,UNIT_SCADA,1,"2019/08/20 00:35:00",MCKAY1,0.02
D,DISPATCH,UNIT_SCADA,1,"2019/08/20 00:35:00",MEADOWBK,33.752980
D,DISPATCH,UNIT_SCADA,1,"2019/08/20 00:35:00",MERCER01,124.2580
D,DISPATCH,UNIT_SCADA,1,"2019/08/20 00:35:00",MEWF1,123.449340
D,DISPATCH,UNIT_SCADA,1,"2019/08/20 00:35:00",MINTARO,0
D,DISPATCH,UNIT_SCADA,1,"2019/08/20 00:35:00",MOREESF1,0
D,DISPATCH,UNIT_SCADA,1,"2019/08/20 00:35:00",MORTLK11,124
D,DISPATCH,UNIT_SCADA,1,"2019/08/20 00:35:00",MORTLK12,0
D,DISPATCH,UNIT_SCADA,1,"2019/08/20 00:35:00",MP1,280.400020
D,DISPATCH,UNIT_SCADA,1,"2019/08/20 00:35:00",MP2,0
D,DISPATCH,UNIT_SCADA,1,"2019/08/20 00:35:00",MPP_1,427.25
D,DISPATCH,UNIT_SCADA,1,"2019/08/20 00:35:00",MPP_2,434.75
D,DISPATCH,UNIT_SCADA,1,"2019/08/20 00:35:00",MSTUART1,0
D,DISPATCH,UNIT_SCADA,1,"2019/08/20 00:35:00",MSTUART2,0
D,DISPATCH,UNIT_SCADA,1,"2019/08/20 00:35:00",MSTUART3,0
D,DISPATCH,UNIT_SCADA,1,"2019/08/20 00:35:00",MTGELWF1,64.653470
D,DISPATCH,UNIT_SCADA,1,"2019/08/20 00:35:00",MURRAY,0
D,DISPATCH,UNIT_SCADA,1,"2019/08/20 00:35:00",MUSSELR1,162.70
D,DISPATCH,UNIT_SCADA,1,"2019/08/20 00:35:00",MUWAWF1,48.17
D,DISPATCH,UNIT_SCADA,1,"2019/08/20 00:35:00",NBHWF1,58.10
D,DISPATCH,UNIT_SCADA,1,"2019/08/20 00:35:00",NPS,0
D,DISPATCH,UNIT_SCADA,1,"2019/08/20 00:35:00",NUMURSF1,0
D,DISPATCH,UNIT_SCADA,1,"2019/08/20 00:35:00",NYNGAN1,0
D,DISPATCH,UNIT_SCADA,1,"2019/08/20 00:35:00",OAKEY1,0
D,DISPATCH,UNIT_SCADA,1,"2019/08/20 00:35:00",OAKEY1SF,0
D,DISPATCH,UNIT_SCADA,1,"2019/08/20 00:35:00",OAKEY2,0
D,DISPATCH,UNIT_SCADA,1,"2019/08/20 00:35:00",OAKLAND1,49.60
D,DISPATCH,UNIT_SCADA,1,"2019/08/20 00:35:00",OSB-AG,141.13
D,DISPATCH,UNIT_SCADA,1,"2019/08/20 00:35:00",PARSF1,0
D,DISPATCH,UNIT_SCADA,1,"2019/08/20 00:35:00",POAT110,0
D,DISPATCH,UNIT_SCADA,1,"2019/08/20 00:35:00",POAT220,0.82
D,DISPATCH,UNIT_SCADA,1,"2019/08/20 00:35:00",POR01,0
D,DISPATCH,UNIT_SCADA,1,"2019/08/20 00:35:00",POR03,0
D,DISPATCH,UNIT_SCADA,1,"2019/08/20 00:35:00",PPCCGT,174.223310
D,DISPATCH,UNIT_SCADA,1,"2019/08/20 00:35:00",PTSTAN1,0
D,DISPATCH,UNIT_SCADA,1,"2019/08/20 00:35:00",PUMP1,0
D,DISPATCH,UNIT_SCADA,1,"2019/08/20 00:35:00",PUMP2,0
D,DISPATCH,UNIT_SCADA,1,"2019/08/20 00:35:00",QPS1,0
D,DISPATCH,UNIT_SCADA,1,"2019/08/20 00:35:00",QPS2,0
D,DISPATCH,UNIT_SCADA,1,"2019/08/20 00:35:00",QPS3,0
D,DISPATCH,UNIT_SCADA,1,"2019/08/20 00:35:00",QPS4,0
D,DISPATCH,UNIT_SCADA,1,"2019/08/20 00:35:00",QPS5,0
D,DISPATCH,UNIT_SCADA,1,"2019/08/20 00:35:00",REECE1,112.610010
D,DISPATCH,UNIT_SCADA,1,"2019/08/20 00:35:00",REECE2,113.250010
D,DISPATCH,UNIT_SCADA,1,"2019/08/20 00:35:00",ROMA_7,0
D,DISPATCH,UNIT_SCADA,1,"2019/08/20 00:35:00",ROMA_8,0
D,DISPATCH,UNIT_SCADA,1,"2019/08/20 00:35:00",RRSF1,0
D,DISPATCH,UNIT_SCADA,1,"2019/08/20 00:35:00",RT_NSW1,0
D,DISPATCH,UNIT_SCADA,1,"2019/08/20 00:35:00",RT_NSW2,0
D,DISPATCH,UNIT_SCADA,1,"2019/08/20 00:35:00",RT_NSW3,0
D,DISPATCH,UNIT_SCADA,1,"2019/08/20 00:35:00",RT_NSW4,0
D,DISPATCH,UNIT_SCADA,1,"2019/08/20 00:35:00",RT_NSW5,0
D,DISPATCH,UNIT_SCADA,1,"2019/08/20 00:35:00",RT_NSW6,0
D,DISPATCH,UNIT_SCADA,1,"2019/08/20 00:35:00",RT_QLD1,0
D,DISPATCH,UNIT_SCADA,1,"2019/08/20 00:35:00",RT_SA1,0
D,DISPATCH,UNIT_SCADA,1,"2019/08/20 00:35:00",RT_SA2,0
D,DISPATCH,UNIT_SCADA,1,"2019/08/20 00:35:00",RT_SA3,0
D,DISPATCH,UNIT_SCADA,1,"2019/08/20 00:35:00",RT_SA4,0
D,DISPATCH,UNIT_SCADA,1,"2019/08/20 00:35:00",RT_SA5,0
D,DISPATCH,UNIT_SCADA,1,"2019/08/20 00:35:00",RT_SA6,0
D,DISPATCH,UNIT_SCADA,1,"2019/08/20 00:35:00",RT_TAS1,0
D,DISPATCH,UNIT_SCADA,1,"2019/08/20 00:35:00",RT_VIC1,0
D,DISPATCH,UNIT_SCADA,1,"2019/08/20 00:35:00",RT_VIC10,0
D,DISPATCH,UNIT_SCADA,1,"2019/08/20 00:35:00",RT_VIC11,0
D,DISPATCH,UNIT_SCADA,1,"2019/08/20 00:35:00",RT_VIC12,0
D,DISPATCH,UNIT_SCADA,1,"2019/08/20 00:35:00",RT_VIC2,0
D,DISPATCH,UNIT_SCADA,1,"2019/08/20 00:35:00",RT_VIC3,0
D,DISPATCH,UNIT_SCADA,1,"2019/08/20 00:35:00",RT_VIC4,0
D,DISPATCH,UNIT_SCADA,1,"2019/08/20 00:35:00",RT_VIC5,0
D,DISPATCH,UNIT_SCADA,1,"2019/08/20 00:35:00",RT_VIC6,0
D,DISPATCH,UNIT_SCADA,1,"2019/08/20 00:35:00",RT_VIC7,0
D,DISPATCH,UNIT_SCADA,1,"2019/08/20 00:35:00",RT_VIC8,0
D,DISPATCH,UNIT_SCADA,1,"2019/08/20 00:35:00",RT_VIC9,0
D,DISPATCH,UNIT_SCADA,1,"2019/08/20 00:35:00",RUGBYR1,0
D,DISPATCH,UNIT_SCADA,1,"2019/08/20 00:35:00",SALTCRK1,47.77
D,DISPATCH,UNIT_SCADA,1,"2019/08/20 00:35:00",SAPHWF1,246.534360
D,DISPATCH,UNIT_SCADA,1,"2019/08/20 00:35:00",SHGEN,0
D,DISPATCH,UNIT_SCADA,1,"2019/08/20 00:35:00",SHPUMP,158.765350
D,DISPATCH,UNIT_SCADA,1,"2019/08/20 00:35:00",SITHE01,0.133760
D,DISPATCH,UNIT_SCADA,1,"2019/08/20 00:35:00",SMCSF1,0
D,DISPATCH,UNIT_SCADA,1,"2019/08/20 00:35:00",SNOWNTH1,18.30
D,DISPATCH,UNIT_SCADA,1,"2019/08/20 00:35:00",SNOWSTH1,25.40
D,DISPATCH,UNIT_SCADA,1,"2019/08/20 00:35:00",SNOWTWN1,17.396080
D,DISPATCH,UNIT_SCADA,1,"2019/08/20 00:35:00",SNOWYP,0
D,DISPATCH,UNIT_SCADA,1,"2019/08/20 00:35:00",SNUG1,0.019440
D,DISPATCH,UNIT_SCADA,1,"2019/08/20 00:35:00",SRSF1,0
D,DISPATCH,UNIT_SCADA,1,"2019/08/20 00:35:00",STAN-1,0
D,DISPATCH,UNIT_SCADA,1,"2019/08/20 00:35:00",STAN-2,215.749210
D,DISPATCH,UNIT_SCADA,1,"2019/08/20 00:35:00",STAN-3,213.211290
D,DISPATCH,UNIT_SCADA,1,"2019/08/20 00:35:00",STAN-4,241.8078
D,DISPATCH,UNIT_SCADA,1,"2019/08/20 00:35:00",STWF1,164.711260
D,DISPATCH,UNIT_SCADA,1,"2019/08/20 00:35:00",SWAN_E,0
D,DISPATCH,UNIT_SCADA,1,"2019/08/20 00:35:00",TALWA1,301
D,DISPATCH,UNIT_SCADA,1,"2019/08/20 00:35:00",TARALGA1,83.366240
D,DISPATCH,UNIT_SCADA,1,"2019/08/20 00:35:00",TARONG#1,235.600010
D,DISPATCH,UNIT_SCADA,1,"2019/08/20 00:35:00",TARONG#2,235.50
D,DISPATCH,UNIT_SCADA,1,"2019/08/20 00:35:00",TARONG#3,201.100010
D,DISPATCH,UNIT_SCADA,1,"2019/08/20 00:35:00",TARONG#4,239.70
D,DISPATCH,UNIT_SCADA,1,"2019/08/20 00:35:00",TARRALEA,79
D,DISPATCH,UNIT_SCADA,1,"2019/08/20 00:35:00",TBSF1,-0.20
D,DISPATCH,UNIT_SCADA,1,"2019/08/20 00:35:00",TNPS1,349.900020
D,DISPATCH,UNIT_SCADA,1,"2019/08/20 00:35:00",TORRA1,33.714490
D,DISPATCH,UNIT_SCADA,1,"2019/08/20 00:35:00",TORRA2,0
D,DISPATCH,UNIT_SCADA,1,"2019/08/20 00:35:00",TORRA3,45.850650
D,DISPATCH,UNIT_SCADA,1,"2019/08/20 00:35:00",TORRA4,0
D,DISPATCH,UNIT_SCADA,1,"2019/08/20 00:35:00",TORRB1,39.54
D,DISPATCH,UNIT_SCADA,1,"2019/08/20 00:35:00",TORRB2,39.90
D,DISPATCH,UNIT_SCADA,1,"2019/08/20 00:35:00",TORRB3,0
D,DISPATCH,UNIT_SCADA,1,"2019/08/20 00:35:00",TORRB4,0
D,DISPATCH,UNIT_SCADA,1,"2019/08/20 00:35:00",TREVALLN,16.70
D,DISPATCH,UNIT_SCADA,1,"2019/08/20 00:35:00",TRIBUTE,44.62
D,DISPATCH,UNIT_SCADA,1,"2019/08/20 00:35:00",TUMUT3,0
D,DISPATCH,UNIT_SCADA,1,"2019/08/20 00:35:00",TUNGATIN,118.620030
D,DISPATCH,UNIT_SCADA,1,"2019/08/20 00:35:00",TVCC201,0
D,DISPATCH,UNIT_SCADA,1,"2019/08/20 00:35:00",TVPP104,0
D,DISPATCH,UNIT_SCADA,1,"2019/08/20 00:35:00",UPPTUMUT,0
D,DISPATCH,UNIT_SCADA,1,"2019/08/20 00:35:00",URANQ11,0
D,DISPATCH,UNIT_SCADA,1,"2019/08/20 00:35:00",URANQ12,0
D,DISPATCH,UNIT_SCADA,1,"2019/08/20 00:35:00",URANQ13,0
D,DISPATCH,UNIT_SCADA,1,"2019/08/20 00:35:00",URANQ14,0
D,DISPATCH,UNIT_SCADA,1,"2019/08/20 00:35:00",VP5,403.899990
D,DISPATCH,UNIT_SCADA,1,"2019/08/20 00:35:00",VP6,399.1250
D,DISPATCH,UNIT_SCADA,1,"2019/08/20 00:35:00",VPGS1,0
D,DISPATCH,UNIT_SCADA,1,"2019/08/20 00:35:00",VPGS2,0
D,DISPATCH,UNIT_SCADA,1,"2019/08/20 00:35:00",VPGS3,0
D,DISPATCH,UNIT_SCADA,1,"2019/08/20 00:35:00",VPGS4,0
D,DISPATCH,UNIT_SCADA,1,"2019/08/20 00:35:00",VPGS5,0
D,DISPATCH,UNIT_SCADA,1,"2019/08/20 00:35:00",VPGS6,0
D,DISPATCH,UNIT_SCADA,1,"2019/08/20 00:35:00",W/HOE#1,0
D,DISPATCH,UNIT_SCADA,1,"2019/08/20 00:35:00",W/HOE#2,0
D,DISPATCH,UNIT_SCADA,1,"2019/08/20 00:35:00",WATERLWF,101.70
D,DISPATCH,UNIT_SCADA,1,"2019/08/20 00:35:00",WEMENSF1,0
D,DISPATCH,UNIT_SCADA,1,"2019/08/20 00:35:00",WGWF1,73.50
D,DISPATCH,UNIT_SCADA,1,"2019/08/20 00:35:00",WHITSF1,0
D,DISPATCH,UNIT_SCADA,1,"2019/08/20 00:35:00",WKIEWA1,0
D,DISPATCH,UNIT_SCADA,1,"2019/08/20 00:35:00",WKIEWA2,14.80
D,DISPATCH,UNIT_SCADA,1,"2019/08/20 00:35:00",WOODLWN1,44.972990
D,DISPATCH,UNIT_SCADA,1,"2019/08/20 00:35:00",WRSF1,0
D,DISPATCH,UNIT_SCADA,1,"2019/08/20 00:35:00",WRWF1,136.543750
D,DISPATCH,UNIT_SCADA,1,"2019/08/20 00:35:00",YABULU,0
D,DISPATCH,UNIT_SCADA,1,"2019/08/20 00:35:00",YABULU2,0
D,DISPATCH,UNIT_SCADA,1,"2019/08/20 00:35:00",YARWUN_1,0
D,DISPATCH,UNIT_SCADA,1,"2019/08/20 00:35:00",YENDWF1,41.92
D,DISPATCH,UNIT_SCADA,1,"2019/08/20 00:35:00",YWPS1,381.202550
D,DISPATCH,UNIT_SCADA,1,"2019/08/20 00:35:00",YWPS2,281.9519
D,DISPATCH,UNIT_SCADA,1,"2019/08/20 00:35:00",YWPS3,0
D,DISPATCH,UNIT_SCADA,1,"2019/08/20 00:35:00",YWPS4,396.3671
C,"END OF REPORT",334
