C,NEMP.WORLD,DISPATCHSCADA,AEMO,PUBLIC,2019/09/06,10:35:09,0000000312457716,DISPATCHSCADA,0000000312457710
I,DISPATCH,UNIT_SCADA,1,SETTLEMENTDATE,DUID,SCADAVALUE
D,DISPATCH,UNIT_SCADA,1,"2019/09/06 10:40:00",BARCSF1,8.900001
D,DISPATCH,UNIT_SCADA,1,"2019/09/06 10:40:00",BUTLERSG,10.199999
D,DISPATCH,UNIT_SCADA,1,"2019/09/06 10:40:00",CALL_A_4,0
D,DISPATCH,UNIT_SCADA,1,"2019/09/06 10:40:00",CAPTL_WF,77.660004
D,DISPATCH,UNIT_SCADA,1,"2019/09/06 10:40:00",CATHROCK,0
D,DISPATCH,UNIT_SCADA,1,"2019/09/06 10:40:00",CHALLHWF,32
D,DISPATCH,UNIT_SCADA,1,"2019/09/06 10:40:00",CLOVER,-0.01
D,DISPATCH,UNIT_SCADA,1,"2019/09/06 10:40:00",CLUNY,18.468758
D,DISPATCH,UNIT_SCADA,1,"2019/09/06 10:40:00",CNUNDAWF,22.626394
D,DISPATCH,UNIT_SCADA,1,"2019/09/06 10:40:00",CULLRGWF,24.120001
D,DISPATCH,UNIT_SCADA,1,"2019/09/06 10:40:00",ERGT01,0
D,DISPATCH,UNIT_SCADA,1,"2019/09/06 10:40:00",GB01,0.0070
D,DISPATCH,UNIT_SCADA,1,"2019/09/06 10:40:00",GERMCRK,34.299999
D,DISPATCH,UNIT_SCADA,1,"2019/09/06 10:40:00",GRIFSF1,8.299995
D,DISPATCH,UNIT_SCADA,1,"2019/09/06 10:40:00",HUGSF1,8.910001
D,DISPATCH,UNIT_SCADA,1,"2019/09/06 10:40:00",LKBONNY1,35.634438
D,DISPATCH,UNIT_SCADA,1,"2019/09/06 10:40:00",LRSF1,9.893001
D,DISPATCH,UNIT_SCADA,1,"2019/09/06 10:40:00",MBAHNTH,50.493744
D,DISPATCH,UNIT_SCADA,1,"2019/09/06 10:40:00",MLSP1,5.023001
D,DISPATCH,UNIT_SCADA,1,"2019/09/06 10:40:00",MLWF1,10.98
D,DISPATCH,UNIT_SCADA,1,"2019/09/06 10:40:00",MTMILLAR,52.401714
D,DISPATCH,UNIT_SCADA,1,"2019/09/06 10:40:00",PALOONA,25.769999
D,DISPATCH,UNIT_SCADA,1,"2019/09/06 10:40:00",PIONEER,47.700001
D,DISPATCH,UNIT_SCADA,1,"2019/09/06 10:40:00",PORTWF,42.599998
D,DISPATCH,UNIT_SCADA,1,"2019/09/06 10:40:00",REPULSE,32.530403
D,DISPATCH,UNIT_SCADA,1,"2019/09/06 10:40:00",ROWALLAN,10.2453
D,DISPATCH,UNIT_SCADA,1,"2019/09/06 10:40:00",ROYALLA1,13.904001
D,DISPATCH,UNIT_SCADA,1,"2019/09/06 10:40:00",RPCG,-2.70
D,DISPATCH,UNIT_SCADA,1,"2019/09/06 10:40:00",RUBICON,0
D,DISPATCH,UNIT_SCADA,1,"2019/09/06 10:40:00",SATGN1,0
D,DISPATCH,UNIT_SCADA,1,"2019/09/06 10:40:00",SATGS1,0
D,DISPATCH,UNIT_SCADA,1,"2019/09/06 10:40:00",STARHLWF,26.892159
D,DISPATCH,UNIT_SCADA,1,"2019/09/06 10:40:00",WAUBRAWF,80.813004
D,DISPATCH,UNIT_SCADA,1,"2019/09/06 10:40:00",WOOLNTH1,3.400016
D,DISPATCH,UNIT_SCADA,1,"2019/09/06 10:40:00",WPWF,78
D,DISPATCH,UNIT_SCADA,1,"2019/09/06 10:40:00",YAMBUKWF,9.80
D,DISPATCH,UNIT_SCADA,1,"2019/09/06 10:40:00",YSWF1,22.60
D,DISPATCH,UNIT_SCADA,1,"2019/09/06 10:40:00",AGLHAL,0
D,DISPATCH,UNIT_SCADA,1,"2019/09/06 10:40:00",AGLSOM,0
D,DISPATCH,UNIT_SCADA,1,"2019/09/06 10:40:00",ANGAST1,0
D,DISPATCH,UNIT_SCADA,1,"2019/09/06 10:40:00",ARWF1,95.499990
D,DISPATCH,UNIT_SCADA,1,"2019/09/06 10:40:00",BALBG1,0
D,DISPATCH,UNIT_SCADA,1,"2019/09/06 10:40:00",BALBL1,0
D,DISPATCH,UNIT_SCADA,1,"2019/09/06 10:40:00",BALDHWF1,48.2270
D,DISPATCH,UNIT_SCADA,1,"2019/09/06 10:40:00",BANN1,31.25
D,DISPATCH,UNIT_SCADA,1,"2019/09/06 10:40:00",BARCALDN,0
D,DISPATCH,UNIT_SCADA,1,"2019/09/06 10:40:00",BARRON-1,0
D,DISPATCH,UNIT_SCADA,1,"2019/09/06 10:40:00",BARRON-2,0
D,DISPATCH,UNIT_SCADA,1,"2019/09/06 10:40:00",BASTYAN,80.13
D,DISPATCH,UNIT_SCADA,1,"2019/09/06 10:40:00",BBTHREE1,0
D,DISPATCH,UNIT_SCADA,1,"2019/09/06 10:40:00",BBTHREE2,0
D,DISPATCH,UNIT_SCADA,1,"2019/09/06 10:40:00",BBTHREE3,0
D,DISPATCH,UNIT_SCADA,1,"2019/09/06 10:40:00",BDL01,-0.06
D,DISPATCH,UNIT_SCADA,1,"2019/09/06 10:40:00",BDL02,-0.06
D,DISPATCH,UNIT_SCADA,1,"2019/09/06 10:40:00",BERYLSF1,64.6111
D,DISPATCH,UNIT_SCADA,1,"2019/09/06 10:40:00",BLOWERNG,15.30
D,DISPATCH,UNIT_SCADA,1,"2019/09/06 10:40:00",BLUFF1,52.60
D,DISPATCH,UNIT_SCADA,1,"2019/09/06 10:40:00",BNGSF1,12.32
D,DISPATCH,UNIT_SCADA,1,"2019/09/06 10:40:00",BNGSF2,4.64
D,DISPATCH,UNIT_SCADA,1,"2019/09/06 10:40:00",BOCORWF1,70.73
D,DISPATCH,UNIT_SCADA,1,"2019/09/06 10:40:00",BODWF1,82.110790
D,DISPATCH,UNIT_SCADA,1,"2019/09/06 10:40:00",BRAEMAR1,0
D,DISPATCH,UNIT_SCADA,1,"2019/09/06 10:40:00",BRAEMAR2,0
D,DISPATCH,UNIT_SCADA,1,"2019/09/06 10:40:00",BRAEMAR3,0
D,DISPATCH,UNIT_SCADA,1,"2019/09/06 10:40:00",BRAEMAR5,0
D,DISPATCH,UNIT_SCADA,1,"2019/09/06 10:40:00",BRAEMAR6,0
D,DISPATCH,UNIT_SCADA,1,"2019/09/06 10:40:00",BRAEMAR7,0
D,DISPATCH,UNIT_SCADA,1,"2019/09/06 10:40:00",BROKENH1,52.222170
D,DISPATCH,UNIT_SCADA,1,"2019/09/06 10:40:00",BW01,540.699950
D,DISPATCH,UNIT_SCADA,1,"2019/09/06 10:40:00",BW02,543.175050
D,DISPATCH,UNIT_SCADA,1,"2019/09/06 10:40:00",BW03,611.174930
D,DISPATCH,UNIT_SCADA,1,"2019/09/06 10:40:00",BW04,0
D,DISPATCH,UNIT_SCADA,1,"2019/09/06 10:40:00",CALL_B_1,281.50
D,DISPATCH,UNIT_SCADA,1,"2019/09/06 10:40:00",CALL_B_2,280.50
D,DISPATCH,UNIT_SCADA,1,"2019/09/06 10:40:00",CETHANA,97.046880
D,DISPATCH,UNIT_SCADA,1,"2019/09/06 10:40:00",CG1,0
D,DISPATCH,UNIT_SCADA,1,"2019/09/06 10:40:00",CG2,0
D,DISPATCH,UNIT_SCADA,1,"2019/09/06 10:40:00",CG3,0
D,DISPATCH,UNIT_SCADA,1,"2019/09/06 10:40:00",CG4,0
D,DISPATCH,UNIT_SCADA,1,"2019/09/06 10:40:00",CHILDSF1,46.05
D,DISPATCH,UNIT_SCADA,1,"2019/09/06 10:40:00",CLARESF1,47.470590
D,DISPATCH,UNIT_SCADA,1,"2019/09/06 10:40:00",CLEMGPWF,52.6576
D,DISPATCH,UNIT_SCADA,1,"2019/09/06 10:40:00",CLERMSF1,14.72
D,DISPATCH,UNIT_SCADA,1,"2019/09/06 10:40:00",COLEASF1,30.30
D,DISPATCH,UNIT_SCADA,1,"2019/09/06 10:40:00",COOPGWF1,46.464280
D,DISPATCH,UNIT_SCADA,1,"2019/09/06 10:40:00",CPP_3,223.025010
D,DISPATCH,UNIT_SCADA,1,"2019/09/06 10:40:00",CPP_4,271.700010
D,DISPATCH,UNIT_SCADA,1,"2019/09/06 10:40:00",CPSA,75.746250
D,DISPATCH,UNIT_SCADA,1,"2019/09/06 10:40:00",CROOKWF2,84.923750
D,DISPATCH,UNIT_SCADA,1,"2019/09/06 10:40:00",CROWLWF1,41.627650
D,DISPATCH,UNIT_SCADA,1,"2019/09/06 10:40:00",CSPVPS1,31.9860
D,DISPATCH,UNIT_SCADA,1,"2019/09/06 10:40:00",DALNTH01,0
D,DISPATCH,UNIT_SCADA,1,"2019/09/06 10:40:00",DALNTHL1,0.016780
D,DISPATCH,UNIT_SCADA,1,"2019/09/06 10:40:00",DARTM1,2.20
D,DISPATCH,UNIT_SCADA,1,"2019/09/06 10:40:00",DAYDSF1,116.539010
D,DISPATCH,UNIT_SCADA,1,"2019/09/06 10:40:00",DDPS1,0
D,DISPATCH,UNIT_SCADA,1,"2019/09/06 10:40:00",DDSF1,106.954750
D,DISPATCH,UNIT_SCADA,1,"2019/09/06 10:40:00",DEVILS_G,0
D,DISPATCH,UNIT_SCADA,1,"2019/09/06 10:40:00",DG_NSW1,0
D,DISPATCH,UNIT_SCADA,1,"2019/09/06 10:40:00",DG_QLD1,0
D,DISPATCH,UNIT_SCADA,1,"2019/09/06 10:40:00",DG_SA1,0
D,DISPATCH,UNIT_SCADA,1,"2019/09/06 10:40:00",DG_TAS1,0
D,DISPATCH,UNIT_SCADA,1,"2019/09/06 10:40:00",DG_VIC1,0
D,DISPATCH,UNIT_SCADA,1,"2019/09/06 10:40:00",DRYCGT1,0
D,DISPATCH,UNIT_SCADA,1,"2019/09/06 10:40:00",DRYCGT2,0
D,DISPATCH,UNIT_SCADA,1,"2019/09/06 10:40:00",DRYCGT3,0
D,DISPATCH,UNIT_SCADA,1,"2019/09/06 10:40:00",EILDON1,0
D,DISPATCH,UNIT_SCADA,1,"2019/09/06 10:40:00",EILDON2,0
D,DISPATCH,UNIT_SCADA,1,"2019/09/06 10:40:00",EMERASF1,67.97
D,DISPATCH,UNIT_SCADA,1,"2019/09/06 10:40:00",ER01,511.275020
D,DISPATCH,UNIT_SCADA,1,"2019/09/06 10:40:00",ER02,615.25
D,DISPATCH,UNIT_SCADA,1,"2019/09/06 10:40:00",ER03,0
D,DISPATCH,UNIT_SCADA,1,"2019/09/06 10:40:00",ER04,612.50
D,DISPATCH,UNIT_SCADA,1,"2019/09/06 10:40:00",FINLYSF1,0
D,DISPATCH,UNIT_SCADA,1,"2019/09/06 10:40:00",FISHER,45.76
D,DISPATCH,UNIT_SCADA,1,"2019/09/06 10:40:00",GANNBG1,0
D,DISPATCH,UNIT_SCADA,1,"2019/09/06 10:40:00",GANNBL1,6.247220
D,DISPATCH,UNIT_SCADA,1,"2019/09/06 10:40:00",GANNSF1,37.20
D,DISPATCH,UNIT_SCADA,1,"2019/09/06 10:40:00",GORDON,18.4072
D,DISPATCH,UNIT_SCADA,1,"2019/09/06 10:40:00",GSTONE1,131.25
D,DISPATCH,UNIT_SCADA,1,"2019/09/06 10:40:00",GSTONE2,109.7250
D,DISPATCH,UNIT_SCADA,1,"2019/09/06 10:40:00",GSTONE3,0
D,DISPATCH,UNIT_SCADA,1,"2019/09/06 10:40:00",GSTONE4,130.024990
D,DISPATCH,UNIT_SCADA,1,"2019/09/06 10:40:00",GSTONE5,131.599990
D,DISPATCH,UNIT_SCADA,1,"2019/09/06 10:40:00",GSTONE6,129.6750
D,DISPATCH,UNIT_SCADA,1,"2019/09/06 10:40:00",GULLRSF1,8.601350
D,DISPATCH,UNIT_SCADA,1,"2019/09/06 10:40:00",GULLRWF1,139.065190
D,DISPATCH,UNIT_SCADA,1,"2019/09/06 10:40:00",GUNNING1,36.132540
D,DISPATCH,UNIT_SCADA,1,"2019/09/06 10:40:00",GUTHEGA,0
D,DISPATCH,UNIT_SCADA,1,"2019/09/06 10:40:00",HALLWF1,-0.48
D,DISPATCH,UNIT_SCADA,1,"2019/09/06 10:40:00",HALLWF2,-0.30
D,DISPATCH,UNIT_SCADA,1,"2019/09/06 10:40:00",HAMISF1,46.40
D,DISPATCH,UNIT_SCADA,1,"2019/09/06 10:40:00",HAUGHT11,93.446140
D,DISPATCH,UNIT_SCADA,1,"2019/09/06 10:40:00",HAYMSF1,41.4210
D,DISPATCH,UNIT_SCADA,1,"2019/09/06 10:40:00",HDWF1,99.30
D,DISPATCH,UNIT_SCADA,1,"2019/09/06 10:40:00",HDWF2,100
D,DISPATCH,UNIT_SCADA,1,"2019/09/06 10:40:00",HDWF3,109
D,DISPATCH,UNIT_SCADA,1,"2019/09/06 10:40:00",HPRG1,5.40
D,DISPATCH,UNIT_SCADA,1,"2019/09/06 10:40:00",HPRL1,0
D,DISPATCH,UNIT_SCADA,1,"2019/09/06 10:40:00",HUMENSW,0
D,DISPATCH,UNIT_SCADA,1,"2019/09/06 10:40:00",HUMEV,24.20
D,DISPATCH,UNIT_SCADA,1,"2019/09/06 10:40:00",HVGTS,0
D,DISPATCH,UNIT_SCADA,1,"2019/09/06 10:40:00",JBUTTERS,119.28
D,DISPATCH,UNIT_SCADA,1,"2019/09/06 10:40:00",JLA01,0.10
D,DISPATCH,UNIT_SCADA,1,"2019/09/06 10:40:00",JLA02,0
D,DISPATCH,UNIT_SCADA,1,"2019/09/06 10:40:00",JLA03,0
D,DISPATCH,UNIT_SCADA,1,"2019/09/06 10:40:00",JLA04,0
D,DISPATCH,UNIT_SCADA,1,"2019/09/06 10:40:00",JLB01,0
D,DISPATCH,UNIT_SCADA,1,"2019/09/06 10:40:00",JLB02,0.10
D,DISPATCH,UNIT_SCADA,1,"2019/09/06 10:40:00",JLB03,0
D,DISPATCH,UNIT_SCADA,1,"2019/09/06 10:40:00",KAREEYA1,21.48
D,DISPATCH,UNIT_SCADA,1,"2019/09/06 10:40:00",KAREEYA2,21.7650
D,DISPATCH,UNIT_SCADA,1,"2019/09/06 10:40:00",KAREEYA3,0
D,DISPATCH,UNIT_SCADA,1,"2019/09/06 10:40:00",KAREEYA4,21.6150
D,DISPATCH,UNIT_SCADA,1,"2019/09/06 10:40:00",KARSF1,43.90
D,DISPATCH,UNIT_SCADA,1,"2019/09/06 10:40:00",KIATAWF1,24.70
D,DISPATCH,UNIT_SCADA,1,"2019/09/06 10:40:00",KPP_1,0
D,DISPATCH,UNIT_SCADA,1,"2019/09/06 10:40:00",KSP1,45.95
D,DISPATCH,UNIT_SCADA,1,"2019/09/06 10:40:00",LADBROK1,0
D,DISPATCH,UNIT_SCADA,1,"2019/09/06 10:40:00",LADBROK2,0
D,DISPATCH,UNIT_SCADA,1,"2019/09/06 10:40:00",LD01,366.262480
D,DISPATCH,UNIT_SCADA,1,"2019/09/06 10:40:00",LD02,375.731320
D,DISPATCH,UNIT_SCADA,1,"2019/09/06 10:40:00",LD03,372.974950
D,DISPATCH,UNIT_SCADA,1,"2019/09/06 10:40:00",LD04,368.962550
D,DISPATCH,UNIT_SCADA,1,"2019/09/06 10:40:00",LEM_WIL,84.794340
D,DISPATCH,UNIT_SCADA,1,"2019/09/06 10:40:00",LGAPWF1,32.82
D,DISPATCH,UNIT_SCADA,1,"2019/09/06 10:40:00",LILYSF1,0
D,DISPATCH,UNIT_SCADA,1,"2019/09/06 10:40:00",LI_WY_CA,155.303890
D,DISPATCH,UNIT_SCADA,1,"2019/09/06 10:40:00",LKBONNY2,53.992010
D,DISPATCH,UNIT_SCADA,1,"2019/09/06 10:40:00",LKBONNY3,20.095930
D,DISPATCH,UNIT_SCADA,1,"2019/09/06 10:40:00",LK_ECHO,0
D,DISPATCH,UNIT_SCADA,1,"2019/09/06 10:40:00",LNGS1,0
D,DISPATCH,UNIT_SCADA,1,"2019/09/06 10:40:00",LNGS2,0
D,DISPATCH,UNIT_SCADA,1,"2019/09/06 10:40:00",LONSDALE,0
D,DISPATCH,UNIT_SCADA,1,"2019/09/06 10:40:00",LOYYB1,536.840520
D,DISPATCH,UNIT_SCADA,1,"2019/09/06 10:40:00",LOYYB2,583.834170
D,DISPATCH,UNIT_SCADA,1,"2019/09/06 10:40:00",LYA1,0
D,DISPATCH,UNIT_SCADA,1,"2019/09/06 10:40:00",LYA2,0
D,DISPATCH,UNIT_SCADA,1,"2019/09/06 10:40:00",LYA3,559
D,DISPATCH,UNIT_SCADA,1,"2019/09/06 10:40:00",LYA4,542
D,DISPATCH,UNIT_SCADA,1,"2019/09/06 10:40:00",MACARTH1,151.3965
D,DISPATCH,UNIT_SCADA,1,"2019/09/06 10:40:00",MACKAYGT,0.2240
D,DISPATCH,UNIT_SCADA,1,"2019/09/06 10:40:00",MACKNTSH,88.05
D,DISPATCH,UNIT_SCADA,1,"2019/09/06 10:40:00",MANSLR1,33.7640
D,DISPATCH,UNIT_SCADA,1,"2019/09/06 10:40:00",MCKAY1,-0.0350
D,DISPATCH,UNIT_SCADA,1,"2019/09/06 10:40:00",MEADOWBK,33.895880
D,DISPATCH,UNIT_SCADA,1,"2019/09/06 10:40:00",MERCER01,80.0640
D,DISPATCH,UNIT_SCADA,1,"2019/09/06 10:40:00",MEWF1,44.724220
D,DISPATCH,UNIT_SCADA,1,"2019/09/06 10:40:00",MINTARO,0
D,DISPATCH,UNIT_SCADA,1,"2019/09/06 10:40:00",MOREESF1,50.3560
D,DISPATCH,UNIT_SCADA,1,"2019/09/06 10:40:00",MORTLK11,124
D,DISPATCH,UNIT_SCADA,1,"2019/09/06 10:40:00",MORTLK12,0
D,DISPATCH,UNIT_SCADA,1,"2019/09/06 10:40:00",MP1,153.8750
D,DISPATCH,UNIT_SCADA,1,"2019/09/06 10:40:00",MP2,0
D,DISPATCH,UNIT_SCADA,1,"2019/09/06 10:40:00",MPP_1,399
D,DISPATCH,UNIT_SCADA,1,"2019/09/06 10:40:00",MPP_2,420.75
D,DISPATCH,UNIT_SCADA,1,"2019/09/06 10:40:00",MSTUART1,0
D,DISPATCH,UNIT_SCADA,1,"2019/09/06 10:40:00",MSTUART2,0
D,DISPATCH,UNIT_SCADA,1,"2019/09/06 10:40:00",MSTUART3,0
D,DISPATCH,UNIT_SCADA,1,"2019/09/06 10:40:00",MTGELWF1,41.332740
D,DISPATCH,UNIT_SCADA,1,"2019/09/06 10:40:00",MURRAY,0
D,DISPATCH,UNIT_SCADA,1,"2019/09/06 10:40:00",MUSSELR1,164.899990
D,DISPATCH,UNIT_SCADA,1,"2019/09/06 10:40:00",MUWAWF1,58.11
D,DISPATCH,UNIT_SCADA,1,"2019/09/06 10:40:00",NBHWF1,118.70
D,DISPATCH,UNIT_SCADA,1,"2019/09/06 10:40:00",NPS,0
D,DISPATCH,UNIT_SCADA,1,"2019/09/06 10:40:00",NUMURSF1,17.84
D,DISPATCH,UNIT_SCADA,1,"2019/09/06 10:40:00",NYNGAN1,99.75
D,DISPATCH,UNIT_SCADA,1,"2019/09/06 10:40:00",OAKEY1,0
D,DISPATCH,UNIT_SCADA,1,"2019/09/06 10:40:00",OAKEY1SF,22.4320
D,DISPATCH,UNIT_SCADA,1,"2019/09/06 10:40:00",OAKEY2,0
D,DISPATCH,UNIT_SCADA,1,"2019/09/06 10:40:00",OAKEY2SF,0
D,DISPATCH,UNIT_SCADA,1,"2019/09/06 10:40:00",OAKLAND1,20.90
D,DISPATCH,UNIT_SCADA,1,"2019/09/06 10:40:00",OSB-AG,0
D,DISPATCH,UNIT_SCADA,1,"2019/09/06 10:40:00",PARSF1,49.903140
D,DISPATCH,UNIT_SCADA,1,"2019/09/06 10:40:00",POAT110,0
D,DISPATCH,UNIT_SCADA,1,"2019/09/06 10:40:00",POAT220,6.02
D,DISPATCH,UNIT_SCADA,1,"2019/09/06 10:40:00",POR01,0
D,DISPATCH,UNIT_SCADA,1,"2019/09/06 10:40:00",POR03,0
D,DISPATCH,UNIT_SCADA,1,"2019/09/06 10:40:00",PPCCGT,0
D,DISPATCH,UNIT_SCADA,1,"2019/09/06 10:40:00",PTSTAN1,0
D,DISPATCH,UNIT_SCADA,1,"2019/09/06 10:40:00",PUMP1,0
D,DISPATCH,UNIT_SCADA,1,"2019/09/06 10:40:00",PUMP2,0
D,DISPATCH,UNIT_SCADA,1,"2019/09/06 10:40:00",QPS1,0
D,DISPATCH,UNIT_SCADA,1,"2019/09/06 10:40:00",QPS2,0
D,DISPATCH,UNIT_SCADA,1,"2019/09/06 10:40:00",QPS3,0
D,DISPATCH,UNIT_SCADA,1,"2019/09/06 10:40:00",QPS4,0
D,DISPATCH,UNIT_SCADA,1,"2019/09/06 10:40:00",QPS5,0
D,DISPATCH,UNIT_SCADA,1,"2019/09/06 10:40:00",REECE1,105.320010
D,DISPATCH,UNIT_SCADA,1,"2019/09/06 10:40:00",REECE2,113.110010
D,DISPATCH,UNIT_SCADA,1,"2019/09/06 10:40:00",ROMA_7,0
D,DISPATCH,UNIT_SCADA,1,"2019/09/06 10:40:00",ROMA_8,0
D,DISPATCH,UNIT_SCADA,1,"2019/09/06 10:40:00",RRSF1,109.081330
D,DISPATCH,UNIT_SCADA,1,"2019/09/06 10:40:00",RT_NSW1,0
D,DISPATCH,UNIT_SCADA,1,"2019/09/06 10:40:00",RT_NSW2,0
D,DISPATCH,UNIT_SCADA,1,"2019/09/06 10:40:00",RT_NSW3,0
D,DISPATCH,UNIT_SCADA,1,"2019/09/06 10:40:00",RT_NSW4,0
D,DISPATCH,UNIT_SCADA,1,"2019/09/06 10:40:00",RT_NSW5,0
D,DISPATCH,UNIT_SCADA,1,"2019/09/06 10:40:00",RT_NSW6,0
D,DISPATCH,UNIT_SCADA,1,"2019/09/06 10:40:00",RT_QLD1,0
D,DISPATCH,UNIT_SCADA,1,"2019/09/06 10:40:00",RT_SA1,0
D,DISPATCH,UNIT_SCADA,1,"2019/09/06 10:40:00",RT_SA2,0
D,DISPATCH,UNIT_SCADA,1,"2019/09/06 10:40:00",RT_SA3,0
D,DISPATCH,UNIT_SCADA,1,"2019/09/06 10:40:00",RT_SA4,0
D,DISPATCH,UNIT_SCADA,1,"2019/09/06 10:40:00",RT_SA5,0
D,DISPATCH,UNIT_SCADA,1,"2019/09/06 10:40:00",RT_SA6,0
D,DISPATCH,UNIT_SCADA,1,"2019/09/06 10:40:00",RT_TAS1,0
D,DISPATCH,UNIT_SCADA,1,"2019/09/06 10:40:00",RT_VIC1,0
D,DISPATCH,UNIT_SCADA,1,"2019/09/06 10:40:00",RT_VIC10,0
D,DISPATCH,UNIT_SCADA,1,"2019/09/06 10:40:00",RT_VIC11,0
D,DISPATCH,UNIT_SCADA,1,"2019/09/06 10:40:00",RT_VIC12,0
D,DISPATCH,UNIT_SCADA,1,"2019/09/06 10:40:00",RT_VIC2,0
D,DISPATCH,UNIT_SCADA,1,"2019/09/06 10:40:00",RT_VIC3,0
D,DISPATCH,UNIT_SCADA,1,"2019/09/06 10:40:00",RT_VIC4,0
D,DISPATCH,UNIT_SCADA,1,"2019/09/06 10:40:00",RT_VIC5,0
D,DISPATCH,UNIT_SCADA,1,"2019/09/06 10:40:00",RT_VIC6,0
D,DISPATCH,UNIT_SCADA,1,"2019/09/06 10:40:00",RT_VIC7,0
D,DISPATCH,UNIT_SCADA,1,"2019/09/06 10:40:00",RT_VIC8,0
D,DISPATCH,UNIT_SCADA,1,"2019/09/06 10:40:00",RT_VIC9,0
D,DISPATCH,UNIT_SCADA,1,"2019/09/06 10:40:00",RUGBYR1,64.325630
D,DISPATCH,UNIT_SCADA,1,"2019/09/06 10:40:00",SALTCRK1,10.26
D,DISPATCH,UNIT_SCADA,1,"2019/09/06 10:40:00",SAPHWF1,165.815610
D,DISPATCH,UNIT_SCADA,1,"2019/09/06 10:40:00",SHGEN,0
D,DISPATCH,UNIT_SCADA,1,"2019/09/06 10:40:00",SHPUMP,79.621080
D,DISPATCH,UNIT_SCADA,1,"2019/09/06 10:40:00",SITHE01,0.1840
D,DISPATCH,UNIT_SCADA,1,"2019/09/06 10:40:00",SMCSF1,87.352020
D,DISPATCH,UNIT_SCADA,1,"2019/09/06 10:40:00",SNOWNTH1,139
D,DISPATCH,UNIT_SCADA,1,"2019/09/06 10:40:00",SNOWSTH1,115.90
D,DISPATCH,UNIT_SCADA,1,"2019/09/06 10:40:00",SNOWTWN1,83.6657
D,DISPATCH,UNIT_SCADA,1,"2019/09/06 10:40:00",SNOWYP,200.100010
D,DISPATCH,UNIT_SCADA,1,"2019/09/06 10:40:00",SNUG1,0.019440
D,DISPATCH,UNIT_SCADA,1,"2019/09/06 10:40:00",SRSF1,70.26
D,DISPATCH,UNIT_SCADA,1,"2019/09/06 10:40:00",STAN-1,224.439680
D,DISPATCH,UNIT_SCADA,1,"2019/09/06 10:40:00",STAN-2,230.951130
D,DISPATCH,UNIT_SCADA,1,"2019/09/06 10:40:00",STAN-3,232.220080
D,DISPATCH,UNIT_SCADA,1,"2019/09/06 10:40:00",STAN-4,232.925060
D,DISPATCH,UNIT_SCADA,1,"2019/09/06 10:40:00",STWF1,0
D,DISPATCH,UNIT_SCADA,1,"2019/09/06 10:40:00",SWAN_E,0
D,DISPATCH,UNIT_SCADA,1,"2019/09/06 10:40:00",TALWA1,189
D,DISPATCH,UNIT_SCADA,1,"2019/09/06 10:40:00",TARALGA1,80.478760
D,DISPATCH,UNIT_SCADA,1,"2019/09/06 10:40:00",TARONG#1,349.100010
D,DISPATCH,UNIT_SCADA,1,"2019/09/06 10:40:00",TARONG#2,0
D,DISPATCH,UNIT_SCADA,1,"2019/09/06 10:40:00",TARONG#3,279.600010
D,DISPATCH,UNIT_SCADA,1,"2019/09/06 10:40:00",TARONG#4,349.800020
D,DISPATCH,UNIT_SCADA,1,"2019/09/06 10:40:00",TARRALEA,74.10
D,DISPATCH,UNIT_SCADA,1,"2019/09/06 10:40:00",TBSF1,39.60
D,DISPATCH,UNIT_SCADA,1,"2019/09/06 10:40:00",TNPS1,398.800020
D,DISPATCH,UNIT_SCADA,1,"2019/09/06 10:40:00",TORRA1,42.026370
D,DISPATCH,UNIT_SCADA,1,"2019/09/06 10:40:00",TORRA2,0
D,DISPATCH,UNIT_SCADA,1,"2019/09/06 10:40:00",TORRA3,0
D,DISPATCH,UNIT_SCADA,1,"2019/09/06 10:40:00",TORRA4,40.387790
D,DISPATCH,UNIT_SCADA,1,"2019/09/06 10:40:00",TORRB1,65.03
D,DISPATCH,UNIT_SCADA,1,"2019/09/06 10:40:00",TORRB2,66.30
D,DISPATCH,UNIT_SCADA,1,"2019/09/06 10:40:00",TORRB3,59.60
D,DISPATCH,UNIT_SCADA,1,"2019/09/06 10:40:00",TORRB4,0
D,DISPATCH,UNIT_SCADA,1,"2019/09/06 10:40:00",TREVALLN,66.880010
D,DISPATCH,UNIT_SCADA,1,"2019/09/06 10:40:00",TRIBUTE,0
D,DISPATCH,UNIT_SCADA,1,"2019/09/06 10:40:00",TUMUT3,0
D,DISPATCH,UNIT_SCADA,1,"2019/09/06 10:40:00",TUNGATIN,120.630040
D,DISPATCH,UNIT_SCADA,1,"2019/09/06 10:40:00",TVCC201,0
D,DISPATCH,UNIT_SCADA,1,"2019/09/06 10:40:00",TVPP104,0
D,DISPATCH,UNIT_SCADA,1,"2019/09/06 10:40:00",UPPTUMUT,0
D,DISPATCH,UNIT_SCADA,1,"2019/09/06 10:40:00",URANQ11,0
D,DISPATCH,UNIT_SCADA,1,"2019/09/06 10:40:00",URANQ12,0
D,DISPATCH,UNIT_SCADA,1,"2019/09/06 10:40:00",URANQ13,0
D,DISPATCH,UNIT_SCADA,1,"2019/09/06 10:40:00",URANQ14,0
D,DISPATCH,UNIT_SCADA,1,"2019/09/06 10:40:00",VP5,535.950010
D,DISPATCH,UNIT_SCADA,1,"2019/09/06 10:40:00",VP6,0
D,DISPATCH,UNIT_SCADA,1,"2019/09/06 10:40:00",VPGS1,0
D,DISPATCH,UNIT_SCADA,1,"2019/09/06 10:40:00",VPGS2,0
D,DISPATCH,UNIT_SCADA,1,"2019/09/06 10:40:00",VPGS3,0
D,DISPATCH,UNIT_SCADA,1,"2019/09/06 10:40:00",VPGS4,0
D,DISPATCH,UNIT_SCADA,1,"2019/09/06 10:40:00",VPGS5,0
D,DISPATCH,UNIT_SCADA,1,"2019/09/06 10:40:00",VPGS6,0
D,DISPATCH,UNIT_SCADA,1,"2019/09/06 10:40:00",W/HOE#1,0
D,DISPATCH,UNIT_SCADA,1,"2019/09/06 10:40:00",W/HOE#2,0
D,DISPATCH,UNIT_SCADA,1,"2019/09/06 10:40:00",WATERLWF,95.30
D,DISPATCH,UNIT_SCADA,1,"2019/09/06 10:40:00",WEMENSF1,31.30
D,DISPATCH,UNIT_SCADA,1,"2019/09/06 10:40:00",WGWF1,8.50
D,DISPATCH,UNIT_SCADA,1,"2019/09/06 10:40:00",WHITSF1,42.90
D,DISPATCH,UNIT_SCADA,1,"2019/09/06 10:40:00",WKIEWA1,32.80
D,DISPATCH,UNIT_SCADA,1,"2019/09/06 10:40:00",WKIEWA2,0.10
D,DISPATCH,UNIT_SCADA,1,"2019/09/06 10:40:00",WOODLWN1,12.239990
D,DISPATCH,UNIT_SCADA,1,"2019/09/06 10:40:00",WRSF1,17.39
D,DISPATCH,UNIT_SCADA,1,"2019/09/06 10:40:00",WRWF1,122.490010
D,DISPATCH,UNIT_SCADA,1,"2019/09/06 10:40:00",YABULU,0
D,DISPATCH,UNIT_SCADA,1,"2019/09/06 10:40:00",YABULU2,0
D,DISPATCH,UNIT_SCADA,1,"2019/09/06 10:40:00",YARWUN_1,120.21
D,DISPATCH,UNIT_SCADA,1,"2019/09/06 10:40:00",YENDWF1,41.52
D,DISPATCH,UNIT_SCADA,1,"2019/09/06 10:40:00",YWPS1,372.430390
D,DISPATCH,UNIT_SCADA,1,"2019/09/06 10:40:00",YWPS2,274.683530
D,DISPATCH,UNIT_SCADA,1,"2019/09/06 10:40:00",YWPS3,333.136720
D,DISPATCH,UNIT_SCADA,1,"2019/09/06 10:40:00",YWPS4,398.907590
C,"END OF REPORT",335
