C,NEMP.WORLD,DISPATCHSCADA,AEMO,PUBLIC,2019/08/21,02:40:09,0000000311809308,DISPATCHSCADA,0000000311809302
I,DISPATCH,UNIT_SCADA,1,SETTLEMENTDATE,DUID,SCADAVALUE
D,DISPATCH,UNIT_SCADA,1,"2019/08/21 02:45:00",BARCSF1,0.50
D,DISPATCH,UNIT_SCADA,1,"2019/08/21 02:45:00",BUTLERSG,9.699999
D,DISPATCH,UNIT_SCADA,1,"2019/08/21 02:45:00",CALL_A_4,0
D,DISPATCH,UNIT_SCADA,1,"2019/08/21 02:45:00",CAPTL_WF,127.143997
D,DISPATCH,UNIT_SCADA,1,"2019/08/21 02:45:00",CATHROCK,38.299999
D,DISPATCH,UNIT_SCADA,1,"2019/08/21 02:45:00",CHALLHWF,36.50
D,DISPATCH,UNIT_SCADA,1,"2019/08/21 02:45:00",CLOVER,0
D,DISPATCH,UNIT_SCADA,1,"2019/08/21 02:45:00",CLUNY,20.597391
D,DISPATCH,UNIT_SCADA,1,"2019/08/21 02:45:00",CNUNDAWF,41.848816
D,DISPATCH,UNIT_SCADA,1,"2019/08/21 02:45:00",CULLRGWF,30.389999
D,DISPATCH,UNIT_SCADA,1,"2019/08/21 02:45:00",ERGT01,0
D,DISPATCH,UNIT_SCADA,1,"2019/08/21 02:45:00",GB01,0.063969
D,DISPATCH,UNIT_SCADA,1,"2019/08/21 02:45:00",GERMCRK,38.50
D,DISPATCH,UNIT_SCADA,1,"2019/08/21 02:45:00",GRIFSF1,0
D,DISPATCH,UNIT_SCADA,1,"2019/08/21 02:45:00",HUGSF1,-0.2040
D,DISPATCH,UNIT_SCADA,1,"2019/08/21 02:45:00",LKBONNY1,76.538124
D,DISPATCH,UNIT_SCADA,1,"2019/08/21 02:45:00",LRSF1,0.0290
D,DISPATCH,UNIT_SCADA,1,"2019/08/21 02:45:00",MBAHNTH,55.724991
D,DISPATCH,UNIT_SCADA,1,"2019/08/21 02:45:00",MLSP1,0.283001
D,DISPATCH,UNIT_SCADA,1,"2019/08/21 02:45:00",MLWF1,19.064999
D,DISPATCH,UNIT_SCADA,1,"2019/08/21 02:45:00",MTMILLAR,21.862574
D,DISPATCH,UNIT_SCADA,1,"2019/08/21 02:45:00",PALOONA,26.40
D,DISPATCH,UNIT_SCADA,1,"2019/08/21 02:45:00",PIONEER,30.90
D,DISPATCH,UNIT_SCADA,1,"2019/08/21 02:45:00",PORTWF,137.399994
D,DISPATCH,UNIT_SCADA,1,"2019/08/21 02:45:00",REPULSE,28.580149
D,DISPATCH,UNIT_SCADA,1,"2019/08/21 02:45:00",ROWALLAN,10.0252
D,DISPATCH,UNIT_SCADA,1,"2019/08/21 02:45:00",ROYALLA1,0
D,DISPATCH,UNIT_SCADA,1,"2019/08/21 02:45:00",RPCG,11
D,DISPATCH,UNIT_SCADA,1,"2019/08/21 02:45:00",RUBICON,0
D,DISPATCH,UNIT_SCADA,1,"2019/08/21 02:45:00",SATGN1,0
D,DISPATCH,UNIT_SCADA,1,"2019/08/21 02:45:00",SATGS1,0
D,DISPATCH,UNIT_SCADA,1,"2019/08/21 02:45:00",STARHLWF,13.096181
D,DISPATCH,UNIT_SCADA,1,"2019/08/21 02:45:00",WAUBRAWF,164.748993
D,DISPATCH,UNIT_SCADA,1,"2019/08/21 02:45:00",WOOLNTH1,101.970016
D,DISPATCH,UNIT_SCADA,1,"2019/08/21 02:45:00",WPWF,48
D,DISPATCH,UNIT_SCADA,1,"2019/08/21 02:45:00",YAMBUKWF,29.299999
D,DISPATCH,UNIT_SCADA,1,"2019/08/21 02:45:00",YSWF1,28.700001
D,DISPATCH,UNIT_SCADA,1,"2019/08/21 02:45:00",AGLHAL,0
D,DISPATCH,UNIT_SCADA,1,"2019/08/21 02:45:00",AGLSOM,0
D,DISPATCH,UNIT_SCADA,1,"2019/08/21 02:45:00",ANGAST1,0
D,DISPATCH,UNIT_SCADA,1,"2019/08/21 02:45:00",ARWF1,51.20
D,DISPATCH,UNIT_SCADA,1,"2019/08/21 02:45:00",BALBG1,0
D,DISPATCH,UNIT_SCADA,1,"2019/08/21 02:45:00",BALBL1,2.88
D,DISPATCH,UNIT_SCADA,1,"2019/08/21 02:45:00",BALDHWF1,101.018010
D,DISPATCH,UNIT_SCADA,1,"2019/08/21 02:45:00",BANN1,0
D,DISPATCH,UNIT_SCADA,1,"2019/08/21 02:45:00",BARCALDN,0
D,DISPATCH,UNIT_SCADA,1,"2019/08/21 02:45:00",BARRON-1,0
D,DISPATCH,UNIT_SCADA,1,"2019/08/21 02:45:00",BARRON-2,0
D,DISPATCH,UNIT_SCADA,1,"2019/08/21 02:45:00",BASTYAN,79.59
D,DISPATCH,UNIT_SCADA,1,"2019/08/21 02:45:00",BBTHREE1,-2.01
D,DISPATCH,UNIT_SCADA,1,"2019/08/21 02:45:00",BBTHREE2,-2.01
D,DISPATCH,UNIT_SCADA,1,"2019/08/21 02:45:00",BBTHREE3,-1.15
D,DISPATCH,UNIT_SCADA,1,"2019/08/21 02:45:00",BDL01,0
D,DISPATCH,UNIT_SCADA,1,"2019/08/21 02:45:00",BDL02,0
D,DISPATCH,UNIT_SCADA,1,"2019/08/21 02:45:00",BERYLSF1,0
D,DISPATCH,UNIT_SCADA,1,"2019/08/21 02:45:00",BLOWERNG,0
D,DISPATCH,UNIT_SCADA,1,"2019/08/21 02:45:00",BLUFF1,37.90
D,DISPATCH,UNIT_SCADA,1,"2019/08/21 02:45:00",BNGSF1,0
D,DISPATCH,UNIT_SCADA,1,"2019/08/21 02:45:00",BNGSF2,0
D,DISPATCH,UNIT_SCADA,1,"2019/08/21 02:45:00",BOCORWF1,109.45
D,DISPATCH,UNIT_SCADA,1,"2019/08/21 02:45:00",BODWF1,79.270740
D,DISPATCH,UNIT_SCADA,1,"2019/08/21 02:45:00",BRAEMAR1,0
D,DISPATCH,UNIT_SCADA,1,"2019/08/21 02:45:00",BRAEMAR2,0
D,DISPATCH,UNIT_SCADA,1,"2019/08/21 02:45:00",BRAEMAR3,0
D,DISPATCH,UNIT_SCADA,1,"2019/08/21 02:45:00",BRAEMAR5,0
D,DISPATCH,UNIT_SCADA,1,"2019/08/21 02:45:00",BRAEMAR6,0
D,DISPATCH,UNIT_SCADA,1,"2019/08/21 02:45:00",BRAEMAR7,0
D,DISPATCH,UNIT_SCADA,1,"2019/08/21 02:45:00",BROKENH1,0
D,DISPATCH,UNIT_SCADA,1,"2019/08/21 02:45:00",BW01,445.525020
D,DISPATCH,UNIT_SCADA,1,"2019/08/21 02:45:00",BW02,553.50
D,DISPATCH,UNIT_SCADA,1,"2019/08/21 02:45:00",BW03,529.049930
D,DISPATCH,UNIT_SCADA,1,"2019/08/21 02:45:00",BW04,0
D,DISPATCH,UNIT_SCADA,1,"2019/08/21 02:45:00",CALL_B_1,349.200010
D,DISPATCH,UNIT_SCADA,1,"2019/08/21 02:45:00",CALL_B_2,296.899990
D,DISPATCH,UNIT_SCADA,1,"2019/08/21 02:45:00",CETHANA,43.279130
D,DISPATCH,UNIT_SCADA,1,"2019/08/21 02:45:00",CG1,0
D,DISPATCH,UNIT_SCADA,1,"2019/08/21 02:45:00",CG2,0
D,DISPATCH,UNIT_SCADA,1,"2019/08/21 02:45:00",CG3,0
D,DISPATCH,UNIT_SCADA,1,"2019/08/21 02:45:00",CG4,0
D,DISPATCH,UNIT_SCADA,1,"2019/08/21 02:45:00",CHILDSF1,0
D,DISPATCH,UNIT_SCADA,1,"2019/08/21 02:45:00",CLARESF1,0
D,DISPATCH,UNIT_SCADA,1,"2019/08/21 02:45:00",CLEMGPWF,15.271420
D,DISPATCH,UNIT_SCADA,1,"2019/08/21 02:45:00",CLERMSF1,0
D,DISPATCH,UNIT_SCADA,1,"2019/08/21 02:45:00",COLEASF1,0
D,DISPATCH,UNIT_SCADA,1,"2019/08/21 02:45:00",COOPGWF1,46.486460
D,DISPATCH,UNIT_SCADA,1,"2019/08/21 02:45:00",CPP_3,380.050020
D,DISPATCH,UNIT_SCADA,1,"2019/08/21 02:45:00",CPP_4,381.149990
D,DISPATCH,UNIT_SCADA,1,"2019/08/21 02:45:00",CPSA,142.536880
D,DISPATCH,UNIT_SCADA,1,"2019/08/21 02:45:00",CROOKWF2,91.8250
D,DISPATCH,UNIT_SCADA,1,"2019/08/21 02:45:00",CROWLWF1,58.118140
D,DISPATCH,UNIT_SCADA,1,"2019/08/21 02:45:00",CSPVPS1,0
D,DISPATCH,UNIT_SCADA,1,"2019/08/21 02:45:00",DALNTH01,0
D,DISPATCH,UNIT_SCADA,1,"2019/08/21 02:45:00",DALNTHL1,3.010610
D,DISPATCH,UNIT_SCADA,1,"2019/08/21 02:45:00",DARTM1,0
D,DISPATCH,UNIT_SCADA,1,"2019/08/21 02:45:00",DAYDSF1,0
D,DISPATCH,UNIT_SCADA,1,"2019/08/21 02:45:00",DDPS1,0
D,DISPATCH,UNIT_SCADA,1,"2019/08/21 02:45:00",DDSF1,0
D,DISPATCH,UNIT_SCADA,1,"2019/08/21 02:45:00",DEVILS_G,50.721760
D,DISPATCH,UNIT_SCADA,1,"2019/08/21 02:45:00",DG_NSW1,0
D,DISPATCH,UNIT_SCADA,1,"2019/08/21 02:45:00",DG_QLD1,0
D,DISPATCH,UNIT_SCADA,1,"2019/08/21 02:45:00",DG_SA1,0
D,DISPATCH,UNIT_SCADA,1,"2019/08/21 02:45:00",DG_TAS1,0
D,DISPATCH,UNIT_SCADA,1,"2019/08/21 02:45:00",DG_VIC1,0
D,DISPATCH,UNIT_SCADA,1,"2019/08/21 02:45:00",DRYCGT1,0
D,DISPATCH,UNIT_SCADA,1,"2019/08/21 02:45:00",DRYCGT2,0
D,DISPATCH,UNIT_SCADA,1,"2019/08/21 02:45:00",DRYCGT3,0
D,DISPATCH,UNIT_SCADA,1,"2019/08/21 02:45:00",EILDON1,0
D,DISPATCH,UNIT_SCADA,1,"2019/08/21 02:45:00",EILDON2,0
D,DISPATCH,UNIT_SCADA,1,"2019/08/21 02:45:00",EMERASF1,0
D,DISPATCH,UNIT_SCADA,1,"2019/08/21 02:45:00",ER01,467.275020
D,DISPATCH,UNIT_SCADA,1,"2019/08/21 02:45:00",ER02,356.1499
D,DISPATCH,UNIT_SCADA,1,"2019/08/21 02:45:00",ER03,379
D,DISPATCH,UNIT_SCADA,1,"2019/08/21 02:45:00",ER04,472
D,DISPATCH,UNIT_SCADA,1,"2019/08/21 02:45:00",FINLYSF1,0
D,DISPATCH,UNIT_SCADA,1,"2019/08/21 02:45:00",FISHER,45.73
D,DISPATCH,UNIT_SCADA,1,"2019/08/21 02:45:00",GANNBG1,0
D,DISPATCH,UNIT_SCADA,1,"2019/08/21 02:45:00",GANNBL1,10.009910
D,DISPATCH,UNIT_SCADA,1,"2019/08/21 02:45:00",GANNSF1,0
D,DISPATCH,UNIT_SCADA,1,"2019/08/21 02:45:00",GORDON,0
D,DISPATCH,UNIT_SCADA,1,"2019/08/21 02:45:00",GSTONE1,135.274990
D,DISPATCH,UNIT_SCADA,1,"2019/08/21 02:45:00",GSTONE2,130.20
D,DISPATCH,UNIT_SCADA,1,"2019/08/21 02:45:00",GSTONE3,133.8750
D,DISPATCH,UNIT_SCADA,1,"2019/08/21 02:45:00",GSTONE4,137.024990
D,DISPATCH,UNIT_SCADA,1,"2019/08/21 02:45:00",GSTONE5,135.6250
D,DISPATCH,UNIT_SCADA,1,"2019/08/21 02:45:00",GSTONE6,0
D,DISPATCH,UNIT_SCADA,1,"2019/08/21 02:45:00",GULLRSF1,0
D,DISPATCH,UNIT_SCADA,1,"2019/08/21 02:45:00",GULLRWF1,160.271610
D,DISPATCH,UNIT_SCADA,1,"2019/08/21 02:45:00",GUNNING1,46.177860
D,DISPATCH,UNIT_SCADA,1,"2019/08/21 02:45:00",GUTHEGA,0
D,DISPATCH,UNIT_SCADA,1,"2019/08/21 02:45:00",HALLWF1,65.64
D,DISPATCH,UNIT_SCADA,1,"2019/08/21 02:45:00",HALLWF2,50.26
D,DISPATCH,UNIT_SCADA,1,"2019/08/21 02:45:00",HAMISF1,0
D,DISPATCH,UNIT_SCADA,1,"2019/08/21 02:45:00",HAUGHT11,0
D,DISPATCH,UNIT_SCADA,1,"2019/08/21 02:45:00",HAYMSF1,0
D,DISPATCH,UNIT_SCADA,1,"2019/08/21 02:45:00",HDWF1,72.80
D,DISPATCH,UNIT_SCADA,1,"2019/08/21 02:45:00",HDWF2,71.30
D,DISPATCH,UNIT_SCADA,1,"2019/08/21 02:45:00",HDWF3,80.10
D,DISPATCH,UNIT_SCADA,1,"2019/08/21 02:45:00",HPRG1,0
D,DISPATCH,UNIT_SCADA,1,"2019/08/21 02:45:00",HPRL1,39.90
D,DISPATCH,UNIT_SCADA,1,"2019/08/21 02:45:00",HUMENSW,0
D,DISPATCH,UNIT_SCADA,1,"2019/08/21 02:45:00",HUMEV,9.60
D,DISPATCH,UNIT_SCADA,1,"2019/08/21 02:45:00",HVGTS,0
D,DISPATCH,UNIT_SCADA,1,"2019/08/21 02:45:00",JBUTTERS,45.91
D,DISPATCH,UNIT_SCADA,1,"2019/08/21 02:45:00",JLA01,0.50
D,DISPATCH,UNIT_SCADA,1,"2019/08/21 02:45:00",JLA02,0
D,DISPATCH,UNIT_SCADA,1,"2019/08/21 02:45:00",JLA03,0.10
D,DISPATCH,UNIT_SCADA,1,"2019/08/21 02:45:00",JLA04,0.10
D,DISPATCH,UNIT_SCADA,1,"2019/08/21 02:45:00",JLB01,0
D,DISPATCH,UNIT_SCADA,1,"2019/08/21 02:45:00",JLB02,0.10
D,DISPATCH,UNIT_SCADA,1,"2019/08/21 02:45:00",JLB03,0
D,DISPATCH,UNIT_SCADA,1,"2019/08/21 02:45:00",KAREEYA1,21.4575
D,DISPATCH,UNIT_SCADA,1,"2019/08/21 02:45:00",KAREEYA2,21.5350
D,DISPATCH,UNIT_SCADA,1,"2019/08/21 02:45:00",KAREEYA3,0
D,DISPATCH,UNIT_SCADA,1,"2019/08/21 02:45:00",KAREEYA4,21.6350
D,DISPATCH,UNIT_SCADA,1,"2019/08/21 02:45:00",KARSF1,0
D,DISPATCH,UNIT_SCADA,1,"2019/08/21 02:45:00",KIATAWF1,30.70
D,DISPATCH,UNIT_SCADA,1,"2019/08/21 02:45:00",KPP_1,0
D,DISPATCH,UNIT_SCADA,1,"2019/08/21 02:45:00",KSP1,0
D,DISPATCH,UNIT_SCADA,1,"2019/08/21 02:45:00",LADBROK1,0
D,DISPATCH,UNIT_SCADA,1,"2019/08/21 02:45:00",LADBROK2,0
D,DISPATCH,UNIT_SCADA,1,"2019/08/21 02:45:00",LD01,352.706270
D,DISPATCH,UNIT_SCADA,1,"2019/08/21 02:45:00",LD02,302.943790
D,DISPATCH,UNIT_SCADA,1,"2019/08/21 02:45:00",LD03,324.337460
D,DISPATCH,UNIT_SCADA,1,"2019/08/21 02:45:00",LD04,353.118710
D,DISPATCH,UNIT_SCADA,1,"2019/08/21 02:45:00",LEM_WIL,85.9373
D,DISPATCH,UNIT_SCADA,1,"2019/08/21 02:45:00",LGAPWF1,11.12
D,DISPATCH,UNIT_SCADA,1,"2019/08/21 02:45:00",LILYSF1,0
D,DISPATCH,UNIT_SCADA,1,"2019/08/21 02:45:00",LI_WY_CA,148.035810
D,DISPATCH,UNIT_SCADA,1,"2019/08/21 02:45:00",LKBONNY2,110.871250
D,DISPATCH,UNIT_SCADA,1,"2019/08/21 02:45:00",LKBONNY3,27.073680
D,DISPATCH,UNIT_SCADA,1,"2019/08/21 02:45:00",LK_ECHO,0
D,DISPATCH,UNIT_SCADA,1,"2019/08/21 02:45:00",LNGS1,0
D,DISPATCH,UNIT_SCADA,1,"2019/08/21 02:45:00",LNGS2,0
D,DISPATCH,UNIT_SCADA,1,"2019/08/21 02:45:00",LONSDALE,0
D,DISPATCH,UNIT_SCADA,1,"2019/08/21 02:45:00",LOYYB1,535.336730
D,DISPATCH,UNIT_SCADA,1,"2019/08/21 02:45:00",LOYYB2,540.975950
D,DISPATCH,UNIT_SCADA,1,"2019/08/21 02:45:00",LYA1,506
D,DISPATCH,UNIT_SCADA,1,"2019/08/21 02:45:00",LYA2,0
D,DISPATCH,UNIT_SCADA,1,"2019/08/21 02:45:00",LYA3,510
D,DISPATCH,UNIT_SCADA,1,"2019/08/21 02:45:00",LYA4,505
D,DISPATCH,UNIT_SCADA,1,"2019/08/21 02:45:00",MACARTH1,377.291290
D,DISPATCH,UNIT_SCADA,1,"2019/08/21 02:45:00",MACKAYGT,0
D,DISPATCH,UNIT_SCADA,1,"2019/08/21 02:45:00",MACKNTSH,84.790010
D,DISPATCH,UNIT_SCADA,1,"2019/08/21 02:45:00",MANSLR1,0
D,DISPATCH,UNIT_SCADA,1,"2019/08/21 02:45:00",MCKAY1,0.02
D,DISPATCH,UNIT_SCADA,1,"2019/08/21 02:45:00",MEADOWBK,33.638660
D,DISPATCH,UNIT_SCADA,1,"2019/08/21 02:45:00",MERCER01,128.748990
D,DISPATCH,UNIT_SCADA,1,"2019/08/21 02:45:00",MEWF1,101.928960
D,DISPATCH,UNIT_SCADA,1,"2019/08/21 02:45:00",MINTARO,0
D,DISPATCH,UNIT_SCADA,1,"2019/08/21 02:45:00",MOREESF1,0
D,DISPATCH,UNIT_SCADA,1,"2019/08/21 02:45:00",MORTLK11,0
D,DISPATCH,UNIT_SCADA,1,"2019/08/21 02:45:00",MORTLK12,0
D,DISPATCH,UNIT_SCADA,1,"2019/08/21 02:45:00",MP1,282.474980
D,DISPATCH,UNIT_SCADA,1,"2019/08/21 02:45:00",MP2,0
D,DISPATCH,UNIT_SCADA,1,"2019/08/21 02:45:00",MPP_1,379.75
D,DISPATCH,UNIT_SCADA,1,"2019/08/21 02:45:00",MPP_2,413.25
D,DISPATCH,UNIT_SCADA,1,"2019/08/21 02:45:00",MSTUART1,0
D,DISPATCH,UNIT_SCADA,1,"2019/08/21 02:45:00",MSTUART2,0
D,DISPATCH,UNIT_SCADA,1,"2019/08/21 02:45:00",MSTUART3,0
D,DISPATCH,UNIT_SCADA,1,"2019/08/21 02:45:00",MTGELWF1,64.104130
D,DISPATCH,UNIT_SCADA,1,"2019/08/21 02:45:00",MURRAY,0
D,DISPATCH,UNIT_SCADA,1,"2019/08/21 02:45:00",MUSSELR1,163.299990
D,DISPATCH,UNIT_SCADA,1,"2019/08/21 02:45:00",MUWAWF1,38.41
D,DISPATCH,UNIT_SCADA,1,"2019/08/21 02:45:00",NBHWF1,82.90
D,DISPATCH,UNIT_SCADA,1,"2019/08/21 02:45:00",NPS,0
D,DISPATCH,UNIT_SCADA,1,"2019/08/21 02:45:00",NUMURSF1,0
D,DISPATCH,UNIT_SCADA,1,"2019/08/21 02:45:00",NYNGAN1,0
D,DISPATCH,UNIT_SCADA,1,"2019/08/21 02:45:00",OAKEY1,0
D,DISPATCH,UNIT_SCADA,1,"2019/08/21 02:45:00",OAKEY1SF,0
D,DISPATCH,UNIT_SCADA,1,"2019/08/21 02:45:00",OAKEY2,0
D,DISPATCH,UNIT_SCADA,1,"2019/08/21 02:45:00",OAKLAND1,62
D,DISPATCH,UNIT_SCADA,1,"2019/08/21 02:45:00",OSB-AG,0
D,DISPATCH,UNIT_SCADA,1,"2019/08/21 02:45:00",PARSF1,0
D,DISPATCH,UNIT_SCADA,1,"2019/08/21 02:45:00",POAT110,0
D,DISPATCH,UNIT_SCADA,1,"2019/08/21 02:45:00",POAT220,1.15
D,DISPATCH,UNIT_SCADA,1,"2019/08/21 02:45:00",POR01,0
D,DISPATCH,UNIT_SCADA,1,"2019/08/21 02:45:00",POR03,0
D,DISPATCH,UNIT_SCADA,1,"2019/08/21 02:45:00",PPCCGT,175.565520
D,DISPATCH,UNIT_SCADA,1,"2019/08/21 02:45:00",PTSTAN1,0
D,DISPATCH,UNIT_SCADA,1,"2019/08/21 02:45:00",PUMP1,0
D,DISPATCH,UNIT_SCADA,1,"2019/08/21 02:45:00",PUMP2,0
D,DISPATCH,UNIT_SCADA,1,"2019/08/21 02:45:00",QPS1,0
D,DISPATCH,UNIT_SCADA,1,"2019/08/21 02:45:00",QPS2,0
D,DISPATCH,UNIT_SCADA,1,"2019/08/21 02:45:00",QPS3,0
D,DISPATCH,UNIT_SCADA,1,"2019/08/21 02:45:00",QPS4,0
D,DISPATCH,UNIT_SCADA,1,"2019/08/21 02:45:00",QPS5,0
D,DISPATCH,UNIT_SCADA,1,"2019/08/21 02:45:00",REECE1,118.410010
D,DISPATCH,UNIT_SCADA,1,"2019/08/21 02:45:00",REECE2,112.550010
D,DISPATCH,UNIT_SCADA,1,"2019/08/21 02:45:00",ROMA_7,0
D,DISPATCH,UNIT_SCADA,1,"2019/08/21 02:45:00",ROMA_8,0
D,DISPATCH,UNIT_SCADA,1,"2019/08/21 02:45:00",RRSF1,0
D,DISPATCH,UNIT_SCADA,1,"2019/08/21 02:45:00",RT_NSW1,0
D,DISPATCH,UNIT_SCADA,1,"2019/08/21 02:45:00",RT_NSW2,0
D,DISPATCH,UNIT_SCADA,1,"2019/08/21 02:45:00",RT_NSW3,0
D,DISPATCH,UNIT_SCADA,1,"2019/08/21 02:45:00",RT_NSW4,0
D,DISPATCH,UNIT_SCADA,1,"2019/08/21 02:45:00",RT_NSW5,0
D,DISPATCH,UNIT_SCADA,1,"2019/08/21 02:45:00",RT_NSW6,0
D,DISPATCH,UNIT_SCADA,1,"2019/08/21 02:45:00",RT_QLD1,0
D,DISPATCH,UNIT_SCADA,1,"2019/08/21 02:45:00",RT_SA1,0
D,DISPATCH,UNIT_SCADA,1,"2019/08/21 02:45:00",RT_SA2,0
D,DISPATCH,UNIT_SCADA,1,"2019/08/21 02:45:00",RT_SA3,0
D,DISPATCH,UNIT_SCADA,1,"2019/08/21 02:45:00",RT_SA4,0
D,DISPATCH,UNIT_SCADA,1,"2019/08/21 02:45:00",RT_SA5,0
D,DISPATCH,UNIT_SCADA,1,"2019/08/21 02:45:00",RT_SA6,0
D,DISPATCH,UNIT_SCADA,1,"2019/08/21 02:45:00",RT_TAS1,0
D,DISPATCH,UNIT_SCADA,1,"2019/08/21 02:45:00",RT_VIC1,0
D,DISPATCH,UNIT_SCADA,1,"2019/08/21 02:45:00",RT_VIC10,0
D,DISPATCH,UNIT_SCADA,1,"2019/08/21 02:45:00",RT_VIC11,0
D,DISPATCH,UNIT_SCADA,1,"2019/08/21 02:45:00",RT_VIC12,0
D,DISPATCH,UNIT_SCADA,1,"2019/08/21 02:45:00",RT_VIC2,0
D,DISPATCH,UNIT_SCADA,1,"2019/08/21 02:45:00",RT_VIC3,0
D,DISPATCH,UNIT_SCADA,1,"2019/08/21 02:45:00",RT_VIC4,0
D,DISPATCH,UNIT_SCADA,1,"2019/08/21 02:45:00",RT_VIC5,0
D,DISPATCH,UNIT_SCADA,1,"2019/08/21 02:45:00",RT_VIC6,0
D,DISPATCH,UNIT_SCADA,1,"2019/08/21 02:45:00",RT_VIC7,0
D,DISPATCH,UNIT_SCADA,1,"2019/08/21 02:45:00",RT_VIC8,0
D,DISPATCH,UNIT_SCADA,1,"2019/08/21 02:45:00",RT_VIC9,0
D,DISPATCH,UNIT_SCADA,1,"2019/08/21 02:45:00",RUGBYR1,0
D,DISPATCH,UNIT_SCADA,1,"2019/08/21 02:45:00",SALTCRK1,52.05
D,DISPATCH,UNIT_SCADA,1,"2019/08/21 02:45:00",SAPHWF1,198.215640
D,DISPATCH,UNIT_SCADA,1,"2019/08/21 02:45:00",SHGEN,0
D,DISPATCH,UNIT_SCADA,1,"2019/08/21 02:45:00",SHPUMP,199.7518
D,DISPATCH,UNIT_SCADA,1,"2019/08/21 02:45:00",SITHE01,0.123710
D,DISPATCH,UNIT_SCADA,1,"2019/08/21 02:45:00",SMCSF1,0
D,DISPATCH,UNIT_SCADA,1,"2019/08/21 02:45:00",SNOWNTH1,100.20
D,DISPATCH,UNIT_SCADA,1,"2019/08/21 02:45:00",SNOWSTH1,86
D,DISPATCH,UNIT_SCADA,1,"2019/08/21 02:45:00",SNOWTWN1,59.565070
D,DISPATCH,UNIT_SCADA,1,"2019/08/21 02:45:00",SNOWYP,381.50
D,DISPATCH,UNIT_SCADA,1,"2019/08/21 02:45:00",SNUG1,0.019440
D,DISPATCH,UNIT_SCADA,1,"2019/08/21 02:45:00",SRSF1,0.07
D,DISPATCH,UNIT_SCADA,1,"2019/08/21 02:45:00",STAN-1,0
D,DISPATCH,UNIT_SCADA,1,"2019/08/21 02:45:00",STAN-2,181.769230
D,DISPATCH,UNIT_SCADA,1,"2019/08/21 02:45:00",STAN-3,220.645610
D,DISPATCH,UNIT_SCADA,1,"2019/08/21 02:45:00",STAN-4,191.497940
D,DISPATCH,UNIT_SCADA,1,"2019/08/21 02:45:00",STWF1,133.953750
D,DISPATCH,UNIT_SCADA,1,"2019/08/21 02:45:00",SWAN_E,0
D,DISPATCH,UNIT_SCADA,1,"2019/08/21 02:45:00",TALWA1,189
D,DISPATCH,UNIT_SCADA,1,"2019/08/21 02:45:00",TARALGA1,48.933750
D,DISPATCH,UNIT_SCADA,1,"2019/08/21 02:45:00",TARONG#1,283.700010
D,DISPATCH,UNIT_SCADA,1,"2019/08/21 02:45:00",TARONG#2,110.60
D,DISPATCH,UNIT_SCADA,1,"2019/08/21 02:45:00",TARONG#3,259.50
D,DISPATCH,UNIT_SCADA,1,"2019/08/21 02:45:00",TARONG#4,280.100010
D,DISPATCH,UNIT_SCADA,1,"2019/08/21 02:45:00",TARRALEA,85.10
D,DISPATCH,UNIT_SCADA,1,"2019/08/21 02:45:00",TBSF1,-0.20
D,DISPATCH,UNIT_SCADA,1,"2019/08/21 02:45:00",TNPS1,400.000030
D,DISPATCH,UNIT_SCADA,1,"2019/08/21 02:45:00",TORRA1,40.392010
D,DISPATCH,UNIT_SCADA,1,"2019/08/21 02:45:00",TORRA2,0
D,DISPATCH,UNIT_SCADA,1,"2019/08/21 02:45:00",TORRA3,0
D,DISPATCH,UNIT_SCADA,1,"2019/08/21 02:45:00",TORRA4,0
D,DISPATCH,UNIT_SCADA,1,"2019/08/21 02:45:00",TORRB1,40.80
D,DISPATCH,UNIT_SCADA,1,"2019/08/21 02:45:00",TORRB2,39.85
D,DISPATCH,UNIT_SCADA,1,"2019/08/21 02:45:00",TORRB3,0
D,DISPATCH,UNIT_SCADA,1,"2019/08/21 02:45:00",TORRB4,0
D,DISPATCH,UNIT_SCADA,1,"2019/08/21 02:45:00",TREVALLN,2.20
D,DISPATCH,UNIT_SCADA,1,"2019/08/21 02:45:00",TRIBUTE,0
D,DISPATCH,UNIT_SCADA,1,"2019/08/21 02:45:00",TUMUT3,0
D,DISPATCH,UNIT_SCADA,1,"2019/08/21 02:45:00",TUNGATIN,14.60
D,DISPATCH,UNIT_SCADA,1,"2019/08/21 02:45:00",TVCC201,0
D,DISPATCH,UNIT_SCADA,1,"2019/08/21 02:45:00",TVPP104,0
D,DISPATCH,UNIT_SCADA,1,"2019/08/21 02:45:00",UPPTUMUT,0
D,DISPATCH,UNIT_SCADA,1,"2019/08/21 02:45:00",URANQ11,0
D,DISPATCH,UNIT_SCADA,1,"2019/08/21 02:45:00",URANQ12,0
D,DISPATCH,UNIT_SCADA,1,"2019/08/21 02:45:00",URANQ13,0
D,DISPATCH,UNIT_SCADA,1,"2019/08/21 02:45:00",URANQ14,0
D,DISPATCH,UNIT_SCADA,1,"2019/08/21 02:45:00",VP5,292.649990
D,DISPATCH,UNIT_SCADA,1,"2019/08/21 02:45:00",VP6,297.6250
D,DISPATCH,UNIT_SCADA,1,"2019/08/21 02:45:00",VPGS1,0
D,DISPATCH,UNIT_SCADA,1,"2019/08/21 02:45:00",VPGS2,0
D,DISPATCH,UNIT_SCADA,1,"2019/08/21 02:45:00",VPGS3,0
D,DISPATCH,UNIT_SCADA,1,"2019/08/21 02:45:00",VPGS4,0
D,DISPATCH,UNIT_SCADA,1,"2019/08/21 02:45:00",VPGS5,0
D,DISPATCH,UNIT_SCADA,1,"2019/08/21 02:45:00",VPGS6,0
D,DISPATCH,UNIT_SCADA,1,"2019/08/21 02:45:00",W/HOE#1,0
D,DISPATCH,UNIT_SCADA,1,"2019/08/21 02:45:00",W/HOE#2,0
D,DISPATCH,UNIT_SCADA,1,"2019/08/21 02:45:00",WATERLWF,89
D,DISPATCH,UNIT_SCADA,1,"2019/08/21 02:45:00",WEMENSF1,0
D,DISPATCH,UNIT_SCADA,1,"2019/08/21 02:45:00",WGWF1,83.40
D,DISPATCH,UNIT_SCADA,1,"2019/08/21 02:45:00",WHITSF1,0
D,DISPATCH,UNIT_SCADA,1,"2019/08/21 02:45:00",WKIEWA1,0
D,DISPATCH,UNIT_SCADA,1,"2019/08/21 02:45:00",WKIEWA2,16.10
D,DISPATCH,UNIT_SCADA,1,"2019/08/21 02:45:00",WOODLWN1,28.097990
D,DISPATCH,UNIT_SCADA,1,"2019/08/21 02:45:00",WRSF1,0
D,DISPATCH,UNIT_SCADA,1,"2019/08/21 02:45:00",WRWF1,152.458760
D,DISPATCH,UNIT_SCADA,1,"2019/08/21 02:45:00",YABULU,0
D,DISPATCH,UNIT_SCADA,1,"2019/08/21 02:45:00",YABULU2,0
D,DISPATCH,UNIT_SCADA,1,"2019/08/21 02:45:00",YARWUN_1,0
D,DISPATCH,UNIT_SCADA,1,"2019/08/21 02:45:00",YENDWF1,41.66
D,DISPATCH,UNIT_SCADA,1,"2019/08/21 02:45:00",YWPS1,336.339230
D,DISPATCH,UNIT_SCADA,1,"2019/08/21 02:45:00",YWPS2,281.200010
D,DISPATCH,UNIT_SCADA,1,"2019/08/21 02:45:00",YWPS3,0
D,DISPATCH,UNIT_SCADA,1,"2019/08/21 02:45:00",YWPS4,347.815190
C,"END OF REPORT",334
