C,NEMP.WORLD,DISPATCHSCADA,AEMO,PUBLIC,2019/08/20,22:00:08,0000000311802299,DISPATCHSCADA,0000000311802293
I,DISPATCH,UNIT_SCADA,1,SETTLEMENTDATE,DUID,SCADAVALUE
D,DISPATCH,UNIT_SCADA,1,"2019/08/20 22:05:00",BARCSF1,0.50
D,DISPATCH,UNIT_SCADA,1,"2019/08/20 22:05:00",BUTLERSG,9.699999
D,DISPATCH,UNIT_SCADA,1,"2019/08/20 22:05:00",CALL_A_4,0
D,DISPATCH,UNIT_SCADA,1,"2019/08/20 22:05:00",CAPTL_WF,135.332001
D,DISPATCH,UNIT_SCADA,1,"2019/08/20 22:05:00",CATHROCK,50.339996
D,DISPATCH,UNIT_SCADA,1,"2019/08/20 22:05:00",CHALLHWF,33
D,DISPATCH,UNIT_SCADA,1,"2019/08/20 22:05:00",CLOVER,-0.01
D,DISPATCH,UNIT_SCADA,1,"2019/08/20 22:05:00",CLUNY,20.178072
D,DISPATCH,UNIT_SCADA,1,"2019/08/20 22:05:00",CNUNDAWF,41.448349
D,DISPATCH,UNIT_SCADA,1,"2019/08/20 22:05:00",CULLRGWF,30.360001
D,DISPATCH,UNIT_SCADA,1,"2019/08/20 22:05:00",ERGT01,0
D,DISPATCH,UNIT_SCADA,1,"2019/08/20 22:05:00",GB01,0.066940
D,DISPATCH,UNIT_SCADA,1,"2019/08/20 22:05:00",GERMCRK,37.099998
D,DISPATCH,UNIT_SCADA,1,"2019/08/20 22:05:00",GRIFSF1,0
D,DISPATCH,UNIT_SCADA,1,"2019/08/20 22:05:00",HUGSF1,-0.2040
D,DISPATCH,UNIT_SCADA,1,"2019/08/20 22:05:00",LKBONNY1,75.734337
D,DISPATCH,UNIT_SCADA,1,"2019/08/20 22:05:00",LRSF1,0.0290
D,DISPATCH,UNIT_SCADA,1,"2019/08/20 22:05:00",MBAHNTH,56.043747
D,DISPATCH,UNIT_SCADA,1,"2019/08/20 22:05:00",MLSP1,0.283001
D,DISPATCH,UNIT_SCADA,1,"2019/08/20 22:05:00",MLWF1,19.5450
D,DISPATCH,UNIT_SCADA,1,"2019/08/20 22:05:00",MTMILLAR,22.539732
D,DISPATCH,UNIT_SCADA,1,"2019/08/20 22:05:00",PALOONA,23.949999
D,DISPATCH,UNIT_SCADA,1,"2019/08/20 22:05:00",PIONEER,27.800001
D,DISPATCH,UNIT_SCADA,1,"2019/08/20 22:05:00",PORTWF,137.100006
D,DISPATCH,UNIT_SCADA,1,"2019/08/20 22:05:00",REPULSE,28.904860
D,DISPATCH,UNIT_SCADA,1,"2019/08/20 22:05:00",ROWALLAN,9.9968
D,DISPATCH,UNIT_SCADA,1,"2019/08/20 22:05:00",ROYALLA1,0
D,DISPATCH,UNIT_SCADA,1,"2019/08/20 22:05:00",RPCG,11.70
D,DISPATCH,UNIT_SCADA,1,"2019/08/20 22:05:00",RUBICON,0
D,DISPATCH,UNIT_SCADA,1,"2019/08/20 22:05:00",SATGN1,0
D,DISPATCH,UNIT_SCADA,1,"2019/08/20 22:05:00",SATGS1,0
D,DISPATCH,UNIT_SCADA,1,"2019/08/20 22:05:00",STARHLWF,10.197026
D,DISPATCH,UNIT_SCADA,1,"2019/08/20 22:05:00",WAUBRAWF,124.999001
D,DISPATCH,UNIT_SCADA,1,"2019/08/20 22:05:00",WOOLNTH1,34.850018
D,DISPATCH,UNIT_SCADA,1,"2019/08/20 22:05:00",WPWF,29
D,DISPATCH,UNIT_SCADA,1,"2019/08/20 22:05:00",YAMBUKWF,30.50
D,DISPATCH,UNIT_SCADA,1,"2019/08/20 22:05:00",YSWF1,28.10
D,DISPATCH,UNIT_SCADA,1,"2019/08/20 22:05:00",AGLHAL,0
D,DISPATCH,UNIT_SCADA,1,"2019/08/20 22:05:00",AGLSOM,0
D,DISPATCH,UNIT_SCADA,1,"2019/08/20 22:05:00",ANGAST1,0
D,DISPATCH,UNIT_SCADA,1,"2019/08/20 22:05:00",ARWF1,55.80
D,DISPATCH,UNIT_SCADA,1,"2019/08/20 22:05:00",BALBG1,15.02
D,DISPATCH,UNIT_SCADA,1,"2019/08/20 22:05:00",BALBL1,0
D,DISPATCH,UNIT_SCADA,1,"2019/08/20 22:05:00",BALDHWF1,103.044010
D,DISPATCH,UNIT_SCADA,1,"2019/08/20 22:05:00",BANN1,0
D,DISPATCH,UNIT_SCADA,1,"2019/08/20 22:05:00",BARCALDN,0
D,DISPATCH,UNIT_SCADA,1,"2019/08/20 22:05:00",BARRON-1,0
D,DISPATCH,UNIT_SCADA,1,"2019/08/20 22:05:00",BARRON-2,28.80
D,DISPATCH,UNIT_SCADA,1,"2019/08/20 22:05:00",BASTYAN,79.920010
D,DISPATCH,UNIT_SCADA,1,"2019/08/20 22:05:00",BBTHREE1,-1.76
D,DISPATCH,UNIT_SCADA,1,"2019/08/20 22:05:00",BBTHREE2,-1.76
D,DISPATCH,UNIT_SCADA,1,"2019/08/20 22:05:00",BBTHREE3,0
D,DISPATCH,UNIT_SCADA,1,"2019/08/20 22:05:00",BDL01,0
D,DISPATCH,UNIT_SCADA,1,"2019/08/20 22:05:00",BDL02,-0.06
D,DISPATCH,UNIT_SCADA,1,"2019/08/20 22:05:00",BERYLSF1,0
D,DISPATCH,UNIT_SCADA,1,"2019/08/20 22:05:00",BLOWERNG,0
D,DISPATCH,UNIT_SCADA,1,"2019/08/20 22:05:00",BLUFF1,44.50
D,DISPATCH,UNIT_SCADA,1,"2019/08/20 22:05:00",BNGSF1,0
D,DISPATCH,UNIT_SCADA,1,"2019/08/20 22:05:00",BNGSF2,0
D,DISPATCH,UNIT_SCADA,1,"2019/08/20 22:05:00",BOCORWF1,94.36
D,DISPATCH,UNIT_SCADA,1,"2019/08/20 22:05:00",BODWF1,51.202420
D,DISPATCH,UNIT_SCADA,1,"2019/08/20 22:05:00",BRAEMAR1,0
D,DISPATCH,UNIT_SCADA,1,"2019/08/20 22:05:00",BRAEMAR2,0
D,DISPATCH,UNIT_SCADA,1,"2019/08/20 22:05:00",BRAEMAR3,0
D,DISPATCH,UNIT_SCADA,1,"2019/08/20 22:05:00",BRAEMAR5,0
D,DISPATCH,UNIT_SCADA,1,"2019/08/20 22:05:00",BRAEMAR6,0
D,DISPATCH,UNIT_SCADA,1,"2019/08/20 22:05:00",BRAEMAR7,0
D,DISPATCH,UNIT_SCADA,1,"2019/08/20 22:05:00",BROKENH1,0
D,DISPATCH,UNIT_SCADA,1,"2019/08/20 22:05:00",BW01,649.474980
D,DISPATCH,UNIT_SCADA,1,"2019/08/20 22:05:00",BW02,642.800050
D,DISPATCH,UNIT_SCADA,1,"2019/08/20 22:05:00",BW03,658.075070
D,DISPATCH,UNIT_SCADA,1,"2019/08/20 22:05:00",BW04,0
D,DISPATCH,UNIT_SCADA,1,"2019/08/20 22:05:00",CALL_B_1,349.100010
D,DISPATCH,UNIT_SCADA,1,"2019/08/20 22:05:00",CALL_B_2,300
D,DISPATCH,UNIT_SCADA,1,"2019/08/20 22:05:00",CETHANA,96.088870
D,DISPATCH,UNIT_SCADA,1,"2019/08/20 22:05:00",CG1,0
D,DISPATCH,UNIT_SCADA,1,"2019/08/20 22:05:00",CG2,0
D,DISPATCH,UNIT_SCADA,1,"2019/08/20 22:05:00",CG3,0
D,DISPATCH,UNIT_SCADA,1,"2019/08/20 22:05:00",CG4,0
D,DISPATCH,UNIT_SCADA,1,"2019/08/20 22:05:00",CHILDSF1,0
D,DISPATCH,UNIT_SCADA,1,"2019/08/20 22:05:00",CLARESF1,0
D,DISPATCH,UNIT_SCADA,1,"2019/08/20 22:05:00",CLEMGPWF,46.246480
D,DISPATCH,UNIT_SCADA,1,"2019/08/20 22:05:00",CLERMSF1,0
D,DISPATCH,UNIT_SCADA,1,"2019/08/20 22:05:00",COLEASF1,0
D,DISPATCH,UNIT_SCADA,1,"2019/08/20 22:05:00",COOPGWF1,30.875870
D,DISPATCH,UNIT_SCADA,1,"2019/08/20 22:05:00",CPP_3,394.075010
D,DISPATCH,UNIT_SCADA,1,"2019/08/20 22:05:00",CPP_4,379.774990
D,DISPATCH,UNIT_SCADA,1,"2019/08/20 22:05:00",CPSA,141.434370
D,DISPATCH,UNIT_SCADA,1,"2019/08/20 22:05:00",CROOKWF2,92.463750
D,DISPATCH,UNIT_SCADA,1,"2019/08/20 22:05:00",CROWLWF1,59.039750
D,DISPATCH,UNIT_SCADA,1,"2019/08/20 22:05:00",CSPVPS1,0
D,DISPATCH,UNIT_SCADA,1,"2019/08/20 22:05:00",DALNTH01,0
D,DISPATCH,UNIT_SCADA,1,"2019/08/20 22:05:00",DALNTHL1,0.077820
D,DISPATCH,UNIT_SCADA,1,"2019/08/20 22:05:00",DARTM1,134.20
D,DISPATCH,UNIT_SCADA,1,"2019/08/20 22:05:00",DAYDSF1,0
D,DISPATCH,UNIT_SCADA,1,"2019/08/20 22:05:00",DDPS1,0
D,DISPATCH,UNIT_SCADA,1,"2019/08/20 22:05:00",DDSF1,0
D,DISPATCH,UNIT_SCADA,1,"2019/08/20 22:05:00",DEVILS_G,60.475480
D,DISPATCH,UNIT_SCADA,1,"2019/08/20 22:05:00",DG_NSW1,0
D,DISPATCH,UNIT_SCADA,1,"2019/08/20 22:05:00",DG_QLD1,0
D,DISPATCH,UNIT_SCADA,1,"2019/08/20 22:05:00",DG_SA1,0
D,DISPATCH,UNIT_SCADA,1,"2019/08/20 22:05:00",DG_TAS1,0
D,DISPATCH,UNIT_SCADA,1,"2019/08/20 22:05:00",DG_VIC1,0
D,DISPATCH,UNIT_SCADA,1,"2019/08/20 22:05:00",DRYCGT1,0
D,DISPATCH,UNIT_SCADA,1,"2019/08/20 22:05:00",DRYCGT2,0
D,DISPATCH,UNIT_SCADA,1,"2019/08/20 22:05:00",DRYCGT3,0
D,DISPATCH,UNIT_SCADA,1,"2019/08/20 22:05:00",EILDON1,0
D,DISPATCH,UNIT_SCADA,1,"2019/08/20 22:05:00",EILDON2,0
D,DISPATCH,UNIT_SCADA,1,"2019/08/20 22:05:00",EMERASF1,0
D,DISPATCH,UNIT_SCADA,1,"2019/08/20 22:05:00",ER01,592.675050
D,DISPATCH,UNIT_SCADA,1,"2019/08/20 22:05:00",ER02,698.974980
D,DISPATCH,UNIT_SCADA,1,"2019/08/20 22:05:00",ER03,698.349980
D,DISPATCH,UNIT_SCADA,1,"2019/08/20 22:05:00",ER04,694.6250
D,DISPATCH,UNIT_SCADA,1,"2019/08/20 22:05:00",FINLYSF1,0
D,DISPATCH,UNIT_SCADA,1,"2019/08/20 22:05:00",FISHER,45.94
D,DISPATCH,UNIT_SCADA,1,"2019/08/20 22:05:00",GANNBG1,10.095010
D,DISPATCH,UNIT_SCADA,1,"2019/08/20 22:05:00",GANNBL1,0
D,DISPATCH,UNIT_SCADA,1,"2019/08/20 22:05:00",GANNSF1,0
D,DISPATCH,UNIT_SCADA,1,"2019/08/20 22:05:00",GORDON,0
D,DISPATCH,UNIT_SCADA,1,"2019/08/20 22:05:00",GSTONE1,197.9250
D,DISPATCH,UNIT_SCADA,1,"2019/08/20 22:05:00",GSTONE2,192.6750
D,DISPATCH,UNIT_SCADA,1,"2019/08/20 22:05:00",GSTONE3,206.849990
D,DISPATCH,UNIT_SCADA,1,"2019/08/20 22:05:00",GSTONE4,195.474990
D,DISPATCH,UNIT_SCADA,1,"2019/08/20 22:05:00",GSTONE5,196.349990
D,DISPATCH,UNIT_SCADA,1,"2019/08/20 22:05:00",GSTONE6,0
D,DISPATCH,UNIT_SCADA,1,"2019/08/20 22:05:00",GULLRSF1,0
D,DISPATCH,UNIT_SCADA,1,"2019/08/20 22:05:00",GULLRWF1,154.987920
D,DISPATCH,UNIT_SCADA,1,"2019/08/20 22:05:00",GUNNING1,46.557930
D,DISPATCH,UNIT_SCADA,1,"2019/08/20 22:05:00",GUTHEGA,0
D,DISPATCH,UNIT_SCADA,1,"2019/08/20 22:05:00",HALLWF1,77.56
D,DISPATCH,UNIT_SCADA,1,"2019/08/20 22:05:00",HALLWF2,58.25
D,DISPATCH,UNIT_SCADA,1,"2019/08/20 22:05:00",HAMISF1,0
D,DISPATCH,UNIT_SCADA,1,"2019/08/20 22:05:00",HAUGHT11,0
D,DISPATCH,UNIT_SCADA,1,"2019/08/20 22:05:00",HAYMSF1,0
D,DISPATCH,UNIT_SCADA,1,"2019/08/20 22:05:00",HDWF1,83.10
D,DISPATCH,UNIT_SCADA,1,"2019/08/20 22:05:00",HDWF2,64.50
D,DISPATCH,UNIT_SCADA,1,"2019/08/20 22:05:00",HDWF3,0
D,DISPATCH,UNIT_SCADA,1,"2019/08/20 22:05:00",HPRG1,20.70
D,DISPATCH,UNIT_SCADA,1,"2019/08/20 22:05:00",HPRL1,0
D,DISPATCH,UNIT_SCADA,1,"2019/08/20 22:05:00",HUMENSW,0
D,DISPATCH,UNIT_SCADA,1,"2019/08/20 22:05:00",HUMEV,9.30
D,DISPATCH,UNIT_SCADA,1,"2019/08/20 22:05:00",HVGTS,0
D,DISPATCH,UNIT_SCADA,1,"2019/08/20 22:05:00",JBUTTERS,140.05
D,DISPATCH,UNIT_SCADA,1,"2019/08/20 22:05:00",JLA01,0.50
D,DISPATCH,UNIT_SCADA,1,"2019/08/20 22:05:00",JLA02,0
D,DISPATCH,UNIT_SCADA,1,"2019/08/20 22:05:00",JLA03,0.10
D,DISPATCH,UNIT_SCADA,1,"2019/08/20 22:05:00",JLA04,0.10
D,DISPATCH,UNIT_SCADA,1,"2019/08/20 22:05:00",JLB01,0
D,DISPATCH,UNIT_SCADA,1,"2019/08/20 22:05:00",JLB02,0.10
D,DISPATCH,UNIT_SCADA,1,"2019/08/20 22:05:00",JLB03,0
D,DISPATCH,UNIT_SCADA,1,"2019/08/20 22:05:00",KAREEYA1,21.4250
D,DISPATCH,UNIT_SCADA,1,"2019/08/20 22:05:00",KAREEYA2,21.83
D,DISPATCH,UNIT_SCADA,1,"2019/08/20 22:05:00",KAREEYA3,0
D,DISPATCH,UNIT_SCADA,1,"2019/08/20 22:05:00",KAREEYA4,21.73
D,DISPATCH,UNIT_SCADA,1,"2019/08/20 22:05:00",KARSF1,0
D,DISPATCH,UNIT_SCADA,1,"2019/08/20 22:05:00",KIATAWF1,29.90
D,DISPATCH,UNIT_SCADA,1,"2019/08/20 22:05:00",KPP_1,0
D,DISPATCH,UNIT_SCADA,1,"2019/08/20 22:05:00",KSP1,0
D,DISPATCH,UNIT_SCADA,1,"2019/08/20 22:05:00",LADBROK1,0
D,DISPATCH,UNIT_SCADA,1,"2019/08/20 22:05:00",LADBROK2,0
D,DISPATCH,UNIT_SCADA,1,"2019/08/20 22:05:00",LD01,420.656250
D,DISPATCH,UNIT_SCADA,1,"2019/08/20 22:05:00",LD02,416.662540
D,DISPATCH,UNIT_SCADA,1,"2019/08/20 22:05:00",LD03,422.699980
D,DISPATCH,UNIT_SCADA,1,"2019/08/20 22:05:00",LD04,383.493680
D,DISPATCH,UNIT_SCADA,1,"2019/08/20 22:05:00",LEM_WIL,85.618250
D,DISPATCH,UNIT_SCADA,1,"2019/08/20 22:05:00",LGAPWF1,21.02
D,DISPATCH,UNIT_SCADA,1,"2019/08/20 22:05:00",LILYSF1,0
D,DISPATCH,UNIT_SCADA,1,"2019/08/20 22:05:00",LI_WY_CA,149.422270
D,DISPATCH,UNIT_SCADA,1,"2019/08/20 22:05:00",LKBONNY2,129.553510
D,DISPATCH,UNIT_SCADA,1,"2019/08/20 22:05:00",LKBONNY3,32.097660
D,DISPATCH,UNIT_SCADA,1,"2019/08/20 22:05:00",LK_ECHO,0
D,DISPATCH,UNIT_SCADA,1,"2019/08/20 22:05:00",LNGS1,0
D,DISPATCH,UNIT_SCADA,1,"2019/08/20 22:05:00",LNGS2,0
D,DISPATCH,UNIT_SCADA,1,"2019/08/20 22:05:00",LONSDALE,0
D,DISPATCH,UNIT_SCADA,1,"2019/08/20 22:05:00",LOYYB1,536.840520
D,DISPATCH,UNIT_SCADA,1,"2019/08/20 22:05:00",LOYYB2,583.458250
D,DISPATCH,UNIT_SCADA,1,"2019/08/20 22:05:00",LYA1,500
D,DISPATCH,UNIT_SCADA,1,"2019/08/20 22:05:00",LYA2,0
D,DISPATCH,UNIT_SCADA,1,"2019/08/20 22:05:00",LYA3,560
D,DISPATCH,UNIT_SCADA,1,"2019/08/20 22:05:00",LYA4,540
D,DISPATCH,UNIT_SCADA,1,"2019/08/20 22:05:00",MACARTH1,356.491760
D,DISPATCH,UNIT_SCADA,1,"2019/08/20 22:05:00",MACKAYGT,0
D,DISPATCH,UNIT_SCADA,1,"2019/08/20 22:05:00",MACKNTSH,85.460010
D,DISPATCH,UNIT_SCADA,1,"2019/08/20 22:05:00",MANSLR1,0
D,DISPATCH,UNIT_SCADA,1,"2019/08/20 22:05:00",MCKAY1,0.02
D,DISPATCH,UNIT_SCADA,1,"2019/08/20 22:05:00",MEADOWBK,34.238840
D,DISPATCH,UNIT_SCADA,1,"2019/08/20 22:05:00",MERCER01,128.787990
D,DISPATCH,UNIT_SCADA,1,"2019/08/20 22:05:00",MEWF1,59.615230
D,DISPATCH,UNIT_SCADA,1,"2019/08/20 22:05:00",MINTARO,0
D,DISPATCH,UNIT_SCADA,1,"2019/08/20 22:05:00",MOREESF1,0
D,DISPATCH,UNIT_SCADA,1,"2019/08/20 22:05:00",MORTLK11,116
D,DISPATCH,UNIT_SCADA,1,"2019/08/20 22:05:00",MORTLK12,0
D,DISPATCH,UNIT_SCADA,1,"2019/08/20 22:05:00",MP1,282.674930
D,DISPATCH,UNIT_SCADA,1,"2019/08/20 22:05:00",MP2,0
D,DISPATCH,UNIT_SCADA,1,"2019/08/20 22:05:00",MPP_1,398.25
D,DISPATCH,UNIT_SCADA,1,"2019/08/20 22:05:00",MPP_2,423
D,DISPATCH,UNIT_SCADA,1,"2019/08/20 22:05:00",MSTUART1,0
D,DISPATCH,UNIT_SCADA,1,"2019/08/20 22:05:00",MSTUART2,0
D,DISPATCH,UNIT_SCADA,1,"2019/08/20 22:05:00",MSTUART3,0
D,DISPATCH,UNIT_SCADA,1,"2019/08/20 22:05:00",MTGELWF1,64.0080
D,DISPATCH,UNIT_SCADA,1,"2019/08/20 22:05:00",MURRAY,0
D,DISPATCH,UNIT_SCADA,1,"2019/08/20 22:05:00",MUSSELR1,143.600010
D,DISPATCH,UNIT_SCADA,1,"2019/08/20 22:05:00",MUWAWF1,43.47
D,DISPATCH,UNIT_SCADA,1,"2019/08/20 22:05:00",NBHWF1,97
D,DISPATCH,UNIT_SCADA,1,"2019/08/20 22:05:00",NPS,0
D,DISPATCH,UNIT_SCADA,1,"2019/08/20 22:05:00",NUMURSF1,0
D,DISPATCH,UNIT_SCADA,1,"2019/08/20 22:05:00",NYNGAN1,0
D,DISPATCH,UNIT_SCADA,1,"2019/08/20 22:05:00",OAKEY1,0
D,DISPATCH,UNIT_SCADA,1,"2019/08/20 22:05:00",OAKEY1SF,0.0380
D,DISPATCH,UNIT_SCADA,1,"2019/08/20 22:05:00",OAKEY2,0
D,DISPATCH,UNIT_SCADA,1,"2019/08/20 22:05:00",OAKLAND1,62.10
D,DISPATCH,UNIT_SCADA,1,"2019/08/20 22:05:00",OSB-AG,0
D,DISPATCH,UNIT_SCADA,1,"2019/08/20 22:05:00",PARSF1,0
D,DISPATCH,UNIT_SCADA,1,"2019/08/20 22:05:00",POAT110,0
D,DISPATCH,UNIT_SCADA,1,"2019/08/20 22:05:00",POAT220,10.77
D,DISPATCH,UNIT_SCADA,1,"2019/08/20 22:05:00",POR01,0
D,DISPATCH,UNIT_SCADA,1,"2019/08/20 22:05:00",POR03,0
D,DISPATCH,UNIT_SCADA,1,"2019/08/20 22:05:00",PPCCGT,354.079380
D,DISPATCH,UNIT_SCADA,1,"2019/08/20 22:05:00",PTSTAN1,0
D,DISPATCH,UNIT_SCADA,1,"2019/08/20 22:05:00",PUMP1,0
D,DISPATCH,UNIT_SCADA,1,"2019/08/20 22:05:00",PUMP2,0
D,DISPATCH,UNIT_SCADA,1,"2019/08/20 22:05:00",QPS1,0
D,DISPATCH,UNIT_SCADA,1,"2019/08/20 22:05:00",QPS2,0
D,DISPATCH,UNIT_SCADA,1,"2019/08/20 22:05:00",QPS3,0
D,DISPATCH,UNIT_SCADA,1,"2019/08/20 22:05:00",QPS4,0
D,DISPATCH,UNIT_SCADA,1,"2019/08/20 22:05:00",QPS5,0
D,DISPATCH,UNIT_SCADA,1,"2019/08/20 22:05:00",REECE1,117.340010
D,DISPATCH,UNIT_SCADA,1,"2019/08/20 22:05:00",REECE2,117.790010
D,DISPATCH,UNIT_SCADA,1,"2019/08/20 22:05:00",ROMA_7,0
D,DISPATCH,UNIT_SCADA,1,"2019/08/20 22:05:00",ROMA_8,0
D,DISPATCH,UNIT_SCADA,1,"2019/08/20 22:05:00",RRSF1,0
D,DISPATCH,UNIT_SCADA,1,"2019/08/20 22:05:00",RT_NSW1,0
D,DISPATCH,UNIT_SCADA,1,"2019/08/20 22:05:00",RT_NSW2,0
D,DISPATCH,UNIT_SCADA,1,"2019/08/20 22:05:00",RT_NSW3,0
D,DISPATCH,UNIT_SCADA,1,"2019/08/20 22:05:00",RT_NSW4,0
D,DISPATCH,UNIT_SCADA,1,"2019/08/20 22:05:00",RT_NSW5,0
D,DISPATCH,UNIT_SCADA,1,"2019/08/20 22:05:00",RT_NSW6,0
D,DISPATCH,UNIT_SCADA,1,"2019/08/20 22:05:00",RT_QLD1,0
D,DISPATCH,UNIT_SCADA,1,"2019/08/20 22:05:00",RT_SA1,0
D,DISPATCH,UNIT_SCADA,1,"2019/08/20 22:05:00",RT_SA2,0
D,DISPATCH,UNIT_SCADA,1,"2019/08/20 22:05:00",RT_SA3,0
D,DISPATCH,UNIT_SCADA,1,"2019/08/20 22:05:00",RT_SA4,0
D,DISPATCH,UNIT_SCADA,1,"2019/08/20 22:05:00",RT_SA5,0
D,DISPATCH,UNIT_SCADA,1,"2019/08/20 22:05:00",RT_SA6,0
D,DISPATCH,UNIT_SCADA,1,"2019/08/20 22:05:00",RT_TAS1,0
D,DISPATCH,UNIT_SCADA,1,"2019/08/20 22:05:00",RT_VIC1,0
D,DISPATCH,UNIT_SCADA,1,"2019/08/20 22:05:00",RT_VIC10,0
D,DISPATCH,UNIT_SCADA,1,"2019/08/20 22:05:00",RT_VIC11,0
D,DISPATCH,UNIT_SCADA,1,"2019/08/20 22:05:00",RT_VIC12,0
D,DISPATCH,UNIT_SCADA,1,"2019/08/20 22:05:00",RT_VIC2,0
D,DISPATCH,UNIT_SCADA,1,"2019/08/20 22:05:00",RT_VIC3,0
D,DISPATCH,UNIT_SCADA,1,"2019/08/20 22:05:00",RT_VIC4,0
D,DISPATCH,UNIT_SCADA,1,"2019/08/20 22:05:00",RT_VIC5,0
D,DISPATCH,UNIT_SCADA,1,"2019/08/20 22:05:00",RT_VIC6,0
D,DISPATCH,UNIT_SCADA,1,"2019/08/20 22:05:00",RT_VIC7,0
D,DISPATCH,UNIT_SCADA,1,"2019/08/20 22:05:00",RT_VIC8,0
D,DISPATCH,UNIT_SCADA,1,"2019/08/20 22:05:00",RT_VIC9,0
D,DISPATCH,UNIT_SCADA,1,"2019/08/20 22:05:00",RUGBYR1,0
D,DISPATCH,UNIT_SCADA,1,"2019/08/20 22:05:00",SALTCRK1,50.69
D,DISPATCH,UNIT_SCADA,1,"2019/08/20 22:05:00",SAPHWF1,229.715640
D,DISPATCH,UNIT_SCADA,1,"2019/08/20 22:05:00",SHGEN,0
D,DISPATCH,UNIT_SCADA,1,"2019/08/20 22:05:00",SHPUMP,0
D,DISPATCH,UNIT_SCADA,1,"2019/08/20 22:05:00",SITHE01,0.1840
D,DISPATCH,UNIT_SCADA,1,"2019/08/20 22:05:00",SMCSF1,0
D,DISPATCH,UNIT_SCADA,1,"2019/08/20 22:05:00",SNOWNTH1,96.20
D,DISPATCH,UNIT_SCADA,1,"2019/08/20 22:05:00",SNOWSTH1,100.40
D,DISPATCH,UNIT_SCADA,1,"2019/08/20 22:05:00",SNOWTWN1,78.9248
D,DISPATCH,UNIT_SCADA,1,"2019/08/20 22:05:00",SNOWYP,0
D,DISPATCH,UNIT_SCADA,1,"2019/08/20 22:05:00",SNUG1,0.019440
D,DISPATCH,UNIT_SCADA,1,"2019/08/20 22:05:00",SRSF1,0.07
D,DISPATCH,UNIT_SCADA,1,"2019/08/20 22:05:00",STAN-1,0
D,DISPATCH,UNIT_SCADA,1,"2019/08/20 22:05:00",STAN-2,284.683350
D,DISPATCH,UNIT_SCADA,1,"2019/08/20 22:05:00",STAN-3,282.606840
D,DISPATCH,UNIT_SCADA,1,"2019/08/20 22:05:00",STAN-4,284.016820
D,DISPATCH,UNIT_SCADA,1,"2019/08/20 22:05:00",STWF1,187.391250
D,DISPATCH,UNIT_SCADA,1,"2019/08/20 22:05:00",SWAN_E,0
D,DISPATCH,UNIT_SCADA,1,"2019/08/20 22:05:00",TALWA1,301
D,DISPATCH,UNIT_SCADA,1,"2019/08/20 22:05:00",TARALGA1,91.676270
D,DISPATCH,UNIT_SCADA,1,"2019/08/20 22:05:00",TARONG#1,315.300020
D,DISPATCH,UNIT_SCADA,1,"2019/08/20 22:05:00",TARONG#2,315
D,DISPATCH,UNIT_SCADA,1,"2019/08/20 22:05:00",TARONG#3,259.800020
D,DISPATCH,UNIT_SCADA,1,"2019/08/20 22:05:00",TARONG#4,313.899990
D,DISPATCH,UNIT_SCADA,1,"2019/08/20 22:05:00",TARRALEA,85
D,DISPATCH,UNIT_SCADA,1,"2019/08/20 22:05:00",TBSF1,-0.20
D,DISPATCH,UNIT_SCADA,1,"2019/08/20 22:05:00",TNPS1,441.700010
D,DISPATCH,UNIT_SCADA,1,"2019/08/20 22:05:00",TORRA1,54.073930
D,DISPATCH,UNIT_SCADA,1,"2019/08/20 22:05:00",TORRA2,0
D,DISPATCH,UNIT_SCADA,1,"2019/08/20 22:05:00",TORRA3,0
D,DISPATCH,UNIT_SCADA,1,"2019/08/20 22:05:00",TORRA4,0
D,DISPATCH,UNIT_SCADA,1,"2019/08/20 22:05:00",TORRB1,61.57
D,DISPATCH,UNIT_SCADA,1,"2019/08/20 22:05:00",TORRB2,60.35
D,DISPATCH,UNIT_SCADA,1,"2019/08/20 22:05:00",TORRB3,0
D,DISPATCH,UNIT_SCADA,1,"2019/08/20 22:05:00",TORRB4,0
D,DISPATCH,UNIT_SCADA,1,"2019/08/20 22:05:00",TREVALLN,18.270020
D,DISPATCH,UNIT_SCADA,1,"2019/08/20 22:05:00",TRIBUTE,84.91
D,DISPATCH,UNIT_SCADA,1,"2019/08/20 22:05:00",TUMUT3,0
D,DISPATCH,UNIT_SCADA,1,"2019/08/20 22:05:00",TUNGATIN,124.880030
D,DISPATCH,UNIT_SCADA,1,"2019/08/20 22:05:00",TVCC201,0
D,DISPATCH,UNIT_SCADA,1,"2019/08/20 22:05:00",TVPP104,0
D,DISPATCH,UNIT_SCADA,1,"2019/08/20 22:05:00",UPPTUMUT,0
D,DISPATCH,UNIT_SCADA,1,"2019/08/20 22:05:00",URANQ11,0
D,DISPATCH,UNIT_SCADA,1,"2019/08/20 22:05:00",URANQ12,0
D,DISPATCH,UNIT_SCADA,1,"2019/08/20 22:05:00",URANQ13,0
D,DISPATCH,UNIT_SCADA,1,"2019/08/20 22:05:00",URANQ14,0
D,DISPATCH,UNIT_SCADA,1,"2019/08/20 22:05:00",VP5,528.700010
D,DISPATCH,UNIT_SCADA,1,"2019/08/20 22:05:00",VP6,461.799990
D,DISPATCH,UNIT_SCADA,1,"2019/08/20 22:05:00",VPGS1,0
D,DISPATCH,UNIT_SCADA,1,"2019/08/20 22:05:00",VPGS2,0
D,DISPATCH,UNIT_SCADA,1,"2019/08/20 22:05:00",VPGS3,0
D,DISPATCH,UNIT_SCADA,1,"2019/08/20 22:05:00",VPGS4,0
D,DISPATCH,UNIT_SCADA,1,"2019/08/20 22:05:00",VPGS5,0
D,DISPATCH,UNIT_SCADA,1,"2019/08/20 22:05:00",VPGS6,0
D,DISPATCH,UNIT_SCADA,1,"2019/08/20 22:05:00",W/HOE#1,201.909990
D,DISPATCH,UNIT_SCADA,1,"2019/08/20 22:05:00",W/HOE#2,0
D,DISPATCH,UNIT_SCADA,1,"2019/08/20 22:05:00",WATERLWF,106
D,DISPATCH,UNIT_SCADA,1,"2019/08/20 22:05:00",WEMENSF1,0
D,DISPATCH,UNIT_SCADA,1,"2019/08/20 22:05:00",WGWF1,98.50
D,DISPATCH,UNIT_SCADA,1,"2019/08/20 22:05:00",WHITSF1,0
D,DISPATCH,UNIT_SCADA,1,"2019/08/20 22:05:00",WKIEWA1,10.30
D,DISPATCH,UNIT_SCADA,1,"2019/08/20 22:05:00",WKIEWA2,17.40
D,DISPATCH,UNIT_SCADA,1,"2019/08/20 22:05:00",WOODLWN1,44.91
D,DISPATCH,UNIT_SCADA,1,"2019/08/20 22:05:00",WRSF1,0
D,DISPATCH,UNIT_SCADA,1,"2019/08/20 22:05:00",WRWF1,154.270020
D,DISPATCH,UNIT_SCADA,1,"2019/08/20 22:05:00",YABULU,0
D,DISPATCH,UNIT_SCADA,1,"2019/08/20 22:05:00",YABULU2,0
D,DISPATCH,UNIT_SCADA,1,"2019/08/20 22:05:00",YARWUN_1,0
D,DISPATCH,UNIT_SCADA,1,"2019/08/20 22:05:00",YENDWF1,41.68
D,DISPATCH,UNIT_SCADA,1,"2019/08/20 22:05:00",YWPS1,380.200010
D,DISPATCH,UNIT_SCADA,1,"2019/08/20 22:05:00",YWPS2,281.701260
D,DISPATCH,UNIT_SCADA,1,"2019/08/20 22:05:00",YWPS3,0
D,DISPATCH,UNIT_SCADA,1,"2019/08/20 22:05:00",YWPS4,400.3190
C,"END OF REPORT",334
