C,NEMP.WORLD,DISPATCHSCADA,AEMO,PUBLIC,2019/09/06,13:35:09,0000000312464255,DISPATCHSCADA,0000000312464249
I,DISPATCH,UNIT_SCADA,1,SETTLEMENTDATE,DUID,SCADAVALUE
D,DISPATCH,UNIT_SCADA,1,"2019/09/06 13:40:00",BARCSF1,8.900001
D,DISPATCH,UNIT_SCADA,1,"2019/09/06 13:40:00",BUTLERSG,10.199999
D,DISPATCH,UNIT_SCADA,1,"2019/09/06 13:40:00",CALL_A_4,0
D,DISPATCH,UNIT_SCADA,1,"2019/09/06 13:40:00",CAPTL_WF,129.567993
D,DISPATCH,UNIT_SCADA,1,"2019/09/06 13:40:00",CATHROCK,0
D,DISPATCH,UNIT_SCADA,1,"2019/09/06 13:40:00",CHALLHWF,2.90
D,DISPATCH,UNIT_SCADA,1,"2019/09/06 13:40:00",CLOVER,-0.01
D,DISPATCH,UNIT_SCADA,1,"2019/09/06 13:40:00",CLUNY,18.097048
D,DISPATCH,UNIT_SCADA,1,"2019/09/06 13:40:00",CNUNDAWF,38.945435
D,DISPATCH,UNIT_SCADA,1,"2019/09/06 13:40:00",CULLRGWF,27.26
D,DISPATCH,UNIT_SCADA,1,"2019/09/06 13:40:00",ERGT01,0
D,DISPATCH,UNIT_SCADA,1,"2019/09/06 13:40:00",GB01,0.012226
D,DISPATCH,UNIT_SCADA,1,"2019/09/06 13:40:00",GERMCRK,30.799999
D,DISPATCH,UNIT_SCADA,1,"2019/09/06 13:40:00",GRIFSF1,7.000008
D,DISPATCH,UNIT_SCADA,1,"2019/09/06 13:40:00",HUGSF1,9.04
D,DISPATCH,UNIT_SCADA,1,"2019/09/06 13:40:00",LKBONNY1,74.841248
D,DISPATCH,UNIT_SCADA,1,"2019/09/06 13:40:00",LRSF1,11.747001
D,DISPATCH,UNIT_SCADA,1,"2019/09/06 13:40:00",MBAHNTH,51.618744
D,DISPATCH,UNIT_SCADA,1,"2019/09/06 13:40:00",MLSP1,4.198001
D,DISPATCH,UNIT_SCADA,1,"2019/09/06 13:40:00",MLWF1,4.6350
D,DISPATCH,UNIT_SCADA,1,"2019/09/06 13:40:00",MTMILLAR,54.023922
D,DISPATCH,UNIT_SCADA,1,"2019/09/06 13:40:00",PALOONA,23.67
D,DISPATCH,UNIT_SCADA,1,"2019/09/06 13:40:00",PIONEER,36.200001
D,DISPATCH,UNIT_SCADA,1,"2019/09/06 13:40:00",PORTWF,73.699997
D,DISPATCH,UNIT_SCADA,1,"2019/09/06 13:40:00",REPULSE,32.377815
D,DISPATCH,UNIT_SCADA,1,"2019/09/06 13:40:00",ROWALLAN,10.2098
D,DISPATCH,UNIT_SCADA,1,"2019/09/06 13:40:00",ROYALLA1,6.1590
D,DISPATCH,UNIT_SCADA,1,"2019/09/06 13:40:00",RPCG,12.50
D,DISPATCH,UNIT_SCADA,1,"2019/09/06 13:40:00",RUBICON,0
D,DISPATCH,UNIT_SCADA,1,"2019/09/06 13:40:00",SATGN1,0
D,DISPATCH,UNIT_SCADA,1,"2019/09/06 13:40:00",SATGS1,0
D,DISPATCH,UNIT_SCADA,1,"2019/09/06 13:40:00",STARHLWF,25.292625
D,DISPATCH,UNIT_SCADA,1,"2019/09/06 13:40:00",WAUBRAWF,41.872002
D,DISPATCH,UNIT_SCADA,1,"2019/09/06 13:40:00",WOOLNTH1,55.220016
D,DISPATCH,UNIT_SCADA,1,"2019/09/06 13:40:00",WPWF,84
D,DISPATCH,UNIT_SCADA,1,"2019/09/06 13:40:00",YAMBUKWF,20.200001
D,DISPATCH,UNIT_SCADA,1,"2019/09/06 13:40:00",YSWF1,23.60
D,DISPATCH,UNIT_SCADA,1,"2019/09/06 13:40:00",AGLHAL,0
D,DISPATCH,UNIT_SCADA,1,"2019/09/06 13:40:00",AGLSOM,0
D,DISPATCH,UNIT_SCADA,1,"2019/09/06 13:40:00",ANGAST1,0
D,DISPATCH,UNIT_SCADA,1,"2019/09/06 13:40:00",ARWF1,27.80
D,DISPATCH,UNIT_SCADA,1,"2019/09/06 13:40:00",BALBG1,8.53
D,DISPATCH,UNIT_SCADA,1,"2019/09/06 13:40:00",BALBL1,0
D,DISPATCH,UNIT_SCADA,1,"2019/09/06 13:40:00",BALDHWF1,85.8590
D,DISPATCH,UNIT_SCADA,1,"2019/09/06 13:40:00",BANN1,4.43
D,DISPATCH,UNIT_SCADA,1,"2019/09/06 13:40:00",BARCALDN,0
D,DISPATCH,UNIT_SCADA,1,"2019/09/06 13:40:00",BARRON-1,0
D,DISPATCH,UNIT_SCADA,1,"2019/09/06 13:40:00",BARRON-2,0
D,DISPATCH,UNIT_SCADA,1,"2019/09/06 13:40:00",BASTYAN,80.45
D,DISPATCH,UNIT_SCADA,1,"2019/09/06 13:40:00",BBTHREE1,0
D,DISPATCH,UNIT_SCADA,1,"2019/09/06 13:40:00",BBTHREE2,0
D,DISPATCH,UNIT_SCADA,1,"2019/09/06 13:40:00",BBTHREE3,0
D,DISPATCH,UNIT_SCADA,1,"2019/09/06 13:40:00",BDL01,0
D,DISPATCH,UNIT_SCADA,1,"2019/09/06 13:40:00",BDL02,-0.24
D,DISPATCH,UNIT_SCADA,1,"2019/09/06 13:40:00",BERYLSF1,34.000690
D,DISPATCH,UNIT_SCADA,1,"2019/09/06 13:40:00",BLOWERNG,15.30
D,DISPATCH,UNIT_SCADA,1,"2019/09/06 13:40:00",BLUFF1,42.30
D,DISPATCH,UNIT_SCADA,1,"2019/09/06 13:40:00",BNGSF1,100.93
D,DISPATCH,UNIT_SCADA,1,"2019/09/06 13:40:00",BNGSF2,16.05
D,DISPATCH,UNIT_SCADA,1,"2019/09/06 13:40:00",BOCORWF1,94.43
D,DISPATCH,UNIT_SCADA,1,"2019/09/06 13:40:00",BODWF1,96.390380
D,DISPATCH,UNIT_SCADA,1,"2019/09/06 13:40:00",BRAEMAR1,0
D,DISPATCH,UNIT_SCADA,1,"2019/09/06 13:40:00",BRAEMAR2,0
D,DISPATCH,UNIT_SCADA,1,"2019/09/06 13:40:00",BRAEMAR3,0
D,DISPATCH,UNIT_SCADA,1,"2019/09/06 13:40:00",BRAEMAR5,0
D,DISPATCH,UNIT_SCADA,1,"2019/09/06 13:40:00",BRAEMAR6,0
D,DISPATCH,UNIT_SCADA,1,"2019/09/06 13:40:00",BRAEMAR7,0
D,DISPATCH,UNIT_SCADA,1,"2019/09/06 13:40:00",BROKENH1,26.315920
D,DISPATCH,UNIT_SCADA,1,"2019/09/06 13:40:00",BW01,574.400020
D,DISPATCH,UNIT_SCADA,1,"2019/09/06 13:40:00",BW02,578.174930
D,DISPATCH,UNIT_SCADA,1,"2019/09/06 13:40:00",BW03,634
D,DISPATCH,UNIT_SCADA,1,"2019/09/06 13:40:00",BW04,0
D,DISPATCH,UNIT_SCADA,1,"2019/09/06 13:40:00",CALL_B_1,326.800020
D,DISPATCH,UNIT_SCADA,1,"2019/09/06 13:40:00",CALL_B_2,329.800020
D,DISPATCH,UNIT_SCADA,1,"2019/09/06 13:40:00",CETHANA,96.867250
D,DISPATCH,UNIT_SCADA,1,"2019/09/06 13:40:00",CG1,0
D,DISPATCH,UNIT_SCADA,1,"2019/09/06 13:40:00",CG2,0
D,DISPATCH,UNIT_SCADA,1,"2019/09/06 13:40:00",CG3,0
D,DISPATCH,UNIT_SCADA,1,"2019/09/06 13:40:00",CG4,0
D,DISPATCH,UNIT_SCADA,1,"2019/09/06 13:40:00",CHILDSF1,52.13
D,DISPATCH,UNIT_SCADA,1,"2019/09/06 13:40:00",CLARESF1,45.899780
D,DISPATCH,UNIT_SCADA,1,"2019/09/06 13:40:00",CLEMGPWF,50.784680
D,DISPATCH,UNIT_SCADA,1,"2019/09/06 13:40:00",CLERMSF1,14.72
D,DISPATCH,UNIT_SCADA,1,"2019/09/06 13:40:00",COLEASF1,101.000010
D,DISPATCH,UNIT_SCADA,1,"2019/09/06 13:40:00",COOPGWF1,57.171010
D,DISPATCH,UNIT_SCADA,1,"2019/09/06 13:40:00",CPP_3,321.200010
D,DISPATCH,UNIT_SCADA,1,"2019/09/06 13:40:00",CPP_4,242.55
D,DISPATCH,UNIT_SCADA,1,"2019/09/06 13:40:00",CPSA,76.286250
D,DISPATCH,UNIT_SCADA,1,"2019/09/06 13:40:00",CROOKWF2,70.163750
D,DISPATCH,UNIT_SCADA,1,"2019/09/06 13:40:00",CROWLWF1,11.990530
D,DISPATCH,UNIT_SCADA,1,"2019/09/06 13:40:00",CSPVPS1,31.9820
D,DISPATCH,UNIT_SCADA,1,"2019/09/06 13:40:00",DALNTH01,0
D,DISPATCH,UNIT_SCADA,1,"2019/09/06 13:40:00",DALNTHL1,0.050350
D,DISPATCH,UNIT_SCADA,1,"2019/09/06 13:40:00",DARTM1,0
D,DISPATCH,UNIT_SCADA,1,"2019/09/06 13:40:00",DAYDSF1,113.405010
D,DISPATCH,UNIT_SCADA,1,"2019/09/06 13:40:00",DDPS1,0
D,DISPATCH,UNIT_SCADA,1,"2019/09/06 13:40:00",DDSF1,105.938940
D,DISPATCH,UNIT_SCADA,1,"2019/09/06 13:40:00",DEVILS_G,0
D,DISPATCH,UNIT_SCADA,1,"2019/09/06 13:40:00",DG_NSW1,0
D,DISPATCH,UNIT_SCADA,1,"2019/09/06 13:40:00",DG_QLD1,0
D,DISPATCH,UNIT_SCADA,1,"2019/09/06 13:40:00",DG_SA1,0
D,DISPATCH,UNIT_SCADA,1,"2019/09/06 13:40:00",DG_TAS1,0
D,DISPATCH,UNIT_SCADA,1,"2019/09/06 13:40:00",DG_VIC1,0
D,DISPATCH,UNIT_SCADA,1,"2019/09/06 13:40:00",DRYCGT1,0
D,DISPATCH,UNIT_SCADA,1,"2019/09/06 13:40:00",DRYCGT2,0
D,DISPATCH,UNIT_SCADA,1,"2019/09/06 13:40:00",DRYCGT3,0
D,DISPATCH,UNIT_SCADA,1,"2019/09/06 13:40:00",EILDON1,0
D,DISPATCH,UNIT_SCADA,1,"2019/09/06 13:40:00",EILDON2,0
D,DISPATCH,UNIT_SCADA,1,"2019/09/06 13:40:00",EMERASF1,67.189990
D,DISPATCH,UNIT_SCADA,1,"2019/09/06 13:40:00",ER01,524.525020
D,DISPATCH,UNIT_SCADA,1,"2019/09/06 13:40:00",ER02,634.349980
D,DISPATCH,UNIT_SCADA,1,"2019/09/06 13:40:00",ER03,0
D,DISPATCH,UNIT_SCADA,1,"2019/09/06 13:40:00",ER04,633.525020
D,DISPATCH,UNIT_SCADA,1,"2019/09/06 13:40:00",FINLYSF1,0
D,DISPATCH,UNIT_SCADA,1,"2019/09/06 13:40:00",FISHER,45.87
D,DISPATCH,UNIT_SCADA,1,"2019/09/06 13:40:00",GANNBG1,14.768370
D,DISPATCH,UNIT_SCADA,1,"2019/09/06 13:40:00",GANNBL1,0
D,DISPATCH,UNIT_SCADA,1,"2019/09/06 13:40:00",GANNSF1,7.10
D,DISPATCH,UNIT_SCADA,1,"2019/09/06 13:40:00",GORDON,22.476160
D,DISPATCH,UNIT_SCADA,1,"2019/09/06 13:40:00",GSTONE1,135.099990
D,DISPATCH,UNIT_SCADA,1,"2019/09/06 13:40:00",GSTONE2,110.4250
D,DISPATCH,UNIT_SCADA,1,"2019/09/06 13:40:00",GSTONE3,0
D,DISPATCH,UNIT_SCADA,1,"2019/09/06 13:40:00",GSTONE4,135.099990
D,DISPATCH,UNIT_SCADA,1,"2019/09/06 13:40:00",GSTONE5,134.75
D,DISPATCH,UNIT_SCADA,1,"2019/09/06 13:40:00",GSTONE6,135.099990
D,DISPATCH,UNIT_SCADA,1,"2019/09/06 13:40:00",GULLRSF1,3.184540
D,DISPATCH,UNIT_SCADA,1,"2019/09/06 13:40:00",GULLRWF1,123.101590
D,DISPATCH,UNIT_SCADA,1,"2019/09/06 13:40:00",GUNNING1,35.368430
D,DISPATCH,UNIT_SCADA,1,"2019/09/06 13:40:00",GUTHEGA,0
D,DISPATCH,UNIT_SCADA,1,"2019/09/06 13:40:00",HALLWF1,-0.40
D,DISPATCH,UNIT_SCADA,1,"2019/09/06 13:40:00",HALLWF2,-0.30
D,DISPATCH,UNIT_SCADA,1,"2019/09/06 13:40:00",HAMISF1,45.60
D,DISPATCH,UNIT_SCADA,1,"2019/09/06 13:40:00",HAUGHT11,95.506430
D,DISPATCH,UNIT_SCADA,1,"2019/09/06 13:40:00",HAYMSF1,40.9020
D,DISPATCH,UNIT_SCADA,1,"2019/09/06 13:40:00",HDWF1,82.20
D,DISPATCH,UNIT_SCADA,1,"2019/09/06 13:40:00",HDWF2,82
D,DISPATCH,UNIT_SCADA,1,"2019/09/06 13:40:00",HDWF3,87.60
D,DISPATCH,UNIT_SCADA,1,"2019/09/06 13:40:00",HPRG1,0
D,DISPATCH,UNIT_SCADA,1,"2019/09/06 13:40:00",HPRL1,0.30
D,DISPATCH,UNIT_SCADA,1,"2019/09/06 13:40:00",HUMENSW,0
D,DISPATCH,UNIT_SCADA,1,"2019/09/06 13:40:00",HUMEV,25.20
D,DISPATCH,UNIT_SCADA,1,"2019/09/06 13:40:00",HVGTS,0
D,DISPATCH,UNIT_SCADA,1,"2019/09/06 13:40:00",JBUTTERS,98.579990
D,DISPATCH,UNIT_SCADA,1,"2019/09/06 13:40:00",JLA01,0.10
D,DISPATCH,UNIT_SCADA,1,"2019/09/06 13:40:00",JLA02,0
D,DISPATCH,UNIT_SCADA,1,"2019/09/06 13:40:00",JLA03,0
D,DISPATCH,UNIT_SCADA,1,"2019/09/06 13:40:00",JLA04,0
D,DISPATCH,UNIT_SCADA,1,"2019/09/06 13:40:00",JLB01,0
D,DISPATCH,UNIT_SCADA,1,"2019/09/06 13:40:00",JLB02,0.10
D,DISPATCH,UNIT_SCADA,1,"2019/09/06 13:40:00",JLB03,0
D,DISPATCH,UNIT_SCADA,1,"2019/09/06 13:40:00",KAREEYA1,21.5075
D,DISPATCH,UNIT_SCADA,1,"2019/09/06 13:40:00",KAREEYA2,21.5025
D,DISPATCH,UNIT_SCADA,1,"2019/09/06 13:40:00",KAREEYA3,0
D,DISPATCH,UNIT_SCADA,1,"2019/09/06 13:40:00",KAREEYA4,21.4775
D,DISPATCH,UNIT_SCADA,1,"2019/09/06 13:40:00",KARSF1,32.70
D,DISPATCH,UNIT_SCADA,1,"2019/09/06 13:40:00",KIATAWF1,30.60
D,DISPATCH,UNIT_SCADA,1,"2019/09/06 13:40:00",KPP_1,0
D,DISPATCH,UNIT_SCADA,1,"2019/09/06 13:40:00",KSP1,46.02
D,DISPATCH,UNIT_SCADA,1,"2019/09/06 13:40:00",LADBROK1,0
D,DISPATCH,UNIT_SCADA,1,"2019/09/06 13:40:00",LADBROK2,0
D,DISPATCH,UNIT_SCADA,1,"2019/09/06 13:40:00",LD01,375.862520
D,DISPATCH,UNIT_SCADA,1,"2019/09/06 13:40:00",LD02,379.106320
D,DISPATCH,UNIT_SCADA,1,"2019/09/06 13:40:00",LD03,376.743710
D,DISPATCH,UNIT_SCADA,1,"2019/09/06 13:40:00",LD04,375.9938
D,DISPATCH,UNIT_SCADA,1,"2019/09/06 13:40:00",LEM_WIL,84.894350
D,DISPATCH,UNIT_SCADA,1,"2019/09/06 13:40:00",LGAPWF1,34.61
D,DISPATCH,UNIT_SCADA,1,"2019/09/06 13:40:00",LILYSF1,0
D,DISPATCH,UNIT_SCADA,1,"2019/09/06 13:40:00",LI_WY_CA,163.203480
D,DISPATCH,UNIT_SCADA,1,"2019/09/06 13:40:00",LKBONNY2,145.093430
D,DISPATCH,UNIT_SCADA,1,"2019/09/06 13:40:00",LKBONNY3,34.442180
D,DISPATCH,UNIT_SCADA,1,"2019/09/06 13:40:00",LK_ECHO,0
D,DISPATCH,UNIT_SCADA,1,"2019/09/06 13:40:00",LNGS1,0
D,DISPATCH,UNIT_SCADA,1,"2019/09/06 13:40:00",LNGS2,0
D,DISPATCH,UNIT_SCADA,1,"2019/09/06 13:40:00",LONSDALE,0
D,DISPATCH,UNIT_SCADA,1,"2019/09/06 13:40:00",LOYYB1,536.840520
D,DISPATCH,UNIT_SCADA,1,"2019/09/06 13:40:00",LOYYB2,583.458250
D,DISPATCH,UNIT_SCADA,1,"2019/09/06 13:40:00",LYA1,0
D,DISPATCH,UNIT_SCADA,1,"2019/09/06 13:40:00",LYA2,0
D,DISPATCH,UNIT_SCADA,1,"2019/09/06 13:40:00",LYA3,560
D,DISPATCH,UNIT_SCADA,1,"2019/09/06 13:40:00",LYA4,541
D,DISPATCH,UNIT_SCADA,1,"2019/09/06 13:40:00",MACARTH1,155.696410
D,DISPATCH,UNIT_SCADA,1,"2019/09/06 13:40:00",MACKAYGT,0.2240
D,DISPATCH,UNIT_SCADA,1,"2019/09/06 13:40:00",MACKNTSH,88.27
D,DISPATCH,UNIT_SCADA,1,"2019/09/06 13:40:00",MANSLR1,21.0510
D,DISPATCH,UNIT_SCADA,1,"2019/09/06 13:40:00",MCKAY1,-0.0350
D,DISPATCH,UNIT_SCADA,1,"2019/09/06 13:40:00",MEADOWBK,33.924460
D,DISPATCH,UNIT_SCADA,1,"2019/09/06 13:40:00",MERCER01,46.0960
D,DISPATCH,UNIT_SCADA,1,"2019/09/06 13:40:00",MEWF1,13.074430
D,DISPATCH,UNIT_SCADA,1,"2019/09/06 13:40:00",MINTARO,0
D,DISPATCH,UNIT_SCADA,1,"2019/09/06 13:40:00",MOREESF1,46.6840
D,DISPATCH,UNIT_SCADA,1,"2019/09/06 13:40:00",MORTLK11,260
D,DISPATCH,UNIT_SCADA,1,"2019/09/06 13:40:00",MORTLK12,0
D,DISPATCH,UNIT_SCADA,1,"2019/09/06 13:40:00",MP1,150.349980
D,DISPATCH,UNIT_SCADA,1,"2019/09/06 13:40:00",MP2,0
D,DISPATCH,UNIT_SCADA,1,"2019/09/06 13:40:00",MPP_1,372.25
D,DISPATCH,UNIT_SCADA,1,"2019/09/06 13:40:00",MPP_2,425
D,DISPATCH,UNIT_SCADA,1,"2019/09/06 13:40:00",MSTUART1,0
D,DISPATCH,UNIT_SCADA,1,"2019/09/06 13:40:00",MSTUART2,0
D,DISPATCH,UNIT_SCADA,1,"2019/09/06 13:40:00",MSTUART3,0
D,DISPATCH,UNIT_SCADA,1,"2019/09/06 13:40:00",MTGELWF1,57.322910
D,DISPATCH,UNIT_SCADA,1,"2019/09/06 13:40:00",MURRAY,0
D,DISPATCH,UNIT_SCADA,1,"2019/09/06 13:40:00",MUSSELR1,165.700010
D,DISPATCH,UNIT_SCADA,1,"2019/09/06 13:40:00",MUWAWF1,72.12
D,DISPATCH,UNIT_SCADA,1,"2019/09/06 13:40:00",NBHWF1,96.80
D,DISPATCH,UNIT_SCADA,1,"2019/09/06 13:40:00",NPS,0
D,DISPATCH,UNIT_SCADA,1,"2019/09/06 13:40:00",NUMURSF1,41.32
D,DISPATCH,UNIT_SCADA,1,"2019/09/06 13:40:00",NYNGAN1,43.75
D,DISPATCH,UNIT_SCADA,1,"2019/09/06 13:40:00",OAKEY1,0
D,DISPATCH,UNIT_SCADA,1,"2019/09/06 13:40:00",OAKEY1SF,23.6880
D,DISPATCH,UNIT_SCADA,1,"2019/09/06 13:40:00",OAKEY2,0
D,DISPATCH,UNIT_SCADA,1,"2019/09/06 13:40:00",OAKEY2SF,0
D,DISPATCH,UNIT_SCADA,1,"2019/09/06 13:40:00",OAKLAND1,12.20
D,DISPATCH,UNIT_SCADA,1,"2019/09/06 13:40:00",OSB-AG,0
D,DISPATCH,UNIT_SCADA,1,"2019/09/06 13:40:00",PARSF1,22.899990
D,DISPATCH,UNIT_SCADA,1,"2019/09/06 13:40:00",POAT110,0
D,DISPATCH,UNIT_SCADA,1,"2019/09/06 13:40:00",POAT220,0
D,DISPATCH,UNIT_SCADA,1,"2019/09/06 13:40:00",POR01,0
D,DISPATCH,UNIT_SCADA,1,"2019/09/06 13:40:00",POR03,0
D,DISPATCH,UNIT_SCADA,1,"2019/09/06 13:40:00",PPCCGT,0
D,DISPATCH,UNIT_SCADA,1,"2019/09/06 13:40:00",PTSTAN1,0
D,DISPATCH,UNIT_SCADA,1,"2019/09/06 13:40:00",PUMP1,0
D,DISPATCH,UNIT_SCADA,1,"2019/09/06 13:40:00",PUMP2,0
D,DISPATCH,UNIT_SCADA,1,"2019/09/06 13:40:00",QPS1,0
D,DISPATCH,UNIT_SCADA,1,"2019/09/06 13:40:00",QPS2,0
D,DISPATCH,UNIT_SCADA,1,"2019/09/06 13:40:00",QPS3,0
D,DISPATCH,UNIT_SCADA,1,"2019/09/06 13:40:00",QPS4,0
D,DISPATCH,UNIT_SCADA,1,"2019/09/06 13:40:00",QPS5,0
D,DISPATCH,UNIT_SCADA,1,"2019/09/06 13:40:00",REECE1,102.150010
D,DISPATCH,UNIT_SCADA,1,"2019/09/06 13:40:00",REECE2,104.000010
D,DISPATCH,UNIT_SCADA,1,"2019/09/06 13:40:00",ROMA_7,0
D,DISPATCH,UNIT_SCADA,1,"2019/09/06 13:40:00",ROMA_8,0
D,DISPATCH,UNIT_SCADA,1,"2019/09/06 13:40:00",RRSF1,115.084580
D,DISPATCH,UNIT_SCADA,1,"2019/09/06 13:40:00",RT_NSW1,0
D,DISPATCH,UNIT_SCADA,1,"2019/09/06 13:40:00",RT_NSW2,0
D,DISPATCH,UNIT_SCADA,1,"2019/09/06 13:40:00",RT_NSW3,0
D,DISPATCH,UNIT_SCADA,1,"2019/09/06 13:40:00",RT_NSW4,0
D,DISPATCH,UNIT_SCADA,1,"2019/09/06 13:40:00",RT_NSW5,0
D,DISPATCH,UNIT_SCADA,1,"2019/09/06 13:40:00",RT_NSW6,0
D,DISPATCH,UNIT_SCADA,1,"2019/09/06 13:40:00",RT_QLD1,0
D,DISPATCH,UNIT_SCADA,1,"2019/09/06 13:40:00",RT_SA1,0
D,DISPATCH,UNIT_SCADA,1,"2019/09/06 13:40:00",RT_SA2,0
D,DISPATCH,UNIT_SCADA,1,"2019/09/06 13:40:00",RT_SA3,0
D,DISPATCH,UNIT_SCADA,1,"2019/09/06 13:40:00",RT_SA4,0
D,DISPATCH,UNIT_SCADA,1,"2019/09/06 13:40:00",RT_SA5,0
D,DISPATCH,UNIT_SCADA,1,"2019/09/06 13:40:00",RT_SA6,0
D,DISPATCH,UNIT_SCADA,1,"2019/09/06 13:40:00",RT_TAS1,0
D,DISPATCH,UNIT_SCADA,1,"2019/09/06 13:40:00",RT_VIC1,0
D,DISPATCH,UNIT_SCADA,1,"2019/09/06 13:40:00",RT_VIC10,0
D,DISPATCH,UNIT_SCADA,1,"2019/09/06 13:40:00",RT_VIC11,0
D,DISPATCH,UNIT_SCADA,1,"2019/09/06 13:40:00",RT_VIC12,0
D,DISPATCH,UNIT_SCADA,1,"2019/09/06 13:40:00",RT_VIC2,0
D,DISPATCH,UNIT_SCADA,1,"2019/09/06 13:40:00",RT_VIC3,0
D,DISPATCH,UNIT_SCADA,1,"2019/09/06 13:40:00",RT_VIC4,0
D,DISPATCH,UNIT_SCADA,1,"2019/09/06 13:40:00",RT_VIC5,0
D,DISPATCH,UNIT_SCADA,1,"2019/09/06 13:40:00",RT_VIC6,0
D,DISPATCH,UNIT_SCADA,1,"2019/09/06 13:40:00",RT_VIC7,0
D,DISPATCH,UNIT_SCADA,1,"2019/09/06 13:40:00",RT_VIC8,0
D,DISPATCH,UNIT_SCADA,1,"2019/09/06 13:40:00",RT_VIC9,0
D,DISPATCH,UNIT_SCADA,1,"2019/09/06 13:40:00",RUGBYR1,62.574590
D,DISPATCH,UNIT_SCADA,1,"2019/09/06 13:40:00",SALTCRK1,41.87
D,DISPATCH,UNIT_SCADA,1,"2019/09/06 13:40:00",SAPHWF1,226.706240
D,DISPATCH,UNIT_SCADA,1,"2019/09/06 13:40:00",SHGEN,0
D,DISPATCH,UNIT_SCADA,1,"2019/09/06 13:40:00",SHPUMP,0
D,DISPATCH,UNIT_SCADA,1,"2019/09/06 13:40:00",SITHE01,0.1840
D,DISPATCH,UNIT_SCADA,1,"2019/09/06 13:40:00",SMCSF1,82.811260
D,DISPATCH,UNIT_SCADA,1,"2019/09/06 13:40:00",SNOWNTH1,137.600010
D,DISPATCH,UNIT_SCADA,1,"2019/09/06 13:40:00",SNOWSTH1,118.50
D,DISPATCH,UNIT_SCADA,1,"2019/09/06 13:40:00",SNOWTWN1,20.086930
D,DISPATCH,UNIT_SCADA,1,"2019/09/06 13:40:00",SNOWYP,197.50
D,DISPATCH,UNIT_SCADA,1,"2019/09/06 13:40:00",SNUG1,0.019440
D,DISPATCH,UNIT_SCADA,1,"2019/09/06 13:40:00",SRSF1,69.47
D,DISPATCH,UNIT_SCADA,1,"2019/09/06 13:40:00",STAN-1,262.149660
D,DISPATCH,UNIT_SCADA,1,"2019/09/06 13:40:00",STAN-2,233.796680
D,DISPATCH,UNIT_SCADA,1,"2019/09/06 13:40:00",STAN-3,236.167970
D,DISPATCH,UNIT_SCADA,1,"2019/09/06 13:40:00",STAN-4,231.245930
D,DISPATCH,UNIT_SCADA,1,"2019/09/06 13:40:00",STWF1,0
D,DISPATCH,UNIT_SCADA,1,"2019/09/06 13:40:00",SWAN_E,0
D,DISPATCH,UNIT_SCADA,1,"2019/09/06 13:40:00",TALWA1,191
D,DISPATCH,UNIT_SCADA,1,"2019/09/06 13:40:00",TARALGA1,102.671250
D,DISPATCH,UNIT_SCADA,1,"2019/09/06 13:40:00",TARONG#1,349.200010
D,DISPATCH,UNIT_SCADA,1,"2019/09/06 13:40:00",TARONG#2,0
D,DISPATCH,UNIT_SCADA,1,"2019/09/06 13:40:00",TARONG#3,280.399990
D,DISPATCH,UNIT_SCADA,1,"2019/09/06 13:40:00",TARONG#4,348.700010
D,DISPATCH,UNIT_SCADA,1,"2019/09/06 13:40:00",TARRALEA,73.90
D,DISPATCH,UNIT_SCADA,1,"2019/09/06 13:40:00",TBSF1,26
D,DISPATCH,UNIT_SCADA,1,"2019/09/06 13:40:00",TNPS1,398.800020
D,DISPATCH,UNIT_SCADA,1,"2019/09/06 13:40:00",TORRA1,44.314480
D,DISPATCH,UNIT_SCADA,1,"2019/09/06 13:40:00",TORRA2,0
D,DISPATCH,UNIT_SCADA,1,"2019/09/06 13:40:00",TORRA3,0
D,DISPATCH,UNIT_SCADA,1,"2019/09/06 13:40:00",TORRA4,41.8819
D,DISPATCH,UNIT_SCADA,1,"2019/09/06 13:40:00",TORRB1,70.01
D,DISPATCH,UNIT_SCADA,1,"2019/09/06 13:40:00",TORRB2,75.78
D,DISPATCH,UNIT_SCADA,1,"2019/09/06 13:40:00",TORRB3,65.19
D,DISPATCH,UNIT_SCADA,1,"2019/09/06 13:40:00",TORRB4,0
D,DISPATCH,UNIT_SCADA,1,"2019/09/06 13:40:00",TREVALLN,88.200030
D,DISPATCH,UNIT_SCADA,1,"2019/09/06 13:40:00",TRIBUTE,0
D,DISPATCH,UNIT_SCADA,1,"2019/09/06 13:40:00",TUMUT3,0
D,DISPATCH,UNIT_SCADA,1,"2019/09/06 13:40:00",TUNGATIN,32.700030
D,DISPATCH,UNIT_SCADA,1,"2019/09/06 13:40:00",TVCC201,0
D,DISPATCH,UNIT_SCADA,1,"2019/09/06 13:40:00",TVPP104,0
D,DISPATCH,UNIT_SCADA,1,"2019/09/06 13:40:00",UPPTUMUT,0
D,DISPATCH,UNIT_SCADA,1,"2019/09/06 13:40:00",URANQ11,0
D,DISPATCH,UNIT_SCADA,1,"2019/09/06 13:40:00",URANQ12,0
D,DISPATCH,UNIT_SCADA,1,"2019/09/06 13:40:00",URANQ13,0
D,DISPATCH,UNIT_SCADA,1,"2019/09/06 13:40:00",URANQ14,0
D,DISPATCH,UNIT_SCADA,1,"2019/09/06 13:40:00",VP5,399.524990
D,DISPATCH,UNIT_SCADA,1,"2019/09/06 13:40:00",VP6,0
D,DISPATCH,UNIT_SCADA,1,"2019/09/06 13:40:00",VPGS1,0
D,DISPATCH,UNIT_SCADA,1,"2019/09/06 13:40:00",VPGS2,0
D,DISPATCH,UNIT_SCADA,1,"2019/09/06 13:40:00",VPGS3,0
D,DISPATCH,UNIT_SCADA,1,"2019/09/06 13:40:00",VPGS4,0
D,DISPATCH,UNIT_SCADA,1,"2019/09/06 13:40:00",VPGS5,0
D,DISPATCH,UNIT_SCADA,1,"2019/09/06 13:40:00",VPGS6,0
D,DISPATCH,UNIT_SCADA,1,"2019/09/06 13:40:00",W/HOE#1,0
D,DISPATCH,UNIT_SCADA,1,"2019/09/06 13:40:00",W/HOE#2,0
D,DISPATCH,UNIT_SCADA,1,"2019/09/06 13:40:00",WATERLWF,77.50
D,DISPATCH,UNIT_SCADA,1,"2019/09/06 13:40:00",WEMENSF1,46.20
D,DISPATCH,UNIT_SCADA,1,"2019/09/06 13:40:00",WGWF1,50.50
D,DISPATCH,UNIT_SCADA,1,"2019/09/06 13:40:00",WHITSF1,42.10
D,DISPATCH,UNIT_SCADA,1,"2019/09/06 13:40:00",WKIEWA1,0
D,DISPATCH,UNIT_SCADA,1,"2019/09/06 13:40:00",WKIEWA2,0.10
D,DISPATCH,UNIT_SCADA,1,"2019/09/06 13:40:00",WOODLWN1,46.1160
D,DISPATCH,UNIT_SCADA,1,"2019/09/06 13:40:00",WRSF1,8.07
D,DISPATCH,UNIT_SCADA,1,"2019/09/06 13:40:00",WRWF1,148.6250
D,DISPATCH,UNIT_SCADA,1,"2019/09/06 13:40:00",YABULU,0
D,DISPATCH,UNIT_SCADA,1,"2019/09/06 13:40:00",YABULU2,0
D,DISPATCH,UNIT_SCADA,1,"2019/09/06 13:40:00",YARWUN_1,120.06
D,DISPATCH,UNIT_SCADA,1,"2019/09/06 13:40:00",YENDWF1,42.04
D,DISPATCH,UNIT_SCADA,1,"2019/09/06 13:40:00",YWPS1,379.197480
D,DISPATCH,UNIT_SCADA,1,"2019/09/06 13:40:00",YWPS2,279.445560
D,DISPATCH,UNIT_SCADA,1,"2019/09/06 13:40:00",YWPS3,330.031650
D,DISPATCH,UNIT_SCADA,1,"2019/09/06 13:40:00",YWPS4,396.3671
C,"END OF REPORT",335
