C,NEMP.WORLD,DISPATCHSCADA,AEMO,PUBLIC,2019/09/05,20:35:08,0000000312435968,DISPATCHSCADA,0000000312435962
I,DISPATCH,UNIT_SCADA,1,SETTLEMENTDATE,DUID,SCADAVALUE
D,DISPATCH,UNIT_SCADA,1,"2019/09/05 20:40:00",BARCSF1,0.30
D,DISPATCH,UNIT_SCADA,1,"2019/09/05 20:40:00",BUTLERSG,10.199999
D,DISPATCH,UNIT_SCADA,1,"2019/09/05 20:40:00",CALL_A_4,0
D,DISPATCH,UNIT_SCADA,1,"2019/09/05 20:40:00",CAPTL_WF,35.519997
D,DISPATCH,UNIT_SCADA,1,"2019/09/05 20:40:00",CATHROCK,0
D,DISPATCH,UNIT_SCADA,1,"2019/09/05 20:40:00",CHALLHWF,8.799999
D,DISPATCH,UNIT_SCADA,1,"2019/09/05 20:40:00",CLOVER,-0.01
D,DISPATCH,UNIT_SCADA,1,"2019/09/05 20:40:00",CLUNY,17.220875
D,DISPATCH,UNIT_SCADA,1,"2019/09/05 20:40:00",CNUNDAWF,4.605372
D,DISPATCH,UNIT_SCADA,1,"2019/09/05 20:40:00",CULLRGWF,13.16
D,DISPATCH,UNIT_SCADA,1,"2019/09/05 20:40:00",ERGT01,0
D,DISPATCH,UNIT_SCADA,1,"2019/09/05 20:40:00",GB01,0.018360
D,DISPATCH,UNIT_SCADA,1,"2019/09/05 20:40:00",GERMCRK,36.700001
D,DISPATCH,UNIT_SCADA,1,"2019/09/05 20:40:00",GRIFSF1,0
D,DISPATCH,UNIT_SCADA,1,"2019/09/05 20:40:00",HUGSF1,-0.1310
D,DISPATCH,UNIT_SCADA,1,"2019/09/05 20:40:00",LKBONNY1,5.447871
D,DISPATCH,UNIT_SCADA,1,"2019/09/05 20:40:00",LRSF1,-0.0010
D,DISPATCH,UNIT_SCADA,1,"2019/09/05 20:40:00",MBAHNTH,46.856247
D,DISPATCH,UNIT_SCADA,1,"2019/09/05 20:40:00",MLSP1,0
D,DISPATCH,UNIT_SCADA,1,"2019/09/05 20:40:00",MLWF1,0.0750
D,DISPATCH,UNIT_SCADA,1,"2019/09/05 20:40:00",MTMILLAR,26.878017
D,DISPATCH,UNIT_SCADA,1,"2019/09/05 20:40:00",PALOONA,25.599998
D,DISPATCH,UNIT_SCADA,1,"2019/09/05 20:40:00",PIONEER,46.400002
D,DISPATCH,UNIT_SCADA,1,"2019/09/05 20:40:00",PORTWF,37.700001
D,DISPATCH,UNIT_SCADA,1,"2019/09/05 20:40:00",REPULSE,32.714733
D,DISPATCH,UNIT_SCADA,1,"2019/09/05 20:40:00",ROWALLAN,10.3518
D,DISPATCH,UNIT_SCADA,1,"2019/09/05 20:40:00",ROYALLA1,0
D,DISPATCH,UNIT_SCADA,1,"2019/09/05 20:40:00",RPCG,10.40
D,DISPATCH,UNIT_SCADA,1,"2019/09/05 20:40:00",RUBICON,0
D,DISPATCH,UNIT_SCADA,1,"2019/09/05 20:40:00",SATGN1,0
D,DISPATCH,UNIT_SCADA,1,"2019/09/05 20:40:00",SATGS1,0
D,DISPATCH,UNIT_SCADA,1,"2019/09/05 20:40:00",STARHLWF,30.591080
D,DISPATCH,UNIT_SCADA,1,"2019/09/05 20:40:00",WAUBRAWF,65.281998
D,DISPATCH,UNIT_SCADA,1,"2019/09/05 20:40:00",WOOLNTH1,121.740021
D,DISPATCH,UNIT_SCADA,1,"2019/09/05 20:40:00",WPWF,25
D,DISPATCH,UNIT_SCADA,1,"2019/09/05 20:40:00",YAMBUKWF,3.50
D,DISPATCH,UNIT_SCADA,1,"2019/09/05 20:40:00",YSWF1,3.90
D,DISPATCH,UNIT_SCADA,1,"2019/09/05 20:40:00",AGLHAL,0
D,DISPATCH,UNIT_SCADA,1,"2019/09/05 20:40:00",AGLSOM,119
D,DISPATCH,UNIT_SCADA,1,"2019/09/05 20:40:00",ANGAST1,0
D,DISPATCH,UNIT_SCADA,1,"2019/09/05 20:40:00",ARWF1,12.20
D,DISPATCH,UNIT_SCADA,1,"2019/09/05 20:40:00",BALBG1,0
D,DISPATCH,UNIT_SCADA,1,"2019/09/05 20:40:00",BALBL1,5.62
D,DISPATCH,UNIT_SCADA,1,"2019/09/05 20:40:00",BALDHWF1,89.4460
D,DISPATCH,UNIT_SCADA,1,"2019/09/05 20:40:00",BANN1,0
D,DISPATCH,UNIT_SCADA,1,"2019/09/05 20:40:00",BARCALDN,0
D,DISPATCH,UNIT_SCADA,1,"2019/09/05 20:40:00",BARRON-1,32.44
D,DISPATCH,UNIT_SCADA,1,"2019/09/05 20:40:00",BARRON-2,0
D,DISPATCH,UNIT_SCADA,1,"2019/09/05 20:40:00",BASTYAN,81.20
D,DISPATCH,UNIT_SCADA,1,"2019/09/05 20:40:00",BBTHREE1,0
D,DISPATCH,UNIT_SCADA,1,"2019/09/05 20:40:00",BBTHREE2,0
D,DISPATCH,UNIT_SCADA,1,"2019/09/05 20:40:00",BBTHREE3,0
D,DISPATCH,UNIT_SCADA,1,"2019/09/05 20:40:00",BDL01,23.76
D,DISPATCH,UNIT_SCADA,1,"2019/09/05 20:40:00",BDL02,23.82
D,DISPATCH,UNIT_SCADA,1,"2019/09/05 20:40:00",BERYLSF1,0
D,DISPATCH,UNIT_SCADA,1,"2019/09/05 20:40:00",BLOWERNG,15.40
D,DISPATCH,UNIT_SCADA,1,"2019/09/05 20:40:00",BLUFF1,35.10
D,DISPATCH,UNIT_SCADA,1,"2019/09/05 20:40:00",BNGSF1,0
D,DISPATCH,UNIT_SCADA,1,"2019/09/05 20:40:00",BNGSF2,0
D,DISPATCH,UNIT_SCADA,1,"2019/09/05 20:40:00",BOCORWF1,1.14
D,DISPATCH,UNIT_SCADA,1,"2019/09/05 20:40:00",BODWF1,6.961880
D,DISPATCH,UNIT_SCADA,1,"2019/09/05 20:40:00",BRAEMAR1,0
D,DISPATCH,UNIT_SCADA,1,"2019/09/05 20:40:00",BRAEMAR2,0
D,DISPATCH,UNIT_SCADA,1,"2019/09/05 20:40:00",BRAEMAR3,172.400010
D,DISPATCH,UNIT_SCADA,1,"2019/09/05 20:40:00",BRAEMAR5,154.831560
D,DISPATCH,UNIT_SCADA,1,"2019/09/05 20:40:00",BRAEMAR6,0
D,DISPATCH,UNIT_SCADA,1,"2019/09/05 20:40:00",BRAEMAR7,0
D,DISPATCH,UNIT_SCADA,1,"2019/09/05 20:40:00",BROKENH1,0
D,DISPATCH,UNIT_SCADA,1,"2019/09/05 20:40:00",BW01,545.8750
D,DISPATCH,UNIT_SCADA,1,"2019/09/05 20:40:00",BW02,627.425050
D,DISPATCH,UNIT_SCADA,1,"2019/09/05 20:40:00",BW03,635.1250
D,DISPATCH,UNIT_SCADA,1,"2019/09/05 20:40:00",BW04,0
D,DISPATCH,UNIT_SCADA,1,"2019/09/05 20:40:00",CALL_B_1,345.600010
D,DISPATCH,UNIT_SCADA,1,"2019/09/05 20:40:00",CALL_B_2,296.300020
D,DISPATCH,UNIT_SCADA,1,"2019/09/05 20:40:00",CETHANA,97.2265
D,DISPATCH,UNIT_SCADA,1,"2019/09/05 20:40:00",CG1,0
D,DISPATCH,UNIT_SCADA,1,"2019/09/05 20:40:00",CG2,0
D,DISPATCH,UNIT_SCADA,1,"2019/09/05 20:40:00",CG3,0
D,DISPATCH,UNIT_SCADA,1,"2019/09/05 20:40:00",CG4,0
D,DISPATCH,UNIT_SCADA,1,"2019/09/05 20:40:00",CHILDSF1,0
D,DISPATCH,UNIT_SCADA,1,"2019/09/05 20:40:00",CLARESF1,0
D,DISPATCH,UNIT_SCADA,1,"2019/09/05 20:40:00",CLEMGPWF,34.1446
D,DISPATCH,UNIT_SCADA,1,"2019/09/05 20:40:00",CLERMSF1,0
D,DISPATCH,UNIT_SCADA,1,"2019/09/05 20:40:00",COLEASF1,0
D,DISPATCH,UNIT_SCADA,1,"2019/09/05 20:40:00",COOPGWF1,9.540060
D,DISPATCH,UNIT_SCADA,1,"2019/09/05 20:40:00",CPP_3,405.6250
D,DISPATCH,UNIT_SCADA,1,"2019/09/05 20:40:00",CPP_4,405.350010
D,DISPATCH,UNIT_SCADA,1,"2019/09/05 20:40:00",CPSA,142.0475
D,DISPATCH,UNIT_SCADA,1,"2019/09/05 20:40:00",CROOKWF2,32.763740
D,DISPATCH,UNIT_SCADA,1,"2019/09/05 20:40:00",CROWLWF1,21.1241
D,DISPATCH,UNIT_SCADA,1,"2019/09/05 20:40:00",CSPVPS1,0
D,DISPATCH,UNIT_SCADA,1,"2019/09/05 20:40:00",DALNTH01,0
D,DISPATCH,UNIT_SCADA,1,"2019/09/05 20:40:00",DALNTHL1,0.135810
D,DISPATCH,UNIT_SCADA,1,"2019/09/05 20:40:00",DARTM1,133.30
D,DISPATCH,UNIT_SCADA,1,"2019/09/05 20:40:00",DAYDSF1,0
D,DISPATCH,UNIT_SCADA,1,"2019/09/05 20:40:00",DDPS1,618.117070
D,DISPATCH,UNIT_SCADA,1,"2019/09/05 20:40:00",DDSF1,0
D,DISPATCH,UNIT_SCADA,1,"2019/09/05 20:40:00",DEVILS_G,63.905760
D,DISPATCH,UNIT_SCADA,1,"2019/09/05 20:40:00",DG_NSW1,0
D,DISPATCH,UNIT_SCADA,1,"2019/09/05 20:40:00",DG_QLD1,0
D,DISPATCH,UNIT_SCADA,1,"2019/09/05 20:40:00",DG_SA1,0
D,DISPATCH,UNIT_SCADA,1,"2019/09/05 20:40:00",DG_TAS1,0
D,DISPATCH,UNIT_SCADA,1,"2019/09/05 20:40:00",DG_VIC1,0
D,DISPATCH,UNIT_SCADA,1,"2019/09/05 20:40:00",DRYCGT1,0
D,DISPATCH,UNIT_SCADA,1,"2019/09/05 20:40:00",DRYCGT2,0
D,DISPATCH,UNIT_SCADA,1,"2019/09/05 20:40:00",DRYCGT3,0
D,DISPATCH,UNIT_SCADA,1,"2019/09/05 20:40:00",EILDON1,0
D,DISPATCH,UNIT_SCADA,1,"2019/09/05 20:40:00",EILDON2,0
D,DISPATCH,UNIT_SCADA,1,"2019/09/05 20:40:00",EMERASF1,0
D,DISPATCH,UNIT_SCADA,1,"2019/09/05 20:40:00",ER01,580.75
D,DISPATCH,UNIT_SCADA,1,"2019/09/05 20:40:00",ER02,686
D,DISPATCH,UNIT_SCADA,1,"2019/09/05 20:40:00",ER03,0
D,DISPATCH,UNIT_SCADA,1,"2019/09/05 20:40:00",ER04,668.25
D,DISPATCH,UNIT_SCADA,1,"2019/09/05 20:40:00",FINLYSF1,0
D,DISPATCH,UNIT_SCADA,1,"2019/09/05 20:40:00",FISHER,46.03
D,DISPATCH,UNIT_SCADA,1,"2019/09/05 20:40:00",GANNBG1,0.005770
D,DISPATCH,UNIT_SCADA,1,"2019/09/05 20:40:00",GANNBL1,0
D,DISPATCH,UNIT_SCADA,1,"2019/09/05 20:40:00",GANNSF1,0
D,DISPATCH,UNIT_SCADA,1,"2019/09/05 20:40:00",GORDON,23.057440
D,DISPATCH,UNIT_SCADA,1,"2019/09/05 20:40:00",GSTONE1,195.1250
D,DISPATCH,UNIT_SCADA,1,"2019/09/05 20:40:00",GSTONE2,196.1750
D,DISPATCH,UNIT_SCADA,1,"2019/09/05 20:40:00",GSTONE3,0
D,DISPATCH,UNIT_SCADA,1,"2019/09/05 20:40:00",GSTONE4,212.6250
D,DISPATCH,UNIT_SCADA,1,"2019/09/05 20:40:00",GSTONE5,194.599990
D,DISPATCH,UNIT_SCADA,1,"2019/09/05 20:40:00",GSTONE6,194.774990
D,DISPATCH,UNIT_SCADA,1,"2019/09/05 20:40:00",GULLRSF1,0
D,DISPATCH,UNIT_SCADA,1,"2019/09/05 20:40:00",GULLRWF1,25.466130
D,DISPATCH,UNIT_SCADA,1,"2019/09/05 20:40:00",GUNNING1,28.789780
D,DISPATCH,UNIT_SCADA,1,"2019/09/05 20:40:00",GUTHEGA,31.20
D,DISPATCH,UNIT_SCADA,1,"2019/09/05 20:40:00",HALLWF1,89.48
D,DISPATCH,UNIT_SCADA,1,"2019/09/05 20:40:00",HALLWF2,59.92
D,DISPATCH,UNIT_SCADA,1,"2019/09/05 20:40:00",HAMISF1,0
D,DISPATCH,UNIT_SCADA,1,"2019/09/05 20:40:00",HAUGHT11,0
D,DISPATCH,UNIT_SCADA,1,"2019/09/05 20:40:00",HAYMSF1,0
D,DISPATCH,UNIT_SCADA,1,"2019/09/05 20:40:00",HDWF1,67.40
D,DISPATCH,UNIT_SCADA,1,"2019/09/05 20:40:00",HDWF2,57.20
D,DISPATCH,UNIT_SCADA,1,"2019/09/05 20:40:00",HDWF3,60.10
D,DISPATCH,UNIT_SCADA,1,"2019/09/05 20:40:00",HPRG1,0
D,DISPATCH,UNIT_SCADA,1,"2019/09/05 20:40:00",HPRL1,0.20
D,DISPATCH,UNIT_SCADA,1,"2019/09/05 20:40:00",HUMENSW,0
D,DISPATCH,UNIT_SCADA,1,"2019/09/05 20:40:00",HUMEV,24.20
D,DISPATCH,UNIT_SCADA,1,"2019/09/05 20:40:00",HVGTS,0
D,DISPATCH,UNIT_SCADA,1,"2019/09/05 20:40:00",JBUTTERS,22.41
D,DISPATCH,UNIT_SCADA,1,"2019/09/05 20:40:00",JLA01,0.10
D,DISPATCH,UNIT_SCADA,1,"2019/09/05 20:40:00",JLA02,0
D,DISPATCH,UNIT_SCADA,1,"2019/09/05 20:40:00",JLA03,0
D,DISPATCH,UNIT_SCADA,1,"2019/09/05 20:40:00",JLA04,0
D,DISPATCH,UNIT_SCADA,1,"2019/09/05 20:40:00",JLB01,0
D,DISPATCH,UNIT_SCADA,1,"2019/09/05 20:40:00",JLB02,57.80
D,DISPATCH,UNIT_SCADA,1,"2019/09/05 20:40:00",JLB03,57.70
D,DISPATCH,UNIT_SCADA,1,"2019/09/05 20:40:00",KAREEYA1,21.4550
D,DISPATCH,UNIT_SCADA,1,"2019/09/05 20:40:00",KAREEYA2,21.6450
D,DISPATCH,UNIT_SCADA,1,"2019/09/05 20:40:00",KAREEYA3,0
D,DISPATCH,UNIT_SCADA,1,"2019/09/05 20:40:00",KAREEYA4,21.5450
D,DISPATCH,UNIT_SCADA,1,"2019/09/05 20:40:00",KARSF1,0
D,DISPATCH,UNIT_SCADA,1,"2019/09/05 20:40:00",KIATAWF1,26
D,DISPATCH,UNIT_SCADA,1,"2019/09/05 20:40:00",KPP_1,0
D,DISPATCH,UNIT_SCADA,1,"2019/09/05 20:40:00",KSP1,0
D,DISPATCH,UNIT_SCADA,1,"2019/09/05 20:40:00",LADBROK1,41.79
D,DISPATCH,UNIT_SCADA,1,"2019/09/05 20:40:00",LADBROK2,42.46
D,DISPATCH,UNIT_SCADA,1,"2019/09/05 20:40:00",LD01,420.599950
D,DISPATCH,UNIT_SCADA,1,"2019/09/05 20:40:00",LD02,400.274960
D,DISPATCH,UNIT_SCADA,1,"2019/09/05 20:40:00",LD03,419.831270
D,DISPATCH,UNIT_SCADA,1,"2019/09/05 20:40:00",LD04,379.931210
D,DISPATCH,UNIT_SCADA,1,"2019/09/05 20:40:00",LEM_WIL,85.161050
D,DISPATCH,UNIT_SCADA,1,"2019/09/05 20:40:00",LGAPWF1,17.43
D,DISPATCH,UNIT_SCADA,1,"2019/09/05 20:40:00",LILYSF1,0
D,DISPATCH,UNIT_SCADA,1,"2019/09/05 20:40:00",LI_WY_CA,138.573850
D,DISPATCH,UNIT_SCADA,1,"2019/09/05 20:40:00",LKBONNY2,25.4807
D,DISPATCH,UNIT_SCADA,1,"2019/09/05 20:40:00",LKBONNY3,9.098990
D,DISPATCH,UNIT_SCADA,1,"2019/09/05 20:40:00",LK_ECHO,0
D,DISPATCH,UNIT_SCADA,1,"2019/09/05 20:40:00",LNGS1,0
D,DISPATCH,UNIT_SCADA,1,"2019/09/05 20:40:00",LNGS2,0
D,DISPATCH,UNIT_SCADA,1,"2019/09/05 20:40:00",LONSDALE,0
D,DISPATCH,UNIT_SCADA,1,"2019/09/05 20:40:00",LOYYB1,535.336730
D,DISPATCH,UNIT_SCADA,1,"2019/09/05 20:40:00",LOYYB2,581.954410
D,DISPATCH,UNIT_SCADA,1,"2019/09/05 20:40:00",LYA1,0
D,DISPATCH,UNIT_SCADA,1,"2019/09/05 20:40:00",LYA2,0
D,DISPATCH,UNIT_SCADA,1,"2019/09/05 20:40:00",LYA3,558
D,DISPATCH,UNIT_SCADA,1,"2019/09/05 20:40:00",LYA4,539
D,DISPATCH,UNIT_SCADA,1,"2019/09/05 20:40:00",MACARTH1,0
D,DISPATCH,UNIT_SCADA,1,"2019/09/05 20:40:00",MACKAYGT,0.2240
D,DISPATCH,UNIT_SCADA,1,"2019/09/05 20:40:00",MACKNTSH,88.940010
D,DISPATCH,UNIT_SCADA,1,"2019/09/05 20:40:00",MANSLR1,0
D,DISPATCH,UNIT_SCADA,1,"2019/09/05 20:40:00",MCKAY1,0.0750
D,DISPATCH,UNIT_SCADA,1,"2019/09/05 20:40:00",MEADOWBK,34.210260
D,DISPATCH,UNIT_SCADA,1,"2019/09/05 20:40:00",MERCER01,71.2190
D,DISPATCH,UNIT_SCADA,1,"2019/09/05 20:40:00",MEWF1,22.871040
D,DISPATCH,UNIT_SCADA,1,"2019/09/05 20:40:00",MINTARO,0
D,DISPATCH,UNIT_SCADA,1,"2019/09/05 20:40:00",MOREESF1,0
D,DISPATCH,UNIT_SCADA,1,"2019/09/05 20:40:00",MORTLK11,259
D,DISPATCH,UNIT_SCADA,1,"2019/09/05 20:40:00",MORTLK12,0
D,DISPATCH,UNIT_SCADA,1,"2019/09/05 20:40:00",MP1,220.699950
D,DISPATCH,UNIT_SCADA,1,"2019/09/05 20:40:00",MP2,0
D,DISPATCH,UNIT_SCADA,1,"2019/09/05 20:40:00",MPP_1,399.25
D,DISPATCH,UNIT_SCADA,1,"2019/09/05 20:40:00",MPP_2,434.75
D,DISPATCH,UNIT_SCADA,1,"2019/09/05 20:40:00",MSTUART1,0
D,DISPATCH,UNIT_SCADA,1,"2019/09/05 20:40:00",MSTUART2,0
D,DISPATCH,UNIT_SCADA,1,"2019/09/05 20:40:00",MSTUART3,0
D,DISPATCH,UNIT_SCADA,1,"2019/09/05 20:40:00",MTGELWF1,11.232340
D,DISPATCH,UNIT_SCADA,1,"2019/09/05 20:40:00",MURRAY,0
D,DISPATCH,UNIT_SCADA,1,"2019/09/05 20:40:00",MUSSELR1,36.30
D,DISPATCH,UNIT_SCADA,1,"2019/09/05 20:40:00",MUWAWF1,43.67
D,DISPATCH,UNIT_SCADA,1,"2019/09/05 20:40:00",NBHWF1,107.60
D,DISPATCH,UNIT_SCADA,1,"2019/09/05 20:40:00",NPS,510
D,DISPATCH,UNIT_SCADA,1,"2019/09/05 20:40:00",NUMURSF1,0
D,DISPATCH,UNIT_SCADA,1,"2019/09/05 20:40:00",NYNGAN1,0
D,DISPATCH,UNIT_SCADA,1,"2019/09/05 20:40:00",OAKEY1,0
D,DISPATCH,UNIT_SCADA,1,"2019/09/05 20:40:00",OAKEY1SF,0
D,DISPATCH,UNIT_SCADA,1,"2019/09/05 20:40:00",OAKEY2,0
D,DISPATCH,UNIT_SCADA,1,"2019/09/05 20:40:00",OAKEY2SF,0
D,DISPATCH,UNIT_SCADA,1,"2019/09/05 20:40:00",OAKLAND1,-0.30
D,DISPATCH,UNIT_SCADA,1,"2019/09/05 20:40:00",OSB-AG,181.040010
D,DISPATCH,UNIT_SCADA,1,"2019/09/05 20:40:00",PARSF1,0
D,DISPATCH,UNIT_SCADA,1,"2019/09/05 20:40:00",POAT110,0
D,DISPATCH,UNIT_SCADA,1,"2019/09/05 20:40:00",POAT220,1.75
D,DISPATCH,UNIT_SCADA,1,"2019/09/05 20:40:00",POR01,0
D,DISPATCH,UNIT_SCADA,1,"2019/09/05 20:40:00",POR03,0
D,DISPATCH,UNIT_SCADA,1,"2019/09/05 20:40:00",PPCCGT,478.233730
D,DISPATCH,UNIT_SCADA,1,"2019/09/05 20:40:00",PTSTAN1,0
D,DISPATCH,UNIT_SCADA,1,"2019/09/05 20:40:00",PUMP1,0
D,DISPATCH,UNIT_SCADA,1,"2019/09/05 20:40:00",PUMP2,0
D,DISPATCH,UNIT_SCADA,1,"2019/09/05 20:40:00",QPS1,29
D,DISPATCH,UNIT_SCADA,1,"2019/09/05 20:40:00",QPS2,0
D,DISPATCH,UNIT_SCADA,1,"2019/09/05 20:40:00",QPS3,0
D,DISPATCH,UNIT_SCADA,1,"2019/09/05 20:40:00",QPS4,0
D,DISPATCH,UNIT_SCADA,1,"2019/09/05 20:40:00",QPS5,105.24
D,DISPATCH,UNIT_SCADA,1,"2019/09/05 20:40:00",REECE1,117.370010
D,DISPATCH,UNIT_SCADA,1,"2019/09/05 20:40:00",REECE2,117.390010
D,DISPATCH,UNIT_SCADA,1,"2019/09/05 20:40:00",ROMA_7,0
D,DISPATCH,UNIT_SCADA,1,"2019/09/05 20:40:00",ROMA_8,0
D,DISPATCH,UNIT_SCADA,1,"2019/09/05 20:40:00",RRSF1,0
D,DISPATCH,UNIT_SCADA,1,"2019/09/05 20:40:00",RT_NSW1,0
D,DISPATCH,UNIT_SCADA,1,"2019/09/05 20:40:00",RT_NSW2,0
D,DISPATCH,UNIT_SCADA,1,"2019/09/05 20:40:00",RT_NSW3,0
D,DISPATCH,UNIT_SCADA,1,"2019/09/05 20:40:00",RT_NSW4,0
D,DISPATCH,UNIT_SCADA,1,"2019/09/05 20:40:00",RT_NSW5,0
D,DISPATCH,UNIT_SCADA,1,"2019/09/05 20:40:00",RT_NSW6,0
D,DISPATCH,UNIT_SCADA,1,"2019/09/05 20:40:00",RT_QLD1,0
D,DISPATCH,UNIT_SCADA,1,"2019/09/05 20:40:00",RT_SA1,0
D,DISPATCH,UNIT_SCADA,1,"2019/09/05 20:40:00",RT_SA2,0
D,DISPATCH,UNIT_SCADA,1,"2019/09/05 20:40:00",RT_SA3,0
D,DISPATCH,UNIT_SCADA,1,"2019/09/05 20:40:00",RT_SA4,0
D,DISPATCH,UNIT_SCADA,1,"2019/09/05 20:40:00",RT_SA5,0
D,DISPATCH,UNIT_SCADA,1,"2019/09/05 20:40:00",RT_SA6,0
D,DISPATCH,UNIT_SCADA,1,"2019/09/05 20:40:00",RT_TAS1,0
D,DISPATCH,UNIT_SCADA,1,"2019/09/05 20:40:00",RT_VIC1,0
D,DISPATCH,UNIT_SCADA,1,"2019/09/05 20:40:00",RT_VIC10,0
D,DISPATCH,UNIT_SCADA,1,"2019/09/05 20:40:00",RT_VIC11,0
D,DISPATCH,UNIT_SCADA,1,"2019/09/05 20:40:00",RT_VIC12,0
D,DISPATCH,UNIT_SCADA,1,"2019/09/05 20:40:00",RT_VIC2,0
D,DISPATCH,UNIT_SCADA,1,"2019/09/05 20:40:00",RT_VIC3,0
D,DISPATCH,UNIT_SCADA,1,"2019/09/05 20:40:00",RT_VIC4,0
D,DISPATCH,UNIT_SCADA,1,"2019/09/05 20:40:00",RT_VIC5,0
D,DISPATCH,UNIT_SCADA,1,"2019/09/05 20:40:00",RT_VIC6,0
D,DISPATCH,UNIT_SCADA,1,"2019/09/05 20:40:00",RT_VIC7,0
D,DISPATCH,UNIT_SCADA,1,"2019/09/05 20:40:00",RT_VIC8,0
D,DISPATCH,UNIT_SCADA,1,"2019/09/05 20:40:00",RT_VIC9,0
D,DISPATCH,UNIT_SCADA,1,"2019/09/05 20:40:00",RUGBYR1,0
D,DISPATCH,UNIT_SCADA,1,"2019/09/05 20:40:00",SALTCRK1,2.31
D,DISPATCH,UNIT_SCADA,1,"2019/09/05 20:40:00",SAPHWF1,45.449980
D,DISPATCH,UNIT_SCADA,1,"2019/09/05 20:40:00",SHGEN,141.6275
D,DISPATCH,UNIT_SCADA,1,"2019/09/05 20:40:00",SHPUMP,0
D,DISPATCH,UNIT_SCADA,1,"2019/09/05 20:40:00",SITHE01,0.244290
D,DISPATCH,UNIT_SCADA,1,"2019/09/05 20:40:00",SMCSF1,0
D,DISPATCH,UNIT_SCADA,1,"2019/09/05 20:40:00",SNOWNTH1,99.60
D,DISPATCH,UNIT_SCADA,1,"2019/09/05 20:40:00",SNOWSTH1,97
D,DISPATCH,UNIT_SCADA,1,"2019/09/05 20:40:00",SNOWTWN1,77.387730
D,DISPATCH,UNIT_SCADA,1,"2019/09/05 20:40:00",SNOWYP,0
D,DISPATCH,UNIT_SCADA,1,"2019/09/05 20:40:00",SNUG1,0.019440
D,DISPATCH,UNIT_SCADA,1,"2019/09/05 20:40:00",SRSF1,0.22
D,DISPATCH,UNIT_SCADA,1,"2019/09/05 20:40:00",STAN-1,256.125270
D,DISPATCH,UNIT_SCADA,1,"2019/09/05 20:40:00",STAN-2,357.385890
D,DISPATCH,UNIT_SCADA,1,"2019/09/05 20:40:00",STAN-3,367.960570
D,DISPATCH,UNIT_SCADA,1,"2019/09/05 20:40:00",STAN-4,364.640780
D,DISPATCH,UNIT_SCADA,1,"2019/09/05 20:40:00",STWF1,0
D,DISPATCH,UNIT_SCADA,1,"2019/09/05 20:40:00",SWAN_E,0
D,DISPATCH,UNIT_SCADA,1,"2019/09/05 20:40:00",TALWA1,414
D,DISPATCH,UNIT_SCADA,1,"2019/09/05 20:40:00",TARALGA1,18.915010
D,DISPATCH,UNIT_SCADA,1,"2019/09/05 20:40:00",TARONG#1,349.399990
D,DISPATCH,UNIT_SCADA,1,"2019/09/05 20:40:00",TARONG#2,0
D,DISPATCH,UNIT_SCADA,1,"2019/09/05 20:40:00",TARONG#3,349.600010
D,DISPATCH,UNIT_SCADA,1,"2019/09/05 20:40:00",TARONG#4,349.600010
D,DISPATCH,UNIT_SCADA,1,"2019/09/05 20:40:00",TARRALEA,73.90
D,DISPATCH,UNIT_SCADA,1,"2019/09/05 20:40:00",TBSF1,-0.20
D,DISPATCH,UNIT_SCADA,1,"2019/09/05 20:40:00",TNPS1,397.600010
D,DISPATCH,UNIT_SCADA,1,"2019/09/05 20:40:00",TORRA1,64.487140
D,DISPATCH,UNIT_SCADA,1,"2019/09/05 20:40:00",TORRA2,0
D,DISPATCH,UNIT_SCADA,1,"2019/09/05 20:40:00",TORRA3,0
D,DISPATCH,UNIT_SCADA,1,"2019/09/05 20:40:00",TORRA4,64.620460
D,DISPATCH,UNIT_SCADA,1,"2019/09/05 20:40:00",TORRB1,88.64
D,DISPATCH,UNIT_SCADA,1,"2019/09/05 20:40:00",TORRB2,88.82
D,DISPATCH,UNIT_SCADA,1,"2019/09/05 20:40:00",TORRB3,89.28
D,DISPATCH,UNIT_SCADA,1,"2019/09/05 20:40:00",TORRB4,0
D,DISPATCH,UNIT_SCADA,1,"2019/09/05 20:40:00",TREVALLN,89.990030
D,DISPATCH,UNIT_SCADA,1,"2019/09/05 20:40:00",TRIBUTE,0
D,DISPATCH,UNIT_SCADA,1,"2019/09/05 20:40:00",TUMUT3,253.70
D,DISPATCH,UNIT_SCADA,1,"2019/09/05 20:40:00",TUNGATIN,76.510030
D,DISPATCH,UNIT_SCADA,1,"2019/09/05 20:40:00",TVCC201,0
D,DISPATCH,UNIT_SCADA,1,"2019/09/05 20:40:00",TVPP104,0
D,DISPATCH,UNIT_SCADA,1,"2019/09/05 20:40:00",UPPTUMUT,568.895320
D,DISPATCH,UNIT_SCADA,1,"2019/09/05 20:40:00",URANQ11,0
D,DISPATCH,UNIT_SCADA,1,"2019/09/05 20:40:00",URANQ12,0
D,DISPATCH,UNIT_SCADA,1,"2019/09/05 20:40:00",URANQ13,0
D,DISPATCH,UNIT_SCADA,1,"2019/09/05 20:40:00",URANQ14,0
D,DISPATCH,UNIT_SCADA,1,"2019/09/05 20:40:00",VP5,421.425020
D,DISPATCH,UNIT_SCADA,1,"2019/09/05 20:40:00",VP6,0
D,DISPATCH,UNIT_SCADA,1,"2019/09/05 20:40:00",VPGS1,0
D,DISPATCH,UNIT_SCADA,1,"2019/09/05 20:40:00",VPGS2,0
D,DISPATCH,UNIT_SCADA,1,"2019/09/05 20:40:00",VPGS3,0
D,DISPATCH,UNIT_SCADA,1,"2019/09/05 20:40:00",VPGS4,0
D,DISPATCH,UNIT_SCADA,1,"2019/09/05 20:40:00",VPGS5,0
D,DISPATCH,UNIT_SCADA,1,"2019/09/05 20:40:00",VPGS6,0
D,DISPATCH,UNIT_SCADA,1,"2019/09/05 20:40:00",W/HOE#1,0
D,DISPATCH,UNIT_SCADA,1,"2019/09/05 20:40:00",W/HOE#2,0
D,DISPATCH,UNIT_SCADA,1,"2019/09/05 20:40:00",WATERLWF,106.80
D,DISPATCH,UNIT_SCADA,1,"2019/09/05 20:40:00",WEMENSF1,0
D,DISPATCH,UNIT_SCADA,1,"2019/09/05 20:40:00",WGWF1,63.80
D,DISPATCH,UNIT_SCADA,1,"2019/09/05 20:40:00",WHITSF1,0
D,DISPATCH,UNIT_SCADA,1,"2019/09/05 20:40:00",WKIEWA1,16
D,DISPATCH,UNIT_SCADA,1,"2019/09/05 20:40:00",WKIEWA2,16
D,DISPATCH,UNIT_SCADA,1,"2019/09/05 20:40:00",WOODLWN1,8.5050
D,DISPATCH,UNIT_SCADA,1,"2019/09/05 20:40:00",WRSF1,0
D,DISPATCH,UNIT_SCADA,1,"2019/09/05 20:40:00",WRWF1,27.6225
D,DISPATCH,UNIT_SCADA,1,"2019/09/05 20:40:00",YABULU,159.390010
D,DISPATCH,UNIT_SCADA,1,"2019/09/05 20:40:00",YABULU2,0
D,DISPATCH,UNIT_SCADA,1,"2019/09/05 20:40:00",YARWUN_1,163.179990
D,DISPATCH,UNIT_SCADA,1,"2019/09/05 20:40:00",YENDWF1,41.95
D,DISPATCH,UNIT_SCADA,1,"2019/09/05 20:40:00",YWPS1,382.205080
D,DISPATCH,UNIT_SCADA,1,"2019/09/05 20:40:00",YWPS2,282.7038
D,DISPATCH,UNIT_SCADA,1,"2019/09/05 20:40:00",YWPS3,334.5481
D,DISPATCH,UNIT_SCADA,1,"2019/09/05 20:40:00",YWPS4,397.778470
C,"END OF REPORT",335
