C,NEMP.WORLD,DISPATCHSCADA,AEMO,PUBLIC,2019/08/20,18:45:07,0000000311797019,DISPATCHSCADA,0000000311797013
I,DISPATCH,UNIT_SCADA,1,SETTLEMENTDATE,DUID,SCADAVALUE
D,DISPATCH,UNIT_SCADA,1,"2019/08/20 18:50:00",BARCSF1,0.50
D,DISPATCH,UNIT_SCADA,1,"2019/08/20 18:50:00",BUTLERSG,9.699999
D,DISPATCH,UNIT_SCADA,1,"2019/08/20 18:50:00",CALL_A_4,0
D,DISPATCH,UNIT_SCADA,1,"2019/08/20 18:50:00",CAPTL_WF,136.907990
D,DISPATCH,UNIT_SCADA,1,"2019/08/20 18:50:00",CATHROCK,51.879997
D,DISPATCH,UNIT_SCADA,1,"2019/08/20 18:50:00",CHALLHWF,37.700001
D,DISPATCH,UNIT_SCADA,1,"2019/08/20 18:50:00",CLOVER,-0.01
D,DISPATCH,UNIT_SCADA,1,"2019/08/20 18:50:00",CLUNY,18.492561
D,DISPATCH,UNIT_SCADA,1,"2019/08/20 18:50:00",CNUNDAWF,41.348236
D,DISPATCH,UNIT_SCADA,1,"2019/08/20 18:50:00",CULLRGWF,30.25
D,DISPATCH,UNIT_SCADA,1,"2019/08/20 18:50:00",ERGT01,0
D,DISPATCH,UNIT_SCADA,1,"2019/08/20 18:50:00",GB01,0.070988
D,DISPATCH,UNIT_SCADA,1,"2019/08/20 18:50:00",GERMCRK,25.60
D,DISPATCH,UNIT_SCADA,1,"2019/08/20 18:50:00",GRIFSF1,0
D,DISPATCH,UNIT_SCADA,1,"2019/08/20 18:50:00",HUGSF1,-0.2040
D,DISPATCH,UNIT_SCADA,1,"2019/08/20 18:50:00",LKBONNY1,74.930557
D,DISPATCH,UNIT_SCADA,1,"2019/08/20 18:50:00",LRSF1,0.0290
D,DISPATCH,UNIT_SCADA,1,"2019/08/20 18:50:00",MBAHNTH,58.012497
D,DISPATCH,UNIT_SCADA,1,"2019/08/20 18:50:00",MLSP1,0.283001
D,DISPATCH,UNIT_SCADA,1,"2019/08/20 18:50:00",MLWF1,16.59
D,DISPATCH,UNIT_SCADA,1,"2019/08/20 18:50:00",MTMILLAR,30.546583
D,DISPATCH,UNIT_SCADA,1,"2019/08/20 18:50:00",PALOONA,8.87
D,DISPATCH,UNIT_SCADA,1,"2019/08/20 18:50:00",PIONEER,12.400001
D,DISPATCH,UNIT_SCADA,1,"2019/08/20 18:50:00",PORTWF,137.300003
D,DISPATCH,UNIT_SCADA,1,"2019/08/20 18:50:00",REPULSE,29.063553
D,DISPATCH,UNIT_SCADA,1,"2019/08/20 18:50:00",ROWALLAN,9.9471
D,DISPATCH,UNIT_SCADA,1,"2019/08/20 18:50:00",ROYALLA1,0
D,DISPATCH,UNIT_SCADA,1,"2019/08/20 18:50:00",RPCG,11.30
D,DISPATCH,UNIT_SCADA,1,"2019/08/20 18:50:00",RUBICON,0
D,DISPATCH,UNIT_SCADA,1,"2019/08/20 18:50:00",SATGN1,0
D,DISPATCH,UNIT_SCADA,1,"2019/08/20 18:50:00",SATGS1,0
D,DISPATCH,UNIT_SCADA,1,"2019/08/20 18:50:00",STARHLWF,27.691925
D,DISPATCH,UNIT_SCADA,1,"2019/08/20 18:50:00",WAUBRAWF,153.488998
D,DISPATCH,UNIT_SCADA,1,"2019/08/20 18:50:00",WOOLNTH1,51.500019
D,DISPATCH,UNIT_SCADA,1,"2019/08/20 18:50:00",WPWF,63
D,DISPATCH,UNIT_SCADA,1,"2019/08/20 18:50:00",YAMBUKWF,29.700001
D,DISPATCH,UNIT_SCADA,1,"2019/08/20 18:50:00",YSWF1,28
D,DISPATCH,UNIT_SCADA,1,"2019/08/20 18:50:00",AGLHAL,0
D,DISPATCH,UNIT_SCADA,1,"2019/08/20 18:50:00",AGLSOM,79.50
D,DISPATCH,UNIT_SCADA,1,"2019/08/20 18:50:00",ANGAST1,0
D,DISPATCH,UNIT_SCADA,1,"2019/08/20 18:50:00",ARWF1,39.80
D,DISPATCH,UNIT_SCADA,1,"2019/08/20 18:50:00",BALBG1,0.33
D,DISPATCH,UNIT_SCADA,1,"2019/08/20 18:50:00",BALBL1,0
D,DISPATCH,UNIT_SCADA,1,"2019/08/20 18:50:00",BALDHWF1,102.8620
D,DISPATCH,UNIT_SCADA,1,"2019/08/20 18:50:00",BANN1,0
D,DISPATCH,UNIT_SCADA,1,"2019/08/20 18:50:00",BARCALDN,0
D,DISPATCH,UNIT_SCADA,1,"2019/08/20 18:50:00",BARRON-1,0
D,DISPATCH,UNIT_SCADA,1,"2019/08/20 18:50:00",BARRON-2,28.20
D,DISPATCH,UNIT_SCADA,1,"2019/08/20 18:50:00",BASTYAN,80.19
D,DISPATCH,UNIT_SCADA,1,"2019/08/20 18:50:00",BBTHREE1,-2.01
D,DISPATCH,UNIT_SCADA,1,"2019/08/20 18:50:00",BBTHREE2,-2.07
D,DISPATCH,UNIT_SCADA,1,"2019/08/20 18:50:00",BBTHREE3,-1.11
D,DISPATCH,UNIT_SCADA,1,"2019/08/20 18:50:00",BDL01,0
D,DISPATCH,UNIT_SCADA,1,"2019/08/20 18:50:00",BDL02,43.02
D,DISPATCH,UNIT_SCADA,1,"2019/08/20 18:50:00",BERYLSF1,0
D,DISPATCH,UNIT_SCADA,1,"2019/08/20 18:50:00",BLOWERNG,0
D,DISPATCH,UNIT_SCADA,1,"2019/08/20 18:50:00",BLUFF1,27.80
D,DISPATCH,UNIT_SCADA,1,"2019/08/20 18:50:00",BNGSF1,0
D,DISPATCH,UNIT_SCADA,1,"2019/08/20 18:50:00",BNGSF2,0
D,DISPATCH,UNIT_SCADA,1,"2019/08/20 18:50:00",BOCORWF1,107.79
D,DISPATCH,UNIT_SCADA,1,"2019/08/20 18:50:00",BODWF1,58.432240
D,DISPATCH,UNIT_SCADA,1,"2019/08/20 18:50:00",BRAEMAR1,0
D,DISPATCH,UNIT_SCADA,1,"2019/08/20 18:50:00",BRAEMAR2,172.80
D,DISPATCH,UNIT_SCADA,1,"2019/08/20 18:50:00",BRAEMAR3,0
D,DISPATCH,UNIT_SCADA,1,"2019/08/20 18:50:00",BRAEMAR5,0
D,DISPATCH,UNIT_SCADA,1,"2019/08/20 18:50:00",BRAEMAR6,159.856980
D,DISPATCH,UNIT_SCADA,1,"2019/08/20 18:50:00",BRAEMAR7,0
D,DISPATCH,UNIT_SCADA,1,"2019/08/20 18:50:00",BROKENH1,0
D,DISPATCH,UNIT_SCADA,1,"2019/08/20 18:50:00",BW01,655.224980
D,DISPATCH,UNIT_SCADA,1,"2019/08/20 18:50:00",BW02,660.724980
D,DISPATCH,UNIT_SCADA,1,"2019/08/20 18:50:00",BW03,662.775020
D,DISPATCH,UNIT_SCADA,1,"2019/08/20 18:50:00",BW04,0
D,DISPATCH,UNIT_SCADA,1,"2019/08/20 18:50:00",CALL_B_1,349.899990
D,DISPATCH,UNIT_SCADA,1,"2019/08/20 18:50:00",CALL_B_2,299.399990
D,DISPATCH,UNIT_SCADA,1,"2019/08/20 18:50:00",CETHANA,95.0710
D,DISPATCH,UNIT_SCADA,1,"2019/08/20 18:50:00",CG1,0
D,DISPATCH,UNIT_SCADA,1,"2019/08/20 18:50:00",CG2,0
D,DISPATCH,UNIT_SCADA,1,"2019/08/20 18:50:00",CG3,0
D,DISPATCH,UNIT_SCADA,1,"2019/08/20 18:50:00",CG4,0
D,DISPATCH,UNIT_SCADA,1,"2019/08/20 18:50:00",CHILDSF1,0
D,DISPATCH,UNIT_SCADA,1,"2019/08/20 18:50:00",CLARESF1,0
D,DISPATCH,UNIT_SCADA,1,"2019/08/20 18:50:00",CLEMGPWF,18.873170
D,DISPATCH,UNIT_SCADA,1,"2019/08/20 18:50:00",CLERMSF1,0
D,DISPATCH,UNIT_SCADA,1,"2019/08/20 18:50:00",COLEASF1,0
D,DISPATCH,UNIT_SCADA,1,"2019/08/20 18:50:00",COOPGWF1,37.846530
D,DISPATCH,UNIT_SCADA,1,"2019/08/20 18:50:00",CPP_3,404.800020
D,DISPATCH,UNIT_SCADA,1,"2019/08/20 18:50:00",CPP_4,406.450010
D,DISPATCH,UNIT_SCADA,1,"2019/08/20 18:50:00",CPSA,141.241260
D,DISPATCH,UNIT_SCADA,1,"2019/08/20 18:50:00",CROOKWF2,83.603750
D,DISPATCH,UNIT_SCADA,1,"2019/08/20 18:50:00",CROWLWF1,25.350140
D,DISPATCH,UNIT_SCADA,1,"2019/08/20 18:50:00",CSPVPS1,0
D,DISPATCH,UNIT_SCADA,1,"2019/08/20 18:50:00",DALNTH01,0.022890
D,DISPATCH,UNIT_SCADA,1,"2019/08/20 18:50:00",DALNTHL1,0
D,DISPATCH,UNIT_SCADA,1,"2019/08/20 18:50:00",DARTM1,134.30
D,DISPATCH,UNIT_SCADA,1,"2019/08/20 18:50:00",DAYDSF1,0
D,DISPATCH,UNIT_SCADA,1,"2019/08/20 18:50:00",DDPS1,479.171420
D,DISPATCH,UNIT_SCADA,1,"2019/08/20 18:50:00",DDSF1,0
D,DISPATCH,UNIT_SCADA,1,"2019/08/20 18:50:00",DEVILS_G,59.8529
D,DISPATCH,UNIT_SCADA,1,"2019/08/20 18:50:00",DG_NSW1,0
D,DISPATCH,UNIT_SCADA,1,"2019/08/20 18:50:00",DG_QLD1,0
D,DISPATCH,UNIT_SCADA,1,"2019/08/20 18:50:00",DG_SA1,0
D,DISPATCH,UNIT_SCADA,1,"2019/08/20 18:50:00",DG_TAS1,0
D,DISPATCH,UNIT_SCADA,1,"2019/08/20 18:50:00",DG_VIC1,0
D,DISPATCH,UNIT_SCADA,1,"2019/08/20 18:50:00",DRYCGT1,0
D,DISPATCH,UNIT_SCADA,1,"2019/08/20 18:50:00",DRYCGT2,0
D,DISPATCH,UNIT_SCADA,1,"2019/08/20 18:50:00",DRYCGT3,0
D,DISPATCH,UNIT_SCADA,1,"2019/08/20 18:50:00",EILDON1,0
D,DISPATCH,UNIT_SCADA,1,"2019/08/20 18:50:00",EILDON2,0
D,DISPATCH,UNIT_SCADA,1,"2019/08/20 18:50:00",EMERASF1,0
D,DISPATCH,UNIT_SCADA,1,"2019/08/20 18:50:00",ER01,588.724980
D,DISPATCH,UNIT_SCADA,1,"2019/08/20 18:50:00",ER02,696.9751
D,DISPATCH,UNIT_SCADA,1,"2019/08/20 18:50:00",ER03,698.849980
D,DISPATCH,UNIT_SCADA,1,"2019/08/20 18:50:00",ER04,695.724980
D,DISPATCH,UNIT_SCADA,1,"2019/08/20 18:50:00",FINLYSF1,0
D,DISPATCH,UNIT_SCADA,1,"2019/08/20 18:50:00",FISHER,45.82
D,DISPATCH,UNIT_SCADA,1,"2019/08/20 18:50:00",GANNBG1,1.178990
D,DISPATCH,UNIT_SCADA,1,"2019/08/20 18:50:00",GANNBL1,0
D,DISPATCH,UNIT_SCADA,1,"2019/08/20 18:50:00",GANNSF1,0
D,DISPATCH,UNIT_SCADA,1,"2019/08/20 18:50:00",GORDON,10.366160
D,DISPATCH,UNIT_SCADA,1,"2019/08/20 18:50:00",GSTONE1,224.524990
D,DISPATCH,UNIT_SCADA,1,"2019/08/20 18:50:00",GSTONE2,219.80
D,DISPATCH,UNIT_SCADA,1,"2019/08/20 18:50:00",GSTONE3,223.8250
D,DISPATCH,UNIT_SCADA,1,"2019/08/20 18:50:00",GSTONE4,221.724990
D,DISPATCH,UNIT_SCADA,1,"2019/08/20 18:50:00",GSTONE5,223.30
D,DISPATCH,UNIT_SCADA,1,"2019/08/20 18:50:00",GSTONE6,0
D,DISPATCH,UNIT_SCADA,1,"2019/08/20 18:50:00",GULLRSF1,0
D,DISPATCH,UNIT_SCADA,1,"2019/08/20 18:50:00",GULLRWF1,148.792880
D,DISPATCH,UNIT_SCADA,1,"2019/08/20 18:50:00",GUNNING1,45.095570
D,DISPATCH,UNIT_SCADA,1,"2019/08/20 18:50:00",GUTHEGA,31.30
D,DISPATCH,UNIT_SCADA,1,"2019/08/20 18:50:00",HALLWF1,90.06
D,DISPATCH,UNIT_SCADA,1,"2019/08/20 18:50:00",HALLWF2,62.99
D,DISPATCH,UNIT_SCADA,1,"2019/08/20 18:50:00",HAMISF1,0
D,DISPATCH,UNIT_SCADA,1,"2019/08/20 18:50:00",HAUGHT11,0
D,DISPATCH,UNIT_SCADA,1,"2019/08/20 18:50:00",HAYMSF1,0
D,DISPATCH,UNIT_SCADA,1,"2019/08/20 18:50:00",HDWF1,45.50
D,DISPATCH,UNIT_SCADA,1,"2019/08/20 18:50:00",HDWF2,39.60
D,DISPATCH,UNIT_SCADA,1,"2019/08/20 18:50:00",HDWF3,54.20
D,DISPATCH,UNIT_SCADA,1,"2019/08/20 18:50:00",HPRG1,0
D,DISPATCH,UNIT_SCADA,1,"2019/08/20 18:50:00",HPRL1,11.70
D,DISPATCH,UNIT_SCADA,1,"2019/08/20 18:50:00",HUMENSW,0
D,DISPATCH,UNIT_SCADA,1,"2019/08/20 18:50:00",HUMEV,8
D,DISPATCH,UNIT_SCADA,1,"2019/08/20 18:50:00",HVGTS,0
D,DISPATCH,UNIT_SCADA,1,"2019/08/20 18:50:00",JBUTTERS,135.099990
D,DISPATCH,UNIT_SCADA,1,"2019/08/20 18:50:00",JLA01,0.50
D,DISPATCH,UNIT_SCADA,1,"2019/08/20 18:50:00",JLA02,0
D,DISPATCH,UNIT_SCADA,1,"2019/08/20 18:50:00",JLA03,0.10
D,DISPATCH,UNIT_SCADA,1,"2019/08/20 18:50:00",JLA04,0.10
D,DISPATCH,UNIT_SCADA,1,"2019/08/20 18:50:00",JLB01,0
D,DISPATCH,UNIT_SCADA,1,"2019/08/20 18:50:00",JLB02,83.40
D,DISPATCH,UNIT_SCADA,1,"2019/08/20 18:50:00",JLB03,0
D,DISPATCH,UNIT_SCADA,1,"2019/08/20 18:50:00",KAREEYA1,21.5750
D,DISPATCH,UNIT_SCADA,1,"2019/08/20 18:50:00",KAREEYA2,21.6850
D,DISPATCH,UNIT_SCADA,1,"2019/08/20 18:50:00",KAREEYA3,0
D,DISPATCH,UNIT_SCADA,1,"2019/08/20 18:50:00",KAREEYA4,21.6075
D,DISPATCH,UNIT_SCADA,1,"2019/08/20 18:50:00",KARSF1,0
D,DISPATCH,UNIT_SCADA,1,"2019/08/20 18:50:00",KIATAWF1,30.90
D,DISPATCH,UNIT_SCADA,1,"2019/08/20 18:50:00",KPP_1,0
D,DISPATCH,UNIT_SCADA,1,"2019/08/20 18:50:00",KSP1,0
D,DISPATCH,UNIT_SCADA,1,"2019/08/20 18:50:00",LADBROK1,42.48
D,DISPATCH,UNIT_SCADA,1,"2019/08/20 18:50:00",LADBROK2,43.34
D,DISPATCH,UNIT_SCADA,1,"2019/08/20 18:50:00",LD01,425.175020
D,DISPATCH,UNIT_SCADA,1,"2019/08/20 18:50:00",LD02,420.7688
D,DISPATCH,UNIT_SCADA,1,"2019/08/20 18:50:00",LD03,422.606320
D,DISPATCH,UNIT_SCADA,1,"2019/08/20 18:50:00",LD04,384.543730
D,DISPATCH,UNIT_SCADA,1,"2019/08/20 18:50:00",LEM_WIL,85.403950
D,DISPATCH,UNIT_SCADA,1,"2019/08/20 18:50:00",LGAPWF1,31.15
D,DISPATCH,UNIT_SCADA,1,"2019/08/20 18:50:00",LILYSF1,0
D,DISPATCH,UNIT_SCADA,1,"2019/08/20 18:50:00",LI_WY_CA,148.622150
D,DISPATCH,UNIT_SCADA,1,"2019/08/20 18:50:00",LKBONNY2,152.466840
D,DISPATCH,UNIT_SCADA,1,"2019/08/20 18:50:00",LKBONNY3,38.461370
D,DISPATCH,UNIT_SCADA,1,"2019/08/20 18:50:00",LK_ECHO,0
D,DISPATCH,UNIT_SCADA,1,"2019/08/20 18:50:00",LNGS1,0
D,DISPATCH,UNIT_SCADA,1,"2019/08/20 18:50:00",LNGS2,0
D,DISPATCH,UNIT_SCADA,1,"2019/08/20 18:50:00",LONSDALE,0
D,DISPATCH,UNIT_SCADA,1,"2019/08/20 18:50:00",LOYYB1,536.088620
D,DISPATCH,UNIT_SCADA,1,"2019/08/20 18:50:00",LOYYB2,582.7063
D,DISPATCH,UNIT_SCADA,1,"2019/08/20 18:50:00",LYA1,559
D,DISPATCH,UNIT_SCADA,1,"2019/08/20 18:50:00",LYA2,0
D,DISPATCH,UNIT_SCADA,1,"2019/08/20 18:50:00",LYA3,561
D,DISPATCH,UNIT_SCADA,1,"2019/08/20 18:50:00",LYA4,540
D,DISPATCH,UNIT_SCADA,1,"2019/08/20 18:50:00",MACARTH1,274.593660
D,DISPATCH,UNIT_SCADA,1,"2019/08/20 18:50:00",MACKAYGT,0
D,DISPATCH,UNIT_SCADA,1,"2019/08/20 18:50:00",MACKNTSH,84.88
D,DISPATCH,UNIT_SCADA,1,"2019/08/20 18:50:00",MANSLR1,0
D,DISPATCH,UNIT_SCADA,1,"2019/08/20 18:50:00",MCKAY1,0.02
D,DISPATCH,UNIT_SCADA,1,"2019/08/20 18:50:00",MEADOWBK,33.810140
D,DISPATCH,UNIT_SCADA,1,"2019/08/20 18:50:00",MERCER01,124.3630
D,DISPATCH,UNIT_SCADA,1,"2019/08/20 18:50:00",MEWF1,31.561730
D,DISPATCH,UNIT_SCADA,1,"2019/08/20 18:50:00",MINTARO,0
D,DISPATCH,UNIT_SCADA,1,"2019/08/20 18:50:00",MOREESF1,0
D,DISPATCH,UNIT_SCADA,1,"2019/08/20 18:50:00",MORTLK11,259
D,DISPATCH,UNIT_SCADA,1,"2019/08/20 18:50:00",MORTLK12,0
D,DISPATCH,UNIT_SCADA,1,"2019/08/20 18:50:00",MP1,284.074950
D,DISPATCH,UNIT_SCADA,1,"2019/08/20 18:50:00",MP2,0
D,DISPATCH,UNIT_SCADA,1,"2019/08/20 18:50:00",MPP_1,413.50
D,DISPATCH,UNIT_SCADA,1,"2019/08/20 18:50:00",MPP_2,434.75
D,DISPATCH,UNIT_SCADA,1,"2019/08/20 18:50:00",MSTUART1,0
D,DISPATCH,UNIT_SCADA,1,"2019/08/20 18:50:00",MSTUART2,0
D,DISPATCH,UNIT_SCADA,1,"2019/08/20 18:50:00",MSTUART3,0
D,DISPATCH,UNIT_SCADA,1,"2019/08/20 18:50:00",MTGELWF1,64.011050
D,DISPATCH,UNIT_SCADA,1,"2019/08/20 18:50:00",MURRAY,121.9790
D,DISPATCH,UNIT_SCADA,1,"2019/08/20 18:50:00",MUSSELR1,38.20
D,DISPATCH,UNIT_SCADA,1,"2019/08/20 18:50:00",MUWAWF1,31.87
D,DISPATCH,UNIT_SCADA,1,"2019/08/20 18:50:00",NBHWF1,79.50
D,DISPATCH,UNIT_SCADA,1,"2019/08/20 18:50:00",NPS,510.3750
D,DISPATCH,UNIT_SCADA,1,"2019/08/20 18:50:00",NUMURSF1,0
D,DISPATCH,UNIT_SCADA,1,"2019/08/20 18:50:00",NYNGAN1,0
D,DISPATCH,UNIT_SCADA,1,"2019/08/20 18:50:00",OAKEY1,0
D,DISPATCH,UNIT_SCADA,1,"2019/08/20 18:50:00",OAKEY1SF,0.0380
D,DISPATCH,UNIT_SCADA,1,"2019/08/20 18:50:00",OAKEY2,0
D,DISPATCH,UNIT_SCADA,1,"2019/08/20 18:50:00",OAKLAND1,62.70
D,DISPATCH,UNIT_SCADA,1,"2019/08/20 18:50:00",OSB-AG,183.62
D,DISPATCH,UNIT_SCADA,1,"2019/08/20 18:50:00",PARSF1,0
D,DISPATCH,UNIT_SCADA,1,"2019/08/20 18:50:00",POAT110,1.835920
D,DISPATCH,UNIT_SCADA,1,"2019/08/20 18:50:00",POAT220,139.485840
D,DISPATCH,UNIT_SCADA,1,"2019/08/20 18:50:00",POR01,0
D,DISPATCH,UNIT_SCADA,1,"2019/08/20 18:50:00",POR03,0
D,DISPATCH,UNIT_SCADA,1,"2019/08/20 18:50:00",PPCCGT,495.682460
D,DISPATCH,UNIT_SCADA,1,"2019/08/20 18:50:00",PTSTAN1,0
D,DISPATCH,UNIT_SCADA,1,"2019/08/20 18:50:00",PUMP1,0
D,DISPATCH,UNIT_SCADA,1,"2019/08/20 18:50:00",PUMP2,0
D,DISPATCH,UNIT_SCADA,1,"2019/08/20 18:50:00",QPS1,29
D,DISPATCH,UNIT_SCADA,1,"2019/08/20 18:50:00",QPS2,0
D,DISPATCH,UNIT_SCADA,1,"2019/08/20 18:50:00",QPS3,0
D,DISPATCH,UNIT_SCADA,1,"2019/08/20 18:50:00",QPS4,0
D,DISPATCH,UNIT_SCADA,1,"2019/08/20 18:50:00",QPS5,0
D,DISPATCH,UNIT_SCADA,1,"2019/08/20 18:50:00",REECE1,116.620010
D,DISPATCH,UNIT_SCADA,1,"2019/08/20 18:50:00",REECE2,115.690010
D,DISPATCH,UNIT_SCADA,1,"2019/08/20 18:50:00",ROMA_7,0
D,DISPATCH,UNIT_SCADA,1,"2019/08/20 18:50:00",ROMA_8,0
D,DISPATCH,UNIT_SCADA,1,"2019/08/20 18:50:00",RRSF1,0
D,DISPATCH,UNIT_SCADA,1,"2019/08/20 18:50:00",RT_NSW1,0
D,DISPATCH,UNIT_SCADA,1,"2019/08/20 18:50:00",RT_NSW2,0
D,DISPATCH,UNIT_SCADA,1,"2019/08/20 18:50:00",RT_NSW3,0
D,DISPATCH,UNIT_SCADA,1,"2019/08/20 18:50:00",RT_NSW4,0
D,DISPATCH,UNIT_SCADA,1,"2019/08/20 18:50:00",RT_NSW5,0
D,DISPATCH,UNIT_SCADA,1,"2019/08/20 18:50:00",RT_NSW6,0
D,DISPATCH,UNIT_SCADA,1,"2019/08/20 18:50:00",RT_QLD1,0
D,DISPATCH,UNIT_SCADA,1,"2019/08/20 18:50:00",RT_SA1,0
D,DISPATCH,UNIT_SCADA,1,"2019/08/20 18:50:00",RT_SA2,0
D,DISPATCH,UNIT_SCADA,1,"2019/08/20 18:50:00",RT_SA3,0
D,DISPATCH,UNIT_SCADA,1,"2019/08/20 18:50:00",RT_SA4,0
D,DISPATCH,UNIT_SCADA,1,"2019/08/20 18:50:00",RT_SA5,0
D,DISPATCH,UNIT_SCADA,1,"2019/08/20 18:50:00",RT_SA6,0
D,DISPATCH,UNIT_SCADA,1,"2019/08/20 18:50:00",RT_TAS1,0
D,DISPATCH,UNIT_SCADA,1,"2019/08/20 18:50:00",RT_VIC1,0
D,DISPATCH,UNIT_SCADA,1,"2019/08/20 18:50:00",RT_VIC10,0
D,DISPATCH,UNIT_SCADA,1,"2019/08/20 18:50:00",RT_VIC11,0
D,DISPATCH,UNIT_SCADA,1,"2019/08/20 18:50:00",RT_VIC12,0
D,DISPATCH,UNIT_SCADA,1,"2019/08/20 18:50:00",RT_VIC2,0
D,DISPATCH,UNIT_SCADA,1,"2019/08/20 18:50:00",RT_VIC3,0
D,DISPATCH,UNIT_SCADA,1,"2019/08/20 18:50:00",RT_VIC4,0
D,DISPATCH,UNIT_SCADA,1,"2019/08/20 18:50:00",RT_VIC5,0
D,DISPATCH,UNIT_SCADA,1,"2019/08/20 18:50:00",RT_VIC6,0
D,DISPATCH,UNIT_SCADA,1,"2019/08/20 18:50:00",RT_VIC7,0
D,DISPATCH,UNIT_SCADA,1,"2019/08/20 18:50:00",RT_VIC8,0
D,DISPATCH,UNIT_SCADA,1,"2019/08/20 18:50:00",RT_VIC9,0
D,DISPATCH,UNIT_SCADA,1,"2019/08/20 18:50:00",RUGBYR1,0
D,DISPATCH,UNIT_SCADA,1,"2019/08/20 18:50:00",SALTCRK1,47.72
D,DISPATCH,UNIT_SCADA,1,"2019/08/20 18:50:00",SAPHWF1,144.506260
D,DISPATCH,UNIT_SCADA,1,"2019/08/20 18:50:00",SHGEN,197.599460
D,DISPATCH,UNIT_SCADA,1,"2019/08/20 18:50:00",SHPUMP,0
D,DISPATCH,UNIT_SCADA,1,"2019/08/20 18:50:00",SITHE01,0.083520
D,DISPATCH,UNIT_SCADA,1,"2019/08/20 18:50:00",SMCSF1,0
D,DISPATCH,UNIT_SCADA,1,"2019/08/20 18:50:00",SNOWNTH1,104.40
D,DISPATCH,UNIT_SCADA,1,"2019/08/20 18:50:00",SNOWSTH1,114.399990
D,DISPATCH,UNIT_SCADA,1,"2019/08/20 18:50:00",SNOWTWN1,87.049550
D,DISPATCH,UNIT_SCADA,1,"2019/08/20 18:50:00",SNOWYP,0
D,DISPATCH,UNIT_SCADA,1,"2019/08/20 18:50:00",SNUG1,0.019440
D,DISPATCH,UNIT_SCADA,1,"2019/08/20 18:50:00",SRSF1,0.07
D,DISPATCH,UNIT_SCADA,1,"2019/08/20 18:50:00",STAN-1,0
D,DISPATCH,UNIT_SCADA,1,"2019/08/20 18:50:00",STAN-2,347.862270
D,DISPATCH,UNIT_SCADA,1,"2019/08/20 18:50:00",STAN-3,348.618530
D,DISPATCH,UNIT_SCADA,1,"2019/08/20 18:50:00",STAN-4,365.320130
D,DISPATCH,UNIT_SCADA,1,"2019/08/20 18:50:00",STWF1,33.975010
D,DISPATCH,UNIT_SCADA,1,"2019/08/20 18:50:00",SWAN_E,0
D,DISPATCH,UNIT_SCADA,1,"2019/08/20 18:50:00",TALWA1,421
D,DISPATCH,UNIT_SCADA,1,"2019/08/20 18:50:00",TARALGA1,105.037490
D,DISPATCH,UNIT_SCADA,1,"2019/08/20 18:50:00",TARONG#1,349.700010
D,DISPATCH,UNIT_SCADA,1,"2019/08/20 18:50:00",TARONG#2,348.700010
D,DISPATCH,UNIT_SCADA,1,"2019/08/20 18:50:00",TARONG#3,259.899990
D,DISPATCH,UNIT_SCADA,1,"2019/08/20 18:50:00",TARONG#4,349.700010
D,DISPATCH,UNIT_SCADA,1,"2019/08/20 18:50:00",TARRALEA,85
D,DISPATCH,UNIT_SCADA,1,"2019/08/20 18:50:00",TBSF1,-0.20
D,DISPATCH,UNIT_SCADA,1,"2019/08/20 18:50:00",TNPS1,441.700010
D,DISPATCH,UNIT_SCADA,1,"2019/08/20 18:50:00",TORRA1,72.705630
D,DISPATCH,UNIT_SCADA,1,"2019/08/20 18:50:00",TORRA2,0
D,DISPATCH,UNIT_SCADA,1,"2019/08/20 18:50:00",TORRA3,0
D,DISPATCH,UNIT_SCADA,1,"2019/08/20 18:50:00",TORRA4,0
D,DISPATCH,UNIT_SCADA,1,"2019/08/20 18:50:00",TORRB1,96.85
D,DISPATCH,UNIT_SCADA,1,"2019/08/20 18:50:00",TORRB2,167.08
D,DISPATCH,UNIT_SCADA,1,"2019/08/20 18:50:00",TORRB3,0
D,DISPATCH,UNIT_SCADA,1,"2019/08/20 18:50:00",TORRB4,0
D,DISPATCH,UNIT_SCADA,1,"2019/08/20 18:50:00",TREVALLN,68.610020
D,DISPATCH,UNIT_SCADA,1,"2019/08/20 18:50:00",TRIBUTE,70.439990
D,DISPATCH,UNIT_SCADA,1,"2019/08/20 18:50:00",TUMUT3,978.450010
D,DISPATCH,UNIT_SCADA,1,"2019/08/20 18:50:00",TUNGATIN,131.940030
D,DISPATCH,UNIT_SCADA,1,"2019/08/20 18:50:00",TVCC201,0
D,DISPATCH,UNIT_SCADA,1,"2019/08/20 18:50:00",TVPP104,0
D,DISPATCH,UNIT_SCADA,1,"2019/08/20 18:50:00",UPPTUMUT,0
D,DISPATCH,UNIT_SCADA,1,"2019/08/20 18:50:00",URANQ11,0
D,DISPATCH,UNIT_SCADA,1,"2019/08/20 18:50:00",URANQ12,0
D,DISPATCH,UNIT_SCADA,1,"2019/08/20 18:50:00",URANQ13,0
D,DISPATCH,UNIT_SCADA,1,"2019/08/20 18:50:00",URANQ14,0
D,DISPATCH,UNIT_SCADA,1,"2019/08/20 18:50:00",VP5,632.324950
D,DISPATCH,UNIT_SCADA,1,"2019/08/20 18:50:00",VP6,573.200010
D,DISPATCH,UNIT_SCADA,1,"2019/08/20 18:50:00",VPGS1,0
D,DISPATCH,UNIT_SCADA,1,"2019/08/20 18:50:00",VPGS2,0
D,DISPATCH,UNIT_SCADA,1,"2019/08/20 18:50:00",VPGS3,0
D,DISPATCH,UNIT_SCADA,1,"2019/08/20 18:50:00",VPGS4,0
D,DISPATCH,UNIT_SCADA,1,"2019/08/20 18:50:00",VPGS5,0
D,DISPATCH,UNIT_SCADA,1,"2019/08/20 18:50:00",VPGS6,0
D,DISPATCH,UNIT_SCADA,1,"2019/08/20 18:50:00",W/HOE#1,285.41
D,DISPATCH,UNIT_SCADA,1,"2019/08/20 18:50:00",W/HOE#2,0
D,DISPATCH,UNIT_SCADA,1,"2019/08/20 18:50:00",WATERLWF,123.60
D,DISPATCH,UNIT_SCADA,1,"2019/08/20 18:50:00",WEMENSF1,0
D,DISPATCH,UNIT_SCADA,1,"2019/08/20 18:50:00",WGWF1,87.40
D,DISPATCH,UNIT_SCADA,1,"2019/08/20 18:50:00",WHITSF1,0
D,DISPATCH,UNIT_SCADA,1,"2019/08/20 18:50:00",WKIEWA1,0
D,DISPATCH,UNIT_SCADA,1,"2019/08/20 18:50:00",WKIEWA2,0.10
D,DISPATCH,UNIT_SCADA,1,"2019/08/20 18:50:00",WOODLWN1,44.829010
D,DISPATCH,UNIT_SCADA,1,"2019/08/20 18:50:00",WRSF1,0
D,DISPATCH,UNIT_SCADA,1,"2019/08/20 18:50:00",WRWF1,117.622510
D,DISPATCH,UNIT_SCADA,1,"2019/08/20 18:50:00",YABULU,0
D,DISPATCH,UNIT_SCADA,1,"2019/08/20 18:50:00",YABULU2,0
D,DISPATCH,UNIT_SCADA,1,"2019/08/20 18:50:00",YARWUN_1,0
D,DISPATCH,UNIT_SCADA,1,"2019/08/20 18:50:00",YENDWF1,41.98
D,DISPATCH,UNIT_SCADA,1,"2019/08/20 18:50:00",YWPS1,382.956970
D,DISPATCH,UNIT_SCADA,1,"2019/08/20 18:50:00",YWPS2,282.202550
D,DISPATCH,UNIT_SCADA,1,"2019/08/20 18:50:00",YWPS3,0
D,DISPATCH,UNIT_SCADA,1,"2019/08/20 18:50:00",YWPS4,392.697480
C,"END OF REPORT",334
