C,NEMP.WORLD,DISPATCHSCADA,AEMO,PUBLIC,2019/08/22,21:00:07,0000000311882091,DISPATCHSCADA,0000000311882085
I,DISPATCH,UNIT_SCADA,1,SETTLEMENTDATE,DUID,SCADAVALUE
D,DISPATCH,UNIT_SCADA,1,"2019/08/22 21:05:00",BARCSF1,0.40
D,DISPATCH,UNIT_SCADA,1,"2019/08/22 21:05:00",BUTLERSG,9.699999
D,DISPATCH,UNIT_SCADA,1,"2019/08/22 21:05:00",CALL_A_4,0
D,DISPATCH,UNIT_SCADA,1,"2019/08/22 21:05:00",CAPTL_WF,80.340004
D,DISPATCH,UNIT_SCADA,1,"2019/08/22 21:05:00",CATHROCK,0
D,DISPATCH,UNIT_SCADA,1,"2019/08/22 21:05:00",CHALLHWF,2.80
D,DISPATCH,UNIT_SCADA,1,"2019/08/22 21:05:00",CLOVER,-0.01
D,DISPATCH,UNIT_SCADA,1,"2019/08/22 21:05:00",CLUNY,20.240330
D,DISPATCH,UNIT_SCADA,1,"2019/08/22 21:05:00",CNUNDAWF,0
D,DISPATCH,UNIT_SCADA,1,"2019/08/22 21:05:00",CULLRGWF,6.02
D,DISPATCH,UNIT_SCADA,1,"2019/08/22 21:05:00",ERGT01,0
D,DISPATCH,UNIT_SCADA,1,"2019/08/22 21:05:00",GB01,0.069569
D,DISPATCH,UNIT_SCADA,1,"2019/08/22 21:05:00",GERMCRK,34.700001
D,DISPATCH,UNIT_SCADA,1,"2019/08/22 21:05:00",GRIFSF1,0
D,DISPATCH,UNIT_SCADA,1,"2019/08/22 21:05:00",HUGSF1,-0.2070
D,DISPATCH,UNIT_SCADA,1,"2019/08/22 21:05:00",LKBONNY1,-0.449338
D,DISPATCH,UNIT_SCADA,1,"2019/08/22 21:05:00",LRSF1,-0.0180
D,DISPATCH,UNIT_SCADA,1,"2019/08/22 21:05:00",MBAHNTH,45.581253
D,DISPATCH,UNIT_SCADA,1,"2019/08/22 21:05:00",MLSP1,0.180001
D,DISPATCH,UNIT_SCADA,1,"2019/08/22 21:05:00",MLWF1,1.11
D,DISPATCH,UNIT_SCADA,1,"2019/08/22 21:05:00",MTMILLAR,5.767016
D,DISPATCH,UNIT_SCADA,1,"2019/08/22 21:05:00",PALOONA,28.68
D,DISPATCH,UNIT_SCADA,1,"2019/08/22 21:05:00",PIONEER,50
D,DISPATCH,UNIT_SCADA,1,"2019/08/22 21:05:00",PORTWF,0
D,DISPATCH,UNIT_SCADA,1,"2019/08/22 21:05:00",REPULSE,28.968338
D,DISPATCH,UNIT_SCADA,1,"2019/08/22 21:05:00",ROWALLAN,10.3731
D,DISPATCH,UNIT_SCADA,1,"2019/08/22 21:05:00",ROYALLA1,0
D,DISPATCH,UNIT_SCADA,1,"2019/08/22 21:05:00",RPCG,12.80
D,DISPATCH,UNIT_SCADA,1,"2019/08/22 21:05:00",RUBICON,0
D,DISPATCH,UNIT_SCADA,1,"2019/08/22 21:05:00",SATGN1,0
D,DISPATCH,UNIT_SCADA,1,"2019/08/22 21:05:00",SATGS1,0
D,DISPATCH,UNIT_SCADA,1,"2019/08/22 21:05:00",STARHLWF,-0.099971
D,DISPATCH,UNIT_SCADA,1,"2019/08/22 21:05:00",WAUBRAWF,68.2090
D,DISPATCH,UNIT_SCADA,1,"2019/08/22 21:05:00",WOOLNTH1,42.130016
D,DISPATCH,UNIT_SCADA,1,"2019/08/22 21:05:00",WPWF,0
D,DISPATCH,UNIT_SCADA,1,"2019/08/22 21:05:00",YAMBUKWF,0.60
D,DISPATCH,UNIT_SCADA,1,"2019/08/22 21:05:00",YSWF1,1.80
D,DISPATCH,UNIT_SCADA,1,"2019/08/22 21:05:00",AGLHAL,0
D,DISPATCH,UNIT_SCADA,1,"2019/08/22 21:05:00",AGLSOM,81.600010
D,DISPATCH,UNIT_SCADA,1,"2019/08/22 21:05:00",ANGAST1,0
D,DISPATCH,UNIT_SCADA,1,"2019/08/22 21:05:00",ARWF1,48.40
D,DISPATCH,UNIT_SCADA,1,"2019/08/22 21:05:00",BALBG1,0
D,DISPATCH,UNIT_SCADA,1,"2019/08/22 21:05:00",BALBL1,0
D,DISPATCH,UNIT_SCADA,1,"2019/08/22 21:05:00",BALDHWF1,35.6240
D,DISPATCH,UNIT_SCADA,1,"2019/08/22 21:05:00",BANN1,0
D,DISPATCH,UNIT_SCADA,1,"2019/08/22 21:05:00",BARCALDN,0
D,DISPATCH,UNIT_SCADA,1,"2019/08/22 21:05:00",BARRON-1,0
D,DISPATCH,UNIT_SCADA,1,"2019/08/22 21:05:00",BARRON-2,28.64
D,DISPATCH,UNIT_SCADA,1,"2019/08/22 21:05:00",BASTYAN,78.140010
D,DISPATCH,UNIT_SCADA,1,"2019/08/22 21:05:00",BBTHREE1,-2.19
D,DISPATCH,UNIT_SCADA,1,"2019/08/22 21:05:00",BBTHREE2,-2.15
D,DISPATCH,UNIT_SCADA,1,"2019/08/22 21:05:00",BBTHREE3,-1.19
D,DISPATCH,UNIT_SCADA,1,"2019/08/22 21:05:00",BDL01,42.84
D,DISPATCH,UNIT_SCADA,1,"2019/08/22 21:05:00",BDL02,45.54
D,DISPATCH,UNIT_SCADA,1,"2019/08/22 21:05:00",BERYLSF1,0
D,DISPATCH,UNIT_SCADA,1,"2019/08/22 21:05:00",BLOWERNG,0
D,DISPATCH,UNIT_SCADA,1,"2019/08/22 21:05:00",BLUFF1,-0.10
D,DISPATCH,UNIT_SCADA,1,"2019/08/22 21:05:00",BNGSF1,0
D,DISPATCH,UNIT_SCADA,1,"2019/08/22 21:05:00",BNGSF2,0
D,DISPATCH,UNIT_SCADA,1,"2019/08/22 21:05:00",BOCORWF1,40.67
D,DISPATCH,UNIT_SCADA,1,"2019/08/22 21:05:00",BODWF1,74.488740
D,DISPATCH,UNIT_SCADA,1,"2019/08/22 21:05:00",BRAEMAR1,110.000010
D,DISPATCH,UNIT_SCADA,1,"2019/08/22 21:05:00",BRAEMAR2,110.40
D,DISPATCH,UNIT_SCADA,1,"2019/08/22 21:05:00",BRAEMAR3,0
D,DISPATCH,UNIT_SCADA,1,"2019/08/22 21:05:00",BRAEMAR5,0
D,DISPATCH,UNIT_SCADA,1,"2019/08/22 21:05:00",BRAEMAR6,159.655560
D,DISPATCH,UNIT_SCADA,1,"2019/08/22 21:05:00",BRAEMAR7,160.763380
D,DISPATCH,UNIT_SCADA,1,"2019/08/22 21:05:00",BROKENH1,0
D,DISPATCH,UNIT_SCADA,1,"2019/08/22 21:05:00",BW01,660.599980
D,DISPATCH,UNIT_SCADA,1,"2019/08/22 21:05:00",BW02,653.1250
D,DISPATCH,UNIT_SCADA,1,"2019/08/22 21:05:00",BW03,660.050050
D,DISPATCH,UNIT_SCADA,1,"2019/08/22 21:05:00",BW04,0
D,DISPATCH,UNIT_SCADA,1,"2019/08/22 21:05:00",CALL_B_1,98.50
D,DISPATCH,UNIT_SCADA,1,"2019/08/22 21:05:00",CALL_B_2,349.50
D,DISPATCH,UNIT_SCADA,1,"2019/08/22 21:05:00",CETHANA,98.4240
D,DISPATCH,UNIT_SCADA,1,"2019/08/22 21:05:00",CG1,0
D,DISPATCH,UNIT_SCADA,1,"2019/08/22 21:05:00",CG2,0
D,DISPATCH,UNIT_SCADA,1,"2019/08/22 21:05:00",CG3,0
D,DISPATCH,UNIT_SCADA,1,"2019/08/22 21:05:00",CG4,0
D,DISPATCH,UNIT_SCADA,1,"2019/08/22 21:05:00",CHILDSF1,0
D,DISPATCH,UNIT_SCADA,1,"2019/08/22 21:05:00",CLARESF1,0
D,DISPATCH,UNIT_SCADA,1,"2019/08/22 21:05:00",CLEMGPWF,-0.216110
D,DISPATCH,UNIT_SCADA,1,"2019/08/22 21:05:00",CLERMSF1,0
D,DISPATCH,UNIT_SCADA,1,"2019/08/22 21:05:00",COLEASF1,0
D,DISPATCH,UNIT_SCADA,1,"2019/08/22 21:05:00",COOPGWF1,32.372330
D,DISPATCH,UNIT_SCADA,1,"2019/08/22 21:05:00",CPP_3,405.350010
D,DISPATCH,UNIT_SCADA,1,"2019/08/22 21:05:00",CPP_4,405.075010
D,DISPATCH,UNIT_SCADA,1,"2019/08/22 21:05:00",CPSA,143.233760
D,DISPATCH,UNIT_SCADA,1,"2019/08/22 21:05:00",CROOKWF2,1.256260
D,DISPATCH,UNIT_SCADA,1,"2019/08/22 21:05:00",CROWLWF1,21.182460
D,DISPATCH,UNIT_SCADA,1,"2019/08/22 21:05:00",CSPVPS1,0
D,DISPATCH,UNIT_SCADA,1,"2019/08/22 21:05:00",DALNTH01,0
D,DISPATCH,UNIT_SCADA,1,"2019/08/22 21:05:00",DALNTHL1,0.071720
D,DISPATCH,UNIT_SCADA,1,"2019/08/22 21:05:00",DARTM1,134.70
D,DISPATCH,UNIT_SCADA,1,"2019/08/22 21:05:00",DAYDSF1,0
D,DISPATCH,UNIT_SCADA,1,"2019/08/22 21:05:00",DDPS1,608.915160
D,DISPATCH,UNIT_SCADA,1,"2019/08/22 21:05:00",DDSF1,0
D,DISPATCH,UNIT_SCADA,1,"2019/08/22 21:05:00",DEVILS_G,0
D,DISPATCH,UNIT_SCADA,1,"2019/08/22 21:05:00",DG_NSW1,0
D,DISPATCH,UNIT_SCADA,1,"2019/08/22 21:05:00",DG_QLD1,0
D,DISPATCH,UNIT_SCADA,1,"2019/08/22 21:05:00",DG_SA1,0
D,DISPATCH,UNIT_SCADA,1,"2019/08/22 21:05:00",DG_TAS1,0
D,DISPATCH,UNIT_SCADA,1,"2019/08/22 21:05:00",DG_VIC1,0
D,DISPATCH,UNIT_SCADA,1,"2019/08/22 21:05:00",DRYCGT1,0
D,DISPATCH,UNIT_SCADA,1,"2019/08/22 21:05:00",DRYCGT2,0
D,DISPATCH,UNIT_SCADA,1,"2019/08/22 21:05:00",DRYCGT3,0
D,DISPATCH,UNIT_SCADA,1,"2019/08/22 21:05:00",EILDON1,0
D,DISPATCH,UNIT_SCADA,1,"2019/08/22 21:05:00",EILDON2,36.96
D,DISPATCH,UNIT_SCADA,1,"2019/08/22 21:05:00",EMERASF1,0
D,DISPATCH,UNIT_SCADA,1,"2019/08/22 21:05:00",ER01,594.025020
D,DISPATCH,UNIT_SCADA,1,"2019/08/22 21:05:00",ER02,693.75
D,DISPATCH,UNIT_SCADA,1,"2019/08/22 21:05:00",ER03,700.50
D,DISPATCH,UNIT_SCADA,1,"2019/08/22 21:05:00",ER04,693.775020
D,DISPATCH,UNIT_SCADA,1,"2019/08/22 21:05:00",FINLYSF1,0
D,DISPATCH,UNIT_SCADA,1,"2019/08/22 21:05:00",FISHER,45.78
D,DISPATCH,UNIT_SCADA,1,"2019/08/22 21:05:00",GANNBG1,2.314280
D,DISPATCH,UNIT_SCADA,1,"2019/08/22 21:05:00",GANNBL1,0
D,DISPATCH,UNIT_SCADA,1,"2019/08/22 21:05:00",GANNSF1,0
D,DISPATCH,UNIT_SCADA,1,"2019/08/22 21:05:00",GORDON,222.3396
D,DISPATCH,UNIT_SCADA,1,"2019/08/22 21:05:00",GSTONE1,264.600010
D,DISPATCH,UNIT_SCADA,1,"2019/08/22 21:05:00",GSTONE2,230.1250
D,DISPATCH,UNIT_SCADA,1,"2019/08/22 21:05:00",GSTONE3,250.95
D,DISPATCH,UNIT_SCADA,1,"2019/08/22 21:05:00",GSTONE4,263.3750
D,DISPATCH,UNIT_SCADA,1,"2019/08/22 21:05:00",GSTONE5,267.574980
D,DISPATCH,UNIT_SCADA,1,"2019/08/22 21:05:00",GSTONE6,0
D,DISPATCH,UNIT_SCADA,1,"2019/08/22 21:05:00",GULLRSF1,0
D,DISPATCH,UNIT_SCADA,1,"2019/08/22 21:05:00",GULLRWF1,13.332120
D,DISPATCH,UNIT_SCADA,1,"2019/08/22 21:05:00",GUNNING1,4.127170
D,DISPATCH,UNIT_SCADA,1,"2019/08/22 21:05:00",GUTHEGA,30.70
D,DISPATCH,UNIT_SCADA,1,"2019/08/22 21:05:00",HALLWF1,7.35
D,DISPATCH,UNIT_SCADA,1,"2019/08/22 21:05:00",HALLWF2,6.75
D,DISPATCH,UNIT_SCADA,1,"2019/08/22 21:05:00",HAMISF1,0
D,DISPATCH,UNIT_SCADA,1,"2019/08/22 21:05:00",HAUGHT11,0
D,DISPATCH,UNIT_SCADA,1,"2019/08/22 21:05:00",HAYMSF1,0
D,DISPATCH,UNIT_SCADA,1,"2019/08/22 21:05:00",HDWF1,17
D,DISPATCH,UNIT_SCADA,1,"2019/08/22 21:05:00",HDWF2,5
D,DISPATCH,UNIT_SCADA,1,"2019/08/22 21:05:00",HDWF3,6.90
D,DISPATCH,UNIT_SCADA,1,"2019/08/22 21:05:00",HPRG1,1.30
D,DISPATCH,UNIT_SCADA,1,"2019/08/22 21:05:00",HPRL1,0
D,DISPATCH,UNIT_SCADA,1,"2019/08/22 21:05:00",HUMENSW,0
D,DISPATCH,UNIT_SCADA,1,"2019/08/22 21:05:00",HUMEV,9
D,DISPATCH,UNIT_SCADA,1,"2019/08/22 21:05:00",HVGTS,0
D,DISPATCH,UNIT_SCADA,1,"2019/08/22 21:05:00",JBUTTERS,138.19
D,DISPATCH,UNIT_SCADA,1,"2019/08/22 21:05:00",JLA01,0.10
D,DISPATCH,UNIT_SCADA,1,"2019/08/22 21:05:00",JLA02,0
D,DISPATCH,UNIT_SCADA,1,"2019/08/22 21:05:00",JLA03,0.10
D,DISPATCH,UNIT_SCADA,1,"2019/08/22 21:05:00",JLA04,0.10
D,DISPATCH,UNIT_SCADA,1,"2019/08/22 21:05:00",JLB01,0
D,DISPATCH,UNIT_SCADA,1,"2019/08/22 21:05:00",JLB02,83.60
D,DISPATCH,UNIT_SCADA,1,"2019/08/22 21:05:00",JLB03,83.80
D,DISPATCH,UNIT_SCADA,1,"2019/08/22 21:05:00",KAREEYA1,21.4475
D,DISPATCH,UNIT_SCADA,1,"2019/08/22 21:05:00",KAREEYA2,21.4450
D,DISPATCH,UNIT_SCADA,1,"2019/08/22 21:05:00",KAREEYA3,0
D,DISPATCH,UNIT_SCADA,1,"2019/08/22 21:05:00",KAREEYA4,21.7250
D,DISPATCH,UNIT_SCADA,1,"2019/08/22 21:05:00",KARSF1,0
D,DISPATCH,UNIT_SCADA,1,"2019/08/22 21:05:00",KIATAWF1,8.60
D,DISPATCH,UNIT_SCADA,1,"2019/08/22 21:05:00",KPP_1,0
D,DISPATCH,UNIT_SCADA,1,"2019/08/22 21:05:00",KSP1,0
D,DISPATCH,UNIT_SCADA,1,"2019/08/22 21:05:00",LADBROK1,42.84
D,DISPATCH,UNIT_SCADA,1,"2019/08/22 21:05:00",LADBROK2,43.02
D,DISPATCH,UNIT_SCADA,1,"2019/08/22 21:05:00",LD01,420.956270
D,DISPATCH,UNIT_SCADA,1,"2019/08/22 21:05:00",LD02,420.918730
D,DISPATCH,UNIT_SCADA,1,"2019/08/22 21:05:00",LD03,420.581270
D,DISPATCH,UNIT_SCADA,1,"2019/08/22 21:05:00",LD04,382.349950
D,DISPATCH,UNIT_SCADA,1,"2019/08/22 21:05:00",LEM_WIL,86.213550
D,DISPATCH,UNIT_SCADA,1,"2019/08/22 21:05:00",LGAPWF1,8.26
D,DISPATCH,UNIT_SCADA,1,"2019/08/22 21:05:00",LILYSF1,0
D,DISPATCH,UNIT_SCADA,1,"2019/08/22 21:05:00",LI_WY_CA,148.8275
D,DISPATCH,UNIT_SCADA,1,"2019/08/22 21:05:00",LKBONNY2,-1.160150
D,DISPATCH,UNIT_SCADA,1,"2019/08/22 21:05:00",LKBONNY3,-0.225030
D,DISPATCH,UNIT_SCADA,1,"2019/08/22 21:05:00",LK_ECHO,0
D,DISPATCH,UNIT_SCADA,1,"2019/08/22 21:05:00",LNGS1,0
D,DISPATCH,UNIT_SCADA,1,"2019/08/22 21:05:00",LNGS2,0
D,DISPATCH,UNIT_SCADA,1,"2019/08/22 21:05:00",LONSDALE,0
D,DISPATCH,UNIT_SCADA,1,"2019/08/22 21:05:00",LOYYB1,536.088620
D,DISPATCH,UNIT_SCADA,1,"2019/08/22 21:05:00",LOYYB2,582.330380
D,DISPATCH,UNIT_SCADA,1,"2019/08/22 21:05:00",LYA1,562
D,DISPATCH,UNIT_SCADA,1,"2019/08/22 21:05:00",LYA2,0
D,DISPATCH,UNIT_SCADA,1,"2019/08/22 21:05:00",LYA3,560
D,DISPATCH,UNIT_SCADA,1,"2019/08/22 21:05:00",LYA4,541
D,DISPATCH,UNIT_SCADA,1,"2019/08/22 21:05:00",MACARTH1,0
D,DISPATCH,UNIT_SCADA,1,"2019/08/22 21:05:00",MACKAYGT,0
D,DISPATCH,UNIT_SCADA,1,"2019/08/22 21:05:00",MACKNTSH,86.650010
D,DISPATCH,UNIT_SCADA,1,"2019/08/22 21:05:00",MANSLR1,0
D,DISPATCH,UNIT_SCADA,1,"2019/08/22 21:05:00",MCKAY1,118.829990
D,DISPATCH,UNIT_SCADA,1,"2019/08/22 21:05:00",MEADOWBK,34.2960
D,DISPATCH,UNIT_SCADA,1,"2019/08/22 21:05:00",MERCER01,8.6550
D,DISPATCH,UNIT_SCADA,1,"2019/08/22 21:05:00",MEWF1,1.186430
D,DISPATCH,UNIT_SCADA,1,"2019/08/22 21:05:00",MINTARO,0
D,DISPATCH,UNIT_SCADA,1,"2019/08/22 21:05:00",MOREESF1,0
D,DISPATCH,UNIT_SCADA,1,"2019/08/22 21:05:00",MORTLK11,124
D,DISPATCH,UNIT_SCADA,1,"2019/08/22 21:05:00",MORTLK12,0
D,DISPATCH,UNIT_SCADA,1,"2019/08/22 21:05:00",MP1,278.974980
D,DISPATCH,UNIT_SCADA,1,"2019/08/22 21:05:00",MP2,0
D,DISPATCH,UNIT_SCADA,1,"2019/08/22 21:05:00",MPP_1,400.75
D,DISPATCH,UNIT_SCADA,1,"2019/08/22 21:05:00",MPP_2,418
D,DISPATCH,UNIT_SCADA,1,"2019/08/22 21:05:00",MSTUART1,0
D,DISPATCH,UNIT_SCADA,1,"2019/08/22 21:05:00",MSTUART2,0
D,DISPATCH,UNIT_SCADA,1,"2019/08/22 21:05:00",MSTUART3,0
D,DISPATCH,UNIT_SCADA,1,"2019/08/22 21:05:00",MTGELWF1,0.630210
D,DISPATCH,UNIT_SCADA,1,"2019/08/22 21:05:00",MURRAY,706.219790
D,DISPATCH,UNIT_SCADA,1,"2019/08/22 21:05:00",MUSSELR1,2.90
D,DISPATCH,UNIT_SCADA,1,"2019/08/22 21:05:00",MUWAWF1,7.47
D,DISPATCH,UNIT_SCADA,1,"2019/08/22 21:05:00",NBHWF1,10.40
D,DISPATCH,UNIT_SCADA,1,"2019/08/22 21:05:00",NPS,513
D,DISPATCH,UNIT_SCADA,1,"2019/08/22 21:05:00",NUMURSF1,0
D,DISPATCH,UNIT_SCADA,1,"2019/08/22 21:05:00",NYNGAN1,0
D,DISPATCH,UNIT_SCADA,1,"2019/08/22 21:05:00",OAKEY1,0
D,DISPATCH,UNIT_SCADA,1,"2019/08/22 21:05:00",OAKEY1SF,0.02
D,DISPATCH,UNIT_SCADA,1,"2019/08/22 21:05:00",OAKEY2,0
D,DISPATCH,UNIT_SCADA,1,"2019/08/22 21:05:00",OAKLAND1,2.80
D,DISPATCH,UNIT_SCADA,1,"2019/08/22 21:05:00",OSB-AG,183.13
D,DISPATCH,UNIT_SCADA,1,"2019/08/22 21:05:00",PARSF1,0
D,DISPATCH,UNIT_SCADA,1,"2019/08/22 21:05:00",POAT110,11.22
D,DISPATCH,UNIT_SCADA,1,"2019/08/22 21:05:00",POAT220,68.1416
D,DISPATCH,UNIT_SCADA,1,"2019/08/22 21:05:00",POR01,0
D,DISPATCH,UNIT_SCADA,1,"2019/08/22 21:05:00",POR03,0
D,DISPATCH,UNIT_SCADA,1,"2019/08/22 21:05:00",PPCCGT,493.669160
D,DISPATCH,UNIT_SCADA,1,"2019/08/22 21:05:00",PTSTAN1,0
D,DISPATCH,UNIT_SCADA,1,"2019/08/22 21:05:00",PUMP1,0
D,DISPATCH,UNIT_SCADA,1,"2019/08/22 21:05:00",PUMP2,0
D,DISPATCH,UNIT_SCADA,1,"2019/08/22 21:05:00",QPS1,29.10
D,DISPATCH,UNIT_SCADA,1,"2019/08/22 21:05:00",QPS2,0
D,DISPATCH,UNIT_SCADA,1,"2019/08/22 21:05:00",QPS3,0
D,DISPATCH,UNIT_SCADA,1,"2019/08/22 21:05:00",QPS4,0
D,DISPATCH,UNIT_SCADA,1,"2019/08/22 21:05:00",QPS5,125.84
D,DISPATCH,UNIT_SCADA,1,"2019/08/22 21:05:00",REECE1,118.700010
D,DISPATCH,UNIT_SCADA,1,"2019/08/22 21:05:00",REECE2,118.780010
D,DISPATCH,UNIT_SCADA,1,"2019/08/22 21:05:00",ROMA_7,0
D,DISPATCH,UNIT_SCADA,1,"2019/08/22 21:05:00",ROMA_8,0
D,DISPATCH,UNIT_SCADA,1,"2019/08/22 21:05:00",RRSF1,0
D,DISPATCH,UNIT_SCADA,1,"2019/08/22 21:05:00",RT_NSW1,0
D,DISPATCH,UNIT_SCADA,1,"2019/08/22 21:05:00",RT_NSW2,0
D,DISPATCH,UNIT_SCADA,1,"2019/08/22 21:05:00",RT_NSW3,0
D,DISPATCH,UNIT_SCADA,1,"2019/08/22 21:05:00",RT_NSW4,0
D,DISPATCH,UNIT_SCADA,1,"2019/08/22 21:05:00",RT_NSW5,0
D,DISPATCH,UNIT_SCADA,1,"2019/08/22 21:05:00",RT_NSW6,0
D,DISPATCH,UNIT_SCADA,1,"2019/08/22 21:05:00",RT_QLD1,0
D,DISPATCH,UNIT_SCADA,1,"2019/08/22 21:05:00",RT_SA1,0
D,DISPATCH,UNIT_SCADA,1,"2019/08/22 21:05:00",RT_SA2,0
D,DISPATCH,UNIT_SCADA,1,"2019/08/22 21:05:00",RT_SA3,0
D,DISPATCH,UNIT_SCADA,1,"2019/08/22 21:05:00",RT_SA4,0
D,DISPATCH,UNIT_SCADA,1,"2019/08/22 21:05:00",RT_SA5,0
D,DISPATCH,UNIT_SCADA,1,"2019/08/22 21:05:00",RT_SA6,0
D,DISPATCH,UNIT_SCADA,1,"2019/08/22 21:05:00",RT_TAS1,0
D,DISPATCH,UNIT_SCADA,1,"2019/08/22 21:05:00",RT_VIC1,0
D,DISPATCH,UNIT_SCADA,1,"2019/08/22 21:05:00",RT_VIC10,0
D,DISPATCH,UNIT_SCADA,1,"2019/08/22 21:05:00",RT_VIC11,0
D,DISPATCH,UNIT_SCADA,1,"2019/08/22 21:05:00",RT_VIC12,0
D,DISPATCH,UNIT_SCADA,1,"2019/08/22 21:05:00",RT_VIC2,0
D,DISPATCH,UNIT_SCADA,1,"2019/08/22 21:05:00",RT_VIC3,0
D,DISPATCH,UNIT_SCADA,1,"2019/08/22 21:05:00",RT_VIC4,0
D,DISPATCH,UNIT_SCADA,1,"2019/08/22 21:05:00",RT_VIC5,0
D,DISPATCH,UNIT_SCADA,1,"2019/08/22 21:05:00",RT_VIC6,0
D,DISPATCH,UNIT_SCADA,1,"2019/08/22 21:05:00",RT_VIC7,0
D,DISPATCH,UNIT_SCADA,1,"2019/08/22 21:05:00",RT_VIC8,0
D,DISPATCH,UNIT_SCADA,1,"2019/08/22 21:05:00",RT_VIC9,0
D,DISPATCH,UNIT_SCADA,1,"2019/08/22 21:05:00",RUGBYR1,0
D,DISPATCH,UNIT_SCADA,1,"2019/08/22 21:05:00",SALTCRK1,-0.18
D,DISPATCH,UNIT_SCADA,1,"2019/08/22 21:05:00",SAPHWF1,58.556240
D,DISPATCH,UNIT_SCADA,1,"2019/08/22 21:05:00",SHGEN,201.0233
D,DISPATCH,UNIT_SCADA,1,"2019/08/22 21:05:00",SHPUMP,0
D,DISPATCH,UNIT_SCADA,1,"2019/08/22 21:05:00",SITHE01,0.214140
D,DISPATCH,UNIT_SCADA,1,"2019/08/22 21:05:00",SMCSF1,0
D,DISPATCH,UNIT_SCADA,1,"2019/08/22 21:05:00",SNOWNTH1,1.80
D,DISPATCH,UNIT_SCADA,1,"2019/08/22 21:05:00",SNOWSTH1,13.40
D,DISPATCH,UNIT_SCADA,1,"2019/08/22 21:05:00",SNOWTWN1,2.521570
D,DISPATCH,UNIT_SCADA,1,"2019/08/22 21:05:00",SNOWYP,0
D,DISPATCH,UNIT_SCADA,1,"2019/08/22 21:05:00",SNUG1,0.019440
D,DISPATCH,UNIT_SCADA,1,"2019/08/22 21:05:00",SRSF1,0.43
D,DISPATCH,UNIT_SCADA,1,"2019/08/22 21:05:00",STAN-1,0
D,DISPATCH,UNIT_SCADA,1,"2019/08/22 21:05:00",STAN-2,356.745030
D,DISPATCH,UNIT_SCADA,1,"2019/08/22 21:05:00",STAN-3,353.181670
D,DISPATCH,UNIT_SCADA,1,"2019/08/22 21:05:00",STAN-4,364.884310
D,DISPATCH,UNIT_SCADA,1,"2019/08/22 21:05:00",STWF1,148.9950
D,DISPATCH,UNIT_SCADA,1,"2019/08/22 21:05:00",SWAN_E,0
D,DISPATCH,UNIT_SCADA,1,"2019/08/22 21:05:00",TALWA1,426
D,DISPATCH,UNIT_SCADA,1,"2019/08/22 21:05:00",TARALGA1,7.818760
D,DISPATCH,UNIT_SCADA,1,"2019/08/22 21:05:00",TARONG#1,343.700010
D,DISPATCH,UNIT_SCADA,1,"2019/08/22 21:05:00",TARONG#2,342.100010
D,DISPATCH,UNIT_SCADA,1,"2019/08/22 21:05:00",TARONG#3,260.700010
D,DISPATCH,UNIT_SCADA,1,"2019/08/22 21:05:00",TARONG#4,349.700010
D,DISPATCH,UNIT_SCADA,1,"2019/08/22 21:05:00",TARRALEA,83.90
D,DISPATCH,UNIT_SCADA,1,"2019/08/22 21:05:00",TBSF1,-0.20
D,DISPATCH,UNIT_SCADA,1,"2019/08/22 21:05:00",TNPS1,442.300020
D,DISPATCH,UNIT_SCADA,1,"2019/08/22 21:05:00",TORRA1,118.701160
D,DISPATCH,UNIT_SCADA,1,"2019/08/22 21:05:00",TORRA2,0
D,DISPATCH,UNIT_SCADA,1,"2019/08/22 21:05:00",TORRA3,44.216460
D,DISPATCH,UNIT_SCADA,1,"2019/08/22 21:05:00",TORRA4,106.128840
D,DISPATCH,UNIT_SCADA,1,"2019/08/22 21:05:00",TORRB1,126.89
D,DISPATCH,UNIT_SCADA,1,"2019/08/22 21:05:00",TORRB2,191.72
D,DISPATCH,UNIT_SCADA,1,"2019/08/22 21:05:00",TORRB3,0
D,DISPATCH,UNIT_SCADA,1,"2019/08/22 21:05:00",TORRB4,0
D,DISPATCH,UNIT_SCADA,1,"2019/08/22 21:05:00",TREVALLN,88.560030
D,DISPATCH,UNIT_SCADA,1,"2019/08/22 21:05:00",TRIBUTE,84.79
D,DISPATCH,UNIT_SCADA,1,"2019/08/22 21:05:00",TUMUT3,0
D,DISPATCH,UNIT_SCADA,1,"2019/08/22 21:05:00",TUNGATIN,139.880040
D,DISPATCH,UNIT_SCADA,1,"2019/08/22 21:05:00",TVCC201,0
D,DISPATCH,UNIT_SCADA,1,"2019/08/22 21:05:00",TVPP104,57.885170
D,DISPATCH,UNIT_SCADA,1,"2019/08/22 21:05:00",UPPTUMUT,270.833370
D,DISPATCH,UNIT_SCADA,1,"2019/08/22 21:05:00",URANQ11,0
D,DISPATCH,UNIT_SCADA,1,"2019/08/22 21:05:00",URANQ12,0
D,DISPATCH,UNIT_SCADA,1,"2019/08/22 21:05:00",URANQ13,0
D,DISPATCH,UNIT_SCADA,1,"2019/08/22 21:05:00",URANQ14,0
D,DISPATCH,UNIT_SCADA,1,"2019/08/22 21:05:00",VP5,631.075010
D,DISPATCH,UNIT_SCADA,1,"2019/08/22 21:05:00",VP6,634.849980
D,DISPATCH,UNIT_SCADA,1,"2019/08/22 21:05:00",VPGS1,0
D,DISPATCH,UNIT_SCADA,1,"2019/08/22 21:05:00",VPGS2,0
D,DISPATCH,UNIT_SCADA,1,"2019/08/22 21:05:00",VPGS3,0
D,DISPATCH,UNIT_SCADA,1,"2019/08/22 21:05:00",VPGS4,0
D,DISPATCH,UNIT_SCADA,1,"2019/08/22 21:05:00",VPGS5,0
D,DISPATCH,UNIT_SCADA,1,"2019/08/22 21:05:00",VPGS6,0
D,DISPATCH,UNIT_SCADA,1,"2019/08/22 21:05:00",W/HOE#1,0
D,DISPATCH,UNIT_SCADA,1,"2019/08/22 21:05:00",W/HOE#2,0
D,DISPATCH,UNIT_SCADA,1,"2019/08/22 21:05:00",WATERLWF,-0.70
D,DISPATCH,UNIT_SCADA,1,"2019/08/22 21:05:00",WEMENSF1,0
D,DISPATCH,UNIT_SCADA,1,"2019/08/22 21:05:00",WGWF1,7.40
D,DISPATCH,UNIT_SCADA,1,"2019/08/22 21:05:00",WHITSF1,0
D,DISPATCH,UNIT_SCADA,1,"2019/08/22 21:05:00",WKIEWA1,31.70
D,DISPATCH,UNIT_SCADA,1,"2019/08/22 21:05:00",WKIEWA2,31.80
D,DISPATCH,UNIT_SCADA,1,"2019/08/22 21:05:00",WOODLWN1,11.304020
D,DISPATCH,UNIT_SCADA,1,"2019/08/22 21:05:00",WRSF1,0
D,DISPATCH,UNIT_SCADA,1,"2019/08/22 21:05:00",WRWF1,20.477510
D,DISPATCH,UNIT_SCADA,1,"2019/08/22 21:05:00",YABULU,0
D,DISPATCH,UNIT_SCADA,1,"2019/08/22 21:05:00",YABULU2,0
D,DISPATCH,UNIT_SCADA,1,"2019/08/22 21:05:00",YARWUN_1,0
D,DISPATCH,UNIT_SCADA,1,"2019/08/22 21:05:00",YENDWF1,7.97
D,DISPATCH,UNIT_SCADA,1,"2019/08/22 21:05:00",YWPS1,370.675960
D,DISPATCH,UNIT_SCADA,1,"2019/08/22 21:05:00",YWPS2,281.200010
D,DISPATCH,UNIT_SCADA,1,"2019/08/22 21:05:00",YWPS3,0
D,DISPATCH,UNIT_SCADA,1,"2019/08/22 21:05:00",YWPS4,395.237980
C,"END OF REPORT",334
