C,NEMP.WORLD,DISPATCHSCADA,AEMO,PUBLIC,2019/08/20,19:35:08,0000000311798485,DISPATCHSCADA,0000000311798479
I,DISPATCH,UNIT_SCADA,1,SETTLEMENTDATE,DUID,SCADAVALUE
D,DISPATCH,UNIT_SCADA,1,"2019/08/20 19:40:00",BARCSF1,0.50
D,DISPATCH,UNIT_SCADA,1,"2019/08/20 19:40:00",BUTLERSG,9.699999
D,DISPATCH,UNIT_SCADA,1,"2019/08/20 19:40:00",CALL_A_4,0
D,DISPATCH,UNIT_SCADA,1,"2019/08/20 19:40:00",CAPTL_WF,115.867996
D,DISPATCH,UNIT_SCADA,1,"2019/08/20 19:40:00",CATHROCK,49.529999
D,DISPATCH,UNIT_SCADA,1,"2019/08/20 19:40:00",CHALLHWF,25.700001
D,DISPATCH,UNIT_SCADA,1,"2019/08/20 19:40:00",CLOVER,-0.01
D,DISPATCH,UNIT_SCADA,1,"2019/08/20 19:40:00",CLUNY,19.092241
D,DISPATCH,UNIT_SCADA,1,"2019/08/20 19:40:00",CNUNDAWF,38.144497
D,DISPATCH,UNIT_SCADA,1,"2019/08/20 19:40:00",CULLRGWF,26.43
D,DISPATCH,UNIT_SCADA,1,"2019/08/20 19:40:00",ERGT01,0
D,DISPATCH,UNIT_SCADA,1,"2019/08/20 19:40:00",GB01,0.070530
D,DISPATCH,UNIT_SCADA,1,"2019/08/20 19:40:00",GERMCRK,33.50
D,DISPATCH,UNIT_SCADA,1,"2019/08/20 19:40:00",GRIFSF1,0
D,DISPATCH,UNIT_SCADA,1,"2019/08/20 19:40:00",HUGSF1,-0.2040
D,DISPATCH,UNIT_SCADA,1,"2019/08/20 19:40:00",LKBONNY1,73.769531
D,DISPATCH,UNIT_SCADA,1,"2019/08/20 19:40:00",LRSF1,0.0290
D,DISPATCH,UNIT_SCADA,1,"2019/08/20 19:40:00",MBAHNTH,59.043747
D,DISPATCH,UNIT_SCADA,1,"2019/08/20 19:40:00",MLSP1,0.283001
D,DISPATCH,UNIT_SCADA,1,"2019/08/20 19:40:00",MLWF1,13.5450
D,DISPATCH,UNIT_SCADA,1,"2019/08/20 19:40:00",MTMILLAR,37.727448
D,DISPATCH,UNIT_SCADA,1,"2019/08/20 19:40:00",PALOONA,11.65
D,DISPATCH,UNIT_SCADA,1,"2019/08/20 19:40:00",PIONEER,25.40
D,DISPATCH,UNIT_SCADA,1,"2019/08/20 19:40:00",PORTWF,136.899994
D,DISPATCH,UNIT_SCADA,1,"2019/08/20 19:40:00",REPULSE,28.853590
D,DISPATCH,UNIT_SCADA,1,"2019/08/20 19:40:00",ROWALLAN,10.0607
D,DISPATCH,UNIT_SCADA,1,"2019/08/20 19:40:00",ROYALLA1,0
D,DISPATCH,UNIT_SCADA,1,"2019/08/20 19:40:00",RPCG,12.40
D,DISPATCH,UNIT_SCADA,1,"2019/08/20 19:40:00",RUBICON,0
D,DISPATCH,UNIT_SCADA,1,"2019/08/20 19:40:00",SATGN1,0
D,DISPATCH,UNIT_SCADA,1,"2019/08/20 19:40:00",SATGS1,0
D,DISPATCH,UNIT_SCADA,1,"2019/08/20 19:40:00",STARHLWF,28.591663
D,DISPATCH,UNIT_SCADA,1,"2019/08/20 19:40:00",WAUBRAWF,148.386002
D,DISPATCH,UNIT_SCADA,1,"2019/08/20 19:40:00",WOOLNTH1,72.760017
D,DISPATCH,UNIT_SCADA,1,"2019/08/20 19:40:00",WPWF,26
D,DISPATCH,UNIT_SCADA,1,"2019/08/20 19:40:00",YAMBUKWF,30.200001
D,DISPATCH,UNIT_SCADA,1,"2019/08/20 19:40:00",YSWF1,28.10
D,DISPATCH,UNIT_SCADA,1,"2019/08/20 19:40:00",AGLHAL,0
D,DISPATCH,UNIT_SCADA,1,"2019/08/20 19:40:00",AGLSOM,79.80
D,DISPATCH,UNIT_SCADA,1,"2019/08/20 19:40:00",ANGAST1,0
D,DISPATCH,UNIT_SCADA,1,"2019/08/20 19:40:00",ARWF1,62.20
D,DISPATCH,UNIT_SCADA,1,"2019/08/20 19:40:00",BALBG1,0
D,DISPATCH,UNIT_SCADA,1,"2019/08/20 19:40:00",BALBL1,0
D,DISPATCH,UNIT_SCADA,1,"2019/08/20 19:40:00",BALDHWF1,103.0640
D,DISPATCH,UNIT_SCADA,1,"2019/08/20 19:40:00",BANN1,0
D,DISPATCH,UNIT_SCADA,1,"2019/08/20 19:40:00",BARCALDN,0
D,DISPATCH,UNIT_SCADA,1,"2019/08/20 19:40:00",BARRON-1,0
D,DISPATCH,UNIT_SCADA,1,"2019/08/20 19:40:00",BARRON-2,27.84
D,DISPATCH,UNIT_SCADA,1,"2019/08/20 19:40:00",BASTYAN,79.44
D,DISPATCH,UNIT_SCADA,1,"2019/08/20 19:40:00",BBTHREE1,-2.05
D,DISPATCH,UNIT_SCADA,1,"2019/08/20 19:40:00",BBTHREE2,-2.04
D,DISPATCH,UNIT_SCADA,1,"2019/08/20 19:40:00",BBTHREE3,-1.17
D,DISPATCH,UNIT_SCADA,1,"2019/08/20 19:40:00",BDL01,0
D,DISPATCH,UNIT_SCADA,1,"2019/08/20 19:40:00",BDL02,23.04
D,DISPATCH,UNIT_SCADA,1,"2019/08/20 19:40:00",BERYLSF1,0
D,DISPATCH,UNIT_SCADA,1,"2019/08/20 19:40:00",BLOWERNG,0
D,DISPATCH,UNIT_SCADA,1,"2019/08/20 19:40:00",BLUFF1,34.70
D,DISPATCH,UNIT_SCADA,1,"2019/08/20 19:40:00",BNGSF1,0
D,DISPATCH,UNIT_SCADA,1,"2019/08/20 19:40:00",BNGSF2,0
D,DISPATCH,UNIT_SCADA,1,"2019/08/20 19:40:00",BOCORWF1,102.19
D,DISPATCH,UNIT_SCADA,1,"2019/08/20 19:40:00",BODWF1,65.411270
D,DISPATCH,UNIT_SCADA,1,"2019/08/20 19:40:00",BRAEMAR1,0
D,DISPATCH,UNIT_SCADA,1,"2019/08/20 19:40:00",BRAEMAR2,173.200010
D,DISPATCH,UNIT_SCADA,1,"2019/08/20 19:40:00",BRAEMAR3,0
D,DISPATCH,UNIT_SCADA,1,"2019/08/20 19:40:00",BRAEMAR5,0
D,DISPATCH,UNIT_SCADA,1,"2019/08/20 19:40:00",BRAEMAR6,160.521670
D,DISPATCH,UNIT_SCADA,1,"2019/08/20 19:40:00",BRAEMAR7,0
D,DISPATCH,UNIT_SCADA,1,"2019/08/20 19:40:00",BROKENH1,0
D,DISPATCH,UNIT_SCADA,1,"2019/08/20 19:40:00",BW01,656.1499
D,DISPATCH,UNIT_SCADA,1,"2019/08/20 19:40:00",BW02,665.575070
D,DISPATCH,UNIT_SCADA,1,"2019/08/20 19:40:00",BW03,657.3750
D,DISPATCH,UNIT_SCADA,1,"2019/08/20 19:40:00",BW04,0
D,DISPATCH,UNIT_SCADA,1,"2019/08/20 19:40:00",CALL_B_1,345.399990
D,DISPATCH,UNIT_SCADA,1,"2019/08/20 19:40:00",CALL_B_2,298.300020
D,DISPATCH,UNIT_SCADA,1,"2019/08/20 19:40:00",CETHANA,95.370380
D,DISPATCH,UNIT_SCADA,1,"2019/08/20 19:40:00",CG1,0
D,DISPATCH,UNIT_SCADA,1,"2019/08/20 19:40:00",CG2,0
D,DISPATCH,UNIT_SCADA,1,"2019/08/20 19:40:00",CG3,0
D,DISPATCH,UNIT_SCADA,1,"2019/08/20 19:40:00",CG4,0
D,DISPATCH,UNIT_SCADA,1,"2019/08/20 19:40:00",CHILDSF1,0
D,DISPATCH,UNIT_SCADA,1,"2019/08/20 19:40:00",CLARESF1,0
D,DISPATCH,UNIT_SCADA,1,"2019/08/20 19:40:00",CLEMGPWF,23.699520
D,DISPATCH,UNIT_SCADA,1,"2019/08/20 19:40:00",CLERMSF1,0
D,DISPATCH,UNIT_SCADA,1,"2019/08/20 19:40:00",COLEASF1,0
D,DISPATCH,UNIT_SCADA,1,"2019/08/20 19:40:00",COOPGWF1,54.643990
D,DISPATCH,UNIT_SCADA,1,"2019/08/20 19:40:00",CPP_3,405.899990
D,DISPATCH,UNIT_SCADA,1,"2019/08/20 19:40:00",CPP_4,406.175020
D,DISPATCH,UNIT_SCADA,1,"2019/08/20 19:40:00",CPSA,142.253750
D,DISPATCH,UNIT_SCADA,1,"2019/08/20 19:40:00",CROOKWF2,78.643750
D,DISPATCH,UNIT_SCADA,1,"2019/08/20 19:40:00",CROWLWF1,50.391040
D,DISPATCH,UNIT_SCADA,1,"2019/08/20 19:40:00",CSPVPS1,0
D,DISPATCH,UNIT_SCADA,1,"2019/08/20 19:40:00",DALNTH01,0
D,DISPATCH,UNIT_SCADA,1,"2019/08/20 19:40:00",DALNTHL1,0.074770
D,DISPATCH,UNIT_SCADA,1,"2019/08/20 19:40:00",DARTM1,134.50
D,DISPATCH,UNIT_SCADA,1,"2019/08/20 19:40:00",DAYDSF1,0
D,DISPATCH,UNIT_SCADA,1,"2019/08/20 19:40:00",DDPS1,481.163270
D,DISPATCH,UNIT_SCADA,1,"2019/08/20 19:40:00",DDSF1,0
D,DISPATCH,UNIT_SCADA,1,"2019/08/20 19:40:00",DEVILS_G,59.498890
D,DISPATCH,UNIT_SCADA,1,"2019/08/20 19:40:00",DG_NSW1,0
D,DISPATCH,UNIT_SCADA,1,"2019/08/20 19:40:00",DG_QLD1,0
D,DISPATCH,UNIT_SCADA,1,"2019/08/20 19:40:00",DG_SA1,0
D,DISPATCH,UNIT_SCADA,1,"2019/08/20 19:40:00",DG_TAS1,0
D,DISPATCH,UNIT_SCADA,1,"2019/08/20 19:40:00",DG_VIC1,0
D,DISPATCH,UNIT_SCADA,1,"2019/08/20 19:40:00",DRYCGT1,0
D,DISPATCH,UNIT_SCADA,1,"2019/08/20 19:40:00",DRYCGT2,0
D,DISPATCH,UNIT_SCADA,1,"2019/08/20 19:40:00",DRYCGT3,0
D,DISPATCH,UNIT_SCADA,1,"2019/08/20 19:40:00",EILDON1,0
D,DISPATCH,UNIT_SCADA,1,"2019/08/20 19:40:00",EILDON2,0
D,DISPATCH,UNIT_SCADA,1,"2019/08/20 19:40:00",EMERASF1,0
D,DISPATCH,UNIT_SCADA,1,"2019/08/20 19:40:00",ER01,594.650020
D,DISPATCH,UNIT_SCADA,1,"2019/08/20 19:40:00",ER02,700.349980
D,DISPATCH,UNIT_SCADA,1,"2019/08/20 19:40:00",ER03,700.324950
D,DISPATCH,UNIT_SCADA,1,"2019/08/20 19:40:00",ER04,697.974980
D,DISPATCH,UNIT_SCADA,1,"2019/08/20 19:40:00",FINLYSF1,0
D,DISPATCH,UNIT_SCADA,1,"2019/08/20 19:40:00",FISHER,43.82
D,DISPATCH,UNIT_SCADA,1,"2019/08/20 19:40:00",GANNBG1,11.018720
D,DISPATCH,UNIT_SCADA,1,"2019/08/20 19:40:00",GANNBL1,0
D,DISPATCH,UNIT_SCADA,1,"2019/08/20 19:40:00",GANNSF1,0
D,DISPATCH,UNIT_SCADA,1,"2019/08/20 19:40:00",GORDON,0.9688
D,DISPATCH,UNIT_SCADA,1,"2019/08/20 19:40:00",GSTONE1,219.6250
D,DISPATCH,UNIT_SCADA,1,"2019/08/20 19:40:00",GSTONE2,219.80
D,DISPATCH,UNIT_SCADA,1,"2019/08/20 19:40:00",GSTONE3,220.849990
D,DISPATCH,UNIT_SCADA,1,"2019/08/20 19:40:00",GSTONE4,219.80
D,DISPATCH,UNIT_SCADA,1,"2019/08/20 19:40:00",GSTONE5,215.599990
D,DISPATCH,UNIT_SCADA,1,"2019/08/20 19:40:00",GSTONE6,0
D,DISPATCH,UNIT_SCADA,1,"2019/08/20 19:40:00",GULLRSF1,0
D,DISPATCH,UNIT_SCADA,1,"2019/08/20 19:40:00",GULLRWF1,154.557860
D,DISPATCH,UNIT_SCADA,1,"2019/08/20 19:40:00",GUNNING1,34.664620
D,DISPATCH,UNIT_SCADA,1,"2019/08/20 19:40:00",GUTHEGA,31
D,DISPATCH,UNIT_SCADA,1,"2019/08/20 19:40:00",HALLWF1,89.50
D,DISPATCH,UNIT_SCADA,1,"2019/08/20 19:40:00",HALLWF2,66.08
D,DISPATCH,UNIT_SCADA,1,"2019/08/20 19:40:00",HAMISF1,0
D,DISPATCH,UNIT_SCADA,1,"2019/08/20 19:40:00",HAUGHT11,0
D,DISPATCH,UNIT_SCADA,1,"2019/08/20 19:40:00",HAYMSF1,0
D,DISPATCH,UNIT_SCADA,1,"2019/08/20 19:40:00",HDWF1,59.90
D,DISPATCH,UNIT_SCADA,1,"2019/08/20 19:40:00",HDWF2,39.40
D,DISPATCH,UNIT_SCADA,1,"2019/08/20 19:40:00",HDWF3,47.70
D,DISPATCH,UNIT_SCADA,1,"2019/08/20 19:40:00",HPRG1,22.50
D,DISPATCH,UNIT_SCADA,1,"2019/08/20 19:40:00",HPRL1,0
D,DISPATCH,UNIT_SCADA,1,"2019/08/20 19:40:00",HUMENSW,0
D,DISPATCH,UNIT_SCADA,1,"2019/08/20 19:40:00",HUMEV,8.20
D,DISPATCH,UNIT_SCADA,1,"2019/08/20 19:40:00",HVGTS,0
D,DISPATCH,UNIT_SCADA,1,"2019/08/20 19:40:00",JBUTTERS,123.67
D,DISPATCH,UNIT_SCADA,1,"2019/08/20 19:40:00",JLA01,0.50
D,DISPATCH,UNIT_SCADA,1,"2019/08/20 19:40:00",JLA02,0
D,DISPATCH,UNIT_SCADA,1,"2019/08/20 19:40:00",JLA03,0.10
D,DISPATCH,UNIT_SCADA,1,"2019/08/20 19:40:00",JLA04,0.10
D,DISPATCH,UNIT_SCADA,1,"2019/08/20 19:40:00",JLB01,0
D,DISPATCH,UNIT_SCADA,1,"2019/08/20 19:40:00",JLB02,0.10
D,DISPATCH,UNIT_SCADA,1,"2019/08/20 19:40:00",JLB03,0
D,DISPATCH,UNIT_SCADA,1,"2019/08/20 19:40:00",KAREEYA1,21.5325
D,DISPATCH,UNIT_SCADA,1,"2019/08/20 19:40:00",KAREEYA2,21.5725
D,DISPATCH,UNIT_SCADA,1,"2019/08/20 19:40:00",KAREEYA3,0
D,DISPATCH,UNIT_SCADA,1,"2019/08/20 19:40:00",KAREEYA4,21.56
D,DISPATCH,UNIT_SCADA,1,"2019/08/20 19:40:00",KARSF1,0
D,DISPATCH,UNIT_SCADA,1,"2019/08/20 19:40:00",KIATAWF1,30.70
D,DISPATCH,UNIT_SCADA,1,"2019/08/20 19:40:00",KPP_1,0
D,DISPATCH,UNIT_SCADA,1,"2019/08/20 19:40:00",KSP1,0
D,DISPATCH,UNIT_SCADA,1,"2019/08/20 19:40:00",LADBROK1,42.53
D,DISPATCH,UNIT_SCADA,1,"2019/08/20 19:40:00",LADBROK2,43.32
D,DISPATCH,UNIT_SCADA,1,"2019/08/20 19:40:00",LD01,417.3750
D,DISPATCH,UNIT_SCADA,1,"2019/08/20 19:40:00",LD02,417.318790
D,DISPATCH,UNIT_SCADA,1,"2019/08/20 19:40:00",LD03,419.343750
D,DISPATCH,UNIT_SCADA,1,"2019/08/20 19:40:00",LD04,377.8125
D,DISPATCH,UNIT_SCADA,1,"2019/08/20 19:40:00",LEM_WIL,85.780150
D,DISPATCH,UNIT_SCADA,1,"2019/08/20 19:40:00",LGAPWF1,21.93
D,DISPATCH,UNIT_SCADA,1,"2019/08/20 19:40:00",LILYSF1,0
D,DISPATCH,UNIT_SCADA,1,"2019/08/20 19:40:00",LI_WY_CA,148.691510
D,DISPATCH,UNIT_SCADA,1,"2019/08/20 19:40:00",LKBONNY2,152.2101
D,DISPATCH,UNIT_SCADA,1,"2019/08/20 19:40:00",LKBONNY3,38.2939
D,DISPATCH,UNIT_SCADA,1,"2019/08/20 19:40:00",LK_ECHO,0
D,DISPATCH,UNIT_SCADA,1,"2019/08/20 19:40:00",LNGS1,0
D,DISPATCH,UNIT_SCADA,1,"2019/08/20 19:40:00",LNGS2,0
D,DISPATCH,UNIT_SCADA,1,"2019/08/20 19:40:00",LONSDALE,0
D,DISPATCH,UNIT_SCADA,1,"2019/08/20 19:40:00",LOYYB1,535.712650
D,DISPATCH,UNIT_SCADA,1,"2019/08/20 19:40:00",LOYYB2,578.570860
D,DISPATCH,UNIT_SCADA,1,"2019/08/20 19:40:00",LYA1,560
D,DISPATCH,UNIT_SCADA,1,"2019/08/20 19:40:00",LYA2,0
D,DISPATCH,UNIT_SCADA,1,"2019/08/20 19:40:00",LYA3,560
D,DISPATCH,UNIT_SCADA,1,"2019/08/20 19:40:00",LYA4,541
D,DISPATCH,UNIT_SCADA,1,"2019/08/20 19:40:00",MACARTH1,342.292080
D,DISPATCH,UNIT_SCADA,1,"2019/08/20 19:40:00",MACKAYGT,0
D,DISPATCH,UNIT_SCADA,1,"2019/08/20 19:40:00",MACKNTSH,84.350010
D,DISPATCH,UNIT_SCADA,1,"2019/08/20 19:40:00",MANSLR1,0
D,DISPATCH,UNIT_SCADA,1,"2019/08/20 19:40:00",MCKAY1,0.02
D,DISPATCH,UNIT_SCADA,1,"2019/08/20 19:40:00",MEADOWBK,34.0102
D,DISPATCH,UNIT_SCADA,1,"2019/08/20 19:40:00",MERCER01,125.1470
D,DISPATCH,UNIT_SCADA,1,"2019/08/20 19:40:00",MEWF1,30.044160
D,DISPATCH,UNIT_SCADA,1,"2019/08/20 19:40:00",MINTARO,0
D,DISPATCH,UNIT_SCADA,1,"2019/08/20 19:40:00",MOREESF1,0
D,DISPATCH,UNIT_SCADA,1,"2019/08/20 19:40:00",MORTLK11,143
D,DISPATCH,UNIT_SCADA,1,"2019/08/20 19:40:00",MORTLK12,0
D,DISPATCH,UNIT_SCADA,1,"2019/08/20 19:40:00",MP1,280.224980
D,DISPATCH,UNIT_SCADA,1,"2019/08/20 19:40:00",MP2,0
D,DISPATCH,UNIT_SCADA,1,"2019/08/20 19:40:00",MPP_1,411.75
D,DISPATCH,UNIT_SCADA,1,"2019/08/20 19:40:00",MPP_2,431.25
D,DISPATCH,UNIT_SCADA,1,"2019/08/20 19:40:00",MSTUART1,0
D,DISPATCH,UNIT_SCADA,1,"2019/08/20 19:40:00",MSTUART2,0
D,DISPATCH,UNIT_SCADA,1,"2019/08/20 19:40:00",MSTUART3,0
D,DISPATCH,UNIT_SCADA,1,"2019/08/20 19:40:00",MTGELWF1,64.642780
D,DISPATCH,UNIT_SCADA,1,"2019/08/20 19:40:00",MURRAY,0
D,DISPATCH,UNIT_SCADA,1,"2019/08/20 19:40:00",MUSSELR1,23
D,DISPATCH,UNIT_SCADA,1,"2019/08/20 19:40:00",MUWAWF1,56.63
D,DISPATCH,UNIT_SCADA,1,"2019/08/20 19:40:00",NBHWF1,75.399990
D,DISPATCH,UNIT_SCADA,1,"2019/08/20 19:40:00",NPS,511.50
D,DISPATCH,UNIT_SCADA,1,"2019/08/20 19:40:00",NUMURSF1,0
D,DISPATCH,UNIT_SCADA,1,"2019/08/20 19:40:00",NYNGAN1,0
D,DISPATCH,UNIT_SCADA,1,"2019/08/20 19:40:00",OAKEY1,0
D,DISPATCH,UNIT_SCADA,1,"2019/08/20 19:40:00",OAKEY1SF,0.0380
D,DISPATCH,UNIT_SCADA,1,"2019/08/20 19:40:00",OAKEY2,0
D,DISPATCH,UNIT_SCADA,1,"2019/08/20 19:40:00",OAKLAND1,58.70
D,DISPATCH,UNIT_SCADA,1,"2019/08/20 19:40:00",OSB-AG,183.67
D,DISPATCH,UNIT_SCADA,1,"2019/08/20 19:40:00",PARSF1,0
D,DISPATCH,UNIT_SCADA,1,"2019/08/20 19:40:00",POAT110,0
D,DISPATCH,UNIT_SCADA,1,"2019/08/20 19:40:00",POAT220,5.490480
D,DISPATCH,UNIT_SCADA,1,"2019/08/20 19:40:00",POR01,0
D,DISPATCH,UNIT_SCADA,1,"2019/08/20 19:40:00",POR03,0
D,DISPATCH,UNIT_SCADA,1,"2019/08/20 19:40:00",PPCCGT,495.682460
D,DISPATCH,UNIT_SCADA,1,"2019/08/20 19:40:00",PTSTAN1,0
D,DISPATCH,UNIT_SCADA,1,"2019/08/20 19:40:00",PUMP1,0
D,DISPATCH,UNIT_SCADA,1,"2019/08/20 19:40:00",PUMP2,0
D,DISPATCH,UNIT_SCADA,1,"2019/08/20 19:40:00",QPS1,29
D,DISPATCH,UNIT_SCADA,1,"2019/08/20 19:40:00",QPS2,0
D,DISPATCH,UNIT_SCADA,1,"2019/08/20 19:40:00",QPS3,0
D,DISPATCH,UNIT_SCADA,1,"2019/08/20 19:40:00",QPS4,0
D,DISPATCH,UNIT_SCADA,1,"2019/08/20 19:40:00",QPS5,0
D,DISPATCH,UNIT_SCADA,1,"2019/08/20 19:40:00",REECE1,117.220010
D,DISPATCH,UNIT_SCADA,1,"2019/08/20 19:40:00",REECE2,116.580010
D,DISPATCH,UNIT_SCADA,1,"2019/08/20 19:40:00",ROMA_7,0
D,DISPATCH,UNIT_SCADA,1,"2019/08/20 19:40:00",ROMA_8,0
D,DISPATCH,UNIT_SCADA,1,"2019/08/20 19:40:00",RRSF1,0
D,DISPATCH,UNIT_SCADA,1,"2019/08/20 19:40:00",RT_NSW1,0
D,DISPATCH,UNIT_SCADA,1,"2019/08/20 19:40:00",RT_NSW2,0
D,DISPATCH,UNIT_SCADA,1,"2019/08/20 19:40:00",RT_NSW3,0
D,DISPATCH,UNIT_SCADA,1,"2019/08/20 19:40:00",RT_NSW4,0
D,DISPATCH,UNIT_SCADA,1,"2019/08/20 19:40:00",RT_NSW5,0
D,DISPATCH,UNIT_SCADA,1,"2019/08/20 19:40:00",RT_NSW6,0
D,DISPATCH,UNIT_SCADA,1,"2019/08/20 19:40:00",RT_QLD1,0
D,DISPATCH,UNIT_SCADA,1,"2019/08/20 19:40:00",RT_SA1,0
D,DISPATCH,UNIT_SCADA,1,"2019/08/20 19:40:00",RT_SA2,0
D,DISPATCH,UNIT_SCADA,1,"2019/08/20 19:40:00",RT_SA3,0
D,DISPATCH,UNIT_SCADA,1,"2019/08/20 19:40:00",RT_SA4,0
D,DISPATCH,UNIT_SCADA,1,"2019/08/20 19:40:00",RT_SA5,0
D,DISPATCH,UNIT_SCADA,1,"2019/08/20 19:40:00",RT_SA6,0
D,DISPATCH,UNIT_SCADA,1,"2019/08/20 19:40:00",RT_TAS1,0
D,DISPATCH,UNIT_SCADA,1,"2019/08/20 19:40:00",RT_VIC1,0
D,DISPATCH,UNIT_SCADA,1,"2019/08/20 19:40:00",RT_VIC10,0
D,DISPATCH,UNIT_SCADA,1,"2019/08/20 19:40:00",RT_VIC11,0
D,DISPATCH,UNIT_SCADA,1,"2019/08/20 19:40:00",RT_VIC12,0
D,DISPATCH,UNIT_SCADA,1,"2019/08/20 19:40:00",RT_VIC2,0
D,DISPATCH,UNIT_SCADA,1,"2019/08/20 19:40:00",RT_VIC3,0
D,DISPATCH,UNIT_SCADA,1,"2019/08/20 19:40:00",RT_VIC4,0
D,DISPATCH,UNIT_SCADA,1,"2019/08/20 19:40:00",RT_VIC5,0
D,DISPATCH,UNIT_SCADA,1,"2019/08/20 19:40:00",RT_VIC6,0
D,DISPATCH,UNIT_SCADA,1,"2019/08/20 19:40:00",RT_VIC7,0
D,DISPATCH,UNIT_SCADA,1,"2019/08/20 19:40:00",RT_VIC8,0
D,DISPATCH,UNIT_SCADA,1,"2019/08/20 19:40:00",RT_VIC9,0
D,DISPATCH,UNIT_SCADA,1,"2019/08/20 19:40:00",RUGBYR1,0
D,DISPATCH,UNIT_SCADA,1,"2019/08/20 19:40:00",SALTCRK1,48.73
D,DISPATCH,UNIT_SCADA,1,"2019/08/20 19:40:00",SAPHWF1,116.137510
D,DISPATCH,UNIT_SCADA,1,"2019/08/20 19:40:00",SHGEN,146.586780
D,DISPATCH,UNIT_SCADA,1,"2019/08/20 19:40:00",SHPUMP,0
D,DISPATCH,UNIT_SCADA,1,"2019/08/20 19:40:00",SITHE01,0.083520
D,DISPATCH,UNIT_SCADA,1,"2019/08/20 19:40:00",SMCSF1,0
D,DISPATCH,UNIT_SCADA,1,"2019/08/20 19:40:00",SNOWNTH1,122.899990
D,DISPATCH,UNIT_SCADA,1,"2019/08/20 19:40:00",SNOWSTH1,107.70
D,DISPATCH,UNIT_SCADA,1,"2019/08/20 19:40:00",SNOWTWN1,82.366430
D,DISPATCH,UNIT_SCADA,1,"2019/08/20 19:40:00",SNOWYP,0
D,DISPATCH,UNIT_SCADA,1,"2019/08/20 19:40:00",SNUG1,0.019440
D,DISPATCH,UNIT_SCADA,1,"2019/08/20 19:40:00",SRSF1,0.07
D,DISPATCH,UNIT_SCADA,1,"2019/08/20 19:40:00",STAN-1,0
D,DISPATCH,UNIT_SCADA,1,"2019/08/20 19:40:00",STAN-2,344.8501
D,DISPATCH,UNIT_SCADA,1,"2019/08/20 19:40:00",STAN-3,356.9501
D,DISPATCH,UNIT_SCADA,1,"2019/08/20 19:40:00",STAN-4,367.563230
D,DISPATCH,UNIT_SCADA,1,"2019/08/20 19:40:00",STWF1,36.911250
D,DISPATCH,UNIT_SCADA,1,"2019/08/20 19:40:00",SWAN_E,0
D,DISPATCH,UNIT_SCADA,1,"2019/08/20 19:40:00",TALWA1,422
D,DISPATCH,UNIT_SCADA,1,"2019/08/20 19:40:00",TARALGA1,103.447510
D,DISPATCH,UNIT_SCADA,1,"2019/08/20 19:40:00",TARONG#1,342.200010
D,DISPATCH,UNIT_SCADA,1,"2019/08/20 19:40:00",TARONG#2,342.200010
D,DISPATCH,UNIT_SCADA,1,"2019/08/20 19:40:00",TARONG#3,259.200010
D,DISPATCH,UNIT_SCADA,1,"2019/08/20 19:40:00",TARONG#4,349.100010
D,DISPATCH,UNIT_SCADA,1,"2019/08/20 19:40:00",TARRALEA,85
D,DISPATCH,UNIT_SCADA,1,"2019/08/20 19:40:00",TBSF1,-0.20
D,DISPATCH,UNIT_SCADA,1,"2019/08/20 19:40:00",TNPS1,441.700010
D,DISPATCH,UNIT_SCADA,1,"2019/08/20 19:40:00",TORRA1,70.604310
D,DISPATCH,UNIT_SCADA,1,"2019/08/20 19:40:00",TORRA2,0
D,DISPATCH,UNIT_SCADA,1,"2019/08/20 19:40:00",TORRA3,0
D,DISPATCH,UNIT_SCADA,1,"2019/08/20 19:40:00",TORRA4,0
D,DISPATCH,UNIT_SCADA,1,"2019/08/20 19:40:00",TORRB1,84.34
D,DISPATCH,UNIT_SCADA,1,"2019/08/20 19:40:00",TORRB2,148.56
D,DISPATCH,UNIT_SCADA,1,"2019/08/20 19:40:00",TORRB3,0
D,DISPATCH,UNIT_SCADA,1,"2019/08/20 19:40:00",TORRB4,0
D,DISPATCH,UNIT_SCADA,1,"2019/08/20 19:40:00",TREVALLN,69.420010
D,DISPATCH,UNIT_SCADA,1,"2019/08/20 19:40:00",TRIBUTE,70.31
D,DISPATCH,UNIT_SCADA,1,"2019/08/20 19:40:00",TUMUT3,802.429990
D,DISPATCH,UNIT_SCADA,1,"2019/08/20 19:40:00",TUNGATIN,104.740030
D,DISPATCH,UNIT_SCADA,1,"2019/08/20 19:40:00",TVCC201,0
D,DISPATCH,UNIT_SCADA,1,"2019/08/20 19:40:00",TVPP104,0
D,DISPATCH,UNIT_SCADA,1,"2019/08/20 19:40:00",UPPTUMUT,0
D,DISPATCH,UNIT_SCADA,1,"2019/08/20 19:40:00",URANQ11,0
D,DISPATCH,UNIT_SCADA,1,"2019/08/20 19:40:00",URANQ12,0
D,DISPATCH,UNIT_SCADA,1,"2019/08/20 19:40:00",URANQ13,0
D,DISPATCH,UNIT_SCADA,1,"2019/08/20 19:40:00",URANQ14,0
D,DISPATCH,UNIT_SCADA,1,"2019/08/20 19:40:00",VP5,636.049990
D,DISPATCH,UNIT_SCADA,1,"2019/08/20 19:40:00",VP6,548.099980
D,DISPATCH,UNIT_SCADA,1,"2019/08/20 19:40:00",VPGS1,0
D,DISPATCH,UNIT_SCADA,1,"2019/08/20 19:40:00",VPGS2,0
D,DISPATCH,UNIT_SCADA,1,"2019/08/20 19:40:00",VPGS3,0
D,DISPATCH,UNIT_SCADA,1,"2019/08/20 19:40:00",VPGS4,0
D,DISPATCH,UNIT_SCADA,1,"2019/08/20 19:40:00",VPGS5,0
D,DISPATCH,UNIT_SCADA,1,"2019/08/20 19:40:00",VPGS6,0
D,DISPATCH,UNIT_SCADA,1,"2019/08/20 19:40:00",W/HOE#1,286.66
D,DISPATCH,UNIT_SCADA,1,"2019/08/20 19:40:00",W/HOE#2,0
D,DISPATCH,UNIT_SCADA,1,"2019/08/20 19:40:00",WATERLWF,122.80
D,DISPATCH,UNIT_SCADA,1,"2019/08/20 19:40:00",WEMENSF1,0
D,DISPATCH,UNIT_SCADA,1,"2019/08/20 19:40:00",WGWF1,78.40
D,DISPATCH,UNIT_SCADA,1,"2019/08/20 19:40:00",WHITSF1,0
D,DISPATCH,UNIT_SCADA,1,"2019/08/20 19:40:00",WKIEWA1,0
D,DISPATCH,UNIT_SCADA,1,"2019/08/20 19:40:00",WKIEWA2,0.10
D,DISPATCH,UNIT_SCADA,1,"2019/08/20 19:40:00",WOODLWN1,44.9370
D,DISPATCH,UNIT_SCADA,1,"2019/08/20 19:40:00",WRSF1,0
D,DISPATCH,UNIT_SCADA,1,"2019/08/20 19:40:00",WRWF1,148.892520
D,DISPATCH,UNIT_SCADA,1,"2019/08/20 19:40:00",YABULU,0
D,DISPATCH,UNIT_SCADA,1,"2019/08/20 19:40:00",YABULU2,0
D,DISPATCH,UNIT_SCADA,1,"2019/08/20 19:40:00",YARWUN_1,0
D,DISPATCH,UNIT_SCADA,1,"2019/08/20 19:40:00",YENDWF1,42
D,DISPATCH,UNIT_SCADA,1,"2019/08/20 19:40:00",YWPS1,376.941770
D,DISPATCH,UNIT_SCADA,1,"2019/08/20 19:40:00",YWPS2,279.946840
D,DISPATCH,UNIT_SCADA,1,"2019/08/20 19:40:00",YWPS3,0
D,DISPATCH,UNIT_SCADA,1,"2019/08/20 19:40:00",YWPS4,394.955690
C,"END OF REPORT",334
