C,NEMP.WORLD,DISPATCHSCADA,AEMO,PUBLIC,2019/08/21,17:45:15,0000000311835325,DISPATCHSCADA,0000000311835319
I,DISPATCH,UNIT_SCADA,1,SETTLEMENTDATE,DUID,SCADAVALUE
D,DISPATCH,UNIT_SCADA,1,"2019/08/21 17:50:00",BARCSF1,0.70
D,DISPATCH,UNIT_SCADA,1,"2019/08/21 17:50:00",BUTLERSG,9.599998
D,DISPATCH,UNIT_SCADA,1,"2019/08/21 17:50:00",CALL_A_4,0
D,DISPATCH,UNIT_SCADA,1,"2019/08/21 17:50:00",CAPTL_WF,132.580002
D,DISPATCH,UNIT_SCADA,1,"2019/08/21 17:50:00",CATHROCK,37.509998
D,DISPATCH,UNIT_SCADA,1,"2019/08/21 17:50:00",CHALLHWF,23.90
D,DISPATCH,UNIT_SCADA,1,"2019/08/21 17:50:00",CLOVER,-0.02
D,DISPATCH,UNIT_SCADA,1,"2019/08/21 17:50:00",CLUNY,20.121309
D,DISPATCH,UNIT_SCADA,1,"2019/08/21 17:50:00",CNUNDAWF,40.647415
D,DISPATCH,UNIT_SCADA,1,"2019/08/21 17:50:00",CULLRGWF,28.280001
D,DISPATCH,UNIT_SCADA,1,"2019/08/21 17:50:00",ERGT01,0
D,DISPATCH,UNIT_SCADA,1,"2019/08/21 17:50:00",GB01,0.069466
D,DISPATCH,UNIT_SCADA,1,"2019/08/21 17:50:00",GERMCRK,34.900002
D,DISPATCH,UNIT_SCADA,1,"2019/08/21 17:50:00",GRIFSF1,0.100006
D,DISPATCH,UNIT_SCADA,1,"2019/08/21 17:50:00",HUGSF1,0.7980
D,DISPATCH,UNIT_SCADA,1,"2019/08/21 17:50:00",LKBONNY1,70.643707
D,DISPATCH,UNIT_SCADA,1,"2019/08/21 17:50:00",LRSF1,0.4420
D,DISPATCH,UNIT_SCADA,1,"2019/08/21 17:50:00",MBAHNTH,55.856247
D,DISPATCH,UNIT_SCADA,1,"2019/08/21 17:50:00",MLSP1,0.271001
D,DISPATCH,UNIT_SCADA,1,"2019/08/21 17:50:00",MLWF1,16.5450
D,DISPATCH,UNIT_SCADA,1,"2019/08/21 17:50:00",MTMILLAR,13.104150
D,DISPATCH,UNIT_SCADA,1,"2019/08/21 17:50:00",PALOONA,24.059999
D,DISPATCH,UNIT_SCADA,1,"2019/08/21 17:50:00",PIONEER,33.900002
D,DISPATCH,UNIT_SCADA,1,"2019/08/21 17:50:00",PORTWF,140.600006
D,DISPATCH,UNIT_SCADA,1,"2019/08/21 17:50:00",REPULSE,28.904860
D,DISPATCH,UNIT_SCADA,1,"2019/08/21 17:50:00",ROWALLAN,10.3944
D,DISPATCH,UNIT_SCADA,1,"2019/08/21 17:50:00",ROYALLA1,0
D,DISPATCH,UNIT_SCADA,1,"2019/08/21 17:50:00",RPCG,12.80
D,DISPATCH,UNIT_SCADA,1,"2019/08/21 17:50:00",RUBICON,0
D,DISPATCH,UNIT_SCADA,1,"2019/08/21 17:50:00",SATGN1,0
D,DISPATCH,UNIT_SCADA,1,"2019/08/21 17:50:00",SATGS1,0
D,DISPATCH,UNIT_SCADA,1,"2019/08/21 17:50:00",STARHLWF,4.798601
D,DISPATCH,UNIT_SCADA,1,"2019/08/21 17:50:00",WAUBRAWF,161.4870
D,DISPATCH,UNIT_SCADA,1,"2019/08/21 17:50:00",WOOLNTH1,132.130020
D,DISPATCH,UNIT_SCADA,1,"2019/08/21 17:50:00",WPWF,57
D,DISPATCH,UNIT_SCADA,1,"2019/08/21 17:50:00",YAMBUKWF,29
D,DISPATCH,UNIT_SCADA,1,"2019/08/21 17:50:00",YSWF1,28.700001
D,DISPATCH,UNIT_SCADA,1,"2019/08/21 17:50:00",AGLHAL,0
D,DISPATCH,UNIT_SCADA,1,"2019/08/21 17:50:00",AGLSOM,0
D,DISPATCH,UNIT_SCADA,1,"2019/08/21 17:50:00",ANGAST1,0
D,DISPATCH,UNIT_SCADA,1,"2019/08/21 17:50:00",ARWF1,123.100010
D,DISPATCH,UNIT_SCADA,1,"2019/08/21 17:50:00",BALBG1,0
D,DISPATCH,UNIT_SCADA,1,"2019/08/21 17:50:00",BALBL1,1.61
D,DISPATCH,UNIT_SCADA,1,"2019/08/21 17:50:00",BALDHWF1,101.0830
D,DISPATCH,UNIT_SCADA,1,"2019/08/21 17:50:00",BANN1,1.49
D,DISPATCH,UNIT_SCADA,1,"2019/08/21 17:50:00",BARCALDN,0
D,DISPATCH,UNIT_SCADA,1,"2019/08/21 17:50:00",BARRON-1,0
D,DISPATCH,UNIT_SCADA,1,"2019/08/21 17:50:00",BARRON-2,27.24
D,DISPATCH,UNIT_SCADA,1,"2019/08/21 17:50:00",BASTYAN,78.290010
D,DISPATCH,UNIT_SCADA,1,"2019/08/21 17:50:00",BBTHREE1,-1.79
D,DISPATCH,UNIT_SCADA,1,"2019/08/21 17:50:00",BBTHREE2,-1.87
D,DISPATCH,UNIT_SCADA,1,"2019/08/21 17:50:00",BBTHREE3,0
D,DISPATCH,UNIT_SCADA,1,"2019/08/21 17:50:00",BDL01,35.04
D,DISPATCH,UNIT_SCADA,1,"2019/08/21 17:50:00",BDL02,0
D,DISPATCH,UNIT_SCADA,1,"2019/08/21 17:50:00",BERYLSF1,0
D,DISPATCH,UNIT_SCADA,1,"2019/08/21 17:50:00",BLOWERNG,0
D,DISPATCH,UNIT_SCADA,1,"2019/08/21 17:50:00",BLUFF1,39.80
D,DISPATCH,UNIT_SCADA,1,"2019/08/21 17:50:00",BNGSF1,18.67
D,DISPATCH,UNIT_SCADA,1,"2019/08/21 17:50:00",BNGSF2,5.66
D,DISPATCH,UNIT_SCADA,1,"2019/08/21 17:50:00",BOCORWF1,108.11
D,DISPATCH,UNIT_SCADA,1,"2019/08/21 17:50:00",BODWF1,86.4341
D,DISPATCH,UNIT_SCADA,1,"2019/08/21 17:50:00",BRAEMAR1,0
D,DISPATCH,UNIT_SCADA,1,"2019/08/21 17:50:00",BRAEMAR2,172
D,DISPATCH,UNIT_SCADA,1,"2019/08/21 17:50:00",BRAEMAR3,0
D,DISPATCH,UNIT_SCADA,1,"2019/08/21 17:50:00",BRAEMAR5,0
D,DISPATCH,UNIT_SCADA,1,"2019/08/21 17:50:00",BRAEMAR6,0
D,DISPATCH,UNIT_SCADA,1,"2019/08/21 17:50:00",BRAEMAR7,0
D,DISPATCH,UNIT_SCADA,1,"2019/08/21 17:50:00",BROKENH1,1.2290
D,DISPATCH,UNIT_SCADA,1,"2019/08/21 17:50:00",BW01,640.974980
D,DISPATCH,UNIT_SCADA,1,"2019/08/21 17:50:00",BW02,630.6250
D,DISPATCH,UNIT_SCADA,1,"2019/08/21 17:50:00",BW03,646
D,DISPATCH,UNIT_SCADA,1,"2019/08/21 17:50:00",BW04,0
D,DISPATCH,UNIT_SCADA,1,"2019/08/21 17:50:00",CALL_B_1,349
D,DISPATCH,UNIT_SCADA,1,"2019/08/21 17:50:00",CALL_B_2,350.300020
D,DISPATCH,UNIT_SCADA,1,"2019/08/21 17:50:00",CETHANA,99.561620
D,DISPATCH,UNIT_SCADA,1,"2019/08/21 17:50:00",CG1,0
D,DISPATCH,UNIT_SCADA,1,"2019/08/21 17:50:00",CG2,0
D,DISPATCH,UNIT_SCADA,1,"2019/08/21 17:50:00",CG3,0
D,DISPATCH,UNIT_SCADA,1,"2019/08/21 17:50:00",CG4,0
D,DISPATCH,UNIT_SCADA,1,"2019/08/21 17:50:00",CHILDSF1,0.01
D,DISPATCH,UNIT_SCADA,1,"2019/08/21 17:50:00",CLARESF1,0
D,DISPATCH,UNIT_SCADA,1,"2019/08/21 17:50:00",CLEMGPWF,16.568050
D,DISPATCH,UNIT_SCADA,1,"2019/08/21 17:50:00",CLERMSF1,0.50
D,DISPATCH,UNIT_SCADA,1,"2019/08/21 17:50:00",COLEASF1,0
D,DISPATCH,UNIT_SCADA,1,"2019/08/21 17:50:00",COOPGWF1,21.151150
D,DISPATCH,UNIT_SCADA,1,"2019/08/21 17:50:00",CPP_3,404.524990
D,DISPATCH,UNIT_SCADA,1,"2019/08/21 17:50:00",CPP_4,406.175020
D,DISPATCH,UNIT_SCADA,1,"2019/08/21 17:50:00",CPSA,141.403120
D,DISPATCH,UNIT_SCADA,1,"2019/08/21 17:50:00",CROOKWF2,90.783750
D,DISPATCH,UNIT_SCADA,1,"2019/08/21 17:50:00",CROWLWF1,24.373250
D,DISPATCH,UNIT_SCADA,1,"2019/08/21 17:50:00",CSPVPS1,0.6870
D,DISPATCH,UNIT_SCADA,1,"2019/08/21 17:50:00",DALNTH01,0
D,DISPATCH,UNIT_SCADA,1,"2019/08/21 17:50:00",DALNTHL1,0.071720
D,DISPATCH,UNIT_SCADA,1,"2019/08/21 17:50:00",DARTM1,132.600010
D,DISPATCH,UNIT_SCADA,1,"2019/08/21 17:50:00",DAYDSF1,4.6340
D,DISPATCH,UNIT_SCADA,1,"2019/08/21 17:50:00",DDPS1,351.094910
D,DISPATCH,UNIT_SCADA,1,"2019/08/21 17:50:00",DDSF1,0
D,DISPATCH,UNIT_SCADA,1,"2019/08/21 17:50:00",DEVILS_G,0
D,DISPATCH,UNIT_SCADA,1,"2019/08/21 17:50:00",DG_NSW1,0
D,DISPATCH,UNIT_SCADA,1,"2019/08/21 17:50:00",DG_QLD1,0
D,DISPATCH,UNIT_SCADA,1,"2019/08/21 17:50:00",DG_SA1,0
D,DISPATCH,UNIT_SCADA,1,"2019/08/21 17:50:00",DG_TAS1,0
D,DISPATCH,UNIT_SCADA,1,"2019/08/21 17:50:00",DG_VIC1,0
D,DISPATCH,UNIT_SCADA,1,"2019/08/21 17:50:00",DRYCGT1,0
D,DISPATCH,UNIT_SCADA,1,"2019/08/21 17:50:00",DRYCGT2,0
D,DISPATCH,UNIT_SCADA,1,"2019/08/21 17:50:00",DRYCGT3,0
D,DISPATCH,UNIT_SCADA,1,"2019/08/21 17:50:00",EILDON1,0
D,DISPATCH,UNIT_SCADA,1,"2019/08/21 17:50:00",EILDON2,0
D,DISPATCH,UNIT_SCADA,1,"2019/08/21 17:50:00",EMERASF1,0.43
D,DISPATCH,UNIT_SCADA,1,"2019/08/21 17:50:00",ER01,579.8750
D,DISPATCH,UNIT_SCADA,1,"2019/08/21 17:50:00",ER02,606.400020
D,DISPATCH,UNIT_SCADA,1,"2019/08/21 17:50:00",ER03,699.474980
D,DISPATCH,UNIT_SCADA,1,"2019/08/21 17:50:00",ER04,686.699950
D,DISPATCH,UNIT_SCADA,1,"2019/08/21 17:50:00",FINLYSF1,0
D,DISPATCH,UNIT_SCADA,1,"2019/08/21 17:50:00",FISHER,45.60
D,DISPATCH,UNIT_SCADA,1,"2019/08/21 17:50:00",GANNBG1,2.568050
D,DISPATCH,UNIT_SCADA,1,"2019/08/21 17:50:00",GANNBL1,0
D,DISPATCH,UNIT_SCADA,1,"2019/08/21 17:50:00",GANNSF1,0.10
D,DISPATCH,UNIT_SCADA,1,"2019/08/21 17:50:00",GORDON,111.315120
D,DISPATCH,UNIT_SCADA,1,"2019/08/21 17:50:00",GSTONE1,222.25
D,DISPATCH,UNIT_SCADA,1,"2019/08/21 17:50:00",GSTONE2,220.3250
D,DISPATCH,UNIT_SCADA,1,"2019/08/21 17:50:00",GSTONE3,235.899990
D,DISPATCH,UNIT_SCADA,1,"2019/08/21 17:50:00",GSTONE4,222.4250
D,DISPATCH,UNIT_SCADA,1,"2019/08/21 17:50:00",GSTONE5,221.899990
D,DISPATCH,UNIT_SCADA,1,"2019/08/21 17:50:00",GSTONE6,0
D,DISPATCH,UNIT_SCADA,1,"2019/08/21 17:50:00",GULLRSF1,0
D,DISPATCH,UNIT_SCADA,1,"2019/08/21 17:50:00",GULLRWF1,156.595580
D,DISPATCH,UNIT_SCADA,1,"2019/08/21 17:50:00",GUNNING1,46.496040
D,DISPATCH,UNIT_SCADA,1,"2019/08/21 17:50:00",GUTHEGA,31
D,DISPATCH,UNIT_SCADA,1,"2019/08/21 17:50:00",HALLWF1,56.65
D,DISPATCH,UNIT_SCADA,1,"2019/08/21 17:50:00",HALLWF2,43.97
D,DISPATCH,UNIT_SCADA,1,"2019/08/21 17:50:00",HAMISF1,0
D,DISPATCH,UNIT_SCADA,1,"2019/08/21 17:50:00",HAUGHT11,2.815360
D,DISPATCH,UNIT_SCADA,1,"2019/08/21 17:50:00",HAYMSF1,0
D,DISPATCH,UNIT_SCADA,1,"2019/08/21 17:50:00",HDWF1,49.40
D,DISPATCH,UNIT_SCADA,1,"2019/08/21 17:50:00",HDWF2,36
D,DISPATCH,UNIT_SCADA,1,"2019/08/21 17:50:00",HDWF3,57.90
D,DISPATCH,UNIT_SCADA,1,"2019/08/21 17:50:00",HPRG1,1.40
D,DISPATCH,UNIT_SCADA,1,"2019/08/21 17:50:00",HPRL1,0
D,DISPATCH,UNIT_SCADA,1,"2019/08/21 17:50:00",HUMENSW,0
D,DISPATCH,UNIT_SCADA,1,"2019/08/21 17:50:00",HUMEV,9.70
D,DISPATCH,UNIT_SCADA,1,"2019/08/21 17:50:00",HVGTS,0
D,DISPATCH,UNIT_SCADA,1,"2019/08/21 17:50:00",JBUTTERS,136.44
D,DISPATCH,UNIT_SCADA,1,"2019/08/21 17:50:00",JLA01,0.50
D,DISPATCH,UNIT_SCADA,1,"2019/08/21 17:50:00",JLA02,0
D,DISPATCH,UNIT_SCADA,1,"2019/08/21 17:50:00",JLA03,0.10
D,DISPATCH,UNIT_SCADA,1,"2019/08/21 17:50:00",JLA04,0.10
D,DISPATCH,UNIT_SCADA,1,"2019/08/21 17:50:00",JLB01,0
D,DISPATCH,UNIT_SCADA,1,"2019/08/21 17:50:00",JLB02,0.10
D,DISPATCH,UNIT_SCADA,1,"2019/08/21 17:50:00",JLB03,0
D,DISPATCH,UNIT_SCADA,1,"2019/08/21 17:50:00",KAREEYA1,21.55
D,DISPATCH,UNIT_SCADA,1,"2019/08/21 17:50:00",KAREEYA2,21.41
D,DISPATCH,UNIT_SCADA,1,"2019/08/21 17:50:00",KAREEYA3,0
D,DISPATCH,UNIT_SCADA,1,"2019/08/21 17:50:00",KAREEYA4,21.69
D,DISPATCH,UNIT_SCADA,1,"2019/08/21 17:50:00",KARSF1,2
D,DISPATCH,UNIT_SCADA,1,"2019/08/21 17:50:00",KIATAWF1,27.60
D,DISPATCH,UNIT_SCADA,1,"2019/08/21 17:50:00",KPP_1,0
D,DISPATCH,UNIT_SCADA,1,"2019/08/21 17:50:00",KSP1,7.73
D,DISPATCH,UNIT_SCADA,1,"2019/08/21 17:50:00",LADBROK1,0
D,DISPATCH,UNIT_SCADA,1,"2019/08/21 17:50:00",LADBROK2,0
D,DISPATCH,UNIT_SCADA,1,"2019/08/21 17:50:00",LD01,417.412510
D,DISPATCH,UNIT_SCADA,1,"2019/08/21 17:50:00",LD02,419.081270
D,DISPATCH,UNIT_SCADA,1,"2019/08/21 17:50:00",LD03,422.1937
D,DISPATCH,UNIT_SCADA,1,"2019/08/21 17:50:00",LD04,380.193790
D,DISPATCH,UNIT_SCADA,1,"2019/08/21 17:50:00",LEM_WIL,85.5611
D,DISPATCH,UNIT_SCADA,1,"2019/08/21 17:50:00",LGAPWF1,13.17
D,DISPATCH,UNIT_SCADA,1,"2019/08/21 17:50:00",LILYSF1,0
D,DISPATCH,UNIT_SCADA,1,"2019/08/21 17:50:00",LI_WY_CA,148.815520
D,DISPATCH,UNIT_SCADA,1,"2019/08/21 17:50:00",LKBONNY2,149.107030
D,DISPATCH,UNIT_SCADA,1,"2019/08/21 17:50:00",LKBONNY3,31.986020
D,DISPATCH,UNIT_SCADA,1,"2019/08/21 17:50:00",LK_ECHO,0
D,DISPATCH,UNIT_SCADA,1,"2019/08/21 17:50:00",LNGS1,0
D,DISPATCH,UNIT_SCADA,1,"2019/08/21 17:50:00",LNGS2,0
D,DISPATCH,UNIT_SCADA,1,"2019/08/21 17:50:00",LONSDALE,0
D,DISPATCH,UNIT_SCADA,1,"2019/08/21 17:50:00",LOYYB1,534.208860
D,DISPATCH,UNIT_SCADA,1,"2019/08/21 17:50:00",LOYYB2,583.082280
D,DISPATCH,UNIT_SCADA,1,"2019/08/21 17:50:00",LYA1,559
D,DISPATCH,UNIT_SCADA,1,"2019/08/21 17:50:00",LYA2,0
D,DISPATCH,UNIT_SCADA,1,"2019/08/21 17:50:00",LYA3,559
D,DISPATCH,UNIT_SCADA,1,"2019/08/21 17:50:00",LYA4,530
D,DISPATCH,UNIT_SCADA,1,"2019/08/21 17:50:00",MACARTH1,329.4924
D,DISPATCH,UNIT_SCADA,1,"2019/08/21 17:50:00",MACKAYGT,0
D,DISPATCH,UNIT_SCADA,1,"2019/08/21 17:50:00",MACKNTSH,84.490010
D,DISPATCH,UNIT_SCADA,1,"2019/08/21 17:50:00",MANSLR1,0
D,DISPATCH,UNIT_SCADA,1,"2019/08/21 17:50:00",MCKAY1,0.02
D,DISPATCH,UNIT_SCADA,1,"2019/08/21 17:50:00",MEADOWBK,34.0102
D,DISPATCH,UNIT_SCADA,1,"2019/08/21 17:50:00",MERCER01,94.7330
D,DISPATCH,UNIT_SCADA,1,"2019/08/21 17:50:00",MEWF1,55.638020
D,DISPATCH,UNIT_SCADA,1,"2019/08/21 17:50:00",MINTARO,0
D,DISPATCH,UNIT_SCADA,1,"2019/08/21 17:50:00",MOREESF1,0
D,DISPATCH,UNIT_SCADA,1,"2019/08/21 17:50:00",MORTLK11,0
D,DISPATCH,UNIT_SCADA,1,"2019/08/21 17:50:00",MORTLK12,0
D,DISPATCH,UNIT_SCADA,1,"2019/08/21 17:50:00",MP1,284.325070
D,DISPATCH,UNIT_SCADA,1,"2019/08/21 17:50:00",MP2,0
D,DISPATCH,UNIT_SCADA,1,"2019/08/21 17:50:00",MPP_1,302.25
D,DISPATCH,UNIT_SCADA,1,"2019/08/21 17:50:00",MPP_2,435.25
D,DISPATCH,UNIT_SCADA,1,"2019/08/21 17:50:00",MSTUART1,0
D,DISPATCH,UNIT_SCADA,1,"2019/08/21 17:50:00",MSTUART2,0
D,DISPATCH,UNIT_SCADA,1,"2019/08/21 17:50:00",MSTUART3,0
D,DISPATCH,UNIT_SCADA,1,"2019/08/21 17:50:00",MTGELWF1,64.180420
D,DISPATCH,UNIT_SCADA,1,"2019/08/21 17:50:00",MURRAY,0
D,DISPATCH,UNIT_SCADA,1,"2019/08/21 17:50:00",MUSSELR1,156.600010
D,DISPATCH,UNIT_SCADA,1,"2019/08/21 17:50:00",MUWAWF1,56.54
D,DISPATCH,UNIT_SCADA,1,"2019/08/21 17:50:00",NBHWF1,74.30
D,DISPATCH,UNIT_SCADA,1,"2019/08/21 17:50:00",NPS,321.3750
D,DISPATCH,UNIT_SCADA,1,"2019/08/21 17:50:00",NUMURSF1,0.12
D,DISPATCH,UNIT_SCADA,1,"2019/08/21 17:50:00",NYNGAN1,0
D,DISPATCH,UNIT_SCADA,1,"2019/08/21 17:50:00",OAKEY1,0
D,DISPATCH,UNIT_SCADA,1,"2019/08/21 17:50:00",OAKEY1SF,0.0510
D,DISPATCH,UNIT_SCADA,1,"2019/08/21 17:50:00",OAKEY2,0
D,DISPATCH,UNIT_SCADA,1,"2019/08/21 17:50:00",OAKLAND1,52.60
D,DISPATCH,UNIT_SCADA,1,"2019/08/21 17:50:00",OSB-AG,0
D,DISPATCH,UNIT_SCADA,1,"2019/08/21 17:50:00",PARSF1,0
D,DISPATCH,UNIT_SCADA,1,"2019/08/21 17:50:00",POAT110,41.7412
D,DISPATCH,UNIT_SCADA,1,"2019/08/21 17:50:00",POAT220,93.766560
D,DISPATCH,UNIT_SCADA,1,"2019/08/21 17:50:00",POR01,0
D,DISPATCH,UNIT_SCADA,1,"2019/08/21 17:50:00",POR03,0
D,DISPATCH,UNIT_SCADA,1,"2019/08/21 17:50:00",PPCCGT,358.105990
D,DISPATCH,UNIT_SCADA,1,"2019/08/21 17:50:00",PTSTAN1,0
D,DISPATCH,UNIT_SCADA,1,"2019/08/21 17:50:00",PUMP1,0
D,DISPATCH,UNIT_SCADA,1,"2019/08/21 17:50:00",PUMP2,0
D,DISPATCH,UNIT_SCADA,1,"2019/08/21 17:50:00",QPS1,0
D,DISPATCH,UNIT_SCADA,1,"2019/08/21 17:50:00",QPS2,0
D,DISPATCH,UNIT_SCADA,1,"2019/08/21 17:50:00",QPS3,0
D,DISPATCH,UNIT_SCADA,1,"2019/08/21 17:50:00",QPS4,0
D,DISPATCH,UNIT_SCADA,1,"2019/08/21 17:50:00",QPS5,0
D,DISPATCH,UNIT_SCADA,1,"2019/08/21 17:50:00",REECE1,115.670010
D,DISPATCH,UNIT_SCADA,1,"2019/08/21 17:50:00",REECE2,114.110010
D,DISPATCH,UNIT_SCADA,1,"2019/08/21 17:50:00",ROMA_7,0
D,DISPATCH,UNIT_SCADA,1,"2019/08/21 17:50:00",ROMA_8,0
D,DISPATCH,UNIT_SCADA,1,"2019/08/21 17:50:00",RRSF1,0
D,DISPATCH,UNIT_SCADA,1,"2019/08/21 17:50:00",RT_NSW1,0
D,DISPATCH,UNIT_SCADA,1,"2019/08/21 17:50:00",RT_NSW2,0
D,DISPATCH,UNIT_SCADA,1,"2019/08/21 17:50:00",RT_NSW3,0
D,DISPATCH,UNIT_SCADA,1,"2019/08/21 17:50:00",RT_NSW4,0
D,DISPATCH,UNIT_SCADA,1,"2019/08/21 17:50:00",RT_NSW5,0
D,DISPATCH,UNIT_SCADA,1,"2019/08/21 17:50:00",RT_NSW6,0
D,DISPATCH,UNIT_SCADA,1,"2019/08/21 17:50:00",RT_QLD1,0
D,DISPATCH,UNIT_SCADA,1,"2019/08/21 17:50:00",RT_SA1,0
D,DISPATCH,UNIT_SCADA,1,"2019/08/21 17:50:00",RT_SA2,0
D,DISPATCH,UNIT_SCADA,1,"2019/08/21 17:50:00",RT_SA3,0
D,DISPATCH,UNIT_SCADA,1,"2019/08/21 17:50:00",RT_SA4,0
D,DISPATCH,UNIT_SCADA,1,"2019/08/21 17:50:00",RT_SA5,0
D,DISPATCH,UNIT_SCADA,1,"2019/08/21 17:50:00",RT_SA6,0
D,DISPATCH,UNIT_SCADA,1,"2019/08/21 17:50:00",RT_TAS1,0
D,DISPATCH,UNIT_SCADA,1,"2019/08/21 17:50:00",RT_VIC1,0
D,DISPATCH,UNIT_SCADA,1,"2019/08/21 17:50:00",RT_VIC10,0
D,DISPATCH,UNIT_SCADA,1,"2019/08/21 17:50:00",RT_VIC11,0
D,DISPATCH,UNIT_SCADA,1,"2019/08/21 17:50:00",RT_VIC12,0
D,DISPATCH,UNIT_SCADA,1,"2019/08/21 17:50:00",RT_VIC2,0
D,DISPATCH,UNIT_SCADA,1,"2019/08/21 17:50:00",RT_VIC3,0
D,DISPATCH,UNIT_SCADA,1,"2019/08/21 17:50:00",RT_VIC4,0
D,DISPATCH,UNIT_SCADA,1,"2019/08/21 17:50:00",RT_VIC5,0
D,DISPATCH,UNIT_SCADA,1,"2019/08/21 17:50:00",RT_VIC6,0
D,DISPATCH,UNIT_SCADA,1,"2019/08/21 17:50:00",RT_VIC7,0
D,DISPATCH,UNIT_SCADA,1,"2019/08/21 17:50:00",RT_VIC8,0
D,DISPATCH,UNIT_SCADA,1,"2019/08/21 17:50:00",RT_VIC9,0
D,DISPATCH,UNIT_SCADA,1,"2019/08/21 17:50:00",RUGBYR1,0
D,DISPATCH,UNIT_SCADA,1,"2019/08/21 17:50:00",SALTCRK1,52.07
D,DISPATCH,UNIT_SCADA,1,"2019/08/21 17:50:00",SAPHWF1,138.131260
D,DISPATCH,UNIT_SCADA,1,"2019/08/21 17:50:00",SHGEN,0
D,DISPATCH,UNIT_SCADA,1,"2019/08/21 17:50:00",SHPUMP,0
D,DISPATCH,UNIT_SCADA,1,"2019/08/21 17:50:00",SITHE01,0.083520
D,DISPATCH,UNIT_SCADA,1,"2019/08/21 17:50:00",SMCSF1,0
D,DISPATCH,UNIT_SCADA,1,"2019/08/21 17:50:00",SNOWNTH1,48.50
D,DISPATCH,UNIT_SCADA,1,"2019/08/21 17:50:00",SNOWSTH1,79.80
D,DISPATCH,UNIT_SCADA,1,"2019/08/21 17:50:00",SNOWTWN1,36.968150
D,DISPATCH,UNIT_SCADA,1,"2019/08/21 17:50:00",SNOWYP,0
D,DISPATCH,UNIT_SCADA,1,"2019/08/21 17:50:00",SNUG1,0.019440
D,DISPATCH,UNIT_SCADA,1,"2019/08/21 17:50:00",SRSF1,0.44
D,DISPATCH,UNIT_SCADA,1,"2019/08/21 17:50:00",STAN-1,0
D,DISPATCH,UNIT_SCADA,1,"2019/08/21 17:50:00",STAN-2,345.208980
D,DISPATCH,UNIT_SCADA,1,"2019/08/21 17:50:00",STAN-3,338.454010
D,DISPATCH,UNIT_SCADA,1,"2019/08/21 17:50:00",STAN-4,345.285890
D,DISPATCH,UNIT_SCADA,1,"2019/08/21 17:50:00",STWF1,34.503750
D,DISPATCH,UNIT_SCADA,1,"2019/08/21 17:50:00",SWAN_E,0
D,DISPATCH,UNIT_SCADA,1,"2019/08/21 17:50:00",TALWA1,408
D,DISPATCH,UNIT_SCADA,1,"2019/08/21 17:50:00",TARALGA1,95.898770
D,DISPATCH,UNIT_SCADA,1,"2019/08/21 17:50:00",TARONG#1,343.399990
D,DISPATCH,UNIT_SCADA,1,"2019/08/21 17:50:00",TARONG#2,342.899990
D,DISPATCH,UNIT_SCADA,1,"2019/08/21 17:50:00",TARONG#3,260.800020
D,DISPATCH,UNIT_SCADA,1,"2019/08/21 17:50:00",TARONG#4,348.700010
D,DISPATCH,UNIT_SCADA,1,"2019/08/21 17:50:00",TARRALEA,84
D,DISPATCH,UNIT_SCADA,1,"2019/08/21 17:50:00",TBSF1,9.80
D,DISPATCH,UNIT_SCADA,1,"2019/08/21 17:50:00",TNPS1,442.000030
D,DISPATCH,UNIT_SCADA,1,"2019/08/21 17:50:00",TORRA1,87.788420
D,DISPATCH,UNIT_SCADA,1,"2019/08/21 17:50:00",TORRA2,0
D,DISPATCH,UNIT_SCADA,1,"2019/08/21 17:50:00",TORRA3,0
D,DISPATCH,UNIT_SCADA,1,"2019/08/21 17:50:00",TORRA4,0
D,DISPATCH,UNIT_SCADA,1,"2019/08/21 17:50:00",TORRB1,100.88
D,DISPATCH,UNIT_SCADA,1,"2019/08/21 17:50:00",TORRB2,148.649990
D,DISPATCH,UNIT_SCADA,1,"2019/08/21 17:50:00",TORRB3,0
D,DISPATCH,UNIT_SCADA,1,"2019/08/21 17:50:00",TORRB4,0
D,DISPATCH,UNIT_SCADA,1,"2019/08/21 17:50:00",TREVALLN,67.740030
D,DISPATCH,UNIT_SCADA,1,"2019/08/21 17:50:00",TRIBUTE,83.05
D,DISPATCH,UNIT_SCADA,1,"2019/08/21 17:50:00",TUMUT3,723
D,DISPATCH,UNIT_SCADA,1,"2019/08/21 17:50:00",TUNGATIN,131.350040
D,DISPATCH,UNIT_SCADA,1,"2019/08/21 17:50:00",TVCC201,0
D,DISPATCH,UNIT_SCADA,1,"2019/08/21 17:50:00",TVPP104,0
D,DISPATCH,UNIT_SCADA,1,"2019/08/21 17:50:00",UPPTUMUT,0
D,DISPATCH,UNIT_SCADA,1,"2019/08/21 17:50:00",URANQ11,0
D,DISPATCH,UNIT_SCADA,1,"2019/08/21 17:50:00",URANQ12,0
D,DISPATCH,UNIT_SCADA,1,"2019/08/21 17:50:00",URANQ13,0
D,DISPATCH,UNIT_SCADA,1,"2019/08/21 17:50:00",URANQ14,0
D,DISPATCH,UNIT_SCADA,1,"2019/08/21 17:50:00",VP5,621.899960
D,DISPATCH,UNIT_SCADA,1,"2019/08/21 17:50:00",VP6,577.924990
D,DISPATCH,UNIT_SCADA,1,"2019/08/21 17:50:00",VPGS1,0
D,DISPATCH,UNIT_SCADA,1,"2019/08/21 17:50:00",VPGS2,0
D,DISPATCH,UNIT_SCADA,1,"2019/08/21 17:50:00",VPGS3,0
D,DISPATCH,UNIT_SCADA,1,"2019/08/21 17:50:00",VPGS4,0
D,DISPATCH,UNIT_SCADA,1,"2019/08/21 17:50:00",VPGS5,0
D,DISPATCH,UNIT_SCADA,1,"2019/08/21 17:50:00",VPGS6,0
D,DISPATCH,UNIT_SCADA,1,"2019/08/21 17:50:00",W/HOE#1,0
D,DISPATCH,UNIT_SCADA,1,"2019/08/21 17:50:00",W/HOE#2,0
D,DISPATCH,UNIT_SCADA,1,"2019/08/21 17:50:00",WATERLWF,92.20
D,DISPATCH,UNIT_SCADA,1,"2019/08/21 17:50:00",WEMENSF1,1.30
D,DISPATCH,UNIT_SCADA,1,"2019/08/21 17:50:00",WGWF1,70.80
D,DISPATCH,UNIT_SCADA,1,"2019/08/21 17:50:00",WHITSF1,0
D,DISPATCH,UNIT_SCADA,1,"2019/08/21 17:50:00",WKIEWA1,0
D,DISPATCH,UNIT_SCADA,1,"2019/08/21 17:50:00",WKIEWA2,0.10
D,DISPATCH,UNIT_SCADA,1,"2019/08/21 17:50:00",WOODLWN1,44.972990
D,DISPATCH,UNIT_SCADA,1,"2019/08/21 17:50:00",WRSF1,0
D,DISPATCH,UNIT_SCADA,1,"2019/08/21 17:50:00",WRWF1,140.9425
D,DISPATCH,UNIT_SCADA,1,"2019/08/21 17:50:00",YABULU,0
D,DISPATCH,UNIT_SCADA,1,"2019/08/21 17:50:00",YABULU2,0
D,DISPATCH,UNIT_SCADA,1,"2019/08/21 17:50:00",YARWUN_1,0
D,DISPATCH,UNIT_SCADA,1,"2019/08/21 17:50:00",YENDWF1,42.16
D,DISPATCH,UNIT_SCADA,1,"2019/08/21 17:50:00",YWPS1,381.202550
D,DISPATCH,UNIT_SCADA,1,"2019/08/21 17:50:00",YWPS2,281.200010
D,DISPATCH,UNIT_SCADA,1,"2019/08/21 17:50:00",YWPS3,0
D,DISPATCH,UNIT_SCADA,1,"2019/08/21 17:50:00",YWPS4,392.697480
C,"END OF REPORT",334
