C,NEMP.WORLD,DISPATCHSCADA,AEMO,PUBLIC,2019/08/21,05:30:10,0000000311813718,DISPATCHSCADA,0000000311813712
I,DISPATCH,UNIT_SCADA,1,SETTLEMENTDATE,DUID,SCADAVALUE
D,DISPATCH,UNIT_SCADA,1,"2019/08/21 05:35:00",BARCSF1,0.50
D,DISPATCH,UNIT_SCADA,1,"2019/08/21 05:35:00",BUTLERSG,9.799998
D,DISPATCH,UNIT_SCADA,1,"2019/08/21 05:35:00",CALL_A_4,0
D,DISPATCH,UNIT_SCADA,1,"2019/08/21 05:35:00",CAPTL_WF,119.931999
D,DISPATCH,UNIT_SCADA,1,"2019/08/21 05:35:00",CATHROCK,43.649998
D,DISPATCH,UNIT_SCADA,1,"2019/08/21 05:35:00",CHALLHWF,42.800003
D,DISPATCH,UNIT_SCADA,1,"2019/08/21 05:35:00",CLOVER,-0.02
D,DISPATCH,UNIT_SCADA,1,"2019/08/21 05:35:00",CLUNY,20.235752
D,DISPATCH,UNIT_SCADA,1,"2019/08/21 05:35:00",CNUNDAWF,39.646248
D,DISPATCH,UNIT_SCADA,1,"2019/08/21 05:35:00",CULLRGWF,28.32
D,DISPATCH,UNIT_SCADA,1,"2019/08/21 05:35:00",ERGT01,0
D,DISPATCH,UNIT_SCADA,1,"2019/08/21 05:35:00",GB01,0.060360
D,DISPATCH,UNIT_SCADA,1,"2019/08/21 05:35:00",GERMCRK,38.700001
D,DISPATCH,UNIT_SCADA,1,"2019/08/21 05:35:00",GRIFSF1,0
D,DISPATCH,UNIT_SCADA,1,"2019/08/21 05:35:00",HUGSF1,-0.2040
D,DISPATCH,UNIT_SCADA,1,"2019/08/21 05:35:00",LKBONNY1,72.965752
D,DISPATCH,UNIT_SCADA,1,"2019/08/21 05:35:00",LRSF1,0.0290
D,DISPATCH,UNIT_SCADA,1,"2019/08/21 05:35:00",MBAHNTH,55.856247
D,DISPATCH,UNIT_SCADA,1,"2019/08/21 05:35:00",MLSP1,0.283001
D,DISPATCH,UNIT_SCADA,1,"2019/08/21 05:35:00",MLWF1,18.60
D,DISPATCH,UNIT_SCADA,1,"2019/08/21 05:35:00",MTMILLAR,27.912359
D,DISPATCH,UNIT_SCADA,1,"2019/08/21 05:35:00",PALOONA,27.049999
D,DISPATCH,UNIT_SCADA,1,"2019/08/21 05:35:00",PIONEER,34.50
D,DISPATCH,UNIT_SCADA,1,"2019/08/21 05:35:00",PORTWF,136
D,DISPATCH,UNIT_SCADA,1,"2019/08/21 05:35:00",REPULSE,29.336996
D,DISPATCH,UNIT_SCADA,1,"2019/08/21 05:35:00",ROWALLAN,10.2240
D,DISPATCH,UNIT_SCADA,1,"2019/08/21 05:35:00",ROYALLA1,0
D,DISPATCH,UNIT_SCADA,1,"2019/08/21 05:35:00",RPCG,11.20
D,DISPATCH,UNIT_SCADA,1,"2019/08/21 05:35:00",RUBICON,0
D,DISPATCH,UNIT_SCADA,1,"2019/08/21 05:35:00",SATGN1,0
D,DISPATCH,UNIT_SCADA,1,"2019/08/21 05:35:00",SATGS1,0
D,DISPATCH,UNIT_SCADA,1,"2019/08/21 05:35:00",STARHLWF,5.498397
D,DISPATCH,UNIT_SCADA,1,"2019/08/21 05:35:00",WAUBRAWF,178.531998
D,DISPATCH,UNIT_SCADA,1,"2019/08/21 05:35:00",WOOLNTH1,50.410019
D,DISPATCH,UNIT_SCADA,1,"2019/08/21 05:35:00",WPWF,32
D,DISPATCH,UNIT_SCADA,1,"2019/08/21 05:35:00",YAMBUKWF,29.90
D,DISPATCH,UNIT_SCADA,1,"2019/08/21 05:35:00",YSWF1,28.10
D,DISPATCH,UNIT_SCADA,1,"2019/08/21 05:35:00",AGLHAL,0
D,DISPATCH,UNIT_SCADA,1,"2019/08/21 05:35:00",AGLSOM,0
D,DISPATCH,UNIT_SCADA,1,"2019/08/21 05:35:00",ANGAST1,0
D,DISPATCH,UNIT_SCADA,1,"2019/08/21 05:35:00",ARWF1,120.10
D,DISPATCH,UNIT_SCADA,1,"2019/08/21 05:35:00",BALBG1,0
D,DISPATCH,UNIT_SCADA,1,"2019/08/21 05:35:00",BALBL1,2.80
D,DISPATCH,UNIT_SCADA,1,"2019/08/21 05:35:00",BALDHWF1,44.4870
D,DISPATCH,UNIT_SCADA,1,"2019/08/21 05:35:00",BANN1,0
D,DISPATCH,UNIT_SCADA,1,"2019/08/21 05:35:00",BARCALDN,0
D,DISPATCH,UNIT_SCADA,1,"2019/08/21 05:35:00",BARRON-1,0
D,DISPATCH,UNIT_SCADA,1,"2019/08/21 05:35:00",BARRON-2,0
D,DISPATCH,UNIT_SCADA,1,"2019/08/21 05:35:00",BASTYAN,79.460010
D,DISPATCH,UNIT_SCADA,1,"2019/08/21 05:35:00",BBTHREE1,-1.85
D,DISPATCH,UNIT_SCADA,1,"2019/08/21 05:35:00",BBTHREE2,-1.88
D,DISPATCH,UNIT_SCADA,1,"2019/08/21 05:35:00",BBTHREE3,-1
D,DISPATCH,UNIT_SCADA,1,"2019/08/21 05:35:00",BDL01,0
D,DISPATCH,UNIT_SCADA,1,"2019/08/21 05:35:00",BDL02,0
D,DISPATCH,UNIT_SCADA,1,"2019/08/21 05:35:00",BERYLSF1,0
D,DISPATCH,UNIT_SCADA,1,"2019/08/21 05:35:00",BLOWERNG,0
D,DISPATCH,UNIT_SCADA,1,"2019/08/21 05:35:00",BLUFF1,49.60
D,DISPATCH,UNIT_SCADA,1,"2019/08/21 05:35:00",BNGSF1,0
D,DISPATCH,UNIT_SCADA,1,"2019/08/21 05:35:00",BNGSF2,0
D,DISPATCH,UNIT_SCADA,1,"2019/08/21 05:35:00",BOCORWF1,101.80
D,DISPATCH,UNIT_SCADA,1,"2019/08/21 05:35:00",BODWF1,70.240450
D,DISPATCH,UNIT_SCADA,1,"2019/08/21 05:35:00",BRAEMAR1,0
D,DISPATCH,UNIT_SCADA,1,"2019/08/21 05:35:00",BRAEMAR2,0
D,DISPATCH,UNIT_SCADA,1,"2019/08/21 05:35:00",BRAEMAR3,0
D,DISPATCH,UNIT_SCADA,1,"2019/08/21 05:35:00",BRAEMAR5,0
D,DISPATCH,UNIT_SCADA,1,"2019/08/21 05:35:00",BRAEMAR6,0
D,DISPATCH,UNIT_SCADA,1,"2019/08/21 05:35:00",BRAEMAR7,0
D,DISPATCH,UNIT_SCADA,1,"2019/08/21 05:35:00",BROKENH1,0
D,DISPATCH,UNIT_SCADA,1,"2019/08/21 05:35:00",BW01,519.099980
D,DISPATCH,UNIT_SCADA,1,"2019/08/21 05:35:00",BW02,571.400020
D,DISPATCH,UNIT_SCADA,1,"2019/08/21 05:35:00",BW03,584.1250
D,DISPATCH,UNIT_SCADA,1,"2019/08/21 05:35:00",BW04,0
D,DISPATCH,UNIT_SCADA,1,"2019/08/21 05:35:00",CALL_B_1,349.800020
D,DISPATCH,UNIT_SCADA,1,"2019/08/21 05:35:00",CALL_B_2,285
D,DISPATCH,UNIT_SCADA,1,"2019/08/21 05:35:00",CETHANA,95.130870
D,DISPATCH,UNIT_SCADA,1,"2019/08/21 05:35:00",CG1,0
D,DISPATCH,UNIT_SCADA,1,"2019/08/21 05:35:00",CG2,0
D,DISPATCH,UNIT_SCADA,1,"2019/08/21 05:35:00",CG3,0
D,DISPATCH,UNIT_SCADA,1,"2019/08/21 05:35:00",CG4,0
D,DISPATCH,UNIT_SCADA,1,"2019/08/21 05:35:00",CHILDSF1,0
D,DISPATCH,UNIT_SCADA,1,"2019/08/21 05:35:00",CLARESF1,0
D,DISPATCH,UNIT_SCADA,1,"2019/08/21 05:35:00",CLEMGPWF,7.995890
D,DISPATCH,UNIT_SCADA,1,"2019/08/21 05:35:00",CLERMSF1,0
D,DISPATCH,UNIT_SCADA,1,"2019/08/21 05:35:00",COLEASF1,0
D,DISPATCH,UNIT_SCADA,1,"2019/08/21 05:35:00",COOPGWF1,37.946630
D,DISPATCH,UNIT_SCADA,1,"2019/08/21 05:35:00",CPP_3,403.975010
D,DISPATCH,UNIT_SCADA,1,"2019/08/21 05:35:00",CPP_4,406.725010
D,DISPATCH,UNIT_SCADA,1,"2019/08/21 05:35:00",CPSA,141.515630
D,DISPATCH,UNIT_SCADA,1,"2019/08/21 05:35:00",CROOKWF2,90.003750
D,DISPATCH,UNIT_SCADA,1,"2019/08/21 05:35:00",CROWLWF1,30.693380
D,DISPATCH,UNIT_SCADA,1,"2019/08/21 05:35:00",CSPVPS1,0
D,DISPATCH,UNIT_SCADA,1,"2019/08/21 05:35:00",DALNTH01,0
D,DISPATCH,UNIT_SCADA,1,"2019/08/21 05:35:00",DALNTHL1,0.068670
D,DISPATCH,UNIT_SCADA,1,"2019/08/21 05:35:00",DARTM1,0
D,DISPATCH,UNIT_SCADA,1,"2019/08/21 05:35:00",DAYDSF1,0
D,DISPATCH,UNIT_SCADA,1,"2019/08/21 05:35:00",DDPS1,0
D,DISPATCH,UNIT_SCADA,1,"2019/08/21 05:35:00",DDSF1,0
D,DISPATCH,UNIT_SCADA,1,"2019/08/21 05:35:00",DEVILS_G,63.283180
D,DISPATCH,UNIT_SCADA,1,"2019/08/21 05:35:00",DG_NSW1,0
D,DISPATCH,UNIT_SCADA,1,"2019/08/21 05:35:00",DG_QLD1,0
D,DISPATCH,UNIT_SCADA,1,"2019/08/21 05:35:00",DG_SA1,0
D,DISPATCH,UNIT_SCADA,1,"2019/08/21 05:35:00",DG_TAS1,0
D,DISPATCH,UNIT_SCADA,1,"2019/08/21 05:35:00",DG_VIC1,0
D,DISPATCH,UNIT_SCADA,1,"2019/08/21 05:35:00",DRYCGT1,0
D,DISPATCH,UNIT_SCADA,1,"2019/08/21 05:35:00",DRYCGT2,0
D,DISPATCH,UNIT_SCADA,1,"2019/08/21 05:35:00",DRYCGT3,0
D,DISPATCH,UNIT_SCADA,1,"2019/08/21 05:35:00",EILDON1,0
D,DISPATCH,UNIT_SCADA,1,"2019/08/21 05:35:00",EILDON2,0
D,DISPATCH,UNIT_SCADA,1,"2019/08/21 05:35:00",EMERASF1,0
D,DISPATCH,UNIT_SCADA,1,"2019/08/21 05:35:00",ER01,438.724980
D,DISPATCH,UNIT_SCADA,1,"2019/08/21 05:35:00",ER02,439.775020
D,DISPATCH,UNIT_SCADA,1,"2019/08/21 05:35:00",ER03,598.775020
D,DISPATCH,UNIT_SCADA,1,"2019/08/21 05:35:00",ER04,439.449950
D,DISPATCH,UNIT_SCADA,1,"2019/08/21 05:35:00",FINLYSF1,0
D,DISPATCH,UNIT_SCADA,1,"2019/08/21 05:35:00",FISHER,45.85
D,DISPATCH,UNIT_SCADA,1,"2019/08/21 05:35:00",GANNBG1,0
D,DISPATCH,UNIT_SCADA,1,"2019/08/21 05:35:00",GANNBL1,10.008910
D,DISPATCH,UNIT_SCADA,1,"2019/08/21 05:35:00",GANNSF1,0
D,DISPATCH,UNIT_SCADA,1,"2019/08/21 05:35:00",GORDON,0
D,DISPATCH,UNIT_SCADA,1,"2019/08/21 05:35:00",GSTONE1,139.30
D,DISPATCH,UNIT_SCADA,1,"2019/08/21 05:35:00",GSTONE2,154.349990
D,DISPATCH,UNIT_SCADA,1,"2019/08/21 05:35:00",GSTONE3,134.399990
D,DISPATCH,UNIT_SCADA,1,"2019/08/21 05:35:00",GSTONE4,144.55
D,DISPATCH,UNIT_SCADA,1,"2019/08/21 05:35:00",GSTONE5,141.9250
D,DISPATCH,UNIT_SCADA,1,"2019/08/21 05:35:00",GSTONE6,0
D,DISPATCH,UNIT_SCADA,1,"2019/08/21 05:35:00",GULLRSF1,0
D,DISPATCH,UNIT_SCADA,1,"2019/08/21 05:35:00",GULLRWF1,162.094240
D,DISPATCH,UNIT_SCADA,1,"2019/08/21 05:35:00",GUNNING1,46.311950
D,DISPATCH,UNIT_SCADA,1,"2019/08/21 05:35:00",GUTHEGA,0
D,DISPATCH,UNIT_SCADA,1,"2019/08/21 05:35:00",HALLWF1,79.14
D,DISPATCH,UNIT_SCADA,1,"2019/08/21 05:35:00",HALLWF2,61.27
D,DISPATCH,UNIT_SCADA,1,"2019/08/21 05:35:00",HAMISF1,0
D,DISPATCH,UNIT_SCADA,1,"2019/08/21 05:35:00",HAUGHT11,0
D,DISPATCH,UNIT_SCADA,1,"2019/08/21 05:35:00",HAYMSF1,0
D,DISPATCH,UNIT_SCADA,1,"2019/08/21 05:35:00",HDWF1,62.60
D,DISPATCH,UNIT_SCADA,1,"2019/08/21 05:35:00",HDWF2,45.30
D,DISPATCH,UNIT_SCADA,1,"2019/08/21 05:35:00",HDWF3,55.10
D,DISPATCH,UNIT_SCADA,1,"2019/08/21 05:35:00",HPRG1,1.20
D,DISPATCH,UNIT_SCADA,1,"2019/08/21 05:35:00",HPRL1,0
D,DISPATCH,UNIT_SCADA,1,"2019/08/21 05:35:00",HUMENSW,0
D,DISPATCH,UNIT_SCADA,1,"2019/08/21 05:35:00",HUMEV,9.20
D,DISPATCH,UNIT_SCADA,1,"2019/08/21 05:35:00",HVGTS,0
D,DISPATCH,UNIT_SCADA,1,"2019/08/21 05:35:00",JBUTTERS,0
D,DISPATCH,UNIT_SCADA,1,"2019/08/21 05:35:00",JLA01,0.50
D,DISPATCH,UNIT_SCADA,1,"2019/08/21 05:35:00",JLA02,0
D,DISPATCH,UNIT_SCADA,1,"2019/08/21 05:35:00",JLA03,0.10
D,DISPATCH,UNIT_SCADA,1,"2019/08/21 05:35:00",JLA04,0.10
D,DISPATCH,UNIT_SCADA,1,"2019/08/21 05:35:00",JLB01,0
D,DISPATCH,UNIT_SCADA,1,"2019/08/21 05:35:00",JLB02,0.10
D,DISPATCH,UNIT_SCADA,1,"2019/08/21 05:35:00",JLB03,0
D,DISPATCH,UNIT_SCADA,1,"2019/08/21 05:35:00",KAREEYA1,21.4625
D,DISPATCH,UNIT_SCADA,1,"2019/08/21 05:35:00",KAREEYA2,21.6450
D,DISPATCH,UNIT_SCADA,1,"2019/08/21 05:35:00",KAREEYA3,0
D,DISPATCH,UNIT_SCADA,1,"2019/08/21 05:35:00",KAREEYA4,21.6975
D,DISPATCH,UNIT_SCADA,1,"2019/08/21 05:35:00",KARSF1,0
D,DISPATCH,UNIT_SCADA,1,"2019/08/21 05:35:00",KIATAWF1,31
D,DISPATCH,UNIT_SCADA,1,"2019/08/21 05:35:00",KPP_1,0
D,DISPATCH,UNIT_SCADA,1,"2019/08/21 05:35:00",KSP1,0
D,DISPATCH,UNIT_SCADA,1,"2019/08/21 05:35:00",LADBROK1,0
D,DISPATCH,UNIT_SCADA,1,"2019/08/21 05:35:00",LADBROK2,0
D,DISPATCH,UNIT_SCADA,1,"2019/08/21 05:35:00",LD01,346.856230
D,DISPATCH,UNIT_SCADA,1,"2019/08/21 05:35:00",LD02,298.6312
D,DISPATCH,UNIT_SCADA,1,"2019/08/21 05:35:00",LD03,320.474950
D,DISPATCH,UNIT_SCADA,1,"2019/08/21 05:35:00",LD04,346.443790
D,DISPATCH,UNIT_SCADA,1,"2019/08/21 05:35:00",LEM_WIL,85.970650
D,DISPATCH,UNIT_SCADA,1,"2019/08/21 05:35:00",LGAPWF1,10.70
D,DISPATCH,UNIT_SCADA,1,"2019/08/21 05:35:00",LILYSF1,0
D,DISPATCH,UNIT_SCADA,1,"2019/08/21 05:35:00",LI_WY_CA,148.139370
D,DISPATCH,UNIT_SCADA,1,"2019/08/21 05:35:00",LKBONNY2,137.395840
D,DISPATCH,UNIT_SCADA,1,"2019/08/21 05:35:00",LKBONNY3,37.065820
D,DISPATCH,UNIT_SCADA,1,"2019/08/21 05:35:00",LK_ECHO,0
D,DISPATCH,UNIT_SCADA,1,"2019/08/21 05:35:00",LNGS1,0
D,DISPATCH,UNIT_SCADA,1,"2019/08/21 05:35:00",LNGS2,0
D,DISPATCH,UNIT_SCADA,1,"2019/08/21 05:35:00",LONSDALE,0
D,DISPATCH,UNIT_SCADA,1,"2019/08/21 05:35:00",LOYYB1,536.088620
D,DISPATCH,UNIT_SCADA,1,"2019/08/21 05:35:00",LOYYB2,580.8266
D,DISPATCH,UNIT_SCADA,1,"2019/08/21 05:35:00",LYA1,521
D,DISPATCH,UNIT_SCADA,1,"2019/08/21 05:35:00",LYA2,0
D,DISPATCH,UNIT_SCADA,1,"2019/08/21 05:35:00",LYA3,561
D,DISPATCH,UNIT_SCADA,1,"2019/08/21 05:35:00",LYA4,539
D,DISPATCH,UNIT_SCADA,1,"2019/08/21 05:35:00",MACARTH1,353.291840
D,DISPATCH,UNIT_SCADA,1,"2019/08/21 05:35:00",MACKAYGT,0
D,DISPATCH,UNIT_SCADA,1,"2019/08/21 05:35:00",MACKNTSH,28.23
D,DISPATCH,UNIT_SCADA,1,"2019/08/21 05:35:00",MANSLR1,0
D,DISPATCH,UNIT_SCADA,1,"2019/08/21 05:35:00",MCKAY1,0.02
D,DISPATCH,UNIT_SCADA,1,"2019/08/21 05:35:00",MEADOWBK,34.181680
D,DISPATCH,UNIT_SCADA,1,"2019/08/21 05:35:00",MERCER01,129.5340
D,DISPATCH,UNIT_SCADA,1,"2019/08/21 05:35:00",MEWF1,118.554630
D,DISPATCH,UNIT_SCADA,1,"2019/08/21 05:35:00",MINTARO,0
D,DISPATCH,UNIT_SCADA,1,"2019/08/21 05:35:00",MOREESF1,0
D,DISPATCH,UNIT_SCADA,1,"2019/08/21 05:35:00",MORTLK11,0
D,DISPATCH,UNIT_SCADA,1,"2019/08/21 05:35:00",MORTLK12,0
D,DISPATCH,UNIT_SCADA,1,"2019/08/21 05:35:00",MP1,281.3750
D,DISPATCH,UNIT_SCADA,1,"2019/08/21 05:35:00",MP2,0
D,DISPATCH,UNIT_SCADA,1,"2019/08/21 05:35:00",MPP_1,401.75
D,DISPATCH,UNIT_SCADA,1,"2019/08/21 05:35:00",MPP_2,436.25
D,DISPATCH,UNIT_SCADA,1,"2019/08/21 05:35:00",MSTUART1,0
D,DISPATCH,UNIT_SCADA,1,"2019/08/21 05:35:00",MSTUART2,0
D,DISPATCH,UNIT_SCADA,1,"2019/08/21 05:35:00",MSTUART3,0
D,DISPATCH,UNIT_SCADA,1,"2019/08/21 05:35:00",MTGELWF1,64.902190
D,DISPATCH,UNIT_SCADA,1,"2019/08/21 05:35:00",MURRAY,0
D,DISPATCH,UNIT_SCADA,1,"2019/08/21 05:35:00",MUSSELR1,163.50
D,DISPATCH,UNIT_SCADA,1,"2019/08/21 05:35:00",MUWAWF1,52.25
D,DISPATCH,UNIT_SCADA,1,"2019/08/21 05:35:00",NBHWF1,57.60
D,DISPATCH,UNIT_SCADA,1,"2019/08/21 05:35:00",NPS,0
D,DISPATCH,UNIT_SCADA,1,"2019/08/21 05:35:00",NUMURSF1,0
D,DISPATCH,UNIT_SCADA,1,"2019/08/21 05:35:00",NYNGAN1,0
D,DISPATCH,UNIT_SCADA,1,"2019/08/21 05:35:00",OAKEY1,0
D,DISPATCH,UNIT_SCADA,1,"2019/08/21 05:35:00",OAKEY1SF,0
D,DISPATCH,UNIT_SCADA,1,"2019/08/21 05:35:00",OAKEY2,0
D,DISPATCH,UNIT_SCADA,1,"2019/08/21 05:35:00",OAKLAND1,62.30
D,DISPATCH,UNIT_SCADA,1,"2019/08/21 05:35:00",OSB-AG,0
D,DISPATCH,UNIT_SCADA,1,"2019/08/21 05:35:00",PARSF1,0
D,DISPATCH,UNIT_SCADA,1,"2019/08/21 05:35:00",POAT110,4.572480
D,DISPATCH,UNIT_SCADA,1,"2019/08/21 05:35:00",POAT220,55.080010
D,DISPATCH,UNIT_SCADA,1,"2019/08/21 05:35:00",POR01,0
D,DISPATCH,UNIT_SCADA,1,"2019/08/21 05:35:00",POR03,0
D,DISPATCH,UNIT_SCADA,1,"2019/08/21 05:35:00",PPCCGT,174.223310
D,DISPATCH,UNIT_SCADA,1,"2019/08/21 05:35:00",PTSTAN1,0
D,DISPATCH,UNIT_SCADA,1,"2019/08/21 05:35:00",PUMP1,0
D,DISPATCH,UNIT_SCADA,1,"2019/08/21 05:35:00",PUMP2,0
D,DISPATCH,UNIT_SCADA,1,"2019/08/21 05:35:00",QPS1,0
D,DISPATCH,UNIT_SCADA,1,"2019/08/21 05:35:00",QPS2,0
D,DISPATCH,UNIT_SCADA,1,"2019/08/21 05:35:00",QPS3,0
D,DISPATCH,UNIT_SCADA,1,"2019/08/21 05:35:00",QPS4,0
D,DISPATCH,UNIT_SCADA,1,"2019/08/21 05:35:00",QPS5,0
D,DISPATCH,UNIT_SCADA,1,"2019/08/21 05:35:00",REECE1,117.320010
D,DISPATCH,UNIT_SCADA,1,"2019/08/21 05:35:00",REECE2,112.080010
D,DISPATCH,UNIT_SCADA,1,"2019/08/21 05:35:00",ROMA_7,0
D,DISPATCH,UNIT_SCADA,1,"2019/08/21 05:35:00",ROMA_8,0
D,DISPATCH,UNIT_SCADA,1,"2019/08/21 05:35:00",RRSF1,0
D,DISPATCH,UNIT_SCADA,1,"2019/08/21 05:35:00",RT_NSW1,0
D,DISPATCH,UNIT_SCADA,1,"2019/08/21 05:35:00",RT_NSW2,0
D,DISPATCH,UNIT_SCADA,1,"2019/08/21 05:35:00",RT_NSW3,0
D,DISPATCH,UNIT_SCADA,1,"2019/08/21 05:35:00",RT_NSW4,0
D,DISPATCH,UNIT_SCADA,1,"2019/08/21 05:35:00",RT_NSW5,0
D,DISPATCH,UNIT_SCADA,1,"2019/08/21 05:35:00",RT_NSW6,0
D,DISPATCH,UNIT_SCADA,1,"2019/08/21 05:35:00",RT_QLD1,0
D,DISPATCH,UNIT_SCADA,1,"2019/08/21 05:35:00",RT_SA1,0
D,DISPATCH,UNIT_SCADA,1,"2019/08/21 05:35:00",RT_SA2,0
D,DISPATCH,UNIT_SCADA,1,"2019/08/21 05:35:00",RT_SA3,0
D,DISPATCH,UNIT_SCADA,1,"2019/08/21 05:35:00",RT_SA4,0
D,DISPATCH,UNIT_SCADA,1,"2019/08/21 05:35:00",RT_SA5,0
D,DISPATCH,UNIT_SCADA,1,"2019/08/21 05:35:00",RT_SA6,0
D,DISPATCH,UNIT_SCADA,1,"2019/08/21 05:35:00",RT_TAS1,0
D,DISPATCH,UNIT_SCADA,1,"2019/08/21 05:35:00",RT_VIC1,0
D,DISPATCH,UNIT_SCADA,1,"2019/08/21 05:35:00",RT_VIC10,0
D,DISPATCH,UNIT_SCADA,1,"2019/08/21 05:35:00",RT_VIC11,0
D,DISPATCH,UNIT_SCADA,1,"2019/08/21 05:35:00",RT_VIC12,0
D,DISPATCH,UNIT_SCADA,1,"2019/08/21 05:35:00",RT_VIC2,0
D,DISPATCH,UNIT_SCADA,1,"2019/08/21 05:35:00",RT_VIC3,0
D,DISPATCH,UNIT_SCADA,1,"2019/08/21 05:35:00",RT_VIC4,0
D,DISPATCH,UNIT_SCADA,1,"2019/08/21 05:35:00",RT_VIC5,0
D,DISPATCH,UNIT_SCADA,1,"2019/08/21 05:35:00",RT_VIC6,0
D,DISPATCH,UNIT_SCADA,1,"2019/08/21 05:35:00",RT_VIC7,0
D,DISPATCH,UNIT_SCADA,1,"2019/08/21 05:35:00",RT_VIC8,0
D,DISPATCH,UNIT_SCADA,1,"2019/08/21 05:35:00",RT_VIC9,0
D,DISPATCH,UNIT_SCADA,1,"2019/08/21 05:35:00",RUGBYR1,0
D,DISPATCH,UNIT_SCADA,1,"2019/08/21 05:35:00",SALTCRK1,47.33
D,DISPATCH,UNIT_SCADA,1,"2019/08/21 05:35:00",SAPHWF1,179.634370
D,DISPATCH,UNIT_SCADA,1,"2019/08/21 05:35:00",SHGEN,0
D,DISPATCH,UNIT_SCADA,1,"2019/08/21 05:35:00",SHPUMP,0
D,DISPATCH,UNIT_SCADA,1,"2019/08/21 05:35:00",SITHE01,0.153860
D,DISPATCH,UNIT_SCADA,1,"2019/08/21 05:35:00",SMCSF1,0
D,DISPATCH,UNIT_SCADA,1,"2019/08/21 05:35:00",SNOWNTH1,110.10
D,DISPATCH,UNIT_SCADA,1,"2019/08/21 05:35:00",SNOWSTH1,105.90
D,DISPATCH,UNIT_SCADA,1,"2019/08/21 05:35:00",SNOWTWN1,60.990790
D,DISPATCH,UNIT_SCADA,1,"2019/08/21 05:35:00",SNOWYP,380.50
D,DISPATCH,UNIT_SCADA,1,"2019/08/21 05:35:00",SNUG1,0.019440
D,DISPATCH,UNIT_SCADA,1,"2019/08/21 05:35:00",SRSF1,0.07
D,DISPATCH,UNIT_SCADA,1,"2019/08/21 05:35:00",STAN-1,0
D,DISPATCH,UNIT_SCADA,1,"2019/08/21 05:35:00",STAN-2,218.992110
D,DISPATCH,UNIT_SCADA,1,"2019/08/21 05:35:00",STAN-3,221.158330
D,DISPATCH,UNIT_SCADA,1,"2019/08/21 05:35:00",STAN-4,223.452710
D,DISPATCH,UNIT_SCADA,1,"2019/08/21 05:35:00",STWF1,146.148740
D,DISPATCH,UNIT_SCADA,1,"2019/08/21 05:35:00",SWAN_E,0
D,DISPATCH,UNIT_SCADA,1,"2019/08/21 05:35:00",TALWA1,190
D,DISPATCH,UNIT_SCADA,1,"2019/08/21 05:35:00",TARALGA1,84.296230
D,DISPATCH,UNIT_SCADA,1,"2019/08/21 05:35:00",TARONG#1,287.200010
D,DISPATCH,UNIT_SCADA,1,"2019/08/21 05:35:00",TARONG#2,110.70
D,DISPATCH,UNIT_SCADA,1,"2019/08/21 05:35:00",TARONG#3,259.899990
D,DISPATCH,UNIT_SCADA,1,"2019/08/21 05:35:00",TARONG#4,290.50
D,DISPATCH,UNIT_SCADA,1,"2019/08/21 05:35:00",TARRALEA,85.10
D,DISPATCH,UNIT_SCADA,1,"2019/08/21 05:35:00",TBSF1,-0.20
D,DISPATCH,UNIT_SCADA,1,"2019/08/21 05:35:00",TNPS1,398.800020
D,DISPATCH,UNIT_SCADA,1,"2019/08/21 05:35:00",TORRA1,40.298620
D,DISPATCH,UNIT_SCADA,1,"2019/08/21 05:35:00",TORRA2,0
D,DISPATCH,UNIT_SCADA,1,"2019/08/21 05:35:00",TORRA3,0
D,DISPATCH,UNIT_SCADA,1,"2019/08/21 05:35:00",TORRA4,0
D,DISPATCH,UNIT_SCADA,1,"2019/08/21 05:35:00",TORRB1,39.23
D,DISPATCH,UNIT_SCADA,1,"2019/08/21 05:35:00",TORRB2,39.97
D,DISPATCH,UNIT_SCADA,1,"2019/08/21 05:35:00",TORRB3,0
D,DISPATCH,UNIT_SCADA,1,"2019/08/21 05:35:00",TORRB4,0
D,DISPATCH,UNIT_SCADA,1,"2019/08/21 05:35:00",TREVALLN,2.20
D,DISPATCH,UNIT_SCADA,1,"2019/08/21 05:35:00",TRIBUTE,0
D,DISPATCH,UNIT_SCADA,1,"2019/08/21 05:35:00",TUMUT3,0
D,DISPATCH,UNIT_SCADA,1,"2019/08/21 05:35:00",TUNGATIN,25.50
D,DISPATCH,UNIT_SCADA,1,"2019/08/21 05:35:00",TVCC201,0
D,DISPATCH,UNIT_SCADA,1,"2019/08/21 05:35:00",TVPP104,0
D,DISPATCH,UNIT_SCADA,1,"2019/08/21 05:35:00",UPPTUMUT,0
D,DISPATCH,UNIT_SCADA,1,"2019/08/21 05:35:00",URANQ11,0
D,DISPATCH,UNIT_SCADA,1,"2019/08/21 05:35:00",URANQ12,0
D,DISPATCH,UNIT_SCADA,1,"2019/08/21 05:35:00",URANQ13,0
D,DISPATCH,UNIT_SCADA,1,"2019/08/21 05:35:00",URANQ14,0
D,DISPATCH,UNIT_SCADA,1,"2019/08/21 05:35:00",VP5,402.25
D,DISPATCH,UNIT_SCADA,1,"2019/08/21 05:35:00",VP6,399.924990
D,DISPATCH,UNIT_SCADA,1,"2019/08/21 05:35:00",VPGS1,0
D,DISPATCH,UNIT_SCADA,1,"2019/08/21 05:35:00",VPGS2,0
D,DISPATCH,UNIT_SCADA,1,"2019/08/21 05:35:00",VPGS3,0
D,DISPATCH,UNIT_SCADA,1,"2019/08/21 05:35:00",VPGS4,0
D,DISPATCH,UNIT_SCADA,1,"2019/08/21 05:35:00",VPGS5,0
D,DISPATCH,UNIT_SCADA,1,"2019/08/21 05:35:00",VPGS6,0
D,DISPATCH,UNIT_SCADA,1,"2019/08/21 05:35:00",W/HOE#1,0
D,DISPATCH,UNIT_SCADA,1,"2019/08/21 05:35:00",W/HOE#2,0
D,DISPATCH,UNIT_SCADA,1,"2019/08/21 05:35:00",WATERLWF,113.80
D,DISPATCH,UNIT_SCADA,1,"2019/08/21 05:35:00",WEMENSF1,0
D,DISPATCH,UNIT_SCADA,1,"2019/08/21 05:35:00",WGWF1,65.20
D,DISPATCH,UNIT_SCADA,1,"2019/08/21 05:35:00",WHITSF1,0
D,DISPATCH,UNIT_SCADA,1,"2019/08/21 05:35:00",WKIEWA1,33.90
D,DISPATCH,UNIT_SCADA,1,"2019/08/21 05:35:00",WKIEWA2,17.10
D,DISPATCH,UNIT_SCADA,1,"2019/08/21 05:35:00",WOODLWN1,45.018010
D,DISPATCH,UNIT_SCADA,1,"2019/08/21 05:35:00",WRSF1,0
D,DISPATCH,UNIT_SCADA,1,"2019/08/21 05:35:00",WRWF1,134.818740
D,DISPATCH,UNIT_SCADA,1,"2019/08/21 05:35:00",YABULU,0
D,DISPATCH,UNIT_SCADA,1,"2019/08/21 05:35:00",YABULU2,0
D,DISPATCH,UNIT_SCADA,1,"2019/08/21 05:35:00",YARWUN_1,0
D,DISPATCH,UNIT_SCADA,1,"2019/08/21 05:35:00",YENDWF1,42.02
D,DISPATCH,UNIT_SCADA,1,"2019/08/21 05:35:00",YWPS1,285.460750
D,DISPATCH,UNIT_SCADA,1,"2019/08/21 05:35:00",YWPS2,279.194950
D,DISPATCH,UNIT_SCADA,1,"2019/08/21 05:35:00",YWPS3,0
D,DISPATCH,UNIT_SCADA,1,"2019/08/21 05:35:00",YWPS4,332.289890
C,"END OF REPORT",334
