C,NEMP.WORLD,DISPATCHSCADA,AEMO,PUBLIC,2019/09/04,18:10:08,0000000312392182,DISPATCHSCADA,0000000312392176
I,DISPATCH,UNIT_SCADA,1,SETTLEMENTDATE,DUID,SCADAVALUE
D,DISPATCH,UNIT_SCADA,1,"2019/09/04 18:15:00",BARCSF1,0.80
D,DISPATCH,UNIT_SCADA,1,"2019/09/04 18:15:00",BUTLERSG,10.199999
D,DISPATCH,UNIT_SCADA,1,"2019/09/04 18:15:00",CALL_A_4,0
D,DISPATCH,UNIT_SCADA,1,"2019/09/04 18:15:00",CAPTL_WF,37.2920
D,DISPATCH,UNIT_SCADA,1,"2019/09/04 18:15:00",CATHROCK,0
D,DISPATCH,UNIT_SCADA,1,"2019/09/04 18:15:00",CHALLHWF,7.20
D,DISPATCH,UNIT_SCADA,1,"2019/09/04 18:15:00",CLOVER,-0.01
D,DISPATCH,UNIT_SCADA,1,"2019/09/04 18:15:00",CLUNY,12.277866
D,DISPATCH,UNIT_SCADA,1,"2019/09/04 18:15:00",CNUNDAWF,0.400467
D,DISPATCH,UNIT_SCADA,1,"2019/09/04 18:15:00",CULLRGWF,21.57
D,DISPATCH,UNIT_SCADA,1,"2019/09/04 18:15:00",ERGT01,0
D,DISPATCH,UNIT_SCADA,1,"2019/09/04 18:15:00",GB01,0.012703
D,DISPATCH,UNIT_SCADA,1,"2019/09/04 18:15:00",GERMCRK,38
D,DISPATCH,UNIT_SCADA,1,"2019/09/04 18:15:00",GRIFSF1,0
D,DISPATCH,UNIT_SCADA,1,"2019/09/04 18:15:00",HUGSF1,0.0160
D,DISPATCH,UNIT_SCADA,1,"2019/09/04 18:15:00",LKBONNY1,-0.449338
D,DISPATCH,UNIT_SCADA,1,"2019/09/04 18:15:00",LRSF1,0.0870
D,DISPATCH,UNIT_SCADA,1,"2019/09/04 18:15:00",MBAHNTH,26.8125
D,DISPATCH,UNIT_SCADA,1,"2019/09/04 18:15:00",MLSP1,0.366001
D,DISPATCH,UNIT_SCADA,1,"2019/09/04 18:15:00",MLWF1,0.06
D,DISPATCH,UNIT_SCADA,1,"2019/09/04 18:15:00",MTMILLAR,0.312535
D,DISPATCH,UNIT_SCADA,1,"2019/09/04 18:15:00",PALOONA,23.809999
D,DISPATCH,UNIT_SCADA,1,"2019/09/04 18:15:00",PIONEER,48.600002
D,DISPATCH,UNIT_SCADA,1,"2019/09/04 18:15:00",PORTWF,-0.30
D,DISPATCH,UNIT_SCADA,1,"2019/09/04 18:15:00",REPULSE,20.370794
D,DISPATCH,UNIT_SCADA,1,"2019/09/04 18:15:00",ROWALLAN,10.3163
D,DISPATCH,UNIT_SCADA,1,"2019/09/04 18:15:00",ROYALLA1,0
D,DISPATCH,UNIT_SCADA,1,"2019/09/04 18:15:00",RPCG,-1.80
D,DISPATCH,UNIT_SCADA,1,"2019/09/04 18:15:00",RUBICON,0
D,DISPATCH,UNIT_SCADA,1,"2019/09/04 18:15:00",SATGN1,19.940001
D,DISPATCH,UNIT_SCADA,1,"2019/09/04 18:15:00",SATGS1,10.01
D,DISPATCH,UNIT_SCADA,1,"2019/09/04 18:15:00",STARHLWF,-0.099971
D,DISPATCH,UNIT_SCADA,1,"2019/09/04 18:15:00",WAUBRAWF,13.4780
D,DISPATCH,UNIT_SCADA,1,"2019/09/04 18:15:00",WOOLNTH1,41.560017
D,DISPATCH,UNIT_SCADA,1,"2019/09/04 18:15:00",WPWF,-1
D,DISPATCH,UNIT_SCADA,1,"2019/09/04 18:15:00",YAMBUKWF,0.20
D,DISPATCH,UNIT_SCADA,1,"2019/09/04 18:15:00",YSWF1,5.10
D,DISPATCH,UNIT_SCADA,1,"2019/09/04 18:15:00",AGLHAL,0
D,DISPATCH,UNIT_SCADA,1,"2019/09/04 18:15:00",AGLSOM,118.80
D,DISPATCH,UNIT_SCADA,1,"2019/09/04 18:15:00",ANGAST1,0
D,DISPATCH,UNIT_SCADA,1,"2019/09/04 18:15:00",ARWF1,21.80
D,DISPATCH,UNIT_SCADA,1,"2019/09/04 18:15:00",BALBG1,0.29
D,DISPATCH,UNIT_SCADA,1,"2019/09/04 18:15:00",BALBL1,0
D,DISPATCH,UNIT_SCADA,1,"2019/09/04 18:15:00",BALDHWF1,14.2290
D,DISPATCH,UNIT_SCADA,1,"2019/09/04 18:15:00",BANN1,0.04
D,DISPATCH,UNIT_SCADA,1,"2019/09/04 18:15:00",BARCALDN,0
D,DISPATCH,UNIT_SCADA,1,"2019/09/04 18:15:00",BARRON-1,33.20
D,DISPATCH,UNIT_SCADA,1,"2019/09/04 18:15:00",BARRON-2,0
D,DISPATCH,UNIT_SCADA,1,"2019/09/04 18:15:00",BASTYAN,80.740010
D,DISPATCH,UNIT_SCADA,1,"2019/09/04 18:15:00",BBTHREE1,0
D,DISPATCH,UNIT_SCADA,1,"2019/09/04 18:15:00",BBTHREE2,0
D,DISPATCH,UNIT_SCADA,1,"2019/09/04 18:15:00",BBTHREE3,0
D,DISPATCH,UNIT_SCADA,1,"2019/09/04 18:15:00",BDL01,43.80
D,DISPATCH,UNIT_SCADA,1,"2019/09/04 18:15:00",BDL02,43.68
D,DISPATCH,UNIT_SCADA,1,"2019/09/04 18:15:00",BERYLSF1,0
D,DISPATCH,UNIT_SCADA,1,"2019/09/04 18:15:00",BLOWERNG,11.10
D,DISPATCH,UNIT_SCADA,1,"2019/09/04 18:15:00",BLUFF1,1.90
D,DISPATCH,UNIT_SCADA,1,"2019/09/04 18:15:00",BNGSF1,1.69
D,DISPATCH,UNIT_SCADA,1,"2019/09/04 18:15:00",BNGSF2,0.77
D,DISPATCH,UNIT_SCADA,1,"2019/09/04 18:15:00",BOCORWF1,45.61
D,DISPATCH,UNIT_SCADA,1,"2019/09/04 18:15:00",BODWF1,63.100650
D,DISPATCH,UNIT_SCADA,1,"2019/09/04 18:15:00",BRAEMAR1,157.80
D,DISPATCH,UNIT_SCADA,1,"2019/09/04 18:15:00",BRAEMAR2,0
D,DISPATCH,UNIT_SCADA,1,"2019/09/04 18:15:00",BRAEMAR3,172.200010
D,DISPATCH,UNIT_SCADA,1,"2019/09/04 18:15:00",BRAEMAR5,159.373580
D,DISPATCH,UNIT_SCADA,1,"2019/09/04 18:15:00",BRAEMAR6,0
D,DISPATCH,UNIT_SCADA,1,"2019/09/04 18:15:00",BRAEMAR7,0
D,DISPATCH,UNIT_SCADA,1,"2019/09/04 18:15:00",BROKENH1,0
D,DISPATCH,UNIT_SCADA,1,"2019/09/04 18:15:00",BW01,661.824950
D,DISPATCH,UNIT_SCADA,1,"2019/09/04 18:15:00",BW02,649.1250
D,DISPATCH,UNIT_SCADA,1,"2019/09/04 18:15:00",BW03,627.200070
D,DISPATCH,UNIT_SCADA,1,"2019/09/04 18:15:00",BW04,0
D,DISPATCH,UNIT_SCADA,1,"2019/09/04 18:15:00",CALL_B_1,189.20
D,DISPATCH,UNIT_SCADA,1,"2019/09/04 18:15:00",CALL_B_2,191.80
D,DISPATCH,UNIT_SCADA,1,"2019/09/04 18:15:00",CETHANA,81.479380
D,DISPATCH,UNIT_SCADA,1,"2019/09/04 18:15:00",CG1,0
D,DISPATCH,UNIT_SCADA,1,"2019/09/04 18:15:00",CG2,0
D,DISPATCH,UNIT_SCADA,1,"2019/09/04 18:15:00",CG3,0
D,DISPATCH,UNIT_SCADA,1,"2019/09/04 18:15:00",CG4,0
D,DISPATCH,UNIT_SCADA,1,"2019/09/04 18:15:00",CHILDSF1,0
D,DISPATCH,UNIT_SCADA,1,"2019/09/04 18:15:00",CLARESF1,0
D,DISPATCH,UNIT_SCADA,1,"2019/09/04 18:15:00",CLEMGPWF,15.271420
D,DISPATCH,UNIT_SCADA,1,"2019/09/04 18:15:00",CLERMSF1,0.18
D,DISPATCH,UNIT_SCADA,1,"2019/09/04 18:15:00",COLEASF1,0
D,DISPATCH,UNIT_SCADA,1,"2019/09/04 18:15:00",COOPGWF1,25.241470
D,DISPATCH,UNIT_SCADA,1,"2019/09/04 18:15:00",CPP_3,406.175020
D,DISPATCH,UNIT_SCADA,1,"2019/09/04 18:15:00",CPP_4,299.200010
D,DISPATCH,UNIT_SCADA,1,"2019/09/04 18:15:00",CPSA,141.1925
D,DISPATCH,UNIT_SCADA,1,"2019/09/04 18:15:00",CROOKWF2,73.093750
D,DISPATCH,UNIT_SCADA,1,"2019/09/04 18:15:00",CROWLWF1,11.314180
D,DISPATCH,UNIT_SCADA,1,"2019/09/04 18:15:00",CSPVPS1,0.0540
D,DISPATCH,UNIT_SCADA,1,"2019/09/04 18:15:00",DALNTH01,5.970860
D,DISPATCH,UNIT_SCADA,1,"2019/09/04 18:15:00",DALNTHL1,0
D,DISPATCH,UNIT_SCADA,1,"2019/09/04 18:15:00",DARTM1,133.80
D,DISPATCH,UNIT_SCADA,1,"2019/09/04 18:15:00",DAYDSF1,0
D,DISPATCH,UNIT_SCADA,1,"2019/09/04 18:15:00",DDPS1,413.776580
D,DISPATCH,UNIT_SCADA,1,"2019/09/04 18:15:00",DDSF1,0
D,DISPATCH,UNIT_SCADA,1,"2019/09/04 18:15:00",DEVILS_G,57.072060
D,DISPATCH,UNIT_SCADA,1,"2019/09/04 18:15:00",DG_NSW1,0
D,DISPATCH,UNIT_SCADA,1,"2019/09/04 18:15:00",DG_QLD1,0
D,DISPATCH,UNIT_SCADA,1,"2019/09/04 18:15:00",DG_SA1,0
D,DISPATCH,UNIT_SCADA,1,"2019/09/04 18:15:00",DG_TAS1,0
D,DISPATCH,UNIT_SCADA,1,"2019/09/04 18:15:00",DG_VIC1,0
D,DISPATCH,UNIT_SCADA,1,"2019/09/04 18:15:00",DRYCGT1,0
D,DISPATCH,UNIT_SCADA,1,"2019/09/04 18:15:00",DRYCGT2,0
D,DISPATCH,UNIT_SCADA,1,"2019/09/04 18:15:00",DRYCGT3,0
D,DISPATCH,UNIT_SCADA,1,"2019/09/04 18:15:00",EILDON1,0
D,DISPATCH,UNIT_SCADA,1,"2019/09/04 18:15:00",EILDON2,0
D,DISPATCH,UNIT_SCADA,1,"2019/09/04 18:15:00",EMERASF1,0
D,DISPATCH,UNIT_SCADA,1,"2019/09/04 18:15:00",ER01,580.025020
D,DISPATCH,UNIT_SCADA,1,"2019/09/04 18:15:00",ER02,690.849980
D,DISPATCH,UNIT_SCADA,1,"2019/09/04 18:15:00",ER03,0
D,DISPATCH,UNIT_SCADA,1,"2019/09/04 18:15:00",ER04,690.224980
D,DISPATCH,UNIT_SCADA,1,"2019/09/04 18:15:00",FINLYSF1,0
D,DISPATCH,UNIT_SCADA,1,"2019/09/04 18:15:00",FISHER,46.07
D,DISPATCH,UNIT_SCADA,1,"2019/09/04 18:15:00",GANNBG1,10.136670
D,DISPATCH,UNIT_SCADA,1,"2019/09/04 18:15:00",GANNBL1,0
D,DISPATCH,UNIT_SCADA,1,"2019/09/04 18:15:00",GANNSF1,0
D,DISPATCH,UNIT_SCADA,1,"2019/09/04 18:15:00",GORDON,23.832480
D,DISPATCH,UNIT_SCADA,1,"2019/09/04 18:15:00",GSTONE1,244.474990
D,DISPATCH,UNIT_SCADA,1,"2019/09/04 18:15:00",GSTONE2,230.474990
D,DISPATCH,UNIT_SCADA,1,"2019/09/04 18:15:00",GSTONE3,0
D,DISPATCH,UNIT_SCADA,1,"2019/09/04 18:15:00",GSTONE4,262.850010
D,DISPATCH,UNIT_SCADA,1,"2019/09/04 18:15:00",GSTONE5,243.774990
D,DISPATCH,UNIT_SCADA,1,"2019/09/04 18:15:00",GSTONE6,245.349990
D,DISPATCH,UNIT_SCADA,1,"2019/09/04 18:15:00",GULLRSF1,0
D,DISPATCH,UNIT_SCADA,1,"2019/09/04 18:15:00",GULLRWF1,86.597050
D,DISPATCH,UNIT_SCADA,1,"2019/09/04 18:15:00",GUNNING1,15.486470
D,DISPATCH,UNIT_SCADA,1,"2019/09/04 18:15:00",GUTHEGA,31
D,DISPATCH,UNIT_SCADA,1,"2019/09/04 18:15:00",HALLWF1,8.94
D,DISPATCH,UNIT_SCADA,1,"2019/09/04 18:15:00",HALLWF2,14.39
D,DISPATCH,UNIT_SCADA,1,"2019/09/04 18:15:00",HAMISF1,0
D,DISPATCH,UNIT_SCADA,1,"2019/09/04 18:15:00",HAUGHT11,0
D,DISPATCH,UNIT_SCADA,1,"2019/09/04 18:15:00",HAYMSF1,0
D,DISPATCH,UNIT_SCADA,1,"2019/09/04 18:15:00",HDWF1,18.70
D,DISPATCH,UNIT_SCADA,1,"2019/09/04 18:15:00",HDWF2,18.80
D,DISPATCH,UNIT_SCADA,1,"2019/09/04 18:15:00",HDWF3,18.70
D,DISPATCH,UNIT_SCADA,1,"2019/09/04 18:15:00",HPRG1,30
D,DISPATCH,UNIT_SCADA,1,"2019/09/04 18:15:00",HPRL1,0
D,DISPATCH,UNIT_SCADA,1,"2019/09/04 18:15:00",HUMENSW,0
D,DISPATCH,UNIT_SCADA,1,"2019/09/04 18:15:00",HUMEV,25.30
D,DISPATCH,UNIT_SCADA,1,"2019/09/04 18:15:00",HVGTS,0
D,DISPATCH,UNIT_SCADA,1,"2019/09/04 18:15:00",JBUTTERS,117.82
D,DISPATCH,UNIT_SCADA,1,"2019/09/04 18:15:00",JLA01,52.40
D,DISPATCH,UNIT_SCADA,1,"2019/09/04 18:15:00",JLA02,54.20
D,DISPATCH,UNIT_SCADA,1,"2019/09/04 18:15:00",JLA03,0
D,DISPATCH,UNIT_SCADA,1,"2019/09/04 18:15:00",JLA04,0
D,DISPATCH,UNIT_SCADA,1,"2019/09/04 18:15:00",JLB01,0
D,DISPATCH,UNIT_SCADA,1,"2019/09/04 18:15:00",JLB02,83.70
D,DISPATCH,UNIT_SCADA,1,"2019/09/04 18:15:00",JLB03,83.90
D,DISPATCH,UNIT_SCADA,1,"2019/09/04 18:15:00",KAREEYA1,21.51
D,DISPATCH,UNIT_SCADA,1,"2019/09/04 18:15:00",KAREEYA2,21.7125
D,DISPATCH,UNIT_SCADA,1,"2019/09/04 18:15:00",KAREEYA3,0
D,DISPATCH,UNIT_SCADA,1,"2019/09/04 18:15:00",KAREEYA4,21.72
D,DISPATCH,UNIT_SCADA,1,"2019/09/04 18:15:00",KARSF1,0.20
D,DISPATCH,UNIT_SCADA,1,"2019/09/04 18:15:00",KIATAWF1,0.90
D,DISPATCH,UNIT_SCADA,1,"2019/09/04 18:15:00",KPP_1,0
D,DISPATCH,UNIT_SCADA,1,"2019/09/04 18:15:00",KSP1,0
D,DISPATCH,UNIT_SCADA,1,"2019/09/04 18:15:00",LADBROK1,41.24
D,DISPATCH,UNIT_SCADA,1,"2019/09/04 18:15:00",LADBROK2,41.88
D,DISPATCH,UNIT_SCADA,1,"2019/09/04 18:15:00",LD01,422.8125
D,DISPATCH,UNIT_SCADA,1,"2019/09/04 18:15:00",LD02,400.293730
D,DISPATCH,UNIT_SCADA,1,"2019/09/04 18:15:00",LD03,422.512480
D,DISPATCH,UNIT_SCADA,1,"2019/09/04 18:15:00",LD04,386.006290
D,DISPATCH,UNIT_SCADA,1,"2019/09/04 18:15:00",LEM_WIL,85.2325
D,DISPATCH,UNIT_SCADA,1,"2019/09/04 18:15:00",LGAPWF1,25.33
D,DISPATCH,UNIT_SCADA,1,"2019/09/04 18:15:00",LILYSF1,0
D,DISPATCH,UNIT_SCADA,1,"2019/09/04 18:15:00",LI_WY_CA,122.116170
D,DISPATCH,UNIT_SCADA,1,"2019/09/04 18:15:00",LKBONNY2,-1.160150
D,DISPATCH,UNIT_SCADA,1,"2019/09/04 18:15:00",LKBONNY3,-0.225030
D,DISPATCH,UNIT_SCADA,1,"2019/09/04 18:15:00",LK_ECHO,0
D,DISPATCH,UNIT_SCADA,1,"2019/09/04 18:15:00",LNGS1,0
D,DISPATCH,UNIT_SCADA,1,"2019/09/04 18:15:00",LNGS2,0
D,DISPATCH,UNIT_SCADA,1,"2019/09/04 18:15:00",LONSDALE,0
D,DISPATCH,UNIT_SCADA,1,"2019/09/04 18:15:00",LOYYB1,536.088620
D,DISPATCH,UNIT_SCADA,1,"2019/09/04 18:15:00",LOYYB2,582.330380
D,DISPATCH,UNIT_SCADA,1,"2019/09/04 18:15:00",LYA1,0
D,DISPATCH,UNIT_SCADA,1,"2019/09/04 18:15:00",LYA2,0
D,DISPATCH,UNIT_SCADA,1,"2019/09/04 18:15:00",LYA3,559
D,DISPATCH,UNIT_SCADA,1,"2019/09/04 18:15:00",LYA4,539
D,DISPATCH,UNIT_SCADA,1,"2019/09/04 18:15:00",MACARTH1,0
D,DISPATCH,UNIT_SCADA,1,"2019/09/04 18:15:00",MACKAYGT,0.2240
D,DISPATCH,UNIT_SCADA,1,"2019/09/04 18:15:00",MACKNTSH,89.110010
D,DISPATCH,UNIT_SCADA,1,"2019/09/04 18:15:00",MANSLR1,0
D,DISPATCH,UNIT_SCADA,1,"2019/09/04 18:15:00",MCKAY1,245.384990
D,DISPATCH,UNIT_SCADA,1,"2019/09/04 18:15:00",MEADOWBK,25.064660
D,DISPATCH,UNIT_SCADA,1,"2019/09/04 18:15:00",MERCER01,3.1840
D,DISPATCH,UNIT_SCADA,1,"2019/09/04 18:15:00",MEWF1,13.848060
D,DISPATCH,UNIT_SCADA,1,"2019/09/04 18:15:00",MINTARO,0
D,DISPATCH,UNIT_SCADA,1,"2019/09/04 18:15:00",MOREESF1,0
D,DISPATCH,UNIT_SCADA,1,"2019/09/04 18:15:00",MORTLK11,259
D,DISPATCH,UNIT_SCADA,1,"2019/09/04 18:15:00",MORTLK12,0
D,DISPATCH,UNIT_SCADA,1,"2019/09/04 18:15:00",MP1,293.8501
D,DISPATCH,UNIT_SCADA,1,"2019/09/04 18:15:00",MP2,0
D,DISPATCH,UNIT_SCADA,1,"2019/09/04 18:15:00",MPP_1,435
D,DISPATCH,UNIT_SCADA,1,"2019/09/04 18:15:00",MPP_2,415.75
D,DISPATCH,UNIT_SCADA,1,"2019/09/04 18:15:00",MSTUART1,0
D,DISPATCH,UNIT_SCADA,1,"2019/09/04 18:15:00",MSTUART2,0
D,DISPATCH,UNIT_SCADA,1,"2019/09/04 18:15:00",MSTUART3,0
D,DISPATCH,UNIT_SCADA,1,"2019/09/04 18:15:00",MTGELWF1,-0.215160
D,DISPATCH,UNIT_SCADA,1,"2019/09/04 18:15:00",MURRAY,606.705990
D,DISPATCH,UNIT_SCADA,1,"2019/09/04 18:15:00",MUSSELR1,165.70
D,DISPATCH,UNIT_SCADA,1,"2019/09/04 18:15:00",MUWAWF1,2.83
D,DISPATCH,UNIT_SCADA,1,"2019/09/04 18:15:00",NBHWF1,13.20
D,DISPATCH,UNIT_SCADA,1,"2019/09/04 18:15:00",NPS,301.1250
D,DISPATCH,UNIT_SCADA,1,"2019/09/04 18:15:00",NUMURSF1,0
D,DISPATCH,UNIT_SCADA,1,"2019/09/04 18:15:00",NYNGAN1,0
D,DISPATCH,UNIT_SCADA,1,"2019/09/04 18:15:00",OAKEY1,0
D,DISPATCH,UNIT_SCADA,1,"2019/09/04 18:15:00",OAKEY1SF,0.03
D,DISPATCH,UNIT_SCADA,1,"2019/09/04 18:15:00",OAKEY2,0
D,DISPATCH,UNIT_SCADA,1,"2019/09/04 18:15:00",OAKEY2SF,0
D,DISPATCH,UNIT_SCADA,1,"2019/09/04 18:15:00",OAKLAND1,1.80
D,DISPATCH,UNIT_SCADA,1,"2019/09/04 18:15:00",OSB-AG,177.98
D,DISPATCH,UNIT_SCADA,1,"2019/09/04 18:15:00",PARSF1,0
D,DISPATCH,UNIT_SCADA,1,"2019/09/04 18:15:00",POAT110,0
D,DISPATCH,UNIT_SCADA,1,"2019/09/04 18:15:00",POAT220,1.28
D,DISPATCH,UNIT_SCADA,1,"2019/09/04 18:15:00",POR01,0
D,DISPATCH,UNIT_SCADA,1,"2019/09/04 18:15:00",POR03,0
D,DISPATCH,UNIT_SCADA,1,"2019/09/04 18:15:00",PPCCGT,482.260380
D,DISPATCH,UNIT_SCADA,1,"2019/09/04 18:15:00",PTSTAN1,0
D,DISPATCH,UNIT_SCADA,1,"2019/09/04 18:15:00",PUMP1,0
D,DISPATCH,UNIT_SCADA,1,"2019/09/04 18:15:00",PUMP2,0
D,DISPATCH,UNIT_SCADA,1,"2019/09/04 18:15:00",QPS1,29
D,DISPATCH,UNIT_SCADA,1,"2019/09/04 18:15:00",QPS2,22.70
D,DISPATCH,UNIT_SCADA,1,"2019/09/04 18:15:00",QPS3,22.60
D,DISPATCH,UNIT_SCADA,1,"2019/09/04 18:15:00",QPS4,22.80
D,DISPATCH,UNIT_SCADA,1,"2019/09/04 18:15:00",QPS5,122.12
D,DISPATCH,UNIT_SCADA,1,"2019/09/04 18:15:00",REECE1,111.790010
D,DISPATCH,UNIT_SCADA,1,"2019/09/04 18:15:00",REECE2,115.430010
D,DISPATCH,UNIT_SCADA,1,"2019/09/04 18:15:00",ROMA_7,0
D,DISPATCH,UNIT_SCADA,1,"2019/09/04 18:15:00",ROMA_8,0
D,DISPATCH,UNIT_SCADA,1,"2019/09/04 18:15:00",RRSF1,0
D,DISPATCH,UNIT_SCADA,1,"2019/09/04 18:15:00",RT_NSW1,0
D,DISPATCH,UNIT_SCADA,1,"2019/09/04 18:15:00",RT_NSW2,0
D,DISPATCH,UNIT_SCADA,1,"2019/09/04 18:15:00",RT_NSW3,0
D,DISPATCH,UNIT_SCADA,1,"2019/09/04 18:15:00",RT_NSW4,0
D,DISPATCH,UNIT_SCADA,1,"2019/09/04 18:15:00",RT_NSW5,0
D,DISPATCH,UNIT_SCADA,1,"2019/09/04 18:15:00",RT_NSW6,0
D,DISPATCH,UNIT_SCADA,1,"2019/09/04 18:15:00",RT_QLD1,0
D,DISPATCH,UNIT_SCADA,1,"2019/09/04 18:15:00",RT_SA1,0
D,DISPATCH,UNIT_SCADA,1,"2019/09/04 18:15:00",RT_SA2,0
D,DISPATCH,UNIT_SCADA,1,"2019/09/04 18:15:00",RT_SA3,0
D,DISPATCH,UNIT_SCADA,1,"2019/09/04 18:15:00",RT_SA4,0
D,DISPATCH,UNIT_SCADA,1,"2019/09/04 18:15:00",RT_SA5,0
D,DISPATCH,UNIT_SCADA,1,"2019/09/04 18:15:00",RT_SA6,0
D,DISPATCH,UNIT_SCADA,1,"2019/09/04 18:15:00",RT_TAS1,0
D,DISPATCH,UNIT_SCADA,1,"2019/09/04 18:15:00",RT_VIC1,0
D,DISPATCH,UNIT_SCADA,1,"2019/09/04 18:15:00",RT_VIC10,0
D,DISPATCH,UNIT_SCADA,1,"2019/09/04 18:15:00",RT_VIC11,0
D,DISPATCH,UNIT_SCADA,1,"2019/09/04 18:15:00",RT_VIC12,0
D,DISPATCH,UNIT_SCADA,1,"2019/09/04 18:15:00",RT_VIC2,0
D,DISPATCH,UNIT_SCADA,1,"2019/09/04 18:15:00",RT_VIC3,0
D,DISPATCH,UNIT_SCADA,1,"2019/09/04 18:15:00",RT_VIC4,0
D,DISPATCH,UNIT_SCADA,1,"2019/09/04 18:15:00",RT_VIC5,0
D,DISPATCH,UNIT_SCADA,1,"2019/09/04 18:15:00",RT_VIC6,0
D,DISPATCH,UNIT_SCADA,1,"2019/09/04 18:15:00",RT_VIC7,0
D,DISPATCH,UNIT_SCADA,1,"2019/09/04 18:15:00",RT_VIC8,0
D,DISPATCH,UNIT_SCADA,1,"2019/09/04 18:15:00",RT_VIC9,0
D,DISPATCH,UNIT_SCADA,1,"2019/09/04 18:15:00",RUGBYR1,0
D,DISPATCH,UNIT_SCADA,1,"2019/09/04 18:15:00",SALTCRK1,1.22
D,DISPATCH,UNIT_SCADA,1,"2019/09/04 18:15:00",SAPHWF1,89.578130
D,DISPATCH,UNIT_SCADA,1,"2019/09/04 18:15:00",SHGEN,159.289960
D,DISPATCH,UNIT_SCADA,1,"2019/09/04 18:15:00",SHPUMP,0
D,DISPATCH,UNIT_SCADA,1,"2019/09/04 18:15:00",SITHE01,114.017590
D,DISPATCH,UNIT_SCADA,1,"2019/09/04 18:15:00",SMCSF1,0
D,DISPATCH,UNIT_SCADA,1,"2019/09/04 18:15:00",SNOWNTH1,4.30
D,DISPATCH,UNIT_SCADA,1,"2019/09/04 18:15:00",SNOWSTH1,0
D,DISPATCH,UNIT_SCADA,1,"2019/09/04 18:15:00",SNOWTWN1,0.355580
D,DISPATCH,UNIT_SCADA,1,"2019/09/04 18:15:00",SNOWYP,0
D,DISPATCH,UNIT_SCADA,1,"2019/09/04 18:15:00",SNUG1,0.019440
D,DISPATCH,UNIT_SCADA,1,"2019/09/04 18:15:00",SRSF1,0.06
D,DISPATCH,UNIT_SCADA,1,"2019/09/04 18:15:00",STAN-1,216.620820
D,DISPATCH,UNIT_SCADA,1,"2019/09/04 18:15:00",STAN-2,357.847350
D,DISPATCH,UNIT_SCADA,1,"2019/09/04 18:15:00",STAN-3,360.705720
D,DISPATCH,UNIT_SCADA,1,"2019/09/04 18:15:00",STAN-4,361.410680
D,DISPATCH,UNIT_SCADA,1,"2019/09/04 18:15:00",STWF1,1.6875
D,DISPATCH,UNIT_SCADA,1,"2019/09/04 18:15:00",SWAN_E,0
D,DISPATCH,UNIT_SCADA,1,"2019/09/04 18:15:00",TALWA1,436
D,DISPATCH,UNIT_SCADA,1,"2019/09/04 18:15:00",TARALGA1,35.178760
D,DISPATCH,UNIT_SCADA,1,"2019/09/04 18:15:00",TARONG#1,339.700010
D,DISPATCH,UNIT_SCADA,1,"2019/09/04 18:15:00",TARONG#2,0
D,DISPATCH,UNIT_SCADA,1,"2019/09/04 18:15:00",TARONG#3,349.200010
D,DISPATCH,UNIT_SCADA,1,"2019/09/04 18:15:00",TARONG#4,350.600010
D,DISPATCH,UNIT_SCADA,1,"2019/09/04 18:15:00",TARRALEA,71.10
D,DISPATCH,UNIT_SCADA,1,"2019/09/04 18:15:00",TBSF1,-0.20
D,DISPATCH,UNIT_SCADA,1,"2019/09/04 18:15:00",TNPS1,380.500030
D,DISPATCH,UNIT_SCADA,1,"2019/09/04 18:15:00",TORRA1,116.646540
D,DISPATCH,UNIT_SCADA,1,"2019/09/04 18:15:00",TORRA2,0
D,DISPATCH,UNIT_SCADA,1,"2019/09/04 18:15:00",TORRA3,0
D,DISPATCH,UNIT_SCADA,1,"2019/09/04 18:15:00",TORRA4,101.5998
D,DISPATCH,UNIT_SCADA,1,"2019/09/04 18:15:00",TORRB1,188.92
D,DISPATCH,UNIT_SCADA,1,"2019/09/04 18:15:00",TORRB2,188.31
D,DISPATCH,UNIT_SCADA,1,"2019/09/04 18:15:00",TORRB3,190.08
D,DISPATCH,UNIT_SCADA,1,"2019/09/04 18:15:00",TORRB4,0
D,DISPATCH,UNIT_SCADA,1,"2019/09/04 18:15:00",TREVALLN,44.140010
D,DISPATCH,UNIT_SCADA,1,"2019/09/04 18:15:00",TRIBUTE,0
D,DISPATCH,UNIT_SCADA,1,"2019/09/04 18:15:00",TUMUT3,112.80
D,DISPATCH,UNIT_SCADA,1,"2019/09/04 18:15:00",TUNGATIN,125.780040
D,DISPATCH,UNIT_SCADA,1,"2019/09/04 18:15:00",TVCC201,0
D,DISPATCH,UNIT_SCADA,1,"2019/09/04 18:15:00",TVPP104,0
D,DISPATCH,UNIT_SCADA,1,"2019/09/04 18:15:00",UPPTUMUT,559.3241
D,DISPATCH,UNIT_SCADA,1,"2019/09/04 18:15:00",URANQ11,160.987490
D,DISPATCH,UNIT_SCADA,1,"2019/09/04 18:15:00",URANQ12,161.881260
D,DISPATCH,UNIT_SCADA,1,"2019/09/04 18:15:00",URANQ13,128.287510
D,DISPATCH,UNIT_SCADA,1,"2019/09/04 18:15:00",URANQ14,0
D,DISPATCH,UNIT_SCADA,1,"2019/09/04 18:15:00",VP5,628.599980
D,DISPATCH,UNIT_SCADA,1,"2019/09/04 18:15:00",VP6,0
D,DISPATCH,UNIT_SCADA,1,"2019/09/04 18:15:00",VPGS1,0
D,DISPATCH,UNIT_SCADA,1,"2019/09/04 18:15:00",VPGS2,0
D,DISPATCH,UNIT_SCADA,1,"2019/09/04 18:15:00",VPGS3,0
D,DISPATCH,UNIT_SCADA,1,"2019/09/04 18:15:00",VPGS4,0
D,DISPATCH,UNIT_SCADA,1,"2019/09/04 18:15:00",VPGS5,0
D,DISPATCH,UNIT_SCADA,1,"2019/09/04 18:15:00",VPGS6,0
D,DISPATCH,UNIT_SCADA,1,"2019/09/04 18:15:00",W/HOE#1,286.03
D,DISPATCH,UNIT_SCADA,1,"2019/09/04 18:15:00",W/HOE#2,0
D,DISPATCH,UNIT_SCADA,1,"2019/09/04 18:15:00",WATERLWF,9
D,DISPATCH,UNIT_SCADA,1,"2019/09/04 18:15:00",WEMENSF1,0
D,DISPATCH,UNIT_SCADA,1,"2019/09/04 18:15:00",WGWF1,13.40
D,DISPATCH,UNIT_SCADA,1,"2019/09/04 18:15:00",WHITSF1,0
D,DISPATCH,UNIT_SCADA,1,"2019/09/04 18:15:00",WKIEWA1,31.60
D,DISPATCH,UNIT_SCADA,1,"2019/09/04 18:15:00",WKIEWA2,31.70
D,DISPATCH,UNIT_SCADA,1,"2019/09/04 18:15:00",WOODLWN1,10.4220
D,DISPATCH,UNIT_SCADA,1,"2019/09/04 18:15:00",WRSF1,0
D,DISPATCH,UNIT_SCADA,1,"2019/09/04 18:15:00",WRWF1,47.84
D,DISPATCH,UNIT_SCADA,1,"2019/09/04 18:15:00",YABULU,159.210010
D,DISPATCH,UNIT_SCADA,1,"2019/09/04 18:15:00",YABULU2,0
D,DISPATCH,UNIT_SCADA,1,"2019/09/04 18:15:00",YARWUN_1,158.39
D,DISPATCH,UNIT_SCADA,1,"2019/09/04 18:15:00",YENDWF1,9.71
D,DISPATCH,UNIT_SCADA,1,"2019/09/04 18:15:00",YWPS1,383.458220
D,DISPATCH,UNIT_SCADA,1,"2019/09/04 18:15:00",YWPS2,284.458220
D,DISPATCH,UNIT_SCADA,1,"2019/09/04 18:15:00",YWPS3,249.017720
D,DISPATCH,UNIT_SCADA,1,"2019/09/04 18:15:00",YWPS4,384.229130
C,"END OF REPORT",335
