C,NEMP.WORLD,DISPATCHSCADA,AEMO,PUBLIC,2019/08/19,21:50:07,0000000311761718,DISPATCHSCADA,0000000311761712
I,DISPATCH,UNIT_SCADA,1,SETTLEMENTDATE,DUID,SCADAVALUE
D,DISPATCH,UNIT_SCADA,1,"2019/08/19 21:55:00",BARCSF1,1.10
D,DISPATCH,UNIT_SCADA,1,"2019/08/19 21:55:00",BUTLERSG,9.699999
D,DISPATCH,UNIT_SCADA,1,"2019/08/19 21:55:00",CALL_A_4,0
D,DISPATCH,UNIT_SCADA,1,"2019/08/19 21:55:00",CAPTL_WF,131.864014
D,DISPATCH,UNIT_SCADA,1,"2019/08/19 21:55:00",CATHROCK,48.349998
D,DISPATCH,UNIT_SCADA,1,"2019/08/19 21:55:00",CHALLHWF,14.30
D,DISPATCH,UNIT_SCADA,1,"2019/08/19 21:55:00",CLOVER,-0.01
D,DISPATCH,UNIT_SCADA,1,"2019/08/19 21:55:00",CLUNY,12.077363
D,DISPATCH,UNIT_SCADA,1,"2019/08/19 21:55:00",CNUNDAWF,33.639244
D,DISPATCH,UNIT_SCADA,1,"2019/08/19 21:55:00",CULLRGWF,30.530001
D,DISPATCH,UNIT_SCADA,1,"2019/08/19 21:55:00",ERGT01,0
D,DISPATCH,UNIT_SCADA,1,"2019/08/19 21:55:00",GB01,0.065392
D,DISPATCH,UNIT_SCADA,1,"2019/08/19 21:55:00",GERMCRK,33.099998
D,DISPATCH,UNIT_SCADA,1,"2019/08/19 21:55:00",GRIFSF1,0
D,DISPATCH,UNIT_SCADA,1,"2019/08/19 21:55:00",HUGSF1,-0.1880
D,DISPATCH,UNIT_SCADA,1,"2019/08/19 21:55:00",LKBONNY1,63.856194
D,DISPATCH,UNIT_SCADA,1,"2019/08/19 21:55:00",LRSF1,0.0240
D,DISPATCH,UNIT_SCADA,1,"2019/08/19 21:55:00",MBAHNTH,53.043747
D,DISPATCH,UNIT_SCADA,1,"2019/08/19 21:55:00",MLSP1,0.304001
D,DISPATCH,UNIT_SCADA,1,"2019/08/19 21:55:00",MLWF1,16.74
D,DISPATCH,UNIT_SCADA,1,"2019/08/19 21:55:00",MTMILLAR,17.234077
D,DISPATCH,UNIT_SCADA,1,"2019/08/19 21:55:00",PALOONA,24.41
D,DISPATCH,UNIT_SCADA,1,"2019/08/19 21:55:00",PIONEER,33.600002
D,DISPATCH,UNIT_SCADA,1,"2019/08/19 21:55:00",PORTWF,139
D,DISPATCH,UNIT_SCADA,1,"2019/08/19 21:55:00",REPULSE,29.260090
D,DISPATCH,UNIT_SCADA,1,"2019/08/19 21:55:00",ROWALLAN,9.9684
D,DISPATCH,UNIT_SCADA,1,"2019/08/19 21:55:00",ROYALLA1,0
D,DISPATCH,UNIT_SCADA,1,"2019/08/19 21:55:00",RPCG,-2.10
D,DISPATCH,UNIT_SCADA,1,"2019/08/19 21:55:00",RUBICON,0
D,DISPATCH,UNIT_SCADA,1,"2019/08/19 21:55:00",SATGN1,0
D,DISPATCH,UNIT_SCADA,1,"2019/08/19 21:55:00",SATGS1,0
D,DISPATCH,UNIT_SCADA,1,"2019/08/19 21:55:00",STARHLWF,11.596619
D,DISPATCH,UNIT_SCADA,1,"2019/08/19 21:55:00",WAUBRAWF,93.3880
D,DISPATCH,UNIT_SCADA,1,"2019/08/19 21:55:00",WOOLNTH1,131.370026
D,DISPATCH,UNIT_SCADA,1,"2019/08/19 21:55:00",WPWF,17
D,DISPATCH,UNIT_SCADA,1,"2019/08/19 21:55:00",YAMBUKWF,19.799999
D,DISPATCH,UNIT_SCADA,1,"2019/08/19 21:55:00",YSWF1,28.700001
D,DISPATCH,UNIT_SCADA,1,"2019/08/19 21:55:00",AGLHAL,0
D,DISPATCH,UNIT_SCADA,1,"2019/08/19 21:55:00",AGLSOM,39.70
D,DISPATCH,UNIT_SCADA,1,"2019/08/19 21:55:00",ANGAST1,0
D,DISPATCH,UNIT_SCADA,1,"2019/08/19 21:55:00",ARWF1,11.30
D,DISPATCH,UNIT_SCADA,1,"2019/08/19 21:55:00",BALBG1,8.02
D,DISPATCH,UNIT_SCADA,1,"2019/08/19 21:55:00",BALBL1,0
D,DISPATCH,UNIT_SCADA,1,"2019/08/19 21:55:00",BALDHWF1,103.42
D,DISPATCH,UNIT_SCADA,1,"2019/08/19 21:55:00",BANN1,0
D,DISPATCH,UNIT_SCADA,1,"2019/08/19 21:55:00",BARCALDN,0
D,DISPATCH,UNIT_SCADA,1,"2019/08/19 21:55:00",BARRON-1,0
D,DISPATCH,UNIT_SCADA,1,"2019/08/19 21:55:00",BARRON-2,29.04
D,DISPATCH,UNIT_SCADA,1,"2019/08/19 21:55:00",BASTYAN,80.55
D,DISPATCH,UNIT_SCADA,1,"2019/08/19 21:55:00",BBTHREE1,0
D,DISPATCH,UNIT_SCADA,1,"2019/08/19 21:55:00",BBTHREE2,0
D,DISPATCH,UNIT_SCADA,1,"2019/08/19 21:55:00",BBTHREE3,0
D,DISPATCH,UNIT_SCADA,1,"2019/08/19 21:55:00",BDL01,0
D,DISPATCH,UNIT_SCADA,1,"2019/08/19 21:55:00",BDL02,-0.12
D,DISPATCH,UNIT_SCADA,1,"2019/08/19 21:55:00",BERYLSF1,0
D,DISPATCH,UNIT_SCADA,1,"2019/08/19 21:55:00",BLOWERNG,0
D,DISPATCH,UNIT_SCADA,1,"2019/08/19 21:55:00",BLUFF1,20.90
D,DISPATCH,UNIT_SCADA,1,"2019/08/19 21:55:00",BNGSF1,0
D,DISPATCH,UNIT_SCADA,1,"2019/08/19 21:55:00",BNGSF2,0
D,DISPATCH,UNIT_SCADA,1,"2019/08/19 21:55:00",BOCORWF1,109.78
D,DISPATCH,UNIT_SCADA,1,"2019/08/19 21:55:00",BODWF1,83.510470
D,DISPATCH,UNIT_SCADA,1,"2019/08/19 21:55:00",BRAEMAR1,0
D,DISPATCH,UNIT_SCADA,1,"2019/08/19 21:55:00",BRAEMAR2,0
D,DISPATCH,UNIT_SCADA,1,"2019/08/19 21:55:00",BRAEMAR3,0
D,DISPATCH,UNIT_SCADA,1,"2019/08/19 21:55:00",BRAEMAR5,0
D,DISPATCH,UNIT_SCADA,1,"2019/08/19 21:55:00",BRAEMAR6,0
D,DISPATCH,UNIT_SCADA,1,"2019/08/19 21:55:00",BRAEMAR7,0
D,DISPATCH,UNIT_SCADA,1,"2019/08/19 21:55:00",BROKENH1,0
D,DISPATCH,UNIT_SCADA,1,"2019/08/19 21:55:00",BW01,648.650020
D,DISPATCH,UNIT_SCADA,1,"2019/08/19 21:55:00",BW02,647.675050
D,DISPATCH,UNIT_SCADA,1,"2019/08/19 21:55:00",BW03,626.050050
D,DISPATCH,UNIT_SCADA,1,"2019/08/19 21:55:00",BW04,0
D,DISPATCH,UNIT_SCADA,1,"2019/08/19 21:55:00",CALL_B_1,339.399990
D,DISPATCH,UNIT_SCADA,1,"2019/08/19 21:55:00",CALL_B_2,279.100010
D,DISPATCH,UNIT_SCADA,1,"2019/08/19 21:55:00",CETHANA,80.102250
D,DISPATCH,UNIT_SCADA,1,"2019/08/19 21:55:00",CG1,0
D,DISPATCH,UNIT_SCADA,1,"2019/08/19 21:55:00",CG2,0
D,DISPATCH,UNIT_SCADA,1,"2019/08/19 21:55:00",CG3,0
D,DISPATCH,UNIT_SCADA,1,"2019/08/19 21:55:00",CG4,0
D,DISPATCH,UNIT_SCADA,1,"2019/08/19 21:55:00",CHILDSF1,0
D,DISPATCH,UNIT_SCADA,1,"2019/08/19 21:55:00",CLARESF1,0
D,DISPATCH,UNIT_SCADA,1,"2019/08/19 21:55:00",CLEMGPWF,7.131470
D,DISPATCH,UNIT_SCADA,1,"2019/08/19 21:55:00",CLERMSF1,0
D,DISPATCH,UNIT_SCADA,1,"2019/08/19 21:55:00",COLEASF1,0
D,DISPATCH,UNIT_SCADA,1,"2019/08/19 21:55:00",COOPGWF1,35.852020
D,DISPATCH,UNIT_SCADA,1,"2019/08/19 21:55:00",CPP_3,406.175020
D,DISPATCH,UNIT_SCADA,1,"2019/08/19 21:55:00",CPP_4,405.350010
D,DISPATCH,UNIT_SCADA,1,"2019/08/19 21:55:00",CPSA,142.120640
D,DISPATCH,UNIT_SCADA,1,"2019/08/19 21:55:00",CROOKWF2,83.983750
D,DISPATCH,UNIT_SCADA,1,"2019/08/19 21:55:00",CROWLWF1,18.593790
D,DISPATCH,UNIT_SCADA,1,"2019/08/19 21:55:00",CSPVPS1,0
D,DISPATCH,UNIT_SCADA,1,"2019/08/19 21:55:00",DALNTH01,0
D,DISPATCH,UNIT_SCADA,1,"2019/08/19 21:55:00",DALNTHL1,0.209050
D,DISPATCH,UNIT_SCADA,1,"2019/08/19 21:55:00",DARTM1,134.399990
D,DISPATCH,UNIT_SCADA,1,"2019/08/19 21:55:00",DAYDSF1,0
D,DISPATCH,UNIT_SCADA,1,"2019/08/19 21:55:00",DDPS1,77.372140
D,DISPATCH,UNIT_SCADA,1,"2019/08/19 21:55:00",DDSF1,0
D,DISPATCH,UNIT_SCADA,1,"2019/08/19 21:55:00",DEVILS_G,60.248420
D,DISPATCH,UNIT_SCADA,1,"2019/08/19 21:55:00",DG_NSW1,0
D,DISPATCH,UNIT_SCADA,1,"2019/08/19 21:55:00",DG_QLD1,0
D,DISPATCH,UNIT_SCADA,1,"2019/08/19 21:55:00",DG_SA1,0
D,DISPATCH,UNIT_SCADA,1,"2019/08/19 21:55:00",DG_TAS1,0
D,DISPATCH,UNIT_SCADA,1,"2019/08/19 21:55:00",DG_VIC1,0
D,DISPATCH,UNIT_SCADA,1,"2019/08/19 21:55:00",DRYCGT1,0
D,DISPATCH,UNIT_SCADA,1,"2019/08/19 21:55:00",DRYCGT2,0
D,DISPATCH,UNIT_SCADA,1,"2019/08/19 21:55:00",DRYCGT3,0
D,DISPATCH,UNIT_SCADA,1,"2019/08/19 21:55:00",EILDON1,0
D,DISPATCH,UNIT_SCADA,1,"2019/08/19 21:55:00",EILDON2,0
D,DISPATCH,UNIT_SCADA,1,"2019/08/19 21:55:00",EMERASF1,0
D,DISPATCH,UNIT_SCADA,1,"2019/08/19 21:55:00",ER01,590.050050
D,DISPATCH,UNIT_SCADA,1,"2019/08/19 21:55:00",ER02,691.974980
D,DISPATCH,UNIT_SCADA,1,"2019/08/19 21:55:00",ER03,695.25
D,DISPATCH,UNIT_SCADA,1,"2019/08/19 21:55:00",ER04,694.200070
D,DISPATCH,UNIT_SCADA,1,"2019/08/19 21:55:00",FINLYSF1,0
D,DISPATCH,UNIT_SCADA,1,"2019/08/19 21:55:00",FISHER,45.92
D,DISPATCH,UNIT_SCADA,1,"2019/08/19 21:55:00",GANNBG1,14.588560
D,DISPATCH,UNIT_SCADA,1,"2019/08/19 21:55:00",GANNBL1,0
D,DISPATCH,UNIT_SCADA,1,"2019/08/19 21:55:00",GANNSF1,0
D,DISPATCH,UNIT_SCADA,1,"2019/08/19 21:55:00",GORDON,24.22
D,DISPATCH,UNIT_SCADA,1,"2019/08/19 21:55:00",GSTONE1,208.599990
D,DISPATCH,UNIT_SCADA,1,"2019/08/19 21:55:00",GSTONE2,219.80
D,DISPATCH,UNIT_SCADA,1,"2019/08/19 21:55:00",GSTONE3,226.099990
D,DISPATCH,UNIT_SCADA,1,"2019/08/19 21:55:00",GSTONE4,225.224990
D,DISPATCH,UNIT_SCADA,1,"2019/08/19 21:55:00",GSTONE5,225.5750
D,DISPATCH,UNIT_SCADA,1,"2019/08/19 21:55:00",GSTONE6,0
D,DISPATCH,UNIT_SCADA,1,"2019/08/19 21:55:00",GULLRSF1,0
D,DISPATCH,UNIT_SCADA,1,"2019/08/19 21:55:00",GULLRWF1,158.172390
D,DISPATCH,UNIT_SCADA,1,"2019/08/19 21:55:00",GUNNING1,42.938920
D,DISPATCH,UNIT_SCADA,1,"2019/08/19 21:55:00",GUTHEGA,0
D,DISPATCH,UNIT_SCADA,1,"2019/08/19 21:55:00",HALLWF1,54.83
D,DISPATCH,UNIT_SCADA,1,"2019/08/19 21:55:00",HALLWF2,48.15
D,DISPATCH,UNIT_SCADA,1,"2019/08/19 21:55:00",HAMISF1,0
D,DISPATCH,UNIT_SCADA,1,"2019/08/19 21:55:00",HAUGHT11,0
D,DISPATCH,UNIT_SCADA,1,"2019/08/19 21:55:00",HAYMSF1,0
D,DISPATCH,UNIT_SCADA,1,"2019/08/19 21:55:00",HDWF1,42.80
D,DISPATCH,UNIT_SCADA,1,"2019/08/19 21:55:00",HDWF2,29.20
D,DISPATCH,UNIT_SCADA,1,"2019/08/19 21:55:00",HDWF3,32.90
D,DISPATCH,UNIT_SCADA,1,"2019/08/19 21:55:00",HPRG1,2.20
D,DISPATCH,UNIT_SCADA,1,"2019/08/19 21:55:00",HPRL1,3.10
D,DISPATCH,UNIT_SCADA,1,"2019/08/19 21:55:00",HUMENSW,0
D,DISPATCH,UNIT_SCADA,1,"2019/08/19 21:55:00",HUMEV,8.50
D,DISPATCH,UNIT_SCADA,1,"2019/08/19 21:55:00",HVGTS,0
D,DISPATCH,UNIT_SCADA,1,"2019/08/19 21:55:00",JBUTTERS,119.71
D,DISPATCH,UNIT_SCADA,1,"2019/08/19 21:55:00",JLA01,0.50
D,DISPATCH,UNIT_SCADA,1,"2019/08/19 21:55:00",JLA02,0
D,DISPATCH,UNIT_SCADA,1,"2019/08/19 21:55:00",JLA03,0.10
D,DISPATCH,UNIT_SCADA,1,"2019/08/19 21:55:00",JLA04,0.10
D,DISPATCH,UNIT_SCADA,1,"2019/08/19 21:55:00",JLB01,0
D,DISPATCH,UNIT_SCADA,1,"2019/08/19 21:55:00",JLB02,0.10
D,DISPATCH,UNIT_SCADA,1,"2019/08/19 21:55:00",JLB03,0
D,DISPATCH,UNIT_SCADA,1,"2019/08/19 21:55:00",KAREEYA1,21.4625
D,DISPATCH,UNIT_SCADA,1,"2019/08/19 21:55:00",KAREEYA2,21.6625
D,DISPATCH,UNIT_SCADA,1,"2019/08/19 21:55:00",KAREEYA3,0
D,DISPATCH,UNIT_SCADA,1,"2019/08/19 21:55:00",KAREEYA4,21.5175
D,DISPATCH,UNIT_SCADA,1,"2019/08/19 21:55:00",KARSF1,0
D,DISPATCH,UNIT_SCADA,1,"2019/08/19 21:55:00",KIATAWF1,29.40
D,DISPATCH,UNIT_SCADA,1,"2019/08/19 21:55:00",KPP_1,0
D,DISPATCH,UNIT_SCADA,1,"2019/08/19 21:55:00",KSP1,0
D,DISPATCH,UNIT_SCADA,1,"2019/08/19 21:55:00",LADBROK1,43.13
D,DISPATCH,UNIT_SCADA,1,"2019/08/19 21:55:00",LADBROK2,42.50
D,DISPATCH,UNIT_SCADA,1,"2019/08/19 21:55:00",LD01,413.512480
D,DISPATCH,UNIT_SCADA,1,"2019/08/19 21:55:00",LD02,416.1937
D,DISPATCH,UNIT_SCADA,1,"2019/08/19 21:55:00",LD03,414.337460
D,DISPATCH,UNIT_SCADA,1,"2019/08/19 21:55:00",LD04,369.524960
D,DISPATCH,UNIT_SCADA,1,"2019/08/19 21:55:00",LEM_WIL,82.1178
D,DISPATCH,UNIT_SCADA,1,"2019/08/19 21:55:00",LGAPWF1,2.82
D,DISPATCH,UNIT_SCADA,1,"2019/08/19 21:55:00",LILYSF1,0
D,DISPATCH,UNIT_SCADA,1,"2019/08/19 21:55:00",LI_WY_CA,143.022220
D,DISPATCH,UNIT_SCADA,1,"2019/08/19 21:55:00",LKBONNY2,128.587630
D,DISPATCH,UNIT_SCADA,1,"2019/08/19 21:55:00",LKBONNY3,34.777110
D,DISPATCH,UNIT_SCADA,1,"2019/08/19 21:55:00",LK_ECHO,0
D,DISPATCH,UNIT_SCADA,1,"2019/08/19 21:55:00",LNGS1,0
D,DISPATCH,UNIT_SCADA,1,"2019/08/19 21:55:00",LNGS2,0
D,DISPATCH,UNIT_SCADA,1,"2019/08/19 21:55:00",LONSDALE,0
D,DISPATCH,UNIT_SCADA,1,"2019/08/19 21:55:00",LOYYB1,536.840520
D,DISPATCH,UNIT_SCADA,1,"2019/08/19 21:55:00",LOYYB2,582.330380
D,DISPATCH,UNIT_SCADA,1,"2019/08/19 21:55:00",LYA1,560
D,DISPATCH,UNIT_SCADA,1,"2019/08/19 21:55:00",LYA2,0
D,DISPATCH,UNIT_SCADA,1,"2019/08/19 21:55:00",LYA3,561
D,DISPATCH,UNIT_SCADA,1,"2019/08/19 21:55:00",LYA4,541
D,DISPATCH,UNIT_SCADA,1,"2019/08/19 21:55:00",MACARTH1,194.495510
D,DISPATCH,UNIT_SCADA,1,"2019/08/19 21:55:00",MACKAYGT,0
D,DISPATCH,UNIT_SCADA,1,"2019/08/19 21:55:00",MACKNTSH,85.210010
D,DISPATCH,UNIT_SCADA,1,"2019/08/19 21:55:00",MANSLR1,0
D,DISPATCH,UNIT_SCADA,1,"2019/08/19 21:55:00",MCKAY1,0.02
D,DISPATCH,UNIT_SCADA,1,"2019/08/19 21:55:00",MEADOWBK,33.838720
D,DISPATCH,UNIT_SCADA,1,"2019/08/19 21:55:00",MERCER01,122.79
D,DISPATCH,UNIT_SCADA,1,"2019/08/19 21:55:00",MEWF1,145.145860
D,DISPATCH,UNIT_SCADA,1,"2019/08/19 21:55:00",MINTARO,0
D,DISPATCH,UNIT_SCADA,1,"2019/08/19 21:55:00",MOREESF1,0
D,DISPATCH,UNIT_SCADA,1,"2019/08/19 21:55:00",MORTLK11,124
D,DISPATCH,UNIT_SCADA,1,"2019/08/19 21:55:00",MORTLK12,0
D,DISPATCH,UNIT_SCADA,1,"2019/08/19 21:55:00",MP1,275.199950
D,DISPATCH,UNIT_SCADA,1,"2019/08/19 21:55:00",MP2,0
D,DISPATCH,UNIT_SCADA,1,"2019/08/19 21:55:00",MPP_1,429.75
D,DISPATCH,UNIT_SCADA,1,"2019/08/19 21:55:00",MPP_2,434.75
D,DISPATCH,UNIT_SCADA,1,"2019/08/19 21:55:00",MSTUART1,0
D,DISPATCH,UNIT_SCADA,1,"2019/08/19 21:55:00",MSTUART2,0
D,DISPATCH,UNIT_SCADA,1,"2019/08/19 21:55:00",MSTUART3,0
D,DISPATCH,UNIT_SCADA,1,"2019/08/19 21:55:00",MTGELWF1,64.099550
D,DISPATCH,UNIT_SCADA,1,"2019/08/19 21:55:00",MURRAY,0
D,DISPATCH,UNIT_SCADA,1,"2019/08/19 21:55:00",MUSSELR1,165.50
D,DISPATCH,UNIT_SCADA,1,"2019/08/19 21:55:00",MUWAWF1,51.83
D,DISPATCH,UNIT_SCADA,1,"2019/08/19 21:55:00",NBHWF1,40.30
D,DISPATCH,UNIT_SCADA,1,"2019/08/19 21:55:00",NPS,117.75
D,DISPATCH,UNIT_SCADA,1,"2019/08/19 21:55:00",NUMURSF1,0
D,DISPATCH,UNIT_SCADA,1,"2019/08/19 21:55:00",NYNGAN1,0
D,DISPATCH,UNIT_SCADA,1,"2019/08/19 21:55:00",OAKEY1,0
D,DISPATCH,UNIT_SCADA,1,"2019/08/19 21:55:00",OAKEY1SF,0.05
D,DISPATCH,UNIT_SCADA,1,"2019/08/19 21:55:00",OAKEY2,0
D,DISPATCH,UNIT_SCADA,1,"2019/08/19 21:55:00",OAKLAND1,56
D,DISPATCH,UNIT_SCADA,1,"2019/08/19 21:55:00",OSB-AG,156.31
D,DISPATCH,UNIT_SCADA,1,"2019/08/19 21:55:00",PARSF1,0
D,DISPATCH,UNIT_SCADA,1,"2019/08/19 21:55:00",POAT110,1.247040
D,DISPATCH,UNIT_SCADA,1,"2019/08/19 21:55:00",POAT220,50.100880
D,DISPATCH,UNIT_SCADA,1,"2019/08/19 21:55:00",POR01,0
D,DISPATCH,UNIT_SCADA,1,"2019/08/19 21:55:00",POR03,0
D,DISPATCH,UNIT_SCADA,1,"2019/08/19 21:55:00",PPCCGT,497.695770
D,DISPATCH,UNIT_SCADA,1,"2019/08/19 21:55:00",PTSTAN1,0
D,DISPATCH,UNIT_SCADA,1,"2019/08/19 21:55:00",PUMP1,0
D,DISPATCH,UNIT_SCADA,1,"2019/08/19 21:55:00",PUMP2,0
D,DISPATCH,UNIT_SCADA,1,"2019/08/19 21:55:00",QPS1,29.10
D,DISPATCH,UNIT_SCADA,1,"2019/08/19 21:55:00",QPS2,0
D,DISPATCH,UNIT_SCADA,1,"2019/08/19 21:55:00",QPS3,0
D,DISPATCH,UNIT_SCADA,1,"2019/08/19 21:55:00",QPS4,0
D,DISPATCH,UNIT_SCADA,1,"2019/08/19 21:55:00",QPS5,0
D,DISPATCH,UNIT_SCADA,1,"2019/08/19 21:55:00",REECE1,114.190010
D,DISPATCH,UNIT_SCADA,1,"2019/08/19 21:55:00",REECE2,113.900010
D,DISPATCH,UNIT_SCADA,1,"2019/08/19 21:55:00",ROMA_7,0
D,DISPATCH,UNIT_SCADA,1,"2019/08/19 21:55:00",ROMA_8,0
D,DISPATCH,UNIT_SCADA,1,"2019/08/19 21:55:00",RRSF1,0
D,DISPATCH,UNIT_SCADA,1,"2019/08/19 21:55:00",RT_NSW1,0
D,DISPATCH,UNIT_SCADA,1,"2019/08/19 21:55:00",RT_NSW2,0
D,DISPATCH,UNIT_SCADA,1,"2019/08/19 21:55:00",RT_NSW3,0
D,DISPATCH,UNIT_SCADA,1,"2019/08/19 21:55:00",RT_NSW4,0
D,DISPATCH,UNIT_SCADA,1,"2019/08/19 21:55:00",RT_NSW5,0
D,DISPATCH,UNIT_SCADA,1,"2019/08/19 21:55:00",RT_NSW6,0
D,DISPATCH,UNIT_SCADA,1,"2019/08/19 21:55:00",RT_QLD1,0
D,DISPATCH,UNIT_SCADA,1,"2019/08/19 21:55:00",RT_SA1,0
D,DISPATCH,UNIT_SCADA,1,"2019/08/19 21:55:00",RT_SA2,0
D,DISPATCH,UNIT_SCADA,1,"2019/08/19 21:55:00",RT_SA3,0
D,DISPATCH,UNIT_SCADA,1,"2019/08/19 21:55:00",RT_SA4,0
D,DISPATCH,UNIT_SCADA,1,"2019/08/19 21:55:00",RT_SA5,0
D,DISPATCH,UNIT_SCADA,1,"2019/08/19 21:55:00",RT_SA6,0
D,DISPATCH,UNIT_SCADA,1,"2019/08/19 21:55:00",RT_TAS1,0
D,DISPATCH,UNIT_SCADA,1,"2019/08/19 21:55:00",RT_VIC1,0
D,DISPATCH,UNIT_SCADA,1,"2019/08/19 21:55:00",RT_VIC10,0
D,DISPATCH,UNIT_SCADA,1,"2019/08/19 21:55:00",RT_VIC11,0
D,DISPATCH,UNIT_SCADA,1,"2019/08/19 21:55:00",RT_VIC12,0
D,DISPATCH,UNIT_SCADA,1,"2019/08/19 21:55:00",RT_VIC2,0
D,DISPATCH,UNIT_SCADA,1,"2019/08/19 21:55:00",RT_VIC3,0
D,DISPATCH,UNIT_SCADA,1,"2019/08/19 21:55:00",RT_VIC4,0
D,DISPATCH,UNIT_SCADA,1,"2019/08/19 21:55:00",RT_VIC5,0
D,DISPATCH,UNIT_SCADA,1,"2019/08/19 21:55:00",RT_VIC6,0
D,DISPATCH,UNIT_SCADA,1,"2019/08/19 21:55:00",RT_VIC7,0
D,DISPATCH,UNIT_SCADA,1,"2019/08/19 21:55:00",RT_VIC8,0
D,DISPATCH,UNIT_SCADA,1,"2019/08/19 21:55:00",RT_VIC9,0
D,DISPATCH,UNIT_SCADA,1,"2019/08/19 21:55:00",RUGBYR1,0
D,DISPATCH,UNIT_SCADA,1,"2019/08/19 21:55:00",SALTCRK1,39.52
D,DISPATCH,UNIT_SCADA,1,"2019/08/19 21:55:00",SAPHWF1,237.121890
D,DISPATCH,UNIT_SCADA,1,"2019/08/19 21:55:00",SHGEN,0
D,DISPATCH,UNIT_SCADA,1,"2019/08/19 21:55:00",SHPUMP,0
D,DISPATCH,UNIT_SCADA,1,"2019/08/19 21:55:00",SITHE01,0.043330
D,DISPATCH,UNIT_SCADA,1,"2019/08/19 21:55:00",SMCSF1,0
D,DISPATCH,UNIT_SCADA,1,"2019/08/19 21:55:00",SNOWNTH1,15.70
D,DISPATCH,UNIT_SCADA,1,"2019/08/19 21:55:00",SNOWSTH1,28.80
D,DISPATCH,UNIT_SCADA,1,"2019/08/19 21:55:00",SNOWTWN1,22.809020
D,DISPATCH,UNIT_SCADA,1,"2019/08/19 21:55:00",SNOWYP,0
D,DISPATCH,UNIT_SCADA,1,"2019/08/19 21:55:00",SNUG1,0.019440
D,DISPATCH,UNIT_SCADA,1,"2019/08/19 21:55:00",SRSF1,0.30
D,DISPATCH,UNIT_SCADA,1,"2019/08/19 21:55:00",STAN-1,0
D,DISPATCH,UNIT_SCADA,1,"2019/08/19 21:55:00",STAN-2,311.805820
D,DISPATCH,UNIT_SCADA,1,"2019/08/19 21:55:00",STAN-3,316.074130
D,DISPATCH,UNIT_SCADA,1,"2019/08/19 21:55:00",STAN-4,311.434080
D,DISPATCH,UNIT_SCADA,1,"2019/08/19 21:55:00",STWF1,53.268770
D,DISPATCH,UNIT_SCADA,1,"2019/08/19 21:55:00",SWAN_E,0
D,DISPATCH,UNIT_SCADA,1,"2019/08/19 21:55:00",TALWA1,422
D,DISPATCH,UNIT_SCADA,1,"2019/08/19 21:55:00",TARALGA1,94.721240
D,DISPATCH,UNIT_SCADA,1,"2019/08/19 21:55:00",TARONG#1,333.100010
D,DISPATCH,UNIT_SCADA,1,"2019/08/19 21:55:00",TARONG#2,333
D,DISPATCH,UNIT_SCADA,1,"2019/08/19 21:55:00",TARONG#3,260
D,DISPATCH,UNIT_SCADA,1,"2019/08/19 21:55:00",TARONG#4,330.700010
D,DISPATCH,UNIT_SCADA,1,"2019/08/19 21:55:00",TARRALEA,78.90
D,DISPATCH,UNIT_SCADA,1,"2019/08/19 21:55:00",TBSF1,-0.20
D,DISPATCH,UNIT_SCADA,1,"2019/08/19 21:55:00",TNPS1,442.000030
D,DISPATCH,UNIT_SCADA,1,"2019/08/19 21:55:00",TORRA1,62.199030
D,DISPATCH,UNIT_SCADA,1,"2019/08/19 21:55:00",TORRA2,0
D,DISPATCH,UNIT_SCADA,1,"2019/08/19 21:55:00",TORRA3,53.554680
D,DISPATCH,UNIT_SCADA,1,"2019/08/19 21:55:00",TORRA4,0
D,DISPATCH,UNIT_SCADA,1,"2019/08/19 21:55:00",TORRB1,73.17
D,DISPATCH,UNIT_SCADA,1,"2019/08/19 21:55:00",TORRB2,152.39
D,DISPATCH,UNIT_SCADA,1,"2019/08/19 21:55:00",TORRB3,0
D,DISPATCH,UNIT_SCADA,1,"2019/08/19 21:55:00",TORRB4,0
D,DISPATCH,UNIT_SCADA,1,"2019/08/19 21:55:00",TREVALLN,39.690010
D,DISPATCH,UNIT_SCADA,1,"2019/08/19 21:55:00",TRIBUTE,45.04
D,DISPATCH,UNIT_SCADA,1,"2019/08/19 21:55:00",TUMUT3,131.379990
D,DISPATCH,UNIT_SCADA,1,"2019/08/19 21:55:00",TUNGATIN,120.620030
D,DISPATCH,UNIT_SCADA,1,"2019/08/19 21:55:00",TVCC201,0
D,DISPATCH,UNIT_SCADA,1,"2019/08/19 21:55:00",TVPP104,57.904710
D,DISPATCH,UNIT_SCADA,1,"2019/08/19 21:55:00",UPPTUMUT,0
D,DISPATCH,UNIT_SCADA,1,"2019/08/19 21:55:00",URANQ11,0
D,DISPATCH,UNIT_SCADA,1,"2019/08/19 21:55:00",URANQ12,0
D,DISPATCH,UNIT_SCADA,1,"2019/08/19 21:55:00",URANQ13,0
D,DISPATCH,UNIT_SCADA,1,"2019/08/19 21:55:00",URANQ14,0
D,DISPATCH,UNIT_SCADA,1,"2019/08/19 21:55:00",VP5,550.450010
D,DISPATCH,UNIT_SCADA,1,"2019/08/19 21:55:00",VP6,543.299990
D,DISPATCH,UNIT_SCADA,1,"2019/08/19 21:55:00",VPGS1,0
D,DISPATCH,UNIT_SCADA,1,"2019/08/19 21:55:00",VPGS2,0
D,DISPATCH,UNIT_SCADA,1,"2019/08/19 21:55:00",VPGS3,0
D,DISPATCH,UNIT_SCADA,1,"2019/08/19 21:55:00",VPGS4,0
D,DISPATCH,UNIT_SCADA,1,"2019/08/19 21:55:00",VPGS5,0
D,DISPATCH,UNIT_SCADA,1,"2019/08/19 21:55:00",VPGS6,0
D,DISPATCH,UNIT_SCADA,1,"2019/08/19 21:55:00",W/HOE#1,201.56
D,DISPATCH,UNIT_SCADA,1,"2019/08/19 21:55:00",W/HOE#2,0
D,DISPATCH,UNIT_SCADA,1,"2019/08/19 21:55:00",WATERLWF,90.40
D,DISPATCH,UNIT_SCADA,1,"2019/08/19 21:55:00",WEMENSF1,0
D,DISPATCH,UNIT_SCADA,1,"2019/08/19 21:55:00",WGWF1,41.90
D,DISPATCH,UNIT_SCADA,1,"2019/08/19 21:55:00",WHITSF1,0
D,DISPATCH,UNIT_SCADA,1,"2019/08/19 21:55:00",WKIEWA1,14.80
D,DISPATCH,UNIT_SCADA,1,"2019/08/19 21:55:00",WKIEWA2,15.10
D,DISPATCH,UNIT_SCADA,1,"2019/08/19 21:55:00",WOODLWN1,45.0090
D,DISPATCH,UNIT_SCADA,1,"2019/08/19 21:55:00",WRSF1,0
D,DISPATCH,UNIT_SCADA,1,"2019/08/19 21:55:00",WRWF1,136.763760
D,DISPATCH,UNIT_SCADA,1,"2019/08/19 21:55:00",YABULU,0
D,DISPATCH,UNIT_SCADA,1,"2019/08/19 21:55:00",YABULU2,0
D,DISPATCH,UNIT_SCADA,1,"2019/08/19 21:55:00",YARWUN_1,0
D,DISPATCH,UNIT_SCADA,1,"2019/08/19 21:55:00",YENDWF1,41.96
D,DISPATCH,UNIT_SCADA,1,"2019/08/19 21:55:00",YWPS1,376.189880
D,DISPATCH,UNIT_SCADA,1,"2019/08/19 21:55:00",YWPS2,273.931640
D,DISPATCH,UNIT_SCADA,1,"2019/08/19 21:55:00",YWPS3,0
D,DISPATCH,UNIT_SCADA,1,"2019/08/19 21:55:00",YWPS4,395.237980
C,"END OF REPORT",334
