C,NEMP.WORLD,DISPATCHSCADA,AEMO,PUBLIC,2019/09/04,14:10:07,0000000312385086,DISPATCHSCADA,0000000312385080
I,DISPATCH,UNIT_SCADA,1,SETTLEMENTDATE,DUID,SCADAVALUE
D,DISPATCH,UNIT_SCADA,1,"2019/09/04 14:15:00",BARCSF1,0.60
D,DISPATCH,UNIT_SCADA,1,"2019/09/04 14:15:00",BUTLERSG,-0.000002
D,DISPATCH,UNIT_SCADA,1,"2019/09/04 14:15:00",CALL_A_4,0
D,DISPATCH,UNIT_SCADA,1,"2019/09/04 14:15:00",CAPTL_WF,126.220001
D,DISPATCH,UNIT_SCADA,1,"2019/09/04 14:15:00",CATHROCK,0
D,DISPATCH,UNIT_SCADA,1,"2019/09/04 14:15:00",CHALLHWF,0
D,DISPATCH,UNIT_SCADA,1,"2019/09/04 14:15:00",CLOVER,-0.01
D,DISPATCH,UNIT_SCADA,1,"2019/09/04 14:15:00",CLUNY,11.996796
D,DISPATCH,UNIT_SCADA,1,"2019/09/04 14:15:00",CNUNDAWF,4.405139
D,DISPATCH,UNIT_SCADA,1,"2019/09/04 14:15:00",CULLRGWF,30.23
D,DISPATCH,UNIT_SCADA,1,"2019/09/04 14:15:00",ERGT01,0
D,DISPATCH,UNIT_SCADA,1,"2019/09/04 14:15:00",GB01,0.005852
D,DISPATCH,UNIT_SCADA,1,"2019/09/04 14:15:00",GERMCRK,30
D,DISPATCH,UNIT_SCADA,1,"2019/09/04 14:15:00",GRIFSF1,25.199997
D,DISPATCH,UNIT_SCADA,1,"2019/09/04 14:15:00",HUGSF1,9.0010
D,DISPATCH,UNIT_SCADA,1,"2019/09/04 14:15:00",LKBONNY1,5.090634
D,DISPATCH,UNIT_SCADA,1,"2019/09/04 14:15:00",LRSF1,12.8830
D,DISPATCH,UNIT_SCADA,1,"2019/09/04 14:15:00",MBAHNTH,26.718750
D,DISPATCH,UNIT_SCADA,1,"2019/09/04 14:15:00",MLSP1,3.253001
D,DISPATCH,UNIT_SCADA,1,"2019/09/04 14:15:00",MLWF1,3.27
D,DISPATCH,UNIT_SCADA,1,"2019/09/04 14:15:00",MTMILLAR,-0.055810
D,DISPATCH,UNIT_SCADA,1,"2019/09/04 14:15:00",PALOONA,24.32
D,DISPATCH,UNIT_SCADA,1,"2019/09/04 14:15:00",PIONEER,8.60
D,DISPATCH,UNIT_SCADA,1,"2019/09/04 14:15:00",PORTWF,12.80
D,DISPATCH,UNIT_SCADA,1,"2019/09/04 14:15:00",REPULSE,19.893492
D,DISPATCH,UNIT_SCADA,1,"2019/09/04 14:15:00",ROWALLAN,10.3660
D,DISPATCH,UNIT_SCADA,1,"2019/09/04 14:15:00",ROYALLA1,7.588001
D,DISPATCH,UNIT_SCADA,1,"2019/09/04 14:15:00",RPCG,-0.40
D,DISPATCH,UNIT_SCADA,1,"2019/09/04 14:15:00",RUBICON,0
D,DISPATCH,UNIT_SCADA,1,"2019/09/04 14:15:00",SATGN1,0
D,DISPATCH,UNIT_SCADA,1,"2019/09/04 14:15:00",SATGS1,0
D,DISPATCH,UNIT_SCADA,1,"2019/09/04 14:15:00",STARHLWF,0.499854
D,DISPATCH,UNIT_SCADA,1,"2019/09/04 14:15:00",WAUBRAWF,25.160999
D,DISPATCH,UNIT_SCADA,1,"2019/09/04 14:15:00",WOOLNTH1,84.600021
D,DISPATCH,UNIT_SCADA,1,"2019/09/04 14:15:00",WPWF,2
D,DISPATCH,UNIT_SCADA,1,"2019/09/04 14:15:00",YAMBUKWF,2.20
D,DISPATCH,UNIT_SCADA,1,"2019/09/04 14:15:00",YSWF1,16.40
D,DISPATCH,UNIT_SCADA,1,"2019/09/04 14:15:00",AGLHAL,0
D,DISPATCH,UNIT_SCADA,1,"2019/09/04 14:15:00",AGLSOM,0
D,DISPATCH,UNIT_SCADA,1,"2019/09/04 14:15:00",ANGAST1,0
D,DISPATCH,UNIT_SCADA,1,"2019/09/04 14:15:00",ARWF1,19.70
D,DISPATCH,UNIT_SCADA,1,"2019/09/04 14:15:00",BALBG1,7.24
D,DISPATCH,UNIT_SCADA,1,"2019/09/04 14:15:00",BALBL1,0
D,DISPATCH,UNIT_SCADA,1,"2019/09/04 14:15:00",BALDHWF1,45.5830
D,DISPATCH,UNIT_SCADA,1,"2019/09/04 14:15:00",BANN1,27.94
D,DISPATCH,UNIT_SCADA,1,"2019/09/04 14:15:00",BARCALDN,0
D,DISPATCH,UNIT_SCADA,1,"2019/09/04 14:15:00",BARRON-1,15.12
D,DISPATCH,UNIT_SCADA,1,"2019/09/04 14:15:00",BARRON-2,0
D,DISPATCH,UNIT_SCADA,1,"2019/09/04 14:15:00",BASTYAN,80.060010
D,DISPATCH,UNIT_SCADA,1,"2019/09/04 14:15:00",BBTHREE1,0
D,DISPATCH,UNIT_SCADA,1,"2019/09/04 14:15:00",BBTHREE2,0
D,DISPATCH,UNIT_SCADA,1,"2019/09/04 14:15:00",BBTHREE3,0
D,DISPATCH,UNIT_SCADA,1,"2019/09/04 14:15:00",BDL01,0
D,DISPATCH,UNIT_SCADA,1,"2019/09/04 14:15:00",BDL02,0
D,DISPATCH,UNIT_SCADA,1,"2019/09/04 14:15:00",BERYLSF1,76.627980
D,DISPATCH,UNIT_SCADA,1,"2019/09/04 14:15:00",BLOWERNG,11.10
D,DISPATCH,UNIT_SCADA,1,"2019/09/04 14:15:00",BLUFF1,0
D,DISPATCH,UNIT_SCADA,1,"2019/09/04 14:15:00",BNGSF1,96.14
D,DISPATCH,UNIT_SCADA,1,"2019/09/04 14:15:00",BNGSF2,20.03
D,DISPATCH,UNIT_SCADA,1,"2019/09/04 14:15:00",BOCORWF1,76.11
D,DISPATCH,UNIT_SCADA,1,"2019/09/04 14:15:00",BODWF1,71.230710
D,DISPATCH,UNIT_SCADA,1,"2019/09/04 14:15:00",BRAEMAR1,0
D,DISPATCH,UNIT_SCADA,1,"2019/09/04 14:15:00",BRAEMAR2,0
D,DISPATCH,UNIT_SCADA,1,"2019/09/04 14:15:00",BRAEMAR3,0
D,DISPATCH,UNIT_SCADA,1,"2019/09/04 14:15:00",BRAEMAR5,0
D,DISPATCH,UNIT_SCADA,1,"2019/09/04 14:15:00",BRAEMAR6,0
D,DISPATCH,UNIT_SCADA,1,"2019/09/04 14:15:00",BRAEMAR7,0
D,DISPATCH,UNIT_SCADA,1,"2019/09/04 14:15:00",BROKENH1,28.978270
D,DISPATCH,UNIT_SCADA,1,"2019/09/04 14:15:00",BW01,599.950070
D,DISPATCH,UNIT_SCADA,1,"2019/09/04 14:15:00",BW02,596.9751
D,DISPATCH,UNIT_SCADA,1,"2019/09/04 14:15:00",BW03,600
D,DISPATCH,UNIT_SCADA,1,"2019/09/04 14:15:00",BW04,0
D,DISPATCH,UNIT_SCADA,1,"2019/09/04 14:15:00",CALL_B_1,159.100010
D,DISPATCH,UNIT_SCADA,1,"2019/09/04 14:15:00",CALL_B_2,159.50
D,DISPATCH,UNIT_SCADA,1,"2019/09/04 14:15:00",CETHANA,35.615120
D,DISPATCH,UNIT_SCADA,1,"2019/09/04 14:15:00",CG1,0
D,DISPATCH,UNIT_SCADA,1,"2019/09/04 14:15:00",CG2,0
D,DISPATCH,UNIT_SCADA,1,"2019/09/04 14:15:00",CG3,0
D,DISPATCH,UNIT_SCADA,1,"2019/09/04 14:15:00",CG4,0
D,DISPATCH,UNIT_SCADA,1,"2019/09/04 14:15:00",CHILDSF1,51.29
D,DISPATCH,UNIT_SCADA,1,"2019/09/04 14:15:00",CLARESF1,0
D,DISPATCH,UNIT_SCADA,1,"2019/09/04 14:15:00",CLEMGPWF,-0.432210
D,DISPATCH,UNIT_SCADA,1,"2019/09/04 14:15:00",CLERMSF1,0.88
D,DISPATCH,UNIT_SCADA,1,"2019/09/04 14:15:00",COLEASF1,47.70
D,DISPATCH,UNIT_SCADA,1,"2019/09/04 14:15:00",COOPGWF1,0
D,DISPATCH,UNIT_SCADA,1,"2019/09/04 14:15:00",CPP_3,198.275010
D,DISPATCH,UNIT_SCADA,1,"2019/09/04 14:15:00",CPP_4,169.1250
D,DISPATCH,UNIT_SCADA,1,"2019/09/04 14:15:00",CPSA,73.390630
D,DISPATCH,UNIT_SCADA,1,"2019/09/04 14:15:00",CROOKWF2,88.903750
D,DISPATCH,UNIT_SCADA,1,"2019/09/04 14:15:00",CROWLWF1,7.459580
D,DISPATCH,UNIT_SCADA,1,"2019/09/04 14:15:00",CSPVPS1,32.0530
D,DISPATCH,UNIT_SCADA,1,"2019/09/04 14:15:00",DALNTH01,0
D,DISPATCH,UNIT_SCADA,1,"2019/09/04 14:15:00",DALNTHL1,0.053410
D,DISPATCH,UNIT_SCADA,1,"2019/09/04 14:15:00",DARTM1,0
D,DISPATCH,UNIT_SCADA,1,"2019/09/04 14:15:00",DAYDSF1,0
D,DISPATCH,UNIT_SCADA,1,"2019/09/04 14:15:00",DDPS1,0
D,DISPATCH,UNIT_SCADA,1,"2019/09/04 14:15:00",DDSF1,97.021950
D,DISPATCH,UNIT_SCADA,1,"2019/09/04 14:15:00",DEVILS_G,55.319070
D,DISPATCH,UNIT_SCADA,1,"2019/09/04 14:15:00",DG_NSW1,0
D,DISPATCH,UNIT_SCADA,1,"2019/09/04 14:15:00",DG_QLD1,0
D,DISPATCH,UNIT_SCADA,1,"2019/09/04 14:15:00",DG_SA1,0
D,DISPATCH,UNIT_SCADA,1,"2019/09/04 14:15:00",DG_TAS1,0
D,DISPATCH,UNIT_SCADA,1,"2019/09/04 14:15:00",DG_VIC1,0
D,DISPATCH,UNIT_SCADA,1,"2019/09/04 14:15:00",DRYCGT1,0
D,DISPATCH,UNIT_SCADA,1,"2019/09/04 14:15:00",DRYCGT2,0
D,DISPATCH,UNIT_SCADA,1,"2019/09/04 14:15:00",DRYCGT3,0
D,DISPATCH,UNIT_SCADA,1,"2019/09/04 14:15:00",EILDON1,0
D,DISPATCH,UNIT_SCADA,1,"2019/09/04 14:15:00",EILDON2,0
D,DISPATCH,UNIT_SCADA,1,"2019/09/04 14:15:00",EMERASF1,0.18
D,DISPATCH,UNIT_SCADA,1,"2019/09/04 14:15:00",ER01,591.849980
D,DISPATCH,UNIT_SCADA,1,"2019/09/04 14:15:00",ER02,699.474980
D,DISPATCH,UNIT_SCADA,1,"2019/09/04 14:15:00",ER03,0
D,DISPATCH,UNIT_SCADA,1,"2019/09/04 14:15:00",ER04,698.6250
D,DISPATCH,UNIT_SCADA,1,"2019/09/04 14:15:00",FINLYSF1,6.012510
D,DISPATCH,UNIT_SCADA,1,"2019/09/04 14:15:00",FISHER,0
D,DISPATCH,UNIT_SCADA,1,"2019/09/04 14:15:00",GANNBG1,7.321530
D,DISPATCH,UNIT_SCADA,1,"2019/09/04 14:15:00",GANNBL1,0
D,DISPATCH,UNIT_SCADA,1,"2019/09/04 14:15:00",GANNSF1,4.80
D,DISPATCH,UNIT_SCADA,1,"2019/09/04 14:15:00",GORDON,18.213440
D,DISPATCH,UNIT_SCADA,1,"2019/09/04 14:15:00",GSTONE1,139.649990
D,DISPATCH,UNIT_SCADA,1,"2019/09/04 14:15:00",GSTONE2,109.90
D,DISPATCH,UNIT_SCADA,1,"2019/09/04 14:15:00",GSTONE3,0
D,DISPATCH,UNIT_SCADA,1,"2019/09/04 14:15:00",GSTONE4,140.1750
D,DISPATCH,UNIT_SCADA,1,"2019/09/04 14:15:00",GSTONE5,136.50
D,DISPATCH,UNIT_SCADA,1,"2019/09/04 14:15:00",GSTONE6,138.4250
D,DISPATCH,UNIT_SCADA,1,"2019/09/04 14:15:00",GULLRSF1,9.0621
D,DISPATCH,UNIT_SCADA,1,"2019/09/04 14:15:00",GULLRWF1,136.6998
D,DISPATCH,UNIT_SCADA,1,"2019/09/04 14:15:00",GUNNING1,35.326370
D,DISPATCH,UNIT_SCADA,1,"2019/09/04 14:15:00",GUTHEGA,0
D,DISPATCH,UNIT_SCADA,1,"2019/09/04 14:15:00",HALLWF1,-0.57
D,DISPATCH,UNIT_SCADA,1,"2019/09/04 14:15:00",HALLWF2,-0.32
D,DISPATCH,UNIT_SCADA,1,"2019/09/04 14:15:00",HAMISF1,44.10
D,DISPATCH,UNIT_SCADA,1,"2019/09/04 14:15:00",HAUGHT11,50.032640
D,DISPATCH,UNIT_SCADA,1,"2019/09/04 14:15:00",HAYMSF1,40.4190
D,DISPATCH,UNIT_SCADA,1,"2019/09/04 14:15:00",HDWF1,1.60
D,DISPATCH,UNIT_SCADA,1,"2019/09/04 14:15:00",HDWF2,3.90
D,DISPATCH,UNIT_SCADA,1,"2019/09/04 14:15:00",HDWF3,3.60
D,DISPATCH,UNIT_SCADA,1,"2019/09/04 14:15:00",HPRG1,0
D,DISPATCH,UNIT_SCADA,1,"2019/09/04 14:15:00",HPRL1,0.10
D,DISPATCH,UNIT_SCADA,1,"2019/09/04 14:15:00",HUMENSW,0
D,DISPATCH,UNIT_SCADA,1,"2019/09/04 14:15:00",HUMEV,25.80
D,DISPATCH,UNIT_SCADA,1,"2019/09/04 14:15:00",HVGTS,0
D,DISPATCH,UNIT_SCADA,1,"2019/09/04 14:15:00",JBUTTERS,31.65
D,DISPATCH,UNIT_SCADA,1,"2019/09/04 14:15:00",JLA01,51.60
D,DISPATCH,UNIT_SCADA,1,"2019/09/04 14:15:00",JLA02,0
D,DISPATCH,UNIT_SCADA,1,"2019/09/04 14:15:00",JLA03,0
D,DISPATCH,UNIT_SCADA,1,"2019/09/04 14:15:00",JLA04,0
D,DISPATCH,UNIT_SCADA,1,"2019/09/04 14:15:00",JLB01,0
D,DISPATCH,UNIT_SCADA,1,"2019/09/04 14:15:00",JLB02,0.10
D,DISPATCH,UNIT_SCADA,1,"2019/09/04 14:15:00",JLB03,0
D,DISPATCH,UNIT_SCADA,1,"2019/09/04 14:15:00",KAREEYA1,21.52
D,DISPATCH,UNIT_SCADA,1,"2019/09/04 14:15:00",KAREEYA2,21.6525
D,DISPATCH,UNIT_SCADA,1,"2019/09/04 14:15:00",KAREEYA3,0
D,DISPATCH,UNIT_SCADA,1,"2019/09/04 14:15:00",KAREEYA4,21.6850
D,DISPATCH,UNIT_SCADA,1,"2019/09/04 14:15:00",KARSF1,24.80
D,DISPATCH,UNIT_SCADA,1,"2019/09/04 14:15:00",KIATAWF1,3.80
D,DISPATCH,UNIT_SCADA,1,"2019/09/04 14:15:00",KPP_1,0
D,DISPATCH,UNIT_SCADA,1,"2019/09/04 14:15:00",KSP1,0
D,DISPATCH,UNIT_SCADA,1,"2019/09/04 14:15:00",LADBROK1,0
D,DISPATCH,UNIT_SCADA,1,"2019/09/04 14:15:00",LADBROK2,0
D,DISPATCH,UNIT_SCADA,1,"2019/09/04 14:15:00",LD01,377.137480
D,DISPATCH,UNIT_SCADA,1,"2019/09/04 14:15:00",LD02,380.718750
D,DISPATCH,UNIT_SCADA,1,"2019/09/04 14:15:00",LD03,379.912510
D,DISPATCH,UNIT_SCADA,1,"2019/09/04 14:15:00",LD04,346.4812
D,DISPATCH,UNIT_SCADA,1,"2019/09/04 14:15:00",LEM_WIL,85.489650
D,DISPATCH,UNIT_SCADA,1,"2019/09/04 14:15:00",LGAPWF1,2.80
D,DISPATCH,UNIT_SCADA,1,"2019/09/04 14:15:00",LILYSF1,88.080380
D,DISPATCH,UNIT_SCADA,1,"2019/09/04 14:15:00",LI_WY_CA,99.668430
D,DISPATCH,UNIT_SCADA,1,"2019/09/04 14:15:00",LKBONNY2,12.324640
D,DISPATCH,UNIT_SCADA,1,"2019/09/04 14:15:00",LKBONNY3,2.623630
D,DISPATCH,UNIT_SCADA,1,"2019/09/04 14:15:00",LK_ECHO,0
D,DISPATCH,UNIT_SCADA,1,"2019/09/04 14:15:00",LNGS1,0
D,DISPATCH,UNIT_SCADA,1,"2019/09/04 14:15:00",LNGS2,0
D,DISPATCH,UNIT_SCADA,1,"2019/09/04 14:15:00",LONSDALE,0
D,DISPATCH,UNIT_SCADA,1,"2019/09/04 14:15:00",LOYYB1,536.088620
D,DISPATCH,UNIT_SCADA,1,"2019/09/04 14:15:00",LOYYB2,583.458250
D,DISPATCH,UNIT_SCADA,1,"2019/09/04 14:15:00",LYA1,0
D,DISPATCH,UNIT_SCADA,1,"2019/09/04 14:15:00",LYA2,0
D,DISPATCH,UNIT_SCADA,1,"2019/09/04 14:15:00",LYA3,559
D,DISPATCH,UNIT_SCADA,1,"2019/09/04 14:15:00",LYA4,539
D,DISPATCH,UNIT_SCADA,1,"2019/09/04 14:15:00",MACARTH1,0
D,DISPATCH,UNIT_SCADA,1,"2019/09/04 14:15:00",MACKAYGT,0.2240
D,DISPATCH,UNIT_SCADA,1,"2019/09/04 14:15:00",MACKNTSH,88.45
D,DISPATCH,UNIT_SCADA,1,"2019/09/04 14:15:00",MANSLR1,40.8140
D,DISPATCH,UNIT_SCADA,1,"2019/09/04 14:15:00",MCKAY1,0.0750
D,DISPATCH,UNIT_SCADA,1,"2019/09/04 14:15:00",MEADOWBK,24.8646
D,DISPATCH,UNIT_SCADA,1,"2019/09/04 14:15:00",MERCER01,65.9040
D,DISPATCH,UNIT_SCADA,1,"2019/09/04 14:15:00",MEWF1,71.3728
D,DISPATCH,UNIT_SCADA,1,"2019/09/04 14:15:00",MINTARO,0
D,DISPATCH,UNIT_SCADA,1,"2019/09/04 14:15:00",MOREESF1,49.2540
D,DISPATCH,UNIT_SCADA,1,"2019/09/04 14:15:00",MORTLK11,259
D,DISPATCH,UNIT_SCADA,1,"2019/09/04 14:15:00",MORTLK12,0
D,DISPATCH,UNIT_SCADA,1,"2019/09/04 14:15:00",MP1,220.174990
D,DISPATCH,UNIT_SCADA,1,"2019/09/04 14:15:00",MP2,0
D,DISPATCH,UNIT_SCADA,1,"2019/09/04 14:15:00",MPP_1,281
D,DISPATCH,UNIT_SCADA,1,"2019/09/04 14:15:00",MPP_2,292.50
D,DISPATCH,UNIT_SCADA,1,"2019/09/04 14:15:00",MSTUART1,0
D,DISPATCH,UNIT_SCADA,1,"2019/09/04 14:15:00",MSTUART2,0
D,DISPATCH,UNIT_SCADA,1,"2019/09/04 14:15:00",MSTUART3,0
D,DISPATCH,UNIT_SCADA,1,"2019/09/04 14:15:00",MTGELWF1,63.2313
D,DISPATCH,UNIT_SCADA,1,"2019/09/04 14:15:00",MURRAY,0
D,DISPATCH,UNIT_SCADA,1,"2019/09/04 14:15:00",MUSSELR1,158.100010
D,DISPATCH,UNIT_SCADA,1,"2019/09/04 14:15:00",MUWAWF1,6.37
D,DISPATCH,UNIT_SCADA,1,"2019/09/04 14:15:00",NBHWF1,-0.40
D,DISPATCH,UNIT_SCADA,1,"2019/09/04 14:15:00",NPS,49.8750
D,DISPATCH,UNIT_SCADA,1,"2019/09/04 14:15:00",NUMURSF1,27.92
D,DISPATCH,UNIT_SCADA,1,"2019/09/04 14:15:00",NYNGAN1,91.50
D,DISPATCH,UNIT_SCADA,1,"2019/09/04 14:15:00",OAKEY1,0
D,DISPATCH,UNIT_SCADA,1,"2019/09/04 14:15:00",OAKEY1SF,24.1620
D,DISPATCH,UNIT_SCADA,1,"2019/09/04 14:15:00",OAKEY2,0
D,DISPATCH,UNIT_SCADA,1,"2019/09/04 14:15:00",OAKEY2SF,0
D,DISPATCH,UNIT_SCADA,1,"2019/09/04 14:15:00",OAKLAND1,6.20
D,DISPATCH,UNIT_SCADA,1,"2019/09/04 14:15:00",OSB-AG,179.17
D,DISPATCH,UNIT_SCADA,1,"2019/09/04 14:15:00",PARSF1,46.903120
D,DISPATCH,UNIT_SCADA,1,"2019/09/04 14:15:00",POAT110,0
D,DISPATCH,UNIT_SCADA,1,"2019/09/04 14:15:00",POAT220,22.83
D,DISPATCH,UNIT_SCADA,1,"2019/09/04 14:15:00",POR01,0
D,DISPATCH,UNIT_SCADA,1,"2019/09/04 14:15:00",POR03,0
D,DISPATCH,UNIT_SCADA,1,"2019/09/04 14:15:00",PPCCGT,483.602570
D,DISPATCH,UNIT_SCADA,1,"2019/09/04 14:15:00",PTSTAN1,0
D,DISPATCH,UNIT_SCADA,1,"2019/09/04 14:15:00",PUMP1,0
D,DISPATCH,UNIT_SCADA,1,"2019/09/04 14:15:00",PUMP2,0
D,DISPATCH,UNIT_SCADA,1,"2019/09/04 14:15:00",QPS1,0
D,DISPATCH,UNIT_SCADA,1,"2019/09/04 14:15:00",QPS2,0
D,DISPATCH,UNIT_SCADA,1,"2019/09/04 14:15:00",QPS3,0
D,DISPATCH,UNIT_SCADA,1,"2019/09/04 14:15:00",QPS4,0
D,DISPATCH,UNIT_SCADA,1,"2019/09/04 14:15:00",QPS5,0
D,DISPATCH,UNIT_SCADA,1,"2019/09/04 14:15:00",REECE1,118.220010
D,DISPATCH,UNIT_SCADA,1,"2019/09/04 14:15:00",REECE2,99.780010
D,DISPATCH,UNIT_SCADA,1,"2019/09/04 14:15:00",ROMA_7,0
D,DISPATCH,UNIT_SCADA,1,"2019/09/04 14:15:00",ROMA_8,0
D,DISPATCH,UNIT_SCADA,1,"2019/09/04 14:15:00",RRSF1,115.076260
D,DISPATCH,UNIT_SCADA,1,"2019/09/04 14:15:00",RT_NSW1,0
D,DISPATCH,UNIT_SCADA,1,"2019/09/04 14:15:00",RT_NSW2,0
D,DISPATCH,UNIT_SCADA,1,"2019/09/04 14:15:00",RT_NSW3,0
D,DISPATCH,UNIT_SCADA,1,"2019/09/04 14:15:00",RT_NSW4,0
D,DISPATCH,UNIT_SCADA,1,"2019/09/04 14:15:00",RT_NSW5,0
D,DISPATCH,UNIT_SCADA,1,"2019/09/04 14:15:00",RT_NSW6,0
D,DISPATCH,UNIT_SCADA,1,"2019/09/04 14:15:00",RT_QLD1,0
D,DISPATCH,UNIT_SCADA,1,"2019/09/04 14:15:00",RT_SA1,0
D,DISPATCH,UNIT_SCADA,1,"2019/09/04 14:15:00",RT_SA2,0
D,DISPATCH,UNIT_SCADA,1,"2019/09/04 14:15:00",RT_SA3,0
D,DISPATCH,UNIT_SCADA,1,"2019/09/04 14:15:00",RT_SA4,0
D,DISPATCH,UNIT_SCADA,1,"2019/09/04 14:15:00",RT_SA5,0
D,DISPATCH,UNIT_SCADA,1,"2019/09/04 14:15:00",RT_SA6,0
D,DISPATCH,UNIT_SCADA,1,"2019/09/04 14:15:00",RT_TAS1,0
D,DISPATCH,UNIT_SCADA,1,"2019/09/04 14:15:00",RT_VIC1,0
D,DISPATCH,UNIT_SCADA,1,"2019/09/04 14:15:00",RT_VIC10,0
D,DISPATCH,UNIT_SCADA,1,"2019/09/04 14:15:00",RT_VIC11,0
D,DISPATCH,UNIT_SCADA,1,"2019/09/04 14:15:00",RT_VIC12,0
D,DISPATCH,UNIT_SCADA,1,"2019/09/04 14:15:00",RT_VIC2,0
D,DISPATCH,UNIT_SCADA,1,"2019/09/04 14:15:00",RT_VIC3,0
D,DISPATCH,UNIT_SCADA,1,"2019/09/04 14:15:00",RT_VIC4,0
D,DISPATCH,UNIT_SCADA,1,"2019/09/04 14:15:00",RT_VIC5,0
D,DISPATCH,UNIT_SCADA,1,"2019/09/04 14:15:00",RT_VIC6,0
D,DISPATCH,UNIT_SCADA,1,"2019/09/04 14:15:00",RT_VIC7,0
D,DISPATCH,UNIT_SCADA,1,"2019/09/04 14:15:00",RT_VIC8,0
D,DISPATCH,UNIT_SCADA,1,"2019/09/04 14:15:00",RT_VIC9,0
D,DISPATCH,UNIT_SCADA,1,"2019/09/04 14:15:00",RUGBYR1,58.396670
D,DISPATCH,UNIT_SCADA,1,"2019/09/04 14:15:00",SALTCRK1,8.33
D,DISPATCH,UNIT_SCADA,1,"2019/09/04 14:15:00",SAPHWF1,191.756230
D,DISPATCH,UNIT_SCADA,1,"2019/09/04 14:15:00",SHGEN,0
D,DISPATCH,UNIT_SCADA,1,"2019/09/04 14:15:00",SHPUMP,158.553220
D,DISPATCH,UNIT_SCADA,1,"2019/09/04 14:15:00",SITHE01,0.1840
D,DISPATCH,UNIT_SCADA,1,"2019/09/04 14:15:00",SMCSF1,76.882470
D,DISPATCH,UNIT_SCADA,1,"2019/09/04 14:15:00",SNOWNTH1,0
D,DISPATCH,UNIT_SCADA,1,"2019/09/04 14:15:00",SNOWSTH1,0
D,DISPATCH,UNIT_SCADA,1,"2019/09/04 14:15:00",SNOWTWN1,-0.498140
D,DISPATCH,UNIT_SCADA,1,"2019/09/04 14:15:00",SNOWYP,0
D,DISPATCH,UNIT_SCADA,1,"2019/09/04 14:15:00",SNUG1,0.019440
D,DISPATCH,UNIT_SCADA,1,"2019/09/04 14:15:00",SRSF1,34.61
D,DISPATCH,UNIT_SCADA,1,"2019/09/04 14:15:00",STAN-1,365.640560
D,DISPATCH,UNIT_SCADA,1,"2019/09/04 14:15:00",STAN-2,252.741380
D,DISPATCH,UNIT_SCADA,1,"2019/09/04 14:15:00",STAN-3,252.010770
D,DISPATCH,UNIT_SCADA,1,"2019/09/04 14:15:00",STAN-4,248.614040
D,DISPATCH,UNIT_SCADA,1,"2019/09/04 14:15:00",STWF1,39.723750
D,DISPATCH,UNIT_SCADA,1,"2019/09/04 14:15:00",SWAN_E,0
D,DISPATCH,UNIT_SCADA,1,"2019/09/04 14:15:00",TALWA1,410
D,DISPATCH,UNIT_SCADA,1,"2019/09/04 14:15:00",TARALGA1,91.833740
D,DISPATCH,UNIT_SCADA,1,"2019/09/04 14:15:00",TARONG#1,347.700010
D,DISPATCH,UNIT_SCADA,1,"2019/09/04 14:15:00",TARONG#2,0
D,DISPATCH,UNIT_SCADA,1,"2019/09/04 14:15:00",TARONG#3,278.800020
D,DISPATCH,UNIT_SCADA,1,"2019/09/04 14:15:00",TARONG#4,349.50
D,DISPATCH,UNIT_SCADA,1,"2019/09/04 14:15:00",TARRALEA,75.70
D,DISPATCH,UNIT_SCADA,1,"2019/09/04 14:15:00",TBSF1,25.20
D,DISPATCH,UNIT_SCADA,1,"2019/09/04 14:15:00",TNPS1,442.000030
D,DISPATCH,UNIT_SCADA,1,"2019/09/04 14:15:00",TORRA1,75.133820
D,DISPATCH,UNIT_SCADA,1,"2019/09/04 14:15:00",TORRA2,0
D,DISPATCH,UNIT_SCADA,1,"2019/09/04 14:15:00",TORRA3,0
D,DISPATCH,UNIT_SCADA,1,"2019/09/04 14:15:00",TORRA4,70.596920
D,DISPATCH,UNIT_SCADA,1,"2019/09/04 14:15:00",TORRB1,102.53
D,DISPATCH,UNIT_SCADA,1,"2019/09/04 14:15:00",TORRB2,99.79
D,DISPATCH,UNIT_SCADA,1,"2019/09/04 14:15:00",TORRB3,102.98
D,DISPATCH,UNIT_SCADA,1,"2019/09/04 14:15:00",TORRB4,0
D,DISPATCH,UNIT_SCADA,1,"2019/09/04 14:15:00",TREVALLN,0
D,DISPATCH,UNIT_SCADA,1,"2019/09/04 14:15:00",TRIBUTE,0
D,DISPATCH,UNIT_SCADA,1,"2019/09/04 14:15:00",TUMUT3,0
D,DISPATCH,UNIT_SCADA,1,"2019/09/04 14:15:00",TUNGATIN,5.30
D,DISPATCH,UNIT_SCADA,1,"2019/09/04 14:15:00",TVCC201,0
D,DISPATCH,UNIT_SCADA,1,"2019/09/04 14:15:00",TVPP104,0
D,DISPATCH,UNIT_SCADA,1,"2019/09/04 14:15:00",UPPTUMUT,130.564060
D,DISPATCH,UNIT_SCADA,1,"2019/09/04 14:15:00",URANQ11,0
D,DISPATCH,UNIT_SCADA,1,"2019/09/04 14:15:00",URANQ12,0
D,DISPATCH,UNIT_SCADA,1,"2019/09/04 14:15:00",URANQ13,155.100010
D,DISPATCH,UNIT_SCADA,1,"2019/09/04 14:15:00",URANQ14,0
D,DISPATCH,UNIT_SCADA,1,"2019/09/04 14:15:00",VP5,493.100040
D,DISPATCH,UNIT_SCADA,1,"2019/09/04 14:15:00",VP6,0
D,DISPATCH,UNIT_SCADA,1,"2019/09/04 14:15:00",VPGS1,0
D,DISPATCH,UNIT_SCADA,1,"2019/09/04 14:15:00",VPGS2,0
D,DISPATCH,UNIT_SCADA,1,"2019/09/04 14:15:00",VPGS3,0
D,DISPATCH,UNIT_SCADA,1,"2019/09/04 14:15:00",VPGS4,0
D,DISPATCH,UNIT_SCADA,1,"2019/09/04 14:15:00",VPGS5,0
D,DISPATCH,UNIT_SCADA,1,"2019/09/04 14:15:00",VPGS6,0
D,DISPATCH,UNIT_SCADA,1,"2019/09/04 14:15:00",W/HOE#1,0
D,DISPATCH,UNIT_SCADA,1,"2019/09/04 14:15:00",W/HOE#2,0
D,DISPATCH,UNIT_SCADA,1,"2019/09/04 14:15:00",WATERLWF,0.90
D,DISPATCH,UNIT_SCADA,1,"2019/09/04 14:15:00",WEMENSF1,28.10
D,DISPATCH,UNIT_SCADA,1,"2019/09/04 14:15:00",WGWF1,0
D,DISPATCH,UNIT_SCADA,1,"2019/09/04 14:15:00",WHITSF1,0
D,DISPATCH,UNIT_SCADA,1,"2019/09/04 14:15:00",WKIEWA1,0
D,DISPATCH,UNIT_SCADA,1,"2019/09/04 14:15:00",WKIEWA2,0.10
D,DISPATCH,UNIT_SCADA,1,"2019/09/04 14:15:00",WOODLWN1,43.8210
D,DISPATCH,UNIT_SCADA,1,"2019/09/04 14:15:00",WRSF1,17.64
D,DISPATCH,UNIT_SCADA,1,"2019/09/04 14:15:00",WRWF1,148.98
D,DISPATCH,UNIT_SCADA,1,"2019/09/04 14:15:00",YABULU,0
D,DISPATCH,UNIT_SCADA,1,"2019/09/04 14:15:00",YABULU2,0
D,DISPATCH,UNIT_SCADA,1,"2019/09/04 14:15:00",YARWUN_1,113.64
D,DISPATCH,UNIT_SCADA,1,"2019/09/04 14:15:00",YENDWF1,41.95
D,DISPATCH,UNIT_SCADA,1,"2019/09/04 14:15:00",YWPS1,379.949370
D,DISPATCH,UNIT_SCADA,1,"2019/09/04 14:15:00",YWPS2,281.450620
D,DISPATCH,UNIT_SCADA,1,"2019/09/04 14:15:00",YWPS3,354.589870
D,DISPATCH,UNIT_SCADA,1,"2019/09/04 14:15:00",YWPS4,338.217710
C,"END OF REPORT",335
