C,NEMP.WORLD,DISPATCHSCADA,AEMO,PUBLIC,2019/08/19,16:45:07,0000000311752901,DISPATCHSCADA,0000000311752895
I,DISPATCH,UNIT_SCADA,1,SETTLEMENTDATE,DUID,SCADAVALUE
D,DISPATCH,UNIT_SCADA,1,"2019/08/19 16:50:00",BARCSF1,12.200001
D,DISPATCH,UNIT_SCADA,1,"2019/08/19 16:50:00",BUTLERSG,9.699999
D,DISPATCH,UNIT_SCADA,1,"2019/08/19 16:50:00",CALL_A_4,0
D,DISPATCH,UNIT_SCADA,1,"2019/08/19 16:50:00",CAPTL_WF,119.987999
D,DISPATCH,UNIT_SCADA,1,"2019/08/19 16:50:00",CATHROCK,20.939999
D,DISPATCH,UNIT_SCADA,1,"2019/08/19 16:50:00",CHALLHWF,13.40
D,DISPATCH,UNIT_SCADA,1,"2019/08/19 16:50:00",CLOVER,-0.01
D,DISPATCH,UNIT_SCADA,1,"2019/08/19 16:50:00",CLUNY,17.039597
D,DISPATCH,UNIT_SCADA,1,"2019/08/19 16:50:00",CNUNDAWF,33.038544
D,DISPATCH,UNIT_SCADA,1,"2019/08/19 16:50:00",CULLRGWF,23.07
D,DISPATCH,UNIT_SCADA,1,"2019/08/19 16:50:00",ERGT01,0
D,DISPATCH,UNIT_SCADA,1,"2019/08/19 16:50:00",GB01,0.069168
D,DISPATCH,UNIT_SCADA,1,"2019/08/19 16:50:00",GERMCRK,34.599998
D,DISPATCH,UNIT_SCADA,1,"2019/08/19 16:50:00",GRIFSF1,11.699997
D,DISPATCH,UNIT_SCADA,1,"2019/08/19 16:50:00",HUGSF1,5.7770
D,DISPATCH,UNIT_SCADA,1,"2019/08/19 16:50:00",LKBONNY1,44.386753
D,DISPATCH,UNIT_SCADA,1,"2019/08/19 16:50:00",LRSF1,10.072001
D,DISPATCH,UNIT_SCADA,1,"2019/08/19 16:50:00",MBAHNTH,57.412506
D,DISPATCH,UNIT_SCADA,1,"2019/08/19 16:50:00",MLSP1,0.704001
D,DISPATCH,UNIT_SCADA,1,"2019/08/19 16:50:00",MLWF1,13.1250
D,DISPATCH,UNIT_SCADA,1,"2019/08/19 16:50:00",MTMILLAR,7.887790
D,DISPATCH,UNIT_SCADA,1,"2019/08/19 16:50:00",PALOONA,24.059999
D,DISPATCH,UNIT_SCADA,1,"2019/08/19 16:50:00",PIONEER,38.299999
D,DISPATCH,UNIT_SCADA,1,"2019/08/19 16:50:00",PORTWF,120.099998
D,DISPATCH,UNIT_SCADA,1,"2019/08/19 16:50:00",REPULSE,29.266193
D,DISPATCH,UNIT_SCADA,1,"2019/08/19 16:50:00",ROWALLAN,10.0252
D,DISPATCH,UNIT_SCADA,1,"2019/08/19 16:50:00",ROYALLA1,1.0560
D,DISPATCH,UNIT_SCADA,1,"2019/08/19 16:50:00",RPCG,-0.90
D,DISPATCH,UNIT_SCADA,1,"2019/08/19 16:50:00",RUBICON,0
D,DISPATCH,UNIT_SCADA,1,"2019/08/19 16:50:00",SATGN1,0
D,DISPATCH,UNIT_SCADA,1,"2019/08/19 16:50:00",SATGS1,0
D,DISPATCH,UNIT_SCADA,1,"2019/08/19 16:50:00",STARHLWF,0.599825
D,DISPATCH,UNIT_SCADA,1,"2019/08/19 16:50:00",WAUBRAWF,129.893997
D,DISPATCH,UNIT_SCADA,1,"2019/08/19 16:50:00",WOOLNTH1,115.290024
D,DISPATCH,UNIT_SCADA,1,"2019/08/19 16:50:00",WPWF,34
D,DISPATCH,UNIT_SCADA,1,"2019/08/19 16:50:00",YAMBUKWF,29
D,DISPATCH,UNIT_SCADA,1,"2019/08/19 16:50:00",YSWF1,27.90
D,DISPATCH,UNIT_SCADA,1,"2019/08/19 16:50:00",AGLHAL,0
D,DISPATCH,UNIT_SCADA,1,"2019/08/19 16:50:00",AGLSOM,0
D,DISPATCH,UNIT_SCADA,1,"2019/08/19 16:50:00",ANGAST1,0
D,DISPATCH,UNIT_SCADA,1,"2019/08/19 16:50:00",ARWF1,71.90
D,DISPATCH,UNIT_SCADA,1,"2019/08/19 16:50:00",BALBG1,0
D,DISPATCH,UNIT_SCADA,1,"2019/08/19 16:50:00",BALBL1,29.33
D,DISPATCH,UNIT_SCADA,1,"2019/08/19 16:50:00",BALDHWF1,102.440990
D,DISPATCH,UNIT_SCADA,1,"2019/08/19 16:50:00",BANN1,19.44
D,DISPATCH,UNIT_SCADA,1,"2019/08/19 16:50:00",BARCALDN,0
D,DISPATCH,UNIT_SCADA,1,"2019/08/19 16:50:00",BARRON-1,0
D,DISPATCH,UNIT_SCADA,1,"2019/08/19 16:50:00",BARRON-2,25.04
D,DISPATCH,UNIT_SCADA,1,"2019/08/19 16:50:00",BASTYAN,80.540010
D,DISPATCH,UNIT_SCADA,1,"2019/08/19 16:50:00",BBTHREE1,0
D,DISPATCH,UNIT_SCADA,1,"2019/08/19 16:50:00",BBTHREE2,0
D,DISPATCH,UNIT_SCADA,1,"2019/08/19 16:50:00",BBTHREE3,0
D,DISPATCH,UNIT_SCADA,1,"2019/08/19 16:50:00",BDL01,0
D,DISPATCH,UNIT_SCADA,1,"2019/08/19 16:50:00",BDL02,0
D,DISPATCH,UNIT_SCADA,1,"2019/08/19 16:50:00",BERYLSF1,18.389630
D,DISPATCH,UNIT_SCADA,1,"2019/08/19 16:50:00",BLOWERNG,0
D,DISPATCH,UNIT_SCADA,1,"2019/08/19 16:50:00",BLUFF1,29.20
D,DISPATCH,UNIT_SCADA,1,"2019/08/19 16:50:00",BNGSF1,57.57
D,DISPATCH,UNIT_SCADA,1,"2019/08/19 16:50:00",BNGSF2,19.97
D,DISPATCH,UNIT_SCADA,1,"2019/08/19 16:50:00",BOCORWF1,110.71
D,DISPATCH,UNIT_SCADA,1,"2019/08/19 16:50:00",BODWF1,104.754080
D,DISPATCH,UNIT_SCADA,1,"2019/08/19 16:50:00",BRAEMAR1,0
D,DISPATCH,UNIT_SCADA,1,"2019/08/19 16:50:00",BRAEMAR2,0
D,DISPATCH,UNIT_SCADA,1,"2019/08/19 16:50:00",BRAEMAR3,0
D,DISPATCH,UNIT_SCADA,1,"2019/08/19 16:50:00",BRAEMAR5,89.239130
D,DISPATCH,UNIT_SCADA,1,"2019/08/19 16:50:00",BRAEMAR6,0
D,DISPATCH,UNIT_SCADA,1,"2019/08/19 16:50:00",BRAEMAR7,89.067920
D,DISPATCH,UNIT_SCADA,1,"2019/08/19 16:50:00",BROKENH1,12.287840
D,DISPATCH,UNIT_SCADA,1,"2019/08/19 16:50:00",BW01,636.099980
D,DISPATCH,UNIT_SCADA,1,"2019/08/19 16:50:00",BW02,640.224980
D,DISPATCH,UNIT_SCADA,1,"2019/08/19 16:50:00",BW03,627.974980
D,DISPATCH,UNIT_SCADA,1,"2019/08/19 16:50:00",BW04,0
D,DISPATCH,UNIT_SCADA,1,"2019/08/19 16:50:00",CALL_B_1,344.399990
D,DISPATCH,UNIT_SCADA,1,"2019/08/19 16:50:00",CALL_B_2,279.700010
D,DISPATCH,UNIT_SCADA,1,"2019/08/19 16:50:00",CETHANA,91.897630
D,DISPATCH,UNIT_SCADA,1,"2019/08/19 16:50:00",CG1,0
D,DISPATCH,UNIT_SCADA,1,"2019/08/19 16:50:00",CG2,0
D,DISPATCH,UNIT_SCADA,1,"2019/08/19 16:50:00",CG3,0
D,DISPATCH,UNIT_SCADA,1,"2019/08/19 16:50:00",CG4,0
D,DISPATCH,UNIT_SCADA,1,"2019/08/19 16:50:00",CHILDSF1,11.97
D,DISPATCH,UNIT_SCADA,1,"2019/08/19 16:50:00",CLARESF1,26.182660
D,DISPATCH,UNIT_SCADA,1,"2019/08/19 16:50:00",CLEMGPWF,7.851820
D,DISPATCH,UNIT_SCADA,1,"2019/08/19 16:50:00",CLERMSF1,14.97
D,DISPATCH,UNIT_SCADA,1,"2019/08/19 16:50:00",COLEASF1,31
D,DISPATCH,UNIT_SCADA,1,"2019/08/19 16:50:00",COOPGWF1,35.258930
D,DISPATCH,UNIT_SCADA,1,"2019/08/19 16:50:00",CPP_3,403.700010
D,DISPATCH,UNIT_SCADA,1,"2019/08/19 16:50:00",CPP_4,407
D,DISPATCH,UNIT_SCADA,1,"2019/08/19 16:50:00",CPSA,143.03
D,DISPATCH,UNIT_SCADA,1,"2019/08/19 16:50:00",CROOKWF2,87.113750
D,DISPATCH,UNIT_SCADA,1,"2019/08/19 16:50:00",CROWLWF1,26.045440
D,DISPATCH,UNIT_SCADA,1,"2019/08/19 16:50:00",CSPVPS1,10.7330
D,DISPATCH,UNIT_SCADA,1,"2019/08/19 16:50:00",DALNTH01,0
D,DISPATCH,UNIT_SCADA,1,"2019/08/19 16:50:00",DALNTHL1,0.038150
D,DISPATCH,UNIT_SCADA,1,"2019/08/19 16:50:00",DARTM1,132.399990
D,DISPATCH,UNIT_SCADA,1,"2019/08/19 16:50:00",DAYDSF1,75.6460
D,DISPATCH,UNIT_SCADA,1,"2019/08/19 16:50:00",DDPS1,326.239750
D,DISPATCH,UNIT_SCADA,1,"2019/08/19 16:50:00",DDSF1,20.442110
D,DISPATCH,UNIT_SCADA,1,"2019/08/19 16:50:00",DEVILS_G,0
D,DISPATCH,UNIT_SCADA,1,"2019/08/19 16:50:00",DG_NSW1,0
D,DISPATCH,UNIT_SCADA,1,"2019/08/19 16:50:00",DG_QLD1,0
D,DISPATCH,UNIT_SCADA,1,"2019/08/19 16:50:00",DG_SA1,0
D,DISPATCH,UNIT_SCADA,1,"2019/08/19 16:50:00",DG_TAS1,0
D,DISPATCH,UNIT_SCADA,1,"2019/08/19 16:50:00",DG_VIC1,0
D,DISPATCH,UNIT_SCADA,1,"2019/08/19 16:50:00",DRYCGT1,0
D,DISPATCH,UNIT_SCADA,1,"2019/08/19 16:50:00",DRYCGT2,0
D,DISPATCH,UNIT_SCADA,1,"2019/08/19 16:50:00",DRYCGT3,0
D,DISPATCH,UNIT_SCADA,1,"2019/08/19 16:50:00",EILDON1,0
D,DISPATCH,UNIT_SCADA,1,"2019/08/19 16:50:00",EILDON2,0
D,DISPATCH,UNIT_SCADA,1,"2019/08/19 16:50:00",EMERASF1,27.33
D,DISPATCH,UNIT_SCADA,1,"2019/08/19 16:50:00",ER01,534.550050
D,DISPATCH,UNIT_SCADA,1,"2019/08/19 16:50:00",ER02,544.025020
D,DISPATCH,UNIT_SCADA,1,"2019/08/19 16:50:00",ER03,535.6250
D,DISPATCH,UNIT_SCADA,1,"2019/08/19 16:50:00",ER04,532.900020
D,DISPATCH,UNIT_SCADA,1,"2019/08/19 16:50:00",FINLYSF1,0.199120
D,DISPATCH,UNIT_SCADA,1,"2019/08/19 16:50:00",FISHER,45.73
D,DISPATCH,UNIT_SCADA,1,"2019/08/19 16:50:00",GANNBG1,0
D,DISPATCH,UNIT_SCADA,1,"2019/08/19 16:50:00",GANNBL1,23.012920
D,DISPATCH,UNIT_SCADA,1,"2019/08/19 16:50:00",GANNSF1,31.80
D,DISPATCH,UNIT_SCADA,1,"2019/08/19 16:50:00",GORDON,120.518710
D,DISPATCH,UNIT_SCADA,1,"2019/08/19 16:50:00",GSTONE1,188.1250
D,DISPATCH,UNIT_SCADA,1,"2019/08/19 16:50:00",GSTONE2,170.099990
D,DISPATCH,UNIT_SCADA,1,"2019/08/19 16:50:00",GSTONE3,195.30
D,DISPATCH,UNIT_SCADA,1,"2019/08/19 16:50:00",GSTONE4,174.1250
D,DISPATCH,UNIT_SCADA,1,"2019/08/19 16:50:00",GSTONE5,188.30
D,DISPATCH,UNIT_SCADA,1,"2019/08/19 16:50:00",GSTONE6,0
D,DISPATCH,UNIT_SCADA,1,"2019/08/19 16:50:00",GULLRSF1,0.604130
D,DISPATCH,UNIT_SCADA,1,"2019/08/19 16:50:00",GULLRWF1,144.697080
D,DISPATCH,UNIT_SCADA,1,"2019/08/19 16:50:00",GUNNING1,41.528920
D,DISPATCH,UNIT_SCADA,1,"2019/08/19 16:50:00",GUTHEGA,30.80
D,DISPATCH,UNIT_SCADA,1,"2019/08/19 16:50:00",HALLWF1,54.80
D,DISPATCH,UNIT_SCADA,1,"2019/08/19 16:50:00",HALLWF2,48.38
D,DISPATCH,UNIT_SCADA,1,"2019/08/19 16:50:00",HAMISF1,28.60
D,DISPATCH,UNIT_SCADA,1,"2019/08/19 16:50:00",HAUGHT11,49.948670
D,DISPATCH,UNIT_SCADA,1,"2019/08/19 16:50:00",HAYMSF1,26.1420
D,DISPATCH,UNIT_SCADA,1,"2019/08/19 16:50:00",HDWF1,21.80
D,DISPATCH,UNIT_SCADA,1,"2019/08/19 16:50:00",HDWF2,28.10
D,DISPATCH,UNIT_SCADA,1,"2019/08/19 16:50:00",HDWF3,30.50
D,DISPATCH,UNIT_SCADA,1,"2019/08/19 16:50:00",HPRG1,0
D,DISPATCH,UNIT_SCADA,1,"2019/08/19 16:50:00",HPRL1,0.30
D,DISPATCH,UNIT_SCADA,1,"2019/08/19 16:50:00",HUMENSW,0
D,DISPATCH,UNIT_SCADA,1,"2019/08/19 16:50:00",HUMEV,8.40
D,DISPATCH,UNIT_SCADA,1,"2019/08/19 16:50:00",HVGTS,0
D,DISPATCH,UNIT_SCADA,1,"2019/08/19 16:50:00",JBUTTERS,135.02
D,DISPATCH,UNIT_SCADA,1,"2019/08/19 16:50:00",JLA01,0.50
D,DISPATCH,UNIT_SCADA,1,"2019/08/19 16:50:00",JLA02,0
D,DISPATCH,UNIT_SCADA,1,"2019/08/19 16:50:00",JLA03,0.10
D,DISPATCH,UNIT_SCADA,1,"2019/08/19 16:50:00",JLA04,0.10
D,DISPATCH,UNIT_SCADA,1,"2019/08/19 16:50:00",JLB01,0
D,DISPATCH,UNIT_SCADA,1,"2019/08/19 16:50:00",JLB02,0.10
D,DISPATCH,UNIT_SCADA,1,"2019/08/19 16:50:00",JLB03,0
D,DISPATCH,UNIT_SCADA,1,"2019/08/19 16:50:00",KAREEYA1,21.5675
D,DISPATCH,UNIT_SCADA,1,"2019/08/19 16:50:00",KAREEYA2,21.7525
D,DISPATCH,UNIT_SCADA,1,"2019/08/19 16:50:00",KAREEYA3,0
D,DISPATCH,UNIT_SCADA,1,"2019/08/19 16:50:00",KAREEYA4,21.6125
D,DISPATCH,UNIT_SCADA,1,"2019/08/19 16:50:00",KARSF1,26.50
D,DISPATCH,UNIT_SCADA,1,"2019/08/19 16:50:00",KIATAWF1,28.40
D,DISPATCH,UNIT_SCADA,1,"2019/08/19 16:50:00",KPP_1,0
D,DISPATCH,UNIT_SCADA,1,"2019/08/19 16:50:00",KSP1,37.14
D,DISPATCH,UNIT_SCADA,1,"2019/08/19 16:50:00",LADBROK1,0
D,DISPATCH,UNIT_SCADA,1,"2019/08/19 16:50:00",LADBROK2,0
D,DISPATCH,UNIT_SCADA,1,"2019/08/19 16:50:00",LD01,413.775050
D,DISPATCH,UNIT_SCADA,1,"2019/08/19 16:50:00",LD02,416.924990
D,DISPATCH,UNIT_SCADA,1,"2019/08/19 16:50:00",LD03,418.050020
D,DISPATCH,UNIT_SCADA,1,"2019/08/19 16:50:00",LD04,379.050020
D,DISPATCH,UNIT_SCADA,1,"2019/08/19 16:50:00",LEM_WIL,81.403440
D,DISPATCH,UNIT_SCADA,1,"2019/08/19 16:50:00",LGAPWF1,4.41
D,DISPATCH,UNIT_SCADA,1,"2019/08/19 16:50:00",LILYSF1,39.321590
D,DISPATCH,UNIT_SCADA,1,"2019/08/19 16:50:00",LI_WY_CA,147.783420
D,DISPATCH,UNIT_SCADA,1,"2019/08/19 16:50:00",LKBONNY2,112.836170
D,DISPATCH,UNIT_SCADA,1,"2019/08/19 16:50:00",LKBONNY3,26.236350
D,DISPATCH,UNIT_SCADA,1,"2019/08/19 16:50:00",LK_ECHO,0
D,DISPATCH,UNIT_SCADA,1,"2019/08/19 16:50:00",LNGS1,0
D,DISPATCH,UNIT_SCADA,1,"2019/08/19 16:50:00",LNGS2,0
D,DISPATCH,UNIT_SCADA,1,"2019/08/19 16:50:00",LONSDALE,0
D,DISPATCH,UNIT_SCADA,1,"2019/08/19 16:50:00",LOYYB1,530.073430
D,DISPATCH,UNIT_SCADA,1,"2019/08/19 16:50:00",LOYYB2,580.8266
D,DISPATCH,UNIT_SCADA,1,"2019/08/19 16:50:00",LYA1,559
D,DISPATCH,UNIT_SCADA,1,"2019/08/19 16:50:00",LYA2,0
D,DISPATCH,UNIT_SCADA,1,"2019/08/19 16:50:00",LYA3,561
D,DISPATCH,UNIT_SCADA,1,"2019/08/19 16:50:00",LYA4,540
D,DISPATCH,UNIT_SCADA,1,"2019/08/19 16:50:00",MACARTH1,171.096050
D,DISPATCH,UNIT_SCADA,1,"2019/08/19 16:50:00",MACKAYGT,0
D,DISPATCH,UNIT_SCADA,1,"2019/08/19 16:50:00",MACKNTSH,85.19
D,DISPATCH,UNIT_SCADA,1,"2019/08/19 16:50:00",MANSLR1,2.9780
D,DISPATCH,UNIT_SCADA,1,"2019/08/19 16:50:00",MCKAY1,0.02
D,DISPATCH,UNIT_SCADA,1,"2019/08/19 16:50:00",MEADOWBK,33.981620
D,DISPATCH,UNIT_SCADA,1,"2019/08/19 16:50:00",MERCER01,78.1530
D,DISPATCH,UNIT_SCADA,1,"2019/08/19 16:50:00",MEWF1,28.5911
D,DISPATCH,UNIT_SCADA,1,"2019/08/19 16:50:00",MINTARO,0
D,DISPATCH,UNIT_SCADA,1,"2019/08/19 16:50:00",MOREESF1,22.3220
D,DISPATCH,UNIT_SCADA,1,"2019/08/19 16:50:00",MORTLK11,150
D,DISPATCH,UNIT_SCADA,1,"2019/08/19 16:50:00",MORTLK12,0
D,DISPATCH,UNIT_SCADA,1,"2019/08/19 16:50:00",MP1,367.025020
D,DISPATCH,UNIT_SCADA,1,"2019/08/19 16:50:00",MP2,0
D,DISPATCH,UNIT_SCADA,1,"2019/08/19 16:50:00",MPP_1,427.50
D,DISPATCH,UNIT_SCADA,1,"2019/08/19 16:50:00",MPP_2,435.75
D,DISPATCH,UNIT_SCADA,1,"2019/08/19 16:50:00",MSTUART1,0
D,DISPATCH,UNIT_SCADA,1,"2019/08/19 16:50:00",MSTUART2,0
D,DISPATCH,UNIT_SCADA,1,"2019/08/19 16:50:00",MSTUART3,0
D,DISPATCH,UNIT_SCADA,1,"2019/08/19 16:50:00",MTGELWF1,64.023250
D,DISPATCH,UNIT_SCADA,1,"2019/08/19 16:50:00",MURRAY,119.559520
D,DISPATCH,UNIT_SCADA,1,"2019/08/19 16:50:00",MUSSELR1,166.299990
D,DISPATCH,UNIT_SCADA,1,"2019/08/19 16:50:00",MUWAWF1,49.93
D,DISPATCH,UNIT_SCADA,1,"2019/08/19 16:50:00",NBHWF1,59.70
D,DISPATCH,UNIT_SCADA,1,"2019/08/19 16:50:00",NPS,363.75
D,DISPATCH,UNIT_SCADA,1,"2019/08/19 16:50:00",NUMURSF1,53.09
D,DISPATCH,UNIT_SCADA,1,"2019/08/19 16:50:00",NYNGAN1,27.25
D,DISPATCH,UNIT_SCADA,1,"2019/08/19 16:50:00",OAKEY1,0
D,DISPATCH,UNIT_SCADA,1,"2019/08/19 16:50:00",OAKEY1SF,7.0370
D,DISPATCH,UNIT_SCADA,1,"2019/08/19 16:50:00",OAKEY2,0
D,DISPATCH,UNIT_SCADA,1,"2019/08/19 16:50:00",OAKLAND1,47.80
D,DISPATCH,UNIT_SCADA,1,"2019/08/19 16:50:00",OSB-AG,100.61
D,DISPATCH,UNIT_SCADA,1,"2019/08/19 16:50:00",PARSF1,24.899990
D,DISPATCH,UNIT_SCADA,1,"2019/08/19 16:50:00",POAT110,54.523360
D,DISPATCH,UNIT_SCADA,1,"2019/08/19 16:50:00",POAT220,111.783450
D,DISPATCH,UNIT_SCADA,1,"2019/08/19 16:50:00",POR01,0
D,DISPATCH,UNIT_SCADA,1,"2019/08/19 16:50:00",POR03,0
D,DISPATCH,UNIT_SCADA,1,"2019/08/19 16:50:00",PPCCGT,470.851590
D,DISPATCH,UNIT_SCADA,1,"2019/08/19 16:50:00",PTSTAN1,0
D,DISPATCH,UNIT_SCADA,1,"2019/08/19 16:50:00",PUMP1,0
D,DISPATCH,UNIT_SCADA,1,"2019/08/19 16:50:00",PUMP2,0
D,DISPATCH,UNIT_SCADA,1,"2019/08/19 16:50:00",QPS1,0
D,DISPATCH,UNIT_SCADA,1,"2019/08/19 16:50:00",QPS2,0
D,DISPATCH,UNIT_SCADA,1,"2019/08/19 16:50:00",QPS3,0
D,DISPATCH,UNIT_SCADA,1,"2019/08/19 16:50:00",QPS4,0
D,DISPATCH,UNIT_SCADA,1,"2019/08/19 16:50:00",QPS5,0
D,DISPATCH,UNIT_SCADA,1,"2019/08/19 16:50:00",REECE1,114.090010
D,DISPATCH,UNIT_SCADA,1,"2019/08/19 16:50:00",REECE2,113.000010
D,DISPATCH,UNIT_SCADA,1,"2019/08/19 16:50:00",ROMA_7,0
D,DISPATCH,UNIT_SCADA,1,"2019/08/19 16:50:00",ROMA_8,0
D,DISPATCH,UNIT_SCADA,1,"2019/08/19 16:50:00",RRSF1,50.106260
D,DISPATCH,UNIT_SCADA,1,"2019/08/19 16:50:00",RT_NSW1,0
D,DISPATCH,UNIT_SCADA,1,"2019/08/19 16:50:00",RT_NSW2,0
D,DISPATCH,UNIT_SCADA,1,"2019/08/19 16:50:00",RT_NSW3,0
D,DISPATCH,UNIT_SCADA,1,"2019/08/19 16:50:00",RT_NSW4,0
D,DISPATCH,UNIT_SCADA,1,"2019/08/19 16:50:00",RT_NSW5,0
D,DISPATCH,UNIT_SCADA,1,"2019/08/19 16:50:00",RT_NSW6,0
D,DISPATCH,UNIT_SCADA,1,"2019/08/19 16:50:00",RT_QLD1,0
D,DISPATCH,UNIT_SCADA,1,"2019/08/19 16:50:00",RT_SA1,0
D,DISPATCH,UNIT_SCADA,1,"2019/08/19 16:50:00",RT_SA2,0
D,DISPATCH,UNIT_SCADA,1,"2019/08/19 16:50:00",RT_SA3,0
D,DISPATCH,UNIT_SCADA,1,"2019/08/19 16:50:00",RT_SA4,0
D,DISPATCH,UNIT_SCADA,1,"2019/08/19 16:50:00",RT_SA5,0
D,DISPATCH,UNIT_SCADA,1,"2019/08/19 16:50:00",RT_SA6,0
D,DISPATCH,UNIT_SCADA,1,"2019/08/19 16:50:00",RT_TAS1,0
D,DISPATCH,UNIT_SCADA,1,"2019/08/19 16:50:00",RT_VIC1,0
D,DISPATCH,UNIT_SCADA,1,"2019/08/19 16:50:00",RT_VIC10,0
D,DISPATCH,UNIT_SCADA,1,"2019/08/19 16:50:00",RT_VIC11,0
D,DISPATCH,UNIT_SCADA,1,"2019/08/19 16:50:00",RT_VIC12,0
D,DISPATCH,UNIT_SCADA,1,"2019/08/19 16:50:00",RT_VIC2,0
D,DISPATCH,UNIT_SCADA,1,"2019/08/19 16:50:00",RT_VIC3,0
D,DISPATCH,UNIT_SCADA,1,"2019/08/19 16:50:00",RT_VIC4,0
D,DISPATCH,UNIT_SCADA,1,"2019/08/19 16:50:00",RT_VIC5,0
D,DISPATCH,UNIT_SCADA,1,"2019/08/19 16:50:00",RT_VIC6,0
D,DISPATCH,UNIT_SCADA,1,"2019/08/19 16:50:00",RT_VIC7,0
D,DISPATCH,UNIT_SCADA,1,"2019/08/19 16:50:00",RT_VIC8,0
D,DISPATCH,UNIT_SCADA,1,"2019/08/19 16:50:00",RT_VIC9,0
D,DISPATCH,UNIT_SCADA,1,"2019/08/19 16:50:00",RUGBYR1,36.708350
D,DISPATCH,UNIT_SCADA,1,"2019/08/19 16:50:00",SALTCRK1,32.39
D,DISPATCH,UNIT_SCADA,1,"2019/08/19 16:50:00",SAPHWF1,219
D,DISPATCH,UNIT_SCADA,1,"2019/08/19 16:50:00",SHGEN,0
D,DISPATCH,UNIT_SCADA,1,"2019/08/19 16:50:00",SHPUMP,0
D,DISPATCH,UNIT_SCADA,1,"2019/08/19 16:50:00",SITHE01,0.043330
D,DISPATCH,UNIT_SCADA,1,"2019/08/19 16:50:00",SMCSF1,27.842730
D,DISPATCH,UNIT_SCADA,1,"2019/08/19 16:50:00",SNOWNTH1,27
D,DISPATCH,UNIT_SCADA,1,"2019/08/19 16:50:00",SNOWSTH1,35.40
D,DISPATCH,UNIT_SCADA,1,"2019/08/19 16:50:00",SNOWTWN1,20.418240
D,DISPATCH,UNIT_SCADA,1,"2019/08/19 16:50:00",SNOWYP,0
D,DISPATCH,UNIT_SCADA,1,"2019/08/19 16:50:00",SNUG1,0.019440
D,DISPATCH,UNIT_SCADA,1,"2019/08/19 16:50:00",SRSF1,11.09
D,DISPATCH,UNIT_SCADA,1,"2019/08/19 16:50:00",STAN-1,0
D,DISPATCH,UNIT_SCADA,1,"2019/08/19 16:50:00",STAN-2,296.898710
D,DISPATCH,UNIT_SCADA,1,"2019/08/19 16:50:00",STAN-3,291.412690
D,DISPATCH,UNIT_SCADA,1,"2019/08/19 16:50:00",STAN-4,294.809390
D,DISPATCH,UNIT_SCADA,1,"2019/08/19 16:50:00",STWF1,20.598750
D,DISPATCH,UNIT_SCADA,1,"2019/08/19 16:50:00",SWAN_E,0
D,DISPATCH,UNIT_SCADA,1,"2019/08/19 16:50:00",TALWA1,419
D,DISPATCH,UNIT_SCADA,1,"2019/08/19 16:50:00",TARALGA1,100.691240
D,DISPATCH,UNIT_SCADA,1,"2019/08/19 16:50:00",TARONG#1,329.399990
D,DISPATCH,UNIT_SCADA,1,"2019/08/19 16:50:00",TARONG#2,327.899990
D,DISPATCH,UNIT_SCADA,1,"2019/08/19 16:50:00",TARONG#3,259.300020
D,DISPATCH,UNIT_SCADA,1,"2019/08/19 16:50:00",TARONG#4,325.700010
D,DISPATCH,UNIT_SCADA,1,"2019/08/19 16:50:00",TARRALEA,79
D,DISPATCH,UNIT_SCADA,1,"2019/08/19 16:50:00",TBSF1,16.10
D,DISPATCH,UNIT_SCADA,1,"2019/08/19 16:50:00",TNPS1,442.000030
D,DISPATCH,UNIT_SCADA,1,"2019/08/19 16:50:00",TORRA1,51.412270
D,DISPATCH,UNIT_SCADA,1,"2019/08/19 16:50:00",TORRA2,0
D,DISPATCH,UNIT_SCADA,1,"2019/08/19 16:50:00",TORRA3,36.699190
D,DISPATCH,UNIT_SCADA,1,"2019/08/19 16:50:00",TORRA4,0
D,DISPATCH,UNIT_SCADA,1,"2019/08/19 16:50:00",TORRB1,55.63
D,DISPATCH,UNIT_SCADA,1,"2019/08/19 16:50:00",TORRB2,61.52
D,DISPATCH,UNIT_SCADA,1,"2019/08/19 16:50:00",TORRB3,0
D,DISPATCH,UNIT_SCADA,1,"2019/08/19 16:50:00",TORRB4,0
D,DISPATCH,UNIT_SCADA,1,"2019/08/19 16:50:00",TREVALLN,39.750020
D,DISPATCH,UNIT_SCADA,1,"2019/08/19 16:50:00",TRIBUTE,83.24
D,DISPATCH,UNIT_SCADA,1,"2019/08/19 16:50:00",TUMUT3,0
D,DISPATCH,UNIT_SCADA,1,"2019/08/19 16:50:00",TUNGATIN,129.480030
D,DISPATCH,UNIT_SCADA,1,"2019/08/19 16:50:00",TVCC201,0
D,DISPATCH,UNIT_SCADA,1,"2019/08/19 16:50:00",TVPP104,10.549440
D,DISPATCH,UNIT_SCADA,1,"2019/08/19 16:50:00",UPPTUMUT,0
D,DISPATCH,UNIT_SCADA,1,"2019/08/19 16:50:00",URANQ11,0
D,DISPATCH,UNIT_SCADA,1,"2019/08/19 16:50:00",URANQ12,0
D,DISPATCH,UNIT_SCADA,1,"2019/08/19 16:50:00",URANQ13,0
D,DISPATCH,UNIT_SCADA,1,"2019/08/19 16:50:00",URANQ14,0
D,DISPATCH,UNIT_SCADA,1,"2019/08/19 16:50:00",VP5,528.849980
D,DISPATCH,UNIT_SCADA,1,"2019/08/19 16:50:00",VP6,461.274990
D,DISPATCH,UNIT_SCADA,1,"2019/08/19 16:50:00",VPGS1,0
D,DISPATCH,UNIT_SCADA,1,"2019/08/19 16:50:00",VPGS2,0
D,DISPATCH,UNIT_SCADA,1,"2019/08/19 16:50:00",VPGS3,0
D,DISPATCH,UNIT_SCADA,1,"2019/08/19 16:50:00",VPGS4,0
D,DISPATCH,UNIT_SCADA,1,"2019/08/19 16:50:00",VPGS5,0
D,DISPATCH,UNIT_SCADA,1,"2019/08/19 16:50:00",VPGS6,0
D,DISPATCH,UNIT_SCADA,1,"2019/08/19 16:50:00",W/HOE#1,0
D,DISPATCH,UNIT_SCADA,1,"2019/08/19 16:50:00",W/HOE#2,0
D,DISPATCH,UNIT_SCADA,1,"2019/08/19 16:50:00",WATERLWF,52.40
D,DISPATCH,UNIT_SCADA,1,"2019/08/19 16:50:00",WEMENSF1,49.70
D,DISPATCH,UNIT_SCADA,1,"2019/08/19 16:50:00",WGWF1,81.20
D,DISPATCH,UNIT_SCADA,1,"2019/08/19 16:50:00",WHITSF1,26.60
D,DISPATCH,UNIT_SCADA,1,"2019/08/19 16:50:00",WKIEWA1,0
D,DISPATCH,UNIT_SCADA,1,"2019/08/19 16:50:00",WKIEWA2,0.10
D,DISPATCH,UNIT_SCADA,1,"2019/08/19 16:50:00",WOODLWN1,44.1450
D,DISPATCH,UNIT_SCADA,1,"2019/08/19 16:50:00",WRSF1,3.43
D,DISPATCH,UNIT_SCADA,1,"2019/08/19 16:50:00",WRWF1,149.181240
D,DISPATCH,UNIT_SCADA,1,"2019/08/19 16:50:00",YABULU,0
D,DISPATCH,UNIT_SCADA,1,"2019/08/19 16:50:00",YABULU2,0
D,DISPATCH,UNIT_SCADA,1,"2019/08/19 16:50:00",YARWUN_1,0
D,DISPATCH,UNIT_SCADA,1,"2019/08/19 16:50:00",YENDWF1,42.04
D,DISPATCH,UNIT_SCADA,1,"2019/08/19 16:50:00",YWPS1,377.192410
D,DISPATCH,UNIT_SCADA,1,"2019/08/19 16:50:00",YWPS2,278.944310
D,DISPATCH,UNIT_SCADA,1,"2019/08/19 16:50:00",YWPS3,0
D,DISPATCH,UNIT_SCADA,1,"2019/08/19 16:50:00",YWPS4,394.673430
C,"END OF REPORT",334
