C,NEMP.WORLD,DISPATCHSCADA,AEMO,PUBLIC,2019/08/22,21:45:07,0000000311883225,DISPATCHSCADA,0000000311883219
I,DISPATCH,UNIT_SCADA,1,SETTLEMENTDATE,DUID,SCADAVALUE
D,DISPATCH,UNIT_SCADA,1,"2019/08/22 21:50:00",BARCSF1,0
D,DISPATCH,UNIT_SCADA,1,"2019/08/22 21:50:00",BUTLERSG,9.699999
D,DISPATCH,UNIT_SCADA,1,"2019/08/22 21:50:00",CALL_A_4,0
D,DISPATCH,UNIT_SCADA,1,"2019/08/22 21:50:00",CAPTL_WF,45.220001
D,DISPATCH,UNIT_SCADA,1,"2019/08/22 21:50:00",CATHROCK,4.69
D,DISPATCH,UNIT_SCADA,1,"2019/08/22 21:50:00",CHALLHWF,1.50
D,DISPATCH,UNIT_SCADA,1,"2019/08/22 21:50:00",CLOVER,0
D,DISPATCH,UNIT_SCADA,1,"2019/08/22 21:50:00",CLUNY,20.183565
D,DISPATCH,UNIT_SCADA,1,"2019/08/22 21:50:00",CNUNDAWF,0
D,DISPATCH,UNIT_SCADA,1,"2019/08/22 21:50:00",CULLRGWF,8.44
D,DISPATCH,UNIT_SCADA,1,"2019/08/22 21:50:00",ERGT01,0
D,DISPATCH,UNIT_SCADA,1,"2019/08/22 21:50:00",GB01,0.068298
D,DISPATCH,UNIT_SCADA,1,"2019/08/22 21:50:00",GERMCRK,35.799999
D,DISPATCH,UNIT_SCADA,1,"2019/08/22 21:50:00",GRIFSF1,0
D,DISPATCH,UNIT_SCADA,1,"2019/08/22 21:50:00",HUGSF1,-0.2370
D,DISPATCH,UNIT_SCADA,1,"2019/08/22 21:50:00",LKBONNY1,-0.449338
D,DISPATCH,UNIT_SCADA,1,"2019/08/22 21:50:00",LRSF1,-0.0130
D,DISPATCH,UNIT_SCADA,1,"2019/08/22 21:50:00",MBAHNTH,43.856247
D,DISPATCH,UNIT_SCADA,1,"2019/08/22 21:50:00",MLSP1,0.180001
D,DISPATCH,UNIT_SCADA,1,"2019/08/22 21:50:00",MLWF1,1.53
D,DISPATCH,UNIT_SCADA,1,"2019/08/22 21:50:00",MTMILLAR,4.583848
D,DISPATCH,UNIT_SCADA,1,"2019/08/22 21:50:00",PALOONA,28.629999
D,DISPATCH,UNIT_SCADA,1,"2019/08/22 21:50:00",PIONEER,45.299999
D,DISPATCH,UNIT_SCADA,1,"2019/08/22 21:50:00",PORTWF,-0.20
D,DISPATCH,UNIT_SCADA,1,"2019/08/22 21:50:00",REPULSE,28.930494
D,DISPATCH,UNIT_SCADA,1,"2019/08/22 21:50:00",ROWALLAN,10.4938
D,DISPATCH,UNIT_SCADA,1,"2019/08/22 21:50:00",ROYALLA1,0
D,DISPATCH,UNIT_SCADA,1,"2019/08/22 21:50:00",RPCG,11.60
D,DISPATCH,UNIT_SCADA,1,"2019/08/22 21:50:00",RUBICON,0
D,DISPATCH,UNIT_SCADA,1,"2019/08/22 21:50:00",SATGN1,0
D,DISPATCH,UNIT_SCADA,1,"2019/08/22 21:50:00",SATGS1,0
D,DISPATCH,UNIT_SCADA,1,"2019/08/22 21:50:00",STARHLWF,-0.099971
D,DISPATCH,UNIT_SCADA,1,"2019/08/22 21:50:00",WAUBRAWF,38.511002
D,DISPATCH,UNIT_SCADA,1,"2019/08/22 21:50:00",WOOLNTH1,40.250015
D,DISPATCH,UNIT_SCADA,1,"2019/08/22 21:50:00",WPWF,0
D,DISPATCH,UNIT_SCADA,1,"2019/08/22 21:50:00",YAMBUKWF,-0.20
D,DISPATCH,UNIT_SCADA,1,"2019/08/22 21:50:00",YSWF1,1.50
D,DISPATCH,UNIT_SCADA,1,"2019/08/22 21:50:00",AGLHAL,0
D,DISPATCH,UNIT_SCADA,1,"2019/08/22 21:50:00",AGLSOM,81.40
D,DISPATCH,UNIT_SCADA,1,"2019/08/22 21:50:00",ANGAST1,0
D,DISPATCH,UNIT_SCADA,1,"2019/08/22 21:50:00",ARWF1,39.30
D,DISPATCH,UNIT_SCADA,1,"2019/08/22 21:50:00",BALBG1,0
D,DISPATCH,UNIT_SCADA,1,"2019/08/22 21:50:00",BALBL1,0
D,DISPATCH,UNIT_SCADA,1,"2019/08/22 21:50:00",BALDHWF1,30.8840
D,DISPATCH,UNIT_SCADA,1,"2019/08/22 21:50:00",BANN1,0
D,DISPATCH,UNIT_SCADA,1,"2019/08/22 21:50:00",BARCALDN,0
D,DISPATCH,UNIT_SCADA,1,"2019/08/22 21:50:00",BARRON-1,0
D,DISPATCH,UNIT_SCADA,1,"2019/08/22 21:50:00",BARRON-2,27.96
D,DISPATCH,UNIT_SCADA,1,"2019/08/22 21:50:00",BASTYAN,77.540010
D,DISPATCH,UNIT_SCADA,1,"2019/08/22 21:50:00",BBTHREE1,-2.15
D,DISPATCH,UNIT_SCADA,1,"2019/08/22 21:50:00",BBTHREE2,-2.17
D,DISPATCH,UNIT_SCADA,1,"2019/08/22 21:50:00",BBTHREE3,-1.23
D,DISPATCH,UNIT_SCADA,1,"2019/08/22 21:50:00",BDL01,42.96
D,DISPATCH,UNIT_SCADA,1,"2019/08/22 21:50:00",BDL02,42.90
D,DISPATCH,UNIT_SCADA,1,"2019/08/22 21:50:00",BERYLSF1,-0.190320
D,DISPATCH,UNIT_SCADA,1,"2019/08/22 21:50:00",BLOWERNG,0
D,DISPATCH,UNIT_SCADA,1,"2019/08/22 21:50:00",BLUFF1,0.40
D,DISPATCH,UNIT_SCADA,1,"2019/08/22 21:50:00",BNGSF1,0
D,DISPATCH,UNIT_SCADA,1,"2019/08/22 21:50:00",BNGSF2,0
D,DISPATCH,UNIT_SCADA,1,"2019/08/22 21:50:00",BOCORWF1,54.74
D,DISPATCH,UNIT_SCADA,1,"2019/08/22 21:50:00",BODWF1,76.280650
D,DISPATCH,UNIT_SCADA,1,"2019/08/22 21:50:00",BRAEMAR1,0
D,DISPATCH,UNIT_SCADA,1,"2019/08/22 21:50:00",BRAEMAR2,0
D,DISPATCH,UNIT_SCADA,1,"2019/08/22 21:50:00",BRAEMAR3,0
D,DISPATCH,UNIT_SCADA,1,"2019/08/22 21:50:00",BRAEMAR5,0
D,DISPATCH,UNIT_SCADA,1,"2019/08/22 21:50:00",BRAEMAR6,0
D,DISPATCH,UNIT_SCADA,1,"2019/08/22 21:50:00",BRAEMAR7,160.702940
D,DISPATCH,UNIT_SCADA,1,"2019/08/22 21:50:00",BROKENH1,0
D,DISPATCH,UNIT_SCADA,1,"2019/08/22 21:50:00",BW01,660.099980
D,DISPATCH,UNIT_SCADA,1,"2019/08/22 21:50:00",BW02,652.50
D,DISPATCH,UNIT_SCADA,1,"2019/08/22 21:50:00",BW03,662.324950
D,DISPATCH,UNIT_SCADA,1,"2019/08/22 21:50:00",BW04,0
D,DISPATCH,UNIT_SCADA,1,"2019/08/22 21:50:00",CALL_B_1,0
D,DISPATCH,UNIT_SCADA,1,"2019/08/22 21:50:00",CALL_B_2,349.100010
D,DISPATCH,UNIT_SCADA,1,"2019/08/22 21:50:00",CETHANA,98.304250
D,DISPATCH,UNIT_SCADA,1,"2019/08/22 21:50:00",CG1,0
D,DISPATCH,UNIT_SCADA,1,"2019/08/22 21:50:00",CG2,0
D,DISPATCH,UNIT_SCADA,1,"2019/08/22 21:50:00",CG3,0
D,DISPATCH,UNIT_SCADA,1,"2019/08/22 21:50:00",CG4,0
D,DISPATCH,UNIT_SCADA,1,"2019/08/22 21:50:00",CHILDSF1,0
D,DISPATCH,UNIT_SCADA,1,"2019/08/22 21:50:00",CLARESF1,0
D,DISPATCH,UNIT_SCADA,1,"2019/08/22 21:50:00",CLEMGPWF,1.368670
D,DISPATCH,UNIT_SCADA,1,"2019/08/22 21:50:00",CLERMSF1,0
D,DISPATCH,UNIT_SCADA,1,"2019/08/22 21:50:00",COLEASF1,0
D,DISPATCH,UNIT_SCADA,1,"2019/08/22 21:50:00",COOPGWF1,35.948260
D,DISPATCH,UNIT_SCADA,1,"2019/08/22 21:50:00",CPP_3,406.725010
D,DISPATCH,UNIT_SCADA,1,"2019/08/22 21:50:00",CPP_4,405.6250
D,DISPATCH,UNIT_SCADA,1,"2019/08/22 21:50:00",CPSA,143.430630
D,DISPATCH,UNIT_SCADA,1,"2019/08/22 21:50:00",CROOKWF2,11.663750
D,DISPATCH,UNIT_SCADA,1,"2019/08/22 21:50:00",CROWLWF1,9.955330
D,DISPATCH,UNIT_SCADA,1,"2019/08/22 21:50:00",CSPVPS1,0
D,DISPATCH,UNIT_SCADA,1,"2019/08/22 21:50:00",DALNTH01,0
D,DISPATCH,UNIT_SCADA,1,"2019/08/22 21:50:00",DALNTHL1,0.013730
D,DISPATCH,UNIT_SCADA,1,"2019/08/22 21:50:00",DARTM1,133.70
D,DISPATCH,UNIT_SCADA,1,"2019/08/22 21:50:00",DAYDSF1,0
D,DISPATCH,UNIT_SCADA,1,"2019/08/22 21:50:00",DDPS1,575.388980
D,DISPATCH,UNIT_SCADA,1,"2019/08/22 21:50:00",DDSF1,0
D,DISPATCH,UNIT_SCADA,1,"2019/08/22 21:50:00",DEVILS_G,0
D,DISPATCH,UNIT_SCADA,1,"2019/08/22 21:50:00",DG_NSW1,0
D,DISPATCH,UNIT_SCADA,1,"2019/08/22 21:50:00",DG_QLD1,0
D,DISPATCH,UNIT_SCADA,1,"2019/08/22 21:50:00",DG_SA1,0
D,DISPATCH,UNIT_SCADA,1,"2019/08/22 21:50:00",DG_TAS1,0
D,DISPATCH,UNIT_SCADA,1,"2019/08/22 21:50:00",DG_VIC1,0
D,DISPATCH,UNIT_SCADA,1,"2019/08/22 21:50:00",DRYCGT1,0
D,DISPATCH,UNIT_SCADA,1,"2019/08/22 21:50:00",DRYCGT2,0
D,DISPATCH,UNIT_SCADA,1,"2019/08/22 21:50:00",DRYCGT3,0
D,DISPATCH,UNIT_SCADA,1,"2019/08/22 21:50:00",EILDON1,0
D,DISPATCH,UNIT_SCADA,1,"2019/08/22 21:50:00",EILDON2,0
D,DISPATCH,UNIT_SCADA,1,"2019/08/22 21:50:00",EMERASF1,0
D,DISPATCH,UNIT_SCADA,1,"2019/08/22 21:50:00",ER01,591.800050
D,DISPATCH,UNIT_SCADA,1,"2019/08/22 21:50:00",ER02,699.950070
D,DISPATCH,UNIT_SCADA,1,"2019/08/22 21:50:00",ER03,701.150020
D,DISPATCH,UNIT_SCADA,1,"2019/08/22 21:50:00",ER04,698.974980
D,DISPATCH,UNIT_SCADA,1,"2019/08/22 21:50:00",FINLYSF1,0
D,DISPATCH,UNIT_SCADA,1,"2019/08/22 21:50:00",FISHER,45.89
D,DISPATCH,UNIT_SCADA,1,"2019/08/22 21:50:00",GANNBG1,7.343410
D,DISPATCH,UNIT_SCADA,1,"2019/08/22 21:50:00",GANNBL1,0
D,DISPATCH,UNIT_SCADA,1,"2019/08/22 21:50:00",GANNSF1,0
D,DISPATCH,UNIT_SCADA,1,"2019/08/22 21:50:00",GORDON,117.999830
D,DISPATCH,UNIT_SCADA,1,"2019/08/22 21:50:00",GSTONE1,266.8750
D,DISPATCH,UNIT_SCADA,1,"2019/08/22 21:50:00",GSTONE2,230.1250
D,DISPATCH,UNIT_SCADA,1,"2019/08/22 21:50:00",GSTONE3,249.3750
D,DISPATCH,UNIT_SCADA,1,"2019/08/22 21:50:00",GSTONE4,259.699980
D,DISPATCH,UNIT_SCADA,1,"2019/08/22 21:50:00",GSTONE5,267.924990
D,DISPATCH,UNIT_SCADA,1,"2019/08/22 21:50:00",GSTONE6,0
D,DISPATCH,UNIT_SCADA,1,"2019/08/22 21:50:00",GULLRSF1,0
D,DISPATCH,UNIT_SCADA,1,"2019/08/22 21:50:00",GULLRWF1,17.765840
D,DISPATCH,UNIT_SCADA,1,"2019/08/22 21:50:00",GUNNING1,2.452160
D,DISPATCH,UNIT_SCADA,1,"2019/08/22 21:50:00",GUTHEGA,0
D,DISPATCH,UNIT_SCADA,1,"2019/08/22 21:50:00",HALLWF1,24.53
D,DISPATCH,UNIT_SCADA,1,"2019/08/22 21:50:00",HALLWF2,13.31
D,DISPATCH,UNIT_SCADA,1,"2019/08/22 21:50:00",HAMISF1,0
D,DISPATCH,UNIT_SCADA,1,"2019/08/22 21:50:00",HAUGHT11,0
D,DISPATCH,UNIT_SCADA,1,"2019/08/22 21:50:00",HAYMSF1,0
D,DISPATCH,UNIT_SCADA,1,"2019/08/22 21:50:00",HDWF1,61.30
D,DISPATCH,UNIT_SCADA,1,"2019/08/22 21:50:00",HDWF2,39.10
D,DISPATCH,UNIT_SCADA,1,"2019/08/22 21:50:00",HDWF3,38.10
D,DISPATCH,UNIT_SCADA,1,"2019/08/22 21:50:00",HPRG1,5.30
D,DISPATCH,UNIT_SCADA,1,"2019/08/22 21:50:00",HPRL1,0
D,DISPATCH,UNIT_SCADA,1,"2019/08/22 21:50:00",HUMENSW,0
D,DISPATCH,UNIT_SCADA,1,"2019/08/22 21:50:00",HUMEV,9
D,DISPATCH,UNIT_SCADA,1,"2019/08/22 21:50:00",HVGTS,0
D,DISPATCH,UNIT_SCADA,1,"2019/08/22 21:50:00",JBUTTERS,137.77
D,DISPATCH,UNIT_SCADA,1,"2019/08/22 21:50:00",JLA01,0.10
D,DISPATCH,UNIT_SCADA,1,"2019/08/22 21:50:00",JLA02,0
D,DISPATCH,UNIT_SCADA,1,"2019/08/22 21:50:00",JLA03,0.10
D,DISPATCH,UNIT_SCADA,1,"2019/08/22 21:50:00",JLA04,0.10
D,DISPATCH,UNIT_SCADA,1,"2019/08/22 21:50:00",JLB01,0
D,DISPATCH,UNIT_SCADA,1,"2019/08/22 21:50:00",JLB02,0.10
D,DISPATCH,UNIT_SCADA,1,"2019/08/22 21:50:00",JLB03,85.50
D,DISPATCH,UNIT_SCADA,1,"2019/08/22 21:50:00",KAREEYA1,21.5225
D,DISPATCH,UNIT_SCADA,1,"2019/08/22 21:50:00",KAREEYA2,21.6975
D,DISPATCH,UNIT_SCADA,1,"2019/08/22 21:50:00",KAREEYA3,0
D,DISPATCH,UNIT_SCADA,1,"2019/08/22 21:50:00",KAREEYA4,21.7325
D,DISPATCH,UNIT_SCADA,1,"2019/08/22 21:50:00",KARSF1,0
D,DISPATCH,UNIT_SCADA,1,"2019/08/22 21:50:00",KIATAWF1,8.20
D,DISPATCH,UNIT_SCADA,1,"2019/08/22 21:50:00",KPP_1,0
D,DISPATCH,UNIT_SCADA,1,"2019/08/22 21:50:00",KSP1,0
D,DISPATCH,UNIT_SCADA,1,"2019/08/22 21:50:00",LADBROK1,42.82
D,DISPATCH,UNIT_SCADA,1,"2019/08/22 21:50:00",LADBROK2,42.75
D,DISPATCH,UNIT_SCADA,1,"2019/08/22 21:50:00",LD01,417.8812
D,DISPATCH,UNIT_SCADA,1,"2019/08/22 21:50:00",LD02,419.512480
D,DISPATCH,UNIT_SCADA,1,"2019/08/22 21:50:00",LD03,424.012480
D,DISPATCH,UNIT_SCADA,1,"2019/08/22 21:50:00",LD04,383.774960
D,DISPATCH,UNIT_SCADA,1,"2019/08/22 21:50:00",LEM_WIL,86.1183
D,DISPATCH,UNIT_SCADA,1,"2019/08/22 21:50:00",LGAPWF1,2.41
D,DISPATCH,UNIT_SCADA,1,"2019/08/22 21:50:00",LILYSF1,0
D,DISPATCH,UNIT_SCADA,1,"2019/08/22 21:50:00",LI_WY_CA,148.703410
D,DISPATCH,UNIT_SCADA,1,"2019/08/22 21:50:00",LKBONNY2,-1.076420
D,DISPATCH,UNIT_SCADA,1,"2019/08/22 21:50:00",LKBONNY3,-0.169210
D,DISPATCH,UNIT_SCADA,1,"2019/08/22 21:50:00",LK_ECHO,0
D,DISPATCH,UNIT_SCADA,1,"2019/08/22 21:50:00",LNGS1,0
D,DISPATCH,UNIT_SCADA,1,"2019/08/22 21:50:00",LNGS2,0
D,DISPATCH,UNIT_SCADA,1,"2019/08/22 21:50:00",LONSDALE,0
D,DISPATCH,UNIT_SCADA,1,"2019/08/22 21:50:00",LOYYB1,534.208860
D,DISPATCH,UNIT_SCADA,1,"2019/08/22 21:50:00",LOYYB2,581.954410
D,DISPATCH,UNIT_SCADA,1,"2019/08/22 21:50:00",LYA1,560
D,DISPATCH,UNIT_SCADA,1,"2019/08/22 21:50:00",LYA2,0
D,DISPATCH,UNIT_SCADA,1,"2019/08/22 21:50:00",LYA3,560
D,DISPATCH,UNIT_SCADA,1,"2019/08/22 21:50:00",LYA4,540
D,DISPATCH,UNIT_SCADA,1,"2019/08/22 21:50:00",MACARTH1,0
D,DISPATCH,UNIT_SCADA,1,"2019/08/22 21:50:00",MACKAYGT,0
D,DISPATCH,UNIT_SCADA,1,"2019/08/22 21:50:00",MACKNTSH,86.170010
D,DISPATCH,UNIT_SCADA,1,"2019/08/22 21:50:00",MANSLR1,0
D,DISPATCH,UNIT_SCADA,1,"2019/08/22 21:50:00",MCKAY1,0.02
D,DISPATCH,UNIT_SCADA,1,"2019/08/22 21:50:00",MEADOWBK,33.924460
D,DISPATCH,UNIT_SCADA,1,"2019/08/22 21:50:00",MERCER01,3.5070
D,DISPATCH,UNIT_SCADA,1,"2019/08/22 21:50:00",MEWF1,0.260060
D,DISPATCH,UNIT_SCADA,1,"2019/08/22 21:50:00",MINTARO,0
D,DISPATCH,UNIT_SCADA,1,"2019/08/22 21:50:00",MOREESF1,0
D,DISPATCH,UNIT_SCADA,1,"2019/08/22 21:50:00",MORTLK11,125
D,DISPATCH,UNIT_SCADA,1,"2019/08/22 21:50:00",MORTLK12,0
D,DISPATCH,UNIT_SCADA,1,"2019/08/22 21:50:00",MP1,282.1250
D,DISPATCH,UNIT_SCADA,1,"2019/08/22 21:50:00",MP2,0
D,DISPATCH,UNIT_SCADA,1,"2019/08/22 21:50:00",MPP_1,385.75
D,DISPATCH,UNIT_SCADA,1,"2019/08/22 21:50:00",MPP_2,410.50
D,DISPATCH,UNIT_SCADA,1,"2019/08/22 21:50:00",MSTUART1,0
D,DISPATCH,UNIT_SCADA,1,"2019/08/22 21:50:00",MSTUART2,0
D,DISPATCH,UNIT_SCADA,1,"2019/08/22 21:50:00",MSTUART3,0
D,DISPATCH,UNIT_SCADA,1,"2019/08/22 21:50:00",MTGELWF1,5.426190
D,DISPATCH,UNIT_SCADA,1,"2019/08/22 21:50:00",MURRAY,273.710050
D,DISPATCH,UNIT_SCADA,1,"2019/08/22 21:50:00",MUSSELR1,4.30
D,DISPATCH,UNIT_SCADA,1,"2019/08/22 21:50:00",MUWAWF1,-0.23
D,DISPATCH,UNIT_SCADA,1,"2019/08/22 21:50:00",NBHWF1,57.30
D,DISPATCH,UNIT_SCADA,1,"2019/08/22 21:50:00",NPS,509.25
D,DISPATCH,UNIT_SCADA,1,"2019/08/22 21:50:00",NUMURSF1,0
D,DISPATCH,UNIT_SCADA,1,"2019/08/22 21:50:00",NYNGAN1,0
D,DISPATCH,UNIT_SCADA,1,"2019/08/22 21:50:00",OAKEY1,0
D,DISPATCH,UNIT_SCADA,1,"2019/08/22 21:50:00",OAKEY1SF,0
D,DISPATCH,UNIT_SCADA,1,"2019/08/22 21:50:00",OAKEY2,0
D,DISPATCH,UNIT_SCADA,1,"2019/08/22 21:50:00",OAKLAND1,4.10
D,DISPATCH,UNIT_SCADA,1,"2019/08/22 21:50:00",OSB-AG,184.350010
D,DISPATCH,UNIT_SCADA,1,"2019/08/22 21:50:00",PARSF1,0
D,DISPATCH,UNIT_SCADA,1,"2019/08/22 21:50:00",POAT110,0
D,DISPATCH,UNIT_SCADA,1,"2019/08/22 21:50:00",POAT220,13.555920
D,DISPATCH,UNIT_SCADA,1,"2019/08/22 21:50:00",POR01,0
D,DISPATCH,UNIT_SCADA,1,"2019/08/22 21:50:00",POR03,0
D,DISPATCH,UNIT_SCADA,1,"2019/08/22 21:50:00",PPCCGT,495.011350
D,DISPATCH,UNIT_SCADA,1,"2019/08/22 21:50:00",PTSTAN1,0
D,DISPATCH,UNIT_SCADA,1,"2019/08/22 21:50:00",PUMP1,0
D,DISPATCH,UNIT_SCADA,1,"2019/08/22 21:50:00",PUMP2,0
D,DISPATCH,UNIT_SCADA,1,"2019/08/22 21:50:00",QPS1,29.10
D,DISPATCH,UNIT_SCADA,1,"2019/08/22 21:50:00",QPS2,0
D,DISPATCH,UNIT_SCADA,1,"2019/08/22 21:50:00",QPS3,0
D,DISPATCH,UNIT_SCADA,1,"2019/08/22 21:50:00",QPS4,0
D,DISPATCH,UNIT_SCADA,1,"2019/08/22 21:50:00",QPS5,125.26
D,DISPATCH,UNIT_SCADA,1,"2019/08/22 21:50:00",REECE1,118.020010
D,DISPATCH,UNIT_SCADA,1,"2019/08/22 21:50:00",REECE2,117.820010
D,DISPATCH,UNIT_SCADA,1,"2019/08/22 21:50:00",ROMA_7,0
D,DISPATCH,UNIT_SCADA,1,"2019/08/22 21:50:00",ROMA_8,0
D,DISPATCH,UNIT_SCADA,1,"2019/08/22 21:50:00",RRSF1,0
D,DISPATCH,UNIT_SCADA,1,"2019/08/22 21:50:00",RT_NSW1,0
D,DISPATCH,UNIT_SCADA,1,"2019/08/22 21:50:00",RT_NSW2,0
D,DISPATCH,UNIT_SCADA,1,"2019/08/22 21:50:00",RT_NSW3,0
D,DISPATCH,UNIT_SCADA,1,"2019/08/22 21:50:00",RT_NSW4,0
D,DISPATCH,UNIT_SCADA,1,"2019/08/22 21:50:00",RT_NSW5,0
D,DISPATCH,UNIT_SCADA,1,"2019/08/22 21:50:00",RT_NSW6,0
D,DISPATCH,UNIT_SCADA,1,"2019/08/22 21:50:00",RT_QLD1,0
D,DISPATCH,UNIT_SCADA,1,"2019/08/22 21:50:00",RT_SA1,0
D,DISPATCH,UNIT_SCADA,1,"2019/08/22 21:50:00",RT_SA2,0
D,DISPATCH,UNIT_SCADA,1,"2019/08/22 21:50:00",RT_SA3,0
D,DISPATCH,UNIT_SCADA,1,"2019/08/22 21:50:00",RT_SA4,0
D,DISPATCH,UNIT_SCADA,1,"2019/08/22 21:50:00",RT_SA5,0
D,DISPATCH,UNIT_SCADA,1,"2019/08/22 21:50:00",RT_SA6,0
D,DISPATCH,UNIT_SCADA,1,"2019/08/22 21:50:00",RT_TAS1,0
D,DISPATCH,UNIT_SCADA,1,"2019/08/22 21:50:00",RT_VIC1,0
D,DISPATCH,UNIT_SCADA,1,"2019/08/22 21:50:00",RT_VIC10,0
D,DISPATCH,UNIT_SCADA,1,"2019/08/22 21:50:00",RT_VIC11,0
D,DISPATCH,UNIT_SCADA,1,"2019/08/22 21:50:00",RT_VIC12,0
D,DISPATCH,UNIT_SCADA,1,"2019/08/22 21:50:00",RT_VIC2,0
D,DISPATCH,UNIT_SCADA,1,"2019/08/22 21:50:00",RT_VIC3,0
D,DISPATCH,UNIT_SCADA,1,"2019/08/22 21:50:00",RT_VIC4,0
D,DISPATCH,UNIT_SCADA,1,"2019/08/22 21:50:00",RT_VIC5,0
D,DISPATCH,UNIT_SCADA,1,"2019/08/22 21:50:00",RT_VIC6,0
D,DISPATCH,UNIT_SCADA,1,"2019/08/22 21:50:00",RT_VIC7,0
D,DISPATCH,UNIT_SCADA,1,"2019/08/22 21:50:00",RT_VIC8,0
D,DISPATCH,UNIT_SCADA,1,"2019/08/22 21:50:00",RT_VIC9,0
D,DISPATCH,UNIT_SCADA,1,"2019/08/22 21:50:00",RUGBYR1,0
D,DISPATCH,UNIT_SCADA,1,"2019/08/22 21:50:00",SALTCRK1,-0.41
D,DISPATCH,UNIT_SCADA,1,"2019/08/22 21:50:00",SAPHWF1,61.443760
D,DISPATCH,UNIT_SCADA,1,"2019/08/22 21:50:00",SHGEN,2.9676
D,DISPATCH,UNIT_SCADA,1,"2019/08/22 21:50:00",SHPUMP,0
D,DISPATCH,UNIT_SCADA,1,"2019/08/22 21:50:00",SITHE01,0.214140
D,DISPATCH,UNIT_SCADA,1,"2019/08/22 21:50:00",SMCSF1,0
D,DISPATCH,UNIT_SCADA,1,"2019/08/22 21:50:00",SNOWNTH1,11.50
D,DISPATCH,UNIT_SCADA,1,"2019/08/22 21:50:00",SNOWSTH1,9.40
D,DISPATCH,UNIT_SCADA,1,"2019/08/22 21:50:00",SNOWTWN1,10.700430
D,DISPATCH,UNIT_SCADA,1,"2019/08/22 21:50:00",SNOWYP,0
D,DISPATCH,UNIT_SCADA,1,"2019/08/22 21:50:00",SNUG1,0.019440
D,DISPATCH,UNIT_SCADA,1,"2019/08/22 21:50:00",SRSF1,0
D,DISPATCH,UNIT_SCADA,1,"2019/08/22 21:50:00",STAN-1,0
D,DISPATCH,UNIT_SCADA,1,"2019/08/22 21:50:00",STAN-2,346.580510
D,DISPATCH,UNIT_SCADA,1,"2019/08/22 21:50:00",STAN-3,344.760380
D,DISPATCH,UNIT_SCADA,1,"2019/08/22 21:50:00",STAN-4,362.448940
D,DISPATCH,UNIT_SCADA,1,"2019/08/22 21:50:00",STWF1,160.278750
D,DISPATCH,UNIT_SCADA,1,"2019/08/22 21:50:00",SWAN_E,0
D,DISPATCH,UNIT_SCADA,1,"2019/08/22 21:50:00",TALWA1,426
D,DISPATCH,UNIT_SCADA,1,"2019/08/22 21:50:00",TARALGA1,14.463750
D,DISPATCH,UNIT_SCADA,1,"2019/08/22 21:50:00",TARONG#1,348.200010
D,DISPATCH,UNIT_SCADA,1,"2019/08/22 21:50:00",TARONG#2,347.800020
D,DISPATCH,UNIT_SCADA,1,"2019/08/22 21:50:00",TARONG#3,259.899990
D,DISPATCH,UNIT_SCADA,1,"2019/08/22 21:50:00",TARONG#4,350
D,DISPATCH,UNIT_SCADA,1,"2019/08/22 21:50:00",TARRALEA,83.80
D,DISPATCH,UNIT_SCADA,1,"2019/08/22 21:50:00",TBSF1,-0.20
D,DISPATCH,UNIT_SCADA,1,"2019/08/22 21:50:00",TNPS1,442.300020
D,DISPATCH,UNIT_SCADA,1,"2019/08/22 21:50:00",TORRA1,118.140810
D,DISPATCH,UNIT_SCADA,1,"2019/08/22 21:50:00",TORRA2,0
D,DISPATCH,UNIT_SCADA,1,"2019/08/22 21:50:00",TORRA3,39.920880
D,DISPATCH,UNIT_SCADA,1,"2019/08/22 21:50:00",TORRA4,102.346860
D,DISPATCH,UNIT_SCADA,1,"2019/08/22 21:50:00",TORRB1,130.289990
D,DISPATCH,UNIT_SCADA,1,"2019/08/22 21:50:00",TORRB2,193.84
D,DISPATCH,UNIT_SCADA,1,"2019/08/22 21:50:00",TORRB3,0
D,DISPATCH,UNIT_SCADA,1,"2019/08/22 21:50:00",TORRB4,0
D,DISPATCH,UNIT_SCADA,1,"2019/08/22 21:50:00",TREVALLN,88.250030
D,DISPATCH,UNIT_SCADA,1,"2019/08/22 21:50:00",TRIBUTE,84.31
D,DISPATCH,UNIT_SCADA,1,"2019/08/22 21:50:00",TUMUT3,0
D,DISPATCH,UNIT_SCADA,1,"2019/08/22 21:50:00",TUNGATIN,139.090030
D,DISPATCH,UNIT_SCADA,1,"2019/08/22 21:50:00",TVCC201,0
D,DISPATCH,UNIT_SCADA,1,"2019/08/22 21:50:00",TVPP104,57.904710
D,DISPATCH,UNIT_SCADA,1,"2019/08/22 21:50:00",UPPTUMUT,496.943360
D,DISPATCH,UNIT_SCADA,1,"2019/08/22 21:50:00",URANQ11,0
D,DISPATCH,UNIT_SCADA,1,"2019/08/22 21:50:00",URANQ12,0
D,DISPATCH,UNIT_SCADA,1,"2019/08/22 21:50:00",URANQ13,0
D,DISPATCH,UNIT_SCADA,1,"2019/08/22 21:50:00",URANQ14,0
D,DISPATCH,UNIT_SCADA,1,"2019/08/22 21:50:00",VP5,608.775020
D,DISPATCH,UNIT_SCADA,1,"2019/08/22 21:50:00",VP6,608.349980
D,DISPATCH,UNIT_SCADA,1,"2019/08/22 21:50:00",VPGS1,0
D,DISPATCH,UNIT_SCADA,1,"2019/08/22 21:50:00",VPGS2,0
D,DISPATCH,UNIT_SCADA,1,"2019/08/22 21:50:00",VPGS3,0
D,DISPATCH,UNIT_SCADA,1,"2019/08/22 21:50:00",VPGS4,0
D,DISPATCH,UNIT_SCADA,1,"2019/08/22 21:50:00",VPGS5,0
D,DISPATCH,UNIT_SCADA,1,"2019/08/22 21:50:00",VPGS6,0
D,DISPATCH,UNIT_SCADA,1,"2019/08/22 21:50:00",W/HOE#1,0
D,DISPATCH,UNIT_SCADA,1,"2019/08/22 21:50:00",W/HOE#2,0
D,DISPATCH,UNIT_SCADA,1,"2019/08/22 21:50:00",WATERLWF,5.20
D,DISPATCH,UNIT_SCADA,1,"2019/08/22 21:50:00",WEMENSF1,0
D,DISPATCH,UNIT_SCADA,1,"2019/08/22 21:50:00",WGWF1,7.90
D,DISPATCH,UNIT_SCADA,1,"2019/08/22 21:50:00",WHITSF1,0
D,DISPATCH,UNIT_SCADA,1,"2019/08/22 21:50:00",WKIEWA1,30.90
D,DISPATCH,UNIT_SCADA,1,"2019/08/22 21:50:00",WKIEWA2,30.80
D,DISPATCH,UNIT_SCADA,1,"2019/08/22 21:50:00",WOODLWN1,19.169980
D,DISPATCH,UNIT_SCADA,1,"2019/08/22 21:50:00",WRSF1,0
D,DISPATCH,UNIT_SCADA,1,"2019/08/22 21:50:00",WRWF1,10.938760
D,DISPATCH,UNIT_SCADA,1,"2019/08/22 21:50:00",YABULU,0
D,DISPATCH,UNIT_SCADA,1,"2019/08/22 21:50:00",YABULU2,0
D,DISPATCH,UNIT_SCADA,1,"2019/08/22 21:50:00",YARWUN_1,0
D,DISPATCH,UNIT_SCADA,1,"2019/08/22 21:50:00",YENDWF1,6.09
D,DISPATCH,UNIT_SCADA,1,"2019/08/22 21:50:00",YWPS1,297.9924
D,DISPATCH,UNIT_SCADA,1,"2019/08/22 21:50:00",YWPS2,279.946840
D,DISPATCH,UNIT_SCADA,1,"2019/08/22 21:50:00",YWPS3,0
D,DISPATCH,UNIT_SCADA,1,"2019/08/22 21:50:00",YWPS4,390.156950
C,"END OF REPORT",334
