C,NEMP.WORLD,DISPATCHSCADA,AEMO,PUBLIC,2019/08/22,09:50:07,0000000311861940,DISPATCHSCADA,0000000311861934
I,DISPATCH,UNIT_SCADA,1,SETTLEMENTDATE,DUID,SCADAVALUE
D,DISPATCH,UNIT_SCADA,1,"2019/08/22 09:55:00",BARCSF1,18
D,DISPATCH,UNIT_SCADA,1,"2019/08/22 09:55:00",BUTLERSG,9.699999
D,DISPATCH,UNIT_SCADA,1,"2019/08/22 09:55:00",CALL_A_4,0
D,DISPATCH,UNIT_SCADA,1,"2019/08/22 09:55:00",CAPTL_WF,69.335999
D,DISPATCH,UNIT_SCADA,1,"2019/08/22 09:55:00",CATHROCK,0
D,DISPATCH,UNIT_SCADA,1,"2019/08/22 09:55:00",CHALLHWF,41.50
D,DISPATCH,UNIT_SCADA,1,"2019/08/22 09:55:00",CLOVER,0
D,DISPATCH,UNIT_SCADA,1,"2019/08/22 09:55:00",CLUNY,19.835661
D,DISPATCH,UNIT_SCADA,1,"2019/08/22 09:55:00",CNUNDAWF,14.016351
D,DISPATCH,UNIT_SCADA,1,"2019/08/22 09:55:00",CULLRGWF,28.26
D,DISPATCH,UNIT_SCADA,1,"2019/08/22 09:55:00",ERGT01,0
D,DISPATCH,UNIT_SCADA,1,"2019/08/22 09:55:00",GB01,0.052750
D,DISPATCH,UNIT_SCADA,1,"2019/08/22 09:55:00",GERMCRK,35.099998
D,DISPATCH,UNIT_SCADA,1,"2019/08/22 09:55:00",GRIFSF1,21.300003
D,DISPATCH,UNIT_SCADA,1,"2019/08/22 09:55:00",HUGSF1,8.9930
D,DISPATCH,UNIT_SCADA,1,"2019/08/22 09:55:00",LKBONNY1,39.1175
D,DISPATCH,UNIT_SCADA,1,"2019/08/22 09:55:00",LRSF1,0.0390
D,DISPATCH,UNIT_SCADA,1,"2019/08/22 09:55:00",MBAHNTH,55.912506
D,DISPATCH,UNIT_SCADA,1,"2019/08/22 09:55:00",MLSP1,9.133001
D,DISPATCH,UNIT_SCADA,1,"2019/08/22 09:55:00",MLWF1,15.6450
D,DISPATCH,UNIT_SCADA,1,"2019/08/22 09:55:00",MTMILLAR,1.726384
D,DISPATCH,UNIT_SCADA,1,"2019/08/22 09:55:00",PALOONA,28.65
D,DISPATCH,UNIT_SCADA,1,"2019/08/22 09:55:00",PIONEER,34.200001
D,DISPATCH,UNIT_SCADA,1,"2019/08/22 09:55:00",PORTWF,66.599998
D,DISPATCH,UNIT_SCADA,1,"2019/08/22 09:55:00",REPULSE,28.885328
D,DISPATCH,UNIT_SCADA,1,"2019/08/22 09:55:00",ROWALLAN,10.2950
D,DISPATCH,UNIT_SCADA,1,"2019/08/22 09:55:00",ROYALLA1,17.000002
D,DISPATCH,UNIT_SCADA,1,"2019/08/22 09:55:00",RPCG,9.70
D,DISPATCH,UNIT_SCADA,1,"2019/08/22 09:55:00",RUBICON,0
D,DISPATCH,UNIT_SCADA,1,"2019/08/22 09:55:00",SATGN1,0
D,DISPATCH,UNIT_SCADA,1,"2019/08/22 09:55:00",SATGS1,0
D,DISPATCH,UNIT_SCADA,1,"2019/08/22 09:55:00",STARHLWF,1.299621
D,DISPATCH,UNIT_SCADA,1,"2019/08/22 09:55:00",WAUBRAWF,180.108002
D,DISPATCH,UNIT_SCADA,1,"2019/08/22 09:55:00",WOOLNTH1,126.020020
D,DISPATCH,UNIT_SCADA,1,"2019/08/22 09:55:00",WPWF,3
D,DISPATCH,UNIT_SCADA,1,"2019/08/22 09:55:00",YAMBUKWF,25.200001
D,DISPATCH,UNIT_SCADA,1,"2019/08/22 09:55:00",YSWF1,22.10
D,DISPATCH,UNIT_SCADA,1,"2019/08/22 09:55:00",AGLHAL,0
D,DISPATCH,UNIT_SCADA,1,"2019/08/22 09:55:00",AGLSOM,0
D,DISPATCH,UNIT_SCADA,1,"2019/08/22 09:55:00",ANGAST1,0
D,DISPATCH,UNIT_SCADA,1,"2019/08/22 09:55:00",ARWF1,196.70
D,DISPATCH,UNIT_SCADA,1,"2019/08/22 09:55:00",BALBG1,0
D,DISPATCH,UNIT_SCADA,1,"2019/08/22 09:55:00",BALBL1,0
D,DISPATCH,UNIT_SCADA,1,"2019/08/22 09:55:00",BALDHWF1,93.9340
D,DISPATCH,UNIT_SCADA,1,"2019/08/22 09:55:00",BANN1,24.27
D,DISPATCH,UNIT_SCADA,1,"2019/08/22 09:55:00",BARCALDN,0
D,DISPATCH,UNIT_SCADA,1,"2019/08/22 09:55:00",BARRON-1,0
D,DISPATCH,UNIT_SCADA,1,"2019/08/22 09:55:00",BARRON-2,28.40
D,DISPATCH,UNIT_SCADA,1,"2019/08/22 09:55:00",BASTYAN,77.790010
D,DISPATCH,UNIT_SCADA,1,"2019/08/22 09:55:00",BBTHREE1,-1.99
D,DISPATCH,UNIT_SCADA,1,"2019/08/22 09:55:00",BBTHREE2,-2.05
D,DISPATCH,UNIT_SCADA,1,"2019/08/22 09:55:00",BBTHREE3,-1.09
D,DISPATCH,UNIT_SCADA,1,"2019/08/22 09:55:00",BDL01,0
D,DISPATCH,UNIT_SCADA,1,"2019/08/22 09:55:00",BDL02,-0.06
D,DISPATCH,UNIT_SCADA,1,"2019/08/22 09:55:00",BERYLSF1,30.3195
D,DISPATCH,UNIT_SCADA,1,"2019/08/22 09:55:00",BLOWERNG,0
D,DISPATCH,UNIT_SCADA,1,"2019/08/22 09:55:00",BLUFF1,6.50
D,DISPATCH,UNIT_SCADA,1,"2019/08/22 09:55:00",BNGSF1,93.45
D,DISPATCH,UNIT_SCADA,1,"2019/08/22 09:55:00",BNGSF2,20
D,DISPATCH,UNIT_SCADA,1,"2019/08/22 09:55:00",BOCORWF1,108.19
D,DISPATCH,UNIT_SCADA,1,"2019/08/22 09:55:00",BODWF1,97.509250
D,DISPATCH,UNIT_SCADA,1,"2019/08/22 09:55:00",BRAEMAR1,0
D,DISPATCH,UNIT_SCADA,1,"2019/08/22 09:55:00",BRAEMAR2,0
D,DISPATCH,UNIT_SCADA,1,"2019/08/22 09:55:00",BRAEMAR3,0
D,DISPATCH,UNIT_SCADA,1,"2019/08/22 09:55:00",BRAEMAR5,0
D,DISPATCH,UNIT_SCADA,1,"2019/08/22 09:55:00",BRAEMAR6,0
D,DISPATCH,UNIT_SCADA,1,"2019/08/22 09:55:00",BRAEMAR7,0
D,DISPATCH,UNIT_SCADA,1,"2019/08/22 09:55:00",BROKENH1,18.943120
D,DISPATCH,UNIT_SCADA,1,"2019/08/22 09:55:00",BW01,467.75
D,DISPATCH,UNIT_SCADA,1,"2019/08/22 09:55:00",BW02,520.1250
D,DISPATCH,UNIT_SCADA,1,"2019/08/22 09:55:00",BW03,488.049930
D,DISPATCH,UNIT_SCADA,1,"2019/08/22 09:55:00",BW04,0
D,DISPATCH,UNIT_SCADA,1,"2019/08/22 09:55:00",CALL_B_1,275.300020
D,DISPATCH,UNIT_SCADA,1,"2019/08/22 09:55:00",CALL_B_2,279.399990
D,DISPATCH,UNIT_SCADA,1,"2019/08/22 09:55:00",CETHANA,99.322130
D,DISPATCH,UNIT_SCADA,1,"2019/08/22 09:55:00",CG1,0
D,DISPATCH,UNIT_SCADA,1,"2019/08/22 09:55:00",CG2,0
D,DISPATCH,UNIT_SCADA,1,"2019/08/22 09:55:00",CG3,0
D,DISPATCH,UNIT_SCADA,1,"2019/08/22 09:55:00",CG4,0
D,DISPATCH,UNIT_SCADA,1,"2019/08/22 09:55:00",CHILDSF1,40.12
D,DISPATCH,UNIT_SCADA,1,"2019/08/22 09:55:00",CLARESF1,2.082240
D,DISPATCH,UNIT_SCADA,1,"2019/08/22 09:55:00",CLEMGPWF,0.576280
D,DISPATCH,UNIT_SCADA,1,"2019/08/22 09:55:00",CLERMSF1,0.99
D,DISPATCH,UNIT_SCADA,1,"2019/08/22 09:55:00",COLEASF1,83
D,DISPATCH,UNIT_SCADA,1,"2019/08/22 09:55:00",COOPGWF1,30.927570
D,DISPATCH,UNIT_SCADA,1,"2019/08/22 09:55:00",CPP_3,406.450010
D,DISPATCH,UNIT_SCADA,1,"2019/08/22 09:55:00",CPP_4,295.350010
D,DISPATCH,UNIT_SCADA,1,"2019/08/22 09:55:00",CPSA,120.836880
D,DISPATCH,UNIT_SCADA,1,"2019/08/22 09:55:00",CROOKWF2,82.2350
D,DISPATCH,UNIT_SCADA,1,"2019/08/22 09:55:00",CROWLWF1,44.998660
D,DISPATCH,UNIT_SCADA,1,"2019/08/22 09:55:00",CSPVPS1,31.9610
D,DISPATCH,UNIT_SCADA,1,"2019/08/22 09:55:00",DALNTH01,0
D,DISPATCH,UNIT_SCADA,1,"2019/08/22 09:55:00",DALNTHL1,0.074770
D,DISPATCH,UNIT_SCADA,1,"2019/08/22 09:55:00",DARTM1,134.600010
D,DISPATCH,UNIT_SCADA,1,"2019/08/22 09:55:00",DAYDSF1,116.886010
D,DISPATCH,UNIT_SCADA,1,"2019/08/22 09:55:00",DDPS1,0
D,DISPATCH,UNIT_SCADA,1,"2019/08/22 09:55:00",DDSF1,101.642240
D,DISPATCH,UNIT_SCADA,1,"2019/08/22 09:55:00",DEVILS_G,0
D,DISPATCH,UNIT_SCADA,1,"2019/08/22 09:55:00",DG_NSW1,0
D,DISPATCH,UNIT_SCADA,1,"2019/08/22 09:55:00",DG_QLD1,0
D,DISPATCH,UNIT_SCADA,1,"2019/08/22 09:55:00",DG_SA1,0
D,DISPATCH,UNIT_SCADA,1,"2019/08/22 09:55:00",DG_TAS1,0
D,DISPATCH,UNIT_SCADA,1,"2019/08/22 09:55:00",DG_VIC1,0
D,DISPATCH,UNIT_SCADA,1,"2019/08/22 09:55:00",DRYCGT1,0
D,DISPATCH,UNIT_SCADA,1,"2019/08/22 09:55:00",DRYCGT2,0
D,DISPATCH,UNIT_SCADA,1,"2019/08/22 09:55:00",DRYCGT3,0
D,DISPATCH,UNIT_SCADA,1,"2019/08/22 09:55:00",EILDON1,0
D,DISPATCH,UNIT_SCADA,1,"2019/08/22 09:55:00",EILDON2,0
D,DISPATCH,UNIT_SCADA,1,"2019/08/22 09:55:00",EMERASF1,63.39
D,DISPATCH,UNIT_SCADA,1,"2019/08/22 09:55:00",ER01,456.900020
D,DISPATCH,UNIT_SCADA,1,"2019/08/22 09:55:00",ER02,468.8501
D,DISPATCH,UNIT_SCADA,1,"2019/08/22 09:55:00",ER03,698.074950
D,DISPATCH,UNIT_SCADA,1,"2019/08/22 09:55:00",ER04,494.349980
D,DISPATCH,UNIT_SCADA,1,"2019/08/22 09:55:00",FINLYSF1,3.837370
D,DISPATCH,UNIT_SCADA,1,"2019/08/22 09:55:00",FISHER,45.92
D,DISPATCH,UNIT_SCADA,1,"2019/08/22 09:55:00",GANNBG1,4.371780
D,DISPATCH,UNIT_SCADA,1,"2019/08/22 09:55:00",GANNBL1,0
D,DISPATCH,UNIT_SCADA,1,"2019/08/22 09:55:00",GANNSF1,43.90
D,DISPATCH,UNIT_SCADA,1,"2019/08/22 09:55:00",GORDON,24.026240
D,DISPATCH,UNIT_SCADA,1,"2019/08/22 09:55:00",GSTONE1,110.25
D,DISPATCH,UNIT_SCADA,1,"2019/08/22 09:55:00",GSTONE2,110.25
D,DISPATCH,UNIT_SCADA,1,"2019/08/22 09:55:00",GSTONE3,109.90
D,DISPATCH,UNIT_SCADA,1,"2019/08/22 09:55:00",GSTONE4,110.60
D,DISPATCH,UNIT_SCADA,1,"2019/08/22 09:55:00",GSTONE5,142.974990
D,DISPATCH,UNIT_SCADA,1,"2019/08/22 09:55:00",GSTONE6,0
D,DISPATCH,UNIT_SCADA,1,"2019/08/22 09:55:00",GULLRSF1,7.229250
D,DISPATCH,UNIT_SCADA,1,"2019/08/22 09:55:00",GULLRWF1,147.840640
D,DISPATCH,UNIT_SCADA,1,"2019/08/22 09:55:00",GUNNING1,43.254720
D,DISPATCH,UNIT_SCADA,1,"2019/08/22 09:55:00",GUTHEGA,0
D,DISPATCH,UNIT_SCADA,1,"2019/08/22 09:55:00",HALLWF1,14.48
D,DISPATCH,UNIT_SCADA,1,"2019/08/22 09:55:00",HALLWF2,9.73
D,DISPATCH,UNIT_SCADA,1,"2019/08/22 09:55:00",HAMISF1,46.40
D,DISPATCH,UNIT_SCADA,1,"2019/08/22 09:55:00",HAUGHT11,50.038780
D,DISPATCH,UNIT_SCADA,1,"2019/08/22 09:55:00",HAYMSF1,41.2650
D,DISPATCH,UNIT_SCADA,1,"2019/08/22 09:55:00",HDWF1,21.20
D,DISPATCH,UNIT_SCADA,1,"2019/08/22 09:55:00",HDWF2,24.90
D,DISPATCH,UNIT_SCADA,1,"2019/08/22 09:55:00",HDWF3,27.70
D,DISPATCH,UNIT_SCADA,1,"2019/08/22 09:55:00",HPRG1,24.10
D,DISPATCH,UNIT_SCADA,1,"2019/08/22 09:55:00",HPRL1,0
D,DISPATCH,UNIT_SCADA,1,"2019/08/22 09:55:00",HUMENSW,0
D,DISPATCH,UNIT_SCADA,1,"2019/08/22 09:55:00",HUMEV,11.40
D,DISPATCH,UNIT_SCADA,1,"2019/08/22 09:55:00",HVGTS,0
D,DISPATCH,UNIT_SCADA,1,"2019/08/22 09:55:00",JBUTTERS,138.56
D,DISPATCH,UNIT_SCADA,1,"2019/08/22 09:55:00",JLA01,0.50
D,DISPATCH,UNIT_SCADA,1,"2019/08/22 09:55:00",JLA02,0
D,DISPATCH,UNIT_SCADA,1,"2019/08/22 09:55:00",JLA03,0.10
D,DISPATCH,UNIT_SCADA,1,"2019/08/22 09:55:00",JLA04,0.10
D,DISPATCH,UNIT_SCADA,1,"2019/08/22 09:55:00",JLB01,0
D,DISPATCH,UNIT_SCADA,1,"2019/08/22 09:55:00",JLB02,0.10
D,DISPATCH,UNIT_SCADA,1,"2019/08/22 09:55:00",JLB03,0
D,DISPATCH,UNIT_SCADA,1,"2019/08/22 09:55:00",KAREEYA1,21.6225
D,DISPATCH,UNIT_SCADA,1,"2019/08/22 09:55:00",KAREEYA2,21.7350
D,DISPATCH,UNIT_SCADA,1,"2019/08/22 09:55:00",KAREEYA3,0
D,DISPATCH,UNIT_SCADA,1,"2019/08/22 09:55:00",KAREEYA4,21.7575
D,DISPATCH,UNIT_SCADA,1,"2019/08/22 09:55:00",KARSF1,80.50
D,DISPATCH,UNIT_SCADA,1,"2019/08/22 09:55:00",KIATAWF1,26.40
D,DISPATCH,UNIT_SCADA,1,"2019/08/22 09:55:00",KPP_1,0
D,DISPATCH,UNIT_SCADA,1,"2019/08/22 09:55:00",KSP1,47.78
D,DISPATCH,UNIT_SCADA,1,"2019/08/22 09:55:00",LADBROK1,0
D,DISPATCH,UNIT_SCADA,1,"2019/08/22 09:55:00",LADBROK2,0
D,DISPATCH,UNIT_SCADA,1,"2019/08/22 09:55:00",LD01,345.150050
D,DISPATCH,UNIT_SCADA,1,"2019/08/22 09:55:00",LD02,346.4812
D,DISPATCH,UNIT_SCADA,1,"2019/08/22 09:55:00",LD03,348.506290
D,DISPATCH,UNIT_SCADA,1,"2019/08/22 09:55:00",LD04,346.725040
D,DISPATCH,UNIT_SCADA,1,"2019/08/22 09:55:00",LEM_WIL,85.8802
D,DISPATCH,UNIT_SCADA,1,"2019/08/22 09:55:00",LGAPWF1,4.92
D,DISPATCH,UNIT_SCADA,1,"2019/08/22 09:55:00",LILYSF1,95.420410
D,DISPATCH,UNIT_SCADA,1,"2019/08/22 09:55:00",LI_WY_CA,148.897830
D,DISPATCH,UNIT_SCADA,1,"2019/08/22 09:55:00",LKBONNY2,54.697060
D,DISPATCH,UNIT_SCADA,1,"2019/08/22 09:55:00",LKBONNY3,0
D,DISPATCH,UNIT_SCADA,1,"2019/08/22 09:55:00",LK_ECHO,0
D,DISPATCH,UNIT_SCADA,1,"2019/08/22 09:55:00",LNGS1,0
D,DISPATCH,UNIT_SCADA,1,"2019/08/22 09:55:00",LNGS2,0
D,DISPATCH,UNIT_SCADA,1,"2019/08/22 09:55:00",LONSDALE,0
D,DISPATCH,UNIT_SCADA,1,"2019/08/22 09:55:00",LOYYB1,536.088620
D,DISPATCH,UNIT_SCADA,1,"2019/08/22 09:55:00",LOYYB2,583.082280
D,DISPATCH,UNIT_SCADA,1,"2019/08/22 09:55:00",LYA1,559
D,DISPATCH,UNIT_SCADA,1,"2019/08/22 09:55:00",LYA2,0
D,DISPATCH,UNIT_SCADA,1,"2019/08/22 09:55:00",LYA3,558
D,DISPATCH,UNIT_SCADA,1,"2019/08/22 09:55:00",LYA4,530
D,DISPATCH,UNIT_SCADA,1,"2019/08/22 09:55:00",MACARTH1,199.0954
D,DISPATCH,UNIT_SCADA,1,"2019/08/22 09:55:00",MACKAYGT,0
D,DISPATCH,UNIT_SCADA,1,"2019/08/22 09:55:00",MACKNTSH,86.720010
D,DISPATCH,UNIT_SCADA,1,"2019/08/22 09:55:00",MANSLR1,30.8880
D,DISPATCH,UNIT_SCADA,1,"2019/08/22 09:55:00",MCKAY1,0.02
D,DISPATCH,UNIT_SCADA,1,"2019/08/22 09:55:00",MEADOWBK,33.895880
D,DISPATCH,UNIT_SCADA,1,"2019/08/22 09:55:00",MERCER01,47.5890
D,DISPATCH,UNIT_SCADA,1,"2019/08/22 09:55:00",MEWF1,70.4553
D,DISPATCH,UNIT_SCADA,1,"2019/08/22 09:55:00",MINTARO,0
D,DISPATCH,UNIT_SCADA,1,"2019/08/22 09:55:00",MOREESF1,51.3320
D,DISPATCH,UNIT_SCADA,1,"2019/08/22 09:55:00",MORTLK11,243
D,DISPATCH,UNIT_SCADA,1,"2019/08/22 09:55:00",MORTLK12,0
D,DISPATCH,UNIT_SCADA,1,"2019/08/22 09:55:00",MP1,279.800050
D,DISPATCH,UNIT_SCADA,1,"2019/08/22 09:55:00",MP2,0
D,DISPATCH,UNIT_SCADA,1,"2019/08/22 09:55:00",MPP_1,359.25
D,DISPATCH,UNIT_SCADA,1,"2019/08/22 09:55:00",MPP_2,380
D,DISPATCH,UNIT_SCADA,1,"2019/08/22 09:55:00",MSTUART1,0
D,DISPATCH,UNIT_SCADA,1,"2019/08/22 09:55:00",MSTUART2,0
D,DISPATCH,UNIT_SCADA,1,"2019/08/22 09:55:00",MSTUART3,0
D,DISPATCH,UNIT_SCADA,1,"2019/08/22 09:55:00",MTGELWF1,64.674830
D,DISPATCH,UNIT_SCADA,1,"2019/08/22 09:55:00",MURRAY,0
D,DISPATCH,UNIT_SCADA,1,"2019/08/22 09:55:00",MUSSELR1,78.60
D,DISPATCH,UNIT_SCADA,1,"2019/08/22 09:55:00",MUWAWF1,34
D,DISPATCH,UNIT_SCADA,1,"2019/08/22 09:55:00",NBHWF1,21.50
D,DISPATCH,UNIT_SCADA,1,"2019/08/22 09:55:00",NPS,0
D,DISPATCH,UNIT_SCADA,1,"2019/08/22 09:55:00",NUMURSF1,80.12
D,DISPATCH,UNIT_SCADA,1,"2019/08/22 09:55:00",NYNGAN1,71.75
D,DISPATCH,UNIT_SCADA,1,"2019/08/22 09:55:00",OAKEY1,0
D,DISPATCH,UNIT_SCADA,1,"2019/08/22 09:55:00",OAKEY1SF,21.6640
D,DISPATCH,UNIT_SCADA,1,"2019/08/22 09:55:00",OAKEY2,0
D,DISPATCH,UNIT_SCADA,1,"2019/08/22 09:55:00",OAKLAND1,40.90
D,DISPATCH,UNIT_SCADA,1,"2019/08/22 09:55:00",OSB-AG,123.819990
D,DISPATCH,UNIT_SCADA,1,"2019/08/22 09:55:00",PARSF1,7.000010
D,DISPATCH,UNIT_SCADA,1,"2019/08/22 09:55:00",POAT110,0
D,DISPATCH,UNIT_SCADA,1,"2019/08/22 09:55:00",POAT220,0
D,DISPATCH,UNIT_SCADA,1,"2019/08/22 09:55:00",POR01,0
D,DISPATCH,UNIT_SCADA,1,"2019/08/22 09:55:00",POR03,0
D,DISPATCH,UNIT_SCADA,1,"2019/08/22 09:55:00",PPCCGT,497.695770
D,DISPATCH,UNIT_SCADA,1,"2019/08/22 09:55:00",PTSTAN1,0
D,DISPATCH,UNIT_SCADA,1,"2019/08/22 09:55:00",PUMP1,0
D,DISPATCH,UNIT_SCADA,1,"2019/08/22 09:55:00",PUMP2,0
D,DISPATCH,UNIT_SCADA,1,"2019/08/22 09:55:00",QPS1,0
D,DISPATCH,UNIT_SCADA,1,"2019/08/22 09:55:00",QPS2,0
D,DISPATCH,UNIT_SCADA,1,"2019/08/22 09:55:00",QPS3,0
D,DISPATCH,UNIT_SCADA,1,"2019/08/22 09:55:00",QPS4,0
D,DISPATCH,UNIT_SCADA,1,"2019/08/22 09:55:00",QPS5,0
D,DISPATCH,UNIT_SCADA,1,"2019/08/22 09:55:00",REECE1,118.500010
D,DISPATCH,UNIT_SCADA,1,"2019/08/22 09:55:00",REECE2,118.88
D,DISPATCH,UNIT_SCADA,1,"2019/08/22 09:55:00",ROMA_7,0
D,DISPATCH,UNIT_SCADA,1,"2019/08/22 09:55:00",ROMA_8,0
D,DISPATCH,UNIT_SCADA,1,"2019/08/22 09:55:00",RRSF1,106.501850
D,DISPATCH,UNIT_SCADA,1,"2019/08/22 09:55:00",RT_NSW1,0
D,DISPATCH,UNIT_SCADA,1,"2019/08/22 09:55:00",RT_NSW2,0
D,DISPATCH,UNIT_SCADA,1,"2019/08/22 09:55:00",RT_NSW3,0
D,DISPATCH,UNIT_SCADA,1,"2019/08/22 09:55:00",RT_NSW4,0
D,DISPATCH,UNIT_SCADA,1,"2019/08/22 09:55:00",RT_NSW5,0
D,DISPATCH,UNIT_SCADA,1,"2019/08/22 09:55:00",RT_NSW6,0
D,DISPATCH,UNIT_SCADA,1,"2019/08/22 09:55:00",RT_QLD1,0
D,DISPATCH,UNIT_SCADA,1,"2019/08/22 09:55:00",RT_SA1,0
D,DISPATCH,UNIT_SCADA,1,"2019/08/22 09:55:00",RT_SA2,0
D,DISPATCH,UNIT_SCADA,1,"2019/08/22 09:55:00",RT_SA3,0
D,DISPATCH,UNIT_SCADA,1,"2019/08/22 09:55:00",RT_SA4,0
D,DISPATCH,UNIT_SCADA,1,"2019/08/22 09:55:00",RT_SA5,0
D,DISPATCH,UNIT_SCADA,1,"2019/08/22 09:55:00",RT_SA6,0
D,DISPATCH,UNIT_SCADA,1,"2019/08/22 09:55:00",RT_TAS1,0
D,DISPATCH,UNIT_SCADA,1,"2019/08/22 09:55:00",RT_VIC1,0
D,DISPATCH,UNIT_SCADA,1,"2019/08/22 09:55:00",RT_VIC10,0
D,DISPATCH,UNIT_SCADA,1,"2019/08/22 09:55:00",RT_VIC11,0
D,DISPATCH,UNIT_SCADA,1,"2019/08/22 09:55:00",RT_VIC12,0
D,DISPATCH,UNIT_SCADA,1,"2019/08/22 09:55:00",RT_VIC2,0
D,DISPATCH,UNIT_SCADA,1,"2019/08/22 09:55:00",RT_VIC3,0
D,DISPATCH,UNIT_SCADA,1,"2019/08/22 09:55:00",RT_VIC4,0
D,DISPATCH,UNIT_SCADA,1,"2019/08/22 09:55:00",RT_VIC5,0
D,DISPATCH,UNIT_SCADA,1,"2019/08/22 09:55:00",RT_VIC6,0
D,DISPATCH,UNIT_SCADA,1,"2019/08/22 09:55:00",RT_VIC7,0
D,DISPATCH,UNIT_SCADA,1,"2019/08/22 09:55:00",RT_VIC8,0
D,DISPATCH,UNIT_SCADA,1,"2019/08/22 09:55:00",RT_VIC9,0
D,DISPATCH,UNIT_SCADA,1,"2019/08/22 09:55:00",RUGBYR1,61.661180
D,DISPATCH,UNIT_SCADA,1,"2019/08/22 09:55:00",SALTCRK1,28.84
D,DISPATCH,UNIT_SCADA,1,"2019/08/22 09:55:00",SAPHWF1,210.871890
D,DISPATCH,UNIT_SCADA,1,"2019/08/22 09:55:00",SHGEN,0
D,DISPATCH,UNIT_SCADA,1,"2019/08/22 09:55:00",SHPUMP,0
D,DISPATCH,UNIT_SCADA,1,"2019/08/22 09:55:00",SITHE01,0.214140
D,DISPATCH,UNIT_SCADA,1,"2019/08/22 09:55:00",SMCSF1,77.937420
D,DISPATCH,UNIT_SCADA,1,"2019/08/22 09:55:00",SNOWNTH1,12.20
D,DISPATCH,UNIT_SCADA,1,"2019/08/22 09:55:00",SNOWSTH1,7.10
D,DISPATCH,UNIT_SCADA,1,"2019/08/22 09:55:00",SNOWTWN1,1.872990
D,DISPATCH,UNIT_SCADA,1,"2019/08/22 09:55:00",SNOWYP,0
D,DISPATCH,UNIT_SCADA,1,"2019/08/22 09:55:00",SNUG1,0.019440
D,DISPATCH,UNIT_SCADA,1,"2019/08/22 09:55:00",SRSF1,34.74
D,DISPATCH,UNIT_SCADA,1,"2019/08/22 09:55:00",STAN-1,0
D,DISPATCH,UNIT_SCADA,1,"2019/08/22 09:55:00",STAN-2,280.2612
D,DISPATCH,UNIT_SCADA,1,"2019/08/22 09:55:00",STAN-3,279.851010
D,DISPATCH,UNIT_SCADA,1,"2019/08/22 09:55:00",STAN-4,279.504940
D,DISPATCH,UNIT_SCADA,1,"2019/08/22 09:55:00",STWF1,39.2175
D,DISPATCH,UNIT_SCADA,1,"2019/08/22 09:55:00",SWAN_E,0
D,DISPATCH,UNIT_SCADA,1,"2019/08/22 09:55:00",TALWA1,191
D,DISPATCH,UNIT_SCADA,1,"2019/08/22 09:55:00",TARALGA1,98.673740
D,DISPATCH,UNIT_SCADA,1,"2019/08/22 09:55:00",TARONG#1,279.399990
D,DISPATCH,UNIT_SCADA,1,"2019/08/22 09:55:00",TARONG#2,278.700010
D,DISPATCH,UNIT_SCADA,1,"2019/08/22 09:55:00",TARONG#3,261
D,DISPATCH,UNIT_SCADA,1,"2019/08/22 09:55:00",TARONG#4,279.899990
D,DISPATCH,UNIT_SCADA,1,"2019/08/22 09:55:00",TARRALEA,83.90
D,DISPATCH,UNIT_SCADA,1,"2019/08/22 09:55:00",TBSF1,20.30
D,DISPATCH,UNIT_SCADA,1,"2019/08/22 09:55:00",TNPS1,220.000020
D,DISPATCH,UNIT_SCADA,1,"2019/08/22 09:55:00",TORRA1,54.4942
D,DISPATCH,UNIT_SCADA,1,"2019/08/22 09:55:00",TORRA2,0
D,DISPATCH,UNIT_SCADA,1,"2019/08/22 09:55:00",TORRA3,49.212410
D,DISPATCH,UNIT_SCADA,1,"2019/08/22 09:55:00",TORRA4,0
D,DISPATCH,UNIT_SCADA,1,"2019/08/22 09:55:00",TORRB1,65.61
D,DISPATCH,UNIT_SCADA,1,"2019/08/22 09:55:00",TORRB2,63.91
D,DISPATCH,UNIT_SCADA,1,"2019/08/22 09:55:00",TORRB3,0
D,DISPATCH,UNIT_SCADA,1,"2019/08/22 09:55:00",TORRB4,0
D,DISPATCH,UNIT_SCADA,1,"2019/08/22 09:55:00",TREVALLN,70.110030
D,DISPATCH,UNIT_SCADA,1,"2019/08/22 09:55:00",TRIBUTE,84.65
D,DISPATCH,UNIT_SCADA,1,"2019/08/22 09:55:00",TUMUT3,0
D,DISPATCH,UNIT_SCADA,1,"2019/08/22 09:55:00",TUNGATIN,107.380040
D,DISPATCH,UNIT_SCADA,1,"2019/08/22 09:55:00",TVCC201,0
D,DISPATCH,UNIT_SCADA,1,"2019/08/22 09:55:00",TVPP104,0
D,DISPATCH,UNIT_SCADA,1,"2019/08/22 09:55:00",UPPTUMUT,0
D,DISPATCH,UNIT_SCADA,1,"2019/08/22 09:55:00",URANQ11,0
D,DISPATCH,UNIT_SCADA,1,"2019/08/22 09:55:00",URANQ12,0
D,DISPATCH,UNIT_SCADA,1,"2019/08/22 09:55:00",URANQ13,0
D,DISPATCH,UNIT_SCADA,1,"2019/08/22 09:55:00",URANQ14,0
D,DISPATCH,UNIT_SCADA,1,"2019/08/22 09:55:00",VP5,237.20
D,DISPATCH,UNIT_SCADA,1,"2019/08/22 09:55:00",VP6,386.8750
D,DISPATCH,UNIT_SCADA,1,"2019/08/22 09:55:00",VPGS1,0
D,DISPATCH,UNIT_SCADA,1,"2019/08/22 09:55:00",VPGS2,0
D,DISPATCH,UNIT_SCADA,1,"2019/08/22 09:55:00",VPGS3,0
D,DISPATCH,UNIT_SCADA,1,"2019/08/22 09:55:00",VPGS4,0
D,DISPATCH,UNIT_SCADA,1,"2019/08/22 09:55:00",VPGS5,0
D,DISPATCH,UNIT_SCADA,1,"2019/08/22 09:55:00",VPGS6,0
D,DISPATCH,UNIT_SCADA,1,"2019/08/22 09:55:00",W/HOE#1,0
D,DISPATCH,UNIT_SCADA,1,"2019/08/22 09:55:00",W/HOE#2,0
D,DISPATCH,UNIT_SCADA,1,"2019/08/22 09:55:00",WATERLWF,18.60
D,DISPATCH,UNIT_SCADA,1,"2019/08/22 09:55:00",WEMENSF1,15.60
D,DISPATCH,UNIT_SCADA,1,"2019/08/22 09:55:00",WGWF1,16.40
D,DISPATCH,UNIT_SCADA,1,"2019/08/22 09:55:00",WHITSF1,0
D,DISPATCH,UNIT_SCADA,1,"2019/08/22 09:55:00",WKIEWA1,0
D,DISPATCH,UNIT_SCADA,1,"2019/08/22 09:55:00",WKIEWA2,9
D,DISPATCH,UNIT_SCADA,1,"2019/08/22 09:55:00",WOODLWN1,40.5090
D,DISPATCH,UNIT_SCADA,1,"2019/08/22 09:55:00",WRSF1,10.49
D,DISPATCH,UNIT_SCADA,1,"2019/08/22 09:55:00",WRWF1,153.554990
D,DISPATCH,UNIT_SCADA,1,"2019/08/22 09:55:00",YABULU,0
D,DISPATCH,UNIT_SCADA,1,"2019/08/22 09:55:00",YABULU2,0
D,DISPATCH,UNIT_SCADA,1,"2019/08/22 09:55:00",YARWUN_1,0
D,DISPATCH,UNIT_SCADA,1,"2019/08/22 09:55:00",YENDWF1,41.97
D,DISPATCH,UNIT_SCADA,1,"2019/08/22 09:55:00",YWPS1,380.200010
D,DISPATCH,UNIT_SCADA,1,"2019/08/22 09:55:00",YWPS2,278.443020
D,DISPATCH,UNIT_SCADA,1,"2019/08/22 09:55:00",YWPS3,0
D,DISPATCH,UNIT_SCADA,1,"2019/08/22 09:55:00",YWPS4,400.036710
C,"END OF REPORT",334
