C,NEMP.WORLD,DISPATCHSCADA,AEMO,PUBLIC,2019/08/19,23:10:07,0000000311763782,DISPATCHSCADA,0000000311763776
I,DISPATCH,UNIT_SCADA,1,SETTLEMENTDATE,DUID,SCADAVALUE
D,DISPATCH,UNIT_SCADA,1,"2019/08/19 23:15:00",BARCSF1,0
D,DISPATCH,UNIT_SCADA,1,"2019/08/19 23:15:00",BUTLERSG,9.699999
D,DISPATCH,UNIT_SCADA,1,"2019/08/19 23:15:00",CALL_A_4,0
D,DISPATCH,UNIT_SCADA,1,"2019/08/19 23:15:00",CAPTL_WF,127.667999
D,DISPATCH,UNIT_SCADA,1,"2019/08/19 23:15:00",CATHROCK,36.339996
D,DISPATCH,UNIT_SCADA,1,"2019/08/19 23:15:00",CHALLHWF,18.599998
D,DISPATCH,UNIT_SCADA,1,"2019/08/19 23:15:00",CLOVER,-0.01
D,DISPATCH,UNIT_SCADA,1,"2019/08/19 23:15:00",CLUNY,17.887388
D,DISPATCH,UNIT_SCADA,1,"2019/08/19 23:15:00",CNUNDAWF,34.740524
D,DISPATCH,UNIT_SCADA,1,"2019/08/19 23:15:00",CULLRGWF,30.120001
D,DISPATCH,UNIT_SCADA,1,"2019/08/19 23:15:00",ERGT01,0
D,DISPATCH,UNIT_SCADA,1,"2019/08/19 23:15:00",GB01,0.066597
D,DISPATCH,UNIT_SCADA,1,"2019/08/19 23:15:00",GERMCRK,35.400002
D,DISPATCH,UNIT_SCADA,1,"2019/08/19 23:15:00",GRIFSF1,0
D,DISPATCH,UNIT_SCADA,1,"2019/08/19 23:15:00",HUGSF1,-0.2580
D,DISPATCH,UNIT_SCADA,1,"2019/08/19 23:15:00",LKBONNY1,62.516556
D,DISPATCH,UNIT_SCADA,1,"2019/08/19 23:15:00",LRSF1,-0.03
D,DISPATCH,UNIT_SCADA,1,"2019/08/19 23:15:00",MBAHNTH,52.8750
D,DISPATCH,UNIT_SCADA,1,"2019/08/19 23:15:00",MLSP1,0.304001
D,DISPATCH,UNIT_SCADA,1,"2019/08/19 23:15:00",MLWF1,16.02
D,DISPATCH,UNIT_SCADA,1,"2019/08/19 23:15:00",MTMILLAR,14.436144
D,DISPATCH,UNIT_SCADA,1,"2019/08/19 23:15:00",PALOONA,23.709999
D,DISPATCH,UNIT_SCADA,1,"2019/08/19 23:15:00",PIONEER,33.900002
D,DISPATCH,UNIT_SCADA,1,"2019/08/19 23:15:00",PORTWF,136.600006
D,DISPATCH,UNIT_SCADA,1,"2019/08/19 23:15:00",REPULSE,28.942703
D,DISPATCH,UNIT_SCADA,1,"2019/08/19 23:15:00",ROWALLAN,10.0181
D,DISPATCH,UNIT_SCADA,1,"2019/08/19 23:15:00",ROYALLA1,0
D,DISPATCH,UNIT_SCADA,1,"2019/08/19 23:15:00",RPCG,-3.20
D,DISPATCH,UNIT_SCADA,1,"2019/08/19 23:15:00",RUBICON,0
D,DISPATCH,UNIT_SCADA,1,"2019/08/19 23:15:00",SATGN1,0
D,DISPATCH,UNIT_SCADA,1,"2019/08/19 23:15:00",SATGS1,0
D,DISPATCH,UNIT_SCADA,1,"2019/08/19 23:15:00",STARHLWF,12.896239
D,DISPATCH,UNIT_SCADA,1,"2019/08/19 23:15:00",WAUBRAWF,116.098999
D,DISPATCH,UNIT_SCADA,1,"2019/08/19 23:15:00",WOOLNTH1,132.090027
D,DISPATCH,UNIT_SCADA,1,"2019/08/19 23:15:00",WPWF,43
D,DISPATCH,UNIT_SCADA,1,"2019/08/19 23:15:00",YAMBUKWF,12.20
D,DISPATCH,UNIT_SCADA,1,"2019/08/19 23:15:00",YSWF1,28.700001
D,DISPATCH,UNIT_SCADA,1,"2019/08/19 23:15:00",AGLHAL,0
D,DISPATCH,UNIT_SCADA,1,"2019/08/19 23:15:00",AGLSOM,0
D,DISPATCH,UNIT_SCADA,1,"2019/08/19 23:15:00",ANGAST1,0
D,DISPATCH,UNIT_SCADA,1,"2019/08/19 23:15:00",ARWF1,20.80
D,DISPATCH,UNIT_SCADA,1,"2019/08/19 23:15:00",BALBG1,0
D,DISPATCH,UNIT_SCADA,1,"2019/08/19 23:15:00",BALBL1,0
D,DISPATCH,UNIT_SCADA,1,"2019/08/19 23:15:00",BALDHWF1,101.6550
D,DISPATCH,UNIT_SCADA,1,"2019/08/19 23:15:00",BANN1,0
D,DISPATCH,UNIT_SCADA,1,"2019/08/19 23:15:00",BARCALDN,0
D,DISPATCH,UNIT_SCADA,1,"2019/08/19 23:15:00",BARRON-1,0
D,DISPATCH,UNIT_SCADA,1,"2019/08/19 23:15:00",BARRON-2,26.12
D,DISPATCH,UNIT_SCADA,1,"2019/08/19 23:15:00",BASTYAN,80.610010
D,DISPATCH,UNIT_SCADA,1,"2019/08/19 23:15:00",BBTHREE1,0
D,DISPATCH,UNIT_SCADA,1,"2019/08/19 23:15:00",BBTHREE2,0
D,DISPATCH,UNIT_SCADA,1,"2019/08/19 23:15:00",BBTHREE3,0
D,DISPATCH,UNIT_SCADA,1,"2019/08/19 23:15:00",BDL01,0
D,DISPATCH,UNIT_SCADA,1,"2019/08/19 23:15:00",BDL02,0
D,DISPATCH,UNIT_SCADA,1,"2019/08/19 23:15:00",BERYLSF1,0
D,DISPATCH,UNIT_SCADA,1,"2019/08/19 23:15:00",BLOWERNG,0
D,DISPATCH,UNIT_SCADA,1,"2019/08/19 23:15:00",BLUFF1,31.70
D,DISPATCH,UNIT_SCADA,1,"2019/08/19 23:15:00",BNGSF1,0
D,DISPATCH,UNIT_SCADA,1,"2019/08/19 23:15:00",BNGSF2,0
D,DISPATCH,UNIT_SCADA,1,"2019/08/19 23:15:00",BOCORWF1,90.39
D,DISPATCH,UNIT_SCADA,1,"2019/08/19 23:15:00",BODWF1,46.574750
D,DISPATCH,UNIT_SCADA,1,"2019/08/19 23:15:00",BRAEMAR1,0
D,DISPATCH,UNIT_SCADA,1,"2019/08/19 23:15:00",BRAEMAR2,0
D,DISPATCH,UNIT_SCADA,1,"2019/08/19 23:15:00",BRAEMAR3,0
D,DISPATCH,UNIT_SCADA,1,"2019/08/19 23:15:00",BRAEMAR5,0
D,DISPATCH,UNIT_SCADA,1,"2019/08/19 23:15:00",BRAEMAR6,0
D,DISPATCH,UNIT_SCADA,1,"2019/08/19 23:15:00",BRAEMAR7,0
D,DISPATCH,UNIT_SCADA,1,"2019/08/19 23:15:00",BROKENH1,0
D,DISPATCH,UNIT_SCADA,1,"2019/08/19 23:15:00",BW01,637.574950
D,DISPATCH,UNIT_SCADA,1,"2019/08/19 23:15:00",BW02,642.074950
D,DISPATCH,UNIT_SCADA,1,"2019/08/19 23:15:00",BW03,633.099980
D,DISPATCH,UNIT_SCADA,1,"2019/08/19 23:15:00",BW04,0
D,DISPATCH,UNIT_SCADA,1,"2019/08/19 23:15:00",CALL_B_1,340.399990
D,DISPATCH,UNIT_SCADA,1,"2019/08/19 23:15:00",CALL_B_2,279.399990
D,DISPATCH,UNIT_SCADA,1,"2019/08/19 23:15:00",CETHANA,80.2220
D,DISPATCH,UNIT_SCADA,1,"2019/08/19 23:15:00",CG1,0
D,DISPATCH,UNIT_SCADA,1,"2019/08/19 23:15:00",CG2,0
D,DISPATCH,UNIT_SCADA,1,"2019/08/19 23:15:00",CG3,0
D,DISPATCH,UNIT_SCADA,1,"2019/08/19 23:15:00",CG4,0
D,DISPATCH,UNIT_SCADA,1,"2019/08/19 23:15:00",CHILDSF1,0
D,DISPATCH,UNIT_SCADA,1,"2019/08/19 23:15:00",CLARESF1,0
D,DISPATCH,UNIT_SCADA,1,"2019/08/19 23:15:00",CLEMGPWF,-0.216110
D,DISPATCH,UNIT_SCADA,1,"2019/08/19 23:15:00",CLERMSF1,0
D,DISPATCH,UNIT_SCADA,1,"2019/08/19 23:15:00",COLEASF1,0
D,DISPATCH,UNIT_SCADA,1,"2019/08/19 23:15:00",COOPGWF1,35.641320
D,DISPATCH,UNIT_SCADA,1,"2019/08/19 23:15:00",CPP_3,405.350010
D,DISPATCH,UNIT_SCADA,1,"2019/08/19 23:15:00",CPP_4,407.825010
D,DISPATCH,UNIT_SCADA,1,"2019/08/19 23:15:00",CPSA,142.174380
D,DISPATCH,UNIT_SCADA,1,"2019/08/19 23:15:00",CROOKWF2,80.873750
D,DISPATCH,UNIT_SCADA,1,"2019/08/19 23:15:00",CROWLWF1,35.301380
D,DISPATCH,UNIT_SCADA,1,"2019/08/19 23:15:00",CSPVPS1,0
D,DISPATCH,UNIT_SCADA,1,"2019/08/19 23:15:00",DALNTH01,0
D,DISPATCH,UNIT_SCADA,1,"2019/08/19 23:15:00",DALNTHL1,0.151060
D,DISPATCH,UNIT_SCADA,1,"2019/08/19 23:15:00",DARTM1,133.899990
D,DISPATCH,UNIT_SCADA,1,"2019/08/19 23:15:00",DAYDSF1,0
D,DISPATCH,UNIT_SCADA,1,"2019/08/19 23:15:00",DDPS1,0
D,DISPATCH,UNIT_SCADA,1,"2019/08/19 23:15:00",DDSF1,0
D,DISPATCH,UNIT_SCADA,1,"2019/08/19 23:15:00",DEVILS_G,60.844140
D,DISPATCH,UNIT_SCADA,1,"2019/08/19 23:15:00",DG_NSW1,0
D,DISPATCH,UNIT_SCADA,1,"2019/08/19 23:15:00",DG_QLD1,0
D,DISPATCH,UNIT_SCADA,1,"2019/08/19 23:15:00",DG_SA1,0
D,DISPATCH,UNIT_SCADA,1,"2019/08/19 23:15:00",DG_TAS1,0
D,DISPATCH,UNIT_SCADA,1,"2019/08/19 23:15:00",DG_VIC1,0
D,DISPATCH,UNIT_SCADA,1,"2019/08/19 23:15:00",DRYCGT1,0
D,DISPATCH,UNIT_SCADA,1,"2019/08/19 23:15:00",DRYCGT2,0
D,DISPATCH,UNIT_SCADA,1,"2019/08/19 23:15:00",DRYCGT3,0
D,DISPATCH,UNIT_SCADA,1,"2019/08/19 23:15:00",EILDON1,0
D,DISPATCH,UNIT_SCADA,1,"2019/08/19 23:15:00",EILDON2,0
D,DISPATCH,UNIT_SCADA,1,"2019/08/19 23:15:00",EMERASF1,0
D,DISPATCH,UNIT_SCADA,1,"2019/08/19 23:15:00",ER01,582.724980
D,DISPATCH,UNIT_SCADA,1,"2019/08/19 23:15:00",ER02,651.974980
D,DISPATCH,UNIT_SCADA,1,"2019/08/19 23:15:00",ER03,653.599980
D,DISPATCH,UNIT_SCADA,1,"2019/08/19 23:15:00",ER04,652.299930
D,DISPATCH,UNIT_SCADA,1,"2019/08/19 23:15:00",FINLYSF1,0
D,DISPATCH,UNIT_SCADA,1,"2019/08/19 23:15:00",FISHER,45.89
D,DISPATCH,UNIT_SCADA,1,"2019/08/19 23:15:00",GANNBG1,0
D,DISPATCH,UNIT_SCADA,1,"2019/08/19 23:15:00",GANNBL1,0.040420
D,DISPATCH,UNIT_SCADA,1,"2019/08/19 23:15:00",GANNSF1,0
D,DISPATCH,UNIT_SCADA,1,"2019/08/19 23:15:00",GORDON,7.7504
D,DISPATCH,UNIT_SCADA,1,"2019/08/19 23:15:00",GSTONE1,180.95
D,DISPATCH,UNIT_SCADA,1,"2019/08/19 23:15:00",GSTONE2,172.3750
D,DISPATCH,UNIT_SCADA,1,"2019/08/19 23:15:00",GSTONE3,188.649990
D,DISPATCH,UNIT_SCADA,1,"2019/08/19 23:15:00",GSTONE4,148.75
D,DISPATCH,UNIT_SCADA,1,"2019/08/19 23:15:00",GSTONE5,182.70
D,DISPATCH,UNIT_SCADA,1,"2019/08/19 23:15:00",GSTONE6,0
D,DISPATCH,UNIT_SCADA,1,"2019/08/19 23:15:00",GULLRSF1,0
D,DISPATCH,UNIT_SCADA,1,"2019/08/19 23:15:00",GULLRWF1,159.585540
D,DISPATCH,UNIT_SCADA,1,"2019/08/19 23:15:00",GUNNING1,39.060440
D,DISPATCH,UNIT_SCADA,1,"2019/08/19 23:15:00",GUTHEGA,0
D,DISPATCH,UNIT_SCADA,1,"2019/08/19 23:15:00",HALLWF1,77
D,DISPATCH,UNIT_SCADA,1,"2019/08/19 23:15:00",HALLWF2,63.18
D,DISPATCH,UNIT_SCADA,1,"2019/08/19 23:15:00",HAMISF1,0
D,DISPATCH,UNIT_SCADA,1,"2019/08/19 23:15:00",HAUGHT11,0
D,DISPATCH,UNIT_SCADA,1,"2019/08/19 23:15:00",HAYMSF1,0
D,DISPATCH,UNIT_SCADA,1,"2019/08/19 23:15:00",HDWF1,36.40
D,DISPATCH,UNIT_SCADA,1,"2019/08/19 23:15:00",HDWF2,21.90
D,DISPATCH,UNIT_SCADA,1,"2019/08/19 23:15:00",HDWF3,31.20
D,DISPATCH,UNIT_SCADA,1,"2019/08/19 23:15:00",HPRG1,8.70
D,DISPATCH,UNIT_SCADA,1,"2019/08/19 23:15:00",HPRL1,0
D,DISPATCH,UNIT_SCADA,1,"2019/08/19 23:15:00",HUMENSW,0
D,DISPATCH,UNIT_SCADA,1,"2019/08/19 23:15:00",HUMEV,9.20
D,DISPATCH,UNIT_SCADA,1,"2019/08/19 23:15:00",HVGTS,0
D,DISPATCH,UNIT_SCADA,1,"2019/08/19 23:15:00",JBUTTERS,138.709990
D,DISPATCH,UNIT_SCADA,1,"2019/08/19 23:15:00",JLA01,0.50
D,DISPATCH,UNIT_SCADA,1,"2019/08/19 23:15:00",JLA02,0
D,DISPATCH,UNIT_SCADA,1,"2019/08/19 23:15:00",JLA03,0.10
D,DISPATCH,UNIT_SCADA,1,"2019/08/19 23:15:00",JLA04,0.10
D,DISPATCH,UNIT_SCADA,1,"2019/08/19 23:15:00",JLB01,0
D,DISPATCH,UNIT_SCADA,1,"2019/08/19 23:15:00",JLB02,0.10
D,DISPATCH,UNIT_SCADA,1,"2019/08/19 23:15:00",JLB03,0
D,DISPATCH,UNIT_SCADA,1,"2019/08/19 23:15:00",KAREEYA1,21.49
D,DISPATCH,UNIT_SCADA,1,"2019/08/19 23:15:00",KAREEYA2,21.61
D,DISPATCH,UNIT_SCADA,1,"2019/08/19 23:15:00",KAREEYA3,0
D,DISPATCH,UNIT_SCADA,1,"2019/08/19 23:15:00",KAREEYA4,21.5350
D,DISPATCH,UNIT_SCADA,1,"2019/08/19 23:15:00",KARSF1,0
D,DISPATCH,UNIT_SCADA,1,"2019/08/19 23:15:00",KIATAWF1,29.60
D,DISPATCH,UNIT_SCADA,1,"2019/08/19 23:15:00",KPP_1,0
D,DISPATCH,UNIT_SCADA,1,"2019/08/19 23:15:00",KSP1,0
D,DISPATCH,UNIT_SCADA,1,"2019/08/19 23:15:00",LADBROK1,0
D,DISPATCH,UNIT_SCADA,1,"2019/08/19 23:15:00",LADBROK2,0
D,DISPATCH,UNIT_SCADA,1,"2019/08/19 23:15:00",LD01,421.612490
D,DISPATCH,UNIT_SCADA,1,"2019/08/19 23:15:00",LD02,418.1250
D,DISPATCH,UNIT_SCADA,1,"2019/08/19 23:15:00",LD03,420.206270
D,DISPATCH,UNIT_SCADA,1,"2019/08/19 23:15:00",LD04,381.337550
D,DISPATCH,UNIT_SCADA,1,"2019/08/19 23:15:00",LEM_WIL,83.9228
D,DISPATCH,UNIT_SCADA,1,"2019/08/19 23:15:00",LGAPWF1,7.05
D,DISPATCH,UNIT_SCADA,1,"2019/08/19 23:15:00",LILYSF1,0
D,DISPATCH,UNIT_SCADA,1,"2019/08/19 23:15:00",LI_WY_CA,143.936170
D,DISPATCH,UNIT_SCADA,1,"2019/08/19 23:15:00",LKBONNY2,136.469330
D,DISPATCH,UNIT_SCADA,1,"2019/08/19 23:15:00",LKBONNY3,33.102460
D,DISPATCH,UNIT_SCADA,1,"2019/08/19 23:15:00",LK_ECHO,0
D,DISPATCH,UNIT_SCADA,1,"2019/08/19 23:15:00",LNGS1,0
D,DISPATCH,UNIT_SCADA,1,"2019/08/19 23:15:00",LNGS2,0
D,DISPATCH,UNIT_SCADA,1,"2019/08/19 23:15:00",LONSDALE,0
D,DISPATCH,UNIT_SCADA,1,"2019/08/19 23:15:00",LOYYB1,539.096190
D,DISPATCH,UNIT_SCADA,1,"2019/08/19 23:15:00",LOYYB2,584.210140
D,DISPATCH,UNIT_SCADA,1,"2019/08/19 23:15:00",LYA1,559
D,DISPATCH,UNIT_SCADA,1,"2019/08/19 23:15:00",LYA2,0
D,DISPATCH,UNIT_SCADA,1,"2019/08/19 23:15:00",LYA3,560
D,DISPATCH,UNIT_SCADA,1,"2019/08/19 23:15:00",LYA4,540
D,DISPATCH,UNIT_SCADA,1,"2019/08/19 23:15:00",MACARTH1,241.794420
D,DISPATCH,UNIT_SCADA,1,"2019/08/19 23:15:00",MACKAYGT,0
D,DISPATCH,UNIT_SCADA,1,"2019/08/19 23:15:00",MACKNTSH,85.290010
D,DISPATCH,UNIT_SCADA,1,"2019/08/19 23:15:00",MANSLR1,0
D,DISPATCH,UNIT_SCADA,1,"2019/08/19 23:15:00",MCKAY1,0.02
D,DISPATCH,UNIT_SCADA,1,"2019/08/19 23:15:00",MEADOWBK,33.895880
D,DISPATCH,UNIT_SCADA,1,"2019/08/19 23:15:00",MERCER01,123.0490
D,DISPATCH,UNIT_SCADA,1,"2019/08/19 23:15:00",MEWF1,112.484350
D,DISPATCH,UNIT_SCADA,1,"2019/08/19 23:15:00",MINTARO,0
D,DISPATCH,UNIT_SCADA,1,"2019/08/19 23:15:00",MOREESF1,0
D,DISPATCH,UNIT_SCADA,1,"2019/08/19 23:15:00",MORTLK11,124
D,DISPATCH,UNIT_SCADA,1,"2019/08/19 23:15:00",MORTLK12,0
D,DISPATCH,UNIT_SCADA,1,"2019/08/19 23:15:00",MP1,281.3501
D,DISPATCH,UNIT_SCADA,1,"2019/08/19 23:15:00",MP2,0
D,DISPATCH,UNIT_SCADA,1,"2019/08/19 23:15:00",MPP_1,433
D,DISPATCH,UNIT_SCADA,1,"2019/08/19 23:15:00",MPP_2,435.75
D,DISPATCH,UNIT_SCADA,1,"2019/08/19 23:15:00",MSTUART1,0
D,DISPATCH,UNIT_SCADA,1,"2019/08/19 23:15:00",MSTUART2,0
D,DISPATCH,UNIT_SCADA,1,"2019/08/19 23:15:00",MSTUART3,0
D,DISPATCH,UNIT_SCADA,1,"2019/08/19 23:15:00",MTGELWF1,64.528340
D,DISPATCH,UNIT_SCADA,1,"2019/08/19 23:15:00",MURRAY,0
D,DISPATCH,UNIT_SCADA,1,"2019/08/19 23:15:00",MUSSELR1,165.799990
D,DISPATCH,UNIT_SCADA,1,"2019/08/19 23:15:00",MUWAWF1,43.68
D,DISPATCH,UNIT_SCADA,1,"2019/08/19 23:15:00",NBHWF1,57.70
D,DISPATCH,UNIT_SCADA,1,"2019/08/19 23:15:00",NPS,0
D,DISPATCH,UNIT_SCADA,1,"2019/08/19 23:15:00",NUMURSF1,0
D,DISPATCH,UNIT_SCADA,1,"2019/08/19 23:15:00",NYNGAN1,0
D,DISPATCH,UNIT_SCADA,1,"2019/08/19 23:15:00",OAKEY1,0
D,DISPATCH,UNIT_SCADA,1,"2019/08/19 23:15:00",OAKEY1SF,0
D,DISPATCH,UNIT_SCADA,1,"2019/08/19 23:15:00",OAKEY2,0
D,DISPATCH,UNIT_SCADA,1,"2019/08/19 23:15:00",OAKLAND1,58
D,DISPATCH,UNIT_SCADA,1,"2019/08/19 23:15:00",OSB-AG,140.80
D,DISPATCH,UNIT_SCADA,1,"2019/08/19 23:15:00",PARSF1,0
D,DISPATCH,UNIT_SCADA,1,"2019/08/19 23:15:00",POAT110,0
D,DISPATCH,UNIT_SCADA,1,"2019/08/19 23:15:00",POAT220,3
D,DISPATCH,UNIT_SCADA,1,"2019/08/19 23:15:00",POR01,0
D,DISPATCH,UNIT_SCADA,1,"2019/08/19 23:15:00",POR03,0
D,DISPATCH,UNIT_SCADA,1,"2019/08/19 23:15:00",PPCCGT,355.421570
D,DISPATCH,UNIT_SCADA,1,"2019/08/19 23:15:00",PTSTAN1,0
D,DISPATCH,UNIT_SCADA,1,"2019/08/19 23:15:00",PUMP1,0
D,DISPATCH,UNIT_SCADA,1,"2019/08/19 23:15:00",PUMP2,0
D,DISPATCH,UNIT_SCADA,1,"2019/08/19 23:15:00",QPS1,0
D,DISPATCH,UNIT_SCADA,1,"2019/08/19 23:15:00",QPS2,0
D,DISPATCH,UNIT_SCADA,1,"2019/08/19 23:15:00",QPS3,0
D,DISPATCH,UNIT_SCADA,1,"2019/08/19 23:15:00",QPS4,0
D,DISPATCH,UNIT_SCADA,1,"2019/08/19 23:15:00",QPS5,0
D,DISPATCH,UNIT_SCADA,1,"2019/08/19 23:15:00",REECE1,114.010010
D,DISPATCH,UNIT_SCADA,1,"2019/08/19 23:15:00",REECE2,113.090010
D,DISPATCH,UNIT_SCADA,1,"2019/08/19 23:15:00",ROMA_7,0
D,DISPATCH,UNIT_SCADA,1,"2019/08/19 23:15:00",ROMA_8,0
D,DISPATCH,UNIT_SCADA,1,"2019/08/19 23:15:00",RRSF1,0
D,DISPATCH,UNIT_SCADA,1,"2019/08/19 23:15:00",RT_NSW1,0
D,DISPATCH,UNIT_SCADA,1,"2019/08/19 23:15:00",RT_NSW2,0
D,DISPATCH,UNIT_SCADA,1,"2019/08/19 23:15:00",RT_NSW3,0
D,DISPATCH,UNIT_SCADA,1,"2019/08/19 23:15:00",RT_NSW4,0
D,DISPATCH,UNIT_SCADA,1,"2019/08/19 23:15:00",RT_NSW5,0
D,DISPATCH,UNIT_SCADA,1,"2019/08/19 23:15:00",RT_NSW6,0
D,DISPATCH,UNIT_SCADA,1,"2019/08/19 23:15:00",RT_QLD1,0
D,DISPATCH,UNIT_SCADA,1,"2019/08/19 23:15:00",RT_SA1,0
D,DISPATCH,UNIT_SCADA,1,"2019/08/19 23:15:00",RT_SA2,0
D,DISPATCH,UNIT_SCADA,1,"2019/08/19 23:15:00",RT_SA3,0
D,DISPATCH,UNIT_SCADA,1,"2019/08/19 23:15:00",RT_SA4,0
D,DISPATCH,UNIT_SCADA,1,"2019/08/19 23:15:00",RT_SA5,0
D,DISPATCH,UNIT_SCADA,1,"2019/08/19 23:15:00",RT_SA6,0
D,DISPATCH,UNIT_SCADA,1,"2019/08/19 23:15:00",RT_TAS1,0
D,DISPATCH,UNIT_SCADA,1,"2019/08/19 23:15:00",RT_VIC1,0
D,DISPATCH,UNIT_SCADA,1,"2019/08/19 23:15:00",RT_VIC10,0
D,DISPATCH,UNIT_SCADA,1,"2019/08/19 23:15:00",RT_VIC11,0
D,DISPATCH,UNIT_SCADA,1,"2019/08/19 23:15:00",RT_VIC12,0
D,DISPATCH,UNIT_SCADA,1,"2019/08/19 23:15:00",RT_VIC2,0
D,DISPATCH,UNIT_SCADA,1,"2019/08/19 23:15:00",RT_VIC3,0
D,DISPATCH,UNIT_SCADA,1,"2019/08/19 23:15:00",RT_VIC4,0
D,DISPATCH,UNIT_SCADA,1,"2019/08/19 23:15:00",RT_VIC5,0
D,DISPATCH,UNIT_SCADA,1,"2019/08/19 23:15:00",RT_VIC6,0
D,DISPATCH,UNIT_SCADA,1,"2019/08/19 23:15:00",RT_VIC7,0
D,DISPATCH,UNIT_SCADA,1,"2019/08/19 23:15:00",RT_VIC8,0
D,DISPATCH,UNIT_SCADA,1,"2019/08/19 23:15:00",RT_VIC9,0
D,DISPATCH,UNIT_SCADA,1,"2019/08/19 23:15:00",RUGBYR1,0
D,DISPATCH,UNIT_SCADA,1,"2019/08/19 23:15:00",SALTCRK1,45.66
D,DISPATCH,UNIT_SCADA,1,"2019/08/19 23:15:00",SAPHWF1,239.137510
D,DISPATCH,UNIT_SCADA,1,"2019/08/19 23:15:00",SHGEN,0
D,DISPATCH,UNIT_SCADA,1,"2019/08/19 23:15:00",SHPUMP,0
D,DISPATCH,UNIT_SCADA,1,"2019/08/19 23:15:00",SITHE01,0.043330
D,DISPATCH,UNIT_SCADA,1,"2019/08/19 23:15:00",SMCSF1,0
D,DISPATCH,UNIT_SCADA,1,"2019/08/19 23:15:00",SNOWNTH1,12.20
D,DISPATCH,UNIT_SCADA,1,"2019/08/19 23:15:00",SNOWSTH1,29.80
D,DISPATCH,UNIT_SCADA,1,"2019/08/19 23:15:00",SNOWTWN1,12.567620
D,DISPATCH,UNIT_SCADA,1,"2019/08/19 23:15:00",SNOWYP,0
D,DISPATCH,UNIT_SCADA,1,"2019/08/19 23:15:00",SNUG1,0.019440
D,DISPATCH,UNIT_SCADA,1,"2019/08/19 23:15:00",SRSF1,0
D,DISPATCH,UNIT_SCADA,1,"2019/08/19 23:15:00",STAN-1,0
D,DISPATCH,UNIT_SCADA,1,"2019/08/19 23:15:00",STAN-2,281.248170
D,DISPATCH,UNIT_SCADA,1,"2019/08/19 23:15:00",STAN-3,281.107180
D,DISPATCH,UNIT_SCADA,1,"2019/08/19 23:15:00",STAN-4,310.677830
D,DISPATCH,UNIT_SCADA,1,"2019/08/19 23:15:00",STWF1,126.213750
D,DISPATCH,UNIT_SCADA,1,"2019/08/19 23:15:00",SWAN_E,0
D,DISPATCH,UNIT_SCADA,1,"2019/08/19 23:15:00",TALWA1,300
D,DISPATCH,UNIT_SCADA,1,"2019/08/19 23:15:00",TARALGA1,92.321240
D,DISPATCH,UNIT_SCADA,1,"2019/08/19 23:15:00",TARONG#1,287.899990
D,DISPATCH,UNIT_SCADA,1,"2019/08/19 23:15:00",TARONG#2,288.100010
D,DISPATCH,UNIT_SCADA,1,"2019/08/19 23:15:00",TARONG#3,260.50
D,DISPATCH,UNIT_SCADA,1,"2019/08/19 23:15:00",TARONG#4,280.300020
D,DISPATCH,UNIT_SCADA,1,"2019/08/19 23:15:00",TARRALEA,78.90
D,DISPATCH,UNIT_SCADA,1,"2019/08/19 23:15:00",TBSF1,-0.20
D,DISPATCH,UNIT_SCADA,1,"2019/08/19 23:15:00",TNPS1,399.400020
D,DISPATCH,UNIT_SCADA,1,"2019/08/19 23:15:00",TORRA1,55.801690
D,DISPATCH,UNIT_SCADA,1,"2019/08/19 23:15:00",TORRA2,0
D,DISPATCH,UNIT_SCADA,1,"2019/08/19 23:15:00",TORRA3,57.1032
D,DISPATCH,UNIT_SCADA,1,"2019/08/19 23:15:00",TORRA4,0
D,DISPATCH,UNIT_SCADA,1,"2019/08/19 23:15:00",TORRB1,60.96
D,DISPATCH,UNIT_SCADA,1,"2019/08/19 23:15:00",TORRB2,60.83
D,DISPATCH,UNIT_SCADA,1,"2019/08/19 23:15:00",TORRB3,0
D,DISPATCH,UNIT_SCADA,1,"2019/08/19 23:15:00",TORRB4,0
D,DISPATCH,UNIT_SCADA,1,"2019/08/19 23:15:00",TREVALLN,17.30
D,DISPATCH,UNIT_SCADA,1,"2019/08/19 23:15:00",TRIBUTE,45.19
D,DISPATCH,UNIT_SCADA,1,"2019/08/19 23:15:00",TUMUT3,0
D,DISPATCH,UNIT_SCADA,1,"2019/08/19 23:15:00",TUNGATIN,120.610030
D,DISPATCH,UNIT_SCADA,1,"2019/08/19 23:15:00",TVCC201,0
D,DISPATCH,UNIT_SCADA,1,"2019/08/19 23:15:00",TVPP104,0
D,DISPATCH,UNIT_SCADA,1,"2019/08/19 23:15:00",UPPTUMUT,0
D,DISPATCH,UNIT_SCADA,1,"2019/08/19 23:15:00",URANQ11,0
D,DISPATCH,UNIT_SCADA,1,"2019/08/19 23:15:00",URANQ12,0
D,DISPATCH,UNIT_SCADA,1,"2019/08/19 23:15:00",URANQ13,0
D,DISPATCH,UNIT_SCADA,1,"2019/08/19 23:15:00",URANQ14,0
D,DISPATCH,UNIT_SCADA,1,"2019/08/19 23:15:00",VP5,445.1250
D,DISPATCH,UNIT_SCADA,1,"2019/08/19 23:15:00",VP6,403.450010
D,DISPATCH,UNIT_SCADA,1,"2019/08/19 23:15:00",VPGS1,0
D,DISPATCH,UNIT_SCADA,1,"2019/08/19 23:15:00",VPGS2,0
D,DISPATCH,UNIT_SCADA,1,"2019/08/19 23:15:00",VPGS3,0
D,DISPATCH,UNIT_SCADA,1,"2019/08/19 23:15:00",VPGS4,0
D,DISPATCH,UNIT_SCADA,1,"2019/08/19 23:15:00",VPGS5,0
D,DISPATCH,UNIT_SCADA,1,"2019/08/19 23:15:00",VPGS6,0
D,DISPATCH,UNIT_SCADA,1,"2019/08/19 23:15:00",W/HOE#1,0
D,DISPATCH,UNIT_SCADA,1,"2019/08/19 23:15:00",W/HOE#2,0
D,DISPATCH,UNIT_SCADA,1,"2019/08/19 23:15:00",WATERLWF,96.90
D,DISPATCH,UNIT_SCADA,1,"2019/08/19 23:15:00",WEMENSF1,0
D,DISPATCH,UNIT_SCADA,1,"2019/08/19 23:15:00",WGWF1,63.90
D,DISPATCH,UNIT_SCADA,1,"2019/08/19 23:15:00",WHITSF1,0
D,DISPATCH,UNIT_SCADA,1,"2019/08/19 23:15:00",WKIEWA1,0
D,DISPATCH,UNIT_SCADA,1,"2019/08/19 23:15:00",WKIEWA2,15.70
D,DISPATCH,UNIT_SCADA,1,"2019/08/19 23:15:00",WOODLWN1,44.873990
D,DISPATCH,UNIT_SCADA,1,"2019/08/19 23:15:00",WRSF1,0
D,DISPATCH,UNIT_SCADA,1,"2019/08/19 23:15:00",WRWF1,148.524990
D,DISPATCH,UNIT_SCADA,1,"2019/08/19 23:15:00",YABULU,0
D,DISPATCH,UNIT_SCADA,1,"2019/08/19 23:15:00",YABULU2,0
D,DISPATCH,UNIT_SCADA,1,"2019/08/19 23:15:00",YARWUN_1,0
D,DISPATCH,UNIT_SCADA,1,"2019/08/19 23:15:00",YENDWF1,42.04
D,DISPATCH,UNIT_SCADA,1,"2019/08/19 23:15:00",YWPS1,381.7038
D,DISPATCH,UNIT_SCADA,1,"2019/08/19 23:15:00",YWPS2,282.7038
D,DISPATCH,UNIT_SCADA,1,"2019/08/19 23:15:00",YWPS3,0
D,DISPATCH,UNIT_SCADA,1,"2019/08/19 23:15:00",YWPS4,396.3671
C,"END OF REPORT",334
