C,NEMP.WORLD,DISPATCHSCADA,AEMO,PUBLIC,2019/09/04,20:25:08,0000000312396018,DISPATCHSCADA,0000000312396012
I,DISPATCH,UNIT_SCADA,1,SETTLEMENTDATE,DUID,SCADAVALUE
D,DISPATCH,UNIT_SCADA,1,"2019/09/04 20:30:00",BARCSF1,0
D,DISPATCH,UNIT_SCADA,1,"2019/09/04 20:30:00",BUTLERSG,10.199999
D,DISPATCH,UNIT_SCADA,1,"2019/09/04 20:30:00",CALL_A_4,0
D,DISPATCH,UNIT_SCADA,1,"2019/09/04 20:30:00",CAPTL_WF,88.136002
D,DISPATCH,UNIT_SCADA,1,"2019/09/04 20:30:00",CATHROCK,0
D,DISPATCH,UNIT_SCADA,1,"2019/09/04 20:30:00",CHALLHWF,0
D,DISPATCH,UNIT_SCADA,1,"2019/09/04 20:30:00",CLOVER,-0.01
D,DISPATCH,UNIT_SCADA,1,"2019/09/04 20:30:00",CLUNY,12.001373
D,DISPATCH,UNIT_SCADA,1,"2019/09/04 20:30:00",CNUNDAWF,0
D,DISPATCH,UNIT_SCADA,1,"2019/09/04 20:30:00",CULLRGWF,15.84
D,DISPATCH,UNIT_SCADA,1,"2019/09/04 20:30:00",ERGT01,0
D,DISPATCH,UNIT_SCADA,1,"2019/09/04 20:30:00",GB01,0.018803
D,DISPATCH,UNIT_SCADA,1,"2019/09/04 20:30:00",GERMCRK,40
D,DISPATCH,UNIT_SCADA,1,"2019/09/04 20:30:00",GRIFSF1,0
D,DISPATCH,UNIT_SCADA,1,"2019/09/04 20:30:00",HUGSF1,-0.1750
D,DISPATCH,UNIT_SCADA,1,"2019/09/04 20:30:00",LKBONNY1,-0.449338
D,DISPATCH,UNIT_SCADA,1,"2019/09/04 20:30:00",LRSF1,-0.03
D,DISPATCH,UNIT_SCADA,1,"2019/09/04 20:30:00",MBAHNTH,27.018753
D,DISPATCH,UNIT_SCADA,1,"2019/09/04 20:30:00",MLSP1,0.366001
D,DISPATCH,UNIT_SCADA,1,"2019/09/04 20:30:00",MLWF1,-0.0450
D,DISPATCH,UNIT_SCADA,1,"2019/09/04 20:30:00",MTMILLAR,1.964506
D,DISPATCH,UNIT_SCADA,1,"2019/09/04 20:30:00",PALOONA,23.879999
D,DISPATCH,UNIT_SCADA,1,"2019/09/04 20:30:00",PIONEER,47.799999
D,DISPATCH,UNIT_SCADA,1,"2019/09/04 20:30:00",PORTWF,-0.40
D,DISPATCH,UNIT_SCADA,1,"2019/09/04 20:30:00",REPULSE,19.823912
D,DISPATCH,UNIT_SCADA,1,"2019/09/04 20:30:00",ROWALLAN,10.2950
D,DISPATCH,UNIT_SCADA,1,"2019/09/04 20:30:00",ROYALLA1,0
D,DISPATCH,UNIT_SCADA,1,"2019/09/04 20:30:00",RPCG,-1.80
D,DISPATCH,UNIT_SCADA,1,"2019/09/04 20:30:00",RUBICON,0
D,DISPATCH,UNIT_SCADA,1,"2019/09/04 20:30:00",SATGN1,0
D,DISPATCH,UNIT_SCADA,1,"2019/09/04 20:30:00",SATGS1,0
D,DISPATCH,UNIT_SCADA,1,"2019/09/04 20:30:00",STARHLWF,-0.099971
D,DISPATCH,UNIT_SCADA,1,"2019/09/04 20:30:00",WAUBRAWF,0
D,DISPATCH,UNIT_SCADA,1,"2019/09/04 20:30:00",WOOLNTH1,30.640017
D,DISPATCH,UNIT_SCADA,1,"2019/09/04 20:30:00",WPWF,0
D,DISPATCH,UNIT_SCADA,1,"2019/09/04 20:30:00",YAMBUKWF,-0.20
D,DISPATCH,UNIT_SCADA,1,"2019/09/04 20:30:00",YSWF1,0
D,DISPATCH,UNIT_SCADA,1,"2019/09/04 20:30:00",AGLHAL,181.005280
D,DISPATCH,UNIT_SCADA,1,"2019/09/04 20:30:00",AGLSOM,119.90
D,DISPATCH,UNIT_SCADA,1,"2019/09/04 20:30:00",ANGAST1,0
D,DISPATCH,UNIT_SCADA,1,"2019/09/04 20:30:00",ARWF1,18.30
D,DISPATCH,UNIT_SCADA,1,"2019/09/04 20:30:00",BALBG1,11.30
D,DISPATCH,UNIT_SCADA,1,"2019/09/04 20:30:00",BALBL1,0
D,DISPATCH,UNIT_SCADA,1,"2019/09/04 20:30:00",BALDHWF1,8.7830
D,DISPATCH,UNIT_SCADA,1,"2019/09/04 20:30:00",BANN1,0
D,DISPATCH,UNIT_SCADA,1,"2019/09/04 20:30:00",BARCALDN,0
D,DISPATCH,UNIT_SCADA,1,"2019/09/04 20:30:00",BARRON-1,33.04
D,DISPATCH,UNIT_SCADA,1,"2019/09/04 20:30:00",BARRON-2,0
D,DISPATCH,UNIT_SCADA,1,"2019/09/04 20:30:00",BASTYAN,79.820010
D,DISPATCH,UNIT_SCADA,1,"2019/09/04 20:30:00",BBTHREE1,0
D,DISPATCH,UNIT_SCADA,1,"2019/09/04 20:30:00",BBTHREE2,0
D,DISPATCH,UNIT_SCADA,1,"2019/09/04 20:30:00",BBTHREE3,0
D,DISPATCH,UNIT_SCADA,1,"2019/09/04 20:30:00",BDL01,43.80
D,DISPATCH,UNIT_SCADA,1,"2019/09/04 20:30:00",BDL02,44.04
D,DISPATCH,UNIT_SCADA,1,"2019/09/04 20:30:00",BERYLSF1,0
D,DISPATCH,UNIT_SCADA,1,"2019/09/04 20:30:00",BLOWERNG,11.10
D,DISPATCH,UNIT_SCADA,1,"2019/09/04 20:30:00",BLUFF1,4.90
D,DISPATCH,UNIT_SCADA,1,"2019/09/04 20:30:00",BNGSF1,0
D,DISPATCH,UNIT_SCADA,1,"2019/09/04 20:30:00",BNGSF2,0
D,DISPATCH,UNIT_SCADA,1,"2019/09/04 20:30:00",BOCORWF1,19.92
D,DISPATCH,UNIT_SCADA,1,"2019/09/04 20:30:00",BODWF1,71.8523
D,DISPATCH,UNIT_SCADA,1,"2019/09/04 20:30:00",BRAEMAR1,97.40
D,DISPATCH,UNIT_SCADA,1,"2019/09/04 20:30:00",BRAEMAR2,0
D,DISPATCH,UNIT_SCADA,1,"2019/09/04 20:30:00",BRAEMAR3,172.80
D,DISPATCH,UNIT_SCADA,1,"2019/09/04 20:30:00",BRAEMAR5,130.721590
D,DISPATCH,UNIT_SCADA,1,"2019/09/04 20:30:00",BRAEMAR6,0
D,DISPATCH,UNIT_SCADA,1,"2019/09/04 20:30:00",BRAEMAR7,0
D,DISPATCH,UNIT_SCADA,1,"2019/09/04 20:30:00",BROKENH1,0
D,DISPATCH,UNIT_SCADA,1,"2019/09/04 20:30:00",BW01,639
D,DISPATCH,UNIT_SCADA,1,"2019/09/04 20:30:00",BW02,647.8501
D,DISPATCH,UNIT_SCADA,1,"2019/09/04 20:30:00",BW03,650.450070
D,DISPATCH,UNIT_SCADA,1,"2019/09/04 20:30:00",BW04,0
D,DISPATCH,UNIT_SCADA,1,"2019/09/04 20:30:00",CALL_B_1,337.50
D,DISPATCH,UNIT_SCADA,1,"2019/09/04 20:30:00",CALL_B_2,330.50
D,DISPATCH,UNIT_SCADA,1,"2019/09/04 20:30:00",CETHANA,80.102250
D,DISPATCH,UNIT_SCADA,1,"2019/09/04 20:30:00",CG1,0
D,DISPATCH,UNIT_SCADA,1,"2019/09/04 20:30:00",CG2,0
D,DISPATCH,UNIT_SCADA,1,"2019/09/04 20:30:00",CG3,0
D,DISPATCH,UNIT_SCADA,1,"2019/09/04 20:30:00",CG4,0
D,DISPATCH,UNIT_SCADA,1,"2019/09/04 20:30:00",CHILDSF1,0
D,DISPATCH,UNIT_SCADA,1,"2019/09/04 20:30:00",CLARESF1,0
D,DISPATCH,UNIT_SCADA,1,"2019/09/04 20:30:00",CLEMGPWF,20.385910
D,DISPATCH,UNIT_SCADA,1,"2019/09/04 20:30:00",CLERMSF1,0
D,DISPATCH,UNIT_SCADA,1,"2019/09/04 20:30:00",COLEASF1,0
D,DISPATCH,UNIT_SCADA,1,"2019/09/04 20:30:00",COOPGWF1,26.198510
D,DISPATCH,UNIT_SCADA,1,"2019/09/04 20:30:00",CPP_3,397.925020
D,DISPATCH,UNIT_SCADA,1,"2019/09/04 20:30:00",CPP_4,407.274990
D,DISPATCH,UNIT_SCADA,1,"2019/09/04 20:30:00",CPSA,143.159380
D,DISPATCH,UNIT_SCADA,1,"2019/09/04 20:30:00",CROOKWF2,72.863750
D,DISPATCH,UNIT_SCADA,1,"2019/09/04 20:30:00",CROWLWF1,8.721410
D,DISPATCH,UNIT_SCADA,1,"2019/09/04 20:30:00",CSPVPS1,0
D,DISPATCH,UNIT_SCADA,1,"2019/09/04 20:30:00",DALNTH01,0
D,DISPATCH,UNIT_SCADA,1,"2019/09/04 20:30:00",DALNTHL1,0.059510
D,DISPATCH,UNIT_SCADA,1,"2019/09/04 20:30:00",DARTM1,133.70
D,DISPATCH,UNIT_SCADA,1,"2019/09/04 20:30:00",DAYDSF1,0
D,DISPATCH,UNIT_SCADA,1,"2019/09/04 20:30:00",DDPS1,605.756770
D,DISPATCH,UNIT_SCADA,1,"2019/09/04 20:30:00",DDSF1,0
D,DISPATCH,UNIT_SCADA,1,"2019/09/04 20:30:00",DEVILS_G,55.905030
D,DISPATCH,UNIT_SCADA,1,"2019/09/04 20:30:00",DG_NSW1,0
D,DISPATCH,UNIT_SCADA,1,"2019/09/04 20:30:00",DG_QLD1,0
D,DISPATCH,UNIT_SCADA,1,"2019/09/04 20:30:00",DG_SA1,0
D,DISPATCH,UNIT_SCADA,1,"2019/09/04 20:30:00",DG_TAS1,0
D,DISPATCH,UNIT_SCADA,1,"2019/09/04 20:30:00",DG_VIC1,0
D,DISPATCH,UNIT_SCADA,1,"2019/09/04 20:30:00",DRYCGT1,0
D,DISPATCH,UNIT_SCADA,1,"2019/09/04 20:30:00",DRYCGT2,0
D,DISPATCH,UNIT_SCADA,1,"2019/09/04 20:30:00",DRYCGT3,0
D,DISPATCH,UNIT_SCADA,1,"2019/09/04 20:30:00",EILDON1,0
D,DISPATCH,UNIT_SCADA,1,"2019/09/04 20:30:00",EILDON2,0
D,DISPATCH,UNIT_SCADA,1,"2019/09/04 20:30:00",EMERASF1,0
D,DISPATCH,UNIT_SCADA,1,"2019/09/04 20:30:00",ER01,575.199950
D,DISPATCH,UNIT_SCADA,1,"2019/09/04 20:30:00",ER02,680.8750
D,DISPATCH,UNIT_SCADA,1,"2019/09/04 20:30:00",ER03,0
D,DISPATCH,UNIT_SCADA,1,"2019/09/04 20:30:00",ER04,682.474980
D,DISPATCH,UNIT_SCADA,1,"2019/09/04 20:30:00",FINLYSF1,0
D,DISPATCH,UNIT_SCADA,1,"2019/09/04 20:30:00",FISHER,45.78
D,DISPATCH,UNIT_SCADA,1,"2019/09/04 20:30:00",GANNBG1,6.555480
D,DISPATCH,UNIT_SCADA,1,"2019/09/04 20:30:00",GANNBL1,0
D,DISPATCH,UNIT_SCADA,1,"2019/09/04 20:30:00",GANNSF1,0
D,DISPATCH,UNIT_SCADA,1,"2019/09/04 20:30:00",GORDON,19.8604
D,DISPATCH,UNIT_SCADA,1,"2019/09/04 20:30:00",GSTONE1,204.9250
D,DISPATCH,UNIT_SCADA,1,"2019/09/04 20:30:00",GSTONE2,197.224990
D,DISPATCH,UNIT_SCADA,1,"2019/09/04 20:30:00",GSTONE3,0
D,DISPATCH,UNIT_SCADA,1,"2019/09/04 20:30:00",GSTONE4,204.224990
D,DISPATCH,UNIT_SCADA,1,"2019/09/04 20:30:00",GSTONE5,205.45
D,DISPATCH,UNIT_SCADA,1,"2019/09/04 20:30:00",GSTONE6,203.524990
D,DISPATCH,UNIT_SCADA,1,"2019/09/04 20:30:00",GULLRSF1,0
D,DISPATCH,UNIT_SCADA,1,"2019/09/04 20:30:00",GULLRWF1,126.685330
D,DISPATCH,UNIT_SCADA,1,"2019/09/04 20:30:00",GUNNING1,30.371160
D,DISPATCH,UNIT_SCADA,1,"2019/09/04 20:30:00",GUTHEGA,31
D,DISPATCH,UNIT_SCADA,1,"2019/09/04 20:30:00",HALLWF1,14.39
D,DISPATCH,UNIT_SCADA,1,"2019/09/04 20:30:00",HALLWF2,-0.11
D,DISPATCH,UNIT_SCADA,1,"2019/09/04 20:30:00",HAMISF1,0
D,DISPATCH,UNIT_SCADA,1,"2019/09/04 20:30:00",HAUGHT11,0
D,DISPATCH,UNIT_SCADA,1,"2019/09/04 20:30:00",HAYMSF1,0
D,DISPATCH,UNIT_SCADA,1,"2019/09/04 20:30:00",HDWF1,46.20
D,DISPATCH,UNIT_SCADA,1,"2019/09/04 20:30:00",HDWF2,42
D,DISPATCH,UNIT_SCADA,1,"2019/09/04 20:30:00",HDWF3,53.60
D,DISPATCH,UNIT_SCADA,1,"2019/09/04 20:30:00",HPRG1,13.50
D,DISPATCH,UNIT_SCADA,1,"2019/09/04 20:30:00",HPRL1,0
D,DISPATCH,UNIT_SCADA,1,"2019/09/04 20:30:00",HUMENSW,0
D,DISPATCH,UNIT_SCADA,1,"2019/09/04 20:30:00",HUMEV,25.90
D,DISPATCH,UNIT_SCADA,1,"2019/09/04 20:30:00",HVGTS,0
D,DISPATCH,UNIT_SCADA,1,"2019/09/04 20:30:00",JBUTTERS,88.35
D,DISPATCH,UNIT_SCADA,1,"2019/09/04 20:30:00",JLA01,52.20
D,DISPATCH,UNIT_SCADA,1,"2019/09/04 20:30:00",JLA02,53.80
D,DISPATCH,UNIT_SCADA,1,"2019/09/04 20:30:00",JLA03,0
D,DISPATCH,UNIT_SCADA,1,"2019/09/04 20:30:00",JLA04,0
D,DISPATCH,UNIT_SCADA,1,"2019/09/04 20:30:00",JLB01,0
D,DISPATCH,UNIT_SCADA,1,"2019/09/04 20:30:00",JLB02,84.10
D,DISPATCH,UNIT_SCADA,1,"2019/09/04 20:30:00",JLB03,83.20
D,DISPATCH,UNIT_SCADA,1,"2019/09/04 20:30:00",KAREEYA1,21.51
D,DISPATCH,UNIT_SCADA,1,"2019/09/04 20:30:00",KAREEYA2,21.6625
D,DISPATCH,UNIT_SCADA,1,"2019/09/04 20:30:00",KAREEYA3,0
D,DISPATCH,UNIT_SCADA,1,"2019/09/04 20:30:00",KAREEYA4,21.55
D,DISPATCH,UNIT_SCADA,1,"2019/09/04 20:30:00",KARSF1,0
D,DISPATCH,UNIT_SCADA,1,"2019/09/04 20:30:00",KIATAWF1,-0.30
D,DISPATCH,UNIT_SCADA,1,"2019/09/04 20:30:00",KPP_1,0
D,DISPATCH,UNIT_SCADA,1,"2019/09/04 20:30:00",KSP1,0
D,DISPATCH,UNIT_SCADA,1,"2019/09/04 20:30:00",LADBROK1,42.31
D,DISPATCH,UNIT_SCADA,1,"2019/09/04 20:30:00",LADBROK2,42.71
D,DISPATCH,UNIT_SCADA,1,"2019/09/04 20:30:00",LD01,417.618710
D,DISPATCH,UNIT_SCADA,1,"2019/09/04 20:30:00",LD02,397.8750
D,DISPATCH,UNIT_SCADA,1,"2019/09/04 20:30:00",LD03,416.643770
D,DISPATCH,UNIT_SCADA,1,"2019/09/04 20:30:00",LD04,374.6250
D,DISPATCH,UNIT_SCADA,1,"2019/09/04 20:30:00",LEM_WIL,82.2845
D,DISPATCH,UNIT_SCADA,1,"2019/09/04 20:30:00",LGAPWF1,33.56
D,DISPATCH,UNIT_SCADA,1,"2019/09/04 20:30:00",LILYSF1,0
D,DISPATCH,UNIT_SCADA,1,"2019/09/04 20:30:00",LI_WY_CA,163.932830
D,DISPATCH,UNIT_SCADA,1,"2019/09/04 20:30:00",LKBONNY2,-1.160150
D,DISPATCH,UNIT_SCADA,1,"2019/09/04 20:30:00",LKBONNY3,-0.225030
D,DISPATCH,UNIT_SCADA,1,"2019/09/04 20:30:00",LK_ECHO,0
D,DISPATCH,UNIT_SCADA,1,"2019/09/04 20:30:00",LNGS1,0
D,DISPATCH,UNIT_SCADA,1,"2019/09/04 20:30:00",LNGS2,0
D,DISPATCH,UNIT_SCADA,1,"2019/09/04 20:30:00",LONSDALE,0
D,DISPATCH,UNIT_SCADA,1,"2019/09/04 20:30:00",LOYYB1,536.840520
D,DISPATCH,UNIT_SCADA,1,"2019/09/04 20:30:00",LOYYB2,581.954410
D,DISPATCH,UNIT_SCADA,1,"2019/09/04 20:30:00",LYA1,0
D,DISPATCH,UNIT_SCADA,1,"2019/09/04 20:30:00",LYA2,0
D,DISPATCH,UNIT_SCADA,1,"2019/09/04 20:30:00",LYA3,561
D,DISPATCH,UNIT_SCADA,1,"2019/09/04 20:30:00",LYA4,540
D,DISPATCH,UNIT_SCADA,1,"2019/09/04 20:30:00",MACARTH1,0
D,DISPATCH,UNIT_SCADA,1,"2019/09/04 20:30:00",MACKAYGT,0.2240
D,DISPATCH,UNIT_SCADA,1,"2019/09/04 20:30:00",MACKNTSH,88.98
D,DISPATCH,UNIT_SCADA,1,"2019/09/04 20:30:00",MANSLR1,0
D,DISPATCH,UNIT_SCADA,1,"2019/09/04 20:30:00",MCKAY1,277.019990
D,DISPATCH,UNIT_SCADA,1,"2019/09/04 20:30:00",MEADOWBK,24.836020
D,DISPATCH,UNIT_SCADA,1,"2019/09/04 20:30:00",MERCER01,-0.1810
D,DISPATCH,UNIT_SCADA,1,"2019/09/04 20:30:00",MEWF1,33.601540
D,DISPATCH,UNIT_SCADA,1,"2019/09/04 20:30:00",MINTARO,0
D,DISPATCH,UNIT_SCADA,1,"2019/09/04 20:30:00",MOREESF1,0
D,DISPATCH,UNIT_SCADA,1,"2019/09/04 20:30:00",MORTLK11,259
D,DISPATCH,UNIT_SCADA,1,"2019/09/04 20:30:00",MORTLK12,0
D,DISPATCH,UNIT_SCADA,1,"2019/09/04 20:30:00",MP1,238.3750
D,DISPATCH,UNIT_SCADA,1,"2019/09/04 20:30:00",MP2,0
D,DISPATCH,UNIT_SCADA,1,"2019/09/04 20:30:00",MPP_1,420.50
D,DISPATCH,UNIT_SCADA,1,"2019/09/04 20:30:00",MPP_2,434.75
D,DISPATCH,UNIT_SCADA,1,"2019/09/04 20:30:00",MSTUART1,0
D,DISPATCH,UNIT_SCADA,1,"2019/09/04 20:30:00",MSTUART2,0
D,DISPATCH,UNIT_SCADA,1,"2019/09/04 20:30:00",MSTUART3,0
D,DISPATCH,UNIT_SCADA,1,"2019/09/04 20:30:00",MTGELWF1,-0.352490
D,DISPATCH,UNIT_SCADA,1,"2019/09/04 20:30:00",MURRAY,664.570190
D,DISPATCH,UNIT_SCADA,1,"2019/09/04 20:30:00",MUSSELR1,157.399990
D,DISPATCH,UNIT_SCADA,1,"2019/09/04 20:30:00",MUWAWF1,-0.04
D,DISPATCH,UNIT_SCADA,1,"2019/09/04 20:30:00",NBHWF1,31.70
D,DISPATCH,UNIT_SCADA,1,"2019/09/04 20:30:00",NPS,300.75
D,DISPATCH,UNIT_SCADA,1,"2019/09/04 20:30:00",NUMURSF1,0
D,DISPATCH,UNIT_SCADA,1,"2019/09/04 20:30:00",NYNGAN1,0
D,DISPATCH,UNIT_SCADA,1,"2019/09/04 20:30:00",OAKEY1,0
D,DISPATCH,UNIT_SCADA,1,"2019/09/04 20:30:00",OAKEY1SF,0
D,DISPATCH,UNIT_SCADA,1,"2019/09/04 20:30:00",OAKEY2,0
D,DISPATCH,UNIT_SCADA,1,"2019/09/04 20:30:00",OAKEY2SF,0
D,DISPATCH,UNIT_SCADA,1,"2019/09/04 20:30:00",OAKLAND1,-0.30
D,DISPATCH,UNIT_SCADA,1,"2019/09/04 20:30:00",OSB-AG,179.14
D,DISPATCH,UNIT_SCADA,1,"2019/09/04 20:30:00",PARSF1,0
D,DISPATCH,UNIT_SCADA,1,"2019/09/04 20:30:00",POAT110,0
D,DISPATCH,UNIT_SCADA,1,"2019/09/04 20:30:00",POAT220,1.05
D,DISPATCH,UNIT_SCADA,1,"2019/09/04 20:30:00",POR01,0
D,DISPATCH,UNIT_SCADA,1,"2019/09/04 20:30:00",POR03,0
D,DISPATCH,UNIT_SCADA,1,"2019/09/04 20:30:00",PPCCGT,482.931490
D,DISPATCH,UNIT_SCADA,1,"2019/09/04 20:30:00",PTSTAN1,0
D,DISPATCH,UNIT_SCADA,1,"2019/09/04 20:30:00",PUMP1,0
D,DISPATCH,UNIT_SCADA,1,"2019/09/04 20:30:00",PUMP2,0
D,DISPATCH,UNIT_SCADA,1,"2019/09/04 20:30:00",QPS1,29
D,DISPATCH,UNIT_SCADA,1,"2019/09/04 20:30:00",QPS2,23.20
D,DISPATCH,UNIT_SCADA,1,"2019/09/04 20:30:00",QPS3,22.90
D,DISPATCH,UNIT_SCADA,1,"2019/09/04 20:30:00",QPS4,23.30
D,DISPATCH,UNIT_SCADA,1,"2019/09/04 20:30:00",QPS5,124.10
D,DISPATCH,UNIT_SCADA,1,"2019/09/04 20:30:00",REECE1,100.16
D,DISPATCH,UNIT_SCADA,1,"2019/09/04 20:30:00",REECE2,101.060010
D,DISPATCH,UNIT_SCADA,1,"2019/09/04 20:30:00",ROMA_7,0
D,DISPATCH,UNIT_SCADA,1,"2019/09/04 20:30:00",ROMA_8,0
D,DISPATCH,UNIT_SCADA,1,"2019/09/04 20:30:00",RRSF1,0
D,DISPATCH,UNIT_SCADA,1,"2019/09/04 20:30:00",RT_NSW1,0
D,DISPATCH,UNIT_SCADA,1,"2019/09/04 20:30:00",RT_NSW2,0
D,DISPATCH,UNIT_SCADA,1,"2019/09/04 20:30:00",RT_NSW3,0
D,DISPATCH,UNIT_SCADA,1,"2019/09/04 20:30:00",RT_NSW4,0
D,DISPATCH,UNIT_SCADA,1,"2019/09/04 20:30:00",RT_NSW5,0
D,DISPATCH,UNIT_SCADA,1,"2019/09/04 20:30:00",RT_NSW6,0
D,DISPATCH,UNIT_SCADA,1,"2019/09/04 20:30:00",RT_QLD1,0
D,DISPATCH,UNIT_SCADA,1,"2019/09/04 20:30:00",RT_SA1,0
D,DISPATCH,UNIT_SCADA,1,"2019/09/04 20:30:00",RT_SA2,0
D,DISPATCH,UNIT_SCADA,1,"2019/09/04 20:30:00",RT_SA3,0
D,DISPATCH,UNIT_SCADA,1,"2019/09/04 20:30:00",RT_SA4,0
D,DISPATCH,UNIT_SCADA,1,"2019/09/04 20:30:00",RT_SA5,0
D,DISPATCH,UNIT_SCADA,1,"2019/09/04 20:30:00",RT_SA6,0
D,DISPATCH,UNIT_SCADA,1,"2019/09/04 20:30:00",RT_TAS1,0
D,DISPATCH,UNIT_SCADA,1,"2019/09/04 20:30:00",RT_VIC1,0
D,DISPATCH,UNIT_SCADA,1,"2019/09/04 20:30:00",RT_VIC10,0
D,DISPATCH,UNIT_SCADA,1,"2019/09/04 20:30:00",RT_VIC11,0
D,DISPATCH,UNIT_SCADA,1,"2019/09/04 20:30:00",RT_VIC12,0
D,DISPATCH,UNIT_SCADA,1,"2019/09/04 20:30:00",RT_VIC2,0
D,DISPATCH,UNIT_SCADA,1,"2019/09/04 20:30:00",RT_VIC3,0
D,DISPATCH,UNIT_SCADA,1,"2019/09/04 20:30:00",RT_VIC4,0
D,DISPATCH,UNIT_SCADA,1,"2019/09/04 20:30:00",RT_VIC5,0
D,DISPATCH,UNIT_SCADA,1,"2019/09/04 20:30:00",RT_VIC6,0
D,DISPATCH,UNIT_SCADA,1,"2019/09/04 20:30:00",RT_VIC7,0
D,DISPATCH,UNIT_SCADA,1,"2019/09/04 20:30:00",RT_VIC8,0
D,DISPATCH,UNIT_SCADA,1,"2019/09/04 20:30:00",RT_VIC9,0
D,DISPATCH,UNIT_SCADA,1,"2019/09/04 20:30:00",RUGBYR1,0
D,DISPATCH,UNIT_SCADA,1,"2019/09/04 20:30:00",SALTCRK1,-0.31
D,DISPATCH,UNIT_SCADA,1,"2019/09/04 20:30:00",SAPHWF1,150.318760
D,DISPATCH,UNIT_SCADA,1,"2019/09/04 20:30:00",SHGEN,158.913150
D,DISPATCH,UNIT_SCADA,1,"2019/09/04 20:30:00",SHPUMP,0
D,DISPATCH,UNIT_SCADA,1,"2019/09/04 20:30:00",SITHE01,0.194050
D,DISPATCH,UNIT_SCADA,1,"2019/09/04 20:30:00",SMCSF1,0
D,DISPATCH,UNIT_SCADA,1,"2019/09/04 20:30:00",SNOWNTH1,0.50
D,DISPATCH,UNIT_SCADA,1,"2019/09/04 20:30:00",SNOWSTH1,0.50
D,DISPATCH,UNIT_SCADA,1,"2019/09/04 20:30:00",SNOWTWN1,-0.492140
D,DISPATCH,UNIT_SCADA,1,"2019/09/04 20:30:00",SNOWYP,0
D,DISPATCH,UNIT_SCADA,1,"2019/09/04 20:30:00",SNUG1,0.019440
D,DISPATCH,UNIT_SCADA,1,"2019/09/04 20:30:00",SRSF1,0
D,DISPATCH,UNIT_SCADA,1,"2019/09/04 20:30:00",STAN-1,218.774220
D,DISPATCH,UNIT_SCADA,1,"2019/09/04 20:30:00",STAN-2,357.590970
D,DISPATCH,UNIT_SCADA,1,"2019/09/04 20:30:00",STAN-3,364.7305
D,DISPATCH,UNIT_SCADA,1,"2019/09/04 20:30:00",STAN-4,363.50
D,DISPATCH,UNIT_SCADA,1,"2019/09/04 20:30:00",STWF1,50.276250
D,DISPATCH,UNIT_SCADA,1,"2019/09/04 20:30:00",SWAN_E,0
D,DISPATCH,UNIT_SCADA,1,"2019/09/04 20:30:00",TALWA1,415
D,DISPATCH,UNIT_SCADA,1,"2019/09/04 20:30:00",TARALGA1,76.372510
D,DISPATCH,UNIT_SCADA,1,"2019/09/04 20:30:00",TARONG#1,346.399990
D,DISPATCH,UNIT_SCADA,1,"2019/09/04 20:30:00",TARONG#2,0
D,DISPATCH,UNIT_SCADA,1,"2019/09/04 20:30:00",TARONG#3,349.600010
D,DISPATCH,UNIT_SCADA,1,"2019/09/04 20:30:00",TARONG#4,349.700010
D,DISPATCH,UNIT_SCADA,1,"2019/09/04 20:30:00",TARRALEA,71.10
D,DISPATCH,UNIT_SCADA,1,"2019/09/04 20:30:00",TBSF1,-0.20
D,DISPATCH,UNIT_SCADA,1,"2019/09/04 20:30:00",TNPS1,380.500030
D,DISPATCH,UNIT_SCADA,1,"2019/09/04 20:30:00",TORRA1,116.553150
D,DISPATCH,UNIT_SCADA,1,"2019/09/04 20:30:00",TORRA2,0
D,DISPATCH,UNIT_SCADA,1,"2019/09/04 20:30:00",TORRA3,0
D,DISPATCH,UNIT_SCADA,1,"2019/09/04 20:30:00",TORRA4,106.642440
D,DISPATCH,UNIT_SCADA,1,"2019/09/04 20:30:00",TORRB1,190.62
D,DISPATCH,UNIT_SCADA,1,"2019/09/04 20:30:00",TORRB2,190.02
D,DISPATCH,UNIT_SCADA,1,"2019/09/04 20:30:00",TORRB3,189.929990
D,DISPATCH,UNIT_SCADA,1,"2019/09/04 20:30:00",TORRB4,0
D,DISPATCH,UNIT_SCADA,1,"2019/09/04 20:30:00",TREVALLN,44.020020
D,DISPATCH,UNIT_SCADA,1,"2019/09/04 20:30:00",TRIBUTE,0
D,DISPATCH,UNIT_SCADA,1,"2019/09/04 20:30:00",TUMUT3,0
D,DISPATCH,UNIT_SCADA,1,"2019/09/04 20:30:00",TUNGATIN,122.970030
D,DISPATCH,UNIT_SCADA,1,"2019/09/04 20:30:00",TVCC201,0
D,DISPATCH,UNIT_SCADA,1,"2019/09/04 20:30:00",TVPP104,0
D,DISPATCH,UNIT_SCADA,1,"2019/09/04 20:30:00",UPPTUMUT,0
D,DISPATCH,UNIT_SCADA,1,"2019/09/04 20:30:00",URANQ11,0
D,DISPATCH,UNIT_SCADA,1,"2019/09/04 20:30:00",URANQ12,0
D,DISPATCH,UNIT_SCADA,1,"2019/09/04 20:30:00",URANQ13,0
D,DISPATCH,UNIT_SCADA,1,"2019/09/04 20:30:00",URANQ14,0
D,DISPATCH,UNIT_SCADA,1,"2019/09/04 20:30:00",VP5,617.675050
D,DISPATCH,UNIT_SCADA,1,"2019/09/04 20:30:00",VP6,0
D,DISPATCH,UNIT_SCADA,1,"2019/09/04 20:30:00",VPGS1,0
D,DISPATCH,UNIT_SCADA,1,"2019/09/04 20:30:00",VPGS2,0
D,DISPATCH,UNIT_SCADA,1,"2019/09/04 20:30:00",VPGS3,0
D,DISPATCH,UNIT_SCADA,1,"2019/09/04 20:30:00",VPGS4,0
D,DISPATCH,UNIT_SCADA,1,"2019/09/04 20:30:00",VPGS5,0
D,DISPATCH,UNIT_SCADA,1,"2019/09/04 20:30:00",VPGS6,0
D,DISPATCH,UNIT_SCADA,1,"2019/09/04 20:30:00",W/HOE#1,0
D,DISPATCH,UNIT_SCADA,1,"2019/09/04 20:30:00",W/HOE#2,0
D,DISPATCH,UNIT_SCADA,1,"2019/09/04 20:30:00",WATERLWF,2.30
D,DISPATCH,UNIT_SCADA,1,"2019/09/04 20:30:00",WEMENSF1,0
D,DISPATCH,UNIT_SCADA,1,"2019/09/04 20:30:00",WGWF1,17.60
D,DISPATCH,UNIT_SCADA,1,"2019/09/04 20:30:00",WHITSF1,0
D,DISPATCH,UNIT_SCADA,1,"2019/09/04 20:30:00",WKIEWA1,14.10
D,DISPATCH,UNIT_SCADA,1,"2019/09/04 20:30:00",WKIEWA2,14.30
D,DISPATCH,UNIT_SCADA,1,"2019/09/04 20:30:00",WOODLWN1,30.915010
D,DISPATCH,UNIT_SCADA,1,"2019/09/04 20:30:00",WRSF1,0
D,DISPATCH,UNIT_SCADA,1,"2019/09/04 20:30:00",WRWF1,60.028750
D,DISPATCH,UNIT_SCADA,1,"2019/09/04 20:30:00",YABULU,161.280010
D,DISPATCH,UNIT_SCADA,1,"2019/09/04 20:30:00",YABULU2,0
D,DISPATCH,UNIT_SCADA,1,"2019/09/04 20:30:00",YARWUN_1,160.259990
D,DISPATCH,UNIT_SCADA,1,"2019/09/04 20:30:00",YENDWF1,-1.32
D,DISPATCH,UNIT_SCADA,1,"2019/09/04 20:30:00",YWPS1,381.453160
D,DISPATCH,UNIT_SCADA,1,"2019/09/04 20:30:00",YWPS2,276.939240
D,DISPATCH,UNIT_SCADA,1,"2019/09/04 20:30:00",YWPS3,0
D,DISPATCH,UNIT_SCADA,1,"2019/09/04 20:30:00",YWPS4,387.334170
C,"END OF REPORT",335
