C,NEMP.WORLD,DISPATCHSCADA,AEMO,PUBLIC,2019/08/22,20:00:08,0000000311880383,DISPATCHSCADA,0000000311880377
I,DISPATCH,UNIT_SCADA,1,SETTLEMENTDATE,DUID,SCADAVALUE
D,DISPATCH,UNIT_SCADA,1,"2019/08/22 20:05:00",BARCSF1,0.40
D,DISPATCH,UNIT_SCADA,1,"2019/08/22 20:05:00",BUTLERSG,9.699999
D,DISPATCH,UNIT_SCADA,1,"2019/08/22 20:05:00",CALL_A_4,0
D,DISPATCH,UNIT_SCADA,1,"2019/08/22 20:05:00",CAPTL_WF,53.540001
D,DISPATCH,UNIT_SCADA,1,"2019/08/22 20:05:00",CATHROCK,1.56
D,DISPATCH,UNIT_SCADA,1,"2019/08/22 20:05:00",CHALLHWF,3.50
D,DISPATCH,UNIT_SCADA,1,"2019/08/22 20:05:00",CLOVER,-0.01
D,DISPATCH,UNIT_SCADA,1,"2019/08/22 20:05:00",CLUNY,20.211948
D,DISPATCH,UNIT_SCADA,1,"2019/08/22 20:05:00",CNUNDAWF,0.901051
D,DISPATCH,UNIT_SCADA,1,"2019/08/22 20:05:00",CULLRGWF,6.79
D,DISPATCH,UNIT_SCADA,1,"2019/08/22 20:05:00",ERGT01,0
D,DISPATCH,UNIT_SCADA,1,"2019/08/22 20:05:00",GB01,0.072212
D,DISPATCH,UNIT_SCADA,1,"2019/08/22 20:05:00",GERMCRK,35.099998
D,DISPATCH,UNIT_SCADA,1,"2019/08/22 20:05:00",GRIFSF1,0
D,DISPATCH,UNIT_SCADA,1,"2019/08/22 20:05:00",HUGSF1,-0.2070
D,DISPATCH,UNIT_SCADA,1,"2019/08/22 20:05:00",LKBONNY1,1.161022
D,DISPATCH,UNIT_SCADA,1,"2019/08/22 20:05:00",LRSF1,-0.0180
D,DISPATCH,UNIT_SCADA,1,"2019/08/22 20:05:00",MBAHNTH,47.137497
D,DISPATCH,UNIT_SCADA,1,"2019/08/22 20:05:00",MLSP1,0.180001
D,DISPATCH,UNIT_SCADA,1,"2019/08/22 20:05:00",MLWF1,1.95
D,DISPATCH,UNIT_SCADA,1,"2019/08/22 20:05:00",MTMILLAR,4.308519
D,DISPATCH,UNIT_SCADA,1,"2019/08/22 20:05:00",PALOONA,28.709999
D,DISPATCH,UNIT_SCADA,1,"2019/08/22 20:05:00",PIONEER,48.900002
D,DISPATCH,UNIT_SCADA,1,"2019/08/22 20:05:00",PORTWF,-0.20
D,DISPATCH,UNIT_SCADA,1,"2019/08/22 20:05:00",REPULSE,29.031815
D,DISPATCH,UNIT_SCADA,1,"2019/08/22 20:05:00",ROWALLAN,10.4441
D,DISPATCH,UNIT_SCADA,1,"2019/08/22 20:05:00",ROYALLA1,0
D,DISPATCH,UNIT_SCADA,1,"2019/08/22 20:05:00",RPCG,10.80
D,DISPATCH,UNIT_SCADA,1,"2019/08/22 20:05:00",RUBICON,0
D,DISPATCH,UNIT_SCADA,1,"2019/08/22 20:05:00",SATGN1,0
D,DISPATCH,UNIT_SCADA,1,"2019/08/22 20:05:00",SATGS1,0
D,DISPATCH,UNIT_SCADA,1,"2019/08/22 20:05:00",STARHLWF,-0.099971
D,DISPATCH,UNIT_SCADA,1,"2019/08/22 20:05:00",WAUBRAWF,76.487999
D,DISPATCH,UNIT_SCADA,1,"2019/08/22 20:05:00",WOOLNTH1,61.920017
D,DISPATCH,UNIT_SCADA,1,"2019/08/22 20:05:00",WPWF,0
D,DISPATCH,UNIT_SCADA,1,"2019/08/22 20:05:00",YAMBUKWF,0.90
D,DISPATCH,UNIT_SCADA,1,"2019/08/22 20:05:00",YSWF1,3.10
D,DISPATCH,UNIT_SCADA,1,"2019/08/22 20:05:00",AGLHAL,63.653980
D,DISPATCH,UNIT_SCADA,1,"2019/08/22 20:05:00",AGLSOM,81.60
D,DISPATCH,UNIT_SCADA,1,"2019/08/22 20:05:00",ANGAST1,0
D,DISPATCH,UNIT_SCADA,1,"2019/08/22 20:05:00",ARWF1,65
D,DISPATCH,UNIT_SCADA,1,"2019/08/22 20:05:00",BALBG1,0
D,DISPATCH,UNIT_SCADA,1,"2019/08/22 20:05:00",BALBL1,0
D,DISPATCH,UNIT_SCADA,1,"2019/08/22 20:05:00",BALDHWF1,47.2880
D,DISPATCH,UNIT_SCADA,1,"2019/08/22 20:05:00",BANN1,0
D,DISPATCH,UNIT_SCADA,1,"2019/08/22 20:05:00",BARCALDN,0
D,DISPATCH,UNIT_SCADA,1,"2019/08/22 20:05:00",BARRON-1,0
D,DISPATCH,UNIT_SCADA,1,"2019/08/22 20:05:00",BARRON-2,28.40
D,DISPATCH,UNIT_SCADA,1,"2019/08/22 20:05:00",BASTYAN,77.720010
D,DISPATCH,UNIT_SCADA,1,"2019/08/22 20:05:00",BBTHREE1,-1.94
D,DISPATCH,UNIT_SCADA,1,"2019/08/22 20:05:00",BBTHREE2,-1.98
D,DISPATCH,UNIT_SCADA,1,"2019/08/22 20:05:00",BBTHREE3,-1.09
D,DISPATCH,UNIT_SCADA,1,"2019/08/22 20:05:00",BDL01,44.40
D,DISPATCH,UNIT_SCADA,1,"2019/08/22 20:05:00",BDL02,44.58
D,DISPATCH,UNIT_SCADA,1,"2019/08/22 20:05:00",BERYLSF1,-0.190320
D,DISPATCH,UNIT_SCADA,1,"2019/08/22 20:05:00",BLOWERNG,0
D,DISPATCH,UNIT_SCADA,1,"2019/08/22 20:05:00",BLUFF1,-0.10
D,DISPATCH,UNIT_SCADA,1,"2019/08/22 20:05:00",BNGSF1,0
D,DISPATCH,UNIT_SCADA,1,"2019/08/22 20:05:00",BNGSF2,0
D,DISPATCH,UNIT_SCADA,1,"2019/08/22 20:05:00",BOCORWF1,62.87
D,DISPATCH,UNIT_SCADA,1,"2019/08/22 20:05:00",BODWF1,58.412960
D,DISPATCH,UNIT_SCADA,1,"2019/08/22 20:05:00",BRAEMAR1,157.600010
D,DISPATCH,UNIT_SCADA,1,"2019/08/22 20:05:00",BRAEMAR2,172.80
D,DISPATCH,UNIT_SCADA,1,"2019/08/22 20:05:00",BRAEMAR3,170.400010
D,DISPATCH,UNIT_SCADA,1,"2019/08/22 20:05:00",BRAEMAR5,0
D,DISPATCH,UNIT_SCADA,1,"2019/08/22 20:05:00",BRAEMAR6,159.5045
D,DISPATCH,UNIT_SCADA,1,"2019/08/22 20:05:00",BRAEMAR7,164.096880
D,DISPATCH,UNIT_SCADA,1,"2019/08/22 20:05:00",BROKENH1,0
D,DISPATCH,UNIT_SCADA,1,"2019/08/22 20:05:00",BW01,654.699950
D,DISPATCH,UNIT_SCADA,1,"2019/08/22 20:05:00",BW02,656.650020
D,DISPATCH,UNIT_SCADA,1,"2019/08/22 20:05:00",BW03,654
D,DISPATCH,UNIT_SCADA,1,"2019/08/22 20:05:00",BW04,0
D,DISPATCH,UNIT_SCADA,1,"2019/08/22 20:05:00",CALL_B_1,107.10
D,DISPATCH,UNIT_SCADA,1,"2019/08/22 20:05:00",CALL_B_2,349.50
D,DISPATCH,UNIT_SCADA,1,"2019/08/22 20:05:00",CETHANA,98.364130
D,DISPATCH,UNIT_SCADA,1,"2019/08/22 20:05:00",CG1,0
D,DISPATCH,UNIT_SCADA,1,"2019/08/22 20:05:00",CG2,0
D,DISPATCH,UNIT_SCADA,1,"2019/08/22 20:05:00",CG3,0
D,DISPATCH,UNIT_SCADA,1,"2019/08/22 20:05:00",CG4,0
D,DISPATCH,UNIT_SCADA,1,"2019/08/22 20:05:00",CHILDSF1,0
D,DISPATCH,UNIT_SCADA,1,"2019/08/22 20:05:00",CLARESF1,0
D,DISPATCH,UNIT_SCADA,1,"2019/08/22 20:05:00",CLEMGPWF,-0.360180
D,DISPATCH,UNIT_SCADA,1,"2019/08/22 20:05:00",CLERMSF1,0
D,DISPATCH,UNIT_SCADA,1,"2019/08/22 20:05:00",COLEASF1,0
D,DISPATCH,UNIT_SCADA,1,"2019/08/22 20:05:00",COOPGWF1,23.286210
D,DISPATCH,UNIT_SCADA,1,"2019/08/22 20:05:00",CPP_3,405.075010
D,DISPATCH,UNIT_SCADA,1,"2019/08/22 20:05:00",CPP_4,405.899990
D,DISPATCH,UNIT_SCADA,1,"2019/08/22 20:05:00",CPSA,143.2075
D,DISPATCH,UNIT_SCADA,1,"2019/08/22 20:05:00",CROOKWF2,-0.031250
D,DISPATCH,UNIT_SCADA,1,"2019/08/22 20:05:00",CROWLWF1,13.998590
D,DISPATCH,UNIT_SCADA,1,"2019/08/22 20:05:00",CSPVPS1,0
D,DISPATCH,UNIT_SCADA,1,"2019/08/22 20:05:00",DALNTH01,0
D,DISPATCH,UNIT_SCADA,1,"2019/08/22 20:05:00",DALNTHL1,0.062560
D,DISPATCH,UNIT_SCADA,1,"2019/08/22 20:05:00",DARTM1,134.399990
D,DISPATCH,UNIT_SCADA,1,"2019/08/22 20:05:00",DAYDSF1,0
D,DISPATCH,UNIT_SCADA,1,"2019/08/22 20:05:00",DDPS1,629.929930
D,DISPATCH,UNIT_SCADA,1,"2019/08/22 20:05:00",DDSF1,0
D,DISPATCH,UNIT_SCADA,1,"2019/08/22 20:05:00",DEVILS_G,0
D,DISPATCH,UNIT_SCADA,1,"2019/08/22 20:05:00",DG_NSW1,0
D,DISPATCH,UNIT_SCADA,1,"2019/08/22 20:05:00",DG_QLD1,0
D,DISPATCH,UNIT_SCADA,1,"2019/08/22 20:05:00",DG_SA1,0
D,DISPATCH,UNIT_SCADA,1,"2019/08/22 20:05:00",DG_TAS1,0
D,DISPATCH,UNIT_SCADA,1,"2019/08/22 20:05:00",DG_VIC1,0
D,DISPATCH,UNIT_SCADA,1,"2019/08/22 20:05:00",DRYCGT1,0
D,DISPATCH,UNIT_SCADA,1,"2019/08/22 20:05:00",DRYCGT2,0
D,DISPATCH,UNIT_SCADA,1,"2019/08/22 20:05:00",DRYCGT3,0
D,DISPATCH,UNIT_SCADA,1,"2019/08/22 20:05:00",EILDON1,0
D,DISPATCH,UNIT_SCADA,1,"2019/08/22 20:05:00",EILDON2,37.16
D,DISPATCH,UNIT_SCADA,1,"2019/08/22 20:05:00",EMERASF1,0
D,DISPATCH,UNIT_SCADA,1,"2019/08/22 20:05:00",ER01,593.599980
D,DISPATCH,UNIT_SCADA,1,"2019/08/22 20:05:00",ER02,699.75
D,DISPATCH,UNIT_SCADA,1,"2019/08/22 20:05:00",ER03,699.2251
D,DISPATCH,UNIT_SCADA,1,"2019/08/22 20:05:00",ER04,699.950070
D,DISPATCH,UNIT_SCADA,1,"2019/08/22 20:05:00",FINLYSF1,0
D,DISPATCH,UNIT_SCADA,1,"2019/08/22 20:05:00",FISHER,45.90
D,DISPATCH,UNIT_SCADA,1,"2019/08/22 20:05:00",GANNBG1,13.966250
D,DISPATCH,UNIT_SCADA,1,"2019/08/22 20:05:00",GANNBL1,0
D,DISPATCH,UNIT_SCADA,1,"2019/08/22 20:05:00",GANNSF1,0
D,DISPATCH,UNIT_SCADA,1,"2019/08/22 20:05:00",GORDON,115.093440
D,DISPATCH,UNIT_SCADA,1,"2019/08/22 20:05:00",GSTONE1,271.774990
D,DISPATCH,UNIT_SCADA,1,"2019/08/22 20:05:00",GSTONE2,230.1250
D,DISPATCH,UNIT_SCADA,1,"2019/08/22 20:05:00",GSTONE3,249.024990
D,DISPATCH,UNIT_SCADA,1,"2019/08/22 20:05:00",GSTONE4,261.975010
D,DISPATCH,UNIT_SCADA,1,"2019/08/22 20:05:00",GSTONE5,271.25
D,DISPATCH,UNIT_SCADA,1,"2019/08/22 20:05:00",GSTONE6,0
D,DISPATCH,UNIT_SCADA,1,"2019/08/22 20:05:00",GULLRSF1,0
D,DISPATCH,UNIT_SCADA,1,"2019/08/22 20:05:00",GULLRWF1,11.990660
D,DISPATCH,UNIT_SCADA,1,"2019/08/22 20:05:00",GUNNING1,0.7819
D,DISPATCH,UNIT_SCADA,1,"2019/08/22 20:05:00",GUTHEGA,30.80
D,DISPATCH,UNIT_SCADA,1,"2019/08/22 20:05:00",HALLWF1,-0.01
D,DISPATCH,UNIT_SCADA,1,"2019/08/22 20:05:00",HALLWF2,-0.40
D,DISPATCH,UNIT_SCADA,1,"2019/08/22 20:05:00",HAMISF1,0
D,DISPATCH,UNIT_SCADA,1,"2019/08/22 20:05:00",HAUGHT11,0
D,DISPATCH,UNIT_SCADA,1,"2019/08/22 20:05:00",HAYMSF1,0
D,DISPATCH,UNIT_SCADA,1,"2019/08/22 20:05:00",HDWF1,10.70
D,DISPATCH,UNIT_SCADA,1,"2019/08/22 20:05:00",HDWF2,9.90
D,DISPATCH,UNIT_SCADA,1,"2019/08/22 20:05:00",HDWF3,11.40
D,DISPATCH,UNIT_SCADA,1,"2019/08/22 20:05:00",HPRG1,20.90
D,DISPATCH,UNIT_SCADA,1,"2019/08/22 20:05:00",HPRL1,0
D,DISPATCH,UNIT_SCADA,1,"2019/08/22 20:05:00",HUMENSW,0
D,DISPATCH,UNIT_SCADA,1,"2019/08/22 20:05:00",HUMEV,10.10
D,DISPATCH,UNIT_SCADA,1,"2019/08/22 20:05:00",HVGTS,0
D,DISPATCH,UNIT_SCADA,1,"2019/08/22 20:05:00",JBUTTERS,142.289990
D,DISPATCH,UNIT_SCADA,1,"2019/08/22 20:05:00",JLA01,54
D,DISPATCH,UNIT_SCADA,1,"2019/08/22 20:05:00",JLA02,53.40
D,DISPATCH,UNIT_SCADA,1,"2019/08/22 20:05:00",JLA03,0.10
D,DISPATCH,UNIT_SCADA,1,"2019/08/22 20:05:00",JLA04,0.10
D,DISPATCH,UNIT_SCADA,1,"2019/08/22 20:05:00",JLB01,0
D,DISPATCH,UNIT_SCADA,1,"2019/08/22 20:05:00",JLB02,83.50
D,DISPATCH,UNIT_SCADA,1,"2019/08/22 20:05:00",JLB03,83.30
D,DISPATCH,UNIT_SCADA,1,"2019/08/22 20:05:00",KAREEYA1,21.5375
D,DISPATCH,UNIT_SCADA,1,"2019/08/22 20:05:00",KAREEYA2,21.7125
D,DISPATCH,UNIT_SCADA,1,"2019/08/22 20:05:00",KAREEYA3,0
D,DISPATCH,UNIT_SCADA,1,"2019/08/22 20:05:00",KAREEYA4,21.7575
D,DISPATCH,UNIT_SCADA,1,"2019/08/22 20:05:00",KARSF1,0
D,DISPATCH,UNIT_SCADA,1,"2019/08/22 20:05:00",KIATAWF1,6.40
D,DISPATCH,UNIT_SCADA,1,"2019/08/22 20:05:00",KPP_1,0
D,DISPATCH,UNIT_SCADA,1,"2019/08/22 20:05:00",KSP1,0
D,DISPATCH,UNIT_SCADA,1,"2019/08/22 20:05:00",LADBROK1,42.82
D,DISPATCH,UNIT_SCADA,1,"2019/08/22 20:05:00",LADBROK2,42.46
D,DISPATCH,UNIT_SCADA,1,"2019/08/22 20:05:00",LD01,411.3750
D,DISPATCH,UNIT_SCADA,1,"2019/08/22 20:05:00",LD02,417.768680
D,DISPATCH,UNIT_SCADA,1,"2019/08/22 20:05:00",LD03,414.768680
D,DISPATCH,UNIT_SCADA,1,"2019/08/22 20:05:00",LD04,375.543730
D,DISPATCH,UNIT_SCADA,1,"2019/08/22 20:05:00",LEM_WIL,86.137340
D,DISPATCH,UNIT_SCADA,1,"2019/08/22 20:05:00",LGAPWF1,12.10
D,DISPATCH,UNIT_SCADA,1,"2019/08/22 20:05:00",LILYSF1,0
D,DISPATCH,UNIT_SCADA,1,"2019/08/22 20:05:00",LI_WY_CA,149.444980
D,DISPATCH,UNIT_SCADA,1,"2019/08/22 20:05:00",LKBONNY2,2.355470
D,DISPATCH,UNIT_SCADA,1,"2019/08/22 20:05:00",LKBONNY3,1.563020
D,DISPATCH,UNIT_SCADA,1,"2019/08/22 20:05:00",LK_ECHO,0
D,DISPATCH,UNIT_SCADA,1,"2019/08/22 20:05:00",LNGS1,0
D,DISPATCH,UNIT_SCADA,1,"2019/08/22 20:05:00",LNGS2,0
D,DISPATCH,UNIT_SCADA,1,"2019/08/22 20:05:00",LONSDALE,0
D,DISPATCH,UNIT_SCADA,1,"2019/08/22 20:05:00",LOYYB1,536.840520
D,DISPATCH,UNIT_SCADA,1,"2019/08/22 20:05:00",LOYYB2,583.834170
D,DISPATCH,UNIT_SCADA,1,"2019/08/22 20:05:00",LYA1,560
D,DISPATCH,UNIT_SCADA,1,"2019/08/22 20:05:00",LYA2,0
D,DISPATCH,UNIT_SCADA,1,"2019/08/22 20:05:00",LYA3,561
D,DISPATCH,UNIT_SCADA,1,"2019/08/22 20:05:00",LYA4,540
D,DISPATCH,UNIT_SCADA,1,"2019/08/22 20:05:00",MACARTH1,0
D,DISPATCH,UNIT_SCADA,1,"2019/08/22 20:05:00",MACKAYGT,0
D,DISPATCH,UNIT_SCADA,1,"2019/08/22 20:05:00",MACKNTSH,86.66
D,DISPATCH,UNIT_SCADA,1,"2019/08/22 20:05:00",MANSLR1,0
D,DISPATCH,UNIT_SCADA,1,"2019/08/22 20:05:00",MCKAY1,197.2450
D,DISPATCH,UNIT_SCADA,1,"2019/08/22 20:05:00",MEADOWBK,33.924460
D,DISPATCH,UNIT_SCADA,1,"2019/08/22 20:05:00",MERCER01,7.0920
D,DISPATCH,UNIT_SCADA,1,"2019/08/22 20:05:00",MEWF1,0
D,DISPATCH,UNIT_SCADA,1,"2019/08/22 20:05:00",MINTARO,0
D,DISPATCH,UNIT_SCADA,1,"2019/08/22 20:05:00",MOREESF1,0
D,DISPATCH,UNIT_SCADA,1,"2019/08/22 20:05:00",MORTLK11,260
D,DISPATCH,UNIT_SCADA,1,"2019/08/22 20:05:00",MORTLK12,0
D,DISPATCH,UNIT_SCADA,1,"2019/08/22 20:05:00",MP1,276.275020
D,DISPATCH,UNIT_SCADA,1,"2019/08/22 20:05:00",MP2,0
D,DISPATCH,UNIT_SCADA,1,"2019/08/22 20:05:00",MPP_1,409.50
D,DISPATCH,UNIT_SCADA,1,"2019/08/22 20:05:00",MPP_2,433.50
D,DISPATCH,UNIT_SCADA,1,"2019/08/22 20:05:00",MSTUART1,0
D,DISPATCH,UNIT_SCADA,1,"2019/08/22 20:05:00",MSTUART2,0
D,DISPATCH,UNIT_SCADA,1,"2019/08/22 20:05:00",MSTUART3,0
D,DISPATCH,UNIT_SCADA,1,"2019/08/22 20:05:00",MTGELWF1,2.871790
D,DISPATCH,UNIT_SCADA,1,"2019/08/22 20:05:00",MURRAY,1088.568240
D,DISPATCH,UNIT_SCADA,1,"2019/08/22 20:05:00",MUSSELR1,24.40
D,DISPATCH,UNIT_SCADA,1,"2019/08/22 20:05:00",MUWAWF1,7.27
D,DISPATCH,UNIT_SCADA,1,"2019/08/22 20:05:00",NBHWF1,0.30
D,DISPATCH,UNIT_SCADA,1,"2019/08/22 20:05:00",NPS,511.1250
D,DISPATCH,UNIT_SCADA,1,"2019/08/22 20:05:00",NUMURSF1,0
D,DISPATCH,UNIT_SCADA,1,"2019/08/22 20:05:00",NYNGAN1,0
D,DISPATCH,UNIT_SCADA,1,"2019/08/22 20:05:00",OAKEY1,0
D,DISPATCH,UNIT_SCADA,1,"2019/08/22 20:05:00",OAKEY1SF,0.02
D,DISPATCH,UNIT_SCADA,1,"2019/08/22 20:05:00",OAKEY2,0
D,DISPATCH,UNIT_SCADA,1,"2019/08/22 20:05:00",OAKLAND1,8
D,DISPATCH,UNIT_SCADA,1,"2019/08/22 20:05:00",OSB-AG,183.13
D,DISPATCH,UNIT_SCADA,1,"2019/08/22 20:05:00",PARSF1,0
D,DISPATCH,UNIT_SCADA,1,"2019/08/22 20:05:00",POAT110,63.539520
D,DISPATCH,UNIT_SCADA,1,"2019/08/22 20:05:00",POAT220,141.569760
D,DISPATCH,UNIT_SCADA,1,"2019/08/22 20:05:00",POR01,0
D,DISPATCH,UNIT_SCADA,1,"2019/08/22 20:05:00",POR03,0
D,DISPATCH,UNIT_SCADA,1,"2019/08/22 20:05:00",PPCCGT,493.669160
D,DISPATCH,UNIT_SCADA,1,"2019/08/22 20:05:00",PTSTAN1,0
D,DISPATCH,UNIT_SCADA,1,"2019/08/22 20:05:00",PUMP1,0
D,DISPATCH,UNIT_SCADA,1,"2019/08/22 20:05:00",PUMP2,0
D,DISPATCH,UNIT_SCADA,1,"2019/08/22 20:05:00",QPS1,29.10
D,DISPATCH,UNIT_SCADA,1,"2019/08/22 20:05:00",QPS2,0
D,DISPATCH,UNIT_SCADA,1,"2019/08/22 20:05:00",QPS3,0
D,DISPATCH,UNIT_SCADA,1,"2019/08/22 20:05:00",QPS4,0
D,DISPATCH,UNIT_SCADA,1,"2019/08/22 20:05:00",QPS5,124.21
D,DISPATCH,UNIT_SCADA,1,"2019/08/22 20:05:00",REECE1,119.520010
D,DISPATCH,UNIT_SCADA,1,"2019/08/22 20:05:00",REECE2,119.660010
D,DISPATCH,UNIT_SCADA,1,"2019/08/22 20:05:00",ROMA_7,0
D,DISPATCH,UNIT_SCADA,1,"2019/08/22 20:05:00",ROMA_8,0
D,DISPATCH,UNIT_SCADA,1,"2019/08/22 20:05:00",RRSF1,0
D,DISPATCH,UNIT_SCADA,1,"2019/08/22 20:05:00",RT_NSW1,0
D,DISPATCH,UNIT_SCADA,1,"2019/08/22 20:05:00",RT_NSW2,0
D,DISPATCH,UNIT_SCADA,1,"2019/08/22 20:05:00",RT_NSW3,0
D,DISPATCH,UNIT_SCADA,1,"2019/08/22 20:05:00",RT_NSW4,0
D,DISPATCH,UNIT_SCADA,1,"2019/08/22 20:05:00",RT_NSW5,0
D,DISPATCH,UNIT_SCADA,1,"2019/08/22 20:05:00",RT_NSW6,0
D,DISPATCH,UNIT_SCADA,1,"2019/08/22 20:05:00",RT_QLD1,0
D,DISPATCH,UNIT_SCADA,1,"2019/08/22 20:05:00",RT_SA1,0
D,DISPATCH,UNIT_SCADA,1,"2019/08/22 20:05:00",RT_SA2,0
D,DISPATCH,UNIT_SCADA,1,"2019/08/22 20:05:00",RT_SA3,0
D,DISPATCH,UNIT_SCADA,1,"2019/08/22 20:05:00",RT_SA4,0
D,DISPATCH,UNIT_SCADA,1,"2019/08/22 20:05:00",RT_SA5,0
D,DISPATCH,UNIT_SCADA,1,"2019/08/22 20:05:00",RT_SA6,0
D,DISPATCH,UNIT_SCADA,1,"2019/08/22 20:05:00",RT_TAS1,0
D,DISPATCH,UNIT_SCADA,1,"2019/08/22 20:05:00",RT_VIC1,0
D,DISPATCH,UNIT_SCADA,1,"2019/08/22 20:05:00",RT_VIC10,0
D,DISPATCH,UNIT_SCADA,1,"2019/08/22 20:05:00",RT_VIC11,0
D,DISPATCH,UNIT_SCADA,1,"2019/08/22 20:05:00",RT_VIC12,0
D,DISPATCH,UNIT_SCADA,1,"2019/08/22 20:05:00",RT_VIC2,0
D,DISPATCH,UNIT_SCADA,1,"2019/08/22 20:05:00",RT_VIC3,0
D,DISPATCH,UNIT_SCADA,1,"2019/08/22 20:05:00",RT_VIC4,0
D,DISPATCH,UNIT_SCADA,1,"2019/08/22 20:05:00",RT_VIC5,0
D,DISPATCH,UNIT_SCADA,1,"2019/08/22 20:05:00",RT_VIC6,0
D,DISPATCH,UNIT_SCADA,1,"2019/08/22 20:05:00",RT_VIC7,0
D,DISPATCH,UNIT_SCADA,1,"2019/08/22 20:05:00",RT_VIC8,0
D,DISPATCH,UNIT_SCADA,1,"2019/08/22 20:05:00",RT_VIC9,0
D,DISPATCH,UNIT_SCADA,1,"2019/08/22 20:05:00",RUGBYR1,0
D,DISPATCH,UNIT_SCADA,1,"2019/08/22 20:05:00",SALTCRK1,3.32
D,DISPATCH,UNIT_SCADA,1,"2019/08/22 20:05:00",SAPHWF1,112.199980
D,DISPATCH,UNIT_SCADA,1,"2019/08/22 20:05:00",SHGEN,202.3009
D,DISPATCH,UNIT_SCADA,1,"2019/08/22 20:05:00",SHPUMP,0
D,DISPATCH,UNIT_SCADA,1,"2019/08/22 20:05:00",SITHE01,80.495750
D,DISPATCH,UNIT_SCADA,1,"2019/08/22 20:05:00",SMCSF1,0
D,DISPATCH,UNIT_SCADA,1,"2019/08/22 20:05:00",SNOWNTH1,8.60
D,DISPATCH,UNIT_SCADA,1,"2019/08/22 20:05:00",SNOWSTH1,12.80
D,DISPATCH,UNIT_SCADA,1,"2019/08/22 20:05:00",SNOWTWN1,5.630390
D,DISPATCH,UNIT_SCADA,1,"2019/08/22 20:05:00",SNOWYP,0
D,DISPATCH,UNIT_SCADA,1,"2019/08/22 20:05:00",SNUG1,0.019440
D,DISPATCH,UNIT_SCADA,1,"2019/08/22 20:05:00",SRSF1,0.43
D,DISPATCH,UNIT_SCADA,1,"2019/08/22 20:05:00",STAN-1,0
D,DISPATCH,UNIT_SCADA,1,"2019/08/22 20:05:00",STAN-2,347.413670
D,DISPATCH,UNIT_SCADA,1,"2019/08/22 20:05:00",STAN-3,346.644590
D,DISPATCH,UNIT_SCADA,1,"2019/08/22 20:05:00",STAN-4,367.6145
D,DISPATCH,UNIT_SCADA,1,"2019/08/22 20:05:00",STWF1,111.858760
D,DISPATCH,UNIT_SCADA,1,"2019/08/22 20:05:00",SWAN_E,0
D,DISPATCH,UNIT_SCADA,1,"2019/08/22 20:05:00",TALWA1,424
D,DISPATCH,UNIT_SCADA,1,"2019/08/22 20:05:00",TARALGA1,6.0975
D,DISPATCH,UNIT_SCADA,1,"2019/08/22 20:05:00",TARONG#1,345.200010
D,DISPATCH,UNIT_SCADA,1,"2019/08/22 20:05:00",TARONG#2,345
D,DISPATCH,UNIT_SCADA,1,"2019/08/22 20:05:00",TARONG#3,260
D,DISPATCH,UNIT_SCADA,1,"2019/08/22 20:05:00",TARONG#4,349.200010
D,DISPATCH,UNIT_SCADA,1,"2019/08/22 20:05:00",TARRALEA,83.80
D,DISPATCH,UNIT_SCADA,1,"2019/08/22 20:05:00",TBSF1,-0.20
D,DISPATCH,UNIT_SCADA,1,"2019/08/22 20:05:00",TNPS1,442.300020
D,DISPATCH,UNIT_SCADA,1,"2019/08/22 20:05:00",TORRA1,117.487060
D,DISPATCH,UNIT_SCADA,1,"2019/08/22 20:05:00",TORRA2,0
D,DISPATCH,UNIT_SCADA,1,"2019/08/22 20:05:00",TORRA3,48.978950
D,DISPATCH,UNIT_SCADA,1,"2019/08/22 20:05:00",TORRA4,108.183240
D,DISPATCH,UNIT_SCADA,1,"2019/08/22 20:05:00",TORRB1,124.76
D,DISPATCH,UNIT_SCADA,1,"2019/08/22 20:05:00",TORRB2,189.61
D,DISPATCH,UNIT_SCADA,1,"2019/08/22 20:05:00",TORRB3,0
D,DISPATCH,UNIT_SCADA,1,"2019/08/22 20:05:00",TORRB4,0
D,DISPATCH,UNIT_SCADA,1,"2019/08/22 20:05:00",TREVALLN,88.380040
D,DISPATCH,UNIT_SCADA,1,"2019/08/22 20:05:00",TRIBUTE,84.85
D,DISPATCH,UNIT_SCADA,1,"2019/08/22 20:05:00",TUMUT3,0
D,DISPATCH,UNIT_SCADA,1,"2019/08/22 20:05:00",TUNGATIN,140.190030
D,DISPATCH,UNIT_SCADA,1,"2019/08/22 20:05:00",TVCC201,0
D,DISPATCH,UNIT_SCADA,1,"2019/08/22 20:05:00",TVPP104,57.924240
D,DISPATCH,UNIT_SCADA,1,"2019/08/22 20:05:00",UPPTUMUT,0
D,DISPATCH,UNIT_SCADA,1,"2019/08/22 20:05:00",URANQ11,0
D,DISPATCH,UNIT_SCADA,1,"2019/08/22 20:05:00",URANQ12,0
D,DISPATCH,UNIT_SCADA,1,"2019/08/22 20:05:00",URANQ13,0
D,DISPATCH,UNIT_SCADA,1,"2019/08/22 20:05:00",URANQ14,0
D,DISPATCH,UNIT_SCADA,1,"2019/08/22 20:05:00",VP5,635.274960
D,DISPATCH,UNIT_SCADA,1,"2019/08/22 20:05:00",VP6,629.799990
D,DISPATCH,UNIT_SCADA,1,"2019/08/22 20:05:00",VPGS1,0
D,DISPATCH,UNIT_SCADA,1,"2019/08/22 20:05:00",VPGS2,0
D,DISPATCH,UNIT_SCADA,1,"2019/08/22 20:05:00",VPGS3,0
D,DISPATCH,UNIT_SCADA,1,"2019/08/22 20:05:00",VPGS4,0
D,DISPATCH,UNIT_SCADA,1,"2019/08/22 20:05:00",VPGS5,0
D,DISPATCH,UNIT_SCADA,1,"2019/08/22 20:05:00",VPGS6,0
D,DISPATCH,UNIT_SCADA,1,"2019/08/22 20:05:00",W/HOE#1,0
D,DISPATCH,UNIT_SCADA,1,"2019/08/22 20:05:00",W/HOE#2,0
D,DISPATCH,UNIT_SCADA,1,"2019/08/22 20:05:00",WATERLWF,-0.80
D,DISPATCH,UNIT_SCADA,1,"2019/08/22 20:05:00",WEMENSF1,0
D,DISPATCH,UNIT_SCADA,1,"2019/08/22 20:05:00",WGWF1,3.60
D,DISPATCH,UNIT_SCADA,1,"2019/08/22 20:05:00",WHITSF1,0
D,DISPATCH,UNIT_SCADA,1,"2019/08/22 20:05:00",WKIEWA1,31.80
D,DISPATCH,UNIT_SCADA,1,"2019/08/22 20:05:00",WKIEWA2,0
D,DISPATCH,UNIT_SCADA,1,"2019/08/22 20:05:00",WOODLWN1,13.6890
D,DISPATCH,UNIT_SCADA,1,"2019/08/22 20:05:00",WRSF1,0
D,DISPATCH,UNIT_SCADA,1,"2019/08/22 20:05:00",WRWF1,39.107510
D,DISPATCH,UNIT_SCADA,1,"2019/08/22 20:05:00",YABULU,0
D,DISPATCH,UNIT_SCADA,1,"2019/08/22 20:05:00",YABULU2,0
D,DISPATCH,UNIT_SCADA,1,"2019/08/22 20:05:00",YARWUN_1,0
D,DISPATCH,UNIT_SCADA,1,"2019/08/22 20:05:00",YENDWF1,4.71
D,DISPATCH,UNIT_SCADA,1,"2019/08/22 20:05:00",YWPS1,368.420260
D,DISPATCH,UNIT_SCADA,1,"2019/08/22 20:05:00",YWPS2,276.6886
D,DISPATCH,UNIT_SCADA,1,"2019/08/22 20:05:00",YWPS3,0
D,DISPATCH,UNIT_SCADA,1,"2019/08/22 20:05:00",YWPS4,396.649350
C,"END OF REPORT",334
