C,NEMP.WORLD,DISPATCHSCADA,AEMO,PUBLIC,2019/09/04,17:05:07,0000000312390350,DISPATCHSCADA,0000000312390344
I,DISPATCH,UNIT_SCADA,1,SETTLEMENTDATE,DUID,SCADAVALUE
D,DISPATCH,UNIT_SCADA,1,"2019/09/04 17:10:00",BARCSF1,6.400001
D,DISPATCH,UNIT_SCADA,1,"2019/09/04 17:10:00",BUTLERSG,10.199999
D,DISPATCH,UNIT_SCADA,1,"2019/09/04 17:10:00",CALL_A_4,0
D,DISPATCH,UNIT_SCADA,1,"2019/09/04 17:10:00",CAPTL_WF,68.1520
D,DISPATCH,UNIT_SCADA,1,"2019/09/04 17:10:00",CATHROCK,0
D,DISPATCH,UNIT_SCADA,1,"2019/09/04 17:10:00",CHALLHWF,0
D,DISPATCH,UNIT_SCADA,1,"2019/09/04 17:10:00",CLOVER,-0.01
D,DISPATCH,UNIT_SCADA,1,"2019/09/04 17:10:00",CLUNY,12.263218
D,DISPATCH,UNIT_SCADA,1,"2019/09/04 17:10:00",CNUNDAWF,0.400467
D,DISPATCH,UNIT_SCADA,1,"2019/09/04 17:10:00",CULLRGWF,28.059999
D,DISPATCH,UNIT_SCADA,1,"2019/09/04 17:10:00",ERGT01,0
D,DISPATCH,UNIT_SCADA,1,"2019/09/04 17:10:00",GB01,0.008873
D,DISPATCH,UNIT_SCADA,1,"2019/09/04 17:10:00",GERMCRK,36.200001
D,DISPATCH,UNIT_SCADA,1,"2019/09/04 17:10:00",GRIFSF1,12.399994
D,DISPATCH,UNIT_SCADA,1,"2019/09/04 17:10:00",HUGSF1,5.6010
D,DISPATCH,UNIT_SCADA,1,"2019/09/04 17:10:00",LKBONNY1,-0.538647
D,DISPATCH,UNIT_SCADA,1,"2019/09/04 17:10:00",LRSF1,8.7370
D,DISPATCH,UNIT_SCADA,1,"2019/09/04 17:10:00",MBAHNTH,32.456253
D,DISPATCH,UNIT_SCADA,1,"2019/09/04 17:10:00",MLSP1,1.167001
D,DISPATCH,UNIT_SCADA,1,"2019/09/04 17:10:00",MLWF1,1.50
D,DISPATCH,UNIT_SCADA,1,"2019/09/04 17:10:00",MTMILLAR,0.156268
D,DISPATCH,UNIT_SCADA,1,"2019/09/04 17:10:00",PALOONA,24.539999
D,DISPATCH,UNIT_SCADA,1,"2019/09/04 17:10:00",PIONEER,46.100002
D,DISPATCH,UNIT_SCADA,1,"2019/09/04 17:10:00",PORTWF,5.20
D,DISPATCH,UNIT_SCADA,1,"2019/09/04 17:10:00",REPULSE,20.281681
D,DISPATCH,UNIT_SCADA,1,"2019/09/04 17:10:00",ROWALLAN,10.3234
D,DISPATCH,UNIT_SCADA,1,"2019/09/04 17:10:00",ROYALLA1,0.9460
D,DISPATCH,UNIT_SCADA,1,"2019/09/04 17:10:00",RPCG,-1.80
D,DISPATCH,UNIT_SCADA,1,"2019/09/04 17:10:00",RUBICON,0
D,DISPATCH,UNIT_SCADA,1,"2019/09/04 17:10:00",SATGN1,0
D,DISPATCH,UNIT_SCADA,1,"2019/09/04 17:10:00",SATGS1,0
D,DISPATCH,UNIT_SCADA,1,"2019/09/04 17:10:00",STARHLWF,0.099971
D,DISPATCH,UNIT_SCADA,1,"2019/09/04 17:10:00",WAUBRAWF,15.2840
D,DISPATCH,UNIT_SCADA,1,"2019/09/04 17:10:00",WOOLNTH1,55.240017
D,DISPATCH,UNIT_SCADA,1,"2019/09/04 17:10:00",WPWF,0
D,DISPATCH,UNIT_SCADA,1,"2019/09/04 17:10:00",YAMBUKWF,2.30
D,DISPATCH,UNIT_SCADA,1,"2019/09/04 17:10:00",YSWF1,4
D,DISPATCH,UNIT_SCADA,1,"2019/09/04 17:10:00",AGLHAL,0
D,DISPATCH,UNIT_SCADA,1,"2019/09/04 17:10:00",AGLSOM,117.10
D,DISPATCH,UNIT_SCADA,1,"2019/09/04 17:10:00",ANGAST1,0
D,DISPATCH,UNIT_SCADA,1,"2019/09/04 17:10:00",ARWF1,22.40
D,DISPATCH,UNIT_SCADA,1,"2019/09/04 17:10:00",BALBG1,6.63
D,DISPATCH,UNIT_SCADA,1,"2019/09/04 17:10:00",BALBL1,0
D,DISPATCH,UNIT_SCADA,1,"2019/09/04 17:10:00",BALDHWF1,42.1280
D,DISPATCH,UNIT_SCADA,1,"2019/09/04 17:10:00",BANN1,10.70
D,DISPATCH,UNIT_SCADA,1,"2019/09/04 17:10:00",BARCALDN,0
D,DISPATCH,UNIT_SCADA,1,"2019/09/04 17:10:00",BARRON-1,33.12
D,DISPATCH,UNIT_SCADA,1,"2019/09/04 17:10:00",BARRON-2,0
D,DISPATCH,UNIT_SCADA,1,"2019/09/04 17:10:00",BASTYAN,80.69
D,DISPATCH,UNIT_SCADA,1,"2019/09/04 17:10:00",BBTHREE1,0
D,DISPATCH,UNIT_SCADA,1,"2019/09/04 17:10:00",BBTHREE2,0
D,DISPATCH,UNIT_SCADA,1,"2019/09/04 17:10:00",BBTHREE3,0
D,DISPATCH,UNIT_SCADA,1,"2019/09/04 17:10:00",BDL01,43.26
D,DISPATCH,UNIT_SCADA,1,"2019/09/04 17:10:00",BDL02,43.62
D,DISPATCH,UNIT_SCADA,1,"2019/09/04 17:10:00",BERYLSF1,11.130570
D,DISPATCH,UNIT_SCADA,1,"2019/09/04 17:10:00",BLOWERNG,11.10
D,DISPATCH,UNIT_SCADA,1,"2019/09/04 17:10:00",BLUFF1,0.50
D,DISPATCH,UNIT_SCADA,1,"2019/09/04 17:10:00",BNGSF1,69.58
D,DISPATCH,UNIT_SCADA,1,"2019/09/04 17:10:00",BNGSF2,19.99
D,DISPATCH,UNIT_SCADA,1,"2019/09/04 17:10:00",BOCORWF1,81.88
D,DISPATCH,UNIT_SCADA,1,"2019/09/04 17:10:00",BODWF1,90.350180
D,DISPATCH,UNIT_SCADA,1,"2019/09/04 17:10:00",BRAEMAR1,0
D,DISPATCH,UNIT_SCADA,1,"2019/09/04 17:10:00",BRAEMAR2,0
D,DISPATCH,UNIT_SCADA,1,"2019/09/04 17:10:00",BRAEMAR3,169
D,DISPATCH,UNIT_SCADA,1,"2019/09/04 17:10:00",BRAEMAR5,0
D,DISPATCH,UNIT_SCADA,1,"2019/09/04 17:10:00",BRAEMAR6,0
D,DISPATCH,UNIT_SCADA,1,"2019/09/04 17:10:00",BRAEMAR7,0
D,DISPATCH,UNIT_SCADA,1,"2019/09/04 17:10:00",BROKENH1,16.690920
D,DISPATCH,UNIT_SCADA,1,"2019/09/04 17:10:00",BW01,643.425050
D,DISPATCH,UNIT_SCADA,1,"2019/09/04 17:10:00",BW02,645.174930
D,DISPATCH,UNIT_SCADA,1,"2019/09/04 17:10:00",BW03,643.1250
D,DISPATCH,UNIT_SCADA,1,"2019/09/04 17:10:00",BW04,0
D,DISPATCH,UNIT_SCADA,1,"2019/09/04 17:10:00",CALL_B_1,159.70
D,DISPATCH,UNIT_SCADA,1,"2019/09/04 17:10:00",CALL_B_2,160.20
D,DISPATCH,UNIT_SCADA,1,"2019/09/04 17:10:00",CETHANA,97.825250
D,DISPATCH,UNIT_SCADA,1,"2019/09/04 17:10:00",CG1,0
D,DISPATCH,UNIT_SCADA,1,"2019/09/04 17:10:00",CG2,0
D,DISPATCH,UNIT_SCADA,1,"2019/09/04 17:10:00",CG3,0
D,DISPATCH,UNIT_SCADA,1,"2019/09/04 17:10:00",CG4,0
D,DISPATCH,UNIT_SCADA,1,"2019/09/04 17:10:00",CHILDSF1,7.22
D,DISPATCH,UNIT_SCADA,1,"2019/09/04 17:10:00",CLARESF1,21.125120
D,DISPATCH,UNIT_SCADA,1,"2019/09/04 17:10:00",CLEMGPWF,-0.432210
D,DISPATCH,UNIT_SCADA,1,"2019/09/04 17:10:00",CLERMSF1,15.07
D,DISPATCH,UNIT_SCADA,1,"2019/09/04 17:10:00",COLEASF1,6.399990
D,DISPATCH,UNIT_SCADA,1,"2019/09/04 17:10:00",COOPGWF1,25.912240
D,DISPATCH,UNIT_SCADA,1,"2019/09/04 17:10:00",CPP_3,405.350010
D,DISPATCH,UNIT_SCADA,1,"2019/09/04 17:10:00",CPP_4,167.75
D,DISPATCH,UNIT_SCADA,1,"2019/09/04 17:10:00",CPSA,88.77
D,DISPATCH,UNIT_SCADA,1,"2019/09/04 17:10:00",CROOKWF2,86.2150
D,DISPATCH,UNIT_SCADA,1,"2019/09/04 17:10:00",CROWLWF1,5.736450
D,DISPATCH,UNIT_SCADA,1,"2019/09/04 17:10:00",CSPVPS1,6.0390
D,DISPATCH,UNIT_SCADA,1,"2019/09/04 17:10:00",DALNTH01,0
D,DISPATCH,UNIT_SCADA,1,"2019/09/04 17:10:00",DALNTHL1,0.083920
D,DISPATCH,UNIT_SCADA,1,"2019/09/04 17:10:00",DARTM1,133.70
D,DISPATCH,UNIT_SCADA,1,"2019/09/04 17:10:00",DAYDSF1,59.5330
D,DISPATCH,UNIT_SCADA,1,"2019/09/04 17:10:00",DDPS1,376.311340
D,DISPATCH,UNIT_SCADA,1,"2019/09/04 17:10:00",DDSF1,12.443650
D,DISPATCH,UNIT_SCADA,1,"2019/09/04 17:10:00",DEVILS_G,56.8572
D,DISPATCH,UNIT_SCADA,1,"2019/09/04 17:10:00",DG_NSW1,0
D,DISPATCH,UNIT_SCADA,1,"2019/09/04 17:10:00",DG_QLD1,0
D,DISPATCH,UNIT_SCADA,1,"2019/09/04 17:10:00",DG_SA1,0
D,DISPATCH,UNIT_SCADA,1,"2019/09/04 17:10:00",DG_TAS1,0
D,DISPATCH,UNIT_SCADA,1,"2019/09/04 17:10:00",DG_VIC1,0
D,DISPATCH,UNIT_SCADA,1,"2019/09/04 17:10:00",DRYCGT1,0
D,DISPATCH,UNIT_SCADA,1,"2019/09/04 17:10:00",DRYCGT2,0
D,DISPATCH,UNIT_SCADA,1,"2019/09/04 17:10:00",DRYCGT3,0
D,DISPATCH,UNIT_SCADA,1,"2019/09/04 17:10:00",EILDON1,0
D,DISPATCH,UNIT_SCADA,1,"2019/09/04 17:10:00",EILDON2,0
D,DISPATCH,UNIT_SCADA,1,"2019/09/04 17:10:00",EMERASF1,21.88
D,DISPATCH,UNIT_SCADA,1,"2019/09/04 17:10:00",ER01,570.549930
D,DISPATCH,UNIT_SCADA,1,"2019/09/04 17:10:00",ER02,681.599980
D,DISPATCH,UNIT_SCADA,1,"2019/09/04 17:10:00",ER03,0
D,DISPATCH,UNIT_SCADA,1,"2019/09/04 17:10:00",ER04,676.974980
D,DISPATCH,UNIT_SCADA,1,"2019/09/04 17:10:00",FINLYSF1,0
D,DISPATCH,UNIT_SCADA,1,"2019/09/04 17:10:00",FISHER,45.95
D,DISPATCH,UNIT_SCADA,1,"2019/09/04 17:10:00",GANNBG1,5.458030
D,DISPATCH,UNIT_SCADA,1,"2019/09/04 17:10:00",GANNBL1,0
D,DISPATCH,UNIT_SCADA,1,"2019/09/04 17:10:00",GANNSF1,2.80
D,DISPATCH,UNIT_SCADA,1,"2019/09/04 17:10:00",GORDON,21.991760
D,DISPATCH,UNIT_SCADA,1,"2019/09/04 17:10:00",GSTONE1,214.3750
D,DISPATCH,UNIT_SCADA,1,"2019/09/04 17:10:00",GSTONE2,203.8750
D,DISPATCH,UNIT_SCADA,1,"2019/09/04 17:10:00",GSTONE3,0
D,DISPATCH,UNIT_SCADA,1,"2019/09/04 17:10:00",GSTONE4,227.6750
D,DISPATCH,UNIT_SCADA,1,"2019/09/04 17:10:00",GSTONE5,212.80
D,DISPATCH,UNIT_SCADA,1,"2019/09/04 17:10:00",GSTONE6,213.149990
D,DISPATCH,UNIT_SCADA,1,"2019/09/04 17:10:00",GULLRSF1,0.348140
D,DISPATCH,UNIT_SCADA,1,"2019/09/04 17:10:00",GULLRWF1,111.151760
D,DISPATCH,UNIT_SCADA,1,"2019/09/04 17:10:00",GUNNING1,37.900390
D,DISPATCH,UNIT_SCADA,1,"2019/09/04 17:10:00",GUTHEGA,0
D,DISPATCH,UNIT_SCADA,1,"2019/09/04 17:10:00",HALLWF1,-0.57
D,DISPATCH,UNIT_SCADA,1,"2019/09/04 17:10:00",HALLWF2,2.82
D,DISPATCH,UNIT_SCADA,1,"2019/09/04 17:10:00",HAMISF1,19.60
D,DISPATCH,UNIT_SCADA,1,"2019/09/04 17:10:00",HAUGHT11,54.722560
D,DISPATCH,UNIT_SCADA,1,"2019/09/04 17:10:00",HAYMSF1,19.0640
D,DISPATCH,UNIT_SCADA,1,"2019/09/04 17:10:00",HDWF1,12.80
D,DISPATCH,UNIT_SCADA,1,"2019/09/04 17:10:00",HDWF2,8.20
D,DISPATCH,UNIT_SCADA,1,"2019/09/04 17:10:00",HDWF3,8
D,DISPATCH,UNIT_SCADA,1,"2019/09/04 17:10:00",HPRG1,18.30
D,DISPATCH,UNIT_SCADA,1,"2019/09/04 17:10:00",HPRL1,0
D,DISPATCH,UNIT_SCADA,1,"2019/09/04 17:10:00",HUMENSW,0
D,DISPATCH,UNIT_SCADA,1,"2019/09/04 17:10:00",HUMEV,25.70
D,DISPATCH,UNIT_SCADA,1,"2019/09/04 17:10:00",HVGTS,0
D,DISPATCH,UNIT_SCADA,1,"2019/09/04 17:10:00",JBUTTERS,33.46
D,DISPATCH,UNIT_SCADA,1,"2019/09/04 17:10:00",JLA01,30.20
D,DISPATCH,UNIT_SCADA,1,"2019/09/04 17:10:00",JLA02,0
D,DISPATCH,UNIT_SCADA,1,"2019/09/04 17:10:00",JLA03,0
D,DISPATCH,UNIT_SCADA,1,"2019/09/04 17:10:00",JLA04,0
D,DISPATCH,UNIT_SCADA,1,"2019/09/04 17:10:00",JLB01,0
D,DISPATCH,UNIT_SCADA,1,"2019/09/04 17:10:00",JLB02,0.10
D,DISPATCH,UNIT_SCADA,1,"2019/09/04 17:10:00",JLB03,83.90
D,DISPATCH,UNIT_SCADA,1,"2019/09/04 17:10:00",KAREEYA1,21.4825
D,DISPATCH,UNIT_SCADA,1,"2019/09/04 17:10:00",KAREEYA2,21.78
D,DISPATCH,UNIT_SCADA,1,"2019/09/04 17:10:00",KAREEYA3,0
D,DISPATCH,UNIT_SCADA,1,"2019/09/04 17:10:00",KAREEYA4,21.6625
D,DISPATCH,UNIT_SCADA,1,"2019/09/04 17:10:00",KARSF1,22.70
D,DISPATCH,UNIT_SCADA,1,"2019/09/04 17:10:00",KIATAWF1,2.60
D,DISPATCH,UNIT_SCADA,1,"2019/09/04 17:10:00",KPP_1,0
D,DISPATCH,UNIT_SCADA,1,"2019/09/04 17:10:00",KSP1,31.48
D,DISPATCH,UNIT_SCADA,1,"2019/09/04 17:10:00",LADBROK1,40.70
D,DISPATCH,UNIT_SCADA,1,"2019/09/04 17:10:00",LADBROK2,41.34
D,DISPATCH,UNIT_SCADA,1,"2019/09/04 17:10:00",LD01,421.706270
D,DISPATCH,UNIT_SCADA,1,"2019/09/04 17:10:00",LD02,400.7438
D,DISPATCH,UNIT_SCADA,1,"2019/09/04 17:10:00",LD03,420.618710
D,DISPATCH,UNIT_SCADA,1,"2019/09/04 17:10:00",LD04,379.143770
D,DISPATCH,UNIT_SCADA,1,"2019/09/04 17:10:00",LEM_WIL,85.2944
D,DISPATCH,UNIT_SCADA,1,"2019/09/04 17:10:00",LGAPWF1,13.76
D,DISPATCH,UNIT_SCADA,1,"2019/09/04 17:10:00",LILYSF1,26.607610
D,DISPATCH,UNIT_SCADA,1,"2019/09/04 17:10:00",LI_WY_CA,121.392520
D,DISPATCH,UNIT_SCADA,1,"2019/09/04 17:10:00",LKBONNY2,-0.413940
D,DISPATCH,UNIT_SCADA,1,"2019/09/04 17:10:00",LKBONNY3,0
D,DISPATCH,UNIT_SCADA,1,"2019/09/04 17:10:00",LK_ECHO,0
D,DISPATCH,UNIT_SCADA,1,"2019/09/04 17:10:00",LNGS1,0
D,DISPATCH,UNIT_SCADA,1,"2019/09/04 17:10:00",LNGS2,0
D,DISPATCH,UNIT_SCADA,1,"2019/09/04 17:10:00",LONSDALE,0
D,DISPATCH,UNIT_SCADA,1,"2019/09/04 17:10:00",LOYYB1,536.088620
D,DISPATCH,UNIT_SCADA,1,"2019/09/04 17:10:00",LOYYB2,578.946840
D,DISPATCH,UNIT_SCADA,1,"2019/09/04 17:10:00",LYA1,0
D,DISPATCH,UNIT_SCADA,1,"2019/09/04 17:10:00",LYA2,0
D,DISPATCH,UNIT_SCADA,1,"2019/09/04 17:10:00",LYA3,559
D,DISPATCH,UNIT_SCADA,1,"2019/09/04 17:10:00",LYA4,539
D,DISPATCH,UNIT_SCADA,1,"2019/09/04 17:10:00",MACARTH1,0
D,DISPATCH,UNIT_SCADA,1,"2019/09/04 17:10:00",MACKAYGT,0.2240
D,DISPATCH,UNIT_SCADA,1,"2019/09/04 17:10:00",MACKNTSH,89.290010
D,DISPATCH,UNIT_SCADA,1,"2019/09/04 17:10:00",MANSLR1,10.9770
D,DISPATCH,UNIT_SCADA,1,"2019/09/04 17:10:00",MCKAY1,0.02
D,DISPATCH,UNIT_SCADA,1,"2019/09/04 17:10:00",MEADOWBK,25.0075
D,DISPATCH,UNIT_SCADA,1,"2019/09/04 17:10:00",MERCER01,54.5090
D,DISPATCH,UNIT_SCADA,1,"2019/09/04 17:10:00",MEWF1,25.8519
D,DISPATCH,UNIT_SCADA,1,"2019/09/04 17:10:00",MINTARO,0
D,DISPATCH,UNIT_SCADA,1,"2019/09/04 17:10:00",MOREESF1,14.07
D,DISPATCH,UNIT_SCADA,1,"2019/09/04 17:10:00",MORTLK11,260
D,DISPATCH,UNIT_SCADA,1,"2019/09/04 17:10:00",MORTLK12,0
D,DISPATCH,UNIT_SCADA,1,"2019/09/04 17:10:00",MP1,220
D,DISPATCH,UNIT_SCADA,1,"2019/09/04 17:10:00",MP2,0
D,DISPATCH,UNIT_SCADA,1,"2019/09/04 17:10:00",MPP_1,393.50
D,DISPATCH,UNIT_SCADA,1,"2019/09/04 17:10:00",MPP_2,430.25
D,DISPATCH,UNIT_SCADA,1,"2019/09/04 17:10:00",MSTUART1,0
D,DISPATCH,UNIT_SCADA,1,"2019/09/04 17:10:00",MSTUART2,0
D,DISPATCH,UNIT_SCADA,1,"2019/09/04 17:10:00",MSTUART3,0
D,DISPATCH,UNIT_SCADA,1,"2019/09/04 17:10:00",MTGELWF1,1.396220
D,DISPATCH,UNIT_SCADA,1,"2019/09/04 17:10:00",MURRAY,275.281070
D,DISPATCH,UNIT_SCADA,1,"2019/09/04 17:10:00",MUSSELR1,165
D,DISPATCH,UNIT_SCADA,1,"2019/09/04 17:10:00",MUWAWF1,13.02
D,DISPATCH,UNIT_SCADA,1,"2019/09/04 17:10:00",NBHWF1,-0.10
D,DISPATCH,UNIT_SCADA,1,"2019/09/04 17:10:00",NPS,299.25
D,DISPATCH,UNIT_SCADA,1,"2019/09/04 17:10:00",NUMURSF1,3.18
D,DISPATCH,UNIT_SCADA,1,"2019/09/04 17:10:00",NYNGAN1,5.75
D,DISPATCH,UNIT_SCADA,1,"2019/09/04 17:10:00",OAKEY1,0
D,DISPATCH,UNIT_SCADA,1,"2019/09/04 17:10:00",OAKEY1SF,4.3490
D,DISPATCH,UNIT_SCADA,1,"2019/09/04 17:10:00",OAKEY2,0
D,DISPATCH,UNIT_SCADA,1,"2019/09/04 17:10:00",OAKEY2SF,0
D,DISPATCH,UNIT_SCADA,1,"2019/09/04 17:10:00",OAKLAND1,13.40
D,DISPATCH,UNIT_SCADA,1,"2019/09/04 17:10:00",OSB-AG,177.81
D,DISPATCH,UNIT_SCADA,1,"2019/09/04 17:10:00",PARSF1,18.20
D,DISPATCH,UNIT_SCADA,1,"2019/09/04 17:10:00",POAT110,0
D,DISPATCH,UNIT_SCADA,1,"2019/09/04 17:10:00",POAT220,0.65
D,DISPATCH,UNIT_SCADA,1,"2019/09/04 17:10:00",POR01,0
D,DISPATCH,UNIT_SCADA,1,"2019/09/04 17:10:00",POR03,0
D,DISPATCH,UNIT_SCADA,1,"2019/09/04 17:10:00",PPCCGT,472.8649
D,DISPATCH,UNIT_SCADA,1,"2019/09/04 17:10:00",PTSTAN1,0
D,DISPATCH,UNIT_SCADA,1,"2019/09/04 17:10:00",PUMP1,0
D,DISPATCH,UNIT_SCADA,1,"2019/09/04 17:10:00",PUMP2,0
D,DISPATCH,UNIT_SCADA,1,"2019/09/04 17:10:00",QPS1,29
D,DISPATCH,UNIT_SCADA,1,"2019/09/04 17:10:00",QPS2,0
D,DISPATCH,UNIT_SCADA,1,"2019/09/04 17:10:00",QPS3,0
D,DISPATCH,UNIT_SCADA,1,"2019/09/04 17:10:00",QPS4,0
D,DISPATCH,UNIT_SCADA,1,"2019/09/04 17:10:00",QPS5,122.09
D,DISPATCH,UNIT_SCADA,1,"2019/09/04 17:10:00",REECE1,118.010010
D,DISPATCH,UNIT_SCADA,1,"2019/09/04 17:10:00",REECE2,102.360010
D,DISPATCH,UNIT_SCADA,1,"2019/09/04 17:10:00",ROMA_7,0
D,DISPATCH,UNIT_SCADA,1,"2019/09/04 17:10:00",ROMA_8,0
D,DISPATCH,UNIT_SCADA,1,"2019/09/04 17:10:00",RRSF1,42.753070
D,DISPATCH,UNIT_SCADA,1,"2019/09/04 17:10:00",RT_NSW1,0
D,DISPATCH,UNIT_SCADA,1,"2019/09/04 17:10:00",RT_NSW2,0
D,DISPATCH,UNIT_SCADA,1,"2019/09/04 17:10:00",RT_NSW3,0
D,DISPATCH,UNIT_SCADA,1,"2019/09/04 17:10:00",RT_NSW4,0
D,DISPATCH,UNIT_SCADA,1,"2019/09/04 17:10:00",RT_NSW5,0
D,DISPATCH,UNIT_SCADA,1,"2019/09/04 17:10:00",RT_NSW6,0
D,DISPATCH,UNIT_SCADA,1,"2019/09/04 17:10:00",RT_QLD1,0
D,DISPATCH,UNIT_SCADA,1,"2019/09/04 17:10:00",RT_SA1,0
D,DISPATCH,UNIT_SCADA,1,"2019/09/04 17:10:00",RT_SA2,0
D,DISPATCH,UNIT_SCADA,1,"2019/09/04 17:10:00",RT_SA3,0
D,DISPATCH,UNIT_SCADA,1,"2019/09/04 17:10:00",RT_SA4,0
D,DISPATCH,UNIT_SCADA,1,"2019/09/04 17:10:00",RT_SA5,0
D,DISPATCH,UNIT_SCADA,1,"2019/09/04 17:10:00",RT_SA6,0
D,DISPATCH,UNIT_SCADA,1,"2019/09/04 17:10:00",RT_TAS1,0
D,DISPATCH,UNIT_SCADA,1,"2019/09/04 17:10:00",RT_VIC1,0
D,DISPATCH,UNIT_SCADA,1,"2019/09/04 17:10:00",RT_VIC10,0
D,DISPATCH,UNIT_SCADA,1,"2019/09/04 17:10:00",RT_VIC11,0
D,DISPATCH,UNIT_SCADA,1,"2019/09/04 17:10:00",RT_VIC12,0
D,DISPATCH,UNIT_SCADA,1,"2019/09/04 17:10:00",RT_VIC2,0
D,DISPATCH,UNIT_SCADA,1,"2019/09/04 17:10:00",RT_VIC3,0
D,DISPATCH,UNIT_SCADA,1,"2019/09/04 17:10:00",RT_VIC4,0
D,DISPATCH,UNIT_SCADA,1,"2019/09/04 17:10:00",RT_VIC5,0
D,DISPATCH,UNIT_SCADA,1,"2019/09/04 17:10:00",RT_VIC6,0
D,DISPATCH,UNIT_SCADA,1,"2019/09/04 17:10:00",RT_VIC7,0
D,DISPATCH,UNIT_SCADA,1,"2019/09/04 17:10:00",RT_VIC8,0
D,DISPATCH,UNIT_SCADA,1,"2019/09/04 17:10:00",RT_VIC9,0
D,DISPATCH,UNIT_SCADA,1,"2019/09/04 17:10:00",RUGBYR1,28.116990
D,DISPATCH,UNIT_SCADA,1,"2019/09/04 17:10:00",SALTCRK1,5.83
D,DISPATCH,UNIT_SCADA,1,"2019/09/04 17:10:00",SAPHWF1,127.753110
D,DISPATCH,UNIT_SCADA,1,"2019/09/04 17:10:00",SHGEN,-2.146870
D,DISPATCH,UNIT_SCADA,1,"2019/09/04 17:10:00",SHPUMP,0
D,DISPATCH,UNIT_SCADA,1,"2019/09/04 17:10:00",SITHE01,0.173950
D,DISPATCH,UNIT_SCADA,1,"2019/09/04 17:10:00",SMCSF1,19.538860
D,DISPATCH,UNIT_SCADA,1,"2019/09/04 17:10:00",SNOWNTH1,2.50
D,DISPATCH,UNIT_SCADA,1,"2019/09/04 17:10:00",SNOWSTH1,0.70
D,DISPATCH,UNIT_SCADA,1,"2019/09/04 17:10:00",SNOWTWN1,-0.641030
D,DISPATCH,UNIT_SCADA,1,"2019/09/04 17:10:00",SNOWYP,0
D,DISPATCH,UNIT_SCADA,1,"2019/09/04 17:10:00",SNUG1,0.019440
D,DISPATCH,UNIT_SCADA,1,"2019/09/04 17:10:00",SRSF1,6.43
D,DISPATCH,UNIT_SCADA,1,"2019/09/04 17:10:00",STAN-1,216.210650
D,DISPATCH,UNIT_SCADA,1,"2019/09/04 17:10:00",STAN-2,340.953490
D,DISPATCH,UNIT_SCADA,1,"2019/09/04 17:10:00",STAN-3,345.516630
D,DISPATCH,UNIT_SCADA,1,"2019/09/04 17:10:00",STAN-4,339.5307
D,DISPATCH,UNIT_SCADA,1,"2019/09/04 17:10:00",STWF1,30.183750
D,DISPATCH,UNIT_SCADA,1,"2019/09/04 17:10:00",SWAN_E,0
D,DISPATCH,UNIT_SCADA,1,"2019/09/04 17:10:00",TALWA1,413
D,DISPATCH,UNIT_SCADA,1,"2019/09/04 17:10:00",TARALGA1,77.868740
D,DISPATCH,UNIT_SCADA,1,"2019/09/04 17:10:00",TARONG#1,342.600010
D,DISPATCH,UNIT_SCADA,1,"2019/09/04 17:10:00",TARONG#2,0
D,DISPATCH,UNIT_SCADA,1,"2019/09/04 17:10:00",TARONG#3,348.899990
D,DISPATCH,UNIT_SCADA,1,"2019/09/04 17:10:00",TARONG#4,349.100010
D,DISPATCH,UNIT_SCADA,1,"2019/09/04 17:10:00",TARRALEA,72.10
D,DISPATCH,UNIT_SCADA,1,"2019/09/04 17:10:00",TBSF1,1.80
D,DISPATCH,UNIT_SCADA,1,"2019/09/04 17:10:00",TNPS1,380.500030
D,DISPATCH,UNIT_SCADA,1,"2019/09/04 17:10:00",TORRA1,91.103840
D,DISPATCH,UNIT_SCADA,1,"2019/09/04 17:10:00",TORRA2,0
D,DISPATCH,UNIT_SCADA,1,"2019/09/04 17:10:00",TORRA3,0
D,DISPATCH,UNIT_SCADA,1,"2019/09/04 17:10:00",TORRA4,76.339930
D,DISPATCH,UNIT_SCADA,1,"2019/09/04 17:10:00",TORRB1,163.62
D,DISPATCH,UNIT_SCADA,1,"2019/09/04 17:10:00",TORRB2,161.69
D,DISPATCH,UNIT_SCADA,1,"2019/09/04 17:10:00",TORRB3,161.789990
D,DISPATCH,UNIT_SCADA,1,"2019/09/04 17:10:00",TORRB4,0
D,DISPATCH,UNIT_SCADA,1,"2019/09/04 17:10:00",TREVALLN,43.910020
D,DISPATCH,UNIT_SCADA,1,"2019/09/04 17:10:00",TRIBUTE,0
D,DISPATCH,UNIT_SCADA,1,"2019/09/04 17:10:00",TUMUT3,0
D,DISPATCH,UNIT_SCADA,1,"2019/09/04 17:10:00",TUNGATIN,47.40
D,DISPATCH,UNIT_SCADA,1,"2019/09/04 17:10:00",TVCC201,0
D,DISPATCH,UNIT_SCADA,1,"2019/09/04 17:10:00",TVPP104,0
D,DISPATCH,UNIT_SCADA,1,"2019/09/04 17:10:00",UPPTUMUT,507.458920
D,DISPATCH,UNIT_SCADA,1,"2019/09/04 17:10:00",URANQ11,147.818760
D,DISPATCH,UNIT_SCADA,1,"2019/09/04 17:10:00",URANQ12,101.225010
D,DISPATCH,UNIT_SCADA,1,"2019/09/04 17:10:00",URANQ13,163.806240
D,DISPATCH,UNIT_SCADA,1,"2019/09/04 17:10:00",URANQ14,0
D,DISPATCH,UNIT_SCADA,1,"2019/09/04 17:10:00",VP5,623.174990
D,DISPATCH,UNIT_SCADA,1,"2019/09/04 17:10:00",VP6,0
D,DISPATCH,UNIT_SCADA,1,"2019/09/04 17:10:00",VPGS1,0
D,DISPATCH,UNIT_SCADA,1,"2019/09/04 17:10:00",VPGS2,0
D,DISPATCH,UNIT_SCADA,1,"2019/09/04 17:10:00",VPGS3,0
D,DISPATCH,UNIT_SCADA,1,"2019/09/04 17:10:00",VPGS4,0
D,DISPATCH,UNIT_SCADA,1,"2019/09/04 17:10:00",VPGS5,0
D,DISPATCH,UNIT_SCADA,1,"2019/09/04 17:10:00",VPGS6,0
D,DISPATCH,UNIT_SCADA,1,"2019/09/04 17:10:00",W/HOE#1,0
D,DISPATCH,UNIT_SCADA,1,"2019/09/04 17:10:00",W/HOE#2,0
D,DISPATCH,UNIT_SCADA,1,"2019/09/04 17:10:00",WATERLWF,5.20
D,DISPATCH,UNIT_SCADA,1,"2019/09/04 17:10:00",WEMENSF1,24
D,DISPATCH,UNIT_SCADA,1,"2019/09/04 17:10:00",WGWF1,5
D,DISPATCH,UNIT_SCADA,1,"2019/09/04 17:10:00",WHITSF1,17.30
D,DISPATCH,UNIT_SCADA,1,"2019/09/04 17:10:00",WKIEWA1,13.10
D,DISPATCH,UNIT_SCADA,1,"2019/09/04 17:10:00",WKIEWA2,0.10
D,DISPATCH,UNIT_SCADA,1,"2019/09/04 17:10:00",WOODLWN1,27.8190
D,DISPATCH,UNIT_SCADA,1,"2019/09/04 17:10:00",WRSF1,1.68
D,DISPATCH,UNIT_SCADA,1,"2019/09/04 17:10:00",WRWF1,106.962510
D,DISPATCH,UNIT_SCADA,1,"2019/09/04 17:10:00",YABULU,83.880010
D,DISPATCH,UNIT_SCADA,1,"2019/09/04 17:10:00",YABULU2,0
D,DISPATCH,UNIT_SCADA,1,"2019/09/04 17:10:00",YARWUN_1,149.849990
D,DISPATCH,UNIT_SCADA,1,"2019/09/04 17:10:00",YENDWF1,14.70
D,DISPATCH,UNIT_SCADA,1,"2019/09/04 17:10:00",YWPS1,380.9519
D,DISPATCH,UNIT_SCADA,1,"2019/09/04 17:10:00",YWPS2,279.445560
D,DISPATCH,UNIT_SCADA,1,"2019/09/04 17:10:00",YWPS3,372.937990
D,DISPATCH,UNIT_SCADA,1,"2019/09/04 17:10:00",YWPS4,388.463290
C,"END OF REPORT",335
