C,NEMP.WORLD,DISPATCHSCADA,AEMO,PUBLIC,2019/08/23,08:55:07,0000000311900542,DISPATCHSCADA,0000000311900536
I,DISPATCH,UNIT_SCADA,1,SETTLEMENTDATE,DUID,SCADAVALUE
D,DISPATCH,UNIT_SCADA,1,"2019/08/23 09:00:00",BARCSF1,18.60
D,DISPATCH,UNIT_SCADA,1,"2019/08/23 09:00:00",BUTLERSG,9.699999
D,DISPATCH,UNIT_SCADA,1,"2019/08/23 09:00:00",CALL_A_4,0
D,DISPATCH,UNIT_SCADA,1,"2019/08/23 09:00:00",CAPTL_WF,0
D,DISPATCH,UNIT_SCADA,1,"2019/08/23 09:00:00",CATHROCK,51.979996
D,DISPATCH,UNIT_SCADA,1,"2019/08/23 09:00:00",CHALLHWF,0.10
D,DISPATCH,UNIT_SCADA,1,"2019/08/23 09:00:00",CLOVER,-0.01
D,DISPATCH,UNIT_SCADA,1,"2019/08/23 09:00:00",CLUNY,20.373999
D,DISPATCH,UNIT_SCADA,1,"2019/08/23 09:00:00",CNUNDAWF,6.107124
D,DISPATCH,UNIT_SCADA,1,"2019/08/23 09:00:00",CULLRGWF,-0.06
D,DISPATCH,UNIT_SCADA,1,"2019/08/23 09:00:00",ERGT01,0
D,DISPATCH,UNIT_SCADA,1,"2019/08/23 09:00:00",GB01,0.058746
D,DISPATCH,UNIT_SCADA,1,"2019/08/23 09:00:00",GERMCRK,35.700001
D,DISPATCH,UNIT_SCADA,1,"2019/08/23 09:00:00",GRIFSF1,25
D,DISPATCH,UNIT_SCADA,1,"2019/08/23 09:00:00",HUGSF1,8.9320
D,DISPATCH,UNIT_SCADA,1,"2019/08/23 09:00:00",LKBONNY1,6.787512
D,DISPATCH,UNIT_SCADA,1,"2019/08/23 09:00:00",LRSF1,-0.0130
D,DISPATCH,UNIT_SCADA,1,"2019/08/23 09:00:00",MBAHNTH,55.724991
D,DISPATCH,UNIT_SCADA,1,"2019/08/23 09:00:00",MLSP1,8.184001
D,DISPATCH,UNIT_SCADA,1,"2019/08/23 09:00:00",MLWF1,7.1550
D,DISPATCH,UNIT_SCADA,1,"2019/08/23 09:00:00",MTMILLAR,35.056019
D,DISPATCH,UNIT_SCADA,1,"2019/08/23 09:00:00",PALOONA,30.349998
D,DISPATCH,UNIT_SCADA,1,"2019/08/23 09:00:00",PIONEER,46.50
D,DISPATCH,UNIT_SCADA,1,"2019/08/23 09:00:00",PORTWF,51
D,DISPATCH,UNIT_SCADA,1,"2019/08/23 09:00:00",REPULSE,28.827955
D,DISPATCH,UNIT_SCADA,1,"2019/08/23 09:00:00",ROWALLAN,10.4370
D,DISPATCH,UNIT_SCADA,1,"2019/08/23 09:00:00",ROYALLA1,13.908001
D,DISPATCH,UNIT_SCADA,1,"2019/08/23 09:00:00",RPCG,10.70
D,DISPATCH,UNIT_SCADA,1,"2019/08/23 09:00:00",RUBICON,0
D,DISPATCH,UNIT_SCADA,1,"2019/08/23 09:00:00",SATGN1,0
D,DISPATCH,UNIT_SCADA,1,"2019/08/23 09:00:00",SATGS1,0
D,DISPATCH,UNIT_SCADA,1,"2019/08/23 09:00:00",STARHLWF,12.296414
D,DISPATCH,UNIT_SCADA,1,"2019/08/23 09:00:00",WAUBRAWF,0
D,DISPATCH,UNIT_SCADA,1,"2019/08/23 09:00:00",WOOLNTH1,34.850014
D,DISPATCH,UNIT_SCADA,1,"2019/08/23 09:00:00",WPWF,19
D,DISPATCH,UNIT_SCADA,1,"2019/08/23 09:00:00",YAMBUKWF,4.90
D,DISPATCH,UNIT_SCADA,1,"2019/08/23 09:00:00",YSWF1,4.70
D,DISPATCH,UNIT_SCADA,1,"2019/08/23 09:00:00",AGLHAL,0
D,DISPATCH,UNIT_SCADA,1,"2019/08/23 09:00:00",AGLSOM,0
D,DISPATCH,UNIT_SCADA,1,"2019/08/23 09:00:00",ANGAST1,0
D,DISPATCH,UNIT_SCADA,1,"2019/08/23 09:00:00",ARWF1,-0.30
D,DISPATCH,UNIT_SCADA,1,"2019/08/23 09:00:00",BALBG1,0
D,DISPATCH,UNIT_SCADA,1,"2019/08/23 09:00:00",BALBL1,0
D,DISPATCH,UNIT_SCADA,1,"2019/08/23 09:00:00",BALDHWF1,17.0670
D,DISPATCH,UNIT_SCADA,1,"2019/08/23 09:00:00",BANN1,60.05
D,DISPATCH,UNIT_SCADA,1,"2019/08/23 09:00:00",BARCALDN,0
D,DISPATCH,UNIT_SCADA,1,"2019/08/23 09:00:00",BARRON-1,0
D,DISPATCH,UNIT_SCADA,1,"2019/08/23 09:00:00",BARRON-2,28.36
D,DISPATCH,UNIT_SCADA,1,"2019/08/23 09:00:00",BASTYAN,77.77
D,DISPATCH,UNIT_SCADA,1,"2019/08/23 09:00:00",BBTHREE1,0
D,DISPATCH,UNIT_SCADA,1,"2019/08/23 09:00:00",BBTHREE2,0
D,DISPATCH,UNIT_SCADA,1,"2019/08/23 09:00:00",BBTHREE3,0
D,DISPATCH,UNIT_SCADA,1,"2019/08/23 09:00:00",BDL01,42.30
D,DISPATCH,UNIT_SCADA,1,"2019/08/23 09:00:00",BDL02,45.12
D,DISPATCH,UNIT_SCADA,1,"2019/08/23 09:00:00",BERYLSF1,68.691940
D,DISPATCH,UNIT_SCADA,1,"2019/08/23 09:00:00",BLOWERNG,0
D,DISPATCH,UNIT_SCADA,1,"2019/08/23 09:00:00",BLUFF1,26.80
D,DISPATCH,UNIT_SCADA,1,"2019/08/23 09:00:00",BNGSF1,84.31
D,DISPATCH,UNIT_SCADA,1,"2019/08/23 09:00:00",BNGSF2,19.99
D,DISPATCH,UNIT_SCADA,1,"2019/08/23 09:00:00",BOCORWF1,9.31
D,DISPATCH,UNIT_SCADA,1,"2019/08/23 09:00:00",BODWF1,55.628640
D,DISPATCH,UNIT_SCADA,1,"2019/08/23 09:00:00",BRAEMAR1,0
D,DISPATCH,UNIT_SCADA,1,"2019/08/23 09:00:00",BRAEMAR2,0
D,DISPATCH,UNIT_SCADA,1,"2019/08/23 09:00:00",BRAEMAR3,0
D,DISPATCH,UNIT_SCADA,1,"2019/08/23 09:00:00",BRAEMAR5,0
D,DISPATCH,UNIT_SCADA,1,"2019/08/23 09:00:00",BRAEMAR6,0
D,DISPATCH,UNIT_SCADA,1,"2019/08/23 09:00:00",BRAEMAR7,0
D,DISPATCH,UNIT_SCADA,1,"2019/08/23 09:00:00",BROKENH1,29.3877
D,DISPATCH,UNIT_SCADA,1,"2019/08/23 09:00:00",BW01,653.6250
D,DISPATCH,UNIT_SCADA,1,"2019/08/23 09:00:00",BW02,660.949950
D,DISPATCH,UNIT_SCADA,1,"2019/08/23 09:00:00",BW03,658.474980
D,DISPATCH,UNIT_SCADA,1,"2019/08/23 09:00:00",BW04,0
D,DISPATCH,UNIT_SCADA,1,"2019/08/23 09:00:00",CALL_B_1,349.300020
D,DISPATCH,UNIT_SCADA,1,"2019/08/23 09:00:00",CALL_B_2,348.899990
D,DISPATCH,UNIT_SCADA,1,"2019/08/23 09:00:00",CETHANA,97.585750
D,DISPATCH,UNIT_SCADA,1,"2019/08/23 09:00:00",CG1,0
D,DISPATCH,UNIT_SCADA,1,"2019/08/23 09:00:00",CG2,0
D,DISPATCH,UNIT_SCADA,1,"2019/08/23 09:00:00",CG3,0
D,DISPATCH,UNIT_SCADA,1,"2019/08/23 09:00:00",CG4,0
D,DISPATCH,UNIT_SCADA,1,"2019/08/23 09:00:00",CHILDSF1,15
D,DISPATCH,UNIT_SCADA,1,"2019/08/23 09:00:00",CLARESF1,33.465340
D,DISPATCH,UNIT_SCADA,1,"2019/08/23 09:00:00",CLEMGPWF,9.292520
D,DISPATCH,UNIT_SCADA,1,"2019/08/23 09:00:00",CLERMSF1,14.65
D,DISPATCH,UNIT_SCADA,1,"2019/08/23 09:00:00",COLEASF1,109.199990
D,DISPATCH,UNIT_SCADA,1,"2019/08/23 09:00:00",COOPGWF1,12.686040
D,DISPATCH,UNIT_SCADA,1,"2019/08/23 09:00:00",CPP_3,406.175020
D,DISPATCH,UNIT_SCADA,1,"2019/08/23 09:00:00",CPP_4,404.800020
D,DISPATCH,UNIT_SCADA,1,"2019/08/23 09:00:00",CPSA,141.709990
D,DISPATCH,UNIT_SCADA,1,"2019/08/23 09:00:00",CROOKWF2,1.853750
D,DISPATCH,UNIT_SCADA,1,"2019/08/23 09:00:00",CROWLWF1,1.063870
D,DISPATCH,UNIT_SCADA,1,"2019/08/23 09:00:00",CSPVPS1,26.7330
D,DISPATCH,UNIT_SCADA,1,"2019/08/23 09:00:00",DALNTH01,0
D,DISPATCH,UNIT_SCADA,1,"2019/08/23 09:00:00",DALNTHL1,0.071720
D,DISPATCH,UNIT_SCADA,1,"2019/08/23 09:00:00",DARTM1,134.50
D,DISPATCH,UNIT_SCADA,1,"2019/08/23 09:00:00",DAYDSF1,115.054010
D,DISPATCH,UNIT_SCADA,1,"2019/08/23 09:00:00",DDPS1,69.488820
D,DISPATCH,UNIT_SCADA,1,"2019/08/23 09:00:00",DDSF1,78.311420
D,DISPATCH,UNIT_SCADA,1,"2019/08/23 09:00:00",DEVILS_G,0
D,DISPATCH,UNIT_SCADA,1,"2019/08/23 09:00:00",DG_NSW1,0
D,DISPATCH,UNIT_SCADA,1,"2019/08/23 09:00:00",DG_QLD1,0
D,DISPATCH,UNIT_SCADA,1,"2019/08/23 09:00:00",DG_SA1,0
D,DISPATCH,UNIT_SCADA,1,"2019/08/23 09:00:00",DG_TAS1,0
D,DISPATCH,UNIT_SCADA,1,"2019/08/23 09:00:00",DG_VIC1,0
D,DISPATCH,UNIT_SCADA,1,"2019/08/23 09:00:00",DRYCGT1,0
D,DISPATCH,UNIT_SCADA,1,"2019/08/23 09:00:00",DRYCGT2,0
D,DISPATCH,UNIT_SCADA,1,"2019/08/23 09:00:00",DRYCGT3,0
D,DISPATCH,UNIT_SCADA,1,"2019/08/23 09:00:00",EILDON1,0
D,DISPATCH,UNIT_SCADA,1,"2019/08/23 09:00:00",EILDON2,0
D,DISPATCH,UNIT_SCADA,1,"2019/08/23 09:00:00",EMERASF1,58.41
D,DISPATCH,UNIT_SCADA,1,"2019/08/23 09:00:00",ER01,593.299930
D,DISPATCH,UNIT_SCADA,1,"2019/08/23 09:00:00",ER02,698.800050
D,DISPATCH,UNIT_SCADA,1,"2019/08/23 09:00:00",ER03,699.25
D,DISPATCH,UNIT_SCADA,1,"2019/08/23 09:00:00",ER04,618.949950
D,DISPATCH,UNIT_SCADA,1,"2019/08/23 09:00:00",FINLYSF1,1.414130
D,DISPATCH,UNIT_SCADA,1,"2019/08/23 09:00:00",FISHER,45.86
D,DISPATCH,UNIT_SCADA,1,"2019/08/23 09:00:00",GANNBG1,0
D,DISPATCH,UNIT_SCADA,1,"2019/08/23 09:00:00",GANNBL1,0.004530
D,DISPATCH,UNIT_SCADA,1,"2019/08/23 09:00:00",GANNSF1,41.50
D,DISPATCH,UNIT_SCADA,1,"2019/08/23 09:00:00",GORDON,70.7224
D,DISPATCH,UNIT_SCADA,1,"2019/08/23 09:00:00",GSTONE1,163.6250
D,DISPATCH,UNIT_SCADA,1,"2019/08/23 09:00:00",GSTONE2,149.974990
D,DISPATCH,UNIT_SCADA,1,"2019/08/23 09:00:00",GSTONE3,171.50
D,DISPATCH,UNIT_SCADA,1,"2019/08/23 09:00:00",GSTONE4,171.149990
D,DISPATCH,UNIT_SCADA,1,"2019/08/23 09:00:00",GSTONE5,161.349990
D,DISPATCH,UNIT_SCADA,1,"2019/08/23 09:00:00",GSTONE6,0
D,DISPATCH,UNIT_SCADA,1,"2019/08/23 09:00:00",GULLRSF1,8.406770
D,DISPATCH,UNIT_SCADA,1,"2019/08/23 09:00:00",GULLRWF1,8.416990
D,DISPATCH,UNIT_SCADA,1,"2019/08/23 09:00:00",GUNNING1,0.221710
D,DISPATCH,UNIT_SCADA,1,"2019/08/23 09:00:00",GUTHEGA,0
D,DISPATCH,UNIT_SCADA,1,"2019/08/23 09:00:00",HALLWF1,22.63
D,DISPATCH,UNIT_SCADA,1,"2019/08/23 09:00:00",HALLWF2,39.03
D,DISPATCH,UNIT_SCADA,1,"2019/08/23 09:00:00",HAMISF1,45.40
D,DISPATCH,UNIT_SCADA,1,"2019/08/23 09:00:00",HAUGHT11,49.983490
D,DISPATCH,UNIT_SCADA,1,"2019/08/23 09:00:00",HAYMSF1,40.8990
D,DISPATCH,UNIT_SCADA,1,"2019/08/23 09:00:00",HDWF1,61
D,DISPATCH,UNIT_SCADA,1,"2019/08/23 09:00:00",HDWF2,63.70
D,DISPATCH,UNIT_SCADA,1,"2019/08/23 09:00:00",HDWF3,56.40
D,DISPATCH,UNIT_SCADA,1,"2019/08/23 09:00:00",HPRG1,0
D,DISPATCH,UNIT_SCADA,1,"2019/08/23 09:00:00",HPRL1,0.20
D,DISPATCH,UNIT_SCADA,1,"2019/08/23 09:00:00",HUMENSW,0
D,DISPATCH,UNIT_SCADA,1,"2019/08/23 09:00:00",HUMEV,8.80
D,DISPATCH,UNIT_SCADA,1,"2019/08/23 09:00:00",HVGTS,0
D,DISPATCH,UNIT_SCADA,1,"2019/08/23 09:00:00",JBUTTERS,140.539990
D,DISPATCH,UNIT_SCADA,1,"2019/08/23 09:00:00",JLA01,39.80
D,DISPATCH,UNIT_SCADA,1,"2019/08/23 09:00:00",JLA02,0
D,DISPATCH,UNIT_SCADA,1,"2019/08/23 09:00:00",JLA03,0.10
D,DISPATCH,UNIT_SCADA,1,"2019/08/23 09:00:00",JLA04,0.10
D,DISPATCH,UNIT_SCADA,1,"2019/08/23 09:00:00",JLB01,0
D,DISPATCH,UNIT_SCADA,1,"2019/08/23 09:00:00",JLB02,83.40
D,DISPATCH,UNIT_SCADA,1,"2019/08/23 09:00:00",JLB03,49.30
D,DISPATCH,UNIT_SCADA,1,"2019/08/23 09:00:00",KAREEYA1,21.57
D,DISPATCH,UNIT_SCADA,1,"2019/08/23 09:00:00",KAREEYA2,21.8475
D,DISPATCH,UNIT_SCADA,1,"2019/08/23 09:00:00",KAREEYA3,0
D,DISPATCH,UNIT_SCADA,1,"2019/08/23 09:00:00",KAREEYA4,21.8025
D,DISPATCH,UNIT_SCADA,1,"2019/08/23 09:00:00",KARSF1,78.90
D,DISPATCH,UNIT_SCADA,1,"2019/08/23 09:00:00",KIATAWF1,10.90
D,DISPATCH,UNIT_SCADA,1,"2019/08/23 09:00:00",KPP_1,0
D,DISPATCH,UNIT_SCADA,1,"2019/08/23 09:00:00",KSP1,47.32
D,DISPATCH,UNIT_SCADA,1,"2019/08/23 09:00:00",LADBROK1,43.14
D,DISPATCH,UNIT_SCADA,1,"2019/08/23 09:00:00",LADBROK2,42.51
D,DISPATCH,UNIT_SCADA,1,"2019/08/23 09:00:00",LD01,413.831270
D,DISPATCH,UNIT_SCADA,1,"2019/08/23 09:00:00",LD02,297.918730
D,DISPATCH,UNIT_SCADA,1,"2019/08/23 09:00:00",LD03,415.518770
D,DISPATCH,UNIT_SCADA,1,"2019/08/23 09:00:00",LD04,374.568790
D,DISPATCH,UNIT_SCADA,1,"2019/08/23 09:00:00",LEM_WIL,86.199250
D,DISPATCH,UNIT_SCADA,1,"2019/08/23 09:00:00",LGAPWF1,26.51
D,DISPATCH,UNIT_SCADA,1,"2019/08/23 09:00:00",LILYSF1,92.798970
D,DISPATCH,UNIT_SCADA,1,"2019/08/23 09:00:00",LI_WY_CA,149.600590
D,DISPATCH,UNIT_SCADA,1,"2019/08/23 09:00:00",LKBONNY2,24.917090
D,DISPATCH,UNIT_SCADA,1,"2019/08/23 09:00:00",LKBONNY3,8.3733
D,DISPATCH,UNIT_SCADA,1,"2019/08/23 09:00:00",LK_ECHO,0
D,DISPATCH,UNIT_SCADA,1,"2019/08/23 09:00:00",LNGS1,0
D,DISPATCH,UNIT_SCADA,1,"2019/08/23 09:00:00",LNGS2,0
D,DISPATCH,UNIT_SCADA,1,"2019/08/23 09:00:00",LONSDALE,0
D,DISPATCH,UNIT_SCADA,1,"2019/08/23 09:00:00",LOYYB1,535.712650
D,DISPATCH,UNIT_SCADA,1,"2019/08/23 09:00:00",LOYYB2,582.7063
D,DISPATCH,UNIT_SCADA,1,"2019/08/23 09:00:00",LYA1,559
D,DISPATCH,UNIT_SCADA,1,"2019/08/23 09:00:00",LYA2,0
D,DISPATCH,UNIT_SCADA,1,"2019/08/23 09:00:00",LYA3,560
D,DISPATCH,UNIT_SCADA,1,"2019/08/23 09:00:00",LYA4,540
D,DISPATCH,UNIT_SCADA,1,"2019/08/23 09:00:00",MACARTH1,75.998250
D,DISPATCH,UNIT_SCADA,1,"2019/08/23 09:00:00",MACKAYGT,0
D,DISPATCH,UNIT_SCADA,1,"2019/08/23 09:00:00",MACKNTSH,87.420010
D,DISPATCH,UNIT_SCADA,1,"2019/08/23 09:00:00",MANSLR1,36.0110
D,DISPATCH,UNIT_SCADA,1,"2019/08/23 09:00:00",MCKAY1,0.02
D,DISPATCH,UNIT_SCADA,1,"2019/08/23 09:00:00",MEADOWBK,33.895880
D,DISPATCH,UNIT_SCADA,1,"2019/08/23 09:00:00",MERCER01,11.41
D,DISPATCH,UNIT_SCADA,1,"2019/08/23 09:00:00",MEWF1,96.129020
D,DISPATCH,UNIT_SCADA,1,"2019/08/23 09:00:00",MINTARO,0
D,DISPATCH,UNIT_SCADA,1,"2019/08/23 09:00:00",MOREESF1,51.3480
D,DISPATCH,UNIT_SCADA,1,"2019/08/23 09:00:00",MORTLK11,259
D,DISPATCH,UNIT_SCADA,1,"2019/08/23 09:00:00",MORTLK12,0
D,DISPATCH,UNIT_SCADA,1,"2019/08/23 09:00:00",MP1,314.349980
D,DISPATCH,UNIT_SCADA,1,"2019/08/23 09:00:00",MP2,0
D,DISPATCH,UNIT_SCADA,1,"2019/08/23 09:00:00",MPP_1,405.25
D,DISPATCH,UNIT_SCADA,1,"2019/08/23 09:00:00",MPP_2,418.25
D,DISPATCH,UNIT_SCADA,1,"2019/08/23 09:00:00",MSTUART1,0
D,DISPATCH,UNIT_SCADA,1,"2019/08/23 09:00:00",MSTUART2,0
D,DISPATCH,UNIT_SCADA,1,"2019/08/23 09:00:00",MSTUART3,0
D,DISPATCH,UNIT_SCADA,1,"2019/08/23 09:00:00",MTGELWF1,17.2689
D,DISPATCH,UNIT_SCADA,1,"2019/08/23 09:00:00",MURRAY,673.176940
D,DISPATCH,UNIT_SCADA,1,"2019/08/23 09:00:00",MUSSELR1,128.099990
D,DISPATCH,UNIT_SCADA,1,"2019/08/23 09:00:00",MUWAWF1,6.92
D,DISPATCH,UNIT_SCADA,1,"2019/08/23 09:00:00",NBHWF1,77.10
D,DISPATCH,UNIT_SCADA,1,"2019/08/23 09:00:00",NPS,300.3750
D,DISPATCH,UNIT_SCADA,1,"2019/08/23 09:00:00",NUMURSF1,86.22
D,DISPATCH,UNIT_SCADA,1,"2019/08/23 09:00:00",NYNGAN1,66
D,DISPATCH,UNIT_SCADA,1,"2019/08/23 09:00:00",OAKEY1,0
D,DISPATCH,UNIT_SCADA,1,"2019/08/23 09:00:00",OAKEY1SF,20.1770
D,DISPATCH,UNIT_SCADA,1,"2019/08/23 09:00:00",OAKEY2,0
D,DISPATCH,UNIT_SCADA,1,"2019/08/23 09:00:00",OAKLAND1,1.90
D,DISPATCH,UNIT_SCADA,1,"2019/08/23 09:00:00",OSB-AG,141.83
D,DISPATCH,UNIT_SCADA,1,"2019/08/23 09:00:00",PARSF1,44.70
D,DISPATCH,UNIT_SCADA,1,"2019/08/23 09:00:00",POAT110,2.61
D,DISPATCH,UNIT_SCADA,1,"2019/08/23 09:00:00",POAT220,3.284160
D,DISPATCH,UNIT_SCADA,1,"2019/08/23 09:00:00",POR01,0
D,DISPATCH,UNIT_SCADA,1,"2019/08/23 09:00:00",POR03,0
D,DISPATCH,UNIT_SCADA,1,"2019/08/23 09:00:00",PPCCGT,501.0513
D,DISPATCH,UNIT_SCADA,1,"2019/08/23 09:00:00",PTSTAN1,0
D,DISPATCH,UNIT_SCADA,1,"2019/08/23 09:00:00",PUMP1,0
D,DISPATCH,UNIT_SCADA,1,"2019/08/23 09:00:00",PUMP2,0
D,DISPATCH,UNIT_SCADA,1,"2019/08/23 09:00:00",QPS1,29
D,DISPATCH,UNIT_SCADA,1,"2019/08/23 09:00:00",QPS2,0
D,DISPATCH,UNIT_SCADA,1,"2019/08/23 09:00:00",QPS3,0
D,DISPATCH,UNIT_SCADA,1,"2019/08/23 09:00:00",QPS4,0
D,DISPATCH,UNIT_SCADA,1,"2019/08/23 09:00:00",QPS5,125.13
D,DISPATCH,UNIT_SCADA,1,"2019/08/23 09:00:00",REECE1,118.160010
D,DISPATCH,UNIT_SCADA,1,"2019/08/23 09:00:00",REECE2,118.760010
D,DISPATCH,UNIT_SCADA,1,"2019/08/23 09:00:00",ROMA_7,0
D,DISPATCH,UNIT_SCADA,1,"2019/08/23 09:00:00",ROMA_8,0
D,DISPATCH,UNIT_SCADA,1,"2019/08/23 09:00:00",RRSF1,106.413480
D,DISPATCH,UNIT_SCADA,1,"2019/08/23 09:00:00",RT_NSW1,0
D,DISPATCH,UNIT_SCADA,1,"2019/08/23 09:00:00",RT_NSW2,0
D,DISPATCH,UNIT_SCADA,1,"2019/08/23 09:00:00",RT_NSW3,0
D,DISPATCH,UNIT_SCADA,1,"2019/08/23 09:00:00",RT_NSW4,0
D,DISPATCH,UNIT_SCADA,1,"2019/08/23 09:00:00",RT_NSW5,0
D,DISPATCH,UNIT_SCADA,1,"2019/08/23 09:00:00",RT_NSW6,0
D,DISPATCH,UNIT_SCADA,1,"2019/08/23 09:00:00",RT_QLD1,0
D,DISPATCH,UNIT_SCADA,1,"2019/08/23 09:00:00",RT_SA1,0
D,DISPATCH,UNIT_SCADA,1,"2019/08/23 09:00:00",RT_SA2,0
D,DISPATCH,UNIT_SCADA,1,"2019/08/23 09:00:00",RT_SA3,0
D,DISPATCH,UNIT_SCADA,1,"2019/08/23 09:00:00",RT_SA4,0
D,DISPATCH,UNIT_SCADA,1,"2019/08/23 09:00:00",RT_SA5,0
D,DISPATCH,UNIT_SCADA,1,"2019/08/23 09:00:00",RT_SA6,0
D,DISPATCH,UNIT_SCADA,1,"2019/08/23 09:00:00",RT_TAS1,0
D,DISPATCH,UNIT_SCADA,1,"2019/08/23 09:00:00",RT_VIC1,0
D,DISPATCH,UNIT_SCADA,1,"2019/08/23 09:00:00",RT_VIC10,0
D,DISPATCH,UNIT_SCADA,1,"2019/08/23 09:00:00",RT_VIC11,0
D,DISPATCH,UNIT_SCADA,1,"2019/08/23 09:00:00",RT_VIC12,0
D,DISPATCH,UNIT_SCADA,1,"2019/08/23 09:00:00",RT_VIC2,0
D,DISPATCH,UNIT_SCADA,1,"2019/08/23 09:00:00",RT_VIC3,0
D,DISPATCH,UNIT_SCADA,1,"2019/08/23 09:00:00",RT_VIC4,0
D,DISPATCH,UNIT_SCADA,1,"2019/08/23 09:00:00",RT_VIC5,0
D,DISPATCH,UNIT_SCADA,1,"2019/08/23 09:00:00",RT_VIC6,0
D,DISPATCH,UNIT_SCADA,1,"2019/08/23 09:00:00",RT_VIC7,0
D,DISPATCH,UNIT_SCADA,1,"2019/08/23 09:00:00",RT_VIC8,0
D,DISPATCH,UNIT_SCADA,1,"2019/08/23 09:00:00",RT_VIC9,0
D,DISPATCH,UNIT_SCADA,1,"2019/08/23 09:00:00",RUGBYR1,61.122560
D,DISPATCH,UNIT_SCADA,1,"2019/08/23 09:00:00",SALTCRK1,7.41
D,DISPATCH,UNIT_SCADA,1,"2019/08/23 09:00:00",SAPHWF1,10.162510
D,DISPATCH,UNIT_SCADA,1,"2019/08/23 09:00:00",SHGEN,9.971880
D,DISPATCH,UNIT_SCADA,1,"2019/08/23 09:00:00",SHPUMP,0
D,DISPATCH,UNIT_SCADA,1,"2019/08/23 09:00:00",SITHE01,0.173950
D,DISPATCH,UNIT_SCADA,1,"2019/08/23 09:00:00",SMCSF1,58.706950
D,DISPATCH,UNIT_SCADA,1,"2019/08/23 09:00:00",SNOWNTH1,36.70
D,DISPATCH,UNIT_SCADA,1,"2019/08/23 09:00:00",SNOWSTH1,35.90
D,DISPATCH,UNIT_SCADA,1,"2019/08/23 09:00:00",SNOWTWN1,35.632430
D,DISPATCH,UNIT_SCADA,1,"2019/08/23 09:00:00",SNOWYP,0
D,DISPATCH,UNIT_SCADA,1,"2019/08/23 09:00:00",SNUG1,0.019440
D,DISPATCH,UNIT_SCADA,1,"2019/08/23 09:00:00",SRSF1,19.22
D,DISPATCH,UNIT_SCADA,1,"2019/08/23 09:00:00",STAN-1,0
D,DISPATCH,UNIT_SCADA,1,"2019/08/23 09:00:00",STAN-2,322.226680
D,DISPATCH,UNIT_SCADA,1,"2019/08/23 09:00:00",STAN-3,324.059630
D,DISPATCH,UNIT_SCADA,1,"2019/08/23 09:00:00",STAN-4,321.701140
D,DISPATCH,UNIT_SCADA,1,"2019/08/23 09:00:00",STWF1,12.2850
D,DISPATCH,UNIT_SCADA,1,"2019/08/23 09:00:00",SWAN_E,0
D,DISPATCH,UNIT_SCADA,1,"2019/08/23 09:00:00",TALWA1,428
D,DISPATCH,UNIT_SCADA,1,"2019/08/23 09:00:00",TARALGA1,0
D,DISPATCH,UNIT_SCADA,1,"2019/08/23 09:00:00",TARONG#1,309.899990
D,DISPATCH,UNIT_SCADA,1,"2019/08/23 09:00:00",TARONG#2,141.20
D,DISPATCH,UNIT_SCADA,1,"2019/08/23 09:00:00",TARONG#3,259.899990
D,DISPATCH,UNIT_SCADA,1,"2019/08/23 09:00:00",TARONG#4,309.100010
D,DISPATCH,UNIT_SCADA,1,"2019/08/23 09:00:00",TARRALEA,82.10
D,DISPATCH,UNIT_SCADA,1,"2019/08/23 09:00:00",TBSF1,37.90
D,DISPATCH,UNIT_SCADA,1,"2019/08/23 09:00:00",TNPS1,441.700010
D,DISPATCH,UNIT_SCADA,1,"2019/08/23 09:00:00",TORRA1,102.824530
D,DISPATCH,UNIT_SCADA,1,"2019/08/23 09:00:00",TORRA2,49.497730
D,DISPATCH,UNIT_SCADA,1,"2019/08/23 09:00:00",TORRA3,0
D,DISPATCH,UNIT_SCADA,1,"2019/08/23 09:00:00",TORRA4,0
D,DISPATCH,UNIT_SCADA,1,"2019/08/23 09:00:00",TORRB1,0
D,DISPATCH,UNIT_SCADA,1,"2019/08/23 09:00:00",TORRB2,157.67
D,DISPATCH,UNIT_SCADA,1,"2019/08/23 09:00:00",TORRB3,0
D,DISPATCH,UNIT_SCADA,1,"2019/08/23 09:00:00",TORRB4,0
D,DISPATCH,UNIT_SCADA,1,"2019/08/23 09:00:00",TREVALLN,88.030030
D,DISPATCH,UNIT_SCADA,1,"2019/08/23 09:00:00",TRIBUTE,84.759990
D,DISPATCH,UNIT_SCADA,1,"2019/08/23 09:00:00",TUMUT3,0
D,DISPATCH,UNIT_SCADA,1,"2019/08/23 09:00:00",TUNGATIN,139.700030
D,DISPATCH,UNIT_SCADA,1,"2019/08/23 09:00:00",TVCC201,0
D,DISPATCH,UNIT_SCADA,1,"2019/08/23 09:00:00",TVPP104,57.8461
D,DISPATCH,UNIT_SCADA,1,"2019/08/23 09:00:00",UPPTUMUT,0
D,DISPATCH,UNIT_SCADA,1,"2019/08/23 09:00:00",URANQ11,0
D,DISPATCH,UNIT_SCADA,1,"2019/08/23 09:00:00",URANQ12,0
D,DISPATCH,UNIT_SCADA,1,"2019/08/23 09:00:00",URANQ13,0
D,DISPATCH,UNIT_SCADA,1,"2019/08/23 09:00:00",URANQ14,0
D,DISPATCH,UNIT_SCADA,1,"2019/08/23 09:00:00",VP5,604.1250
D,DISPATCH,UNIT_SCADA,1,"2019/08/23 09:00:00",VP6,450.724980
D,DISPATCH,UNIT_SCADA,1,"2019/08/23 09:00:00",VPGS1,0
D,DISPATCH,UNIT_SCADA,1,"2019/08/23 09:00:00",VPGS2,0
D,DISPATCH,UNIT_SCADA,1,"2019/08/23 09:00:00",VPGS3,0
D,DISPATCH,UNIT_SCADA,1,"2019/08/23 09:00:00",VPGS4,0
D,DISPATCH,UNIT_SCADA,1,"2019/08/23 09:00:00",VPGS5,0
D,DISPATCH,UNIT_SCADA,1,"2019/08/23 09:00:00",VPGS6,0
D,DISPATCH,UNIT_SCADA,1,"2019/08/23 09:00:00",W/HOE#1,0
D,DISPATCH,UNIT_SCADA,1,"2019/08/23 09:00:00",W/HOE#2,0
D,DISPATCH,UNIT_SCADA,1,"2019/08/23 09:00:00",WATERLWF,36.20
D,DISPATCH,UNIT_SCADA,1,"2019/08/23 09:00:00",WEMENSF1,74.60
D,DISPATCH,UNIT_SCADA,1,"2019/08/23 09:00:00",WGWF1,54.80
D,DISPATCH,UNIT_SCADA,1,"2019/08/23 09:00:00",WHITSF1,44.30
D,DISPATCH,UNIT_SCADA,1,"2019/08/23 09:00:00",WKIEWA1,0
D,DISPATCH,UNIT_SCADA,1,"2019/08/23 09:00:00",WKIEWA2,8
D,DISPATCH,UNIT_SCADA,1,"2019/08/23 09:00:00",WOODLWN1,0
D,DISPATCH,UNIT_SCADA,1,"2019/08/23 09:00:00",WRSF1,15.83
D,DISPATCH,UNIT_SCADA,1,"2019/08/23 09:00:00",WRWF1,19.607510
D,DISPATCH,UNIT_SCADA,1,"2019/08/23 09:00:00",YABULU,0
D,DISPATCH,UNIT_SCADA,1,"2019/08/23 09:00:00",YABULU2,0
D,DISPATCH,UNIT_SCADA,1,"2019/08/23 09:00:00",YARWUN_1,0
D,DISPATCH,UNIT_SCADA,1,"2019/08/23 09:00:00",YENDWF1,14.95
D,DISPATCH,UNIT_SCADA,1,"2019/08/23 09:00:00",YWPS1,376.691130
D,DISPATCH,UNIT_SCADA,1,"2019/08/23 09:00:00",YWPS2,276.6886
D,DISPATCH,UNIT_SCADA,1,"2019/08/23 09:00:00",YWPS3,0
D,DISPATCH,UNIT_SCADA,1,"2019/08/23 09:00:00",YWPS4,0
C,"END OF REPORT",334
