C,NEMP.WORLD,DISPATCHSCADA,AEMO,PUBLIC,2019/09/04,21:55:07,0000000312398243,DISPATCHSCADA,0000000312398237
I,DISPATCH,UNIT_SCADA,1,SETTLEMENTDATE,DUID,SCADAVALUE
D,DISPATCH,UNIT_SCADA,1,"2019/09/04 22:00:00",BARCSF1,0
D,DISPATCH,UNIT_SCADA,1,"2019/09/04 22:00:00",BUTLERSG,10.199999
D,DISPATCH,UNIT_SCADA,1,"2019/09/04 22:00:00",CALL_A_4,0
D,DISPATCH,UNIT_SCADA,1,"2019/09/04 22:00:00",CAPTL_WF,80.080002
D,DISPATCH,UNIT_SCADA,1,"2019/09/04 22:00:00",CATHROCK,0
D,DISPATCH,UNIT_SCADA,1,"2019/09/04 22:00:00",CHALLHWF,0
D,DISPATCH,UNIT_SCADA,1,"2019/09/04 22:00:00",CLOVER,-0.01
D,DISPATCH,UNIT_SCADA,1,"2019/09/04 22:00:00",CLUNY,10.043946
D,DISPATCH,UNIT_SCADA,1,"2019/09/04 22:00:00",CNUNDAWF,0
D,DISPATCH,UNIT_SCADA,1,"2019/09/04 22:00:00",CULLRGWF,15.69
D,DISPATCH,UNIT_SCADA,1,"2019/09/04 22:00:00",ERGT01,0
D,DISPATCH,UNIT_SCADA,1,"2019/09/04 22:00:00",GB01,0.016678
D,DISPATCH,UNIT_SCADA,1,"2019/09/04 22:00:00",GERMCRK,38.599998
D,DISPATCH,UNIT_SCADA,1,"2019/09/04 22:00:00",GRIFSF1,0
D,DISPATCH,UNIT_SCADA,1,"2019/09/04 22:00:00",HUGSF1,-0.19
D,DISPATCH,UNIT_SCADA,1,"2019/09/04 22:00:00",LKBONNY1,-0.270719
D,DISPATCH,UNIT_SCADA,1,"2019/09/04 22:00:00",LRSF1,-0.0310
D,DISPATCH,UNIT_SCADA,1,"2019/09/04 22:00:00",MBAHNTH,27.843750
D,DISPATCH,UNIT_SCADA,1,"2019/09/04 22:00:00",MLSP1,0.366001
D,DISPATCH,UNIT_SCADA,1,"2019/09/04 22:00:00",MLWF1,1.2750
D,DISPATCH,UNIT_SCADA,1,"2019/09/04 22:00:00",MTMILLAR,10.417836
D,DISPATCH,UNIT_SCADA,1,"2019/09/04 22:00:00",PALOONA,16.76
D,DISPATCH,UNIT_SCADA,1,"2019/09/04 22:00:00",PIONEER,43.700001
D,DISPATCH,UNIT_SCADA,1,"2019/09/04 22:00:00",PORTWF,-0.30
D,DISPATCH,UNIT_SCADA,1,"2019/09/04 22:00:00",REPULSE,20.281681
D,DISPATCH,UNIT_SCADA,1,"2019/09/04 22:00:00",ROWALLAN,10.3944
D,DISPATCH,UNIT_SCADA,1,"2019/09/04 22:00:00",ROYALLA1,0
D,DISPATCH,UNIT_SCADA,1,"2019/09/04 22:00:00",RPCG,2.30
D,DISPATCH,UNIT_SCADA,1,"2019/09/04 22:00:00",RUBICON,0
D,DISPATCH,UNIT_SCADA,1,"2019/09/04 22:00:00",SATGN1,0
D,DISPATCH,UNIT_SCADA,1,"2019/09/04 22:00:00",SATGS1,0
D,DISPATCH,UNIT_SCADA,1,"2019/09/04 22:00:00",STARHLWF,-0.099971
D,DISPATCH,UNIT_SCADA,1,"2019/09/04 22:00:00",WAUBRAWF,0
D,DISPATCH,UNIT_SCADA,1,"2019/09/04 22:00:00",WOOLNTH1,13.010015
D,DISPATCH,UNIT_SCADA,1,"2019/09/04 22:00:00",WPWF,0
D,DISPATCH,UNIT_SCADA,1,"2019/09/04 22:00:00",YAMBUKWF,-0.20
D,DISPATCH,UNIT_SCADA,1,"2019/09/04 22:00:00",YSWF1,0
D,DISPATCH,UNIT_SCADA,1,"2019/09/04 22:00:00",AGLHAL,0
D,DISPATCH,UNIT_SCADA,1,"2019/09/04 22:00:00",AGLSOM,120
D,DISPATCH,UNIT_SCADA,1,"2019/09/04 22:00:00",ANGAST1,0
D,DISPATCH,UNIT_SCADA,1,"2019/09/04 22:00:00",ARWF1,-1.10
D,DISPATCH,UNIT_SCADA,1,"2019/09/04 22:00:00",BALBG1,0
D,DISPATCH,UNIT_SCADA,1,"2019/09/04 22:00:00",BALBL1,27.81
D,DISPATCH,UNIT_SCADA,1,"2019/09/04 22:00:00",BALDHWF1,4.8860
D,DISPATCH,UNIT_SCADA,1,"2019/09/04 22:00:00",BANN1,0
D,DISPATCH,UNIT_SCADA,1,"2019/09/04 22:00:00",BARCALDN,0
D,DISPATCH,UNIT_SCADA,1,"2019/09/04 22:00:00",BARRON-1,32.64
D,DISPATCH,UNIT_SCADA,1,"2019/09/04 22:00:00",BARRON-2,0
D,DISPATCH,UNIT_SCADA,1,"2019/09/04 22:00:00",BASTYAN,79.990010
D,DISPATCH,UNIT_SCADA,1,"2019/09/04 22:00:00",BBTHREE1,0
D,DISPATCH,UNIT_SCADA,1,"2019/09/04 22:00:00",BBTHREE2,0
D,DISPATCH,UNIT_SCADA,1,"2019/09/04 22:00:00",BBTHREE3,0
D,DISPATCH,UNIT_SCADA,1,"2019/09/04 22:00:00",BDL01,44.04
D,DISPATCH,UNIT_SCADA,1,"2019/09/04 22:00:00",BDL02,44.10
D,DISPATCH,UNIT_SCADA,1,"2019/09/04 22:00:00",BERYLSF1,0
D,DISPATCH,UNIT_SCADA,1,"2019/09/04 22:00:00",BLOWERNG,11.10
D,DISPATCH,UNIT_SCADA,1,"2019/09/04 22:00:00",BLUFF1,0.70
D,DISPATCH,UNIT_SCADA,1,"2019/09/04 22:00:00",BNGSF1,0
D,DISPATCH,UNIT_SCADA,1,"2019/09/04 22:00:00",BNGSF2,0
D,DISPATCH,UNIT_SCADA,1,"2019/09/04 22:00:00",BOCORWF1,3.87
D,DISPATCH,UNIT_SCADA,1,"2019/09/04 22:00:00",BODWF1,39.692180
D,DISPATCH,UNIT_SCADA,1,"2019/09/04 22:00:00",BRAEMAR1,0
D,DISPATCH,UNIT_SCADA,1,"2019/09/04 22:00:00",BRAEMAR2,0
D,DISPATCH,UNIT_SCADA,1,"2019/09/04 22:00:00",BRAEMAR3,0
D,DISPATCH,UNIT_SCADA,1,"2019/09/04 22:00:00",BRAEMAR5,0
D,DISPATCH,UNIT_SCADA,1,"2019/09/04 22:00:00",BRAEMAR6,0
D,DISPATCH,UNIT_SCADA,1,"2019/09/04 22:00:00",BRAEMAR7,0
D,DISPATCH,UNIT_SCADA,1,"2019/09/04 22:00:00",BROKENH1,0
D,DISPATCH,UNIT_SCADA,1,"2019/09/04 22:00:00",BW01,541.1250
D,DISPATCH,UNIT_SCADA,1,"2019/09/04 22:00:00",BW02,608.8750
D,DISPATCH,UNIT_SCADA,1,"2019/09/04 22:00:00",BW03,618.400020
D,DISPATCH,UNIT_SCADA,1,"2019/09/04 22:00:00",BW04,0
D,DISPATCH,UNIT_SCADA,1,"2019/09/04 22:00:00",CALL_B_1,349
D,DISPATCH,UNIT_SCADA,1,"2019/09/04 22:00:00",CALL_B_2,350
D,DISPATCH,UNIT_SCADA,1,"2019/09/04 22:00:00",CETHANA,79.2640
D,DISPATCH,UNIT_SCADA,1,"2019/09/04 22:00:00",CG1,0
D,DISPATCH,UNIT_SCADA,1,"2019/09/04 22:00:00",CG2,0
D,DISPATCH,UNIT_SCADA,1,"2019/09/04 22:00:00",CG3,0
D,DISPATCH,UNIT_SCADA,1,"2019/09/04 22:00:00",CG4,0
D,DISPATCH,UNIT_SCADA,1,"2019/09/04 22:00:00",CHILDSF1,0
D,DISPATCH,UNIT_SCADA,1,"2019/09/04 22:00:00",CLARESF1,0
D,DISPATCH,UNIT_SCADA,1,"2019/09/04 22:00:00",CLEMGPWF,5.186520
D,DISPATCH,UNIT_SCADA,1,"2019/09/04 22:00:00",CLERMSF1,0
D,DISPATCH,UNIT_SCADA,1,"2019/09/04 22:00:00",COLEASF1,0
D,DISPATCH,UNIT_SCADA,1,"2019/09/04 22:00:00",COOPGWF1,27.214560
D,DISPATCH,UNIT_SCADA,1,"2019/09/04 22:00:00",CPP_3,405.899990
D,DISPATCH,UNIT_SCADA,1,"2019/09/04 22:00:00",CPP_4,408.3750
D,DISPATCH,UNIT_SCADA,1,"2019/09/04 22:00:00",CPSA,143.173130
D,DISPATCH,UNIT_SCADA,1,"2019/09/04 22:00:00",CROOKWF2,76.303740
D,DISPATCH,UNIT_SCADA,1,"2019/09/04 22:00:00",CROWLWF1,0.008130
D,DISPATCH,UNIT_SCADA,1,"2019/09/04 22:00:00",CSPVPS1,0
D,DISPATCH,UNIT_SCADA,1,"2019/09/04 22:00:00",DALNTH01,0
D,DISPATCH,UNIT_SCADA,1,"2019/09/04 22:00:00",DALNTHL1,0.071720
D,DISPATCH,UNIT_SCADA,1,"2019/09/04 22:00:00",DARTM1,133.600010
D,DISPATCH,UNIT_SCADA,1,"2019/09/04 22:00:00",DAYDSF1,0
D,DISPATCH,UNIT_SCADA,1,"2019/09/04 22:00:00",DDPS1,561.212520
D,DISPATCH,UNIT_SCADA,1,"2019/09/04 22:00:00",DDSF1,0
D,DISPATCH,UNIT_SCADA,1,"2019/09/04 22:00:00",DEVILS_G,56.031980
D,DISPATCH,UNIT_SCADA,1,"2019/09/04 22:00:00",DG_NSW1,0
D,DISPATCH,UNIT_SCADA,1,"2019/09/04 22:00:00",DG_QLD1,0
D,DISPATCH,UNIT_SCADA,1,"2019/09/04 22:00:00",DG_SA1,0
D,DISPATCH,UNIT_SCADA,1,"2019/09/04 22:00:00",DG_TAS1,0
D,DISPATCH,UNIT_SCADA,1,"2019/09/04 22:00:00",DG_VIC1,0
D,DISPATCH,UNIT_SCADA,1,"2019/09/04 22:00:00",DRYCGT1,0
D,DISPATCH,UNIT_SCADA,1,"2019/09/04 22:00:00",DRYCGT2,0
D,DISPATCH,UNIT_SCADA,1,"2019/09/04 22:00:00",DRYCGT3,0
D,DISPATCH,UNIT_SCADA,1,"2019/09/04 22:00:00",EILDON1,0
D,DISPATCH,UNIT_SCADA,1,"2019/09/04 22:00:00",EILDON2,0
D,DISPATCH,UNIT_SCADA,1,"2019/09/04 22:00:00",EMERASF1,0
D,DISPATCH,UNIT_SCADA,1,"2019/09/04 22:00:00",ER01,556.700070
D,DISPATCH,UNIT_SCADA,1,"2019/09/04 22:00:00",ER02,662.849980
D,DISPATCH,UNIT_SCADA,1,"2019/09/04 22:00:00",ER03,0
D,DISPATCH,UNIT_SCADA,1,"2019/09/04 22:00:00",ER04,663.3750
D,DISPATCH,UNIT_SCADA,1,"2019/09/04 22:00:00",FINLYSF1,0
D,DISPATCH,UNIT_SCADA,1,"2019/09/04 22:00:00",FISHER,45.80
D,DISPATCH,UNIT_SCADA,1,"2019/09/04 22:00:00",GANNBG1,0
D,DISPATCH,UNIT_SCADA,1,"2019/09/04 22:00:00",GANNBL1,0.143430
D,DISPATCH,UNIT_SCADA,1,"2019/09/04 22:00:00",GANNSF1,0
D,DISPATCH,UNIT_SCADA,1,"2019/09/04 22:00:00",GORDON,18.697840
D,DISPATCH,UNIT_SCADA,1,"2019/09/04 22:00:00",GSTONE1,193.724990
D,DISPATCH,UNIT_SCADA,1,"2019/09/04 22:00:00",GSTONE2,194.0750
D,DISPATCH,UNIT_SCADA,1,"2019/09/04 22:00:00",GSTONE3,0
D,DISPATCH,UNIT_SCADA,1,"2019/09/04 22:00:00",GSTONE4,200.55
D,DISPATCH,UNIT_SCADA,1,"2019/09/04 22:00:00",GSTONE5,193.899990
D,DISPATCH,UNIT_SCADA,1,"2019/09/04 22:00:00",GSTONE6,192.50
D,DISPATCH,UNIT_SCADA,1,"2019/09/04 22:00:00",GULLRSF1,0
D,DISPATCH,UNIT_SCADA,1,"2019/09/04 22:00:00",GULLRWF1,138.440520
D,DISPATCH,UNIT_SCADA,1,"2019/09/04 22:00:00",GUNNING1,29.954590
D,DISPATCH,UNIT_SCADA,1,"2019/09/04 22:00:00",GUTHEGA,31.10
D,DISPATCH,UNIT_SCADA,1,"2019/09/04 22:00:00",HALLWF1,13.19
D,DISPATCH,UNIT_SCADA,1,"2019/09/04 22:00:00",HALLWF2,11.54
D,DISPATCH,UNIT_SCADA,1,"2019/09/04 22:00:00",HAMISF1,0
D,DISPATCH,UNIT_SCADA,1,"2019/09/04 22:00:00",HAUGHT11,0
D,DISPATCH,UNIT_SCADA,1,"2019/09/04 22:00:00",HAYMSF1,0
D,DISPATCH,UNIT_SCADA,1,"2019/09/04 22:00:00",HDWF1,67.80
D,DISPATCH,UNIT_SCADA,1,"2019/09/04 22:00:00",HDWF2,51.50
D,DISPATCH,UNIT_SCADA,1,"2019/09/04 22:00:00",HDWF3,53.60
D,DISPATCH,UNIT_SCADA,1,"2019/09/04 22:00:00",HPRG1,0.20
D,DISPATCH,UNIT_SCADA,1,"2019/09/04 22:00:00",HPRL1,0
D,DISPATCH,UNIT_SCADA,1,"2019/09/04 22:00:00",HUMENSW,0
D,DISPATCH,UNIT_SCADA,1,"2019/09/04 22:00:00",HUMEV,25.10
D,DISPATCH,UNIT_SCADA,1,"2019/09/04 22:00:00",HVGTS,0
D,DISPATCH,UNIT_SCADA,1,"2019/09/04 22:00:00",JBUTTERS,54.40
D,DISPATCH,UNIT_SCADA,1,"2019/09/04 22:00:00",JLA01,0.10
D,DISPATCH,UNIT_SCADA,1,"2019/09/04 22:00:00",JLA02,0
D,DISPATCH,UNIT_SCADA,1,"2019/09/04 22:00:00",JLA03,0
D,DISPATCH,UNIT_SCADA,1,"2019/09/04 22:00:00",JLA04,0
D,DISPATCH,UNIT_SCADA,1,"2019/09/04 22:00:00",JLB01,0
D,DISPATCH,UNIT_SCADA,1,"2019/09/04 22:00:00",JLB02,83.60
D,DISPATCH,UNIT_SCADA,1,"2019/09/04 22:00:00",JLB03,83.90
D,DISPATCH,UNIT_SCADA,1,"2019/09/04 22:00:00",KAREEYA1,21.5350
D,DISPATCH,UNIT_SCADA,1,"2019/09/04 22:00:00",KAREEYA2,21.7650
D,DISPATCH,UNIT_SCADA,1,"2019/09/04 22:00:00",KAREEYA3,0
D,DISPATCH,UNIT_SCADA,1,"2019/09/04 22:00:00",KAREEYA4,21.57
D,DISPATCH,UNIT_SCADA,1,"2019/09/04 22:00:00",KARSF1,0
D,DISPATCH,UNIT_SCADA,1,"2019/09/04 22:00:00",KIATAWF1,-0.20
D,DISPATCH,UNIT_SCADA,1,"2019/09/04 22:00:00",KPP_1,0
D,DISPATCH,UNIT_SCADA,1,"2019/09/04 22:00:00",KSP1,0
D,DISPATCH,UNIT_SCADA,1,"2019/09/04 22:00:00",LADBROK1,42.48
D,DISPATCH,UNIT_SCADA,1,"2019/09/04 22:00:00",LADBROK2,42.73
D,DISPATCH,UNIT_SCADA,1,"2019/09/04 22:00:00",LD01,416.418730
D,DISPATCH,UNIT_SCADA,1,"2019/09/04 22:00:00",LD02,400.162450
D,DISPATCH,UNIT_SCADA,1,"2019/09/04 22:00:00",LD03,419.0625
D,DISPATCH,UNIT_SCADA,1,"2019/09/04 22:00:00",LD04,379.0687
D,DISPATCH,UNIT_SCADA,1,"2019/09/04 22:00:00",LEM_WIL,82.951250
D,DISPATCH,UNIT_SCADA,1,"2019/09/04 22:00:00",LGAPWF1,24.02
D,DISPATCH,UNIT_SCADA,1,"2019/09/04 22:00:00",LILYSF1,0
D,DISPATCH,UNIT_SCADA,1,"2019/09/04 22:00:00",LI_WY_CA,164.1407
D,DISPATCH,UNIT_SCADA,1,"2019/09/04 22:00:00",LKBONNY2,1.200070
D,DISPATCH,UNIT_SCADA,1,"2019/09/04 22:00:00",LKBONNY3,0.334930
D,DISPATCH,UNIT_SCADA,1,"2019/09/04 22:00:00",LK_ECHO,0
D,DISPATCH,UNIT_SCADA,1,"2019/09/04 22:00:00",LNGS1,0
D,DISPATCH,UNIT_SCADA,1,"2019/09/04 22:00:00",LNGS2,0
D,DISPATCH,UNIT_SCADA,1,"2019/09/04 22:00:00",LONSDALE,0
D,DISPATCH,UNIT_SCADA,1,"2019/09/04 22:00:00",LOYYB1,535.336730
D,DISPATCH,UNIT_SCADA,1,"2019/09/04 22:00:00",LOYYB2,583.834170
D,DISPATCH,UNIT_SCADA,1,"2019/09/04 22:00:00",LYA1,0
D,DISPATCH,UNIT_SCADA,1,"2019/09/04 22:00:00",LYA2,0
D,DISPATCH,UNIT_SCADA,1,"2019/09/04 22:00:00",LYA3,558
D,DISPATCH,UNIT_SCADA,1,"2019/09/04 22:00:00",LYA4,540
D,DISPATCH,UNIT_SCADA,1,"2019/09/04 22:00:00",MACARTH1,0
D,DISPATCH,UNIT_SCADA,1,"2019/09/04 22:00:00",MACKAYGT,0.2240
D,DISPATCH,UNIT_SCADA,1,"2019/09/04 22:00:00",MACKNTSH,86.990010
D,DISPATCH,UNIT_SCADA,1,"2019/09/04 22:00:00",MANSLR1,0
D,DISPATCH,UNIT_SCADA,1,"2019/09/04 22:00:00",MCKAY1,118.539990
D,DISPATCH,UNIT_SCADA,1,"2019/09/04 22:00:00",MEADOWBK,24.836020
D,DISPATCH,UNIT_SCADA,1,"2019/09/04 22:00:00",MERCER01,-0.37
D,DISPATCH,UNIT_SCADA,1,"2019/09/04 22:00:00",MEWF1,67.710980
D,DISPATCH,UNIT_SCADA,1,"2019/09/04 22:00:00",MINTARO,0
D,DISPATCH,UNIT_SCADA,1,"2019/09/04 22:00:00",MOREESF1,0
D,DISPATCH,UNIT_SCADA,1,"2019/09/04 22:00:00",MORTLK11,259
D,DISPATCH,UNIT_SCADA,1,"2019/09/04 22:00:00",MORTLK12,0
D,DISPATCH,UNIT_SCADA,1,"2019/09/04 22:00:00",MP1,221.1250
D,DISPATCH,UNIT_SCADA,1,"2019/09/04 22:00:00",MP2,0
D,DISPATCH,UNIT_SCADA,1,"2019/09/04 22:00:00",MPP_1,400.25
D,DISPATCH,UNIT_SCADA,1,"2019/09/04 22:00:00",MPP_2,434.75
D,DISPATCH,UNIT_SCADA,1,"2019/09/04 22:00:00",MSTUART1,0
D,DISPATCH,UNIT_SCADA,1,"2019/09/04 22:00:00",MSTUART2,0
D,DISPATCH,UNIT_SCADA,1,"2019/09/04 22:00:00",MSTUART3,0
D,DISPATCH,UNIT_SCADA,1,"2019/09/04 22:00:00",MTGELWF1,2.995390
D,DISPATCH,UNIT_SCADA,1,"2019/09/04 22:00:00",MURRAY,514.366210
D,DISPATCH,UNIT_SCADA,1,"2019/09/04 22:00:00",MUSSELR1,126.70
D,DISPATCH,UNIT_SCADA,1,"2019/09/04 22:00:00",MUWAWF1,-0.02
D,DISPATCH,UNIT_SCADA,1,"2019/09/04 22:00:00",NBHWF1,43.80
D,DISPATCH,UNIT_SCADA,1,"2019/09/04 22:00:00",NPS,301.8750
D,DISPATCH,UNIT_SCADA,1,"2019/09/04 22:00:00",NUMURSF1,0
D,DISPATCH,UNIT_SCADA,1,"2019/09/04 22:00:00",NYNGAN1,0
D,DISPATCH,UNIT_SCADA,1,"2019/09/04 22:00:00",OAKEY1,0
D,DISPATCH,UNIT_SCADA,1,"2019/09/04 22:00:00",OAKEY1SF,0
D,DISPATCH,UNIT_SCADA,1,"2019/09/04 22:00:00",OAKEY2,0
D,DISPATCH,UNIT_SCADA,1,"2019/09/04 22:00:00",OAKEY2SF,0
D,DISPATCH,UNIT_SCADA,1,"2019/09/04 22:00:00",OAKLAND1,0
D,DISPATCH,UNIT_SCADA,1,"2019/09/04 22:00:00",OSB-AG,179.070010
D,DISPATCH,UNIT_SCADA,1,"2019/09/04 22:00:00",PARSF1,0
D,DISPATCH,UNIT_SCADA,1,"2019/09/04 22:00:00",POAT110,0
D,DISPATCH,UNIT_SCADA,1,"2019/09/04 22:00:00",POAT220,1.18
D,DISPATCH,UNIT_SCADA,1,"2019/09/04 22:00:00",POR01,0
D,DISPATCH,UNIT_SCADA,1,"2019/09/04 22:00:00",POR03,0
D,DISPATCH,UNIT_SCADA,1,"2019/09/04 22:00:00",PPCCGT,483.602570
D,DISPATCH,UNIT_SCADA,1,"2019/09/04 22:00:00",PTSTAN1,0
D,DISPATCH,UNIT_SCADA,1,"2019/09/04 22:00:00",PUMP1,0
D,DISPATCH,UNIT_SCADA,1,"2019/09/04 22:00:00",PUMP2,0
D,DISPATCH,UNIT_SCADA,1,"2019/09/04 22:00:00",QPS1,29
D,DISPATCH,UNIT_SCADA,1,"2019/09/04 22:00:00",QPS2,0
D,DISPATCH,UNIT_SCADA,1,"2019/09/04 22:00:00",QPS3,0
D,DISPATCH,UNIT_SCADA,1,"2019/09/04 22:00:00",QPS4,23.60
D,DISPATCH,UNIT_SCADA,1,"2019/09/04 22:00:00",QPS5,74.20
D,DISPATCH,UNIT_SCADA,1,"2019/09/04 22:00:00",REECE1,102.310010
D,DISPATCH,UNIT_SCADA,1,"2019/09/04 22:00:00",REECE2,100.260010
D,DISPATCH,UNIT_SCADA,1,"2019/09/04 22:00:00",ROMA_7,0
D,DISPATCH,UNIT_SCADA,1,"2019/09/04 22:00:00",ROMA_8,0
D,DISPATCH,UNIT_SCADA,1,"2019/09/04 22:00:00",RRSF1,0
D,DISPATCH,UNIT_SCADA,1,"2019/09/04 22:00:00",RT_NSW1,0
D,DISPATCH,UNIT_SCADA,1,"2019/09/04 22:00:00",RT_NSW2,0
D,DISPATCH,UNIT_SCADA,1,"2019/09/04 22:00:00",RT_NSW3,0
D,DISPATCH,UNIT_SCADA,1,"2019/09/04 22:00:00",RT_NSW4,0
D,DISPATCH,UNIT_SCADA,1,"2019/09/04 22:00:00",RT_NSW5,0
D,DISPATCH,UNIT_SCADA,1,"2019/09/04 22:00:00",RT_NSW6,0
D,DISPATCH,UNIT_SCADA,1,"2019/09/04 22:00:00",RT_QLD1,0
D,DISPATCH,UNIT_SCADA,1,"2019/09/04 22:00:00",RT_SA1,0
D,DISPATCH,UNIT_SCADA,1,"2019/09/04 22:00:00",RT_SA2,0
D,DISPATCH,UNIT_SCADA,1,"2019/09/04 22:00:00",RT_SA3,0
D,DISPATCH,UNIT_SCADA,1,"2019/09/04 22:00:00",RT_SA4,0
D,DISPATCH,UNIT_SCADA,1,"2019/09/04 22:00:00",RT_SA5,0
D,DISPATCH,UNIT_SCADA,1,"2019/09/04 22:00:00",RT_SA6,0
D,DISPATCH,UNIT_SCADA,1,"2019/09/04 22:00:00",RT_TAS1,0
D,DISPATCH,UNIT_SCADA,1,"2019/09/04 22:00:00",RT_VIC1,0
D,DISPATCH,UNIT_SCADA,1,"2019/09/04 22:00:00",RT_VIC10,0
D,DISPATCH,UNIT_SCADA,1,"2019/09/04 22:00:00",RT_VIC11,0
D,DISPATCH,UNIT_SCADA,1,"2019/09/04 22:00:00",RT_VIC12,0
D,DISPATCH,UNIT_SCADA,1,"2019/09/04 22:00:00",RT_VIC2,0
D,DISPATCH,UNIT_SCADA,1,"2019/09/04 22:00:00",RT_VIC3,0
D,DISPATCH,UNIT_SCADA,1,"2019/09/04 22:00:00",RT_VIC4,0
D,DISPATCH,UNIT_SCADA,1,"2019/09/04 22:00:00",RT_VIC5,0
D,DISPATCH,UNIT_SCADA,1,"2019/09/04 22:00:00",RT_VIC6,0
D,DISPATCH,UNIT_SCADA,1,"2019/09/04 22:00:00",RT_VIC7,0
D,DISPATCH,UNIT_SCADA,1,"2019/09/04 22:00:00",RT_VIC8,0
D,DISPATCH,UNIT_SCADA,1,"2019/09/04 22:00:00",RT_VIC9,0
D,DISPATCH,UNIT_SCADA,1,"2019/09/04 22:00:00",RUGBYR1,0
D,DISPATCH,UNIT_SCADA,1,"2019/09/04 22:00:00",SALTCRK1,2.18
D,DISPATCH,UNIT_SCADA,1,"2019/09/04 22:00:00",SAPHWF1,78.403110
D,DISPATCH,UNIT_SCADA,1,"2019/09/04 22:00:00",SHGEN,0
D,DISPATCH,UNIT_SCADA,1,"2019/09/04 22:00:00",SHPUMP,0
D,DISPATCH,UNIT_SCADA,1,"2019/09/04 22:00:00",SITHE01,0.234240
D,DISPATCH,UNIT_SCADA,1,"2019/09/04 22:00:00",SMCSF1,0
D,DISPATCH,UNIT_SCADA,1,"2019/09/04 22:00:00",SNOWNTH1,0
D,DISPATCH,UNIT_SCADA,1,"2019/09/04 22:00:00",SNOWSTH1,0
D,DISPATCH,UNIT_SCADA,1,"2019/09/04 22:00:00",SNOWTWN1,-0.500140
D,DISPATCH,UNIT_SCADA,1,"2019/09/04 22:00:00",SNOWYP,0
D,DISPATCH,UNIT_SCADA,1,"2019/09/04 22:00:00",SNUG1,0.019440
D,DISPATCH,UNIT_SCADA,1,"2019/09/04 22:00:00",SRSF1,0
D,DISPATCH,UNIT_SCADA,1,"2019/09/04 22:00:00",STAN-1,220.325160
D,DISPATCH,UNIT_SCADA,1,"2019/09/04 22:00:00",STAN-2,314.356540
D,DISPATCH,UNIT_SCADA,1,"2019/09/04 22:00:00",STAN-3,314.241180
D,DISPATCH,UNIT_SCADA,1,"2019/09/04 22:00:00",STAN-4,315.548610
D,DISPATCH,UNIT_SCADA,1,"2019/09/04 22:00:00",STWF1,159.052510
D,DISPATCH,UNIT_SCADA,1,"2019/09/04 22:00:00",SWAN_E,0
D,DISPATCH,UNIT_SCADA,1,"2019/09/04 22:00:00",TALWA1,408
D,DISPATCH,UNIT_SCADA,1,"2019/09/04 22:00:00",TARALGA1,90.213760
D,DISPATCH,UNIT_SCADA,1,"2019/09/04 22:00:00",TARONG#1,349.600010
D,DISPATCH,UNIT_SCADA,1,"2019/09/04 22:00:00",TARONG#2,0
D,DISPATCH,UNIT_SCADA,1,"2019/09/04 22:00:00",TARONG#3,349.899990
D,DISPATCH,UNIT_SCADA,1,"2019/09/04 22:00:00",TARONG#4,349.700010
D,DISPATCH,UNIT_SCADA,1,"2019/09/04 22:00:00",TARRALEA,70.90
D,DISPATCH,UNIT_SCADA,1,"2019/09/04 22:00:00",TBSF1,-0.20
D,DISPATCH,UNIT_SCADA,1,"2019/09/04 22:00:00",TNPS1,379.600010
D,DISPATCH,UNIT_SCADA,1,"2019/09/04 22:00:00",TORRA1,100.116170
D,DISPATCH,UNIT_SCADA,1,"2019/09/04 22:00:00",TORRA2,0
D,DISPATCH,UNIT_SCADA,1,"2019/09/04 22:00:00",TORRA3,0
D,DISPATCH,UNIT_SCADA,1,"2019/09/04 22:00:00",TORRA4,86.565280
D,DISPATCH,UNIT_SCADA,1,"2019/09/04 22:00:00",TORRB1,175.17
D,DISPATCH,UNIT_SCADA,1,"2019/09/04 22:00:00",TORRB2,175.53
D,DISPATCH,UNIT_SCADA,1,"2019/09/04 22:00:00",TORRB3,174.77
D,DISPATCH,UNIT_SCADA,1,"2019/09/04 22:00:00",TORRB4,0
D,DISPATCH,UNIT_SCADA,1,"2019/09/04 22:00:00",TREVALLN,43.880010
D,DISPATCH,UNIT_SCADA,1,"2019/09/04 22:00:00",TRIBUTE,0
D,DISPATCH,UNIT_SCADA,1,"2019/09/04 22:00:00",TUMUT3,0
D,DISPATCH,UNIT_SCADA,1,"2019/09/04 22:00:00",TUNGATIN,121.950040
D,DISPATCH,UNIT_SCADA,1,"2019/09/04 22:00:00",TVCC201,0
D,DISPATCH,UNIT_SCADA,1,"2019/09/04 22:00:00",TVPP104,0
D,DISPATCH,UNIT_SCADA,1,"2019/09/04 22:00:00",UPPTUMUT,0
D,DISPATCH,UNIT_SCADA,1,"2019/09/04 22:00:00",URANQ11,0
D,DISPATCH,UNIT_SCADA,1,"2019/09/04 22:00:00",URANQ12,0
D,DISPATCH,UNIT_SCADA,1,"2019/09/04 22:00:00",URANQ13,0
D,DISPATCH,UNIT_SCADA,1,"2019/09/04 22:00:00",URANQ14,0
D,DISPATCH,UNIT_SCADA,1,"2019/09/04 22:00:00",VP5,622.400020
D,DISPATCH,UNIT_SCADA,1,"2019/09/04 22:00:00",VP6,0
D,DISPATCH,UNIT_SCADA,1,"2019/09/04 22:00:00",VPGS1,0
D,DISPATCH,UNIT_SCADA,1,"2019/09/04 22:00:00",VPGS2,0
D,DISPATCH,UNIT_SCADA,1,"2019/09/04 22:00:00",VPGS3,0
D,DISPATCH,UNIT_SCADA,1,"2019/09/04 22:00:00",VPGS4,0
D,DISPATCH,UNIT_SCADA,1,"2019/09/04 22:00:00",VPGS5,0
D,DISPATCH,UNIT_SCADA,1,"2019/09/04 22:00:00",VPGS6,0
D,DISPATCH,UNIT_SCADA,1,"2019/09/04 22:00:00",W/HOE#1,0
D,DISPATCH,UNIT_SCADA,1,"2019/09/04 22:00:00",W/HOE#2,0
D,DISPATCH,UNIT_SCADA,1,"2019/09/04 22:00:00",WATERLWF,-0.90
D,DISPATCH,UNIT_SCADA,1,"2019/09/04 22:00:00",WEMENSF1,0
D,DISPATCH,UNIT_SCADA,1,"2019/09/04 22:00:00",WGWF1,20.90
D,DISPATCH,UNIT_SCADA,1,"2019/09/04 22:00:00",WHITSF1,0
D,DISPATCH,UNIT_SCADA,1,"2019/09/04 22:00:00",WKIEWA1,13.90
D,DISPATCH,UNIT_SCADA,1,"2019/09/04 22:00:00",WKIEWA2,14
D,DISPATCH,UNIT_SCADA,1,"2019/09/04 22:00:00",WOODLWN1,40.886990
D,DISPATCH,UNIT_SCADA,1,"2019/09/04 22:00:00",WRSF1,0
D,DISPATCH,UNIT_SCADA,1,"2019/09/04 22:00:00",WRWF1,79.206250
D,DISPATCH,UNIT_SCADA,1,"2019/09/04 22:00:00",YABULU,160.020020
D,DISPATCH,UNIT_SCADA,1,"2019/09/04 22:00:00",YABULU2,0
D,DISPATCH,UNIT_SCADA,1,"2019/09/04 22:00:00",YARWUN_1,158.59
D,DISPATCH,UNIT_SCADA,1,"2019/09/04 22:00:00",YENDWF1,-1.40
D,DISPATCH,UNIT_SCADA,1,"2019/09/04 22:00:00",YWPS1,378.194950
D,DISPATCH,UNIT_SCADA,1,"2019/09/04 22:00:00",YWPS2,277.189880
D,DISPATCH,UNIT_SCADA,1,"2019/09/04 22:00:00",YWPS3,0
D,DISPATCH,UNIT_SCADA,1,"2019/09/04 22:00:00",YWPS4,382.253170
C,"END OF REPORT",335
