C,NEMP.WORLD,DISPATCHSCADA,AEMO,PUBLIC,2019/08/21,09:55:09,0000000311821078,DISPATCHSCADA,0000000311821072
I,DISPATCH,UNIT_SCADA,1,SETTLEMENTDATE,DUID,SCADAVALUE
D,DISPATCH,UNIT_SCADA,1,"2019/08/21 10:00:00",BARCSF1,17.800001
D,DISPATCH,UNIT_SCADA,1,"2019/08/21 10:00:00",BUTLERSG,9.599998
D,DISPATCH,UNIT_SCADA,1,"2019/08/21 10:00:00",CALL_A_4,0
D,DISPATCH,UNIT_SCADA,1,"2019/08/21 10:00:00",CAPTL_WF,130.940002
D,DISPATCH,UNIT_SCADA,1,"2019/08/21 10:00:00",CATHROCK,27.619999
D,DISPATCH,UNIT_SCADA,1,"2019/08/21 10:00:00",CHALLHWF,33.699997
D,DISPATCH,UNIT_SCADA,1,"2019/08/21 10:00:00",CLOVER,-0.02
D,DISPATCH,UNIT_SCADA,1,"2019/08/21 10:00:00",CLUNY,20.259556
D,DISPATCH,UNIT_SCADA,1,"2019/08/21 10:00:00",CNUNDAWF,27.732349
D,DISPATCH,UNIT_SCADA,1,"2019/08/21 10:00:00",CULLRGWF,30.33
D,DISPATCH,UNIT_SCADA,1,"2019/08/21 10:00:00",ERGT01,0
D,DISPATCH,UNIT_SCADA,1,"2019/08/21 10:00:00",GB01,0.060539
D,DISPATCH,UNIT_SCADA,1,"2019/08/21 10:00:00",GERMCRK,38.799999
D,DISPATCH,UNIT_SCADA,1,"2019/08/21 10:00:00",GRIFSF1,17.400002
D,DISPATCH,UNIT_SCADA,1,"2019/08/21 10:00:00",HUGSF1,8.9490
D,DISPATCH,UNIT_SCADA,1,"2019/08/21 10:00:00",LKBONNY1,52.156670
D,DISPATCH,UNIT_SCADA,1,"2019/08/21 10:00:00",LRSF1,13.580001
D,DISPATCH,UNIT_SCADA,1,"2019/08/21 10:00:00",MBAHNTH,55.856247
D,DISPATCH,UNIT_SCADA,1,"2019/08/21 10:00:00",MLSP1,9.571001
D,DISPATCH,UNIT_SCADA,1,"2019/08/21 10:00:00",MLWF1,17.130001
D,DISPATCH,UNIT_SCADA,1,"2019/08/21 10:00:00",MTMILLAR,10.693165
D,DISPATCH,UNIT_SCADA,1,"2019/08/21 10:00:00",PALOONA,26.58
D,DISPATCH,UNIT_SCADA,1,"2019/08/21 10:00:00",PIONEER,46.799999
D,DISPATCH,UNIT_SCADA,1,"2019/08/21 10:00:00",PORTWF,127.199997
D,DISPATCH,UNIT_SCADA,1,"2019/08/21 10:00:00",REPULSE,28.796215
D,DISPATCH,UNIT_SCADA,1,"2019/08/21 10:00:00",ROWALLAN,10.1885
D,DISPATCH,UNIT_SCADA,1,"2019/08/21 10:00:00",ROYALLA1,15.296001
D,DISPATCH,UNIT_SCADA,1,"2019/08/21 10:00:00",RPCG,11.90
D,DISPATCH,UNIT_SCADA,1,"2019/08/21 10:00:00",RUBICON,0
D,DISPATCH,UNIT_SCADA,1,"2019/08/21 10:00:00",SATGN1,0
D,DISPATCH,UNIT_SCADA,1,"2019/08/21 10:00:00",SATGS1,0
D,DISPATCH,UNIT_SCADA,1,"2019/08/21 10:00:00",STARHLWF,3.998834
D,DISPATCH,UNIT_SCADA,1,"2019/08/21 10:00:00",WAUBRAWF,179.787003
D,DISPATCH,UNIT_SCADA,1,"2019/08/21 10:00:00",WOOLNTH1,102.950027
D,DISPATCH,UNIT_SCADA,1,"2019/08/21 10:00:00",WPWF,22
D,DISPATCH,UNIT_SCADA,1,"2019/08/21 10:00:00",YAMBUKWF,29.200001
D,DISPATCH,UNIT_SCADA,1,"2019/08/21 10:00:00",YSWF1,28.700001
D,DISPATCH,UNIT_SCADA,1,"2019/08/21 10:00:00",AGLHAL,0
D,DISPATCH,UNIT_SCADA,1,"2019/08/21 10:00:00",AGLSOM,0
D,DISPATCH,UNIT_SCADA,1,"2019/08/21 10:00:00",ANGAST1,0
D,DISPATCH,UNIT_SCADA,1,"2019/08/21 10:00:00",ARWF1,179.600010
D,DISPATCH,UNIT_SCADA,1,"2019/08/21 10:00:00",BALBG1,0
D,DISPATCH,UNIT_SCADA,1,"2019/08/21 10:00:00",BALBL1,0
D,DISPATCH,UNIT_SCADA,1,"2019/08/21 10:00:00",BALDHWF1,101.3390
D,DISPATCH,UNIT_SCADA,1,"2019/08/21 10:00:00",BANN1,23.04
D,DISPATCH,UNIT_SCADA,1,"2019/08/21 10:00:00",BARCALDN,0
D,DISPATCH,UNIT_SCADA,1,"2019/08/21 10:00:00",BARRON-1,0
D,DISPATCH,UNIT_SCADA,1,"2019/08/21 10:00:00",BARRON-2,28.64
D,DISPATCH,UNIT_SCADA,1,"2019/08/21 10:00:00",BASTYAN,78.890010
D,DISPATCH,UNIT_SCADA,1,"2019/08/21 10:00:00",BBTHREE1,-1.91
D,DISPATCH,UNIT_SCADA,1,"2019/08/21 10:00:00",BBTHREE2,-1.95
D,DISPATCH,UNIT_SCADA,1,"2019/08/21 10:00:00",BBTHREE3,-1.07
D,DISPATCH,UNIT_SCADA,1,"2019/08/21 10:00:00",BDL01,0
D,DISPATCH,UNIT_SCADA,1,"2019/08/21 10:00:00",BDL02,-0.12
D,DISPATCH,UNIT_SCADA,1,"2019/08/21 10:00:00",BERYLSF1,27.660560
D,DISPATCH,UNIT_SCADA,1,"2019/08/21 10:00:00",BLOWERNG,0
D,DISPATCH,UNIT_SCADA,1,"2019/08/21 10:00:00",BLUFF1,14.10
D,DISPATCH,UNIT_SCADA,1,"2019/08/21 10:00:00",BNGSF1,81.57
D,DISPATCH,UNIT_SCADA,1,"2019/08/21 10:00:00",BNGSF2,19.64
D,DISPATCH,UNIT_SCADA,1,"2019/08/21 10:00:00",BOCORWF1,78.11
D,DISPATCH,UNIT_SCADA,1,"2019/08/21 10:00:00",BODWF1,99.601240
D,DISPATCH,UNIT_SCADA,1,"2019/08/21 10:00:00",BRAEMAR1,0
D,DISPATCH,UNIT_SCADA,1,"2019/08/21 10:00:00",BRAEMAR2,0
D,DISPATCH,UNIT_SCADA,1,"2019/08/21 10:00:00",BRAEMAR3,0
D,DISPATCH,UNIT_SCADA,1,"2019/08/21 10:00:00",BRAEMAR5,0
D,DISPATCH,UNIT_SCADA,1,"2019/08/21 10:00:00",BRAEMAR6,0
D,DISPATCH,UNIT_SCADA,1,"2019/08/21 10:00:00",BRAEMAR7,0
D,DISPATCH,UNIT_SCADA,1,"2019/08/21 10:00:00",BROKENH1,43.211670
D,DISPATCH,UNIT_SCADA,1,"2019/08/21 10:00:00",BW01,548.324950
D,DISPATCH,UNIT_SCADA,1,"2019/08/21 10:00:00",BW02,632.699950
D,DISPATCH,UNIT_SCADA,1,"2019/08/21 10:00:00",BW03,615.025020
D,DISPATCH,UNIT_SCADA,1,"2019/08/21 10:00:00",BW04,0
D,DISPATCH,UNIT_SCADA,1,"2019/08/21 10:00:00",CALL_B_1,280.399990
D,DISPATCH,UNIT_SCADA,1,"2019/08/21 10:00:00",CALL_B_2,279.800020
D,DISPATCH,UNIT_SCADA,1,"2019/08/21 10:00:00",CETHANA,79.623250
D,DISPATCH,UNIT_SCADA,1,"2019/08/21 10:00:00",CG1,0
D,DISPATCH,UNIT_SCADA,1,"2019/08/21 10:00:00",CG2,0
D,DISPATCH,UNIT_SCADA,1,"2019/08/21 10:00:00",CG3,0
D,DISPATCH,UNIT_SCADA,1,"2019/08/21 10:00:00",CG4,0
D,DISPATCH,UNIT_SCADA,1,"2019/08/21 10:00:00",CHILDSF1,40.04
D,DISPATCH,UNIT_SCADA,1,"2019/08/21 10:00:00",CLARESF1,45.850620
D,DISPATCH,UNIT_SCADA,1,"2019/08/21 10:00:00",CLEMGPWF,2.737330
D,DISPATCH,UNIT_SCADA,1,"2019/08/21 10:00:00",CLERMSF1,15.04
D,DISPATCH,UNIT_SCADA,1,"2019/08/21 10:00:00",COLEASF1,92
D,DISPATCH,UNIT_SCADA,1,"2019/08/21 10:00:00",COOPGWF1,25.7134
D,DISPATCH,UNIT_SCADA,1,"2019/08/21 10:00:00",CPP_3,231.275010
D,DISPATCH,UNIT_SCADA,1,"2019/08/21 10:00:00",CPP_4,406.175020
D,DISPATCH,UNIT_SCADA,1,"2019/08/21 10:00:00",CPSA,141.599380
D,DISPATCH,UNIT_SCADA,1,"2019/08/21 10:00:00",CROOKWF2,80.453750
D,DISPATCH,UNIT_SCADA,1,"2019/08/21 10:00:00",CROWLWF1,46.968830
D,DISPATCH,UNIT_SCADA,1,"2019/08/21 10:00:00",CSPVPS1,32.0040
D,DISPATCH,UNIT_SCADA,1,"2019/08/21 10:00:00",DALNTH01,0
D,DISPATCH,UNIT_SCADA,1,"2019/08/21 10:00:00",DALNTHL1,0.080870
D,DISPATCH,UNIT_SCADA,1,"2019/08/21 10:00:00",DARTM1,134.80
D,DISPATCH,UNIT_SCADA,1,"2019/08/21 10:00:00",DAYDSF1,117.6450
D,DISPATCH,UNIT_SCADA,1,"2019/08/21 10:00:00",DDPS1,0
D,DISPATCH,UNIT_SCADA,1,"2019/08/21 10:00:00",DDSF1,104.386560
D,DISPATCH,UNIT_SCADA,1,"2019/08/21 10:00:00",DEVILS_G,0
D,DISPATCH,UNIT_SCADA,1,"2019/08/21 10:00:00",DG_NSW1,0
D,DISPATCH,UNIT_SCADA,1,"2019/08/21 10:00:00",DG_QLD1,0
D,DISPATCH,UNIT_SCADA,1,"2019/08/21 10:00:00",DG_SA1,0
D,DISPATCH,UNIT_SCADA,1,"2019/08/21 10:00:00",DG_TAS1,0
D,DISPATCH,UNIT_SCADA,1,"2019/08/21 10:00:00",DG_VIC1,0
D,DISPATCH,UNIT_SCADA,1,"2019/08/21 10:00:00",DRYCGT1,0
D,DISPATCH,UNIT_SCADA,1,"2019/08/21 10:00:00",DRYCGT2,0
D,DISPATCH,UNIT_SCADA,1,"2019/08/21 10:00:00",DRYCGT3,0
D,DISPATCH,UNIT_SCADA,1,"2019/08/21 10:00:00",EILDON1,0
D,DISPATCH,UNIT_SCADA,1,"2019/08/21 10:00:00",EILDON2,0
D,DISPATCH,UNIT_SCADA,1,"2019/08/21 10:00:00",EMERASF1,62.81
D,DISPATCH,UNIT_SCADA,1,"2019/08/21 10:00:00",ER01,446.699950
D,DISPATCH,UNIT_SCADA,1,"2019/08/21 10:00:00",ER02,505.574950
D,DISPATCH,UNIT_SCADA,1,"2019/08/21 10:00:00",ER03,698.349980
D,DISPATCH,UNIT_SCADA,1,"2019/08/21 10:00:00",ER04,504.1001
D,DISPATCH,UNIT_SCADA,1,"2019/08/21 10:00:00",FINLYSF1,1.825870
D,DISPATCH,UNIT_SCADA,1,"2019/08/21 10:00:00",FISHER,45.94
D,DISPATCH,UNIT_SCADA,1,"2019/08/21 10:00:00",GANNBG1,1.228980
D,DISPATCH,UNIT_SCADA,1,"2019/08/21 10:00:00",GANNBL1,0
D,DISPATCH,UNIT_SCADA,1,"2019/08/21 10:00:00",GANNSF1,23.40
D,DISPATCH,UNIT_SCADA,1,"2019/08/21 10:00:00",GORDON,0
D,DISPATCH,UNIT_SCADA,1,"2019/08/21 10:00:00",GSTONE1,110.25
D,DISPATCH,UNIT_SCADA,1,"2019/08/21 10:00:00",GSTONE2,109.90
D,DISPATCH,UNIT_SCADA,1,"2019/08/21 10:00:00",GSTONE3,109.90
D,DISPATCH,UNIT_SCADA,1,"2019/08/21 10:00:00",GSTONE4,130.20
D,DISPATCH,UNIT_SCADA,1,"2019/08/21 10:00:00",GSTONE5,131.599990
D,DISPATCH,UNIT_SCADA,1,"2019/08/21 10:00:00",GSTONE6,0
D,DISPATCH,UNIT_SCADA,1,"2019/08/21 10:00:00",GULLRSF1,4.147060
D,DISPATCH,UNIT_SCADA,1,"2019/08/21 10:00:00",GULLRWF1,153.451930
D,DISPATCH,UNIT_SCADA,1,"2019/08/21 10:00:00",GUNNING1,43.899810
D,DISPATCH,UNIT_SCADA,1,"2019/08/21 10:00:00",GUTHEGA,0
D,DISPATCH,UNIT_SCADA,1,"2019/08/21 10:00:00",HALLWF1,40.60
D,DISPATCH,UNIT_SCADA,1,"2019/08/21 10:00:00",HALLWF2,33.94
D,DISPATCH,UNIT_SCADA,1,"2019/08/21 10:00:00",HAMISF1,46.80
D,DISPATCH,UNIT_SCADA,1,"2019/08/21 10:00:00",HAUGHT11,50.032640
D,DISPATCH,UNIT_SCADA,1,"2019/08/21 10:00:00",HAYMSF1,42.2760
D,DISPATCH,UNIT_SCADA,1,"2019/08/21 10:00:00",HDWF1,37.60
D,DISPATCH,UNIT_SCADA,1,"2019/08/21 10:00:00",HDWF2,28.80
D,DISPATCH,UNIT_SCADA,1,"2019/08/21 10:00:00",HDWF3,34.50
D,DISPATCH,UNIT_SCADA,1,"2019/08/21 10:00:00",HPRG1,1.80
D,DISPATCH,UNIT_SCADA,1,"2019/08/21 10:00:00",HPRL1,0
D,DISPATCH,UNIT_SCADA,1,"2019/08/21 10:00:00",HUMENSW,0
D,DISPATCH,UNIT_SCADA,1,"2019/08/21 10:00:00",HUMEV,8.30
D,DISPATCH,UNIT_SCADA,1,"2019/08/21 10:00:00",HVGTS,0
D,DISPATCH,UNIT_SCADA,1,"2019/08/21 10:00:00",JBUTTERS,138.31
D,DISPATCH,UNIT_SCADA,1,"2019/08/21 10:00:00",JLA01,0.50
D,DISPATCH,UNIT_SCADA,1,"2019/08/21 10:00:00",JLA02,0
D,DISPATCH,UNIT_SCADA,1,"2019/08/21 10:00:00",JLA03,0.10
D,DISPATCH,UNIT_SCADA,1,"2019/08/21 10:00:00",JLA04,0.10
D,DISPATCH,UNIT_SCADA,1,"2019/08/21 10:00:00",JLB01,0
D,DISPATCH,UNIT_SCADA,1,"2019/08/21 10:00:00",JLB02,0.10
D,DISPATCH,UNIT_SCADA,1,"2019/08/21 10:00:00",JLB03,0
D,DISPATCH,UNIT_SCADA,1,"2019/08/21 10:00:00",KAREEYA1,21.4550
D,DISPATCH,UNIT_SCADA,1,"2019/08/21 10:00:00",KAREEYA2,21.64
D,DISPATCH,UNIT_SCADA,1,"2019/08/21 10:00:00",KAREEYA3,0
D,DISPATCH,UNIT_SCADA,1,"2019/08/21 10:00:00",KAREEYA4,21.7050
D,DISPATCH,UNIT_SCADA,1,"2019/08/21 10:00:00",KARSF1,32.70
D,DISPATCH,UNIT_SCADA,1,"2019/08/21 10:00:00",KIATAWF1,29.60
D,DISPATCH,UNIT_SCADA,1,"2019/08/21 10:00:00",KPP_1,0
D,DISPATCH,UNIT_SCADA,1,"2019/08/21 10:00:00",KSP1,47.65
D,DISPATCH,UNIT_SCADA,1,"2019/08/21 10:00:00",LADBROK1,42.07
D,DISPATCH,UNIT_SCADA,1,"2019/08/21 10:00:00",LADBROK2,42.76
D,DISPATCH,UNIT_SCADA,1,"2019/08/21 10:00:00",LD01,386.137570
D,DISPATCH,UNIT_SCADA,1,"2019/08/21 10:00:00",LD02,381.018770
D,DISPATCH,UNIT_SCADA,1,"2019/08/21 10:00:00",LD03,381.843750
D,DISPATCH,UNIT_SCADA,1,"2019/08/21 10:00:00",LD04,385.218750
D,DISPATCH,UNIT_SCADA,1,"2019/08/21 10:00:00",LEM_WIL,85.970650
D,DISPATCH,UNIT_SCADA,1,"2019/08/21 10:00:00",LGAPWF1,4.50
D,DISPATCH,UNIT_SCADA,1,"2019/08/21 10:00:00",LILYSF1,95.420410
D,DISPATCH,UNIT_SCADA,1,"2019/08/21 10:00:00",LI_WY_CA,147.681370
D,DISPATCH,UNIT_SCADA,1,"2019/08/21 10:00:00",LKBONNY2,99.271870
D,DISPATCH,UNIT_SCADA,1,"2019/08/21 10:00:00",LKBONNY3,32.600060
D,DISPATCH,UNIT_SCADA,1,"2019/08/21 10:00:00",LK_ECHO,0
D,DISPATCH,UNIT_SCADA,1,"2019/08/21 10:00:00",LNGS1,0
D,DISPATCH,UNIT_SCADA,1,"2019/08/21 10:00:00",LNGS2,0
D,DISPATCH,UNIT_SCADA,1,"2019/08/21 10:00:00",LONSDALE,-0.090230
D,DISPATCH,UNIT_SCADA,1,"2019/08/21 10:00:00",LOYYB1,536.088620
D,DISPATCH,UNIT_SCADA,1,"2019/08/21 10:00:00",LOYYB2,583.458250
D,DISPATCH,UNIT_SCADA,1,"2019/08/21 10:00:00",LYA1,500
D,DISPATCH,UNIT_SCADA,1,"2019/08/21 10:00:00",LYA2,0
D,DISPATCH,UNIT_SCADA,1,"2019/08/21 10:00:00",LYA3,560
D,DISPATCH,UNIT_SCADA,1,"2019/08/21 10:00:00",LYA4,530
D,DISPATCH,UNIT_SCADA,1,"2019/08/21 10:00:00",MACARTH1,215.595020
D,DISPATCH,UNIT_SCADA,1,"2019/08/21 10:00:00",MACKAYGT,0
D,DISPATCH,UNIT_SCADA,1,"2019/08/21 10:00:00",MACKNTSH,85.040010
D,DISPATCH,UNIT_SCADA,1,"2019/08/21 10:00:00",MANSLR1,7.7210
D,DISPATCH,UNIT_SCADA,1,"2019/08/21 10:00:00",MCKAY1,0.02
D,DISPATCH,UNIT_SCADA,1,"2019/08/21 10:00:00",MEADOWBK,34.067360
D,DISPATCH,UNIT_SCADA,1,"2019/08/21 10:00:00",MERCER01,122.1250
D,DISPATCH,UNIT_SCADA,1,"2019/08/21 10:00:00",MEWF1,95.252480
D,DISPATCH,UNIT_SCADA,1,"2019/08/21 10:00:00",MINTARO,0
D,DISPATCH,UNIT_SCADA,1,"2019/08/21 10:00:00",MOREESF1,50.9140
D,DISPATCH,UNIT_SCADA,1,"2019/08/21 10:00:00",MORTLK11,0
D,DISPATCH,UNIT_SCADA,1,"2019/08/21 10:00:00",MORTLK12,0
D,DISPATCH,UNIT_SCADA,1,"2019/08/21 10:00:00",MP1,282.349980
D,DISPATCH,UNIT_SCADA,1,"2019/08/21 10:00:00",MP2,0
D,DISPATCH,UNIT_SCADA,1,"2019/08/21 10:00:00",MPP_1,254.50
D,DISPATCH,UNIT_SCADA,1,"2019/08/21 10:00:00",MPP_2,378.50
D,DISPATCH,UNIT_SCADA,1,"2019/08/21 10:00:00",MSTUART1,0
D,DISPATCH,UNIT_SCADA,1,"2019/08/21 10:00:00",MSTUART2,0
D,DISPATCH,UNIT_SCADA,1,"2019/08/21 10:00:00",MSTUART3,0
D,DISPATCH,UNIT_SCADA,1,"2019/08/21 10:00:00",MTGELWF1,64.323870
D,DISPATCH,UNIT_SCADA,1,"2019/08/21 10:00:00",MURRAY,0
D,DISPATCH,UNIT_SCADA,1,"2019/08/21 10:00:00",MUSSELR1,141.899990
D,DISPATCH,UNIT_SCADA,1,"2019/08/21 10:00:00",MUWAWF1,56
D,DISPATCH,UNIT_SCADA,1,"2019/08/21 10:00:00",NBHWF1,39.40
D,DISPATCH,UNIT_SCADA,1,"2019/08/21 10:00:00",NPS,0
D,DISPATCH,UNIT_SCADA,1,"2019/08/21 10:00:00",NUMURSF1,49.34
D,DISPATCH,UNIT_SCADA,1,"2019/08/21 10:00:00",NYNGAN1,89.25
D,DISPATCH,UNIT_SCADA,1,"2019/08/21 10:00:00",OAKEY1,0
D,DISPATCH,UNIT_SCADA,1,"2019/08/21 10:00:00",OAKEY1SF,0.7360
D,DISPATCH,UNIT_SCADA,1,"2019/08/21 10:00:00",OAKEY2,0
D,DISPATCH,UNIT_SCADA,1,"2019/08/21 10:00:00",OAKLAND1,50.60
D,DISPATCH,UNIT_SCADA,1,"2019/08/21 10:00:00",OSB-AG,0
D,DISPATCH,UNIT_SCADA,1,"2019/08/21 10:00:00",PARSF1,12.20
D,DISPATCH,UNIT_SCADA,1,"2019/08/21 10:00:00",POAT110,0
D,DISPATCH,UNIT_SCADA,1,"2019/08/21 10:00:00",POAT220,1.380240
D,DISPATCH,UNIT_SCADA,1,"2019/08/21 10:00:00",POR01,0
D,DISPATCH,UNIT_SCADA,1,"2019/08/21 10:00:00",POR03,0
D,DISPATCH,UNIT_SCADA,1,"2019/08/21 10:00:00",PPCCGT,174.223310
D,DISPATCH,UNIT_SCADA,1,"2019/08/21 10:00:00",PTSTAN1,0
D,DISPATCH,UNIT_SCADA,1,"2019/08/21 10:00:00",PUMP1,0
D,DISPATCH,UNIT_SCADA,1,"2019/08/21 10:00:00",PUMP2,0
D,DISPATCH,UNIT_SCADA,1,"2019/08/21 10:00:00",QPS1,29
D,DISPATCH,UNIT_SCADA,1,"2019/08/21 10:00:00",QPS2,0
D,DISPATCH,UNIT_SCADA,1,"2019/08/21 10:00:00",QPS3,0
D,DISPATCH,UNIT_SCADA,1,"2019/08/21 10:00:00",QPS4,0
D,DISPATCH,UNIT_SCADA,1,"2019/08/21 10:00:00",QPS5,75.99
D,DISPATCH,UNIT_SCADA,1,"2019/08/21 10:00:00",REECE1,116.340010
D,DISPATCH,UNIT_SCADA,1,"2019/08/21 10:00:00",REECE2,116.330010
D,DISPATCH,UNIT_SCADA,1,"2019/08/21 10:00:00",ROMA_7,0
D,DISPATCH,UNIT_SCADA,1,"2019/08/21 10:00:00",ROMA_8,0
D,DISPATCH,UNIT_SCADA,1,"2019/08/21 10:00:00",RRSF1,106.6123
D,DISPATCH,UNIT_SCADA,1,"2019/08/21 10:00:00",RT_NSW1,0
D,DISPATCH,UNIT_SCADA,1,"2019/08/21 10:00:00",RT_NSW2,0
D,DISPATCH,UNIT_SCADA,1,"2019/08/21 10:00:00",RT_NSW3,0
D,DISPATCH,UNIT_SCADA,1,"2019/08/21 10:00:00",RT_NSW4,0
D,DISPATCH,UNIT_SCADA,1,"2019/08/21 10:00:00",RT_NSW5,0
D,DISPATCH,UNIT_SCADA,1,"2019/08/21 10:00:00",RT_NSW6,0
D,DISPATCH,UNIT_SCADA,1,"2019/08/21 10:00:00",RT_QLD1,0
D,DISPATCH,UNIT_SCADA,1,"2019/08/21 10:00:00",RT_SA1,0
D,DISPATCH,UNIT_SCADA,1,"2019/08/21 10:00:00",RT_SA2,0
D,DISPATCH,UNIT_SCADA,1,"2019/08/21 10:00:00",RT_SA3,0
D,DISPATCH,UNIT_SCADA,1,"2019/08/21 10:00:00",RT_SA4,0
D,DISPATCH,UNIT_SCADA,1,"2019/08/21 10:00:00",RT_SA5,0
D,DISPATCH,UNIT_SCADA,1,"2019/08/21 10:00:00",RT_SA6,0
D,DISPATCH,UNIT_SCADA,1,"2019/08/21 10:00:00",RT_TAS1,0
D,DISPATCH,UNIT_SCADA,1,"2019/08/21 10:00:00",RT_VIC1,0
D,DISPATCH,UNIT_SCADA,1,"2019/08/21 10:00:00",RT_VIC10,0
D,DISPATCH,UNIT_SCADA,1,"2019/08/21 10:00:00",RT_VIC11,0
D,DISPATCH,UNIT_SCADA,1,"2019/08/21 10:00:00",RT_VIC12,0
D,DISPATCH,UNIT_SCADA,1,"2019/08/21 10:00:00",RT_VIC2,0
D,DISPATCH,UNIT_SCADA,1,"2019/08/21 10:00:00",RT_VIC3,0
D,DISPATCH,UNIT_SCADA,1,"2019/08/21 10:00:00",RT_VIC4,0
D,DISPATCH,UNIT_SCADA,1,"2019/08/21 10:00:00",RT_VIC5,0
D,DISPATCH,UNIT_SCADA,1,"2019/08/21 10:00:00",RT_VIC6,0
D,DISPATCH,UNIT_SCADA,1,"2019/08/21 10:00:00",RT_VIC7,0
D,DISPATCH,UNIT_SCADA,1,"2019/08/21 10:00:00",RT_VIC8,0
D,DISPATCH,UNIT_SCADA,1,"2019/08/21 10:00:00",RT_VIC9,0
D,DISPATCH,UNIT_SCADA,1,"2019/08/21 10:00:00",RUGBYR1,45.2137
D,DISPATCH,UNIT_SCADA,1,"2019/08/21 10:00:00",SALTCRK1,49.15
D,DISPATCH,UNIT_SCADA,1,"2019/08/21 10:00:00",SAPHWF1,130.190640
D,DISPATCH,UNIT_SCADA,1,"2019/08/21 10:00:00",SHGEN,0
D,DISPATCH,UNIT_SCADA,1,"2019/08/21 10:00:00",SHPUMP,122.473430
D,DISPATCH,UNIT_SCADA,1,"2019/08/21 10:00:00",SITHE01,0.5834
D,DISPATCH,UNIT_SCADA,1,"2019/08/21 10:00:00",SMCSF1,77.940540
D,DISPATCH,UNIT_SCADA,1,"2019/08/21 10:00:00",SNOWNTH1,51.40
D,DISPATCH,UNIT_SCADA,1,"2019/08/21 10:00:00",SNOWSTH1,56.70
D,DISPATCH,UNIT_SCADA,1,"2019/08/21 10:00:00",SNOWTWN1,31.627010
D,DISPATCH,UNIT_SCADA,1,"2019/08/21 10:00:00",SNOWYP,0
D,DISPATCH,UNIT_SCADA,1,"2019/08/21 10:00:00",SNUG1,0.019440
D,DISPATCH,UNIT_SCADA,1,"2019/08/21 10:00:00",SRSF1,35.57
D,DISPATCH,UNIT_SCADA,1,"2019/08/21 10:00:00",STAN-1,0
D,DISPATCH,UNIT_SCADA,1,"2019/08/21 10:00:00",STAN-2,278.928160
D,DISPATCH,UNIT_SCADA,1,"2019/08/21 10:00:00",STAN-3,278.979430
D,DISPATCH,UNIT_SCADA,1,"2019/08/21 10:00:00",STAN-4,266.930690
D,DISPATCH,UNIT_SCADA,1,"2019/08/21 10:00:00",STWF1,6.603760
D,DISPATCH,UNIT_SCADA,1,"2019/08/21 10:00:00",SWAN_E,0
D,DISPATCH,UNIT_SCADA,1,"2019/08/21 10:00:00",TALWA1,0
D,DISPATCH,UNIT_SCADA,1,"2019/08/21 10:00:00",TARALGA1,34.143740
D,DISPATCH,UNIT_SCADA,1,"2019/08/21 10:00:00",TARONG#1,277.800020
D,DISPATCH,UNIT_SCADA,1,"2019/08/21 10:00:00",TARONG#2,277.899990
D,DISPATCH,UNIT_SCADA,1,"2019/08/21 10:00:00",TARONG#3,260.50
D,DISPATCH,UNIT_SCADA,1,"2019/08/21 10:00:00",TARONG#4,280.50
D,DISPATCH,UNIT_SCADA,1,"2019/08/21 10:00:00",TARRALEA,75
D,DISPATCH,UNIT_SCADA,1,"2019/08/21 10:00:00",TBSF1,35.30
D,DISPATCH,UNIT_SCADA,1,"2019/08/21 10:00:00",TNPS1,442.000030
D,DISPATCH,UNIT_SCADA,1,"2019/08/21 10:00:00",TORRA1,57.436040
D,DISPATCH,UNIT_SCADA,1,"2019/08/21 10:00:00",TORRA2,0
D,DISPATCH,UNIT_SCADA,1,"2019/08/21 10:00:00",TORRA3,0
D,DISPATCH,UNIT_SCADA,1,"2019/08/21 10:00:00",TORRA4,0
D,DISPATCH,UNIT_SCADA,1,"2019/08/21 10:00:00",TORRB1,69.02
D,DISPATCH,UNIT_SCADA,1,"2019/08/21 10:00:00",TORRB2,69.05
D,DISPATCH,UNIT_SCADA,1,"2019/08/21 10:00:00",TORRB3,0
D,DISPATCH,UNIT_SCADA,1,"2019/08/21 10:00:00",TORRB4,0
D,DISPATCH,UNIT_SCADA,1,"2019/08/21 10:00:00",TREVALLN,69.320010
D,DISPATCH,UNIT_SCADA,1,"2019/08/21 10:00:00",TRIBUTE,68.66
D,DISPATCH,UNIT_SCADA,1,"2019/08/21 10:00:00",TUMUT3,0
D,DISPATCH,UNIT_SCADA,1,"2019/08/21 10:00:00",TUNGATIN,120.580040
D,DISPATCH,UNIT_SCADA,1,"2019/08/21 10:00:00",TVCC201,0
D,DISPATCH,UNIT_SCADA,1,"2019/08/21 10:00:00",TVPP104,57.904710
D,DISPATCH,UNIT_SCADA,1,"2019/08/21 10:00:00",UPPTUMUT,0
D,DISPATCH,UNIT_SCADA,1,"2019/08/21 10:00:00",URANQ11,0
D,DISPATCH,UNIT_SCADA,1,"2019/08/21 10:00:00",URANQ12,0
D,DISPATCH,UNIT_SCADA,1,"2019/08/21 10:00:00",URANQ13,0
D,DISPATCH,UNIT_SCADA,1,"2019/08/21 10:00:00",URANQ14,0
D,DISPATCH,UNIT_SCADA,1,"2019/08/21 10:00:00",VP5,342.300020
D,DISPATCH,UNIT_SCADA,1,"2019/08/21 10:00:00",VP6,343.724980
D,DISPATCH,UNIT_SCADA,1,"2019/08/21 10:00:00",VPGS1,0
D,DISPATCH,UNIT_SCADA,1,"2019/08/21 10:00:00",VPGS2,0
D,DISPATCH,UNIT_SCADA,1,"2019/08/21 10:00:00",VPGS3,0
D,DISPATCH,UNIT_SCADA,1,"2019/08/21 10:00:00",VPGS4,0
D,DISPATCH,UNIT_SCADA,1,"2019/08/21 10:00:00",VPGS5,0
D,DISPATCH,UNIT_SCADA,1,"2019/08/21 10:00:00",VPGS6,0
D,DISPATCH,UNIT_SCADA,1,"2019/08/21 10:00:00",W/HOE#1,0
D,DISPATCH,UNIT_SCADA,1,"2019/08/21 10:00:00",W/HOE#2,0
D,DISPATCH,UNIT_SCADA,1,"2019/08/21 10:00:00",WATERLWF,95.20
D,DISPATCH,UNIT_SCADA,1,"2019/08/21 10:00:00",WEMENSF1,18.50
D,DISPATCH,UNIT_SCADA,1,"2019/08/21 10:00:00",WGWF1,50.30
D,DISPATCH,UNIT_SCADA,1,"2019/08/21 10:00:00",WHITSF1,0
D,DISPATCH,UNIT_SCADA,1,"2019/08/21 10:00:00",WKIEWA1,0
D,DISPATCH,UNIT_SCADA,1,"2019/08/21 10:00:00",WKIEWA2,14.10
D,DISPATCH,UNIT_SCADA,1,"2019/08/21 10:00:00",WOODLWN1,44.9010
D,DISPATCH,UNIT_SCADA,1,"2019/08/21 10:00:00",WRSF1,19.53
D,DISPATCH,UNIT_SCADA,1,"2019/08/21 10:00:00",WRWF1,131.581250
D,DISPATCH,UNIT_SCADA,1,"2019/08/21 10:00:00",YABULU,0
D,DISPATCH,UNIT_SCADA,1,"2019/08/21 10:00:00",YABULU2,0
D,DISPATCH,UNIT_SCADA,1,"2019/08/21 10:00:00",YARWUN_1,0
D,DISPATCH,UNIT_SCADA,1,"2019/08/21 10:00:00",YENDWF1,41.86
D,DISPATCH,UNIT_SCADA,1,"2019/08/21 10:00:00",YWPS1,381.202550
D,DISPATCH,UNIT_SCADA,1,"2019/08/21 10:00:00",YWPS2,285.210110
D,DISPATCH,UNIT_SCADA,1,"2019/08/21 10:00:00",YWPS3,0
D,DISPATCH,UNIT_SCADA,1,"2019/08/21 10:00:00",YWPS4,398.060760
C,"END OF REPORT",334
