C,NEMP.WORLD,DISPATCHSCADA,AEMO,PUBLIC,2019/08/21,04:30:12,0000000311812219,DISPATCHSCADA,0000000311812213
I,DISPATCH,UNIT_SCADA,1,SETTLEMENTDATE,DUID,SCADAVALUE
D,DISPATCH,UNIT_SCADA,1,"2019/08/21 04:35:00",BARCSF1,0.50
D,DISPATCH,UNIT_SCADA,1,"2019/08/21 04:35:00",BUTLERSG,9.799998
D,DISPATCH,UNIT_SCADA,1,"2019/08/21 04:35:00",CALL_A_4,0
D,DISPATCH,UNIT_SCADA,1,"2019/08/21 04:35:00",CAPTL_WF,127.012001
D,DISPATCH,UNIT_SCADA,1,"2019/08/21 04:35:00",CATHROCK,35.749996
D,DISPATCH,UNIT_SCADA,1,"2019/08/21 04:35:00",CHALLHWF,42.299999
D,DISPATCH,UNIT_SCADA,1,"2019/08/21 04:35:00",CLOVER,0
D,DISPATCH,UNIT_SCADA,1,"2019/08/21 04:35:00",CLUNY,20.435339
D,DISPATCH,UNIT_SCADA,1,"2019/08/21 04:35:00",CNUNDAWF,39.946598
D,DISPATCH,UNIT_SCADA,1,"2019/08/21 04:35:00",CULLRGWF,30.34
D,DISPATCH,UNIT_SCADA,1,"2019/08/21 04:35:00",ERGT01,0
D,DISPATCH,UNIT_SCADA,1,"2019/08/21 04:35:00",GB01,0.059155
D,DISPATCH,UNIT_SCADA,1,"2019/08/21 04:35:00",GERMCRK,38.099998
D,DISPATCH,UNIT_SCADA,1,"2019/08/21 04:35:00",GRIFSF1,0
D,DISPATCH,UNIT_SCADA,1,"2019/08/21 04:35:00",HUGSF1,-0.2040
D,DISPATCH,UNIT_SCADA,1,"2019/08/21 04:35:00",LKBONNY1,70.375778
D,DISPATCH,UNIT_SCADA,1,"2019/08/21 04:35:00",LRSF1,0.0290
D,DISPATCH,UNIT_SCADA,1,"2019/08/21 04:35:00",MBAHNTH,55.856247
D,DISPATCH,UNIT_SCADA,1,"2019/08/21 04:35:00",MLSP1,0.283001
D,DISPATCH,UNIT_SCADA,1,"2019/08/21 04:35:00",MLWF1,19.724998
D,DISPATCH,UNIT_SCADA,1,"2019/08/21 04:35:00",MTMILLAR,20.738935
D,DISPATCH,UNIT_SCADA,1,"2019/08/21 04:35:00",PALOONA,12.69
D,DISPATCH,UNIT_SCADA,1,"2019/08/21 04:35:00",PIONEER,31.60
D,DISPATCH,UNIT_SCADA,1,"2019/08/21 04:35:00",PORTWF,135.800003
D,DISPATCH,UNIT_SCADA,1,"2019/08/21 04:35:00",REPULSE,29.380941
D,DISPATCH,UNIT_SCADA,1,"2019/08/21 04:35:00",ROWALLAN,10.1672
D,DISPATCH,UNIT_SCADA,1,"2019/08/21 04:35:00",ROYALLA1,0
D,DISPATCH,UNIT_SCADA,1,"2019/08/21 04:35:00",RPCG,11
D,DISPATCH,UNIT_SCADA,1,"2019/08/21 04:35:00",RUBICON,0
D,DISPATCH,UNIT_SCADA,1,"2019/08/21 04:35:00",SATGN1,0
D,DISPATCH,UNIT_SCADA,1,"2019/08/21 04:35:00",SATGS1,0
D,DISPATCH,UNIT_SCADA,1,"2019/08/21 04:35:00",STARHLWF,6.398134
D,DISPATCH,UNIT_SCADA,1,"2019/08/21 04:35:00",WAUBRAWF,177.315994
D,DISPATCH,UNIT_SCADA,1,"2019/08/21 04:35:00",WOOLNTH1,50.260021
D,DISPATCH,UNIT_SCADA,1,"2019/08/21 04:35:00",WPWF,29
D,DISPATCH,UNIT_SCADA,1,"2019/08/21 04:35:00",YAMBUKWF,29.700001
D,DISPATCH,UNIT_SCADA,1,"2019/08/21 04:35:00",YSWF1,28.60
D,DISPATCH,UNIT_SCADA,1,"2019/08/21 04:35:00",AGLHAL,0
D,DISPATCH,UNIT_SCADA,1,"2019/08/21 04:35:00",AGLSOM,0
D,DISPATCH,UNIT_SCADA,1,"2019/08/21 04:35:00",ANGAST1,0
D,DISPATCH,UNIT_SCADA,1,"2019/08/21 04:35:00",ARWF1,143.400010
D,DISPATCH,UNIT_SCADA,1,"2019/08/21 04:35:00",BALBG1,0
D,DISPATCH,UNIT_SCADA,1,"2019/08/21 04:35:00",BALBL1,3.02
D,DISPATCH,UNIT_SCADA,1,"2019/08/21 04:35:00",BALDHWF1,46.4620
D,DISPATCH,UNIT_SCADA,1,"2019/08/21 04:35:00",BANN1,0
D,DISPATCH,UNIT_SCADA,1,"2019/08/21 04:35:00",BARCALDN,0
D,DISPATCH,UNIT_SCADA,1,"2019/08/21 04:35:00",BARRON-1,0
D,DISPATCH,UNIT_SCADA,1,"2019/08/21 04:35:00",BARRON-2,0
D,DISPATCH,UNIT_SCADA,1,"2019/08/21 04:35:00",BASTYAN,79.63
D,DISPATCH,UNIT_SCADA,1,"2019/08/21 04:35:00",BBTHREE1,-1.83
D,DISPATCH,UNIT_SCADA,1,"2019/08/21 04:35:00",BBTHREE2,-1.83
D,DISPATCH,UNIT_SCADA,1,"2019/08/21 04:35:00",BBTHREE3,0
D,DISPATCH,UNIT_SCADA,1,"2019/08/21 04:35:00",BDL01,0
D,DISPATCH,UNIT_SCADA,1,"2019/08/21 04:35:00",BDL02,0
D,DISPATCH,UNIT_SCADA,1,"2019/08/21 04:35:00",BERYLSF1,0
D,DISPATCH,UNIT_SCADA,1,"2019/08/21 04:35:00",BLOWERNG,0
D,DISPATCH,UNIT_SCADA,1,"2019/08/21 04:35:00",BLUFF1,47.70
D,DISPATCH,UNIT_SCADA,1,"2019/08/21 04:35:00",BNGSF1,0
D,DISPATCH,UNIT_SCADA,1,"2019/08/21 04:35:00",BNGSF2,0
D,DISPATCH,UNIT_SCADA,1,"2019/08/21 04:35:00",BOCORWF1,107.89
D,DISPATCH,UNIT_SCADA,1,"2019/08/21 04:35:00",BODWF1,62.963460
D,DISPATCH,UNIT_SCADA,1,"2019/08/21 04:35:00",BRAEMAR1,0
D,DISPATCH,UNIT_SCADA,1,"2019/08/21 04:35:00",BRAEMAR2,0
D,DISPATCH,UNIT_SCADA,1,"2019/08/21 04:35:00",BRAEMAR3,0
D,DISPATCH,UNIT_SCADA,1,"2019/08/21 04:35:00",BRAEMAR5,0
D,DISPATCH,UNIT_SCADA,1,"2019/08/21 04:35:00",BRAEMAR6,0
D,DISPATCH,UNIT_SCADA,1,"2019/08/21 04:35:00",BRAEMAR7,0
D,DISPATCH,UNIT_SCADA,1,"2019/08/21 04:35:00",BROKENH1,0
D,DISPATCH,UNIT_SCADA,1,"2019/08/21 04:35:00",BW01,415.25
D,DISPATCH,UNIT_SCADA,1,"2019/08/21 04:35:00",BW02,437.275020
D,DISPATCH,UNIT_SCADA,1,"2019/08/21 04:35:00",BW03,538.8750
D,DISPATCH,UNIT_SCADA,1,"2019/08/21 04:35:00",BW04,0
D,DISPATCH,UNIT_SCADA,1,"2019/08/21 04:35:00",CALL_B_1,349.800020
D,DISPATCH,UNIT_SCADA,1,"2019/08/21 04:35:00",CALL_B_2,285
D,DISPATCH,UNIT_SCADA,1,"2019/08/21 04:35:00",CETHANA,95.669750
D,DISPATCH,UNIT_SCADA,1,"2019/08/21 04:35:00",CG1,0
D,DISPATCH,UNIT_SCADA,1,"2019/08/21 04:35:00",CG2,0
D,DISPATCH,UNIT_SCADA,1,"2019/08/21 04:35:00",CG3,0
D,DISPATCH,UNIT_SCADA,1,"2019/08/21 04:35:00",CG4,0
D,DISPATCH,UNIT_SCADA,1,"2019/08/21 04:35:00",CHILDSF1,0
D,DISPATCH,UNIT_SCADA,1,"2019/08/21 04:35:00",CLARESF1,0
D,DISPATCH,UNIT_SCADA,1,"2019/08/21 04:35:00",CLEMGPWF,12.822230
D,DISPATCH,UNIT_SCADA,1,"2019/08/21 04:35:00",CLERMSF1,0
D,DISPATCH,UNIT_SCADA,1,"2019/08/21 04:35:00",COLEASF1,0
D,DISPATCH,UNIT_SCADA,1,"2019/08/21 04:35:00",COOPGWF1,33.523060
D,DISPATCH,UNIT_SCADA,1,"2019/08/21 04:35:00",CPP_3,388.850010
D,DISPATCH,UNIT_SCADA,1,"2019/08/21 04:35:00",CPP_4,387.200010
D,DISPATCH,UNIT_SCADA,1,"2019/08/21 04:35:00",CPSA,142.536880
D,DISPATCH,UNIT_SCADA,1,"2019/08/21 04:35:00",CROOKWF2,91.493740
D,DISPATCH,UNIT_SCADA,1,"2019/08/21 04:35:00",CROWLWF1,24.510460
D,DISPATCH,UNIT_SCADA,1,"2019/08/21 04:35:00",CSPVPS1,0
D,DISPATCH,UNIT_SCADA,1,"2019/08/21 04:35:00",DALNTH01,0
D,DISPATCH,UNIT_SCADA,1,"2019/08/21 04:35:00",DALNTHL1,0.975050
D,DISPATCH,UNIT_SCADA,1,"2019/08/21 04:35:00",DARTM1,0
D,DISPATCH,UNIT_SCADA,1,"2019/08/21 04:35:00",DAYDSF1,0
D,DISPATCH,UNIT_SCADA,1,"2019/08/21 04:35:00",DDPS1,0
D,DISPATCH,UNIT_SCADA,1,"2019/08/21 04:35:00",DDSF1,0
D,DISPATCH,UNIT_SCADA,1,"2019/08/21 04:35:00",DEVILS_G,57.936340
D,DISPATCH,UNIT_SCADA,1,"2019/08/21 04:35:00",DG_NSW1,0
D,DISPATCH,UNIT_SCADA,1,"2019/08/21 04:35:00",DG_QLD1,0
D,DISPATCH,UNIT_SCADA,1,"2019/08/21 04:35:00",DG_SA1,0
D,DISPATCH,UNIT_SCADA,1,"2019/08/21 04:35:00",DG_TAS1,0
D,DISPATCH,UNIT_SCADA,1,"2019/08/21 04:35:00",DG_VIC1,0
D,DISPATCH,UNIT_SCADA,1,"2019/08/21 04:35:00",DRYCGT1,0
D,DISPATCH,UNIT_SCADA,1,"2019/08/21 04:35:00",DRYCGT2,0
D,DISPATCH,UNIT_SCADA,1,"2019/08/21 04:35:00",DRYCGT3,0
D,DISPATCH,UNIT_SCADA,1,"2019/08/21 04:35:00",EILDON1,0
D,DISPATCH,UNIT_SCADA,1,"2019/08/21 04:35:00",EILDON2,0
D,DISPATCH,UNIT_SCADA,1,"2019/08/21 04:35:00",EMERASF1,0
D,DISPATCH,UNIT_SCADA,1,"2019/08/21 04:35:00",ER01,425.949950
D,DISPATCH,UNIT_SCADA,1,"2019/08/21 04:35:00",ER02,352.324950
D,DISPATCH,UNIT_SCADA,1,"2019/08/21 04:35:00",ER03,354.900020
D,DISPATCH,UNIT_SCADA,1,"2019/08/21 04:35:00",ER04,426.349980
D,DISPATCH,UNIT_SCADA,1,"2019/08/21 04:35:00",FINLYSF1,0
D,DISPATCH,UNIT_SCADA,1,"2019/08/21 04:35:00",FISHER,46.02
D,DISPATCH,UNIT_SCADA,1,"2019/08/21 04:35:00",GANNBG1,0
D,DISPATCH,UNIT_SCADA,1,"2019/08/21 04:35:00",GANNBL1,10.009090
D,DISPATCH,UNIT_SCADA,1,"2019/08/21 04:35:00",GANNSF1,0
D,DISPATCH,UNIT_SCADA,1,"2019/08/21 04:35:00",GORDON,0
D,DISPATCH,UNIT_SCADA,1,"2019/08/21 04:35:00",GSTONE1,150.3250
D,DISPATCH,UNIT_SCADA,1,"2019/08/21 04:35:00",GSTONE2,133.70
D,DISPATCH,UNIT_SCADA,1,"2019/08/21 04:35:00",GSTONE3,148.5750
D,DISPATCH,UNIT_SCADA,1,"2019/08/21 04:35:00",GSTONE4,153.1250
D,DISPATCH,UNIT_SCADA,1,"2019/08/21 04:35:00",GSTONE5,152.599990
D,DISPATCH,UNIT_SCADA,1,"2019/08/21 04:35:00",GSTONE6,0
D,DISPATCH,UNIT_SCADA,1,"2019/08/21 04:35:00",GULLRSF1,0
D,DISPATCH,UNIT_SCADA,1,"2019/08/21 04:35:00",GULLRWF1,161.705140
D,DISPATCH,UNIT_SCADA,1,"2019/08/21 04:35:00",GUNNING1,46.146920
D,DISPATCH,UNIT_SCADA,1,"2019/08/21 04:35:00",GUTHEGA,0
D,DISPATCH,UNIT_SCADA,1,"2019/08/21 04:35:00",HALLWF1,81.84
D,DISPATCH,UNIT_SCADA,1,"2019/08/21 04:35:00",HALLWF2,61.23
D,DISPATCH,UNIT_SCADA,1,"2019/08/21 04:35:00",HAMISF1,0
D,DISPATCH,UNIT_SCADA,1,"2019/08/21 04:35:00",HAUGHT11,0
D,DISPATCH,UNIT_SCADA,1,"2019/08/21 04:35:00",HAYMSF1,0
D,DISPATCH,UNIT_SCADA,1,"2019/08/21 04:35:00",HDWF1,70.20
D,DISPATCH,UNIT_SCADA,1,"2019/08/21 04:35:00",HDWF2,54.60
D,DISPATCH,UNIT_SCADA,1,"2019/08/21 04:35:00",HDWF3,62.90
D,DISPATCH,UNIT_SCADA,1,"2019/08/21 04:35:00",HPRG1,0
D,DISPATCH,UNIT_SCADA,1,"2019/08/21 04:35:00",HPRL1,26.40
D,DISPATCH,UNIT_SCADA,1,"2019/08/21 04:35:00",HUMENSW,0
D,DISPATCH,UNIT_SCADA,1,"2019/08/21 04:35:00",HUMEV,9.50
D,DISPATCH,UNIT_SCADA,1,"2019/08/21 04:35:00",HVGTS,0
D,DISPATCH,UNIT_SCADA,1,"2019/08/21 04:35:00",JBUTTERS,35.87
D,DISPATCH,UNIT_SCADA,1,"2019/08/21 04:35:00",JLA01,0.50
D,DISPATCH,UNIT_SCADA,1,"2019/08/21 04:35:00",JLA02,0
D,DISPATCH,UNIT_SCADA,1,"2019/08/21 04:35:00",JLA03,0.10
D,DISPATCH,UNIT_SCADA,1,"2019/08/21 04:35:00",JLA04,0.10
D,DISPATCH,UNIT_SCADA,1,"2019/08/21 04:35:00",JLB01,0
D,DISPATCH,UNIT_SCADA,1,"2019/08/21 04:35:00",JLB02,0.10
D,DISPATCH,UNIT_SCADA,1,"2019/08/21 04:35:00",JLB03,0
D,DISPATCH,UNIT_SCADA,1,"2019/08/21 04:35:00",KAREEYA1,21.51
D,DISPATCH,UNIT_SCADA,1,"2019/08/21 04:35:00",KAREEYA2,21.6225
D,DISPATCH,UNIT_SCADA,1,"2019/08/21 04:35:00",KAREEYA3,0
D,DISPATCH,UNIT_SCADA,1,"2019/08/21 04:35:00",KAREEYA4,21.6750
D,DISPATCH,UNIT_SCADA,1,"2019/08/21 04:35:00",KARSF1,0
D,DISPATCH,UNIT_SCADA,1,"2019/08/21 04:35:00",KIATAWF1,31
D,DISPATCH,UNIT_SCADA,1,"2019/08/21 04:35:00",KPP_1,0
D,DISPATCH,UNIT_SCADA,1,"2019/08/21 04:35:00",KSP1,0
D,DISPATCH,UNIT_SCADA,1,"2019/08/21 04:35:00",LADBROK1,0
D,DISPATCH,UNIT_SCADA,1,"2019/08/21 04:35:00",LADBROK2,0
D,DISPATCH,UNIT_SCADA,1,"2019/08/21 04:35:00",LD01,342.431210
D,DISPATCH,UNIT_SCADA,1,"2019/08/21 04:35:00",LD02,301.818790
D,DISPATCH,UNIT_SCADA,1,"2019/08/21 04:35:00",LD03,323.081270
D,DISPATCH,UNIT_SCADA,1,"2019/08/21 04:35:00",LD04,347.849910
D,DISPATCH,UNIT_SCADA,1,"2019/08/21 04:35:00",LEM_WIL,83.6561
D,DISPATCH,UNIT_SCADA,1,"2019/08/21 04:35:00",LGAPWF1,13.40
D,DISPATCH,UNIT_SCADA,1,"2019/08/21 04:35:00",LILYSF1,0
D,DISPATCH,UNIT_SCADA,1,"2019/08/21 04:35:00",LI_WY_CA,147.844940
D,DISPATCH,UNIT_SCADA,1,"2019/08/21 04:35:00",LKBONNY2,136.000610
D,DISPATCH,UNIT_SCADA,1,"2019/08/21 04:35:00",LKBONNY3,34.386360
D,DISPATCH,UNIT_SCADA,1,"2019/08/21 04:35:00",LK_ECHO,0
D,DISPATCH,UNIT_SCADA,1,"2019/08/21 04:35:00",LNGS1,0
D,DISPATCH,UNIT_SCADA,1,"2019/08/21 04:35:00",LNGS2,0
D,DISPATCH,UNIT_SCADA,1,"2019/08/21 04:35:00",LONSDALE,0
D,DISPATCH,UNIT_SCADA,1,"2019/08/21 04:35:00",LOYYB1,536.088620
D,DISPATCH,UNIT_SCADA,1,"2019/08/21 04:35:00",LOYYB2,581.578490
D,DISPATCH,UNIT_SCADA,1,"2019/08/21 04:35:00",LYA1,501
D,DISPATCH,UNIT_SCADA,1,"2019/08/21 04:35:00",LYA2,0
D,DISPATCH,UNIT_SCADA,1,"2019/08/21 04:35:00",LYA3,502
D,DISPATCH,UNIT_SCADA,1,"2019/08/21 04:35:00",LYA4,501
D,DISPATCH,UNIT_SCADA,1,"2019/08/21 04:35:00",MACARTH1,383.591160
D,DISPATCH,UNIT_SCADA,1,"2019/08/21 04:35:00",MACKAYGT,0
D,DISPATCH,UNIT_SCADA,1,"2019/08/21 04:35:00",MACKNTSH,85.750010
D,DISPATCH,UNIT_SCADA,1,"2019/08/21 04:35:00",MANSLR1,0
D,DISPATCH,UNIT_SCADA,1,"2019/08/21 04:35:00",MCKAY1,0.02
D,DISPATCH,UNIT_SCADA,1,"2019/08/21 04:35:00",MEADOWBK,34.1531
D,DISPATCH,UNIT_SCADA,1,"2019/08/21 04:35:00",MERCER01,129.651990
D,DISPATCH,UNIT_SCADA,1,"2019/08/21 04:35:00",MEWF1,101.187580
D,DISPATCH,UNIT_SCADA,1,"2019/08/21 04:35:00",MINTARO,0
D,DISPATCH,UNIT_SCADA,1,"2019/08/21 04:35:00",MOREESF1,0
D,DISPATCH,UNIT_SCADA,1,"2019/08/21 04:35:00",MORTLK11,0
D,DISPATCH,UNIT_SCADA,1,"2019/08/21 04:35:00",MORTLK12,0
D,DISPATCH,UNIT_SCADA,1,"2019/08/21 04:35:00",MP1,280.25
D,DISPATCH,UNIT_SCADA,1,"2019/08/21 04:35:00",MP2,0
D,DISPATCH,UNIT_SCADA,1,"2019/08/21 04:35:00",MPP_1,374.50
D,DISPATCH,UNIT_SCADA,1,"2019/08/21 04:35:00",MPP_2,418
D,DISPATCH,UNIT_SCADA,1,"2019/08/21 04:35:00",MSTUART1,0
D,DISPATCH,UNIT_SCADA,1,"2019/08/21 04:35:00",MSTUART2,0
D,DISPATCH,UNIT_SCADA,1,"2019/08/21 04:35:00",MSTUART3,0
D,DISPATCH,UNIT_SCADA,1,"2019/08/21 04:35:00",MTGELWF1,63.748590
D,DISPATCH,UNIT_SCADA,1,"2019/08/21 04:35:00",MURRAY,0
D,DISPATCH,UNIT_SCADA,1,"2019/08/21 04:35:00",MUSSELR1,163.20
D,DISPATCH,UNIT_SCADA,1,"2019/08/21 04:35:00",MUWAWF1,55.77
D,DISPATCH,UNIT_SCADA,1,"2019/08/21 04:35:00",NBHWF1,81
D,DISPATCH,UNIT_SCADA,1,"2019/08/21 04:35:00",NPS,0
D,DISPATCH,UNIT_SCADA,1,"2019/08/21 04:35:00",NUMURSF1,0
D,DISPATCH,UNIT_SCADA,1,"2019/08/21 04:35:00",NYNGAN1,0
D,DISPATCH,UNIT_SCADA,1,"2019/08/21 04:35:00",OAKEY1,0
D,DISPATCH,UNIT_SCADA,1,"2019/08/21 04:35:00",OAKEY1SF,0
D,DISPATCH,UNIT_SCADA,1,"2019/08/21 04:35:00",OAKEY2,0
D,DISPATCH,UNIT_SCADA,1,"2019/08/21 04:35:00",OAKLAND1,58.60
D,DISPATCH,UNIT_SCADA,1,"2019/08/21 04:35:00",OSB-AG,0
D,DISPATCH,UNIT_SCADA,1,"2019/08/21 04:35:00",PARSF1,0
D,DISPATCH,UNIT_SCADA,1,"2019/08/21 04:35:00",POAT110,0
D,DISPATCH,UNIT_SCADA,1,"2019/08/21 04:35:00",POAT220,8.63
D,DISPATCH,UNIT_SCADA,1,"2019/08/21 04:35:00",POR01,0
D,DISPATCH,UNIT_SCADA,1,"2019/08/21 04:35:00",POR03,0
D,DISPATCH,UNIT_SCADA,1,"2019/08/21 04:35:00",PPCCGT,174.223310
D,DISPATCH,UNIT_SCADA,1,"2019/08/21 04:35:00",PTSTAN1,0
D,DISPATCH,UNIT_SCADA,1,"2019/08/21 04:35:00",PUMP1,0
D,DISPATCH,UNIT_SCADA,1,"2019/08/21 04:35:00",PUMP2,0
D,DISPATCH,UNIT_SCADA,1,"2019/08/21 04:35:00",QPS1,0
D,DISPATCH,UNIT_SCADA,1,"2019/08/21 04:35:00",QPS2,0
D,DISPATCH,UNIT_SCADA,1,"2019/08/21 04:35:00",QPS3,0
D,DISPATCH,UNIT_SCADA,1,"2019/08/21 04:35:00",QPS4,0
D,DISPATCH,UNIT_SCADA,1,"2019/08/21 04:35:00",QPS5,0
D,DISPATCH,UNIT_SCADA,1,"2019/08/21 04:35:00",REECE1,116.70
D,DISPATCH,UNIT_SCADA,1,"2019/08/21 04:35:00",REECE2,117.030010
D,DISPATCH,UNIT_SCADA,1,"2019/08/21 04:35:00",ROMA_7,0
D,DISPATCH,UNIT_SCADA,1,"2019/08/21 04:35:00",ROMA_8,0
D,DISPATCH,UNIT_SCADA,1,"2019/08/21 04:35:00",RRSF1,0
D,DISPATCH,UNIT_SCADA,1,"2019/08/21 04:35:00",RT_NSW1,0
D,DISPATCH,UNIT_SCADA,1,"2019/08/21 04:35:00",RT_NSW2,0
D,DISPATCH,UNIT_SCADA,1,"2019/08/21 04:35:00",RT_NSW3,0
D,DISPATCH,UNIT_SCADA,1,"2019/08/21 04:35:00",RT_NSW4,0
D,DISPATCH,UNIT_SCADA,1,"2019/08/21 04:35:00",RT_NSW5,0
D,DISPATCH,UNIT_SCADA,1,"2019/08/21 04:35:00",RT_NSW6,0
D,DISPATCH,UNIT_SCADA,1,"2019/08/21 04:35:00",RT_QLD1,0
D,DISPATCH,UNIT_SCADA,1,"2019/08/21 04:35:00",RT_SA1,0
D,DISPATCH,UNIT_SCADA,1,"2019/08/21 04:35:00",RT_SA2,0
D,DISPATCH,UNIT_SCADA,1,"2019/08/21 04:35:00",RT_SA3,0
D,DISPATCH,UNIT_SCADA,1,"2019/08/21 04:35:00",RT_SA4,0
D,DISPATCH,UNIT_SCADA,1,"2019/08/21 04:35:00",RT_SA5,0
D,DISPATCH,UNIT_SCADA,1,"2019/08/21 04:35:00",RT_SA6,0
D,DISPATCH,UNIT_SCADA,1,"2019/08/21 04:35:00",RT_TAS1,0
D,DISPATCH,UNIT_SCADA,1,"2019/08/21 04:35:00",RT_VIC1,0
D,DISPATCH,UNIT_SCADA,1,"2019/08/21 04:35:00",RT_VIC10,0
D,DISPATCH,UNIT_SCADA,1,"2019/08/21 04:35:00",RT_VIC11,0
D,DISPATCH,UNIT_SCADA,1,"2019/08/21 04:35:00",RT_VIC12,0
D,DISPATCH,UNIT_SCADA,1,"2019/08/21 04:35:00",RT_VIC2,0
D,DISPATCH,UNIT_SCADA,1,"2019/08/21 04:35:00",RT_VIC3,0
D,DISPATCH,UNIT_SCADA,1,"2019/08/21 04:35:00",RT_VIC4,0
D,DISPATCH,UNIT_SCADA,1,"2019/08/21 04:35:00",RT_VIC5,0
D,DISPATCH,UNIT_SCADA,1,"2019/08/21 04:35:00",RT_VIC6,0
D,DISPATCH,UNIT_SCADA,1,"2019/08/21 04:35:00",RT_VIC7,0
D,DISPATCH,UNIT_SCADA,1,"2019/08/21 04:35:00",RT_VIC8,0
D,DISPATCH,UNIT_SCADA,1,"2019/08/21 04:35:00",RT_VIC9,0
D,DISPATCH,UNIT_SCADA,1,"2019/08/21 04:35:00",RUGBYR1,0
D,DISPATCH,UNIT_SCADA,1,"2019/08/21 04:35:00",SALTCRK1,51.02
D,DISPATCH,UNIT_SCADA,1,"2019/08/21 04:35:00",SAPHWF1,173.381260
D,DISPATCH,UNIT_SCADA,1,"2019/08/21 04:35:00",SHGEN,0
D,DISPATCH,UNIT_SCADA,1,"2019/08/21 04:35:00",SHPUMP,159.048550
D,DISPATCH,UNIT_SCADA,1,"2019/08/21 04:35:00",SITHE01,0.123710
D,DISPATCH,UNIT_SCADA,1,"2019/08/21 04:35:00",SMCSF1,0
D,DISPATCH,UNIT_SCADA,1,"2019/08/21 04:35:00",SNOWNTH1,100.50
D,DISPATCH,UNIT_SCADA,1,"2019/08/21 04:35:00",SNOWSTH1,72.399990
D,DISPATCH,UNIT_SCADA,1,"2019/08/21 04:35:00",SNOWTWN1,40.996610
D,DISPATCH,UNIT_SCADA,1,"2019/08/21 04:35:00",SNOWYP,381.400020
D,DISPATCH,UNIT_SCADA,1,"2019/08/21 04:35:00",SNUG1,0.019440
D,DISPATCH,UNIT_SCADA,1,"2019/08/21 04:35:00",SRSF1,0.07
D,DISPATCH,UNIT_SCADA,1,"2019/08/21 04:35:00",STAN-1,0
D,DISPATCH,UNIT_SCADA,1,"2019/08/21 04:35:00",STAN-2,183.294540
D,DISPATCH,UNIT_SCADA,1,"2019/08/21 04:35:00",STAN-3,225.298480
D,DISPATCH,UNIT_SCADA,1,"2019/08/21 04:35:00",STAN-4,191.933730
D,DISPATCH,UNIT_SCADA,1,"2019/08/21 04:35:00",STWF1,135.9675
D,DISPATCH,UNIT_SCADA,1,"2019/08/21 04:35:00",SWAN_E,0
D,DISPATCH,UNIT_SCADA,1,"2019/08/21 04:35:00",TALWA1,190
D,DISPATCH,UNIT_SCADA,1,"2019/08/21 04:35:00",TARALGA1,49.3350
D,DISPATCH,UNIT_SCADA,1,"2019/08/21 04:35:00",TARONG#1,283.800020
D,DISPATCH,UNIT_SCADA,1,"2019/08/21 04:35:00",TARONG#2,110.80
D,DISPATCH,UNIT_SCADA,1,"2019/08/21 04:35:00",TARONG#3,259.899990
D,DISPATCH,UNIT_SCADA,1,"2019/08/21 04:35:00",TARONG#4,280.200010
D,DISPATCH,UNIT_SCADA,1,"2019/08/21 04:35:00",TARRALEA,85
D,DISPATCH,UNIT_SCADA,1,"2019/08/21 04:35:00",TBSF1,-0.30
D,DISPATCH,UNIT_SCADA,1,"2019/08/21 04:35:00",TNPS1,400.000030
D,DISPATCH,UNIT_SCADA,1,"2019/08/21 04:35:00",TORRA1,38.851050
D,DISPATCH,UNIT_SCADA,1,"2019/08/21 04:35:00",TORRA2,0
D,DISPATCH,UNIT_SCADA,1,"2019/08/21 04:35:00",TORRA3,0
D,DISPATCH,UNIT_SCADA,1,"2019/08/21 04:35:00",TORRA4,0
D,DISPATCH,UNIT_SCADA,1,"2019/08/21 04:35:00",TORRB1,38.92
D,DISPATCH,UNIT_SCADA,1,"2019/08/21 04:35:00",TORRB2,38.83
D,DISPATCH,UNIT_SCADA,1,"2019/08/21 04:35:00",TORRB3,0
D,DISPATCH,UNIT_SCADA,1,"2019/08/21 04:35:00",TORRB4,0
D,DISPATCH,UNIT_SCADA,1,"2019/08/21 04:35:00",TREVALLN,1.90
D,DISPATCH,UNIT_SCADA,1,"2019/08/21 04:35:00",TRIBUTE,0
D,DISPATCH,UNIT_SCADA,1,"2019/08/21 04:35:00",TUMUT3,0
D,DISPATCH,UNIT_SCADA,1,"2019/08/21 04:35:00",TUNGATIN,17.10
D,DISPATCH,UNIT_SCADA,1,"2019/08/21 04:35:00",TVCC201,0
D,DISPATCH,UNIT_SCADA,1,"2019/08/21 04:35:00",TVPP104,0
D,DISPATCH,UNIT_SCADA,1,"2019/08/21 04:35:00",UPPTUMUT,0
D,DISPATCH,UNIT_SCADA,1,"2019/08/21 04:35:00",URANQ11,0
D,DISPATCH,UNIT_SCADA,1,"2019/08/21 04:35:00",URANQ12,0
D,DISPATCH,UNIT_SCADA,1,"2019/08/21 04:35:00",URANQ13,0
D,DISPATCH,UNIT_SCADA,1,"2019/08/21 04:35:00",URANQ14,0
D,DISPATCH,UNIT_SCADA,1,"2019/08/21 04:35:00",VP5,313.600010
D,DISPATCH,UNIT_SCADA,1,"2019/08/21 04:35:00",VP6,305.299990
D,DISPATCH,UNIT_SCADA,1,"2019/08/21 04:35:00",VPGS1,0
D,DISPATCH,UNIT_SCADA,1,"2019/08/21 04:35:00",VPGS2,0
D,DISPATCH,UNIT_SCADA,1,"2019/08/21 04:35:00",VPGS3,0
D,DISPATCH,UNIT_SCADA,1,"2019/08/21 04:35:00",VPGS4,0
D,DISPATCH,UNIT_SCADA,1,"2019/08/21 04:35:00",VPGS5,0
D,DISPATCH,UNIT_SCADA,1,"2019/08/21 04:35:00",VPGS6,0
D,DISPATCH,UNIT_SCADA,1,"2019/08/21 04:35:00",W/HOE#1,0
D,DISPATCH,UNIT_SCADA,1,"2019/08/21 04:35:00",W/HOE#2,0
D,DISPATCH,UNIT_SCADA,1,"2019/08/21 04:35:00",WATERLWF,107.60
D,DISPATCH,UNIT_SCADA,1,"2019/08/21 04:35:00",WEMENSF1,0
D,DISPATCH,UNIT_SCADA,1,"2019/08/21 04:35:00",WGWF1,94.30
D,DISPATCH,UNIT_SCADA,1,"2019/08/21 04:35:00",WHITSF1,0
D,DISPATCH,UNIT_SCADA,1,"2019/08/21 04:35:00",WKIEWA1,16.60
D,DISPATCH,UNIT_SCADA,1,"2019/08/21 04:35:00",WKIEWA2,16.80
D,DISPATCH,UNIT_SCADA,1,"2019/08/21 04:35:00",WOODLWN1,45.0540
D,DISPATCH,UNIT_SCADA,1,"2019/08/21 04:35:00",WRSF1,0
D,DISPATCH,UNIT_SCADA,1,"2019/08/21 04:35:00",WRWF1,136.1375
D,DISPATCH,UNIT_SCADA,1,"2019/08/21 04:35:00",YABULU,0
D,DISPATCH,UNIT_SCADA,1,"2019/08/21 04:35:00",YABULU2,0
D,DISPATCH,UNIT_SCADA,1,"2019/08/21 04:35:00",YARWUN_1,0
D,DISPATCH,UNIT_SCADA,1,"2019/08/21 04:35:00",YENDWF1,42.10
D,DISPATCH,UNIT_SCADA,1,"2019/08/21 04:35:00",YWPS1,249.369610
D,DISPATCH,UNIT_SCADA,1,"2019/08/21 04:35:00",YWPS2,270.172150
D,DISPATCH,UNIT_SCADA,1,"2019/08/21 04:35:00",YWPS3,0
D,DISPATCH,UNIT_SCADA,1,"2019/08/21 04:35:00",YWPS4,290.230380
C,"END OF REPORT",334
