C,NEMP.WORLD,DISPATCHSCADA,AEMO,PUBLIC,2019/08/23,06:55:08,0000000311897131,DISPATCHSCADA,0000000311897125
I,DISPATCH,UNIT_SCADA,1,SETTLEMENTDATE,DUID,SCADAVALUE
D,DISPATCH,UNIT_SCADA,1,"2019/08/23 07:00:00",BARCSF1,0
D,DISPATCH,UNIT_SCADA,1,"2019/08/23 07:00:00",BUTLERSG,9.699999
D,DISPATCH,UNIT_SCADA,1,"2019/08/23 07:00:00",CALL_A_4,0
D,DISPATCH,UNIT_SCADA,1,"2019/08/23 07:00:00",CAPTL_WF,0
D,DISPATCH,UNIT_SCADA,1,"2019/08/23 07:00:00",CATHROCK,49.129997
D,DISPATCH,UNIT_SCADA,1,"2019/08/23 07:00:00",CHALLHWF,0
D,DISPATCH,UNIT_SCADA,1,"2019/08/23 07:00:00",CLOVER,-0.01
D,DISPATCH,UNIT_SCADA,1,"2019/08/23 07:00:00",CLUNY,20.344702
D,DISPATCH,UNIT_SCADA,1,"2019/08/23 07:00:00",CNUNDAWF,4.805606
D,DISPATCH,UNIT_SCADA,1,"2019/08/23 07:00:00",CULLRGWF,1.21
D,DISPATCH,UNIT_SCADA,1,"2019/08/23 07:00:00",ERGT01,0
D,DISPATCH,UNIT_SCADA,1,"2019/08/23 07:00:00",GB01,0.057629
D,DISPATCH,UNIT_SCADA,1,"2019/08/23 07:00:00",GERMCRK,37.50
D,DISPATCH,UNIT_SCADA,1,"2019/08/23 07:00:00",GRIFSF1,0.199997
D,DISPATCH,UNIT_SCADA,1,"2019/08/23 07:00:00",HUGSF1,0
D,DISPATCH,UNIT_SCADA,1,"2019/08/23 07:00:00",LKBONNY1,4.197540
D,DISPATCH,UNIT_SCADA,1,"2019/08/23 07:00:00",LRSF1,-0.0130
D,DISPATCH,UNIT_SCADA,1,"2019/08/23 07:00:00",MBAHNTH,55.481247
D,DISPATCH,UNIT_SCADA,1,"2019/08/23 07:00:00",MLSP1,0.180001
D,DISPATCH,UNIT_SCADA,1,"2019/08/23 07:00:00",MLWF1,3.45
D,DISPATCH,UNIT_SCADA,1,"2019/08/23 07:00:00",MTMILLAR,27.339378
D,DISPATCH,UNIT_SCADA,1,"2019/08/23 07:00:00",PALOONA,23.869999
D,DISPATCH,UNIT_SCADA,1,"2019/08/23 07:00:00",PIONEER,44.600002
D,DISPATCH,UNIT_SCADA,1,"2019/08/23 07:00:00",PORTWF,46.400002
D,DISPATCH,UNIT_SCADA,1,"2019/08/23 07:00:00",REPULSE,29.089190
D,DISPATCH,UNIT_SCADA,1,"2019/08/23 07:00:00",ROWALLAN,10.4796
D,DISPATCH,UNIT_SCADA,1,"2019/08/23 07:00:00",ROYALLA1,1.2820
D,DISPATCH,UNIT_SCADA,1,"2019/08/23 07:00:00",RPCG,11.40
D,DISPATCH,UNIT_SCADA,1,"2019/08/23 07:00:00",RUBICON,0
D,DISPATCH,UNIT_SCADA,1,"2019/08/23 07:00:00",SATGN1,0
D,DISPATCH,UNIT_SCADA,1,"2019/08/23 07:00:00",SATGS1,0
D,DISPATCH,UNIT_SCADA,1,"2019/08/23 07:00:00",STARHLWF,8.897406
D,DISPATCH,UNIT_SCADA,1,"2019/08/23 07:00:00",WAUBRAWF,0
D,DISPATCH,UNIT_SCADA,1,"2019/08/23 07:00:00",WOOLNTH1,33.490017
D,DISPATCH,UNIT_SCADA,1,"2019/08/23 07:00:00",WPWF,31
D,DISPATCH,UNIT_SCADA,1,"2019/08/23 07:00:00",YAMBUKWF,3.30
D,DISPATCH,UNIT_SCADA,1,"2019/08/23 07:00:00",YSWF1,2.70
D,DISPATCH,UNIT_SCADA,1,"2019/08/23 07:00:00",AGLHAL,0
D,DISPATCH,UNIT_SCADA,1,"2019/08/23 07:00:00",AGLSOM,0
D,DISPATCH,UNIT_SCADA,1,"2019/08/23 07:00:00",ANGAST1,0
D,DISPATCH,UNIT_SCADA,1,"2019/08/23 07:00:00",ARWF1,-0.20
D,DISPATCH,UNIT_SCADA,1,"2019/08/23 07:00:00",BALBG1,0
D,DISPATCH,UNIT_SCADA,1,"2019/08/23 07:00:00",BALBL1,0
D,DISPATCH,UNIT_SCADA,1,"2019/08/23 07:00:00",BALDHWF1,21.2350
D,DISPATCH,UNIT_SCADA,1,"2019/08/23 07:00:00",BANN1,0
D,DISPATCH,UNIT_SCADA,1,"2019/08/23 07:00:00",BARCALDN,0
D,DISPATCH,UNIT_SCADA,1,"2019/08/23 07:00:00",BARRON-1,0
D,DISPATCH,UNIT_SCADA,1,"2019/08/23 07:00:00",BARRON-2,27.44
D,DISPATCH,UNIT_SCADA,1,"2019/08/23 07:00:00",BASTYAN,77.900010
D,DISPATCH,UNIT_SCADA,1,"2019/08/23 07:00:00",BBTHREE1,-1.95
D,DISPATCH,UNIT_SCADA,1,"2019/08/23 07:00:00",BBTHREE2,-1.99
D,DISPATCH,UNIT_SCADA,1,"2019/08/23 07:00:00",BBTHREE3,-1.02
D,DISPATCH,UNIT_SCADA,1,"2019/08/23 07:00:00",BDL01,19.98
D,DISPATCH,UNIT_SCADA,1,"2019/08/23 07:00:00",BDL02,42.60
D,DISPATCH,UNIT_SCADA,1,"2019/08/23 07:00:00",BERYLSF1,3.531650
D,DISPATCH,UNIT_SCADA,1,"2019/08/23 07:00:00",BLOWERNG,0
D,DISPATCH,UNIT_SCADA,1,"2019/08/23 07:00:00",BLUFF1,8.80
D,DISPATCH,UNIT_SCADA,1,"2019/08/23 07:00:00",BNGSF1,0
D,DISPATCH,UNIT_SCADA,1,"2019/08/23 07:00:00",BNGSF2,0
D,DISPATCH,UNIT_SCADA,1,"2019/08/23 07:00:00",BOCORWF1,0.82
D,DISPATCH,UNIT_SCADA,1,"2019/08/23 07:00:00",BODWF1,62.6098
D,DISPATCH,UNIT_SCADA,1,"2019/08/23 07:00:00",BRAEMAR1,0
D,DISPATCH,UNIT_SCADA,1,"2019/08/23 07:00:00",BRAEMAR2,173.400010
D,DISPATCH,UNIT_SCADA,1,"2019/08/23 07:00:00",BRAEMAR3,0
D,DISPATCH,UNIT_SCADA,1,"2019/08/23 07:00:00",BRAEMAR5,0
D,DISPATCH,UNIT_SCADA,1,"2019/08/23 07:00:00",BRAEMAR6,159.867050
D,DISPATCH,UNIT_SCADA,1,"2019/08/23 07:00:00",BRAEMAR7,0
D,DISPATCH,UNIT_SCADA,1,"2019/08/23 07:00:00",BROKENH1,0
D,DISPATCH,UNIT_SCADA,1,"2019/08/23 07:00:00",BW01,654.049930
D,DISPATCH,UNIT_SCADA,1,"2019/08/23 07:00:00",BW02,650.450070
D,DISPATCH,UNIT_SCADA,1,"2019/08/23 07:00:00",BW03,659.599980
D,DISPATCH,UNIT_SCADA,1,"2019/08/23 07:00:00",BW04,0
D,DISPATCH,UNIT_SCADA,1,"2019/08/23 07:00:00",CALL_B_1,350
D,DISPATCH,UNIT_SCADA,1,"2019/08/23 07:00:00",CALL_B_2,348.600010
D,DISPATCH,UNIT_SCADA,1,"2019/08/23 07:00:00",CETHANA,98.004880
D,DISPATCH,UNIT_SCADA,1,"2019/08/23 07:00:00",CG1,0
D,DISPATCH,UNIT_SCADA,1,"2019/08/23 07:00:00",CG2,0
D,DISPATCH,UNIT_SCADA,1,"2019/08/23 07:00:00",CG3,0
D,DISPATCH,UNIT_SCADA,1,"2019/08/23 07:00:00",CG4,0
D,DISPATCH,UNIT_SCADA,1,"2019/08/23 07:00:00",CHILDSF1,9.04
D,DISPATCH,UNIT_SCADA,1,"2019/08/23 07:00:00",CLARESF1,0
D,DISPATCH,UNIT_SCADA,1,"2019/08/23 07:00:00",CLEMGPWF,19.521490
D,DISPATCH,UNIT_SCADA,1,"2019/08/23 07:00:00",CLERMSF1,3.01
D,DISPATCH,UNIT_SCADA,1,"2019/08/23 07:00:00",COLEASF1,0
D,DISPATCH,UNIT_SCADA,1,"2019/08/23 07:00:00",COOPGWF1,23.223990
D,DISPATCH,UNIT_SCADA,1,"2019/08/23 07:00:00",CPP_3,404.800020
D,DISPATCH,UNIT_SCADA,1,"2019/08/23 07:00:00",CPP_4,405.350010
D,DISPATCH,UNIT_SCADA,1,"2019/08/23 07:00:00",CPSA,141.5050
D,DISPATCH,UNIT_SCADA,1,"2019/08/23 07:00:00",CROOKWF2,0.676250
D,DISPATCH,UNIT_SCADA,1,"2019/08/23 07:00:00",CROWLWF1,-0.256540
D,DISPATCH,UNIT_SCADA,1,"2019/08/23 07:00:00",CSPVPS1,2.1470
D,DISPATCH,UNIT_SCADA,1,"2019/08/23 07:00:00",DALNTH01,0
D,DISPATCH,UNIT_SCADA,1,"2019/08/23 07:00:00",DALNTHL1,0.050350
D,DISPATCH,UNIT_SCADA,1,"2019/08/23 07:00:00",DARTM1,132.50
D,DISPATCH,UNIT_SCADA,1,"2019/08/23 07:00:00",DAYDSF1,18.8750
D,DISPATCH,UNIT_SCADA,1,"2019/08/23 07:00:00",DDPS1,486.997620
D,DISPATCH,UNIT_SCADA,1,"2019/08/23 07:00:00",DDSF1,10.4960
D,DISPATCH,UNIT_SCADA,1,"2019/08/23 07:00:00",DEVILS_G,0
D,DISPATCH,UNIT_SCADA,1,"2019/08/23 07:00:00",DG_NSW1,0
D,DISPATCH,UNIT_SCADA,1,"2019/08/23 07:00:00",DG_QLD1,0
D,DISPATCH,UNIT_SCADA,1,"2019/08/23 07:00:00",DG_SA1,0
D,DISPATCH,UNIT_SCADA,1,"2019/08/23 07:00:00",DG_TAS1,0
D,DISPATCH,UNIT_SCADA,1,"2019/08/23 07:00:00",DG_VIC1,0
D,DISPATCH,UNIT_SCADA,1,"2019/08/23 07:00:00",DRYCGT1,0
D,DISPATCH,UNIT_SCADA,1,"2019/08/23 07:00:00",DRYCGT2,0
D,DISPATCH,UNIT_SCADA,1,"2019/08/23 07:00:00",DRYCGT3,0
D,DISPATCH,UNIT_SCADA,1,"2019/08/23 07:00:00",EILDON1,0
D,DISPATCH,UNIT_SCADA,1,"2019/08/23 07:00:00",EILDON2,0
D,DISPATCH,UNIT_SCADA,1,"2019/08/23 07:00:00",EMERASF1,5.67
D,DISPATCH,UNIT_SCADA,1,"2019/08/23 07:00:00",ER01,594.7251
D,DISPATCH,UNIT_SCADA,1,"2019/08/23 07:00:00",ER02,698.674930
D,DISPATCH,UNIT_SCADA,1,"2019/08/23 07:00:00",ER03,699.575070
D,DISPATCH,UNIT_SCADA,1,"2019/08/23 07:00:00",ER04,617.574950
D,DISPATCH,UNIT_SCADA,1,"2019/08/23 07:00:00",FINLYSF1,0
D,DISPATCH,UNIT_SCADA,1,"2019/08/23 07:00:00",FISHER,45.87
D,DISPATCH,UNIT_SCADA,1,"2019/08/23 07:00:00",GANNBG1,0
D,DISPATCH,UNIT_SCADA,1,"2019/08/23 07:00:00",GANNBL1,0.004750
D,DISPATCH,UNIT_SCADA,1,"2019/08/23 07:00:00",GANNSF1,0.10
D,DISPATCH,UNIT_SCADA,1,"2019/08/23 07:00:00",GORDON,197.635190
D,DISPATCH,UNIT_SCADA,1,"2019/08/23 07:00:00",GSTONE1,250.4250
D,DISPATCH,UNIT_SCADA,1,"2019/08/23 07:00:00",GSTONE2,230.30
D,DISPATCH,UNIT_SCADA,1,"2019/08/23 07:00:00",GSTONE3,229.25
D,DISPATCH,UNIT_SCADA,1,"2019/08/23 07:00:00",GSTONE4,240.274990
D,DISPATCH,UNIT_SCADA,1,"2019/08/23 07:00:00",GSTONE5,250.599990
D,DISPATCH,UNIT_SCADA,1,"2019/08/23 07:00:00",GSTONE6,0
D,DISPATCH,UNIT_SCADA,1,"2019/08/23 07:00:00",GULLRSF1,0.972780
D,DISPATCH,UNIT_SCADA,1,"2019/08/23 07:00:00",GULLRWF1,23.827790
D,DISPATCH,UNIT_SCADA,1,"2019/08/23 07:00:00",GUNNING1,6.639290
D,DISPATCH,UNIT_SCADA,1,"2019/08/23 07:00:00",GUTHEGA,0
D,DISPATCH,UNIT_SCADA,1,"2019/08/23 07:00:00",HALLWF1,34.17
D,DISPATCH,UNIT_SCADA,1,"2019/08/23 07:00:00",HALLWF2,22.18
D,DISPATCH,UNIT_SCADA,1,"2019/08/23 07:00:00",HAMISF1,5
D,DISPATCH,UNIT_SCADA,1,"2019/08/23 07:00:00",HAUGHT11,14.285820
D,DISPATCH,UNIT_SCADA,1,"2019/08/23 07:00:00",HAYMSF1,7.2330
D,DISPATCH,UNIT_SCADA,1,"2019/08/23 07:00:00",HDWF1,51.30
D,DISPATCH,UNIT_SCADA,1,"2019/08/23 07:00:00",HDWF2,50.10
D,DISPATCH,UNIT_SCADA,1,"2019/08/23 07:00:00",HDWF3,41.80
D,DISPATCH,UNIT_SCADA,1,"2019/08/23 07:00:00",HPRG1,0
D,DISPATCH,UNIT_SCADA,1,"2019/08/23 07:00:00",HPRL1,0
D,DISPATCH,UNIT_SCADA,1,"2019/08/23 07:00:00",HUMENSW,0
D,DISPATCH,UNIT_SCADA,1,"2019/08/23 07:00:00",HUMEV,8
D,DISPATCH,UNIT_SCADA,1,"2019/08/23 07:00:00",HVGTS,0
D,DISPATCH,UNIT_SCADA,1,"2019/08/23 07:00:00",JBUTTERS,138.86
D,DISPATCH,UNIT_SCADA,1,"2019/08/23 07:00:00",JLA01,0.10
D,DISPATCH,UNIT_SCADA,1,"2019/08/23 07:00:00",JLA02,53.30
D,DISPATCH,UNIT_SCADA,1,"2019/08/23 07:00:00",JLA03,0.10
D,DISPATCH,UNIT_SCADA,1,"2019/08/23 07:00:00",JLA04,0.10
D,DISPATCH,UNIT_SCADA,1,"2019/08/23 07:00:00",JLB01,0
D,DISPATCH,UNIT_SCADA,1,"2019/08/23 07:00:00",JLB02,83.80
D,DISPATCH,UNIT_SCADA,1,"2019/08/23 07:00:00",JLB03,83.90
D,DISPATCH,UNIT_SCADA,1,"2019/08/23 07:00:00",KAREEYA1,21.4625
D,DISPATCH,UNIT_SCADA,1,"2019/08/23 07:00:00",KAREEYA2,21.57
D,DISPATCH,UNIT_SCADA,1,"2019/08/23 07:00:00",KAREEYA3,0
D,DISPATCH,UNIT_SCADA,1,"2019/08/23 07:00:00",KAREEYA4,21.6850
D,DISPATCH,UNIT_SCADA,1,"2019/08/23 07:00:00",KARSF1,0
D,DISPATCH,UNIT_SCADA,1,"2019/08/23 07:00:00",KIATAWF1,6.20
D,DISPATCH,UNIT_SCADA,1,"2019/08/23 07:00:00",KPP_1,0
D,DISPATCH,UNIT_SCADA,1,"2019/08/23 07:00:00",KSP1,3.17
D,DISPATCH,UNIT_SCADA,1,"2019/08/23 07:00:00",LADBROK1,43.46
D,DISPATCH,UNIT_SCADA,1,"2019/08/23 07:00:00",LADBROK2,42.60
D,DISPATCH,UNIT_SCADA,1,"2019/08/23 07:00:00",LD01,377.643770
D,DISPATCH,UNIT_SCADA,1,"2019/08/23 07:00:00",LD02,298.3125
D,DISPATCH,UNIT_SCADA,1,"2019/08/23 07:00:00",LD03,419.418730
D,DISPATCH,UNIT_SCADA,1,"2019/08/23 07:00:00",LD04,376.275050
D,DISPATCH,UNIT_SCADA,1,"2019/08/23 07:00:00",LEM_WIL,86.084950
D,DISPATCH,UNIT_SCADA,1,"2019/08/23 07:00:00",LGAPWF1,16.08
D,DISPATCH,UNIT_SCADA,1,"2019/08/23 07:00:00",LILYSF1,10.5513
D,DISPATCH,UNIT_SCADA,1,"2019/08/23 07:00:00",LI_WY_CA,149.748340
D,DISPATCH,UNIT_SCADA,1,"2019/08/23 07:00:00",LKBONNY2,12.553550
D,DISPATCH,UNIT_SCADA,1,"2019/08/23 07:00:00",LKBONNY3,2.232880
D,DISPATCH,UNIT_SCADA,1,"2019/08/23 07:00:00",LK_ECHO,0
D,DISPATCH,UNIT_SCADA,1,"2019/08/23 07:00:00",LNGS1,0
D,DISPATCH,UNIT_SCADA,1,"2019/08/23 07:00:00",LNGS2,0
D,DISPATCH,UNIT_SCADA,1,"2019/08/23 07:00:00",LONSDALE,0
D,DISPATCH,UNIT_SCADA,1,"2019/08/23 07:00:00",LOYYB1,535.712650
D,DISPATCH,UNIT_SCADA,1,"2019/08/23 07:00:00",LOYYB2,582.330380
D,DISPATCH,UNIT_SCADA,1,"2019/08/23 07:00:00",LYA1,560
D,DISPATCH,UNIT_SCADA,1,"2019/08/23 07:00:00",LYA2,0
D,DISPATCH,UNIT_SCADA,1,"2019/08/23 07:00:00",LYA3,559
D,DISPATCH,UNIT_SCADA,1,"2019/08/23 07:00:00",LYA4,539
D,DISPATCH,UNIT_SCADA,1,"2019/08/23 07:00:00",MACARTH1,48.298890
D,DISPATCH,UNIT_SCADA,1,"2019/08/23 07:00:00",MACKAYGT,0
D,DISPATCH,UNIT_SCADA,1,"2019/08/23 07:00:00",MACKNTSH,87.100010
D,DISPATCH,UNIT_SCADA,1,"2019/08/23 07:00:00",MANSLR1,1.3330
D,DISPATCH,UNIT_SCADA,1,"2019/08/23 07:00:00",MCKAY1,0.02
D,DISPATCH,UNIT_SCADA,1,"2019/08/23 07:00:00",MEADOWBK,34.0102
D,DISPATCH,UNIT_SCADA,1,"2019/08/23 07:00:00",MERCER01,6.4990
D,DISPATCH,UNIT_SCADA,1,"2019/08/23 07:00:00",MEWF1,94.3104
D,DISPATCH,UNIT_SCADA,1,"2019/08/23 07:00:00",MINTARO,0
D,DISPATCH,UNIT_SCADA,1,"2019/08/23 07:00:00",MOREESF1,6.6580
D,DISPATCH,UNIT_SCADA,1,"2019/08/23 07:00:00",MORTLK11,259
D,DISPATCH,UNIT_SCADA,1,"2019/08/23 07:00:00",MORTLK12,0
D,DISPATCH,UNIT_SCADA,1,"2019/08/23 07:00:00",MP1,387.900020
D,DISPATCH,UNIT_SCADA,1,"2019/08/23 07:00:00",MP2,0
D,DISPATCH,UNIT_SCADA,1,"2019/08/23 07:00:00",MPP_1,390
D,DISPATCH,UNIT_SCADA,1,"2019/08/23 07:00:00",MPP_2,434
D,DISPATCH,UNIT_SCADA,1,"2019/08/23 07:00:00",MSTUART1,0
D,DISPATCH,UNIT_SCADA,1,"2019/08/23 07:00:00",MSTUART2,0
D,DISPATCH,UNIT_SCADA,1,"2019/08/23 07:00:00",MSTUART3,0
D,DISPATCH,UNIT_SCADA,1,"2019/08/23 07:00:00",MTGELWF1,6.624040
D,DISPATCH,UNIT_SCADA,1,"2019/08/23 07:00:00",MURRAY,799.022460
D,DISPATCH,UNIT_SCADA,1,"2019/08/23 07:00:00",MUSSELR1,87.70
D,DISPATCH,UNIT_SCADA,1,"2019/08/23 07:00:00",MUWAWF1,2.30
D,DISPATCH,UNIT_SCADA,1,"2019/08/23 07:00:00",NBHWF1,50.80
D,DISPATCH,UNIT_SCADA,1,"2019/08/23 07:00:00",NPS,510.75
D,DISPATCH,UNIT_SCADA,1,"2019/08/23 07:00:00",NUMURSF1,0
D,DISPATCH,UNIT_SCADA,1,"2019/08/23 07:00:00",NYNGAN1,1.75
D,DISPATCH,UNIT_SCADA,1,"2019/08/23 07:00:00",OAKEY1,0
D,DISPATCH,UNIT_SCADA,1,"2019/08/23 07:00:00",OAKEY1SF,3.46
D,DISPATCH,UNIT_SCADA,1,"2019/08/23 07:00:00",OAKEY2,0
D,DISPATCH,UNIT_SCADA,1,"2019/08/23 07:00:00",OAKLAND1,0.40
D,DISPATCH,UNIT_SCADA,1,"2019/08/23 07:00:00",OSB-AG,187.56
D,DISPATCH,UNIT_SCADA,1,"2019/08/23 07:00:00",PARSF1,2.50
D,DISPATCH,UNIT_SCADA,1,"2019/08/23 07:00:00",POAT110,7.98
D,DISPATCH,UNIT_SCADA,1,"2019/08/23 07:00:00",POAT220,110.282570
D,DISPATCH,UNIT_SCADA,1,"2019/08/23 07:00:00",POR01,0
D,DISPATCH,UNIT_SCADA,1,"2019/08/23 07:00:00",POR03,0
D,DISPATCH,UNIT_SCADA,1,"2019/08/23 07:00:00",PPCCGT,505.749020
D,DISPATCH,UNIT_SCADA,1,"2019/08/23 07:00:00",PTSTAN1,0
D,DISPATCH,UNIT_SCADA,1,"2019/08/23 07:00:00",PUMP1,0
D,DISPATCH,UNIT_SCADA,1,"2019/08/23 07:00:00",PUMP2,0
D,DISPATCH,UNIT_SCADA,1,"2019/08/23 07:00:00",QPS1,28.90
D,DISPATCH,UNIT_SCADA,1,"2019/08/23 07:00:00",QPS2,0
D,DISPATCH,UNIT_SCADA,1,"2019/08/23 07:00:00",QPS3,0
D,DISPATCH,UNIT_SCADA,1,"2019/08/23 07:00:00",QPS4,0
D,DISPATCH,UNIT_SCADA,1,"2019/08/23 07:00:00",QPS5,126.32
D,DISPATCH,UNIT_SCADA,1,"2019/08/23 07:00:00",REECE1,118.440010
D,DISPATCH,UNIT_SCADA,1,"2019/08/23 07:00:00",REECE2,118.510010
D,DISPATCH,UNIT_SCADA,1,"2019/08/23 07:00:00",ROMA_7,0
D,DISPATCH,UNIT_SCADA,1,"2019/08/23 07:00:00",ROMA_8,0
D,DISPATCH,UNIT_SCADA,1,"2019/08/23 07:00:00",RRSF1,5.016350
D,DISPATCH,UNIT_SCADA,1,"2019/08/23 07:00:00",RT_NSW1,0
D,DISPATCH,UNIT_SCADA,1,"2019/08/23 07:00:00",RT_NSW2,0
D,DISPATCH,UNIT_SCADA,1,"2019/08/23 07:00:00",RT_NSW3,0
D,DISPATCH,UNIT_SCADA,1,"2019/08/23 07:00:00",RT_NSW4,0
D,DISPATCH,UNIT_SCADA,1,"2019/08/23 07:00:00",RT_NSW5,0
D,DISPATCH,UNIT_SCADA,1,"2019/08/23 07:00:00",RT_NSW6,0
D,DISPATCH,UNIT_SCADA,1,"2019/08/23 07:00:00",RT_QLD1,0
D,DISPATCH,UNIT_SCADA,1,"2019/08/23 07:00:00",RT_SA1,0
D,DISPATCH,UNIT_SCADA,1,"2019/08/23 07:00:00",RT_SA2,0
D,DISPATCH,UNIT_SCADA,1,"2019/08/23 07:00:00",RT_SA3,0
D,DISPATCH,UNIT_SCADA,1,"2019/08/23 07:00:00",RT_SA4,0
D,DISPATCH,UNIT_SCADA,1,"2019/08/23 07:00:00",RT_SA5,0
D,DISPATCH,UNIT_SCADA,1,"2019/08/23 07:00:00",RT_SA6,0
D,DISPATCH,UNIT_SCADA,1,"2019/08/23 07:00:00",RT_TAS1,0
D,DISPATCH,UNIT_SCADA,1,"2019/08/23 07:00:00",RT_VIC1,0
D,DISPATCH,UNIT_SCADA,1,"2019/08/23 07:00:00",RT_VIC10,0
D,DISPATCH,UNIT_SCADA,1,"2019/08/23 07:00:00",RT_VIC11,0
D,DISPATCH,UNIT_SCADA,1,"2019/08/23 07:00:00",RT_VIC12,0
D,DISPATCH,UNIT_SCADA,1,"2019/08/23 07:00:00",RT_VIC2,0
D,DISPATCH,UNIT_SCADA,1,"2019/08/23 07:00:00",RT_VIC3,0
D,DISPATCH,UNIT_SCADA,1,"2019/08/23 07:00:00",RT_VIC4,0
D,DISPATCH,UNIT_SCADA,1,"2019/08/23 07:00:00",RT_VIC5,0
D,DISPATCH,UNIT_SCADA,1,"2019/08/23 07:00:00",RT_VIC6,0
D,DISPATCH,UNIT_SCADA,1,"2019/08/23 07:00:00",RT_VIC7,0
D,DISPATCH,UNIT_SCADA,1,"2019/08/23 07:00:00",RT_VIC8,0
D,DISPATCH,UNIT_SCADA,1,"2019/08/23 07:00:00",RT_VIC9,0
D,DISPATCH,UNIT_SCADA,1,"2019/08/23 07:00:00",RUGBYR1,3.853440
D,DISPATCH,UNIT_SCADA,1,"2019/08/23 07:00:00",SALTCRK1,5.60
D,DISPATCH,UNIT_SCADA,1,"2019/08/23 07:00:00",SAPHWF1,14.934360
D,DISPATCH,UNIT_SCADA,1,"2019/08/23 07:00:00",SHGEN,198.991640
D,DISPATCH,UNIT_SCADA,1,"2019/08/23 07:00:00",SHPUMP,0
D,DISPATCH,UNIT_SCADA,1,"2019/08/23 07:00:00",SITHE01,123.598120
D,DISPATCH,UNIT_SCADA,1,"2019/08/23 07:00:00",SMCSF1,4.958070
D,DISPATCH,UNIT_SCADA,1,"2019/08/23 07:00:00",SNOWNTH1,94.70
D,DISPATCH,UNIT_SCADA,1,"2019/08/23 07:00:00",SNOWSTH1,58.90
D,DISPATCH,UNIT_SCADA,1,"2019/08/23 07:00:00",SNOWTWN1,63.476290
D,DISPATCH,UNIT_SCADA,1,"2019/08/23 07:00:00",SNOWYP,0
D,DISPATCH,UNIT_SCADA,1,"2019/08/23 07:00:00",SNUG1,0.019440
D,DISPATCH,UNIT_SCADA,1,"2019/08/23 07:00:00",SRSF1,0.96
D,DISPATCH,UNIT_SCADA,1,"2019/08/23 07:00:00",STAN-1,0
D,DISPATCH,UNIT_SCADA,1,"2019/08/23 07:00:00",STAN-2,342.658230
D,DISPATCH,UNIT_SCADA,1,"2019/08/23 07:00:00",STAN-3,340.017790
D,DISPATCH,UNIT_SCADA,1,"2019/08/23 07:00:00",STAN-4,358.206240
D,DISPATCH,UNIT_SCADA,1,"2019/08/23 07:00:00",STWF1,112.23
D,DISPATCH,UNIT_SCADA,1,"2019/08/23 07:00:00",SWAN_E,0
D,DISPATCH,UNIT_SCADA,1,"2019/08/23 07:00:00",TALWA1,429
D,DISPATCH,UNIT_SCADA,1,"2019/08/23 07:00:00",TARALGA1,0
D,DISPATCH,UNIT_SCADA,1,"2019/08/23 07:00:00",TARONG#1,346.800020
D,DISPATCH,UNIT_SCADA,1,"2019/08/23 07:00:00",TARONG#2,179.900010
D,DISPATCH,UNIT_SCADA,1,"2019/08/23 07:00:00",TARONG#3,278.50
D,DISPATCH,UNIT_SCADA,1,"2019/08/23 07:00:00",TARONG#4,349.399990
D,DISPATCH,UNIT_SCADA,1,"2019/08/23 07:00:00",TARRALEA,83.70
D,DISPATCH,UNIT_SCADA,1,"2019/08/23 07:00:00",TBSF1,-0.20
D,DISPATCH,UNIT_SCADA,1,"2019/08/23 07:00:00",TNPS1,441.700010
D,DISPATCH,UNIT_SCADA,1,"2019/08/23 07:00:00",TORRA1,111.2765
D,DISPATCH,UNIT_SCADA,1,"2019/08/23 07:00:00",TORRA2,37.0299
D,DISPATCH,UNIT_SCADA,1,"2019/08/23 07:00:00",TORRA3,0
D,DISPATCH,UNIT_SCADA,1,"2019/08/23 07:00:00",TORRA4,0
D,DISPATCH,UNIT_SCADA,1,"2019/08/23 07:00:00",TORRB1,0
D,DISPATCH,UNIT_SCADA,1,"2019/08/23 07:00:00",TORRB2,193.570010
D,DISPATCH,UNIT_SCADA,1,"2019/08/23 07:00:00",TORRB3,0
D,DISPATCH,UNIT_SCADA,1,"2019/08/23 07:00:00",TORRB4,0
D,DISPATCH,UNIT_SCADA,1,"2019/08/23 07:00:00",TREVALLN,85.550030
D,DISPATCH,UNIT_SCADA,1,"2019/08/23 07:00:00",TRIBUTE,83.85
D,DISPATCH,UNIT_SCADA,1,"2019/08/23 07:00:00",TUMUT3,111.63
D,DISPATCH,UNIT_SCADA,1,"2019/08/23 07:00:00",TUNGATIN,137.930040
D,DISPATCH,UNIT_SCADA,1,"2019/08/23 07:00:00",TVCC201,0
D,DISPATCH,UNIT_SCADA,1,"2019/08/23 07:00:00",TVPP104,57.904710
D,DISPATCH,UNIT_SCADA,1,"2019/08/23 07:00:00",UPPTUMUT,0
D,DISPATCH,UNIT_SCADA,1,"2019/08/23 07:00:00",URANQ11,0
D,DISPATCH,UNIT_SCADA,1,"2019/08/23 07:00:00",URANQ12,0
D,DISPATCH,UNIT_SCADA,1,"2019/08/23 07:00:00",URANQ13,0
D,DISPATCH,UNIT_SCADA,1,"2019/08/23 07:00:00",URANQ14,0
D,DISPATCH,UNIT_SCADA,1,"2019/08/23 07:00:00",VP5,630.775020
D,DISPATCH,UNIT_SCADA,1,"2019/08/23 07:00:00",VP6,396.8750
D,DISPATCH,UNIT_SCADA,1,"2019/08/23 07:00:00",VPGS1,0
D,DISPATCH,UNIT_SCADA,1,"2019/08/23 07:00:00",VPGS2,0
D,DISPATCH,UNIT_SCADA,1,"2019/08/23 07:00:00",VPGS3,0
D,DISPATCH,UNIT_SCADA,1,"2019/08/23 07:00:00",VPGS4,0
D,DISPATCH,UNIT_SCADA,1,"2019/08/23 07:00:00",VPGS5,0
D,DISPATCH,UNIT_SCADA,1,"2019/08/23 07:00:00",VPGS6,0
D,DISPATCH,UNIT_SCADA,1,"2019/08/23 07:00:00",W/HOE#1,0
D,DISPATCH,UNIT_SCADA,1,"2019/08/23 07:00:00",W/HOE#2,0
D,DISPATCH,UNIT_SCADA,1,"2019/08/23 07:00:00",WATERLWF,27.70
D,DISPATCH,UNIT_SCADA,1,"2019/08/23 07:00:00",WEMENSF1,0
D,DISPATCH,UNIT_SCADA,1,"2019/08/23 07:00:00",WGWF1,41
D,DISPATCH,UNIT_SCADA,1,"2019/08/23 07:00:00",WHITSF1,5.20
D,DISPATCH,UNIT_SCADA,1,"2019/08/23 07:00:00",WKIEWA1,31
D,DISPATCH,UNIT_SCADA,1,"2019/08/23 07:00:00",WKIEWA2,15.60
D,DISPATCH,UNIT_SCADA,1,"2019/08/23 07:00:00",WOODLWN1,0
D,DISPATCH,UNIT_SCADA,1,"2019/08/23 07:00:00",WRSF1,3.53
D,DISPATCH,UNIT_SCADA,1,"2019/08/23 07:00:00",WRWF1,22.759990
D,DISPATCH,UNIT_SCADA,1,"2019/08/23 07:00:00",YABULU,0
D,DISPATCH,UNIT_SCADA,1,"2019/08/23 07:00:00",YABULU2,0
D,DISPATCH,UNIT_SCADA,1,"2019/08/23 07:00:00",YARWUN_1,0
D,DISPATCH,UNIT_SCADA,1,"2019/08/23 07:00:00",YENDWF1,0.56
D,DISPATCH,UNIT_SCADA,1,"2019/08/23 07:00:00",YWPS1,377.944310
D,DISPATCH,UNIT_SCADA,1,"2019/08/23 07:00:00",YWPS2,278.192410
D,DISPATCH,UNIT_SCADA,1,"2019/08/23 07:00:00",YWPS3,0
D,DISPATCH,UNIT_SCADA,1,"2019/08/23 07:00:00",YWPS4,0
C,"END OF REPORT",334
