C,NEMP.WORLD,DISPATCHSCADA,AEMO,PUBLIC,2019/09/05,18:30:08,0000000312432499,DISPATCHSCADA,0000000312432493
I,DISPATCH,UNIT_SCADA,1,SETTLEMENTDATE,DUID,SCADAVALUE
D,DISPATCH,UNIT_SCADA,1,"2019/09/05 18:35:00",BARCSF1,0.30
D,DISPATCH,UNIT_SCADA,1,"2019/09/05 18:35:00",BUTLERSG,10.199999
D,DISPATCH,UNIT_SCADA,1,"2019/09/05 18:35:00",CALL_A_4,0
D,DISPATCH,UNIT_SCADA,1,"2019/09/05 18:35:00",CAPTL_WF,0
D,DISPATCH,UNIT_SCADA,1,"2019/09/05 18:35:00",CATHROCK,28.319998
D,DISPATCH,UNIT_SCADA,1,"2019/09/05 18:35:00",CHALLHWF,8.70
D,DISPATCH,UNIT_SCADA,1,"2019/09/05 18:35:00",CLOVER,-0.01
D,DISPATCH,UNIT_SCADA,1,"2019/09/05 18:35:00",CLUNY,17.768368
D,DISPATCH,UNIT_SCADA,1,"2019/09/05 18:35:00",CNUNDAWF,7.308526
D,DISPATCH,UNIT_SCADA,1,"2019/09/05 18:35:00",CULLRGWF,-0.08
D,DISPATCH,UNIT_SCADA,1,"2019/09/05 18:35:00",ERGT01,0
D,DISPATCH,UNIT_SCADA,1,"2019/09/05 18:35:00",GB01,0.007591
D,DISPATCH,UNIT_SCADA,1,"2019/09/05 18:35:00",GERMCRK,36
D,DISPATCH,UNIT_SCADA,1,"2019/09/05 18:35:00",GRIFSF1,0
D,DISPATCH,UNIT_SCADA,1,"2019/09/05 18:35:00",HUGSF1,-0.1310
D,DISPATCH,UNIT_SCADA,1,"2019/09/05 18:35:00",LKBONNY1,10.359886
D,DISPATCH,UNIT_SCADA,1,"2019/09/05 18:35:00",LRSF1,-0.0010
D,DISPATCH,UNIT_SCADA,1,"2019/09/05 18:35:00",MBAHNTH,46.856247
D,DISPATCH,UNIT_SCADA,1,"2019/09/05 18:35:00",MLSP1,0
D,DISPATCH,UNIT_SCADA,1,"2019/09/05 18:35:00",MLWF1,9.389999
D,DISPATCH,UNIT_SCADA,1,"2019/09/05 18:35:00",MTMILLAR,42.504772
D,DISPATCH,UNIT_SCADA,1,"2019/09/05 18:35:00",PALOONA,25.619999
D,DISPATCH,UNIT_SCADA,1,"2019/09/05 18:35:00",PIONEER,47.900002
D,DISPATCH,UNIT_SCADA,1,"2019/09/05 18:35:00",PORTWF,40.900002
D,DISPATCH,UNIT_SCADA,1,"2019/09/05 18:35:00",REPULSE,29.240559
D,DISPATCH,UNIT_SCADA,1,"2019/09/05 18:35:00",ROWALLAN,10.3376
D,DISPATCH,UNIT_SCADA,1,"2019/09/05 18:35:00",ROYALLA1,0
D,DISPATCH,UNIT_SCADA,1,"2019/09/05 18:35:00",RPCG,9.10
D,DISPATCH,UNIT_SCADA,1,"2019/09/05 18:35:00",RUBICON,0
D,DISPATCH,UNIT_SCADA,1,"2019/09/05 18:35:00",SATGN1,0
D,DISPATCH,UNIT_SCADA,1,"2019/09/05 18:35:00",SATGS1,0
D,DISPATCH,UNIT_SCADA,1,"2019/09/05 18:35:00",STARHLWF,28.991547
D,DISPATCH,UNIT_SCADA,1,"2019/09/05 18:35:00",WAUBRAWF,134.785995
D,DISPATCH,UNIT_SCADA,1,"2019/09/05 18:35:00",WOOLNTH1,80.180023
D,DISPATCH,UNIT_SCADA,1,"2019/09/05 18:35:00",WPWF,33
D,DISPATCH,UNIT_SCADA,1,"2019/09/05 18:35:00",YAMBUKWF,17.50
D,DISPATCH,UNIT_SCADA,1,"2019/09/05 18:35:00",YSWF1,6.60
D,DISPATCH,UNIT_SCADA,1,"2019/09/05 18:35:00",AGLHAL,0
D,DISPATCH,UNIT_SCADA,1,"2019/09/05 18:35:00",AGLSOM,118.50
D,DISPATCH,UNIT_SCADA,1,"2019/09/05 18:35:00",ANGAST1,0
D,DISPATCH,UNIT_SCADA,1,"2019/09/05 18:35:00",ARWF1,44.30
D,DISPATCH,UNIT_SCADA,1,"2019/09/05 18:35:00",BALBG1,9.77
D,DISPATCH,UNIT_SCADA,1,"2019/09/05 18:35:00",BALBL1,0
D,DISPATCH,UNIT_SCADA,1,"2019/09/05 18:35:00",BALDHWF1,92.8390
D,DISPATCH,UNIT_SCADA,1,"2019/09/05 18:35:00",BANN1,0
D,DISPATCH,UNIT_SCADA,1,"2019/09/05 18:35:00",BARCALDN,0
D,DISPATCH,UNIT_SCADA,1,"2019/09/05 18:35:00",BARRON-1,33.44
D,DISPATCH,UNIT_SCADA,1,"2019/09/05 18:35:00",BARRON-2,0
D,DISPATCH,UNIT_SCADA,1,"2019/09/05 18:35:00",BASTYAN,80.320010
D,DISPATCH,UNIT_SCADA,1,"2019/09/05 18:35:00",BBTHREE1,0
D,DISPATCH,UNIT_SCADA,1,"2019/09/05 18:35:00",BBTHREE2,0
D,DISPATCH,UNIT_SCADA,1,"2019/09/05 18:35:00",BBTHREE3,0
D,DISPATCH,UNIT_SCADA,1,"2019/09/05 18:35:00",BDL01,43.38
D,DISPATCH,UNIT_SCADA,1,"2019/09/05 18:35:00",BDL02,43.68
D,DISPATCH,UNIT_SCADA,1,"2019/09/05 18:35:00",BERYLSF1,0
D,DISPATCH,UNIT_SCADA,1,"2019/09/05 18:35:00",BLOWERNG,15.50
D,DISPATCH,UNIT_SCADA,1,"2019/09/05 18:35:00",BLUFF1,11.90
D,DISPATCH,UNIT_SCADA,1,"2019/09/05 18:35:00",BNGSF1,0.20
D,DISPATCH,UNIT_SCADA,1,"2019/09/05 18:35:00",BNGSF2,0.04
D,DISPATCH,UNIT_SCADA,1,"2019/09/05 18:35:00",BOCORWF1,36.52
D,DISPATCH,UNIT_SCADA,1,"2019/09/05 18:35:00",BODWF1,16.423010
D,DISPATCH,UNIT_SCADA,1,"2019/09/05 18:35:00",BRAEMAR1,0
D,DISPATCH,UNIT_SCADA,1,"2019/09/05 18:35:00",BRAEMAR2,166.200010
D,DISPATCH,UNIT_SCADA,1,"2019/09/05 18:35:00",BRAEMAR3,164.400010
D,DISPATCH,UNIT_SCADA,1,"2019/09/05 18:35:00",BRAEMAR5,154.7812
D,DISPATCH,UNIT_SCADA,1,"2019/09/05 18:35:00",BRAEMAR6,0
D,DISPATCH,UNIT_SCADA,1,"2019/09/05 18:35:00",BRAEMAR7,152.877780
D,DISPATCH,UNIT_SCADA,1,"2019/09/05 18:35:00",BROKENH1,0
D,DISPATCH,UNIT_SCADA,1,"2019/09/05 18:35:00",BW01,555.025020
D,DISPATCH,UNIT_SCADA,1,"2019/09/05 18:35:00",BW02,630.949950
D,DISPATCH,UNIT_SCADA,1,"2019/09/05 18:35:00",BW03,637.450070
D,DISPATCH,UNIT_SCADA,1,"2019/09/05 18:35:00",BW04,0
D,DISPATCH,UNIT_SCADA,1,"2019/09/05 18:35:00",CALL_B_1,332
D,DISPATCH,UNIT_SCADA,1,"2019/09/05 18:35:00",CALL_B_2,282.399990
D,DISPATCH,UNIT_SCADA,1,"2019/09/05 18:35:00",CETHANA,97.286380
D,DISPATCH,UNIT_SCADA,1,"2019/09/05 18:35:00",CG1,0
D,DISPATCH,UNIT_SCADA,1,"2019/09/05 18:35:00",CG2,0
D,DISPATCH,UNIT_SCADA,1,"2019/09/05 18:35:00",CG3,0
D,DISPATCH,UNIT_SCADA,1,"2019/09/05 18:35:00",CG4,0
D,DISPATCH,UNIT_SCADA,1,"2019/09/05 18:35:00",CHILDSF1,0
D,DISPATCH,UNIT_SCADA,1,"2019/09/05 18:35:00",CLARESF1,0
D,DISPATCH,UNIT_SCADA,1,"2019/09/05 18:35:00",CLEMGPWF,27.589410
D,DISPATCH,UNIT_SCADA,1,"2019/09/05 18:35:00",CLERMSF1,0
D,DISPATCH,UNIT_SCADA,1,"2019/09/05 18:35:00",COLEASF1,0
D,DISPATCH,UNIT_SCADA,1,"2019/09/05 18:35:00",COOPGWF1,0
D,DISPATCH,UNIT_SCADA,1,"2019/09/05 18:35:00",CPP_3,405.075010
D,DISPATCH,UNIT_SCADA,1,"2019/09/05 18:35:00",CPP_4,405.6250
D,DISPATCH,UNIT_SCADA,1,"2019/09/05 18:35:00",CPSA,142.0475
D,DISPATCH,UNIT_SCADA,1,"2019/09/05 18:35:00",CROOKWF2,0
D,DISPATCH,UNIT_SCADA,1,"2019/09/05 18:35:00",CROWLWF1,22.7799
D,DISPATCH,UNIT_SCADA,1,"2019/09/05 18:35:00",CSPVPS1,0.0210
D,DISPATCH,UNIT_SCADA,1,"2019/09/05 18:35:00",DALNTH01,5.946440
D,DISPATCH,UNIT_SCADA,1,"2019/09/05 18:35:00",DALNTHL1,0
D,DISPATCH,UNIT_SCADA,1,"2019/09/05 18:35:00",DARTM1,133
D,DISPATCH,UNIT_SCADA,1,"2019/09/05 18:35:00",DAYDSF1,0
D,DISPATCH,UNIT_SCADA,1,"2019/09/05 18:35:00",DDPS1,595.895390
D,DISPATCH,UNIT_SCADA,1,"2019/09/05 18:35:00",DDSF1,0
D,DISPATCH,UNIT_SCADA,1,"2019/09/05 18:35:00",DEVILS_G,63.842280
D,DISPATCH,UNIT_SCADA,1,"2019/09/05 18:35:00",DG_NSW1,0
D,DISPATCH,UNIT_SCADA,1,"2019/09/05 18:35:00",DG_QLD1,0
D,DISPATCH,UNIT_SCADA,1,"2019/09/05 18:35:00",DG_SA1,0
D,DISPATCH,UNIT_SCADA,1,"2019/09/05 18:35:00",DG_TAS1,0
D,DISPATCH,UNIT_SCADA,1,"2019/09/05 18:35:00",DG_VIC1,0
D,DISPATCH,UNIT_SCADA,1,"2019/09/05 18:35:00",DRYCGT1,0
D,DISPATCH,UNIT_SCADA,1,"2019/09/05 18:35:00",DRYCGT2,0
D,DISPATCH,UNIT_SCADA,1,"2019/09/05 18:35:00",DRYCGT3,0
D,DISPATCH,UNIT_SCADA,1,"2019/09/05 18:35:00",EILDON1,0
D,DISPATCH,UNIT_SCADA,1,"2019/09/05 18:35:00",EILDON2,37.24
D,DISPATCH,UNIT_SCADA,1,"2019/09/05 18:35:00",EMERASF1,0
D,DISPATCH,UNIT_SCADA,1,"2019/09/05 18:35:00",ER01,582.925050
D,DISPATCH,UNIT_SCADA,1,"2019/09/05 18:35:00",ER02,350.25
D,DISPATCH,UNIT_SCADA,1,"2019/09/05 18:35:00",ER03,0
D,DISPATCH,UNIT_SCADA,1,"2019/09/05 18:35:00",ER04,686.650020
D,DISPATCH,UNIT_SCADA,1,"2019/09/05 18:35:00",FINLYSF1,0
D,DISPATCH,UNIT_SCADA,1,"2019/09/05 18:35:00",FISHER,45.87
D,DISPATCH,UNIT_SCADA,1,"2019/09/05 18:35:00",GANNBG1,10.824790
D,DISPATCH,UNIT_SCADA,1,"2019/09/05 18:35:00",GANNBL1,0
D,DISPATCH,UNIT_SCADA,1,"2019/09/05 18:35:00",GANNSF1,0
D,DISPATCH,UNIT_SCADA,1,"2019/09/05 18:35:00",GORDON,20.441680
D,DISPATCH,UNIT_SCADA,1,"2019/09/05 18:35:00",GSTONE1,218.9250
D,DISPATCH,UNIT_SCADA,1,"2019/09/05 18:35:00",GSTONE2,215.95
D,DISPATCH,UNIT_SCADA,1,"2019/09/05 18:35:00",GSTONE3,0
D,DISPATCH,UNIT_SCADA,1,"2019/09/05 18:35:00",GSTONE4,261.274990
D,DISPATCH,UNIT_SCADA,1,"2019/09/05 18:35:00",GSTONE5,218.9250
D,DISPATCH,UNIT_SCADA,1,"2019/09/05 18:35:00",GSTONE6,219.974990
D,DISPATCH,UNIT_SCADA,1,"2019/09/05 18:35:00",GULLRSF1,0
D,DISPATCH,UNIT_SCADA,1,"2019/09/05 18:35:00",GULLRWF1,1.146820
D,DISPATCH,UNIT_SCADA,1,"2019/09/05 18:35:00",GUNNING1,-0.184540
D,DISPATCH,UNIT_SCADA,1,"2019/09/05 18:35:00",GUTHEGA,31
D,DISPATCH,UNIT_SCADA,1,"2019/09/05 18:35:00",HALLWF1,52.58
D,DISPATCH,UNIT_SCADA,1,"2019/09/05 18:35:00",HALLWF2,55.58
D,DISPATCH,UNIT_SCADA,1,"2019/09/05 18:35:00",HAMISF1,0
D,DISPATCH,UNIT_SCADA,1,"2019/09/05 18:35:00",HAUGHT11,0
D,DISPATCH,UNIT_SCADA,1,"2019/09/05 18:35:00",HAYMSF1,0
D,DISPATCH,UNIT_SCADA,1,"2019/09/05 18:35:00",HDWF1,23
D,DISPATCH,UNIT_SCADA,1,"2019/09/05 18:35:00",HDWF2,17.70
D,DISPATCH,UNIT_SCADA,1,"2019/09/05 18:35:00",HDWF3,25.70
D,DISPATCH,UNIT_SCADA,1,"2019/09/05 18:35:00",HPRG1,15.70
D,DISPATCH,UNIT_SCADA,1,"2019/09/05 18:35:00",HPRL1,0
D,DISPATCH,UNIT_SCADA,1,"2019/09/05 18:35:00",HUMENSW,0
D,DISPATCH,UNIT_SCADA,1,"2019/09/05 18:35:00",HUMEV,24.30
D,DISPATCH,UNIT_SCADA,1,"2019/09/05 18:35:00",HVGTS,0
D,DISPATCH,UNIT_SCADA,1,"2019/09/05 18:35:00",JBUTTERS,43.28
D,DISPATCH,UNIT_SCADA,1,"2019/09/05 18:35:00",JLA01,0.10
D,DISPATCH,UNIT_SCADA,1,"2019/09/05 18:35:00",JLA02,0
D,DISPATCH,UNIT_SCADA,1,"2019/09/05 18:35:00",JLA03,0
D,DISPATCH,UNIT_SCADA,1,"2019/09/05 18:35:00",JLA04,0
D,DISPATCH,UNIT_SCADA,1,"2019/09/05 18:35:00",JLB01,0
D,DISPATCH,UNIT_SCADA,1,"2019/09/05 18:35:00",JLB02,83.40
D,DISPATCH,UNIT_SCADA,1,"2019/09/05 18:35:00",JLB03,83.30
D,DISPATCH,UNIT_SCADA,1,"2019/09/05 18:35:00",KAREEYA1,21.5125
D,DISPATCH,UNIT_SCADA,1,"2019/09/05 18:35:00",KAREEYA2,21.7825
D,DISPATCH,UNIT_SCADA,1,"2019/09/05 18:35:00",KAREEYA3,0
D,DISPATCH,UNIT_SCADA,1,"2019/09/05 18:35:00",KAREEYA4,21.6150
D,DISPATCH,UNIT_SCADA,1,"2019/09/05 18:35:00",KARSF1,0
D,DISPATCH,UNIT_SCADA,1,"2019/09/05 18:35:00",KIATAWF1,29.10
D,DISPATCH,UNIT_SCADA,1,"2019/09/05 18:35:00",KPP_1,0
D,DISPATCH,UNIT_SCADA,1,"2019/09/05 18:35:00",KSP1,0
D,DISPATCH,UNIT_SCADA,1,"2019/09/05 18:35:00",LADBROK1,41.26
D,DISPATCH,UNIT_SCADA,1,"2019/09/05 18:35:00",LADBROK2,41.94
D,DISPATCH,UNIT_SCADA,1,"2019/09/05 18:35:00",LD01,419.681210
D,DISPATCH,UNIT_SCADA,1,"2019/09/05 18:35:00",LD02,399.862520
D,DISPATCH,UNIT_SCADA,1,"2019/09/05 18:35:00",LD03,421.350040
D,DISPATCH,UNIT_SCADA,1,"2019/09/05 18:35:00",LD04,380.531250
D,DISPATCH,UNIT_SCADA,1,"2019/09/05 18:35:00",LEM_WIL,84.7039
D,DISPATCH,UNIT_SCADA,1,"2019/09/05 18:35:00",LGAPWF1,18.74
D,DISPATCH,UNIT_SCADA,1,"2019/09/05 18:35:00",LILYSF1,0
D,DISPATCH,UNIT_SCADA,1,"2019/09/05 18:35:00",LI_WY_CA,134.917720
D,DISPATCH,UNIT_SCADA,1,"2019/09/05 18:35:00",LKBONNY2,34.054150
D,DISPATCH,UNIT_SCADA,1,"2019/09/05 18:35:00",LKBONNY3,13.285640
D,DISPATCH,UNIT_SCADA,1,"2019/09/05 18:35:00",LK_ECHO,0
D,DISPATCH,UNIT_SCADA,1,"2019/09/05 18:35:00",LNGS1,0
D,DISPATCH,UNIT_SCADA,1,"2019/09/05 18:35:00",LNGS2,0
D,DISPATCH,UNIT_SCADA,1,"2019/09/05 18:35:00",LONSDALE,0
D,DISPATCH,UNIT_SCADA,1,"2019/09/05 18:35:00",LOYYB1,537.592410
D,DISPATCH,UNIT_SCADA,1,"2019/09/05 18:35:00",LOYYB2,581.954410
D,DISPATCH,UNIT_SCADA,1,"2019/09/05 18:35:00",LYA1,0
D,DISPATCH,UNIT_SCADA,1,"2019/09/05 18:35:00",LYA2,0
D,DISPATCH,UNIT_SCADA,1,"2019/09/05 18:35:00",LYA3,559
D,DISPATCH,UNIT_SCADA,1,"2019/09/05 18:35:00",LYA4,540
D,DISPATCH,UNIT_SCADA,1,"2019/09/05 18:35:00",MACARTH1,18.899560
D,DISPATCH,UNIT_SCADA,1,"2019/09/05 18:35:00",MACKAYGT,0.2240
D,DISPATCH,UNIT_SCADA,1,"2019/09/05 18:35:00",MACKNTSH,88.77
D,DISPATCH,UNIT_SCADA,1,"2019/09/05 18:35:00",MANSLR1,0
D,DISPATCH,UNIT_SCADA,1,"2019/09/05 18:35:00",MCKAY1,275.009980
D,DISPATCH,UNIT_SCADA,1,"2019/09/05 18:35:00",MEADOWBK,33.953040
D,DISPATCH,UNIT_SCADA,1,"2019/09/05 18:35:00",MERCER01,30.9570
D,DISPATCH,UNIT_SCADA,1,"2019/09/05 18:35:00",MEWF1,17.542140
D,DISPATCH,UNIT_SCADA,1,"2019/09/05 18:35:00",MINTARO,0
D,DISPATCH,UNIT_SCADA,1,"2019/09/05 18:35:00",MOREESF1,0
D,DISPATCH,UNIT_SCADA,1,"2019/09/05 18:35:00",MORTLK11,259
D,DISPATCH,UNIT_SCADA,1,"2019/09/05 18:35:00",MORTLK12,0
D,DISPATCH,UNIT_SCADA,1,"2019/09/05 18:35:00",MP1,220.975040
D,DISPATCH,UNIT_SCADA,1,"2019/09/05 18:35:00",MP2,0
D,DISPATCH,UNIT_SCADA,1,"2019/09/05 18:35:00",MPP_1,405.50
D,DISPATCH,UNIT_SCADA,1,"2019/09/05 18:35:00",MPP_2,434.75
D,DISPATCH,UNIT_SCADA,1,"2019/09/05 18:35:00",MSTUART1,0
D,DISPATCH,UNIT_SCADA,1,"2019/09/05 18:35:00",MSTUART2,0
D,DISPATCH,UNIT_SCADA,1,"2019/09/05 18:35:00",MSTUART3,0
D,DISPATCH,UNIT_SCADA,1,"2019/09/05 18:35:00",MTGELWF1,64.180420
D,DISPATCH,UNIT_SCADA,1,"2019/09/05 18:35:00",MURRAY,0
D,DISPATCH,UNIT_SCADA,1,"2019/09/05 18:35:00",MUSSELR1,25.80
D,DISPATCH,UNIT_SCADA,1,"2019/09/05 18:35:00",MUWAWF1,11.18
D,DISPATCH,UNIT_SCADA,1,"2019/09/05 18:35:00",NBHWF1,37.90
D,DISPATCH,UNIT_SCADA,1,"2019/09/05 18:35:00",NPS,448.50
D,DISPATCH,UNIT_SCADA,1,"2019/09/05 18:35:00",NUMURSF1,0
D,DISPATCH,UNIT_SCADA,1,"2019/09/05 18:35:00",NYNGAN1,0
D,DISPATCH,UNIT_SCADA,1,"2019/09/05 18:35:00",OAKEY1,0
D,DISPATCH,UNIT_SCADA,1,"2019/09/05 18:35:00",OAKEY1SF,0
D,DISPATCH,UNIT_SCADA,1,"2019/09/05 18:35:00",OAKEY2,0
D,DISPATCH,UNIT_SCADA,1,"2019/09/05 18:35:00",OAKEY2SF,0
D,DISPATCH,UNIT_SCADA,1,"2019/09/05 18:35:00",OAKLAND1,20.30
D,DISPATCH,UNIT_SCADA,1,"2019/09/05 18:35:00",OSB-AG,179.89
D,DISPATCH,UNIT_SCADA,1,"2019/09/05 18:35:00",PARSF1,0
D,DISPATCH,UNIT_SCADA,1,"2019/09/05 18:35:00",POAT110,0
D,DISPATCH,UNIT_SCADA,1,"2019/09/05 18:35:00",POAT220,0
D,DISPATCH,UNIT_SCADA,1,"2019/09/05 18:35:00",POR01,0
D,DISPATCH,UNIT_SCADA,1,"2019/09/05 18:35:00",POR03,0
D,DISPATCH,UNIT_SCADA,1,"2019/09/05 18:35:00",PPCCGT,470.851590
D,DISPATCH,UNIT_SCADA,1,"2019/09/05 18:35:00",PTSTAN1,0
D,DISPATCH,UNIT_SCADA,1,"2019/09/05 18:35:00",PUMP1,0
D,DISPATCH,UNIT_SCADA,1,"2019/09/05 18:35:00",PUMP2,0
D,DISPATCH,UNIT_SCADA,1,"2019/09/05 18:35:00",QPS1,28.90
D,DISPATCH,UNIT_SCADA,1,"2019/09/05 18:35:00",QPS2,0
D,DISPATCH,UNIT_SCADA,1,"2019/09/05 18:35:00",QPS3,0
D,DISPATCH,UNIT_SCADA,1,"2019/09/05 18:35:00",QPS4,0
D,DISPATCH,UNIT_SCADA,1,"2019/09/05 18:35:00",QPS5,59.53
D,DISPATCH,UNIT_SCADA,1,"2019/09/05 18:35:00",REECE1,117.430010
D,DISPATCH,UNIT_SCADA,1,"2019/09/05 18:35:00",REECE2,117.260010
D,DISPATCH,UNIT_SCADA,1,"2019/09/05 18:35:00",ROMA_7,0
D,DISPATCH,UNIT_SCADA,1,"2019/09/05 18:35:00",ROMA_8,0
D,DISPATCH,UNIT_SCADA,1,"2019/09/05 18:35:00",RRSF1,0
D,DISPATCH,UNIT_SCADA,1,"2019/09/05 18:35:00",RT_NSW1,0
D,DISPATCH,UNIT_SCADA,1,"2019/09/05 18:35:00",RT_NSW2,0
D,DISPATCH,UNIT_SCADA,1,"2019/09/05 18:35:00",RT_NSW3,0
D,DISPATCH,UNIT_SCADA,1,"2019/09/05 18:35:00",RT_NSW4,0
D,DISPATCH,UNIT_SCADA,1,"2019/09/05 18:35:00",RT_NSW5,0
D,DISPATCH,UNIT_SCADA,1,"2019/09/05 18:35:00",RT_NSW6,0
D,DISPATCH,UNIT_SCADA,1,"2019/09/05 18:35:00",RT_QLD1,0
D,DISPATCH,UNIT_SCADA,1,"2019/09/05 18:35:00",RT_SA1,0
D,DISPATCH,UNIT_SCADA,1,"2019/09/05 18:35:00",RT_SA2,0
D,DISPATCH,UNIT_SCADA,1,"2019/09/05 18:35:00",RT_SA3,0
D,DISPATCH,UNIT_SCADA,1,"2019/09/05 18:35:00",RT_SA4,0
D,DISPATCH,UNIT_SCADA,1,"2019/09/05 18:35:00",RT_SA5,0
D,DISPATCH,UNIT_SCADA,1,"2019/09/05 18:35:00",RT_SA6,0
D,DISPATCH,UNIT_SCADA,1,"2019/09/05 18:35:00",RT_TAS1,0
D,DISPATCH,UNIT_SCADA,1,"2019/09/05 18:35:00",RT_VIC1,0
D,DISPATCH,UNIT_SCADA,1,"2019/09/05 18:35:00",RT_VIC10,0
D,DISPATCH,UNIT_SCADA,1,"2019/09/05 18:35:00",RT_VIC11,0
D,DISPATCH,UNIT_SCADA,1,"2019/09/05 18:35:00",RT_VIC12,0
D,DISPATCH,UNIT_SCADA,1,"2019/09/05 18:35:00",RT_VIC2,0
D,DISPATCH,UNIT_SCADA,1,"2019/09/05 18:35:00",RT_VIC3,0
D,DISPATCH,UNIT_SCADA,1,"2019/09/05 18:35:00",RT_VIC4,0
D,DISPATCH,UNIT_SCADA,1,"2019/09/05 18:35:00",RT_VIC5,0
D,DISPATCH,UNIT_SCADA,1,"2019/09/05 18:35:00",RT_VIC6,0
D,DISPATCH,UNIT_SCADA,1,"2019/09/05 18:35:00",RT_VIC7,0
D,DISPATCH,UNIT_SCADA,1,"2019/09/05 18:35:00",RT_VIC8,0
D,DISPATCH,UNIT_SCADA,1,"2019/09/05 18:35:00",RT_VIC9,0
D,DISPATCH,UNIT_SCADA,1,"2019/09/05 18:35:00",RUGBYR1,0
D,DISPATCH,UNIT_SCADA,1,"2019/09/05 18:35:00",SALTCRK1,32.56
D,DISPATCH,UNIT_SCADA,1,"2019/09/05 18:35:00",SAPHWF1,26.362490
D,DISPATCH,UNIT_SCADA,1,"2019/09/05 18:35:00",SHGEN,162.161060
D,DISPATCH,UNIT_SCADA,1,"2019/09/05 18:35:00",SHPUMP,0
D,DISPATCH,UNIT_SCADA,1,"2019/09/05 18:35:00",SITHE01,77.0167
D,DISPATCH,UNIT_SCADA,1,"2019/09/05 18:35:00",SMCSF1,0
D,DISPATCH,UNIT_SCADA,1,"2019/09/05 18:35:00",SNOWNTH1,56.70
D,DISPATCH,UNIT_SCADA,1,"2019/09/05 18:35:00",SNOWSTH1,66.80
D,DISPATCH,UNIT_SCADA,1,"2019/09/05 18:35:00",SNOWTWN1,51.147350
D,DISPATCH,UNIT_SCADA,1,"2019/09/05 18:35:00",SNOWYP,0
D,DISPATCH,UNIT_SCADA,1,"2019/09/05 18:35:00",SNUG1,0.019440
D,DISPATCH,UNIT_SCADA,1,"2019/09/05 18:35:00",SRSF1,0.22
D,DISPATCH,UNIT_SCADA,1,"2019/09/05 18:35:00",STAN-1,294.335140
D,DISPATCH,UNIT_SCADA,1,"2019/09/05 18:35:00",STAN-2,360.603180
D,DISPATCH,UNIT_SCADA,1,"2019/09/05 18:35:00",STAN-3,365.076570
D,DISPATCH,UNIT_SCADA,1,"2019/09/05 18:35:00",STAN-4,364.384430
D,DISPATCH,UNIT_SCADA,1,"2019/09/05 18:35:00",STWF1,0
D,DISPATCH,UNIT_SCADA,1,"2019/09/05 18:35:00",SWAN_E,0
D,DISPATCH,UNIT_SCADA,1,"2019/09/05 18:35:00",TALWA1,414
D,DISPATCH,UNIT_SCADA,1,"2019/09/05 18:35:00",TARALGA1,9.022490
D,DISPATCH,UNIT_SCADA,1,"2019/09/05 18:35:00",TARONG#1,350.399990
D,DISPATCH,UNIT_SCADA,1,"2019/09/05 18:35:00",TARONG#2,0
D,DISPATCH,UNIT_SCADA,1,"2019/09/05 18:35:00",TARONG#3,350
D,DISPATCH,UNIT_SCADA,1,"2019/09/05 18:35:00",TARONG#4,349.399990
D,DISPATCH,UNIT_SCADA,1,"2019/09/05 18:35:00",TARRALEA,74.10
D,DISPATCH,UNIT_SCADA,1,"2019/09/05 18:35:00",TBSF1,-0.20
D,DISPATCH,UNIT_SCADA,1,"2019/09/05 18:35:00",TNPS1,397.600010
D,DISPATCH,UNIT_SCADA,1,"2019/09/05 18:35:00",TORRA1,100.536420
D,DISPATCH,UNIT_SCADA,1,"2019/09/05 18:35:00",TORRA2,0
D,DISPATCH,UNIT_SCADA,1,"2019/09/05 18:35:00",TORRA3,0
D,DISPATCH,UNIT_SCADA,1,"2019/09/05 18:35:00",TORRA4,102.953840
D,DISPATCH,UNIT_SCADA,1,"2019/09/05 18:35:00",TORRB1,146.55
D,DISPATCH,UNIT_SCADA,1,"2019/09/05 18:35:00",TORRB2,147.320010
D,DISPATCH,UNIT_SCADA,1,"2019/09/05 18:35:00",TORRB3,146.52
D,DISPATCH,UNIT_SCADA,1,"2019/09/05 18:35:00",TORRB4,0
D,DISPATCH,UNIT_SCADA,1,"2019/09/05 18:35:00",TREVALLN,89.030030
D,DISPATCH,UNIT_SCADA,1,"2019/09/05 18:35:00",TRIBUTE,0
D,DISPATCH,UNIT_SCADA,1,"2019/09/05 18:35:00",TUMUT3,542.959960
D,DISPATCH,UNIT_SCADA,1,"2019/09/05 18:35:00",TUNGATIN,131.760030
D,DISPATCH,UNIT_SCADA,1,"2019/09/05 18:35:00",TVCC201,0
D,DISPATCH,UNIT_SCADA,1,"2019/09/05 18:35:00",TVPP104,0
D,DISPATCH,UNIT_SCADA,1,"2019/09/05 18:35:00",UPPTUMUT,574.151310
D,DISPATCH,UNIT_SCADA,1,"2019/09/05 18:35:00",URANQ11,156.549990
D,DISPATCH,UNIT_SCADA,1,"2019/09/05 18:35:00",URANQ12,158.1250
D,DISPATCH,UNIT_SCADA,1,"2019/09/05 18:35:00",URANQ13,157.993740
D,DISPATCH,UNIT_SCADA,1,"2019/09/05 18:35:00",URANQ14,0
D,DISPATCH,UNIT_SCADA,1,"2019/09/05 18:35:00",VP5,392.475010
D,DISPATCH,UNIT_SCADA,1,"2019/09/05 18:35:00",VP6,0
D,DISPATCH,UNIT_SCADA,1,"2019/09/05 18:35:00",VPGS1,0
D,DISPATCH,UNIT_SCADA,1,"2019/09/05 18:35:00",VPGS2,0
D,DISPATCH,UNIT_SCADA,1,"2019/09/05 18:35:00",VPGS3,0
D,DISPATCH,UNIT_SCADA,1,"2019/09/05 18:35:00",VPGS4,0
D,DISPATCH,UNIT_SCADA,1,"2019/09/05 18:35:00",VPGS5,0
D,DISPATCH,UNIT_SCADA,1,"2019/09/05 18:35:00",VPGS6,0
D,DISPATCH,UNIT_SCADA,1,"2019/09/05 18:35:00",W/HOE#1,0
D,DISPATCH,UNIT_SCADA,1,"2019/09/05 18:35:00",W/HOE#2,0
D,DISPATCH,UNIT_SCADA,1,"2019/09/05 18:35:00",WATERLWF,94.10
D,DISPATCH,UNIT_SCADA,1,"2019/09/05 18:35:00",WEMENSF1,0
D,DISPATCH,UNIT_SCADA,1,"2019/09/05 18:35:00",WGWF1,37.20
D,DISPATCH,UNIT_SCADA,1,"2019/09/05 18:35:00",WHITSF1,0
D,DISPATCH,UNIT_SCADA,1,"2019/09/05 18:35:00",WKIEWA1,32
D,DISPATCH,UNIT_SCADA,1,"2019/09/05 18:35:00",WKIEWA2,32.10
D,DISPATCH,UNIT_SCADA,1,"2019/09/05 18:35:00",WOODLWN1,0
D,DISPATCH,UNIT_SCADA,1,"2019/09/05 18:35:00",WRSF1,0
D,DISPATCH,UNIT_SCADA,1,"2019/09/05 18:35:00",WRWF1,22.02
D,DISPATCH,UNIT_SCADA,1,"2019/09/05 18:35:00",YABULU,159.120010
D,DISPATCH,UNIT_SCADA,1,"2019/09/05 18:35:00",YABULU2,0
D,DISPATCH,UNIT_SCADA,1,"2019/09/05 18:35:00",YARWUN_1,158.34
D,DISPATCH,UNIT_SCADA,1,"2019/09/05 18:35:00",YENDWF1,22.43
D,DISPATCH,UNIT_SCADA,1,"2019/09/05 18:35:00",YWPS1,384.210110
D,DISPATCH,UNIT_SCADA,1,"2019/09/05 18:35:00",YWPS2,281.200010
D,DISPATCH,UNIT_SCADA,1,"2019/09/05 18:35:00",YWPS3,330.031650
D,DISPATCH,UNIT_SCADA,1,"2019/09/05 18:35:00",YWPS4,392.1329
C,"END OF REPORT",335
