C,NEMP.WORLD,DISPATCHSCADA,AEMO,PUBLIC,2019/09/04,17:25:08,0000000312390917,DISPATCHSCADA,0000000312390911
I,DISPATCH,UNIT_SCADA,1,SETTLEMENTDATE,DUID,SCADAVALUE
D,DISPATCH,UNIT_SCADA,1,"2019/09/04 17:30:00",BARCSF1,4
D,DISPATCH,UNIT_SCADA,1,"2019/09/04 17:30:00",BUTLERSG,10.199999
D,DISPATCH,UNIT_SCADA,1,"2019/09/04 17:30:00",CALL_A_4,0
D,DISPATCH,UNIT_SCADA,1,"2019/09/04 17:30:00",CAPTL_WF,62.984001
D,DISPATCH,UNIT_SCADA,1,"2019/09/04 17:30:00",CATHROCK,0
D,DISPATCH,UNIT_SCADA,1,"2019/09/04 17:30:00",CHALLHWF,0
D,DISPATCH,UNIT_SCADA,1,"2019/09/04 17:30:00",CLOVER,-0.01
D,DISPATCH,UNIT_SCADA,1,"2019/09/04 17:30:00",CLUNY,12.243992
D,DISPATCH,UNIT_SCADA,1,"2019/09/04 17:30:00",CNUNDAWF,0.400467
D,DISPATCH,UNIT_SCADA,1,"2019/09/04 17:30:00",CULLRGWF,26.290001
D,DISPATCH,UNIT_SCADA,1,"2019/09/04 17:30:00",ERGT01,0
D,DISPATCH,UNIT_SCADA,1,"2019/09/04 17:30:00",GB01,0.008873
D,DISPATCH,UNIT_SCADA,1,"2019/09/04 17:30:00",GERMCRK,36
D,DISPATCH,UNIT_SCADA,1,"2019/09/04 17:30:00",GRIFSF1,1.100006
D,DISPATCH,UNIT_SCADA,1,"2019/09/04 17:30:00",HUGSF1,3.2920
D,DISPATCH,UNIT_SCADA,1,"2019/09/04 17:30:00",LKBONNY1,-0.449338
D,DISPATCH,UNIT_SCADA,1,"2019/09/04 17:30:00",LRSF1,4.9910
D,DISPATCH,UNIT_SCADA,1,"2019/09/04 17:30:00",MBAHNTH,26.943748
D,DISPATCH,UNIT_SCADA,1,"2019/09/04 17:30:00",MLSP1,0.366001
D,DISPATCH,UNIT_SCADA,1,"2019/09/04 17:30:00",MLWF1,2.64
D,DISPATCH,UNIT_SCADA,1,"2019/09/04 17:30:00",MTMILLAR,-0.093016
D,DISPATCH,UNIT_SCADA,1,"2019/09/04 17:30:00",PALOONA,24.539999
D,DISPATCH,UNIT_SCADA,1,"2019/09/04 17:30:00",PIONEER,44.900002
D,DISPATCH,UNIT_SCADA,1,"2019/09/04 17:30:00",PORTWF,3.20
D,DISPATCH,UNIT_SCADA,1,"2019/09/04 17:30:00",REPULSE,20.345160
D,DISPATCH,UNIT_SCADA,1,"2019/09/04 17:30:00",ROWALLAN,10.3163
D,DISPATCH,UNIT_SCADA,1,"2019/09/04 17:30:00",ROYALLA1,0.1840
D,DISPATCH,UNIT_SCADA,1,"2019/09/04 17:30:00",RPCG,-1.80
D,DISPATCH,UNIT_SCADA,1,"2019/09/04 17:30:00",RUBICON,0
D,DISPATCH,UNIT_SCADA,1,"2019/09/04 17:30:00",SATGN1,0
D,DISPATCH,UNIT_SCADA,1,"2019/09/04 17:30:00",SATGS1,0
D,DISPATCH,UNIT_SCADA,1,"2019/09/04 17:30:00",STARHLWF,-0.099971
D,DISPATCH,UNIT_SCADA,1,"2019/09/04 17:30:00",WAUBRAWF,7.6260
D,DISPATCH,UNIT_SCADA,1,"2019/09/04 17:30:00",WOOLNTH1,51.260017
D,DISPATCH,UNIT_SCADA,1,"2019/09/04 17:30:00",WPWF,0
D,DISPATCH,UNIT_SCADA,1,"2019/09/04 17:30:00",YAMBUKWF,1
D,DISPATCH,UNIT_SCADA,1,"2019/09/04 17:30:00",YSWF1,2
D,DISPATCH,UNIT_SCADA,1,"2019/09/04 17:30:00",AGLHAL,0
D,DISPATCH,UNIT_SCADA,1,"2019/09/04 17:30:00",AGLSOM,118.10
D,DISPATCH,UNIT_SCADA,1,"2019/09/04 17:30:00",ANGAST1,0
D,DISPATCH,UNIT_SCADA,1,"2019/09/04 17:30:00",ARWF1,13.30
D,DISPATCH,UNIT_SCADA,1,"2019/09/04 17:30:00",BALBG1,0
D,DISPATCH,UNIT_SCADA,1,"2019/09/04 17:30:00",BALBL1,16.19
D,DISPATCH,UNIT_SCADA,1,"2019/09/04 17:30:00",BALDHWF1,29.4020
D,DISPATCH,UNIT_SCADA,1,"2019/09/04 17:30:00",BANN1,7.88
D,DISPATCH,UNIT_SCADA,1,"2019/09/04 17:30:00",BARCALDN,0
D,DISPATCH,UNIT_SCADA,1,"2019/09/04 17:30:00",BARRON-1,34.36
D,DISPATCH,UNIT_SCADA,1,"2019/09/04 17:30:00",BARRON-2,0
D,DISPATCH,UNIT_SCADA,1,"2019/09/04 17:30:00",BASTYAN,80.580010
D,DISPATCH,UNIT_SCADA,1,"2019/09/04 17:30:00",BBTHREE1,0
D,DISPATCH,UNIT_SCADA,1,"2019/09/04 17:30:00",BBTHREE2,0
D,DISPATCH,UNIT_SCADA,1,"2019/09/04 17:30:00",BBTHREE3,0
D,DISPATCH,UNIT_SCADA,1,"2019/09/04 17:30:00",BDL01,43.20
D,DISPATCH,UNIT_SCADA,1,"2019/09/04 17:30:00",BDL02,43.62
D,DISPATCH,UNIT_SCADA,1,"2019/09/04 17:30:00",BERYLSF1,2.463180
D,DISPATCH,UNIT_SCADA,1,"2019/09/04 17:30:00",BLOWERNG,11.10
D,DISPATCH,UNIT_SCADA,1,"2019/09/04 17:30:00",BLUFF1,2.60
D,DISPATCH,UNIT_SCADA,1,"2019/09/04 17:30:00",BNGSF1,49.28
D,DISPATCH,UNIT_SCADA,1,"2019/09/04 17:30:00",BNGSF2,16.36
D,DISPATCH,UNIT_SCADA,1,"2019/09/04 17:30:00",BOCORWF1,71.14
D,DISPATCH,UNIT_SCADA,1,"2019/09/04 17:30:00",BODWF1,81.892170
D,DISPATCH,UNIT_SCADA,1,"2019/09/04 17:30:00",BRAEMAR1,155.600010
D,DISPATCH,UNIT_SCADA,1,"2019/09/04 17:30:00",BRAEMAR2,0
D,DISPATCH,UNIT_SCADA,1,"2019/09/04 17:30:00",BRAEMAR3,172.80
D,DISPATCH,UNIT_SCADA,1,"2019/09/04 17:30:00",BRAEMAR5,131.104280
D,DISPATCH,UNIT_SCADA,1,"2019/09/04 17:30:00",BRAEMAR6,0
D,DISPATCH,UNIT_SCADA,1,"2019/09/04 17:30:00",BRAEMAR7,0
D,DISPATCH,UNIT_SCADA,1,"2019/09/04 17:30:00",BROKENH1,10.649410
D,DISPATCH,UNIT_SCADA,1,"2019/09/04 17:30:00",BW01,660.3501
D,DISPATCH,UNIT_SCADA,1,"2019/09/04 17:30:00",BW02,649.849980
D,DISPATCH,UNIT_SCADA,1,"2019/09/04 17:30:00",BW03,614.724980
D,DISPATCH,UNIT_SCADA,1,"2019/09/04 17:30:00",BW04,0
D,DISPATCH,UNIT_SCADA,1,"2019/09/04 17:30:00",CALL_B_1,160.20
D,DISPATCH,UNIT_SCADA,1,"2019/09/04 17:30:00",CALL_B_2,159.100010
D,DISPATCH,UNIT_SCADA,1,"2019/09/04 17:30:00",CETHANA,98.483880
D,DISPATCH,UNIT_SCADA,1,"2019/09/04 17:30:00",CG1,0
D,DISPATCH,UNIT_SCADA,1,"2019/09/04 17:30:00",CG2,0
D,DISPATCH,UNIT_SCADA,1,"2019/09/04 17:30:00",CG3,0
D,DISPATCH,UNIT_SCADA,1,"2019/09/04 17:30:00",CG4,0
D,DISPATCH,UNIT_SCADA,1,"2019/09/04 17:30:00",CHILDSF1,0.51
D,DISPATCH,UNIT_SCADA,1,"2019/09/04 17:30:00",CLARESF1,8.704510
D,DISPATCH,UNIT_SCADA,1,"2019/09/04 17:30:00",CLEMGPWF,-0.216110
D,DISPATCH,UNIT_SCADA,1,"2019/09/04 17:30:00",CLERMSF1,8.80
D,DISPATCH,UNIT_SCADA,1,"2019/09/04 17:30:00",COLEASF1,1.30
D,DISPATCH,UNIT_SCADA,1,"2019/09/04 17:30:00",COOPGWF1,31.416940
D,DISPATCH,UNIT_SCADA,1,"2019/09/04 17:30:00",CPP_3,405.6250
D,DISPATCH,UNIT_SCADA,1,"2019/09/04 17:30:00",CPP_4,170.775010
D,DISPATCH,UNIT_SCADA,1,"2019/09/04 17:30:00",CPSA,118.276880
D,DISPATCH,UNIT_SCADA,1,"2019/09/04 17:30:00",CROOKWF2,82.553760
D,DISPATCH,UNIT_SCADA,1,"2019/09/04 17:30:00",CROWLWF1,5.978880
D,DISPATCH,UNIT_SCADA,1,"2019/09/04 17:30:00",CSPVPS1,2.9240
D,DISPATCH,UNIT_SCADA,1,"2019/09/04 17:30:00",DALNTH01,0
D,DISPATCH,UNIT_SCADA,1,"2019/09/04 17:30:00",DALNTHL1,0.062560
D,DISPATCH,UNIT_SCADA,1,"2019/09/04 17:30:00",DARTM1,133.80
D,DISPATCH,UNIT_SCADA,1,"2019/09/04 17:30:00",DAYDSF1,31.2570
D,DISPATCH,UNIT_SCADA,1,"2019/09/04 17:30:00",DDPS1,419.648560
D,DISPATCH,UNIT_SCADA,1,"2019/09/04 17:30:00",DDSF1,3.3920
D,DISPATCH,UNIT_SCADA,1,"2019/09/04 17:30:00",DEVILS_G,56.207770
D,DISPATCH,UNIT_SCADA,1,"2019/09/04 17:30:00",DG_NSW1,0
D,DISPATCH,UNIT_SCADA,1,"2019/09/04 17:30:00",DG_QLD1,0
D,DISPATCH,UNIT_SCADA,1,"2019/09/04 17:30:00",DG_SA1,0
D,DISPATCH,UNIT_SCADA,1,"2019/09/04 17:30:00",DG_TAS1,0
D,DISPATCH,UNIT_SCADA,1,"2019/09/04 17:30:00",DG_VIC1,0
D,DISPATCH,UNIT_SCADA,1,"2019/09/04 17:30:00",DRYCGT1,0
D,DISPATCH,UNIT_SCADA,1,"2019/09/04 17:30:00",DRYCGT2,0
D,DISPATCH,UNIT_SCADA,1,"2019/09/04 17:30:00",DRYCGT3,0
D,DISPATCH,UNIT_SCADA,1,"2019/09/04 17:30:00",EILDON1,0
D,DISPATCH,UNIT_SCADA,1,"2019/09/04 17:30:00",EILDON2,0
D,DISPATCH,UNIT_SCADA,1,"2019/09/04 17:30:00",EMERASF1,8.72
D,DISPATCH,UNIT_SCADA,1,"2019/09/04 17:30:00",ER01,590.949950
D,DISPATCH,UNIT_SCADA,1,"2019/09/04 17:30:00",ER02,696.6250
D,DISPATCH,UNIT_SCADA,1,"2019/09/04 17:30:00",ER03,0
D,DISPATCH,UNIT_SCADA,1,"2019/09/04 17:30:00",ER04,695.25
D,DISPATCH,UNIT_SCADA,1,"2019/09/04 17:30:00",FINLYSF1,0
D,DISPATCH,UNIT_SCADA,1,"2019/09/04 17:30:00",FISHER,45.91
D,DISPATCH,UNIT_SCADA,1,"2019/09/04 17:30:00",GANNBG1,12.688310
D,DISPATCH,UNIT_SCADA,1,"2019/09/04 17:30:00",GANNBL1,0
D,DISPATCH,UNIT_SCADA,1,"2019/09/04 17:30:00",GANNSF1,1.80
D,DISPATCH,UNIT_SCADA,1,"2019/09/04 17:30:00",GORDON,18.8916
D,DISPATCH,UNIT_SCADA,1,"2019/09/04 17:30:00",GSTONE1,241.50
D,DISPATCH,UNIT_SCADA,1,"2019/09/04 17:30:00",GSTONE2,221.899990
D,DISPATCH,UNIT_SCADA,1,"2019/09/04 17:30:00",GSTONE3,0
D,DISPATCH,UNIT_SCADA,1,"2019/09/04 17:30:00",GSTONE4,240.099990
D,DISPATCH,UNIT_SCADA,1,"2019/09/04 17:30:00",GSTONE5,242.899990
D,DISPATCH,UNIT_SCADA,1,"2019/09/04 17:30:00",GSTONE6,241.149990
D,DISPATCH,UNIT_SCADA,1,"2019/09/04 17:30:00",GULLRSF1,0
D,DISPATCH,UNIT_SCADA,1,"2019/09/04 17:30:00",GULLRWF1,120.7464
D,DISPATCH,UNIT_SCADA,1,"2019/09/04 17:30:00",GUNNING1,19.6387
D,DISPATCH,UNIT_SCADA,1,"2019/09/04 17:30:00",GUTHEGA,0
D,DISPATCH,UNIT_SCADA,1,"2019/09/04 17:30:00",HALLWF1,6.91
D,DISPATCH,UNIT_SCADA,1,"2019/09/04 17:30:00",HALLWF2,9.52
D,DISPATCH,UNIT_SCADA,1,"2019/09/04 17:30:00",HAMISF1,8.90
D,DISPATCH,UNIT_SCADA,1,"2019/09/04 17:30:00",HAUGHT11,28.981250
D,DISPATCH,UNIT_SCADA,1,"2019/09/04 17:30:00",HAYMSF1,9.8560
D,DISPATCH,UNIT_SCADA,1,"2019/09/04 17:30:00",HDWF1,10
D,DISPATCH,UNIT_SCADA,1,"2019/09/04 17:30:00",HDWF2,6.30
D,DISPATCH,UNIT_SCADA,1,"2019/09/04 17:30:00",HDWF3,6.50
D,DISPATCH,UNIT_SCADA,1,"2019/09/04 17:30:00",HPRG1,6.20
D,DISPATCH,UNIT_SCADA,1,"2019/09/04 17:30:00",HPRL1,0
D,DISPATCH,UNIT_SCADA,1,"2019/09/04 17:30:00",HUMENSW,0
D,DISPATCH,UNIT_SCADA,1,"2019/09/04 17:30:00",HUMEV,25.80
D,DISPATCH,UNIT_SCADA,1,"2019/09/04 17:30:00",HVGTS,0
D,DISPATCH,UNIT_SCADA,1,"2019/09/04 17:30:00",JBUTTERS,90.829990
D,DISPATCH,UNIT_SCADA,1,"2019/09/04 17:30:00",JLA01,50.70
D,DISPATCH,UNIT_SCADA,1,"2019/09/04 17:30:00",JLA02,0
D,DISPATCH,UNIT_SCADA,1,"2019/09/04 17:30:00",JLA03,0
D,DISPATCH,UNIT_SCADA,1,"2019/09/04 17:30:00",JLA04,0
D,DISPATCH,UNIT_SCADA,1,"2019/09/04 17:30:00",JLB01,0
D,DISPATCH,UNIT_SCADA,1,"2019/09/04 17:30:00",JLB02,29.60
D,DISPATCH,UNIT_SCADA,1,"2019/09/04 17:30:00",JLB03,84.30
D,DISPATCH,UNIT_SCADA,1,"2019/09/04 17:30:00",KAREEYA1,21.5775
D,DISPATCH,UNIT_SCADA,1,"2019/09/04 17:30:00",KAREEYA2,21.81
D,DISPATCH,UNIT_SCADA,1,"2019/09/04 17:30:00",KAREEYA3,0
D,DISPATCH,UNIT_SCADA,1,"2019/09/04 17:30:00",KAREEYA4,21.65
D,DISPATCH,UNIT_SCADA,1,"2019/09/04 17:30:00",KARSF1,23
D,DISPATCH,UNIT_SCADA,1,"2019/09/04 17:30:00",KIATAWF1,1.50
D,DISPATCH,UNIT_SCADA,1,"2019/09/04 17:30:00",KPP_1,0
D,DISPATCH,UNIT_SCADA,1,"2019/09/04 17:30:00",KSP1,20.38
D,DISPATCH,UNIT_SCADA,1,"2019/09/04 17:30:00",LADBROK1,40.69
D,DISPATCH,UNIT_SCADA,1,"2019/09/04 17:30:00",LADBROK2,41.35
D,DISPATCH,UNIT_SCADA,1,"2019/09/04 17:30:00",LD01,419.737520
D,DISPATCH,UNIT_SCADA,1,"2019/09/04 17:30:00",LD02,400.725040
D,DISPATCH,UNIT_SCADA,1,"2019/09/04 17:30:00",LD03,422.006290
D,DISPATCH,UNIT_SCADA,1,"2019/09/04 17:30:00",LD04,381.412450
D,DISPATCH,UNIT_SCADA,1,"2019/09/04 17:30:00",LEM_WIL,85.313450
D,DISPATCH,UNIT_SCADA,1,"2019/09/04 17:30:00",LGAPWF1,15.99
D,DISPATCH,UNIT_SCADA,1,"2019/09/04 17:30:00",LILYSF1,8.650750
D,DISPATCH,UNIT_SCADA,1,"2019/09/04 17:30:00",LI_WY_CA,120.199940
D,DISPATCH,UNIT_SCADA,1,"2019/09/04 17:30:00",LKBONNY2,-1.188070
D,DISPATCH,UNIT_SCADA,1,"2019/09/04 17:30:00",LKBONNY3,-0.057570
D,DISPATCH,UNIT_SCADA,1,"2019/09/04 17:30:00",LK_ECHO,0
D,DISPATCH,UNIT_SCADA,1,"2019/09/04 17:30:00",LNGS1,0
D,DISPATCH,UNIT_SCADA,1,"2019/09/04 17:30:00",LNGS2,0
D,DISPATCH,UNIT_SCADA,1,"2019/09/04 17:30:00",LONSDALE,0
D,DISPATCH,UNIT_SCADA,1,"2019/09/04 17:30:00",LOYYB1,535.336730
D,DISPATCH,UNIT_SCADA,1,"2019/09/04 17:30:00",LOYYB2,578.946840
D,DISPATCH,UNIT_SCADA,1,"2019/09/04 17:30:00",LYA1,0
D,DISPATCH,UNIT_SCADA,1,"2019/09/04 17:30:00",LYA2,0
D,DISPATCH,UNIT_SCADA,1,"2019/09/04 17:30:00",LYA3,556
D,DISPATCH,UNIT_SCADA,1,"2019/09/04 17:30:00",LYA4,541
D,DISPATCH,UNIT_SCADA,1,"2019/09/04 17:30:00",MACARTH1,0
D,DISPATCH,UNIT_SCADA,1,"2019/09/04 17:30:00",MACKAYGT,0.2240
D,DISPATCH,UNIT_SCADA,1,"2019/09/04 17:30:00",MACKNTSH,88.91
D,DISPATCH,UNIT_SCADA,1,"2019/09/04 17:30:00",MANSLR1,4.2960
D,DISPATCH,UNIT_SCADA,1,"2019/09/04 17:30:00",MCKAY1,2.66
D,DISPATCH,UNIT_SCADA,1,"2019/09/04 17:30:00",MEADOWBK,25.036080
D,DISPATCH,UNIT_SCADA,1,"2019/09/04 17:30:00",MERCER01,17.14
D,DISPATCH,UNIT_SCADA,1,"2019/09/04 17:30:00",MEWF1,27.196420
D,DISPATCH,UNIT_SCADA,1,"2019/09/04 17:30:00",MINTARO,0
D,DISPATCH,UNIT_SCADA,1,"2019/09/04 17:30:00",MOREESF1,1.2380
D,DISPATCH,UNIT_SCADA,1,"2019/09/04 17:30:00",MORTLK11,259
D,DISPATCH,UNIT_SCADA,1,"2019/09/04 17:30:00",MORTLK12,0
D,DISPATCH,UNIT_SCADA,1,"2019/09/04 17:30:00",MP1,231.775020
D,DISPATCH,UNIT_SCADA,1,"2019/09/04 17:30:00",MP2,0
D,DISPATCH,UNIT_SCADA,1,"2019/09/04 17:30:00",MPP_1,408.25
D,DISPATCH,UNIT_SCADA,1,"2019/09/04 17:30:00",MPP_2,430.25
D,DISPATCH,UNIT_SCADA,1,"2019/09/04 17:30:00",MSTUART1,0
D,DISPATCH,UNIT_SCADA,1,"2019/09/04 17:30:00",MSTUART2,0
D,DISPATCH,UNIT_SCADA,1,"2019/09/04 17:30:00",MSTUART3,0
D,DISPATCH,UNIT_SCADA,1,"2019/09/04 17:30:00",MTGELWF1,-0.115970
D,DISPATCH,UNIT_SCADA,1,"2019/09/04 17:30:00",MURRAY,391.641170
D,DISPATCH,UNIT_SCADA,1,"2019/09/04 17:30:00",MUSSELR1,165.100010
D,DISPATCH,UNIT_SCADA,1,"2019/09/04 17:30:00",MUWAWF1,5.28
D,DISPATCH,UNIT_SCADA,1,"2019/09/04 17:30:00",NBHWF1,4.90
D,DISPATCH,UNIT_SCADA,1,"2019/09/04 17:30:00",NPS,302.6250
D,DISPATCH,UNIT_SCADA,1,"2019/09/04 17:30:00",NUMURSF1,1.18
D,DISPATCH,UNIT_SCADA,1,"2019/09/04 17:30:00",NYNGAN1,5.75
D,DISPATCH,UNIT_SCADA,1,"2019/09/04 17:30:00",OAKEY1,0
D,DISPATCH,UNIT_SCADA,1,"2019/09/04 17:30:00",OAKEY1SF,0.6370
D,DISPATCH,UNIT_SCADA,1,"2019/09/04 17:30:00",OAKEY2,0
D,DISPATCH,UNIT_SCADA,1,"2019/09/04 17:30:00",OAKEY2SF,0
D,DISPATCH,UNIT_SCADA,1,"2019/09/04 17:30:00",OAKLAND1,11.40
D,DISPATCH,UNIT_SCADA,1,"2019/09/04 17:30:00",OSB-AG,177.100010
D,DISPATCH,UNIT_SCADA,1,"2019/09/04 17:30:00",PARSF1,5.603120
D,DISPATCH,UNIT_SCADA,1,"2019/09/04 17:30:00",POAT110,0
D,DISPATCH,UNIT_SCADA,1,"2019/09/04 17:30:00",POAT220,27.66
D,DISPATCH,UNIT_SCADA,1,"2019/09/04 17:30:00",POR01,0
D,DISPATCH,UNIT_SCADA,1,"2019/09/04 17:30:00",POR03,0
D,DISPATCH,UNIT_SCADA,1,"2019/09/04 17:30:00",PPCCGT,480.918150
D,DISPATCH,UNIT_SCADA,1,"2019/09/04 17:30:00",PTSTAN1,0
D,DISPATCH,UNIT_SCADA,1,"2019/09/04 17:30:00",PUMP1,0
D,DISPATCH,UNIT_SCADA,1,"2019/09/04 17:30:00",PUMP2,0
D,DISPATCH,UNIT_SCADA,1,"2019/09/04 17:30:00",QPS1,29
D,DISPATCH,UNIT_SCADA,1,"2019/09/04 17:30:00",QPS2,22.80
D,DISPATCH,UNIT_SCADA,1,"2019/09/04 17:30:00",QPS3,22.70
D,DISPATCH,UNIT_SCADA,1,"2019/09/04 17:30:00",QPS4,0
D,DISPATCH,UNIT_SCADA,1,"2019/09/04 17:30:00",QPS5,121.40
D,DISPATCH,UNIT_SCADA,1,"2019/09/04 17:30:00",REECE1,117.920010
D,DISPATCH,UNIT_SCADA,1,"2019/09/04 17:30:00",REECE2,101.370010
D,DISPATCH,UNIT_SCADA,1,"2019/09/04 17:30:00",ROMA_7,0
D,DISPATCH,UNIT_SCADA,1,"2019/09/04 17:30:00",ROMA_8,0
D,DISPATCH,UNIT_SCADA,1,"2019/09/04 17:30:00",RRSF1,20.637450
D,DISPATCH,UNIT_SCADA,1,"2019/09/04 17:30:00",RT_NSW1,0
D,DISPATCH,UNIT_SCADA,1,"2019/09/04 17:30:00",RT_NSW2,0
D,DISPATCH,UNIT_SCADA,1,"2019/09/04 17:30:00",RT_NSW3,0
D,DISPATCH,UNIT_SCADA,1,"2019/09/04 17:30:00",RT_NSW4,0
D,DISPATCH,UNIT_SCADA,1,"2019/09/04 17:30:00",RT_NSW5,0
D,DISPATCH,UNIT_SCADA,1,"2019/09/04 17:30:00",RT_NSW6,0
D,DISPATCH,UNIT_SCADA,1,"2019/09/04 17:30:00",RT_QLD1,0
D,DISPATCH,UNIT_SCADA,1,"2019/09/04 17:30:00",RT_SA1,0
D,DISPATCH,UNIT_SCADA,1,"2019/09/04 17:30:00",RT_SA2,0
D,DISPATCH,UNIT_SCADA,1,"2019/09/04 17:30:00",RT_SA3,0
D,DISPATCH,UNIT_SCADA,1,"2019/09/04 17:30:00",RT_SA4,0
D,DISPATCH,UNIT_SCADA,1,"2019/09/04 17:30:00",RT_SA5,0
D,DISPATCH,UNIT_SCADA,1,"2019/09/04 17:30:00",RT_SA6,0
D,DISPATCH,UNIT_SCADA,1,"2019/09/04 17:30:00",RT_TAS1,0
D,DISPATCH,UNIT_SCADA,1,"2019/09/04 17:30:00",RT_VIC1,0
D,DISPATCH,UNIT_SCADA,1,"2019/09/04 17:30:00",RT_VIC10,0
D,DISPATCH,UNIT_SCADA,1,"2019/09/04 17:30:00",RT_VIC11,0
D,DISPATCH,UNIT_SCADA,1,"2019/09/04 17:30:00",RT_VIC12,0
D,DISPATCH,UNIT_SCADA,1,"2019/09/04 17:30:00",RT_VIC2,0
D,DISPATCH,UNIT_SCADA,1,"2019/09/04 17:30:00",RT_VIC3,0
D,DISPATCH,UNIT_SCADA,1,"2019/09/04 17:30:00",RT_VIC4,0
D,DISPATCH,UNIT_SCADA,1,"2019/09/04 17:30:00",RT_VIC5,0
D,DISPATCH,UNIT_SCADA,1,"2019/09/04 17:30:00",RT_VIC6,0
D,DISPATCH,UNIT_SCADA,1,"2019/09/04 17:30:00",RT_VIC7,0
D,DISPATCH,UNIT_SCADA,1,"2019/09/04 17:30:00",RT_VIC8,0
D,DISPATCH,UNIT_SCADA,1,"2019/09/04 17:30:00",RT_VIC9,0
D,DISPATCH,UNIT_SCADA,1,"2019/09/04 17:30:00",RUGBYR1,12.890110
D,DISPATCH,UNIT_SCADA,1,"2019/09/04 17:30:00",SALTCRK1,4.66
D,DISPATCH,UNIT_SCADA,1,"2019/09/04 17:30:00",SAPHWF1,86.0625
D,DISPATCH,UNIT_SCADA,1,"2019/09/04 17:30:00",SHGEN,78.103120
D,DISPATCH,UNIT_SCADA,1,"2019/09/04 17:30:00",SHPUMP,0
D,DISPATCH,UNIT_SCADA,1,"2019/09/04 17:30:00",SITHE01,0.374910
D,DISPATCH,UNIT_SCADA,1,"2019/09/04 17:30:00",SMCSF1,10.142670
D,DISPATCH,UNIT_SCADA,1,"2019/09/04 17:30:00",SNOWNTH1,2.30
D,DISPATCH,UNIT_SCADA,1,"2019/09/04 17:30:00",SNOWSTH1,0
D,DISPATCH,UNIT_SCADA,1,"2019/09/04 17:30:00",SNOWTWN1,-0.528140
D,DISPATCH,UNIT_SCADA,1,"2019/09/04 17:30:00",SNOWYP,0
D,DISPATCH,UNIT_SCADA,1,"2019/09/04 17:30:00",SNUG1,0.019440
D,DISPATCH,UNIT_SCADA,1,"2019/09/04 17:30:00",SRSF1,1.07
D,DISPATCH,UNIT_SCADA,1,"2019/09/04 17:30:00",STAN-1,217.171980
D,DISPATCH,UNIT_SCADA,1,"2019/09/04 17:30:00",STAN-2,344.157930
D,DISPATCH,UNIT_SCADA,1,"2019/09/04 17:30:00",STAN-3,340.940670
D,DISPATCH,UNIT_SCADA,1,"2019/09/04 17:30:00",STAN-4,338.338650
D,DISPATCH,UNIT_SCADA,1,"2019/09/04 17:30:00",STWF1,34.278750
D,DISPATCH,UNIT_SCADA,1,"2019/09/04 17:30:00",SWAN_E,0
D,DISPATCH,UNIT_SCADA,1,"2019/09/04 17:30:00",TALWA1,435
D,DISPATCH,UNIT_SCADA,1,"2019/09/04 17:30:00",TARALGA1,71.148760
D,DISPATCH,UNIT_SCADA,1,"2019/09/04 17:30:00",TARONG#1,346.50
D,DISPATCH,UNIT_SCADA,1,"2019/09/04 17:30:00",TARONG#2,0
D,DISPATCH,UNIT_SCADA,1,"2019/09/04 17:30:00",TARONG#3,349.399990
D,DISPATCH,UNIT_SCADA,1,"2019/09/04 17:30:00",TARONG#4,350.200010
D,DISPATCH,UNIT_SCADA,1,"2019/09/04 17:30:00",TARRALEA,71.10
D,DISPATCH,UNIT_SCADA,1,"2019/09/04 17:30:00",TBSF1,1.50
D,DISPATCH,UNIT_SCADA,1,"2019/09/04 17:30:00",TNPS1,379.300020
D,DISPATCH,UNIT_SCADA,1,"2019/09/04 17:30:00",TORRA1,102.731130
D,DISPATCH,UNIT_SCADA,1,"2019/09/04 17:30:00",TORRA2,0
D,DISPATCH,UNIT_SCADA,1,"2019/09/04 17:30:00",TORRA3,0
D,DISPATCH,UNIT_SCADA,1,"2019/09/04 17:30:00",TORRA4,99.452010
D,DISPATCH,UNIT_SCADA,1,"2019/09/04 17:30:00",TORRB1,159.850010
D,DISPATCH,UNIT_SCADA,1,"2019/09/04 17:30:00",TORRB2,172.509990
D,DISPATCH,UNIT_SCADA,1,"2019/09/04 17:30:00",TORRB3,169.11
D,DISPATCH,UNIT_SCADA,1,"2019/09/04 17:30:00",TORRB4,0
D,DISPATCH,UNIT_SCADA,1,"2019/09/04 17:30:00",TREVALLN,43.930020
D,DISPATCH,UNIT_SCADA,1,"2019/09/04 17:30:00",TRIBUTE,0
D,DISPATCH,UNIT_SCADA,1,"2019/09/04 17:30:00",TUMUT3,0
D,DISPATCH,UNIT_SCADA,1,"2019/09/04 17:30:00",TUNGATIN,15.40
D,DISPATCH,UNIT_SCADA,1,"2019/09/04 17:30:00",TVCC201,0
D,DISPATCH,UNIT_SCADA,1,"2019/09/04 17:30:00",TVPP104,0
D,DISPATCH,UNIT_SCADA,1,"2019/09/04 17:30:00",UPPTUMUT,551.993470
D,DISPATCH,UNIT_SCADA,1,"2019/09/04 17:30:00",URANQ11,159.231260
D,DISPATCH,UNIT_SCADA,1,"2019/09/04 17:30:00",URANQ12,161.418760
D,DISPATCH,UNIT_SCADA,1,"2019/09/04 17:30:00",URANQ13,165.081240
D,DISPATCH,UNIT_SCADA,1,"2019/09/04 17:30:00",URANQ14,0
D,DISPATCH,UNIT_SCADA,1,"2019/09/04 17:30:00",VP5,622.774960
D,DISPATCH,UNIT_SCADA,1,"2019/09/04 17:30:00",VP6,0
D,DISPATCH,UNIT_SCADA,1,"2019/09/04 17:30:00",VPGS1,0
D,DISPATCH,UNIT_SCADA,1,"2019/09/04 17:30:00",VPGS2,0
D,DISPATCH,UNIT_SCADA,1,"2019/09/04 17:30:00",VPGS3,0
D,DISPATCH,UNIT_SCADA,1,"2019/09/04 17:30:00",VPGS4,0
D,DISPATCH,UNIT_SCADA,1,"2019/09/04 17:30:00",VPGS5,0
D,DISPATCH,UNIT_SCADA,1,"2019/09/04 17:30:00",VPGS6,0
D,DISPATCH,UNIT_SCADA,1,"2019/09/04 17:30:00",W/HOE#1,41.62
D,DISPATCH,UNIT_SCADA,1,"2019/09/04 17:30:00",W/HOE#2,0
D,DISPATCH,UNIT_SCADA,1,"2019/09/04 17:30:00",WATERLWF,4
D,DISPATCH,UNIT_SCADA,1,"2019/09/04 17:30:00",WEMENSF1,5.20
D,DISPATCH,UNIT_SCADA,1,"2019/09/04 17:30:00",WGWF1,11.10
D,DISPATCH,UNIT_SCADA,1,"2019/09/04 17:30:00",WHITSF1,7
D,DISPATCH,UNIT_SCADA,1,"2019/09/04 17:30:00",WKIEWA1,12.90
D,DISPATCH,UNIT_SCADA,1,"2019/09/04 17:30:00",WKIEWA2,0.10
D,DISPATCH,UNIT_SCADA,1,"2019/09/04 17:30:00",WOODLWN1,22.472990
D,DISPATCH,UNIT_SCADA,1,"2019/09/04 17:30:00",WRSF1,0.33
D,DISPATCH,UNIT_SCADA,1,"2019/09/04 17:30:00",WRWF1,73.516250
D,DISPATCH,UNIT_SCADA,1,"2019/09/04 17:30:00",YABULU,84.420010
D,DISPATCH,UNIT_SCADA,1,"2019/09/04 17:30:00",YABULU2,0
D,DISPATCH,UNIT_SCADA,1,"2019/09/04 17:30:00",YARWUN_1,157.28
D,DISPATCH,UNIT_SCADA,1,"2019/09/04 17:30:00",YENDWF1,12.10
D,DISPATCH,UNIT_SCADA,1,"2019/09/04 17:30:00",YWPS1,382.455690
D,DISPATCH,UNIT_SCADA,1,"2019/09/04 17:30:00",YWPS2,281.450620
D,DISPATCH,UNIT_SCADA,1,"2019/09/04 17:30:00",YWPS3,384.229130
D,DISPATCH,UNIT_SCADA,1,"2019/09/04 17:30:00",YWPS4,387.051910
C,"END OF REPORT",335
