C,NEMP.WORLD,DISPATCHSCADA,AEMO,PUBLIC,2019/09/04,17:15:07,0000000312390633,DISPATCHSCADA,0000000312390627
I,DISPATCH,UNIT_SCADA,1,SETTLEMENTDATE,DUID,SCADAVALUE
D,DISPATCH,UNIT_SCADA,1,"2019/09/04 17:20:00",BARCSF1,5.40
D,DISPATCH,UNIT_SCADA,1,"2019/09/04 17:20:00",BUTLERSG,10.199999
D,DISPATCH,UNIT_SCADA,1,"2019/09/04 17:20:00",CALL_A_4,0
D,DISPATCH,UNIT_SCADA,1,"2019/09/04 17:20:00",CAPTL_WF,59.312004
D,DISPATCH,UNIT_SCADA,1,"2019/09/04 17:20:00",CATHROCK,0
D,DISPATCH,UNIT_SCADA,1,"2019/09/04 17:20:00",CHALLHWF,0
D,DISPATCH,UNIT_SCADA,1,"2019/09/04 17:20:00",CLOVER,-0.02
D,DISPATCH,UNIT_SCADA,1,"2019/09/04 17:20:00",CLUNY,12.248569
D,DISPATCH,UNIT_SCADA,1,"2019/09/04 17:20:00",CNUNDAWF,0.400467
D,DISPATCH,UNIT_SCADA,1,"2019/09/04 17:20:00",CULLRGWF,28.27
D,DISPATCH,UNIT_SCADA,1,"2019/09/04 17:20:00",ERGT01,0
D,DISPATCH,UNIT_SCADA,1,"2019/09/04 17:20:00",GB01,0.008873
D,DISPATCH,UNIT_SCADA,1,"2019/09/04 17:20:00",GERMCRK,36
D,DISPATCH,UNIT_SCADA,1,"2019/09/04 17:20:00",GRIFSF1,7.500008
D,DISPATCH,UNIT_SCADA,1,"2019/09/04 17:20:00",HUGSF1,4.5040
D,DISPATCH,UNIT_SCADA,1,"2019/09/04 17:20:00",LKBONNY1,-0.449338
D,DISPATCH,UNIT_SCADA,1,"2019/09/04 17:20:00",LRSF1,6.8270
D,DISPATCH,UNIT_SCADA,1,"2019/09/04 17:20:00",MBAHNTH,27.037498
D,DISPATCH,UNIT_SCADA,1,"2019/09/04 17:20:00",MLSP1,0.366001
D,DISPATCH,UNIT_SCADA,1,"2019/09/04 17:20:00",MLWF1,1.6050
D,DISPATCH,UNIT_SCADA,1,"2019/09/04 17:20:00",MTMILLAR,0.066972
D,DISPATCH,UNIT_SCADA,1,"2019/09/04 17:20:00",PALOONA,24.539999
D,DISPATCH,UNIT_SCADA,1,"2019/09/04 17:20:00",PIONEER,45.700001
D,DISPATCH,UNIT_SCADA,1,"2019/09/04 17:20:00",PORTWF,4.30
D,DISPATCH,UNIT_SCADA,1,"2019/09/04 17:20:00",REPULSE,20.210880
D,DISPATCH,UNIT_SCADA,1,"2019/09/04 17:20:00",ROWALLAN,10.3234
D,DISPATCH,UNIT_SCADA,1,"2019/09/04 17:20:00",ROYALLA1,0.3780
D,DISPATCH,UNIT_SCADA,1,"2019/09/04 17:20:00",RPCG,-1.80
D,DISPATCH,UNIT_SCADA,1,"2019/09/04 17:20:00",RUBICON,0
D,DISPATCH,UNIT_SCADA,1,"2019/09/04 17:20:00",SATGN1,0
D,DISPATCH,UNIT_SCADA,1,"2019/09/04 17:20:00",SATGS1,0
D,DISPATCH,UNIT_SCADA,1,"2019/09/04 17:20:00",STARHLWF,0.099971
D,DISPATCH,UNIT_SCADA,1,"2019/09/04 17:20:00",WAUBRAWF,10.7280
D,DISPATCH,UNIT_SCADA,1,"2019/09/04 17:20:00",WOOLNTH1,47.580017
D,DISPATCH,UNIT_SCADA,1,"2019/09/04 17:20:00",WPWF,0
D,DISPATCH,UNIT_SCADA,1,"2019/09/04 17:20:00",YAMBUKWF,1.60
D,DISPATCH,UNIT_SCADA,1,"2019/09/04 17:20:00",YSWF1,3.30
D,DISPATCH,UNIT_SCADA,1,"2019/09/04 17:20:00",AGLHAL,0
D,DISPATCH,UNIT_SCADA,1,"2019/09/04 17:20:00",AGLSOM,117.100010
D,DISPATCH,UNIT_SCADA,1,"2019/09/04 17:20:00",ANGAST1,0
D,DISPATCH,UNIT_SCADA,1,"2019/09/04 17:20:00",ARWF1,17.40
D,DISPATCH,UNIT_SCADA,1,"2019/09/04 17:20:00",BALBG1,18.92
D,DISPATCH,UNIT_SCADA,1,"2019/09/04 17:20:00",BALBL1,0
D,DISPATCH,UNIT_SCADA,1,"2019/09/04 17:20:00",BALDHWF1,37.3350
D,DISPATCH,UNIT_SCADA,1,"2019/09/04 17:20:00",BANN1,25.64
D,DISPATCH,UNIT_SCADA,1,"2019/09/04 17:20:00",BARCALDN,0
D,DISPATCH,UNIT_SCADA,1,"2019/09/04 17:20:00",BARRON-1,34.36
D,DISPATCH,UNIT_SCADA,1,"2019/09/04 17:20:00",BARRON-2,0
D,DISPATCH,UNIT_SCADA,1,"2019/09/04 17:20:00",BASTYAN,80.70
D,DISPATCH,UNIT_SCADA,1,"2019/09/04 17:20:00",BBTHREE1,0
D,DISPATCH,UNIT_SCADA,1,"2019/09/04 17:20:00",BBTHREE2,0
D,DISPATCH,UNIT_SCADA,1,"2019/09/04 17:20:00",BBTHREE3,0
D,DISPATCH,UNIT_SCADA,1,"2019/09/04 17:20:00",BDL01,43.20
D,DISPATCH,UNIT_SCADA,1,"2019/09/04 17:20:00",BDL02,43.62
D,DISPATCH,UNIT_SCADA,1,"2019/09/04 17:20:00",BERYLSF1,6.0030
D,DISPATCH,UNIT_SCADA,1,"2019/09/04 17:20:00",BLOWERNG,11.10
D,DISPATCH,UNIT_SCADA,1,"2019/09/04 17:20:00",BLUFF1,0.90
D,DISPATCH,UNIT_SCADA,1,"2019/09/04 17:20:00",BNGSF1,59.17
D,DISPATCH,UNIT_SCADA,1,"2019/09/04 17:20:00",BNGSF2,19.99
D,DISPATCH,UNIT_SCADA,1,"2019/09/04 17:20:00",BOCORWF1,69.17
D,DISPATCH,UNIT_SCADA,1,"2019/09/04 17:20:00",BODWF1,81.111960
D,DISPATCH,UNIT_SCADA,1,"2019/09/04 17:20:00",BRAEMAR1,84.000010
D,DISPATCH,UNIT_SCADA,1,"2019/09/04 17:20:00",BRAEMAR2,0
D,DISPATCH,UNIT_SCADA,1,"2019/09/04 17:20:00",BRAEMAR3,172.400010
D,DISPATCH,UNIT_SCADA,1,"2019/09/04 17:20:00",BRAEMAR5,89.168630
D,DISPATCH,UNIT_SCADA,1,"2019/09/04 17:20:00",BRAEMAR6,0
D,DISPATCH,UNIT_SCADA,1,"2019/09/04 17:20:00",BRAEMAR7,0
D,DISPATCH,UNIT_SCADA,1,"2019/09/04 17:20:00",BROKENH1,13.6189
D,DISPATCH,UNIT_SCADA,1,"2019/09/04 17:20:00",BW01,655.525020
D,DISPATCH,UNIT_SCADA,1,"2019/09/04 17:20:00",BW02,649.174930
D,DISPATCH,UNIT_SCADA,1,"2019/09/04 17:20:00",BW03,632.699950
D,DISPATCH,UNIT_SCADA,1,"2019/09/04 17:20:00",BW04,0
D,DISPATCH,UNIT_SCADA,1,"2019/09/04 17:20:00",CALL_B_1,159.600010
D,DISPATCH,UNIT_SCADA,1,"2019/09/04 17:20:00",CALL_B_2,159.20
D,DISPATCH,UNIT_SCADA,1,"2019/09/04 17:20:00",CETHANA,97.7055
D,DISPATCH,UNIT_SCADA,1,"2019/09/04 17:20:00",CG1,0
D,DISPATCH,UNIT_SCADA,1,"2019/09/04 17:20:00",CG2,0
D,DISPATCH,UNIT_SCADA,1,"2019/09/04 17:20:00",CG3,0
D,DISPATCH,UNIT_SCADA,1,"2019/09/04 17:20:00",CG4,0
D,DISPATCH,UNIT_SCADA,1,"2019/09/04 17:20:00",CHILDSF1,1.52
D,DISPATCH,UNIT_SCADA,1,"2019/09/04 17:20:00",CLARESF1,15.240190
D,DISPATCH,UNIT_SCADA,1,"2019/09/04 17:20:00",CLEMGPWF,-0.288140
D,DISPATCH,UNIT_SCADA,1,"2019/09/04 17:20:00",CLERMSF1,15.07
D,DISPATCH,UNIT_SCADA,1,"2019/09/04 17:20:00",COLEASF1,5
D,DISPATCH,UNIT_SCADA,1,"2019/09/04 17:20:00",COOPGWF1,24.071690
D,DISPATCH,UNIT_SCADA,1,"2019/09/04 17:20:00",CPP_3,407
D,DISPATCH,UNIT_SCADA,1,"2019/09/04 17:20:00",CPP_4,170.775010
D,DISPATCH,UNIT_SCADA,1,"2019/09/04 17:20:00",CPSA,117.040630
D,DISPATCH,UNIT_SCADA,1,"2019/09/04 17:20:00",CROOKWF2,83.033740
D,DISPATCH,UNIT_SCADA,1,"2019/09/04 17:20:00",CROWLWF1,6.524420
D,DISPATCH,UNIT_SCADA,1,"2019/09/04 17:20:00",CSPVPS1,4.3570
D,DISPATCH,UNIT_SCADA,1,"2019/09/04 17:20:00",DALNTH01,0
D,DISPATCH,UNIT_SCADA,1,"2019/09/04 17:20:00",DALNTHL1,0.120550
D,DISPATCH,UNIT_SCADA,1,"2019/09/04 17:20:00",DARTM1,133.600010
D,DISPATCH,UNIT_SCADA,1,"2019/09/04 17:20:00",DAYDSF1,44.5850
D,DISPATCH,UNIT_SCADA,1,"2019/09/04 17:20:00",DDPS1,412.249020
D,DISPATCH,UNIT_SCADA,1,"2019/09/04 17:20:00",DDSF1,7.317250
D,DISPATCH,UNIT_SCADA,1,"2019/09/04 17:20:00",DEVILS_G,57.567680
D,DISPATCH,UNIT_SCADA,1,"2019/09/04 17:20:00",DG_NSW1,0
D,DISPATCH,UNIT_SCADA,1,"2019/09/04 17:20:00",DG_QLD1,0
D,DISPATCH,UNIT_SCADA,1,"2019/09/04 17:20:00",DG_SA1,0
D,DISPATCH,UNIT_SCADA,1,"2019/09/04 17:20:00",DG_TAS1,0
D,DISPATCH,UNIT_SCADA,1,"2019/09/04 17:20:00",DG_VIC1,0
D,DISPATCH,UNIT_SCADA,1,"2019/09/04 17:20:00",DRYCGT1,0
D,DISPATCH,UNIT_SCADA,1,"2019/09/04 17:20:00",DRYCGT2,0
D,DISPATCH,UNIT_SCADA,1,"2019/09/04 17:20:00",DRYCGT3,0
D,DISPATCH,UNIT_SCADA,1,"2019/09/04 17:20:00",EILDON1,0
D,DISPATCH,UNIT_SCADA,1,"2019/09/04 17:20:00",EILDON2,0
D,DISPATCH,UNIT_SCADA,1,"2019/09/04 17:20:00",EMERASF1,14.48
D,DISPATCH,UNIT_SCADA,1,"2019/09/04 17:20:00",ER01,577.6250
D,DISPATCH,UNIT_SCADA,1,"2019/09/04 17:20:00",ER02,679.849980
D,DISPATCH,UNIT_SCADA,1,"2019/09/04 17:20:00",ER03,0
D,DISPATCH,UNIT_SCADA,1,"2019/09/04 17:20:00",ER04,682.925050
D,DISPATCH,UNIT_SCADA,1,"2019/09/04 17:20:00",FINLYSF1,0
D,DISPATCH,UNIT_SCADA,1,"2019/09/04 17:20:00",FISHER,46.08
D,DISPATCH,UNIT_SCADA,1,"2019/09/04 17:20:00",GANNBG1,22.721880
D,DISPATCH,UNIT_SCADA,1,"2019/09/04 17:20:00",GANNBL1,0
D,DISPATCH,UNIT_SCADA,1,"2019/09/04 17:20:00",GANNSF1,2.10
D,DISPATCH,UNIT_SCADA,1,"2019/09/04 17:20:00",GORDON,20.441680
D,DISPATCH,UNIT_SCADA,1,"2019/09/04 17:20:00",GSTONE1,217
D,DISPATCH,UNIT_SCADA,1,"2019/09/04 17:20:00",GSTONE2,200.3750
D,DISPATCH,UNIT_SCADA,1,"2019/09/04 17:20:00",GSTONE3,0
D,DISPATCH,UNIT_SCADA,1,"2019/09/04 17:20:00",GSTONE4,220.6750
D,DISPATCH,UNIT_SCADA,1,"2019/09/04 17:20:00",GSTONE5,218.5750
D,DISPATCH,UNIT_SCADA,1,"2019/09/04 17:20:00",GSTONE6,217
D,DISPATCH,UNIT_SCADA,1,"2019/09/04 17:20:00",GULLRSF1,0
D,DISPATCH,UNIT_SCADA,1,"2019/09/04 17:20:00",GULLRWF1,118.903320
D,DISPATCH,UNIT_SCADA,1,"2019/09/04 17:20:00",GUNNING1,29.404710
D,DISPATCH,UNIT_SCADA,1,"2019/09/04 17:20:00",GUTHEGA,0
D,DISPATCH,UNIT_SCADA,1,"2019/09/04 17:20:00",HALLWF1,0.01
D,DISPATCH,UNIT_SCADA,1,"2019/09/04 17:20:00",HALLWF2,5.96
D,DISPATCH,UNIT_SCADA,1,"2019/09/04 17:20:00",HAMISF1,14.20
D,DISPATCH,UNIT_SCADA,1,"2019/09/04 17:20:00",HAUGHT11,42.385410
D,DISPATCH,UNIT_SCADA,1,"2019/09/04 17:20:00",HAYMSF1,14.2350
D,DISPATCH,UNIT_SCADA,1,"2019/09/04 17:20:00",HDWF1,7.80
D,DISPATCH,UNIT_SCADA,1,"2019/09/04 17:20:00",HDWF2,6
D,DISPATCH,UNIT_SCADA,1,"2019/09/04 17:20:00",HDWF3,5.20
D,DISPATCH,UNIT_SCADA,1,"2019/09/04 17:20:00",HPRG1,29.40
D,DISPATCH,UNIT_SCADA,1,"2019/09/04 17:20:00",HPRL1,0
D,DISPATCH,UNIT_SCADA,1,"2019/09/04 17:20:00",HUMENSW,0
D,DISPATCH,UNIT_SCADA,1,"2019/09/04 17:20:00",HUMEV,25.60
D,DISPATCH,UNIT_SCADA,1,"2019/09/04 17:20:00",HVGTS,0
D,DISPATCH,UNIT_SCADA,1,"2019/09/04 17:20:00",JBUTTERS,65.22
D,DISPATCH,UNIT_SCADA,1,"2019/09/04 17:20:00",JLA01,30
D,DISPATCH,UNIT_SCADA,1,"2019/09/04 17:20:00",JLA02,0
D,DISPATCH,UNIT_SCADA,1,"2019/09/04 17:20:00",JLA03,0
D,DISPATCH,UNIT_SCADA,1,"2019/09/04 17:20:00",JLA04,0
D,DISPATCH,UNIT_SCADA,1,"2019/09/04 17:20:00",JLB01,0
D,DISPATCH,UNIT_SCADA,1,"2019/09/04 17:20:00",JLB02,0.10
D,DISPATCH,UNIT_SCADA,1,"2019/09/04 17:20:00",JLB03,83
D,DISPATCH,UNIT_SCADA,1,"2019/09/04 17:20:00",KAREEYA1,21.4875
D,DISPATCH,UNIT_SCADA,1,"2019/09/04 17:20:00",KAREEYA2,21.63
D,DISPATCH,UNIT_SCADA,1,"2019/09/04 17:20:00",KAREEYA3,0
D,DISPATCH,UNIT_SCADA,1,"2019/09/04 17:20:00",KAREEYA4,21.6850
D,DISPATCH,UNIT_SCADA,1,"2019/09/04 17:20:00",KARSF1,10.30
D,DISPATCH,UNIT_SCADA,1,"2019/09/04 17:20:00",KIATAWF1,2
D,DISPATCH,UNIT_SCADA,1,"2019/09/04 17:20:00",KPP_1,0
D,DISPATCH,UNIT_SCADA,1,"2019/09/04 17:20:00",KSP1,27.07
D,DISPATCH,UNIT_SCADA,1,"2019/09/04 17:20:00",LADBROK1,40.70
D,DISPATCH,UNIT_SCADA,1,"2019/09/04 17:20:00",LADBROK2,41.35
D,DISPATCH,UNIT_SCADA,1,"2019/09/04 17:20:00",LD01,415.912450
D,DISPATCH,UNIT_SCADA,1,"2019/09/04 17:20:00",LD02,397.406250
D,DISPATCH,UNIT_SCADA,1,"2019/09/04 17:20:00",LD03,419.531250
D,DISPATCH,UNIT_SCADA,1,"2019/09/04 17:20:00",LD04,378.9938
D,DISPATCH,UNIT_SCADA,1,"2019/09/04 17:20:00",LEM_WIL,85.2563
D,DISPATCH,UNIT_SCADA,1,"2019/09/04 17:20:00",LGAPWF1,19.15
D,DISPATCH,UNIT_SCADA,1,"2019/09/04 17:20:00",LILYSF1,16.777210
D,DISPATCH,UNIT_SCADA,1,"2019/09/04 17:20:00",LI_WY_CA,120.179510
D,DISPATCH,UNIT_SCADA,1,"2019/09/04 17:20:00",LKBONNY2,0.009060
D,DISPATCH,UNIT_SCADA,1,"2019/09/04 17:20:00",LKBONNY3,0
D,DISPATCH,UNIT_SCADA,1,"2019/09/04 17:20:00",LK_ECHO,0
D,DISPATCH,UNIT_SCADA,1,"2019/09/04 17:20:00",LNGS1,0
D,DISPATCH,UNIT_SCADA,1,"2019/09/04 17:20:00",LNGS2,0
D,DISPATCH,UNIT_SCADA,1,"2019/09/04 17:20:00",LONSDALE,0
D,DISPATCH,UNIT_SCADA,1,"2019/09/04 17:20:00",LOYYB1,524.810120
D,DISPATCH,UNIT_SCADA,1,"2019/09/04 17:20:00",LOYYB2,577.818970
D,DISPATCH,UNIT_SCADA,1,"2019/09/04 17:20:00",LYA1,0
D,DISPATCH,UNIT_SCADA,1,"2019/09/04 17:20:00",LYA2,0
D,DISPATCH,UNIT_SCADA,1,"2019/09/04 17:20:00",LYA3,557
D,DISPATCH,UNIT_SCADA,1,"2019/09/04 17:20:00",LYA4,541
D,DISPATCH,UNIT_SCADA,1,"2019/09/04 17:20:00",MACARTH1,0
D,DISPATCH,UNIT_SCADA,1,"2019/09/04 17:20:00",MACKAYGT,0.2240
D,DISPATCH,UNIT_SCADA,1,"2019/09/04 17:20:00",MACKNTSH,89.30
D,DISPATCH,UNIT_SCADA,1,"2019/09/04 17:20:00",MANSLR1,7.49
D,DISPATCH,UNIT_SCADA,1,"2019/09/04 17:20:00",MCKAY1,-0.0350
D,DISPATCH,UNIT_SCADA,1,"2019/09/04 17:20:00",MEADOWBK,25.064660
D,DISPATCH,UNIT_SCADA,1,"2019/09/04 17:20:00",MERCER01,32.8620
D,DISPATCH,UNIT_SCADA,1,"2019/09/04 17:20:00",MEWF1,28.966910
D,DISPATCH,UNIT_SCADA,1,"2019/09/04 17:20:00",MINTARO,0
D,DISPATCH,UNIT_SCADA,1,"2019/09/04 17:20:00",MOREESF1,7.9140
D,DISPATCH,UNIT_SCADA,1,"2019/09/04 17:20:00",MORTLK11,259
D,DISPATCH,UNIT_SCADA,1,"2019/09/04 17:20:00",MORTLK12,0
D,DISPATCH,UNIT_SCADA,1,"2019/09/04 17:20:00",MP1,218.799990
D,DISPATCH,UNIT_SCADA,1,"2019/09/04 17:20:00",MP2,0
D,DISPATCH,UNIT_SCADA,1,"2019/09/04 17:20:00",MPP_1,400.50
D,DISPATCH,UNIT_SCADA,1,"2019/09/04 17:20:00",MPP_2,435.50
D,DISPATCH,UNIT_SCADA,1,"2019/09/04 17:20:00",MSTUART1,0
D,DISPATCH,UNIT_SCADA,1,"2019/09/04 17:20:00",MSTUART2,0
D,DISPATCH,UNIT_SCADA,1,"2019/09/04 17:20:00",MSTUART3,0
D,DISPATCH,UNIT_SCADA,1,"2019/09/04 17:20:00",MTGELWF1,0.173960
D,DISPATCH,UNIT_SCADA,1,"2019/09/04 17:20:00",MURRAY,318.092830
D,DISPATCH,UNIT_SCADA,1,"2019/09/04 17:20:00",MUSSELR1,165.799990
D,DISPATCH,UNIT_SCADA,1,"2019/09/04 17:20:00",MUWAWF1,10.35
D,DISPATCH,UNIT_SCADA,1,"2019/09/04 17:20:00",NBHWF1,-0.10
D,DISPATCH,UNIT_SCADA,1,"2019/09/04 17:20:00",NPS,301.8750
D,DISPATCH,UNIT_SCADA,1,"2019/09/04 17:20:00",NUMURSF1,1.52
D,DISPATCH,UNIT_SCADA,1,"2019/09/04 17:20:00",NYNGAN1,11.75
D,DISPATCH,UNIT_SCADA,1,"2019/09/04 17:20:00",OAKEY1,0
D,DISPATCH,UNIT_SCADA,1,"2019/09/04 17:20:00",OAKEY1SF,2.1680
D,DISPATCH,UNIT_SCADA,1,"2019/09/04 17:20:00",OAKEY2,0
D,DISPATCH,UNIT_SCADA,1,"2019/09/04 17:20:00",OAKEY2SF,0
D,DISPATCH,UNIT_SCADA,1,"2019/09/04 17:20:00",OAKLAND1,11.40
D,DISPATCH,UNIT_SCADA,1,"2019/09/04 17:20:00",OSB-AG,177.41
D,DISPATCH,UNIT_SCADA,1,"2019/09/04 17:20:00",PARSF1,11.50
D,DISPATCH,UNIT_SCADA,1,"2019/09/04 17:20:00",POAT110,0
D,DISPATCH,UNIT_SCADA,1,"2019/09/04 17:20:00",POAT220,26.11
D,DISPATCH,UNIT_SCADA,1,"2019/09/04 17:20:00",POR01,0
D,DISPATCH,UNIT_SCADA,1,"2019/09/04 17:20:00",POR03,0
D,DISPATCH,UNIT_SCADA,1,"2019/09/04 17:20:00",PPCCGT,480.918150
D,DISPATCH,UNIT_SCADA,1,"2019/09/04 17:20:00",PTSTAN1,0
D,DISPATCH,UNIT_SCADA,1,"2019/09/04 17:20:00",PUMP1,0
D,DISPATCH,UNIT_SCADA,1,"2019/09/04 17:20:00",PUMP2,0
D,DISPATCH,UNIT_SCADA,1,"2019/09/04 17:20:00",QPS1,29
D,DISPATCH,UNIT_SCADA,1,"2019/09/04 17:20:00",QPS2,18.40
D,DISPATCH,UNIT_SCADA,1,"2019/09/04 17:20:00",QPS3,10
D,DISPATCH,UNIT_SCADA,1,"2019/09/04 17:20:00",QPS4,0
D,DISPATCH,UNIT_SCADA,1,"2019/09/04 17:20:00",QPS5,122.29
D,DISPATCH,UNIT_SCADA,1,"2019/09/04 17:20:00",REECE1,117.890010
D,DISPATCH,UNIT_SCADA,1,"2019/09/04 17:20:00",REECE2,101.750010
D,DISPATCH,UNIT_SCADA,1,"2019/09/04 17:20:00",ROMA_7,0
D,DISPATCH,UNIT_SCADA,1,"2019/09/04 17:20:00",ROMA_8,0
D,DISPATCH,UNIT_SCADA,1,"2019/09/04 17:20:00",RRSF1,32.691080
D,DISPATCH,UNIT_SCADA,1,"2019/09/04 17:20:00",RT_NSW1,0
D,DISPATCH,UNIT_SCADA,1,"2019/09/04 17:20:00",RT_NSW2,0
D,DISPATCH,UNIT_SCADA,1,"2019/09/04 17:20:00",RT_NSW3,0
D,DISPATCH,UNIT_SCADA,1,"2019/09/04 17:20:00",RT_NSW4,0
D,DISPATCH,UNIT_SCADA,1,"2019/09/04 17:20:00",RT_NSW5,0
D,DISPATCH,UNIT_SCADA,1,"2019/09/04 17:20:00",RT_NSW6,0
D,DISPATCH,UNIT_SCADA,1,"2019/09/04 17:20:00",RT_QLD1,0
D,DISPATCH,UNIT_SCADA,1,"2019/09/04 17:20:00",RT_SA1,0
D,DISPATCH,UNIT_SCADA,1,"2019/09/04 17:20:00",RT_SA2,0
D,DISPATCH,UNIT_SCADA,1,"2019/09/04 17:20:00",RT_SA3,0
D,DISPATCH,UNIT_SCADA,1,"2019/09/04 17:20:00",RT_SA4,0
D,DISPATCH,UNIT_SCADA,1,"2019/09/04 17:20:00",RT_SA5,0
D,DISPATCH,UNIT_SCADA,1,"2019/09/04 17:20:00",RT_SA6,0
D,DISPATCH,UNIT_SCADA,1,"2019/09/04 17:20:00",RT_TAS1,0
D,DISPATCH,UNIT_SCADA,1,"2019/09/04 17:20:00",RT_VIC1,0
D,DISPATCH,UNIT_SCADA,1,"2019/09/04 17:20:00",RT_VIC10,0
D,DISPATCH,UNIT_SCADA,1,"2019/09/04 17:20:00",RT_VIC11,0
D,DISPATCH,UNIT_SCADA,1,"2019/09/04 17:20:00",RT_VIC12,0
D,DISPATCH,UNIT_SCADA,1,"2019/09/04 17:20:00",RT_VIC2,0
D,DISPATCH,UNIT_SCADA,1,"2019/09/04 17:20:00",RT_VIC3,0
D,DISPATCH,UNIT_SCADA,1,"2019/09/04 17:20:00",RT_VIC4,0
D,DISPATCH,UNIT_SCADA,1,"2019/09/04 17:20:00",RT_VIC5,0
D,DISPATCH,UNIT_SCADA,1,"2019/09/04 17:20:00",RT_VIC6,0
D,DISPATCH,UNIT_SCADA,1,"2019/09/04 17:20:00",RT_VIC7,0
D,DISPATCH,UNIT_SCADA,1,"2019/09/04 17:20:00",RT_VIC8,0
D,DISPATCH,UNIT_SCADA,1,"2019/09/04 17:20:00",RT_VIC9,0
D,DISPATCH,UNIT_SCADA,1,"2019/09/04 17:20:00",RUGBYR1,20.262910
D,DISPATCH,UNIT_SCADA,1,"2019/09/04 17:20:00",SALTCRK1,5.67
D,DISPATCH,UNIT_SCADA,1,"2019/09/04 17:20:00",SAPHWF1,111.618740
D,DISPATCH,UNIT_SCADA,1,"2019/09/04 17:20:00",SHGEN,79.471880
D,DISPATCH,UNIT_SCADA,1,"2019/09/04 17:20:00",SHPUMP,0
D,DISPATCH,UNIT_SCADA,1,"2019/09/04 17:20:00",SITHE01,0.324670
D,DISPATCH,UNIT_SCADA,1,"2019/09/04 17:20:00",SMCSF1,14.687890
D,DISPATCH,UNIT_SCADA,1,"2019/09/04 17:20:00",SNOWNTH1,2.30
D,DISPATCH,UNIT_SCADA,1,"2019/09/04 17:20:00",SNOWSTH1,0.60
D,DISPATCH,UNIT_SCADA,1,"2019/09/04 17:20:00",SNOWTWN1,-0.492140
D,DISPATCH,UNIT_SCADA,1,"2019/09/04 17:20:00",SNOWYP,0
D,DISPATCH,UNIT_SCADA,1,"2019/09/04 17:20:00",SNUG1,0.019440
D,DISPATCH,UNIT_SCADA,1,"2019/09/04 17:20:00",SRSF1,2.08
D,DISPATCH,UNIT_SCADA,1,"2019/09/04 17:20:00",STAN-1,217.2617
D,DISPATCH,UNIT_SCADA,1,"2019/09/04 17:20:00",STAN-2,321.329440
D,DISPATCH,UNIT_SCADA,1,"2019/09/04 17:20:00",STAN-3,327.866520
D,DISPATCH,UNIT_SCADA,1,"2019/09/04 17:20:00",STAN-4,319.816930
D,DISPATCH,UNIT_SCADA,1,"2019/09/04 17:20:00",STWF1,32.332520
D,DISPATCH,UNIT_SCADA,1,"2019/09/04 17:20:00",SWAN_E,0
D,DISPATCH,UNIT_SCADA,1,"2019/09/04 17:20:00",TALWA1,412
D,DISPATCH,UNIT_SCADA,1,"2019/09/04 17:20:00",TARALGA1,85.226260
D,DISPATCH,UNIT_SCADA,1,"2019/09/04 17:20:00",TARONG#1,343.100010
D,DISPATCH,UNIT_SCADA,1,"2019/09/04 17:20:00",TARONG#2,0
D,DISPATCH,UNIT_SCADA,1,"2019/09/04 17:20:00",TARONG#3,350.399990
D,DISPATCH,UNIT_SCADA,1,"2019/09/04 17:20:00",TARONG#4,349.899990
D,DISPATCH,UNIT_SCADA,1,"2019/09/04 17:20:00",TARRALEA,71.10
D,DISPATCH,UNIT_SCADA,1,"2019/09/04 17:20:00",TBSF1,2.30
D,DISPATCH,UNIT_SCADA,1,"2019/09/04 17:20:00",TNPS1,380.500030
D,DISPATCH,UNIT_SCADA,1,"2019/09/04 17:20:00",TORRA1,72.285360
D,DISPATCH,UNIT_SCADA,1,"2019/09/04 17:20:00",TORRA2,0
D,DISPATCH,UNIT_SCADA,1,"2019/09/04 17:20:00",TORRA3,0
D,DISPATCH,UNIT_SCADA,1,"2019/09/04 17:20:00",TORRA4,71.390670
D,DISPATCH,UNIT_SCADA,1,"2019/09/04 17:20:00",TORRB1,134.44
D,DISPATCH,UNIT_SCADA,1,"2019/09/04 17:20:00",TORRB2,138.36
D,DISPATCH,UNIT_SCADA,1,"2019/09/04 17:20:00",TORRB3,135.98
D,DISPATCH,UNIT_SCADA,1,"2019/09/04 17:20:00",TORRB4,0
D,DISPATCH,UNIT_SCADA,1,"2019/09/04 17:20:00",TREVALLN,44.450020
D,DISPATCH,UNIT_SCADA,1,"2019/09/04 17:20:00",TRIBUTE,0
D,DISPATCH,UNIT_SCADA,1,"2019/09/04 17:20:00",TUMUT3,0
D,DISPATCH,UNIT_SCADA,1,"2019/09/04 17:20:00",TUNGATIN,23.70
D,DISPATCH,UNIT_SCADA,1,"2019/09/04 17:20:00",TVCC201,0
D,DISPATCH,UNIT_SCADA,1,"2019/09/04 17:20:00",TVPP104,0
D,DISPATCH,UNIT_SCADA,1,"2019/09/04 17:20:00",UPPTUMUT,587.418520
D,DISPATCH,UNIT_SCADA,1,"2019/09/04 17:20:00",URANQ11,158.6875
D,DISPATCH,UNIT_SCADA,1,"2019/09/04 17:20:00",URANQ12,160.887510
D,DISPATCH,UNIT_SCADA,1,"2019/09/04 17:20:00",URANQ13,164.225010
D,DISPATCH,UNIT_SCADA,1,"2019/09/04 17:20:00",URANQ14,0
D,DISPATCH,UNIT_SCADA,1,"2019/09/04 17:20:00",VP5,626.700010
D,DISPATCH,UNIT_SCADA,1,"2019/09/04 17:20:00",VP6,0
D,DISPATCH,UNIT_SCADA,1,"2019/09/04 17:20:00",VPGS1,0
D,DISPATCH,UNIT_SCADA,1,"2019/09/04 17:20:00",VPGS2,0
D,DISPATCH,UNIT_SCADA,1,"2019/09/04 17:20:00",VPGS3,0
D,DISPATCH,UNIT_SCADA,1,"2019/09/04 17:20:00",VPGS4,0
D,DISPATCH,UNIT_SCADA,1,"2019/09/04 17:20:00",VPGS5,0
D,DISPATCH,UNIT_SCADA,1,"2019/09/04 17:20:00",VPGS6,0
D,DISPATCH,UNIT_SCADA,1,"2019/09/04 17:20:00",W/HOE#1,0
D,DISPATCH,UNIT_SCADA,1,"2019/09/04 17:20:00",W/HOE#2,0
D,DISPATCH,UNIT_SCADA,1,"2019/09/04 17:20:00",WATERLWF,3.40
D,DISPATCH,UNIT_SCADA,1,"2019/09/04 17:20:00",WEMENSF1,12
D,DISPATCH,UNIT_SCADA,1,"2019/09/04 17:20:00",WGWF1,8.40
D,DISPATCH,UNIT_SCADA,1,"2019/09/04 17:20:00",WHITSF1,11.70
D,DISPATCH,UNIT_SCADA,1,"2019/09/04 17:20:00",WKIEWA1,13.40
D,DISPATCH,UNIT_SCADA,1,"2019/09/04 17:20:00",WKIEWA2,0.10
D,DISPATCH,UNIT_SCADA,1,"2019/09/04 17:20:00",WOODLWN1,22.725010
D,DISPATCH,UNIT_SCADA,1,"2019/09/04 17:20:00",WRSF1,0.86
D,DISPATCH,UNIT_SCADA,1,"2019/09/04 17:20:00",WRWF1,100.143750
D,DISPATCH,UNIT_SCADA,1,"2019/09/04 17:20:00",YABULU,84.240010
D,DISPATCH,UNIT_SCADA,1,"2019/09/04 17:20:00",YABULU2,0
D,DISPATCH,UNIT_SCADA,1,"2019/09/04 17:20:00",YARWUN_1,155.36
D,DISPATCH,UNIT_SCADA,1,"2019/09/04 17:20:00",YENDWF1,9.36
D,DISPATCH,UNIT_SCADA,1,"2019/09/04 17:20:00",YWPS1,382.455690
D,DISPATCH,UNIT_SCADA,1,"2019/09/04 17:20:00",YWPS2,278.443020
D,DISPATCH,UNIT_SCADA,1,"2019/09/04 17:20:00",YWPS3,378.583560
D,DISPATCH,UNIT_SCADA,1,"2019/09/04 17:20:00",YWPS4,385.075960
C,"END OF REPORT",335
