C,NEMP.WORLD,DISPATCHSCADA,AEMO,PUBLIC,2019/08/19,16:10:07,0000000311751916,DISPATCHSCADA,0000000311751910
I,DISPATCH,UNIT_SCADA,1,SETTLEMENTDATE,DUID,SCADAVALUE
D,DISPATCH,UNIT_SCADA,1,"2019/08/19 16:15:00",BARCSF1,17.400002
D,DISPATCH,UNIT_SCADA,1,"2019/08/19 16:15:00",BUTLERSG,9.799998
D,DISPATCH,UNIT_SCADA,1,"2019/08/19 16:15:00",CALL_A_4,0
D,DISPATCH,UNIT_SCADA,1,"2019/08/19 16:15:00",CAPTL_WF,131.919998
D,DISPATCH,UNIT_SCADA,1,"2019/08/19 16:15:00",CATHROCK,29.789999
D,DISPATCH,UNIT_SCADA,1,"2019/08/19 16:15:00",CHALLHWF,17.10
D,DISPATCH,UNIT_SCADA,1,"2019/08/19 16:15:00",CLOVER,-0.01
D,DISPATCH,UNIT_SCADA,1,"2019/08/19 16:15:00",CLUNY,17.359121
D,DISPATCH,UNIT_SCADA,1,"2019/08/19 16:15:00",CNUNDAWF,24.228264
D,DISPATCH,UNIT_SCADA,1,"2019/08/19 16:15:00",CULLRGWF,29.59
D,DISPATCH,UNIT_SCADA,1,"2019/08/19 16:15:00",ERGT01,0
D,DISPATCH,UNIT_SCADA,1,"2019/08/19 16:15:00",GB01,0.066620
D,DISPATCH,UNIT_SCADA,1,"2019/08/19 16:15:00",GERMCRK,34.599998
D,DISPATCH,UNIT_SCADA,1,"2019/08/19 16:15:00",GRIFSF1,4.999992
D,DISPATCH,UNIT_SCADA,1,"2019/08/19 16:15:00",HUGSF1,8.5760
D,DISPATCH,UNIT_SCADA,1,"2019/08/19 16:15:00",LKBONNY1,42.511257
D,DISPATCH,UNIT_SCADA,1,"2019/08/19 16:15:00",LRSF1,12.032001
D,DISPATCH,UNIT_SCADA,1,"2019/08/19 16:15:00",MBAHNTH,54
D,DISPATCH,UNIT_SCADA,1,"2019/08/19 16:15:00",MLSP1,1.062001
D,DISPATCH,UNIT_SCADA,1,"2019/08/19 16:15:00",MLWF1,5.91
D,DISPATCH,UNIT_SCADA,1,"2019/08/19 16:15:00",MTMILLAR,2.559811
D,DISPATCH,UNIT_SCADA,1,"2019/08/19 16:15:00",PALOONA,24.529999
D,DISPATCH,UNIT_SCADA,1,"2019/08/19 16:15:00",PIONEER,41.900002
D,DISPATCH,UNIT_SCADA,1,"2019/08/19 16:15:00",PORTWF,115
D,DISPATCH,UNIT_SCADA,1,"2019/08/19 16:15:00",REPULSE,29.272297
D,DISPATCH,UNIT_SCADA,1,"2019/08/19 16:15:00",ROWALLAN,9.8974
D,DISPATCH,UNIT_SCADA,1,"2019/08/19 16:15:00",ROYALLA1,2.8560
D,DISPATCH,UNIT_SCADA,1,"2019/08/19 16:15:00",RPCG,-0.90
D,DISPATCH,UNIT_SCADA,1,"2019/08/19 16:15:00",RUBICON,0
D,DISPATCH,UNIT_SCADA,1,"2019/08/19 16:15:00",SATGN1,0
D,DISPATCH,UNIT_SCADA,1,"2019/08/19 16:15:00",SATGS1,0
D,DISPATCH,UNIT_SCADA,1,"2019/08/19 16:15:00",STARHLWF,0.999708
D,DISPATCH,UNIT_SCADA,1,"2019/08/19 16:15:00",WAUBRAWF,110.480003
D,DISPATCH,UNIT_SCADA,1,"2019/08/19 16:15:00",WOOLNTH1,134.630020
D,DISPATCH,UNIT_SCADA,1,"2019/08/19 16:15:00",WPWF,27
D,DISPATCH,UNIT_SCADA,1,"2019/08/19 16:15:00",YAMBUKWF,26.700001
D,DISPATCH,UNIT_SCADA,1,"2019/08/19 16:15:00",YSWF1,27.50
D,DISPATCH,UNIT_SCADA,1,"2019/08/19 16:15:00",AGLHAL,0
D,DISPATCH,UNIT_SCADA,1,"2019/08/19 16:15:00",AGLSOM,0
D,DISPATCH,UNIT_SCADA,1,"2019/08/19 16:15:00",ANGAST1,0
D,DISPATCH,UNIT_SCADA,1,"2019/08/19 16:15:00",ARWF1,69.30
D,DISPATCH,UNIT_SCADA,1,"2019/08/19 16:15:00",BALBG1,5.19
D,DISPATCH,UNIT_SCADA,1,"2019/08/19 16:15:00",BALBL1,0
D,DISPATCH,UNIT_SCADA,1,"2019/08/19 16:15:00",BALDHWF1,102.9040
D,DISPATCH,UNIT_SCADA,1,"2019/08/19 16:15:00",BANN1,28.91
D,DISPATCH,UNIT_SCADA,1,"2019/08/19 16:15:00",BARCALDN,0
D,DISPATCH,UNIT_SCADA,1,"2019/08/19 16:15:00",BARRON-1,0
D,DISPATCH,UNIT_SCADA,1,"2019/08/19 16:15:00",BARRON-2,25.04
D,DISPATCH,UNIT_SCADA,1,"2019/08/19 16:15:00",BASTYAN,80.720010
D,DISPATCH,UNIT_SCADA,1,"2019/08/19 16:15:00",BBTHREE1,0
D,DISPATCH,UNIT_SCADA,1,"2019/08/19 16:15:00",BBTHREE2,0
D,DISPATCH,UNIT_SCADA,1,"2019/08/19 16:15:00",BBTHREE3,0
D,DISPATCH,UNIT_SCADA,1,"2019/08/19 16:15:00",BDL01,0
D,DISPATCH,UNIT_SCADA,1,"2019/08/19 16:15:00",BDL02,0
D,DISPATCH,UNIT_SCADA,1,"2019/08/19 16:15:00",BERYLSF1,41.692030
D,DISPATCH,UNIT_SCADA,1,"2019/08/19 16:15:00",BLOWERNG,0
D,DISPATCH,UNIT_SCADA,1,"2019/08/19 16:15:00",BLUFF1,23.30
D,DISPATCH,UNIT_SCADA,1,"2019/08/19 16:15:00",BNGSF1,95.35
D,DISPATCH,UNIT_SCADA,1,"2019/08/19 16:15:00",BNGSF2,19.98
D,DISPATCH,UNIT_SCADA,1,"2019/08/19 16:15:00",BOCORWF1,108.42
D,DISPATCH,UNIT_SCADA,1,"2019/08/19 16:15:00",BODWF1,106.820340
D,DISPATCH,UNIT_SCADA,1,"2019/08/19 16:15:00",BRAEMAR1,0
D,DISPATCH,UNIT_SCADA,1,"2019/08/19 16:15:00",BRAEMAR2,0
D,DISPATCH,UNIT_SCADA,1,"2019/08/19 16:15:00",BRAEMAR3,0
D,DISPATCH,UNIT_SCADA,1,"2019/08/19 16:15:00",BRAEMAR5,0
D,DISPATCH,UNIT_SCADA,1,"2019/08/19 16:15:00",BRAEMAR6,0
D,DISPATCH,UNIT_SCADA,1,"2019/08/19 16:15:00",BRAEMAR7,0
D,DISPATCH,UNIT_SCADA,1,"2019/08/19 16:15:00",BROKENH1,17.816890
D,DISPATCH,UNIT_SCADA,1,"2019/08/19 16:15:00",BW01,630.099980
D,DISPATCH,UNIT_SCADA,1,"2019/08/19 16:15:00",BW02,645.974980
D,DISPATCH,UNIT_SCADA,1,"2019/08/19 16:15:00",BW03,619.349980
D,DISPATCH,UNIT_SCADA,1,"2019/08/19 16:15:00",BW04,0
D,DISPATCH,UNIT_SCADA,1,"2019/08/19 16:15:00",CALL_B_1,344.50
D,DISPATCH,UNIT_SCADA,1,"2019/08/19 16:15:00",CALL_B_2,279.700010
D,DISPATCH,UNIT_SCADA,1,"2019/08/19 16:15:00",CETHANA,80.7010
D,DISPATCH,UNIT_SCADA,1,"2019/08/19 16:15:00",CG1,0
D,DISPATCH,UNIT_SCADA,1,"2019/08/19 16:15:00",CG2,0
D,DISPATCH,UNIT_SCADA,1,"2019/08/19 16:15:00",CG3,0
D,DISPATCH,UNIT_SCADA,1,"2019/08/19 16:15:00",CG4,0
D,DISPATCH,UNIT_SCADA,1,"2019/08/19 16:15:00",CHILDSF1,29.56
D,DISPATCH,UNIT_SCADA,1,"2019/08/19 16:15:00",CLARESF1,36.141060
D,DISPATCH,UNIT_SCADA,1,"2019/08/19 16:15:00",CLEMGPWF,19.737590
D,DISPATCH,UNIT_SCADA,1,"2019/08/19 16:15:00",CLERMSF1,14.97
D,DISPATCH,UNIT_SCADA,1,"2019/08/19 16:15:00",COLEASF1,89.300010
D,DISPATCH,UNIT_SCADA,1,"2019/08/19 16:15:00",COOPGWF1,28.670710
D,DISPATCH,UNIT_SCADA,1,"2019/08/19 16:15:00",CPP_3,396.550020
D,DISPATCH,UNIT_SCADA,1,"2019/08/19 16:15:00",CPP_4,397.925020
D,DISPATCH,UNIT_SCADA,1,"2019/08/19 16:15:00",CPSA,143.03
D,DISPATCH,UNIT_SCADA,1,"2019/08/19 16:15:00",CROOKWF2,88.293750
D,DISPATCH,UNIT_SCADA,1,"2019/08/19 16:15:00",CROWLWF1,33.632260
D,DISPATCH,UNIT_SCADA,1,"2019/08/19 16:15:00",CSPVPS1,18.2020
D,DISPATCH,UNIT_SCADA,1,"2019/08/19 16:15:00",DALNTH01,0
D,DISPATCH,UNIT_SCADA,1,"2019/08/19 16:15:00",DALNTHL1,0.053410
D,DISPATCH,UNIT_SCADA,1,"2019/08/19 16:15:00",DARTM1,134.80
D,DISPATCH,UNIT_SCADA,1,"2019/08/19 16:15:00",DAYDSF1,98.486010
D,DISPATCH,UNIT_SCADA,1,"2019/08/19 16:15:00",DDPS1,248.585950
D,DISPATCH,UNIT_SCADA,1,"2019/08/19 16:15:00",DDSF1,41.756670
D,DISPATCH,UNIT_SCADA,1,"2019/08/19 16:15:00",DEVILS_G,0
D,DISPATCH,UNIT_SCADA,1,"2019/08/19 16:15:00",DG_NSW1,0
D,DISPATCH,UNIT_SCADA,1,"2019/08/19 16:15:00",DG_QLD1,0
D,DISPATCH,UNIT_SCADA,1,"2019/08/19 16:15:00",DG_SA1,0
D,DISPATCH,UNIT_SCADA,1,"2019/08/19 16:15:00",DG_TAS1,0
D,DISPATCH,UNIT_SCADA,1,"2019/08/19 16:15:00",DG_VIC1,0
D,DISPATCH,UNIT_SCADA,1,"2019/08/19 16:15:00",DRYCGT1,0
D,DISPATCH,UNIT_SCADA,1,"2019/08/19 16:15:00",DRYCGT2,0
D,DISPATCH,UNIT_SCADA,1,"2019/08/19 16:15:00",DRYCGT3,0
D,DISPATCH,UNIT_SCADA,1,"2019/08/19 16:15:00",EILDON1,0
D,DISPATCH,UNIT_SCADA,1,"2019/08/19 16:15:00",EILDON2,0
D,DISPATCH,UNIT_SCADA,1,"2019/08/19 16:15:00",EMERASF1,47.59
D,DISPATCH,UNIT_SCADA,1,"2019/08/19 16:15:00",ER01,433.825070
D,DISPATCH,UNIT_SCADA,1,"2019/08/19 16:15:00",ER02,445.275020
D,DISPATCH,UNIT_SCADA,1,"2019/08/19 16:15:00",ER03,440.224980
D,DISPATCH,UNIT_SCADA,1,"2019/08/19 16:15:00",ER04,440.800050
D,DISPATCH,UNIT_SCADA,1,"2019/08/19 16:15:00",FINLYSF1,1.125560
D,DISPATCH,UNIT_SCADA,1,"2019/08/19 16:15:00",FISHER,45.92
D,DISPATCH,UNIT_SCADA,1,"2019/08/19 16:15:00",GANNBG1,8.097910
D,DISPATCH,UNIT_SCADA,1,"2019/08/19 16:15:00",GANNBL1,0
D,DISPATCH,UNIT_SCADA,1,"2019/08/19 16:15:00",GANNSF1,13.60
D,DISPATCH,UNIT_SCADA,1,"2019/08/19 16:15:00",GORDON,39.527040
D,DISPATCH,UNIT_SCADA,1,"2019/08/19 16:15:00",GSTONE1,147.524990
D,DISPATCH,UNIT_SCADA,1,"2019/08/19 16:15:00",GSTONE2,152.0750
D,DISPATCH,UNIT_SCADA,1,"2019/08/19 16:15:00",GSTONE3,146.1250
D,DISPATCH,UNIT_SCADA,1,"2019/08/19 16:15:00",GSTONE4,139.8250
D,DISPATCH,UNIT_SCADA,1,"2019/08/19 16:15:00",GSTONE5,143.849990
D,DISPATCH,UNIT_SCADA,1,"2019/08/19 16:15:00",GSTONE6,0
D,DISPATCH,UNIT_SCADA,1,"2019/08/19 16:15:00",GULLRSF1,4.095890
D,DISPATCH,UNIT_SCADA,1,"2019/08/19 16:15:00",GULLRWF1,145.577670
D,DISPATCH,UNIT_SCADA,1,"2019/08/19 16:15:00",GUNNING1,44.252110
D,DISPATCH,UNIT_SCADA,1,"2019/08/19 16:15:00",GUTHEGA,30.90
D,DISPATCH,UNIT_SCADA,1,"2019/08/19 16:15:00",HALLWF1,57.99
D,DISPATCH,UNIT_SCADA,1,"2019/08/19 16:15:00",HALLWF2,51.69
D,DISPATCH,UNIT_SCADA,1,"2019/08/19 16:15:00",HAMISF1,40.10
D,DISPATCH,UNIT_SCADA,1,"2019/08/19 16:15:00",HAUGHT11,50.051070
D,DISPATCH,UNIT_SCADA,1,"2019/08/19 16:15:00",HAYMSF1,34.1830
D,DISPATCH,UNIT_SCADA,1,"2019/08/19 16:15:00",HDWF1,62.10
D,DISPATCH,UNIT_SCADA,1,"2019/08/19 16:15:00",HDWF2,61.30
D,DISPATCH,UNIT_SCADA,1,"2019/08/19 16:15:00",HDWF3,68.50
D,DISPATCH,UNIT_SCADA,1,"2019/08/19 16:15:00",HPRG1,8
D,DISPATCH,UNIT_SCADA,1,"2019/08/19 16:15:00",HPRL1,0
D,DISPATCH,UNIT_SCADA,1,"2019/08/19 16:15:00",HUMENSW,0
D,DISPATCH,UNIT_SCADA,1,"2019/08/19 16:15:00",HUMEV,8.70
D,DISPATCH,UNIT_SCADA,1,"2019/08/19 16:15:00",HVGTS,0
D,DISPATCH,UNIT_SCADA,1,"2019/08/19 16:15:00",JBUTTERS,135.379990
D,DISPATCH,UNIT_SCADA,1,"2019/08/19 16:15:00",JLA01,0.50
D,DISPATCH,UNIT_SCADA,1,"2019/08/19 16:15:00",JLA02,0
D,DISPATCH,UNIT_SCADA,1,"2019/08/19 16:15:00",JLA03,0.10
D,DISPATCH,UNIT_SCADA,1,"2019/08/19 16:15:00",JLA04,0.10
D,DISPATCH,UNIT_SCADA,1,"2019/08/19 16:15:00",JLB01,0
D,DISPATCH,UNIT_SCADA,1,"2019/08/19 16:15:00",JLB02,0.10
D,DISPATCH,UNIT_SCADA,1,"2019/08/19 16:15:00",JLB03,0
D,DISPATCH,UNIT_SCADA,1,"2019/08/19 16:15:00",KAREEYA1,21.47
D,DISPATCH,UNIT_SCADA,1,"2019/08/19 16:15:00",KAREEYA2,21.73
D,DISPATCH,UNIT_SCADA,1,"2019/08/19 16:15:00",KAREEYA3,0
D,DISPATCH,UNIT_SCADA,1,"2019/08/19 16:15:00",KAREEYA4,21.54
D,DISPATCH,UNIT_SCADA,1,"2019/08/19 16:15:00",KARSF1,0
D,DISPATCH,UNIT_SCADA,1,"2019/08/19 16:15:00",KIATAWF1,28
D,DISPATCH,UNIT_SCADA,1,"2019/08/19 16:15:00",KPP_1,0
D,DISPATCH,UNIT_SCADA,1,"2019/08/19 16:15:00",KSP1,42.12
D,DISPATCH,UNIT_SCADA,1,"2019/08/19 16:15:00",LADBROK1,0
D,DISPATCH,UNIT_SCADA,1,"2019/08/19 16:15:00",LADBROK2,0
D,DISPATCH,UNIT_SCADA,1,"2019/08/19 16:15:00",LD01,365.887510
D,DISPATCH,UNIT_SCADA,1,"2019/08/19 16:15:00",LD02,382.818790
D,DISPATCH,UNIT_SCADA,1,"2019/08/19 16:15:00",LD03,368.100040
D,DISPATCH,UNIT_SCADA,1,"2019/08/19 16:15:00",LD04,369.300020
D,DISPATCH,UNIT_SCADA,1,"2019/08/19 16:15:00",LEM_WIL,75.5408
D,DISPATCH,UNIT_SCADA,1,"2019/08/19 16:15:00",LGAPWF1,7.48
D,DISPATCH,UNIT_SCADA,1,"2019/08/19 16:15:00",LILYSF1,69.730290
D,DISPATCH,UNIT_SCADA,1,"2019/08/19 16:15:00",LI_WY_CA,147.9281
D,DISPATCH,UNIT_SCADA,1,"2019/08/19 16:15:00",LKBONNY2,84.078530
D,DISPATCH,UNIT_SCADA,1,"2019/08/19 16:15:00",LKBONNY3,22.217160
D,DISPATCH,UNIT_SCADA,1,"2019/08/19 16:15:00",LK_ECHO,0
D,DISPATCH,UNIT_SCADA,1,"2019/08/19 16:15:00",LNGS1,0
D,DISPATCH,UNIT_SCADA,1,"2019/08/19 16:15:00",LNGS2,0
D,DISPATCH,UNIT_SCADA,1,"2019/08/19 16:15:00",LONSDALE,0
D,DISPATCH,UNIT_SCADA,1,"2019/08/19 16:15:00",LOYYB1,531.577210
D,DISPATCH,UNIT_SCADA,1,"2019/08/19 16:15:00",LOYYB2,581.954410
D,DISPATCH,UNIT_SCADA,1,"2019/08/19 16:15:00",LYA1,558
D,DISPATCH,UNIT_SCADA,1,"2019/08/19 16:15:00",LYA2,0
D,DISPATCH,UNIT_SCADA,1,"2019/08/19 16:15:00",LYA3,561
D,DISPATCH,UNIT_SCADA,1,"2019/08/19 16:15:00",LYA4,541
D,DISPATCH,UNIT_SCADA,1,"2019/08/19 16:15:00",MACARTH1,212.295090
D,DISPATCH,UNIT_SCADA,1,"2019/08/19 16:15:00",MACKAYGT,0
D,DISPATCH,UNIT_SCADA,1,"2019/08/19 16:15:00",MACKNTSH,85.320010
D,DISPATCH,UNIT_SCADA,1,"2019/08/19 16:15:00",MANSLR1,22.7670
D,DISPATCH,UNIT_SCADA,1,"2019/08/19 16:15:00",MCKAY1,0.02
D,DISPATCH,UNIT_SCADA,1,"2019/08/19 16:15:00",MEADOWBK,34.124520
D,DISPATCH,UNIT_SCADA,1,"2019/08/19 16:15:00",MERCER01,69.0760
D,DISPATCH,UNIT_SCADA,1,"2019/08/19 16:15:00",MEWF1,40.9088
D,DISPATCH,UNIT_SCADA,1,"2019/08/19 16:15:00",MINTARO,0
D,DISPATCH,UNIT_SCADA,1,"2019/08/19 16:15:00",MOREESF1,44.4380
D,DISPATCH,UNIT_SCADA,1,"2019/08/19 16:15:00",MORTLK11,149
D,DISPATCH,UNIT_SCADA,1,"2019/08/19 16:15:00",MORTLK12,0
D,DISPATCH,UNIT_SCADA,1,"2019/08/19 16:15:00",MP1,373.275020
D,DISPATCH,UNIT_SCADA,1,"2019/08/19 16:15:00",MP2,0
D,DISPATCH,UNIT_SCADA,1,"2019/08/19 16:15:00",MPP_1,402.25
D,DISPATCH,UNIT_SCADA,1,"2019/08/19 16:15:00",MPP_2,433.25
D,DISPATCH,UNIT_SCADA,1,"2019/08/19 16:15:00",MSTUART1,0
D,DISPATCH,UNIT_SCADA,1,"2019/08/19 16:15:00",MSTUART2,0
D,DISPATCH,UNIT_SCADA,1,"2019/08/19 16:15:00",MSTUART3,0
D,DISPATCH,UNIT_SCADA,1,"2019/08/19 16:15:00",MTGELWF1,65.155490
D,DISPATCH,UNIT_SCADA,1,"2019/08/19 16:15:00",MURRAY,0
D,DISPATCH,UNIT_SCADA,1,"2019/08/19 16:15:00",MUSSELR1,164.899990
D,DISPATCH,UNIT_SCADA,1,"2019/08/19 16:15:00",MUWAWF1,43.45
D,DISPATCH,UNIT_SCADA,1,"2019/08/19 16:15:00",NBHWF1,43.10
D,DISPATCH,UNIT_SCADA,1,"2019/08/19 16:15:00",NPS,241.50
D,DISPATCH,UNIT_SCADA,1,"2019/08/19 16:15:00",NUMURSF1,17.14
D,DISPATCH,UNIT_SCADA,1,"2019/08/19 16:15:00",NYNGAN1,47.50
D,DISPATCH,UNIT_SCADA,1,"2019/08/19 16:15:00",OAKEY1,0
D,DISPATCH,UNIT_SCADA,1,"2019/08/19 16:15:00",OAKEY1SF,15.0360
D,DISPATCH,UNIT_SCADA,1,"2019/08/19 16:15:00",OAKEY2,0
D,DISPATCH,UNIT_SCADA,1,"2019/08/19 16:15:00",OAKLAND1,32.10
D,DISPATCH,UNIT_SCADA,1,"2019/08/19 16:15:00",OSB-AG,49.14
D,DISPATCH,UNIT_SCADA,1,"2019/08/19 16:15:00",PARSF1,40.20
D,DISPATCH,UNIT_SCADA,1,"2019/08/19 16:15:00",POAT110,0
D,DISPATCH,UNIT_SCADA,1,"2019/08/19 16:15:00",POAT220,6.214640
D,DISPATCH,UNIT_SCADA,1,"2019/08/19 16:15:00",POR01,0
D,DISPATCH,UNIT_SCADA,1,"2019/08/19 16:15:00",POR03,0
D,DISPATCH,UNIT_SCADA,1,"2019/08/19 16:15:00",PPCCGT,352.737150
D,DISPATCH,UNIT_SCADA,1,"2019/08/19 16:15:00",PTSTAN1,0
D,DISPATCH,UNIT_SCADA,1,"2019/08/19 16:15:00",PUMP1,0
D,DISPATCH,UNIT_SCADA,1,"2019/08/19 16:15:00",PUMP2,0
D,DISPATCH,UNIT_SCADA,1,"2019/08/19 16:15:00",QPS1,0
D,DISPATCH,UNIT_SCADA,1,"2019/08/19 16:15:00",QPS2,0
D,DISPATCH,UNIT_SCADA,1,"2019/08/19 16:15:00",QPS3,0
D,DISPATCH,UNIT_SCADA,1,"2019/08/19 16:15:00",QPS4,0
D,DISPATCH,UNIT_SCADA,1,"2019/08/19 16:15:00",QPS5,0
D,DISPATCH,UNIT_SCADA,1,"2019/08/19 16:15:00",REECE1,113.910010
D,DISPATCH,UNIT_SCADA,1,"2019/08/19 16:15:00",REECE2,112.920010
D,DISPATCH,UNIT_SCADA,1,"2019/08/19 16:15:00",ROMA_7,0
D,DISPATCH,UNIT_SCADA,1,"2019/08/19 16:15:00",ROMA_8,0
D,DISPATCH,UNIT_SCADA,1,"2019/08/19 16:15:00",RRSF1,77.266050
D,DISPATCH,UNIT_SCADA,1,"2019/08/19 16:15:00",RT_NSW1,0
D,DISPATCH,UNIT_SCADA,1,"2019/08/19 16:15:00",RT_NSW2,0
D,DISPATCH,UNIT_SCADA,1,"2019/08/19 16:15:00",RT_NSW3,0
D,DISPATCH,UNIT_SCADA,1,"2019/08/19 16:15:00",RT_NSW4,0
D,DISPATCH,UNIT_SCADA,1,"2019/08/19 16:15:00",RT_NSW5,0
D,DISPATCH,UNIT_SCADA,1,"2019/08/19 16:15:00",RT_NSW6,0
D,DISPATCH,UNIT_SCADA,1,"2019/08/19 16:15:00",RT_QLD1,0
D,DISPATCH,UNIT_SCADA,1,"2019/08/19 16:15:00",RT_SA1,0
D,DISPATCH,UNIT_SCADA,1,"2019/08/19 16:15:00",RT_SA2,0
D,DISPATCH,UNIT_SCADA,1,"2019/08/19 16:15:00",RT_SA3,0
D,DISPATCH,UNIT_SCADA,1,"2019/08/19 16:15:00",RT_SA4,0
D,DISPATCH,UNIT_SCADA,1,"2019/08/19 16:15:00",RT_SA5,0
D,DISPATCH,UNIT_SCADA,1,"2019/08/19 16:15:00",RT_SA6,0
D,DISPATCH,UNIT_SCADA,1,"2019/08/19 16:15:00",RT_TAS1,0
D,DISPATCH,UNIT_SCADA,1,"2019/08/19 16:15:00",RT_VIC1,0
D,DISPATCH,UNIT_SCADA,1,"2019/08/19 16:15:00",RT_VIC10,0
D,DISPATCH,UNIT_SCADA,1,"2019/08/19 16:15:00",RT_VIC11,0
D,DISPATCH,UNIT_SCADA,1,"2019/08/19 16:15:00",RT_VIC12,0
D,DISPATCH,UNIT_SCADA,1,"2019/08/19 16:15:00",RT_VIC2,0
D,DISPATCH,UNIT_SCADA,1,"2019/08/19 16:15:00",RT_VIC3,0
D,DISPATCH,UNIT_SCADA,1,"2019/08/19 16:15:00",RT_VIC4,0
D,DISPATCH,UNIT_SCADA,1,"2019/08/19 16:15:00",RT_VIC5,0
D,DISPATCH,UNIT_SCADA,1,"2019/08/19 16:15:00",RT_VIC6,0
D,DISPATCH,UNIT_SCADA,1,"2019/08/19 16:15:00",RT_VIC7,0
D,DISPATCH,UNIT_SCADA,1,"2019/08/19 16:15:00",RT_VIC8,0
D,DISPATCH,UNIT_SCADA,1,"2019/08/19 16:15:00",RT_VIC9,0
D,DISPATCH,UNIT_SCADA,1,"2019/08/19 16:15:00",RUGBYR1,44.922880
D,DISPATCH,UNIT_SCADA,1,"2019/08/19 16:15:00",SALTCRK1,36.53
D,DISPATCH,UNIT_SCADA,1,"2019/08/19 16:15:00",SAPHWF1,206.259370
D,DISPATCH,UNIT_SCADA,1,"2019/08/19 16:15:00",SHGEN,0
D,DISPATCH,UNIT_SCADA,1,"2019/08/19 16:15:00",SHPUMP,0
D,DISPATCH,UNIT_SCADA,1,"2019/08/19 16:15:00",SITHE01,0.005650
D,DISPATCH,UNIT_SCADA,1,"2019/08/19 16:15:00",SMCSF1,44.217220
D,DISPATCH,UNIT_SCADA,1,"2019/08/19 16:15:00",SNOWNTH1,20.30
D,DISPATCH,UNIT_SCADA,1,"2019/08/19 16:15:00",SNOWSTH1,46.50
D,DISPATCH,UNIT_SCADA,1,"2019/08/19 16:15:00",SNOWTWN1,18.132010
D,DISPATCH,UNIT_SCADA,1,"2019/08/19 16:15:00",SNOWYP,0
D,DISPATCH,UNIT_SCADA,1,"2019/08/19 16:15:00",SNUG1,0.019440
D,DISPATCH,UNIT_SCADA,1,"2019/08/19 16:15:00",SRSF1,30.34
D,DISPATCH,UNIT_SCADA,1,"2019/08/19 16:15:00",STAN-1,0
D,DISPATCH,UNIT_SCADA,1,"2019/08/19 16:15:00",STAN-2,282.645290
D,DISPATCH,UNIT_SCADA,1,"2019/08/19 16:15:00",STAN-3,282.568390
D,DISPATCH,UNIT_SCADA,1,"2019/08/19 16:15:00",STAN-4,283.234920
D,DISPATCH,UNIT_SCADA,1,"2019/08/19 16:15:00",STWF1,22.983730
D,DISPATCH,UNIT_SCADA,1,"2019/08/19 16:15:00",SWAN_E,0
D,DISPATCH,UNIT_SCADA,1,"2019/08/19 16:15:00",TALWA1,320
D,DISPATCH,UNIT_SCADA,1,"2019/08/19 16:15:00",TARALGA1,96.783750
D,DISPATCH,UNIT_SCADA,1,"2019/08/19 16:15:00",TARONG#1,283.399990
D,DISPATCH,UNIT_SCADA,1,"2019/08/19 16:15:00",TARONG#2,283.899990
D,DISPATCH,UNIT_SCADA,1,"2019/08/19 16:15:00",TARONG#3,259.200010
D,DISPATCH,UNIT_SCADA,1,"2019/08/19 16:15:00",TARONG#4,280.100010
D,DISPATCH,UNIT_SCADA,1,"2019/08/19 16:15:00",TARRALEA,79.10
D,DISPATCH,UNIT_SCADA,1,"2019/08/19 16:15:00",TBSF1,58.70
D,DISPATCH,UNIT_SCADA,1,"2019/08/19 16:15:00",TNPS1,442.000030
D,DISPATCH,UNIT_SCADA,1,"2019/08/19 16:15:00",TORRA1,41.092450
D,DISPATCH,UNIT_SCADA,1,"2019/08/19 16:15:00",TORRA2,0
D,DISPATCH,UNIT_SCADA,1,"2019/08/19 16:15:00",TORRA3,40.527860
D,DISPATCH,UNIT_SCADA,1,"2019/08/19 16:15:00",TORRA4,0
D,DISPATCH,UNIT_SCADA,1,"2019/08/19 16:15:00",TORRB1,39.10
D,DISPATCH,UNIT_SCADA,1,"2019/08/19 16:15:00",TORRB2,39.45
D,DISPATCH,UNIT_SCADA,1,"2019/08/19 16:15:00",TORRB3,0
D,DISPATCH,UNIT_SCADA,1,"2019/08/19 16:15:00",TORRB4,0
D,DISPATCH,UNIT_SCADA,1,"2019/08/19 16:15:00",TREVALLN,40.320010
D,DISPATCH,UNIT_SCADA,1,"2019/08/19 16:15:00",TRIBUTE,70.85
D,DISPATCH,UNIT_SCADA,1,"2019/08/19 16:15:00",TUMUT3,0
D,DISPATCH,UNIT_SCADA,1,"2019/08/19 16:15:00",TUNGATIN,121.320040
D,DISPATCH,UNIT_SCADA,1,"2019/08/19 16:15:00",TVCC201,0
D,DISPATCH,UNIT_SCADA,1,"2019/08/19 16:15:00",TVPP104,0
D,DISPATCH,UNIT_SCADA,1,"2019/08/19 16:15:00",UPPTUMUT,0
D,DISPATCH,UNIT_SCADA,1,"2019/08/19 16:15:00",URANQ11,0
D,DISPATCH,UNIT_SCADA,1,"2019/08/19 16:15:00",URANQ12,0
D,DISPATCH,UNIT_SCADA,1,"2019/08/19 16:15:00",URANQ13,0
D,DISPATCH,UNIT_SCADA,1,"2019/08/19 16:15:00",URANQ14,0
D,DISPATCH,UNIT_SCADA,1,"2019/08/19 16:15:00",VP5,437.624970
D,DISPATCH,UNIT_SCADA,1,"2019/08/19 16:15:00",VP6,443.049990
D,DISPATCH,UNIT_SCADA,1,"2019/08/19 16:15:00",VPGS1,0
D,DISPATCH,UNIT_SCADA,1,"2019/08/19 16:15:00",VPGS2,0
D,DISPATCH,UNIT_SCADA,1,"2019/08/19 16:15:00",VPGS3,0
D,DISPATCH,UNIT_SCADA,1,"2019/08/19 16:15:00",VPGS4,0
D,DISPATCH,UNIT_SCADA,1,"2019/08/19 16:15:00",VPGS5,0
D,DISPATCH,UNIT_SCADA,1,"2019/08/19 16:15:00",VPGS6,0
D,DISPATCH,UNIT_SCADA,1,"2019/08/19 16:15:00",W/HOE#1,0
D,DISPATCH,UNIT_SCADA,1,"2019/08/19 16:15:00",W/HOE#2,0
D,DISPATCH,UNIT_SCADA,1,"2019/08/19 16:15:00",WATERLWF,68.90
D,DISPATCH,UNIT_SCADA,1,"2019/08/19 16:15:00",WEMENSF1,0.10
D,DISPATCH,UNIT_SCADA,1,"2019/08/19 16:15:00",WGWF1,65.60
D,DISPATCH,UNIT_SCADA,1,"2019/08/19 16:15:00",WHITSF1,38.30
D,DISPATCH,UNIT_SCADA,1,"2019/08/19 16:15:00",WKIEWA1,0
D,DISPATCH,UNIT_SCADA,1,"2019/08/19 16:15:00",WKIEWA2,0.10
D,DISPATCH,UNIT_SCADA,1,"2019/08/19 16:15:00",WOODLWN1,43.02
D,DISPATCH,UNIT_SCADA,1,"2019/08/19 16:15:00",WRSF1,7.67
D,DISPATCH,UNIT_SCADA,1,"2019/08/19 16:15:00",WRWF1,145.614990
D,DISPATCH,UNIT_SCADA,1,"2019/08/19 16:15:00",YABULU,0
D,DISPATCH,UNIT_SCADA,1,"2019/08/19 16:15:00",YABULU2,0
D,DISPATCH,UNIT_SCADA,1,"2019/08/19 16:15:00",YARWUN_1,0
D,DISPATCH,UNIT_SCADA,1,"2019/08/19 16:15:00",YENDWF1,42.11
D,DISPATCH,UNIT_SCADA,1,"2019/08/19 16:15:00",YWPS1,378.6962
D,DISPATCH,UNIT_SCADA,1,"2019/08/19 16:15:00",YWPS2,275.686070
D,DISPATCH,UNIT_SCADA,1,"2019/08/19 16:15:00",YWPS3,0
D,DISPATCH,UNIT_SCADA,1,"2019/08/19 16:15:00",YWPS4,394.391140
C,"END OF REPORT",334
