C,NEMP.WORLD,DISPATCHSCADA,AEMO,PUBLIC,2019/08/22,07:40:08,0000000311857772,DISPATCHSCADA,0000000311857766
I,DISPATCH,UNIT_SCADA,1,SETTLEMENTDATE,DUID,SCADAVALUE
D,DISPATCH,UNIT_SCADA,1,"2019/08/22 07:45:00",BARCSF1,10.60
D,DISPATCH,UNIT_SCADA,1,"2019/08/22 07:45:00",BUTLERSG,9.699999
D,DISPATCH,UNIT_SCADA,1,"2019/08/22 07:45:00",CALL_A_4,0
D,DISPATCH,UNIT_SCADA,1,"2019/08/22 07:45:00",CAPTL_WF,129.559998
D,DISPATCH,UNIT_SCADA,1,"2019/08/22 07:45:00",CATHROCK,0
D,DISPATCH,UNIT_SCADA,1,"2019/08/22 07:45:00",CHALLHWF,42.799999
D,DISPATCH,UNIT_SCADA,1,"2019/08/22 07:45:00",CLOVER,-0.01
D,DISPATCH,UNIT_SCADA,1,"2019/08/22 07:45:00",CLUNY,19.725796
D,DISPATCH,UNIT_SCADA,1,"2019/08/22 07:45:00",CNUNDAWF,31.737022
D,DISPATCH,UNIT_SCADA,1,"2019/08/22 07:45:00",CULLRGWF,30.43
D,DISPATCH,UNIT_SCADA,1,"2019/08/22 07:45:00",ERGT01,0
D,DISPATCH,UNIT_SCADA,1,"2019/08/22 07:45:00",GB01,0.058491
D,DISPATCH,UNIT_SCADA,1,"2019/08/22 07:45:00",GERMCRK,37.900002
D,DISPATCH,UNIT_SCADA,1,"2019/08/22 07:45:00",GRIFSF1,7.500008
D,DISPATCH,UNIT_SCADA,1,"2019/08/22 07:45:00",HUGSF1,5.1580
D,DISPATCH,UNIT_SCADA,1,"2019/08/22 07:45:00",LKBONNY1,58.854870
D,DISPATCH,UNIT_SCADA,1,"2019/08/22 07:45:00",LRSF1,0.0390
D,DISPATCH,UNIT_SCADA,1,"2019/08/22 07:45:00",MBAHNTH,55.968750
D,DISPATCH,UNIT_SCADA,1,"2019/08/22 07:45:00",MLSP1,2.274001
D,DISPATCH,UNIT_SCADA,1,"2019/08/22 07:45:00",MLWF1,12.030001
D,DISPATCH,UNIT_SCADA,1,"2019/08/22 07:45:00",MTMILLAR,8.654245
D,DISPATCH,UNIT_SCADA,1,"2019/08/22 07:45:00",PALOONA,27.969999
D,DISPATCH,UNIT_SCADA,1,"2019/08/22 07:45:00",PIONEER,48.299999
D,DISPATCH,UNIT_SCADA,1,"2019/08/22 07:45:00",PORTWF,103.099998
D,DISPATCH,UNIT_SCADA,1,"2019/08/22 07:45:00",REPULSE,28.440987
D,DISPATCH,UNIT_SCADA,1,"2019/08/22 07:45:00",ROWALLAN,10.3944
D,DISPATCH,UNIT_SCADA,1,"2019/08/22 07:45:00",ROYALLA1,6.370001
D,DISPATCH,UNIT_SCADA,1,"2019/08/22 07:45:00",RPCG,18.40
D,DISPATCH,UNIT_SCADA,1,"2019/08/22 07:45:00",RUBICON,0
D,DISPATCH,UNIT_SCADA,1,"2019/08/22 07:45:00",SATGN1,0
D,DISPATCH,UNIT_SCADA,1,"2019/08/22 07:45:00",SATGS1,0
D,DISPATCH,UNIT_SCADA,1,"2019/08/22 07:45:00",STARHLWF,2.999125
D,DISPATCH,UNIT_SCADA,1,"2019/08/22 07:45:00",WAUBRAWF,171.787003
D,DISPATCH,UNIT_SCADA,1,"2019/08/22 07:45:00",WOOLNTH1,130.050018
D,DISPATCH,UNIT_SCADA,1,"2019/08/22 07:45:00",WPWF,9
D,DISPATCH,UNIT_SCADA,1,"2019/08/22 07:45:00",YAMBUKWF,25.799999
D,DISPATCH,UNIT_SCADA,1,"2019/08/22 07:45:00",YSWF1,21.799999
D,DISPATCH,UNIT_SCADA,1,"2019/08/22 07:45:00",AGLHAL,0
D,DISPATCH,UNIT_SCADA,1,"2019/08/22 07:45:00",AGLSOM,0
D,DISPATCH,UNIT_SCADA,1,"2019/08/22 07:45:00",ANGAST1,0
D,DISPATCH,UNIT_SCADA,1,"2019/08/22 07:45:00",ARWF1,186.70
D,DISPATCH,UNIT_SCADA,1,"2019/08/22 07:45:00",BALBG1,0
D,DISPATCH,UNIT_SCADA,1,"2019/08/22 07:45:00",BALBL1,0
D,DISPATCH,UNIT_SCADA,1,"2019/08/22 07:45:00",BALDHWF1,99.1410
D,DISPATCH,UNIT_SCADA,1,"2019/08/22 07:45:00",BANN1,9.37
D,DISPATCH,UNIT_SCADA,1,"2019/08/22 07:45:00",BARCALDN,0
D,DISPATCH,UNIT_SCADA,1,"2019/08/22 07:45:00",BARRON-1,0
D,DISPATCH,UNIT_SCADA,1,"2019/08/22 07:45:00",BARRON-2,27.60
D,DISPATCH,UNIT_SCADA,1,"2019/08/22 07:45:00",BASTYAN,74.87
D,DISPATCH,UNIT_SCADA,1,"2019/08/22 07:45:00",BBTHREE1,-2.07
D,DISPATCH,UNIT_SCADA,1,"2019/08/22 07:45:00",BBTHREE2,-2.10
D,DISPATCH,UNIT_SCADA,1,"2019/08/22 07:45:00",BBTHREE3,-1.22
D,DISPATCH,UNIT_SCADA,1,"2019/08/22 07:45:00",BDL01,0
D,DISPATCH,UNIT_SCADA,1,"2019/08/22 07:45:00",BDL02,24.36
D,DISPATCH,UNIT_SCADA,1,"2019/08/22 07:45:00",BERYLSF1,2.792160
D,DISPATCH,UNIT_SCADA,1,"2019/08/22 07:45:00",BLOWERNG,0
D,DISPATCH,UNIT_SCADA,1,"2019/08/22 07:45:00",BLUFF1,24.60
D,DISPATCH,UNIT_SCADA,1,"2019/08/22 07:45:00",BNGSF1,1.89
D,DISPATCH,UNIT_SCADA,1,"2019/08/22 07:45:00",BNGSF2,0.60
D,DISPATCH,UNIT_SCADA,1,"2019/08/22 07:45:00",BOCORWF1,63.69
D,DISPATCH,UNIT_SCADA,1,"2019/08/22 07:45:00",BODWF1,97.470670
D,DISPATCH,UNIT_SCADA,1,"2019/08/22 07:45:00",BRAEMAR1,0
D,DISPATCH,UNIT_SCADA,1,"2019/08/22 07:45:00",BRAEMAR2,0
D,DISPATCH,UNIT_SCADA,1,"2019/08/22 07:45:00",BRAEMAR3,0
D,DISPATCH,UNIT_SCADA,1,"2019/08/22 07:45:00",BRAEMAR5,0
D,DISPATCH,UNIT_SCADA,1,"2019/08/22 07:45:00",BRAEMAR6,0
D,DISPATCH,UNIT_SCADA,1,"2019/08/22 07:45:00",BRAEMAR7,0
D,DISPATCH,UNIT_SCADA,1,"2019/08/22 07:45:00",BROKENH1,1.842770
D,DISPATCH,UNIT_SCADA,1,"2019/08/22 07:45:00",BW01,625.50
D,DISPATCH,UNIT_SCADA,1,"2019/08/22 07:45:00",BW02,636.224980
D,DISPATCH,UNIT_SCADA,1,"2019/08/22 07:45:00",BW03,631.799930
D,DISPATCH,UNIT_SCADA,1,"2019/08/22 07:45:00",BW04,0
D,DISPATCH,UNIT_SCADA,1,"2019/08/22 07:45:00",CALL_B_1,350.600010
D,DISPATCH,UNIT_SCADA,1,"2019/08/22 07:45:00",CALL_B_2,289.600010
D,DISPATCH,UNIT_SCADA,1,"2019/08/22 07:45:00",CETHANA,96.388250
D,DISPATCH,UNIT_SCADA,1,"2019/08/22 07:45:00",CG1,0
D,DISPATCH,UNIT_SCADA,1,"2019/08/22 07:45:00",CG2,0
D,DISPATCH,UNIT_SCADA,1,"2019/08/22 07:45:00",CG3,0
D,DISPATCH,UNIT_SCADA,1,"2019/08/22 07:45:00",CG4,0
D,DISPATCH,UNIT_SCADA,1,"2019/08/22 07:45:00",CHILDSF1,40.12
D,DISPATCH,UNIT_SCADA,1,"2019/08/22 07:45:00",CLARESF1,28.272640
D,DISPATCH,UNIT_SCADA,1,"2019/08/22 07:45:00",CLEMGPWF,8.788270
D,DISPATCH,UNIT_SCADA,1,"2019/08/22 07:45:00",CLERMSF1,15.17
D,DISPATCH,UNIT_SCADA,1,"2019/08/22 07:45:00",COLEASF1,32.899990
D,DISPATCH,UNIT_SCADA,1,"2019/08/22 07:45:00",COOPGWF1,35.418790
D,DISPATCH,UNIT_SCADA,1,"2019/08/22 07:45:00",CPP_3,404.800020
D,DISPATCH,UNIT_SCADA,1,"2019/08/22 07:45:00",CPP_4,404.800020
D,DISPATCH,UNIT_SCADA,1,"2019/08/22 07:45:00",CPSA,143.041890
D,DISPATCH,UNIT_SCADA,1,"2019/08/22 07:45:00",CROOKWF2,85.223750
D,DISPATCH,UNIT_SCADA,1,"2019/08/22 07:45:00",CROWLWF1,46.198780
D,DISPATCH,UNIT_SCADA,1,"2019/08/22 07:45:00",CSPVPS1,10.9570
D,DISPATCH,UNIT_SCADA,1,"2019/08/22 07:45:00",DALNTH01,0
D,DISPATCH,UNIT_SCADA,1,"2019/08/22 07:45:00",DALNTHL1,0.120550
D,DISPATCH,UNIT_SCADA,1,"2019/08/22 07:45:00",DARTM1,132.30
D,DISPATCH,UNIT_SCADA,1,"2019/08/22 07:45:00",DAYDSF1,78.7150
D,DISPATCH,UNIT_SCADA,1,"2019/08/22 07:45:00",DDPS1,0
D,DISPATCH,UNIT_SCADA,1,"2019/08/22 07:45:00",DDSF1,40.644610
D,DISPATCH,UNIT_SCADA,1,"2019/08/22 07:45:00",DEVILS_G,0
D,DISPATCH,UNIT_SCADA,1,"2019/08/22 07:45:00",DG_NSW1,0
D,DISPATCH,UNIT_SCADA,1,"2019/08/22 07:45:00",DG_QLD1,0
D,DISPATCH,UNIT_SCADA,1,"2019/08/22 07:45:00",DG_SA1,0
D,DISPATCH,UNIT_SCADA,1,"2019/08/22 07:45:00",DG_TAS1,0
D,DISPATCH,UNIT_SCADA,1,"2019/08/22 07:45:00",DG_VIC1,0
D,DISPATCH,UNIT_SCADA,1,"2019/08/22 07:45:00",DRYCGT1,0
D,DISPATCH,UNIT_SCADA,1,"2019/08/22 07:45:00",DRYCGT2,0
D,DISPATCH,UNIT_SCADA,1,"2019/08/22 07:45:00",DRYCGT3,0
D,DISPATCH,UNIT_SCADA,1,"2019/08/22 07:45:00",EILDON1,0
D,DISPATCH,UNIT_SCADA,1,"2019/08/22 07:45:00",EILDON2,0
D,DISPATCH,UNIT_SCADA,1,"2019/08/22 07:45:00",EMERASF1,37.48
D,DISPATCH,UNIT_SCADA,1,"2019/08/22 07:45:00",ER01,580.525020
D,DISPATCH,UNIT_SCADA,1,"2019/08/22 07:45:00",ER02,608.6250
D,DISPATCH,UNIT_SCADA,1,"2019/08/22 07:45:00",ER03,698.525020
D,DISPATCH,UNIT_SCADA,1,"2019/08/22 07:45:00",ER04,688.025020
D,DISPATCH,UNIT_SCADA,1,"2019/08/22 07:45:00",FINLYSF1,0
D,DISPATCH,UNIT_SCADA,1,"2019/08/22 07:45:00",FISHER,44.83
D,DISPATCH,UNIT_SCADA,1,"2019/08/22 07:45:00",GANNBG1,5.002930
D,DISPATCH,UNIT_SCADA,1,"2019/08/22 07:45:00",GANNBL1,0
D,DISPATCH,UNIT_SCADA,1,"2019/08/22 07:45:00",GANNSF1,4.40
D,DISPATCH,UNIT_SCADA,1,"2019/08/22 07:45:00",GORDON,62.4876
D,DISPATCH,UNIT_SCADA,1,"2019/08/22 07:45:00",GSTONE1,194.774990
D,DISPATCH,UNIT_SCADA,1,"2019/08/22 07:45:00",GSTONE2,214.55
D,DISPATCH,UNIT_SCADA,1,"2019/08/22 07:45:00",GSTONE3,199.149990
D,DISPATCH,UNIT_SCADA,1,"2019/08/22 07:45:00",GSTONE4,183.399990
D,DISPATCH,UNIT_SCADA,1,"2019/08/22 07:45:00",GSTONE5,189.524990
D,DISPATCH,UNIT_SCADA,1,"2019/08/22 07:45:00",GSTONE6,0
D,DISPATCH,UNIT_SCADA,1,"2019/08/22 07:45:00",GULLRSF1,0.368620
D,DISPATCH,UNIT_SCADA,1,"2019/08/22 07:45:00",GULLRWF1,158.561610
D,DISPATCH,UNIT_SCADA,1,"2019/08/22 07:45:00",GUNNING1,45.198720
D,DISPATCH,UNIT_SCADA,1,"2019/08/22 07:45:00",GUTHEGA,0
D,DISPATCH,UNIT_SCADA,1,"2019/08/22 07:45:00",HALLWF1,72.52
D,DISPATCH,UNIT_SCADA,1,"2019/08/22 07:45:00",HALLWF2,52.14
D,DISPATCH,UNIT_SCADA,1,"2019/08/22 07:45:00",HAMISF1,31.70
D,DISPATCH,UNIT_SCADA,1,"2019/08/22 07:45:00",HAUGHT11,49.938430
D,DISPATCH,UNIT_SCADA,1,"2019/08/22 07:45:00",HAYMSF1,27.7490
D,DISPATCH,UNIT_SCADA,1,"2019/08/22 07:45:00",HDWF1,32.10
D,DISPATCH,UNIT_SCADA,1,"2019/08/22 07:45:00",HDWF2,23.90
D,DISPATCH,UNIT_SCADA,1,"2019/08/22 07:45:00",HDWF3,34
D,DISPATCH,UNIT_SCADA,1,"2019/08/22 07:45:00",HPRG1,20.90
D,DISPATCH,UNIT_SCADA,1,"2019/08/22 07:45:00",HPRL1,0
D,DISPATCH,UNIT_SCADA,1,"2019/08/22 07:45:00",HUMENSW,0
D,DISPATCH,UNIT_SCADA,1,"2019/08/22 07:45:00",HUMEV,9
D,DISPATCH,UNIT_SCADA,1,"2019/08/22 07:45:00",HVGTS,0
D,DISPATCH,UNIT_SCADA,1,"2019/08/22 07:45:00",JBUTTERS,134.53
D,DISPATCH,UNIT_SCADA,1,"2019/08/22 07:45:00",JLA01,0.50
D,DISPATCH,UNIT_SCADA,1,"2019/08/22 07:45:00",JLA02,0
D,DISPATCH,UNIT_SCADA,1,"2019/08/22 07:45:00",JLA03,0.10
D,DISPATCH,UNIT_SCADA,1,"2019/08/22 07:45:00",JLA04,0.10
D,DISPATCH,UNIT_SCADA,1,"2019/08/22 07:45:00",JLB01,0
D,DISPATCH,UNIT_SCADA,1,"2019/08/22 07:45:00",JLB02,0.10
D,DISPATCH,UNIT_SCADA,1,"2019/08/22 07:45:00",JLB03,0
D,DISPATCH,UNIT_SCADA,1,"2019/08/22 07:45:00",KAREEYA1,21.3675
D,DISPATCH,UNIT_SCADA,1,"2019/08/22 07:45:00",KAREEYA2,21.4725
D,DISPATCH,UNIT_SCADA,1,"2019/08/22 07:45:00",KAREEYA3,0
D,DISPATCH,UNIT_SCADA,1,"2019/08/22 07:45:00",KAREEYA4,21.5250
D,DISPATCH,UNIT_SCADA,1,"2019/08/22 07:45:00",KARSF1,10.70
D,DISPATCH,UNIT_SCADA,1,"2019/08/22 07:45:00",KIATAWF1,28.40
D,DISPATCH,UNIT_SCADA,1,"2019/08/22 07:45:00",KPP_1,0
D,DISPATCH,UNIT_SCADA,1,"2019/08/22 07:45:00",KSP1,28.08
D,DISPATCH,UNIT_SCADA,1,"2019/08/22 07:45:00",LADBROK1,42.67
D,DISPATCH,UNIT_SCADA,1,"2019/08/22 07:45:00",LADBROK2,42.82
D,DISPATCH,UNIT_SCADA,1,"2019/08/22 07:45:00",LD01,349.593750
D,DISPATCH,UNIT_SCADA,1,"2019/08/22 07:45:00",LD02,348.393770
D,DISPATCH,UNIT_SCADA,1,"2019/08/22 07:45:00",LD03,350.418730
D,DISPATCH,UNIT_SCADA,1,"2019/08/22 07:45:00",LD04,350.475040
D,DISPATCH,UNIT_SCADA,1,"2019/08/22 07:45:00",LEM_WIL,86.1802
D,DISPATCH,UNIT_SCADA,1,"2019/08/22 07:45:00",LGAPWF1,11.15
D,DISPATCH,UNIT_SCADA,1,"2019/08/22 07:45:00",LILYSF1,61.079550
D,DISPATCH,UNIT_SCADA,1,"2019/08/22 07:45:00",LI_WY_CA,146.012450
D,DISPATCH,UNIT_SCADA,1,"2019/08/22 07:45:00",LKBONNY2,110.3727
D,DISPATCH,UNIT_SCADA,1,"2019/08/22 07:45:00",LKBONNY3,-0.225030
D,DISPATCH,UNIT_SCADA,1,"2019/08/22 07:45:00",LK_ECHO,0
D,DISPATCH,UNIT_SCADA,1,"2019/08/22 07:45:00",LNGS1,0
D,DISPATCH,UNIT_SCADA,1,"2019/08/22 07:45:00",LNGS2,0
D,DISPATCH,UNIT_SCADA,1,"2019/08/22 07:45:00",LONSDALE,0
D,DISPATCH,UNIT_SCADA,1,"2019/08/22 07:45:00",LOYYB1,528.569640
D,DISPATCH,UNIT_SCADA,1,"2019/08/22 07:45:00",LOYYB2,575.187320
D,DISPATCH,UNIT_SCADA,1,"2019/08/22 07:45:00",LYA1,559
D,DISPATCH,UNIT_SCADA,1,"2019/08/22 07:45:00",LYA2,0
D,DISPATCH,UNIT_SCADA,1,"2019/08/22 07:45:00",LYA3,557
D,DISPATCH,UNIT_SCADA,1,"2019/08/22 07:45:00",LYA4,530
D,DISPATCH,UNIT_SCADA,1,"2019/08/22 07:45:00",MACARTH1,204.995270
D,DISPATCH,UNIT_SCADA,1,"2019/08/22 07:45:00",MACKAYGT,0
D,DISPATCH,UNIT_SCADA,1,"2019/08/22 07:45:00",MACKNTSH,83.720010
D,DISPATCH,UNIT_SCADA,1,"2019/08/22 07:45:00",MANSLR1,0.81
D,DISPATCH,UNIT_SCADA,1,"2019/08/22 07:45:00",MCKAY1,0.02
D,DISPATCH,UNIT_SCADA,1,"2019/08/22 07:45:00",MEADOWBK,34.0102
D,DISPATCH,UNIT_SCADA,1,"2019/08/22 07:45:00",MERCER01,71.7160
D,DISPATCH,UNIT_SCADA,1,"2019/08/22 07:45:00",MEWF1,58.734590
D,DISPATCH,UNIT_SCADA,1,"2019/08/22 07:45:00",MINTARO,0
D,DISPATCH,UNIT_SCADA,1,"2019/08/22 07:45:00",MOREESF1,36.0460
D,DISPATCH,UNIT_SCADA,1,"2019/08/22 07:45:00",MORTLK11,259
D,DISPATCH,UNIT_SCADA,1,"2019/08/22 07:45:00",MORTLK12,0
D,DISPATCH,UNIT_SCADA,1,"2019/08/22 07:45:00",MP1,279.275020
D,DISPATCH,UNIT_SCADA,1,"2019/08/22 07:45:00",MP2,0
D,DISPATCH,UNIT_SCADA,1,"2019/08/22 07:45:00",MPP_1,424.50
D,DISPATCH,UNIT_SCADA,1,"2019/08/22 07:45:00",MPP_2,434
D,DISPATCH,UNIT_SCADA,1,"2019/08/22 07:45:00",MSTUART1,0
D,DISPATCH,UNIT_SCADA,1,"2019/08/22 07:45:00",MSTUART2,0
D,DISPATCH,UNIT_SCADA,1,"2019/08/22 07:45:00",MSTUART3,0
D,DISPATCH,UNIT_SCADA,1,"2019/08/22 07:45:00",MTGELWF1,49.334690
D,DISPATCH,UNIT_SCADA,1,"2019/08/22 07:45:00",MURRAY,237.38
D,DISPATCH,UNIT_SCADA,1,"2019/08/22 07:45:00",MUSSELR1,106
D,DISPATCH,UNIT_SCADA,1,"2019/08/22 07:45:00",MUWAWF1,52.70
D,DISPATCH,UNIT_SCADA,1,"2019/08/22 07:45:00",NBHWF1,80.30
D,DISPATCH,UNIT_SCADA,1,"2019/08/22 07:45:00",NPS,0
D,DISPATCH,UNIT_SCADA,1,"2019/08/22 07:45:00",NUMURSF1,31.81
D,DISPATCH,UNIT_SCADA,1,"2019/08/22 07:45:00",NYNGAN1,24.75
D,DISPATCH,UNIT_SCADA,1,"2019/08/22 07:45:00",OAKEY1,0
D,DISPATCH,UNIT_SCADA,1,"2019/08/22 07:45:00",OAKEY1SF,16.1710
D,DISPATCH,UNIT_SCADA,1,"2019/08/22 07:45:00",OAKEY2,0
D,DISPATCH,UNIT_SCADA,1,"2019/08/22 07:45:00",OAKLAND1,52.80
D,DISPATCH,UNIT_SCADA,1,"2019/08/22 07:45:00",OSB-AG,0
D,DISPATCH,UNIT_SCADA,1,"2019/08/22 07:45:00",PARSF1,2.80
D,DISPATCH,UNIT_SCADA,1,"2019/08/22 07:45:00",POAT110,0
D,DISPATCH,UNIT_SCADA,1,"2019/08/22 07:45:00",POAT220,0
D,DISPATCH,UNIT_SCADA,1,"2019/08/22 07:45:00",POR01,0
D,DISPATCH,UNIT_SCADA,1,"2019/08/22 07:45:00",POR03,0
D,DISPATCH,UNIT_SCADA,1,"2019/08/22 07:45:00",PPCCGT,370.856990
D,DISPATCH,UNIT_SCADA,1,"2019/08/22 07:45:00",PTSTAN1,0
D,DISPATCH,UNIT_SCADA,1,"2019/08/22 07:45:00",PUMP1,0
D,DISPATCH,UNIT_SCADA,1,"2019/08/22 07:45:00",PUMP2,0
D,DISPATCH,UNIT_SCADA,1,"2019/08/22 07:45:00",QPS1,29
D,DISPATCH,UNIT_SCADA,1,"2019/08/22 07:45:00",QPS2,0
D,DISPATCH,UNIT_SCADA,1,"2019/08/22 07:45:00",QPS3,0
D,DISPATCH,UNIT_SCADA,1,"2019/08/22 07:45:00",QPS4,0
D,DISPATCH,UNIT_SCADA,1,"2019/08/22 07:45:00",QPS5,0
D,DISPATCH,UNIT_SCADA,1,"2019/08/22 07:45:00",REECE1,118.440010
D,DISPATCH,UNIT_SCADA,1,"2019/08/22 07:45:00",REECE2,114.040010
D,DISPATCH,UNIT_SCADA,1,"2019/08/22 07:45:00",ROMA_7,0
D,DISPATCH,UNIT_SCADA,1,"2019/08/22 07:45:00",ROMA_8,0
D,DISPATCH,UNIT_SCADA,1,"2019/08/22 07:45:00",RRSF1,53.238820
D,DISPATCH,UNIT_SCADA,1,"2019/08/22 07:45:00",RT_NSW1,0
D,DISPATCH,UNIT_SCADA,1,"2019/08/22 07:45:00",RT_NSW2,0
D,DISPATCH,UNIT_SCADA,1,"2019/08/22 07:45:00",RT_NSW3,0
D,DISPATCH,UNIT_SCADA,1,"2019/08/22 07:45:00",RT_NSW4,0
D,DISPATCH,UNIT_SCADA,1,"2019/08/22 07:45:00",RT_NSW5,0
D,DISPATCH,UNIT_SCADA,1,"2019/08/22 07:45:00",RT_NSW6,0
D,DISPATCH,UNIT_SCADA,1,"2019/08/22 07:45:00",RT_QLD1,0
D,DISPATCH,UNIT_SCADA,1,"2019/08/22 07:45:00",RT_SA1,0
D,DISPATCH,UNIT_SCADA,1,"2019/08/22 07:45:00",RT_SA2,0
D,DISPATCH,UNIT_SCADA,1,"2019/08/22 07:45:00",RT_SA3,0
D,DISPATCH,UNIT_SCADA,1,"2019/08/22 07:45:00",RT_SA4,0
D,DISPATCH,UNIT_SCADA,1,"2019/08/22 07:45:00",RT_SA5,0
D,DISPATCH,UNIT_SCADA,1,"2019/08/22 07:45:00",RT_SA6,0
D,DISPATCH,UNIT_SCADA,1,"2019/08/22 07:45:00",RT_TAS1,0
D,DISPATCH,UNIT_SCADA,1,"2019/08/22 07:45:00",RT_VIC1,0
D,DISPATCH,UNIT_SCADA,1,"2019/08/22 07:45:00",RT_VIC10,0
D,DISPATCH,UNIT_SCADA,1,"2019/08/22 07:45:00",RT_VIC11,0
D,DISPATCH,UNIT_SCADA,1,"2019/08/22 07:45:00",RT_VIC12,0
D,DISPATCH,UNIT_SCADA,1,"2019/08/22 07:45:00",RT_VIC2,0
D,DISPATCH,UNIT_SCADA,1,"2019/08/22 07:45:00",RT_VIC3,0
D,DISPATCH,UNIT_SCADA,1,"2019/08/22 07:45:00",RT_VIC4,0
D,DISPATCH,UNIT_SCADA,1,"2019/08/22 07:45:00",RT_VIC5,0
D,DISPATCH,UNIT_SCADA,1,"2019/08/22 07:45:00",RT_VIC6,0
D,DISPATCH,UNIT_SCADA,1,"2019/08/22 07:45:00",RT_VIC7,0
D,DISPATCH,UNIT_SCADA,1,"2019/08/22 07:45:00",RT_VIC8,0
D,DISPATCH,UNIT_SCADA,1,"2019/08/22 07:45:00",RT_VIC9,0
D,DISPATCH,UNIT_SCADA,1,"2019/08/22 07:45:00",RUGBYR1,45.146110
D,DISPATCH,UNIT_SCADA,1,"2019/08/22 07:45:00",SALTCRK1,25.40
D,DISPATCH,UNIT_SCADA,1,"2019/08/22 07:45:00",SAPHWF1,229.968750
D,DISPATCH,UNIT_SCADA,1,"2019/08/22 07:45:00",SHGEN,196.725510
D,DISPATCH,UNIT_SCADA,1,"2019/08/22 07:45:00",SHPUMP,0
D,DISPATCH,UNIT_SCADA,1,"2019/08/22 07:45:00",SITHE01,0.123710
D,DISPATCH,UNIT_SCADA,1,"2019/08/22 07:45:00",SMCSF1,25.500380
D,DISPATCH,UNIT_SCADA,1,"2019/08/22 07:45:00",SNOWNTH1,19.40
D,DISPATCH,UNIT_SCADA,1,"2019/08/22 07:45:00",SNOWSTH1,22
D,DISPATCH,UNIT_SCADA,1,"2019/08/22 07:45:00",SNOWTWN1,15.762680
D,DISPATCH,UNIT_SCADA,1,"2019/08/22 07:45:00",SNOWYP,0
D,DISPATCH,UNIT_SCADA,1,"2019/08/22 07:45:00",SNUG1,0.019440
D,DISPATCH,UNIT_SCADA,1,"2019/08/22 07:45:00",SRSF1,34.54
D,DISPATCH,UNIT_SCADA,1,"2019/08/22 07:45:00",STAN-1,0
D,DISPATCH,UNIT_SCADA,1,"2019/08/22 07:45:00",STAN-2,309.524230
D,DISPATCH,UNIT_SCADA,1,"2019/08/22 07:45:00",STAN-3,308.819240
D,DISPATCH,UNIT_SCADA,1,"2019/08/22 07:45:00",STAN-4,308.075840
D,DISPATCH,UNIT_SCADA,1,"2019/08/22 07:45:00",STWF1,42.1875
D,DISPATCH,UNIT_SCADA,1,"2019/08/22 07:45:00",SWAN_E,0
D,DISPATCH,UNIT_SCADA,1,"2019/08/22 07:45:00",TALWA1,419
D,DISPATCH,UNIT_SCADA,1,"2019/08/22 07:45:00",TARALGA1,88.976230
D,DISPATCH,UNIT_SCADA,1,"2019/08/22 07:45:00",TARONG#1,329.200010
D,DISPATCH,UNIT_SCADA,1,"2019/08/22 07:45:00",TARONG#2,330.50
D,DISPATCH,UNIT_SCADA,1,"2019/08/22 07:45:00",TARONG#3,260.300020
D,DISPATCH,UNIT_SCADA,1,"2019/08/22 07:45:00",TARONG#4,330
D,DISPATCH,UNIT_SCADA,1,"2019/08/22 07:45:00",TARRALEA,83.600010
D,DISPATCH,UNIT_SCADA,1,"2019/08/22 07:45:00",TBSF1,-0.20
D,DISPATCH,UNIT_SCADA,1,"2019/08/22 07:45:00",TNPS1,220.000020
D,DISPATCH,UNIT_SCADA,1,"2019/08/22 07:45:00",TORRA1,68.969950
D,DISPATCH,UNIT_SCADA,1,"2019/08/22 07:45:00",TORRA2,0
D,DISPATCH,UNIT_SCADA,1,"2019/08/22 07:45:00",TORRA3,44.169770
D,DISPATCH,UNIT_SCADA,1,"2019/08/22 07:45:00",TORRA4,0
D,DISPATCH,UNIT_SCADA,1,"2019/08/22 07:45:00",TORRB1,79.71
D,DISPATCH,UNIT_SCADA,1,"2019/08/22 07:45:00",TORRB2,101.14
D,DISPATCH,UNIT_SCADA,1,"2019/08/22 07:45:00",TORRB3,0
D,DISPATCH,UNIT_SCADA,1,"2019/08/22 07:45:00",TORRB4,0
D,DISPATCH,UNIT_SCADA,1,"2019/08/22 07:45:00",TREVALLN,85.590030
D,DISPATCH,UNIT_SCADA,1,"2019/08/22 07:45:00",TRIBUTE,80.28
D,DISPATCH,UNIT_SCADA,1,"2019/08/22 07:45:00",TUMUT3,0
D,DISPATCH,UNIT_SCADA,1,"2019/08/22 07:45:00",TUNGATIN,129.880020
D,DISPATCH,UNIT_SCADA,1,"2019/08/22 07:45:00",TVCC201,0
D,DISPATCH,UNIT_SCADA,1,"2019/08/22 07:45:00",TVPP104,57.904710
D,DISPATCH,UNIT_SCADA,1,"2019/08/22 07:45:00",UPPTUMUT,81.563310
D,DISPATCH,UNIT_SCADA,1,"2019/08/22 07:45:00",URANQ11,0
D,DISPATCH,UNIT_SCADA,1,"2019/08/22 07:45:00",URANQ12,0
D,DISPATCH,UNIT_SCADA,1,"2019/08/22 07:45:00",URANQ13,0
D,DISPATCH,UNIT_SCADA,1,"2019/08/22 07:45:00",URANQ14,0
D,DISPATCH,UNIT_SCADA,1,"2019/08/22 07:45:00",VP5,553.674990
D,DISPATCH,UNIT_SCADA,1,"2019/08/22 07:45:00",VP6,577.599980
D,DISPATCH,UNIT_SCADA,1,"2019/08/22 07:45:00",VPGS1,0
D,DISPATCH,UNIT_SCADA,1,"2019/08/22 07:45:00",VPGS2,0
D,DISPATCH,UNIT_SCADA,1,"2019/08/22 07:45:00",VPGS3,0
D,DISPATCH,UNIT_SCADA,1,"2019/08/22 07:45:00",VPGS4,0
D,DISPATCH,UNIT_SCADA,1,"2019/08/22 07:45:00",VPGS5,0
D,DISPATCH,UNIT_SCADA,1,"2019/08/22 07:45:00",VPGS6,0
D,DISPATCH,UNIT_SCADA,1,"2019/08/22 07:45:00",W/HOE#1,0
D,DISPATCH,UNIT_SCADA,1,"2019/08/22 07:45:00",W/HOE#2,0
D,DISPATCH,UNIT_SCADA,1,"2019/08/22 07:45:00",WATERLWF,42.90
D,DISPATCH,UNIT_SCADA,1,"2019/08/22 07:45:00",WEMENSF1,2.50
D,DISPATCH,UNIT_SCADA,1,"2019/08/22 07:45:00",WGWF1,67.20
D,DISPATCH,UNIT_SCADA,1,"2019/08/22 07:45:00",WHITSF1,28.70
D,DISPATCH,UNIT_SCADA,1,"2019/08/22 07:45:00",WKIEWA1,0
D,DISPATCH,UNIT_SCADA,1,"2019/08/22 07:45:00",WKIEWA2,16.10
D,DISPATCH,UNIT_SCADA,1,"2019/08/22 07:45:00",WOODLWN1,44.8020
D,DISPATCH,UNIT_SCADA,1,"2019/08/22 07:45:00",WRSF1,3.85
D,DISPATCH,UNIT_SCADA,1,"2019/08/22 07:45:00",WRWF1,160.374980
D,DISPATCH,UNIT_SCADA,1,"2019/08/22 07:45:00",YABULU,0
D,DISPATCH,UNIT_SCADA,1,"2019/08/22 07:45:00",YABULU2,0
D,DISPATCH,UNIT_SCADA,1,"2019/08/22 07:45:00",YARWUN_1,0
D,DISPATCH,UNIT_SCADA,1,"2019/08/22 07:45:00",YENDWF1,41.89
D,DISPATCH,UNIT_SCADA,1,"2019/08/22 07:45:00",YWPS1,376.941770
D,DISPATCH,UNIT_SCADA,1,"2019/08/22 07:45:00",YWPS2,274.683530
D,DISPATCH,UNIT_SCADA,1,"2019/08/22 07:45:00",YWPS3,0
D,DISPATCH,UNIT_SCADA,1,"2019/08/22 07:45:00",YWPS4,387.051910
C,"END OF REPORT",334
