C,NEMP.WORLD,DISPATCHSCADA,AEMO,PUBLIC,2019/09/05,06:25:07,0000000312411445,DISPATCHSCADA,0000000312411439
I,DISPATCH,UNIT_SCADA,1,SETTLEMENTDATE,DUID,SCADAVALUE
D,DISPATCH,UNIT_SCADA,1,"2019/09/05 06:30:00",BARCSF1,0
D,DISPATCH,UNIT_SCADA,1,"2019/09/05 06:30:00",BUTLERSG,10.199999
D,DISPATCH,UNIT_SCADA,1,"2019/09/05 06:30:00",CALL_A_4,0
D,DISPATCH,UNIT_SCADA,1,"2019/09/05 06:30:00",CAPTL_WF,0
D,DISPATCH,UNIT_SCADA,1,"2019/09/05 06:30:00",CATHROCK,38.779999
D,DISPATCH,UNIT_SCADA,1,"2019/09/05 06:30:00",CHALLHWF,0
D,DISPATCH,UNIT_SCADA,1,"2019/09/05 06:30:00",CLOVER,-0.01
D,DISPATCH,UNIT_SCADA,1,"2019/09/05 06:30:00",CLUNY,17.002060
D,DISPATCH,UNIT_SCADA,1,"2019/09/05 06:30:00",CNUNDAWF,8.309693
D,DISPATCH,UNIT_SCADA,1,"2019/09/05 06:30:00",CULLRGWF,3.37
D,DISPATCH,UNIT_SCADA,1,"2019/09/05 06:30:00",ERGT01,0
D,DISPATCH,UNIT_SCADA,1,"2019/09/05 06:30:00",GB01,0.014114
D,DISPATCH,UNIT_SCADA,1,"2019/09/05 06:30:00",GERMCRK,37.099998
D,DISPATCH,UNIT_SCADA,1,"2019/09/05 06:30:00",GRIFSF1,0
D,DISPATCH,UNIT_SCADA,1,"2019/09/05 06:30:00",HUGSF1,-0.19
D,DISPATCH,UNIT_SCADA,1,"2019/09/05 06:30:00",LKBONNY1,17.861872
D,DISPATCH,UNIT_SCADA,1,"2019/09/05 06:30:00",LRSF1,-0.0310
D,DISPATCH,UNIT_SCADA,1,"2019/09/05 06:30:00",MBAHNTH,26.849998
D,DISPATCH,UNIT_SCADA,1,"2019/09/05 06:30:00",MLSP1,0.366001
D,DISPATCH,UNIT_SCADA,1,"2019/09/05 06:30:00",MLWF1,2.31
D,DISPATCH,UNIT_SCADA,1,"2019/09/05 06:30:00",MTMILLAR,20.493372
D,DISPATCH,UNIT_SCADA,1,"2019/09/05 06:30:00",PALOONA,24.869999
D,DISPATCH,UNIT_SCADA,1,"2019/09/05 06:30:00",PIONEER,45.600002
D,DISPATCH,UNIT_SCADA,1,"2019/09/05 06:30:00",PORTWF,23.700001
D,DISPATCH,UNIT_SCADA,1,"2019/09/05 06:30:00",REPULSE,27.869688
D,DISPATCH,UNIT_SCADA,1,"2019/09/05 06:30:00",ROWALLAN,10.2169
D,DISPATCH,UNIT_SCADA,1,"2019/09/05 06:30:00",ROYALLA1,0
D,DISPATCH,UNIT_SCADA,1,"2019/09/05 06:30:00",RPCG,11
D,DISPATCH,UNIT_SCADA,1,"2019/09/05 06:30:00",RUBICON,0
D,DISPATCH,UNIT_SCADA,1,"2019/09/05 06:30:00",SATGN1,0
D,DISPATCH,UNIT_SCADA,1,"2019/09/05 06:30:00",SATGS1,0
D,DISPATCH,UNIT_SCADA,1,"2019/09/05 06:30:00",STARHLWF,1.899446
D,DISPATCH,UNIT_SCADA,1,"2019/09/05 06:30:00",WAUBRAWF,0
D,DISPATCH,UNIT_SCADA,1,"2019/09/05 06:30:00",WOOLNTH1,-0.739985
D,DISPATCH,UNIT_SCADA,1,"2019/09/05 06:30:00",WPWF,20
D,DISPATCH,UNIT_SCADA,1,"2019/09/05 06:30:00",YAMBUKWF,1.90
D,DISPATCH,UNIT_SCADA,1,"2019/09/05 06:30:00",YSWF1,0.50
D,DISPATCH,UNIT_SCADA,1,"2019/09/05 06:30:00",AGLHAL,0
D,DISPATCH,UNIT_SCADA,1,"2019/09/05 06:30:00",AGLSOM,0
D,DISPATCH,UNIT_SCADA,1,"2019/09/05 06:30:00",ANGAST1,0
D,DISPATCH,UNIT_SCADA,1,"2019/09/05 06:30:00",ARWF1,0.10
D,DISPATCH,UNIT_SCADA,1,"2019/09/05 06:30:00",BALBG1,12.29
D,DISPATCH,UNIT_SCADA,1,"2019/09/05 06:30:00",BALBL1,0
D,DISPATCH,UNIT_SCADA,1,"2019/09/05 06:30:00",BALDHWF1,0
D,DISPATCH,UNIT_SCADA,1,"2019/09/05 06:30:00",BANN1,0
D,DISPATCH,UNIT_SCADA,1,"2019/09/05 06:30:00",BARCALDN,0
D,DISPATCH,UNIT_SCADA,1,"2019/09/05 06:30:00",BARRON-1,34.04
D,DISPATCH,UNIT_SCADA,1,"2019/09/05 06:30:00",BARRON-2,0
D,DISPATCH,UNIT_SCADA,1,"2019/09/05 06:30:00",BASTYAN,80.91
D,DISPATCH,UNIT_SCADA,1,"2019/09/05 06:30:00",BBTHREE1,0
D,DISPATCH,UNIT_SCADA,1,"2019/09/05 06:30:00",BBTHREE2,0
D,DISPATCH,UNIT_SCADA,1,"2019/09/05 06:30:00",BBTHREE3,0
D,DISPATCH,UNIT_SCADA,1,"2019/09/05 06:30:00",BDL01,0
D,DISPATCH,UNIT_SCADA,1,"2019/09/05 06:30:00",BDL02,0
D,DISPATCH,UNIT_SCADA,1,"2019/09/05 06:30:00",BERYLSF1,0.690570
D,DISPATCH,UNIT_SCADA,1,"2019/09/05 06:30:00",BLOWERNG,11.10
D,DISPATCH,UNIT_SCADA,1,"2019/09/05 06:30:00",BLUFF1,0
D,DISPATCH,UNIT_SCADA,1,"2019/09/05 06:30:00",BNGSF1,0
D,DISPATCH,UNIT_SCADA,1,"2019/09/05 06:30:00",BNGSF2,0
D,DISPATCH,UNIT_SCADA,1,"2019/09/05 06:30:00",BOCORWF1,4.37
D,DISPATCH,UNIT_SCADA,1,"2019/09/05 06:30:00",BODWF1,6.603920
D,DISPATCH,UNIT_SCADA,1,"2019/09/05 06:30:00",BRAEMAR1,0
D,DISPATCH,UNIT_SCADA,1,"2019/09/05 06:30:00",BRAEMAR2,0
D,DISPATCH,UNIT_SCADA,1,"2019/09/05 06:30:00",BRAEMAR3,0
D,DISPATCH,UNIT_SCADA,1,"2019/09/05 06:30:00",BRAEMAR5,0
D,DISPATCH,UNIT_SCADA,1,"2019/09/05 06:30:00",BRAEMAR6,0
D,DISPATCH,UNIT_SCADA,1,"2019/09/05 06:30:00",BRAEMAR7,0
D,DISPATCH,UNIT_SCADA,1,"2019/09/05 06:30:00",BROKENH1,0
D,DISPATCH,UNIT_SCADA,1,"2019/09/05 06:30:00",BW01,567.400020
D,DISPATCH,UNIT_SCADA,1,"2019/09/05 06:30:00",BW02,647.099980
D,DISPATCH,UNIT_SCADA,1,"2019/09/05 06:30:00",BW03,648.25
D,DISPATCH,UNIT_SCADA,1,"2019/09/05 06:30:00",BW04,0
D,DISPATCH,UNIT_SCADA,1,"2019/09/05 06:30:00",CALL_B_1,350.200010
D,DISPATCH,UNIT_SCADA,1,"2019/09/05 06:30:00",CALL_B_2,349.899990
D,DISPATCH,UNIT_SCADA,1,"2019/09/05 06:30:00",CETHANA,80.4615
D,DISPATCH,UNIT_SCADA,1,"2019/09/05 06:30:00",CG1,0
D,DISPATCH,UNIT_SCADA,1,"2019/09/05 06:30:00",CG2,0
D,DISPATCH,UNIT_SCADA,1,"2019/09/05 06:30:00",CG3,0
D,DISPATCH,UNIT_SCADA,1,"2019/09/05 06:30:00",CG4,0
D,DISPATCH,UNIT_SCADA,1,"2019/09/05 06:30:00",CHILDSF1,2.55
D,DISPATCH,UNIT_SCADA,1,"2019/09/05 06:30:00",CLARESF1,0
D,DISPATCH,UNIT_SCADA,1,"2019/09/05 06:30:00",CLEMGPWF,-0.144070
D,DISPATCH,UNIT_SCADA,1,"2019/09/05 06:30:00",CLERMSF1,0
D,DISPATCH,UNIT_SCADA,1,"2019/09/05 06:30:00",COLEASF1,0
D,DISPATCH,UNIT_SCADA,1,"2019/09/05 06:30:00",COOPGWF1,5.8786
D,DISPATCH,UNIT_SCADA,1,"2019/09/05 06:30:00",CPP_3,407.550020
D,DISPATCH,UNIT_SCADA,1,"2019/09/05 06:30:00",CPP_4,406.175020
D,DISPATCH,UNIT_SCADA,1,"2019/09/05 06:30:00",CPSA,142.360630
D,DISPATCH,UNIT_SCADA,1,"2019/09/05 06:30:00",CROOKWF2,9.083750
D,DISPATCH,UNIT_SCADA,1,"2019/09/05 06:30:00",CROWLWF1,0.375550
D,DISPATCH,UNIT_SCADA,1,"2019/09/05 06:30:00",CSPVPS1,0.2840
D,DISPATCH,UNIT_SCADA,1,"2019/09/05 06:30:00",DALNTH01,0
D,DISPATCH,UNIT_SCADA,1,"2019/09/05 06:30:00",DALNTHL1,0.080870
D,DISPATCH,UNIT_SCADA,1,"2019/09/05 06:30:00",DARTM1,133.399990
D,DISPATCH,UNIT_SCADA,1,"2019/09/05 06:30:00",DAYDSF1,0
D,DISPATCH,UNIT_SCADA,1,"2019/09/05 06:30:00",DDPS1,446.7807
D,DISPATCH,UNIT_SCADA,1,"2019/09/05 06:30:00",DDSF1,2.966780
D,DISPATCH,UNIT_SCADA,1,"2019/09/05 06:30:00",DEVILS_G,56.703390
D,DISPATCH,UNIT_SCADA,1,"2019/09/05 06:30:00",DG_NSW1,0
D,DISPATCH,UNIT_SCADA,1,"2019/09/05 06:30:00",DG_QLD1,0
D,DISPATCH,UNIT_SCADA,1,"2019/09/05 06:30:00",DG_SA1,0
D,DISPATCH,UNIT_SCADA,1,"2019/09/05 06:30:00",DG_TAS1,0
D,DISPATCH,UNIT_SCADA,1,"2019/09/05 06:30:00",DG_VIC1,0
D,DISPATCH,UNIT_SCADA,1,"2019/09/05 06:30:00",DRYCGT1,0
D,DISPATCH,UNIT_SCADA,1,"2019/09/05 06:30:00",DRYCGT2,0
D,DISPATCH,UNIT_SCADA,1,"2019/09/05 06:30:00",DRYCGT3,0
D,DISPATCH,UNIT_SCADA,1,"2019/09/05 06:30:00",EILDON1,0
D,DISPATCH,UNIT_SCADA,1,"2019/09/05 06:30:00",EILDON2,0
D,DISPATCH,UNIT_SCADA,1,"2019/09/05 06:30:00",EMERASF1,0
D,DISPATCH,UNIT_SCADA,1,"2019/09/05 06:30:00",ER01,592.50
D,DISPATCH,UNIT_SCADA,1,"2019/09/05 06:30:00",ER02,592.800050
D,DISPATCH,UNIT_SCADA,1,"2019/09/05 06:30:00",ER03,0
D,DISPATCH,UNIT_SCADA,1,"2019/09/05 06:30:00",ER04,699.425050
D,DISPATCH,UNIT_SCADA,1,"2019/09/05 06:30:00",FINLYSF1,0
D,DISPATCH,UNIT_SCADA,1,"2019/09/05 06:30:00",FISHER,46.05
D,DISPATCH,UNIT_SCADA,1,"2019/09/05 06:30:00",GANNBG1,13.4887
D,DISPATCH,UNIT_SCADA,1,"2019/09/05 06:30:00",GANNBL1,0
D,DISPATCH,UNIT_SCADA,1,"2019/09/05 06:30:00",GANNSF1,0
D,DISPATCH,UNIT_SCADA,1,"2019/09/05 06:30:00",GORDON,33.520480
D,DISPATCH,UNIT_SCADA,1,"2019/09/05 06:30:00",GSTONE1,213.6750
D,DISPATCH,UNIT_SCADA,1,"2019/09/05 06:30:00",GSTONE2,209.8250
D,DISPATCH,UNIT_SCADA,1,"2019/09/05 06:30:00",GSTONE3,0
D,DISPATCH,UNIT_SCADA,1,"2019/09/05 06:30:00",GSTONE4,212.974990
D,DISPATCH,UNIT_SCADA,1,"2019/09/05 06:30:00",GSTONE5,213.849990
D,DISPATCH,UNIT_SCADA,1,"2019/09/05 06:30:00",GSTONE6,213.6750
D,DISPATCH,UNIT_SCADA,1,"2019/09/05 06:30:00",GULLRSF1,0
D,DISPATCH,UNIT_SCADA,1,"2019/09/05 06:30:00",GULLRWF1,16.403960
D,DISPATCH,UNIT_SCADA,1,"2019/09/05 06:30:00",GUNNING1,3.497150
D,DISPATCH,UNIT_SCADA,1,"2019/09/05 06:30:00",GUTHEGA,31
D,DISPATCH,UNIT_SCADA,1,"2019/09/05 06:30:00",HALLWF1,-0.46
D,DISPATCH,UNIT_SCADA,1,"2019/09/05 06:30:00",HALLWF2,-0.31
D,DISPATCH,UNIT_SCADA,1,"2019/09/05 06:30:00",HAMISF1,0
D,DISPATCH,UNIT_SCADA,1,"2019/09/05 06:30:00",HAUGHT11,0
D,DISPATCH,UNIT_SCADA,1,"2019/09/05 06:30:00",HAYMSF1,0
D,DISPATCH,UNIT_SCADA,1,"2019/09/05 06:30:00",HDWF1,1.80
D,DISPATCH,UNIT_SCADA,1,"2019/09/05 06:30:00",HDWF2,1.20
D,DISPATCH,UNIT_SCADA,1,"2019/09/05 06:30:00",HDWF3,1
D,DISPATCH,UNIT_SCADA,1,"2019/09/05 06:30:00",HPRG1,20.10
D,DISPATCH,UNIT_SCADA,1,"2019/09/05 06:30:00",HPRL1,0
D,DISPATCH,UNIT_SCADA,1,"2019/09/05 06:30:00",HUMENSW,0
D,DISPATCH,UNIT_SCADA,1,"2019/09/05 06:30:00",HUMEV,25.60
D,DISPATCH,UNIT_SCADA,1,"2019/09/05 06:30:00",HVGTS,0
D,DISPATCH,UNIT_SCADA,1,"2019/09/05 06:30:00",JBUTTERS,115.39
D,DISPATCH,UNIT_SCADA,1,"2019/09/05 06:30:00",JLA01,0.10
D,DISPATCH,UNIT_SCADA,1,"2019/09/05 06:30:00",JLA02,0
D,DISPATCH,UNIT_SCADA,1,"2019/09/05 06:30:00",JLA03,0
D,DISPATCH,UNIT_SCADA,1,"2019/09/05 06:30:00",JLA04,0
D,DISPATCH,UNIT_SCADA,1,"2019/09/05 06:30:00",JLB01,0
D,DISPATCH,UNIT_SCADA,1,"2019/09/05 06:30:00",JLB02,32.60
D,DISPATCH,UNIT_SCADA,1,"2019/09/05 06:30:00",JLB03,32.60
D,DISPATCH,UNIT_SCADA,1,"2019/09/05 06:30:00",KAREEYA1,21.5475
D,DISPATCH,UNIT_SCADA,1,"2019/09/05 06:30:00",KAREEYA2,21.8150
D,DISPATCH,UNIT_SCADA,1,"2019/09/05 06:30:00",KAREEYA3,0
D,DISPATCH,UNIT_SCADA,1,"2019/09/05 06:30:00",KAREEYA4,21.5875
D,DISPATCH,UNIT_SCADA,1,"2019/09/05 06:30:00",KARSF1,0
D,DISPATCH,UNIT_SCADA,1,"2019/09/05 06:30:00",KIATAWF1,11.20
D,DISPATCH,UNIT_SCADA,1,"2019/09/05 06:30:00",KPP_1,0
D,DISPATCH,UNIT_SCADA,1,"2019/09/05 06:30:00",KSP1,0
D,DISPATCH,UNIT_SCADA,1,"2019/09/05 06:30:00",LADBROK1,42.85
D,DISPATCH,UNIT_SCADA,1,"2019/09/05 06:30:00",LADBROK2,42.55
D,DISPATCH,UNIT_SCADA,1,"2019/09/05 06:30:00",LD01,373.462460
D,DISPATCH,UNIT_SCADA,1,"2019/09/05 06:30:00",LD02,378.806180
D,DISPATCH,UNIT_SCADA,1,"2019/09/05 06:30:00",LD03,375.093720
D,DISPATCH,UNIT_SCADA,1,"2019/09/05 06:30:00",LD04,374.587550
D,DISPATCH,UNIT_SCADA,1,"2019/09/05 06:30:00",LEM_WIL,82.213040
D,DISPATCH,UNIT_SCADA,1,"2019/09/05 06:30:00",LGAPWF1,7.80
D,DISPATCH,UNIT_SCADA,1,"2019/09/05 06:30:00",LILYSF1,0
D,DISPATCH,UNIT_SCADA,1,"2019/09/05 06:30:00",LI_WY_CA,155.424970
D,DISPATCH,UNIT_SCADA,1,"2019/09/05 06:30:00",LKBONNY2,31.654080
D,DISPATCH,UNIT_SCADA,1,"2019/09/05 06:30:00",LKBONNY3,10.662010
D,DISPATCH,UNIT_SCADA,1,"2019/09/05 06:30:00",LK_ECHO,0
D,DISPATCH,UNIT_SCADA,1,"2019/09/05 06:30:00",LNGS1,0
D,DISPATCH,UNIT_SCADA,1,"2019/09/05 06:30:00",LNGS2,0
D,DISPATCH,UNIT_SCADA,1,"2019/09/05 06:30:00",LONSDALE,0
D,DISPATCH,UNIT_SCADA,1,"2019/09/05 06:30:00",LOYYB1,535.712650
D,DISPATCH,UNIT_SCADA,1,"2019/09/05 06:30:00",LOYYB2,583.458250
D,DISPATCH,UNIT_SCADA,1,"2019/09/05 06:30:00",LYA1,0
D,DISPATCH,UNIT_SCADA,1,"2019/09/05 06:30:00",LYA2,0
D,DISPATCH,UNIT_SCADA,1,"2019/09/05 06:30:00",LYA3,559
D,DISPATCH,UNIT_SCADA,1,"2019/09/05 06:30:00",LYA4,540
D,DISPATCH,UNIT_SCADA,1,"2019/09/05 06:30:00",MACARTH1,43.3990
D,DISPATCH,UNIT_SCADA,1,"2019/09/05 06:30:00",MACKAYGT,0.2240
D,DISPATCH,UNIT_SCADA,1,"2019/09/05 06:30:00",MACKNTSH,89.030010
D,DISPATCH,UNIT_SCADA,1,"2019/09/05 06:30:00",MANSLR1,0
D,DISPATCH,UNIT_SCADA,1,"2019/09/05 06:30:00",MCKAY1,10.53
D,DISPATCH,UNIT_SCADA,1,"2019/09/05 06:30:00",MEADOWBK,31.952440
D,DISPATCH,UNIT_SCADA,1,"2019/09/05 06:30:00",MERCER01,10.3530
D,DISPATCH,UNIT_SCADA,1,"2019/09/05 06:30:00",MEWF1,27.151360
D,DISPATCH,UNIT_SCADA,1,"2019/09/05 06:30:00",MINTARO,0
D,DISPATCH,UNIT_SCADA,1,"2019/09/05 06:30:00",MOREESF1,0.63
D,DISPATCH,UNIT_SCADA,1,"2019/09/05 06:30:00",MORTLK11,260
D,DISPATCH,UNIT_SCADA,1,"2019/09/05 06:30:00",MORTLK12,0
D,DISPATCH,UNIT_SCADA,1,"2019/09/05 06:30:00",MP1,217.75
D,DISPATCH,UNIT_SCADA,1,"2019/09/05 06:30:00",MP2,0
D,DISPATCH,UNIT_SCADA,1,"2019/09/05 06:30:00",MPP_1,391.50
D,DISPATCH,UNIT_SCADA,1,"2019/09/05 06:30:00",MPP_2,435.75
D,DISPATCH,UNIT_SCADA,1,"2019/09/05 06:30:00",MSTUART1,0
D,DISPATCH,UNIT_SCADA,1,"2019/09/05 06:30:00",MSTUART2,0
D,DISPATCH,UNIT_SCADA,1,"2019/09/05 06:30:00",MSTUART3,0
D,DISPATCH,UNIT_SCADA,1,"2019/09/05 06:30:00",MTGELWF1,2.822960
D,DISPATCH,UNIT_SCADA,1,"2019/09/05 06:30:00",MURRAY,0
D,DISPATCH,UNIT_SCADA,1,"2019/09/05 06:30:00",MUSSELR1,14.30
D,DISPATCH,UNIT_SCADA,1,"2019/09/05 06:30:00",MUWAWF1,44.16
D,DISPATCH,UNIT_SCADA,1,"2019/09/05 06:30:00",NBHWF1,-0.50
D,DISPATCH,UNIT_SCADA,1,"2019/09/05 06:30:00",NPS,299.6250
D,DISPATCH,UNIT_SCADA,1,"2019/09/05 06:30:00",NUMURSF1,0
D,DISPATCH,UNIT_SCADA,1,"2019/09/05 06:30:00",NYNGAN1,0
D,DISPATCH,UNIT_SCADA,1,"2019/09/05 06:30:00",OAKEY1,0
D,DISPATCH,UNIT_SCADA,1,"2019/09/05 06:30:00",OAKEY1SF,0.9320
D,DISPATCH,UNIT_SCADA,1,"2019/09/05 06:30:00",OAKEY2,0
D,DISPATCH,UNIT_SCADA,1,"2019/09/05 06:30:00",OAKEY2SF,0
D,DISPATCH,UNIT_SCADA,1,"2019/09/05 06:30:00",OAKLAND1,0.90
D,DISPATCH,UNIT_SCADA,1,"2019/09/05 06:30:00",OSB-AG,180.47
D,DISPATCH,UNIT_SCADA,1,"2019/09/05 06:30:00",PARSF1,0.100010
D,DISPATCH,UNIT_SCADA,1,"2019/09/05 06:30:00",POAT110,0
D,DISPATCH,UNIT_SCADA,1,"2019/09/05 06:30:00",POAT220,29.13
D,DISPATCH,UNIT_SCADA,1,"2019/09/05 06:30:00",POR01,0
D,DISPATCH,UNIT_SCADA,1,"2019/09/05 06:30:00",POR03,0
D,DISPATCH,UNIT_SCADA,1,"2019/09/05 06:30:00",PPCCGT,437.296360
D,DISPATCH,UNIT_SCADA,1,"2019/09/05 06:30:00",PTSTAN1,0
D,DISPATCH,UNIT_SCADA,1,"2019/09/05 06:30:00",PUMP1,0
D,DISPATCH,UNIT_SCADA,1,"2019/09/05 06:30:00",PUMP2,0
D,DISPATCH,UNIT_SCADA,1,"2019/09/05 06:30:00",QPS1,29.10
D,DISPATCH,UNIT_SCADA,1,"2019/09/05 06:30:00",QPS2,0
D,DISPATCH,UNIT_SCADA,1,"2019/09/05 06:30:00",QPS3,16.40
D,DISPATCH,UNIT_SCADA,1,"2019/09/05 06:30:00",QPS4,0
D,DISPATCH,UNIT_SCADA,1,"2019/09/05 06:30:00",QPS5,95.40
D,DISPATCH,UNIT_SCADA,1,"2019/09/05 06:30:00",REECE1,101.140010
D,DISPATCH,UNIT_SCADA,1,"2019/09/05 06:30:00",REECE2,102.150010
D,DISPATCH,UNIT_SCADA,1,"2019/09/05 06:30:00",ROMA_7,0
D,DISPATCH,UNIT_SCADA,1,"2019/09/05 06:30:00",ROMA_8,0
D,DISPATCH,UNIT_SCADA,1,"2019/09/05 06:30:00",RRSF1,0
D,DISPATCH,UNIT_SCADA,1,"2019/09/05 06:30:00",RT_NSW1,0
D,DISPATCH,UNIT_SCADA,1,"2019/09/05 06:30:00",RT_NSW2,0
D,DISPATCH,UNIT_SCADA,1,"2019/09/05 06:30:00",RT_NSW3,0
D,DISPATCH,UNIT_SCADA,1,"2019/09/05 06:30:00",RT_NSW4,0
D,DISPATCH,UNIT_SCADA,1,"2019/09/05 06:30:00",RT_NSW5,0
D,DISPATCH,UNIT_SCADA,1,"2019/09/05 06:30:00",RT_NSW6,0
D,DISPATCH,UNIT_SCADA,1,"2019/09/05 06:30:00",RT_QLD1,0
D,DISPATCH,UNIT_SCADA,1,"2019/09/05 06:30:00",RT_SA1,0
D,DISPATCH,UNIT_SCADA,1,"2019/09/05 06:30:00",RT_SA2,0
D,DISPATCH,UNIT_SCADA,1,"2019/09/05 06:30:00",RT_SA3,0
D,DISPATCH,UNIT_SCADA,1,"2019/09/05 06:30:00",RT_SA4,0
D,DISPATCH,UNIT_SCADA,1,"2019/09/05 06:30:00",RT_SA5,0
D,DISPATCH,UNIT_SCADA,1,"2019/09/05 06:30:00",RT_SA6,0
D,DISPATCH,UNIT_SCADA,1,"2019/09/05 06:30:00",RT_TAS1,0
D,DISPATCH,UNIT_SCADA,1,"2019/09/05 06:30:00",RT_VIC1,0
D,DISPATCH,UNIT_SCADA,1,"2019/09/05 06:30:00",RT_VIC10,0
D,DISPATCH,UNIT_SCADA,1,"2019/09/05 06:30:00",RT_VIC11,0
D,DISPATCH,UNIT_SCADA,1,"2019/09/05 06:30:00",RT_VIC12,0
D,DISPATCH,UNIT_SCADA,1,"2019/09/05 06:30:00",RT_VIC2,0
D,DISPATCH,UNIT_SCADA,1,"2019/09/05 06:30:00",RT_VIC3,0
D,DISPATCH,UNIT_SCADA,1,"2019/09/05 06:30:00",RT_VIC4,0
D,DISPATCH,UNIT_SCADA,1,"2019/09/05 06:30:00",RT_VIC5,0
D,DISPATCH,UNIT_SCADA,1,"2019/09/05 06:30:00",RT_VIC6,0
D,DISPATCH,UNIT_SCADA,1,"2019/09/05 06:30:00",RT_VIC7,0
D,DISPATCH,UNIT_SCADA,1,"2019/09/05 06:30:00",RT_VIC8,0
D,DISPATCH,UNIT_SCADA,1,"2019/09/05 06:30:00",RT_VIC9,0
D,DISPATCH,UNIT_SCADA,1,"2019/09/05 06:30:00",RUGBYR1,0
D,DISPATCH,UNIT_SCADA,1,"2019/09/05 06:30:00",SALTCRK1,8.73
D,DISPATCH,UNIT_SCADA,1,"2019/09/05 06:30:00",SAPHWF1,-1.762510
D,DISPATCH,UNIT_SCADA,1,"2019/09/05 06:30:00",SHGEN,161.645940
D,DISPATCH,UNIT_SCADA,1,"2019/09/05 06:30:00",SHPUMP,0
D,DISPATCH,UNIT_SCADA,1,"2019/09/05 06:30:00",SITHE01,0.465340
D,DISPATCH,UNIT_SCADA,1,"2019/09/05 06:30:00",SMCSF1,0
D,DISPATCH,UNIT_SCADA,1,"2019/09/05 06:30:00",SNOWNTH1,0
D,DISPATCH,UNIT_SCADA,1,"2019/09/05 06:30:00",SNOWSTH1,1
D,DISPATCH,UNIT_SCADA,1,"2019/09/05 06:30:00",SNOWTWN1,-0.498140
D,DISPATCH,UNIT_SCADA,1,"2019/09/05 06:30:00",SNOWYP,0
D,DISPATCH,UNIT_SCADA,1,"2019/09/05 06:30:00",SNUG1,0.019440
D,DISPATCH,UNIT_SCADA,1,"2019/09/05 06:30:00",SRSF1,5.29
D,DISPATCH,UNIT_SCADA,1,"2019/09/05 06:30:00",STAN-1,292.322750
D,DISPATCH,UNIT_SCADA,1,"2019/09/05 06:30:00",STAN-2,260.3808
D,DISPATCH,UNIT_SCADA,1,"2019/09/05 06:30:00",STAN-3,334.0575
D,DISPATCH,UNIT_SCADA,1,"2019/09/05 06:30:00",STAN-4,318.099330
D,DISPATCH,UNIT_SCADA,1,"2019/09/05 06:30:00",STWF1,0
D,DISPATCH,UNIT_SCADA,1,"2019/09/05 06:30:00",SWAN_E,0
D,DISPATCH,UNIT_SCADA,1,"2019/09/05 06:30:00",TALWA1,419
D,DISPATCH,UNIT_SCADA,1,"2019/09/05 06:30:00",TARALGA1,30.87
D,DISPATCH,UNIT_SCADA,1,"2019/09/05 06:30:00",TARONG#1,348.600010
D,DISPATCH,UNIT_SCADA,1,"2019/09/05 06:30:00",TARONG#2,0
D,DISPATCH,UNIT_SCADA,1,"2019/09/05 06:30:00",TARONG#3,299.700010
D,DISPATCH,UNIT_SCADA,1,"2019/09/05 06:30:00",TARONG#4,349.600010
D,DISPATCH,UNIT_SCADA,1,"2019/09/05 06:30:00",TARRALEA,71
D,DISPATCH,UNIT_SCADA,1,"2019/09/05 06:30:00",TBSF1,-0.20
D,DISPATCH,UNIT_SCADA,1,"2019/09/05 06:30:00",TNPS1,379.600010
D,DISPATCH,UNIT_SCADA,1,"2019/09/05 06:30:00",TORRA1,106.793690
D,DISPATCH,UNIT_SCADA,1,"2019/09/05 06:30:00",TORRA2,0
D,DISPATCH,UNIT_SCADA,1,"2019/09/05 06:30:00",TORRA3,0
D,DISPATCH,UNIT_SCADA,1,"2019/09/05 06:30:00",TORRA4,97.257530
D,DISPATCH,UNIT_SCADA,1,"2019/09/05 06:30:00",TORRB1,160.14
D,DISPATCH,UNIT_SCADA,1,"2019/09/05 06:30:00",TORRB2,160.34
D,DISPATCH,UNIT_SCADA,1,"2019/09/05 06:30:00",TORRB3,157.990010
D,DISPATCH,UNIT_SCADA,1,"2019/09/05 06:30:00",TORRB4,0
D,DISPATCH,UNIT_SCADA,1,"2019/09/05 06:30:00",TREVALLN,44.460010
D,DISPATCH,UNIT_SCADA,1,"2019/09/05 06:30:00",TRIBUTE,0
D,DISPATCH,UNIT_SCADA,1,"2019/09/05 06:30:00",TUMUT3,0
D,DISPATCH,UNIT_SCADA,1,"2019/09/05 06:30:00",TUNGATIN,121.880030
D,DISPATCH,UNIT_SCADA,1,"2019/09/05 06:30:00",TVCC201,0
D,DISPATCH,UNIT_SCADA,1,"2019/09/05 06:30:00",TVPP104,0
D,DISPATCH,UNIT_SCADA,1,"2019/09/05 06:30:00",UPPTUMUT,575.213680
D,DISPATCH,UNIT_SCADA,1,"2019/09/05 06:30:00",URANQ11,0
D,DISPATCH,UNIT_SCADA,1,"2019/09/05 06:30:00",URANQ12,0
D,DISPATCH,UNIT_SCADA,1,"2019/09/05 06:30:00",URANQ13,0
D,DISPATCH,UNIT_SCADA,1,"2019/09/05 06:30:00",URANQ14,0
D,DISPATCH,UNIT_SCADA,1,"2019/09/05 06:30:00",VP5,645.3750
D,DISPATCH,UNIT_SCADA,1,"2019/09/05 06:30:00",VP6,0
D,DISPATCH,UNIT_SCADA,1,"2019/09/05 06:30:00",VPGS1,0
D,DISPATCH,UNIT_SCADA,1,"2019/09/05 06:30:00",VPGS2,0
D,DISPATCH,UNIT_SCADA,1,"2019/09/05 06:30:00",VPGS3,0
D,DISPATCH,UNIT_SCADA,1,"2019/09/05 06:30:00",VPGS4,0
D,DISPATCH,UNIT_SCADA,1,"2019/09/05 06:30:00",VPGS5,0
D,DISPATCH,UNIT_SCADA,1,"2019/09/05 06:30:00",VPGS6,0
D,DISPATCH,UNIT_SCADA,1,"2019/09/05 06:30:00",W/HOE#1,0
D,DISPATCH,UNIT_SCADA,1,"2019/09/05 06:30:00",W/HOE#2,0
D,DISPATCH,UNIT_SCADA,1,"2019/09/05 06:30:00",WATERLWF,-0.70
D,DISPATCH,UNIT_SCADA,1,"2019/09/05 06:30:00",WEMENSF1,0
D,DISPATCH,UNIT_SCADA,1,"2019/09/05 06:30:00",WGWF1,0
D,DISPATCH,UNIT_SCADA,1,"2019/09/05 06:30:00",WHITSF1,0
D,DISPATCH,UNIT_SCADA,1,"2019/09/05 06:30:00",WKIEWA1,26.90
D,DISPATCH,UNIT_SCADA,1,"2019/09/05 06:30:00",WKIEWA2,17.40
D,DISPATCH,UNIT_SCADA,1,"2019/09/05 06:30:00",WOODLWN1,4.9050
D,DISPATCH,UNIT_SCADA,1,"2019/09/05 06:30:00",WRSF1,0.97
D,DISPATCH,UNIT_SCADA,1,"2019/09/05 06:30:00",WRWF1,-0.0725
D,DISPATCH,UNIT_SCADA,1,"2019/09/05 06:30:00",YABULU,0
D,DISPATCH,UNIT_SCADA,1,"2019/09/05 06:30:00",YABULU2,0
D,DISPATCH,UNIT_SCADA,1,"2019/09/05 06:30:00",YARWUN_1,166.769990
D,DISPATCH,UNIT_SCADA,1,"2019/09/05 06:30:00",YENDWF1,-0.23
D,DISPATCH,UNIT_SCADA,1,"2019/09/05 06:30:00",YWPS1,381.453160
D,DISPATCH,UNIT_SCADA,1,"2019/09/05 06:30:00",YWPS2,279.6962
D,DISPATCH,UNIT_SCADA,1,"2019/09/05 06:30:00",YWPS3,320.716460
D,DISPATCH,UNIT_SCADA,1,"2019/09/05 06:30:00",YWPS4,387.334170
C,"END OF REPORT",335
