C,NEMP.WORLD,DISPATCHSCADA,AEMO,PUBLIC,2019/08/21,23:20:08,0000000311844916,DISPATCHSCADA,0000000311844910
I,DISPATCH,UNIT_SCADA,1,SETTLEMENTDATE,DUID,SCADAVALUE
D,DISPATCH,UNIT_SCADA,1,"2019/08/21 23:25:00",BARCSF1,0.70
D,DISPATCH,UNIT_SCADA,1,"2019/08/21 23:25:00",BUTLERSG,9.599998
D,DISPATCH,UNIT_SCADA,1,"2019/08/21 23:25:00",CALL_A_4,0
D,DISPATCH,UNIT_SCADA,1,"2019/08/21 23:25:00",CAPTL_WF,125.832001
D,DISPATCH,UNIT_SCADA,1,"2019/08/21 23:25:00",CATHROCK,27.229998
D,DISPATCH,UNIT_SCADA,1,"2019/08/21 23:25:00",CHALLHWF,45.50
D,DISPATCH,UNIT_SCADA,1,"2019/08/21 23:25:00",CLOVER,-0.01
D,DISPATCH,UNIT_SCADA,1,"2019/08/21 23:25:00",CLUNY,19.920805
D,DISPATCH,UNIT_SCADA,1,"2019/08/21 23:25:00",CNUNDAWF,41.047882
D,DISPATCH,UNIT_SCADA,1,"2019/08/21 23:25:00",CULLRGWF,30.50
D,DISPATCH,UNIT_SCADA,1,"2019/08/21 23:25:00",ERGT01,0
D,DISPATCH,UNIT_SCADA,1,"2019/08/21 23:25:00",GB01,0.069809
D,DISPATCH,UNIT_SCADA,1,"2019/08/21 23:25:00",GERMCRK,38.599998
D,DISPATCH,UNIT_SCADA,1,"2019/08/21 23:25:00",GRIFSF1,0
D,DISPATCH,UNIT_SCADA,1,"2019/08/21 23:25:00",HUGSF1,-0.2430
D,DISPATCH,UNIT_SCADA,1,"2019/08/21 23:25:00",LKBONNY1,71.268875
D,DISPATCH,UNIT_SCADA,1,"2019/08/21 23:25:00",LRSF1,0.0390
D,DISPATCH,UNIT_SCADA,1,"2019/08/21 23:25:00",MBAHNTH,55.912506
D,DISPATCH,UNIT_SCADA,1,"2019/08/21 23:25:00",MLSP1,0.271001
D,DISPATCH,UNIT_SCADA,1,"2019/08/21 23:25:00",MLWF1,17.700001
D,DISPATCH,UNIT_SCADA,1,"2019/08/21 23:25:00",MTMILLAR,10.157391
D,DISPATCH,UNIT_SCADA,1,"2019/08/21 23:25:00",PALOONA,24.65
D,DISPATCH,UNIT_SCADA,1,"2019/08/21 23:25:00",PIONEER,30.10
D,DISPATCH,UNIT_SCADA,1,"2019/08/21 23:25:00",PORTWF,141.100006
D,DISPATCH,UNIT_SCADA,1,"2019/08/21 23:25:00",REPULSE,29.012283
D,DISPATCH,UNIT_SCADA,1,"2019/08/21 23:25:00",ROWALLAN,10.5293
D,DISPATCH,UNIT_SCADA,1,"2019/08/21 23:25:00",ROYALLA1,0
D,DISPATCH,UNIT_SCADA,1,"2019/08/21 23:25:00",RPCG,11.70
D,DISPATCH,UNIT_SCADA,1,"2019/08/21 23:25:00",RUBICON,0
D,DISPATCH,UNIT_SCADA,1,"2019/08/21 23:25:00",SATGN1,0
D,DISPATCH,UNIT_SCADA,1,"2019/08/21 23:25:00",SATGS1,0
D,DISPATCH,UNIT_SCADA,1,"2019/08/21 23:25:00",STARHLWF,14.095890
D,DISPATCH,UNIT_SCADA,1,"2019/08/21 23:25:00",WAUBRAWF,178.981995
D,DISPATCH,UNIT_SCADA,1,"2019/08/21 23:25:00",WOOLNTH1,21.470016
D,DISPATCH,UNIT_SCADA,1,"2019/08/21 23:25:00",WPWF,18
D,DISPATCH,UNIT_SCADA,1,"2019/08/21 23:25:00",YAMBUKWF,28.60
D,DISPATCH,UNIT_SCADA,1,"2019/08/21 23:25:00",YSWF1,28.60
D,DISPATCH,UNIT_SCADA,1,"2019/08/21 23:25:00",AGLHAL,0
D,DISPATCH,UNIT_SCADA,1,"2019/08/21 23:25:00",AGLSOM,0
D,DISPATCH,UNIT_SCADA,1,"2019/08/21 23:25:00",ANGAST1,0
D,DISPATCH,UNIT_SCADA,1,"2019/08/21 23:25:00",ARWF1,198.50
D,DISPATCH,UNIT_SCADA,1,"2019/08/21 23:25:00",BALBG1,0
D,DISPATCH,UNIT_SCADA,1,"2019/08/21 23:25:00",BALBL1,0
D,DISPATCH,UNIT_SCADA,1,"2019/08/21 23:25:00",BALDHWF1,88.7710
D,DISPATCH,UNIT_SCADA,1,"2019/08/21 23:25:00",BANN1,0
D,DISPATCH,UNIT_SCADA,1,"2019/08/21 23:25:00",BARCALDN,0
D,DISPATCH,UNIT_SCADA,1,"2019/08/21 23:25:00",BARRON-1,0
D,DISPATCH,UNIT_SCADA,1,"2019/08/21 23:25:00",BARRON-2,25.12
D,DISPATCH,UNIT_SCADA,1,"2019/08/21 23:25:00",BASTYAN,78.30
D,DISPATCH,UNIT_SCADA,1,"2019/08/21 23:25:00",BBTHREE1,-1.91
D,DISPATCH,UNIT_SCADA,1,"2019/08/21 23:25:00",BBTHREE2,-1.95
D,DISPATCH,UNIT_SCADA,1,"2019/08/21 23:25:00",BBTHREE3,-1.01
D,DISPATCH,UNIT_SCADA,1,"2019/08/21 23:25:00",BDL01,0
D,DISPATCH,UNIT_SCADA,1,"2019/08/21 23:25:00",BDL02,0
D,DISPATCH,UNIT_SCADA,1,"2019/08/21 23:25:00",BERYLSF1,0
D,DISPATCH,UNIT_SCADA,1,"2019/08/21 23:25:00",BLOWERNG,0
D,DISPATCH,UNIT_SCADA,1,"2019/08/21 23:25:00",BLUFF1,29
D,DISPATCH,UNIT_SCADA,1,"2019/08/21 23:25:00",BNGSF1,0
D,DISPATCH,UNIT_SCADA,1,"2019/08/21 23:25:00",BNGSF2,0
D,DISPATCH,UNIT_SCADA,1,"2019/08/21 23:25:00",BOCORWF1,102.61
D,DISPATCH,UNIT_SCADA,1,"2019/08/21 23:25:00",BODWF1,105.980110
D,DISPATCH,UNIT_SCADA,1,"2019/08/21 23:25:00",BRAEMAR1,0
D,DISPATCH,UNIT_SCADA,1,"2019/08/21 23:25:00",BRAEMAR2,0
D,DISPATCH,UNIT_SCADA,1,"2019/08/21 23:25:00",BRAEMAR3,0
D,DISPATCH,UNIT_SCADA,1,"2019/08/21 23:25:00",BRAEMAR5,0
D,DISPATCH,UNIT_SCADA,1,"2019/08/21 23:25:00",BRAEMAR6,0
D,DISPATCH,UNIT_SCADA,1,"2019/08/21 23:25:00",BRAEMAR7,0
D,DISPATCH,UNIT_SCADA,1,"2019/08/21 23:25:00",BROKENH1,0
D,DISPATCH,UNIT_SCADA,1,"2019/08/21 23:25:00",BW01,528.8999
D,DISPATCH,UNIT_SCADA,1,"2019/08/21 23:25:00",BW02,601.675050
D,DISPATCH,UNIT_SCADA,1,"2019/08/21 23:25:00",BW03,583.3750
D,DISPATCH,UNIT_SCADA,1,"2019/08/21 23:25:00",BW04,0
D,DISPATCH,UNIT_SCADA,1,"2019/08/21 23:25:00",CALL_B_1,349.50
D,DISPATCH,UNIT_SCADA,1,"2019/08/21 23:25:00",CALL_B_2,349.200010
D,DISPATCH,UNIT_SCADA,1,"2019/08/21 23:25:00",CETHANA,100.280130
D,DISPATCH,UNIT_SCADA,1,"2019/08/21 23:25:00",CG1,0
D,DISPATCH,UNIT_SCADA,1,"2019/08/21 23:25:00",CG2,0
D,DISPATCH,UNIT_SCADA,1,"2019/08/21 23:25:00",CG3,0
D,DISPATCH,UNIT_SCADA,1,"2019/08/21 23:25:00",CG4,0
D,DISPATCH,UNIT_SCADA,1,"2019/08/21 23:25:00",CHILDSF1,0.01
D,DISPATCH,UNIT_SCADA,1,"2019/08/21 23:25:00",CLARESF1,0
D,DISPATCH,UNIT_SCADA,1,"2019/08/21 23:25:00",CLEMGPWF,34.288670
D,DISPATCH,UNIT_SCADA,1,"2019/08/21 23:25:00",CLERMSF1,0
D,DISPATCH,UNIT_SCADA,1,"2019/08/21 23:25:00",COLEASF1,0
D,DISPATCH,UNIT_SCADA,1,"2019/08/21 23:25:00",COOPGWF1,32.745480
D,DISPATCH,UNIT_SCADA,1,"2019/08/21 23:25:00",CPP_3,394.899990
D,DISPATCH,UNIT_SCADA,1,"2019/08/21 23:25:00",CPP_4,396.274990
D,DISPATCH,UNIT_SCADA,1,"2019/08/21 23:25:00",CPSA,142.154370
D,DISPATCH,UNIT_SCADA,1,"2019/08/21 23:25:00",CROOKWF2,92.113750
D,DISPATCH,UNIT_SCADA,1,"2019/08/21 23:25:00",CROWLWF1,41.187330
D,DISPATCH,UNIT_SCADA,1,"2019/08/21 23:25:00",CSPVPS1,0.0430
D,DISPATCH,UNIT_SCADA,1,"2019/08/21 23:25:00",DALNTH01,0
D,DISPATCH,UNIT_SCADA,1,"2019/08/21 23:25:00",DALNTHL1,0.111390
D,DISPATCH,UNIT_SCADA,1,"2019/08/21 23:25:00",DARTM1,0
D,DISPATCH,UNIT_SCADA,1,"2019/08/21 23:25:00",DAYDSF1,0
D,DISPATCH,UNIT_SCADA,1,"2019/08/21 23:25:00",DDPS1,8.914630
D,DISPATCH,UNIT_SCADA,1,"2019/08/21 23:25:00",DDSF1,0
D,DISPATCH,UNIT_SCADA,1,"2019/08/21 23:25:00",DEVILS_G,0
D,DISPATCH,UNIT_SCADA,1,"2019/08/21 23:25:00",DG_NSW1,0
D,DISPATCH,UNIT_SCADA,1,"2019/08/21 23:25:00",DG_QLD1,0
D,DISPATCH,UNIT_SCADA,1,"2019/08/21 23:25:00",DG_SA1,0
D,DISPATCH,UNIT_SCADA,1,"2019/08/21 23:25:00",DG_TAS1,0
D,DISPATCH,UNIT_SCADA,1,"2019/08/21 23:25:00",DG_VIC1,0
D,DISPATCH,UNIT_SCADA,1,"2019/08/21 23:25:00",DRYCGT1,0
D,DISPATCH,UNIT_SCADA,1,"2019/08/21 23:25:00",DRYCGT2,0
D,DISPATCH,UNIT_SCADA,1,"2019/08/21 23:25:00",DRYCGT3,0
D,DISPATCH,UNIT_SCADA,1,"2019/08/21 23:25:00",EILDON1,0
D,DISPATCH,UNIT_SCADA,1,"2019/08/21 23:25:00",EILDON2,0
D,DISPATCH,UNIT_SCADA,1,"2019/08/21 23:25:00",EMERASF1,0
D,DISPATCH,UNIT_SCADA,1,"2019/08/21 23:25:00",ER01,459.974980
D,DISPATCH,UNIT_SCADA,1,"2019/08/21 23:25:00",ER02,490.025020
D,DISPATCH,UNIT_SCADA,1,"2019/08/21 23:25:00",ER03,380.099980
D,DISPATCH,UNIT_SCADA,1,"2019/08/21 23:25:00",ER04,491.650020
D,DISPATCH,UNIT_SCADA,1,"2019/08/21 23:25:00",FINLYSF1,0
D,DISPATCH,UNIT_SCADA,1,"2019/08/21 23:25:00",FISHER,45.82
D,DISPATCH,UNIT_SCADA,1,"2019/08/21 23:25:00",GANNBG1,0
D,DISPATCH,UNIT_SCADA,1,"2019/08/21 23:25:00",GANNBL1,0.0340
D,DISPATCH,UNIT_SCADA,1,"2019/08/21 23:25:00",GANNSF1,0
D,DISPATCH,UNIT_SCADA,1,"2019/08/21 23:25:00",GORDON,10.366160
D,DISPATCH,UNIT_SCADA,1,"2019/08/21 23:25:00",GSTONE1,127.2250
D,DISPATCH,UNIT_SCADA,1,"2019/08/21 23:25:00",GSTONE2,137.024990
D,DISPATCH,UNIT_SCADA,1,"2019/08/21 23:25:00",GSTONE3,132.30
D,DISPATCH,UNIT_SCADA,1,"2019/08/21 23:25:00",GSTONE4,133.8750
D,DISPATCH,UNIT_SCADA,1,"2019/08/21 23:25:00",GSTONE5,128.974990
D,DISPATCH,UNIT_SCADA,1,"2019/08/21 23:25:00",GSTONE6,0
D,DISPATCH,UNIT_SCADA,1,"2019/08/21 23:25:00",GULLRSF1,0
D,DISPATCH,UNIT_SCADA,1,"2019/08/21 23:25:00",GULLRWF1,155.929930
D,DISPATCH,UNIT_SCADA,1,"2019/08/21 23:25:00",GUNNING1,46.054080
D,DISPATCH,UNIT_SCADA,1,"2019/08/21 23:25:00",GUTHEGA,0
D,DISPATCH,UNIT_SCADA,1,"2019/08/21 23:25:00",HALLWF1,54.72
D,DISPATCH,UNIT_SCADA,1,"2019/08/21 23:25:00",HALLWF2,56.09
D,DISPATCH,UNIT_SCADA,1,"2019/08/21 23:25:00",HAMISF1,0
D,DISPATCH,UNIT_SCADA,1,"2019/08/21 23:25:00",HAUGHT11,0
D,DISPATCH,UNIT_SCADA,1,"2019/08/21 23:25:00",HAYMSF1,0
D,DISPATCH,UNIT_SCADA,1,"2019/08/21 23:25:00",HDWF1,77.60
D,DISPATCH,UNIT_SCADA,1,"2019/08/21 23:25:00",HDWF2,59
D,DISPATCH,UNIT_SCADA,1,"2019/08/21 23:25:00",HDWF3,68.30
D,DISPATCH,UNIT_SCADA,1,"2019/08/21 23:25:00",HPRG1,0
D,DISPATCH,UNIT_SCADA,1,"2019/08/21 23:25:00",HPRL1,22.70
D,DISPATCH,UNIT_SCADA,1,"2019/08/21 23:25:00",HUMENSW,0
D,DISPATCH,UNIT_SCADA,1,"2019/08/21 23:25:00",HUMEV,9.90
D,DISPATCH,UNIT_SCADA,1,"2019/08/21 23:25:00",HVGTS,0
D,DISPATCH,UNIT_SCADA,1,"2019/08/21 23:25:00",JBUTTERS,130.58
D,DISPATCH,UNIT_SCADA,1,"2019/08/21 23:25:00",JLA01,0.50
D,DISPATCH,UNIT_SCADA,1,"2019/08/21 23:25:00",JLA02,0
D,DISPATCH,UNIT_SCADA,1,"2019/08/21 23:25:00",JLA03,0.10
D,DISPATCH,UNIT_SCADA,1,"2019/08/21 23:25:00",JLA04,0.10
D,DISPATCH,UNIT_SCADA,1,"2019/08/21 23:25:00",JLB01,0
D,DISPATCH,UNIT_SCADA,1,"2019/08/21 23:25:00",JLB02,0.10
D,DISPATCH,UNIT_SCADA,1,"2019/08/21 23:25:00",JLB03,0
D,DISPATCH,UNIT_SCADA,1,"2019/08/21 23:25:00",KAREEYA1,21.5175
D,DISPATCH,UNIT_SCADA,1,"2019/08/21 23:25:00",KAREEYA2,21.6850
D,DISPATCH,UNIT_SCADA,1,"2019/08/21 23:25:00",KAREEYA3,0
D,DISPATCH,UNIT_SCADA,1,"2019/08/21 23:25:00",KAREEYA4,21.74
D,DISPATCH,UNIT_SCADA,1,"2019/08/21 23:25:00",KARSF1,0
D,DISPATCH,UNIT_SCADA,1,"2019/08/21 23:25:00",KIATAWF1,31
D,DISPATCH,UNIT_SCADA,1,"2019/08/21 23:25:00",KPP_1,0
D,DISPATCH,UNIT_SCADA,1,"2019/08/21 23:25:00",KSP1,0
D,DISPATCH,UNIT_SCADA,1,"2019/08/21 23:25:00",LADBROK1,0
D,DISPATCH,UNIT_SCADA,1,"2019/08/21 23:25:00",LADBROK2,0
D,DISPATCH,UNIT_SCADA,1,"2019/08/21 23:25:00",LD01,416.643770
D,DISPATCH,UNIT_SCADA,1,"2019/08/21 23:25:00",LD02,418.425050
D,DISPATCH,UNIT_SCADA,1,"2019/08/21 23:25:00",LD03,418.387480
D,DISPATCH,UNIT_SCADA,1,"2019/08/21 23:25:00",LD04,378.9938
D,DISPATCH,UNIT_SCADA,1,"2019/08/21 23:25:00",LEM_WIL,86.099240
D,DISPATCH,UNIT_SCADA,1,"2019/08/21 23:25:00",LGAPWF1,31.78
D,DISPATCH,UNIT_SCADA,1,"2019/08/21 23:25:00",LILYSF1,0
D,DISPATCH,UNIT_SCADA,1,"2019/08/21 23:25:00",LI_WY_CA,148.871990
D,DISPATCH,UNIT_SCADA,1,"2019/08/21 23:25:00",LKBONNY2,151.696810
D,DISPATCH,UNIT_SCADA,1,"2019/08/21 23:25:00",LKBONNY3,35.279510
D,DISPATCH,UNIT_SCADA,1,"2019/08/21 23:25:00",LK_ECHO,0
D,DISPATCH,UNIT_SCADA,1,"2019/08/21 23:25:00",LNGS1,0
D,DISPATCH,UNIT_SCADA,1,"2019/08/21 23:25:00",LNGS2,0
D,DISPATCH,UNIT_SCADA,1,"2019/08/21 23:25:00",LONSDALE,0
D,DISPATCH,UNIT_SCADA,1,"2019/08/21 23:25:00",LOYYB1,535.336730
D,DISPATCH,UNIT_SCADA,1,"2019/08/21 23:25:00",LOYYB2,579.698730
D,DISPATCH,UNIT_SCADA,1,"2019/08/21 23:25:00",LYA1,559
D,DISPATCH,UNIT_SCADA,1,"2019/08/21 23:25:00",LYA2,0
D,DISPATCH,UNIT_SCADA,1,"2019/08/21 23:25:00",LYA3,559
D,DISPATCH,UNIT_SCADA,1,"2019/08/21 23:25:00",LYA4,530
D,DISPATCH,UNIT_SCADA,1,"2019/08/21 23:25:00",MACARTH1,394.3909
D,DISPATCH,UNIT_SCADA,1,"2019/08/21 23:25:00",MACKAYGT,0
D,DISPATCH,UNIT_SCADA,1,"2019/08/21 23:25:00",MACKNTSH,85.140010
D,DISPATCH,UNIT_SCADA,1,"2019/08/21 23:25:00",MANSLR1,0
D,DISPATCH,UNIT_SCADA,1,"2019/08/21 23:25:00",MCKAY1,0.02
D,DISPATCH,UNIT_SCADA,1,"2019/08/21 23:25:00",MEADOWBK,34.067360
D,DISPATCH,UNIT_SCADA,1,"2019/08/21 23:25:00",MERCER01,123.421010
D,DISPATCH,UNIT_SCADA,1,"2019/08/21 23:25:00",MEWF1,79.1552
D,DISPATCH,UNIT_SCADA,1,"2019/08/21 23:25:00",MINTARO,0
D,DISPATCH,UNIT_SCADA,1,"2019/08/21 23:25:00",MOREESF1,0
D,DISPATCH,UNIT_SCADA,1,"2019/08/21 23:25:00",MORTLK11,0
D,DISPATCH,UNIT_SCADA,1,"2019/08/21 23:25:00",MORTLK12,0
D,DISPATCH,UNIT_SCADA,1,"2019/08/21 23:25:00",MP1,279.974980
D,DISPATCH,UNIT_SCADA,1,"2019/08/21 23:25:00",MP2,0
D,DISPATCH,UNIT_SCADA,1,"2019/08/21 23:25:00",MPP_1,373.50
D,DISPATCH,UNIT_SCADA,1,"2019/08/21 23:25:00",MPP_2,425.50
D,DISPATCH,UNIT_SCADA,1,"2019/08/21 23:25:00",MSTUART1,0
D,DISPATCH,UNIT_SCADA,1,"2019/08/21 23:25:00",MSTUART2,0
D,DISPATCH,UNIT_SCADA,1,"2019/08/21 23:25:00",MSTUART3,0
D,DISPATCH,UNIT_SCADA,1,"2019/08/21 23:25:00",MTGELWF1,63.583790
D,DISPATCH,UNIT_SCADA,1,"2019/08/21 23:25:00",MURRAY,0
D,DISPATCH,UNIT_SCADA,1,"2019/08/21 23:25:00",MUSSELR1,160
D,DISPATCH,UNIT_SCADA,1,"2019/08/21 23:25:00",MUWAWF1,55.29
D,DISPATCH,UNIT_SCADA,1,"2019/08/21 23:25:00",NBHWF1,56.40
D,DISPATCH,UNIT_SCADA,1,"2019/08/21 23:25:00",NPS,0
D,DISPATCH,UNIT_SCADA,1,"2019/08/21 23:25:00",NUMURSF1,0
D,DISPATCH,UNIT_SCADA,1,"2019/08/21 23:25:00",NYNGAN1,0
D,DISPATCH,UNIT_SCADA,1,"2019/08/21 23:25:00",OAKEY1,0
D,DISPATCH,UNIT_SCADA,1,"2019/08/21 23:25:00",OAKEY1SF,0
D,DISPATCH,UNIT_SCADA,1,"2019/08/21 23:25:00",OAKEY2,0
D,DISPATCH,UNIT_SCADA,1,"2019/08/21 23:25:00",OAKLAND1,60.60
D,DISPATCH,UNIT_SCADA,1,"2019/08/21 23:25:00",OSB-AG,0
D,DISPATCH,UNIT_SCADA,1,"2019/08/21 23:25:00",PARSF1,0
D,DISPATCH,UNIT_SCADA,1,"2019/08/21 23:25:00",POAT110,0
D,DISPATCH,UNIT_SCADA,1,"2019/08/21 23:25:00",POAT220,1.47
D,DISPATCH,UNIT_SCADA,1,"2019/08/21 23:25:00",POR01,0
D,DISPATCH,UNIT_SCADA,1,"2019/08/21 23:25:00",POR03,0
D,DISPATCH,UNIT_SCADA,1,"2019/08/21 23:25:00",PPCCGT,354.750490
D,DISPATCH,UNIT_SCADA,1,"2019/08/21 23:25:00",PTSTAN1,0
D,DISPATCH,UNIT_SCADA,1,"2019/08/21 23:25:00",PUMP1,0
D,DISPATCH,UNIT_SCADA,1,"2019/08/21 23:25:00",PUMP2,0
D,DISPATCH,UNIT_SCADA,1,"2019/08/21 23:25:00",QPS1,0
D,DISPATCH,UNIT_SCADA,1,"2019/08/21 23:25:00",QPS2,0
D,DISPATCH,UNIT_SCADA,1,"2019/08/21 23:25:00",QPS3,0
D,DISPATCH,UNIT_SCADA,1,"2019/08/21 23:25:00",QPS4,0
D,DISPATCH,UNIT_SCADA,1,"2019/08/21 23:25:00",QPS5,0
D,DISPATCH,UNIT_SCADA,1,"2019/08/21 23:25:00",REECE1,117.280010
D,DISPATCH,UNIT_SCADA,1,"2019/08/21 23:25:00",REECE2,117.930010
D,DISPATCH,UNIT_SCADA,1,"2019/08/21 23:25:00",ROMA_7,0
D,DISPATCH,UNIT_SCADA,1,"2019/08/21 23:25:00",ROMA_8,0
D,DISPATCH,UNIT_SCADA,1,"2019/08/21 23:25:00",RRSF1,0
D,DISPATCH,UNIT_SCADA,1,"2019/08/21 23:25:00",RT_NSW1,0
D,DISPATCH,UNIT_SCADA,1,"2019/08/21 23:25:00",RT_NSW2,0
D,DISPATCH,UNIT_SCADA,1,"2019/08/21 23:25:00",RT_NSW3,0
D,DISPATCH,UNIT_SCADA,1,"2019/08/21 23:25:00",RT_NSW4,0
D,DISPATCH,UNIT_SCADA,1,"2019/08/21 23:25:00",RT_NSW5,0
D,DISPATCH,UNIT_SCADA,1,"2019/08/21 23:25:00",RT_NSW6,0
D,DISPATCH,UNIT_SCADA,1,"2019/08/21 23:25:00",RT_QLD1,0
D,DISPATCH,UNIT_SCADA,1,"2019/08/21 23:25:00",RT_SA1,0
D,DISPATCH,UNIT_SCADA,1,"2019/08/21 23:25:00",RT_SA2,0
D,DISPATCH,UNIT_SCADA,1,"2019/08/21 23:25:00",RT_SA3,0
D,DISPATCH,UNIT_SCADA,1,"2019/08/21 23:25:00",RT_SA4,0
D,DISPATCH,UNIT_SCADA,1,"2019/08/21 23:25:00",RT_SA5,0
D,DISPATCH,UNIT_SCADA,1,"2019/08/21 23:25:00",RT_SA6,0
D,DISPATCH,UNIT_SCADA,1,"2019/08/21 23:25:00",RT_TAS1,0
D,DISPATCH,UNIT_SCADA,1,"2019/08/21 23:25:00",RT_VIC1,0
D,DISPATCH,UNIT_SCADA,1,"2019/08/21 23:25:00",RT_VIC10,0
D,DISPATCH,UNIT_SCADA,1,"2019/08/21 23:25:00",RT_VIC11,0
D,DISPATCH,UNIT_SCADA,1,"2019/08/21 23:25:00",RT_VIC12,0
D,DISPATCH,UNIT_SCADA,1,"2019/08/21 23:25:00",RT_VIC2,0
D,DISPATCH,UNIT_SCADA,1,"2019/08/21 23:25:00",RT_VIC3,0
D,DISPATCH,UNIT_SCADA,1,"2019/08/21 23:25:00",RT_VIC4,0
D,DISPATCH,UNIT_SCADA,1,"2019/08/21 23:25:00",RT_VIC5,0
D,DISPATCH,UNIT_SCADA,1,"2019/08/21 23:25:00",RT_VIC6,0
D,DISPATCH,UNIT_SCADA,1,"2019/08/21 23:25:00",RT_VIC7,0
D,DISPATCH,UNIT_SCADA,1,"2019/08/21 23:25:00",RT_VIC8,0
D,DISPATCH,UNIT_SCADA,1,"2019/08/21 23:25:00",RT_VIC9,0
D,DISPATCH,UNIT_SCADA,1,"2019/08/21 23:25:00",RUGBYR1,0
D,DISPATCH,UNIT_SCADA,1,"2019/08/21 23:25:00",SALTCRK1,52.40
D,DISPATCH,UNIT_SCADA,1,"2019/08/21 23:25:00",SAPHWF1,230.821840
D,DISPATCH,UNIT_SCADA,1,"2019/08/21 23:25:00",SHGEN,0
D,DISPATCH,UNIT_SCADA,1,"2019/08/21 23:25:00",SHPUMP,80.15
D,DISPATCH,UNIT_SCADA,1,"2019/08/21 23:25:00",SITHE01,0.123710
D,DISPATCH,UNIT_SCADA,1,"2019/08/21 23:25:00",SMCSF1,0
D,DISPATCH,UNIT_SCADA,1,"2019/08/21 23:25:00",SNOWNTH1,132.600010
D,DISPATCH,UNIT_SCADA,1,"2019/08/21 23:25:00",SNOWSTH1,92.899990
D,DISPATCH,UNIT_SCADA,1,"2019/08/21 23:25:00",SNOWTWN1,81.919750
D,DISPATCH,UNIT_SCADA,1,"2019/08/21 23:25:00",SNOWYP,0
D,DISPATCH,UNIT_SCADA,1,"2019/08/21 23:25:00",SNUG1,0.019440
D,DISPATCH,UNIT_SCADA,1,"2019/08/21 23:25:00",SRSF1,0.44
D,DISPATCH,UNIT_SCADA,1,"2019/08/21 23:25:00",STAN-1,0
D,DISPATCH,UNIT_SCADA,1,"2019/08/21 23:25:00",STAN-2,278.543610
D,DISPATCH,UNIT_SCADA,1,"2019/08/21 23:25:00",STAN-3,280.671360
D,DISPATCH,UNIT_SCADA,1,"2019/08/21 23:25:00",STAN-4,282.337680
D,DISPATCH,UNIT_SCADA,1,"2019/08/21 23:25:00",STWF1,172.091260
D,DISPATCH,UNIT_SCADA,1,"2019/08/21 23:25:00",SWAN_E,0
D,DISPATCH,UNIT_SCADA,1,"2019/08/21 23:25:00",TALWA1,190
D,DISPATCH,UNIT_SCADA,1,"2019/08/21 23:25:00",TARALGA1,97.503750
D,DISPATCH,UNIT_SCADA,1,"2019/08/21 23:25:00",TARONG#1,276.800020
D,DISPATCH,UNIT_SCADA,1,"2019/08/21 23:25:00",TARONG#2,278.50
D,DISPATCH,UNIT_SCADA,1,"2019/08/21 23:25:00",TARONG#3,261.300020
D,DISPATCH,UNIT_SCADA,1,"2019/08/21 23:25:00",TARONG#4,280.300020
D,DISPATCH,UNIT_SCADA,1,"2019/08/21 23:25:00",TARRALEA,83.90
D,DISPATCH,UNIT_SCADA,1,"2019/08/21 23:25:00",TBSF1,-0.20
D,DISPATCH,UNIT_SCADA,1,"2019/08/21 23:25:00",TNPS1,442.000030
D,DISPATCH,UNIT_SCADA,1,"2019/08/21 23:25:00",TORRA1,36.609640
D,DISPATCH,UNIT_SCADA,1,"2019/08/21 23:25:00",TORRA2,0
D,DISPATCH,UNIT_SCADA,1,"2019/08/21 23:25:00",TORRA3,0
D,DISPATCH,UNIT_SCADA,1,"2019/08/21 23:25:00",TORRA4,0
D,DISPATCH,UNIT_SCADA,1,"2019/08/21 23:25:00",TORRB1,39.08
D,DISPATCH,UNIT_SCADA,1,"2019/08/21 23:25:00",TORRB2,39.14
D,DISPATCH,UNIT_SCADA,1,"2019/08/21 23:25:00",TORRB3,0
D,DISPATCH,UNIT_SCADA,1,"2019/08/21 23:25:00",TORRB4,0
D,DISPATCH,UNIT_SCADA,1,"2019/08/21 23:25:00",TREVALLN,17.80
D,DISPATCH,UNIT_SCADA,1,"2019/08/21 23:25:00",TRIBUTE,83.509990
D,DISPATCH,UNIT_SCADA,1,"2019/08/21 23:25:00",TUMUT3,0
D,DISPATCH,UNIT_SCADA,1,"2019/08/21 23:25:00",TUNGATIN,121.340030
D,DISPATCH,UNIT_SCADA,1,"2019/08/21 23:25:00",TVCC201,0
D,DISPATCH,UNIT_SCADA,1,"2019/08/21 23:25:00",TVPP104,0
D,DISPATCH,UNIT_SCADA,1,"2019/08/21 23:25:00",UPPTUMUT,0
D,DISPATCH,UNIT_SCADA,1,"2019/08/21 23:25:00",URANQ11,0
D,DISPATCH,UNIT_SCADA,1,"2019/08/21 23:25:00",URANQ12,0
D,DISPATCH,UNIT_SCADA,1,"2019/08/21 23:25:00",URANQ13,0
D,DISPATCH,UNIT_SCADA,1,"2019/08/21 23:25:00",URANQ14,0
D,DISPATCH,UNIT_SCADA,1,"2019/08/21 23:25:00",VP5,393.575010
D,DISPATCH,UNIT_SCADA,1,"2019/08/21 23:25:00",VP6,396
D,DISPATCH,UNIT_SCADA,1,"2019/08/21 23:25:00",VPGS1,0
D,DISPATCH,UNIT_SCADA,1,"2019/08/21 23:25:00",VPGS2,0
D,DISPATCH,UNIT_SCADA,1,"2019/08/21 23:25:00",VPGS3,0
D,DISPATCH,UNIT_SCADA,1,"2019/08/21 23:25:00",VPGS4,0
D,DISPATCH,UNIT_SCADA,1,"2019/08/21 23:25:00",VPGS5,0
D,DISPATCH,UNIT_SCADA,1,"2019/08/21 23:25:00",VPGS6,0
D,DISPATCH,UNIT_SCADA,1,"2019/08/21 23:25:00",W/HOE#1,0
D,DISPATCH,UNIT_SCADA,1,"2019/08/21 23:25:00",W/HOE#2,0
D,DISPATCH,UNIT_SCADA,1,"2019/08/21 23:25:00",WATERLWF,89.80
D,DISPATCH,UNIT_SCADA,1,"2019/08/21 23:25:00",WEMENSF1,0
D,DISPATCH,UNIT_SCADA,1,"2019/08/21 23:25:00",WGWF1,65.70
D,DISPATCH,UNIT_SCADA,1,"2019/08/21 23:25:00",WHITSF1,0
D,DISPATCH,UNIT_SCADA,1,"2019/08/21 23:25:00",WKIEWA1,0
D,DISPATCH,UNIT_SCADA,1,"2019/08/21 23:25:00",WKIEWA2,29.10
D,DISPATCH,UNIT_SCADA,1,"2019/08/21 23:25:00",WOODLWN1,44.981990
D,DISPATCH,UNIT_SCADA,1,"2019/08/21 23:25:00",WRSF1,0
D,DISPATCH,UNIT_SCADA,1,"2019/08/21 23:25:00",WRWF1,150.867510
D,DISPATCH,UNIT_SCADA,1,"2019/08/21 23:25:00",YABULU,0
D,DISPATCH,UNIT_SCADA,1,"2019/08/21 23:25:00",YABULU2,0
D,DISPATCH,UNIT_SCADA,1,"2019/08/21 23:25:00",YARWUN_1,40.12
D,DISPATCH,UNIT_SCADA,1,"2019/08/21 23:25:00",YENDWF1,42.31
D,DISPATCH,UNIT_SCADA,1,"2019/08/21 23:25:00",YWPS1,375.939240
D,DISPATCH,UNIT_SCADA,1,"2019/08/21 23:25:00",YWPS2,278.944310
D,DISPATCH,UNIT_SCADA,1,"2019/08/21 23:25:00",YWPS3,0
D,DISPATCH,UNIT_SCADA,1,"2019/08/21 23:25:00",YWPS4,396.084810
C,"END OF REPORT",334
