C,NEMP.WORLD,DISPATCHSCADA,AEMO,PUBLIC,2019/09/06,11:00:09,0000000312458745,DISPATCHSCADA,0000000312458739
I,DISPATCH,UNIT_SCADA,1,SETTLEMENTDATE,DUID,SCADAVALUE
D,DISPATCH,UNIT_SCADA,1,"2019/09/06 11:05:00",BARCSF1,8.900001
D,DISPATCH,UNIT_SCADA,1,"2019/09/06 11:05:00",BUTLERSG,10.199999
D,DISPATCH,UNIT_SCADA,1,"2019/09/06 11:05:00",CALL_A_4,0
D,DISPATCH,UNIT_SCADA,1,"2019/09/06 11:05:00",CAPTL_WF,120.919998
D,DISPATCH,UNIT_SCADA,1,"2019/09/06 11:05:00",CATHROCK,0
D,DISPATCH,UNIT_SCADA,1,"2019/09/06 11:05:00",CHALLHWF,20.200001
D,DISPATCH,UNIT_SCADA,1,"2019/09/06 11:05:00",CLOVER,0
D,DISPATCH,UNIT_SCADA,1,"2019/09/06 11:05:00",CLUNY,18.477913
D,DISPATCH,UNIT_SCADA,1,"2019/09/06 11:05:00",CNUNDAWF,5.606541
D,DISPATCH,UNIT_SCADA,1,"2019/09/06 11:05:00",CULLRGWF,28.120001
D,DISPATCH,UNIT_SCADA,1,"2019/09/06 11:05:00",ERGT01,0
D,DISPATCH,UNIT_SCADA,1,"2019/09/06 11:05:00",GB01,0.0070
D,DISPATCH,UNIT_SCADA,1,"2019/09/06 11:05:00",GERMCRK,32.599998
D,DISPATCH,UNIT_SCADA,1,"2019/09/06 11:05:00",GRIFSF1,9.599998
D,DISPATCH,UNIT_SCADA,1,"2019/09/06 11:05:00",HUGSF1,9.04
D,DISPATCH,UNIT_SCADA,1,"2019/09/06 11:05:00",LKBONNY1,26.703499
D,DISPATCH,UNIT_SCADA,1,"2019/09/06 11:05:00",LRSF1,10.040001
D,DISPATCH,UNIT_SCADA,1,"2019/09/06 11:05:00",MBAHNTH,50.568756
D,DISPATCH,UNIT_SCADA,1,"2019/09/06 11:05:00",MLSP1,7.847001
D,DISPATCH,UNIT_SCADA,1,"2019/09/06 11:05:00",MLWF1,10.9350
D,DISPATCH,UNIT_SCADA,1,"2019/09/06 11:05:00",MTMILLAR,53.763474
D,DISPATCH,UNIT_SCADA,1,"2019/09/06 11:05:00",PALOONA,25.369999
D,DISPATCH,UNIT_SCADA,1,"2019/09/06 11:05:00",PIONEER,48.100002
D,DISPATCH,UNIT_SCADA,1,"2019/09/06 11:05:00",PORTWF,43.299999
D,DISPATCH,UNIT_SCADA,1,"2019/09/06 11:05:00",REPULSE,32.498665
D,DISPATCH,UNIT_SCADA,1,"2019/09/06 11:05:00",ROWALLAN,10.2240
D,DISPATCH,UNIT_SCADA,1,"2019/09/06 11:05:00",ROYALLA1,7.360001
D,DISPATCH,UNIT_SCADA,1,"2019/09/06 11:05:00",RPCG,3.60
D,DISPATCH,UNIT_SCADA,1,"2019/09/06 11:05:00",RUBICON,0
D,DISPATCH,UNIT_SCADA,1,"2019/09/06 11:05:00",SATGN1,0
D,DISPATCH,UNIT_SCADA,1,"2019/09/06 11:05:00",SATGS1,0
D,DISPATCH,UNIT_SCADA,1,"2019/09/06 11:05:00",STARHLWF,24.292915
D,DISPATCH,UNIT_SCADA,1,"2019/09/06 11:05:00",WAUBRAWF,82.544998
D,DISPATCH,UNIT_SCADA,1,"2019/09/06 11:05:00",WOOLNTH1,6.990016
D,DISPATCH,UNIT_SCADA,1,"2019/09/06 11:05:00",WPWF,75
D,DISPATCH,UNIT_SCADA,1,"2019/09/06 11:05:00",YAMBUKWF,6.90
D,DISPATCH,UNIT_SCADA,1,"2019/09/06 11:05:00",YSWF1,20.700001
D,DISPATCH,UNIT_SCADA,1,"2019/09/06 11:05:00",AGLHAL,0
D,DISPATCH,UNIT_SCADA,1,"2019/09/06 11:05:00",AGLSOM,0
D,DISPATCH,UNIT_SCADA,1,"2019/09/06 11:05:00",ANGAST1,0
D,DISPATCH,UNIT_SCADA,1,"2019/09/06 11:05:00",ARWF1,89.30
D,DISPATCH,UNIT_SCADA,1,"2019/09/06 11:05:00",BALBG1,0
D,DISPATCH,UNIT_SCADA,1,"2019/09/06 11:05:00",BALBL1,0
D,DISPATCH,UNIT_SCADA,1,"2019/09/06 11:05:00",BALDHWF1,47.2840
D,DISPATCH,UNIT_SCADA,1,"2019/09/06 11:05:00",BANN1,38.75
D,DISPATCH,UNIT_SCADA,1,"2019/09/06 11:05:00",BARCALDN,0
D,DISPATCH,UNIT_SCADA,1,"2019/09/06 11:05:00",BARRON-1,0
D,DISPATCH,UNIT_SCADA,1,"2019/09/06 11:05:00",BARRON-2,0
D,DISPATCH,UNIT_SCADA,1,"2019/09/06 11:05:00",BASTYAN,80.900010
D,DISPATCH,UNIT_SCADA,1,"2019/09/06 11:05:00",BBTHREE1,0
D,DISPATCH,UNIT_SCADA,1,"2019/09/06 11:05:00",BBTHREE2,0
D,DISPATCH,UNIT_SCADA,1,"2019/09/06 11:05:00",BBTHREE3,0
D,DISPATCH,UNIT_SCADA,1,"2019/09/06 11:05:00",BDL01,0
D,DISPATCH,UNIT_SCADA,1,"2019/09/06 11:05:00",BDL02,0
D,DISPATCH,UNIT_SCADA,1,"2019/09/06 11:05:00",BERYLSF1,75.010310
D,DISPATCH,UNIT_SCADA,1,"2019/09/06 11:05:00",BLOWERNG,15.30
D,DISPATCH,UNIT_SCADA,1,"2019/09/06 11:05:00",BLUFF1,52.70
D,DISPATCH,UNIT_SCADA,1,"2019/09/06 11:05:00",BNGSF1,20.36
D,DISPATCH,UNIT_SCADA,1,"2019/09/06 11:05:00",BNGSF2,6.47
D,DISPATCH,UNIT_SCADA,1,"2019/09/06 11:05:00",BOCORWF1,49.10
D,DISPATCH,UNIT_SCADA,1,"2019/09/06 11:05:00",BODWF1,108.462230
D,DISPATCH,UNIT_SCADA,1,"2019/09/06 11:05:00",BRAEMAR1,0
D,DISPATCH,UNIT_SCADA,1,"2019/09/06 11:05:00",BRAEMAR2,0
D,DISPATCH,UNIT_SCADA,1,"2019/09/06 11:05:00",BRAEMAR3,0
D,DISPATCH,UNIT_SCADA,1,"2019/09/06 11:05:00",BRAEMAR5,0
D,DISPATCH,UNIT_SCADA,1,"2019/09/06 11:05:00",BRAEMAR6,0
D,DISPATCH,UNIT_SCADA,1,"2019/09/06 11:05:00",BRAEMAR7,0
D,DISPATCH,UNIT_SCADA,1,"2019/09/06 11:05:00",BROKENH1,52.938960
D,DISPATCH,UNIT_SCADA,1,"2019/09/06 11:05:00",BW01,531.949950
D,DISPATCH,UNIT_SCADA,1,"2019/09/06 11:05:00",BW02,570.324950
D,DISPATCH,UNIT_SCADA,1,"2019/09/06 11:05:00",BW03,627.3501
D,DISPATCH,UNIT_SCADA,1,"2019/09/06 11:05:00",BW04,0
D,DISPATCH,UNIT_SCADA,1,"2019/09/06 11:05:00",CALL_B_1,284.50
D,DISPATCH,UNIT_SCADA,1,"2019/09/06 11:05:00",CALL_B_2,284.50
D,DISPATCH,UNIT_SCADA,1,"2019/09/06 11:05:00",CETHANA,96.9870
D,DISPATCH,UNIT_SCADA,1,"2019/09/06 11:05:00",CG1,0
D,DISPATCH,UNIT_SCADA,1,"2019/09/06 11:05:00",CG2,0
D,DISPATCH,UNIT_SCADA,1,"2019/09/06 11:05:00",CG3,0
D,DISPATCH,UNIT_SCADA,1,"2019/09/06 11:05:00",CG4,0
D,DISPATCH,UNIT_SCADA,1,"2019/09/06 11:05:00",CHILDSF1,53.49
D,DISPATCH,UNIT_SCADA,1,"2019/09/06 11:05:00",CLARESF1,43.747330
D,DISPATCH,UNIT_SCADA,1,"2019/09/06 11:05:00",CLEMGPWF,52.153350
D,DISPATCH,UNIT_SCADA,1,"2019/09/06 11:05:00",CLERMSF1,14.72
D,DISPATCH,UNIT_SCADA,1,"2019/09/06 11:05:00",COLEASF1,33.30
D,DISPATCH,UNIT_SCADA,1,"2019/09/06 11:05:00",COOPGWF1,32.361840
D,DISPATCH,UNIT_SCADA,1,"2019/09/06 11:05:00",CPP_3,200.475010
D,DISPATCH,UNIT_SCADA,1,"2019/09/06 11:05:00",CPP_4,243.100010
D,DISPATCH,UNIT_SCADA,1,"2019/09/06 11:05:00",CPSA,74.643750
D,DISPATCH,UNIT_SCADA,1,"2019/09/06 11:05:00",CROOKWF2,82.763750
D,DISPATCH,UNIT_SCADA,1,"2019/09/06 11:05:00",CROWLWF1,38.3959
D,DISPATCH,UNIT_SCADA,1,"2019/09/06 11:05:00",CSPVPS1,31.9840
D,DISPATCH,UNIT_SCADA,1,"2019/09/06 11:05:00",DALNTH01,0
D,DISPATCH,UNIT_SCADA,1,"2019/09/06 11:05:00",DALNTHL1,0.910960
D,DISPATCH,UNIT_SCADA,1,"2019/09/06 11:05:00",DARTM1,0
D,DISPATCH,UNIT_SCADA,1,"2019/09/06 11:05:00",DAYDSF1,115.490010
D,DISPATCH,UNIT_SCADA,1,"2019/09/06 11:05:00",DDPS1,0
D,DISPATCH,UNIT_SCADA,1,"2019/09/06 11:05:00",DDSF1,106.663930
D,DISPATCH,UNIT_SCADA,1,"2019/09/06 11:05:00",DEVILS_G,0
D,DISPATCH,UNIT_SCADA,1,"2019/09/06 11:05:00",DG_NSW1,0
D,DISPATCH,UNIT_SCADA,1,"2019/09/06 11:05:00",DG_QLD1,0
D,DISPATCH,UNIT_SCADA,1,"2019/09/06 11:05:00",DG_SA1,0
D,DISPATCH,UNIT_SCADA,1,"2019/09/06 11:05:00",DG_TAS1,0
D,DISPATCH,UNIT_SCADA,1,"2019/09/06 11:05:00",DG_VIC1,0
D,DISPATCH,UNIT_SCADA,1,"2019/09/06 11:05:00",DRYCGT1,0
D,DISPATCH,UNIT_SCADA,1,"2019/09/06 11:05:00",DRYCGT2,0
D,DISPATCH,UNIT_SCADA,1,"2019/09/06 11:05:00",DRYCGT3,0
D,DISPATCH,UNIT_SCADA,1,"2019/09/06 11:05:00",EILDON1,0
D,DISPATCH,UNIT_SCADA,1,"2019/09/06 11:05:00",EILDON2,0
D,DISPATCH,UNIT_SCADA,1,"2019/09/06 11:05:00",EMERASF1,68.16
D,DISPATCH,UNIT_SCADA,1,"2019/09/06 11:05:00",ER01,479.675050
D,DISPATCH,UNIT_SCADA,1,"2019/09/06 11:05:00",ER02,583.324950
D,DISPATCH,UNIT_SCADA,1,"2019/09/06 11:05:00",ER03,0
D,DISPATCH,UNIT_SCADA,1,"2019/09/06 11:05:00",ER04,581.700070
D,DISPATCH,UNIT_SCADA,1,"2019/09/06 11:05:00",FINLYSF1,0.837490
D,DISPATCH,UNIT_SCADA,1,"2019/09/06 11:05:00",FISHER,45.91
D,DISPATCH,UNIT_SCADA,1,"2019/09/06 11:05:00",GANNBG1,12.988950
D,DISPATCH,UNIT_SCADA,1,"2019/09/06 11:05:00",GANNBL1,0
D,DISPATCH,UNIT_SCADA,1,"2019/09/06 11:05:00",GANNSF1,30.20
D,DISPATCH,UNIT_SCADA,1,"2019/09/06 11:05:00",GORDON,20.441680
D,DISPATCH,UNIT_SCADA,1,"2019/09/06 11:05:00",GSTONE1,141.5750
D,DISPATCH,UNIT_SCADA,1,"2019/09/06 11:05:00",GSTONE2,109.7250
D,DISPATCH,UNIT_SCADA,1,"2019/09/06 11:05:00",GSTONE3,0
D,DISPATCH,UNIT_SCADA,1,"2019/09/06 11:05:00",GSTONE4,143.3250
D,DISPATCH,UNIT_SCADA,1,"2019/09/06 11:05:00",GSTONE5,142.6250
D,DISPATCH,UNIT_SCADA,1,"2019/09/06 11:05:00",GSTONE6,144.024990
D,DISPATCH,UNIT_SCADA,1,"2019/09/06 11:05:00",GULLRSF1,9.676510
D,DISPATCH,UNIT_SCADA,1,"2019/09/06 11:05:00",GULLRWF1,140.140350
D,DISPATCH,UNIT_SCADA,1,"2019/09/06 11:05:00",GUNNING1,43.842680
D,DISPATCH,UNIT_SCADA,1,"2019/09/06 11:05:00",GUTHEGA,0
D,DISPATCH,UNIT_SCADA,1,"2019/09/06 11:05:00",HALLWF1,-0.48
D,DISPATCH,UNIT_SCADA,1,"2019/09/06 11:05:00",HALLWF2,-0.33
D,DISPATCH,UNIT_SCADA,1,"2019/09/06 11:05:00",HAMISF1,46.40
D,DISPATCH,UNIT_SCADA,1,"2019/09/06 11:05:00",HAUGHT11,91.693050
D,DISPATCH,UNIT_SCADA,1,"2019/09/06 11:05:00",HAYMSF1,41.1940
D,DISPATCH,UNIT_SCADA,1,"2019/09/06 11:05:00",HDWF1,94.90
D,DISPATCH,UNIT_SCADA,1,"2019/09/06 11:05:00",HDWF2,94.70
D,DISPATCH,UNIT_SCADA,1,"2019/09/06 11:05:00",HDWF3,101.70
D,DISPATCH,UNIT_SCADA,1,"2019/09/06 11:05:00",HPRG1,29.70
D,DISPATCH,UNIT_SCADA,1,"2019/09/06 11:05:00",HPRL1,0
D,DISPATCH,UNIT_SCADA,1,"2019/09/06 11:05:00",HUMENSW,0
D,DISPATCH,UNIT_SCADA,1,"2019/09/06 11:05:00",HUMEV,24.20
D,DISPATCH,UNIT_SCADA,1,"2019/09/06 11:05:00",HVGTS,0
D,DISPATCH,UNIT_SCADA,1,"2019/09/06 11:05:00",JBUTTERS,115.34
D,DISPATCH,UNIT_SCADA,1,"2019/09/06 11:05:00",JLA01,0.10
D,DISPATCH,UNIT_SCADA,1,"2019/09/06 11:05:00",JLA02,0
D,DISPATCH,UNIT_SCADA,1,"2019/09/06 11:05:00",JLA03,0
D,DISPATCH,UNIT_SCADA,1,"2019/09/06 11:05:00",JLA04,0
D,DISPATCH,UNIT_SCADA,1,"2019/09/06 11:05:00",JLB01,0
D,DISPATCH,UNIT_SCADA,1,"2019/09/06 11:05:00",JLB02,0.10
D,DISPATCH,UNIT_SCADA,1,"2019/09/06 11:05:00",JLB03,0
D,DISPATCH,UNIT_SCADA,1,"2019/09/06 11:05:00",KAREEYA1,21.5625
D,DISPATCH,UNIT_SCADA,1,"2019/09/06 11:05:00",KAREEYA2,21.7475
D,DISPATCH,UNIT_SCADA,1,"2019/09/06 11:05:00",KAREEYA3,0
D,DISPATCH,UNIT_SCADA,1,"2019/09/06 11:05:00",KAREEYA4,21.5675
D,DISPATCH,UNIT_SCADA,1,"2019/09/06 11:05:00",KARSF1,35.30
D,DISPATCH,UNIT_SCADA,1,"2019/09/06 11:05:00",KIATAWF1,30.80
D,DISPATCH,UNIT_SCADA,1,"2019/09/06 11:05:00",KPP_1,0
D,DISPATCH,UNIT_SCADA,1,"2019/09/06 11:05:00",KSP1,46.61
D,DISPATCH,UNIT_SCADA,1,"2019/09/06 11:05:00",LADBROK1,0
D,DISPATCH,UNIT_SCADA,1,"2019/09/06 11:05:00",LADBROK2,0
D,DISPATCH,UNIT_SCADA,1,"2019/09/06 11:05:00",LD01,381.5625
D,DISPATCH,UNIT_SCADA,1,"2019/09/06 11:05:00",LD02,380.456270
D,DISPATCH,UNIT_SCADA,1,"2019/09/06 11:05:00",LD03,379.537540
D,DISPATCH,UNIT_SCADA,1,"2019/09/06 11:05:00",LD04,377.774960
D,DISPATCH,UNIT_SCADA,1,"2019/09/06 11:05:00",LEM_WIL,84.932450
D,DISPATCH,UNIT_SCADA,1,"2019/09/06 11:05:00",LGAPWF1,34.44
D,DISPATCH,UNIT_SCADA,1,"2019/09/06 11:05:00",LILYSF1,0
D,DISPATCH,UNIT_SCADA,1,"2019/09/06 11:05:00",LI_WY_CA,158.283770
D,DISPATCH,UNIT_SCADA,1,"2019/09/06 11:05:00",LKBONNY2,34.5006
D,DISPATCH,UNIT_SCADA,1,"2019/09/06 11:05:00",LKBONNY3,14.4579
D,DISPATCH,UNIT_SCADA,1,"2019/09/06 11:05:00",LK_ECHO,0
D,DISPATCH,UNIT_SCADA,1,"2019/09/06 11:05:00",LNGS1,0
D,DISPATCH,UNIT_SCADA,1,"2019/09/06 11:05:00",LNGS2,0
D,DISPATCH,UNIT_SCADA,1,"2019/09/06 11:05:00",LONSDALE,0
D,DISPATCH,UNIT_SCADA,1,"2019/09/06 11:05:00",LOYYB1,537.968380
D,DISPATCH,UNIT_SCADA,1,"2019/09/06 11:05:00",LOYYB2,583.834170
D,DISPATCH,UNIT_SCADA,1,"2019/09/06 11:05:00",LYA1,0
D,DISPATCH,UNIT_SCADA,1,"2019/09/06 11:05:00",LYA2,0
D,DISPATCH,UNIT_SCADA,1,"2019/09/06 11:05:00",LYA3,557
D,DISPATCH,UNIT_SCADA,1,"2019/09/06 11:05:00",LYA4,540
D,DISPATCH,UNIT_SCADA,1,"2019/09/06 11:05:00",MACARTH1,119.897230
D,DISPATCH,UNIT_SCADA,1,"2019/09/06 11:05:00",MACKAYGT,0.2240
D,DISPATCH,UNIT_SCADA,1,"2019/09/06 11:05:00",MACKNTSH,88.500010
D,DISPATCH,UNIT_SCADA,1,"2019/09/06 11:05:00",MANSLR1,23.5420
D,DISPATCH,UNIT_SCADA,1,"2019/09/06 11:05:00",MCKAY1,-0.0350
D,DISPATCH,UNIT_SCADA,1,"2019/09/06 11:05:00",MEADOWBK,34.181680
D,DISPATCH,UNIT_SCADA,1,"2019/09/06 11:05:00",MERCER01,101.2590
D,DISPATCH,UNIT_SCADA,1,"2019/09/06 11:05:00",MEWF1,34.101250
D,DISPATCH,UNIT_SCADA,1,"2019/09/06 11:05:00",MINTARO,0
D,DISPATCH,UNIT_SCADA,1,"2019/09/06 11:05:00",MOREESF1,49.9020
D,DISPATCH,UNIT_SCADA,1,"2019/09/06 11:05:00",MORTLK11,123
D,DISPATCH,UNIT_SCADA,1,"2019/09/06 11:05:00",MORTLK12,0
D,DISPATCH,UNIT_SCADA,1,"2019/09/06 11:05:00",MP1,164.8750
D,DISPATCH,UNIT_SCADA,1,"2019/09/06 11:05:00",MP2,0
D,DISPATCH,UNIT_SCADA,1,"2019/09/06 11:05:00",MPP_1,387.50
D,DISPATCH,UNIT_SCADA,1,"2019/09/06 11:05:00",MPP_2,340.50
D,DISPATCH,UNIT_SCADA,1,"2019/09/06 11:05:00",MSTUART1,0
D,DISPATCH,UNIT_SCADA,1,"2019/09/06 11:05:00",MSTUART2,0
D,DISPATCH,UNIT_SCADA,1,"2019/09/06 11:05:00",MSTUART3,0
D,DISPATCH,UNIT_SCADA,1,"2019/09/06 11:05:00",MTGELWF1,39.378030
D,DISPATCH,UNIT_SCADA,1,"2019/09/06 11:05:00",MURRAY,0
D,DISPATCH,UNIT_SCADA,1,"2019/09/06 11:05:00",MUSSELR1,162.600010
D,DISPATCH,UNIT_SCADA,1,"2019/09/06 11:05:00",MUWAWF1,44.87
D,DISPATCH,UNIT_SCADA,1,"2019/09/06 11:05:00",NBHWF1,119.80
D,DISPATCH,UNIT_SCADA,1,"2019/09/06 11:05:00",NPS,0
D,DISPATCH,UNIT_SCADA,1,"2019/09/06 11:05:00",NUMURSF1,38.79
D,DISPATCH,UNIT_SCADA,1,"2019/09/06 11:05:00",NYNGAN1,46
D,DISPATCH,UNIT_SCADA,1,"2019/09/06 11:05:00",OAKEY1,0
D,DISPATCH,UNIT_SCADA,1,"2019/09/06 11:05:00",OAKEY1SF,22.4840
D,DISPATCH,UNIT_SCADA,1,"2019/09/06 11:05:00",OAKEY2,0
D,DISPATCH,UNIT_SCADA,1,"2019/09/06 11:05:00",OAKEY2SF,0
D,DISPATCH,UNIT_SCADA,1,"2019/09/06 11:05:00",OAKLAND1,21.90
D,DISPATCH,UNIT_SCADA,1,"2019/09/06 11:05:00",OSB-AG,0
D,DISPATCH,UNIT_SCADA,1,"2019/09/06 11:05:00",PARSF1,21.70
D,DISPATCH,UNIT_SCADA,1,"2019/09/06 11:05:00",POAT110,0
D,DISPATCH,UNIT_SCADA,1,"2019/09/06 11:05:00",POAT220,1.02
D,DISPATCH,UNIT_SCADA,1,"2019/09/06 11:05:00",POR01,0
D,DISPATCH,UNIT_SCADA,1,"2019/09/06 11:05:00",POR03,0
D,DISPATCH,UNIT_SCADA,1,"2019/09/06 11:05:00",PPCCGT,0
D,DISPATCH,UNIT_SCADA,1,"2019/09/06 11:05:00",PTSTAN1,0
D,DISPATCH,UNIT_SCADA,1,"2019/09/06 11:05:00",PUMP1,0
D,DISPATCH,UNIT_SCADA,1,"2019/09/06 11:05:00",PUMP2,0
D,DISPATCH,UNIT_SCADA,1,"2019/09/06 11:05:00",QPS1,0
D,DISPATCH,UNIT_SCADA,1,"2019/09/06 11:05:00",QPS2,0
D,DISPATCH,UNIT_SCADA,1,"2019/09/06 11:05:00",QPS3,0
D,DISPATCH,UNIT_SCADA,1,"2019/09/06 11:05:00",QPS4,0
D,DISPATCH,UNIT_SCADA,1,"2019/09/06 11:05:00",QPS5,0
D,DISPATCH,UNIT_SCADA,1,"2019/09/06 11:05:00",REECE1,101.550010
D,DISPATCH,UNIT_SCADA,1,"2019/09/06 11:05:00",REECE2,112.040010
D,DISPATCH,UNIT_SCADA,1,"2019/09/06 11:05:00",ROMA_7,0
D,DISPATCH,UNIT_SCADA,1,"2019/09/06 11:05:00",ROMA_8,0
D,DISPATCH,UNIT_SCADA,1,"2019/09/06 11:05:00",RRSF1,108.030720
D,DISPATCH,UNIT_SCADA,1,"2019/09/06 11:05:00",RT_NSW1,0
D,DISPATCH,UNIT_SCADA,1,"2019/09/06 11:05:00",RT_NSW2,0
D,DISPATCH,UNIT_SCADA,1,"2019/09/06 11:05:00",RT_NSW3,0
D,DISPATCH,UNIT_SCADA,1,"2019/09/06 11:05:00",RT_NSW4,0
D,DISPATCH,UNIT_SCADA,1,"2019/09/06 11:05:00",RT_NSW5,0
D,DISPATCH,UNIT_SCADA,1,"2019/09/06 11:05:00",RT_NSW6,0
D,DISPATCH,UNIT_SCADA,1,"2019/09/06 11:05:00",RT_QLD1,0
D,DISPATCH,UNIT_SCADA,1,"2019/09/06 11:05:00",RT_SA1,0
D,DISPATCH,UNIT_SCADA,1,"2019/09/06 11:05:00",RT_SA2,0
D,DISPATCH,UNIT_SCADA,1,"2019/09/06 11:05:00",RT_SA3,0
D,DISPATCH,UNIT_SCADA,1,"2019/09/06 11:05:00",RT_SA4,0
D,DISPATCH,UNIT_SCADA,1,"2019/09/06 11:05:00",RT_SA5,0
D,DISPATCH,UNIT_SCADA,1,"2019/09/06 11:05:00",RT_SA6,0
D,DISPATCH,UNIT_SCADA,1,"2019/09/06 11:05:00",RT_TAS1,0
D,DISPATCH,UNIT_SCADA,1,"2019/09/06 11:05:00",RT_VIC1,0
D,DISPATCH,UNIT_SCADA,1,"2019/09/06 11:05:00",RT_VIC10,0
D,DISPATCH,UNIT_SCADA,1,"2019/09/06 11:05:00",RT_VIC11,0
D,DISPATCH,UNIT_SCADA,1,"2019/09/06 11:05:00",RT_VIC12,0
D,DISPATCH,UNIT_SCADA,1,"2019/09/06 11:05:00",RT_VIC2,0
D,DISPATCH,UNIT_SCADA,1,"2019/09/06 11:05:00",RT_VIC3,0
D,DISPATCH,UNIT_SCADA,1,"2019/09/06 11:05:00",RT_VIC4,0
D,DISPATCH,UNIT_SCADA,1,"2019/09/06 11:05:00",RT_VIC5,0
D,DISPATCH,UNIT_SCADA,1,"2019/09/06 11:05:00",RT_VIC6,0
D,DISPATCH,UNIT_SCADA,1,"2019/09/06 11:05:00",RT_VIC7,0
D,DISPATCH,UNIT_SCADA,1,"2019/09/06 11:05:00",RT_VIC8,0
D,DISPATCH,UNIT_SCADA,1,"2019/09/06 11:05:00",RT_VIC9,0
D,DISPATCH,UNIT_SCADA,1,"2019/09/06 11:05:00",RUGBYR1,64.229380
D,DISPATCH,UNIT_SCADA,1,"2019/09/06 11:05:00",SALTCRK1,30.33
D,DISPATCH,UNIT_SCADA,1,"2019/09/06 11:05:00",SAPHWF1,204.834350
D,DISPATCH,UNIT_SCADA,1,"2019/09/06 11:05:00",SHGEN,0
D,DISPATCH,UNIT_SCADA,1,"2019/09/06 11:05:00",SHPUMP,78.904530
D,DISPATCH,UNIT_SCADA,1,"2019/09/06 11:05:00",SITHE01,0.224190
D,DISPATCH,UNIT_SCADA,1,"2019/09/06 11:05:00",SMCSF1,87.449670
D,DISPATCH,UNIT_SCADA,1,"2019/09/06 11:05:00",SNOWNTH1,138
D,DISPATCH,UNIT_SCADA,1,"2019/09/06 11:05:00",SNOWSTH1,118.600010
D,DISPATCH,UNIT_SCADA,1,"2019/09/06 11:05:00",SNOWTWN1,90.952290
D,DISPATCH,UNIT_SCADA,1,"2019/09/06 11:05:00",SNOWYP,197.600010
D,DISPATCH,UNIT_SCADA,1,"2019/09/06 11:05:00",SNUG1,0.019440
D,DISPATCH,UNIT_SCADA,1,"2019/09/06 11:05:00",SRSF1,70.26
D,DISPATCH,UNIT_SCADA,1,"2019/09/06 11:05:00",STAN-1,223.324520
D,DISPATCH,UNIT_SCADA,1,"2019/09/06 11:05:00",STAN-2,240.2953
D,DISPATCH,UNIT_SCADA,1,"2019/09/06 11:05:00",STAN-3,241.769350
D,DISPATCH,UNIT_SCADA,1,"2019/09/06 11:05:00",STAN-4,230.130780
D,DISPATCH,UNIT_SCADA,1,"2019/09/06 11:05:00",STWF1,0
D,DISPATCH,UNIT_SCADA,1,"2019/09/06 11:05:00",SWAN_E,0
D,DISPATCH,UNIT_SCADA,1,"2019/09/06 11:05:00",TALWA1,190
D,DISPATCH,UNIT_SCADA,1,"2019/09/06 11:05:00",TARALGA1,82.3575
D,DISPATCH,UNIT_SCADA,1,"2019/09/06 11:05:00",TARONG#1,349.600010
D,DISPATCH,UNIT_SCADA,1,"2019/09/06 11:05:00",TARONG#2,0
D,DISPATCH,UNIT_SCADA,1,"2019/09/06 11:05:00",TARONG#3,279.700010
D,DISPATCH,UNIT_SCADA,1,"2019/09/06 11:05:00",TARONG#4,350.700010
D,DISPATCH,UNIT_SCADA,1,"2019/09/06 11:05:00",TARRALEA,73.90
D,DISPATCH,UNIT_SCADA,1,"2019/09/06 11:05:00",TBSF1,6.80
D,DISPATCH,UNIT_SCADA,1,"2019/09/06 11:05:00",TNPS1,398.800020
D,DISPATCH,UNIT_SCADA,1,"2019/09/06 11:05:00",TORRA1,43.707430
D,DISPATCH,UNIT_SCADA,1,"2019/09/06 11:05:00",TORRA2,0
D,DISPATCH,UNIT_SCADA,1,"2019/09/06 11:05:00",TORRA3,0
D,DISPATCH,UNIT_SCADA,1,"2019/09/06 11:05:00",TORRA4,44.263150
D,DISPATCH,UNIT_SCADA,1,"2019/09/06 11:05:00",TORRB1,47.91
D,DISPATCH,UNIT_SCADA,1,"2019/09/06 11:05:00",TORRB2,48.07
D,DISPATCH,UNIT_SCADA,1,"2019/09/06 11:05:00",TORRB3,47.77
D,DISPATCH,UNIT_SCADA,1,"2019/09/06 11:05:00",TORRB4,0
D,DISPATCH,UNIT_SCADA,1,"2019/09/06 11:05:00",TREVALLN,66.840010
D,DISPATCH,UNIT_SCADA,1,"2019/09/06 11:05:00",TRIBUTE,0
D,DISPATCH,UNIT_SCADA,1,"2019/09/06 11:05:00",TUMUT3,0
D,DISPATCH,UNIT_SCADA,1,"2019/09/06 11:05:00",TUNGATIN,121.530030
D,DISPATCH,UNIT_SCADA,1,"2019/09/06 11:05:00",TVCC201,0
D,DISPATCH,UNIT_SCADA,1,"2019/09/06 11:05:00",TVPP104,0
D,DISPATCH,UNIT_SCADA,1,"2019/09/06 11:05:00",UPPTUMUT,0
D,DISPATCH,UNIT_SCADA,1,"2019/09/06 11:05:00",URANQ11,0
D,DISPATCH,UNIT_SCADA,1,"2019/09/06 11:05:00",URANQ12,0
D,DISPATCH,UNIT_SCADA,1,"2019/09/06 11:05:00",URANQ13,0
D,DISPATCH,UNIT_SCADA,1,"2019/09/06 11:05:00",URANQ14,0
D,DISPATCH,UNIT_SCADA,1,"2019/09/06 11:05:00",VP5,494.925020
D,DISPATCH,UNIT_SCADA,1,"2019/09/06 11:05:00",VP6,0
D,DISPATCH,UNIT_SCADA,1,"2019/09/06 11:05:00",VPGS1,0
D,DISPATCH,UNIT_SCADA,1,"2019/09/06 11:05:00",VPGS2,0
D,DISPATCH,UNIT_SCADA,1,"2019/09/06 11:05:00",VPGS3,0
D,DISPATCH,UNIT_SCADA,1,"2019/09/06 11:05:00",VPGS4,0
D,DISPATCH,UNIT_SCADA,1,"2019/09/06 11:05:00",VPGS5,0
D,DISPATCH,UNIT_SCADA,1,"2019/09/06 11:05:00",VPGS6,0
D,DISPATCH,UNIT_SCADA,1,"2019/09/06 11:05:00",W/HOE#1,0
D,DISPATCH,UNIT_SCADA,1,"2019/09/06 11:05:00",W/HOE#2,0
D,DISPATCH,UNIT_SCADA,1,"2019/09/06 11:05:00",WATERLWF,112.60
D,DISPATCH,UNIT_SCADA,1,"2019/09/06 11:05:00",WEMENSF1,24.80
D,DISPATCH,UNIT_SCADA,1,"2019/09/06 11:05:00",WGWF1,0
D,DISPATCH,UNIT_SCADA,1,"2019/09/06 11:05:00",WHITSF1,42.70
D,DISPATCH,UNIT_SCADA,1,"2019/09/06 11:05:00",WKIEWA1,33.10
D,DISPATCH,UNIT_SCADA,1,"2019/09/06 11:05:00",WKIEWA2,0.10
D,DISPATCH,UNIT_SCADA,1,"2019/09/06 11:05:00",WOODLWN1,39.095990
D,DISPATCH,UNIT_SCADA,1,"2019/09/06 11:05:00",WRSF1,17.34
D,DISPATCH,UNIT_SCADA,1,"2019/09/06 11:05:00",WRWF1,147.496250
D,DISPATCH,UNIT_SCADA,1,"2019/09/06 11:05:00",YABULU,0
D,DISPATCH,UNIT_SCADA,1,"2019/09/06 11:05:00",YABULU2,0
D,DISPATCH,UNIT_SCADA,1,"2019/09/06 11:05:00",YARWUN_1,120.92
D,DISPATCH,UNIT_SCADA,1,"2019/09/06 11:05:00",YENDWF1,42.30
D,DISPATCH,UNIT_SCADA,1,"2019/09/06 11:05:00",YWPS1,372.430390
D,DISPATCH,UNIT_SCADA,1,"2019/09/06 11:05:00",YWPS2,280.448090
D,DISPATCH,UNIT_SCADA,1,"2019/09/06 11:05:00",YWPS3,332.854430
D,DISPATCH,UNIT_SCADA,1,"2019/09/06 11:05:00",YWPS4,395.520260
C,"END OF REPORT",335
