C,NEMP.WORLD,DISPATCHSCADA,AEMO,PUBLIC,2019/09/05,13:10:07,0000000312423242,DISPATCHSCADA,0000000312423236
I,DISPATCH,UNIT_SCADA,1,SETTLEMENTDATE,DUID,SCADAVALUE
D,DISPATCH,UNIT_SCADA,1,"2019/09/05 13:15:00",BARCSF1,8.900001
D,DISPATCH,UNIT_SCADA,1,"2019/09/05 13:15:00",BUTLERSG,10.199999
D,DISPATCH,UNIT_SCADA,1,"2019/09/05 13:15:00",CALL_A_4,0
D,DISPATCH,UNIT_SCADA,1,"2019/09/05 13:15:00",CAPTL_WF,0
D,DISPATCH,UNIT_SCADA,1,"2019/09/05 13:15:00",CATHROCK,28.739998
D,DISPATCH,UNIT_SCADA,1,"2019/09/05 13:15:00",CHALLHWF,14
D,DISPATCH,UNIT_SCADA,1,"2019/09/05 13:15:00",CLOVER,-0.01
D,DISPATCH,UNIT_SCADA,1,"2019/09/05 13:15:00",CLUNY,18.101625
D,DISPATCH,UNIT_SCADA,1,"2019/09/05 13:15:00",CNUNDAWF,30.135155
D,DISPATCH,UNIT_SCADA,1,"2019/09/05 13:15:00",CULLRGWF,4
D,DISPATCH,UNIT_SCADA,1,"2019/09/05 13:15:00",ERGT01,0
D,DISPATCH,UNIT_SCADA,1,"2019/09/05 13:15:00",GB01,-0.003567
D,DISPATCH,UNIT_SCADA,1,"2019/09/05 13:15:00",GERMCRK,33
D,DISPATCH,UNIT_SCADA,1,"2019/09/05 13:15:00",GRIFSF1,24.600006
D,DISPATCH,UNIT_SCADA,1,"2019/09/05 13:15:00",HUGSF1,0.03
D,DISPATCH,UNIT_SCADA,1,"2019/09/05 13:15:00",LKBONNY1,33.223083
D,DISPATCH,UNIT_SCADA,1,"2019/09/05 13:15:00",LRSF1,12.893001
D,DISPATCH,UNIT_SCADA,1,"2019/09/05 13:15:00",MBAHNTH,41.118744
D,DISPATCH,UNIT_SCADA,1,"2019/09/05 13:15:00",MLSP1,4.535001
D,DISPATCH,UNIT_SCADA,1,"2019/09/05 13:15:00",MLWF1,3.30
D,DISPATCH,UNIT_SCADA,1,"2019/09/05 13:15:00",MTMILLAR,27.614706
D,DISPATCH,UNIT_SCADA,1,"2019/09/05 13:15:00",PALOONA,25.619999
D,DISPATCH,UNIT_SCADA,1,"2019/09/05 13:15:00",PIONEER,16.50
D,DISPATCH,UNIT_SCADA,1,"2019/09/05 13:15:00",PORTWF,56.200001
D,DISPATCH,UNIT_SCADA,1,"2019/09/05 13:15:00",REPULSE,28.574045
D,DISPATCH,UNIT_SCADA,1,"2019/09/05 13:15:00",ROWALLAN,10.3163
D,DISPATCH,UNIT_SCADA,1,"2019/09/05 13:15:00",ROYALLA1,5.0130
D,DISPATCH,UNIT_SCADA,1,"2019/09/05 13:15:00",RPCG,11.70
D,DISPATCH,UNIT_SCADA,1,"2019/09/05 13:15:00",RUBICON,0
D,DISPATCH,UNIT_SCADA,1,"2019/09/05 13:15:00",SATGN1,0
D,DISPATCH,UNIT_SCADA,1,"2019/09/05 13:15:00",SATGS1,0
D,DISPATCH,UNIT_SCADA,1,"2019/09/05 13:15:00",STARHLWF,22.693382
D,DISPATCH,UNIT_SCADA,1,"2019/09/05 13:15:00",WAUBRAWF,44.248001
D,DISPATCH,UNIT_SCADA,1,"2019/09/05 13:15:00",WOOLNTH1,6.710015
D,DISPATCH,UNIT_SCADA,1,"2019/09/05 13:15:00",WPWF,74
D,DISPATCH,UNIT_SCADA,1,"2019/09/05 13:15:00",YAMBUKWF,4.80
D,DISPATCH,UNIT_SCADA,1,"2019/09/05 13:15:00",YSWF1,0.50
D,DISPATCH,UNIT_SCADA,1,"2019/09/05 13:15:00",AGLHAL,0
D,DISPATCH,UNIT_SCADA,1,"2019/09/05 13:15:00",AGLSOM,0
D,DISPATCH,UNIT_SCADA,1,"2019/09/05 13:15:00",ANGAST1,0
D,DISPATCH,UNIT_SCADA,1,"2019/09/05 13:15:00",ARWF1,39.30
D,DISPATCH,UNIT_SCADA,1,"2019/09/05 13:15:00",BALBG1,0
D,DISPATCH,UNIT_SCADA,1,"2019/09/05 13:15:00",BALBL1,0
D,DISPATCH,UNIT_SCADA,1,"2019/09/05 13:15:00",BALDHWF1,17.8610
D,DISPATCH,UNIT_SCADA,1,"2019/09/05 13:15:00",BANN1,60
D,DISPATCH,UNIT_SCADA,1,"2019/09/05 13:15:00",BARCALDN,0
D,DISPATCH,UNIT_SCADA,1,"2019/09/05 13:15:00",BARRON-1,0
D,DISPATCH,UNIT_SCADA,1,"2019/09/05 13:15:00",BARRON-2,0
D,DISPATCH,UNIT_SCADA,1,"2019/09/05 13:15:00",BASTYAN,80.680010
D,DISPATCH,UNIT_SCADA,1,"2019/09/05 13:15:00",BBTHREE1,0
D,DISPATCH,UNIT_SCADA,1,"2019/09/05 13:15:00",BBTHREE2,0
D,DISPATCH,UNIT_SCADA,1,"2019/09/05 13:15:00",BBTHREE3,0
D,DISPATCH,UNIT_SCADA,1,"2019/09/05 13:15:00",BDL01,0
D,DISPATCH,UNIT_SCADA,1,"2019/09/05 13:15:00",BDL02,0
D,DISPATCH,UNIT_SCADA,1,"2019/09/05 13:15:00",BERYLSF1,70.899570
D,DISPATCH,UNIT_SCADA,1,"2019/09/05 13:15:00",BLOWERNG,11
D,DISPATCH,UNIT_SCADA,1,"2019/09/05 13:15:00",BLUFF1,24
D,DISPATCH,UNIT_SCADA,1,"2019/09/05 13:15:00",BNGSF1,94.74
D,DISPATCH,UNIT_SCADA,1,"2019/09/05 13:15:00",BNGSF2,20.04
D,DISPATCH,UNIT_SCADA,1,"2019/09/05 13:15:00",BOCORWF1,18.70
D,DISPATCH,UNIT_SCADA,1,"2019/09/05 13:15:00",BODWF1,17.861270
D,DISPATCH,UNIT_SCADA,1,"2019/09/05 13:15:00",BRAEMAR1,0
D,DISPATCH,UNIT_SCADA,1,"2019/09/05 13:15:00",BRAEMAR2,0
D,DISPATCH,UNIT_SCADA,1,"2019/09/05 13:15:00",BRAEMAR3,0
D,DISPATCH,UNIT_SCADA,1,"2019/09/05 13:15:00",BRAEMAR5,0
D,DISPATCH,UNIT_SCADA,1,"2019/09/05 13:15:00",BRAEMAR6,0
D,DISPATCH,UNIT_SCADA,1,"2019/09/05 13:15:00",BRAEMAR7,0
D,DISPATCH,UNIT_SCADA,1,"2019/09/05 13:15:00",BROKENH1,52.734130
D,DISPATCH,UNIT_SCADA,1,"2019/09/05 13:15:00",BW01,539.6499
D,DISPATCH,UNIT_SCADA,1,"2019/09/05 13:15:00",BW02,597.8501
D,DISPATCH,UNIT_SCADA,1,"2019/09/05 13:15:00",BW03,605.525020
D,DISPATCH,UNIT_SCADA,1,"2019/09/05 13:15:00",BW04,0
D,DISPATCH,UNIT_SCADA,1,"2019/09/05 13:15:00",CALL_B_1,301.800020
D,DISPATCH,UNIT_SCADA,1,"2019/09/05 13:15:00",CALL_B_2,221
D,DISPATCH,UNIT_SCADA,1,"2019/09/05 13:15:00",CETHANA,97.286380
D,DISPATCH,UNIT_SCADA,1,"2019/09/05 13:15:00",CG1,0
D,DISPATCH,UNIT_SCADA,1,"2019/09/05 13:15:00",CG2,0
D,DISPATCH,UNIT_SCADA,1,"2019/09/05 13:15:00",CG3,0
D,DISPATCH,UNIT_SCADA,1,"2019/09/05 13:15:00",CG4,0
D,DISPATCH,UNIT_SCADA,1,"2019/09/05 13:15:00",CHILDSF1,54.86
D,DISPATCH,UNIT_SCADA,1,"2019/09/05 13:15:00",CLARESF1,2.0313
D,DISPATCH,UNIT_SCADA,1,"2019/09/05 13:15:00",CLEMGPWF,41.852340
D,DISPATCH,UNIT_SCADA,1,"2019/09/05 13:15:00",CLERMSF1,0.30
D,DISPATCH,UNIT_SCADA,1,"2019/09/05 13:15:00",COLEASF1,128.100010
D,DISPATCH,UNIT_SCADA,1,"2019/09/05 13:15:00",COOPGWF1,7.836470
D,DISPATCH,UNIT_SCADA,1,"2019/09/05 13:15:00",CPP_3,218.350010
D,DISPATCH,UNIT_SCADA,1,"2019/09/05 13:15:00",CPP_4,180.6750
D,DISPATCH,UNIT_SCADA,1,"2019/09/05 13:15:00",CPSA,75.876880
D,DISPATCH,UNIT_SCADA,1,"2019/09/05 13:15:00",CROOKWF2,10.123750
D,DISPATCH,UNIT_SCADA,1,"2019/09/05 13:15:00",CROWLWF1,2.6057
D,DISPATCH,UNIT_SCADA,1,"2019/09/05 13:15:00",CSPVPS1,32.01
D,DISPATCH,UNIT_SCADA,1,"2019/09/05 13:15:00",DALNTH01,0
D,DISPATCH,UNIT_SCADA,1,"2019/09/05 13:15:00",DALNTHL1,0.975050
D,DISPATCH,UNIT_SCADA,1,"2019/09/05 13:15:00",DARTM1,0
D,DISPATCH,UNIT_SCADA,1,"2019/09/05 13:15:00",DAYDSF1,0
D,DISPATCH,UNIT_SCADA,1,"2019/09/05 13:15:00",DDPS1,0
D,DISPATCH,UNIT_SCADA,1,"2019/09/05 13:15:00",DDSF1,90.656770
D,DISPATCH,UNIT_SCADA,1,"2019/09/05 13:15:00",DEVILS_G,64.132820
D,DISPATCH,UNIT_SCADA,1,"2019/09/05 13:15:00",DG_NSW1,0
D,DISPATCH,UNIT_SCADA,1,"2019/09/05 13:15:00",DG_QLD1,0
D,DISPATCH,UNIT_SCADA,1,"2019/09/05 13:15:00",DG_SA1,0
D,DISPATCH,UNIT_SCADA,1,"2019/09/05 13:15:00",DG_TAS1,0
D,DISPATCH,UNIT_SCADA,1,"2019/09/05 13:15:00",DG_VIC1,0
D,DISPATCH,UNIT_SCADA,1,"2019/09/05 13:15:00",DRYCGT1,0
D,DISPATCH,UNIT_SCADA,1,"2019/09/05 13:15:00",DRYCGT2,0
D,DISPATCH,UNIT_SCADA,1,"2019/09/05 13:15:00",DRYCGT3,0
D,DISPATCH,UNIT_SCADA,1,"2019/09/05 13:15:00",EILDON1,0
D,DISPATCH,UNIT_SCADA,1,"2019/09/05 13:15:00",EILDON2,0
D,DISPATCH,UNIT_SCADA,1,"2019/09/05 13:15:00",EMERASF1,0.12
D,DISPATCH,UNIT_SCADA,1,"2019/09/05 13:15:00",ER01,558.8750
D,DISPATCH,UNIT_SCADA,1,"2019/09/05 13:15:00",ER02,355.925050
D,DISPATCH,UNIT_SCADA,1,"2019/09/05 13:15:00",ER03,0
D,DISPATCH,UNIT_SCADA,1,"2019/09/05 13:15:00",ER04,665.150020
D,DISPATCH,UNIT_SCADA,1,"2019/09/05 13:15:00",FINLYSF1,8.712510
D,DISPATCH,UNIT_SCADA,1,"2019/09/05 13:15:00",FISHER,45.95
D,DISPATCH,UNIT_SCADA,1,"2019/09/05 13:15:00",GANNBG1,9.888110
D,DISPATCH,UNIT_SCADA,1,"2019/09/05 13:15:00",GANNBL1,0
D,DISPATCH,UNIT_SCADA,1,"2019/09/05 13:15:00",GANNSF1,5.10
D,DISPATCH,UNIT_SCADA,1,"2019/09/05 13:15:00",GORDON,19.666640
D,DISPATCH,UNIT_SCADA,1,"2019/09/05 13:15:00",GSTONE1,152.774990
D,DISPATCH,UNIT_SCADA,1,"2019/09/05 13:15:00",GSTONE2,124.0750
D,DISPATCH,UNIT_SCADA,1,"2019/09/05 13:15:00",GSTONE3,0
D,DISPATCH,UNIT_SCADA,1,"2019/09/05 13:15:00",GSTONE4,151.899990
D,DISPATCH,UNIT_SCADA,1,"2019/09/05 13:15:00",GSTONE5,152.95
D,DISPATCH,UNIT_SCADA,1,"2019/09/05 13:15:00",GSTONE6,152.774990
D,DISPATCH,UNIT_SCADA,1,"2019/09/05 13:15:00",GULLRSF1,6.614840
D,DISPATCH,UNIT_SCADA,1,"2019/09/05 13:15:00",GULLRWF1,17.264070
D,DISPATCH,UNIT_SCADA,1,"2019/09/05 13:15:00",GUNNING1,7.316120
D,DISPATCH,UNIT_SCADA,1,"2019/09/05 13:15:00",GUTHEGA,0
D,DISPATCH,UNIT_SCADA,1,"2019/09/05 13:15:00",HALLWF1,53.61
D,DISPATCH,UNIT_SCADA,1,"2019/09/05 13:15:00",HALLWF2,27.96
D,DISPATCH,UNIT_SCADA,1,"2019/09/05 13:15:00",HAMISF1,43.80
D,DISPATCH,UNIT_SCADA,1,"2019/09/05 13:15:00",HAUGHT11,93.7984
D,DISPATCH,UNIT_SCADA,1,"2019/09/05 13:15:00",HAYMSF1,40.68
D,DISPATCH,UNIT_SCADA,1,"2019/09/05 13:15:00",HDWF1,38.40
D,DISPATCH,UNIT_SCADA,1,"2019/09/05 13:15:00",HDWF2,38.50
D,DISPATCH,UNIT_SCADA,1,"2019/09/05 13:15:00",HDWF3,53.10
D,DISPATCH,UNIT_SCADA,1,"2019/09/05 13:15:00",HPRG1,0
D,DISPATCH,UNIT_SCADA,1,"2019/09/05 13:15:00",HPRL1,16.60
D,DISPATCH,UNIT_SCADA,1,"2019/09/05 13:15:00",HUMENSW,0
D,DISPATCH,UNIT_SCADA,1,"2019/09/05 13:15:00",HUMEV,25.70
D,DISPATCH,UNIT_SCADA,1,"2019/09/05 13:15:00",HVGTS,0
D,DISPATCH,UNIT_SCADA,1,"2019/09/05 13:15:00",JBUTTERS,21.13
D,DISPATCH,UNIT_SCADA,1,"2019/09/05 13:15:00",JLA01,0.10
D,DISPATCH,UNIT_SCADA,1,"2019/09/05 13:15:00",JLA02,0
D,DISPATCH,UNIT_SCADA,1,"2019/09/05 13:15:00",JLA03,0
D,DISPATCH,UNIT_SCADA,1,"2019/09/05 13:15:00",JLA04,0
D,DISPATCH,UNIT_SCADA,1,"2019/09/05 13:15:00",JLB01,0
D,DISPATCH,UNIT_SCADA,1,"2019/09/05 13:15:00",JLB02,83.70
D,DISPATCH,UNIT_SCADA,1,"2019/09/05 13:15:00",JLB03,0
D,DISPATCH,UNIT_SCADA,1,"2019/09/05 13:15:00",KAREEYA1,21.5575
D,DISPATCH,UNIT_SCADA,1,"2019/09/05 13:15:00",KAREEYA2,21.6275
D,DISPATCH,UNIT_SCADA,1,"2019/09/05 13:15:00",KAREEYA3,0
D,DISPATCH,UNIT_SCADA,1,"2019/09/05 13:15:00",KAREEYA4,21.5425
D,DISPATCH,UNIT_SCADA,1,"2019/09/05 13:15:00",KARSF1,74
D,DISPATCH,UNIT_SCADA,1,"2019/09/05 13:15:00",KIATAWF1,8.50
D,DISPATCH,UNIT_SCADA,1,"2019/09/05 13:15:00",KPP_1,0
D,DISPATCH,UNIT_SCADA,1,"2019/09/05 13:15:00",KSP1,0
D,DISPATCH,UNIT_SCADA,1,"2019/09/05 13:15:00",LADBROK1,0
D,DISPATCH,UNIT_SCADA,1,"2019/09/05 13:15:00",LADBROK2,0
D,DISPATCH,UNIT_SCADA,1,"2019/09/05 13:15:00",LD01,380.418820
D,DISPATCH,UNIT_SCADA,1,"2019/09/05 13:15:00",LD02,381.243710
D,DISPATCH,UNIT_SCADA,1,"2019/09/05 13:15:00",LD03,377.324980
D,DISPATCH,UNIT_SCADA,1,"2019/09/05 13:15:00",LD04,377.587460
D,DISPATCH,UNIT_SCADA,1,"2019/09/05 13:15:00",LEM_WIL,81.922550
D,DISPATCH,UNIT_SCADA,1,"2019/09/05 13:15:00",LGAPWF1,10.65
D,DISPATCH,UNIT_SCADA,1,"2019/09/05 13:15:00",LILYSF1,87.0318
D,DISPATCH,UNIT_SCADA,1,"2019/09/05 13:15:00",LI_WY_CA,144.124480
D,DISPATCH,UNIT_SCADA,1,"2019/09/05 13:15:00",LKBONNY2,37.000530
D,DISPATCH,UNIT_SCADA,1,"2019/09/05 13:15:00",LKBONNY3,22.831210
D,DISPATCH,UNIT_SCADA,1,"2019/09/05 13:15:00",LK_ECHO,0
D,DISPATCH,UNIT_SCADA,1,"2019/09/05 13:15:00",LNGS1,0
D,DISPATCH,UNIT_SCADA,1,"2019/09/05 13:15:00",LNGS2,0
D,DISPATCH,UNIT_SCADA,1,"2019/09/05 13:15:00",LONSDALE,0
D,DISPATCH,UNIT_SCADA,1,"2019/09/05 13:15:00",LOYYB1,501.125310
D,DISPATCH,UNIT_SCADA,1,"2019/09/05 13:15:00",LOYYB2,582.330380
D,DISPATCH,UNIT_SCADA,1,"2019/09/05 13:15:00",LYA1,0
D,DISPATCH,UNIT_SCADA,1,"2019/09/05 13:15:00",LYA2,0
D,DISPATCH,UNIT_SCADA,1,"2019/09/05 13:15:00",LYA3,560
D,DISPATCH,UNIT_SCADA,1,"2019/09/05 13:15:00",LYA4,540
D,DISPATCH,UNIT_SCADA,1,"2019/09/05 13:15:00",MACARTH1,79.698160
D,DISPATCH,UNIT_SCADA,1,"2019/09/05 13:15:00",MACKAYGT,0.2240
D,DISPATCH,UNIT_SCADA,1,"2019/09/05 13:15:00",MACKNTSH,88.780010
D,DISPATCH,UNIT_SCADA,1,"2019/09/05 13:15:00",MANSLR1,39.26
D,DISPATCH,UNIT_SCADA,1,"2019/09/05 13:15:00",MCKAY1,0.02
D,DISPATCH,UNIT_SCADA,1,"2019/09/05 13:15:00",MEADOWBK,32.0096
D,DISPATCH,UNIT_SCADA,1,"2019/09/05 13:15:00",MERCER01,2.5310
D,DISPATCH,UNIT_SCADA,1,"2019/09/05 13:15:00",MEWF1,0
D,DISPATCH,UNIT_SCADA,1,"2019/09/05 13:15:00",MINTARO,0
D,DISPATCH,UNIT_SCADA,1,"2019/09/05 13:15:00",MOREESF1,48.0860
D,DISPATCH,UNIT_SCADA,1,"2019/09/05 13:15:00",MORTLK11,125
D,DISPATCH,UNIT_SCADA,1,"2019/09/05 13:15:00",MORTLK12,0
D,DISPATCH,UNIT_SCADA,1,"2019/09/05 13:15:00",MP1,217.700010
D,DISPATCH,UNIT_SCADA,1,"2019/09/05 13:15:00",MP2,0
D,DISPATCH,UNIT_SCADA,1,"2019/09/05 13:15:00",MPP_1,320.50
D,DISPATCH,UNIT_SCADA,1,"2019/09/05 13:15:00",MPP_2,250.25
D,DISPATCH,UNIT_SCADA,1,"2019/09/05 13:15:00",MSTUART1,0
D,DISPATCH,UNIT_SCADA,1,"2019/09/05 13:15:00",MSTUART2,0
D,DISPATCH,UNIT_SCADA,1,"2019/09/05 13:15:00",MSTUART3,0
D,DISPATCH,UNIT_SCADA,1,"2019/09/05 13:15:00",MTGELWF1,9.704890
D,DISPATCH,UNIT_SCADA,1,"2019/09/05 13:15:00",MURRAY,0.90
D,DISPATCH,UNIT_SCADA,1,"2019/09/05 13:15:00",MUSSELR1,-0.40
D,DISPATCH,UNIT_SCADA,1,"2019/09/05 13:15:00",MUWAWF1,7.92
D,DISPATCH,UNIT_SCADA,1,"2019/09/05 13:15:00",NBHWF1,53.40
D,DISPATCH,UNIT_SCADA,1,"2019/09/05 13:15:00",NPS,0
D,DISPATCH,UNIT_SCADA,1,"2019/09/05 13:15:00",NUMURSF1,58.43
D,DISPATCH,UNIT_SCADA,1,"2019/09/05 13:15:00",NYNGAN1,101
D,DISPATCH,UNIT_SCADA,1,"2019/09/05 13:15:00",OAKEY1,0
D,DISPATCH,UNIT_SCADA,1,"2019/09/05 13:15:00",OAKEY1SF,22.9340
D,DISPATCH,UNIT_SCADA,1,"2019/09/05 13:15:00",OAKEY2,0
D,DISPATCH,UNIT_SCADA,1,"2019/09/05 13:15:00",OAKEY2SF,0
D,DISPATCH,UNIT_SCADA,1,"2019/09/05 13:15:00",OAKLAND1,16.80
D,DISPATCH,UNIT_SCADA,1,"2019/09/05 13:15:00",OSB-AG,139.16
D,DISPATCH,UNIT_SCADA,1,"2019/09/05 13:15:00",PARSF1,44.50
D,DISPATCH,UNIT_SCADA,1,"2019/09/05 13:15:00",POAT110,0
D,DISPATCH,UNIT_SCADA,1,"2019/09/05 13:15:00",POAT220,1.43
D,DISPATCH,UNIT_SCADA,1,"2019/09/05 13:15:00",POR01,0
D,DISPATCH,UNIT_SCADA,1,"2019/09/05 13:15:00",POR03,0
D,DISPATCH,UNIT_SCADA,1,"2019/09/05 13:15:00",PPCCGT,172.209990
D,DISPATCH,UNIT_SCADA,1,"2019/09/05 13:15:00",PTSTAN1,0
D,DISPATCH,UNIT_SCADA,1,"2019/09/05 13:15:00",PUMP1,0
D,DISPATCH,UNIT_SCADA,1,"2019/09/05 13:15:00",PUMP2,0
D,DISPATCH,UNIT_SCADA,1,"2019/09/05 13:15:00",QPS1,0
D,DISPATCH,UNIT_SCADA,1,"2019/09/05 13:15:00",QPS2,0
D,DISPATCH,UNIT_SCADA,1,"2019/09/05 13:15:00",QPS3,0
D,DISPATCH,UNIT_SCADA,1,"2019/09/05 13:15:00",QPS4,0
D,DISPATCH,UNIT_SCADA,1,"2019/09/05 13:15:00",QPS5,0
D,DISPATCH,UNIT_SCADA,1,"2019/09/05 13:15:00",REECE1,101.960010
D,DISPATCH,UNIT_SCADA,1,"2019/09/05 13:15:00",REECE2,101.890010
D,DISPATCH,UNIT_SCADA,1,"2019/09/05 13:15:00",ROMA_7,0
D,DISPATCH,UNIT_SCADA,1,"2019/09/05 13:15:00",ROMA_8,0
D,DISPATCH,UNIT_SCADA,1,"2019/09/05 13:15:00",RRSF1,110.928050
D,DISPATCH,UNIT_SCADA,1,"2019/09/05 13:15:00",RT_NSW1,0
D,DISPATCH,UNIT_SCADA,1,"2019/09/05 13:15:00",RT_NSW2,0
D,DISPATCH,UNIT_SCADA,1,"2019/09/05 13:15:00",RT_NSW3,0
D,DISPATCH,UNIT_SCADA,1,"2019/09/05 13:15:00",RT_NSW4,0
D,DISPATCH,UNIT_SCADA,1,"2019/09/05 13:15:00",RT_NSW5,0
D,DISPATCH,UNIT_SCADA,1,"2019/09/05 13:15:00",RT_NSW6,0
D,DISPATCH,UNIT_SCADA,1,"2019/09/05 13:15:00",RT_QLD1,0
D,DISPATCH,UNIT_SCADA,1,"2019/09/05 13:15:00",RT_SA1,0
D,DISPATCH,UNIT_SCADA,1,"2019/09/05 13:15:00",RT_SA2,0
D,DISPATCH,UNIT_SCADA,1,"2019/09/05 13:15:00",RT_SA3,0
D,DISPATCH,UNIT_SCADA,1,"2019/09/05 13:15:00",RT_SA4,0
D,DISPATCH,UNIT_SCADA,1,"2019/09/05 13:15:00",RT_SA5,0
D,DISPATCH,UNIT_SCADA,1,"2019/09/05 13:15:00",RT_SA6,0
D,DISPATCH,UNIT_SCADA,1,"2019/09/05 13:15:00",RT_TAS1,0
D,DISPATCH,UNIT_SCADA,1,"2019/09/05 13:15:00",RT_VIC1,0
D,DISPATCH,UNIT_SCADA,1,"2019/09/05 13:15:00",RT_VIC10,0
D,DISPATCH,UNIT_SCADA,1,"2019/09/05 13:15:00",RT_VIC11,0
D,DISPATCH,UNIT_SCADA,1,"2019/09/05 13:15:00",RT_VIC12,0
D,DISPATCH,UNIT_SCADA,1,"2019/09/05 13:15:00",RT_VIC2,0
D,DISPATCH,UNIT_SCADA,1,"2019/09/05 13:15:00",RT_VIC3,0
D,DISPATCH,UNIT_SCADA,1,"2019/09/05 13:15:00",RT_VIC4,0
D,DISPATCH,UNIT_SCADA,1,"2019/09/05 13:15:00",RT_VIC5,0
D,DISPATCH,UNIT_SCADA,1,"2019/09/05 13:15:00",RT_VIC6,0
D,DISPATCH,UNIT_SCADA,1,"2019/09/05 13:15:00",RT_VIC7,0
D,DISPATCH,UNIT_SCADA,1,"2019/09/05 13:15:00",RT_VIC8,0
D,DISPATCH,UNIT_SCADA,1,"2019/09/05 13:15:00",RT_VIC9,0
D,DISPATCH,UNIT_SCADA,1,"2019/09/05 13:15:00",RUGBYR1,0
D,DISPATCH,UNIT_SCADA,1,"2019/09/05 13:15:00",SALTCRK1,19.75
D,DISPATCH,UNIT_SCADA,1,"2019/09/05 13:15:00",SAPHWF1,87.150020
D,DISPATCH,UNIT_SCADA,1,"2019/09/05 13:15:00",SHGEN,0
D,DISPATCH,UNIT_SCADA,1,"2019/09/05 13:15:00",SHPUMP,157.275360
D,DISPATCH,UNIT_SCADA,1,"2019/09/05 13:15:00",SITHE01,0.1840
D,DISPATCH,UNIT_SCADA,1,"2019/09/05 13:15:00",SMCSF1,0
D,DISPATCH,UNIT_SCADA,1,"2019/09/05 13:15:00",SNOWNTH1,96.40
D,DISPATCH,UNIT_SCADA,1,"2019/09/05 13:15:00",SNOWSTH1,96.899990
D,DISPATCH,UNIT_SCADA,1,"2019/09/05 13:15:00",SNOWTWN1,77.525730
D,DISPATCH,UNIT_SCADA,1,"2019/09/05 13:15:00",SNOWYP,0
D,DISPATCH,UNIT_SCADA,1,"2019/09/05 13:15:00",SNUG1,0.019440
D,DISPATCH,UNIT_SCADA,1,"2019/09/05 13:15:00",SRSF1,34.42
D,DISPATCH,UNIT_SCADA,1,"2019/09/05 13:15:00",STAN-1,351.079530
D,DISPATCH,UNIT_SCADA,1,"2019/09/05 13:15:00",STAN-2,221.953020
D,DISPATCH,UNIT_SCADA,1,"2019/09/05 13:15:00",STAN-3,221.747940
D,DISPATCH,UNIT_SCADA,1,"2019/09/05 13:15:00",STAN-4,220.607160
D,DISPATCH,UNIT_SCADA,1,"2019/09/05 13:15:00",STWF1,0
D,DISPATCH,UNIT_SCADA,1,"2019/09/05 13:15:00",SWAN_E,0
D,DISPATCH,UNIT_SCADA,1,"2019/09/05 13:15:00",TALWA1,270
D,DISPATCH,UNIT_SCADA,1,"2019/09/05 13:15:00",TARALGA1,13.4325
D,DISPATCH,UNIT_SCADA,1,"2019/09/05 13:15:00",TARONG#1,349.899990
D,DISPATCH,UNIT_SCADA,1,"2019/09/05 13:15:00",TARONG#2,0
D,DISPATCH,UNIT_SCADA,1,"2019/09/05 13:15:00",TARONG#3,280.200010
D,DISPATCH,UNIT_SCADA,1,"2019/09/05 13:15:00",TARONG#4,348.800020
D,DISPATCH,UNIT_SCADA,1,"2019/09/05 13:15:00",TARRALEA,71.10
D,DISPATCH,UNIT_SCADA,1,"2019/09/05 13:15:00",TBSF1,0
D,DISPATCH,UNIT_SCADA,1,"2019/09/05 13:15:00",TNPS1,379.300020
D,DISPATCH,UNIT_SCADA,1,"2019/09/05 13:15:00",TORRA1,41.606110
D,DISPATCH,UNIT_SCADA,1,"2019/09/05 13:15:00",TORRA2,0
D,DISPATCH,UNIT_SCADA,1,"2019/09/05 13:15:00",TORRA3,0
D,DISPATCH,UNIT_SCADA,1,"2019/09/05 13:15:00",TORRA4,40.994770
D,DISPATCH,UNIT_SCADA,1,"2019/09/05 13:15:00",TORRB1,39.13
D,DISPATCH,UNIT_SCADA,1,"2019/09/05 13:15:00",TORRB2,40.33
D,DISPATCH,UNIT_SCADA,1,"2019/09/05 13:15:00",TORRB3,39.04
D,DISPATCH,UNIT_SCADA,1,"2019/09/05 13:15:00",TORRB4,0
D,DISPATCH,UNIT_SCADA,1,"2019/09/05 13:15:00",TREVALLN,18.050030
D,DISPATCH,UNIT_SCADA,1,"2019/09/05 13:15:00",TRIBUTE,0
D,DISPATCH,UNIT_SCADA,1,"2019/09/05 13:15:00",TUMUT3,0
D,DISPATCH,UNIT_SCADA,1,"2019/09/05 13:15:00",TUNGATIN,59.100010
D,DISPATCH,UNIT_SCADA,1,"2019/09/05 13:15:00",TVCC201,0
D,DISPATCH,UNIT_SCADA,1,"2019/09/05 13:15:00",TVPP104,0
D,DISPATCH,UNIT_SCADA,1,"2019/09/05 13:15:00",UPPTUMUT,79.414280
D,DISPATCH,UNIT_SCADA,1,"2019/09/05 13:15:00",URANQ11,0
D,DISPATCH,UNIT_SCADA,1,"2019/09/05 13:15:00",URANQ12,0
D,DISPATCH,UNIT_SCADA,1,"2019/09/05 13:15:00",URANQ13,156.837520
D,DISPATCH,UNIT_SCADA,1,"2019/09/05 13:15:00",URANQ14,0
D,DISPATCH,UNIT_SCADA,1,"2019/09/05 13:15:00",VP5,509.6250
D,DISPATCH,UNIT_SCADA,1,"2019/09/05 13:15:00",VP6,0
D,DISPATCH,UNIT_SCADA,1,"2019/09/05 13:15:00",VPGS1,0
D,DISPATCH,UNIT_SCADA,1,"2019/09/05 13:15:00",VPGS2,0
D,DISPATCH,UNIT_SCADA,1,"2019/09/05 13:15:00",VPGS3,0
D,DISPATCH,UNIT_SCADA,1,"2019/09/05 13:15:00",VPGS4,0
D,DISPATCH,UNIT_SCADA,1,"2019/09/05 13:15:00",VPGS5,0
D,DISPATCH,UNIT_SCADA,1,"2019/09/05 13:15:00",VPGS6,0
D,DISPATCH,UNIT_SCADA,1,"2019/09/05 13:15:00",W/HOE#1,0
D,DISPATCH,UNIT_SCADA,1,"2019/09/05 13:15:00",W/HOE#2,0
D,DISPATCH,UNIT_SCADA,1,"2019/09/05 13:15:00",WATERLWF,66.80
D,DISPATCH,UNIT_SCADA,1,"2019/09/05 13:15:00",WEMENSF1,74
D,DISPATCH,UNIT_SCADA,1,"2019/09/05 13:15:00",WGWF1,41.60
D,DISPATCH,UNIT_SCADA,1,"2019/09/05 13:15:00",WHITSF1,0
D,DISPATCH,UNIT_SCADA,1,"2019/09/05 13:15:00",WKIEWA1,0
D,DISPATCH,UNIT_SCADA,1,"2019/09/05 13:15:00",WKIEWA2,0.10
D,DISPATCH,UNIT_SCADA,1,"2019/09/05 13:15:00",WOODLWN1,0
D,DISPATCH,UNIT_SCADA,1,"2019/09/05 13:15:00",WRSF1,19.72
D,DISPATCH,UNIT_SCADA,1,"2019/09/05 13:15:00",WRWF1,89.779990
D,DISPATCH,UNIT_SCADA,1,"2019/09/05 13:15:00",YABULU,0
D,DISPATCH,UNIT_SCADA,1,"2019/09/05 13:15:00",YABULU2,0
D,DISPATCH,UNIT_SCADA,1,"2019/09/05 13:15:00",YARWUN_1,118.899990
D,DISPATCH,UNIT_SCADA,1,"2019/09/05 13:15:00",YENDWF1,12.61
D,DISPATCH,UNIT_SCADA,1,"2019/09/05 13:15:00",YWPS1,380.450620
D,DISPATCH,UNIT_SCADA,1,"2019/09/05 13:15:00",YWPS2,279.946840
D,DISPATCH,UNIT_SCADA,1,"2019/09/05 13:15:00",YWPS3,329.4671
D,DISPATCH,UNIT_SCADA,1,"2019/09/05 13:15:00",YWPS4,390.439240
C,"END OF REPORT",335
