C,NEMP.WORLD,DISPATCHSCADA,AEMO,PUBLIC,2019/08/20,18:15:08,0000000311796209,DISPATCHSCADA,0000000311796203
I,DISPATCH,UNIT_SCADA,1,SETTLEMENTDATE,DUID,SCADAVALUE
D,DISPATCH,UNIT_SCADA,1,"2019/08/20 18:20:00",BARCSF1,0.50
D,DISPATCH,UNIT_SCADA,1,"2019/08/20 18:20:00",BUTLERSG,9.699999
D,DISPATCH,UNIT_SCADA,1,"2019/08/20 18:20:00",CALL_A_4,0
D,DISPATCH,UNIT_SCADA,1,"2019/08/20 18:20:00",CAPTL_WF,133.559998
D,DISPATCH,UNIT_SCADA,1,"2019/08/20 18:20:00",CATHROCK,50.459995
D,DISPATCH,UNIT_SCADA,1,"2019/08/20 18:20:00",CHALLHWF,32.099998
D,DISPATCH,UNIT_SCADA,1,"2019/08/20 18:20:00",CLOVER,0
D,DISPATCH,UNIT_SCADA,1,"2019/08/20 18:20:00",CLUNY,18.477913
D,DISPATCH,UNIT_SCADA,1,"2019/08/20 18:20:00",CNUNDAWF,40.847649
D,DISPATCH,UNIT_SCADA,1,"2019/08/20 18:20:00",CULLRGWF,30.33
D,DISPATCH,UNIT_SCADA,1,"2019/08/20 18:20:00",ERGT01,0
D,DISPATCH,UNIT_SCADA,1,"2019/08/20 18:20:00",GB01,0.068241
D,DISPATCH,UNIT_SCADA,1,"2019/08/20 18:20:00",GERMCRK,24.799999
D,DISPATCH,UNIT_SCADA,1,"2019/08/20 18:20:00",GRIFSF1,0
D,DISPATCH,UNIT_SCADA,1,"2019/08/20 18:20:00",HUGSF1,-0.1030
D,DISPATCH,UNIT_SCADA,1,"2019/08/20 18:20:00",LKBONNY1,76.180885
D,DISPATCH,UNIT_SCADA,1,"2019/08/20 18:20:00",LRSF1,0.0290
D,DISPATCH,UNIT_SCADA,1,"2019/08/20 18:20:00",MBAHNTH,57.356247
D,DISPATCH,UNIT_SCADA,1,"2019/08/20 18:20:00",MLSP1,0.283001
D,DISPATCH,UNIT_SCADA,1,"2019/08/20 18:20:00",MLWF1,19.26
D,DISPATCH,UNIT_SCADA,1,"2019/08/20 18:20:00",MTMILLAR,23.760107
D,DISPATCH,UNIT_SCADA,1,"2019/08/20 18:20:00",PALOONA,7.72
D,DISPATCH,UNIT_SCADA,1,"2019/08/20 18:20:00",PIONEER,14.50
D,DISPATCH,UNIT_SCADA,1,"2019/08/20 18:20:00",PORTWF,137.600006
D,DISPATCH,UNIT_SCADA,1,"2019/08/20 18:20:00",REPULSE,29.311359
D,DISPATCH,UNIT_SCADA,1,"2019/08/20 18:20:00",ROWALLAN,9.8974
D,DISPATCH,UNIT_SCADA,1,"2019/08/20 18:20:00",ROYALLA1,0
D,DISPATCH,UNIT_SCADA,1,"2019/08/20 18:20:00",RPCG,11.60
D,DISPATCH,UNIT_SCADA,1,"2019/08/20 18:20:00",RUBICON,0
D,DISPATCH,UNIT_SCADA,1,"2019/08/20 18:20:00",SATGN1,0
D,DISPATCH,UNIT_SCADA,1,"2019/08/20 18:20:00",SATGS1,0
D,DISPATCH,UNIT_SCADA,1,"2019/08/20 18:20:00",STARHLWF,28.191780
D,DISPATCH,UNIT_SCADA,1,"2019/08/20 18:20:00",WAUBRAWF,154.975998
D,DISPATCH,UNIT_SCADA,1,"2019/08/20 18:20:00",WOOLNTH1,65.280014
D,DISPATCH,UNIT_SCADA,1,"2019/08/20 18:20:00",WPWF,52
D,DISPATCH,UNIT_SCADA,1,"2019/08/20 18:20:00",YAMBUKWF,29.799999
D,DISPATCH,UNIT_SCADA,1,"2019/08/20 18:20:00",YSWF1,28.40
D,DISPATCH,UNIT_SCADA,1,"2019/08/20 18:20:00",AGLHAL,0
D,DISPATCH,UNIT_SCADA,1,"2019/08/20 18:20:00",AGLSOM,79.60
D,DISPATCH,UNIT_SCADA,1,"2019/08/20 18:20:00",ANGAST1,0
D,DISPATCH,UNIT_SCADA,1,"2019/08/20 18:20:00",ARWF1,42.60
D,DISPATCH,UNIT_SCADA,1,"2019/08/20 18:20:00",BALBG1,0
D,DISPATCH,UNIT_SCADA,1,"2019/08/20 18:20:00",BALBL1,9.45
D,DISPATCH,UNIT_SCADA,1,"2019/08/20 18:20:00",BALDHWF1,103.3320
D,DISPATCH,UNIT_SCADA,1,"2019/08/20 18:20:00",BANN1,0
D,DISPATCH,UNIT_SCADA,1,"2019/08/20 18:20:00",BARCALDN,0
D,DISPATCH,UNIT_SCADA,1,"2019/08/20 18:20:00",BARRON-1,0
D,DISPATCH,UNIT_SCADA,1,"2019/08/20 18:20:00",BARRON-2,27.96
D,DISPATCH,UNIT_SCADA,1,"2019/08/20 18:20:00",BASTYAN,80.240010
D,DISPATCH,UNIT_SCADA,1,"2019/08/20 18:20:00",BBTHREE1,-1.90
D,DISPATCH,UNIT_SCADA,1,"2019/08/20 18:20:00",BBTHREE2,-1.98
D,DISPATCH,UNIT_SCADA,1,"2019/08/20 18:20:00",BBTHREE3,-1
D,DISPATCH,UNIT_SCADA,1,"2019/08/20 18:20:00",BDL01,0
D,DISPATCH,UNIT_SCADA,1,"2019/08/20 18:20:00",BDL02,43.02
D,DISPATCH,UNIT_SCADA,1,"2019/08/20 18:20:00",BERYLSF1,0
D,DISPATCH,UNIT_SCADA,1,"2019/08/20 18:20:00",BLOWERNG,0
D,DISPATCH,UNIT_SCADA,1,"2019/08/20 18:20:00",BLUFF1,32.50
D,DISPATCH,UNIT_SCADA,1,"2019/08/20 18:20:00",BNGSF1,0.78
D,DISPATCH,UNIT_SCADA,1,"2019/08/20 18:20:00",BNGSF2,0.33
D,DISPATCH,UNIT_SCADA,1,"2019/08/20 18:20:00",BOCORWF1,102.86
D,DISPATCH,UNIT_SCADA,1,"2019/08/20 18:20:00",BODWF1,44.062640
D,DISPATCH,UNIT_SCADA,1,"2019/08/20 18:20:00",BRAEMAR1,0
D,DISPATCH,UNIT_SCADA,1,"2019/08/20 18:20:00",BRAEMAR2,172.80
D,DISPATCH,UNIT_SCADA,1,"2019/08/20 18:20:00",BRAEMAR3,0
D,DISPATCH,UNIT_SCADA,1,"2019/08/20 18:20:00",BRAEMAR5,0
D,DISPATCH,UNIT_SCADA,1,"2019/08/20 18:20:00",BRAEMAR6,159.605210
D,DISPATCH,UNIT_SCADA,1,"2019/08/20 18:20:00",BRAEMAR7,0
D,DISPATCH,UNIT_SCADA,1,"2019/08/20 18:20:00",BROKENH1,0
D,DISPATCH,UNIT_SCADA,1,"2019/08/20 18:20:00",BW01,636.8750
D,DISPATCH,UNIT_SCADA,1,"2019/08/20 18:20:00",BW02,660.925050
D,DISPATCH,UNIT_SCADA,1,"2019/08/20 18:20:00",BW03,657.1250
D,DISPATCH,UNIT_SCADA,1,"2019/08/20 18:20:00",BW04,0
D,DISPATCH,UNIT_SCADA,1,"2019/08/20 18:20:00",CALL_B_1,349.899990
D,DISPATCH,UNIT_SCADA,1,"2019/08/20 18:20:00",CALL_B_2,293.899990
D,DISPATCH,UNIT_SCADA,1,"2019/08/20 18:20:00",CETHANA,95.011120
D,DISPATCH,UNIT_SCADA,1,"2019/08/20 18:20:00",CG1,0
D,DISPATCH,UNIT_SCADA,1,"2019/08/20 18:20:00",CG2,0
D,DISPATCH,UNIT_SCADA,1,"2019/08/20 18:20:00",CG3,0
D,DISPATCH,UNIT_SCADA,1,"2019/08/20 18:20:00",CG4,0
D,DISPATCH,UNIT_SCADA,1,"2019/08/20 18:20:00",CHILDSF1,0
D,DISPATCH,UNIT_SCADA,1,"2019/08/20 18:20:00",CLARESF1,0
D,DISPATCH,UNIT_SCADA,1,"2019/08/20 18:20:00",CLEMGPWF,14.911250
D,DISPATCH,UNIT_SCADA,1,"2019/08/20 18:20:00",CLERMSF1,0
D,DISPATCH,UNIT_SCADA,1,"2019/08/20 18:20:00",COLEASF1,0
D,DISPATCH,UNIT_SCADA,1,"2019/08/20 18:20:00",COOPGWF1,29.285540
D,DISPATCH,UNIT_SCADA,1,"2019/08/20 18:20:00",CPP_3,406.175020
D,DISPATCH,UNIT_SCADA,1,"2019/08/20 18:20:00",CPP_4,406.725010
D,DISPATCH,UNIT_SCADA,1,"2019/08/20 18:20:00",CPSA,142.420620
D,DISPATCH,UNIT_SCADA,1,"2019/08/20 18:20:00",CROOKWF2,83.233750
D,DISPATCH,UNIT_SCADA,1,"2019/08/20 18:20:00",CROWLWF1,44.670970
D,DISPATCH,UNIT_SCADA,1,"2019/08/20 18:20:00",CSPVPS1,0.0190
D,DISPATCH,UNIT_SCADA,1,"2019/08/20 18:20:00",DALNTH01,0.077820
D,DISPATCH,UNIT_SCADA,1,"2019/08/20 18:20:00",DALNTHL1,0.056460
D,DISPATCH,UNIT_SCADA,1,"2019/08/20 18:20:00",DARTM1,133.100010
D,DISPATCH,UNIT_SCADA,1,"2019/08/20 18:20:00",DAYDSF1,0
D,DISPATCH,UNIT_SCADA,1,"2019/08/20 18:20:00",DDPS1,477.136080
D,DISPATCH,UNIT_SCADA,1,"2019/08/20 18:20:00",DDSF1,0
D,DISPATCH,UNIT_SCADA,1,"2019/08/20 18:20:00",DEVILS_G,60.629290
D,DISPATCH,UNIT_SCADA,1,"2019/08/20 18:20:00",DG_NSW1,0
D,DISPATCH,UNIT_SCADA,1,"2019/08/20 18:20:00",DG_QLD1,0
D,DISPATCH,UNIT_SCADA,1,"2019/08/20 18:20:00",DG_SA1,0
D,DISPATCH,UNIT_SCADA,1,"2019/08/20 18:20:00",DG_TAS1,0
D,DISPATCH,UNIT_SCADA,1,"2019/08/20 18:20:00",DG_VIC1,0
D,DISPATCH,UNIT_SCADA,1,"2019/08/20 18:20:00",DRYCGT1,0
D,DISPATCH,UNIT_SCADA,1,"2019/08/20 18:20:00",DRYCGT2,0
D,DISPATCH,UNIT_SCADA,1,"2019/08/20 18:20:00",DRYCGT3,0
D,DISPATCH,UNIT_SCADA,1,"2019/08/20 18:20:00",EILDON1,0
D,DISPATCH,UNIT_SCADA,1,"2019/08/20 18:20:00",EILDON2,0
D,DISPATCH,UNIT_SCADA,1,"2019/08/20 18:20:00",EMERASF1,0
D,DISPATCH,UNIT_SCADA,1,"2019/08/20 18:20:00",ER01,587.824950
D,DISPATCH,UNIT_SCADA,1,"2019/08/20 18:20:00",ER02,658.199950
D,DISPATCH,UNIT_SCADA,1,"2019/08/20 18:20:00",ER03,700.549930
D,DISPATCH,UNIT_SCADA,1,"2019/08/20 18:20:00",ER04,647.675050
D,DISPATCH,UNIT_SCADA,1,"2019/08/20 18:20:00",FINLYSF1,0
D,DISPATCH,UNIT_SCADA,1,"2019/08/20 18:20:00",FISHER,45.82
D,DISPATCH,UNIT_SCADA,1,"2019/08/20 18:20:00",GANNBG1,1.181680
D,DISPATCH,UNIT_SCADA,1,"2019/08/20 18:20:00",GANNBL1,0
D,DISPATCH,UNIT_SCADA,1,"2019/08/20 18:20:00",GANNSF1,0
D,DISPATCH,UNIT_SCADA,1,"2019/08/20 18:20:00",GORDON,10.559920
D,DISPATCH,UNIT_SCADA,1,"2019/08/20 18:20:00",GSTONE1,219.099990
D,DISPATCH,UNIT_SCADA,1,"2019/08/20 18:20:00",GSTONE2,219.80
D,DISPATCH,UNIT_SCADA,1,"2019/08/20 18:20:00",GSTONE3,220.50
D,DISPATCH,UNIT_SCADA,1,"2019/08/20 18:20:00",GSTONE4,218.399990
D,DISPATCH,UNIT_SCADA,1,"2019/08/20 18:20:00",GSTONE5,217.524990
D,DISPATCH,UNIT_SCADA,1,"2019/08/20 18:20:00",GSTONE6,0
D,DISPATCH,UNIT_SCADA,1,"2019/08/20 18:20:00",GULLRSF1,0
D,DISPATCH,UNIT_SCADA,1,"2019/08/20 18:20:00",GULLRWF1,145.280610
D,DISPATCH,UNIT_SCADA,1,"2019/08/20 18:20:00",GUNNING1,44.832130
D,DISPATCH,UNIT_SCADA,1,"2019/08/20 18:20:00",GUTHEGA,30.30
D,DISPATCH,UNIT_SCADA,1,"2019/08/20 18:20:00",HALLWF1,89.59
D,DISPATCH,UNIT_SCADA,1,"2019/08/20 18:20:00",HALLWF2,64.86
D,DISPATCH,UNIT_SCADA,1,"2019/08/20 18:20:00",HAMISF1,0
D,DISPATCH,UNIT_SCADA,1,"2019/08/20 18:20:00",HAUGHT11,0
D,DISPATCH,UNIT_SCADA,1,"2019/08/20 18:20:00",HAYMSF1,0
D,DISPATCH,UNIT_SCADA,1,"2019/08/20 18:20:00",HDWF1,41.40
D,DISPATCH,UNIT_SCADA,1,"2019/08/20 18:20:00",HDWF2,32.30
D,DISPATCH,UNIT_SCADA,1,"2019/08/20 18:20:00",HDWF3,46.50
D,DISPATCH,UNIT_SCADA,1,"2019/08/20 18:20:00",HPRG1,0
D,DISPATCH,UNIT_SCADA,1,"2019/08/20 18:20:00",HPRL1,8.50
D,DISPATCH,UNIT_SCADA,1,"2019/08/20 18:20:00",HUMENSW,0
D,DISPATCH,UNIT_SCADA,1,"2019/08/20 18:20:00",HUMEV,7.90
D,DISPATCH,UNIT_SCADA,1,"2019/08/20 18:20:00",HVGTS,0
D,DISPATCH,UNIT_SCADA,1,"2019/08/20 18:20:00",JBUTTERS,136.289990
D,DISPATCH,UNIT_SCADA,1,"2019/08/20 18:20:00",JLA01,0.50
D,DISPATCH,UNIT_SCADA,1,"2019/08/20 18:20:00",JLA02,0
D,DISPATCH,UNIT_SCADA,1,"2019/08/20 18:20:00",JLA03,0.10
D,DISPATCH,UNIT_SCADA,1,"2019/08/20 18:20:00",JLA04,0.10
D,DISPATCH,UNIT_SCADA,1,"2019/08/20 18:20:00",JLB01,0
D,DISPATCH,UNIT_SCADA,1,"2019/08/20 18:20:00",JLB02,83.70
D,DISPATCH,UNIT_SCADA,1,"2019/08/20 18:20:00",JLB03,0
D,DISPATCH,UNIT_SCADA,1,"2019/08/20 18:20:00",KAREEYA1,21.5075
D,DISPATCH,UNIT_SCADA,1,"2019/08/20 18:20:00",KAREEYA2,21.7475
D,DISPATCH,UNIT_SCADA,1,"2019/08/20 18:20:00",KAREEYA3,0
D,DISPATCH,UNIT_SCADA,1,"2019/08/20 18:20:00",KAREEYA4,21.5350
D,DISPATCH,UNIT_SCADA,1,"2019/08/20 18:20:00",KARSF1,0
D,DISPATCH,UNIT_SCADA,1,"2019/08/20 18:20:00",KIATAWF1,30.80
D,DISPATCH,UNIT_SCADA,1,"2019/08/20 18:20:00",KPP_1,0
D,DISPATCH,UNIT_SCADA,1,"2019/08/20 18:20:00",KSP1,0
D,DISPATCH,UNIT_SCADA,1,"2019/08/20 18:20:00",LADBROK1,42.38
D,DISPATCH,UNIT_SCADA,1,"2019/08/20 18:20:00",LADBROK2,43.09
D,DISPATCH,UNIT_SCADA,1,"2019/08/20 18:20:00",LD01,420.824980
D,DISPATCH,UNIT_SCADA,1,"2019/08/20 18:20:00",LD02,419.100040
D,DISPATCH,UNIT_SCADA,1,"2019/08/20 18:20:00",LD03,420.787540
D,DISPATCH,UNIT_SCADA,1,"2019/08/20 18:20:00",LD04,376.949950
D,DISPATCH,UNIT_SCADA,1,"2019/08/20 18:20:00",LEM_WIL,85.4849
D,DISPATCH,UNIT_SCADA,1,"2019/08/20 18:20:00",LGAPWF1,29.48
D,DISPATCH,UNIT_SCADA,1,"2019/08/20 18:20:00",LILYSF1,0
D,DISPATCH,UNIT_SCADA,1,"2019/08/20 18:20:00",LI_WY_CA,149.125550
D,DISPATCH,UNIT_SCADA,1,"2019/08/20 18:20:00",LKBONNY2,151.361890
D,DISPATCH,UNIT_SCADA,1,"2019/08/20 18:20:00",LKBONNY3,34.888760
D,DISPATCH,UNIT_SCADA,1,"2019/08/20 18:20:00",LK_ECHO,0
D,DISPATCH,UNIT_SCADA,1,"2019/08/20 18:20:00",LNGS1,0
D,DISPATCH,UNIT_SCADA,1,"2019/08/20 18:20:00",LNGS2,0
D,DISPATCH,UNIT_SCADA,1,"2019/08/20 18:20:00",LONSDALE,0
D,DISPATCH,UNIT_SCADA,1,"2019/08/20 18:20:00",LOYYB1,534.960750
D,DISPATCH,UNIT_SCADA,1,"2019/08/20 18:20:00",LOYYB2,583.458250
D,DISPATCH,UNIT_SCADA,1,"2019/08/20 18:20:00",LYA1,560
D,DISPATCH,UNIT_SCADA,1,"2019/08/20 18:20:00",LYA2,0
D,DISPATCH,UNIT_SCADA,1,"2019/08/20 18:20:00",LYA3,562
D,DISPATCH,UNIT_SCADA,1,"2019/08/20 18:20:00",LYA4,540
D,DISPATCH,UNIT_SCADA,1,"2019/08/20 18:20:00",MACARTH1,354.091830
D,DISPATCH,UNIT_SCADA,1,"2019/08/20 18:20:00",MACKAYGT,0
D,DISPATCH,UNIT_SCADA,1,"2019/08/20 18:20:00",MACKNTSH,84.990010
D,DISPATCH,UNIT_SCADA,1,"2019/08/20 18:20:00",MANSLR1,0
D,DISPATCH,UNIT_SCADA,1,"2019/08/20 18:20:00",MCKAY1,0.02
D,DISPATCH,UNIT_SCADA,1,"2019/08/20 18:20:00",MEADOWBK,33.981620
D,DISPATCH,UNIT_SCADA,1,"2019/08/20 18:20:00",MERCER01,121.973990
D,DISPATCH,UNIT_SCADA,1,"2019/08/20 18:20:00",MEWF1,21.936130
D,DISPATCH,UNIT_SCADA,1,"2019/08/20 18:20:00",MINTARO,0
D,DISPATCH,UNIT_SCADA,1,"2019/08/20 18:20:00",MOREESF1,0
D,DISPATCH,UNIT_SCADA,1,"2019/08/20 18:20:00",MORTLK11,259
D,DISPATCH,UNIT_SCADA,1,"2019/08/20 18:20:00",MORTLK12,0
D,DISPATCH,UNIT_SCADA,1,"2019/08/20 18:20:00",MP1,277.275020
D,DISPATCH,UNIT_SCADA,1,"2019/08/20 18:20:00",MP2,0
D,DISPATCH,UNIT_SCADA,1,"2019/08/20 18:20:00",MPP_1,408.25
D,DISPATCH,UNIT_SCADA,1,"2019/08/20 18:20:00",MPP_2,434.75
D,DISPATCH,UNIT_SCADA,1,"2019/08/20 18:20:00",MSTUART1,0
D,DISPATCH,UNIT_SCADA,1,"2019/08/20 18:20:00",MSTUART2,0
D,DISPATCH,UNIT_SCADA,1,"2019/08/20 18:20:00",MSTUART3,0
D,DISPATCH,UNIT_SCADA,1,"2019/08/20 18:20:00",MTGELWF1,64.900670
D,DISPATCH,UNIT_SCADA,1,"2019/08/20 18:20:00",MURRAY,0
D,DISPATCH,UNIT_SCADA,1,"2019/08/20 18:20:00",MUSSELR1,73.80
D,DISPATCH,UNIT_SCADA,1,"2019/08/20 18:20:00",MUWAWF1,45.67
D,DISPATCH,UNIT_SCADA,1,"2019/08/20 18:20:00",NBHWF1,81
D,DISPATCH,UNIT_SCADA,1,"2019/08/20 18:20:00",NPS,505.1250
D,DISPATCH,UNIT_SCADA,1,"2019/08/20 18:20:00",NUMURSF1,0
D,DISPATCH,UNIT_SCADA,1,"2019/08/20 18:20:00",NYNGAN1,0
D,DISPATCH,UNIT_SCADA,1,"2019/08/20 18:20:00",OAKEY1,0
D,DISPATCH,UNIT_SCADA,1,"2019/08/20 18:20:00",OAKEY1SF,0.0380
D,DISPATCH,UNIT_SCADA,1,"2019/08/20 18:20:00",OAKEY2,0
D,DISPATCH,UNIT_SCADA,1,"2019/08/20 18:20:00",OAKLAND1,57
D,DISPATCH,UNIT_SCADA,1,"2019/08/20 18:20:00",OSB-AG,183.320010
D,DISPATCH,UNIT_SCADA,1,"2019/08/20 18:20:00",PARSF1,0
D,DISPATCH,UNIT_SCADA,1,"2019/08/20 18:20:00",POAT110,0
D,DISPATCH,UNIT_SCADA,1,"2019/08/20 18:20:00",POAT220,98.920010
D,DISPATCH,UNIT_SCADA,1,"2019/08/20 18:20:00",POR01,0
D,DISPATCH,UNIT_SCADA,1,"2019/08/20 18:20:00",POR03,0
D,DISPATCH,UNIT_SCADA,1,"2019/08/20 18:20:00",PPCCGT,495.682460
D,DISPATCH,UNIT_SCADA,1,"2019/08/20 18:20:00",PTSTAN1,0
D,DISPATCH,UNIT_SCADA,1,"2019/08/20 18:20:00",PUMP1,0
D,DISPATCH,UNIT_SCADA,1,"2019/08/20 18:20:00",PUMP2,0
D,DISPATCH,UNIT_SCADA,1,"2019/08/20 18:20:00",QPS1,29
D,DISPATCH,UNIT_SCADA,1,"2019/08/20 18:20:00",QPS2,0
D,DISPATCH,UNIT_SCADA,1,"2019/08/20 18:20:00",QPS3,0
D,DISPATCH,UNIT_SCADA,1,"2019/08/20 18:20:00",QPS4,0
D,DISPATCH,UNIT_SCADA,1,"2019/08/20 18:20:00",QPS5,0
D,DISPATCH,UNIT_SCADA,1,"2019/08/20 18:20:00",REECE1,116.600010
D,DISPATCH,UNIT_SCADA,1,"2019/08/20 18:20:00",REECE2,116.310010
D,DISPATCH,UNIT_SCADA,1,"2019/08/20 18:20:00",ROMA_7,0
D,DISPATCH,UNIT_SCADA,1,"2019/08/20 18:20:00",ROMA_8,0
D,DISPATCH,UNIT_SCADA,1,"2019/08/20 18:20:00",RRSF1,0
D,DISPATCH,UNIT_SCADA,1,"2019/08/20 18:20:00",RT_NSW1,0
D,DISPATCH,UNIT_SCADA,1,"2019/08/20 18:20:00",RT_NSW2,0
D,DISPATCH,UNIT_SCADA,1,"2019/08/20 18:20:00",RT_NSW3,0
D,DISPATCH,UNIT_SCADA,1,"2019/08/20 18:20:00",RT_NSW4,0
D,DISPATCH,UNIT_SCADA,1,"2019/08/20 18:20:00",RT_NSW5,0
D,DISPATCH,UNIT_SCADA,1,"2019/08/20 18:20:00",RT_NSW6,0
D,DISPATCH,UNIT_SCADA,1,"2019/08/20 18:20:00",RT_QLD1,0
D,DISPATCH,UNIT_SCADA,1,"2019/08/20 18:20:00",RT_SA1,0
D,DISPATCH,UNIT_SCADA,1,"2019/08/20 18:20:00",RT_SA2,0
D,DISPATCH,UNIT_SCADA,1,"2019/08/20 18:20:00",RT_SA3,0
D,DISPATCH,UNIT_SCADA,1,"2019/08/20 18:20:00",RT_SA4,0
D,DISPATCH,UNIT_SCADA,1,"2019/08/20 18:20:00",RT_SA5,0
D,DISPATCH,UNIT_SCADA,1,"2019/08/20 18:20:00",RT_SA6,0
D,DISPATCH,UNIT_SCADA,1,"2019/08/20 18:20:00",RT_TAS1,0
D,DISPATCH,UNIT_SCADA,1,"2019/08/20 18:20:00",RT_VIC1,0
D,DISPATCH,UNIT_SCADA,1,"2019/08/20 18:20:00",RT_VIC10,0
D,DISPATCH,UNIT_SCADA,1,"2019/08/20 18:20:00",RT_VIC11,0
D,DISPATCH,UNIT_SCADA,1,"2019/08/20 18:20:00",RT_VIC12,0
D,DISPATCH,UNIT_SCADA,1,"2019/08/20 18:20:00",RT_VIC2,0
D,DISPATCH,UNIT_SCADA,1,"2019/08/20 18:20:00",RT_VIC3,0
D,DISPATCH,UNIT_SCADA,1,"2019/08/20 18:20:00",RT_VIC4,0
D,DISPATCH,UNIT_SCADA,1,"2019/08/20 18:20:00",RT_VIC5,0
D,DISPATCH,UNIT_SCADA,1,"2019/08/20 18:20:00",RT_VIC6,0
D,DISPATCH,UNIT_SCADA,1,"2019/08/20 18:20:00",RT_VIC7,0
D,DISPATCH,UNIT_SCADA,1,"2019/08/20 18:20:00",RT_VIC8,0
D,DISPATCH,UNIT_SCADA,1,"2019/08/20 18:20:00",RT_VIC9,0
D,DISPATCH,UNIT_SCADA,1,"2019/08/20 18:20:00",RUGBYR1,0
D,DISPATCH,UNIT_SCADA,1,"2019/08/20 18:20:00",SALTCRK1,49.32
D,DISPATCH,UNIT_SCADA,1,"2019/08/20 18:20:00",SAPHWF1,149.334380
D,DISPATCH,UNIT_SCADA,1,"2019/08/20 18:20:00",SHGEN,199.978240
D,DISPATCH,UNIT_SCADA,1,"2019/08/20 18:20:00",SHPUMP,0
D,DISPATCH,UNIT_SCADA,1,"2019/08/20 18:20:00",SITHE01,0.123710
D,DISPATCH,UNIT_SCADA,1,"2019/08/20 18:20:00",SMCSF1,0
D,DISPATCH,UNIT_SCADA,1,"2019/08/20 18:20:00",SNOWNTH1,95.70
D,DISPATCH,UNIT_SCADA,1,"2019/08/20 18:20:00",SNOWSTH1,110.600010
D,DISPATCH,UNIT_SCADA,1,"2019/08/20 18:20:00",SNOWTWN1,82.182540
D,DISPATCH,UNIT_SCADA,1,"2019/08/20 18:20:00",SNOWYP,0
D,DISPATCH,UNIT_SCADA,1,"2019/08/20 18:20:00",SNUG1,0.019440
D,DISPATCH,UNIT_SCADA,1,"2019/08/20 18:20:00",SRSF1,0.07
D,DISPATCH,UNIT_SCADA,1,"2019/08/20 18:20:00",STAN-1,0
D,DISPATCH,UNIT_SCADA,1,"2019/08/20 18:20:00",STAN-2,345.503810
D,DISPATCH,UNIT_SCADA,1,"2019/08/20 18:20:00",STAN-3,342.145540
D,DISPATCH,UNIT_SCADA,1,"2019/08/20 18:20:00",STAN-4,368.755280
D,DISPATCH,UNIT_SCADA,1,"2019/08/20 18:20:00",STWF1,54.292510
D,DISPATCH,UNIT_SCADA,1,"2019/08/20 18:20:00",SWAN_E,0
D,DISPATCH,UNIT_SCADA,1,"2019/08/20 18:20:00",TALWA1,421
D,DISPATCH,UNIT_SCADA,1,"2019/08/20 18:20:00",TARALGA1,102.438740
D,DISPATCH,UNIT_SCADA,1,"2019/08/20 18:20:00",TARONG#1,346
D,DISPATCH,UNIT_SCADA,1,"2019/08/20 18:20:00",TARONG#2,346.300020
D,DISPATCH,UNIT_SCADA,1,"2019/08/20 18:20:00",TARONG#3,260.100010
D,DISPATCH,UNIT_SCADA,1,"2019/08/20 18:20:00",TARONG#4,350.200010
D,DISPATCH,UNIT_SCADA,1,"2019/08/20 18:20:00",TARRALEA,85.10
D,DISPATCH,UNIT_SCADA,1,"2019/08/20 18:20:00",TBSF1,-0.30
D,DISPATCH,UNIT_SCADA,1,"2019/08/20 18:20:00",TNPS1,441.700010
D,DISPATCH,UNIT_SCADA,1,"2019/08/20 18:20:00",TORRA1,70.791090
D,DISPATCH,UNIT_SCADA,1,"2019/08/20 18:20:00",TORRA2,0
D,DISPATCH,UNIT_SCADA,1,"2019/08/20 18:20:00",TORRA3,0
D,DISPATCH,UNIT_SCADA,1,"2019/08/20 18:20:00",TORRA4,0
D,DISPATCH,UNIT_SCADA,1,"2019/08/20 18:20:00",TORRB1,90.40
D,DISPATCH,UNIT_SCADA,1,"2019/08/20 18:20:00",TORRB2,162.83
D,DISPATCH,UNIT_SCADA,1,"2019/08/20 18:20:00",TORRB3,0
D,DISPATCH,UNIT_SCADA,1,"2019/08/20 18:20:00",TORRB4,0
D,DISPATCH,UNIT_SCADA,1,"2019/08/20 18:20:00",TREVALLN,69.220020
D,DISPATCH,UNIT_SCADA,1,"2019/08/20 18:20:00",TRIBUTE,70.38
D,DISPATCH,UNIT_SCADA,1,"2019/08/20 18:20:00",TUMUT3,950.949950
D,DISPATCH,UNIT_SCADA,1,"2019/08/20 18:20:00",TUNGATIN,126.810030
D,DISPATCH,UNIT_SCADA,1,"2019/08/20 18:20:00",TVCC201,0
D,DISPATCH,UNIT_SCADA,1,"2019/08/20 18:20:00",TVPP104,0
D,DISPATCH,UNIT_SCADA,1,"2019/08/20 18:20:00",UPPTUMUT,0
D,DISPATCH,UNIT_SCADA,1,"2019/08/20 18:20:00",URANQ11,0
D,DISPATCH,UNIT_SCADA,1,"2019/08/20 18:20:00",URANQ12,0
D,DISPATCH,UNIT_SCADA,1,"2019/08/20 18:20:00",URANQ13,0
D,DISPATCH,UNIT_SCADA,1,"2019/08/20 18:20:00",URANQ14,0
D,DISPATCH,UNIT_SCADA,1,"2019/08/20 18:20:00",VP5,625.400020
D,DISPATCH,UNIT_SCADA,1,"2019/08/20 18:20:00",VP6,629.325010
D,DISPATCH,UNIT_SCADA,1,"2019/08/20 18:20:00",VPGS1,0
D,DISPATCH,UNIT_SCADA,1,"2019/08/20 18:20:00",VPGS2,0
D,DISPATCH,UNIT_SCADA,1,"2019/08/20 18:20:00",VPGS3,0
D,DISPATCH,UNIT_SCADA,1,"2019/08/20 18:20:00",VPGS4,0
D,DISPATCH,UNIT_SCADA,1,"2019/08/20 18:20:00",VPGS5,0
D,DISPATCH,UNIT_SCADA,1,"2019/08/20 18:20:00",VPGS6,0
D,DISPATCH,UNIT_SCADA,1,"2019/08/20 18:20:00",W/HOE#1,285.84
D,DISPATCH,UNIT_SCADA,1,"2019/08/20 18:20:00",W/HOE#2,0
D,DISPATCH,UNIT_SCADA,1,"2019/08/20 18:20:00",WATERLWF,120.10
D,DISPATCH,UNIT_SCADA,1,"2019/08/20 18:20:00",WEMENSF1,0
D,DISPATCH,UNIT_SCADA,1,"2019/08/20 18:20:00",WGWF1,75.40
D,DISPATCH,UNIT_SCADA,1,"2019/08/20 18:20:00",WHITSF1,0
D,DISPATCH,UNIT_SCADA,1,"2019/08/20 18:20:00",WKIEWA1,0
D,DISPATCH,UNIT_SCADA,1,"2019/08/20 18:20:00",WKIEWA2,0.10
D,DISPATCH,UNIT_SCADA,1,"2019/08/20 18:20:00",WOODLWN1,44.9010
D,DISPATCH,UNIT_SCADA,1,"2019/08/20 18:20:00",WRSF1,0
D,DISPATCH,UNIT_SCADA,1,"2019/08/20 18:20:00",WRWF1,86.729990
D,DISPATCH,UNIT_SCADA,1,"2019/08/20 18:20:00",YABULU,0
D,DISPATCH,UNIT_SCADA,1,"2019/08/20 18:20:00",YABULU2,0
D,DISPATCH,UNIT_SCADA,1,"2019/08/20 18:20:00",YARWUN_1,0
D,DISPATCH,UNIT_SCADA,1,"2019/08/20 18:20:00",YENDWF1,41.87
D,DISPATCH,UNIT_SCADA,1,"2019/08/20 18:20:00",YWPS1,381.7038
D,DISPATCH,UNIT_SCADA,1,"2019/08/20 18:20:00",YWPS2,276.6886
D,DISPATCH,UNIT_SCADA,1,"2019/08/20 18:20:00",YWPS3,0
D,DISPATCH,UNIT_SCADA,1,"2019/08/20 18:20:00",YWPS4,395.237980
C,"END OF REPORT",334
