C,NEMP.WORLD,DISPATCHSCADA,AEMO,PUBLIC,2019/08/21,21:45:09,0000000311842548,DISPATCHSCADA,0000000311842542
I,DISPATCH,UNIT_SCADA,1,SETTLEMENTDATE,DUID,SCADAVALUE
D,DISPATCH,UNIT_SCADA,1,"2019/08/21 21:50:00",BARCSF1,0.70
D,DISPATCH,UNIT_SCADA,1,"2019/08/21 21:50:00",BUTLERSG,9.699999
D,DISPATCH,UNIT_SCADA,1,"2019/08/21 21:50:00",CALL_A_4,0
D,DISPATCH,UNIT_SCADA,1,"2019/08/21 21:50:00",CAPTL_WF,123.996002
D,DISPATCH,UNIT_SCADA,1,"2019/08/21 21:50:00",CATHROCK,25.059999
D,DISPATCH,UNIT_SCADA,1,"2019/08/21 21:50:00",CHALLHWF,45.200001
D,DISPATCH,UNIT_SCADA,1,"2019/08/21 21:50:00",CLOVER,-0.01
D,DISPATCH,UNIT_SCADA,1,"2019/08/21 21:50:00",CLUNY,20.049896
D,DISPATCH,UNIT_SCADA,1,"2019/08/21 21:50:00",CNUNDAWF,41.148003
D,DISPATCH,UNIT_SCADA,1,"2019/08/21 21:50:00",CULLRGWF,30.33
D,DISPATCH,UNIT_SCADA,1,"2019/08/21 21:50:00",ERGT01,0
D,DISPATCH,UNIT_SCADA,1,"2019/08/21 21:50:00",GB01,0.070793
D,DISPATCH,UNIT_SCADA,1,"2019/08/21 21:50:00",GERMCRK,39.200001
D,DISPATCH,UNIT_SCADA,1,"2019/08/21 21:50:00",GRIFSF1,0
D,DISPATCH,UNIT_SCADA,1,"2019/08/21 21:50:00",HUGSF1,-0.2430
D,DISPATCH,UNIT_SCADA,1,"2019/08/21 21:50:00",LKBONNY1,73.144371
D,DISPATCH,UNIT_SCADA,1,"2019/08/21 21:50:00",LRSF1,0.0390
D,DISPATCH,UNIT_SCADA,1,"2019/08/21 21:50:00",MBAHNTH,55.856247
D,DISPATCH,UNIT_SCADA,1,"2019/08/21 21:50:00",MLSP1,0.271001
D,DISPATCH,UNIT_SCADA,1,"2019/08/21 21:50:00",MLWF1,18.6450
D,DISPATCH,UNIT_SCADA,1,"2019/08/21 21:50:00",MTMILLAR,9.815090
D,DISPATCH,UNIT_SCADA,1,"2019/08/21 21:50:00",PALOONA,24.359999
D,DISPATCH,UNIT_SCADA,1,"2019/08/21 21:50:00",PIONEER,31.300001
D,DISPATCH,UNIT_SCADA,1,"2019/08/21 21:50:00",PORTWF,138.899994
D,DISPATCH,UNIT_SCADA,1,"2019/08/21 21:50:00",REPULSE,28.796215
D,DISPATCH,UNIT_SCADA,1,"2019/08/21 21:50:00",ROWALLAN,10.3376
D,DISPATCH,UNIT_SCADA,1,"2019/08/21 21:50:00",ROYALLA1,0
D,DISPATCH,UNIT_SCADA,1,"2019/08/21 21:50:00",RPCG,10.60
D,DISPATCH,UNIT_SCADA,1,"2019/08/21 21:50:00",RUBICON,0
D,DISPATCH,UNIT_SCADA,1,"2019/08/21 21:50:00",SATGN1,0
D,DISPATCH,UNIT_SCADA,1,"2019/08/21 21:50:00",SATGS1,0
D,DISPATCH,UNIT_SCADA,1,"2019/08/21 21:50:00",STARHLWF,12.896239
D,DISPATCH,UNIT_SCADA,1,"2019/08/21 21:50:00",WAUBRAWF,179.3190
D,DISPATCH,UNIT_SCADA,1,"2019/08/21 21:50:00",WOOLNTH1,68.780022
D,DISPATCH,UNIT_SCADA,1,"2019/08/21 21:50:00",WPWF,30
D,DISPATCH,UNIT_SCADA,1,"2019/08/21 21:50:00",YAMBUKWF,29.700001
D,DISPATCH,UNIT_SCADA,1,"2019/08/21 21:50:00",YSWF1,28.50
D,DISPATCH,UNIT_SCADA,1,"2019/08/21 21:50:00",AGLHAL,0
D,DISPATCH,UNIT_SCADA,1,"2019/08/21 21:50:00",AGLSOM,0
D,DISPATCH,UNIT_SCADA,1,"2019/08/21 21:50:00",ANGAST1,0
D,DISPATCH,UNIT_SCADA,1,"2019/08/21 21:50:00",ARWF1,179.099990
D,DISPATCH,UNIT_SCADA,1,"2019/08/21 21:50:00",BALBG1,0
D,DISPATCH,UNIT_SCADA,1,"2019/08/21 21:50:00",BALBL1,13.26
D,DISPATCH,UNIT_SCADA,1,"2019/08/21 21:50:00",BALDHWF1,70.335010
D,DISPATCH,UNIT_SCADA,1,"2019/08/21 21:50:00",BANN1,0
D,DISPATCH,UNIT_SCADA,1,"2019/08/21 21:50:00",BARCALDN,0
D,DISPATCH,UNIT_SCADA,1,"2019/08/21 21:50:00",BARRON-1,0
D,DISPATCH,UNIT_SCADA,1,"2019/08/21 21:50:00",BARRON-2,28.32
D,DISPATCH,UNIT_SCADA,1,"2019/08/21 21:50:00",BASTYAN,78.76
D,DISPATCH,UNIT_SCADA,1,"2019/08/21 21:50:00",BBTHREE1,-1.89
D,DISPATCH,UNIT_SCADA,1,"2019/08/21 21:50:00",BBTHREE2,-1.89
D,DISPATCH,UNIT_SCADA,1,"2019/08/21 21:50:00",BBTHREE3,0
D,DISPATCH,UNIT_SCADA,1,"2019/08/21 21:50:00",BDL01,-0.06
D,DISPATCH,UNIT_SCADA,1,"2019/08/21 21:50:00",BDL02,0
D,DISPATCH,UNIT_SCADA,1,"2019/08/21 21:50:00",BERYLSF1,0
D,DISPATCH,UNIT_SCADA,1,"2019/08/21 21:50:00",BLOWERNG,0
D,DISPATCH,UNIT_SCADA,1,"2019/08/21 21:50:00",BLUFF1,13.40
D,DISPATCH,UNIT_SCADA,1,"2019/08/21 21:50:00",BNGSF1,0
D,DISPATCH,UNIT_SCADA,1,"2019/08/21 21:50:00",BNGSF2,0
D,DISPATCH,UNIT_SCADA,1,"2019/08/21 21:50:00",BOCORWF1,100.89
D,DISPATCH,UNIT_SCADA,1,"2019/08/21 21:50:00",BODWF1,90.002940
D,DISPATCH,UNIT_SCADA,1,"2019/08/21 21:50:00",BRAEMAR1,0
D,DISPATCH,UNIT_SCADA,1,"2019/08/21 21:50:00",BRAEMAR2,0
D,DISPATCH,UNIT_SCADA,1,"2019/08/21 21:50:00",BRAEMAR3,0
D,DISPATCH,UNIT_SCADA,1,"2019/08/21 21:50:00",BRAEMAR5,0
D,DISPATCH,UNIT_SCADA,1,"2019/08/21 21:50:00",BRAEMAR6,0
D,DISPATCH,UNIT_SCADA,1,"2019/08/21 21:50:00",BRAEMAR7,0
D,DISPATCH,UNIT_SCADA,1,"2019/08/21 21:50:00",BROKENH1,0
D,DISPATCH,UNIT_SCADA,1,"2019/08/21 21:50:00",BW01,633.75
D,DISPATCH,UNIT_SCADA,1,"2019/08/21 21:50:00",BW02,638.724980
D,DISPATCH,UNIT_SCADA,1,"2019/08/21 21:50:00",BW03,634.949950
D,DISPATCH,UNIT_SCADA,1,"2019/08/21 21:50:00",BW04,0
D,DISPATCH,UNIT_SCADA,1,"2019/08/21 21:50:00",CALL_B_1,348.600010
D,DISPATCH,UNIT_SCADA,1,"2019/08/21 21:50:00",CALL_B_2,348.300020
D,DISPATCH,UNIT_SCADA,1,"2019/08/21 21:50:00",CETHANA,98.9030
D,DISPATCH,UNIT_SCADA,1,"2019/08/21 21:50:00",CG1,0
D,DISPATCH,UNIT_SCADA,1,"2019/08/21 21:50:00",CG2,0
D,DISPATCH,UNIT_SCADA,1,"2019/08/21 21:50:00",CG3,0
D,DISPATCH,UNIT_SCADA,1,"2019/08/21 21:50:00",CG4,0
D,DISPATCH,UNIT_SCADA,1,"2019/08/21 21:50:00",CHILDSF1,0.01
D,DISPATCH,UNIT_SCADA,1,"2019/08/21 21:50:00",CLARESF1,0
D,DISPATCH,UNIT_SCADA,1,"2019/08/21 21:50:00",CLEMGPWF,45.8863
D,DISPATCH,UNIT_SCADA,1,"2019/08/21 21:50:00",CLERMSF1,0
D,DISPATCH,UNIT_SCADA,1,"2019/08/21 21:50:00",COLEASF1,0
D,DISPATCH,UNIT_SCADA,1,"2019/08/21 21:50:00",COOPGWF1,30.258050
D,DISPATCH,UNIT_SCADA,1,"2019/08/21 21:50:00",CPP_3,406.175020
D,DISPATCH,UNIT_SCADA,1,"2019/08/21 21:50:00",CPP_4,405.075010
D,DISPATCH,UNIT_SCADA,1,"2019/08/21 21:50:00",CPSA,142.378130
D,DISPATCH,UNIT_SCADA,1,"2019/08/21 21:50:00",CROOKWF2,89.263740
D,DISPATCH,UNIT_SCADA,1,"2019/08/21 21:50:00",CROWLWF1,43.184130
D,DISPATCH,UNIT_SCADA,1,"2019/08/21 21:50:00",CSPVPS1,0.0430
D,DISPATCH,UNIT_SCADA,1,"2019/08/21 21:50:00",DALNTH01,0
D,DISPATCH,UNIT_SCADA,1,"2019/08/21 21:50:00",DALNTHL1,0.144960
D,DISPATCH,UNIT_SCADA,1,"2019/08/21 21:50:00",DARTM1,0
D,DISPATCH,UNIT_SCADA,1,"2019/08/21 21:50:00",DAYDSF1,0
D,DISPATCH,UNIT_SCADA,1,"2019/08/21 21:50:00",DDPS1,361.678860
D,DISPATCH,UNIT_SCADA,1,"2019/08/21 21:50:00",DDSF1,0
D,DISPATCH,UNIT_SCADA,1,"2019/08/21 21:50:00",DEVILS_G,0
D,DISPATCH,UNIT_SCADA,1,"2019/08/21 21:50:00",DG_NSW1,0
D,DISPATCH,UNIT_SCADA,1,"2019/08/21 21:50:00",DG_QLD1,0
D,DISPATCH,UNIT_SCADA,1,"2019/08/21 21:50:00",DG_SA1,0
D,DISPATCH,UNIT_SCADA,1,"2019/08/21 21:50:00",DG_TAS1,0
D,DISPATCH,UNIT_SCADA,1,"2019/08/21 21:50:00",DG_VIC1,0
D,DISPATCH,UNIT_SCADA,1,"2019/08/21 21:50:00",DRYCGT1,0
D,DISPATCH,UNIT_SCADA,1,"2019/08/21 21:50:00",DRYCGT2,0
D,DISPATCH,UNIT_SCADA,1,"2019/08/21 21:50:00",DRYCGT3,0
D,DISPATCH,UNIT_SCADA,1,"2019/08/21 21:50:00",EILDON1,0
D,DISPATCH,UNIT_SCADA,1,"2019/08/21 21:50:00",EILDON2,0
D,DISPATCH,UNIT_SCADA,1,"2019/08/21 21:50:00",EMERASF1,0
D,DISPATCH,UNIT_SCADA,1,"2019/08/21 21:50:00",ER01,576.775020
D,DISPATCH,UNIT_SCADA,1,"2019/08/21 21:50:00",ER02,604.349980
D,DISPATCH,UNIT_SCADA,1,"2019/08/21 21:50:00",ER03,647.8501
D,DISPATCH,UNIT_SCADA,1,"2019/08/21 21:50:00",ER04,660.1250
D,DISPATCH,UNIT_SCADA,1,"2019/08/21 21:50:00",FINLYSF1,0
D,DISPATCH,UNIT_SCADA,1,"2019/08/21 21:50:00",FISHER,45.84
D,DISPATCH,UNIT_SCADA,1,"2019/08/21 21:50:00",GANNBG1,0.002360
D,DISPATCH,UNIT_SCADA,1,"2019/08/21 21:50:00",GANNBL1,0
D,DISPATCH,UNIT_SCADA,1,"2019/08/21 21:50:00",GANNSF1,0
D,DISPATCH,UNIT_SCADA,1,"2019/08/21 21:50:00",GORDON,23.2512
D,DISPATCH,UNIT_SCADA,1,"2019/08/21 21:50:00",GSTONE1,189.1750
D,DISPATCH,UNIT_SCADA,1,"2019/08/21 21:50:00",GSTONE2,190.05
D,DISPATCH,UNIT_SCADA,1,"2019/08/21 21:50:00",GSTONE3,191.974990
D,DISPATCH,UNIT_SCADA,1,"2019/08/21 21:50:00",GSTONE4,191.099990
D,DISPATCH,UNIT_SCADA,1,"2019/08/21 21:50:00",GSTONE5,189.1750
D,DISPATCH,UNIT_SCADA,1,"2019/08/21 21:50:00",GSTONE6,0
D,DISPATCH,UNIT_SCADA,1,"2019/08/21 21:50:00",GULLRSF1,0
D,DISPATCH,UNIT_SCADA,1,"2019/08/21 21:50:00",GULLRWF1,158.602540
D,DISPATCH,UNIT_SCADA,1,"2019/08/21 21:50:00",GUNNING1,43.587180
D,DISPATCH,UNIT_SCADA,1,"2019/08/21 21:50:00",GUTHEGA,31.10
D,DISPATCH,UNIT_SCADA,1,"2019/08/21 21:50:00",HALLWF1,33.84
D,DISPATCH,UNIT_SCADA,1,"2019/08/21 21:50:00",HALLWF2,31.54
D,DISPATCH,UNIT_SCADA,1,"2019/08/21 21:50:00",HAMISF1,0
D,DISPATCH,UNIT_SCADA,1,"2019/08/21 21:50:00",HAUGHT11,0
D,DISPATCH,UNIT_SCADA,1,"2019/08/21 21:50:00",HAYMSF1,0
D,DISPATCH,UNIT_SCADA,1,"2019/08/21 21:50:00",HDWF1,18.60
D,DISPATCH,UNIT_SCADA,1,"2019/08/21 21:50:00",HDWF2,14.50
D,DISPATCH,UNIT_SCADA,1,"2019/08/21 21:50:00",HDWF3,16.80
D,DISPATCH,UNIT_SCADA,1,"2019/08/21 21:50:00",HPRG1,0
D,DISPATCH,UNIT_SCADA,1,"2019/08/21 21:50:00",HPRL1,13
D,DISPATCH,UNIT_SCADA,1,"2019/08/21 21:50:00",HUMENSW,0
D,DISPATCH,UNIT_SCADA,1,"2019/08/21 21:50:00",HUMEV,9.80
D,DISPATCH,UNIT_SCADA,1,"2019/08/21 21:50:00",HVGTS,0
D,DISPATCH,UNIT_SCADA,1,"2019/08/21 21:50:00",JBUTTERS,137.209990
D,DISPATCH,UNIT_SCADA,1,"2019/08/21 21:50:00",JLA01,0.50
D,DISPATCH,UNIT_SCADA,1,"2019/08/21 21:50:00",JLA02,0
D,DISPATCH,UNIT_SCADA,1,"2019/08/21 21:50:00",JLA03,0.10
D,DISPATCH,UNIT_SCADA,1,"2019/08/21 21:50:00",JLA04,0.10
D,DISPATCH,UNIT_SCADA,1,"2019/08/21 21:50:00",JLB01,0
D,DISPATCH,UNIT_SCADA,1,"2019/08/21 21:50:00",JLB02,0.10
D,DISPATCH,UNIT_SCADA,1,"2019/08/21 21:50:00",JLB03,0
D,DISPATCH,UNIT_SCADA,1,"2019/08/21 21:50:00",KAREEYA1,21.58
D,DISPATCH,UNIT_SCADA,1,"2019/08/21 21:50:00",KAREEYA2,21.8625
D,DISPATCH,UNIT_SCADA,1,"2019/08/21 21:50:00",KAREEYA3,0
D,DISPATCH,UNIT_SCADA,1,"2019/08/21 21:50:00",KAREEYA4,21.7575
D,DISPATCH,UNIT_SCADA,1,"2019/08/21 21:50:00",KARSF1,0
D,DISPATCH,UNIT_SCADA,1,"2019/08/21 21:50:00",KIATAWF1,27.30
D,DISPATCH,UNIT_SCADA,1,"2019/08/21 21:50:00",KPP_1,0
D,DISPATCH,UNIT_SCADA,1,"2019/08/21 21:50:00",KSP1,0
D,DISPATCH,UNIT_SCADA,1,"2019/08/21 21:50:00",LADBROK1,0
D,DISPATCH,UNIT_SCADA,1,"2019/08/21 21:50:00",LADBROK2,0
D,DISPATCH,UNIT_SCADA,1,"2019/08/21 21:50:00",LD01,419.1188
D,DISPATCH,UNIT_SCADA,1,"2019/08/21 21:50:00",LD02,420.356230
D,DISPATCH,UNIT_SCADA,1,"2019/08/21 21:50:00",LD03,424.6875
D,DISPATCH,UNIT_SCADA,1,"2019/08/21 21:50:00",LD04,383.3812
D,DISPATCH,UNIT_SCADA,1,"2019/08/21 21:50:00",LEM_WIL,85.889690
D,DISPATCH,UNIT_SCADA,1,"2019/08/21 21:50:00",LGAPWF1,30.98
D,DISPATCH,UNIT_SCADA,1,"2019/08/21 21:50:00",LILYSF1,0
D,DISPATCH,UNIT_SCADA,1,"2019/08/21 21:50:00",LI_WY_CA,149.2515
D,DISPATCH,UNIT_SCADA,1,"2019/08/21 21:50:00",LKBONNY2,154.030030
D,DISPATCH,UNIT_SCADA,1,"2019/08/21 21:50:00",LKBONNY3,35.223690
D,DISPATCH,UNIT_SCADA,1,"2019/08/21 21:50:00",LK_ECHO,0
D,DISPATCH,UNIT_SCADA,1,"2019/08/21 21:50:00",LNGS1,0
D,DISPATCH,UNIT_SCADA,1,"2019/08/21 21:50:00",LNGS2,0
D,DISPATCH,UNIT_SCADA,1,"2019/08/21 21:50:00",LONSDALE,0
D,DISPATCH,UNIT_SCADA,1,"2019/08/21 21:50:00",LOYYB1,535.336730
D,DISPATCH,UNIT_SCADA,1,"2019/08/21 21:50:00",LOYYB2,579.698730
D,DISPATCH,UNIT_SCADA,1,"2019/08/21 21:50:00",LYA1,560
D,DISPATCH,UNIT_SCADA,1,"2019/08/21 21:50:00",LYA2,0
D,DISPATCH,UNIT_SCADA,1,"2019/08/21 21:50:00",LYA3,561
D,DISPATCH,UNIT_SCADA,1,"2019/08/21 21:50:00",LYA4,530
D,DISPATCH,UNIT_SCADA,1,"2019/08/21 21:50:00",MACARTH1,356.191770
D,DISPATCH,UNIT_SCADA,1,"2019/08/21 21:50:00",MACKAYGT,0
D,DISPATCH,UNIT_SCADA,1,"2019/08/21 21:50:00",MACKNTSH,85.070010
D,DISPATCH,UNIT_SCADA,1,"2019/08/21 21:50:00",MANSLR1,0
D,DISPATCH,UNIT_SCADA,1,"2019/08/21 21:50:00",MCKAY1,0.02
D,DISPATCH,UNIT_SCADA,1,"2019/08/21 21:50:00",MEADOWBK,34.067360
D,DISPATCH,UNIT_SCADA,1,"2019/08/21 21:50:00",MERCER01,124.92
D,DISPATCH,UNIT_SCADA,1,"2019/08/21 21:50:00",MEWF1,74.608640
D,DISPATCH,UNIT_SCADA,1,"2019/08/21 21:50:00",MINTARO,0
D,DISPATCH,UNIT_SCADA,1,"2019/08/21 21:50:00",MOREESF1,0
D,DISPATCH,UNIT_SCADA,1,"2019/08/21 21:50:00",MORTLK11,0
D,DISPATCH,UNIT_SCADA,1,"2019/08/21 21:50:00",MORTLK12,0
D,DISPATCH,UNIT_SCADA,1,"2019/08/21 21:50:00",MP1,284.550050
D,DISPATCH,UNIT_SCADA,1,"2019/08/21 21:50:00",MP2,0
D,DISPATCH,UNIT_SCADA,1,"2019/08/21 21:50:00",MPP_1,306.25
D,DISPATCH,UNIT_SCADA,1,"2019/08/21 21:50:00",MPP_2,425.25
D,DISPATCH,UNIT_SCADA,1,"2019/08/21 21:50:00",MSTUART1,0
D,DISPATCH,UNIT_SCADA,1,"2019/08/21 21:50:00",MSTUART2,0
D,DISPATCH,UNIT_SCADA,1,"2019/08/21 21:50:00",MSTUART3,0
D,DISPATCH,UNIT_SCADA,1,"2019/08/21 21:50:00",MTGELWF1,64.705340
D,DISPATCH,UNIT_SCADA,1,"2019/08/21 21:50:00",MURRAY,0
D,DISPATCH,UNIT_SCADA,1,"2019/08/21 21:50:00",MUSSELR1,157.70
D,DISPATCH,UNIT_SCADA,1,"2019/08/21 21:50:00",MUWAWF1,55.06
D,DISPATCH,UNIT_SCADA,1,"2019/08/21 21:50:00",NBHWF1,34.20
D,DISPATCH,UNIT_SCADA,1,"2019/08/21 21:50:00",NPS,98.6250
D,DISPATCH,UNIT_SCADA,1,"2019/08/21 21:50:00",NUMURSF1,0
D,DISPATCH,UNIT_SCADA,1,"2019/08/21 21:50:00",NYNGAN1,0
D,DISPATCH,UNIT_SCADA,1,"2019/08/21 21:50:00",OAKEY1,0
D,DISPATCH,UNIT_SCADA,1,"2019/08/21 21:50:00",OAKEY1SF,0
D,DISPATCH,UNIT_SCADA,1,"2019/08/21 21:50:00",OAKEY2,0
D,DISPATCH,UNIT_SCADA,1,"2019/08/21 21:50:00",OAKLAND1,58
D,DISPATCH,UNIT_SCADA,1,"2019/08/21 21:50:00",OSB-AG,0
D,DISPATCH,UNIT_SCADA,1,"2019/08/21 21:50:00",PARSF1,0
D,DISPATCH,UNIT_SCADA,1,"2019/08/21 21:50:00",POAT110,0
D,DISPATCH,UNIT_SCADA,1,"2019/08/21 21:50:00",POAT220,1.42
D,DISPATCH,UNIT_SCADA,1,"2019/08/21 21:50:00",POR01,0
D,DISPATCH,UNIT_SCADA,1,"2019/08/21 21:50:00",POR03,0
D,DISPATCH,UNIT_SCADA,1,"2019/08/21 21:50:00",PPCCGT,355.421570
D,DISPATCH,UNIT_SCADA,1,"2019/08/21 21:50:00",PTSTAN1,0
D,DISPATCH,UNIT_SCADA,1,"2019/08/21 21:50:00",PUMP1,0
D,DISPATCH,UNIT_SCADA,1,"2019/08/21 21:50:00",PUMP2,0
D,DISPATCH,UNIT_SCADA,1,"2019/08/21 21:50:00",QPS1,0
D,DISPATCH,UNIT_SCADA,1,"2019/08/21 21:50:00",QPS2,0
D,DISPATCH,UNIT_SCADA,1,"2019/08/21 21:50:00",QPS3,0
D,DISPATCH,UNIT_SCADA,1,"2019/08/21 21:50:00",QPS4,0
D,DISPATCH,UNIT_SCADA,1,"2019/08/21 21:50:00",QPS5,0
D,DISPATCH,UNIT_SCADA,1,"2019/08/21 21:50:00",REECE1,119.020010
D,DISPATCH,UNIT_SCADA,1,"2019/08/21 21:50:00",REECE2,118.070010
D,DISPATCH,UNIT_SCADA,1,"2019/08/21 21:50:00",ROMA_7,0
D,DISPATCH,UNIT_SCADA,1,"2019/08/21 21:50:00",ROMA_8,0
D,DISPATCH,UNIT_SCADA,1,"2019/08/21 21:50:00",RRSF1,0
D,DISPATCH,UNIT_SCADA,1,"2019/08/21 21:50:00",RT_NSW1,0
D,DISPATCH,UNIT_SCADA,1,"2019/08/21 21:50:00",RT_NSW2,0
D,DISPATCH,UNIT_SCADA,1,"2019/08/21 21:50:00",RT_NSW3,0
D,DISPATCH,UNIT_SCADA,1,"2019/08/21 21:50:00",RT_NSW4,0
D,DISPATCH,UNIT_SCADA,1,"2019/08/21 21:50:00",RT_NSW5,0
D,DISPATCH,UNIT_SCADA,1,"2019/08/21 21:50:00",RT_NSW6,0
D,DISPATCH,UNIT_SCADA,1,"2019/08/21 21:50:00",RT_QLD1,0
D,DISPATCH,UNIT_SCADA,1,"2019/08/21 21:50:00",RT_SA1,0
D,DISPATCH,UNIT_SCADA,1,"2019/08/21 21:50:00",RT_SA2,0
D,DISPATCH,UNIT_SCADA,1,"2019/08/21 21:50:00",RT_SA3,0
D,DISPATCH,UNIT_SCADA,1,"2019/08/21 21:50:00",RT_SA4,0
D,DISPATCH,UNIT_SCADA,1,"2019/08/21 21:50:00",RT_SA5,0
D,DISPATCH,UNIT_SCADA,1,"2019/08/21 21:50:00",RT_SA6,0
D,DISPATCH,UNIT_SCADA,1,"2019/08/21 21:50:00",RT_TAS1,0
D,DISPATCH,UNIT_SCADA,1,"2019/08/21 21:50:00",RT_VIC1,0
D,DISPATCH,UNIT_SCADA,1,"2019/08/21 21:50:00",RT_VIC10,0
D,DISPATCH,UNIT_SCADA,1,"2019/08/21 21:50:00",RT_VIC11,0
D,DISPATCH,UNIT_SCADA,1,"2019/08/21 21:50:00",RT_VIC12,0
D,DISPATCH,UNIT_SCADA,1,"2019/08/21 21:50:00",RT_VIC2,0
D,DISPATCH,UNIT_SCADA,1,"2019/08/21 21:50:00",RT_VIC3,0
D,DISPATCH,UNIT_SCADA,1,"2019/08/21 21:50:00",RT_VIC4,0
D,DISPATCH,UNIT_SCADA,1,"2019/08/21 21:50:00",RT_VIC5,0
D,DISPATCH,UNIT_SCADA,1,"2019/08/21 21:50:00",RT_VIC6,0
D,DISPATCH,UNIT_SCADA,1,"2019/08/21 21:50:00",RT_VIC7,0
D,DISPATCH,UNIT_SCADA,1,"2019/08/21 21:50:00",RT_VIC8,0
D,DISPATCH,UNIT_SCADA,1,"2019/08/21 21:50:00",RT_VIC9,0
D,DISPATCH,UNIT_SCADA,1,"2019/08/21 21:50:00",RUGBYR1,0
D,DISPATCH,UNIT_SCADA,1,"2019/08/21 21:50:00",SALTCRK1,51.76
D,DISPATCH,UNIT_SCADA,1,"2019/08/21 21:50:00",SAPHWF1,249.899960
D,DISPATCH,UNIT_SCADA,1,"2019/08/21 21:50:00",SHGEN,0
D,DISPATCH,UNIT_SCADA,1,"2019/08/21 21:50:00",SHPUMP,0
D,DISPATCH,UNIT_SCADA,1,"2019/08/21 21:50:00",SITHE01,0.153860
D,DISPATCH,UNIT_SCADA,1,"2019/08/21 21:50:00",SMCSF1,0
D,DISPATCH,UNIT_SCADA,1,"2019/08/21 21:50:00",SNOWNTH1,130.30
D,DISPATCH,UNIT_SCADA,1,"2019/08/21 21:50:00",SNOWSTH1,89
D,DISPATCH,UNIT_SCADA,1,"2019/08/21 21:50:00",SNOWTWN1,79.910170
D,DISPATCH,UNIT_SCADA,1,"2019/08/21 21:50:00",SNOWYP,0
D,DISPATCH,UNIT_SCADA,1,"2019/08/21 21:50:00",SNUG1,0.019440
D,DISPATCH,UNIT_SCADA,1,"2019/08/21 21:50:00",SRSF1,0.44
D,DISPATCH,UNIT_SCADA,1,"2019/08/21 21:50:00",STAN-1,0
D,DISPATCH,UNIT_SCADA,1,"2019/08/21 21:50:00",STAN-2,281.748080
D,DISPATCH,UNIT_SCADA,1,"2019/08/21 21:50:00",STAN-3,283.593810
D,DISPATCH,UNIT_SCADA,1,"2019/08/21 21:50:00",STAN-4,282.235140
D,DISPATCH,UNIT_SCADA,1,"2019/08/21 21:50:00",STWF1,172.743740
D,DISPATCH,UNIT_SCADA,1,"2019/08/21 21:50:00",SWAN_E,0
D,DISPATCH,UNIT_SCADA,1,"2019/08/21 21:50:00",TALWA1,300
D,DISPATCH,UNIT_SCADA,1,"2019/08/21 21:50:00",TARALGA1,97.094990
D,DISPATCH,UNIT_SCADA,1,"2019/08/21 21:50:00",TARONG#1,313.800020
D,DISPATCH,UNIT_SCADA,1,"2019/08/21 21:50:00",TARONG#2,312.899990
D,DISPATCH,UNIT_SCADA,1,"2019/08/21 21:50:00",TARONG#3,260.50
D,DISPATCH,UNIT_SCADA,1,"2019/08/21 21:50:00",TARONG#4,313.800020
D,DISPATCH,UNIT_SCADA,1,"2019/08/21 21:50:00",TARRALEA,83.90
D,DISPATCH,UNIT_SCADA,1,"2019/08/21 21:50:00",TBSF1,-0.20
D,DISPATCH,UNIT_SCADA,1,"2019/08/21 21:50:00",TNPS1,442.000030
D,DISPATCH,UNIT_SCADA,1,"2019/08/21 21:50:00",TORRA1,46.509190
D,DISPATCH,UNIT_SCADA,1,"2019/08/21 21:50:00",TORRA2,0
D,DISPATCH,UNIT_SCADA,1,"2019/08/21 21:50:00",TORRA3,0
D,DISPATCH,UNIT_SCADA,1,"2019/08/21 21:50:00",TORRA4,0
D,DISPATCH,UNIT_SCADA,1,"2019/08/21 21:50:00",TORRB1,68.95
D,DISPATCH,UNIT_SCADA,1,"2019/08/21 21:50:00",TORRB2,70.15
D,DISPATCH,UNIT_SCADA,1,"2019/08/21 21:50:00",TORRB3,0
D,DISPATCH,UNIT_SCADA,1,"2019/08/21 21:50:00",TORRB4,0
D,DISPATCH,UNIT_SCADA,1,"2019/08/21 21:50:00",TREVALLN,69.840030
D,DISPATCH,UNIT_SCADA,1,"2019/08/21 21:50:00",TRIBUTE,84.42
D,DISPATCH,UNIT_SCADA,1,"2019/08/21 21:50:00",TUMUT3,0
D,DISPATCH,UNIT_SCADA,1,"2019/08/21 21:50:00",TUNGATIN,124.930030
D,DISPATCH,UNIT_SCADA,1,"2019/08/21 21:50:00",TVCC201,0
D,DISPATCH,UNIT_SCADA,1,"2019/08/21 21:50:00",TVPP104,0
D,DISPATCH,UNIT_SCADA,1,"2019/08/21 21:50:00",UPPTUMUT,0
D,DISPATCH,UNIT_SCADA,1,"2019/08/21 21:50:00",URANQ11,0
D,DISPATCH,UNIT_SCADA,1,"2019/08/21 21:50:00",URANQ12,0
D,DISPATCH,UNIT_SCADA,1,"2019/08/21 21:50:00",URANQ13,0
D,DISPATCH,UNIT_SCADA,1,"2019/08/21 21:50:00",URANQ14,0
D,DISPATCH,UNIT_SCADA,1,"2019/08/21 21:50:00",VP5,481.774990
D,DISPATCH,UNIT_SCADA,1,"2019/08/21 21:50:00",VP6,478.774960
D,DISPATCH,UNIT_SCADA,1,"2019/08/21 21:50:00",VPGS1,0
D,DISPATCH,UNIT_SCADA,1,"2019/08/21 21:50:00",VPGS2,0
D,DISPATCH,UNIT_SCADA,1,"2019/08/21 21:50:00",VPGS3,0
D,DISPATCH,UNIT_SCADA,1,"2019/08/21 21:50:00",VPGS4,0
D,DISPATCH,UNIT_SCADA,1,"2019/08/21 21:50:00",VPGS5,0
D,DISPATCH,UNIT_SCADA,1,"2019/08/21 21:50:00",VPGS6,0
D,DISPATCH,UNIT_SCADA,1,"2019/08/21 21:50:00",W/HOE#1,0
D,DISPATCH,UNIT_SCADA,1,"2019/08/21 21:50:00",W/HOE#2,0
D,DISPATCH,UNIT_SCADA,1,"2019/08/21 21:50:00",WATERLWF,85.80
D,DISPATCH,UNIT_SCADA,1,"2019/08/21 21:50:00",WEMENSF1,0
D,DISPATCH,UNIT_SCADA,1,"2019/08/21 21:50:00",WGWF1,34.30
D,DISPATCH,UNIT_SCADA,1,"2019/08/21 21:50:00",WHITSF1,0
D,DISPATCH,UNIT_SCADA,1,"2019/08/21 21:50:00",WKIEWA1,29.10
D,DISPATCH,UNIT_SCADA,1,"2019/08/21 21:50:00",WKIEWA2,29.10
D,DISPATCH,UNIT_SCADA,1,"2019/08/21 21:50:00",WOODLWN1,45.027010
D,DISPATCH,UNIT_SCADA,1,"2019/08/21 21:50:00",WRSF1,0
D,DISPATCH,UNIT_SCADA,1,"2019/08/21 21:50:00",WRWF1,153.635010
D,DISPATCH,UNIT_SCADA,1,"2019/08/21 21:50:00",YABULU,0
D,DISPATCH,UNIT_SCADA,1,"2019/08/21 21:50:00",YABULU2,0
D,DISPATCH,UNIT_SCADA,1,"2019/08/21 21:50:00",YARWUN_1,0
D,DISPATCH,UNIT_SCADA,1,"2019/08/21 21:50:00",YENDWF1,42.02
D,DISPATCH,UNIT_SCADA,1,"2019/08/21 21:50:00",YWPS1,378.194950
D,DISPATCH,UNIT_SCADA,1,"2019/08/21 21:50:00",YWPS2,279.6962
D,DISPATCH,UNIT_SCADA,1,"2019/08/21 21:50:00",YWPS3,0
D,DISPATCH,UNIT_SCADA,1,"2019/08/21 21:50:00",YWPS4,398.625310
C,"END OF REPORT",334
