C,NEMP.WORLD,DISPATCHSCADA,AEMO,PUBLIC,2019/09/05,11:20:10,0000000312419872,DISPATCHSCADA,0000000312419866
I,DISPATCH,UNIT_SCADA,1,SETTLEMENTDATE,DUID,SCADAVALUE
D,DISPATCH,UNIT_SCADA,1,"2019/09/05 11:25:00",BARCSF1,0.30
D,DISPATCH,UNIT_SCADA,1,"2019/09/05 11:25:00",BUTLERSG,10.199999
D,DISPATCH,UNIT_SCADA,1,"2019/09/05 11:25:00",CALL_A_4,0
D,DISPATCH,UNIT_SCADA,1,"2019/09/05 11:25:00",CAPTL_WF,0
D,DISPATCH,UNIT_SCADA,1,"2019/09/05 11:25:00",CATHROCK,34.589996
D,DISPATCH,UNIT_SCADA,1,"2019/09/05 11:25:00",CHALLHWF,1
D,DISPATCH,UNIT_SCADA,1,"2019/09/05 11:25:00",CLOVER,-0.01
D,DISPATCH,UNIT_SCADA,1,"2019/09/05 11:25:00",CLUNY,8.071870
D,DISPATCH,UNIT_SCADA,1,"2019/09/05 11:25:00",CNUNDAWF,23.427330
D,DISPATCH,UNIT_SCADA,1,"2019/09/05 11:25:00",CULLRGWF,2.65
D,DISPATCH,UNIT_SCADA,1,"2019/09/05 11:25:00",ERGT01,0
D,DISPATCH,UNIT_SCADA,1,"2019/09/05 11:25:00",GB01,0.009964
D,DISPATCH,UNIT_SCADA,1,"2019/09/05 11:25:00",GERMCRK,32.099998
D,DISPATCH,UNIT_SCADA,1,"2019/09/05 11:25:00",GRIFSF1,24.800003
D,DISPATCH,UNIT_SCADA,1,"2019/09/05 11:25:00",HUGSF1,8.9410
D,DISPATCH,UNIT_SCADA,1,"2019/09/05 11:25:00",LKBONNY1,35.009270
D,DISPATCH,UNIT_SCADA,1,"2019/09/05 11:25:00",LRSF1,13.136001
D,DISPATCH,UNIT_SCADA,1,"2019/09/05 11:25:00",MBAHNTH,42.318756
D,DISPATCH,UNIT_SCADA,1,"2019/09/05 11:25:00",MLSP1,5.013001
D,DISPATCH,UNIT_SCADA,1,"2019/09/05 11:25:00",MLWF1,6.2250
D,DISPATCH,UNIT_SCADA,1,"2019/09/05 11:25:00",MTMILLAR,24.013111
D,DISPATCH,UNIT_SCADA,1,"2019/09/05 11:25:00",PALOONA,24.699999
D,DISPATCH,UNIT_SCADA,1,"2019/09/05 11:25:00",PIONEER,14.30
D,DISPATCH,UNIT_SCADA,1,"2019/09/05 11:25:00",PORTWF,30.40
D,DISPATCH,UNIT_SCADA,1,"2019/09/05 11:25:00",REPULSE,12.025940
D,DISPATCH,UNIT_SCADA,1,"2019/09/05 11:25:00",ROWALLAN,10.4157
D,DISPATCH,UNIT_SCADA,1,"2019/09/05 11:25:00",ROYALLA1,9.337001
D,DISPATCH,UNIT_SCADA,1,"2019/09/05 11:25:00",RPCG,11.10
D,DISPATCH,UNIT_SCADA,1,"2019/09/05 11:25:00",RUBICON,0
D,DISPATCH,UNIT_SCADA,1,"2019/09/05 11:25:00",SATGN1,0
D,DISPATCH,UNIT_SCADA,1,"2019/09/05 11:25:00",SATGS1,0
D,DISPATCH,UNIT_SCADA,1,"2019/09/05 11:25:00",STARHLWF,7.197901
D,DISPATCH,UNIT_SCADA,1,"2019/09/05 11:25:00",WAUBRAWF,28.9830
D,DISPATCH,UNIT_SCADA,1,"2019/09/05 11:25:00",WOOLNTH1,0.250015
D,DISPATCH,UNIT_SCADA,1,"2019/09/05 11:25:00",WPWF,67
D,DISPATCH,UNIT_SCADA,1,"2019/09/05 11:25:00",YAMBUKWF,2.40
D,DISPATCH,UNIT_SCADA,1,"2019/09/05 11:25:00",YSWF1,0
D,DISPATCH,UNIT_SCADA,1,"2019/09/05 11:25:00",AGLHAL,0
D,DISPATCH,UNIT_SCADA,1,"2019/09/05 11:25:00",AGLSOM,0
D,DISPATCH,UNIT_SCADA,1,"2019/09/05 11:25:00",ANGAST1,0
D,DISPATCH,UNIT_SCADA,1,"2019/09/05 11:25:00",ARWF1,12.50
D,DISPATCH,UNIT_SCADA,1,"2019/09/05 11:25:00",BALBG1,10.34
D,DISPATCH,UNIT_SCADA,1,"2019/09/05 11:25:00",BALBL1,0
D,DISPATCH,UNIT_SCADA,1,"2019/09/05 11:25:00",BALDHWF1,2.8620
D,DISPATCH,UNIT_SCADA,1,"2019/09/05 11:25:00",BANN1,58.90
D,DISPATCH,UNIT_SCADA,1,"2019/09/05 11:25:00",BARCALDN,0
D,DISPATCH,UNIT_SCADA,1,"2019/09/05 11:25:00",BARRON-1,0
D,DISPATCH,UNIT_SCADA,1,"2019/09/05 11:25:00",BARRON-2,0
D,DISPATCH,UNIT_SCADA,1,"2019/09/05 11:25:00",BASTYAN,80.330010
D,DISPATCH,UNIT_SCADA,1,"2019/09/05 11:25:00",BBTHREE1,0
D,DISPATCH,UNIT_SCADA,1,"2019/09/05 11:25:00",BBTHREE2,0
D,DISPATCH,UNIT_SCADA,1,"2019/09/05 11:25:00",BBTHREE3,0
D,DISPATCH,UNIT_SCADA,1,"2019/09/05 11:25:00",BDL01,-0.06
D,DISPATCH,UNIT_SCADA,1,"2019/09/05 11:25:00",BDL02,0
D,DISPATCH,UNIT_SCADA,1,"2019/09/05 11:25:00",BERYLSF1,67.468510
D,DISPATCH,UNIT_SCADA,1,"2019/09/05 11:25:00",BLOWERNG,11.20
D,DISPATCH,UNIT_SCADA,1,"2019/09/05 11:25:00",BLUFF1,23
D,DISPATCH,UNIT_SCADA,1,"2019/09/05 11:25:00",BNGSF1,106.4220
D,DISPATCH,UNIT_SCADA,1,"2019/09/05 11:25:00",BNGSF2,20.01
D,DISPATCH,UNIT_SCADA,1,"2019/09/05 11:25:00",BOCORWF1,5.65
D,DISPATCH,UNIT_SCADA,1,"2019/09/05 11:25:00",BODWF1,0.036450
D,DISPATCH,UNIT_SCADA,1,"2019/09/05 11:25:00",BRAEMAR1,0
D,DISPATCH,UNIT_SCADA,1,"2019/09/05 11:25:00",BRAEMAR2,0
D,DISPATCH,UNIT_SCADA,1,"2019/09/05 11:25:00",BRAEMAR3,0
D,DISPATCH,UNIT_SCADA,1,"2019/09/05 11:25:00",BRAEMAR5,0
D,DISPATCH,UNIT_SCADA,1,"2019/09/05 11:25:00",BRAEMAR6,0
D,DISPATCH,UNIT_SCADA,1,"2019/09/05 11:25:00",BRAEMAR7,0
D,DISPATCH,UNIT_SCADA,1,"2019/09/05 11:25:00",BROKENH1,52.938960
D,DISPATCH,UNIT_SCADA,1,"2019/09/05 11:25:00",BW01,566.549930
D,DISPATCH,UNIT_SCADA,1,"2019/09/05 11:25:00",BW02,627.900020
D,DISPATCH,UNIT_SCADA,1,"2019/09/05 11:25:00",BW03,630.799930
D,DISPATCH,UNIT_SCADA,1,"2019/09/05 11:25:00",BW04,0
D,DISPATCH,UNIT_SCADA,1,"2019/09/05 11:25:00",CALL_B_1,300.200010
D,DISPATCH,UNIT_SCADA,1,"2019/09/05 11:25:00",CALL_B_2,219.70
D,DISPATCH,UNIT_SCADA,1,"2019/09/05 11:25:00",CETHANA,79.204120
D,DISPATCH,UNIT_SCADA,1,"2019/09/05 11:25:00",CG1,0
D,DISPATCH,UNIT_SCADA,1,"2019/09/05 11:25:00",CG2,0
D,DISPATCH,UNIT_SCADA,1,"2019/09/05 11:25:00",CG3,0
D,DISPATCH,UNIT_SCADA,1,"2019/09/05 11:25:00",CG4,0
D,DISPATCH,UNIT_SCADA,1,"2019/09/05 11:25:00",CHILDSF1,53.65
D,DISPATCH,UNIT_SCADA,1,"2019/09/05 11:25:00",CLARESF1,2.004930
D,DISPATCH,UNIT_SCADA,1,"2019/09/05 11:25:00",CLEMGPWF,29.8225
D,DISPATCH,UNIT_SCADA,1,"2019/09/05 11:25:00",CLERMSF1,0.30
D,DISPATCH,UNIT_SCADA,1,"2019/09/05 11:25:00",COLEASF1,96.40
D,DISPATCH,UNIT_SCADA,1,"2019/09/05 11:25:00",COOPGWF1,1.958060
D,DISPATCH,UNIT_SCADA,1,"2019/09/05 11:25:00",CPP_3,250.525010
D,DISPATCH,UNIT_SCADA,1,"2019/09/05 11:25:00",CPP_4,179.5750
D,DISPATCH,UNIT_SCADA,1,"2019/09/05 11:25:00",CPSA,75.651870
D,DISPATCH,UNIT_SCADA,1,"2019/09/05 11:25:00",CROOKWF2,9.263740
D,DISPATCH,UNIT_SCADA,1,"2019/09/05 11:25:00",CROWLWF1,2.999420
D,DISPATCH,UNIT_SCADA,1,"2019/09/05 11:25:00",CSPVPS1,0.5590
D,DISPATCH,UNIT_SCADA,1,"2019/09/05 11:25:00",DALNTH01,0
D,DISPATCH,UNIT_SCADA,1,"2019/09/05 11:25:00",DALNTHL1,0.056460
D,DISPATCH,UNIT_SCADA,1,"2019/09/05 11:25:00",DARTM1,0
D,DISPATCH,UNIT_SCADA,1,"2019/09/05 11:25:00",DAYDSF1,0
D,DISPATCH,UNIT_SCADA,1,"2019/09/05 11:25:00",DDPS1,0
D,DISPATCH,UNIT_SCADA,1,"2019/09/05 11:25:00",DDSF1,7.080450
D,DISPATCH,UNIT_SCADA,1,"2019/09/05 11:25:00",DEVILS_G,56.564220
D,DISPATCH,UNIT_SCADA,1,"2019/09/05 11:25:00",DG_NSW1,0
D,DISPATCH,UNIT_SCADA,1,"2019/09/05 11:25:00",DG_QLD1,0
D,DISPATCH,UNIT_SCADA,1,"2019/09/05 11:25:00",DG_SA1,0
D,DISPATCH,UNIT_SCADA,1,"2019/09/05 11:25:00",DG_TAS1,0
D,DISPATCH,UNIT_SCADA,1,"2019/09/05 11:25:00",DG_VIC1,0
D,DISPATCH,UNIT_SCADA,1,"2019/09/05 11:25:00",DRYCGT1,0
D,DISPATCH,UNIT_SCADA,1,"2019/09/05 11:25:00",DRYCGT2,0
D,DISPATCH,UNIT_SCADA,1,"2019/09/05 11:25:00",DRYCGT3,0
D,DISPATCH,UNIT_SCADA,1,"2019/09/05 11:25:00",EILDON1,0
D,DISPATCH,UNIT_SCADA,1,"2019/09/05 11:25:00",EILDON2,0
D,DISPATCH,UNIT_SCADA,1,"2019/09/05 11:25:00",EMERASF1,0.12
D,DISPATCH,UNIT_SCADA,1,"2019/09/05 11:25:00",ER01,564.550050
D,DISPATCH,UNIT_SCADA,1,"2019/09/05 11:25:00",ER02,351.349980
D,DISPATCH,UNIT_SCADA,1,"2019/09/05 11:25:00",ER03,0
D,DISPATCH,UNIT_SCADA,1,"2019/09/05 11:25:00",ER04,669.849980
D,DISPATCH,UNIT_SCADA,1,"2019/09/05 11:25:00",FINLYSF1,16.906270
D,DISPATCH,UNIT_SCADA,1,"2019/09/05 11:25:00",FISHER,45.83
D,DISPATCH,UNIT_SCADA,1,"2019/09/05 11:25:00",GANNBG1,0
D,DISPATCH,UNIT_SCADA,1,"2019/09/05 11:25:00",GANNBL1,10.072840
D,DISPATCH,UNIT_SCADA,1,"2019/09/05 11:25:00",GANNSF1,27.40
D,DISPATCH,UNIT_SCADA,1,"2019/09/05 11:25:00",GORDON,38.945760
D,DISPATCH,UNIT_SCADA,1,"2019/09/05 11:25:00",GSTONE1,153.30
D,DISPATCH,UNIT_SCADA,1,"2019/09/05 11:25:00",GSTONE2,150.149990
D,DISPATCH,UNIT_SCADA,1,"2019/09/05 11:25:00",GSTONE3,0
D,DISPATCH,UNIT_SCADA,1,"2019/09/05 11:25:00",GSTONE4,154.70
D,DISPATCH,UNIT_SCADA,1,"2019/09/05 11:25:00",GSTONE5,154.349990
D,DISPATCH,UNIT_SCADA,1,"2019/09/05 11:25:00",GSTONE6,153.649990
D,DISPATCH,UNIT_SCADA,1,"2019/09/05 11:25:00",GULLRSF1,6.891330
D,DISPATCH,UNIT_SCADA,1,"2019/09/05 11:25:00",GULLRWF1,17.458650
D,DISPATCH,UNIT_SCADA,1,"2019/09/05 11:25:00",GUNNING1,3.494770
D,DISPATCH,UNIT_SCADA,1,"2019/09/05 11:25:00",GUTHEGA,0
D,DISPATCH,UNIT_SCADA,1,"2019/09/05 11:25:00",HALLWF1,54.75
D,DISPATCH,UNIT_SCADA,1,"2019/09/05 11:25:00",HALLWF2,34.71
D,DISPATCH,UNIT_SCADA,1,"2019/09/05 11:25:00",HAMISF1,0
D,DISPATCH,UNIT_SCADA,1,"2019/09/05 11:25:00",HAUGHT11,97.136640
D,DISPATCH,UNIT_SCADA,1,"2019/09/05 11:25:00",HAYMSF1,0
D,DISPATCH,UNIT_SCADA,1,"2019/09/05 11:25:00",HDWF1,50.60
D,DISPATCH,UNIT_SCADA,1,"2019/09/05 11:25:00",HDWF2,39.50
D,DISPATCH,UNIT_SCADA,1,"2019/09/05 11:25:00",HDWF3,51.20
D,DISPATCH,UNIT_SCADA,1,"2019/09/05 11:25:00",HPRG1,16.40
D,DISPATCH,UNIT_SCADA,1,"2019/09/05 11:25:00",HPRL1,0
D,DISPATCH,UNIT_SCADA,1,"2019/09/05 11:25:00",HUMENSW,0
D,DISPATCH,UNIT_SCADA,1,"2019/09/05 11:25:00",HUMEV,26.30
D,DISPATCH,UNIT_SCADA,1,"2019/09/05 11:25:00",HVGTS,0
D,DISPATCH,UNIT_SCADA,1,"2019/09/05 11:25:00",JBUTTERS,113.32
D,DISPATCH,UNIT_SCADA,1,"2019/09/05 11:25:00",JLA01,0.10
D,DISPATCH,UNIT_SCADA,1,"2019/09/05 11:25:00",JLA02,0
D,DISPATCH,UNIT_SCADA,1,"2019/09/05 11:25:00",JLA03,0
D,DISPATCH,UNIT_SCADA,1,"2019/09/05 11:25:00",JLA04,0
D,DISPATCH,UNIT_SCADA,1,"2019/09/05 11:25:00",JLB01,0
D,DISPATCH,UNIT_SCADA,1,"2019/09/05 11:25:00",JLB02,70.10
D,DISPATCH,UNIT_SCADA,1,"2019/09/05 11:25:00",JLB03,0
D,DISPATCH,UNIT_SCADA,1,"2019/09/05 11:25:00",KAREEYA1,21.5125
D,DISPATCH,UNIT_SCADA,1,"2019/09/05 11:25:00",KAREEYA2,21.7850
D,DISPATCH,UNIT_SCADA,1,"2019/09/05 11:25:00",KAREEYA3,0
D,DISPATCH,UNIT_SCADA,1,"2019/09/05 11:25:00",KAREEYA4,21.5225
D,DISPATCH,UNIT_SCADA,1,"2019/09/05 11:25:00",KARSF1,77.50
D,DISPATCH,UNIT_SCADA,1,"2019/09/05 11:25:00",KIATAWF1,5.60
D,DISPATCH,UNIT_SCADA,1,"2019/09/05 11:25:00",KPP_1,0
D,DISPATCH,UNIT_SCADA,1,"2019/09/05 11:25:00",KSP1,0
D,DISPATCH,UNIT_SCADA,1,"2019/09/05 11:25:00",LADBROK1,0
D,DISPATCH,UNIT_SCADA,1,"2019/09/05 11:25:00",LADBROK2,0
D,DISPATCH,UNIT_SCADA,1,"2019/09/05 11:25:00",LD01,377.550020
D,DISPATCH,UNIT_SCADA,1,"2019/09/05 11:25:00",LD02,381.6937
D,DISPATCH,UNIT_SCADA,1,"2019/09/05 11:25:00",LD03,376.724950
D,DISPATCH,UNIT_SCADA,1,"2019/09/05 11:25:00",LD04,379.1250
D,DISPATCH,UNIT_SCADA,1,"2019/09/05 11:25:00",LEM_WIL,82.198750
D,DISPATCH,UNIT_SCADA,1,"2019/09/05 11:25:00",LGAPWF1,13.87
D,DISPATCH,UNIT_SCADA,1,"2019/09/05 11:25:00",LILYSF1,85.458940
D,DISPATCH,UNIT_SCADA,1,"2019/09/05 11:25:00",LI_WY_CA,115.349560
D,DISPATCH,UNIT_SCADA,1,"2019/09/05 11:25:00",LKBONNY2,40.021130
D,DISPATCH,UNIT_SCADA,1,"2019/09/05 11:25:00",LKBONNY3,12.839060
D,DISPATCH,UNIT_SCADA,1,"2019/09/05 11:25:00",LK_ECHO,0
D,DISPATCH,UNIT_SCADA,1,"2019/09/05 11:25:00",LNGS1,0
D,DISPATCH,UNIT_SCADA,1,"2019/09/05 11:25:00",LNGS2,0
D,DISPATCH,UNIT_SCADA,1,"2019/09/05 11:25:00",LONSDALE,0
D,DISPATCH,UNIT_SCADA,1,"2019/09/05 11:25:00",LOYYB1,536.088620
D,DISPATCH,UNIT_SCADA,1,"2019/09/05 11:25:00",LOYYB2,584.210140
D,DISPATCH,UNIT_SCADA,1,"2019/09/05 11:25:00",LYA1,0
D,DISPATCH,UNIT_SCADA,1,"2019/09/05 11:25:00",LYA2,0
D,DISPATCH,UNIT_SCADA,1,"2019/09/05 11:25:00",LYA3,559
D,DISPATCH,UNIT_SCADA,1,"2019/09/05 11:25:00",LYA4,540
D,DISPATCH,UNIT_SCADA,1,"2019/09/05 11:25:00",MACARTH1,46.398930
D,DISPATCH,UNIT_SCADA,1,"2019/09/05 11:25:00",MACKAYGT,0.2240
D,DISPATCH,UNIT_SCADA,1,"2019/09/05 11:25:00",MACKNTSH,87.05
D,DISPATCH,UNIT_SCADA,1,"2019/09/05 11:25:00",MANSLR1,36.6170
D,DISPATCH,UNIT_SCADA,1,"2019/09/05 11:25:00",MCKAY1,0.02
D,DISPATCH,UNIT_SCADA,1,"2019/09/05 11:25:00",MEADOWBK,11.946440
D,DISPATCH,UNIT_SCADA,1,"2019/09/05 11:25:00",MERCER01,10.6190
D,DISPATCH,UNIT_SCADA,1,"2019/09/05 11:25:00",MEWF1,52.875270
D,DISPATCH,UNIT_SCADA,1,"2019/09/05 11:25:00",MINTARO,0
D,DISPATCH,UNIT_SCADA,1,"2019/09/05 11:25:00",MOREESF1,48.7640
D,DISPATCH,UNIT_SCADA,1,"2019/09/05 11:25:00",MORTLK11,212
D,DISPATCH,UNIT_SCADA,1,"2019/09/05 11:25:00",MORTLK12,0
D,DISPATCH,UNIT_SCADA,1,"2019/09/05 11:25:00",MP1,241.3750
D,DISPATCH,UNIT_SCADA,1,"2019/09/05 11:25:00",MP2,0
D,DISPATCH,UNIT_SCADA,1,"2019/09/05 11:25:00",MPP_1,290.25
D,DISPATCH,UNIT_SCADA,1,"2019/09/05 11:25:00",MPP_2,301.75
D,DISPATCH,UNIT_SCADA,1,"2019/09/05 11:25:00",MSTUART1,0
D,DISPATCH,UNIT_SCADA,1,"2019/09/05 11:25:00",MSTUART2,0
D,DISPATCH,UNIT_SCADA,1,"2019/09/05 11:25:00",MSTUART3,0
D,DISPATCH,UNIT_SCADA,1,"2019/09/05 11:25:00",MTGELWF1,7.116920
D,DISPATCH,UNIT_SCADA,1,"2019/09/05 11:25:00",MURRAY,0
D,DISPATCH,UNIT_SCADA,1,"2019/09/05 11:25:00",MUSSELR1,-0.40
D,DISPATCH,UNIT_SCADA,1,"2019/09/05 11:25:00",MUWAWF1,8.06
D,DISPATCH,UNIT_SCADA,1,"2019/09/05 11:25:00",NBHWF1,55.80
D,DISPATCH,UNIT_SCADA,1,"2019/09/05 11:25:00",NPS,0
D,DISPATCH,UNIT_SCADA,1,"2019/09/05 11:25:00",NUMURSF1,33.32
D,DISPATCH,UNIT_SCADA,1,"2019/09/05 11:25:00",NYNGAN1,101.25
D,DISPATCH,UNIT_SCADA,1,"2019/09/05 11:25:00",OAKEY1,0
D,DISPATCH,UNIT_SCADA,1,"2019/09/05 11:25:00",OAKEY1SF,21.6260
D,DISPATCH,UNIT_SCADA,1,"2019/09/05 11:25:00",OAKEY2,0
D,DISPATCH,UNIT_SCADA,1,"2019/09/05 11:25:00",OAKEY2SF,0
D,DISPATCH,UNIT_SCADA,1,"2019/09/05 11:25:00",OAKLAND1,14.90
D,DISPATCH,UNIT_SCADA,1,"2019/09/05 11:25:00",OSB-AG,140.06
D,DISPATCH,UNIT_SCADA,1,"2019/09/05 11:25:00",PARSF1,43.600010
D,DISPATCH,UNIT_SCADA,1,"2019/09/05 11:25:00",POAT110,0
D,DISPATCH,UNIT_SCADA,1,"2019/09/05 11:25:00",POAT220,30.91
D,DISPATCH,UNIT_SCADA,1,"2019/09/05 11:25:00",POR01,0
D,DISPATCH,UNIT_SCADA,1,"2019/09/05 11:25:00",POR03,0
D,DISPATCH,UNIT_SCADA,1,"2019/09/05 11:25:00",PPCCGT,203.751910
D,DISPATCH,UNIT_SCADA,1,"2019/09/05 11:25:00",PTSTAN1,0
D,DISPATCH,UNIT_SCADA,1,"2019/09/05 11:25:00",PUMP1,0
D,DISPATCH,UNIT_SCADA,1,"2019/09/05 11:25:00",PUMP2,0
D,DISPATCH,UNIT_SCADA,1,"2019/09/05 11:25:00",QPS1,0
D,DISPATCH,UNIT_SCADA,1,"2019/09/05 11:25:00",QPS2,0
D,DISPATCH,UNIT_SCADA,1,"2019/09/05 11:25:00",QPS3,0
D,DISPATCH,UNIT_SCADA,1,"2019/09/05 11:25:00",QPS4,0
D,DISPATCH,UNIT_SCADA,1,"2019/09/05 11:25:00",QPS5,0
D,DISPATCH,UNIT_SCADA,1,"2019/09/05 11:25:00",REECE1,103.050010
D,DISPATCH,UNIT_SCADA,1,"2019/09/05 11:25:00",REECE2,101.220010
D,DISPATCH,UNIT_SCADA,1,"2019/09/05 11:25:00",ROMA_7,0
D,DISPATCH,UNIT_SCADA,1,"2019/09/05 11:25:00",ROMA_8,0
D,DISPATCH,UNIT_SCADA,1,"2019/09/05 11:25:00",RRSF1,0
D,DISPATCH,UNIT_SCADA,1,"2019/09/05 11:25:00",RT_NSW1,0
D,DISPATCH,UNIT_SCADA,1,"2019/09/05 11:25:00",RT_NSW2,0
D,DISPATCH,UNIT_SCADA,1,"2019/09/05 11:25:00",RT_NSW3,0
D,DISPATCH,UNIT_SCADA,1,"2019/09/05 11:25:00",RT_NSW4,0
D,DISPATCH,UNIT_SCADA,1,"2019/09/05 11:25:00",RT_NSW5,0
D,DISPATCH,UNIT_SCADA,1,"2019/09/05 11:25:00",RT_NSW6,0
D,DISPATCH,UNIT_SCADA,1,"2019/09/05 11:25:00",RT_QLD1,0
D,DISPATCH,UNIT_SCADA,1,"2019/09/05 11:25:00",RT_SA1,0
D,DISPATCH,UNIT_SCADA,1,"2019/09/05 11:25:00",RT_SA2,0
D,DISPATCH,UNIT_SCADA,1,"2019/09/05 11:25:00",RT_SA3,0
D,DISPATCH,UNIT_SCADA,1,"2019/09/05 11:25:00",RT_SA4,0
D,DISPATCH,UNIT_SCADA,1,"2019/09/05 11:25:00",RT_SA5,0
D,DISPATCH,UNIT_SCADA,1,"2019/09/05 11:25:00",RT_SA6,0
D,DISPATCH,UNIT_SCADA,1,"2019/09/05 11:25:00",RT_TAS1,0
D,DISPATCH,UNIT_SCADA,1,"2019/09/05 11:25:00",RT_VIC1,0
D,DISPATCH,UNIT_SCADA,1,"2019/09/05 11:25:00",RT_VIC10,0
D,DISPATCH,UNIT_SCADA,1,"2019/09/05 11:25:00",RT_VIC11,0
D,DISPATCH,UNIT_SCADA,1,"2019/09/05 11:25:00",RT_VIC12,0
D,DISPATCH,UNIT_SCADA,1,"2019/09/05 11:25:00",RT_VIC2,0
D,DISPATCH,UNIT_SCADA,1,"2019/09/05 11:25:00",RT_VIC3,0
D,DISPATCH,UNIT_SCADA,1,"2019/09/05 11:25:00",RT_VIC4,0
D,DISPATCH,UNIT_SCADA,1,"2019/09/05 11:25:00",RT_VIC5,0
D,DISPATCH,UNIT_SCADA,1,"2019/09/05 11:25:00",RT_VIC6,0
D,DISPATCH,UNIT_SCADA,1,"2019/09/05 11:25:00",RT_VIC7,0
D,DISPATCH,UNIT_SCADA,1,"2019/09/05 11:25:00",RT_VIC8,0
D,DISPATCH,UNIT_SCADA,1,"2019/09/05 11:25:00",RT_VIC9,0
D,DISPATCH,UNIT_SCADA,1,"2019/09/05 11:25:00",RUGBYR1,0.028820
D,DISPATCH,UNIT_SCADA,1,"2019/09/05 11:25:00",SALTCRK1,12.30
D,DISPATCH,UNIT_SCADA,1,"2019/09/05 11:25:00",SAPHWF1,77.006260
D,DISPATCH,UNIT_SCADA,1,"2019/09/05 11:25:00",SHGEN,0
D,DISPATCH,UNIT_SCADA,1,"2019/09/05 11:25:00",SHPUMP,0
D,DISPATCH,UNIT_SCADA,1,"2019/09/05 11:25:00",SITHE01,0.173950
D,DISPATCH,UNIT_SCADA,1,"2019/09/05 11:25:00",SMCSF1,0
D,DISPATCH,UNIT_SCADA,1,"2019/09/05 11:25:00",SNOWNTH1,71.70
D,DISPATCH,UNIT_SCADA,1,"2019/09/05 11:25:00",SNOWSTH1,97
D,DISPATCH,UNIT_SCADA,1,"2019/09/05 11:25:00",SNOWTWN1,57.491320
D,DISPATCH,UNIT_SCADA,1,"2019/09/05 11:25:00",SNOWYP,0
D,DISPATCH,UNIT_SCADA,1,"2019/09/05 11:25:00",SNUG1,0.019440
D,DISPATCH,UNIT_SCADA,1,"2019/09/05 11:25:00",SRSF1,1.78
D,DISPATCH,UNIT_SCADA,1,"2019/09/05 11:25:00",STAN-1,365.153470
D,DISPATCH,UNIT_SCADA,1,"2019/09/05 11:25:00",STAN-2,219.3382
D,DISPATCH,UNIT_SCADA,1,"2019/09/05 11:25:00",STAN-3,219.043380
D,DISPATCH,UNIT_SCADA,1,"2019/09/05 11:25:00",STAN-4,221.055790
D,DISPATCH,UNIT_SCADA,1,"2019/09/05 11:25:00",STWF1,0
D,DISPATCH,UNIT_SCADA,1,"2019/09/05 11:25:00",SWAN_E,0
D,DISPATCH,UNIT_SCADA,1,"2019/09/05 11:25:00",TALWA1,314
D,DISPATCH,UNIT_SCADA,1,"2019/09/05 11:25:00",TARALGA1,14.943760
D,DISPATCH,UNIT_SCADA,1,"2019/09/05 11:25:00",TARONG#1,349
D,DISPATCH,UNIT_SCADA,1,"2019/09/05 11:25:00",TARONG#2,0
D,DISPATCH,UNIT_SCADA,1,"2019/09/05 11:25:00",TARONG#3,278.600010
D,DISPATCH,UNIT_SCADA,1,"2019/09/05 11:25:00",TARONG#4,348.600010
D,DISPATCH,UNIT_SCADA,1,"2019/09/05 11:25:00",TARRALEA,71.10
D,DISPATCH,UNIT_SCADA,1,"2019/09/05 11:25:00",TBSF1,47
D,DISPATCH,UNIT_SCADA,1,"2019/09/05 11:25:00",TNPS1,379.300020
D,DISPATCH,UNIT_SCADA,1,"2019/09/05 11:25:00",TORRA1,46.602580
D,DISPATCH,UNIT_SCADA,1,"2019/09/05 11:25:00",TORRA2,0
D,DISPATCH,UNIT_SCADA,1,"2019/09/05 11:25:00",TORRA3,0
D,DISPATCH,UNIT_SCADA,1,"2019/09/05 11:25:00",TORRA4,45.523810
D,DISPATCH,UNIT_SCADA,1,"2019/09/05 11:25:00",TORRB1,39.80
D,DISPATCH,UNIT_SCADA,1,"2019/09/05 11:25:00",TORRB2,40.50
D,DISPATCH,UNIT_SCADA,1,"2019/09/05 11:25:00",TORRB3,40.05
D,DISPATCH,UNIT_SCADA,1,"2019/09/05 11:25:00",TORRB4,0
D,DISPATCH,UNIT_SCADA,1,"2019/09/05 11:25:00",TREVALLN,1.90
D,DISPATCH,UNIT_SCADA,1,"2019/09/05 11:25:00",TRIBUTE,0
D,DISPATCH,UNIT_SCADA,1,"2019/09/05 11:25:00",TUMUT3,0
D,DISPATCH,UNIT_SCADA,1,"2019/09/05 11:25:00",TUNGATIN,120.980030
D,DISPATCH,UNIT_SCADA,1,"2019/09/05 11:25:00",TVCC201,0
D,DISPATCH,UNIT_SCADA,1,"2019/09/05 11:25:00",TVPP104,0
D,DISPATCH,UNIT_SCADA,1,"2019/09/05 11:25:00",UPPTUMUT,204.285950
D,DISPATCH,UNIT_SCADA,1,"2019/09/05 11:25:00",URANQ11,0
D,DISPATCH,UNIT_SCADA,1,"2019/09/05 11:25:00",URANQ12,0
D,DISPATCH,UNIT_SCADA,1,"2019/09/05 11:25:00",URANQ13,0
D,DISPATCH,UNIT_SCADA,1,"2019/09/05 11:25:00",URANQ14,0
D,DISPATCH,UNIT_SCADA,1,"2019/09/05 11:25:00",VP5,507.975010
D,DISPATCH,UNIT_SCADA,1,"2019/09/05 11:25:00",VP6,0
D,DISPATCH,UNIT_SCADA,1,"2019/09/05 11:25:00",VPGS1,0
D,DISPATCH,UNIT_SCADA,1,"2019/09/05 11:25:00",VPGS2,0
D,DISPATCH,UNIT_SCADA,1,"2019/09/05 11:25:00",VPGS3,0
D,DISPATCH,UNIT_SCADA,1,"2019/09/05 11:25:00",VPGS4,0
D,DISPATCH,UNIT_SCADA,1,"2019/09/05 11:25:00",VPGS5,0
D,DISPATCH,UNIT_SCADA,1,"2019/09/05 11:25:00",VPGS6,0
D,DISPATCH,UNIT_SCADA,1,"2019/09/05 11:25:00",W/HOE#1,0
D,DISPATCH,UNIT_SCADA,1,"2019/09/05 11:25:00",W/HOE#2,0
D,DISPATCH,UNIT_SCADA,1,"2019/09/05 11:25:00",WATERLWF,38.80
D,DISPATCH,UNIT_SCADA,1,"2019/09/05 11:25:00",WEMENSF1,64.20
D,DISPATCH,UNIT_SCADA,1,"2019/09/05 11:25:00",WGWF1,55.30
D,DISPATCH,UNIT_SCADA,1,"2019/09/05 11:25:00",WHITSF1,0
D,DISPATCH,UNIT_SCADA,1,"2019/09/05 11:25:00",WKIEWA1,17.20
D,DISPATCH,UNIT_SCADA,1,"2019/09/05 11:25:00",WKIEWA2,0.10
D,DISPATCH,UNIT_SCADA,1,"2019/09/05 11:25:00",WOODLWN1,0
D,DISPATCH,UNIT_SCADA,1,"2019/09/05 11:25:00",WRSF1,19.87
D,DISPATCH,UNIT_SCADA,1,"2019/09/05 11:25:00",WRWF1,91.338740
D,DISPATCH,UNIT_SCADA,1,"2019/09/05 11:25:00",YABULU,0
D,DISPATCH,UNIT_SCADA,1,"2019/09/05 11:25:00",YABULU2,0
D,DISPATCH,UNIT_SCADA,1,"2019/09/05 11:25:00",YARWUN_1,120.41
D,DISPATCH,UNIT_SCADA,1,"2019/09/05 11:25:00",YENDWF1,14.64
D,DISPATCH,UNIT_SCADA,1,"2019/09/05 11:25:00",YWPS1,378.194950
D,DISPATCH,UNIT_SCADA,1,"2019/09/05 11:25:00",YWPS2,278.944310
D,DISPATCH,UNIT_SCADA,1,"2019/09/05 11:25:00",YWPS3,360.235440
D,DISPATCH,UNIT_SCADA,1,"2019/09/05 11:25:00",YWPS4,387.334170
C,"END OF REPORT",335
