C,NEMP.WORLD,DISPATCHSCADA,AEMO,PUBLIC,2019/09/06,07:45:09,0000000312452701,DISPATCHSCADA,0000000312452695
I,DISPATCH,UNIT_SCADA,1,SETTLEMENTDATE,DUID,SCADAVALUE
D,DISPATCH,UNIT_SCADA,1,"2019/09/06 07:50:00",BARCSF1,6.30
D,DISPATCH,UNIT_SCADA,1,"2019/09/06 07:50:00",BUTLERSG,10.199999
D,DISPATCH,UNIT_SCADA,1,"2019/09/06 07:50:00",CALL_A_4,0
D,DISPATCH,UNIT_SCADA,1,"2019/09/06 07:50:00",CAPTL_WF,0
D,DISPATCH,UNIT_SCADA,1,"2019/09/06 07:50:00",CATHROCK,0
D,DISPATCH,UNIT_SCADA,1,"2019/09/06 07:50:00",CHALLHWF,35.300003
D,DISPATCH,UNIT_SCADA,1,"2019/09/06 07:50:00",CLOVER,-0.01
D,DISPATCH,UNIT_SCADA,1,"2019/09/06 07:50:00",CLUNY,18.873426
D,DISPATCH,UNIT_SCADA,1,"2019/09/06 07:50:00",CNUNDAWF,7.608876
D,DISPATCH,UNIT_SCADA,1,"2019/09/06 07:50:00",CULLRGWF,3.43
D,DISPATCH,UNIT_SCADA,1,"2019/09/06 07:50:00",ERGT01,0
D,DISPATCH,UNIT_SCADA,1,"2019/09/06 07:50:00",GB01,0.006580
D,DISPATCH,UNIT_SCADA,1,"2019/09/06 07:50:00",GERMCRK,35.099998
D,DISPATCH,UNIT_SCADA,1,"2019/09/06 07:50:00",GRIFSF1,2.900002
D,DISPATCH,UNIT_SCADA,1,"2019/09/06 07:50:00",HUGSF1,6.4080
D,DISPATCH,UNIT_SCADA,1,"2019/09/06 07:50:00",LKBONNY1,4.465468
D,DISPATCH,UNIT_SCADA,1,"2019/09/06 07:50:00",LRSF1,9.9060
D,DISPATCH,UNIT_SCADA,1,"2019/09/06 07:50:00",MBAHNTH,50.343750
D,DISPATCH,UNIT_SCADA,1,"2019/09/06 07:50:00",MLSP1,2.077001
D,DISPATCH,UNIT_SCADA,1,"2019/09/06 07:50:00",MLWF1,7.56
D,DISPATCH,UNIT_SCADA,1,"2019/09/06 07:50:00",MTMILLAR,55.780071
D,DISPATCH,UNIT_SCADA,1,"2019/09/06 07:50:00",PALOONA,25.66
D,DISPATCH,UNIT_SCADA,1,"2019/09/06 07:50:00",PIONEER,46
D,DISPATCH,UNIT_SCADA,1,"2019/09/06 07:50:00",PORTWF,33.900002
D,DISPATCH,UNIT_SCADA,1,"2019/09/06 07:50:00",REPULSE,32.625618
D,DISPATCH,UNIT_SCADA,1,"2019/09/06 07:50:00",ROWALLAN,10.4157
D,DISPATCH,UNIT_SCADA,1,"2019/09/06 07:50:00",ROYALLA1,7.144001
D,DISPATCH,UNIT_SCADA,1,"2019/09/06 07:50:00",RPCG,11.70
D,DISPATCH,UNIT_SCADA,1,"2019/09/06 07:50:00",RUBICON,0
D,DISPATCH,UNIT_SCADA,1,"2019/09/06 07:50:00",SATGN1,0
D,DISPATCH,UNIT_SCADA,1,"2019/09/06 07:50:00",SATGS1,0
D,DISPATCH,UNIT_SCADA,1,"2019/09/06 07:50:00",STARHLWF,26.792187
D,DISPATCH,UNIT_SCADA,1,"2019/09/06 07:50:00",WAUBRAWF,56.095001
D,DISPATCH,UNIT_SCADA,1,"2019/09/06 07:50:00",WOOLNTH1,125.570023
D,DISPATCH,UNIT_SCADA,1,"2019/09/06 07:50:00",WPWF,81
D,DISPATCH,UNIT_SCADA,1,"2019/09/06 07:50:00",YAMBUKWF,7.10
D,DISPATCH,UNIT_SCADA,1,"2019/09/06 07:50:00",YSWF1,5.20
D,DISPATCH,UNIT_SCADA,1,"2019/09/06 07:50:00",AGLHAL,0
D,DISPATCH,UNIT_SCADA,1,"2019/09/06 07:50:00",AGLSOM,0
D,DISPATCH,UNIT_SCADA,1,"2019/09/06 07:50:00",ANGAST1,0
D,DISPATCH,UNIT_SCADA,1,"2019/09/06 07:50:00",ARWF1,38.10
D,DISPATCH,UNIT_SCADA,1,"2019/09/06 07:50:00",BALBG1,0
D,DISPATCH,UNIT_SCADA,1,"2019/09/06 07:50:00",BALBL1,0
D,DISPATCH,UNIT_SCADA,1,"2019/09/06 07:50:00",BALDHWF1,48.3750
D,DISPATCH,UNIT_SCADA,1,"2019/09/06 07:50:00",BANN1,10.15
D,DISPATCH,UNIT_SCADA,1,"2019/09/06 07:50:00",BARCALDN,0
D,DISPATCH,UNIT_SCADA,1,"2019/09/06 07:50:00",BARRON-1,24
D,DISPATCH,UNIT_SCADA,1,"2019/09/06 07:50:00",BARRON-2,0
D,DISPATCH,UNIT_SCADA,1,"2019/09/06 07:50:00",BASTYAN,79.920010
D,DISPATCH,UNIT_SCADA,1,"2019/09/06 07:50:00",BBTHREE1,0
D,DISPATCH,UNIT_SCADA,1,"2019/09/06 07:50:00",BBTHREE2,0
D,DISPATCH,UNIT_SCADA,1,"2019/09/06 07:50:00",BBTHREE3,0
D,DISPATCH,UNIT_SCADA,1,"2019/09/06 07:50:00",BDL01,40.92
D,DISPATCH,UNIT_SCADA,1,"2019/09/06 07:50:00",BDL02,43.86
D,DISPATCH,UNIT_SCADA,1,"2019/09/06 07:50:00",BERYLSF1,48.711840
D,DISPATCH,UNIT_SCADA,1,"2019/09/06 07:50:00",BLOWERNG,15.30
D,DISPATCH,UNIT_SCADA,1,"2019/09/06 07:50:00",BLUFF1,52.60
D,DISPATCH,UNIT_SCADA,1,"2019/09/06 07:50:00",BNGSF1,2.04
D,DISPATCH,UNIT_SCADA,1,"2019/09/06 07:50:00",BNGSF2,0.59
D,DISPATCH,UNIT_SCADA,1,"2019/09/06 07:50:00",BOCORWF1,88
D,DISPATCH,UNIT_SCADA,1,"2019/09/06 07:50:00",BODWF1,55.491450
D,DISPATCH,UNIT_SCADA,1,"2019/09/06 07:50:00",BRAEMAR1,0
D,DISPATCH,UNIT_SCADA,1,"2019/09/06 07:50:00",BRAEMAR2,0
D,DISPATCH,UNIT_SCADA,1,"2019/09/06 07:50:00",BRAEMAR3,0
D,DISPATCH,UNIT_SCADA,1,"2019/09/06 07:50:00",BRAEMAR5,152.444730
D,DISPATCH,UNIT_SCADA,1,"2019/09/06 07:50:00",BRAEMAR6,0
D,DISPATCH,UNIT_SCADA,1,"2019/09/06 07:50:00",BRAEMAR7,0
D,DISPATCH,UNIT_SCADA,1,"2019/09/06 07:50:00",BROKENH1,1.433590
D,DISPATCH,UNIT_SCADA,1,"2019/09/06 07:50:00",BW01,628.650020
D,DISPATCH,UNIT_SCADA,1,"2019/09/06 07:50:00",BW02,636.8750
D,DISPATCH,UNIT_SCADA,1,"2019/09/06 07:50:00",BW03,654.300050
D,DISPATCH,UNIT_SCADA,1,"2019/09/06 07:50:00",BW04,0
D,DISPATCH,UNIT_SCADA,1,"2019/09/06 07:50:00",CALL_B_1,303
D,DISPATCH,UNIT_SCADA,1,"2019/09/06 07:50:00",CALL_B_2,259.899990
D,DISPATCH,UNIT_SCADA,1,"2019/09/06 07:50:00",CETHANA,97.166630
D,DISPATCH,UNIT_SCADA,1,"2019/09/06 07:50:00",CG1,0
D,DISPATCH,UNIT_SCADA,1,"2019/09/06 07:50:00",CG2,0
D,DISPATCH,UNIT_SCADA,1,"2019/09/06 07:50:00",CG3,0
D,DISPATCH,UNIT_SCADA,1,"2019/09/06 07:50:00",CG4,0
D,DISPATCH,UNIT_SCADA,1,"2019/09/06 07:50:00",CHILDSF1,52.83
D,DISPATCH,UNIT_SCADA,1,"2019/09/06 07:50:00",CLARESF1,23.901180
D,DISPATCH,UNIT_SCADA,1,"2019/09/06 07:50:00",CLEMGPWF,53.882190
D,DISPATCH,UNIT_SCADA,1,"2019/09/06 07:50:00",CLERMSF1,14.68
D,DISPATCH,UNIT_SCADA,1,"2019/09/06 07:50:00",COLEASF1,13.80
D,DISPATCH,UNIT_SCADA,1,"2019/09/06 07:50:00",COOPGWF1,22.261260
D,DISPATCH,UNIT_SCADA,1,"2019/09/06 07:50:00",CPP_3,358.325010
D,DISPATCH,UNIT_SCADA,1,"2019/09/06 07:50:00",CPP_4,358.050020
D,DISPATCH,UNIT_SCADA,1,"2019/09/06 07:50:00",CPSA,143.361250
D,DISPATCH,UNIT_SCADA,1,"2019/09/06 07:50:00",CROOKWF2,79.603750
D,DISPATCH,UNIT_SCADA,1,"2019/09/06 07:50:00",CROWLWF1,41.531390
D,DISPATCH,UNIT_SCADA,1,"2019/09/06 07:50:00",CSPVPS1,12.0340
D,DISPATCH,UNIT_SCADA,1,"2019/09/06 07:50:00",DALNTH01,0
D,DISPATCH,UNIT_SCADA,1,"2019/09/06 07:50:00",DALNTHL1,0.096130
D,DISPATCH,UNIT_SCADA,1,"2019/09/06 07:50:00",DARTM1,131.50
D,DISPATCH,UNIT_SCADA,1,"2019/09/06 07:50:00",DAYDSF1,102.102010
D,DISPATCH,UNIT_SCADA,1,"2019/09/06 07:50:00",DDPS1,0
D,DISPATCH,UNIT_SCADA,1,"2019/09/06 07:50:00",DDSF1,49.946620
D,DISPATCH,UNIT_SCADA,1,"2019/09/06 07:50:00",DEVILS_G,61.696220
D,DISPATCH,UNIT_SCADA,1,"2019/09/06 07:50:00",DG_NSW1,0
D,DISPATCH,UNIT_SCADA,1,"2019/09/06 07:50:00",DG_QLD1,0
D,DISPATCH,UNIT_SCADA,1,"2019/09/06 07:50:00",DG_SA1,0
D,DISPATCH,UNIT_SCADA,1,"2019/09/06 07:50:00",DG_TAS1,0
D,DISPATCH,UNIT_SCADA,1,"2019/09/06 07:50:00",DG_VIC1,0
D,DISPATCH,UNIT_SCADA,1,"2019/09/06 07:50:00",DRYCGT1,0
D,DISPATCH,UNIT_SCADA,1,"2019/09/06 07:50:00",DRYCGT2,0
D,DISPATCH,UNIT_SCADA,1,"2019/09/06 07:50:00",DRYCGT3,0
D,DISPATCH,UNIT_SCADA,1,"2019/09/06 07:50:00",EILDON1,0
D,DISPATCH,UNIT_SCADA,1,"2019/09/06 07:50:00",EILDON2,0
D,DISPATCH,UNIT_SCADA,1,"2019/09/06 07:50:00",EMERASF1,44.04
D,DISPATCH,UNIT_SCADA,1,"2019/09/06 07:50:00",ER01,571.650020
D,DISPATCH,UNIT_SCADA,1,"2019/09/06 07:50:00",ER02,677.775020
D,DISPATCH,UNIT_SCADA,1,"2019/09/06 07:50:00",ER03,0
D,DISPATCH,UNIT_SCADA,1,"2019/09/06 07:50:00",ER04,663.849980
D,DISPATCH,UNIT_SCADA,1,"2019/09/06 07:50:00",FINLYSF1,0
D,DISPATCH,UNIT_SCADA,1,"2019/09/06 07:50:00",FISHER,45.62
D,DISPATCH,UNIT_SCADA,1,"2019/09/06 07:50:00",GANNBG1,0.014560
D,DISPATCH,UNIT_SCADA,1,"2019/09/06 07:50:00",GANNBL1,0
D,DISPATCH,UNIT_SCADA,1,"2019/09/06 07:50:00",GANNSF1,7
D,DISPATCH,UNIT_SCADA,1,"2019/09/06 07:50:00",GORDON,18.504080
D,DISPATCH,UNIT_SCADA,1,"2019/09/06 07:50:00",GSTONE1,186.20
D,DISPATCH,UNIT_SCADA,1,"2019/09/06 07:50:00",GSTONE2,179.20
D,DISPATCH,UNIT_SCADA,1,"2019/09/06 07:50:00",GSTONE3,0
D,DISPATCH,UNIT_SCADA,1,"2019/09/06 07:50:00",GSTONE4,187.0750
D,DISPATCH,UNIT_SCADA,1,"2019/09/06 07:50:00",GSTONE5,186.20
D,DISPATCH,UNIT_SCADA,1,"2019/09/06 07:50:00",GSTONE6,186.024990
D,DISPATCH,UNIT_SCADA,1,"2019/09/06 07:50:00",GULLRSF1,3.993470
D,DISPATCH,UNIT_SCADA,1,"2019/09/06 07:50:00",GULLRWF1,88.511810
D,DISPATCH,UNIT_SCADA,1,"2019/09/06 07:50:00",GUNNING1,27.841580
D,DISPATCH,UNIT_SCADA,1,"2019/09/06 07:50:00",GUTHEGA,30.90
D,DISPATCH,UNIT_SCADA,1,"2019/09/06 07:50:00",HALLWF1,91.96
D,DISPATCH,UNIT_SCADA,1,"2019/09/06 07:50:00",HALLWF2,39.57
D,DISPATCH,UNIT_SCADA,1,"2019/09/06 07:50:00",HAMISF1,0
D,DISPATCH,UNIT_SCADA,1,"2019/09/06 07:50:00",HAUGHT11,0
D,DISPATCH,UNIT_SCADA,1,"2019/09/06 07:50:00",HAYMSF1,0
D,DISPATCH,UNIT_SCADA,1,"2019/09/06 07:50:00",HDWF1,99.40
D,DISPATCH,UNIT_SCADA,1,"2019/09/06 07:50:00",HDWF2,95.80
D,DISPATCH,UNIT_SCADA,1,"2019/09/06 07:50:00",HDWF3,105.70
D,DISPATCH,UNIT_SCADA,1,"2019/09/06 07:50:00",HPRG1,0
D,DISPATCH,UNIT_SCADA,1,"2019/09/06 07:50:00",HPRL1,25.20
D,DISPATCH,UNIT_SCADA,1,"2019/09/06 07:50:00",HUMENSW,0
D,DISPATCH,UNIT_SCADA,1,"2019/09/06 07:50:00",HUMEV,23.30
D,DISPATCH,UNIT_SCADA,1,"2019/09/06 07:50:00",HVGTS,0
D,DISPATCH,UNIT_SCADA,1,"2019/09/06 07:50:00",JBUTTERS,111.91
D,DISPATCH,UNIT_SCADA,1,"2019/09/06 07:50:00",JLA01,0.10
D,DISPATCH,UNIT_SCADA,1,"2019/09/06 07:50:00",JLA02,0
D,DISPATCH,UNIT_SCADA,1,"2019/09/06 07:50:00",JLA03,0
D,DISPATCH,UNIT_SCADA,1,"2019/09/06 07:50:00",JLA04,0
D,DISPATCH,UNIT_SCADA,1,"2019/09/06 07:50:00",JLB01,0
D,DISPATCH,UNIT_SCADA,1,"2019/09/06 07:50:00",JLB02,0.10
D,DISPATCH,UNIT_SCADA,1,"2019/09/06 07:50:00",JLB03,0
D,DISPATCH,UNIT_SCADA,1,"2019/09/06 07:50:00",KAREEYA1,21.4650
D,DISPATCH,UNIT_SCADA,1,"2019/09/06 07:50:00",KAREEYA2,21.85
D,DISPATCH,UNIT_SCADA,1,"2019/09/06 07:50:00",KAREEYA3,0
D,DISPATCH,UNIT_SCADA,1,"2019/09/06 07:50:00",KAREEYA4,21.5325
D,DISPATCH,UNIT_SCADA,1,"2019/09/06 07:50:00",KARSF1,3
D,DISPATCH,UNIT_SCADA,1,"2019/09/06 07:50:00",KIATAWF1,27.50
D,DISPATCH,UNIT_SCADA,1,"2019/09/06 07:50:00",KPP_1,0
D,DISPATCH,UNIT_SCADA,1,"2019/09/06 07:50:00",KSP1,33.76
D,DISPATCH,UNIT_SCADA,1,"2019/09/06 07:50:00",LADBROK1,42.65
D,DISPATCH,UNIT_SCADA,1,"2019/09/06 07:50:00",LADBROK2,42.83
D,DISPATCH,UNIT_SCADA,1,"2019/09/06 07:50:00",LD01,385.724950
D,DISPATCH,UNIT_SCADA,1,"2019/09/06 07:50:00",LD02,382.893770
D,DISPATCH,UNIT_SCADA,1,"2019/09/06 07:50:00",LD03,383.662540
D,DISPATCH,UNIT_SCADA,1,"2019/09/06 07:50:00",LD04,384.356230
D,DISPATCH,UNIT_SCADA,1,"2019/09/06 07:50:00",LEM_WIL,84.632450
D,DISPATCH,UNIT_SCADA,1,"2019/09/06 07:50:00",LGAPWF1,34.54
D,DISPATCH,UNIT_SCADA,1,"2019/09/06 07:50:00",LILYSF1,0
D,DISPATCH,UNIT_SCADA,1,"2019/09/06 07:50:00",LI_WY_CA,142.096980
D,DISPATCH,UNIT_SCADA,1,"2019/09/06 07:50:00",LKBONNY2,25.731660
D,DISPATCH,UNIT_SCADA,1,"2019/09/06 07:50:00",LKBONNY3,10.438720
D,DISPATCH,UNIT_SCADA,1,"2019/09/06 07:50:00",LK_ECHO,0
D,DISPATCH,UNIT_SCADA,1,"2019/09/06 07:50:00",LNGS1,0
D,DISPATCH,UNIT_SCADA,1,"2019/09/06 07:50:00",LNGS2,0
D,DISPATCH,UNIT_SCADA,1,"2019/09/06 07:50:00",LONSDALE,0
D,DISPATCH,UNIT_SCADA,1,"2019/09/06 07:50:00",LOYYB1,526.3139
D,DISPATCH,UNIT_SCADA,1,"2019/09/06 07:50:00",LOYYB2,574.8114
D,DISPATCH,UNIT_SCADA,1,"2019/09/06 07:50:00",LYA1,0
D,DISPATCH,UNIT_SCADA,1,"2019/09/06 07:50:00",LYA2,0
D,DISPATCH,UNIT_SCADA,1,"2019/09/06 07:50:00",LYA3,557
D,DISPATCH,UNIT_SCADA,1,"2019/09/06 07:50:00",LYA4,536
D,DISPATCH,UNIT_SCADA,1,"2019/09/06 07:50:00",MACARTH1,151.6965
D,DISPATCH,UNIT_SCADA,1,"2019/09/06 07:50:00",MACKAYGT,0.2240
D,DISPATCH,UNIT_SCADA,1,"2019/09/06 07:50:00",MACKNTSH,86.740010
D,DISPATCH,UNIT_SCADA,1,"2019/09/06 07:50:00",MANSLR1,24.1480
D,DISPATCH,UNIT_SCADA,1,"2019/09/06 07:50:00",MCKAY1,-0.0350
D,DISPATCH,UNIT_SCADA,1,"2019/09/06 07:50:00",MEADOWBK,33.8673
D,DISPATCH,UNIT_SCADA,1,"2019/09/06 07:50:00",MERCER01,21.8240
D,DISPATCH,UNIT_SCADA,1,"2019/09/06 07:50:00",MEWF1,34.314240
D,DISPATCH,UNIT_SCADA,1,"2019/09/06 07:50:00",MINTARO,0
D,DISPATCH,UNIT_SCADA,1,"2019/09/06 07:50:00",MOREESF1,50.0580
D,DISPATCH,UNIT_SCADA,1,"2019/09/06 07:50:00",MORTLK11,259
D,DISPATCH,UNIT_SCADA,1,"2019/09/06 07:50:00",MORTLK12,0
D,DISPATCH,UNIT_SCADA,1,"2019/09/06 07:50:00",MP1,222.449950
D,DISPATCH,UNIT_SCADA,1,"2019/09/06 07:50:00",MP2,0
D,DISPATCH,UNIT_SCADA,1,"2019/09/06 07:50:00",MPP_1,417.25
D,DISPATCH,UNIT_SCADA,1,"2019/09/06 07:50:00",MPP_2,434.50
D,DISPATCH,UNIT_SCADA,1,"2019/09/06 07:50:00",MSTUART1,0
D,DISPATCH,UNIT_SCADA,1,"2019/09/06 07:50:00",MSTUART2,0
D,DISPATCH,UNIT_SCADA,1,"2019/09/06 07:50:00",MSTUART3,0
D,DISPATCH,UNIT_SCADA,1,"2019/09/06 07:50:00",MTGELWF1,-0.457780
D,DISPATCH,UNIT_SCADA,1,"2019/09/06 07:50:00",MURRAY,118.092740
D,DISPATCH,UNIT_SCADA,1,"2019/09/06 07:50:00",MUSSELR1,136.30
D,DISPATCH,UNIT_SCADA,1,"2019/09/06 07:50:00",MUWAWF1,72.27
D,DISPATCH,UNIT_SCADA,1,"2019/09/06 07:50:00",NBHWF1,119.10
D,DISPATCH,UNIT_SCADA,1,"2019/09/06 07:50:00",NPS,0
D,DISPATCH,UNIT_SCADA,1,"2019/09/06 07:50:00",NUMURSF1,4.28
D,DISPATCH,UNIT_SCADA,1,"2019/09/06 07:50:00",NYNGAN1,32.50
D,DISPATCH,UNIT_SCADA,1,"2019/09/06 07:50:00",OAKEY1,0
D,DISPATCH,UNIT_SCADA,1,"2019/09/06 07:50:00",OAKEY1SF,20.6220
D,DISPATCH,UNIT_SCADA,1,"2019/09/06 07:50:00",OAKEY2,0
D,DISPATCH,UNIT_SCADA,1,"2019/09/06 07:50:00",OAKEY2SF,0
D,DISPATCH,UNIT_SCADA,1,"2019/09/06 07:50:00",OAKLAND1,7.80
D,DISPATCH,UNIT_SCADA,1,"2019/09/06 07:50:00",OSB-AG,0
D,DISPATCH,UNIT_SCADA,1,"2019/09/06 07:50:00",PARSF1,19.000010
D,DISPATCH,UNIT_SCADA,1,"2019/09/06 07:50:00",POAT110,0
D,DISPATCH,UNIT_SCADA,1,"2019/09/06 07:50:00",POAT220,0
D,DISPATCH,UNIT_SCADA,1,"2019/09/06 07:50:00",POR01,0
D,DISPATCH,UNIT_SCADA,1,"2019/09/06 07:50:00",POR03,0
D,DISPATCH,UNIT_SCADA,1,"2019/09/06 07:50:00",PPCCGT,225.227260
D,DISPATCH,UNIT_SCADA,1,"2019/09/06 07:50:00",PTSTAN1,0
D,DISPATCH,UNIT_SCADA,1,"2019/09/06 07:50:00",PUMP1,0
D,DISPATCH,UNIT_SCADA,1,"2019/09/06 07:50:00",PUMP2,0
D,DISPATCH,UNIT_SCADA,1,"2019/09/06 07:50:00",QPS1,29
D,DISPATCH,UNIT_SCADA,1,"2019/09/06 07:50:00",QPS2,0
D,DISPATCH,UNIT_SCADA,1,"2019/09/06 07:50:00",QPS3,0
D,DISPATCH,UNIT_SCADA,1,"2019/09/06 07:50:00",QPS4,0
D,DISPATCH,UNIT_SCADA,1,"2019/09/06 07:50:00",QPS5,0
D,DISPATCH,UNIT_SCADA,1,"2019/09/06 07:50:00",REECE1,101.95
D,DISPATCH,UNIT_SCADA,1,"2019/09/06 07:50:00",REECE2,99.63
D,DISPATCH,UNIT_SCADA,1,"2019/09/06 07:50:00",ROMA_7,0
D,DISPATCH,UNIT_SCADA,1,"2019/09/06 07:50:00",ROMA_8,0
D,DISPATCH,UNIT_SCADA,1,"2019/09/06 07:50:00",RRSF1,54.980130
D,DISPATCH,UNIT_SCADA,1,"2019/09/06 07:50:00",RT_NSW1,0
D,DISPATCH,UNIT_SCADA,1,"2019/09/06 07:50:00",RT_NSW2,0
D,DISPATCH,UNIT_SCADA,1,"2019/09/06 07:50:00",RT_NSW3,0
D,DISPATCH,UNIT_SCADA,1,"2019/09/06 07:50:00",RT_NSW4,0
D,DISPATCH,UNIT_SCADA,1,"2019/09/06 07:50:00",RT_NSW5,0
D,DISPATCH,UNIT_SCADA,1,"2019/09/06 07:50:00",RT_NSW6,0
D,DISPATCH,UNIT_SCADA,1,"2019/09/06 07:50:00",RT_QLD1,0
D,DISPATCH,UNIT_SCADA,1,"2019/09/06 07:50:00",RT_SA1,0
D,DISPATCH,UNIT_SCADA,1,"2019/09/06 07:50:00",RT_SA2,0
D,DISPATCH,UNIT_SCADA,1,"2019/09/06 07:50:00",RT_SA3,0
D,DISPATCH,UNIT_SCADA,1,"2019/09/06 07:50:00",RT_SA4,0
D,DISPATCH,UNIT_SCADA,1,"2019/09/06 07:50:00",RT_SA5,0
D,DISPATCH,UNIT_SCADA,1,"2019/09/06 07:50:00",RT_SA6,0
D,DISPATCH,UNIT_SCADA,1,"2019/09/06 07:50:00",RT_TAS1,0
D,DISPATCH,UNIT_SCADA,1,"2019/09/06 07:50:00",RT_VIC1,0
D,DISPATCH,UNIT_SCADA,1,"2019/09/06 07:50:00",RT_VIC10,0
D,DISPATCH,UNIT_SCADA,1,"2019/09/06 07:50:00",RT_VIC11,0
D,DISPATCH,UNIT_SCADA,1,"2019/09/06 07:50:00",RT_VIC12,0
D,DISPATCH,UNIT_SCADA,1,"2019/09/06 07:50:00",RT_VIC2,0
D,DISPATCH,UNIT_SCADA,1,"2019/09/06 07:50:00",RT_VIC3,0
D,DISPATCH,UNIT_SCADA,1,"2019/09/06 07:50:00",RT_VIC4,0
D,DISPATCH,UNIT_SCADA,1,"2019/09/06 07:50:00",RT_VIC5,0
D,DISPATCH,UNIT_SCADA,1,"2019/09/06 07:50:00",RT_VIC6,0
D,DISPATCH,UNIT_SCADA,1,"2019/09/06 07:50:00",RT_VIC7,0
D,DISPATCH,UNIT_SCADA,1,"2019/09/06 07:50:00",RT_VIC8,0
D,DISPATCH,UNIT_SCADA,1,"2019/09/06 07:50:00",RT_VIC9,0
D,DISPATCH,UNIT_SCADA,1,"2019/09/06 07:50:00",RUGBYR1,58.861570
D,DISPATCH,UNIT_SCADA,1,"2019/09/06 07:50:00",SALTCRK1,24.47
D,DISPATCH,UNIT_SCADA,1,"2019/09/06 07:50:00",SAPHWF1,151.574980
D,DISPATCH,UNIT_SCADA,1,"2019/09/06 07:50:00",SHGEN,157.5815
D,DISPATCH,UNIT_SCADA,1,"2019/09/06 07:50:00",SHPUMP,0
D,DISPATCH,UNIT_SCADA,1,"2019/09/06 07:50:00",SITHE01,0.224190
D,DISPATCH,UNIT_SCADA,1,"2019/09/06 07:50:00",SMCSF1,30.7526
D,DISPATCH,UNIT_SCADA,1,"2019/09/06 07:50:00",SNOWNTH1,137.50
D,DISPATCH,UNIT_SCADA,1,"2019/09/06 07:50:00",SNOWSTH1,118.899990
D,DISPATCH,UNIT_SCADA,1,"2019/09/06 07:50:00",SNOWTWN1,93.241070
D,DISPATCH,UNIT_SCADA,1,"2019/09/06 07:50:00",SNOWYP,0
D,DISPATCH,UNIT_SCADA,1,"2019/09/06 07:50:00",SNUG1,0.019440
D,DISPATCH,UNIT_SCADA,1,"2019/09/06 07:50:00",SRSF1,54.24
D,DISPATCH,UNIT_SCADA,1,"2019/09/06 07:50:00",STAN-1,259.496370
D,DISPATCH,UNIT_SCADA,1,"2019/09/06 07:50:00",STAN-2,300.039060
D,DISPATCH,UNIT_SCADA,1,"2019/09/06 07:50:00",STAN-3,300.192870
D,DISPATCH,UNIT_SCADA,1,"2019/09/06 07:50:00",STAN-4,299.974980
D,DISPATCH,UNIT_SCADA,1,"2019/09/06 07:50:00",STWF1,0
D,DISPATCH,UNIT_SCADA,1,"2019/09/06 07:50:00",SWAN_E,0
D,DISPATCH,UNIT_SCADA,1,"2019/09/06 07:50:00",TALWA1,410
D,DISPATCH,UNIT_SCADA,1,"2019/09/06 07:50:00",TARALGA1,16.991250
D,DISPATCH,UNIT_SCADA,1,"2019/09/06 07:50:00",TARONG#1,350.50
D,DISPATCH,UNIT_SCADA,1,"2019/09/06 07:50:00",TARONG#2,0
D,DISPATCH,UNIT_SCADA,1,"2019/09/06 07:50:00",TARONG#3,298.700010
D,DISPATCH,UNIT_SCADA,1,"2019/09/06 07:50:00",TARONG#4,350.300020
D,DISPATCH,UNIT_SCADA,1,"2019/09/06 07:50:00",TARRALEA,74.10
D,DISPATCH,UNIT_SCADA,1,"2019/09/06 07:50:00",TBSF1,10.80
D,DISPATCH,UNIT_SCADA,1,"2019/09/06 07:50:00",TNPS1,399.700010
D,DISPATCH,UNIT_SCADA,1,"2019/09/06 07:50:00",TORRA1,31.893350
D,DISPATCH,UNIT_SCADA,1,"2019/09/06 07:50:00",TORRA2,0
D,DISPATCH,UNIT_SCADA,1,"2019/09/06 07:50:00",TORRA3,0
D,DISPATCH,UNIT_SCADA,1,"2019/09/06 07:50:00",TORRA4,32.963910
D,DISPATCH,UNIT_SCADA,1,"2019/09/06 07:50:00",TORRB1,135.42
D,DISPATCH,UNIT_SCADA,1,"2019/09/06 07:50:00",TORRB2,135.30
D,DISPATCH,UNIT_SCADA,1,"2019/09/06 07:50:00",TORRB3,136.490010
D,DISPATCH,UNIT_SCADA,1,"2019/09/06 07:50:00",TORRB4,0
D,DISPATCH,UNIT_SCADA,1,"2019/09/06 07:50:00",TREVALLN,66.900010
D,DISPATCH,UNIT_SCADA,1,"2019/09/06 07:50:00",TRIBUTE,0
D,DISPATCH,UNIT_SCADA,1,"2019/09/06 07:50:00",TUMUT3,0
D,DISPATCH,UNIT_SCADA,1,"2019/09/06 07:50:00",TUNGATIN,32.10
D,DISPATCH,UNIT_SCADA,1,"2019/09/06 07:50:00",TVCC201,0
D,DISPATCH,UNIT_SCADA,1,"2019/09/06 07:50:00",TVPP104,0
D,DISPATCH,UNIT_SCADA,1,"2019/09/06 07:50:00",UPPTUMUT,536.226010
D,DISPATCH,UNIT_SCADA,1,"2019/09/06 07:50:00",URANQ11,0
D,DISPATCH,UNIT_SCADA,1,"2019/09/06 07:50:00",URANQ12,0
D,DISPATCH,UNIT_SCADA,1,"2019/09/06 07:50:00",URANQ13,0
D,DISPATCH,UNIT_SCADA,1,"2019/09/06 07:50:00",URANQ14,0
D,DISPATCH,UNIT_SCADA,1,"2019/09/06 07:50:00",VP5,530.75
D,DISPATCH,UNIT_SCADA,1,"2019/09/06 07:50:00",VP6,0
D,DISPATCH,UNIT_SCADA,1,"2019/09/06 07:50:00",VPGS1,0
D,DISPATCH,UNIT_SCADA,1,"2019/09/06 07:50:00",VPGS2,0
D,DISPATCH,UNIT_SCADA,1,"2019/09/06 07:50:00",VPGS3,0
D,DISPATCH,UNIT_SCADA,1,"2019/09/06 07:50:00",VPGS4,0
D,DISPATCH,UNIT_SCADA,1,"2019/09/06 07:50:00",VPGS5,0
D,DISPATCH,UNIT_SCADA,1,"2019/09/06 07:50:00",VPGS6,0
D,DISPATCH,UNIT_SCADA,1,"2019/09/06 07:50:00",W/HOE#1,0
D,DISPATCH,UNIT_SCADA,1,"2019/09/06 07:50:00",W/HOE#2,0
D,DISPATCH,UNIT_SCADA,1,"2019/09/06 07:50:00",WATERLWF,108.90
D,DISPATCH,UNIT_SCADA,1,"2019/09/06 07:50:00",WEMENSF1,4.70
D,DISPATCH,UNIT_SCADA,1,"2019/09/06 07:50:00",WGWF1,109.40
D,DISPATCH,UNIT_SCADA,1,"2019/09/06 07:50:00",WHITSF1,37.50
D,DISPATCH,UNIT_SCADA,1,"2019/09/06 07:50:00",WKIEWA1,31.20
D,DISPATCH,UNIT_SCADA,1,"2019/09/06 07:50:00",WKIEWA2,0.10
D,DISPATCH,UNIT_SCADA,1,"2019/09/06 07:50:00",WOODLWN1,5.471980
D,DISPATCH,UNIT_SCADA,1,"2019/09/06 07:50:00",WRSF1,8.64
D,DISPATCH,UNIT_SCADA,1,"2019/09/06 07:50:00",WRWF1,30.475010
D,DISPATCH,UNIT_SCADA,1,"2019/09/06 07:50:00",YABULU,0
D,DISPATCH,UNIT_SCADA,1,"2019/09/06 07:50:00",YABULU2,0
D,DISPATCH,UNIT_SCADA,1,"2019/09/06 07:50:00",YARWUN_1,167.019990
D,DISPATCH,UNIT_SCADA,1,"2019/09/06 07:50:00",YENDWF1,42.16
D,DISPATCH,UNIT_SCADA,1,"2019/09/06 07:50:00",YWPS1,375.437990
D,DISPATCH,UNIT_SCADA,1,"2019/09/06 07:50:00",YWPS2,277.189880
D,DISPATCH,UNIT_SCADA,1,"2019/09/06 07:50:00",YWPS3,316.482270
D,DISPATCH,UNIT_SCADA,1,"2019/09/06 07:50:00",YWPS4,381.6886
C,"END OF REPORT",335
