C,NEMP.WORLD,DISPATCHSCADA,AEMO,PUBLIC,2019/08/21,21:55:07,0000000311842797,DISPATCHSCADA,0000000311842791
I,DISPATCH,UNIT_SCADA,1,SETTLEMENTDATE,DUID,SCADAVALUE
D,DISPATCH,UNIT_SCADA,1,"2019/08/21 22:00:00",BARCSF1,0.70
D,DISPATCH,UNIT_SCADA,1,"2019/08/21 22:00:00",BUTLERSG,9.599998
D,DISPATCH,UNIT_SCADA,1,"2019/08/21 22:00:00",CALL_A_4,0
D,DISPATCH,UNIT_SCADA,1,"2019/08/21 22:00:00",CAPTL_WF,125.760002
D,DISPATCH,UNIT_SCADA,1,"2019/08/21 22:00:00",CATHROCK,24.849998
D,DISPATCH,UNIT_SCADA,1,"2019/08/21 22:00:00",CHALLHWF,46.199997
D,DISPATCH,UNIT_SCADA,1,"2019/08/21 22:00:00",CLOVER,-0.01
D,DISPATCH,UNIT_SCADA,1,"2019/08/21 22:00:00",CLUNY,20.054474
D,DISPATCH,UNIT_SCADA,1,"2019/08/21 22:00:00",CNUNDAWF,41.548470
D,DISPATCH,UNIT_SCADA,1,"2019/08/21 22:00:00",CULLRGWF,30.530001
D,DISPATCH,UNIT_SCADA,1,"2019/08/21 22:00:00",ERGT01,0
D,DISPATCH,UNIT_SCADA,1,"2019/08/21 22:00:00",GB01,0.070793
D,DISPATCH,UNIT_SCADA,1,"2019/08/21 22:00:00",GERMCRK,38.799999
D,DISPATCH,UNIT_SCADA,1,"2019/08/21 22:00:00",GRIFSF1,0
D,DISPATCH,UNIT_SCADA,1,"2019/08/21 22:00:00",HUGSF1,-0.2430
D,DISPATCH,UNIT_SCADA,1,"2019/08/21 22:00:00",LKBONNY1,70.733017
D,DISPATCH,UNIT_SCADA,1,"2019/08/21 22:00:00",LRSF1,0.0390
D,DISPATCH,UNIT_SCADA,1,"2019/08/21 22:00:00",MBAHNTH,55.856247
D,DISPATCH,UNIT_SCADA,1,"2019/08/21 22:00:00",MLSP1,0.271001
D,DISPATCH,UNIT_SCADA,1,"2019/08/21 22:00:00",MLWF1,17.8650
D,DISPATCH,UNIT_SCADA,1,"2019/08/21 22:00:00",MTMILLAR,8.654245
D,DISPATCH,UNIT_SCADA,1,"2019/08/21 22:00:00",PALOONA,24.359999
D,DISPATCH,UNIT_SCADA,1,"2019/08/21 22:00:00",PIONEER,29.300001
D,DISPATCH,UNIT_SCADA,1,"2019/08/21 22:00:00",PORTWF,139.300003
D,DISPATCH,UNIT_SCADA,1,"2019/08/21 22:00:00",REPULSE,28.835279
D,DISPATCH,UNIT_SCADA,1,"2019/08/21 22:00:00",ROWALLAN,10.4086
D,DISPATCH,UNIT_SCADA,1,"2019/08/21 22:00:00",ROYALLA1,0
D,DISPATCH,UNIT_SCADA,1,"2019/08/21 22:00:00",RPCG,11.80
D,DISPATCH,UNIT_SCADA,1,"2019/08/21 22:00:00",RUBICON,0
D,DISPATCH,UNIT_SCADA,1,"2019/08/21 22:00:00",SATGN1,0
D,DISPATCH,UNIT_SCADA,1,"2019/08/21 22:00:00",SATGS1,0
D,DISPATCH,UNIT_SCADA,1,"2019/08/21 22:00:00",STARHLWF,12.596327
D,DISPATCH,UNIT_SCADA,1,"2019/08/21 22:00:00",WAUBRAWF,176.647995
D,DISPATCH,UNIT_SCADA,1,"2019/08/21 22:00:00",WOOLNTH1,32.040016
D,DISPATCH,UNIT_SCADA,1,"2019/08/21 22:00:00",WPWF,26
D,DISPATCH,UNIT_SCADA,1,"2019/08/21 22:00:00",YAMBUKWF,29.200001
D,DISPATCH,UNIT_SCADA,1,"2019/08/21 22:00:00",YSWF1,28.299999
D,DISPATCH,UNIT_SCADA,1,"2019/08/21 22:00:00",AGLHAL,0
D,DISPATCH,UNIT_SCADA,1,"2019/08/21 22:00:00",AGLSOM,0
D,DISPATCH,UNIT_SCADA,1,"2019/08/21 22:00:00",ANGAST1,0
D,DISPATCH,UNIT_SCADA,1,"2019/08/21 22:00:00",ARWF1,176.20
D,DISPATCH,UNIT_SCADA,1,"2019/08/21 22:00:00",BALBG1,0
D,DISPATCH,UNIT_SCADA,1,"2019/08/21 22:00:00",BALBL1,12.08
D,DISPATCH,UNIT_SCADA,1,"2019/08/21 22:00:00",BALDHWF1,80.537990
D,DISPATCH,UNIT_SCADA,1,"2019/08/21 22:00:00",BANN1,0
D,DISPATCH,UNIT_SCADA,1,"2019/08/21 22:00:00",BARCALDN,0
D,DISPATCH,UNIT_SCADA,1,"2019/08/21 22:00:00",BARRON-1,0
D,DISPATCH,UNIT_SCADA,1,"2019/08/21 22:00:00",BARRON-2,28.32
D,DISPATCH,UNIT_SCADA,1,"2019/08/21 22:00:00",BASTYAN,78.30
D,DISPATCH,UNIT_SCADA,1,"2019/08/21 22:00:00",BBTHREE1,-1.98
D,DISPATCH,UNIT_SCADA,1,"2019/08/21 22:00:00",BBTHREE2,-2
D,DISPATCH,UNIT_SCADA,1,"2019/08/21 22:00:00",BBTHREE3,-1.12
D,DISPATCH,UNIT_SCADA,1,"2019/08/21 22:00:00",BDL01,-0.06
D,DISPATCH,UNIT_SCADA,1,"2019/08/21 22:00:00",BDL02,0
D,DISPATCH,UNIT_SCADA,1,"2019/08/21 22:00:00",BERYLSF1,0
D,DISPATCH,UNIT_SCADA,1,"2019/08/21 22:00:00",BLOWERNG,0
D,DISPATCH,UNIT_SCADA,1,"2019/08/21 22:00:00",BLUFF1,18.80
D,DISPATCH,UNIT_SCADA,1,"2019/08/21 22:00:00",BNGSF1,0
D,DISPATCH,UNIT_SCADA,1,"2019/08/21 22:00:00",BNGSF2,0
D,DISPATCH,UNIT_SCADA,1,"2019/08/21 22:00:00",BOCORWF1,102.61
D,DISPATCH,UNIT_SCADA,1,"2019/08/21 22:00:00",BODWF1,85.983990
D,DISPATCH,UNIT_SCADA,1,"2019/08/21 22:00:00",BRAEMAR1,0
D,DISPATCH,UNIT_SCADA,1,"2019/08/21 22:00:00",BRAEMAR2,0
D,DISPATCH,UNIT_SCADA,1,"2019/08/21 22:00:00",BRAEMAR3,0
D,DISPATCH,UNIT_SCADA,1,"2019/08/21 22:00:00",BRAEMAR5,0
D,DISPATCH,UNIT_SCADA,1,"2019/08/21 22:00:00",BRAEMAR6,0
D,DISPATCH,UNIT_SCADA,1,"2019/08/21 22:00:00",BRAEMAR7,0
D,DISPATCH,UNIT_SCADA,1,"2019/08/21 22:00:00",BROKENH1,0
D,DISPATCH,UNIT_SCADA,1,"2019/08/21 22:00:00",BW01,618.550050
D,DISPATCH,UNIT_SCADA,1,"2019/08/21 22:00:00",BW02,624.950070
D,DISPATCH,UNIT_SCADA,1,"2019/08/21 22:00:00",BW03,617.525020
D,DISPATCH,UNIT_SCADA,1,"2019/08/21 22:00:00",BW04,0
D,DISPATCH,UNIT_SCADA,1,"2019/08/21 22:00:00",CALL_B_1,343.50
D,DISPATCH,UNIT_SCADA,1,"2019/08/21 22:00:00",CALL_B_2,344.200010
D,DISPATCH,UNIT_SCADA,1,"2019/08/21 22:00:00",CETHANA,99.322130
D,DISPATCH,UNIT_SCADA,1,"2019/08/21 22:00:00",CG1,0
D,DISPATCH,UNIT_SCADA,1,"2019/08/21 22:00:00",CG2,0
D,DISPATCH,UNIT_SCADA,1,"2019/08/21 22:00:00",CG3,0
D,DISPATCH,UNIT_SCADA,1,"2019/08/21 22:00:00",CG4,0
D,DISPATCH,UNIT_SCADA,1,"2019/08/21 22:00:00",CHILDSF1,0.01
D,DISPATCH,UNIT_SCADA,1,"2019/08/21 22:00:00",CLARESF1,0
D,DISPATCH,UNIT_SCADA,1,"2019/08/21 22:00:00",CLEMGPWF,47.399040
D,DISPATCH,UNIT_SCADA,1,"2019/08/21 22:00:00",CLERMSF1,0
D,DISPATCH,UNIT_SCADA,1,"2019/08/21 22:00:00",COLEASF1,0
D,DISPATCH,UNIT_SCADA,1,"2019/08/21 22:00:00",COOPGWF1,29.556130
D,DISPATCH,UNIT_SCADA,1,"2019/08/21 22:00:00",CPP_3,402.050020
D,DISPATCH,UNIT_SCADA,1,"2019/08/21 22:00:00",CPP_4,403.975010
D,DISPATCH,UNIT_SCADA,1,"2019/08/21 22:00:00",CPSA,142.378130
D,DISPATCH,UNIT_SCADA,1,"2019/08/21 22:00:00",CROOKWF2,90.293760
D,DISPATCH,UNIT_SCADA,1,"2019/08/21 22:00:00",CROWLWF1,44.500990
D,DISPATCH,UNIT_SCADA,1,"2019/08/21 22:00:00",CSPVPS1,0.0430
D,DISPATCH,UNIT_SCADA,1,"2019/08/21 22:00:00",DALNTH01,0
D,DISPATCH,UNIT_SCADA,1,"2019/08/21 22:00:00",DALNTHL1,0.004580
D,DISPATCH,UNIT_SCADA,1,"2019/08/21 22:00:00",DARTM1,0
D,DISPATCH,UNIT_SCADA,1,"2019/08/21 22:00:00",DAYDSF1,0
D,DISPATCH,UNIT_SCADA,1,"2019/08/21 22:00:00",DDPS1,356.756710
D,DISPATCH,UNIT_SCADA,1,"2019/08/21 22:00:00",DDSF1,0
D,DISPATCH,UNIT_SCADA,1,"2019/08/21 22:00:00",DEVILS_G,0
D,DISPATCH,UNIT_SCADA,1,"2019/08/21 22:00:00",DG_NSW1,0
D,DISPATCH,UNIT_SCADA,1,"2019/08/21 22:00:00",DG_QLD1,0
D,DISPATCH,UNIT_SCADA,1,"2019/08/21 22:00:00",DG_SA1,0
D,DISPATCH,UNIT_SCADA,1,"2019/08/21 22:00:00",DG_TAS1,0
D,DISPATCH,UNIT_SCADA,1,"2019/08/21 22:00:00",DG_VIC1,0
D,DISPATCH,UNIT_SCADA,1,"2019/08/21 22:00:00",DRYCGT1,0
D,DISPATCH,UNIT_SCADA,1,"2019/08/21 22:00:00",DRYCGT2,0
D,DISPATCH,UNIT_SCADA,1,"2019/08/21 22:00:00",DRYCGT3,0
D,DISPATCH,UNIT_SCADA,1,"2019/08/21 22:00:00",EILDON1,0
D,DISPATCH,UNIT_SCADA,1,"2019/08/21 22:00:00",EILDON2,0
D,DISPATCH,UNIT_SCADA,1,"2019/08/21 22:00:00",EMERASF1,0
D,DISPATCH,UNIT_SCADA,1,"2019/08/21 22:00:00",ER01,561.650020
D,DISPATCH,UNIT_SCADA,1,"2019/08/21 22:00:00",ER02,586.1250
D,DISPATCH,UNIT_SCADA,1,"2019/08/21 22:00:00",ER03,599.150020
D,DISPATCH,UNIT_SCADA,1,"2019/08/21 22:00:00",ER04,632.724980
D,DISPATCH,UNIT_SCADA,1,"2019/08/21 22:00:00",FINLYSF1,0
D,DISPATCH,UNIT_SCADA,1,"2019/08/21 22:00:00",FISHER,45.82
D,DISPATCH,UNIT_SCADA,1,"2019/08/21 22:00:00",GANNBG1,0.005790
D,DISPATCH,UNIT_SCADA,1,"2019/08/21 22:00:00",GANNBL1,0
D,DISPATCH,UNIT_SCADA,1,"2019/08/21 22:00:00",GANNSF1,0
D,DISPATCH,UNIT_SCADA,1,"2019/08/21 22:00:00",GORDON,19.085360
D,DISPATCH,UNIT_SCADA,1,"2019/08/21 22:00:00",GSTONE1,151.724990
D,DISPATCH,UNIT_SCADA,1,"2019/08/21 22:00:00",GSTONE2,169.05
D,DISPATCH,UNIT_SCADA,1,"2019/08/21 22:00:00",GSTONE3,173.0750
D,DISPATCH,UNIT_SCADA,1,"2019/08/21 22:00:00",GSTONE4,173.25
D,DISPATCH,UNIT_SCADA,1,"2019/08/21 22:00:00",GSTONE5,156.80
D,DISPATCH,UNIT_SCADA,1,"2019/08/21 22:00:00",GSTONE6,0
D,DISPATCH,UNIT_SCADA,1,"2019/08/21 22:00:00",GULLRSF1,0
D,DISPATCH,UNIT_SCADA,1,"2019/08/21 22:00:00",GULLRWF1,159.094120
D,DISPATCH,UNIT_SCADA,1,"2019/08/21 22:00:00",GUNNING1,41.052050
D,DISPATCH,UNIT_SCADA,1,"2019/08/21 22:00:00",GUTHEGA,30.40
D,DISPATCH,UNIT_SCADA,1,"2019/08/21 22:00:00",HALLWF1,34.90
D,DISPATCH,UNIT_SCADA,1,"2019/08/21 22:00:00",HALLWF2,30.95
D,DISPATCH,UNIT_SCADA,1,"2019/08/21 22:00:00",HAMISF1,0
D,DISPATCH,UNIT_SCADA,1,"2019/08/21 22:00:00",HAUGHT11,0
D,DISPATCH,UNIT_SCADA,1,"2019/08/21 22:00:00",HAYMSF1,0
D,DISPATCH,UNIT_SCADA,1,"2019/08/21 22:00:00",HDWF1,25.20
D,DISPATCH,UNIT_SCADA,1,"2019/08/21 22:00:00",HDWF2,20.60
D,DISPATCH,UNIT_SCADA,1,"2019/08/21 22:00:00",HDWF3,22.30
D,DISPATCH,UNIT_SCADA,1,"2019/08/21 22:00:00",HPRG1,0
D,DISPATCH,UNIT_SCADA,1,"2019/08/21 22:00:00",HPRL1,17.40
D,DISPATCH,UNIT_SCADA,1,"2019/08/21 22:00:00",HUMENSW,0
D,DISPATCH,UNIT_SCADA,1,"2019/08/21 22:00:00",HUMEV,9.50
D,DISPATCH,UNIT_SCADA,1,"2019/08/21 22:00:00",HVGTS,0
D,DISPATCH,UNIT_SCADA,1,"2019/08/21 22:00:00",JBUTTERS,138.149990
D,DISPATCH,UNIT_SCADA,1,"2019/08/21 22:00:00",JLA01,0.50
D,DISPATCH,UNIT_SCADA,1,"2019/08/21 22:00:00",JLA02,0
D,DISPATCH,UNIT_SCADA,1,"2019/08/21 22:00:00",JLA03,0.10
D,DISPATCH,UNIT_SCADA,1,"2019/08/21 22:00:00",JLA04,0.10
D,DISPATCH,UNIT_SCADA,1,"2019/08/21 22:00:00",JLB01,0
D,DISPATCH,UNIT_SCADA,1,"2019/08/21 22:00:00",JLB02,0.10
D,DISPATCH,UNIT_SCADA,1,"2019/08/21 22:00:00",JLB03,0
D,DISPATCH,UNIT_SCADA,1,"2019/08/21 22:00:00",KAREEYA1,21.5075
D,DISPATCH,UNIT_SCADA,1,"2019/08/21 22:00:00",KAREEYA2,21.7575
D,DISPATCH,UNIT_SCADA,1,"2019/08/21 22:00:00",KAREEYA3,0
D,DISPATCH,UNIT_SCADA,1,"2019/08/21 22:00:00",KAREEYA4,21.68
D,DISPATCH,UNIT_SCADA,1,"2019/08/21 22:00:00",KARSF1,0
D,DISPATCH,UNIT_SCADA,1,"2019/08/21 22:00:00",KIATAWF1,30.90
D,DISPATCH,UNIT_SCADA,1,"2019/08/21 22:00:00",KPP_1,0
D,DISPATCH,UNIT_SCADA,1,"2019/08/21 22:00:00",KSP1,0
D,DISPATCH,UNIT_SCADA,1,"2019/08/21 22:00:00",LADBROK1,0
D,DISPATCH,UNIT_SCADA,1,"2019/08/21 22:00:00",LADBROK2,0
D,DISPATCH,UNIT_SCADA,1,"2019/08/21 22:00:00",LD01,417.656250
D,DISPATCH,UNIT_SCADA,1,"2019/08/21 22:00:00",LD02,418.743710
D,DISPATCH,UNIT_SCADA,1,"2019/08/21 22:00:00",LD03,417.224950
D,DISPATCH,UNIT_SCADA,1,"2019/08/21 22:00:00",LD04,376.425020
D,DISPATCH,UNIT_SCADA,1,"2019/08/21 22:00:00",LEM_WIL,86.023050
D,DISPATCH,UNIT_SCADA,1,"2019/08/21 22:00:00",LGAPWF1,25.69
D,DISPATCH,UNIT_SCADA,1,"2019/08/21 22:00:00",LILYSF1,0
D,DISPATCH,UNIT_SCADA,1,"2019/08/21 22:00:00",LI_WY_CA,148.956570
D,DISPATCH,UNIT_SCADA,1,"2019/08/21 22:00:00",LKBONNY2,153.203950
D,DISPATCH,UNIT_SCADA,1,"2019/08/21 22:00:00",LKBONNY3,35.0004
D,DISPATCH,UNIT_SCADA,1,"2019/08/21 22:00:00",LK_ECHO,0
D,DISPATCH,UNIT_SCADA,1,"2019/08/21 22:00:00",LNGS1,0
D,DISPATCH,UNIT_SCADA,1,"2019/08/21 22:00:00",LNGS2,0
D,DISPATCH,UNIT_SCADA,1,"2019/08/21 22:00:00",LONSDALE,0
D,DISPATCH,UNIT_SCADA,1,"2019/08/21 22:00:00",LOYYB1,535.336730
D,DISPATCH,UNIT_SCADA,1,"2019/08/21 22:00:00",LOYYB2,580.074710
D,DISPATCH,UNIT_SCADA,1,"2019/08/21 22:00:00",LYA1,559
D,DISPATCH,UNIT_SCADA,1,"2019/08/21 22:00:00",LYA2,0
D,DISPATCH,UNIT_SCADA,1,"2019/08/21 22:00:00",LYA3,559
D,DISPATCH,UNIT_SCADA,1,"2019/08/21 22:00:00",LYA4,531
D,DISPATCH,UNIT_SCADA,1,"2019/08/21 22:00:00",MACARTH1,379.291230
D,DISPATCH,UNIT_SCADA,1,"2019/08/21 22:00:00",MACKAYGT,0
D,DISPATCH,UNIT_SCADA,1,"2019/08/21 22:00:00",MACKNTSH,84.80
D,DISPATCH,UNIT_SCADA,1,"2019/08/21 22:00:00",MANSLR1,0
D,DISPATCH,UNIT_SCADA,1,"2019/08/21 22:00:00",MCKAY1,0.02
D,DISPATCH,UNIT_SCADA,1,"2019/08/21 22:00:00",MEADOWBK,34.038780
D,DISPATCH,UNIT_SCADA,1,"2019/08/21 22:00:00",MERCER01,124.8320
D,DISPATCH,UNIT_SCADA,1,"2019/08/21 22:00:00",MEWF1,69.668870
D,DISPATCH,UNIT_SCADA,1,"2019/08/21 22:00:00",MINTARO,0
D,DISPATCH,UNIT_SCADA,1,"2019/08/21 22:00:00",MOREESF1,0
D,DISPATCH,UNIT_SCADA,1,"2019/08/21 22:00:00",MORTLK11,0
D,DISPATCH,UNIT_SCADA,1,"2019/08/21 22:00:00",MORTLK12,0
D,DISPATCH,UNIT_SCADA,1,"2019/08/21 22:00:00",MP1,277.575070
D,DISPATCH,UNIT_SCADA,1,"2019/08/21 22:00:00",MP2,0
D,DISPATCH,UNIT_SCADA,1,"2019/08/21 22:00:00",MPP_1,312
D,DISPATCH,UNIT_SCADA,1,"2019/08/21 22:00:00",MPP_2,425.25
D,DISPATCH,UNIT_SCADA,1,"2019/08/21 22:00:00",MSTUART1,0
D,DISPATCH,UNIT_SCADA,1,"2019/08/21 22:00:00",MSTUART2,0
D,DISPATCH,UNIT_SCADA,1,"2019/08/21 22:00:00",MSTUART3,0
D,DISPATCH,UNIT_SCADA,1,"2019/08/21 22:00:00",MTGELWF1,63.516650
D,DISPATCH,UNIT_SCADA,1,"2019/08/21 22:00:00",MURRAY,0
D,DISPATCH,UNIT_SCADA,1,"2019/08/21 22:00:00",MUSSELR1,159.70
D,DISPATCH,UNIT_SCADA,1,"2019/08/21 22:00:00",MUWAWF1,55.08
D,DISPATCH,UNIT_SCADA,1,"2019/08/21 22:00:00",NBHWF1,42.50
D,DISPATCH,UNIT_SCADA,1,"2019/08/21 22:00:00",NPS,99
D,DISPATCH,UNIT_SCADA,1,"2019/08/21 22:00:00",NUMURSF1,0
D,DISPATCH,UNIT_SCADA,1,"2019/08/21 22:00:00",NYNGAN1,0
D,DISPATCH,UNIT_SCADA,1,"2019/08/21 22:00:00",OAKEY1,0
D,DISPATCH,UNIT_SCADA,1,"2019/08/21 22:00:00",OAKEY1SF,0
D,DISPATCH,UNIT_SCADA,1,"2019/08/21 22:00:00",OAKEY2,0
D,DISPATCH,UNIT_SCADA,1,"2019/08/21 22:00:00",OAKLAND1,61.60
D,DISPATCH,UNIT_SCADA,1,"2019/08/21 22:00:00",OSB-AG,0
D,DISPATCH,UNIT_SCADA,1,"2019/08/21 22:00:00",PARSF1,0
D,DISPATCH,UNIT_SCADA,1,"2019/08/21 22:00:00",POAT110,0
D,DISPATCH,UNIT_SCADA,1,"2019/08/21 22:00:00",POAT220,1.04
D,DISPATCH,UNIT_SCADA,1,"2019/08/21 22:00:00",POR01,0
D,DISPATCH,UNIT_SCADA,1,"2019/08/21 22:00:00",POR03,0
D,DISPATCH,UNIT_SCADA,1,"2019/08/21 22:00:00",PPCCGT,354.079380
D,DISPATCH,UNIT_SCADA,1,"2019/08/21 22:00:00",PTSTAN1,0
D,DISPATCH,UNIT_SCADA,1,"2019/08/21 22:00:00",PUMP1,0
D,DISPATCH,UNIT_SCADA,1,"2019/08/21 22:00:00",PUMP2,0
D,DISPATCH,UNIT_SCADA,1,"2019/08/21 22:00:00",QPS1,0
D,DISPATCH,UNIT_SCADA,1,"2019/08/21 22:00:00",QPS2,0
D,DISPATCH,UNIT_SCADA,1,"2019/08/21 22:00:00",QPS3,0
D,DISPATCH,UNIT_SCADA,1,"2019/08/21 22:00:00",QPS4,0
D,DISPATCH,UNIT_SCADA,1,"2019/08/21 22:00:00",QPS5,0
D,DISPATCH,UNIT_SCADA,1,"2019/08/21 22:00:00",REECE1,120.390010
D,DISPATCH,UNIT_SCADA,1,"2019/08/21 22:00:00",REECE2,117.900010
D,DISPATCH,UNIT_SCADA,1,"2019/08/21 22:00:00",ROMA_7,0
D,DISPATCH,UNIT_SCADA,1,"2019/08/21 22:00:00",ROMA_8,0
D,DISPATCH,UNIT_SCADA,1,"2019/08/21 22:00:00",RRSF1,0
D,DISPATCH,UNIT_SCADA,1,"2019/08/21 22:00:00",RT_NSW1,0
D,DISPATCH,UNIT_SCADA,1,"2019/08/21 22:00:00",RT_NSW2,0
D,DISPATCH,UNIT_SCADA,1,"2019/08/21 22:00:00",RT_NSW3,0
D,DISPATCH,UNIT_SCADA,1,"2019/08/21 22:00:00",RT_NSW4,0
D,DISPATCH,UNIT_SCADA,1,"2019/08/21 22:00:00",RT_NSW5,0
D,DISPATCH,UNIT_SCADA,1,"2019/08/21 22:00:00",RT_NSW6,0
D,DISPATCH,UNIT_SCADA,1,"2019/08/21 22:00:00",RT_QLD1,0
D,DISPATCH,UNIT_SCADA,1,"2019/08/21 22:00:00",RT_SA1,0
D,DISPATCH,UNIT_SCADA,1,"2019/08/21 22:00:00",RT_SA2,0
D,DISPATCH,UNIT_SCADA,1,"2019/08/21 22:00:00",RT_SA3,0
D,DISPATCH,UNIT_SCADA,1,"2019/08/21 22:00:00",RT_SA4,0
D,DISPATCH,UNIT_SCADA,1,"2019/08/21 22:00:00",RT_SA5,0
D,DISPATCH,UNIT_SCADA,1,"2019/08/21 22:00:00",RT_SA6,0
D,DISPATCH,UNIT_SCADA,1,"2019/08/21 22:00:00",RT_TAS1,0
D,DISPATCH,UNIT_SCADA,1,"2019/08/21 22:00:00",RT_VIC1,0
D,DISPATCH,UNIT_SCADA,1,"2019/08/21 22:00:00",RT_VIC10,0
D,DISPATCH,UNIT_SCADA,1,"2019/08/21 22:00:00",RT_VIC11,0
D,DISPATCH,UNIT_SCADA,1,"2019/08/21 22:00:00",RT_VIC12,0
D,DISPATCH,UNIT_SCADA,1,"2019/08/21 22:00:00",RT_VIC2,0
D,DISPATCH,UNIT_SCADA,1,"2019/08/21 22:00:00",RT_VIC3,0
D,DISPATCH,UNIT_SCADA,1,"2019/08/21 22:00:00",RT_VIC4,0
D,DISPATCH,UNIT_SCADA,1,"2019/08/21 22:00:00",RT_VIC5,0
D,DISPATCH,UNIT_SCADA,1,"2019/08/21 22:00:00",RT_VIC6,0
D,DISPATCH,UNIT_SCADA,1,"2019/08/21 22:00:00",RT_VIC7,0
D,DISPATCH,UNIT_SCADA,1,"2019/08/21 22:00:00",RT_VIC8,0
D,DISPATCH,UNIT_SCADA,1,"2019/08/21 22:00:00",RT_VIC9,0
D,DISPATCH,UNIT_SCADA,1,"2019/08/21 22:00:00",RUGBYR1,0
D,DISPATCH,UNIT_SCADA,1,"2019/08/21 22:00:00",SALTCRK1,51.75
D,DISPATCH,UNIT_SCADA,1,"2019/08/21 22:00:00",SAPHWF1,243.637510
D,DISPATCH,UNIT_SCADA,1,"2019/08/21 22:00:00",SHGEN,0
D,DISPATCH,UNIT_SCADA,1,"2019/08/21 22:00:00",SHPUMP,0
D,DISPATCH,UNIT_SCADA,1,"2019/08/21 22:00:00",SITHE01,0.005650
D,DISPATCH,UNIT_SCADA,1,"2019/08/21 22:00:00",SMCSF1,0
D,DISPATCH,UNIT_SCADA,1,"2019/08/21 22:00:00",SNOWNTH1,132.100010
D,DISPATCH,UNIT_SCADA,1,"2019/08/21 22:00:00",SNOWSTH1,98.600010
D,DISPATCH,UNIT_SCADA,1,"2019/08/21 22:00:00",SNOWTWN1,82.6712
D,DISPATCH,UNIT_SCADA,1,"2019/08/21 22:00:00",SNOWYP,0
D,DISPATCH,UNIT_SCADA,1,"2019/08/21 22:00:00",SNUG1,0.019440
D,DISPATCH,UNIT_SCADA,1,"2019/08/21 22:00:00",SRSF1,0.44
D,DISPATCH,UNIT_SCADA,1,"2019/08/21 22:00:00",STAN-1,0
D,DISPATCH,UNIT_SCADA,1,"2019/08/21 22:00:00",STAN-2,278.543610
D,DISPATCH,UNIT_SCADA,1,"2019/08/21 22:00:00",STAN-3,276.415860
D,DISPATCH,UNIT_SCADA,1,"2019/08/21 22:00:00",STAN-4,276.505580
D,DISPATCH,UNIT_SCADA,1,"2019/08/21 22:00:00",STWF1,168.986250
D,DISPATCH,UNIT_SCADA,1,"2019/08/21 22:00:00",SWAN_E,0
D,DISPATCH,UNIT_SCADA,1,"2019/08/21 22:00:00",TALWA1,300
D,DISPATCH,UNIT_SCADA,1,"2019/08/21 22:00:00",TARALGA1,95.763760
D,DISPATCH,UNIT_SCADA,1,"2019/08/21 22:00:00",TARONG#1,309.200010
D,DISPATCH,UNIT_SCADA,1,"2019/08/21 22:00:00",TARONG#2,308.700010
D,DISPATCH,UNIT_SCADA,1,"2019/08/21 22:00:00",TARONG#3,260.50
D,DISPATCH,UNIT_SCADA,1,"2019/08/21 22:00:00",TARONG#4,309.600010
D,DISPATCH,UNIT_SCADA,1,"2019/08/21 22:00:00",TARRALEA,84.10
D,DISPATCH,UNIT_SCADA,1,"2019/08/21 22:00:00",TBSF1,-0.20
D,DISPATCH,UNIT_SCADA,1,"2019/08/21 22:00:00",TNPS1,442.000030
D,DISPATCH,UNIT_SCADA,1,"2019/08/21 22:00:00",TORRA1,47.443110
D,DISPATCH,UNIT_SCADA,1,"2019/08/21 22:00:00",TORRA2,0
D,DISPATCH,UNIT_SCADA,1,"2019/08/21 22:00:00",TORRA3,0
D,DISPATCH,UNIT_SCADA,1,"2019/08/21 22:00:00",TORRA4,0
D,DISPATCH,UNIT_SCADA,1,"2019/08/21 22:00:00",TORRB1,63.73
D,DISPATCH,UNIT_SCADA,1,"2019/08/21 22:00:00",TORRB2,54.68
D,DISPATCH,UNIT_SCADA,1,"2019/08/21 22:00:00",TORRB3,0
D,DISPATCH,UNIT_SCADA,1,"2019/08/21 22:00:00",TORRB4,0
D,DISPATCH,UNIT_SCADA,1,"2019/08/21 22:00:00",TREVALLN,69.650030
D,DISPATCH,UNIT_SCADA,1,"2019/08/21 22:00:00",TRIBUTE,84.42
D,DISPATCH,UNIT_SCADA,1,"2019/08/21 22:00:00",TUMUT3,0
D,DISPATCH,UNIT_SCADA,1,"2019/08/21 22:00:00",TUNGATIN,125.710030
D,DISPATCH,UNIT_SCADA,1,"2019/08/21 22:00:00",TVCC201,0
D,DISPATCH,UNIT_SCADA,1,"2019/08/21 22:00:00",TVPP104,0
D,DISPATCH,UNIT_SCADA,1,"2019/08/21 22:00:00",UPPTUMUT,0
D,DISPATCH,UNIT_SCADA,1,"2019/08/21 22:00:00",URANQ11,0
D,DISPATCH,UNIT_SCADA,1,"2019/08/21 22:00:00",URANQ12,0
D,DISPATCH,UNIT_SCADA,1,"2019/08/21 22:00:00",URANQ13,0
D,DISPATCH,UNIT_SCADA,1,"2019/08/21 22:00:00",URANQ14,0
D,DISPATCH,UNIT_SCADA,1,"2019/08/21 22:00:00",VP5,437.025020
D,DISPATCH,UNIT_SCADA,1,"2019/08/21 22:00:00",VP6,440.824980
D,DISPATCH,UNIT_SCADA,1,"2019/08/21 22:00:00",VPGS1,0
D,DISPATCH,UNIT_SCADA,1,"2019/08/21 22:00:00",VPGS2,0
D,DISPATCH,UNIT_SCADA,1,"2019/08/21 22:00:00",VPGS3,0
D,DISPATCH,UNIT_SCADA,1,"2019/08/21 22:00:00",VPGS4,0
D,DISPATCH,UNIT_SCADA,1,"2019/08/21 22:00:00",VPGS5,0
D,DISPATCH,UNIT_SCADA,1,"2019/08/21 22:00:00",VPGS6,0
D,DISPATCH,UNIT_SCADA,1,"2019/08/21 22:00:00",W/HOE#1,0
D,DISPATCH,UNIT_SCADA,1,"2019/08/21 22:00:00",W/HOE#2,0
D,DISPATCH,UNIT_SCADA,1,"2019/08/21 22:00:00",WATERLWF,93.80
D,DISPATCH,UNIT_SCADA,1,"2019/08/21 22:00:00",WEMENSF1,0
D,DISPATCH,UNIT_SCADA,1,"2019/08/21 22:00:00",WGWF1,34.80
D,DISPATCH,UNIT_SCADA,1,"2019/08/21 22:00:00",WHITSF1,0
D,DISPATCH,UNIT_SCADA,1,"2019/08/21 22:00:00",WKIEWA1,29.20
D,DISPATCH,UNIT_SCADA,1,"2019/08/21 22:00:00",WKIEWA2,29.20
D,DISPATCH,UNIT_SCADA,1,"2019/08/21 22:00:00",WOODLWN1,44.9640
D,DISPATCH,UNIT_SCADA,1,"2019/08/21 22:00:00",WRSF1,0
D,DISPATCH,UNIT_SCADA,1,"2019/08/21 22:00:00",WRWF1,156.664990
D,DISPATCH,UNIT_SCADA,1,"2019/08/21 22:00:00",YABULU,0
D,DISPATCH,UNIT_SCADA,1,"2019/08/21 22:00:00",YABULU2,0
D,DISPATCH,UNIT_SCADA,1,"2019/08/21 22:00:00",YARWUN_1,0
D,DISPATCH,UNIT_SCADA,1,"2019/08/21 22:00:00",YENDWF1,42.07
D,DISPATCH,UNIT_SCADA,1,"2019/08/21 22:00:00",YWPS1,378.946840
D,DISPATCH,UNIT_SCADA,1,"2019/08/21 22:00:00",YWPS2,274.432920
D,DISPATCH,UNIT_SCADA,1,"2019/08/21 22:00:00",YWPS3,0
D,DISPATCH,UNIT_SCADA,1,"2019/08/21 22:00:00",YWPS4,392.697480
C,"END OF REPORT",334
