C,NEMP.WORLD,DISPATCHSCADA,AEMO,PUBLIC,2019/09/05,15:35:07,0000000312427449,DISPATCHSCADA,0000000312427443
I,DISPATCH,UNIT_SCADA,1,SETTLEMENTDATE,DUID,SCADAVALUE
D,DISPATCH,UNIT_SCADA,1,"2019/09/05 15:40:00",BARCSF1,8.900001
D,DISPATCH,UNIT_SCADA,1,"2019/09/05 15:40:00",BUTLERSG,10.199999
D,DISPATCH,UNIT_SCADA,1,"2019/09/05 15:40:00",CALL_A_4,0
D,DISPATCH,UNIT_SCADA,1,"2019/09/05 15:40:00",CAPTL_WF,0
D,DISPATCH,UNIT_SCADA,1,"2019/09/05 15:40:00",CATHROCK,40.879997
D,DISPATCH,UNIT_SCADA,1,"2019/09/05 15:40:00",CHALLHWF,2.20
D,DISPATCH,UNIT_SCADA,1,"2019/09/05 15:40:00",CLOVER,-0.02
D,DISPATCH,UNIT_SCADA,1,"2019/09/05 15:40:00",CLUNY,18.144655
D,DISPATCH,UNIT_SCADA,1,"2019/09/05 15:40:00",CNUNDAWF,31.937256
D,DISPATCH,UNIT_SCADA,1,"2019/09/05 15:40:00",CULLRGWF,0
D,DISPATCH,UNIT_SCADA,1,"2019/09/05 15:40:00",ERGT01,0
D,DISPATCH,UNIT_SCADA,1,"2019/09/05 15:40:00",GB01,0.005070
D,DISPATCH,UNIT_SCADA,1,"2019/09/05 15:40:00",GERMCRK,34.700001
D,DISPATCH,UNIT_SCADA,1,"2019/09/05 15:40:00",GRIFSF1,13
D,DISPATCH,UNIT_SCADA,1,"2019/09/05 15:40:00",HUGSF1,8.957001
D,DISPATCH,UNIT_SCADA,1,"2019/09/05 15:40:00",LKBONNY1,49.120152
D,DISPATCH,UNIT_SCADA,1,"2019/09/05 15:40:00",LRSF1,-0.0340
D,DISPATCH,UNIT_SCADA,1,"2019/09/05 15:40:00",MBAHNTH,43.462494
D,DISPATCH,UNIT_SCADA,1,"2019/09/05 15:40:00",MLSP1,2.451001
D,DISPATCH,UNIT_SCADA,1,"2019/09/05 15:40:00",MLWF1,8.190001
D,DISPATCH,UNIT_SCADA,1,"2019/09/05 15:40:00",MTMILLAR,-0.189753
D,DISPATCH,UNIT_SCADA,1,"2019/09/05 15:40:00",PALOONA,25.529999
D,DISPATCH,UNIT_SCADA,1,"2019/09/05 15:40:00",PIONEER,27.700001
D,DISPATCH,UNIT_SCADA,1,"2019/09/05 15:40:00",PORTWF,57.900002
D,DISPATCH,UNIT_SCADA,1,"2019/09/05 15:40:00",REPULSE,29.228352
D,DISPATCH,UNIT_SCADA,1,"2019/09/05 15:40:00",ROWALLAN,10.4370
D,DISPATCH,UNIT_SCADA,1,"2019/09/05 15:40:00",ROYALLA1,12.530001
D,DISPATCH,UNIT_SCADA,1,"2019/09/05 15:40:00",RPCG,11.50
D,DISPATCH,UNIT_SCADA,1,"2019/09/05 15:40:00",RUBICON,0
D,DISPATCH,UNIT_SCADA,1,"2019/09/05 15:40:00",SATGN1,0
D,DISPATCH,UNIT_SCADA,1,"2019/09/05 15:40:00",SATGS1,0
D,DISPATCH,UNIT_SCADA,1,"2019/09/05 15:40:00",STARHLWF,24.692799
D,DISPATCH,UNIT_SCADA,1,"2019/09/05 15:40:00",WAUBRAWF,63.563999
D,DISPATCH,UNIT_SCADA,1,"2019/09/05 15:40:00",WOOLNTH1,27.420017
D,DISPATCH,UNIT_SCADA,1,"2019/09/05 15:40:00",WPWF,76
D,DISPATCH,UNIT_SCADA,1,"2019/09/05 15:40:00",YAMBUKWF,19.200001
D,DISPATCH,UNIT_SCADA,1,"2019/09/05 15:40:00",YSWF1,0
D,DISPATCH,UNIT_SCADA,1,"2019/09/05 15:40:00",AGLHAL,0
D,DISPATCH,UNIT_SCADA,1,"2019/09/05 15:40:00",AGLSOM,0
D,DISPATCH,UNIT_SCADA,1,"2019/09/05 15:40:00",ANGAST1,0
D,DISPATCH,UNIT_SCADA,1,"2019/09/05 15:40:00",ARWF1,19.10
D,DISPATCH,UNIT_SCADA,1,"2019/09/05 15:40:00",BALBG1,0
D,DISPATCH,UNIT_SCADA,1,"2019/09/05 15:40:00",BALBL1,18.38
D,DISPATCH,UNIT_SCADA,1,"2019/09/05 15:40:00",BALDHWF1,66.2280
D,DISPATCH,UNIT_SCADA,1,"2019/09/05 15:40:00",BANN1,67.03
D,DISPATCH,UNIT_SCADA,1,"2019/09/05 15:40:00",BARCALDN,0
D,DISPATCH,UNIT_SCADA,1,"2019/09/05 15:40:00",BARRON-1,26.04
D,DISPATCH,UNIT_SCADA,1,"2019/09/05 15:40:00",BARRON-2,0
D,DISPATCH,UNIT_SCADA,1,"2019/09/05 15:40:00",BASTYAN,81.170010
D,DISPATCH,UNIT_SCADA,1,"2019/09/05 15:40:00",BBTHREE1,0
D,DISPATCH,UNIT_SCADA,1,"2019/09/05 15:40:00",BBTHREE2,0
D,DISPATCH,UNIT_SCADA,1,"2019/09/05 15:40:00",BBTHREE3,0
D,DISPATCH,UNIT_SCADA,1,"2019/09/05 15:40:00",BDL01,0
D,DISPATCH,UNIT_SCADA,1,"2019/09/05 15:40:00",BDL02,0
D,DISPATCH,UNIT_SCADA,1,"2019/09/05 15:40:00",BERYLSF1,71.630910
D,DISPATCH,UNIT_SCADA,1,"2019/09/05 15:40:00",BLOWERNG,14.90
D,DISPATCH,UNIT_SCADA,1,"2019/09/05 15:40:00",BLUFF1,31.60
D,DISPATCH,UNIT_SCADA,1,"2019/09/05 15:40:00",BNGSF1,96.60
D,DISPATCH,UNIT_SCADA,1,"2019/09/05 15:40:00",BNGSF2,20.02
D,DISPATCH,UNIT_SCADA,1,"2019/09/05 15:40:00",BOCORWF1,106.44
D,DISPATCH,UNIT_SCADA,1,"2019/09/05 15:40:00",BODWF1,62.322590
D,DISPATCH,UNIT_SCADA,1,"2019/09/05 15:40:00",BRAEMAR1,0
D,DISPATCH,UNIT_SCADA,1,"2019/09/05 15:40:00",BRAEMAR2,0
D,DISPATCH,UNIT_SCADA,1,"2019/09/05 15:40:00",BRAEMAR3,0
D,DISPATCH,UNIT_SCADA,1,"2019/09/05 15:40:00",BRAEMAR5,0
D,DISPATCH,UNIT_SCADA,1,"2019/09/05 15:40:00",BRAEMAR6,0
D,DISPATCH,UNIT_SCADA,1,"2019/09/05 15:40:00",BRAEMAR7,0
D,DISPATCH,UNIT_SCADA,1,"2019/09/05 15:40:00",BROKENH1,40.344480
D,DISPATCH,UNIT_SCADA,1,"2019/09/05 15:40:00",BW01,559.150020
D,DISPATCH,UNIT_SCADA,1,"2019/09/05 15:40:00",BW02,614.074950
D,DISPATCH,UNIT_SCADA,1,"2019/09/05 15:40:00",BW03,636
D,DISPATCH,UNIT_SCADA,1,"2019/09/05 15:40:00",BW04,0
D,DISPATCH,UNIT_SCADA,1,"2019/09/05 15:40:00",CALL_B_1,302.300020
D,DISPATCH,UNIT_SCADA,1,"2019/09/05 15:40:00",CALL_B_2,221.900010
D,DISPATCH,UNIT_SCADA,1,"2019/09/05 15:40:00",CETHANA,97.2265
D,DISPATCH,UNIT_SCADA,1,"2019/09/05 15:40:00",CG1,0
D,DISPATCH,UNIT_SCADA,1,"2019/09/05 15:40:00",CG2,0
D,DISPATCH,UNIT_SCADA,1,"2019/09/05 15:40:00",CG3,0
D,DISPATCH,UNIT_SCADA,1,"2019/09/05 15:40:00",CG4,0
D,DISPATCH,UNIT_SCADA,1,"2019/09/05 15:40:00",CHILDSF1,53.27
D,DISPATCH,UNIT_SCADA,1,"2019/09/05 15:40:00",CLARESF1,46.381060
D,DISPATCH,UNIT_SCADA,1,"2019/09/05 15:40:00",CLEMGPWF,18.368930
D,DISPATCH,UNIT_SCADA,1,"2019/09/05 15:40:00",CLERMSF1,14.35
D,DISPATCH,UNIT_SCADA,1,"2019/09/05 15:40:00",COLEASF1,124.399990
D,DISPATCH,UNIT_SCADA,1,"2019/09/05 15:40:00",COOPGWF1,4.591220
D,DISPATCH,UNIT_SCADA,1,"2019/09/05 15:40:00",CPP_3,263.450010
D,DISPATCH,UNIT_SCADA,1,"2019/09/05 15:40:00",CPP_4,262.6250
D,DISPATCH,UNIT_SCADA,1,"2019/09/05 15:40:00",CPSA,73.919370
D,DISPATCH,UNIT_SCADA,1,"2019/09/05 15:40:00",CROOKWF2,-0.161250
D,DISPATCH,UNIT_SCADA,1,"2019/09/05 15:40:00",CROWLWF1,3.021570
D,DISPATCH,UNIT_SCADA,1,"2019/09/05 15:40:00",CSPVPS1,23.25
D,DISPATCH,UNIT_SCADA,1,"2019/09/05 15:40:00",DALNTH01,0
D,DISPATCH,UNIT_SCADA,1,"2019/09/05 15:40:00",DALNTHL1,0.007630
D,DISPATCH,UNIT_SCADA,1,"2019/09/05 15:40:00",DARTM1,0
D,DISPATCH,UNIT_SCADA,1,"2019/09/05 15:40:00",DAYDSF1,114.129010
D,DISPATCH,UNIT_SCADA,1,"2019/09/05 15:40:00",DDPS1,113.882290
D,DISPATCH,UNIT_SCADA,1,"2019/09/05 15:40:00",DDSF1,62.748670
D,DISPATCH,UNIT_SCADA,1,"2019/09/05 15:40:00",DEVILS_G,63.256320
D,DISPATCH,UNIT_SCADA,1,"2019/09/05 15:40:00",DG_NSW1,0
D,DISPATCH,UNIT_SCADA,1,"2019/09/05 15:40:00",DG_QLD1,0
D,DISPATCH,UNIT_SCADA,1,"2019/09/05 15:40:00",DG_SA1,0
D,DISPATCH,UNIT_SCADA,1,"2019/09/05 15:40:00",DG_TAS1,0
D,DISPATCH,UNIT_SCADA,1,"2019/09/05 15:40:00",DG_VIC1,0
D,DISPATCH,UNIT_SCADA,1,"2019/09/05 15:40:00",DRYCGT1,0
D,DISPATCH,UNIT_SCADA,1,"2019/09/05 15:40:00",DRYCGT2,0
D,DISPATCH,UNIT_SCADA,1,"2019/09/05 15:40:00",DRYCGT3,0
D,DISPATCH,UNIT_SCADA,1,"2019/09/05 15:40:00",EILDON1,0
D,DISPATCH,UNIT_SCADA,1,"2019/09/05 15:40:00",EILDON2,0
D,DISPATCH,UNIT_SCADA,1,"2019/09/05 15:40:00",EMERASF1,63.38
D,DISPATCH,UNIT_SCADA,1,"2019/09/05 15:40:00",ER01,566.049930
D,DISPATCH,UNIT_SCADA,1,"2019/09/05 15:40:00",ER02,357.525020
D,DISPATCH,UNIT_SCADA,1,"2019/09/05 15:40:00",ER03,0
D,DISPATCH,UNIT_SCADA,1,"2019/09/05 15:40:00",ER04,673.6250
D,DISPATCH,UNIT_SCADA,1,"2019/09/05 15:40:00",FINLYSF1,9.412510
D,DISPATCH,UNIT_SCADA,1,"2019/09/05 15:40:00",FISHER,45.80
D,DISPATCH,UNIT_SCADA,1,"2019/09/05 15:40:00",GANNBG1,2.126540
D,DISPATCH,UNIT_SCADA,1,"2019/09/05 15:40:00",GANNBL1,0
D,DISPATCH,UNIT_SCADA,1,"2019/09/05 15:40:00",GANNSF1,43.60
D,DISPATCH,UNIT_SCADA,1,"2019/09/05 15:40:00",GORDON,20.247920
D,DISPATCH,UNIT_SCADA,1,"2019/09/05 15:40:00",GSTONE1,130.3750
D,DISPATCH,UNIT_SCADA,1,"2019/09/05 15:40:00",GSTONE2,110.25
D,DISPATCH,UNIT_SCADA,1,"2019/09/05 15:40:00",GSTONE3,0
D,DISPATCH,UNIT_SCADA,1,"2019/09/05 15:40:00",GSTONE4,134.75
D,DISPATCH,UNIT_SCADA,1,"2019/09/05 15:40:00",GSTONE5,134.399990
D,DISPATCH,UNIT_SCADA,1,"2019/09/05 15:40:00",GSTONE6,135.6250
D,DISPATCH,UNIT_SCADA,1,"2019/09/05 15:40:00",GULLRSF1,1.771480
D,DISPATCH,UNIT_SCADA,1,"2019/09/05 15:40:00",GULLRWF1,2.672580
D,DISPATCH,UNIT_SCADA,1,"2019/09/05 15:40:00",GUNNING1,-0.243260
D,DISPATCH,UNIT_SCADA,1,"2019/09/05 15:40:00",GUTHEGA,0
D,DISPATCH,UNIT_SCADA,1,"2019/09/05 15:40:00",HALLWF1,10.04
D,DISPATCH,UNIT_SCADA,1,"2019/09/05 15:40:00",HALLWF2,9.93
D,DISPATCH,UNIT_SCADA,1,"2019/09/05 15:40:00",HAMISF1,42.80
D,DISPATCH,UNIT_SCADA,1,"2019/09/05 15:40:00",HAUGHT11,92.762120
D,DISPATCH,UNIT_SCADA,1,"2019/09/05 15:40:00",HAYMSF1,39.63
D,DISPATCH,UNIT_SCADA,1,"2019/09/05 15:40:00",HDWF1,51.60
D,DISPATCH,UNIT_SCADA,1,"2019/09/05 15:40:00",HDWF2,38.50
D,DISPATCH,UNIT_SCADA,1,"2019/09/05 15:40:00",HDWF3,50
D,DISPATCH,UNIT_SCADA,1,"2019/09/05 15:40:00",HPRG1,25.70
D,DISPATCH,UNIT_SCADA,1,"2019/09/05 15:40:00",HPRL1,0
D,DISPATCH,UNIT_SCADA,1,"2019/09/05 15:40:00",HUMENSW,0
D,DISPATCH,UNIT_SCADA,1,"2019/09/05 15:40:00",HUMEV,24.20
D,DISPATCH,UNIT_SCADA,1,"2019/09/05 15:40:00",HVGTS,0
D,DISPATCH,UNIT_SCADA,1,"2019/09/05 15:40:00",JBUTTERS,20.54
D,DISPATCH,UNIT_SCADA,1,"2019/09/05 15:40:00",JLA01,0.10
D,DISPATCH,UNIT_SCADA,1,"2019/09/05 15:40:00",JLA02,0
D,DISPATCH,UNIT_SCADA,1,"2019/09/05 15:40:00",JLA03,0
D,DISPATCH,UNIT_SCADA,1,"2019/09/05 15:40:00",JLA04,0
D,DISPATCH,UNIT_SCADA,1,"2019/09/05 15:40:00",JLB01,0
D,DISPATCH,UNIT_SCADA,1,"2019/09/05 15:40:00",JLB02,29.70
D,DISPATCH,UNIT_SCADA,1,"2019/09/05 15:40:00",JLB03,0
D,DISPATCH,UNIT_SCADA,1,"2019/09/05 15:40:00",KAREEYA1,21.51
D,DISPATCH,UNIT_SCADA,1,"2019/09/05 15:40:00",KAREEYA2,21.9250
D,DISPATCH,UNIT_SCADA,1,"2019/09/05 15:40:00",KAREEYA3,0
D,DISPATCH,UNIT_SCADA,1,"2019/09/05 15:40:00",KAREEYA4,21.5675
D,DISPATCH,UNIT_SCADA,1,"2019/09/05 15:40:00",KARSF1,77.90
D,DISPATCH,UNIT_SCADA,1,"2019/09/05 15:40:00",KIATAWF1,4.50
D,DISPATCH,UNIT_SCADA,1,"2019/09/05 15:40:00",KPP_1,0
D,DISPATCH,UNIT_SCADA,1,"2019/09/05 15:40:00",KSP1,45.99
D,DISPATCH,UNIT_SCADA,1,"2019/09/05 15:40:00",LADBROK1,0
D,DISPATCH,UNIT_SCADA,1,"2019/09/05 15:40:00",LADBROK2,0
D,DISPATCH,UNIT_SCADA,1,"2019/09/05 15:40:00",LD01,380.568820
D,DISPATCH,UNIT_SCADA,1,"2019/09/05 15:40:00",LD02,381.262480
D,DISPATCH,UNIT_SCADA,1,"2019/09/05 15:40:00",LD03,382.931210
D,DISPATCH,UNIT_SCADA,1,"2019/09/05 15:40:00",LD04,384.6937
D,DISPATCH,UNIT_SCADA,1,"2019/09/05 15:40:00",LEM_WIL,85.122950
D,DISPATCH,UNIT_SCADA,1,"2019/09/05 15:40:00",LGAPWF1,13.01
D,DISPATCH,UNIT_SCADA,1,"2019/09/05 15:40:00",LILYSF1,78.643190
D,DISPATCH,UNIT_SCADA,1,"2019/09/05 15:40:00",LI_WY_CA,132.632490
D,DISPATCH,UNIT_SCADA,1,"2019/09/05 15:40:00",LKBONNY2,100.768180
D,DISPATCH,UNIT_SCADA,1,"2019/09/05 15:40:00",LKBONNY3,24.8408
D,DISPATCH,UNIT_SCADA,1,"2019/09/05 15:40:00",LK_ECHO,0
D,DISPATCH,UNIT_SCADA,1,"2019/09/05 15:40:00",LNGS1,0
D,DISPATCH,UNIT_SCADA,1,"2019/09/05 15:40:00",LNGS2,0
D,DISPATCH,UNIT_SCADA,1,"2019/09/05 15:40:00",LONSDALE,0
D,DISPATCH,UNIT_SCADA,1,"2019/09/05 15:40:00",LOYYB1,536.840520
D,DISPATCH,UNIT_SCADA,1,"2019/09/05 15:40:00",LOYYB2,551.5025
D,DISPATCH,UNIT_SCADA,1,"2019/09/05 15:40:00",LYA1,0
D,DISPATCH,UNIT_SCADA,1,"2019/09/05 15:40:00",LYA2,0
D,DISPATCH,UNIT_SCADA,1,"2019/09/05 15:40:00",LYA3,558
D,DISPATCH,UNIT_SCADA,1,"2019/09/05 15:40:00",LYA4,540
D,DISPATCH,UNIT_SCADA,1,"2019/09/05 15:40:00",MACARTH1,273.493680
D,DISPATCH,UNIT_SCADA,1,"2019/09/05 15:40:00",MACKAYGT,0.2240
D,DISPATCH,UNIT_SCADA,1,"2019/09/05 15:40:00",MACKNTSH,88.670010
D,DISPATCH,UNIT_SCADA,1,"2019/09/05 15:40:00",MANSLR1,38.9740
D,DISPATCH,UNIT_SCADA,1,"2019/09/05 15:40:00",MCKAY1,-0.0350
D,DISPATCH,UNIT_SCADA,1,"2019/09/05 15:40:00",MEADOWBK,33.381440
D,DISPATCH,UNIT_SCADA,1,"2019/09/05 15:40:00",MERCER01,26.5630
D,DISPATCH,UNIT_SCADA,1,"2019/09/05 15:40:00",MEWF1,0
D,DISPATCH,UNIT_SCADA,1,"2019/09/05 15:40:00",MINTARO,0
D,DISPATCH,UNIT_SCADA,1,"2019/09/05 15:40:00",MOREESF1,49.0820
D,DISPATCH,UNIT_SCADA,1,"2019/09/05 15:40:00",MORTLK11,259
D,DISPATCH,UNIT_SCADA,1,"2019/09/05 15:40:00",MORTLK12,0
D,DISPATCH,UNIT_SCADA,1,"2019/09/05 15:40:00",MP1,222.649960
D,DISPATCH,UNIT_SCADA,1,"2019/09/05 15:40:00",MP2,0
D,DISPATCH,UNIT_SCADA,1,"2019/09/05 15:40:00",MPP_1,398.75
D,DISPATCH,UNIT_SCADA,1,"2019/09/05 15:40:00",MPP_2,351.25
D,DISPATCH,UNIT_SCADA,1,"2019/09/05 15:40:00",MSTUART1,0
D,DISPATCH,UNIT_SCADA,1,"2019/09/05 15:40:00",MSTUART2,0
D,DISPATCH,UNIT_SCADA,1,"2019/09/05 15:40:00",MSTUART3,0
D,DISPATCH,UNIT_SCADA,1,"2019/09/05 15:40:00",MTGELWF1,24.8970
D,DISPATCH,UNIT_SCADA,1,"2019/09/05 15:40:00",MURRAY,0
D,DISPATCH,UNIT_SCADA,1,"2019/09/05 15:40:00",MUSSELR1,6.80
D,DISPATCH,UNIT_SCADA,1,"2019/09/05 15:40:00",MUWAWF1,9.42
D,DISPATCH,UNIT_SCADA,1,"2019/09/05 15:40:00",NBHWF1,91.20
D,DISPATCH,UNIT_SCADA,1,"2019/09/05 15:40:00",NPS,32.25
D,DISPATCH,UNIT_SCADA,1,"2019/09/05 15:40:00",NUMURSF1,42.61
D,DISPATCH,UNIT_SCADA,1,"2019/09/05 15:40:00",NYNGAN1,63
D,DISPATCH,UNIT_SCADA,1,"2019/09/05 15:40:00",OAKEY1,0
D,DISPATCH,UNIT_SCADA,1,"2019/09/05 15:40:00",OAKEY1SF,22.6310
D,DISPATCH,UNIT_SCADA,1,"2019/09/05 15:40:00",OAKEY2,0
D,DISPATCH,UNIT_SCADA,1,"2019/09/05 15:40:00",OAKEY2SF,0
D,DISPATCH,UNIT_SCADA,1,"2019/09/05 15:40:00",OAKLAND1,14.70
D,DISPATCH,UNIT_SCADA,1,"2019/09/05 15:40:00",OSB-AG,141.06
D,DISPATCH,UNIT_SCADA,1,"2019/09/05 15:40:00",PARSF1,45
D,DISPATCH,UNIT_SCADA,1,"2019/09/05 15:40:00",POAT110,0
D,DISPATCH,UNIT_SCADA,1,"2019/09/05 15:40:00",POAT220,0
D,DISPATCH,UNIT_SCADA,1,"2019/09/05 15:40:00",POR01,0
D,DISPATCH,UNIT_SCADA,1,"2019/09/05 15:40:00",POR03,0
D,DISPATCH,UNIT_SCADA,1,"2019/09/05 15:40:00",PPCCGT,125.232670
D,DISPATCH,UNIT_SCADA,1,"2019/09/05 15:40:00",PTSTAN1,0
D,DISPATCH,UNIT_SCADA,1,"2019/09/05 15:40:00",PUMP1,0
D,DISPATCH,UNIT_SCADA,1,"2019/09/05 15:40:00",PUMP2,0
D,DISPATCH,UNIT_SCADA,1,"2019/09/05 15:40:00",QPS1,0
D,DISPATCH,UNIT_SCADA,1,"2019/09/05 15:40:00",QPS2,0
D,DISPATCH,UNIT_SCADA,1,"2019/09/05 15:40:00",QPS3,0
D,DISPATCH,UNIT_SCADA,1,"2019/09/05 15:40:00",QPS4,0
D,DISPATCH,UNIT_SCADA,1,"2019/09/05 15:40:00",QPS5,0
D,DISPATCH,UNIT_SCADA,1,"2019/09/05 15:40:00",REECE1,105.290010
D,DISPATCH,UNIT_SCADA,1,"2019/09/05 15:40:00",REECE2,101.850010
D,DISPATCH,UNIT_SCADA,1,"2019/09/05 15:40:00",ROMA_7,0
D,DISPATCH,UNIT_SCADA,1,"2019/09/05 15:40:00",ROMA_8,0
D,DISPATCH,UNIT_SCADA,1,"2019/09/05 15:40:00",RRSF1,109.455670
D,DISPATCH,UNIT_SCADA,1,"2019/09/05 15:40:00",RT_NSW1,0
D,DISPATCH,UNIT_SCADA,1,"2019/09/05 15:40:00",RT_NSW2,0
D,DISPATCH,UNIT_SCADA,1,"2019/09/05 15:40:00",RT_NSW3,0
D,DISPATCH,UNIT_SCADA,1,"2019/09/05 15:40:00",RT_NSW4,0
D,DISPATCH,UNIT_SCADA,1,"2019/09/05 15:40:00",RT_NSW5,0
D,DISPATCH,UNIT_SCADA,1,"2019/09/05 15:40:00",RT_NSW6,0
D,DISPATCH,UNIT_SCADA,1,"2019/09/05 15:40:00",RT_QLD1,0
D,DISPATCH,UNIT_SCADA,1,"2019/09/05 15:40:00",RT_SA1,0
D,DISPATCH,UNIT_SCADA,1,"2019/09/05 15:40:00",RT_SA2,0
D,DISPATCH,UNIT_SCADA,1,"2019/09/05 15:40:00",RT_SA3,0
D,DISPATCH,UNIT_SCADA,1,"2019/09/05 15:40:00",RT_SA4,0
D,DISPATCH,UNIT_SCADA,1,"2019/09/05 15:40:00",RT_SA5,0
D,DISPATCH,UNIT_SCADA,1,"2019/09/05 15:40:00",RT_SA6,0
D,DISPATCH,UNIT_SCADA,1,"2019/09/05 15:40:00",RT_TAS1,0
D,DISPATCH,UNIT_SCADA,1,"2019/09/05 15:40:00",RT_VIC1,0
D,DISPATCH,UNIT_SCADA,1,"2019/09/05 15:40:00",RT_VIC10,0
D,DISPATCH,UNIT_SCADA,1,"2019/09/05 15:40:00",RT_VIC11,0
D,DISPATCH,UNIT_SCADA,1,"2019/09/05 15:40:00",RT_VIC12,0
D,DISPATCH,UNIT_SCADA,1,"2019/09/05 15:40:00",RT_VIC2,0
D,DISPATCH,UNIT_SCADA,1,"2019/09/05 15:40:00",RT_VIC3,0
D,DISPATCH,UNIT_SCADA,1,"2019/09/05 15:40:00",RT_VIC4,0
D,DISPATCH,UNIT_SCADA,1,"2019/09/05 15:40:00",RT_VIC5,0
D,DISPATCH,UNIT_SCADA,1,"2019/09/05 15:40:00",RT_VIC6,0
D,DISPATCH,UNIT_SCADA,1,"2019/09/05 15:40:00",RT_VIC7,0
D,DISPATCH,UNIT_SCADA,1,"2019/09/05 15:40:00",RT_VIC8,0
D,DISPATCH,UNIT_SCADA,1,"2019/09/05 15:40:00",RT_VIC9,0
D,DISPATCH,UNIT_SCADA,1,"2019/09/05 15:40:00",RUGBYR1,59.021310
D,DISPATCH,UNIT_SCADA,1,"2019/09/05 15:40:00",SALTCRK1,17.52
D,DISPATCH,UNIT_SCADA,1,"2019/09/05 15:40:00",SAPHWF1,138.712520
D,DISPATCH,UNIT_SCADA,1,"2019/09/05 15:40:00",SHGEN,0
D,DISPATCH,UNIT_SCADA,1,"2019/09/05 15:40:00",SHPUMP,0
D,DISPATCH,UNIT_SCADA,1,"2019/09/05 15:40:00",SITHE01,0.173950
D,DISPATCH,UNIT_SCADA,1,"2019/09/05 15:40:00",SMCSF1,59.614420
D,DISPATCH,UNIT_SCADA,1,"2019/09/05 15:40:00",SNOWNTH1,68.60
D,DISPATCH,UNIT_SCADA,1,"2019/09/05 15:40:00",SNOWSTH1,100.30
D,DISPATCH,UNIT_SCADA,1,"2019/09/05 15:40:00",SNOWTWN1,66.432410
D,DISPATCH,UNIT_SCADA,1,"2019/09/05 15:40:00",SNOWYP,0
D,DISPATCH,UNIT_SCADA,1,"2019/09/05 15:40:00",SNUG1,0.019440
D,DISPATCH,UNIT_SCADA,1,"2019/09/05 15:40:00",SRSF1,34.42
D,DISPATCH,UNIT_SCADA,1,"2019/09/05 15:40:00",STAN-1,352.284420
D,DISPATCH,UNIT_SCADA,1,"2019/09/05 15:40:00",STAN-2,222.786180
D,DISPATCH,UNIT_SCADA,1,"2019/09/05 15:40:00",STAN-3,220.671250
D,DISPATCH,UNIT_SCADA,1,"2019/09/05 15:40:00",STAN-4,220.312350
D,DISPATCH,UNIT_SCADA,1,"2019/09/05 15:40:00",STWF1,0
D,DISPATCH,UNIT_SCADA,1,"2019/09/05 15:40:00",SWAN_E,0
D,DISPATCH,UNIT_SCADA,1,"2019/09/05 15:40:00",TALWA1,403
D,DISPATCH,UNIT_SCADA,1,"2019/09/05 15:40:00",TARALGA1,11.651260
D,DISPATCH,UNIT_SCADA,1,"2019/09/05 15:40:00",TARONG#1,349.399990
D,DISPATCH,UNIT_SCADA,1,"2019/09/05 15:40:00",TARONG#2,0
D,DISPATCH,UNIT_SCADA,1,"2019/09/05 15:40:00",TARONG#3,280.399990
D,DISPATCH,UNIT_SCADA,1,"2019/09/05 15:40:00",TARONG#4,350.100010
D,DISPATCH,UNIT_SCADA,1,"2019/09/05 15:40:00",TARRALEA,74
D,DISPATCH,UNIT_SCADA,1,"2019/09/05 15:40:00",TBSF1,0
D,DISPATCH,UNIT_SCADA,1,"2019/09/05 15:40:00",TNPS1,379.000030
D,DISPATCH,UNIT_SCADA,1,"2019/09/05 15:40:00",TORRA1,36.889820
D,DISPATCH,UNIT_SCADA,1,"2019/09/05 15:40:00",TORRA2,0
D,DISPATCH,UNIT_SCADA,1,"2019/09/05 15:40:00",TORRA3,0
D,DISPATCH,UNIT_SCADA,1,"2019/09/05 15:40:00",TORRA4,36.979340
D,DISPATCH,UNIT_SCADA,1,"2019/09/05 15:40:00",TORRB1,41.02
D,DISPATCH,UNIT_SCADA,1,"2019/09/05 15:40:00",TORRB2,68.79
D,DISPATCH,UNIT_SCADA,1,"2019/09/05 15:40:00",TORRB3,41.37
D,DISPATCH,UNIT_SCADA,1,"2019/09/05 15:40:00",TORRB4,0
D,DISPATCH,UNIT_SCADA,1,"2019/09/05 15:40:00",TREVALLN,91.310030
D,DISPATCH,UNIT_SCADA,1,"2019/09/05 15:40:00",TRIBUTE,0
D,DISPATCH,UNIT_SCADA,1,"2019/09/05 15:40:00",TUMUT3,0
D,DISPATCH,UNIT_SCADA,1,"2019/09/05 15:40:00",TUNGATIN,27.10
D,DISPATCH,UNIT_SCADA,1,"2019/09/05 15:40:00",TVCC201,0
D,DISPATCH,UNIT_SCADA,1,"2019/09/05 15:40:00",TVPP104,0
D,DISPATCH,UNIT_SCADA,1,"2019/09/05 15:40:00",UPPTUMUT,110.083160
D,DISPATCH,UNIT_SCADA,1,"2019/09/05 15:40:00",URANQ11,0
D,DISPATCH,UNIT_SCADA,1,"2019/09/05 15:40:00",URANQ12,0
D,DISPATCH,UNIT_SCADA,1,"2019/09/05 15:40:00",URANQ13,155.781250
D,DISPATCH,UNIT_SCADA,1,"2019/09/05 15:40:00",URANQ14,0
D,DISPATCH,UNIT_SCADA,1,"2019/09/05 15:40:00",VP5,533.424990
D,DISPATCH,UNIT_SCADA,1,"2019/09/05 15:40:00",VP6,0
D,DISPATCH,UNIT_SCADA,1,"2019/09/05 15:40:00",VPGS1,0
D,DISPATCH,UNIT_SCADA,1,"2019/09/05 15:40:00",VPGS2,0
D,DISPATCH,UNIT_SCADA,1,"2019/09/05 15:40:00",VPGS3,0
D,DISPATCH,UNIT_SCADA,1,"2019/09/05 15:40:00",VPGS4,0
D,DISPATCH,UNIT_SCADA,1,"2019/09/05 15:40:00",VPGS5,0
D,DISPATCH,UNIT_SCADA,1,"2019/09/05 15:40:00",VPGS6,0
D,DISPATCH,UNIT_SCADA,1,"2019/09/05 15:40:00",W/HOE#1,0
D,DISPATCH,UNIT_SCADA,1,"2019/09/05 15:40:00",W/HOE#2,0
D,DISPATCH,UNIT_SCADA,1,"2019/09/05 15:40:00",WATERLWF,104.80
D,DISPATCH,UNIT_SCADA,1,"2019/09/05 15:40:00",WEMENSF1,67.10
D,DISPATCH,UNIT_SCADA,1,"2019/09/05 15:40:00",WGWF1,51.20
D,DISPATCH,UNIT_SCADA,1,"2019/09/05 15:40:00",WHITSF1,41.40
D,DISPATCH,UNIT_SCADA,1,"2019/09/05 15:40:00",WKIEWA1,0
D,DISPATCH,UNIT_SCADA,1,"2019/09/05 15:40:00",WKIEWA2,0.10
D,DISPATCH,UNIT_SCADA,1,"2019/09/05 15:40:00",WOODLWN1,1.53
D,DISPATCH,UNIT_SCADA,1,"2019/09/05 15:40:00",WRSF1,11.11
D,DISPATCH,UNIT_SCADA,1,"2019/09/05 15:40:00",WRWF1,94.216260
D,DISPATCH,UNIT_SCADA,1,"2019/09/05 15:40:00",YABULU,0
D,DISPATCH,UNIT_SCADA,1,"2019/09/05 15:40:00",YABULU2,0
D,DISPATCH,UNIT_SCADA,1,"2019/09/05 15:40:00",YARWUN_1,120.36
D,DISPATCH,UNIT_SCADA,1,"2019/09/05 15:40:00",YENDWF1,18.17
D,DISPATCH,UNIT_SCADA,1,"2019/09/05 15:40:00",YWPS1,382.455690
D,DISPATCH,UNIT_SCADA,1,"2019/09/05 15:40:00",YWPS2,281.450620
D,DISPATCH,UNIT_SCADA,1,"2019/09/05 15:40:00",YWPS3,333.418980
D,DISPATCH,UNIT_SCADA,1,"2019/09/05 15:40:00",YWPS4,389.027860
C,"END OF REPORT",335
