C,NEMP.WORLD,DISPATCHSCADA,AEMO,PUBLIC,2019/09/06,02:40:09,0000000312444981,DISPATCHSCADA,0000000312444975
I,DISPATCH,UNIT_SCADA,1,SETTLEMENTDATE,DUID,SCADAVALUE
D,DISPATCH,UNIT_SCADA,1,"2019/09/06 02:45:00",BARCSF1,0.30
D,DISPATCH,UNIT_SCADA,1,"2019/09/06 02:45:00",BUTLERSG,10.099998
D,DISPATCH,UNIT_SCADA,1,"2019/09/06 02:45:00",CALL_A_4,0
D,DISPATCH,UNIT_SCADA,1,"2019/09/06 02:45:00",CAPTL_WF,30.012001
D,DISPATCH,UNIT_SCADA,1,"2019/09/06 02:45:00",CATHROCK,0
D,DISPATCH,UNIT_SCADA,1,"2019/09/06 02:45:00",CHALLHWF,20.700001
D,DISPATCH,UNIT_SCADA,1,"2019/09/06 02:45:00",CLOVER,0
D,DISPATCH,UNIT_SCADA,1,"2019/09/06 02:45:00",CLUNY,13.963378
D,DISPATCH,UNIT_SCADA,1,"2019/09/06 02:45:00",CNUNDAWF,7.909226
D,DISPATCH,UNIT_SCADA,1,"2019/09/06 02:45:00",CULLRGWF,6.70
D,DISPATCH,UNIT_SCADA,1,"2019/09/06 02:45:00",ERGT01,0
D,DISPATCH,UNIT_SCADA,1,"2019/09/06 02:45:00",GB01,0.007275
D,DISPATCH,UNIT_SCADA,1,"2019/09/06 02:45:00",GERMCRK,36.299999
D,DISPATCH,UNIT_SCADA,1,"2019/09/06 02:45:00",GRIFSF1,0
D,DISPATCH,UNIT_SCADA,1,"2019/09/06 02:45:00",HUGSF1,-0.2330
D,DISPATCH,UNIT_SCADA,1,"2019/09/06 02:45:00",LKBONNY1,8.752317
D,DISPATCH,UNIT_SCADA,1,"2019/09/06 02:45:00",LRSF1,-0.0010
D,DISPATCH,UNIT_SCADA,1,"2019/09/06 02:45:00",MBAHNTH,50.024994
D,DISPATCH,UNIT_SCADA,1,"2019/09/06 02:45:00",MLSP1,0
D,DISPATCH,UNIT_SCADA,1,"2019/09/06 02:45:00",MLWF1,13.184999
D,DISPATCH,UNIT_SCADA,1,"2019/09/06 02:45:00",MTMILLAR,55.914013
D,DISPATCH,UNIT_SCADA,1,"2019/09/06 02:45:00",PALOONA,25.73
D,DISPATCH,UNIT_SCADA,1,"2019/09/06 02:45:00",PIONEER,46.799999
D,DISPATCH,UNIT_SCADA,1,"2019/09/06 02:45:00",PORTWF,63.900002
D,DISPATCH,UNIT_SCADA,1,"2019/09/06 02:45:00",REPULSE,32.740368
D,DISPATCH,UNIT_SCADA,1,"2019/09/06 02:45:00",ROWALLAN,10.3092
D,DISPATCH,UNIT_SCADA,1,"2019/09/06 02:45:00",ROYALLA1,0
D,DISPATCH,UNIT_SCADA,1,"2019/09/06 02:45:00",RPCG,9.80
D,DISPATCH,UNIT_SCADA,1,"2019/09/06 02:45:00",RUBICON,0
D,DISPATCH,UNIT_SCADA,1,"2019/09/06 02:45:00",SATGN1,0
D,DISPATCH,UNIT_SCADA,1,"2019/09/06 02:45:00",SATGS1,0
D,DISPATCH,UNIT_SCADA,1,"2019/09/06 02:45:00",STARHLWF,27.292042
D,DISPATCH,UNIT_SCADA,1,"2019/09/06 02:45:00",WAUBRAWF,47.950001
D,DISPATCH,UNIT_SCADA,1,"2019/09/06 02:45:00",WOOLNTH1,121.750023
D,DISPATCH,UNIT_SCADA,1,"2019/09/06 02:45:00",WPWF,85
D,DISPATCH,UNIT_SCADA,1,"2019/09/06 02:45:00",YAMBUKWF,4.90
D,DISPATCH,UNIT_SCADA,1,"2019/09/06 02:45:00",YSWF1,4.40
D,DISPATCH,UNIT_SCADA,1,"2019/09/06 02:45:00",AGLHAL,0
D,DISPATCH,UNIT_SCADA,1,"2019/09/06 02:45:00",AGLSOM,0
D,DISPATCH,UNIT_SCADA,1,"2019/09/06 02:45:00",ANGAST1,0
D,DISPATCH,UNIT_SCADA,1,"2019/09/06 02:45:00",ARWF1,22.10
D,DISPATCH,UNIT_SCADA,1,"2019/09/06 02:45:00",BALBG1,0
D,DISPATCH,UNIT_SCADA,1,"2019/09/06 02:45:00",BALBL1,0
D,DISPATCH,UNIT_SCADA,1,"2019/09/06 02:45:00",BALDHWF1,35.0730
D,DISPATCH,UNIT_SCADA,1,"2019/09/06 02:45:00",BANN1,0
D,DISPATCH,UNIT_SCADA,1,"2019/09/06 02:45:00",BARCALDN,0
D,DISPATCH,UNIT_SCADA,1,"2019/09/06 02:45:00",BARRON-1,0
D,DISPATCH,UNIT_SCADA,1,"2019/09/06 02:45:00",BARRON-2,0
D,DISPATCH,UNIT_SCADA,1,"2019/09/06 02:45:00",BASTYAN,80.150010
D,DISPATCH,UNIT_SCADA,1,"2019/09/06 02:45:00",BBTHREE1,0
D,DISPATCH,UNIT_SCADA,1,"2019/09/06 02:45:00",BBTHREE2,0
D,DISPATCH,UNIT_SCADA,1,"2019/09/06 02:45:00",BBTHREE3,0
D,DISPATCH,UNIT_SCADA,1,"2019/09/06 02:45:00",BDL01,0
D,DISPATCH,UNIT_SCADA,1,"2019/09/06 02:45:00",BDL02,0
D,DISPATCH,UNIT_SCADA,1,"2019/09/06 02:45:00",BERYLSF1,0
D,DISPATCH,UNIT_SCADA,1,"2019/09/06 02:45:00",BLOWERNG,15.30
D,DISPATCH,UNIT_SCADA,1,"2019/09/06 02:45:00",BLUFF1,52.60
D,DISPATCH,UNIT_SCADA,1,"2019/09/06 02:45:00",BNGSF1,0
D,DISPATCH,UNIT_SCADA,1,"2019/09/06 02:45:00",BNGSF2,0
D,DISPATCH,UNIT_SCADA,1,"2019/09/06 02:45:00",BOCORWF1,83.53
D,DISPATCH,UNIT_SCADA,1,"2019/09/06 02:45:00",BODWF1,50.580840
D,DISPATCH,UNIT_SCADA,1,"2019/09/06 02:45:00",BRAEMAR1,0
D,DISPATCH,UNIT_SCADA,1,"2019/09/06 02:45:00",BRAEMAR2,0
D,DISPATCH,UNIT_SCADA,1,"2019/09/06 02:45:00",BRAEMAR3,0
D,DISPATCH,UNIT_SCADA,1,"2019/09/06 02:45:00",BRAEMAR5,0
D,DISPATCH,UNIT_SCADA,1,"2019/09/06 02:45:00",BRAEMAR6,0
D,DISPATCH,UNIT_SCADA,1,"2019/09/06 02:45:00",BRAEMAR7,0
D,DISPATCH,UNIT_SCADA,1,"2019/09/06 02:45:00",BROKENH1,0
D,DISPATCH,UNIT_SCADA,1,"2019/09/06 02:45:00",BW01,583.025020
D,DISPATCH,UNIT_SCADA,1,"2019/09/06 02:45:00",BW02,584.6250
D,DISPATCH,UNIT_SCADA,1,"2019/09/06 02:45:00",BW03,621.424930
D,DISPATCH,UNIT_SCADA,1,"2019/09/06 02:45:00",BW04,0
D,DISPATCH,UNIT_SCADA,1,"2019/09/06 02:45:00",CALL_B_1,343.200010
D,DISPATCH,UNIT_SCADA,1,"2019/09/06 02:45:00",CALL_B_2,278.300020
D,DISPATCH,UNIT_SCADA,1,"2019/09/06 02:45:00",CETHANA,97.106750
D,DISPATCH,UNIT_SCADA,1,"2019/09/06 02:45:00",CG1,0
D,DISPATCH,UNIT_SCADA,1,"2019/09/06 02:45:00",CG2,0
D,DISPATCH,UNIT_SCADA,1,"2019/09/06 02:45:00",CG3,0
D,DISPATCH,UNIT_SCADA,1,"2019/09/06 02:45:00",CG4,0
D,DISPATCH,UNIT_SCADA,1,"2019/09/06 02:45:00",CHILDSF1,0
D,DISPATCH,UNIT_SCADA,1,"2019/09/06 02:45:00",CLARESF1,0
D,DISPATCH,UNIT_SCADA,1,"2019/09/06 02:45:00",CLEMGPWF,54.602540
D,DISPATCH,UNIT_SCADA,1,"2019/09/06 02:45:00",CLERMSF1,0
D,DISPATCH,UNIT_SCADA,1,"2019/09/06 02:45:00",COLEASF1,0
D,DISPATCH,UNIT_SCADA,1,"2019/09/06 02:45:00",COOPGWF1,23.560940
D,DISPATCH,UNIT_SCADA,1,"2019/09/06 02:45:00",CPP_3,386.925020
D,DISPATCH,UNIT_SCADA,1,"2019/09/06 02:45:00",CPP_4,384.725010
D,DISPATCH,UNIT_SCADA,1,"2019/09/06 02:45:00",CPSA,143.226880
D,DISPATCH,UNIT_SCADA,1,"2019/09/06 02:45:00",CROOKWF2,56.273750
D,DISPATCH,UNIT_SCADA,1,"2019/09/06 02:45:00",CROWLWF1,33.794050
D,DISPATCH,UNIT_SCADA,1,"2019/09/06 02:45:00",CSPVPS1,0
D,DISPATCH,UNIT_SCADA,1,"2019/09/06 02:45:00",DALNTH01,0
D,DISPATCH,UNIT_SCADA,1,"2019/09/06 02:45:00",DALNTHL1,6.846720
D,DISPATCH,UNIT_SCADA,1,"2019/09/06 02:45:00",DARTM1,0
D,DISPATCH,UNIT_SCADA,1,"2019/09/06 02:45:00",DAYDSF1,0
D,DISPATCH,UNIT_SCADA,1,"2019/09/06 02:45:00",DDPS1,0
D,DISPATCH,UNIT_SCADA,1,"2019/09/06 02:45:00",DDSF1,0
D,DISPATCH,UNIT_SCADA,1,"2019/09/06 02:45:00",DEVILS_G,63.905760
D,DISPATCH,UNIT_SCADA,1,"2019/09/06 02:45:00",DG_NSW1,0
D,DISPATCH,UNIT_SCADA,1,"2019/09/06 02:45:00",DG_QLD1,0
D,DISPATCH,UNIT_SCADA,1,"2019/09/06 02:45:00",DG_SA1,0
D,DISPATCH,UNIT_SCADA,1,"2019/09/06 02:45:00",DG_TAS1,0
D,DISPATCH,UNIT_SCADA,1,"2019/09/06 02:45:00",DG_VIC1,0
D,DISPATCH,UNIT_SCADA,1,"2019/09/06 02:45:00",DRYCGT1,0
D,DISPATCH,UNIT_SCADA,1,"2019/09/06 02:45:00",DRYCGT2,0
D,DISPATCH,UNIT_SCADA,1,"2019/09/06 02:45:00",DRYCGT3,0
D,DISPATCH,UNIT_SCADA,1,"2019/09/06 02:45:00",EILDON1,0
D,DISPATCH,UNIT_SCADA,1,"2019/09/06 02:45:00",EILDON2,0
D,DISPATCH,UNIT_SCADA,1,"2019/09/06 02:45:00",EMERASF1,0
D,DISPATCH,UNIT_SCADA,1,"2019/09/06 02:45:00",ER01,480.349980
D,DISPATCH,UNIT_SCADA,1,"2019/09/06 02:45:00",ER02,567.75
D,DISPATCH,UNIT_SCADA,1,"2019/09/06 02:45:00",ER03,0
D,DISPATCH,UNIT_SCADA,1,"2019/09/06 02:45:00",ER04,569.25
D,DISPATCH,UNIT_SCADA,1,"2019/09/06 02:45:00",FINLYSF1,0
D,DISPATCH,UNIT_SCADA,1,"2019/09/06 02:45:00",FISHER,43.89
D,DISPATCH,UNIT_SCADA,1,"2019/09/06 02:45:00",GANNBG1,0
D,DISPATCH,UNIT_SCADA,1,"2019/09/06 02:45:00",GANNBL1,10.008480
D,DISPATCH,UNIT_SCADA,1,"2019/09/06 02:45:00",GANNSF1,0
D,DISPATCH,UNIT_SCADA,1,"2019/09/06 02:45:00",GORDON,19.666640
D,DISPATCH,UNIT_SCADA,1,"2019/09/06 02:45:00",GSTONE1,128.974990
D,DISPATCH,UNIT_SCADA,1,"2019/09/06 02:45:00",GSTONE2,113.2250
D,DISPATCH,UNIT_SCADA,1,"2019/09/06 02:45:00",GSTONE3,0
D,DISPATCH,UNIT_SCADA,1,"2019/09/06 02:45:00",GSTONE4,130.20
D,DISPATCH,UNIT_SCADA,1,"2019/09/06 02:45:00",GSTONE5,129.3250
D,DISPATCH,UNIT_SCADA,1,"2019/09/06 02:45:00",GSTONE6,128.45
D,DISPATCH,UNIT_SCADA,1,"2019/09/06 02:45:00",GULLRSF1,0
D,DISPATCH,UNIT_SCADA,1,"2019/09/06 02:45:00",GULLRWF1,45.044460
D,DISPATCH,UNIT_SCADA,1,"2019/09/06 02:45:00",GUNNING1,10.240060
D,DISPATCH,UNIT_SCADA,1,"2019/09/06 02:45:00",GUTHEGA,0
D,DISPATCH,UNIT_SCADA,1,"2019/09/06 02:45:00",HALLWF1,91.77
D,DISPATCH,UNIT_SCADA,1,"2019/09/06 02:45:00",HALLWF2,37.78
D,DISPATCH,UNIT_SCADA,1,"2019/09/06 02:45:00",HAMISF1,0
D,DISPATCH,UNIT_SCADA,1,"2019/09/06 02:45:00",HAUGHT11,0
D,DISPATCH,UNIT_SCADA,1,"2019/09/06 02:45:00",HAYMSF1,0
D,DISPATCH,UNIT_SCADA,1,"2019/09/06 02:45:00",HDWF1,92.40
D,DISPATCH,UNIT_SCADA,1,"2019/09/06 02:45:00",HDWF2,84.70
D,DISPATCH,UNIT_SCADA,1,"2019/09/06 02:45:00",HDWF3,99.50
D,DISPATCH,UNIT_SCADA,1,"2019/09/06 02:45:00",HPRG1,0
D,DISPATCH,UNIT_SCADA,1,"2019/09/06 02:45:00",HPRL1,5.60
D,DISPATCH,UNIT_SCADA,1,"2019/09/06 02:45:00",HUMENSW,0
D,DISPATCH,UNIT_SCADA,1,"2019/09/06 02:45:00",HUMEV,24.10
D,DISPATCH,UNIT_SCADA,1,"2019/09/06 02:45:00",HVGTS,0
D,DISPATCH,UNIT_SCADA,1,"2019/09/06 02:45:00",JBUTTERS,0
D,DISPATCH,UNIT_SCADA,1,"2019/09/06 02:45:00",JLA01,0.10
D,DISPATCH,UNIT_SCADA,1,"2019/09/06 02:45:00",JLA02,0
D,DISPATCH,UNIT_SCADA,1,"2019/09/06 02:45:00",JLA03,0
D,DISPATCH,UNIT_SCADA,1,"2019/09/06 02:45:00",JLA04,0
D,DISPATCH,UNIT_SCADA,1,"2019/09/06 02:45:00",JLB01,0
D,DISPATCH,UNIT_SCADA,1,"2019/09/06 02:45:00",JLB02,0.10
D,DISPATCH,UNIT_SCADA,1,"2019/09/06 02:45:00",JLB03,0
D,DISPATCH,UNIT_SCADA,1,"2019/09/06 02:45:00",KAREEYA1,21.5050
D,DISPATCH,UNIT_SCADA,1,"2019/09/06 02:45:00",KAREEYA2,21.6650
D,DISPATCH,UNIT_SCADA,1,"2019/09/06 02:45:00",KAREEYA3,0
D,DISPATCH,UNIT_SCADA,1,"2019/09/06 02:45:00",KAREEYA4,21.5675
D,DISPATCH,UNIT_SCADA,1,"2019/09/06 02:45:00",KARSF1,0
D,DISPATCH,UNIT_SCADA,1,"2019/09/06 02:45:00",KIATAWF1,30.80
D,DISPATCH,UNIT_SCADA,1,"2019/09/06 02:45:00",KPP_1,0
D,DISPATCH,UNIT_SCADA,1,"2019/09/06 02:45:00",KSP1,0
D,DISPATCH,UNIT_SCADA,1,"2019/09/06 02:45:00",LADBROK1,0
D,DISPATCH,UNIT_SCADA,1,"2019/09/06 02:45:00",LADBROK2,0
D,DISPATCH,UNIT_SCADA,1,"2019/09/06 02:45:00",LD01,351.862520
D,DISPATCH,UNIT_SCADA,1,"2019/09/06 02:45:00",LD02,321.543730
D,DISPATCH,UNIT_SCADA,1,"2019/09/06 02:45:00",LD03,349.912450
D,DISPATCH,UNIT_SCADA,1,"2019/09/06 02:45:00",LD04,355.237520
D,DISPATCH,UNIT_SCADA,1,"2019/09/06 02:45:00",LEM_WIL,84.894350
D,DISPATCH,UNIT_SCADA,1,"2019/09/06 02:45:00",LGAPWF1,34.32
D,DISPATCH,UNIT_SCADA,1,"2019/09/06 02:45:00",LILYSF1,0
D,DISPATCH,UNIT_SCADA,1,"2019/09/06 02:45:00",LI_WY_CA,138.525090
D,DISPATCH,UNIT_SCADA,1,"2019/09/06 02:45:00",LKBONNY2,49.285320
D,DISPATCH,UNIT_SCADA,1,"2019/09/06 02:45:00",LKBONNY3,30.869580
D,DISPATCH,UNIT_SCADA,1,"2019/09/06 02:45:00",LK_ECHO,0
D,DISPATCH,UNIT_SCADA,1,"2019/09/06 02:45:00",LNGS1,0
D,DISPATCH,UNIT_SCADA,1,"2019/09/06 02:45:00",LNGS2,0
D,DISPATCH,UNIT_SCADA,1,"2019/09/06 02:45:00",LONSDALE,0
D,DISPATCH,UNIT_SCADA,1,"2019/09/06 02:45:00",LOYYB1,535.712650
D,DISPATCH,UNIT_SCADA,1,"2019/09/06 02:45:00",LOYYB2,582.7063
D,DISPATCH,UNIT_SCADA,1,"2019/09/06 02:45:00",LYA1,0
D,DISPATCH,UNIT_SCADA,1,"2019/09/06 02:45:00",LYA2,0
D,DISPATCH,UNIT_SCADA,1,"2019/09/06 02:45:00",LYA3,561
D,DISPATCH,UNIT_SCADA,1,"2019/09/06 02:45:00",LYA4,540
D,DISPATCH,UNIT_SCADA,1,"2019/09/06 02:45:00",MACARTH1,83.398070
D,DISPATCH,UNIT_SCADA,1,"2019/09/06 02:45:00",MACKAYGT,0.2240
D,DISPATCH,UNIT_SCADA,1,"2019/09/06 02:45:00",MACKNTSH,88.48
D,DISPATCH,UNIT_SCADA,1,"2019/09/06 02:45:00",MANSLR1,0
D,DISPATCH,UNIT_SCADA,1,"2019/09/06 02:45:00",MCKAY1,-0.0350
D,DISPATCH,UNIT_SCADA,1,"2019/09/06 02:45:00",MEADOWBK,34.0102
D,DISPATCH,UNIT_SCADA,1,"2019/09/06 02:45:00",MERCER01,5.4140
D,DISPATCH,UNIT_SCADA,1,"2019/09/06 02:45:00",MEWF1,42.162170
D,DISPATCH,UNIT_SCADA,1,"2019/09/06 02:45:00",MINTARO,0
D,DISPATCH,UNIT_SCADA,1,"2019/09/06 02:45:00",MOREESF1,0
D,DISPATCH,UNIT_SCADA,1,"2019/09/06 02:45:00",MORTLK11,124
D,DISPATCH,UNIT_SCADA,1,"2019/09/06 02:45:00",MORTLK12,0
D,DISPATCH,UNIT_SCADA,1,"2019/09/06 02:45:00",MP1,220.925050
D,DISPATCH,UNIT_SCADA,1,"2019/09/06 02:45:00",MP2,0
D,DISPATCH,UNIT_SCADA,1,"2019/09/06 02:45:00",MPP_1,381.50
D,DISPATCH,UNIT_SCADA,1,"2019/09/06 02:45:00",MPP_2,413
D,DISPATCH,UNIT_SCADA,1,"2019/09/06 02:45:00",MSTUART1,0
D,DISPATCH,UNIT_SCADA,1,"2019/09/06 02:45:00",MSTUART2,0
D,DISPATCH,UNIT_SCADA,1,"2019/09/06 02:45:00",MSTUART3,0
D,DISPATCH,UNIT_SCADA,1,"2019/09/06 02:45:00",MTGELWF1,12.298960
D,DISPATCH,UNIT_SCADA,1,"2019/09/06 02:45:00",MURRAY,0
D,DISPATCH,UNIT_SCADA,1,"2019/09/06 02:45:00",MUSSELR1,123.70
D,DISPATCH,UNIT_SCADA,1,"2019/09/06 02:45:00",MUWAWF1,74.05
D,DISPATCH,UNIT_SCADA,1,"2019/09/06 02:45:00",NBHWF1,119
D,DISPATCH,UNIT_SCADA,1,"2019/09/06 02:45:00",NPS,0
D,DISPATCH,UNIT_SCADA,1,"2019/09/06 02:45:00",NUMURSF1,0
D,DISPATCH,UNIT_SCADA,1,"2019/09/06 02:45:00",NYNGAN1,0
D,DISPATCH,UNIT_SCADA,1,"2019/09/06 02:45:00",OAKEY1,0
D,DISPATCH,UNIT_SCADA,1,"2019/09/06 02:45:00",OAKEY1SF,0
D,DISPATCH,UNIT_SCADA,1,"2019/09/06 02:45:00",OAKEY2,0
D,DISPATCH,UNIT_SCADA,1,"2019/09/06 02:45:00",OAKEY2SF,0
D,DISPATCH,UNIT_SCADA,1,"2019/09/06 02:45:00",OAKLAND1,31.30
D,DISPATCH,UNIT_SCADA,1,"2019/09/06 02:45:00",OSB-AG,0
D,DISPATCH,UNIT_SCADA,1,"2019/09/06 02:45:00",PARSF1,0
D,DISPATCH,UNIT_SCADA,1,"2019/09/06 02:45:00",POAT110,0
D,DISPATCH,UNIT_SCADA,1,"2019/09/06 02:45:00",POAT220,1.16
D,DISPATCH,UNIT_SCADA,1,"2019/09/06 02:45:00",POR01,0
D,DISPATCH,UNIT_SCADA,1,"2019/09/06 02:45:00",POR03,0
D,DISPATCH,UNIT_SCADA,1,"2019/09/06 02:45:00",PPCCGT,175.565520
D,DISPATCH,UNIT_SCADA,1,"2019/09/06 02:45:00",PTSTAN1,0
D,DISPATCH,UNIT_SCADA,1,"2019/09/06 02:45:00",PUMP1,0
D,DISPATCH,UNIT_SCADA,1,"2019/09/06 02:45:00",PUMP2,0
D,DISPATCH,UNIT_SCADA,1,"2019/09/06 02:45:00",QPS1,0
D,DISPATCH,UNIT_SCADA,1,"2019/09/06 02:45:00",QPS2,0
D,DISPATCH,UNIT_SCADA,1,"2019/09/06 02:45:00",QPS3,0
D,DISPATCH,UNIT_SCADA,1,"2019/09/06 02:45:00",QPS4,0
D,DISPATCH,UNIT_SCADA,1,"2019/09/06 02:45:00",QPS5,0
D,DISPATCH,UNIT_SCADA,1,"2019/09/06 02:45:00",REECE1,69.38
D,DISPATCH,UNIT_SCADA,1,"2019/09/06 02:45:00",REECE2,0
D,DISPATCH,UNIT_SCADA,1,"2019/09/06 02:45:00",ROMA_7,0
D,DISPATCH,UNIT_SCADA,1,"2019/09/06 02:45:00",ROMA_8,0
D,DISPATCH,UNIT_SCADA,1,"2019/09/06 02:45:00",RRSF1,0
D,DISPATCH,UNIT_SCADA,1,"2019/09/06 02:45:00",RT_NSW1,0
D,DISPATCH,UNIT_SCADA,1,"2019/09/06 02:45:00",RT_NSW2,0
D,DISPATCH,UNIT_SCADA,1,"2019/09/06 02:45:00",RT_NSW3,0
D,DISPATCH,UNIT_SCADA,1,"2019/09/06 02:45:00",RT_NSW4,0
D,DISPATCH,UNIT_SCADA,1,"2019/09/06 02:45:00",RT_NSW5,0
D,DISPATCH,UNIT_SCADA,1,"2019/09/06 02:45:00",RT_NSW6,0
D,DISPATCH,UNIT_SCADA,1,"2019/09/06 02:45:00",RT_QLD1,0
D,DISPATCH,UNIT_SCADA,1,"2019/09/06 02:45:00",RT_SA1,0
D,DISPATCH,UNIT_SCADA,1,"2019/09/06 02:45:00",RT_SA2,0
D,DISPATCH,UNIT_SCADA,1,"2019/09/06 02:45:00",RT_SA3,0
D,DISPATCH,UNIT_SCADA,1,"2019/09/06 02:45:00",RT_SA4,0
D,DISPATCH,UNIT_SCADA,1,"2019/09/06 02:45:00",RT_SA5,0
D,DISPATCH,UNIT_SCADA,1,"2019/09/06 02:45:00",RT_SA6,0
D,DISPATCH,UNIT_SCADA,1,"2019/09/06 02:45:00",RT_TAS1,0
D,DISPATCH,UNIT_SCADA,1,"2019/09/06 02:45:00",RT_VIC1,0
D,DISPATCH,UNIT_SCADA,1,"2019/09/06 02:45:00",RT_VIC10,0
D,DISPATCH,UNIT_SCADA,1,"2019/09/06 02:45:00",RT_VIC11,0
D,DISPATCH,UNIT_SCADA,1,"2019/09/06 02:45:00",RT_VIC12,0
D,DISPATCH,UNIT_SCADA,1,"2019/09/06 02:45:00",RT_VIC2,0
D,DISPATCH,UNIT_SCADA,1,"2019/09/06 02:45:00",RT_VIC3,0
D,DISPATCH,UNIT_SCADA,1,"2019/09/06 02:45:00",RT_VIC4,0
D,DISPATCH,UNIT_SCADA,1,"2019/09/06 02:45:00",RT_VIC5,0
D,DISPATCH,UNIT_SCADA,1,"2019/09/06 02:45:00",RT_VIC6,0
D,DISPATCH,UNIT_SCADA,1,"2019/09/06 02:45:00",RT_VIC7,0
D,DISPATCH,UNIT_SCADA,1,"2019/09/06 02:45:00",RT_VIC8,0
D,DISPATCH,UNIT_SCADA,1,"2019/09/06 02:45:00",RT_VIC9,0
D,DISPATCH,UNIT_SCADA,1,"2019/09/06 02:45:00",RUGBYR1,0
D,DISPATCH,UNIT_SCADA,1,"2019/09/06 02:45:00",SALTCRK1,19.58
D,DISPATCH,UNIT_SCADA,1,"2019/09/06 02:45:00",SAPHWF1,9.834380
D,DISPATCH,UNIT_SCADA,1,"2019/09/06 02:45:00",SHGEN,0
D,DISPATCH,UNIT_SCADA,1,"2019/09/06 02:45:00",SHPUMP,157.876680
D,DISPATCH,UNIT_SCADA,1,"2019/09/06 02:45:00",SITHE01,0.2041
D,DISPATCH,UNIT_SCADA,1,"2019/09/06 02:45:00",SMCSF1,0
D,DISPATCH,UNIT_SCADA,1,"2019/09/06 02:45:00",SNOWNTH1,135.600010
D,DISPATCH,UNIT_SCADA,1,"2019/09/06 02:45:00",SNOWSTH1,118.30
D,DISPATCH,UNIT_SCADA,1,"2019/09/06 02:45:00",SNOWTWN1,90.690380
D,DISPATCH,UNIT_SCADA,1,"2019/09/06 02:45:00",SNOWYP,0
D,DISPATCH,UNIT_SCADA,1,"2019/09/06 02:45:00",SNUG1,0.019440
D,DISPATCH,UNIT_SCADA,1,"2019/09/06 02:45:00",SRSF1,0.22
D,DISPATCH,UNIT_SCADA,1,"2019/09/06 02:45:00",STAN-1,256.727720
D,DISPATCH,UNIT_SCADA,1,"2019/09/06 02:45:00",STAN-2,249.267760
D,DISPATCH,UNIT_SCADA,1,"2019/09/06 02:45:00",STAN-3,248.626860
D,DISPATCH,UNIT_SCADA,1,"2019/09/06 02:45:00",STAN-4,252.344020
D,DISPATCH,UNIT_SCADA,1,"2019/09/06 02:45:00",STWF1,0
D,DISPATCH,UNIT_SCADA,1,"2019/09/06 02:45:00",SWAN_E,0
D,DISPATCH,UNIT_SCADA,1,"2019/09/06 02:45:00",TALWA1,191
D,DISPATCH,UNIT_SCADA,1,"2019/09/06 02:45:00",TARALGA1,43.728740
D,DISPATCH,UNIT_SCADA,1,"2019/09/06 02:45:00",TARONG#1,273.399990
D,DISPATCH,UNIT_SCADA,1,"2019/09/06 02:45:00",TARONG#2,0
D,DISPATCH,UNIT_SCADA,1,"2019/09/06 02:45:00",TARONG#3,260.50
D,DISPATCH,UNIT_SCADA,1,"2019/09/06 02:45:00",TARONG#4,275
D,DISPATCH,UNIT_SCADA,1,"2019/09/06 02:45:00",TARRALEA,74.10
D,DISPATCH,UNIT_SCADA,1,"2019/09/06 02:45:00",TBSF1,-0.20
D,DISPATCH,UNIT_SCADA,1,"2019/09/06 02:45:00",TNPS1,397.600010
D,DISPATCH,UNIT_SCADA,1,"2019/09/06 02:45:00",TORRA1,38.384090
D,DISPATCH,UNIT_SCADA,1,"2019/09/06 02:45:00",TORRA2,0
D,DISPATCH,UNIT_SCADA,1,"2019/09/06 02:45:00",TORRA3,0
D,DISPATCH,UNIT_SCADA,1,"2019/09/06 02:45:00",TORRA4,39.967570
D,DISPATCH,UNIT_SCADA,1,"2019/09/06 02:45:00",TORRB1,41.37
D,DISPATCH,UNIT_SCADA,1,"2019/09/06 02:45:00",TORRB2,41.64
D,DISPATCH,UNIT_SCADA,1,"2019/09/06 02:45:00",TORRB3,41.87
D,DISPATCH,UNIT_SCADA,1,"2019/09/06 02:45:00",TORRB4,0
D,DISPATCH,UNIT_SCADA,1,"2019/09/06 02:45:00",TREVALLN,18.680020
D,DISPATCH,UNIT_SCADA,1,"2019/09/06 02:45:00",TRIBUTE,0
D,DISPATCH,UNIT_SCADA,1,"2019/09/06 02:45:00",TUMUT3,0
D,DISPATCH,UNIT_SCADA,1,"2019/09/06 02:45:00",TUNGATIN,2.20
D,DISPATCH,UNIT_SCADA,1,"2019/09/06 02:45:00",TVCC201,0
D,DISPATCH,UNIT_SCADA,1,"2019/09/06 02:45:00",TVPP104,0
D,DISPATCH,UNIT_SCADA,1,"2019/09/06 02:45:00",UPPTUMUT,0
D,DISPATCH,UNIT_SCADA,1,"2019/09/06 02:45:00",URANQ11,0
D,DISPATCH,UNIT_SCADA,1,"2019/09/06 02:45:00",URANQ12,0
D,DISPATCH,UNIT_SCADA,1,"2019/09/06 02:45:00",URANQ13,0
D,DISPATCH,UNIT_SCADA,1,"2019/09/06 02:45:00",URANQ14,0
D,DISPATCH,UNIT_SCADA,1,"2019/09/06 02:45:00",VP5,372.449980
D,DISPATCH,UNIT_SCADA,1,"2019/09/06 02:45:00",VP6,0
D,DISPATCH,UNIT_SCADA,1,"2019/09/06 02:45:00",VPGS1,0
D,DISPATCH,UNIT_SCADA,1,"2019/09/06 02:45:00",VPGS2,0
D,DISPATCH,UNIT_SCADA,1,"2019/09/06 02:45:00",VPGS3,0
D,DISPATCH,UNIT_SCADA,1,"2019/09/06 02:45:00",VPGS4,0
D,DISPATCH,UNIT_SCADA,1,"2019/09/06 02:45:00",VPGS5,0
D,DISPATCH,UNIT_SCADA,1,"2019/09/06 02:45:00",VPGS6,0
D,DISPATCH,UNIT_SCADA,1,"2019/09/06 02:45:00",W/HOE#1,0
D,DISPATCH,UNIT_SCADA,1,"2019/09/06 02:45:00",W/HOE#2,0
D,DISPATCH,UNIT_SCADA,1,"2019/09/06 02:45:00",WATERLWF,110.80
D,DISPATCH,UNIT_SCADA,1,"2019/09/06 02:45:00",WEMENSF1,0
D,DISPATCH,UNIT_SCADA,1,"2019/09/06 02:45:00",WGWF1,110.60
D,DISPATCH,UNIT_SCADA,1,"2019/09/06 02:45:00",WHITSF1,0
D,DISPATCH,UNIT_SCADA,1,"2019/09/06 02:45:00",WKIEWA1,16.10
D,DISPATCH,UNIT_SCADA,1,"2019/09/06 02:45:00",WKIEWA2,0.10
D,DISPATCH,UNIT_SCADA,1,"2019/09/06 02:45:00",WOODLWN1,16.074010
D,DISPATCH,UNIT_SCADA,1,"2019/09/06 02:45:00",WRSF1,0
D,DISPATCH,UNIT_SCADA,1,"2019/09/06 02:45:00",WRWF1,10.5950
D,DISPATCH,UNIT_SCADA,1,"2019/09/06 02:45:00",YABULU,0
D,DISPATCH,UNIT_SCADA,1,"2019/09/06 02:45:00",YABULU2,0
D,DISPATCH,UNIT_SCADA,1,"2019/09/06 02:45:00",YARWUN_1,167.019990
D,DISPATCH,UNIT_SCADA,1,"2019/09/06 02:45:00",YENDWF1,4.94
D,DISPATCH,UNIT_SCADA,1,"2019/09/06 02:45:00",YWPS1,366.164550
D,DISPATCH,UNIT_SCADA,1,"2019/09/06 02:45:00",YWPS2,276.437990
D,DISPATCH,UNIT_SCADA,1,"2019/09/06 02:45:00",YWPS3,326.926570
D,DISPATCH,UNIT_SCADA,1,"2019/09/06 02:45:00",YWPS4,377.454440
C,"END OF REPORT",335
