C,NEMP.WORLD,DISPATCHSCADA,AEMO,PUBLIC,2019/08/20,11:25:08,0000000311783606,DISPATCHSCADA,0000000311783600
I,DISPATCH,UNIT_SCADA,1,SETTLEMENTDATE,DUID,SCADAVALUE
D,DISPATCH,UNIT_SCADA,1,"2019/08/20 11:30:00",BARCSF1,18.50
D,DISPATCH,UNIT_SCADA,1,"2019/08/20 11:30:00",BUTLERSG,9.799998
D,DISPATCH,UNIT_SCADA,1,"2019/08/20 11:30:00",CALL_A_4,0
D,DISPATCH,UNIT_SCADA,1,"2019/08/20 11:30:00",CAPTL_WF,131.007996
D,DISPATCH,UNIT_SCADA,1,"2019/08/20 11:30:00",CATHROCK,49.509998
D,DISPATCH,UNIT_SCADA,1,"2019/08/20 11:30:00",CHALLHWF,13.10
D,DISPATCH,UNIT_SCADA,1,"2019/08/20 11:30:00",CLOVER,-0.01
D,DISPATCH,UNIT_SCADA,1,"2019/08/20 11:30:00",CLUNY,15.135271
D,DISPATCH,UNIT_SCADA,1,"2019/08/20 11:30:00",CNUNDAWF,39.145664
D,DISPATCH,UNIT_SCADA,1,"2019/08/20 11:30:00",CULLRGWF,30.25
D,DISPATCH,UNIT_SCADA,1,"2019/08/20 11:30:00",ERGT01,0
D,DISPATCH,UNIT_SCADA,1,"2019/08/20 11:30:00",GB01,0.064209
D,DISPATCH,UNIT_SCADA,1,"2019/08/20 11:30:00",GERMCRK,36.299999
D,DISPATCH,UNIT_SCADA,1,"2019/08/20 11:30:00",GRIFSF1,8.700005
D,DISPATCH,UNIT_SCADA,1,"2019/08/20 11:30:00",HUGSF1,8.9890
D,DISPATCH,UNIT_SCADA,1,"2019/08/20 11:30:00",LKBONNY1,72.787132
D,DISPATCH,UNIT_SCADA,1,"2019/08/20 11:30:00",LRSF1,8.81
D,DISPATCH,UNIT_SCADA,1,"2019/08/20 11:30:00",MBAHNTH,53.381241
D,DISPATCH,UNIT_SCADA,1,"2019/08/20 11:30:00",MLSP1,10.713001
D,DISPATCH,UNIT_SCADA,1,"2019/08/20 11:30:00",MLWF1,19.665001
D,DISPATCH,UNIT_SCADA,1,"2019/08/20 11:30:00",MTMILLAR,20.917526
D,DISPATCH,UNIT_SCADA,1,"2019/08/20 11:30:00",PALOONA,7.98
D,DISPATCH,UNIT_SCADA,1,"2019/08/20 11:30:00",PIONEER,11
D,DISPATCH,UNIT_SCADA,1,"2019/08/20 11:30:00",PORTWF,134.600006
D,DISPATCH,UNIT_SCADA,1,"2019/08/20 11:30:00",REPULSE,29.234455
D,DISPATCH,UNIT_SCADA,1,"2019/08/20 11:30:00",ROWALLAN,9.940001
D,DISPATCH,UNIT_SCADA,1,"2019/08/20 11:30:00",ROYALLA1,19.215002
D,DISPATCH,UNIT_SCADA,1,"2019/08/20 11:30:00",RPCG,12.20
D,DISPATCH,UNIT_SCADA,1,"2019/08/20 11:30:00",RUBICON,0
D,DISPATCH,UNIT_SCADA,1,"2019/08/20 11:30:00",SATGN1,0
D,DISPATCH,UNIT_SCADA,1,"2019/08/20 11:30:00",SATGS1,0
D,DISPATCH,UNIT_SCADA,1,"2019/08/20 11:30:00",STARHLWF,14.395802
D,DISPATCH,UNIT_SCADA,1,"2019/08/20 11:30:00",WAUBRAWF,46.640999
D,DISPATCH,UNIT_SCADA,1,"2019/08/20 11:30:00",WOOLNTH1,123.160019
D,DISPATCH,UNIT_SCADA,1,"2019/08/20 11:30:00",WPWF,31
D,DISPATCH,UNIT_SCADA,1,"2019/08/20 11:30:00",YAMBUKWF,29.90
D,DISPATCH,UNIT_SCADA,1,"2019/08/20 11:30:00",YSWF1,28.50
D,DISPATCH,UNIT_SCADA,1,"2019/08/20 11:30:00",AGLHAL,0
D,DISPATCH,UNIT_SCADA,1,"2019/08/20 11:30:00",AGLSOM,0
D,DISPATCH,UNIT_SCADA,1,"2019/08/20 11:30:00",ANGAST1,0
D,DISPATCH,UNIT_SCADA,1,"2019/08/20 11:30:00",ARWF1,94.30
D,DISPATCH,UNIT_SCADA,1,"2019/08/20 11:30:00",BALBG1,6.87
D,DISPATCH,UNIT_SCADA,1,"2019/08/20 11:30:00",BALBL1,0
D,DISPATCH,UNIT_SCADA,1,"2019/08/20 11:30:00",BALDHWF1,103.4670
D,DISPATCH,UNIT_SCADA,1,"2019/08/20 11:30:00",BANN1,59.37
D,DISPATCH,UNIT_SCADA,1,"2019/08/20 11:30:00",BARCALDN,0
D,DISPATCH,UNIT_SCADA,1,"2019/08/20 11:30:00",BARRON-1,0
D,DISPATCH,UNIT_SCADA,1,"2019/08/20 11:30:00",BARRON-2,0
D,DISPATCH,UNIT_SCADA,1,"2019/08/20 11:30:00",BASTYAN,80.84
D,DISPATCH,UNIT_SCADA,1,"2019/08/20 11:30:00",BBTHREE1,-1.88
D,DISPATCH,UNIT_SCADA,1,"2019/08/20 11:30:00",BBTHREE2,-2.20
D,DISPATCH,UNIT_SCADA,1,"2019/08/20 11:30:00",BBTHREE3,-1
D,DISPATCH,UNIT_SCADA,1,"2019/08/20 11:30:00",BDL01,0
D,DISPATCH,UNIT_SCADA,1,"2019/08/20 11:30:00",BDL02,0
D,DISPATCH,UNIT_SCADA,1,"2019/08/20 11:30:00",BERYLSF1,70.032270
D,DISPATCH,UNIT_SCADA,1,"2019/08/20 11:30:00",BLOWERNG,0
D,DISPATCH,UNIT_SCADA,1,"2019/08/20 11:30:00",BLUFF1,44.10
D,DISPATCH,UNIT_SCADA,1,"2019/08/20 11:30:00",BNGSF1,74.05
D,DISPATCH,UNIT_SCADA,1,"2019/08/20 11:30:00",BNGSF2,19.95
D,DISPATCH,UNIT_SCADA,1,"2019/08/20 11:30:00",BOCORWF1,109.81
D,DISPATCH,UNIT_SCADA,1,"2019/08/20 11:30:00",BODWF1,48.030150
D,DISPATCH,UNIT_SCADA,1,"2019/08/20 11:30:00",BRAEMAR1,0
D,DISPATCH,UNIT_SCADA,1,"2019/08/20 11:30:00",BRAEMAR2,0
D,DISPATCH,UNIT_SCADA,1,"2019/08/20 11:30:00",BRAEMAR3,0
D,DISPATCH,UNIT_SCADA,1,"2019/08/20 11:30:00",BRAEMAR5,0
D,DISPATCH,UNIT_SCADA,1,"2019/08/20 11:30:00",BRAEMAR6,0
D,DISPATCH,UNIT_SCADA,1,"2019/08/20 11:30:00",BRAEMAR7,0
D,DISPATCH,UNIT_SCADA,1,"2019/08/20 11:30:00",BROKENH1,52.938960
D,DISPATCH,UNIT_SCADA,1,"2019/08/20 11:30:00",BW01,361.300050
D,DISPATCH,UNIT_SCADA,1,"2019/08/20 11:30:00",BW02,460.299930
D,DISPATCH,UNIT_SCADA,1,"2019/08/20 11:30:00",BW03,566
D,DISPATCH,UNIT_SCADA,1,"2019/08/20 11:30:00",BW04,0
D,DISPATCH,UNIT_SCADA,1,"2019/08/20 11:30:00",CALL_B_1,349.50
D,DISPATCH,UNIT_SCADA,1,"2019/08/20 11:30:00",CALL_B_2,279.100010
D,DISPATCH,UNIT_SCADA,1,"2019/08/20 11:30:00",CETHANA,93.334630
D,DISPATCH,UNIT_SCADA,1,"2019/08/20 11:30:00",CG1,0
D,DISPATCH,UNIT_SCADA,1,"2019/08/20 11:30:00",CG2,0
D,DISPATCH,UNIT_SCADA,1,"2019/08/20 11:30:00",CG3,0
D,DISPATCH,UNIT_SCADA,1,"2019/08/20 11:30:00",CG4,0
D,DISPATCH,UNIT_SCADA,1,"2019/08/20 11:30:00",CHILDSF1,40.04
D,DISPATCH,UNIT_SCADA,1,"2019/08/20 11:30:00",CLARESF1,44.9577
D,DISPATCH,UNIT_SCADA,1,"2019/08/20 11:30:00",CLEMGPWF,24.059690
D,DISPATCH,UNIT_SCADA,1,"2019/08/20 11:30:00",CLERMSF1,15.13
D,DISPATCH,UNIT_SCADA,1,"2019/08/20 11:30:00",COLEASF1,51
D,DISPATCH,UNIT_SCADA,1,"2019/08/20 11:30:00",COOPGWF1,20.344240
D,DISPATCH,UNIT_SCADA,1,"2019/08/20 11:30:00",CPP_3,229.6250
D,DISPATCH,UNIT_SCADA,1,"2019/08/20 11:30:00",CPP_4,294.524990
D,DISPATCH,UNIT_SCADA,1,"2019/08/20 11:30:00",CPSA,142.223750
D,DISPATCH,UNIT_SCADA,1,"2019/08/20 11:30:00",CROOKWF2,83.173750
D,DISPATCH,UNIT_SCADA,1,"2019/08/20 11:30:00",CROWLWF1,44.666880
D,DISPATCH,UNIT_SCADA,1,"2019/08/20 11:30:00",CSPVPS1,31.9870
D,DISPATCH,UNIT_SCADA,1,"2019/08/20 11:30:00",DALNTH01,0.001530
D,DISPATCH,UNIT_SCADA,1,"2019/08/20 11:30:00",DALNTHL1,0.090030
D,DISPATCH,UNIT_SCADA,1,"2019/08/20 11:30:00",DARTM1,0
D,DISPATCH,UNIT_SCADA,1,"2019/08/20 11:30:00",DAYDSF1,113.8950
D,DISPATCH,UNIT_SCADA,1,"2019/08/20 11:30:00",DDPS1,0
D,DISPATCH,UNIT_SCADA,1,"2019/08/20 11:30:00",DDSF1,108.396550
D,DISPATCH,UNIT_SCADA,1,"2019/08/20 11:30:00",DEVILS_G,0
D,DISPATCH,UNIT_SCADA,1,"2019/08/20 11:30:00",DG_NSW1,0
D,DISPATCH,UNIT_SCADA,1,"2019/08/20 11:30:00",DG_QLD1,0
D,DISPATCH,UNIT_SCADA,1,"2019/08/20 11:30:00",DG_SA1,0
D,DISPATCH,UNIT_SCADA,1,"2019/08/20 11:30:00",DG_TAS1,0
D,DISPATCH,UNIT_SCADA,1,"2019/08/20 11:30:00",DG_VIC1,0
D,DISPATCH,UNIT_SCADA,1,"2019/08/20 11:30:00",DRYCGT1,0
D,DISPATCH,UNIT_SCADA,1,"2019/08/20 11:30:00",DRYCGT2,0
D,DISPATCH,UNIT_SCADA,1,"2019/08/20 11:30:00",DRYCGT3,0
D,DISPATCH,UNIT_SCADA,1,"2019/08/20 11:30:00",EILDON1,0
D,DISPATCH,UNIT_SCADA,1,"2019/08/20 11:30:00",EILDON2,0
D,DISPATCH,UNIT_SCADA,1,"2019/08/20 11:30:00",EMERASF1,61.32
D,DISPATCH,UNIT_SCADA,1,"2019/08/20 11:30:00",ER01,416.450070
D,DISPATCH,UNIT_SCADA,1,"2019/08/20 11:30:00",ER02,418.025020
D,DISPATCH,UNIT_SCADA,1,"2019/08/20 11:30:00",ER03,446.924930
D,DISPATCH,UNIT_SCADA,1,"2019/08/20 11:30:00",ER04,419.949950
D,DISPATCH,UNIT_SCADA,1,"2019/08/20 11:30:00",FINLYSF1,0
D,DISPATCH,UNIT_SCADA,1,"2019/08/20 11:30:00",FISHER,45.83
D,DISPATCH,UNIT_SCADA,1,"2019/08/20 11:30:00",GANNBG1,0
D,DISPATCH,UNIT_SCADA,1,"2019/08/20 11:30:00",GANNBL1,0.153750
D,DISPATCH,UNIT_SCADA,1,"2019/08/20 11:30:00",GANNSF1,15.80
D,DISPATCH,UNIT_SCADA,1,"2019/08/20 11:30:00",GORDON,0
D,DISPATCH,UNIT_SCADA,1,"2019/08/20 11:30:00",GSTONE1,110.95
D,DISPATCH,UNIT_SCADA,1,"2019/08/20 11:30:00",GSTONE2,109.3750
D,DISPATCH,UNIT_SCADA,1,"2019/08/20 11:30:00",GSTONE3,133.70
D,DISPATCH,UNIT_SCADA,1,"2019/08/20 11:30:00",GSTONE4,135.974990
D,DISPATCH,UNIT_SCADA,1,"2019/08/20 11:30:00",GSTONE5,136.50
D,DISPATCH,UNIT_SCADA,1,"2019/08/20 11:30:00",GSTONE6,0
D,DISPATCH,UNIT_SCADA,1,"2019/08/20 11:30:00",GULLRSF1,8.980190
D,DISPATCH,UNIT_SCADA,1,"2019/08/20 11:30:00",GULLRWF1,144.502440
D,DISPATCH,UNIT_SCADA,1,"2019/08/20 11:30:00",GUNNING1,46.580940
D,DISPATCH,UNIT_SCADA,1,"2019/08/20 11:30:00",GUTHEGA,0
D,DISPATCH,UNIT_SCADA,1,"2019/08/20 11:30:00",HALLWF1,75.73
D,DISPATCH,UNIT_SCADA,1,"2019/08/20 11:30:00",HALLWF2,57.22
D,DISPATCH,UNIT_SCADA,1,"2019/08/20 11:30:00",HAMISF1,45.60
D,DISPATCH,UNIT_SCADA,1,"2019/08/20 11:30:00",HAUGHT11,50.044930
D,DISPATCH,UNIT_SCADA,1,"2019/08/20 11:30:00",HAYMSF1,41.0410
D,DISPATCH,UNIT_SCADA,1,"2019/08/20 11:30:00",HDWF1,63.40
D,DISPATCH,UNIT_SCADA,1,"2019/08/20 11:30:00",HDWF2,56.60
D,DISPATCH,UNIT_SCADA,1,"2019/08/20 11:30:00",HDWF3,65.90
D,DISPATCH,UNIT_SCADA,1,"2019/08/20 11:30:00",HPRG1,0
D,DISPATCH,UNIT_SCADA,1,"2019/08/20 11:30:00",HPRL1,0
D,DISPATCH,UNIT_SCADA,1,"2019/08/20 11:30:00",HUMENSW,0
D,DISPATCH,UNIT_SCADA,1,"2019/08/20 11:30:00",HUMEV,9.40
D,DISPATCH,UNIT_SCADA,1,"2019/08/20 11:30:00",HVGTS,0
D,DISPATCH,UNIT_SCADA,1,"2019/08/20 11:30:00",JBUTTERS,136.739990
D,DISPATCH,UNIT_SCADA,1,"2019/08/20 11:30:00",JLA01,0.50
D,DISPATCH,UNIT_SCADA,1,"2019/08/20 11:30:00",JLA02,0
D,DISPATCH,UNIT_SCADA,1,"2019/08/20 11:30:00",JLA03,0.10
D,DISPATCH,UNIT_SCADA,1,"2019/08/20 11:30:00",JLA04,0.10
D,DISPATCH,UNIT_SCADA,1,"2019/08/20 11:30:00",JLB01,0
D,DISPATCH,UNIT_SCADA,1,"2019/08/20 11:30:00",JLB02,0.10
D,DISPATCH,UNIT_SCADA,1,"2019/08/20 11:30:00",JLB03,0
D,DISPATCH,UNIT_SCADA,1,"2019/08/20 11:30:00",KAREEYA1,21.5075
D,DISPATCH,UNIT_SCADA,1,"2019/08/20 11:30:00",KAREEYA2,21.6450
D,DISPATCH,UNIT_SCADA,1,"2019/08/20 11:30:00",KAREEYA3,0
D,DISPATCH,UNIT_SCADA,1,"2019/08/20 11:30:00",KAREEYA4,21.7025
D,DISPATCH,UNIT_SCADA,1,"2019/08/20 11:30:00",KARSF1,53.90
D,DISPATCH,UNIT_SCADA,1,"2019/08/20 11:30:00",KIATAWF1,30.70
D,DISPATCH,UNIT_SCADA,1,"2019/08/20 11:30:00",KPP_1,0
D,DISPATCH,UNIT_SCADA,1,"2019/08/20 11:30:00",KSP1,46.74
D,DISPATCH,UNIT_SCADA,1,"2019/08/20 11:30:00",LADBROK1,0
D,DISPATCH,UNIT_SCADA,1,"2019/08/20 11:30:00",LADBROK2,0
D,DISPATCH,UNIT_SCADA,1,"2019/08/20 11:30:00",LD01,380.324980
D,DISPATCH,UNIT_SCADA,1,"2019/08/20 11:30:00",LD02,380.0813
D,DISPATCH,UNIT_SCADA,1,"2019/08/20 11:30:00",LD03,379.443790
D,DISPATCH,UNIT_SCADA,1,"2019/08/20 11:30:00",LD04,377.0062
D,DISPATCH,UNIT_SCADA,1,"2019/08/20 11:30:00",LEM_WIL,85.427750
D,DISPATCH,UNIT_SCADA,1,"2019/08/20 11:30:00",LGAPWF1,0
D,DISPATCH,UNIT_SCADA,1,"2019/08/20 11:30:00",LILYSF1,92.798970
D,DISPATCH,UNIT_SCADA,1,"2019/08/20 11:30:00",LI_WY_CA,148.042210
D,DISPATCH,UNIT_SCADA,1,"2019/08/20 11:30:00",LKBONNY2,128.007390
D,DISPATCH,UNIT_SCADA,1,"2019/08/20 11:30:00",LKBONNY3,31.092860
D,DISPATCH,UNIT_SCADA,1,"2019/08/20 11:30:00",LK_ECHO,0
D,DISPATCH,UNIT_SCADA,1,"2019/08/20 11:30:00",LNGS1,0
D,DISPATCH,UNIT_SCADA,1,"2019/08/20 11:30:00",LNGS2,0
D,DISPATCH,UNIT_SCADA,1,"2019/08/20 11:30:00",LONSDALE,0
D,DISPATCH,UNIT_SCADA,1,"2019/08/20 11:30:00",LOYYB1,537.592410
D,DISPATCH,UNIT_SCADA,1,"2019/08/20 11:30:00",LOYYB2,584.210140
D,DISPATCH,UNIT_SCADA,1,"2019/08/20 11:30:00",LYA1,559
D,DISPATCH,UNIT_SCADA,1,"2019/08/20 11:30:00",LYA2,0
D,DISPATCH,UNIT_SCADA,1,"2019/08/20 11:30:00",LYA3,559
D,DISPATCH,UNIT_SCADA,1,"2019/08/20 11:30:00",LYA4,540
D,DISPATCH,UNIT_SCADA,1,"2019/08/20 11:30:00",MACARTH1,352.491850
D,DISPATCH,UNIT_SCADA,1,"2019/08/20 11:30:00",MACKAYGT,0
D,DISPATCH,UNIT_SCADA,1,"2019/08/20 11:30:00",MACKNTSH,85.750010
D,DISPATCH,UNIT_SCADA,1,"2019/08/20 11:30:00",MANSLR1,33.8130
D,DISPATCH,UNIT_SCADA,1,"2019/08/20 11:30:00",MCKAY1,0.02
D,DISPATCH,UNIT_SCADA,1,"2019/08/20 11:30:00",MEADOWBK,34.067360
D,DISPATCH,UNIT_SCADA,1,"2019/08/20 11:30:00",MERCER01,125.54
D,DISPATCH,UNIT_SCADA,1,"2019/08/20 11:30:00",MEWF1,35.3321
D,DISPATCH,UNIT_SCADA,1,"2019/08/20 11:30:00",MINTARO,0
D,DISPATCH,UNIT_SCADA,1,"2019/08/20 11:30:00",MOREESF1,49.24
D,DISPATCH,UNIT_SCADA,1,"2019/08/20 11:30:00",MORTLK11,124
D,DISPATCH,UNIT_SCADA,1,"2019/08/20 11:30:00",MORTLK12,0
D,DISPATCH,UNIT_SCADA,1,"2019/08/20 11:30:00",MP1,277.050050
D,DISPATCH,UNIT_SCADA,1,"2019/08/20 11:30:00",MP2,0
D,DISPATCH,UNIT_SCADA,1,"2019/08/20 11:30:00",MPP_1,343.25
D,DISPATCH,UNIT_SCADA,1,"2019/08/20 11:30:00",MPP_2,355.25
D,DISPATCH,UNIT_SCADA,1,"2019/08/20 11:30:00",MSTUART1,0
D,DISPATCH,UNIT_SCADA,1,"2019/08/20 11:30:00",MSTUART2,0
D,DISPATCH,UNIT_SCADA,1,"2019/08/20 11:30:00",MSTUART3,0
D,DISPATCH,UNIT_SCADA,1,"2019/08/20 11:30:00",MTGELWF1,64.156010
D,DISPATCH,UNIT_SCADA,1,"2019/08/20 11:30:00",MURRAY,0
D,DISPATCH,UNIT_SCADA,1,"2019/08/20 11:30:00",MUSSELR1,166.20
D,DISPATCH,UNIT_SCADA,1,"2019/08/20 11:30:00",MUWAWF1,56.89
D,DISPATCH,UNIT_SCADA,1,"2019/08/20 11:30:00",NBHWF1,96.10
D,DISPATCH,UNIT_SCADA,1,"2019/08/20 11:30:00",NPS,0
D,DISPATCH,UNIT_SCADA,1,"2019/08/20 11:30:00",NUMURSF1,43.21
D,DISPATCH,UNIT_SCADA,1,"2019/08/20 11:30:00",NYNGAN1,101.50
D,DISPATCH,UNIT_SCADA,1,"2019/08/20 11:30:00",OAKEY1,0
D,DISPATCH,UNIT_SCADA,1,"2019/08/20 11:30:00",OAKEY1SF,21.4230
D,DISPATCH,UNIT_SCADA,1,"2019/08/20 11:30:00",OAKEY2,0
D,DISPATCH,UNIT_SCADA,1,"2019/08/20 11:30:00",OAKLAND1,60.60
D,DISPATCH,UNIT_SCADA,1,"2019/08/20 11:30:00",OSB-AG,139.28
D,DISPATCH,UNIT_SCADA,1,"2019/08/20 11:30:00",PARSF1,38.399990
D,DISPATCH,UNIT_SCADA,1,"2019/08/20 11:30:00",POAT110,0
D,DISPATCH,UNIT_SCADA,1,"2019/08/20 11:30:00",POAT220,7.36
D,DISPATCH,UNIT_SCADA,1,"2019/08/20 11:30:00",POR01,0
D,DISPATCH,UNIT_SCADA,1,"2019/08/20 11:30:00",POR03,0
D,DISPATCH,UNIT_SCADA,1,"2019/08/20 11:30:00",PPCCGT,174.223310
D,DISPATCH,UNIT_SCADA,1,"2019/08/20 11:30:00",PTSTAN1,0
D,DISPATCH,UNIT_SCADA,1,"2019/08/20 11:30:00",PUMP1,0
D,DISPATCH,UNIT_SCADA,1,"2019/08/20 11:30:00",PUMP2,237.319990
D,DISPATCH,UNIT_SCADA,1,"2019/08/20 11:30:00",QPS1,0
D,DISPATCH,UNIT_SCADA,1,"2019/08/20 11:30:00",QPS2,0
D,DISPATCH,UNIT_SCADA,1,"2019/08/20 11:30:00",QPS3,0
D,DISPATCH,UNIT_SCADA,1,"2019/08/20 11:30:00",QPS4,0
D,DISPATCH,UNIT_SCADA,1,"2019/08/20 11:30:00",QPS5,0
D,DISPATCH,UNIT_SCADA,1,"2019/08/20 11:30:00",REECE1,115.70
D,DISPATCH,UNIT_SCADA,1,"2019/08/20 11:30:00",REECE2,115.840010
D,DISPATCH,UNIT_SCADA,1,"2019/08/20 11:30:00",ROMA_7,0
D,DISPATCH,UNIT_SCADA,1,"2019/08/20 11:30:00",ROMA_8,0
D,DISPATCH,UNIT_SCADA,1,"2019/08/20 11:30:00",RRSF1,104.556970
D,DISPATCH,UNIT_SCADA,1,"2019/08/20 11:30:00",RT_NSW1,0
D,DISPATCH,UNIT_SCADA,1,"2019/08/20 11:30:00",RT_NSW2,0
D,DISPATCH,UNIT_SCADA,1,"2019/08/20 11:30:00",RT_NSW3,0
D,DISPATCH,UNIT_SCADA,1,"2019/08/20 11:30:00",RT_NSW4,0
D,DISPATCH,UNIT_SCADA,1,"2019/08/20 11:30:00",RT_NSW5,0
D,DISPATCH,UNIT_SCADA,1,"2019/08/20 11:30:00",RT_NSW6,0
D,DISPATCH,UNIT_SCADA,1,"2019/08/20 11:30:00",RT_QLD1,0
D,DISPATCH,UNIT_SCADA,1,"2019/08/20 11:30:00",RT_SA1,0
D,DISPATCH,UNIT_SCADA,1,"2019/08/20 11:30:00",RT_SA2,0
D,DISPATCH,UNIT_SCADA,1,"2019/08/20 11:30:00",RT_SA3,0
D,DISPATCH,UNIT_SCADA,1,"2019/08/20 11:30:00",RT_SA4,0
D,DISPATCH,UNIT_SCADA,1,"2019/08/20 11:30:00",RT_SA5,0
D,DISPATCH,UNIT_SCADA,1,"2019/08/20 11:30:00",RT_SA6,0
D,DISPATCH,UNIT_SCADA,1,"2019/08/20 11:30:00",RT_TAS1,0
D,DISPATCH,UNIT_SCADA,1,"2019/08/20 11:30:00",RT_VIC1,0
D,DISPATCH,UNIT_SCADA,1,"2019/08/20 11:30:00",RT_VIC10,0
D,DISPATCH,UNIT_SCADA,1,"2019/08/20 11:30:00",RT_VIC11,0
D,DISPATCH,UNIT_SCADA,1,"2019/08/20 11:30:00",RT_VIC12,0
D,DISPATCH,UNIT_SCADA,1,"2019/08/20 11:30:00",RT_VIC2,0
D,DISPATCH,UNIT_SCADA,1,"2019/08/20 11:30:00",RT_VIC3,0
D,DISPATCH,UNIT_SCADA,1,"2019/08/20 11:30:00",RT_VIC4,0
D,DISPATCH,UNIT_SCADA,1,"2019/08/20 11:30:00",RT_VIC5,0
D,DISPATCH,UNIT_SCADA,1,"2019/08/20 11:30:00",RT_VIC6,0
D,DISPATCH,UNIT_SCADA,1,"2019/08/20 11:30:00",RT_VIC7,0
D,DISPATCH,UNIT_SCADA,1,"2019/08/20 11:30:00",RT_VIC8,0
D,DISPATCH,UNIT_SCADA,1,"2019/08/20 11:30:00",RT_VIC9,0
D,DISPATCH,UNIT_SCADA,1,"2019/08/20 11:30:00",RUGBYR1,44.691460
D,DISPATCH,UNIT_SCADA,1,"2019/08/20 11:30:00",SALTCRK1,52.32
D,DISPATCH,UNIT_SCADA,1,"2019/08/20 11:30:00",SAPHWF1,34.518740
D,DISPATCH,UNIT_SCADA,1,"2019/08/20 11:30:00",SHGEN,0
D,DISPATCH,UNIT_SCADA,1,"2019/08/20 11:30:00",SHPUMP,0
D,DISPATCH,UNIT_SCADA,1,"2019/08/20 11:30:00",SITHE01,0.005650
D,DISPATCH,UNIT_SCADA,1,"2019/08/20 11:30:00",SMCSF1,81.311220
D,DISPATCH,UNIT_SCADA,1,"2019/08/20 11:30:00",SNOWNTH1,57.90
D,DISPATCH,UNIT_SCADA,1,"2019/08/20 11:30:00",SNOWSTH1,79.80
D,DISPATCH,UNIT_SCADA,1,"2019/08/20 11:30:00",SNOWTWN1,65.778480
D,DISPATCH,UNIT_SCADA,1,"2019/08/20 11:30:00",SNOWYP,189.20
D,DISPATCH,UNIT_SCADA,1,"2019/08/20 11:30:00",SNUG1,0.019440
D,DISPATCH,UNIT_SCADA,1,"2019/08/20 11:30:00",SRSF1,35.25
D,DISPATCH,UNIT_SCADA,1,"2019/08/20 11:30:00",STAN-1,0
D,DISPATCH,UNIT_SCADA,1,"2019/08/20 11:30:00",STAN-2,281.081540
D,DISPATCH,UNIT_SCADA,1,"2019/08/20 11:30:00",STAN-3,282.478670
D,DISPATCH,UNIT_SCADA,1,"2019/08/20 11:30:00",STAN-4,281.184080
D,DISPATCH,UNIT_SCADA,1,"2019/08/20 11:30:00",STWF1,0.416260
D,DISPATCH,UNIT_SCADA,1,"2019/08/20 11:30:00",SWAN_E,0
D,DISPATCH,UNIT_SCADA,1,"2019/08/20 11:30:00",TALWA1,191
D,DISPATCH,UNIT_SCADA,1,"2019/08/20 11:30:00",TARALGA1,95.009990
D,DISPATCH,UNIT_SCADA,1,"2019/08/20 11:30:00",TARONG#1,282.200010
D,DISPATCH,UNIT_SCADA,1,"2019/08/20 11:30:00",TARONG#2,282.300020
D,DISPATCH,UNIT_SCADA,1,"2019/08/20 11:30:00",TARONG#3,259.600010
D,DISPATCH,UNIT_SCADA,1,"2019/08/20 11:30:00",TARONG#4,281
D,DISPATCH,UNIT_SCADA,1,"2019/08/20 11:30:00",TARRALEA,86.90
D,DISPATCH,UNIT_SCADA,1,"2019/08/20 11:30:00",TBSF1,62.80
D,DISPATCH,UNIT_SCADA,1,"2019/08/20 11:30:00",TNPS1,441.700010
D,DISPATCH,UNIT_SCADA,1,"2019/08/20 11:30:00",TORRA1,47.349720
D,DISPATCH,UNIT_SCADA,1,"2019/08/20 11:30:00",TORRA2,0
D,DISPATCH,UNIT_SCADA,1,"2019/08/20 11:30:00",TORRA3,0
D,DISPATCH,UNIT_SCADA,1,"2019/08/20 11:30:00",TORRA4,0
D,DISPATCH,UNIT_SCADA,1,"2019/08/20 11:30:00",TORRB1,39.65
D,DISPATCH,UNIT_SCADA,1,"2019/08/20 11:30:00",TORRB2,40.59
D,DISPATCH,UNIT_SCADA,1,"2019/08/20 11:30:00",TORRB3,0
D,DISPATCH,UNIT_SCADA,1,"2019/08/20 11:30:00",TORRB4,0
D,DISPATCH,UNIT_SCADA,1,"2019/08/20 11:30:00",TREVALLN,44.060010
D,DISPATCH,UNIT_SCADA,1,"2019/08/20 11:30:00",TRIBUTE,54.39
D,DISPATCH,UNIT_SCADA,1,"2019/08/20 11:30:00",TUMUT3,0
D,DISPATCH,UNIT_SCADA,1,"2019/08/20 11:30:00",TUNGATIN,123.350030
D,DISPATCH,UNIT_SCADA,1,"2019/08/20 11:30:00",TVCC201,0
D,DISPATCH,UNIT_SCADA,1,"2019/08/20 11:30:00",TVPP104,0
D,DISPATCH,UNIT_SCADA,1,"2019/08/20 11:30:00",UPPTUMUT,0
D,DISPATCH,UNIT_SCADA,1,"2019/08/20 11:30:00",URANQ11,0
D,DISPATCH,UNIT_SCADA,1,"2019/08/20 11:30:00",URANQ12,0
D,DISPATCH,UNIT_SCADA,1,"2019/08/20 11:30:00",URANQ13,0
D,DISPATCH,UNIT_SCADA,1,"2019/08/20 11:30:00",URANQ14,0
D,DISPATCH,UNIT_SCADA,1,"2019/08/20 11:30:00",VP5,295.300020
D,DISPATCH,UNIT_SCADA,1,"2019/08/20 11:30:00",VP6,296.950010
D,DISPATCH,UNIT_SCADA,1,"2019/08/20 11:30:00",VPGS1,0
D,DISPATCH,UNIT_SCADA,1,"2019/08/20 11:30:00",VPGS2,0
D,DISPATCH,UNIT_SCADA,1,"2019/08/20 11:30:00",VPGS3,0
D,DISPATCH,UNIT_SCADA,1,"2019/08/20 11:30:00",VPGS4,0
D,DISPATCH,UNIT_SCADA,1,"2019/08/20 11:30:00",VPGS5,0
D,DISPATCH,UNIT_SCADA,1,"2019/08/20 11:30:00",VPGS6,0
D,DISPATCH,UNIT_SCADA,1,"2019/08/20 11:30:00",W/HOE#1,0
D,DISPATCH,UNIT_SCADA,1,"2019/08/20 11:30:00",W/HOE#2,0
D,DISPATCH,UNIT_SCADA,1,"2019/08/20 11:30:00",WATERLWF,103.60
D,DISPATCH,UNIT_SCADA,1,"2019/08/20 11:30:00",WEMENSF1,54.60
D,DISPATCH,UNIT_SCADA,1,"2019/08/20 11:30:00",WGWF1,96.40
D,DISPATCH,UNIT_SCADA,1,"2019/08/20 11:30:00",WHITSF1,43.60
D,DISPATCH,UNIT_SCADA,1,"2019/08/20 11:30:00",WKIEWA1,0
D,DISPATCH,UNIT_SCADA,1,"2019/08/20 11:30:00",WKIEWA2,5.60
D,DISPATCH,UNIT_SCADA,1,"2019/08/20 11:30:00",WOODLWN1,43.0560
D,DISPATCH,UNIT_SCADA,1,"2019/08/20 11:30:00",WRSF1,19.84
D,DISPATCH,UNIT_SCADA,1,"2019/08/20 11:30:00",WRWF1,32.94
D,DISPATCH,UNIT_SCADA,1,"2019/08/20 11:30:00",YABULU,0
D,DISPATCH,UNIT_SCADA,1,"2019/08/20 11:30:00",YABULU2,0
D,DISPATCH,UNIT_SCADA,1,"2019/08/20 11:30:00",YARWUN_1,0
D,DISPATCH,UNIT_SCADA,1,"2019/08/20 11:30:00",YENDWF1,41.82
D,DISPATCH,UNIT_SCADA,1,"2019/08/20 11:30:00",YWPS1,361.903810
D,DISPATCH,UNIT_SCADA,1,"2019/08/20 11:30:00",YWPS2,278.443020
D,DISPATCH,UNIT_SCADA,1,"2019/08/20 11:30:00",YWPS3,0
D,DISPATCH,UNIT_SCADA,1,"2019/08/20 11:30:00",YWPS4,381.6886
C,"END OF REPORT",334
