C,NEMP.WORLD,DISPATCHSCADA,AEMO,PUBLIC,2019/09/04,23:05:08,0000000312400017,DISPATCHSCADA,0000000312400011
I,DISPATCH,UNIT_SCADA,1,SETTLEMENTDATE,DUID,SCADAVALUE
D,DISPATCH,UNIT_SCADA,1,"2019/09/04 23:10:00",BARCSF1,0
D,DISPATCH,UNIT_SCADA,1,"2019/09/04 23:10:00",BUTLERSG,10.199999
D,DISPATCH,UNIT_SCADA,1,"2019/09/04 23:10:00",CALL_A_4,0
D,DISPATCH,UNIT_SCADA,1,"2019/09/04 23:10:00",CAPTL_WF,43.508003
D,DISPATCH,UNIT_SCADA,1,"2019/09/04 23:10:00",CATHROCK,0
D,DISPATCH,UNIT_SCADA,1,"2019/09/04 23:10:00",CHALLHWF,0
D,DISPATCH,UNIT_SCADA,1,"2019/09/04 23:10:00",CLOVER,-0.01
D,DISPATCH,UNIT_SCADA,1,"2019/09/04 23:10:00",CLUNY,10.029297
D,DISPATCH,UNIT_SCADA,1,"2019/09/04 23:10:00",CNUNDAWF,3.604205
D,DISPATCH,UNIT_SCADA,1,"2019/09/04 23:10:00",CULLRGWF,17.09
D,DISPATCH,UNIT_SCADA,1,"2019/09/04 23:10:00",ERGT01,0
D,DISPATCH,UNIT_SCADA,1,"2019/09/04 23:10:00",GB01,0.015362
D,DISPATCH,UNIT_SCADA,1,"2019/09/04 23:10:00",GERMCRK,39.099998
D,DISPATCH,UNIT_SCADA,1,"2019/09/04 23:10:00",GRIFSF1,0
D,DISPATCH,UNIT_SCADA,1,"2019/09/04 23:10:00",HUGSF1,-0.19
D,DISPATCH,UNIT_SCADA,1,"2019/09/04 23:10:00",LKBONNY1,7.055439
D,DISPATCH,UNIT_SCADA,1,"2019/09/04 23:10:00",LRSF1,-0.0310
D,DISPATCH,UNIT_SCADA,1,"2019/09/04 23:10:00",MBAHNTH,36.581245
D,DISPATCH,UNIT_SCADA,1,"2019/09/04 23:10:00",MLSP1,0.366001
D,DISPATCH,UNIT_SCADA,1,"2019/09/04 23:10:00",MLWF1,2.01
D,DISPATCH,UNIT_SCADA,1,"2019/09/04 23:10:00",MTMILLAR,0.416713
D,DISPATCH,UNIT_SCADA,1,"2019/09/04 23:10:00",PALOONA,16.639999
D,DISPATCH,UNIT_SCADA,1,"2019/09/04 23:10:00",PIONEER,11.80
D,DISPATCH,UNIT_SCADA,1,"2019/09/04 23:10:00",PORTWF,0
D,DISPATCH,UNIT_SCADA,1,"2019/09/04 23:10:00",REPULSE,20.154726
D,DISPATCH,UNIT_SCADA,1,"2019/09/04 23:10:00",ROWALLAN,10.5151
D,DISPATCH,UNIT_SCADA,1,"2019/09/04 23:10:00",ROYALLA1,0
D,DISPATCH,UNIT_SCADA,1,"2019/09/04 23:10:00",RPCG,15.50
D,DISPATCH,UNIT_SCADA,1,"2019/09/04 23:10:00",RUBICON,0
D,DISPATCH,UNIT_SCADA,1,"2019/09/04 23:10:00",SATGN1,0
D,DISPATCH,UNIT_SCADA,1,"2019/09/04 23:10:00",SATGS1,0
D,DISPATCH,UNIT_SCADA,1,"2019/09/04 23:10:00",STARHLWF,-0.099971
D,DISPATCH,UNIT_SCADA,1,"2019/09/04 23:10:00",WAUBRAWF,0
D,DISPATCH,UNIT_SCADA,1,"2019/09/04 23:10:00",WOOLNTH1,5.690016
D,DISPATCH,UNIT_SCADA,1,"2019/09/04 23:10:00",WPWF,0
D,DISPATCH,UNIT_SCADA,1,"2019/09/04 23:10:00",YAMBUKWF,0.70
D,DISPATCH,UNIT_SCADA,1,"2019/09/04 23:10:00",YSWF1,0
D,DISPATCH,UNIT_SCADA,1,"2019/09/04 23:10:00",AGLHAL,0
D,DISPATCH,UNIT_SCADA,1,"2019/09/04 23:10:00",AGLSOM,120.20
D,DISPATCH,UNIT_SCADA,1,"2019/09/04 23:10:00",ANGAST1,0
D,DISPATCH,UNIT_SCADA,1,"2019/09/04 23:10:00",ARWF1,-0.90
D,DISPATCH,UNIT_SCADA,1,"2019/09/04 23:10:00",BALBG1,0
D,DISPATCH,UNIT_SCADA,1,"2019/09/04 23:10:00",BALBL1,25.34
D,DISPATCH,UNIT_SCADA,1,"2019/09/04 23:10:00",BALDHWF1,2.9130
D,DISPATCH,UNIT_SCADA,1,"2019/09/04 23:10:00",BANN1,0
D,DISPATCH,UNIT_SCADA,1,"2019/09/04 23:10:00",BARCALDN,0
D,DISPATCH,UNIT_SCADA,1,"2019/09/04 23:10:00",BARRON-1,32.92
D,DISPATCH,UNIT_SCADA,1,"2019/09/04 23:10:00",BARRON-2,0
D,DISPATCH,UNIT_SCADA,1,"2019/09/04 23:10:00",BASTYAN,80.600010
D,DISPATCH,UNIT_SCADA,1,"2019/09/04 23:10:00",BBTHREE1,0
D,DISPATCH,UNIT_SCADA,1,"2019/09/04 23:10:00",BBTHREE2,0
D,DISPATCH,UNIT_SCADA,1,"2019/09/04 23:10:00",BBTHREE3,0
D,DISPATCH,UNIT_SCADA,1,"2019/09/04 23:10:00",BDL01,44.34
D,DISPATCH,UNIT_SCADA,1,"2019/09/04 23:10:00",BDL02,44.58
D,DISPATCH,UNIT_SCADA,1,"2019/09/04 23:10:00",BERYLSF1,0
D,DISPATCH,UNIT_SCADA,1,"2019/09/04 23:10:00",BLOWERNG,11.10
D,DISPATCH,UNIT_SCADA,1,"2019/09/04 23:10:00",BLUFF1,3.30
D,DISPATCH,UNIT_SCADA,1,"2019/09/04 23:10:00",BNGSF1,0
D,DISPATCH,UNIT_SCADA,1,"2019/09/04 23:10:00",BNGSF2,0
D,DISPATCH,UNIT_SCADA,1,"2019/09/04 23:10:00",BOCORWF1,0
D,DISPATCH,UNIT_SCADA,1,"2019/09/04 23:10:00",BODWF1,27.573170
D,DISPATCH,UNIT_SCADA,1,"2019/09/04 23:10:00",BRAEMAR1,0
D,DISPATCH,UNIT_SCADA,1,"2019/09/04 23:10:00",BRAEMAR2,0
D,DISPATCH,UNIT_SCADA,1,"2019/09/04 23:10:00",BRAEMAR3,0
D,DISPATCH,UNIT_SCADA,1,"2019/09/04 23:10:00",BRAEMAR5,0
D,DISPATCH,UNIT_SCADA,1,"2019/09/04 23:10:00",BRAEMAR6,0
D,DISPATCH,UNIT_SCADA,1,"2019/09/04 23:10:00",BRAEMAR7,0
D,DISPATCH,UNIT_SCADA,1,"2019/09/04 23:10:00",BROKENH1,0
D,DISPATCH,UNIT_SCADA,1,"2019/09/04 23:10:00",BW01,547.400020
D,DISPATCH,UNIT_SCADA,1,"2019/09/04 23:10:00",BW02,634.325070
D,DISPATCH,UNIT_SCADA,1,"2019/09/04 23:10:00",BW03,636.324950
D,DISPATCH,UNIT_SCADA,1,"2019/09/04 23:10:00",BW04,0
D,DISPATCH,UNIT_SCADA,1,"2019/09/04 23:10:00",CALL_B_1,350
D,DISPATCH,UNIT_SCADA,1,"2019/09/04 23:10:00",CALL_B_2,349.399990
D,DISPATCH,UNIT_SCADA,1,"2019/09/04 23:10:00",CETHANA,80.281880
D,DISPATCH,UNIT_SCADA,1,"2019/09/04 23:10:00",CG1,0
D,DISPATCH,UNIT_SCADA,1,"2019/09/04 23:10:00",CG2,0
D,DISPATCH,UNIT_SCADA,1,"2019/09/04 23:10:00",CG3,0
D,DISPATCH,UNIT_SCADA,1,"2019/09/04 23:10:00",CG4,0
D,DISPATCH,UNIT_SCADA,1,"2019/09/04 23:10:00",CHILDSF1,0
D,DISPATCH,UNIT_SCADA,1,"2019/09/04 23:10:00",CLARESF1,0
D,DISPATCH,UNIT_SCADA,1,"2019/09/04 23:10:00",CLEMGPWF,12.101880
D,DISPATCH,UNIT_SCADA,1,"2019/09/04 23:10:00",CLERMSF1,0
D,DISPATCH,UNIT_SCADA,1,"2019/09/04 23:10:00",COLEASF1,0
D,DISPATCH,UNIT_SCADA,1,"2019/09/04 23:10:00",COOPGWF1,20.430190
D,DISPATCH,UNIT_SCADA,1,"2019/09/04 23:10:00",CPP_3,405.6250
D,DISPATCH,UNIT_SCADA,1,"2019/09/04 23:10:00",CPP_4,405.075010
D,DISPATCH,UNIT_SCADA,1,"2019/09/04 23:10:00",CPSA,143.280620
D,DISPATCH,UNIT_SCADA,1,"2019/09/04 23:10:00",CROOKWF2,58.453740
D,DISPATCH,UNIT_SCADA,1,"2019/09/04 23:10:00",CROWLWF1,-0.227740
D,DISPATCH,UNIT_SCADA,1,"2019/09/04 23:10:00",CSPVPS1,0
D,DISPATCH,UNIT_SCADA,1,"2019/09/04 23:10:00",DALNTH01,0
D,DISPATCH,UNIT_SCADA,1,"2019/09/04 23:10:00",DALNTHL1,0.068670
D,DISPATCH,UNIT_SCADA,1,"2019/09/04 23:10:00",DARTM1,133.600010
D,DISPATCH,UNIT_SCADA,1,"2019/09/04 23:10:00",DAYDSF1,0
D,DISPATCH,UNIT_SCADA,1,"2019/09/04 23:10:00",DDPS1,362.357790
D,DISPATCH,UNIT_SCADA,1,"2019/09/04 23:10:00",DDSF1,0
D,DISPATCH,UNIT_SCADA,1,"2019/09/04 23:10:00",DEVILS_G,56.234630
D,DISPATCH,UNIT_SCADA,1,"2019/09/04 23:10:00",DG_NSW1,0
D,DISPATCH,UNIT_SCADA,1,"2019/09/04 23:10:00",DG_QLD1,0
D,DISPATCH,UNIT_SCADA,1,"2019/09/04 23:10:00",DG_SA1,0
D,DISPATCH,UNIT_SCADA,1,"2019/09/04 23:10:00",DG_TAS1,0
D,DISPATCH,UNIT_SCADA,1,"2019/09/04 23:10:00",DG_VIC1,0
D,DISPATCH,UNIT_SCADA,1,"2019/09/04 23:10:00",DRYCGT1,0
D,DISPATCH,UNIT_SCADA,1,"2019/09/04 23:10:00",DRYCGT2,0
D,DISPATCH,UNIT_SCADA,1,"2019/09/04 23:10:00",DRYCGT3,0
D,DISPATCH,UNIT_SCADA,1,"2019/09/04 23:10:00",EILDON1,0
D,DISPATCH,UNIT_SCADA,1,"2019/09/04 23:10:00",EILDON2,0
D,DISPATCH,UNIT_SCADA,1,"2019/09/04 23:10:00",EMERASF1,0
D,DISPATCH,UNIT_SCADA,1,"2019/09/04 23:10:00",ER01,554.275020
D,DISPATCH,UNIT_SCADA,1,"2019/09/04 23:10:00",ER02,664.900020
D,DISPATCH,UNIT_SCADA,1,"2019/09/04 23:10:00",ER03,0
D,DISPATCH,UNIT_SCADA,1,"2019/09/04 23:10:00",ER04,661.824950
D,DISPATCH,UNIT_SCADA,1,"2019/09/04 23:10:00",FINLYSF1,0
D,DISPATCH,UNIT_SCADA,1,"2019/09/04 23:10:00",FISHER,45.98
D,DISPATCH,UNIT_SCADA,1,"2019/09/04 23:10:00",GANNBG1,0
D,DISPATCH,UNIT_SCADA,1,"2019/09/04 23:10:00",GANNBL1,0.034390
D,DISPATCH,UNIT_SCADA,1,"2019/09/04 23:10:00",GANNSF1,0
D,DISPATCH,UNIT_SCADA,1,"2019/09/04 23:10:00",GORDON,0
D,DISPATCH,UNIT_SCADA,1,"2019/09/04 23:10:00",GSTONE1,185.50
D,DISPATCH,UNIT_SCADA,1,"2019/09/04 23:10:00",GSTONE2,185.6750
D,DISPATCH,UNIT_SCADA,1,"2019/09/04 23:10:00",GSTONE3,0
D,DISPATCH,UNIT_SCADA,1,"2019/09/04 23:10:00",GSTONE4,198.45
D,DISPATCH,UNIT_SCADA,1,"2019/09/04 23:10:00",GSTONE5,185.149990
D,DISPATCH,UNIT_SCADA,1,"2019/09/04 23:10:00",GSTONE6,187.95
D,DISPATCH,UNIT_SCADA,1,"2019/09/04 23:10:00",GULLRSF1,0
D,DISPATCH,UNIT_SCADA,1,"2019/09/04 23:10:00",GULLRWF1,113.005190
D,DISPATCH,UNIT_SCADA,1,"2019/09/04 23:10:00",GUNNING1,19.103110
D,DISPATCH,UNIT_SCADA,1,"2019/09/04 23:10:00",GUTHEGA,31.10
D,DISPATCH,UNIT_SCADA,1,"2019/09/04 23:10:00",HALLWF1,14.30
D,DISPATCH,UNIT_SCADA,1,"2019/09/04 23:10:00",HALLWF2,10.51
D,DISPATCH,UNIT_SCADA,1,"2019/09/04 23:10:00",HAMISF1,0
D,DISPATCH,UNIT_SCADA,1,"2019/09/04 23:10:00",HAUGHT11,0
D,DISPATCH,UNIT_SCADA,1,"2019/09/04 23:10:00",HAYMSF1,0
D,DISPATCH,UNIT_SCADA,1,"2019/09/04 23:10:00",HDWF1,77.80
D,DISPATCH,UNIT_SCADA,1,"2019/09/04 23:10:00",HDWF2,56.30
D,DISPATCH,UNIT_SCADA,1,"2019/09/04 23:10:00",HDWF3,54.30
D,DISPATCH,UNIT_SCADA,1,"2019/09/04 23:10:00",HPRG1,0.20
D,DISPATCH,UNIT_SCADA,1,"2019/09/04 23:10:00",HPRL1,0
D,DISPATCH,UNIT_SCADA,1,"2019/09/04 23:10:00",HUMENSW,0
D,DISPATCH,UNIT_SCADA,1,"2019/09/04 23:10:00",HUMEV,25.10
D,DISPATCH,UNIT_SCADA,1,"2019/09/04 23:10:00",HVGTS,0
D,DISPATCH,UNIT_SCADA,1,"2019/09/04 23:10:00",JBUTTERS,18.09
D,DISPATCH,UNIT_SCADA,1,"2019/09/04 23:10:00",JLA01,0.10
D,DISPATCH,UNIT_SCADA,1,"2019/09/04 23:10:00",JLA02,0
D,DISPATCH,UNIT_SCADA,1,"2019/09/04 23:10:00",JLA03,0
D,DISPATCH,UNIT_SCADA,1,"2019/09/04 23:10:00",JLA04,0
D,DISPATCH,UNIT_SCADA,1,"2019/09/04 23:10:00",JLB01,0
D,DISPATCH,UNIT_SCADA,1,"2019/09/04 23:10:00",JLB02,83.30
D,DISPATCH,UNIT_SCADA,1,"2019/09/04 23:10:00",JLB03,83.90
D,DISPATCH,UNIT_SCADA,1,"2019/09/04 23:10:00",KAREEYA1,21.4425
D,DISPATCH,UNIT_SCADA,1,"2019/09/04 23:10:00",KAREEYA2,21.6450
D,DISPATCH,UNIT_SCADA,1,"2019/09/04 23:10:00",KAREEYA3,0
D,DISPATCH,UNIT_SCADA,1,"2019/09/04 23:10:00",KAREEYA4,21.5650
D,DISPATCH,UNIT_SCADA,1,"2019/09/04 23:10:00",KARSF1,0
D,DISPATCH,UNIT_SCADA,1,"2019/09/04 23:10:00",KIATAWF1,-0.30
D,DISPATCH,UNIT_SCADA,1,"2019/09/04 23:10:00",KPP_1,0
D,DISPATCH,UNIT_SCADA,1,"2019/09/04 23:10:00",KSP1,0
D,DISPATCH,UNIT_SCADA,1,"2019/09/04 23:10:00",LADBROK1,42.58
D,DISPATCH,UNIT_SCADA,1,"2019/09/04 23:10:00",LADBROK2,43.27
D,DISPATCH,UNIT_SCADA,1,"2019/09/04 23:10:00",LD01,422.9812
D,DISPATCH,UNIT_SCADA,1,"2019/09/04 23:10:00",LD02,401.474950
D,DISPATCH,UNIT_SCADA,1,"2019/09/04 23:10:00",LD03,419.456180
D,DISPATCH,UNIT_SCADA,1,"2019/09/04 23:10:00",LD04,380.175020
D,DISPATCH,UNIT_SCADA,1,"2019/09/04 23:10:00",LEM_WIL,81.527250
D,DISPATCH,UNIT_SCADA,1,"2019/09/04 23:10:00",LGAPWF1,14.24
D,DISPATCH,UNIT_SCADA,1,"2019/09/04 23:10:00",LILYSF1,0
D,DISPATCH,UNIT_SCADA,1,"2019/09/04 23:10:00",LI_WY_CA,164.077550
D,DISPATCH,UNIT_SCADA,1,"2019/09/04 23:10:00",LKBONNY2,15.629070
D,DISPATCH,UNIT_SCADA,1,"2019/09/04 23:10:00",LKBONNY3,3.907540
D,DISPATCH,UNIT_SCADA,1,"2019/09/04 23:10:00",LK_ECHO,0
D,DISPATCH,UNIT_SCADA,1,"2019/09/04 23:10:00",LNGS1,0
D,DISPATCH,UNIT_SCADA,1,"2019/09/04 23:10:00",LNGS2,0
D,DISPATCH,UNIT_SCADA,1,"2019/09/04 23:10:00",LONSDALE,0
D,DISPATCH,UNIT_SCADA,1,"2019/09/04 23:10:00",LOYYB1,535.336730
D,DISPATCH,UNIT_SCADA,1,"2019/09/04 23:10:00",LOYYB2,581.578490
D,DISPATCH,UNIT_SCADA,1,"2019/09/04 23:10:00",LYA1,0
D,DISPATCH,UNIT_SCADA,1,"2019/09/04 23:10:00",LYA2,0
D,DISPATCH,UNIT_SCADA,1,"2019/09/04 23:10:00",LYA3,559
D,DISPATCH,UNIT_SCADA,1,"2019/09/04 23:10:00",LYA4,539
D,DISPATCH,UNIT_SCADA,1,"2019/09/04 23:10:00",MACARTH1,3.999910
D,DISPATCH,UNIT_SCADA,1,"2019/09/04 23:10:00",MACKAYGT,0.2240
D,DISPATCH,UNIT_SCADA,1,"2019/09/04 23:10:00",MACKNTSH,88.91
D,DISPATCH,UNIT_SCADA,1,"2019/09/04 23:10:00",MANSLR1,0
D,DISPATCH,UNIT_SCADA,1,"2019/09/04 23:10:00",MCKAY1,119.13
D,DISPATCH,UNIT_SCADA,1,"2019/09/04 23:10:00",MEADOWBK,25.236140
D,DISPATCH,UNIT_SCADA,1,"2019/09/04 23:10:00",MERCER01,-0.0740
D,DISPATCH,UNIT_SCADA,1,"2019/09/04 23:10:00",MEWF1,70.955010
D,DISPATCH,UNIT_SCADA,1,"2019/09/04 23:10:00",MINTARO,0
D,DISPATCH,UNIT_SCADA,1,"2019/09/04 23:10:00",MOREESF1,0
D,DISPATCH,UNIT_SCADA,1,"2019/09/04 23:10:00",MORTLK11,259
D,DISPATCH,UNIT_SCADA,1,"2019/09/04 23:10:00",MORTLK12,0
D,DISPATCH,UNIT_SCADA,1,"2019/09/04 23:10:00",MP1,222.175050
D,DISPATCH,UNIT_SCADA,1,"2019/09/04 23:10:00",MP2,0
D,DISPATCH,UNIT_SCADA,1,"2019/09/04 23:10:00",MPP_1,397.75
D,DISPATCH,UNIT_SCADA,1,"2019/09/04 23:10:00",MPP_2,434.75
D,DISPATCH,UNIT_SCADA,1,"2019/09/04 23:10:00",MSTUART1,0
D,DISPATCH,UNIT_SCADA,1,"2019/09/04 23:10:00",MSTUART2,0
D,DISPATCH,UNIT_SCADA,1,"2019/09/04 23:10:00",MSTUART3,0
D,DISPATCH,UNIT_SCADA,1,"2019/09/04 23:10:00",MTGELWF1,0.178530
D,DISPATCH,UNIT_SCADA,1,"2019/09/04 23:10:00",MURRAY,231.799990
D,DISPATCH,UNIT_SCADA,1,"2019/09/04 23:10:00",MUSSELR1,90.60
D,DISPATCH,UNIT_SCADA,1,"2019/09/04 23:10:00",MUWAWF1,-0.05
D,DISPATCH,UNIT_SCADA,1,"2019/09/04 23:10:00",NBHWF1,61.40
D,DISPATCH,UNIT_SCADA,1,"2019/09/04 23:10:00",NPS,301.50
D,DISPATCH,UNIT_SCADA,1,"2019/09/04 23:10:00",NUMURSF1,0
D,DISPATCH,UNIT_SCADA,1,"2019/09/04 23:10:00",NYNGAN1,0
D,DISPATCH,UNIT_SCADA,1,"2019/09/04 23:10:00",OAKEY1,0
D,DISPATCH,UNIT_SCADA,1,"2019/09/04 23:10:00",OAKEY1SF,0
D,DISPATCH,UNIT_SCADA,1,"2019/09/04 23:10:00",OAKEY2,0
D,DISPATCH,UNIT_SCADA,1,"2019/09/04 23:10:00",OAKEY2SF,0
D,DISPATCH,UNIT_SCADA,1,"2019/09/04 23:10:00",OAKLAND1,-0.30
D,DISPATCH,UNIT_SCADA,1,"2019/09/04 23:10:00",OSB-AG,179.47
D,DISPATCH,UNIT_SCADA,1,"2019/09/04 23:10:00",PARSF1,0
D,DISPATCH,UNIT_SCADA,1,"2019/09/04 23:10:00",POAT110,0
D,DISPATCH,UNIT_SCADA,1,"2019/09/04 23:10:00",POAT220,1.26
D,DISPATCH,UNIT_SCADA,1,"2019/09/04 23:10:00",POR01,0
D,DISPATCH,UNIT_SCADA,1,"2019/09/04 23:10:00",POR03,0
D,DISPATCH,UNIT_SCADA,1,"2019/09/04 23:10:00",PPCCGT,482.260380
D,DISPATCH,UNIT_SCADA,1,"2019/09/04 23:10:00",PTSTAN1,0
D,DISPATCH,UNIT_SCADA,1,"2019/09/04 23:10:00",PUMP1,0
D,DISPATCH,UNIT_SCADA,1,"2019/09/04 23:10:00",PUMP2,0
D,DISPATCH,UNIT_SCADA,1,"2019/09/04 23:10:00",QPS1,29
D,DISPATCH,UNIT_SCADA,1,"2019/09/04 23:10:00",QPS2,0
D,DISPATCH,UNIT_SCADA,1,"2019/09/04 23:10:00",QPS3,0
D,DISPATCH,UNIT_SCADA,1,"2019/09/04 23:10:00",QPS4,0
D,DISPATCH,UNIT_SCADA,1,"2019/09/04 23:10:00",QPS5,122.84
D,DISPATCH,UNIT_SCADA,1,"2019/09/04 23:10:00",REECE1,102.370010
D,DISPATCH,UNIT_SCADA,1,"2019/09/04 23:10:00",REECE2,101.600010
D,DISPATCH,UNIT_SCADA,1,"2019/09/04 23:10:00",ROMA_7,0
D,DISPATCH,UNIT_SCADA,1,"2019/09/04 23:10:00",ROMA_8,0
D,DISPATCH,UNIT_SCADA,1,"2019/09/04 23:10:00",RRSF1,0
D,DISPATCH,UNIT_SCADA,1,"2019/09/04 23:10:00",RT_NSW1,0
D,DISPATCH,UNIT_SCADA,1,"2019/09/04 23:10:00",RT_NSW2,0
D,DISPATCH,UNIT_SCADA,1,"2019/09/04 23:10:00",RT_NSW3,0
D,DISPATCH,UNIT_SCADA,1,"2019/09/04 23:10:00",RT_NSW4,0
D,DISPATCH,UNIT_SCADA,1,"2019/09/04 23:10:00",RT_NSW5,0
D,DISPATCH,UNIT_SCADA,1,"2019/09/04 23:10:00",RT_NSW6,0
D,DISPATCH,UNIT_SCADA,1,"2019/09/04 23:10:00",RT_QLD1,0
D,DISPATCH,UNIT_SCADA,1,"2019/09/04 23:10:00",RT_SA1,0
D,DISPATCH,UNIT_SCADA,1,"2019/09/04 23:10:00",RT_SA2,0
D,DISPATCH,UNIT_SCADA,1,"2019/09/04 23:10:00",RT_SA3,0
D,DISPATCH,UNIT_SCADA,1,"2019/09/04 23:10:00",RT_SA4,0
D,DISPATCH,UNIT_SCADA,1,"2019/09/04 23:10:00",RT_SA5,0
D,DISPATCH,UNIT_SCADA,1,"2019/09/04 23:10:00",RT_SA6,0
D,DISPATCH,UNIT_SCADA,1,"2019/09/04 23:10:00",RT_TAS1,0
D,DISPATCH,UNIT_SCADA,1,"2019/09/04 23:10:00",RT_VIC1,0
D,DISPATCH,UNIT_SCADA,1,"2019/09/04 23:10:00",RT_VIC10,0
D,DISPATCH,UNIT_SCADA,1,"2019/09/04 23:10:00",RT_VIC11,0
D,DISPATCH,UNIT_SCADA,1,"2019/09/04 23:10:00",RT_VIC12,0
D,DISPATCH,UNIT_SCADA,1,"2019/09/04 23:10:00",RT_VIC2,0
D,DISPATCH,UNIT_SCADA,1,"2019/09/04 23:10:00",RT_VIC3,0
D,DISPATCH,UNIT_SCADA,1,"2019/09/04 23:10:00",RT_VIC4,0
D,DISPATCH,UNIT_SCADA,1,"2019/09/04 23:10:00",RT_VIC5,0
D,DISPATCH,UNIT_SCADA,1,"2019/09/04 23:10:00",RT_VIC6,0
D,DISPATCH,UNIT_SCADA,1,"2019/09/04 23:10:00",RT_VIC7,0
D,DISPATCH,UNIT_SCADA,1,"2019/09/04 23:10:00",RT_VIC8,0
D,DISPATCH,UNIT_SCADA,1,"2019/09/04 23:10:00",RT_VIC9,0
D,DISPATCH,UNIT_SCADA,1,"2019/09/04 23:10:00",RUGBYR1,0
D,DISPATCH,UNIT_SCADA,1,"2019/09/04 23:10:00",SALTCRK1,3.27
D,DISPATCH,UNIT_SCADA,1,"2019/09/04 23:10:00",SAPHWF1,51.862520
D,DISPATCH,UNIT_SCADA,1,"2019/09/04 23:10:00",SHGEN,0
D,DISPATCH,UNIT_SCADA,1,"2019/09/04 23:10:00",SHPUMP,0
D,DISPATCH,UNIT_SCADA,1,"2019/09/04 23:10:00",SITHE01,0.1840
D,DISPATCH,UNIT_SCADA,1,"2019/09/04 23:10:00",SMCSF1,0
D,DISPATCH,UNIT_SCADA,1,"2019/09/04 23:10:00",SNOWNTH1,0
D,DISPATCH,UNIT_SCADA,1,"2019/09/04 23:10:00",SNOWSTH1,1.50
D,DISPATCH,UNIT_SCADA,1,"2019/09/04 23:10:00",SNOWTWN1,-0.500140
D,DISPATCH,UNIT_SCADA,1,"2019/09/04 23:10:00",SNOWYP,0
D,DISPATCH,UNIT_SCADA,1,"2019/09/04 23:10:00",SNUG1,0.019440
D,DISPATCH,UNIT_SCADA,1,"2019/09/04 23:10:00",SRSF1,0
D,DISPATCH,UNIT_SCADA,1,"2019/09/04 23:10:00",STAN-1,220.453340
D,DISPATCH,UNIT_SCADA,1,"2019/09/04 23:10:00",STAN-2,299.667360
D,DISPATCH,UNIT_SCADA,1,"2019/09/04 23:10:00",STAN-3,298.500920
D,DISPATCH,UNIT_SCADA,1,"2019/09/04 23:10:00",STAN-4,299.731450
D,DISPATCH,UNIT_SCADA,1,"2019/09/04 23:10:00",STWF1,166.353760
D,DISPATCH,UNIT_SCADA,1,"2019/09/04 23:10:00",SWAN_E,0
D,DISPATCH,UNIT_SCADA,1,"2019/09/04 23:10:00",TALWA1,408
D,DISPATCH,UNIT_SCADA,1,"2019/09/04 23:10:00",TARALGA1,88.923750
D,DISPATCH,UNIT_SCADA,1,"2019/09/04 23:10:00",TARONG#1,349.800020
D,DISPATCH,UNIT_SCADA,1,"2019/09/04 23:10:00",TARONG#2,0
D,DISPATCH,UNIT_SCADA,1,"2019/09/04 23:10:00",TARONG#3,279.800020
D,DISPATCH,UNIT_SCADA,1,"2019/09/04 23:10:00",TARONG#4,349.899990
D,DISPATCH,UNIT_SCADA,1,"2019/09/04 23:10:00",TARRALEA,71
D,DISPATCH,UNIT_SCADA,1,"2019/09/04 23:10:00",TBSF1,-0.20
D,DISPATCH,UNIT_SCADA,1,"2019/09/04 23:10:00",TNPS1,379.600010
D,DISPATCH,UNIT_SCADA,1,"2019/09/04 23:10:00",TORRA1,60.517980
D,DISPATCH,UNIT_SCADA,1,"2019/09/04 23:10:00",TORRA2,0
D,DISPATCH,UNIT_SCADA,1,"2019/09/04 23:10:00",TORRA3,0
D,DISPATCH,UNIT_SCADA,1,"2019/09/04 23:10:00",TORRA4,60.371570
D,DISPATCH,UNIT_SCADA,1,"2019/09/04 23:10:00",TORRB1,92.53
D,DISPATCH,UNIT_SCADA,1,"2019/09/04 23:10:00",TORRB2,93.35
D,DISPATCH,UNIT_SCADA,1,"2019/09/04 23:10:00",TORRB3,94.10
D,DISPATCH,UNIT_SCADA,1,"2019/09/04 23:10:00",TORRB4,0
D,DISPATCH,UNIT_SCADA,1,"2019/09/04 23:10:00",TREVALLN,17.70
D,DISPATCH,UNIT_SCADA,1,"2019/09/04 23:10:00",TRIBUTE,0
D,DISPATCH,UNIT_SCADA,1,"2019/09/04 23:10:00",TUMUT3,0
D,DISPATCH,UNIT_SCADA,1,"2019/09/04 23:10:00",TUNGATIN,122.970030
D,DISPATCH,UNIT_SCADA,1,"2019/09/04 23:10:00",TVCC201,0
D,DISPATCH,UNIT_SCADA,1,"2019/09/04 23:10:00",TVPP104,0
D,DISPATCH,UNIT_SCADA,1,"2019/09/04 23:10:00",UPPTUMUT,0
D,DISPATCH,UNIT_SCADA,1,"2019/09/04 23:10:00",URANQ11,0
D,DISPATCH,UNIT_SCADA,1,"2019/09/04 23:10:00",URANQ12,0
D,DISPATCH,UNIT_SCADA,1,"2019/09/04 23:10:00",URANQ13,0
D,DISPATCH,UNIT_SCADA,1,"2019/09/04 23:10:00",URANQ14,0
D,DISPATCH,UNIT_SCADA,1,"2019/09/04 23:10:00",VP5,623.275020
D,DISPATCH,UNIT_SCADA,1,"2019/09/04 23:10:00",VP6,0
D,DISPATCH,UNIT_SCADA,1,"2019/09/04 23:10:00",VPGS1,0
D,DISPATCH,UNIT_SCADA,1,"2019/09/04 23:10:00",VPGS2,0
D,DISPATCH,UNIT_SCADA,1,"2019/09/04 23:10:00",VPGS3,0
D,DISPATCH,UNIT_SCADA,1,"2019/09/04 23:10:00",VPGS4,0
D,DISPATCH,UNIT_SCADA,1,"2019/09/04 23:10:00",VPGS5,0
D,DISPATCH,UNIT_SCADA,1,"2019/09/04 23:10:00",VPGS6,0
D,DISPATCH,UNIT_SCADA,1,"2019/09/04 23:10:00",W/HOE#1,0
D,DISPATCH,UNIT_SCADA,1,"2019/09/04 23:10:00",W/HOE#2,0
D,DISPATCH,UNIT_SCADA,1,"2019/09/04 23:10:00",WATERLWF,2.80
D,DISPATCH,UNIT_SCADA,1,"2019/09/04 23:10:00",WEMENSF1,0
D,DISPATCH,UNIT_SCADA,1,"2019/09/04 23:10:00",WGWF1,14.20
D,DISPATCH,UNIT_SCADA,1,"2019/09/04 23:10:00",WHITSF1,0
D,DISPATCH,UNIT_SCADA,1,"2019/09/04 23:10:00",WKIEWA1,13.90
D,DISPATCH,UNIT_SCADA,1,"2019/09/04 23:10:00",WKIEWA2,14.10
D,DISPATCH,UNIT_SCADA,1,"2019/09/04 23:10:00",WOODLWN1,24.903020
D,DISPATCH,UNIT_SCADA,1,"2019/09/04 23:10:00",WRSF1,0
D,DISPATCH,UNIT_SCADA,1,"2019/09/04 23:10:00",WRWF1,53.546240
D,DISPATCH,UNIT_SCADA,1,"2019/09/04 23:10:00",YABULU,90.360010
D,DISPATCH,UNIT_SCADA,1,"2019/09/04 23:10:00",YABULU2,0
D,DISPATCH,UNIT_SCADA,1,"2019/09/04 23:10:00",YARWUN_1,158.34
D,DISPATCH,UNIT_SCADA,1,"2019/09/04 23:10:00",YENDWF1,-1.17
D,DISPATCH,UNIT_SCADA,1,"2019/09/04 23:10:00",YWPS1,380.701260
D,DISPATCH,UNIT_SCADA,1,"2019/09/04 23:10:00",YWPS2,281.450620
D,DISPATCH,UNIT_SCADA,1,"2019/09/04 23:10:00",YWPS3,50.575950
D,DISPATCH,UNIT_SCADA,1,"2019/09/04 23:10:00",YWPS4,385.075960
C,"END OF REPORT",335
