C,NEMP.WORLD,DISPATCHSCADA,AEMO,PUBLIC,2019/09/05,17:00:07,0000000312430090,DISPATCHSCADA,0000000312430084
I,DISPATCH,UNIT_SCADA,1,SETTLEMENTDATE,DUID,SCADAVALUE
D,DISPATCH,UNIT_SCADA,1,"2019/09/05 17:05:00",BARCSF1,6.40
D,DISPATCH,UNIT_SCADA,1,"2019/09/05 17:05:00",BUTLERSG,10.199999
D,DISPATCH,UNIT_SCADA,1,"2019/09/05 17:05:00",CALL_A_4,0
D,DISPATCH,UNIT_SCADA,1,"2019/09/05 17:05:00",CAPTL_WF,0
D,DISPATCH,UNIT_SCADA,1,"2019/09/05 17:05:00",CATHROCK,32.419998
D,DISPATCH,UNIT_SCADA,1,"2019/09/05 17:05:00",CHALLHWF,9.799999
D,DISPATCH,UNIT_SCADA,1,"2019/09/05 17:05:00",CLOVER,-0.01
D,DISPATCH,UNIT_SCADA,1,"2019/09/05 17:05:00",CLUNY,18.125429
D,DISPATCH,UNIT_SCADA,1,"2019/09/05 17:05:00",CNUNDAWF,16.319036
D,DISPATCH,UNIT_SCADA,1,"2019/09/05 17:05:00",CULLRGWF,-0.04
D,DISPATCH,UNIT_SCADA,1,"2019/09/05 17:05:00",ERGT01,0
D,DISPATCH,UNIT_SCADA,1,"2019/09/05 17:05:00",GB01,0.005440
D,DISPATCH,UNIT_SCADA,1,"2019/09/05 17:05:00",GERMCRK,35.299999
D,DISPATCH,UNIT_SCADA,1,"2019/09/05 17:05:00",GRIFSF1,12
D,DISPATCH,UNIT_SCADA,1,"2019/09/05 17:05:00",HUGSF1,5.8470
D,DISPATCH,UNIT_SCADA,1,"2019/09/05 17:05:00",LKBONNY1,21.880795
D,DISPATCH,UNIT_SCADA,1,"2019/09/05 17:05:00",LRSF1,9.358001
D,DISPATCH,UNIT_SCADA,1,"2019/09/05 17:05:00",MBAHNTH,48.300003
D,DISPATCH,UNIT_SCADA,1,"2019/09/05 17:05:00",MLSP1,0.860001
D,DISPATCH,UNIT_SCADA,1,"2019/09/05 17:05:00",MLWF1,4.98
D,DISPATCH,UNIT_SCADA,1,"2019/09/05 17:05:00",MTMILLAR,36.149891
D,DISPATCH,UNIT_SCADA,1,"2019/09/05 17:05:00",PALOONA,25.599998
D,DISPATCH,UNIT_SCADA,1,"2019/09/05 17:05:00",PIONEER,26.300001
D,DISPATCH,UNIT_SCADA,1,"2019/09/05 17:05:00",PORTWF,55.799999
D,DISPATCH,UNIT_SCADA,1,"2019/09/05 17:05:00",REPULSE,29.095293
D,DISPATCH,UNIT_SCADA,1,"2019/09/05 17:05:00",ROWALLAN,10.3021
D,DISPATCH,UNIT_SCADA,1,"2019/09/05 17:05:00",ROYALLA1,0.7080
D,DISPATCH,UNIT_SCADA,1,"2019/09/05 17:05:00",RPCG,10.30
D,DISPATCH,UNIT_SCADA,1,"2019/09/05 17:05:00",RUBICON,0
D,DISPATCH,UNIT_SCADA,1,"2019/09/05 17:05:00",SATGN1,0
D,DISPATCH,UNIT_SCADA,1,"2019/09/05 17:05:00",SATGS1,0
D,DISPATCH,UNIT_SCADA,1,"2019/09/05 17:05:00",STARHLWF,30.791021
D,DISPATCH,UNIT_SCADA,1,"2019/09/05 17:05:00",WAUBRAWF,67.794998
D,DISPATCH,UNIT_SCADA,1,"2019/09/05 17:05:00",WOOLNTH1,58.920017
D,DISPATCH,UNIT_SCADA,1,"2019/09/05 17:05:00",WPWF,64
D,DISPATCH,UNIT_SCADA,1,"2019/09/05 17:05:00",YAMBUKWF,2.60
D,DISPATCH,UNIT_SCADA,1,"2019/09/05 17:05:00",YSWF1,0
D,DISPATCH,UNIT_SCADA,1,"2019/09/05 17:05:00",AGLHAL,0
D,DISPATCH,UNIT_SCADA,1,"2019/09/05 17:05:00",AGLSOM,0
D,DISPATCH,UNIT_SCADA,1,"2019/09/05 17:05:00",ANGAST1,0
D,DISPATCH,UNIT_SCADA,1,"2019/09/05 17:05:00",ARWF1,49.10
D,DISPATCH,UNIT_SCADA,1,"2019/09/05 17:05:00",BALBG1,1.22
D,DISPATCH,UNIT_SCADA,1,"2019/09/05 17:05:00",BALBL1,0
D,DISPATCH,UNIT_SCADA,1,"2019/09/05 17:05:00",BALDHWF1,80.2920
D,DISPATCH,UNIT_SCADA,1,"2019/09/05 17:05:00",BANN1,29.52
D,DISPATCH,UNIT_SCADA,1,"2019/09/05 17:05:00",BARCALDN,0
D,DISPATCH,UNIT_SCADA,1,"2019/09/05 17:05:00",BARRON-1,26.84
D,DISPATCH,UNIT_SCADA,1,"2019/09/05 17:05:00",BARRON-2,0
D,DISPATCH,UNIT_SCADA,1,"2019/09/05 17:05:00",BASTYAN,81.27
D,DISPATCH,UNIT_SCADA,1,"2019/09/05 17:05:00",BBTHREE1,0
D,DISPATCH,UNIT_SCADA,1,"2019/09/05 17:05:00",BBTHREE2,0
D,DISPATCH,UNIT_SCADA,1,"2019/09/05 17:05:00",BBTHREE3,0
D,DISPATCH,UNIT_SCADA,1,"2019/09/05 17:05:00",BDL01,2.52
D,DISPATCH,UNIT_SCADA,1,"2019/09/05 17:05:00",BDL02,19.86
D,DISPATCH,UNIT_SCADA,1,"2019/09/05 17:05:00",BERYLSF1,14.210910
D,DISPATCH,UNIT_SCADA,1,"2019/09/05 17:05:00",BLOWERNG,15.40
D,DISPATCH,UNIT_SCADA,1,"2019/09/05 17:05:00",BLUFF1,31
D,DISPATCH,UNIT_SCADA,1,"2019/09/05 17:05:00",BNGSF1,74.08
D,DISPATCH,UNIT_SCADA,1,"2019/09/05 17:05:00",BNGSF2,19.99
D,DISPATCH,UNIT_SCADA,1,"2019/09/05 17:05:00",BOCORWF1,43.84
D,DISPATCH,UNIT_SCADA,1,"2019/09/05 17:05:00",BODWF1,30.700450
D,DISPATCH,UNIT_SCADA,1,"2019/09/05 17:05:00",BRAEMAR1,0
D,DISPATCH,UNIT_SCADA,1,"2019/09/05 17:05:00",BRAEMAR2,102.40
D,DISPATCH,UNIT_SCADA,1,"2019/09/05 17:05:00",BRAEMAR3,109.20
D,DISPATCH,UNIT_SCADA,1,"2019/09/05 17:05:00",BRAEMAR5,140.238680
D,DISPATCH,UNIT_SCADA,1,"2019/09/05 17:05:00",BRAEMAR6,0
D,DISPATCH,UNIT_SCADA,1,"2019/09/05 17:05:00",BRAEMAR7,139.704910
D,DISPATCH,UNIT_SCADA,1,"2019/09/05 17:05:00",BROKENH1,17.407230
D,DISPATCH,UNIT_SCADA,1,"2019/09/05 17:05:00",BW01,550.9751
D,DISPATCH,UNIT_SCADA,1,"2019/09/05 17:05:00",BW02,632.050050
D,DISPATCH,UNIT_SCADA,1,"2019/09/05 17:05:00",BW03,628.050050
D,DISPATCH,UNIT_SCADA,1,"2019/09/05 17:05:00",BW04,0
D,DISPATCH,UNIT_SCADA,1,"2019/09/05 17:05:00",CALL_B_1,333.200010
D,DISPATCH,UNIT_SCADA,1,"2019/09/05 17:05:00",CALL_B_2,281.100010
D,DISPATCH,UNIT_SCADA,1,"2019/09/05 17:05:00",CETHANA,96.627750
D,DISPATCH,UNIT_SCADA,1,"2019/09/05 17:05:00",CG1,0
D,DISPATCH,UNIT_SCADA,1,"2019/09/05 17:05:00",CG2,0
D,DISPATCH,UNIT_SCADA,1,"2019/09/05 17:05:00",CG3,0
D,DISPATCH,UNIT_SCADA,1,"2019/09/05 17:05:00",CG4,0
D,DISPATCH,UNIT_SCADA,1,"2019/09/05 17:05:00",CHILDSF1,8.68
D,DISPATCH,UNIT_SCADA,1,"2019/09/05 17:05:00",CLARESF1,23.083010
D,DISPATCH,UNIT_SCADA,1,"2019/09/05 17:05:00",CLEMGPWF,25.572430
D,DISPATCH,UNIT_SCADA,1,"2019/09/05 17:05:00",CLERMSF1,14.35
D,DISPATCH,UNIT_SCADA,1,"2019/09/05 17:05:00",COLEASF1,54.10
D,DISPATCH,UNIT_SCADA,1,"2019/09/05 17:05:00",COOPGWF1,3.273720
D,DISPATCH,UNIT_SCADA,1,"2019/09/05 17:05:00",CPP_3,406.175020
D,DISPATCH,UNIT_SCADA,1,"2019/09/05 17:05:00",CPP_4,406.450010
D,DISPATCH,UNIT_SCADA,1,"2019/09/05 17:05:00",CPSA,75.876880
D,DISPATCH,UNIT_SCADA,1,"2019/09/05 17:05:00",CROOKWF2,0
D,DISPATCH,UNIT_SCADA,1,"2019/09/05 17:05:00",CROWLWF1,5.761790
D,DISPATCH,UNIT_SCADA,1,"2019/09/05 17:05:00",CSPVPS1,7.2220
D,DISPATCH,UNIT_SCADA,1,"2019/09/05 17:05:00",DALNTH01,0
D,DISPATCH,UNIT_SCADA,1,"2019/09/05 17:05:00",DALNTHL1,0.093080
D,DISPATCH,UNIT_SCADA,1,"2019/09/05 17:05:00",DARTM1,133.50
D,DISPATCH,UNIT_SCADA,1,"2019/09/05 17:05:00",DAYDSF1,65.696010
D,DISPATCH,UNIT_SCADA,1,"2019/09/05 17:05:00",DDPS1,488.184270
D,DISPATCH,UNIT_SCADA,1,"2019/09/05 17:05:00",DDSF1,14.9673
D,DISPATCH,UNIT_SCADA,1,"2019/09/05 17:05:00",DEVILS_G,63.512680
D,DISPATCH,UNIT_SCADA,1,"2019/09/05 17:05:00",DG_NSW1,0
D,DISPATCH,UNIT_SCADA,1,"2019/09/05 17:05:00",DG_QLD1,0
D,DISPATCH,UNIT_SCADA,1,"2019/09/05 17:05:00",DG_SA1,0
D,DISPATCH,UNIT_SCADA,1,"2019/09/05 17:05:00",DG_TAS1,0
D,DISPATCH,UNIT_SCADA,1,"2019/09/05 17:05:00",DG_VIC1,0
D,DISPATCH,UNIT_SCADA,1,"2019/09/05 17:05:00",DRYCGT1,0
D,DISPATCH,UNIT_SCADA,1,"2019/09/05 17:05:00",DRYCGT2,0
D,DISPATCH,UNIT_SCADA,1,"2019/09/05 17:05:00",DRYCGT3,0
D,DISPATCH,UNIT_SCADA,1,"2019/09/05 17:05:00",EILDON1,0
D,DISPATCH,UNIT_SCADA,1,"2019/09/05 17:05:00",EILDON2,0
D,DISPATCH,UNIT_SCADA,1,"2019/09/05 17:05:00",EMERASF1,25.29
D,DISPATCH,UNIT_SCADA,1,"2019/09/05 17:05:00",ER01,567.675050
D,DISPATCH,UNIT_SCADA,1,"2019/09/05 17:05:00",ER02,358.199950
D,DISPATCH,UNIT_SCADA,1,"2019/09/05 17:05:00",ER03,0
D,DISPATCH,UNIT_SCADA,1,"2019/09/05 17:05:00",ER04,671.199950
D,DISPATCH,UNIT_SCADA,1,"2019/09/05 17:05:00",FINLYSF1,16.862520
D,DISPATCH,UNIT_SCADA,1,"2019/09/05 17:05:00",FISHER,45.86
D,DISPATCH,UNIT_SCADA,1,"2019/09/05 17:05:00",GANNBG1,0
D,DISPATCH,UNIT_SCADA,1,"2019/09/05 17:05:00",GANNBL1,9.355770
D,DISPATCH,UNIT_SCADA,1,"2019/09/05 17:05:00",GANNSF1,25
D,DISPATCH,UNIT_SCADA,1,"2019/09/05 17:05:00",GORDON,19.8604
D,DISPATCH,UNIT_SCADA,1,"2019/09/05 17:05:00",GSTONE1,183.5750
D,DISPATCH,UNIT_SCADA,1,"2019/09/05 17:05:00",GSTONE2,177.6250
D,DISPATCH,UNIT_SCADA,1,"2019/09/05 17:05:00",GSTONE3,0
D,DISPATCH,UNIT_SCADA,1,"2019/09/05 17:05:00",GSTONE4,207.3750
D,DISPATCH,UNIT_SCADA,1,"2019/09/05 17:05:00",GSTONE5,182.70
D,DISPATCH,UNIT_SCADA,1,"2019/09/05 17:05:00",GSTONE6,183.75
D,DISPATCH,UNIT_SCADA,1,"2019/09/05 17:05:00",GULLRSF1,0.788450
D,DISPATCH,UNIT_SCADA,1,"2019/09/05 17:05:00",GULLRWF1,0
D,DISPATCH,UNIT_SCADA,1,"2019/09/05 17:05:00",GUNNING1,-0.316260
D,DISPATCH,UNIT_SCADA,1,"2019/09/05 17:05:00",GUTHEGA,0
D,DISPATCH,UNIT_SCADA,1,"2019/09/05 17:05:00",HALLWF1,67.72
D,DISPATCH,UNIT_SCADA,1,"2019/09/05 17:05:00",HALLWF2,64.42
D,DISPATCH,UNIT_SCADA,1,"2019/09/05 17:05:00",HAMISF1,22.90
D,DISPATCH,UNIT_SCADA,1,"2019/09/05 17:05:00",HAUGHT11,57.333760
D,DISPATCH,UNIT_SCADA,1,"2019/09/05 17:05:00",HAYMSF1,22.0790
D,DISPATCH,UNIT_SCADA,1,"2019/09/05 17:05:00",HDWF1,39
D,DISPATCH,UNIT_SCADA,1,"2019/09/05 17:05:00",HDWF2,29.60
D,DISPATCH,UNIT_SCADA,1,"2019/09/05 17:05:00",HDWF3,34
D,DISPATCH,UNIT_SCADA,1,"2019/09/05 17:05:00",HPRG1,23.10
D,DISPATCH,UNIT_SCADA,1,"2019/09/05 17:05:00",HPRL1,0
D,DISPATCH,UNIT_SCADA,1,"2019/09/05 17:05:00",HUMENSW,0
D,DISPATCH,UNIT_SCADA,1,"2019/09/05 17:05:00",HUMEV,25.20
D,DISPATCH,UNIT_SCADA,1,"2019/09/05 17:05:00",HVGTS,0
D,DISPATCH,UNIT_SCADA,1,"2019/09/05 17:05:00",JBUTTERS,20.02
D,DISPATCH,UNIT_SCADA,1,"2019/09/05 17:05:00",JLA01,0.10
D,DISPATCH,UNIT_SCADA,1,"2019/09/05 17:05:00",JLA02,0
D,DISPATCH,UNIT_SCADA,1,"2019/09/05 17:05:00",JLA03,0
D,DISPATCH,UNIT_SCADA,1,"2019/09/05 17:05:00",JLA04,0
D,DISPATCH,UNIT_SCADA,1,"2019/09/05 17:05:00",JLB01,0
D,DISPATCH,UNIT_SCADA,1,"2019/09/05 17:05:00",JLB02,29.90
D,DISPATCH,UNIT_SCADA,1,"2019/09/05 17:05:00",JLB03,29.60
D,DISPATCH,UNIT_SCADA,1,"2019/09/05 17:05:00",KAREEYA1,21.5525
D,DISPATCH,UNIT_SCADA,1,"2019/09/05 17:05:00",KAREEYA2,21.82
D,DISPATCH,UNIT_SCADA,1,"2019/09/05 17:05:00",KAREEYA3,0
D,DISPATCH,UNIT_SCADA,1,"2019/09/05 17:05:00",KAREEYA4,21.6150
D,DISPATCH,UNIT_SCADA,1,"2019/09/05 17:05:00",KARSF1,42.50
D,DISPATCH,UNIT_SCADA,1,"2019/09/05 17:05:00",KIATAWF1,15.30
D,DISPATCH,UNIT_SCADA,1,"2019/09/05 17:05:00",KPP_1,0
D,DISPATCH,UNIT_SCADA,1,"2019/09/05 17:05:00",KSP1,34.46
D,DISPATCH,UNIT_SCADA,1,"2019/09/05 17:05:00",LADBROK1,0
D,DISPATCH,UNIT_SCADA,1,"2019/09/05 17:05:00",LADBROK2,0
D,DISPATCH,UNIT_SCADA,1,"2019/09/05 17:05:00",LD01,412.631290
D,DISPATCH,UNIT_SCADA,1,"2019/09/05 17:05:00",LD02,397.012480
D,DISPATCH,UNIT_SCADA,1,"2019/09/05 17:05:00",LD03,418.237520
D,DISPATCH,UNIT_SCADA,1,"2019/09/05 17:05:00",LD04,376.593720
D,DISPATCH,UNIT_SCADA,1,"2019/09/05 17:05:00",LEM_WIL,85.261050
D,DISPATCH,UNIT_SCADA,1,"2019/09/05 17:05:00",LGAPWF1,6.95
D,DISPATCH,UNIT_SCADA,1,"2019/09/05 17:05:00",LILYSF1,27.000830
D,DISPATCH,UNIT_SCADA,1,"2019/09/05 17:05:00",LI_WY_CA,133.701510
D,DISPATCH,UNIT_SCADA,1,"2019/09/05 17:05:00",LKBONNY2,61.215510
D,DISPATCH,UNIT_SCADA,1,"2019/09/05 17:05:00",LKBONNY3,15.741810
D,DISPATCH,UNIT_SCADA,1,"2019/09/05 17:05:00",LK_ECHO,0
D,DISPATCH,UNIT_SCADA,1,"2019/09/05 17:05:00",LNGS1,0
D,DISPATCH,UNIT_SCADA,1,"2019/09/05 17:05:00",LNGS2,0
D,DISPATCH,UNIT_SCADA,1,"2019/09/05 17:05:00",LONSDALE,0
D,DISPATCH,UNIT_SCADA,1,"2019/09/05 17:05:00",LOYYB1,536.840520
D,DISPATCH,UNIT_SCADA,1,"2019/09/05 17:05:00",LOYYB2,581.202510
D,DISPATCH,UNIT_SCADA,1,"2019/09/05 17:05:00",LYA1,0
D,DISPATCH,UNIT_SCADA,1,"2019/09/05 17:05:00",LYA2,0
D,DISPATCH,UNIT_SCADA,1,"2019/09/05 17:05:00",LYA3,559
D,DISPATCH,UNIT_SCADA,1,"2019/09/05 17:05:00",LYA4,541
D,DISPATCH,UNIT_SCADA,1,"2019/09/05 17:05:00",MACARTH1,91.097890
D,DISPATCH,UNIT_SCADA,1,"2019/09/05 17:05:00",MACKAYGT,0.2240
D,DISPATCH,UNIT_SCADA,1,"2019/09/05 17:05:00",MACKNTSH,88.960010
D,DISPATCH,UNIT_SCADA,1,"2019/09/05 17:05:00",MANSLR1,13.7890
D,DISPATCH,UNIT_SCADA,1,"2019/09/05 17:05:00",MCKAY1,-0.0350
D,DISPATCH,UNIT_SCADA,1,"2019/09/05 17:05:00",MEADOWBK,33.781560
D,DISPATCH,UNIT_SCADA,1,"2019/09/05 17:05:00",MERCER01,8.4410
D,DISPATCH,UNIT_SCADA,1,"2019/09/05 17:05:00",MEWF1,30.531580
D,DISPATCH,UNIT_SCADA,1,"2019/09/05 17:05:00",MINTARO,0
D,DISPATCH,UNIT_SCADA,1,"2019/09/05 17:05:00",MOREESF1,18.0660
D,DISPATCH,UNIT_SCADA,1,"2019/09/05 17:05:00",MORTLK11,259
D,DISPATCH,UNIT_SCADA,1,"2019/09/05 17:05:00",MORTLK12,0
D,DISPATCH,UNIT_SCADA,1,"2019/09/05 17:05:00",MP1,218.500060
D,DISPATCH,UNIT_SCADA,1,"2019/09/05 17:05:00",MP2,0
D,DISPATCH,UNIT_SCADA,1,"2019/09/05 17:05:00",MPP_1,405
D,DISPATCH,UNIT_SCADA,1,"2019/09/05 17:05:00",MPP_2,434.75
D,DISPATCH,UNIT_SCADA,1,"2019/09/05 17:05:00",MSTUART1,0
D,DISPATCH,UNIT_SCADA,1,"2019/09/05 17:05:00",MSTUART2,0
D,DISPATCH,UNIT_SCADA,1,"2019/09/05 17:05:00",MSTUART3,0
D,DISPATCH,UNIT_SCADA,1,"2019/09/05 17:05:00",MTGELWF1,38.160340
D,DISPATCH,UNIT_SCADA,1,"2019/09/05 17:05:00",MURRAY,0
D,DISPATCH,UNIT_SCADA,1,"2019/09/05 17:05:00",MUSSELR1,16.20
D,DISPATCH,UNIT_SCADA,1,"2019/09/05 17:05:00",MUWAWF1,17.67
D,DISPATCH,UNIT_SCADA,1,"2019/09/05 17:05:00",NBHWF1,77.50
D,DISPATCH,UNIT_SCADA,1,"2019/09/05 17:05:00",NPS,300
D,DISPATCH,UNIT_SCADA,1,"2019/09/05 17:05:00",NUMURSF1,35.28
D,DISPATCH,UNIT_SCADA,1,"2019/09/05 17:05:00",NYNGAN1,19.25
D,DISPATCH,UNIT_SCADA,1,"2019/09/05 17:05:00",OAKEY1,0
D,DISPATCH,UNIT_SCADA,1,"2019/09/05 17:05:00",OAKEY1SF,5.53
D,DISPATCH,UNIT_SCADA,1,"2019/09/05 17:05:00",OAKEY2,0
D,DISPATCH,UNIT_SCADA,1,"2019/09/05 17:05:00",OAKEY2SF,0
D,DISPATCH,UNIT_SCADA,1,"2019/09/05 17:05:00",OAKLAND1,56.30
D,DISPATCH,UNIT_SCADA,1,"2019/09/05 17:05:00",OSB-AG,139.12
D,DISPATCH,UNIT_SCADA,1,"2019/09/05 17:05:00",PARSF1,22
D,DISPATCH,UNIT_SCADA,1,"2019/09/05 17:05:00",POAT110,0
D,DISPATCH,UNIT_SCADA,1,"2019/09/05 17:05:00",POAT220,0
D,DISPATCH,UNIT_SCADA,1,"2019/09/05 17:05:00",POR01,0
D,DISPATCH,UNIT_SCADA,1,"2019/09/05 17:05:00",POR03,0
D,DISPATCH,UNIT_SCADA,1,"2019/09/05 17:05:00",PPCCGT,184.960980
D,DISPATCH,UNIT_SCADA,1,"2019/09/05 17:05:00",PTSTAN1,0
D,DISPATCH,UNIT_SCADA,1,"2019/09/05 17:05:00",PUMP1,0
D,DISPATCH,UNIT_SCADA,1,"2019/09/05 17:05:00",PUMP2,0
D,DISPATCH,UNIT_SCADA,1,"2019/09/05 17:05:00",QPS1,0
D,DISPATCH,UNIT_SCADA,1,"2019/09/05 17:05:00",QPS2,0
D,DISPATCH,UNIT_SCADA,1,"2019/09/05 17:05:00",QPS3,0
D,DISPATCH,UNIT_SCADA,1,"2019/09/05 17:05:00",QPS4,0
D,DISPATCH,UNIT_SCADA,1,"2019/09/05 17:05:00",QPS5,0
D,DISPATCH,UNIT_SCADA,1,"2019/09/05 17:05:00",REECE1,115.220010
D,DISPATCH,UNIT_SCADA,1,"2019/09/05 17:05:00",REECE2,117.530010
D,DISPATCH,UNIT_SCADA,1,"2019/09/05 17:05:00",ROMA_7,0
D,DISPATCH,UNIT_SCADA,1,"2019/09/05 17:05:00",ROMA_8,0
D,DISPATCH,UNIT_SCADA,1,"2019/09/05 17:05:00",RRSF1,41.043260
D,DISPATCH,UNIT_SCADA,1,"2019/09/05 17:05:00",RT_NSW1,0
D,DISPATCH,UNIT_SCADA,1,"2019/09/05 17:05:00",RT_NSW2,0
D,DISPATCH,UNIT_SCADA,1,"2019/09/05 17:05:00",RT_NSW3,0
D,DISPATCH,UNIT_SCADA,1,"2019/09/05 17:05:00",RT_NSW4,0
D,DISPATCH,UNIT_SCADA,1,"2019/09/05 17:05:00",RT_NSW5,0
D,DISPATCH,UNIT_SCADA,1,"2019/09/05 17:05:00",RT_NSW6,0
D,DISPATCH,UNIT_SCADA,1,"2019/09/05 17:05:00",RT_QLD1,0
D,DISPATCH,UNIT_SCADA,1,"2019/09/05 17:05:00",RT_SA1,0
D,DISPATCH,UNIT_SCADA,1,"2019/09/05 17:05:00",RT_SA2,0
D,DISPATCH,UNIT_SCADA,1,"2019/09/05 17:05:00",RT_SA3,0
D,DISPATCH,UNIT_SCADA,1,"2019/09/05 17:05:00",RT_SA4,0
D,DISPATCH,UNIT_SCADA,1,"2019/09/05 17:05:00",RT_SA5,0
D,DISPATCH,UNIT_SCADA,1,"2019/09/05 17:05:00",RT_SA6,0
D,DISPATCH,UNIT_SCADA,1,"2019/09/05 17:05:00",RT_TAS1,0
D,DISPATCH,UNIT_SCADA,1,"2019/09/05 17:05:00",RT_VIC1,0
D,DISPATCH,UNIT_SCADA,1,"2019/09/05 17:05:00",RT_VIC10,0
D,DISPATCH,UNIT_SCADA,1,"2019/09/05 17:05:00",RT_VIC11,0
D,DISPATCH,UNIT_SCADA,1,"2019/09/05 17:05:00",RT_VIC12,0
D,DISPATCH,UNIT_SCADA,1,"2019/09/05 17:05:00",RT_VIC2,0
D,DISPATCH,UNIT_SCADA,1,"2019/09/05 17:05:00",RT_VIC3,0
D,DISPATCH,UNIT_SCADA,1,"2019/09/05 17:05:00",RT_VIC4,0
D,DISPATCH,UNIT_SCADA,1,"2019/09/05 17:05:00",RT_VIC5,0
D,DISPATCH,UNIT_SCADA,1,"2019/09/05 17:05:00",RT_VIC6,0
D,DISPATCH,UNIT_SCADA,1,"2019/09/05 17:05:00",RT_VIC7,0
D,DISPATCH,UNIT_SCADA,1,"2019/09/05 17:05:00",RT_VIC8,0
D,DISPATCH,UNIT_SCADA,1,"2019/09/05 17:05:00",RT_VIC9,0
D,DISPATCH,UNIT_SCADA,1,"2019/09/05 17:05:00",RUGBYR1,33.8391
D,DISPATCH,UNIT_SCADA,1,"2019/09/05 17:05:00",SALTCRK1,26.47
D,DISPATCH,UNIT_SCADA,1,"2019/09/05 17:05:00",SAPHWF1,78.581240
D,DISPATCH,UNIT_SCADA,1,"2019/09/05 17:05:00",SHGEN,0
D,DISPATCH,UNIT_SCADA,1,"2019/09/05 17:05:00",SHPUMP,0
D,DISPATCH,UNIT_SCADA,1,"2019/09/05 17:05:00",SITHE01,0.1840
D,DISPATCH,UNIT_SCADA,1,"2019/09/05 17:05:00",SMCSF1,19.1892
D,DISPATCH,UNIT_SCADA,1,"2019/09/05 17:05:00",SNOWNTH1,57
D,DISPATCH,UNIT_SCADA,1,"2019/09/05 17:05:00",SNOWSTH1,75
D,DISPATCH,UNIT_SCADA,1,"2019/09/05 17:05:00",SNOWTWN1,47.951610
D,DISPATCH,UNIT_SCADA,1,"2019/09/05 17:05:00",SNOWYP,0
D,DISPATCH,UNIT_SCADA,1,"2019/09/05 17:05:00",SNUG1,0.019440
D,DISPATCH,UNIT_SCADA,1,"2019/09/05 17:05:00",SRSF1,8.75
D,DISPATCH,UNIT_SCADA,1,"2019/09/05 17:05:00",STAN-1,339.107730
D,DISPATCH,UNIT_SCADA,1,"2019/09/05 17:05:00",STAN-2,254.664050
D,DISPATCH,UNIT_SCADA,1,"2019/09/05 17:05:00",STAN-3,223.939790
D,DISPATCH,UNIT_SCADA,1,"2019/09/05 17:05:00",STAN-4,222.029940
D,DISPATCH,UNIT_SCADA,1,"2019/09/05 17:05:00",STWF1,0
D,DISPATCH,UNIT_SCADA,1,"2019/09/05 17:05:00",SWAN_E,0
D,DISPATCH,UNIT_SCADA,1,"2019/09/05 17:05:00",TALWA1,413
D,DISPATCH,UNIT_SCADA,1,"2019/09/05 17:05:00",TARALGA1,0
D,DISPATCH,UNIT_SCADA,1,"2019/09/05 17:05:00",TARONG#1,348.300020
D,DISPATCH,UNIT_SCADA,1,"2019/09/05 17:05:00",TARONG#2,0
D,DISPATCH,UNIT_SCADA,1,"2019/09/05 17:05:00",TARONG#3,349.300020
D,DISPATCH,UNIT_SCADA,1,"2019/09/05 17:05:00",TARONG#4,349.899990
D,DISPATCH,UNIT_SCADA,1,"2019/09/05 17:05:00",TARRALEA,74
D,DISPATCH,UNIT_SCADA,1,"2019/09/05 17:05:00",TBSF1,-0.10
D,DISPATCH,UNIT_SCADA,1,"2019/09/05 17:05:00",TNPS1,379.000030
D,DISPATCH,UNIT_SCADA,1,"2019/09/05 17:05:00",TORRA1,72.845720
D,DISPATCH,UNIT_SCADA,1,"2019/09/05 17:05:00",TORRA2,0
D,DISPATCH,UNIT_SCADA,1,"2019/09/05 17:05:00",TORRA3,0
D,DISPATCH,UNIT_SCADA,1,"2019/09/05 17:05:00",TORRA4,54.768640
D,DISPATCH,UNIT_SCADA,1,"2019/09/05 17:05:00",TORRB1,68.65
D,DISPATCH,UNIT_SCADA,1,"2019/09/05 17:05:00",TORRB2,68.43
D,DISPATCH,UNIT_SCADA,1,"2019/09/05 17:05:00",TORRB3,66.82
D,DISPATCH,UNIT_SCADA,1,"2019/09/05 17:05:00",TORRB4,0
D,DISPATCH,UNIT_SCADA,1,"2019/09/05 17:05:00",TREVALLN,90.550030
D,DISPATCH,UNIT_SCADA,1,"2019/09/05 17:05:00",TRIBUTE,0
D,DISPATCH,UNIT_SCADA,1,"2019/09/05 17:05:00",TUMUT3,129.400010
D,DISPATCH,UNIT_SCADA,1,"2019/09/05 17:05:00",TUNGATIN,29.360030
D,DISPATCH,UNIT_SCADA,1,"2019/09/05 17:05:00",TVCC201,0
D,DISPATCH,UNIT_SCADA,1,"2019/09/05 17:05:00",TVPP104,0
D,DISPATCH,UNIT_SCADA,1,"2019/09/05 17:05:00",UPPTUMUT,507.754520
D,DISPATCH,UNIT_SCADA,1,"2019/09/05 17:05:00",URANQ11,106.718750
D,DISPATCH,UNIT_SCADA,1,"2019/09/05 17:05:00",URANQ12,106.643740
D,DISPATCH,UNIT_SCADA,1,"2019/09/05 17:05:00",URANQ13,106.824980
D,DISPATCH,UNIT_SCADA,1,"2019/09/05 17:05:00",URANQ14,0
D,DISPATCH,UNIT_SCADA,1,"2019/09/05 17:05:00",VP5,518.424990
D,DISPATCH,UNIT_SCADA,1,"2019/09/05 17:05:00",VP6,0
D,DISPATCH,UNIT_SCADA,1,"2019/09/05 17:05:00",VPGS1,0
D,DISPATCH,UNIT_SCADA,1,"2019/09/05 17:05:00",VPGS2,0
D,DISPATCH,UNIT_SCADA,1,"2019/09/05 17:05:00",VPGS3,0
D,DISPATCH,UNIT_SCADA,1,"2019/09/05 17:05:00",VPGS4,0
D,DISPATCH,UNIT_SCADA,1,"2019/09/05 17:05:00",VPGS5,0
D,DISPATCH,UNIT_SCADA,1,"2019/09/05 17:05:00",VPGS6,0
D,DISPATCH,UNIT_SCADA,1,"2019/09/05 17:05:00",W/HOE#1,0
D,DISPATCH,UNIT_SCADA,1,"2019/09/05 17:05:00",W/HOE#2,0
D,DISPATCH,UNIT_SCADA,1,"2019/09/05 17:05:00",WATERLWF,115.20
D,DISPATCH,UNIT_SCADA,1,"2019/09/05 17:05:00",WEMENSF1,40.10
D,DISPATCH,UNIT_SCADA,1,"2019/09/05 17:05:00",WGWF1,65.60
D,DISPATCH,UNIT_SCADA,1,"2019/09/05 17:05:00",WHITSF1,20.80
D,DISPATCH,UNIT_SCADA,1,"2019/09/05 17:05:00",WKIEWA1,0
D,DISPATCH,UNIT_SCADA,1,"2019/09/05 17:05:00",WKIEWA2,0.10
D,DISPATCH,UNIT_SCADA,1,"2019/09/05 17:05:00",WOODLWN1,0
D,DISPATCH,UNIT_SCADA,1,"2019/09/05 17:05:00",WRSF1,2.16
D,DISPATCH,UNIT_SCADA,1,"2019/09/05 17:05:00",WRWF1,54.43
D,DISPATCH,UNIT_SCADA,1,"2019/09/05 17:05:00",YABULU,83.430010
D,DISPATCH,UNIT_SCADA,1,"2019/09/05 17:05:00",YABULU2,0
D,DISPATCH,UNIT_SCADA,1,"2019/09/05 17:05:00",YARWUN_1,149.599990
D,DISPATCH,UNIT_SCADA,1,"2019/09/05 17:05:00",YENDWF1,4.58
D,DISPATCH,UNIT_SCADA,1,"2019/09/05 17:05:00",YWPS1,378.946840
D,DISPATCH,UNIT_SCADA,1,"2019/09/05 17:05:00",YWPS2,277.691130
D,DISPATCH,UNIT_SCADA,1,"2019/09/05 17:05:00",YWPS3,332.572140
D,DISPATCH,UNIT_SCADA,1,"2019/09/05 17:05:00",YWPS4,390.156950
C,"END OF REPORT",335
