C,NEMP.WORLD,DISPATCHSCADA,AEMO,PUBLIC,2019/08/21,08:15:10,0000000311818232,DISPATCHSCADA,0000000311818226
I,DISPATCH,UNIT_SCADA,1,SETTLEMENTDATE,DUID,SCADAVALUE
D,DISPATCH,UNIT_SCADA,1,"2019/08/21 08:20:00",BARCSF1,17.800001
D,DISPATCH,UNIT_SCADA,1,"2019/08/21 08:20:00",BUTLERSG,9.799998
D,DISPATCH,UNIT_SCADA,1,"2019/08/21 08:20:00",CALL_A_4,0
D,DISPATCH,UNIT_SCADA,1,"2019/08/21 08:20:00",CAPTL_WF,133.304001
D,DISPATCH,UNIT_SCADA,1,"2019/08/21 08:20:00",CATHROCK,37.029999
D,DISPATCH,UNIT_SCADA,1,"2019/08/21 08:20:00",CHALLHWF,32.700001
D,DISPATCH,UNIT_SCADA,1,"2019/08/21 08:20:00",CLOVER,-0.01
D,DISPATCH,UNIT_SCADA,1,"2019/08/21 08:20:00",CLUNY,20.130465
D,DISPATCH,UNIT_SCADA,1,"2019/08/21 08:20:00",CNUNDAWF,35.441345
D,DISPATCH,UNIT_SCADA,1,"2019/08/21 08:20:00",CULLRGWF,30.459999
D,DISPATCH,UNIT_SCADA,1,"2019/08/21 08:20:00",ERGT01,0
D,DISPATCH,UNIT_SCADA,1,"2019/08/21 08:20:00",GB01,0.057713
D,DISPATCH,UNIT_SCADA,1,"2019/08/21 08:20:00",GERMCRK,38.599998
D,DISPATCH,UNIT_SCADA,1,"2019/08/21 08:20:00",GRIFSF1,19.599998
D,DISPATCH,UNIT_SCADA,1,"2019/08/21 08:20:00",HUGSF1,8.848001
D,DISPATCH,UNIT_SCADA,1,"2019/08/21 08:20:00",LKBONNY1,57.336613
D,DISPATCH,UNIT_SCADA,1,"2019/08/21 08:20:00",LRSF1,12.544001
D,DISPATCH,UNIT_SCADA,1,"2019/08/21 08:20:00",MBAHNTH,55.856247
D,DISPATCH,UNIT_SCADA,1,"2019/08/21 08:20:00",MLSP1,5.087001
D,DISPATCH,UNIT_SCADA,1,"2019/08/21 08:20:00",MLWF1,18.764999
D,DISPATCH,UNIT_SCADA,1,"2019/08/21 08:20:00",MTMILLAR,18.067505
D,DISPATCH,UNIT_SCADA,1,"2019/08/21 08:20:00",PALOONA,26.74
D,DISPATCH,UNIT_SCADA,1,"2019/08/21 08:20:00",PIONEER,49.900002
D,DISPATCH,UNIT_SCADA,1,"2019/08/21 08:20:00",PORTWF,133.699997
D,DISPATCH,UNIT_SCADA,1,"2019/08/21 08:20:00",REPULSE,28.986649
D,DISPATCH,UNIT_SCADA,1,"2019/08/21 08:20:00",ROWALLAN,10.1885
D,DISPATCH,UNIT_SCADA,1,"2019/08/21 08:20:00",ROYALLA1,10.412001
D,DISPATCH,UNIT_SCADA,1,"2019/08/21 08:20:00",RPCG,10.70
D,DISPATCH,UNIT_SCADA,1,"2019/08/21 08:20:00",RUBICON,0
D,DISPATCH,UNIT_SCADA,1,"2019/08/21 08:20:00",SATGN1,0
D,DISPATCH,UNIT_SCADA,1,"2019/08/21 08:20:00",SATGS1,0
D,DISPATCH,UNIT_SCADA,1,"2019/08/21 08:20:00",STARHLWF,5.698339
D,DISPATCH,UNIT_SCADA,1,"2019/08/21 08:20:00",WAUBRAWF,179.929001
D,DISPATCH,UNIT_SCADA,1,"2019/08/21 08:20:00",WOOLNTH1,67.380020
D,DISPATCH,UNIT_SCADA,1,"2019/08/21 08:20:00",WPWF,25
D,DISPATCH,UNIT_SCADA,1,"2019/08/21 08:20:00",YAMBUKWF,29.60
D,DISPATCH,UNIT_SCADA,1,"2019/08/21 08:20:00",YSWF1,28.60
D,DISPATCH,UNIT_SCADA,1,"2019/08/21 08:20:00",AGLHAL,0
D,DISPATCH,UNIT_SCADA,1,"2019/08/21 08:20:00",AGLSOM,0
D,DISPATCH,UNIT_SCADA,1,"2019/08/21 08:20:00",ANGAST1,0
D,DISPATCH,UNIT_SCADA,1,"2019/08/21 08:20:00",ARWF1,141.70
D,DISPATCH,UNIT_SCADA,1,"2019/08/21 08:20:00",BALBG1,0
D,DISPATCH,UNIT_SCADA,1,"2019/08/21 08:20:00",BALBL1,0
D,DISPATCH,UNIT_SCADA,1,"2019/08/21 08:20:00",BALDHWF1,101.0820
D,DISPATCH,UNIT_SCADA,1,"2019/08/21 08:20:00",BANN1,8.14
D,DISPATCH,UNIT_SCADA,1,"2019/08/21 08:20:00",BARCALDN,0
D,DISPATCH,UNIT_SCADA,1,"2019/08/21 08:20:00",BARRON-1,0
D,DISPATCH,UNIT_SCADA,1,"2019/08/21 08:20:00",BARRON-2,28.64
D,DISPATCH,UNIT_SCADA,1,"2019/08/21 08:20:00",BASTYAN,79.500010
D,DISPATCH,UNIT_SCADA,1,"2019/08/21 08:20:00",BBTHREE1,-1.84
D,DISPATCH,UNIT_SCADA,1,"2019/08/21 08:20:00",BBTHREE2,-1.89
D,DISPATCH,UNIT_SCADA,1,"2019/08/21 08:20:00",BBTHREE3,0
D,DISPATCH,UNIT_SCADA,1,"2019/08/21 08:20:00",BDL01,42.72
D,DISPATCH,UNIT_SCADA,1,"2019/08/21 08:20:00",BDL02,42.72
D,DISPATCH,UNIT_SCADA,1,"2019/08/21 08:20:00",BERYLSF1,17.641970
D,DISPATCH,UNIT_SCADA,1,"2019/08/21 08:20:00",BLOWERNG,0
D,DISPATCH,UNIT_SCADA,1,"2019/08/21 08:20:00",BLUFF1,31.40
D,DISPATCH,UNIT_SCADA,1,"2019/08/21 08:20:00",BNGSF1,24.79
D,DISPATCH,UNIT_SCADA,1,"2019/08/21 08:20:00",BNGSF2,7.73
D,DISPATCH,UNIT_SCADA,1,"2019/08/21 08:20:00",BOCORWF1,67.33
D,DISPATCH,UNIT_SCADA,1,"2019/08/21 08:20:00",BODWF1,65.4413
D,DISPATCH,UNIT_SCADA,1,"2019/08/21 08:20:00",BRAEMAR1,0
D,DISPATCH,UNIT_SCADA,1,"2019/08/21 08:20:00",BRAEMAR2,0
D,DISPATCH,UNIT_SCADA,1,"2019/08/21 08:20:00",BRAEMAR3,0
D,DISPATCH,UNIT_SCADA,1,"2019/08/21 08:20:00",BRAEMAR5,0
D,DISPATCH,UNIT_SCADA,1,"2019/08/21 08:20:00",BRAEMAR6,0
D,DISPATCH,UNIT_SCADA,1,"2019/08/21 08:20:00",BRAEMAR7,0
D,DISPATCH,UNIT_SCADA,1,"2019/08/21 08:20:00",BROKENH1,16.793210
D,DISPATCH,UNIT_SCADA,1,"2019/08/21 08:20:00",BW01,640.8750
D,DISPATCH,UNIT_SCADA,1,"2019/08/21 08:20:00",BW02,629.650020
D,DISPATCH,UNIT_SCADA,1,"2019/08/21 08:20:00",BW03,636.650020
D,DISPATCH,UNIT_SCADA,1,"2019/08/21 08:20:00",BW04,0
D,DISPATCH,UNIT_SCADA,1,"2019/08/21 08:20:00",CALL_B_1,349.800020
D,DISPATCH,UNIT_SCADA,1,"2019/08/21 08:20:00",CALL_B_2,284.800020
D,DISPATCH,UNIT_SCADA,1,"2019/08/21 08:20:00",CETHANA,79.9825
D,DISPATCH,UNIT_SCADA,1,"2019/08/21 08:20:00",CG1,0
D,DISPATCH,UNIT_SCADA,1,"2019/08/21 08:20:00",CG2,0
D,DISPATCH,UNIT_SCADA,1,"2019/08/21 08:20:00",CG3,0
D,DISPATCH,UNIT_SCADA,1,"2019/08/21 08:20:00",CG4,0
D,DISPATCH,UNIT_SCADA,1,"2019/08/21 08:20:00",CHILDSF1,40.04
D,DISPATCH,UNIT_SCADA,1,"2019/08/21 08:20:00",CLARESF1,39.069690
D,DISPATCH,UNIT_SCADA,1,"2019/08/21 08:20:00",CLEMGPWF,0.504250
D,DISPATCH,UNIT_SCADA,1,"2019/08/21 08:20:00",CLERMSF1,15.04
D,DISPATCH,UNIT_SCADA,1,"2019/08/21 08:20:00",COLEASF1,31.40
D,DISPATCH,UNIT_SCADA,1,"2019/08/21 08:20:00",COOPGWF1,35.568970
D,DISPATCH,UNIT_SCADA,1,"2019/08/21 08:20:00",CPP_3,406.450010
D,DISPATCH,UNIT_SCADA,1,"2019/08/21 08:20:00",CPP_4,405.350010
D,DISPATCH,UNIT_SCADA,1,"2019/08/21 08:20:00",CPSA,142.689380
D,DISPATCH,UNIT_SCADA,1,"2019/08/21 08:20:00",CROOKWF2,87.7150
D,DISPATCH,UNIT_SCADA,1,"2019/08/21 08:20:00",CROWLWF1,36.526080
D,DISPATCH,UNIT_SCADA,1,"2019/08/21 08:20:00",CSPVPS1,18.4680
D,DISPATCH,UNIT_SCADA,1,"2019/08/21 08:20:00",DALNTH01,0
D,DISPATCH,UNIT_SCADA,1,"2019/08/21 08:20:00",DALNTHL1,0.077820
D,DISPATCH,UNIT_SCADA,1,"2019/08/21 08:20:00",DARTM1,132.399990
D,DISPATCH,UNIT_SCADA,1,"2019/08/21 08:20:00",DAYDSF1,104.0670
D,DISPATCH,UNIT_SCADA,1,"2019/08/21 08:20:00",DDPS1,0
D,DISPATCH,UNIT_SCADA,1,"2019/08/21 08:20:00",DDSF1,62.154750
D,DISPATCH,UNIT_SCADA,1,"2019/08/21 08:20:00",DEVILS_G,0
D,DISPATCH,UNIT_SCADA,1,"2019/08/21 08:20:00",DG_NSW1,0
D,DISPATCH,UNIT_SCADA,1,"2019/08/21 08:20:00",DG_QLD1,0
D,DISPATCH,UNIT_SCADA,1,"2019/08/21 08:20:00",DG_SA1,0
D,DISPATCH,UNIT_SCADA,1,"2019/08/21 08:20:00",DG_TAS1,0
D,DISPATCH,UNIT_SCADA,1,"2019/08/21 08:20:00",DG_VIC1,0
D,DISPATCH,UNIT_SCADA,1,"2019/08/21 08:20:00",DRYCGT1,0
D,DISPATCH,UNIT_SCADA,1,"2019/08/21 08:20:00",DRYCGT2,0
D,DISPATCH,UNIT_SCADA,1,"2019/08/21 08:20:00",DRYCGT3,0
D,DISPATCH,UNIT_SCADA,1,"2019/08/21 08:20:00",EILDON1,0
D,DISPATCH,UNIT_SCADA,1,"2019/08/21 08:20:00",EILDON2,0
D,DISPATCH,UNIT_SCADA,1,"2019/08/21 08:20:00",EMERASF1,54.17
D,DISPATCH,UNIT_SCADA,1,"2019/08/21 08:20:00",ER01,587.6001
D,DISPATCH,UNIT_SCADA,1,"2019/08/21 08:20:00",ER02,678.925050
D,DISPATCH,UNIT_SCADA,1,"2019/08/21 08:20:00",ER03,701.050050
D,DISPATCH,UNIT_SCADA,1,"2019/08/21 08:20:00",ER04,680.525020
D,DISPATCH,UNIT_SCADA,1,"2019/08/21 08:20:00",FINLYSF1,0.178870
D,DISPATCH,UNIT_SCADA,1,"2019/08/21 08:20:00",FISHER,45.95
D,DISPATCH,UNIT_SCADA,1,"2019/08/21 08:20:00",GANNBG1,8.224390
D,DISPATCH,UNIT_SCADA,1,"2019/08/21 08:20:00",GANNBL1,0
D,DISPATCH,UNIT_SCADA,1,"2019/08/21 08:20:00",GANNSF1,8.40
D,DISPATCH,UNIT_SCADA,1,"2019/08/21 08:20:00",GORDON,115.965350
D,DISPATCH,UNIT_SCADA,1,"2019/08/21 08:20:00",GSTONE1,192.6750
D,DISPATCH,UNIT_SCADA,1,"2019/08/21 08:20:00",GSTONE2,190.75
D,DISPATCH,UNIT_SCADA,1,"2019/08/21 08:20:00",GSTONE3,196.524990
D,DISPATCH,UNIT_SCADA,1,"2019/08/21 08:20:00",GSTONE4,195.649990
D,DISPATCH,UNIT_SCADA,1,"2019/08/21 08:20:00",GSTONE5,191.80
D,DISPATCH,UNIT_SCADA,1,"2019/08/21 08:20:00",GSTONE6,0
D,DISPATCH,UNIT_SCADA,1,"2019/08/21 08:20:00",GULLRSF1,3.153810
D,DISPATCH,UNIT_SCADA,1,"2019/08/21 08:20:00",GULLRWF1,161.7359
D,DISPATCH,UNIT_SCADA,1,"2019/08/21 08:20:00",GUNNING1,46.288940
D,DISPATCH,UNIT_SCADA,1,"2019/08/21 08:20:00",GUTHEGA,0
D,DISPATCH,UNIT_SCADA,1,"2019/08/21 08:20:00",HALLWF1,72.25
D,DISPATCH,UNIT_SCADA,1,"2019/08/21 08:20:00",HALLWF2,51.05
D,DISPATCH,UNIT_SCADA,1,"2019/08/21 08:20:00",HAMISF1,43.90
D,DISPATCH,UNIT_SCADA,1,"2019/08/21 08:20:00",HAUGHT11,50.032640
D,DISPATCH,UNIT_SCADA,1,"2019/08/21 08:20:00",HAYMSF1,38.8620
D,DISPATCH,UNIT_SCADA,1,"2019/08/21 08:20:00",HDWF1,44.70
D,DISPATCH,UNIT_SCADA,1,"2019/08/21 08:20:00",HDWF2,32.50
D,DISPATCH,UNIT_SCADA,1,"2019/08/21 08:20:00",HDWF3,49.60
D,DISPATCH,UNIT_SCADA,1,"2019/08/21 08:20:00",HPRG1,10.70
D,DISPATCH,UNIT_SCADA,1,"2019/08/21 08:20:00",HPRL1,0
D,DISPATCH,UNIT_SCADA,1,"2019/08/21 08:20:00",HUMENSW,0
D,DISPATCH,UNIT_SCADA,1,"2019/08/21 08:20:00",HUMEV,8.10
D,DISPATCH,UNIT_SCADA,1,"2019/08/21 08:20:00",HVGTS,0
D,DISPATCH,UNIT_SCADA,1,"2019/08/21 08:20:00",JBUTTERS,47.80
D,DISPATCH,UNIT_SCADA,1,"2019/08/21 08:20:00",JLA01,0.50
D,DISPATCH,UNIT_SCADA,1,"2019/08/21 08:20:00",JLA02,0
D,DISPATCH,UNIT_SCADA,1,"2019/08/21 08:20:00",JLA03,0.10
D,DISPATCH,UNIT_SCADA,1,"2019/08/21 08:20:00",JLA04,0.10
D,DISPATCH,UNIT_SCADA,1,"2019/08/21 08:20:00",JLB01,0
D,DISPATCH,UNIT_SCADA,1,"2019/08/21 08:20:00",JLB02,84.60
D,DISPATCH,UNIT_SCADA,1,"2019/08/21 08:20:00",JLB03,0
D,DISPATCH,UNIT_SCADA,1,"2019/08/21 08:20:00",KAREEYA1,21.4650
D,DISPATCH,UNIT_SCADA,1,"2019/08/21 08:20:00",KAREEYA2,21.8350
D,DISPATCH,UNIT_SCADA,1,"2019/08/21 08:20:00",KAREEYA3,0
D,DISPATCH,UNIT_SCADA,1,"2019/08/21 08:20:00",KAREEYA4,21.7450
D,DISPATCH,UNIT_SCADA,1,"2019/08/21 08:20:00",KARSF1,8.60
D,DISPATCH,UNIT_SCADA,1,"2019/08/21 08:20:00",KIATAWF1,30.50
D,DISPATCH,UNIT_SCADA,1,"2019/08/21 08:20:00",KPP_1,0
D,DISPATCH,UNIT_SCADA,1,"2019/08/21 08:20:00",KSP1,42.16
D,DISPATCH,UNIT_SCADA,1,"2019/08/21 08:20:00",LADBROK1,42.35
D,DISPATCH,UNIT_SCADA,1,"2019/08/21 08:20:00",LADBROK2,43.06
D,DISPATCH,UNIT_SCADA,1,"2019/08/21 08:20:00",LD01,414.543730
D,DISPATCH,UNIT_SCADA,1,"2019/08/21 08:20:00",LD02,416.981230
D,DISPATCH,UNIT_SCADA,1,"2019/08/21 08:20:00",LD03,421.1813
D,DISPATCH,UNIT_SCADA,1,"2019/08/21 08:20:00",LD04,378.075070
D,DISPATCH,UNIT_SCADA,1,"2019/08/21 08:20:00",LEM_WIL,85.9516
D,DISPATCH,UNIT_SCADA,1,"2019/08/21 08:20:00",LGAPWF1,9.75
D,DISPATCH,UNIT_SCADA,1,"2019/08/21 08:20:00",LILYSF1,88.080380
D,DISPATCH,UNIT_SCADA,1,"2019/08/21 08:20:00",LI_WY_CA,147.815050
D,DISPATCH,UNIT_SCADA,1,"2019/08/21 08:20:00",LKBONNY2,122.726840
D,DISPATCH,UNIT_SCADA,1,"2019/08/21 08:20:00",LKBONNY3,32.320950
D,DISPATCH,UNIT_SCADA,1,"2019/08/21 08:20:00",LK_ECHO,0
D,DISPATCH,UNIT_SCADA,1,"2019/08/21 08:20:00",LNGS1,0
D,DISPATCH,UNIT_SCADA,1,"2019/08/21 08:20:00",LNGS2,0
D,DISPATCH,UNIT_SCADA,1,"2019/08/21 08:20:00",LONSDALE,0
D,DISPATCH,UNIT_SCADA,1,"2019/08/21 08:20:00",LOYYB1,534.960750
D,DISPATCH,UNIT_SCADA,1,"2019/08/21 08:20:00",LOYYB2,581.202510
D,DISPATCH,UNIT_SCADA,1,"2019/08/21 08:20:00",LYA1,500
D,DISPATCH,UNIT_SCADA,1,"2019/08/21 08:20:00",LYA2,0
D,DISPATCH,UNIT_SCADA,1,"2019/08/21 08:20:00",LYA3,560
D,DISPATCH,UNIT_SCADA,1,"2019/08/21 08:20:00",LYA4,531
D,DISPATCH,UNIT_SCADA,1,"2019/08/21 08:20:00",MACARTH1,306.892910
D,DISPATCH,UNIT_SCADA,1,"2019/08/21 08:20:00",MACKAYGT,0
D,DISPATCH,UNIT_SCADA,1,"2019/08/21 08:20:00",MACKNTSH,25.16
D,DISPATCH,UNIT_SCADA,1,"2019/08/21 08:20:00",MANSLR1,2.6660
D,DISPATCH,UNIT_SCADA,1,"2019/08/21 08:20:00",MCKAY1,0.02
D,DISPATCH,UNIT_SCADA,1,"2019/08/21 08:20:00",MEADOWBK,34.0102
D,DISPATCH,UNIT_SCADA,1,"2019/08/21 08:20:00",MERCER01,129.6330
D,DISPATCH,UNIT_SCADA,1,"2019/08/21 08:20:00",MEWF1,110.374920
D,DISPATCH,UNIT_SCADA,1,"2019/08/21 08:20:00",MINTARO,0
D,DISPATCH,UNIT_SCADA,1,"2019/08/21 08:20:00",MOREESF1,49.1840
D,DISPATCH,UNIT_SCADA,1,"2019/08/21 08:20:00",MORTLK11,0
D,DISPATCH,UNIT_SCADA,1,"2019/08/21 08:20:00",MORTLK12,0
D,DISPATCH,UNIT_SCADA,1,"2019/08/21 08:20:00",MP1,279.599980
D,DISPATCH,UNIT_SCADA,1,"2019/08/21 08:20:00",MP2,0
D,DISPATCH,UNIT_SCADA,1,"2019/08/21 08:20:00",MPP_1,248
D,DISPATCH,UNIT_SCADA,1,"2019/08/21 08:20:00",MPP_2,435.25
D,DISPATCH,UNIT_SCADA,1,"2019/08/21 08:20:00",MSTUART1,0
D,DISPATCH,UNIT_SCADA,1,"2019/08/21 08:20:00",MSTUART2,0
D,DISPATCH,UNIT_SCADA,1,"2019/08/21 08:20:00",MSTUART3,0
D,DISPATCH,UNIT_SCADA,1,"2019/08/21 08:20:00",MTGELWF1,64.772480
D,DISPATCH,UNIT_SCADA,1,"2019/08/21 08:20:00",MURRAY,206.927170
D,DISPATCH,UNIT_SCADA,1,"2019/08/21 08:20:00",MUSSELR1,160.600010
D,DISPATCH,UNIT_SCADA,1,"2019/08/21 08:20:00",MUWAWF1,56.21
D,DISPATCH,UNIT_SCADA,1,"2019/08/21 08:20:00",NBHWF1,67.80
D,DISPATCH,UNIT_SCADA,1,"2019/08/21 08:20:00",NPS,0
D,DISPATCH,UNIT_SCADA,1,"2019/08/21 08:20:00",NUMURSF1,62.40
D,DISPATCH,UNIT_SCADA,1,"2019/08/21 08:20:00",NYNGAN1,44.25
D,DISPATCH,UNIT_SCADA,1,"2019/08/21 08:20:00",OAKEY1,0
D,DISPATCH,UNIT_SCADA,1,"2019/08/21 08:20:00",OAKEY1SF,0.7020
D,DISPATCH,UNIT_SCADA,1,"2019/08/21 08:20:00",OAKEY2,0
D,DISPATCH,UNIT_SCADA,1,"2019/08/21 08:20:00",OAKLAND1,62.60
D,DISPATCH,UNIT_SCADA,1,"2019/08/21 08:20:00",OSB-AG,0
D,DISPATCH,UNIT_SCADA,1,"2019/08/21 08:20:00",PARSF1,3.80
D,DISPATCH,UNIT_SCADA,1,"2019/08/21 08:20:00",POAT110,56.255360
D,DISPATCH,UNIT_SCADA,1,"2019/08/21 08:20:00",POAT220,171.372160
D,DISPATCH,UNIT_SCADA,1,"2019/08/21 08:20:00",POR01,0
D,DISPATCH,UNIT_SCADA,1,"2019/08/21 08:20:00",POR03,0
D,DISPATCH,UNIT_SCADA,1,"2019/08/21 08:20:00",PPCCGT,174.223310
D,DISPATCH,UNIT_SCADA,1,"2019/08/21 08:20:00",PTSTAN1,0
D,DISPATCH,UNIT_SCADA,1,"2019/08/21 08:20:00",PUMP1,0
D,DISPATCH,UNIT_SCADA,1,"2019/08/21 08:20:00",PUMP2,0
D,DISPATCH,UNIT_SCADA,1,"2019/08/21 08:20:00",QPS1,29
D,DISPATCH,UNIT_SCADA,1,"2019/08/21 08:20:00",QPS2,0
D,DISPATCH,UNIT_SCADA,1,"2019/08/21 08:20:00",QPS3,0
D,DISPATCH,UNIT_SCADA,1,"2019/08/21 08:20:00",QPS4,0
D,DISPATCH,UNIT_SCADA,1,"2019/08/21 08:20:00",QPS5,125.11
D,DISPATCH,UNIT_SCADA,1,"2019/08/21 08:20:00",REECE1,117.330010
D,DISPATCH,UNIT_SCADA,1,"2019/08/21 08:20:00",REECE2,116.150010
D,DISPATCH,UNIT_SCADA,1,"2019/08/21 08:20:00",ROMA_7,0
D,DISPATCH,UNIT_SCADA,1,"2019/08/21 08:20:00",ROMA_8,0
D,DISPATCH,UNIT_SCADA,1,"2019/08/21 08:20:00",RRSF1,86.464590
D,DISPATCH,UNIT_SCADA,1,"2019/08/21 08:20:00",RT_NSW1,0
D,DISPATCH,UNIT_SCADA,1,"2019/08/21 08:20:00",RT_NSW2,0
D,DISPATCH,UNIT_SCADA,1,"2019/08/21 08:20:00",RT_NSW3,0
D,DISPATCH,UNIT_SCADA,1,"2019/08/21 08:20:00",RT_NSW4,0
D,DISPATCH,UNIT_SCADA,1,"2019/08/21 08:20:00",RT_NSW5,0
D,DISPATCH,UNIT_SCADA,1,"2019/08/21 08:20:00",RT_NSW6,0
D,DISPATCH,UNIT_SCADA,1,"2019/08/21 08:20:00",RT_QLD1,0
D,DISPATCH,UNIT_SCADA,1,"2019/08/21 08:20:00",RT_SA1,0
D,DISPATCH,UNIT_SCADA,1,"2019/08/21 08:20:00",RT_SA2,0
D,DISPATCH,UNIT_SCADA,1,"2019/08/21 08:20:00",RT_SA3,0
D,DISPATCH,UNIT_SCADA,1,"2019/08/21 08:20:00",RT_SA4,0
D,DISPATCH,UNIT_SCADA,1,"2019/08/21 08:20:00",RT_SA5,0
D,DISPATCH,UNIT_SCADA,1,"2019/08/21 08:20:00",RT_SA6,0
D,DISPATCH,UNIT_SCADA,1,"2019/08/21 08:20:00",RT_TAS1,0
D,DISPATCH,UNIT_SCADA,1,"2019/08/21 08:20:00",RT_VIC1,0
D,DISPATCH,UNIT_SCADA,1,"2019/08/21 08:20:00",RT_VIC10,0
D,DISPATCH,UNIT_SCADA,1,"2019/08/21 08:20:00",RT_VIC11,0
D,DISPATCH,UNIT_SCADA,1,"2019/08/21 08:20:00",RT_VIC12,0
D,DISPATCH,UNIT_SCADA,1,"2019/08/21 08:20:00",RT_VIC2,0
D,DISPATCH,UNIT_SCADA,1,"2019/08/21 08:20:00",RT_VIC3,0
D,DISPATCH,UNIT_SCADA,1,"2019/08/21 08:20:00",RT_VIC4,0
D,DISPATCH,UNIT_SCADA,1,"2019/08/21 08:20:00",RT_VIC5,0
D,DISPATCH,UNIT_SCADA,1,"2019/08/21 08:20:00",RT_VIC6,0
D,DISPATCH,UNIT_SCADA,1,"2019/08/21 08:20:00",RT_VIC7,0
D,DISPATCH,UNIT_SCADA,1,"2019/08/21 08:20:00",RT_VIC8,0
D,DISPATCH,UNIT_SCADA,1,"2019/08/21 08:20:00",RT_VIC9,0
D,DISPATCH,UNIT_SCADA,1,"2019/08/21 08:20:00",RUGBYR1,45.328380
D,DISPATCH,UNIT_SCADA,1,"2019/08/21 08:20:00",SALTCRK1,52.49
D,DISPATCH,UNIT_SCADA,1,"2019/08/21 08:20:00",SAPHWF1,144.318760
D,DISPATCH,UNIT_SCADA,1,"2019/08/21 08:20:00",SHGEN,0
D,DISPATCH,UNIT_SCADA,1,"2019/08/21 08:20:00",SHPUMP,0
D,DISPATCH,UNIT_SCADA,1,"2019/08/21 08:20:00",SITHE01,0.043330
D,DISPATCH,UNIT_SCADA,1,"2019/08/21 08:20:00",SMCSF1,41.251990
D,DISPATCH,UNIT_SCADA,1,"2019/08/21 08:20:00",SNOWNTH1,54.30
D,DISPATCH,UNIT_SCADA,1,"2019/08/21 08:20:00",SNOWSTH1,60
D,DISPATCH,UNIT_SCADA,1,"2019/08/21 08:20:00",SNOWTWN1,33.442650
D,DISPATCH,UNIT_SCADA,1,"2019/08/21 08:20:00",SNOWYP,0
D,DISPATCH,UNIT_SCADA,1,"2019/08/21 08:20:00",SNUG1,0.019440
D,DISPATCH,UNIT_SCADA,1,"2019/08/21 08:20:00",SRSF1,35.57
D,DISPATCH,UNIT_SCADA,1,"2019/08/21 08:20:00",STAN-1,0
D,DISPATCH,UNIT_SCADA,1,"2019/08/21 08:20:00",STAN-2,280.914920
D,DISPATCH,UNIT_SCADA,1,"2019/08/21 08:20:00",STAN-3,278.633330
D,DISPATCH,UNIT_SCADA,1,"2019/08/21 08:20:00",STAN-4,278.338530
D,DISPATCH,UNIT_SCADA,1,"2019/08/21 08:20:00",STWF1,26.561250
D,DISPATCH,UNIT_SCADA,1,"2019/08/21 08:20:00",SWAN_E,0
D,DISPATCH,UNIT_SCADA,1,"2019/08/21 08:20:00",TALWA1,423
D,DISPATCH,UNIT_SCADA,1,"2019/08/21 08:20:00",TARALGA1,39.821240
D,DISPATCH,UNIT_SCADA,1,"2019/08/21 08:20:00",TARONG#1,310.300020
D,DISPATCH,UNIT_SCADA,1,"2019/08/21 08:20:00",TARONG#2,310.399990
D,DISPATCH,UNIT_SCADA,1,"2019/08/21 08:20:00",TARONG#3,260.300020
D,DISPATCH,UNIT_SCADA,1,"2019/08/21 08:20:00",TARONG#4,310.300020
D,DISPATCH,UNIT_SCADA,1,"2019/08/21 08:20:00",TARRALEA,74.90
D,DISPATCH,UNIT_SCADA,1,"2019/08/21 08:20:00",TBSF1,21.20
D,DISPATCH,UNIT_SCADA,1,"2019/08/21 08:20:00",TNPS1,442.000030
D,DISPATCH,UNIT_SCADA,1,"2019/08/21 08:20:00",TORRA1,53.840450
D,DISPATCH,UNIT_SCADA,1,"2019/08/21 08:20:00",TORRA2,0
D,DISPATCH,UNIT_SCADA,1,"2019/08/21 08:20:00",TORRA3,0
D,DISPATCH,UNIT_SCADA,1,"2019/08/21 08:20:00",TORRA4,0
D,DISPATCH,UNIT_SCADA,1,"2019/08/21 08:20:00",TORRB1,63.56
D,DISPATCH,UNIT_SCADA,1,"2019/08/21 08:20:00",TORRB2,73.04
D,DISPATCH,UNIT_SCADA,1,"2019/08/21 08:20:00",TORRB3,0
D,DISPATCH,UNIT_SCADA,1,"2019/08/21 08:20:00",TORRB4,0
D,DISPATCH,UNIT_SCADA,1,"2019/08/21 08:20:00",TREVALLN,69.200020
D,DISPATCH,UNIT_SCADA,1,"2019/08/21 08:20:00",TRIBUTE,21.43
D,DISPATCH,UNIT_SCADA,1,"2019/08/21 08:20:00",TUMUT3,0
D,DISPATCH,UNIT_SCADA,1,"2019/08/21 08:20:00",TUNGATIN,137.490020
D,DISPATCH,UNIT_SCADA,1,"2019/08/21 08:20:00",TVCC201,0
D,DISPATCH,UNIT_SCADA,1,"2019/08/21 08:20:00",TVPP104,57.865630
D,DISPATCH,UNIT_SCADA,1,"2019/08/21 08:20:00",UPPTUMUT,0
D,DISPATCH,UNIT_SCADA,1,"2019/08/21 08:20:00",URANQ11,0
D,DISPATCH,UNIT_SCADA,1,"2019/08/21 08:20:00",URANQ12,0
D,DISPATCH,UNIT_SCADA,1,"2019/08/21 08:20:00",URANQ13,0
D,DISPATCH,UNIT_SCADA,1,"2019/08/21 08:20:00",URANQ14,0
D,DISPATCH,UNIT_SCADA,1,"2019/08/21 08:20:00",VP5,504.099980
D,DISPATCH,UNIT_SCADA,1,"2019/08/21 08:20:00",VP6,518.275020
D,DISPATCH,UNIT_SCADA,1,"2019/08/21 08:20:00",VPGS1,0
D,DISPATCH,UNIT_SCADA,1,"2019/08/21 08:20:00",VPGS2,0
D,DISPATCH,UNIT_SCADA,1,"2019/08/21 08:20:00",VPGS3,0
D,DISPATCH,UNIT_SCADA,1,"2019/08/21 08:20:00",VPGS4,0
D,DISPATCH,UNIT_SCADA,1,"2019/08/21 08:20:00",VPGS5,0
D,DISPATCH,UNIT_SCADA,1,"2019/08/21 08:20:00",VPGS6,0
D,DISPATCH,UNIT_SCADA,1,"2019/08/21 08:20:00",W/HOE#1,0
D,DISPATCH,UNIT_SCADA,1,"2019/08/21 08:20:00",W/HOE#2,0
D,DISPATCH,UNIT_SCADA,1,"2019/08/21 08:20:00",WATERLWF,71
D,DISPATCH,UNIT_SCADA,1,"2019/08/21 08:20:00",WEMENSF1,6.80
D,DISPATCH,UNIT_SCADA,1,"2019/08/21 08:20:00",WGWF1,70.10
D,DISPATCH,UNIT_SCADA,1,"2019/08/21 08:20:00",WHITSF1,42.20
D,DISPATCH,UNIT_SCADA,1,"2019/08/21 08:20:00",WKIEWA1,11.40
D,DISPATCH,UNIT_SCADA,1,"2019/08/21 08:20:00",WKIEWA2,11.50
D,DISPATCH,UNIT_SCADA,1,"2019/08/21 08:20:00",WOODLWN1,44.8470
D,DISPATCH,UNIT_SCADA,1,"2019/08/21 08:20:00",WRSF1,12.42
D,DISPATCH,UNIT_SCADA,1,"2019/08/21 08:20:00",WRWF1,147.678730
D,DISPATCH,UNIT_SCADA,1,"2019/08/21 08:20:00",YABULU,0
D,DISPATCH,UNIT_SCADA,1,"2019/08/21 08:20:00",YABULU2,0
D,DISPATCH,UNIT_SCADA,1,"2019/08/21 08:20:00",YARWUN_1,0
D,DISPATCH,UNIT_SCADA,1,"2019/08/21 08:20:00",YENDWF1,41.87
D,DISPATCH,UNIT_SCADA,1,"2019/08/21 08:20:00",YWPS1,375.939240
D,DISPATCH,UNIT_SCADA,1,"2019/08/21 08:20:00",YWPS2,276.437990
D,DISPATCH,UNIT_SCADA,1,"2019/08/21 08:20:00",YWPS3,0
D,DISPATCH,UNIT_SCADA,1,"2019/08/21 08:20:00",YWPS4,392.1329
C,"END OF REPORT",334
