C,NEMP.WORLD,DISPATCHSCADA,AEMO,PUBLIC,2019/08/20,16:50:07,0000000311793772,DISPATCHSCADA,0000000311793766
I,DISPATCH,UNIT_SCADA,1,SETTLEMENTDATE,DUID,SCADAVALUE
D,DISPATCH,UNIT_SCADA,1,"2019/08/20 16:55:00",BARCSF1,14.60
D,DISPATCH,UNIT_SCADA,1,"2019/08/20 16:55:00",BUTLERSG,9.699999
D,DISPATCH,UNIT_SCADA,1,"2019/08/20 16:55:00",CALL_A_4,0
D,DISPATCH,UNIT_SCADA,1,"2019/08/20 16:55:00",CAPTL_WF,132.507996
D,DISPATCH,UNIT_SCADA,1,"2019/08/20 16:55:00",CATHROCK,47.129997
D,DISPATCH,UNIT_SCADA,1,"2019/08/20 16:55:00",CHALLHWF,36.799999
D,DISPATCH,UNIT_SCADA,1,"2019/08/20 16:55:00",CLOVER,-0.02
D,DISPATCH,UNIT_SCADA,1,"2019/08/20 16:55:00",CLUNY,17.792171
D,DISPATCH,UNIT_SCADA,1,"2019/08/20 16:55:00",CNUNDAWF,41.148003
D,DISPATCH,UNIT_SCADA,1,"2019/08/20 16:55:00",CULLRGWF,28.309999
D,DISPATCH,UNIT_SCADA,1,"2019/08/20 16:55:00",ERGT01,0
D,DISPATCH,UNIT_SCADA,1,"2019/08/20 16:55:00",GB01,0.070290
D,DISPATCH,UNIT_SCADA,1,"2019/08/20 16:55:00",GERMCRK,24.50
D,DISPATCH,UNIT_SCADA,1,"2019/08/20 16:55:00",GRIFSF1,4.400002
D,DISPATCH,UNIT_SCADA,1,"2019/08/20 16:55:00",HUGSF1,6.99
D,DISPATCH,UNIT_SCADA,1,"2019/08/20 16:55:00",LKBONNY1,78.056381
D,DISPATCH,UNIT_SCADA,1,"2019/08/20 16:55:00",LRSF1,10.452001
D,DISPATCH,UNIT_SCADA,1,"2019/08/20 16:55:00",MBAHNTH,52.856247
D,DISPATCH,UNIT_SCADA,1,"2019/08/20 16:55:00",MLSP1,1.884001
D,DISPATCH,UNIT_SCADA,1,"2019/08/20 16:55:00",MLWF1,19.665001
D,DISPATCH,UNIT_SCADA,1,"2019/08/20 16:55:00",MTMILLAR,34.765808
D,DISPATCH,UNIT_SCADA,1,"2019/08/20 16:55:00",PALOONA,8.13
D,DISPATCH,UNIT_SCADA,1,"2019/08/20 16:55:00",PIONEER,10.30
D,DISPATCH,UNIT_SCADA,1,"2019/08/20 16:55:00",PORTWF,137.100006
D,DISPATCH,UNIT_SCADA,1,"2019/08/20 16:55:00",REPULSE,29.050125
D,DISPATCH,UNIT_SCADA,1,"2019/08/20 16:55:00",ROWALLAN,9.9897
D,DISPATCH,UNIT_SCADA,1,"2019/08/20 16:55:00",ROYALLA1,1.0460
D,DISPATCH,UNIT_SCADA,1,"2019/08/20 16:55:00",RPCG,10.40
D,DISPATCH,UNIT_SCADA,1,"2019/08/20 16:55:00",RUBICON,0
D,DISPATCH,UNIT_SCADA,1,"2019/08/20 16:55:00",SATGN1,0
D,DISPATCH,UNIT_SCADA,1,"2019/08/20 16:55:00",SATGS1,0
D,DISPATCH,UNIT_SCADA,1,"2019/08/20 16:55:00",STARHLWF,30.391138
D,DISPATCH,UNIT_SCADA,1,"2019/08/20 16:55:00",WAUBRAWF,132.272003
D,DISPATCH,UNIT_SCADA,1,"2019/08/20 16:55:00",WOOLNTH1,68.060020
D,DISPATCH,UNIT_SCADA,1,"2019/08/20 16:55:00",WPWF,45
D,DISPATCH,UNIT_SCADA,1,"2019/08/20 16:55:00",YAMBUKWF,29.50
D,DISPATCH,UNIT_SCADA,1,"2019/08/20 16:55:00",YSWF1,28.60
D,DISPATCH,UNIT_SCADA,1,"2019/08/20 16:55:00",AGLHAL,0
D,DISPATCH,UNIT_SCADA,1,"2019/08/20 16:55:00",AGLSOM,-0.10
D,DISPATCH,UNIT_SCADA,1,"2019/08/20 16:55:00",ANGAST1,0
D,DISPATCH,UNIT_SCADA,1,"2019/08/20 16:55:00",ARWF1,75.30
D,DISPATCH,UNIT_SCADA,1,"2019/08/20 16:55:00",BALBG1,0.32
D,DISPATCH,UNIT_SCADA,1,"2019/08/20 16:55:00",BALBL1,0
D,DISPATCH,UNIT_SCADA,1,"2019/08/20 16:55:00",BALDHWF1,101.3490
D,DISPATCH,UNIT_SCADA,1,"2019/08/20 16:55:00",BANN1,10.06
D,DISPATCH,UNIT_SCADA,1,"2019/08/20 16:55:00",BARCALDN,0
D,DISPATCH,UNIT_SCADA,1,"2019/08/20 16:55:00",BARRON-1,0
D,DISPATCH,UNIT_SCADA,1,"2019/08/20 16:55:00",BARRON-2,24.72
D,DISPATCH,UNIT_SCADA,1,"2019/08/20 16:55:00",BASTYAN,77.400010
D,DISPATCH,UNIT_SCADA,1,"2019/08/20 16:55:00",BBTHREE1,-1.70
D,DISPATCH,UNIT_SCADA,1,"2019/08/20 16:55:00",BBTHREE2,-2.01
D,DISPATCH,UNIT_SCADA,1,"2019/08/20 16:55:00",BBTHREE3,0
D,DISPATCH,UNIT_SCADA,1,"2019/08/20 16:55:00",BDL01,0
D,DISPATCH,UNIT_SCADA,1,"2019/08/20 16:55:00",BDL02,0
D,DISPATCH,UNIT_SCADA,1,"2019/08/20 16:55:00",BERYLSF1,16.111310
D,DISPATCH,UNIT_SCADA,1,"2019/08/20 16:55:00",BLOWERNG,0
D,DISPATCH,UNIT_SCADA,1,"2019/08/20 16:55:00",BLUFF1,48.60
D,DISPATCH,UNIT_SCADA,1,"2019/08/20 16:55:00",BNGSF1,69.38
D,DISPATCH,UNIT_SCADA,1,"2019/08/20 16:55:00",BNGSF2,19.72
D,DISPATCH,UNIT_SCADA,1,"2019/08/20 16:55:00",BOCORWF1,110.78
D,DISPATCH,UNIT_SCADA,1,"2019/08/20 16:55:00",BODWF1,89.852890
D,DISPATCH,UNIT_SCADA,1,"2019/08/20 16:55:00",BRAEMAR1,0
D,DISPATCH,UNIT_SCADA,1,"2019/08/20 16:55:00",BRAEMAR2,106.000010
D,DISPATCH,UNIT_SCADA,1,"2019/08/20 16:55:00",BRAEMAR3,0
D,DISPATCH,UNIT_SCADA,1,"2019/08/20 16:55:00",BRAEMAR5,0
D,DISPATCH,UNIT_SCADA,1,"2019/08/20 16:55:00",BRAEMAR6,110.076030
D,DISPATCH,UNIT_SCADA,1,"2019/08/20 16:55:00",BRAEMAR7,0
D,DISPATCH,UNIT_SCADA,1,"2019/08/20 16:55:00",BROKENH1,21.196290
D,DISPATCH,UNIT_SCADA,1,"2019/08/20 16:55:00",BW01,506.25
D,DISPATCH,UNIT_SCADA,1,"2019/08/20 16:55:00",BW02,630.675050
D,DISPATCH,UNIT_SCADA,1,"2019/08/20 16:55:00",BW03,633.450070
D,DISPATCH,UNIT_SCADA,1,"2019/08/20 16:55:00",BW04,0
D,DISPATCH,UNIT_SCADA,1,"2019/08/20 16:55:00",CALL_B_1,349.899990
D,DISPATCH,UNIT_SCADA,1,"2019/08/20 16:55:00",CALL_B_2,294.700010
D,DISPATCH,UNIT_SCADA,1,"2019/08/20 16:55:00",CETHANA,94.292630
D,DISPATCH,UNIT_SCADA,1,"2019/08/20 16:55:00",CG1,0
D,DISPATCH,UNIT_SCADA,1,"2019/08/20 16:55:00",CG2,0
D,DISPATCH,UNIT_SCADA,1,"2019/08/20 16:55:00",CG3,0
D,DISPATCH,UNIT_SCADA,1,"2019/08/20 16:55:00",CG4,0
D,DISPATCH,UNIT_SCADA,1,"2019/08/20 16:55:00",CHILDSF1,11.22
D,DISPATCH,UNIT_SCADA,1,"2019/08/20 16:55:00",CLARESF1,22.338560
D,DISPATCH,UNIT_SCADA,1,"2019/08/20 16:55:00",CLEMGPWF,18.585030
D,DISPATCH,UNIT_SCADA,1,"2019/08/20 16:55:00",CLERMSF1,15.06
D,DISPATCH,UNIT_SCADA,1,"2019/08/20 16:55:00",COLEASF1,16.500010
D,DISPATCH,UNIT_SCADA,1,"2019/08/20 16:55:00",COOPGWF1,28.5374
D,DISPATCH,UNIT_SCADA,1,"2019/08/20 16:55:00",CPP_3,405.899990
D,DISPATCH,UNIT_SCADA,1,"2019/08/20 16:55:00",CPP_4,405.075010
D,DISPATCH,UNIT_SCADA,1,"2019/08/20 16:55:00",CPSA,143.703130
D,DISPATCH,UNIT_SCADA,1,"2019/08/20 16:55:00",CROOKWF2,70.483760
D,DISPATCH,UNIT_SCADA,1,"2019/08/20 16:55:00",CROWLWF1,41.811970
D,DISPATCH,UNIT_SCADA,1,"2019/08/20 16:55:00",CSPVPS1,9.8190
D,DISPATCH,UNIT_SCADA,1,"2019/08/20 16:55:00",DALNTH01,0
D,DISPATCH,UNIT_SCADA,1,"2019/08/20 16:55:00",DALNTHL1,0.062560
D,DISPATCH,UNIT_SCADA,1,"2019/08/20 16:55:00",DARTM1,132.80
D,DISPATCH,UNIT_SCADA,1,"2019/08/20 16:55:00",DAYDSF1,67.7450
D,DISPATCH,UNIT_SCADA,1,"2019/08/20 16:55:00",DDPS1,252.743770
D,DISPATCH,UNIT_SCADA,1,"2019/08/20 16:55:00",DDSF1,21.214210
D,DISPATCH,UNIT_SCADA,1,"2019/08/20 16:55:00",DEVILS_G,1.254920
D,DISPATCH,UNIT_SCADA,1,"2019/08/20 16:55:00",DG_NSW1,0
D,DISPATCH,UNIT_SCADA,1,"2019/08/20 16:55:00",DG_QLD1,0
D,DISPATCH,UNIT_SCADA,1,"2019/08/20 16:55:00",DG_SA1,0
D,DISPATCH,UNIT_SCADA,1,"2019/08/20 16:55:00",DG_TAS1,0
D,DISPATCH,UNIT_SCADA,1,"2019/08/20 16:55:00",DG_VIC1,0
D,DISPATCH,UNIT_SCADA,1,"2019/08/20 16:55:00",DRYCGT1,0
D,DISPATCH,UNIT_SCADA,1,"2019/08/20 16:55:00",DRYCGT2,0
D,DISPATCH,UNIT_SCADA,1,"2019/08/20 16:55:00",DRYCGT3,0
D,DISPATCH,UNIT_SCADA,1,"2019/08/20 16:55:00",EILDON1,0
D,DISPATCH,UNIT_SCADA,1,"2019/08/20 16:55:00",EILDON2,0
D,DISPATCH,UNIT_SCADA,1,"2019/08/20 16:55:00",EMERASF1,28.79
D,DISPATCH,UNIT_SCADA,1,"2019/08/20 16:55:00",ER01,463.049930
D,DISPATCH,UNIT_SCADA,1,"2019/08/20 16:55:00",ER02,465.200070
D,DISPATCH,UNIT_SCADA,1,"2019/08/20 16:55:00",ER03,698.949950
D,DISPATCH,UNIT_SCADA,1,"2019/08/20 16:55:00",ER04,468.025020
D,DISPATCH,UNIT_SCADA,1,"2019/08/20 16:55:00",FINLYSF1,0
D,DISPATCH,UNIT_SCADA,1,"2019/08/20 16:55:00",FISHER,46.06
D,DISPATCH,UNIT_SCADA,1,"2019/08/20 16:55:00",GANNBG1,1.928240
D,DISPATCH,UNIT_SCADA,1,"2019/08/20 16:55:00",GANNBL1,0
D,DISPATCH,UNIT_SCADA,1,"2019/08/20 16:55:00",GANNSF1,3.70
D,DISPATCH,UNIT_SCADA,1,"2019/08/20 16:55:00",GORDON,33.9080
D,DISPATCH,UNIT_SCADA,1,"2019/08/20 16:55:00",GSTONE1,176.9250
D,DISPATCH,UNIT_SCADA,1,"2019/08/20 16:55:00",GSTONE2,173.599990
D,DISPATCH,UNIT_SCADA,1,"2019/08/20 16:55:00",GSTONE3,166.25
D,DISPATCH,UNIT_SCADA,1,"2019/08/20 16:55:00",GSTONE4,169.9250
D,DISPATCH,UNIT_SCADA,1,"2019/08/20 16:55:00",GSTONE5,161.524990
D,DISPATCH,UNIT_SCADA,1,"2019/08/20 16:55:00",GSTONE6,0
D,DISPATCH,UNIT_SCADA,1,"2019/08/20 16:55:00",GULLRSF1,0.317410
D,DISPATCH,UNIT_SCADA,1,"2019/08/20 16:55:00",GULLRWF1,154.199430
D,DISPATCH,UNIT_SCADA,1,"2019/08/20 16:55:00",GUNNING1,40.202240
D,DISPATCH,UNIT_SCADA,1,"2019/08/20 16:55:00",GUTHEGA,0
D,DISPATCH,UNIT_SCADA,1,"2019/08/20 16:55:00",HALLWF1,87.72
D,DISPATCH,UNIT_SCADA,1,"2019/08/20 16:55:00",HALLWF2,66.22
D,DISPATCH,UNIT_SCADA,1,"2019/08/20 16:55:00",HAMISF1,25.90
D,DISPATCH,UNIT_SCADA,1,"2019/08/20 16:55:00",HAUGHT11,50.051070
D,DISPATCH,UNIT_SCADA,1,"2019/08/20 16:55:00",HAYMSF1,23.4970
D,DISPATCH,UNIT_SCADA,1,"2019/08/20 16:55:00",HDWF1,73.90
D,DISPATCH,UNIT_SCADA,1,"2019/08/20 16:55:00",HDWF2,50.40
D,DISPATCH,UNIT_SCADA,1,"2019/08/20 16:55:00",HDWF3,68.50
D,DISPATCH,UNIT_SCADA,1,"2019/08/20 16:55:00",HPRG1,0
D,DISPATCH,UNIT_SCADA,1,"2019/08/20 16:55:00",HPRL1,7.10
D,DISPATCH,UNIT_SCADA,1,"2019/08/20 16:55:00",HUMENSW,0
D,DISPATCH,UNIT_SCADA,1,"2019/08/20 16:55:00",HUMEV,8.20
D,DISPATCH,UNIT_SCADA,1,"2019/08/20 16:55:00",HVGTS,0
D,DISPATCH,UNIT_SCADA,1,"2019/08/20 16:55:00",JBUTTERS,136.83
D,DISPATCH,UNIT_SCADA,1,"2019/08/20 16:55:00",JLA01,0.50
D,DISPATCH,UNIT_SCADA,1,"2019/08/20 16:55:00",JLA02,0
D,DISPATCH,UNIT_SCADA,1,"2019/08/20 16:55:00",JLA03,0.10
D,DISPATCH,UNIT_SCADA,1,"2019/08/20 16:55:00",JLA04,0.10
D,DISPATCH,UNIT_SCADA,1,"2019/08/20 16:55:00",JLB01,0
D,DISPATCH,UNIT_SCADA,1,"2019/08/20 16:55:00",JLB02,0.10
D,DISPATCH,UNIT_SCADA,1,"2019/08/20 16:55:00",JLB03,0
D,DISPATCH,UNIT_SCADA,1,"2019/08/20 16:55:00",KAREEYA1,20.9275
D,DISPATCH,UNIT_SCADA,1,"2019/08/20 16:55:00",KAREEYA2,21.1375
D,DISPATCH,UNIT_SCADA,1,"2019/08/20 16:55:00",KAREEYA3,0
D,DISPATCH,UNIT_SCADA,1,"2019/08/20 16:55:00",KAREEYA4,20.96
D,DISPATCH,UNIT_SCADA,1,"2019/08/20 16:55:00",KARSF1,18.40
D,DISPATCH,UNIT_SCADA,1,"2019/08/20 16:55:00",KIATAWF1,31
D,DISPATCH,UNIT_SCADA,1,"2019/08/20 16:55:00",KPP_1,0
D,DISPATCH,UNIT_SCADA,1,"2019/08/20 16:55:00",KSP1,35.57
D,DISPATCH,UNIT_SCADA,1,"2019/08/20 16:55:00",LADBROK1,0
D,DISPATCH,UNIT_SCADA,1,"2019/08/20 16:55:00",LADBROK2,0
D,DISPATCH,UNIT_SCADA,1,"2019/08/20 16:55:00",LD01,421.124970
D,DISPATCH,UNIT_SCADA,1,"2019/08/20 16:55:00",LD02,418.237520
D,DISPATCH,UNIT_SCADA,1,"2019/08/20 16:55:00",LD03,404.306210
D,DISPATCH,UNIT_SCADA,1,"2019/08/20 16:55:00",LD04,384.168730
D,DISPATCH,UNIT_SCADA,1,"2019/08/20 16:55:00",LEM_WIL,85.5849
D,DISPATCH,UNIT_SCADA,1,"2019/08/20 16:55:00",LGAPWF1,25.15
D,DISPATCH,UNIT_SCADA,1,"2019/08/20 16:55:00",LILYSF1,40.370170
D,DISPATCH,UNIT_SCADA,1,"2019/08/20 16:55:00",LI_WY_CA,148.6525
D,DISPATCH,UNIT_SCADA,1,"2019/08/20 16:55:00",LKBONNY2,152.232450
D,DISPATCH,UNIT_SCADA,1,"2019/08/20 16:55:00",LKBONNY3,37.847330
D,DISPATCH,UNIT_SCADA,1,"2019/08/20 16:55:00",LK_ECHO,0
D,DISPATCH,UNIT_SCADA,1,"2019/08/20 16:55:00",LNGS1,0
D,DISPATCH,UNIT_SCADA,1,"2019/08/20 16:55:00",LNGS2,0
D,DISPATCH,UNIT_SCADA,1,"2019/08/20 16:55:00",LONSDALE,0
D,DISPATCH,UNIT_SCADA,1,"2019/08/20 16:55:00",LOYYB1,535.336730
D,DISPATCH,UNIT_SCADA,1,"2019/08/20 16:55:00",LOYYB2,581.202510
D,DISPATCH,UNIT_SCADA,1,"2019/08/20 16:55:00",LYA1,558
D,DISPATCH,UNIT_SCADA,1,"2019/08/20 16:55:00",LYA2,0
D,DISPATCH,UNIT_SCADA,1,"2019/08/20 16:55:00",LYA3,559
D,DISPATCH,UNIT_SCADA,1,"2019/08/20 16:55:00",LYA4,540
D,DISPATCH,UNIT_SCADA,1,"2019/08/20 16:55:00",MACARTH1,359.9917
D,DISPATCH,UNIT_SCADA,1,"2019/08/20 16:55:00",MACKAYGT,0
D,DISPATCH,UNIT_SCADA,1,"2019/08/20 16:55:00",MACKNTSH,85.70
D,DISPATCH,UNIT_SCADA,1,"2019/08/20 16:55:00",MANSLR1,14.5580
D,DISPATCH,UNIT_SCADA,1,"2019/08/20 16:55:00",MCKAY1,0.02
D,DISPATCH,UNIT_SCADA,1,"2019/08/20 16:55:00",MEADOWBK,34.095940
D,DISPATCH,UNIT_SCADA,1,"2019/08/20 16:55:00",MERCER01,127.4120
D,DISPATCH,UNIT_SCADA,1,"2019/08/20 16:55:00",MEWF1,37.402630
D,DISPATCH,UNIT_SCADA,1,"2019/08/20 16:55:00",MINTARO,0
D,DISPATCH,UNIT_SCADA,1,"2019/08/20 16:55:00",MOREESF1,20.8660
D,DISPATCH,UNIT_SCADA,1,"2019/08/20 16:55:00",MORTLK11,160
D,DISPATCH,UNIT_SCADA,1,"2019/08/20 16:55:00",MORTLK12,0
D,DISPATCH,UNIT_SCADA,1,"2019/08/20 16:55:00",MP1,279.175050
D,DISPATCH,UNIT_SCADA,1,"2019/08/20 16:55:00",MP2,0
D,DISPATCH,UNIT_SCADA,1,"2019/08/20 16:55:00",MPP_1,396.50
D,DISPATCH,UNIT_SCADA,1,"2019/08/20 16:55:00",MPP_2,435.75
D,DISPATCH,UNIT_SCADA,1,"2019/08/20 16:55:00",MSTUART1,0
D,DISPATCH,UNIT_SCADA,1,"2019/08/20 16:55:00",MSTUART2,0
D,DISPATCH,UNIT_SCADA,1,"2019/08/20 16:55:00",MSTUART3,0
D,DISPATCH,UNIT_SCADA,1,"2019/08/20 16:55:00",MTGELWF1,63.994260
D,DISPATCH,UNIT_SCADA,1,"2019/08/20 16:55:00",MURRAY,0
D,DISPATCH,UNIT_SCADA,1,"2019/08/20 16:55:00",MUSSELR1,30.40
D,DISPATCH,UNIT_SCADA,1,"2019/08/20 16:55:00",MUWAWF1,56.32
D,DISPATCH,UNIT_SCADA,1,"2019/08/20 16:55:00",NBHWF1,107.80
D,DISPATCH,UNIT_SCADA,1,"2019/08/20 16:55:00",NPS,199.8750
D,DISPATCH,UNIT_SCADA,1,"2019/08/20 16:55:00",NUMURSF1,4.33
D,DISPATCH,UNIT_SCADA,1,"2019/08/20 16:55:00",NYNGAN1,24.50
D,DISPATCH,UNIT_SCADA,1,"2019/08/20 16:55:00",OAKEY1,0
D,DISPATCH,UNIT_SCADA,1,"2019/08/20 16:55:00",OAKEY1SF,6.5670
D,DISPATCH,UNIT_SCADA,1,"2019/08/20 16:55:00",OAKEY2,0
D,DISPATCH,UNIT_SCADA,1,"2019/08/20 16:55:00",OAKLAND1,61.90
D,DISPATCH,UNIT_SCADA,1,"2019/08/20 16:55:00",OSB-AG,143.20
D,DISPATCH,UNIT_SCADA,1,"2019/08/20 16:55:00",PARSF1,21.60
D,DISPATCH,UNIT_SCADA,1,"2019/08/20 16:55:00",POAT110,0
D,DISPATCH,UNIT_SCADA,1,"2019/08/20 16:55:00",POAT220,7.48
D,DISPATCH,UNIT_SCADA,1,"2019/08/20 16:55:00",POR01,0
D,DISPATCH,UNIT_SCADA,1,"2019/08/20 16:55:00",POR03,0
D,DISPATCH,UNIT_SCADA,1,"2019/08/20 16:55:00",PPCCGT,353.408260
D,DISPATCH,UNIT_SCADA,1,"2019/08/20 16:55:00",PTSTAN1,0
D,DISPATCH,UNIT_SCADA,1,"2019/08/20 16:55:00",PUMP1,0
D,DISPATCH,UNIT_SCADA,1,"2019/08/20 16:55:00",PUMP2,0
D,DISPATCH,UNIT_SCADA,1,"2019/08/20 16:55:00",QPS1,0
D,DISPATCH,UNIT_SCADA,1,"2019/08/20 16:55:00",QPS2,0
D,DISPATCH,UNIT_SCADA,1,"2019/08/20 16:55:00",QPS3,0
D,DISPATCH,UNIT_SCADA,1,"2019/08/20 16:55:00",QPS4,0
D,DISPATCH,UNIT_SCADA,1,"2019/08/20 16:55:00",QPS5,0
D,DISPATCH,UNIT_SCADA,1,"2019/08/20 16:55:00",REECE1,115.940010
D,DISPATCH,UNIT_SCADA,1,"2019/08/20 16:55:00",REECE2,113.260010
D,DISPATCH,UNIT_SCADA,1,"2019/08/20 16:55:00",ROMA_7,0
D,DISPATCH,UNIT_SCADA,1,"2019/08/20 16:55:00",ROMA_8,0
D,DISPATCH,UNIT_SCADA,1,"2019/08/20 16:55:00",RRSF1,43.7007
D,DISPATCH,UNIT_SCADA,1,"2019/08/20 16:55:00",RT_NSW1,0
D,DISPATCH,UNIT_SCADA,1,"2019/08/20 16:55:00",RT_NSW2,0
D,DISPATCH,UNIT_SCADA,1,"2019/08/20 16:55:00",RT_NSW3,0
D,DISPATCH,UNIT_SCADA,1,"2019/08/20 16:55:00",RT_NSW4,0
D,DISPATCH,UNIT_SCADA,1,"2019/08/20 16:55:00",RT_NSW5,0
D,DISPATCH,UNIT_SCADA,1,"2019/08/20 16:55:00",RT_NSW6,0
D,DISPATCH,UNIT_SCADA,1,"2019/08/20 16:55:00",RT_QLD1,0
D,DISPATCH,UNIT_SCADA,1,"2019/08/20 16:55:00",RT_SA1,0
D,DISPATCH,UNIT_SCADA,1,"2019/08/20 16:55:00",RT_SA2,0
D,DISPATCH,UNIT_SCADA,1,"2019/08/20 16:55:00",RT_SA3,0
D,DISPATCH,UNIT_SCADA,1,"2019/08/20 16:55:00",RT_SA4,0
D,DISPATCH,UNIT_SCADA,1,"2019/08/20 16:55:00",RT_SA5,0
D,DISPATCH,UNIT_SCADA,1,"2019/08/20 16:55:00",RT_SA6,0
D,DISPATCH,UNIT_SCADA,1,"2019/08/20 16:55:00",RT_TAS1,0
D,DISPATCH,UNIT_SCADA,1,"2019/08/20 16:55:00",RT_VIC1,0
D,DISPATCH,UNIT_SCADA,1,"2019/08/20 16:55:00",RT_VIC10,0
D,DISPATCH,UNIT_SCADA,1,"2019/08/20 16:55:00",RT_VIC11,0
D,DISPATCH,UNIT_SCADA,1,"2019/08/20 16:55:00",RT_VIC12,0
D,DISPATCH,UNIT_SCADA,1,"2019/08/20 16:55:00",RT_VIC2,0
D,DISPATCH,UNIT_SCADA,1,"2019/08/20 16:55:00",RT_VIC3,0
D,DISPATCH,UNIT_SCADA,1,"2019/08/20 16:55:00",RT_VIC4,0
D,DISPATCH,UNIT_SCADA,1,"2019/08/20 16:55:00",RT_VIC5,0
D,DISPATCH,UNIT_SCADA,1,"2019/08/20 16:55:00",RT_VIC6,0
D,DISPATCH,UNIT_SCADA,1,"2019/08/20 16:55:00",RT_VIC7,0
D,DISPATCH,UNIT_SCADA,1,"2019/08/20 16:55:00",RT_VIC8,0
D,DISPATCH,UNIT_SCADA,1,"2019/08/20 16:55:00",RT_VIC9,0
D,DISPATCH,UNIT_SCADA,1,"2019/08/20 16:55:00",RUGBYR1,36.878330
D,DISPATCH,UNIT_SCADA,1,"2019/08/20 16:55:00",SALTCRK1,52.09
D,DISPATCH,UNIT_SCADA,1,"2019/08/20 16:55:00",SAPHWF1,175.799990
D,DISPATCH,UNIT_SCADA,1,"2019/08/20 16:55:00",SHGEN,0
D,DISPATCH,UNIT_SCADA,1,"2019/08/20 16:55:00",SHPUMP,0
D,DISPATCH,UNIT_SCADA,1,"2019/08/20 16:55:00",SITHE01,0.005650
D,DISPATCH,UNIT_SCADA,1,"2019/08/20 16:55:00",SMCSF1,23.156290
D,DISPATCH,UNIT_SCADA,1,"2019/08/20 16:55:00",SNOWNTH1,103.50
D,DISPATCH,UNIT_SCADA,1,"2019/08/20 16:55:00",SNOWSTH1,113
D,DISPATCH,UNIT_SCADA,1,"2019/08/20 16:55:00",SNOWTWN1,84.595320
D,DISPATCH,UNIT_SCADA,1,"2019/08/20 16:55:00",SNOWYP,0
D,DISPATCH,UNIT_SCADA,1,"2019/08/20 16:55:00",SNUG1,0.019440
D,DISPATCH,UNIT_SCADA,1,"2019/08/20 16:55:00",SRSF1,10.66
D,DISPATCH,UNIT_SCADA,1,"2019/08/20 16:55:00",STAN-1,0
D,DISPATCH,UNIT_SCADA,1,"2019/08/20 16:55:00",STAN-2,282.517120
D,DISPATCH,UNIT_SCADA,1,"2019/08/20 16:55:00",STAN-3,284.426970
D,DISPATCH,UNIT_SCADA,1,"2019/08/20 16:55:00",STAN-4,275.300720
D,DISPATCH,UNIT_SCADA,1,"2019/08/20 16:55:00",STWF1,18.371250
D,DISPATCH,UNIT_SCADA,1,"2019/08/20 16:55:00",SWAN_E,0
D,DISPATCH,UNIT_SCADA,1,"2019/08/20 16:55:00",TALWA1,415
D,DISPATCH,UNIT_SCADA,1,"2019/08/20 16:55:00",TARALGA1,103.477510
D,DISPATCH,UNIT_SCADA,1,"2019/08/20 16:55:00",TARONG#1,323.600010
D,DISPATCH,UNIT_SCADA,1,"2019/08/20 16:55:00",TARONG#2,323.899990
D,DISPATCH,UNIT_SCADA,1,"2019/08/20 16:55:00",TARONG#3,260
D,DISPATCH,UNIT_SCADA,1,"2019/08/20 16:55:00",TARONG#4,325.899990
D,DISPATCH,UNIT_SCADA,1,"2019/08/20 16:55:00",TARRALEA,85.20
D,DISPATCH,UNIT_SCADA,1,"2019/08/20 16:55:00",TBSF1,7.70
D,DISPATCH,UNIT_SCADA,1,"2019/08/20 16:55:00",TNPS1,441.700010
D,DISPATCH,UNIT_SCADA,1,"2019/08/20 16:55:00",TORRA1,33.294230
D,DISPATCH,UNIT_SCADA,1,"2019/08/20 16:55:00",TORRA2,0
D,DISPATCH,UNIT_SCADA,1,"2019/08/20 16:55:00",TORRA3,0
D,DISPATCH,UNIT_SCADA,1,"2019/08/20 16:55:00",TORRA4,0
D,DISPATCH,UNIT_SCADA,1,"2019/08/20 16:55:00",TORRB1,40.64
D,DISPATCH,UNIT_SCADA,1,"2019/08/20 16:55:00",TORRB2,40.38
D,DISPATCH,UNIT_SCADA,1,"2019/08/20 16:55:00",TORRB3,0
D,DISPATCH,UNIT_SCADA,1,"2019/08/20 16:55:00",TORRB4,0
D,DISPATCH,UNIT_SCADA,1,"2019/08/20 16:55:00",TREVALLN,43.910020
D,DISPATCH,UNIT_SCADA,1,"2019/08/20 16:55:00",TRIBUTE,70.95
D,DISPATCH,UNIT_SCADA,1,"2019/08/20 16:55:00",TUMUT3,0
D,DISPATCH,UNIT_SCADA,1,"2019/08/20 16:55:00",TUNGATIN,127.030030
D,DISPATCH,UNIT_SCADA,1,"2019/08/20 16:55:00",TVCC201,0
D,DISPATCH,UNIT_SCADA,1,"2019/08/20 16:55:00",TVPP104,0
D,DISPATCH,UNIT_SCADA,1,"2019/08/20 16:55:00",UPPTUMUT,0
D,DISPATCH,UNIT_SCADA,1,"2019/08/20 16:55:00",URANQ11,0
D,DISPATCH,UNIT_SCADA,1,"2019/08/20 16:55:00",URANQ12,0
D,DISPATCH,UNIT_SCADA,1,"2019/08/20 16:55:00",URANQ13,0
D,DISPATCH,UNIT_SCADA,1,"2019/08/20 16:55:00",URANQ14,0
D,DISPATCH,UNIT_SCADA,1,"2019/08/20 16:55:00",VP5,506.974980
D,DISPATCH,UNIT_SCADA,1,"2019/08/20 16:55:00",VP6,509.8750
D,DISPATCH,UNIT_SCADA,1,"2019/08/20 16:55:00",VPGS1,0
D,DISPATCH,UNIT_SCADA,1,"2019/08/20 16:55:00",VPGS2,0
D,DISPATCH,UNIT_SCADA,1,"2019/08/20 16:55:00",VPGS3,0
D,DISPATCH,UNIT_SCADA,1,"2019/08/20 16:55:00",VPGS4,0
D,DISPATCH,UNIT_SCADA,1,"2019/08/20 16:55:00",VPGS5,0
D,DISPATCH,UNIT_SCADA,1,"2019/08/20 16:55:00",VPGS6,0
D,DISPATCH,UNIT_SCADA,1,"2019/08/20 16:55:00",W/HOE#1,0
D,DISPATCH,UNIT_SCADA,1,"2019/08/20 16:55:00",W/HOE#2,0
D,DISPATCH,UNIT_SCADA,1,"2019/08/20 16:55:00",WATERLWF,122.40
D,DISPATCH,UNIT_SCADA,1,"2019/08/20 16:55:00",WEMENSF1,8.40
D,DISPATCH,UNIT_SCADA,1,"2019/08/20 16:55:00",WGWF1,108.50
D,DISPATCH,UNIT_SCADA,1,"2019/08/20 16:55:00",WHITSF1,23.60
D,DISPATCH,UNIT_SCADA,1,"2019/08/20 16:55:00",WKIEWA1,0
D,DISPATCH,UNIT_SCADA,1,"2019/08/20 16:55:00",WKIEWA2,0.10
D,DISPATCH,UNIT_SCADA,1,"2019/08/20 16:55:00",WOODLWN1,42.9030
D,DISPATCH,UNIT_SCADA,1,"2019/08/20 16:55:00",WRSF1,3.12
D,DISPATCH,UNIT_SCADA,1,"2019/08/20 16:55:00",WRWF1,97.330010
D,DISPATCH,UNIT_SCADA,1,"2019/08/20 16:55:00",YABULU,0
D,DISPATCH,UNIT_SCADA,1,"2019/08/20 16:55:00",YABULU2,0
D,DISPATCH,UNIT_SCADA,1,"2019/08/20 16:55:00",YARWUN_1,0
D,DISPATCH,UNIT_SCADA,1,"2019/08/20 16:55:00",YENDWF1,42.01
D,DISPATCH,UNIT_SCADA,1,"2019/08/20 16:55:00",YWPS1,378.946840
D,DISPATCH,UNIT_SCADA,1,"2019/08/20 16:55:00",YWPS2,281.200010
D,DISPATCH,UNIT_SCADA,1,"2019/08/20 16:55:00",YWPS3,0
D,DISPATCH,UNIT_SCADA,1,"2019/08/20 16:55:00",YWPS4,389.027860
C,"END OF REPORT",334
