C,NEMP.WORLD,DISPATCHSCADA,AEMO,PUBLIC,2019/09/05,12:35:07,0000000312422208,DISPATCHSCADA,0000000312422202
I,DISPATCH,UNIT_SCADA,1,SETTLEMENTDATE,DUID,SCADAVALUE
D,DISPATCH,UNIT_SCADA,1,"2019/09/05 12:40:00",BARCSF1,0.30
D,DISPATCH,UNIT_SCADA,1,"2019/09/05 12:40:00",BUTLERSG,10.199999
D,DISPATCH,UNIT_SCADA,1,"2019/09/05 12:40:00",CALL_A_4,0
D,DISPATCH,UNIT_SCADA,1,"2019/09/05 12:40:00",CAPTL_WF,0
D,DISPATCH,UNIT_SCADA,1,"2019/09/05 12:40:00",CATHROCK,29.769999
D,DISPATCH,UNIT_SCADA,1,"2019/09/05 12:40:00",CHALLHWF,15.40
D,DISPATCH,UNIT_SCADA,1,"2019/09/05 12:40:00",CLOVER,0
D,DISPATCH,UNIT_SCADA,1,"2019/09/05 12:40:00",CLUNY,18.187685
D,DISPATCH,UNIT_SCADA,1,"2019/09/05 12:40:00",CNUNDAWF,19.222424
D,DISPATCH,UNIT_SCADA,1,"2019/09/05 12:40:00",CULLRGWF,2.60
D,DISPATCH,UNIT_SCADA,1,"2019/09/05 12:40:00",ERGT01,0
D,DISPATCH,UNIT_SCADA,1,"2019/09/05 12:40:00",GB01,-0.003567
D,DISPATCH,UNIT_SCADA,1,"2019/09/05 12:40:00",GERMCRK,32.799999
D,DISPATCH,UNIT_SCADA,1,"2019/09/05 12:40:00",GRIFSF1,24.300003
D,DISPATCH,UNIT_SCADA,1,"2019/09/05 12:40:00",HUGSF1,0.03
D,DISPATCH,UNIT_SCADA,1,"2019/09/05 12:40:00",LKBONNY1,27.150047
D,DISPATCH,UNIT_SCADA,1,"2019/09/05 12:40:00",LRSF1,12.89
D,DISPATCH,UNIT_SCADA,1,"2019/09/05 12:40:00",MBAHNTH,25.293755
D,DISPATCH,UNIT_SCADA,1,"2019/09/05 12:40:00",MLSP1,5.330001
D,DISPATCH,UNIT_SCADA,1,"2019/09/05 12:40:00",MLWF1,1.8150
D,DISPATCH,UNIT_SCADA,1,"2019/09/05 12:40:00",MTMILLAR,28.730904
D,DISPATCH,UNIT_SCADA,1,"2019/09/05 12:40:00",PALOONA,25.219999
D,DISPATCH,UNIT_SCADA,1,"2019/09/05 12:40:00",PIONEER,14.10
D,DISPATCH,UNIT_SCADA,1,"2019/09/05 12:40:00",PORTWF,44.50
D,DISPATCH,UNIT_SCADA,1,"2019/09/05 12:40:00",REPULSE,28.853590
D,DISPATCH,UNIT_SCADA,1,"2019/09/05 12:40:00",ROWALLAN,10.3305
D,DISPATCH,UNIT_SCADA,1,"2019/09/05 12:40:00",ROYALLA1,9.047001
D,DISPATCH,UNIT_SCADA,1,"2019/09/05 12:40:00",RPCG,11.70
D,DISPATCH,UNIT_SCADA,1,"2019/09/05 12:40:00",RUBICON,0
D,DISPATCH,UNIT_SCADA,1,"2019/09/05 12:40:00",SATGN1,0
D,DISPATCH,UNIT_SCADA,1,"2019/09/05 12:40:00",SATGS1,0
D,DISPATCH,UNIT_SCADA,1,"2019/09/05 12:40:00",STARHLWF,14.895657
D,DISPATCH,UNIT_SCADA,1,"2019/09/05 12:40:00",WAUBRAWF,46.613998
D,DISPATCH,UNIT_SCADA,1,"2019/09/05 12:40:00",WOOLNTH1,5.150015
D,DISPATCH,UNIT_SCADA,1,"2019/09/05 12:40:00",WPWF,70
D,DISPATCH,UNIT_SCADA,1,"2019/09/05 12:40:00",YAMBUKWF,2.40
D,DISPATCH,UNIT_SCADA,1,"2019/09/05 12:40:00",YSWF1,0.40
D,DISPATCH,UNIT_SCADA,1,"2019/09/05 12:40:00",AGLHAL,0
D,DISPATCH,UNIT_SCADA,1,"2019/09/05 12:40:00",AGLSOM,0
D,DISPATCH,UNIT_SCADA,1,"2019/09/05 12:40:00",ANGAST1,0
D,DISPATCH,UNIT_SCADA,1,"2019/09/05 12:40:00",ARWF1,33.70
D,DISPATCH,UNIT_SCADA,1,"2019/09/05 12:40:00",BALBG1,9.55
D,DISPATCH,UNIT_SCADA,1,"2019/09/05 12:40:00",BALBL1,0
D,DISPATCH,UNIT_SCADA,1,"2019/09/05 12:40:00",BALDHWF1,10.9110
D,DISPATCH,UNIT_SCADA,1,"2019/09/05 12:40:00",BANN1,60.15
D,DISPATCH,UNIT_SCADA,1,"2019/09/05 12:40:00",BARCALDN,0
D,DISPATCH,UNIT_SCADA,1,"2019/09/05 12:40:00",BARRON-1,0
D,DISPATCH,UNIT_SCADA,1,"2019/09/05 12:40:00",BARRON-2,0
D,DISPATCH,UNIT_SCADA,1,"2019/09/05 12:40:00",BASTYAN,81.12
D,DISPATCH,UNIT_SCADA,1,"2019/09/05 12:40:00",BBTHREE1,0
D,DISPATCH,UNIT_SCADA,1,"2019/09/05 12:40:00",BBTHREE2,0
D,DISPATCH,UNIT_SCADA,1,"2019/09/05 12:40:00",BBTHREE3,0
D,DISPATCH,UNIT_SCADA,1,"2019/09/05 12:40:00",BDL01,0
D,DISPATCH,UNIT_SCADA,1,"2019/09/05 12:40:00",BDL02,0
D,DISPATCH,UNIT_SCADA,1,"2019/09/05 12:40:00",BERYLSF1,68.691940
D,DISPATCH,UNIT_SCADA,1,"2019/09/05 12:40:00",BLOWERNG,11
D,DISPATCH,UNIT_SCADA,1,"2019/09/05 12:40:00",BLUFF1,28.70
D,DISPATCH,UNIT_SCADA,1,"2019/09/05 12:40:00",BNGSF1,105.9090
D,DISPATCH,UNIT_SCADA,1,"2019/09/05 12:40:00",BNGSF2,20.03
D,DISPATCH,UNIT_SCADA,1,"2019/09/05 12:40:00",BOCORWF1,14.13
D,DISPATCH,UNIT_SCADA,1,"2019/09/05 12:40:00",BODWF1,13.100690
D,DISPATCH,UNIT_SCADA,1,"2019/09/05 12:40:00",BRAEMAR1,0
D,DISPATCH,UNIT_SCADA,1,"2019/09/05 12:40:00",BRAEMAR2,0
D,DISPATCH,UNIT_SCADA,1,"2019/09/05 12:40:00",BRAEMAR3,0
D,DISPATCH,UNIT_SCADA,1,"2019/09/05 12:40:00",BRAEMAR5,0
D,DISPATCH,UNIT_SCADA,1,"2019/09/05 12:40:00",BRAEMAR6,0
D,DISPATCH,UNIT_SCADA,1,"2019/09/05 12:40:00",BRAEMAR7,0
D,DISPATCH,UNIT_SCADA,1,"2019/09/05 12:40:00",BROKENH1,52.734130
D,DISPATCH,UNIT_SCADA,1,"2019/09/05 12:40:00",BW01,556.025020
D,DISPATCH,UNIT_SCADA,1,"2019/09/05 12:40:00",BW02,630.400020
D,DISPATCH,UNIT_SCADA,1,"2019/09/05 12:40:00",BW03,631.025020
D,DISPATCH,UNIT_SCADA,1,"2019/09/05 12:40:00",BW04,0
D,DISPATCH,UNIT_SCADA,1,"2019/09/05 12:40:00",CALL_B_1,299.50
D,DISPATCH,UNIT_SCADA,1,"2019/09/05 12:40:00",CALL_B_2,220.100010
D,DISPATCH,UNIT_SCADA,1,"2019/09/05 12:40:00",CETHANA,97.645620
D,DISPATCH,UNIT_SCADA,1,"2019/09/05 12:40:00",CG1,0
D,DISPATCH,UNIT_SCADA,1,"2019/09/05 12:40:00",CG2,0
D,DISPATCH,UNIT_SCADA,1,"2019/09/05 12:40:00",CG3,0
D,DISPATCH,UNIT_SCADA,1,"2019/09/05 12:40:00",CG4,0
D,DISPATCH,UNIT_SCADA,1,"2019/09/05 12:40:00",CHILDSF1,52.02
D,DISPATCH,UNIT_SCADA,1,"2019/09/05 12:40:00",CLARESF1,2.0313
D,DISPATCH,UNIT_SCADA,1,"2019/09/05 12:40:00",CLEMGPWF,29.390290
D,DISPATCH,UNIT_SCADA,1,"2019/09/05 12:40:00",CLERMSF1,0.30
D,DISPATCH,UNIT_SCADA,1,"2019/09/05 12:40:00",COLEASF1,125.80
D,DISPATCH,UNIT_SCADA,1,"2019/09/05 12:40:00",COOPGWF1,3.305240
D,DISPATCH,UNIT_SCADA,1,"2019/09/05 12:40:00",CPP_3,310.200010
D,DISPATCH,UNIT_SCADA,1,"2019/09/05 12:40:00",CPP_4,179.5750
D,DISPATCH,UNIT_SCADA,1,"2019/09/05 12:40:00",CPSA,76.259380
D,DISPATCH,UNIT_SCADA,1,"2019/09/05 12:40:00",CROOKWF2,11.573750
D,DISPATCH,UNIT_SCADA,1,"2019/09/05 12:40:00",CROWLWF1,2.165380
D,DISPATCH,UNIT_SCADA,1,"2019/09/05 12:40:00",CSPVPS1,0.6420
D,DISPATCH,UNIT_SCADA,1,"2019/09/05 12:40:00",DALNTH01,0
D,DISPATCH,UNIT_SCADA,1,"2019/09/05 12:40:00",DALNTHL1,1.084920
D,DISPATCH,UNIT_SCADA,1,"2019/09/05 12:40:00",DARTM1,0
D,DISPATCH,UNIT_SCADA,1,"2019/09/05 12:40:00",DAYDSF1,0
D,DISPATCH,UNIT_SCADA,1,"2019/09/05 12:40:00",DDPS1,0
D,DISPATCH,UNIT_SCADA,1,"2019/09/05 12:40:00",DDSF1,0
D,DISPATCH,UNIT_SCADA,1,"2019/09/05 12:40:00",DEVILS_G,63.766590
D,DISPATCH,UNIT_SCADA,1,"2019/09/05 12:40:00",DG_NSW1,0
D,DISPATCH,UNIT_SCADA,1,"2019/09/05 12:40:00",DG_QLD1,0
D,DISPATCH,UNIT_SCADA,1,"2019/09/05 12:40:00",DG_SA1,0
D,DISPATCH,UNIT_SCADA,1,"2019/09/05 12:40:00",DG_TAS1,0
D,DISPATCH,UNIT_SCADA,1,"2019/09/05 12:40:00",DG_VIC1,0
D,DISPATCH,UNIT_SCADA,1,"2019/09/05 12:40:00",DRYCGT1,0
D,DISPATCH,UNIT_SCADA,1,"2019/09/05 12:40:00",DRYCGT2,0
D,DISPATCH,UNIT_SCADA,1,"2019/09/05 12:40:00",DRYCGT3,0
D,DISPATCH,UNIT_SCADA,1,"2019/09/05 12:40:00",EILDON1,0
D,DISPATCH,UNIT_SCADA,1,"2019/09/05 12:40:00",EILDON2,0
D,DISPATCH,UNIT_SCADA,1,"2019/09/05 12:40:00",EMERASF1,0.12
D,DISPATCH,UNIT_SCADA,1,"2019/09/05 12:40:00",ER01,567.275020
D,DISPATCH,UNIT_SCADA,1,"2019/09/05 12:40:00",ER02,362.6001
D,DISPATCH,UNIT_SCADA,1,"2019/09/05 12:40:00",ER03,0
D,DISPATCH,UNIT_SCADA,1,"2019/09/05 12:40:00",ER04,671.3750
D,DISPATCH,UNIT_SCADA,1,"2019/09/05 12:40:00",FINLYSF1,11.612520
D,DISPATCH,UNIT_SCADA,1,"2019/09/05 12:40:00",FISHER,46.07
D,DISPATCH,UNIT_SCADA,1,"2019/09/05 12:40:00",GANNBG1,11.686610
D,DISPATCH,UNIT_SCADA,1,"2019/09/05 12:40:00",GANNBL1,0
D,DISPATCH,UNIT_SCADA,1,"2019/09/05 12:40:00",GANNSF1,18.80
D,DISPATCH,UNIT_SCADA,1,"2019/09/05 12:40:00",GORDON,21.410480
D,DISPATCH,UNIT_SCADA,1,"2019/09/05 12:40:00",GSTONE1,157.50
D,DISPATCH,UNIT_SCADA,1,"2019/09/05 12:40:00",GSTONE2,150.149990
D,DISPATCH,UNIT_SCADA,1,"2019/09/05 12:40:00",GSTONE3,0
D,DISPATCH,UNIT_SCADA,1,"2019/09/05 12:40:00",GSTONE4,155.5750
D,DISPATCH,UNIT_SCADA,1,"2019/09/05 12:40:00",GSTONE5,155.5750
D,DISPATCH,UNIT_SCADA,1,"2019/09/05 12:40:00",GSTONE6,156.274990
D,DISPATCH,UNIT_SCADA,1,"2019/09/05 12:40:00",GULLRSF1,9.891540
D,DISPATCH,UNIT_SCADA,1,"2019/09/05 12:40:00",GULLRWF1,16.598510
D,DISPATCH,UNIT_SCADA,1,"2019/09/05 12:40:00",GUNNING1,6.044190
D,DISPATCH,UNIT_SCADA,1,"2019/09/05 12:40:00",GUTHEGA,0
D,DISPATCH,UNIT_SCADA,1,"2019/09/05 12:40:00",HALLWF1,50.72
D,DISPATCH,UNIT_SCADA,1,"2019/09/05 12:40:00",HALLWF2,44.82
D,DISPATCH,UNIT_SCADA,1,"2019/09/05 12:40:00",HAMISF1,44.40
D,DISPATCH,UNIT_SCADA,1,"2019/09/05 12:40:00",HAUGHT11,0
D,DISPATCH,UNIT_SCADA,1,"2019/09/05 12:40:00",HAYMSF1,0
D,DISPATCH,UNIT_SCADA,1,"2019/09/05 12:40:00",HDWF1,41.60
D,DISPATCH,UNIT_SCADA,1,"2019/09/05 12:40:00",HDWF2,33.50
D,DISPATCH,UNIT_SCADA,1,"2019/09/05 12:40:00",HDWF3,43.20
D,DISPATCH,UNIT_SCADA,1,"2019/09/05 12:40:00",HPRG1,0
D,DISPATCH,UNIT_SCADA,1,"2019/09/05 12:40:00",HPRL1,39.50
D,DISPATCH,UNIT_SCADA,1,"2019/09/05 12:40:00",HUMENSW,0
D,DISPATCH,UNIT_SCADA,1,"2019/09/05 12:40:00",HUMEV,26.60
D,DISPATCH,UNIT_SCADA,1,"2019/09/05 12:40:00",HVGTS,0
D,DISPATCH,UNIT_SCADA,1,"2019/09/05 12:40:00",JBUTTERS,34.53
D,DISPATCH,UNIT_SCADA,1,"2019/09/05 12:40:00",JLA01,0.10
D,DISPATCH,UNIT_SCADA,1,"2019/09/05 12:40:00",JLA02,0
D,DISPATCH,UNIT_SCADA,1,"2019/09/05 12:40:00",JLA03,0
D,DISPATCH,UNIT_SCADA,1,"2019/09/05 12:40:00",JLA04,0
D,DISPATCH,UNIT_SCADA,1,"2019/09/05 12:40:00",JLB01,0
D,DISPATCH,UNIT_SCADA,1,"2019/09/05 12:40:00",JLB02,84.80
D,DISPATCH,UNIT_SCADA,1,"2019/09/05 12:40:00",JLB03,0
D,DISPATCH,UNIT_SCADA,1,"2019/09/05 12:40:00",KAREEYA1,21.5150
D,DISPATCH,UNIT_SCADA,1,"2019/09/05 12:40:00",KAREEYA2,21.77
D,DISPATCH,UNIT_SCADA,1,"2019/09/05 12:40:00",KAREEYA3,0
D,DISPATCH,UNIT_SCADA,1,"2019/09/05 12:40:00",KAREEYA4,21.59
D,DISPATCH,UNIT_SCADA,1,"2019/09/05 12:40:00",KARSF1,74.60
D,DISPATCH,UNIT_SCADA,1,"2019/09/05 12:40:00",KIATAWF1,13.20
D,DISPATCH,UNIT_SCADA,1,"2019/09/05 12:40:00",KPP_1,0
D,DISPATCH,UNIT_SCADA,1,"2019/09/05 12:40:00",KSP1,0
D,DISPATCH,UNIT_SCADA,1,"2019/09/05 12:40:00",LADBROK1,0
D,DISPATCH,UNIT_SCADA,1,"2019/09/05 12:40:00",LADBROK2,0
D,DISPATCH,UNIT_SCADA,1,"2019/09/05 12:40:00",LD01,373.949980
D,DISPATCH,UNIT_SCADA,1,"2019/09/05 12:40:00",LD02,376.8750
D,DISPATCH,UNIT_SCADA,1,"2019/09/05 12:40:00",LD03,375.168730
D,DISPATCH,UNIT_SCADA,1,"2019/09/05 12:40:00",LD04,374.981230
D,DISPATCH,UNIT_SCADA,1,"2019/09/05 12:40:00",LEM_WIL,81.2177
D,DISPATCH,UNIT_SCADA,1,"2019/09/05 12:40:00",LGAPWF1,9.74
D,DISPATCH,UNIT_SCADA,1,"2019/09/05 12:40:00",LILYSF1,87.556090
D,DISPATCH,UNIT_SCADA,1,"2019/09/05 12:40:00",LI_WY_CA,143.678960
D,DISPATCH,UNIT_SCADA,1,"2019/09/05 12:40:00",LKBONNY2,49.9621
D,DISPATCH,UNIT_SCADA,1,"2019/09/05 12:40:00",LKBONNY3,21.100720
D,DISPATCH,UNIT_SCADA,1,"2019/09/05 12:40:00",LK_ECHO,0
D,DISPATCH,UNIT_SCADA,1,"2019/09/05 12:40:00",LNGS1,0
D,DISPATCH,UNIT_SCADA,1,"2019/09/05 12:40:00",LNGS2,0
D,DISPATCH,UNIT_SCADA,1,"2019/09/05 12:40:00",LONSDALE,0
D,DISPATCH,UNIT_SCADA,1,"2019/09/05 12:40:00",LOYYB1,537.968380
D,DISPATCH,UNIT_SCADA,1,"2019/09/05 12:40:00",LOYYB2,583.834170
D,DISPATCH,UNIT_SCADA,1,"2019/09/05 12:40:00",LYA1,0
D,DISPATCH,UNIT_SCADA,1,"2019/09/05 12:40:00",LYA2,0
D,DISPATCH,UNIT_SCADA,1,"2019/09/05 12:40:00",LYA3,559
D,DISPATCH,UNIT_SCADA,1,"2019/09/05 12:40:00",LYA4,540
D,DISPATCH,UNIT_SCADA,1,"2019/09/05 12:40:00",MACARTH1,91.397890
D,DISPATCH,UNIT_SCADA,1,"2019/09/05 12:40:00",MACKAYGT,0.2240
D,DISPATCH,UNIT_SCADA,1,"2019/09/05 12:40:00",MACKNTSH,88.750010
D,DISPATCH,UNIT_SCADA,1,"2019/09/05 12:40:00",MANSLR1,38.5630
D,DISPATCH,UNIT_SCADA,1,"2019/09/05 12:40:00",MCKAY1,0.02
D,DISPATCH,UNIT_SCADA,1,"2019/09/05 12:40:00",MEADOWBK,31.666640
D,DISPATCH,UNIT_SCADA,1,"2019/09/05 12:40:00",MERCER01,2.8240
D,DISPATCH,UNIT_SCADA,1,"2019/09/05 12:40:00",MEWF1,0
D,DISPATCH,UNIT_SCADA,1,"2019/09/05 12:40:00",MINTARO,0
D,DISPATCH,UNIT_SCADA,1,"2019/09/05 12:40:00",MOREESF1,47.8760
D,DISPATCH,UNIT_SCADA,1,"2019/09/05 12:40:00",MORTLK11,126
D,DISPATCH,UNIT_SCADA,1,"2019/09/05 12:40:00",MORTLK12,0
D,DISPATCH,UNIT_SCADA,1,"2019/09/05 12:40:00",MP1,215.025020
D,DISPATCH,UNIT_SCADA,1,"2019/09/05 12:40:00",MP2,0
D,DISPATCH,UNIT_SCADA,1,"2019/09/05 12:40:00",MPP_1,322
D,DISPATCH,UNIT_SCADA,1,"2019/09/05 12:40:00",MPP_2,277.50
D,DISPATCH,UNIT_SCADA,1,"2019/09/05 12:40:00",MSTUART1,0
D,DISPATCH,UNIT_SCADA,1,"2019/09/05 12:40:00",MSTUART2,0
D,DISPATCH,UNIT_SCADA,1,"2019/09/05 12:40:00",MSTUART3,0
D,DISPATCH,UNIT_SCADA,1,"2019/09/05 12:40:00",MTGELWF1,10.3534
D,DISPATCH,UNIT_SCADA,1,"2019/09/05 12:40:00",MURRAY,0
D,DISPATCH,UNIT_SCADA,1,"2019/09/05 12:40:00",MUSSELR1,-0.10
D,DISPATCH,UNIT_SCADA,1,"2019/09/05 12:40:00",MUWAWF1,16.75
D,DISPATCH,UNIT_SCADA,1,"2019/09/05 12:40:00",NBHWF1,54.40
D,DISPATCH,UNIT_SCADA,1,"2019/09/05 12:40:00",NPS,0
D,DISPATCH,UNIT_SCADA,1,"2019/09/05 12:40:00",NUMURSF1,38.31
D,DISPATCH,UNIT_SCADA,1,"2019/09/05 12:40:00",NYNGAN1,101.25
D,DISPATCH,UNIT_SCADA,1,"2019/09/05 12:40:00",OAKEY1,0
D,DISPATCH,UNIT_SCADA,1,"2019/09/05 12:40:00",OAKEY1SF,22.4560
D,DISPATCH,UNIT_SCADA,1,"2019/09/05 12:40:00",OAKEY2,0
D,DISPATCH,UNIT_SCADA,1,"2019/09/05 12:40:00",OAKEY2SF,0
D,DISPATCH,UNIT_SCADA,1,"2019/09/05 12:40:00",OAKLAND1,16.40
D,DISPATCH,UNIT_SCADA,1,"2019/09/05 12:40:00",OSB-AG,139.850010
D,DISPATCH,UNIT_SCADA,1,"2019/09/05 12:40:00",PARSF1,43.80
D,DISPATCH,UNIT_SCADA,1,"2019/09/05 12:40:00",POAT110,0
D,DISPATCH,UNIT_SCADA,1,"2019/09/05 12:40:00",POAT220,2.19
D,DISPATCH,UNIT_SCADA,1,"2019/09/05 12:40:00",POR01,0
D,DISPATCH,UNIT_SCADA,1,"2019/09/05 12:40:00",POR03,0
D,DISPATCH,UNIT_SCADA,1,"2019/09/05 12:40:00",PPCCGT,172.209990
D,DISPATCH,UNIT_SCADA,1,"2019/09/05 12:40:00",PTSTAN1,0
D,DISPATCH,UNIT_SCADA,1,"2019/09/05 12:40:00",PUMP1,0
D,DISPATCH,UNIT_SCADA,1,"2019/09/05 12:40:00",PUMP2,0
D,DISPATCH,UNIT_SCADA,1,"2019/09/05 12:40:00",QPS1,0
D,DISPATCH,UNIT_SCADA,1,"2019/09/05 12:40:00",QPS2,0
D,DISPATCH,UNIT_SCADA,1,"2019/09/05 12:40:00",QPS3,0
D,DISPATCH,UNIT_SCADA,1,"2019/09/05 12:40:00",QPS4,0
D,DISPATCH,UNIT_SCADA,1,"2019/09/05 12:40:00",QPS5,0
D,DISPATCH,UNIT_SCADA,1,"2019/09/05 12:40:00",REECE1,102.70
D,DISPATCH,UNIT_SCADA,1,"2019/09/05 12:40:00",REECE2,102.470010
D,DISPATCH,UNIT_SCADA,1,"2019/09/05 12:40:00",ROMA_7,0
D,DISPATCH,UNIT_SCADA,1,"2019/09/05 12:40:00",ROMA_8,0
D,DISPATCH,UNIT_SCADA,1,"2019/09/05 12:40:00",RRSF1,33.786560
D,DISPATCH,UNIT_SCADA,1,"2019/09/05 12:40:00",RT_NSW1,0
D,DISPATCH,UNIT_SCADA,1,"2019/09/05 12:40:00",RT_NSW2,0
D,DISPATCH,UNIT_SCADA,1,"2019/09/05 12:40:00",RT_NSW3,0
D,DISPATCH,UNIT_SCADA,1,"2019/09/05 12:40:00",RT_NSW4,0
D,DISPATCH,UNIT_SCADA,1,"2019/09/05 12:40:00",RT_NSW5,0
D,DISPATCH,UNIT_SCADA,1,"2019/09/05 12:40:00",RT_NSW6,0
D,DISPATCH,UNIT_SCADA,1,"2019/09/05 12:40:00",RT_QLD1,0
D,DISPATCH,UNIT_SCADA,1,"2019/09/05 12:40:00",RT_SA1,0
D,DISPATCH,UNIT_SCADA,1,"2019/09/05 12:40:00",RT_SA2,0
D,DISPATCH,UNIT_SCADA,1,"2019/09/05 12:40:00",RT_SA3,0
D,DISPATCH,UNIT_SCADA,1,"2019/09/05 12:40:00",RT_SA4,0
D,DISPATCH,UNIT_SCADA,1,"2019/09/05 12:40:00",RT_SA5,0
D,DISPATCH,UNIT_SCADA,1,"2019/09/05 12:40:00",RT_SA6,0
D,DISPATCH,UNIT_SCADA,1,"2019/09/05 12:40:00",RT_TAS1,0
D,DISPATCH,UNIT_SCADA,1,"2019/09/05 12:40:00",RT_VIC1,0
D,DISPATCH,UNIT_SCADA,1,"2019/09/05 12:40:00",RT_VIC10,0
D,DISPATCH,UNIT_SCADA,1,"2019/09/05 12:40:00",RT_VIC11,0
D,DISPATCH,UNIT_SCADA,1,"2019/09/05 12:40:00",RT_VIC12,0
D,DISPATCH,UNIT_SCADA,1,"2019/09/05 12:40:00",RT_VIC2,0
D,DISPATCH,UNIT_SCADA,1,"2019/09/05 12:40:00",RT_VIC3,0
D,DISPATCH,UNIT_SCADA,1,"2019/09/05 12:40:00",RT_VIC4,0
D,DISPATCH,UNIT_SCADA,1,"2019/09/05 12:40:00",RT_VIC5,0
D,DISPATCH,UNIT_SCADA,1,"2019/09/05 12:40:00",RT_VIC6,0
D,DISPATCH,UNIT_SCADA,1,"2019/09/05 12:40:00",RT_VIC7,0
D,DISPATCH,UNIT_SCADA,1,"2019/09/05 12:40:00",RT_VIC8,0
D,DISPATCH,UNIT_SCADA,1,"2019/09/05 12:40:00",RT_VIC9,0
D,DISPATCH,UNIT_SCADA,1,"2019/09/05 12:40:00",RUGBYR1,0
D,DISPATCH,UNIT_SCADA,1,"2019/09/05 12:40:00",SALTCRK1,11.10
D,DISPATCH,UNIT_SCADA,1,"2019/09/05 12:40:00",SAPHWF1,78.112520
D,DISPATCH,UNIT_SCADA,1,"2019/09/05 12:40:00",SHGEN,0
D,DISPATCH,UNIT_SCADA,1,"2019/09/05 12:40:00",SHPUMP,79.565630
D,DISPATCH,UNIT_SCADA,1,"2019/09/05 12:40:00",SITHE01,0.194050
D,DISPATCH,UNIT_SCADA,1,"2019/09/05 12:40:00",SMCSF1,0
D,DISPATCH,UNIT_SCADA,1,"2019/09/05 12:40:00",SNOWNTH1,64.10
D,DISPATCH,UNIT_SCADA,1,"2019/09/05 12:40:00",SNOWSTH1,93.80
D,DISPATCH,UNIT_SCADA,1,"2019/09/05 12:40:00",SNOWTWN1,57.640870
D,DISPATCH,UNIT_SCADA,1,"2019/09/05 12:40:00",SNOWYP,0
D,DISPATCH,UNIT_SCADA,1,"2019/09/05 12:40:00",SNUG1,0.019440
D,DISPATCH,UNIT_SCADA,1,"2019/09/05 12:40:00",SRSF1,1.65
D,DISPATCH,UNIT_SCADA,1,"2019/09/05 12:40:00",STAN-1,366.294280
D,DISPATCH,UNIT_SCADA,1,"2019/09/05 12:40:00",STAN-2,225.067750
D,DISPATCH,UNIT_SCADA,1,"2019/09/05 12:40:00",STAN-3,225.772740
D,DISPATCH,UNIT_SCADA,1,"2019/09/05 12:40:00",STAN-4,220.389250
D,DISPATCH,UNIT_SCADA,1,"2019/09/05 12:40:00",STWF1,0
D,DISPATCH,UNIT_SCADA,1,"2019/09/05 12:40:00",SWAN_E,0
D,DISPATCH,UNIT_SCADA,1,"2019/09/05 12:40:00",TALWA1,275
D,DISPATCH,UNIT_SCADA,1,"2019/09/05 12:40:00",TARALGA1,16.185010
D,DISPATCH,UNIT_SCADA,1,"2019/09/05 12:40:00",TARONG#1,349.100010
D,DISPATCH,UNIT_SCADA,1,"2019/09/05 12:40:00",TARONG#2,0
D,DISPATCH,UNIT_SCADA,1,"2019/09/05 12:40:00",TARONG#3,279.399990
D,DISPATCH,UNIT_SCADA,1,"2019/09/05 12:40:00",TARONG#4,348.700010
D,DISPATCH,UNIT_SCADA,1,"2019/09/05 12:40:00",TARRALEA,71
D,DISPATCH,UNIT_SCADA,1,"2019/09/05 12:40:00",TBSF1,88.40
D,DISPATCH,UNIT_SCADA,1,"2019/09/05 12:40:00",TNPS1,379.300020
D,DISPATCH,UNIT_SCADA,1,"2019/09/05 12:40:00",TORRA1,46.275710
D,DISPATCH,UNIT_SCADA,1,"2019/09/05 12:40:00",TORRA2,0
D,DISPATCH,UNIT_SCADA,1,"2019/09/05 12:40:00",TORRA3,0
D,DISPATCH,UNIT_SCADA,1,"2019/09/05 12:40:00",TORRA4,46.177480
D,DISPATCH,UNIT_SCADA,1,"2019/09/05 12:40:00",TORRB1,39.28
D,DISPATCH,UNIT_SCADA,1,"2019/09/05 12:40:00",TORRB2,39.97
D,DISPATCH,UNIT_SCADA,1,"2019/09/05 12:40:00",TORRB3,40.12
D,DISPATCH,UNIT_SCADA,1,"2019/09/05 12:40:00",TORRB4,0
D,DISPATCH,UNIT_SCADA,1,"2019/09/05 12:40:00",TREVALLN,2.10
D,DISPATCH,UNIT_SCADA,1,"2019/09/05 12:40:00",TRIBUTE,0
D,DISPATCH,UNIT_SCADA,1,"2019/09/05 12:40:00",TUMUT3,0
D,DISPATCH,UNIT_SCADA,1,"2019/09/05 12:40:00",TUNGATIN,62.960010
D,DISPATCH,UNIT_SCADA,1,"2019/09/05 12:40:00",TVCC201,0
D,DISPATCH,UNIT_SCADA,1,"2019/09/05 12:40:00",TVPP104,0
D,DISPATCH,UNIT_SCADA,1,"2019/09/05 12:40:00",UPPTUMUT,120.204170
D,DISPATCH,UNIT_SCADA,1,"2019/09/05 12:40:00",URANQ11,0
D,DISPATCH,UNIT_SCADA,1,"2019/09/05 12:40:00",URANQ12,0
D,DISPATCH,UNIT_SCADA,1,"2019/09/05 12:40:00",URANQ13,59.9375
D,DISPATCH,UNIT_SCADA,1,"2019/09/05 12:40:00",URANQ14,0
D,DISPATCH,UNIT_SCADA,1,"2019/09/05 12:40:00",VP5,507.950010
D,DISPATCH,UNIT_SCADA,1,"2019/09/05 12:40:00",VP6,0
D,DISPATCH,UNIT_SCADA,1,"2019/09/05 12:40:00",VPGS1,0
D,DISPATCH,UNIT_SCADA,1,"2019/09/05 12:40:00",VPGS2,0
D,DISPATCH,UNIT_SCADA,1,"2019/09/05 12:40:00",VPGS3,0
D,DISPATCH,UNIT_SCADA,1,"2019/09/05 12:40:00",VPGS4,0
D,DISPATCH,UNIT_SCADA,1,"2019/09/05 12:40:00",VPGS5,0
D,DISPATCH,UNIT_SCADA,1,"2019/09/05 12:40:00",VPGS6,0
D,DISPATCH,UNIT_SCADA,1,"2019/09/05 12:40:00",W/HOE#1,0
D,DISPATCH,UNIT_SCADA,1,"2019/09/05 12:40:00",W/HOE#2,0
D,DISPATCH,UNIT_SCADA,1,"2019/09/05 12:40:00",WATERLWF,54.30
D,DISPATCH,UNIT_SCADA,1,"2019/09/05 12:40:00",WEMENSF1,73.80
D,DISPATCH,UNIT_SCADA,1,"2019/09/05 12:40:00",WGWF1,47.20
D,DISPATCH,UNIT_SCADA,1,"2019/09/05 12:40:00",WHITSF1,0
D,DISPATCH,UNIT_SCADA,1,"2019/09/05 12:40:00",WKIEWA1,0
D,DISPATCH,UNIT_SCADA,1,"2019/09/05 12:40:00",WKIEWA2,0.10
D,DISPATCH,UNIT_SCADA,1,"2019/09/05 12:40:00",WOODLWN1,0
D,DISPATCH,UNIT_SCADA,1,"2019/09/05 12:40:00",WRSF1,19.84
D,DISPATCH,UNIT_SCADA,1,"2019/09/05 12:40:00",WRWF1,95.189990
D,DISPATCH,UNIT_SCADA,1,"2019/09/05 12:40:00",YABULU,0
D,DISPATCH,UNIT_SCADA,1,"2019/09/05 12:40:00",YABULU2,0
D,DISPATCH,UNIT_SCADA,1,"2019/09/05 12:40:00",YARWUN_1,119.75
D,DISPATCH,UNIT_SCADA,1,"2019/09/05 12:40:00",YENDWF1,4.35
D,DISPATCH,UNIT_SCADA,1,"2019/09/05 12:40:00",YWPS1,380.200010
D,DISPATCH,UNIT_SCADA,1,"2019/09/05 12:40:00",YWPS2,276.939240
D,DISPATCH,UNIT_SCADA,1,"2019/09/05 12:40:00",YWPS3,333.701260
D,DISPATCH,UNIT_SCADA,1,"2019/09/05 12:40:00",YWPS4,391.286070
C,"END OF REPORT",335
