C,NEMP.WORLD,DISPATCHSCADA,AEMO,PUBLIC,2019/08/22,18:20:08,0000000311877486,DISPATCHSCADA,0000000311877480
I,DISPATCH,UNIT_SCADA,1,SETTLEMENTDATE,DUID,SCADAVALUE
D,DISPATCH,UNIT_SCADA,1,"2019/08/22 18:25:00",BARCSF1,0.40
D,DISPATCH,UNIT_SCADA,1,"2019/08/22 18:25:00",BUTLERSG,9.699999
D,DISPATCH,UNIT_SCADA,1,"2019/08/22 18:25:00",CALL_A_4,0
D,DISPATCH,UNIT_SCADA,1,"2019/08/22 18:25:00",CAPTL_WF,61.800003
D,DISPATCH,UNIT_SCADA,1,"2019/08/22 18:25:00",CATHROCK,0
D,DISPATCH,UNIT_SCADA,1,"2019/08/22 18:25:00",CHALLHWF,6.50
D,DISPATCH,UNIT_SCADA,1,"2019/08/22 18:25:00",CLOVER,-0.01
D,DISPATCH,UNIT_SCADA,1,"2019/08/22 18:25:00",CLUNY,20.192722
D,DISPATCH,UNIT_SCADA,1,"2019/08/22 18:25:00",CNUNDAWF,3.604204
D,DISPATCH,UNIT_SCADA,1,"2019/08/22 18:25:00",CULLRGWF,0.45
D,DISPATCH,UNIT_SCADA,1,"2019/08/22 18:25:00",ERGT01,0
D,DISPATCH,UNIT_SCADA,1,"2019/08/22 18:25:00",GB01,0.070675
D,DISPATCH,UNIT_SCADA,1,"2019/08/22 18:25:00",GERMCRK,34.50
D,DISPATCH,UNIT_SCADA,1,"2019/08/22 18:25:00",GRIFSF1,0
D,DISPATCH,UNIT_SCADA,1,"2019/08/22 18:25:00",HUGSF1,-0.1010
D,DISPATCH,UNIT_SCADA,1,"2019/08/22 18:25:00",LKBONNY1,4.376159
D,DISPATCH,UNIT_SCADA,1,"2019/08/22 18:25:00",LRSF1,-0.0180
D,DISPATCH,UNIT_SCADA,1,"2019/08/22 18:25:00",MBAHNTH,46.443756
D,DISPATCH,UNIT_SCADA,1,"2019/08/22 18:25:00",MLSP1,0.180001
D,DISPATCH,UNIT_SCADA,1,"2019/08/22 18:25:00",MLWF1,0.72
D,DISPATCH,UNIT_SCADA,1,"2019/08/22 18:25:00",MTMILLAR,3.906688
D,DISPATCH,UNIT_SCADA,1,"2019/08/22 18:25:00",PALOONA,28.68
D,DISPATCH,UNIT_SCADA,1,"2019/08/22 18:25:00",PIONEER,40.799999
D,DISPATCH,UNIT_SCADA,1,"2019/08/22 18:25:00",PORTWF,0
D,DISPATCH,UNIT_SCADA,1,"2019/08/22 18:25:00",REPULSE,29.037918
D,DISPATCH,UNIT_SCADA,1,"2019/08/22 18:25:00",ROWALLAN,10.2027
D,DISPATCH,UNIT_SCADA,1,"2019/08/22 18:25:00",ROYALLA1,0
D,DISPATCH,UNIT_SCADA,1,"2019/08/22 18:25:00",RPCG,10.20
D,DISPATCH,UNIT_SCADA,1,"2019/08/22 18:25:00",RUBICON,0
D,DISPATCH,UNIT_SCADA,1,"2019/08/22 18:25:00",SATGN1,0
D,DISPATCH,UNIT_SCADA,1,"2019/08/22 18:25:00",SATGS1,0
D,DISPATCH,UNIT_SCADA,1,"2019/08/22 18:25:00",STARHLWF,-0.199942
D,DISPATCH,UNIT_SCADA,1,"2019/08/22 18:25:00",WAUBRAWF,59.181999
D,DISPATCH,UNIT_SCADA,1,"2019/08/22 18:25:00",WOOLNTH1,65.830017
D,DISPATCH,UNIT_SCADA,1,"2019/08/22 18:25:00",WPWF,0
D,DISPATCH,UNIT_SCADA,1,"2019/08/22 18:25:00",YAMBUKWF,0
D,DISPATCH,UNIT_SCADA,1,"2019/08/22 18:25:00",YSWF1,4.60
D,DISPATCH,UNIT_SCADA,1,"2019/08/22 18:25:00",AGLHAL,34.691920
D,DISPATCH,UNIT_SCADA,1,"2019/08/22 18:25:00",AGLSOM,81.20
D,DISPATCH,UNIT_SCADA,1,"2019/08/22 18:25:00",ANGAST1,0
D,DISPATCH,UNIT_SCADA,1,"2019/08/22 18:25:00",ARWF1,46.20
D,DISPATCH,UNIT_SCADA,1,"2019/08/22 18:25:00",BALBG1,0
D,DISPATCH,UNIT_SCADA,1,"2019/08/22 18:25:00",BALBL1,8.09
D,DISPATCH,UNIT_SCADA,1,"2019/08/22 18:25:00",BALDHWF1,58.6340
D,DISPATCH,UNIT_SCADA,1,"2019/08/22 18:25:00",BANN1,0
D,DISPATCH,UNIT_SCADA,1,"2019/08/22 18:25:00",BARCALDN,0
D,DISPATCH,UNIT_SCADA,1,"2019/08/22 18:25:00",BARRON-1,0
D,DISPATCH,UNIT_SCADA,1,"2019/08/22 18:25:00",BARRON-2,28.04
D,DISPATCH,UNIT_SCADA,1,"2019/08/22 18:25:00",BASTYAN,77.100010
D,DISPATCH,UNIT_SCADA,1,"2019/08/22 18:25:00",BBTHREE1,-1.86
D,DISPATCH,UNIT_SCADA,1,"2019/08/22 18:25:00",BBTHREE2,-1.90
D,DISPATCH,UNIT_SCADA,1,"2019/08/22 18:25:00",BBTHREE3,0
D,DISPATCH,UNIT_SCADA,1,"2019/08/22 18:25:00",BDL01,-0.06
D,DISPATCH,UNIT_SCADA,1,"2019/08/22 18:25:00",BDL02,44.64
D,DISPATCH,UNIT_SCADA,1,"2019/08/22 18:25:00",BERYLSF1,0
D,DISPATCH,UNIT_SCADA,1,"2019/08/22 18:25:00",BLOWERNG,0
D,DISPATCH,UNIT_SCADA,1,"2019/08/22 18:25:00",BLUFF1,2.50
D,DISPATCH,UNIT_SCADA,1,"2019/08/22 18:25:00",BNGSF1,0.65
D,DISPATCH,UNIT_SCADA,1,"2019/08/22 18:25:00",BNGSF2,0.19
D,DISPATCH,UNIT_SCADA,1,"2019/08/22 18:25:00",BOCORWF1,63.73
D,DISPATCH,UNIT_SCADA,1,"2019/08/22 18:25:00",BODWF1,86.001140
D,DISPATCH,UNIT_SCADA,1,"2019/08/22 18:25:00",BRAEMAR1,151.600010
D,DISPATCH,UNIT_SCADA,1,"2019/08/22 18:25:00",BRAEMAR2,172
D,DISPATCH,UNIT_SCADA,1,"2019/08/22 18:25:00",BRAEMAR3,166.600010
D,DISPATCH,UNIT_SCADA,1,"2019/08/22 18:25:00",BRAEMAR5,0
D,DISPATCH,UNIT_SCADA,1,"2019/08/22 18:25:00",BRAEMAR6,160.0282
D,DISPATCH,UNIT_SCADA,1,"2019/08/22 18:25:00",BRAEMAR7,164.791780
D,DISPATCH,UNIT_SCADA,1,"2019/08/22 18:25:00",BROKENH1,0
D,DISPATCH,UNIT_SCADA,1,"2019/08/22 18:25:00",BW01,654.825070
D,DISPATCH,UNIT_SCADA,1,"2019/08/22 18:25:00",BW02,656.400020
D,DISPATCH,UNIT_SCADA,1,"2019/08/22 18:25:00",BW03,657.699950
D,DISPATCH,UNIT_SCADA,1,"2019/08/22 18:25:00",BW04,0
D,DISPATCH,UNIT_SCADA,1,"2019/08/22 18:25:00",CALL_B_1,160
D,DISPATCH,UNIT_SCADA,1,"2019/08/22 18:25:00",CALL_B_2,350.700010
D,DISPATCH,UNIT_SCADA,1,"2019/08/22 18:25:00",CETHANA,98.543750
D,DISPATCH,UNIT_SCADA,1,"2019/08/22 18:25:00",CG1,0
D,DISPATCH,UNIT_SCADA,1,"2019/08/22 18:25:00",CG2,0
D,DISPATCH,UNIT_SCADA,1,"2019/08/22 18:25:00",CG3,0
D,DISPATCH,UNIT_SCADA,1,"2019/08/22 18:25:00",CG4,0
D,DISPATCH,UNIT_SCADA,1,"2019/08/22 18:25:00",CHILDSF1,0
D,DISPATCH,UNIT_SCADA,1,"2019/08/22 18:25:00",CLARESF1,0
D,DISPATCH,UNIT_SCADA,1,"2019/08/22 18:25:00",CLEMGPWF,-0.360180
D,DISPATCH,UNIT_SCADA,1,"2019/08/22 18:25:00",CLERMSF1,0.52
D,DISPATCH,UNIT_SCADA,1,"2019/08/22 18:25:00",COLEASF1,0
D,DISPATCH,UNIT_SCADA,1,"2019/08/22 18:25:00",COOPGWF1,35.956280
D,DISPATCH,UNIT_SCADA,1,"2019/08/22 18:25:00",CPP_3,403.975010
D,DISPATCH,UNIT_SCADA,1,"2019/08/22 18:25:00",CPP_4,403.975010
D,DISPATCH,UNIT_SCADA,1,"2019/08/22 18:25:00",CPSA,142.195010
D,DISPATCH,UNIT_SCADA,1,"2019/08/22 18:25:00",CROOKWF2,41.243750
D,DISPATCH,UNIT_SCADA,1,"2019/08/22 18:25:00",CROWLWF1,17.954820
D,DISPATCH,UNIT_SCADA,1,"2019/08/22 18:25:00",CSPVPS1,0
D,DISPATCH,UNIT_SCADA,1,"2019/08/22 18:25:00",DALNTH01,5.992220
D,DISPATCH,UNIT_SCADA,1,"2019/08/22 18:25:00",DALNTHL1,0
D,DISPATCH,UNIT_SCADA,1,"2019/08/22 18:25:00",DARTM1,132.80
D,DISPATCH,UNIT_SCADA,1,"2019/08/22 18:25:00",DAYDSF1,0
D,DISPATCH,UNIT_SCADA,1,"2019/08/22 18:25:00",DDPS1,622.139890
D,DISPATCH,UNIT_SCADA,1,"2019/08/22 18:25:00",DDSF1,0
D,DISPATCH,UNIT_SCADA,1,"2019/08/22 18:25:00",DEVILS_G,0
D,DISPATCH,UNIT_SCADA,1,"2019/08/22 18:25:00",DG_NSW1,0
D,DISPATCH,UNIT_SCADA,1,"2019/08/22 18:25:00",DG_QLD1,0
D,DISPATCH,UNIT_SCADA,1,"2019/08/22 18:25:00",DG_SA1,0
D,DISPATCH,UNIT_SCADA,1,"2019/08/22 18:25:00",DG_TAS1,0
D,DISPATCH,UNIT_SCADA,1,"2019/08/22 18:25:00",DG_VIC1,0
D,DISPATCH,UNIT_SCADA,1,"2019/08/22 18:25:00",DRYCGT1,0
D,DISPATCH,UNIT_SCADA,1,"2019/08/22 18:25:00",DRYCGT2,0
D,DISPATCH,UNIT_SCADA,1,"2019/08/22 18:25:00",DRYCGT3,0
D,DISPATCH,UNIT_SCADA,1,"2019/08/22 18:25:00",EILDON1,0
D,DISPATCH,UNIT_SCADA,1,"2019/08/22 18:25:00",EILDON2,36.96
D,DISPATCH,UNIT_SCADA,1,"2019/08/22 18:25:00",EMERASF1,0
D,DISPATCH,UNIT_SCADA,1,"2019/08/22 18:25:00",ER01,589.824950
D,DISPATCH,UNIT_SCADA,1,"2019/08/22 18:25:00",ER02,700.525020
D,DISPATCH,UNIT_SCADA,1,"2019/08/22 18:25:00",ER03,699.2251
D,DISPATCH,UNIT_SCADA,1,"2019/08/22 18:25:00",ER04,695.699950
D,DISPATCH,UNIT_SCADA,1,"2019/08/22 18:25:00",FINLYSF1,0
D,DISPATCH,UNIT_SCADA,1,"2019/08/22 18:25:00",FISHER,45.62
D,DISPATCH,UNIT_SCADA,1,"2019/08/22 18:25:00",GANNBG1,24.049660
D,DISPATCH,UNIT_SCADA,1,"2019/08/22 18:25:00",GANNBL1,0
D,DISPATCH,UNIT_SCADA,1,"2019/08/22 18:25:00",GANNSF1,0
D,DISPATCH,UNIT_SCADA,1,"2019/08/22 18:25:00",GORDON,132.919360
D,DISPATCH,UNIT_SCADA,1,"2019/08/22 18:25:00",GSTONE1,246.5750
D,DISPATCH,UNIT_SCADA,1,"2019/08/22 18:25:00",GSTONE2,230.1250
D,DISPATCH,UNIT_SCADA,1,"2019/08/22 18:25:00",GSTONE3,229.0750
D,DISPATCH,UNIT_SCADA,1,"2019/08/22 18:25:00",GSTONE4,241.50
D,DISPATCH,UNIT_SCADA,1,"2019/08/22 18:25:00",GSTONE5,246.9250
D,DISPATCH,UNIT_SCADA,1,"2019/08/22 18:25:00",GSTONE6,0
D,DISPATCH,UNIT_SCADA,1,"2019/08/22 18:25:00",GULLRSF1,0
D,DISPATCH,UNIT_SCADA,1,"2019/08/22 18:25:00",GULLRWF1,25.660610
D,DISPATCH,UNIT_SCADA,1,"2019/08/22 18:25:00",GUNNING1,4.623090
D,DISPATCH,UNIT_SCADA,1,"2019/08/22 18:25:00",GUTHEGA,31
D,DISPATCH,UNIT_SCADA,1,"2019/08/22 18:25:00",HALLWF1,-0.56
D,DISPATCH,UNIT_SCADA,1,"2019/08/22 18:25:00",HALLWF2,-0.33
D,DISPATCH,UNIT_SCADA,1,"2019/08/22 18:25:00",HAMISF1,0
D,DISPATCH,UNIT_SCADA,1,"2019/08/22 18:25:00",HAUGHT11,0
D,DISPATCH,UNIT_SCADA,1,"2019/08/22 18:25:00",HAYMSF1,0
D,DISPATCH,UNIT_SCADA,1,"2019/08/22 18:25:00",HDWF1,5.10
D,DISPATCH,UNIT_SCADA,1,"2019/08/22 18:25:00",HDWF2,6.20
D,DISPATCH,UNIT_SCADA,1,"2019/08/22 18:25:00",HDWF3,6.90
D,DISPATCH,UNIT_SCADA,1,"2019/08/22 18:25:00",HPRG1,0.30
D,DISPATCH,UNIT_SCADA,1,"2019/08/22 18:25:00",HPRL1,0
D,DISPATCH,UNIT_SCADA,1,"2019/08/22 18:25:00",HUMENSW,0
D,DISPATCH,UNIT_SCADA,1,"2019/08/22 18:25:00",HUMEV,8.20
D,DISPATCH,UNIT_SCADA,1,"2019/08/22 18:25:00",HVGTS,0
D,DISPATCH,UNIT_SCADA,1,"2019/08/22 18:25:00",JBUTTERS,135.739990
D,DISPATCH,UNIT_SCADA,1,"2019/08/22 18:25:00",JLA01,53.10
D,DISPATCH,UNIT_SCADA,1,"2019/08/22 18:25:00",JLA02,53.60
D,DISPATCH,UNIT_SCADA,1,"2019/08/22 18:25:00",JLA03,0.10
D,DISPATCH,UNIT_SCADA,1,"2019/08/22 18:25:00",JLA04,0.10
D,DISPATCH,UNIT_SCADA,1,"2019/08/22 18:25:00",JLB01,0
D,DISPATCH,UNIT_SCADA,1,"2019/08/22 18:25:00",JLB02,83.70
D,DISPATCH,UNIT_SCADA,1,"2019/08/22 18:25:00",JLB03,83.10
D,DISPATCH,UNIT_SCADA,1,"2019/08/22 18:25:00",KAREEYA1,21.45
D,DISPATCH,UNIT_SCADA,1,"2019/08/22 18:25:00",KAREEYA2,21.42
D,DISPATCH,UNIT_SCADA,1,"2019/08/22 18:25:00",KAREEYA3,0
D,DISPATCH,UNIT_SCADA,1,"2019/08/22 18:25:00",KAREEYA4,21.6925
D,DISPATCH,UNIT_SCADA,1,"2019/08/22 18:25:00",KARSF1,0
D,DISPATCH,UNIT_SCADA,1,"2019/08/22 18:25:00",KIATAWF1,9.10
D,DISPATCH,UNIT_SCADA,1,"2019/08/22 18:25:00",KPP_1,0
D,DISPATCH,UNIT_SCADA,1,"2019/08/22 18:25:00",KSP1,0
D,DISPATCH,UNIT_SCADA,1,"2019/08/22 18:25:00",LADBROK1,42.75
D,DISPATCH,UNIT_SCADA,1,"2019/08/22 18:25:00",LADBROK2,42.74
D,DISPATCH,UNIT_SCADA,1,"2019/08/22 18:25:00",LD01,416.7937
D,DISPATCH,UNIT_SCADA,1,"2019/08/22 18:25:00",LD02,417.824980
D,DISPATCH,UNIT_SCADA,1,"2019/08/22 18:25:00",LD03,420.131290
D,DISPATCH,UNIT_SCADA,1,"2019/08/22 18:25:00",LD04,380.043730
D,DISPATCH,UNIT_SCADA,1,"2019/08/22 18:25:00",LEM_WIL,86.237350
D,DISPATCH,UNIT_SCADA,1,"2019/08/22 18:25:00",LGAPWF1,10.28
D,DISPATCH,UNIT_SCADA,1,"2019/08/22 18:25:00",LILYSF1,0
D,DISPATCH,UNIT_SCADA,1,"2019/08/22 18:25:00",LI_WY_CA,149.103810
D,DISPATCH,UNIT_SCADA,1,"2019/08/22 18:25:00",LKBONNY2,13.223350
D,DISPATCH,UNIT_SCADA,1,"2019/08/22 18:25:00",LKBONNY3,2.400350
D,DISPATCH,UNIT_SCADA,1,"2019/08/22 18:25:00",LK_ECHO,0
D,DISPATCH,UNIT_SCADA,1,"2019/08/22 18:25:00",LNGS1,0
D,DISPATCH,UNIT_SCADA,1,"2019/08/22 18:25:00",LNGS2,0
D,DISPATCH,UNIT_SCADA,1,"2019/08/22 18:25:00",LONSDALE,0
D,DISPATCH,UNIT_SCADA,1,"2019/08/22 18:25:00",LOYYB1,533.456970
D,DISPATCH,UNIT_SCADA,1,"2019/08/22 18:25:00",LOYYB2,581.954410
D,DISPATCH,UNIT_SCADA,1,"2019/08/22 18:25:00",LYA1,560
D,DISPATCH,UNIT_SCADA,1,"2019/08/22 18:25:00",LYA2,0
D,DISPATCH,UNIT_SCADA,1,"2019/08/22 18:25:00",LYA3,560
D,DISPATCH,UNIT_SCADA,1,"2019/08/22 18:25:00",LYA4,540
D,DISPATCH,UNIT_SCADA,1,"2019/08/22 18:25:00",MACARTH1,0
D,DISPATCH,UNIT_SCADA,1,"2019/08/22 18:25:00",MACKAYGT,0
D,DISPATCH,UNIT_SCADA,1,"2019/08/22 18:25:00",MACKNTSH,85.500010
D,DISPATCH,UNIT_SCADA,1,"2019/08/22 18:25:00",MANSLR1,0
D,DISPATCH,UNIT_SCADA,1,"2019/08/22 18:25:00",MCKAY1,153.59
D,DISPATCH,UNIT_SCADA,1,"2019/08/22 18:25:00",MEADOWBK,34.0102
D,DISPATCH,UNIT_SCADA,1,"2019/08/22 18:25:00",MERCER01,8.2810
D,DISPATCH,UNIT_SCADA,1,"2019/08/22 18:25:00",MEWF1,11.822590
D,DISPATCH,UNIT_SCADA,1,"2019/08/22 18:25:00",MINTARO,0
D,DISPATCH,UNIT_SCADA,1,"2019/08/22 18:25:00",MOREESF1,0
D,DISPATCH,UNIT_SCADA,1,"2019/08/22 18:25:00",MORTLK11,260
D,DISPATCH,UNIT_SCADA,1,"2019/08/22 18:25:00",MORTLK12,0
D,DISPATCH,UNIT_SCADA,1,"2019/08/22 18:25:00",MP1,379.974980
D,DISPATCH,UNIT_SCADA,1,"2019/08/22 18:25:00",MP2,0
D,DISPATCH,UNIT_SCADA,1,"2019/08/22 18:25:00",MPP_1,409
D,DISPATCH,UNIT_SCADA,1,"2019/08/22 18:25:00",MPP_2,435.25
D,DISPATCH,UNIT_SCADA,1,"2019/08/22 18:25:00",MSTUART1,0
D,DISPATCH,UNIT_SCADA,1,"2019/08/22 18:25:00",MSTUART2,0
D,DISPATCH,UNIT_SCADA,1,"2019/08/22 18:25:00",MSTUART3,0
D,DISPATCH,UNIT_SCADA,1,"2019/08/22 18:25:00",MTGELWF1,11.272010
D,DISPATCH,UNIT_SCADA,1,"2019/08/22 18:25:00",MURRAY,782.5752
D,DISPATCH,UNIT_SCADA,1,"2019/08/22 18:25:00",MUSSELR1,42.70
D,DISPATCH,UNIT_SCADA,1,"2019/08/22 18:25:00",MUWAWF1,1.86
D,DISPATCH,UNIT_SCADA,1,"2019/08/22 18:25:00",NBHWF1,-0.60
D,DISPATCH,UNIT_SCADA,1,"2019/08/22 18:25:00",NPS,510.75
D,DISPATCH,UNIT_SCADA,1,"2019/08/22 18:25:00",NUMURSF1,0
D,DISPATCH,UNIT_SCADA,1,"2019/08/22 18:25:00",NYNGAN1,0
D,DISPATCH,UNIT_SCADA,1,"2019/08/22 18:25:00",OAKEY1,0
D,DISPATCH,UNIT_SCADA,1,"2019/08/22 18:25:00",OAKEY1SF,0.02
D,DISPATCH,UNIT_SCADA,1,"2019/08/22 18:25:00",OAKEY2,0
D,DISPATCH,UNIT_SCADA,1,"2019/08/22 18:25:00",OAKLAND1,7.30
D,DISPATCH,UNIT_SCADA,1,"2019/08/22 18:25:00",OSB-AG,183.50
D,DISPATCH,UNIT_SCADA,1,"2019/08/22 18:25:00",PARSF1,0
D,DISPATCH,UNIT_SCADA,1,"2019/08/22 18:25:00",POAT110,77.425770
D,DISPATCH,UNIT_SCADA,1,"2019/08/22 18:25:00",POAT220,139.885130
D,DISPATCH,UNIT_SCADA,1,"2019/08/22 18:25:00",POR01,0
D,DISPATCH,UNIT_SCADA,1,"2019/08/22 18:25:00",POR03,0
D,DISPATCH,UNIT_SCADA,1,"2019/08/22 18:25:00",PPCCGT,493.669160
D,DISPATCH,UNIT_SCADA,1,"2019/08/22 18:25:00",PTSTAN1,0
D,DISPATCH,UNIT_SCADA,1,"2019/08/22 18:25:00",PUMP1,0
D,DISPATCH,UNIT_SCADA,1,"2019/08/22 18:25:00",PUMP2,0
D,DISPATCH,UNIT_SCADA,1,"2019/08/22 18:25:00",QPS1,29.10
D,DISPATCH,UNIT_SCADA,1,"2019/08/22 18:25:00",QPS2,0
D,DISPATCH,UNIT_SCADA,1,"2019/08/22 18:25:00",QPS3,0
D,DISPATCH,UNIT_SCADA,1,"2019/08/22 18:25:00",QPS4,0
D,DISPATCH,UNIT_SCADA,1,"2019/08/22 18:25:00",QPS5,124.45
D,DISPATCH,UNIT_SCADA,1,"2019/08/22 18:25:00",REECE1,120.340010
D,DISPATCH,UNIT_SCADA,1,"2019/08/22 18:25:00",REECE2,117.280010
D,DISPATCH,UNIT_SCADA,1,"2019/08/22 18:25:00",ROMA_7,0
D,DISPATCH,UNIT_SCADA,1,"2019/08/22 18:25:00",ROMA_8,0
D,DISPATCH,UNIT_SCADA,1,"2019/08/22 18:25:00",RRSF1,0
D,DISPATCH,UNIT_SCADA,1,"2019/08/22 18:25:00",RT_NSW1,0
D,DISPATCH,UNIT_SCADA,1,"2019/08/22 18:25:00",RT_NSW2,0
D,DISPATCH,UNIT_SCADA,1,"2019/08/22 18:25:00",RT_NSW3,0
D,DISPATCH,UNIT_SCADA,1,"2019/08/22 18:25:00",RT_NSW4,0
D,DISPATCH,UNIT_SCADA,1,"2019/08/22 18:25:00",RT_NSW5,0
D,DISPATCH,UNIT_SCADA,1,"2019/08/22 18:25:00",RT_NSW6,0
D,DISPATCH,UNIT_SCADA,1,"2019/08/22 18:25:00",RT_QLD1,0
D,DISPATCH,UNIT_SCADA,1,"2019/08/22 18:25:00",RT_SA1,0
D,DISPATCH,UNIT_SCADA,1,"2019/08/22 18:25:00",RT_SA2,0
D,DISPATCH,UNIT_SCADA,1,"2019/08/22 18:25:00",RT_SA3,0
D,DISPATCH,UNIT_SCADA,1,"2019/08/22 18:25:00",RT_SA4,0
D,DISPATCH,UNIT_SCADA,1,"2019/08/22 18:25:00",RT_SA5,0
D,DISPATCH,UNIT_SCADA,1,"2019/08/22 18:25:00",RT_SA6,0
D,DISPATCH,UNIT_SCADA,1,"2019/08/22 18:25:00",RT_TAS1,0
D,DISPATCH,UNIT_SCADA,1,"2019/08/22 18:25:00",RT_VIC1,0
D,DISPATCH,UNIT_SCADA,1,"2019/08/22 18:25:00",RT_VIC10,0
D,DISPATCH,UNIT_SCADA,1,"2019/08/22 18:25:00",RT_VIC11,0
D,DISPATCH,UNIT_SCADA,1,"2019/08/22 18:25:00",RT_VIC12,0
D,DISPATCH,UNIT_SCADA,1,"2019/08/22 18:25:00",RT_VIC2,0
D,DISPATCH,UNIT_SCADA,1,"2019/08/22 18:25:00",RT_VIC3,0
D,DISPATCH,UNIT_SCADA,1,"2019/08/22 18:25:00",RT_VIC4,0
D,DISPATCH,UNIT_SCADA,1,"2019/08/22 18:25:00",RT_VIC5,0
D,DISPATCH,UNIT_SCADA,1,"2019/08/22 18:25:00",RT_VIC6,0
D,DISPATCH,UNIT_SCADA,1,"2019/08/22 18:25:00",RT_VIC7,0
D,DISPATCH,UNIT_SCADA,1,"2019/08/22 18:25:00",RT_VIC8,0
D,DISPATCH,UNIT_SCADA,1,"2019/08/22 18:25:00",RT_VIC9,0
D,DISPATCH,UNIT_SCADA,1,"2019/08/22 18:25:00",RUGBYR1,0
D,DISPATCH,UNIT_SCADA,1,"2019/08/22 18:25:00",SALTCRK1,3.44
D,DISPATCH,UNIT_SCADA,1,"2019/08/22 18:25:00",SAPHWF1,192.356260
D,DISPATCH,UNIT_SCADA,1,"2019/08/22 18:25:00",SHGEN,196.883070
D,DISPATCH,UNIT_SCADA,1,"2019/08/22 18:25:00",SHPUMP,0
D,DISPATCH,UNIT_SCADA,1,"2019/08/22 18:25:00",SITHE01,81.189040
D,DISPATCH,UNIT_SCADA,1,"2019/08/22 18:25:00",SMCSF1,0
D,DISPATCH,UNIT_SCADA,1,"2019/08/22 18:25:00",SNOWNTH1,4.10
D,DISPATCH,UNIT_SCADA,1,"2019/08/22 18:25:00",SNOWSTH1,12.80
D,DISPATCH,UNIT_SCADA,1,"2019/08/22 18:25:00",SNOWTWN1,1.145170
D,DISPATCH,UNIT_SCADA,1,"2019/08/22 18:25:00",SNOWYP,0
D,DISPATCH,UNIT_SCADA,1,"2019/08/22 18:25:00",SNUG1,0.019440
D,DISPATCH,UNIT_SCADA,1,"2019/08/22 18:25:00",SRSF1,0.43
D,DISPATCH,UNIT_SCADA,1,"2019/08/22 18:25:00",STAN-1,0
D,DISPATCH,UNIT_SCADA,1,"2019/08/22 18:25:00",STAN-2,346.183140
D,DISPATCH,UNIT_SCADA,1,"2019/08/22 18:25:00",STAN-3,338.402740
D,DISPATCH,UNIT_SCADA,1,"2019/08/22 18:25:00",STAN-4,365.217590
D,DISPATCH,UNIT_SCADA,1,"2019/08/22 18:25:00",STWF1,75.645020
D,DISPATCH,UNIT_SCADA,1,"2019/08/22 18:25:00",SWAN_E,0
D,DISPATCH,UNIT_SCADA,1,"2019/08/22 18:25:00",TALWA1,422
D,DISPATCH,UNIT_SCADA,1,"2019/08/22 18:25:00",TARALGA1,16.2525
D,DISPATCH,UNIT_SCADA,1,"2019/08/22 18:25:00",TARONG#1,331
D,DISPATCH,UNIT_SCADA,1,"2019/08/22 18:25:00",TARONG#2,331.200010
D,DISPATCH,UNIT_SCADA,1,"2019/08/22 18:25:00",TARONG#3,261.899990
D,DISPATCH,UNIT_SCADA,1,"2019/08/22 18:25:00",TARONG#4,349
D,DISPATCH,UNIT_SCADA,1,"2019/08/22 18:25:00",TARRALEA,83.600010
D,DISPATCH,UNIT_SCADA,1,"2019/08/22 18:25:00",TBSF1,-0.20
D,DISPATCH,UNIT_SCADA,1,"2019/08/22 18:25:00",TNPS1,442.300020
D,DISPATCH,UNIT_SCADA,1,"2019/08/22 18:25:00",TORRA1,117.767240
D,DISPATCH,UNIT_SCADA,1,"2019/08/22 18:25:00",TORRA2,0
D,DISPATCH,UNIT_SCADA,1,"2019/08/22 18:25:00",TORRA3,40.107640
D,DISPATCH,UNIT_SCADA,1,"2019/08/22 18:25:00",TORRA4,104.261190
D,DISPATCH,UNIT_SCADA,1,"2019/08/22 18:25:00",TORRB1,131.77
D,DISPATCH,UNIT_SCADA,1,"2019/08/22 18:25:00",TORRB2,193.009990
D,DISPATCH,UNIT_SCADA,1,"2019/08/22 18:25:00",TORRB3,0
D,DISPATCH,UNIT_SCADA,1,"2019/08/22 18:25:00",TORRB4,0
D,DISPATCH,UNIT_SCADA,1,"2019/08/22 18:25:00",TREVALLN,86.610030
D,DISPATCH,UNIT_SCADA,1,"2019/08/22 18:25:00",TRIBUTE,83.97
D,DISPATCH,UNIT_SCADA,1,"2019/08/22 18:25:00",TUMUT3,0
D,DISPATCH,UNIT_SCADA,1,"2019/08/22 18:25:00",TUNGATIN,138.450030
D,DISPATCH,UNIT_SCADA,1,"2019/08/22 18:25:00",TVCC201,0
D,DISPATCH,UNIT_SCADA,1,"2019/08/22 18:25:00",TVPP104,57.904710
D,DISPATCH,UNIT_SCADA,1,"2019/08/22 18:25:00",UPPTUMUT,397.087860
D,DISPATCH,UNIT_SCADA,1,"2019/08/22 18:25:00",URANQ11,166.149990
D,DISPATCH,UNIT_SCADA,1,"2019/08/22 18:25:00",URANQ12,166.168760
D,DISPATCH,UNIT_SCADA,1,"2019/08/22 18:25:00",URANQ13,0
D,DISPATCH,UNIT_SCADA,1,"2019/08/22 18:25:00",URANQ14,0
D,DISPATCH,UNIT_SCADA,1,"2019/08/22 18:25:00",VP5,628.325010
D,DISPATCH,UNIT_SCADA,1,"2019/08/22 18:25:00",VP6,626.400020
D,DISPATCH,UNIT_SCADA,1,"2019/08/22 18:25:00",VPGS1,0
D,DISPATCH,UNIT_SCADA,1,"2019/08/22 18:25:00",VPGS2,0
D,DISPATCH,UNIT_SCADA,1,"2019/08/22 18:25:00",VPGS3,0
D,DISPATCH,UNIT_SCADA,1,"2019/08/22 18:25:00",VPGS4,0
D,DISPATCH,UNIT_SCADA,1,"2019/08/22 18:25:00",VPGS5,0
D,DISPATCH,UNIT_SCADA,1,"2019/08/22 18:25:00",VPGS6,0
D,DISPATCH,UNIT_SCADA,1,"2019/08/22 18:25:00",W/HOE#1,160.399990
D,DISPATCH,UNIT_SCADA,1,"2019/08/22 18:25:00",W/HOE#2,0
D,DISPATCH,UNIT_SCADA,1,"2019/08/22 18:25:00",WATERLWF,-0.90
D,DISPATCH,UNIT_SCADA,1,"2019/08/22 18:25:00",WEMENSF1,0
D,DISPATCH,UNIT_SCADA,1,"2019/08/22 18:25:00",WGWF1,8
D,DISPATCH,UNIT_SCADA,1,"2019/08/22 18:25:00",WHITSF1,0
D,DISPATCH,UNIT_SCADA,1,"2019/08/22 18:25:00",WKIEWA1,0
D,DISPATCH,UNIT_SCADA,1,"2019/08/22 18:25:00",WKIEWA2,0.10
D,DISPATCH,UNIT_SCADA,1,"2019/08/22 18:25:00",WOODLWN1,16.4790
D,DISPATCH,UNIT_SCADA,1,"2019/08/22 18:25:00",WRSF1,0
D,DISPATCH,UNIT_SCADA,1,"2019/08/22 18:25:00",WRWF1,87.035020
D,DISPATCH,UNIT_SCADA,1,"2019/08/22 18:25:00",YABULU,0
D,DISPATCH,UNIT_SCADA,1,"2019/08/22 18:25:00",YABULU2,0
D,DISPATCH,UNIT_SCADA,1,"2019/08/22 18:25:00",YARWUN_1,0
D,DISPATCH,UNIT_SCADA,1,"2019/08/22 18:25:00",YENDWF1,19.95
D,DISPATCH,UNIT_SCADA,1,"2019/08/22 18:25:00",YWPS1,367.417720
D,DISPATCH,UNIT_SCADA,1,"2019/08/22 18:25:00",YWPS2,278.944310
D,DISPATCH,UNIT_SCADA,1,"2019/08/22 18:25:00",YWPS3,0
D,DISPATCH,UNIT_SCADA,1,"2019/08/22 18:25:00",YWPS4,393.826570
C,"END OF REPORT",334
