C,NEMP.WORLD,DISPATCHSCADA,AEMO,PUBLIC,2019/09/05,04:45:08,0000000312409004,DISPATCHSCADA,0000000312408998
I,DISPATCH,UNIT_SCADA,1,SETTLEMENTDATE,DUID,SCADAVALUE
D,DISPATCH,UNIT_SCADA,1,"2019/09/05 04:50:00",BARCSF1,0
D,DISPATCH,UNIT_SCADA,1,"2019/09/05 04:50:00",BUTLERSG,10.199999
D,DISPATCH,UNIT_SCADA,1,"2019/09/05 04:50:00",CALL_A_4,0
D,DISPATCH,UNIT_SCADA,1,"2019/09/05 04:50:00",CAPTL_WF,0
D,DISPATCH,UNIT_SCADA,1,"2019/09/05 04:50:00",CATHROCK,4.39
D,DISPATCH,UNIT_SCADA,1,"2019/09/05 04:50:00",CHALLHWF,0.30
D,DISPATCH,UNIT_SCADA,1,"2019/09/05 04:50:00",CLOVER,-0.01
D,DISPATCH,UNIT_SCADA,1,"2019/09/05 04:50:00",CLUNY,12.077363
D,DISPATCH,UNIT_SCADA,1,"2019/09/05 04:50:00",CNUNDAWF,5.306190
D,DISPATCH,UNIT_SCADA,1,"2019/09/05 04:50:00",CULLRGWF,1.39
D,DISPATCH,UNIT_SCADA,1,"2019/09/05 04:50:00",ERGT01,0
D,DISPATCH,UNIT_SCADA,1,"2019/09/05 04:50:00",GB01,0.015579
D,DISPATCH,UNIT_SCADA,1,"2019/09/05 04:50:00",GERMCRK,40.799999
D,DISPATCH,UNIT_SCADA,1,"2019/09/05 04:50:00",GRIFSF1,0
D,DISPATCH,UNIT_SCADA,1,"2019/09/05 04:50:00",HUGSF1,-0.19
D,DISPATCH,UNIT_SCADA,1,"2019/09/05 04:50:00",LKBONNY1,11.163671
D,DISPATCH,UNIT_SCADA,1,"2019/09/05 04:50:00",LRSF1,-0.0310
D,DISPATCH,UNIT_SCADA,1,"2019/09/05 04:50:00",MBAHNTH,35.081253
D,DISPATCH,UNIT_SCADA,1,"2019/09/05 04:50:00",MLSP1,0.366001
D,DISPATCH,UNIT_SCADA,1,"2019/09/05 04:50:00",MLWF1,1.5750
D,DISPATCH,UNIT_SCADA,1,"2019/09/05 04:50:00",MTMILLAR,8.706334
D,DISPATCH,UNIT_SCADA,1,"2019/09/05 04:50:00",PALOONA,17.84
D,DISPATCH,UNIT_SCADA,1,"2019/09/05 04:50:00",PIONEER,41.900002
D,DISPATCH,UNIT_SCADA,1,"2019/09/05 04:50:00",PORTWF,24.299999
D,DISPATCH,UNIT_SCADA,1,"2019/09/05 04:50:00",REPULSE,19.950867
D,DISPATCH,UNIT_SCADA,1,"2019/09/05 04:50:00",ROWALLAN,10.3944
D,DISPATCH,UNIT_SCADA,1,"2019/09/05 04:50:00",ROYALLA1,0
D,DISPATCH,UNIT_SCADA,1,"2019/09/05 04:50:00",RPCG,11.90
D,DISPATCH,UNIT_SCADA,1,"2019/09/05 04:50:00",RUBICON,0
D,DISPATCH,UNIT_SCADA,1,"2019/09/05 04:50:00",SATGN1,0
D,DISPATCH,UNIT_SCADA,1,"2019/09/05 04:50:00",SATGS1,0
D,DISPATCH,UNIT_SCADA,1,"2019/09/05 04:50:00",STARHLWF,2.199359
D,DISPATCH,UNIT_SCADA,1,"2019/09/05 04:50:00",WAUBRAWF,4.05
D,DISPATCH,UNIT_SCADA,1,"2019/09/05 04:50:00",WOOLNTH1,-0.799985
D,DISPATCH,UNIT_SCADA,1,"2019/09/05 04:50:00",WPWF,11
D,DISPATCH,UNIT_SCADA,1,"2019/09/05 04:50:00",YAMBUKWF,5.90
D,DISPATCH,UNIT_SCADA,1,"2019/09/05 04:50:00",YSWF1,1
D,DISPATCH,UNIT_SCADA,1,"2019/09/05 04:50:00",AGLHAL,0
D,DISPATCH,UNIT_SCADA,1,"2019/09/05 04:50:00",AGLSOM,0
D,DISPATCH,UNIT_SCADA,1,"2019/09/05 04:50:00",ANGAST1,0
D,DISPATCH,UNIT_SCADA,1,"2019/09/05 04:50:00",ARWF1,10.10
D,DISPATCH,UNIT_SCADA,1,"2019/09/05 04:50:00",BALBG1,0
D,DISPATCH,UNIT_SCADA,1,"2019/09/05 04:50:00",BALBL1,0
D,DISPATCH,UNIT_SCADA,1,"2019/09/05 04:50:00",BALDHWF1,0
D,DISPATCH,UNIT_SCADA,1,"2019/09/05 04:50:00",BANN1,0
D,DISPATCH,UNIT_SCADA,1,"2019/09/05 04:50:00",BARCALDN,0
D,DISPATCH,UNIT_SCADA,1,"2019/09/05 04:50:00",BARRON-1,0
D,DISPATCH,UNIT_SCADA,1,"2019/09/05 04:50:00",BARRON-2,0
D,DISPATCH,UNIT_SCADA,1,"2019/09/05 04:50:00",BASTYAN,80.540010
D,DISPATCH,UNIT_SCADA,1,"2019/09/05 04:50:00",BBTHREE1,0
D,DISPATCH,UNIT_SCADA,1,"2019/09/05 04:50:00",BBTHREE2,0
D,DISPATCH,UNIT_SCADA,1,"2019/09/05 04:50:00",BBTHREE3,0
D,DISPATCH,UNIT_SCADA,1,"2019/09/05 04:50:00",BDL01,0
D,DISPATCH,UNIT_SCADA,1,"2019/09/05 04:50:00",BDL02,0
D,DISPATCH,UNIT_SCADA,1,"2019/09/05 04:50:00",BERYLSF1,0
D,DISPATCH,UNIT_SCADA,1,"2019/09/05 04:50:00",BLOWERNG,11.10
D,DISPATCH,UNIT_SCADA,1,"2019/09/05 04:50:00",BLUFF1,0
D,DISPATCH,UNIT_SCADA,1,"2019/09/05 04:50:00",BNGSF1,0
D,DISPATCH,UNIT_SCADA,1,"2019/09/05 04:50:00",BNGSF2,0
D,DISPATCH,UNIT_SCADA,1,"2019/09/05 04:50:00",BOCORWF1,3.92
D,DISPATCH,UNIT_SCADA,1,"2019/09/05 04:50:00",BODWF1,4.672690
D,DISPATCH,UNIT_SCADA,1,"2019/09/05 04:50:00",BRAEMAR1,0
D,DISPATCH,UNIT_SCADA,1,"2019/09/05 04:50:00",BRAEMAR2,0
D,DISPATCH,UNIT_SCADA,1,"2019/09/05 04:50:00",BRAEMAR3,0
D,DISPATCH,UNIT_SCADA,1,"2019/09/05 04:50:00",BRAEMAR5,0
D,DISPATCH,UNIT_SCADA,1,"2019/09/05 04:50:00",BRAEMAR6,0
D,DISPATCH,UNIT_SCADA,1,"2019/09/05 04:50:00",BRAEMAR7,0
D,DISPATCH,UNIT_SCADA,1,"2019/09/05 04:50:00",BROKENH1,0
D,DISPATCH,UNIT_SCADA,1,"2019/09/05 04:50:00",BW01,557.1250
D,DISPATCH,UNIT_SCADA,1,"2019/09/05 04:50:00",BW02,598.974980
D,DISPATCH,UNIT_SCADA,1,"2019/09/05 04:50:00",BW03,617.424930
D,DISPATCH,UNIT_SCADA,1,"2019/09/05 04:50:00",BW04,0
D,DISPATCH,UNIT_SCADA,1,"2019/09/05 04:50:00",CALL_B_1,350.100010
D,DISPATCH,UNIT_SCADA,1,"2019/09/05 04:50:00",CALL_B_2,349.800020
D,DISPATCH,UNIT_SCADA,1,"2019/09/05 04:50:00",CETHANA,80.2220
D,DISPATCH,UNIT_SCADA,1,"2019/09/05 04:50:00",CG1,0
D,DISPATCH,UNIT_SCADA,1,"2019/09/05 04:50:00",CG2,0
D,DISPATCH,UNIT_SCADA,1,"2019/09/05 04:50:00",CG3,0
D,DISPATCH,UNIT_SCADA,1,"2019/09/05 04:50:00",CG4,0
D,DISPATCH,UNIT_SCADA,1,"2019/09/05 04:50:00",CHILDSF1,0
D,DISPATCH,UNIT_SCADA,1,"2019/09/05 04:50:00",CLARESF1,0
D,DISPATCH,UNIT_SCADA,1,"2019/09/05 04:50:00",CLEMGPWF,-0.432210
D,DISPATCH,UNIT_SCADA,1,"2019/09/05 04:50:00",CLERMSF1,0
D,DISPATCH,UNIT_SCADA,1,"2019/09/05 04:50:00",COLEASF1,0
D,DISPATCH,UNIT_SCADA,1,"2019/09/05 04:50:00",COOPGWF1,4.089890
D,DISPATCH,UNIT_SCADA,1,"2019/09/05 04:50:00",CPP_3,406.725010
D,DISPATCH,UNIT_SCADA,1,"2019/09/05 04:50:00",CPP_4,405.350010
D,DISPATCH,UNIT_SCADA,1,"2019/09/05 04:50:00",CPSA,141.177510
D,DISPATCH,UNIT_SCADA,1,"2019/09/05 04:50:00",CROOKWF2,10.023760
D,DISPATCH,UNIT_SCADA,1,"2019/09/05 04:50:00",CROWLWF1,2.524290
D,DISPATCH,UNIT_SCADA,1,"2019/09/05 04:50:00",CSPVPS1,0
D,DISPATCH,UNIT_SCADA,1,"2019/09/05 04:50:00",DALNTH01,0
D,DISPATCH,UNIT_SCADA,1,"2019/09/05 04:50:00",DALNTHL1,0.1297
D,DISPATCH,UNIT_SCADA,1,"2019/09/05 04:50:00",DARTM1,133.70
D,DISPATCH,UNIT_SCADA,1,"2019/09/05 04:50:00",DAYDSF1,0
D,DISPATCH,UNIT_SCADA,1,"2019/09/05 04:50:00",DDPS1,312.682710
D,DISPATCH,UNIT_SCADA,1,"2019/09/05 04:50:00",DDSF1,0
D,DISPATCH,UNIT_SCADA,1,"2019/09/05 04:50:00",DEVILS_G,56.400650
D,DISPATCH,UNIT_SCADA,1,"2019/09/05 04:50:00",DG_NSW1,0
D,DISPATCH,UNIT_SCADA,1,"2019/09/05 04:50:00",DG_QLD1,0
D,DISPATCH,UNIT_SCADA,1,"2019/09/05 04:50:00",DG_SA1,0
D,DISPATCH,UNIT_SCADA,1,"2019/09/05 04:50:00",DG_TAS1,0
D,DISPATCH,UNIT_SCADA,1,"2019/09/05 04:50:00",DG_VIC1,0
D,DISPATCH,UNIT_SCADA,1,"2019/09/05 04:50:00",DRYCGT1,0
D,DISPATCH,UNIT_SCADA,1,"2019/09/05 04:50:00",DRYCGT2,0
D,DISPATCH,UNIT_SCADA,1,"2019/09/05 04:50:00",DRYCGT3,0
D,DISPATCH,UNIT_SCADA,1,"2019/09/05 04:50:00",EILDON1,0
D,DISPATCH,UNIT_SCADA,1,"2019/09/05 04:50:00",EILDON2,0
D,DISPATCH,UNIT_SCADA,1,"2019/09/05 04:50:00",EMERASF1,0
D,DISPATCH,UNIT_SCADA,1,"2019/09/05 04:50:00",ER01,590.900020
D,DISPATCH,UNIT_SCADA,1,"2019/09/05 04:50:00",ER02,350.224980
D,DISPATCH,UNIT_SCADA,1,"2019/09/05 04:50:00",ER03,0
D,DISPATCH,UNIT_SCADA,1,"2019/09/05 04:50:00",ER04,553.724980
D,DISPATCH,UNIT_SCADA,1,"2019/09/05 04:50:00",FINLYSF1,0
D,DISPATCH,UNIT_SCADA,1,"2019/09/05 04:50:00",FISHER,45.91
D,DISPATCH,UNIT_SCADA,1,"2019/09/05 04:50:00",GANNBG1,0
D,DISPATCH,UNIT_SCADA,1,"2019/09/05 04:50:00",GANNBL1,10.008630
D,DISPATCH,UNIT_SCADA,1,"2019/09/05 04:50:00",GANNSF1,0
D,DISPATCH,UNIT_SCADA,1,"2019/09/05 04:50:00",GORDON,21.216720
D,DISPATCH,UNIT_SCADA,1,"2019/09/05 04:50:00",GSTONE1,184.274990
D,DISPATCH,UNIT_SCADA,1,"2019/09/05 04:50:00",GSTONE2,181.474990
D,DISPATCH,UNIT_SCADA,1,"2019/09/05 04:50:00",GSTONE3,0
D,DISPATCH,UNIT_SCADA,1,"2019/09/05 04:50:00",GSTONE4,203.349990
D,DISPATCH,UNIT_SCADA,1,"2019/09/05 04:50:00",GSTONE5,183.5750
D,DISPATCH,UNIT_SCADA,1,"2019/09/05 04:50:00",GSTONE6,185.3250
D,DISPATCH,UNIT_SCADA,1,"2019/09/05 04:50:00",GULLRSF1,0
D,DISPATCH,UNIT_SCADA,1,"2019/09/05 04:50:00",GULLRWF1,33.1254
D,DISPATCH,UNIT_SCADA,1,"2019/09/05 04:50:00",GUNNING1,4.166840
D,DISPATCH,UNIT_SCADA,1,"2019/09/05 04:50:00",GUTHEGA,0
D,DISPATCH,UNIT_SCADA,1,"2019/09/05 04:50:00",HALLWF1,-0.45
D,DISPATCH,UNIT_SCADA,1,"2019/09/05 04:50:00",HALLWF2,-0.36
D,DISPATCH,UNIT_SCADA,1,"2019/09/05 04:50:00",HAMISF1,0
D,DISPATCH,UNIT_SCADA,1,"2019/09/05 04:50:00",HAUGHT11,0
D,DISPATCH,UNIT_SCADA,1,"2019/09/05 04:50:00",HAYMSF1,0
D,DISPATCH,UNIT_SCADA,1,"2019/09/05 04:50:00",HDWF1,5.10
D,DISPATCH,UNIT_SCADA,1,"2019/09/05 04:50:00",HDWF2,2.90
D,DISPATCH,UNIT_SCADA,1,"2019/09/05 04:50:00",HDWF3,2.50
D,DISPATCH,UNIT_SCADA,1,"2019/09/05 04:50:00",HPRG1,11.30
D,DISPATCH,UNIT_SCADA,1,"2019/09/05 04:50:00",HPRL1,0
D,DISPATCH,UNIT_SCADA,1,"2019/09/05 04:50:00",HUMENSW,0
D,DISPATCH,UNIT_SCADA,1,"2019/09/05 04:50:00",HUMEV,26.10
D,DISPATCH,UNIT_SCADA,1,"2019/09/05 04:50:00",HVGTS,0
D,DISPATCH,UNIT_SCADA,1,"2019/09/05 04:50:00",JBUTTERS,41.47
D,DISPATCH,UNIT_SCADA,1,"2019/09/05 04:50:00",JLA01,0.10
D,DISPATCH,UNIT_SCADA,1,"2019/09/05 04:50:00",JLA02,0
D,DISPATCH,UNIT_SCADA,1,"2019/09/05 04:50:00",JLA03,0
D,DISPATCH,UNIT_SCADA,1,"2019/09/05 04:50:00",JLA04,0
D,DISPATCH,UNIT_SCADA,1,"2019/09/05 04:50:00",JLB01,0
D,DISPATCH,UNIT_SCADA,1,"2019/09/05 04:50:00",JLB02,0.10
D,DISPATCH,UNIT_SCADA,1,"2019/09/05 04:50:00",JLB03,0
D,DISPATCH,UNIT_SCADA,1,"2019/09/05 04:50:00",KAREEYA1,21.54
D,DISPATCH,UNIT_SCADA,1,"2019/09/05 04:50:00",KAREEYA2,21.61
D,DISPATCH,UNIT_SCADA,1,"2019/09/05 04:50:00",KAREEYA3,0
D,DISPATCH,UNIT_SCADA,1,"2019/09/05 04:50:00",KAREEYA4,21.57
D,DISPATCH,UNIT_SCADA,1,"2019/09/05 04:50:00",KARSF1,0
D,DISPATCH,UNIT_SCADA,1,"2019/09/05 04:50:00",KIATAWF1,9.10
D,DISPATCH,UNIT_SCADA,1,"2019/09/05 04:50:00",KPP_1,0
D,DISPATCH,UNIT_SCADA,1,"2019/09/05 04:50:00",KSP1,0
D,DISPATCH,UNIT_SCADA,1,"2019/09/05 04:50:00",LADBROK1,0
D,DISPATCH,UNIT_SCADA,1,"2019/09/05 04:50:00",LADBROK2,0
D,DISPATCH,UNIT_SCADA,1,"2019/09/05 04:50:00",LD01,347.25
D,DISPATCH,UNIT_SCADA,1,"2019/09/05 04:50:00",LD02,319.593750
D,DISPATCH,UNIT_SCADA,1,"2019/09/05 04:50:00",LD03,354.112520
D,DISPATCH,UNIT_SCADA,1,"2019/09/05 04:50:00",LD04,349.125030
D,DISPATCH,UNIT_SCADA,1,"2019/09/05 04:50:00",LEM_WIL,82.0797
D,DISPATCH,UNIT_SCADA,1,"2019/09/05 04:50:00",LGAPWF1,34.44
D,DISPATCH,UNIT_SCADA,1,"2019/09/05 04:50:00",LILYSF1,0
D,DISPATCH,UNIT_SCADA,1,"2019/09/05 04:50:00",LI_WY_CA,136.039170
D,DISPATCH,UNIT_SCADA,1,"2019/09/05 04:50:00",LKBONNY2,27.507180
D,DISPATCH,UNIT_SCADA,1,"2019/09/05 04:50:00",LKBONNY3,5.638020
D,DISPATCH,UNIT_SCADA,1,"2019/09/05 04:50:00",LK_ECHO,0
D,DISPATCH,UNIT_SCADA,1,"2019/09/05 04:50:00",LNGS1,0
D,DISPATCH,UNIT_SCADA,1,"2019/09/05 04:50:00",LNGS2,0
D,DISPATCH,UNIT_SCADA,1,"2019/09/05 04:50:00",LONSDALE,0
D,DISPATCH,UNIT_SCADA,1,"2019/09/05 04:50:00",LOYYB1,536.088620
D,DISPATCH,UNIT_SCADA,1,"2019/09/05 04:50:00",LOYYB2,582.330380
D,DISPATCH,UNIT_SCADA,1,"2019/09/05 04:50:00",LYA1,0
D,DISPATCH,UNIT_SCADA,1,"2019/09/05 04:50:00",LYA2,0
D,DISPATCH,UNIT_SCADA,1,"2019/09/05 04:50:00",LYA3,559
D,DISPATCH,UNIT_SCADA,1,"2019/09/05 04:50:00",LYA4,540
D,DISPATCH,UNIT_SCADA,1,"2019/09/05 04:50:00",MACARTH1,74.298290
D,DISPATCH,UNIT_SCADA,1,"2019/09/05 04:50:00",MACKAYGT,0.2240
D,DISPATCH,UNIT_SCADA,1,"2019/09/05 04:50:00",MACKNTSH,88.88
D,DISPATCH,UNIT_SCADA,1,"2019/09/05 04:50:00",MANSLR1,0
D,DISPATCH,UNIT_SCADA,1,"2019/09/05 04:50:00",MCKAY1,0.0750
D,DISPATCH,UNIT_SCADA,1,"2019/09/05 04:50:00",MEADOWBK,24.836020
D,DISPATCH,UNIT_SCADA,1,"2019/09/05 04:50:00",MERCER01,14.0880
D,DISPATCH,UNIT_SCADA,1,"2019/09/05 04:50:00",MEWF1,43.171840
D,DISPATCH,UNIT_SCADA,1,"2019/09/05 04:50:00",MINTARO,0
D,DISPATCH,UNIT_SCADA,1,"2019/09/05 04:50:00",MOREESF1,0
D,DISPATCH,UNIT_SCADA,1,"2019/09/05 04:50:00",MORTLK11,125
D,DISPATCH,UNIT_SCADA,1,"2019/09/05 04:50:00",MORTLK12,0
D,DISPATCH,UNIT_SCADA,1,"2019/09/05 04:50:00",MP1,219.50
D,DISPATCH,UNIT_SCADA,1,"2019/09/05 04:50:00",MP2,0
D,DISPATCH,UNIT_SCADA,1,"2019/09/05 04:50:00",MPP_1,399.75
D,DISPATCH,UNIT_SCADA,1,"2019/09/05 04:50:00",MPP_2,434.75
D,DISPATCH,UNIT_SCADA,1,"2019/09/05 04:50:00",MSTUART1,0
D,DISPATCH,UNIT_SCADA,1,"2019/09/05 04:50:00",MSTUART2,0
D,DISPATCH,UNIT_SCADA,1,"2019/09/05 04:50:00",MSTUART3,0
D,DISPATCH,UNIT_SCADA,1,"2019/09/05 04:50:00",MTGELWF1,9.739980
D,DISPATCH,UNIT_SCADA,1,"2019/09/05 04:50:00",MURRAY,0
D,DISPATCH,UNIT_SCADA,1,"2019/09/05 04:50:00",MUSSELR1,27.30
D,DISPATCH,UNIT_SCADA,1,"2019/09/05 04:50:00",MUWAWF1,11.51
D,DISPATCH,UNIT_SCADA,1,"2019/09/05 04:50:00",NBHWF1,0.80
D,DISPATCH,UNIT_SCADA,1,"2019/09/05 04:50:00",NPS,102.3750
D,DISPATCH,UNIT_SCADA,1,"2019/09/05 04:50:00",NUMURSF1,0
D,DISPATCH,UNIT_SCADA,1,"2019/09/05 04:50:00",NYNGAN1,0
D,DISPATCH,UNIT_SCADA,1,"2019/09/05 04:50:00",OAKEY1,0
D,DISPATCH,UNIT_SCADA,1,"2019/09/05 04:50:00",OAKEY1SF,0
D,DISPATCH,UNIT_SCADA,1,"2019/09/05 04:50:00",OAKEY2,0
D,DISPATCH,UNIT_SCADA,1,"2019/09/05 04:50:00",OAKEY2SF,0
D,DISPATCH,UNIT_SCADA,1,"2019/09/05 04:50:00",OAKLAND1,-0.30
D,DISPATCH,UNIT_SCADA,1,"2019/09/05 04:50:00",OSB-AG,140.16
D,DISPATCH,UNIT_SCADA,1,"2019/09/05 04:50:00",PARSF1,0
D,DISPATCH,UNIT_SCADA,1,"2019/09/05 04:50:00",POAT110,0
D,DISPATCH,UNIT_SCADA,1,"2019/09/05 04:50:00",POAT220,1.26
D,DISPATCH,UNIT_SCADA,1,"2019/09/05 04:50:00",POR01,0
D,DISPATCH,UNIT_SCADA,1,"2019/09/05 04:50:00",POR03,0
D,DISPATCH,UNIT_SCADA,1,"2019/09/05 04:50:00",PPCCGT,355.421570
D,DISPATCH,UNIT_SCADA,1,"2019/09/05 04:50:00",PTSTAN1,0
D,DISPATCH,UNIT_SCADA,1,"2019/09/05 04:50:00",PUMP1,0
D,DISPATCH,UNIT_SCADA,1,"2019/09/05 04:50:00",PUMP2,0
D,DISPATCH,UNIT_SCADA,1,"2019/09/05 04:50:00",QPS1,0
D,DISPATCH,UNIT_SCADA,1,"2019/09/05 04:50:00",QPS2,0
D,DISPATCH,UNIT_SCADA,1,"2019/09/05 04:50:00",QPS3,0
D,DISPATCH,UNIT_SCADA,1,"2019/09/05 04:50:00",QPS4,0
D,DISPATCH,UNIT_SCADA,1,"2019/09/05 04:50:00",QPS5,0
D,DISPATCH,UNIT_SCADA,1,"2019/09/05 04:50:00",REECE1,103.570010
D,DISPATCH,UNIT_SCADA,1,"2019/09/05 04:50:00",REECE2,101.850010
D,DISPATCH,UNIT_SCADA,1,"2019/09/05 04:50:00",ROMA_7,0
D,DISPATCH,UNIT_SCADA,1,"2019/09/05 04:50:00",ROMA_8,0
D,DISPATCH,UNIT_SCADA,1,"2019/09/05 04:50:00",RRSF1,0
D,DISPATCH,UNIT_SCADA,1,"2019/09/05 04:50:00",RT_NSW1,0
D,DISPATCH,UNIT_SCADA,1,"2019/09/05 04:50:00",RT_NSW2,0
D,DISPATCH,UNIT_SCADA,1,"2019/09/05 04:50:00",RT_NSW3,0
D,DISPATCH,UNIT_SCADA,1,"2019/09/05 04:50:00",RT_NSW4,0
D,DISPATCH,UNIT_SCADA,1,"2019/09/05 04:50:00",RT_NSW5,0
D,DISPATCH,UNIT_SCADA,1,"2019/09/05 04:50:00",RT_NSW6,0
D,DISPATCH,UNIT_SCADA,1,"2019/09/05 04:50:00",RT_QLD1,0
D,DISPATCH,UNIT_SCADA,1,"2019/09/05 04:50:00",RT_SA1,0
D,DISPATCH,UNIT_SCADA,1,"2019/09/05 04:50:00",RT_SA2,0
D,DISPATCH,UNIT_SCADA,1,"2019/09/05 04:50:00",RT_SA3,0
D,DISPATCH,UNIT_SCADA,1,"2019/09/05 04:50:00",RT_SA4,0
D,DISPATCH,UNIT_SCADA,1,"2019/09/05 04:50:00",RT_SA5,0
D,DISPATCH,UNIT_SCADA,1,"2019/09/05 04:50:00",RT_SA6,0
D,DISPATCH,UNIT_SCADA,1,"2019/09/05 04:50:00",RT_TAS1,0
D,DISPATCH,UNIT_SCADA,1,"2019/09/05 04:50:00",RT_VIC1,0
D,DISPATCH,UNIT_SCADA,1,"2019/09/05 04:50:00",RT_VIC10,0
D,DISPATCH,UNIT_SCADA,1,"2019/09/05 04:50:00",RT_VIC11,0
D,DISPATCH,UNIT_SCADA,1,"2019/09/05 04:50:00",RT_VIC12,0
D,DISPATCH,UNIT_SCADA,1,"2019/09/05 04:50:00",RT_VIC2,0
D,DISPATCH,UNIT_SCADA,1,"2019/09/05 04:50:00",RT_VIC3,0
D,DISPATCH,UNIT_SCADA,1,"2019/09/05 04:50:00",RT_VIC4,0
D,DISPATCH,UNIT_SCADA,1,"2019/09/05 04:50:00",RT_VIC5,0
D,DISPATCH,UNIT_SCADA,1,"2019/09/05 04:50:00",RT_VIC6,0
D,DISPATCH,UNIT_SCADA,1,"2019/09/05 04:50:00",RT_VIC7,0
D,DISPATCH,UNIT_SCADA,1,"2019/09/05 04:50:00",RT_VIC8,0
D,DISPATCH,UNIT_SCADA,1,"2019/09/05 04:50:00",RT_VIC9,0
D,DISPATCH,UNIT_SCADA,1,"2019/09/05 04:50:00",RUGBYR1,0
D,DISPATCH,UNIT_SCADA,1,"2019/09/05 04:50:00",SALTCRK1,4.08
D,DISPATCH,UNIT_SCADA,1,"2019/09/05 04:50:00",SAPHWF1,-2.353120
D,DISPATCH,UNIT_SCADA,1,"2019/09/05 04:50:00",SHGEN,0
D,DISPATCH,UNIT_SCADA,1,"2019/09/05 04:50:00",SHPUMP,158.056610
D,DISPATCH,UNIT_SCADA,1,"2019/09/05 04:50:00",SITHE01,0.214140
D,DISPATCH,UNIT_SCADA,1,"2019/09/05 04:50:00",SMCSF1,0
D,DISPATCH,UNIT_SCADA,1,"2019/09/05 04:50:00",SNOWNTH1,4.10
D,DISPATCH,UNIT_SCADA,1,"2019/09/05 04:50:00",SNOWSTH1,4.50
D,DISPATCH,UNIT_SCADA,1,"2019/09/05 04:50:00",SNOWTWN1,0.650030
D,DISPATCH,UNIT_SCADA,1,"2019/09/05 04:50:00",SNOWYP,0
D,DISPATCH,UNIT_SCADA,1,"2019/09/05 04:50:00",SNUG1,0.019440
D,DISPATCH,UNIT_SCADA,1,"2019/09/05 04:50:00",SRSF1,0
D,DISPATCH,UNIT_SCADA,1,"2019/09/05 04:50:00",STAN-1,221.530040
D,DISPATCH,UNIT_SCADA,1,"2019/09/05 04:50:00",STAN-2,252.856740
D,DISPATCH,UNIT_SCADA,1,"2019/09/05 04:50:00",STAN-3,253.574540
D,DISPATCH,UNIT_SCADA,1,"2019/09/05 04:50:00",STAN-4,249.959920
D,DISPATCH,UNIT_SCADA,1,"2019/09/05 04:50:00",STWF1,172.709990
D,DISPATCH,UNIT_SCADA,1,"2019/09/05 04:50:00",SWAN_E,0
D,DISPATCH,UNIT_SCADA,1,"2019/09/05 04:50:00",TALWA1,350
D,DISPATCH,UNIT_SCADA,1,"2019/09/05 04:50:00",TARALGA1,14.917480
D,DISPATCH,UNIT_SCADA,1,"2019/09/05 04:50:00",TARONG#1,279.300020
D,DISPATCH,UNIT_SCADA,1,"2019/09/05 04:50:00",TARONG#2,0
D,DISPATCH,UNIT_SCADA,1,"2019/09/05 04:50:00",TARONG#3,260.600010
D,DISPATCH,UNIT_SCADA,1,"2019/09/05 04:50:00",TARONG#4,275.399990
D,DISPATCH,UNIT_SCADA,1,"2019/09/05 04:50:00",TARRALEA,71.10
D,DISPATCH,UNIT_SCADA,1,"2019/09/05 04:50:00",TBSF1,-0.20
D,DISPATCH,UNIT_SCADA,1,"2019/09/05 04:50:00",TNPS1,379.600010
D,DISPATCH,UNIT_SCADA,1,"2019/09/05 04:50:00",TORRA1,42.119770
D,DISPATCH,UNIT_SCADA,1,"2019/09/05 04:50:00",TORRA2,0
D,DISPATCH,UNIT_SCADA,1,"2019/09/05 04:50:00",TORRA3,0
D,DISPATCH,UNIT_SCADA,1,"2019/09/05 04:50:00",TORRA4,41.088150
D,DISPATCH,UNIT_SCADA,1,"2019/09/05 04:50:00",TORRB1,80.84
D,DISPATCH,UNIT_SCADA,1,"2019/09/05 04:50:00",TORRB2,84.95
D,DISPATCH,UNIT_SCADA,1,"2019/09/05 04:50:00",TORRB3,82.90
D,DISPATCH,UNIT_SCADA,1,"2019/09/05 04:50:00",TORRB4,0
D,DISPATCH,UNIT_SCADA,1,"2019/09/05 04:50:00",TREVALLN,2.20
D,DISPATCH,UNIT_SCADA,1,"2019/09/05 04:50:00",TRIBUTE,0
D,DISPATCH,UNIT_SCADA,1,"2019/09/05 04:50:00",TUMUT3,0
D,DISPATCH,UNIT_SCADA,1,"2019/09/05 04:50:00",TUNGATIN,119.010030
D,DISPATCH,UNIT_SCADA,1,"2019/09/05 04:50:00",TVCC201,0
D,DISPATCH,UNIT_SCADA,1,"2019/09/05 04:50:00",TVPP104,0
D,DISPATCH,UNIT_SCADA,1,"2019/09/05 04:50:00",UPPTUMUT,0
D,DISPATCH,UNIT_SCADA,1,"2019/09/05 04:50:00",URANQ11,0
D,DISPATCH,UNIT_SCADA,1,"2019/09/05 04:50:00",URANQ12,0
D,DISPATCH,UNIT_SCADA,1,"2019/09/05 04:50:00",URANQ13,0
D,DISPATCH,UNIT_SCADA,1,"2019/09/05 04:50:00",URANQ14,0
D,DISPATCH,UNIT_SCADA,1,"2019/09/05 04:50:00",VP5,629.225040
D,DISPATCH,UNIT_SCADA,1,"2019/09/05 04:50:00",VP6,0
D,DISPATCH,UNIT_SCADA,1,"2019/09/05 04:50:00",VPGS1,0
D,DISPATCH,UNIT_SCADA,1,"2019/09/05 04:50:00",VPGS2,0
D,DISPATCH,UNIT_SCADA,1,"2019/09/05 04:50:00",VPGS3,0
D,DISPATCH,UNIT_SCADA,1,"2019/09/05 04:50:00",VPGS4,0
D,DISPATCH,UNIT_SCADA,1,"2019/09/05 04:50:00",VPGS5,0
D,DISPATCH,UNIT_SCADA,1,"2019/09/05 04:50:00",VPGS6,0
D,DISPATCH,UNIT_SCADA,1,"2019/09/05 04:50:00",W/HOE#1,0
D,DISPATCH,UNIT_SCADA,1,"2019/09/05 04:50:00",W/HOE#2,0
D,DISPATCH,UNIT_SCADA,1,"2019/09/05 04:50:00",WATERLWF,4.50
D,DISPATCH,UNIT_SCADA,1,"2019/09/05 04:50:00",WEMENSF1,0
D,DISPATCH,UNIT_SCADA,1,"2019/09/05 04:50:00",WGWF1,0
D,DISPATCH,UNIT_SCADA,1,"2019/09/05 04:50:00",WHITSF1,0
D,DISPATCH,UNIT_SCADA,1,"2019/09/05 04:50:00",WKIEWA1,26
D,DISPATCH,UNIT_SCADA,1,"2019/09/05 04:50:00",WKIEWA2,17.10
D,DISPATCH,UNIT_SCADA,1,"2019/09/05 04:50:00",WOODLWN1,3.3750
D,DISPATCH,UNIT_SCADA,1,"2019/09/05 04:50:00",WRSF1,0
D,DISPATCH,UNIT_SCADA,1,"2019/09/05 04:50:00",WRWF1,3.961250
D,DISPATCH,UNIT_SCADA,1,"2019/09/05 04:50:00",YABULU,0
D,DISPATCH,UNIT_SCADA,1,"2019/09/05 04:50:00",YABULU2,0
D,DISPATCH,UNIT_SCADA,1,"2019/09/05 04:50:00",YARWUN_1,165.709990
D,DISPATCH,UNIT_SCADA,1,"2019/09/05 04:50:00",YENDWF1,-0.96
D,DISPATCH,UNIT_SCADA,1,"2019/09/05 04:50:00",YWPS1,377.443020
D,DISPATCH,UNIT_SCADA,1,"2019/09/05 04:50:00",YWPS2,279.445560
D,DISPATCH,UNIT_SCADA,1,"2019/09/05 04:50:00",YWPS3,317.046840
D,DISPATCH,UNIT_SCADA,1,"2019/09/05 04:50:00",YWPS4,381.124050
C,"END OF REPORT",335
