C,NEMP.WORLD,DISPATCHSCADA,AEMO,PUBLIC,2019/08/20,03:15:09,0000000311769854,DISPATCHSCADA,0000000311769848
I,DISPATCH,UNIT_SCADA,1,SETTLEMENTDATE,DUID,SCADAVALUE
D,DISPATCH,UNIT_SCADA,1,"2019/08/20 03:20:00",BARCSF1,0
D,DISPATCH,UNIT_SCADA,1,"2019/08/20 03:20:00",BUTLERSG,9.699999
D,DISPATCH,UNIT_SCADA,1,"2019/08/20 03:20:00",CALL_A_4,0
D,DISPATCH,UNIT_SCADA,1,"2019/08/20 03:20:00",CAPTL_WF,129.760010
D,DISPATCH,UNIT_SCADA,1,"2019/08/20 03:20:00",CATHROCK,49.529999
D,DISPATCH,UNIT_SCADA,1,"2019/08/20 03:20:00",CHALLHWF,26.299999
D,DISPATCH,UNIT_SCADA,1,"2019/08/20 03:20:00",CLOVER,-0.01
D,DISPATCH,UNIT_SCADA,1,"2019/08/20 03:20:00",CLUNY,16.549782
D,DISPATCH,UNIT_SCADA,1,"2019/08/20 03:20:00",CNUNDAWF,39.546131
D,DISPATCH,UNIT_SCADA,1,"2019/08/20 03:20:00",CULLRGWF,30.469999
D,DISPATCH,UNIT_SCADA,1,"2019/08/20 03:20:00",ERGT01,0
D,DISPATCH,UNIT_SCADA,1,"2019/08/20 03:20:00",GB01,0.060413
D,DISPATCH,UNIT_SCADA,1,"2019/08/20 03:20:00",GERMCRK,38.099998
D,DISPATCH,UNIT_SCADA,1,"2019/08/20 03:20:00",GRIFSF1,0
D,DISPATCH,UNIT_SCADA,1,"2019/08/20 03:20:00",HUGSF1,-0.2580
D,DISPATCH,UNIT_SCADA,1,"2019/08/20 03:20:00",LKBONNY1,71.179565
D,DISPATCH,UNIT_SCADA,1,"2019/08/20 03:20:00",LRSF1,-0.03
D,DISPATCH,UNIT_SCADA,1,"2019/08/20 03:20:00",MBAHNTH,55.462494
D,DISPATCH,UNIT_SCADA,1,"2019/08/20 03:20:00",MLSP1,0.304001
D,DISPATCH,UNIT_SCADA,1,"2019/08/20 03:20:00",MLWF1,18.9450
D,DISPATCH,UNIT_SCADA,1,"2019/08/20 03:20:00",MTMILLAR,18.305626
D,DISPATCH,UNIT_SCADA,1,"2019/08/20 03:20:00",PALOONA,23.559999
D,DISPATCH,UNIT_SCADA,1,"2019/08/20 03:20:00",PIONEER,9.80
D,DISPATCH,UNIT_SCADA,1,"2019/08/20 03:20:00",PORTWF,139
D,DISPATCH,UNIT_SCADA,1,"2019/08/20 03:20:00",REPULSE,28.904860
D,DISPATCH,UNIT_SCADA,1,"2019/08/20 03:20:00",ROWALLAN,9.876101
D,DISPATCH,UNIT_SCADA,1,"2019/08/20 03:20:00",ROYALLA1,0
D,DISPATCH,UNIT_SCADA,1,"2019/08/20 03:20:00",RPCG,4.80
D,DISPATCH,UNIT_SCADA,1,"2019/08/20 03:20:00",RUBICON,0
D,DISPATCH,UNIT_SCADA,1,"2019/08/20 03:20:00",SATGN1,0
D,DISPATCH,UNIT_SCADA,1,"2019/08/20 03:20:00",SATGS1,0
D,DISPATCH,UNIT_SCADA,1,"2019/08/20 03:20:00",STARHLWF,16.295248
D,DISPATCH,UNIT_SCADA,1,"2019/08/20 03:20:00",WAUBRAWF,127.101997
D,DISPATCH,UNIT_SCADA,1,"2019/08/20 03:20:00",WOOLNTH1,127.720016
D,DISPATCH,UNIT_SCADA,1,"2019/08/20 03:20:00",WPWF,14
D,DISPATCH,UNIT_SCADA,1,"2019/08/20 03:20:00",YAMBUKWF,11.90
D,DISPATCH,UNIT_SCADA,1,"2019/08/20 03:20:00",YSWF1,28.50
D,DISPATCH,UNIT_SCADA,1,"2019/08/20 03:20:00",AGLHAL,0
D,DISPATCH,UNIT_SCADA,1,"2019/08/20 03:20:00",AGLSOM,0
D,DISPATCH,UNIT_SCADA,1,"2019/08/20 03:20:00",ANGAST1,0
D,DISPATCH,UNIT_SCADA,1,"2019/08/20 03:20:00",ARWF1,31.60
D,DISPATCH,UNIT_SCADA,1,"2019/08/20 03:20:00",BALBG1,0
D,DISPATCH,UNIT_SCADA,1,"2019/08/20 03:20:00",BALBL1,0
D,DISPATCH,UNIT_SCADA,1,"2019/08/20 03:20:00",BALDHWF1,101.5580
D,DISPATCH,UNIT_SCADA,1,"2019/08/20 03:20:00",BANN1,0
D,DISPATCH,UNIT_SCADA,1,"2019/08/20 03:20:00",BARCALDN,0
D,DISPATCH,UNIT_SCADA,1,"2019/08/20 03:20:00",BARRON-1,0
D,DISPATCH,UNIT_SCADA,1,"2019/08/20 03:20:00",BARRON-2,24.24
D,DISPATCH,UNIT_SCADA,1,"2019/08/20 03:20:00",BASTYAN,80.30
D,DISPATCH,UNIT_SCADA,1,"2019/08/20 03:20:00",BBTHREE1,0
D,DISPATCH,UNIT_SCADA,1,"2019/08/20 03:20:00",BBTHREE2,0
D,DISPATCH,UNIT_SCADA,1,"2019/08/20 03:20:00",BBTHREE3,0
D,DISPATCH,UNIT_SCADA,1,"2019/08/20 03:20:00",BDL01,0
D,DISPATCH,UNIT_SCADA,1,"2019/08/20 03:20:00",BDL02,0
D,DISPATCH,UNIT_SCADA,1,"2019/08/20 03:20:00",BERYLSF1,0
D,DISPATCH,UNIT_SCADA,1,"2019/08/20 03:20:00",BLOWERNG,0
D,DISPATCH,UNIT_SCADA,1,"2019/08/20 03:20:00",BLUFF1,39
D,DISPATCH,UNIT_SCADA,1,"2019/08/20 03:20:00",BNGSF1,0
D,DISPATCH,UNIT_SCADA,1,"2019/08/20 03:20:00",BNGSF2,0
D,DISPATCH,UNIT_SCADA,1,"2019/08/20 03:20:00",BOCORWF1,65.88
D,DISPATCH,UNIT_SCADA,1,"2019/08/20 03:20:00",BODWF1,52.659970
D,DISPATCH,UNIT_SCADA,1,"2019/08/20 03:20:00",BRAEMAR1,0
D,DISPATCH,UNIT_SCADA,1,"2019/08/20 03:20:00",BRAEMAR2,0
D,DISPATCH,UNIT_SCADA,1,"2019/08/20 03:20:00",BRAEMAR3,0
D,DISPATCH,UNIT_SCADA,1,"2019/08/20 03:20:00",BRAEMAR5,0
D,DISPATCH,UNIT_SCADA,1,"2019/08/20 03:20:00",BRAEMAR6,0
D,DISPATCH,UNIT_SCADA,1,"2019/08/20 03:20:00",BRAEMAR7,0
D,DISPATCH,UNIT_SCADA,1,"2019/08/20 03:20:00",BROKENH1,0
D,DISPATCH,UNIT_SCADA,1,"2019/08/20 03:20:00",BW01,372.474980
D,DISPATCH,UNIT_SCADA,1,"2019/08/20 03:20:00",BW02,466.974980
D,DISPATCH,UNIT_SCADA,1,"2019/08/20 03:20:00",BW03,543.200070
D,DISPATCH,UNIT_SCADA,1,"2019/08/20 03:20:00",BW04,0
D,DISPATCH,UNIT_SCADA,1,"2019/08/20 03:20:00",CALL_B_1,339.899990
D,DISPATCH,UNIT_SCADA,1,"2019/08/20 03:20:00",CALL_B_2,290.100010
D,DISPATCH,UNIT_SCADA,1,"2019/08/20 03:20:00",CETHANA,92.376630
D,DISPATCH,UNIT_SCADA,1,"2019/08/20 03:20:00",CG1,0
D,DISPATCH,UNIT_SCADA,1,"2019/08/20 03:20:00",CG2,0
D,DISPATCH,UNIT_SCADA,1,"2019/08/20 03:20:00",CG3,0
D,DISPATCH,UNIT_SCADA,1,"2019/08/20 03:20:00",CG4,0
D,DISPATCH,UNIT_SCADA,1,"2019/08/20 03:20:00",CHILDSF1,0
D,DISPATCH,UNIT_SCADA,1,"2019/08/20 03:20:00",CLARESF1,0
D,DISPATCH,UNIT_SCADA,1,"2019/08/20 03:20:00",CLEMGPWF,2.161050
D,DISPATCH,UNIT_SCADA,1,"2019/08/20 03:20:00",CLERMSF1,0
D,DISPATCH,UNIT_SCADA,1,"2019/08/20 03:20:00",COLEASF1,0
D,DISPATCH,UNIT_SCADA,1,"2019/08/20 03:20:00",COOPGWF1,30.918570
D,DISPATCH,UNIT_SCADA,1,"2019/08/20 03:20:00",CPP_3,406.175020
D,DISPATCH,UNIT_SCADA,1,"2019/08/20 03:20:00",CPP_4,407.274990
D,DISPATCH,UNIT_SCADA,1,"2019/08/20 03:20:00",CPSA,143.420620
D,DISPATCH,UNIT_SCADA,1,"2019/08/20 03:20:00",CROOKWF2,59.803750
D,DISPATCH,UNIT_SCADA,1,"2019/08/20 03:20:00",CROWLWF1,26.942460
D,DISPATCH,UNIT_SCADA,1,"2019/08/20 03:20:00",CSPVPS1,0
D,DISPATCH,UNIT_SCADA,1,"2019/08/20 03:20:00",DALNTH01,0
D,DISPATCH,UNIT_SCADA,1,"2019/08/20 03:20:00",DALNTHL1,6.001370
D,DISPATCH,UNIT_SCADA,1,"2019/08/20 03:20:00",DARTM1,0
D,DISPATCH,UNIT_SCADA,1,"2019/08/20 03:20:00",DAYDSF1,0
D,DISPATCH,UNIT_SCADA,1,"2019/08/20 03:20:00",DDPS1,0
D,DISPATCH,UNIT_SCADA,1,"2019/08/20 03:20:00",DDSF1,0
D,DISPATCH,UNIT_SCADA,1,"2019/08/20 03:20:00",DEVILS_G,60.106820
D,DISPATCH,UNIT_SCADA,1,"2019/08/20 03:20:00",DG_NSW1,0
D,DISPATCH,UNIT_SCADA,1,"2019/08/20 03:20:00",DG_QLD1,0
D,DISPATCH,UNIT_SCADA,1,"2019/08/20 03:20:00",DG_SA1,0
D,DISPATCH,UNIT_SCADA,1,"2019/08/20 03:20:00",DG_TAS1,0
D,DISPATCH,UNIT_SCADA,1,"2019/08/20 03:20:00",DG_VIC1,0
D,DISPATCH,UNIT_SCADA,1,"2019/08/20 03:20:00",DRYCGT1,0
D,DISPATCH,UNIT_SCADA,1,"2019/08/20 03:20:00",DRYCGT2,0
D,DISPATCH,UNIT_SCADA,1,"2019/08/20 03:20:00",DRYCGT3,0
D,DISPATCH,UNIT_SCADA,1,"2019/08/20 03:20:00",EILDON1,0
D,DISPATCH,UNIT_SCADA,1,"2019/08/20 03:20:00",EILDON2,0
D,DISPATCH,UNIT_SCADA,1,"2019/08/20 03:20:00",EMERASF1,0
D,DISPATCH,UNIT_SCADA,1,"2019/08/20 03:20:00",ER01,349.450070
D,DISPATCH,UNIT_SCADA,1,"2019/08/20 03:20:00",ER02,370.099980
D,DISPATCH,UNIT_SCADA,1,"2019/08/20 03:20:00",ER03,365.949950
D,DISPATCH,UNIT_SCADA,1,"2019/08/20 03:20:00",ER04,367
D,DISPATCH,UNIT_SCADA,1,"2019/08/20 03:20:00",FINLYSF1,0
D,DISPATCH,UNIT_SCADA,1,"2019/08/20 03:20:00",FISHER,45.87
D,DISPATCH,UNIT_SCADA,1,"2019/08/20 03:20:00",GANNBG1,0
D,DISPATCH,UNIT_SCADA,1,"2019/08/20 03:20:00",GANNBL1,10
D,DISPATCH,UNIT_SCADA,1,"2019/08/20 03:20:00",GANNSF1,0
D,DISPATCH,UNIT_SCADA,1,"2019/08/20 03:20:00",GORDON,0
D,DISPATCH,UNIT_SCADA,1,"2019/08/20 03:20:00",GSTONE1,142.274990
D,DISPATCH,UNIT_SCADA,1,"2019/08/20 03:20:00",GSTONE2,149.974990
D,DISPATCH,UNIT_SCADA,1,"2019/08/20 03:20:00",GSTONE3,140.524990
D,DISPATCH,UNIT_SCADA,1,"2019/08/20 03:20:00",GSTONE4,140
D,DISPATCH,UNIT_SCADA,1,"2019/08/20 03:20:00",GSTONE5,141.224990
D,DISPATCH,UNIT_SCADA,1,"2019/08/20 03:20:00",GSTONE6,0
D,DISPATCH,UNIT_SCADA,1,"2019/08/20 03:20:00",GULLRSF1,0
D,DISPATCH,UNIT_SCADA,1,"2019/08/20 03:20:00",GULLRWF1,154.578310
D,DISPATCH,UNIT_SCADA,1,"2019/08/20 03:20:00",GUNNING1,42.955580
D,DISPATCH,UNIT_SCADA,1,"2019/08/20 03:20:00",GUTHEGA,0
D,DISPATCH,UNIT_SCADA,1,"2019/08/20 03:20:00",HALLWF1,90.11
D,DISPATCH,UNIT_SCADA,1,"2019/08/20 03:20:00",HALLWF2,57.05
D,DISPATCH,UNIT_SCADA,1,"2019/08/20 03:20:00",HAMISF1,0
D,DISPATCH,UNIT_SCADA,1,"2019/08/20 03:20:00",HAUGHT11,0
D,DISPATCH,UNIT_SCADA,1,"2019/08/20 03:20:00",HAYMSF1,0
D,DISPATCH,UNIT_SCADA,1,"2019/08/20 03:20:00",HDWF1,68.40
D,DISPATCH,UNIT_SCADA,1,"2019/08/20 03:20:00",HDWF2,40.80
D,DISPATCH,UNIT_SCADA,1,"2019/08/20 03:20:00",HDWF3,62.70
D,DISPATCH,UNIT_SCADA,1,"2019/08/20 03:20:00",HPRG1,0
D,DISPATCH,UNIT_SCADA,1,"2019/08/20 03:20:00",HPRL1,39.30
D,DISPATCH,UNIT_SCADA,1,"2019/08/20 03:20:00",HUMENSW,0
D,DISPATCH,UNIT_SCADA,1,"2019/08/20 03:20:00",HUMEV,8.30
D,DISPATCH,UNIT_SCADA,1,"2019/08/20 03:20:00",HVGTS,0
D,DISPATCH,UNIT_SCADA,1,"2019/08/20 03:20:00",JBUTTERS,129.39
D,DISPATCH,UNIT_SCADA,1,"2019/08/20 03:20:00",JLA01,0.50
D,DISPATCH,UNIT_SCADA,1,"2019/08/20 03:20:00",JLA02,0
D,DISPATCH,UNIT_SCADA,1,"2019/08/20 03:20:00",JLA03,0.10
D,DISPATCH,UNIT_SCADA,1,"2019/08/20 03:20:00",JLA04,0.10
D,DISPATCH,UNIT_SCADA,1,"2019/08/20 03:20:00",JLB01,0
D,DISPATCH,UNIT_SCADA,1,"2019/08/20 03:20:00",JLB02,0.10
D,DISPATCH,UNIT_SCADA,1,"2019/08/20 03:20:00",JLB03,0
D,DISPATCH,UNIT_SCADA,1,"2019/08/20 03:20:00",KAREEYA1,21.4825
D,DISPATCH,UNIT_SCADA,1,"2019/08/20 03:20:00",KAREEYA2,21.5350
D,DISPATCH,UNIT_SCADA,1,"2019/08/20 03:20:00",KAREEYA3,0
D,DISPATCH,UNIT_SCADA,1,"2019/08/20 03:20:00",KAREEYA4,21.7275
D,DISPATCH,UNIT_SCADA,1,"2019/08/20 03:20:00",KARSF1,0
D,DISPATCH,UNIT_SCADA,1,"2019/08/20 03:20:00",KIATAWF1,28.80
D,DISPATCH,UNIT_SCADA,1,"2019/08/20 03:20:00",KPP_1,0
D,DISPATCH,UNIT_SCADA,1,"2019/08/20 03:20:00",KSP1,0
D,DISPATCH,UNIT_SCADA,1,"2019/08/20 03:20:00",LADBROK1,0
D,DISPATCH,UNIT_SCADA,1,"2019/08/20 03:20:00",LADBROK2,0
D,DISPATCH,UNIT_SCADA,1,"2019/08/20 03:20:00",LD01,358.350040
D,DISPATCH,UNIT_SCADA,1,"2019/08/20 03:20:00",LD02,349.725040
D,DISPATCH,UNIT_SCADA,1,"2019/08/20 03:20:00",LD03,348.018770
D,DISPATCH,UNIT_SCADA,1,"2019/08/20 03:20:00",LD04,351.093750
D,DISPATCH,UNIT_SCADA,1,"2019/08/20 03:20:00",LEM_WIL,85.222950
D,DISPATCH,UNIT_SCADA,1,"2019/08/20 03:20:00",LGAPWF1,22.65
D,DISPATCH,UNIT_SCADA,1,"2019/08/20 03:20:00",LILYSF1,0
D,DISPATCH,UNIT_SCADA,1,"2019/08/20 03:20:00",LI_WY_CA,147.224240
D,DISPATCH,UNIT_SCADA,1,"2019/08/20 03:20:00",LKBONNY2,153.951750
D,DISPATCH,UNIT_SCADA,1,"2019/08/20 03:20:00",LKBONNY3,37.121640
D,DISPATCH,UNIT_SCADA,1,"2019/08/20 03:20:00",LK_ECHO,0
D,DISPATCH,UNIT_SCADA,1,"2019/08/20 03:20:00",LNGS1,0
D,DISPATCH,UNIT_SCADA,1,"2019/08/20 03:20:00",LNGS2,0
D,DISPATCH,UNIT_SCADA,1,"2019/08/20 03:20:00",LONSDALE,0
D,DISPATCH,UNIT_SCADA,1,"2019/08/20 03:20:00",LOYYB1,535.336730
D,DISPATCH,UNIT_SCADA,1,"2019/08/20 03:20:00",LOYYB2,580.450620
D,DISPATCH,UNIT_SCADA,1,"2019/08/20 03:20:00",LYA1,560
D,DISPATCH,UNIT_SCADA,1,"2019/08/20 03:20:00",LYA2,0
D,DISPATCH,UNIT_SCADA,1,"2019/08/20 03:20:00",LYA3,560
D,DISPATCH,UNIT_SCADA,1,"2019/08/20 03:20:00",LYA4,539
D,DISPATCH,UNIT_SCADA,1,"2019/08/20 03:20:00",MACARTH1,294.793180
D,DISPATCH,UNIT_SCADA,1,"2019/08/20 03:20:00",MACKAYGT,0
D,DISPATCH,UNIT_SCADA,1,"2019/08/20 03:20:00",MACKNTSH,85.110010
D,DISPATCH,UNIT_SCADA,1,"2019/08/20 03:20:00",MANSLR1,0
D,DISPATCH,UNIT_SCADA,1,"2019/08/20 03:20:00",MCKAY1,0.02
D,DISPATCH,UNIT_SCADA,1,"2019/08/20 03:20:00",MEADOWBK,33.895880
D,DISPATCH,UNIT_SCADA,1,"2019/08/20 03:20:00",MERCER01,124.8750
D,DISPATCH,UNIT_SCADA,1,"2019/08/20 03:20:00",MEWF1,44.529660
D,DISPATCH,UNIT_SCADA,1,"2019/08/20 03:20:00",MINTARO,0
D,DISPATCH,UNIT_SCADA,1,"2019/08/20 03:20:00",MOREESF1,0
D,DISPATCH,UNIT_SCADA,1,"2019/08/20 03:20:00",MORTLK11,123
D,DISPATCH,UNIT_SCADA,1,"2019/08/20 03:20:00",MORTLK12,0
D,DISPATCH,UNIT_SCADA,1,"2019/08/20 03:20:00",MP1,282.849980
D,DISPATCH,UNIT_SCADA,1,"2019/08/20 03:20:00",MP2,0
D,DISPATCH,UNIT_SCADA,1,"2019/08/20 03:20:00",MPP_1,424.75
D,DISPATCH,UNIT_SCADA,1,"2019/08/20 03:20:00",MPP_2,434.75
D,DISPATCH,UNIT_SCADA,1,"2019/08/20 03:20:00",MSTUART1,0
D,DISPATCH,UNIT_SCADA,1,"2019/08/20 03:20:00",MSTUART2,0
D,DISPATCH,UNIT_SCADA,1,"2019/08/20 03:20:00",MSTUART3,0
D,DISPATCH,UNIT_SCADA,1,"2019/08/20 03:20:00",MTGELWF1,64.523760
D,DISPATCH,UNIT_SCADA,1,"2019/08/20 03:20:00",MURRAY,0
D,DISPATCH,UNIT_SCADA,1,"2019/08/20 03:20:00",MUSSELR1,139.50
D,DISPATCH,UNIT_SCADA,1,"2019/08/20 03:20:00",MUWAWF1,29.35
D,DISPATCH,UNIT_SCADA,1,"2019/08/20 03:20:00",NBHWF1,99.90
D,DISPATCH,UNIT_SCADA,1,"2019/08/20 03:20:00",NPS,0
D,DISPATCH,UNIT_SCADA,1,"2019/08/20 03:20:00",NUMURSF1,0
D,DISPATCH,UNIT_SCADA,1,"2019/08/20 03:20:00",NYNGAN1,0
D,DISPATCH,UNIT_SCADA,1,"2019/08/20 03:20:00",OAKEY1,0
D,DISPATCH,UNIT_SCADA,1,"2019/08/20 03:20:00",OAKEY1SF,0
D,DISPATCH,UNIT_SCADA,1,"2019/08/20 03:20:00",OAKEY2,0
D,DISPATCH,UNIT_SCADA,1,"2019/08/20 03:20:00",OAKLAND1,60.80
D,DISPATCH,UNIT_SCADA,1,"2019/08/20 03:20:00",OSB-AG,142.08
D,DISPATCH,UNIT_SCADA,1,"2019/08/20 03:20:00",PARSF1,0
D,DISPATCH,UNIT_SCADA,1,"2019/08/20 03:20:00",POAT110,0
D,DISPATCH,UNIT_SCADA,1,"2019/08/20 03:20:00",POAT220,3.37
D,DISPATCH,UNIT_SCADA,1,"2019/08/20 03:20:00",POR01,0
D,DISPATCH,UNIT_SCADA,1,"2019/08/20 03:20:00",POR03,0
D,DISPATCH,UNIT_SCADA,1,"2019/08/20 03:20:00",PPCCGT,0
D,DISPATCH,UNIT_SCADA,1,"2019/08/20 03:20:00",PTSTAN1,0
D,DISPATCH,UNIT_SCADA,1,"2019/08/20 03:20:00",PUMP1,0
D,DISPATCH,UNIT_SCADA,1,"2019/08/20 03:20:00",PUMP2,0
D,DISPATCH,UNIT_SCADA,1,"2019/08/20 03:20:00",QPS1,0
D,DISPATCH,UNIT_SCADA,1,"2019/08/20 03:20:00",QPS2,0
D,DISPATCH,UNIT_SCADA,1,"2019/08/20 03:20:00",QPS3,0
D,DISPATCH,UNIT_SCADA,1,"2019/08/20 03:20:00",QPS4,0
D,DISPATCH,UNIT_SCADA,1,"2019/08/20 03:20:00",QPS5,0
D,DISPATCH,UNIT_SCADA,1,"2019/08/20 03:20:00",REECE1,114.610010
D,DISPATCH,UNIT_SCADA,1,"2019/08/20 03:20:00",REECE2,114.800010
D,DISPATCH,UNIT_SCADA,1,"2019/08/20 03:20:00",ROMA_7,0
D,DISPATCH,UNIT_SCADA,1,"2019/08/20 03:20:00",ROMA_8,0
D,DISPATCH,UNIT_SCADA,1,"2019/08/20 03:20:00",RRSF1,0
D,DISPATCH,UNIT_SCADA,1,"2019/08/20 03:20:00",RT_NSW1,0
D,DISPATCH,UNIT_SCADA,1,"2019/08/20 03:20:00",RT_NSW2,0
D,DISPATCH,UNIT_SCADA,1,"2019/08/20 03:20:00",RT_NSW3,0
D,DISPATCH,UNIT_SCADA,1,"2019/08/20 03:20:00",RT_NSW4,0
D,DISPATCH,UNIT_SCADA,1,"2019/08/20 03:20:00",RT_NSW5,0
D,DISPATCH,UNIT_SCADA,1,"2019/08/20 03:20:00",RT_NSW6,0
D,DISPATCH,UNIT_SCADA,1,"2019/08/20 03:20:00",RT_QLD1,0
D,DISPATCH,UNIT_SCADA,1,"2019/08/20 03:20:00",RT_SA1,0
D,DISPATCH,UNIT_SCADA,1,"2019/08/20 03:20:00",RT_SA2,0
D,DISPATCH,UNIT_SCADA,1,"2019/08/20 03:20:00",RT_SA3,0
D,DISPATCH,UNIT_SCADA,1,"2019/08/20 03:20:00",RT_SA4,0
D,DISPATCH,UNIT_SCADA,1,"2019/08/20 03:20:00",RT_SA5,0
D,DISPATCH,UNIT_SCADA,1,"2019/08/20 03:20:00",RT_SA6,0
D,DISPATCH,UNIT_SCADA,1,"2019/08/20 03:20:00",RT_TAS1,0
D,DISPATCH,UNIT_SCADA,1,"2019/08/20 03:20:00",RT_VIC1,0
D,DISPATCH,UNIT_SCADA,1,"2019/08/20 03:20:00",RT_VIC10,0
D,DISPATCH,UNIT_SCADA,1,"2019/08/20 03:20:00",RT_VIC11,0
D,DISPATCH,UNIT_SCADA,1,"2019/08/20 03:20:00",RT_VIC12,0
D,DISPATCH,UNIT_SCADA,1,"2019/08/20 03:20:00",RT_VIC2,0
D,DISPATCH,UNIT_SCADA,1,"2019/08/20 03:20:00",RT_VIC3,0
D,DISPATCH,UNIT_SCADA,1,"2019/08/20 03:20:00",RT_VIC4,0
D,DISPATCH,UNIT_SCADA,1,"2019/08/20 03:20:00",RT_VIC5,0
D,DISPATCH,UNIT_SCADA,1,"2019/08/20 03:20:00",RT_VIC6,0
D,DISPATCH,UNIT_SCADA,1,"2019/08/20 03:20:00",RT_VIC7,0
D,DISPATCH,UNIT_SCADA,1,"2019/08/20 03:20:00",RT_VIC8,0
D,DISPATCH,UNIT_SCADA,1,"2019/08/20 03:20:00",RT_VIC9,0
D,DISPATCH,UNIT_SCADA,1,"2019/08/20 03:20:00",RUGBYR1,0
D,DISPATCH,UNIT_SCADA,1,"2019/08/20 03:20:00",SALTCRK1,48
D,DISPATCH,UNIT_SCADA,1,"2019/08/20 03:20:00",SAPHWF1,195.449980
D,DISPATCH,UNIT_SCADA,1,"2019/08/20 03:20:00",SHGEN,0
D,DISPATCH,UNIT_SCADA,1,"2019/08/20 03:20:00",SHPUMP,0
D,DISPATCH,UNIT_SCADA,1,"2019/08/20 03:20:00",SITHE01,0.1639
D,DISPATCH,UNIT_SCADA,1,"2019/08/20 03:20:00",SMCSF1,0
D,DISPATCH,UNIT_SCADA,1,"2019/08/20 03:20:00",SNOWNTH1,13.70
D,DISPATCH,UNIT_SCADA,1,"2019/08/20 03:20:00",SNOWSTH1,50
D,DISPATCH,UNIT_SCADA,1,"2019/08/20 03:20:00",SNOWTWN1,21.017480
D,DISPATCH,UNIT_SCADA,1,"2019/08/20 03:20:00",SNOWYP,380.600010
D,DISPATCH,UNIT_SCADA,1,"2019/08/20 03:20:00",SNUG1,0.019440
D,DISPATCH,UNIT_SCADA,1,"2019/08/20 03:20:00",SRSF1,0
D,DISPATCH,UNIT_SCADA,1,"2019/08/20 03:20:00",STAN-1,0
D,DISPATCH,UNIT_SCADA,1,"2019/08/20 03:20:00",STAN-2,175.808940
D,DISPATCH,UNIT_SCADA,1,"2019/08/20 03:20:00",STAN-3,217.107890
D,DISPATCH,UNIT_SCADA,1,"2019/08/20 03:20:00",STAN-4,191.497940
D,DISPATCH,UNIT_SCADA,1,"2019/08/20 03:20:00",STWF1,113.658750
D,DISPATCH,UNIT_SCADA,1,"2019/08/20 03:20:00",SWAN_E,0
D,DISPATCH,UNIT_SCADA,1,"2019/08/20 03:20:00",TALWA1,190
D,DISPATCH,UNIT_SCADA,1,"2019/08/20 03:20:00",TARALGA1,95.264980
D,DISPATCH,UNIT_SCADA,1,"2019/08/20 03:20:00",TARONG#1,226
D,DISPATCH,UNIT_SCADA,1,"2019/08/20 03:20:00",TARONG#2,225.70
D,DISPATCH,UNIT_SCADA,1,"2019/08/20 03:20:00",TARONG#3,179.70
D,DISPATCH,UNIT_SCADA,1,"2019/08/20 03:20:00",TARONG#4,224.70
D,DISPATCH,UNIT_SCADA,1,"2019/08/20 03:20:00",TARRALEA,79
D,DISPATCH,UNIT_SCADA,1,"2019/08/20 03:20:00",TBSF1,-0.20
D,DISPATCH,UNIT_SCADA,1,"2019/08/20 03:20:00",TNPS1,299.50
D,DISPATCH,UNIT_SCADA,1,"2019/08/20 03:20:00",TORRA1,39.131220
D,DISPATCH,UNIT_SCADA,1,"2019/08/20 03:20:00",TORRA2,0
D,DISPATCH,UNIT_SCADA,1,"2019/08/20 03:20:00",TORRA3,40.948080
D,DISPATCH,UNIT_SCADA,1,"2019/08/20 03:20:00",TORRA4,0
D,DISPATCH,UNIT_SCADA,1,"2019/08/20 03:20:00",TORRB1,41.32
D,DISPATCH,UNIT_SCADA,1,"2019/08/20 03:20:00",TORRB2,41.30
D,DISPATCH,UNIT_SCADA,1,"2019/08/20 03:20:00",TORRB3,0
D,DISPATCH,UNIT_SCADA,1,"2019/08/20 03:20:00",TORRB4,0
D,DISPATCH,UNIT_SCADA,1,"2019/08/20 03:20:00",TREVALLN,1.80
D,DISPATCH,UNIT_SCADA,1,"2019/08/20 03:20:00",TRIBUTE,70.63
D,DISPATCH,UNIT_SCADA,1,"2019/08/20 03:20:00",TUMUT3,0
D,DISPATCH,UNIT_SCADA,1,"2019/08/20 03:20:00",TUNGATIN,5.10
D,DISPATCH,UNIT_SCADA,1,"2019/08/20 03:20:00",TVCC201,0
D,DISPATCH,UNIT_SCADA,1,"2019/08/20 03:20:00",TVPP104,0
D,DISPATCH,UNIT_SCADA,1,"2019/08/20 03:20:00",UPPTUMUT,0
D,DISPATCH,UNIT_SCADA,1,"2019/08/20 03:20:00",URANQ11,0
D,DISPATCH,UNIT_SCADA,1,"2019/08/20 03:20:00",URANQ12,0
D,DISPATCH,UNIT_SCADA,1,"2019/08/20 03:20:00",URANQ13,0
D,DISPATCH,UNIT_SCADA,1,"2019/08/20 03:20:00",URANQ14,0
D,DISPATCH,UNIT_SCADA,1,"2019/08/20 03:20:00",VP5,309.475010
D,DISPATCH,UNIT_SCADA,1,"2019/08/20 03:20:00",VP6,312.350010
D,DISPATCH,UNIT_SCADA,1,"2019/08/20 03:20:00",VPGS1,0
D,DISPATCH,UNIT_SCADA,1,"2019/08/20 03:20:00",VPGS2,0
D,DISPATCH,UNIT_SCADA,1,"2019/08/20 03:20:00",VPGS3,0
D,DISPATCH,UNIT_SCADA,1,"2019/08/20 03:20:00",VPGS4,0
D,DISPATCH,UNIT_SCADA,1,"2019/08/20 03:20:00",VPGS5,0
D,DISPATCH,UNIT_SCADA,1,"2019/08/20 03:20:00",VPGS6,0
D,DISPATCH,UNIT_SCADA,1,"2019/08/20 03:20:00",W/HOE#1,0
D,DISPATCH,UNIT_SCADA,1,"2019/08/20 03:20:00",W/HOE#2,0
D,DISPATCH,UNIT_SCADA,1,"2019/08/20 03:20:00",WATERLWF,84.60
D,DISPATCH,UNIT_SCADA,1,"2019/08/20 03:20:00",WEMENSF1,0
D,DISPATCH,UNIT_SCADA,1,"2019/08/20 03:20:00",WGWF1,74.30
D,DISPATCH,UNIT_SCADA,1,"2019/08/20 03:20:00",WHITSF1,0
D,DISPATCH,UNIT_SCADA,1,"2019/08/20 03:20:00",WKIEWA1,0
D,DISPATCH,UNIT_SCADA,1,"2019/08/20 03:20:00",WKIEWA2,15.10
D,DISPATCH,UNIT_SCADA,1,"2019/08/20 03:20:00",WOODLWN1,45.170990
D,DISPATCH,UNIT_SCADA,1,"2019/08/20 03:20:00",WRSF1,0
D,DISPATCH,UNIT_SCADA,1,"2019/08/20 03:20:00",WRWF1,133.768750
D,DISPATCH,UNIT_SCADA,1,"2019/08/20 03:20:00",YABULU,0
D,DISPATCH,UNIT_SCADA,1,"2019/08/20 03:20:00",YABULU2,0
D,DISPATCH,UNIT_SCADA,1,"2019/08/20 03:20:00",YARWUN_1,0
D,DISPATCH,UNIT_SCADA,1,"2019/08/20 03:20:00",YENDWF1,41.84
D,DISPATCH,UNIT_SCADA,1,"2019/08/20 03:20:00",YWPS1,369.422790
D,DISPATCH,UNIT_SCADA,1,"2019/08/20 03:20:00",YWPS2,283.706330
D,DISPATCH,UNIT_SCADA,1,"2019/08/20 03:20:00",YWPS3,0
D,DISPATCH,UNIT_SCADA,1,"2019/08/20 03:20:00",YWPS4,394.955690
C,"END OF REPORT",334
