C,NEMP.WORLD,DISPATCHSCADA,AEMO,PUBLIC,2019/08/20,00:50:09,0000000311766254,DISPATCHSCADA,0000000311766248
I,DISPATCH,UNIT_SCADA,1,SETTLEMENTDATE,DUID,SCADAVALUE
D,DISPATCH,UNIT_SCADA,1,"2019/08/20 00:55:00",BARCSF1,0
D,DISPATCH,UNIT_SCADA,1,"2019/08/20 00:55:00",BUTLERSG,9.799998
D,DISPATCH,UNIT_SCADA,1,"2019/08/20 00:55:00",CALL_A_4,0
D,DISPATCH,UNIT_SCADA,1,"2019/08/20 00:55:00",CAPTL_WF,88.407997
D,DISPATCH,UNIT_SCADA,1,"2019/08/20 00:55:00",CATHROCK,34.899998
D,DISPATCH,UNIT_SCADA,1,"2019/08/20 00:55:00",CHALLHWF,13.70
D,DISPATCH,UNIT_SCADA,1,"2019/08/20 00:55:00",CLOVER,0
D,DISPATCH,UNIT_SCADA,1,"2019/08/20 00:55:00",CLUNY,17.197071
D,DISPATCH,UNIT_SCADA,1,"2019/08/20 00:55:00",CNUNDAWF,40.547302
D,DISPATCH,UNIT_SCADA,1,"2019/08/20 00:55:00",CULLRGWF,30.41
D,DISPATCH,UNIT_SCADA,1,"2019/08/20 00:55:00",ERGT01,0
D,DISPATCH,UNIT_SCADA,1,"2019/08/20 00:55:00",GB01,0.063011
D,DISPATCH,UNIT_SCADA,1,"2019/08/20 00:55:00",GERMCRK,36.900002
D,DISPATCH,UNIT_SCADA,1,"2019/08/20 00:55:00",GRIFSF1,0
D,DISPATCH,UNIT_SCADA,1,"2019/08/20 00:55:00",HUGSF1,-0.2580
D,DISPATCH,UNIT_SCADA,1,"2019/08/20 00:55:00",LKBONNY1,62.784481
D,DISPATCH,UNIT_SCADA,1,"2019/08/20 00:55:00",LRSF1,-0.03
D,DISPATCH,UNIT_SCADA,1,"2019/08/20 00:55:00",MBAHNTH,54.300003
D,DISPATCH,UNIT_SCADA,1,"2019/08/20 00:55:00",MLSP1,0.304001
D,DISPATCH,UNIT_SCADA,1,"2019/08/20 00:55:00",MLWF1,17.940001
D,DISPATCH,UNIT_SCADA,1,"2019/08/20 00:55:00",MTMILLAR,17.621025
D,DISPATCH,UNIT_SCADA,1,"2019/08/20 00:55:00",PALOONA,23.65
D,DISPATCH,UNIT_SCADA,1,"2019/08/20 00:55:00",PIONEER,26.200001
D,DISPATCH,UNIT_SCADA,1,"2019/08/20 00:55:00",PORTWF,137.300003
D,DISPATCH,UNIT_SCADA,1,"2019/08/20 00:55:00",REPULSE,28.942703
D,DISPATCH,UNIT_SCADA,1,"2019/08/20 00:55:00",ROWALLAN,9.8619
D,DISPATCH,UNIT_SCADA,1,"2019/08/20 00:55:00",ROYALLA1,0
D,DISPATCH,UNIT_SCADA,1,"2019/08/20 00:55:00",RPCG,-3.60
D,DISPATCH,UNIT_SCADA,1,"2019/08/20 00:55:00",RUBICON,0
D,DISPATCH,UNIT_SCADA,1,"2019/08/20 00:55:00",SATGN1,0
D,DISPATCH,UNIT_SCADA,1,"2019/08/20 00:55:00",SATGS1,0
D,DISPATCH,UNIT_SCADA,1,"2019/08/20 00:55:00",STARHLWF,16.795103
D,DISPATCH,UNIT_SCADA,1,"2019/08/20 00:55:00",WAUBRAWF,110.973999
D,DISPATCH,UNIT_SCADA,1,"2019/08/20 00:55:00",WOOLNTH1,129.610016
D,DISPATCH,UNIT_SCADA,1,"2019/08/20 00:55:00",WPWF,27
D,DISPATCH,UNIT_SCADA,1,"2019/08/20 00:55:00",YAMBUKWF,16.40
D,DISPATCH,UNIT_SCADA,1,"2019/08/20 00:55:00",YSWF1,28.700001
D,DISPATCH,UNIT_SCADA,1,"2019/08/20 00:55:00",AGLHAL,0
D,DISPATCH,UNIT_SCADA,1,"2019/08/20 00:55:00",AGLSOM,0
D,DISPATCH,UNIT_SCADA,1,"2019/08/20 00:55:00",ANGAST1,0
D,DISPATCH,UNIT_SCADA,1,"2019/08/20 00:55:00",ARWF1,22.70
D,DISPATCH,UNIT_SCADA,1,"2019/08/20 00:55:00",BALBG1,0
D,DISPATCH,UNIT_SCADA,1,"2019/08/20 00:55:00",BALBL1,0
D,DISPATCH,UNIT_SCADA,1,"2019/08/20 00:55:00",BALDHWF1,100.23
D,DISPATCH,UNIT_SCADA,1,"2019/08/20 00:55:00",BANN1,0
D,DISPATCH,UNIT_SCADA,1,"2019/08/20 00:55:00",BARCALDN,0
D,DISPATCH,UNIT_SCADA,1,"2019/08/20 00:55:00",BARRON-1,0
D,DISPATCH,UNIT_SCADA,1,"2019/08/20 00:55:00",BARRON-2,26.36
D,DISPATCH,UNIT_SCADA,1,"2019/08/20 00:55:00",BASTYAN,80.87
D,DISPATCH,UNIT_SCADA,1,"2019/08/20 00:55:00",BBTHREE1,0
D,DISPATCH,UNIT_SCADA,1,"2019/08/20 00:55:00",BBTHREE2,0
D,DISPATCH,UNIT_SCADA,1,"2019/08/20 00:55:00",BBTHREE3,0
D,DISPATCH,UNIT_SCADA,1,"2019/08/20 00:55:00",BDL01,0
D,DISPATCH,UNIT_SCADA,1,"2019/08/20 00:55:00",BDL02,0
D,DISPATCH,UNIT_SCADA,1,"2019/08/20 00:55:00",BERYLSF1,0
D,DISPATCH,UNIT_SCADA,1,"2019/08/20 00:55:00",BLOWERNG,0
D,DISPATCH,UNIT_SCADA,1,"2019/08/20 00:55:00",BLUFF1,28.50
D,DISPATCH,UNIT_SCADA,1,"2019/08/20 00:55:00",BNGSF1,0
D,DISPATCH,UNIT_SCADA,1,"2019/08/20 00:55:00",BNGSF2,0
D,DISPATCH,UNIT_SCADA,1,"2019/08/20 00:55:00",BOCORWF1,58.41
D,DISPATCH,UNIT_SCADA,1,"2019/08/20 00:55:00",BODWF1,30.889090
D,DISPATCH,UNIT_SCADA,1,"2019/08/20 00:55:00",BRAEMAR1,0
D,DISPATCH,UNIT_SCADA,1,"2019/08/20 00:55:00",BRAEMAR2,0
D,DISPATCH,UNIT_SCADA,1,"2019/08/20 00:55:00",BRAEMAR3,0
D,DISPATCH,UNIT_SCADA,1,"2019/08/20 00:55:00",BRAEMAR5,0
D,DISPATCH,UNIT_SCADA,1,"2019/08/20 00:55:00",BRAEMAR6,0
D,DISPATCH,UNIT_SCADA,1,"2019/08/20 00:55:00",BRAEMAR7,0
D,DISPATCH,UNIT_SCADA,1,"2019/08/20 00:55:00",BROKENH1,0
D,DISPATCH,UNIT_SCADA,1,"2019/08/20 00:55:00",BW01,594.099980
D,DISPATCH,UNIT_SCADA,1,"2019/08/20 00:55:00",BW02,601.599980
D,DISPATCH,UNIT_SCADA,1,"2019/08/20 00:55:00",BW03,633.3750
D,DISPATCH,UNIT_SCADA,1,"2019/08/20 00:55:00",BW04,0
D,DISPATCH,UNIT_SCADA,1,"2019/08/20 00:55:00",CALL_B_1,339.399990
D,DISPATCH,UNIT_SCADA,1,"2019/08/20 00:55:00",CALL_B_2,289.50
D,DISPATCH,UNIT_SCADA,1,"2019/08/20 00:55:00",CETHANA,81.718870
D,DISPATCH,UNIT_SCADA,1,"2019/08/20 00:55:00",CG1,0
D,DISPATCH,UNIT_SCADA,1,"2019/08/20 00:55:00",CG2,0
D,DISPATCH,UNIT_SCADA,1,"2019/08/20 00:55:00",CG3,0
D,DISPATCH,UNIT_SCADA,1,"2019/08/20 00:55:00",CG4,0
D,DISPATCH,UNIT_SCADA,1,"2019/08/20 00:55:00",CHILDSF1,0
D,DISPATCH,UNIT_SCADA,1,"2019/08/20 00:55:00",CLARESF1,0
D,DISPATCH,UNIT_SCADA,1,"2019/08/20 00:55:00",CLEMGPWF,10.517110
D,DISPATCH,UNIT_SCADA,1,"2019/08/20 00:55:00",CLERMSF1,0
D,DISPATCH,UNIT_SCADA,1,"2019/08/20 00:55:00",COLEASF1,0
D,DISPATCH,UNIT_SCADA,1,"2019/08/20 00:55:00",COOPGWF1,35.167150
D,DISPATCH,UNIT_SCADA,1,"2019/08/20 00:55:00",CPP_3,407.274990
D,DISPATCH,UNIT_SCADA,1,"2019/08/20 00:55:00",CPP_4,407.825010
D,DISPATCH,UNIT_SCADA,1,"2019/08/20 00:55:00",CPSA,143.510010
D,DISPATCH,UNIT_SCADA,1,"2019/08/20 00:55:00",CROOKWF2,42.133750
D,DISPATCH,UNIT_SCADA,1,"2019/08/20 00:55:00",CROWLWF1,44.875770
D,DISPATCH,UNIT_SCADA,1,"2019/08/20 00:55:00",CSPVPS1,0
D,DISPATCH,UNIT_SCADA,1,"2019/08/20 00:55:00",DALNTH01,0.090030
D,DISPATCH,UNIT_SCADA,1,"2019/08/20 00:55:00",DALNTHL1,0
D,DISPATCH,UNIT_SCADA,1,"2019/08/20 00:55:00",DARTM1,134.600010
D,DISPATCH,UNIT_SCADA,1,"2019/08/20 00:55:00",DAYDSF1,0
D,DISPATCH,UNIT_SCADA,1,"2019/08/20 00:55:00",DDPS1,0
D,DISPATCH,UNIT_SCADA,1,"2019/08/20 00:55:00",DDSF1,0
D,DISPATCH,UNIT_SCADA,1,"2019/08/20 00:55:00",DEVILS_G,60.248420
D,DISPATCH,UNIT_SCADA,1,"2019/08/20 00:55:00",DG_NSW1,0
D,DISPATCH,UNIT_SCADA,1,"2019/08/20 00:55:00",DG_QLD1,0
D,DISPATCH,UNIT_SCADA,1,"2019/08/20 00:55:00",DG_SA1,0
D,DISPATCH,UNIT_SCADA,1,"2019/08/20 00:55:00",DG_TAS1,0
D,DISPATCH,UNIT_SCADA,1,"2019/08/20 00:55:00",DG_VIC1,0
D,DISPATCH,UNIT_SCADA,1,"2019/08/20 00:55:00",DRYCGT1,0
D,DISPATCH,UNIT_SCADA,1,"2019/08/20 00:55:00",DRYCGT2,0
D,DISPATCH,UNIT_SCADA,1,"2019/08/20 00:55:00",DRYCGT3,0
D,DISPATCH,UNIT_SCADA,1,"2019/08/20 00:55:00",EILDON1,0
D,DISPATCH,UNIT_SCADA,1,"2019/08/20 00:55:00",EILDON2,0
D,DISPATCH,UNIT_SCADA,1,"2019/08/20 00:55:00",EMERASF1,0
D,DISPATCH,UNIT_SCADA,1,"2019/08/20 00:55:00",ER01,573.025020
D,DISPATCH,UNIT_SCADA,1,"2019/08/20 00:55:00",ER02,571.150020
D,DISPATCH,UNIT_SCADA,1,"2019/08/20 00:55:00",ER03,571.75
D,DISPATCH,UNIT_SCADA,1,"2019/08/20 00:55:00",ER04,571.675050
D,DISPATCH,UNIT_SCADA,1,"2019/08/20 00:55:00",FINLYSF1,0
D,DISPATCH,UNIT_SCADA,1,"2019/08/20 00:55:00",FISHER,45.87
D,DISPATCH,UNIT_SCADA,1,"2019/08/20 00:55:00",GANNBG1,0
D,DISPATCH,UNIT_SCADA,1,"2019/08/20 00:55:00",GANNBL1,0.033030
D,DISPATCH,UNIT_SCADA,1,"2019/08/20 00:55:00",GANNSF1,0
D,DISPATCH,UNIT_SCADA,1,"2019/08/20 00:55:00",GORDON,0
D,DISPATCH,UNIT_SCADA,1,"2019/08/20 00:55:00",GSTONE1,165.899990
D,DISPATCH,UNIT_SCADA,1,"2019/08/20 00:55:00",GSTONE2,150.149990
D,DISPATCH,UNIT_SCADA,1,"2019/08/20 00:55:00",GSTONE3,154.1750
D,DISPATCH,UNIT_SCADA,1,"2019/08/20 00:55:00",GSTONE4,160.8250
D,DISPATCH,UNIT_SCADA,1,"2019/08/20 00:55:00",GSTONE5,167.30
D,DISPATCH,UNIT_SCADA,1,"2019/08/20 00:55:00",GSTONE6,0
D,DISPATCH,UNIT_SCADA,1,"2019/08/20 00:55:00",GULLRSF1,0
D,DISPATCH,UNIT_SCADA,1,"2019/08/20 00:55:00",GULLRWF1,156.738920
D,DISPATCH,UNIT_SCADA,1,"2019/08/20 00:55:00",GUNNING1,38.866040
D,DISPATCH,UNIT_SCADA,1,"2019/08/20 00:55:00",GUTHEGA,0
D,DISPATCH,UNIT_SCADA,1,"2019/08/20 00:55:00",HALLWF1,79.27
D,DISPATCH,UNIT_SCADA,1,"2019/08/20 00:55:00",HALLWF2,68.15
D,DISPATCH,UNIT_SCADA,1,"2019/08/20 00:55:00",HAMISF1,0
D,DISPATCH,UNIT_SCADA,1,"2019/08/20 00:55:00",HAUGHT11,0
D,DISPATCH,UNIT_SCADA,1,"2019/08/20 00:55:00",HAYMSF1,0
D,DISPATCH,UNIT_SCADA,1,"2019/08/20 00:55:00",HDWF1,31.90
D,DISPATCH,UNIT_SCADA,1,"2019/08/20 00:55:00",HDWF2,18.20
D,DISPATCH,UNIT_SCADA,1,"2019/08/20 00:55:00",HDWF3,27.50
D,DISPATCH,UNIT_SCADA,1,"2019/08/20 00:55:00",HPRG1,22.50
D,DISPATCH,UNIT_SCADA,1,"2019/08/20 00:55:00",HPRL1,0
D,DISPATCH,UNIT_SCADA,1,"2019/08/20 00:55:00",HUMENSW,0
D,DISPATCH,UNIT_SCADA,1,"2019/08/20 00:55:00",HUMEV,9.40
D,DISPATCH,UNIT_SCADA,1,"2019/08/20 00:55:00",HVGTS,0
D,DISPATCH,UNIT_SCADA,1,"2019/08/20 00:55:00",JBUTTERS,138
D,DISPATCH,UNIT_SCADA,1,"2019/08/20 00:55:00",JLA01,0.50
D,DISPATCH,UNIT_SCADA,1,"2019/08/20 00:55:00",JLA02,0
D,DISPATCH,UNIT_SCADA,1,"2019/08/20 00:55:00",JLA03,0.10
D,DISPATCH,UNIT_SCADA,1,"2019/08/20 00:55:00",JLA04,0.10
D,DISPATCH,UNIT_SCADA,1,"2019/08/20 00:55:00",JLB01,0
D,DISPATCH,UNIT_SCADA,1,"2019/08/20 00:55:00",JLB02,0.10
D,DISPATCH,UNIT_SCADA,1,"2019/08/20 00:55:00",JLB03,0
D,DISPATCH,UNIT_SCADA,1,"2019/08/20 00:55:00",KAREEYA1,21.5550
D,DISPATCH,UNIT_SCADA,1,"2019/08/20 00:55:00",KAREEYA2,21.6875
D,DISPATCH,UNIT_SCADA,1,"2019/08/20 00:55:00",KAREEYA3,0
D,DISPATCH,UNIT_SCADA,1,"2019/08/20 00:55:00",KAREEYA4,21.7150
D,DISPATCH,UNIT_SCADA,1,"2019/08/20 00:55:00",KARSF1,0
D,DISPATCH,UNIT_SCADA,1,"2019/08/20 00:55:00",KIATAWF1,30.50
D,DISPATCH,UNIT_SCADA,1,"2019/08/20 00:55:00",KPP_1,0
D,DISPATCH,UNIT_SCADA,1,"2019/08/20 00:55:00",KSP1,0
D,DISPATCH,UNIT_SCADA,1,"2019/08/20 00:55:00",LADBROK1,0
D,DISPATCH,UNIT_SCADA,1,"2019/08/20 00:55:00",LADBROK2,0
D,DISPATCH,UNIT_SCADA,1,"2019/08/20 00:55:00",LD01,415.893770
D,DISPATCH,UNIT_SCADA,1,"2019/08/20 00:55:00",LD02,419.081270
D,DISPATCH,UNIT_SCADA,1,"2019/08/20 00:55:00",LD03,417.1875
D,DISPATCH,UNIT_SCADA,1,"2019/08/20 00:55:00",LD04,377.8125
D,DISPATCH,UNIT_SCADA,1,"2019/08/20 00:55:00",LEM_WIL,85.008650
D,DISPATCH,UNIT_SCADA,1,"2019/08/20 00:55:00",LGAPWF1,13.10
D,DISPATCH,UNIT_SCADA,1,"2019/08/20 00:55:00",LILYSF1,0
D,DISPATCH,UNIT_SCADA,1,"2019/08/20 00:55:00",LI_WY_CA,144.051860
D,DISPATCH,UNIT_SCADA,1,"2019/08/20 00:55:00",LKBONNY2,150.234150
D,DISPATCH,UNIT_SCADA,1,"2019/08/20 00:55:00",LKBONNY3,36.340130
D,DISPATCH,UNIT_SCADA,1,"2019/08/20 00:55:00",LK_ECHO,0
D,DISPATCH,UNIT_SCADA,1,"2019/08/20 00:55:00",LNGS1,0
D,DISPATCH,UNIT_SCADA,1,"2019/08/20 00:55:00",LNGS2,0
D,DISPATCH,UNIT_SCADA,1,"2019/08/20 00:55:00",LONSDALE,0
D,DISPATCH,UNIT_SCADA,1,"2019/08/20 00:55:00",LOYYB1,536.464540
D,DISPATCH,UNIT_SCADA,1,"2019/08/20 00:55:00",LOYYB2,583.082280
D,DISPATCH,UNIT_SCADA,1,"2019/08/20 00:55:00",LYA1,560
D,DISPATCH,UNIT_SCADA,1,"2019/08/20 00:55:00",LYA2,0
D,DISPATCH,UNIT_SCADA,1,"2019/08/20 00:55:00",LYA3,562
D,DISPATCH,UNIT_SCADA,1,"2019/08/20 00:55:00",LYA4,542
D,DISPATCH,UNIT_SCADA,1,"2019/08/20 00:55:00",MACARTH1,247.2943
D,DISPATCH,UNIT_SCADA,1,"2019/08/20 00:55:00",MACKAYGT,0
D,DISPATCH,UNIT_SCADA,1,"2019/08/20 00:55:00",MACKNTSH,85.19
D,DISPATCH,UNIT_SCADA,1,"2019/08/20 00:55:00",MANSLR1,0
D,DISPATCH,UNIT_SCADA,1,"2019/08/20 00:55:00",MCKAY1,0.02
D,DISPATCH,UNIT_SCADA,1,"2019/08/20 00:55:00",MEADOWBK,33.924460
D,DISPATCH,UNIT_SCADA,1,"2019/08/20 00:55:00",MERCER01,123.527990
D,DISPATCH,UNIT_SCADA,1,"2019/08/20 00:55:00",MEWF1,118.231040
D,DISPATCH,UNIT_SCADA,1,"2019/08/20 00:55:00",MINTARO,0
D,DISPATCH,UNIT_SCADA,1,"2019/08/20 00:55:00",MOREESF1,0
D,DISPATCH,UNIT_SCADA,1,"2019/08/20 00:55:00",MORTLK11,124
D,DISPATCH,UNIT_SCADA,1,"2019/08/20 00:55:00",MORTLK12,0
D,DISPATCH,UNIT_SCADA,1,"2019/08/20 00:55:00",MP1,276.799930
D,DISPATCH,UNIT_SCADA,1,"2019/08/20 00:55:00",MP2,0
D,DISPATCH,UNIT_SCADA,1,"2019/08/20 00:55:00",MPP_1,427.25
D,DISPATCH,UNIT_SCADA,1,"2019/08/20 00:55:00",MPP_2,436
D,DISPATCH,UNIT_SCADA,1,"2019/08/20 00:55:00",MSTUART1,0
D,DISPATCH,UNIT_SCADA,1,"2019/08/20 00:55:00",MSTUART2,0
D,DISPATCH,UNIT_SCADA,1,"2019/08/20 00:55:00",MSTUART3,0
D,DISPATCH,UNIT_SCADA,1,"2019/08/20 00:55:00",MTGELWF1,64.293350
D,DISPATCH,UNIT_SCADA,1,"2019/08/20 00:55:00",MURRAY,0
D,DISPATCH,UNIT_SCADA,1,"2019/08/20 00:55:00",MUSSELR1,93.50
D,DISPATCH,UNIT_SCADA,1,"2019/08/20 00:55:00",MUWAWF1,39.87
D,DISPATCH,UNIT_SCADA,1,"2019/08/20 00:55:00",NBHWF1,55.90
D,DISPATCH,UNIT_SCADA,1,"2019/08/20 00:55:00",NPS,0
D,DISPATCH,UNIT_SCADA,1,"2019/08/20 00:55:00",NUMURSF1,0
D,DISPATCH,UNIT_SCADA,1,"2019/08/20 00:55:00",NYNGAN1,0
D,DISPATCH,UNIT_SCADA,1,"2019/08/20 00:55:00",OAKEY1,0
D,DISPATCH,UNIT_SCADA,1,"2019/08/20 00:55:00",OAKEY1SF,0
D,DISPATCH,UNIT_SCADA,1,"2019/08/20 00:55:00",OAKEY2,0
D,DISPATCH,UNIT_SCADA,1,"2019/08/20 00:55:00",OAKLAND1,51.30
D,DISPATCH,UNIT_SCADA,1,"2019/08/20 00:55:00",OSB-AG,139.55
D,DISPATCH,UNIT_SCADA,1,"2019/08/20 00:55:00",PARSF1,0
D,DISPATCH,UNIT_SCADA,1,"2019/08/20 00:55:00",POAT110,0
D,DISPATCH,UNIT_SCADA,1,"2019/08/20 00:55:00",POAT220,11.16
D,DISPATCH,UNIT_SCADA,1,"2019/08/20 00:55:00",POR01,0
D,DISPATCH,UNIT_SCADA,1,"2019/08/20 00:55:00",POR03,0
D,DISPATCH,UNIT_SCADA,1,"2019/08/20 00:55:00",PPCCGT,21.477710
D,DISPATCH,UNIT_SCADA,1,"2019/08/20 00:55:00",PTSTAN1,0
D,DISPATCH,UNIT_SCADA,1,"2019/08/20 00:55:00",PUMP1,0
D,DISPATCH,UNIT_SCADA,1,"2019/08/20 00:55:00",PUMP2,0
D,DISPATCH,UNIT_SCADA,1,"2019/08/20 00:55:00",QPS1,0
D,DISPATCH,UNIT_SCADA,1,"2019/08/20 00:55:00",QPS2,0
D,DISPATCH,UNIT_SCADA,1,"2019/08/20 00:55:00",QPS3,0
D,DISPATCH,UNIT_SCADA,1,"2019/08/20 00:55:00",QPS4,0
D,DISPATCH,UNIT_SCADA,1,"2019/08/20 00:55:00",QPS5,0
D,DISPATCH,UNIT_SCADA,1,"2019/08/20 00:55:00",REECE1,114.580010
D,DISPATCH,UNIT_SCADA,1,"2019/08/20 00:55:00",REECE2,114.600010
D,DISPATCH,UNIT_SCADA,1,"2019/08/20 00:55:00",ROMA_7,0
D,DISPATCH,UNIT_SCADA,1,"2019/08/20 00:55:00",ROMA_8,0
D,DISPATCH,UNIT_SCADA,1,"2019/08/20 00:55:00",RRSF1,0
D,DISPATCH,UNIT_SCADA,1,"2019/08/20 00:55:00",RT_NSW1,0
D,DISPATCH,UNIT_SCADA,1,"2019/08/20 00:55:00",RT_NSW2,0
D,DISPATCH,UNIT_SCADA,1,"2019/08/20 00:55:00",RT_NSW3,0
D,DISPATCH,UNIT_SCADA,1,"2019/08/20 00:55:00",RT_NSW4,0
D,DISPATCH,UNIT_SCADA,1,"2019/08/20 00:55:00",RT_NSW5,0
D,DISPATCH,UNIT_SCADA,1,"2019/08/20 00:55:00",RT_NSW6,0
D,DISPATCH,UNIT_SCADA,1,"2019/08/20 00:55:00",RT_QLD1,0
D,DISPATCH,UNIT_SCADA,1,"2019/08/20 00:55:00",RT_SA1,0
D,DISPATCH,UNIT_SCADA,1,"2019/08/20 00:55:00",RT_SA2,0
D,DISPATCH,UNIT_SCADA,1,"2019/08/20 00:55:00",RT_SA3,0
D,DISPATCH,UNIT_SCADA,1,"2019/08/20 00:55:00",RT_SA4,0
D,DISPATCH,UNIT_SCADA,1,"2019/08/20 00:55:00",RT_SA5,0
D,DISPATCH,UNIT_SCADA,1,"2019/08/20 00:55:00",RT_SA6,0
D,DISPATCH,UNIT_SCADA,1,"2019/08/20 00:55:00",RT_TAS1,0
D,DISPATCH,UNIT_SCADA,1,"2019/08/20 00:55:00",RT_VIC1,0
D,DISPATCH,UNIT_SCADA,1,"2019/08/20 00:55:00",RT_VIC10,0
D,DISPATCH,UNIT_SCADA,1,"2019/08/20 00:55:00",RT_VIC11,0
D,DISPATCH,UNIT_SCADA,1,"2019/08/20 00:55:00",RT_VIC12,0
D,DISPATCH,UNIT_SCADA,1,"2019/08/20 00:55:00",RT_VIC2,0
D,DISPATCH,UNIT_SCADA,1,"2019/08/20 00:55:00",RT_VIC3,0
D,DISPATCH,UNIT_SCADA,1,"2019/08/20 00:55:00",RT_VIC4,0
D,DISPATCH,UNIT_SCADA,1,"2019/08/20 00:55:00",RT_VIC5,0
D,DISPATCH,UNIT_SCADA,1,"2019/08/20 00:55:00",RT_VIC6,0
D,DISPATCH,UNIT_SCADA,1,"2019/08/20 00:55:00",RT_VIC7,0
D,DISPATCH,UNIT_SCADA,1,"2019/08/20 00:55:00",RT_VIC8,0
D,DISPATCH,UNIT_SCADA,1,"2019/08/20 00:55:00",RT_VIC9,0
D,DISPATCH,UNIT_SCADA,1,"2019/08/20 00:55:00",RUGBYR1,0
D,DISPATCH,UNIT_SCADA,1,"2019/08/20 00:55:00",SALTCRK1,50.19
D,DISPATCH,UNIT_SCADA,1,"2019/08/20 00:55:00",SAPHWF1,237.056210
D,DISPATCH,UNIT_SCADA,1,"2019/08/20 00:55:00",SHGEN,0
D,DISPATCH,UNIT_SCADA,1,"2019/08/20 00:55:00",SHPUMP,157.964290
D,DISPATCH,UNIT_SCADA,1,"2019/08/20 00:55:00",SITHE01,0.123710
D,DISPATCH,UNIT_SCADA,1,"2019/08/20 00:55:00",SMCSF1,0
D,DISPATCH,UNIT_SCADA,1,"2019/08/20 00:55:00",SNOWNTH1,11.30
D,DISPATCH,UNIT_SCADA,1,"2019/08/20 00:55:00",SNOWSTH1,28.40
D,DISPATCH,UNIT_SCADA,1,"2019/08/20 00:55:00",SNOWTWN1,17.859110
D,DISPATCH,UNIT_SCADA,1,"2019/08/20 00:55:00",SNOWYP,0
D,DISPATCH,UNIT_SCADA,1,"2019/08/20 00:55:00",SNUG1,0.019440
D,DISPATCH,UNIT_SCADA,1,"2019/08/20 00:55:00",SRSF1,0
D,DISPATCH,UNIT_SCADA,1,"2019/08/20 00:55:00",STAN-1,0
D,DISPATCH,UNIT_SCADA,1,"2019/08/20 00:55:00",STAN-2,223.503980
D,DISPATCH,UNIT_SCADA,1,"2019/08/20 00:55:00",STAN-3,224.144870
D,DISPATCH,UNIT_SCADA,1,"2019/08/20 00:55:00",STAN-4,217.569340
D,DISPATCH,UNIT_SCADA,1,"2019/08/20 00:55:00",STWF1,162.697490
D,DISPATCH,UNIT_SCADA,1,"2019/08/20 00:55:00",SWAN_E,0
D,DISPATCH,UNIT_SCADA,1,"2019/08/20 00:55:00",TALWA1,300
D,DISPATCH,UNIT_SCADA,1,"2019/08/20 00:55:00",TARALGA1,97.049990
D,DISPATCH,UNIT_SCADA,1,"2019/08/20 00:55:00",TARONG#1,238.50
D,DISPATCH,UNIT_SCADA,1,"2019/08/20 00:55:00",TARONG#2,240
D,DISPATCH,UNIT_SCADA,1,"2019/08/20 00:55:00",TARONG#3,188.900010
D,DISPATCH,UNIT_SCADA,1,"2019/08/20 00:55:00",TARONG#4,232
D,DISPATCH,UNIT_SCADA,1,"2019/08/20 00:55:00",TARRALEA,79.10
D,DISPATCH,UNIT_SCADA,1,"2019/08/20 00:55:00",TBSF1,-0.20
D,DISPATCH,UNIT_SCADA,1,"2019/08/20 00:55:00",TNPS1,299.800020
D,DISPATCH,UNIT_SCADA,1,"2019/08/20 00:55:00",TORRA1,42.493330
D,DISPATCH,UNIT_SCADA,1,"2019/08/20 00:55:00",TORRA2,0
D,DISPATCH,UNIT_SCADA,1,"2019/08/20 00:55:00",TORRA3,43.422710
D,DISPATCH,UNIT_SCADA,1,"2019/08/20 00:55:00",TORRA4,0
D,DISPATCH,UNIT_SCADA,1,"2019/08/20 00:55:00",TORRB1,38.39
D,DISPATCH,UNIT_SCADA,1,"2019/08/20 00:55:00",TORRB2,39.25
D,DISPATCH,UNIT_SCADA,1,"2019/08/20 00:55:00",TORRB3,0
D,DISPATCH,UNIT_SCADA,1,"2019/08/20 00:55:00",TORRB4,0
D,DISPATCH,UNIT_SCADA,1,"2019/08/20 00:55:00",TREVALLN,17.10
D,DISPATCH,UNIT_SCADA,1,"2019/08/20 00:55:00",TRIBUTE,71.18
D,DISPATCH,UNIT_SCADA,1,"2019/08/20 00:55:00",TUMUT3,0
D,DISPATCH,UNIT_SCADA,1,"2019/08/20 00:55:00",TUNGATIN,24.90
D,DISPATCH,UNIT_SCADA,1,"2019/08/20 00:55:00",TVCC201,0
D,DISPATCH,UNIT_SCADA,1,"2019/08/20 00:55:00",TVPP104,0
D,DISPATCH,UNIT_SCADA,1,"2019/08/20 00:55:00",UPPTUMUT,0
D,DISPATCH,UNIT_SCADA,1,"2019/08/20 00:55:00",URANQ11,0
D,DISPATCH,UNIT_SCADA,1,"2019/08/20 00:55:00",URANQ12,0
D,DISPATCH,UNIT_SCADA,1,"2019/08/20 00:55:00",URANQ13,0
D,DISPATCH,UNIT_SCADA,1,"2019/08/20 00:55:00",URANQ14,0
D,DISPATCH,UNIT_SCADA,1,"2019/08/20 00:55:00",VP5,399.225010
D,DISPATCH,UNIT_SCADA,1,"2019/08/20 00:55:00",VP6,395.700010
D,DISPATCH,UNIT_SCADA,1,"2019/08/20 00:55:00",VPGS1,0
D,DISPATCH,UNIT_SCADA,1,"2019/08/20 00:55:00",VPGS2,0
D,DISPATCH,UNIT_SCADA,1,"2019/08/20 00:55:00",VPGS3,0
D,DISPATCH,UNIT_SCADA,1,"2019/08/20 00:55:00",VPGS4,0
D,DISPATCH,UNIT_SCADA,1,"2019/08/20 00:55:00",VPGS5,0
D,DISPATCH,UNIT_SCADA,1,"2019/08/20 00:55:00",VPGS6,0
D,DISPATCH,UNIT_SCADA,1,"2019/08/20 00:55:00",W/HOE#1,0
D,DISPATCH,UNIT_SCADA,1,"2019/08/20 00:55:00",W/HOE#2,0
D,DISPATCH,UNIT_SCADA,1,"2019/08/20 00:55:00",WATERLWF,82.70
D,DISPATCH,UNIT_SCADA,1,"2019/08/20 00:55:00",WEMENSF1,0
D,DISPATCH,UNIT_SCADA,1,"2019/08/20 00:55:00",WGWF1,88.50
D,DISPATCH,UNIT_SCADA,1,"2019/08/20 00:55:00",WHITSF1,0
D,DISPATCH,UNIT_SCADA,1,"2019/08/20 00:55:00",WKIEWA1,0
D,DISPATCH,UNIT_SCADA,1,"2019/08/20 00:55:00",WKIEWA2,15.10
D,DISPATCH,UNIT_SCADA,1,"2019/08/20 00:55:00",WOODLWN1,44.9640
D,DISPATCH,UNIT_SCADA,1,"2019/08/20 00:55:00",WRSF1,0
D,DISPATCH,UNIT_SCADA,1,"2019/08/20 00:55:00",WRWF1,154.944990
D,DISPATCH,UNIT_SCADA,1,"2019/08/20 00:55:00",YABULU,0
D,DISPATCH,UNIT_SCADA,1,"2019/08/20 00:55:00",YABULU2,0
D,DISPATCH,UNIT_SCADA,1,"2019/08/20 00:55:00",YARWUN_1,0
D,DISPATCH,UNIT_SCADA,1,"2019/08/20 00:55:00",YENDWF1,41.77
D,DISPATCH,UNIT_SCADA,1,"2019/08/20 00:55:00",YWPS1,376.941770
D,DISPATCH,UNIT_SCADA,1,"2019/08/20 00:55:00",YWPS2,278.192410
D,DISPATCH,UNIT_SCADA,1,"2019/08/20 00:55:00",YWPS3,0
D,DISPATCH,UNIT_SCADA,1,"2019/08/20 00:55:00",YWPS4,396.3671
C,"END OF REPORT",334
