C,NEMP.WORLD,DISPATCHSCADA,AEMO,PUBLIC,2019/08/22,06:40:08,0000000311856197,DISPATCHSCADA,0000000311856191
I,DISPATCH,UNIT_SCADA,1,SETTLEMENTDATE,DUID,SCADAVALUE
D,DISPATCH,UNIT_SCADA,1,"2019/08/22 06:45:00",BARCSF1,0.70
D,DISPATCH,UNIT_SCADA,1,"2019/08/22 06:45:00",BUTLERSG,9.699999
D,DISPATCH,UNIT_SCADA,1,"2019/08/22 06:45:00",CALL_A_4,0
D,DISPATCH,UNIT_SCADA,1,"2019/08/22 06:45:00",CAPTL_WF,128.968002
D,DISPATCH,UNIT_SCADA,1,"2019/08/22 06:45:00",CATHROCK,3.55
D,DISPATCH,UNIT_SCADA,1,"2019/08/22 06:45:00",CHALLHWF,46.200001
D,DISPATCH,UNIT_SCADA,1,"2019/08/22 06:45:00",CLOVER,0
D,DISPATCH,UNIT_SCADA,1,"2019/08/22 06:45:00",CLUNY,19.730373
D,DISPATCH,UNIT_SCADA,1,"2019/08/22 06:45:00",CNUNDAWF,34.740524
D,DISPATCH,UNIT_SCADA,1,"2019/08/22 06:45:00",CULLRGWF,30.33
D,DISPATCH,UNIT_SCADA,1,"2019/08/22 06:45:00",ERGT01,0
D,DISPATCH,UNIT_SCADA,1,"2019/08/22 06:45:00",GB01,0.056610
D,DISPATCH,UNIT_SCADA,1,"2019/08/22 06:45:00",GERMCRK,37.599998
D,DISPATCH,UNIT_SCADA,1,"2019/08/22 06:45:00",GRIFSF1,0
D,DISPATCH,UNIT_SCADA,1,"2019/08/22 06:45:00",HUGSF1,-0.2430
D,DISPATCH,UNIT_SCADA,1,"2019/08/22 06:45:00",LKBONNY1,69.393372
D,DISPATCH,UNIT_SCADA,1,"2019/08/22 06:45:00",LRSF1,0.0390
D,DISPATCH,UNIT_SCADA,1,"2019/08/22 06:45:00",MBAHNTH,55.968750
D,DISPATCH,UNIT_SCADA,1,"2019/08/22 06:45:00",MLSP1,0.271001
D,DISPATCH,UNIT_SCADA,1,"2019/08/22 06:45:00",MLWF1,17.4750
D,DISPATCH,UNIT_SCADA,1,"2019/08/22 06:45:00",MTMILLAR,10.507132
D,DISPATCH,UNIT_SCADA,1,"2019/08/22 06:45:00",PALOONA,28.58
D,DISPATCH,UNIT_SCADA,1,"2019/08/22 06:45:00",PIONEER,42
D,DISPATCH,UNIT_SCADA,1,"2019/08/22 06:45:00",PORTWF,111.300003
D,DISPATCH,UNIT_SCADA,1,"2019/08/22 06:45:00",REPULSE,28.835279
D,DISPATCH,UNIT_SCADA,1,"2019/08/22 06:45:00",ROWALLAN,10.4015
D,DISPATCH,UNIT_SCADA,1,"2019/08/22 06:45:00",ROYALLA1,0
D,DISPATCH,UNIT_SCADA,1,"2019/08/22 06:45:00",RPCG,12.80
D,DISPATCH,UNIT_SCADA,1,"2019/08/22 06:45:00",RUBICON,0
D,DISPATCH,UNIT_SCADA,1,"2019/08/22 06:45:00",SATGN1,0
D,DISPATCH,UNIT_SCADA,1,"2019/08/22 06:45:00",SATGS1,0
D,DISPATCH,UNIT_SCADA,1,"2019/08/22 06:45:00",STARHLWF,2.699213
D,DISPATCH,UNIT_SCADA,1,"2019/08/22 06:45:00",WAUBRAWF,173.613998
D,DISPATCH,UNIT_SCADA,1,"2019/08/22 06:45:00",WOOLNTH1,122.690018
D,DISPATCH,UNIT_SCADA,1,"2019/08/22 06:45:00",WPWF,10
D,DISPATCH,UNIT_SCADA,1,"2019/08/22 06:45:00",YAMBUKWF,27.700001
D,DISPATCH,UNIT_SCADA,1,"2019/08/22 06:45:00",YSWF1,22
D,DISPATCH,UNIT_SCADA,1,"2019/08/22 06:45:00",AGLHAL,0
D,DISPATCH,UNIT_SCADA,1,"2019/08/22 06:45:00",AGLSOM,0
D,DISPATCH,UNIT_SCADA,1,"2019/08/22 06:45:00",ANGAST1,0
D,DISPATCH,UNIT_SCADA,1,"2019/08/22 06:45:00",ARWF1,205.099990
D,DISPATCH,UNIT_SCADA,1,"2019/08/22 06:45:00",BALBG1,0.25
D,DISPATCH,UNIT_SCADA,1,"2019/08/22 06:45:00",BALBL1,0
D,DISPATCH,UNIT_SCADA,1,"2019/08/22 06:45:00",BALDHWF1,97.3080
D,DISPATCH,UNIT_SCADA,1,"2019/08/22 06:45:00",BANN1,0
D,DISPATCH,UNIT_SCADA,1,"2019/08/22 06:45:00",BARCALDN,0
D,DISPATCH,UNIT_SCADA,1,"2019/08/22 06:45:00",BARRON-1,0
D,DISPATCH,UNIT_SCADA,1,"2019/08/22 06:45:00",BARRON-2,24.68
D,DISPATCH,UNIT_SCADA,1,"2019/08/22 06:45:00",BASTYAN,78.180010
D,DISPATCH,UNIT_SCADA,1,"2019/08/22 06:45:00",BBTHREE1,-1.90
D,DISPATCH,UNIT_SCADA,1,"2019/08/22 06:45:00",BBTHREE2,-1.94
D,DISPATCH,UNIT_SCADA,1,"2019/08/22 06:45:00",BBTHREE3,-1.02
D,DISPATCH,UNIT_SCADA,1,"2019/08/22 06:45:00",BDL01,0
D,DISPATCH,UNIT_SCADA,1,"2019/08/22 06:45:00",BDL02,-0.12
D,DISPATCH,UNIT_SCADA,1,"2019/08/22 06:45:00",BERYLSF1,0
D,DISPATCH,UNIT_SCADA,1,"2019/08/22 06:45:00",BLOWERNG,0
D,DISPATCH,UNIT_SCADA,1,"2019/08/22 06:45:00",BLUFF1,33.50
D,DISPATCH,UNIT_SCADA,1,"2019/08/22 06:45:00",BNGSF1,0
D,DISPATCH,UNIT_SCADA,1,"2019/08/22 06:45:00",BNGSF2,0
D,DISPATCH,UNIT_SCADA,1,"2019/08/22 06:45:00",BOCORWF1,106.93
D,DISPATCH,UNIT_SCADA,1,"2019/08/22 06:45:00",BODWF1,98.085840
D,DISPATCH,UNIT_SCADA,1,"2019/08/22 06:45:00",BRAEMAR1,0
D,DISPATCH,UNIT_SCADA,1,"2019/08/22 06:45:00",BRAEMAR2,0
D,DISPATCH,UNIT_SCADA,1,"2019/08/22 06:45:00",BRAEMAR3,0
D,DISPATCH,UNIT_SCADA,1,"2019/08/22 06:45:00",BRAEMAR5,0
D,DISPATCH,UNIT_SCADA,1,"2019/08/22 06:45:00",BRAEMAR6,0
D,DISPATCH,UNIT_SCADA,1,"2019/08/22 06:45:00",BRAEMAR7,0
D,DISPATCH,UNIT_SCADA,1,"2019/08/22 06:45:00",BROKENH1,0
D,DISPATCH,UNIT_SCADA,1,"2019/08/22 06:45:00",BW01,524.150020
D,DISPATCH,UNIT_SCADA,1,"2019/08/22 06:45:00",BW02,641.50
D,DISPATCH,UNIT_SCADA,1,"2019/08/22 06:45:00",BW03,645.174930
D,DISPATCH,UNIT_SCADA,1,"2019/08/22 06:45:00",BW04,0
D,DISPATCH,UNIT_SCADA,1,"2019/08/22 06:45:00",CALL_B_1,349.200010
D,DISPATCH,UNIT_SCADA,1,"2019/08/22 06:45:00",CALL_B_2,289.50
D,DISPATCH,UNIT_SCADA,1,"2019/08/22 06:45:00",CETHANA,97.885120
D,DISPATCH,UNIT_SCADA,1,"2019/08/22 06:45:00",CG1,0
D,DISPATCH,UNIT_SCADA,1,"2019/08/22 06:45:00",CG2,0
D,DISPATCH,UNIT_SCADA,1,"2019/08/22 06:45:00",CG3,0
D,DISPATCH,UNIT_SCADA,1,"2019/08/22 06:45:00",CG4,0
D,DISPATCH,UNIT_SCADA,1,"2019/08/22 06:45:00",CHILDSF1,5.44
D,DISPATCH,UNIT_SCADA,1,"2019/08/22 06:45:00",CLARESF1,0
D,DISPATCH,UNIT_SCADA,1,"2019/08/22 06:45:00",CLEMGPWF,5.042450
D,DISPATCH,UNIT_SCADA,1,"2019/08/22 06:45:00",CLERMSF1,0
D,DISPATCH,UNIT_SCADA,1,"2019/08/22 06:45:00",COLEASF1,0
D,DISPATCH,UNIT_SCADA,1,"2019/08/22 06:45:00",COOPGWF1,35.487320
D,DISPATCH,UNIT_SCADA,1,"2019/08/22 06:45:00",CPP_3,406.175020
D,DISPATCH,UNIT_SCADA,1,"2019/08/22 06:45:00",CPP_4,406.450010
D,DISPATCH,UNIT_SCADA,1,"2019/08/22 06:45:00",CPSA,143.041890
D,DISPATCH,UNIT_SCADA,1,"2019/08/22 06:45:00",CROOKWF2,84.7650
D,DISPATCH,UNIT_SCADA,1,"2019/08/22 06:45:00",CROWLWF1,47.247360
D,DISPATCH,UNIT_SCADA,1,"2019/08/22 06:45:00",CSPVPS1,0.4740
D,DISPATCH,UNIT_SCADA,1,"2019/08/22 06:45:00",DALNTH01,0
D,DISPATCH,UNIT_SCADA,1,"2019/08/22 06:45:00",DALNTHL1,0.068670
D,DISPATCH,UNIT_SCADA,1,"2019/08/22 06:45:00",DARTM1,134.899990
D,DISPATCH,UNIT_SCADA,1,"2019/08/22 06:45:00",DAYDSF1,2.0490
D,DISPATCH,UNIT_SCADA,1,"2019/08/22 06:45:00",DDPS1,0
D,DISPATCH,UNIT_SCADA,1,"2019/08/22 06:45:00",DDSF1,3.195010
D,DISPATCH,UNIT_SCADA,1,"2019/08/22 06:45:00",DEVILS_G,0
D,DISPATCH,UNIT_SCADA,1,"2019/08/22 06:45:00",DG_NSW1,0
D,DISPATCH,UNIT_SCADA,1,"2019/08/22 06:45:00",DG_QLD1,0
D,DISPATCH,UNIT_SCADA,1,"2019/08/22 06:45:00",DG_SA1,0
D,DISPATCH,UNIT_SCADA,1,"2019/08/22 06:45:00",DG_TAS1,0
D,DISPATCH,UNIT_SCADA,1,"2019/08/22 06:45:00",DG_VIC1,0
D,DISPATCH,UNIT_SCADA,1,"2019/08/22 06:45:00",DRYCGT1,0
D,DISPATCH,UNIT_SCADA,1,"2019/08/22 06:45:00",DRYCGT2,0
D,DISPATCH,UNIT_SCADA,1,"2019/08/22 06:45:00",DRYCGT3,0
D,DISPATCH,UNIT_SCADA,1,"2019/08/22 06:45:00",EILDON1,0
D,DISPATCH,UNIT_SCADA,1,"2019/08/22 06:45:00",EILDON2,0
D,DISPATCH,UNIT_SCADA,1,"2019/08/22 06:45:00",EMERASF1,0
D,DISPATCH,UNIT_SCADA,1,"2019/08/22 06:45:00",ER01,593.325070
D,DISPATCH,UNIT_SCADA,1,"2019/08/22 06:45:00",ER02,616.6001
D,DISPATCH,UNIT_SCADA,1,"2019/08/22 06:45:00",ER03,699.675050
D,DISPATCH,UNIT_SCADA,1,"2019/08/22 06:45:00",ER04,699.950070
D,DISPATCH,UNIT_SCADA,1,"2019/08/22 06:45:00",FINLYSF1,0
D,DISPATCH,UNIT_SCADA,1,"2019/08/22 06:45:00",FISHER,45.85
D,DISPATCH,UNIT_SCADA,1,"2019/08/22 06:45:00",GANNBG1,2.822080
D,DISPATCH,UNIT_SCADA,1,"2019/08/22 06:45:00",GANNBL1,0
D,DISPATCH,UNIT_SCADA,1,"2019/08/22 06:45:00",GANNSF1,0
D,DISPATCH,UNIT_SCADA,1,"2019/08/22 06:45:00",GORDON,49.796320
D,DISPATCH,UNIT_SCADA,1,"2019/08/22 06:45:00",GSTONE1,240.274990
D,DISPATCH,UNIT_SCADA,1,"2019/08/22 06:45:00",GSTONE2,229.599990
D,DISPATCH,UNIT_SCADA,1,"2019/08/22 06:45:00",GSTONE3,243.25
D,DISPATCH,UNIT_SCADA,1,"2019/08/22 06:45:00",GSTONE4,239.75
D,DISPATCH,UNIT_SCADA,1,"2019/08/22 06:45:00",GSTONE5,241.3250
D,DISPATCH,UNIT_SCADA,1,"2019/08/22 06:45:00",GSTONE6,0
D,DISPATCH,UNIT_SCADA,1,"2019/08/22 06:45:00",GULLRSF1,0
D,DISPATCH,UNIT_SCADA,1,"2019/08/22 06:45:00",GULLRWF1,157.107570
D,DISPATCH,UNIT_SCADA,1,"2019/08/22 06:45:00",GUNNING1,45.988220
D,DISPATCH,UNIT_SCADA,1,"2019/08/22 06:45:00",GUTHEGA,0
D,DISPATCH,UNIT_SCADA,1,"2019/08/22 06:45:00",HALLWF1,71.92
D,DISPATCH,UNIT_SCADA,1,"2019/08/22 06:45:00",HALLWF2,57.41
D,DISPATCH,UNIT_SCADA,1,"2019/08/22 06:45:00",HAMISF1,0
D,DISPATCH,UNIT_SCADA,1,"2019/08/22 06:45:00",HAUGHT11,0
D,DISPATCH,UNIT_SCADA,1,"2019/08/22 06:45:00",HAYMSF1,0
D,DISPATCH,UNIT_SCADA,1,"2019/08/22 06:45:00",HDWF1,38
D,DISPATCH,UNIT_SCADA,1,"2019/08/22 06:45:00",HDWF2,38.70
D,DISPATCH,UNIT_SCADA,1,"2019/08/22 06:45:00",HDWF3,46.20
D,DISPATCH,UNIT_SCADA,1,"2019/08/22 06:45:00",HPRG1,0
D,DISPATCH,UNIT_SCADA,1,"2019/08/22 06:45:00",HPRL1,3.10
D,DISPATCH,UNIT_SCADA,1,"2019/08/22 06:45:00",HUMENSW,0
D,DISPATCH,UNIT_SCADA,1,"2019/08/22 06:45:00",HUMEV,10.10
D,DISPATCH,UNIT_SCADA,1,"2019/08/22 06:45:00",HVGTS,0
D,DISPATCH,UNIT_SCADA,1,"2019/08/22 06:45:00",JBUTTERS,134.649990
D,DISPATCH,UNIT_SCADA,1,"2019/08/22 06:45:00",JLA01,0.50
D,DISPATCH,UNIT_SCADA,1,"2019/08/22 06:45:00",JLA02,0
D,DISPATCH,UNIT_SCADA,1,"2019/08/22 06:45:00",JLA03,0.10
D,DISPATCH,UNIT_SCADA,1,"2019/08/22 06:45:00",JLA04,0.10
D,DISPATCH,UNIT_SCADA,1,"2019/08/22 06:45:00",JLB01,0
D,DISPATCH,UNIT_SCADA,1,"2019/08/22 06:45:00",JLB02,0.10
D,DISPATCH,UNIT_SCADA,1,"2019/08/22 06:45:00",JLB03,0
D,DISPATCH,UNIT_SCADA,1,"2019/08/22 06:45:00",KAREEYA1,21.4825
D,DISPATCH,UNIT_SCADA,1,"2019/08/22 06:45:00",KAREEYA2,21.8750
D,DISPATCH,UNIT_SCADA,1,"2019/08/22 06:45:00",KAREEYA3,0
D,DISPATCH,UNIT_SCADA,1,"2019/08/22 06:45:00",KAREEYA4,21.7125
D,DISPATCH,UNIT_SCADA,1,"2019/08/22 06:45:00",KARSF1,0
D,DISPATCH,UNIT_SCADA,1,"2019/08/22 06:45:00",KIATAWF1,29.30
D,DISPATCH,UNIT_SCADA,1,"2019/08/22 06:45:00",KPP_1,0
D,DISPATCH,UNIT_SCADA,1,"2019/08/22 06:45:00",KSP1,0
D,DISPATCH,UNIT_SCADA,1,"2019/08/22 06:45:00",LADBROK1,0
D,DISPATCH,UNIT_SCADA,1,"2019/08/22 06:45:00",LADBROK2,0
D,DISPATCH,UNIT_SCADA,1,"2019/08/22 06:45:00",LD01,354.731230
D,DISPATCH,UNIT_SCADA,1,"2019/08/22 06:45:00",LD02,351.656220
D,DISPATCH,UNIT_SCADA,1,"2019/08/22 06:45:00",LD03,354.131260
D,DISPATCH,UNIT_SCADA,1,"2019/08/22 06:45:00",LD04,355.481230
D,DISPATCH,UNIT_SCADA,1,"2019/08/22 06:45:00",LEM_WIL,86.0183
D,DISPATCH,UNIT_SCADA,1,"2019/08/22 06:45:00",LGAPWF1,5.67
D,DISPATCH,UNIT_SCADA,1,"2019/08/22 06:45:00",LILYSF1,2.179070
D,DISPATCH,UNIT_SCADA,1,"2019/08/22 06:45:00",LI_WY_CA,148.826350
D,DISPATCH,UNIT_SCADA,1,"2019/08/22 06:45:00",LKBONNY2,136.776470
D,DISPATCH,UNIT_SCADA,1,"2019/08/22 06:45:00",LKBONNY3,31.316150
D,DISPATCH,UNIT_SCADA,1,"2019/08/22 06:45:00",LK_ECHO,0
D,DISPATCH,UNIT_SCADA,1,"2019/08/22 06:45:00",LNGS1,0
D,DISPATCH,UNIT_SCADA,1,"2019/08/22 06:45:00",LNGS2,0
D,DISPATCH,UNIT_SCADA,1,"2019/08/22 06:45:00",LONSDALE,0
D,DISPATCH,UNIT_SCADA,1,"2019/08/22 06:45:00",LOYYB1,536.840520
D,DISPATCH,UNIT_SCADA,1,"2019/08/22 06:45:00",LOYYB2,583.082280
D,DISPATCH,UNIT_SCADA,1,"2019/08/22 06:45:00",LYA1,559
D,DISPATCH,UNIT_SCADA,1,"2019/08/22 06:45:00",LYA2,0
D,DISPATCH,UNIT_SCADA,1,"2019/08/22 06:45:00",LYA3,559
D,DISPATCH,UNIT_SCADA,1,"2019/08/22 06:45:00",LYA4,529
D,DISPATCH,UNIT_SCADA,1,"2019/08/22 06:45:00",MACARTH1,270.793730
D,DISPATCH,UNIT_SCADA,1,"2019/08/22 06:45:00",MACKAYGT,0
D,DISPATCH,UNIT_SCADA,1,"2019/08/22 06:45:00",MACKNTSH,86.170010
D,DISPATCH,UNIT_SCADA,1,"2019/08/22 06:45:00",MANSLR1,0
D,DISPATCH,UNIT_SCADA,1,"2019/08/22 06:45:00",MCKAY1,0.02
D,DISPATCH,UNIT_SCADA,1,"2019/08/22 06:45:00",MEADOWBK,34.0102
D,DISPATCH,UNIT_SCADA,1,"2019/08/22 06:45:00",MERCER01,87.4890
D,DISPATCH,UNIT_SCADA,1,"2019/08/22 06:45:00",MEWF1,68.034560
D,DISPATCH,UNIT_SCADA,1,"2019/08/22 06:45:00",MINTARO,0
D,DISPATCH,UNIT_SCADA,1,"2019/08/22 06:45:00",MOREESF1,0.5460
D,DISPATCH,UNIT_SCADA,1,"2019/08/22 06:45:00",MORTLK11,0
D,DISPATCH,UNIT_SCADA,1,"2019/08/22 06:45:00",MORTLK12,0
D,DISPATCH,UNIT_SCADA,1,"2019/08/22 06:45:00",MP1,282.75
D,DISPATCH,UNIT_SCADA,1,"2019/08/22 06:45:00",MP2,0
D,DISPATCH,UNIT_SCADA,1,"2019/08/22 06:45:00",MPP_1,426
D,DISPATCH,UNIT_SCADA,1,"2019/08/22 06:45:00",MPP_2,436.25
D,DISPATCH,UNIT_SCADA,1,"2019/08/22 06:45:00",MSTUART1,0
D,DISPATCH,UNIT_SCADA,1,"2019/08/22 06:45:00",MSTUART2,0
D,DISPATCH,UNIT_SCADA,1,"2019/08/22 06:45:00",MSTUART3,0
D,DISPATCH,UNIT_SCADA,1,"2019/08/22 06:45:00",MTGELWF1,64.882350
D,DISPATCH,UNIT_SCADA,1,"2019/08/22 06:45:00",MURRAY,0
D,DISPATCH,UNIT_SCADA,1,"2019/08/22 06:45:00",MUSSELR1,145
D,DISPATCH,UNIT_SCADA,1,"2019/08/22 06:45:00",MUWAWF1,55.60
D,DISPATCH,UNIT_SCADA,1,"2019/08/22 06:45:00",NBHWF1,94.10
D,DISPATCH,UNIT_SCADA,1,"2019/08/22 06:45:00",NPS,0
D,DISPATCH,UNIT_SCADA,1,"2019/08/22 06:45:00",NUMURSF1,0
D,DISPATCH,UNIT_SCADA,1,"2019/08/22 06:45:00",NYNGAN1,0
D,DISPATCH,UNIT_SCADA,1,"2019/08/22 06:45:00",OAKEY1,0
D,DISPATCH,UNIT_SCADA,1,"2019/08/22 06:45:00",OAKEY1SF,0.7240
D,DISPATCH,UNIT_SCADA,1,"2019/08/22 06:45:00",OAKEY2,0
D,DISPATCH,UNIT_SCADA,1,"2019/08/22 06:45:00",OAKLAND1,59
D,DISPATCH,UNIT_SCADA,1,"2019/08/22 06:45:00",OSB-AG,0
D,DISPATCH,UNIT_SCADA,1,"2019/08/22 06:45:00",PARSF1,0
D,DISPATCH,UNIT_SCADA,1,"2019/08/22 06:45:00",POAT110,0
D,DISPATCH,UNIT_SCADA,1,"2019/08/22 06:45:00",POAT220,0
D,DISPATCH,UNIT_SCADA,1,"2019/08/22 06:45:00",POR01,0
D,DISPATCH,UNIT_SCADA,1,"2019/08/22 06:45:00",POR03,0
D,DISPATCH,UNIT_SCADA,1,"2019/08/22 06:45:00",PPCCGT,196.369770
D,DISPATCH,UNIT_SCADA,1,"2019/08/22 06:45:00",PTSTAN1,0
D,DISPATCH,UNIT_SCADA,1,"2019/08/22 06:45:00",PUMP1,0
D,DISPATCH,UNIT_SCADA,1,"2019/08/22 06:45:00",PUMP2,0
D,DISPATCH,UNIT_SCADA,1,"2019/08/22 06:45:00",QPS1,0
D,DISPATCH,UNIT_SCADA,1,"2019/08/22 06:45:00",QPS2,0
D,DISPATCH,UNIT_SCADA,1,"2019/08/22 06:45:00",QPS3,0
D,DISPATCH,UNIT_SCADA,1,"2019/08/22 06:45:00",QPS4,0
D,DISPATCH,UNIT_SCADA,1,"2019/08/22 06:45:00",QPS5,0
D,DISPATCH,UNIT_SCADA,1,"2019/08/22 06:45:00",REECE1,117.050010
D,DISPATCH,UNIT_SCADA,1,"2019/08/22 06:45:00",REECE2,118.010010
D,DISPATCH,UNIT_SCADA,1,"2019/08/22 06:45:00",ROMA_7,0
D,DISPATCH,UNIT_SCADA,1,"2019/08/22 06:45:00",ROMA_8,0
D,DISPATCH,UNIT_SCADA,1,"2019/08/22 06:45:00",RRSF1,0
D,DISPATCH,UNIT_SCADA,1,"2019/08/22 06:45:00",RT_NSW1,0
D,DISPATCH,UNIT_SCADA,1,"2019/08/22 06:45:00",RT_NSW2,0
D,DISPATCH,UNIT_SCADA,1,"2019/08/22 06:45:00",RT_NSW3,0
D,DISPATCH,UNIT_SCADA,1,"2019/08/22 06:45:00",RT_NSW4,0
D,DISPATCH,UNIT_SCADA,1,"2019/08/22 06:45:00",RT_NSW5,0
D,DISPATCH,UNIT_SCADA,1,"2019/08/22 06:45:00",RT_NSW6,0
D,DISPATCH,UNIT_SCADA,1,"2019/08/22 06:45:00",RT_QLD1,0
D,DISPATCH,UNIT_SCADA,1,"2019/08/22 06:45:00",RT_SA1,0
D,DISPATCH,UNIT_SCADA,1,"2019/08/22 06:45:00",RT_SA2,0
D,DISPATCH,UNIT_SCADA,1,"2019/08/22 06:45:00",RT_SA3,0
D,DISPATCH,UNIT_SCADA,1,"2019/08/22 06:45:00",RT_SA4,0
D,DISPATCH,UNIT_SCADA,1,"2019/08/22 06:45:00",RT_SA5,0
D,DISPATCH,UNIT_SCADA,1,"2019/08/22 06:45:00",RT_SA6,0
D,DISPATCH,UNIT_SCADA,1,"2019/08/22 06:45:00",RT_TAS1,0
D,DISPATCH,UNIT_SCADA,1,"2019/08/22 06:45:00",RT_VIC1,0
D,DISPATCH,UNIT_SCADA,1,"2019/08/22 06:45:00",RT_VIC10,0
D,DISPATCH,UNIT_SCADA,1,"2019/08/22 06:45:00",RT_VIC11,0
D,DISPATCH,UNIT_SCADA,1,"2019/08/22 06:45:00",RT_VIC12,0
D,DISPATCH,UNIT_SCADA,1,"2019/08/22 06:45:00",RT_VIC2,0
D,DISPATCH,UNIT_SCADA,1,"2019/08/22 06:45:00",RT_VIC3,0
D,DISPATCH,UNIT_SCADA,1,"2019/08/22 06:45:00",RT_VIC4,0
D,DISPATCH,UNIT_SCADA,1,"2019/08/22 06:45:00",RT_VIC5,0
D,DISPATCH,UNIT_SCADA,1,"2019/08/22 06:45:00",RT_VIC6,0
D,DISPATCH,UNIT_SCADA,1,"2019/08/22 06:45:00",RT_VIC7,0
D,DISPATCH,UNIT_SCADA,1,"2019/08/22 06:45:00",RT_VIC8,0
D,DISPATCH,UNIT_SCADA,1,"2019/08/22 06:45:00",RT_VIC9,0
D,DISPATCH,UNIT_SCADA,1,"2019/08/22 06:45:00",RUGBYR1,0
D,DISPATCH,UNIT_SCADA,1,"2019/08/22 06:45:00",SALTCRK1,49.33
D,DISPATCH,UNIT_SCADA,1,"2019/08/22 06:45:00",SAPHWF1,243.506230
D,DISPATCH,UNIT_SCADA,1,"2019/08/22 06:45:00",SHGEN,118.815630
D,DISPATCH,UNIT_SCADA,1,"2019/08/22 06:45:00",SHPUMP,0
D,DISPATCH,UNIT_SCADA,1,"2019/08/22 06:45:00",SITHE01,0.005650
D,DISPATCH,UNIT_SCADA,1,"2019/08/22 06:45:00",SMCSF1,0
D,DISPATCH,UNIT_SCADA,1,"2019/08/22 06:45:00",SNOWNTH1,17.90
D,DISPATCH,UNIT_SCADA,1,"2019/08/22 06:45:00",SNOWSTH1,29.10
D,DISPATCH,UNIT_SCADA,1,"2019/08/22 06:45:00",SNOWTWN1,14.121370
D,DISPATCH,UNIT_SCADA,1,"2019/08/22 06:45:00",SNOWYP,0
D,DISPATCH,UNIT_SCADA,1,"2019/08/22 06:45:00",SNUG1,0.019440
D,DISPATCH,UNIT_SCADA,1,"2019/08/22 06:45:00",SRSF1,6.11
D,DISPATCH,UNIT_SCADA,1,"2019/08/22 06:45:00",STAN-1,0
D,DISPATCH,UNIT_SCADA,1,"2019/08/22 06:45:00",STAN-2,299.910890
D,DISPATCH,UNIT_SCADA,1,"2019/08/22 06:45:00",STAN-3,297.206330
D,DISPATCH,UNIT_SCADA,1,"2019/08/22 06:45:00",STAN-4,293.642970
D,DISPATCH,UNIT_SCADA,1,"2019/08/22 06:45:00",STWF1,165.453770
D,DISPATCH,UNIT_SCADA,1,"2019/08/22 06:45:00",SWAN_E,0
D,DISPATCH,UNIT_SCADA,1,"2019/08/22 06:45:00",TALWA1,420
D,DISPATCH,UNIT_SCADA,1,"2019/08/22 06:45:00",TARALGA1,84.671260
D,DISPATCH,UNIT_SCADA,1,"2019/08/22 06:45:00",TARONG#1,345.899990
D,DISPATCH,UNIT_SCADA,1,"2019/08/22 06:45:00",TARONG#2,344.300020
D,DISPATCH,UNIT_SCADA,1,"2019/08/22 06:45:00",TARONG#3,259.899990
D,DISPATCH,UNIT_SCADA,1,"2019/08/22 06:45:00",TARONG#4,348.200010
D,DISPATCH,UNIT_SCADA,1,"2019/08/22 06:45:00",TARRALEA,83.90
D,DISPATCH,UNIT_SCADA,1,"2019/08/22 06:45:00",TBSF1,-0.20
D,DISPATCH,UNIT_SCADA,1,"2019/08/22 06:45:00",TNPS1,220.000020
D,DISPATCH,UNIT_SCADA,1,"2019/08/22 06:45:00",TORRA1,49.591120
D,DISPATCH,UNIT_SCADA,1,"2019/08/22 06:45:00",TORRA2,0
D,DISPATCH,UNIT_SCADA,1,"2019/08/22 06:45:00",TORRA3,29.8823
D,DISPATCH,UNIT_SCADA,1,"2019/08/22 06:45:00",TORRA4,0
D,DISPATCH,UNIT_SCADA,1,"2019/08/22 06:45:00",TORRB1,63.47
D,DISPATCH,UNIT_SCADA,1,"2019/08/22 06:45:00",TORRB2,62.73
D,DISPATCH,UNIT_SCADA,1,"2019/08/22 06:45:00",TORRB3,0
D,DISPATCH,UNIT_SCADA,1,"2019/08/22 06:45:00",TORRB4,0
D,DISPATCH,UNIT_SCADA,1,"2019/08/22 06:45:00",TREVALLN,69.940030
D,DISPATCH,UNIT_SCADA,1,"2019/08/22 06:45:00",TRIBUTE,84.70
D,DISPATCH,UNIT_SCADA,1,"2019/08/22 06:45:00",TUMUT3,0
D,DISPATCH,UNIT_SCADA,1,"2019/08/22 06:45:00",TUNGATIN,135.750030
D,DISPATCH,UNIT_SCADA,1,"2019/08/22 06:45:00",TVCC201,0
D,DISPATCH,UNIT_SCADA,1,"2019/08/22 06:45:00",TVPP104,0
D,DISPATCH,UNIT_SCADA,1,"2019/08/22 06:45:00",UPPTUMUT,226.790220
D,DISPATCH,UNIT_SCADA,1,"2019/08/22 06:45:00",URANQ11,0
D,DISPATCH,UNIT_SCADA,1,"2019/08/22 06:45:00",URANQ12,0
D,DISPATCH,UNIT_SCADA,1,"2019/08/22 06:45:00",URANQ13,0
D,DISPATCH,UNIT_SCADA,1,"2019/08/22 06:45:00",URANQ14,0
D,DISPATCH,UNIT_SCADA,1,"2019/08/22 06:45:00",VP5,538.25
D,DISPATCH,UNIT_SCADA,1,"2019/08/22 06:45:00",VP6,601.799990
D,DISPATCH,UNIT_SCADA,1,"2019/08/22 06:45:00",VPGS1,0
D,DISPATCH,UNIT_SCADA,1,"2019/08/22 06:45:00",VPGS2,0
D,DISPATCH,UNIT_SCADA,1,"2019/08/22 06:45:00",VPGS3,0
D,DISPATCH,UNIT_SCADA,1,"2019/08/22 06:45:00",VPGS4,0
D,DISPATCH,UNIT_SCADA,1,"2019/08/22 06:45:00",VPGS5,0
D,DISPATCH,UNIT_SCADA,1,"2019/08/22 06:45:00",VPGS6,0
D,DISPATCH,UNIT_SCADA,1,"2019/08/22 06:45:00",W/HOE#1,0
D,DISPATCH,UNIT_SCADA,1,"2019/08/22 06:45:00",W/HOE#2,0
D,DISPATCH,UNIT_SCADA,1,"2019/08/22 06:45:00",WATERLWF,77.30
D,DISPATCH,UNIT_SCADA,1,"2019/08/22 06:45:00",WEMENSF1,0
D,DISPATCH,UNIT_SCADA,1,"2019/08/22 06:45:00",WGWF1,90.90
D,DISPATCH,UNIT_SCADA,1,"2019/08/22 06:45:00",WHITSF1,0
D,DISPATCH,UNIT_SCADA,1,"2019/08/22 06:45:00",WKIEWA1,0
D,DISPATCH,UNIT_SCADA,1,"2019/08/22 06:45:00",WKIEWA2,16.70
D,DISPATCH,UNIT_SCADA,1,"2019/08/22 06:45:00",WOODLWN1,44.981990
D,DISPATCH,UNIT_SCADA,1,"2019/08/22 06:45:00",WRSF1,0.24
D,DISPATCH,UNIT_SCADA,1,"2019/08/22 06:45:00",WRWF1,165.528750
D,DISPATCH,UNIT_SCADA,1,"2019/08/22 06:45:00",YABULU,0
D,DISPATCH,UNIT_SCADA,1,"2019/08/22 06:45:00",YABULU2,0
D,DISPATCH,UNIT_SCADA,1,"2019/08/22 06:45:00",YARWUN_1,0
D,DISPATCH,UNIT_SCADA,1,"2019/08/22 06:45:00",YENDWF1,42.07
D,DISPATCH,UNIT_SCADA,1,"2019/08/22 06:45:00",YWPS1,373.182280
D,DISPATCH,UNIT_SCADA,1,"2019/08/22 06:45:00",YWPS2,283.956970
D,DISPATCH,UNIT_SCADA,1,"2019/08/22 06:45:00",YWPS3,0
D,DISPATCH,UNIT_SCADA,1,"2019/08/22 06:45:00",YWPS4,395.237980
C,"END OF REPORT",334
