C,NEMP.WORLD,DISPATCHSCADA,AEMO,PUBLIC,2019/08/21,17:40:08,0000000311835195,DISPATCHSCADA,0000000311835189
I,DISPATCH,UNIT_SCADA,1,SETTLEMENTDATE,DUID,SCADAVALUE
D,DISPATCH,UNIT_SCADA,1,"2019/08/21 17:45:00",BARCSF1,0.70
D,DISPATCH,UNIT_SCADA,1,"2019/08/21 17:45:00",BUTLERSG,9.599998
D,DISPATCH,UNIT_SCADA,1,"2019/08/21 17:45:00",CALL_A_4,0
D,DISPATCH,UNIT_SCADA,1,"2019/08/21 17:45:00",CAPTL_WF,131.268005
D,DISPATCH,UNIT_SCADA,1,"2019/08/21 17:45:00",CATHROCK,33.499996
D,DISPATCH,UNIT_SCADA,1,"2019/08/21 17:45:00",CHALLHWF,24
D,DISPATCH,UNIT_SCADA,1,"2019/08/21 17:45:00",CLOVER,0
D,DISPATCH,UNIT_SCADA,1,"2019/08/21 17:45:00",CLUNY,20.168917
D,DISPATCH,UNIT_SCADA,1,"2019/08/21 17:45:00",CNUNDAWF,40.447182
D,DISPATCH,UNIT_SCADA,1,"2019/08/21 17:45:00",CULLRGWF,28.27
D,DISPATCH,UNIT_SCADA,1,"2019/08/21 17:45:00",ERGT01,0
D,DISPATCH,UNIT_SCADA,1,"2019/08/21 17:45:00",GB01,0.069466
D,DISPATCH,UNIT_SCADA,1,"2019/08/21 17:45:00",GERMCRK,35.200001
D,DISPATCH,UNIT_SCADA,1,"2019/08/21 17:45:00",GRIFSF1,0.300003
D,DISPATCH,UNIT_SCADA,1,"2019/08/21 17:45:00",HUGSF1,1.3140
D,DISPATCH,UNIT_SCADA,1,"2019/08/21 17:45:00",LKBONNY1,69.839920
D,DISPATCH,UNIT_SCADA,1,"2019/08/21 17:45:00",LRSF1,1.8280
D,DISPATCH,UNIT_SCADA,1,"2019/08/21 17:45:00",MBAHNTH,55.856247
D,DISPATCH,UNIT_SCADA,1,"2019/08/21 17:45:00",MLSP1,0.271001
D,DISPATCH,UNIT_SCADA,1,"2019/08/21 17:45:00",MLWF1,17.40
D,DISPATCH,UNIT_SCADA,1,"2019/08/21 17:45:00",MTMILLAR,9.844855
D,DISPATCH,UNIT_SCADA,1,"2019/08/21 17:45:00",PALOONA,24.42
D,DISPATCH,UNIT_SCADA,1,"2019/08/21 17:45:00",PIONEER,30
D,DISPATCH,UNIT_SCADA,1,"2019/08/21 17:45:00",PORTWF,141.100006
D,DISPATCH,UNIT_SCADA,1,"2019/08/21 17:45:00",REPULSE,28.740063
D,DISPATCH,UNIT_SCADA,1,"2019/08/21 17:45:00",ROWALLAN,10.2098
D,DISPATCH,UNIT_SCADA,1,"2019/08/21 17:45:00",ROYALLA1,0
D,DISPATCH,UNIT_SCADA,1,"2019/08/21 17:45:00",RPCG,11.70
D,DISPATCH,UNIT_SCADA,1,"2019/08/21 17:45:00",RUBICON,0
D,DISPATCH,UNIT_SCADA,1,"2019/08/21 17:45:00",SATGN1,0
D,DISPATCH,UNIT_SCADA,1,"2019/08/21 17:45:00",SATGS1,0
D,DISPATCH,UNIT_SCADA,1,"2019/08/21 17:45:00",STARHLWF,4.498688
D,DISPATCH,UNIT_SCADA,1,"2019/08/21 17:45:00",WAUBRAWF,153.229996
D,DISPATCH,UNIT_SCADA,1,"2019/08/21 17:45:00",WOOLNTH1,131.940018
D,DISPATCH,UNIT_SCADA,1,"2019/08/21 17:45:00",WPWF,58
D,DISPATCH,UNIT_SCADA,1,"2019/08/21 17:45:00",YAMBUKWF,29.90
D,DISPATCH,UNIT_SCADA,1,"2019/08/21 17:45:00",YSWF1,28.10
D,DISPATCH,UNIT_SCADA,1,"2019/08/21 17:45:00",AGLHAL,0
D,DISPATCH,UNIT_SCADA,1,"2019/08/21 17:45:00",AGLSOM,0
D,DISPATCH,UNIT_SCADA,1,"2019/08/21 17:45:00",ANGAST1,0
D,DISPATCH,UNIT_SCADA,1,"2019/08/21 17:45:00",ARWF1,125.399990
D,DISPATCH,UNIT_SCADA,1,"2019/08/21 17:45:00",BALBG1,4.55
D,DISPATCH,UNIT_SCADA,1,"2019/08/21 17:45:00",BALBL1,0
D,DISPATCH,UNIT_SCADA,1,"2019/08/21 17:45:00",BALDHWF1,100.8610
D,DISPATCH,UNIT_SCADA,1,"2019/08/21 17:45:00",BANN1,3.13
D,DISPATCH,UNIT_SCADA,1,"2019/08/21 17:45:00",BARCALDN,0
D,DISPATCH,UNIT_SCADA,1,"2019/08/21 17:45:00",BARRON-1,0
D,DISPATCH,UNIT_SCADA,1,"2019/08/21 17:45:00",BARRON-2,27.32
D,DISPATCH,UNIT_SCADA,1,"2019/08/21 17:45:00",BASTYAN,78.670010
D,DISPATCH,UNIT_SCADA,1,"2019/08/21 17:45:00",BBTHREE1,-1.84
D,DISPATCH,UNIT_SCADA,1,"2019/08/21 17:45:00",BBTHREE2,-1.93
D,DISPATCH,UNIT_SCADA,1,"2019/08/21 17:45:00",BBTHREE3,0
D,DISPATCH,UNIT_SCADA,1,"2019/08/21 17:45:00",BDL01,19.98
D,DISPATCH,UNIT_SCADA,1,"2019/08/21 17:45:00",BDL02,0
D,DISPATCH,UNIT_SCADA,1,"2019/08/21 17:45:00",BERYLSF1,0
D,DISPATCH,UNIT_SCADA,1,"2019/08/21 17:45:00",BLOWERNG,0
D,DISPATCH,UNIT_SCADA,1,"2019/08/21 17:45:00",BLUFF1,39.20
D,DISPATCH,UNIT_SCADA,1,"2019/08/21 17:45:00",BNGSF1,23.48
D,DISPATCH,UNIT_SCADA,1,"2019/08/21 17:45:00",BNGSF2,7
D,DISPATCH,UNIT_SCADA,1,"2019/08/21 17:45:00",BOCORWF1,108.62
D,DISPATCH,UNIT_SCADA,1,"2019/08/21 17:45:00",BODWF1,85.608890
D,DISPATCH,UNIT_SCADA,1,"2019/08/21 17:45:00",BRAEMAR1,0
D,DISPATCH,UNIT_SCADA,1,"2019/08/21 17:45:00",BRAEMAR2,171.600010
D,DISPATCH,UNIT_SCADA,1,"2019/08/21 17:45:00",BRAEMAR3,0
D,DISPATCH,UNIT_SCADA,1,"2019/08/21 17:45:00",BRAEMAR5,0
D,DISPATCH,UNIT_SCADA,1,"2019/08/21 17:45:00",BRAEMAR6,0
D,DISPATCH,UNIT_SCADA,1,"2019/08/21 17:45:00",BRAEMAR7,0
D,DISPATCH,UNIT_SCADA,1,"2019/08/21 17:45:00",BROKENH1,4.607670
D,DISPATCH,UNIT_SCADA,1,"2019/08/21 17:45:00",BW01,650.1250
D,DISPATCH,UNIT_SCADA,1,"2019/08/21 17:45:00",BW02,628.400020
D,DISPATCH,UNIT_SCADA,1,"2019/08/21 17:45:00",BW03,648
D,DISPATCH,UNIT_SCADA,1,"2019/08/21 17:45:00",BW04,0
D,DISPATCH,UNIT_SCADA,1,"2019/08/21 17:45:00",CALL_B_1,350.100010
D,DISPATCH,UNIT_SCADA,1,"2019/08/21 17:45:00",CALL_B_2,350.300020
D,DISPATCH,UNIT_SCADA,1,"2019/08/21 17:45:00",CETHANA,99.202380
D,DISPATCH,UNIT_SCADA,1,"2019/08/21 17:45:00",CG1,0
D,DISPATCH,UNIT_SCADA,1,"2019/08/21 17:45:00",CG2,0
D,DISPATCH,UNIT_SCADA,1,"2019/08/21 17:45:00",CG3,0
D,DISPATCH,UNIT_SCADA,1,"2019/08/21 17:45:00",CG4,0
D,DISPATCH,UNIT_SCADA,1,"2019/08/21 17:45:00",CHILDSF1,0.01
D,DISPATCH,UNIT_SCADA,1,"2019/08/21 17:45:00",CLARESF1,0
D,DISPATCH,UNIT_SCADA,1,"2019/08/21 17:45:00",CLEMGPWF,17.432470
D,DISPATCH,UNIT_SCADA,1,"2019/08/21 17:45:00",CLERMSF1,1.51
D,DISPATCH,UNIT_SCADA,1,"2019/08/21 17:45:00",COLEASF1,0.80
D,DISPATCH,UNIT_SCADA,1,"2019/08/21 17:45:00",COOPGWF1,24.688820
D,DISPATCH,UNIT_SCADA,1,"2019/08/21 17:45:00",CPP_3,405.899990
D,DISPATCH,UNIT_SCADA,1,"2019/08/21 17:45:00",CPP_4,406.175020
D,DISPATCH,UNIT_SCADA,1,"2019/08/21 17:45:00",CPSA,141.403120
D,DISPATCH,UNIT_SCADA,1,"2019/08/21 17:45:00",CROOKWF2,91.013760
D,DISPATCH,UNIT_SCADA,1,"2019/08/21 17:45:00",CROWLWF1,19.002370
D,DISPATCH,UNIT_SCADA,1,"2019/08/21 17:45:00",CSPVPS1,1.1660
D,DISPATCH,UNIT_SCADA,1,"2019/08/21 17:45:00",DALNTH01,0
D,DISPATCH,UNIT_SCADA,1,"2019/08/21 17:45:00",DALNTHL1,0.083920
D,DISPATCH,UNIT_SCADA,1,"2019/08/21 17:45:00",DARTM1,132.20
D,DISPATCH,UNIT_SCADA,1,"2019/08/21 17:45:00",DAYDSF1,8.6170
D,DISPATCH,UNIT_SCADA,1,"2019/08/21 17:45:00",DDPS1,323.973020
D,DISPATCH,UNIT_SCADA,1,"2019/08/21 17:45:00",DDSF1,0
D,DISPATCH,UNIT_SCADA,1,"2019/08/21 17:45:00",DEVILS_G,0
D,DISPATCH,UNIT_SCADA,1,"2019/08/21 17:45:00",DG_NSW1,0
D,DISPATCH,UNIT_SCADA,1,"2019/08/21 17:45:00",DG_QLD1,0
D,DISPATCH,UNIT_SCADA,1,"2019/08/21 17:45:00",DG_SA1,0
D,DISPATCH,UNIT_SCADA,1,"2019/08/21 17:45:00",DG_TAS1,0
D,DISPATCH,UNIT_SCADA,1,"2019/08/21 17:45:00",DG_VIC1,0
D,DISPATCH,UNIT_SCADA,1,"2019/08/21 17:45:00",DRYCGT1,0
D,DISPATCH,UNIT_SCADA,1,"2019/08/21 17:45:00",DRYCGT2,0
D,DISPATCH,UNIT_SCADA,1,"2019/08/21 17:45:00",DRYCGT3,0
D,DISPATCH,UNIT_SCADA,1,"2019/08/21 17:45:00",EILDON1,0
D,DISPATCH,UNIT_SCADA,1,"2019/08/21 17:45:00",EILDON2,0
D,DISPATCH,UNIT_SCADA,1,"2019/08/21 17:45:00",EMERASF1,0.86
D,DISPATCH,UNIT_SCADA,1,"2019/08/21 17:45:00",ER01,583.425050
D,DISPATCH,UNIT_SCADA,1,"2019/08/21 17:45:00",ER02,609.924930
D,DISPATCH,UNIT_SCADA,1,"2019/08/21 17:45:00",ER03,699.425050
D,DISPATCH,UNIT_SCADA,1,"2019/08/21 17:45:00",ER04,693.75
D,DISPATCH,UNIT_SCADA,1,"2019/08/21 17:45:00",FINLYSF1,0
D,DISPATCH,UNIT_SCADA,1,"2019/08/21 17:45:00",FISHER,45.83
D,DISPATCH,UNIT_SCADA,1,"2019/08/21 17:45:00",GANNBG1,9.3713
D,DISPATCH,UNIT_SCADA,1,"2019/08/21 17:45:00",GANNBL1,0
D,DISPATCH,UNIT_SCADA,1,"2019/08/21 17:45:00",GANNSF1,0.20
D,DISPATCH,UNIT_SCADA,1,"2019/08/21 17:45:00",GORDON,109.765040
D,DISPATCH,UNIT_SCADA,1,"2019/08/21 17:45:00",GSTONE1,230.649990
D,DISPATCH,UNIT_SCADA,1,"2019/08/21 17:45:00",GSTONE2,220.3250
D,DISPATCH,UNIT_SCADA,1,"2019/08/21 17:45:00",GSTONE3,221.55
D,DISPATCH,UNIT_SCADA,1,"2019/08/21 17:45:00",GSTONE4,238.524990
D,DISPATCH,UNIT_SCADA,1,"2019/08/21 17:45:00",GSTONE5,226.80
D,DISPATCH,UNIT_SCADA,1,"2019/08/21 17:45:00",GSTONE6,0
D,DISPATCH,UNIT_SCADA,1,"2019/08/21 17:45:00",GULLRSF1,0
D,DISPATCH,UNIT_SCADA,1,"2019/08/21 17:45:00",GULLRWF1,156.390720
D,DISPATCH,UNIT_SCADA,1,"2019/08/21 17:45:00",GUNNING1,46.104860
D,DISPATCH,UNIT_SCADA,1,"2019/08/21 17:45:00",GUTHEGA,31.10
D,DISPATCH,UNIT_SCADA,1,"2019/08/21 17:45:00",HALLWF1,60.56
D,DISPATCH,UNIT_SCADA,1,"2019/08/21 17:45:00",HALLWF2,38.26
D,DISPATCH,UNIT_SCADA,1,"2019/08/21 17:45:00",HAMISF1,2.10
D,DISPATCH,UNIT_SCADA,1,"2019/08/21 17:45:00",HAUGHT11,4.996610
D,DISPATCH,UNIT_SCADA,1,"2019/08/21 17:45:00",HAYMSF1,2.7280
D,DISPATCH,UNIT_SCADA,1,"2019/08/21 17:45:00",HDWF1,53.90
D,DISPATCH,UNIT_SCADA,1,"2019/08/21 17:45:00",HDWF2,39.70
D,DISPATCH,UNIT_SCADA,1,"2019/08/21 17:45:00",HDWF3,57.60
D,DISPATCH,UNIT_SCADA,1,"2019/08/21 17:45:00",HPRG1,27.70
D,DISPATCH,UNIT_SCADA,1,"2019/08/21 17:45:00",HPRL1,0
D,DISPATCH,UNIT_SCADA,1,"2019/08/21 17:45:00",HUMENSW,0
D,DISPATCH,UNIT_SCADA,1,"2019/08/21 17:45:00",HUMEV,10.20
D,DISPATCH,UNIT_SCADA,1,"2019/08/21 17:45:00",HVGTS,0
D,DISPATCH,UNIT_SCADA,1,"2019/08/21 17:45:00",JBUTTERS,136.039990
D,DISPATCH,UNIT_SCADA,1,"2019/08/21 17:45:00",JLA01,0.50
D,DISPATCH,UNIT_SCADA,1,"2019/08/21 17:45:00",JLA02,0
D,DISPATCH,UNIT_SCADA,1,"2019/08/21 17:45:00",JLA03,0.10
D,DISPATCH,UNIT_SCADA,1,"2019/08/21 17:45:00",JLA04,0.10
D,DISPATCH,UNIT_SCADA,1,"2019/08/21 17:45:00",JLB01,0
D,DISPATCH,UNIT_SCADA,1,"2019/08/21 17:45:00",JLB02,0.10
D,DISPATCH,UNIT_SCADA,1,"2019/08/21 17:45:00",JLB03,0
D,DISPATCH,UNIT_SCADA,1,"2019/08/21 17:45:00",KAREEYA1,21.4675
D,DISPATCH,UNIT_SCADA,1,"2019/08/21 17:45:00",KAREEYA2,21.6350
D,DISPATCH,UNIT_SCADA,1,"2019/08/21 17:45:00",KAREEYA3,0
D,DISPATCH,UNIT_SCADA,1,"2019/08/21 17:45:00",KAREEYA4,21.61
D,DISPATCH,UNIT_SCADA,1,"2019/08/21 17:45:00",KARSF1,2.40
D,DISPATCH,UNIT_SCADA,1,"2019/08/21 17:45:00",KIATAWF1,25.70
D,DISPATCH,UNIT_SCADA,1,"2019/08/21 17:45:00",KPP_1,0
D,DISPATCH,UNIT_SCADA,1,"2019/08/21 17:45:00",KSP1,10.43
D,DISPATCH,UNIT_SCADA,1,"2019/08/21 17:45:00",LADBROK1,0
D,DISPATCH,UNIT_SCADA,1,"2019/08/21 17:45:00",LADBROK2,0
D,DISPATCH,UNIT_SCADA,1,"2019/08/21 17:45:00",LD01,411.5625
D,DISPATCH,UNIT_SCADA,1,"2019/08/21 17:45:00",LD02,418.950070
D,DISPATCH,UNIT_SCADA,1,"2019/08/21 17:45:00",LD03,421.143680
D,DISPATCH,UNIT_SCADA,1,"2019/08/21 17:45:00",LD04,373.800020
D,DISPATCH,UNIT_SCADA,1,"2019/08/21 17:45:00",LEM_WIL,86.0040
D,DISPATCH,UNIT_SCADA,1,"2019/08/21 17:45:00",LGAPWF1,11.27
D,DISPATCH,UNIT_SCADA,1,"2019/08/21 17:45:00",LILYSF1,0
D,DISPATCH,UNIT_SCADA,1,"2019/08/21 17:45:00",LI_WY_CA,149.338610
D,DISPATCH,UNIT_SCADA,1,"2019/08/21 17:45:00",LKBONNY2,151.473820
D,DISPATCH,UNIT_SCADA,1,"2019/08/21 17:45:00",LKBONNY3,31.316150
D,DISPATCH,UNIT_SCADA,1,"2019/08/21 17:45:00",LK_ECHO,0
D,DISPATCH,UNIT_SCADA,1,"2019/08/21 17:45:00",LNGS1,0
D,DISPATCH,UNIT_SCADA,1,"2019/08/21 17:45:00",LNGS2,0
D,DISPATCH,UNIT_SCADA,1,"2019/08/21 17:45:00",LONSDALE,0
D,DISPATCH,UNIT_SCADA,1,"2019/08/21 17:45:00",LOYYB1,533.456970
D,DISPATCH,UNIT_SCADA,1,"2019/08/21 17:45:00",LOYYB2,583.082280
D,DISPATCH,UNIT_SCADA,1,"2019/08/21 17:45:00",LYA1,560
D,DISPATCH,UNIT_SCADA,1,"2019/08/21 17:45:00",LYA2,0
D,DISPATCH,UNIT_SCADA,1,"2019/08/21 17:45:00",LYA3,561
D,DISPATCH,UNIT_SCADA,1,"2019/08/21 17:45:00",LYA4,531
D,DISPATCH,UNIT_SCADA,1,"2019/08/21 17:45:00",MACARTH1,326.592470
D,DISPATCH,UNIT_SCADA,1,"2019/08/21 17:45:00",MACKAYGT,0
D,DISPATCH,UNIT_SCADA,1,"2019/08/21 17:45:00",MACKNTSH,85.240010
D,DISPATCH,UNIT_SCADA,1,"2019/08/21 17:45:00",MANSLR1,0
D,DISPATCH,UNIT_SCADA,1,"2019/08/21 17:45:00",MCKAY1,0.02
D,DISPATCH,UNIT_SCADA,1,"2019/08/21 17:45:00",MEADOWBK,33.953040
D,DISPATCH,UNIT_SCADA,1,"2019/08/21 17:45:00",MERCER01,97.674990
D,DISPATCH,UNIT_SCADA,1,"2019/08/21 17:45:00",MEWF1,52.525050
D,DISPATCH,UNIT_SCADA,1,"2019/08/21 17:45:00",MINTARO,0
D,DISPATCH,UNIT_SCADA,1,"2019/08/21 17:45:00",MOREESF1,0
D,DISPATCH,UNIT_SCADA,1,"2019/08/21 17:45:00",MORTLK11,0
D,DISPATCH,UNIT_SCADA,1,"2019/08/21 17:45:00",MORTLK12,0
D,DISPATCH,UNIT_SCADA,1,"2019/08/21 17:45:00",MP1,282.824950
D,DISPATCH,UNIT_SCADA,1,"2019/08/21 17:45:00",MP2,0
D,DISPATCH,UNIT_SCADA,1,"2019/08/21 17:45:00",MPP_1,303.50
D,DISPATCH,UNIT_SCADA,1,"2019/08/21 17:45:00",MPP_2,435.25
D,DISPATCH,UNIT_SCADA,1,"2019/08/21 17:45:00",MSTUART1,0
D,DISPATCH,UNIT_SCADA,1,"2019/08/21 17:45:00",MSTUART2,0
D,DISPATCH,UNIT_SCADA,1,"2019/08/21 17:45:00",MSTUART3,0
D,DISPATCH,UNIT_SCADA,1,"2019/08/21 17:45:00",MTGELWF1,64.333020
D,DISPATCH,UNIT_SCADA,1,"2019/08/21 17:45:00",MURRAY,0
D,DISPATCH,UNIT_SCADA,1,"2019/08/21 17:45:00",MUSSELR1,157.100010
D,DISPATCH,UNIT_SCADA,1,"2019/08/21 17:45:00",MUWAWF1,54.95
D,DISPATCH,UNIT_SCADA,1,"2019/08/21 17:45:00",NBHWF1,74.90
D,DISPATCH,UNIT_SCADA,1,"2019/08/21 17:45:00",NPS,298.8750
D,DISPATCH,UNIT_SCADA,1,"2019/08/21 17:45:00",NUMURSF1,0.60
D,DISPATCH,UNIT_SCADA,1,"2019/08/21 17:45:00",NYNGAN1,0.25
D,DISPATCH,UNIT_SCADA,1,"2019/08/21 17:45:00",OAKEY1,0
D,DISPATCH,UNIT_SCADA,1,"2019/08/21 17:45:00",OAKEY1SF,0.0510
D,DISPATCH,UNIT_SCADA,1,"2019/08/21 17:45:00",OAKEY2,0
D,DISPATCH,UNIT_SCADA,1,"2019/08/21 17:45:00",OAKLAND1,54.30
D,DISPATCH,UNIT_SCADA,1,"2019/08/21 17:45:00",OSB-AG,0
D,DISPATCH,UNIT_SCADA,1,"2019/08/21 17:45:00",PARSF1,0.100010
D,DISPATCH,UNIT_SCADA,1,"2019/08/21 17:45:00",POAT110,36.683760
D,DISPATCH,UNIT_SCADA,1,"2019/08/21 17:45:00",POAT220,91.431370
D,DISPATCH,UNIT_SCADA,1,"2019/08/21 17:45:00",POR01,0
D,DISPATCH,UNIT_SCADA,1,"2019/08/21 17:45:00",POR03,0
D,DISPATCH,UNIT_SCADA,1,"2019/08/21 17:45:00",PPCCGT,343.341710
D,DISPATCH,UNIT_SCADA,1,"2019/08/21 17:45:00",PTSTAN1,0
D,DISPATCH,UNIT_SCADA,1,"2019/08/21 17:45:00",PUMP1,0
D,DISPATCH,UNIT_SCADA,1,"2019/08/21 17:45:00",PUMP2,0
D,DISPATCH,UNIT_SCADA,1,"2019/08/21 17:45:00",QPS1,0
D,DISPATCH,UNIT_SCADA,1,"2019/08/21 17:45:00",QPS2,0
D,DISPATCH,UNIT_SCADA,1,"2019/08/21 17:45:00",QPS3,0
D,DISPATCH,UNIT_SCADA,1,"2019/08/21 17:45:00",QPS4,0
D,DISPATCH,UNIT_SCADA,1,"2019/08/21 17:45:00",QPS5,0
D,DISPATCH,UNIT_SCADA,1,"2019/08/21 17:45:00",REECE1,115.990010
D,DISPATCH,UNIT_SCADA,1,"2019/08/21 17:45:00",REECE2,115.750010
D,DISPATCH,UNIT_SCADA,1,"2019/08/21 17:45:00",ROMA_7,0
D,DISPATCH,UNIT_SCADA,1,"2019/08/21 17:45:00",ROMA_8,0
D,DISPATCH,UNIT_SCADA,1,"2019/08/21 17:45:00",RRSF1,4.006580
D,DISPATCH,UNIT_SCADA,1,"2019/08/21 17:45:00",RT_NSW1,0
D,DISPATCH,UNIT_SCADA,1,"2019/08/21 17:45:00",RT_NSW2,0
D,DISPATCH,UNIT_SCADA,1,"2019/08/21 17:45:00",RT_NSW3,0
D,DISPATCH,UNIT_SCADA,1,"2019/08/21 17:45:00",RT_NSW4,0
D,DISPATCH,UNIT_SCADA,1,"2019/08/21 17:45:00",RT_NSW5,0
D,DISPATCH,UNIT_SCADA,1,"2019/08/21 17:45:00",RT_NSW6,0
D,DISPATCH,UNIT_SCADA,1,"2019/08/21 17:45:00",RT_QLD1,0
D,DISPATCH,UNIT_SCADA,1,"2019/08/21 17:45:00",RT_SA1,0
D,DISPATCH,UNIT_SCADA,1,"2019/08/21 17:45:00",RT_SA2,0
D,DISPATCH,UNIT_SCADA,1,"2019/08/21 17:45:00",RT_SA3,0
D,DISPATCH,UNIT_SCADA,1,"2019/08/21 17:45:00",RT_SA4,0
D,DISPATCH,UNIT_SCADA,1,"2019/08/21 17:45:00",RT_SA5,0
D,DISPATCH,UNIT_SCADA,1,"2019/08/21 17:45:00",RT_SA6,0
D,DISPATCH,UNIT_SCADA,1,"2019/08/21 17:45:00",RT_TAS1,0
D,DISPATCH,UNIT_SCADA,1,"2019/08/21 17:45:00",RT_VIC1,0
D,DISPATCH,UNIT_SCADA,1,"2019/08/21 17:45:00",RT_VIC10,0
D,DISPATCH,UNIT_SCADA,1,"2019/08/21 17:45:00",RT_VIC11,0
D,DISPATCH,UNIT_SCADA,1,"2019/08/21 17:45:00",RT_VIC12,0
D,DISPATCH,UNIT_SCADA,1,"2019/08/21 17:45:00",RT_VIC2,0
D,DISPATCH,UNIT_SCADA,1,"2019/08/21 17:45:00",RT_VIC3,0
D,DISPATCH,UNIT_SCADA,1,"2019/08/21 17:45:00",RT_VIC4,0
D,DISPATCH,UNIT_SCADA,1,"2019/08/21 17:45:00",RT_VIC5,0
D,DISPATCH,UNIT_SCADA,1,"2019/08/21 17:45:00",RT_VIC6,0
D,DISPATCH,UNIT_SCADA,1,"2019/08/21 17:45:00",RT_VIC7,0
D,DISPATCH,UNIT_SCADA,1,"2019/08/21 17:45:00",RT_VIC8,0
D,DISPATCH,UNIT_SCADA,1,"2019/08/21 17:45:00",RT_VIC9,0
D,DISPATCH,UNIT_SCADA,1,"2019/08/21 17:45:00",RUGBYR1,0
D,DISPATCH,UNIT_SCADA,1,"2019/08/21 17:45:00",SALTCRK1,50.40
D,DISPATCH,UNIT_SCADA,1,"2019/08/21 17:45:00",SAPHWF1,150.674990
D,DISPATCH,UNIT_SCADA,1,"2019/08/21 17:45:00",SHGEN,0
D,DISPATCH,UNIT_SCADA,1,"2019/08/21 17:45:00",SHPUMP,0
D,DISPATCH,UNIT_SCADA,1,"2019/08/21 17:45:00",SITHE01,0.083520
D,DISPATCH,UNIT_SCADA,1,"2019/08/21 17:45:00",SMCSF1,3.632210
D,DISPATCH,UNIT_SCADA,1,"2019/08/21 17:45:00",SNOWNTH1,46.70
D,DISPATCH,UNIT_SCADA,1,"2019/08/21 17:45:00",SNOWSTH1,80.20
D,DISPATCH,UNIT_SCADA,1,"2019/08/21 17:45:00",SNOWTWN1,41.479370
D,DISPATCH,UNIT_SCADA,1,"2019/08/21 17:45:00",SNOWYP,0
D,DISPATCH,UNIT_SCADA,1,"2019/08/21 17:45:00",SNUG1,0.019440
D,DISPATCH,UNIT_SCADA,1,"2019/08/21 17:45:00",SRSF1,0.44
D,DISPATCH,UNIT_SCADA,1,"2019/08/21 17:45:00",STAN-1,0
D,DISPATCH,UNIT_SCADA,1,"2019/08/21 17:45:00",STAN-2,338.441190
D,DISPATCH,UNIT_SCADA,1,"2019/08/21 17:45:00",STAN-3,336.198090
D,DISPATCH,UNIT_SCADA,1,"2019/08/21 17:45:00",STAN-4,333.698610
D,DISPATCH,UNIT_SCADA,1,"2019/08/21 17:45:00",STWF1,28.484990
D,DISPATCH,UNIT_SCADA,1,"2019/08/21 17:45:00",SWAN_E,0
D,DISPATCH,UNIT_SCADA,1,"2019/08/21 17:45:00",TALWA1,372
D,DISPATCH,UNIT_SCADA,1,"2019/08/21 17:45:00",TARALGA1,96.978740
D,DISPATCH,UNIT_SCADA,1,"2019/08/21 17:45:00",TARONG#1,345.800020
D,DISPATCH,UNIT_SCADA,1,"2019/08/21 17:45:00",TARONG#2,346.300020
D,DISPATCH,UNIT_SCADA,1,"2019/08/21 17:45:00",TARONG#3,259.600010
D,DISPATCH,UNIT_SCADA,1,"2019/08/21 17:45:00",TARONG#4,349.700010
D,DISPATCH,UNIT_SCADA,1,"2019/08/21 17:45:00",TARRALEA,83.90
D,DISPATCH,UNIT_SCADA,1,"2019/08/21 17:45:00",TBSF1,10.40
D,DISPATCH,UNIT_SCADA,1,"2019/08/21 17:45:00",TNPS1,442.000030
D,DISPATCH,UNIT_SCADA,1,"2019/08/21 17:45:00",TORRA1,88.722340
D,DISPATCH,UNIT_SCADA,1,"2019/08/21 17:45:00",TORRA2,0
D,DISPATCH,UNIT_SCADA,1,"2019/08/21 17:45:00",TORRA3,0
D,DISPATCH,UNIT_SCADA,1,"2019/08/21 17:45:00",TORRA4,0
D,DISPATCH,UNIT_SCADA,1,"2019/08/21 17:45:00",TORRB1,101.77
D,DISPATCH,UNIT_SCADA,1,"2019/08/21 17:45:00",TORRB2,147.509990
D,DISPATCH,UNIT_SCADA,1,"2019/08/21 17:45:00",TORRB3,0
D,DISPATCH,UNIT_SCADA,1,"2019/08/21 17:45:00",TORRB4,0
D,DISPATCH,UNIT_SCADA,1,"2019/08/21 17:45:00",TREVALLN,56.690030
D,DISPATCH,UNIT_SCADA,1,"2019/08/21 17:45:00",TRIBUTE,83.689990
D,DISPATCH,UNIT_SCADA,1,"2019/08/21 17:45:00",TUMUT3,607.640010
D,DISPATCH,UNIT_SCADA,1,"2019/08/21 17:45:00",TUNGATIN,132.080030
D,DISPATCH,UNIT_SCADA,1,"2019/08/21 17:45:00",TVCC201,0
D,DISPATCH,UNIT_SCADA,1,"2019/08/21 17:45:00",TVPP104,0
D,DISPATCH,UNIT_SCADA,1,"2019/08/21 17:45:00",UPPTUMUT,0
D,DISPATCH,UNIT_SCADA,1,"2019/08/21 17:45:00",URANQ11,0
D,DISPATCH,UNIT_SCADA,1,"2019/08/21 17:45:00",URANQ12,0
D,DISPATCH,UNIT_SCADA,1,"2019/08/21 17:45:00",URANQ13,0
D,DISPATCH,UNIT_SCADA,1,"2019/08/21 17:45:00",URANQ14,0
D,DISPATCH,UNIT_SCADA,1,"2019/08/21 17:45:00",VP5,597.224980
D,DISPATCH,UNIT_SCADA,1,"2019/08/21 17:45:00",VP6,557.900020
D,DISPATCH,UNIT_SCADA,1,"2019/08/21 17:45:00",VPGS1,0
D,DISPATCH,UNIT_SCADA,1,"2019/08/21 17:45:00",VPGS2,0
D,DISPATCH,UNIT_SCADA,1,"2019/08/21 17:45:00",VPGS3,0
D,DISPATCH,UNIT_SCADA,1,"2019/08/21 17:45:00",VPGS4,0
D,DISPATCH,UNIT_SCADA,1,"2019/08/21 17:45:00",VPGS5,0
D,DISPATCH,UNIT_SCADA,1,"2019/08/21 17:45:00",VPGS6,0
D,DISPATCH,UNIT_SCADA,1,"2019/08/21 17:45:00",W/HOE#1,0
D,DISPATCH,UNIT_SCADA,1,"2019/08/21 17:45:00",W/HOE#2,0
D,DISPATCH,UNIT_SCADA,1,"2019/08/21 17:45:00",WATERLWF,73.30
D,DISPATCH,UNIT_SCADA,1,"2019/08/21 17:45:00",WEMENSF1,2
D,DISPATCH,UNIT_SCADA,1,"2019/08/21 17:45:00",WGWF1,71.90
D,DISPATCH,UNIT_SCADA,1,"2019/08/21 17:45:00",WHITSF1,0
D,DISPATCH,UNIT_SCADA,1,"2019/08/21 17:45:00",WKIEWA1,0
D,DISPATCH,UNIT_SCADA,1,"2019/08/21 17:45:00",WKIEWA2,0.10
D,DISPATCH,UNIT_SCADA,1,"2019/08/21 17:45:00",WOODLWN1,44.8380
D,DISPATCH,UNIT_SCADA,1,"2019/08/21 17:45:00",WRSF1,0
D,DISPATCH,UNIT_SCADA,1,"2019/08/21 17:45:00",WRWF1,141.539990
D,DISPATCH,UNIT_SCADA,1,"2019/08/21 17:45:00",YABULU,0
D,DISPATCH,UNIT_SCADA,1,"2019/08/21 17:45:00",YABULU2,0
D,DISPATCH,UNIT_SCADA,1,"2019/08/21 17:45:00",YARWUN_1,0
D,DISPATCH,UNIT_SCADA,1,"2019/08/21 17:45:00",YENDWF1,41.88
D,DISPATCH,UNIT_SCADA,1,"2019/08/21 17:45:00",YWPS1,377.693660
D,DISPATCH,UNIT_SCADA,1,"2019/08/21 17:45:00",YWPS2,280.949370
D,DISPATCH,UNIT_SCADA,1,"2019/08/21 17:45:00",YWPS3,0
D,DISPATCH,UNIT_SCADA,1,"2019/08/21 17:45:00",YWPS4,395.802520
C,"END OF REPORT",334
