C,NEMP.WORLD,DISPATCHSCADA,AEMO,PUBLIC,2019/09/04,21:45:09,0000000312398027,DISPATCHSCADA,0000000312398021
I,DISPATCH,UNIT_SCADA,1,SETTLEMENTDATE,DUID,SCADAVALUE
D,DISPATCH,UNIT_SCADA,1,"2019/09/04 21:50:00",BARCSF1,0
D,DISPATCH,UNIT_SCADA,1,"2019/09/04 21:50:00",BUTLERSG,10.199999
D,DISPATCH,UNIT_SCADA,1,"2019/09/04 21:50:00",CALL_A_4,0
D,DISPATCH,UNIT_SCADA,1,"2019/09/04 21:50:00",CAPTL_WF,81.987999
D,DISPATCH,UNIT_SCADA,1,"2019/09/04 21:50:00",CATHROCK,0
D,DISPATCH,UNIT_SCADA,1,"2019/09/04 21:50:00",CHALLHWF,0
D,DISPATCH,UNIT_SCADA,1,"2019/09/04 21:50:00",CLOVER,-0.01
D,DISPATCH,UNIT_SCADA,1,"2019/09/04 21:50:00",CLUNY,10.086976
D,DISPATCH,UNIT_SCADA,1,"2019/09/04 21:50:00",CNUNDAWF,0
D,DISPATCH,UNIT_SCADA,1,"2019/09/04 21:50:00",CULLRGWF,15.88
D,DISPATCH,UNIT_SCADA,1,"2019/09/04 21:50:00",ERGT01,0
D,DISPATCH,UNIT_SCADA,1,"2019/09/04 21:50:00",GB01,0.016678
D,DISPATCH,UNIT_SCADA,1,"2019/09/04 21:50:00",GERMCRK,38.599998
D,DISPATCH,UNIT_SCADA,1,"2019/09/04 21:50:00",GRIFSF1,0
D,DISPATCH,UNIT_SCADA,1,"2019/09/04 21:50:00",HUGSF1,-0.19
D,DISPATCH,UNIT_SCADA,1,"2019/09/04 21:50:00",LKBONNY1,-0.449338
D,DISPATCH,UNIT_SCADA,1,"2019/09/04 21:50:00",LRSF1,-0.0310
D,DISPATCH,UNIT_SCADA,1,"2019/09/04 21:50:00",MBAHNTH,28.031250
D,DISPATCH,UNIT_SCADA,1,"2019/09/04 21:50:00",MLSP1,0.366001
D,DISPATCH,UNIT_SCADA,1,"2019/09/04 21:50:00",MLWF1,1.08
D,DISPATCH,UNIT_SCADA,1,"2019/09/04 21:50:00",MTMILLAR,2.418426
D,DISPATCH,UNIT_SCADA,1,"2019/09/04 21:50:00",PALOONA,16.76
D,DISPATCH,UNIT_SCADA,1,"2019/09/04 21:50:00",PIONEER,45.299999
D,DISPATCH,UNIT_SCADA,1,"2019/09/04 21:50:00",PORTWF,-0.30
D,DISPATCH,UNIT_SCADA,1,"2019/09/04 21:50:00",REPULSE,20.299992
D,DISPATCH,UNIT_SCADA,1,"2019/09/04 21:50:00",ROWALLAN,10.2240
D,DISPATCH,UNIT_SCADA,1,"2019/09/04 21:50:00",ROYALLA1,0
D,DISPATCH,UNIT_SCADA,1,"2019/09/04 21:50:00",RPCG,2.30
D,DISPATCH,UNIT_SCADA,1,"2019/09/04 21:50:00",RUBICON,0
D,DISPATCH,UNIT_SCADA,1,"2019/09/04 21:50:00",SATGN1,0
D,DISPATCH,UNIT_SCADA,1,"2019/09/04 21:50:00",SATGS1,0
D,DISPATCH,UNIT_SCADA,1,"2019/09/04 21:50:00",STARHLWF,-0.099971
D,DISPATCH,UNIT_SCADA,1,"2019/09/04 21:50:00",WAUBRAWF,0
D,DISPATCH,UNIT_SCADA,1,"2019/09/04 21:50:00",WOOLNTH1,16.500015
D,DISPATCH,UNIT_SCADA,1,"2019/09/04 21:50:00",WPWF,0
D,DISPATCH,UNIT_SCADA,1,"2019/09/04 21:50:00",YAMBUKWF,-0.20
D,DISPATCH,UNIT_SCADA,1,"2019/09/04 21:50:00",YSWF1,0
D,DISPATCH,UNIT_SCADA,1,"2019/09/04 21:50:00",AGLHAL,0
D,DISPATCH,UNIT_SCADA,1,"2019/09/04 21:50:00",AGLSOM,120.399990
D,DISPATCH,UNIT_SCADA,1,"2019/09/04 21:50:00",ANGAST1,0
D,DISPATCH,UNIT_SCADA,1,"2019/09/04 21:50:00",ARWF1,0.20
D,DISPATCH,UNIT_SCADA,1,"2019/09/04 21:50:00",BALBG1,0
D,DISPATCH,UNIT_SCADA,1,"2019/09/04 21:50:00",BALBL1,28.11
D,DISPATCH,UNIT_SCADA,1,"2019/09/04 21:50:00",BALDHWF1,5.9850
D,DISPATCH,UNIT_SCADA,1,"2019/09/04 21:50:00",BANN1,0
D,DISPATCH,UNIT_SCADA,1,"2019/09/04 21:50:00",BARCALDN,0
D,DISPATCH,UNIT_SCADA,1,"2019/09/04 21:50:00",BARRON-1,32.64
D,DISPATCH,UNIT_SCADA,1,"2019/09/04 21:50:00",BARRON-2,0
D,DISPATCH,UNIT_SCADA,1,"2019/09/04 21:50:00",BASTYAN,80.59
D,DISPATCH,UNIT_SCADA,1,"2019/09/04 21:50:00",BBTHREE1,0
D,DISPATCH,UNIT_SCADA,1,"2019/09/04 21:50:00",BBTHREE2,0
D,DISPATCH,UNIT_SCADA,1,"2019/09/04 21:50:00",BBTHREE3,0
D,DISPATCH,UNIT_SCADA,1,"2019/09/04 21:50:00",BDL01,44.04
D,DISPATCH,UNIT_SCADA,1,"2019/09/04 21:50:00",BDL02,44.34
D,DISPATCH,UNIT_SCADA,1,"2019/09/04 21:50:00",BERYLSF1,0
D,DISPATCH,UNIT_SCADA,1,"2019/09/04 21:50:00",BLOWERNG,11.10
D,DISPATCH,UNIT_SCADA,1,"2019/09/04 21:50:00",BLUFF1,0.10
D,DISPATCH,UNIT_SCADA,1,"2019/09/04 21:50:00",BNGSF1,0
D,DISPATCH,UNIT_SCADA,1,"2019/09/04 21:50:00",BNGSF2,0
D,DISPATCH,UNIT_SCADA,1,"2019/09/04 21:50:00",BOCORWF1,6.06
D,DISPATCH,UNIT_SCADA,1,"2019/09/04 21:50:00",BODWF1,40.633150
D,DISPATCH,UNIT_SCADA,1,"2019/09/04 21:50:00",BRAEMAR1,0
D,DISPATCH,UNIT_SCADA,1,"2019/09/04 21:50:00",BRAEMAR2,0
D,DISPATCH,UNIT_SCADA,1,"2019/09/04 21:50:00",BRAEMAR3,0
D,DISPATCH,UNIT_SCADA,1,"2019/09/04 21:50:00",BRAEMAR5,0
D,DISPATCH,UNIT_SCADA,1,"2019/09/04 21:50:00",BRAEMAR6,0
D,DISPATCH,UNIT_SCADA,1,"2019/09/04 21:50:00",BRAEMAR7,0
D,DISPATCH,UNIT_SCADA,1,"2019/09/04 21:50:00",BROKENH1,0
D,DISPATCH,UNIT_SCADA,1,"2019/09/04 21:50:00",BW01,546.1001
D,DISPATCH,UNIT_SCADA,1,"2019/09/04 21:50:00",BW02,613.675050
D,DISPATCH,UNIT_SCADA,1,"2019/09/04 21:50:00",BW03,620
D,DISPATCH,UNIT_SCADA,1,"2019/09/04 21:50:00",BW04,0
D,DISPATCH,UNIT_SCADA,1,"2019/09/04 21:50:00",CALL_B_1,349.600010
D,DISPATCH,UNIT_SCADA,1,"2019/09/04 21:50:00",CALL_B_2,349.700010
D,DISPATCH,UNIT_SCADA,1,"2019/09/04 21:50:00",CETHANA,80.4615
D,DISPATCH,UNIT_SCADA,1,"2019/09/04 21:50:00",CG1,0
D,DISPATCH,UNIT_SCADA,1,"2019/09/04 21:50:00",CG2,0
D,DISPATCH,UNIT_SCADA,1,"2019/09/04 21:50:00",CG3,0
D,DISPATCH,UNIT_SCADA,1,"2019/09/04 21:50:00",CG4,0
D,DISPATCH,UNIT_SCADA,1,"2019/09/04 21:50:00",CHILDSF1,0
D,DISPATCH,UNIT_SCADA,1,"2019/09/04 21:50:00",CLARESF1,0
D,DISPATCH,UNIT_SCADA,1,"2019/09/04 21:50:00",CLEMGPWF,3.745820
D,DISPATCH,UNIT_SCADA,1,"2019/09/04 21:50:00",CLERMSF1,0
D,DISPATCH,UNIT_SCADA,1,"2019/09/04 21:50:00",COLEASF1,0
D,DISPATCH,UNIT_SCADA,1,"2019/09/04 21:50:00",COOPGWF1,30.816810
D,DISPATCH,UNIT_SCADA,1,"2019/09/04 21:50:00",CPP_3,405.350010
D,DISPATCH,UNIT_SCADA,1,"2019/09/04 21:50:00",CPP_4,403.149990
D,DISPATCH,UNIT_SCADA,1,"2019/09/04 21:50:00",CPSA,143.173130
D,DISPATCH,UNIT_SCADA,1,"2019/09/04 21:50:00",CROOKWF2,77.843750
D,DISPATCH,UNIT_SCADA,1,"2019/09/04 21:50:00",CROWLWF1,-0.108810
D,DISPATCH,UNIT_SCADA,1,"2019/09/04 21:50:00",CSPVPS1,0
D,DISPATCH,UNIT_SCADA,1,"2019/09/04 21:50:00",DALNTH01,0
D,DISPATCH,UNIT_SCADA,1,"2019/09/04 21:50:00",DALNTHL1,0.074770
D,DISPATCH,UNIT_SCADA,1,"2019/09/04 21:50:00",DARTM1,133.600010
D,DISPATCH,UNIT_SCADA,1,"2019/09/04 21:50:00",DAYDSF1,0
D,DISPATCH,UNIT_SCADA,1,"2019/09/04 21:50:00",DDPS1,560.642880
D,DISPATCH,UNIT_SCADA,1,"2019/09/04 21:50:00",DDSF1,0
D,DISPATCH,UNIT_SCADA,1,"2019/09/04 21:50:00",DEVILS_G,56.488540
D,DISPATCH,UNIT_SCADA,1,"2019/09/04 21:50:00",DG_NSW1,0
D,DISPATCH,UNIT_SCADA,1,"2019/09/04 21:50:00",DG_QLD1,0
D,DISPATCH,UNIT_SCADA,1,"2019/09/04 21:50:00",DG_SA1,0
D,DISPATCH,UNIT_SCADA,1,"2019/09/04 21:50:00",DG_TAS1,0
D,DISPATCH,UNIT_SCADA,1,"2019/09/04 21:50:00",DG_VIC1,0
D,DISPATCH,UNIT_SCADA,1,"2019/09/04 21:50:00",DRYCGT1,0
D,DISPATCH,UNIT_SCADA,1,"2019/09/04 21:50:00",DRYCGT2,0
D,DISPATCH,UNIT_SCADA,1,"2019/09/04 21:50:00",DRYCGT3,0
D,DISPATCH,UNIT_SCADA,1,"2019/09/04 21:50:00",EILDON1,0
D,DISPATCH,UNIT_SCADA,1,"2019/09/04 21:50:00",EILDON2,0
D,DISPATCH,UNIT_SCADA,1,"2019/09/04 21:50:00",EMERASF1,0
D,DISPATCH,UNIT_SCADA,1,"2019/09/04 21:50:00",ER01,553.800050
D,DISPATCH,UNIT_SCADA,1,"2019/09/04 21:50:00",ER02,658.324950
D,DISPATCH,UNIT_SCADA,1,"2019/09/04 21:50:00",ER03,0
D,DISPATCH,UNIT_SCADA,1,"2019/09/04 21:50:00",ER04,658.150020
D,DISPATCH,UNIT_SCADA,1,"2019/09/04 21:50:00",FINLYSF1,0
D,DISPATCH,UNIT_SCADA,1,"2019/09/04 21:50:00",FISHER,45.87
D,DISPATCH,UNIT_SCADA,1,"2019/09/04 21:50:00",GANNBG1,0
D,DISPATCH,UNIT_SCADA,1,"2019/09/04 21:50:00",GANNBL1,0.147790
D,DISPATCH,UNIT_SCADA,1,"2019/09/04 21:50:00",GANNSF1,0
D,DISPATCH,UNIT_SCADA,1,"2019/09/04 21:50:00",GORDON,19.666640
D,DISPATCH,UNIT_SCADA,1,"2019/09/04 21:50:00",GSTONE1,196.70
D,DISPATCH,UNIT_SCADA,1,"2019/09/04 21:50:00",GSTONE2,192.149990
D,DISPATCH,UNIT_SCADA,1,"2019/09/04 21:50:00",GSTONE3,0
D,DISPATCH,UNIT_SCADA,1,"2019/09/04 21:50:00",GSTONE4,200.3750
D,DISPATCH,UNIT_SCADA,1,"2019/09/04 21:50:00",GSTONE5,197.05
D,DISPATCH,UNIT_SCADA,1,"2019/09/04 21:50:00",GSTONE6,197.75
D,DISPATCH,UNIT_SCADA,1,"2019/09/04 21:50:00",GULLRSF1,0
D,DISPATCH,UNIT_SCADA,1,"2019/09/04 21:50:00",GULLRWF1,132.214810
D,DISPATCH,UNIT_SCADA,1,"2019/09/04 21:50:00",GUNNING1,30.406870
D,DISPATCH,UNIT_SCADA,1,"2019/09/04 21:50:00",GUTHEGA,30.90
D,DISPATCH,UNIT_SCADA,1,"2019/09/04 21:50:00",HALLWF1,11.74
D,DISPATCH,UNIT_SCADA,1,"2019/09/04 21:50:00",HALLWF2,1.83
D,DISPATCH,UNIT_SCADA,1,"2019/09/04 21:50:00",HAMISF1,0
D,DISPATCH,UNIT_SCADA,1,"2019/09/04 21:50:00",HAUGHT11,0
D,DISPATCH,UNIT_SCADA,1,"2019/09/04 21:50:00",HAYMSF1,0
D,DISPATCH,UNIT_SCADA,1,"2019/09/04 21:50:00",HDWF1,36.60
D,DISPATCH,UNIT_SCADA,1,"2019/09/04 21:50:00",HDWF2,26.80
D,DISPATCH,UNIT_SCADA,1,"2019/09/04 21:50:00",HDWF3,26.90
D,DISPATCH,UNIT_SCADA,1,"2019/09/04 21:50:00",HPRG1,0
D,DISPATCH,UNIT_SCADA,1,"2019/09/04 21:50:00",HPRL1,0
D,DISPATCH,UNIT_SCADA,1,"2019/09/04 21:50:00",HUMENSW,0
D,DISPATCH,UNIT_SCADA,1,"2019/09/04 21:50:00",HUMEV,24.90
D,DISPATCH,UNIT_SCADA,1,"2019/09/04 21:50:00",HVGTS,0
D,DISPATCH,UNIT_SCADA,1,"2019/09/04 21:50:00",JBUTTERS,66.03
D,DISPATCH,UNIT_SCADA,1,"2019/09/04 21:50:00",JLA01,30.20
D,DISPATCH,UNIT_SCADA,1,"2019/09/04 21:50:00",JLA02,30.30
D,DISPATCH,UNIT_SCADA,1,"2019/09/04 21:50:00",JLA03,0
D,DISPATCH,UNIT_SCADA,1,"2019/09/04 21:50:00",JLA04,0
D,DISPATCH,UNIT_SCADA,1,"2019/09/04 21:50:00",JLB01,0
D,DISPATCH,UNIT_SCADA,1,"2019/09/04 21:50:00",JLB02,83.80
D,DISPATCH,UNIT_SCADA,1,"2019/09/04 21:50:00",JLB03,83.60
D,DISPATCH,UNIT_SCADA,1,"2019/09/04 21:50:00",KAREEYA1,21.5875
D,DISPATCH,UNIT_SCADA,1,"2019/09/04 21:50:00",KAREEYA2,21.94
D,DISPATCH,UNIT_SCADA,1,"2019/09/04 21:50:00",KAREEYA3,0
D,DISPATCH,UNIT_SCADA,1,"2019/09/04 21:50:00",KAREEYA4,21.4850
D,DISPATCH,UNIT_SCADA,1,"2019/09/04 21:50:00",KARSF1,0
D,DISPATCH,UNIT_SCADA,1,"2019/09/04 21:50:00",KIATAWF1,-0.20
D,DISPATCH,UNIT_SCADA,1,"2019/09/04 21:50:00",KPP_1,0
D,DISPATCH,UNIT_SCADA,1,"2019/09/04 21:50:00",KSP1,0
D,DISPATCH,UNIT_SCADA,1,"2019/09/04 21:50:00",LADBROK1,42.57
D,DISPATCH,UNIT_SCADA,1,"2019/09/04 21:50:00",LADBROK2,43.25
D,DISPATCH,UNIT_SCADA,1,"2019/09/04 21:50:00",LD01,421.706270
D,DISPATCH,UNIT_SCADA,1,"2019/09/04 21:50:00",LD02,399.918730
D,DISPATCH,UNIT_SCADA,1,"2019/09/04 21:50:00",LD03,422.006290
D,DISPATCH,UNIT_SCADA,1,"2019/09/04 21:50:00",LD04,381.131290
D,DISPATCH,UNIT_SCADA,1,"2019/09/04 21:50:00",LEM_WIL,82.498790
D,DISPATCH,UNIT_SCADA,1,"2019/09/04 21:50:00",LGAPWF1,25.34
D,DISPATCH,UNIT_SCADA,1,"2019/09/04 21:50:00",LILYSF1,0
D,DISPATCH,UNIT_SCADA,1,"2019/09/04 21:50:00",LI_WY_CA,164.604430
D,DISPATCH,UNIT_SCADA,1,"2019/09/04 21:50:00",LKBONNY2,-1.227130
D,DISPATCH,UNIT_SCADA,1,"2019/09/04 21:50:00",LKBONNY3,-0.225030
D,DISPATCH,UNIT_SCADA,1,"2019/09/04 21:50:00",LK_ECHO,0
D,DISPATCH,UNIT_SCADA,1,"2019/09/04 21:50:00",LNGS1,0
D,DISPATCH,UNIT_SCADA,1,"2019/09/04 21:50:00",LNGS2,0
D,DISPATCH,UNIT_SCADA,1,"2019/09/04 21:50:00",LONSDALE,0
D,DISPATCH,UNIT_SCADA,1,"2019/09/04 21:50:00",LOYYB1,535.336730
D,DISPATCH,UNIT_SCADA,1,"2019/09/04 21:50:00",LOYYB2,582.330380
D,DISPATCH,UNIT_SCADA,1,"2019/09/04 21:50:00",LYA1,0
D,DISPATCH,UNIT_SCADA,1,"2019/09/04 21:50:00",LYA2,0
D,DISPATCH,UNIT_SCADA,1,"2019/09/04 21:50:00",LYA3,560
D,DISPATCH,UNIT_SCADA,1,"2019/09/04 21:50:00",LYA4,540
D,DISPATCH,UNIT_SCADA,1,"2019/09/04 21:50:00",MACARTH1,0
D,DISPATCH,UNIT_SCADA,1,"2019/09/04 21:50:00",MACKAYGT,0.2240
D,DISPATCH,UNIT_SCADA,1,"2019/09/04 21:50:00",MACKNTSH,89.240010
D,DISPATCH,UNIT_SCADA,1,"2019/09/04 21:50:00",MANSLR1,0
D,DISPATCH,UNIT_SCADA,1,"2019/09/04 21:50:00",MCKAY1,120.1050
D,DISPATCH,UNIT_SCADA,1,"2019/09/04 21:50:00",MEADOWBK,24.893180
D,DISPATCH,UNIT_SCADA,1,"2019/09/04 21:50:00",MERCER01,-0.0520
D,DISPATCH,UNIT_SCADA,1,"2019/09/04 21:50:00",MEWF1,61.966340
D,DISPATCH,UNIT_SCADA,1,"2019/09/04 21:50:00",MINTARO,0
D,DISPATCH,UNIT_SCADA,1,"2019/09/04 21:50:00",MOREESF1,0
D,DISPATCH,UNIT_SCADA,1,"2019/09/04 21:50:00",MORTLK11,259
D,DISPATCH,UNIT_SCADA,1,"2019/09/04 21:50:00",MORTLK12,0
D,DISPATCH,UNIT_SCADA,1,"2019/09/04 21:50:00",MP1,224.800050
D,DISPATCH,UNIT_SCADA,1,"2019/09/04 21:50:00",MP2,0
D,DISPATCH,UNIT_SCADA,1,"2019/09/04 21:50:00",MPP_1,403.25
D,DISPATCH,UNIT_SCADA,1,"2019/09/04 21:50:00",MPP_2,434.75
D,DISPATCH,UNIT_SCADA,1,"2019/09/04 21:50:00",MSTUART1,0
D,DISPATCH,UNIT_SCADA,1,"2019/09/04 21:50:00",MSTUART2,0
D,DISPATCH,UNIT_SCADA,1,"2019/09/04 21:50:00",MSTUART3,0
D,DISPATCH,UNIT_SCADA,1,"2019/09/04 21:50:00",MTGELWF1,1.031530
D,DISPATCH,UNIT_SCADA,1,"2019/09/04 21:50:00",MURRAY,732.693360
D,DISPATCH,UNIT_SCADA,1,"2019/09/04 21:50:00",MUSSELR1,120.499990
D,DISPATCH,UNIT_SCADA,1,"2019/09/04 21:50:00",MUWAWF1,-0.04
D,DISPATCH,UNIT_SCADA,1,"2019/09/04 21:50:00",NBHWF1,37.70
D,DISPATCH,UNIT_SCADA,1,"2019/09/04 21:50:00",NPS,302.25
D,DISPATCH,UNIT_SCADA,1,"2019/09/04 21:50:00",NUMURSF1,0
D,DISPATCH,UNIT_SCADA,1,"2019/09/04 21:50:00",NYNGAN1,0
D,DISPATCH,UNIT_SCADA,1,"2019/09/04 21:50:00",OAKEY1,0
D,DISPATCH,UNIT_SCADA,1,"2019/09/04 21:50:00",OAKEY1SF,0
D,DISPATCH,UNIT_SCADA,1,"2019/09/04 21:50:00",OAKEY2,0
D,DISPATCH,UNIT_SCADA,1,"2019/09/04 21:50:00",OAKEY2SF,0
D,DISPATCH,UNIT_SCADA,1,"2019/09/04 21:50:00",OAKLAND1,0
D,DISPATCH,UNIT_SCADA,1,"2019/09/04 21:50:00",OSB-AG,179.59
D,DISPATCH,UNIT_SCADA,1,"2019/09/04 21:50:00",PARSF1,0
D,DISPATCH,UNIT_SCADA,1,"2019/09/04 21:50:00",POAT110,0
D,DISPATCH,UNIT_SCADA,1,"2019/09/04 21:50:00",POAT220,1.18
D,DISPATCH,UNIT_SCADA,1,"2019/09/04 21:50:00",POR01,0
D,DISPATCH,UNIT_SCADA,1,"2019/09/04 21:50:00",POR03,0
D,DISPATCH,UNIT_SCADA,1,"2019/09/04 21:50:00",PPCCGT,480.918150
D,DISPATCH,UNIT_SCADA,1,"2019/09/04 21:50:00",PTSTAN1,0
D,DISPATCH,UNIT_SCADA,1,"2019/09/04 21:50:00",PUMP1,0
D,DISPATCH,UNIT_SCADA,1,"2019/09/04 21:50:00",PUMP2,0
D,DISPATCH,UNIT_SCADA,1,"2019/09/04 21:50:00",QPS1,29
D,DISPATCH,UNIT_SCADA,1,"2019/09/04 21:50:00",QPS2,0
D,DISPATCH,UNIT_SCADA,1,"2019/09/04 21:50:00",QPS3,0
D,DISPATCH,UNIT_SCADA,1,"2019/09/04 21:50:00",QPS4,23.60
D,DISPATCH,UNIT_SCADA,1,"2019/09/04 21:50:00",QPS5,75.43
D,DISPATCH,UNIT_SCADA,1,"2019/09/04 21:50:00",REECE1,101.800010
D,DISPATCH,UNIT_SCADA,1,"2019/09/04 21:50:00",REECE2,101.790010
D,DISPATCH,UNIT_SCADA,1,"2019/09/04 21:50:00",ROMA_7,0
D,DISPATCH,UNIT_SCADA,1,"2019/09/04 21:50:00",ROMA_8,0
D,DISPATCH,UNIT_SCADA,1,"2019/09/04 21:50:00",RRSF1,0
D,DISPATCH,UNIT_SCADA,1,"2019/09/04 21:50:00",RT_NSW1,0
D,DISPATCH,UNIT_SCADA,1,"2019/09/04 21:50:00",RT_NSW2,0
D,DISPATCH,UNIT_SCADA,1,"2019/09/04 21:50:00",RT_NSW3,0
D,DISPATCH,UNIT_SCADA,1,"2019/09/04 21:50:00",RT_NSW4,0
D,DISPATCH,UNIT_SCADA,1,"2019/09/04 21:50:00",RT_NSW5,0
D,DISPATCH,UNIT_SCADA,1,"2019/09/04 21:50:00",RT_NSW6,0
D,DISPATCH,UNIT_SCADA,1,"2019/09/04 21:50:00",RT_QLD1,0
D,DISPATCH,UNIT_SCADA,1,"2019/09/04 21:50:00",RT_SA1,0
D,DISPATCH,UNIT_SCADA,1,"2019/09/04 21:50:00",RT_SA2,0
D,DISPATCH,UNIT_SCADA,1,"2019/09/04 21:50:00",RT_SA3,0
D,DISPATCH,UNIT_SCADA,1,"2019/09/04 21:50:00",RT_SA4,0
D,DISPATCH,UNIT_SCADA,1,"2019/09/04 21:50:00",RT_SA5,0
D,DISPATCH,UNIT_SCADA,1,"2019/09/04 21:50:00",RT_SA6,0
D,DISPATCH,UNIT_SCADA,1,"2019/09/04 21:50:00",RT_TAS1,0
D,DISPATCH,UNIT_SCADA,1,"2019/09/04 21:50:00",RT_VIC1,0
D,DISPATCH,UNIT_SCADA,1,"2019/09/04 21:50:00",RT_VIC10,0
D,DISPATCH,UNIT_SCADA,1,"2019/09/04 21:50:00",RT_VIC11,0
D,DISPATCH,UNIT_SCADA,1,"2019/09/04 21:50:00",RT_VIC12,0
D,DISPATCH,UNIT_SCADA,1,"2019/09/04 21:50:00",RT_VIC2,0
D,DISPATCH,UNIT_SCADA,1,"2019/09/04 21:50:00",RT_VIC3,0
D,DISPATCH,UNIT_SCADA,1,"2019/09/04 21:50:00",RT_VIC4,0
D,DISPATCH,UNIT_SCADA,1,"2019/09/04 21:50:00",RT_VIC5,0
D,DISPATCH,UNIT_SCADA,1,"2019/09/04 21:50:00",RT_VIC6,0
D,DISPATCH,UNIT_SCADA,1,"2019/09/04 21:50:00",RT_VIC7,0
D,DISPATCH,UNIT_SCADA,1,"2019/09/04 21:50:00",RT_VIC8,0
D,DISPATCH,UNIT_SCADA,1,"2019/09/04 21:50:00",RT_VIC9,0
D,DISPATCH,UNIT_SCADA,1,"2019/09/04 21:50:00",RUGBYR1,0
D,DISPATCH,UNIT_SCADA,1,"2019/09/04 21:50:00",SALTCRK1,2.79
D,DISPATCH,UNIT_SCADA,1,"2019/09/04 21:50:00",SAPHWF1,73.50
D,DISPATCH,UNIT_SCADA,1,"2019/09/04 21:50:00",SHGEN,0
D,DISPATCH,UNIT_SCADA,1,"2019/09/04 21:50:00",SHPUMP,0
D,DISPATCH,UNIT_SCADA,1,"2019/09/04 21:50:00",SITHE01,0.224190
D,DISPATCH,UNIT_SCADA,1,"2019/09/04 21:50:00",SMCSF1,0
D,DISPATCH,UNIT_SCADA,1,"2019/09/04 21:50:00",SNOWNTH1,0
D,DISPATCH,UNIT_SCADA,1,"2019/09/04 21:50:00",SNOWSTH1,0
D,DISPATCH,UNIT_SCADA,1,"2019/09/04 21:50:00",SNOWTWN1,-0.426690
D,DISPATCH,UNIT_SCADA,1,"2019/09/04 21:50:00",SNOWYP,0
D,DISPATCH,UNIT_SCADA,1,"2019/09/04 21:50:00",SNUG1,0.019440
D,DISPATCH,UNIT_SCADA,1,"2019/09/04 21:50:00",SRSF1,0
D,DISPATCH,UNIT_SCADA,1,"2019/09/04 21:50:00",STAN-1,220.0688
D,DISPATCH,UNIT_SCADA,1,"2019/09/04 21:50:00",STAN-2,326.302730
D,DISPATCH,UNIT_SCADA,1,"2019/09/04 21:50:00",STAN-3,328.110050
D,DISPATCH,UNIT_SCADA,1,"2019/09/04 21:50:00",STAN-4,327.007720
D,DISPATCH,UNIT_SCADA,1,"2019/09/04 21:50:00",STWF1,157.061250
D,DISPATCH,UNIT_SCADA,1,"2019/09/04 21:50:00",SWAN_E,0
D,DISPATCH,UNIT_SCADA,1,"2019/09/04 21:50:00",TALWA1,407
D,DISPATCH,UNIT_SCADA,1,"2019/09/04 21:50:00",TARALGA1,89.231250
D,DISPATCH,UNIT_SCADA,1,"2019/09/04 21:50:00",TARONG#1,350.700010
D,DISPATCH,UNIT_SCADA,1,"2019/09/04 21:50:00",TARONG#2,0
D,DISPATCH,UNIT_SCADA,1,"2019/09/04 21:50:00",TARONG#3,350.100010
D,DISPATCH,UNIT_SCADA,1,"2019/09/04 21:50:00",TARONG#4,349.700010
D,DISPATCH,UNIT_SCADA,1,"2019/09/04 21:50:00",TARRALEA,71.10
D,DISPATCH,UNIT_SCADA,1,"2019/09/04 21:50:00",TBSF1,-0.20
D,DISPATCH,UNIT_SCADA,1,"2019/09/04 21:50:00",TNPS1,379.600010
D,DISPATCH,UNIT_SCADA,1,"2019/09/04 21:50:00",TORRA1,98.855370
D,DISPATCH,UNIT_SCADA,1,"2019/09/04 21:50:00",TORRA2,0
D,DISPATCH,UNIT_SCADA,1,"2019/09/04 21:50:00",TORRA3,0
D,DISPATCH,UNIT_SCADA,1,"2019/09/04 21:50:00",TORRA4,90.393940
D,DISPATCH,UNIT_SCADA,1,"2019/09/04 21:50:00",TORRB1,172.929990
D,DISPATCH,UNIT_SCADA,1,"2019/09/04 21:50:00",TORRB2,172.91
D,DISPATCH,UNIT_SCADA,1,"2019/09/04 21:50:00",TORRB3,174.30
D,DISPATCH,UNIT_SCADA,1,"2019/09/04 21:50:00",TORRB4,0
D,DISPATCH,UNIT_SCADA,1,"2019/09/04 21:50:00",TREVALLN,44.270020
D,DISPATCH,UNIT_SCADA,1,"2019/09/04 21:50:00",TRIBUTE,0
D,DISPATCH,UNIT_SCADA,1,"2019/09/04 21:50:00",TUMUT3,0
D,DISPATCH,UNIT_SCADA,1,"2019/09/04 21:50:00",TUNGATIN,123.310040
D,DISPATCH,UNIT_SCADA,1,"2019/09/04 21:50:00",TVCC201,0
D,DISPATCH,UNIT_SCADA,1,"2019/09/04 21:50:00",TVPP104,0
D,DISPATCH,UNIT_SCADA,1,"2019/09/04 21:50:00",UPPTUMUT,0
D,DISPATCH,UNIT_SCADA,1,"2019/09/04 21:50:00",URANQ11,0
D,DISPATCH,UNIT_SCADA,1,"2019/09/04 21:50:00",URANQ12,0
D,DISPATCH,UNIT_SCADA,1,"2019/09/04 21:50:00",URANQ13,0
D,DISPATCH,UNIT_SCADA,1,"2019/09/04 21:50:00",URANQ14,0
D,DISPATCH,UNIT_SCADA,1,"2019/09/04 21:50:00",VP5,618.599980
D,DISPATCH,UNIT_SCADA,1,"2019/09/04 21:50:00",VP6,0
D,DISPATCH,UNIT_SCADA,1,"2019/09/04 21:50:00",VPGS1,0
D,DISPATCH,UNIT_SCADA,1,"2019/09/04 21:50:00",VPGS2,0
D,DISPATCH,UNIT_SCADA,1,"2019/09/04 21:50:00",VPGS3,0
D,DISPATCH,UNIT_SCADA,1,"2019/09/04 21:50:00",VPGS4,0
D,DISPATCH,UNIT_SCADA,1,"2019/09/04 21:50:00",VPGS5,0
D,DISPATCH,UNIT_SCADA,1,"2019/09/04 21:50:00",VPGS6,0
D,DISPATCH,UNIT_SCADA,1,"2019/09/04 21:50:00",W/HOE#1,0
D,DISPATCH,UNIT_SCADA,1,"2019/09/04 21:50:00",W/HOE#2,0
D,DISPATCH,UNIT_SCADA,1,"2019/09/04 21:50:00",WATERLWF,-0.90
D,DISPATCH,UNIT_SCADA,1,"2019/09/04 21:50:00",WEMENSF1,0
D,DISPATCH,UNIT_SCADA,1,"2019/09/04 21:50:00",WGWF1,15.40
D,DISPATCH,UNIT_SCADA,1,"2019/09/04 21:50:00",WHITSF1,0
D,DISPATCH,UNIT_SCADA,1,"2019/09/04 21:50:00",WKIEWA1,13.90
D,DISPATCH,UNIT_SCADA,1,"2019/09/04 21:50:00",WKIEWA2,14
D,DISPATCH,UNIT_SCADA,1,"2019/09/04 21:50:00",WOODLWN1,40.518010
D,DISPATCH,UNIT_SCADA,1,"2019/09/04 21:50:00",WRSF1,0
D,DISPATCH,UNIT_SCADA,1,"2019/09/04 21:50:00",WRWF1,90.973740
D,DISPATCH,UNIT_SCADA,1,"2019/09/04 21:50:00",YABULU,161.820010
D,DISPATCH,UNIT_SCADA,1,"2019/09/04 21:50:00",YABULU2,0
D,DISPATCH,UNIT_SCADA,1,"2019/09/04 21:50:00",YARWUN_1,160.459990
D,DISPATCH,UNIT_SCADA,1,"2019/09/04 21:50:00",YENDWF1,-1.37
D,DISPATCH,UNIT_SCADA,1,"2019/09/04 21:50:00",YWPS1,380.200010
D,DISPATCH,UNIT_SCADA,1,"2019/09/04 21:50:00",YWPS2,281.701260
D,DISPATCH,UNIT_SCADA,1,"2019/09/04 21:50:00",YWPS3,0
D,DISPATCH,UNIT_SCADA,1,"2019/09/04 21:50:00",YWPS4,387.898740
C,"END OF REPORT",335
