C,NEMP.WORLD,DISPATCHSCADA,AEMO,PUBLIC,2019/09/05,20:20:18,0000000312435590,DISPATCHSCADA,0000000312435584
I,DISPATCH,UNIT_SCADA,1,SETTLEMENTDATE,DUID,SCADAVALUE
D,DISPATCH,UNIT_SCADA,1,"2019/09/05 20:25:00",BARCSF1,0.30
D,DISPATCH,UNIT_SCADA,1,"2019/09/05 20:25:00",BUTLERSG,10.199999
D,DISPATCH,UNIT_SCADA,1,"2019/09/05 20:25:00",CALL_A_4,0
D,DISPATCH,UNIT_SCADA,1,"2019/09/05 20:25:00",CAPTL_WF,27.716003
D,DISPATCH,UNIT_SCADA,1,"2019/09/05 20:25:00",CATHROCK,0
D,DISPATCH,UNIT_SCADA,1,"2019/09/05 20:25:00",CHALLHWF,4
D,DISPATCH,UNIT_SCADA,1,"2019/09/05 20:25:00",CLOVER,-0.03
D,DISPATCH,UNIT_SCADA,1,"2019/09/05 20:25:00",CLUNY,17.240101
D,DISPATCH,UNIT_SCADA,1,"2019/09/05 20:25:00",CNUNDAWF,3.103621
D,DISPATCH,UNIT_SCADA,1,"2019/09/05 20:25:00",CULLRGWF,12.51
D,DISPATCH,UNIT_SCADA,1,"2019/09/05 20:25:00",ERGT01,0
D,DISPATCH,UNIT_SCADA,1,"2019/09/05 20:25:00",GB01,0.018360
D,DISPATCH,UNIT_SCADA,1,"2019/09/05 20:25:00",GERMCRK,35.700001
D,DISPATCH,UNIT_SCADA,1,"2019/09/05 20:25:00",GRIFSF1,0
D,DISPATCH,UNIT_SCADA,1,"2019/09/05 20:25:00",HUGSF1,-0.1310
D,DISPATCH,UNIT_SCADA,1,"2019/09/05 20:25:00",LKBONNY1,7.859224
D,DISPATCH,UNIT_SCADA,1,"2019/09/05 20:25:00",LRSF1,-0.0010
D,DISPATCH,UNIT_SCADA,1,"2019/09/05 20:25:00",MBAHNTH,46.856247
D,DISPATCH,UNIT_SCADA,1,"2019/09/05 20:25:00",MLSP1,0
D,DISPATCH,UNIT_SCADA,1,"2019/09/05 20:25:00",MLWF1,0.0750
D,DISPATCH,UNIT_SCADA,1,"2019/09/05 20:25:00",MTMILLAR,30.196842
D,DISPATCH,UNIT_SCADA,1,"2019/09/05 20:25:00",PALOONA,25.599998
D,DISPATCH,UNIT_SCADA,1,"2019/09/05 20:25:00",PIONEER,47.299999
D,DISPATCH,UNIT_SCADA,1,"2019/09/05 20:25:00",PORTWF,41.400002
D,DISPATCH,UNIT_SCADA,1,"2019/09/05 20:25:00",REPULSE,33.196918
D,DISPATCH,UNIT_SCADA,1,"2019/09/05 20:25:00",ROWALLAN,10.3660
D,DISPATCH,UNIT_SCADA,1,"2019/09/05 20:25:00",ROYALLA1,0
D,DISPATCH,UNIT_SCADA,1,"2019/09/05 20:25:00",RPCG,10.60
D,DISPATCH,UNIT_SCADA,1,"2019/09/05 20:25:00",RUBICON,0
D,DISPATCH,UNIT_SCADA,1,"2019/09/05 20:25:00",SATGN1,0
D,DISPATCH,UNIT_SCADA,1,"2019/09/05 20:25:00",SATGS1,0
D,DISPATCH,UNIT_SCADA,1,"2019/09/05 20:25:00",STARHLWF,28.591663
D,DISPATCH,UNIT_SCADA,1,"2019/09/05 20:25:00",WAUBRAWF,59.7020
D,DISPATCH,UNIT_SCADA,1,"2019/09/05 20:25:00",WOOLNTH1,126.150017
D,DISPATCH,UNIT_SCADA,1,"2019/09/05 20:25:00",WPWF,33
D,DISPATCH,UNIT_SCADA,1,"2019/09/05 20:25:00",YAMBUKWF,3.80
D,DISPATCH,UNIT_SCADA,1,"2019/09/05 20:25:00",YSWF1,4.10
D,DISPATCH,UNIT_SCADA,1,"2019/09/05 20:25:00",AGLHAL,0
D,DISPATCH,UNIT_SCADA,1,"2019/09/05 20:25:00",AGLSOM,119.60
D,DISPATCH,UNIT_SCADA,1,"2019/09/05 20:25:00",ANGAST1,0
D,DISPATCH,UNIT_SCADA,1,"2019/09/05 20:25:00",ARWF1,15.60
D,DISPATCH,UNIT_SCADA,1,"2019/09/05 20:25:00",BALBG1,0
D,DISPATCH,UNIT_SCADA,1,"2019/09/05 20:25:00",BALBL1,9.66
D,DISPATCH,UNIT_SCADA,1,"2019/09/05 20:25:00",BALDHWF1,98.1310
D,DISPATCH,UNIT_SCADA,1,"2019/09/05 20:25:00",BANN1,0
D,DISPATCH,UNIT_SCADA,1,"2019/09/05 20:25:00",BARCALDN,0
D,DISPATCH,UNIT_SCADA,1,"2019/09/05 20:25:00",BARRON-1,33.72
D,DISPATCH,UNIT_SCADA,1,"2019/09/05 20:25:00",BARRON-2,0
D,DISPATCH,UNIT_SCADA,1,"2019/09/05 20:25:00",BASTYAN,80.63
D,DISPATCH,UNIT_SCADA,1,"2019/09/05 20:25:00",BBTHREE1,0
D,DISPATCH,UNIT_SCADA,1,"2019/09/05 20:25:00",BBTHREE2,0
D,DISPATCH,UNIT_SCADA,1,"2019/09/05 20:25:00",BBTHREE3,0
D,DISPATCH,UNIT_SCADA,1,"2019/09/05 20:25:00",BDL01,43.62
D,DISPATCH,UNIT_SCADA,1,"2019/09/05 20:25:00",BDL02,43.86
D,DISPATCH,UNIT_SCADA,1,"2019/09/05 20:25:00",BERYLSF1,0
D,DISPATCH,UNIT_SCADA,1,"2019/09/05 20:25:00",BLOWERNG,15.40
D,DISPATCH,UNIT_SCADA,1,"2019/09/05 20:25:00",BLUFF1,44.90
D,DISPATCH,UNIT_SCADA,1,"2019/09/05 20:25:00",BNGSF1,0
D,DISPATCH,UNIT_SCADA,1,"2019/09/05 20:25:00",BNGSF2,0
D,DISPATCH,UNIT_SCADA,1,"2019/09/05 20:25:00",BOCORWF1,5.73
D,DISPATCH,UNIT_SCADA,1,"2019/09/05 20:25:00",BODWF1,7.251250
D,DISPATCH,UNIT_SCADA,1,"2019/09/05 20:25:00",BRAEMAR1,0
D,DISPATCH,UNIT_SCADA,1,"2019/09/05 20:25:00",BRAEMAR2,11.80
D,DISPATCH,UNIT_SCADA,1,"2019/09/05 20:25:00",BRAEMAR3,173.200010
D,DISPATCH,UNIT_SCADA,1,"2019/09/05 20:25:00",BRAEMAR5,140.601230
D,DISPATCH,UNIT_SCADA,1,"2019/09/05 20:25:00",BRAEMAR6,0
D,DISPATCH,UNIT_SCADA,1,"2019/09/05 20:25:00",BRAEMAR7,0
D,DISPATCH,UNIT_SCADA,1,"2019/09/05 20:25:00",BROKENH1,0
D,DISPATCH,UNIT_SCADA,1,"2019/09/05 20:25:00",BW01,557.474980
D,DISPATCH,UNIT_SCADA,1,"2019/09/05 20:25:00",BW02,633.699950
D,DISPATCH,UNIT_SCADA,1,"2019/09/05 20:25:00",BW03,633.525020
D,DISPATCH,UNIT_SCADA,1,"2019/09/05 20:25:00",BW04,0
D,DISPATCH,UNIT_SCADA,1,"2019/09/05 20:25:00",CALL_B_1,347.100010
D,DISPATCH,UNIT_SCADA,1,"2019/09/05 20:25:00",CALL_B_2,300.300020
D,DISPATCH,UNIT_SCADA,1,"2019/09/05 20:25:00",CETHANA,97.106750
D,DISPATCH,UNIT_SCADA,1,"2019/09/05 20:25:00",CG1,0
D,DISPATCH,UNIT_SCADA,1,"2019/09/05 20:25:00",CG2,0
D,DISPATCH,UNIT_SCADA,1,"2019/09/05 20:25:00",CG3,0
D,DISPATCH,UNIT_SCADA,1,"2019/09/05 20:25:00",CG4,0
D,DISPATCH,UNIT_SCADA,1,"2019/09/05 20:25:00",CHILDSF1,0
D,DISPATCH,UNIT_SCADA,1,"2019/09/05 20:25:00",CLARESF1,0
D,DISPATCH,UNIT_SCADA,1,"2019/09/05 20:25:00",CLEMGPWF,32.343720
D,DISPATCH,UNIT_SCADA,1,"2019/09/05 20:25:00",CLERMSF1,0
D,DISPATCH,UNIT_SCADA,1,"2019/09/05 20:25:00",COLEASF1,0
D,DISPATCH,UNIT_SCADA,1,"2019/09/05 20:25:00",COOPGWF1,8.881750
D,DISPATCH,UNIT_SCADA,1,"2019/09/05 20:25:00",CPP_3,405.350010
D,DISPATCH,UNIT_SCADA,1,"2019/09/05 20:25:00",CPP_4,407.274990
D,DISPATCH,UNIT_SCADA,1,"2019/09/05 20:25:00",CPSA,142.0475
D,DISPATCH,UNIT_SCADA,1,"2019/09/05 20:25:00",CROOKWF2,25.583750
D,DISPATCH,UNIT_SCADA,1,"2019/09/05 20:25:00",CROWLWF1,21.675010
D,DISPATCH,UNIT_SCADA,1,"2019/09/05 20:25:00",CSPVPS1,0
D,DISPATCH,UNIT_SCADA,1,"2019/09/05 20:25:00",DALNTH01,0
D,DISPATCH,UNIT_SCADA,1,"2019/09/05 20:25:00",DALNTHL1,0.166320
D,DISPATCH,UNIT_SCADA,1,"2019/09/05 20:25:00",DARTM1,133.399990
D,DISPATCH,UNIT_SCADA,1,"2019/09/05 20:25:00",DAYDSF1,0
D,DISPATCH,UNIT_SCADA,1,"2019/09/05 20:25:00",DDPS1,613.5625
D,DISPATCH,UNIT_SCADA,1,"2019/09/05 20:25:00",DDSF1,0
D,DISPATCH,UNIT_SCADA,1,"2019/09/05 20:25:00",DEVILS_G,63.588370
D,DISPATCH,UNIT_SCADA,1,"2019/09/05 20:25:00",DG_NSW1,0
D,DISPATCH,UNIT_SCADA,1,"2019/09/05 20:25:00",DG_QLD1,0
D,DISPATCH,UNIT_SCADA,1,"2019/09/05 20:25:00",DG_SA1,0
D,DISPATCH,UNIT_SCADA,1,"2019/09/05 20:25:00",DG_TAS1,0
D,DISPATCH,UNIT_SCADA,1,"2019/09/05 20:25:00",DG_VIC1,0
D,DISPATCH,UNIT_SCADA,1,"2019/09/05 20:25:00",DRYCGT1,0
D,DISPATCH,UNIT_SCADA,1,"2019/09/05 20:25:00",DRYCGT2,0
D,DISPATCH,UNIT_SCADA,1,"2019/09/05 20:25:00",DRYCGT3,0
D,DISPATCH,UNIT_SCADA,1,"2019/09/05 20:25:00",EILDON1,0
D,DISPATCH,UNIT_SCADA,1,"2019/09/05 20:25:00",EILDON2,0
D,DISPATCH,UNIT_SCADA,1,"2019/09/05 20:25:00",EMERASF1,0
D,DISPATCH,UNIT_SCADA,1,"2019/09/05 20:25:00",ER01,574.324950
D,DISPATCH,UNIT_SCADA,1,"2019/09/05 20:25:00",ER02,682.449950
D,DISPATCH,UNIT_SCADA,1,"2019/09/05 20:25:00",ER03,0
D,DISPATCH,UNIT_SCADA,1,"2019/09/05 20:25:00",ER04,673.3750
D,DISPATCH,UNIT_SCADA,1,"2019/09/05 20:25:00",FINLYSF1,0
D,DISPATCH,UNIT_SCADA,1,"2019/09/05 20:25:00",FISHER,46.01
D,DISPATCH,UNIT_SCADA,1,"2019/09/05 20:25:00",GANNBG1,8.985150
D,DISPATCH,UNIT_SCADA,1,"2019/09/05 20:25:00",GANNBL1,0
D,DISPATCH,UNIT_SCADA,1,"2019/09/05 20:25:00",GANNSF1,0
D,DISPATCH,UNIT_SCADA,1,"2019/09/05 20:25:00",GORDON,22.185520
D,DISPATCH,UNIT_SCADA,1,"2019/09/05 20:25:00",GSTONE1,211.224990
D,DISPATCH,UNIT_SCADA,1,"2019/09/05 20:25:00",GSTONE2,205.274990
D,DISPATCH,UNIT_SCADA,1,"2019/09/05 20:25:00",GSTONE3,0
D,DISPATCH,UNIT_SCADA,1,"2019/09/05 20:25:00",GSTONE4,238.70
D,DISPATCH,UNIT_SCADA,1,"2019/09/05 20:25:00",GSTONE5,211.9250
D,DISPATCH,UNIT_SCADA,1,"2019/09/05 20:25:00",GSTONE6,211.224990
D,DISPATCH,UNIT_SCADA,1,"2019/09/05 20:25:00",GULLRSF1,0
D,DISPATCH,UNIT_SCADA,1,"2019/09/05 20:25:00",GULLRWF1,26.735870
D,DISPATCH,UNIT_SCADA,1,"2019/09/05 20:25:00",GUNNING1,18.494510
D,DISPATCH,UNIT_SCADA,1,"2019/09/05 20:25:00",GUTHEGA,30.90
D,DISPATCH,UNIT_SCADA,1,"2019/09/05 20:25:00",HALLWF1,89.69
D,DISPATCH,UNIT_SCADA,1,"2019/09/05 20:25:00",HALLWF2,58.02
D,DISPATCH,UNIT_SCADA,1,"2019/09/05 20:25:00",HAMISF1,0
D,DISPATCH,UNIT_SCADA,1,"2019/09/05 20:25:00",HAUGHT11,0
D,DISPATCH,UNIT_SCADA,1,"2019/09/05 20:25:00",HAYMSF1,0
D,DISPATCH,UNIT_SCADA,1,"2019/09/05 20:25:00",HDWF1,88.50
D,DISPATCH,UNIT_SCADA,1,"2019/09/05 20:25:00",HDWF2,81.70
D,DISPATCH,UNIT_SCADA,1,"2019/09/05 20:25:00",HDWF3,88.90
D,DISPATCH,UNIT_SCADA,1,"2019/09/05 20:25:00",HPRG1,10.20
D,DISPATCH,UNIT_SCADA,1,"2019/09/05 20:25:00",HPRL1,0
D,DISPATCH,UNIT_SCADA,1,"2019/09/05 20:25:00",HUMENSW,0
D,DISPATCH,UNIT_SCADA,1,"2019/09/05 20:25:00",HUMEV,24.50
D,DISPATCH,UNIT_SCADA,1,"2019/09/05 20:25:00",HVGTS,0
D,DISPATCH,UNIT_SCADA,1,"2019/09/05 20:25:00",JBUTTERS,22.29
D,DISPATCH,UNIT_SCADA,1,"2019/09/05 20:25:00",JLA01,0.10
D,DISPATCH,UNIT_SCADA,1,"2019/09/05 20:25:00",JLA02,0
D,DISPATCH,UNIT_SCADA,1,"2019/09/05 20:25:00",JLA03,0
D,DISPATCH,UNIT_SCADA,1,"2019/09/05 20:25:00",JLA04,0
D,DISPATCH,UNIT_SCADA,1,"2019/09/05 20:25:00",JLB01,0
D,DISPATCH,UNIT_SCADA,1,"2019/09/05 20:25:00",JLB02,84.30
D,DISPATCH,UNIT_SCADA,1,"2019/09/05 20:25:00",JLB03,83.90
D,DISPATCH,UNIT_SCADA,1,"2019/09/05 20:25:00",KAREEYA1,21.4975
D,DISPATCH,UNIT_SCADA,1,"2019/09/05 20:25:00",KAREEYA2,21.73
D,DISPATCH,UNIT_SCADA,1,"2019/09/05 20:25:00",KAREEYA3,0
D,DISPATCH,UNIT_SCADA,1,"2019/09/05 20:25:00",KAREEYA4,21.5425
D,DISPATCH,UNIT_SCADA,1,"2019/09/05 20:25:00",KARSF1,0
D,DISPATCH,UNIT_SCADA,1,"2019/09/05 20:25:00",KIATAWF1,28.20
D,DISPATCH,UNIT_SCADA,1,"2019/09/05 20:25:00",KPP_1,0
D,DISPATCH,UNIT_SCADA,1,"2019/09/05 20:25:00",KSP1,0
D,DISPATCH,UNIT_SCADA,1,"2019/09/05 20:25:00",LADBROK1,41.78
D,DISPATCH,UNIT_SCADA,1,"2019/09/05 20:25:00",LADBROK2,42.46
D,DISPATCH,UNIT_SCADA,1,"2019/09/05 20:25:00",LD01,419.1188
D,DISPATCH,UNIT_SCADA,1,"2019/09/05 20:25:00",LD02,396.693790
D,DISPATCH,UNIT_SCADA,1,"2019/09/05 20:25:00",LD03,421.162540
D,DISPATCH,UNIT_SCADA,1,"2019/09/05 20:25:00",LD04,381.168730
D,DISPATCH,UNIT_SCADA,1,"2019/09/05 20:25:00",LEM_WIL,85.084850
D,DISPATCH,UNIT_SCADA,1,"2019/09/05 20:25:00",LGAPWF1,16.08
D,DISPATCH,UNIT_SCADA,1,"2019/09/05 20:25:00",LILYSF1,0
D,DISPATCH,UNIT_SCADA,1,"2019/09/05 20:25:00",LI_WY_CA,136.012470
D,DISPATCH,UNIT_SCADA,1,"2019/09/05 20:25:00",LKBONNY2,8.528780
D,DISPATCH,UNIT_SCADA,1,"2019/09/05 20:25:00",LKBONNY3,5.414740
D,DISPATCH,UNIT_SCADA,1,"2019/09/05 20:25:00",LK_ECHO,0
D,DISPATCH,UNIT_SCADA,1,"2019/09/05 20:25:00",LNGS1,0
D,DISPATCH,UNIT_SCADA,1,"2019/09/05 20:25:00",LNGS2,0
D,DISPATCH,UNIT_SCADA,1,"2019/09/05 20:25:00",LONSDALE,0
D,DISPATCH,UNIT_SCADA,1,"2019/09/05 20:25:00",LOYYB1,536.840520
D,DISPATCH,UNIT_SCADA,1,"2019/09/05 20:25:00",LOYYB2,584.210140
D,DISPATCH,UNIT_SCADA,1,"2019/09/05 20:25:00",LYA1,0
D,DISPATCH,UNIT_SCADA,1,"2019/09/05 20:25:00",LYA2,0
D,DISPATCH,UNIT_SCADA,1,"2019/09/05 20:25:00",LYA3,559
D,DISPATCH,UNIT_SCADA,1,"2019/09/05 20:25:00",LYA4,540
D,DISPATCH,UNIT_SCADA,1,"2019/09/05 20:25:00",MACARTH1,0
D,DISPATCH,UNIT_SCADA,1,"2019/09/05 20:25:00",MACKAYGT,0.2240
D,DISPATCH,UNIT_SCADA,1,"2019/09/05 20:25:00",MACKNTSH,88.640010
D,DISPATCH,UNIT_SCADA,1,"2019/09/05 20:25:00",MANSLR1,0
D,DISPATCH,UNIT_SCADA,1,"2019/09/05 20:25:00",MCKAY1,0.0750
D,DISPATCH,UNIT_SCADA,1,"2019/09/05 20:25:00",MEADOWBK,33.953040
D,DISPATCH,UNIT_SCADA,1,"2019/09/05 20:25:00",MERCER01,78.6840
D,DISPATCH,UNIT_SCADA,1,"2019/09/05 20:25:00",MEWF1,21.592060
D,DISPATCH,UNIT_SCADA,1,"2019/09/05 20:25:00",MINTARO,0
D,DISPATCH,UNIT_SCADA,1,"2019/09/05 20:25:00",MOREESF1,0
D,DISPATCH,UNIT_SCADA,1,"2019/09/05 20:25:00",MORTLK11,259
D,DISPATCH,UNIT_SCADA,1,"2019/09/05 20:25:00",MORTLK12,0
D,DISPATCH,UNIT_SCADA,1,"2019/09/05 20:25:00",MP1,220.250060
D,DISPATCH,UNIT_SCADA,1,"2019/09/05 20:25:00",MP2,0
D,DISPATCH,UNIT_SCADA,1,"2019/09/05 20:25:00",MPP_1,400.75
D,DISPATCH,UNIT_SCADA,1,"2019/09/05 20:25:00",MPP_2,436
D,DISPATCH,UNIT_SCADA,1,"2019/09/05 20:25:00",MSTUART1,0
D,DISPATCH,UNIT_SCADA,1,"2019/09/05 20:25:00",MSTUART2,0
D,DISPATCH,UNIT_SCADA,1,"2019/09/05 20:25:00",MSTUART3,0
D,DISPATCH,UNIT_SCADA,1,"2019/09/05 20:25:00",MTGELWF1,14.203310
D,DISPATCH,UNIT_SCADA,1,"2019/09/05 20:25:00",MURRAY,0
D,DISPATCH,UNIT_SCADA,1,"2019/09/05 20:25:00",MUSSELR1,40.30
D,DISPATCH,UNIT_SCADA,1,"2019/09/05 20:25:00",MUWAWF1,34.34
D,DISPATCH,UNIT_SCADA,1,"2019/09/05 20:25:00",NBHWF1,106.70
D,DISPATCH,UNIT_SCADA,1,"2019/09/05 20:25:00",NPS,510.75
D,DISPATCH,UNIT_SCADA,1,"2019/09/05 20:25:00",NUMURSF1,0
D,DISPATCH,UNIT_SCADA,1,"2019/09/05 20:25:00",NYNGAN1,0
D,DISPATCH,UNIT_SCADA,1,"2019/09/05 20:25:00",OAKEY1,0
D,DISPATCH,UNIT_SCADA,1,"2019/09/05 20:25:00",OAKEY1SF,0
D,DISPATCH,UNIT_SCADA,1,"2019/09/05 20:25:00",OAKEY2,0
D,DISPATCH,UNIT_SCADA,1,"2019/09/05 20:25:00",OAKEY2SF,0
D,DISPATCH,UNIT_SCADA,1,"2019/09/05 20:25:00",OAKLAND1,-0.30
D,DISPATCH,UNIT_SCADA,1,"2019/09/05 20:25:00",OSB-AG,180.67
D,DISPATCH,UNIT_SCADA,1,"2019/09/05 20:25:00",PARSF1,0
D,DISPATCH,UNIT_SCADA,1,"2019/09/05 20:25:00",POAT110,0
D,DISPATCH,UNIT_SCADA,1,"2019/09/05 20:25:00",POAT220,2.05
D,DISPATCH,UNIT_SCADA,1,"2019/09/05 20:25:00",POR01,0
D,DISPATCH,UNIT_SCADA,1,"2019/09/05 20:25:00",POR03,0
D,DISPATCH,UNIT_SCADA,1,"2019/09/05 20:25:00",PPCCGT,482.260380
D,DISPATCH,UNIT_SCADA,1,"2019/09/05 20:25:00",PTSTAN1,0
D,DISPATCH,UNIT_SCADA,1,"2019/09/05 20:25:00",PUMP1,0
D,DISPATCH,UNIT_SCADA,1,"2019/09/05 20:25:00",PUMP2,0
D,DISPATCH,UNIT_SCADA,1,"2019/09/05 20:25:00",QPS1,29
D,DISPATCH,UNIT_SCADA,1,"2019/09/05 20:25:00",QPS2,0
D,DISPATCH,UNIT_SCADA,1,"2019/09/05 20:25:00",QPS3,0
D,DISPATCH,UNIT_SCADA,1,"2019/09/05 20:25:00",QPS4,0
D,DISPATCH,UNIT_SCADA,1,"2019/09/05 20:25:00",QPS5,119.31
D,DISPATCH,UNIT_SCADA,1,"2019/09/05 20:25:00",REECE1,116.900010
D,DISPATCH,UNIT_SCADA,1,"2019/09/05 20:25:00",REECE2,117.150010
D,DISPATCH,UNIT_SCADA,1,"2019/09/05 20:25:00",ROMA_7,0
D,DISPATCH,UNIT_SCADA,1,"2019/09/05 20:25:00",ROMA_8,0
D,DISPATCH,UNIT_SCADA,1,"2019/09/05 20:25:00",RRSF1,0
D,DISPATCH,UNIT_SCADA,1,"2019/09/05 20:25:00",RT_NSW1,0
D,DISPATCH,UNIT_SCADA,1,"2019/09/05 20:25:00",RT_NSW2,0
D,DISPATCH,UNIT_SCADA,1,"2019/09/05 20:25:00",RT_NSW3,0
D,DISPATCH,UNIT_SCADA,1,"2019/09/05 20:25:00",RT_NSW4,0
D,DISPATCH,UNIT_SCADA,1,"2019/09/05 20:25:00",RT_NSW5,0
D,DISPATCH,UNIT_SCADA,1,"2019/09/05 20:25:00",RT_NSW6,0
D,DISPATCH,UNIT_SCADA,1,"2019/09/05 20:25:00",RT_QLD1,0
D,DISPATCH,UNIT_SCADA,1,"2019/09/05 20:25:00",RT_SA1,0
D,DISPATCH,UNIT_SCADA,1,"2019/09/05 20:25:00",RT_SA2,0
D,DISPATCH,UNIT_SCADA,1,"2019/09/05 20:25:00",RT_SA3,0
D,DISPATCH,UNIT_SCADA,1,"2019/09/05 20:25:00",RT_SA4,0
D,DISPATCH,UNIT_SCADA,1,"2019/09/05 20:25:00",RT_SA5,0
D,DISPATCH,UNIT_SCADA,1,"2019/09/05 20:25:00",RT_SA6,0
D,DISPATCH,UNIT_SCADA,1,"2019/09/05 20:25:00",RT_TAS1,0
D,DISPATCH,UNIT_SCADA,1,"2019/09/05 20:25:00",RT_VIC1,0
D,DISPATCH,UNIT_SCADA,1,"2019/09/05 20:25:00",RT_VIC10,0
D,DISPATCH,UNIT_SCADA,1,"2019/09/05 20:25:00",RT_VIC11,0
D,DISPATCH,UNIT_SCADA,1,"2019/09/05 20:25:00",RT_VIC12,0
D,DISPATCH,UNIT_SCADA,1,"2019/09/05 20:25:00",RT_VIC2,0
D,DISPATCH,UNIT_SCADA,1,"2019/09/05 20:25:00",RT_VIC3,0
D,DISPATCH,UNIT_SCADA,1,"2019/09/05 20:25:00",RT_VIC4,0
D,DISPATCH,UNIT_SCADA,1,"2019/09/05 20:25:00",RT_VIC5,0
D,DISPATCH,UNIT_SCADA,1,"2019/09/05 20:25:00",RT_VIC6,0
D,DISPATCH,UNIT_SCADA,1,"2019/09/05 20:25:00",RT_VIC7,0
D,DISPATCH,UNIT_SCADA,1,"2019/09/05 20:25:00",RT_VIC8,0
D,DISPATCH,UNIT_SCADA,1,"2019/09/05 20:25:00",RT_VIC9,0
D,DISPATCH,UNIT_SCADA,1,"2019/09/05 20:25:00",RUGBYR1,0
D,DISPATCH,UNIT_SCADA,1,"2019/09/05 20:25:00",SALTCRK1,3.49
D,DISPATCH,UNIT_SCADA,1,"2019/09/05 20:25:00",SAPHWF1,48.628110
D,DISPATCH,UNIT_SCADA,1,"2019/09/05 20:25:00",SHGEN,159.831130
D,DISPATCH,UNIT_SCADA,1,"2019/09/05 20:25:00",SHPUMP,0
D,DISPATCH,UNIT_SCADA,1,"2019/09/05 20:25:00",SITHE01,0.254330
D,DISPATCH,UNIT_SCADA,1,"2019/09/05 20:25:00",SMCSF1,0
D,DISPATCH,UNIT_SCADA,1,"2019/09/05 20:25:00",SNOWNTH1,89.90
D,DISPATCH,UNIT_SCADA,1,"2019/09/05 20:25:00",SNOWSTH1,85.70
D,DISPATCH,UNIT_SCADA,1,"2019/09/05 20:25:00",SNOWTWN1,71.8157
D,DISPATCH,UNIT_SCADA,1,"2019/09/05 20:25:00",SNOWYP,0
D,DISPATCH,UNIT_SCADA,1,"2019/09/05 20:25:00",SNUG1,0.019440
D,DISPATCH,UNIT_SCADA,1,"2019/09/05 20:25:00",SRSF1,0.22
D,DISPATCH,UNIT_SCADA,1,"2019/09/05 20:25:00",STAN-1,256.150910
D,DISPATCH,UNIT_SCADA,1,"2019/09/05 20:25:00",STAN-2,357.449980
D,DISPATCH,UNIT_SCADA,1,"2019/09/05 20:25:00",STAN-3,365.832820
D,DISPATCH,UNIT_SCADA,1,"2019/09/05 20:25:00",STAN-4,365.704650
D,DISPATCH,UNIT_SCADA,1,"2019/09/05 20:25:00",STWF1,0
D,DISPATCH,UNIT_SCADA,1,"2019/09/05 20:25:00",SWAN_E,0
D,DISPATCH,UNIT_SCADA,1,"2019/09/05 20:25:00",TALWA1,415
D,DISPATCH,UNIT_SCADA,1,"2019/09/05 20:25:00",TARALGA1,14.823750
D,DISPATCH,UNIT_SCADA,1,"2019/09/05 20:25:00",TARONG#1,349.50
D,DISPATCH,UNIT_SCADA,1,"2019/09/05 20:25:00",TARONG#2,0
D,DISPATCH,UNIT_SCADA,1,"2019/09/05 20:25:00",TARONG#3,349.50
D,DISPATCH,UNIT_SCADA,1,"2019/09/05 20:25:00",TARONG#4,348.700010
D,DISPATCH,UNIT_SCADA,1,"2019/09/05 20:25:00",TARRALEA,74.10
D,DISPATCH,UNIT_SCADA,1,"2019/09/05 20:25:00",TBSF1,-0.20
D,DISPATCH,UNIT_SCADA,1,"2019/09/05 20:25:00",TNPS1,397.600010
D,DISPATCH,UNIT_SCADA,1,"2019/09/05 20:25:00",TORRA1,59.023710
D,DISPATCH,UNIT_SCADA,1,"2019/09/05 20:25:00",TORRA2,0
D,DISPATCH,UNIT_SCADA,1,"2019/09/05 20:25:00",TORRA3,0
D,DISPATCH,UNIT_SCADA,1,"2019/09/05 20:25:00",TORRA4,64.200240
D,DISPATCH,UNIT_SCADA,1,"2019/09/05 20:25:00",TORRB1,85.83
D,DISPATCH,UNIT_SCADA,1,"2019/09/05 20:25:00",TORRB2,86.24
D,DISPATCH,UNIT_SCADA,1,"2019/09/05 20:25:00",TORRB3,86.22
D,DISPATCH,UNIT_SCADA,1,"2019/09/05 20:25:00",TORRB4,0
D,DISPATCH,UNIT_SCADA,1,"2019/09/05 20:25:00",TREVALLN,89.890030
D,DISPATCH,UNIT_SCADA,1,"2019/09/05 20:25:00",TRIBUTE,0
D,DISPATCH,UNIT_SCADA,1,"2019/09/05 20:25:00",TUMUT3,171.100010
D,DISPATCH,UNIT_SCADA,1,"2019/09/05 20:25:00",TUNGATIN,89.480030
D,DISPATCH,UNIT_SCADA,1,"2019/09/05 20:25:00",TVCC201,0
D,DISPATCH,UNIT_SCADA,1,"2019/09/05 20:25:00",TVPP104,0
D,DISPATCH,UNIT_SCADA,1,"2019/09/05 20:25:00",UPPTUMUT,574.603270
D,DISPATCH,UNIT_SCADA,1,"2019/09/05 20:25:00",URANQ11,0
D,DISPATCH,UNIT_SCADA,1,"2019/09/05 20:25:00",URANQ12,0
D,DISPATCH,UNIT_SCADA,1,"2019/09/05 20:25:00",URANQ13,0
D,DISPATCH,UNIT_SCADA,1,"2019/09/05 20:25:00",URANQ14,0
D,DISPATCH,UNIT_SCADA,1,"2019/09/05 20:25:00",VP5,415.1250
D,DISPATCH,UNIT_SCADA,1,"2019/09/05 20:25:00",VP6,0
D,DISPATCH,UNIT_SCADA,1,"2019/09/05 20:25:00",VPGS1,0
D,DISPATCH,UNIT_SCADA,1,"2019/09/05 20:25:00",VPGS2,0
D,DISPATCH,UNIT_SCADA,1,"2019/09/05 20:25:00",VPGS3,0
D,DISPATCH,UNIT_SCADA,1,"2019/09/05 20:25:00",VPGS4,0
D,DISPATCH,UNIT_SCADA,1,"2019/09/05 20:25:00",VPGS5,0
D,DISPATCH,UNIT_SCADA,1,"2019/09/05 20:25:00",VPGS6,0
D,DISPATCH,UNIT_SCADA,1,"2019/09/05 20:25:00",W/HOE#1,0
D,DISPATCH,UNIT_SCADA,1,"2019/09/05 20:25:00",W/HOE#2,0
D,DISPATCH,UNIT_SCADA,1,"2019/09/05 20:25:00",WATERLWF,113.90
D,DISPATCH,UNIT_SCADA,1,"2019/09/05 20:25:00",WEMENSF1,0
D,DISPATCH,UNIT_SCADA,1,"2019/09/05 20:25:00",WGWF1,66.80
D,DISPATCH,UNIT_SCADA,1,"2019/09/05 20:25:00",WHITSF1,0
D,DISPATCH,UNIT_SCADA,1,"2019/09/05 20:25:00",WKIEWA1,16.10
D,DISPATCH,UNIT_SCADA,1,"2019/09/05 20:25:00",WKIEWA2,16
D,DISPATCH,UNIT_SCADA,1,"2019/09/05 20:25:00",WOODLWN1,5.606990
D,DISPATCH,UNIT_SCADA,1,"2019/09/05 20:25:00",WRSF1,0
D,DISPATCH,UNIT_SCADA,1,"2019/09/05 20:25:00",WRWF1,36.152510
D,DISPATCH,UNIT_SCADA,1,"2019/09/05 20:25:00",YABULU,160.290010
D,DISPATCH,UNIT_SCADA,1,"2019/09/05 20:25:00",YABULU2,0
D,DISPATCH,UNIT_SCADA,1,"2019/09/05 20:25:00",YARWUN_1,163.179990
D,DISPATCH,UNIT_SCADA,1,"2019/09/05 20:25:00",YENDWF1,42.06
D,DISPATCH,UNIT_SCADA,1,"2019/09/05 20:25:00",YWPS1,379.448090
D,DISPATCH,UNIT_SCADA,1,"2019/09/05 20:25:00",YWPS2,281.9519
D,DISPATCH,UNIT_SCADA,1,"2019/09/05 20:25:00",YWPS3,329.749360
D,DISPATCH,UNIT_SCADA,1,"2019/09/05 20:25:00",YWPS4,397.496220
C,"END OF REPORT",335
