C,NEMP.WORLD,DISPATCHSCADA,AEMO,PUBLIC,2019/08/21,19:50:07,0000000311838893,DISPATCHSCADA,0000000311838887
I,DISPATCH,UNIT_SCADA,1,SETTLEMENTDATE,DUID,SCADAVALUE
D,DISPATCH,UNIT_SCADA,1,"2019/08/21 19:55:00",BARCSF1,0.70
D,DISPATCH,UNIT_SCADA,1,"2019/08/21 19:55:00",BUTLERSG,9.599998
D,DISPATCH,UNIT_SCADA,1,"2019/08/21 19:55:00",CALL_A_4,0
D,DISPATCH,UNIT_SCADA,1,"2019/08/21 19:55:00",CAPTL_WF,121.307999
D,DISPATCH,UNIT_SCADA,1,"2019/08/21 19:55:00",CATHROCK,26.919998
D,DISPATCH,UNIT_SCADA,1,"2019/08/21 19:55:00",CHALLHWF,42.400002
D,DISPATCH,UNIT_SCADA,1,"2019/08/21 19:55:00",CLOVER,-0.01
D,DISPATCH,UNIT_SCADA,1,"2019/08/21 19:55:00",CLUNY,20.135958
D,DISPATCH,UNIT_SCADA,1,"2019/08/21 19:55:00",CNUNDAWF,41.248116
D,DISPATCH,UNIT_SCADA,1,"2019/08/21 19:55:00",CULLRGWF,30.559999
D,DISPATCH,UNIT_SCADA,1,"2019/08/21 19:55:00",ERGT01,0
D,DISPATCH,UNIT_SCADA,1,"2019/08/21 19:55:00",GB01,0.069134
D,DISPATCH,UNIT_SCADA,1,"2019/08/21 19:55:00",GERMCRK,34.799999
D,DISPATCH,UNIT_SCADA,1,"2019/08/21 19:55:00",GRIFSF1,0
D,DISPATCH,UNIT_SCADA,1,"2019/08/21 19:55:00",HUGSF1,-0.2430
D,DISPATCH,UNIT_SCADA,1,"2019/08/21 19:55:00",LKBONNY1,68.143044
D,DISPATCH,UNIT_SCADA,1,"2019/08/21 19:55:00",LRSF1,0.0390
D,DISPATCH,UNIT_SCADA,1,"2019/08/21 19:55:00",MBAHNTH,55.856247
D,DISPATCH,UNIT_SCADA,1,"2019/08/21 19:55:00",MLSP1,0.271001
D,DISPATCH,UNIT_SCADA,1,"2019/08/21 19:55:00",MLWF1,18.255001
D,DISPATCH,UNIT_SCADA,1,"2019/08/21 19:55:00",MTMILLAR,15.448163
D,DISPATCH,UNIT_SCADA,1,"2019/08/21 19:55:00",PALOONA,23.74
D,DISPATCH,UNIT_SCADA,1,"2019/08/21 19:55:00",PIONEER,27.200001
D,DISPATCH,UNIT_SCADA,1,"2019/08/21 19:55:00",PORTWF,141.300003
D,DISPATCH,UNIT_SCADA,1,"2019/08/21 19:55:00",REPULSE,28.974442
D,DISPATCH,UNIT_SCADA,1,"2019/08/21 19:55:00",ROWALLAN,10.2098
D,DISPATCH,UNIT_SCADA,1,"2019/08/21 19:55:00",ROYALLA1,0
D,DISPATCH,UNIT_SCADA,1,"2019/08/21 19:55:00",RPCG,12
D,DISPATCH,UNIT_SCADA,1,"2019/08/21 19:55:00",RUBICON,0
D,DISPATCH,UNIT_SCADA,1,"2019/08/21 19:55:00",SATGN1,0
D,DISPATCH,UNIT_SCADA,1,"2019/08/21 19:55:00",SATGS1,0
D,DISPATCH,UNIT_SCADA,1,"2019/08/21 19:55:00",STARHLWF,20.294083
D,DISPATCH,UNIT_SCADA,1,"2019/08/21 19:55:00",WAUBRAWF,180.033005
D,DISPATCH,UNIT_SCADA,1,"2019/08/21 19:55:00",WOOLNTH1,128.030014
D,DISPATCH,UNIT_SCADA,1,"2019/08/21 19:55:00",WPWF,63
D,DISPATCH,UNIT_SCADA,1,"2019/08/21 19:55:00",YAMBUKWF,29.40
D,DISPATCH,UNIT_SCADA,1,"2019/08/21 19:55:00",YSWF1,28.700001
D,DISPATCH,UNIT_SCADA,1,"2019/08/21 19:55:00",AGLHAL,0
D,DISPATCH,UNIT_SCADA,1,"2019/08/21 19:55:00",AGLSOM,0
D,DISPATCH,UNIT_SCADA,1,"2019/08/21 19:55:00",ANGAST1,0
D,DISPATCH,UNIT_SCADA,1,"2019/08/21 19:55:00",ARWF1,153.899990
D,DISPATCH,UNIT_SCADA,1,"2019/08/21 19:55:00",BALBG1,0
D,DISPATCH,UNIT_SCADA,1,"2019/08/21 19:55:00",BALBL1,0
D,DISPATCH,UNIT_SCADA,1,"2019/08/21 19:55:00",BALDHWF1,101.3880
D,DISPATCH,UNIT_SCADA,1,"2019/08/21 19:55:00",BANN1,0
D,DISPATCH,UNIT_SCADA,1,"2019/08/21 19:55:00",BARCALDN,0
D,DISPATCH,UNIT_SCADA,1,"2019/08/21 19:55:00",BARRON-1,0
D,DISPATCH,UNIT_SCADA,1,"2019/08/21 19:55:00",BARRON-2,28.88
D,DISPATCH,UNIT_SCADA,1,"2019/08/21 19:55:00",BASTYAN,78.76
D,DISPATCH,UNIT_SCADA,1,"2019/08/21 19:55:00",BBTHREE1,-2.02
D,DISPATCH,UNIT_SCADA,1,"2019/08/21 19:55:00",BBTHREE2,-2.05
D,DISPATCH,UNIT_SCADA,1,"2019/08/21 19:55:00",BBTHREE3,-1.14
D,DISPATCH,UNIT_SCADA,1,"2019/08/21 19:55:00",BDL01,-0.12
D,DISPATCH,UNIT_SCADA,1,"2019/08/21 19:55:00",BDL02,0
D,DISPATCH,UNIT_SCADA,1,"2019/08/21 19:55:00",BERYLSF1,0
D,DISPATCH,UNIT_SCADA,1,"2019/08/21 19:55:00",BLOWERNG,0
D,DISPATCH,UNIT_SCADA,1,"2019/08/21 19:55:00",BLUFF1,20.80
D,DISPATCH,UNIT_SCADA,1,"2019/08/21 19:55:00",BNGSF1,0
D,DISPATCH,UNIT_SCADA,1,"2019/08/21 19:55:00",BNGSF2,0
D,DISPATCH,UNIT_SCADA,1,"2019/08/21 19:55:00",BOCORWF1,109.61
D,DISPATCH,UNIT_SCADA,1,"2019/08/21 19:55:00",BODWF1,61.902470
D,DISPATCH,UNIT_SCADA,1,"2019/08/21 19:55:00",BRAEMAR1,0
D,DISPATCH,UNIT_SCADA,1,"2019/08/21 19:55:00",BRAEMAR2,109.80
D,DISPATCH,UNIT_SCADA,1,"2019/08/21 19:55:00",BRAEMAR3,0
D,DISPATCH,UNIT_SCADA,1,"2019/08/21 19:55:00",BRAEMAR5,0
D,DISPATCH,UNIT_SCADA,1,"2019/08/21 19:55:00",BRAEMAR6,0
D,DISPATCH,UNIT_SCADA,1,"2019/08/21 19:55:00",BRAEMAR7,0
D,DISPATCH,UNIT_SCADA,1,"2019/08/21 19:55:00",BROKENH1,0
D,DISPATCH,UNIT_SCADA,1,"2019/08/21 19:55:00",BW01,656.700070
D,DISPATCH,UNIT_SCADA,1,"2019/08/21 19:55:00",BW02,658.650020
D,DISPATCH,UNIT_SCADA,1,"2019/08/21 19:55:00",BW03,664.900020
D,DISPATCH,UNIT_SCADA,1,"2019/08/21 19:55:00",BW04,0
D,DISPATCH,UNIT_SCADA,1,"2019/08/21 19:55:00",CALL_B_1,350.399990
D,DISPATCH,UNIT_SCADA,1,"2019/08/21 19:55:00",CALL_B_2,349.600010
D,DISPATCH,UNIT_SCADA,1,"2019/08/21 19:55:00",CETHANA,99.202380
D,DISPATCH,UNIT_SCADA,1,"2019/08/21 19:55:00",CG1,0
D,DISPATCH,UNIT_SCADA,1,"2019/08/21 19:55:00",CG2,0
D,DISPATCH,UNIT_SCADA,1,"2019/08/21 19:55:00",CG3,0
D,DISPATCH,UNIT_SCADA,1,"2019/08/21 19:55:00",CG4,0
D,DISPATCH,UNIT_SCADA,1,"2019/08/21 19:55:00",CHILDSF1,0.01
D,DISPATCH,UNIT_SCADA,1,"2019/08/21 19:55:00",CLARESF1,0
D,DISPATCH,UNIT_SCADA,1,"2019/08/21 19:55:00",CLEMGPWF,25.212260
D,DISPATCH,UNIT_SCADA,1,"2019/08/21 19:55:00",CLERMSF1,0
D,DISPATCH,UNIT_SCADA,1,"2019/08/21 19:55:00",COLEASF1,0
D,DISPATCH,UNIT_SCADA,1,"2019/08/21 19:55:00",COOPGWF1,31.072070
D,DISPATCH,UNIT_SCADA,1,"2019/08/21 19:55:00",CPP_3,405.899990
D,DISPATCH,UNIT_SCADA,1,"2019/08/21 19:55:00",CPP_4,405.6250
D,DISPATCH,UNIT_SCADA,1,"2019/08/21 19:55:00",CPSA,142.383130
D,DISPATCH,UNIT_SCADA,1,"2019/08/21 19:55:00",CROOKWF2,92.043750
D,DISPATCH,UNIT_SCADA,1,"2019/08/21 19:55:00",CROWLWF1,43.241470
D,DISPATCH,UNIT_SCADA,1,"2019/08/21 19:55:00",CSPVPS1,0.0430
D,DISPATCH,UNIT_SCADA,1,"2019/08/21 19:55:00",DALNTH01,0
D,DISPATCH,UNIT_SCADA,1,"2019/08/21 19:55:00",DALNTHL1,0.102240
D,DISPATCH,UNIT_SCADA,1,"2019/08/21 19:55:00",DARTM1,134.600010
D,DISPATCH,UNIT_SCADA,1,"2019/08/21 19:55:00",DAYDSF1,0
D,DISPATCH,UNIT_SCADA,1,"2019/08/21 19:55:00",DDPS1,619.850950
D,DISPATCH,UNIT_SCADA,1,"2019/08/21 19:55:00",DDSF1,0
D,DISPATCH,UNIT_SCADA,1,"2019/08/21 19:55:00",DEVILS_G,0
D,DISPATCH,UNIT_SCADA,1,"2019/08/21 19:55:00",DG_NSW1,0
D,DISPATCH,UNIT_SCADA,1,"2019/08/21 19:55:00",DG_QLD1,0
D,DISPATCH,UNIT_SCADA,1,"2019/08/21 19:55:00",DG_SA1,0
D,DISPATCH,UNIT_SCADA,1,"2019/08/21 19:55:00",DG_TAS1,0
D,DISPATCH,UNIT_SCADA,1,"2019/08/21 19:55:00",DG_VIC1,0
D,DISPATCH,UNIT_SCADA,1,"2019/08/21 19:55:00",DRYCGT1,0
D,DISPATCH,UNIT_SCADA,1,"2019/08/21 19:55:00",DRYCGT2,0
D,DISPATCH,UNIT_SCADA,1,"2019/08/21 19:55:00",DRYCGT3,0
D,DISPATCH,UNIT_SCADA,1,"2019/08/21 19:55:00",EILDON1,0
D,DISPATCH,UNIT_SCADA,1,"2019/08/21 19:55:00",EILDON2,0
D,DISPATCH,UNIT_SCADA,1,"2019/08/21 19:55:00",EMERASF1,0
D,DISPATCH,UNIT_SCADA,1,"2019/08/21 19:55:00",ER01,587.6001
D,DISPATCH,UNIT_SCADA,1,"2019/08/21 19:55:00",ER02,612.150020
D,DISPATCH,UNIT_SCADA,1,"2019/08/21 19:55:00",ER03,699.675050
D,DISPATCH,UNIT_SCADA,1,"2019/08/21 19:55:00",ER04,692.650020
D,DISPATCH,UNIT_SCADA,1,"2019/08/21 19:55:00",FINLYSF1,0
D,DISPATCH,UNIT_SCADA,1,"2019/08/21 19:55:00",FISHER,45.92
D,DISPATCH,UNIT_SCADA,1,"2019/08/21 19:55:00",GANNBG1,7.859460
D,DISPATCH,UNIT_SCADA,1,"2019/08/21 19:55:00",GANNBL1,0
D,DISPATCH,UNIT_SCADA,1,"2019/08/21 19:55:00",GANNSF1,0
D,DISPATCH,UNIT_SCADA,1,"2019/08/21 19:55:00",GORDON,16.082080
D,DISPATCH,UNIT_SCADA,1,"2019/08/21 19:55:00",GSTONE1,224.349990
D,DISPATCH,UNIT_SCADA,1,"2019/08/21 19:55:00",GSTONE2,220.149990
D,DISPATCH,UNIT_SCADA,1,"2019/08/21 19:55:00",GSTONE3,223.649990
D,DISPATCH,UNIT_SCADA,1,"2019/08/21 19:55:00",GSTONE4,224.349990
D,DISPATCH,UNIT_SCADA,1,"2019/08/21 19:55:00",GSTONE5,224.70
D,DISPATCH,UNIT_SCADA,1,"2019/08/21 19:55:00",GSTONE6,0
D,DISPATCH,UNIT_SCADA,1,"2019/08/21 19:55:00",GULLRSF1,0
D,DISPATCH,UNIT_SCADA,1,"2019/08/21 19:55:00",GULLRWF1,159.401250
D,DISPATCH,UNIT_SCADA,1,"2019/08/21 19:55:00",GUNNING1,46.198490
D,DISPATCH,UNIT_SCADA,1,"2019/08/21 19:55:00",GUTHEGA,31.30
D,DISPATCH,UNIT_SCADA,1,"2019/08/21 19:55:00",HALLWF1,30.46
D,DISPATCH,UNIT_SCADA,1,"2019/08/21 19:55:00",HALLWF2,21.19
D,DISPATCH,UNIT_SCADA,1,"2019/08/21 19:55:00",HAMISF1,0
D,DISPATCH,UNIT_SCADA,1,"2019/08/21 19:55:00",HAUGHT11,0
D,DISPATCH,UNIT_SCADA,1,"2019/08/21 19:55:00",HAYMSF1,0
D,DISPATCH,UNIT_SCADA,1,"2019/08/21 19:55:00",HDWF1,25.30
D,DISPATCH,UNIT_SCADA,1,"2019/08/21 19:55:00",HDWF2,26.70
D,DISPATCH,UNIT_SCADA,1,"2019/08/21 19:55:00",HDWF3,32.30
D,DISPATCH,UNIT_SCADA,1,"2019/08/21 19:55:00",HPRG1,9.10
D,DISPATCH,UNIT_SCADA,1,"2019/08/21 19:55:00",HPRL1,0
D,DISPATCH,UNIT_SCADA,1,"2019/08/21 19:55:00",HUMENSW,0
D,DISPATCH,UNIT_SCADA,1,"2019/08/21 19:55:00",HUMEV,10.70
D,DISPATCH,UNIT_SCADA,1,"2019/08/21 19:55:00",HVGTS,0
D,DISPATCH,UNIT_SCADA,1,"2019/08/21 19:55:00",JBUTTERS,138.28
D,DISPATCH,UNIT_SCADA,1,"2019/08/21 19:55:00",JLA01,0.50
D,DISPATCH,UNIT_SCADA,1,"2019/08/21 19:55:00",JLA02,0
D,DISPATCH,UNIT_SCADA,1,"2019/08/21 19:55:00",JLA03,0.10
D,DISPATCH,UNIT_SCADA,1,"2019/08/21 19:55:00",JLA04,0.10
D,DISPATCH,UNIT_SCADA,1,"2019/08/21 19:55:00",JLB01,0
D,DISPATCH,UNIT_SCADA,1,"2019/08/21 19:55:00",JLB02,0.10
D,DISPATCH,UNIT_SCADA,1,"2019/08/21 19:55:00",JLB03,0
D,DISPATCH,UNIT_SCADA,1,"2019/08/21 19:55:00",KAREEYA1,21.56
D,DISPATCH,UNIT_SCADA,1,"2019/08/21 19:55:00",KAREEYA2,21.55
D,DISPATCH,UNIT_SCADA,1,"2019/08/21 19:55:00",KAREEYA3,0
D,DISPATCH,UNIT_SCADA,1,"2019/08/21 19:55:00",KAREEYA4,21.61
D,DISPATCH,UNIT_SCADA,1,"2019/08/21 19:55:00",KARSF1,0
D,DISPATCH,UNIT_SCADA,1,"2019/08/21 19:55:00",KIATAWF1,28
D,DISPATCH,UNIT_SCADA,1,"2019/08/21 19:55:00",KPP_1,0
D,DISPATCH,UNIT_SCADA,1,"2019/08/21 19:55:00",KSP1,0
D,DISPATCH,UNIT_SCADA,1,"2019/08/21 19:55:00",LADBROK1,42.08
D,DISPATCH,UNIT_SCADA,1,"2019/08/21 19:55:00",LADBROK2,42.73
D,DISPATCH,UNIT_SCADA,1,"2019/08/21 19:55:00",LD01,423.3750
D,DISPATCH,UNIT_SCADA,1,"2019/08/21 19:55:00",LD02,420.637450
D,DISPATCH,UNIT_SCADA,1,"2019/08/21 19:55:00",LD03,420.9375
D,DISPATCH,UNIT_SCADA,1,"2019/08/21 19:55:00",LD04,382.50
D,DISPATCH,UNIT_SCADA,1,"2019/08/21 19:55:00",LEM_WIL,86.2421
D,DISPATCH,UNIT_SCADA,1,"2019/08/21 19:55:00",LGAPWF1,25.20
D,DISPATCH,UNIT_SCADA,1,"2019/08/21 19:55:00",LILYSF1,0
D,DISPATCH,UNIT_SCADA,1,"2019/08/21 19:55:00",LI_WY_CA,149.224550
D,DISPATCH,UNIT_SCADA,1,"2019/08/21 19:55:00",LKBONNY2,153.3213
D,DISPATCH,UNIT_SCADA,1,"2019/08/21 19:55:00",LKBONNY3,32.544240
D,DISPATCH,UNIT_SCADA,1,"2019/08/21 19:55:00",LK_ECHO,0
D,DISPATCH,UNIT_SCADA,1,"2019/08/21 19:55:00",LNGS1,0
D,DISPATCH,UNIT_SCADA,1,"2019/08/21 19:55:00",LNGS2,0
D,DISPATCH,UNIT_SCADA,1,"2019/08/21 19:55:00",LONSDALE,0
D,DISPATCH,UNIT_SCADA,1,"2019/08/21 19:55:00",LOYYB1,536.840520
D,DISPATCH,UNIT_SCADA,1,"2019/08/21 19:55:00",LOYYB2,584.962040
D,DISPATCH,UNIT_SCADA,1,"2019/08/21 19:55:00",LYA1,559
D,DISPATCH,UNIT_SCADA,1,"2019/08/21 19:55:00",LYA2,0
D,DISPATCH,UNIT_SCADA,1,"2019/08/21 19:55:00",LYA3,559
D,DISPATCH,UNIT_SCADA,1,"2019/08/21 19:55:00",LYA4,528
D,DISPATCH,UNIT_SCADA,1,"2019/08/21 19:55:00",MACARTH1,357.791750
D,DISPATCH,UNIT_SCADA,1,"2019/08/21 19:55:00",MACKAYGT,0
D,DISPATCH,UNIT_SCADA,1,"2019/08/21 19:55:00",MACKNTSH,85.360010
D,DISPATCH,UNIT_SCADA,1,"2019/08/21 19:55:00",MANSLR1,0
D,DISPATCH,UNIT_SCADA,1,"2019/08/21 19:55:00",MCKAY1,0.02
D,DISPATCH,UNIT_SCADA,1,"2019/08/21 19:55:00",MEADOWBK,33.781560
D,DISPATCH,UNIT_SCADA,1,"2019/08/21 19:55:00",MERCER01,124.5970
D,DISPATCH,UNIT_SCADA,1,"2019/08/21 19:55:00",MEWF1,60.534790
D,DISPATCH,UNIT_SCADA,1,"2019/08/21 19:55:00",MINTARO,0
D,DISPATCH,UNIT_SCADA,1,"2019/08/21 19:55:00",MOREESF1,0
D,DISPATCH,UNIT_SCADA,1,"2019/08/21 19:55:00",MORTLK11,0
D,DISPATCH,UNIT_SCADA,1,"2019/08/21 19:55:00",MORTLK12,0
D,DISPATCH,UNIT_SCADA,1,"2019/08/21 19:55:00",MP1,281.799930
D,DISPATCH,UNIT_SCADA,1,"2019/08/21 19:55:00",MP2,0
D,DISPATCH,UNIT_SCADA,1,"2019/08/21 19:55:00",MPP_1,295
D,DISPATCH,UNIT_SCADA,1,"2019/08/21 19:55:00",MPP_2,435.25
D,DISPATCH,UNIT_SCADA,1,"2019/08/21 19:55:00",MSTUART1,0
D,DISPATCH,UNIT_SCADA,1,"2019/08/21 19:55:00",MSTUART2,0
D,DISPATCH,UNIT_SCADA,1,"2019/08/21 19:55:00",MSTUART3,0
D,DISPATCH,UNIT_SCADA,1,"2019/08/21 19:55:00",MTGELWF1,64.365070
D,DISPATCH,UNIT_SCADA,1,"2019/08/21 19:55:00",MURRAY,0
D,DISPATCH,UNIT_SCADA,1,"2019/08/21 19:55:00",MUSSELR1,160.20
D,DISPATCH,UNIT_SCADA,1,"2019/08/21 19:55:00",MUWAWF1,55.05
D,DISPATCH,UNIT_SCADA,1,"2019/08/21 19:55:00",NBHWF1,33.70
D,DISPATCH,UNIT_SCADA,1,"2019/08/21 19:55:00",NPS,303.3750
D,DISPATCH,UNIT_SCADA,1,"2019/08/21 19:55:00",NUMURSF1,0
D,DISPATCH,UNIT_SCADA,1,"2019/08/21 19:55:00",NYNGAN1,0
D,DISPATCH,UNIT_SCADA,1,"2019/08/21 19:55:00",OAKEY1,0
D,DISPATCH,UNIT_SCADA,1,"2019/08/21 19:55:00",OAKEY1SF,0.0510
D,DISPATCH,UNIT_SCADA,1,"2019/08/21 19:55:00",OAKEY2,0
D,DISPATCH,UNIT_SCADA,1,"2019/08/21 19:55:00",OAKLAND1,61.40
D,DISPATCH,UNIT_SCADA,1,"2019/08/21 19:55:00",OSB-AG,0
D,DISPATCH,UNIT_SCADA,1,"2019/08/21 19:55:00",PARSF1,0
D,DISPATCH,UNIT_SCADA,1,"2019/08/21 19:55:00",POAT110,1.2124
D,DISPATCH,UNIT_SCADA,1,"2019/08/21 19:55:00",POAT220,11.40
D,DISPATCH,UNIT_SCADA,1,"2019/08/21 19:55:00",POR01,0
D,DISPATCH,UNIT_SCADA,1,"2019/08/21 19:55:00",POR03,0
D,DISPATCH,UNIT_SCADA,1,"2019/08/21 19:55:00",PPCCGT,492.326930
D,DISPATCH,UNIT_SCADA,1,"2019/08/21 19:55:00",PTSTAN1,0
D,DISPATCH,UNIT_SCADA,1,"2019/08/21 19:55:00",PUMP1,0
D,DISPATCH,UNIT_SCADA,1,"2019/08/21 19:55:00",PUMP2,0
D,DISPATCH,UNIT_SCADA,1,"2019/08/21 19:55:00",QPS1,0
D,DISPATCH,UNIT_SCADA,1,"2019/08/21 19:55:00",QPS2,0
D,DISPATCH,UNIT_SCADA,1,"2019/08/21 19:55:00",QPS3,0
D,DISPATCH,UNIT_SCADA,1,"2019/08/21 19:55:00",QPS4,0
D,DISPATCH,UNIT_SCADA,1,"2019/08/21 19:55:00",QPS5,0
D,DISPATCH,UNIT_SCADA,1,"2019/08/21 19:55:00",REECE1,116.410010
D,DISPATCH,UNIT_SCADA,1,"2019/08/21 19:55:00",REECE2,112.750010
D,DISPATCH,UNIT_SCADA,1,"2019/08/21 19:55:00",ROMA_7,0
D,DISPATCH,UNIT_SCADA,1,"2019/08/21 19:55:00",ROMA_8,0
D,DISPATCH,UNIT_SCADA,1,"2019/08/21 19:55:00",RRSF1,0
D,DISPATCH,UNIT_SCADA,1,"2019/08/21 19:55:00",RT_NSW1,0
D,DISPATCH,UNIT_SCADA,1,"2019/08/21 19:55:00",RT_NSW2,0
D,DISPATCH,UNIT_SCADA,1,"2019/08/21 19:55:00",RT_NSW3,0
D,DISPATCH,UNIT_SCADA,1,"2019/08/21 19:55:00",RT_NSW4,0
D,DISPATCH,UNIT_SCADA,1,"2019/08/21 19:55:00",RT_NSW5,0
D,DISPATCH,UNIT_SCADA,1,"2019/08/21 19:55:00",RT_NSW6,0
D,DISPATCH,UNIT_SCADA,1,"2019/08/21 19:55:00",RT_QLD1,0
D,DISPATCH,UNIT_SCADA,1,"2019/08/21 19:55:00",RT_SA1,0
D,DISPATCH,UNIT_SCADA,1,"2019/08/21 19:55:00",RT_SA2,0
D,DISPATCH,UNIT_SCADA,1,"2019/08/21 19:55:00",RT_SA3,0
D,DISPATCH,UNIT_SCADA,1,"2019/08/21 19:55:00",RT_SA4,0
D,DISPATCH,UNIT_SCADA,1,"2019/08/21 19:55:00",RT_SA5,0
D,DISPATCH,UNIT_SCADA,1,"2019/08/21 19:55:00",RT_SA6,0
D,DISPATCH,UNIT_SCADA,1,"2019/08/21 19:55:00",RT_TAS1,0
D,DISPATCH,UNIT_SCADA,1,"2019/08/21 19:55:00",RT_VIC1,0
D,DISPATCH,UNIT_SCADA,1,"2019/08/21 19:55:00",RT_VIC10,0
D,DISPATCH,UNIT_SCADA,1,"2019/08/21 19:55:00",RT_VIC11,0
D,DISPATCH,UNIT_SCADA,1,"2019/08/21 19:55:00",RT_VIC12,0
D,DISPATCH,UNIT_SCADA,1,"2019/08/21 19:55:00",RT_VIC2,0
D,DISPATCH,UNIT_SCADA,1,"2019/08/21 19:55:00",RT_VIC3,0
D,DISPATCH,UNIT_SCADA,1,"2019/08/21 19:55:00",RT_VIC4,0
D,DISPATCH,UNIT_SCADA,1,"2019/08/21 19:55:00",RT_VIC5,0
D,DISPATCH,UNIT_SCADA,1,"2019/08/21 19:55:00",RT_VIC6,0
D,DISPATCH,UNIT_SCADA,1,"2019/08/21 19:55:00",RT_VIC7,0
D,DISPATCH,UNIT_SCADA,1,"2019/08/21 19:55:00",RT_VIC8,0
D,DISPATCH,UNIT_SCADA,1,"2019/08/21 19:55:00",RT_VIC9,0
D,DISPATCH,UNIT_SCADA,1,"2019/08/21 19:55:00",RUGBYR1,0
D,DISPATCH,UNIT_SCADA,1,"2019/08/21 19:55:00",SALTCRK1,52.54
D,DISPATCH,UNIT_SCADA,1,"2019/08/21 19:55:00",SAPHWF1,195.468750
D,DISPATCH,UNIT_SCADA,1,"2019/08/21 19:55:00",SHGEN,202.555730
D,DISPATCH,UNIT_SCADA,1,"2019/08/21 19:55:00",SHPUMP,0
D,DISPATCH,UNIT_SCADA,1,"2019/08/21 19:55:00",SITHE01,0.153860
D,DISPATCH,UNIT_SCADA,1,"2019/08/21 19:55:00",SMCSF1,0
D,DISPATCH,UNIT_SCADA,1,"2019/08/21 19:55:00",SNOWNTH1,106.600010
D,DISPATCH,UNIT_SCADA,1,"2019/08/21 19:55:00",SNOWSTH1,83.50
D,DISPATCH,UNIT_SCADA,1,"2019/08/21 19:55:00",SNOWTWN1,69.247950
D,DISPATCH,UNIT_SCADA,1,"2019/08/21 19:55:00",SNOWYP,0
D,DISPATCH,UNIT_SCADA,1,"2019/08/21 19:55:00",SNUG1,0.019440
D,DISPATCH,UNIT_SCADA,1,"2019/08/21 19:55:00",SRSF1,0.44
D,DISPATCH,UNIT_SCADA,1,"2019/08/21 19:55:00",STAN-1,0
D,DISPATCH,UNIT_SCADA,1,"2019/08/21 19:55:00",STAN-2,325.200410
D,DISPATCH,UNIT_SCADA,1,"2019/08/21 19:55:00",STAN-3,327.174350
D,DISPATCH,UNIT_SCADA,1,"2019/08/21 19:55:00",STAN-4,327.8537
D,DISPATCH,UNIT_SCADA,1,"2019/08/21 19:55:00",STWF1,130.8150
D,DISPATCH,UNIT_SCADA,1,"2019/08/21 19:55:00",SWAN_E,0
D,DISPATCH,UNIT_SCADA,1,"2019/08/21 19:55:00",TALWA1,418
D,DISPATCH,UNIT_SCADA,1,"2019/08/21 19:55:00",TARALGA1,97.852510
D,DISPATCH,UNIT_SCADA,1,"2019/08/21 19:55:00",TARONG#1,346.100010
D,DISPATCH,UNIT_SCADA,1,"2019/08/21 19:55:00",TARONG#2,346.50
D,DISPATCH,UNIT_SCADA,1,"2019/08/21 19:55:00",TARONG#3,260.200010
D,DISPATCH,UNIT_SCADA,1,"2019/08/21 19:55:00",TARONG#4,348.700010
D,DISPATCH,UNIT_SCADA,1,"2019/08/21 19:55:00",TARRALEA,84.30
D,DISPATCH,UNIT_SCADA,1,"2019/08/21 19:55:00",TBSF1,-0.20
D,DISPATCH,UNIT_SCADA,1,"2019/08/21 19:55:00",TNPS1,442.000030
D,DISPATCH,UNIT_SCADA,1,"2019/08/21 19:55:00",TORRA1,102.591050
D,DISPATCH,UNIT_SCADA,1,"2019/08/21 19:55:00",TORRA2,0
D,DISPATCH,UNIT_SCADA,1,"2019/08/21 19:55:00",TORRA3,0
D,DISPATCH,UNIT_SCADA,1,"2019/08/21 19:55:00",TORRA4,0
D,DISPATCH,UNIT_SCADA,1,"2019/08/21 19:55:00",TORRB1,115.81
D,DISPATCH,UNIT_SCADA,1,"2019/08/21 19:55:00",TORRB2,172.399990
D,DISPATCH,UNIT_SCADA,1,"2019/08/21 19:55:00",TORRB3,0
D,DISPATCH,UNIT_SCADA,1,"2019/08/21 19:55:00",TORRB4,0
D,DISPATCH,UNIT_SCADA,1,"2019/08/21 19:55:00",TREVALLN,70.170030
D,DISPATCH,UNIT_SCADA,1,"2019/08/21 19:55:00",TRIBUTE,83.89
D,DISPATCH,UNIT_SCADA,1,"2019/08/21 19:55:00",TUMUT3,328.489990
D,DISPATCH,UNIT_SCADA,1,"2019/08/21 19:55:00",TUNGATIN,129.230030
D,DISPATCH,UNIT_SCADA,1,"2019/08/21 19:55:00",TVCC201,0
D,DISPATCH,UNIT_SCADA,1,"2019/08/21 19:55:00",TVPP104,0
D,DISPATCH,UNIT_SCADA,1,"2019/08/21 19:55:00",UPPTUMUT,0
D,DISPATCH,UNIT_SCADA,1,"2019/08/21 19:55:00",URANQ11,0
D,DISPATCH,UNIT_SCADA,1,"2019/08/21 19:55:00",URANQ12,0
D,DISPATCH,UNIT_SCADA,1,"2019/08/21 19:55:00",URANQ13,0
D,DISPATCH,UNIT_SCADA,1,"2019/08/21 19:55:00",URANQ14,0
D,DISPATCH,UNIT_SCADA,1,"2019/08/21 19:55:00",VP5,607.775020
D,DISPATCH,UNIT_SCADA,1,"2019/08/21 19:55:00",VP6,606.099980
D,DISPATCH,UNIT_SCADA,1,"2019/08/21 19:55:00",VPGS1,0
D,DISPATCH,UNIT_SCADA,1,"2019/08/21 19:55:00",VPGS2,0
D,DISPATCH,UNIT_SCADA,1,"2019/08/21 19:55:00",VPGS3,0
D,DISPATCH,UNIT_SCADA,1,"2019/08/21 19:55:00",VPGS4,0
D,DISPATCH,UNIT_SCADA,1,"2019/08/21 19:55:00",VPGS5,0
D,DISPATCH,UNIT_SCADA,1,"2019/08/21 19:55:00",VPGS6,0
D,DISPATCH,UNIT_SCADA,1,"2019/08/21 19:55:00",W/HOE#1,0
D,DISPATCH,UNIT_SCADA,1,"2019/08/21 19:55:00",W/HOE#2,0
D,DISPATCH,UNIT_SCADA,1,"2019/08/21 19:55:00",WATERLWF,58.40
D,DISPATCH,UNIT_SCADA,1,"2019/08/21 19:55:00",WEMENSF1,0
D,DISPATCH,UNIT_SCADA,1,"2019/08/21 19:55:00",WGWF1,31.50
D,DISPATCH,UNIT_SCADA,1,"2019/08/21 19:55:00",WHITSF1,0
D,DISPATCH,UNIT_SCADA,1,"2019/08/21 19:55:00",WKIEWA1,0
D,DISPATCH,UNIT_SCADA,1,"2019/08/21 19:55:00",WKIEWA2,17.10
D,DISPATCH,UNIT_SCADA,1,"2019/08/21 19:55:00",WOODLWN1,45
D,DISPATCH,UNIT_SCADA,1,"2019/08/21 19:55:00",WRSF1,0
D,DISPATCH,UNIT_SCADA,1,"2019/08/21 19:55:00",WRWF1,159.317490
D,DISPATCH,UNIT_SCADA,1,"2019/08/21 19:55:00",YABULU,0
D,DISPATCH,UNIT_SCADA,1,"2019/08/21 19:55:00",YABULU2,0
D,DISPATCH,UNIT_SCADA,1,"2019/08/21 19:55:00",YARWUN_1,0
D,DISPATCH,UNIT_SCADA,1,"2019/08/21 19:55:00",YENDWF1,41.86
D,DISPATCH,UNIT_SCADA,1,"2019/08/21 19:55:00",YWPS1,382.205080
D,DISPATCH,UNIT_SCADA,1,"2019/08/21 19:55:00",YWPS2,283.956970
D,DISPATCH,UNIT_SCADA,1,"2019/08/21 19:55:00",YWPS3,0
D,DISPATCH,UNIT_SCADA,1,"2019/08/21 19:55:00",YWPS4,398.060760
C,"END OF REPORT",334
