C,NEMP.WORLD,DISPATCHSCADA,AEMO,PUBLIC,2019/08/22,13:25:08,0000000311868590,DISPATCHSCADA,0000000311868584
I,DISPATCH,UNIT_SCADA,1,SETTLEMENTDATE,DUID,SCADAVALUE
D,DISPATCH,UNIT_SCADA,1,"2019/08/22 13:30:00",BARCSF1,18
D,DISPATCH,UNIT_SCADA,1,"2019/08/22 13:30:00",BUTLERSG,9.699999
D,DISPATCH,UNIT_SCADA,1,"2019/08/22 13:30:00",CALL_A_4,0
D,DISPATCH,UNIT_SCADA,1,"2019/08/22 13:30:00",CAPTL_WF,81.327995
D,DISPATCH,UNIT_SCADA,1,"2019/08/22 13:30:00",CATHROCK,0
D,DISPATCH,UNIT_SCADA,1,"2019/08/22 13:30:00",CHALLHWF,20.700001
D,DISPATCH,UNIT_SCADA,1,"2019/08/22 13:30:00",CLOVER,-0.01
D,DISPATCH,UNIT_SCADA,1,"2019/08/22 13:30:00",CLUNY,19.992218
D,DISPATCH,UNIT_SCADA,1,"2019/08/22 13:30:00",CNUNDAWF,7.008176
D,DISPATCH,UNIT_SCADA,1,"2019/08/22 13:30:00",CULLRGWF,30.25
D,DISPATCH,UNIT_SCADA,1,"2019/08/22 13:30:00",ERGT01,0
D,DISPATCH,UNIT_SCADA,1,"2019/08/22 13:30:00",GB01,0.069336
D,DISPATCH,UNIT_SCADA,1,"2019/08/22 13:30:00",GERMCRK,3.40
D,DISPATCH,UNIT_SCADA,1,"2019/08/22 13:30:00",GRIFSF1,23.899994
D,DISPATCH,UNIT_SCADA,1,"2019/08/22 13:30:00",HUGSF1,8.9630
D,DISPATCH,UNIT_SCADA,1,"2019/08/22 13:30:00",LKBONNY1,8.573699
D,DISPATCH,UNIT_SCADA,1,"2019/08/22 13:30:00",LRSF1,12.1590
D,DISPATCH,UNIT_SCADA,1,"2019/08/22 13:30:00",MBAHNTH,55.556244
D,DISPATCH,UNIT_SCADA,1,"2019/08/22 13:30:00",MLSP1,12.191001
D,DISPATCH,UNIT_SCADA,1,"2019/08/22 13:30:00",MLWF1,7.74
D,DISPATCH,UNIT_SCADA,1,"2019/08/22 13:30:00",MTMILLAR,2.091008
D,DISPATCH,UNIT_SCADA,1,"2019/08/22 13:30:00",PALOONA,28.68
D,DISPATCH,UNIT_SCADA,1,"2019/08/22 13:30:00",PIONEER,25.700001
D,DISPATCH,UNIT_SCADA,1,"2019/08/22 13:30:00",PORTWF,20.50
D,DISPATCH,UNIT_SCADA,1,"2019/08/22 13:30:00",REPULSE,29.145342
D,DISPATCH,UNIT_SCADA,1,"2019/08/22 13:30:00",ROWALLAN,10.3660
D,DISPATCH,UNIT_SCADA,1,"2019/08/22 13:30:00",ROYALLA1,18.582001
D,DISPATCH,UNIT_SCADA,1,"2019/08/22 13:30:00",RPCG,11.80
D,DISPATCH,UNIT_SCADA,1,"2019/08/22 13:30:00",RUBICON,0
D,DISPATCH,UNIT_SCADA,1,"2019/08/22 13:30:00",SATGN1,0
D,DISPATCH,UNIT_SCADA,1,"2019/08/22 13:30:00",SATGS1,0
D,DISPATCH,UNIT_SCADA,1,"2019/08/22 13:30:00",STARHLWF,1.799475
D,DISPATCH,UNIT_SCADA,1,"2019/08/22 13:30:00",WAUBRAWF,127.330002
D,DISPATCH,UNIT_SCADA,1,"2019/08/22 13:30:00",WOOLNTH1,100.880020
D,DISPATCH,UNIT_SCADA,1,"2019/08/22 13:30:00",WPWF,0
D,DISPATCH,UNIT_SCADA,1,"2019/08/22 13:30:00",YAMBUKWF,2.90
D,DISPATCH,UNIT_SCADA,1,"2019/08/22 13:30:00",YSWF1,13.70
D,DISPATCH,UNIT_SCADA,1,"2019/08/22 13:30:00",AGLHAL,0
D,DISPATCH,UNIT_SCADA,1,"2019/08/22 13:30:00",AGLSOM,0
D,DISPATCH,UNIT_SCADA,1,"2019/08/22 13:30:00",ANGAST1,0
D,DISPATCH,UNIT_SCADA,1,"2019/08/22 13:30:00",ARWF1,155.400010
D,DISPATCH,UNIT_SCADA,1,"2019/08/22 13:30:00",BALBG1,0
D,DISPATCH,UNIT_SCADA,1,"2019/08/22 13:30:00",BALBL1,12.14
D,DISPATCH,UNIT_SCADA,1,"2019/08/22 13:30:00",BALDHWF1,94.733990
D,DISPATCH,UNIT_SCADA,1,"2019/08/22 13:30:00",BANN1,57.95
D,DISPATCH,UNIT_SCADA,1,"2019/08/22 13:30:00",BARCALDN,0
D,DISPATCH,UNIT_SCADA,1,"2019/08/22 13:30:00",BARRON-1,0
D,DISPATCH,UNIT_SCADA,1,"2019/08/22 13:30:00",BARRON-2,0
D,DISPATCH,UNIT_SCADA,1,"2019/08/22 13:30:00",BASTYAN,77.98
D,DISPATCH,UNIT_SCADA,1,"2019/08/22 13:30:00",BBTHREE1,-2.04
D,DISPATCH,UNIT_SCADA,1,"2019/08/22 13:30:00",BBTHREE2,-2.12
D,DISPATCH,UNIT_SCADA,1,"2019/08/22 13:30:00",BBTHREE3,-1.18
D,DISPATCH,UNIT_SCADA,1,"2019/08/22 13:30:00",BDL01,0
D,DISPATCH,UNIT_SCADA,1,"2019/08/22 13:30:00",BDL02,0
D,DISPATCH,UNIT_SCADA,1,"2019/08/22 13:30:00",BERYLSF1,58.170380
D,DISPATCH,UNIT_SCADA,1,"2019/08/22 13:30:00",BLOWERNG,0
D,DISPATCH,UNIT_SCADA,1,"2019/08/22 13:30:00",BLUFF1,0
D,DISPATCH,UNIT_SCADA,1,"2019/08/22 13:30:00",BNGSF1,84.40
D,DISPATCH,UNIT_SCADA,1,"2019/08/22 13:30:00",BNGSF2,19.99
D,DISPATCH,UNIT_SCADA,1,"2019/08/22 13:30:00",BOCORWF1,111
D,DISPATCH,UNIT_SCADA,1,"2019/08/22 13:30:00",BODWF1,112.031040
D,DISPATCH,UNIT_SCADA,1,"2019/08/22 13:30:00",BRAEMAR1,0
D,DISPATCH,UNIT_SCADA,1,"2019/08/22 13:30:00",BRAEMAR2,0
D,DISPATCH,UNIT_SCADA,1,"2019/08/22 13:30:00",BRAEMAR3,0
D,DISPATCH,UNIT_SCADA,1,"2019/08/22 13:30:00",BRAEMAR5,0
D,DISPATCH,UNIT_SCADA,1,"2019/08/22 13:30:00",BRAEMAR6,0
D,DISPATCH,UNIT_SCADA,1,"2019/08/22 13:30:00",BRAEMAR7,0
D,DISPATCH,UNIT_SCADA,1,"2019/08/22 13:30:00",BROKENH1,53.0415
D,DISPATCH,UNIT_SCADA,1,"2019/08/22 13:30:00",BW01,525.175050
D,DISPATCH,UNIT_SCADA,1,"2019/08/22 13:30:00",BW02,533.6001
D,DISPATCH,UNIT_SCADA,1,"2019/08/22 13:30:00",BW03,530.550050
D,DISPATCH,UNIT_SCADA,1,"2019/08/22 13:30:00",BW04,0
D,DISPATCH,UNIT_SCADA,1,"2019/08/22 13:30:00",CALL_B_1,269.700010
D,DISPATCH,UNIT_SCADA,1,"2019/08/22 13:30:00",CALL_B_2,279.800020
D,DISPATCH,UNIT_SCADA,1,"2019/08/22 13:30:00",CETHANA,98.4240
D,DISPATCH,UNIT_SCADA,1,"2019/08/22 13:30:00",CG1,0
D,DISPATCH,UNIT_SCADA,1,"2019/08/22 13:30:00",CG2,0
D,DISPATCH,UNIT_SCADA,1,"2019/08/22 13:30:00",CG3,0
D,DISPATCH,UNIT_SCADA,1,"2019/08/22 13:30:00",CG4,0
D,DISPATCH,UNIT_SCADA,1,"2019/08/22 13:30:00",CHILDSF1,40.12
D,DISPATCH,UNIT_SCADA,1,"2019/08/22 13:30:00",CLARESF1,2.038590
D,DISPATCH,UNIT_SCADA,1,"2019/08/22 13:30:00",CLEMGPWF,-0.360180
D,DISPATCH,UNIT_SCADA,1,"2019/08/22 13:30:00",CLERMSF1,0
D,DISPATCH,UNIT_SCADA,1,"2019/08/22 13:30:00",COLEASF1,99.50
D,DISPATCH,UNIT_SCADA,1,"2019/08/22 13:30:00",COOPGWF1,31.869630
D,DISPATCH,UNIT_SCADA,1,"2019/08/22 13:30:00",CPP_3,277.475010
D,DISPATCH,UNIT_SCADA,1,"2019/08/22 13:30:00",CPP_4,292.325010
D,DISPATCH,UNIT_SCADA,1,"2019/08/22 13:30:00",CPSA,89.439380
D,DISPATCH,UNIT_SCADA,1,"2019/08/22 13:30:00",CROOKWF2,80.643740
D,DISPATCH,UNIT_SCADA,1,"2019/08/22 13:30:00",CROWLWF1,33.865730
D,DISPATCH,UNIT_SCADA,1,"2019/08/22 13:30:00",CSPVPS1,31.9510
D,DISPATCH,UNIT_SCADA,1,"2019/08/22 13:30:00",DALNTH01,0
D,DISPATCH,UNIT_SCADA,1,"2019/08/22 13:30:00",DALNTHL1,0.065610
D,DISPATCH,UNIT_SCADA,1,"2019/08/22 13:30:00",DARTM1,134.50
D,DISPATCH,UNIT_SCADA,1,"2019/08/22 13:30:00",DAYDSF1,0
D,DISPATCH,UNIT_SCADA,1,"2019/08/22 13:30:00",DDPS1,0
D,DISPATCH,UNIT_SCADA,1,"2019/08/22 13:30:00",DDSF1,27.770880
D,DISPATCH,UNIT_SCADA,1,"2019/08/22 13:30:00",DEVILS_G,0
D,DISPATCH,UNIT_SCADA,1,"2019/08/22 13:30:00",DG_NSW1,0
D,DISPATCH,UNIT_SCADA,1,"2019/08/22 13:30:00",DG_QLD1,0
D,DISPATCH,UNIT_SCADA,1,"2019/08/22 13:30:00",DG_SA1,0
D,DISPATCH,UNIT_SCADA,1,"2019/08/22 13:30:00",DG_TAS1,0
D,DISPATCH,UNIT_SCADA,1,"2019/08/22 13:30:00",DG_VIC1,0
D,DISPATCH,UNIT_SCADA,1,"2019/08/22 13:30:00",DRYCGT1,0
D,DISPATCH,UNIT_SCADA,1,"2019/08/22 13:30:00",DRYCGT2,0
D,DISPATCH,UNIT_SCADA,1,"2019/08/22 13:30:00",DRYCGT3,0
D,DISPATCH,UNIT_SCADA,1,"2019/08/22 13:30:00",EILDON1,0
D,DISPATCH,UNIT_SCADA,1,"2019/08/22 13:30:00",EILDON2,0
D,DISPATCH,UNIT_SCADA,1,"2019/08/22 13:30:00",EMERASF1,62.57
D,DISPATCH,UNIT_SCADA,1,"2019/08/22 13:30:00",ER01,334.6250
D,DISPATCH,UNIT_SCADA,1,"2019/08/22 13:30:00",ER02,384.150020
D,DISPATCH,UNIT_SCADA,1,"2019/08/22 13:30:00",ER03,699.474980
D,DISPATCH,UNIT_SCADA,1,"2019/08/22 13:30:00",ER04,383.450070
D,DISPATCH,UNIT_SCADA,1,"2019/08/22 13:30:00",FINLYSF1,1.009120
D,DISPATCH,UNIT_SCADA,1,"2019/08/22 13:30:00",FISHER,45.78
D,DISPATCH,UNIT_SCADA,1,"2019/08/22 13:30:00",GANNBG1,0
D,DISPATCH,UNIT_SCADA,1,"2019/08/22 13:30:00",GANNBL1,10.518970
D,DISPATCH,UNIT_SCADA,1,"2019/08/22 13:30:00",GANNSF1,38.70
D,DISPATCH,UNIT_SCADA,1,"2019/08/22 13:30:00",GORDON,0
D,DISPATCH,UNIT_SCADA,1,"2019/08/22 13:30:00",GSTONE1,134.399990
D,DISPATCH,UNIT_SCADA,1,"2019/08/22 13:30:00",GSTONE2,110.0750
D,DISPATCH,UNIT_SCADA,1,"2019/08/22 13:30:00",GSTONE3,134.224990
D,DISPATCH,UNIT_SCADA,1,"2019/08/22 13:30:00",GSTONE4,132.8250
D,DISPATCH,UNIT_SCADA,1,"2019/08/22 13:30:00",GSTONE5,133.1750
D,DISPATCH,UNIT_SCADA,1,"2019/08/22 13:30:00",GSTONE6,0
D,DISPATCH,UNIT_SCADA,1,"2019/08/22 13:30:00",GULLRSF1,9.891540
D,DISPATCH,UNIT_SCADA,1,"2019/08/22 13:30:00",GULLRWF1,134.037510
D,DISPATCH,UNIT_SCADA,1,"2019/08/22 13:30:00",GUNNING1,32.391330
D,DISPATCH,UNIT_SCADA,1,"2019/08/22 13:30:00",GUTHEGA,0
D,DISPATCH,UNIT_SCADA,1,"2019/08/22 13:30:00",HALLWF1,-0.49
D,DISPATCH,UNIT_SCADA,1,"2019/08/22 13:30:00",HALLWF2,-0.17
D,DISPATCH,UNIT_SCADA,1,"2019/08/22 13:30:00",HAMISF1,46.40
D,DISPATCH,UNIT_SCADA,1,"2019/08/22 13:30:00",HAUGHT11,49.985530
D,DISPATCH,UNIT_SCADA,1,"2019/08/22 13:30:00",HAYMSF1,40.98
D,DISPATCH,UNIT_SCADA,1,"2019/08/22 13:30:00",HDWF1,1.20
D,DISPATCH,UNIT_SCADA,1,"2019/08/22 13:30:00",HDWF2,0.90
D,DISPATCH,UNIT_SCADA,1,"2019/08/22 13:30:00",HDWF3,0.50
D,DISPATCH,UNIT_SCADA,1,"2019/08/22 13:30:00",HPRG1,0
D,DISPATCH,UNIT_SCADA,1,"2019/08/22 13:30:00",HPRL1,0
D,DISPATCH,UNIT_SCADA,1,"2019/08/22 13:30:00",HUMENSW,0
D,DISPATCH,UNIT_SCADA,1,"2019/08/22 13:30:00",HUMEV,9.20
D,DISPATCH,UNIT_SCADA,1,"2019/08/22 13:30:00",HVGTS,0
D,DISPATCH,UNIT_SCADA,1,"2019/08/22 13:30:00",JBUTTERS,137.55
D,DISPATCH,UNIT_SCADA,1,"2019/08/22 13:30:00",JLA01,0.50
D,DISPATCH,UNIT_SCADA,1,"2019/08/22 13:30:00",JLA02,0
D,DISPATCH,UNIT_SCADA,1,"2019/08/22 13:30:00",JLA03,0.10
D,DISPATCH,UNIT_SCADA,1,"2019/08/22 13:30:00",JLA04,0.10
D,DISPATCH,UNIT_SCADA,1,"2019/08/22 13:30:00",JLB01,0
D,DISPATCH,UNIT_SCADA,1,"2019/08/22 13:30:00",JLB02,0.10
D,DISPATCH,UNIT_SCADA,1,"2019/08/22 13:30:00",JLB03,0
D,DISPATCH,UNIT_SCADA,1,"2019/08/22 13:30:00",KAREEYA1,21.5225
D,DISPATCH,UNIT_SCADA,1,"2019/08/22 13:30:00",KAREEYA2,21.5950
D,DISPATCH,UNIT_SCADA,1,"2019/08/22 13:30:00",KAREEYA3,0
D,DISPATCH,UNIT_SCADA,1,"2019/08/22 13:30:00",KAREEYA4,21.69
D,DISPATCH,UNIT_SCADA,1,"2019/08/22 13:30:00",KARSF1,53.50
D,DISPATCH,UNIT_SCADA,1,"2019/08/22 13:30:00",KIATAWF1,11.30
D,DISPATCH,UNIT_SCADA,1,"2019/08/22 13:30:00",KPP_1,0
D,DISPATCH,UNIT_SCADA,1,"2019/08/22 13:30:00",KSP1,47.43
D,DISPATCH,UNIT_SCADA,1,"2019/08/22 13:30:00",LADBROK1,0
D,DISPATCH,UNIT_SCADA,1,"2019/08/22 13:30:00",LADBROK2,0
D,DISPATCH,UNIT_SCADA,1,"2019/08/22 13:30:00",LD01,348.206270
D,DISPATCH,UNIT_SCADA,1,"2019/08/22 13:30:00",LD02,350.718750
D,DISPATCH,UNIT_SCADA,1,"2019/08/22 13:30:00",LD03,346.6875
D,DISPATCH,UNIT_SCADA,1,"2019/08/22 13:30:00",LD04,345.356230
D,DISPATCH,UNIT_SCADA,1,"2019/08/22 13:30:00",LEM_WIL,86.142110
D,DISPATCH,UNIT_SCADA,1,"2019/08/22 13:30:00",LGAPWF1,7.44
D,DISPATCH,UNIT_SCADA,1,"2019/08/22 13:30:00",LILYSF1,90.177530
D,DISPATCH,UNIT_SCADA,1,"2019/08/22 13:30:00",LI_WY_CA,150.899840
D,DISPATCH,UNIT_SCADA,1,"2019/08/22 13:30:00",LKBONNY2,24.163630
D,DISPATCH,UNIT_SCADA,1,"2019/08/22 13:30:00",LKBONNY3,5.805490
D,DISPATCH,UNIT_SCADA,1,"2019/08/22 13:30:00",LK_ECHO,0
D,DISPATCH,UNIT_SCADA,1,"2019/08/22 13:30:00",LNGS1,0
D,DISPATCH,UNIT_SCADA,1,"2019/08/22 13:30:00",LNGS2,0
D,DISPATCH,UNIT_SCADA,1,"2019/08/22 13:30:00",LONSDALE,0
D,DISPATCH,UNIT_SCADA,1,"2019/08/22 13:30:00",LOYYB1,535.336730
D,DISPATCH,UNIT_SCADA,1,"2019/08/22 13:30:00",LOYYB2,581.578490
D,DISPATCH,UNIT_SCADA,1,"2019/08/22 13:30:00",LYA1,559
D,DISPATCH,UNIT_SCADA,1,"2019/08/22 13:30:00",LYA2,0
D,DISPATCH,UNIT_SCADA,1,"2019/08/22 13:30:00",LYA3,517
D,DISPATCH,UNIT_SCADA,1,"2019/08/22 13:30:00",LYA4,539
D,DISPATCH,UNIT_SCADA,1,"2019/08/22 13:30:00",MACARTH1,118.597260
D,DISPATCH,UNIT_SCADA,1,"2019/08/22 13:30:00",MACKAYGT,0
D,DISPATCH,UNIT_SCADA,1,"2019/08/22 13:30:00",MACKNTSH,86.12
D,DISPATCH,UNIT_SCADA,1,"2019/08/22 13:30:00",MANSLR1,38.8860
D,DISPATCH,UNIT_SCADA,1,"2019/08/22 13:30:00",MCKAY1,0.02
D,DISPATCH,UNIT_SCADA,1,"2019/08/22 13:30:00",MEADOWBK,34.067360
D,DISPATCH,UNIT_SCADA,1,"2019/08/22 13:30:00",MERCER01,46.5220
D,DISPATCH,UNIT_SCADA,1,"2019/08/22 13:30:00",MEWF1,37.0135
D,DISPATCH,UNIT_SCADA,1,"2019/08/22 13:30:00",MINTARO,0
D,DISPATCH,UNIT_SCADA,1,"2019/08/22 13:30:00",MOREESF1,48.14
D,DISPATCH,UNIT_SCADA,1,"2019/08/22 13:30:00",MORTLK11,163
D,DISPATCH,UNIT_SCADA,1,"2019/08/22 13:30:00",MORTLK12,0
D,DISPATCH,UNIT_SCADA,1,"2019/08/22 13:30:00",MP1,276.949950
D,DISPATCH,UNIT_SCADA,1,"2019/08/22 13:30:00",MP2,0
D,DISPATCH,UNIT_SCADA,1,"2019/08/22 13:30:00",MPP_1,250.50
D,DISPATCH,UNIT_SCADA,1,"2019/08/22 13:30:00",MPP_2,279.75
D,DISPATCH,UNIT_SCADA,1,"2019/08/22 13:30:00",MSTUART1,0
D,DISPATCH,UNIT_SCADA,1,"2019/08/22 13:30:00",MSTUART2,0
D,DISPATCH,UNIT_SCADA,1,"2019/08/22 13:30:00",MSTUART3,0
D,DISPATCH,UNIT_SCADA,1,"2019/08/22 13:30:00",MTGELWF1,34.853660
D,DISPATCH,UNIT_SCADA,1,"2019/08/22 13:30:00",MURRAY,0
D,DISPATCH,UNIT_SCADA,1,"2019/08/22 13:30:00",MUSSELR1,83.899990
D,DISPATCH,UNIT_SCADA,1,"2019/08/22 13:30:00",MUWAWF1,42.16
D,DISPATCH,UNIT_SCADA,1,"2019/08/22 13:30:00",NBHWF1,-0.40
D,DISPATCH,UNIT_SCADA,1,"2019/08/22 13:30:00",NPS,0
D,DISPATCH,UNIT_SCADA,1,"2019/08/22 13:30:00",NUMURSF1,47.15
D,DISPATCH,UNIT_SCADA,1,"2019/08/22 13:30:00",NYNGAN1,66.75
D,DISPATCH,UNIT_SCADA,1,"2019/08/22 13:30:00",OAKEY1,0
D,DISPATCH,UNIT_SCADA,1,"2019/08/22 13:30:00",OAKEY1SF,22.9790
D,DISPATCH,UNIT_SCADA,1,"2019/08/22 13:30:00",OAKEY2,0
D,DISPATCH,UNIT_SCADA,1,"2019/08/22 13:30:00",OAKLAND1,31.40
D,DISPATCH,UNIT_SCADA,1,"2019/08/22 13:30:00",OSB-AG,138.69
D,DISPATCH,UNIT_SCADA,1,"2019/08/22 13:30:00",PARSF1,43.80
D,DISPATCH,UNIT_SCADA,1,"2019/08/22 13:30:00",POAT110,0
D,DISPATCH,UNIT_SCADA,1,"2019/08/22 13:30:00",POAT220,0
D,DISPATCH,UNIT_SCADA,1,"2019/08/22 13:30:00",POR01,0
D,DISPATCH,UNIT_SCADA,1,"2019/08/22 13:30:00",POR03,0
D,DISPATCH,UNIT_SCADA,1,"2019/08/22 13:30:00",PPCCGT,463.469450
D,DISPATCH,UNIT_SCADA,1,"2019/08/22 13:30:00",PTSTAN1,0
D,DISPATCH,UNIT_SCADA,1,"2019/08/22 13:30:00",PUMP1,0
D,DISPATCH,UNIT_SCADA,1,"2019/08/22 13:30:00",PUMP2,0
D,DISPATCH,UNIT_SCADA,1,"2019/08/22 13:30:00",QPS1,0
D,DISPATCH,UNIT_SCADA,1,"2019/08/22 13:30:00",QPS2,0
D,DISPATCH,UNIT_SCADA,1,"2019/08/22 13:30:00",QPS3,0
D,DISPATCH,UNIT_SCADA,1,"2019/08/22 13:30:00",QPS4,0
D,DISPATCH,UNIT_SCADA,1,"2019/08/22 13:30:00",QPS5,0
D,DISPATCH,UNIT_SCADA,1,"2019/08/22 13:30:00",REECE1,119.240010
D,DISPATCH,UNIT_SCADA,1,"2019/08/22 13:30:00",REECE2,118.440010
D,DISPATCH,UNIT_SCADA,1,"2019/08/22 13:30:00",ROMA_7,0
D,DISPATCH,UNIT_SCADA,1,"2019/08/22 13:30:00",ROMA_8,0
D,DISPATCH,UNIT_SCADA,1,"2019/08/22 13:30:00",RRSF1,114.543310
D,DISPATCH,UNIT_SCADA,1,"2019/08/22 13:30:00",RT_NSW1,0
D,DISPATCH,UNIT_SCADA,1,"2019/08/22 13:30:00",RT_NSW2,0
D,DISPATCH,UNIT_SCADA,1,"2019/08/22 13:30:00",RT_NSW3,0
D,DISPATCH,UNIT_SCADA,1,"2019/08/22 13:30:00",RT_NSW4,0
D,DISPATCH,UNIT_SCADA,1,"2019/08/22 13:30:00",RT_NSW5,0
D,DISPATCH,UNIT_SCADA,1,"2019/08/22 13:30:00",RT_NSW6,0
D,DISPATCH,UNIT_SCADA,1,"2019/08/22 13:30:00",RT_QLD1,0
D,DISPATCH,UNIT_SCADA,1,"2019/08/22 13:30:00",RT_SA1,0
D,DISPATCH,UNIT_SCADA,1,"2019/08/22 13:30:00",RT_SA2,0
D,DISPATCH,UNIT_SCADA,1,"2019/08/22 13:30:00",RT_SA3,0
D,DISPATCH,UNIT_SCADA,1,"2019/08/22 13:30:00",RT_SA4,0
D,DISPATCH,UNIT_SCADA,1,"2019/08/22 13:30:00",RT_SA5,0
D,DISPATCH,UNIT_SCADA,1,"2019/08/22 13:30:00",RT_SA6,0
D,DISPATCH,UNIT_SCADA,1,"2019/08/22 13:30:00",RT_TAS1,0
D,DISPATCH,UNIT_SCADA,1,"2019/08/22 13:30:00",RT_VIC1,0
D,DISPATCH,UNIT_SCADA,1,"2019/08/22 13:30:00",RT_VIC10,0
D,DISPATCH,UNIT_SCADA,1,"2019/08/22 13:30:00",RT_VIC11,0
D,DISPATCH,UNIT_SCADA,1,"2019/08/22 13:30:00",RT_VIC12,0
D,DISPATCH,UNIT_SCADA,1,"2019/08/22 13:30:00",RT_VIC2,0
D,DISPATCH,UNIT_SCADA,1,"2019/08/22 13:30:00",RT_VIC3,0
D,DISPATCH,UNIT_SCADA,1,"2019/08/22 13:30:00",RT_VIC4,0
D,DISPATCH,UNIT_SCADA,1,"2019/08/22 13:30:00",RT_VIC5,0
D,DISPATCH,UNIT_SCADA,1,"2019/08/22 13:30:00",RT_VIC6,0
D,DISPATCH,UNIT_SCADA,1,"2019/08/22 13:30:00",RT_VIC7,0
D,DISPATCH,UNIT_SCADA,1,"2019/08/22 13:30:00",RT_VIC8,0
D,DISPATCH,UNIT_SCADA,1,"2019/08/22 13:30:00",RT_VIC9,0
D,DISPATCH,UNIT_SCADA,1,"2019/08/22 13:30:00",RUGBYR1,59.025410
D,DISPATCH,UNIT_SCADA,1,"2019/08/22 13:30:00",SALTCRK1,10.73
D,DISPATCH,UNIT_SCADA,1,"2019/08/22 13:30:00",SAPHWF1,242.118770
D,DISPATCH,UNIT_SCADA,1,"2019/08/22 13:30:00",SHGEN,0
D,DISPATCH,UNIT_SCADA,1,"2019/08/22 13:30:00",SHPUMP,200.104680
D,DISPATCH,UNIT_SCADA,1,"2019/08/22 13:30:00",SITHE01,0.043330
D,DISPATCH,UNIT_SCADA,1,"2019/08/22 13:30:00",SMCSF1,80.932260
D,DISPATCH,UNIT_SCADA,1,"2019/08/22 13:30:00",SNOWNTH1,2.60
D,DISPATCH,UNIT_SCADA,1,"2019/08/22 13:30:00",SNOWSTH1,1.40
D,DISPATCH,UNIT_SCADA,1,"2019/08/22 13:30:00",SNOWTWN1,-0.706480
D,DISPATCH,UNIT_SCADA,1,"2019/08/22 13:30:00",SNOWYP,0
D,DISPATCH,UNIT_SCADA,1,"2019/08/22 13:30:00",SNUG1,0.019440
D,DISPATCH,UNIT_SCADA,1,"2019/08/22 13:30:00",SRSF1,34.91
D,DISPATCH,UNIT_SCADA,1,"2019/08/22 13:30:00",STAN-1,0
D,DISPATCH,UNIT_SCADA,1,"2019/08/22 13:30:00",STAN-2,281.517330
D,DISPATCH,UNIT_SCADA,1,"2019/08/22 13:30:00",STAN-3,285.285770
D,DISPATCH,UNIT_SCADA,1,"2019/08/22 13:30:00",STAN-4,281.004640
D,DISPATCH,UNIT_SCADA,1,"2019/08/22 13:30:00",STWF1,10.338750
D,DISPATCH,UNIT_SCADA,1,"2019/08/22 13:30:00",SWAN_E,0
D,DISPATCH,UNIT_SCADA,1,"2019/08/22 13:30:00",TALWA1,189
D,DISPATCH,UNIT_SCADA,1,"2019/08/22 13:30:00",TARALGA1,90.892490
D,DISPATCH,UNIT_SCADA,1,"2019/08/22 13:30:00",TARONG#1,281.100010
D,DISPATCH,UNIT_SCADA,1,"2019/08/22 13:30:00",TARONG#2,281.200010
D,DISPATCH,UNIT_SCADA,1,"2019/08/22 13:30:00",TARONG#3,260.50
D,DISPATCH,UNIT_SCADA,1,"2019/08/22 13:30:00",TARONG#4,279.700010
D,DISPATCH,UNIT_SCADA,1,"2019/08/22 13:30:00",TARRALEA,83.90
D,DISPATCH,UNIT_SCADA,1,"2019/08/22 13:30:00",TBSF1,33.50
D,DISPATCH,UNIT_SCADA,1,"2019/08/22 13:30:00",TNPS1,442.300020
D,DISPATCH,UNIT_SCADA,1,"2019/08/22 13:30:00",TORRA1,64.8607
D,DISPATCH,UNIT_SCADA,1,"2019/08/22 13:30:00",TORRA2,0
D,DISPATCH,UNIT_SCADA,1,"2019/08/22 13:30:00",TORRA3,42.348820
D,DISPATCH,UNIT_SCADA,1,"2019/08/22 13:30:00",TORRA4,51.920490
D,DISPATCH,UNIT_SCADA,1,"2019/08/22 13:30:00",TORRB1,56.73
D,DISPATCH,UNIT_SCADA,1,"2019/08/22 13:30:00",TORRB2,62.32
D,DISPATCH,UNIT_SCADA,1,"2019/08/22 13:30:00",TORRB3,0
D,DISPATCH,UNIT_SCADA,1,"2019/08/22 13:30:00",TORRB4,0
D,DISPATCH,UNIT_SCADA,1,"2019/08/22 13:30:00",TREVALLN,43.820010
D,DISPATCH,UNIT_SCADA,1,"2019/08/22 13:30:00",TRIBUTE,84.63
D,DISPATCH,UNIT_SCADA,1,"2019/08/22 13:30:00",TUMUT3,0
D,DISPATCH,UNIT_SCADA,1,"2019/08/22 13:30:00",TUNGATIN,107.760030
D,DISPATCH,UNIT_SCADA,1,"2019/08/22 13:30:00",TVCC201,0
D,DISPATCH,UNIT_SCADA,1,"2019/08/22 13:30:00",TVPP104,0
D,DISPATCH,UNIT_SCADA,1,"2019/08/22 13:30:00",UPPTUMUT,0
D,DISPATCH,UNIT_SCADA,1,"2019/08/22 13:30:00",URANQ11,0
D,DISPATCH,UNIT_SCADA,1,"2019/08/22 13:30:00",URANQ12,0
D,DISPATCH,UNIT_SCADA,1,"2019/08/22 13:30:00",URANQ13,0
D,DISPATCH,UNIT_SCADA,1,"2019/08/22 13:30:00",URANQ14,0
D,DISPATCH,UNIT_SCADA,1,"2019/08/22 13:30:00",VP5,193.725010
D,DISPATCH,UNIT_SCADA,1,"2019/08/22 13:30:00",VP6,598.549990
D,DISPATCH,UNIT_SCADA,1,"2019/08/22 13:30:00",VPGS1,0
D,DISPATCH,UNIT_SCADA,1,"2019/08/22 13:30:00",VPGS2,0
D,DISPATCH,UNIT_SCADA,1,"2019/08/22 13:30:00",VPGS3,0
D,DISPATCH,UNIT_SCADA,1,"2019/08/22 13:30:00",VPGS4,0
D,DISPATCH,UNIT_SCADA,1,"2019/08/22 13:30:00",VPGS5,0
D,DISPATCH,UNIT_SCADA,1,"2019/08/22 13:30:00",VPGS6,0
D,DISPATCH,UNIT_SCADA,1,"2019/08/22 13:30:00",W/HOE#1,0
D,DISPATCH,UNIT_SCADA,1,"2019/08/22 13:30:00",W/HOE#2,0
D,DISPATCH,UNIT_SCADA,1,"2019/08/22 13:30:00",WATERLWF,6.60
D,DISPATCH,UNIT_SCADA,1,"2019/08/22 13:30:00",WEMENSF1,40.30
D,DISPATCH,UNIT_SCADA,1,"2019/08/22 13:30:00",WGWF1,2.50
D,DISPATCH,UNIT_SCADA,1,"2019/08/22 13:30:00",WHITSF1,0
D,DISPATCH,UNIT_SCADA,1,"2019/08/22 13:30:00",WKIEWA1,0
D,DISPATCH,UNIT_SCADA,1,"2019/08/22 13:30:00",WKIEWA2,7
D,DISPATCH,UNIT_SCADA,1,"2019/08/22 13:30:00",WOODLWN1,26.7030
D,DISPATCH,UNIT_SCADA,1,"2019/08/22 13:30:00",WRSF1,6.91
D,DISPATCH,UNIT_SCADA,1,"2019/08/22 13:30:00",WRWF1,157.897490
D,DISPATCH,UNIT_SCADA,1,"2019/08/22 13:30:00",YABULU,0
D,DISPATCH,UNIT_SCADA,1,"2019/08/22 13:30:00",YABULU2,0
D,DISPATCH,UNIT_SCADA,1,"2019/08/22 13:30:00",YARWUN_1,0
D,DISPATCH,UNIT_SCADA,1,"2019/08/22 13:30:00",YENDWF1,42.03
D,DISPATCH,UNIT_SCADA,1,"2019/08/22 13:30:00",YWPS1,350.124050
D,DISPATCH,UNIT_SCADA,1,"2019/08/22 13:30:00",YWPS2,278.443020
D,DISPATCH,UNIT_SCADA,1,"2019/08/22 13:30:00",YWPS3,0
D,DISPATCH,UNIT_SCADA,1,"2019/08/22 13:30:00",YWPS4,343.298740
C,"END OF REPORT",334
