C,NEMP.WORLD,DISPATCHSCADA,AEMO,PUBLIC,2019/08/20,00:15:09,0000000311765459,DISPATCHSCADA,0000000311765453
I,DISPATCH,UNIT_SCADA,1,SETTLEMENTDATE,DUID,SCADAVALUE
D,DISPATCH,UNIT_SCADA,1,"2019/08/20 00:20:00",BARCSF1,0
D,DISPATCH,UNIT_SCADA,1,"2019/08/20 00:20:00",BUTLERSG,9.699999
D,DISPATCH,UNIT_SCADA,1,"2019/08/20 00:20:00",CALL_A_4,0
D,DISPATCH,UNIT_SCADA,1,"2019/08/20 00:20:00",CAPTL_WF,107.3480
D,DISPATCH,UNIT_SCADA,1,"2019/08/20 00:20:00",CATHROCK,34.16
D,DISPATCH,UNIT_SCADA,1,"2019/08/20 00:20:00",CHALLHWF,21.50
D,DISPATCH,UNIT_SCADA,1,"2019/08/20 00:20:00",CLOVER,0
D,DISPATCH,UNIT_SCADA,1,"2019/08/20 00:20:00",CLUNY,17.320669
D,DISPATCH,UNIT_SCADA,1,"2019/08/20 00:20:00",CNUNDAWF,38.044380
D,DISPATCH,UNIT_SCADA,1,"2019/08/20 00:20:00",CULLRGWF,30.08
D,DISPATCH,UNIT_SCADA,1,"2019/08/20 00:20:00",ERGT01,0
D,DISPATCH,UNIT_SCADA,1,"2019/08/20 00:20:00",GB01,0.064407
D,DISPATCH,UNIT_SCADA,1,"2019/08/20 00:20:00",GERMCRK,36.400002
D,DISPATCH,UNIT_SCADA,1,"2019/08/20 00:20:00",GRIFSF1,0
D,DISPATCH,UNIT_SCADA,1,"2019/08/20 00:20:00",HUGSF1,-0.2580
D,DISPATCH,UNIT_SCADA,1,"2019/08/20 00:20:00",LKBONNY1,60.015892
D,DISPATCH,UNIT_SCADA,1,"2019/08/20 00:20:00",LRSF1,-0.03
D,DISPATCH,UNIT_SCADA,1,"2019/08/20 00:20:00",MBAHNTH,52.968750
D,DISPATCH,UNIT_SCADA,1,"2019/08/20 00:20:00",MLSP1,0.304001
D,DISPATCH,UNIT_SCADA,1,"2019/08/20 00:20:00",MLWF1,14.8350
D,DISPATCH,UNIT_SCADA,1,"2019/08/20 00:20:00",MTMILLAR,13.401802
D,DISPATCH,UNIT_SCADA,1,"2019/08/20 00:20:00",PALOONA,23.549999
D,DISPATCH,UNIT_SCADA,1,"2019/08/20 00:20:00",PIONEER,31.700001
D,DISPATCH,UNIT_SCADA,1,"2019/08/20 00:20:00",PORTWF,136.899994
D,DISPATCH,UNIT_SCADA,1,"2019/08/20 00:20:00",REPULSE,28.688793
D,DISPATCH,UNIT_SCADA,1,"2019/08/20 00:20:00",ROWALLAN,9.8477
D,DISPATCH,UNIT_SCADA,1,"2019/08/20 00:20:00",ROYALLA1,0
D,DISPATCH,UNIT_SCADA,1,"2019/08/20 00:20:00",RPCG,-3.20
D,DISPATCH,UNIT_SCADA,1,"2019/08/20 00:20:00",RUBICON,0
D,DISPATCH,UNIT_SCADA,1,"2019/08/20 00:20:00",SATGN1,0
D,DISPATCH,UNIT_SCADA,1,"2019/08/20 00:20:00",SATGS1,0
D,DISPATCH,UNIT_SCADA,1,"2019/08/20 00:20:00",STARHLWF,14.595744
D,DISPATCH,UNIT_SCADA,1,"2019/08/20 00:20:00",WAUBRAWF,124.595001
D,DISPATCH,UNIT_SCADA,1,"2019/08/20 00:20:00",WOOLNTH1,131.570023
D,DISPATCH,UNIT_SCADA,1,"2019/08/20 00:20:00",WPWF,28
D,DISPATCH,UNIT_SCADA,1,"2019/08/20 00:20:00",YAMBUKWF,8.60
D,DISPATCH,UNIT_SCADA,1,"2019/08/20 00:20:00",YSWF1,28.700001
D,DISPATCH,UNIT_SCADA,1,"2019/08/20 00:20:00",AGLHAL,0
D,DISPATCH,UNIT_SCADA,1,"2019/08/20 00:20:00",AGLSOM,0
D,DISPATCH,UNIT_SCADA,1,"2019/08/20 00:20:00",ANGAST1,0
D,DISPATCH,UNIT_SCADA,1,"2019/08/20 00:20:00",ARWF1,19.50
D,DISPATCH,UNIT_SCADA,1,"2019/08/20 00:20:00",BALBG1,0
D,DISPATCH,UNIT_SCADA,1,"2019/08/20 00:20:00",BALBL1,0
D,DISPATCH,UNIT_SCADA,1,"2019/08/20 00:20:00",BALDHWF1,99.647990
D,DISPATCH,UNIT_SCADA,1,"2019/08/20 00:20:00",BANN1,0
D,DISPATCH,UNIT_SCADA,1,"2019/08/20 00:20:00",BARCALDN,0
D,DISPATCH,UNIT_SCADA,1,"2019/08/20 00:20:00",BARRON-1,0
D,DISPATCH,UNIT_SCADA,1,"2019/08/20 00:20:00",BARRON-2,26.60
D,DISPATCH,UNIT_SCADA,1,"2019/08/20 00:20:00",BASTYAN,80.900010
D,DISPATCH,UNIT_SCADA,1,"2019/08/20 00:20:00",BBTHREE1,0
D,DISPATCH,UNIT_SCADA,1,"2019/08/20 00:20:00",BBTHREE2,0
D,DISPATCH,UNIT_SCADA,1,"2019/08/20 00:20:00",BBTHREE3,0
D,DISPATCH,UNIT_SCADA,1,"2019/08/20 00:20:00",BDL01,0
D,DISPATCH,UNIT_SCADA,1,"2019/08/20 00:20:00",BDL02,0
D,DISPATCH,UNIT_SCADA,1,"2019/08/20 00:20:00",BERYLSF1,0
D,DISPATCH,UNIT_SCADA,1,"2019/08/20 00:20:00",BLOWERNG,0
D,DISPATCH,UNIT_SCADA,1,"2019/08/20 00:20:00",BLUFF1,31.90
D,DISPATCH,UNIT_SCADA,1,"2019/08/20 00:20:00",BNGSF1,0
D,DISPATCH,UNIT_SCADA,1,"2019/08/20 00:20:00",BNGSF2,0
D,DISPATCH,UNIT_SCADA,1,"2019/08/20 00:20:00",BOCORWF1,58.57
D,DISPATCH,UNIT_SCADA,1,"2019/08/20 00:20:00",BODWF1,34.159970
D,DISPATCH,UNIT_SCADA,1,"2019/08/20 00:20:00",BRAEMAR1,0
D,DISPATCH,UNIT_SCADA,1,"2019/08/20 00:20:00",BRAEMAR2,0
D,DISPATCH,UNIT_SCADA,1,"2019/08/20 00:20:00",BRAEMAR3,0
D,DISPATCH,UNIT_SCADA,1,"2019/08/20 00:20:00",BRAEMAR5,0
D,DISPATCH,UNIT_SCADA,1,"2019/08/20 00:20:00",BRAEMAR6,0
D,DISPATCH,UNIT_SCADA,1,"2019/08/20 00:20:00",BRAEMAR7,0
D,DISPATCH,UNIT_SCADA,1,"2019/08/20 00:20:00",BROKENH1,0
D,DISPATCH,UNIT_SCADA,1,"2019/08/20 00:20:00",BW01,580.449950
D,DISPATCH,UNIT_SCADA,1,"2019/08/20 00:20:00",BW02,600.599980
D,DISPATCH,UNIT_SCADA,1,"2019/08/20 00:20:00",BW03,632.1250
D,DISPATCH,UNIT_SCADA,1,"2019/08/20 00:20:00",BW04,0
D,DISPATCH,UNIT_SCADA,1,"2019/08/20 00:20:00",CALL_B_1,340.300020
D,DISPATCH,UNIT_SCADA,1,"2019/08/20 00:20:00",CALL_B_2,289.600010
D,DISPATCH,UNIT_SCADA,1,"2019/08/20 00:20:00",CETHANA,81.8985
D,DISPATCH,UNIT_SCADA,1,"2019/08/20 00:20:00",CG1,0
D,DISPATCH,UNIT_SCADA,1,"2019/08/20 00:20:00",CG2,0
D,DISPATCH,UNIT_SCADA,1,"2019/08/20 00:20:00",CG3,0
D,DISPATCH,UNIT_SCADA,1,"2019/08/20 00:20:00",CG4,0
D,DISPATCH,UNIT_SCADA,1,"2019/08/20 00:20:00",CHILDSF1,0
D,DISPATCH,UNIT_SCADA,1,"2019/08/20 00:20:00",CLARESF1,0
D,DISPATCH,UNIT_SCADA,1,"2019/08/20 00:20:00",CLEMGPWF,6.267050
D,DISPATCH,UNIT_SCADA,1,"2019/08/20 00:20:00",CLERMSF1,0
D,DISPATCH,UNIT_SCADA,1,"2019/08/20 00:20:00",COLEASF1,0
D,DISPATCH,UNIT_SCADA,1,"2019/08/20 00:20:00",COOPGWF1,35.2539
D,DISPATCH,UNIT_SCADA,1,"2019/08/20 00:20:00",CPP_3,406.175020
D,DISPATCH,UNIT_SCADA,1,"2019/08/20 00:20:00",CPP_4,405.6250
D,DISPATCH,UNIT_SCADA,1,"2019/08/20 00:20:00",CPSA,143.375630
D,DISPATCH,UNIT_SCADA,1,"2019/08/20 00:20:00",CROOKWF2,51.4150
D,DISPATCH,UNIT_SCADA,1,"2019/08/20 00:20:00",CROWLWF1,42.967040
D,DISPATCH,UNIT_SCADA,1,"2019/08/20 00:20:00",CSPVPS1,0
D,DISPATCH,UNIT_SCADA,1,"2019/08/20 00:20:00",DALNTH01,0
D,DISPATCH,UNIT_SCADA,1,"2019/08/20 00:20:00",DALNTHL1,0.074770
D,DISPATCH,UNIT_SCADA,1,"2019/08/20 00:20:00",DARTM1,134.50
D,DISPATCH,UNIT_SCADA,1,"2019/08/20 00:20:00",DAYDSF1,0
D,DISPATCH,UNIT_SCADA,1,"2019/08/20 00:20:00",DDPS1,0
D,DISPATCH,UNIT_SCADA,1,"2019/08/20 00:20:00",DDSF1,0
D,DISPATCH,UNIT_SCADA,1,"2019/08/20 00:20:00",DEVILS_G,60.336320
D,DISPATCH,UNIT_SCADA,1,"2019/08/20 00:20:00",DG_NSW1,0
D,DISPATCH,UNIT_SCADA,1,"2019/08/20 00:20:00",DG_QLD1,0
D,DISPATCH,UNIT_SCADA,1,"2019/08/20 00:20:00",DG_SA1,0
D,DISPATCH,UNIT_SCADA,1,"2019/08/20 00:20:00",DG_TAS1,0
D,DISPATCH,UNIT_SCADA,1,"2019/08/20 00:20:00",DG_VIC1,0
D,DISPATCH,UNIT_SCADA,1,"2019/08/20 00:20:00",DRYCGT1,0
D,DISPATCH,UNIT_SCADA,1,"2019/08/20 00:20:00",DRYCGT2,0
D,DISPATCH,UNIT_SCADA,1,"2019/08/20 00:20:00",DRYCGT3,0
D,DISPATCH,UNIT_SCADA,1,"2019/08/20 00:20:00",EILDON1,0
D,DISPATCH,UNIT_SCADA,1,"2019/08/20 00:20:00",EILDON2,0
D,DISPATCH,UNIT_SCADA,1,"2019/08/20 00:20:00",EMERASF1,0
D,DISPATCH,UNIT_SCADA,1,"2019/08/20 00:20:00",ER01,543.824950
D,DISPATCH,UNIT_SCADA,1,"2019/08/20 00:20:00",ER02,569.5249
D,DISPATCH,UNIT_SCADA,1,"2019/08/20 00:20:00",ER03,568.6250
D,DISPATCH,UNIT_SCADA,1,"2019/08/20 00:20:00",ER04,569.50
D,DISPATCH,UNIT_SCADA,1,"2019/08/20 00:20:00",FINLYSF1,0
D,DISPATCH,UNIT_SCADA,1,"2019/08/20 00:20:00",FISHER,45.84
D,DISPATCH,UNIT_SCADA,1,"2019/08/20 00:20:00",GANNBG1,0
D,DISPATCH,UNIT_SCADA,1,"2019/08/20 00:20:00",GANNBL1,0.033360
D,DISPATCH,UNIT_SCADA,1,"2019/08/20 00:20:00",GANNSF1,0
D,DISPATCH,UNIT_SCADA,1,"2019/08/20 00:20:00",GORDON,0
D,DISPATCH,UNIT_SCADA,1,"2019/08/20 00:20:00",GSTONE1,161.524990
D,DISPATCH,UNIT_SCADA,1,"2019/08/20 00:20:00",GSTONE2,149.099990
D,DISPATCH,UNIT_SCADA,1,"2019/08/20 00:20:00",GSTONE3,151.55
D,DISPATCH,UNIT_SCADA,1,"2019/08/20 00:20:00",GSTONE4,160.474990
D,DISPATCH,UNIT_SCADA,1,"2019/08/20 00:20:00",GSTONE5,163.099990
D,DISPATCH,UNIT_SCADA,1,"2019/08/20 00:20:00",GSTONE6,0
D,DISPATCH,UNIT_SCADA,1,"2019/08/20 00:20:00",GULLRSF1,0
D,DISPATCH,UNIT_SCADA,1,"2019/08/20 00:20:00",GULLRWF1,160.302280
D,DISPATCH,UNIT_SCADA,1,"2019/08/20 00:20:00",GUNNING1,42.495370
D,DISPATCH,UNIT_SCADA,1,"2019/08/20 00:20:00",GUTHEGA,0
D,DISPATCH,UNIT_SCADA,1,"2019/08/20 00:20:00",HALLWF1,76.42
D,DISPATCH,UNIT_SCADA,1,"2019/08/20 00:20:00",HALLWF2,66.71
D,DISPATCH,UNIT_SCADA,1,"2019/08/20 00:20:00",HAMISF1,0
D,DISPATCH,UNIT_SCADA,1,"2019/08/20 00:20:00",HAUGHT11,0
D,DISPATCH,UNIT_SCADA,1,"2019/08/20 00:20:00",HAYMSF1,0
D,DISPATCH,UNIT_SCADA,1,"2019/08/20 00:20:00",HDWF1,43.80
D,DISPATCH,UNIT_SCADA,1,"2019/08/20 00:20:00",HDWF2,33.50
D,DISPATCH,UNIT_SCADA,1,"2019/08/20 00:20:00",HDWF3,39.90
D,DISPATCH,UNIT_SCADA,1,"2019/08/20 00:20:00",HPRG1,0
D,DISPATCH,UNIT_SCADA,1,"2019/08/20 00:20:00",HPRL1,0
D,DISPATCH,UNIT_SCADA,1,"2019/08/20 00:20:00",HUMENSW,0
D,DISPATCH,UNIT_SCADA,1,"2019/08/20 00:20:00",HUMEV,9.50
D,DISPATCH,UNIT_SCADA,1,"2019/08/20 00:20:00",HVGTS,0
D,DISPATCH,UNIT_SCADA,1,"2019/08/20 00:20:00",JBUTTERS,137.47
D,DISPATCH,UNIT_SCADA,1,"2019/08/20 00:20:00",JLA01,0.50
D,DISPATCH,UNIT_SCADA,1,"2019/08/20 00:20:00",JLA02,0
D,DISPATCH,UNIT_SCADA,1,"2019/08/20 00:20:00",JLA03,0.10
D,DISPATCH,UNIT_SCADA,1,"2019/08/20 00:20:00",JLA04,0.10
D,DISPATCH,UNIT_SCADA,1,"2019/08/20 00:20:00",JLB01,0
D,DISPATCH,UNIT_SCADA,1,"2019/08/20 00:20:00",JLB02,0.10
D,DISPATCH,UNIT_SCADA,1,"2019/08/20 00:20:00",JLB03,0
D,DISPATCH,UNIT_SCADA,1,"2019/08/20 00:20:00",KAREEYA1,21.50
D,DISPATCH,UNIT_SCADA,1,"2019/08/20 00:20:00",KAREEYA2,21.6425
D,DISPATCH,UNIT_SCADA,1,"2019/08/20 00:20:00",KAREEYA3,0
D,DISPATCH,UNIT_SCADA,1,"2019/08/20 00:20:00",KAREEYA4,21.7125
D,DISPATCH,UNIT_SCADA,1,"2019/08/20 00:20:00",KARSF1,0
D,DISPATCH,UNIT_SCADA,1,"2019/08/20 00:20:00",KIATAWF1,28.90
D,DISPATCH,UNIT_SCADA,1,"2019/08/20 00:20:00",KPP_1,0
D,DISPATCH,UNIT_SCADA,1,"2019/08/20 00:20:00",KSP1,0
D,DISPATCH,UNIT_SCADA,1,"2019/08/20 00:20:00",LADBROK1,0
D,DISPATCH,UNIT_SCADA,1,"2019/08/20 00:20:00",LADBROK2,0
D,DISPATCH,UNIT_SCADA,1,"2019/08/20 00:20:00",LD01,418.2937
D,DISPATCH,UNIT_SCADA,1,"2019/08/20 00:20:00",LD02,417.131290
D,DISPATCH,UNIT_SCADA,1,"2019/08/20 00:20:00",LD03,421.087460
D,DISPATCH,UNIT_SCADA,1,"2019/08/20 00:20:00",LD04,376.743710
D,DISPATCH,UNIT_SCADA,1,"2019/08/20 00:20:00",LEM_WIL,85.008650
D,DISPATCH,UNIT_SCADA,1,"2019/08/20 00:20:00",LGAPWF1,8.27
D,DISPATCH,UNIT_SCADA,1,"2019/08/20 00:20:00",LILYSF1,0
D,DISPATCH,UNIT_SCADA,1,"2019/08/20 00:20:00",LI_WY_CA,143.153990
D,DISPATCH,UNIT_SCADA,1,"2019/08/20 00:20:00",LKBONNY2,138.3504
D,DISPATCH,UNIT_SCADA,1,"2019/08/20 00:20:00",LKBONNY3,35.0004
D,DISPATCH,UNIT_SCADA,1,"2019/08/20 00:20:00",LK_ECHO,0
D,DISPATCH,UNIT_SCADA,1,"2019/08/20 00:20:00",LNGS1,0
D,DISPATCH,UNIT_SCADA,1,"2019/08/20 00:20:00",LNGS2,0
D,DISPATCH,UNIT_SCADA,1,"2019/08/20 00:20:00",LONSDALE,0
D,DISPATCH,UNIT_SCADA,1,"2019/08/20 00:20:00",LOYYB1,536.088620
D,DISPATCH,UNIT_SCADA,1,"2019/08/20 00:20:00",LOYYB2,583.834170
D,DISPATCH,UNIT_SCADA,1,"2019/08/20 00:20:00",LYA1,560
D,DISPATCH,UNIT_SCADA,1,"2019/08/20 00:20:00",LYA2,0
D,DISPATCH,UNIT_SCADA,1,"2019/08/20 00:20:00",LYA3,560
D,DISPATCH,UNIT_SCADA,1,"2019/08/20 00:20:00",LYA4,540
D,DISPATCH,UNIT_SCADA,1,"2019/08/20 00:20:00",MACARTH1,226.494770
D,DISPATCH,UNIT_SCADA,1,"2019/08/20 00:20:00",MACKAYGT,0
D,DISPATCH,UNIT_SCADA,1,"2019/08/20 00:20:00",MACKNTSH,85.430010
D,DISPATCH,UNIT_SCADA,1,"2019/08/20 00:20:00",MANSLR1,0
D,DISPATCH,UNIT_SCADA,1,"2019/08/20 00:20:00",MCKAY1,0.02
D,DISPATCH,UNIT_SCADA,1,"2019/08/20 00:20:00",MEADOWBK,33.810140
D,DISPATCH,UNIT_SCADA,1,"2019/08/20 00:20:00",MERCER01,125.6260
D,DISPATCH,UNIT_SCADA,1,"2019/08/20 00:20:00",MEWF1,119.132160
D,DISPATCH,UNIT_SCADA,1,"2019/08/20 00:20:00",MINTARO,0
D,DISPATCH,UNIT_SCADA,1,"2019/08/20 00:20:00",MOREESF1,0
D,DISPATCH,UNIT_SCADA,1,"2019/08/20 00:20:00",MORTLK11,124
D,DISPATCH,UNIT_SCADA,1,"2019/08/20 00:20:00",MORTLK12,0
D,DISPATCH,UNIT_SCADA,1,"2019/08/20 00:20:00",MP1,288.300050
D,DISPATCH,UNIT_SCADA,1,"2019/08/20 00:20:00",MP2,0
D,DISPATCH,UNIT_SCADA,1,"2019/08/20 00:20:00",MPP_1,428.50
D,DISPATCH,UNIT_SCADA,1,"2019/08/20 00:20:00",MPP_2,436
D,DISPATCH,UNIT_SCADA,1,"2019/08/20 00:20:00",MSTUART1,0
D,DISPATCH,UNIT_SCADA,1,"2019/08/20 00:20:00",MSTUART2,0
D,DISPATCH,UNIT_SCADA,1,"2019/08/20 00:20:00",MSTUART3,0
D,DISPATCH,UNIT_SCADA,1,"2019/08/20 00:20:00",MTGELWF1,64.702290
D,DISPATCH,UNIT_SCADA,1,"2019/08/20 00:20:00",MURRAY,0
D,DISPATCH,UNIT_SCADA,1,"2019/08/20 00:20:00",MUSSELR1,166.299990
D,DISPATCH,UNIT_SCADA,1,"2019/08/20 00:20:00",MUWAWF1,43.22
D,DISPATCH,UNIT_SCADA,1,"2019/08/20 00:20:00",NBHWF1,68.70
D,DISPATCH,UNIT_SCADA,1,"2019/08/20 00:20:00",NPS,0
D,DISPATCH,UNIT_SCADA,1,"2019/08/20 00:20:00",NUMURSF1,0
D,DISPATCH,UNIT_SCADA,1,"2019/08/20 00:20:00",NYNGAN1,0
D,DISPATCH,UNIT_SCADA,1,"2019/08/20 00:20:00",OAKEY1,0
D,DISPATCH,UNIT_SCADA,1,"2019/08/20 00:20:00",OAKEY1SF,0
D,DISPATCH,UNIT_SCADA,1,"2019/08/20 00:20:00",OAKEY2,0
D,DISPATCH,UNIT_SCADA,1,"2019/08/20 00:20:00",OAKLAND1,54.50
D,DISPATCH,UNIT_SCADA,1,"2019/08/20 00:20:00",OSB-AG,140.03
D,DISPATCH,UNIT_SCADA,1,"2019/08/20 00:20:00",PARSF1,0
D,DISPATCH,UNIT_SCADA,1,"2019/08/20 00:20:00",POAT110,0
D,DISPATCH,UNIT_SCADA,1,"2019/08/20 00:20:00",POAT220,13.68
D,DISPATCH,UNIT_SCADA,1,"2019/08/20 00:20:00",POR01,0
D,DISPATCH,UNIT_SCADA,1,"2019/08/20 00:20:00",POR03,0
D,DISPATCH,UNIT_SCADA,1,"2019/08/20 00:20:00",PPCCGT,236.636050
D,DISPATCH,UNIT_SCADA,1,"2019/08/20 00:20:00",PTSTAN1,0
D,DISPATCH,UNIT_SCADA,1,"2019/08/20 00:20:00",PUMP1,0
D,DISPATCH,UNIT_SCADA,1,"2019/08/20 00:20:00",PUMP2,0
D,DISPATCH,UNIT_SCADA,1,"2019/08/20 00:20:00",QPS1,0
D,DISPATCH,UNIT_SCADA,1,"2019/08/20 00:20:00",QPS2,0
D,DISPATCH,UNIT_SCADA,1,"2019/08/20 00:20:00",QPS3,0
D,DISPATCH,UNIT_SCADA,1,"2019/08/20 00:20:00",QPS4,0
D,DISPATCH,UNIT_SCADA,1,"2019/08/20 00:20:00",QPS5,0
D,DISPATCH,UNIT_SCADA,1,"2019/08/20 00:20:00",REECE1,114.540010
D,DISPATCH,UNIT_SCADA,1,"2019/08/20 00:20:00",REECE2,113.650010
D,DISPATCH,UNIT_SCADA,1,"2019/08/20 00:20:00",ROMA_7,0
D,DISPATCH,UNIT_SCADA,1,"2019/08/20 00:20:00",ROMA_8,0
D,DISPATCH,UNIT_SCADA,1,"2019/08/20 00:20:00",RRSF1,0
D,DISPATCH,UNIT_SCADA,1,"2019/08/20 00:20:00",RT_NSW1,0
D,DISPATCH,UNIT_SCADA,1,"2019/08/20 00:20:00",RT_NSW2,0
D,DISPATCH,UNIT_SCADA,1,"2019/08/20 00:20:00",RT_NSW3,0
D,DISPATCH,UNIT_SCADA,1,"2019/08/20 00:20:00",RT_NSW4,0
D,DISPATCH,UNIT_SCADA,1,"2019/08/20 00:20:00",RT_NSW5,0
D,DISPATCH,UNIT_SCADA,1,"2019/08/20 00:20:00",RT_NSW6,0
D,DISPATCH,UNIT_SCADA,1,"2019/08/20 00:20:00",RT_QLD1,0
D,DISPATCH,UNIT_SCADA,1,"2019/08/20 00:20:00",RT_SA1,0
D,DISPATCH,UNIT_SCADA,1,"2019/08/20 00:20:00",RT_SA2,0
D,DISPATCH,UNIT_SCADA,1,"2019/08/20 00:20:00",RT_SA3,0
D,DISPATCH,UNIT_SCADA,1,"2019/08/20 00:20:00",RT_SA4,0
D,DISPATCH,UNIT_SCADA,1,"2019/08/20 00:20:00",RT_SA5,0
D,DISPATCH,UNIT_SCADA,1,"2019/08/20 00:20:00",RT_SA6,0
D,DISPATCH,UNIT_SCADA,1,"2019/08/20 00:20:00",RT_TAS1,0
D,DISPATCH,UNIT_SCADA,1,"2019/08/20 00:20:00",RT_VIC1,0
D,DISPATCH,UNIT_SCADA,1,"2019/08/20 00:20:00",RT_VIC10,0
D,DISPATCH,UNIT_SCADA,1,"2019/08/20 00:20:00",RT_VIC11,0
D,DISPATCH,UNIT_SCADA,1,"2019/08/20 00:20:00",RT_VIC12,0
D,DISPATCH,UNIT_SCADA,1,"2019/08/20 00:20:00",RT_VIC2,0
D,DISPATCH,UNIT_SCADA,1,"2019/08/20 00:20:00",RT_VIC3,0
D,DISPATCH,UNIT_SCADA,1,"2019/08/20 00:20:00",RT_VIC4,0
D,DISPATCH,UNIT_SCADA,1,"2019/08/20 00:20:00",RT_VIC5,0
D,DISPATCH,UNIT_SCADA,1,"2019/08/20 00:20:00",RT_VIC6,0
D,DISPATCH,UNIT_SCADA,1,"2019/08/20 00:20:00",RT_VIC7,0
D,DISPATCH,UNIT_SCADA,1,"2019/08/20 00:20:00",RT_VIC8,0
D,DISPATCH,UNIT_SCADA,1,"2019/08/20 00:20:00",RT_VIC9,0
D,DISPATCH,UNIT_SCADA,1,"2019/08/20 00:20:00",RUGBYR1,0
D,DISPATCH,UNIT_SCADA,1,"2019/08/20 00:20:00",SALTCRK1,47.11
D,DISPATCH,UNIT_SCADA,1,"2019/08/20 00:20:00",SAPHWF1,247.640630
D,DISPATCH,UNIT_SCADA,1,"2019/08/20 00:20:00",SHGEN,0
D,DISPATCH,UNIT_SCADA,1,"2019/08/20 00:20:00",SHPUMP,157.173950
D,DISPATCH,UNIT_SCADA,1,"2019/08/20 00:20:00",SITHE01,0.043330
D,DISPATCH,UNIT_SCADA,1,"2019/08/20 00:20:00",SMCSF1,0
D,DISPATCH,UNIT_SCADA,1,"2019/08/20 00:20:00",SNOWNTH1,17.10
D,DISPATCH,UNIT_SCADA,1,"2019/08/20 00:20:00",SNOWSTH1,29.10
D,DISPATCH,UNIT_SCADA,1,"2019/08/20 00:20:00",SNOWTWN1,24.735670
D,DISPATCH,UNIT_SCADA,1,"2019/08/20 00:20:00",SNOWYP,0
D,DISPATCH,UNIT_SCADA,1,"2019/08/20 00:20:00",SNUG1,0.019440
D,DISPATCH,UNIT_SCADA,1,"2019/08/20 00:20:00",SRSF1,0
D,DISPATCH,UNIT_SCADA,1,"2019/08/20 00:20:00",STAN-1,0
D,DISPATCH,UNIT_SCADA,1,"2019/08/20 00:20:00",STAN-2,235.283540
D,DISPATCH,UNIT_SCADA,1,"2019/08/20 00:20:00",STAN-3,237.616380
D,DISPATCH,UNIT_SCADA,1,"2019/08/20 00:20:00",STAN-4,280.876460
D,DISPATCH,UNIT_SCADA,1,"2019/08/20 00:20:00",STWF1,162.337510
D,DISPATCH,UNIT_SCADA,1,"2019/08/20 00:20:00",SWAN_E,0
D,DISPATCH,UNIT_SCADA,1,"2019/08/20 00:20:00",TALWA1,301
D,DISPATCH,UNIT_SCADA,1,"2019/08/20 00:20:00",TARALGA1,87.258760
D,DISPATCH,UNIT_SCADA,1,"2019/08/20 00:20:00",TARONG#1,264.300020
D,DISPATCH,UNIT_SCADA,1,"2019/08/20 00:20:00",TARONG#2,263.50
D,DISPATCH,UNIT_SCADA,1,"2019/08/20 00:20:00",TARONG#3,223.400010
D,DISPATCH,UNIT_SCADA,1,"2019/08/20 00:20:00",TARONG#4,256.50
D,DISPATCH,UNIT_SCADA,1,"2019/08/20 00:20:00",TARRALEA,79
D,DISPATCH,UNIT_SCADA,1,"2019/08/20 00:20:00",TBSF1,-0.20
D,DISPATCH,UNIT_SCADA,1,"2019/08/20 00:20:00",TNPS1,355.300020
D,DISPATCH,UNIT_SCADA,1,"2019/08/20 00:20:00",TORRA1,57.109170
D,DISPATCH,UNIT_SCADA,1,"2019/08/20 00:20:00",TORRA2,0
D,DISPATCH,UNIT_SCADA,1,"2019/08/20 00:20:00",TORRA3,56.496220
D,DISPATCH,UNIT_SCADA,1,"2019/08/20 00:20:00",TORRA4,0
D,DISPATCH,UNIT_SCADA,1,"2019/08/20 00:20:00",TORRB1,64.15
D,DISPATCH,UNIT_SCADA,1,"2019/08/20 00:20:00",TORRB2,63.58
D,DISPATCH,UNIT_SCADA,1,"2019/08/20 00:20:00",TORRB3,0
D,DISPATCH,UNIT_SCADA,1,"2019/08/20 00:20:00",TORRB4,0
D,DISPATCH,UNIT_SCADA,1,"2019/08/20 00:20:00",TREVALLN,16.90
D,DISPATCH,UNIT_SCADA,1,"2019/08/20 00:20:00",TRIBUTE,45.24
D,DISPATCH,UNIT_SCADA,1,"2019/08/20 00:20:00",TUMUT3,0
D,DISPATCH,UNIT_SCADA,1,"2019/08/20 00:20:00",TUNGATIN,123.180020
D,DISPATCH,UNIT_SCADA,1,"2019/08/20 00:20:00",TVCC201,0
D,DISPATCH,UNIT_SCADA,1,"2019/08/20 00:20:00",TVPP104,0
D,DISPATCH,UNIT_SCADA,1,"2019/08/20 00:20:00",UPPTUMUT,0
D,DISPATCH,UNIT_SCADA,1,"2019/08/20 00:20:00",URANQ11,0
D,DISPATCH,UNIT_SCADA,1,"2019/08/20 00:20:00",URANQ12,0
D,DISPATCH,UNIT_SCADA,1,"2019/08/20 00:20:00",URANQ13,0
D,DISPATCH,UNIT_SCADA,1,"2019/08/20 00:20:00",URANQ14,0
D,DISPATCH,UNIT_SCADA,1,"2019/08/20 00:20:00",VP5,402.449980
D,DISPATCH,UNIT_SCADA,1,"2019/08/20 00:20:00",VP6,396.199980
D,DISPATCH,UNIT_SCADA,1,"2019/08/20 00:20:00",VPGS1,0
D,DISPATCH,UNIT_SCADA,1,"2019/08/20 00:20:00",VPGS2,0
D,DISPATCH,UNIT_SCADA,1,"2019/08/20 00:20:00",VPGS3,0
D,DISPATCH,UNIT_SCADA,1,"2019/08/20 00:20:00",VPGS4,0
D,DISPATCH,UNIT_SCADA,1,"2019/08/20 00:20:00",VPGS5,0
D,DISPATCH,UNIT_SCADA,1,"2019/08/20 00:20:00",VPGS6,0
D,DISPATCH,UNIT_SCADA,1,"2019/08/20 00:20:00",W/HOE#1,0
D,DISPATCH,UNIT_SCADA,1,"2019/08/20 00:20:00",W/HOE#2,0
D,DISPATCH,UNIT_SCADA,1,"2019/08/20 00:20:00",WATERLWF,104.50
D,DISPATCH,UNIT_SCADA,1,"2019/08/20 00:20:00",WEMENSF1,0
D,DISPATCH,UNIT_SCADA,1,"2019/08/20 00:20:00",WGWF1,73.20
D,DISPATCH,UNIT_SCADA,1,"2019/08/20 00:20:00",WHITSF1,0
D,DISPATCH,UNIT_SCADA,1,"2019/08/20 00:20:00",WKIEWA1,0
D,DISPATCH,UNIT_SCADA,1,"2019/08/20 00:20:00",WKIEWA2,15.30
D,DISPATCH,UNIT_SCADA,1,"2019/08/20 00:20:00",WOODLWN1,43.0560
D,DISPATCH,UNIT_SCADA,1,"2019/08/20 00:20:00",WRSF1,0
D,DISPATCH,UNIT_SCADA,1,"2019/08/20 00:20:00",WRWF1,134.7475
D,DISPATCH,UNIT_SCADA,1,"2019/08/20 00:20:00",YABULU,0
D,DISPATCH,UNIT_SCADA,1,"2019/08/20 00:20:00",YABULU2,0
D,DISPATCH,UNIT_SCADA,1,"2019/08/20 00:20:00",YARWUN_1,0
D,DISPATCH,UNIT_SCADA,1,"2019/08/20 00:20:00",YENDWF1,42.10
D,DISPATCH,UNIT_SCADA,1,"2019/08/20 00:20:00",YWPS1,378.445560
D,DISPATCH,UNIT_SCADA,1,"2019/08/20 00:20:00",YWPS2,276.437990
D,DISPATCH,UNIT_SCADA,1,"2019/08/20 00:20:00",YWPS3,0
D,DISPATCH,UNIT_SCADA,1,"2019/08/20 00:20:00",YWPS4,396.3671
C,"END OF REPORT",334
