C,NEMP.WORLD,DISPATCHSCADA,AEMO,PUBLIC,2019/08/22,19:55:07,0000000311880280,DISPATCHSCADA,0000000311880274
I,DISPATCH,UNIT_SCADA,1,SETTLEMENTDATE,DUID,SCADAVALUE
D,DISPATCH,UNIT_SCADA,1,"2019/08/22 20:00:00",BARCSF1,0.40
D,DISPATCH,UNIT_SCADA,1,"2019/08/22 20:00:00",BUTLERSG,9.699999
D,DISPATCH,UNIT_SCADA,1,"2019/08/22 20:00:00",CALL_A_4,0
D,DISPATCH,UNIT_SCADA,1,"2019/08/22 20:00:00",CAPTL_WF,49.871994
D,DISPATCH,UNIT_SCADA,1,"2019/08/22 20:00:00",CATHROCK,0
D,DISPATCH,UNIT_SCADA,1,"2019/08/22 20:00:00",CHALLHWF,3.20
D,DISPATCH,UNIT_SCADA,1,"2019/08/22 20:00:00",CLOVER,-0.01
D,DISPATCH,UNIT_SCADA,1,"2019/08/22 20:00:00",CLUNY,20.264133
D,DISPATCH,UNIT_SCADA,1,"2019/08/22 20:00:00",CNUNDAWF,1.001168
D,DISPATCH,UNIT_SCADA,1,"2019/08/22 20:00:00",CULLRGWF,9.45
D,DISPATCH,UNIT_SCADA,1,"2019/08/22 20:00:00",ERGT01,0
D,DISPATCH,UNIT_SCADA,1,"2019/08/22 20:00:00",GB01,0.072212
D,DISPATCH,UNIT_SCADA,1,"2019/08/22 20:00:00",GERMCRK,34.700001
D,DISPATCH,UNIT_SCADA,1,"2019/08/22 20:00:00",GRIFSF1,0
D,DISPATCH,UNIT_SCADA,1,"2019/08/22 20:00:00",HUGSF1,-0.2070
D,DISPATCH,UNIT_SCADA,1,"2019/08/22 20:00:00",LKBONNY1,1.339640
D,DISPATCH,UNIT_SCADA,1,"2019/08/22 20:00:00",LRSF1,-0.0180
D,DISPATCH,UNIT_SCADA,1,"2019/08/22 20:00:00",MBAHNTH,47.137497
D,DISPATCH,UNIT_SCADA,1,"2019/08/22 20:00:00",MLSP1,0.180001
D,DISPATCH,UNIT_SCADA,1,"2019/08/22 20:00:00",MLWF1,2.0550
D,DISPATCH,UNIT_SCADA,1,"2019/08/22 20:00:00",MTMILLAR,4.301078
D,DISPATCH,UNIT_SCADA,1,"2019/08/22 20:00:00",PALOONA,28.58
D,DISPATCH,UNIT_SCADA,1,"2019/08/22 20:00:00",PIONEER,47
D,DISPATCH,UNIT_SCADA,1,"2019/08/22 20:00:00",PORTWF,0
D,DISPATCH,UNIT_SCADA,1,"2019/08/22 20:00:00",REPULSE,28.980545
D,DISPATCH,UNIT_SCADA,1,"2019/08/22 20:00:00",ROWALLAN,10.3873
D,DISPATCH,UNIT_SCADA,1,"2019/08/22 20:00:00",ROYALLA1,0
D,DISPATCH,UNIT_SCADA,1,"2019/08/22 20:00:00",RPCG,11.80
D,DISPATCH,UNIT_SCADA,1,"2019/08/22 20:00:00",RUBICON,0
D,DISPATCH,UNIT_SCADA,1,"2019/08/22 20:00:00",SATGN1,0
D,DISPATCH,UNIT_SCADA,1,"2019/08/22 20:00:00",SATGS1,0
D,DISPATCH,UNIT_SCADA,1,"2019/08/22 20:00:00",STARHLWF,-0.099971
D,DISPATCH,UNIT_SCADA,1,"2019/08/22 20:00:00",WAUBRAWF,79.221001
D,DISPATCH,UNIT_SCADA,1,"2019/08/22 20:00:00",WOOLNTH1,50.530018
D,DISPATCH,UNIT_SCADA,1,"2019/08/22 20:00:00",WPWF,0
D,DISPATCH,UNIT_SCADA,1,"2019/08/22 20:00:00",YAMBUKWF,0.80
D,DISPATCH,UNIT_SCADA,1,"2019/08/22 20:00:00",YSWF1,4
D,DISPATCH,UNIT_SCADA,1,"2019/08/22 20:00:00",AGLHAL,54.338210
D,DISPATCH,UNIT_SCADA,1,"2019/08/22 20:00:00",AGLSOM,81.600010
D,DISPATCH,UNIT_SCADA,1,"2019/08/22 20:00:00",ANGAST1,0
D,DISPATCH,UNIT_SCADA,1,"2019/08/22 20:00:00",ARWF1,61.30
D,DISPATCH,UNIT_SCADA,1,"2019/08/22 20:00:00",BALBG1,0
D,DISPATCH,UNIT_SCADA,1,"2019/08/22 20:00:00",BALBL1,0
D,DISPATCH,UNIT_SCADA,1,"2019/08/22 20:00:00",BALDHWF1,55.2910
D,DISPATCH,UNIT_SCADA,1,"2019/08/22 20:00:00",BANN1,0
D,DISPATCH,UNIT_SCADA,1,"2019/08/22 20:00:00",BARCALDN,0
D,DISPATCH,UNIT_SCADA,1,"2019/08/22 20:00:00",BARRON-1,0
D,DISPATCH,UNIT_SCADA,1,"2019/08/22 20:00:00",BARRON-2,28.40
D,DISPATCH,UNIT_SCADA,1,"2019/08/22 20:00:00",BASTYAN,77.890010
D,DISPATCH,UNIT_SCADA,1,"2019/08/22 20:00:00",BBTHREE1,-1.99
D,DISPATCH,UNIT_SCADA,1,"2019/08/22 20:00:00",BBTHREE2,-2.01
D,DISPATCH,UNIT_SCADA,1,"2019/08/22 20:00:00",BBTHREE3,-1.08
D,DISPATCH,UNIT_SCADA,1,"2019/08/22 20:00:00",BDL01,44.88
D,DISPATCH,UNIT_SCADA,1,"2019/08/22 20:00:00",BDL02,44.82
D,DISPATCH,UNIT_SCADA,1,"2019/08/22 20:00:00",BERYLSF1,-0.190320
D,DISPATCH,UNIT_SCADA,1,"2019/08/22 20:00:00",BLOWERNG,0
D,DISPATCH,UNIT_SCADA,1,"2019/08/22 20:00:00",BLUFF1,-0.10
D,DISPATCH,UNIT_SCADA,1,"2019/08/22 20:00:00",BNGSF1,0
D,DISPATCH,UNIT_SCADA,1,"2019/08/22 20:00:00",BNGSF2,0
D,DISPATCH,UNIT_SCADA,1,"2019/08/22 20:00:00",BOCORWF1,68.27
D,DISPATCH,UNIT_SCADA,1,"2019/08/22 20:00:00",BODWF1,63.790840
D,DISPATCH,UNIT_SCADA,1,"2019/08/22 20:00:00",BRAEMAR1,157.600010
D,DISPATCH,UNIT_SCADA,1,"2019/08/22 20:00:00",BRAEMAR2,172.80
D,DISPATCH,UNIT_SCADA,1,"2019/08/22 20:00:00",BRAEMAR3,170.400010
D,DISPATCH,UNIT_SCADA,1,"2019/08/22 20:00:00",BRAEMAR5,0
D,DISPATCH,UNIT_SCADA,1,"2019/08/22 20:00:00",BRAEMAR6,159.867050
D,DISPATCH,UNIT_SCADA,1,"2019/08/22 20:00:00",BRAEMAR7,163.895460
D,DISPATCH,UNIT_SCADA,1,"2019/08/22 20:00:00",BROKENH1,0
D,DISPATCH,UNIT_SCADA,1,"2019/08/22 20:00:00",BW01,663.449950
D,DISPATCH,UNIT_SCADA,1,"2019/08/22 20:00:00",BW02,646.474980
D,DISPATCH,UNIT_SCADA,1,"2019/08/22 20:00:00",BW03,662.450070
D,DISPATCH,UNIT_SCADA,1,"2019/08/22 20:00:00",BW04,0
D,DISPATCH,UNIT_SCADA,1,"2019/08/22 20:00:00",CALL_B_1,109.10
D,DISPATCH,UNIT_SCADA,1,"2019/08/22 20:00:00",CALL_B_2,349.50
D,DISPATCH,UNIT_SCADA,1,"2019/08/22 20:00:00",CETHANA,97.9450
D,DISPATCH,UNIT_SCADA,1,"2019/08/22 20:00:00",CG1,0
D,DISPATCH,UNIT_SCADA,1,"2019/08/22 20:00:00",CG2,0
D,DISPATCH,UNIT_SCADA,1,"2019/08/22 20:00:00",CG3,0
D,DISPATCH,UNIT_SCADA,1,"2019/08/22 20:00:00",CG4,0
D,DISPATCH,UNIT_SCADA,1,"2019/08/22 20:00:00",CHILDSF1,0
D,DISPATCH,UNIT_SCADA,1,"2019/08/22 20:00:00",CLARESF1,0
D,DISPATCH,UNIT_SCADA,1,"2019/08/22 20:00:00",CLEMGPWF,-0.288140
D,DISPATCH,UNIT_SCADA,1,"2019/08/22 20:00:00",CLERMSF1,0
D,DISPATCH,UNIT_SCADA,1,"2019/08/22 20:00:00",COLEASF1,0
D,DISPATCH,UNIT_SCADA,1,"2019/08/22 20:00:00",COOPGWF1,23.817860
D,DISPATCH,UNIT_SCADA,1,"2019/08/22 20:00:00",CPP_3,406.725010
D,DISPATCH,UNIT_SCADA,1,"2019/08/22 20:00:00",CPP_4,405.899990
D,DISPATCH,UNIT_SCADA,1,"2019/08/22 20:00:00",CPSA,143.2075
D,DISPATCH,UNIT_SCADA,1,"2019/08/22 20:00:00",CROOKWF2,-0.18
D,DISPATCH,UNIT_SCADA,1,"2019/08/22 20:00:00",CROWLWF1,13.129220
D,DISPATCH,UNIT_SCADA,1,"2019/08/22 20:00:00",CSPVPS1,0
D,DISPATCH,UNIT_SCADA,1,"2019/08/22 20:00:00",DALNTH01,0
D,DISPATCH,UNIT_SCADA,1,"2019/08/22 20:00:00",DALNTHL1,0.141910
D,DISPATCH,UNIT_SCADA,1,"2019/08/22 20:00:00",DARTM1,134.50
D,DISPATCH,UNIT_SCADA,1,"2019/08/22 20:00:00",DAYDSF1,0
D,DISPATCH,UNIT_SCADA,1,"2019/08/22 20:00:00",DDPS1,629.078250
D,DISPATCH,UNIT_SCADA,1,"2019/08/22 20:00:00",DDSF1,0
D,DISPATCH,UNIT_SCADA,1,"2019/08/22 20:00:00",DEVILS_G,0
D,DISPATCH,UNIT_SCADA,1,"2019/08/22 20:00:00",DG_NSW1,0
D,DISPATCH,UNIT_SCADA,1,"2019/08/22 20:00:00",DG_QLD1,0
D,DISPATCH,UNIT_SCADA,1,"2019/08/22 20:00:00",DG_SA1,0
D,DISPATCH,UNIT_SCADA,1,"2019/08/22 20:00:00",DG_TAS1,0
D,DISPATCH,UNIT_SCADA,1,"2019/08/22 20:00:00",DG_VIC1,0
D,DISPATCH,UNIT_SCADA,1,"2019/08/22 20:00:00",DRYCGT1,0
D,DISPATCH,UNIT_SCADA,1,"2019/08/22 20:00:00",DRYCGT2,0
D,DISPATCH,UNIT_SCADA,1,"2019/08/22 20:00:00",DRYCGT3,0
D,DISPATCH,UNIT_SCADA,1,"2019/08/22 20:00:00",EILDON1,0
D,DISPATCH,UNIT_SCADA,1,"2019/08/22 20:00:00",EILDON2,36.56
D,DISPATCH,UNIT_SCADA,1,"2019/08/22 20:00:00",EMERASF1,0
D,DISPATCH,UNIT_SCADA,1,"2019/08/22 20:00:00",ER01,593.824950
D,DISPATCH,UNIT_SCADA,1,"2019/08/22 20:00:00",ER02,700.574950
D,DISPATCH,UNIT_SCADA,1,"2019/08/22 20:00:00",ER03,699.675050
D,DISPATCH,UNIT_SCADA,1,"2019/08/22 20:00:00",ER04,699.974980
D,DISPATCH,UNIT_SCADA,1,"2019/08/22 20:00:00",FINLYSF1,0
D,DISPATCH,UNIT_SCADA,1,"2019/08/22 20:00:00",FISHER,45.96
D,DISPATCH,UNIT_SCADA,1,"2019/08/22 20:00:00",GANNBG1,7.275370
D,DISPATCH,UNIT_SCADA,1,"2019/08/22 20:00:00",GANNBL1,0
D,DISPATCH,UNIT_SCADA,1,"2019/08/22 20:00:00",GANNSF1,0
D,DISPATCH,UNIT_SCADA,1,"2019/08/22 20:00:00",GORDON,111.4120
D,DISPATCH,UNIT_SCADA,1,"2019/08/22 20:00:00",GSTONE1,272.649990
D,DISPATCH,UNIT_SCADA,1,"2019/08/22 20:00:00",GSTONE2,230.1250
D,DISPATCH,UNIT_SCADA,1,"2019/08/22 20:00:00",GSTONE3,249.55
D,DISPATCH,UNIT_SCADA,1,"2019/08/22 20:00:00",GSTONE4,265.299990
D,DISPATCH,UNIT_SCADA,1,"2019/08/22 20:00:00",GSTONE5,271.600010
D,DISPATCH,UNIT_SCADA,1,"2019/08/22 20:00:00",GSTONE6,0
D,DISPATCH,UNIT_SCADA,1,"2019/08/22 20:00:00",GULLRSF1,0
D,DISPATCH,UNIT_SCADA,1,"2019/08/22 20:00:00",GULLRWF1,11.243130
D,DISPATCH,UNIT_SCADA,1,"2019/08/22 20:00:00",GUNNING1,-0.243260
D,DISPATCH,UNIT_SCADA,1,"2019/08/22 20:00:00",GUTHEGA,31
D,DISPATCH,UNIT_SCADA,1,"2019/08/22 20:00:00",HALLWF1,0.16
D,DISPATCH,UNIT_SCADA,1,"2019/08/22 20:00:00",HALLWF2,-0.41
D,DISPATCH,UNIT_SCADA,1,"2019/08/22 20:00:00",HAMISF1,0
D,DISPATCH,UNIT_SCADA,1,"2019/08/22 20:00:00",HAUGHT11,0
D,DISPATCH,UNIT_SCADA,1,"2019/08/22 20:00:00",HAYMSF1,0
D,DISPATCH,UNIT_SCADA,1,"2019/08/22 20:00:00",HDWF1,9.30
D,DISPATCH,UNIT_SCADA,1,"2019/08/22 20:00:00",HDWF2,9.90
D,DISPATCH,UNIT_SCADA,1,"2019/08/22 20:00:00",HDWF3,9.20
D,DISPATCH,UNIT_SCADA,1,"2019/08/22 20:00:00",HPRG1,29.90
D,DISPATCH,UNIT_SCADA,1,"2019/08/22 20:00:00",HPRL1,0
D,DISPATCH,UNIT_SCADA,1,"2019/08/22 20:00:00",HUMENSW,0
D,DISPATCH,UNIT_SCADA,1,"2019/08/22 20:00:00",HUMEV,9.50
D,DISPATCH,UNIT_SCADA,1,"2019/08/22 20:00:00",HVGTS,0
D,DISPATCH,UNIT_SCADA,1,"2019/08/22 20:00:00",JBUTTERS,140.91
D,DISPATCH,UNIT_SCADA,1,"2019/08/22 20:00:00",JLA01,53.50
D,DISPATCH,UNIT_SCADA,1,"2019/08/22 20:00:00",JLA02,53.70
D,DISPATCH,UNIT_SCADA,1,"2019/08/22 20:00:00",JLA03,0.10
D,DISPATCH,UNIT_SCADA,1,"2019/08/22 20:00:00",JLA04,0.10
D,DISPATCH,UNIT_SCADA,1,"2019/08/22 20:00:00",JLB01,0
D,DISPATCH,UNIT_SCADA,1,"2019/08/22 20:00:00",JLB02,83.80
D,DISPATCH,UNIT_SCADA,1,"2019/08/22 20:00:00",JLB03,83.90
D,DISPATCH,UNIT_SCADA,1,"2019/08/22 20:00:00",KAREEYA1,21.5575
D,DISPATCH,UNIT_SCADA,1,"2019/08/22 20:00:00",KAREEYA2,21.7150
D,DISPATCH,UNIT_SCADA,1,"2019/08/22 20:00:00",KAREEYA3,0
D,DISPATCH,UNIT_SCADA,1,"2019/08/22 20:00:00",KAREEYA4,21.6350
D,DISPATCH,UNIT_SCADA,1,"2019/08/22 20:00:00",KARSF1,0
D,DISPATCH,UNIT_SCADA,1,"2019/08/22 20:00:00",KIATAWF1,6.70
D,DISPATCH,UNIT_SCADA,1,"2019/08/22 20:00:00",KPP_1,0
D,DISPATCH,UNIT_SCADA,1,"2019/08/22 20:00:00",KSP1,0
D,DISPATCH,UNIT_SCADA,1,"2019/08/22 20:00:00",LADBROK1,42.86
D,DISPATCH,UNIT_SCADA,1,"2019/08/22 20:00:00",LADBROK2,43.59
D,DISPATCH,UNIT_SCADA,1,"2019/08/22 20:00:00",LD01,418.762480
D,DISPATCH,UNIT_SCADA,1,"2019/08/22 20:00:00",LD02,419.175020
D,DISPATCH,UNIT_SCADA,1,"2019/08/22 20:00:00",LD03,420.1875
D,DISPATCH,UNIT_SCADA,1,"2019/08/22 20:00:00",LD04,381.356230
D,DISPATCH,UNIT_SCADA,1,"2019/08/22 20:00:00",LEM_WIL,86.1183
D,DISPATCH,UNIT_SCADA,1,"2019/08/22 20:00:00",LGAPWF1,11.39
D,DISPATCH,UNIT_SCADA,1,"2019/08/22 20:00:00",LILYSF1,0
D,DISPATCH,UNIT_SCADA,1,"2019/08/22 20:00:00",LI_WY_CA,149.073060
D,DISPATCH,UNIT_SCADA,1,"2019/08/22 20:00:00",LKBONNY2,2.9974
D,DISPATCH,UNIT_SCADA,1,"2019/08/22 20:00:00",LKBONNY3,1.339730
D,DISPATCH,UNIT_SCADA,1,"2019/08/22 20:00:00",LK_ECHO,0
D,DISPATCH,UNIT_SCADA,1,"2019/08/22 20:00:00",LNGS1,0
D,DISPATCH,UNIT_SCADA,1,"2019/08/22 20:00:00",LNGS2,0
D,DISPATCH,UNIT_SCADA,1,"2019/08/22 20:00:00",LONSDALE,0
D,DISPATCH,UNIT_SCADA,1,"2019/08/22 20:00:00",LOYYB1,536.088620
D,DISPATCH,UNIT_SCADA,1,"2019/08/22 20:00:00",LOYYB2,582.330380
D,DISPATCH,UNIT_SCADA,1,"2019/08/22 20:00:00",LYA1,559
D,DISPATCH,UNIT_SCADA,1,"2019/08/22 20:00:00",LYA2,0
D,DISPATCH,UNIT_SCADA,1,"2019/08/22 20:00:00",LYA3,560
D,DISPATCH,UNIT_SCADA,1,"2019/08/22 20:00:00",LYA4,540
D,DISPATCH,UNIT_SCADA,1,"2019/08/22 20:00:00",MACARTH1,0
D,DISPATCH,UNIT_SCADA,1,"2019/08/22 20:00:00",MACKAYGT,0
D,DISPATCH,UNIT_SCADA,1,"2019/08/22 20:00:00",MACKNTSH,86.600010
D,DISPATCH,UNIT_SCADA,1,"2019/08/22 20:00:00",MANSLR1,0
D,DISPATCH,UNIT_SCADA,1,"2019/08/22 20:00:00",MCKAY1,208.959990
D,DISPATCH,UNIT_SCADA,1,"2019/08/22 20:00:00",MEADOWBK,33.810140
D,DISPATCH,UNIT_SCADA,1,"2019/08/22 20:00:00",MERCER01,6.5990
D,DISPATCH,UNIT_SCADA,1,"2019/08/22 20:00:00",MEWF1,0
D,DISPATCH,UNIT_SCADA,1,"2019/08/22 20:00:00",MINTARO,0
D,DISPATCH,UNIT_SCADA,1,"2019/08/22 20:00:00",MOREESF1,0
D,DISPATCH,UNIT_SCADA,1,"2019/08/22 20:00:00",MORTLK11,259
D,DISPATCH,UNIT_SCADA,1,"2019/08/22 20:00:00",MORTLK12,0
D,DISPATCH,UNIT_SCADA,1,"2019/08/22 20:00:00",MP1,279.599980
D,DISPATCH,UNIT_SCADA,1,"2019/08/22 20:00:00",MP2,0
D,DISPATCH,UNIT_SCADA,1,"2019/08/22 20:00:00",MPP_1,410.75
D,DISPATCH,UNIT_SCADA,1,"2019/08/22 20:00:00",MPP_2,434.75
D,DISPATCH,UNIT_SCADA,1,"2019/08/22 20:00:00",MSTUART1,0
D,DISPATCH,UNIT_SCADA,1,"2019/08/22 20:00:00",MSTUART2,0
D,DISPATCH,UNIT_SCADA,1,"2019/08/22 20:00:00",MSTUART3,0
D,DISPATCH,UNIT_SCADA,1,"2019/08/22 20:00:00",MTGELWF1,3.946040
D,DISPATCH,UNIT_SCADA,1,"2019/08/22 20:00:00",MURRAY,1114.290160
D,DISPATCH,UNIT_SCADA,1,"2019/08/22 20:00:00",MUSSELR1,25.40
D,DISPATCH,UNIT_SCADA,1,"2019/08/22 20:00:00",MUWAWF1,7.61
D,DISPATCH,UNIT_SCADA,1,"2019/08/22 20:00:00",NBHWF1,0.30
D,DISPATCH,UNIT_SCADA,1,"2019/08/22 20:00:00",NPS,511.1250
D,DISPATCH,UNIT_SCADA,1,"2019/08/22 20:00:00",NUMURSF1,0
D,DISPATCH,UNIT_SCADA,1,"2019/08/22 20:00:00",NYNGAN1,0
D,DISPATCH,UNIT_SCADA,1,"2019/08/22 20:00:00",OAKEY1,0
D,DISPATCH,UNIT_SCADA,1,"2019/08/22 20:00:00",OAKEY1SF,0.02
D,DISPATCH,UNIT_SCADA,1,"2019/08/22 20:00:00",OAKEY2,0
D,DISPATCH,UNIT_SCADA,1,"2019/08/22 20:00:00",OAKLAND1,8.10
D,DISPATCH,UNIT_SCADA,1,"2019/08/22 20:00:00",OSB-AG,184.049990
D,DISPATCH,UNIT_SCADA,1,"2019/08/22 20:00:00",PARSF1,0
D,DISPATCH,UNIT_SCADA,1,"2019/08/22 20:00:00",POAT110,61.781360
D,DISPATCH,UNIT_SCADA,1,"2019/08/22 20:00:00",POAT220,141.199040
D,DISPATCH,UNIT_SCADA,1,"2019/08/22 20:00:00",POR01,0
D,DISPATCH,UNIT_SCADA,1,"2019/08/22 20:00:00",POR03,0
D,DISPATCH,UNIT_SCADA,1,"2019/08/22 20:00:00",PPCCGT,492.998050
D,DISPATCH,UNIT_SCADA,1,"2019/08/22 20:00:00",PTSTAN1,0
D,DISPATCH,UNIT_SCADA,1,"2019/08/22 20:00:00",PUMP1,0
D,DISPATCH,UNIT_SCADA,1,"2019/08/22 20:00:00",PUMP2,0
D,DISPATCH,UNIT_SCADA,1,"2019/08/22 20:00:00",QPS1,29.10
D,DISPATCH,UNIT_SCADA,1,"2019/08/22 20:00:00",QPS2,0
D,DISPATCH,UNIT_SCADA,1,"2019/08/22 20:00:00",QPS3,0
D,DISPATCH,UNIT_SCADA,1,"2019/08/22 20:00:00",QPS4,0
D,DISPATCH,UNIT_SCADA,1,"2019/08/22 20:00:00",QPS5,125.65
D,DISPATCH,UNIT_SCADA,1,"2019/08/22 20:00:00",REECE1,119.38
D,DISPATCH,UNIT_SCADA,1,"2019/08/22 20:00:00",REECE2,119.070010
D,DISPATCH,UNIT_SCADA,1,"2019/08/22 20:00:00",ROMA_7,0
D,DISPATCH,UNIT_SCADA,1,"2019/08/22 20:00:00",ROMA_8,0
D,DISPATCH,UNIT_SCADA,1,"2019/08/22 20:00:00",RRSF1,0
D,DISPATCH,UNIT_SCADA,1,"2019/08/22 20:00:00",RT_NSW1,0
D,DISPATCH,UNIT_SCADA,1,"2019/08/22 20:00:00",RT_NSW2,0
D,DISPATCH,UNIT_SCADA,1,"2019/08/22 20:00:00",RT_NSW3,0
D,DISPATCH,UNIT_SCADA,1,"2019/08/22 20:00:00",RT_NSW4,0
D,DISPATCH,UNIT_SCADA,1,"2019/08/22 20:00:00",RT_NSW5,0
D,DISPATCH,UNIT_SCADA,1,"2019/08/22 20:00:00",RT_NSW6,0
D,DISPATCH,UNIT_SCADA,1,"2019/08/22 20:00:00",RT_QLD1,0
D,DISPATCH,UNIT_SCADA,1,"2019/08/22 20:00:00",RT_SA1,0
D,DISPATCH,UNIT_SCADA,1,"2019/08/22 20:00:00",RT_SA2,0
D,DISPATCH,UNIT_SCADA,1,"2019/08/22 20:00:00",RT_SA3,0
D,DISPATCH,UNIT_SCADA,1,"2019/08/22 20:00:00",RT_SA4,0
D,DISPATCH,UNIT_SCADA,1,"2019/08/22 20:00:00",RT_SA5,0
D,DISPATCH,UNIT_SCADA,1,"2019/08/22 20:00:00",RT_SA6,0
D,DISPATCH,UNIT_SCADA,1,"2019/08/22 20:00:00",RT_TAS1,0
D,DISPATCH,UNIT_SCADA,1,"2019/08/22 20:00:00",RT_VIC1,0
D,DISPATCH,UNIT_SCADA,1,"2019/08/22 20:00:00",RT_VIC10,0
D,DISPATCH,UNIT_SCADA,1,"2019/08/22 20:00:00",RT_VIC11,0
D,DISPATCH,UNIT_SCADA,1,"2019/08/22 20:00:00",RT_VIC12,0
D,DISPATCH,UNIT_SCADA,1,"2019/08/22 20:00:00",RT_VIC2,0
D,DISPATCH,UNIT_SCADA,1,"2019/08/22 20:00:00",RT_VIC3,0
D,DISPATCH,UNIT_SCADA,1,"2019/08/22 20:00:00",RT_VIC4,0
D,DISPATCH,UNIT_SCADA,1,"2019/08/22 20:00:00",RT_VIC5,0
D,DISPATCH,UNIT_SCADA,1,"2019/08/22 20:00:00",RT_VIC6,0
D,DISPATCH,UNIT_SCADA,1,"2019/08/22 20:00:00",RT_VIC7,0
D,DISPATCH,UNIT_SCADA,1,"2019/08/22 20:00:00",RT_VIC8,0
D,DISPATCH,UNIT_SCADA,1,"2019/08/22 20:00:00",RT_VIC9,0
D,DISPATCH,UNIT_SCADA,1,"2019/08/22 20:00:00",RUGBYR1,0
D,DISPATCH,UNIT_SCADA,1,"2019/08/22 20:00:00",SALTCRK1,3.46
D,DISPATCH,UNIT_SCADA,1,"2019/08/22 20:00:00",SAPHWF1,105.431240
D,DISPATCH,UNIT_SCADA,1,"2019/08/22 20:00:00",SHGEN,202.029540
D,DISPATCH,UNIT_SCADA,1,"2019/08/22 20:00:00",SHPUMP,0
D,DISPATCH,UNIT_SCADA,1,"2019/08/22 20:00:00",SITHE01,80.576130
D,DISPATCH,UNIT_SCADA,1,"2019/08/22 20:00:00",SMCSF1,0
D,DISPATCH,UNIT_SCADA,1,"2019/08/22 20:00:00",SNOWNTH1,11.10
D,DISPATCH,UNIT_SCADA,1,"2019/08/22 20:00:00",SNOWSTH1,14.30
D,DISPATCH,UNIT_SCADA,1,"2019/08/22 20:00:00",SNOWTWN1,7.420480
D,DISPATCH,UNIT_SCADA,1,"2019/08/22 20:00:00",SNOWYP,0
D,DISPATCH,UNIT_SCADA,1,"2019/08/22 20:00:00",SNUG1,0.019440
D,DISPATCH,UNIT_SCADA,1,"2019/08/22 20:00:00",SRSF1,0.43
D,DISPATCH,UNIT_SCADA,1,"2019/08/22 20:00:00",STAN-1,0
D,DISPATCH,UNIT_SCADA,1,"2019/08/22 20:00:00",STAN-2,346.183140
D,DISPATCH,UNIT_SCADA,1,"2019/08/22 20:00:00",STAN-3,345.298710
D,DISPATCH,UNIT_SCADA,1,"2019/08/22 20:00:00",STAN-4,366.460910
D,DISPATCH,UNIT_SCADA,1,"2019/08/22 20:00:00",STWF1,112.049990
D,DISPATCH,UNIT_SCADA,1,"2019/08/22 20:00:00",SWAN_E,0
D,DISPATCH,UNIT_SCADA,1,"2019/08/22 20:00:00",TALWA1,424
D,DISPATCH,UNIT_SCADA,1,"2019/08/22 20:00:00",TARALGA1,7.62
D,DISPATCH,UNIT_SCADA,1,"2019/08/22 20:00:00",TARONG#1,346.399990
D,DISPATCH,UNIT_SCADA,1,"2019/08/22 20:00:00",TARONG#2,346
D,DISPATCH,UNIT_SCADA,1,"2019/08/22 20:00:00",TARONG#3,264.399990
D,DISPATCH,UNIT_SCADA,1,"2019/08/22 20:00:00",TARONG#4,349.300020
D,DISPATCH,UNIT_SCADA,1,"2019/08/22 20:00:00",TARRALEA,83.70
D,DISPATCH,UNIT_SCADA,1,"2019/08/22 20:00:00",TBSF1,-0.20
D,DISPATCH,UNIT_SCADA,1,"2019/08/22 20:00:00",TNPS1,442.300020
D,DISPATCH,UNIT_SCADA,1,"2019/08/22 20:00:00",TORRA1,116.366360
D,DISPATCH,UNIT_SCADA,1,"2019/08/22 20:00:00",TORRA2,0
D,DISPATCH,UNIT_SCADA,1,"2019/08/22 20:00:00",TORRA3,46.130790
D,DISPATCH,UNIT_SCADA,1,"2019/08/22 20:00:00",TORRA4,108.370010
D,DISPATCH,UNIT_SCADA,1,"2019/08/22 20:00:00",TORRB1,124.29
D,DISPATCH,UNIT_SCADA,1,"2019/08/22 20:00:00",TORRB2,190.78
D,DISPATCH,UNIT_SCADA,1,"2019/08/22 20:00:00",TORRB3,0
D,DISPATCH,UNIT_SCADA,1,"2019/08/22 20:00:00",TORRB4,0
D,DISPATCH,UNIT_SCADA,1,"2019/08/22 20:00:00",TREVALLN,88.100030
D,DISPATCH,UNIT_SCADA,1,"2019/08/22 20:00:00",TRIBUTE,84.91
D,DISPATCH,UNIT_SCADA,1,"2019/08/22 20:00:00",TUMUT3,0
D,DISPATCH,UNIT_SCADA,1,"2019/08/22 20:00:00",TUNGATIN,139.630040
D,DISPATCH,UNIT_SCADA,1,"2019/08/22 20:00:00",TVCC201,0
D,DISPATCH,UNIT_SCADA,1,"2019/08/22 20:00:00",TVPP104,57.904710
D,DISPATCH,UNIT_SCADA,1,"2019/08/22 20:00:00",UPPTUMUT,0
D,DISPATCH,UNIT_SCADA,1,"2019/08/22 20:00:00",URANQ11,52.106260
D,DISPATCH,UNIT_SCADA,1,"2019/08/22 20:00:00",URANQ12,51.643750
D,DISPATCH,UNIT_SCADA,1,"2019/08/22 20:00:00",URANQ13,0
D,DISPATCH,UNIT_SCADA,1,"2019/08/22 20:00:00",URANQ14,0
D,DISPATCH,UNIT_SCADA,1,"2019/08/22 20:00:00",VP5,633.300050
D,DISPATCH,UNIT_SCADA,1,"2019/08/22 20:00:00",VP6,635.150020
D,DISPATCH,UNIT_SCADA,1,"2019/08/22 20:00:00",VPGS1,0
D,DISPATCH,UNIT_SCADA,1,"2019/08/22 20:00:00",VPGS2,0
D,DISPATCH,UNIT_SCADA,1,"2019/08/22 20:00:00",VPGS3,0
D,DISPATCH,UNIT_SCADA,1,"2019/08/22 20:00:00",VPGS4,0
D,DISPATCH,UNIT_SCADA,1,"2019/08/22 20:00:00",VPGS5,0
D,DISPATCH,UNIT_SCADA,1,"2019/08/22 20:00:00",VPGS6,0
D,DISPATCH,UNIT_SCADA,1,"2019/08/22 20:00:00",W/HOE#1,0
D,DISPATCH,UNIT_SCADA,1,"2019/08/22 20:00:00",W/HOE#2,0
D,DISPATCH,UNIT_SCADA,1,"2019/08/22 20:00:00",WATERLWF,-0.80
D,DISPATCH,UNIT_SCADA,1,"2019/08/22 20:00:00",WEMENSF1,0
D,DISPATCH,UNIT_SCADA,1,"2019/08/22 20:00:00",WGWF1,3.80
D,DISPATCH,UNIT_SCADA,1,"2019/08/22 20:00:00",WHITSF1,0
D,DISPATCH,UNIT_SCADA,1,"2019/08/22 20:00:00",WKIEWA1,32.10
D,DISPATCH,UNIT_SCADA,1,"2019/08/22 20:00:00",WKIEWA2,0
D,DISPATCH,UNIT_SCADA,1,"2019/08/22 20:00:00",WOODLWN1,14.247010
D,DISPATCH,UNIT_SCADA,1,"2019/08/22 20:00:00",WRSF1,0
D,DISPATCH,UNIT_SCADA,1,"2019/08/22 20:00:00",WRWF1,40.766250
D,DISPATCH,UNIT_SCADA,1,"2019/08/22 20:00:00",YABULU,0
D,DISPATCH,UNIT_SCADA,1,"2019/08/22 20:00:00",YABULU2,0
D,DISPATCH,UNIT_SCADA,1,"2019/08/22 20:00:00",YARWUN_1,0
D,DISPATCH,UNIT_SCADA,1,"2019/08/22 20:00:00",YENDWF1,4.07
D,DISPATCH,UNIT_SCADA,1,"2019/08/22 20:00:00",YWPS1,370.425320
D,DISPATCH,UNIT_SCADA,1,"2019/08/22 20:00:00",YWPS2,281.701260
D,DISPATCH,UNIT_SCADA,1,"2019/08/22 20:00:00",YWPS3,0
D,DISPATCH,UNIT_SCADA,1,"2019/08/22 20:00:00",YWPS4,395.802520
C,"END OF REPORT",334
