C,NEMP.WORLD,DISPATCHSCADA,AEMO,PUBLIC,2019/08/22,05:40:09,0000000311854668,DISPATCHSCADA,0000000311854662
I,DISPATCH,UNIT_SCADA,1,SETTLEMENTDATE,DUID,SCADAVALUE
D,DISPATCH,UNIT_SCADA,1,"2019/08/22 05:45:00",BARCSF1,0.70
D,DISPATCH,UNIT_SCADA,1,"2019/08/22 05:45:00",BUTLERSG,9.699999
D,DISPATCH,UNIT_SCADA,1,"2019/08/22 05:45:00",CALL_A_4,0
D,DISPATCH,UNIT_SCADA,1,"2019/08/22 05:45:00",CAPTL_WF,123.5280
D,DISPATCH,UNIT_SCADA,1,"2019/08/22 05:45:00",CATHROCK,8.27
D,DISPATCH,UNIT_SCADA,1,"2019/08/22 05:45:00",CHALLHWF,45.900002
D,DISPATCH,UNIT_SCADA,1,"2019/08/22 05:45:00",CLOVER,-0.02
D,DISPATCH,UNIT_SCADA,1,"2019/08/22 05:45:00",CLUNY,19.983063
D,DISPATCH,UNIT_SCADA,1,"2019/08/22 05:45:00",CNUNDAWF,39.646248
D,DISPATCH,UNIT_SCADA,1,"2019/08/22 05:45:00",CULLRGWF,30.48
D,DISPATCH,UNIT_SCADA,1,"2019/08/22 05:45:00",ERGT01,0
D,DISPATCH,UNIT_SCADA,1,"2019/08/22 05:45:00",GB01,0.062233
D,DISPATCH,UNIT_SCADA,1,"2019/08/22 05:45:00",GERMCRK,37.299999
D,DISPATCH,UNIT_SCADA,1,"2019/08/22 05:45:00",GRIFSF1,0
D,DISPATCH,UNIT_SCADA,1,"2019/08/22 05:45:00",HUGSF1,-0.2430
D,DISPATCH,UNIT_SCADA,1,"2019/08/22 05:45:00",LKBONNY1,68.232353
D,DISPATCH,UNIT_SCADA,1,"2019/08/22 05:45:00",LRSF1,0.0390
D,DISPATCH,UNIT_SCADA,1,"2019/08/22 05:45:00",MBAHNTH,55.968750
D,DISPATCH,UNIT_SCADA,1,"2019/08/22 05:45:00",MLSP1,0.271001
D,DISPATCH,UNIT_SCADA,1,"2019/08/22 05:45:00",MLWF1,18.66
D,DISPATCH,UNIT_SCADA,1,"2019/08/22 05:45:00",MTMILLAR,10.841990
D,DISPATCH,UNIT_SCADA,1,"2019/08/22 05:45:00",PALOONA,11.96
D,DISPATCH,UNIT_SCADA,1,"2019/08/22 05:45:00",PIONEER,48.100002
D,DISPATCH,UNIT_SCADA,1,"2019/08/22 05:45:00",PORTWF,111
D,DISPATCH,UNIT_SCADA,1,"2019/08/22 05:45:00",REPULSE,28.771801
D,DISPATCH,UNIT_SCADA,1,"2019/08/22 05:45:00",ROWALLAN,10.3873
D,DISPATCH,UNIT_SCADA,1,"2019/08/22 05:45:00",ROYALLA1,0
D,DISPATCH,UNIT_SCADA,1,"2019/08/22 05:45:00",RPCG,13.70
D,DISPATCH,UNIT_SCADA,1,"2019/08/22 05:45:00",RUBICON,0
D,DISPATCH,UNIT_SCADA,1,"2019/08/22 05:45:00",SATGN1,0
D,DISPATCH,UNIT_SCADA,1,"2019/08/22 05:45:00",SATGS1,0
D,DISPATCH,UNIT_SCADA,1,"2019/08/22 05:45:00",STARHLWF,2.699213
D,DISPATCH,UNIT_SCADA,1,"2019/08/22 05:45:00",WAUBRAWF,174.218002
D,DISPATCH,UNIT_SCADA,1,"2019/08/22 05:45:00",WOOLNTH1,97.100021
D,DISPATCH,UNIT_SCADA,1,"2019/08/22 05:45:00",WPWF,6
D,DISPATCH,UNIT_SCADA,1,"2019/08/22 05:45:00",YAMBUKWF,27.799999
D,DISPATCH,UNIT_SCADA,1,"2019/08/22 05:45:00",YSWF1,23.90
D,DISPATCH,UNIT_SCADA,1,"2019/08/22 05:45:00",AGLHAL,0
D,DISPATCH,UNIT_SCADA,1,"2019/08/22 05:45:00",AGLSOM,0
D,DISPATCH,UNIT_SCADA,1,"2019/08/22 05:45:00",ANGAST1,0
D,DISPATCH,UNIT_SCADA,1,"2019/08/22 05:45:00",ARWF1,215.900010
D,DISPATCH,UNIT_SCADA,1,"2019/08/22 05:45:00",BALBG1,0
D,DISPATCH,UNIT_SCADA,1,"2019/08/22 05:45:00",BALBL1,0
D,DISPATCH,UNIT_SCADA,1,"2019/08/22 05:45:00",BALDHWF1,99.2280
D,DISPATCH,UNIT_SCADA,1,"2019/08/22 05:45:00",BANN1,0
D,DISPATCH,UNIT_SCADA,1,"2019/08/22 05:45:00",BARCALDN,0
D,DISPATCH,UNIT_SCADA,1,"2019/08/22 05:45:00",BARRON-1,0
D,DISPATCH,UNIT_SCADA,1,"2019/08/22 05:45:00",BARRON-2,24.96
D,DISPATCH,UNIT_SCADA,1,"2019/08/22 05:45:00",BASTYAN,78.210010
D,DISPATCH,UNIT_SCADA,1,"2019/08/22 05:45:00",BBTHREE1,-2.01
D,DISPATCH,UNIT_SCADA,1,"2019/08/22 05:45:00",BBTHREE2,-1.99
D,DISPATCH,UNIT_SCADA,1,"2019/08/22 05:45:00",BBTHREE3,-1.11
D,DISPATCH,UNIT_SCADA,1,"2019/08/22 05:45:00",BDL01,0
D,DISPATCH,UNIT_SCADA,1,"2019/08/22 05:45:00",BDL02,0
D,DISPATCH,UNIT_SCADA,1,"2019/08/22 05:45:00",BERYLSF1,0
D,DISPATCH,UNIT_SCADA,1,"2019/08/22 05:45:00",BLOWERNG,0
D,DISPATCH,UNIT_SCADA,1,"2019/08/22 05:45:00",BLUFF1,32
D,DISPATCH,UNIT_SCADA,1,"2019/08/22 05:45:00",BNGSF1,0
D,DISPATCH,UNIT_SCADA,1,"2019/08/22 05:45:00",BNGSF2,0
D,DISPATCH,UNIT_SCADA,1,"2019/08/22 05:45:00",BOCORWF1,101.50
D,DISPATCH,UNIT_SCADA,1,"2019/08/22 05:45:00",BODWF1,107.0497
D,DISPATCH,UNIT_SCADA,1,"2019/08/22 05:45:00",BRAEMAR1,0
D,DISPATCH,UNIT_SCADA,1,"2019/08/22 05:45:00",BRAEMAR2,0
D,DISPATCH,UNIT_SCADA,1,"2019/08/22 05:45:00",BRAEMAR3,0
D,DISPATCH,UNIT_SCADA,1,"2019/08/22 05:45:00",BRAEMAR5,0
D,DISPATCH,UNIT_SCADA,1,"2019/08/22 05:45:00",BRAEMAR6,0
D,DISPATCH,UNIT_SCADA,1,"2019/08/22 05:45:00",BRAEMAR7,0
D,DISPATCH,UNIT_SCADA,1,"2019/08/22 05:45:00",BROKENH1,0
D,DISPATCH,UNIT_SCADA,1,"2019/08/22 05:45:00",BW01,394.174930
D,DISPATCH,UNIT_SCADA,1,"2019/08/22 05:45:00",BW02,537.25
D,DISPATCH,UNIT_SCADA,1,"2019/08/22 05:45:00",BW03,494.949950
D,DISPATCH,UNIT_SCADA,1,"2019/08/22 05:45:00",BW04,0
D,DISPATCH,UNIT_SCADA,1,"2019/08/22 05:45:00",CALL_B_1,349.300020
D,DISPATCH,UNIT_SCADA,1,"2019/08/22 05:45:00",CALL_B_2,289.100010
D,DISPATCH,UNIT_SCADA,1,"2019/08/22 05:45:00",CETHANA,98.6635
D,DISPATCH,UNIT_SCADA,1,"2019/08/22 05:45:00",CG1,0
D,DISPATCH,UNIT_SCADA,1,"2019/08/22 05:45:00",CG2,0
D,DISPATCH,UNIT_SCADA,1,"2019/08/22 05:45:00",CG3,0
D,DISPATCH,UNIT_SCADA,1,"2019/08/22 05:45:00",CG4,0
D,DISPATCH,UNIT_SCADA,1,"2019/08/22 05:45:00",CHILDSF1,0.01
D,DISPATCH,UNIT_SCADA,1,"2019/08/22 05:45:00",CLARESF1,0
D,DISPATCH,UNIT_SCADA,1,"2019/08/22 05:45:00",CLEMGPWF,6.843330
D,DISPATCH,UNIT_SCADA,1,"2019/08/22 05:45:00",CLERMSF1,0
D,DISPATCH,UNIT_SCADA,1,"2019/08/22 05:45:00",COLEASF1,0
D,DISPATCH,UNIT_SCADA,1,"2019/08/22 05:45:00",COOPGWF1,34.678580
D,DISPATCH,UNIT_SCADA,1,"2019/08/22 05:45:00",CPP_3,382.25
D,DISPATCH,UNIT_SCADA,1,"2019/08/22 05:45:00",CPP_4,383.6250
D,DISPATCH,UNIT_SCADA,1,"2019/08/22 05:45:00",CPSA,142.961260
D,DISPATCH,UNIT_SCADA,1,"2019/08/22 05:45:00",CROOKWF2,67.953750
D,DISPATCH,UNIT_SCADA,1,"2019/08/22 05:45:00",CROWLWF1,48.979970
D,DISPATCH,UNIT_SCADA,1,"2019/08/22 05:45:00",CSPVPS1,0.0430
D,DISPATCH,UNIT_SCADA,1,"2019/08/22 05:45:00",DALNTH01,0
D,DISPATCH,UNIT_SCADA,1,"2019/08/22 05:45:00",DALNTHL1,0.090030
D,DISPATCH,UNIT_SCADA,1,"2019/08/22 05:45:00",DARTM1,0
D,DISPATCH,UNIT_SCADA,1,"2019/08/22 05:45:00",DAYDSF1,0
D,DISPATCH,UNIT_SCADA,1,"2019/08/22 05:45:00",DDPS1,0
D,DISPATCH,UNIT_SCADA,1,"2019/08/22 05:45:00",DDSF1,0
D,DISPATCH,UNIT_SCADA,1,"2019/08/22 05:45:00",DEVILS_G,0
D,DISPATCH,UNIT_SCADA,1,"2019/08/22 05:45:00",DG_NSW1,0
D,DISPATCH,UNIT_SCADA,1,"2019/08/22 05:45:00",DG_QLD1,0
D,DISPATCH,UNIT_SCADA,1,"2019/08/22 05:45:00",DG_SA1,0
D,DISPATCH,UNIT_SCADA,1,"2019/08/22 05:45:00",DG_TAS1,0
D,DISPATCH,UNIT_SCADA,1,"2019/08/22 05:45:00",DG_VIC1,0
D,DISPATCH,UNIT_SCADA,1,"2019/08/22 05:45:00",DRYCGT1,0
D,DISPATCH,UNIT_SCADA,1,"2019/08/22 05:45:00",DRYCGT2,0
D,DISPATCH,UNIT_SCADA,1,"2019/08/22 05:45:00",DRYCGT3,0
D,DISPATCH,UNIT_SCADA,1,"2019/08/22 05:45:00",EILDON1,0
D,DISPATCH,UNIT_SCADA,1,"2019/08/22 05:45:00",EILDON2,0
D,DISPATCH,UNIT_SCADA,1,"2019/08/22 05:45:00",EMERASF1,0
D,DISPATCH,UNIT_SCADA,1,"2019/08/22 05:45:00",ER01,554.199950
D,DISPATCH,UNIT_SCADA,1,"2019/08/22 05:45:00",ER02,494.699950
D,DISPATCH,UNIT_SCADA,1,"2019/08/22 05:45:00",ER03,503.800050
D,DISPATCH,UNIT_SCADA,1,"2019/08/22 05:45:00",ER04,552.400020
D,DISPATCH,UNIT_SCADA,1,"2019/08/22 05:45:00",FINLYSF1,0
D,DISPATCH,UNIT_SCADA,1,"2019/08/22 05:45:00",FISHER,46.03
D,DISPATCH,UNIT_SCADA,1,"2019/08/22 05:45:00",GANNBG1,0
D,DISPATCH,UNIT_SCADA,1,"2019/08/22 05:45:00",GANNBL1,10.010410
D,DISPATCH,UNIT_SCADA,1,"2019/08/22 05:45:00",GANNSF1,0
D,DISPATCH,UNIT_SCADA,1,"2019/08/22 05:45:00",GORDON,11.334960
D,DISPATCH,UNIT_SCADA,1,"2019/08/22 05:45:00",GSTONE1,131.25
D,DISPATCH,UNIT_SCADA,1,"2019/08/22 05:45:00",GSTONE2,130.3750
D,DISPATCH,UNIT_SCADA,1,"2019/08/22 05:45:00",GSTONE3,130.724990
D,DISPATCH,UNIT_SCADA,1,"2019/08/22 05:45:00",GSTONE4,129.849990
D,DISPATCH,UNIT_SCADA,1,"2019/08/22 05:45:00",GSTONE5,131.95
D,DISPATCH,UNIT_SCADA,1,"2019/08/22 05:45:00",GSTONE6,0
D,DISPATCH,UNIT_SCADA,1,"2019/08/22 05:45:00",GULLRSF1,0
D,DISPATCH,UNIT_SCADA,1,"2019/08/22 05:45:00",GULLRWF1,159.083770
D,DISPATCH,UNIT_SCADA,1,"2019/08/22 05:45:00",GUNNING1,46.844370
D,DISPATCH,UNIT_SCADA,1,"2019/08/22 05:45:00",GUTHEGA,0
D,DISPATCH,UNIT_SCADA,1,"2019/08/22 05:45:00",HALLWF1,79.81
D,DISPATCH,UNIT_SCADA,1,"2019/08/22 05:45:00",HALLWF2,56.27
D,DISPATCH,UNIT_SCADA,1,"2019/08/22 05:45:00",HAMISF1,0
D,DISPATCH,UNIT_SCADA,1,"2019/08/22 05:45:00",HAUGHT11,0
D,DISPATCH,UNIT_SCADA,1,"2019/08/22 05:45:00",HAYMSF1,0
D,DISPATCH,UNIT_SCADA,1,"2019/08/22 05:45:00",HDWF1,48.10
D,DISPATCH,UNIT_SCADA,1,"2019/08/22 05:45:00",HDWF2,43.60
D,DISPATCH,UNIT_SCADA,1,"2019/08/22 05:45:00",HDWF3,47.80
D,DISPATCH,UNIT_SCADA,1,"2019/08/22 05:45:00",HPRG1,0.50
D,DISPATCH,UNIT_SCADA,1,"2019/08/22 05:45:00",HPRL1,0
D,DISPATCH,UNIT_SCADA,1,"2019/08/22 05:45:00",HUMENSW,0
D,DISPATCH,UNIT_SCADA,1,"2019/08/22 05:45:00",HUMEV,10.40
D,DISPATCH,UNIT_SCADA,1,"2019/08/22 05:45:00",HVGTS,0
D,DISPATCH,UNIT_SCADA,1,"2019/08/22 05:45:00",JBUTTERS,137.789990
D,DISPATCH,UNIT_SCADA,1,"2019/08/22 05:45:00",JLA01,0.50
D,DISPATCH,UNIT_SCADA,1,"2019/08/22 05:45:00",JLA02,0
D,DISPATCH,UNIT_SCADA,1,"2019/08/22 05:45:00",JLA03,0.10
D,DISPATCH,UNIT_SCADA,1,"2019/08/22 05:45:00",JLA04,0.10
D,DISPATCH,UNIT_SCADA,1,"2019/08/22 05:45:00",JLB01,0
D,DISPATCH,UNIT_SCADA,1,"2019/08/22 05:45:00",JLB02,0.10
D,DISPATCH,UNIT_SCADA,1,"2019/08/22 05:45:00",JLB03,0
D,DISPATCH,UNIT_SCADA,1,"2019/08/22 05:45:00",KAREEYA1,21.4875
D,DISPATCH,UNIT_SCADA,1,"2019/08/22 05:45:00",KAREEYA2,21.5925
D,DISPATCH,UNIT_SCADA,1,"2019/08/22 05:45:00",KAREEYA3,0
D,DISPATCH,UNIT_SCADA,1,"2019/08/22 05:45:00",KAREEYA4,21.6650
D,DISPATCH,UNIT_SCADA,1,"2019/08/22 05:45:00",KARSF1,0
D,DISPATCH,UNIT_SCADA,1,"2019/08/22 05:45:00",KIATAWF1,29.30
D,DISPATCH,UNIT_SCADA,1,"2019/08/22 05:45:00",KPP_1,0
D,DISPATCH,UNIT_SCADA,1,"2019/08/22 05:45:00",KSP1,0
D,DISPATCH,UNIT_SCADA,1,"2019/08/22 05:45:00",LADBROK1,0
D,DISPATCH,UNIT_SCADA,1,"2019/08/22 05:45:00",LADBROK2,0
D,DISPATCH,UNIT_SCADA,1,"2019/08/22 05:45:00",LD01,358.8750
D,DISPATCH,UNIT_SCADA,1,"2019/08/22 05:45:00",LD02,328.4437
D,DISPATCH,UNIT_SCADA,1,"2019/08/22 05:45:00",LD03,342.824980
D,DISPATCH,UNIT_SCADA,1,"2019/08/22 05:45:00",LD04,352.406250
D,DISPATCH,UNIT_SCADA,1,"2019/08/22 05:45:00",LEM_WIL,86.137340
D,DISPATCH,UNIT_SCADA,1,"2019/08/22 05:45:00",LGAPWF1,7.95
D,DISPATCH,UNIT_SCADA,1,"2019/08/22 05:45:00",LILYSF1,0
D,DISPATCH,UNIT_SCADA,1,"2019/08/22 05:45:00",LI_WY_CA,148.980590
D,DISPATCH,UNIT_SCADA,1,"2019/08/22 05:45:00",LKBONNY2,142.497850
D,DISPATCH,UNIT_SCADA,1,"2019/08/22 05:45:00",LKBONNY3,33.772320
D,DISPATCH,UNIT_SCADA,1,"2019/08/22 05:45:00",LK_ECHO,0
D,DISPATCH,UNIT_SCADA,1,"2019/08/22 05:45:00",LNGS1,0
D,DISPATCH,UNIT_SCADA,1,"2019/08/22 05:45:00",LNGS2,0
D,DISPATCH,UNIT_SCADA,1,"2019/08/22 05:45:00",LONSDALE,0
D,DISPATCH,UNIT_SCADA,1,"2019/08/22 05:45:00",LOYYB1,536.088620
D,DISPATCH,UNIT_SCADA,1,"2019/08/22 05:45:00",LOYYB2,580.074710
D,DISPATCH,UNIT_SCADA,1,"2019/08/22 05:45:00",LYA1,559
D,DISPATCH,UNIT_SCADA,1,"2019/08/22 05:45:00",LYA2,0
D,DISPATCH,UNIT_SCADA,1,"2019/08/22 05:45:00",LYA3,559
D,DISPATCH,UNIT_SCADA,1,"2019/08/22 05:45:00",LYA4,530
D,DISPATCH,UNIT_SCADA,1,"2019/08/22 05:45:00",MACARTH1,268.793790
D,DISPATCH,UNIT_SCADA,1,"2019/08/22 05:45:00",MACKAYGT,0
D,DISPATCH,UNIT_SCADA,1,"2019/08/22 05:45:00",MACKNTSH,86.38
D,DISPATCH,UNIT_SCADA,1,"2019/08/22 05:45:00",MANSLR1,0
D,DISPATCH,UNIT_SCADA,1,"2019/08/22 05:45:00",MCKAY1,0.02
D,DISPATCH,UNIT_SCADA,1,"2019/08/22 05:45:00",MEADOWBK,34.1531
D,DISPATCH,UNIT_SCADA,1,"2019/08/22 05:45:00",MERCER01,107.282010
D,DISPATCH,UNIT_SCADA,1,"2019/08/22 05:45:00",MEWF1,70.598660
D,DISPATCH,UNIT_SCADA,1,"2019/08/22 05:45:00",MINTARO,0
D,DISPATCH,UNIT_SCADA,1,"2019/08/22 05:45:00",MOREESF1,0
D,DISPATCH,UNIT_SCADA,1,"2019/08/22 05:45:00",MORTLK11,0
D,DISPATCH,UNIT_SCADA,1,"2019/08/22 05:45:00",MORTLK12,0
D,DISPATCH,UNIT_SCADA,1,"2019/08/22 05:45:00",MP1,281.525020
D,DISPATCH,UNIT_SCADA,1,"2019/08/22 05:45:00",MP2,0
D,DISPATCH,UNIT_SCADA,1,"2019/08/22 05:45:00",MPP_1,418.25
D,DISPATCH,UNIT_SCADA,1,"2019/08/22 05:45:00",MPP_2,415.75
D,DISPATCH,UNIT_SCADA,1,"2019/08/22 05:45:00",MSTUART1,0
D,DISPATCH,UNIT_SCADA,1,"2019/08/22 05:45:00",MSTUART2,0
D,DISPATCH,UNIT_SCADA,1,"2019/08/22 05:45:00",MSTUART3,0
D,DISPATCH,UNIT_SCADA,1,"2019/08/22 05:45:00",MTGELWF1,64.273510
D,DISPATCH,UNIT_SCADA,1,"2019/08/22 05:45:00",MURRAY,0
D,DISPATCH,UNIT_SCADA,1,"2019/08/22 05:45:00",MUSSELR1,134.600010
D,DISPATCH,UNIT_SCADA,1,"2019/08/22 05:45:00",MUWAWF1,50.20
D,DISPATCH,UNIT_SCADA,1,"2019/08/22 05:45:00",NBHWF1,98.30
D,DISPATCH,UNIT_SCADA,1,"2019/08/22 05:45:00",NPS,0
D,DISPATCH,UNIT_SCADA,1,"2019/08/22 05:45:00",NUMURSF1,0
D,DISPATCH,UNIT_SCADA,1,"2019/08/22 05:45:00",NYNGAN1,0
D,DISPATCH,UNIT_SCADA,1,"2019/08/22 05:45:00",OAKEY1,0
D,DISPATCH,UNIT_SCADA,1,"2019/08/22 05:45:00",OAKEY1SF,0
D,DISPATCH,UNIT_SCADA,1,"2019/08/22 05:45:00",OAKEY2,0
D,DISPATCH,UNIT_SCADA,1,"2019/08/22 05:45:00",OAKLAND1,61.60
D,DISPATCH,UNIT_SCADA,1,"2019/08/22 05:45:00",OSB-AG,0
D,DISPATCH,UNIT_SCADA,1,"2019/08/22 05:45:00",PARSF1,0
D,DISPATCH,UNIT_SCADA,1,"2019/08/22 05:45:00",POAT110,0
D,DISPATCH,UNIT_SCADA,1,"2019/08/22 05:45:00",POAT220,0
D,DISPATCH,UNIT_SCADA,1,"2019/08/22 05:45:00",POR01,0
D,DISPATCH,UNIT_SCADA,1,"2019/08/22 05:45:00",POR03,0
D,DISPATCH,UNIT_SCADA,1,"2019/08/22 05:45:00",PPCCGT,173.5522
D,DISPATCH,UNIT_SCADA,1,"2019/08/22 05:45:00",PTSTAN1,0
D,DISPATCH,UNIT_SCADA,1,"2019/08/22 05:45:00",PUMP1,0
D,DISPATCH,UNIT_SCADA,1,"2019/08/22 05:45:00",PUMP2,0
D,DISPATCH,UNIT_SCADA,1,"2019/08/22 05:45:00",QPS1,0
D,DISPATCH,UNIT_SCADA,1,"2019/08/22 05:45:00",QPS2,0
D,DISPATCH,UNIT_SCADA,1,"2019/08/22 05:45:00",QPS3,0
D,DISPATCH,UNIT_SCADA,1,"2019/08/22 05:45:00",QPS4,0
D,DISPATCH,UNIT_SCADA,1,"2019/08/22 05:45:00",QPS5,0
D,DISPATCH,UNIT_SCADA,1,"2019/08/22 05:45:00",REECE1,118.360010
D,DISPATCH,UNIT_SCADA,1,"2019/08/22 05:45:00",REECE2,118.690010
D,DISPATCH,UNIT_SCADA,1,"2019/08/22 05:45:00",ROMA_7,0
D,DISPATCH,UNIT_SCADA,1,"2019/08/22 05:45:00",ROMA_8,0
D,DISPATCH,UNIT_SCADA,1,"2019/08/22 05:45:00",RRSF1,0
D,DISPATCH,UNIT_SCADA,1,"2019/08/22 05:45:00",RT_NSW1,0
D,DISPATCH,UNIT_SCADA,1,"2019/08/22 05:45:00",RT_NSW2,0
D,DISPATCH,UNIT_SCADA,1,"2019/08/22 05:45:00",RT_NSW3,0
D,DISPATCH,UNIT_SCADA,1,"2019/08/22 05:45:00",RT_NSW4,0
D,DISPATCH,UNIT_SCADA,1,"2019/08/22 05:45:00",RT_NSW5,0
D,DISPATCH,UNIT_SCADA,1,"2019/08/22 05:45:00",RT_NSW6,0
D,DISPATCH,UNIT_SCADA,1,"2019/08/22 05:45:00",RT_QLD1,0
D,DISPATCH,UNIT_SCADA,1,"2019/08/22 05:45:00",RT_SA1,0
D,DISPATCH,UNIT_SCADA,1,"2019/08/22 05:45:00",RT_SA2,0
D,DISPATCH,UNIT_SCADA,1,"2019/08/22 05:45:00",RT_SA3,0
D,DISPATCH,UNIT_SCADA,1,"2019/08/22 05:45:00",RT_SA4,0
D,DISPATCH,UNIT_SCADA,1,"2019/08/22 05:45:00",RT_SA5,0
D,DISPATCH,UNIT_SCADA,1,"2019/08/22 05:45:00",RT_SA6,0
D,DISPATCH,UNIT_SCADA,1,"2019/08/22 05:45:00",RT_TAS1,0
D,DISPATCH,UNIT_SCADA,1,"2019/08/22 05:45:00",RT_VIC1,0
D,DISPATCH,UNIT_SCADA,1,"2019/08/22 05:45:00",RT_VIC10,0
D,DISPATCH,UNIT_SCADA,1,"2019/08/22 05:45:00",RT_VIC11,0
D,DISPATCH,UNIT_SCADA,1,"2019/08/22 05:45:00",RT_VIC12,0
D,DISPATCH,UNIT_SCADA,1,"2019/08/22 05:45:00",RT_VIC2,0
D,DISPATCH,UNIT_SCADA,1,"2019/08/22 05:45:00",RT_VIC3,0
D,DISPATCH,UNIT_SCADA,1,"2019/08/22 05:45:00",RT_VIC4,0
D,DISPATCH,UNIT_SCADA,1,"2019/08/22 05:45:00",RT_VIC5,0
D,DISPATCH,UNIT_SCADA,1,"2019/08/22 05:45:00",RT_VIC6,0
D,DISPATCH,UNIT_SCADA,1,"2019/08/22 05:45:00",RT_VIC7,0
D,DISPATCH,UNIT_SCADA,1,"2019/08/22 05:45:00",RT_VIC8,0
D,DISPATCH,UNIT_SCADA,1,"2019/08/22 05:45:00",RT_VIC9,0
D,DISPATCH,UNIT_SCADA,1,"2019/08/22 05:45:00",RUGBYR1,0
D,DISPATCH,UNIT_SCADA,1,"2019/08/22 05:45:00",SALTCRK1,46.25
D,DISPATCH,UNIT_SCADA,1,"2019/08/22 05:45:00",SAPHWF1,253.143740
D,DISPATCH,UNIT_SCADA,1,"2019/08/22 05:45:00",SHGEN,0
D,DISPATCH,UNIT_SCADA,1,"2019/08/22 05:45:00",SHPUMP,80.346880
D,DISPATCH,UNIT_SCADA,1,"2019/08/22 05:45:00",SITHE01,0.153860
D,DISPATCH,UNIT_SCADA,1,"2019/08/22 05:45:00",SMCSF1,0
D,DISPATCH,UNIT_SCADA,1,"2019/08/22 05:45:00",SNOWNTH1,24.60
D,DISPATCH,UNIT_SCADA,1,"2019/08/22 05:45:00",SNOWSTH1,31.50
D,DISPATCH,UNIT_SCADA,1,"2019/08/22 05:45:00",SNOWTWN1,13.779450
D,DISPATCH,UNIT_SCADA,1,"2019/08/22 05:45:00",SNOWYP,190.400010
D,DISPATCH,UNIT_SCADA,1,"2019/08/22 05:45:00",SNUG1,0.019440
D,DISPATCH,UNIT_SCADA,1,"2019/08/22 05:45:00",SRSF1,0.44
D,DISPATCH,UNIT_SCADA,1,"2019/08/22 05:45:00",STAN-1,0
D,DISPATCH,UNIT_SCADA,1,"2019/08/22 05:45:00",STAN-2,180.154170
D,DISPATCH,UNIT_SCADA,1,"2019/08/22 05:45:00",STAN-3,218.684490
D,DISPATCH,UNIT_SCADA,1,"2019/08/22 05:45:00",STAN-4,189.793170
D,DISPATCH,UNIT_SCADA,1,"2019/08/22 05:45:00",STWF1,172.901250
D,DISPATCH,UNIT_SCADA,1,"2019/08/22 05:45:00",SWAN_E,0
D,DISPATCH,UNIT_SCADA,1,"2019/08/22 05:45:00",TALWA1,300
D,DISPATCH,UNIT_SCADA,1,"2019/08/22 05:45:00",TARALGA1,89.16
D,DISPATCH,UNIT_SCADA,1,"2019/08/22 05:45:00",TARONG#1,279
D,DISPATCH,UNIT_SCADA,1,"2019/08/22 05:45:00",TARONG#2,230.50
D,DISPATCH,UNIT_SCADA,1,"2019/08/22 05:45:00",TARONG#3,260.200010
D,DISPATCH,UNIT_SCADA,1,"2019/08/22 05:45:00",TARONG#4,281.300020
D,DISPATCH,UNIT_SCADA,1,"2019/08/22 05:45:00",TARRALEA,83.90
D,DISPATCH,UNIT_SCADA,1,"2019/08/22 05:45:00",TBSF1,-0.20
D,DISPATCH,UNIT_SCADA,1,"2019/08/22 05:45:00",TNPS1,220.000020
D,DISPATCH,UNIT_SCADA,1,"2019/08/22 05:45:00",TORRA1,48.003460
D,DISPATCH,UNIT_SCADA,1,"2019/08/22 05:45:00",TORRA2,0
D,DISPATCH,UNIT_SCADA,1,"2019/08/22 05:45:00",TORRA3,7.937480
D,DISPATCH,UNIT_SCADA,1,"2019/08/22 05:45:00",TORRA4,0
D,DISPATCH,UNIT_SCADA,1,"2019/08/22 05:45:00",TORRB1,63
D,DISPATCH,UNIT_SCADA,1,"2019/08/22 05:45:00",TORRB2,62.95
D,DISPATCH,UNIT_SCADA,1,"2019/08/22 05:45:00",TORRB3,0
D,DISPATCH,UNIT_SCADA,1,"2019/08/22 05:45:00",TORRB4,0
D,DISPATCH,UNIT_SCADA,1,"2019/08/22 05:45:00",TREVALLN,18
D,DISPATCH,UNIT_SCADA,1,"2019/08/22 05:45:00",TRIBUTE,84.91
D,DISPATCH,UNIT_SCADA,1,"2019/08/22 05:45:00",TUMUT3,0
D,DISPATCH,UNIT_SCADA,1,"2019/08/22 05:45:00",TUNGATIN,3.80
D,DISPATCH,UNIT_SCADA,1,"2019/08/22 05:45:00",TVCC201,0
D,DISPATCH,UNIT_SCADA,1,"2019/08/22 05:45:00",TVPP104,0
D,DISPATCH,UNIT_SCADA,1,"2019/08/22 05:45:00",UPPTUMUT,0
D,DISPATCH,UNIT_SCADA,1,"2019/08/22 05:45:00",URANQ11,0
D,DISPATCH,UNIT_SCADA,1,"2019/08/22 05:45:00",URANQ12,0
D,DISPATCH,UNIT_SCADA,1,"2019/08/22 05:45:00",URANQ13,0
D,DISPATCH,UNIT_SCADA,1,"2019/08/22 05:45:00",URANQ14,0
D,DISPATCH,UNIT_SCADA,1,"2019/08/22 05:45:00",VP5,401.074980
D,DISPATCH,UNIT_SCADA,1,"2019/08/22 05:45:00",VP6,398.149990
D,DISPATCH,UNIT_SCADA,1,"2019/08/22 05:45:00",VPGS1,0
D,DISPATCH,UNIT_SCADA,1,"2019/08/22 05:45:00",VPGS2,0
D,DISPATCH,UNIT_SCADA,1,"2019/08/22 05:45:00",VPGS3,0
D,DISPATCH,UNIT_SCADA,1,"2019/08/22 05:45:00",VPGS4,0
D,DISPATCH,UNIT_SCADA,1,"2019/08/22 05:45:00",VPGS5,0
D,DISPATCH,UNIT_SCADA,1,"2019/08/22 05:45:00",VPGS6,0
D,DISPATCH,UNIT_SCADA,1,"2019/08/22 05:45:00",W/HOE#1,0
D,DISPATCH,UNIT_SCADA,1,"2019/08/22 05:45:00",W/HOE#2,0
D,DISPATCH,UNIT_SCADA,1,"2019/08/22 05:45:00",WATERLWF,107.50
D,DISPATCH,UNIT_SCADA,1,"2019/08/22 05:45:00",WEMENSF1,0
D,DISPATCH,UNIT_SCADA,1,"2019/08/22 05:45:00",WGWF1,82
D,DISPATCH,UNIT_SCADA,1,"2019/08/22 05:45:00",WHITSF1,0
D,DISPATCH,UNIT_SCADA,1,"2019/08/22 05:45:00",WKIEWA1,0
D,DISPATCH,UNIT_SCADA,1,"2019/08/22 05:45:00",WKIEWA2,15.10
D,DISPATCH,UNIT_SCADA,1,"2019/08/22 05:45:00",WOODLWN1,44.8380
D,DISPATCH,UNIT_SCADA,1,"2019/08/22 05:45:00",WRSF1,0
D,DISPATCH,UNIT_SCADA,1,"2019/08/22 05:45:00",WRWF1,163.118740
D,DISPATCH,UNIT_SCADA,1,"2019/08/22 05:45:00",YABULU,0
D,DISPATCH,UNIT_SCADA,1,"2019/08/22 05:45:00",YABULU2,0
D,DISPATCH,UNIT_SCADA,1,"2019/08/22 05:45:00",YARWUN_1,0
D,DISPATCH,UNIT_SCADA,1,"2019/08/22 05:45:00",YENDWF1,41.94
D,DISPATCH,UNIT_SCADA,1,"2019/08/22 05:45:00",YWPS1,316.789890
D,DISPATCH,UNIT_SCADA,1,"2019/08/22 05:45:00",YWPS2,282.7038
D,DISPATCH,UNIT_SCADA,1,"2019/08/22 05:45:00",YWPS3,0
D,DISPATCH,UNIT_SCADA,1,"2019/08/22 05:45:00",YWPS4,397.778470
C,"END OF REPORT",334
