C,NEMP.WORLD,DISPATCHSCADA,AEMO,PUBLIC,2019/09/04,19:25:07,0000000312394490,DISPATCHSCADA,0000000312394484
I,DISPATCH,UNIT_SCADA,1,SETTLEMENTDATE,DUID,SCADAVALUE
D,DISPATCH,UNIT_SCADA,1,"2019/09/04 19:30:00",BARCSF1,0.80
D,DISPATCH,UNIT_SCADA,1,"2019/09/04 19:30:00",BUTLERSG,10.199999
D,DISPATCH,UNIT_SCADA,1,"2019/09/04 19:30:00",CALL_A_4,0
D,DISPATCH,UNIT_SCADA,1,"2019/09/04 19:30:00",CAPTL_WF,55.1120
D,DISPATCH,UNIT_SCADA,1,"2019/09/04 19:30:00",CATHROCK,0
D,DISPATCH,UNIT_SCADA,1,"2019/09/04 19:30:00",CHALLHWF,0
D,DISPATCH,UNIT_SCADA,1,"2019/09/04 19:30:00",CLOVER,-0.01
D,DISPATCH,UNIT_SCADA,1,"2019/09/04 19:30:00",CLUNY,12.158847
D,DISPATCH,UNIT_SCADA,1,"2019/09/04 19:30:00",CNUNDAWF,0
D,DISPATCH,UNIT_SCADA,1,"2019/09/04 19:30:00",CULLRGWF,16.23
D,DISPATCH,UNIT_SCADA,1,"2019/09/04 19:30:00",ERGT01,0
D,DISPATCH,UNIT_SCADA,1,"2019/09/04 19:30:00",GB01,0.014633
D,DISPATCH,UNIT_SCADA,1,"2019/09/04 19:30:00",GERMCRK,40.099998
D,DISPATCH,UNIT_SCADA,1,"2019/09/04 19:30:00",GRIFSF1,0
D,DISPATCH,UNIT_SCADA,1,"2019/09/04 19:30:00",HUGSF1,-0.0870
D,DISPATCH,UNIT_SCADA,1,"2019/09/04 19:30:00",LKBONNY1,-0.449338
D,DISPATCH,UNIT_SCADA,1,"2019/09/04 19:30:00",LRSF1,-0.02
D,DISPATCH,UNIT_SCADA,1,"2019/09/04 19:30:00",MBAHNTH,27.131256
D,DISPATCH,UNIT_SCADA,1,"2019/09/04 19:30:00",MLSP1,0.366001
D,DISPATCH,UNIT_SCADA,1,"2019/09/04 19:30:00",MLWF1,0.5850
D,DISPATCH,UNIT_SCADA,1,"2019/09/04 19:30:00",MTMILLAR,2.716079
D,DISPATCH,UNIT_SCADA,1,"2019/09/04 19:30:00",PALOONA,24.039999
D,DISPATCH,UNIT_SCADA,1,"2019/09/04 19:30:00",PIONEER,41.799999
D,DISPATCH,UNIT_SCADA,1,"2019/09/04 19:30:00",PORTWF,-0.40
D,DISPATCH,UNIT_SCADA,1,"2019/09/04 19:30:00",REPULSE,19.843443
D,DISPATCH,UNIT_SCADA,1,"2019/09/04 19:30:00",ROWALLAN,10.3092
D,DISPATCH,UNIT_SCADA,1,"2019/09/04 19:30:00",ROYALLA1,0
D,DISPATCH,UNIT_SCADA,1,"2019/09/04 19:30:00",RPCG,-1.80
D,DISPATCH,UNIT_SCADA,1,"2019/09/04 19:30:00",RUBICON,0
D,DISPATCH,UNIT_SCADA,1,"2019/09/04 19:30:00",SATGN1,0
D,DISPATCH,UNIT_SCADA,1,"2019/09/04 19:30:00",SATGS1,0
D,DISPATCH,UNIT_SCADA,1,"2019/09/04 19:30:00",STARHLWF,-0.099971
D,DISPATCH,UNIT_SCADA,1,"2019/09/04 19:30:00",WAUBRAWF,10.96
D,DISPATCH,UNIT_SCADA,1,"2019/09/04 19:30:00",WOOLNTH1,22.660015
D,DISPATCH,UNIT_SCADA,1,"2019/09/04 19:30:00",WPWF,0
D,DISPATCH,UNIT_SCADA,1,"2019/09/04 19:30:00",YAMBUKWF,-0.20
D,DISPATCH,UNIT_SCADA,1,"2019/09/04 19:30:00",YSWF1,-0.10
D,DISPATCH,UNIT_SCADA,1,"2019/09/04 19:30:00",AGLHAL,120.555740
D,DISPATCH,UNIT_SCADA,1,"2019/09/04 19:30:00",AGLSOM,120.20
D,DISPATCH,UNIT_SCADA,1,"2019/09/04 19:30:00",ANGAST1,0
D,DISPATCH,UNIT_SCADA,1,"2019/09/04 19:30:00",ARWF1,23.50
D,DISPATCH,UNIT_SCADA,1,"2019/09/04 19:30:00",BALBG1,0
D,DISPATCH,UNIT_SCADA,1,"2019/09/04 19:30:00",BALBL1,0
D,DISPATCH,UNIT_SCADA,1,"2019/09/04 19:30:00",BALDHWF1,9.4810
D,DISPATCH,UNIT_SCADA,1,"2019/09/04 19:30:00",BANN1,0
D,DISPATCH,UNIT_SCADA,1,"2019/09/04 19:30:00",BARCALDN,0
D,DISPATCH,UNIT_SCADA,1,"2019/09/04 19:30:00",BARRON-1,33.04
D,DISPATCH,UNIT_SCADA,1,"2019/09/04 19:30:00",BARRON-2,0
D,DISPATCH,UNIT_SCADA,1,"2019/09/04 19:30:00",BASTYAN,79.790010
D,DISPATCH,UNIT_SCADA,1,"2019/09/04 19:30:00",BBTHREE1,0
D,DISPATCH,UNIT_SCADA,1,"2019/09/04 19:30:00",BBTHREE2,0
D,DISPATCH,UNIT_SCADA,1,"2019/09/04 19:30:00",BBTHREE3,0
D,DISPATCH,UNIT_SCADA,1,"2019/09/04 19:30:00",BDL01,43.92
D,DISPATCH,UNIT_SCADA,1,"2019/09/04 19:30:00",BDL02,44.04
D,DISPATCH,UNIT_SCADA,1,"2019/09/04 19:30:00",BERYLSF1,0
D,DISPATCH,UNIT_SCADA,1,"2019/09/04 19:30:00",BLOWERNG,11.10
D,DISPATCH,UNIT_SCADA,1,"2019/09/04 19:30:00",BLUFF1,23.10
D,DISPATCH,UNIT_SCADA,1,"2019/09/04 19:30:00",BNGSF1,0
D,DISPATCH,UNIT_SCADA,1,"2019/09/04 19:30:00",BNGSF2,0
D,DISPATCH,UNIT_SCADA,1,"2019/09/04 19:30:00",BOCORWF1,41.89
D,DISPATCH,UNIT_SCADA,1,"2019/09/04 19:30:00",BODWF1,58.192180
D,DISPATCH,UNIT_SCADA,1,"2019/09/04 19:30:00",BRAEMAR1,159.600010
D,DISPATCH,UNIT_SCADA,1,"2019/09/04 19:30:00",BRAEMAR2,0
D,DISPATCH,UNIT_SCADA,1,"2019/09/04 19:30:00",BRAEMAR3,172.400010
D,DISPATCH,UNIT_SCADA,1,"2019/09/04 19:30:00",BRAEMAR5,160.783520
D,DISPATCH,UNIT_SCADA,1,"2019/09/04 19:30:00",BRAEMAR6,0
D,DISPATCH,UNIT_SCADA,1,"2019/09/04 19:30:00",BRAEMAR7,0
D,DISPATCH,UNIT_SCADA,1,"2019/09/04 19:30:00",BROKENH1,0
D,DISPATCH,UNIT_SCADA,1,"2019/09/04 19:30:00",BW01,655.074950
D,DISPATCH,UNIT_SCADA,1,"2019/09/04 19:30:00",BW02,653.824950
D,DISPATCH,UNIT_SCADA,1,"2019/09/04 19:30:00",BW03,623.75
D,DISPATCH,UNIT_SCADA,1,"2019/09/04 19:30:00",BW04,0
D,DISPATCH,UNIT_SCADA,1,"2019/09/04 19:30:00",CALL_B_1,351
D,DISPATCH,UNIT_SCADA,1,"2019/09/04 19:30:00",CALL_B_2,270.399990
D,DISPATCH,UNIT_SCADA,1,"2019/09/04 19:30:00",CETHANA,79.323880
D,DISPATCH,UNIT_SCADA,1,"2019/09/04 19:30:00",CG1,0
D,DISPATCH,UNIT_SCADA,1,"2019/09/04 19:30:00",CG2,0
D,DISPATCH,UNIT_SCADA,1,"2019/09/04 19:30:00",CG3,0
D,DISPATCH,UNIT_SCADA,1,"2019/09/04 19:30:00",CG4,0
D,DISPATCH,UNIT_SCADA,1,"2019/09/04 19:30:00",CHILDSF1,0
D,DISPATCH,UNIT_SCADA,1,"2019/09/04 19:30:00",CLARESF1,0
D,DISPATCH,UNIT_SCADA,1,"2019/09/04 19:30:00",CLEMGPWF,30.686920
D,DISPATCH,UNIT_SCADA,1,"2019/09/04 19:30:00",CLERMSF1,0.18
D,DISPATCH,UNIT_SCADA,1,"2019/09/04 19:30:00",COLEASF1,0
D,DISPATCH,UNIT_SCADA,1,"2019/09/04 19:30:00",COOPGWF1,26.927510
D,DISPATCH,UNIT_SCADA,1,"2019/09/04 19:30:00",CPP_3,346.774990
D,DISPATCH,UNIT_SCADA,1,"2019/09/04 19:30:00",CPP_4,407.550020
D,DISPATCH,UNIT_SCADA,1,"2019/09/04 19:30:00",CPSA,142.227510
D,DISPATCH,UNIT_SCADA,1,"2019/09/04 19:30:00",CROOKWF2,77.513750
D,DISPATCH,UNIT_SCADA,1,"2019/09/04 19:30:00",CROWLWF1,13.080580
D,DISPATCH,UNIT_SCADA,1,"2019/09/04 19:30:00",CSPVPS1,0
D,DISPATCH,UNIT_SCADA,1,"2019/09/04 19:30:00",DALNTH01,0
D,DISPATCH,UNIT_SCADA,1,"2019/09/04 19:30:00",DALNTHL1,0.1297
D,DISPATCH,UNIT_SCADA,1,"2019/09/04 19:30:00",DARTM1,133.70
D,DISPATCH,UNIT_SCADA,1,"2019/09/04 19:30:00",DAYDSF1,0
D,DISPATCH,UNIT_SCADA,1,"2019/09/04 19:30:00",DDPS1,589.538820
D,DISPATCH,UNIT_SCADA,1,"2019/09/04 19:30:00",DDSF1,0
D,DISPATCH,UNIT_SCADA,1,"2019/09/04 19:30:00",DEVILS_G,55.599840
D,DISPATCH,UNIT_SCADA,1,"2019/09/04 19:30:00",DG_NSW1,0
D,DISPATCH,UNIT_SCADA,1,"2019/09/04 19:30:00",DG_QLD1,0
D,DISPATCH,UNIT_SCADA,1,"2019/09/04 19:30:00",DG_SA1,0
D,DISPATCH,UNIT_SCADA,1,"2019/09/04 19:30:00",DG_TAS1,0
D,DISPATCH,UNIT_SCADA,1,"2019/09/04 19:30:00",DG_VIC1,0
D,DISPATCH,UNIT_SCADA,1,"2019/09/04 19:30:00",DRYCGT1,0
D,DISPATCH,UNIT_SCADA,1,"2019/09/04 19:30:00",DRYCGT2,0
D,DISPATCH,UNIT_SCADA,1,"2019/09/04 19:30:00",DRYCGT3,0
D,DISPATCH,UNIT_SCADA,1,"2019/09/04 19:30:00",EILDON1,0
D,DISPATCH,UNIT_SCADA,1,"2019/09/04 19:30:00",EILDON2,0
D,DISPATCH,UNIT_SCADA,1,"2019/09/04 19:30:00",EMERASF1,0
D,DISPATCH,UNIT_SCADA,1,"2019/09/04 19:30:00",ER01,568.400020
D,DISPATCH,UNIT_SCADA,1,"2019/09/04 19:30:00",ER02,673.900020
D,DISPATCH,UNIT_SCADA,1,"2019/09/04 19:30:00",ER03,0
D,DISPATCH,UNIT_SCADA,1,"2019/09/04 19:30:00",ER04,674.75
D,DISPATCH,UNIT_SCADA,1,"2019/09/04 19:30:00",FINLYSF1,0
D,DISPATCH,UNIT_SCADA,1,"2019/09/04 19:30:00",FISHER,45.78
D,DISPATCH,UNIT_SCADA,1,"2019/09/04 19:30:00",GANNBG1,0.0022
D,DISPATCH,UNIT_SCADA,1,"2019/09/04 19:30:00",GANNBL1,0
D,DISPATCH,UNIT_SCADA,1,"2019/09/04 19:30:00",GANNSF1,0
D,DISPATCH,UNIT_SCADA,1,"2019/09/04 19:30:00",GORDON,18.4072
D,DISPATCH,UNIT_SCADA,1,"2019/09/04 19:30:00",GSTONE1,222.4250
D,DISPATCH,UNIT_SCADA,1,"2019/09/04 19:30:00",GSTONE2,222.25
D,DISPATCH,UNIT_SCADA,1,"2019/09/04 19:30:00",GSTONE3,0
D,DISPATCH,UNIT_SCADA,1,"2019/09/04 19:30:00",GSTONE4,253.5750
D,DISPATCH,UNIT_SCADA,1,"2019/09/04 19:30:00",GSTONE5,221.55
D,DISPATCH,UNIT_SCADA,1,"2019/09/04 19:30:00",GSTONE6,222.25
D,DISPATCH,UNIT_SCADA,1,"2019/09/04 19:30:00",GULLRSF1,0
D,DISPATCH,UNIT_SCADA,1,"2019/09/04 19:30:00",GULLRWF1,103.144410
D,DISPATCH,UNIT_SCADA,1,"2019/09/04 19:30:00",GUNNING1,17.261460
D,DISPATCH,UNIT_SCADA,1,"2019/09/04 19:30:00",GUTHEGA,31.10
D,DISPATCH,UNIT_SCADA,1,"2019/09/04 19:30:00",HALLWF1,40.90
D,DISPATCH,UNIT_SCADA,1,"2019/09/04 19:30:00",HALLWF2,4.85
D,DISPATCH,UNIT_SCADA,1,"2019/09/04 19:30:00",HAMISF1,0
D,DISPATCH,UNIT_SCADA,1,"2019/09/04 19:30:00",HAUGHT11,0
D,DISPATCH,UNIT_SCADA,1,"2019/09/04 19:30:00",HAYMSF1,0
D,DISPATCH,UNIT_SCADA,1,"2019/09/04 19:30:00",HDWF1,41.60
D,DISPATCH,UNIT_SCADA,1,"2019/09/04 19:30:00",HDWF2,52.60
D,DISPATCH,UNIT_SCADA,1,"2019/09/04 19:30:00",HDWF3,58
D,DISPATCH,UNIT_SCADA,1,"2019/09/04 19:30:00",HPRG1,0
D,DISPATCH,UNIT_SCADA,1,"2019/09/04 19:30:00",HPRL1,1.50
D,DISPATCH,UNIT_SCADA,1,"2019/09/04 19:30:00",HUMENSW,0
D,DISPATCH,UNIT_SCADA,1,"2019/09/04 19:30:00",HUMEV,25.60
D,DISPATCH,UNIT_SCADA,1,"2019/09/04 19:30:00",HVGTS,0
D,DISPATCH,UNIT_SCADA,1,"2019/09/04 19:30:00",JBUTTERS,113.579990
D,DISPATCH,UNIT_SCADA,1,"2019/09/04 19:30:00",JLA01,52.10
D,DISPATCH,UNIT_SCADA,1,"2019/09/04 19:30:00",JLA02,54.10
D,DISPATCH,UNIT_SCADA,1,"2019/09/04 19:30:00",JLA03,0
D,DISPATCH,UNIT_SCADA,1,"2019/09/04 19:30:00",JLA04,0
D,DISPATCH,UNIT_SCADA,1,"2019/09/04 19:30:00",JLB01,0
D,DISPATCH,UNIT_SCADA,1,"2019/09/04 19:30:00",JLB02,83.60
D,DISPATCH,UNIT_SCADA,1,"2019/09/04 19:30:00",JLB03,83.70
D,DISPATCH,UNIT_SCADA,1,"2019/09/04 19:30:00",KAREEYA1,21.4775
D,DISPATCH,UNIT_SCADA,1,"2019/09/04 19:30:00",KAREEYA2,21.7875
D,DISPATCH,UNIT_SCADA,1,"2019/09/04 19:30:00",KAREEYA3,0
D,DISPATCH,UNIT_SCADA,1,"2019/09/04 19:30:00",KAREEYA4,21.55
D,DISPATCH,UNIT_SCADA,1,"2019/09/04 19:30:00",KARSF1,0
D,DISPATCH,UNIT_SCADA,1,"2019/09/04 19:30:00",KIATAWF1,-0.20
D,DISPATCH,UNIT_SCADA,1,"2019/09/04 19:30:00",KPP_1,0
D,DISPATCH,UNIT_SCADA,1,"2019/09/04 19:30:00",KSP1,0
D,DISPATCH,UNIT_SCADA,1,"2019/09/04 19:30:00",LADBROK1,41.79
D,DISPATCH,UNIT_SCADA,1,"2019/09/04 19:30:00",LADBROK2,42.41
D,DISPATCH,UNIT_SCADA,1,"2019/09/04 19:30:00",LD01,419.0625
D,DISPATCH,UNIT_SCADA,1,"2019/09/04 19:30:00",LD02,399.637480
D,DISPATCH,UNIT_SCADA,1,"2019/09/04 19:30:00",LD03,420.956270
D,DISPATCH,UNIT_SCADA,1,"2019/09/04 19:30:00",LD04,377.981230
D,DISPATCH,UNIT_SCADA,1,"2019/09/04 19:30:00",LEM_WIL,85.2325
D,DISPATCH,UNIT_SCADA,1,"2019/09/04 19:30:00",LGAPWF1,35.02
D,DISPATCH,UNIT_SCADA,1,"2019/09/04 19:30:00",LILYSF1,0
D,DISPATCH,UNIT_SCADA,1,"2019/09/04 19:30:00",LI_WY_CA,155.0899
D,DISPATCH,UNIT_SCADA,1,"2019/09/04 19:30:00",LKBONNY2,-1.160150
D,DISPATCH,UNIT_SCADA,1,"2019/09/04 19:30:00",LKBONNY3,-0.225030
D,DISPATCH,UNIT_SCADA,1,"2019/09/04 19:30:00",LK_ECHO,0
D,DISPATCH,UNIT_SCADA,1,"2019/09/04 19:30:00",LNGS1,0
D,DISPATCH,UNIT_SCADA,1,"2019/09/04 19:30:00",LNGS2,0
D,DISPATCH,UNIT_SCADA,1,"2019/09/04 19:30:00",LONSDALE,0
D,DISPATCH,UNIT_SCADA,1,"2019/09/04 19:30:00",LOYYB1,535.712650
D,DISPATCH,UNIT_SCADA,1,"2019/09/04 19:30:00",LOYYB2,582.7063
D,DISPATCH,UNIT_SCADA,1,"2019/09/04 19:30:00",LYA1,0
D,DISPATCH,UNIT_SCADA,1,"2019/09/04 19:30:00",LYA2,0
D,DISPATCH,UNIT_SCADA,1,"2019/09/04 19:30:00",LYA3,559
D,DISPATCH,UNIT_SCADA,1,"2019/09/04 19:30:00",LYA4,540
D,DISPATCH,UNIT_SCADA,1,"2019/09/04 19:30:00",MACARTH1,0
D,DISPATCH,UNIT_SCADA,1,"2019/09/04 19:30:00",MACKAYGT,0.2240
D,DISPATCH,UNIT_SCADA,1,"2019/09/04 19:30:00",MACKNTSH,86.710010
D,DISPATCH,UNIT_SCADA,1,"2019/09/04 19:30:00",MANSLR1,0
D,DISPATCH,UNIT_SCADA,1,"2019/09/04 19:30:00",MCKAY1,119.390010
D,DISPATCH,UNIT_SCADA,1,"2019/09/04 19:30:00",MEADOWBK,25.121820
D,DISPATCH,UNIT_SCADA,1,"2019/09/04 19:30:00",MERCER01,-0.2050
D,DISPATCH,UNIT_SCADA,1,"2019/09/04 19:30:00",MEWF1,23.784450
D,DISPATCH,UNIT_SCADA,1,"2019/09/04 19:30:00",MINTARO,0
D,DISPATCH,UNIT_SCADA,1,"2019/09/04 19:30:00",MOREESF1,0
D,DISPATCH,UNIT_SCADA,1,"2019/09/04 19:30:00",MORTLK11,259
D,DISPATCH,UNIT_SCADA,1,"2019/09/04 19:30:00",MORTLK12,0
D,DISPATCH,UNIT_SCADA,1,"2019/09/04 19:30:00",MP1,233.724980
D,DISPATCH,UNIT_SCADA,1,"2019/09/04 19:30:00",MP2,0
D,DISPATCH,UNIT_SCADA,1,"2019/09/04 19:30:00",MPP_1,426
D,DISPATCH,UNIT_SCADA,1,"2019/09/04 19:30:00",MPP_2,434.75
D,DISPATCH,UNIT_SCADA,1,"2019/09/04 19:30:00",MSTUART1,0
D,DISPATCH,UNIT_SCADA,1,"2019/09/04 19:30:00",MSTUART2,0
D,DISPATCH,UNIT_SCADA,1,"2019/09/04 19:30:00",MSTUART3,0
D,DISPATCH,UNIT_SCADA,1,"2019/09/04 19:30:00",MTGELWF1,2.868740
D,DISPATCH,UNIT_SCADA,1,"2019/09/04 19:30:00",MURRAY,1091.7041
D,DISPATCH,UNIT_SCADA,1,"2019/09/04 19:30:00",MUSSELR1,164.50
D,DISPATCH,UNIT_SCADA,1,"2019/09/04 19:30:00",MUWAWF1,-0.13
D,DISPATCH,UNIT_SCADA,1,"2019/09/04 19:30:00",NBHWF1,51
D,DISPATCH,UNIT_SCADA,1,"2019/09/04 19:30:00",NPS,301.50
D,DISPATCH,UNIT_SCADA,1,"2019/09/04 19:30:00",NUMURSF1,0
D,DISPATCH,UNIT_SCADA,1,"2019/09/04 19:30:00",NYNGAN1,0
D,DISPATCH,UNIT_SCADA,1,"2019/09/04 19:30:00",OAKEY1,0
D,DISPATCH,UNIT_SCADA,1,"2019/09/04 19:30:00",OAKEY1SF,0.03
D,DISPATCH,UNIT_SCADA,1,"2019/09/04 19:30:00",OAKEY2,0
D,DISPATCH,UNIT_SCADA,1,"2019/09/04 19:30:00",OAKEY2SF,0
D,DISPATCH,UNIT_SCADA,1,"2019/09/04 19:30:00",OAKLAND1,-0.30
D,DISPATCH,UNIT_SCADA,1,"2019/09/04 19:30:00",OSB-AG,179.009990
D,DISPATCH,UNIT_SCADA,1,"2019/09/04 19:30:00",PARSF1,0
D,DISPATCH,UNIT_SCADA,1,"2019/09/04 19:30:00",POAT110,0
D,DISPATCH,UNIT_SCADA,1,"2019/09/04 19:30:00",POAT220,1.10
D,DISPATCH,UNIT_SCADA,1,"2019/09/04 19:30:00",POR01,0
D,DISPATCH,UNIT_SCADA,1,"2019/09/04 19:30:00",POR03,0
D,DISPATCH,UNIT_SCADA,1,"2019/09/04 19:30:00",PPCCGT,473.536010
D,DISPATCH,UNIT_SCADA,1,"2019/09/04 19:30:00",PTSTAN1,0
D,DISPATCH,UNIT_SCADA,1,"2019/09/04 19:30:00",PUMP1,0
D,DISPATCH,UNIT_SCADA,1,"2019/09/04 19:30:00",PUMP2,0
D,DISPATCH,UNIT_SCADA,1,"2019/09/04 19:30:00",QPS1,29
D,DISPATCH,UNIT_SCADA,1,"2019/09/04 19:30:00",QPS2,23.30
D,DISPATCH,UNIT_SCADA,1,"2019/09/04 19:30:00",QPS3,23.10
D,DISPATCH,UNIT_SCADA,1,"2019/09/04 19:30:00",QPS4,23.40
D,DISPATCH,UNIT_SCADA,1,"2019/09/04 19:30:00",QPS5,122.35
D,DISPATCH,UNIT_SCADA,1,"2019/09/04 19:30:00",REECE1,109.260010
D,DISPATCH,UNIT_SCADA,1,"2019/09/04 19:30:00",REECE2,117.540010
D,DISPATCH,UNIT_SCADA,1,"2019/09/04 19:30:00",ROMA_7,0
D,DISPATCH,UNIT_SCADA,1,"2019/09/04 19:30:00",ROMA_8,0
D,DISPATCH,UNIT_SCADA,1,"2019/09/04 19:30:00",RRSF1,0
D,DISPATCH,UNIT_SCADA,1,"2019/09/04 19:30:00",RT_NSW1,0
D,DISPATCH,UNIT_SCADA,1,"2019/09/04 19:30:00",RT_NSW2,0
D,DISPATCH,UNIT_SCADA,1,"2019/09/04 19:30:00",RT_NSW3,0
D,DISPATCH,UNIT_SCADA,1,"2019/09/04 19:30:00",RT_NSW4,0
D,DISPATCH,UNIT_SCADA,1,"2019/09/04 19:30:00",RT_NSW5,0
D,DISPATCH,UNIT_SCADA,1,"2019/09/04 19:30:00",RT_NSW6,0
D,DISPATCH,UNIT_SCADA,1,"2019/09/04 19:30:00",RT_QLD1,0
D,DISPATCH,UNIT_SCADA,1,"2019/09/04 19:30:00",RT_SA1,0
D,DISPATCH,UNIT_SCADA,1,"2019/09/04 19:30:00",RT_SA2,0
D,DISPATCH,UNIT_SCADA,1,"2019/09/04 19:30:00",RT_SA3,0
D,DISPATCH,UNIT_SCADA,1,"2019/09/04 19:30:00",RT_SA4,0
D,DISPATCH,UNIT_SCADA,1,"2019/09/04 19:30:00",RT_SA5,0
D,DISPATCH,UNIT_SCADA,1,"2019/09/04 19:30:00",RT_SA6,0
D,DISPATCH,UNIT_SCADA,1,"2019/09/04 19:30:00",RT_TAS1,0
D,DISPATCH,UNIT_SCADA,1,"2019/09/04 19:30:00",RT_VIC1,0
D,DISPATCH,UNIT_SCADA,1,"2019/09/04 19:30:00",RT_VIC10,0
D,DISPATCH,UNIT_SCADA,1,"2019/09/04 19:30:00",RT_VIC11,0
D,DISPATCH,UNIT_SCADA,1,"2019/09/04 19:30:00",RT_VIC12,0
D,DISPATCH,UNIT_SCADA,1,"2019/09/04 19:30:00",RT_VIC2,0
D,DISPATCH,UNIT_SCADA,1,"2019/09/04 19:30:00",RT_VIC3,0
D,DISPATCH,UNIT_SCADA,1,"2019/09/04 19:30:00",RT_VIC4,0
D,DISPATCH,UNIT_SCADA,1,"2019/09/04 19:30:00",RT_VIC5,0
D,DISPATCH,UNIT_SCADA,1,"2019/09/04 19:30:00",RT_VIC6,0
D,DISPATCH,UNIT_SCADA,1,"2019/09/04 19:30:00",RT_VIC7,0
D,DISPATCH,UNIT_SCADA,1,"2019/09/04 19:30:00",RT_VIC8,0
D,DISPATCH,UNIT_SCADA,1,"2019/09/04 19:30:00",RT_VIC9,0
D,DISPATCH,UNIT_SCADA,1,"2019/09/04 19:30:00",RUGBYR1,0
D,DISPATCH,UNIT_SCADA,1,"2019/09/04 19:30:00",SALTCRK1,-0.46
D,DISPATCH,UNIT_SCADA,1,"2019/09/04 19:30:00",SAPHWF1,133.818730
D,DISPATCH,UNIT_SCADA,1,"2019/09/04 19:30:00",SHGEN,161.1539
D,DISPATCH,UNIT_SCADA,1,"2019/09/04 19:30:00",SHPUMP,0
D,DISPATCH,UNIT_SCADA,1,"2019/09/04 19:30:00",SITHE01,0.764260
D,DISPATCH,UNIT_SCADA,1,"2019/09/04 19:30:00",SMCSF1,0
D,DISPATCH,UNIT_SCADA,1,"2019/09/04 19:30:00",SNOWNTH1,5.80
D,DISPATCH,UNIT_SCADA,1,"2019/09/04 19:30:00",SNOWSTH1,0.40
D,DISPATCH,UNIT_SCADA,1,"2019/09/04 19:30:00",SNOWTWN1,3.801430
D,DISPATCH,UNIT_SCADA,1,"2019/09/04 19:30:00",SNOWYP,0
D,DISPATCH,UNIT_SCADA,1,"2019/09/04 19:30:00",SNUG1,0.019440
D,DISPATCH,UNIT_SCADA,1,"2019/09/04 19:30:00",SRSF1,0.06
D,DISPATCH,UNIT_SCADA,1,"2019/09/04 19:30:00",STAN-1,218.799850
D,DISPATCH,UNIT_SCADA,1,"2019/09/04 19:30:00",STAN-2,357.039830
D,DISPATCH,UNIT_SCADA,1,"2019/09/04 19:30:00",STAN-3,363.781980
D,DISPATCH,UNIT_SCADA,1,"2019/09/04 19:30:00",STAN-4,365.140660
D,DISPATCH,UNIT_SCADA,1,"2019/09/04 19:30:00",STWF1,49.769990
D,DISPATCH,UNIT_SCADA,1,"2019/09/04 19:30:00",SWAN_E,0
D,DISPATCH,UNIT_SCADA,1,"2019/09/04 19:30:00",TALWA1,436
D,DISPATCH,UNIT_SCADA,1,"2019/09/04 19:30:00",TARALGA1,62.962510
D,DISPATCH,UNIT_SCADA,1,"2019/09/04 19:30:00",TARONG#1,338.600010
D,DISPATCH,UNIT_SCADA,1,"2019/09/04 19:30:00",TARONG#2,0
D,DISPATCH,UNIT_SCADA,1,"2019/09/04 19:30:00",TARONG#3,349.800020
D,DISPATCH,UNIT_SCADA,1,"2019/09/04 19:30:00",TARONG#4,349.50
D,DISPATCH,UNIT_SCADA,1,"2019/09/04 19:30:00",TARRALEA,71.10
D,DISPATCH,UNIT_SCADA,1,"2019/09/04 19:30:00",TBSF1,-0.20
D,DISPATCH,UNIT_SCADA,1,"2019/09/04 19:30:00",TNPS1,380.500030
D,DISPATCH,UNIT_SCADA,1,"2019/09/04 19:30:00",TORRA1,94.465950
D,DISPATCH,UNIT_SCADA,1,"2019/09/04 19:30:00",TORRA2,0
D,DISPATCH,UNIT_SCADA,1,"2019/09/04 19:30:00",TORRA3,0
D,DISPATCH,UNIT_SCADA,1,"2019/09/04 19:30:00",TORRA4,88.059390
D,DISPATCH,UNIT_SCADA,1,"2019/09/04 19:30:00",TORRB1,168.259990
D,DISPATCH,UNIT_SCADA,1,"2019/09/04 19:30:00",TORRB2,168.44
D,DISPATCH,UNIT_SCADA,1,"2019/09/04 19:30:00",TORRB3,168.50
D,DISPATCH,UNIT_SCADA,1,"2019/09/04 19:30:00",TORRB4,0
D,DISPATCH,UNIT_SCADA,1,"2019/09/04 19:30:00",TREVALLN,43.600010
D,DISPATCH,UNIT_SCADA,1,"2019/09/04 19:30:00",TRIBUTE,0
D,DISPATCH,UNIT_SCADA,1,"2019/09/04 19:30:00",TUMUT3,0
D,DISPATCH,UNIT_SCADA,1,"2019/09/04 19:30:00",TUNGATIN,122.250020
D,DISPATCH,UNIT_SCADA,1,"2019/09/04 19:30:00",TVCC201,0
D,DISPATCH,UNIT_SCADA,1,"2019/09/04 19:30:00",TVPP104,0
D,DISPATCH,UNIT_SCADA,1,"2019/09/04 19:30:00",UPPTUMUT,123.1614
D,DISPATCH,UNIT_SCADA,1,"2019/09/04 19:30:00",URANQ11,161.912480
D,DISPATCH,UNIT_SCADA,1,"2019/09/04 19:30:00",URANQ12,162.906250
D,DISPATCH,UNIT_SCADA,1,"2019/09/04 19:30:00",URANQ13,0
D,DISPATCH,UNIT_SCADA,1,"2019/09/04 19:30:00",URANQ14,0
D,DISPATCH,UNIT_SCADA,1,"2019/09/04 19:30:00",VP5,623.024960
D,DISPATCH,UNIT_SCADA,1,"2019/09/04 19:30:00",VP6,0
D,DISPATCH,UNIT_SCADA,1,"2019/09/04 19:30:00",VPGS1,0
D,DISPATCH,UNIT_SCADA,1,"2019/09/04 19:30:00",VPGS2,0
D,DISPATCH,UNIT_SCADA,1,"2019/09/04 19:30:00",VPGS3,0
D,DISPATCH,UNIT_SCADA,1,"2019/09/04 19:30:00",VPGS4,0
D,DISPATCH,UNIT_SCADA,1,"2019/09/04 19:30:00",VPGS5,0
D,DISPATCH,UNIT_SCADA,1,"2019/09/04 19:30:00",VPGS6,0
D,DISPATCH,UNIT_SCADA,1,"2019/09/04 19:30:00",W/HOE#1,0
D,DISPATCH,UNIT_SCADA,1,"2019/09/04 19:30:00",W/HOE#2,0
D,DISPATCH,UNIT_SCADA,1,"2019/09/04 19:30:00",WATERLWF,-1
D,DISPATCH,UNIT_SCADA,1,"2019/09/04 19:30:00",WEMENSF1,0
D,DISPATCH,UNIT_SCADA,1,"2019/09/04 19:30:00",WGWF1,45.40
D,DISPATCH,UNIT_SCADA,1,"2019/09/04 19:30:00",WHITSF1,0
D,DISPATCH,UNIT_SCADA,1,"2019/09/04 19:30:00",WKIEWA1,32
D,DISPATCH,UNIT_SCADA,1,"2019/09/04 19:30:00",WKIEWA2,32
D,DISPATCH,UNIT_SCADA,1,"2019/09/04 19:30:00",WOODLWN1,20.2410
D,DISPATCH,UNIT_SCADA,1,"2019/09/04 19:30:00",WRSF1,0
D,DISPATCH,UNIT_SCADA,1,"2019/09/04 19:30:00",WRWF1,38.538750
D,DISPATCH,UNIT_SCADA,1,"2019/09/04 19:30:00",YABULU,160.560010
D,DISPATCH,UNIT_SCADA,1,"2019/09/04 19:30:00",YABULU2,0
D,DISPATCH,UNIT_SCADA,1,"2019/09/04 19:30:00",YARWUN_1,159.80
D,DISPATCH,UNIT_SCADA,1,"2019/09/04 19:30:00",YENDWF1,-1.44
D,DISPATCH,UNIT_SCADA,1,"2019/09/04 19:30:00",YWPS1,382.956970
D,DISPATCH,UNIT_SCADA,1,"2019/09/04 19:30:00",YWPS2,281.701260
D,DISPATCH,UNIT_SCADA,1,"2019/09/04 19:30:00",YWPS3,0
D,DISPATCH,UNIT_SCADA,1,"2019/09/04 19:30:00",YWPS4,387.898740
C,"END OF REPORT",335
