C,NEMP.WORLD,DISPATCHSCADA,AEMO,PUBLIC,2019/08/20,04:50:08,0000000311772492,DISPATCHSCADA,0000000311772486
I,DISPATCH,UNIT_SCADA,1,SETTLEMENTDATE,DUID,SCADAVALUE
D,DISPATCH,UNIT_SCADA,1,"2019/08/20 04:55:00",BARCSF1,0
D,DISPATCH,UNIT_SCADA,1,"2019/08/20 04:55:00",BUTLERSG,9.799998
D,DISPATCH,UNIT_SCADA,1,"2019/08/20 04:55:00",CALL_A_4,0
D,DISPATCH,UNIT_SCADA,1,"2019/08/20 04:55:00",CAPTL_WF,120.192001
D,DISPATCH,UNIT_SCADA,1,"2019/08/20 04:55:00",CATHROCK,47.029999
D,DISPATCH,UNIT_SCADA,1,"2019/08/20 04:55:00",CHALLHWF,24.799999
D,DISPATCH,UNIT_SCADA,1,"2019/08/20 04:55:00",CLOVER,0
D,DISPATCH,UNIT_SCADA,1,"2019/08/20 04:55:00",CLUNY,16.292515
D,DISPATCH,UNIT_SCADA,1,"2019/08/20 04:55:00",CNUNDAWF,35.241112
D,DISPATCH,UNIT_SCADA,1,"2019/08/20 04:55:00",CULLRGWF,30.469999
D,DISPATCH,UNIT_SCADA,1,"2019/08/20 04:55:00",ERGT01,0
D,DISPATCH,UNIT_SCADA,1,"2019/08/20 04:55:00",GB01,0.057449
D,DISPATCH,UNIT_SCADA,1,"2019/08/20 04:55:00",GERMCRK,38.799999
D,DISPATCH,UNIT_SCADA,1,"2019/08/20 04:55:00",GRIFSF1,0
D,DISPATCH,UNIT_SCADA,1,"2019/08/20 04:55:00",HUGSF1,-0.2580
D,DISPATCH,UNIT_SCADA,1,"2019/08/20 04:55:00",LKBONNY1,61.623459
D,DISPATCH,UNIT_SCADA,1,"2019/08/20 04:55:00",LRSF1,-0.03
D,DISPATCH,UNIT_SCADA,1,"2019/08/20 04:55:00",MBAHNTH,55.781250
D,DISPATCH,UNIT_SCADA,1,"2019/08/20 04:55:00",MLSP1,0.304001
D,DISPATCH,UNIT_SCADA,1,"2019/08/20 04:55:00",MLWF1,19.5450
D,DISPATCH,UNIT_SCADA,1,"2019/08/20 04:55:00",MTMILLAR,20.285015
D,DISPATCH,UNIT_SCADA,1,"2019/08/20 04:55:00",PALOONA,23.60
D,DISPATCH,UNIT_SCADA,1,"2019/08/20 04:55:00",PIONEER,10.20
D,DISPATCH,UNIT_SCADA,1,"2019/08/20 04:55:00",PORTWF,138.199997
D,DISPATCH,UNIT_SCADA,1,"2019/08/20 04:55:00",REPULSE,28.936598
D,DISPATCH,UNIT_SCADA,1,"2019/08/20 04:55:00",ROWALLAN,9.8406
D,DISPATCH,UNIT_SCADA,1,"2019/08/20 04:55:00",ROYALLA1,0
D,DISPATCH,UNIT_SCADA,1,"2019/08/20 04:55:00",RPCG,13.90
D,DISPATCH,UNIT_SCADA,1,"2019/08/20 04:55:00",RUBICON,0
D,DISPATCH,UNIT_SCADA,1,"2019/08/20 04:55:00",SATGN1,0
D,DISPATCH,UNIT_SCADA,1,"2019/08/20 04:55:00",SATGS1,0
D,DISPATCH,UNIT_SCADA,1,"2019/08/20 04:55:00",STARHLWF,17.095015
D,DISPATCH,UNIT_SCADA,1,"2019/08/20 04:55:00",WAUBRAWF,123.844002
D,DISPATCH,UNIT_SCADA,1,"2019/08/20 04:55:00",WOOLNTH1,133.570023
D,DISPATCH,UNIT_SCADA,1,"2019/08/20 04:55:00",WPWF,27
D,DISPATCH,UNIT_SCADA,1,"2019/08/20 04:55:00",YAMBUKWF,9.80
D,DISPATCH,UNIT_SCADA,1,"2019/08/20 04:55:00",YSWF1,27.60
D,DISPATCH,UNIT_SCADA,1,"2019/08/20 04:55:00",AGLHAL,0
D,DISPATCH,UNIT_SCADA,1,"2019/08/20 04:55:00",AGLSOM,0
D,DISPATCH,UNIT_SCADA,1,"2019/08/20 04:55:00",ANGAST1,0
D,DISPATCH,UNIT_SCADA,1,"2019/08/20 04:55:00",ARWF1,30.20
D,DISPATCH,UNIT_SCADA,1,"2019/08/20 04:55:00",BALBG1,0
D,DISPATCH,UNIT_SCADA,1,"2019/08/20 04:55:00",BALBL1,6.01
D,DISPATCH,UNIT_SCADA,1,"2019/08/20 04:55:00",BALDHWF1,97.4970
D,DISPATCH,UNIT_SCADA,1,"2019/08/20 04:55:00",BANN1,0
D,DISPATCH,UNIT_SCADA,1,"2019/08/20 04:55:00",BARCALDN,0
D,DISPATCH,UNIT_SCADA,1,"2019/08/20 04:55:00",BARRON-1,0
D,DISPATCH,UNIT_SCADA,1,"2019/08/20 04:55:00",BARRON-2,25.28
D,DISPATCH,UNIT_SCADA,1,"2019/08/20 04:55:00",BASTYAN,81.250010
D,DISPATCH,UNIT_SCADA,1,"2019/08/20 04:55:00",BBTHREE1,0
D,DISPATCH,UNIT_SCADA,1,"2019/08/20 04:55:00",BBTHREE2,0
D,DISPATCH,UNIT_SCADA,1,"2019/08/20 04:55:00",BBTHREE3,0
D,DISPATCH,UNIT_SCADA,1,"2019/08/20 04:55:00",BDL01,0
D,DISPATCH,UNIT_SCADA,1,"2019/08/20 04:55:00",BDL02,0
D,DISPATCH,UNIT_SCADA,1,"2019/08/20 04:55:00",BERYLSF1,0
D,DISPATCH,UNIT_SCADA,1,"2019/08/20 04:55:00",BLOWERNG,0
D,DISPATCH,UNIT_SCADA,1,"2019/08/20 04:55:00",BLUFF1,32.60
D,DISPATCH,UNIT_SCADA,1,"2019/08/20 04:55:00",BNGSF1,0
D,DISPATCH,UNIT_SCADA,1,"2019/08/20 04:55:00",BNGSF2,0
D,DISPATCH,UNIT_SCADA,1,"2019/08/20 04:55:00",BOCORWF1,39.65
D,DISPATCH,UNIT_SCADA,1,"2019/08/20 04:55:00",BODWF1,47.937980
D,DISPATCH,UNIT_SCADA,1,"2019/08/20 04:55:00",BRAEMAR1,0
D,DISPATCH,UNIT_SCADA,1,"2019/08/20 04:55:00",BRAEMAR2,0
D,DISPATCH,UNIT_SCADA,1,"2019/08/20 04:55:00",BRAEMAR3,0
D,DISPATCH,UNIT_SCADA,1,"2019/08/20 04:55:00",BRAEMAR5,0
D,DISPATCH,UNIT_SCADA,1,"2019/08/20 04:55:00",BRAEMAR6,0
D,DISPATCH,UNIT_SCADA,1,"2019/08/20 04:55:00",BRAEMAR7,0
D,DISPATCH,UNIT_SCADA,1,"2019/08/20 04:55:00",BROKENH1,0
D,DISPATCH,UNIT_SCADA,1,"2019/08/20 04:55:00",BW01,395.75
D,DISPATCH,UNIT_SCADA,1,"2019/08/20 04:55:00",BW02,463.1250
D,DISPATCH,UNIT_SCADA,1,"2019/08/20 04:55:00",BW03,552.25
D,DISPATCH,UNIT_SCADA,1,"2019/08/20 04:55:00",BW04,0
D,DISPATCH,UNIT_SCADA,1,"2019/08/20 04:55:00",CALL_B_1,339.899990
D,DISPATCH,UNIT_SCADA,1,"2019/08/20 04:55:00",CALL_B_2,290
D,DISPATCH,UNIT_SCADA,1,"2019/08/20 04:55:00",CETHANA,92.616130
D,DISPATCH,UNIT_SCADA,1,"2019/08/20 04:55:00",CG1,0
D,DISPATCH,UNIT_SCADA,1,"2019/08/20 04:55:00",CG2,0
D,DISPATCH,UNIT_SCADA,1,"2019/08/20 04:55:00",CG3,0
D,DISPATCH,UNIT_SCADA,1,"2019/08/20 04:55:00",CG4,0
D,DISPATCH,UNIT_SCADA,1,"2019/08/20 04:55:00",CHILDSF1,0
D,DISPATCH,UNIT_SCADA,1,"2019/08/20 04:55:00",CLARESF1,0
D,DISPATCH,UNIT_SCADA,1,"2019/08/20 04:55:00",CLEMGPWF,2.6653
D,DISPATCH,UNIT_SCADA,1,"2019/08/20 04:55:00",CLERMSF1,0
D,DISPATCH,UNIT_SCADA,1,"2019/08/20 04:55:00",COLEASF1,0
D,DISPATCH,UNIT_SCADA,1,"2019/08/20 04:55:00",COOPGWF1,21.164390
D,DISPATCH,UNIT_SCADA,1,"2019/08/20 04:55:00",CPP_3,406.450010
D,DISPATCH,UNIT_SCADA,1,"2019/08/20 04:55:00",CPP_4,404.800020
D,DISPATCH,UNIT_SCADA,1,"2019/08/20 04:55:00",CPSA,142.426240
D,DISPATCH,UNIT_SCADA,1,"2019/08/20 04:55:00",CROOKWF2,61.173740
D,DISPATCH,UNIT_SCADA,1,"2019/08/20 04:55:00",CROWLWF1,23.019520
D,DISPATCH,UNIT_SCADA,1,"2019/08/20 04:55:00",CSPVPS1,0
D,DISPATCH,UNIT_SCADA,1,"2019/08/20 04:55:00",DALNTH01,0
D,DISPATCH,UNIT_SCADA,1,"2019/08/20 04:55:00",DALNTHL1,1.075760
D,DISPATCH,UNIT_SCADA,1,"2019/08/20 04:55:00",DARTM1,0
D,DISPATCH,UNIT_SCADA,1,"2019/08/20 04:55:00",DAYDSF1,0
D,DISPATCH,UNIT_SCADA,1,"2019/08/20 04:55:00",DDPS1,0
D,DISPATCH,UNIT_SCADA,1,"2019/08/20 04:55:00",DDSF1,0
D,DISPATCH,UNIT_SCADA,1,"2019/08/20 04:55:00",DEVILS_G,60.831940
D,DISPATCH,UNIT_SCADA,1,"2019/08/20 04:55:00",DG_NSW1,0
D,DISPATCH,UNIT_SCADA,1,"2019/08/20 04:55:00",DG_QLD1,0
D,DISPATCH,UNIT_SCADA,1,"2019/08/20 04:55:00",DG_SA1,0
D,DISPATCH,UNIT_SCADA,1,"2019/08/20 04:55:00",DG_TAS1,0
D,DISPATCH,UNIT_SCADA,1,"2019/08/20 04:55:00",DG_VIC1,0
D,DISPATCH,UNIT_SCADA,1,"2019/08/20 04:55:00",DRYCGT1,0
D,DISPATCH,UNIT_SCADA,1,"2019/08/20 04:55:00",DRYCGT2,0
D,DISPATCH,UNIT_SCADA,1,"2019/08/20 04:55:00",DRYCGT3,0
D,DISPATCH,UNIT_SCADA,1,"2019/08/20 04:55:00",EILDON1,0
D,DISPATCH,UNIT_SCADA,1,"2019/08/20 04:55:00",EILDON2,0
D,DISPATCH,UNIT_SCADA,1,"2019/08/20 04:55:00",EMERASF1,0
D,DISPATCH,UNIT_SCADA,1,"2019/08/20 04:55:00",ER01,475.300050
D,DISPATCH,UNIT_SCADA,1,"2019/08/20 04:55:00",ER02,476.1250
D,DISPATCH,UNIT_SCADA,1,"2019/08/20 04:55:00",ER03,474.150020
D,DISPATCH,UNIT_SCADA,1,"2019/08/20 04:55:00",ER04,475.150020
D,DISPATCH,UNIT_SCADA,1,"2019/08/20 04:55:00",FINLYSF1,0
D,DISPATCH,UNIT_SCADA,1,"2019/08/20 04:55:00",FISHER,46.03
D,DISPATCH,UNIT_SCADA,1,"2019/08/20 04:55:00",GANNBG1,0
D,DISPATCH,UNIT_SCADA,1,"2019/08/20 04:55:00",GANNBL1,10
D,DISPATCH,UNIT_SCADA,1,"2019/08/20 04:55:00",GANNSF1,0
D,DISPATCH,UNIT_SCADA,1,"2019/08/20 04:55:00",GORDON,0
D,DISPATCH,UNIT_SCADA,1,"2019/08/20 04:55:00",GSTONE1,149.80
D,DISPATCH,UNIT_SCADA,1,"2019/08/20 04:55:00",GSTONE2,149.45
D,DISPATCH,UNIT_SCADA,1,"2019/08/20 04:55:00",GSTONE3,147.70
D,DISPATCH,UNIT_SCADA,1,"2019/08/20 04:55:00",GSTONE4,150.849990
D,DISPATCH,UNIT_SCADA,1,"2019/08/20 04:55:00",GSTONE5,154.524990
D,DISPATCH,UNIT_SCADA,1,"2019/08/20 04:55:00",GSTONE6,0
D,DISPATCH,UNIT_SCADA,1,"2019/08/20 04:55:00",GULLRSF1,0
D,DISPATCH,UNIT_SCADA,1,"2019/08/20 04:55:00",GULLRWF1,160.189640
D,DISPATCH,UNIT_SCADA,1,"2019/08/20 04:55:00",GUNNING1,44.041840
D,DISPATCH,UNIT_SCADA,1,"2019/08/20 04:55:00",GUTHEGA,0
D,DISPATCH,UNIT_SCADA,1,"2019/08/20 04:55:00",HALLWF1,67.07
D,DISPATCH,UNIT_SCADA,1,"2019/08/20 04:55:00",HALLWF2,42.50
D,DISPATCH,UNIT_SCADA,1,"2019/08/20 04:55:00",HAMISF1,0
D,DISPATCH,UNIT_SCADA,1,"2019/08/20 04:55:00",HAUGHT11,0
D,DISPATCH,UNIT_SCADA,1,"2019/08/20 04:55:00",HAYMSF1,0
D,DISPATCH,UNIT_SCADA,1,"2019/08/20 04:55:00",HDWF1,40.90
D,DISPATCH,UNIT_SCADA,1,"2019/08/20 04:55:00",HDWF2,29.80
D,DISPATCH,UNIT_SCADA,1,"2019/08/20 04:55:00",HDWF3,42.10
D,DISPATCH,UNIT_SCADA,1,"2019/08/20 04:55:00",HPRG1,0
D,DISPATCH,UNIT_SCADA,1,"2019/08/20 04:55:00",HPRL1,1
D,DISPATCH,UNIT_SCADA,1,"2019/08/20 04:55:00",HUMENSW,0
D,DISPATCH,UNIT_SCADA,1,"2019/08/20 04:55:00",HUMEV,8.60
D,DISPATCH,UNIT_SCADA,1,"2019/08/20 04:55:00",HVGTS,0
D,DISPATCH,UNIT_SCADA,1,"2019/08/20 04:55:00",JBUTTERS,134.03
D,DISPATCH,UNIT_SCADA,1,"2019/08/20 04:55:00",JLA01,0.50
D,DISPATCH,UNIT_SCADA,1,"2019/08/20 04:55:00",JLA02,0
D,DISPATCH,UNIT_SCADA,1,"2019/08/20 04:55:00",JLA03,0.10
D,DISPATCH,UNIT_SCADA,1,"2019/08/20 04:55:00",JLA04,0.10
D,DISPATCH,UNIT_SCADA,1,"2019/08/20 04:55:00",JLB01,0
D,DISPATCH,UNIT_SCADA,1,"2019/08/20 04:55:00",JLB02,0.10
D,DISPATCH,UNIT_SCADA,1,"2019/08/20 04:55:00",JLB03,0
D,DISPATCH,UNIT_SCADA,1,"2019/08/20 04:55:00",KAREEYA1,21.5575
D,DISPATCH,UNIT_SCADA,1,"2019/08/20 04:55:00",KAREEYA2,21.81
D,DISPATCH,UNIT_SCADA,1,"2019/08/20 04:55:00",KAREEYA3,0
D,DISPATCH,UNIT_SCADA,1,"2019/08/20 04:55:00",KAREEYA4,21.7775
D,DISPATCH,UNIT_SCADA,1,"2019/08/20 04:55:00",KARSF1,0
D,DISPATCH,UNIT_SCADA,1,"2019/08/20 04:55:00",KIATAWF1,30
D,DISPATCH,UNIT_SCADA,1,"2019/08/20 04:55:00",KPP_1,0
D,DISPATCH,UNIT_SCADA,1,"2019/08/20 04:55:00",KSP1,0
D,DISPATCH,UNIT_SCADA,1,"2019/08/20 04:55:00",LADBROK1,0
D,DISPATCH,UNIT_SCADA,1,"2019/08/20 04:55:00",LADBROK2,0
D,DISPATCH,UNIT_SCADA,1,"2019/08/20 04:55:00",LD01,353.512450
D,DISPATCH,UNIT_SCADA,1,"2019/08/20 04:55:00",LD02,352.031250
D,DISPATCH,UNIT_SCADA,1,"2019/08/20 04:55:00",LD03,354.618710
D,DISPATCH,UNIT_SCADA,1,"2019/08/20 04:55:00",LD04,354.506290
D,DISPATCH,UNIT_SCADA,1,"2019/08/20 04:55:00",LEM_WIL,85.394390
D,DISPATCH,UNIT_SCADA,1,"2019/08/20 04:55:00",LGAPWF1,16.54
D,DISPATCH,UNIT_SCADA,1,"2019/08/20 04:55:00",LILYSF1,0
D,DISPATCH,UNIT_SCADA,1,"2019/08/20 04:55:00",LI_WY_CA,148.111920
D,DISPATCH,UNIT_SCADA,1,"2019/08/20 04:55:00",LKBONNY2,133.678440
D,DISPATCH,UNIT_SCADA,1,"2019/08/20 04:55:00",LKBONNY3,33.158280
D,DISPATCH,UNIT_SCADA,1,"2019/08/20 04:55:00",LK_ECHO,0
D,DISPATCH,UNIT_SCADA,1,"2019/08/20 04:55:00",LNGS1,0
D,DISPATCH,UNIT_SCADA,1,"2019/08/20 04:55:00",LNGS2,0
D,DISPATCH,UNIT_SCADA,1,"2019/08/20 04:55:00",LONSDALE,0
D,DISPATCH,UNIT_SCADA,1,"2019/08/20 04:55:00",LOYYB1,536.464540
D,DISPATCH,UNIT_SCADA,1,"2019/08/20 04:55:00",LOYYB2,584.210140
D,DISPATCH,UNIT_SCADA,1,"2019/08/20 04:55:00",LYA1,559
D,DISPATCH,UNIT_SCADA,1,"2019/08/20 04:55:00",LYA2,0
D,DISPATCH,UNIT_SCADA,1,"2019/08/20 04:55:00",LYA3,560
D,DISPATCH,UNIT_SCADA,1,"2019/08/20 04:55:00",LYA4,540
D,DISPATCH,UNIT_SCADA,1,"2019/08/20 04:55:00",MACARTH1,303.692990
D,DISPATCH,UNIT_SCADA,1,"2019/08/20 04:55:00",MACKAYGT,0
D,DISPATCH,UNIT_SCADA,1,"2019/08/20 04:55:00",MACKNTSH,85.740010
D,DISPATCH,UNIT_SCADA,1,"2019/08/20 04:55:00",MANSLR1,0
D,DISPATCH,UNIT_SCADA,1,"2019/08/20 04:55:00",MCKAY1,0.02
D,DISPATCH,UNIT_SCADA,1,"2019/08/20 04:55:00",MEADOWBK,34.210260
D,DISPATCH,UNIT_SCADA,1,"2019/08/20 04:55:00",MERCER01,125.8280
D,DISPATCH,UNIT_SCADA,1,"2019/08/20 04:55:00",MEWF1,37.668860
D,DISPATCH,UNIT_SCADA,1,"2019/08/20 04:55:00",MINTARO,0
D,DISPATCH,UNIT_SCADA,1,"2019/08/20 04:55:00",MOREESF1,0
D,DISPATCH,UNIT_SCADA,1,"2019/08/20 04:55:00",MORTLK11,125
D,DISPATCH,UNIT_SCADA,1,"2019/08/20 04:55:00",MORTLK12,0
D,DISPATCH,UNIT_SCADA,1,"2019/08/20 04:55:00",MP1,284.150020
D,DISPATCH,UNIT_SCADA,1,"2019/08/20 04:55:00",MP2,0
D,DISPATCH,UNIT_SCADA,1,"2019/08/20 04:55:00",MPP_1,427.75
D,DISPATCH,UNIT_SCADA,1,"2019/08/20 04:55:00",MPP_2,435.50
D,DISPATCH,UNIT_SCADA,1,"2019/08/20 04:55:00",MSTUART1,0
D,DISPATCH,UNIT_SCADA,1,"2019/08/20 04:55:00",MSTUART2,0
D,DISPATCH,UNIT_SCADA,1,"2019/08/20 04:55:00",MSTUART3,0
D,DISPATCH,UNIT_SCADA,1,"2019/08/20 04:55:00",MTGELWF1,64.105650
D,DISPATCH,UNIT_SCADA,1,"2019/08/20 04:55:00",MURRAY,0
D,DISPATCH,UNIT_SCADA,1,"2019/08/20 04:55:00",MUSSELR1,144.799990
D,DISPATCH,UNIT_SCADA,1,"2019/08/20 04:55:00",MUWAWF1,33.87
D,DISPATCH,UNIT_SCADA,1,"2019/08/20 04:55:00",NBHWF1,67.30
D,DISPATCH,UNIT_SCADA,1,"2019/08/20 04:55:00",NPS,0
D,DISPATCH,UNIT_SCADA,1,"2019/08/20 04:55:00",NUMURSF1,0
D,DISPATCH,UNIT_SCADA,1,"2019/08/20 04:55:00",NYNGAN1,0
D,DISPATCH,UNIT_SCADA,1,"2019/08/20 04:55:00",OAKEY1,0
D,DISPATCH,UNIT_SCADA,1,"2019/08/20 04:55:00",OAKEY1SF,0
D,DISPATCH,UNIT_SCADA,1,"2019/08/20 04:55:00",OAKEY2,0
D,DISPATCH,UNIT_SCADA,1,"2019/08/20 04:55:00",OAKLAND1,61.90
D,DISPATCH,UNIT_SCADA,1,"2019/08/20 04:55:00",OSB-AG,141.05
D,DISPATCH,UNIT_SCADA,1,"2019/08/20 04:55:00",PARSF1,0
D,DISPATCH,UNIT_SCADA,1,"2019/08/20 04:55:00",POAT110,0
D,DISPATCH,UNIT_SCADA,1,"2019/08/20 04:55:00",POAT220,3
D,DISPATCH,UNIT_SCADA,1,"2019/08/20 04:55:00",POR01,0
D,DISPATCH,UNIT_SCADA,1,"2019/08/20 04:55:00",POR03,0
D,DISPATCH,UNIT_SCADA,1,"2019/08/20 04:55:00",PPCCGT,0
D,DISPATCH,UNIT_SCADA,1,"2019/08/20 04:55:00",PTSTAN1,0
D,DISPATCH,UNIT_SCADA,1,"2019/08/20 04:55:00",PUMP1,0
D,DISPATCH,UNIT_SCADA,1,"2019/08/20 04:55:00",PUMP2,0
D,DISPATCH,UNIT_SCADA,1,"2019/08/20 04:55:00",QPS1,0
D,DISPATCH,UNIT_SCADA,1,"2019/08/20 04:55:00",QPS2,0
D,DISPATCH,UNIT_SCADA,1,"2019/08/20 04:55:00",QPS3,0
D,DISPATCH,UNIT_SCADA,1,"2019/08/20 04:55:00",QPS4,0
D,DISPATCH,UNIT_SCADA,1,"2019/08/20 04:55:00",QPS5,0
D,DISPATCH,UNIT_SCADA,1,"2019/08/20 04:55:00",REECE1,115.050010
D,DISPATCH,UNIT_SCADA,1,"2019/08/20 04:55:00",REECE2,115.220010
D,DISPATCH,UNIT_SCADA,1,"2019/08/20 04:55:00",ROMA_7,0
D,DISPATCH,UNIT_SCADA,1,"2019/08/20 04:55:00",ROMA_8,0
D,DISPATCH,UNIT_SCADA,1,"2019/08/20 04:55:00",RRSF1,0
D,DISPATCH,UNIT_SCADA,1,"2019/08/20 04:55:00",RT_NSW1,0
D,DISPATCH,UNIT_SCADA,1,"2019/08/20 04:55:00",RT_NSW2,0
D,DISPATCH,UNIT_SCADA,1,"2019/08/20 04:55:00",RT_NSW3,0
D,DISPATCH,UNIT_SCADA,1,"2019/08/20 04:55:00",RT_NSW4,0
D,DISPATCH,UNIT_SCADA,1,"2019/08/20 04:55:00",RT_NSW5,0
D,DISPATCH,UNIT_SCADA,1,"2019/08/20 04:55:00",RT_NSW6,0
D,DISPATCH,UNIT_SCADA,1,"2019/08/20 04:55:00",RT_QLD1,0
D,DISPATCH,UNIT_SCADA,1,"2019/08/20 04:55:00",RT_SA1,0
D,DISPATCH,UNIT_SCADA,1,"2019/08/20 04:55:00",RT_SA2,0
D,DISPATCH,UNIT_SCADA,1,"2019/08/20 04:55:00",RT_SA3,0
D,DISPATCH,UNIT_SCADA,1,"2019/08/20 04:55:00",RT_SA4,0
D,DISPATCH,UNIT_SCADA,1,"2019/08/20 04:55:00",RT_SA5,0
D,DISPATCH,UNIT_SCADA,1,"2019/08/20 04:55:00",RT_SA6,0
D,DISPATCH,UNIT_SCADA,1,"2019/08/20 04:55:00",RT_TAS1,0
D,DISPATCH,UNIT_SCADA,1,"2019/08/20 04:55:00",RT_VIC1,0
D,DISPATCH,UNIT_SCADA,1,"2019/08/20 04:55:00",RT_VIC10,0
D,DISPATCH,UNIT_SCADA,1,"2019/08/20 04:55:00",RT_VIC11,0
D,DISPATCH,UNIT_SCADA,1,"2019/08/20 04:55:00",RT_VIC12,0
D,DISPATCH,UNIT_SCADA,1,"2019/08/20 04:55:00",RT_VIC2,0
D,DISPATCH,UNIT_SCADA,1,"2019/08/20 04:55:00",RT_VIC3,0
D,DISPATCH,UNIT_SCADA,1,"2019/08/20 04:55:00",RT_VIC4,0
D,DISPATCH,UNIT_SCADA,1,"2019/08/20 04:55:00",RT_VIC5,0
D,DISPATCH,UNIT_SCADA,1,"2019/08/20 04:55:00",RT_VIC6,0
D,DISPATCH,UNIT_SCADA,1,"2019/08/20 04:55:00",RT_VIC7,0
D,DISPATCH,UNIT_SCADA,1,"2019/08/20 04:55:00",RT_VIC8,0
D,DISPATCH,UNIT_SCADA,1,"2019/08/20 04:55:00",RT_VIC9,0
D,DISPATCH,UNIT_SCADA,1,"2019/08/20 04:55:00",RUGBYR1,0
D,DISPATCH,UNIT_SCADA,1,"2019/08/20 04:55:00",SALTCRK1,50.66
D,DISPATCH,UNIT_SCADA,1,"2019/08/20 04:55:00",SAPHWF1,139.996860
D,DISPATCH,UNIT_SCADA,1,"2019/08/20 04:55:00",SHGEN,0
D,DISPATCH,UNIT_SCADA,1,"2019/08/20 04:55:00",SHPUMP,0
D,DISPATCH,UNIT_SCADA,1,"2019/08/20 04:55:00",SITHE01,0.123710
D,DISPATCH,UNIT_SCADA,1,"2019/08/20 04:55:00",SMCSF1,0
D,DISPATCH,UNIT_SCADA,1,"2019/08/20 04:55:00",SNOWNTH1,19.80
D,DISPATCH,UNIT_SCADA,1,"2019/08/20 04:55:00",SNOWSTH1,58.30
D,DISPATCH,UNIT_SCADA,1,"2019/08/20 04:55:00",SNOWTWN1,29.211090
D,DISPATCH,UNIT_SCADA,1,"2019/08/20 04:55:00",SNOWYP,381.200010
D,DISPATCH,UNIT_SCADA,1,"2019/08/20 04:55:00",SNUG1,0.019440
D,DISPATCH,UNIT_SCADA,1,"2019/08/20 04:55:00",SRSF1,0
D,DISPATCH,UNIT_SCADA,1,"2019/08/20 04:55:00",STAN-1,0
D,DISPATCH,UNIT_SCADA,1,"2019/08/20 04:55:00",STAN-2,196.8045
D,DISPATCH,UNIT_SCADA,1,"2019/08/20 04:55:00",STAN-3,229.925690
D,DISPATCH,UNIT_SCADA,1,"2019/08/20 04:55:00",STAN-4,202.457150
D,DISPATCH,UNIT_SCADA,1,"2019/08/20 04:55:00",STWF1,143.28
D,DISPATCH,UNIT_SCADA,1,"2019/08/20 04:55:00",SWAN_E,0
D,DISPATCH,UNIT_SCADA,1,"2019/08/20 04:55:00",TALWA1,190
D,DISPATCH,UNIT_SCADA,1,"2019/08/20 04:55:00",TARALGA1,102.971250
D,DISPATCH,UNIT_SCADA,1,"2019/08/20 04:55:00",TARONG#1,233.80
D,DISPATCH,UNIT_SCADA,1,"2019/08/20 04:55:00",TARONG#2,234.600010
D,DISPATCH,UNIT_SCADA,1,"2019/08/20 04:55:00",TARONG#3,179.900010
D,DISPATCH,UNIT_SCADA,1,"2019/08/20 04:55:00",TARONG#4,224.900010
D,DISPATCH,UNIT_SCADA,1,"2019/08/20 04:55:00",TARRALEA,79
D,DISPATCH,UNIT_SCADA,1,"2019/08/20 04:55:00",TBSF1,-0.20
D,DISPATCH,UNIT_SCADA,1,"2019/08/20 04:55:00",TNPS1,299.50
D,DISPATCH,UNIT_SCADA,1,"2019/08/20 04:55:00",TORRA1,35.9092
D,DISPATCH,UNIT_SCADA,1,"2019/08/20 04:55:00",TORRA2,0
D,DISPATCH,UNIT_SCADA,1,"2019/08/20 04:55:00",TORRA3,37.306180
D,DISPATCH,UNIT_SCADA,1,"2019/08/20 04:55:00",TORRA4,0
D,DISPATCH,UNIT_SCADA,1,"2019/08/20 04:55:00",TORRB1,39.61
D,DISPATCH,UNIT_SCADA,1,"2019/08/20 04:55:00",TORRB2,39.32
D,DISPATCH,UNIT_SCADA,1,"2019/08/20 04:55:00",TORRB3,0
D,DISPATCH,UNIT_SCADA,1,"2019/08/20 04:55:00",TORRB4,0
D,DISPATCH,UNIT_SCADA,1,"2019/08/20 04:55:00",TREVALLN,1.50
D,DISPATCH,UNIT_SCADA,1,"2019/08/20 04:55:00",TRIBUTE,84.74
D,DISPATCH,UNIT_SCADA,1,"2019/08/20 04:55:00",TUMUT3,0
D,DISPATCH,UNIT_SCADA,1,"2019/08/20 04:55:00",TUNGATIN,3.50
D,DISPATCH,UNIT_SCADA,1,"2019/08/20 04:55:00",TVCC201,0
D,DISPATCH,UNIT_SCADA,1,"2019/08/20 04:55:00",TVPP104,0
D,DISPATCH,UNIT_SCADA,1,"2019/08/20 04:55:00",UPPTUMUT,0
D,DISPATCH,UNIT_SCADA,1,"2019/08/20 04:55:00",URANQ11,0
D,DISPATCH,UNIT_SCADA,1,"2019/08/20 04:55:00",URANQ12,0
D,DISPATCH,UNIT_SCADA,1,"2019/08/20 04:55:00",URANQ13,0
D,DISPATCH,UNIT_SCADA,1,"2019/08/20 04:55:00",URANQ14,0
D,DISPATCH,UNIT_SCADA,1,"2019/08/20 04:55:00",VP5,357.224980
D,DISPATCH,UNIT_SCADA,1,"2019/08/20 04:55:00",VP6,338.325010
D,DISPATCH,UNIT_SCADA,1,"2019/08/20 04:55:00",VPGS1,0
D,DISPATCH,UNIT_SCADA,1,"2019/08/20 04:55:00",VPGS2,0
D,DISPATCH,UNIT_SCADA,1,"2019/08/20 04:55:00",VPGS3,0
D,DISPATCH,UNIT_SCADA,1,"2019/08/20 04:55:00",VPGS4,0
D,DISPATCH,UNIT_SCADA,1,"2019/08/20 04:55:00",VPGS5,0
D,DISPATCH,UNIT_SCADA,1,"2019/08/20 04:55:00",VPGS6,0
D,DISPATCH,UNIT_SCADA,1,"2019/08/20 04:55:00",W/HOE#1,0
D,DISPATCH,UNIT_SCADA,1,"2019/08/20 04:55:00",W/HOE#2,0
D,DISPATCH,UNIT_SCADA,1,"2019/08/20 04:55:00",WATERLWF,94.50
D,DISPATCH,UNIT_SCADA,1,"2019/08/20 04:55:00",WEMENSF1,0
D,DISPATCH,UNIT_SCADA,1,"2019/08/20 04:55:00",WGWF1,83
D,DISPATCH,UNIT_SCADA,1,"2019/08/20 04:55:00",WHITSF1,0
D,DISPATCH,UNIT_SCADA,1,"2019/08/20 04:55:00",WKIEWA1,29.30
D,DISPATCH,UNIT_SCADA,1,"2019/08/20 04:55:00",WKIEWA2,16.80
D,DISPATCH,UNIT_SCADA,1,"2019/08/20 04:55:00",WOODLWN1,45.0090
D,DISPATCH,UNIT_SCADA,1,"2019/08/20 04:55:00",WRSF1,0
D,DISPATCH,UNIT_SCADA,1,"2019/08/20 04:55:00",WRWF1,59.303750
D,DISPATCH,UNIT_SCADA,1,"2019/08/20 04:55:00",YABULU,0
D,DISPATCH,UNIT_SCADA,1,"2019/08/20 04:55:00",YABULU2,0
D,DISPATCH,UNIT_SCADA,1,"2019/08/20 04:55:00",YARWUN_1,0
D,DISPATCH,UNIT_SCADA,1,"2019/08/20 04:55:00",YENDWF1,42.12
D,DISPATCH,UNIT_SCADA,1,"2019/08/20 04:55:00",YWPS1,362.6557
D,DISPATCH,UNIT_SCADA,1,"2019/08/20 04:55:00",YWPS2,279.6962
D,DISPATCH,UNIT_SCADA,1,"2019/08/20 04:55:00",YWPS3,0
D,DISPATCH,UNIT_SCADA,1,"2019/08/20 04:55:00",YWPS4,381.124050
C,"END OF REPORT",334
