C,NEMP.WORLD,DISPATCHSCADA,AEMO,PUBLIC,2019/09/06,04:30:09,0000000312447782,DISPATCHSCADA,0000000312447776
I,DISPATCH,UNIT_SCADA,1,SETTLEMENTDATE,DUID,SCADAVALUE
D,DISPATCH,UNIT_SCADA,1,"2019/09/06 04:35:00",BARCSF1,0.30
D,DISPATCH,UNIT_SCADA,1,"2019/09/06 04:35:00",BUTLERSG,10.199999
D,DISPATCH,UNIT_SCADA,1,"2019/09/06 04:35:00",CALL_A_4,0
D,DISPATCH,UNIT_SCADA,1,"2019/09/06 04:35:00",CAPTL_WF,56.823997
D,DISPATCH,UNIT_SCADA,1,"2019/09/06 04:35:00",CATHROCK,0
D,DISPATCH,UNIT_SCADA,1,"2019/09/06 04:35:00",CHALLHWF,24.900002
D,DISPATCH,UNIT_SCADA,1,"2019/09/06 04:35:00",CLOVER,-0.02
D,DISPATCH,UNIT_SCADA,1,"2019/09/06 04:35:00",CLUNY,18.077822
D,DISPATCH,UNIT_SCADA,1,"2019/09/06 04:35:00",CNUNDAWF,12.514599
D,DISPATCH,UNIT_SCADA,1,"2019/09/06 04:35:00",CULLRGWF,6.41
D,DISPATCH,UNIT_SCADA,1,"2019/09/06 04:35:00",ERGT01,0
D,DISPATCH,UNIT_SCADA,1,"2019/09/06 04:35:00",GB01,0.015919
D,DISPATCH,UNIT_SCADA,1,"2019/09/06 04:35:00",GERMCRK,35.299999
D,DISPATCH,UNIT_SCADA,1,"2019/09/06 04:35:00",GRIFSF1,0
D,DISPATCH,UNIT_SCADA,1,"2019/09/06 04:35:00",HUGSF1,-0.2330
D,DISPATCH,UNIT_SCADA,1,"2019/09/06 04:35:00",LKBONNY1,17.683254
D,DISPATCH,UNIT_SCADA,1,"2019/09/06 04:35:00",LRSF1,-0.0010
D,DISPATCH,UNIT_SCADA,1,"2019/09/06 04:35:00",MBAHNTH,50.024994
D,DISPATCH,UNIT_SCADA,1,"2019/09/06 04:35:00",MLSP1,0
D,DISPATCH,UNIT_SCADA,1,"2019/09/06 04:35:00",MLWF1,18.66
D,DISPATCH,UNIT_SCADA,1,"2019/09/06 04:35:00",MTMILLAR,56.174461
D,DISPATCH,UNIT_SCADA,1,"2019/09/06 04:35:00",PALOONA,25.849998
D,DISPATCH,UNIT_SCADA,1,"2019/09/06 04:35:00",PIONEER,46.799999
D,DISPATCH,UNIT_SCADA,1,"2019/09/06 04:35:00",PORTWF,46.799999
D,DISPATCH,UNIT_SCADA,1,"2019/09/06 04:35:00",REPULSE,32.873425
D,DISPATCH,UNIT_SCADA,1,"2019/09/06 04:35:00",ROWALLAN,10.3376
D,DISPATCH,UNIT_SCADA,1,"2019/09/06 04:35:00",ROYALLA1,0
D,DISPATCH,UNIT_SCADA,1,"2019/09/06 04:35:00",RPCG,10
D,DISPATCH,UNIT_SCADA,1,"2019/09/06 04:35:00",RUBICON,0
D,DISPATCH,UNIT_SCADA,1,"2019/09/06 04:35:00",SATGN1,0
D,DISPATCH,UNIT_SCADA,1,"2019/09/06 04:35:00",SATGS1,0
D,DISPATCH,UNIT_SCADA,1,"2019/09/06 04:35:00",STARHLWF,26.292334
D,DISPATCH,UNIT_SCADA,1,"2019/09/06 04:35:00",WAUBRAWF,28.7360
D,DISPATCH,UNIT_SCADA,1,"2019/09/06 04:35:00",WOOLNTH1,124.040024
D,DISPATCH,UNIT_SCADA,1,"2019/09/06 04:35:00",WPWF,85
D,DISPATCH,UNIT_SCADA,1,"2019/09/06 04:35:00",YAMBUKWF,7.90
D,DISPATCH,UNIT_SCADA,1,"2019/09/06 04:35:00",YSWF1,0
D,DISPATCH,UNIT_SCADA,1,"2019/09/06 04:35:00",AGLHAL,0
D,DISPATCH,UNIT_SCADA,1,"2019/09/06 04:35:00",AGLSOM,0
D,DISPATCH,UNIT_SCADA,1,"2019/09/06 04:35:00",ANGAST1,0
D,DISPATCH,UNIT_SCADA,1,"2019/09/06 04:35:00",ARWF1,31.10
D,DISPATCH,UNIT_SCADA,1,"2019/09/06 04:35:00",BALBG1,0
D,DISPATCH,UNIT_SCADA,1,"2019/09/06 04:35:00",BALBL1,0
D,DISPATCH,UNIT_SCADA,1,"2019/09/06 04:35:00",BALDHWF1,27.48
D,DISPATCH,UNIT_SCADA,1,"2019/09/06 04:35:00",BANN1,0
D,DISPATCH,UNIT_SCADA,1,"2019/09/06 04:35:00",BARCALDN,0
D,DISPATCH,UNIT_SCADA,1,"2019/09/06 04:35:00",BARRON-1,0
D,DISPATCH,UNIT_SCADA,1,"2019/09/06 04:35:00",BARRON-2,0
D,DISPATCH,UNIT_SCADA,1,"2019/09/06 04:35:00",BASTYAN,80.09
D,DISPATCH,UNIT_SCADA,1,"2019/09/06 04:35:00",BBTHREE1,0
D,DISPATCH,UNIT_SCADA,1,"2019/09/06 04:35:00",BBTHREE2,0
D,DISPATCH,UNIT_SCADA,1,"2019/09/06 04:35:00",BBTHREE3,0
D,DISPATCH,UNIT_SCADA,1,"2019/09/06 04:35:00",BDL01,0
D,DISPATCH,UNIT_SCADA,1,"2019/09/06 04:35:00",BDL02,0
D,DISPATCH,UNIT_SCADA,1,"2019/09/06 04:35:00",BERYLSF1,0
D,DISPATCH,UNIT_SCADA,1,"2019/09/06 04:35:00",BLOWERNG,15.30
D,DISPATCH,UNIT_SCADA,1,"2019/09/06 04:35:00",BLUFF1,52.70
D,DISPATCH,UNIT_SCADA,1,"2019/09/06 04:35:00",BNGSF1,0
D,DISPATCH,UNIT_SCADA,1,"2019/09/06 04:35:00",BNGSF2,0
D,DISPATCH,UNIT_SCADA,1,"2019/09/06 04:35:00",BOCORWF1,78.30
D,DISPATCH,UNIT_SCADA,1,"2019/09/06 04:35:00",BODWF1,42.131410
D,DISPATCH,UNIT_SCADA,1,"2019/09/06 04:35:00",BRAEMAR1,0
D,DISPATCH,UNIT_SCADA,1,"2019/09/06 04:35:00",BRAEMAR2,0
D,DISPATCH,UNIT_SCADA,1,"2019/09/06 04:35:00",BRAEMAR3,0
D,DISPATCH,UNIT_SCADA,1,"2019/09/06 04:35:00",BRAEMAR5,0
D,DISPATCH,UNIT_SCADA,1,"2019/09/06 04:35:00",BRAEMAR6,0
D,DISPATCH,UNIT_SCADA,1,"2019/09/06 04:35:00",BRAEMAR7,0
D,DISPATCH,UNIT_SCADA,1,"2019/09/06 04:35:00",BROKENH1,0
D,DISPATCH,UNIT_SCADA,1,"2019/09/06 04:35:00",BW01,471.275020
D,DISPATCH,UNIT_SCADA,1,"2019/09/06 04:35:00",BW02,500.3750
D,DISPATCH,UNIT_SCADA,1,"2019/09/06 04:35:00",BW03,574.150020
D,DISPATCH,UNIT_SCADA,1,"2019/09/06 04:35:00",BW04,0
D,DISPATCH,UNIT_SCADA,1,"2019/09/06 04:35:00",CALL_B_1,346.399990
D,DISPATCH,UNIT_SCADA,1,"2019/09/06 04:35:00",CALL_B_2,275.100010
D,DISPATCH,UNIT_SCADA,1,"2019/09/06 04:35:00",CETHANA,90.2810
D,DISPATCH,UNIT_SCADA,1,"2019/09/06 04:35:00",CG1,0
D,DISPATCH,UNIT_SCADA,1,"2019/09/06 04:35:00",CG2,0
D,DISPATCH,UNIT_SCADA,1,"2019/09/06 04:35:00",CG3,0
D,DISPATCH,UNIT_SCADA,1,"2019/09/06 04:35:00",CG4,0
D,DISPATCH,UNIT_SCADA,1,"2019/09/06 04:35:00",CHILDSF1,0
D,DISPATCH,UNIT_SCADA,1,"2019/09/06 04:35:00",CLARESF1,0
D,DISPATCH,UNIT_SCADA,1,"2019/09/06 04:35:00",CLEMGPWF,55.250850
D,DISPATCH,UNIT_SCADA,1,"2019/09/06 04:35:00",CLERMSF1,0
D,DISPATCH,UNIT_SCADA,1,"2019/09/06 04:35:00",COLEASF1,0
D,DISPATCH,UNIT_SCADA,1,"2019/09/06 04:35:00",COOPGWF1,18.999380
D,DISPATCH,UNIT_SCADA,1,"2019/09/06 04:35:00",CPP_3,380.325010
D,DISPATCH,UNIT_SCADA,1,"2019/09/06 04:35:00",CPP_4,381.700010
D,DISPATCH,UNIT_SCADA,1,"2019/09/06 04:35:00",CPSA,142.259370
D,DISPATCH,UNIT_SCADA,1,"2019/09/06 04:35:00",CROOKWF2,71.463750
D,DISPATCH,UNIT_SCADA,1,"2019/09/06 04:35:00",CROWLWF1,27.774980
D,DISPATCH,UNIT_SCADA,1,"2019/09/06 04:35:00",CSPVPS1,0
D,DISPATCH,UNIT_SCADA,1,"2019/09/06 04:35:00",DALNTH01,0
D,DISPATCH,UNIT_SCADA,1,"2019/09/06 04:35:00",DALNTHL1,0.025940
D,DISPATCH,UNIT_SCADA,1,"2019/09/06 04:35:00",DARTM1,0
D,DISPATCH,UNIT_SCADA,1,"2019/09/06 04:35:00",DAYDSF1,0
D,DISPATCH,UNIT_SCADA,1,"2019/09/06 04:35:00",DDPS1,0
D,DISPATCH,UNIT_SCADA,1,"2019/09/06 04:35:00",DDSF1,0
D,DISPATCH,UNIT_SCADA,1,"2019/09/06 04:35:00",DEVILS_G,63.639640
D,DISPATCH,UNIT_SCADA,1,"2019/09/06 04:35:00",DG_NSW1,0
D,DISPATCH,UNIT_SCADA,1,"2019/09/06 04:35:00",DG_QLD1,0
D,DISPATCH,UNIT_SCADA,1,"2019/09/06 04:35:00",DG_SA1,0
D,DISPATCH,UNIT_SCADA,1,"2019/09/06 04:35:00",DG_TAS1,0
D,DISPATCH,UNIT_SCADA,1,"2019/09/06 04:35:00",DG_VIC1,0
D,DISPATCH,UNIT_SCADA,1,"2019/09/06 04:35:00",DRYCGT1,0
D,DISPATCH,UNIT_SCADA,1,"2019/09/06 04:35:00",DRYCGT2,0
D,DISPATCH,UNIT_SCADA,1,"2019/09/06 04:35:00",DRYCGT3,0
D,DISPATCH,UNIT_SCADA,1,"2019/09/06 04:35:00",EILDON1,0
D,DISPATCH,UNIT_SCADA,1,"2019/09/06 04:35:00",EILDON2,0
D,DISPATCH,UNIT_SCADA,1,"2019/09/06 04:35:00",EMERASF1,0
D,DISPATCH,UNIT_SCADA,1,"2019/09/06 04:35:00",ER01,494.275020
D,DISPATCH,UNIT_SCADA,1,"2019/09/06 04:35:00",ER02,527.650020
D,DISPATCH,UNIT_SCADA,1,"2019/09/06 04:35:00",ER03,0
D,DISPATCH,UNIT_SCADA,1,"2019/09/06 04:35:00",ER04,526.050050
D,DISPATCH,UNIT_SCADA,1,"2019/09/06 04:35:00",FINLYSF1,0
D,DISPATCH,UNIT_SCADA,1,"2019/09/06 04:35:00",FISHER,45.74
D,DISPATCH,UNIT_SCADA,1,"2019/09/06 04:35:00",GANNBG1,0
D,DISPATCH,UNIT_SCADA,1,"2019/09/06 04:35:00",GANNBL1,10.008330
D,DISPATCH,UNIT_SCADA,1,"2019/09/06 04:35:00",GANNSF1,0
D,DISPATCH,UNIT_SCADA,1,"2019/09/06 04:35:00",GORDON,19.8604
D,DISPATCH,UNIT_SCADA,1,"2019/09/06 04:35:00",GSTONE1,125.4750
D,DISPATCH,UNIT_SCADA,1,"2019/09/06 04:35:00",GSTONE2,110.7750
D,DISPATCH,UNIT_SCADA,1,"2019/09/06 04:35:00",GSTONE3,0
D,DISPATCH,UNIT_SCADA,1,"2019/09/06 04:35:00",GSTONE4,125.30
D,DISPATCH,UNIT_SCADA,1,"2019/09/06 04:35:00",GSTONE5,125.8250
D,DISPATCH,UNIT_SCADA,1,"2019/09/06 04:35:00",GSTONE6,124.60
D,DISPATCH,UNIT_SCADA,1,"2019/09/06 04:35:00",GULLRSF1,0
D,DISPATCH,UNIT_SCADA,1,"2019/09/06 04:35:00",GULLRWF1,52.990420
D,DISPATCH,UNIT_SCADA,1,"2019/09/06 04:35:00",GUNNING1,10.765330
D,DISPATCH,UNIT_SCADA,1,"2019/09/06 04:35:00",GUTHEGA,0
D,DISPATCH,UNIT_SCADA,1,"2019/09/06 04:35:00",HALLWF1,92.08
D,DISPATCH,UNIT_SCADA,1,"2019/09/06 04:35:00",HALLWF2,64.28
D,DISPATCH,UNIT_SCADA,1,"2019/09/06 04:35:00",HAMISF1,0
D,DISPATCH,UNIT_SCADA,1,"2019/09/06 04:35:00",HAUGHT11,0
D,DISPATCH,UNIT_SCADA,1,"2019/09/06 04:35:00",HAYMSF1,0
D,DISPATCH,UNIT_SCADA,1,"2019/09/06 04:35:00",HDWF1,80.80
D,DISPATCH,UNIT_SCADA,1,"2019/09/06 04:35:00",HDWF2,72.60
D,DISPATCH,UNIT_SCADA,1,"2019/09/06 04:35:00",HDWF3,82.70
D,DISPATCH,UNIT_SCADA,1,"2019/09/06 04:35:00",HPRG1,0
D,DISPATCH,UNIT_SCADA,1,"2019/09/06 04:35:00",HPRL1,20.10
D,DISPATCH,UNIT_SCADA,1,"2019/09/06 04:35:00",HUMENSW,0
D,DISPATCH,UNIT_SCADA,1,"2019/09/06 04:35:00",HUMEV,23.70
D,DISPATCH,UNIT_SCADA,1,"2019/09/06 04:35:00",HVGTS,0
D,DISPATCH,UNIT_SCADA,1,"2019/09/06 04:35:00",JBUTTERS,0
D,DISPATCH,UNIT_SCADA,1,"2019/09/06 04:35:00",JLA01,0.10
D,DISPATCH,UNIT_SCADA,1,"2019/09/06 04:35:00",JLA02,0
D,DISPATCH,UNIT_SCADA,1,"2019/09/06 04:35:00",JLA03,0
D,DISPATCH,UNIT_SCADA,1,"2019/09/06 04:35:00",JLA04,0
D,DISPATCH,UNIT_SCADA,1,"2019/09/06 04:35:00",JLB01,0
D,DISPATCH,UNIT_SCADA,1,"2019/09/06 04:35:00",JLB02,0.10
D,DISPATCH,UNIT_SCADA,1,"2019/09/06 04:35:00",JLB03,0
D,DISPATCH,UNIT_SCADA,1,"2019/09/06 04:35:00",KAREEYA1,21.47
D,DISPATCH,UNIT_SCADA,1,"2019/09/06 04:35:00",KAREEYA2,21.6450
D,DISPATCH,UNIT_SCADA,1,"2019/09/06 04:35:00",KAREEYA3,0
D,DISPATCH,UNIT_SCADA,1,"2019/09/06 04:35:00",KAREEYA4,21.6175
D,DISPATCH,UNIT_SCADA,1,"2019/09/06 04:35:00",KARSF1,0
D,DISPATCH,UNIT_SCADA,1,"2019/09/06 04:35:00",KIATAWF1,30.90
D,DISPATCH,UNIT_SCADA,1,"2019/09/06 04:35:00",KPP_1,0
D,DISPATCH,UNIT_SCADA,1,"2019/09/06 04:35:00",KSP1,0
D,DISPATCH,UNIT_SCADA,1,"2019/09/06 04:35:00",LADBROK1,0
D,DISPATCH,UNIT_SCADA,1,"2019/09/06 04:35:00",LADBROK2,0
D,DISPATCH,UNIT_SCADA,1,"2019/09/06 04:35:00",LD01,358.6312
D,DISPATCH,UNIT_SCADA,1,"2019/09/06 04:35:00",LD02,324.75
D,DISPATCH,UNIT_SCADA,1,"2019/09/06 04:35:00",LD03,356.493710
D,DISPATCH,UNIT_SCADA,1,"2019/09/06 04:35:00",LD04,361.050020
D,DISPATCH,UNIT_SCADA,1,"2019/09/06 04:35:00",LEM_WIL,85.0515
D,DISPATCH,UNIT_SCADA,1,"2019/09/06 04:35:00",LGAPWF1,34.48
D,DISPATCH,UNIT_SCADA,1,"2019/09/06 04:35:00",LILYSF1,0
D,DISPATCH,UNIT_SCADA,1,"2019/09/06 04:35:00",LI_WY_CA,142.531110
D,DISPATCH,UNIT_SCADA,1,"2019/09/06 04:35:00",LKBONNY2,41.981070
D,DISPATCH,UNIT_SCADA,1,"2019/09/06 04:35:00",LKBONNY3,6.475350
D,DISPATCH,UNIT_SCADA,1,"2019/09/06 04:35:00",LK_ECHO,0
D,DISPATCH,UNIT_SCADA,1,"2019/09/06 04:35:00",LNGS1,0
D,DISPATCH,UNIT_SCADA,1,"2019/09/06 04:35:00",LNGS2,0
D,DISPATCH,UNIT_SCADA,1,"2019/09/06 04:35:00",LONSDALE,0
D,DISPATCH,UNIT_SCADA,1,"2019/09/06 04:35:00",LOYYB1,534.584840
D,DISPATCH,UNIT_SCADA,1,"2019/09/06 04:35:00",LOYYB2,582.7063
D,DISPATCH,UNIT_SCADA,1,"2019/09/06 04:35:00",LYA1,0
D,DISPATCH,UNIT_SCADA,1,"2019/09/06 04:35:00",LYA2,0
D,DISPATCH,UNIT_SCADA,1,"2019/09/06 04:35:00",LYA3,559
D,DISPATCH,UNIT_SCADA,1,"2019/09/06 04:35:00",LYA4,538
D,DISPATCH,UNIT_SCADA,1,"2019/09/06 04:35:00",MACARTH1,132.196950
D,DISPATCH,UNIT_SCADA,1,"2019/09/06 04:35:00",MACKAYGT,0.2240
D,DISPATCH,UNIT_SCADA,1,"2019/09/06 04:35:00",MACKNTSH,88.250010
D,DISPATCH,UNIT_SCADA,1,"2019/09/06 04:35:00",MANSLR1,0
D,DISPATCH,UNIT_SCADA,1,"2019/09/06 04:35:00",MCKAY1,-0.0350
D,DISPATCH,UNIT_SCADA,1,"2019/09/06 04:35:00",MEADOWBK,33.810140
D,DISPATCH,UNIT_SCADA,1,"2019/09/06 04:35:00",MERCER01,-0.1750
D,DISPATCH,UNIT_SCADA,1,"2019/09/06 04:35:00",MEWF1,37.801980
D,DISPATCH,UNIT_SCADA,1,"2019/09/06 04:35:00",MINTARO,0
D,DISPATCH,UNIT_SCADA,1,"2019/09/06 04:35:00",MOREESF1,0
D,DISPATCH,UNIT_SCADA,1,"2019/09/06 04:35:00",MORTLK11,123
D,DISPATCH,UNIT_SCADA,1,"2019/09/06 04:35:00",MORTLK12,0
D,DISPATCH,UNIT_SCADA,1,"2019/09/06 04:35:00",MP1,224.150020
D,DISPATCH,UNIT_SCADA,1,"2019/09/06 04:35:00",MP2,0
D,DISPATCH,UNIT_SCADA,1,"2019/09/06 04:35:00",MPP_1,398.75
D,DISPATCH,UNIT_SCADA,1,"2019/09/06 04:35:00",MPP_2,428.25
D,DISPATCH,UNIT_SCADA,1,"2019/09/06 04:35:00",MSTUART1,0
D,DISPATCH,UNIT_SCADA,1,"2019/09/06 04:35:00",MSTUART2,0
D,DISPATCH,UNIT_SCADA,1,"2019/09/06 04:35:00",MSTUART3,0
D,DISPATCH,UNIT_SCADA,1,"2019/09/06 04:35:00",MTGELWF1,-0.352490
D,DISPATCH,UNIT_SCADA,1,"2019/09/06 04:35:00",MURRAY,0
D,DISPATCH,UNIT_SCADA,1,"2019/09/06 04:35:00",MUSSELR1,104.899990
D,DISPATCH,UNIT_SCADA,1,"2019/09/06 04:35:00",MUWAWF1,73.96
D,DISPATCH,UNIT_SCADA,1,"2019/09/06 04:35:00",NBHWF1,119.40
D,DISPATCH,UNIT_SCADA,1,"2019/09/06 04:35:00",NPS,0
D,DISPATCH,UNIT_SCADA,1,"2019/09/06 04:35:00",NUMURSF1,0
D,DISPATCH,UNIT_SCADA,1,"2019/09/06 04:35:00",NYNGAN1,0
D,DISPATCH,UNIT_SCADA,1,"2019/09/06 04:35:00",OAKEY1,0
D,DISPATCH,UNIT_SCADA,1,"2019/09/06 04:35:00",OAKEY1SF,0
D,DISPATCH,UNIT_SCADA,1,"2019/09/06 04:35:00",OAKEY2,0
D,DISPATCH,UNIT_SCADA,1,"2019/09/06 04:35:00",OAKEY2SF,0
D,DISPATCH,UNIT_SCADA,1,"2019/09/06 04:35:00",OAKLAND1,27
D,DISPATCH,UNIT_SCADA,1,"2019/09/06 04:35:00",OSB-AG,0
D,DISPATCH,UNIT_SCADA,1,"2019/09/06 04:35:00",PARSF1,0
D,DISPATCH,UNIT_SCADA,1,"2019/09/06 04:35:00",POAT110,0
D,DISPATCH,UNIT_SCADA,1,"2019/09/06 04:35:00",POAT220,1.10
D,DISPATCH,UNIT_SCADA,1,"2019/09/06 04:35:00",POR01,0
D,DISPATCH,UNIT_SCADA,1,"2019/09/06 04:35:00",POR03,0
D,DISPATCH,UNIT_SCADA,1,"2019/09/06 04:35:00",PPCCGT,173.5522
D,DISPATCH,UNIT_SCADA,1,"2019/09/06 04:35:00",PTSTAN1,0
D,DISPATCH,UNIT_SCADA,1,"2019/09/06 04:35:00",PUMP1,0
D,DISPATCH,UNIT_SCADA,1,"2019/09/06 04:35:00",PUMP2,0
D,DISPATCH,UNIT_SCADA,1,"2019/09/06 04:35:00",QPS1,0
D,DISPATCH,UNIT_SCADA,1,"2019/09/06 04:35:00",QPS2,0
D,DISPATCH,UNIT_SCADA,1,"2019/09/06 04:35:00",QPS3,0
D,DISPATCH,UNIT_SCADA,1,"2019/09/06 04:35:00",QPS4,0
D,DISPATCH,UNIT_SCADA,1,"2019/09/06 04:35:00",QPS5,0
D,DISPATCH,UNIT_SCADA,1,"2019/09/06 04:35:00",REECE1,97.510010
D,DISPATCH,UNIT_SCADA,1,"2019/09/06 04:35:00",REECE2,0
D,DISPATCH,UNIT_SCADA,1,"2019/09/06 04:35:00",ROMA_7,0
D,DISPATCH,UNIT_SCADA,1,"2019/09/06 04:35:00",ROMA_8,0
D,DISPATCH,UNIT_SCADA,1,"2019/09/06 04:35:00",RRSF1,0
D,DISPATCH,UNIT_SCADA,1,"2019/09/06 04:35:00",RT_NSW1,0
D,DISPATCH,UNIT_SCADA,1,"2019/09/06 04:35:00",RT_NSW2,0
D,DISPATCH,UNIT_SCADA,1,"2019/09/06 04:35:00",RT_NSW3,0
D,DISPATCH,UNIT_SCADA,1,"2019/09/06 04:35:00",RT_NSW4,0
D,DISPATCH,UNIT_SCADA,1,"2019/09/06 04:35:00",RT_NSW5,0
D,DISPATCH,UNIT_SCADA,1,"2019/09/06 04:35:00",RT_NSW6,0
D,DISPATCH,UNIT_SCADA,1,"2019/09/06 04:35:00",RT_QLD1,0
D,DISPATCH,UNIT_SCADA,1,"2019/09/06 04:35:00",RT_SA1,0
D,DISPATCH,UNIT_SCADA,1,"2019/09/06 04:35:00",RT_SA2,0
D,DISPATCH,UNIT_SCADA,1,"2019/09/06 04:35:00",RT_SA3,0
D,DISPATCH,UNIT_SCADA,1,"2019/09/06 04:35:00",RT_SA4,0
D,DISPATCH,UNIT_SCADA,1,"2019/09/06 04:35:00",RT_SA5,0
D,DISPATCH,UNIT_SCADA,1,"2019/09/06 04:35:00",RT_SA6,0
D,DISPATCH,UNIT_SCADA,1,"2019/09/06 04:35:00",RT_TAS1,0
D,DISPATCH,UNIT_SCADA,1,"2019/09/06 04:35:00",RT_VIC1,0
D,DISPATCH,UNIT_SCADA,1,"2019/09/06 04:35:00",RT_VIC10,0
D,DISPATCH,UNIT_SCADA,1,"2019/09/06 04:35:00",RT_VIC11,0
D,DISPATCH,UNIT_SCADA,1,"2019/09/06 04:35:00",RT_VIC12,0
D,DISPATCH,UNIT_SCADA,1,"2019/09/06 04:35:00",RT_VIC2,0
D,DISPATCH,UNIT_SCADA,1,"2019/09/06 04:35:00",RT_VIC3,0
D,DISPATCH,UNIT_SCADA,1,"2019/09/06 04:35:00",RT_VIC4,0
D,DISPATCH,UNIT_SCADA,1,"2019/09/06 04:35:00",RT_VIC5,0
D,DISPATCH,UNIT_SCADA,1,"2019/09/06 04:35:00",RT_VIC6,0
D,DISPATCH,UNIT_SCADA,1,"2019/09/06 04:35:00",RT_VIC7,0
D,DISPATCH,UNIT_SCADA,1,"2019/09/06 04:35:00",RT_VIC8,0
D,DISPATCH,UNIT_SCADA,1,"2019/09/06 04:35:00",RT_VIC9,0
D,DISPATCH,UNIT_SCADA,1,"2019/09/06 04:35:00",RUGBYR1,0
D,DISPATCH,UNIT_SCADA,1,"2019/09/06 04:35:00",SALTCRK1,25.91
D,DISPATCH,UNIT_SCADA,1,"2019/09/06 04:35:00",SAPHWF1,81.506260
D,DISPATCH,UNIT_SCADA,1,"2019/09/06 04:35:00",SHGEN,0
D,DISPATCH,UNIT_SCADA,1,"2019/09/06 04:35:00",SHPUMP,159.0531
D,DISPATCH,UNIT_SCADA,1,"2019/09/06 04:35:00",SITHE01,0.194050
D,DISPATCH,UNIT_SCADA,1,"2019/09/06 04:35:00",SMCSF1,0
D,DISPATCH,UNIT_SCADA,1,"2019/09/06 04:35:00",SNOWNTH1,136.399990
D,DISPATCH,UNIT_SCADA,1,"2019/09/06 04:35:00",SNOWSTH1,120.40
D,DISPATCH,UNIT_SCADA,1,"2019/09/06 04:35:00",SNOWTWN1,94.989720
D,DISPATCH,UNIT_SCADA,1,"2019/09/06 04:35:00",SNOWYP,194.30
D,DISPATCH,UNIT_SCADA,1,"2019/09/06 04:35:00",SNUG1,0.019440
D,DISPATCH,UNIT_SCADA,1,"2019/09/06 04:35:00",SRSF1,0.22
D,DISPATCH,UNIT_SCADA,1,"2019/09/06 04:35:00",STAN-1,259.0990
D,DISPATCH,UNIT_SCADA,1,"2019/09/06 04:35:00",STAN-2,245.871050
D,DISPATCH,UNIT_SCADA,1,"2019/09/06 04:35:00",STAN-3,245.537780
D,DISPATCH,UNIT_SCADA,1,"2019/09/06 04:35:00",STAN-4,249.1524
D,DISPATCH,UNIT_SCADA,1,"2019/09/06 04:35:00",STWF1,0
D,DISPATCH,UNIT_SCADA,1,"2019/09/06 04:35:00",SWAN_E,0
D,DISPATCH,UNIT_SCADA,1,"2019/09/06 04:35:00",TALWA1,191
D,DISPATCH,UNIT_SCADA,1,"2019/09/06 04:35:00",TARALGA1,23.827510
D,DISPATCH,UNIT_SCADA,1,"2019/09/06 04:35:00",TARONG#1,273.200010
D,DISPATCH,UNIT_SCADA,1,"2019/09/06 04:35:00",TARONG#2,0
D,DISPATCH,UNIT_SCADA,1,"2019/09/06 04:35:00",TARONG#3,260.800020
D,DISPATCH,UNIT_SCADA,1,"2019/09/06 04:35:00",TARONG#4,275.100010
D,DISPATCH,UNIT_SCADA,1,"2019/09/06 04:35:00",TARRALEA,74
D,DISPATCH,UNIT_SCADA,1,"2019/09/06 04:35:00",TBSF1,-0.20
D,DISPATCH,UNIT_SCADA,1,"2019/09/06 04:35:00",TNPS1,397.600010
D,DISPATCH,UNIT_SCADA,1,"2019/09/06 04:35:00",TORRA1,35.208760
D,DISPATCH,UNIT_SCADA,1,"2019/09/06 04:35:00",TORRA2,0
D,DISPATCH,UNIT_SCADA,1,"2019/09/06 04:35:00",TORRA3,0
D,DISPATCH,UNIT_SCADA,1,"2019/09/06 04:35:00",TORRA4,36.932650
D,DISPATCH,UNIT_SCADA,1,"2019/09/06 04:35:00",TORRB1,42.35
D,DISPATCH,UNIT_SCADA,1,"2019/09/06 04:35:00",TORRB2,41.54
D,DISPATCH,UNIT_SCADA,1,"2019/09/06 04:35:00",TORRB3,43.64
D,DISPATCH,UNIT_SCADA,1,"2019/09/06 04:35:00",TORRB4,0
D,DISPATCH,UNIT_SCADA,1,"2019/09/06 04:35:00",TREVALLN,15.940020
D,DISPATCH,UNIT_SCADA,1,"2019/09/06 04:35:00",TRIBUTE,0
D,DISPATCH,UNIT_SCADA,1,"2019/09/06 04:35:00",TUMUT3,0
D,DISPATCH,UNIT_SCADA,1,"2019/09/06 04:35:00",TUNGATIN,3.20
D,DISPATCH,UNIT_SCADA,1,"2019/09/06 04:35:00",TVCC201,0
D,DISPATCH,UNIT_SCADA,1,"2019/09/06 04:35:00",TVPP104,0
D,DISPATCH,UNIT_SCADA,1,"2019/09/06 04:35:00",UPPTUMUT,0
D,DISPATCH,UNIT_SCADA,1,"2019/09/06 04:35:00",URANQ11,0
D,DISPATCH,UNIT_SCADA,1,"2019/09/06 04:35:00",URANQ12,0
D,DISPATCH,UNIT_SCADA,1,"2019/09/06 04:35:00",URANQ13,0
D,DISPATCH,UNIT_SCADA,1,"2019/09/06 04:35:00",URANQ14,0
D,DISPATCH,UNIT_SCADA,1,"2019/09/06 04:35:00",VP5,521.225040
D,DISPATCH,UNIT_SCADA,1,"2019/09/06 04:35:00",VP6,0
D,DISPATCH,UNIT_SCADA,1,"2019/09/06 04:35:00",VPGS1,0
D,DISPATCH,UNIT_SCADA,1,"2019/09/06 04:35:00",VPGS2,0
D,DISPATCH,UNIT_SCADA,1,"2019/09/06 04:35:00",VPGS3,0
D,DISPATCH,UNIT_SCADA,1,"2019/09/06 04:35:00",VPGS4,0
D,DISPATCH,UNIT_SCADA,1,"2019/09/06 04:35:00",VPGS5,0
D,DISPATCH,UNIT_SCADA,1,"2019/09/06 04:35:00",VPGS6,0
D,DISPATCH,UNIT_SCADA,1,"2019/09/06 04:35:00",W/HOE#1,0
D,DISPATCH,UNIT_SCADA,1,"2019/09/06 04:35:00",W/HOE#2,0
D,DISPATCH,UNIT_SCADA,1,"2019/09/06 04:35:00",WATERLWF,118.30
D,DISPATCH,UNIT_SCADA,1,"2019/09/06 04:35:00",WEMENSF1,0
D,DISPATCH,UNIT_SCADA,1,"2019/09/06 04:35:00",WGWF1,110.50
D,DISPATCH,UNIT_SCADA,1,"2019/09/06 04:35:00",WHITSF1,0
D,DISPATCH,UNIT_SCADA,1,"2019/09/06 04:35:00",WKIEWA1,0
D,DISPATCH,UNIT_SCADA,1,"2019/09/06 04:35:00",WKIEWA2,0.10
D,DISPATCH,UNIT_SCADA,1,"2019/09/06 04:35:00",WOODLWN1,22.959010
D,DISPATCH,UNIT_SCADA,1,"2019/09/06 04:35:00",WRSF1,0
D,DISPATCH,UNIT_SCADA,1,"2019/09/06 04:35:00",WRWF1,17.458740
D,DISPATCH,UNIT_SCADA,1,"2019/09/06 04:35:00",YABULU,0
D,DISPATCH,UNIT_SCADA,1,"2019/09/06 04:35:00",YABULU2,0
D,DISPATCH,UNIT_SCADA,1,"2019/09/06 04:35:00",YARWUN_1,165.459990
D,DISPATCH,UNIT_SCADA,1,"2019/09/06 04:35:00",YENDWF1,9.96
D,DISPATCH,UNIT_SCADA,1,"2019/09/06 04:35:00",YWPS1,385.212650
D,DISPATCH,UNIT_SCADA,1,"2019/09/06 04:35:00",YWPS2,283.706330
D,DISPATCH,UNIT_SCADA,1,"2019/09/06 04:35:00",YWPS3,331.160770
D,DISPATCH,UNIT_SCADA,1,"2019/09/06 04:35:00",YWPS4,393.826570
C,"END OF REPORT",335
