C,NEMP.WORLD,DISPATCHSCADA,AEMO,PUBLIC,2019/08/21,18:05:07,0000000311835893,DISPATCHSCADA,0000000311835887
I,DISPATCH,UNIT_SCADA,1,SETTLEMENTDATE,DUID,SCADAVALUE
D,DISPATCH,UNIT_SCADA,1,"2019/08/21 18:10:00",BARCSF1,0.70
D,DISPATCH,UNIT_SCADA,1,"2019/08/21 18:10:00",BUTLERSG,9.599998
D,DISPATCH,UNIT_SCADA,1,"2019/08/21 18:10:00",CALL_A_4,0
D,DISPATCH,UNIT_SCADA,1,"2019/08/21 18:10:00",CAPTL_WF,131.591995
D,DISPATCH,UNIT_SCADA,1,"2019/08/21 18:10:00",CATHROCK,29.919998
D,DISPATCH,UNIT_SCADA,1,"2019/08/21 18:10:00",CHALLHWF,25
D,DISPATCH,UNIT_SCADA,1,"2019/08/21 18:10:00",CLOVER,-0.01
D,DISPATCH,UNIT_SCADA,1,"2019/08/21 18:10:00",CLUNY,20.130465
D,DISPATCH,UNIT_SCADA,1,"2019/08/21 18:10:00",CNUNDAWF,40.146832
D,DISPATCH,UNIT_SCADA,1,"2019/08/21 18:10:00",CULLRGWF,28.26
D,DISPATCH,UNIT_SCADA,1,"2019/08/21 18:10:00",ERGT01,0
D,DISPATCH,UNIT_SCADA,1,"2019/08/21 18:10:00",GB01,0.069134
D,DISPATCH,UNIT_SCADA,1,"2019/08/21 18:10:00",GERMCRK,34.400002
D,DISPATCH,UNIT_SCADA,1,"2019/08/21 18:10:00",GRIFSF1,0
D,DISPATCH,UNIT_SCADA,1,"2019/08/21 18:10:00",HUGSF1,0.0570
D,DISPATCH,UNIT_SCADA,1,"2019/08/21 18:10:00",LKBONNY1,67.339256
D,DISPATCH,UNIT_SCADA,1,"2019/08/21 18:10:00",LRSF1,0.0390
D,DISPATCH,UNIT_SCADA,1,"2019/08/21 18:10:00",MBAHNTH,55.856247
D,DISPATCH,UNIT_SCADA,1,"2019/08/21 18:10:00",MLSP1,0.271001
D,DISPATCH,UNIT_SCADA,1,"2019/08/21 18:10:00",MLWF1,18.1350
D,DISPATCH,UNIT_SCADA,1,"2019/08/21 18:10:00",MTMILLAR,17.807058
D,DISPATCH,UNIT_SCADA,1,"2019/08/21 18:10:00",PALOONA,24.129999
D,DISPATCH,UNIT_SCADA,1,"2019/08/21 18:10:00",PIONEER,31.800001
D,DISPATCH,UNIT_SCADA,1,"2019/08/21 18:10:00",PORTWF,141.100006
D,DISPATCH,UNIT_SCADA,1,"2019/08/21 18:10:00",REPULSE,28.740063
D,DISPATCH,UNIT_SCADA,1,"2019/08/21 18:10:00",ROWALLAN,10.3092
D,DISPATCH,UNIT_SCADA,1,"2019/08/21 18:10:00",ROYALLA1,0
D,DISPATCH,UNIT_SCADA,1,"2019/08/21 18:10:00",RPCG,11.40
D,DISPATCH,UNIT_SCADA,1,"2019/08/21 18:10:00",RUBICON,0
D,DISPATCH,UNIT_SCADA,1,"2019/08/21 18:10:00",SATGN1,0
D,DISPATCH,UNIT_SCADA,1,"2019/08/21 18:10:00",SATGS1,0
D,DISPATCH,UNIT_SCADA,1,"2019/08/21 18:10:00",STARHLWF,3.598951
D,DISPATCH,UNIT_SCADA,1,"2019/08/21 18:10:00",WAUBRAWF,150.679993
D,DISPATCH,UNIT_SCADA,1,"2019/08/21 18:10:00",WOOLNTH1,131.600021
D,DISPATCH,UNIT_SCADA,1,"2019/08/21 18:10:00",WPWF,61
D,DISPATCH,UNIT_SCADA,1,"2019/08/21 18:10:00",YAMBUKWF,29.40
D,DISPATCH,UNIT_SCADA,1,"2019/08/21 18:10:00",YSWF1,28.60
D,DISPATCH,UNIT_SCADA,1,"2019/08/21 18:10:00",AGLHAL,0
D,DISPATCH,UNIT_SCADA,1,"2019/08/21 18:10:00",AGLSOM,0
D,DISPATCH,UNIT_SCADA,1,"2019/08/21 18:10:00",ANGAST1,0
D,DISPATCH,UNIT_SCADA,1,"2019/08/21 18:10:00",ARWF1,98.80
D,DISPATCH,UNIT_SCADA,1,"2019/08/21 18:10:00",BALBG1,3.73
D,DISPATCH,UNIT_SCADA,1,"2019/08/21 18:10:00",BALBL1,0
D,DISPATCH,UNIT_SCADA,1,"2019/08/21 18:10:00",BALDHWF1,101.3280
D,DISPATCH,UNIT_SCADA,1,"2019/08/21 18:10:00",BANN1,0
D,DISPATCH,UNIT_SCADA,1,"2019/08/21 18:10:00",BARCALDN,0
D,DISPATCH,UNIT_SCADA,1,"2019/08/21 18:10:00",BARRON-1,0
D,DISPATCH,UNIT_SCADA,1,"2019/08/21 18:10:00",BARRON-2,27.60
D,DISPATCH,UNIT_SCADA,1,"2019/08/21 18:10:00",BASTYAN,77.170010
D,DISPATCH,UNIT_SCADA,1,"2019/08/21 18:10:00",BBTHREE1,-1.90
D,DISPATCH,UNIT_SCADA,1,"2019/08/21 18:10:00",BBTHREE2,-1.93
D,DISPATCH,UNIT_SCADA,1,"2019/08/21 18:10:00",BBTHREE3,-1.02
D,DISPATCH,UNIT_SCADA,1,"2019/08/21 18:10:00",BDL01,42.84
D,DISPATCH,UNIT_SCADA,1,"2019/08/21 18:10:00",BDL02,0
D,DISPATCH,UNIT_SCADA,1,"2019/08/21 18:10:00",BERYLSF1,0
D,DISPATCH,UNIT_SCADA,1,"2019/08/21 18:10:00",BLOWERNG,0
D,DISPATCH,UNIT_SCADA,1,"2019/08/21 18:10:00",BLUFF1,33.30
D,DISPATCH,UNIT_SCADA,1,"2019/08/21 18:10:00",BNGSF1,2.61
D,DISPATCH,UNIT_SCADA,1,"2019/08/21 18:10:00",BNGSF2,1.01
D,DISPATCH,UNIT_SCADA,1,"2019/08/21 18:10:00",BOCORWF1,111.17
D,DISPATCH,UNIT_SCADA,1,"2019/08/21 18:10:00",BODWF1,82.530910
D,DISPATCH,UNIT_SCADA,1,"2019/08/21 18:10:00",BRAEMAR1,0
D,DISPATCH,UNIT_SCADA,1,"2019/08/21 18:10:00",BRAEMAR2,173.200010
D,DISPATCH,UNIT_SCADA,1,"2019/08/21 18:10:00",BRAEMAR3,0
D,DISPATCH,UNIT_SCADA,1,"2019/08/21 18:10:00",BRAEMAR5,0
D,DISPATCH,UNIT_SCADA,1,"2019/08/21 18:10:00",BRAEMAR6,0
D,DISPATCH,UNIT_SCADA,1,"2019/08/21 18:10:00",BRAEMAR7,0
D,DISPATCH,UNIT_SCADA,1,"2019/08/21 18:10:00",BROKENH1,0
D,DISPATCH,UNIT_SCADA,1,"2019/08/21 18:10:00",BW01,628.8750
D,DISPATCH,UNIT_SCADA,1,"2019/08/21 18:10:00",BW02,632.050050
D,DISPATCH,UNIT_SCADA,1,"2019/08/21 18:10:00",BW03,634.400020
D,DISPATCH,UNIT_SCADA,1,"2019/08/21 18:10:00",BW04,0
D,DISPATCH,UNIT_SCADA,1,"2019/08/21 18:10:00",CALL_B_1,350.100010
D,DISPATCH,UNIT_SCADA,1,"2019/08/21 18:10:00",CALL_B_2,350.300020
D,DISPATCH,UNIT_SCADA,1,"2019/08/21 18:10:00",CETHANA,98.783250
D,DISPATCH,UNIT_SCADA,1,"2019/08/21 18:10:00",CG1,0
D,DISPATCH,UNIT_SCADA,1,"2019/08/21 18:10:00",CG2,0
D,DISPATCH,UNIT_SCADA,1,"2019/08/21 18:10:00",CG3,0
D,DISPATCH,UNIT_SCADA,1,"2019/08/21 18:10:00",CG4,0
D,DISPATCH,UNIT_SCADA,1,"2019/08/21 18:10:00",CHILDSF1,0.01
D,DISPATCH,UNIT_SCADA,1,"2019/08/21 18:10:00",CLARESF1,0
D,DISPATCH,UNIT_SCADA,1,"2019/08/21 18:10:00",CLEMGPWF,15.919740
D,DISPATCH,UNIT_SCADA,1,"2019/08/21 18:10:00",CLERMSF1,0.50
D,DISPATCH,UNIT_SCADA,1,"2019/08/21 18:10:00",COLEASF1,0
D,DISPATCH,UNIT_SCADA,1,"2019/08/21 18:10:00",COOPGWF1,21.955320
D,DISPATCH,UNIT_SCADA,1,"2019/08/21 18:10:00",CPP_3,403.700010
D,DISPATCH,UNIT_SCADA,1,"2019/08/21 18:10:00",CPP_4,405.075010
D,DISPATCH,UNIT_SCADA,1,"2019/08/21 18:10:00",CPSA,141.403120
D,DISPATCH,UNIT_SCADA,1,"2019/08/21 18:10:00",CROOKWF2,91.383760
D,DISPATCH,UNIT_SCADA,1,"2019/08/21 18:10:00",CROWLWF1,30.769150
D,DISPATCH,UNIT_SCADA,1,"2019/08/21 18:10:00",CSPVPS1,0.0430
D,DISPATCH,UNIT_SCADA,1,"2019/08/21 18:10:00",DALNTH01,5.986110
D,DISPATCH,UNIT_SCADA,1,"2019/08/21 18:10:00",DALNTHL1,0
D,DISPATCH,UNIT_SCADA,1,"2019/08/21 18:10:00",DARTM1,134.600010
D,DISPATCH,UNIT_SCADA,1,"2019/08/21 18:10:00",DAYDSF1,0
D,DISPATCH,UNIT_SCADA,1,"2019/08/21 18:10:00",DDPS1,350.237670
D,DISPATCH,UNIT_SCADA,1,"2019/08/21 18:10:00",DDSF1,0
D,DISPATCH,UNIT_SCADA,1,"2019/08/21 18:10:00",DEVILS_G,0
D,DISPATCH,UNIT_SCADA,1,"2019/08/21 18:10:00",DG_NSW1,0
D,DISPATCH,UNIT_SCADA,1,"2019/08/21 18:10:00",DG_QLD1,0
D,DISPATCH,UNIT_SCADA,1,"2019/08/21 18:10:00",DG_SA1,0
D,DISPATCH,UNIT_SCADA,1,"2019/08/21 18:10:00",DG_TAS1,0
D,DISPATCH,UNIT_SCADA,1,"2019/08/21 18:10:00",DG_VIC1,0
D,DISPATCH,UNIT_SCADA,1,"2019/08/21 18:10:00",DRYCGT1,0
D,DISPATCH,UNIT_SCADA,1,"2019/08/21 18:10:00",DRYCGT2,0
D,DISPATCH,UNIT_SCADA,1,"2019/08/21 18:10:00",DRYCGT3,0
D,DISPATCH,UNIT_SCADA,1,"2019/08/21 18:10:00",EILDON1,0
D,DISPATCH,UNIT_SCADA,1,"2019/08/21 18:10:00",EILDON2,0
D,DISPATCH,UNIT_SCADA,1,"2019/08/21 18:10:00",EMERASF1,0
D,DISPATCH,UNIT_SCADA,1,"2019/08/21 18:10:00",ER01,573.575070
D,DISPATCH,UNIT_SCADA,1,"2019/08/21 18:10:00",ER02,599.925050
D,DISPATCH,UNIT_SCADA,1,"2019/08/21 18:10:00",ER03,699.425050
D,DISPATCH,UNIT_SCADA,1,"2019/08/21 18:10:00",ER04,679.1250
D,DISPATCH,UNIT_SCADA,1,"2019/08/21 18:10:00",FINLYSF1,0
D,DISPATCH,UNIT_SCADA,1,"2019/08/21 18:10:00",FISHER,45.62
D,DISPATCH,UNIT_SCADA,1,"2019/08/21 18:10:00",GANNBG1,1.512050
D,DISPATCH,UNIT_SCADA,1,"2019/08/21 18:10:00",GANNBL1,0
D,DISPATCH,UNIT_SCADA,1,"2019/08/21 18:10:00",GANNSF1,0
D,DISPATCH,UNIT_SCADA,1,"2019/08/21 18:10:00",GORDON,108.796230
D,DISPATCH,UNIT_SCADA,1,"2019/08/21 18:10:00",GSTONE1,219.6250
D,DISPATCH,UNIT_SCADA,1,"2019/08/21 18:10:00",GSTONE2,220.3250
D,DISPATCH,UNIT_SCADA,1,"2019/08/21 18:10:00",GSTONE3,256.3750
D,DISPATCH,UNIT_SCADA,1,"2019/08/21 18:10:00",GSTONE4,219.45
D,DISPATCH,UNIT_SCADA,1,"2019/08/21 18:10:00",GSTONE5,219.274990
D,DISPATCH,UNIT_SCADA,1,"2019/08/21 18:10:00",GSTONE6,0
D,DISPATCH,UNIT_SCADA,1,"2019/08/21 18:10:00",GULLRSF1,0
D,DISPATCH,UNIT_SCADA,1,"2019/08/21 18:10:00",GULLRWF1,152.253910
D,DISPATCH,UNIT_SCADA,1,"2019/08/21 18:10:00",GUNNING1,46.048520
D,DISPATCH,UNIT_SCADA,1,"2019/08/21 18:10:00",GUTHEGA,31.10
D,DISPATCH,UNIT_SCADA,1,"2019/08/21 18:10:00",HALLWF1,48.56
D,DISPATCH,UNIT_SCADA,1,"2019/08/21 18:10:00",HALLWF2,42.19
D,DISPATCH,UNIT_SCADA,1,"2019/08/21 18:10:00",HAMISF1,0
D,DISPATCH,UNIT_SCADA,1,"2019/08/21 18:10:00",HAUGHT11,0
D,DISPATCH,UNIT_SCADA,1,"2019/08/21 18:10:00",HAYMSF1,0
D,DISPATCH,UNIT_SCADA,1,"2019/08/21 18:10:00",HDWF1,55
D,DISPATCH,UNIT_SCADA,1,"2019/08/21 18:10:00",HDWF2,36.10
D,DISPATCH,UNIT_SCADA,1,"2019/08/21 18:10:00",HDWF3,43.30
D,DISPATCH,UNIT_SCADA,1,"2019/08/21 18:10:00",HPRG1,3.20
D,DISPATCH,UNIT_SCADA,1,"2019/08/21 18:10:00",HPRL1,0
D,DISPATCH,UNIT_SCADA,1,"2019/08/21 18:10:00",HUMENSW,0
D,DISPATCH,UNIT_SCADA,1,"2019/08/21 18:10:00",HUMEV,9.70
D,DISPATCH,UNIT_SCADA,1,"2019/08/21 18:10:00",HVGTS,0
D,DISPATCH,UNIT_SCADA,1,"2019/08/21 18:10:00",JBUTTERS,139.34
D,DISPATCH,UNIT_SCADA,1,"2019/08/21 18:10:00",JLA01,0.50
D,DISPATCH,UNIT_SCADA,1,"2019/08/21 18:10:00",JLA02,0
D,DISPATCH,UNIT_SCADA,1,"2019/08/21 18:10:00",JLA03,0.10
D,DISPATCH,UNIT_SCADA,1,"2019/08/21 18:10:00",JLA04,0.10
D,DISPATCH,UNIT_SCADA,1,"2019/08/21 18:10:00",JLB01,0
D,DISPATCH,UNIT_SCADA,1,"2019/08/21 18:10:00",JLB02,0.10
D,DISPATCH,UNIT_SCADA,1,"2019/08/21 18:10:00",JLB03,0
D,DISPATCH,UNIT_SCADA,1,"2019/08/21 18:10:00",KAREEYA1,21.5050
D,DISPATCH,UNIT_SCADA,1,"2019/08/21 18:10:00",KAREEYA2,21.7050
D,DISPATCH,UNIT_SCADA,1,"2019/08/21 18:10:00",KAREEYA3,0
D,DISPATCH,UNIT_SCADA,1,"2019/08/21 18:10:00",KAREEYA4,21.6650
D,DISPATCH,UNIT_SCADA,1,"2019/08/21 18:10:00",KARSF1,0
D,DISPATCH,UNIT_SCADA,1,"2019/08/21 18:10:00",KIATAWF1,28.90
D,DISPATCH,UNIT_SCADA,1,"2019/08/21 18:10:00",KPP_1,0
D,DISPATCH,UNIT_SCADA,1,"2019/08/21 18:10:00",KSP1,0
D,DISPATCH,UNIT_SCADA,1,"2019/08/21 18:10:00",LADBROK1,42.11
D,DISPATCH,UNIT_SCADA,1,"2019/08/21 18:10:00",LADBROK2,42.84
D,DISPATCH,UNIT_SCADA,1,"2019/08/21 18:10:00",LD01,419.287540
D,DISPATCH,UNIT_SCADA,1,"2019/08/21 18:10:00",LD02,420.037540
D,DISPATCH,UNIT_SCADA,1,"2019/08/21 18:10:00",LD03,417.993710
D,DISPATCH,UNIT_SCADA,1,"2019/08/21 18:10:00",LD04,376.987520
D,DISPATCH,UNIT_SCADA,1,"2019/08/21 18:10:00",LEM_WIL,86.0040
D,DISPATCH,UNIT_SCADA,1,"2019/08/21 18:10:00",LGAPWF1,11.38
D,DISPATCH,UNIT_SCADA,1,"2019/08/21 18:10:00",LILYSF1,0
D,DISPATCH,UNIT_SCADA,1,"2019/08/21 18:10:00",LI_WY_CA,149.110260
D,DISPATCH,UNIT_SCADA,1,"2019/08/21 18:10:00",LKBONNY2,151.373050
D,DISPATCH,UNIT_SCADA,1,"2019/08/21 18:10:00",LKBONNY3,35.279510
D,DISPATCH,UNIT_SCADA,1,"2019/08/21 18:10:00",LK_ECHO,0
D,DISPATCH,UNIT_SCADA,1,"2019/08/21 18:10:00",LNGS1,0
D,DISPATCH,UNIT_SCADA,1,"2019/08/21 18:10:00",LNGS2,0
D,DISPATCH,UNIT_SCADA,1,"2019/08/21 18:10:00",LONSDALE,0
D,DISPATCH,UNIT_SCADA,1,"2019/08/21 18:10:00",LOYYB1,536.088620
D,DISPATCH,UNIT_SCADA,1,"2019/08/21 18:10:00",LOYYB2,583.082280
D,DISPATCH,UNIT_SCADA,1,"2019/08/21 18:10:00",LYA1,560
D,DISPATCH,UNIT_SCADA,1,"2019/08/21 18:10:00",LYA2,0
D,DISPATCH,UNIT_SCADA,1,"2019/08/21 18:10:00",LYA3,562
D,DISPATCH,UNIT_SCADA,1,"2019/08/21 18:10:00",LYA4,531
D,DISPATCH,UNIT_SCADA,1,"2019/08/21 18:10:00",MACARTH1,366.291530
D,DISPATCH,UNIT_SCADA,1,"2019/08/21 18:10:00",MACKAYGT,0
D,DISPATCH,UNIT_SCADA,1,"2019/08/21 18:10:00",MACKNTSH,84.01
D,DISPATCH,UNIT_SCADA,1,"2019/08/21 18:10:00",MANSLR1,0
D,DISPATCH,UNIT_SCADA,1,"2019/08/21 18:10:00",MCKAY1,0.02
D,DISPATCH,UNIT_SCADA,1,"2019/08/21 18:10:00",MEADOWBK,33.495760
D,DISPATCH,UNIT_SCADA,1,"2019/08/21 18:10:00",MERCER01,120.290990
D,DISPATCH,UNIT_SCADA,1,"2019/08/21 18:10:00",MEWF1,47.589370
D,DISPATCH,UNIT_SCADA,1,"2019/08/21 18:10:00",MINTARO,0
D,DISPATCH,UNIT_SCADA,1,"2019/08/21 18:10:00",MOREESF1,0
D,DISPATCH,UNIT_SCADA,1,"2019/08/21 18:10:00",MORTLK11,0
D,DISPATCH,UNIT_SCADA,1,"2019/08/21 18:10:00",MORTLK12,0
D,DISPATCH,UNIT_SCADA,1,"2019/08/21 18:10:00",MP1,279.724980
D,DISPATCH,UNIT_SCADA,1,"2019/08/21 18:10:00",MP2,0
D,DISPATCH,UNIT_SCADA,1,"2019/08/21 18:10:00",MPP_1,299.25
D,DISPATCH,UNIT_SCADA,1,"2019/08/21 18:10:00",MPP_2,434
D,DISPATCH,UNIT_SCADA,1,"2019/08/21 18:10:00",MSTUART1,0
D,DISPATCH,UNIT_SCADA,1,"2019/08/21 18:10:00",MSTUART2,0
D,DISPATCH,UNIT_SCADA,1,"2019/08/21 18:10:00",MSTUART3,0
D,DISPATCH,UNIT_SCADA,1,"2019/08/21 18:10:00",MTGELWF1,63.840150
D,DISPATCH,UNIT_SCADA,1,"2019/08/21 18:10:00",MURRAY,0
D,DISPATCH,UNIT_SCADA,1,"2019/08/21 18:10:00",MUSSELR1,160.600010
D,DISPATCH,UNIT_SCADA,1,"2019/08/21 18:10:00",MUWAWF1,56.78
D,DISPATCH,UNIT_SCADA,1,"2019/08/21 18:10:00",NBHWF1,55.90
D,DISPATCH,UNIT_SCADA,1,"2019/08/21 18:10:00",NPS,424.8750
D,DISPATCH,UNIT_SCADA,1,"2019/08/21 18:10:00",NUMURSF1,0
D,DISPATCH,UNIT_SCADA,1,"2019/08/21 18:10:00",NYNGAN1,0
D,DISPATCH,UNIT_SCADA,1,"2019/08/21 18:10:00",OAKEY1,0
D,DISPATCH,UNIT_SCADA,1,"2019/08/21 18:10:00",OAKEY1SF,0.0510
D,DISPATCH,UNIT_SCADA,1,"2019/08/21 18:10:00",OAKEY2,0
D,DISPATCH,UNIT_SCADA,1,"2019/08/21 18:10:00",OAKLAND1,54
D,DISPATCH,UNIT_SCADA,1,"2019/08/21 18:10:00",OSB-AG,0
D,DISPATCH,UNIT_SCADA,1,"2019/08/21 18:10:00",PARSF1,0
D,DISPATCH,UNIT_SCADA,1,"2019/08/21 18:10:00",POAT110,42.711120
D,DISPATCH,UNIT_SCADA,1,"2019/08/21 18:10:00",POAT220,93.231920
D,DISPATCH,UNIT_SCADA,1,"2019/08/21 18:10:00",POR01,0
D,DISPATCH,UNIT_SCADA,1,"2019/08/21 18:10:00",POR03,0
D,DISPATCH,UNIT_SCADA,1,"2019/08/21 18:10:00",PPCCGT,441.322970
D,DISPATCH,UNIT_SCADA,1,"2019/08/21 18:10:00",PTSTAN1,0
D,DISPATCH,UNIT_SCADA,1,"2019/08/21 18:10:00",PUMP1,0
D,DISPATCH,UNIT_SCADA,1,"2019/08/21 18:10:00",PUMP2,0
D,DISPATCH,UNIT_SCADA,1,"2019/08/21 18:10:00",QPS1,0
D,DISPATCH,UNIT_SCADA,1,"2019/08/21 18:10:00",QPS2,0
D,DISPATCH,UNIT_SCADA,1,"2019/08/21 18:10:00",QPS3,0
D,DISPATCH,UNIT_SCADA,1,"2019/08/21 18:10:00",QPS4,0
D,DISPATCH,UNIT_SCADA,1,"2019/08/21 18:10:00",QPS5,0
D,DISPATCH,UNIT_SCADA,1,"2019/08/21 18:10:00",REECE1,118.45
D,DISPATCH,UNIT_SCADA,1,"2019/08/21 18:10:00",REECE2,114.800010
D,DISPATCH,UNIT_SCADA,1,"2019/08/21 18:10:00",ROMA_7,0
D,DISPATCH,UNIT_SCADA,1,"2019/08/21 18:10:00",ROMA_8,0
D,DISPATCH,UNIT_SCADA,1,"2019/08/21 18:10:00",RRSF1,0
D,DISPATCH,UNIT_SCADA,1,"2019/08/21 18:10:00",RT_NSW1,0
D,DISPATCH,UNIT_SCADA,1,"2019/08/21 18:10:00",RT_NSW2,0
D,DISPATCH,UNIT_SCADA,1,"2019/08/21 18:10:00",RT_NSW3,0
D,DISPATCH,UNIT_SCADA,1,"2019/08/21 18:10:00",RT_NSW4,0
D,DISPATCH,UNIT_SCADA,1,"2019/08/21 18:10:00",RT_NSW5,0
D,DISPATCH,UNIT_SCADA,1,"2019/08/21 18:10:00",RT_NSW6,0
D,DISPATCH,UNIT_SCADA,1,"2019/08/21 18:10:00",RT_QLD1,0
D,DISPATCH,UNIT_SCADA,1,"2019/08/21 18:10:00",RT_SA1,0
D,DISPATCH,UNIT_SCADA,1,"2019/08/21 18:10:00",RT_SA2,0
D,DISPATCH,UNIT_SCADA,1,"2019/08/21 18:10:00",RT_SA3,0
D,DISPATCH,UNIT_SCADA,1,"2019/08/21 18:10:00",RT_SA4,0
D,DISPATCH,UNIT_SCADA,1,"2019/08/21 18:10:00",RT_SA5,0
D,DISPATCH,UNIT_SCADA,1,"2019/08/21 18:10:00",RT_SA6,0
D,DISPATCH,UNIT_SCADA,1,"2019/08/21 18:10:00",RT_TAS1,0
D,DISPATCH,UNIT_SCADA,1,"2019/08/21 18:10:00",RT_VIC1,0
D,DISPATCH,UNIT_SCADA,1,"2019/08/21 18:10:00",RT_VIC10,0
D,DISPATCH,UNIT_SCADA,1,"2019/08/21 18:10:00",RT_VIC11,0
D,DISPATCH,UNIT_SCADA,1,"2019/08/21 18:10:00",RT_VIC12,0
D,DISPATCH,UNIT_SCADA,1,"2019/08/21 18:10:00",RT_VIC2,0
D,DISPATCH,UNIT_SCADA,1,"2019/08/21 18:10:00",RT_VIC3,0
D,DISPATCH,UNIT_SCADA,1,"2019/08/21 18:10:00",RT_VIC4,0
D,DISPATCH,UNIT_SCADA,1,"2019/08/21 18:10:00",RT_VIC5,0
D,DISPATCH,UNIT_SCADA,1,"2019/08/21 18:10:00",RT_VIC6,0
D,DISPATCH,UNIT_SCADA,1,"2019/08/21 18:10:00",RT_VIC7,0
D,DISPATCH,UNIT_SCADA,1,"2019/08/21 18:10:00",RT_VIC8,0
D,DISPATCH,UNIT_SCADA,1,"2019/08/21 18:10:00",RT_VIC9,0
D,DISPATCH,UNIT_SCADA,1,"2019/08/21 18:10:00",RUGBYR1,0
D,DISPATCH,UNIT_SCADA,1,"2019/08/21 18:10:00",SALTCRK1,51.97
D,DISPATCH,UNIT_SCADA,1,"2019/08/21 18:10:00",SAPHWF1,149.484380
D,DISPATCH,UNIT_SCADA,1,"2019/08/21 18:10:00",SHGEN,152.951420
D,DISPATCH,UNIT_SCADA,1,"2019/08/21 18:10:00",SHPUMP,0
D,DISPATCH,UNIT_SCADA,1,"2019/08/21 18:10:00",SITHE01,0.133760
D,DISPATCH,UNIT_SCADA,1,"2019/08/21 18:10:00",SMCSF1,0
D,DISPATCH,UNIT_SCADA,1,"2019/08/21 18:10:00",SNOWNTH1,61
D,DISPATCH,UNIT_SCADA,1,"2019/08/21 18:10:00",SNOWSTH1,81.90
D,DISPATCH,UNIT_SCADA,1,"2019/08/21 18:10:00",SNOWTWN1,38.712350
D,DISPATCH,UNIT_SCADA,1,"2019/08/21 18:10:00",SNOWYP,0
D,DISPATCH,UNIT_SCADA,1,"2019/08/21 18:10:00",SNUG1,0.019440
D,DISPATCH,UNIT_SCADA,1,"2019/08/21 18:10:00",SRSF1,0.44
D,DISPATCH,UNIT_SCADA,1,"2019/08/21 18:10:00",STAN-1,0
D,DISPATCH,UNIT_SCADA,1,"2019/08/21 18:10:00",STAN-2,344.568120
D,DISPATCH,UNIT_SCADA,1,"2019/08/21 18:10:00",STAN-3,340.709930
D,DISPATCH,UNIT_SCADA,1,"2019/08/21 18:10:00",STAN-4,367.473510
D,DISPATCH,UNIT_SCADA,1,"2019/08/21 18:10:00",STWF1,129.69
D,DISPATCH,UNIT_SCADA,1,"2019/08/21 18:10:00",SWAN_E,0
D,DISPATCH,UNIT_SCADA,1,"2019/08/21 18:10:00",TALWA1,417
D,DISPATCH,UNIT_SCADA,1,"2019/08/21 18:10:00",TARALGA1,94.968730
D,DISPATCH,UNIT_SCADA,1,"2019/08/21 18:10:00",TARONG#1,340.700010
D,DISPATCH,UNIT_SCADA,1,"2019/08/21 18:10:00",TARONG#2,340.399990
D,DISPATCH,UNIT_SCADA,1,"2019/08/21 18:10:00",TARONG#3,263.200010
D,DISPATCH,UNIT_SCADA,1,"2019/08/21 18:10:00",TARONG#4,348.899990
D,DISPATCH,UNIT_SCADA,1,"2019/08/21 18:10:00",TARRALEA,84.20
D,DISPATCH,UNIT_SCADA,1,"2019/08/21 18:10:00",TBSF1,0.70
D,DISPATCH,UNIT_SCADA,1,"2019/08/21 18:10:00",TNPS1,442.000030
D,DISPATCH,UNIT_SCADA,1,"2019/08/21 18:10:00",TORRA1,106.6069
D,DISPATCH,UNIT_SCADA,1,"2019/08/21 18:10:00",TORRA2,0
D,DISPATCH,UNIT_SCADA,1,"2019/08/21 18:10:00",TORRA3,0
D,DISPATCH,UNIT_SCADA,1,"2019/08/21 18:10:00",TORRA4,0
D,DISPATCH,UNIT_SCADA,1,"2019/08/21 18:10:00",TORRB1,119.15
D,DISPATCH,UNIT_SCADA,1,"2019/08/21 18:10:00",TORRB2,183.98
D,DISPATCH,UNIT_SCADA,1,"2019/08/21 18:10:00",TORRB3,0
D,DISPATCH,UNIT_SCADA,1,"2019/08/21 18:10:00",TORRB4,0
D,DISPATCH,UNIT_SCADA,1,"2019/08/21 18:10:00",TREVALLN,69.470030
D,DISPATCH,UNIT_SCADA,1,"2019/08/21 18:10:00",TRIBUTE,82.25
D,DISPATCH,UNIT_SCADA,1,"2019/08/21 18:10:00",TUMUT3,791.219970
D,DISPATCH,UNIT_SCADA,1,"2019/08/21 18:10:00",TUNGATIN,131.400020
D,DISPATCH,UNIT_SCADA,1,"2019/08/21 18:10:00",TVCC201,0
D,DISPATCH,UNIT_SCADA,1,"2019/08/21 18:10:00",TVPP104,0
D,DISPATCH,UNIT_SCADA,1,"2019/08/21 18:10:00",UPPTUMUT,0
D,DISPATCH,UNIT_SCADA,1,"2019/08/21 18:10:00",URANQ11,0
D,DISPATCH,UNIT_SCADA,1,"2019/08/21 18:10:00",URANQ12,0
D,DISPATCH,UNIT_SCADA,1,"2019/08/21 18:10:00",URANQ13,0
D,DISPATCH,UNIT_SCADA,1,"2019/08/21 18:10:00",URANQ14,0
D,DISPATCH,UNIT_SCADA,1,"2019/08/21 18:10:00",VP5,641.099980
D,DISPATCH,UNIT_SCADA,1,"2019/08/21 18:10:00",VP6,630.3750
D,DISPATCH,UNIT_SCADA,1,"2019/08/21 18:10:00",VPGS1,0
D,DISPATCH,UNIT_SCADA,1,"2019/08/21 18:10:00",VPGS2,0
D,DISPATCH,UNIT_SCADA,1,"2019/08/21 18:10:00",VPGS3,0
D,DISPATCH,UNIT_SCADA,1,"2019/08/21 18:10:00",VPGS4,0
D,DISPATCH,UNIT_SCADA,1,"2019/08/21 18:10:00",VPGS5,0
D,DISPATCH,UNIT_SCADA,1,"2019/08/21 18:10:00",VPGS6,0
D,DISPATCH,UNIT_SCADA,1,"2019/08/21 18:10:00",W/HOE#1,0
D,DISPATCH,UNIT_SCADA,1,"2019/08/21 18:10:00",W/HOE#2,0
D,DISPATCH,UNIT_SCADA,1,"2019/08/21 18:10:00",WATERLWF,79.20
D,DISPATCH,UNIT_SCADA,1,"2019/08/21 18:10:00",WEMENSF1,0
D,DISPATCH,UNIT_SCADA,1,"2019/08/21 18:10:00",WGWF1,60.50
D,DISPATCH,UNIT_SCADA,1,"2019/08/21 18:10:00",WHITSF1,0
D,DISPATCH,UNIT_SCADA,1,"2019/08/21 18:10:00",WKIEWA1,0
D,DISPATCH,UNIT_SCADA,1,"2019/08/21 18:10:00",WKIEWA2,17.10
D,DISPATCH,UNIT_SCADA,1,"2019/08/21 18:10:00",WOODLWN1,44.8380
D,DISPATCH,UNIT_SCADA,1,"2019/08/21 18:10:00",WRSF1,0
D,DISPATCH,UNIT_SCADA,1,"2019/08/21 18:10:00",WRWF1,139.103760
D,DISPATCH,UNIT_SCADA,1,"2019/08/21 18:10:00",YABULU,0
D,DISPATCH,UNIT_SCADA,1,"2019/08/21 18:10:00",YABULU2,0
D,DISPATCH,UNIT_SCADA,1,"2019/08/21 18:10:00",YARWUN_1,0
D,DISPATCH,UNIT_SCADA,1,"2019/08/21 18:10:00",YENDWF1,42.02
D,DISPATCH,UNIT_SCADA,1,"2019/08/21 18:10:00",YWPS1,380.9519
D,DISPATCH,UNIT_SCADA,1,"2019/08/21 18:10:00",YWPS2,279.194950
D,DISPATCH,UNIT_SCADA,1,"2019/08/21 18:10:00",YWPS3,0
D,DISPATCH,UNIT_SCADA,1,"2019/08/21 18:10:00",YWPS4,403.706330
C,"END OF REPORT",334
