C,NEMP.WORLD,DISPATCHSCADA,AEMO,PUBLIC,2019/09/05,02:30:07,0000000312405624,DISPATCHSCADA,0000000312405618
I,DISPATCH,UNIT_SCADA,1,SETTLEMENTDATE,DUID,SCADAVALUE
D,DISPATCH,UNIT_SCADA,1,"2019/09/05 02:35:00",BARCSF1,0
D,DISPATCH,UNIT_SCADA,1,"2019/09/05 02:35:00",BUTLERSG,10.199999
D,DISPATCH,UNIT_SCADA,1,"2019/09/05 02:35:00",CALL_A_4,0
D,DISPATCH,UNIT_SCADA,1,"2019/09/05 02:35:00",CAPTL_WF,6.160004
D,DISPATCH,UNIT_SCADA,1,"2019/09/05 02:35:00",CATHROCK,24.859999
D,DISPATCH,UNIT_SCADA,1,"2019/09/05 02:35:00",CHALLHWF,0
D,DISPATCH,UNIT_SCADA,1,"2019/09/05 02:35:00",CLOVER,-0.01
D,DISPATCH,UNIT_SCADA,1,"2019/09/05 02:35:00",CLUNY,10.053102
D,DISPATCH,UNIT_SCADA,1,"2019/09/05 02:35:00",CNUNDAWF,4.305022
D,DISPATCH,UNIT_SCADA,1,"2019/09/05 02:35:00",CULLRGWF,5.19
D,DISPATCH,UNIT_SCADA,1,"2019/09/05 02:35:00",ERGT01,0
D,DISPATCH,UNIT_SCADA,1,"2019/09/05 02:35:00",GB01,0.013535
D,DISPATCH,UNIT_SCADA,1,"2019/09/05 02:35:00",GERMCRK,36.50
D,DISPATCH,UNIT_SCADA,1,"2019/09/05 02:35:00",GRIFSF1,0
D,DISPATCH,UNIT_SCADA,1,"2019/09/05 02:35:00",HUGSF1,-0.19
D,DISPATCH,UNIT_SCADA,1,"2019/09/05 02:35:00",LKBONNY1,10.717124
D,DISPATCH,UNIT_SCADA,1,"2019/09/05 02:35:00",LRSF1,-0.0310
D,DISPATCH,UNIT_SCADA,1,"2019/09/05 02:35:00",MBAHNTH,27.356247
D,DISPATCH,UNIT_SCADA,1,"2019/09/05 02:35:00",MLSP1,0.366001
D,DISPATCH,UNIT_SCADA,1,"2019/09/05 02:35:00",MLWF1,4.2450
D,DISPATCH,UNIT_SCADA,1,"2019/09/05 02:35:00",MTMILLAR,4.129928
D,DISPATCH,UNIT_SCADA,1,"2019/09/05 02:35:00",PALOONA,16.799999
D,DISPATCH,UNIT_SCADA,1,"2019/09/05 02:35:00",PIONEER,45.799999
D,DISPATCH,UNIT_SCADA,1,"2019/09/05 02:35:00",PORTWF,30.200001
D,DISPATCH,UNIT_SCADA,1,"2019/09/05 02:35:00",REPULSE,20.103456
D,DISPATCH,UNIT_SCADA,1,"2019/09/05 02:35:00",ROWALLAN,10.2453
D,DISPATCH,UNIT_SCADA,1,"2019/09/05 02:35:00",ROYALLA1,0
D,DISPATCH,UNIT_SCADA,1,"2019/09/05 02:35:00",RPCG,10.40
D,DISPATCH,UNIT_SCADA,1,"2019/09/05 02:35:00",RUBICON,0
D,DISPATCH,UNIT_SCADA,1,"2019/09/05 02:35:00",SATGN1,0
D,DISPATCH,UNIT_SCADA,1,"2019/09/05 02:35:00",SATGS1,0
D,DISPATCH,UNIT_SCADA,1,"2019/09/05 02:35:00",STARHLWF,-0.099971
D,DISPATCH,UNIT_SCADA,1,"2019/09/05 02:35:00",WAUBRAWF,0
D,DISPATCH,UNIT_SCADA,1,"2019/09/05 02:35:00",WOOLNTH1,-0.809985
D,DISPATCH,UNIT_SCADA,1,"2019/09/05 02:35:00",WPWF,0
D,DISPATCH,UNIT_SCADA,1,"2019/09/05 02:35:00",YAMBUKWF,4.50
D,DISPATCH,UNIT_SCADA,1,"2019/09/05 02:35:00",YSWF1,0.80
D,DISPATCH,UNIT_SCADA,1,"2019/09/05 02:35:00",AGLHAL,0
D,DISPATCH,UNIT_SCADA,1,"2019/09/05 02:35:00",AGLSOM,0
D,DISPATCH,UNIT_SCADA,1,"2019/09/05 02:35:00",ANGAST1,0
D,DISPATCH,UNIT_SCADA,1,"2019/09/05 02:35:00",ARWF1,-1.30
D,DISPATCH,UNIT_SCADA,1,"2019/09/05 02:35:00",BALBG1,0
D,DISPATCH,UNIT_SCADA,1,"2019/09/05 02:35:00",BALBL1,0
D,DISPATCH,UNIT_SCADA,1,"2019/09/05 02:35:00",BALDHWF1,0
D,DISPATCH,UNIT_SCADA,1,"2019/09/05 02:35:00",BANN1,0
D,DISPATCH,UNIT_SCADA,1,"2019/09/05 02:35:00",BARCALDN,0
D,DISPATCH,UNIT_SCADA,1,"2019/09/05 02:35:00",BARRON-1,0
D,DISPATCH,UNIT_SCADA,1,"2019/09/05 02:35:00",BARRON-2,0
D,DISPATCH,UNIT_SCADA,1,"2019/09/05 02:35:00",BASTYAN,80.750010
D,DISPATCH,UNIT_SCADA,1,"2019/09/05 02:35:00",BBTHREE1,0
D,DISPATCH,UNIT_SCADA,1,"2019/09/05 02:35:00",BBTHREE2,0
D,DISPATCH,UNIT_SCADA,1,"2019/09/05 02:35:00",BBTHREE3,0
D,DISPATCH,UNIT_SCADA,1,"2019/09/05 02:35:00",BDL01,0
D,DISPATCH,UNIT_SCADA,1,"2019/09/05 02:35:00",BDL02,-0.12
D,DISPATCH,UNIT_SCADA,1,"2019/09/05 02:35:00",BERYLSF1,0
D,DISPATCH,UNIT_SCADA,1,"2019/09/05 02:35:00",BLOWERNG,11.10
D,DISPATCH,UNIT_SCADA,1,"2019/09/05 02:35:00",BLUFF1,0.70
D,DISPATCH,UNIT_SCADA,1,"2019/09/05 02:35:00",BNGSF1,0
D,DISPATCH,UNIT_SCADA,1,"2019/09/05 02:35:00",BNGSF2,0
D,DISPATCH,UNIT_SCADA,1,"2019/09/05 02:35:00",BOCORWF1,0
D,DISPATCH,UNIT_SCADA,1,"2019/09/05 02:35:00",BODWF1,8.400120
D,DISPATCH,UNIT_SCADA,1,"2019/09/05 02:35:00",BRAEMAR1,0
D,DISPATCH,UNIT_SCADA,1,"2019/09/05 02:35:00",BRAEMAR2,0
D,DISPATCH,UNIT_SCADA,1,"2019/09/05 02:35:00",BRAEMAR3,0
D,DISPATCH,UNIT_SCADA,1,"2019/09/05 02:35:00",BRAEMAR5,0
D,DISPATCH,UNIT_SCADA,1,"2019/09/05 02:35:00",BRAEMAR6,0
D,DISPATCH,UNIT_SCADA,1,"2019/09/05 02:35:00",BRAEMAR7,0
D,DISPATCH,UNIT_SCADA,1,"2019/09/05 02:35:00",BROKENH1,0
D,DISPATCH,UNIT_SCADA,1,"2019/09/05 02:35:00",BW01,540.925050
D,DISPATCH,UNIT_SCADA,1,"2019/09/05 02:35:00",BW02,570.8750
D,DISPATCH,UNIT_SCADA,1,"2019/09/05 02:35:00",BW03,602.175050
D,DISPATCH,UNIT_SCADA,1,"2019/09/05 02:35:00",BW04,0
D,DISPATCH,UNIT_SCADA,1,"2019/09/05 02:35:00",CALL_B_1,349.300020
D,DISPATCH,UNIT_SCADA,1,"2019/09/05 02:35:00",CALL_B_2,350.800020
D,DISPATCH,UNIT_SCADA,1,"2019/09/05 02:35:00",CETHANA,80.162120
D,DISPATCH,UNIT_SCADA,1,"2019/09/05 02:35:00",CG1,0
D,DISPATCH,UNIT_SCADA,1,"2019/09/05 02:35:00",CG2,0
D,DISPATCH,UNIT_SCADA,1,"2019/09/05 02:35:00",CG3,0
D,DISPATCH,UNIT_SCADA,1,"2019/09/05 02:35:00",CG4,0
D,DISPATCH,UNIT_SCADA,1,"2019/09/05 02:35:00",CHILDSF1,0
D,DISPATCH,UNIT_SCADA,1,"2019/09/05 02:35:00",CLARESF1,0
D,DISPATCH,UNIT_SCADA,1,"2019/09/05 02:35:00",CLEMGPWF,0.504250
D,DISPATCH,UNIT_SCADA,1,"2019/09/05 02:35:00",CLERMSF1,0
D,DISPATCH,UNIT_SCADA,1,"2019/09/05 02:35:00",COLEASF1,0
D,DISPATCH,UNIT_SCADA,1,"2019/09/05 02:35:00",COOPGWF1,11.028340
D,DISPATCH,UNIT_SCADA,1,"2019/09/05 02:35:00",CPP_3,406.450010
D,DISPATCH,UNIT_SCADA,1,"2019/09/05 02:35:00",CPP_4,404.800020
D,DISPATCH,UNIT_SCADA,1,"2019/09/05 02:35:00",CPSA,142.34
D,DISPATCH,UNIT_SCADA,1,"2019/09/05 02:35:00",CROOKWF2,25.053760
D,DISPATCH,UNIT_SCADA,1,"2019/09/05 02:35:00",CROWLWF1,-0.2057
D,DISPATCH,UNIT_SCADA,1,"2019/09/05 02:35:00",CSPVPS1,0
D,DISPATCH,UNIT_SCADA,1,"2019/09/05 02:35:00",DALNTH01,0
D,DISPATCH,UNIT_SCADA,1,"2019/09/05 02:35:00",DALNTHL1,7.0573
D,DISPATCH,UNIT_SCADA,1,"2019/09/05 02:35:00",DARTM1,133.20
D,DISPATCH,UNIT_SCADA,1,"2019/09/05 02:35:00",DAYDSF1,0
D,DISPATCH,UNIT_SCADA,1,"2019/09/05 02:35:00",DDPS1,253.983250
D,DISPATCH,UNIT_SCADA,1,"2019/09/05 02:35:00",DDSF1,0
D,DISPATCH,UNIT_SCADA,1,"2019/09/05 02:35:00",DEVILS_G,56.017330
D,DISPATCH,UNIT_SCADA,1,"2019/09/05 02:35:00",DG_NSW1,0
D,DISPATCH,UNIT_SCADA,1,"2019/09/05 02:35:00",DG_QLD1,0
D,DISPATCH,UNIT_SCADA,1,"2019/09/05 02:35:00",DG_SA1,0
D,DISPATCH,UNIT_SCADA,1,"2019/09/05 02:35:00",DG_TAS1,0
D,DISPATCH,UNIT_SCADA,1,"2019/09/05 02:35:00",DG_VIC1,0
D,DISPATCH,UNIT_SCADA,1,"2019/09/05 02:35:00",DRYCGT1,0
D,DISPATCH,UNIT_SCADA,1,"2019/09/05 02:35:00",DRYCGT2,0
D,DISPATCH,UNIT_SCADA,1,"2019/09/05 02:35:00",DRYCGT3,0
D,DISPATCH,UNIT_SCADA,1,"2019/09/05 02:35:00",EILDON1,0
D,DISPATCH,UNIT_SCADA,1,"2019/09/05 02:35:00",EILDON2,0
D,DISPATCH,UNIT_SCADA,1,"2019/09/05 02:35:00",EMERASF1,0
D,DISPATCH,UNIT_SCADA,1,"2019/09/05 02:35:00",ER01,588.325070
D,DISPATCH,UNIT_SCADA,1,"2019/09/05 02:35:00",ER02,638.924930
D,DISPATCH,UNIT_SCADA,1,"2019/09/05 02:35:00",ER03,0
D,DISPATCH,UNIT_SCADA,1,"2019/09/05 02:35:00",ER04,365.425050
D,DISPATCH,UNIT_SCADA,1,"2019/09/05 02:35:00",FINLYSF1,0
D,DISPATCH,UNIT_SCADA,1,"2019/09/05 02:35:00",FISHER,45.94
D,DISPATCH,UNIT_SCADA,1,"2019/09/05 02:35:00",GANNBG1,0
D,DISPATCH,UNIT_SCADA,1,"2019/09/05 02:35:00",GANNBL1,10.008660
D,DISPATCH,UNIT_SCADA,1,"2019/09/05 02:35:00",GANNSF1,0
D,DISPATCH,UNIT_SCADA,1,"2019/09/05 02:35:00",GORDON,21.410480
D,DISPATCH,UNIT_SCADA,1,"2019/09/05 02:35:00",GSTONE1,163.274990
D,DISPATCH,UNIT_SCADA,1,"2019/09/05 02:35:00",GSTONE2,149.974990
D,DISPATCH,UNIT_SCADA,1,"2019/09/05 02:35:00",GSTONE3,0
D,DISPATCH,UNIT_SCADA,1,"2019/09/05 02:35:00",GSTONE4,170.80
D,DISPATCH,UNIT_SCADA,1,"2019/09/05 02:35:00",GSTONE5,160.8250
D,DISPATCH,UNIT_SCADA,1,"2019/09/05 02:35:00",GSTONE6,163.45
D,DISPATCH,UNIT_SCADA,1,"2019/09/05 02:35:00",GULLRSF1,0
D,DISPATCH,UNIT_SCADA,1,"2019/09/05 02:35:00",GULLRWF1,67.653630
D,DISPATCH,UNIT_SCADA,1,"2019/09/05 02:35:00",GUNNING1,12.049960
D,DISPATCH,UNIT_SCADA,1,"2019/09/05 02:35:00",GUTHEGA,0
D,DISPATCH,UNIT_SCADA,1,"2019/09/05 02:35:00",HALLWF1,2.58
D,DISPATCH,UNIT_SCADA,1,"2019/09/05 02:35:00",HALLWF2,0.86
D,DISPATCH,UNIT_SCADA,1,"2019/09/05 02:35:00",HAMISF1,0
D,DISPATCH,UNIT_SCADA,1,"2019/09/05 02:35:00",HAUGHT11,0
D,DISPATCH,UNIT_SCADA,1,"2019/09/05 02:35:00",HAYMSF1,0
D,DISPATCH,UNIT_SCADA,1,"2019/09/05 02:35:00",HDWF1,33.20
D,DISPATCH,UNIT_SCADA,1,"2019/09/05 02:35:00",HDWF2,17.40
D,DISPATCH,UNIT_SCADA,1,"2019/09/05 02:35:00",HDWF3,20.40
D,DISPATCH,UNIT_SCADA,1,"2019/09/05 02:35:00",HPRG1,0
D,DISPATCH,UNIT_SCADA,1,"2019/09/05 02:35:00",HPRL1,1
D,DISPATCH,UNIT_SCADA,1,"2019/09/05 02:35:00",HUMENSW,0
D,DISPATCH,UNIT_SCADA,1,"2019/09/05 02:35:00",HUMEV,25
D,DISPATCH,UNIT_SCADA,1,"2019/09/05 02:35:00",HVGTS,0
D,DISPATCH,UNIT_SCADA,1,"2019/09/05 02:35:00",JBUTTERS,0
D,DISPATCH,UNIT_SCADA,1,"2019/09/05 02:35:00",JLA01,0.10
D,DISPATCH,UNIT_SCADA,1,"2019/09/05 02:35:00",JLA02,0
D,DISPATCH,UNIT_SCADA,1,"2019/09/05 02:35:00",JLA03,0
D,DISPATCH,UNIT_SCADA,1,"2019/09/05 02:35:00",JLA04,0
D,DISPATCH,UNIT_SCADA,1,"2019/09/05 02:35:00",JLB01,0
D,DISPATCH,UNIT_SCADA,1,"2019/09/05 02:35:00",JLB02,0.10
D,DISPATCH,UNIT_SCADA,1,"2019/09/05 02:35:00",JLB03,0
D,DISPATCH,UNIT_SCADA,1,"2019/09/05 02:35:00",KAREEYA1,21.5450
D,DISPATCH,UNIT_SCADA,1,"2019/09/05 02:35:00",KAREEYA2,21.83
D,DISPATCH,UNIT_SCADA,1,"2019/09/05 02:35:00",KAREEYA3,0
D,DISPATCH,UNIT_SCADA,1,"2019/09/05 02:35:00",KAREEYA4,21.5875
D,DISPATCH,UNIT_SCADA,1,"2019/09/05 02:35:00",KARSF1,0
D,DISPATCH,UNIT_SCADA,1,"2019/09/05 02:35:00",KIATAWF1,3.30
D,DISPATCH,UNIT_SCADA,1,"2019/09/05 02:35:00",KPP_1,0
D,DISPATCH,UNIT_SCADA,1,"2019/09/05 02:35:00",KSP1,0
D,DISPATCH,UNIT_SCADA,1,"2019/09/05 02:35:00",LADBROK1,0
D,DISPATCH,UNIT_SCADA,1,"2019/09/05 02:35:00",LADBROK2,0
D,DISPATCH,UNIT_SCADA,1,"2019/09/05 02:35:00",LD01,348.787540
D,DISPATCH,UNIT_SCADA,1,"2019/09/05 02:35:00",LD02,321.674930
D,DISPATCH,UNIT_SCADA,1,"2019/09/05 02:35:00",LD03,350.100070
D,DISPATCH,UNIT_SCADA,1,"2019/09/05 02:35:00",LD04,349.350040
D,DISPATCH,UNIT_SCADA,1,"2019/09/05 02:35:00",LEM_WIL,84.38
D,DISPATCH,UNIT_SCADA,1,"2019/09/05 02:35:00",LGAPWF1,34.41
D,DISPATCH,UNIT_SCADA,1,"2019/09/05 02:35:00",LILYSF1,0
D,DISPATCH,UNIT_SCADA,1,"2019/09/05 02:35:00",LI_WY_CA,142.313610
D,DISPATCH,UNIT_SCADA,1,"2019/09/05 02:35:00",LKBONNY2,15.160130
D,DISPATCH,UNIT_SCADA,1,"2019/09/05 02:35:00",LKBONNY3,5.191450
D,DISPATCH,UNIT_SCADA,1,"2019/09/05 02:35:00",LK_ECHO,0
D,DISPATCH,UNIT_SCADA,1,"2019/09/05 02:35:00",LNGS1,0
D,DISPATCH,UNIT_SCADA,1,"2019/09/05 02:35:00",LNGS2,0
D,DISPATCH,UNIT_SCADA,1,"2019/09/05 02:35:00",LONSDALE,0
D,DISPATCH,UNIT_SCADA,1,"2019/09/05 02:35:00",LOYYB1,536.088620
D,DISPATCH,UNIT_SCADA,1,"2019/09/05 02:35:00",LOYYB2,581.954410
D,DISPATCH,UNIT_SCADA,1,"2019/09/05 02:35:00",LYA1,0
D,DISPATCH,UNIT_SCADA,1,"2019/09/05 02:35:00",LYA2,0
D,DISPATCH,UNIT_SCADA,1,"2019/09/05 02:35:00",LYA3,560
D,DISPATCH,UNIT_SCADA,1,"2019/09/05 02:35:00",LYA4,540
D,DISPATCH,UNIT_SCADA,1,"2019/09/05 02:35:00",MACARTH1,43.798990
D,DISPATCH,UNIT_SCADA,1,"2019/09/05 02:35:00",MACKAYGT,0.2240
D,DISPATCH,UNIT_SCADA,1,"2019/09/05 02:35:00",MACKNTSH,89.060010
D,DISPATCH,UNIT_SCADA,1,"2019/09/05 02:35:00",MANSLR1,0
D,DISPATCH,UNIT_SCADA,1,"2019/09/05 02:35:00",MCKAY1,0.0750
D,DISPATCH,UNIT_SCADA,1,"2019/09/05 02:35:00",MEADOWBK,25.236140
D,DISPATCH,UNIT_SCADA,1,"2019/09/05 02:35:00",MERCER01,11.6570
D,DISPATCH,UNIT_SCADA,1,"2019/09/05 02:35:00",MEWF1,55.691270
D,DISPATCH,UNIT_SCADA,1,"2019/09/05 02:35:00",MINTARO,0
D,DISPATCH,UNIT_SCADA,1,"2019/09/05 02:35:00",MOREESF1,0
D,DISPATCH,UNIT_SCADA,1,"2019/09/05 02:35:00",MORTLK11,249
D,DISPATCH,UNIT_SCADA,1,"2019/09/05 02:35:00",MORTLK12,0
D,DISPATCH,UNIT_SCADA,1,"2019/09/05 02:35:00",MP1,220.450010
D,DISPATCH,UNIT_SCADA,1,"2019/09/05 02:35:00",MP2,0
D,DISPATCH,UNIT_SCADA,1,"2019/09/05 02:35:00",MPP_1,399.50
D,DISPATCH,UNIT_SCADA,1,"2019/09/05 02:35:00",MPP_2,434.75
D,DISPATCH,UNIT_SCADA,1,"2019/09/05 02:35:00",MSTUART1,0
D,DISPATCH,UNIT_SCADA,1,"2019/09/05 02:35:00",MSTUART2,0
D,DISPATCH,UNIT_SCADA,1,"2019/09/05 02:35:00",MSTUART3,0
D,DISPATCH,UNIT_SCADA,1,"2019/09/05 02:35:00",MTGELWF1,8.308660
D,DISPATCH,UNIT_SCADA,1,"2019/09/05 02:35:00",MURRAY,0
D,DISPATCH,UNIT_SCADA,1,"2019/09/05 02:35:00",MUSSELR1,24.90
D,DISPATCH,UNIT_SCADA,1,"2019/09/05 02:35:00",MUWAWF1,3.79
D,DISPATCH,UNIT_SCADA,1,"2019/09/05 02:35:00",NBHWF1,15.20
D,DISPATCH,UNIT_SCADA,1,"2019/09/05 02:35:00",NPS,101.25
D,DISPATCH,UNIT_SCADA,1,"2019/09/05 02:35:00",NUMURSF1,0
D,DISPATCH,UNIT_SCADA,1,"2019/09/05 02:35:00",NYNGAN1,0
D,DISPATCH,UNIT_SCADA,1,"2019/09/05 02:35:00",OAKEY1,0
D,DISPATCH,UNIT_SCADA,1,"2019/09/05 02:35:00",OAKEY1SF,0
D,DISPATCH,UNIT_SCADA,1,"2019/09/05 02:35:00",OAKEY2,0
D,DISPATCH,UNIT_SCADA,1,"2019/09/05 02:35:00",OAKEY2SF,0
D,DISPATCH,UNIT_SCADA,1,"2019/09/05 02:35:00",OAKLAND1,5.20
D,DISPATCH,UNIT_SCADA,1,"2019/09/05 02:35:00",OSB-AG,180.77
D,DISPATCH,UNIT_SCADA,1,"2019/09/05 02:35:00",PARSF1,0
D,DISPATCH,UNIT_SCADA,1,"2019/09/05 02:35:00",POAT110,0
D,DISPATCH,UNIT_SCADA,1,"2019/09/05 02:35:00",POAT220,1.47
D,DISPATCH,UNIT_SCADA,1,"2019/09/05 02:35:00",POR01,0
D,DISPATCH,UNIT_SCADA,1,"2019/09/05 02:35:00",POR03,0
D,DISPATCH,UNIT_SCADA,1,"2019/09/05 02:35:00",PPCCGT,380.923550
D,DISPATCH,UNIT_SCADA,1,"2019/09/05 02:35:00",PTSTAN1,0
D,DISPATCH,UNIT_SCADA,1,"2019/09/05 02:35:00",PUMP1,0
D,DISPATCH,UNIT_SCADA,1,"2019/09/05 02:35:00",PUMP2,0
D,DISPATCH,UNIT_SCADA,1,"2019/09/05 02:35:00",QPS1,0
D,DISPATCH,UNIT_SCADA,1,"2019/09/05 02:35:00",QPS2,0
D,DISPATCH,UNIT_SCADA,1,"2019/09/05 02:35:00",QPS3,0
D,DISPATCH,UNIT_SCADA,1,"2019/09/05 02:35:00",QPS4,0
D,DISPATCH,UNIT_SCADA,1,"2019/09/05 02:35:00",QPS5,0
D,DISPATCH,UNIT_SCADA,1,"2019/09/05 02:35:00",REECE1,102.080010
D,DISPATCH,UNIT_SCADA,1,"2019/09/05 02:35:00",REECE2,101.400010
D,DISPATCH,UNIT_SCADA,1,"2019/09/05 02:35:00",ROMA_7,0
D,DISPATCH,UNIT_SCADA,1,"2019/09/05 02:35:00",ROMA_8,0
D,DISPATCH,UNIT_SCADA,1,"2019/09/05 02:35:00",RRSF1,0
D,DISPATCH,UNIT_SCADA,1,"2019/09/05 02:35:00",RT_NSW1,0
D,DISPATCH,UNIT_SCADA,1,"2019/09/05 02:35:00",RT_NSW2,0
D,DISPATCH,UNIT_SCADA,1,"2019/09/05 02:35:00",RT_NSW3,0
D,DISPATCH,UNIT_SCADA,1,"2019/09/05 02:35:00",RT_NSW4,0
D,DISPATCH,UNIT_SCADA,1,"2019/09/05 02:35:00",RT_NSW5,0
D,DISPATCH,UNIT_SCADA,1,"2019/09/05 02:35:00",RT_NSW6,0
D,DISPATCH,UNIT_SCADA,1,"2019/09/05 02:35:00",RT_QLD1,0
D,DISPATCH,UNIT_SCADA,1,"2019/09/05 02:35:00",RT_SA1,0
D,DISPATCH,UNIT_SCADA,1,"2019/09/05 02:35:00",RT_SA2,0
D,DISPATCH,UNIT_SCADA,1,"2019/09/05 02:35:00",RT_SA3,0
D,DISPATCH,UNIT_SCADA,1,"2019/09/05 02:35:00",RT_SA4,0
D,DISPATCH,UNIT_SCADA,1,"2019/09/05 02:35:00",RT_SA5,0
D,DISPATCH,UNIT_SCADA,1,"2019/09/05 02:35:00",RT_SA6,0
D,DISPATCH,UNIT_SCADA,1,"2019/09/05 02:35:00",RT_TAS1,0
D,DISPATCH,UNIT_SCADA,1,"2019/09/05 02:35:00",RT_VIC1,0
D,DISPATCH,UNIT_SCADA,1,"2019/09/05 02:35:00",RT_VIC10,0
D,DISPATCH,UNIT_SCADA,1,"2019/09/05 02:35:00",RT_VIC11,0
D,DISPATCH,UNIT_SCADA,1,"2019/09/05 02:35:00",RT_VIC12,0
D,DISPATCH,UNIT_SCADA,1,"2019/09/05 02:35:00",RT_VIC2,0
D,DISPATCH,UNIT_SCADA,1,"2019/09/05 02:35:00",RT_VIC3,0
D,DISPATCH,UNIT_SCADA,1,"2019/09/05 02:35:00",RT_VIC4,0
D,DISPATCH,UNIT_SCADA,1,"2019/09/05 02:35:00",RT_VIC5,0
D,DISPATCH,UNIT_SCADA,1,"2019/09/05 02:35:00",RT_VIC6,0
D,DISPATCH,UNIT_SCADA,1,"2019/09/05 02:35:00",RT_VIC7,0
D,DISPATCH,UNIT_SCADA,1,"2019/09/05 02:35:00",RT_VIC8,0
D,DISPATCH,UNIT_SCADA,1,"2019/09/05 02:35:00",RT_VIC9,0
D,DISPATCH,UNIT_SCADA,1,"2019/09/05 02:35:00",RUGBYR1,0
D,DISPATCH,UNIT_SCADA,1,"2019/09/05 02:35:00",SALTCRK1,7.42
D,DISPATCH,UNIT_SCADA,1,"2019/09/05 02:35:00",SAPHWF1,8.081240
D,DISPATCH,UNIT_SCADA,1,"2019/09/05 02:35:00",SHGEN,0
D,DISPATCH,UNIT_SCADA,1,"2019/09/05 02:35:00",SHPUMP,160.049590
D,DISPATCH,UNIT_SCADA,1,"2019/09/05 02:35:00",SITHE01,0.1840
D,DISPATCH,UNIT_SCADA,1,"2019/09/05 02:35:00",SMCSF1,0
D,DISPATCH,UNIT_SCADA,1,"2019/09/05 02:35:00",SNOWNTH1,4.80
D,DISPATCH,UNIT_SCADA,1,"2019/09/05 02:35:00",SNOWSTH1,4.50
D,DISPATCH,UNIT_SCADA,1,"2019/09/05 02:35:00",SNOWTWN1,-0.357240
D,DISPATCH,UNIT_SCADA,1,"2019/09/05 02:35:00",SNOWYP,0
D,DISPATCH,UNIT_SCADA,1,"2019/09/05 02:35:00",SNUG1,0.019440
D,DISPATCH,UNIT_SCADA,1,"2019/09/05 02:35:00",SRSF1,0
D,DISPATCH,UNIT_SCADA,1,"2019/09/05 02:35:00",STAN-1,219.466370
D,DISPATCH,UNIT_SCADA,1,"2019/09/05 02:35:00",STAN-2,248.678130
D,DISPATCH,UNIT_SCADA,1,"2019/09/05 02:35:00",STAN-3,248.780690
D,DISPATCH,UNIT_SCADA,1,"2019/09/05 02:35:00",STAN-4,249.216490
D,DISPATCH,UNIT_SCADA,1,"2019/09/05 02:35:00",STWF1,171.0450
D,DISPATCH,UNIT_SCADA,1,"2019/09/05 02:35:00",SWAN_E,0
D,DISPATCH,UNIT_SCADA,1,"2019/09/05 02:35:00",TALWA1,408
D,DISPATCH,UNIT_SCADA,1,"2019/09/05 02:35:00",TARALGA1,56.163740
D,DISPATCH,UNIT_SCADA,1,"2019/09/05 02:35:00",TARONG#1,274.100010
D,DISPATCH,UNIT_SCADA,1,"2019/09/05 02:35:00",TARONG#2,0
D,DISPATCH,UNIT_SCADA,1,"2019/09/05 02:35:00",TARONG#3,260.399990
D,DISPATCH,UNIT_SCADA,1,"2019/09/05 02:35:00",TARONG#4,275.600010
D,DISPATCH,UNIT_SCADA,1,"2019/09/05 02:35:00",TARRALEA,71
D,DISPATCH,UNIT_SCADA,1,"2019/09/05 02:35:00",TBSF1,-0.20
D,DISPATCH,UNIT_SCADA,1,"2019/09/05 02:35:00",TNPS1,379.600010
D,DISPATCH,UNIT_SCADA,1,"2019/09/05 02:35:00",TORRA1,47.443110
D,DISPATCH,UNIT_SCADA,1,"2019/09/05 02:35:00",TORRA2,0
D,DISPATCH,UNIT_SCADA,1,"2019/09/05 02:35:00",TORRA3,0
D,DISPATCH,UNIT_SCADA,1,"2019/09/05 02:35:00",TORRA4,46.0841
D,DISPATCH,UNIT_SCADA,1,"2019/09/05 02:35:00",TORRB1,64.51
D,DISPATCH,UNIT_SCADA,1,"2019/09/05 02:35:00",TORRB2,64.27
D,DISPATCH,UNIT_SCADA,1,"2019/09/05 02:35:00",TORRB3,63.78
D,DISPATCH,UNIT_SCADA,1,"2019/09/05 02:35:00",TORRB4,0
D,DISPATCH,UNIT_SCADA,1,"2019/09/05 02:35:00",TREVALLN,2.20
D,DISPATCH,UNIT_SCADA,1,"2019/09/05 02:35:00",TRIBUTE,0
D,DISPATCH,UNIT_SCADA,1,"2019/09/05 02:35:00",TUMUT3,0
D,DISPATCH,UNIT_SCADA,1,"2019/09/05 02:35:00",TUNGATIN,123.480030
D,DISPATCH,UNIT_SCADA,1,"2019/09/05 02:35:00",TVCC201,0
D,DISPATCH,UNIT_SCADA,1,"2019/09/05 02:35:00",TVPP104,0
D,DISPATCH,UNIT_SCADA,1,"2019/09/05 02:35:00",UPPTUMUT,0
D,DISPATCH,UNIT_SCADA,1,"2019/09/05 02:35:00",URANQ11,0
D,DISPATCH,UNIT_SCADA,1,"2019/09/05 02:35:00",URANQ12,0
D,DISPATCH,UNIT_SCADA,1,"2019/09/05 02:35:00",URANQ13,0
D,DISPATCH,UNIT_SCADA,1,"2019/09/05 02:35:00",URANQ14,0
D,DISPATCH,UNIT_SCADA,1,"2019/09/05 02:35:00",VP5,626.175050
D,DISPATCH,UNIT_SCADA,1,"2019/09/05 02:35:00",VP6,0
D,DISPATCH,UNIT_SCADA,1,"2019/09/05 02:35:00",VPGS1,0
D,DISPATCH,UNIT_SCADA,1,"2019/09/05 02:35:00",VPGS2,0
D,DISPATCH,UNIT_SCADA,1,"2019/09/05 02:35:00",VPGS3,0
D,DISPATCH,UNIT_SCADA,1,"2019/09/05 02:35:00",VPGS4,0
D,DISPATCH,UNIT_SCADA,1,"2019/09/05 02:35:00",VPGS5,0
D,DISPATCH,UNIT_SCADA,1,"2019/09/05 02:35:00",VPGS6,0
D,DISPATCH,UNIT_SCADA,1,"2019/09/05 02:35:00",W/HOE#1,0
D,DISPATCH,UNIT_SCADA,1,"2019/09/05 02:35:00",W/HOE#2,0
D,DISPATCH,UNIT_SCADA,1,"2019/09/05 02:35:00",WATERLWF,-0.90
D,DISPATCH,UNIT_SCADA,1,"2019/09/05 02:35:00",WEMENSF1,0
D,DISPATCH,UNIT_SCADA,1,"2019/09/05 02:35:00",WGWF1,8.10
D,DISPATCH,UNIT_SCADA,1,"2019/09/05 02:35:00",WHITSF1,0
D,DISPATCH,UNIT_SCADA,1,"2019/09/05 02:35:00",WKIEWA1,13.50
D,DISPATCH,UNIT_SCADA,1,"2019/09/05 02:35:00",WKIEWA2,13.70
D,DISPATCH,UNIT_SCADA,1,"2019/09/05 02:35:00",WOODLWN1,13.679990
D,DISPATCH,UNIT_SCADA,1,"2019/09/05 02:35:00",WRSF1,0
D,DISPATCH,UNIT_SCADA,1,"2019/09/05 02:35:00",WRWF1,7.294990
D,DISPATCH,UNIT_SCADA,1,"2019/09/05 02:35:00",YABULU,0
D,DISPATCH,UNIT_SCADA,1,"2019/09/05 02:35:00",YABULU2,0
D,DISPATCH,UNIT_SCADA,1,"2019/09/05 02:35:00",YARWUN_1,166.62
D,DISPATCH,UNIT_SCADA,1,"2019/09/05 02:35:00",YENDWF1,-1.08
D,DISPATCH,UNIT_SCADA,1,"2019/09/05 02:35:00",YWPS1,377.693660
D,DISPATCH,UNIT_SCADA,1,"2019/09/05 02:35:00",YWPS2,275.936710
D,DISPATCH,UNIT_SCADA,1,"2019/09/05 02:35:00",YWPS3,297.8519
D,DISPATCH,UNIT_SCADA,1,"2019/09/05 02:35:00",YWPS4,380.559480
C,"END OF REPORT",335
