C,NEMP.WORLD,DISPATCHSCADA,AEMO,PUBLIC,2019/08/20,15:45:07,0000000311791777,DISPATCHSCADA,0000000311791771
I,DISPATCH,UNIT_SCADA,1,SETTLEMENTDATE,DUID,SCADAVALUE
D,DISPATCH,UNIT_SCADA,1,"2019/08/20 15:50:00",BARCSF1,18.50
D,DISPATCH,UNIT_SCADA,1,"2019/08/20 15:50:00",BUTLERSG,9.799998
D,DISPATCH,UNIT_SCADA,1,"2019/08/20 15:50:00",CALL_A_4,0
D,DISPATCH,UNIT_SCADA,1,"2019/08/20 15:50:00",CAPTL_WF,128.324005
D,DISPATCH,UNIT_SCADA,1,"2019/08/20 15:50:00",CATHROCK,46.119999
D,DISPATCH,UNIT_SCADA,1,"2019/08/20 15:50:00",CHALLHWF,41.599998
D,DISPATCH,UNIT_SCADA,1,"2019/08/20 15:50:00",CLOVER,-0.01
D,DISPATCH,UNIT_SCADA,1,"2019/08/20 15:50:00",CLUNY,17.568781
D,DISPATCH,UNIT_SCADA,1,"2019/08/20 15:50:00",CNUNDAWF,41.448349
D,DISPATCH,UNIT_SCADA,1,"2019/08/20 15:50:00",CULLRGWF,30.469999
D,DISPATCH,UNIT_SCADA,1,"2019/08/20 15:50:00",ERGT01,0
D,DISPATCH,UNIT_SCADA,1,"2019/08/20 15:50:00",GB01,0.066315
D,DISPATCH,UNIT_SCADA,1,"2019/08/20 15:50:00",GERMCRK,33.50
D,DISPATCH,UNIT_SCADA,1,"2019/08/20 15:50:00",GRIFSF1,14.596878
D,DISPATCH,UNIT_SCADA,1,"2019/08/20 15:50:00",HUGSF1,8.9490
D,DISPATCH,UNIT_SCADA,1,"2019/08/20 15:50:00",LKBONNY1,-0.895885
D,DISPATCH,UNIT_SCADA,1,"2019/08/20 15:50:00",LRSF1,10.559001
D,DISPATCH,UNIT_SCADA,1,"2019/08/20 15:50:00",MBAHNTH,52.856247
D,DISPATCH,UNIT_SCADA,1,"2019/08/20 15:50:00",MLSP1,5.942001
D,DISPATCH,UNIT_SCADA,1,"2019/08/20 15:50:00",MLWF1,19.755001
D,DISPATCH,UNIT_SCADA,1,"2019/08/20 15:50:00",MTMILLAR,30.769823
D,DISPATCH,UNIT_SCADA,1,"2019/08/20 15:50:00",PALOONA,7.95
D,DISPATCH,UNIT_SCADA,1,"2019/08/20 15:50:00",PIONEER,11
D,DISPATCH,UNIT_SCADA,1,"2019/08/20 15:50:00",PORTWF,138.600006
D,DISPATCH,UNIT_SCADA,1,"2019/08/20 15:50:00",REPULSE,29.228352
D,DISPATCH,UNIT_SCADA,1,"2019/08/20 15:50:00",ROWALLAN,9.8477
D,DISPATCH,UNIT_SCADA,1,"2019/08/20 15:50:00",ROYALLA1,6.3230
D,DISPATCH,UNIT_SCADA,1,"2019/08/20 15:50:00",RPCG,11.70
D,DISPATCH,UNIT_SCADA,1,"2019/08/20 15:50:00",RUBICON,0
D,DISPATCH,UNIT_SCADA,1,"2019/08/20 15:50:00",SATGN1,0
D,DISPATCH,UNIT_SCADA,1,"2019/08/20 15:50:00",SATGS1,0
D,DISPATCH,UNIT_SCADA,1,"2019/08/20 15:50:00",STARHLWF,30.591080
D,DISPATCH,UNIT_SCADA,1,"2019/08/20 15:50:00",WAUBRAWF,100.183998
D,DISPATCH,UNIT_SCADA,1,"2019/08/20 15:50:00",WOOLNTH1,86.690018
D,DISPATCH,UNIT_SCADA,1,"2019/08/20 15:50:00",WPWF,72
D,DISPATCH,UNIT_SCADA,1,"2019/08/20 15:50:00",YAMBUKWF,29.40
D,DISPATCH,UNIT_SCADA,1,"2019/08/20 15:50:00",YSWF1,28.50
D,DISPATCH,UNIT_SCADA,1,"2019/08/20 15:50:00",AGLHAL,0
D,DISPATCH,UNIT_SCADA,1,"2019/08/20 15:50:00",AGLSOM,0
D,DISPATCH,UNIT_SCADA,1,"2019/08/20 15:50:00",ANGAST1,0
D,DISPATCH,UNIT_SCADA,1,"2019/08/20 15:50:00",ARWF1,125.899990
D,DISPATCH,UNIT_SCADA,1,"2019/08/20 15:50:00",BALBG1,0
D,DISPATCH,UNIT_SCADA,1,"2019/08/20 15:50:00",BALBL1,5.14
D,DISPATCH,UNIT_SCADA,1,"2019/08/20 15:50:00",BALDHWF1,103.4180
D,DISPATCH,UNIT_SCADA,1,"2019/08/20 15:50:00",BANN1,38.89
D,DISPATCH,UNIT_SCADA,1,"2019/08/20 15:50:00",BARCALDN,0
D,DISPATCH,UNIT_SCADA,1,"2019/08/20 15:50:00",BARRON-1,0
D,DISPATCH,UNIT_SCADA,1,"2019/08/20 15:50:00",BARRON-2,25.72
D,DISPATCH,UNIT_SCADA,1,"2019/08/20 15:50:00",BASTYAN,80.66
D,DISPATCH,UNIT_SCADA,1,"2019/08/20 15:50:00",BBTHREE1,-1.91
D,DISPATCH,UNIT_SCADA,1,"2019/08/20 15:50:00",BBTHREE2,-2.05
D,DISPATCH,UNIT_SCADA,1,"2019/08/20 15:50:00",BBTHREE3,-1
D,DISPATCH,UNIT_SCADA,1,"2019/08/20 15:50:00",BDL01,0
D,DISPATCH,UNIT_SCADA,1,"2019/08/20 15:50:00",BDL02,0
D,DISPATCH,UNIT_SCADA,1,"2019/08/20 15:50:00",BERYLSF1,64.252210
D,DISPATCH,UNIT_SCADA,1,"2019/08/20 15:50:00",BLOWERNG,0
D,DISPATCH,UNIT_SCADA,1,"2019/08/20 15:50:00",BLUFF1,49.70
D,DISPATCH,UNIT_SCADA,1,"2019/08/20 15:50:00",BNGSF1,100.12
D,DISPATCH,UNIT_SCADA,1,"2019/08/20 15:50:00",BNGSF2,20
D,DISPATCH,UNIT_SCADA,1,"2019/08/20 15:50:00",BOCORWF1,94.73
D,DISPATCH,UNIT_SCADA,1,"2019/08/20 15:50:00",BODWF1,80.799010
D,DISPATCH,UNIT_SCADA,1,"2019/08/20 15:50:00",BRAEMAR1,0
D,DISPATCH,UNIT_SCADA,1,"2019/08/20 15:50:00",BRAEMAR2,0
D,DISPATCH,UNIT_SCADA,1,"2019/08/20 15:50:00",BRAEMAR3,0
D,DISPATCH,UNIT_SCADA,1,"2019/08/20 15:50:00",BRAEMAR5,0
D,DISPATCH,UNIT_SCADA,1,"2019/08/20 15:50:00",BRAEMAR6,0
D,DISPATCH,UNIT_SCADA,1,"2019/08/20 15:50:00",BRAEMAR7,0
D,DISPATCH,UNIT_SCADA,1,"2019/08/20 15:50:00",BROKENH1,38.808590
D,DISPATCH,UNIT_SCADA,1,"2019/08/20 15:50:00",BW01,411.050050
D,DISPATCH,UNIT_SCADA,1,"2019/08/20 15:50:00",BW02,503.674930
D,DISPATCH,UNIT_SCADA,1,"2019/08/20 15:50:00",BW03,551.474980
D,DISPATCH,UNIT_SCADA,1,"2019/08/20 15:50:00",BW04,0
D,DISPATCH,UNIT_SCADA,1,"2019/08/20 15:50:00",CALL_B_1,350.50
D,DISPATCH,UNIT_SCADA,1,"2019/08/20 15:50:00",CALL_B_2,294.700010
D,DISPATCH,UNIT_SCADA,1,"2019/08/20 15:50:00",CETHANA,93.8735
D,DISPATCH,UNIT_SCADA,1,"2019/08/20 15:50:00",CG1,0
D,DISPATCH,UNIT_SCADA,1,"2019/08/20 15:50:00",CG2,0
D,DISPATCH,UNIT_SCADA,1,"2019/08/20 15:50:00",CG3,0
D,DISPATCH,UNIT_SCADA,1,"2019/08/20 15:50:00",CG4,0
D,DISPATCH,UNIT_SCADA,1,"2019/08/20 15:50:00",CHILDSF1,40.05
D,DISPATCH,UNIT_SCADA,1,"2019/08/20 15:50:00",CLARESF1,37.7344
D,DISPATCH,UNIT_SCADA,1,"2019/08/20 15:50:00",CLEMGPWF,17.720610
D,DISPATCH,UNIT_SCADA,1,"2019/08/20 15:50:00",CLERMSF1,15.06
D,DISPATCH,UNIT_SCADA,1,"2019/08/20 15:50:00",COLEASF1,99.60
D,DISPATCH,UNIT_SCADA,1,"2019/08/20 15:50:00",COOPGWF1,30.705980
D,DISPATCH,UNIT_SCADA,1,"2019/08/20 15:50:00",CPP_3,404.800020
D,DISPATCH,UNIT_SCADA,1,"2019/08/20 15:50:00",CPP_4,407.550020
D,DISPATCH,UNIT_SCADA,1,"2019/08/20 15:50:00",CPSA,143.783750
D,DISPATCH,UNIT_SCADA,1,"2019/08/20 15:50:00",CROOKWF2,88.213750
D,DISPATCH,UNIT_SCADA,1,"2019/08/20 15:50:00",CROWLWF1,52.4759
D,DISPATCH,UNIT_SCADA,1,"2019/08/20 15:50:00",CSPVPS1,23.3530
D,DISPATCH,UNIT_SCADA,1,"2019/08/20 15:50:00",DALNTH01,0.044250
D,DISPATCH,UNIT_SCADA,1,"2019/08/20 15:50:00",DALNTHL1,0
D,DISPATCH,UNIT_SCADA,1,"2019/08/20 15:50:00",DARTM1,0
D,DISPATCH,UNIT_SCADA,1,"2019/08/20 15:50:00",DAYDSF1,103.2430
D,DISPATCH,UNIT_SCADA,1,"2019/08/20 15:50:00",DDPS1,42.783990
D,DISPATCH,UNIT_SCADA,1,"2019/08/20 15:50:00",DDSF1,60.758010
D,DISPATCH,UNIT_SCADA,1,"2019/08/20 15:50:00",DEVILS_G,58.900720
D,DISPATCH,UNIT_SCADA,1,"2019/08/20 15:50:00",DG_NSW1,0
D,DISPATCH,UNIT_SCADA,1,"2019/08/20 15:50:00",DG_QLD1,0
D,DISPATCH,UNIT_SCADA,1,"2019/08/20 15:50:00",DG_SA1,0
D,DISPATCH,UNIT_SCADA,1,"2019/08/20 15:50:00",DG_TAS1,0
D,DISPATCH,UNIT_SCADA,1,"2019/08/20 15:50:00",DG_VIC1,0
D,DISPATCH,UNIT_SCADA,1,"2019/08/20 15:50:00",DRYCGT1,0
D,DISPATCH,UNIT_SCADA,1,"2019/08/20 15:50:00",DRYCGT2,0
D,DISPATCH,UNIT_SCADA,1,"2019/08/20 15:50:00",DRYCGT3,0
D,DISPATCH,UNIT_SCADA,1,"2019/08/20 15:50:00",EILDON1,0
D,DISPATCH,UNIT_SCADA,1,"2019/08/20 15:50:00",EILDON2,0
D,DISPATCH,UNIT_SCADA,1,"2019/08/20 15:50:00",EMERASF1,60.63
D,DISPATCH,UNIT_SCADA,1,"2019/08/20 15:50:00",ER01,416.224980
D,DISPATCH,UNIT_SCADA,1,"2019/08/20 15:50:00",ER02,414.6499
D,DISPATCH,UNIT_SCADA,1,"2019/08/20 15:50:00",ER03,699.650020
D,DISPATCH,UNIT_SCADA,1,"2019/08/20 15:50:00",ER04,414.6499
D,DISPATCH,UNIT_SCADA,1,"2019/08/20 15:50:00",FINLYSF1,0
D,DISPATCH,UNIT_SCADA,1,"2019/08/20 15:50:00",FISHER,45.92
D,DISPATCH,UNIT_SCADA,1,"2019/08/20 15:50:00",GANNBG1,5.221660
D,DISPATCH,UNIT_SCADA,1,"2019/08/20 15:50:00",GANNBL1,0
D,DISPATCH,UNIT_SCADA,1,"2019/08/20 15:50:00",GANNSF1,7.30
D,DISPATCH,UNIT_SCADA,1,"2019/08/20 15:50:00",GORDON,10.753680
D,DISPATCH,UNIT_SCADA,1,"2019/08/20 15:50:00",GSTONE1,144.724990
D,DISPATCH,UNIT_SCADA,1,"2019/08/20 15:50:00",GSTONE2,142.80
D,DISPATCH,UNIT_SCADA,1,"2019/08/20 15:50:00",GSTONE3,135.45
D,DISPATCH,UNIT_SCADA,1,"2019/08/20 15:50:00",GSTONE4,141.9250
D,DISPATCH,UNIT_SCADA,1,"2019/08/20 15:50:00",GSTONE5,146.1250
D,DISPATCH,UNIT_SCADA,1,"2019/08/20 15:50:00",GSTONE6,0
D,DISPATCH,UNIT_SCADA,1,"2019/08/20 15:50:00",GULLRSF1,4.894590
D,DISPATCH,UNIT_SCADA,1,"2019/08/20 15:50:00",GULLRWF1,146.284210
D,DISPATCH,UNIT_SCADA,1,"2019/08/20 15:50:00",GUNNING1,43.987880
D,DISPATCH,UNIT_SCADA,1,"2019/08/20 15:50:00",GUTHEGA,0
D,DISPATCH,UNIT_SCADA,1,"2019/08/20 15:50:00",HALLWF1,92.05
D,DISPATCH,UNIT_SCADA,1,"2019/08/20 15:50:00",HALLWF2,63.98
D,DISPATCH,UNIT_SCADA,1,"2019/08/20 15:50:00",HAMISF1,42.60
D,DISPATCH,UNIT_SCADA,1,"2019/08/20 15:50:00",HAUGHT11,50.046970
D,DISPATCH,UNIT_SCADA,1,"2019/08/20 15:50:00",HAYMSF1,36.2240
D,DISPATCH,UNIT_SCADA,1,"2019/08/20 15:50:00",HDWF1,80.40
D,DISPATCH,UNIT_SCADA,1,"2019/08/20 15:50:00",HDWF2,73.70
D,DISPATCH,UNIT_SCADA,1,"2019/08/20 15:50:00",HDWF3,74.40
D,DISPATCH,UNIT_SCADA,1,"2019/08/20 15:50:00",HPRG1,0
D,DISPATCH,UNIT_SCADA,1,"2019/08/20 15:50:00",HPRL1,29.40
D,DISPATCH,UNIT_SCADA,1,"2019/08/20 15:50:00",HUMENSW,0
D,DISPATCH,UNIT_SCADA,1,"2019/08/20 15:50:00",HUMEV,8.90
D,DISPATCH,UNIT_SCADA,1,"2019/08/20 15:50:00",HVGTS,0
D,DISPATCH,UNIT_SCADA,1,"2019/08/20 15:50:00",JBUTTERS,140.11
D,DISPATCH,UNIT_SCADA,1,"2019/08/20 15:50:00",JLA01,0.50
D,DISPATCH,UNIT_SCADA,1,"2019/08/20 15:50:00",JLA02,0
D,DISPATCH,UNIT_SCADA,1,"2019/08/20 15:50:00",JLA03,0.10
D,DISPATCH,UNIT_SCADA,1,"2019/08/20 15:50:00",JLA04,0.10
D,DISPATCH,UNIT_SCADA,1,"2019/08/20 15:50:00",JLB01,0
D,DISPATCH,UNIT_SCADA,1,"2019/08/20 15:50:00",JLB02,0.10
D,DISPATCH,UNIT_SCADA,1,"2019/08/20 15:50:00",JLB03,0
D,DISPATCH,UNIT_SCADA,1,"2019/08/20 15:50:00",KAREEYA1,21.5450
D,DISPATCH,UNIT_SCADA,1,"2019/08/20 15:50:00",KAREEYA2,21.8475
D,DISPATCH,UNIT_SCADA,1,"2019/08/20 15:50:00",KAREEYA3,0
D,DISPATCH,UNIT_SCADA,1,"2019/08/20 15:50:00",KAREEYA4,21.75
D,DISPATCH,UNIT_SCADA,1,"2019/08/20 15:50:00",KARSF1,24.20
D,DISPATCH,UNIT_SCADA,1,"2019/08/20 15:50:00",KIATAWF1,30.90
D,DISPATCH,UNIT_SCADA,1,"2019/08/20 15:50:00",KPP_1,0
D,DISPATCH,UNIT_SCADA,1,"2019/08/20 15:50:00",KSP1,44.79
D,DISPATCH,UNIT_SCADA,1,"2019/08/20 15:50:00",LADBROK1,0
D,DISPATCH,UNIT_SCADA,1,"2019/08/20 15:50:00",LADBROK2,0
D,DISPATCH,UNIT_SCADA,1,"2019/08/20 15:50:00",LD01,384.656250
D,DISPATCH,UNIT_SCADA,1,"2019/08/20 15:50:00",LD02,381.506290
D,DISPATCH,UNIT_SCADA,1,"2019/08/20 15:50:00",LD03,379.593780
D,DISPATCH,UNIT_SCADA,1,"2019/08/20 15:50:00",LD04,382.0687
D,DISPATCH,UNIT_SCADA,1,"2019/08/20 15:50:00",LEM_WIL,85.5087
D,DISPATCH,UNIT_SCADA,1,"2019/08/20 15:50:00",LGAPWF1,18.41
D,DISPATCH,UNIT_SCADA,1,"2019/08/20 15:50:00",LILYSF1,89.128950
D,DISPATCH,UNIT_SCADA,1,"2019/08/20 15:50:00",LI_WY_CA,148.429080
D,DISPATCH,UNIT_SCADA,1,"2019/08/20 15:50:00",LKBONNY2,46.9022
D,DISPATCH,UNIT_SCADA,1,"2019/08/20 15:50:00",LKBONNY3,38.126440
D,DISPATCH,UNIT_SCADA,1,"2019/08/20 15:50:00",LK_ECHO,0
D,DISPATCH,UNIT_SCADA,1,"2019/08/20 15:50:00",LNGS1,0
D,DISPATCH,UNIT_SCADA,1,"2019/08/20 15:50:00",LNGS2,0
D,DISPATCH,UNIT_SCADA,1,"2019/08/20 15:50:00",LONSDALE,0
D,DISPATCH,UNIT_SCADA,1,"2019/08/20 15:50:00",LOYYB1,540.224060
D,DISPATCH,UNIT_SCADA,1,"2019/08/20 15:50:00",LOYYB2,583.082280
D,DISPATCH,UNIT_SCADA,1,"2019/08/20 15:50:00",LYA1,558
D,DISPATCH,UNIT_SCADA,1,"2019/08/20 15:50:00",LYA2,0
D,DISPATCH,UNIT_SCADA,1,"2019/08/20 15:50:00",LYA3,560
D,DISPATCH,UNIT_SCADA,1,"2019/08/20 15:50:00",LYA4,539
D,DISPATCH,UNIT_SCADA,1,"2019/08/20 15:50:00",MACARTH1,385.891080
D,DISPATCH,UNIT_SCADA,1,"2019/08/20 15:50:00",MACKAYGT,0
D,DISPATCH,UNIT_SCADA,1,"2019/08/20 15:50:00",MACKNTSH,85.52
D,DISPATCH,UNIT_SCADA,1,"2019/08/20 15:50:00",MANSLR1,41.1210
D,DISPATCH,UNIT_SCADA,1,"2019/08/20 15:50:00",MCKAY1,0.02
D,DISPATCH,UNIT_SCADA,1,"2019/08/20 15:50:00",MEADOWBK,33.524340
D,DISPATCH,UNIT_SCADA,1,"2019/08/20 15:50:00",MERCER01,126.0610
D,DISPATCH,UNIT_SCADA,1,"2019/08/20 15:50:00",MEWF1,50.214910
D,DISPATCH,UNIT_SCADA,1,"2019/08/20 15:50:00",MINTARO,0
D,DISPATCH,UNIT_SCADA,1,"2019/08/20 15:50:00",MOREESF1,49.1840
D,DISPATCH,UNIT_SCADA,1,"2019/08/20 15:50:00",MORTLK11,164
D,DISPATCH,UNIT_SCADA,1,"2019/08/20 15:50:00",MORTLK12,0
D,DISPATCH,UNIT_SCADA,1,"2019/08/20 15:50:00",MP1,280.199950
D,DISPATCH,UNIT_SCADA,1,"2019/08/20 15:50:00",MP2,0
D,DISPATCH,UNIT_SCADA,1,"2019/08/20 15:50:00",MPP_1,358.50
D,DISPATCH,UNIT_SCADA,1,"2019/08/20 15:50:00",MPP_2,403.75
D,DISPATCH,UNIT_SCADA,1,"2019/08/20 15:50:00",MSTUART1,0
D,DISPATCH,UNIT_SCADA,1,"2019/08/20 15:50:00",MSTUART2,0
D,DISPATCH,UNIT_SCADA,1,"2019/08/20 15:50:00",MSTUART3,0
D,DISPATCH,UNIT_SCADA,1,"2019/08/20 15:50:00",MTGELWF1,64.313180
D,DISPATCH,UNIT_SCADA,1,"2019/08/20 15:50:00",MURRAY,0
D,DISPATCH,UNIT_SCADA,1,"2019/08/20 15:50:00",MUSSELR1,-0.50
D,DISPATCH,UNIT_SCADA,1,"2019/08/20 15:50:00",MUWAWF1,55.02
D,DISPATCH,UNIT_SCADA,1,"2019/08/20 15:50:00",NBHWF1,119.20
D,DISPATCH,UNIT_SCADA,1,"2019/08/20 15:50:00",NPS,20.6250
D,DISPATCH,UNIT_SCADA,1,"2019/08/20 15:50:00",NUMURSF1,10.77
D,DISPATCH,UNIT_SCADA,1,"2019/08/20 15:50:00",NYNGAN1,59.75
D,DISPATCH,UNIT_SCADA,1,"2019/08/20 15:50:00",OAKEY1,0
D,DISPATCH,UNIT_SCADA,1,"2019/08/20 15:50:00",OAKEY1SF,22.73
D,DISPATCH,UNIT_SCADA,1,"2019/08/20 15:50:00",OAKEY2,0
D,DISPATCH,UNIT_SCADA,1,"2019/08/20 15:50:00",OAKLAND1,61.90
D,DISPATCH,UNIT_SCADA,1,"2019/08/20 15:50:00",OSB-AG,141.20
D,DISPATCH,UNIT_SCADA,1,"2019/08/20 15:50:00",PARSF1,42.400010
D,DISPATCH,UNIT_SCADA,1,"2019/08/20 15:50:00",POAT110,0
D,DISPATCH,UNIT_SCADA,1,"2019/08/20 15:50:00",POAT220,1.34
D,DISPATCH,UNIT_SCADA,1,"2019/08/20 15:50:00",POR01,0
D,DISPATCH,UNIT_SCADA,1,"2019/08/20 15:50:00",POR03,0
D,DISPATCH,UNIT_SCADA,1,"2019/08/20 15:50:00",PPCCGT,269.520170
D,DISPATCH,UNIT_SCADA,1,"2019/08/20 15:50:00",PTSTAN1,0
D,DISPATCH,UNIT_SCADA,1,"2019/08/20 15:50:00",PUMP1,0
D,DISPATCH,UNIT_SCADA,1,"2019/08/20 15:50:00",PUMP2,0
D,DISPATCH,UNIT_SCADA,1,"2019/08/20 15:50:00",QPS1,0
D,DISPATCH,UNIT_SCADA,1,"2019/08/20 15:50:00",QPS2,0
D,DISPATCH,UNIT_SCADA,1,"2019/08/20 15:50:00",QPS3,0
D,DISPATCH,UNIT_SCADA,1,"2019/08/20 15:50:00",QPS4,0
D,DISPATCH,UNIT_SCADA,1,"2019/08/20 15:50:00",QPS5,0
D,DISPATCH,UNIT_SCADA,1,"2019/08/20 15:50:00",REECE1,115.770010
D,DISPATCH,UNIT_SCADA,1,"2019/08/20 15:50:00",REECE2,116.060010
D,DISPATCH,UNIT_SCADA,1,"2019/08/20 15:50:00",ROMA_7,0
D,DISPATCH,UNIT_SCADA,1,"2019/08/20 15:50:00",ROMA_8,0
D,DISPATCH,UNIT_SCADA,1,"2019/08/20 15:50:00",RRSF1,95.9343
D,DISPATCH,UNIT_SCADA,1,"2019/08/20 15:50:00",RT_NSW1,0
D,DISPATCH,UNIT_SCADA,1,"2019/08/20 15:50:00",RT_NSW2,0
D,DISPATCH,UNIT_SCADA,1,"2019/08/20 15:50:00",RT_NSW3,0
D,DISPATCH,UNIT_SCADA,1,"2019/08/20 15:50:00",RT_NSW4,0
D,DISPATCH,UNIT_SCADA,1,"2019/08/20 15:50:00",RT_NSW5,0
D,DISPATCH,UNIT_SCADA,1,"2019/08/20 15:50:00",RT_NSW6,0
D,DISPATCH,UNIT_SCADA,1,"2019/08/20 15:50:00",RT_QLD1,0
D,DISPATCH,UNIT_SCADA,1,"2019/08/20 15:50:00",RT_SA1,0
D,DISPATCH,UNIT_SCADA,1,"2019/08/20 15:50:00",RT_SA2,0
D,DISPATCH,UNIT_SCADA,1,"2019/08/20 15:50:00",RT_SA3,0
D,DISPATCH,UNIT_SCADA,1,"2019/08/20 15:50:00",RT_SA4,0
D,DISPATCH,UNIT_SCADA,1,"2019/08/20 15:50:00",RT_SA5,0
D,DISPATCH,UNIT_SCADA,1,"2019/08/20 15:50:00",RT_SA6,0
D,DISPATCH,UNIT_SCADA,1,"2019/08/20 15:50:00",RT_TAS1,0
D,DISPATCH,UNIT_SCADA,1,"2019/08/20 15:50:00",RT_VIC1,0
D,DISPATCH,UNIT_SCADA,1,"2019/08/20 15:50:00",RT_VIC10,0
D,DISPATCH,UNIT_SCADA,1,"2019/08/20 15:50:00",RT_VIC11,0
D,DISPATCH,UNIT_SCADA,1,"2019/08/20 15:50:00",RT_VIC12,0
D,DISPATCH,UNIT_SCADA,1,"2019/08/20 15:50:00",RT_VIC2,0
D,DISPATCH,UNIT_SCADA,1,"2019/08/20 15:50:00",RT_VIC3,0
D,DISPATCH,UNIT_SCADA,1,"2019/08/20 15:50:00",RT_VIC4,0
D,DISPATCH,UNIT_SCADA,1,"2019/08/20 15:50:00",RT_VIC5,0
D,DISPATCH,UNIT_SCADA,1,"2019/08/20 15:50:00",RT_VIC6,0
D,DISPATCH,UNIT_SCADA,1,"2019/08/20 15:50:00",RT_VIC7,0
D,DISPATCH,UNIT_SCADA,1,"2019/08/20 15:50:00",RT_VIC8,0
D,DISPATCH,UNIT_SCADA,1,"2019/08/20 15:50:00",RT_VIC9,0
D,DISPATCH,UNIT_SCADA,1,"2019/08/20 15:50:00",RUGBYR1,44.974080
D,DISPATCH,UNIT_SCADA,1,"2019/08/20 15:50:00",SALTCRK1,52.24
D,DISPATCH,UNIT_SCADA,1,"2019/08/20 15:50:00",SAPHWF1,78.149990
D,DISPATCH,UNIT_SCADA,1,"2019/08/20 15:50:00",SHGEN,0
D,DISPATCH,UNIT_SCADA,1,"2019/08/20 15:50:00",SHPUMP,0
D,DISPATCH,UNIT_SCADA,1,"2019/08/20 15:50:00",SITHE01,0.005650
D,DISPATCH,UNIT_SCADA,1,"2019/08/20 15:50:00",SMCSF1,53.028830
D,DISPATCH,UNIT_SCADA,1,"2019/08/20 15:50:00",SNOWNTH1,129.100010
D,DISPATCH,UNIT_SCADA,1,"2019/08/20 15:50:00",SNOWSTH1,115.50
D,DISPATCH,UNIT_SCADA,1,"2019/08/20 15:50:00",SNOWTWN1,-0.485140
D,DISPATCH,UNIT_SCADA,1,"2019/08/20 15:50:00",SNOWYP,374.299990
D,DISPATCH,UNIT_SCADA,1,"2019/08/20 15:50:00",SNUG1,0.019440
D,DISPATCH,UNIT_SCADA,1,"2019/08/20 15:50:00",SRSF1,35.25
D,DISPATCH,UNIT_SCADA,1,"2019/08/20 15:50:00",STAN-1,0
D,DISPATCH,UNIT_SCADA,1,"2019/08/20 15:50:00",STAN-2,280.402190
D,DISPATCH,UNIT_SCADA,1,"2019/08/20 15:50:00",STAN-3,282.068510
D,DISPATCH,UNIT_SCADA,1,"2019/08/20 15:50:00",STAN-4,282.081330
D,DISPATCH,UNIT_SCADA,1,"2019/08/20 15:50:00",STWF1,16.0650
D,DISPATCH,UNIT_SCADA,1,"2019/08/20 15:50:00",SWAN_E,0
D,DISPATCH,UNIT_SCADA,1,"2019/08/20 15:50:00",TALWA1,333
D,DISPATCH,UNIT_SCADA,1,"2019/08/20 15:50:00",TARALGA1,101.437480
D,DISPATCH,UNIT_SCADA,1,"2019/08/20 15:50:00",TARONG#1,289.899990
D,DISPATCH,UNIT_SCADA,1,"2019/08/20 15:50:00",TARONG#2,290.50
D,DISPATCH,UNIT_SCADA,1,"2019/08/20 15:50:00",TARONG#3,260
D,DISPATCH,UNIT_SCADA,1,"2019/08/20 15:50:00",TARONG#4,280.200010
D,DISPATCH,UNIT_SCADA,1,"2019/08/20 15:50:00",TARRALEA,87.10
D,DISPATCH,UNIT_SCADA,1,"2019/08/20 15:50:00",TBSF1,0.10
D,DISPATCH,UNIT_SCADA,1,"2019/08/20 15:50:00",TNPS1,441.700010
D,DISPATCH,UNIT_SCADA,1,"2019/08/20 15:50:00",TORRA1,44.734740
D,DISPATCH,UNIT_SCADA,1,"2019/08/20 15:50:00",TORRA2,0
D,DISPATCH,UNIT_SCADA,1,"2019/08/20 15:50:00",TORRA3,0
D,DISPATCH,UNIT_SCADA,1,"2019/08/20 15:50:00",TORRA4,0
D,DISPATCH,UNIT_SCADA,1,"2019/08/20 15:50:00",TORRB1,41.45
D,DISPATCH,UNIT_SCADA,1,"2019/08/20 15:50:00",TORRB2,41.80
D,DISPATCH,UNIT_SCADA,1,"2019/08/20 15:50:00",TORRB3,0
D,DISPATCH,UNIT_SCADA,1,"2019/08/20 15:50:00",TORRB4,0
D,DISPATCH,UNIT_SCADA,1,"2019/08/20 15:50:00",TREVALLN,44.010020
D,DISPATCH,UNIT_SCADA,1,"2019/08/20 15:50:00",TRIBUTE,0
D,DISPATCH,UNIT_SCADA,1,"2019/08/20 15:50:00",TUMUT3,0
D,DISPATCH,UNIT_SCADA,1,"2019/08/20 15:50:00",TUNGATIN,124.660030
D,DISPATCH,UNIT_SCADA,1,"2019/08/20 15:50:00",TVCC201,0
D,DISPATCH,UNIT_SCADA,1,"2019/08/20 15:50:00",TVPP104,0
D,DISPATCH,UNIT_SCADA,1,"2019/08/20 15:50:00",UPPTUMUT,0
D,DISPATCH,UNIT_SCADA,1,"2019/08/20 15:50:00",URANQ11,0
D,DISPATCH,UNIT_SCADA,1,"2019/08/20 15:50:00",URANQ12,0
D,DISPATCH,UNIT_SCADA,1,"2019/08/20 15:50:00",URANQ13,0
D,DISPATCH,UNIT_SCADA,1,"2019/08/20 15:50:00",URANQ14,0
D,DISPATCH,UNIT_SCADA,1,"2019/08/20 15:50:00",VP5,367.25
D,DISPATCH,UNIT_SCADA,1,"2019/08/20 15:50:00",VP6,344.350010
D,DISPATCH,UNIT_SCADA,1,"2019/08/20 15:50:00",VPGS1,0
D,DISPATCH,UNIT_SCADA,1,"2019/08/20 15:50:00",VPGS2,0
D,DISPATCH,UNIT_SCADA,1,"2019/08/20 15:50:00",VPGS3,0
D,DISPATCH,UNIT_SCADA,1,"2019/08/20 15:50:00",VPGS4,0
D,DISPATCH,UNIT_SCADA,1,"2019/08/20 15:50:00",VPGS5,0
D,DISPATCH,UNIT_SCADA,1,"2019/08/20 15:50:00",VPGS6,0
D,DISPATCH,UNIT_SCADA,1,"2019/08/20 15:50:00",W/HOE#1,0
D,DISPATCH,UNIT_SCADA,1,"2019/08/20 15:50:00",W/HOE#2,0
D,DISPATCH,UNIT_SCADA,1,"2019/08/20 15:50:00",WATERLWF,18.90
D,DISPATCH,UNIT_SCADA,1,"2019/08/20 15:50:00",WEMENSF1,25.30
D,DISPATCH,UNIT_SCADA,1,"2019/08/20 15:50:00",WGWF1,105.30
D,DISPATCH,UNIT_SCADA,1,"2019/08/20 15:50:00",WHITSF1,41.10
D,DISPATCH,UNIT_SCADA,1,"2019/08/20 15:50:00",WKIEWA1,0
D,DISPATCH,UNIT_SCADA,1,"2019/08/20 15:50:00",WKIEWA2,0.10
D,DISPATCH,UNIT_SCADA,1,"2019/08/20 15:50:00",WOODLWN1,42.7860
D,DISPATCH,UNIT_SCADA,1,"2019/08/20 15:50:00",WRSF1,10.70
D,DISPATCH,UNIT_SCADA,1,"2019/08/20 15:50:00",WRWF1,74.506240
D,DISPATCH,UNIT_SCADA,1,"2019/08/20 15:50:00",YABULU,0
D,DISPATCH,UNIT_SCADA,1,"2019/08/20 15:50:00",YABULU2,0
D,DISPATCH,UNIT_SCADA,1,"2019/08/20 15:50:00",YARWUN_1,0
D,DISPATCH,UNIT_SCADA,1,"2019/08/20 15:50:00",YENDWF1,42.18
D,DISPATCH,UNIT_SCADA,1,"2019/08/20 15:50:00",YWPS1,381.7038
D,DISPATCH,UNIT_SCADA,1,"2019/08/20 15:50:00",YWPS2,272.177220
D,DISPATCH,UNIT_SCADA,1,"2019/08/20 15:50:00",YWPS3,0
D,DISPATCH,UNIT_SCADA,1,"2019/08/20 15:50:00",YWPS4,401.165830
C,"END OF REPORT",334
