C,NEMP.WORLD,DISPATCHSCADA,AEMO,PUBLIC,2019/08/20,20:10:08,0000000311799384,DISPATCHSCADA,0000000311799378
I,DISPATCH,UNIT_SCADA,1,SETTLEMENTDATE,DUID,SCADAVALUE
D,DISPATCH,UNIT_SCADA,1,"2019/08/20 20:15:00",BARCSF1,0.50
D,DISPATCH,UNIT_SCADA,1,"2019/08/20 20:15:00",BUTLERSG,9.699999
D,DISPATCH,UNIT_SCADA,1,"2019/08/20 20:15:00",CALL_A_4,0
D,DISPATCH,UNIT_SCADA,1,"2019/08/20 20:15:00",CAPTL_WF,124.8480
D,DISPATCH,UNIT_SCADA,1,"2019/08/20 20:15:00",CATHROCK,53.799995
D,DISPATCH,UNIT_SCADA,1,"2019/08/20 20:15:00",CHALLHWF,27.50
D,DISPATCH,UNIT_SCADA,1,"2019/08/20 20:15:00",CLOVER,-0.02
D,DISPATCH,UNIT_SCADA,1,"2019/08/20 20:15:00",CLUNY,19.202106
D,DISPATCH,UNIT_SCADA,1,"2019/08/20 20:15:00",CNUNDAWF,41.648582
D,DISPATCH,UNIT_SCADA,1,"2019/08/20 20:15:00",CULLRGWF,29.940001
D,DISPATCH,UNIT_SCADA,1,"2019/08/20 20:15:00",ERGT01,0
D,DISPATCH,UNIT_SCADA,1,"2019/08/20 20:15:00",GB01,0.073112
D,DISPATCH,UNIT_SCADA,1,"2019/08/20 20:15:00",GERMCRK,35.099998
D,DISPATCH,UNIT_SCADA,1,"2019/08/20 20:15:00",GRIFSF1,0
D,DISPATCH,UNIT_SCADA,1,"2019/08/20 20:15:00",HUGSF1,-0.2040
D,DISPATCH,UNIT_SCADA,1,"2019/08/20 20:15:00",LKBONNY1,74.484009
D,DISPATCH,UNIT_SCADA,1,"2019/08/20 20:15:00",LRSF1,0.0290
D,DISPATCH,UNIT_SCADA,1,"2019/08/20 20:15:00",MBAHNTH,56.043747
D,DISPATCH,UNIT_SCADA,1,"2019/08/20 20:15:00",MLSP1,0.283001
D,DISPATCH,UNIT_SCADA,1,"2019/08/20 20:15:00",MLWF1,17.309999
D,DISPATCH,UNIT_SCADA,1,"2019/08/20 20:15:00",MTMILLAR,29.832218
D,DISPATCH,UNIT_SCADA,1,"2019/08/20 20:15:00",PALOONA,13.12
D,DISPATCH,UNIT_SCADA,1,"2019/08/20 20:15:00",PIONEER,30.90
D,DISPATCH,UNIT_SCADA,1,"2019/08/20 20:15:00",PORTWF,137.300003
D,DISPATCH,UNIT_SCADA,1,"2019/08/20 20:15:00",REPULSE,29.044022
D,DISPATCH,UNIT_SCADA,1,"2019/08/20 20:15:00",ROWALLAN,9.940001
D,DISPATCH,UNIT_SCADA,1,"2019/08/20 20:15:00",ROYALLA1,0
D,DISPATCH,UNIT_SCADA,1,"2019/08/20 20:15:00",RPCG,10.70
D,DISPATCH,UNIT_SCADA,1,"2019/08/20 20:15:00",RUBICON,0
D,DISPATCH,UNIT_SCADA,1,"2019/08/20 20:15:00",SATGN1,0
D,DISPATCH,UNIT_SCADA,1,"2019/08/20 20:15:00",SATGS1,0
D,DISPATCH,UNIT_SCADA,1,"2019/08/20 20:15:00",STARHLWF,22.593412
D,DISPATCH,UNIT_SCADA,1,"2019/08/20 20:15:00",WAUBRAWF,143.843994
D,DISPATCH,UNIT_SCADA,1,"2019/08/20 20:15:00",WOOLNTH1,61.370018
D,DISPATCH,UNIT_SCADA,1,"2019/08/20 20:15:00",WPWF,40
D,DISPATCH,UNIT_SCADA,1,"2019/08/20 20:15:00",YAMBUKWF,29.799999
D,DISPATCH,UNIT_SCADA,1,"2019/08/20 20:15:00",YSWF1,28.50
D,DISPATCH,UNIT_SCADA,1,"2019/08/20 20:15:00",AGLHAL,0
D,DISPATCH,UNIT_SCADA,1,"2019/08/20 20:15:00",AGLSOM,80.30
D,DISPATCH,UNIT_SCADA,1,"2019/08/20 20:15:00",ANGAST1,0
D,DISPATCH,UNIT_SCADA,1,"2019/08/20 20:15:00",ARWF1,37.60
D,DISPATCH,UNIT_SCADA,1,"2019/08/20 20:15:00",BALBG1,11.46
D,DISPATCH,UNIT_SCADA,1,"2019/08/20 20:15:00",BALBL1,0
D,DISPATCH,UNIT_SCADA,1,"2019/08/20 20:15:00",BALDHWF1,103.4030
D,DISPATCH,UNIT_SCADA,1,"2019/08/20 20:15:00",BANN1,0
D,DISPATCH,UNIT_SCADA,1,"2019/08/20 20:15:00",BARCALDN,0
D,DISPATCH,UNIT_SCADA,1,"2019/08/20 20:15:00",BARRON-1,0
D,DISPATCH,UNIT_SCADA,1,"2019/08/20 20:15:00",BARRON-2,28.48
D,DISPATCH,UNIT_SCADA,1,"2019/08/20 20:15:00",BASTYAN,80.13
D,DISPATCH,UNIT_SCADA,1,"2019/08/20 20:15:00",BBTHREE1,-1.86
D,DISPATCH,UNIT_SCADA,1,"2019/08/20 20:15:00",BBTHREE2,-1.85
D,DISPATCH,UNIT_SCADA,1,"2019/08/20 20:15:00",BBTHREE3,0
D,DISPATCH,UNIT_SCADA,1,"2019/08/20 20:15:00",BDL01,0
D,DISPATCH,UNIT_SCADA,1,"2019/08/20 20:15:00",BDL02,0
D,DISPATCH,UNIT_SCADA,1,"2019/08/20 20:15:00",BERYLSF1,0
D,DISPATCH,UNIT_SCADA,1,"2019/08/20 20:15:00",BLOWERNG,0
D,DISPATCH,UNIT_SCADA,1,"2019/08/20 20:15:00",BLUFF1,41.80
D,DISPATCH,UNIT_SCADA,1,"2019/08/20 20:15:00",BNGSF1,0
D,DISPATCH,UNIT_SCADA,1,"2019/08/20 20:15:00",BNGSF2,0
D,DISPATCH,UNIT_SCADA,1,"2019/08/20 20:15:00",BOCORWF1,96.50
D,DISPATCH,UNIT_SCADA,1,"2019/08/20 20:15:00",BODWF1,69.010120
D,DISPATCH,UNIT_SCADA,1,"2019/08/20 20:15:00",BRAEMAR1,0
D,DISPATCH,UNIT_SCADA,1,"2019/08/20 20:15:00",BRAEMAR2,173
D,DISPATCH,UNIT_SCADA,1,"2019/08/20 20:15:00",BRAEMAR3,0
D,DISPATCH,UNIT_SCADA,1,"2019/08/20 20:15:00",BRAEMAR5,0
D,DISPATCH,UNIT_SCADA,1,"2019/08/20 20:15:00",BRAEMAR6,160.068480
D,DISPATCH,UNIT_SCADA,1,"2019/08/20 20:15:00",BRAEMAR7,0
D,DISPATCH,UNIT_SCADA,1,"2019/08/20 20:15:00",BROKENH1,0
D,DISPATCH,UNIT_SCADA,1,"2019/08/20 20:15:00",BW01,655.724980
D,DISPATCH,UNIT_SCADA,1,"2019/08/20 20:15:00",BW02,653.275020
D,DISPATCH,UNIT_SCADA,1,"2019/08/20 20:15:00",BW03,646.275020
D,DISPATCH,UNIT_SCADA,1,"2019/08/20 20:15:00",BW04,0
D,DISPATCH,UNIT_SCADA,1,"2019/08/20 20:15:00",CALL_B_1,349.899990
D,DISPATCH,UNIT_SCADA,1,"2019/08/20 20:15:00",CALL_B_2,300
D,DISPATCH,UNIT_SCADA,1,"2019/08/20 20:15:00",CETHANA,96.208630
D,DISPATCH,UNIT_SCADA,1,"2019/08/20 20:15:00",CG1,0
D,DISPATCH,UNIT_SCADA,1,"2019/08/20 20:15:00",CG2,0
D,DISPATCH,UNIT_SCADA,1,"2019/08/20 20:15:00",CG3,0
D,DISPATCH,UNIT_SCADA,1,"2019/08/20 20:15:00",CG4,0
D,DISPATCH,UNIT_SCADA,1,"2019/08/20 20:15:00",CHILDSF1,0
D,DISPATCH,UNIT_SCADA,1,"2019/08/20 20:15:00",CLARESF1,0
D,DISPATCH,UNIT_SCADA,1,"2019/08/20 20:15:00",CLEMGPWF,42.644730
D,DISPATCH,UNIT_SCADA,1,"2019/08/20 20:15:00",CLERMSF1,0
D,DISPATCH,UNIT_SCADA,1,"2019/08/20 20:15:00",COLEASF1,0
D,DISPATCH,UNIT_SCADA,1,"2019/08/20 20:15:00",COOPGWF1,50.114880
D,DISPATCH,UNIT_SCADA,1,"2019/08/20 20:15:00",CPP_3,406.175020
D,DISPATCH,UNIT_SCADA,1,"2019/08/20 20:15:00",CPP_4,287.925020
D,DISPATCH,UNIT_SCADA,1,"2019/08/20 20:15:00",CPSA,143.503750
D,DISPATCH,UNIT_SCADA,1,"2019/08/20 20:15:00",CROOKWF2,90.7150
D,DISPATCH,UNIT_SCADA,1,"2019/08/20 20:15:00",CROWLWF1,48.035840
D,DISPATCH,UNIT_SCADA,1,"2019/08/20 20:15:00",CSPVPS1,0
D,DISPATCH,UNIT_SCADA,1,"2019/08/20 20:15:00",DALNTH01,0
D,DISPATCH,UNIT_SCADA,1,"2019/08/20 20:15:00",DALNTHL1,0.0412
D,DISPATCH,UNIT_SCADA,1,"2019/08/20 20:15:00",DARTM1,134.30
D,DISPATCH,UNIT_SCADA,1,"2019/08/20 20:15:00",DAYDSF1,0
D,DISPATCH,UNIT_SCADA,1,"2019/08/20 20:15:00",DDPS1,445.111910
D,DISPATCH,UNIT_SCADA,1,"2019/08/20 20:15:00",DDSF1,0
D,DISPATCH,UNIT_SCADA,1,"2019/08/20 20:15:00",DEVILS_G,60.8710
D,DISPATCH,UNIT_SCADA,1,"2019/08/20 20:15:00",DG_NSW1,0
D,DISPATCH,UNIT_SCADA,1,"2019/08/20 20:15:00",DG_QLD1,0
D,DISPATCH,UNIT_SCADA,1,"2019/08/20 20:15:00",DG_SA1,0
D,DISPATCH,UNIT_SCADA,1,"2019/08/20 20:15:00",DG_TAS1,0
D,DISPATCH,UNIT_SCADA,1,"2019/08/20 20:15:00",DG_VIC1,0
D,DISPATCH,UNIT_SCADA,1,"2019/08/20 20:15:00",DRYCGT1,0
D,DISPATCH,UNIT_SCADA,1,"2019/08/20 20:15:00",DRYCGT2,0
D,DISPATCH,UNIT_SCADA,1,"2019/08/20 20:15:00",DRYCGT3,0
D,DISPATCH,UNIT_SCADA,1,"2019/08/20 20:15:00",EILDON1,0
D,DISPATCH,UNIT_SCADA,1,"2019/08/20 20:15:00",EILDON2,0
D,DISPATCH,UNIT_SCADA,1,"2019/08/20 20:15:00",EMERASF1,0
D,DISPATCH,UNIT_SCADA,1,"2019/08/20 20:15:00",ER01,594.550050
D,DISPATCH,UNIT_SCADA,1,"2019/08/20 20:15:00",ER02,700.50
D,DISPATCH,UNIT_SCADA,1,"2019/08/20 20:15:00",ER03,698.599980
D,DISPATCH,UNIT_SCADA,1,"2019/08/20 20:15:00",ER04,699.75
D,DISPATCH,UNIT_SCADA,1,"2019/08/20 20:15:00",FINLYSF1,0
D,DISPATCH,UNIT_SCADA,1,"2019/08/20 20:15:00",FISHER,46.01
D,DISPATCH,UNIT_SCADA,1,"2019/08/20 20:15:00",GANNBG1,19.181590
D,DISPATCH,UNIT_SCADA,1,"2019/08/20 20:15:00",GANNBL1,0
D,DISPATCH,UNIT_SCADA,1,"2019/08/20 20:15:00",GANNSF1,0
D,DISPATCH,UNIT_SCADA,1,"2019/08/20 20:15:00",GORDON,0
D,DISPATCH,UNIT_SCADA,1,"2019/08/20 20:15:00",GSTONE1,233.099990
D,DISPATCH,UNIT_SCADA,1,"2019/08/20 20:15:00",GSTONE2,219.80
D,DISPATCH,UNIT_SCADA,1,"2019/08/20 20:15:00",GSTONE3,228.899990
D,DISPATCH,UNIT_SCADA,1,"2019/08/20 20:15:00",GSTONE4,234.3250
D,DISPATCH,UNIT_SCADA,1,"2019/08/20 20:15:00",GSTONE5,228.20
D,DISPATCH,UNIT_SCADA,1,"2019/08/20 20:15:00",GSTONE6,0
D,DISPATCH,UNIT_SCADA,1,"2019/08/20 20:15:00",GULLRSF1,0
D,DISPATCH,UNIT_SCADA,1,"2019/08/20 20:15:00",GULLRWF1,144.912080
D,DISPATCH,UNIT_SCADA,1,"2019/08/20 20:15:00",GUNNING1,40.1832
D,DISPATCH,UNIT_SCADA,1,"2019/08/20 20:15:00",GUTHEGA,30.60
D,DISPATCH,UNIT_SCADA,1,"2019/08/20 20:15:00",HALLWF1,91.93
D,DISPATCH,UNIT_SCADA,1,"2019/08/20 20:15:00",HALLWF2,66.26
D,DISPATCH,UNIT_SCADA,1,"2019/08/20 20:15:00",HAMISF1,0
D,DISPATCH,UNIT_SCADA,1,"2019/08/20 20:15:00",HAUGHT11,0
D,DISPATCH,UNIT_SCADA,1,"2019/08/20 20:15:00",HAYMSF1,0
D,DISPATCH,UNIT_SCADA,1,"2019/08/20 20:15:00",HDWF1,60.90
D,DISPATCH,UNIT_SCADA,1,"2019/08/20 20:15:00",HDWF2,41.20
D,DISPATCH,UNIT_SCADA,1,"2019/08/20 20:15:00",HDWF3,51.90
D,DISPATCH,UNIT_SCADA,1,"2019/08/20 20:15:00",HPRG1,27.50
D,DISPATCH,UNIT_SCADA,1,"2019/08/20 20:15:00",HPRL1,0
D,DISPATCH,UNIT_SCADA,1,"2019/08/20 20:15:00",HUMENSW,0
D,DISPATCH,UNIT_SCADA,1,"2019/08/20 20:15:00",HUMEV,9.10
D,DISPATCH,UNIT_SCADA,1,"2019/08/20 20:15:00",HVGTS,0
D,DISPATCH,UNIT_SCADA,1,"2019/08/20 20:15:00",JBUTTERS,136.89
D,DISPATCH,UNIT_SCADA,1,"2019/08/20 20:15:00",JLA01,0.50
D,DISPATCH,UNIT_SCADA,1,"2019/08/20 20:15:00",JLA02,0
D,DISPATCH,UNIT_SCADA,1,"2019/08/20 20:15:00",JLA03,0.10
D,DISPATCH,UNIT_SCADA,1,"2019/08/20 20:15:00",JLA04,0.10
D,DISPATCH,UNIT_SCADA,1,"2019/08/20 20:15:00",JLB01,0
D,DISPATCH,UNIT_SCADA,1,"2019/08/20 20:15:00",JLB02,0.10
D,DISPATCH,UNIT_SCADA,1,"2019/08/20 20:15:00",JLB03,0
D,DISPATCH,UNIT_SCADA,1,"2019/08/20 20:15:00",KAREEYA1,21.5950
D,DISPATCH,UNIT_SCADA,1,"2019/08/20 20:15:00",KAREEYA2,21.7050
D,DISPATCH,UNIT_SCADA,1,"2019/08/20 20:15:00",KAREEYA3,0
D,DISPATCH,UNIT_SCADA,1,"2019/08/20 20:15:00",KAREEYA4,21.7350
D,DISPATCH,UNIT_SCADA,1,"2019/08/20 20:15:00",KARSF1,0
D,DISPATCH,UNIT_SCADA,1,"2019/08/20 20:15:00",KIATAWF1,30.80
D,DISPATCH,UNIT_SCADA,1,"2019/08/20 20:15:00",KPP_1,0
D,DISPATCH,UNIT_SCADA,1,"2019/08/20 20:15:00",KSP1,0
D,DISPATCH,UNIT_SCADA,1,"2019/08/20 20:15:00",LADBROK1,0
D,DISPATCH,UNIT_SCADA,1,"2019/08/20 20:15:00",LADBROK2,43.06
D,DISPATCH,UNIT_SCADA,1,"2019/08/20 20:15:00",LD01,415.331270
D,DISPATCH,UNIT_SCADA,1,"2019/08/20 20:15:00",LD02,416.8688
D,DISPATCH,UNIT_SCADA,1,"2019/08/20 20:15:00",LD03,415.893770
D,DISPATCH,UNIT_SCADA,1,"2019/08/20 20:15:00",LD04,376.762570
D,DISPATCH,UNIT_SCADA,1,"2019/08/20 20:15:00",LEM_WIL,85.6230
D,DISPATCH,UNIT_SCADA,1,"2019/08/20 20:15:00",LGAPWF1,33.61
D,DISPATCH,UNIT_SCADA,1,"2019/08/20 20:15:00",LILYSF1,0
D,DISPATCH,UNIT_SCADA,1,"2019/08/20 20:15:00",LI_WY_CA,149.040450
D,DISPATCH,UNIT_SCADA,1,"2019/08/20 20:15:00",LKBONNY2,153.728390
D,DISPATCH,UNIT_SCADA,1,"2019/08/20 20:15:00",LKBONNY3,38.126440
D,DISPATCH,UNIT_SCADA,1,"2019/08/20 20:15:00",LK_ECHO,0
D,DISPATCH,UNIT_SCADA,1,"2019/08/20 20:15:00",LNGS1,0
D,DISPATCH,UNIT_SCADA,1,"2019/08/20 20:15:00",LNGS2,0
D,DISPATCH,UNIT_SCADA,1,"2019/08/20 20:15:00",LONSDALE,0
D,DISPATCH,UNIT_SCADA,1,"2019/08/20 20:15:00",LOYYB1,536.088620
D,DISPATCH,UNIT_SCADA,1,"2019/08/20 20:15:00",LOYYB2,581.202510
D,DISPATCH,UNIT_SCADA,1,"2019/08/20 20:15:00",LYA1,559
D,DISPATCH,UNIT_SCADA,1,"2019/08/20 20:15:00",LYA2,0
D,DISPATCH,UNIT_SCADA,1,"2019/08/20 20:15:00",LYA3,560
D,DISPATCH,UNIT_SCADA,1,"2019/08/20 20:15:00",LYA4,541
D,DISPATCH,UNIT_SCADA,1,"2019/08/20 20:15:00",MACARTH1,377.691280
D,DISPATCH,UNIT_SCADA,1,"2019/08/20 20:15:00",MACKAYGT,0
D,DISPATCH,UNIT_SCADA,1,"2019/08/20 20:15:00",MACKNTSH,85.820010
D,DISPATCH,UNIT_SCADA,1,"2019/08/20 20:15:00",MANSLR1,0
D,DISPATCH,UNIT_SCADA,1,"2019/08/20 20:15:00",MCKAY1,0.02
D,DISPATCH,UNIT_SCADA,1,"2019/08/20 20:15:00",MEADOWBK,34.038780
D,DISPATCH,UNIT_SCADA,1,"2019/08/20 20:15:00",MERCER01,126.187990
D,DISPATCH,UNIT_SCADA,1,"2019/08/20 20:15:00",MEWF1,43.653120
D,DISPATCH,UNIT_SCADA,1,"2019/08/20 20:15:00",MINTARO,0
D,DISPATCH,UNIT_SCADA,1,"2019/08/20 20:15:00",MOREESF1,0
D,DISPATCH,UNIT_SCADA,1,"2019/08/20 20:15:00",MORTLK11,126
D,DISPATCH,UNIT_SCADA,1,"2019/08/20 20:15:00",MORTLK12,0
D,DISPATCH,UNIT_SCADA,1,"2019/08/20 20:15:00",MP1,275.924930
D,DISPATCH,UNIT_SCADA,1,"2019/08/20 20:15:00",MP2,0
D,DISPATCH,UNIT_SCADA,1,"2019/08/20 20:15:00",MPP_1,405.75
D,DISPATCH,UNIT_SCADA,1,"2019/08/20 20:15:00",MPP_2,425
D,DISPATCH,UNIT_SCADA,1,"2019/08/20 20:15:00",MSTUART1,0
D,DISPATCH,UNIT_SCADA,1,"2019/08/20 20:15:00",MSTUART2,0
D,DISPATCH,UNIT_SCADA,1,"2019/08/20 20:15:00",MSTUART3,0
D,DISPATCH,UNIT_SCADA,1,"2019/08/20 20:15:00",MTGELWF1,65.042570
D,DISPATCH,UNIT_SCADA,1,"2019/08/20 20:15:00",MURRAY,0
D,DISPATCH,UNIT_SCADA,1,"2019/08/20 20:15:00",MUSSELR1,46.70
D,DISPATCH,UNIT_SCADA,1,"2019/08/20 20:15:00",MUWAWF1,45.28
D,DISPATCH,UNIT_SCADA,1,"2019/08/20 20:15:00",NBHWF1,105.80
D,DISPATCH,UNIT_SCADA,1,"2019/08/20 20:15:00",NPS,511.8750
D,DISPATCH,UNIT_SCADA,1,"2019/08/20 20:15:00",NUMURSF1,0
D,DISPATCH,UNIT_SCADA,1,"2019/08/20 20:15:00",NYNGAN1,0
D,DISPATCH,UNIT_SCADA,1,"2019/08/20 20:15:00",OAKEY1,0
D,DISPATCH,UNIT_SCADA,1,"2019/08/20 20:15:00",OAKEY1SF,0.0380
D,DISPATCH,UNIT_SCADA,1,"2019/08/20 20:15:00",OAKEY2,0
D,DISPATCH,UNIT_SCADA,1,"2019/08/20 20:15:00",OAKLAND1,55.40
D,DISPATCH,UNIT_SCADA,1,"2019/08/20 20:15:00",OSB-AG,183.37
D,DISPATCH,UNIT_SCADA,1,"2019/08/20 20:15:00",PARSF1,0
D,DISPATCH,UNIT_SCADA,1,"2019/08/20 20:15:00",POAT110,0
D,DISPATCH,UNIT_SCADA,1,"2019/08/20 20:15:00",POAT220,33.715280
D,DISPATCH,UNIT_SCADA,1,"2019/08/20 20:15:00",POR01,0
D,DISPATCH,UNIT_SCADA,1,"2019/08/20 20:15:00",POR03,0
D,DISPATCH,UNIT_SCADA,1,"2019/08/20 20:15:00",PPCCGT,497.024660
D,DISPATCH,UNIT_SCADA,1,"2019/08/20 20:15:00",PTSTAN1,0
D,DISPATCH,UNIT_SCADA,1,"2019/08/20 20:15:00",PUMP1,0
D,DISPATCH,UNIT_SCADA,1,"2019/08/20 20:15:00",PUMP2,0
D,DISPATCH,UNIT_SCADA,1,"2019/08/20 20:15:00",QPS1,28.90
D,DISPATCH,UNIT_SCADA,1,"2019/08/20 20:15:00",QPS2,0
D,DISPATCH,UNIT_SCADA,1,"2019/08/20 20:15:00",QPS3,0
D,DISPATCH,UNIT_SCADA,1,"2019/08/20 20:15:00",QPS4,0
D,DISPATCH,UNIT_SCADA,1,"2019/08/20 20:15:00",QPS5,0
D,DISPATCH,UNIT_SCADA,1,"2019/08/20 20:15:00",REECE1,116.940010
D,DISPATCH,UNIT_SCADA,1,"2019/08/20 20:15:00",REECE2,117.190010
D,DISPATCH,UNIT_SCADA,1,"2019/08/20 20:15:00",ROMA_7,0
D,DISPATCH,UNIT_SCADA,1,"2019/08/20 20:15:00",ROMA_8,0
D,DISPATCH,UNIT_SCADA,1,"2019/08/20 20:15:00",RRSF1,0
D,DISPATCH,UNIT_SCADA,1,"2019/08/20 20:15:00",RT_NSW1,0
D,DISPATCH,UNIT_SCADA,1,"2019/08/20 20:15:00",RT_NSW2,0
D,DISPATCH,UNIT_SCADA,1,"2019/08/20 20:15:00",RT_NSW3,0
D,DISPATCH,UNIT_SCADA,1,"2019/08/20 20:15:00",RT_NSW4,0
D,DISPATCH,UNIT_SCADA,1,"2019/08/20 20:15:00",RT_NSW5,0
D,DISPATCH,UNIT_SCADA,1,"2019/08/20 20:15:00",RT_NSW6,0
D,DISPATCH,UNIT_SCADA,1,"2019/08/20 20:15:00",RT_QLD1,0
D,DISPATCH,UNIT_SCADA,1,"2019/08/20 20:15:00",RT_SA1,0
D,DISPATCH,UNIT_SCADA,1,"2019/08/20 20:15:00",RT_SA2,0
D,DISPATCH,UNIT_SCADA,1,"2019/08/20 20:15:00",RT_SA3,0
D,DISPATCH,UNIT_SCADA,1,"2019/08/20 20:15:00",RT_SA4,0
D,DISPATCH,UNIT_SCADA,1,"2019/08/20 20:15:00",RT_SA5,0
D,DISPATCH,UNIT_SCADA,1,"2019/08/20 20:15:00",RT_SA6,0
D,DISPATCH,UNIT_SCADA,1,"2019/08/20 20:15:00",RT_TAS1,0
D,DISPATCH,UNIT_SCADA,1,"2019/08/20 20:15:00",RT_VIC1,0
D,DISPATCH,UNIT_SCADA,1,"2019/08/20 20:15:00",RT_VIC10,0
D,DISPATCH,UNIT_SCADA,1,"2019/08/20 20:15:00",RT_VIC11,0
D,DISPATCH,UNIT_SCADA,1,"2019/08/20 20:15:00",RT_VIC12,0
D,DISPATCH,UNIT_SCADA,1,"2019/08/20 20:15:00",RT_VIC2,0
D,DISPATCH,UNIT_SCADA,1,"2019/08/20 20:15:00",RT_VIC3,0
D,DISPATCH,UNIT_SCADA,1,"2019/08/20 20:15:00",RT_VIC4,0
D,DISPATCH,UNIT_SCADA,1,"2019/08/20 20:15:00",RT_VIC5,0
D,DISPATCH,UNIT_SCADA,1,"2019/08/20 20:15:00",RT_VIC6,0
D,DISPATCH,UNIT_SCADA,1,"2019/08/20 20:15:00",RT_VIC7,0
D,DISPATCH,UNIT_SCADA,1,"2019/08/20 20:15:00",RT_VIC8,0
D,DISPATCH,UNIT_SCADA,1,"2019/08/20 20:15:00",RT_VIC9,0
D,DISPATCH,UNIT_SCADA,1,"2019/08/20 20:15:00",RUGBYR1,0
D,DISPATCH,UNIT_SCADA,1,"2019/08/20 20:15:00",SALTCRK1,49.85
D,DISPATCH,UNIT_SCADA,1,"2019/08/20 20:15:00",SAPHWF1,123.403110
D,DISPATCH,UNIT_SCADA,1,"2019/08/20 20:15:00",SHGEN,82.403120
D,DISPATCH,UNIT_SCADA,1,"2019/08/20 20:15:00",SHPUMP,0
D,DISPATCH,UNIT_SCADA,1,"2019/08/20 20:15:00",SITHE01,0.1639
D,DISPATCH,UNIT_SCADA,1,"2019/08/20 20:15:00",SMCSF1,0
D,DISPATCH,UNIT_SCADA,1,"2019/08/20 20:15:00",SNOWNTH1,115.20
D,DISPATCH,UNIT_SCADA,1,"2019/08/20 20:15:00",SNOWSTH1,111.899990
D,DISPATCH,UNIT_SCADA,1,"2019/08/20 20:15:00",SNOWTWN1,86.123180
D,DISPATCH,UNIT_SCADA,1,"2019/08/20 20:15:00",SNOWYP,0
D,DISPATCH,UNIT_SCADA,1,"2019/08/20 20:15:00",SNUG1,0.019440
D,DISPATCH,UNIT_SCADA,1,"2019/08/20 20:15:00",SRSF1,0.07
D,DISPATCH,UNIT_SCADA,1,"2019/08/20 20:15:00",STAN-1,0
D,DISPATCH,UNIT_SCADA,1,"2019/08/20 20:15:00",STAN-2,359.462370
D,DISPATCH,UNIT_SCADA,1,"2019/08/20 20:15:00",STAN-3,364.153690
D,DISPATCH,UNIT_SCADA,1,"2019/08/20 20:15:00",STAN-4,364.999660
D,DISPATCH,UNIT_SCADA,1,"2019/08/20 20:15:00",STWF1,53.426270
D,DISPATCH,UNIT_SCADA,1,"2019/08/20 20:15:00",SWAN_E,0
D,DISPATCH,UNIT_SCADA,1,"2019/08/20 20:15:00",TALWA1,421
D,DISPATCH,UNIT_SCADA,1,"2019/08/20 20:15:00",TARALGA1,82.211270
D,DISPATCH,UNIT_SCADA,1,"2019/08/20 20:15:00",TARONG#1,348.600010
D,DISPATCH,UNIT_SCADA,1,"2019/08/20 20:15:00",TARONG#2,348.899990
D,DISPATCH,UNIT_SCADA,1,"2019/08/20 20:15:00",TARONG#3,260.899990
D,DISPATCH,UNIT_SCADA,1,"2019/08/20 20:15:00",TARONG#4,350
D,DISPATCH,UNIT_SCADA,1,"2019/08/20 20:15:00",TARRALEA,84.80
D,DISPATCH,UNIT_SCADA,1,"2019/08/20 20:15:00",TBSF1,-0.20
D,DISPATCH,UNIT_SCADA,1,"2019/08/20 20:15:00",TNPS1,441.700010
D,DISPATCH,UNIT_SCADA,1,"2019/08/20 20:15:00",TORRA1,91.337320
D,DISPATCH,UNIT_SCADA,1,"2019/08/20 20:15:00",TORRA2,0
D,DISPATCH,UNIT_SCADA,1,"2019/08/20 20:15:00",TORRA3,0
D,DISPATCH,UNIT_SCADA,1,"2019/08/20 20:15:00",TORRA4,0
D,DISPATCH,UNIT_SCADA,1,"2019/08/20 20:15:00",TORRB1,76.33
D,DISPATCH,UNIT_SCADA,1,"2019/08/20 20:15:00",TORRB2,139.66
D,DISPATCH,UNIT_SCADA,1,"2019/08/20 20:15:00",TORRB3,0
D,DISPATCH,UNIT_SCADA,1,"2019/08/20 20:15:00",TORRB4,0
D,DISPATCH,UNIT_SCADA,1,"2019/08/20 20:15:00",TREVALLN,71.240010
D,DISPATCH,UNIT_SCADA,1,"2019/08/20 20:15:00",TRIBUTE,71.439990
D,DISPATCH,UNIT_SCADA,1,"2019/08/20 20:15:00",TUMUT3,538.38
D,DISPATCH,UNIT_SCADA,1,"2019/08/20 20:15:00",TUNGATIN,130.710020
D,DISPATCH,UNIT_SCADA,1,"2019/08/20 20:15:00",TVCC201,0
D,DISPATCH,UNIT_SCADA,1,"2019/08/20 20:15:00",TVPP104,0
D,DISPATCH,UNIT_SCADA,1,"2019/08/20 20:15:00",UPPTUMUT,0
D,DISPATCH,UNIT_SCADA,1,"2019/08/20 20:15:00",URANQ11,0
D,DISPATCH,UNIT_SCADA,1,"2019/08/20 20:15:00",URANQ12,0
D,DISPATCH,UNIT_SCADA,1,"2019/08/20 20:15:00",URANQ13,0
D,DISPATCH,UNIT_SCADA,1,"2019/08/20 20:15:00",URANQ14,0
D,DISPATCH,UNIT_SCADA,1,"2019/08/20 20:15:00",VP5,597.924990
D,DISPATCH,UNIT_SCADA,1,"2019/08/20 20:15:00",VP6,514.550050
D,DISPATCH,UNIT_SCADA,1,"2019/08/20 20:15:00",VPGS1,0
D,DISPATCH,UNIT_SCADA,1,"2019/08/20 20:15:00",VPGS2,0
D,DISPATCH,UNIT_SCADA,1,"2019/08/20 20:15:00",VPGS3,0
D,DISPATCH,UNIT_SCADA,1,"2019/08/20 20:15:00",VPGS4,0
D,DISPATCH,UNIT_SCADA,1,"2019/08/20 20:15:00",VPGS5,0
D,DISPATCH,UNIT_SCADA,1,"2019/08/20 20:15:00",VPGS6,0
D,DISPATCH,UNIT_SCADA,1,"2019/08/20 20:15:00",W/HOE#1,232.099990
D,DISPATCH,UNIT_SCADA,1,"2019/08/20 20:15:00",W/HOE#2,0
D,DISPATCH,UNIT_SCADA,1,"2019/08/20 20:15:00",WATERLWF,121.70
D,DISPATCH,UNIT_SCADA,1,"2019/08/20 20:15:00",WEMENSF1,0
D,DISPATCH,UNIT_SCADA,1,"2019/08/20 20:15:00",WGWF1,84
D,DISPATCH,UNIT_SCADA,1,"2019/08/20 20:15:00",WHITSF1,0
D,DISPATCH,UNIT_SCADA,1,"2019/08/20 20:15:00",WKIEWA1,0
D,DISPATCH,UNIT_SCADA,1,"2019/08/20 20:15:00",WKIEWA2,0.10
D,DISPATCH,UNIT_SCADA,1,"2019/08/20 20:15:00",WOODLWN1,45.3420
D,DISPATCH,UNIT_SCADA,1,"2019/08/20 20:15:00",WRSF1,0
D,DISPATCH,UNIT_SCADA,1,"2019/08/20 20:15:00",WRWF1,130.946240
D,DISPATCH,UNIT_SCADA,1,"2019/08/20 20:15:00",YABULU,0
D,DISPATCH,UNIT_SCADA,1,"2019/08/20 20:15:00",YABULU2,0
D,DISPATCH,UNIT_SCADA,1,"2019/08/20 20:15:00",YARWUN_1,0
D,DISPATCH,UNIT_SCADA,1,"2019/08/20 20:15:00",YENDWF1,41.97
D,DISPATCH,UNIT_SCADA,1,"2019/08/20 20:15:00",YWPS1,376.941770
D,DISPATCH,UNIT_SCADA,1,"2019/08/20 20:15:00",YWPS2,273.179750
D,DISPATCH,UNIT_SCADA,1,"2019/08/20 20:15:00",YWPS3,0
D,DISPATCH,UNIT_SCADA,1,"2019/08/20 20:15:00",YWPS4,389.310120
C,"END OF REPORT",334
