C,NEMP.WORLD,DISPATCHSCADA,AEMO,PUBLIC,2019/08/21,07:25:09,0000000311816823,DISPATCHSCADA,0000000311816817
I,DISPATCH,UNIT_SCADA,1,SETTLEMENTDATE,DUID,SCADAVALUE
D,DISPATCH,UNIT_SCADA,1,"2019/08/21 07:30:00",BARCSF1,4.60
D,DISPATCH,UNIT_SCADA,1,"2019/08/21 07:30:00",BUTLERSG,9.699999
D,DISPATCH,UNIT_SCADA,1,"2019/08/21 07:30:00",CALL_A_4,0
D,DISPATCH,UNIT_SCADA,1,"2019/08/21 07:30:00",CAPTL_WF,131.592010
D,DISPATCH,UNIT_SCADA,1,"2019/08/21 07:30:00",CATHROCK,33.029999
D,DISPATCH,UNIT_SCADA,1,"2019/08/21 07:30:00",CHALLHWF,36.50
D,DISPATCH,UNIT_SCADA,1,"2019/08/21 07:30:00",CLOVER,-0.01
D,DISPATCH,UNIT_SCADA,1,"2019/08/21 07:30:00",CLUNY,20.302586
D,DISPATCH,UNIT_SCADA,1,"2019/08/21 07:30:00",CNUNDAWF,36.642746
D,DISPATCH,UNIT_SCADA,1,"2019/08/21 07:30:00",CULLRGWF,28.290001
D,DISPATCH,UNIT_SCADA,1,"2019/08/21 07:30:00",ERGT01,0
D,DISPATCH,UNIT_SCADA,1,"2019/08/21 07:30:00",GB01,0.056793
D,DISPATCH,UNIT_SCADA,1,"2019/08/21 07:30:00",GERMCRK,39.599998
D,DISPATCH,UNIT_SCADA,1,"2019/08/21 07:30:00",GRIFSF1,2
D,DISPATCH,UNIT_SCADA,1,"2019/08/21 07:30:00",HUGSF1,2.5530
D,DISPATCH,UNIT_SCADA,1,"2019/08/21 07:30:00",LKBONNY1,63.320339
D,DISPATCH,UNIT_SCADA,1,"2019/08/21 07:30:00",LRSF1,4.3380
D,DISPATCH,UNIT_SCADA,1,"2019/08/21 07:30:00",MBAHNTH,55.856247
D,DISPATCH,UNIT_SCADA,1,"2019/08/21 07:30:00",MLSP1,1.885001
D,DISPATCH,UNIT_SCADA,1,"2019/08/21 07:30:00",MLWF1,19.74
D,DISPATCH,UNIT_SCADA,1,"2019/08/21 07:30:00",MTMILLAR,16.809923
D,DISPATCH,UNIT_SCADA,1,"2019/08/21 07:30:00",PALOONA,26.83
D,DISPATCH,UNIT_SCADA,1,"2019/08/21 07:30:00",PIONEER,44.900002
D,DISPATCH,UNIT_SCADA,1,"2019/08/21 07:30:00",PORTWF,133.199997
D,DISPATCH,UNIT_SCADA,1,"2019/08/21 07:30:00",REPULSE,28.803539
D,DISPATCH,UNIT_SCADA,1,"2019/08/21 07:30:00",ROWALLAN,10.2027
D,DISPATCH,UNIT_SCADA,1,"2019/08/21 07:30:00",ROYALLA1,5.010001
D,DISPATCH,UNIT_SCADA,1,"2019/08/21 07:30:00",RPCG,10.80
D,DISPATCH,UNIT_SCADA,1,"2019/08/21 07:30:00",RUBICON,0
D,DISPATCH,UNIT_SCADA,1,"2019/08/21 07:30:00",SATGN1,0
D,DISPATCH,UNIT_SCADA,1,"2019/08/21 07:30:00",SATGS1,0
D,DISPATCH,UNIT_SCADA,1,"2019/08/21 07:30:00",STARHLWF,6.798018
D,DISPATCH,UNIT_SCADA,1,"2019/08/21 07:30:00",WAUBRAWF,178.4720
D,DISPATCH,UNIT_SCADA,1,"2019/08/21 07:30:00",WOOLNTH1,31.530018
D,DISPATCH,UNIT_SCADA,1,"2019/08/21 07:30:00",WPWF,12
D,DISPATCH,UNIT_SCADA,1,"2019/08/21 07:30:00",YAMBUKWF,29.50
D,DISPATCH,UNIT_SCADA,1,"2019/08/21 07:30:00",YSWF1,28.60
D,DISPATCH,UNIT_SCADA,1,"2019/08/21 07:30:00",AGLHAL,0
D,DISPATCH,UNIT_SCADA,1,"2019/08/21 07:30:00",AGLSOM,0
D,DISPATCH,UNIT_SCADA,1,"2019/08/21 07:30:00",ANGAST1,0
D,DISPATCH,UNIT_SCADA,1,"2019/08/21 07:30:00",ARWF1,123
D,DISPATCH,UNIT_SCADA,1,"2019/08/21 07:30:00",BALBG1,2.67
D,DISPATCH,UNIT_SCADA,1,"2019/08/21 07:30:00",BALBL1,0
D,DISPATCH,UNIT_SCADA,1,"2019/08/21 07:30:00",BALDHWF1,95.1320
D,DISPATCH,UNIT_SCADA,1,"2019/08/21 07:30:00",BANN1,0.77
D,DISPATCH,UNIT_SCADA,1,"2019/08/21 07:30:00",BARCALDN,0
D,DISPATCH,UNIT_SCADA,1,"2019/08/21 07:30:00",BARRON-1,0
D,DISPATCH,UNIT_SCADA,1,"2019/08/21 07:30:00",BARRON-2,28.28
D,DISPATCH,UNIT_SCADA,1,"2019/08/21 07:30:00",BASTYAN,79.460010
D,DISPATCH,UNIT_SCADA,1,"2019/08/21 07:30:00",BBTHREE1,-1.87
D,DISPATCH,UNIT_SCADA,1,"2019/08/21 07:30:00",BBTHREE2,-1.92
D,DISPATCH,UNIT_SCADA,1,"2019/08/21 07:30:00",BBTHREE3,0
D,DISPATCH,UNIT_SCADA,1,"2019/08/21 07:30:00",BDL01,22.02
D,DISPATCH,UNIT_SCADA,1,"2019/08/21 07:30:00",BDL02,21.90
D,DISPATCH,UNIT_SCADA,1,"2019/08/21 07:30:00",BERYLSF1,6.399940
D,DISPATCH,UNIT_SCADA,1,"2019/08/21 07:30:00",BLOWERNG,0
D,DISPATCH,UNIT_SCADA,1,"2019/08/21 07:30:00",BLUFF1,33.30
D,DISPATCH,UNIT_SCADA,1,"2019/08/21 07:30:00",BNGSF1,0.26
D,DISPATCH,UNIT_SCADA,1,"2019/08/21 07:30:00",BNGSF2,0.04
D,DISPATCH,UNIT_SCADA,1,"2019/08/21 07:30:00",BOCORWF1,88.06
D,DISPATCH,UNIT_SCADA,1,"2019/08/21 07:30:00",BODWF1,44.459180
D,DISPATCH,UNIT_SCADA,1,"2019/08/21 07:30:00",BRAEMAR1,0
D,DISPATCH,UNIT_SCADA,1,"2019/08/21 07:30:00",BRAEMAR2,0
D,DISPATCH,UNIT_SCADA,1,"2019/08/21 07:30:00",BRAEMAR3,0
D,DISPATCH,UNIT_SCADA,1,"2019/08/21 07:30:00",BRAEMAR5,0
D,DISPATCH,UNIT_SCADA,1,"2019/08/21 07:30:00",BRAEMAR6,0
D,DISPATCH,UNIT_SCADA,1,"2019/08/21 07:30:00",BRAEMAR7,0
D,DISPATCH,UNIT_SCADA,1,"2019/08/21 07:30:00",BROKENH1,2.047360
D,DISPATCH,UNIT_SCADA,1,"2019/08/21 07:30:00",BW01,655.2749
D,DISPATCH,UNIT_SCADA,1,"2019/08/21 07:30:00",BW02,660.224980
D,DISPATCH,UNIT_SCADA,1,"2019/08/21 07:30:00",BW03,662.474980
D,DISPATCH,UNIT_SCADA,1,"2019/08/21 07:30:00",BW04,0
D,DISPATCH,UNIT_SCADA,1,"2019/08/21 07:30:00",CALL_B_1,349.700010
D,DISPATCH,UNIT_SCADA,1,"2019/08/21 07:30:00",CALL_B_2,285
D,DISPATCH,UNIT_SCADA,1,"2019/08/21 07:30:00",CETHANA,80.820750
D,DISPATCH,UNIT_SCADA,1,"2019/08/21 07:30:00",CG1,0
D,DISPATCH,UNIT_SCADA,1,"2019/08/21 07:30:00",CG2,0
D,DISPATCH,UNIT_SCADA,1,"2019/08/21 07:30:00",CG3,0
D,DISPATCH,UNIT_SCADA,1,"2019/08/21 07:30:00",CG4,0
D,DISPATCH,UNIT_SCADA,1,"2019/08/21 07:30:00",CHILDSF1,33.76
D,DISPATCH,UNIT_SCADA,1,"2019/08/21 07:30:00",CLARESF1,18.061310
D,DISPATCH,UNIT_SCADA,1,"2019/08/21 07:30:00",CLEMGPWF,0.720350
D,DISPATCH,UNIT_SCADA,1,"2019/08/21 07:30:00",CLERMSF1,15.04
D,DISPATCH,UNIT_SCADA,1,"2019/08/21 07:30:00",COLEASF1,7.099990
D,DISPATCH,UNIT_SCADA,1,"2019/08/21 07:30:00",COOPGWF1,34.694610
D,DISPATCH,UNIT_SCADA,1,"2019/08/21 07:30:00",CPP_3,405.075010
D,DISPATCH,UNIT_SCADA,1,"2019/08/21 07:30:00",CPP_4,406.450010
D,DISPATCH,UNIT_SCADA,1,"2019/08/21 07:30:00",CPSA,143.536870
D,DISPATCH,UNIT_SCADA,1,"2019/08/21 07:30:00",CROOKWF2,88.433750
D,DISPATCH,UNIT_SCADA,1,"2019/08/21 07:30:00",CROWLWF1,37.361660
D,DISPATCH,UNIT_SCADA,1,"2019/08/21 07:30:00",CSPVPS1,7.58
D,DISPATCH,UNIT_SCADA,1,"2019/08/21 07:30:00",DALNTH01,0
D,DISPATCH,UNIT_SCADA,1,"2019/08/21 07:30:00",DALNTHL1,0.074770
D,DISPATCH,UNIT_SCADA,1,"2019/08/21 07:30:00",DARTM1,134.600010
D,DISPATCH,UNIT_SCADA,1,"2019/08/21 07:30:00",DAYDSF1,55.7290
D,DISPATCH,UNIT_SCADA,1,"2019/08/21 07:30:00",DDPS1,0
D,DISPATCH,UNIT_SCADA,1,"2019/08/21 07:30:00",DDSF1,31.812610
D,DISPATCH,UNIT_SCADA,1,"2019/08/21 07:30:00",DEVILS_G,0
D,DISPATCH,UNIT_SCADA,1,"2019/08/21 07:30:00",DG_NSW1,0
D,DISPATCH,UNIT_SCADA,1,"2019/08/21 07:30:00",DG_QLD1,0
D,DISPATCH,UNIT_SCADA,1,"2019/08/21 07:30:00",DG_SA1,0
D,DISPATCH,UNIT_SCADA,1,"2019/08/21 07:30:00",DG_TAS1,0
D,DISPATCH,UNIT_SCADA,1,"2019/08/21 07:30:00",DG_VIC1,0
D,DISPATCH,UNIT_SCADA,1,"2019/08/21 07:30:00",DRYCGT1,0
D,DISPATCH,UNIT_SCADA,1,"2019/08/21 07:30:00",DRYCGT2,0
D,DISPATCH,UNIT_SCADA,1,"2019/08/21 07:30:00",DRYCGT3,0
D,DISPATCH,UNIT_SCADA,1,"2019/08/21 07:30:00",EILDON1,0
D,DISPATCH,UNIT_SCADA,1,"2019/08/21 07:30:00",EILDON2,0
D,DISPATCH,UNIT_SCADA,1,"2019/08/21 07:30:00",EMERASF1,26.17
D,DISPATCH,UNIT_SCADA,1,"2019/08/21 07:30:00",ER01,591.300050
D,DISPATCH,UNIT_SCADA,1,"2019/08/21 07:30:00",ER02,699.675050
D,DISPATCH,UNIT_SCADA,1,"2019/08/21 07:30:00",ER03,699.599980
D,DISPATCH,UNIT_SCADA,1,"2019/08/21 07:30:00",ER04,700.574950
D,DISPATCH,UNIT_SCADA,1,"2019/08/21 07:30:00",FINLYSF1,0.401620
D,DISPATCH,UNIT_SCADA,1,"2019/08/21 07:30:00",FISHER,45.95
D,DISPATCH,UNIT_SCADA,1,"2019/08/21 07:30:00",GANNBG1,1.511270
D,DISPATCH,UNIT_SCADA,1,"2019/08/21 07:30:00",GANNBL1,0
D,DISPATCH,UNIT_SCADA,1,"2019/08/21 07:30:00",GANNSF1,1
D,DISPATCH,UNIT_SCADA,1,"2019/08/21 07:30:00",GORDON,43.886640
D,DISPATCH,UNIT_SCADA,1,"2019/08/21 07:30:00",GSTONE1,223.1250
D,DISPATCH,UNIT_SCADA,1,"2019/08/21 07:30:00",GSTONE2,224.524990
D,DISPATCH,UNIT_SCADA,1,"2019/08/21 07:30:00",GSTONE3,202.1250
D,DISPATCH,UNIT_SCADA,1,"2019/08/21 07:30:00",GSTONE4,223.1250
D,DISPATCH,UNIT_SCADA,1,"2019/08/21 07:30:00",GSTONE5,222.0750
D,DISPATCH,UNIT_SCADA,1,"2019/08/21 07:30:00",GSTONE6,0
D,DISPATCH,UNIT_SCADA,1,"2019/08/21 07:30:00",GULLRSF1,1.402860
D,DISPATCH,UNIT_SCADA,1,"2019/08/21 07:30:00",GULLRWF1,160.978120
D,DISPATCH,UNIT_SCADA,1,"2019/08/21 07:30:00",GUNNING1,46.256410
D,DISPATCH,UNIT_SCADA,1,"2019/08/21 07:30:00",GUTHEGA,31.10
D,DISPATCH,UNIT_SCADA,1,"2019/08/21 07:30:00",HALLWF1,69.22
D,DISPATCH,UNIT_SCADA,1,"2019/08/21 07:30:00",HALLWF2,56.04
D,DISPATCH,UNIT_SCADA,1,"2019/08/21 07:30:00",HAMISF1,21.50
D,DISPATCH,UNIT_SCADA,1,"2019/08/21 07:30:00",HAUGHT11,50.143230
D,DISPATCH,UNIT_SCADA,1,"2019/08/21 07:30:00",HAYMSF1,21.3940
D,DISPATCH,UNIT_SCADA,1,"2019/08/21 07:30:00",HDWF1,63.80
D,DISPATCH,UNIT_SCADA,1,"2019/08/21 07:30:00",HDWF2,43.70
D,DISPATCH,UNIT_SCADA,1,"2019/08/21 07:30:00",HDWF3,56.10
D,DISPATCH,UNIT_SCADA,1,"2019/08/21 07:30:00",HPRG1,2
D,DISPATCH,UNIT_SCADA,1,"2019/08/21 07:30:00",HPRL1,0
D,DISPATCH,UNIT_SCADA,1,"2019/08/21 07:30:00",HUMENSW,0
D,DISPATCH,UNIT_SCADA,1,"2019/08/21 07:30:00",HUMEV,9.40
D,DISPATCH,UNIT_SCADA,1,"2019/08/21 07:30:00",HVGTS,0
D,DISPATCH,UNIT_SCADA,1,"2019/08/21 07:30:00",JBUTTERS,58.27
D,DISPATCH,UNIT_SCADA,1,"2019/08/21 07:30:00",JLA01,0.50
D,DISPATCH,UNIT_SCADA,1,"2019/08/21 07:30:00",JLA02,0
D,DISPATCH,UNIT_SCADA,1,"2019/08/21 07:30:00",JLA03,0.10
D,DISPATCH,UNIT_SCADA,1,"2019/08/21 07:30:00",JLA04,0.10
D,DISPATCH,UNIT_SCADA,1,"2019/08/21 07:30:00",JLB01,0
D,DISPATCH,UNIT_SCADA,1,"2019/08/21 07:30:00",JLB02,85
D,DISPATCH,UNIT_SCADA,1,"2019/08/21 07:30:00",JLB03,85
D,DISPATCH,UNIT_SCADA,1,"2019/08/21 07:30:00",KAREEYA1,21.47
D,DISPATCH,UNIT_SCADA,1,"2019/08/21 07:30:00",KAREEYA2,21.8675
D,DISPATCH,UNIT_SCADA,1,"2019/08/21 07:30:00",KAREEYA3,0
D,DISPATCH,UNIT_SCADA,1,"2019/08/21 07:30:00",KAREEYA4,21.7150
D,DISPATCH,UNIT_SCADA,1,"2019/08/21 07:30:00",KARSF1,1.90
D,DISPATCH,UNIT_SCADA,1,"2019/08/21 07:30:00",KIATAWF1,30.90
D,DISPATCH,UNIT_SCADA,1,"2019/08/21 07:30:00",KPP_1,0
D,DISPATCH,UNIT_SCADA,1,"2019/08/21 07:30:00",KSP1,16.26
D,DISPATCH,UNIT_SCADA,1,"2019/08/21 07:30:00",LADBROK1,42.39
D,DISPATCH,UNIT_SCADA,1,"2019/08/21 07:30:00",LADBROK2,43.09
D,DISPATCH,UNIT_SCADA,1,"2019/08/21 07:30:00",LD01,412.612520
D,DISPATCH,UNIT_SCADA,1,"2019/08/21 07:30:00",LD02,417.3750
D,DISPATCH,UNIT_SCADA,1,"2019/08/21 07:30:00",LD03,402.824980
D,DISPATCH,UNIT_SCADA,1,"2019/08/21 07:30:00",LD04,374.981230
D,DISPATCH,UNIT_SCADA,1,"2019/08/21 07:30:00",LEM_WIL,85.8659
D,DISPATCH,UNIT_SCADA,1,"2019/08/21 07:30:00",LGAPWF1,13.46
D,DISPATCH,UNIT_SCADA,1,"2019/08/21 07:30:00",LILYSF1,42.991610
D,DISPATCH,UNIT_SCADA,1,"2019/08/21 07:30:00",LI_WY_CA,147.9595
D,DISPATCH,UNIT_SCADA,1,"2019/08/21 07:30:00",LKBONNY2,127.103150
D,DISPATCH,UNIT_SCADA,1,"2019/08/21 07:30:00",LKBONNY3,33.939790
D,DISPATCH,UNIT_SCADA,1,"2019/08/21 07:30:00",LK_ECHO,0
D,DISPATCH,UNIT_SCADA,1,"2019/08/21 07:30:00",LNGS1,0
D,DISPATCH,UNIT_SCADA,1,"2019/08/21 07:30:00",LNGS2,0
D,DISPATCH,UNIT_SCADA,1,"2019/08/21 07:30:00",LONSDALE,0
D,DISPATCH,UNIT_SCADA,1,"2019/08/21 07:30:00",LOYYB1,536.088620
D,DISPATCH,UNIT_SCADA,1,"2019/08/21 07:30:00",LOYYB2,581.202510
D,DISPATCH,UNIT_SCADA,1,"2019/08/21 07:30:00",LYA1,500
D,DISPATCH,UNIT_SCADA,1,"2019/08/21 07:30:00",LYA2,0
D,DISPATCH,UNIT_SCADA,1,"2019/08/21 07:30:00",LYA3,559
D,DISPATCH,UNIT_SCADA,1,"2019/08/21 07:30:00",LYA4,530
D,DISPATCH,UNIT_SCADA,1,"2019/08/21 07:30:00",MACARTH1,340.892120
D,DISPATCH,UNIT_SCADA,1,"2019/08/21 07:30:00",MACKAYGT,0
D,DISPATCH,UNIT_SCADA,1,"2019/08/21 07:30:00",MACKNTSH,25.42
D,DISPATCH,UNIT_SCADA,1,"2019/08/21 07:30:00",MANSLR1,0.7160
D,DISPATCH,UNIT_SCADA,1,"2019/08/21 07:30:00",MCKAY1,0.02
D,DISPATCH,UNIT_SCADA,1,"2019/08/21 07:30:00",MEADOWBK,34.067360
D,DISPATCH,UNIT_SCADA,1,"2019/08/21 07:30:00",MERCER01,129.356990
D,DISPATCH,UNIT_SCADA,1,"2019/08/21 07:30:00",MEWF1,97.726460
D,DISPATCH,UNIT_SCADA,1,"2019/08/21 07:30:00",MINTARO,0
D,DISPATCH,UNIT_SCADA,1,"2019/08/21 07:30:00",MOREESF1,25.4320
D,DISPATCH,UNIT_SCADA,1,"2019/08/21 07:30:00",MORTLK11,0
D,DISPATCH,UNIT_SCADA,1,"2019/08/21 07:30:00",MORTLK12,0
D,DISPATCH,UNIT_SCADA,1,"2019/08/21 07:30:00",MP1,277.550050
D,DISPATCH,UNIT_SCADA,1,"2019/08/21 07:30:00",MP2,0
D,DISPATCH,UNIT_SCADA,1,"2019/08/21 07:30:00",MPP_1,318.75
D,DISPATCH,UNIT_SCADA,1,"2019/08/21 07:30:00",MPP_2,435.25
D,DISPATCH,UNIT_SCADA,1,"2019/08/21 07:30:00",MSTUART1,0
D,DISPATCH,UNIT_SCADA,1,"2019/08/21 07:30:00",MSTUART2,0
D,DISPATCH,UNIT_SCADA,1,"2019/08/21 07:30:00",MSTUART3,0
D,DISPATCH,UNIT_SCADA,1,"2019/08/21 07:30:00",MTGELWF1,64.386430
D,DISPATCH,UNIT_SCADA,1,"2019/08/21 07:30:00",MURRAY,0
D,DISPATCH,UNIT_SCADA,1,"2019/08/21 07:30:00",MUSSELR1,163.100010
D,DISPATCH,UNIT_SCADA,1,"2019/08/21 07:30:00",MUWAWF1,56.36
D,DISPATCH,UNIT_SCADA,1,"2019/08/21 07:30:00",NBHWF1,63.50
D,DISPATCH,UNIT_SCADA,1,"2019/08/21 07:30:00",NPS,0
D,DISPATCH,UNIT_SCADA,1,"2019/08/21 07:30:00",NUMURSF1,9.15
D,DISPATCH,UNIT_SCADA,1,"2019/08/21 07:30:00",NYNGAN1,15.75
D,DISPATCH,UNIT_SCADA,1,"2019/08/21 07:30:00",OAKEY1,0
D,DISPATCH,UNIT_SCADA,1,"2019/08/21 07:30:00",OAKEY1SF,0.7020
D,DISPATCH,UNIT_SCADA,1,"2019/08/21 07:30:00",OAKEY2,0
D,DISPATCH,UNIT_SCADA,1,"2019/08/21 07:30:00",OAKLAND1,56.90
D,DISPATCH,UNIT_SCADA,1,"2019/08/21 07:30:00",OSB-AG,0
D,DISPATCH,UNIT_SCADA,1,"2019/08/21 07:30:00",PARSF1,1.20
D,DISPATCH,UNIT_SCADA,1,"2019/08/21 07:30:00",POAT110,35.540640
D,DISPATCH,UNIT_SCADA,1,"2019/08/21 07:30:00",POAT220,62.038960
D,DISPATCH,UNIT_SCADA,1,"2019/08/21 07:30:00",POR01,0
D,DISPATCH,UNIT_SCADA,1,"2019/08/21 07:30:00",POR03,0
D,DISPATCH,UNIT_SCADA,1,"2019/08/21 07:30:00",PPCCGT,174.223310
D,DISPATCH,UNIT_SCADA,1,"2019/08/21 07:30:00",PTSTAN1,0
D,DISPATCH,UNIT_SCADA,1,"2019/08/21 07:30:00",PUMP1,0
D,DISPATCH,UNIT_SCADA,1,"2019/08/21 07:30:00",PUMP2,0
D,DISPATCH,UNIT_SCADA,1,"2019/08/21 07:30:00",QPS1,29
D,DISPATCH,UNIT_SCADA,1,"2019/08/21 07:30:00",QPS2,0
D,DISPATCH,UNIT_SCADA,1,"2019/08/21 07:30:00",QPS3,0
D,DISPATCH,UNIT_SCADA,1,"2019/08/21 07:30:00",QPS4,0
D,DISPATCH,UNIT_SCADA,1,"2019/08/21 07:30:00",QPS5,47.17
D,DISPATCH,UNIT_SCADA,1,"2019/08/21 07:30:00",REECE1,116.290010
D,DISPATCH,UNIT_SCADA,1,"2019/08/21 07:30:00",REECE2,112.640010
D,DISPATCH,UNIT_SCADA,1,"2019/08/21 07:30:00",ROMA_7,0
D,DISPATCH,UNIT_SCADA,1,"2019/08/21 07:30:00",ROMA_8,0
D,DISPATCH,UNIT_SCADA,1,"2019/08/21 07:30:00",RRSF1,32.208790
D,DISPATCH,UNIT_SCADA,1,"2019/08/21 07:30:00",RT_NSW1,0
D,DISPATCH,UNIT_SCADA,1,"2019/08/21 07:30:00",RT_NSW2,0
D,DISPATCH,UNIT_SCADA,1,"2019/08/21 07:30:00",RT_NSW3,0
D,DISPATCH,UNIT_SCADA,1,"2019/08/21 07:30:00",RT_NSW4,0
D,DISPATCH,UNIT_SCADA,1,"2019/08/21 07:30:00",RT_NSW5,0
D,DISPATCH,UNIT_SCADA,1,"2019/08/21 07:30:00",RT_NSW6,0
D,DISPATCH,UNIT_SCADA,1,"2019/08/21 07:30:00",RT_QLD1,0
D,DISPATCH,UNIT_SCADA,1,"2019/08/21 07:30:00",RT_SA1,0
D,DISPATCH,UNIT_SCADA,1,"2019/08/21 07:30:00",RT_SA2,0
D,DISPATCH,UNIT_SCADA,1,"2019/08/21 07:30:00",RT_SA3,0
D,DISPATCH,UNIT_SCADA,1,"2019/08/21 07:30:00",RT_SA4,0
D,DISPATCH,UNIT_SCADA,1,"2019/08/21 07:30:00",RT_SA5,0
D,DISPATCH,UNIT_SCADA,1,"2019/08/21 07:30:00",RT_SA6,0
D,DISPATCH,UNIT_SCADA,1,"2019/08/21 07:30:00",RT_TAS1,0
D,DISPATCH,UNIT_SCADA,1,"2019/08/21 07:30:00",RT_VIC1,0
D,DISPATCH,UNIT_SCADA,1,"2019/08/21 07:30:00",RT_VIC10,0
D,DISPATCH,UNIT_SCADA,1,"2019/08/21 07:30:00",RT_VIC11,0
D,DISPATCH,UNIT_SCADA,1,"2019/08/21 07:30:00",RT_VIC12,0
D,DISPATCH,UNIT_SCADA,1,"2019/08/21 07:30:00",RT_VIC2,0
D,DISPATCH,UNIT_SCADA,1,"2019/08/21 07:30:00",RT_VIC3,0
D,DISPATCH,UNIT_SCADA,1,"2019/08/21 07:30:00",RT_VIC4,0
D,DISPATCH,UNIT_SCADA,1,"2019/08/21 07:30:00",RT_VIC5,0
D,DISPATCH,UNIT_SCADA,1,"2019/08/21 07:30:00",RT_VIC6,0
D,DISPATCH,UNIT_SCADA,1,"2019/08/21 07:30:00",RT_VIC7,0
D,DISPATCH,UNIT_SCADA,1,"2019/08/21 07:30:00",RT_VIC8,0
D,DISPATCH,UNIT_SCADA,1,"2019/08/21 07:30:00",RT_VIC9,0
D,DISPATCH,UNIT_SCADA,1,"2019/08/21 07:30:00",RUGBYR1,31.1081
D,DISPATCH,UNIT_SCADA,1,"2019/08/21 07:30:00",SALTCRK1,52.64
D,DISPATCH,UNIT_SCADA,1,"2019/08/21 07:30:00",SAPHWF1,162.215640
D,DISPATCH,UNIT_SCADA,1,"2019/08/21 07:30:00",SHGEN,205.669950
D,DISPATCH,UNIT_SCADA,1,"2019/08/21 07:30:00",SHPUMP,0
D,DISPATCH,UNIT_SCADA,1,"2019/08/21 07:30:00",SITHE01,0.1840
D,DISPATCH,UNIT_SCADA,1,"2019/08/21 07:30:00",SMCSF1,16.579840
D,DISPATCH,UNIT_SCADA,1,"2019/08/21 07:30:00",SNOWNTH1,34.80
D,DISPATCH,UNIT_SCADA,1,"2019/08/21 07:30:00",SNOWSTH1,68.10
D,DISPATCH,UNIT_SCADA,1,"2019/08/21 07:30:00",SNOWTWN1,31.583560
D,DISPATCH,UNIT_SCADA,1,"2019/08/21 07:30:00",SNOWYP,0
D,DISPATCH,UNIT_SCADA,1,"2019/08/21 07:30:00",SNUG1,0.019440
D,DISPATCH,UNIT_SCADA,1,"2019/08/21 07:30:00",SRSF1,34.52
D,DISPATCH,UNIT_SCADA,1,"2019/08/21 07:30:00",STAN-1,0
D,DISPATCH,UNIT_SCADA,1,"2019/08/21 07:30:00",STAN-2,344.965450
D,DISPATCH,UNIT_SCADA,1,"2019/08/21 07:30:00",STAN-3,344.260470
D,DISPATCH,UNIT_SCADA,1,"2019/08/21 07:30:00",STAN-4,350.554020
D,DISPATCH,UNIT_SCADA,1,"2019/08/21 07:30:00",STWF1,34.605010
D,DISPATCH,UNIT_SCADA,1,"2019/08/21 07:30:00",SWAN_E,0
D,DISPATCH,UNIT_SCADA,1,"2019/08/21 07:30:00",TALWA1,424
D,DISPATCH,UNIT_SCADA,1,"2019/08/21 07:30:00",TARALGA1,70.001240
D,DISPATCH,UNIT_SCADA,1,"2019/08/21 07:30:00",TARONG#1,347.300020
D,DISPATCH,UNIT_SCADA,1,"2019/08/21 07:30:00",TARONG#2,261.899990
D,DISPATCH,UNIT_SCADA,1,"2019/08/21 07:30:00",TARONG#3,259.700010
D,DISPATCH,UNIT_SCADA,1,"2019/08/21 07:30:00",TARONG#4,350.300020
D,DISPATCH,UNIT_SCADA,1,"2019/08/21 07:30:00",TARRALEA,75.20
D,DISPATCH,UNIT_SCADA,1,"2019/08/21 07:30:00",TBSF1,-0.20
D,DISPATCH,UNIT_SCADA,1,"2019/08/21 07:30:00",TNPS1,442.000030
D,DISPATCH,UNIT_SCADA,1,"2019/08/21 07:30:00",TORRA1,108.428050
D,DISPATCH,UNIT_SCADA,1,"2019/08/21 07:30:00",TORRA2,0
D,DISPATCH,UNIT_SCADA,1,"2019/08/21 07:30:00",TORRA3,0
D,DISPATCH,UNIT_SCADA,1,"2019/08/21 07:30:00",TORRA4,0
D,DISPATCH,UNIT_SCADA,1,"2019/08/21 07:30:00",TORRB1,106.95
D,DISPATCH,UNIT_SCADA,1,"2019/08/21 07:30:00",TORRB2,171.39
D,DISPATCH,UNIT_SCADA,1,"2019/08/21 07:30:00",TORRB3,0
D,DISPATCH,UNIT_SCADA,1,"2019/08/21 07:30:00",TORRB4,0
D,DISPATCH,UNIT_SCADA,1,"2019/08/21 07:30:00",TREVALLN,69.690020
D,DISPATCH,UNIT_SCADA,1,"2019/08/21 07:30:00",TRIBUTE,22.93
D,DISPATCH,UNIT_SCADA,1,"2019/08/21 07:30:00",TUMUT3,389.989990
D,DISPATCH,UNIT_SCADA,1,"2019/08/21 07:30:00",TUNGATIN,119.130040
D,DISPATCH,UNIT_SCADA,1,"2019/08/21 07:30:00",TVCC201,0
D,DISPATCH,UNIT_SCADA,1,"2019/08/21 07:30:00",TVPP104,57.767950
D,DISPATCH,UNIT_SCADA,1,"2019/08/21 07:30:00",UPPTUMUT,0
D,DISPATCH,UNIT_SCADA,1,"2019/08/21 07:30:00",URANQ11,0
D,DISPATCH,UNIT_SCADA,1,"2019/08/21 07:30:00",URANQ12,0
D,DISPATCH,UNIT_SCADA,1,"2019/08/21 07:30:00",URANQ13,0
D,DISPATCH,UNIT_SCADA,1,"2019/08/21 07:30:00",URANQ14,0
D,DISPATCH,UNIT_SCADA,1,"2019/08/21 07:30:00",VP5,605.175050
D,DISPATCH,UNIT_SCADA,1,"2019/08/21 07:30:00",VP6,598.674990
D,DISPATCH,UNIT_SCADA,1,"2019/08/21 07:30:00",VPGS1,0
D,DISPATCH,UNIT_SCADA,1,"2019/08/21 07:30:00",VPGS2,0
D,DISPATCH,UNIT_SCADA,1,"2019/08/21 07:30:00",VPGS3,0
D,DISPATCH,UNIT_SCADA,1,"2019/08/21 07:30:00",VPGS4,0
D,DISPATCH,UNIT_SCADA,1,"2019/08/21 07:30:00",VPGS5,0
D,DISPATCH,UNIT_SCADA,1,"2019/08/21 07:30:00",VPGS6,0
D,DISPATCH,UNIT_SCADA,1,"2019/08/21 07:30:00",W/HOE#1,161.14
D,DISPATCH,UNIT_SCADA,1,"2019/08/21 07:30:00",W/HOE#2,0
D,DISPATCH,UNIT_SCADA,1,"2019/08/21 07:30:00",WATERLWF,85.50
D,DISPATCH,UNIT_SCADA,1,"2019/08/21 07:30:00",WEMENSF1,0.10
D,DISPATCH,UNIT_SCADA,1,"2019/08/21 07:30:00",WGWF1,70.80
D,DISPATCH,UNIT_SCADA,1,"2019/08/21 07:30:00",WHITSF1,21.50
D,DISPATCH,UNIT_SCADA,1,"2019/08/21 07:30:00",WKIEWA1,0
D,DISPATCH,UNIT_SCADA,1,"2019/08/21 07:30:00",WKIEWA2,11.20
D,DISPATCH,UNIT_SCADA,1,"2019/08/21 07:30:00",WOODLWN1,45.1980
D,DISPATCH,UNIT_SCADA,1,"2019/08/21 07:30:00",WRSF1,6.63
D,DISPATCH,UNIT_SCADA,1,"2019/08/21 07:30:00",WRWF1,143.384990
D,DISPATCH,UNIT_SCADA,1,"2019/08/21 07:30:00",YABULU,0
D,DISPATCH,UNIT_SCADA,1,"2019/08/21 07:30:00",YABULU2,0
D,DISPATCH,UNIT_SCADA,1,"2019/08/21 07:30:00",YARWUN_1,0
D,DISPATCH,UNIT_SCADA,1,"2019/08/21 07:30:00",YENDWF1,41.99
D,DISPATCH,UNIT_SCADA,1,"2019/08/21 07:30:00",YWPS1,375.187350
D,DISPATCH,UNIT_SCADA,1,"2019/08/21 07:30:00",YWPS2,278.192410
D,DISPATCH,UNIT_SCADA,1,"2019/08/21 07:30:00",YWPS3,0
D,DISPATCH,UNIT_SCADA,1,"2019/08/21 07:30:00",YWPS4,398.060760
C,"END OF REPORT",334
