C,NEMP.WORLD,DISPATCHSCADA,AEMO,PUBLIC,2019/08/21,05:20:09,0000000311813485,DISPATCHSCADA,0000000311813479
I,DISPATCH,UNIT_SCADA,1,SETTLEMENTDATE,DUID,SCADAVALUE
D,DISPATCH,UNIT_SCADA,1,"2019/08/21 05:25:00",BARCSF1,0.50
D,DISPATCH,UNIT_SCADA,1,"2019/08/21 05:25:00",BUTLERSG,9.699999
D,DISPATCH,UNIT_SCADA,1,"2019/08/21 05:25:00",CALL_A_4,0
D,DISPATCH,UNIT_SCADA,1,"2019/08/21 05:25:00",CAPTL_WF,124.3880
D,DISPATCH,UNIT_SCADA,1,"2019/08/21 05:25:00",CATHROCK,41.259998
D,DISPATCH,UNIT_SCADA,1,"2019/08/21 05:25:00",CHALLHWF,40.50
D,DISPATCH,UNIT_SCADA,1,"2019/08/21 05:25:00",CLOVER,-0.01
D,DISPATCH,UNIT_SCADA,1,"2019/08/21 05:25:00",CLUNY,20.344702
D,DISPATCH,UNIT_SCADA,1,"2019/08/21 05:25:00",CNUNDAWF,39.045547
D,DISPATCH,UNIT_SCADA,1,"2019/08/21 05:25:00",CULLRGWF,30.459999
D,DISPATCH,UNIT_SCADA,1,"2019/08/21 05:25:00",ERGT01,0
D,DISPATCH,UNIT_SCADA,1,"2019/08/21 05:25:00",GB01,0.060360
D,DISPATCH,UNIT_SCADA,1,"2019/08/21 05:25:00",GERMCRK,39.599998
D,DISPATCH,UNIT_SCADA,1,"2019/08/21 05:25:00",GRIFSF1,0
D,DISPATCH,UNIT_SCADA,1,"2019/08/21 05:25:00",HUGSF1,-0.2040
D,DISPATCH,UNIT_SCADA,1,"2019/08/21 05:25:00",LKBONNY1,73.322990
D,DISPATCH,UNIT_SCADA,1,"2019/08/21 05:25:00",LRSF1,0.0290
D,DISPATCH,UNIT_SCADA,1,"2019/08/21 05:25:00",MBAHNTH,55.856247
D,DISPATCH,UNIT_SCADA,1,"2019/08/21 05:25:00",MLSP1,0.283001
D,DISPATCH,UNIT_SCADA,1,"2019/08/21 05:25:00",MLWF1,16.0350
D,DISPATCH,UNIT_SCADA,1,"2019/08/21 05:25:00",MTMILLAR,26.111563
D,DISPATCH,UNIT_SCADA,1,"2019/08/21 05:25:00",PALOONA,26.959999
D,DISPATCH,UNIT_SCADA,1,"2019/08/21 05:25:00",PIONEER,34.700001
D,DISPATCH,UNIT_SCADA,1,"2019/08/21 05:25:00",PORTWF,137
D,DISPATCH,UNIT_SCADA,1,"2019/08/21 05:25:00",REPULSE,29.222248
D,DISPATCH,UNIT_SCADA,1,"2019/08/21 05:25:00",ROWALLAN,10.1175
D,DISPATCH,UNIT_SCADA,1,"2019/08/21 05:25:00",ROYALLA1,0
D,DISPATCH,UNIT_SCADA,1,"2019/08/21 05:25:00",RPCG,12.30
D,DISPATCH,UNIT_SCADA,1,"2019/08/21 05:25:00",RUBICON,0
D,DISPATCH,UNIT_SCADA,1,"2019/08/21 05:25:00",SATGN1,0
D,DISPATCH,UNIT_SCADA,1,"2019/08/21 05:25:00",SATGS1,0
D,DISPATCH,UNIT_SCADA,1,"2019/08/21 05:25:00",STARHLWF,5.798309
D,DISPATCH,UNIT_SCADA,1,"2019/08/21 05:25:00",WAUBRAWF,176.335007
D,DISPATCH,UNIT_SCADA,1,"2019/08/21 05:25:00",WOOLNTH1,53.180019
D,DISPATCH,UNIT_SCADA,1,"2019/08/21 05:25:00",WPWF,37
D,DISPATCH,UNIT_SCADA,1,"2019/08/21 05:25:00",YAMBUKWF,29.299999
D,DISPATCH,UNIT_SCADA,1,"2019/08/21 05:25:00",YSWF1,28.799999
D,DISPATCH,UNIT_SCADA,1,"2019/08/21 05:25:00",AGLHAL,0
D,DISPATCH,UNIT_SCADA,1,"2019/08/21 05:25:00",AGLSOM,0
D,DISPATCH,UNIT_SCADA,1,"2019/08/21 05:25:00",ANGAST1,0
D,DISPATCH,UNIT_SCADA,1,"2019/08/21 05:25:00",ARWF1,111.600010
D,DISPATCH,UNIT_SCADA,1,"2019/08/21 05:25:00",BALBG1,0
D,DISPATCH,UNIT_SCADA,1,"2019/08/21 05:25:00",BALBL1,3.01
D,DISPATCH,UNIT_SCADA,1,"2019/08/21 05:25:00",BALDHWF1,42.3930
D,DISPATCH,UNIT_SCADA,1,"2019/08/21 05:25:00",BANN1,0
D,DISPATCH,UNIT_SCADA,1,"2019/08/21 05:25:00",BARCALDN,0
D,DISPATCH,UNIT_SCADA,1,"2019/08/21 05:25:00",BARRON-1,0
D,DISPATCH,UNIT_SCADA,1,"2019/08/21 05:25:00",BARRON-2,0
D,DISPATCH,UNIT_SCADA,1,"2019/08/21 05:25:00",BASTYAN,79.250010
D,DISPATCH,UNIT_SCADA,1,"2019/08/21 05:25:00",BBTHREE1,-2.26
D,DISPATCH,UNIT_SCADA,1,"2019/08/21 05:25:00",BBTHREE2,-2.23
D,DISPATCH,UNIT_SCADA,1,"2019/08/21 05:25:00",BBTHREE3,-1.35
D,DISPATCH,UNIT_SCADA,1,"2019/08/21 05:25:00",BDL01,0
D,DISPATCH,UNIT_SCADA,1,"2019/08/21 05:25:00",BDL02,0
D,DISPATCH,UNIT_SCADA,1,"2019/08/21 05:25:00",BERYLSF1,0
D,DISPATCH,UNIT_SCADA,1,"2019/08/21 05:25:00",BLOWERNG,0
D,DISPATCH,UNIT_SCADA,1,"2019/08/21 05:25:00",BLUFF1,51.80
D,DISPATCH,UNIT_SCADA,1,"2019/08/21 05:25:00",BNGSF1,0
D,DISPATCH,UNIT_SCADA,1,"2019/08/21 05:25:00",BNGSF2,0
D,DISPATCH,UNIT_SCADA,1,"2019/08/21 05:25:00",BOCORWF1,106.97
D,DISPATCH,UNIT_SCADA,1,"2019/08/21 05:25:00",BODWF1,65.679210
D,DISPATCH,UNIT_SCADA,1,"2019/08/21 05:25:00",BRAEMAR1,0
D,DISPATCH,UNIT_SCADA,1,"2019/08/21 05:25:00",BRAEMAR2,0
D,DISPATCH,UNIT_SCADA,1,"2019/08/21 05:25:00",BRAEMAR3,0
D,DISPATCH,UNIT_SCADA,1,"2019/08/21 05:25:00",BRAEMAR5,0
D,DISPATCH,UNIT_SCADA,1,"2019/08/21 05:25:00",BRAEMAR6,0
D,DISPATCH,UNIT_SCADA,1,"2019/08/21 05:25:00",BRAEMAR7,0
D,DISPATCH,UNIT_SCADA,1,"2019/08/21 05:25:00",BROKENH1,0
D,DISPATCH,UNIT_SCADA,1,"2019/08/21 05:25:00",BW01,506.724980
D,DISPATCH,UNIT_SCADA,1,"2019/08/21 05:25:00",BW02,550.400020
D,DISPATCH,UNIT_SCADA,1,"2019/08/21 05:25:00",BW03,587.025020
D,DISPATCH,UNIT_SCADA,1,"2019/08/21 05:25:00",BW04,0
D,DISPATCH,UNIT_SCADA,1,"2019/08/21 05:25:00",CALL_B_1,349.800020
D,DISPATCH,UNIT_SCADA,1,"2019/08/21 05:25:00",CALL_B_2,285
D,DISPATCH,UNIT_SCADA,1,"2019/08/21 05:25:00",CETHANA,95.7895
D,DISPATCH,UNIT_SCADA,1,"2019/08/21 05:25:00",CG1,0
D,DISPATCH,UNIT_SCADA,1,"2019/08/21 05:25:00",CG2,0
D,DISPATCH,UNIT_SCADA,1,"2019/08/21 05:25:00",CG3,0
D,DISPATCH,UNIT_SCADA,1,"2019/08/21 05:25:00",CG4,0
D,DISPATCH,UNIT_SCADA,1,"2019/08/21 05:25:00",CHILDSF1,0
D,DISPATCH,UNIT_SCADA,1,"2019/08/21 05:25:00",CLARESF1,0
D,DISPATCH,UNIT_SCADA,1,"2019/08/21 05:25:00",CLEMGPWF,8.6442
D,DISPATCH,UNIT_SCADA,1,"2019/08/21 05:25:00",CLERMSF1,0
D,DISPATCH,UNIT_SCADA,1,"2019/08/21 05:25:00",COLEASF1,0
D,DISPATCH,UNIT_SCADA,1,"2019/08/21 05:25:00",COOPGWF1,40.025390
D,DISPATCH,UNIT_SCADA,1,"2019/08/21 05:25:00",CPP_3,407.550020
D,DISPATCH,UNIT_SCADA,1,"2019/08/21 05:25:00",CPP_4,406.450010
D,DISPATCH,UNIT_SCADA,1,"2019/08/21 05:25:00",CPSA,141.515630
D,DISPATCH,UNIT_SCADA,1,"2019/08/21 05:25:00",CROOKWF2,89.673750
D,DISPATCH,UNIT_SCADA,1,"2019/08/21 05:25:00",CROWLWF1,31.737860
D,DISPATCH,UNIT_SCADA,1,"2019/08/21 05:25:00",CSPVPS1,0
D,DISPATCH,UNIT_SCADA,1,"2019/08/21 05:25:00",DALNTH01,0
D,DISPATCH,UNIT_SCADA,1,"2019/08/21 05:25:00",DALNTHL1,0.083920
D,DISPATCH,UNIT_SCADA,1,"2019/08/21 05:25:00",DARTM1,0
D,DISPATCH,UNIT_SCADA,1,"2019/08/21 05:25:00",DAYDSF1,0
D,DISPATCH,UNIT_SCADA,1,"2019/08/21 05:25:00",DDPS1,0
D,DISPATCH,UNIT_SCADA,1,"2019/08/21 05:25:00",DDSF1,0
D,DISPATCH,UNIT_SCADA,1,"2019/08/21 05:25:00",DEVILS_G,62.304150
D,DISPATCH,UNIT_SCADA,1,"2019/08/21 05:25:00",DG_NSW1,0
D,DISPATCH,UNIT_SCADA,1,"2019/08/21 05:25:00",DG_QLD1,0
D,DISPATCH,UNIT_SCADA,1,"2019/08/21 05:25:00",DG_SA1,0
D,DISPATCH,UNIT_SCADA,1,"2019/08/21 05:25:00",DG_TAS1,0
D,DISPATCH,UNIT_SCADA,1,"2019/08/21 05:25:00",DG_VIC1,0
D,DISPATCH,UNIT_SCADA,1,"2019/08/21 05:25:00",DRYCGT1,0
D,DISPATCH,UNIT_SCADA,1,"2019/08/21 05:25:00",DRYCGT2,0
D,DISPATCH,UNIT_SCADA,1,"2019/08/21 05:25:00",DRYCGT3,0
D,DISPATCH,UNIT_SCADA,1,"2019/08/21 05:25:00",EILDON1,0
D,DISPATCH,UNIT_SCADA,1,"2019/08/21 05:25:00",EILDON2,0
D,DISPATCH,UNIT_SCADA,1,"2019/08/21 05:25:00",EMERASF1,0
D,DISPATCH,UNIT_SCADA,1,"2019/08/21 05:25:00",ER01,437.8750
D,DISPATCH,UNIT_SCADA,1,"2019/08/21 05:25:00",ER02,437.474980
D,DISPATCH,UNIT_SCADA,1,"2019/08/21 05:25:00",ER03,557.400020
D,DISPATCH,UNIT_SCADA,1,"2019/08/21 05:25:00",ER04,436.974980
D,DISPATCH,UNIT_SCADA,1,"2019/08/21 05:25:00",FINLYSF1,0
D,DISPATCH,UNIT_SCADA,1,"2019/08/21 05:25:00",FISHER,45.45
D,DISPATCH,UNIT_SCADA,1,"2019/08/21 05:25:00",GANNBG1,0
D,DISPATCH,UNIT_SCADA,1,"2019/08/21 05:25:00",GANNBL1,10.008020
D,DISPATCH,UNIT_SCADA,1,"2019/08/21 05:25:00",GANNSF1,0
D,DISPATCH,UNIT_SCADA,1,"2019/08/21 05:25:00",GORDON,0
D,DISPATCH,UNIT_SCADA,1,"2019/08/21 05:25:00",GSTONE1,136.149990
D,DISPATCH,UNIT_SCADA,1,"2019/08/21 05:25:00",GSTONE2,155.224990
D,DISPATCH,UNIT_SCADA,1,"2019/08/21 05:25:00",GSTONE3,137.55
D,DISPATCH,UNIT_SCADA,1,"2019/08/21 05:25:00",GSTONE4,137.724990
D,DISPATCH,UNIT_SCADA,1,"2019/08/21 05:25:00",GSTONE5,136.149990
D,DISPATCH,UNIT_SCADA,1,"2019/08/21 05:25:00",GSTONE6,0
D,DISPATCH,UNIT_SCADA,1,"2019/08/21 05:25:00",GULLRSF1,0
D,DISPATCH,UNIT_SCADA,1,"2019/08/21 05:25:00",GULLRWF1,158.438660
D,DISPATCH,UNIT_SCADA,1,"2019/08/21 05:25:00",GUNNING1,46.698380
D,DISPATCH,UNIT_SCADA,1,"2019/08/21 05:25:00",GUTHEGA,0
D,DISPATCH,UNIT_SCADA,1,"2019/08/21 05:25:00",HALLWF1,76.84
D,DISPATCH,UNIT_SCADA,1,"2019/08/21 05:25:00",HALLWF2,63.95
D,DISPATCH,UNIT_SCADA,1,"2019/08/21 05:25:00",HAMISF1,0
D,DISPATCH,UNIT_SCADA,1,"2019/08/21 05:25:00",HAUGHT11,0
D,DISPATCH,UNIT_SCADA,1,"2019/08/21 05:25:00",HAYMSF1,0
D,DISPATCH,UNIT_SCADA,1,"2019/08/21 05:25:00",HDWF1,56.70
D,DISPATCH,UNIT_SCADA,1,"2019/08/21 05:25:00",HDWF2,45.40
D,DISPATCH,UNIT_SCADA,1,"2019/08/21 05:25:00",HDWF3,53.90
D,DISPATCH,UNIT_SCADA,1,"2019/08/21 05:25:00",HPRG1,0
D,DISPATCH,UNIT_SCADA,1,"2019/08/21 05:25:00",HPRL1,0.20
D,DISPATCH,UNIT_SCADA,1,"2019/08/21 05:25:00",HUMENSW,0
D,DISPATCH,UNIT_SCADA,1,"2019/08/21 05:25:00",HUMEV,8.70
D,DISPATCH,UNIT_SCADA,1,"2019/08/21 05:25:00",HVGTS,0
D,DISPATCH,UNIT_SCADA,1,"2019/08/21 05:25:00",JBUTTERS,30.83
D,DISPATCH,UNIT_SCADA,1,"2019/08/21 05:25:00",JLA01,0.50
D,DISPATCH,UNIT_SCADA,1,"2019/08/21 05:25:00",JLA02,0
D,DISPATCH,UNIT_SCADA,1,"2019/08/21 05:25:00",JLA03,0.10
D,DISPATCH,UNIT_SCADA,1,"2019/08/21 05:25:00",JLA04,0.10
D,DISPATCH,UNIT_SCADA,1,"2019/08/21 05:25:00",JLB01,0
D,DISPATCH,UNIT_SCADA,1,"2019/08/21 05:25:00",JLB02,0.10
D,DISPATCH,UNIT_SCADA,1,"2019/08/21 05:25:00",JLB03,0
D,DISPATCH,UNIT_SCADA,1,"2019/08/21 05:25:00",KAREEYA1,21.5125
D,DISPATCH,UNIT_SCADA,1,"2019/08/21 05:25:00",KAREEYA2,21.5925
D,DISPATCH,UNIT_SCADA,1,"2019/08/21 05:25:00",KAREEYA3,0
D,DISPATCH,UNIT_SCADA,1,"2019/08/21 05:25:00",KAREEYA4,21.6875
D,DISPATCH,UNIT_SCADA,1,"2019/08/21 05:25:00",KARSF1,0
D,DISPATCH,UNIT_SCADA,1,"2019/08/21 05:25:00",KIATAWF1,30.50
D,DISPATCH,UNIT_SCADA,1,"2019/08/21 05:25:00",KPP_1,0
D,DISPATCH,UNIT_SCADA,1,"2019/08/21 05:25:00",KSP1,0
D,DISPATCH,UNIT_SCADA,1,"2019/08/21 05:25:00",LADBROK1,0
D,DISPATCH,UNIT_SCADA,1,"2019/08/21 05:25:00",LADBROK2,0
D,DISPATCH,UNIT_SCADA,1,"2019/08/21 05:25:00",LD01,348.768770
D,DISPATCH,UNIT_SCADA,1,"2019/08/21 05:25:00",LD02,297.956270
D,DISPATCH,UNIT_SCADA,1,"2019/08/21 05:25:00",LD03,321.4313
D,DISPATCH,UNIT_SCADA,1,"2019/08/21 05:25:00",LD04,348.900050
D,DISPATCH,UNIT_SCADA,1,"2019/08/21 05:25:00",LEM_WIL,85.832550
D,DISPATCH,UNIT_SCADA,1,"2019/08/21 05:25:00",LGAPWF1,11.72
D,DISPATCH,UNIT_SCADA,1,"2019/08/21 05:25:00",LILYSF1,0
D,DISPATCH,UNIT_SCADA,1,"2019/08/21 05:25:00",LI_WY_CA,147.887240
D,DISPATCH,UNIT_SCADA,1,"2019/08/21 05:25:00",LKBONNY2,139.4892
D,DISPATCH,UNIT_SCADA,1,"2019/08/21 05:25:00",LKBONNY3,35.726090
D,DISPATCH,UNIT_SCADA,1,"2019/08/21 05:25:00",LK_ECHO,0
D,DISPATCH,UNIT_SCADA,1,"2019/08/21 05:25:00",LNGS1,0
D,DISPATCH,UNIT_SCADA,1,"2019/08/21 05:25:00",LNGS2,0
D,DISPATCH,UNIT_SCADA,1,"2019/08/21 05:25:00",LONSDALE,0
D,DISPATCH,UNIT_SCADA,1,"2019/08/21 05:25:00",LOYYB1,535.712650
D,DISPATCH,UNIT_SCADA,1,"2019/08/21 05:25:00",LOYYB2,581.202510
D,DISPATCH,UNIT_SCADA,1,"2019/08/21 05:25:00",LYA1,520
D,DISPATCH,UNIT_SCADA,1,"2019/08/21 05:25:00",LYA2,0
D,DISPATCH,UNIT_SCADA,1,"2019/08/21 05:25:00",LYA3,561
D,DISPATCH,UNIT_SCADA,1,"2019/08/21 05:25:00",LYA4,539
D,DISPATCH,UNIT_SCADA,1,"2019/08/21 05:25:00",MACARTH1,346.691990
D,DISPATCH,UNIT_SCADA,1,"2019/08/21 05:25:00",MACKAYGT,0
D,DISPATCH,UNIT_SCADA,1,"2019/08/21 05:25:00",MACKNTSH,28.32
D,DISPATCH,UNIT_SCADA,1,"2019/08/21 05:25:00",MANSLR1,0
D,DISPATCH,UNIT_SCADA,1,"2019/08/21 05:25:00",MCKAY1,0.02
D,DISPATCH,UNIT_SCADA,1,"2019/08/21 05:25:00",MEADOWBK,33.924460
D,DISPATCH,UNIT_SCADA,1,"2019/08/21 05:25:00",MERCER01,129.268010
D,DISPATCH,UNIT_SCADA,1,"2019/08/21 05:25:00",MEWF1,118.325250
D,DISPATCH,UNIT_SCADA,1,"2019/08/21 05:25:00",MINTARO,0
D,DISPATCH,UNIT_SCADA,1,"2019/08/21 05:25:00",MOREESF1,0
D,DISPATCH,UNIT_SCADA,1,"2019/08/21 05:25:00",MORTLK11,0
D,DISPATCH,UNIT_SCADA,1,"2019/08/21 05:25:00",MORTLK12,0
D,DISPATCH,UNIT_SCADA,1,"2019/08/21 05:25:00",MP1,278.8999
D,DISPATCH,UNIT_SCADA,1,"2019/08/21 05:25:00",MP2,0
D,DISPATCH,UNIT_SCADA,1,"2019/08/21 05:25:00",MPP_1,399
D,DISPATCH,UNIT_SCADA,1,"2019/08/21 05:25:00",MPP_2,433.75
D,DISPATCH,UNIT_SCADA,1,"2019/08/21 05:25:00",MSTUART1,0
D,DISPATCH,UNIT_SCADA,1,"2019/08/21 05:25:00",MSTUART2,0
D,DISPATCH,UNIT_SCADA,1,"2019/08/21 05:25:00",MSTUART3,0
D,DISPATCH,UNIT_SCADA,1,"2019/08/21 05:25:00",MTGELWF1,64.249090
D,DISPATCH,UNIT_SCADA,1,"2019/08/21 05:25:00",MURRAY,0
D,DISPATCH,UNIT_SCADA,1,"2019/08/21 05:25:00",MUSSELR1,162.70
D,DISPATCH,UNIT_SCADA,1,"2019/08/21 05:25:00",MUWAWF1,56.01
D,DISPATCH,UNIT_SCADA,1,"2019/08/21 05:25:00",NBHWF1,65
D,DISPATCH,UNIT_SCADA,1,"2019/08/21 05:25:00",NPS,0
D,DISPATCH,UNIT_SCADA,1,"2019/08/21 05:25:00",NUMURSF1,0
D,DISPATCH,UNIT_SCADA,1,"2019/08/21 05:25:00",NYNGAN1,0
D,DISPATCH,UNIT_SCADA,1,"2019/08/21 05:25:00",OAKEY1,0
D,DISPATCH,UNIT_SCADA,1,"2019/08/21 05:25:00",OAKEY1SF,0
D,DISPATCH,UNIT_SCADA,1,"2019/08/21 05:25:00",OAKEY2,0
D,DISPATCH,UNIT_SCADA,1,"2019/08/21 05:25:00",OAKLAND1,61.30
D,DISPATCH,UNIT_SCADA,1,"2019/08/21 05:25:00",OSB-AG,0
D,DISPATCH,UNIT_SCADA,1,"2019/08/21 05:25:00",PARSF1,0
D,DISPATCH,UNIT_SCADA,1,"2019/08/21 05:25:00",POAT110,0
D,DISPATCH,UNIT_SCADA,1,"2019/08/21 05:25:00",POAT220,38.34
D,DISPATCH,UNIT_SCADA,1,"2019/08/21 05:25:00",POR01,0
D,DISPATCH,UNIT_SCADA,1,"2019/08/21 05:25:00",POR03,0
D,DISPATCH,UNIT_SCADA,1,"2019/08/21 05:25:00",PPCCGT,174.894410
D,DISPATCH,UNIT_SCADA,1,"2019/08/21 05:25:00",PTSTAN1,0
D,DISPATCH,UNIT_SCADA,1,"2019/08/21 05:25:00",PUMP1,0
D,DISPATCH,UNIT_SCADA,1,"2019/08/21 05:25:00",PUMP2,0
D,DISPATCH,UNIT_SCADA,1,"2019/08/21 05:25:00",QPS1,0
D,DISPATCH,UNIT_SCADA,1,"2019/08/21 05:25:00",QPS2,0
D,DISPATCH,UNIT_SCADA,1,"2019/08/21 05:25:00",QPS3,0
D,DISPATCH,UNIT_SCADA,1,"2019/08/21 05:25:00",QPS4,0
D,DISPATCH,UNIT_SCADA,1,"2019/08/21 05:25:00",QPS5,0
D,DISPATCH,UNIT_SCADA,1,"2019/08/21 05:25:00",REECE1,117.330010
D,DISPATCH,UNIT_SCADA,1,"2019/08/21 05:25:00",REECE2,91.73
D,DISPATCH,UNIT_SCADA,1,"2019/08/21 05:25:00",ROMA_7,0
D,DISPATCH,UNIT_SCADA,1,"2019/08/21 05:25:00",ROMA_8,0
D,DISPATCH,UNIT_SCADA,1,"2019/08/21 05:25:00",RRSF1,0
D,DISPATCH,UNIT_SCADA,1,"2019/08/21 05:25:00",RT_NSW1,0
D,DISPATCH,UNIT_SCADA,1,"2019/08/21 05:25:00",RT_NSW2,0
D,DISPATCH,UNIT_SCADA,1,"2019/08/21 05:25:00",RT_NSW3,0
D,DISPATCH,UNIT_SCADA,1,"2019/08/21 05:25:00",RT_NSW4,0
D,DISPATCH,UNIT_SCADA,1,"2019/08/21 05:25:00",RT_NSW5,0
D,DISPATCH,UNIT_SCADA,1,"2019/08/21 05:25:00",RT_NSW6,0
D,DISPATCH,UNIT_SCADA,1,"2019/08/21 05:25:00",RT_QLD1,0
D,DISPATCH,UNIT_SCADA,1,"2019/08/21 05:25:00",RT_SA1,0
D,DISPATCH,UNIT_SCADA,1,"2019/08/21 05:25:00",RT_SA2,0
D,DISPATCH,UNIT_SCADA,1,"2019/08/21 05:25:00",RT_SA3,0
D,DISPATCH,UNIT_SCADA,1,"2019/08/21 05:25:00",RT_SA4,0
D,DISPATCH,UNIT_SCADA,1,"2019/08/21 05:25:00",RT_SA5,0
D,DISPATCH,UNIT_SCADA,1,"2019/08/21 05:25:00",RT_SA6,0
D,DISPATCH,UNIT_SCADA,1,"2019/08/21 05:25:00",RT_TAS1,0
D,DISPATCH,UNIT_SCADA,1,"2019/08/21 05:25:00",RT_VIC1,0
D,DISPATCH,UNIT_SCADA,1,"2019/08/21 05:25:00",RT_VIC10,0
D,DISPATCH,UNIT_SCADA,1,"2019/08/21 05:25:00",RT_VIC11,0
D,DISPATCH,UNIT_SCADA,1,"2019/08/21 05:25:00",RT_VIC12,0
D,DISPATCH,UNIT_SCADA,1,"2019/08/21 05:25:00",RT_VIC2,0
D,DISPATCH,UNIT_SCADA,1,"2019/08/21 05:25:00",RT_VIC3,0
D,DISPATCH,UNIT_SCADA,1,"2019/08/21 05:25:00",RT_VIC4,0
D,DISPATCH,UNIT_SCADA,1,"2019/08/21 05:25:00",RT_VIC5,0
D,DISPATCH,UNIT_SCADA,1,"2019/08/21 05:25:00",RT_VIC6,0
D,DISPATCH,UNIT_SCADA,1,"2019/08/21 05:25:00",RT_VIC7,0
D,DISPATCH,UNIT_SCADA,1,"2019/08/21 05:25:00",RT_VIC8,0
D,DISPATCH,UNIT_SCADA,1,"2019/08/21 05:25:00",RT_VIC9,0
D,DISPATCH,UNIT_SCADA,1,"2019/08/21 05:25:00",RUGBYR1,0
D,DISPATCH,UNIT_SCADA,1,"2019/08/21 05:25:00",SALTCRK1,49.84
D,DISPATCH,UNIT_SCADA,1,"2019/08/21 05:25:00",SAPHWF1,187.396850
D,DISPATCH,UNIT_SCADA,1,"2019/08/21 05:25:00",SHGEN,0
D,DISPATCH,UNIT_SCADA,1,"2019/08/21 05:25:00",SHPUMP,0
D,DISPATCH,UNIT_SCADA,1,"2019/08/21 05:25:00",SITHE01,0.133760
D,DISPATCH,UNIT_SCADA,1,"2019/08/21 05:25:00",SMCSF1,0
D,DISPATCH,UNIT_SCADA,1,"2019/08/21 05:25:00",SNOWNTH1,98.100010
D,DISPATCH,UNIT_SCADA,1,"2019/08/21 05:25:00",SNOWSTH1,94.80
D,DISPATCH,UNIT_SCADA,1,"2019/08/21 05:25:00",SNOWTWN1,53.351760
D,DISPATCH,UNIT_SCADA,1,"2019/08/21 05:25:00",SNOWYP,381.400020
D,DISPATCH,UNIT_SCADA,1,"2019/08/21 05:25:00",SNUG1,0.019440
D,DISPATCH,UNIT_SCADA,1,"2019/08/21 05:25:00",SRSF1,0.07
D,DISPATCH,UNIT_SCADA,1,"2019/08/21 05:25:00",STAN-1,0
D,DISPATCH,UNIT_SCADA,1,"2019/08/21 05:25:00",STAN-2,199.086070
D,DISPATCH,UNIT_SCADA,1,"2019/08/21 05:25:00",STAN-3,219.812450
D,DISPATCH,UNIT_SCADA,1,"2019/08/21 05:25:00",STAN-4,219.440730
D,DISPATCH,UNIT_SCADA,1,"2019/08/21 05:25:00",STWF1,142.031250
D,DISPATCH,UNIT_SCADA,1,"2019/08/21 05:25:00",SWAN_E,0
D,DISPATCH,UNIT_SCADA,1,"2019/08/21 05:25:00",TALWA1,190
D,DISPATCH,UNIT_SCADA,1,"2019/08/21 05:25:00",TARALGA1,69.959980
D,DISPATCH,UNIT_SCADA,1,"2019/08/21 05:25:00",TARONG#1,285.300020
D,DISPATCH,UNIT_SCADA,1,"2019/08/21 05:25:00",TARONG#2,110.70
D,DISPATCH,UNIT_SCADA,1,"2019/08/21 05:25:00",TARONG#3,260
D,DISPATCH,UNIT_SCADA,1,"2019/08/21 05:25:00",TARONG#4,286.50
D,DISPATCH,UNIT_SCADA,1,"2019/08/21 05:25:00",TARRALEA,85
D,DISPATCH,UNIT_SCADA,1,"2019/08/21 05:25:00",TBSF1,-0.20
D,DISPATCH,UNIT_SCADA,1,"2019/08/21 05:25:00",TNPS1,400.000030
D,DISPATCH,UNIT_SCADA,1,"2019/08/21 05:25:00",TORRA1,38.664260
D,DISPATCH,UNIT_SCADA,1,"2019/08/21 05:25:00",TORRA2,0
D,DISPATCH,UNIT_SCADA,1,"2019/08/21 05:25:00",TORRA3,0
D,DISPATCH,UNIT_SCADA,1,"2019/08/21 05:25:00",TORRA4,0
D,DISPATCH,UNIT_SCADA,1,"2019/08/21 05:25:00",TORRB1,39.15
D,DISPATCH,UNIT_SCADA,1,"2019/08/21 05:25:00",TORRB2,40.59
D,DISPATCH,UNIT_SCADA,1,"2019/08/21 05:25:00",TORRB3,0
D,DISPATCH,UNIT_SCADA,1,"2019/08/21 05:25:00",TORRB4,0
D,DISPATCH,UNIT_SCADA,1,"2019/08/21 05:25:00",TREVALLN,17
D,DISPATCH,UNIT_SCADA,1,"2019/08/21 05:25:00",TRIBUTE,0
D,DISPATCH,UNIT_SCADA,1,"2019/08/21 05:25:00",TUMUT3,0
D,DISPATCH,UNIT_SCADA,1,"2019/08/21 05:25:00",TUNGATIN,3.40
D,DISPATCH,UNIT_SCADA,1,"2019/08/21 05:25:00",TVCC201,0
D,DISPATCH,UNIT_SCADA,1,"2019/08/21 05:25:00",TVPP104,0
D,DISPATCH,UNIT_SCADA,1,"2019/08/21 05:25:00",UPPTUMUT,0
D,DISPATCH,UNIT_SCADA,1,"2019/08/21 05:25:00",URANQ11,0
D,DISPATCH,UNIT_SCADA,1,"2019/08/21 05:25:00",URANQ12,0
D,DISPATCH,UNIT_SCADA,1,"2019/08/21 05:25:00",URANQ13,0
D,DISPATCH,UNIT_SCADA,1,"2019/08/21 05:25:00",URANQ14,0
D,DISPATCH,UNIT_SCADA,1,"2019/08/21 05:25:00",VP5,397.1250
D,DISPATCH,UNIT_SCADA,1,"2019/08/21 05:25:00",VP6,381.8750
D,DISPATCH,UNIT_SCADA,1,"2019/08/21 05:25:00",VPGS1,0
D,DISPATCH,UNIT_SCADA,1,"2019/08/21 05:25:00",VPGS2,0
D,DISPATCH,UNIT_SCADA,1,"2019/08/21 05:25:00",VPGS3,0
D,DISPATCH,UNIT_SCADA,1,"2019/08/21 05:25:00",VPGS4,0
D,DISPATCH,UNIT_SCADA,1,"2019/08/21 05:25:00",VPGS5,0
D,DISPATCH,UNIT_SCADA,1,"2019/08/21 05:25:00",VPGS6,0
D,DISPATCH,UNIT_SCADA,1,"2019/08/21 05:25:00",W/HOE#1,0
D,DISPATCH,UNIT_SCADA,1,"2019/08/21 05:25:00",W/HOE#2,0
D,DISPATCH,UNIT_SCADA,1,"2019/08/21 05:25:00",WATERLWF,111
D,DISPATCH,UNIT_SCADA,1,"2019/08/21 05:25:00",WEMENSF1,0
D,DISPATCH,UNIT_SCADA,1,"2019/08/21 05:25:00",WGWF1,69.80
D,DISPATCH,UNIT_SCADA,1,"2019/08/21 05:25:00",WHITSF1,0
D,DISPATCH,UNIT_SCADA,1,"2019/08/21 05:25:00",WKIEWA1,33.90
D,DISPATCH,UNIT_SCADA,1,"2019/08/21 05:25:00",WKIEWA2,17.10
D,DISPATCH,UNIT_SCADA,1,"2019/08/21 05:25:00",WOODLWN1,45.0090
D,DISPATCH,UNIT_SCADA,1,"2019/08/21 05:25:00",WRSF1,0
D,DISPATCH,UNIT_SCADA,1,"2019/08/21 05:25:00",WRWF1,133.5475
D,DISPATCH,UNIT_SCADA,1,"2019/08/21 05:25:00",YABULU,0
D,DISPATCH,UNIT_SCADA,1,"2019/08/21 05:25:00",YABULU2,0
D,DISPATCH,UNIT_SCADA,1,"2019/08/21 05:25:00",YARWUN_1,0
D,DISPATCH,UNIT_SCADA,1,"2019/08/21 05:25:00",YENDWF1,42
D,DISPATCH,UNIT_SCADA,1,"2019/08/21 05:25:00",YWPS1,267.916440
D,DISPATCH,UNIT_SCADA,1,"2019/08/21 05:25:00",YWPS2,279.194950
D,DISPATCH,UNIT_SCADA,1,"2019/08/21 05:25:00",YWPS3,0
D,DISPATCH,UNIT_SCADA,1,"2019/08/21 05:25:00",YWPS4,312.248110
C,"END OF REPORT",334
