C,NEMP.WORLD,DISPATCHSCADA,AEMO,PUBLIC,2019/08/20,18:00:08,0000000311795744,DISPATCHSCADA,0000000311795738
I,DISPATCH,UNIT_SCADA,1,SETTLEMENTDATE,DUID,SCADAVALUE
D,DISPATCH,UNIT_SCADA,1,"2019/08/20 18:05:00",BARCSF1,0.50
D,DISPATCH,UNIT_SCADA,1,"2019/08/20 18:05:00",BUTLERSG,9.699999
D,DISPATCH,UNIT_SCADA,1,"2019/08/20 18:05:00",CALL_A_4,0
D,DISPATCH,UNIT_SCADA,1,"2019/08/20 18:05:00",CAPTL_WF,131.339996
D,DISPATCH,UNIT_SCADA,1,"2019/08/20 18:05:00",CATHROCK,50.579998
D,DISPATCH,UNIT_SCADA,1,"2019/08/20 18:05:00",CHALLHWF,43.400002
D,DISPATCH,UNIT_SCADA,1,"2019/08/20 18:05:00",CLOVER,-0.02
D,DISPATCH,UNIT_SCADA,1,"2019/08/20 18:05:00",CLUNY,18.278324
D,DISPATCH,UNIT_SCADA,1,"2019/08/20 18:05:00",CNUNDAWF,41.748703
D,DISPATCH,UNIT_SCADA,1,"2019/08/20 18:05:00",CULLRGWF,30.35
D,DISPATCH,UNIT_SCADA,1,"2019/08/20 18:05:00",ERGT01,0
D,DISPATCH,UNIT_SCADA,1,"2019/08/20 18:05:00",GB01,0.068241
D,DISPATCH,UNIT_SCADA,1,"2019/08/20 18:05:00",GERMCRK,24.799999
D,DISPATCH,UNIT_SCADA,1,"2019/08/20 18:05:00",GRIFSF1,0
D,DISPATCH,UNIT_SCADA,1,"2019/08/20 18:05:00",HUGSF1,-0.0030
D,DISPATCH,UNIT_SCADA,1,"2019/08/20 18:05:00",LKBONNY1,76.627434
D,DISPATCH,UNIT_SCADA,1,"2019/08/20 18:05:00",LRSF1,0.1310
D,DISPATCH,UNIT_SCADA,1,"2019/08/20 18:05:00",MBAHNTH,54.768753
D,DISPATCH,UNIT_SCADA,1,"2019/08/20 18:05:00",MLSP1,0.283001
D,DISPATCH,UNIT_SCADA,1,"2019/08/20 18:05:00",MLWF1,17.4450
D,DISPATCH,UNIT_SCADA,1,"2019/08/20 18:05:00",MTMILLAR,27.629589
D,DISPATCH,UNIT_SCADA,1,"2019/08/20 18:05:00",PALOONA,7.74
D,DISPATCH,UNIT_SCADA,1,"2019/08/20 18:05:00",PIONEER,15.70
D,DISPATCH,UNIT_SCADA,1,"2019/08/20 18:05:00",PORTWF,136.899994
D,DISPATCH,UNIT_SCADA,1,"2019/08/20 18:05:00",REPULSE,29.432211
D,DISPATCH,UNIT_SCADA,1,"2019/08/20 18:05:00",ROWALLAN,9.9897
D,DISPATCH,UNIT_SCADA,1,"2019/08/20 18:05:00",ROYALLA1,0
D,DISPATCH,UNIT_SCADA,1,"2019/08/20 18:05:00",RPCG,9.30
D,DISPATCH,UNIT_SCADA,1,"2019/08/20 18:05:00",RUBICON,0
D,DISPATCH,UNIT_SCADA,1,"2019/08/20 18:05:00",SATGN1,0
D,DISPATCH,UNIT_SCADA,1,"2019/08/20 18:05:00",SATGS1,0
D,DISPATCH,UNIT_SCADA,1,"2019/08/20 18:05:00",STARHLWF,25.792479
D,DISPATCH,UNIT_SCADA,1,"2019/08/20 18:05:00",WAUBRAWF,158.059998
D,DISPATCH,UNIT_SCADA,1,"2019/08/20 18:05:00",WOOLNTH1,67.720016
D,DISPATCH,UNIT_SCADA,1,"2019/08/20 18:05:00",WPWF,47
D,DISPATCH,UNIT_SCADA,1,"2019/08/20 18:05:00",YAMBUKWF,29.700001
D,DISPATCH,UNIT_SCADA,1,"2019/08/20 18:05:00",YSWF1,28.90
D,DISPATCH,UNIT_SCADA,1,"2019/08/20 18:05:00",AGLHAL,0
D,DISPATCH,UNIT_SCADA,1,"2019/08/20 18:05:00",AGLSOM,79.50
D,DISPATCH,UNIT_SCADA,1,"2019/08/20 18:05:00",ANGAST1,0
D,DISPATCH,UNIT_SCADA,1,"2019/08/20 18:05:00",ARWF1,54.30
D,DISPATCH,UNIT_SCADA,1,"2019/08/20 18:05:00",BALBG1,0
D,DISPATCH,UNIT_SCADA,1,"2019/08/20 18:05:00",BALBL1,0
D,DISPATCH,UNIT_SCADA,1,"2019/08/20 18:05:00",BALDHWF1,103.2510
D,DISPATCH,UNIT_SCADA,1,"2019/08/20 18:05:00",BANN1,0
D,DISPATCH,UNIT_SCADA,1,"2019/08/20 18:05:00",BARCALDN,0
D,DISPATCH,UNIT_SCADA,1,"2019/08/20 18:05:00",BARRON-1,0
D,DISPATCH,UNIT_SCADA,1,"2019/08/20 18:05:00",BARRON-2,28.12
D,DISPATCH,UNIT_SCADA,1,"2019/08/20 18:05:00",BASTYAN,80.48
D,DISPATCH,UNIT_SCADA,1,"2019/08/20 18:05:00",BBTHREE1,-1.79
D,DISPATCH,UNIT_SCADA,1,"2019/08/20 18:05:00",BBTHREE2,-1.97
D,DISPATCH,UNIT_SCADA,1,"2019/08/20 18:05:00",BBTHREE3,0
D,DISPATCH,UNIT_SCADA,1,"2019/08/20 18:05:00",BDL01,0
D,DISPATCH,UNIT_SCADA,1,"2019/08/20 18:05:00",BDL02,42.96
D,DISPATCH,UNIT_SCADA,1,"2019/08/20 18:05:00",BERYLSF1,0
D,DISPATCH,UNIT_SCADA,1,"2019/08/20 18:05:00",BLOWERNG,0
D,DISPATCH,UNIT_SCADA,1,"2019/08/20 18:05:00",BLUFF1,41.60
D,DISPATCH,UNIT_SCADA,1,"2019/08/20 18:05:00",BNGSF1,1.83
D,DISPATCH,UNIT_SCADA,1,"2019/08/20 18:05:00",BNGSF2,0.97
D,DISPATCH,UNIT_SCADA,1,"2019/08/20 18:05:00",BOCORWF1,106
D,DISPATCH,UNIT_SCADA,1,"2019/08/20 18:05:00",BODWF1,57.534140
D,DISPATCH,UNIT_SCADA,1,"2019/08/20 18:05:00",BRAEMAR1,0
D,DISPATCH,UNIT_SCADA,1,"2019/08/20 18:05:00",BRAEMAR2,172.80
D,DISPATCH,UNIT_SCADA,1,"2019/08/20 18:05:00",BRAEMAR3,0
D,DISPATCH,UNIT_SCADA,1,"2019/08/20 18:05:00",BRAEMAR5,0
D,DISPATCH,UNIT_SCADA,1,"2019/08/20 18:05:00",BRAEMAR6,160.602230
D,DISPATCH,UNIT_SCADA,1,"2019/08/20 18:05:00",BRAEMAR7,0
D,DISPATCH,UNIT_SCADA,1,"2019/08/20 18:05:00",BROKENH1,0
D,DISPATCH,UNIT_SCADA,1,"2019/08/20 18:05:00",BW01,642.450070
D,DISPATCH,UNIT_SCADA,1,"2019/08/20 18:05:00",BW02,630.300050
D,DISPATCH,UNIT_SCADA,1,"2019/08/20 18:05:00",BW03,657.174930
D,DISPATCH,UNIT_SCADA,1,"2019/08/20 18:05:00",BW04,0
D,DISPATCH,UNIT_SCADA,1,"2019/08/20 18:05:00",CALL_B_1,349.899990
D,DISPATCH,UNIT_SCADA,1,"2019/08/20 18:05:00",CALL_B_2,295
D,DISPATCH,UNIT_SCADA,1,"2019/08/20 18:05:00",CETHANA,94.891370
D,DISPATCH,UNIT_SCADA,1,"2019/08/20 18:05:00",CG1,0
D,DISPATCH,UNIT_SCADA,1,"2019/08/20 18:05:00",CG2,0
D,DISPATCH,UNIT_SCADA,1,"2019/08/20 18:05:00",CG3,0
D,DISPATCH,UNIT_SCADA,1,"2019/08/20 18:05:00",CG4,0
D,DISPATCH,UNIT_SCADA,1,"2019/08/20 18:05:00",CHILDSF1,0
D,DISPATCH,UNIT_SCADA,1,"2019/08/20 18:05:00",CLARESF1,0
D,DISPATCH,UNIT_SCADA,1,"2019/08/20 18:05:00",CLEMGPWF,11.453570
D,DISPATCH,UNIT_SCADA,1,"2019/08/20 18:05:00",CLERMSF1,0
D,DISPATCH,UNIT_SCADA,1,"2019/08/20 18:05:00",COLEASF1,0
D,DISPATCH,UNIT_SCADA,1,"2019/08/20 18:05:00",COOPGWF1,30.972330
D,DISPATCH,UNIT_SCADA,1,"2019/08/20 18:05:00",CPP_3,405.6250
D,DISPATCH,UNIT_SCADA,1,"2019/08/20 18:05:00",CPP_4,406.725010
D,DISPATCH,UNIT_SCADA,1,"2019/08/20 18:05:00",CPSA,142.493740
D,DISPATCH,UNIT_SCADA,1,"2019/08/20 18:05:00",CROOKWF2,80.003740
D,DISPATCH,UNIT_SCADA,1,"2019/08/20 18:05:00",CROWLWF1,55.623680
D,DISPATCH,UNIT_SCADA,1,"2019/08/20 18:05:00",CSPVPS1,0.12
D,DISPATCH,UNIT_SCADA,1,"2019/08/20 18:05:00",DALNTH01,0.062560
D,DISPATCH,UNIT_SCADA,1,"2019/08/20 18:05:00",DALNTHL1,0
D,DISPATCH,UNIT_SCADA,1,"2019/08/20 18:05:00",DARTM1,132.399990
D,DISPATCH,UNIT_SCADA,1,"2019/08/20 18:05:00",DAYDSF1,0
D,DISPATCH,UNIT_SCADA,1,"2019/08/20 18:05:00",DDPS1,473.006470
D,DISPATCH,UNIT_SCADA,1,"2019/08/20 18:05:00",DDSF1,0
D,DISPATCH,UNIT_SCADA,1,"2019/08/20 18:05:00",DEVILS_G,60.336320
D,DISPATCH,UNIT_SCADA,1,"2019/08/20 18:05:00",DG_NSW1,0
D,DISPATCH,UNIT_SCADA,1,"2019/08/20 18:05:00",DG_QLD1,0
D,DISPATCH,UNIT_SCADA,1,"2019/08/20 18:05:00",DG_SA1,0
D,DISPATCH,UNIT_SCADA,1,"2019/08/20 18:05:00",DG_TAS1,0
D,DISPATCH,UNIT_SCADA,1,"2019/08/20 18:05:00",DG_VIC1,0
D,DISPATCH,UNIT_SCADA,1,"2019/08/20 18:05:00",DRYCGT1,0
D,DISPATCH,UNIT_SCADA,1,"2019/08/20 18:05:00",DRYCGT2,0
D,DISPATCH,UNIT_SCADA,1,"2019/08/20 18:05:00",DRYCGT3,0
D,DISPATCH,UNIT_SCADA,1,"2019/08/20 18:05:00",EILDON1,0
D,DISPATCH,UNIT_SCADA,1,"2019/08/20 18:05:00",EILDON2,0
D,DISPATCH,UNIT_SCADA,1,"2019/08/20 18:05:00",EMERASF1,0
D,DISPATCH,UNIT_SCADA,1,"2019/08/20 18:05:00",ER01,585.799930
D,DISPATCH,UNIT_SCADA,1,"2019/08/20 18:05:00",ER02,601.675050
D,DISPATCH,UNIT_SCADA,1,"2019/08/20 18:05:00",ER03,700.50
D,DISPATCH,UNIT_SCADA,1,"2019/08/20 18:05:00",ER04,593.400020
D,DISPATCH,UNIT_SCADA,1,"2019/08/20 18:05:00",FINLYSF1,0
D,DISPATCH,UNIT_SCADA,1,"2019/08/20 18:05:00",FISHER,45.86
D,DISPATCH,UNIT_SCADA,1,"2019/08/20 18:05:00",GANNBG1,0.044440
D,DISPATCH,UNIT_SCADA,1,"2019/08/20 18:05:00",GANNBL1,0
D,DISPATCH,UNIT_SCADA,1,"2019/08/20 18:05:00",GANNSF1,0
D,DISPATCH,UNIT_SCADA,1,"2019/08/20 18:05:00",GORDON,10.269280
D,DISPATCH,UNIT_SCADA,1,"2019/08/20 18:05:00",GSTONE1,217
D,DISPATCH,UNIT_SCADA,1,"2019/08/20 18:05:00",GSTONE2,219.80
D,DISPATCH,UNIT_SCADA,1,"2019/08/20 18:05:00",GSTONE3,216.30
D,DISPATCH,UNIT_SCADA,1,"2019/08/20 18:05:00",GSTONE4,215.0750
D,DISPATCH,UNIT_SCADA,1,"2019/08/20 18:05:00",GSTONE5,214.55
D,DISPATCH,UNIT_SCADA,1,"2019/08/20 18:05:00",GSTONE6,0
D,DISPATCH,UNIT_SCADA,1,"2019/08/20 18:05:00",GULLRSF1,0
D,DISPATCH,UNIT_SCADA,1,"2019/08/20 18:05:00",GULLRWF1,145.987180
D,DISPATCH,UNIT_SCADA,1,"2019/08/20 18:05:00",GUNNING1,46.307990
D,DISPATCH,UNIT_SCADA,1,"2019/08/20 18:05:00",GUTHEGA,30.90
D,DISPATCH,UNIT_SCADA,1,"2019/08/20 18:05:00",HALLWF1,82.09
D,DISPATCH,UNIT_SCADA,1,"2019/08/20 18:05:00",HALLWF2,65.72
D,DISPATCH,UNIT_SCADA,1,"2019/08/20 18:05:00",HAMISF1,0
D,DISPATCH,UNIT_SCADA,1,"2019/08/20 18:05:00",HAUGHT11,0
D,DISPATCH,UNIT_SCADA,1,"2019/08/20 18:05:00",HAYMSF1,0
D,DISPATCH,UNIT_SCADA,1,"2019/08/20 18:05:00",HDWF1,42.60
D,DISPATCH,UNIT_SCADA,1,"2019/08/20 18:05:00",HDWF2,30
D,DISPATCH,UNIT_SCADA,1,"2019/08/20 18:05:00",HDWF3,39.40
D,DISPATCH,UNIT_SCADA,1,"2019/08/20 18:05:00",HPRG1,0
D,DISPATCH,UNIT_SCADA,1,"2019/08/20 18:05:00",HPRL1,10.50
D,DISPATCH,UNIT_SCADA,1,"2019/08/20 18:05:00",HUMENSW,0
D,DISPATCH,UNIT_SCADA,1,"2019/08/20 18:05:00",HUMEV,7.70
D,DISPATCH,UNIT_SCADA,1,"2019/08/20 18:05:00",HVGTS,0
D,DISPATCH,UNIT_SCADA,1,"2019/08/20 18:05:00",JBUTTERS,128.97
D,DISPATCH,UNIT_SCADA,1,"2019/08/20 18:05:00",JLA01,0.50
D,DISPATCH,UNIT_SCADA,1,"2019/08/20 18:05:00",JLA02,0
D,DISPATCH,UNIT_SCADA,1,"2019/08/20 18:05:00",JLA03,0.10
D,DISPATCH,UNIT_SCADA,1,"2019/08/20 18:05:00",JLA04,0.10
D,DISPATCH,UNIT_SCADA,1,"2019/08/20 18:05:00",JLB01,0
D,DISPATCH,UNIT_SCADA,1,"2019/08/20 18:05:00",JLB02,0.10
D,DISPATCH,UNIT_SCADA,1,"2019/08/20 18:05:00",JLB03,0
D,DISPATCH,UNIT_SCADA,1,"2019/08/20 18:05:00",KAREEYA1,21.4725
D,DISPATCH,UNIT_SCADA,1,"2019/08/20 18:05:00",KAREEYA2,21.6575
D,DISPATCH,UNIT_SCADA,1,"2019/08/20 18:05:00",KAREEYA3,0
D,DISPATCH,UNIT_SCADA,1,"2019/08/20 18:05:00",KAREEYA4,21.49
D,DISPATCH,UNIT_SCADA,1,"2019/08/20 18:05:00",KARSF1,0
D,DISPATCH,UNIT_SCADA,1,"2019/08/20 18:05:00",KIATAWF1,30.80
D,DISPATCH,UNIT_SCADA,1,"2019/08/20 18:05:00",KPP_1,0
D,DISPATCH,UNIT_SCADA,1,"2019/08/20 18:05:00",KSP1,1.19
D,DISPATCH,UNIT_SCADA,1,"2019/08/20 18:05:00",LADBROK1,41.74
D,DISPATCH,UNIT_SCADA,1,"2019/08/20 18:05:00",LADBROK2,33.20
D,DISPATCH,UNIT_SCADA,1,"2019/08/20 18:05:00",LD01,418.612520
D,DISPATCH,UNIT_SCADA,1,"2019/08/20 18:05:00",LD02,417.224950
D,DISPATCH,UNIT_SCADA,1,"2019/08/20 18:05:00",LD03,422.175020
D,DISPATCH,UNIT_SCADA,1,"2019/08/20 18:05:00",LD04,383.0625
D,DISPATCH,UNIT_SCADA,1,"2019/08/20 18:05:00",LEM_WIL,85.5611
D,DISPATCH,UNIT_SCADA,1,"2019/08/20 18:05:00",LGAPWF1,29.40
D,DISPATCH,UNIT_SCADA,1,"2019/08/20 18:05:00",LILYSF1,0
D,DISPATCH,UNIT_SCADA,1,"2019/08/20 18:05:00",LI_WY_CA,148.7587
D,DISPATCH,UNIT_SCADA,1,"2019/08/20 18:05:00",LKBONNY2,153.694920
D,DISPATCH,UNIT_SCADA,1,"2019/08/20 18:05:00",LKBONNY3,38.349720
D,DISPATCH,UNIT_SCADA,1,"2019/08/20 18:05:00",LK_ECHO,0
D,DISPATCH,UNIT_SCADA,1,"2019/08/20 18:05:00",LNGS1,0
D,DISPATCH,UNIT_SCADA,1,"2019/08/20 18:05:00",LNGS2,0
D,DISPATCH,UNIT_SCADA,1,"2019/08/20 18:05:00",LONSDALE,0
D,DISPATCH,UNIT_SCADA,1,"2019/08/20 18:05:00",LOYYB1,529.697450
D,DISPATCH,UNIT_SCADA,1,"2019/08/20 18:05:00",LOYYB2,580.450620
D,DISPATCH,UNIT_SCADA,1,"2019/08/20 18:05:00",LYA1,560
D,DISPATCH,UNIT_SCADA,1,"2019/08/20 18:05:00",LYA2,0
D,DISPATCH,UNIT_SCADA,1,"2019/08/20 18:05:00",LYA3,560
D,DISPATCH,UNIT_SCADA,1,"2019/08/20 18:05:00",LYA4,541
D,DISPATCH,UNIT_SCADA,1,"2019/08/20 18:05:00",MACARTH1,343.592070
D,DISPATCH,UNIT_SCADA,1,"2019/08/20 18:05:00",MACKAYGT,0
D,DISPATCH,UNIT_SCADA,1,"2019/08/20 18:05:00",MACKNTSH,84.970010
D,DISPATCH,UNIT_SCADA,1,"2019/08/20 18:05:00",MANSLR1,0
D,DISPATCH,UNIT_SCADA,1,"2019/08/20 18:05:00",MCKAY1,0.02
D,DISPATCH,UNIT_SCADA,1,"2019/08/20 18:05:00",MEADOWBK,34.095940
D,DISPATCH,UNIT_SCADA,1,"2019/08/20 18:05:00",MERCER01,127.808010
D,DISPATCH,UNIT_SCADA,1,"2019/08/20 18:05:00",MEWF1,32.036860
D,DISPATCH,UNIT_SCADA,1,"2019/08/20 18:05:00",MINTARO,0
D,DISPATCH,UNIT_SCADA,1,"2019/08/20 18:05:00",MOREESF1,0
D,DISPATCH,UNIT_SCADA,1,"2019/08/20 18:05:00",MORTLK11,260
D,DISPATCH,UNIT_SCADA,1,"2019/08/20 18:05:00",MORTLK12,0
D,DISPATCH,UNIT_SCADA,1,"2019/08/20 18:05:00",MP1,281.200070
D,DISPATCH,UNIT_SCADA,1,"2019/08/20 18:05:00",MP2,0
D,DISPATCH,UNIT_SCADA,1,"2019/08/20 18:05:00",MPP_1,409.75
D,DISPATCH,UNIT_SCADA,1,"2019/08/20 18:05:00",MPP_2,434.75
D,DISPATCH,UNIT_SCADA,1,"2019/08/20 18:05:00",MSTUART1,0
D,DISPATCH,UNIT_SCADA,1,"2019/08/20 18:05:00",MSTUART2,0
D,DISPATCH,UNIT_SCADA,1,"2019/08/20 18:05:00",MSTUART3,0
D,DISPATCH,UNIT_SCADA,1,"2019/08/20 18:05:00",MTGELWF1,63.878290
D,DISPATCH,UNIT_SCADA,1,"2019/08/20 18:05:00",MURRAY,0
D,DISPATCH,UNIT_SCADA,1,"2019/08/20 18:05:00",MUSSELR1,101.70
D,DISPATCH,UNIT_SCADA,1,"2019/08/20 18:05:00",MUWAWF1,52.38
D,DISPATCH,UNIT_SCADA,1,"2019/08/20 18:05:00",NBHWF1,86.50
D,DISPATCH,UNIT_SCADA,1,"2019/08/20 18:05:00",NPS,436.8750
D,DISPATCH,UNIT_SCADA,1,"2019/08/20 18:05:00",NUMURSF1,0
D,DISPATCH,UNIT_SCADA,1,"2019/08/20 18:05:00",NYNGAN1,0
D,DISPATCH,UNIT_SCADA,1,"2019/08/20 18:05:00",OAKEY1,0
D,DISPATCH,UNIT_SCADA,1,"2019/08/20 18:05:00",OAKEY1SF,0.0380
D,DISPATCH,UNIT_SCADA,1,"2019/08/20 18:05:00",OAKEY2,0
D,DISPATCH,UNIT_SCADA,1,"2019/08/20 18:05:00",OAKLAND1,61.40
D,DISPATCH,UNIT_SCADA,1,"2019/08/20 18:05:00",OSB-AG,182.959990
D,DISPATCH,UNIT_SCADA,1,"2019/08/20 18:05:00",PARSF1,0
D,DISPATCH,UNIT_SCADA,1,"2019/08/20 18:05:00",POAT110,0
D,DISPATCH,UNIT_SCADA,1,"2019/08/20 18:05:00",POAT220,111.860010
D,DISPATCH,UNIT_SCADA,1,"2019/08/20 18:05:00",POR01,0
D,DISPATCH,UNIT_SCADA,1,"2019/08/20 18:05:00",POR03,0
D,DISPATCH,UNIT_SCADA,1,"2019/08/20 18:05:00",PPCCGT,481.589260
D,DISPATCH,UNIT_SCADA,1,"2019/08/20 18:05:00",PTSTAN1,0
D,DISPATCH,UNIT_SCADA,1,"2019/08/20 18:05:00",PUMP1,0
D,DISPATCH,UNIT_SCADA,1,"2019/08/20 18:05:00",PUMP2,0
D,DISPATCH,UNIT_SCADA,1,"2019/08/20 18:05:00",QPS1,0
D,DISPATCH,UNIT_SCADA,1,"2019/08/20 18:05:00",QPS2,0
D,DISPATCH,UNIT_SCADA,1,"2019/08/20 18:05:00",QPS3,0
D,DISPATCH,UNIT_SCADA,1,"2019/08/20 18:05:00",QPS4,0
D,DISPATCH,UNIT_SCADA,1,"2019/08/20 18:05:00",QPS5,0
D,DISPATCH,UNIT_SCADA,1,"2019/08/20 18:05:00",REECE1,116.800010
D,DISPATCH,UNIT_SCADA,1,"2019/08/20 18:05:00",REECE2,115.480010
D,DISPATCH,UNIT_SCADA,1,"2019/08/20 18:05:00",ROMA_7,0
D,DISPATCH,UNIT_SCADA,1,"2019/08/20 18:05:00",ROMA_8,0
D,DISPATCH,UNIT_SCADA,1,"2019/08/20 18:05:00",RRSF1,0
D,DISPATCH,UNIT_SCADA,1,"2019/08/20 18:05:00",RT_NSW1,0
D,DISPATCH,UNIT_SCADA,1,"2019/08/20 18:05:00",RT_NSW2,0
D,DISPATCH,UNIT_SCADA,1,"2019/08/20 18:05:00",RT_NSW3,0
D,DISPATCH,UNIT_SCADA,1,"2019/08/20 18:05:00",RT_NSW4,0
D,DISPATCH,UNIT_SCADA,1,"2019/08/20 18:05:00",RT_NSW5,0
D,DISPATCH,UNIT_SCADA,1,"2019/08/20 18:05:00",RT_NSW6,0
D,DISPATCH,UNIT_SCADA,1,"2019/08/20 18:05:00",RT_QLD1,0
D,DISPATCH,UNIT_SCADA,1,"2019/08/20 18:05:00",RT_SA1,0
D,DISPATCH,UNIT_SCADA,1,"2019/08/20 18:05:00",RT_SA2,0
D,DISPATCH,UNIT_SCADA,1,"2019/08/20 18:05:00",RT_SA3,0
D,DISPATCH,UNIT_SCADA,1,"2019/08/20 18:05:00",RT_SA4,0
D,DISPATCH,UNIT_SCADA,1,"2019/08/20 18:05:00",RT_SA5,0
D,DISPATCH,UNIT_SCADA,1,"2019/08/20 18:05:00",RT_SA6,0
D,DISPATCH,UNIT_SCADA,1,"2019/08/20 18:05:00",RT_TAS1,0
D,DISPATCH,UNIT_SCADA,1,"2019/08/20 18:05:00",RT_VIC1,0
D,DISPATCH,UNIT_SCADA,1,"2019/08/20 18:05:00",RT_VIC10,0
D,DISPATCH,UNIT_SCADA,1,"2019/08/20 18:05:00",RT_VIC11,0
D,DISPATCH,UNIT_SCADA,1,"2019/08/20 18:05:00",RT_VIC12,0
D,DISPATCH,UNIT_SCADA,1,"2019/08/20 18:05:00",RT_VIC2,0
D,DISPATCH,UNIT_SCADA,1,"2019/08/20 18:05:00",RT_VIC3,0
D,DISPATCH,UNIT_SCADA,1,"2019/08/20 18:05:00",RT_VIC4,0
D,DISPATCH,UNIT_SCADA,1,"2019/08/20 18:05:00",RT_VIC5,0
D,DISPATCH,UNIT_SCADA,1,"2019/08/20 18:05:00",RT_VIC6,0
D,DISPATCH,UNIT_SCADA,1,"2019/08/20 18:05:00",RT_VIC7,0
D,DISPATCH,UNIT_SCADA,1,"2019/08/20 18:05:00",RT_VIC8,0
D,DISPATCH,UNIT_SCADA,1,"2019/08/20 18:05:00",RT_VIC9,0
D,DISPATCH,UNIT_SCADA,1,"2019/08/20 18:05:00",RUGBYR1,0
D,DISPATCH,UNIT_SCADA,1,"2019/08/20 18:05:00",SALTCRK1,51.19
D,DISPATCH,UNIT_SCADA,1,"2019/08/20 18:05:00",SAPHWF1,158.653140
D,DISPATCH,UNIT_SCADA,1,"2019/08/20 18:05:00",SHGEN,120.187490
D,DISPATCH,UNIT_SCADA,1,"2019/08/20 18:05:00",SHPUMP,0
D,DISPATCH,UNIT_SCADA,1,"2019/08/20 18:05:00",SITHE01,0.123710
D,DISPATCH,UNIT_SCADA,1,"2019/08/20 18:05:00",SMCSF1,0
D,DISPATCH,UNIT_SCADA,1,"2019/08/20 18:05:00",SNOWNTH1,99.20
D,DISPATCH,UNIT_SCADA,1,"2019/08/20 18:05:00",SNOWSTH1,113.600010
D,DISPATCH,UNIT_SCADA,1,"2019/08/20 18:05:00",SNOWTWN1,82.619780
D,DISPATCH,UNIT_SCADA,1,"2019/08/20 18:05:00",SNOWYP,0
D,DISPATCH,UNIT_SCADA,1,"2019/08/20 18:05:00",SNUG1,0.019440
D,DISPATCH,UNIT_SCADA,1,"2019/08/20 18:05:00",SRSF1,0.07
D,DISPATCH,UNIT_SCADA,1,"2019/08/20 18:05:00",STAN-1,0
D,DISPATCH,UNIT_SCADA,1,"2019/08/20 18:05:00",STAN-2,345.285890
D,DISPATCH,UNIT_SCADA,1,"2019/08/20 18:05:00",STAN-3,341.222660
D,DISPATCH,UNIT_SCADA,1,"2019/08/20 18:05:00",STAN-4,366.922330
D,DISPATCH,UNIT_SCADA,1,"2019/08/20 18:05:00",STWF1,47.621250
D,DISPATCH,UNIT_SCADA,1,"2019/08/20 18:05:00",SWAN_E,0
D,DISPATCH,UNIT_SCADA,1,"2019/08/20 18:05:00",TALWA1,416
D,DISPATCH,UNIT_SCADA,1,"2019/08/20 18:05:00",TARALGA1,105.4725
D,DISPATCH,UNIT_SCADA,1,"2019/08/20 18:05:00",TARONG#1,339.700010
D,DISPATCH,UNIT_SCADA,1,"2019/08/20 18:05:00",TARONG#2,339.800020
D,DISPATCH,UNIT_SCADA,1,"2019/08/20 18:05:00",TARONG#3,260.800020
D,DISPATCH,UNIT_SCADA,1,"2019/08/20 18:05:00",TARONG#4,348.800020
D,DISPATCH,UNIT_SCADA,1,"2019/08/20 18:05:00",TARRALEA,85
D,DISPATCH,UNIT_SCADA,1,"2019/08/20 18:05:00",TBSF1,1.30
D,DISPATCH,UNIT_SCADA,1,"2019/08/20 18:05:00",TNPS1,441.700010
D,DISPATCH,UNIT_SCADA,1,"2019/08/20 18:05:00",TORRA1,67.662460
D,DISPATCH,UNIT_SCADA,1,"2019/08/20 18:05:00",TORRA2,0
D,DISPATCH,UNIT_SCADA,1,"2019/08/20 18:05:00",TORRA3,0
D,DISPATCH,UNIT_SCADA,1,"2019/08/20 18:05:00",TORRA4,0
D,DISPATCH,UNIT_SCADA,1,"2019/08/20 18:05:00",TORRB1,95.70
D,DISPATCH,UNIT_SCADA,1,"2019/08/20 18:05:00",TORRB2,164.75
D,DISPATCH,UNIT_SCADA,1,"2019/08/20 18:05:00",TORRB3,0
D,DISPATCH,UNIT_SCADA,1,"2019/08/20 18:05:00",TORRB4,0
D,DISPATCH,UNIT_SCADA,1,"2019/08/20 18:05:00",TREVALLN,68.810020
D,DISPATCH,UNIT_SCADA,1,"2019/08/20 18:05:00",TRIBUTE,70.30
D,DISPATCH,UNIT_SCADA,1,"2019/08/20 18:05:00",TUMUT3,903.049990
D,DISPATCH,UNIT_SCADA,1,"2019/08/20 18:05:00",TUNGATIN,125.820020
D,DISPATCH,UNIT_SCADA,1,"2019/08/20 18:05:00",TVCC201,0
D,DISPATCH,UNIT_SCADA,1,"2019/08/20 18:05:00",TVPP104,0
D,DISPATCH,UNIT_SCADA,1,"2019/08/20 18:05:00",UPPTUMUT,0
D,DISPATCH,UNIT_SCADA,1,"2019/08/20 18:05:00",URANQ11,0
D,DISPATCH,UNIT_SCADA,1,"2019/08/20 18:05:00",URANQ12,0
D,DISPATCH,UNIT_SCADA,1,"2019/08/20 18:05:00",URANQ13,0
D,DISPATCH,UNIT_SCADA,1,"2019/08/20 18:05:00",URANQ14,0
D,DISPATCH,UNIT_SCADA,1,"2019/08/20 18:05:00",VP5,633.524960
D,DISPATCH,UNIT_SCADA,1,"2019/08/20 18:05:00",VP6,623.474980
D,DISPATCH,UNIT_SCADA,1,"2019/08/20 18:05:00",VPGS1,0
D,DISPATCH,UNIT_SCADA,1,"2019/08/20 18:05:00",VPGS2,0
D,DISPATCH,UNIT_SCADA,1,"2019/08/20 18:05:00",VPGS3,0
D,DISPATCH,UNIT_SCADA,1,"2019/08/20 18:05:00",VPGS4,0
D,DISPATCH,UNIT_SCADA,1,"2019/08/20 18:05:00",VPGS5,0
D,DISPATCH,UNIT_SCADA,1,"2019/08/20 18:05:00",VPGS6,0
D,DISPATCH,UNIT_SCADA,1,"2019/08/20 18:05:00",W/HOE#1,286.169980
D,DISPATCH,UNIT_SCADA,1,"2019/08/20 18:05:00",W/HOE#2,0
D,DISPATCH,UNIT_SCADA,1,"2019/08/20 18:05:00",WATERLWF,120.40
D,DISPATCH,UNIT_SCADA,1,"2019/08/20 18:05:00",WEMENSF1,0
D,DISPATCH,UNIT_SCADA,1,"2019/08/20 18:05:00",WGWF1,93.80
D,DISPATCH,UNIT_SCADA,1,"2019/08/20 18:05:00",WHITSF1,0
D,DISPATCH,UNIT_SCADA,1,"2019/08/20 18:05:00",WKIEWA1,0
D,DISPATCH,UNIT_SCADA,1,"2019/08/20 18:05:00",WKIEWA2,0.10
D,DISPATCH,UNIT_SCADA,1,"2019/08/20 18:05:00",WOODLWN1,44.001010
D,DISPATCH,UNIT_SCADA,1,"2019/08/20 18:05:00",WRSF1,0
D,DISPATCH,UNIT_SCADA,1,"2019/08/20 18:05:00",WRWF1,104.433750
D,DISPATCH,UNIT_SCADA,1,"2019/08/20 18:05:00",YABULU,0
D,DISPATCH,UNIT_SCADA,1,"2019/08/20 18:05:00",YABULU2,0
D,DISPATCH,UNIT_SCADA,1,"2019/08/20 18:05:00",YARWUN_1,0
D,DISPATCH,UNIT_SCADA,1,"2019/08/20 18:05:00",YENDWF1,42.27
D,DISPATCH,UNIT_SCADA,1,"2019/08/20 18:05:00",YWPS1,377.443020
D,DISPATCH,UNIT_SCADA,1,"2019/08/20 18:05:00",YWPS2,277.189880
D,DISPATCH,UNIT_SCADA,1,"2019/08/20 18:05:00",YWPS3,0
D,DISPATCH,UNIT_SCADA,1,"2019/08/20 18:05:00",YWPS4,394.955690
C,"END OF REPORT",334
