C,NEMP.WORLD,DISPATCHSCADA,AEMO,PUBLIC,2019/09/05,21:50:07,0000000312437876,DISPATCHSCADA,0000000312437870
I,DISPATCH,UNIT_SCADA,1,SETTLEMENTDATE,DUID,SCADAVALUE
D,DISPATCH,UNIT_SCADA,1,"2019/09/05 21:55:00",BARCSF1,0.30
D,DISPATCH,UNIT_SCADA,1,"2019/09/05 21:55:00",BUTLERSG,10.199999
D,DISPATCH,UNIT_SCADA,1,"2019/09/05 21:55:00",CALL_A_4,0
D,DISPATCH,UNIT_SCADA,1,"2019/09/05 21:55:00",CAPTL_WF,27.5280
D,DISPATCH,UNIT_SCADA,1,"2019/09/05 21:55:00",CATHROCK,0
D,DISPATCH,UNIT_SCADA,1,"2019/09/05 21:55:00",CHALLHWF,7.90
D,DISPATCH,UNIT_SCADA,1,"2019/09/05 21:55:00",CLOVER,-0.01
D,DISPATCH,UNIT_SCADA,1,"2019/09/05 21:55:00",CLUNY,17.006638
D,DISPATCH,UNIT_SCADA,1,"2019/09/05 21:55:00",CNUNDAWF,6.908059
D,DISPATCH,UNIT_SCADA,1,"2019/09/05 21:55:00",CULLRGWF,12.84
D,DISPATCH,UNIT_SCADA,1,"2019/09/05 21:55:00",ERGT01,0
D,DISPATCH,UNIT_SCADA,1,"2019/09/05 21:55:00",GB01,0.013638
D,DISPATCH,UNIT_SCADA,1,"2019/09/05 21:55:00",GERMCRK,36.900002
D,DISPATCH,UNIT_SCADA,1,"2019/09/05 21:55:00",GRIFSF1,0
D,DISPATCH,UNIT_SCADA,1,"2019/09/05 21:55:00",HUGSF1,-0.1310
D,DISPATCH,UNIT_SCADA,1,"2019/09/05 21:55:00",LKBONNY1,17.147398
D,DISPATCH,UNIT_SCADA,1,"2019/09/05 21:55:00",LRSF1,-0.0010
D,DISPATCH,UNIT_SCADA,1,"2019/09/05 21:55:00",MBAHNTH,46.856247
D,DISPATCH,UNIT_SCADA,1,"2019/09/05 21:55:00",MLSP1,0
D,DISPATCH,UNIT_SCADA,1,"2019/09/05 21:55:00",MLWF1,-0.0150
D,DISPATCH,UNIT_SCADA,1,"2019/09/05 21:55:00",MTMILLAR,34.430946
D,DISPATCH,UNIT_SCADA,1,"2019/09/05 21:55:00",PALOONA,25.48
D,DISPATCH,UNIT_SCADA,1,"2019/09/05 21:55:00",PIONEER,50
D,DISPATCH,UNIT_SCADA,1,"2019/09/05 21:55:00",PORTWF,59.200001
D,DISPATCH,UNIT_SCADA,1,"2019/09/05 21:55:00",REPULSE,32.829479
D,DISPATCH,UNIT_SCADA,1,"2019/09/05 21:55:00",ROWALLAN,10.3873
D,DISPATCH,UNIT_SCADA,1,"2019/09/05 21:55:00",ROYALLA1,0
D,DISPATCH,UNIT_SCADA,1,"2019/09/05 21:55:00",RPCG,8.80
D,DISPATCH,UNIT_SCADA,1,"2019/09/05 21:55:00",RUBICON,0
D,DISPATCH,UNIT_SCADA,1,"2019/09/05 21:55:00",SATGN1,0
D,DISPATCH,UNIT_SCADA,1,"2019/09/05 21:55:00",SATGS1,0
D,DISPATCH,UNIT_SCADA,1,"2019/09/05 21:55:00",STARHLWF,29.291458
D,DISPATCH,UNIT_SCADA,1,"2019/09/05 21:55:00",WAUBRAWF,54.035999
D,DISPATCH,UNIT_SCADA,1,"2019/09/05 21:55:00",WOOLNTH1,109.470016
D,DISPATCH,UNIT_SCADA,1,"2019/09/05 21:55:00",WPWF,46
D,DISPATCH,UNIT_SCADA,1,"2019/09/05 21:55:00",YAMBUKWF,1.90
D,DISPATCH,UNIT_SCADA,1,"2019/09/05 21:55:00",YSWF1,10.80
D,DISPATCH,UNIT_SCADA,1,"2019/09/05 21:55:00",AGLHAL,0
D,DISPATCH,UNIT_SCADA,1,"2019/09/05 21:55:00",AGLSOM,119.600010
D,DISPATCH,UNIT_SCADA,1,"2019/09/05 21:55:00",ANGAST1,0
D,DISPATCH,UNIT_SCADA,1,"2019/09/05 21:55:00",ARWF1,53.60
D,DISPATCH,UNIT_SCADA,1,"2019/09/05 21:55:00",BALBG1,0
D,DISPATCH,UNIT_SCADA,1,"2019/09/05 21:55:00",BALBL1,0
D,DISPATCH,UNIT_SCADA,1,"2019/09/05 21:55:00",BALDHWF1,40.9620
D,DISPATCH,UNIT_SCADA,1,"2019/09/05 21:55:00",BANN1,0
D,DISPATCH,UNIT_SCADA,1,"2019/09/05 21:55:00",BARCALDN,0
D,DISPATCH,UNIT_SCADA,1,"2019/09/05 21:55:00",BARRON-1,32.44
D,DISPATCH,UNIT_SCADA,1,"2019/09/05 21:55:00",BARRON-2,0
D,DISPATCH,UNIT_SCADA,1,"2019/09/05 21:55:00",BASTYAN,80.290010
D,DISPATCH,UNIT_SCADA,1,"2019/09/05 21:55:00",BBTHREE1,0
D,DISPATCH,UNIT_SCADA,1,"2019/09/05 21:55:00",BBTHREE2,0
D,DISPATCH,UNIT_SCADA,1,"2019/09/05 21:55:00",BBTHREE3,0
D,DISPATCH,UNIT_SCADA,1,"2019/09/05 21:55:00",BDL01,44.10
D,DISPATCH,UNIT_SCADA,1,"2019/09/05 21:55:00",BDL02,44.16
D,DISPATCH,UNIT_SCADA,1,"2019/09/05 21:55:00",BERYLSF1,0
D,DISPATCH,UNIT_SCADA,1,"2019/09/05 21:55:00",BLOWERNG,15.40
D,DISPATCH,UNIT_SCADA,1,"2019/09/05 21:55:00",BLUFF1,45.10
D,DISPATCH,UNIT_SCADA,1,"2019/09/05 21:55:00",BNGSF1,0
D,DISPATCH,UNIT_SCADA,1,"2019/09/05 21:55:00",BNGSF2,0
D,DISPATCH,UNIT_SCADA,1,"2019/09/05 21:55:00",BOCORWF1,4
D,DISPATCH,UNIT_SCADA,1,"2019/09/05 21:55:00",BODWF1,10.571430
D,DISPATCH,UNIT_SCADA,1,"2019/09/05 21:55:00",BRAEMAR1,0
D,DISPATCH,UNIT_SCADA,1,"2019/09/05 21:55:00",BRAEMAR2,0
D,DISPATCH,UNIT_SCADA,1,"2019/09/05 21:55:00",BRAEMAR3,12.20
D,DISPATCH,UNIT_SCADA,1,"2019/09/05 21:55:00",BRAEMAR5,0
D,DISPATCH,UNIT_SCADA,1,"2019/09/05 21:55:00",BRAEMAR6,0
D,DISPATCH,UNIT_SCADA,1,"2019/09/05 21:55:00",BRAEMAR7,0
D,DISPATCH,UNIT_SCADA,1,"2019/09/05 21:55:00",BROKENH1,0
D,DISPATCH,UNIT_SCADA,1,"2019/09/05 21:55:00",BW01,559.025020
D,DISPATCH,UNIT_SCADA,1,"2019/09/05 21:55:00",BW02,623.525020
D,DISPATCH,UNIT_SCADA,1,"2019/09/05 21:55:00",BW03,630
D,DISPATCH,UNIT_SCADA,1,"2019/09/05 21:55:00",BW04,0
D,DISPATCH,UNIT_SCADA,1,"2019/09/05 21:55:00",CALL_B_1,342.600010
D,DISPATCH,UNIT_SCADA,1,"2019/09/05 21:55:00",CALL_B_2,287.800020
D,DISPATCH,UNIT_SCADA,1,"2019/09/05 21:55:00",CETHANA,78.665250
D,DISPATCH,UNIT_SCADA,1,"2019/09/05 21:55:00",CG1,0
D,DISPATCH,UNIT_SCADA,1,"2019/09/05 21:55:00",CG2,0
D,DISPATCH,UNIT_SCADA,1,"2019/09/05 21:55:00",CG3,0
D,DISPATCH,UNIT_SCADA,1,"2019/09/05 21:55:00",CG4,0
D,DISPATCH,UNIT_SCADA,1,"2019/09/05 21:55:00",CHILDSF1,0
D,DISPATCH,UNIT_SCADA,1,"2019/09/05 21:55:00",CLARESF1,0
D,DISPATCH,UNIT_SCADA,1,"2019/09/05 21:55:00",CLEMGPWF,39.835360
D,DISPATCH,UNIT_SCADA,1,"2019/09/05 21:55:00",CLERMSF1,0
D,DISPATCH,UNIT_SCADA,1,"2019/09/05 21:55:00",COLEASF1,0
D,DISPATCH,UNIT_SCADA,1,"2019/09/05 21:55:00",COOPGWF1,18.796730
D,DISPATCH,UNIT_SCADA,1,"2019/09/05 21:55:00",CPP_3,406.175020
D,DISPATCH,UNIT_SCADA,1,"2019/09/05 21:55:00",CPP_4,405.899990
D,DISPATCH,UNIT_SCADA,1,"2019/09/05 21:55:00",CPSA,142.0475
D,DISPATCH,UNIT_SCADA,1,"2019/09/05 21:55:00",CROOKWF2,29.733750
D,DISPATCH,UNIT_SCADA,1,"2019/09/05 21:55:00",CROWLWF1,24.114180
D,DISPATCH,UNIT_SCADA,1,"2019/09/05 21:55:00",CSPVPS1,0
D,DISPATCH,UNIT_SCADA,1,"2019/09/05 21:55:00",DALNTH01,0
D,DISPATCH,UNIT_SCADA,1,"2019/09/05 21:55:00",DALNTHL1,0.0412
D,DISPATCH,UNIT_SCADA,1,"2019/09/05 21:55:00",DARTM1,131.899990
D,DISPATCH,UNIT_SCADA,1,"2019/09/05 21:55:00",DAYDSF1,0
D,DISPATCH,UNIT_SCADA,1,"2019/09/05 21:55:00",DDPS1,566.037170
D,DISPATCH,UNIT_SCADA,1,"2019/09/05 21:55:00",DDSF1,0
D,DISPATCH,UNIT_SCADA,1,"2019/09/05 21:55:00",DEVILS_G,63.981450
D,DISPATCH,UNIT_SCADA,1,"2019/09/05 21:55:00",DG_NSW1,0
D,DISPATCH,UNIT_SCADA,1,"2019/09/05 21:55:00",DG_QLD1,0
D,DISPATCH,UNIT_SCADA,1,"2019/09/05 21:55:00",DG_SA1,0
D,DISPATCH,UNIT_SCADA,1,"2019/09/05 21:55:00",DG_TAS1,0
D,DISPATCH,UNIT_SCADA,1,"2019/09/05 21:55:00",DG_VIC1,0
D,DISPATCH,UNIT_SCADA,1,"2019/09/05 21:55:00",DRYCGT1,0
D,DISPATCH,UNIT_SCADA,1,"2019/09/05 21:55:00",DRYCGT2,0
D,DISPATCH,UNIT_SCADA,1,"2019/09/05 21:55:00",DRYCGT3,0
D,DISPATCH,UNIT_SCADA,1,"2019/09/05 21:55:00",EILDON1,0
D,DISPATCH,UNIT_SCADA,1,"2019/09/05 21:55:00",EILDON2,0
D,DISPATCH,UNIT_SCADA,1,"2019/09/05 21:55:00",EMERASF1,0
D,DISPATCH,UNIT_SCADA,1,"2019/09/05 21:55:00",ER01,573.474980
D,DISPATCH,UNIT_SCADA,1,"2019/09/05 21:55:00",ER02,679.599980
D,DISPATCH,UNIT_SCADA,1,"2019/09/05 21:55:00",ER03,0
D,DISPATCH,UNIT_SCADA,1,"2019/09/05 21:55:00",ER04,669.650020
D,DISPATCH,UNIT_SCADA,1,"2019/09/05 21:55:00",FINLYSF1,0
D,DISPATCH,UNIT_SCADA,1,"2019/09/05 21:55:00",FISHER,45.84
D,DISPATCH,UNIT_SCADA,1,"2019/09/05 21:55:00",GANNBG1,6.799530
D,DISPATCH,UNIT_SCADA,1,"2019/09/05 21:55:00",GANNBL1,0
D,DISPATCH,UNIT_SCADA,1,"2019/09/05 21:55:00",GANNSF1,0
D,DISPATCH,UNIT_SCADA,1,"2019/09/05 21:55:00",GORDON,21.022960
D,DISPATCH,UNIT_SCADA,1,"2019/09/05 21:55:00",GSTONE1,201.95
D,DISPATCH,UNIT_SCADA,1,"2019/09/05 21:55:00",GSTONE2,191.6250
D,DISPATCH,UNIT_SCADA,1,"2019/09/05 21:55:00",GSTONE3,0
D,DISPATCH,UNIT_SCADA,1,"2019/09/05 21:55:00",GSTONE4,203.524990
D,DISPATCH,UNIT_SCADA,1,"2019/09/05 21:55:00",GSTONE5,198.45
D,DISPATCH,UNIT_SCADA,1,"2019/09/05 21:55:00",GSTONE6,199.849990
D,DISPATCH,UNIT_SCADA,1,"2019/09/05 21:55:00",GULLRSF1,0
D,DISPATCH,UNIT_SCADA,1,"2019/09/05 21:55:00",GULLRWF1,43.395810
D,DISPATCH,UNIT_SCADA,1,"2019/09/05 21:55:00",GUNNING1,23.617150
D,DISPATCH,UNIT_SCADA,1,"2019/09/05 21:55:00",GUTHEGA,31.20
D,DISPATCH,UNIT_SCADA,1,"2019/09/05 21:55:00",HALLWF1,79.78
D,DISPATCH,UNIT_SCADA,1,"2019/09/05 21:55:00",HALLWF2,62.09
D,DISPATCH,UNIT_SCADA,1,"2019/09/05 21:55:00",HAMISF1,0
D,DISPATCH,UNIT_SCADA,1,"2019/09/05 21:55:00",HAUGHT11,0
D,DISPATCH,UNIT_SCADA,1,"2019/09/05 21:55:00",HAYMSF1,0
D,DISPATCH,UNIT_SCADA,1,"2019/09/05 21:55:00",HDWF1,45.80
D,DISPATCH,UNIT_SCADA,1,"2019/09/05 21:55:00",HDWF2,40.90
D,DISPATCH,UNIT_SCADA,1,"2019/09/05 21:55:00",HDWF3,66.60
D,DISPATCH,UNIT_SCADA,1,"2019/09/05 21:55:00",HPRG1,0
D,DISPATCH,UNIT_SCADA,1,"2019/09/05 21:55:00",HPRL1,20.60
D,DISPATCH,UNIT_SCADA,1,"2019/09/05 21:55:00",HUMENSW,0
D,DISPATCH,UNIT_SCADA,1,"2019/09/05 21:55:00",HUMEV,24.40
D,DISPATCH,UNIT_SCADA,1,"2019/09/05 21:55:00",HVGTS,0
D,DISPATCH,UNIT_SCADA,1,"2019/09/05 21:55:00",JBUTTERS,20.35
D,DISPATCH,UNIT_SCADA,1,"2019/09/05 21:55:00",JLA01,0.10
D,DISPATCH,UNIT_SCADA,1,"2019/09/05 21:55:00",JLA02,0
D,DISPATCH,UNIT_SCADA,1,"2019/09/05 21:55:00",JLA03,0
D,DISPATCH,UNIT_SCADA,1,"2019/09/05 21:55:00",JLA04,0
D,DISPATCH,UNIT_SCADA,1,"2019/09/05 21:55:00",JLB01,0
D,DISPATCH,UNIT_SCADA,1,"2019/09/05 21:55:00",JLB02,0.10
D,DISPATCH,UNIT_SCADA,1,"2019/09/05 21:55:00",JLB03,0
D,DISPATCH,UNIT_SCADA,1,"2019/09/05 21:55:00",KAREEYA1,21.5375
D,DISPATCH,UNIT_SCADA,1,"2019/09/05 21:55:00",KAREEYA2,21.4725
D,DISPATCH,UNIT_SCADA,1,"2019/09/05 21:55:00",KAREEYA3,0
D,DISPATCH,UNIT_SCADA,1,"2019/09/05 21:55:00",KAREEYA4,21.4850
D,DISPATCH,UNIT_SCADA,1,"2019/09/05 21:55:00",KARSF1,0
D,DISPATCH,UNIT_SCADA,1,"2019/09/05 21:55:00",KIATAWF1,30.90
D,DISPATCH,UNIT_SCADA,1,"2019/09/05 21:55:00",KPP_1,0
D,DISPATCH,UNIT_SCADA,1,"2019/09/05 21:55:00",KSP1,0
D,DISPATCH,UNIT_SCADA,1,"2019/09/05 21:55:00",LADBROK1,42.31
D,DISPATCH,UNIT_SCADA,1,"2019/09/05 21:55:00",LADBROK2,42.74
D,DISPATCH,UNIT_SCADA,1,"2019/09/05 21:55:00",LD01,410.962460
D,DISPATCH,UNIT_SCADA,1,"2019/09/05 21:55:00",LD02,397.181210
D,DISPATCH,UNIT_SCADA,1,"2019/09/05 21:55:00",LD03,416.887480
D,DISPATCH,UNIT_SCADA,1,"2019/09/05 21:55:00",LD04,382.387480
D,DISPATCH,UNIT_SCADA,1,"2019/09/05 21:55:00",LEM_WIL,85.246750
D,DISPATCH,UNIT_SCADA,1,"2019/09/05 21:55:00",LGAPWF1,34
D,DISPATCH,UNIT_SCADA,1,"2019/09/05 21:55:00",LILYSF1,0
D,DISPATCH,UNIT_SCADA,1,"2019/09/05 21:55:00",LI_WY_CA,138.7608
D,DISPATCH,UNIT_SCADA,1,"2019/09/05 21:55:00",LKBONNY2,28.065540
D,DISPATCH,UNIT_SCADA,1,"2019/09/05 21:55:00",LKBONNY3,3.572610
D,DISPATCH,UNIT_SCADA,1,"2019/09/05 21:55:00",LK_ECHO,0
D,DISPATCH,UNIT_SCADA,1,"2019/09/05 21:55:00",LNGS1,0
D,DISPATCH,UNIT_SCADA,1,"2019/09/05 21:55:00",LNGS2,0
D,DISPATCH,UNIT_SCADA,1,"2019/09/05 21:55:00",LONSDALE,0
D,DISPATCH,UNIT_SCADA,1,"2019/09/05 21:55:00",LOYYB1,530.825320
D,DISPATCH,UNIT_SCADA,1,"2019/09/05 21:55:00",LOYYB2,576.691160
D,DISPATCH,UNIT_SCADA,1,"2019/09/05 21:55:00",LYA1,0
D,DISPATCH,UNIT_SCADA,1,"2019/09/05 21:55:00",LYA2,0
D,DISPATCH,UNIT_SCADA,1,"2019/09/05 21:55:00",LYA3,560
D,DISPATCH,UNIT_SCADA,1,"2019/09/05 21:55:00",LYA4,542
D,DISPATCH,UNIT_SCADA,1,"2019/09/05 21:55:00",MACARTH1,0
D,DISPATCH,UNIT_SCADA,1,"2019/09/05 21:55:00",MACKAYGT,0.2240
D,DISPATCH,UNIT_SCADA,1,"2019/09/05 21:55:00",MACKNTSH,88.610010
D,DISPATCH,UNIT_SCADA,1,"2019/09/05 21:55:00",MANSLR1,0
D,DISPATCH,UNIT_SCADA,1,"2019/09/05 21:55:00",MCKAY1,0.0750
D,DISPATCH,UNIT_SCADA,1,"2019/09/05 21:55:00",MEADOWBK,33.752980
D,DISPATCH,UNIT_SCADA,1,"2019/09/05 21:55:00",MERCER01,11.8070
D,DISPATCH,UNIT_SCADA,1,"2019/09/05 21:55:00",MEWF1,24.702980
D,DISPATCH,UNIT_SCADA,1,"2019/09/05 21:55:00",MINTARO,0
D,DISPATCH,UNIT_SCADA,1,"2019/09/05 21:55:00",MOREESF1,0
D,DISPATCH,UNIT_SCADA,1,"2019/09/05 21:55:00",MORTLK11,260
D,DISPATCH,UNIT_SCADA,1,"2019/09/05 21:55:00",MORTLK12,0
D,DISPATCH,UNIT_SCADA,1,"2019/09/05 21:55:00",MP1,221.975040
D,DISPATCH,UNIT_SCADA,1,"2019/09/05 21:55:00",MP2,0
D,DISPATCH,UNIT_SCADA,1,"2019/09/05 21:55:00",MPP_1,401.75
D,DISPATCH,UNIT_SCADA,1,"2019/09/05 21:55:00",MPP_2,434.75
D,DISPATCH,UNIT_SCADA,1,"2019/09/05 21:55:00",MSTUART1,0
D,DISPATCH,UNIT_SCADA,1,"2019/09/05 21:55:00",MSTUART2,0
D,DISPATCH,UNIT_SCADA,1,"2019/09/05 21:55:00",MSTUART3,0
D,DISPATCH,UNIT_SCADA,1,"2019/09/05 21:55:00",MTGELWF1,0.012210
D,DISPATCH,UNIT_SCADA,1,"2019/09/05 21:55:00",MURRAY,0
D,DISPATCH,UNIT_SCADA,1,"2019/09/05 21:55:00",MUSSELR1,55
D,DISPATCH,UNIT_SCADA,1,"2019/09/05 21:55:00",MUWAWF1,28.04
D,DISPATCH,UNIT_SCADA,1,"2019/09/05 21:55:00",NBHWF1,94.20
D,DISPATCH,UNIT_SCADA,1,"2019/09/05 21:55:00",NPS,342.3750
D,DISPATCH,UNIT_SCADA,1,"2019/09/05 21:55:00",NUMURSF1,0
D,DISPATCH,UNIT_SCADA,1,"2019/09/05 21:55:00",NYNGAN1,0
D,DISPATCH,UNIT_SCADA,1,"2019/09/05 21:55:00",OAKEY1,0
D,DISPATCH,UNIT_SCADA,1,"2019/09/05 21:55:00",OAKEY1SF,0
D,DISPATCH,UNIT_SCADA,1,"2019/09/05 21:55:00",OAKEY2,0
D,DISPATCH,UNIT_SCADA,1,"2019/09/05 21:55:00",OAKEY2SF,0
D,DISPATCH,UNIT_SCADA,1,"2019/09/05 21:55:00",OAKLAND1,-0.20
D,DISPATCH,UNIT_SCADA,1,"2019/09/05 21:55:00",OSB-AG,0
D,DISPATCH,UNIT_SCADA,1,"2019/09/05 21:55:00",PARSF1,0
D,DISPATCH,UNIT_SCADA,1,"2019/09/05 21:55:00",POAT110,0
D,DISPATCH,UNIT_SCADA,1,"2019/09/05 21:55:00",POAT220,0
D,DISPATCH,UNIT_SCADA,1,"2019/09/05 21:55:00",POR01,0
D,DISPATCH,UNIT_SCADA,1,"2019/09/05 21:55:00",POR03,0
D,DISPATCH,UNIT_SCADA,1,"2019/09/05 21:55:00",PPCCGT,399.714480
D,DISPATCH,UNIT_SCADA,1,"2019/09/05 21:55:00",PTSTAN1,0
D,DISPATCH,UNIT_SCADA,1,"2019/09/05 21:55:00",PUMP1,0
D,DISPATCH,UNIT_SCADA,1,"2019/09/05 21:55:00",PUMP2,0
D,DISPATCH,UNIT_SCADA,1,"2019/09/05 21:55:00",QPS1,29
D,DISPATCH,UNIT_SCADA,1,"2019/09/05 21:55:00",QPS2,0
D,DISPATCH,UNIT_SCADA,1,"2019/09/05 21:55:00",QPS3,0
D,DISPATCH,UNIT_SCADA,1,"2019/09/05 21:55:00",QPS4,0
D,DISPATCH,UNIT_SCADA,1,"2019/09/05 21:55:00",QPS5,0
D,DISPATCH,UNIT_SCADA,1,"2019/09/05 21:55:00",REECE1,116.940010
D,DISPATCH,UNIT_SCADA,1,"2019/09/05 21:55:00",REECE2,116.870010
D,DISPATCH,UNIT_SCADA,1,"2019/09/05 21:55:00",ROMA_7,0
D,DISPATCH,UNIT_SCADA,1,"2019/09/05 21:55:00",ROMA_8,0
D,DISPATCH,UNIT_SCADA,1,"2019/09/05 21:55:00",RRSF1,0
D,DISPATCH,UNIT_SCADA,1,"2019/09/05 21:55:00",RT_NSW1,0
D,DISPATCH,UNIT_SCADA,1,"2019/09/05 21:55:00",RT_NSW2,0
D,DISPATCH,UNIT_SCADA,1,"2019/09/05 21:55:00",RT_NSW3,0
D,DISPATCH,UNIT_SCADA,1,"2019/09/05 21:55:00",RT_NSW4,0
D,DISPATCH,UNIT_SCADA,1,"2019/09/05 21:55:00",RT_NSW5,0
D,DISPATCH,UNIT_SCADA,1,"2019/09/05 21:55:00",RT_NSW6,0
D,DISPATCH,UNIT_SCADA,1,"2019/09/05 21:55:00",RT_QLD1,0
D,DISPATCH,UNIT_SCADA,1,"2019/09/05 21:55:00",RT_SA1,0
D,DISPATCH,UNIT_SCADA,1,"2019/09/05 21:55:00",RT_SA2,0
D,DISPATCH,UNIT_SCADA,1,"2019/09/05 21:55:00",RT_SA3,0
D,DISPATCH,UNIT_SCADA,1,"2019/09/05 21:55:00",RT_SA4,0
D,DISPATCH,UNIT_SCADA,1,"2019/09/05 21:55:00",RT_SA5,0
D,DISPATCH,UNIT_SCADA,1,"2019/09/05 21:55:00",RT_SA6,0
D,DISPATCH,UNIT_SCADA,1,"2019/09/05 21:55:00",RT_TAS1,0
D,DISPATCH,UNIT_SCADA,1,"2019/09/05 21:55:00",RT_VIC1,0
D,DISPATCH,UNIT_SCADA,1,"2019/09/05 21:55:00",RT_VIC10,0
D,DISPATCH,UNIT_SCADA,1,"2019/09/05 21:55:00",RT_VIC11,0
D,DISPATCH,UNIT_SCADA,1,"2019/09/05 21:55:00",RT_VIC12,0
D,DISPATCH,UNIT_SCADA,1,"2019/09/05 21:55:00",RT_VIC2,0
D,DISPATCH,UNIT_SCADA,1,"2019/09/05 21:55:00",RT_VIC3,0
D,DISPATCH,UNIT_SCADA,1,"2019/09/05 21:55:00",RT_VIC4,0
D,DISPATCH,UNIT_SCADA,1,"2019/09/05 21:55:00",RT_VIC5,0
D,DISPATCH,UNIT_SCADA,1,"2019/09/05 21:55:00",RT_VIC6,0
D,DISPATCH,UNIT_SCADA,1,"2019/09/05 21:55:00",RT_VIC7,0
D,DISPATCH,UNIT_SCADA,1,"2019/09/05 21:55:00",RT_VIC8,0
D,DISPATCH,UNIT_SCADA,1,"2019/09/05 21:55:00",RT_VIC9,0
D,DISPATCH,UNIT_SCADA,1,"2019/09/05 21:55:00",RUGBYR1,0
D,DISPATCH,UNIT_SCADA,1,"2019/09/05 21:55:00",SALTCRK1,-0.05
D,DISPATCH,UNIT_SCADA,1,"2019/09/05 21:55:00",SAPHWF1,52.3031
D,DISPATCH,UNIT_SCADA,1,"2019/09/05 21:55:00",SHGEN,0
D,DISPATCH,UNIT_SCADA,1,"2019/09/05 21:55:00",SHPUMP,0
D,DISPATCH,UNIT_SCADA,1,"2019/09/05 21:55:00",SITHE01,0.224190
D,DISPATCH,UNIT_SCADA,1,"2019/09/05 21:55:00",SMCSF1,0
D,DISPATCH,UNIT_SCADA,1,"2019/09/05 21:55:00",SNOWNTH1,80.70
D,DISPATCH,UNIT_SCADA,1,"2019/09/05 21:55:00",SNOWSTH1,104.60
D,DISPATCH,UNIT_SCADA,1,"2019/09/05 21:55:00",SNOWTWN1,72.441170
D,DISPATCH,UNIT_SCADA,1,"2019/09/05 21:55:00",SNOWYP,0
D,DISPATCH,UNIT_SCADA,1,"2019/09/05 21:55:00",SNUG1,0.019440
D,DISPATCH,UNIT_SCADA,1,"2019/09/05 21:55:00",SRSF1,0.22
D,DISPATCH,UNIT_SCADA,1,"2019/09/05 21:55:00",STAN-1,254.4846
D,DISPATCH,UNIT_SCADA,1,"2019/09/05 21:55:00",STAN-2,355.155610
D,DISPATCH,UNIT_SCADA,1,"2019/09/05 21:55:00",STAN-3,366.794160
D,DISPATCH,UNIT_SCADA,1,"2019/09/05 21:55:00",STAN-4,364.974030
D,DISPATCH,UNIT_SCADA,1,"2019/09/05 21:55:00",STWF1,0
D,DISPATCH,UNIT_SCADA,1,"2019/09/05 21:55:00",SWAN_E,0
D,DISPATCH,UNIT_SCADA,1,"2019/09/05 21:55:00",TALWA1,415
D,DISPATCH,UNIT_SCADA,1,"2019/09/05 21:55:00",TARALGA1,27.202480
D,DISPATCH,UNIT_SCADA,1,"2019/09/05 21:55:00",TARONG#1,350.200010
D,DISPATCH,UNIT_SCADA,1,"2019/09/05 21:55:00",TARONG#2,0
D,DISPATCH,UNIT_SCADA,1,"2019/09/05 21:55:00",TARONG#3,348.700010
D,DISPATCH,UNIT_SCADA,1,"2019/09/05 21:55:00",TARONG#4,350.300020
D,DISPATCH,UNIT_SCADA,1,"2019/09/05 21:55:00",TARRALEA,73.90
D,DISPATCH,UNIT_SCADA,1,"2019/09/05 21:55:00",TBSF1,-0.20
D,DISPATCH,UNIT_SCADA,1,"2019/09/05 21:55:00",TNPS1,397.600010
D,DISPATCH,UNIT_SCADA,1,"2019/09/05 21:55:00",TORRA1,55.428120
D,DISPATCH,UNIT_SCADA,1,"2019/09/05 21:55:00",TORRA2,0
D,DISPATCH,UNIT_SCADA,1,"2019/09/05 21:55:00",TORRA3,0
D,DISPATCH,UNIT_SCADA,1,"2019/09/05 21:55:00",TORRA4,53.9749
D,DISPATCH,UNIT_SCADA,1,"2019/09/05 21:55:00",TORRB1,69.14
D,DISPATCH,UNIT_SCADA,1,"2019/09/05 21:55:00",TORRB2,67.85
D,DISPATCH,UNIT_SCADA,1,"2019/09/05 21:55:00",TORRB3,67.21
D,DISPATCH,UNIT_SCADA,1,"2019/09/05 21:55:00",TORRB4,0
D,DISPATCH,UNIT_SCADA,1,"2019/09/05 21:55:00",TREVALLN,92.560030
D,DISPATCH,UNIT_SCADA,1,"2019/09/05 21:55:00",TRIBUTE,0
D,DISPATCH,UNIT_SCADA,1,"2019/09/05 21:55:00",TUMUT3,227.400010
D,DISPATCH,UNIT_SCADA,1,"2019/09/05 21:55:00",TUNGATIN,5.830030
D,DISPATCH,UNIT_SCADA,1,"2019/09/05 21:55:00",TVCC201,0
D,DISPATCH,UNIT_SCADA,1,"2019/09/05 21:55:00",TVPP104,0
D,DISPATCH,UNIT_SCADA,1,"2019/09/05 21:55:00",UPPTUMUT,559.811710
D,DISPATCH,UNIT_SCADA,1,"2019/09/05 21:55:00",URANQ11,0
D,DISPATCH,UNIT_SCADA,1,"2019/09/05 21:55:00",URANQ12,0
D,DISPATCH,UNIT_SCADA,1,"2019/09/05 21:55:00",URANQ13,0
D,DISPATCH,UNIT_SCADA,1,"2019/09/05 21:55:00",URANQ14,0
D,DISPATCH,UNIT_SCADA,1,"2019/09/05 21:55:00",VP5,410.575010
D,DISPATCH,UNIT_SCADA,1,"2019/09/05 21:55:00",VP6,0
D,DISPATCH,UNIT_SCADA,1,"2019/09/05 21:55:00",VPGS1,0
D,DISPATCH,UNIT_SCADA,1,"2019/09/05 21:55:00",VPGS2,0
D,DISPATCH,UNIT_SCADA,1,"2019/09/05 21:55:00",VPGS3,0
D,DISPATCH,UNIT_SCADA,1,"2019/09/05 21:55:00",VPGS4,0
D,DISPATCH,UNIT_SCADA,1,"2019/09/05 21:55:00",VPGS5,0
D,DISPATCH,UNIT_SCADA,1,"2019/09/05 21:55:00",VPGS6,0
D,DISPATCH,UNIT_SCADA,1,"2019/09/05 21:55:00",W/HOE#1,0
D,DISPATCH,UNIT_SCADA,1,"2019/09/05 21:55:00",W/HOE#2,0
D,DISPATCH,UNIT_SCADA,1,"2019/09/05 21:55:00",WATERLWF,118.30
D,DISPATCH,UNIT_SCADA,1,"2019/09/05 21:55:00",WEMENSF1,0
D,DISPATCH,UNIT_SCADA,1,"2019/09/05 21:55:00",WGWF1,68.50
D,DISPATCH,UNIT_SCADA,1,"2019/09/05 21:55:00",WHITSF1,0
D,DISPATCH,UNIT_SCADA,1,"2019/09/05 21:55:00",WKIEWA1,14.90
D,DISPATCH,UNIT_SCADA,1,"2019/09/05 21:55:00",WKIEWA2,15.10
D,DISPATCH,UNIT_SCADA,1,"2019/09/05 21:55:00",WOODLWN1,10.2150
D,DISPATCH,UNIT_SCADA,1,"2019/09/05 21:55:00",WRSF1,0
D,DISPATCH,UNIT_SCADA,1,"2019/09/05 21:55:00",WRWF1,13.0250
D,DISPATCH,UNIT_SCADA,1,"2019/09/05 21:55:00",YABULU,161.280010
D,DISPATCH,UNIT_SCADA,1,"2019/09/05 21:55:00",YABULU2,0
D,DISPATCH,UNIT_SCADA,1,"2019/09/05 21:55:00",YARWUN_1,165.05
D,DISPATCH,UNIT_SCADA,1,"2019/09/05 21:55:00",YENDWF1,42.23
D,DISPATCH,UNIT_SCADA,1,"2019/09/05 21:55:00",YWPS1,320.549380
D,DISPATCH,UNIT_SCADA,1,"2019/09/05 21:55:00",YWPS2,278.192410
D,DISPATCH,UNIT_SCADA,1,"2019/09/05 21:55:00",YWPS3,319.869630
D,DISPATCH,UNIT_SCADA,1,"2019/09/05 21:55:00",YWPS4,390.156950
C,"END OF REPORT",335
