C,NEMP.WORLD,DISPATCHSCADA,AEMO,PUBLIC,2019/08/21,08:45:09,0000000311819033,DISPATCHSCADA,0000000311819027
I,DISPATCH,UNIT_SCADA,1,SETTLEMENTDATE,DUID,SCADAVALUE
D,DISPATCH,UNIT_SCADA,1,"2019/08/21 08:50:00",BARCSF1,17.800001
D,DISPATCH,UNIT_SCADA,1,"2019/08/21 08:50:00",BUTLERSG,9.699999
D,DISPATCH,UNIT_SCADA,1,"2019/08/21 08:50:00",CALL_A_4,0
D,DISPATCH,UNIT_SCADA,1,"2019/08/21 08:50:00",CAPTL_WF,133.432007
D,DISPATCH,UNIT_SCADA,1,"2019/08/21 08:50:00",CATHROCK,35.749996
D,DISPATCH,UNIT_SCADA,1,"2019/08/21 08:50:00",CHALLHWF,36.300003
D,DISPATCH,UNIT_SCADA,1,"2019/08/21 08:50:00",CLOVER,0
D,DISPATCH,UNIT_SCADA,1,"2019/08/21 08:50:00",CLUNY,20.154268
D,DISPATCH,UNIT_SCADA,1,"2019/08/21 08:50:00",CNUNDAWF,35.741695
D,DISPATCH,UNIT_SCADA,1,"2019/08/21 08:50:00",CULLRGWF,30.42
D,DISPATCH,UNIT_SCADA,1,"2019/08/21 08:50:00",ERGT01,0
D,DISPATCH,UNIT_SCADA,1,"2019/08/21 08:50:00",GB01,0.057713
D,DISPATCH,UNIT_SCADA,1,"2019/08/21 08:50:00",GERMCRK,39.200001
D,DISPATCH,UNIT_SCADA,1,"2019/08/21 08:50:00",GRIFSF1,2.600006
D,DISPATCH,UNIT_SCADA,1,"2019/08/21 08:50:00",HUGSF1,8.9490
D,DISPATCH,UNIT_SCADA,1,"2019/08/21 08:50:00",LKBONNY1,63.856194
D,DISPATCH,UNIT_SCADA,1,"2019/08/21 08:50:00",LRSF1,13.295001
D,DISPATCH,UNIT_SCADA,1,"2019/08/21 08:50:00",MBAHNTH,55.856247
D,DISPATCH,UNIT_SCADA,1,"2019/08/21 08:50:00",MLSP1,7.490001
D,DISPATCH,UNIT_SCADA,1,"2019/08/21 08:50:00",MLWF1,19.6050
D,DISPATCH,UNIT_SCADA,1,"2019/08/21 08:50:00",MTMILLAR,12.806497
D,DISPATCH,UNIT_SCADA,1,"2019/08/21 08:50:00",PALOONA,26.889999
D,DISPATCH,UNIT_SCADA,1,"2019/08/21 08:50:00",PIONEER,47
D,DISPATCH,UNIT_SCADA,1,"2019/08/21 08:50:00",PORTWF,125.300003
D,DISPATCH,UNIT_SCADA,1,"2019/08/21 08:50:00",REPULSE,29.012283
D,DISPATCH,UNIT_SCADA,1,"2019/08/21 08:50:00",ROWALLAN,10.2098
D,DISPATCH,UNIT_SCADA,1,"2019/08/21 08:50:00",ROYALLA1,11.817001
D,DISPATCH,UNIT_SCADA,1,"2019/08/21 08:50:00",RPCG,11.80
D,DISPATCH,UNIT_SCADA,1,"2019/08/21 08:50:00",RUBICON,0
D,DISPATCH,UNIT_SCADA,1,"2019/08/21 08:50:00",SATGN1,0
D,DISPATCH,UNIT_SCADA,1,"2019/08/21 08:50:00",SATGS1,0
D,DISPATCH,UNIT_SCADA,1,"2019/08/21 08:50:00",STARHLWF,6.298163
D,DISPATCH,UNIT_SCADA,1,"2019/08/21 08:50:00",WAUBRAWF,182.080002
D,DISPATCH,UNIT_SCADA,1,"2019/08/21 08:50:00",WOOLNTH1,91.320023
D,DISPATCH,UNIT_SCADA,1,"2019/08/21 08:50:00",WPWF,25
D,DISPATCH,UNIT_SCADA,1,"2019/08/21 08:50:00",YAMBUKWF,30
D,DISPATCH,UNIT_SCADA,1,"2019/08/21 08:50:00",YSWF1,28.60
D,DISPATCH,UNIT_SCADA,1,"2019/08/21 08:50:00",AGLHAL,0
D,DISPATCH,UNIT_SCADA,1,"2019/08/21 08:50:00",AGLSOM,0
D,DISPATCH,UNIT_SCADA,1,"2019/08/21 08:50:00",ANGAST1,0
D,DISPATCH,UNIT_SCADA,1,"2019/08/21 08:50:00",ARWF1,112.90
D,DISPATCH,UNIT_SCADA,1,"2019/08/21 08:50:00",BALBG1,8.70
D,DISPATCH,UNIT_SCADA,1,"2019/08/21 08:50:00",BALBL1,0
D,DISPATCH,UNIT_SCADA,1,"2019/08/21 08:50:00",BALDHWF1,100.9290
D,DISPATCH,UNIT_SCADA,1,"2019/08/21 08:50:00",BANN1,13.61
D,DISPATCH,UNIT_SCADA,1,"2019/08/21 08:50:00",BARCALDN,0
D,DISPATCH,UNIT_SCADA,1,"2019/08/21 08:50:00",BARRON-1,0
D,DISPATCH,UNIT_SCADA,1,"2019/08/21 08:50:00",BARRON-2,29
D,DISPATCH,UNIT_SCADA,1,"2019/08/21 08:50:00",BASTYAN,79.400010
D,DISPATCH,UNIT_SCADA,1,"2019/08/21 08:50:00",BBTHREE1,-1.83
D,DISPATCH,UNIT_SCADA,1,"2019/08/21 08:50:00",BBTHREE2,-1.87
D,DISPATCH,UNIT_SCADA,1,"2019/08/21 08:50:00",BBTHREE3,-1
D,DISPATCH,UNIT_SCADA,1,"2019/08/21 08:50:00",BDL01,19.86
D,DISPATCH,UNIT_SCADA,1,"2019/08/21 08:50:00",BDL02,19.80
D,DISPATCH,UNIT_SCADA,1,"2019/08/21 08:50:00",BERYLSF1,10.361160
D,DISPATCH,UNIT_SCADA,1,"2019/08/21 08:50:00",BLOWERNG,0
D,DISPATCH,UNIT_SCADA,1,"2019/08/21 08:50:00",BLUFF1,26.10
D,DISPATCH,UNIT_SCADA,1,"2019/08/21 08:50:00",BNGSF1,66.40
D,DISPATCH,UNIT_SCADA,1,"2019/08/21 08:50:00",BNGSF2,20
D,DISPATCH,UNIT_SCADA,1,"2019/08/21 08:50:00",BOCORWF1,15.63
D,DISPATCH,UNIT_SCADA,1,"2019/08/21 08:50:00",BODWF1,67.8205
D,DISPATCH,UNIT_SCADA,1,"2019/08/21 08:50:00",BRAEMAR1,0
D,DISPATCH,UNIT_SCADA,1,"2019/08/21 08:50:00",BRAEMAR2,0
D,DISPATCH,UNIT_SCADA,1,"2019/08/21 08:50:00",BRAEMAR3,0
D,DISPATCH,UNIT_SCADA,1,"2019/08/21 08:50:00",BRAEMAR5,0
D,DISPATCH,UNIT_SCADA,1,"2019/08/21 08:50:00",BRAEMAR6,0
D,DISPATCH,UNIT_SCADA,1,"2019/08/21 08:50:00",BRAEMAR7,0
D,DISPATCH,UNIT_SCADA,1,"2019/08/21 08:50:00",BROKENH1,25.701660
D,DISPATCH,UNIT_SCADA,1,"2019/08/21 08:50:00",BW01,638.550050
D,DISPATCH,UNIT_SCADA,1,"2019/08/21 08:50:00",BW02,641.6001
D,DISPATCH,UNIT_SCADA,1,"2019/08/21 08:50:00",BW03,642.150020
D,DISPATCH,UNIT_SCADA,1,"2019/08/21 08:50:00",BW04,0
D,DISPATCH,UNIT_SCADA,1,"2019/08/21 08:50:00",CALL_B_1,349.800020
D,DISPATCH,UNIT_SCADA,1,"2019/08/21 08:50:00",CALL_B_2,284.800020
D,DISPATCH,UNIT_SCADA,1,"2019/08/21 08:50:00",CETHANA,80.4615
D,DISPATCH,UNIT_SCADA,1,"2019/08/21 08:50:00",CG1,0
D,DISPATCH,UNIT_SCADA,1,"2019/08/21 08:50:00",CG2,0
D,DISPATCH,UNIT_SCADA,1,"2019/08/21 08:50:00",CG3,0
D,DISPATCH,UNIT_SCADA,1,"2019/08/21 08:50:00",CG4,0
D,DISPATCH,UNIT_SCADA,1,"2019/08/21 08:50:00",CHILDSF1,40.04
D,DISPATCH,UNIT_SCADA,1,"2019/08/21 08:50:00",CLARESF1,42.825730
D,DISPATCH,UNIT_SCADA,1,"2019/08/21 08:50:00",CLEMGPWF,-0.144070
D,DISPATCH,UNIT_SCADA,1,"2019/08/21 08:50:00",CLERMSF1,15.04
D,DISPATCH,UNIT_SCADA,1,"2019/08/21 08:50:00",COLEASF1,104
D,DISPATCH,UNIT_SCADA,1,"2019/08/21 08:50:00",COOPGWF1,36.290130
D,DISPATCH,UNIT_SCADA,1,"2019/08/21 08:50:00",CPP_3,343.75
D,DISPATCH,UNIT_SCADA,1,"2019/08/21 08:50:00",CPP_4,406.450010
D,DISPATCH,UNIT_SCADA,1,"2019/08/21 08:50:00",CPSA,143.7375
D,DISPATCH,UNIT_SCADA,1,"2019/08/21 08:50:00",CROOKWF2,80.733760
D,DISPATCH,UNIT_SCADA,1,"2019/08/21 08:50:00",CROWLWF1,43.415550
D,DISPATCH,UNIT_SCADA,1,"2019/08/21 08:50:00",CSPVPS1,24.7450
D,DISPATCH,UNIT_SCADA,1,"2019/08/21 08:50:00",DALNTH01,0
D,DISPATCH,UNIT_SCADA,1,"2019/08/21 08:50:00",DALNTHL1,0.160220
D,DISPATCH,UNIT_SCADA,1,"2019/08/21 08:50:00",DARTM1,134.600010
D,DISPATCH,UNIT_SCADA,1,"2019/08/21 08:50:00",DAYDSF1,114.6910
D,DISPATCH,UNIT_SCADA,1,"2019/08/21 08:50:00",DDPS1,0
D,DISPATCH,UNIT_SCADA,1,"2019/08/21 08:50:00",DDSF1,77.631480
D,DISPATCH,UNIT_SCADA,1,"2019/08/21 08:50:00",DEVILS_G,0
D,DISPATCH,UNIT_SCADA,1,"2019/08/21 08:50:00",DG_NSW1,0
D,DISPATCH,UNIT_SCADA,1,"2019/08/21 08:50:00",DG_QLD1,0
D,DISPATCH,UNIT_SCADA,1,"2019/08/21 08:50:00",DG_SA1,0
D,DISPATCH,UNIT_SCADA,1,"2019/08/21 08:50:00",DG_TAS1,0
D,DISPATCH,UNIT_SCADA,1,"2019/08/21 08:50:00",DG_VIC1,0
D,DISPATCH,UNIT_SCADA,1,"2019/08/21 08:50:00",DRYCGT1,0
D,DISPATCH,UNIT_SCADA,1,"2019/08/21 08:50:00",DRYCGT2,0
D,DISPATCH,UNIT_SCADA,1,"2019/08/21 08:50:00",DRYCGT3,0
D,DISPATCH,UNIT_SCADA,1,"2019/08/21 08:50:00",EILDON1,0
D,DISPATCH,UNIT_SCADA,1,"2019/08/21 08:50:00",EILDON2,0
D,DISPATCH,UNIT_SCADA,1,"2019/08/21 08:50:00",EMERASF1,57.81
D,DISPATCH,UNIT_SCADA,1,"2019/08/21 08:50:00",ER01,584.849980
D,DISPATCH,UNIT_SCADA,1,"2019/08/21 08:50:00",ER02,663.525020
D,DISPATCH,UNIT_SCADA,1,"2019/08/21 08:50:00",ER03,699.2251
D,DISPATCH,UNIT_SCADA,1,"2019/08/21 08:50:00",ER04,666.324950
D,DISPATCH,UNIT_SCADA,1,"2019/08/21 08:50:00",FINLYSF1,0.290250
D,DISPATCH,UNIT_SCADA,1,"2019/08/21 08:50:00",FISHER,45.92
D,DISPATCH,UNIT_SCADA,1,"2019/08/21 08:50:00",GANNBG1,17.857460
D,DISPATCH,UNIT_SCADA,1,"2019/08/21 08:50:00",GANNBL1,0
D,DISPATCH,UNIT_SCADA,1,"2019/08/21 08:50:00",GANNSF1,6.40
D,DISPATCH,UNIT_SCADA,1,"2019/08/21 08:50:00",GORDON,120.712480
D,DISPATCH,UNIT_SCADA,1,"2019/08/21 08:50:00",GSTONE1,163.80
D,DISPATCH,UNIT_SCADA,1,"2019/08/21 08:50:00",GSTONE2,145.4250
D,DISPATCH,UNIT_SCADA,1,"2019/08/21 08:50:00",GSTONE3,177.45
D,DISPATCH,UNIT_SCADA,1,"2019/08/21 08:50:00",GSTONE4,162.224990
D,DISPATCH,UNIT_SCADA,1,"2019/08/21 08:50:00",GSTONE5,163.80
D,DISPATCH,UNIT_SCADA,1,"2019/08/21 08:50:00",GSTONE6,0
D,DISPATCH,UNIT_SCADA,1,"2019/08/21 08:50:00",GULLRSF1,4.013950
D,DISPATCH,UNIT_SCADA,1,"2019/08/21 08:50:00",GULLRWF1,161.336490
D,DISPATCH,UNIT_SCADA,1,"2019/08/21 08:50:00",GUNNING1,44.088650
D,DISPATCH,UNIT_SCADA,1,"2019/08/21 08:50:00",GUTHEGA,0
D,DISPATCH,UNIT_SCADA,1,"2019/08/21 08:50:00",HALLWF1,53.04
D,DISPATCH,UNIT_SCADA,1,"2019/08/21 08:50:00",HALLWF2,40.62
D,DISPATCH,UNIT_SCADA,1,"2019/08/21 08:50:00",HAMISF1,46.10
D,DISPATCH,UNIT_SCADA,1,"2019/08/21 08:50:00",HAUGHT11,50.032640
D,DISPATCH,UNIT_SCADA,1,"2019/08/21 08:50:00",HAYMSF1,41.4320
D,DISPATCH,UNIT_SCADA,1,"2019/08/21 08:50:00",HDWF1,57.20
D,DISPATCH,UNIT_SCADA,1,"2019/08/21 08:50:00",HDWF2,34.80
D,DISPATCH,UNIT_SCADA,1,"2019/08/21 08:50:00",HDWF3,51
D,DISPATCH,UNIT_SCADA,1,"2019/08/21 08:50:00",HPRG1,21.10
D,DISPATCH,UNIT_SCADA,1,"2019/08/21 08:50:00",HPRL1,0
D,DISPATCH,UNIT_SCADA,1,"2019/08/21 08:50:00",HUMENSW,0
D,DISPATCH,UNIT_SCADA,1,"2019/08/21 08:50:00",HUMEV,9.20
D,DISPATCH,UNIT_SCADA,1,"2019/08/21 08:50:00",HVGTS,0
D,DISPATCH,UNIT_SCADA,1,"2019/08/21 08:50:00",JBUTTERS,52.75
D,DISPATCH,UNIT_SCADA,1,"2019/08/21 08:50:00",JLA01,0.50
D,DISPATCH,UNIT_SCADA,1,"2019/08/21 08:50:00",JLA02,0
D,DISPATCH,UNIT_SCADA,1,"2019/08/21 08:50:00",JLA03,0.10
D,DISPATCH,UNIT_SCADA,1,"2019/08/21 08:50:00",JLA04,0.10
D,DISPATCH,UNIT_SCADA,1,"2019/08/21 08:50:00",JLB01,0
D,DISPATCH,UNIT_SCADA,1,"2019/08/21 08:50:00",JLB02,84.60
D,DISPATCH,UNIT_SCADA,1,"2019/08/21 08:50:00",JLB03,0
D,DISPATCH,UNIT_SCADA,1,"2019/08/21 08:50:00",KAREEYA1,21.5350
D,DISPATCH,UNIT_SCADA,1,"2019/08/21 08:50:00",KAREEYA2,21.7725
D,DISPATCH,UNIT_SCADA,1,"2019/08/21 08:50:00",KAREEYA3,0
D,DISPATCH,UNIT_SCADA,1,"2019/08/21 08:50:00",KAREEYA4,21.6450
D,DISPATCH,UNIT_SCADA,1,"2019/08/21 08:50:00",KARSF1,17.70
D,DISPATCH,UNIT_SCADA,1,"2019/08/21 08:50:00",KIATAWF1,31
D,DISPATCH,UNIT_SCADA,1,"2019/08/21 08:50:00",KPP_1,0
D,DISPATCH,UNIT_SCADA,1,"2019/08/21 08:50:00",KSP1,45.35
D,DISPATCH,UNIT_SCADA,1,"2019/08/21 08:50:00",LADBROK1,42.37
D,DISPATCH,UNIT_SCADA,1,"2019/08/21 08:50:00",LADBROK2,43.05
D,DISPATCH,UNIT_SCADA,1,"2019/08/21 08:50:00",LD01,418.087460
D,DISPATCH,UNIT_SCADA,1,"2019/08/21 08:50:00",LD02,418.012480
D,DISPATCH,UNIT_SCADA,1,"2019/08/21 08:50:00",LD03,417.824980
D,DISPATCH,UNIT_SCADA,1,"2019/08/21 08:50:00",LD04,375.243710
D,DISPATCH,UNIT_SCADA,1,"2019/08/21 08:50:00",LEM_WIL,85.9278
D,DISPATCH,UNIT_SCADA,1,"2019/08/21 08:50:00",LGAPWF1,14.76
D,DISPATCH,UNIT_SCADA,1,"2019/08/21 08:50:00",LILYSF1,94.896120
D,DISPATCH,UNIT_SCADA,1,"2019/08/21 08:50:00",LI_WY_CA,147.807880
D,DISPATCH,UNIT_SCADA,1,"2019/08/21 08:50:00",LKBONNY2,121.521340
D,DISPATCH,UNIT_SCADA,1,"2019/08/21 08:50:00",LKBONNY3,31.204510
D,DISPATCH,UNIT_SCADA,1,"2019/08/21 08:50:00",LK_ECHO,0
D,DISPATCH,UNIT_SCADA,1,"2019/08/21 08:50:00",LNGS1,0
D,DISPATCH,UNIT_SCADA,1,"2019/08/21 08:50:00",LNGS2,0
D,DISPATCH,UNIT_SCADA,1,"2019/08/21 08:50:00",LONSDALE,0
D,DISPATCH,UNIT_SCADA,1,"2019/08/21 08:50:00",LOYYB1,536.088620
D,DISPATCH,UNIT_SCADA,1,"2019/08/21 08:50:00",LOYYB2,583.834170
D,DISPATCH,UNIT_SCADA,1,"2019/08/21 08:50:00",LYA1,501
D,DISPATCH,UNIT_SCADA,1,"2019/08/21 08:50:00",LYA2,0
D,DISPATCH,UNIT_SCADA,1,"2019/08/21 08:50:00",LYA3,561
D,DISPATCH,UNIT_SCADA,1,"2019/08/21 08:50:00",LYA4,531
D,DISPATCH,UNIT_SCADA,1,"2019/08/21 08:50:00",MACARTH1,338.292180
D,DISPATCH,UNIT_SCADA,1,"2019/08/21 08:50:00",MACKAYGT,0
D,DISPATCH,UNIT_SCADA,1,"2019/08/21 08:50:00",MACKNTSH,25.42
D,DISPATCH,UNIT_SCADA,1,"2019/08/21 08:50:00",MANSLR1,2.1980
D,DISPATCH,UNIT_SCADA,1,"2019/08/21 08:50:00",MCKAY1,0.02
D,DISPATCH,UNIT_SCADA,1,"2019/08/21 08:50:00",MEADOWBK,34.2960
D,DISPATCH,UNIT_SCADA,1,"2019/08/21 08:50:00",MERCER01,128.154010
D,DISPATCH,UNIT_SCADA,1,"2019/08/21 08:50:00",MEWF1,98.058240
D,DISPATCH,UNIT_SCADA,1,"2019/08/21 08:50:00",MINTARO,0
D,DISPATCH,UNIT_SCADA,1,"2019/08/21 08:50:00",MOREESF1,50.8180
D,DISPATCH,UNIT_SCADA,1,"2019/08/21 08:50:00",MORTLK11,0
D,DISPATCH,UNIT_SCADA,1,"2019/08/21 08:50:00",MORTLK12,0
D,DISPATCH,UNIT_SCADA,1,"2019/08/21 08:50:00",MP1,278.1250
D,DISPATCH,UNIT_SCADA,1,"2019/08/21 08:50:00",MP2,0
D,DISPATCH,UNIT_SCADA,1,"2019/08/21 08:50:00",MPP_1,260.25
D,DISPATCH,UNIT_SCADA,1,"2019/08/21 08:50:00",MPP_2,422.50
D,DISPATCH,UNIT_SCADA,1,"2019/08/21 08:50:00",MSTUART1,0
D,DISPATCH,UNIT_SCADA,1,"2019/08/21 08:50:00",MSTUART2,0
D,DISPATCH,UNIT_SCADA,1,"2019/08/21 08:50:00",MSTUART3,0
D,DISPATCH,UNIT_SCADA,1,"2019/08/21 08:50:00",MTGELWF1,64.468830
D,DISPATCH,UNIT_SCADA,1,"2019/08/21 08:50:00",MURRAY,60
D,DISPATCH,UNIT_SCADA,1,"2019/08/21 08:50:00",MUSSELR1,144.799990
D,DISPATCH,UNIT_SCADA,1,"2019/08/21 08:50:00",MUWAWF1,55.21
D,DISPATCH,UNIT_SCADA,1,"2019/08/21 08:50:00",NBHWF1,59
D,DISPATCH,UNIT_SCADA,1,"2019/08/21 08:50:00",NPS,0
D,DISPATCH,UNIT_SCADA,1,"2019/08/21 08:50:00",NUMURSF1,25.24
D,DISPATCH,UNIT_SCADA,1,"2019/08/21 08:50:00",NYNGAN1,59.75
D,DISPATCH,UNIT_SCADA,1,"2019/08/21 08:50:00",OAKEY1,0
D,DISPATCH,UNIT_SCADA,1,"2019/08/21 08:50:00",OAKEY1SF,0.7580
D,DISPATCH,UNIT_SCADA,1,"2019/08/21 08:50:00",OAKEY2,0
D,DISPATCH,UNIT_SCADA,1,"2019/08/21 08:50:00",OAKLAND1,56.30
D,DISPATCH,UNIT_SCADA,1,"2019/08/21 08:50:00",OSB-AG,0
D,DISPATCH,UNIT_SCADA,1,"2019/08/21 08:50:00",PARSF1,4.70
D,DISPATCH,UNIT_SCADA,1,"2019/08/21 08:50:00",POAT110,42.295440
D,DISPATCH,UNIT_SCADA,1,"2019/08/21 08:50:00",POAT220,171.012160
D,DISPATCH,UNIT_SCADA,1,"2019/08/21 08:50:00",POR01,0
D,DISPATCH,UNIT_SCADA,1,"2019/08/21 08:50:00",POR03,0
D,DISPATCH,UNIT_SCADA,1,"2019/08/21 08:50:00",PPCCGT,174.223310
D,DISPATCH,UNIT_SCADA,1,"2019/08/21 08:50:00",PTSTAN1,0
D,DISPATCH,UNIT_SCADA,1,"2019/08/21 08:50:00",PUMP1,0
D,DISPATCH,UNIT_SCADA,1,"2019/08/21 08:50:00",PUMP2,0
D,DISPATCH,UNIT_SCADA,1,"2019/08/21 08:50:00",QPS1,29
D,DISPATCH,UNIT_SCADA,1,"2019/08/21 08:50:00",QPS2,0
D,DISPATCH,UNIT_SCADA,1,"2019/08/21 08:50:00",QPS3,0
D,DISPATCH,UNIT_SCADA,1,"2019/08/21 08:50:00",QPS4,0
D,DISPATCH,UNIT_SCADA,1,"2019/08/21 08:50:00",QPS5,102.27
D,DISPATCH,UNIT_SCADA,1,"2019/08/21 08:50:00",REECE1,117.320010
D,DISPATCH,UNIT_SCADA,1,"2019/08/21 08:50:00",REECE2,116.600010
D,DISPATCH,UNIT_SCADA,1,"2019/08/21 08:50:00",ROMA_7,0
D,DISPATCH,UNIT_SCADA,1,"2019/08/21 08:50:00",ROMA_8,0
D,DISPATCH,UNIT_SCADA,1,"2019/08/21 08:50:00",RRSF1,100.562250
D,DISPATCH,UNIT_SCADA,1,"2019/08/21 08:50:00",RT_NSW1,0
D,DISPATCH,UNIT_SCADA,1,"2019/08/21 08:50:00",RT_NSW2,0
D,DISPATCH,UNIT_SCADA,1,"2019/08/21 08:50:00",RT_NSW3,0
D,DISPATCH,UNIT_SCADA,1,"2019/08/21 08:50:00",RT_NSW4,0
D,DISPATCH,UNIT_SCADA,1,"2019/08/21 08:50:00",RT_NSW5,0
D,DISPATCH,UNIT_SCADA,1,"2019/08/21 08:50:00",RT_NSW6,0
D,DISPATCH,UNIT_SCADA,1,"2019/08/21 08:50:00",RT_QLD1,0
D,DISPATCH,UNIT_SCADA,1,"2019/08/21 08:50:00",RT_SA1,0
D,DISPATCH,UNIT_SCADA,1,"2019/08/21 08:50:00",RT_SA2,0
D,DISPATCH,UNIT_SCADA,1,"2019/08/21 08:50:00",RT_SA3,0
D,DISPATCH,UNIT_SCADA,1,"2019/08/21 08:50:00",RT_SA4,0
D,DISPATCH,UNIT_SCADA,1,"2019/08/21 08:50:00",RT_SA5,0
D,DISPATCH,UNIT_SCADA,1,"2019/08/21 08:50:00",RT_SA6,0
D,DISPATCH,UNIT_SCADA,1,"2019/08/21 08:50:00",RT_TAS1,0
D,DISPATCH,UNIT_SCADA,1,"2019/08/21 08:50:00",RT_VIC1,0
D,DISPATCH,UNIT_SCADA,1,"2019/08/21 08:50:00",RT_VIC10,0
D,DISPATCH,UNIT_SCADA,1,"2019/08/21 08:50:00",RT_VIC11,0
D,DISPATCH,UNIT_SCADA,1,"2019/08/21 08:50:00",RT_VIC12,0
D,DISPATCH,UNIT_SCADA,1,"2019/08/21 08:50:00",RT_VIC2,0
D,DISPATCH,UNIT_SCADA,1,"2019/08/21 08:50:00",RT_VIC3,0
D,DISPATCH,UNIT_SCADA,1,"2019/08/21 08:50:00",RT_VIC4,0
D,DISPATCH,UNIT_SCADA,1,"2019/08/21 08:50:00",RT_VIC5,0
D,DISPATCH,UNIT_SCADA,1,"2019/08/21 08:50:00",RT_VIC6,0
D,DISPATCH,UNIT_SCADA,1,"2019/08/21 08:50:00",RT_VIC7,0
D,DISPATCH,UNIT_SCADA,1,"2019/08/21 08:50:00",RT_VIC8,0
D,DISPATCH,UNIT_SCADA,1,"2019/08/21 08:50:00",RT_VIC9,0
D,DISPATCH,UNIT_SCADA,1,"2019/08/21 08:50:00",RUGBYR1,45.232130
D,DISPATCH,UNIT_SCADA,1,"2019/08/21 08:50:00",SALTCRK1,51.65
D,DISPATCH,UNIT_SCADA,1,"2019/08/21 08:50:00",SAPHWF1,124.753110
D,DISPATCH,UNIT_SCADA,1,"2019/08/21 08:50:00",SHGEN,0
D,DISPATCH,UNIT_SCADA,1,"2019/08/21 08:50:00",SHPUMP,0
D,DISPATCH,UNIT_SCADA,1,"2019/08/21 08:50:00",SITHE01,0.553250
D,DISPATCH,UNIT_SCADA,1,"2019/08/21 08:50:00",SMCSF1,54.453750
D,DISPATCH,UNIT_SCADA,1,"2019/08/21 08:50:00",SNOWNTH1,36
D,DISPATCH,UNIT_SCADA,1,"2019/08/21 08:50:00",SNOWSTH1,54.40
D,DISPATCH,UNIT_SCADA,1,"2019/08/21 08:50:00",SNOWTWN1,25.822490
D,DISPATCH,UNIT_SCADA,1,"2019/08/21 08:50:00",SNOWYP,0
D,DISPATCH,UNIT_SCADA,1,"2019/08/21 08:50:00",SNUG1,0.019440
D,DISPATCH,UNIT_SCADA,1,"2019/08/21 08:50:00",SRSF1,35.57
D,DISPATCH,UNIT_SCADA,1,"2019/08/21 08:50:00",STAN-1,0
D,DISPATCH,UNIT_SCADA,1,"2019/08/21 08:50:00",STAN-2,281.107180
D,DISPATCH,UNIT_SCADA,1,"2019/08/21 08:50:00",STAN-3,281.824980
D,DISPATCH,UNIT_SCADA,1,"2019/08/21 08:50:00",STAN-4,275.890320
D,DISPATCH,UNIT_SCADA,1,"2019/08/21 08:50:00",STWF1,16.537510
D,DISPATCH,UNIT_SCADA,1,"2019/08/21 08:50:00",SWAN_E,0
D,DISPATCH,UNIT_SCADA,1,"2019/08/21 08:50:00",TALWA1,190
D,DISPATCH,UNIT_SCADA,1,"2019/08/21 08:50:00",TARALGA1,21.063750
D,DISPATCH,UNIT_SCADA,1,"2019/08/21 08:50:00",TARONG#1,311.300020
D,DISPATCH,UNIT_SCADA,1,"2019/08/21 08:50:00",TARONG#2,311.600010
D,DISPATCH,UNIT_SCADA,1,"2019/08/21 08:50:00",TARONG#3,260.399990
D,DISPATCH,UNIT_SCADA,1,"2019/08/21 08:50:00",TARONG#4,310.300020
D,DISPATCH,UNIT_SCADA,1,"2019/08/21 08:50:00",TARRALEA,75.20
D,DISPATCH,UNIT_SCADA,1,"2019/08/21 08:50:00",TBSF1,15
D,DISPATCH,UNIT_SCADA,1,"2019/08/21 08:50:00",TNPS1,442.000030
D,DISPATCH,UNIT_SCADA,1,"2019/08/21 08:50:00",TORRA1,61.4052
D,DISPATCH,UNIT_SCADA,1,"2019/08/21 08:50:00",TORRA2,0
D,DISPATCH,UNIT_SCADA,1,"2019/08/21 08:50:00",TORRA3,0
D,DISPATCH,UNIT_SCADA,1,"2019/08/21 08:50:00",TORRA4,0
D,DISPATCH,UNIT_SCADA,1,"2019/08/21 08:50:00",TORRB1,59.53
D,DISPATCH,UNIT_SCADA,1,"2019/08/21 08:50:00",TORRB2,67.80
D,DISPATCH,UNIT_SCADA,1,"2019/08/21 08:50:00",TORRB3,0
D,DISPATCH,UNIT_SCADA,1,"2019/08/21 08:50:00",TORRB4,0
D,DISPATCH,UNIT_SCADA,1,"2019/08/21 08:50:00",TREVALLN,69.410020
D,DISPATCH,UNIT_SCADA,1,"2019/08/21 08:50:00",TRIBUTE,21.31
D,DISPATCH,UNIT_SCADA,1,"2019/08/21 08:50:00",TUMUT3,0
D,DISPATCH,UNIT_SCADA,1,"2019/08/21 08:50:00",TUNGATIN,131.110030
D,DISPATCH,UNIT_SCADA,1,"2019/08/21 08:50:00",TVCC201,0
D,DISPATCH,UNIT_SCADA,1,"2019/08/21 08:50:00",TVPP104,57.963310
D,DISPATCH,UNIT_SCADA,1,"2019/08/21 08:50:00",UPPTUMUT,0
D,DISPATCH,UNIT_SCADA,1,"2019/08/21 08:50:00",URANQ11,0
D,DISPATCH,UNIT_SCADA,1,"2019/08/21 08:50:00",URANQ12,0
D,DISPATCH,UNIT_SCADA,1,"2019/08/21 08:50:00",URANQ13,0
D,DISPATCH,UNIT_SCADA,1,"2019/08/21 08:50:00",URANQ14,0
D,DISPATCH,UNIT_SCADA,1,"2019/08/21 08:50:00",VP5,397.975010
D,DISPATCH,UNIT_SCADA,1,"2019/08/21 08:50:00",VP6,400.899990
D,DISPATCH,UNIT_SCADA,1,"2019/08/21 08:50:00",VPGS1,0
D,DISPATCH,UNIT_SCADA,1,"2019/08/21 08:50:00",VPGS2,0
D,DISPATCH,UNIT_SCADA,1,"2019/08/21 08:50:00",VPGS3,0
D,DISPATCH,UNIT_SCADA,1,"2019/08/21 08:50:00",VPGS4,0
D,DISPATCH,UNIT_SCADA,1,"2019/08/21 08:50:00",VPGS5,0
D,DISPATCH,UNIT_SCADA,1,"2019/08/21 08:50:00",VPGS6,0
D,DISPATCH,UNIT_SCADA,1,"2019/08/21 08:50:00",W/HOE#1,0
D,DISPATCH,UNIT_SCADA,1,"2019/08/21 08:50:00",W/HOE#2,0
D,DISPATCH,UNIT_SCADA,1,"2019/08/21 08:50:00",WATERLWF,68.50
D,DISPATCH,UNIT_SCADA,1,"2019/08/21 08:50:00",WEMENSF1,7.30
D,DISPATCH,UNIT_SCADA,1,"2019/08/21 08:50:00",WGWF1,47.40
D,DISPATCH,UNIT_SCADA,1,"2019/08/21 08:50:00",WHITSF1,44
D,DISPATCH,UNIT_SCADA,1,"2019/08/21 08:50:00",WKIEWA1,0
D,DISPATCH,UNIT_SCADA,1,"2019/08/21 08:50:00",WKIEWA2,14.30
D,DISPATCH,UNIT_SCADA,1,"2019/08/21 08:50:00",WOODLWN1,42.821990
D,DISPATCH,UNIT_SCADA,1,"2019/08/21 08:50:00",WRSF1,15.23
D,DISPATCH,UNIT_SCADA,1,"2019/08/21 08:50:00",WRWF1,134.791240
D,DISPATCH,UNIT_SCADA,1,"2019/08/21 08:50:00",YABULU,0
D,DISPATCH,UNIT_SCADA,1,"2019/08/21 08:50:00",YABULU2,0
D,DISPATCH,UNIT_SCADA,1,"2019/08/21 08:50:00",YARWUN_1,0
D,DISPATCH,UNIT_SCADA,1,"2019/08/21 08:50:00",YENDWF1,41.88
D,DISPATCH,UNIT_SCADA,1,"2019/08/21 08:50:00",YWPS1,380.9519
D,DISPATCH,UNIT_SCADA,1,"2019/08/21 08:50:00",YWPS2,278.693660
D,DISPATCH,UNIT_SCADA,1,"2019/08/21 08:50:00",YWPS3,0
D,DISPATCH,UNIT_SCADA,1,"2019/08/21 08:50:00",YWPS4,397.496220
C,"END OF REPORT",334
