C,NEMP.WORLD,DISPATCHSCADA,AEMO,PUBLIC,2019/08/22,14:20:07,0000000311870363,DISPATCHSCADA,0000000311870357
I,DISPATCH,UNIT_SCADA,1,SETTLEMENTDATE,DUID,SCADAVALUE
D,DISPATCH,UNIT_SCADA,1,"2019/08/22 14:25:00",BARCSF1,18
D,DISPATCH,UNIT_SCADA,1,"2019/08/22 14:25:00",BUTLERSG,9.699999
D,DISPATCH,UNIT_SCADA,1,"2019/08/22 14:25:00",CALL_A_4,0
D,DISPATCH,UNIT_SCADA,1,"2019/08/22 14:25:00",CAPTL_WF,65.931999
D,DISPATCH,UNIT_SCADA,1,"2019/08/22 14:25:00",CATHROCK,0
D,DISPATCH,UNIT_SCADA,1,"2019/08/22 14:25:00",CHALLHWF,12.200001
D,DISPATCH,UNIT_SCADA,1,"2019/08/22 14:25:00",CLOVER,0
D,DISPATCH,UNIT_SCADA,1,"2019/08/22 14:25:00",CLUNY,20.011444
D,DISPATCH,UNIT_SCADA,1,"2019/08/22 14:25:00",CNUNDAWF,7.208409
D,DISPATCH,UNIT_SCADA,1,"2019/08/22 14:25:00",CULLRGWF,28.52
D,DISPATCH,UNIT_SCADA,1,"2019/08/22 14:25:00",ERGT01,0
D,DISPATCH,UNIT_SCADA,1,"2019/08/22 14:25:00",GB01,0.066025
D,DISPATCH,UNIT_SCADA,1,"2019/08/22 14:25:00",GERMCRK,17.299999
D,DISPATCH,UNIT_SCADA,1,"2019/08/22 14:25:00",GRIFSF1,24.800003
D,DISPATCH,UNIT_SCADA,1,"2019/08/22 14:25:00",HUGSF1,8.9630
D,DISPATCH,UNIT_SCADA,1,"2019/08/22 14:25:00",LKBONNY1,11.610217
D,DISPATCH,UNIT_SCADA,1,"2019/08/22 14:25:00",LRSF1,12.268001
D,DISPATCH,UNIT_SCADA,1,"2019/08/22 14:25:00",MBAHNTH,55.256256
D,DISPATCH,UNIT_SCADA,1,"2019/08/22 14:25:00",MLSP1,10.589001
D,DISPATCH,UNIT_SCADA,1,"2019/08/22 14:25:00",MLWF1,6.0750
D,DISPATCH,UNIT_SCADA,1,"2019/08/22 14:25:00",MTMILLAR,2.373778
D,DISPATCH,UNIT_SCADA,1,"2019/08/22 14:25:00",PALOONA,28.969999
D,DISPATCH,UNIT_SCADA,1,"2019/08/22 14:25:00",PIONEER,32.799999
D,DISPATCH,UNIT_SCADA,1,"2019/08/22 14:25:00",PORTWF,9.20
D,DISPATCH,UNIT_SCADA,1,"2019/08/22 14:25:00",REPULSE,29.000076
D,DISPATCH,UNIT_SCADA,1,"2019/08/22 14:25:00",ROWALLAN,10.3660
D,DISPATCH,UNIT_SCADA,1,"2019/08/22 14:25:00",ROYALLA1,16.52
D,DISPATCH,UNIT_SCADA,1,"2019/08/22 14:25:00",RPCG,10.50
D,DISPATCH,UNIT_SCADA,1,"2019/08/22 14:25:00",RUBICON,0
D,DISPATCH,UNIT_SCADA,1,"2019/08/22 14:25:00",SATGN1,0
D,DISPATCH,UNIT_SCADA,1,"2019/08/22 14:25:00",SATGS1,0
D,DISPATCH,UNIT_SCADA,1,"2019/08/22 14:25:00",STARHLWF,1.799475
D,DISPATCH,UNIT_SCADA,1,"2019/08/22 14:25:00",WAUBRAWF,138.929001
D,DISPATCH,UNIT_SCADA,1,"2019/08/22 14:25:00",WOOLNTH1,78.910019
D,DISPATCH,UNIT_SCADA,1,"2019/08/22 14:25:00",WPWF,0
D,DISPATCH,UNIT_SCADA,1,"2019/08/22 14:25:00",YAMBUKWF,2.20
D,DISPATCH,UNIT_SCADA,1,"2019/08/22 14:25:00",YSWF1,11.80
D,DISPATCH,UNIT_SCADA,1,"2019/08/22 14:25:00",AGLHAL,0
D,DISPATCH,UNIT_SCADA,1,"2019/08/22 14:25:00",AGLSOM,0
D,DISPATCH,UNIT_SCADA,1,"2019/08/22 14:25:00",ANGAST1,0
D,DISPATCH,UNIT_SCADA,1,"2019/08/22 14:25:00",ARWF1,110.50
D,DISPATCH,UNIT_SCADA,1,"2019/08/22 14:25:00",BALBG1,7.65
D,DISPATCH,UNIT_SCADA,1,"2019/08/22 14:25:00",BALBL1,0
D,DISPATCH,UNIT_SCADA,1,"2019/08/22 14:25:00",BALDHWF1,85.0630
D,DISPATCH,UNIT_SCADA,1,"2019/08/22 14:25:00",BANN1,60.51
D,DISPATCH,UNIT_SCADA,1,"2019/08/22 14:25:00",BARCALDN,0
D,DISPATCH,UNIT_SCADA,1,"2019/08/22 14:25:00",BARRON-1,0
D,DISPATCH,UNIT_SCADA,1,"2019/08/22 14:25:00",BARRON-2,4.48
D,DISPATCH,UNIT_SCADA,1,"2019/08/22 14:25:00",BASTYAN,77.900010
D,DISPATCH,UNIT_SCADA,1,"2019/08/22 14:25:00",BBTHREE1,-1.90
D,DISPATCH,UNIT_SCADA,1,"2019/08/22 14:25:00",BBTHREE2,-1.96
D,DISPATCH,UNIT_SCADA,1,"2019/08/22 14:25:00",BBTHREE3,-1.04
D,DISPATCH,UNIT_SCADA,1,"2019/08/22 14:25:00",BDL01,0
D,DISPATCH,UNIT_SCADA,1,"2019/08/22 14:25:00",BDL02,0
D,DISPATCH,UNIT_SCADA,1,"2019/08/22 14:25:00",BERYLSF1,63.980350
D,DISPATCH,UNIT_SCADA,1,"2019/08/22 14:25:00",BLOWERNG,0
D,DISPATCH,UNIT_SCADA,1,"2019/08/22 14:25:00",BLUFF1,0.10
D,DISPATCH,UNIT_SCADA,1,"2019/08/22 14:25:00",BNGSF1,95.33
D,DISPATCH,UNIT_SCADA,1,"2019/08/22 14:25:00",BNGSF2,19.98
D,DISPATCH,UNIT_SCADA,1,"2019/08/22 14:25:00",BOCORWF1,107.70
D,DISPATCH,UNIT_SCADA,1,"2019/08/22 14:25:00",BODWF1,112.554040
D,DISPATCH,UNIT_SCADA,1,"2019/08/22 14:25:00",BRAEMAR1,0
D,DISPATCH,UNIT_SCADA,1,"2019/08/22 14:25:00",BRAEMAR2,0
D,DISPATCH,UNIT_SCADA,1,"2019/08/22 14:25:00",BRAEMAR3,0
D,DISPATCH,UNIT_SCADA,1,"2019/08/22 14:25:00",BRAEMAR5,0
D,DISPATCH,UNIT_SCADA,1,"2019/08/22 14:25:00",BRAEMAR6,0
D,DISPATCH,UNIT_SCADA,1,"2019/08/22 14:25:00",BRAEMAR7,0
D,DISPATCH,UNIT_SCADA,1,"2019/08/22 14:25:00",BROKENH1,52.324950
D,DISPATCH,UNIT_SCADA,1,"2019/08/22 14:25:00",BW01,515.8750
D,DISPATCH,UNIT_SCADA,1,"2019/08/22 14:25:00",BW02,491.775020
D,DISPATCH,UNIT_SCADA,1,"2019/08/22 14:25:00",BW03,517.7749
D,DISPATCH,UNIT_SCADA,1,"2019/08/22 14:25:00",BW04,0
D,DISPATCH,UNIT_SCADA,1,"2019/08/22 14:25:00",CALL_B_1,108.70
D,DISPATCH,UNIT_SCADA,1,"2019/08/22 14:25:00",CALL_B_2,279.800020
D,DISPATCH,UNIT_SCADA,1,"2019/08/22 14:25:00",CETHANA,98.004880
D,DISPATCH,UNIT_SCADA,1,"2019/08/22 14:25:00",CG1,0
D,DISPATCH,UNIT_SCADA,1,"2019/08/22 14:25:00",CG2,0
D,DISPATCH,UNIT_SCADA,1,"2019/08/22 14:25:00",CG3,0
D,DISPATCH,UNIT_SCADA,1,"2019/08/22 14:25:00",CG4,0
D,DISPATCH,UNIT_SCADA,1,"2019/08/22 14:25:00",CHILDSF1,40.12
D,DISPATCH,UNIT_SCADA,1,"2019/08/22 14:25:00",CLARESF1,43.921410
D,DISPATCH,UNIT_SCADA,1,"2019/08/22 14:25:00",CLEMGPWF,-0.360180
D,DISPATCH,UNIT_SCADA,1,"2019/08/22 14:25:00",CLERMSF1,14.69
D,DISPATCH,UNIT_SCADA,1,"2019/08/22 14:25:00",COLEASF1,105.20
D,DISPATCH,UNIT_SCADA,1,"2019/08/22 14:25:00",COOPGWF1,29.936190
D,DISPATCH,UNIT_SCADA,1,"2019/08/22 14:25:00",CPP_3,279.950010
D,DISPATCH,UNIT_SCADA,1,"2019/08/22 14:25:00",CPP_4,346.225010
D,DISPATCH,UNIT_SCADA,1,"2019/08/22 14:25:00",CPSA,89.326880
D,DISPATCH,UNIT_SCADA,1,"2019/08/22 14:25:00",CROOKWF2,89.303750
D,DISPATCH,UNIT_SCADA,1,"2019/08/22 14:25:00",CROWLWF1,24.028160
D,DISPATCH,UNIT_SCADA,1,"2019/08/22 14:25:00",CSPVPS1,31.9610
D,DISPATCH,UNIT_SCADA,1,"2019/08/22 14:25:00",DALNTH01,0
D,DISPATCH,UNIT_SCADA,1,"2019/08/22 14:25:00",DALNTHL1,0.053410
D,DISPATCH,UNIT_SCADA,1,"2019/08/22 14:25:00",DARTM1,134.600010
D,DISPATCH,UNIT_SCADA,1,"2019/08/22 14:25:00",DAYDSF1,114.346010
D,DISPATCH,UNIT_SCADA,1,"2019/08/22 14:25:00",DDPS1,0
D,DISPATCH,UNIT_SCADA,1,"2019/08/22 14:25:00",DDSF1,95.666180
D,DISPATCH,UNIT_SCADA,1,"2019/08/22 14:25:00",DEVILS_G,0
D,DISPATCH,UNIT_SCADA,1,"2019/08/22 14:25:00",DG_NSW1,0
D,DISPATCH,UNIT_SCADA,1,"2019/08/22 14:25:00",DG_QLD1,0
D,DISPATCH,UNIT_SCADA,1,"2019/08/22 14:25:00",DG_SA1,0
D,DISPATCH,UNIT_SCADA,1,"2019/08/22 14:25:00",DG_TAS1,0
D,DISPATCH,UNIT_SCADA,1,"2019/08/22 14:25:00",DG_VIC1,0
D,DISPATCH,UNIT_SCADA,1,"2019/08/22 14:25:00",DRYCGT1,0
D,DISPATCH,UNIT_SCADA,1,"2019/08/22 14:25:00",DRYCGT2,0
D,DISPATCH,UNIT_SCADA,1,"2019/08/22 14:25:00",DRYCGT3,0
D,DISPATCH,UNIT_SCADA,1,"2019/08/22 14:25:00",EILDON1,0
D,DISPATCH,UNIT_SCADA,1,"2019/08/22 14:25:00",EILDON2,0
D,DISPATCH,UNIT_SCADA,1,"2019/08/22 14:25:00",EMERASF1,63.05
D,DISPATCH,UNIT_SCADA,1,"2019/08/22 14:25:00",ER01,294.150020
D,DISPATCH,UNIT_SCADA,1,"2019/08/22 14:25:00",ER02,420.425050
D,DISPATCH,UNIT_SCADA,1,"2019/08/22 14:25:00",ER03,698.949950
D,DISPATCH,UNIT_SCADA,1,"2019/08/22 14:25:00",ER04,359.900020
D,DISPATCH,UNIT_SCADA,1,"2019/08/22 14:25:00",FINLYSF1,1.135690
D,DISPATCH,UNIT_SCADA,1,"2019/08/22 14:25:00",FISHER,45.91
D,DISPATCH,UNIT_SCADA,1,"2019/08/22 14:25:00",GANNBG1,0
D,DISPATCH,UNIT_SCADA,1,"2019/08/22 14:25:00",GANNBL1,9.761440
D,DISPATCH,UNIT_SCADA,1,"2019/08/22 14:25:00",GANNSF1,42.50
D,DISPATCH,UNIT_SCADA,1,"2019/08/22 14:25:00",GORDON,21.216720
D,DISPATCH,UNIT_SCADA,1,"2019/08/22 14:25:00",GSTONE1,137.20
D,DISPATCH,UNIT_SCADA,1,"2019/08/22 14:25:00",GSTONE2,150.3250
D,DISPATCH,UNIT_SCADA,1,"2019/08/22 14:25:00",GSTONE3,148.224990
D,DISPATCH,UNIT_SCADA,1,"2019/08/22 14:25:00",GSTONE4,154.349990
D,DISPATCH,UNIT_SCADA,1,"2019/08/22 14:25:00",GSTONE5,152.95
D,DISPATCH,UNIT_SCADA,1,"2019/08/22 14:25:00",GSTONE6,0
D,DISPATCH,UNIT_SCADA,1,"2019/08/22 14:25:00",GULLRSF1,9.809630
D,DISPATCH,UNIT_SCADA,1,"2019/08/22 14:25:00",GULLRWF1,114.418210
D,DISPATCH,UNIT_SCADA,1,"2019/08/22 14:25:00",GUNNING1,33.579150
D,DISPATCH,UNIT_SCADA,1,"2019/08/22 14:25:00",GUTHEGA,0
D,DISPATCH,UNIT_SCADA,1,"2019/08/22 14:25:00",HALLWF1,-0.39
D,DISPATCH,UNIT_SCADA,1,"2019/08/22 14:25:00",HALLWF2,-0.36
D,DISPATCH,UNIT_SCADA,1,"2019/08/22 14:25:00",HAMISF1,46.60
D,DISPATCH,UNIT_SCADA,1,"2019/08/22 14:25:00",HAUGHT11,49.985530
D,DISPATCH,UNIT_SCADA,1,"2019/08/22 14:25:00",HAYMSF1,41.5260
D,DISPATCH,UNIT_SCADA,1,"2019/08/22 14:25:00",HDWF1,3.50
D,DISPATCH,UNIT_SCADA,1,"2019/08/22 14:25:00",HDWF2,1.20
D,DISPATCH,UNIT_SCADA,1,"2019/08/22 14:25:00",HDWF3,3.60
D,DISPATCH,UNIT_SCADA,1,"2019/08/22 14:25:00",HPRG1,7.80
D,DISPATCH,UNIT_SCADA,1,"2019/08/22 14:25:00",HPRL1,0
D,DISPATCH,UNIT_SCADA,1,"2019/08/22 14:25:00",HUMENSW,0
D,DISPATCH,UNIT_SCADA,1,"2019/08/22 14:25:00",HUMEV,9.30
D,DISPATCH,UNIT_SCADA,1,"2019/08/22 14:25:00",HVGTS,0
D,DISPATCH,UNIT_SCADA,1,"2019/08/22 14:25:00",JBUTTERS,140.069990
D,DISPATCH,UNIT_SCADA,1,"2019/08/22 14:25:00",JLA01,0.50
D,DISPATCH,UNIT_SCADA,1,"2019/08/22 14:25:00",JLA02,0
D,DISPATCH,UNIT_SCADA,1,"2019/08/22 14:25:00",JLA03,0.10
D,DISPATCH,UNIT_SCADA,1,"2019/08/22 14:25:00",JLA04,0.10
D,DISPATCH,UNIT_SCADA,1,"2019/08/22 14:25:00",JLB01,0
D,DISPATCH,UNIT_SCADA,1,"2019/08/22 14:25:00",JLB02,0.10
D,DISPATCH,UNIT_SCADA,1,"2019/08/22 14:25:00",JLB03,0
D,DISPATCH,UNIT_SCADA,1,"2019/08/22 14:25:00",KAREEYA1,21.49
D,DISPATCH,UNIT_SCADA,1,"2019/08/22 14:25:00",KAREEYA2,21.6825
D,DISPATCH,UNIT_SCADA,1,"2019/08/22 14:25:00",KAREEYA3,0
D,DISPATCH,UNIT_SCADA,1,"2019/08/22 14:25:00",KAREEYA4,21.6725
D,DISPATCH,UNIT_SCADA,1,"2019/08/22 14:25:00",KARSF1,37
D,DISPATCH,UNIT_SCADA,1,"2019/08/22 14:25:00",KIATAWF1,11.10
D,DISPATCH,UNIT_SCADA,1,"2019/08/22 14:25:00",KPP_1,0
D,DISPATCH,UNIT_SCADA,1,"2019/08/22 14:25:00",KSP1,47.24
D,DISPATCH,UNIT_SCADA,1,"2019/08/22 14:25:00",LADBROK1,0
D,DISPATCH,UNIT_SCADA,1,"2019/08/22 14:25:00",LADBROK2,0
D,DISPATCH,UNIT_SCADA,1,"2019/08/22 14:25:00",LD01,348.618710
D,DISPATCH,UNIT_SCADA,1,"2019/08/22 14:25:00",LD02,350.418730
D,DISPATCH,UNIT_SCADA,1,"2019/08/22 14:25:00",LD03,347.287450
D,DISPATCH,UNIT_SCADA,1,"2019/08/22 14:25:00",LD04,349.931210
D,DISPATCH,UNIT_SCADA,1,"2019/08/22 14:25:00",LEM_WIL,86.0802
D,DISPATCH,UNIT_SCADA,1,"2019/08/22 14:25:00",LGAPWF1,4.01
D,DISPATCH,UNIT_SCADA,1,"2019/08/22 14:25:00",LILYSF1,91.2261
D,DISPATCH,UNIT_SCADA,1,"2019/08/22 14:25:00",LI_WY_CA,149.692060
D,DISPATCH,UNIT_SCADA,1,"2019/08/22 14:25:00",LKBONNY2,24.068670
D,DISPATCH,UNIT_SCADA,1,"2019/08/22 14:25:00",LKBONNY3,6.0846
D,DISPATCH,UNIT_SCADA,1,"2019/08/22 14:25:00",LK_ECHO,0
D,DISPATCH,UNIT_SCADA,1,"2019/08/22 14:25:00",LNGS1,0
D,DISPATCH,UNIT_SCADA,1,"2019/08/22 14:25:00",LNGS2,0
D,DISPATCH,UNIT_SCADA,1,"2019/08/22 14:25:00",LONSDALE,0
D,DISPATCH,UNIT_SCADA,1,"2019/08/22 14:25:00",LOYYB1,535.712650
D,DISPATCH,UNIT_SCADA,1,"2019/08/22 14:25:00",LOYYB2,582.7063
D,DISPATCH,UNIT_SCADA,1,"2019/08/22 14:25:00",LYA1,559
D,DISPATCH,UNIT_SCADA,1,"2019/08/22 14:25:00",LYA2,0
D,DISPATCH,UNIT_SCADA,1,"2019/08/22 14:25:00",LYA3,560
D,DISPATCH,UNIT_SCADA,1,"2019/08/22 14:25:00",LYA4,540
D,DISPATCH,UNIT_SCADA,1,"2019/08/22 14:25:00",MACARTH1,85.198030
D,DISPATCH,UNIT_SCADA,1,"2019/08/22 14:25:00",MACKAYGT,0
D,DISPATCH,UNIT_SCADA,1,"2019/08/22 14:25:00",MACKNTSH,86.44
D,DISPATCH,UNIT_SCADA,1,"2019/08/22 14:25:00",MANSLR1,38.1730
D,DISPATCH,UNIT_SCADA,1,"2019/08/22 14:25:00",MCKAY1,0.02
D,DISPATCH,UNIT_SCADA,1,"2019/08/22 14:25:00",MEADOWBK,33.838720
D,DISPATCH,UNIT_SCADA,1,"2019/08/22 14:25:00",MERCER01,44.4650
D,DISPATCH,UNIT_SCADA,1,"2019/08/22 14:25:00",MEWF1,26.048510
D,DISPATCH,UNIT_SCADA,1,"2019/08/22 14:25:00",MINTARO,0
D,DISPATCH,UNIT_SCADA,1,"2019/08/22 14:25:00",MOREESF1,49.2640
D,DISPATCH,UNIT_SCADA,1,"2019/08/22 14:25:00",MORTLK11,175
D,DISPATCH,UNIT_SCADA,1,"2019/08/22 14:25:00",MORTLK12,0
D,DISPATCH,UNIT_SCADA,1,"2019/08/22 14:25:00",MP1,279.275020
D,DISPATCH,UNIT_SCADA,1,"2019/08/22 14:25:00",MP2,0
D,DISPATCH,UNIT_SCADA,1,"2019/08/22 14:25:00",MPP_1,286
D,DISPATCH,UNIT_SCADA,1,"2019/08/22 14:25:00",MPP_2,310
D,DISPATCH,UNIT_SCADA,1,"2019/08/22 14:25:00",MSTUART1,0
D,DISPATCH,UNIT_SCADA,1,"2019/08/22 14:25:00",MSTUART2,0
D,DISPATCH,UNIT_SCADA,1,"2019/08/22 14:25:00",MSTUART3,0
D,DISPATCH,UNIT_SCADA,1,"2019/08/22 14:25:00",MTGELWF1,41.894280
D,DISPATCH,UNIT_SCADA,1,"2019/08/22 14:25:00",MURRAY,0
D,DISPATCH,UNIT_SCADA,1,"2019/08/22 14:25:00",MUSSELR1,135.700010
D,DISPATCH,UNIT_SCADA,1,"2019/08/22 14:25:00",MUWAWF1,25.63
D,DISPATCH,UNIT_SCADA,1,"2019/08/22 14:25:00",NBHWF1,-0.60
D,DISPATCH,UNIT_SCADA,1,"2019/08/22 14:25:00",NPS,0
D,DISPATCH,UNIT_SCADA,1,"2019/08/22 14:25:00",NUMURSF1,75.76
D,DISPATCH,UNIT_SCADA,1,"2019/08/22 14:25:00",NYNGAN1,89.25
D,DISPATCH,UNIT_SCADA,1,"2019/08/22 14:25:00",OAKEY1,0
D,DISPATCH,UNIT_SCADA,1,"2019/08/22 14:25:00",OAKEY1SF,23.5890
D,DISPATCH,UNIT_SCADA,1,"2019/08/22 14:25:00",OAKEY2,0
D,DISPATCH,UNIT_SCADA,1,"2019/08/22 14:25:00",OAKLAND1,18.50
D,DISPATCH,UNIT_SCADA,1,"2019/08/22 14:25:00",OSB-AG,138.87
D,DISPATCH,UNIT_SCADA,1,"2019/08/22 14:25:00",PARSF1,46.80
D,DISPATCH,UNIT_SCADA,1,"2019/08/22 14:25:00",POAT110,0
D,DISPATCH,UNIT_SCADA,1,"2019/08/22 14:25:00",POAT220,10.25
D,DISPATCH,UNIT_SCADA,1,"2019/08/22 14:25:00",POR01,0
D,DISPATCH,UNIT_SCADA,1,"2019/08/22 14:25:00",POR03,0
D,DISPATCH,UNIT_SCADA,1,"2019/08/22 14:25:00",PPCCGT,492.326930
D,DISPATCH,UNIT_SCADA,1,"2019/08/22 14:25:00",PTSTAN1,0
D,DISPATCH,UNIT_SCADA,1,"2019/08/22 14:25:00",PUMP1,0
D,DISPATCH,UNIT_SCADA,1,"2019/08/22 14:25:00",PUMP2,0
D,DISPATCH,UNIT_SCADA,1,"2019/08/22 14:25:00",QPS1,0
D,DISPATCH,UNIT_SCADA,1,"2019/08/22 14:25:00",QPS2,0
D,DISPATCH,UNIT_SCADA,1,"2019/08/22 14:25:00",QPS3,0
D,DISPATCH,UNIT_SCADA,1,"2019/08/22 14:25:00",QPS4,0
D,DISPATCH,UNIT_SCADA,1,"2019/08/22 14:25:00",QPS5,0
D,DISPATCH,UNIT_SCADA,1,"2019/08/22 14:25:00",REECE1,119.63
D,DISPATCH,UNIT_SCADA,1,"2019/08/22 14:25:00",REECE2,118.180010
D,DISPATCH,UNIT_SCADA,1,"2019/08/22 14:25:00",ROMA_7,0
D,DISPATCH,UNIT_SCADA,1,"2019/08/22 14:25:00",ROMA_8,0
D,DISPATCH,UNIT_SCADA,1,"2019/08/22 14:25:00",RRSF1,115.544520
D,DISPATCH,UNIT_SCADA,1,"2019/08/22 14:25:00",RT_NSW1,0
D,DISPATCH,UNIT_SCADA,1,"2019/08/22 14:25:00",RT_NSW2,0
D,DISPATCH,UNIT_SCADA,1,"2019/08/22 14:25:00",RT_NSW3,0
D,DISPATCH,UNIT_SCADA,1,"2019/08/22 14:25:00",RT_NSW4,0
D,DISPATCH,UNIT_SCADA,1,"2019/08/22 14:25:00",RT_NSW5,0
D,DISPATCH,UNIT_SCADA,1,"2019/08/22 14:25:00",RT_NSW6,0
D,DISPATCH,UNIT_SCADA,1,"2019/08/22 14:25:00",RT_QLD1,0
D,DISPATCH,UNIT_SCADA,1,"2019/08/22 14:25:00",RT_SA1,0
D,DISPATCH,UNIT_SCADA,1,"2019/08/22 14:25:00",RT_SA2,0
D,DISPATCH,UNIT_SCADA,1,"2019/08/22 14:25:00",RT_SA3,0
D,DISPATCH,UNIT_SCADA,1,"2019/08/22 14:25:00",RT_SA4,0
D,DISPATCH,UNIT_SCADA,1,"2019/08/22 14:25:00",RT_SA5,0
D,DISPATCH,UNIT_SCADA,1,"2019/08/22 14:25:00",RT_SA6,0
D,DISPATCH,UNIT_SCADA,1,"2019/08/22 14:25:00",RT_TAS1,0
D,DISPATCH,UNIT_SCADA,1,"2019/08/22 14:25:00",RT_VIC1,0
D,DISPATCH,UNIT_SCADA,1,"2019/08/22 14:25:00",RT_VIC10,0
D,DISPATCH,UNIT_SCADA,1,"2019/08/22 14:25:00",RT_VIC11,0
D,DISPATCH,UNIT_SCADA,1,"2019/08/22 14:25:00",RT_VIC12,0
D,DISPATCH,UNIT_SCADA,1,"2019/08/22 14:25:00",RT_VIC2,0
D,DISPATCH,UNIT_SCADA,1,"2019/08/22 14:25:00",RT_VIC3,0
D,DISPATCH,UNIT_SCADA,1,"2019/08/22 14:25:00",RT_VIC4,0
D,DISPATCH,UNIT_SCADA,1,"2019/08/22 14:25:00",RT_VIC5,0
D,DISPATCH,UNIT_SCADA,1,"2019/08/22 14:25:00",RT_VIC6,0
D,DISPATCH,UNIT_SCADA,1,"2019/08/22 14:25:00",RT_VIC7,0
D,DISPATCH,UNIT_SCADA,1,"2019/08/22 14:25:00",RT_VIC8,0
D,DISPATCH,UNIT_SCADA,1,"2019/08/22 14:25:00",RT_VIC9,0
D,DISPATCH,UNIT_SCADA,1,"2019/08/22 14:25:00",RUGBYR1,59.348990
D,DISPATCH,UNIT_SCADA,1,"2019/08/22 14:25:00",SALTCRK1,7.77
D,DISPATCH,UNIT_SCADA,1,"2019/08/22 14:25:00",SAPHWF1,243.046880
D,DISPATCH,UNIT_SCADA,1,"2019/08/22 14:25:00",SHGEN,0
D,DISPATCH,UNIT_SCADA,1,"2019/08/22 14:25:00",SHPUMP,201.082790
D,DISPATCH,UNIT_SCADA,1,"2019/08/22 14:25:00",SITHE01,0.043330
D,DISPATCH,UNIT_SCADA,1,"2019/08/22 14:25:00",SMCSF1,74.775930
D,DISPATCH,UNIT_SCADA,1,"2019/08/22 14:25:00",SNOWNTH1,4.10
D,DISPATCH,UNIT_SCADA,1,"2019/08/22 14:25:00",SNOWSTH1,3.10
D,DISPATCH,UNIT_SCADA,1,"2019/08/22 14:25:00",SNOWTWN1,-0.637030
D,DISPATCH,UNIT_SCADA,1,"2019/08/22 14:25:00",SNOWYP,0
D,DISPATCH,UNIT_SCADA,1,"2019/08/22 14:25:00",SNUG1,0.019440
D,DISPATCH,UNIT_SCADA,1,"2019/08/22 14:25:00",SRSF1,34.91
D,DISPATCH,UNIT_SCADA,1,"2019/08/22 14:25:00",STAN-1,0
D,DISPATCH,UNIT_SCADA,1,"2019/08/22 14:25:00",STAN-2,281.1969
D,DISPATCH,UNIT_SCADA,1,"2019/08/22 14:25:00",STAN-3,280.696990
D,DISPATCH,UNIT_SCADA,1,"2019/08/22 14:25:00",STAN-4,281.260990
D,DISPATCH,UNIT_SCADA,1,"2019/08/22 14:25:00",STWF1,10.451260
D,DISPATCH,UNIT_SCADA,1,"2019/08/22 14:25:00",SWAN_E,0
D,DISPATCH,UNIT_SCADA,1,"2019/08/22 14:25:00",TALWA1,190
D,DISPATCH,UNIT_SCADA,1,"2019/08/22 14:25:00",TARALGA1,95.831250
D,DISPATCH,UNIT_SCADA,1,"2019/08/22 14:25:00",TARONG#1,283
D,DISPATCH,UNIT_SCADA,1,"2019/08/22 14:25:00",TARONG#2,284.100010
D,DISPATCH,UNIT_SCADA,1,"2019/08/22 14:25:00",TARONG#3,259.600010
D,DISPATCH,UNIT_SCADA,1,"2019/08/22 14:25:00",TARONG#4,279.600010
D,DISPATCH,UNIT_SCADA,1,"2019/08/22 14:25:00",TARRALEA,83.80
D,DISPATCH,UNIT_SCADA,1,"2019/08/22 14:25:00",TBSF1,28.30
D,DISPATCH,UNIT_SCADA,1,"2019/08/22 14:25:00",TNPS1,442.300020
D,DISPATCH,UNIT_SCADA,1,"2019/08/22 14:25:00",TORRA1,62.6193
D,DISPATCH,UNIT_SCADA,1,"2019/08/22 14:25:00",TORRA2,0
D,DISPATCH,UNIT_SCADA,1,"2019/08/22 14:25:00",TORRA3,40.154340
D,DISPATCH,UNIT_SCADA,1,"2019/08/22 14:25:00",TORRA4,48.838870
D,DISPATCH,UNIT_SCADA,1,"2019/08/22 14:25:00",TORRB1,60.23
D,DISPATCH,UNIT_SCADA,1,"2019/08/22 14:25:00",TORRB2,60.29
D,DISPATCH,UNIT_SCADA,1,"2019/08/22 14:25:00",TORRB3,0
D,DISPATCH,UNIT_SCADA,1,"2019/08/22 14:25:00",TORRB4,0
D,DISPATCH,UNIT_SCADA,1,"2019/08/22 14:25:00",TREVALLN,44.050020
D,DISPATCH,UNIT_SCADA,1,"2019/08/22 14:25:00",TRIBUTE,83.939990
D,DISPATCH,UNIT_SCADA,1,"2019/08/22 14:25:00",TUMUT3,0
D,DISPATCH,UNIT_SCADA,1,"2019/08/22 14:25:00",TUNGATIN,111.100030
D,DISPATCH,UNIT_SCADA,1,"2019/08/22 14:25:00",TVCC201,0
D,DISPATCH,UNIT_SCADA,1,"2019/08/22 14:25:00",TVPP104,0
D,DISPATCH,UNIT_SCADA,1,"2019/08/22 14:25:00",UPPTUMUT,0
D,DISPATCH,UNIT_SCADA,1,"2019/08/22 14:25:00",URANQ11,0
D,DISPATCH,UNIT_SCADA,1,"2019/08/22 14:25:00",URANQ12,0
D,DISPATCH,UNIT_SCADA,1,"2019/08/22 14:25:00",URANQ13,0
D,DISPATCH,UNIT_SCADA,1,"2019/08/22 14:25:00",URANQ14,0
D,DISPATCH,UNIT_SCADA,1,"2019/08/22 14:25:00",VP5,193.4250
D,DISPATCH,UNIT_SCADA,1,"2019/08/22 14:25:00",VP6,579.974980
D,DISPATCH,UNIT_SCADA,1,"2019/08/22 14:25:00",VPGS1,0
D,DISPATCH,UNIT_SCADA,1,"2019/08/22 14:25:00",VPGS2,0
D,DISPATCH,UNIT_SCADA,1,"2019/08/22 14:25:00",VPGS3,0
D,DISPATCH,UNIT_SCADA,1,"2019/08/22 14:25:00",VPGS4,0
D,DISPATCH,UNIT_SCADA,1,"2019/08/22 14:25:00",VPGS5,0
D,DISPATCH,UNIT_SCADA,1,"2019/08/22 14:25:00",VPGS6,0
D,DISPATCH,UNIT_SCADA,1,"2019/08/22 14:25:00",W/HOE#1,0
D,DISPATCH,UNIT_SCADA,1,"2019/08/22 14:25:00",W/HOE#2,0
D,DISPATCH,UNIT_SCADA,1,"2019/08/22 14:25:00",WATERLWF,2.70
D,DISPATCH,UNIT_SCADA,1,"2019/08/22 14:25:00",WEMENSF1,55.40
D,DISPATCH,UNIT_SCADA,1,"2019/08/22 14:25:00",WGWF1,2.40
D,DISPATCH,UNIT_SCADA,1,"2019/08/22 14:25:00",WHITSF1,44.10
D,DISPATCH,UNIT_SCADA,1,"2019/08/22 14:25:00",WKIEWA1,0
D,DISPATCH,UNIT_SCADA,1,"2019/08/22 14:25:00",WKIEWA2,7
D,DISPATCH,UNIT_SCADA,1,"2019/08/22 14:25:00",WOODLWN1,18.1980
D,DISPATCH,UNIT_SCADA,1,"2019/08/22 14:25:00",WRSF1,6.68
D,DISPATCH,UNIT_SCADA,1,"2019/08/22 14:25:00",WRWF1,164.5950
D,DISPATCH,UNIT_SCADA,1,"2019/08/22 14:25:00",YABULU,0
D,DISPATCH,UNIT_SCADA,1,"2019/08/22 14:25:00",YABULU2,0
D,DISPATCH,UNIT_SCADA,1,"2019/08/22 14:25:00",YARWUN_1,0
D,DISPATCH,UNIT_SCADA,1,"2019/08/22 14:25:00",YENDWF1,41.17
D,DISPATCH,UNIT_SCADA,1,"2019/08/22 14:25:00",YWPS1,363.156950
D,DISPATCH,UNIT_SCADA,1,"2019/08/22 14:25:00",YWPS2,277.691130
D,DISPATCH,UNIT_SCADA,1,"2019/08/22 14:25:00",YWPS3,0
D,DISPATCH,UNIT_SCADA,1,"2019/08/22 14:25:00",YWPS4,340.758240
C,"END OF REPORT",334
