C,NEMP.WORLD,DISPATCHSCADA,AEMO,PUBLIC,2019/08/20,16:45:08,0000000311793641,DISPATCHSCADA,0000000311793635
I,DISPATCH,UNIT_SCADA,1,SETTLEMENTDATE,DUID,SCADAVALUE
D,DISPATCH,UNIT_SCADA,1,"2019/08/20 16:50:00",BARCSF1,15.800001
D,DISPATCH,UNIT_SCADA,1,"2019/08/20 16:50:00",BUTLERSG,9.699999
D,DISPATCH,UNIT_SCADA,1,"2019/08/20 16:50:00",CALL_A_4,0
D,DISPATCH,UNIT_SCADA,1,"2019/08/20 16:50:00",CAPTL_WF,130.291992
D,DISPATCH,UNIT_SCADA,1,"2019/08/20 16:50:00",CATHROCK,47.269997
D,DISPATCH,UNIT_SCADA,1,"2019/08/20 16:50:00",CHALLHWF,38.400002
D,DISPATCH,UNIT_SCADA,1,"2019/08/20 16:50:00",CLOVER,-0.01
D,DISPATCH,UNIT_SCADA,1,"2019/08/20 16:50:00",CLUNY,17.772945
D,DISPATCH,UNIT_SCADA,1,"2019/08/20 16:50:00",CNUNDAWF,41.348236
D,DISPATCH,UNIT_SCADA,1,"2019/08/20 16:50:00",CULLRGWF,28.469999
D,DISPATCH,UNIT_SCADA,1,"2019/08/20 16:50:00",ERGT01,0
D,DISPATCH,UNIT_SCADA,1,"2019/08/20 16:50:00",GB01,0.070290
D,DISPATCH,UNIT_SCADA,1,"2019/08/20 16:50:00",GERMCRK,24.40
D,DISPATCH,UNIT_SCADA,1,"2019/08/20 16:50:00",GRIFSF1,8.000008
D,DISPATCH,UNIT_SCADA,1,"2019/08/20 16:50:00",HUGSF1,7.7140
D,DISPATCH,UNIT_SCADA,1,"2019/08/20 16:50:00",LKBONNY1,77.252602
D,DISPATCH,UNIT_SCADA,1,"2019/08/20 16:50:00",LRSF1,11.31
D,DISPATCH,UNIT_SCADA,1,"2019/08/20 16:50:00",MBAHNTH,52.856247
D,DISPATCH,UNIT_SCADA,1,"2019/08/20 16:50:00",MLSP1,2.284001
D,DISPATCH,UNIT_SCADA,1,"2019/08/20 16:50:00",MLWF1,19.110001
D,DISPATCH,UNIT_SCADA,1,"2019/08/20 16:50:00",MTMILLAR,32.920361
D,DISPATCH,UNIT_SCADA,1,"2019/08/20 16:50:00",PALOONA,7.47
D,DISPATCH,UNIT_SCADA,1,"2019/08/20 16:50:00",PIONEER,11.30
D,DISPATCH,UNIT_SCADA,1,"2019/08/20 16:50:00",PORTWF,136.600006
D,DISPATCH,UNIT_SCADA,1,"2019/08/20 16:50:00",REPULSE,28.523994
D,DISPATCH,UNIT_SCADA,1,"2019/08/20 16:50:00",ROWALLAN,9.8903
D,DISPATCH,UNIT_SCADA,1,"2019/08/20 16:50:00",ROYALLA1,1.6760
D,DISPATCH,UNIT_SCADA,1,"2019/08/20 16:50:00",RPCG,10.40
D,DISPATCH,UNIT_SCADA,1,"2019/08/20 16:50:00",RUBICON,0
D,DISPATCH,UNIT_SCADA,1,"2019/08/20 16:50:00",SATGN1,0
D,DISPATCH,UNIT_SCADA,1,"2019/08/20 16:50:00",SATGS1,0
D,DISPATCH,UNIT_SCADA,1,"2019/08/20 16:50:00",STARHLWF,30.691050
D,DISPATCH,UNIT_SCADA,1,"2019/08/20 16:50:00",WAUBRAWF,133.145004
D,DISPATCH,UNIT_SCADA,1,"2019/08/20 16:50:00",WOOLNTH1,66.380020
D,DISPATCH,UNIT_SCADA,1,"2019/08/20 16:50:00",WPWF,50
D,DISPATCH,UNIT_SCADA,1,"2019/08/20 16:50:00",YAMBUKWF,30.200001
D,DISPATCH,UNIT_SCADA,1,"2019/08/20 16:50:00",YSWF1,28.60
D,DISPATCH,UNIT_SCADA,1,"2019/08/20 16:50:00",AGLHAL,0
D,DISPATCH,UNIT_SCADA,1,"2019/08/20 16:50:00",AGLSOM,-0.10
D,DISPATCH,UNIT_SCADA,1,"2019/08/20 16:50:00",ANGAST1,0
D,DISPATCH,UNIT_SCADA,1,"2019/08/20 16:50:00",ARWF1,77.70
D,DISPATCH,UNIT_SCADA,1,"2019/08/20 16:50:00",BALBG1,8.50
D,DISPATCH,UNIT_SCADA,1,"2019/08/20 16:50:00",BALBL1,0
D,DISPATCH,UNIT_SCADA,1,"2019/08/20 16:50:00",BALDHWF1,103.647990
D,DISPATCH,UNIT_SCADA,1,"2019/08/20 16:50:00",BANN1,11.10
D,DISPATCH,UNIT_SCADA,1,"2019/08/20 16:50:00",BARCALDN,0
D,DISPATCH,UNIT_SCADA,1,"2019/08/20 16:50:00",BARRON-1,0
D,DISPATCH,UNIT_SCADA,1,"2019/08/20 16:50:00",BARRON-2,25.04
D,DISPATCH,UNIT_SCADA,1,"2019/08/20 16:50:00",BASTYAN,76.610010
D,DISPATCH,UNIT_SCADA,1,"2019/08/20 16:50:00",BBTHREE1,-1.76
D,DISPATCH,UNIT_SCADA,1,"2019/08/20 16:50:00",BBTHREE2,-2.01
D,DISPATCH,UNIT_SCADA,1,"2019/08/20 16:50:00",BBTHREE3,0
D,DISPATCH,UNIT_SCADA,1,"2019/08/20 16:50:00",BDL01,0
D,DISPATCH,UNIT_SCADA,1,"2019/08/20 16:50:00",BDL02,0
D,DISPATCH,UNIT_SCADA,1,"2019/08/20 16:50:00",BERYLSF1,19.629380
D,DISPATCH,UNIT_SCADA,1,"2019/08/20 16:50:00",BLOWERNG,0
D,DISPATCH,UNIT_SCADA,1,"2019/08/20 16:50:00",BLUFF1,49.90
D,DISPATCH,UNIT_SCADA,1,"2019/08/20 16:50:00",BNGSF1,82.38
D,DISPATCH,UNIT_SCADA,1,"2019/08/20 16:50:00",BNGSF2,20.02
D,DISPATCH,UNIT_SCADA,1,"2019/08/20 16:50:00",BOCORWF1,109.81
D,DISPATCH,UNIT_SCADA,1,"2019/08/20 16:50:00",BODWF1,90.628820
D,DISPATCH,UNIT_SCADA,1,"2019/08/20 16:50:00",BRAEMAR1,0
D,DISPATCH,UNIT_SCADA,1,"2019/08/20 16:50:00",BRAEMAR2,63.80
D,DISPATCH,UNIT_SCADA,1,"2019/08/20 16:50:00",BRAEMAR3,0
D,DISPATCH,UNIT_SCADA,1,"2019/08/20 16:50:00",BRAEMAR5,0
D,DISPATCH,UNIT_SCADA,1,"2019/08/20 16:50:00",BRAEMAR6,87.083940
D,DISPATCH,UNIT_SCADA,1,"2019/08/20 16:50:00",BRAEMAR7,0
D,DISPATCH,UNIT_SCADA,1,"2019/08/20 16:50:00",BROKENH1,22.629880
D,DISPATCH,UNIT_SCADA,1,"2019/08/20 16:50:00",BW01,485.224980
D,DISPATCH,UNIT_SCADA,1,"2019/08/20 16:50:00",BW02,629.275020
D,DISPATCH,UNIT_SCADA,1,"2019/08/20 16:50:00",BW03,620.150020
D,DISPATCH,UNIT_SCADA,1,"2019/08/20 16:50:00",BW04,0
D,DISPATCH,UNIT_SCADA,1,"2019/08/20 16:50:00",CALL_B_1,348.899990
D,DISPATCH,UNIT_SCADA,1,"2019/08/20 16:50:00",CALL_B_2,294.700010
D,DISPATCH,UNIT_SCADA,1,"2019/08/20 16:50:00",CETHANA,92.137120
D,DISPATCH,UNIT_SCADA,1,"2019/08/20 16:50:00",CG1,0
D,DISPATCH,UNIT_SCADA,1,"2019/08/20 16:50:00",CG2,0
D,DISPATCH,UNIT_SCADA,1,"2019/08/20 16:50:00",CG3,0
D,DISPATCH,UNIT_SCADA,1,"2019/08/20 16:50:00",CG4,0
D,DISPATCH,UNIT_SCADA,1,"2019/08/20 16:50:00",CHILDSF1,14.15
D,DISPATCH,UNIT_SCADA,1,"2019/08/20 16:50:00",CLARESF1,24.998910
D,DISPATCH,UNIT_SCADA,1,"2019/08/20 16:50:00",CLEMGPWF,14.334970
D,DISPATCH,UNIT_SCADA,1,"2019/08/20 16:50:00",CLERMSF1,15.06
D,DISPATCH,UNIT_SCADA,1,"2019/08/20 16:50:00",COLEASF1,31.30
D,DISPATCH,UNIT_SCADA,1,"2019/08/20 16:50:00",COOPGWF1,29.824370
D,DISPATCH,UNIT_SCADA,1,"2019/08/20 16:50:00",CPP_3,405.899990
D,DISPATCH,UNIT_SCADA,1,"2019/08/20 16:50:00",CPP_4,404.25
D,DISPATCH,UNIT_SCADA,1,"2019/08/20 16:50:00",CPSA,143.703130
D,DISPATCH,UNIT_SCADA,1,"2019/08/20 16:50:00",CROOKWF2,66.273750
D,DISPATCH,UNIT_SCADA,1,"2019/08/20 16:50:00",CROWLWF1,48.816130
D,DISPATCH,UNIT_SCADA,1,"2019/08/20 16:50:00",CSPVPS1,10.8490
D,DISPATCH,UNIT_SCADA,1,"2019/08/20 16:50:00",DALNTH01,0.044250
D,DISPATCH,UNIT_SCADA,1,"2019/08/20 16:50:00",DALNTHL1,0
D,DISPATCH,UNIT_SCADA,1,"2019/08/20 16:50:00",DARTM1,134.70
D,DISPATCH,UNIT_SCADA,1,"2019/08/20 16:50:00",DAYDSF1,74.727010
D,DISPATCH,UNIT_SCADA,1,"2019/08/20 16:50:00",DDPS1,234.749730
D,DISPATCH,UNIT_SCADA,1,"2019/08/20 16:50:00",DDSF1,24.562690
D,DISPATCH,UNIT_SCADA,1,"2019/08/20 16:50:00",DEVILS_G,0.849640
D,DISPATCH,UNIT_SCADA,1,"2019/08/20 16:50:00",DG_NSW1,0
D,DISPATCH,UNIT_SCADA,1,"2019/08/20 16:50:00",DG_QLD1,0
D,DISPATCH,UNIT_SCADA,1,"2019/08/20 16:50:00",DG_SA1,0
D,DISPATCH,UNIT_SCADA,1,"2019/08/20 16:50:00",DG_TAS1,0
D,DISPATCH,UNIT_SCADA,1,"2019/08/20 16:50:00",DG_VIC1,0
D,DISPATCH,UNIT_SCADA,1,"2019/08/20 16:50:00",DRYCGT1,0
D,DISPATCH,UNIT_SCADA,1,"2019/08/20 16:50:00",DRYCGT2,0
D,DISPATCH,UNIT_SCADA,1,"2019/08/20 16:50:00",DRYCGT3,0
D,DISPATCH,UNIT_SCADA,1,"2019/08/20 16:50:00",EILDON1,0
D,DISPATCH,UNIT_SCADA,1,"2019/08/20 16:50:00",EILDON2,0
D,DISPATCH,UNIT_SCADA,1,"2019/08/20 16:50:00",EMERASF1,33.46
D,DISPATCH,UNIT_SCADA,1,"2019/08/20 16:50:00",ER01,457.150020
D,DISPATCH,UNIT_SCADA,1,"2019/08/20 16:50:00",ER02,459
D,DISPATCH,UNIT_SCADA,1,"2019/08/20 16:50:00",ER03,700.424930
D,DISPATCH,UNIT_SCADA,1,"2019/08/20 16:50:00",ER04,463.525020
D,DISPATCH,UNIT_SCADA,1,"2019/08/20 16:50:00",FINLYSF1,0
D,DISPATCH,UNIT_SCADA,1,"2019/08/20 16:50:00",FISHER,45.74
D,DISPATCH,UNIT_SCADA,1,"2019/08/20 16:50:00",GANNBG1,7.579280
D,DISPATCH,UNIT_SCADA,1,"2019/08/20 16:50:00",GANNBL1,0
D,DISPATCH,UNIT_SCADA,1,"2019/08/20 16:50:00",GANNSF1,4.50
D,DISPATCH,UNIT_SCADA,1,"2019/08/20 16:50:00",GORDON,22.863680
D,DISPATCH,UNIT_SCADA,1,"2019/08/20 16:50:00",GSTONE1,172.20
D,DISPATCH,UNIT_SCADA,1,"2019/08/20 16:50:00",GSTONE2,160.474990
D,DISPATCH,UNIT_SCADA,1,"2019/08/20 16:50:00",GSTONE3,162.399990
D,DISPATCH,UNIT_SCADA,1,"2019/08/20 16:50:00",GSTONE4,167.30
D,DISPATCH,UNIT_SCADA,1,"2019/08/20 16:50:00",GSTONE5,166.4250
D,DISPATCH,UNIT_SCADA,1,"2019/08/20 16:50:00",GSTONE6,0
D,DISPATCH,UNIT_SCADA,1,"2019/08/20 16:50:00",GULLRSF1,0.450530
D,DISPATCH,UNIT_SCADA,1,"2019/08/20 16:50:00",GULLRWF1,153.974240
D,DISPATCH,UNIT_SCADA,1,"2019/08/20 16:50:00",GUNNING1,40.530740
D,DISPATCH,UNIT_SCADA,1,"2019/08/20 16:50:00",GUTHEGA,0
D,DISPATCH,UNIT_SCADA,1,"2019/08/20 16:50:00",HALLWF1,91.57
D,DISPATCH,UNIT_SCADA,1,"2019/08/20 16:50:00",HALLWF2,66.11
D,DISPATCH,UNIT_SCADA,1,"2019/08/20 16:50:00",HAMISF1,28.50
D,DISPATCH,UNIT_SCADA,1,"2019/08/20 16:50:00",HAUGHT11,50.051070
D,DISPATCH,UNIT_SCADA,1,"2019/08/20 16:50:00",HAYMSF1,25.8980
D,DISPATCH,UNIT_SCADA,1,"2019/08/20 16:50:00",HDWF1,73.90
D,DISPATCH,UNIT_SCADA,1,"2019/08/20 16:50:00",HDWF2,50.10
D,DISPATCH,UNIT_SCADA,1,"2019/08/20 16:50:00",HDWF3,73.60
D,DISPATCH,UNIT_SCADA,1,"2019/08/20 16:50:00",HPRG1,7.80
D,DISPATCH,UNIT_SCADA,1,"2019/08/20 16:50:00",HPRL1,0
D,DISPATCH,UNIT_SCADA,1,"2019/08/20 16:50:00",HUMENSW,0
D,DISPATCH,UNIT_SCADA,1,"2019/08/20 16:50:00",HUMEV,8.60
D,DISPATCH,UNIT_SCADA,1,"2019/08/20 16:50:00",HVGTS,0
D,DISPATCH,UNIT_SCADA,1,"2019/08/20 16:50:00",JBUTTERS,121.04
D,DISPATCH,UNIT_SCADA,1,"2019/08/20 16:50:00",JLA01,0.50
D,DISPATCH,UNIT_SCADA,1,"2019/08/20 16:50:00",JLA02,0
D,DISPATCH,UNIT_SCADA,1,"2019/08/20 16:50:00",JLA03,0.10
D,DISPATCH,UNIT_SCADA,1,"2019/08/20 16:50:00",JLA04,0.10
D,DISPATCH,UNIT_SCADA,1,"2019/08/20 16:50:00",JLB01,0
D,DISPATCH,UNIT_SCADA,1,"2019/08/20 16:50:00",JLB02,0.10
D,DISPATCH,UNIT_SCADA,1,"2019/08/20 16:50:00",JLB03,0
D,DISPATCH,UNIT_SCADA,1,"2019/08/20 16:50:00",KAREEYA1,21.4075
D,DISPATCH,UNIT_SCADA,1,"2019/08/20 16:50:00",KAREEYA2,21.5325
D,DISPATCH,UNIT_SCADA,1,"2019/08/20 16:50:00",KAREEYA3,0
D,DISPATCH,UNIT_SCADA,1,"2019/08/20 16:50:00",KAREEYA4,21.61
D,DISPATCH,UNIT_SCADA,1,"2019/08/20 16:50:00",KARSF1,10.40
D,DISPATCH,UNIT_SCADA,1,"2019/08/20 16:50:00",KIATAWF1,30.90
D,DISPATCH,UNIT_SCADA,1,"2019/08/20 16:50:00",KPP_1,0
D,DISPATCH,UNIT_SCADA,1,"2019/08/20 16:50:00",KSP1,38.18
D,DISPATCH,UNIT_SCADA,1,"2019/08/20 16:50:00",LADBROK1,0
D,DISPATCH,UNIT_SCADA,1,"2019/08/20 16:50:00",LADBROK2,0
D,DISPATCH,UNIT_SCADA,1,"2019/08/20 16:50:00",LD01,418.762480
D,DISPATCH,UNIT_SCADA,1,"2019/08/20 16:50:00",LD02,420.731230
D,DISPATCH,UNIT_SCADA,1,"2019/08/20 16:50:00",LD03,395.887480
D,DISPATCH,UNIT_SCADA,1,"2019/08/20 16:50:00",LD04,376.818790
D,DISPATCH,UNIT_SCADA,1,"2019/08/20 16:50:00",LEM_WIL,85.5849
D,DISPATCH,UNIT_SCADA,1,"2019/08/20 16:50:00",LGAPWF1,32.06
D,DISPATCH,UNIT_SCADA,1,"2019/08/20 16:50:00",LILYSF1,46.137340
D,DISPATCH,UNIT_SCADA,1,"2019/08/20 16:50:00",LI_WY_CA,148.701310
D,DISPATCH,UNIT_SCADA,1,"2019/08/20 16:50:00",LKBONNY2,152.589680
D,DISPATCH,UNIT_SCADA,1,"2019/08/20 16:50:00",LKBONNY3,38.238080
D,DISPATCH,UNIT_SCADA,1,"2019/08/20 16:50:00",LK_ECHO,0
D,DISPATCH,UNIT_SCADA,1,"2019/08/20 16:50:00",LNGS1,0
D,DISPATCH,UNIT_SCADA,1,"2019/08/20 16:50:00",LNGS2,0
D,DISPATCH,UNIT_SCADA,1,"2019/08/20 16:50:00",LONSDALE,0
D,DISPATCH,UNIT_SCADA,1,"2019/08/20 16:50:00",LOYYB1,536.088620
D,DISPATCH,UNIT_SCADA,1,"2019/08/20 16:50:00",LOYYB2,584.962040
D,DISPATCH,UNIT_SCADA,1,"2019/08/20 16:50:00",LYA1,559
D,DISPATCH,UNIT_SCADA,1,"2019/08/20 16:50:00",LYA2,0
D,DISPATCH,UNIT_SCADA,1,"2019/08/20 16:50:00",LYA3,561
D,DISPATCH,UNIT_SCADA,1,"2019/08/20 16:50:00",LYA4,542
D,DISPATCH,UNIT_SCADA,1,"2019/08/20 16:50:00",MACARTH1,367.191530
D,DISPATCH,UNIT_SCADA,1,"2019/08/20 16:50:00",MACKAYGT,0
D,DISPATCH,UNIT_SCADA,1,"2019/08/20 16:50:00",MACKNTSH,85.240010
D,DISPATCH,UNIT_SCADA,1,"2019/08/20 16:50:00",MANSLR1,15.8010
D,DISPATCH,UNIT_SCADA,1,"2019/08/20 16:50:00",MCKAY1,0.02
D,DISPATCH,UNIT_SCADA,1,"2019/08/20 16:50:00",MEADOWBK,33.838720
D,DISPATCH,UNIT_SCADA,1,"2019/08/20 16:50:00",MERCER01,129.073990
D,DISPATCH,UNIT_SCADA,1,"2019/08/20 16:50:00",MEWF1,43.356160
D,DISPATCH,UNIT_SCADA,1,"2019/08/20 16:50:00",MINTARO,0
D,DISPATCH,UNIT_SCADA,1,"2019/08/20 16:50:00",MOREESF1,24.34
D,DISPATCH,UNIT_SCADA,1,"2019/08/20 16:50:00",MORTLK11,160
D,DISPATCH,UNIT_SCADA,1,"2019/08/20 16:50:00",MORTLK12,0
D,DISPATCH,UNIT_SCADA,1,"2019/08/20 16:50:00",MP1,277.800050
D,DISPATCH,UNIT_SCADA,1,"2019/08/20 16:50:00",MP2,0
D,DISPATCH,UNIT_SCADA,1,"2019/08/20 16:50:00",MPP_1,393.50
D,DISPATCH,UNIT_SCADA,1,"2019/08/20 16:50:00",MPP_2,435.75
D,DISPATCH,UNIT_SCADA,1,"2019/08/20 16:50:00",MSTUART1,0
D,DISPATCH,UNIT_SCADA,1,"2019/08/20 16:50:00",MSTUART2,0
D,DISPATCH,UNIT_SCADA,1,"2019/08/20 16:50:00",MSTUART3,0
D,DISPATCH,UNIT_SCADA,1,"2019/08/20 16:50:00",MTGELWF1,64.522230
D,DISPATCH,UNIT_SCADA,1,"2019/08/20 16:50:00",MURRAY,0
D,DISPATCH,UNIT_SCADA,1,"2019/08/20 16:50:00",MUSSELR1,28.90
D,DISPATCH,UNIT_SCADA,1,"2019/08/20 16:50:00",MUWAWF1,51.73
D,DISPATCH,UNIT_SCADA,1,"2019/08/20 16:50:00",NBHWF1,116.70
D,DISPATCH,UNIT_SCADA,1,"2019/08/20 16:50:00",NPS,182.25
D,DISPATCH,UNIT_SCADA,1,"2019/08/20 16:50:00",NUMURSF1,4.40
D,DISPATCH,UNIT_SCADA,1,"2019/08/20 16:50:00",NYNGAN1,27.25
D,DISPATCH,UNIT_SCADA,1,"2019/08/20 16:50:00",OAKEY1,0
D,DISPATCH,UNIT_SCADA,1,"2019/08/20 16:50:00",OAKEY1SF,7.7810
D,DISPATCH,UNIT_SCADA,1,"2019/08/20 16:50:00",OAKEY2,0
D,DISPATCH,UNIT_SCADA,1,"2019/08/20 16:50:00",OAKLAND1,61.80
D,DISPATCH,UNIT_SCADA,1,"2019/08/20 16:50:00",OSB-AG,140.819990
D,DISPATCH,UNIT_SCADA,1,"2019/08/20 16:50:00",PARSF1,26.30
D,DISPATCH,UNIT_SCADA,1,"2019/08/20 16:50:00",POAT110,0
D,DISPATCH,UNIT_SCADA,1,"2019/08/20 16:50:00",POAT220,6.69
D,DISPATCH,UNIT_SCADA,1,"2019/08/20 16:50:00",POR01,0
D,DISPATCH,UNIT_SCADA,1,"2019/08/20 16:50:00",POR03,0
D,DISPATCH,UNIT_SCADA,1,"2019/08/20 16:50:00",PPCCGT,352.737150
D,DISPATCH,UNIT_SCADA,1,"2019/08/20 16:50:00",PTSTAN1,0
D,DISPATCH,UNIT_SCADA,1,"2019/08/20 16:50:00",PUMP1,0
D,DISPATCH,UNIT_SCADA,1,"2019/08/20 16:50:00",PUMP2,0
D,DISPATCH,UNIT_SCADA,1,"2019/08/20 16:50:00",QPS1,0
D,DISPATCH,UNIT_SCADA,1,"2019/08/20 16:50:00",QPS2,0
D,DISPATCH,UNIT_SCADA,1,"2019/08/20 16:50:00",QPS3,0
D,DISPATCH,UNIT_SCADA,1,"2019/08/20 16:50:00",QPS4,0
D,DISPATCH,UNIT_SCADA,1,"2019/08/20 16:50:00",QPS5,0
D,DISPATCH,UNIT_SCADA,1,"2019/08/20 16:50:00",REECE1,116.010010
D,DISPATCH,UNIT_SCADA,1,"2019/08/20 16:50:00",REECE2,111.180010
D,DISPATCH,UNIT_SCADA,1,"2019/08/20 16:50:00",ROMA_7,0
D,DISPATCH,UNIT_SCADA,1,"2019/08/20 16:50:00",ROMA_8,0
D,DISPATCH,UNIT_SCADA,1,"2019/08/20 16:50:00",RRSF1,48.731450
D,DISPATCH,UNIT_SCADA,1,"2019/08/20 16:50:00",RT_NSW1,0
D,DISPATCH,UNIT_SCADA,1,"2019/08/20 16:50:00",RT_NSW2,0
D,DISPATCH,UNIT_SCADA,1,"2019/08/20 16:50:00",RT_NSW3,0
D,DISPATCH,UNIT_SCADA,1,"2019/08/20 16:50:00",RT_NSW4,0
D,DISPATCH,UNIT_SCADA,1,"2019/08/20 16:50:00",RT_NSW5,0
D,DISPATCH,UNIT_SCADA,1,"2019/08/20 16:50:00",RT_NSW6,0
D,DISPATCH,UNIT_SCADA,1,"2019/08/20 16:50:00",RT_QLD1,0
D,DISPATCH,UNIT_SCADA,1,"2019/08/20 16:50:00",RT_SA1,0
D,DISPATCH,UNIT_SCADA,1,"2019/08/20 16:50:00",RT_SA2,0
D,DISPATCH,UNIT_SCADA,1,"2019/08/20 16:50:00",RT_SA3,0
D,DISPATCH,UNIT_SCADA,1,"2019/08/20 16:50:00",RT_SA4,0
D,DISPATCH,UNIT_SCADA,1,"2019/08/20 16:50:00",RT_SA5,0
D,DISPATCH,UNIT_SCADA,1,"2019/08/20 16:50:00",RT_SA6,0
D,DISPATCH,UNIT_SCADA,1,"2019/08/20 16:50:00",RT_TAS1,0
D,DISPATCH,UNIT_SCADA,1,"2019/08/20 16:50:00",RT_VIC1,0
D,DISPATCH,UNIT_SCADA,1,"2019/08/20 16:50:00",RT_VIC10,0
D,DISPATCH,UNIT_SCADA,1,"2019/08/20 16:50:00",RT_VIC11,0
D,DISPATCH,UNIT_SCADA,1,"2019/08/20 16:50:00",RT_VIC12,0
D,DISPATCH,UNIT_SCADA,1,"2019/08/20 16:50:00",RT_VIC2,0
D,DISPATCH,UNIT_SCADA,1,"2019/08/20 16:50:00",RT_VIC3,0
D,DISPATCH,UNIT_SCADA,1,"2019/08/20 16:50:00",RT_VIC4,0
D,DISPATCH,UNIT_SCADA,1,"2019/08/20 16:50:00",RT_VIC5,0
D,DISPATCH,UNIT_SCADA,1,"2019/08/20 16:50:00",RT_VIC6,0
D,DISPATCH,UNIT_SCADA,1,"2019/08/20 16:50:00",RT_VIC7,0
D,DISPATCH,UNIT_SCADA,1,"2019/08/20 16:50:00",RT_VIC8,0
D,DISPATCH,UNIT_SCADA,1,"2019/08/20 16:50:00",RT_VIC9,0
D,DISPATCH,UNIT_SCADA,1,"2019/08/20 16:50:00",RUGBYR1,40.636420
D,DISPATCH,UNIT_SCADA,1,"2019/08/20 16:50:00",SALTCRK1,51.24
D,DISPATCH,UNIT_SCADA,1,"2019/08/20 16:50:00",SAPHWF1,176.699980
D,DISPATCH,UNIT_SCADA,1,"2019/08/20 16:50:00",SHGEN,0
D,DISPATCH,UNIT_SCADA,1,"2019/08/20 16:50:00",SHPUMP,0
D,DISPATCH,UNIT_SCADA,1,"2019/08/20 16:50:00",SITHE01,0.005650
D,DISPATCH,UNIT_SCADA,1,"2019/08/20 16:50:00",SMCSF1,26.361760
D,DISPATCH,UNIT_SCADA,1,"2019/08/20 16:50:00",SNOWNTH1,110.100010
D,DISPATCH,UNIT_SCADA,1,"2019/08/20 16:50:00",SNOWSTH1,112.20
D,DISPATCH,UNIT_SCADA,1,"2019/08/20 16:50:00",SNOWTWN1,83.382350
D,DISPATCH,UNIT_SCADA,1,"2019/08/20 16:50:00",SNOWYP,0
D,DISPATCH,UNIT_SCADA,1,"2019/08/20 16:50:00",SNUG1,0.019440
D,DISPATCH,UNIT_SCADA,1,"2019/08/20 16:50:00",SRSF1,12.77
D,DISPATCH,UNIT_SCADA,1,"2019/08/20 16:50:00",STAN-1,0
D,DISPATCH,UNIT_SCADA,1,"2019/08/20 16:50:00",STAN-2,281.299440
D,DISPATCH,UNIT_SCADA,1,"2019/08/20 16:50:00",STAN-3,282.735050
D,DISPATCH,UNIT_SCADA,1,"2019/08/20 16:50:00",STAN-4,278.082180
D,DISPATCH,UNIT_SCADA,1,"2019/08/20 16:50:00",STWF1,17.549990
D,DISPATCH,UNIT_SCADA,1,"2019/08/20 16:50:00",SWAN_E,0
D,DISPATCH,UNIT_SCADA,1,"2019/08/20 16:50:00",TALWA1,409
D,DISPATCH,UNIT_SCADA,1,"2019/08/20 16:50:00",TARALGA1,101.9850
D,DISPATCH,UNIT_SCADA,1,"2019/08/20 16:50:00",TARONG#1,312.399990
D,DISPATCH,UNIT_SCADA,1,"2019/08/20 16:50:00",TARONG#2,313.200010
D,DISPATCH,UNIT_SCADA,1,"2019/08/20 16:50:00",TARONG#3,260
D,DISPATCH,UNIT_SCADA,1,"2019/08/20 16:50:00",TARONG#4,309.800020
D,DISPATCH,UNIT_SCADA,1,"2019/08/20 16:50:00",TARRALEA,85.10
D,DISPATCH,UNIT_SCADA,1,"2019/08/20 16:50:00",TBSF1,8.50
D,DISPATCH,UNIT_SCADA,1,"2019/08/20 16:50:00",TNPS1,441.700010
D,DISPATCH,UNIT_SCADA,1,"2019/08/20 16:50:00",TORRA1,40.718890
D,DISPATCH,UNIT_SCADA,1,"2019/08/20 16:50:00",TORRA2,0
D,DISPATCH,UNIT_SCADA,1,"2019/08/20 16:50:00",TORRA3,0
D,DISPATCH,UNIT_SCADA,1,"2019/08/20 16:50:00",TORRA4,0
D,DISPATCH,UNIT_SCADA,1,"2019/08/20 16:50:00",TORRB1,39.37
D,DISPATCH,UNIT_SCADA,1,"2019/08/20 16:50:00",TORRB2,39.84
D,DISPATCH,UNIT_SCADA,1,"2019/08/20 16:50:00",TORRB3,0
D,DISPATCH,UNIT_SCADA,1,"2019/08/20 16:50:00",TORRB4,0
D,DISPATCH,UNIT_SCADA,1,"2019/08/20 16:50:00",TREVALLN,43.840020
D,DISPATCH,UNIT_SCADA,1,"2019/08/20 16:50:00",TRIBUTE,44.60
D,DISPATCH,UNIT_SCADA,1,"2019/08/20 16:50:00",TUMUT3,0
D,DISPATCH,UNIT_SCADA,1,"2019/08/20 16:50:00",TUNGATIN,127.430020
D,DISPATCH,UNIT_SCADA,1,"2019/08/20 16:50:00",TVCC201,0
D,DISPATCH,UNIT_SCADA,1,"2019/08/20 16:50:00",TVPP104,0
D,DISPATCH,UNIT_SCADA,1,"2019/08/20 16:50:00",UPPTUMUT,0
D,DISPATCH,UNIT_SCADA,1,"2019/08/20 16:50:00",URANQ11,0
D,DISPATCH,UNIT_SCADA,1,"2019/08/20 16:50:00",URANQ12,0
D,DISPATCH,UNIT_SCADA,1,"2019/08/20 16:50:00",URANQ13,0
D,DISPATCH,UNIT_SCADA,1,"2019/08/20 16:50:00",URANQ14,0
D,DISPATCH,UNIT_SCADA,1,"2019/08/20 16:50:00",VP5,508.449980
D,DISPATCH,UNIT_SCADA,1,"2019/08/20 16:50:00",VP6,491.800020
D,DISPATCH,UNIT_SCADA,1,"2019/08/20 16:50:00",VPGS1,0
D,DISPATCH,UNIT_SCADA,1,"2019/08/20 16:50:00",VPGS2,0
D,DISPATCH,UNIT_SCADA,1,"2019/08/20 16:50:00",VPGS3,0
D,DISPATCH,UNIT_SCADA,1,"2019/08/20 16:50:00",VPGS4,0
D,DISPATCH,UNIT_SCADA,1,"2019/08/20 16:50:00",VPGS5,0
D,DISPATCH,UNIT_SCADA,1,"2019/08/20 16:50:00",VPGS6,0
D,DISPATCH,UNIT_SCADA,1,"2019/08/20 16:50:00",W/HOE#1,0
D,DISPATCH,UNIT_SCADA,1,"2019/08/20 16:50:00",W/HOE#2,0
D,DISPATCH,UNIT_SCADA,1,"2019/08/20 16:50:00",WATERLWF,121.90
D,DISPATCH,UNIT_SCADA,1,"2019/08/20 16:50:00",WEMENSF1,8.30
D,DISPATCH,UNIT_SCADA,1,"2019/08/20 16:50:00",WGWF1,109.30
D,DISPATCH,UNIT_SCADA,1,"2019/08/20 16:50:00",WHITSF1,26.40
D,DISPATCH,UNIT_SCADA,1,"2019/08/20 16:50:00",WKIEWA1,0
D,DISPATCH,UNIT_SCADA,1,"2019/08/20 16:50:00",WKIEWA2,0.10
D,DISPATCH,UNIT_SCADA,1,"2019/08/20 16:50:00",WOODLWN1,44.5770
D,DISPATCH,UNIT_SCADA,1,"2019/08/20 16:50:00",WRSF1,3.79
D,DISPATCH,UNIT_SCADA,1,"2019/08/20 16:50:00",WRWF1,100.763760
D,DISPATCH,UNIT_SCADA,1,"2019/08/20 16:50:00",YABULU,0
D,DISPATCH,UNIT_SCADA,1,"2019/08/20 16:50:00",YABULU2,0
D,DISPATCH,UNIT_SCADA,1,"2019/08/20 16:50:00",YARWUN_1,0
D,DISPATCH,UNIT_SCADA,1,"2019/08/20 16:50:00",YENDWF1,42.14
D,DISPATCH,UNIT_SCADA,1,"2019/08/20 16:50:00",YWPS1,379.197480
D,DISPATCH,UNIT_SCADA,1,"2019/08/20 16:50:00",YWPS2,279.6962
D,DISPATCH,UNIT_SCADA,1,"2019/08/20 16:50:00",YWPS3,0
D,DISPATCH,UNIT_SCADA,1,"2019/08/20 16:50:00",YWPS4,397.778470
C,"END OF REPORT",334
