C,NEMP.WORLD,DISPATCHSCADA,AEMO,PUBLIC,2019/09/05,13:35:08,0000000312423928,DISPATCHSCADA,0000000312423922
I,DISPATCH,UNIT_SCADA,1,SETTLEMENTDATE,DUID,SCADAVALUE
D,DISPATCH,UNIT_SCADA,1,"2019/09/05 13:40:00",BARCSF1,8.900001
D,DISPATCH,UNIT_SCADA,1,"2019/09/05 13:40:00",BUTLERSG,10.199999
D,DISPATCH,UNIT_SCADA,1,"2019/09/05 13:40:00",CALL_A_4,0
D,DISPATCH,UNIT_SCADA,1,"2019/09/05 13:40:00",CAPTL_WF,0
D,DISPATCH,UNIT_SCADA,1,"2019/09/05 13:40:00",CATHROCK,30.049997
D,DISPATCH,UNIT_SCADA,1,"2019/09/05 13:40:00",CHALLHWF,11.40
D,DISPATCH,UNIT_SCADA,1,"2019/09/05 13:40:00",CLOVER,0
D,DISPATCH,UNIT_SCADA,1,"2019/09/05 13:40:00",CLUNY,18.116274
D,DISPATCH,UNIT_SCADA,1,"2019/09/05 13:40:00",CNUNDAWF,33.238777
D,DISPATCH,UNIT_SCADA,1,"2019/09/05 13:40:00",CULLRGWF,4.83
D,DISPATCH,UNIT_SCADA,1,"2019/09/05 13:40:00",ERGT01,0
D,DISPATCH,UNIT_SCADA,1,"2019/09/05 13:40:00",GB01,-0.002239
D,DISPATCH,UNIT_SCADA,1,"2019/09/05 13:40:00",GERMCRK,32
D,DISPATCH,UNIT_SCADA,1,"2019/09/05 13:40:00",GRIFSF1,24.800003
D,DISPATCH,UNIT_SCADA,1,"2019/09/05 13:40:00",HUGSF1,0.03
D,DISPATCH,UNIT_SCADA,1,"2019/09/05 13:40:00",LKBONNY1,50.549099
D,DISPATCH,UNIT_SCADA,1,"2019/09/05 13:40:00",LRSF1,12.894001
D,DISPATCH,UNIT_SCADA,1,"2019/09/05 13:40:00",MBAHNTH,25.50
D,DISPATCH,UNIT_SCADA,1,"2019/09/05 13:40:00",MLSP1,3.593001
D,DISPATCH,UNIT_SCADA,1,"2019/09/05 13:40:00",MLWF1,5.64
D,DISPATCH,UNIT_SCADA,1,"2019/09/05 13:40:00",MTMILLAR,21.497950
D,DISPATCH,UNIT_SCADA,1,"2019/09/05 13:40:00",PALOONA,25.619999
D,DISPATCH,UNIT_SCADA,1,"2019/09/05 13:40:00",PIONEER,20.800001
D,DISPATCH,UNIT_SCADA,1,"2019/09/05 13:40:00",PORTWF,40.299999
D,DISPATCH,UNIT_SCADA,1,"2019/09/05 13:40:00",REPULSE,28.974442
D,DISPATCH,UNIT_SCADA,1,"2019/09/05 13:40:00",ROWALLAN,10.2382
D,DISPATCH,UNIT_SCADA,1,"2019/09/05 13:40:00",ROYALLA1,3.647001
D,DISPATCH,UNIT_SCADA,1,"2019/09/05 13:40:00",RPCG,10.60
D,DISPATCH,UNIT_SCADA,1,"2019/09/05 13:40:00",RUBICON,0
D,DISPATCH,UNIT_SCADA,1,"2019/09/05 13:40:00",SATGN1,0
D,DISPATCH,UNIT_SCADA,1,"2019/09/05 13:40:00",SATGS1,0
D,DISPATCH,UNIT_SCADA,1,"2019/09/05 13:40:00",STARHLWF,20.194111
D,DISPATCH,UNIT_SCADA,1,"2019/09/05 13:40:00",WAUBRAWF,40.321999
D,DISPATCH,UNIT_SCADA,1,"2019/09/05 13:40:00",WOOLNTH1,11.880015
D,DISPATCH,UNIT_SCADA,1,"2019/09/05 13:40:00",WPWF,65
D,DISPATCH,UNIT_SCADA,1,"2019/09/05 13:40:00",YAMBUKWF,8.30
D,DISPATCH,UNIT_SCADA,1,"2019/09/05 13:40:00",YSWF1,0.40
D,DISPATCH,UNIT_SCADA,1,"2019/09/05 13:40:00",AGLHAL,0
D,DISPATCH,UNIT_SCADA,1,"2019/09/05 13:40:00",AGLSOM,0
D,DISPATCH,UNIT_SCADA,1,"2019/09/05 13:40:00",ANGAST1,0
D,DISPATCH,UNIT_SCADA,1,"2019/09/05 13:40:00",ARWF1,39.80
D,DISPATCH,UNIT_SCADA,1,"2019/09/05 13:40:00",BALBG1,0
D,DISPATCH,UNIT_SCADA,1,"2019/09/05 13:40:00",BALBL1,0
D,DISPATCH,UNIT_SCADA,1,"2019/09/05 13:40:00",BALDHWF1,40.6410
D,DISPATCH,UNIT_SCADA,1,"2019/09/05 13:40:00",BANN1,60.04
D,DISPATCH,UNIT_SCADA,1,"2019/09/05 13:40:00",BARCALDN,0
D,DISPATCH,UNIT_SCADA,1,"2019/09/05 13:40:00",BARRON-1,0
D,DISPATCH,UNIT_SCADA,1,"2019/09/05 13:40:00",BARRON-2,0
D,DISPATCH,UNIT_SCADA,1,"2019/09/05 13:40:00",BASTYAN,80.710010
D,DISPATCH,UNIT_SCADA,1,"2019/09/05 13:40:00",BBTHREE1,0
D,DISPATCH,UNIT_SCADA,1,"2019/09/05 13:40:00",BBTHREE2,0
D,DISPATCH,UNIT_SCADA,1,"2019/09/05 13:40:00",BBTHREE3,0
D,DISPATCH,UNIT_SCADA,1,"2019/09/05 13:40:00",BDL01,0
D,DISPATCH,UNIT_SCADA,1,"2019/09/05 13:40:00",BDL02,0
D,DISPATCH,UNIT_SCADA,1,"2019/09/05 13:40:00",BERYLSF1,74.189240
D,DISPATCH,UNIT_SCADA,1,"2019/09/05 13:40:00",BLOWERNG,11.20
D,DISPATCH,UNIT_SCADA,1,"2019/09/05 13:40:00",BLUFF1,23
D,DISPATCH,UNIT_SCADA,1,"2019/09/05 13:40:00",BNGSF1,94.93
D,DISPATCH,UNIT_SCADA,1,"2019/09/05 13:40:00",BNGSF2,20.01
D,DISPATCH,UNIT_SCADA,1,"2019/09/05 13:40:00",BOCORWF1,4.40
D,DISPATCH,UNIT_SCADA,1,"2019/09/05 13:40:00",BODWF1,28.201210
D,DISPATCH,UNIT_SCADA,1,"2019/09/05 13:40:00",BRAEMAR1,0
D,DISPATCH,UNIT_SCADA,1,"2019/09/05 13:40:00",BRAEMAR2,0
D,DISPATCH,UNIT_SCADA,1,"2019/09/05 13:40:00",BRAEMAR3,0
D,DISPATCH,UNIT_SCADA,1,"2019/09/05 13:40:00",BRAEMAR5,0
D,DISPATCH,UNIT_SCADA,1,"2019/09/05 13:40:00",BRAEMAR6,0
D,DISPATCH,UNIT_SCADA,1,"2019/09/05 13:40:00",BRAEMAR7,0
D,DISPATCH,UNIT_SCADA,1,"2019/09/05 13:40:00",BROKENH1,52.734130
D,DISPATCH,UNIT_SCADA,1,"2019/09/05 13:40:00",BW01,547
D,DISPATCH,UNIT_SCADA,1,"2019/09/05 13:40:00",BW02,609.775020
D,DISPATCH,UNIT_SCADA,1,"2019/09/05 13:40:00",BW03,640.800050
D,DISPATCH,UNIT_SCADA,1,"2019/09/05 13:40:00",BW04,0
D,DISPATCH,UNIT_SCADA,1,"2019/09/05 13:40:00",CALL_B_1,300.700010
D,DISPATCH,UNIT_SCADA,1,"2019/09/05 13:40:00",CALL_B_2,220
D,DISPATCH,UNIT_SCADA,1,"2019/09/05 13:40:00",CETHANA,98.004880
D,DISPATCH,UNIT_SCADA,1,"2019/09/05 13:40:00",CG1,0
D,DISPATCH,UNIT_SCADA,1,"2019/09/05 13:40:00",CG2,0
D,DISPATCH,UNIT_SCADA,1,"2019/09/05 13:40:00",CG3,0
D,DISPATCH,UNIT_SCADA,1,"2019/09/05 13:40:00",CG4,0
D,DISPATCH,UNIT_SCADA,1,"2019/09/05 13:40:00",CHILDSF1,51.58
D,DISPATCH,UNIT_SCADA,1,"2019/09/05 13:40:00",CLARESF1,32.284670
D,DISPATCH,UNIT_SCADA,1,"2019/09/05 13:40:00",CLEMGPWF,44.013390
D,DISPATCH,UNIT_SCADA,1,"2019/09/05 13:40:00",CLERMSF1,0.30
D,DISPATCH,UNIT_SCADA,1,"2019/09/05 13:40:00",COLEASF1,125.099990
D,DISPATCH,UNIT_SCADA,1,"2019/09/05 13:40:00",COOPGWF1,2.854850
D,DISPATCH,UNIT_SCADA,1,"2019/09/05 13:40:00",CPP_3,199.9250
D,DISPATCH,UNIT_SCADA,1,"2019/09/05 13:40:00",CPP_4,180.1250
D,DISPATCH,UNIT_SCADA,1,"2019/09/05 13:40:00",CPSA,73.626880
D,DISPATCH,UNIT_SCADA,1,"2019/09/05 13:40:00",CROOKWF2,3.713750
D,DISPATCH,UNIT_SCADA,1,"2019/09/05 13:40:00",CROWLWF1,3.813890
D,DISPATCH,UNIT_SCADA,1,"2019/09/05 13:40:00",CSPVPS1,32.0430
D,DISPATCH,UNIT_SCADA,1,"2019/09/05 13:40:00",DALNTH01,0
D,DISPATCH,UNIT_SCADA,1,"2019/09/05 13:40:00",DALNTHL1,1.8143
D,DISPATCH,UNIT_SCADA,1,"2019/09/05 13:40:00",DARTM1,0
D,DISPATCH,UNIT_SCADA,1,"2019/09/05 13:40:00",DAYDSF1,0
D,DISPATCH,UNIT_SCADA,1,"2019/09/05 13:40:00",DDPS1,0
D,DISPATCH,UNIT_SCADA,1,"2019/09/05 13:40:00",DDSF1,104.0425
D,DISPATCH,UNIT_SCADA,1,"2019/09/05 13:40:00",DEVILS_G,63.766590
D,DISPATCH,UNIT_SCADA,1,"2019/09/05 13:40:00",DG_NSW1,0
D,DISPATCH,UNIT_SCADA,1,"2019/09/05 13:40:00",DG_QLD1,0
D,DISPATCH,UNIT_SCADA,1,"2019/09/05 13:40:00",DG_SA1,0
D,DISPATCH,UNIT_SCADA,1,"2019/09/05 13:40:00",DG_TAS1,0
D,DISPATCH,UNIT_SCADA,1,"2019/09/05 13:40:00",DG_VIC1,0
D,DISPATCH,UNIT_SCADA,1,"2019/09/05 13:40:00",DRYCGT1,0
D,DISPATCH,UNIT_SCADA,1,"2019/09/05 13:40:00",DRYCGT2,0
D,DISPATCH,UNIT_SCADA,1,"2019/09/05 13:40:00",DRYCGT3,0
D,DISPATCH,UNIT_SCADA,1,"2019/09/05 13:40:00",EILDON1,0
D,DISPATCH,UNIT_SCADA,1,"2019/09/05 13:40:00",EILDON2,0
D,DISPATCH,UNIT_SCADA,1,"2019/09/05 13:40:00",EMERASF1,0.12
D,DISPATCH,UNIT_SCADA,1,"2019/09/05 13:40:00",ER01,566
D,DISPATCH,UNIT_SCADA,1,"2019/09/05 13:40:00",ER02,357.050050
D,DISPATCH,UNIT_SCADA,1,"2019/09/05 13:40:00",ER03,0
D,DISPATCH,UNIT_SCADA,1,"2019/09/05 13:40:00",ER04,673.3750
D,DISPATCH,UNIT_SCADA,1,"2019/09/05 13:40:00",FINLYSF1,15.787510
D,DISPATCH,UNIT_SCADA,1,"2019/09/05 13:40:00",FISHER,45.98
D,DISPATCH,UNIT_SCADA,1,"2019/09/05 13:40:00",GANNBG1,5.368410
D,DISPATCH,UNIT_SCADA,1,"2019/09/05 13:40:00",GANNBL1,0
D,DISPATCH,UNIT_SCADA,1,"2019/09/05 13:40:00",GANNSF1,16.30
D,DISPATCH,UNIT_SCADA,1,"2019/09/05 13:40:00",GORDON,19.279120
D,DISPATCH,UNIT_SCADA,1,"2019/09/05 13:40:00",GSTONE1,150.6750
D,DISPATCH,UNIT_SCADA,1,"2019/09/05 13:40:00",GSTONE2,110.25
D,DISPATCH,UNIT_SCADA,1,"2019/09/05 13:40:00",GSTONE3,0
D,DISPATCH,UNIT_SCADA,1,"2019/09/05 13:40:00",GSTONE4,151.55
D,DISPATCH,UNIT_SCADA,1,"2019/09/05 13:40:00",GSTONE5,162.224990
D,DISPATCH,UNIT_SCADA,1,"2019/09/05 13:40:00",GSTONE6,150.149990
D,DISPATCH,UNIT_SCADA,1,"2019/09/05 13:40:00",GULLRSF1,8.754910
D,DISPATCH,UNIT_SCADA,1,"2019/09/05 13:40:00",GULLRWF1,12.686980
D,DISPATCH,UNIT_SCADA,1,"2019/09/05 13:40:00",GUNNING1,2.391060
D,DISPATCH,UNIT_SCADA,1,"2019/09/05 13:40:00",GUTHEGA,0
D,DISPATCH,UNIT_SCADA,1,"2019/09/05 13:40:00",HALLWF1,61.13
D,DISPATCH,UNIT_SCADA,1,"2019/09/05 13:40:00",HALLWF2,49.27
D,DISPATCH,UNIT_SCADA,1,"2019/09/05 13:40:00",HAMISF1,44.20
D,DISPATCH,UNIT_SCADA,1,"2019/09/05 13:40:00",HAUGHT11,95.150080
D,DISPATCH,UNIT_SCADA,1,"2019/09/05 13:40:00",HAYMSF1,39.8090
D,DISPATCH,UNIT_SCADA,1,"2019/09/05 13:40:00",HDWF1,47.60
D,DISPATCH,UNIT_SCADA,1,"2019/09/05 13:40:00",HDWF2,37.50
D,DISPATCH,UNIT_SCADA,1,"2019/09/05 13:40:00",HDWF3,51.20
D,DISPATCH,UNIT_SCADA,1,"2019/09/05 13:40:00",HPRG1,1.20
D,DISPATCH,UNIT_SCADA,1,"2019/09/05 13:40:00",HPRL1,0
D,DISPATCH,UNIT_SCADA,1,"2019/09/05 13:40:00",HUMENSW,0
D,DISPATCH,UNIT_SCADA,1,"2019/09/05 13:40:00",HUMEV,25.20
D,DISPATCH,UNIT_SCADA,1,"2019/09/05 13:40:00",HVGTS,0
D,DISPATCH,UNIT_SCADA,1,"2019/09/05 13:40:00",JBUTTERS,10.80
D,DISPATCH,UNIT_SCADA,1,"2019/09/05 13:40:00",JLA01,0.10
D,DISPATCH,UNIT_SCADA,1,"2019/09/05 13:40:00",JLA02,0
D,DISPATCH,UNIT_SCADA,1,"2019/09/05 13:40:00",JLA03,0
D,DISPATCH,UNIT_SCADA,1,"2019/09/05 13:40:00",JLA04,0
D,DISPATCH,UNIT_SCADA,1,"2019/09/05 13:40:00",JLB01,0
D,DISPATCH,UNIT_SCADA,1,"2019/09/05 13:40:00",JLB02,84.10
D,DISPATCH,UNIT_SCADA,1,"2019/09/05 13:40:00",JLB03,0
D,DISPATCH,UNIT_SCADA,1,"2019/09/05 13:40:00",KAREEYA1,21.4925
D,DISPATCH,UNIT_SCADA,1,"2019/09/05 13:40:00",KAREEYA2,21.77
D,DISPATCH,UNIT_SCADA,1,"2019/09/05 13:40:00",KAREEYA3,0
D,DISPATCH,UNIT_SCADA,1,"2019/09/05 13:40:00",KAREEYA4,21.5375
D,DISPATCH,UNIT_SCADA,1,"2019/09/05 13:40:00",KARSF1,74.50
D,DISPATCH,UNIT_SCADA,1,"2019/09/05 13:40:00",KIATAWF1,11.90
D,DISPATCH,UNIT_SCADA,1,"2019/09/05 13:40:00",KPP_1,0
D,DISPATCH,UNIT_SCADA,1,"2019/09/05 13:40:00",KSP1,3.74
D,DISPATCH,UNIT_SCADA,1,"2019/09/05 13:40:00",LADBROK1,0
D,DISPATCH,UNIT_SCADA,1,"2019/09/05 13:40:00",LADBROK2,0
D,DISPATCH,UNIT_SCADA,1,"2019/09/05 13:40:00",LD01,377.662450
D,DISPATCH,UNIT_SCADA,1,"2019/09/05 13:40:00",LD02,381.318790
D,DISPATCH,UNIT_SCADA,1,"2019/09/05 13:40:00",LD03,383.118710
D,DISPATCH,UNIT_SCADA,1,"2019/09/05 13:40:00",LD04,381.206270
D,DISPATCH,UNIT_SCADA,1,"2019/09/05 13:40:00",LEM_WIL,82.3369
D,DISPATCH,UNIT_SCADA,1,"2019/09/05 13:40:00",LGAPWF1,3.88
D,DISPATCH,UNIT_SCADA,1,"2019/09/05 13:40:00",LILYSF1,87.556090
D,DISPATCH,UNIT_SCADA,1,"2019/09/05 13:40:00",LI_WY_CA,144.312120
D,DISPATCH,UNIT_SCADA,1,"2019/09/05 13:40:00",LKBONNY2,26.981030
D,DISPATCH,UNIT_SCADA,1,"2019/09/05 13:40:00",LKBONNY3,21.714760
D,DISPATCH,UNIT_SCADA,1,"2019/09/05 13:40:00",LK_ECHO,0
D,DISPATCH,UNIT_SCADA,1,"2019/09/05 13:40:00",LNGS1,0
D,DISPATCH,UNIT_SCADA,1,"2019/09/05 13:40:00",LNGS2,0
D,DISPATCH,UNIT_SCADA,1,"2019/09/05 13:40:00",LONSDALE,0
D,DISPATCH,UNIT_SCADA,1,"2019/09/05 13:40:00",LOYYB1,501.125310
D,DISPATCH,UNIT_SCADA,1,"2019/09/05 13:40:00",LOYYB2,583.082280
D,DISPATCH,UNIT_SCADA,1,"2019/09/05 13:40:00",LYA1,0
D,DISPATCH,UNIT_SCADA,1,"2019/09/05 13:40:00",LYA2,0
D,DISPATCH,UNIT_SCADA,1,"2019/09/05 13:40:00",LYA3,560
D,DISPATCH,UNIT_SCADA,1,"2019/09/05 13:40:00",LYA4,542
D,DISPATCH,UNIT_SCADA,1,"2019/09/05 13:40:00",MACARTH1,73.5983
D,DISPATCH,UNIT_SCADA,1,"2019/09/05 13:40:00",MACKAYGT,0.2240
D,DISPATCH,UNIT_SCADA,1,"2019/09/05 13:40:00",MACKNTSH,87.84
D,DISPATCH,UNIT_SCADA,1,"2019/09/05 13:40:00",MANSLR1,39.6110
D,DISPATCH,UNIT_SCADA,1,"2019/09/05 13:40:00",MCKAY1,0.02
D,DISPATCH,UNIT_SCADA,1,"2019/09/05 13:40:00",MEADOWBK,32.095340
D,DISPATCH,UNIT_SCADA,1,"2019/09/05 13:40:00",MERCER01,17.2360
D,DISPATCH,UNIT_SCADA,1,"2019/09/05 13:40:00",MEWF1,0
D,DISPATCH,UNIT_SCADA,1,"2019/09/05 13:40:00",MINTARO,0
D,DISPATCH,UNIT_SCADA,1,"2019/09/05 13:40:00",MOREESF1,48.67
D,DISPATCH,UNIT_SCADA,1,"2019/09/05 13:40:00",MORTLK11,142
D,DISPATCH,UNIT_SCADA,1,"2019/09/05 13:40:00",MORTLK12,0
D,DISPATCH,UNIT_SCADA,1,"2019/09/05 13:40:00",MP1,218.774960
D,DISPATCH,UNIT_SCADA,1,"2019/09/05 13:40:00",MP2,0
D,DISPATCH,UNIT_SCADA,1,"2019/09/05 13:40:00",MPP_1,320.50
D,DISPATCH,UNIT_SCADA,1,"2019/09/05 13:40:00",MPP_2,250.25
D,DISPATCH,UNIT_SCADA,1,"2019/09/05 13:40:00",MSTUART1,0
D,DISPATCH,UNIT_SCADA,1,"2019/09/05 13:40:00",MSTUART2,0
D,DISPATCH,UNIT_SCADA,1,"2019/09/05 13:40:00",MSTUART3,0
D,DISPATCH,UNIT_SCADA,1,"2019/09/05 13:40:00",MTGELWF1,10.831020
D,DISPATCH,UNIT_SCADA,1,"2019/09/05 13:40:00",MURRAY,0
D,DISPATCH,UNIT_SCADA,1,"2019/09/05 13:40:00",MUSSELR1,-0.40
D,DISPATCH,UNIT_SCADA,1,"2019/09/05 13:40:00",MUWAWF1,2.98
D,DISPATCH,UNIT_SCADA,1,"2019/09/05 13:40:00",NBHWF1,63.90
D,DISPATCH,UNIT_SCADA,1,"2019/09/05 13:40:00",NPS,0
D,DISPATCH,UNIT_SCADA,1,"2019/09/05 13:40:00",NUMURSF1,68.73
D,DISPATCH,UNIT_SCADA,1,"2019/09/05 13:40:00",NYNGAN1,99.25
D,DISPATCH,UNIT_SCADA,1,"2019/09/05 13:40:00",OAKEY1,0
D,DISPATCH,UNIT_SCADA,1,"2019/09/05 13:40:00",OAKEY1SF,23.2910
D,DISPATCH,UNIT_SCADA,1,"2019/09/05 13:40:00",OAKEY2,0
D,DISPATCH,UNIT_SCADA,1,"2019/09/05 13:40:00",OAKEY2SF,0
D,DISPATCH,UNIT_SCADA,1,"2019/09/05 13:40:00",OAKLAND1,11
D,DISPATCH,UNIT_SCADA,1,"2019/09/05 13:40:00",OSB-AG,139.77
D,DISPATCH,UNIT_SCADA,1,"2019/09/05 13:40:00",PARSF1,45.099990
D,DISPATCH,UNIT_SCADA,1,"2019/09/05 13:40:00",POAT110,0
D,DISPATCH,UNIT_SCADA,1,"2019/09/05 13:40:00",POAT220,1.39
D,DISPATCH,UNIT_SCADA,1,"2019/09/05 13:40:00",POR01,0
D,DISPATCH,UNIT_SCADA,1,"2019/09/05 13:40:00",POR03,0
D,DISPATCH,UNIT_SCADA,1,"2019/09/05 13:40:00",PPCCGT,137.312550
D,DISPATCH,UNIT_SCADA,1,"2019/09/05 13:40:00",PTSTAN1,0
D,DISPATCH,UNIT_SCADA,1,"2019/09/05 13:40:00",PUMP1,0
D,DISPATCH,UNIT_SCADA,1,"2019/09/05 13:40:00",PUMP2,0
D,DISPATCH,UNIT_SCADA,1,"2019/09/05 13:40:00",QPS1,0
D,DISPATCH,UNIT_SCADA,1,"2019/09/05 13:40:00",QPS2,0
D,DISPATCH,UNIT_SCADA,1,"2019/09/05 13:40:00",QPS3,0
D,DISPATCH,UNIT_SCADA,1,"2019/09/05 13:40:00",QPS4,0
D,DISPATCH,UNIT_SCADA,1,"2019/09/05 13:40:00",QPS5,0
D,DISPATCH,UNIT_SCADA,1,"2019/09/05 13:40:00",REECE1,100.830010
D,DISPATCH,UNIT_SCADA,1,"2019/09/05 13:40:00",REECE2,88.580010
D,DISPATCH,UNIT_SCADA,1,"2019/09/05 13:40:00",ROMA_7,0
D,DISPATCH,UNIT_SCADA,1,"2019/09/05 13:40:00",ROMA_8,0
D,DISPATCH,UNIT_SCADA,1,"2019/09/05 13:40:00",RRSF1,110.928050
D,DISPATCH,UNIT_SCADA,1,"2019/09/05 13:40:00",RT_NSW1,0
D,DISPATCH,UNIT_SCADA,1,"2019/09/05 13:40:00",RT_NSW2,0
D,DISPATCH,UNIT_SCADA,1,"2019/09/05 13:40:00",RT_NSW3,0
D,DISPATCH,UNIT_SCADA,1,"2019/09/05 13:40:00",RT_NSW4,0
D,DISPATCH,UNIT_SCADA,1,"2019/09/05 13:40:00",RT_NSW5,0
D,DISPATCH,UNIT_SCADA,1,"2019/09/05 13:40:00",RT_NSW6,0
D,DISPATCH,UNIT_SCADA,1,"2019/09/05 13:40:00",RT_QLD1,0
D,DISPATCH,UNIT_SCADA,1,"2019/09/05 13:40:00",RT_SA1,0
D,DISPATCH,UNIT_SCADA,1,"2019/09/05 13:40:00",RT_SA2,0
D,DISPATCH,UNIT_SCADA,1,"2019/09/05 13:40:00",RT_SA3,0
D,DISPATCH,UNIT_SCADA,1,"2019/09/05 13:40:00",RT_SA4,0
D,DISPATCH,UNIT_SCADA,1,"2019/09/05 13:40:00",RT_SA5,0
D,DISPATCH,UNIT_SCADA,1,"2019/09/05 13:40:00",RT_SA6,0
D,DISPATCH,UNIT_SCADA,1,"2019/09/05 13:40:00",RT_TAS1,0
D,DISPATCH,UNIT_SCADA,1,"2019/09/05 13:40:00",RT_VIC1,0
D,DISPATCH,UNIT_SCADA,1,"2019/09/05 13:40:00",RT_VIC10,0
D,DISPATCH,UNIT_SCADA,1,"2019/09/05 13:40:00",RT_VIC11,0
D,DISPATCH,UNIT_SCADA,1,"2019/09/05 13:40:00",RT_VIC12,0
D,DISPATCH,UNIT_SCADA,1,"2019/09/05 13:40:00",RT_VIC2,0
D,DISPATCH,UNIT_SCADA,1,"2019/09/05 13:40:00",RT_VIC3,0
D,DISPATCH,UNIT_SCADA,1,"2019/09/05 13:40:00",RT_VIC4,0
D,DISPATCH,UNIT_SCADA,1,"2019/09/05 13:40:00",RT_VIC5,0
D,DISPATCH,UNIT_SCADA,1,"2019/09/05 13:40:00",RT_VIC6,0
D,DISPATCH,UNIT_SCADA,1,"2019/09/05 13:40:00",RT_VIC7,0
D,DISPATCH,UNIT_SCADA,1,"2019/09/05 13:40:00",RT_VIC8,0
D,DISPATCH,UNIT_SCADA,1,"2019/09/05 13:40:00",RT_VIC9,0
D,DISPATCH,UNIT_SCADA,1,"2019/09/05 13:40:00",RUGBYR1,0
D,DISPATCH,UNIT_SCADA,1,"2019/09/05 13:40:00",SALTCRK1,13.98
D,DISPATCH,UNIT_SCADA,1,"2019/09/05 13:40:00",SAPHWF1,73.6875
D,DISPATCH,UNIT_SCADA,1,"2019/09/05 13:40:00",SHGEN,0
D,DISPATCH,UNIT_SCADA,1,"2019/09/05 13:40:00",SHPUMP,158.668460
D,DISPATCH,UNIT_SCADA,1,"2019/09/05 13:40:00",SITHE01,0.1840
D,DISPATCH,UNIT_SCADA,1,"2019/09/05 13:40:00",SMCSF1,79.643360
D,DISPATCH,UNIT_SCADA,1,"2019/09/05 13:40:00",SNOWNTH1,95
D,DISPATCH,UNIT_SCADA,1,"2019/09/05 13:40:00",SNOWSTH1,99.20
D,DISPATCH,UNIT_SCADA,1,"2019/09/05 13:40:00",SNOWTWN1,74.125690
D,DISPATCH,UNIT_SCADA,1,"2019/09/05 13:40:00",SNOWYP,0
D,DISPATCH,UNIT_SCADA,1,"2019/09/05 13:40:00",SNUG1,0.019440
D,DISPATCH,UNIT_SCADA,1,"2019/09/05 13:40:00",SRSF1,34.42
D,DISPATCH,UNIT_SCADA,1,"2019/09/05 13:40:00",STAN-1,352.374150
D,DISPATCH,UNIT_SCADA,1,"2019/09/05 13:40:00",STAN-2,220.9276
D,DISPATCH,UNIT_SCADA,1,"2019/09/05 13:40:00",STAN-3,221.350590
D,DISPATCH,UNIT_SCADA,1,"2019/09/05 13:40:00",STAN-4,217.915420
D,DISPATCH,UNIT_SCADA,1,"2019/09/05 13:40:00",STWF1,0
D,DISPATCH,UNIT_SCADA,1,"2019/09/05 13:40:00",SWAN_E,0
D,DISPATCH,UNIT_SCADA,1,"2019/09/05 13:40:00",TALWA1,300
D,DISPATCH,UNIT_SCADA,1,"2019/09/05 13:40:00",TARALGA1,15.8625
D,DISPATCH,UNIT_SCADA,1,"2019/09/05 13:40:00",TARONG#1,350.399990
D,DISPATCH,UNIT_SCADA,1,"2019/09/05 13:40:00",TARONG#2,0
D,DISPATCH,UNIT_SCADA,1,"2019/09/05 13:40:00",TARONG#3,280.100010
D,DISPATCH,UNIT_SCADA,1,"2019/09/05 13:40:00",TARONG#4,350.300020
D,DISPATCH,UNIT_SCADA,1,"2019/09/05 13:40:00",TARRALEA,72
D,DISPATCH,UNIT_SCADA,1,"2019/09/05 13:40:00",TBSF1,0
D,DISPATCH,UNIT_SCADA,1,"2019/09/05 13:40:00",TNPS1,379.300020
D,DISPATCH,UNIT_SCADA,1,"2019/09/05 13:40:00",TORRA1,34.648410
D,DISPATCH,UNIT_SCADA,1,"2019/09/05 13:40:00",TORRA2,0
D,DISPATCH,UNIT_SCADA,1,"2019/09/05 13:40:00",TORRA3,0
D,DISPATCH,UNIT_SCADA,1,"2019/09/05 13:40:00",TORRA4,35.531920
D,DISPATCH,UNIT_SCADA,1,"2019/09/05 13:40:00",TORRB1,39.62
D,DISPATCH,UNIT_SCADA,1,"2019/09/05 13:40:00",TORRB2,39.28
D,DISPATCH,UNIT_SCADA,1,"2019/09/05 13:40:00",TORRB3,39.69
D,DISPATCH,UNIT_SCADA,1,"2019/09/05 13:40:00",TORRB4,0
D,DISPATCH,UNIT_SCADA,1,"2019/09/05 13:40:00",TREVALLN,89.130030
D,DISPATCH,UNIT_SCADA,1,"2019/09/05 13:40:00",TRIBUTE,0
D,DISPATCH,UNIT_SCADA,1,"2019/09/05 13:40:00",TUMUT3,0
D,DISPATCH,UNIT_SCADA,1,"2019/09/05 13:40:00",TUNGATIN,3.20
D,DISPATCH,UNIT_SCADA,1,"2019/09/05 13:40:00",TVCC201,0
D,DISPATCH,UNIT_SCADA,1,"2019/09/05 13:40:00",TVPP104,0
D,DISPATCH,UNIT_SCADA,1,"2019/09/05 13:40:00",UPPTUMUT,120.933180
D,DISPATCH,UNIT_SCADA,1,"2019/09/05 13:40:00",URANQ11,0
D,DISPATCH,UNIT_SCADA,1,"2019/09/05 13:40:00",URANQ12,0
D,DISPATCH,UNIT_SCADA,1,"2019/09/05 13:40:00",URANQ13,165.906250
D,DISPATCH,UNIT_SCADA,1,"2019/09/05 13:40:00",URANQ14,0
D,DISPATCH,UNIT_SCADA,1,"2019/09/05 13:40:00",VP5,521
D,DISPATCH,UNIT_SCADA,1,"2019/09/05 13:40:00",VP6,0
D,DISPATCH,UNIT_SCADA,1,"2019/09/05 13:40:00",VPGS1,0
D,DISPATCH,UNIT_SCADA,1,"2019/09/05 13:40:00",VPGS2,0
D,DISPATCH,UNIT_SCADA,1,"2019/09/05 13:40:00",VPGS3,0
D,DISPATCH,UNIT_SCADA,1,"2019/09/05 13:40:00",VPGS4,0
D,DISPATCH,UNIT_SCADA,1,"2019/09/05 13:40:00",VPGS5,0
D,DISPATCH,UNIT_SCADA,1,"2019/09/05 13:40:00",VPGS6,0
D,DISPATCH,UNIT_SCADA,1,"2019/09/05 13:40:00",W/HOE#1,0
D,DISPATCH,UNIT_SCADA,1,"2019/09/05 13:40:00",W/HOE#2,0
D,DISPATCH,UNIT_SCADA,1,"2019/09/05 13:40:00",WATERLWF,79.60
D,DISPATCH,UNIT_SCADA,1,"2019/09/05 13:40:00",WEMENSF1,75
D,DISPATCH,UNIT_SCADA,1,"2019/09/05 13:40:00",WGWF1,68
D,DISPATCH,UNIT_SCADA,1,"2019/09/05 13:40:00",WHITSF1,0
D,DISPATCH,UNIT_SCADA,1,"2019/09/05 13:40:00",WKIEWA1,0
D,DISPATCH,UNIT_SCADA,1,"2019/09/05 13:40:00",WKIEWA2,0.10
D,DISPATCH,UNIT_SCADA,1,"2019/09/05 13:40:00",WOODLWN1,3.752990
D,DISPATCH,UNIT_SCADA,1,"2019/09/05 13:40:00",WRSF1,19.18
D,DISPATCH,UNIT_SCADA,1,"2019/09/05 13:40:00",WRWF1,106.201250
D,DISPATCH,UNIT_SCADA,1,"2019/09/05 13:40:00",YABULU,0
D,DISPATCH,UNIT_SCADA,1,"2019/09/05 13:40:00",YABULU2,0
D,DISPATCH,UNIT_SCADA,1,"2019/09/05 13:40:00",YARWUN_1,118.899990
D,DISPATCH,UNIT_SCADA,1,"2019/09/05 13:40:00",YENDWF1,16.86
D,DISPATCH,UNIT_SCADA,1,"2019/09/05 13:40:00",YWPS1,378.6962
D,DISPATCH,UNIT_SCADA,1,"2019/09/05 13:40:00",YWPS2,279.194950
D,DISPATCH,UNIT_SCADA,1,"2019/09/05 13:40:00",YWPS3,322.692410
D,DISPATCH,UNIT_SCADA,1,"2019/09/05 13:40:00",YWPS4,386.487340
C,"END OF REPORT",335
