C,NEMP.WORLD,DISPATCHSCADA,AEMO,PUBLIC,2019/09/04,15:45:07,0000000312387985,DISPATCHSCADA,0000000312387979
I,DISPATCH,UNIT_SCADA,1,SETTLEMENTDATE,DUID,SCADAVALUE
D,DISPATCH,UNIT_SCADA,1,"2019/09/04 15:50:00",BARCSF1,10.10
D,DISPATCH,UNIT_SCADA,1,"2019/09/04 15:50:00",BUTLERSG,10.199999
D,DISPATCH,UNIT_SCADA,1,"2019/09/04 15:50:00",CALL_A_4,0
D,DISPATCH,UNIT_SCADA,1,"2019/09/04 15:50:00",CAPTL_WF,116.459999
D,DISPATCH,UNIT_SCADA,1,"2019/09/04 15:50:00",CATHROCK,0
D,DISPATCH,UNIT_SCADA,1,"2019/09/04 15:50:00",CHALLHWF,0
D,DISPATCH,UNIT_SCADA,1,"2019/09/04 15:50:00",CLOVER,0
D,DISPATCH,UNIT_SCADA,1,"2019/09/04 15:50:00",CLUNY,12.230259
D,DISPATCH,UNIT_SCADA,1,"2019/09/04 15:50:00",CNUNDAWF,0.200234
D,DISPATCH,UNIT_SCADA,1,"2019/09/04 15:50:00",CULLRGWF,19.559999
D,DISPATCH,UNIT_SCADA,1,"2019/09/04 15:50:00",ERGT01,0
D,DISPATCH,UNIT_SCADA,1,"2019/09/04 15:50:00",GB01,0.0079
D,DISPATCH,UNIT_SCADA,1,"2019/09/04 15:50:00",GERMCRK,35.200001
D,DISPATCH,UNIT_SCADA,1,"2019/09/04 15:50:00",GRIFSF1,24.896873
D,DISPATCH,UNIT_SCADA,1,"2019/09/04 15:50:00",HUGSF1,9.0010
D,DISPATCH,UNIT_SCADA,1,"2019/09/04 15:50:00",LKBONNY1,-0.538647
D,DISPATCH,UNIT_SCADA,1,"2019/09/04 15:50:00",LRSF1,12.9040
D,DISPATCH,UNIT_SCADA,1,"2019/09/04 15:50:00",MBAHNTH,30.412498
D,DISPATCH,UNIT_SCADA,1,"2019/09/04 15:50:00",MLSP1,5.636001
D,DISPATCH,UNIT_SCADA,1,"2019/09/04 15:50:00",MLWF1,1.20
D,DISPATCH,UNIT_SCADA,1,"2019/09/04 15:50:00",MTMILLAR,0.736690
D,DISPATCH,UNIT_SCADA,1,"2019/09/04 15:50:00",PALOONA,24.539999
D,DISPATCH,UNIT_SCADA,1,"2019/09/04 15:50:00",PIONEER,37.700001
D,DISPATCH,UNIT_SCADA,1,"2019/09/04 15:50:00",PORTWF,8.20
D,DISPATCH,UNIT_SCADA,1,"2019/09/04 15:50:00",REPULSE,20.141298
D,DISPATCH,UNIT_SCADA,1,"2019/09/04 15:50:00",ROWALLAN,10.3944
D,DISPATCH,UNIT_SCADA,1,"2019/09/04 15:50:00",ROYALLA1,13.245001
D,DISPATCH,UNIT_SCADA,1,"2019/09/04 15:50:00",RPCG,-0.40
D,DISPATCH,UNIT_SCADA,1,"2019/09/04 15:50:00",RUBICON,0
D,DISPATCH,UNIT_SCADA,1,"2019/09/04 15:50:00",SATGN1,0
D,DISPATCH,UNIT_SCADA,1,"2019/09/04 15:50:00",SATGS1,0
D,DISPATCH,UNIT_SCADA,1,"2019/09/04 15:50:00",STARHLWF,0.099971
D,DISPATCH,UNIT_SCADA,1,"2019/09/04 15:50:00",WAUBRAWF,23.497999
D,DISPATCH,UNIT_SCADA,1,"2019/09/04 15:50:00",WOOLNTH1,65.220016
D,DISPATCH,UNIT_SCADA,1,"2019/09/04 15:50:00",WPWF,0
D,DISPATCH,UNIT_SCADA,1,"2019/09/04 15:50:00",YAMBUKWF,2.90
D,DISPATCH,UNIT_SCADA,1,"2019/09/04 15:50:00",YSWF1,5.70
D,DISPATCH,UNIT_SCADA,1,"2019/09/04 15:50:00",AGLHAL,0
D,DISPATCH,UNIT_SCADA,1,"2019/09/04 15:50:00",AGLSOM,0
D,DISPATCH,UNIT_SCADA,1,"2019/09/04 15:50:00",ANGAST1,0
D,DISPATCH,UNIT_SCADA,1,"2019/09/04 15:50:00",ARWF1,32.20
D,DISPATCH,UNIT_SCADA,1,"2019/09/04 15:50:00",BALBG1,0
D,DISPATCH,UNIT_SCADA,1,"2019/09/04 15:50:00",BALBL1,0
D,DISPATCH,UNIT_SCADA,1,"2019/09/04 15:50:00",BALDHWF1,40.4680
D,DISPATCH,UNIT_SCADA,1,"2019/09/04 15:50:00",BANN1,28.47
D,DISPATCH,UNIT_SCADA,1,"2019/09/04 15:50:00",BARCALDN,0
D,DISPATCH,UNIT_SCADA,1,"2019/09/04 15:50:00",BARRON-1,24.80
D,DISPATCH,UNIT_SCADA,1,"2019/09/04 15:50:00",BARRON-2,0
D,DISPATCH,UNIT_SCADA,1,"2019/09/04 15:50:00",BASTYAN,80.820010
D,DISPATCH,UNIT_SCADA,1,"2019/09/04 15:50:00",BBTHREE1,0
D,DISPATCH,UNIT_SCADA,1,"2019/09/04 15:50:00",BBTHREE2,0
D,DISPATCH,UNIT_SCADA,1,"2019/09/04 15:50:00",BBTHREE3,0
D,DISPATCH,UNIT_SCADA,1,"2019/09/04 15:50:00",BDL01,0
D,DISPATCH,UNIT_SCADA,1,"2019/09/04 15:50:00",BDL02,0
D,DISPATCH,UNIT_SCADA,1,"2019/09/04 15:50:00",BERYLSF1,66.280410
D,DISPATCH,UNIT_SCADA,1,"2019/09/04 15:50:00",BLOWERNG,11.20
D,DISPATCH,UNIT_SCADA,1,"2019/09/04 15:50:00",BLUFF1,0
D,DISPATCH,UNIT_SCADA,1,"2019/09/04 15:50:00",BNGSF1,97.70
D,DISPATCH,UNIT_SCADA,1,"2019/09/04 15:50:00",BNGSF2,20.01
D,DISPATCH,UNIT_SCADA,1,"2019/09/04 15:50:00",BOCORWF1,86.01
D,DISPATCH,UNIT_SCADA,1,"2019/09/04 15:50:00",BODWF1,71.063520
D,DISPATCH,UNIT_SCADA,1,"2019/09/04 15:50:00",BRAEMAR1,0
D,DISPATCH,UNIT_SCADA,1,"2019/09/04 15:50:00",BRAEMAR2,0
D,DISPATCH,UNIT_SCADA,1,"2019/09/04 15:50:00",BRAEMAR3,0
D,DISPATCH,UNIT_SCADA,1,"2019/09/04 15:50:00",BRAEMAR5,0
D,DISPATCH,UNIT_SCADA,1,"2019/09/04 15:50:00",BRAEMAR6,0
D,DISPATCH,UNIT_SCADA,1,"2019/09/04 15:50:00",BRAEMAR7,0
D,DISPATCH,UNIT_SCADA,1,"2019/09/04 15:50:00",BROKENH1,38.091310
D,DISPATCH,UNIT_SCADA,1,"2019/09/04 15:50:00",BW01,619.949950
D,DISPATCH,UNIT_SCADA,1,"2019/09/04 15:50:00",BW02,622.525020
D,DISPATCH,UNIT_SCADA,1,"2019/09/04 15:50:00",BW03,619.50
D,DISPATCH,UNIT_SCADA,1,"2019/09/04 15:50:00",BW04,0
D,DISPATCH,UNIT_SCADA,1,"2019/09/04 15:50:00",CALL_B_1,160.30
D,DISPATCH,UNIT_SCADA,1,"2019/09/04 15:50:00",CALL_B_2,159.20
D,DISPATCH,UNIT_SCADA,1,"2019/09/04 15:50:00",CETHANA,81.718870
D,DISPATCH,UNIT_SCADA,1,"2019/09/04 15:50:00",CG1,0
D,DISPATCH,UNIT_SCADA,1,"2019/09/04 15:50:00",CG2,0
D,DISPATCH,UNIT_SCADA,1,"2019/09/04 15:50:00",CG3,0
D,DISPATCH,UNIT_SCADA,1,"2019/09/04 15:50:00",CG4,0
D,DISPATCH,UNIT_SCADA,1,"2019/09/04 15:50:00",CHILDSF1,51.45
D,DISPATCH,UNIT_SCADA,1,"2019/09/04 15:50:00",CLARESF1,45.441020
D,DISPATCH,UNIT_SCADA,1,"2019/09/04 15:50:00",CLEMGPWF,-0.360180
D,DISPATCH,UNIT_SCADA,1,"2019/09/04 15:50:00",CLERMSF1,15.07
D,DISPATCH,UNIT_SCADA,1,"2019/09/04 15:50:00",COLEASF1,33.699990
D,DISPATCH,UNIT_SCADA,1,"2019/09/04 15:50:00",COOPGWF1,30.359290
D,DISPATCH,UNIT_SCADA,1,"2019/09/04 15:50:00",CPP_3,320.649990
D,DISPATCH,UNIT_SCADA,1,"2019/09/04 15:50:00",CPP_4,169.95
D,DISPATCH,UNIT_SCADA,1,"2019/09/04 15:50:00",CPSA,75.235630
D,DISPATCH,UNIT_SCADA,1,"2019/09/04 15:50:00",CROOKWF2,88.043750
D,DISPATCH,UNIT_SCADA,1,"2019/09/04 15:50:00",CROWLWF1,8.229380
D,DISPATCH,UNIT_SCADA,1,"2019/09/04 15:50:00",CSPVPS1,21.5110
D,DISPATCH,UNIT_SCADA,1,"2019/09/04 15:50:00",DALNTH01,0.028990
D,DISPATCH,UNIT_SCADA,1,"2019/09/04 15:50:00",DALNTHL1,0
D,DISPATCH,UNIT_SCADA,1,"2019/09/04 15:50:00",DARTM1,0
D,DISPATCH,UNIT_SCADA,1,"2019/09/04 15:50:00",DAYDSF1,117.1910
D,DISPATCH,UNIT_SCADA,1,"2019/09/04 15:50:00",DDPS1,265.890380
D,DISPATCH,UNIT_SCADA,1,"2019/09/04 15:50:00",DDSF1,58.613760
D,DISPATCH,UNIT_SCADA,1,"2019/09/04 15:50:00",DEVILS_G,56.6277
D,DISPATCH,UNIT_SCADA,1,"2019/09/04 15:50:00",DG_NSW1,0
D,DISPATCH,UNIT_SCADA,1,"2019/09/04 15:50:00",DG_QLD1,0
D,DISPATCH,UNIT_SCADA,1,"2019/09/04 15:50:00",DG_SA1,0
D,DISPATCH,UNIT_SCADA,1,"2019/09/04 15:50:00",DG_TAS1,0
D,DISPATCH,UNIT_SCADA,1,"2019/09/04 15:50:00",DG_VIC1,0
D,DISPATCH,UNIT_SCADA,1,"2019/09/04 15:50:00",DRYCGT1,0
D,DISPATCH,UNIT_SCADA,1,"2019/09/04 15:50:00",DRYCGT2,0
D,DISPATCH,UNIT_SCADA,1,"2019/09/04 15:50:00",DRYCGT3,0
D,DISPATCH,UNIT_SCADA,1,"2019/09/04 15:50:00",EILDON1,0
D,DISPATCH,UNIT_SCADA,1,"2019/09/04 15:50:00",EILDON2,0
D,DISPATCH,UNIT_SCADA,1,"2019/09/04 15:50:00",EMERASF1,63.24
D,DISPATCH,UNIT_SCADA,1,"2019/09/04 15:50:00",ER01,585.824950
D,DISPATCH,UNIT_SCADA,1,"2019/09/04 15:50:00",ER02,687.50
D,DISPATCH,UNIT_SCADA,1,"2019/09/04 15:50:00",ER03,0
D,DISPATCH,UNIT_SCADA,1,"2019/09/04 15:50:00",ER04,688.224980
D,DISPATCH,UNIT_SCADA,1,"2019/09/04 15:50:00",FINLYSF1,6.481250
D,DISPATCH,UNIT_SCADA,1,"2019/09/04 15:50:00",FISHER,45.85
D,DISPATCH,UNIT_SCADA,1,"2019/09/04 15:50:00",GANNBG1,0
D,DISPATCH,UNIT_SCADA,1,"2019/09/04 15:50:00",GANNBL1,8.2553
D,DISPATCH,UNIT_SCADA,1,"2019/09/04 15:50:00",GANNSF1,13
D,DISPATCH,UNIT_SCADA,1,"2019/09/04 15:50:00",GORDON,21.7980
D,DISPATCH,UNIT_SCADA,1,"2019/09/04 15:50:00",GSTONE1,143.3250
D,DISPATCH,UNIT_SCADA,1,"2019/09/04 15:50:00",GSTONE2,125.4750
D,DISPATCH,UNIT_SCADA,1,"2019/09/04 15:50:00",GSTONE3,0
D,DISPATCH,UNIT_SCADA,1,"2019/09/04 15:50:00",GSTONE4,143.50
D,DISPATCH,UNIT_SCADA,1,"2019/09/04 15:50:00",GSTONE5,150.6750
D,DISPATCH,UNIT_SCADA,1,"2019/09/04 15:50:00",GSTONE6,142.80
D,DISPATCH,UNIT_SCADA,1,"2019/09/04 15:50:00",GULLRSF1,0.870360
D,DISPATCH,UNIT_SCADA,1,"2019/09/04 15:50:00",GULLRWF1,119.138760
D,DISPATCH,UNIT_SCADA,1,"2019/09/04 15:50:00",GUNNING1,11.961090
D,DISPATCH,UNIT_SCADA,1,"2019/09/04 15:50:00",GUTHEGA,0
D,DISPATCH,UNIT_SCADA,1,"2019/09/04 15:50:00",HALLWF1,-0.57
D,DISPATCH,UNIT_SCADA,1,"2019/09/04 15:50:00",HALLWF2,-0.32
D,DISPATCH,UNIT_SCADA,1,"2019/09/04 15:50:00",HAMISF1,42.60
D,DISPATCH,UNIT_SCADA,1,"2019/09/04 15:50:00",HAUGHT11,89.210880
D,DISPATCH,UNIT_SCADA,1,"2019/09/04 15:50:00",HAYMSF1,36.3340
D,DISPATCH,UNIT_SCADA,1,"2019/09/04 15:50:00",HDWF1,5.20
D,DISPATCH,UNIT_SCADA,1,"2019/09/04 15:50:00",HDWF2,6.20
D,DISPATCH,UNIT_SCADA,1,"2019/09/04 15:50:00",HDWF3,6.40
D,DISPATCH,UNIT_SCADA,1,"2019/09/04 15:50:00",HPRG1,0
D,DISPATCH,UNIT_SCADA,1,"2019/09/04 15:50:00",HPRL1,33
D,DISPATCH,UNIT_SCADA,1,"2019/09/04 15:50:00",HUMENSW,0
D,DISPATCH,UNIT_SCADA,1,"2019/09/04 15:50:00",HUMEV,25.50
D,DISPATCH,UNIT_SCADA,1,"2019/09/04 15:50:00",HVGTS,0
D,DISPATCH,UNIT_SCADA,1,"2019/09/04 15:50:00",JBUTTERS,24.61
D,DISPATCH,UNIT_SCADA,1,"2019/09/04 15:50:00",JLA01,20.30
D,DISPATCH,UNIT_SCADA,1,"2019/09/04 15:50:00",JLA02,0
D,DISPATCH,UNIT_SCADA,1,"2019/09/04 15:50:00",JLA03,0
D,DISPATCH,UNIT_SCADA,1,"2019/09/04 15:50:00",JLA04,0
D,DISPATCH,UNIT_SCADA,1,"2019/09/04 15:50:00",JLB01,0
D,DISPATCH,UNIT_SCADA,1,"2019/09/04 15:50:00",JLB02,0.10
D,DISPATCH,UNIT_SCADA,1,"2019/09/04 15:50:00",JLB03,0
D,DISPATCH,UNIT_SCADA,1,"2019/09/04 15:50:00",KAREEYA1,21.56
D,DISPATCH,UNIT_SCADA,1,"2019/09/04 15:50:00",KAREEYA2,21.75
D,DISPATCH,UNIT_SCADA,1,"2019/09/04 15:50:00",KAREEYA3,0
D,DISPATCH,UNIT_SCADA,1,"2019/09/04 15:50:00",KAREEYA4,21.6775
D,DISPATCH,UNIT_SCADA,1,"2019/09/04 15:50:00",KARSF1,83.60
D,DISPATCH,UNIT_SCADA,1,"2019/09/04 15:50:00",KIATAWF1,1.50
D,DISPATCH,UNIT_SCADA,1,"2019/09/04 15:50:00",KPP_1,0
D,DISPATCH,UNIT_SCADA,1,"2019/09/04 15:50:00",KSP1,46.52
D,DISPATCH,UNIT_SCADA,1,"2019/09/04 15:50:00",LADBROK1,0
D,DISPATCH,UNIT_SCADA,1,"2019/09/04 15:50:00",LADBROK2,0
D,DISPATCH,UNIT_SCADA,1,"2019/09/04 15:50:00",LD01,385.50
D,DISPATCH,UNIT_SCADA,1,"2019/09/04 15:50:00",LD02,381.450070
D,DISPATCH,UNIT_SCADA,1,"2019/09/04 15:50:00",LD03,381.637450
D,DISPATCH,UNIT_SCADA,1,"2019/09/04 15:50:00",LD04,353.793730
D,DISPATCH,UNIT_SCADA,1,"2019/09/04 15:50:00",LEM_WIL,85.351550
D,DISPATCH,UNIT_SCADA,1,"2019/09/04 15:50:00",LGAPWF1,0.11
D,DISPATCH,UNIT_SCADA,1,"2019/09/04 15:50:00",LILYSF1,87.556090
D,DISPATCH,UNIT_SCADA,1,"2019/09/04 15:50:00",LI_WY_CA,100.4706
D,DISPATCH,UNIT_SCADA,1,"2019/09/04 15:50:00",LKBONNY2,-1.065260
D,DISPATCH,UNIT_SCADA,1,"2019/09/04 15:50:00",LKBONNY3,-0.113390
D,DISPATCH,UNIT_SCADA,1,"2019/09/04 15:50:00",LK_ECHO,0
D,DISPATCH,UNIT_SCADA,1,"2019/09/04 15:50:00",LNGS1,0
D,DISPATCH,UNIT_SCADA,1,"2019/09/04 15:50:00",LNGS2,0
D,DISPATCH,UNIT_SCADA,1,"2019/09/04 15:50:00",LONSDALE,0
D,DISPATCH,UNIT_SCADA,1,"2019/09/04 15:50:00",LOYYB1,535.712650
D,DISPATCH,UNIT_SCADA,1,"2019/09/04 15:50:00",LOYYB2,582.7063
D,DISPATCH,UNIT_SCADA,1,"2019/09/04 15:50:00",LYA1,0
D,DISPATCH,UNIT_SCADA,1,"2019/09/04 15:50:00",LYA2,0
D,DISPATCH,UNIT_SCADA,1,"2019/09/04 15:50:00",LYA3,558
D,DISPATCH,UNIT_SCADA,1,"2019/09/04 15:50:00",LYA4,540
D,DISPATCH,UNIT_SCADA,1,"2019/09/04 15:50:00",MACARTH1,0
D,DISPATCH,UNIT_SCADA,1,"2019/09/04 15:50:00",MACKAYGT,0.2240
D,DISPATCH,UNIT_SCADA,1,"2019/09/04 15:50:00",MACKNTSH,89.360010
D,DISPATCH,UNIT_SCADA,1,"2019/09/04 15:50:00",MANSLR1,38.1710
D,DISPATCH,UNIT_SCADA,1,"2019/09/04 15:50:00",MCKAY1,0.02
D,DISPATCH,UNIT_SCADA,1,"2019/09/04 15:50:00",MEADOWBK,25.321880
D,DISPATCH,UNIT_SCADA,1,"2019/09/04 15:50:00",MERCER01,19.2560
D,DISPATCH,UNIT_SCADA,1,"2019/09/04 15:50:00",MEWF1,40.605690
D,DISPATCH,UNIT_SCADA,1,"2019/09/04 15:50:00",MINTARO,0
D,DISPATCH,UNIT_SCADA,1,"2019/09/04 15:50:00",MOREESF1,47.7160
D,DISPATCH,UNIT_SCADA,1,"2019/09/04 15:50:00",MORTLK11,260
D,DISPATCH,UNIT_SCADA,1,"2019/09/04 15:50:00",MORTLK12,0
D,DISPATCH,UNIT_SCADA,1,"2019/09/04 15:50:00",MP1,221.850040
D,DISPATCH,UNIT_SCADA,1,"2019/09/04 15:50:00",MP2,0
D,DISPATCH,UNIT_SCADA,1,"2019/09/04 15:50:00",MPP_1,337.75
D,DISPATCH,UNIT_SCADA,1,"2019/09/04 15:50:00",MPP_2,371.75
D,DISPATCH,UNIT_SCADA,1,"2019/09/04 15:50:00",MSTUART1,0
D,DISPATCH,UNIT_SCADA,1,"2019/09/04 15:50:00",MSTUART2,0
D,DISPATCH,UNIT_SCADA,1,"2019/09/04 15:50:00",MSTUART3,0
D,DISPATCH,UNIT_SCADA,1,"2019/09/04 15:50:00",MTGELWF1,61.496320
D,DISPATCH,UNIT_SCADA,1,"2019/09/04 15:50:00",MURRAY,200.264980
D,DISPATCH,UNIT_SCADA,1,"2019/09/04 15:50:00",MUSSELR1,163.100010
D,DISPATCH,UNIT_SCADA,1,"2019/09/04 15:50:00",MUWAWF1,-0.12
D,DISPATCH,UNIT_SCADA,1,"2019/09/04 15:50:00",NBHWF1,0
D,DISPATCH,UNIT_SCADA,1,"2019/09/04 15:50:00",NPS,274.1250
D,DISPATCH,UNIT_SCADA,1,"2019/09/04 15:50:00",NUMURSF1,15.59
D,DISPATCH,UNIT_SCADA,1,"2019/09/04 15:50:00",NYNGAN1,61
D,DISPATCH,UNIT_SCADA,1,"2019/09/04 15:50:00",OAKEY1,0
D,DISPATCH,UNIT_SCADA,1,"2019/09/04 15:50:00",OAKEY1SF,22.9040
D,DISPATCH,UNIT_SCADA,1,"2019/09/04 15:50:00",OAKEY2,0
D,DISPATCH,UNIT_SCADA,1,"2019/09/04 15:50:00",OAKEY2SF,0
D,DISPATCH,UNIT_SCADA,1,"2019/09/04 15:50:00",OAKLAND1,15.60
D,DISPATCH,UNIT_SCADA,1,"2019/09/04 15:50:00",OSB-AG,177.710010
D,DISPATCH,UNIT_SCADA,1,"2019/09/04 15:50:00",PARSF1,43.903120
D,DISPATCH,UNIT_SCADA,1,"2019/09/04 15:50:00",POAT110,0
D,DISPATCH,UNIT_SCADA,1,"2019/09/04 15:50:00",POAT220,11.59
D,DISPATCH,UNIT_SCADA,1,"2019/09/04 15:50:00",POR01,0
D,DISPATCH,UNIT_SCADA,1,"2019/09/04 15:50:00",POR03,0
D,DISPATCH,UNIT_SCADA,1,"2019/09/04 15:50:00",PPCCGT,481.589260
D,DISPATCH,UNIT_SCADA,1,"2019/09/04 15:50:00",PTSTAN1,0
D,DISPATCH,UNIT_SCADA,1,"2019/09/04 15:50:00",PUMP1,0
D,DISPATCH,UNIT_SCADA,1,"2019/09/04 15:50:00",PUMP2,0
D,DISPATCH,UNIT_SCADA,1,"2019/09/04 15:50:00",QPS1,29
D,DISPATCH,UNIT_SCADA,1,"2019/09/04 15:50:00",QPS2,0
D,DISPATCH,UNIT_SCADA,1,"2019/09/04 15:50:00",QPS3,0
D,DISPATCH,UNIT_SCADA,1,"2019/09/04 15:50:00",QPS4,0
D,DISPATCH,UNIT_SCADA,1,"2019/09/04 15:50:00",QPS5,0
D,DISPATCH,UNIT_SCADA,1,"2019/09/04 15:50:00",REECE1,117.980010
D,DISPATCH,UNIT_SCADA,1,"2019/09/04 15:50:00",REECE2,102.210010
D,DISPATCH,UNIT_SCADA,1,"2019/09/04 15:50:00",ROMA_7,0
D,DISPATCH,UNIT_SCADA,1,"2019/09/04 15:50:00",ROMA_8,0
D,DISPATCH,UNIT_SCADA,1,"2019/09/04 15:50:00",RRSF1,108.091620
D,DISPATCH,UNIT_SCADA,1,"2019/09/04 15:50:00",RT_NSW1,0
D,DISPATCH,UNIT_SCADA,1,"2019/09/04 15:50:00",RT_NSW2,0
D,DISPATCH,UNIT_SCADA,1,"2019/09/04 15:50:00",RT_NSW3,0
D,DISPATCH,UNIT_SCADA,1,"2019/09/04 15:50:00",RT_NSW4,0
D,DISPATCH,UNIT_SCADA,1,"2019/09/04 15:50:00",RT_NSW5,0
D,DISPATCH,UNIT_SCADA,1,"2019/09/04 15:50:00",RT_NSW6,0
D,DISPATCH,UNIT_SCADA,1,"2019/09/04 15:50:00",RT_QLD1,0
D,DISPATCH,UNIT_SCADA,1,"2019/09/04 15:50:00",RT_SA1,0
D,DISPATCH,UNIT_SCADA,1,"2019/09/04 15:50:00",RT_SA2,0
D,DISPATCH,UNIT_SCADA,1,"2019/09/04 15:50:00",RT_SA3,0
D,DISPATCH,UNIT_SCADA,1,"2019/09/04 15:50:00",RT_SA4,0
D,DISPATCH,UNIT_SCADA,1,"2019/09/04 15:50:00",RT_SA5,0
D,DISPATCH,UNIT_SCADA,1,"2019/09/04 15:50:00",RT_SA6,0
D,DISPATCH,UNIT_SCADA,1,"2019/09/04 15:50:00",RT_TAS1,0
D,DISPATCH,UNIT_SCADA,1,"2019/09/04 15:50:00",RT_VIC1,0
D,DISPATCH,UNIT_SCADA,1,"2019/09/04 15:50:00",RT_VIC10,0
D,DISPATCH,UNIT_SCADA,1,"2019/09/04 15:50:00",RT_VIC11,0
D,DISPATCH,UNIT_SCADA,1,"2019/09/04 15:50:00",RT_VIC12,0
D,DISPATCH,UNIT_SCADA,1,"2019/09/04 15:50:00",RT_VIC2,0
D,DISPATCH,UNIT_SCADA,1,"2019/09/04 15:50:00",RT_VIC3,0
D,DISPATCH,UNIT_SCADA,1,"2019/09/04 15:50:00",RT_VIC4,0
D,DISPATCH,UNIT_SCADA,1,"2019/09/04 15:50:00",RT_VIC5,0
D,DISPATCH,UNIT_SCADA,1,"2019/09/04 15:50:00",RT_VIC6,0
D,DISPATCH,UNIT_SCADA,1,"2019/09/04 15:50:00",RT_VIC7,0
D,DISPATCH,UNIT_SCADA,1,"2019/09/04 15:50:00",RT_VIC8,0
D,DISPATCH,UNIT_SCADA,1,"2019/09/04 15:50:00",RT_VIC9,0
D,DISPATCH,UNIT_SCADA,1,"2019/09/04 15:50:00",RUGBYR1,59.977730
D,DISPATCH,UNIT_SCADA,1,"2019/09/04 15:50:00",SALTCRK1,11.82
D,DISPATCH,UNIT_SCADA,1,"2019/09/04 15:50:00",SAPHWF1,185.887480
D,DISPATCH,UNIT_SCADA,1,"2019/09/04 15:50:00",SHGEN,0
D,DISPATCH,UNIT_SCADA,1,"2019/09/04 15:50:00",SHPUMP,0
D,DISPATCH,UNIT_SCADA,1,"2019/09/04 15:50:00",SITHE01,0.173950
D,DISPATCH,UNIT_SCADA,1,"2019/09/04 15:50:00",SMCSF1,55.314070
D,DISPATCH,UNIT_SCADA,1,"2019/09/04 15:50:00",SNOWNTH1,1.20
D,DISPATCH,UNIT_SCADA,1,"2019/09/04 15:50:00",SNOWSTH1,8.90
D,DISPATCH,UNIT_SCADA,1,"2019/09/04 15:50:00",SNOWTWN1,-0.085450
D,DISPATCH,UNIT_SCADA,1,"2019/09/04 15:50:00",SNOWYP,0
D,DISPATCH,UNIT_SCADA,1,"2019/09/04 15:50:00",SNUG1,0.019440
D,DISPATCH,UNIT_SCADA,1,"2019/09/04 15:50:00",SRSF1,34.61
D,DISPATCH,UNIT_SCADA,1,"2019/09/04 15:50:00",STAN-1,269.084080
D,DISPATCH,UNIT_SCADA,1,"2019/09/04 15:50:00",STAN-2,250.985340
D,DISPATCH,UNIT_SCADA,1,"2019/09/04 15:50:00",STAN-3,250.985340
D,DISPATCH,UNIT_SCADA,1,"2019/09/04 15:50:00",STAN-4,248.216710
D,DISPATCH,UNIT_SCADA,1,"2019/09/04 15:50:00",STWF1,39.4650
D,DISPATCH,UNIT_SCADA,1,"2019/09/04 15:50:00",SWAN_E,0
D,DISPATCH,UNIT_SCADA,1,"2019/09/04 15:50:00",TALWA1,412
D,DISPATCH,UNIT_SCADA,1,"2019/09/04 15:50:00",TARALGA1,98.91
D,DISPATCH,UNIT_SCADA,1,"2019/09/04 15:50:00",TARONG#1,345.800020
D,DISPATCH,UNIT_SCADA,1,"2019/09/04 15:50:00",TARONG#2,0
D,DISPATCH,UNIT_SCADA,1,"2019/09/04 15:50:00",TARONG#3,279.399990
D,DISPATCH,UNIT_SCADA,1,"2019/09/04 15:50:00",TARONG#4,351.200010
D,DISPATCH,UNIT_SCADA,1,"2019/09/04 15:50:00",TARRALEA,75.80
D,DISPATCH,UNIT_SCADA,1,"2019/09/04 15:50:00",TBSF1,5.40
D,DISPATCH,UNIT_SCADA,1,"2019/09/04 15:50:00",TNPS1,379.600010
D,DISPATCH,UNIT_SCADA,1,"2019/09/04 15:50:00",TORRA1,71.398140
D,DISPATCH,UNIT_SCADA,1,"2019/09/04 15:50:00",TORRA2,0
D,DISPATCH,UNIT_SCADA,1,"2019/09/04 15:50:00",TORRA3,0
D,DISPATCH,UNIT_SCADA,1,"2019/09/04 15:50:00",TORRA4,66.721570
D,DISPATCH,UNIT_SCADA,1,"2019/09/04 15:50:00",TORRB1,87.66
D,DISPATCH,UNIT_SCADA,1,"2019/09/04 15:50:00",TORRB2,108.36
D,DISPATCH,UNIT_SCADA,1,"2019/09/04 15:50:00",TORRB3,108.93
D,DISPATCH,UNIT_SCADA,1,"2019/09/04 15:50:00",TORRB4,0
D,DISPATCH,UNIT_SCADA,1,"2019/09/04 15:50:00",TREVALLN,0
D,DISPATCH,UNIT_SCADA,1,"2019/09/04 15:50:00",TRIBUTE,0
D,DISPATCH,UNIT_SCADA,1,"2019/09/04 15:50:00",TUMUT3,0
D,DISPATCH,UNIT_SCADA,1,"2019/09/04 15:50:00",TUNGATIN,21.10
D,DISPATCH,UNIT_SCADA,1,"2019/09/04 15:50:00",TVCC201,0
D,DISPATCH,UNIT_SCADA,1,"2019/09/04 15:50:00",TVPP104,0
D,DISPATCH,UNIT_SCADA,1,"2019/09/04 15:50:00",UPPTUMUT,381.977230
D,DISPATCH,UNIT_SCADA,1,"2019/09/04 15:50:00",URANQ11,0
D,DISPATCH,UNIT_SCADA,1,"2019/09/04 15:50:00",URANQ12,0
D,DISPATCH,UNIT_SCADA,1,"2019/09/04 15:50:00",URANQ13,159.556240
D,DISPATCH,UNIT_SCADA,1,"2019/09/04 15:50:00",URANQ14,0
D,DISPATCH,UNIT_SCADA,1,"2019/09/04 15:50:00",VP5,502.225010
D,DISPATCH,UNIT_SCADA,1,"2019/09/04 15:50:00",VP6,0
D,DISPATCH,UNIT_SCADA,1,"2019/09/04 15:50:00",VPGS1,0
D,DISPATCH,UNIT_SCADA,1,"2019/09/04 15:50:00",VPGS2,0
D,DISPATCH,UNIT_SCADA,1,"2019/09/04 15:50:00",VPGS3,0
D,DISPATCH,UNIT_SCADA,1,"2019/09/04 15:50:00",VPGS4,0
D,DISPATCH,UNIT_SCADA,1,"2019/09/04 15:50:00",VPGS5,0
D,DISPATCH,UNIT_SCADA,1,"2019/09/04 15:50:00",VPGS6,0
D,DISPATCH,UNIT_SCADA,1,"2019/09/04 15:50:00",W/HOE#1,0
D,DISPATCH,UNIT_SCADA,1,"2019/09/04 15:50:00",W/HOE#2,0
D,DISPATCH,UNIT_SCADA,1,"2019/09/04 15:50:00",WATERLWF,4.40
D,DISPATCH,UNIT_SCADA,1,"2019/09/04 15:50:00",WEMENSF1,16
D,DISPATCH,UNIT_SCADA,1,"2019/09/04 15:50:00",WGWF1,1.90
D,DISPATCH,UNIT_SCADA,1,"2019/09/04 15:50:00",WHITSF1,41.10
D,DISPATCH,UNIT_SCADA,1,"2019/09/04 15:50:00",WKIEWA1,13
D,DISPATCH,UNIT_SCADA,1,"2019/09/04 15:50:00",WKIEWA2,0.10
D,DISPATCH,UNIT_SCADA,1,"2019/09/04 15:50:00",WOODLWN1,44.414990
D,DISPATCH,UNIT_SCADA,1,"2019/09/04 15:50:00",WRSF1,10.25
D,DISPATCH,UNIT_SCADA,1,"2019/09/04 15:50:00",WRWF1,129.206240
D,DISPATCH,UNIT_SCADA,1,"2019/09/04 15:50:00",YABULU,0
D,DISPATCH,UNIT_SCADA,1,"2019/09/04 15:50:00",YABULU2,0
D,DISPATCH,UNIT_SCADA,1,"2019/09/04 15:50:00",YARWUN_1,128.789990
D,DISPATCH,UNIT_SCADA,1,"2019/09/04 15:50:00",YENDWF1,33.49
D,DISPATCH,UNIT_SCADA,1,"2019/09/04 15:50:00",YWPS1,383.458220
D,DISPATCH,UNIT_SCADA,1,"2019/09/04 15:50:00",YWPS2,280.197480
D,DISPATCH,UNIT_SCADA,1,"2019/09/04 15:50:00",YWPS3,361.929110
D,DISPATCH,UNIT_SCADA,1,"2019/09/04 15:50:00",YWPS4,386.769620
C,"END OF REPORT",335
