C,NEMP.WORLD,DISPATCHSCADA,AEMO,PUBLIC,2019/08/22,12:20:08,0000000311866648,DISPATCHSCADA,0000000311866642
I,DISPATCH,UNIT_SCADA,1,SETTLEMENTDATE,DUID,SCADAVALUE
D,DISPATCH,UNIT_SCADA,1,"2019/08/22 12:25:00",BARCSF1,18
D,DISPATCH,UNIT_SCADA,1,"2019/08/22 12:25:00",BUTLERSG,9.699999
D,DISPATCH,UNIT_SCADA,1,"2019/08/22 12:25:00",CALL_A_4,0
D,DISPATCH,UNIT_SCADA,1,"2019/08/22 12:25:00",CAPTL_WF,68.692001
D,DISPATCH,UNIT_SCADA,1,"2019/08/22 12:25:00",CATHROCK,0
D,DISPATCH,UNIT_SCADA,1,"2019/08/22 12:25:00",CHALLHWF,30.700001
D,DISPATCH,UNIT_SCADA,1,"2019/08/22 12:25:00",CLOVER,-0.01
D,DISPATCH,UNIT_SCADA,1,"2019/08/22 12:25:00",CLUNY,20.006866
D,DISPATCH,UNIT_SCADA,1,"2019/08/22 12:25:00",CNUNDAWF,6.207241
D,DISPATCH,UNIT_SCADA,1,"2019/08/22 12:25:00",CULLRGWF,29.030001
D,DISPATCH,UNIT_SCADA,1,"2019/08/22 12:25:00",ERGT01,0
D,DISPATCH,UNIT_SCADA,1,"2019/08/22 12:25:00",GB01,0.059982
D,DISPATCH,UNIT_SCADA,1,"2019/08/22 12:25:00",GERMCRK,32.400002
D,DISPATCH,UNIT_SCADA,1,"2019/08/22 12:25:00",GRIFSF1,25.699997
D,DISPATCH,UNIT_SCADA,1,"2019/08/22 12:25:00",HUGSF1,8.9630
D,DISPATCH,UNIT_SCADA,1,"2019/08/22 12:25:00",LKBONNY1,9.198864
D,DISPATCH,UNIT_SCADA,1,"2019/08/22 12:25:00",LRSF1,12.535001
D,DISPATCH,UNIT_SCADA,1,"2019/08/22 12:25:00",MBAHNTH,55.425003
D,DISPATCH,UNIT_SCADA,1,"2019/08/22 12:25:00",MLSP1,12.591002
D,DISPATCH,UNIT_SCADA,1,"2019/08/22 12:25:00",MLWF1,17.220001
D,DISPATCH,UNIT_SCADA,1,"2019/08/22 12:25:00",MTMILLAR,1.584999
D,DISPATCH,UNIT_SCADA,1,"2019/08/22 12:25:00",PALOONA,28.849998
D,DISPATCH,UNIT_SCADA,1,"2019/08/22 12:25:00",PIONEER,44
D,DISPATCH,UNIT_SCADA,1,"2019/08/22 12:25:00",PORTWF,36.50
D,DISPATCH,UNIT_SCADA,1,"2019/08/22 12:25:00",REPULSE,29.050125
D,DISPATCH,UNIT_SCADA,1,"2019/08/22 12:25:00",ROWALLAN,10.4441
D,DISPATCH,UNIT_SCADA,1,"2019/08/22 12:25:00",ROYALLA1,19.761002
D,DISPATCH,UNIT_SCADA,1,"2019/08/22 12:25:00",RPCG,12.80
D,DISPATCH,UNIT_SCADA,1,"2019/08/22 12:25:00",RUBICON,0
D,DISPATCH,UNIT_SCADA,1,"2019/08/22 12:25:00",SATGN1,0
D,DISPATCH,UNIT_SCADA,1,"2019/08/22 12:25:00",SATGS1,0
D,DISPATCH,UNIT_SCADA,1,"2019/08/22 12:25:00",STARHLWF,2.299330
D,DISPATCH,UNIT_SCADA,1,"2019/08/22 12:25:00",WAUBRAWF,165.044006
D,DISPATCH,UNIT_SCADA,1,"2019/08/22 12:25:00",WOOLNTH1,114.230019
D,DISPATCH,UNIT_SCADA,1,"2019/08/22 12:25:00",WPWF,5
D,DISPATCH,UNIT_SCADA,1,"2019/08/22 12:25:00",YAMBUKWF,10.70
D,DISPATCH,UNIT_SCADA,1,"2019/08/22 12:25:00",YSWF1,15.10
D,DISPATCH,UNIT_SCADA,1,"2019/08/22 12:25:00",AGLHAL,0
D,DISPATCH,UNIT_SCADA,1,"2019/08/22 12:25:00",AGLSOM,0
D,DISPATCH,UNIT_SCADA,1,"2019/08/22 12:25:00",ANGAST1,0
D,DISPATCH,UNIT_SCADA,1,"2019/08/22 12:25:00",ARWF1,192.900010
D,DISPATCH,UNIT_SCADA,1,"2019/08/22 12:25:00",BALBG1,0
D,DISPATCH,UNIT_SCADA,1,"2019/08/22 12:25:00",BALBL1,0
D,DISPATCH,UNIT_SCADA,1,"2019/08/22 12:25:00",BALDHWF1,93.4420
D,DISPATCH,UNIT_SCADA,1,"2019/08/22 12:25:00",BANN1,59.93
D,DISPATCH,UNIT_SCADA,1,"2019/08/22 12:25:00",BARCALDN,0
D,DISPATCH,UNIT_SCADA,1,"2019/08/22 12:25:00",BARRON-1,0
D,DISPATCH,UNIT_SCADA,1,"2019/08/22 12:25:00",BARRON-2,25.40
D,DISPATCH,UNIT_SCADA,1,"2019/08/22 12:25:00",BASTYAN,77.850010
D,DISPATCH,UNIT_SCADA,1,"2019/08/22 12:25:00",BBTHREE1,-1.93
D,DISPATCH,UNIT_SCADA,1,"2019/08/22 12:25:00",BBTHREE2,-2.02
D,DISPATCH,UNIT_SCADA,1,"2019/08/22 12:25:00",BBTHREE3,-1.10
D,DISPATCH,UNIT_SCADA,1,"2019/08/22 12:25:00",BDL01,0
D,DISPATCH,UNIT_SCADA,1,"2019/08/22 12:25:00",BDL02,0
D,DISPATCH,UNIT_SCADA,1,"2019/08/22 12:25:00",BERYLSF1,76.742160
D,DISPATCH,UNIT_SCADA,1,"2019/08/22 12:25:00",BLOWERNG,0
D,DISPATCH,UNIT_SCADA,1,"2019/08/22 12:25:00",BLUFF1,0.10
D,DISPATCH,UNIT_SCADA,1,"2019/08/22 12:25:00",BNGSF1,74.54
D,DISPATCH,UNIT_SCADA,1,"2019/08/22 12:25:00",BNGSF2,16.08
D,DISPATCH,UNIT_SCADA,1,"2019/08/22 12:25:00",BOCORWF1,109.82
D,DISPATCH,UNIT_SCADA,1,"2019/08/22 12:25:00",BODWF1,112.163930
D,DISPATCH,UNIT_SCADA,1,"2019/08/22 12:25:00",BRAEMAR1,0
D,DISPATCH,UNIT_SCADA,1,"2019/08/22 12:25:00",BRAEMAR2,0
D,DISPATCH,UNIT_SCADA,1,"2019/08/22 12:25:00",BRAEMAR3,0
D,DISPATCH,UNIT_SCADA,1,"2019/08/22 12:25:00",BRAEMAR5,0
D,DISPATCH,UNIT_SCADA,1,"2019/08/22 12:25:00",BRAEMAR6,0
D,DISPATCH,UNIT_SCADA,1,"2019/08/22 12:25:00",BRAEMAR7,0
D,DISPATCH,UNIT_SCADA,1,"2019/08/22 12:25:00",BROKENH1,53.0415
D,DISPATCH,UNIT_SCADA,1,"2019/08/22 12:25:00",BW01,526.550050
D,DISPATCH,UNIT_SCADA,1,"2019/08/22 12:25:00",BW02,549.174930
D,DISPATCH,UNIT_SCADA,1,"2019/08/22 12:25:00",BW03,532.25
D,DISPATCH,UNIT_SCADA,1,"2019/08/22 12:25:00",BW04,0
D,DISPATCH,UNIT_SCADA,1,"2019/08/22 12:25:00",CALL_B_1,249.70
D,DISPATCH,UNIT_SCADA,1,"2019/08/22 12:25:00",CALL_B_2,279.899990
D,DISPATCH,UNIT_SCADA,1,"2019/08/22 12:25:00",CETHANA,98.6635
D,DISPATCH,UNIT_SCADA,1,"2019/08/22 12:25:00",CG1,0
D,DISPATCH,UNIT_SCADA,1,"2019/08/22 12:25:00",CG2,0
D,DISPATCH,UNIT_SCADA,1,"2019/08/22 12:25:00",CG3,0
D,DISPATCH,UNIT_SCADA,1,"2019/08/22 12:25:00",CG4,0
D,DISPATCH,UNIT_SCADA,1,"2019/08/22 12:25:00",CHILDSF1,40.12
D,DISPATCH,UNIT_SCADA,1,"2019/08/22 12:25:00",CLARESF1,2.013760
D,DISPATCH,UNIT_SCADA,1,"2019/08/22 12:25:00",CLEMGPWF,-0.360180
D,DISPATCH,UNIT_SCADA,1,"2019/08/22 12:25:00",CLERMSF1,0
D,DISPATCH,UNIT_SCADA,1,"2019/08/22 12:25:00",COLEASF1,91.90
D,DISPATCH,UNIT_SCADA,1,"2019/08/22 12:25:00",COOPGWF1,34.6525
D,DISPATCH,UNIT_SCADA,1,"2019/08/22 12:25:00",CPP_3,403.975010
D,DISPATCH,UNIT_SCADA,1,"2019/08/22 12:25:00",CPP_4,291.774990
D,DISPATCH,UNIT_SCADA,1,"2019/08/22 12:25:00",CPSA,90.676880
D,DISPATCH,UNIT_SCADA,1,"2019/08/22 12:25:00",CROOKWF2,80.243750
D,DISPATCH,UNIT_SCADA,1,"2019/08/22 12:25:00",CROWLWF1,41.4679
D,DISPATCH,UNIT_SCADA,1,"2019/08/22 12:25:00",CSPVPS1,0.5840
D,DISPATCH,UNIT_SCADA,1,"2019/08/22 12:25:00",DALNTH01,0
D,DISPATCH,UNIT_SCADA,1,"2019/08/22 12:25:00",DALNTHL1,0.050350
D,DISPATCH,UNIT_SCADA,1,"2019/08/22 12:25:00",DARTM1,134.50
D,DISPATCH,UNIT_SCADA,1,"2019/08/22 12:25:00",DAYDSF1,0
D,DISPATCH,UNIT_SCADA,1,"2019/08/22 12:25:00",DDPS1,0
D,DISPATCH,UNIT_SCADA,1,"2019/08/22 12:25:00",DDSF1,0
D,DISPATCH,UNIT_SCADA,1,"2019/08/22 12:25:00",DEVILS_G,0
D,DISPATCH,UNIT_SCADA,1,"2019/08/22 12:25:00",DG_NSW1,0
D,DISPATCH,UNIT_SCADA,1,"2019/08/22 12:25:00",DG_QLD1,0
D,DISPATCH,UNIT_SCADA,1,"2019/08/22 12:25:00",DG_SA1,0
D,DISPATCH,UNIT_SCADA,1,"2019/08/22 12:25:00",DG_TAS1,0
D,DISPATCH,UNIT_SCADA,1,"2019/08/22 12:25:00",DG_VIC1,0
D,DISPATCH,UNIT_SCADA,1,"2019/08/22 12:25:00",DRYCGT1,0
D,DISPATCH,UNIT_SCADA,1,"2019/08/22 12:25:00",DRYCGT2,0
D,DISPATCH,UNIT_SCADA,1,"2019/08/22 12:25:00",DRYCGT3,0
D,DISPATCH,UNIT_SCADA,1,"2019/08/22 12:25:00",EILDON1,0
D,DISPATCH,UNIT_SCADA,1,"2019/08/22 12:25:00",EILDON2,0
D,DISPATCH,UNIT_SCADA,1,"2019/08/22 12:25:00",EMERASF1,60.97
D,DISPATCH,UNIT_SCADA,1,"2019/08/22 12:25:00",ER01,314.275020
D,DISPATCH,UNIT_SCADA,1,"2019/08/22 12:25:00",ER02,374.324950
D,DISPATCH,UNIT_SCADA,1,"2019/08/22 12:25:00",ER03,649.6250
D,DISPATCH,UNIT_SCADA,1,"2019/08/22 12:25:00",ER04,372.550050
D,DISPATCH,UNIT_SCADA,1,"2019/08/22 12:25:00",FINLYSF1,3.592690
D,DISPATCH,UNIT_SCADA,1,"2019/08/22 12:25:00",FISHER,45.85
D,DISPATCH,UNIT_SCADA,1,"2019/08/22 12:25:00",GANNBG1,0
D,DISPATCH,UNIT_SCADA,1,"2019/08/22 12:25:00",GANNBL1,5.364250
D,DISPATCH,UNIT_SCADA,1,"2019/08/22 12:25:00",GANNSF1,31.80
D,DISPATCH,UNIT_SCADA,1,"2019/08/22 12:25:00",GORDON,2.4220
D,DISPATCH,UNIT_SCADA,1,"2019/08/22 12:25:00",GSTONE1,110.60
D,DISPATCH,UNIT_SCADA,1,"2019/08/22 12:25:00",GSTONE2,110.0750
D,DISPATCH,UNIT_SCADA,1,"2019/08/22 12:25:00",GSTONE3,109.7250
D,DISPATCH,UNIT_SCADA,1,"2019/08/22 12:25:00",GSTONE4,138.0750
D,DISPATCH,UNIT_SCADA,1,"2019/08/22 12:25:00",GSTONE5,137.724990
D,DISPATCH,UNIT_SCADA,1,"2019/08/22 12:25:00",GSTONE6,0
D,DISPATCH,UNIT_SCADA,1,"2019/08/22 12:25:00",GULLRSF1,6.256440
D,DISPATCH,UNIT_SCADA,1,"2019/08/22 12:25:00",GULLRWF1,124.862730
D,DISPATCH,UNIT_SCADA,1,"2019/08/22 12:25:00",GUNNING1,42.101810
D,DISPATCH,UNIT_SCADA,1,"2019/08/22 12:25:00",GUTHEGA,0
D,DISPATCH,UNIT_SCADA,1,"2019/08/22 12:25:00",HALLWF1,-0.51
D,DISPATCH,UNIT_SCADA,1,"2019/08/22 12:25:00",HALLWF2,-0.49
D,DISPATCH,UNIT_SCADA,1,"2019/08/22 12:25:00",HAMISF1,46.40
D,DISPATCH,UNIT_SCADA,1,"2019/08/22 12:25:00",HAUGHT11,49.985530
D,DISPATCH,UNIT_SCADA,1,"2019/08/22 12:25:00",HAYMSF1,0
D,DISPATCH,UNIT_SCADA,1,"2019/08/22 12:25:00",HDWF1,2
D,DISPATCH,UNIT_SCADA,1,"2019/08/22 12:25:00",HDWF2,1.30
D,DISPATCH,UNIT_SCADA,1,"2019/08/22 12:25:00",HDWF3,1.50
D,DISPATCH,UNIT_SCADA,1,"2019/08/22 12:25:00",HPRG1,0
D,DISPATCH,UNIT_SCADA,1,"2019/08/22 12:25:00",HPRL1,13.40
D,DISPATCH,UNIT_SCADA,1,"2019/08/22 12:25:00",HUMENSW,0
D,DISPATCH,UNIT_SCADA,1,"2019/08/22 12:25:00",HUMEV,9.20
D,DISPATCH,UNIT_SCADA,1,"2019/08/22 12:25:00",HVGTS,0
D,DISPATCH,UNIT_SCADA,1,"2019/08/22 12:25:00",JBUTTERS,139.31
D,DISPATCH,UNIT_SCADA,1,"2019/08/22 12:25:00",JLA01,0.50
D,DISPATCH,UNIT_SCADA,1,"2019/08/22 12:25:00",JLA02,0
D,DISPATCH,UNIT_SCADA,1,"2019/08/22 12:25:00",JLA03,0.10
D,DISPATCH,UNIT_SCADA,1,"2019/08/22 12:25:00",JLA04,0.10
D,DISPATCH,UNIT_SCADA,1,"2019/08/22 12:25:00",JLB01,0
D,DISPATCH,UNIT_SCADA,1,"2019/08/22 12:25:00",JLB02,0.10
D,DISPATCH,UNIT_SCADA,1,"2019/08/22 12:25:00",JLB03,0
D,DISPATCH,UNIT_SCADA,1,"2019/08/22 12:25:00",KAREEYA1,21.5675
D,DISPATCH,UNIT_SCADA,1,"2019/08/22 12:25:00",KAREEYA2,21.8375
D,DISPATCH,UNIT_SCADA,1,"2019/08/22 12:25:00",KAREEYA3,0
D,DISPATCH,UNIT_SCADA,1,"2019/08/22 12:25:00",KAREEYA4,21.70
D,DISPATCH,UNIT_SCADA,1,"2019/08/22 12:25:00",KARSF1,56.30
D,DISPATCH,UNIT_SCADA,1,"2019/08/22 12:25:00",KIATAWF1,18.10
D,DISPATCH,UNIT_SCADA,1,"2019/08/22 12:25:00",KPP_1,0
D,DISPATCH,UNIT_SCADA,1,"2019/08/22 12:25:00",KSP1,47.57
D,DISPATCH,UNIT_SCADA,1,"2019/08/22 12:25:00",LADBROK1,0
D,DISPATCH,UNIT_SCADA,1,"2019/08/22 12:25:00",LADBROK2,0
D,DISPATCH,UNIT_SCADA,1,"2019/08/22 12:25:00",LD01,348.1875
D,DISPATCH,UNIT_SCADA,1,"2019/08/22 12:25:00",LD02,349.218750
D,DISPATCH,UNIT_SCADA,1,"2019/08/22 12:25:00",LD03,344.793760
D,DISPATCH,UNIT_SCADA,1,"2019/08/22 12:25:00",LD04,347.756320
D,DISPATCH,UNIT_SCADA,1,"2019/08/22 12:25:00",LEM_WIL,85.961150
D,DISPATCH,UNIT_SCADA,1,"2019/08/22 12:25:00",LGAPWF1,9.04
D,DISPATCH,UNIT_SCADA,1,"2019/08/22 12:25:00",LILYSF1,91.2261
D,DISPATCH,UNIT_SCADA,1,"2019/08/22 12:25:00",LI_WY_CA,149.120930
D,DISPATCH,UNIT_SCADA,1,"2019/08/22 12:25:00",LKBONNY2,18.408850
D,DISPATCH,UNIT_SCADA,1,"2019/08/22 12:25:00",LKBONNY3,4.465760
D,DISPATCH,UNIT_SCADA,1,"2019/08/22 12:25:00",LK_ECHO,0
D,DISPATCH,UNIT_SCADA,1,"2019/08/22 12:25:00",LNGS1,0
D,DISPATCH,UNIT_SCADA,1,"2019/08/22 12:25:00",LNGS2,0
D,DISPATCH,UNIT_SCADA,1,"2019/08/22 12:25:00",LONSDALE,0
D,DISPATCH,UNIT_SCADA,1,"2019/08/22 12:25:00",LOYYB1,536.088620
D,DISPATCH,UNIT_SCADA,1,"2019/08/22 12:25:00",LOYYB2,583.458250
D,DISPATCH,UNIT_SCADA,1,"2019/08/22 12:25:00",LYA1,559
D,DISPATCH,UNIT_SCADA,1,"2019/08/22 12:25:00",LYA2,0
D,DISPATCH,UNIT_SCADA,1,"2019/08/22 12:25:00",LYA3,560
D,DISPATCH,UNIT_SCADA,1,"2019/08/22 12:25:00",LYA4,539
D,DISPATCH,UNIT_SCADA,1,"2019/08/22 12:25:00",MACARTH1,182.195790
D,DISPATCH,UNIT_SCADA,1,"2019/08/22 12:25:00",MACKAYGT,0
D,DISPATCH,UNIT_SCADA,1,"2019/08/22 12:25:00",MACKNTSH,86.48
D,DISPATCH,UNIT_SCADA,1,"2019/08/22 12:25:00",MANSLR1,39.2450
D,DISPATCH,UNIT_SCADA,1,"2019/08/22 12:25:00",MCKAY1,0.02
D,DISPATCH,UNIT_SCADA,1,"2019/08/22 12:25:00",MEADOWBK,34.1531
D,DISPATCH,UNIT_SCADA,1,"2019/08/22 12:25:00",MERCER01,57.9220
D,DISPATCH,UNIT_SCADA,1,"2019/08/22 12:25:00",MEWF1,43.192320
D,DISPATCH,UNIT_SCADA,1,"2019/08/22 12:25:00",MINTARO,0
D,DISPATCH,UNIT_SCADA,1,"2019/08/22 12:25:00",MOREESF1,47.6640
D,DISPATCH,UNIT_SCADA,1,"2019/08/22 12:25:00",MORTLK11,125
D,DISPATCH,UNIT_SCADA,1,"2019/08/22 12:25:00",MORTLK12,0
D,DISPATCH,UNIT_SCADA,1,"2019/08/22 12:25:00",MP1,273.849980
D,DISPATCH,UNIT_SCADA,1,"2019/08/22 12:25:00",MP2,0
D,DISPATCH,UNIT_SCADA,1,"2019/08/22 12:25:00",MPP_1,269.25
D,DISPATCH,UNIT_SCADA,1,"2019/08/22 12:25:00",MPP_2,300.25
D,DISPATCH,UNIT_SCADA,1,"2019/08/22 12:25:00",MSTUART1,0
D,DISPATCH,UNIT_SCADA,1,"2019/08/22 12:25:00",MSTUART2,0
D,DISPATCH,UNIT_SCADA,1,"2019/08/22 12:25:00",MSTUART3,0
D,DISPATCH,UNIT_SCADA,1,"2019/08/22 12:25:00",MTGELWF1,57.721180
D,DISPATCH,UNIT_SCADA,1,"2019/08/22 12:25:00",MURRAY,0
D,DISPATCH,UNIT_SCADA,1,"2019/08/22 12:25:00",MUSSELR1,54
D,DISPATCH,UNIT_SCADA,1,"2019/08/22 12:25:00",MUWAWF1,46.95
D,DISPATCH,UNIT_SCADA,1,"2019/08/22 12:25:00",NBHWF1,-0.80
D,DISPATCH,UNIT_SCADA,1,"2019/08/22 12:25:00",NPS,0
D,DISPATCH,UNIT_SCADA,1,"2019/08/22 12:25:00",NUMURSF1,82.66
D,DISPATCH,UNIT_SCADA,1,"2019/08/22 12:25:00",NYNGAN1,48.25
D,DISPATCH,UNIT_SCADA,1,"2019/08/22 12:25:00",OAKEY1,0
D,DISPATCH,UNIT_SCADA,1,"2019/08/22 12:25:00",OAKEY1SF,0.8430
D,DISPATCH,UNIT_SCADA,1,"2019/08/22 12:25:00",OAKEY2,0
D,DISPATCH,UNIT_SCADA,1,"2019/08/22 12:25:00",OAKLAND1,50.40
D,DISPATCH,UNIT_SCADA,1,"2019/08/22 12:25:00",OSB-AG,137.97
D,DISPATCH,UNIT_SCADA,1,"2019/08/22 12:25:00",PARSF1,38.80
D,DISPATCH,UNIT_SCADA,1,"2019/08/22 12:25:00",POAT110,0
D,DISPATCH,UNIT_SCADA,1,"2019/08/22 12:25:00",POAT220,0
D,DISPATCH,UNIT_SCADA,1,"2019/08/22 12:25:00",POR01,0
D,DISPATCH,UNIT_SCADA,1,"2019/08/22 12:25:00",POR03,0
D,DISPATCH,UNIT_SCADA,1,"2019/08/22 12:25:00",PPCCGT,427.2298
D,DISPATCH,UNIT_SCADA,1,"2019/08/22 12:25:00",PTSTAN1,0
D,DISPATCH,UNIT_SCADA,1,"2019/08/22 12:25:00",PUMP1,0
D,DISPATCH,UNIT_SCADA,1,"2019/08/22 12:25:00",PUMP2,0
D,DISPATCH,UNIT_SCADA,1,"2019/08/22 12:25:00",QPS1,0
D,DISPATCH,UNIT_SCADA,1,"2019/08/22 12:25:00",QPS2,0
D,DISPATCH,UNIT_SCADA,1,"2019/08/22 12:25:00",QPS3,0
D,DISPATCH,UNIT_SCADA,1,"2019/08/22 12:25:00",QPS4,0
D,DISPATCH,UNIT_SCADA,1,"2019/08/22 12:25:00",QPS5,0
D,DISPATCH,UNIT_SCADA,1,"2019/08/22 12:25:00",REECE1,118.510010
D,DISPATCH,UNIT_SCADA,1,"2019/08/22 12:25:00",REECE2,118.560010
D,DISPATCH,UNIT_SCADA,1,"2019/08/22 12:25:00",ROMA_7,0
D,DISPATCH,UNIT_SCADA,1,"2019/08/22 12:25:00",ROMA_8,0
D,DISPATCH,UNIT_SCADA,1,"2019/08/22 12:25:00",RRSF1,113.539410
D,DISPATCH,UNIT_SCADA,1,"2019/08/22 12:25:00",RT_NSW1,0
D,DISPATCH,UNIT_SCADA,1,"2019/08/22 12:25:00",RT_NSW2,0
D,DISPATCH,UNIT_SCADA,1,"2019/08/22 12:25:00",RT_NSW3,0
D,DISPATCH,UNIT_SCADA,1,"2019/08/22 12:25:00",RT_NSW4,0
D,DISPATCH,UNIT_SCADA,1,"2019/08/22 12:25:00",RT_NSW5,0
D,DISPATCH,UNIT_SCADA,1,"2019/08/22 12:25:00",RT_NSW6,0
D,DISPATCH,UNIT_SCADA,1,"2019/08/22 12:25:00",RT_QLD1,0
D,DISPATCH,UNIT_SCADA,1,"2019/08/22 12:25:00",RT_SA1,0
D,DISPATCH,UNIT_SCADA,1,"2019/08/22 12:25:00",RT_SA2,0
D,DISPATCH,UNIT_SCADA,1,"2019/08/22 12:25:00",RT_SA3,0
D,DISPATCH,UNIT_SCADA,1,"2019/08/22 12:25:00",RT_SA4,0
D,DISPATCH,UNIT_SCADA,1,"2019/08/22 12:25:00",RT_SA5,0
D,DISPATCH,UNIT_SCADA,1,"2019/08/22 12:25:00",RT_SA6,0
D,DISPATCH,UNIT_SCADA,1,"2019/08/22 12:25:00",RT_TAS1,0
D,DISPATCH,UNIT_SCADA,1,"2019/08/22 12:25:00",RT_VIC1,0
D,DISPATCH,UNIT_SCADA,1,"2019/08/22 12:25:00",RT_VIC10,0
D,DISPATCH,UNIT_SCADA,1,"2019/08/22 12:25:00",RT_VIC11,0
D,DISPATCH,UNIT_SCADA,1,"2019/08/22 12:25:00",RT_VIC12,0
D,DISPATCH,UNIT_SCADA,1,"2019/08/22 12:25:00",RT_VIC2,0
D,DISPATCH,UNIT_SCADA,1,"2019/08/22 12:25:00",RT_VIC3,0
D,DISPATCH,UNIT_SCADA,1,"2019/08/22 12:25:00",RT_VIC4,0
D,DISPATCH,UNIT_SCADA,1,"2019/08/22 12:25:00",RT_VIC5,0
D,DISPATCH,UNIT_SCADA,1,"2019/08/22 12:25:00",RT_VIC6,0
D,DISPATCH,UNIT_SCADA,1,"2019/08/22 12:25:00",RT_VIC7,0
D,DISPATCH,UNIT_SCADA,1,"2019/08/22 12:25:00",RT_VIC8,0
D,DISPATCH,UNIT_SCADA,1,"2019/08/22 12:25:00",RT_VIC9,0
D,DISPATCH,UNIT_SCADA,1,"2019/08/22 12:25:00",RUGBYR1,59.305980
D,DISPATCH,UNIT_SCADA,1,"2019/08/22 12:25:00",SALTCRK1,19.17
D,DISPATCH,UNIT_SCADA,1,"2019/08/22 12:25:00",SAPHWF1,205.8750
D,DISPATCH,UNIT_SCADA,1,"2019/08/22 12:25:00",SHGEN,0
D,DISPATCH,UNIT_SCADA,1,"2019/08/22 12:25:00",SHPUMP,200.484470
D,DISPATCH,UNIT_SCADA,1,"2019/08/22 12:25:00",SITHE01,0.123710
D,DISPATCH,UNIT_SCADA,1,"2019/08/22 12:25:00",SMCSF1,0
D,DISPATCH,UNIT_SCADA,1,"2019/08/22 12:25:00",SNOWNTH1,0.90
D,DISPATCH,UNIT_SCADA,1,"2019/08/22 12:25:00",SNOWSTH1,0.90
D,DISPATCH,UNIT_SCADA,1,"2019/08/22 12:25:00",SNOWTWN1,-0.641030
D,DISPATCH,UNIT_SCADA,1,"2019/08/22 12:25:00",SNOWYP,0
D,DISPATCH,UNIT_SCADA,1,"2019/08/22 12:25:00",SNUG1,0.019440
D,DISPATCH,UNIT_SCADA,1,"2019/08/22 12:25:00",SRSF1,34.91
D,DISPATCH,UNIT_SCADA,1,"2019/08/22 12:25:00",STAN-1,0
D,DISPATCH,UNIT_SCADA,1,"2019/08/22 12:25:00",STAN-2,282.696590
D,DISPATCH,UNIT_SCADA,1,"2019/08/22 12:25:00",STAN-3,281.991610
D,DISPATCH,UNIT_SCADA,1,"2019/08/22 12:25:00",STAN-4,280.312470
D,DISPATCH,UNIT_SCADA,1,"2019/08/22 12:25:00",STWF1,14.264980
D,DISPATCH,UNIT_SCADA,1,"2019/08/22 12:25:00",SWAN_E,0
D,DISPATCH,UNIT_SCADA,1,"2019/08/22 12:25:00",TALWA1,189
D,DISPATCH,UNIT_SCADA,1,"2019/08/22 12:25:00",TARALGA1,98.7375
D,DISPATCH,UNIT_SCADA,1,"2019/08/22 12:25:00",TARONG#1,279.800020
D,DISPATCH,UNIT_SCADA,1,"2019/08/22 12:25:00",TARONG#2,281.50
D,DISPATCH,UNIT_SCADA,1,"2019/08/22 12:25:00",TARONG#3,260.899990
D,DISPATCH,UNIT_SCADA,1,"2019/08/22 12:25:00",TARONG#4,280.50
D,DISPATCH,UNIT_SCADA,1,"2019/08/22 12:25:00",TARRALEA,84.10
D,DISPATCH,UNIT_SCADA,1,"2019/08/22 12:25:00",TBSF1,52.20
D,DISPATCH,UNIT_SCADA,1,"2019/08/22 12:25:00",TNPS1,359.200010
D,DISPATCH,UNIT_SCADA,1,"2019/08/22 12:25:00",TORRA1,40.672190
D,DISPATCH,UNIT_SCADA,1,"2019/08/22 12:25:00",TORRA2,0
D,DISPATCH,UNIT_SCADA,1,"2019/08/22 12:25:00",TORRA3,40.901390
D,DISPATCH,UNIT_SCADA,1,"2019/08/22 12:25:00",TORRA4,27.967960
D,DISPATCH,UNIT_SCADA,1,"2019/08/22 12:25:00",TORRB1,64.08
D,DISPATCH,UNIT_SCADA,1,"2019/08/22 12:25:00",TORRB2,64.30
D,DISPATCH,UNIT_SCADA,1,"2019/08/22 12:25:00",TORRB3,0
D,DISPATCH,UNIT_SCADA,1,"2019/08/22 12:25:00",TORRB4,0
D,DISPATCH,UNIT_SCADA,1,"2019/08/22 12:25:00",TREVALLN,44.290020
D,DISPATCH,UNIT_SCADA,1,"2019/08/22 12:25:00",TRIBUTE,84.99
D,DISPATCH,UNIT_SCADA,1,"2019/08/22 12:25:00",TUMUT3,0
D,DISPATCH,UNIT_SCADA,1,"2019/08/22 12:25:00",TUNGATIN,105.280030
D,DISPATCH,UNIT_SCADA,1,"2019/08/22 12:25:00",TVCC201,0
D,DISPATCH,UNIT_SCADA,1,"2019/08/22 12:25:00",TVPP104,0
D,DISPATCH,UNIT_SCADA,1,"2019/08/22 12:25:00",UPPTUMUT,0
D,DISPATCH,UNIT_SCADA,1,"2019/08/22 12:25:00",URANQ11,0
D,DISPATCH,UNIT_SCADA,1,"2019/08/22 12:25:00",URANQ12,0
D,DISPATCH,UNIT_SCADA,1,"2019/08/22 12:25:00",URANQ13,0
D,DISPATCH,UNIT_SCADA,1,"2019/08/22 12:25:00",URANQ14,0
D,DISPATCH,UNIT_SCADA,1,"2019/08/22 12:25:00",VP5,196.6750
D,DISPATCH,UNIT_SCADA,1,"2019/08/22 12:25:00",VP6,584.649960
D,DISPATCH,UNIT_SCADA,1,"2019/08/22 12:25:00",VPGS1,0
D,DISPATCH,UNIT_SCADA,1,"2019/08/22 12:25:00",VPGS2,0
D,DISPATCH,UNIT_SCADA,1,"2019/08/22 12:25:00",VPGS3,0
D,DISPATCH,UNIT_SCADA,1,"2019/08/22 12:25:00",VPGS4,0
D,DISPATCH,UNIT_SCADA,1,"2019/08/22 12:25:00",VPGS5,0
D,DISPATCH,UNIT_SCADA,1,"2019/08/22 12:25:00",VPGS6,0
D,DISPATCH,UNIT_SCADA,1,"2019/08/22 12:25:00",W/HOE#1,0
D,DISPATCH,UNIT_SCADA,1,"2019/08/22 12:25:00",W/HOE#2,0
D,DISPATCH,UNIT_SCADA,1,"2019/08/22 12:25:00",WATERLWF,6.70
D,DISPATCH,UNIT_SCADA,1,"2019/08/22 12:25:00",WEMENSF1,63.20
D,DISPATCH,UNIT_SCADA,1,"2019/08/22 12:25:00",WGWF1,1.10
D,DISPATCH,UNIT_SCADA,1,"2019/08/22 12:25:00",WHITSF1,0
D,DISPATCH,UNIT_SCADA,1,"2019/08/22 12:25:00",WKIEWA1,0
D,DISPATCH,UNIT_SCADA,1,"2019/08/22 12:25:00",WKIEWA2,7
D,DISPATCH,UNIT_SCADA,1,"2019/08/22 12:25:00",WOODLWN1,21.645020
D,DISPATCH,UNIT_SCADA,1,"2019/08/22 12:25:00",WRSF1,12.74
D,DISPATCH,UNIT_SCADA,1,"2019/08/22 12:25:00",WRWF1,155.678740
D,DISPATCH,UNIT_SCADA,1,"2019/08/22 12:25:00",YABULU,0
D,DISPATCH,UNIT_SCADA,1,"2019/08/22 12:25:00",YABULU2,0
D,DISPATCH,UNIT_SCADA,1,"2019/08/22 12:25:00",YARWUN_1,0
D,DISPATCH,UNIT_SCADA,1,"2019/08/22 12:25:00",YENDWF1,41.91
D,DISPATCH,UNIT_SCADA,1,"2019/08/22 12:25:00",YWPS1,345.863280
D,DISPATCH,UNIT_SCADA,1,"2019/08/22 12:25:00",YWPS2,277.440520
D,DISPATCH,UNIT_SCADA,1,"2019/08/22 12:25:00",YWPS3,0
D,DISPATCH,UNIT_SCADA,1,"2019/08/22 12:25:00",YWPS4,339.346830
C,"END OF REPORT",334
