C,NEMP.WORLD,DISPATCHSCADA,AEMO,PUBLIC,2019/08/19,21:35:07,0000000311761352,DISPATCHSCADA,0000000311761346
I,DISPATCH,UNIT_SCADA,1,SETTLEMENTDATE,DUID,SCADAVALUE
D,DISPATCH,UNIT_SCADA,1,"2019/08/19 21:40:00",BARCSF1,1.10
D,DISPATCH,UNIT_SCADA,1,"2019/08/19 21:40:00",BUTLERSG,9.699999
D,DISPATCH,UNIT_SCADA,1,"2019/08/19 21:40:00",CALL_A_4,0
D,DISPATCH,UNIT_SCADA,1,"2019/08/19 21:40:00",CAPTL_WF,133.428009
D,DISPATCH,UNIT_SCADA,1,"2019/08/19 21:40:00",CATHROCK,47.649998
D,DISPATCH,UNIT_SCADA,1,"2019/08/19 21:40:00",CHALLHWF,15.900001
D,DISPATCH,UNIT_SCADA,1,"2019/08/19 21:40:00",CLOVER,-0.01
D,DISPATCH,UNIT_SCADA,1,"2019/08/19 21:40:00",CLUNY,12.029755
D,DISPATCH,UNIT_SCADA,1,"2019/08/19 21:40:00",CNUNDAWF,38.845314
D,DISPATCH,UNIT_SCADA,1,"2019/08/19 21:40:00",CULLRGWF,30.41
D,DISPATCH,UNIT_SCADA,1,"2019/08/19 21:40:00",ERGT01,0
D,DISPATCH,UNIT_SCADA,1,"2019/08/19 21:40:00",GB01,0.065392
D,DISPATCH,UNIT_SCADA,1,"2019/08/19 21:40:00",GERMCRK,33.099998
D,DISPATCH,UNIT_SCADA,1,"2019/08/19 21:40:00",GRIFSF1,0
D,DISPATCH,UNIT_SCADA,1,"2019/08/19 21:40:00",HUGSF1,-0.1880
D,DISPATCH,UNIT_SCADA,1,"2019/08/19 21:40:00",LKBONNY1,66.803406
D,DISPATCH,UNIT_SCADA,1,"2019/08/19 21:40:00",LRSF1,0.0240
D,DISPATCH,UNIT_SCADA,1,"2019/08/19 21:40:00",MBAHNTH,55.893753
D,DISPATCH,UNIT_SCADA,1,"2019/08/19 21:40:00",MLSP1,0.304001
D,DISPATCH,UNIT_SCADA,1,"2019/08/19 21:40:00",MLWF1,16.7250
D,DISPATCH,UNIT_SCADA,1,"2019/08/19 21:40:00",MTMILLAR,15.053773
D,DISPATCH,UNIT_SCADA,1,"2019/08/19 21:40:00",PALOONA,12.74
D,DISPATCH,UNIT_SCADA,1,"2019/08/19 21:40:00",PIONEER,34.900002
D,DISPATCH,UNIT_SCADA,1,"2019/08/19 21:40:00",PORTWF,133.399994
D,DISPATCH,UNIT_SCADA,1,"2019/08/19 21:40:00",REPULSE,29.291828
D,DISPATCH,UNIT_SCADA,1,"2019/08/19 21:40:00",ROWALLAN,9.9684
D,DISPATCH,UNIT_SCADA,1,"2019/08/19 21:40:00",ROYALLA1,0
D,DISPATCH,UNIT_SCADA,1,"2019/08/19 21:40:00",RPCG,-2.10
D,DISPATCH,UNIT_SCADA,1,"2019/08/19 21:40:00",RUBICON,0
D,DISPATCH,UNIT_SCADA,1,"2019/08/19 21:40:00",SATGN1,0
D,DISPATCH,UNIT_SCADA,1,"2019/08/19 21:40:00",SATGS1,0
D,DISPATCH,UNIT_SCADA,1,"2019/08/19 21:40:00",STARHLWF,10.097055
D,DISPATCH,UNIT_SCADA,1,"2019/08/19 21:40:00",WAUBRAWF,99.477997
D,DISPATCH,UNIT_SCADA,1,"2019/08/19 21:40:00",WOOLNTH1,131.220016
D,DISPATCH,UNIT_SCADA,1,"2019/08/19 21:40:00",WPWF,8
D,DISPATCH,UNIT_SCADA,1,"2019/08/19 21:40:00",YAMBUKWF,21.50
D,DISPATCH,UNIT_SCADA,1,"2019/08/19 21:40:00",YSWF1,28.200001
D,DISPATCH,UNIT_SCADA,1,"2019/08/19 21:40:00",AGLHAL,0
D,DISPATCH,UNIT_SCADA,1,"2019/08/19 21:40:00",AGLSOM,40
D,DISPATCH,UNIT_SCADA,1,"2019/08/19 21:40:00",ANGAST1,0
D,DISPATCH,UNIT_SCADA,1,"2019/08/19 21:40:00",ARWF1,15.20
D,DISPATCH,UNIT_SCADA,1,"2019/08/19 21:40:00",BALBG1,13.83
D,DISPATCH,UNIT_SCADA,1,"2019/08/19 21:40:00",BALBL1,0
D,DISPATCH,UNIT_SCADA,1,"2019/08/19 21:40:00",BALDHWF1,103.3050
D,DISPATCH,UNIT_SCADA,1,"2019/08/19 21:40:00",BANN1,0
D,DISPATCH,UNIT_SCADA,1,"2019/08/19 21:40:00",BARCALDN,0
D,DISPATCH,UNIT_SCADA,1,"2019/08/19 21:40:00",BARRON-1,0
D,DISPATCH,UNIT_SCADA,1,"2019/08/19 21:40:00",BARRON-2,29.08
D,DISPATCH,UNIT_SCADA,1,"2019/08/19 21:40:00",BASTYAN,80.830010
D,DISPATCH,UNIT_SCADA,1,"2019/08/19 21:40:00",BBTHREE1,0
D,DISPATCH,UNIT_SCADA,1,"2019/08/19 21:40:00",BBTHREE2,0
D,DISPATCH,UNIT_SCADA,1,"2019/08/19 21:40:00",BBTHREE3,0
D,DISPATCH,UNIT_SCADA,1,"2019/08/19 21:40:00",BDL01,-0.24
D,DISPATCH,UNIT_SCADA,1,"2019/08/19 21:40:00",BDL02,-0.24
D,DISPATCH,UNIT_SCADA,1,"2019/08/19 21:40:00",BERYLSF1,0
D,DISPATCH,UNIT_SCADA,1,"2019/08/19 21:40:00",BLOWERNG,0
D,DISPATCH,UNIT_SCADA,1,"2019/08/19 21:40:00",BLUFF1,21.30
D,DISPATCH,UNIT_SCADA,1,"2019/08/19 21:40:00",BNGSF1,0
D,DISPATCH,UNIT_SCADA,1,"2019/08/19 21:40:00",BNGSF2,0
D,DISPATCH,UNIT_SCADA,1,"2019/08/19 21:40:00",BOCORWF1,103.62
D,DISPATCH,UNIT_SCADA,1,"2019/08/19 21:40:00",BODWF1,80.558940
D,DISPATCH,UNIT_SCADA,1,"2019/08/19 21:40:00",BRAEMAR1,0
D,DISPATCH,UNIT_SCADA,1,"2019/08/19 21:40:00",BRAEMAR2,0
D,DISPATCH,UNIT_SCADA,1,"2019/08/19 21:40:00",BRAEMAR3,0
D,DISPATCH,UNIT_SCADA,1,"2019/08/19 21:40:00",BRAEMAR5,0
D,DISPATCH,UNIT_SCADA,1,"2019/08/19 21:40:00",BRAEMAR6,0
D,DISPATCH,UNIT_SCADA,1,"2019/08/19 21:40:00",BRAEMAR7,0
D,DISPATCH,UNIT_SCADA,1,"2019/08/19 21:40:00",BROKENH1,0
D,DISPATCH,UNIT_SCADA,1,"2019/08/19 21:40:00",BW01,660.175050
D,DISPATCH,UNIT_SCADA,1,"2019/08/19 21:40:00",BW02,659.775020
D,DISPATCH,UNIT_SCADA,1,"2019/08/19 21:40:00",BW03,638.325070
D,DISPATCH,UNIT_SCADA,1,"2019/08/19 21:40:00",BW04,0
D,DISPATCH,UNIT_SCADA,1,"2019/08/19 21:40:00",CALL_B_1,340.399990
D,DISPATCH,UNIT_SCADA,1,"2019/08/19 21:40:00",CALL_B_2,279.200010
D,DISPATCH,UNIT_SCADA,1,"2019/08/19 21:40:00",CETHANA,79.563380
D,DISPATCH,UNIT_SCADA,1,"2019/08/19 21:40:00",CG1,0
D,DISPATCH,UNIT_SCADA,1,"2019/08/19 21:40:00",CG2,0
D,DISPATCH,UNIT_SCADA,1,"2019/08/19 21:40:00",CG3,0
D,DISPATCH,UNIT_SCADA,1,"2019/08/19 21:40:00",CG4,0
D,DISPATCH,UNIT_SCADA,1,"2019/08/19 21:40:00",CHILDSF1,0
D,DISPATCH,UNIT_SCADA,1,"2019/08/19 21:40:00",CLARESF1,0
D,DISPATCH,UNIT_SCADA,1,"2019/08/19 21:40:00",CLEMGPWF,6.050940
D,DISPATCH,UNIT_SCADA,1,"2019/08/19 21:40:00",CLERMSF1,0
D,DISPATCH,UNIT_SCADA,1,"2019/08/19 21:40:00",COLEASF1,0
D,DISPATCH,UNIT_SCADA,1,"2019/08/19 21:40:00",COOPGWF1,35.784920
D,DISPATCH,UNIT_SCADA,1,"2019/08/19 21:40:00",CPP_3,407
D,DISPATCH,UNIT_SCADA,1,"2019/08/19 21:40:00",CPP_4,405.075010
D,DISPATCH,UNIT_SCADA,1,"2019/08/19 21:40:00",CPSA,143.249370
D,DISPATCH,UNIT_SCADA,1,"2019/08/19 21:40:00",CROOKWF2,87.543750
D,DISPATCH,UNIT_SCADA,1,"2019/08/19 21:40:00",CROWLWF1,17.953790
D,DISPATCH,UNIT_SCADA,1,"2019/08/19 21:40:00",CSPVPS1,0
D,DISPATCH,UNIT_SCADA,1,"2019/08/19 21:40:00",DALNTH01,0
D,DISPATCH,UNIT_SCADA,1,"2019/08/19 21:40:00",DALNTHL1,0.056460
D,DISPATCH,UNIT_SCADA,1,"2019/08/19 21:40:00",DARTM1,134.50
D,DISPATCH,UNIT_SCADA,1,"2019/08/19 21:40:00",DAYDSF1,0
D,DISPATCH,UNIT_SCADA,1,"2019/08/19 21:40:00",DDPS1,204.825850
D,DISPATCH,UNIT_SCADA,1,"2019/08/19 21:40:00",DDSF1,0
D,DISPATCH,UNIT_SCADA,1,"2019/08/19 21:40:00",DEVILS_G,60.680560
D,DISPATCH,UNIT_SCADA,1,"2019/08/19 21:40:00",DG_NSW1,0
D,DISPATCH,UNIT_SCADA,1,"2019/08/19 21:40:00",DG_QLD1,0
D,DISPATCH,UNIT_SCADA,1,"2019/08/19 21:40:00",DG_SA1,0
D,DISPATCH,UNIT_SCADA,1,"2019/08/19 21:40:00",DG_TAS1,0
D,DISPATCH,UNIT_SCADA,1,"2019/08/19 21:40:00",DG_VIC1,0
D,DISPATCH,UNIT_SCADA,1,"2019/08/19 21:40:00",DRYCGT1,0
D,DISPATCH,UNIT_SCADA,1,"2019/08/19 21:40:00",DRYCGT2,0
D,DISPATCH,UNIT_SCADA,1,"2019/08/19 21:40:00",DRYCGT3,0
D,DISPATCH,UNIT_SCADA,1,"2019/08/19 21:40:00",EILDON1,0
D,DISPATCH,UNIT_SCADA,1,"2019/08/19 21:40:00",EILDON2,0
D,DISPATCH,UNIT_SCADA,1,"2019/08/19 21:40:00",EMERASF1,0
D,DISPATCH,UNIT_SCADA,1,"2019/08/19 21:40:00",ER01,593.400020
D,DISPATCH,UNIT_SCADA,1,"2019/08/19 21:40:00",ER02,698.3750
D,DISPATCH,UNIT_SCADA,1,"2019/08/19 21:40:00",ER03,697.6250
D,DISPATCH,UNIT_SCADA,1,"2019/08/19 21:40:00",ER04,698.174930
D,DISPATCH,UNIT_SCADA,1,"2019/08/19 21:40:00",FINLYSF1,0
D,DISPATCH,UNIT_SCADA,1,"2019/08/19 21:40:00",FISHER,45.90
D,DISPATCH,UNIT_SCADA,1,"2019/08/19 21:40:00",GANNBG1,21.325210
D,DISPATCH,UNIT_SCADA,1,"2019/08/19 21:40:00",GANNBL1,0
D,DISPATCH,UNIT_SCADA,1,"2019/08/19 21:40:00",GANNSF1,0
D,DISPATCH,UNIT_SCADA,1,"2019/08/19 21:40:00",GORDON,35.748720
D,DISPATCH,UNIT_SCADA,1,"2019/08/19 21:40:00",GSTONE1,214.3750
D,DISPATCH,UNIT_SCADA,1,"2019/08/19 21:40:00",GSTONE2,219.80
D,DISPATCH,UNIT_SCADA,1,"2019/08/19 21:40:00",GSTONE3,233.80
D,DISPATCH,UNIT_SCADA,1,"2019/08/19 21:40:00",GSTONE4,234.3250
D,DISPATCH,UNIT_SCADA,1,"2019/08/19 21:40:00",GSTONE5,235.20
D,DISPATCH,UNIT_SCADA,1,"2019/08/19 21:40:00",GSTONE6,0
D,DISPATCH,UNIT_SCADA,1,"2019/08/19 21:40:00",GULLRSF1,0
D,DISPATCH,UNIT_SCADA,1,"2019/08/19 21:40:00",GULLRWF1,158.807310
D,DISPATCH,UNIT_SCADA,1,"2019/08/19 21:40:00",GUNNING1,44.585370
D,DISPATCH,UNIT_SCADA,1,"2019/08/19 21:40:00",GUTHEGA,0
D,DISPATCH,UNIT_SCADA,1,"2019/08/19 21:40:00",HALLWF1,54.50
D,DISPATCH,UNIT_SCADA,1,"2019/08/19 21:40:00",HALLWF2,46.51
D,DISPATCH,UNIT_SCADA,1,"2019/08/19 21:40:00",HAMISF1,0
D,DISPATCH,UNIT_SCADA,1,"2019/08/19 21:40:00",HAUGHT11,0
D,DISPATCH,UNIT_SCADA,1,"2019/08/19 21:40:00",HAYMSF1,0
D,DISPATCH,UNIT_SCADA,1,"2019/08/19 21:40:00",HDWF1,37.20
D,DISPATCH,UNIT_SCADA,1,"2019/08/19 21:40:00",HDWF2,25.20
D,DISPATCH,UNIT_SCADA,1,"2019/08/19 21:40:00",HDWF3,31.40
D,DISPATCH,UNIT_SCADA,1,"2019/08/19 21:40:00",HPRG1,12.30
D,DISPATCH,UNIT_SCADA,1,"2019/08/19 21:40:00",HPRL1,0
D,DISPATCH,UNIT_SCADA,1,"2019/08/19 21:40:00",HUMENSW,0
D,DISPATCH,UNIT_SCADA,1,"2019/08/19 21:40:00",HUMEV,9.20
D,DISPATCH,UNIT_SCADA,1,"2019/08/19 21:40:00",HVGTS,0
D,DISPATCH,UNIT_SCADA,1,"2019/08/19 21:40:00",JBUTTERS,137.629990
D,DISPATCH,UNIT_SCADA,1,"2019/08/19 21:40:00",JLA01,0.50
D,DISPATCH,UNIT_SCADA,1,"2019/08/19 21:40:00",JLA02,0
D,DISPATCH,UNIT_SCADA,1,"2019/08/19 21:40:00",JLA03,0.10
D,DISPATCH,UNIT_SCADA,1,"2019/08/19 21:40:00",JLA04,0.10
D,DISPATCH,UNIT_SCADA,1,"2019/08/19 21:40:00",JLB01,0
D,DISPATCH,UNIT_SCADA,1,"2019/08/19 21:40:00",JLB02,0.10
D,DISPATCH,UNIT_SCADA,1,"2019/08/19 21:40:00",JLB03,0
D,DISPATCH,UNIT_SCADA,1,"2019/08/19 21:40:00",KAREEYA1,21.5750
D,DISPATCH,UNIT_SCADA,1,"2019/08/19 21:40:00",KAREEYA2,21.8625
D,DISPATCH,UNIT_SCADA,1,"2019/08/19 21:40:00",KAREEYA3,0
D,DISPATCH,UNIT_SCADA,1,"2019/08/19 21:40:00",KAREEYA4,21.5725
D,DISPATCH,UNIT_SCADA,1,"2019/08/19 21:40:00",KARSF1,0
D,DISPATCH,UNIT_SCADA,1,"2019/08/19 21:40:00",KIATAWF1,29.80
D,DISPATCH,UNIT_SCADA,1,"2019/08/19 21:40:00",KPP_1,0
D,DISPATCH,UNIT_SCADA,1,"2019/08/19 21:40:00",KSP1,0
D,DISPATCH,UNIT_SCADA,1,"2019/08/19 21:40:00",LADBROK1,43.31
D,DISPATCH,UNIT_SCADA,1,"2019/08/19 21:40:00",LADBROK2,43.05
D,DISPATCH,UNIT_SCADA,1,"2019/08/19 21:40:00",LD01,415.387480
D,DISPATCH,UNIT_SCADA,1,"2019/08/19 21:40:00",LD02,421.162540
D,DISPATCH,UNIT_SCADA,1,"2019/08/19 21:40:00",LD03,418.893770
D,DISPATCH,UNIT_SCADA,1,"2019/08/19 21:40:00",LD04,378.506290
D,DISPATCH,UNIT_SCADA,1,"2019/08/19 21:40:00",LEM_WIL,82.460690
D,DISPATCH,UNIT_SCADA,1,"2019/08/19 21:40:00",LGAPWF1,1.80
D,DISPATCH,UNIT_SCADA,1,"2019/08/19 21:40:00",LILYSF1,0
D,DISPATCH,UNIT_SCADA,1,"2019/08/19 21:40:00",LI_WY_CA,142.235090
D,DISPATCH,UNIT_SCADA,1,"2019/08/19 21:40:00",LKBONNY2,139.355120
D,DISPATCH,UNIT_SCADA,1,"2019/08/19 21:40:00",LKBONNY3,35.5028
D,DISPATCH,UNIT_SCADA,1,"2019/08/19 21:40:00",LK_ECHO,0
D,DISPATCH,UNIT_SCADA,1,"2019/08/19 21:40:00",LNGS1,0
D,DISPATCH,UNIT_SCADA,1,"2019/08/19 21:40:00",LNGS2,0
D,DISPATCH,UNIT_SCADA,1,"2019/08/19 21:40:00",LONSDALE,0
D,DISPATCH,UNIT_SCADA,1,"2019/08/19 21:40:00",LOYYB1,531.577210
D,DISPATCH,UNIT_SCADA,1,"2019/08/19 21:40:00",LOYYB2,581.202510
D,DISPATCH,UNIT_SCADA,1,"2019/08/19 21:40:00",LYA1,559
D,DISPATCH,UNIT_SCADA,1,"2019/08/19 21:40:00",LYA2,0
D,DISPATCH,UNIT_SCADA,1,"2019/08/19 21:40:00",LYA3,558
D,DISPATCH,UNIT_SCADA,1,"2019/08/19 21:40:00",LYA4,540
D,DISPATCH,UNIT_SCADA,1,"2019/08/19 21:40:00",MACARTH1,196.195470
D,DISPATCH,UNIT_SCADA,1,"2019/08/19 21:40:00",MACKAYGT,0
D,DISPATCH,UNIT_SCADA,1,"2019/08/19 21:40:00",MACKNTSH,85.16
D,DISPATCH,UNIT_SCADA,1,"2019/08/19 21:40:00",MANSLR1,0
D,DISPATCH,UNIT_SCADA,1,"2019/08/19 21:40:00",MCKAY1,0.02
D,DISPATCH,UNIT_SCADA,1,"2019/08/19 21:40:00",MEADOWBK,34.038780
D,DISPATCH,UNIT_SCADA,1,"2019/08/19 21:40:00",MERCER01,119.2280
D,DISPATCH,UNIT_SCADA,1,"2019/08/19 21:40:00",MEWF1,147.513340
D,DISPATCH,UNIT_SCADA,1,"2019/08/19 21:40:00",MINTARO,0
D,DISPATCH,UNIT_SCADA,1,"2019/08/19 21:40:00",MOREESF1,0
D,DISPATCH,UNIT_SCADA,1,"2019/08/19 21:40:00",MORTLK11,126
D,DISPATCH,UNIT_SCADA,1,"2019/08/19 21:40:00",MORTLK12,0
D,DISPATCH,UNIT_SCADA,1,"2019/08/19 21:40:00",MP1,279.650020
D,DISPATCH,UNIT_SCADA,1,"2019/08/19 21:40:00",MP2,0
D,DISPATCH,UNIT_SCADA,1,"2019/08/19 21:40:00",MPP_1,429.75
D,DISPATCH,UNIT_SCADA,1,"2019/08/19 21:40:00",MPP_2,434.75
D,DISPATCH,UNIT_SCADA,1,"2019/08/19 21:40:00",MSTUART1,0
D,DISPATCH,UNIT_SCADA,1,"2019/08/19 21:40:00",MSTUART2,0
D,DISPATCH,UNIT_SCADA,1,"2019/08/19 21:40:00",MSTUART3,0
D,DISPATCH,UNIT_SCADA,1,"2019/08/19 21:40:00",MTGELWF1,64.206360
D,DISPATCH,UNIT_SCADA,1,"2019/08/19 21:40:00",MURRAY,0
D,DISPATCH,UNIT_SCADA,1,"2019/08/19 21:40:00",MUSSELR1,163.20
D,DISPATCH,UNIT_SCADA,1,"2019/08/19 21:40:00",MUWAWF1,41.13
D,DISPATCH,UNIT_SCADA,1,"2019/08/19 21:40:00",NBHWF1,40.50
D,DISPATCH,UNIT_SCADA,1,"2019/08/19 21:40:00",NPS,259.1250
D,DISPATCH,UNIT_SCADA,1,"2019/08/19 21:40:00",NUMURSF1,0
D,DISPATCH,UNIT_SCADA,1,"2019/08/19 21:40:00",NYNGAN1,0
D,DISPATCH,UNIT_SCADA,1,"2019/08/19 21:40:00",OAKEY1,0
D,DISPATCH,UNIT_SCADA,1,"2019/08/19 21:40:00",OAKEY1SF,0.05
D,DISPATCH,UNIT_SCADA,1,"2019/08/19 21:40:00",OAKEY2,0
D,DISPATCH,UNIT_SCADA,1,"2019/08/19 21:40:00",OAKLAND1,52
D,DISPATCH,UNIT_SCADA,1,"2019/08/19 21:40:00",OSB-AG,185.290010
D,DISPATCH,UNIT_SCADA,1,"2019/08/19 21:40:00",PARSF1,0
D,DISPATCH,UNIT_SCADA,1,"2019/08/19 21:40:00",POAT110,1.281680
D,DISPATCH,UNIT_SCADA,1,"2019/08/19 21:40:00",POAT220,49.950880
D,DISPATCH,UNIT_SCADA,1,"2019/08/19 21:40:00",POR01,0
D,DISPATCH,UNIT_SCADA,1,"2019/08/19 21:40:00",POR03,0
D,DISPATCH,UNIT_SCADA,1,"2019/08/19 21:40:00",PPCCGT,497.695770
D,DISPATCH,UNIT_SCADA,1,"2019/08/19 21:40:00",PTSTAN1,0
D,DISPATCH,UNIT_SCADA,1,"2019/08/19 21:40:00",PUMP1,0
D,DISPATCH,UNIT_SCADA,1,"2019/08/19 21:40:00",PUMP2,0
D,DISPATCH,UNIT_SCADA,1,"2019/08/19 21:40:00",QPS1,29
D,DISPATCH,UNIT_SCADA,1,"2019/08/19 21:40:00",QPS2,0
D,DISPATCH,UNIT_SCADA,1,"2019/08/19 21:40:00",QPS3,16
D,DISPATCH,UNIT_SCADA,1,"2019/08/19 21:40:00",QPS4,18
D,DISPATCH,UNIT_SCADA,1,"2019/08/19 21:40:00",QPS5,0
D,DISPATCH,UNIT_SCADA,1,"2019/08/19 21:40:00",REECE1,114.280010
D,DISPATCH,UNIT_SCADA,1,"2019/08/19 21:40:00",REECE2,113.940010
D,DISPATCH,UNIT_SCADA,1,"2019/08/19 21:40:00",ROMA_7,0
D,DISPATCH,UNIT_SCADA,1,"2019/08/19 21:40:00",ROMA_8,0
D,DISPATCH,UNIT_SCADA,1,"2019/08/19 21:40:00",RRSF1,0
D,DISPATCH,UNIT_SCADA,1,"2019/08/19 21:40:00",RT_NSW1,0
D,DISPATCH,UNIT_SCADA,1,"2019/08/19 21:40:00",RT_NSW2,0
D,DISPATCH,UNIT_SCADA,1,"2019/08/19 21:40:00",RT_NSW3,0
D,DISPATCH,UNIT_SCADA,1,"2019/08/19 21:40:00",RT_NSW4,0
D,DISPATCH,UNIT_SCADA,1,"2019/08/19 21:40:00",RT_NSW5,0
D,DISPATCH,UNIT_SCADA,1,"2019/08/19 21:40:00",RT_NSW6,0
D,DISPATCH,UNIT_SCADA,1,"2019/08/19 21:40:00",RT_QLD1,0
D,DISPATCH,UNIT_SCADA,1,"2019/08/19 21:40:00",RT_SA1,0
D,DISPATCH,UNIT_SCADA,1,"2019/08/19 21:40:00",RT_SA2,0
D,DISPATCH,UNIT_SCADA,1,"2019/08/19 21:40:00",RT_SA3,0
D,DISPATCH,UNIT_SCADA,1,"2019/08/19 21:40:00",RT_SA4,0
D,DISPATCH,UNIT_SCADA,1,"2019/08/19 21:40:00",RT_SA5,0
D,DISPATCH,UNIT_SCADA,1,"2019/08/19 21:40:00",RT_SA6,0
D,DISPATCH,UNIT_SCADA,1,"2019/08/19 21:40:00",RT_TAS1,0
D,DISPATCH,UNIT_SCADA,1,"2019/08/19 21:40:00",RT_VIC1,0
D,DISPATCH,UNIT_SCADA,1,"2019/08/19 21:40:00",RT_VIC10,0
D,DISPATCH,UNIT_SCADA,1,"2019/08/19 21:40:00",RT_VIC11,0
D,DISPATCH,UNIT_SCADA,1,"2019/08/19 21:40:00",RT_VIC12,0
D,DISPATCH,UNIT_SCADA,1,"2019/08/19 21:40:00",RT_VIC2,0
D,DISPATCH,UNIT_SCADA,1,"2019/08/19 21:40:00",RT_VIC3,0
D,DISPATCH,UNIT_SCADA,1,"2019/08/19 21:40:00",RT_VIC4,0
D,DISPATCH,UNIT_SCADA,1,"2019/08/19 21:40:00",RT_VIC5,0
D,DISPATCH,UNIT_SCADA,1,"2019/08/19 21:40:00",RT_VIC6,0
D,DISPATCH,UNIT_SCADA,1,"2019/08/19 21:40:00",RT_VIC7,0
D,DISPATCH,UNIT_SCADA,1,"2019/08/19 21:40:00",RT_VIC8,0
D,DISPATCH,UNIT_SCADA,1,"2019/08/19 21:40:00",RT_VIC9,0
D,DISPATCH,UNIT_SCADA,1,"2019/08/19 21:40:00",RUGBYR1,0
D,DISPATCH,UNIT_SCADA,1,"2019/08/19 21:40:00",SALTCRK1,31.43
D,DISPATCH,UNIT_SCADA,1,"2019/08/19 21:40:00",SAPHWF1,228.393740
D,DISPATCH,UNIT_SCADA,1,"2019/08/19 21:40:00",SHGEN,0
D,DISPATCH,UNIT_SCADA,1,"2019/08/19 21:40:00",SHPUMP,0
D,DISPATCH,UNIT_SCADA,1,"2019/08/19 21:40:00",SITHE01,0.123710
D,DISPATCH,UNIT_SCADA,1,"2019/08/19 21:40:00",SMCSF1,0
D,DISPATCH,UNIT_SCADA,1,"2019/08/19 21:40:00",SNOWNTH1,16.50
D,DISPATCH,UNIT_SCADA,1,"2019/08/19 21:40:00",SNOWSTH1,26.90
D,DISPATCH,UNIT_SCADA,1,"2019/08/19 21:40:00",SNOWTWN1,16.267810
D,DISPATCH,UNIT_SCADA,1,"2019/08/19 21:40:00",SNOWYP,0
D,DISPATCH,UNIT_SCADA,1,"2019/08/19 21:40:00",SNUG1,0.019440
D,DISPATCH,UNIT_SCADA,1,"2019/08/19 21:40:00",SRSF1,0.30
D,DISPATCH,UNIT_SCADA,1,"2019/08/19 21:40:00",STAN-1,0
D,DISPATCH,UNIT_SCADA,1,"2019/08/19 21:40:00",STAN-2,328.353580
D,DISPATCH,UNIT_SCADA,1,"2019/08/19 21:40:00",STAN-3,329.853270
D,DISPATCH,UNIT_SCADA,1,"2019/08/19 21:40:00",STAN-4,327.366610
D,DISPATCH,UNIT_SCADA,1,"2019/08/19 21:40:00",STWF1,51.806240
D,DISPATCH,UNIT_SCADA,1,"2019/08/19 21:40:00",SWAN_E,0
D,DISPATCH,UNIT_SCADA,1,"2019/08/19 21:40:00",TALWA1,423
D,DISPATCH,UNIT_SCADA,1,"2019/08/19 21:40:00",TARALGA1,91.957490
D,DISPATCH,UNIT_SCADA,1,"2019/08/19 21:40:00",TARONG#1,347.300020
D,DISPATCH,UNIT_SCADA,1,"2019/08/19 21:40:00",TARONG#2,347.399990
D,DISPATCH,UNIT_SCADA,1,"2019/08/19 21:40:00",TARONG#3,261
D,DISPATCH,UNIT_SCADA,1,"2019/08/19 21:40:00",TARONG#4,345.300020
D,DISPATCH,UNIT_SCADA,1,"2019/08/19 21:40:00",TARRALEA,78.90
D,DISPATCH,UNIT_SCADA,1,"2019/08/19 21:40:00",TBSF1,-0.20
D,DISPATCH,UNIT_SCADA,1,"2019/08/19 21:40:00",TNPS1,442.000030
D,DISPATCH,UNIT_SCADA,1,"2019/08/19 21:40:00",TORRA1,99.789290
D,DISPATCH,UNIT_SCADA,1,"2019/08/19 21:40:00",TORRA2,0
D,DISPATCH,UNIT_SCADA,1,"2019/08/19 21:40:00",TORRA3,52.574160
D,DISPATCH,UNIT_SCADA,1,"2019/08/19 21:40:00",TORRA4,0
D,DISPATCH,UNIT_SCADA,1,"2019/08/19 21:40:00",TORRB1,111.07
D,DISPATCH,UNIT_SCADA,1,"2019/08/19 21:40:00",TORRB2,190.899990
D,DISPATCH,UNIT_SCADA,1,"2019/08/19 21:40:00",TORRB3,0
D,DISPATCH,UNIT_SCADA,1,"2019/08/19 21:40:00",TORRB4,0
D,DISPATCH,UNIT_SCADA,1,"2019/08/19 21:40:00",TREVALLN,40.360020
D,DISPATCH,UNIT_SCADA,1,"2019/08/19 21:40:00",TRIBUTE,45.04
D,DISPATCH,UNIT_SCADA,1,"2019/08/19 21:40:00",TUMUT3,207.850010
D,DISPATCH,UNIT_SCADA,1,"2019/08/19 21:40:00",TUNGATIN,124.290030
D,DISPATCH,UNIT_SCADA,1,"2019/08/19 21:40:00",TVCC201,0
D,DISPATCH,UNIT_SCADA,1,"2019/08/19 21:40:00",TVPP104,57.963310
D,DISPATCH,UNIT_SCADA,1,"2019/08/19 21:40:00",UPPTUMUT,0
D,DISPATCH,UNIT_SCADA,1,"2019/08/19 21:40:00",URANQ11,0
D,DISPATCH,UNIT_SCADA,1,"2019/08/19 21:40:00",URANQ12,0
D,DISPATCH,UNIT_SCADA,1,"2019/08/19 21:40:00",URANQ13,0
D,DISPATCH,UNIT_SCADA,1,"2019/08/19 21:40:00",URANQ14,0
D,DISPATCH,UNIT_SCADA,1,"2019/08/19 21:40:00",VP5,559.825010
D,DISPATCH,UNIT_SCADA,1,"2019/08/19 21:40:00",VP6,550.974980
D,DISPATCH,UNIT_SCADA,1,"2019/08/19 21:40:00",VPGS1,0
D,DISPATCH,UNIT_SCADA,1,"2019/08/19 21:40:00",VPGS2,0
D,DISPATCH,UNIT_SCADA,1,"2019/08/19 21:40:00",VPGS3,0
D,DISPATCH,UNIT_SCADA,1,"2019/08/19 21:40:00",VPGS4,0
D,DISPATCH,UNIT_SCADA,1,"2019/08/19 21:40:00",VPGS5,0
D,DISPATCH,UNIT_SCADA,1,"2019/08/19 21:40:00",VPGS6,0
D,DISPATCH,UNIT_SCADA,1,"2019/08/19 21:40:00",W/HOE#1,201.39
D,DISPATCH,UNIT_SCADA,1,"2019/08/19 21:40:00",W/HOE#2,0
D,DISPATCH,UNIT_SCADA,1,"2019/08/19 21:40:00",WATERLWF,81.50
D,DISPATCH,UNIT_SCADA,1,"2019/08/19 21:40:00",WEMENSF1,0
D,DISPATCH,UNIT_SCADA,1,"2019/08/19 21:40:00",WGWF1,50.70
D,DISPATCH,UNIT_SCADA,1,"2019/08/19 21:40:00",WHITSF1,0
D,DISPATCH,UNIT_SCADA,1,"2019/08/19 21:40:00",WKIEWA1,14.90
D,DISPATCH,UNIT_SCADA,1,"2019/08/19 21:40:00",WKIEWA2,15.10
D,DISPATCH,UNIT_SCADA,1,"2019/08/19 21:40:00",WOODLWN1,45.0540
D,DISPATCH,UNIT_SCADA,1,"2019/08/19 21:40:00",WRSF1,0
D,DISPATCH,UNIT_SCADA,1,"2019/08/19 21:40:00",WRWF1,136.94
D,DISPATCH,UNIT_SCADA,1,"2019/08/19 21:40:00",YABULU,0
D,DISPATCH,UNIT_SCADA,1,"2019/08/19 21:40:00",YABULU2,0
D,DISPATCH,UNIT_SCADA,1,"2019/08/19 21:40:00",YARWUN_1,0
D,DISPATCH,UNIT_SCADA,1,"2019/08/19 21:40:00",YENDWF1,42.03
D,DISPATCH,UNIT_SCADA,1,"2019/08/19 21:40:00",YWPS1,362.906340
D,DISPATCH,UNIT_SCADA,1,"2019/08/19 21:40:00",YWPS2,282.202550
D,DISPATCH,UNIT_SCADA,1,"2019/08/19 21:40:00",YWPS3,0
D,DISPATCH,UNIT_SCADA,1,"2019/08/19 21:40:00",YWPS4,394.955690
C,"END OF REPORT",334
