C,NEMP.WORLD,DISPATCHSCADA,AEMO,PUBLIC,2019/08/21,06:05:09,0000000311814650,DISPATCHSCADA,0000000311814644
I,DISPATCH,UNIT_SCADA,1,SETTLEMENTDATE,DUID,SCADAVALUE
D,DISPATCH,UNIT_SCADA,1,"2019/08/21 06:10:00",BARCSF1,0.50
D,DISPATCH,UNIT_SCADA,1,"2019/08/21 06:10:00",BUTLERSG,9.699999
D,DISPATCH,UNIT_SCADA,1,"2019/08/21 06:10:00",CALL_A_4,0
D,DISPATCH,UNIT_SCADA,1,"2019/08/21 06:10:00",CAPTL_WF,119.539993
D,DISPATCH,UNIT_SCADA,1,"2019/08/21 06:10:00",CATHROCK,40.729996
D,DISPATCH,UNIT_SCADA,1,"2019/08/21 06:10:00",CHALLHWF,42.50
D,DISPATCH,UNIT_SCADA,1,"2019/08/21 06:10:00",CLOVER,-0.02
D,DISPATCH,UNIT_SCADA,1,"2019/08/21 06:10:00",CLUNY,20.326391
D,DISPATCH,UNIT_SCADA,1,"2019/08/21 06:10:00",CNUNDAWF,40.447182
D,DISPATCH,UNIT_SCADA,1,"2019/08/21 06:10:00",CULLRGWF,28.290001
D,DISPATCH,UNIT_SCADA,1,"2019/08/21 06:10:00",ERGT01,0
D,DISPATCH,UNIT_SCADA,1,"2019/08/21 06:10:00",GB01,0.057495
D,DISPATCH,UNIT_SCADA,1,"2019/08/21 06:10:00",GERMCRK,36.900002
D,DISPATCH,UNIT_SCADA,1,"2019/08/21 06:10:00",GRIFSF1,0
D,DISPATCH,UNIT_SCADA,1,"2019/08/21 06:10:00",HUGSF1,-0.2040
D,DISPATCH,UNIT_SCADA,1,"2019/08/21 06:10:00",LKBONNY1,71.804726
D,DISPATCH,UNIT_SCADA,1,"2019/08/21 06:10:00",LRSF1,0.0290
D,DISPATCH,UNIT_SCADA,1,"2019/08/21 06:10:00",MBAHNTH,55.856247
D,DISPATCH,UNIT_SCADA,1,"2019/08/21 06:10:00",MLSP1,0.283001
D,DISPATCH,UNIT_SCADA,1,"2019/08/21 06:10:00",MLWF1,16.5450
D,DISPATCH,UNIT_SCADA,1,"2019/08/21 06:10:00",MTMILLAR,25.739496
D,DISPATCH,UNIT_SCADA,1,"2019/08/21 06:10:00",PALOONA,27.059999
D,DISPATCH,UNIT_SCADA,1,"2019/08/21 06:10:00",PIONEER,38.200001
D,DISPATCH,UNIT_SCADA,1,"2019/08/21 06:10:00",PORTWF,136
D,DISPATCH,UNIT_SCADA,1,"2019/08/21 06:10:00",REPULSE,29.196613
D,DISPATCH,UNIT_SCADA,1,"2019/08/21 06:10:00",ROWALLAN,10.2950
D,DISPATCH,UNIT_SCADA,1,"2019/08/21 06:10:00",ROYALLA1,0
D,DISPATCH,UNIT_SCADA,1,"2019/08/21 06:10:00",RPCG,13
D,DISPATCH,UNIT_SCADA,1,"2019/08/21 06:10:00",RUBICON,0
D,DISPATCH,UNIT_SCADA,1,"2019/08/21 06:10:00",SATGN1,0
D,DISPATCH,UNIT_SCADA,1,"2019/08/21 06:10:00",SATGS1,0
D,DISPATCH,UNIT_SCADA,1,"2019/08/21 06:10:00",STARHLWF,8.697464
D,DISPATCH,UNIT_SCADA,1,"2019/08/21 06:10:00",WAUBRAWF,178.604996
D,DISPATCH,UNIT_SCADA,1,"2019/08/21 06:10:00",WOOLNTH1,20.630016
D,DISPATCH,UNIT_SCADA,1,"2019/08/21 06:10:00",WPWF,34
D,DISPATCH,UNIT_SCADA,1,"2019/08/21 06:10:00",YAMBUKWF,29.200001
D,DISPATCH,UNIT_SCADA,1,"2019/08/21 06:10:00",YSWF1,28.60
D,DISPATCH,UNIT_SCADA,1,"2019/08/21 06:10:00",AGLHAL,0
D,DISPATCH,UNIT_SCADA,1,"2019/08/21 06:10:00",AGLSOM,0
D,DISPATCH,UNIT_SCADA,1,"2019/08/21 06:10:00",ANGAST1,0
D,DISPATCH,UNIT_SCADA,1,"2019/08/21 06:10:00",ARWF1,121.500010
D,DISPATCH,UNIT_SCADA,1,"2019/08/21 06:10:00",BALBG1,5.62
D,DISPATCH,UNIT_SCADA,1,"2019/08/21 06:10:00",BALBL1,0
D,DISPATCH,UNIT_SCADA,1,"2019/08/21 06:10:00",BALDHWF1,70.199010
D,DISPATCH,UNIT_SCADA,1,"2019/08/21 06:10:00",BANN1,0
D,DISPATCH,UNIT_SCADA,1,"2019/08/21 06:10:00",BARCALDN,0
D,DISPATCH,UNIT_SCADA,1,"2019/08/21 06:10:00",BARRON-1,0
D,DISPATCH,UNIT_SCADA,1,"2019/08/21 06:10:00",BARRON-2,0
D,DISPATCH,UNIT_SCADA,1,"2019/08/21 06:10:00",BASTYAN,24.12
D,DISPATCH,UNIT_SCADA,1,"2019/08/21 06:10:00",BBTHREE1,-1.92
D,DISPATCH,UNIT_SCADA,1,"2019/08/21 06:10:00",BBTHREE2,-1.86
D,DISPATCH,UNIT_SCADA,1,"2019/08/21 06:10:00",BBTHREE3,0
D,DISPATCH,UNIT_SCADA,1,"2019/08/21 06:10:00",BDL01,0
D,DISPATCH,UNIT_SCADA,1,"2019/08/21 06:10:00",BDL02,0
D,DISPATCH,UNIT_SCADA,1,"2019/08/21 06:10:00",BERYLSF1,0
D,DISPATCH,UNIT_SCADA,1,"2019/08/21 06:10:00",BLOWERNG,0
D,DISPATCH,UNIT_SCADA,1,"2019/08/21 06:10:00",BLUFF1,47.50
D,DISPATCH,UNIT_SCADA,1,"2019/08/21 06:10:00",BNGSF1,0
D,DISPATCH,UNIT_SCADA,1,"2019/08/21 06:10:00",BNGSF2,0
D,DISPATCH,UNIT_SCADA,1,"2019/08/21 06:10:00",BOCORWF1,101.94
D,DISPATCH,UNIT_SCADA,1,"2019/08/21 06:10:00",BODWF1,67.550420
D,DISPATCH,UNIT_SCADA,1,"2019/08/21 06:10:00",BRAEMAR1,0
D,DISPATCH,UNIT_SCADA,1,"2019/08/21 06:10:00",BRAEMAR2,0
D,DISPATCH,UNIT_SCADA,1,"2019/08/21 06:10:00",BRAEMAR3,0
D,DISPATCH,UNIT_SCADA,1,"2019/08/21 06:10:00",BRAEMAR5,0
D,DISPATCH,UNIT_SCADA,1,"2019/08/21 06:10:00",BRAEMAR6,0
D,DISPATCH,UNIT_SCADA,1,"2019/08/21 06:10:00",BRAEMAR7,0
D,DISPATCH,UNIT_SCADA,1,"2019/08/21 06:10:00",BROKENH1,0
D,DISPATCH,UNIT_SCADA,1,"2019/08/21 06:10:00",BW01,579.400020
D,DISPATCH,UNIT_SCADA,1,"2019/08/21 06:10:00",BW02,629.175050
D,DISPATCH,UNIT_SCADA,1,"2019/08/21 06:10:00",BW03,632.150020
D,DISPATCH,UNIT_SCADA,1,"2019/08/21 06:10:00",BW04,0
D,DISPATCH,UNIT_SCADA,1,"2019/08/21 06:10:00",CALL_B_1,349.800020
D,DISPATCH,UNIT_SCADA,1,"2019/08/21 06:10:00",CALL_B_2,285.200010
D,DISPATCH,UNIT_SCADA,1,"2019/08/21 06:10:00",CETHANA,93.334630
D,DISPATCH,UNIT_SCADA,1,"2019/08/21 06:10:00",CG1,0
D,DISPATCH,UNIT_SCADA,1,"2019/08/21 06:10:00",CG2,0
D,DISPATCH,UNIT_SCADA,1,"2019/08/21 06:10:00",CG3,0
D,DISPATCH,UNIT_SCADA,1,"2019/08/21 06:10:00",CG4,0
D,DISPATCH,UNIT_SCADA,1,"2019/08/21 06:10:00",CHILDSF1,0
D,DISPATCH,UNIT_SCADA,1,"2019/08/21 06:10:00",CLARESF1,0
D,DISPATCH,UNIT_SCADA,1,"2019/08/21 06:10:00",CLEMGPWF,4.538210
D,DISPATCH,UNIT_SCADA,1,"2019/08/21 06:10:00",CLERMSF1,0
D,DISPATCH,UNIT_SCADA,1,"2019/08/21 06:10:00",COLEASF1,0
D,DISPATCH,UNIT_SCADA,1,"2019/08/21 06:10:00",COOPGWF1,37.797510
D,DISPATCH,UNIT_SCADA,1,"2019/08/21 06:10:00",CPP_3,403.975010
D,DISPATCH,UNIT_SCADA,1,"2019/08/21 06:10:00",CPP_4,407.274990
D,DISPATCH,UNIT_SCADA,1,"2019/08/21 06:10:00",CPSA,142.846880
D,DISPATCH,UNIT_SCADA,1,"2019/08/21 06:10:00",CROOKWF2,78.953750
D,DISPATCH,UNIT_SCADA,1,"2019/08/21 06:10:00",CROWLWF1,33.330180
D,DISPATCH,UNIT_SCADA,1,"2019/08/21 06:10:00",CSPVPS1,0
D,DISPATCH,UNIT_SCADA,1,"2019/08/21 06:10:00",DALNTH01,0
D,DISPATCH,UNIT_SCADA,1,"2019/08/21 06:10:00",DALNTHL1,0.099180
D,DISPATCH,UNIT_SCADA,1,"2019/08/21 06:10:00",DARTM1,0
D,DISPATCH,UNIT_SCADA,1,"2019/08/21 06:10:00",DAYDSF1,0
D,DISPATCH,UNIT_SCADA,1,"2019/08/21 06:10:00",DDPS1,0
D,DISPATCH,UNIT_SCADA,1,"2019/08/21 06:10:00",DDSF1,0
D,DISPATCH,UNIT_SCADA,1,"2019/08/21 06:10:00",DEVILS_G,63.485820
D,DISPATCH,UNIT_SCADA,1,"2019/08/21 06:10:00",DG_NSW1,0
D,DISPATCH,UNIT_SCADA,1,"2019/08/21 06:10:00",DG_QLD1,0
D,DISPATCH,UNIT_SCADA,1,"2019/08/21 06:10:00",DG_SA1,0
D,DISPATCH,UNIT_SCADA,1,"2019/08/21 06:10:00",DG_TAS1,0
D,DISPATCH,UNIT_SCADA,1,"2019/08/21 06:10:00",DG_VIC1,0
D,DISPATCH,UNIT_SCADA,1,"2019/08/21 06:10:00",DRYCGT1,0
D,DISPATCH,UNIT_SCADA,1,"2019/08/21 06:10:00",DRYCGT2,0
D,DISPATCH,UNIT_SCADA,1,"2019/08/21 06:10:00",DRYCGT3,0
D,DISPATCH,UNIT_SCADA,1,"2019/08/21 06:10:00",EILDON1,0
D,DISPATCH,UNIT_SCADA,1,"2019/08/21 06:10:00",EILDON2,0
D,DISPATCH,UNIT_SCADA,1,"2019/08/21 06:10:00",EMERASF1,0
D,DISPATCH,UNIT_SCADA,1,"2019/08/21 06:10:00",ER01,536.950070
D,DISPATCH,UNIT_SCADA,1,"2019/08/21 06:10:00",ER02,537.974980
D,DISPATCH,UNIT_SCADA,1,"2019/08/21 06:10:00",ER03,698.099980
D,DISPATCH,UNIT_SCADA,1,"2019/08/21 06:10:00",ER04,538.025020
D,DISPATCH,UNIT_SCADA,1,"2019/08/21 06:10:00",FINLYSF1,0
D,DISPATCH,UNIT_SCADA,1,"2019/08/21 06:10:00",FISHER,44.45
D,DISPATCH,UNIT_SCADA,1,"2019/08/21 06:10:00",GANNBG1,16.1472
D,DISPATCH,UNIT_SCADA,1,"2019/08/21 06:10:00",GANNBL1,0
D,DISPATCH,UNIT_SCADA,1,"2019/08/21 06:10:00",GANNSF1,0
D,DISPATCH,UNIT_SCADA,1,"2019/08/21 06:10:00",GORDON,0
D,DISPATCH,UNIT_SCADA,1,"2019/08/21 06:10:00",GSTONE1,190.05
D,DISPATCH,UNIT_SCADA,1,"2019/08/21 06:10:00",GSTONE2,194.0750
D,DISPATCH,UNIT_SCADA,1,"2019/08/21 06:10:00",GSTONE3,168.524990
D,DISPATCH,UNIT_SCADA,1,"2019/08/21 06:10:00",GSTONE4,186.3750
D,DISPATCH,UNIT_SCADA,1,"2019/08/21 06:10:00",GSTONE5,192.50
D,DISPATCH,UNIT_SCADA,1,"2019/08/21 06:10:00",GSTONE6,0
D,DISPATCH,UNIT_SCADA,1,"2019/08/21 06:10:00",GULLRSF1,0
D,DISPATCH,UNIT_SCADA,1,"2019/08/21 06:10:00",GULLRWF1,159.503630
D,DISPATCH,UNIT_SCADA,1,"2019/08/21 06:10:00",GUNNING1,46.154850
D,DISPATCH,UNIT_SCADA,1,"2019/08/21 06:10:00",GUTHEGA,0
D,DISPATCH,UNIT_SCADA,1,"2019/08/21 06:10:00",HALLWF1,68.51
D,DISPATCH,UNIT_SCADA,1,"2019/08/21 06:10:00",HALLWF2,58.13
D,DISPATCH,UNIT_SCADA,1,"2019/08/21 06:10:00",HAMISF1,0
D,DISPATCH,UNIT_SCADA,1,"2019/08/21 06:10:00",HAUGHT11,0
D,DISPATCH,UNIT_SCADA,1,"2019/08/21 06:10:00",HAYMSF1,0
D,DISPATCH,UNIT_SCADA,1,"2019/08/21 06:10:00",HDWF1,72.60
D,DISPATCH,UNIT_SCADA,1,"2019/08/21 06:10:00",HDWF2,53.80
D,DISPATCH,UNIT_SCADA,1,"2019/08/21 06:10:00",HDWF3,64.10
D,DISPATCH,UNIT_SCADA,1,"2019/08/21 06:10:00",HPRG1,18.90
D,DISPATCH,UNIT_SCADA,1,"2019/08/21 06:10:00",HPRL1,0
D,DISPATCH,UNIT_SCADA,1,"2019/08/21 06:10:00",HUMENSW,0
D,DISPATCH,UNIT_SCADA,1,"2019/08/21 06:10:00",HUMEV,9.50
D,DISPATCH,UNIT_SCADA,1,"2019/08/21 06:10:00",HVGTS,0
D,DISPATCH,UNIT_SCADA,1,"2019/08/21 06:10:00",JBUTTERS,52.77
D,DISPATCH,UNIT_SCADA,1,"2019/08/21 06:10:00",JLA01,0.50
D,DISPATCH,UNIT_SCADA,1,"2019/08/21 06:10:00",JLA02,0
D,DISPATCH,UNIT_SCADA,1,"2019/08/21 06:10:00",JLA03,0.10
D,DISPATCH,UNIT_SCADA,1,"2019/08/21 06:10:00",JLA04,0.10
D,DISPATCH,UNIT_SCADA,1,"2019/08/21 06:10:00",JLB01,0
D,DISPATCH,UNIT_SCADA,1,"2019/08/21 06:10:00",JLB02,0.10
D,DISPATCH,UNIT_SCADA,1,"2019/08/21 06:10:00",JLB03,0
D,DISPATCH,UNIT_SCADA,1,"2019/08/21 06:10:00",KAREEYA1,21.5275
D,DISPATCH,UNIT_SCADA,1,"2019/08/21 06:10:00",KAREEYA2,22.0750
D,DISPATCH,UNIT_SCADA,1,"2019/08/21 06:10:00",KAREEYA3,0
D,DISPATCH,UNIT_SCADA,1,"2019/08/21 06:10:00",KAREEYA4,21.7125
D,DISPATCH,UNIT_SCADA,1,"2019/08/21 06:10:00",KARSF1,0
D,DISPATCH,UNIT_SCADA,1,"2019/08/21 06:10:00",KIATAWF1,30.70
D,DISPATCH,UNIT_SCADA,1,"2019/08/21 06:10:00",KPP_1,0
D,DISPATCH,UNIT_SCADA,1,"2019/08/21 06:10:00",KSP1,0
D,DISPATCH,UNIT_SCADA,1,"2019/08/21 06:10:00",LADBROK1,0
D,DISPATCH,UNIT_SCADA,1,"2019/08/21 06:10:00",LADBROK2,0
D,DISPATCH,UNIT_SCADA,1,"2019/08/21 06:10:00",LD01,352.293820
D,DISPATCH,UNIT_SCADA,1,"2019/08/21 06:10:00",LD02,355.593750
D,DISPATCH,UNIT_SCADA,1,"2019/08/21 06:10:00",LD03,368.981230
D,DISPATCH,UNIT_SCADA,1,"2019/08/21 06:10:00",LD04,358.893770
D,DISPATCH,UNIT_SCADA,1,"2019/08/21 06:10:00",LEM_WIL,85.7897
D,DISPATCH,UNIT_SCADA,1,"2019/08/21 06:10:00",LGAPWF1,8.58
D,DISPATCH,UNIT_SCADA,1,"2019/08/21 06:10:00",LILYSF1,0
D,DISPATCH,UNIT_SCADA,1,"2019/08/21 06:10:00",LI_WY_CA,147.609770
D,DISPATCH,UNIT_SCADA,1,"2019/08/21 06:10:00",LKBONNY2,136.4082
D,DISPATCH,UNIT_SCADA,1,"2019/08/21 06:10:00",LKBONNY3,33.883960
D,DISPATCH,UNIT_SCADA,1,"2019/08/21 06:10:00",LK_ECHO,0
D,DISPATCH,UNIT_SCADA,1,"2019/08/21 06:10:00",LNGS1,0
D,DISPATCH,UNIT_SCADA,1,"2019/08/21 06:10:00",LNGS2,0
D,DISPATCH,UNIT_SCADA,1,"2019/08/21 06:10:00",LONSDALE,0
D,DISPATCH,UNIT_SCADA,1,"2019/08/21 06:10:00",LOYYB1,536.088620
D,DISPATCH,UNIT_SCADA,1,"2019/08/21 06:10:00",LOYYB2,581.578490
D,DISPATCH,UNIT_SCADA,1,"2019/08/21 06:10:00",LYA1,521
D,DISPATCH,UNIT_SCADA,1,"2019/08/21 06:10:00",LYA2,0
D,DISPATCH,UNIT_SCADA,1,"2019/08/21 06:10:00",LYA3,562
D,DISPATCH,UNIT_SCADA,1,"2019/08/21 06:10:00",LYA4,539
D,DISPATCH,UNIT_SCADA,1,"2019/08/21 06:10:00",MACARTH1,305.692930
D,DISPATCH,UNIT_SCADA,1,"2019/08/21 06:10:00",MACKAYGT,0
D,DISPATCH,UNIT_SCADA,1,"2019/08/21 06:10:00",MACKNTSH,24.93
D,DISPATCH,UNIT_SCADA,1,"2019/08/21 06:10:00",MANSLR1,0
D,DISPATCH,UNIT_SCADA,1,"2019/08/21 06:10:00",MCKAY1,0.02
D,DISPATCH,UNIT_SCADA,1,"2019/08/21 06:10:00",MEADOWBK,33.981620
D,DISPATCH,UNIT_SCADA,1,"2019/08/21 06:10:00",MERCER01,129.8690
D,DISPATCH,UNIT_SCADA,1,"2019/08/21 06:10:00",MEWF1,117.850110
D,DISPATCH,UNIT_SCADA,1,"2019/08/21 06:10:00",MINTARO,0
D,DISPATCH,UNIT_SCADA,1,"2019/08/21 06:10:00",MOREESF1,0
D,DISPATCH,UNIT_SCADA,1,"2019/08/21 06:10:00",MORTLK11,0
D,DISPATCH,UNIT_SCADA,1,"2019/08/21 06:10:00",MORTLK12,0
D,DISPATCH,UNIT_SCADA,1,"2019/08/21 06:10:00",MP1,277.800050
D,DISPATCH,UNIT_SCADA,1,"2019/08/21 06:10:00",MP2,0
D,DISPATCH,UNIT_SCADA,1,"2019/08/21 06:10:00",MPP_1,401.75
D,DISPATCH,UNIT_SCADA,1,"2019/08/21 06:10:00",MPP_2,435.25
D,DISPATCH,UNIT_SCADA,1,"2019/08/21 06:10:00",MSTUART1,0
D,DISPATCH,UNIT_SCADA,1,"2019/08/21 06:10:00",MSTUART2,0
D,DISPATCH,UNIT_SCADA,1,"2019/08/21 06:10:00",MSTUART3,0
D,DISPATCH,UNIT_SCADA,1,"2019/08/21 06:10:00",MTGELWF1,64.424580
D,DISPATCH,UNIT_SCADA,1,"2019/08/21 06:10:00",MURRAY,0
D,DISPATCH,UNIT_SCADA,1,"2019/08/21 06:10:00",MUSSELR1,163
D,DISPATCH,UNIT_SCADA,1,"2019/08/21 06:10:00",MUWAWF1,54.75
D,DISPATCH,UNIT_SCADA,1,"2019/08/21 06:10:00",NBHWF1,61.30
D,DISPATCH,UNIT_SCADA,1,"2019/08/21 06:10:00",NPS,0
D,DISPATCH,UNIT_SCADA,1,"2019/08/21 06:10:00",NUMURSF1,0
D,DISPATCH,UNIT_SCADA,1,"2019/08/21 06:10:00",NYNGAN1,0
D,DISPATCH,UNIT_SCADA,1,"2019/08/21 06:10:00",OAKEY1,0
D,DISPATCH,UNIT_SCADA,1,"2019/08/21 06:10:00",OAKEY1SF,0
D,DISPATCH,UNIT_SCADA,1,"2019/08/21 06:10:00",OAKEY2,0
D,DISPATCH,UNIT_SCADA,1,"2019/08/21 06:10:00",OAKLAND1,57.60
D,DISPATCH,UNIT_SCADA,1,"2019/08/21 06:10:00",OSB-AG,0
D,DISPATCH,UNIT_SCADA,1,"2019/08/21 06:10:00",PARSF1,0
D,DISPATCH,UNIT_SCADA,1,"2019/08/21 06:10:00",POAT110,0
D,DISPATCH,UNIT_SCADA,1,"2019/08/21 06:10:00",POAT220,57.565440
D,DISPATCH,UNIT_SCADA,1,"2019/08/21 06:10:00",POR01,0
D,DISPATCH,UNIT_SCADA,1,"2019/08/21 06:10:00",POR03,0
D,DISPATCH,UNIT_SCADA,1,"2019/08/21 06:10:00",PPCCGT,173.5522
D,DISPATCH,UNIT_SCADA,1,"2019/08/21 06:10:00",PTSTAN1,0
D,DISPATCH,UNIT_SCADA,1,"2019/08/21 06:10:00",PUMP1,0
D,DISPATCH,UNIT_SCADA,1,"2019/08/21 06:10:00",PUMP2,0
D,DISPATCH,UNIT_SCADA,1,"2019/08/21 06:10:00",QPS1,0
D,DISPATCH,UNIT_SCADA,1,"2019/08/21 06:10:00",QPS2,0
D,DISPATCH,UNIT_SCADA,1,"2019/08/21 06:10:00",QPS3,0
D,DISPATCH,UNIT_SCADA,1,"2019/08/21 06:10:00",QPS4,0
D,DISPATCH,UNIT_SCADA,1,"2019/08/21 06:10:00",QPS5,0
D,DISPATCH,UNIT_SCADA,1,"2019/08/21 06:10:00",REECE1,84.66
D,DISPATCH,UNIT_SCADA,1,"2019/08/21 06:10:00",REECE2,44.03
D,DISPATCH,UNIT_SCADA,1,"2019/08/21 06:10:00",ROMA_7,0
D,DISPATCH,UNIT_SCADA,1,"2019/08/21 06:10:00",ROMA_8,0
D,DISPATCH,UNIT_SCADA,1,"2019/08/21 06:10:00",RRSF1,0
D,DISPATCH,UNIT_SCADA,1,"2019/08/21 06:10:00",RT_NSW1,0
D,DISPATCH,UNIT_SCADA,1,"2019/08/21 06:10:00",RT_NSW2,0
D,DISPATCH,UNIT_SCADA,1,"2019/08/21 06:10:00",RT_NSW3,0
D,DISPATCH,UNIT_SCADA,1,"2019/08/21 06:10:00",RT_NSW4,0
D,DISPATCH,UNIT_SCADA,1,"2019/08/21 06:10:00",RT_NSW5,0
D,DISPATCH,UNIT_SCADA,1,"2019/08/21 06:10:00",RT_NSW6,0
D,DISPATCH,UNIT_SCADA,1,"2019/08/21 06:10:00",RT_QLD1,0
D,DISPATCH,UNIT_SCADA,1,"2019/08/21 06:10:00",RT_SA1,0
D,DISPATCH,UNIT_SCADA,1,"2019/08/21 06:10:00",RT_SA2,0
D,DISPATCH,UNIT_SCADA,1,"2019/08/21 06:10:00",RT_SA3,0
D,DISPATCH,UNIT_SCADA,1,"2019/08/21 06:10:00",RT_SA4,0
D,DISPATCH,UNIT_SCADA,1,"2019/08/21 06:10:00",RT_SA5,0
D,DISPATCH,UNIT_SCADA,1,"2019/08/21 06:10:00",RT_SA6,0
D,DISPATCH,UNIT_SCADA,1,"2019/08/21 06:10:00",RT_TAS1,0
D,DISPATCH,UNIT_SCADA,1,"2019/08/21 06:10:00",RT_VIC1,0
D,DISPATCH,UNIT_SCADA,1,"2019/08/21 06:10:00",RT_VIC10,0
D,DISPATCH,UNIT_SCADA,1,"2019/08/21 06:10:00",RT_VIC11,0
D,DISPATCH,UNIT_SCADA,1,"2019/08/21 06:10:00",RT_VIC12,0
D,DISPATCH,UNIT_SCADA,1,"2019/08/21 06:10:00",RT_VIC2,0
D,DISPATCH,UNIT_SCADA,1,"2019/08/21 06:10:00",RT_VIC3,0
D,DISPATCH,UNIT_SCADA,1,"2019/08/21 06:10:00",RT_VIC4,0
D,DISPATCH,UNIT_SCADA,1,"2019/08/21 06:10:00",RT_VIC5,0
D,DISPATCH,UNIT_SCADA,1,"2019/08/21 06:10:00",RT_VIC6,0
D,DISPATCH,UNIT_SCADA,1,"2019/08/21 06:10:00",RT_VIC7,0
D,DISPATCH,UNIT_SCADA,1,"2019/08/21 06:10:00",RT_VIC8,0
D,DISPATCH,UNIT_SCADA,1,"2019/08/21 06:10:00",RT_VIC9,0
D,DISPATCH,UNIT_SCADA,1,"2019/08/21 06:10:00",RUGBYR1,0
D,DISPATCH,UNIT_SCADA,1,"2019/08/21 06:10:00",SALTCRK1,45.37
D,DISPATCH,UNIT_SCADA,1,"2019/08/21 06:10:00",SAPHWF1,167.8031
D,DISPATCH,UNIT_SCADA,1,"2019/08/21 06:10:00",SHGEN,0
D,DISPATCH,UNIT_SCADA,1,"2019/08/21 06:10:00",SHPUMP,0
D,DISPATCH,UNIT_SCADA,1,"2019/08/21 06:10:00",SITHE01,0.133760
D,DISPATCH,UNIT_SCADA,1,"2019/08/21 06:10:00",SMCSF1,0
D,DISPATCH,UNIT_SCADA,1,"2019/08/21 06:10:00",SNOWNTH1,98.90
D,DISPATCH,UNIT_SCADA,1,"2019/08/21 06:10:00",SNOWSTH1,89.10
D,DISPATCH,UNIT_SCADA,1,"2019/08/21 06:10:00",SNOWTWN1,68.728950
D,DISPATCH,UNIT_SCADA,1,"2019/08/21 06:10:00",SNOWYP,0
D,DISPATCH,UNIT_SCADA,1,"2019/08/21 06:10:00",SNUG1,0.019440
D,DISPATCH,UNIT_SCADA,1,"2019/08/21 06:10:00",SRSF1,0.07
D,DISPATCH,UNIT_SCADA,1,"2019/08/21 06:10:00",STAN-1,0
D,DISPATCH,UNIT_SCADA,1,"2019/08/21 06:10:00",STAN-2,251.485230
D,DISPATCH,UNIT_SCADA,1,"2019/08/21 06:10:00",STAN-3,251.549330
D,DISPATCH,UNIT_SCADA,1,"2019/08/21 06:10:00",STAN-4,243.358750
D,DISPATCH,UNIT_SCADA,1,"2019/08/21 06:10:00",STWF1,119.790010
D,DISPATCH,UNIT_SCADA,1,"2019/08/21 06:10:00",SWAN_E,0
D,DISPATCH,UNIT_SCADA,1,"2019/08/21 06:10:00",TALWA1,300
D,DISPATCH,UNIT_SCADA,1,"2019/08/21 06:10:00",TARALGA1,91.087490
D,DISPATCH,UNIT_SCADA,1,"2019/08/21 06:10:00",TARONG#1,316.300020
D,DISPATCH,UNIT_SCADA,1,"2019/08/21 06:10:00",TARONG#2,115.90
D,DISPATCH,UNIT_SCADA,1,"2019/08/21 06:10:00",TARONG#3,260
D,DISPATCH,UNIT_SCADA,1,"2019/08/21 06:10:00",TARONG#4,317.700010
D,DISPATCH,UNIT_SCADA,1,"2019/08/21 06:10:00",TARRALEA,85.10
D,DISPATCH,UNIT_SCADA,1,"2019/08/21 06:10:00",TBSF1,-0.20
D,DISPATCH,UNIT_SCADA,1,"2019/08/21 06:10:00",TNPS1,412.000030
D,DISPATCH,UNIT_SCADA,1,"2019/08/21 06:10:00",TORRA1,42.960290
D,DISPATCH,UNIT_SCADA,1,"2019/08/21 06:10:00",TORRA2,0
D,DISPATCH,UNIT_SCADA,1,"2019/08/21 06:10:00",TORRA3,0
D,DISPATCH,UNIT_SCADA,1,"2019/08/21 06:10:00",TORRA4,0
D,DISPATCH,UNIT_SCADA,1,"2019/08/21 06:10:00",TORRB1,39.65
D,DISPATCH,UNIT_SCADA,1,"2019/08/21 06:10:00",TORRB2,40.31
D,DISPATCH,UNIT_SCADA,1,"2019/08/21 06:10:00",TORRB3,0
D,DISPATCH,UNIT_SCADA,1,"2019/08/21 06:10:00",TORRB4,0
D,DISPATCH,UNIT_SCADA,1,"2019/08/21 06:10:00",TREVALLN,17.90
D,DISPATCH,UNIT_SCADA,1,"2019/08/21 06:10:00",TRIBUTE,44.98
D,DISPATCH,UNIT_SCADA,1,"2019/08/21 06:10:00",TUMUT3,0
D,DISPATCH,UNIT_SCADA,1,"2019/08/21 06:10:00",TUNGATIN,54.090030
D,DISPATCH,UNIT_SCADA,1,"2019/08/21 06:10:00",TVCC201,0
D,DISPATCH,UNIT_SCADA,1,"2019/08/21 06:10:00",TVPP104,0
D,DISPATCH,UNIT_SCADA,1,"2019/08/21 06:10:00",UPPTUMUT,0
D,DISPATCH,UNIT_SCADA,1,"2019/08/21 06:10:00",URANQ11,0
D,DISPATCH,UNIT_SCADA,1,"2019/08/21 06:10:00",URANQ12,0
D,DISPATCH,UNIT_SCADA,1,"2019/08/21 06:10:00",URANQ13,0
D,DISPATCH,UNIT_SCADA,1,"2019/08/21 06:10:00",URANQ14,0
D,DISPATCH,UNIT_SCADA,1,"2019/08/21 06:10:00",VP5,448.050020
D,DISPATCH,UNIT_SCADA,1,"2019/08/21 06:10:00",VP6,456.050020
D,DISPATCH,UNIT_SCADA,1,"2019/08/21 06:10:00",VPGS1,0
D,DISPATCH,UNIT_SCADA,1,"2019/08/21 06:10:00",VPGS2,0
D,DISPATCH,UNIT_SCADA,1,"2019/08/21 06:10:00",VPGS3,0
D,DISPATCH,UNIT_SCADA,1,"2019/08/21 06:10:00",VPGS4,0
D,DISPATCH,UNIT_SCADA,1,"2019/08/21 06:10:00",VPGS5,0
D,DISPATCH,UNIT_SCADA,1,"2019/08/21 06:10:00",VPGS6,0
D,DISPATCH,UNIT_SCADA,1,"2019/08/21 06:10:00",W/HOE#1,0
D,DISPATCH,UNIT_SCADA,1,"2019/08/21 06:10:00",W/HOE#2,0
D,DISPATCH,UNIT_SCADA,1,"2019/08/21 06:10:00",WATERLWF,108.10
D,DISPATCH,UNIT_SCADA,1,"2019/08/21 06:10:00",WEMENSF1,0
D,DISPATCH,UNIT_SCADA,1,"2019/08/21 06:10:00",WGWF1,64.90
D,DISPATCH,UNIT_SCADA,1,"2019/08/21 06:10:00",WHITSF1,0
D,DISPATCH,UNIT_SCADA,1,"2019/08/21 06:10:00",WKIEWA1,17
D,DISPATCH,UNIT_SCADA,1,"2019/08/21 06:10:00",WKIEWA2,17.20
D,DISPATCH,UNIT_SCADA,1,"2019/08/21 06:10:00",WOODLWN1,44.819990
D,DISPATCH,UNIT_SCADA,1,"2019/08/21 06:10:00",WRSF1,0
D,DISPATCH,UNIT_SCADA,1,"2019/08/21 06:10:00",WRWF1,123.31
D,DISPATCH,UNIT_SCADA,1,"2019/08/21 06:10:00",YABULU,0
D,DISPATCH,UNIT_SCADA,1,"2019/08/21 06:10:00",YABULU2,0
D,DISPATCH,UNIT_SCADA,1,"2019/08/21 06:10:00",YARWUN_1,0
D,DISPATCH,UNIT_SCADA,1,"2019/08/21 06:10:00",YENDWF1,42.03
D,DISPATCH,UNIT_SCADA,1,"2019/08/21 06:10:00",YWPS1,317.291140
D,DISPATCH,UNIT_SCADA,1,"2019/08/21 06:10:00",YWPS2,279.194950
D,DISPATCH,UNIT_SCADA,1,"2019/08/21 06:10:00",YWPS3,0
D,DISPATCH,UNIT_SCADA,1,"2019/08/21 06:10:00",YWPS4,396.3671
C,"END OF REPORT",334
