C,NEMP.WORLD,DISPATCHSCADA,AEMO,PUBLIC,2019/08/23,04:15:07,0000000311893114,DISPATCHSCADA,0000000311893108
I,DISPATCH,UNIT_SCADA,1,SETTLEMENTDATE,DUID,SCADAVALUE
D,DISPATCH,UNIT_SCADA,1,"2019/08/23 04:20:00",BARCSF1,0
D,DISPATCH,UNIT_SCADA,1,"2019/08/23 04:20:00",BUTLERSG,9.699999
D,DISPATCH,UNIT_SCADA,1,"2019/08/23 04:20:00",CALL_A_4,0
D,DISPATCH,UNIT_SCADA,1,"2019/08/23 04:20:00",CAPTL_WF,0
D,DISPATCH,UNIT_SCADA,1,"2019/08/23 04:20:00",CATHROCK,52.789997
D,DISPATCH,UNIT_SCADA,1,"2019/08/23 04:20:00",CHALLHWF,0
D,DISPATCH,UNIT_SCADA,1,"2019/08/23 04:20:00",CLOVER,-0.01
D,DISPATCH,UNIT_SCADA,1,"2019/08/23 04:20:00",CLUNY,20.201878
D,DISPATCH,UNIT_SCADA,1,"2019/08/23 04:20:00",CNUNDAWF,3.403971
D,DISPATCH,UNIT_SCADA,1,"2019/08/23 04:20:00",CULLRGWF,3.77
D,DISPATCH,UNIT_SCADA,1,"2019/08/23 04:20:00",ERGT01,0
D,DISPATCH,UNIT_SCADA,1,"2019/08/23 04:20:00",GB01,0.061951
D,DISPATCH,UNIT_SCADA,1,"2019/08/23 04:20:00",GERMCRK,37.599998
D,DISPATCH,UNIT_SCADA,1,"2019/08/23 04:20:00",GRIFSF1,0
D,DISPATCH,UNIT_SCADA,1,"2019/08/23 04:20:00",HUGSF1,-0.2370
D,DISPATCH,UNIT_SCADA,1,"2019/08/23 04:20:00",LKBONNY1,6.162346
D,DISPATCH,UNIT_SCADA,1,"2019/08/23 04:20:00",LRSF1,-0.0130
D,DISPATCH,UNIT_SCADA,1,"2019/08/23 04:20:00",MBAHNTH,55.631256
D,DISPATCH,UNIT_SCADA,1,"2019/08/23 04:20:00",MLSP1,0.180001
D,DISPATCH,UNIT_SCADA,1,"2019/08/23 04:20:00",MLWF1,0.7350
D,DISPATCH,UNIT_SCADA,1,"2019/08/23 04:20:00",MTMILLAR,12.426991
D,DISPATCH,UNIT_SCADA,1,"2019/08/23 04:20:00",PALOONA,30.599998
D,DISPATCH,UNIT_SCADA,1,"2019/08/23 04:20:00",PIONEER,48.700001
D,DISPATCH,UNIT_SCADA,1,"2019/08/23 04:20:00",PORTWF,26.10
D,DISPATCH,UNIT_SCADA,1,"2019/08/23 04:20:00",REPULSE,28.930494
D,DISPATCH,UNIT_SCADA,1,"2019/08/23 04:20:00",ROWALLAN,10.3163
D,DISPATCH,UNIT_SCADA,1,"2019/08/23 04:20:00",ROYALLA1,0
D,DISPATCH,UNIT_SCADA,1,"2019/08/23 04:20:00",RPCG,10.50
D,DISPATCH,UNIT_SCADA,1,"2019/08/23 04:20:00",RUBICON,0
D,DISPATCH,UNIT_SCADA,1,"2019/08/23 04:20:00",SATGN1,0
D,DISPATCH,UNIT_SCADA,1,"2019/08/23 04:20:00",SATGS1,0
D,DISPATCH,UNIT_SCADA,1,"2019/08/23 04:20:00",STARHLWF,2.699213
D,DISPATCH,UNIT_SCADA,1,"2019/08/23 04:20:00",WAUBRAWF,1.9020
D,DISPATCH,UNIT_SCADA,1,"2019/08/23 04:20:00",WOOLNTH1,27.770016
D,DISPATCH,UNIT_SCADA,1,"2019/08/23 04:20:00",WPWF,7
D,DISPATCH,UNIT_SCADA,1,"2019/08/23 04:20:00",YAMBUKWF,3
D,DISPATCH,UNIT_SCADA,1,"2019/08/23 04:20:00",YSWF1,0
D,DISPATCH,UNIT_SCADA,1,"2019/08/23 04:20:00",AGLHAL,0
D,DISPATCH,UNIT_SCADA,1,"2019/08/23 04:20:00",AGLSOM,0
D,DISPATCH,UNIT_SCADA,1,"2019/08/23 04:20:00",ANGAST1,0
D,DISPATCH,UNIT_SCADA,1,"2019/08/23 04:20:00",ARWF1,0.20
D,DISPATCH,UNIT_SCADA,1,"2019/08/23 04:20:00",BALBG1,0
D,DISPATCH,UNIT_SCADA,1,"2019/08/23 04:20:00",BALBL1,6.68
D,DISPATCH,UNIT_SCADA,1,"2019/08/23 04:20:00",BALDHWF1,10.5570
D,DISPATCH,UNIT_SCADA,1,"2019/08/23 04:20:00",BANN1,0
D,DISPATCH,UNIT_SCADA,1,"2019/08/23 04:20:00",BARCALDN,0
D,DISPATCH,UNIT_SCADA,1,"2019/08/23 04:20:00",BARRON-1,0
D,DISPATCH,UNIT_SCADA,1,"2019/08/23 04:20:00",BARRON-2,0
D,DISPATCH,UNIT_SCADA,1,"2019/08/23 04:20:00",BASTYAN,77.95
D,DISPATCH,UNIT_SCADA,1,"2019/08/23 04:20:00",BBTHREE1,-1.88
D,DISPATCH,UNIT_SCADA,1,"2019/08/23 04:20:00",BBTHREE2,-1.97
D,DISPATCH,UNIT_SCADA,1,"2019/08/23 04:20:00",BBTHREE3,-1.01
D,DISPATCH,UNIT_SCADA,1,"2019/08/23 04:20:00",BDL01,0
D,DISPATCH,UNIT_SCADA,1,"2019/08/23 04:20:00",BDL02,0
D,DISPATCH,UNIT_SCADA,1,"2019/08/23 04:20:00",BERYLSF1,-0.179440
D,DISPATCH,UNIT_SCADA,1,"2019/08/23 04:20:00",BLOWERNG,0
D,DISPATCH,UNIT_SCADA,1,"2019/08/23 04:20:00",BLUFF1,5.80
D,DISPATCH,UNIT_SCADA,1,"2019/08/23 04:20:00",BNGSF1,0
D,DISPATCH,UNIT_SCADA,1,"2019/08/23 04:20:00",BNGSF2,0
D,DISPATCH,UNIT_SCADA,1,"2019/08/23 04:20:00",BOCORWF1,15.17
D,DISPATCH,UNIT_SCADA,1,"2019/08/23 04:20:00",BODWF1,66.862380
D,DISPATCH,UNIT_SCADA,1,"2019/08/23 04:20:00",BRAEMAR1,0
D,DISPATCH,UNIT_SCADA,1,"2019/08/23 04:20:00",BRAEMAR2,0
D,DISPATCH,UNIT_SCADA,1,"2019/08/23 04:20:00",BRAEMAR3,0
D,DISPATCH,UNIT_SCADA,1,"2019/08/23 04:20:00",BRAEMAR5,0
D,DISPATCH,UNIT_SCADA,1,"2019/08/23 04:20:00",BRAEMAR6,0
D,DISPATCH,UNIT_SCADA,1,"2019/08/23 04:20:00",BRAEMAR7,0
D,DISPATCH,UNIT_SCADA,1,"2019/08/23 04:20:00",BROKENH1,0
D,DISPATCH,UNIT_SCADA,1,"2019/08/23 04:20:00",BW01,582.174930
D,DISPATCH,UNIT_SCADA,1,"2019/08/23 04:20:00",BW02,610.574950
D,DISPATCH,UNIT_SCADA,1,"2019/08/23 04:20:00",BW03,619.275020
D,DISPATCH,UNIT_SCADA,1,"2019/08/23 04:20:00",BW04,0
D,DISPATCH,UNIT_SCADA,1,"2019/08/23 04:20:00",CALL_B_1,340.800020
D,DISPATCH,UNIT_SCADA,1,"2019/08/23 04:20:00",CALL_B_2,348.899990
D,DISPATCH,UNIT_SCADA,1,"2019/08/23 04:20:00",CETHANA,97.7055
D,DISPATCH,UNIT_SCADA,1,"2019/08/23 04:20:00",CG1,0
D,DISPATCH,UNIT_SCADA,1,"2019/08/23 04:20:00",CG2,0
D,DISPATCH,UNIT_SCADA,1,"2019/08/23 04:20:00",CG3,0
D,DISPATCH,UNIT_SCADA,1,"2019/08/23 04:20:00",CG4,0
D,DISPATCH,UNIT_SCADA,1,"2019/08/23 04:20:00",CHILDSF1,0
D,DISPATCH,UNIT_SCADA,1,"2019/08/23 04:20:00",CLARESF1,0
D,DISPATCH,UNIT_SCADA,1,"2019/08/23 04:20:00",CLEMGPWF,27.1572
D,DISPATCH,UNIT_SCADA,1,"2019/08/23 04:20:00",CLERMSF1,0
D,DISPATCH,UNIT_SCADA,1,"2019/08/23 04:20:00",COLEASF1,0
D,DISPATCH,UNIT_SCADA,1,"2019/08/23 04:20:00",COOPGWF1,5.490180
D,DISPATCH,UNIT_SCADA,1,"2019/08/23 04:20:00",CPP_3,405.075010
D,DISPATCH,UNIT_SCADA,1,"2019/08/23 04:20:00",CPP_4,406.175020
D,DISPATCH,UNIT_SCADA,1,"2019/08/23 04:20:00",CPSA,142.526250
D,DISPATCH,UNIT_SCADA,1,"2019/08/23 04:20:00",CROOKWF2,4.073750
D,DISPATCH,UNIT_SCADA,1,"2019/08/23 04:20:00",CROWLWF1,2.187390
D,DISPATCH,UNIT_SCADA,1,"2019/08/23 04:20:00",CSPVPS1,0
D,DISPATCH,UNIT_SCADA,1,"2019/08/23 04:20:00",DALNTH01,0
D,DISPATCH,UNIT_SCADA,1,"2019/08/23 04:20:00",DALNTHL1,0.077820
D,DISPATCH,UNIT_SCADA,1,"2019/08/23 04:20:00",DARTM1,0
D,DISPATCH,UNIT_SCADA,1,"2019/08/23 04:20:00",DAYDSF1,0
D,DISPATCH,UNIT_SCADA,1,"2019/08/23 04:20:00",DDPS1,256.491210
D,DISPATCH,UNIT_SCADA,1,"2019/08/23 04:20:00",DDSF1,0
D,DISPATCH,UNIT_SCADA,1,"2019/08/23 04:20:00",DEVILS_G,0
D,DISPATCH,UNIT_SCADA,1,"2019/08/23 04:20:00",DG_NSW1,0
D,DISPATCH,UNIT_SCADA,1,"2019/08/23 04:20:00",DG_QLD1,0
D,DISPATCH,UNIT_SCADA,1,"2019/08/23 04:20:00",DG_SA1,0
D,DISPATCH,UNIT_SCADA,1,"2019/08/23 04:20:00",DG_TAS1,0
D,DISPATCH,UNIT_SCADA,1,"2019/08/23 04:20:00",DG_VIC1,0
D,DISPATCH,UNIT_SCADA,1,"2019/08/23 04:20:00",DRYCGT1,0
D,DISPATCH,UNIT_SCADA,1,"2019/08/23 04:20:00",DRYCGT2,0
D,DISPATCH,UNIT_SCADA,1,"2019/08/23 04:20:00",DRYCGT3,0
D,DISPATCH,UNIT_SCADA,1,"2019/08/23 04:20:00",EILDON1,0
D,DISPATCH,UNIT_SCADA,1,"2019/08/23 04:20:00",EILDON2,0
D,DISPATCH,UNIT_SCADA,1,"2019/08/23 04:20:00",EMERASF1,0
D,DISPATCH,UNIT_SCADA,1,"2019/08/23 04:20:00",ER01,490.25
D,DISPATCH,UNIT_SCADA,1,"2019/08/23 04:20:00",ER02,351.325070
D,DISPATCH,UNIT_SCADA,1,"2019/08/23 04:20:00",ER03,380.775020
D,DISPATCH,UNIT_SCADA,1,"2019/08/23 04:20:00",ER04,489.724980
D,DISPATCH,UNIT_SCADA,1,"2019/08/23 04:20:00",FINLYSF1,0
D,DISPATCH,UNIT_SCADA,1,"2019/08/23 04:20:00",FISHER,45.90
D,DISPATCH,UNIT_SCADA,1,"2019/08/23 04:20:00",GANNBG1,0
D,DISPATCH,UNIT_SCADA,1,"2019/08/23 04:20:00",GANNBL1,9.747880
D,DISPATCH,UNIT_SCADA,1,"2019/08/23 04:20:00",GANNSF1,0
D,DISPATCH,UNIT_SCADA,1,"2019/08/23 04:20:00",GORDON,112.3808
D,DISPATCH,UNIT_SCADA,1,"2019/08/23 04:20:00",GSTONE1,191.80
D,DISPATCH,UNIT_SCADA,1,"2019/08/23 04:20:00",GSTONE2,176.75
D,DISPATCH,UNIT_SCADA,1,"2019/08/23 04:20:00",GSTONE3,206.6750
D,DISPATCH,UNIT_SCADA,1,"2019/08/23 04:20:00",GSTONE4,199.3250
D,DISPATCH,UNIT_SCADA,1,"2019/08/23 04:20:00",GSTONE5,207.724990
D,DISPATCH,UNIT_SCADA,1,"2019/08/23 04:20:00",GSTONE6,0
D,DISPATCH,UNIT_SCADA,1,"2019/08/23 04:20:00",GULLRSF1,0
D,DISPATCH,UNIT_SCADA,1,"2019/08/23 04:20:00",GULLRWF1,8.806120
D,DISPATCH,UNIT_SCADA,1,"2019/08/23 04:20:00",GUNNING1,6.9297
D,DISPATCH,UNIT_SCADA,1,"2019/08/23 04:20:00",GUTHEGA,0
D,DISPATCH,UNIT_SCADA,1,"2019/08/23 04:20:00",HALLWF1,25.85
D,DISPATCH,UNIT_SCADA,1,"2019/08/23 04:20:00",HALLWF2,9.46
D,DISPATCH,UNIT_SCADA,1,"2019/08/23 04:20:00",HAMISF1,0
D,DISPATCH,UNIT_SCADA,1,"2019/08/23 04:20:00",HAUGHT11,0
D,DISPATCH,UNIT_SCADA,1,"2019/08/23 04:20:00",HAYMSF1,0
D,DISPATCH,UNIT_SCADA,1,"2019/08/23 04:20:00",HDWF1,41.30
D,DISPATCH,UNIT_SCADA,1,"2019/08/23 04:20:00",HDWF2,47.50
D,DISPATCH,UNIT_SCADA,1,"2019/08/23 04:20:00",HDWF3,46.40
D,DISPATCH,UNIT_SCADA,1,"2019/08/23 04:20:00",HPRG1,0
D,DISPATCH,UNIT_SCADA,1,"2019/08/23 04:20:00",HPRL1,34.50
D,DISPATCH,UNIT_SCADA,1,"2019/08/23 04:20:00",HUMENSW,0
D,DISPATCH,UNIT_SCADA,1,"2019/08/23 04:20:00",HUMEV,9.10
D,DISPATCH,UNIT_SCADA,1,"2019/08/23 04:20:00",HVGTS,0
D,DISPATCH,UNIT_SCADA,1,"2019/08/23 04:20:00",JBUTTERS,141.399990
D,DISPATCH,UNIT_SCADA,1,"2019/08/23 04:20:00",JLA01,0.10
D,DISPATCH,UNIT_SCADA,1,"2019/08/23 04:20:00",JLA02,0
D,DISPATCH,UNIT_SCADA,1,"2019/08/23 04:20:00",JLA03,0.10
D,DISPATCH,UNIT_SCADA,1,"2019/08/23 04:20:00",JLA04,0.10
D,DISPATCH,UNIT_SCADA,1,"2019/08/23 04:20:00",JLB01,0
D,DISPATCH,UNIT_SCADA,1,"2019/08/23 04:20:00",JLB02,0.10
D,DISPATCH,UNIT_SCADA,1,"2019/08/23 04:20:00",JLB03,0
D,DISPATCH,UNIT_SCADA,1,"2019/08/23 04:20:00",KAREEYA1,21.4850
D,DISPATCH,UNIT_SCADA,1,"2019/08/23 04:20:00",KAREEYA2,21.6850
D,DISPATCH,UNIT_SCADA,1,"2019/08/23 04:20:00",KAREEYA3,0
D,DISPATCH,UNIT_SCADA,1,"2019/08/23 04:20:00",KAREEYA4,21.7050
D,DISPATCH,UNIT_SCADA,1,"2019/08/23 04:20:00",KARSF1,0
D,DISPATCH,UNIT_SCADA,1,"2019/08/23 04:20:00",KIATAWF1,-0.20
D,DISPATCH,UNIT_SCADA,1,"2019/08/23 04:20:00",KPP_1,0
D,DISPATCH,UNIT_SCADA,1,"2019/08/23 04:20:00",KSP1,0
D,DISPATCH,UNIT_SCADA,1,"2019/08/23 04:20:00",LADBROK1,0
D,DISPATCH,UNIT_SCADA,1,"2019/08/23 04:20:00",LADBROK2,0
D,DISPATCH,UNIT_SCADA,1,"2019/08/23 04:20:00",LD01,348.993740
D,DISPATCH,UNIT_SCADA,1,"2019/08/23 04:20:00",LD02,299.268680
D,DISPATCH,UNIT_SCADA,1,"2019/08/23 04:20:00",LD03,353.043730
D,DISPATCH,UNIT_SCADA,1,"2019/08/23 04:20:00",LD04,351.656220
D,DISPATCH,UNIT_SCADA,1,"2019/08/23 04:20:00",LEM_WIL,86.1183
D,DISPATCH,UNIT_SCADA,1,"2019/08/23 04:20:00",LGAPWF1,4.07
D,DISPATCH,UNIT_SCADA,1,"2019/08/23 04:20:00",LILYSF1,0
D,DISPATCH,UNIT_SCADA,1,"2019/08/23 04:20:00",LI_WY_CA,149.799350
D,DISPATCH,UNIT_SCADA,1,"2019/08/23 04:20:00",LKBONNY2,7.273170
D,DISPATCH,UNIT_SCADA,1,"2019/08/23 04:20:00",LKBONNY3,1.283910
D,DISPATCH,UNIT_SCADA,1,"2019/08/23 04:20:00",LK_ECHO,0
D,DISPATCH,UNIT_SCADA,1,"2019/08/23 04:20:00",LNGS1,0
D,DISPATCH,UNIT_SCADA,1,"2019/08/23 04:20:00",LNGS2,0
D,DISPATCH,UNIT_SCADA,1,"2019/08/23 04:20:00",LONSDALE,0
D,DISPATCH,UNIT_SCADA,1,"2019/08/23 04:20:00",LOYYB1,536.088620
D,DISPATCH,UNIT_SCADA,1,"2019/08/23 04:20:00",LOYYB2,582.330380
D,DISPATCH,UNIT_SCADA,1,"2019/08/23 04:20:00",LYA1,560
D,DISPATCH,UNIT_SCADA,1,"2019/08/23 04:20:00",LYA2,0
D,DISPATCH,UNIT_SCADA,1,"2019/08/23 04:20:00",LYA3,561
D,DISPATCH,UNIT_SCADA,1,"2019/08/23 04:20:00",LYA4,500
D,DISPATCH,UNIT_SCADA,1,"2019/08/23 04:20:00",MACARTH1,25.9994
D,DISPATCH,UNIT_SCADA,1,"2019/08/23 04:20:00",MACKAYGT,0
D,DISPATCH,UNIT_SCADA,1,"2019/08/23 04:20:00",MACKNTSH,87.360010
D,DISPATCH,UNIT_SCADA,1,"2019/08/23 04:20:00",MANSLR1,0
D,DISPATCH,UNIT_SCADA,1,"2019/08/23 04:20:00",MCKAY1,0.02
D,DISPATCH,UNIT_SCADA,1,"2019/08/23 04:20:00",MEADOWBK,33.924460
D,DISPATCH,UNIT_SCADA,1,"2019/08/23 04:20:00",MERCER01,-0.2090
D,DISPATCH,UNIT_SCADA,1,"2019/08/23 04:20:00",MEWF1,73.261050
D,DISPATCH,UNIT_SCADA,1,"2019/08/23 04:20:00",MINTARO,0
D,DISPATCH,UNIT_SCADA,1,"2019/08/23 04:20:00",MOREESF1,0
D,DISPATCH,UNIT_SCADA,1,"2019/08/23 04:20:00",MORTLK11,200
D,DISPATCH,UNIT_SCADA,1,"2019/08/23 04:20:00",MORTLK12,0
D,DISPATCH,UNIT_SCADA,1,"2019/08/23 04:20:00",MP1,279.349980
D,DISPATCH,UNIT_SCADA,1,"2019/08/23 04:20:00",MP2,0
D,DISPATCH,UNIT_SCADA,1,"2019/08/23 04:20:00",MPP_1,374.50
D,DISPATCH,UNIT_SCADA,1,"2019/08/23 04:20:00",MPP_2,425
D,DISPATCH,UNIT_SCADA,1,"2019/08/23 04:20:00",MSTUART1,0
D,DISPATCH,UNIT_SCADA,1,"2019/08/23 04:20:00",MSTUART2,0
D,DISPATCH,UNIT_SCADA,1,"2019/08/23 04:20:00",MSTUART3,0
D,DISPATCH,UNIT_SCADA,1,"2019/08/23 04:20:00",MTGELWF1,5.876340
D,DISPATCH,UNIT_SCADA,1,"2019/08/23 04:20:00",MURRAY,0
D,DISPATCH,UNIT_SCADA,1,"2019/08/23 04:20:00",MUSSELR1,13
D,DISPATCH,UNIT_SCADA,1,"2019/08/23 04:20:00",MUWAWF1,-0.08
D,DISPATCH,UNIT_SCADA,1,"2019/08/23 04:20:00",NBHWF1,27.40
D,DISPATCH,UNIT_SCADA,1,"2019/08/23 04:20:00",NPS,205.50
D,DISPATCH,UNIT_SCADA,1,"2019/08/23 04:20:00",NUMURSF1,0
D,DISPATCH,UNIT_SCADA,1,"2019/08/23 04:20:00",NYNGAN1,0
D,DISPATCH,UNIT_SCADA,1,"2019/08/23 04:20:00",OAKEY1,0
D,DISPATCH,UNIT_SCADA,1,"2019/08/23 04:20:00",OAKEY1SF,0
D,DISPATCH,UNIT_SCADA,1,"2019/08/23 04:20:00",OAKEY2,0
D,DISPATCH,UNIT_SCADA,1,"2019/08/23 04:20:00",OAKLAND1,-0.20
D,DISPATCH,UNIT_SCADA,1,"2019/08/23 04:20:00",OSB-AG,143.179990
D,DISPATCH,UNIT_SCADA,1,"2019/08/23 04:20:00",PARSF1,0
D,DISPATCH,UNIT_SCADA,1,"2019/08/23 04:20:00",POAT110,0
D,DISPATCH,UNIT_SCADA,1,"2019/08/23 04:20:00",POAT220,7.22
D,DISPATCH,UNIT_SCADA,1,"2019/08/23 04:20:00",POR01,0
D,DISPATCH,UNIT_SCADA,1,"2019/08/23 04:20:00",POR03,0
D,DISPATCH,UNIT_SCADA,1,"2019/08/23 04:20:00",PPCCGT,496.353580
D,DISPATCH,UNIT_SCADA,1,"2019/08/23 04:20:00",PTSTAN1,0
D,DISPATCH,UNIT_SCADA,1,"2019/08/23 04:20:00",PUMP1,0
D,DISPATCH,UNIT_SCADA,1,"2019/08/23 04:20:00",PUMP2,0
D,DISPATCH,UNIT_SCADA,1,"2019/08/23 04:20:00",QPS1,0
D,DISPATCH,UNIT_SCADA,1,"2019/08/23 04:20:00",QPS2,0
D,DISPATCH,UNIT_SCADA,1,"2019/08/23 04:20:00",QPS3,0
D,DISPATCH,UNIT_SCADA,1,"2019/08/23 04:20:00",QPS4,0
D,DISPATCH,UNIT_SCADA,1,"2019/08/23 04:20:00",QPS5,0
D,DISPATCH,UNIT_SCADA,1,"2019/08/23 04:20:00",REECE1,120.020010
D,DISPATCH,UNIT_SCADA,1,"2019/08/23 04:20:00",REECE2,118.640010
D,DISPATCH,UNIT_SCADA,1,"2019/08/23 04:20:00",ROMA_7,0
D,DISPATCH,UNIT_SCADA,1,"2019/08/23 04:20:00",ROMA_8,0
D,DISPATCH,UNIT_SCADA,1,"2019/08/23 04:20:00",RRSF1,0
D,DISPATCH,UNIT_SCADA,1,"2019/08/23 04:20:00",RT_NSW1,0
D,DISPATCH,UNIT_SCADA,1,"2019/08/23 04:20:00",RT_NSW2,0
D,DISPATCH,UNIT_SCADA,1,"2019/08/23 04:20:00",RT_NSW3,0
D,DISPATCH,UNIT_SCADA,1,"2019/08/23 04:20:00",RT_NSW4,0
D,DISPATCH,UNIT_SCADA,1,"2019/08/23 04:20:00",RT_NSW5,0
D,DISPATCH,UNIT_SCADA,1,"2019/08/23 04:20:00",RT_NSW6,0
D,DISPATCH,UNIT_SCADA,1,"2019/08/23 04:20:00",RT_QLD1,0
D,DISPATCH,UNIT_SCADA,1,"2019/08/23 04:20:00",RT_SA1,0
D,DISPATCH,UNIT_SCADA,1,"2019/08/23 04:20:00",RT_SA2,0
D,DISPATCH,UNIT_SCADA,1,"2019/08/23 04:20:00",RT_SA3,0
D,DISPATCH,UNIT_SCADA,1,"2019/08/23 04:20:00",RT_SA4,0
D,DISPATCH,UNIT_SCADA,1,"2019/08/23 04:20:00",RT_SA5,0
D,DISPATCH,UNIT_SCADA,1,"2019/08/23 04:20:00",RT_SA6,0
D,DISPATCH,UNIT_SCADA,1,"2019/08/23 04:20:00",RT_TAS1,0
D,DISPATCH,UNIT_SCADA,1,"2019/08/23 04:20:00",RT_VIC1,0
D,DISPATCH,UNIT_SCADA,1,"2019/08/23 04:20:00",RT_VIC10,0
D,DISPATCH,UNIT_SCADA,1,"2019/08/23 04:20:00",RT_VIC11,0
D,DISPATCH,UNIT_SCADA,1,"2019/08/23 04:20:00",RT_VIC12,0
D,DISPATCH,UNIT_SCADA,1,"2019/08/23 04:20:00",RT_VIC2,0
D,DISPATCH,UNIT_SCADA,1,"2019/08/23 04:20:00",RT_VIC3,0
D,DISPATCH,UNIT_SCADA,1,"2019/08/23 04:20:00",RT_VIC4,0
D,DISPATCH,UNIT_SCADA,1,"2019/08/23 04:20:00",RT_VIC5,0
D,DISPATCH,UNIT_SCADA,1,"2019/08/23 04:20:00",RT_VIC6,0
D,DISPATCH,UNIT_SCADA,1,"2019/08/23 04:20:00",RT_VIC7,0
D,DISPATCH,UNIT_SCADA,1,"2019/08/23 04:20:00",RT_VIC8,0
D,DISPATCH,UNIT_SCADA,1,"2019/08/23 04:20:00",RT_VIC9,0
D,DISPATCH,UNIT_SCADA,1,"2019/08/23 04:20:00",RUGBYR1,0
D,DISPATCH,UNIT_SCADA,1,"2019/08/23 04:20:00",SALTCRK1,3.04
D,DISPATCH,UNIT_SCADA,1,"2019/08/23 04:20:00",SAPHWF1,66.215640
D,DISPATCH,UNIT_SCADA,1,"2019/08/23 04:20:00",SHGEN,0
D,DISPATCH,UNIT_SCADA,1,"2019/08/23 04:20:00",SHPUMP,0
D,DISPATCH,UNIT_SCADA,1,"2019/08/23 04:20:00",SITHE01,0.194050
D,DISPATCH,UNIT_SCADA,1,"2019/08/23 04:20:00",SMCSF1,0
D,DISPATCH,UNIT_SCADA,1,"2019/08/23 04:20:00",SNOWNTH1,12
D,DISPATCH,UNIT_SCADA,1,"2019/08/23 04:20:00",SNOWSTH1,33.80
D,DISPATCH,UNIT_SCADA,1,"2019/08/23 04:20:00",SNOWTWN1,16.396810
D,DISPATCH,UNIT_SCADA,1,"2019/08/23 04:20:00",SNOWYP,0
D,DISPATCH,UNIT_SCADA,1,"2019/08/23 04:20:00",SNUG1,0.019440
D,DISPATCH,UNIT_SCADA,1,"2019/08/23 04:20:00",SRSF1,0
D,DISPATCH,UNIT_SCADA,1,"2019/08/23 04:20:00",STAN-1,0
D,DISPATCH,UNIT_SCADA,1,"2019/08/23 04:20:00",STAN-2,221.530040
D,DISPATCH,UNIT_SCADA,1,"2019/08/23 04:20:00",STAN-3,221.389040
D,DISPATCH,UNIT_SCADA,1,"2019/08/23 04:20:00",STAN-4,222.094020
D,DISPATCH,UNIT_SCADA,1,"2019/08/23 04:20:00",STWF1,179.392490
D,DISPATCH,UNIT_SCADA,1,"2019/08/23 04:20:00",SWAN_E,0
D,DISPATCH,UNIT_SCADA,1,"2019/08/23 04:20:00",TALWA1,421
D,DISPATCH,UNIT_SCADA,1,"2019/08/23 04:20:00",TARALGA1,3.723750
D,DISPATCH,UNIT_SCADA,1,"2019/08/23 04:20:00",TARONG#1,239.80
D,DISPATCH,UNIT_SCADA,1,"2019/08/23 04:20:00",TARONG#2,239.100010
D,DISPATCH,UNIT_SCADA,1,"2019/08/23 04:20:00",TARONG#3,196.50
D,DISPATCH,UNIT_SCADA,1,"2019/08/23 04:20:00",TARONG#4,238.600010
D,DISPATCH,UNIT_SCADA,1,"2019/08/23 04:20:00",TARRALEA,83.90
D,DISPATCH,UNIT_SCADA,1,"2019/08/23 04:20:00",TBSF1,-0.20
D,DISPATCH,UNIT_SCADA,1,"2019/08/23 04:20:00",TNPS1,400.000030
D,DISPATCH,UNIT_SCADA,1,"2019/08/23 04:20:00",TORRA1,62.292430
D,DISPATCH,UNIT_SCADA,1,"2019/08/23 04:20:00",TORRA2,0
D,DISPATCH,UNIT_SCADA,1,"2019/08/23 04:20:00",TORRA3,0
D,DISPATCH,UNIT_SCADA,1,"2019/08/23 04:20:00",TORRA4,0
D,DISPATCH,UNIT_SCADA,1,"2019/08/23 04:20:00",TORRB1,0
D,DISPATCH,UNIT_SCADA,1,"2019/08/23 04:20:00",TORRB2,76.39
D,DISPATCH,UNIT_SCADA,1,"2019/08/23 04:20:00",TORRB3,0
D,DISPATCH,UNIT_SCADA,1,"2019/08/23 04:20:00",TORRB4,0
D,DISPATCH,UNIT_SCADA,1,"2019/08/23 04:20:00",TREVALLN,44.110020
D,DISPATCH,UNIT_SCADA,1,"2019/08/23 04:20:00",TRIBUTE,84.87
D,DISPATCH,UNIT_SCADA,1,"2019/08/23 04:20:00",TUMUT3,0
D,DISPATCH,UNIT_SCADA,1,"2019/08/23 04:20:00",TUNGATIN,139.660030
D,DISPATCH,UNIT_SCADA,1,"2019/08/23 04:20:00",TVCC201,0
D,DISPATCH,UNIT_SCADA,1,"2019/08/23 04:20:00",TVPP104,0
D,DISPATCH,UNIT_SCADA,1,"2019/08/23 04:20:00",UPPTUMUT,0
D,DISPATCH,UNIT_SCADA,1,"2019/08/23 04:20:00",URANQ11,0
D,DISPATCH,UNIT_SCADA,1,"2019/08/23 04:20:00",URANQ12,0
D,DISPATCH,UNIT_SCADA,1,"2019/08/23 04:20:00",URANQ13,0
D,DISPATCH,UNIT_SCADA,1,"2019/08/23 04:20:00",URANQ14,0
D,DISPATCH,UNIT_SCADA,1,"2019/08/23 04:20:00",VP5,449.350040
D,DISPATCH,UNIT_SCADA,1,"2019/08/23 04:20:00",VP6,401.6250
D,DISPATCH,UNIT_SCADA,1,"2019/08/23 04:20:00",VPGS1,0
D,DISPATCH,UNIT_SCADA,1,"2019/08/23 04:20:00",VPGS2,0
D,DISPATCH,UNIT_SCADA,1,"2019/08/23 04:20:00",VPGS3,0
D,DISPATCH,UNIT_SCADA,1,"2019/08/23 04:20:00",VPGS4,0
D,DISPATCH,UNIT_SCADA,1,"2019/08/23 04:20:00",VPGS5,0
D,DISPATCH,UNIT_SCADA,1,"2019/08/23 04:20:00",VPGS6,0
D,DISPATCH,UNIT_SCADA,1,"2019/08/23 04:20:00",W/HOE#1,0
D,DISPATCH,UNIT_SCADA,1,"2019/08/23 04:20:00",W/HOE#2,0
D,DISPATCH,UNIT_SCADA,1,"2019/08/23 04:20:00",WATERLWF,19.50
D,DISPATCH,UNIT_SCADA,1,"2019/08/23 04:20:00",WEMENSF1,0
D,DISPATCH,UNIT_SCADA,1,"2019/08/23 04:20:00",WGWF1,25.90
D,DISPATCH,UNIT_SCADA,1,"2019/08/23 04:20:00",WHITSF1,0
D,DISPATCH,UNIT_SCADA,1,"2019/08/23 04:20:00",WKIEWA1,32.10
D,DISPATCH,UNIT_SCADA,1,"2019/08/23 04:20:00",WKIEWA2,16
D,DISPATCH,UNIT_SCADA,1,"2019/08/23 04:20:00",WOODLWN1,0
D,DISPATCH,UNIT_SCADA,1,"2019/08/23 04:20:00",WRSF1,0
D,DISPATCH,UNIT_SCADA,1,"2019/08/23 04:20:00",WRWF1,23.531250
D,DISPATCH,UNIT_SCADA,1,"2019/08/23 04:20:00",YABULU,0
D,DISPATCH,UNIT_SCADA,1,"2019/08/23 04:20:00",YABULU2,0
D,DISPATCH,UNIT_SCADA,1,"2019/08/23 04:20:00",YARWUN_1,0
D,DISPATCH,UNIT_SCADA,1,"2019/08/23 04:20:00",YENDWF1,-1.29
D,DISPATCH,UNIT_SCADA,1,"2019/08/23 04:20:00",YWPS1,361.903810
D,DISPATCH,UNIT_SCADA,1,"2019/08/23 04:20:00",YWPS2,280.448090
D,DISPATCH,UNIT_SCADA,1,"2019/08/23 04:20:00",YWPS3,0
D,DISPATCH,UNIT_SCADA,1,"2019/08/23 04:20:00",YWPS4,0
C,"END OF REPORT",334
