C,NEMP.WORLD,DISPATCHSCADA,AEMO,PUBLIC,2019/08/21,16:25:08,0000000311832871,DISPATCHSCADA,0000000311832865
I,DISPATCH,UNIT_SCADA,1,SETTLEMENTDATE,DUID,SCADAVALUE
D,DISPATCH,UNIT_SCADA,1,"2019/08/21 16:30:00",BARCSF1,11.30
D,DISPATCH,UNIT_SCADA,1,"2019/08/21 16:30:00",BUTLERSG,9.599998
D,DISPATCH,UNIT_SCADA,1,"2019/08/21 16:30:00",CALL_A_4,0
D,DISPATCH,UNIT_SCADA,1,"2019/08/21 16:30:00",CAPTL_WF,134.223999
D,DISPATCH,UNIT_SCADA,1,"2019/08/21 16:30:00",CATHROCK,22.249998
D,DISPATCH,UNIT_SCADA,1,"2019/08/21 16:30:00",CHALLHWF,35.900002
D,DISPATCH,UNIT_SCADA,1,"2019/08/21 16:30:00",CLOVER,0
D,DISPATCH,UNIT_SCADA,1,"2019/08/21 16:30:00",CLUNY,20.201878
D,DISPATCH,UNIT_SCADA,1,"2019/08/21 16:30:00",CNUNDAWF,38.845314
D,DISPATCH,UNIT_SCADA,1,"2019/08/21 16:30:00",CULLRGWF,30.25
D,DISPATCH,UNIT_SCADA,1,"2019/08/21 16:30:00",ERGT01,0
D,DISPATCH,UNIT_SCADA,1,"2019/08/21 16:30:00",GB01,0.072556
D,DISPATCH,UNIT_SCADA,1,"2019/08/21 16:30:00",GERMCRK,37.099998
D,DISPATCH,UNIT_SCADA,1,"2019/08/21 16:30:00",GRIFSF1,16.700005
D,DISPATCH,UNIT_SCADA,1,"2019/08/21 16:30:00",HUGSF1,8.919001
D,DISPATCH,UNIT_SCADA,1,"2019/08/21 16:30:00",LKBONNY1,66.446167
D,DISPATCH,UNIT_SCADA,1,"2019/08/21 16:30:00",LRSF1,12.519001
D,DISPATCH,UNIT_SCADA,1,"2019/08/21 16:30:00",MBAHNTH,55.856247
D,DISPATCH,UNIT_SCADA,1,"2019/08/21 16:30:00",MLSP1,1.483001
D,DISPATCH,UNIT_SCADA,1,"2019/08/21 16:30:00",MLWF1,19.6950
D,DISPATCH,UNIT_SCADA,1,"2019/08/21 16:30:00",MTMILLAR,8.475654
D,DISPATCH,UNIT_SCADA,1,"2019/08/21 16:30:00",PALOONA,24.799999
D,DISPATCH,UNIT_SCADA,1,"2019/08/21 16:30:00",PIONEER,28.200001
D,DISPATCH,UNIT_SCADA,1,"2019/08/21 16:30:00",PORTWF,138.899994
D,DISPATCH,UNIT_SCADA,1,"2019/08/21 16:30:00",REPULSE,28.815748
D,DISPATCH,UNIT_SCADA,1,"2019/08/21 16:30:00",ROWALLAN,10.2169
D,DISPATCH,UNIT_SCADA,1,"2019/08/21 16:30:00",ROYALLA1,4.4030
D,DISPATCH,UNIT_SCADA,1,"2019/08/21 16:30:00",RPCG,11.60
D,DISPATCH,UNIT_SCADA,1,"2019/08/21 16:30:00",RUBICON,0
D,DISPATCH,UNIT_SCADA,1,"2019/08/21 16:30:00",SATGN1,0
D,DISPATCH,UNIT_SCADA,1,"2019/08/21 16:30:00",SATGS1,0
D,DISPATCH,UNIT_SCADA,1,"2019/08/21 16:30:00",STARHLWF,4.098805
D,DISPATCH,UNIT_SCADA,1,"2019/08/21 16:30:00",WAUBRAWF,168.783005
D,DISPATCH,UNIT_SCADA,1,"2019/08/21 16:30:00",WOOLNTH1,129.050018
D,DISPATCH,UNIT_SCADA,1,"2019/08/21 16:30:00",WPWF,73
D,DISPATCH,UNIT_SCADA,1,"2019/08/21 16:30:00",YAMBUKWF,29.90
D,DISPATCH,UNIT_SCADA,1,"2019/08/21 16:30:00",YSWF1,28.50
D,DISPATCH,UNIT_SCADA,1,"2019/08/21 16:30:00",AGLHAL,0
D,DISPATCH,UNIT_SCADA,1,"2019/08/21 16:30:00",AGLSOM,0
D,DISPATCH,UNIT_SCADA,1,"2019/08/21 16:30:00",ANGAST1,0
D,DISPATCH,UNIT_SCADA,1,"2019/08/21 16:30:00",ARWF1,134.499980
D,DISPATCH,UNIT_SCADA,1,"2019/08/21 16:30:00",BALBG1,0
D,DISPATCH,UNIT_SCADA,1,"2019/08/21 16:30:00",BALBL1,0
D,DISPATCH,UNIT_SCADA,1,"2019/08/21 16:30:00",BALDHWF1,101.2220
D,DISPATCH,UNIT_SCADA,1,"2019/08/21 16:30:00",BANN1,18.18
D,DISPATCH,UNIT_SCADA,1,"2019/08/21 16:30:00",BARCALDN,0
D,DISPATCH,UNIT_SCADA,1,"2019/08/21 16:30:00",BARRON-1,0
D,DISPATCH,UNIT_SCADA,1,"2019/08/21 16:30:00",BARRON-2,24.84
D,DISPATCH,UNIT_SCADA,1,"2019/08/21 16:30:00",BASTYAN,78.140010
D,DISPATCH,UNIT_SCADA,1,"2019/08/21 16:30:00",BBTHREE1,-1.88
D,DISPATCH,UNIT_SCADA,1,"2019/08/21 16:30:00",BBTHREE2,-1.92
D,DISPATCH,UNIT_SCADA,1,"2019/08/21 16:30:00",BBTHREE3,-1.03
D,DISPATCH,UNIT_SCADA,1,"2019/08/21 16:30:00",BDL01,0
D,DISPATCH,UNIT_SCADA,1,"2019/08/21 16:30:00",BDL02,0
D,DISPATCH,UNIT_SCADA,1,"2019/08/21 16:30:00",BERYLSF1,6.699010
D,DISPATCH,UNIT_SCADA,1,"2019/08/21 16:30:00",BLOWERNG,0
D,DISPATCH,UNIT_SCADA,1,"2019/08/21 16:30:00",BLUFF1,45.60
D,DISPATCH,UNIT_SCADA,1,"2019/08/21 16:30:00",BNGSF1,92.87
D,DISPATCH,UNIT_SCADA,1,"2019/08/21 16:30:00",BNGSF2,19.93
D,DISPATCH,UNIT_SCADA,1,"2019/08/21 16:30:00",BOCORWF1,109.80
D,DISPATCH,UNIT_SCADA,1,"2019/08/21 16:30:00",BODWF1,103.8924
D,DISPATCH,UNIT_SCADA,1,"2019/08/21 16:30:00",BRAEMAR1,0
D,DISPATCH,UNIT_SCADA,1,"2019/08/21 16:30:00",BRAEMAR2,0
D,DISPATCH,UNIT_SCADA,1,"2019/08/21 16:30:00",BRAEMAR3,0
D,DISPATCH,UNIT_SCADA,1,"2019/08/21 16:30:00",BRAEMAR5,0
D,DISPATCH,UNIT_SCADA,1,"2019/08/21 16:30:00",BRAEMAR6,0
D,DISPATCH,UNIT_SCADA,1,"2019/08/21 16:30:00",BRAEMAR7,0
D,DISPATCH,UNIT_SCADA,1,"2019/08/21 16:30:00",BROKENH1,33.073970
D,DISPATCH,UNIT_SCADA,1,"2019/08/21 16:30:00",BW01,526.949950
D,DISPATCH,UNIT_SCADA,1,"2019/08/21 16:30:00",BW02,542.650020
D,DISPATCH,UNIT_SCADA,1,"2019/08/21 16:30:00",BW03,556.849980
D,DISPATCH,UNIT_SCADA,1,"2019/08/21 16:30:00",BW04,0
D,DISPATCH,UNIT_SCADA,1,"2019/08/21 16:30:00",CALL_B_1,335.50
D,DISPATCH,UNIT_SCADA,1,"2019/08/21 16:30:00",CALL_B_2,350.300020
D,DISPATCH,UNIT_SCADA,1,"2019/08/21 16:30:00",CETHANA,92.975370
D,DISPATCH,UNIT_SCADA,1,"2019/08/21 16:30:00",CG1,0
D,DISPATCH,UNIT_SCADA,1,"2019/08/21 16:30:00",CG2,0
D,DISPATCH,UNIT_SCADA,1,"2019/08/21 16:30:00",CG3,0
D,DISPATCH,UNIT_SCADA,1,"2019/08/21 16:30:00",CG4,0
D,DISPATCH,UNIT_SCADA,1,"2019/08/21 16:30:00",CHILDSF1,28.14
D,DISPATCH,UNIT_SCADA,1,"2019/08/21 16:30:00",CLARESF1,35.389440
D,DISPATCH,UNIT_SCADA,1,"2019/08/21 16:30:00",CLEMGPWF,23.771550
D,DISPATCH,UNIT_SCADA,1,"2019/08/21 16:30:00",CLERMSF1,14.77
D,DISPATCH,UNIT_SCADA,1,"2019/08/21 16:30:00",COLEASF1,84.200010
D,DISPATCH,UNIT_SCADA,1,"2019/08/21 16:30:00",COOPGWF1,28.187880
D,DISPATCH,UNIT_SCADA,1,"2019/08/21 16:30:00",CPP_3,404.25
D,DISPATCH,UNIT_SCADA,1,"2019/08/21 16:30:00",CPP_4,406.450010
D,DISPATCH,UNIT_SCADA,1,"2019/08/21 16:30:00",CPSA,142.558750
D,DISPATCH,UNIT_SCADA,1,"2019/08/21 16:30:00",CROOKWF2,90.093770
D,DISPATCH,UNIT_SCADA,1,"2019/08/21 16:30:00",CROWLWF1,42.946560
D,DISPATCH,UNIT_SCADA,1,"2019/08/21 16:30:00",CSPVPS1,16.1660
D,DISPATCH,UNIT_SCADA,1,"2019/08/21 16:30:00",DALNTH01,0
D,DISPATCH,UNIT_SCADA,1,"2019/08/21 16:30:00",DALNTHL1,0.004580
D,DISPATCH,UNIT_SCADA,1,"2019/08/21 16:30:00",DARTM1,0
D,DISPATCH,UNIT_SCADA,1,"2019/08/21 16:30:00",DAYDSF1,96.682010
D,DISPATCH,UNIT_SCADA,1,"2019/08/21 16:30:00",DDPS1,164.744920
D,DISPATCH,UNIT_SCADA,1,"2019/08/21 16:30:00",DDSF1,35.905540
D,DISPATCH,UNIT_SCADA,1,"2019/08/21 16:30:00",DEVILS_G,0
D,DISPATCH,UNIT_SCADA,1,"2019/08/21 16:30:00",DG_NSW1,0
D,DISPATCH,UNIT_SCADA,1,"2019/08/21 16:30:00",DG_QLD1,0
D,DISPATCH,UNIT_SCADA,1,"2019/08/21 16:30:00",DG_SA1,0
D,DISPATCH,UNIT_SCADA,1,"2019/08/21 16:30:00",DG_TAS1,0
D,DISPATCH,UNIT_SCADA,1,"2019/08/21 16:30:00",DG_VIC1,0
D,DISPATCH,UNIT_SCADA,1,"2019/08/21 16:30:00",DRYCGT1,0
D,DISPATCH,UNIT_SCADA,1,"2019/08/21 16:30:00",DRYCGT2,0
D,DISPATCH,UNIT_SCADA,1,"2019/08/21 16:30:00",DRYCGT3,0
D,DISPATCH,UNIT_SCADA,1,"2019/08/21 16:30:00",EILDON1,0
D,DISPATCH,UNIT_SCADA,1,"2019/08/21 16:30:00",EILDON2,0
D,DISPATCH,UNIT_SCADA,1,"2019/08/21 16:30:00",EMERASF1,46.68
D,DISPATCH,UNIT_SCADA,1,"2019/08/21 16:30:00",ER01,513.424930
D,DISPATCH,UNIT_SCADA,1,"2019/08/21 16:30:00",ER02,518.050050
D,DISPATCH,UNIT_SCADA,1,"2019/08/21 16:30:00",ER03,699.2251
D,DISPATCH,UNIT_SCADA,1,"2019/08/21 16:30:00",ER04,521
D,DISPATCH,UNIT_SCADA,1,"2019/08/21 16:30:00",FINLYSF1,0.158630
D,DISPATCH,UNIT_SCADA,1,"2019/08/21 16:30:00",FISHER,45.83
D,DISPATCH,UNIT_SCADA,1,"2019/08/21 16:30:00",GANNBG1,1.0992
D,DISPATCH,UNIT_SCADA,1,"2019/08/21 16:30:00",GANNBL1,0
D,DISPATCH,UNIT_SCADA,1,"2019/08/21 16:30:00",GANNSF1,10.60
D,DISPATCH,UNIT_SCADA,1,"2019/08/21 16:30:00",GORDON,0
D,DISPATCH,UNIT_SCADA,1,"2019/08/21 16:30:00",GSTONE1,132.474990
D,DISPATCH,UNIT_SCADA,1,"2019/08/21 16:30:00",GSTONE2,129.849990
D,DISPATCH,UNIT_SCADA,1,"2019/08/21 16:30:00",GSTONE3,136.50
D,DISPATCH,UNIT_SCADA,1,"2019/08/21 16:30:00",GSTONE4,132.1250
D,DISPATCH,UNIT_SCADA,1,"2019/08/21 16:30:00",GSTONE5,131.4250
D,DISPATCH,UNIT_SCADA,1,"2019/08/21 16:30:00",GSTONE6,0
D,DISPATCH,UNIT_SCADA,1,"2019/08/21 16:30:00",GULLRSF1,0.481260
D,DISPATCH,UNIT_SCADA,1,"2019/08/21 16:30:00",GULLRWF1,157.957430
D,DISPATCH,UNIT_SCADA,1,"2019/08/21 16:30:00",GUNNING1,44.809920
D,DISPATCH,UNIT_SCADA,1,"2019/08/21 16:30:00",GUTHEGA,0
D,DISPATCH,UNIT_SCADA,1,"2019/08/21 16:30:00",HALLWF1,89.14
D,DISPATCH,UNIT_SCADA,1,"2019/08/21 16:30:00",HALLWF2,41.90
D,DISPATCH,UNIT_SCADA,1,"2019/08/21 16:30:00",HAMISF1,40.30
D,DISPATCH,UNIT_SCADA,1,"2019/08/21 16:30:00",HAUGHT11,49.979390
D,DISPATCH,UNIT_SCADA,1,"2019/08/21 16:30:00",HAYMSF1,34.0570
D,DISPATCH,UNIT_SCADA,1,"2019/08/21 16:30:00",HDWF1,61.10
D,DISPATCH,UNIT_SCADA,1,"2019/08/21 16:30:00",HDWF2,54.20
D,DISPATCH,UNIT_SCADA,1,"2019/08/21 16:30:00",HDWF3,69.10
D,DISPATCH,UNIT_SCADA,1,"2019/08/21 16:30:00",HPRG1,0
D,DISPATCH,UNIT_SCADA,1,"2019/08/21 16:30:00",HPRL1,14
D,DISPATCH,UNIT_SCADA,1,"2019/08/21 16:30:00",HUMENSW,0
D,DISPATCH,UNIT_SCADA,1,"2019/08/21 16:30:00",HUMEV,9.90
D,DISPATCH,UNIT_SCADA,1,"2019/08/21 16:30:00",HVGTS,0
D,DISPATCH,UNIT_SCADA,1,"2019/08/21 16:30:00",JBUTTERS,135.28
D,DISPATCH,UNIT_SCADA,1,"2019/08/21 16:30:00",JLA01,0.50
D,DISPATCH,UNIT_SCADA,1,"2019/08/21 16:30:00",JLA02,0
D,DISPATCH,UNIT_SCADA,1,"2019/08/21 16:30:00",JLA03,0.10
D,DISPATCH,UNIT_SCADA,1,"2019/08/21 16:30:00",JLA04,0.10
D,DISPATCH,UNIT_SCADA,1,"2019/08/21 16:30:00",JLB01,0
D,DISPATCH,UNIT_SCADA,1,"2019/08/21 16:30:00",JLB02,0.10
D,DISPATCH,UNIT_SCADA,1,"2019/08/21 16:30:00",JLB03,0
D,DISPATCH,UNIT_SCADA,1,"2019/08/21 16:30:00",KAREEYA1,21.5550
D,DISPATCH,UNIT_SCADA,1,"2019/08/21 16:30:00",KAREEYA2,21.9025
D,DISPATCH,UNIT_SCADA,1,"2019/08/21 16:30:00",KAREEYA3,0
D,DISPATCH,UNIT_SCADA,1,"2019/08/21 16:30:00",KAREEYA4,21.7475
D,DISPATCH,UNIT_SCADA,1,"2019/08/21 16:30:00",KARSF1,31.60
D,DISPATCH,UNIT_SCADA,1,"2019/08/21 16:30:00",KIATAWF1,27.30
D,DISPATCH,UNIT_SCADA,1,"2019/08/21 16:30:00",KPP_1,0
D,DISPATCH,UNIT_SCADA,1,"2019/08/21 16:30:00",KSP1,43.67
D,DISPATCH,UNIT_SCADA,1,"2019/08/21 16:30:00",LADBROK1,0
D,DISPATCH,UNIT_SCADA,1,"2019/08/21 16:30:00",LADBROK2,0
D,DISPATCH,UNIT_SCADA,1,"2019/08/21 16:30:00",LD01,359.231230
D,DISPATCH,UNIT_SCADA,1,"2019/08/21 16:30:00",LD02,343.574980
D,DISPATCH,UNIT_SCADA,1,"2019/08/21 16:30:00",LD03,346.218750
D,DISPATCH,UNIT_SCADA,1,"2019/08/21 16:30:00",LD04,362.343750
D,DISPATCH,UNIT_SCADA,1,"2019/08/21 16:30:00",LEM_WIL,85.946850
D,DISPATCH,UNIT_SCADA,1,"2019/08/21 16:30:00",LGAPWF1,5.46
D,DISPATCH,UNIT_SCADA,1,"2019/08/21 16:30:00",LILYSF1,68.681720
D,DISPATCH,UNIT_SCADA,1,"2019/08/21 16:30:00",LI_WY_CA,149.870940
D,DISPATCH,UNIT_SCADA,1,"2019/08/21 16:30:00",LKBONNY2,143.346410
D,DISPATCH,UNIT_SCADA,1,"2019/08/21 16:30:00",LKBONNY3,33.325740
D,DISPATCH,UNIT_SCADA,1,"2019/08/21 16:30:00",LK_ECHO,0
D,DISPATCH,UNIT_SCADA,1,"2019/08/21 16:30:00",LNGS1,0
D,DISPATCH,UNIT_SCADA,1,"2019/08/21 16:30:00",LNGS2,0
D,DISPATCH,UNIT_SCADA,1,"2019/08/21 16:30:00",LONSDALE,0
D,DISPATCH,UNIT_SCADA,1,"2019/08/21 16:30:00",LOYYB1,536.840520
D,DISPATCH,UNIT_SCADA,1,"2019/08/21 16:30:00",LOYYB2,582.330380
D,DISPATCH,UNIT_SCADA,1,"2019/08/21 16:30:00",LYA1,552
D,DISPATCH,UNIT_SCADA,1,"2019/08/21 16:30:00",LYA2,0
D,DISPATCH,UNIT_SCADA,1,"2019/08/21 16:30:00",LYA3,560
D,DISPATCH,UNIT_SCADA,1,"2019/08/21 16:30:00",LYA4,528
D,DISPATCH,UNIT_SCADA,1,"2019/08/21 16:30:00",MACARTH1,330.392360
D,DISPATCH,UNIT_SCADA,1,"2019/08/21 16:30:00",MACKAYGT,0
D,DISPATCH,UNIT_SCADA,1,"2019/08/21 16:30:00",MACKNTSH,84.850010
D,DISPATCH,UNIT_SCADA,1,"2019/08/21 16:30:00",MANSLR1,5.1250
D,DISPATCH,UNIT_SCADA,1,"2019/08/21 16:30:00",MCKAY1,0.02
D,DISPATCH,UNIT_SCADA,1,"2019/08/21 16:30:00",MEADOWBK,34.0102
D,DISPATCH,UNIT_SCADA,1,"2019/08/21 16:30:00",MERCER01,122.4680
D,DISPATCH,UNIT_SCADA,1,"2019/08/21 16:30:00",MEWF1,54.616060
D,DISPATCH,UNIT_SCADA,1,"2019/08/21 16:30:00",MINTARO,0
D,DISPATCH,UNIT_SCADA,1,"2019/08/21 16:30:00",MOREESF1,35.7060
D,DISPATCH,UNIT_SCADA,1,"2019/08/21 16:30:00",MORTLK11,0
D,DISPATCH,UNIT_SCADA,1,"2019/08/21 16:30:00",MORTLK12,0
D,DISPATCH,UNIT_SCADA,1,"2019/08/21 16:30:00",MP1,284.525020
D,DISPATCH,UNIT_SCADA,1,"2019/08/21 16:30:00",MP2,0
D,DISPATCH,UNIT_SCADA,1,"2019/08/21 16:30:00",MPP_1,299.75
D,DISPATCH,UNIT_SCADA,1,"2019/08/21 16:30:00",MPP_2,431.50
D,DISPATCH,UNIT_SCADA,1,"2019/08/21 16:30:00",MSTUART1,0
D,DISPATCH,UNIT_SCADA,1,"2019/08/21 16:30:00",MSTUART2,0
D,DISPATCH,UNIT_SCADA,1,"2019/08/21 16:30:00",MSTUART3,0
D,DISPATCH,UNIT_SCADA,1,"2019/08/21 16:30:00",MTGELWF1,64.162110
D,DISPATCH,UNIT_SCADA,1,"2019/08/21 16:30:00",MURRAY,0
D,DISPATCH,UNIT_SCADA,1,"2019/08/21 16:30:00",MUSSELR1,156.899990
D,DISPATCH,UNIT_SCADA,1,"2019/08/21 16:30:00",MUWAWF1,55.76
D,DISPATCH,UNIT_SCADA,1,"2019/08/21 16:30:00",NBHWF1,102.80
D,DISPATCH,UNIT_SCADA,1,"2019/08/21 16:30:00",NPS,100.8750
D,DISPATCH,UNIT_SCADA,1,"2019/08/21 16:30:00",NUMURSF1,42.25
D,DISPATCH,UNIT_SCADA,1,"2019/08/21 16:30:00",NYNGAN1,38.50
D,DISPATCH,UNIT_SCADA,1,"2019/08/21 16:30:00",OAKEY1,0
D,DISPATCH,UNIT_SCADA,1,"2019/08/21 16:30:00",OAKEY1SF,12.7120
D,DISPATCH,UNIT_SCADA,1,"2019/08/21 16:30:00",OAKEY2,0
D,DISPATCH,UNIT_SCADA,1,"2019/08/21 16:30:00",OAKLAND1,60.80
D,DISPATCH,UNIT_SCADA,1,"2019/08/21 16:30:00",OSB-AG,0
D,DISPATCH,UNIT_SCADA,1,"2019/08/21 16:30:00",PARSF1,4.10
D,DISPATCH,UNIT_SCADA,1,"2019/08/21 16:30:00",POAT110,0
D,DISPATCH,UNIT_SCADA,1,"2019/08/21 16:30:00",POAT220,0.727440
D,DISPATCH,UNIT_SCADA,1,"2019/08/21 16:30:00",POR01,0
D,DISPATCH,UNIT_SCADA,1,"2019/08/21 16:30:00",POR03,0
D,DISPATCH,UNIT_SCADA,1,"2019/08/21 16:30:00",PPCCGT,170.867780
D,DISPATCH,UNIT_SCADA,1,"2019/08/21 16:30:00",PTSTAN1,0
D,DISPATCH,UNIT_SCADA,1,"2019/08/21 16:30:00",PUMP1,0
D,DISPATCH,UNIT_SCADA,1,"2019/08/21 16:30:00",PUMP2,0
D,DISPATCH,UNIT_SCADA,1,"2019/08/21 16:30:00",QPS1,0
D,DISPATCH,UNIT_SCADA,1,"2019/08/21 16:30:00",QPS2,0
D,DISPATCH,UNIT_SCADA,1,"2019/08/21 16:30:00",QPS3,0
D,DISPATCH,UNIT_SCADA,1,"2019/08/21 16:30:00",QPS4,0
D,DISPATCH,UNIT_SCADA,1,"2019/08/21 16:30:00",QPS5,0
D,DISPATCH,UNIT_SCADA,1,"2019/08/21 16:30:00",REECE1,114.720010
D,DISPATCH,UNIT_SCADA,1,"2019/08/21 16:30:00",REECE2,114.440010
D,DISPATCH,UNIT_SCADA,1,"2019/08/21 16:30:00",ROMA_7,0
D,DISPATCH,UNIT_SCADA,1,"2019/08/21 16:30:00",ROMA_8,0
D,DISPATCH,UNIT_SCADA,1,"2019/08/21 16:30:00",RRSF1,72.4730
D,DISPATCH,UNIT_SCADA,1,"2019/08/21 16:30:00",RT_NSW1,0
D,DISPATCH,UNIT_SCADA,1,"2019/08/21 16:30:00",RT_NSW2,0
D,DISPATCH,UNIT_SCADA,1,"2019/08/21 16:30:00",RT_NSW3,0
D,DISPATCH,UNIT_SCADA,1,"2019/08/21 16:30:00",RT_NSW4,0
D,DISPATCH,UNIT_SCADA,1,"2019/08/21 16:30:00",RT_NSW5,0
D,DISPATCH,UNIT_SCADA,1,"2019/08/21 16:30:00",RT_NSW6,0
D,DISPATCH,UNIT_SCADA,1,"2019/08/21 16:30:00",RT_QLD1,0
D,DISPATCH,UNIT_SCADA,1,"2019/08/21 16:30:00",RT_SA1,0
D,DISPATCH,UNIT_SCADA,1,"2019/08/21 16:30:00",RT_SA2,0
D,DISPATCH,UNIT_SCADA,1,"2019/08/21 16:30:00",RT_SA3,0
D,DISPATCH,UNIT_SCADA,1,"2019/08/21 16:30:00",RT_SA4,0
D,DISPATCH,UNIT_SCADA,1,"2019/08/21 16:30:00",RT_SA5,0
D,DISPATCH,UNIT_SCADA,1,"2019/08/21 16:30:00",RT_SA6,0
D,DISPATCH,UNIT_SCADA,1,"2019/08/21 16:30:00",RT_TAS1,0
D,DISPATCH,UNIT_SCADA,1,"2019/08/21 16:30:00",RT_VIC1,0
D,DISPATCH,UNIT_SCADA,1,"2019/08/21 16:30:00",RT_VIC10,0
D,DISPATCH,UNIT_SCADA,1,"2019/08/21 16:30:00",RT_VIC11,0
D,DISPATCH,UNIT_SCADA,1,"2019/08/21 16:30:00",RT_VIC12,0
D,DISPATCH,UNIT_SCADA,1,"2019/08/21 16:30:00",RT_VIC2,0
D,DISPATCH,UNIT_SCADA,1,"2019/08/21 16:30:00",RT_VIC3,0
D,DISPATCH,UNIT_SCADA,1,"2019/08/21 16:30:00",RT_VIC4,0
D,DISPATCH,UNIT_SCADA,1,"2019/08/21 16:30:00",RT_VIC5,0
D,DISPATCH,UNIT_SCADA,1,"2019/08/21 16:30:00",RT_VIC6,0
D,DISPATCH,UNIT_SCADA,1,"2019/08/21 16:30:00",RT_VIC7,0
D,DISPATCH,UNIT_SCADA,1,"2019/08/21 16:30:00",RT_VIC8,0
D,DISPATCH,UNIT_SCADA,1,"2019/08/21 16:30:00",RT_VIC9,0
D,DISPATCH,UNIT_SCADA,1,"2019/08/21 16:30:00",RUGBYR1,42.692610
D,DISPATCH,UNIT_SCADA,1,"2019/08/21 16:30:00",SALTCRK1,52.02
D,DISPATCH,UNIT_SCADA,1,"2019/08/21 16:30:00",SAPHWF1,189.028110
D,DISPATCH,UNIT_SCADA,1,"2019/08/21 16:30:00",SHGEN,0
D,DISPATCH,UNIT_SCADA,1,"2019/08/21 16:30:00",SHPUMP,0
D,DISPATCH,UNIT_SCADA,1,"2019/08/21 16:30:00",SITHE01,0.153860
D,DISPATCH,UNIT_SCADA,1,"2019/08/21 16:30:00",SMCSF1,36.213280
D,DISPATCH,UNIT_SCADA,1,"2019/08/21 16:30:00",SNOWNTH1,52.80
D,DISPATCH,UNIT_SCADA,1,"2019/08/21 16:30:00",SNOWSTH1,74.30
D,DISPATCH,UNIT_SCADA,1,"2019/08/21 16:30:00",SNOWTWN1,40.946930
D,DISPATCH,UNIT_SCADA,1,"2019/08/21 16:30:00",SNOWYP,0
D,DISPATCH,UNIT_SCADA,1,"2019/08/21 16:30:00",SNUG1,0.019440
D,DISPATCH,UNIT_SCADA,1,"2019/08/21 16:30:00",SRSF1,29.27
D,DISPATCH,UNIT_SCADA,1,"2019/08/21 16:30:00",STAN-1,0
D,DISPATCH,UNIT_SCADA,1,"2019/08/21 16:30:00",STAN-2,281.132810
D,DISPATCH,UNIT_SCADA,1,"2019/08/21 16:30:00",STAN-3,281.901890
D,DISPATCH,UNIT_SCADA,1,"2019/08/21 16:30:00",STAN-4,279.210140
D,DISPATCH,UNIT_SCADA,1,"2019/08/21 16:30:00",STWF1,23.321260
D,DISPATCH,UNIT_SCADA,1,"2019/08/21 16:30:00",SWAN_E,0
D,DISPATCH,UNIT_SCADA,1,"2019/08/21 16:30:00",TALWA1,82
D,DISPATCH,UNIT_SCADA,1,"2019/08/21 16:30:00",TARALGA1,69.825010
D,DISPATCH,UNIT_SCADA,1,"2019/08/21 16:30:00",TARONG#1,281.600010
D,DISPATCH,UNIT_SCADA,1,"2019/08/21 16:30:00",TARONG#2,280.399990
D,DISPATCH,UNIT_SCADA,1,"2019/08/21 16:30:00",TARONG#3,259.700010
D,DISPATCH,UNIT_SCADA,1,"2019/08/21 16:30:00",TARONG#4,280.399990
D,DISPATCH,UNIT_SCADA,1,"2019/08/21 16:30:00",TARRALEA,86.20
D,DISPATCH,UNIT_SCADA,1,"2019/08/21 16:30:00",TBSF1,25.40
D,DISPATCH,UNIT_SCADA,1,"2019/08/21 16:30:00",TNPS1,442.000030
D,DISPATCH,UNIT_SCADA,1,"2019/08/21 16:30:00",TORRA1,33.5744
D,DISPATCH,UNIT_SCADA,1,"2019/08/21 16:30:00",TORRA2,0
D,DISPATCH,UNIT_SCADA,1,"2019/08/21 16:30:00",TORRA3,0
D,DISPATCH,UNIT_SCADA,1,"2019/08/21 16:30:00",TORRA4,0
D,DISPATCH,UNIT_SCADA,1,"2019/08/21 16:30:00",TORRB1,51.71
D,DISPATCH,UNIT_SCADA,1,"2019/08/21 16:30:00",TORRB2,52.57
D,DISPATCH,UNIT_SCADA,1,"2019/08/21 16:30:00",TORRB3,0
D,DISPATCH,UNIT_SCADA,1,"2019/08/21 16:30:00",TORRB4,0
D,DISPATCH,UNIT_SCADA,1,"2019/08/21 16:30:00",TREVALLN,43.660020
D,DISPATCH,UNIT_SCADA,1,"2019/08/21 16:30:00",TRIBUTE,0
D,DISPATCH,UNIT_SCADA,1,"2019/08/21 16:30:00",TUMUT3,0
D,DISPATCH,UNIT_SCADA,1,"2019/08/21 16:30:00",TUNGATIN,118.570040
D,DISPATCH,UNIT_SCADA,1,"2019/08/21 16:30:00",TVCC201,0
D,DISPATCH,UNIT_SCADA,1,"2019/08/21 16:30:00",TVPP104,0
D,DISPATCH,UNIT_SCADA,1,"2019/08/21 16:30:00",UPPTUMUT,0
D,DISPATCH,UNIT_SCADA,1,"2019/08/21 16:30:00",URANQ11,0
D,DISPATCH,UNIT_SCADA,1,"2019/08/21 16:30:00",URANQ12,0
D,DISPATCH,UNIT_SCADA,1,"2019/08/21 16:30:00",URANQ13,0
D,DISPATCH,UNIT_SCADA,1,"2019/08/21 16:30:00",URANQ14,0
D,DISPATCH,UNIT_SCADA,1,"2019/08/21 16:30:00",VP5,404.50
D,DISPATCH,UNIT_SCADA,1,"2019/08/21 16:30:00",VP6,407.800020
D,DISPATCH,UNIT_SCADA,1,"2019/08/21 16:30:00",VPGS1,0
D,DISPATCH,UNIT_SCADA,1,"2019/08/21 16:30:00",VPGS2,0
D,DISPATCH,UNIT_SCADA,1,"2019/08/21 16:30:00",VPGS3,0
D,DISPATCH,UNIT_SCADA,1,"2019/08/21 16:30:00",VPGS4,0
D,DISPATCH,UNIT_SCADA,1,"2019/08/21 16:30:00",VPGS5,0
D,DISPATCH,UNIT_SCADA,1,"2019/08/21 16:30:00",VPGS6,0
D,DISPATCH,UNIT_SCADA,1,"2019/08/21 16:30:00",W/HOE#1,0
D,DISPATCH,UNIT_SCADA,1,"2019/08/21 16:30:00",W/HOE#2,0
D,DISPATCH,UNIT_SCADA,1,"2019/08/21 16:30:00",WATERLWF,85.40
D,DISPATCH,UNIT_SCADA,1,"2019/08/21 16:30:00",WEMENSF1,63.30
D,DISPATCH,UNIT_SCADA,1,"2019/08/21 16:30:00",WGWF1,89.10
D,DISPATCH,UNIT_SCADA,1,"2019/08/21 16:30:00",WHITSF1,38.40
D,DISPATCH,UNIT_SCADA,1,"2019/08/21 16:30:00",WKIEWA1,0
D,DISPATCH,UNIT_SCADA,1,"2019/08/21 16:30:00",WKIEWA2,0.10
D,DISPATCH,UNIT_SCADA,1,"2019/08/21 16:30:00",WOODLWN1,44.28
D,DISPATCH,UNIT_SCADA,1,"2019/08/21 16:30:00",WRSF1,6.11
D,DISPATCH,UNIT_SCADA,1,"2019/08/21 16:30:00",WRWF1,158.923770
D,DISPATCH,UNIT_SCADA,1,"2019/08/21 16:30:00",YABULU,0
D,DISPATCH,UNIT_SCADA,1,"2019/08/21 16:30:00",YABULU2,0
D,DISPATCH,UNIT_SCADA,1,"2019/08/21 16:30:00",YARWUN_1,0
D,DISPATCH,UNIT_SCADA,1,"2019/08/21 16:30:00",YENDWF1,41.82
D,DISPATCH,UNIT_SCADA,1,"2019/08/21 16:30:00",YWPS1,383.207580
D,DISPATCH,UNIT_SCADA,1,"2019/08/21 16:30:00",YWPS2,285.210110
D,DISPATCH,UNIT_SCADA,1,"2019/08/21 16:30:00",YWPS3,0
D,DISPATCH,UNIT_SCADA,1,"2019/08/21 16:30:00",YWPS4,399.189880
C,"END OF REPORT",334
