C,NEMP.WORLD,DISPATCHSCADA,AEMO,PUBLIC,2019/08/22,06:25:07,0000000311855793,DISPATCHSCADA,0000000311855787
I,DISPATCH,UNIT_SCADA,1,SETTLEMENTDATE,DUID,SCADAVALUE
D,DISPATCH,UNIT_SCADA,1,"2019/08/22 06:30:00",BARCSF1,0.70
D,DISPATCH,UNIT_SCADA,1,"2019/08/22 06:30:00",BUTLERSG,9.599998
D,DISPATCH,UNIT_SCADA,1,"2019/08/22 06:30:00",CALL_A_4,0
D,DISPATCH,UNIT_SCADA,1,"2019/08/22 06:30:00",CAPTL_WF,125.295998
D,DISPATCH,UNIT_SCADA,1,"2019/08/22 06:30:00",CATHROCK,4.04
D,DISPATCH,UNIT_SCADA,1,"2019/08/22 06:30:00",CHALLHWF,48
D,DISPATCH,UNIT_SCADA,1,"2019/08/22 06:30:00",CLOVER,-0.01
D,DISPATCH,UNIT_SCADA,1,"2019/08/22 06:30:00",CLUNY,19.602198
D,DISPATCH,UNIT_SCADA,1,"2019/08/22 06:30:00",CNUNDAWF,41.148003
D,DISPATCH,UNIT_SCADA,1,"2019/08/22 06:30:00",CULLRGWF,30.17
D,DISPATCH,UNIT_SCADA,1,"2019/08/22 06:30:00",ERGT01,0
D,DISPATCH,UNIT_SCADA,1,"2019/08/22 06:30:00",GB01,0.060799
D,DISPATCH,UNIT_SCADA,1,"2019/08/22 06:30:00",GERMCRK,37.099998
D,DISPATCH,UNIT_SCADA,1,"2019/08/22 06:30:00",GRIFSF1,0
D,DISPATCH,UNIT_SCADA,1,"2019/08/22 06:30:00",HUGSF1,-0.2430
D,DISPATCH,UNIT_SCADA,1,"2019/08/22 06:30:00",LKBONNY1,68.321663
D,DISPATCH,UNIT_SCADA,1,"2019/08/22 06:30:00",LRSF1,0.0390
D,DISPATCH,UNIT_SCADA,1,"2019/08/22 06:30:00",MBAHNTH,55.968750
D,DISPATCH,UNIT_SCADA,1,"2019/08/22 06:30:00",MLSP1,0.271001
D,DISPATCH,UNIT_SCADA,1,"2019/08/22 06:30:00",MLWF1,17.34
D,DISPATCH,UNIT_SCADA,1,"2019/08/22 06:30:00",MTMILLAR,11.645653
D,DISPATCH,UNIT_SCADA,1,"2019/08/22 06:30:00",PALOONA,28.51
D,DISPATCH,UNIT_SCADA,1,"2019/08/22 06:30:00",PIONEER,47.200001
D,DISPATCH,UNIT_SCADA,1,"2019/08/22 06:30:00",PORTWF,116.50
D,DISPATCH,UNIT_SCADA,1,"2019/08/22 06:30:00",REPULSE,29.000076
D,DISPATCH,UNIT_SCADA,1,"2019/08/22 06:30:00",ROWALLAN,10.3802
D,DISPATCH,UNIT_SCADA,1,"2019/08/22 06:30:00",ROYALLA1,0
D,DISPATCH,UNIT_SCADA,1,"2019/08/22 06:30:00",RPCG,11.30
D,DISPATCH,UNIT_SCADA,1,"2019/08/22 06:30:00",RUBICON,0
D,DISPATCH,UNIT_SCADA,1,"2019/08/22 06:30:00",SATGN1,0
D,DISPATCH,UNIT_SCADA,1,"2019/08/22 06:30:00",SATGS1,0
D,DISPATCH,UNIT_SCADA,1,"2019/08/22 06:30:00",STARHLWF,2.899155
D,DISPATCH,UNIT_SCADA,1,"2019/08/22 06:30:00",WAUBRAWF,174.858002
D,DISPATCH,UNIT_SCADA,1,"2019/08/22 06:30:00",WOOLNTH1,100.620018
D,DISPATCH,UNIT_SCADA,1,"2019/08/22 06:30:00",WPWF,10
D,DISPATCH,UNIT_SCADA,1,"2019/08/22 06:30:00",YAMBUKWF,27.299999
D,DISPATCH,UNIT_SCADA,1,"2019/08/22 06:30:00",YSWF1,25.60
D,DISPATCH,UNIT_SCADA,1,"2019/08/22 06:30:00",AGLHAL,0
D,DISPATCH,UNIT_SCADA,1,"2019/08/22 06:30:00",AGLSOM,0
D,DISPATCH,UNIT_SCADA,1,"2019/08/22 06:30:00",ANGAST1,0
D,DISPATCH,UNIT_SCADA,1,"2019/08/22 06:30:00",ARWF1,209.100010
D,DISPATCH,UNIT_SCADA,1,"2019/08/22 06:30:00",BALBG1,0
D,DISPATCH,UNIT_SCADA,1,"2019/08/22 06:30:00",BALBL1,0
D,DISPATCH,UNIT_SCADA,1,"2019/08/22 06:30:00",BALDHWF1,99.2510
D,DISPATCH,UNIT_SCADA,1,"2019/08/22 06:30:00",BANN1,0
D,DISPATCH,UNIT_SCADA,1,"2019/08/22 06:30:00",BARCALDN,0
D,DISPATCH,UNIT_SCADA,1,"2019/08/22 06:30:00",BARRON-1,0
D,DISPATCH,UNIT_SCADA,1,"2019/08/22 06:30:00",BARRON-2,25.04
D,DISPATCH,UNIT_SCADA,1,"2019/08/22 06:30:00",BASTYAN,78.48
D,DISPATCH,UNIT_SCADA,1,"2019/08/22 06:30:00",BBTHREE1,-2
D,DISPATCH,UNIT_SCADA,1,"2019/08/22 06:30:00",BBTHREE2,-2.01
D,DISPATCH,UNIT_SCADA,1,"2019/08/22 06:30:00",BBTHREE3,-1.05
D,DISPATCH,UNIT_SCADA,1,"2019/08/22 06:30:00",BDL01,0
D,DISPATCH,UNIT_SCADA,1,"2019/08/22 06:30:00",BDL02,0
D,DISPATCH,UNIT_SCADA,1,"2019/08/22 06:30:00",BERYLSF1,0
D,DISPATCH,UNIT_SCADA,1,"2019/08/22 06:30:00",BLOWERNG,0
D,DISPATCH,UNIT_SCADA,1,"2019/08/22 06:30:00",BLUFF1,29.20
D,DISPATCH,UNIT_SCADA,1,"2019/08/22 06:30:00",BNGSF1,0
D,DISPATCH,UNIT_SCADA,1,"2019/08/22 06:30:00",BNGSF2,0
D,DISPATCH,UNIT_SCADA,1,"2019/08/22 06:30:00",BOCORWF1,107.16
D,DISPATCH,UNIT_SCADA,1,"2019/08/22 06:30:00",BODWF1,101.742540
D,DISPATCH,UNIT_SCADA,1,"2019/08/22 06:30:00",BRAEMAR1,0
D,DISPATCH,UNIT_SCADA,1,"2019/08/22 06:30:00",BRAEMAR2,0
D,DISPATCH,UNIT_SCADA,1,"2019/08/22 06:30:00",BRAEMAR3,0
D,DISPATCH,UNIT_SCADA,1,"2019/08/22 06:30:00",BRAEMAR5,0
D,DISPATCH,UNIT_SCADA,1,"2019/08/22 06:30:00",BRAEMAR6,0
D,DISPATCH,UNIT_SCADA,1,"2019/08/22 06:30:00",BRAEMAR7,0
D,DISPATCH,UNIT_SCADA,1,"2019/08/22 06:30:00",BROKENH1,0
D,DISPATCH,UNIT_SCADA,1,"2019/08/22 06:30:00",BW01,482.50
D,DISPATCH,UNIT_SCADA,1,"2019/08/22 06:30:00",BW02,625.825070
D,DISPATCH,UNIT_SCADA,1,"2019/08/22 06:30:00",BW03,632.25
D,DISPATCH,UNIT_SCADA,1,"2019/08/22 06:30:00",BW04,0
D,DISPATCH,UNIT_SCADA,1,"2019/08/22 06:30:00",CALL_B_1,350.300020
D,DISPATCH,UNIT_SCADA,1,"2019/08/22 06:30:00",CALL_B_2,290.300020
D,DISPATCH,UNIT_SCADA,1,"2019/08/22 06:30:00",CETHANA,98.783250
D,DISPATCH,UNIT_SCADA,1,"2019/08/22 06:30:00",CG1,0
D,DISPATCH,UNIT_SCADA,1,"2019/08/22 06:30:00",CG2,0
D,DISPATCH,UNIT_SCADA,1,"2019/08/22 06:30:00",CG3,0
D,DISPATCH,UNIT_SCADA,1,"2019/08/22 06:30:00",CG4,0
D,DISPATCH,UNIT_SCADA,1,"2019/08/22 06:30:00",CHILDSF1,0.37
D,DISPATCH,UNIT_SCADA,1,"2019/08/22 06:30:00",CLARESF1,0
D,DISPATCH,UNIT_SCADA,1,"2019/08/22 06:30:00",CLEMGPWF,0.576280
D,DISPATCH,UNIT_SCADA,1,"2019/08/22 06:30:00",CLERMSF1,0
D,DISPATCH,UNIT_SCADA,1,"2019/08/22 06:30:00",COLEASF1,0
D,DISPATCH,UNIT_SCADA,1,"2019/08/22 06:30:00",COOPGWF1,35.390520
D,DISPATCH,UNIT_SCADA,1,"2019/08/22 06:30:00",CPP_3,405.075010
D,DISPATCH,UNIT_SCADA,1,"2019/08/22 06:30:00",CPP_4,405.075010
D,DISPATCH,UNIT_SCADA,1,"2019/08/22 06:30:00",CPSA,143.041890
D,DISPATCH,UNIT_SCADA,1,"2019/08/22 06:30:00",CROOKWF2,84.763760
D,DISPATCH,UNIT_SCADA,1,"2019/08/22 06:30:00",CROWLWF1,45.639680
D,DISPATCH,UNIT_SCADA,1,"2019/08/22 06:30:00",CSPVPS1,0.0470
D,DISPATCH,UNIT_SCADA,1,"2019/08/22 06:30:00",DALNTH01,0.010680
D,DISPATCH,UNIT_SCADA,1,"2019/08/22 06:30:00",DALNTHL1,0
D,DISPATCH,UNIT_SCADA,1,"2019/08/22 06:30:00",DARTM1,0
D,DISPATCH,UNIT_SCADA,1,"2019/08/22 06:30:00",DAYDSF1,0
D,DISPATCH,UNIT_SCADA,1,"2019/08/22 06:30:00",DDPS1,0
D,DISPATCH,UNIT_SCADA,1,"2019/08/22 06:30:00",DDSF1,0
D,DISPATCH,UNIT_SCADA,1,"2019/08/22 06:30:00",DEVILS_G,0
D,DISPATCH,UNIT_SCADA,1,"2019/08/22 06:30:00",DG_NSW1,0
D,DISPATCH,UNIT_SCADA,1,"2019/08/22 06:30:00",DG_QLD1,0
D,DISPATCH,UNIT_SCADA,1,"2019/08/22 06:30:00",DG_SA1,0
D,DISPATCH,UNIT_SCADA,1,"2019/08/22 06:30:00",DG_TAS1,0
D,DISPATCH,UNIT_SCADA,1,"2019/08/22 06:30:00",DG_VIC1,0
D,DISPATCH,UNIT_SCADA,1,"2019/08/22 06:30:00",DRYCGT1,0
D,DISPATCH,UNIT_SCADA,1,"2019/08/22 06:30:00",DRYCGT2,0
D,DISPATCH,UNIT_SCADA,1,"2019/08/22 06:30:00",DRYCGT3,0
D,DISPATCH,UNIT_SCADA,1,"2019/08/22 06:30:00",EILDON1,0
D,DISPATCH,UNIT_SCADA,1,"2019/08/22 06:30:00",EILDON2,0
D,DISPATCH,UNIT_SCADA,1,"2019/08/22 06:30:00",EMERASF1,0
D,DISPATCH,UNIT_SCADA,1,"2019/08/22 06:30:00",ER01,561.849980
D,DISPATCH,UNIT_SCADA,1,"2019/08/22 06:30:00",ER02,566.275020
D,DISPATCH,UNIT_SCADA,1,"2019/08/22 06:30:00",ER03,698.474980
D,DISPATCH,UNIT_SCADA,1,"2019/08/22 06:30:00",ER04,672.824950
D,DISPATCH,UNIT_SCADA,1,"2019/08/22 06:30:00",FINLYSF1,0
D,DISPATCH,UNIT_SCADA,1,"2019/08/22 06:30:00",FISHER,45.75
D,DISPATCH,UNIT_SCADA,1,"2019/08/22 06:30:00",GANNBG1,0.862070
D,DISPATCH,UNIT_SCADA,1,"2019/08/22 06:30:00",GANNBL1,0
D,DISPATCH,UNIT_SCADA,1,"2019/08/22 06:30:00",GANNSF1,0
D,DISPATCH,UNIT_SCADA,1,"2019/08/22 06:30:00",GORDON,17.825920
D,DISPATCH,UNIT_SCADA,1,"2019/08/22 06:30:00",GSTONE1,187.4250
D,DISPATCH,UNIT_SCADA,1,"2019/08/22 06:30:00",GSTONE2,195.649990
D,DISPATCH,UNIT_SCADA,1,"2019/08/22 06:30:00",GSTONE3,189.349990
D,DISPATCH,UNIT_SCADA,1,"2019/08/22 06:30:00",GSTONE4,200.3750
D,DISPATCH,UNIT_SCADA,1,"2019/08/22 06:30:00",GSTONE5,188.30
D,DISPATCH,UNIT_SCADA,1,"2019/08/22 06:30:00",GSTONE6,0
D,DISPATCH,UNIT_SCADA,1,"2019/08/22 06:30:00",GULLRSF1,0
D,DISPATCH,UNIT_SCADA,1,"2019/08/22 06:30:00",GULLRWF1,158.5206
D,DISPATCH,UNIT_SCADA,1,"2019/08/22 06:30:00",GUNNING1,46.473820
D,DISPATCH,UNIT_SCADA,1,"2019/08/22 06:30:00",GUTHEGA,0
D,DISPATCH,UNIT_SCADA,1,"2019/08/22 06:30:00",HALLWF1,71.50
D,DISPATCH,UNIT_SCADA,1,"2019/08/22 06:30:00",HALLWF2,55.12
D,DISPATCH,UNIT_SCADA,1,"2019/08/22 06:30:00",HAMISF1,0
D,DISPATCH,UNIT_SCADA,1,"2019/08/22 06:30:00",HAUGHT11,0
D,DISPATCH,UNIT_SCADA,1,"2019/08/22 06:30:00",HAYMSF1,0
D,DISPATCH,UNIT_SCADA,1,"2019/08/22 06:30:00",HDWF1,45.70
D,DISPATCH,UNIT_SCADA,1,"2019/08/22 06:30:00",HDWF2,43.30
D,DISPATCH,UNIT_SCADA,1,"2019/08/22 06:30:00",HDWF3,52.40
D,DISPATCH,UNIT_SCADA,1,"2019/08/22 06:30:00",HPRG1,0
D,DISPATCH,UNIT_SCADA,1,"2019/08/22 06:30:00",HPRL1,15.20
D,DISPATCH,UNIT_SCADA,1,"2019/08/22 06:30:00",HUMENSW,0
D,DISPATCH,UNIT_SCADA,1,"2019/08/22 06:30:00",HUMEV,9.50
D,DISPATCH,UNIT_SCADA,1,"2019/08/22 06:30:00",HVGTS,0
D,DISPATCH,UNIT_SCADA,1,"2019/08/22 06:30:00",JBUTTERS,133.099990
D,DISPATCH,UNIT_SCADA,1,"2019/08/22 06:30:00",JLA01,0.50
D,DISPATCH,UNIT_SCADA,1,"2019/08/22 06:30:00",JLA02,0
D,DISPATCH,UNIT_SCADA,1,"2019/08/22 06:30:00",JLA03,0.10
D,DISPATCH,UNIT_SCADA,1,"2019/08/22 06:30:00",JLA04,0.10
D,DISPATCH,UNIT_SCADA,1,"2019/08/22 06:30:00",JLB01,0
D,DISPATCH,UNIT_SCADA,1,"2019/08/22 06:30:00",JLB02,0.10
D,DISPATCH,UNIT_SCADA,1,"2019/08/22 06:30:00",JLB03,0
D,DISPATCH,UNIT_SCADA,1,"2019/08/22 06:30:00",KAREEYA1,21.4775
D,DISPATCH,UNIT_SCADA,1,"2019/08/22 06:30:00",KAREEYA2,21.92
D,DISPATCH,UNIT_SCADA,1,"2019/08/22 06:30:00",KAREEYA3,0
D,DISPATCH,UNIT_SCADA,1,"2019/08/22 06:30:00",KAREEYA4,21.5775
D,DISPATCH,UNIT_SCADA,1,"2019/08/22 06:30:00",KARSF1,0
D,DISPATCH,UNIT_SCADA,1,"2019/08/22 06:30:00",KIATAWF1,30.90
D,DISPATCH,UNIT_SCADA,1,"2019/08/22 06:30:00",KPP_1,0
D,DISPATCH,UNIT_SCADA,1,"2019/08/22 06:30:00",KSP1,0
D,DISPATCH,UNIT_SCADA,1,"2019/08/22 06:30:00",LADBROK1,0
D,DISPATCH,UNIT_SCADA,1,"2019/08/22 06:30:00",LADBROK2,0
D,DISPATCH,UNIT_SCADA,1,"2019/08/22 06:30:00",LD01,352.274960
D,DISPATCH,UNIT_SCADA,1,"2019/08/22 06:30:00",LD02,349.050020
D,DISPATCH,UNIT_SCADA,1,"2019/08/22 06:30:00",LD03,348.843750
D,DISPATCH,UNIT_SCADA,1,"2019/08/22 06:30:00",LD04,351.112520
D,DISPATCH,UNIT_SCADA,1,"2019/08/22 06:30:00",LEM_WIL,85.999250
D,DISPATCH,UNIT_SCADA,1,"2019/08/22 06:30:00",LGAPWF1,8.21
D,DISPATCH,UNIT_SCADA,1,"2019/08/22 06:30:00",LILYSF1,0
D,DISPATCH,UNIT_SCADA,1,"2019/08/22 06:30:00",LI_WY_CA,149.013260
D,DISPATCH,UNIT_SCADA,1,"2019/08/22 06:30:00",LKBONNY2,149.0455
D,DISPATCH,UNIT_SCADA,1,"2019/08/22 06:30:00",LKBONNY3,33.660680
D,DISPATCH,UNIT_SCADA,1,"2019/08/22 06:30:00",LK_ECHO,0
D,DISPATCH,UNIT_SCADA,1,"2019/08/22 06:30:00",LNGS1,0
D,DISPATCH,UNIT_SCADA,1,"2019/08/22 06:30:00",LNGS2,0
D,DISPATCH,UNIT_SCADA,1,"2019/08/22 06:30:00",LONSDALE,0
D,DISPATCH,UNIT_SCADA,1,"2019/08/22 06:30:00",LOYYB1,530.073430
D,DISPATCH,UNIT_SCADA,1,"2019/08/22 06:30:00",LOYYB2,574.8114
D,DISPATCH,UNIT_SCADA,1,"2019/08/22 06:30:00",LYA1,559
D,DISPATCH,UNIT_SCADA,1,"2019/08/22 06:30:00",LYA2,0
D,DISPATCH,UNIT_SCADA,1,"2019/08/22 06:30:00",LYA3,559
D,DISPATCH,UNIT_SCADA,1,"2019/08/22 06:30:00",LYA4,529
D,DISPATCH,UNIT_SCADA,1,"2019/08/22 06:30:00",MACARTH1,290.593290
D,DISPATCH,UNIT_SCADA,1,"2019/08/22 06:30:00",MACKAYGT,0
D,DISPATCH,UNIT_SCADA,1,"2019/08/22 06:30:00",MACKNTSH,85.820010
D,DISPATCH,UNIT_SCADA,1,"2019/08/22 06:30:00",MANSLR1,0
D,DISPATCH,UNIT_SCADA,1,"2019/08/22 06:30:00",MCKAY1,0.02
D,DISPATCH,UNIT_SCADA,1,"2019/08/22 06:30:00",MEADOWBK,34.210260
D,DISPATCH,UNIT_SCADA,1,"2019/08/22 06:30:00",MERCER01,93.832990
D,DISPATCH,UNIT_SCADA,1,"2019/08/22 06:30:00",MEWF1,67.153920
D,DISPATCH,UNIT_SCADA,1,"2019/08/22 06:30:00",MINTARO,0
D,DISPATCH,UNIT_SCADA,1,"2019/08/22 06:30:00",MOREESF1,0
D,DISPATCH,UNIT_SCADA,1,"2019/08/22 06:30:00",MORTLK11,0
D,DISPATCH,UNIT_SCADA,1,"2019/08/22 06:30:00",MORTLK12,0
D,DISPATCH,UNIT_SCADA,1,"2019/08/22 06:30:00",MP1,278.449950
D,DISPATCH,UNIT_SCADA,1,"2019/08/22 06:30:00",MP2,0
D,DISPATCH,UNIT_SCADA,1,"2019/08/22 06:30:00",MPP_1,423.25
D,DISPATCH,UNIT_SCADA,1,"2019/08/22 06:30:00",MPP_2,435
D,DISPATCH,UNIT_SCADA,1,"2019/08/22 06:30:00",MSTUART1,0
D,DISPATCH,UNIT_SCADA,1,"2019/08/22 06:30:00",MSTUART2,0
D,DISPATCH,UNIT_SCADA,1,"2019/08/22 06:30:00",MSTUART3,0
D,DISPATCH,UNIT_SCADA,1,"2019/08/22 06:30:00",MTGELWF1,64.400160
D,DISPATCH,UNIT_SCADA,1,"2019/08/22 06:30:00",MURRAY,0
D,DISPATCH,UNIT_SCADA,1,"2019/08/22 06:30:00",MUSSELR1,153
D,DISPATCH,UNIT_SCADA,1,"2019/08/22 06:30:00",MUWAWF1,54.60
D,DISPATCH,UNIT_SCADA,1,"2019/08/22 06:30:00",NBHWF1,94.10
D,DISPATCH,UNIT_SCADA,1,"2019/08/22 06:30:00",NPS,0
D,DISPATCH,UNIT_SCADA,1,"2019/08/22 06:30:00",NUMURSF1,0
D,DISPATCH,UNIT_SCADA,1,"2019/08/22 06:30:00",NYNGAN1,0
D,DISPATCH,UNIT_SCADA,1,"2019/08/22 06:30:00",OAKEY1,0
D,DISPATCH,UNIT_SCADA,1,"2019/08/22 06:30:00",OAKEY1SF,0.1370
D,DISPATCH,UNIT_SCADA,1,"2019/08/22 06:30:00",OAKEY2,0
D,DISPATCH,UNIT_SCADA,1,"2019/08/22 06:30:00",OAKLAND1,58.50
D,DISPATCH,UNIT_SCADA,1,"2019/08/22 06:30:00",OSB-AG,0
D,DISPATCH,UNIT_SCADA,1,"2019/08/22 06:30:00",PARSF1,0
D,DISPATCH,UNIT_SCADA,1,"2019/08/22 06:30:00",POAT110,0
D,DISPATCH,UNIT_SCADA,1,"2019/08/22 06:30:00",POAT220,0
D,DISPATCH,UNIT_SCADA,1,"2019/08/22 06:30:00",POR01,0
D,DISPATCH,UNIT_SCADA,1,"2019/08/22 06:30:00",POR03,0
D,DISPATCH,UNIT_SCADA,1,"2019/08/22 06:30:00",PPCCGT,173.5522
D,DISPATCH,UNIT_SCADA,1,"2019/08/22 06:30:00",PTSTAN1,0
D,DISPATCH,UNIT_SCADA,1,"2019/08/22 06:30:00",PUMP1,0
D,DISPATCH,UNIT_SCADA,1,"2019/08/22 06:30:00",PUMP2,0
D,DISPATCH,UNIT_SCADA,1,"2019/08/22 06:30:00",QPS1,0
D,DISPATCH,UNIT_SCADA,1,"2019/08/22 06:30:00",QPS2,0
D,DISPATCH,UNIT_SCADA,1,"2019/08/22 06:30:00",QPS3,0
D,DISPATCH,UNIT_SCADA,1,"2019/08/22 06:30:00",QPS4,0
D,DISPATCH,UNIT_SCADA,1,"2019/08/22 06:30:00",QPS5,0
D,DISPATCH,UNIT_SCADA,1,"2019/08/22 06:30:00",REECE1,118.800010
D,DISPATCH,UNIT_SCADA,1,"2019/08/22 06:30:00",REECE2,117.190010
D,DISPATCH,UNIT_SCADA,1,"2019/08/22 06:30:00",ROMA_7,0
D,DISPATCH,UNIT_SCADA,1,"2019/08/22 06:30:00",ROMA_8,0
D,DISPATCH,UNIT_SCADA,1,"2019/08/22 06:30:00",RRSF1,0
D,DISPATCH,UNIT_SCADA,1,"2019/08/22 06:30:00",RT_NSW1,0
D,DISPATCH,UNIT_SCADA,1,"2019/08/22 06:30:00",RT_NSW2,0
D,DISPATCH,UNIT_SCADA,1,"2019/08/22 06:30:00",RT_NSW3,0
D,DISPATCH,UNIT_SCADA,1,"2019/08/22 06:30:00",RT_NSW4,0
D,DISPATCH,UNIT_SCADA,1,"2019/08/22 06:30:00",RT_NSW5,0
D,DISPATCH,UNIT_SCADA,1,"2019/08/22 06:30:00",RT_NSW6,0
D,DISPATCH,UNIT_SCADA,1,"2019/08/22 06:30:00",RT_QLD1,0
D,DISPATCH,UNIT_SCADA,1,"2019/08/22 06:30:00",RT_SA1,0
D,DISPATCH,UNIT_SCADA,1,"2019/08/22 06:30:00",RT_SA2,0
D,DISPATCH,UNIT_SCADA,1,"2019/08/22 06:30:00",RT_SA3,0
D,DISPATCH,UNIT_SCADA,1,"2019/08/22 06:30:00",RT_SA4,0
D,DISPATCH,UNIT_SCADA,1,"2019/08/22 06:30:00",RT_SA5,0
D,DISPATCH,UNIT_SCADA,1,"2019/08/22 06:30:00",RT_SA6,0
D,DISPATCH,UNIT_SCADA,1,"2019/08/22 06:30:00",RT_TAS1,0
D,DISPATCH,UNIT_SCADA,1,"2019/08/22 06:30:00",RT_VIC1,0
D,DISPATCH,UNIT_SCADA,1,"2019/08/22 06:30:00",RT_VIC10,0
D,DISPATCH,UNIT_SCADA,1,"2019/08/22 06:30:00",RT_VIC11,0
D,DISPATCH,UNIT_SCADA,1,"2019/08/22 06:30:00",RT_VIC12,0
D,DISPATCH,UNIT_SCADA,1,"2019/08/22 06:30:00",RT_VIC2,0
D,DISPATCH,UNIT_SCADA,1,"2019/08/22 06:30:00",RT_VIC3,0
D,DISPATCH,UNIT_SCADA,1,"2019/08/22 06:30:00",RT_VIC4,0
D,DISPATCH,UNIT_SCADA,1,"2019/08/22 06:30:00",RT_VIC5,0
D,DISPATCH,UNIT_SCADA,1,"2019/08/22 06:30:00",RT_VIC6,0
D,DISPATCH,UNIT_SCADA,1,"2019/08/22 06:30:00",RT_VIC7,0
D,DISPATCH,UNIT_SCADA,1,"2019/08/22 06:30:00",RT_VIC8,0
D,DISPATCH,UNIT_SCADA,1,"2019/08/22 06:30:00",RT_VIC9,0
D,DISPATCH,UNIT_SCADA,1,"2019/08/22 06:30:00",RUGBYR1,0
D,DISPATCH,UNIT_SCADA,1,"2019/08/22 06:30:00",SALTCRK1,43.26
D,DISPATCH,UNIT_SCADA,1,"2019/08/22 06:30:00",SAPHWF1,225.9281
D,DISPATCH,UNIT_SCADA,1,"2019/08/22 06:30:00",SHGEN,0
D,DISPATCH,UNIT_SCADA,1,"2019/08/22 06:30:00",SHPUMP,0
D,DISPATCH,UNIT_SCADA,1,"2019/08/22 06:30:00",SITHE01,0.123710
D,DISPATCH,UNIT_SCADA,1,"2019/08/22 06:30:00",SMCSF1,0
D,DISPATCH,UNIT_SCADA,1,"2019/08/22 06:30:00",SNOWNTH1,20.70
D,DISPATCH,UNIT_SCADA,1,"2019/08/22 06:30:00",SNOWSTH1,30.10
D,DISPATCH,UNIT_SCADA,1,"2019/08/22 06:30:00",SNOWTWN1,19.604210
D,DISPATCH,UNIT_SCADA,1,"2019/08/22 06:30:00",SNOWYP,0
D,DISPATCH,UNIT_SCADA,1,"2019/08/22 06:30:00",SNUG1,0.019440
D,DISPATCH,UNIT_SCADA,1,"2019/08/22 06:30:00",SRSF1,0.44
D,DISPATCH,UNIT_SCADA,1,"2019/08/22 06:30:00",STAN-1,0
D,DISPATCH,UNIT_SCADA,1,"2019/08/22 06:30:00",STAN-2,283.593810
D,DISPATCH,UNIT_SCADA,1,"2019/08/22 06:30:00",STAN-3,293.642970
D,DISPATCH,UNIT_SCADA,1,"2019/08/22 06:30:00",STAN-4,271.455380
D,DISPATCH,UNIT_SCADA,1,"2019/08/22 06:30:00",STWF1,165.723750
D,DISPATCH,UNIT_SCADA,1,"2019/08/22 06:30:00",SWAN_E,0
D,DISPATCH,UNIT_SCADA,1,"2019/08/22 06:30:00",TALWA1,415
D,DISPATCH,UNIT_SCADA,1,"2019/08/22 06:30:00",TARALGA1,77.561250
D,DISPATCH,UNIT_SCADA,1,"2019/08/22 06:30:00",TARONG#1,339.200010
D,DISPATCH,UNIT_SCADA,1,"2019/08/22 06:30:00",TARONG#2,329.899990
D,DISPATCH,UNIT_SCADA,1,"2019/08/22 06:30:00",TARONG#3,261.100010
D,DISPATCH,UNIT_SCADA,1,"2019/08/22 06:30:00",TARONG#4,344.600010
D,DISPATCH,UNIT_SCADA,1,"2019/08/22 06:30:00",TARRALEA,84.10
D,DISPATCH,UNIT_SCADA,1,"2019/08/22 06:30:00",TBSF1,-0.20
D,DISPATCH,UNIT_SCADA,1,"2019/08/22 06:30:00",TNPS1,220.000020
D,DISPATCH,UNIT_SCADA,1,"2019/08/22 06:30:00",TORRA1,44.0810
D,DISPATCH,UNIT_SCADA,1,"2019/08/22 06:30:00",TORRA2,0
D,DISPATCH,UNIT_SCADA,1,"2019/08/22 06:30:00",TORRA3,17.229010
D,DISPATCH,UNIT_SCADA,1,"2019/08/22 06:30:00",TORRA4,0
D,DISPATCH,UNIT_SCADA,1,"2019/08/22 06:30:00",TORRB1,60
D,DISPATCH,UNIT_SCADA,1,"2019/08/22 06:30:00",TORRB2,59.88
D,DISPATCH,UNIT_SCADA,1,"2019/08/22 06:30:00",TORRB3,0
D,DISPATCH,UNIT_SCADA,1,"2019/08/22 06:30:00",TORRB4,0
D,DISPATCH,UNIT_SCADA,1,"2019/08/22 06:30:00",TREVALLN,22.170030
D,DISPATCH,UNIT_SCADA,1,"2019/08/22 06:30:00",TRIBUTE,83.74
D,DISPATCH,UNIT_SCADA,1,"2019/08/22 06:30:00",TUMUT3,0
D,DISPATCH,UNIT_SCADA,1,"2019/08/22 06:30:00",TUNGATIN,127.690030
D,DISPATCH,UNIT_SCADA,1,"2019/08/22 06:30:00",TVCC201,0
D,DISPATCH,UNIT_SCADA,1,"2019/08/22 06:30:00",TVPP104,0
D,DISPATCH,UNIT_SCADA,1,"2019/08/22 06:30:00",UPPTUMUT,121.172060
D,DISPATCH,UNIT_SCADA,1,"2019/08/22 06:30:00",URANQ11,0
D,DISPATCH,UNIT_SCADA,1,"2019/08/22 06:30:00",URANQ12,0
D,DISPATCH,UNIT_SCADA,1,"2019/08/22 06:30:00",URANQ13,0
D,DISPATCH,UNIT_SCADA,1,"2019/08/22 06:30:00",URANQ14,0
D,DISPATCH,UNIT_SCADA,1,"2019/08/22 06:30:00",VP5,502.850010
D,DISPATCH,UNIT_SCADA,1,"2019/08/22 06:30:00",VP6,569.700010
D,DISPATCH,UNIT_SCADA,1,"2019/08/22 06:30:00",VPGS1,0
D,DISPATCH,UNIT_SCADA,1,"2019/08/22 06:30:00",VPGS2,0
D,DISPATCH,UNIT_SCADA,1,"2019/08/22 06:30:00",VPGS3,0
D,DISPATCH,UNIT_SCADA,1,"2019/08/22 06:30:00",VPGS4,0
D,DISPATCH,UNIT_SCADA,1,"2019/08/22 06:30:00",VPGS5,0
D,DISPATCH,UNIT_SCADA,1,"2019/08/22 06:30:00",VPGS6,0
D,DISPATCH,UNIT_SCADA,1,"2019/08/22 06:30:00",W/HOE#1,0
D,DISPATCH,UNIT_SCADA,1,"2019/08/22 06:30:00",W/HOE#2,0
D,DISPATCH,UNIT_SCADA,1,"2019/08/22 06:30:00",WATERLWF,89
D,DISPATCH,UNIT_SCADA,1,"2019/08/22 06:30:00",WEMENSF1,0
D,DISPATCH,UNIT_SCADA,1,"2019/08/22 06:30:00",WGWF1,98.50
D,DISPATCH,UNIT_SCADA,1,"2019/08/22 06:30:00",WHITSF1,0
D,DISPATCH,UNIT_SCADA,1,"2019/08/22 06:30:00",WKIEWA1,0
D,DISPATCH,UNIT_SCADA,1,"2019/08/22 06:30:00",WKIEWA2,16.20
D,DISPATCH,UNIT_SCADA,1,"2019/08/22 06:30:00",WOODLWN1,42.8490
D,DISPATCH,UNIT_SCADA,1,"2019/08/22 06:30:00",WRSF1,0.08
D,DISPATCH,UNIT_SCADA,1,"2019/08/22 06:30:00",WRWF1,166.376270
D,DISPATCH,UNIT_SCADA,1,"2019/08/22 06:30:00",YABULU,0
D,DISPATCH,UNIT_SCADA,1,"2019/08/22 06:30:00",YABULU2,0
D,DISPATCH,UNIT_SCADA,1,"2019/08/22 06:30:00",YARWUN_1,0
D,DISPATCH,UNIT_SCADA,1,"2019/08/22 06:30:00",YENDWF1,42.02
D,DISPATCH,UNIT_SCADA,1,"2019/08/22 06:30:00",YWPS1,355.387330
D,DISPATCH,UNIT_SCADA,1,"2019/08/22 06:30:00",YWPS2,278.944310
D,DISPATCH,UNIT_SCADA,1,"2019/08/22 06:30:00",YWPS3,0
D,DISPATCH,UNIT_SCADA,1,"2019/08/22 06:30:00",YWPS4,391.850650
C,"END OF REPORT",334
