C,NEMP.WORLD,DISPATCHSCADA,AEMO,PUBLIC,2019/08/21,22:55:09,0000000311844247,DISPATCHSCADA,0000000311844241
I,DISPATCH,UNIT_SCADA,1,SETTLEMENTDATE,DUID,SCADAVALUE
D,DISPATCH,UNIT_SCADA,1,"2019/08/21 23:00:00",BARCSF1,0.70
D,DISPATCH,UNIT_SCADA,1,"2019/08/21 23:00:00",BUTLERSG,9.699999
D,DISPATCH,UNIT_SCADA,1,"2019/08/21 23:00:00",CALL_A_4,0
D,DISPATCH,UNIT_SCADA,1,"2019/08/21 23:00:00",CAPTL_WF,129.171997
D,DISPATCH,UNIT_SCADA,1,"2019/08/21 23:00:00",CATHROCK,15.48
D,DISPATCH,UNIT_SCADA,1,"2019/08/21 23:00:00",CHALLHWF,46.200001
D,DISPATCH,UNIT_SCADA,1,"2019/08/21 23:00:00",CLOVER,-0.01
D,DISPATCH,UNIT_SCADA,1,"2019/08/21 23:00:00",CLUNY,20.002289
D,DISPATCH,UNIT_SCADA,1,"2019/08/21 23:00:00",CNUNDAWF,41.348236
D,DISPATCH,UNIT_SCADA,1,"2019/08/21 23:00:00",CULLRGWF,30.40
D,DISPATCH,UNIT_SCADA,1,"2019/08/21 23:00:00",ERGT01,0
D,DISPATCH,UNIT_SCADA,1,"2019/08/21 23:00:00",GB01,0.073135
D,DISPATCH,UNIT_SCADA,1,"2019/08/21 23:00:00",GERMCRK,39.599998
D,DISPATCH,UNIT_SCADA,1,"2019/08/21 23:00:00",GRIFSF1,0
D,DISPATCH,UNIT_SCADA,1,"2019/08/21 23:00:00",HUGSF1,-0.2430
D,DISPATCH,UNIT_SCADA,1,"2019/08/21 23:00:00",LKBONNY1,69.304070
D,DISPATCH,UNIT_SCADA,1,"2019/08/21 23:00:00",LRSF1,0.0390
D,DISPATCH,UNIT_SCADA,1,"2019/08/21 23:00:00",MBAHNTH,55.912506
D,DISPATCH,UNIT_SCADA,1,"2019/08/21 23:00:00",MLSP1,0.271001
D,DISPATCH,UNIT_SCADA,1,"2019/08/21 23:00:00",MLWF1,19.620001
D,DISPATCH,UNIT_SCADA,1,"2019/08/21 23:00:00",MTMILLAR,13.572952
D,DISPATCH,UNIT_SCADA,1,"2019/08/21 23:00:00",PALOONA,24.209999
D,DISPATCH,UNIT_SCADA,1,"2019/08/21 23:00:00",PIONEER,31.300001
D,DISPATCH,UNIT_SCADA,1,"2019/08/21 23:00:00",PORTWF,141.50
D,DISPATCH,UNIT_SCADA,1,"2019/08/21 23:00:00",REPULSE,28.827955
D,DISPATCH,UNIT_SCADA,1,"2019/08/21 23:00:00",ROWALLAN,10.2950
D,DISPATCH,UNIT_SCADA,1,"2019/08/21 23:00:00",ROYALLA1,0
D,DISPATCH,UNIT_SCADA,1,"2019/08/21 23:00:00",RPCG,11.70
D,DISPATCH,UNIT_SCADA,1,"2019/08/21 23:00:00",RUBICON,0
D,DISPATCH,UNIT_SCADA,1,"2019/08/21 23:00:00",SATGN1,0
D,DISPATCH,UNIT_SCADA,1,"2019/08/21 23:00:00",SATGS1,0
D,DISPATCH,UNIT_SCADA,1,"2019/08/21 23:00:00",STARHLWF,27.192070
D,DISPATCH,UNIT_SCADA,1,"2019/08/21 23:00:00",WAUBRAWF,177.606995
D,DISPATCH,UNIT_SCADA,1,"2019/08/21 23:00:00",WOOLNTH1,2.610015
D,DISPATCH,UNIT_SCADA,1,"2019/08/21 23:00:00",WPWF,39
D,DISPATCH,UNIT_SCADA,1,"2019/08/21 23:00:00",YAMBUKWF,29.90
D,DISPATCH,UNIT_SCADA,1,"2019/08/21 23:00:00",YSWF1,28.90
D,DISPATCH,UNIT_SCADA,1,"2019/08/21 23:00:00",AGLHAL,0
D,DISPATCH,UNIT_SCADA,1,"2019/08/21 23:00:00",AGLSOM,0
D,DISPATCH,UNIT_SCADA,1,"2019/08/21 23:00:00",ANGAST1,0
D,DISPATCH,UNIT_SCADA,1,"2019/08/21 23:00:00",ARWF1,195.70
D,DISPATCH,UNIT_SCADA,1,"2019/08/21 23:00:00",BALBG1,0
D,DISPATCH,UNIT_SCADA,1,"2019/08/21 23:00:00",BALBL1,0
D,DISPATCH,UNIT_SCADA,1,"2019/08/21 23:00:00",BALDHWF1,85.0870
D,DISPATCH,UNIT_SCADA,1,"2019/08/21 23:00:00",BANN1,0
D,DISPATCH,UNIT_SCADA,1,"2019/08/21 23:00:00",BARCALDN,0
D,DISPATCH,UNIT_SCADA,1,"2019/08/21 23:00:00",BARRON-1,0
D,DISPATCH,UNIT_SCADA,1,"2019/08/21 23:00:00",BARRON-2,25.20
D,DISPATCH,UNIT_SCADA,1,"2019/08/21 23:00:00",BASTYAN,78.52
D,DISPATCH,UNIT_SCADA,1,"2019/08/21 23:00:00",BBTHREE1,-1.84
D,DISPATCH,UNIT_SCADA,1,"2019/08/21 23:00:00",BBTHREE2,-1.91
D,DISPATCH,UNIT_SCADA,1,"2019/08/21 23:00:00",BBTHREE3,-1
D,DISPATCH,UNIT_SCADA,1,"2019/08/21 23:00:00",BDL01,0
D,DISPATCH,UNIT_SCADA,1,"2019/08/21 23:00:00",BDL02,0
D,DISPATCH,UNIT_SCADA,1,"2019/08/21 23:00:00",BERYLSF1,0
D,DISPATCH,UNIT_SCADA,1,"2019/08/21 23:00:00",BLOWERNG,0
D,DISPATCH,UNIT_SCADA,1,"2019/08/21 23:00:00",BLUFF1,21.40
D,DISPATCH,UNIT_SCADA,1,"2019/08/21 23:00:00",BNGSF1,0
D,DISPATCH,UNIT_SCADA,1,"2019/08/21 23:00:00",BNGSF2,0
D,DISPATCH,UNIT_SCADA,1,"2019/08/21 23:00:00",BOCORWF1,106.18
D,DISPATCH,UNIT_SCADA,1,"2019/08/21 23:00:00",BODWF1,97.730030
D,DISPATCH,UNIT_SCADA,1,"2019/08/21 23:00:00",BRAEMAR1,0
D,DISPATCH,UNIT_SCADA,1,"2019/08/21 23:00:00",BRAEMAR2,0
D,DISPATCH,UNIT_SCADA,1,"2019/08/21 23:00:00",BRAEMAR3,0
D,DISPATCH,UNIT_SCADA,1,"2019/08/21 23:00:00",BRAEMAR5,0
D,DISPATCH,UNIT_SCADA,1,"2019/08/21 23:00:00",BRAEMAR6,0
D,DISPATCH,UNIT_SCADA,1,"2019/08/21 23:00:00",BRAEMAR7,0
D,DISPATCH,UNIT_SCADA,1,"2019/08/21 23:00:00",BROKENH1,0
D,DISPATCH,UNIT_SCADA,1,"2019/08/21 23:00:00",BW01,570.50
D,DISPATCH,UNIT_SCADA,1,"2019/08/21 23:00:00",BW02,626.3750
D,DISPATCH,UNIT_SCADA,1,"2019/08/21 23:00:00",BW03,601.825070
D,DISPATCH,UNIT_SCADA,1,"2019/08/21 23:00:00",BW04,0
D,DISPATCH,UNIT_SCADA,1,"2019/08/21 23:00:00",CALL_B_1,343.200010
D,DISPATCH,UNIT_SCADA,1,"2019/08/21 23:00:00",CALL_B_2,344
D,DISPATCH,UNIT_SCADA,1,"2019/08/21 23:00:00",CETHANA,99.022750
D,DISPATCH,UNIT_SCADA,1,"2019/08/21 23:00:00",CG1,0
D,DISPATCH,UNIT_SCADA,1,"2019/08/21 23:00:00",CG2,0
D,DISPATCH,UNIT_SCADA,1,"2019/08/21 23:00:00",CG3,0
D,DISPATCH,UNIT_SCADA,1,"2019/08/21 23:00:00",CG4,0
D,DISPATCH,UNIT_SCADA,1,"2019/08/21 23:00:00",CHILDSF1,0.01
D,DISPATCH,UNIT_SCADA,1,"2019/08/21 23:00:00",CLARESF1,0
D,DISPATCH,UNIT_SCADA,1,"2019/08/21 23:00:00",CLEMGPWF,36.665820
D,DISPATCH,UNIT_SCADA,1,"2019/08/21 23:00:00",CLERMSF1,0
D,DISPATCH,UNIT_SCADA,1,"2019/08/21 23:00:00",COLEASF1,0
D,DISPATCH,UNIT_SCADA,1,"2019/08/21 23:00:00",COOPGWF1,29.819260
D,DISPATCH,UNIT_SCADA,1,"2019/08/21 23:00:00",CPP_3,373.725010
D,DISPATCH,UNIT_SCADA,1,"2019/08/21 23:00:00",CPP_4,374
D,DISPATCH,UNIT_SCADA,1,"2019/08/21 23:00:00",CPSA,143.31
D,DISPATCH,UNIT_SCADA,1,"2019/08/21 23:00:00",CROOKWF2,88.603760
D,DISPATCH,UNIT_SCADA,1,"2019/08/21 23:00:00",CROWLWF1,43.548670
D,DISPATCH,UNIT_SCADA,1,"2019/08/21 23:00:00",CSPVPS1,0.0430
D,DISPATCH,UNIT_SCADA,1,"2019/08/21 23:00:00",DALNTH01,0
D,DISPATCH,UNIT_SCADA,1,"2019/08/21 23:00:00",DALNTHL1,0.102240
D,DISPATCH,UNIT_SCADA,1,"2019/08/21 23:00:00",DARTM1,0
D,DISPATCH,UNIT_SCADA,1,"2019/08/21 23:00:00",DAYDSF1,0
D,DISPATCH,UNIT_SCADA,1,"2019/08/21 23:00:00",DDPS1,171.4563
D,DISPATCH,UNIT_SCADA,1,"2019/08/21 23:00:00",DDSF1,0
D,DISPATCH,UNIT_SCADA,1,"2019/08/21 23:00:00",DEVILS_G,0
D,DISPATCH,UNIT_SCADA,1,"2019/08/21 23:00:00",DG_NSW1,0
D,DISPATCH,UNIT_SCADA,1,"2019/08/21 23:00:00",DG_QLD1,0
D,DISPATCH,UNIT_SCADA,1,"2019/08/21 23:00:00",DG_SA1,0
D,DISPATCH,UNIT_SCADA,1,"2019/08/21 23:00:00",DG_TAS1,0
D,DISPATCH,UNIT_SCADA,1,"2019/08/21 23:00:00",DG_VIC1,0
D,DISPATCH,UNIT_SCADA,1,"2019/08/21 23:00:00",DRYCGT1,0
D,DISPATCH,UNIT_SCADA,1,"2019/08/21 23:00:00",DRYCGT2,0
D,DISPATCH,UNIT_SCADA,1,"2019/08/21 23:00:00",DRYCGT3,0
D,DISPATCH,UNIT_SCADA,1,"2019/08/21 23:00:00",EILDON1,0
D,DISPATCH,UNIT_SCADA,1,"2019/08/21 23:00:00",EILDON2,0
D,DISPATCH,UNIT_SCADA,1,"2019/08/21 23:00:00",EMERASF1,0
D,DISPATCH,UNIT_SCADA,1,"2019/08/21 23:00:00",ER01,492.150020
D,DISPATCH,UNIT_SCADA,1,"2019/08/21 23:00:00",ER02,526.424930
D,DISPATCH,UNIT_SCADA,1,"2019/08/21 23:00:00",ER03,379.25
D,DISPATCH,UNIT_SCADA,1,"2019/08/21 23:00:00",ER04,529.775020
D,DISPATCH,UNIT_SCADA,1,"2019/08/21 23:00:00",FINLYSF1,0
D,DISPATCH,UNIT_SCADA,1,"2019/08/21 23:00:00",FISHER,45.95
D,DISPATCH,UNIT_SCADA,1,"2019/08/21 23:00:00",GANNBG1,1.790330
D,DISPATCH,UNIT_SCADA,1,"2019/08/21 23:00:00",GANNBL1,0
D,DISPATCH,UNIT_SCADA,1,"2019/08/21 23:00:00",GANNSF1,0
D,DISPATCH,UNIT_SCADA,1,"2019/08/21 23:00:00",GORDON,25.963840
D,DISPATCH,UNIT_SCADA,1,"2019/08/21 23:00:00",GSTONE1,130.3750
D,DISPATCH,UNIT_SCADA,1,"2019/08/21 23:00:00",GSTONE2,130.3750
D,DISPATCH,UNIT_SCADA,1,"2019/08/21 23:00:00",GSTONE3,129.3250
D,DISPATCH,UNIT_SCADA,1,"2019/08/21 23:00:00",GSTONE4,131.0750
D,DISPATCH,UNIT_SCADA,1,"2019/08/21 23:00:00",GSTONE5,130.20
D,DISPATCH,UNIT_SCADA,1,"2019/08/21 23:00:00",GSTONE6,0
D,DISPATCH,UNIT_SCADA,1,"2019/08/21 23:00:00",GULLRSF1,0
D,DISPATCH,UNIT_SCADA,1,"2019/08/21 23:00:00",GULLRWF1,157.6503
D,DISPATCH,UNIT_SCADA,1,"2019/08/21 23:00:00",GUNNING1,46.1604
D,DISPATCH,UNIT_SCADA,1,"2019/08/21 23:00:00",GUTHEGA,0
D,DISPATCH,UNIT_SCADA,1,"2019/08/21 23:00:00",HALLWF1,39.61
D,DISPATCH,UNIT_SCADA,1,"2019/08/21 23:00:00",HALLWF2,49.91
D,DISPATCH,UNIT_SCADA,1,"2019/08/21 23:00:00",HAMISF1,0
D,DISPATCH,UNIT_SCADA,1,"2019/08/21 23:00:00",HAUGHT11,0
D,DISPATCH,UNIT_SCADA,1,"2019/08/21 23:00:00",HAYMSF1,0
D,DISPATCH,UNIT_SCADA,1,"2019/08/21 23:00:00",HDWF1,55.60
D,DISPATCH,UNIT_SCADA,1,"2019/08/21 23:00:00",HDWF2,36.10
D,DISPATCH,UNIT_SCADA,1,"2019/08/21 23:00:00",HDWF3,49.50
D,DISPATCH,UNIT_SCADA,1,"2019/08/21 23:00:00",HPRG1,0
D,DISPATCH,UNIT_SCADA,1,"2019/08/21 23:00:00",HPRL1,0.30
D,DISPATCH,UNIT_SCADA,1,"2019/08/21 23:00:00",HUMENSW,0
D,DISPATCH,UNIT_SCADA,1,"2019/08/21 23:00:00",HUMEV,10.60
D,DISPATCH,UNIT_SCADA,1,"2019/08/21 23:00:00",HVGTS,0
D,DISPATCH,UNIT_SCADA,1,"2019/08/21 23:00:00",JBUTTERS,139.95
D,DISPATCH,UNIT_SCADA,1,"2019/08/21 23:00:00",JLA01,0.50
D,DISPATCH,UNIT_SCADA,1,"2019/08/21 23:00:00",JLA02,0
D,DISPATCH,UNIT_SCADA,1,"2019/08/21 23:00:00",JLA03,0.10
D,DISPATCH,UNIT_SCADA,1,"2019/08/21 23:00:00",JLA04,0.10
D,DISPATCH,UNIT_SCADA,1,"2019/08/21 23:00:00",JLB01,0
D,DISPATCH,UNIT_SCADA,1,"2019/08/21 23:00:00",JLB02,0.10
D,DISPATCH,UNIT_SCADA,1,"2019/08/21 23:00:00",JLB03,0
D,DISPATCH,UNIT_SCADA,1,"2019/08/21 23:00:00",KAREEYA1,21.5625
D,DISPATCH,UNIT_SCADA,1,"2019/08/21 23:00:00",KAREEYA2,21.5250
D,DISPATCH,UNIT_SCADA,1,"2019/08/21 23:00:00",KAREEYA3,0
D,DISPATCH,UNIT_SCADA,1,"2019/08/21 23:00:00",KAREEYA4,21.70
D,DISPATCH,UNIT_SCADA,1,"2019/08/21 23:00:00",KARSF1,0
D,DISPATCH,UNIT_SCADA,1,"2019/08/21 23:00:00",KIATAWF1,30.70
D,DISPATCH,UNIT_SCADA,1,"2019/08/21 23:00:00",KPP_1,0
D,DISPATCH,UNIT_SCADA,1,"2019/08/21 23:00:00",KSP1,0
D,DISPATCH,UNIT_SCADA,1,"2019/08/21 23:00:00",LADBROK1,0
D,DISPATCH,UNIT_SCADA,1,"2019/08/21 23:00:00",LADBROK2,0
D,DISPATCH,UNIT_SCADA,1,"2019/08/21 23:00:00",LD01,421.406250
D,DISPATCH,UNIT_SCADA,1,"2019/08/21 23:00:00",LD02,418.612520
D,DISPATCH,UNIT_SCADA,1,"2019/08/21 23:00:00",LD03,419.024960
D,DISPATCH,UNIT_SCADA,1,"2019/08/21 23:00:00",LD04,377.193790
D,DISPATCH,UNIT_SCADA,1,"2019/08/21 23:00:00",LEM_WIL,86.061140
D,DISPATCH,UNIT_SCADA,1,"2019/08/21 23:00:00",LGAPWF1,29.10
D,DISPATCH,UNIT_SCADA,1,"2019/08/21 23:00:00",LILYSF1,0
D,DISPATCH,UNIT_SCADA,1,"2019/08/21 23:00:00",LI_WY_CA,148.828080
D,DISPATCH,UNIT_SCADA,1,"2019/08/21 23:00:00",LKBONNY2,153.522090
D,DISPATCH,UNIT_SCADA,1,"2019/08/21 23:00:00",LKBONNY3,35.112050
D,DISPATCH,UNIT_SCADA,1,"2019/08/21 23:00:00",LK_ECHO,0
D,DISPATCH,UNIT_SCADA,1,"2019/08/21 23:00:00",LNGS1,0
D,DISPATCH,UNIT_SCADA,1,"2019/08/21 23:00:00",LNGS2,0
D,DISPATCH,UNIT_SCADA,1,"2019/08/21 23:00:00",LONSDALE,0
D,DISPATCH,UNIT_SCADA,1,"2019/08/21 23:00:00",LOYYB1,535.336730
D,DISPATCH,UNIT_SCADA,1,"2019/08/21 23:00:00",LOYYB2,580.074710
D,DISPATCH,UNIT_SCADA,1,"2019/08/21 23:00:00",LYA1,559
D,DISPATCH,UNIT_SCADA,1,"2019/08/21 23:00:00",LYA2,0
D,DISPATCH,UNIT_SCADA,1,"2019/08/21 23:00:00",LYA3,557
D,DISPATCH,UNIT_SCADA,1,"2019/08/21 23:00:00",LYA4,529
D,DISPATCH,UNIT_SCADA,1,"2019/08/21 23:00:00",MACARTH1,398.1908
D,DISPATCH,UNIT_SCADA,1,"2019/08/21 23:00:00",MACKAYGT,0
D,DISPATCH,UNIT_SCADA,1,"2019/08/21 23:00:00",MACKNTSH,85.34
D,DISPATCH,UNIT_SCADA,1,"2019/08/21 23:00:00",MANSLR1,0
D,DISPATCH,UNIT_SCADA,1,"2019/08/21 23:00:00",MCKAY1,0.02
D,DISPATCH,UNIT_SCADA,1,"2019/08/21 23:00:00",MEADOWBK,33.895880
D,DISPATCH,UNIT_SCADA,1,"2019/08/21 23:00:00",MERCER01,124.6750
D,DISPATCH,UNIT_SCADA,1,"2019/08/21 23:00:00",MEWF1,76.365820
D,DISPATCH,UNIT_SCADA,1,"2019/08/21 23:00:00",MINTARO,0
D,DISPATCH,UNIT_SCADA,1,"2019/08/21 23:00:00",MOREESF1,0
D,DISPATCH,UNIT_SCADA,1,"2019/08/21 23:00:00",MORTLK11,0
D,DISPATCH,UNIT_SCADA,1,"2019/08/21 23:00:00",MORTLK12,0
D,DISPATCH,UNIT_SCADA,1,"2019/08/21 23:00:00",MP1,280.3750
D,DISPATCH,UNIT_SCADA,1,"2019/08/21 23:00:00",MP2,0
D,DISPATCH,UNIT_SCADA,1,"2019/08/21 23:00:00",MPP_1,356.25
D,DISPATCH,UNIT_SCADA,1,"2019/08/21 23:00:00",MPP_2,418
D,DISPATCH,UNIT_SCADA,1,"2019/08/21 23:00:00",MSTUART1,0
D,DISPATCH,UNIT_SCADA,1,"2019/08/21 23:00:00",MSTUART2,0
D,DISPATCH,UNIT_SCADA,1,"2019/08/21 23:00:00",MSTUART3,0
D,DISPATCH,UNIT_SCADA,1,"2019/08/21 23:00:00",MTGELWF1,64.566480
D,DISPATCH,UNIT_SCADA,1,"2019/08/21 23:00:00",MURRAY,0
D,DISPATCH,UNIT_SCADA,1,"2019/08/21 23:00:00",MUSSELR1,159
D,DISPATCH,UNIT_SCADA,1,"2019/08/21 23:00:00",MUWAWF1,55.94
D,DISPATCH,UNIT_SCADA,1,"2019/08/21 23:00:00",NBHWF1,46.20
D,DISPATCH,UNIT_SCADA,1,"2019/08/21 23:00:00",NPS,0
D,DISPATCH,UNIT_SCADA,1,"2019/08/21 23:00:00",NUMURSF1,0
D,DISPATCH,UNIT_SCADA,1,"2019/08/21 23:00:00",NYNGAN1,0
D,DISPATCH,UNIT_SCADA,1,"2019/08/21 23:00:00",OAKEY1,0
D,DISPATCH,UNIT_SCADA,1,"2019/08/21 23:00:00",OAKEY1SF,0
D,DISPATCH,UNIT_SCADA,1,"2019/08/21 23:00:00",OAKEY2,0
D,DISPATCH,UNIT_SCADA,1,"2019/08/21 23:00:00",OAKLAND1,61
D,DISPATCH,UNIT_SCADA,1,"2019/08/21 23:00:00",OSB-AG,0
D,DISPATCH,UNIT_SCADA,1,"2019/08/21 23:00:00",PARSF1,0
D,DISPATCH,UNIT_SCADA,1,"2019/08/21 23:00:00",POAT110,0
D,DISPATCH,UNIT_SCADA,1,"2019/08/21 23:00:00",POAT220,1.71
D,DISPATCH,UNIT_SCADA,1,"2019/08/21 23:00:00",POR01,0
D,DISPATCH,UNIT_SCADA,1,"2019/08/21 23:00:00",POR03,0
D,DISPATCH,UNIT_SCADA,1,"2019/08/21 23:00:00",PPCCGT,354.750490
D,DISPATCH,UNIT_SCADA,1,"2019/08/21 23:00:00",PTSTAN1,0
D,DISPATCH,UNIT_SCADA,1,"2019/08/21 23:00:00",PUMP1,0
D,DISPATCH,UNIT_SCADA,1,"2019/08/21 23:00:00",PUMP2,0
D,DISPATCH,UNIT_SCADA,1,"2019/08/21 23:00:00",QPS1,0
D,DISPATCH,UNIT_SCADA,1,"2019/08/21 23:00:00",QPS2,0
D,DISPATCH,UNIT_SCADA,1,"2019/08/21 23:00:00",QPS3,0
D,DISPATCH,UNIT_SCADA,1,"2019/08/21 23:00:00",QPS4,0
D,DISPATCH,UNIT_SCADA,1,"2019/08/21 23:00:00",QPS5,0
D,DISPATCH,UNIT_SCADA,1,"2019/08/21 23:00:00",REECE1,118.570010
D,DISPATCH,UNIT_SCADA,1,"2019/08/21 23:00:00",REECE2,118.670010
D,DISPATCH,UNIT_SCADA,1,"2019/08/21 23:00:00",ROMA_7,0
D,DISPATCH,UNIT_SCADA,1,"2019/08/21 23:00:00",ROMA_8,0
D,DISPATCH,UNIT_SCADA,1,"2019/08/21 23:00:00",RRSF1,0
D,DISPATCH,UNIT_SCADA,1,"2019/08/21 23:00:00",RT_NSW1,0
D,DISPATCH,UNIT_SCADA,1,"2019/08/21 23:00:00",RT_NSW2,0
D,DISPATCH,UNIT_SCADA,1,"2019/08/21 23:00:00",RT_NSW3,0
D,DISPATCH,UNIT_SCADA,1,"2019/08/21 23:00:00",RT_NSW4,0
D,DISPATCH,UNIT_SCADA,1,"2019/08/21 23:00:00",RT_NSW5,0
D,DISPATCH,UNIT_SCADA,1,"2019/08/21 23:00:00",RT_NSW6,0
D,DISPATCH,UNIT_SCADA,1,"2019/08/21 23:00:00",RT_QLD1,0
D,DISPATCH,UNIT_SCADA,1,"2019/08/21 23:00:00",RT_SA1,0
D,DISPATCH,UNIT_SCADA,1,"2019/08/21 23:00:00",RT_SA2,0
D,DISPATCH,UNIT_SCADA,1,"2019/08/21 23:00:00",RT_SA3,0
D,DISPATCH,UNIT_SCADA,1,"2019/08/21 23:00:00",RT_SA4,0
D,DISPATCH,UNIT_SCADA,1,"2019/08/21 23:00:00",RT_SA5,0
D,DISPATCH,UNIT_SCADA,1,"2019/08/21 23:00:00",RT_SA6,0
D,DISPATCH,UNIT_SCADA,1,"2019/08/21 23:00:00",RT_TAS1,0
D,DISPATCH,UNIT_SCADA,1,"2019/08/21 23:00:00",RT_VIC1,0
D,DISPATCH,UNIT_SCADA,1,"2019/08/21 23:00:00",RT_VIC10,0
D,DISPATCH,UNIT_SCADA,1,"2019/08/21 23:00:00",RT_VIC11,0
D,DISPATCH,UNIT_SCADA,1,"2019/08/21 23:00:00",RT_VIC12,0
D,DISPATCH,UNIT_SCADA,1,"2019/08/21 23:00:00",RT_VIC2,0
D,DISPATCH,UNIT_SCADA,1,"2019/08/21 23:00:00",RT_VIC3,0
D,DISPATCH,UNIT_SCADA,1,"2019/08/21 23:00:00",RT_VIC4,0
D,DISPATCH,UNIT_SCADA,1,"2019/08/21 23:00:00",RT_VIC5,0
D,DISPATCH,UNIT_SCADA,1,"2019/08/21 23:00:00",RT_VIC6,0
D,DISPATCH,UNIT_SCADA,1,"2019/08/21 23:00:00",RT_VIC7,0
D,DISPATCH,UNIT_SCADA,1,"2019/08/21 23:00:00",RT_VIC8,0
D,DISPATCH,UNIT_SCADA,1,"2019/08/21 23:00:00",RT_VIC9,0
D,DISPATCH,UNIT_SCADA,1,"2019/08/21 23:00:00",RUGBYR1,0
D,DISPATCH,UNIT_SCADA,1,"2019/08/21 23:00:00",SALTCRK1,52.20
D,DISPATCH,UNIT_SCADA,1,"2019/08/21 23:00:00",SAPHWF1,249.037480
D,DISPATCH,UNIT_SCADA,1,"2019/08/21 23:00:00",SHGEN,0
D,DISPATCH,UNIT_SCADA,1,"2019/08/21 23:00:00",SHPUMP,79.468750
D,DISPATCH,UNIT_SCADA,1,"2019/08/21 23:00:00",SITHE01,0.005650
D,DISPATCH,UNIT_SCADA,1,"2019/08/21 23:00:00",SMCSF1,0
D,DISPATCH,UNIT_SCADA,1,"2019/08/21 23:00:00",SNOWNTH1,131.100010
D,DISPATCH,UNIT_SCADA,1,"2019/08/21 23:00:00",SNOWSTH1,84
D,DISPATCH,UNIT_SCADA,1,"2019/08/21 23:00:00",SNOWTWN1,88.262580
D,DISPATCH,UNIT_SCADA,1,"2019/08/21 23:00:00",SNOWYP,0
D,DISPATCH,UNIT_SCADA,1,"2019/08/21 23:00:00",SNUG1,0.019440
D,DISPATCH,UNIT_SCADA,1,"2019/08/21 23:00:00",SRSF1,0.44
D,DISPATCH,UNIT_SCADA,1,"2019/08/21 23:00:00",STAN-1,0
D,DISPATCH,UNIT_SCADA,1,"2019/08/21 23:00:00",STAN-2,280.158660
D,DISPATCH,UNIT_SCADA,1,"2019/08/21 23:00:00",STAN-3,280.658540
D,DISPATCH,UNIT_SCADA,1,"2019/08/21 23:00:00",STAN-4,281.337890
D,DISPATCH,UNIT_SCADA,1,"2019/08/21 23:00:00",STWF1,159.2325
D,DISPATCH,UNIT_SCADA,1,"2019/08/21 23:00:00",SWAN_E,0
D,DISPATCH,UNIT_SCADA,1,"2019/08/21 23:00:00",TALWA1,190
D,DISPATCH,UNIT_SCADA,1,"2019/08/21 23:00:00",TARALGA1,97.631240
D,DISPATCH,UNIT_SCADA,1,"2019/08/21 23:00:00",TARONG#1,280.200010
D,DISPATCH,UNIT_SCADA,1,"2019/08/21 23:00:00",TARONG#2,280.200010
D,DISPATCH,UNIT_SCADA,1,"2019/08/21 23:00:00",TARONG#3,260.899990
D,DISPATCH,UNIT_SCADA,1,"2019/08/21 23:00:00",TARONG#4,280.100010
D,DISPATCH,UNIT_SCADA,1,"2019/08/21 23:00:00",TARRALEA,84
D,DISPATCH,UNIT_SCADA,1,"2019/08/21 23:00:00",TBSF1,-0.20
D,DISPATCH,UNIT_SCADA,1,"2019/08/21 23:00:00",TNPS1,442.000030
D,DISPATCH,UNIT_SCADA,1,"2019/08/21 23:00:00",TORRA1,41.279240
D,DISPATCH,UNIT_SCADA,1,"2019/08/21 23:00:00",TORRA2,0
D,DISPATCH,UNIT_SCADA,1,"2019/08/21 23:00:00",TORRA3,0
D,DISPATCH,UNIT_SCADA,1,"2019/08/21 23:00:00",TORRA4,0
D,DISPATCH,UNIT_SCADA,1,"2019/08/21 23:00:00",TORRB1,40.54
D,DISPATCH,UNIT_SCADA,1,"2019/08/21 23:00:00",TORRB2,40.45
D,DISPATCH,UNIT_SCADA,1,"2019/08/21 23:00:00",TORRB3,0
D,DISPATCH,UNIT_SCADA,1,"2019/08/21 23:00:00",TORRB4,0
D,DISPATCH,UNIT_SCADA,1,"2019/08/21 23:00:00",TREVALLN,43.910010
D,DISPATCH,UNIT_SCADA,1,"2019/08/21 23:00:00",TRIBUTE,84.91
D,DISPATCH,UNIT_SCADA,1,"2019/08/21 23:00:00",TUMUT3,0
D,DISPATCH,UNIT_SCADA,1,"2019/08/21 23:00:00",TUNGATIN,125.210020
D,DISPATCH,UNIT_SCADA,1,"2019/08/21 23:00:00",TVCC201,0
D,DISPATCH,UNIT_SCADA,1,"2019/08/21 23:00:00",TVPP104,0
D,DISPATCH,UNIT_SCADA,1,"2019/08/21 23:00:00",UPPTUMUT,0
D,DISPATCH,UNIT_SCADA,1,"2019/08/21 23:00:00",URANQ11,0
D,DISPATCH,UNIT_SCADA,1,"2019/08/21 23:00:00",URANQ12,0
D,DISPATCH,UNIT_SCADA,1,"2019/08/21 23:00:00",URANQ13,0
D,DISPATCH,UNIT_SCADA,1,"2019/08/21 23:00:00",URANQ14,0
D,DISPATCH,UNIT_SCADA,1,"2019/08/21 23:00:00",VP5,375.475010
D,DISPATCH,UNIT_SCADA,1,"2019/08/21 23:00:00",VP6,386.649990
D,DISPATCH,UNIT_SCADA,1,"2019/08/21 23:00:00",VPGS1,0
D,DISPATCH,UNIT_SCADA,1,"2019/08/21 23:00:00",VPGS2,0
D,DISPATCH,UNIT_SCADA,1,"2019/08/21 23:00:00",VPGS3,0
D,DISPATCH,UNIT_SCADA,1,"2019/08/21 23:00:00",VPGS4,0
D,DISPATCH,UNIT_SCADA,1,"2019/08/21 23:00:00",VPGS5,0
D,DISPATCH,UNIT_SCADA,1,"2019/08/21 23:00:00",VPGS6,0
D,DISPATCH,UNIT_SCADA,1,"2019/08/21 23:00:00",W/HOE#1,0
D,DISPATCH,UNIT_SCADA,1,"2019/08/21 23:00:00",W/HOE#2,0
D,DISPATCH,UNIT_SCADA,1,"2019/08/21 23:00:00",WATERLWF,90.60
D,DISPATCH,UNIT_SCADA,1,"2019/08/21 23:00:00",WEMENSF1,0
D,DISPATCH,UNIT_SCADA,1,"2019/08/21 23:00:00",WGWF1,62.10
D,DISPATCH,UNIT_SCADA,1,"2019/08/21 23:00:00",WHITSF1,0
D,DISPATCH,UNIT_SCADA,1,"2019/08/21 23:00:00",WKIEWA1,29.90
D,DISPATCH,UNIT_SCADA,1,"2019/08/21 23:00:00",WKIEWA2,30
D,DISPATCH,UNIT_SCADA,1,"2019/08/21 23:00:00",WOODLWN1,44.9460
D,DISPATCH,UNIT_SCADA,1,"2019/08/21 23:00:00",WRSF1,0
D,DISPATCH,UNIT_SCADA,1,"2019/08/21 23:00:00",WRWF1,153.161250
D,DISPATCH,UNIT_SCADA,1,"2019/08/21 23:00:00",YABULU,0
D,DISPATCH,UNIT_SCADA,1,"2019/08/21 23:00:00",YABULU2,0
D,DISPATCH,UNIT_SCADA,1,"2019/08/21 23:00:00",YARWUN_1,0
D,DISPATCH,UNIT_SCADA,1,"2019/08/21 23:00:00",YENDWF1,41.69
D,DISPATCH,UNIT_SCADA,1,"2019/08/21 23:00:00",YWPS1,376.440520
D,DISPATCH,UNIT_SCADA,1,"2019/08/21 23:00:00",YWPS2,280.949370
D,DISPATCH,UNIT_SCADA,1,"2019/08/21 23:00:00",YWPS3,0
D,DISPATCH,UNIT_SCADA,1,"2019/08/21 23:00:00",YWPS4,396.084810
C,"END OF REPORT",334
