C,NEMP.WORLD,DISPATCHSCADA,AEMO,PUBLIC,2019/08/22,00:50:09,0000000311847138,DISPATCHSCADA,0000000311847132
I,DISPATCH,UNIT_SCADA,1,SETTLEMENTDATE,DUID,SCADAVALUE
D,DISPATCH,UNIT_SCADA,1,"2019/08/22 00:55:00",BARCSF1,0.70
D,DISPATCH,UNIT_SCADA,1,"2019/08/22 00:55:00",BUTLERSG,9.699999
D,DISPATCH,UNIT_SCADA,1,"2019/08/22 00:55:00",CALL_A_4,0
D,DISPATCH,UNIT_SCADA,1,"2019/08/22 00:55:00",CAPTL_WF,129.768005
D,DISPATCH,UNIT_SCADA,1,"2019/08/22 00:55:00",CATHROCK,32.809998
D,DISPATCH,UNIT_SCADA,1,"2019/08/22 00:55:00",CHALLHWF,42.900002
D,DISPATCH,UNIT_SCADA,1,"2019/08/22 00:55:00",CLOVER,-0.01
D,DISPATCH,UNIT_SCADA,1,"2019/08/22 00:55:00",CLUNY,19.987640
D,DISPATCH,UNIT_SCADA,1,"2019/08/22 00:55:00",CNUNDAWF,40.947769
D,DISPATCH,UNIT_SCADA,1,"2019/08/22 00:55:00",CULLRGWF,30.50
D,DISPATCH,UNIT_SCADA,1,"2019/08/22 00:55:00",ERGT01,0
D,DISPATCH,UNIT_SCADA,1,"2019/08/22 00:55:00",GB01,0.070698
D,DISPATCH,UNIT_SCADA,1,"2019/08/22 00:55:00",GERMCRK,38.900002
D,DISPATCH,UNIT_SCADA,1,"2019/08/22 00:55:00",GRIFSF1,0
D,DISPATCH,UNIT_SCADA,1,"2019/08/22 00:55:00",HUGSF1,-0.2430
D,DISPATCH,UNIT_SCADA,1,"2019/08/22 00:55:00",LKBONNY1,68.410973
D,DISPATCH,UNIT_SCADA,1,"2019/08/22 00:55:00",LRSF1,0.0390
D,DISPATCH,UNIT_SCADA,1,"2019/08/22 00:55:00",MBAHNTH,52.893753
D,DISPATCH,UNIT_SCADA,1,"2019/08/22 00:55:00",MLSP1,0.271001
D,DISPATCH,UNIT_SCADA,1,"2019/08/22 00:55:00",MLWF1,19.559999
D,DISPATCH,UNIT_SCADA,1,"2019/08/22 00:55:00",MTMILLAR,10.127625
D,DISPATCH,UNIT_SCADA,1,"2019/08/22 00:55:00",PALOONA,24.809999
D,DISPATCH,UNIT_SCADA,1,"2019/08/22 00:55:00",PIONEER,40.50
D,DISPATCH,UNIT_SCADA,1,"2019/08/22 00:55:00",PORTWF,141.199997
D,DISPATCH,UNIT_SCADA,1,"2019/08/22 00:55:00",REPULSE,28.948807
D,DISPATCH,UNIT_SCADA,1,"2019/08/22 00:55:00",ROWALLAN,10.3021
D,DISPATCH,UNIT_SCADA,1,"2019/08/22 00:55:00",ROYALLA1,0
D,DISPATCH,UNIT_SCADA,1,"2019/08/22 00:55:00",RPCG,11.50
D,DISPATCH,UNIT_SCADA,1,"2019/08/22 00:55:00",RUBICON,0
D,DISPATCH,UNIT_SCADA,1,"2019/08/22 00:55:00",SATGN1,0
D,DISPATCH,UNIT_SCADA,1,"2019/08/22 00:55:00",SATGS1,0
D,DISPATCH,UNIT_SCADA,1,"2019/08/22 00:55:00",STARHLWF,15.795394
D,DISPATCH,UNIT_SCADA,1,"2019/08/22 00:55:00",WAUBRAWF,180.074005
D,DISPATCH,UNIT_SCADA,1,"2019/08/22 00:55:00",WOOLNTH1,78.060020
D,DISPATCH,UNIT_SCADA,1,"2019/08/22 00:55:00",WPWF,6
D,DISPATCH,UNIT_SCADA,1,"2019/08/22 00:55:00",YAMBUKWF,29.40
D,DISPATCH,UNIT_SCADA,1,"2019/08/22 00:55:00",YSWF1,28.60
D,DISPATCH,UNIT_SCADA,1,"2019/08/22 00:55:00",AGLHAL,0
D,DISPATCH,UNIT_SCADA,1,"2019/08/22 00:55:00",AGLSOM,0
D,DISPATCH,UNIT_SCADA,1,"2019/08/22 00:55:00",ANGAST1,0
D,DISPATCH,UNIT_SCADA,1,"2019/08/22 00:55:00",ARWF1,222.899990
D,DISPATCH,UNIT_SCADA,1,"2019/08/22 00:55:00",BALBG1,0
D,DISPATCH,UNIT_SCADA,1,"2019/08/22 00:55:00",BALBL1,0
D,DISPATCH,UNIT_SCADA,1,"2019/08/22 00:55:00",BALDHWF1,98.9080
D,DISPATCH,UNIT_SCADA,1,"2019/08/22 00:55:00",BANN1,0
D,DISPATCH,UNIT_SCADA,1,"2019/08/22 00:55:00",BARCALDN,0
D,DISPATCH,UNIT_SCADA,1,"2019/08/22 00:55:00",BARRON-1,0
D,DISPATCH,UNIT_SCADA,1,"2019/08/22 00:55:00",BARRON-2,24.88
D,DISPATCH,UNIT_SCADA,1,"2019/08/22 00:55:00",BASTYAN,78.55
D,DISPATCH,UNIT_SCADA,1,"2019/08/22 00:55:00",BBTHREE1,-2.02
D,DISPATCH,UNIT_SCADA,1,"2019/08/22 00:55:00",BBTHREE2,-2.04
D,DISPATCH,UNIT_SCADA,1,"2019/08/22 00:55:00",BBTHREE3,-1.12
D,DISPATCH,UNIT_SCADA,1,"2019/08/22 00:55:00",BDL01,0
D,DISPATCH,UNIT_SCADA,1,"2019/08/22 00:55:00",BDL02,0
D,DISPATCH,UNIT_SCADA,1,"2019/08/22 00:55:00",BERYLSF1,0
D,DISPATCH,UNIT_SCADA,1,"2019/08/22 00:55:00",BLOWERNG,0
D,DISPATCH,UNIT_SCADA,1,"2019/08/22 00:55:00",BLUFF1,30.70
D,DISPATCH,UNIT_SCADA,1,"2019/08/22 00:55:00",BNGSF1,0
D,DISPATCH,UNIT_SCADA,1,"2019/08/22 00:55:00",BNGSF2,0
D,DISPATCH,UNIT_SCADA,1,"2019/08/22 00:55:00",BOCORWF1,88.51
D,DISPATCH,UNIT_SCADA,1,"2019/08/22 00:55:00",BODWF1,98.943220
D,DISPATCH,UNIT_SCADA,1,"2019/08/22 00:55:00",BRAEMAR1,0
D,DISPATCH,UNIT_SCADA,1,"2019/08/22 00:55:00",BRAEMAR2,0
D,DISPATCH,UNIT_SCADA,1,"2019/08/22 00:55:00",BRAEMAR3,0
D,DISPATCH,UNIT_SCADA,1,"2019/08/22 00:55:00",BRAEMAR5,0
D,DISPATCH,UNIT_SCADA,1,"2019/08/22 00:55:00",BRAEMAR6,0
D,DISPATCH,UNIT_SCADA,1,"2019/08/22 00:55:00",BRAEMAR7,0
D,DISPATCH,UNIT_SCADA,1,"2019/08/22 00:55:00",BROKENH1,0
D,DISPATCH,UNIT_SCADA,1,"2019/08/22 00:55:00",BW01,370.8750
D,DISPATCH,UNIT_SCADA,1,"2019/08/22 00:55:00",BW02,571.349980
D,DISPATCH,UNIT_SCADA,1,"2019/08/22 00:55:00",BW03,476.175050
D,DISPATCH,UNIT_SCADA,1,"2019/08/22 00:55:00",BW04,0
D,DISPATCH,UNIT_SCADA,1,"2019/08/22 00:55:00",CALL_B_1,350.200010
D,DISPATCH,UNIT_SCADA,1,"2019/08/22 00:55:00",CALL_B_2,300.300020
D,DISPATCH,UNIT_SCADA,1,"2019/08/22 00:55:00",CETHANA,99.202380
D,DISPATCH,UNIT_SCADA,1,"2019/08/22 00:55:00",CG1,0
D,DISPATCH,UNIT_SCADA,1,"2019/08/22 00:55:00",CG2,0
D,DISPATCH,UNIT_SCADA,1,"2019/08/22 00:55:00",CG3,0
D,DISPATCH,UNIT_SCADA,1,"2019/08/22 00:55:00",CG4,0
D,DISPATCH,UNIT_SCADA,1,"2019/08/22 00:55:00",CHILDSF1,0.01
D,DISPATCH,UNIT_SCADA,1,"2019/08/22 00:55:00",CLARESF1,0
D,DISPATCH,UNIT_SCADA,1,"2019/08/22 00:55:00",CLEMGPWF,21.106260
D,DISPATCH,UNIT_SCADA,1,"2019/08/22 00:55:00",CLERMSF1,0
D,DISPATCH,UNIT_SCADA,1,"2019/08/22 00:55:00",COLEASF1,0
D,DISPATCH,UNIT_SCADA,1,"2019/08/22 00:55:00",COOPGWF1,31.216260
D,DISPATCH,UNIT_SCADA,1,"2019/08/22 00:55:00",CPP_3,379.50
D,DISPATCH,UNIT_SCADA,1,"2019/08/22 00:55:00",CPP_4,379.50
D,DISPATCH,UNIT_SCADA,1,"2019/08/22 00:55:00",CPSA,142.100620
D,DISPATCH,UNIT_SCADA,1,"2019/08/22 00:55:00",CROOKWF2,84.383740
D,DISPATCH,UNIT_SCADA,1,"2019/08/22 00:55:00",CROWLWF1,49.539070
D,DISPATCH,UNIT_SCADA,1,"2019/08/22 00:55:00",CSPVPS1,0.0430
D,DISPATCH,UNIT_SCADA,1,"2019/08/22 00:55:00",DALNTH01,0
D,DISPATCH,UNIT_SCADA,1,"2019/08/22 00:55:00",DALNTHL1,0.135810
D,DISPATCH,UNIT_SCADA,1,"2019/08/22 00:55:00",DARTM1,0
D,DISPATCH,UNIT_SCADA,1,"2019/08/22 00:55:00",DAYDSF1,0
D,DISPATCH,UNIT_SCADA,1,"2019/08/22 00:55:00",DDPS1,0
D,DISPATCH,UNIT_SCADA,1,"2019/08/22 00:55:00",DDSF1,0
D,DISPATCH,UNIT_SCADA,1,"2019/08/22 00:55:00",DEVILS_G,0
D,DISPATCH,UNIT_SCADA,1,"2019/08/22 00:55:00",DG_NSW1,0
D,DISPATCH,UNIT_SCADA,1,"2019/08/22 00:55:00",DG_QLD1,0
D,DISPATCH,UNIT_SCADA,1,"2019/08/22 00:55:00",DG_SA1,0
D,DISPATCH,UNIT_SCADA,1,"2019/08/22 00:55:00",DG_TAS1,0
D,DISPATCH,UNIT_SCADA,1,"2019/08/22 00:55:00",DG_VIC1,0
D,DISPATCH,UNIT_SCADA,1,"2019/08/22 00:55:00",DRYCGT1,0
D,DISPATCH,UNIT_SCADA,1,"2019/08/22 00:55:00",DRYCGT2,0
D,DISPATCH,UNIT_SCADA,1,"2019/08/22 00:55:00",DRYCGT3,0
D,DISPATCH,UNIT_SCADA,1,"2019/08/22 00:55:00",EILDON1,0
D,DISPATCH,UNIT_SCADA,1,"2019/08/22 00:55:00",EILDON2,0
D,DISPATCH,UNIT_SCADA,1,"2019/08/22 00:55:00",EMERASF1,0
D,DISPATCH,UNIT_SCADA,1,"2019/08/22 00:55:00",ER01,351.224980
D,DISPATCH,UNIT_SCADA,1,"2019/08/22 00:55:00",ER02,471.949950
D,DISPATCH,UNIT_SCADA,1,"2019/08/22 00:55:00",ER03,380.550050
D,DISPATCH,UNIT_SCADA,1,"2019/08/22 00:55:00",ER04,351.50
D,DISPATCH,UNIT_SCADA,1,"2019/08/22 00:55:00",FINLYSF1,0
D,DISPATCH,UNIT_SCADA,1,"2019/08/22 00:55:00",FISHER,45.84
D,DISPATCH,UNIT_SCADA,1,"2019/08/22 00:55:00",GANNBG1,0
D,DISPATCH,UNIT_SCADA,1,"2019/08/22 00:55:00",GANNBL1,0.034360
D,DISPATCH,UNIT_SCADA,1,"2019/08/22 00:55:00",GANNSF1,0
D,DISPATCH,UNIT_SCADA,1,"2019/08/22 00:55:00",GORDON,23.444960
D,DISPATCH,UNIT_SCADA,1,"2019/08/22 00:55:00",GSTONE1,130.724990
D,DISPATCH,UNIT_SCADA,1,"2019/08/22 00:55:00",GSTONE2,130.20
D,DISPATCH,UNIT_SCADA,1,"2019/08/22 00:55:00",GSTONE3,130.3750
D,DISPATCH,UNIT_SCADA,1,"2019/08/22 00:55:00",GSTONE4,131.25
D,DISPATCH,UNIT_SCADA,1,"2019/08/22 00:55:00",GSTONE5,130.024990
D,DISPATCH,UNIT_SCADA,1,"2019/08/22 00:55:00",GSTONE6,0
D,DISPATCH,UNIT_SCADA,1,"2019/08/22 00:55:00",GULLRSF1,0
D,DISPATCH,UNIT_SCADA,1,"2019/08/22 00:55:00",GULLRWF1,156.912960
D,DISPATCH,UNIT_SCADA,1,"2019/08/22 00:55:00",GUNNING1,46.219910
D,DISPATCH,UNIT_SCADA,1,"2019/08/22 00:55:00",GUTHEGA,0
D,DISPATCH,UNIT_SCADA,1,"2019/08/22 00:55:00",HALLWF1,64.97
D,DISPATCH,UNIT_SCADA,1,"2019/08/22 00:55:00",HALLWF2,54.39
D,DISPATCH,UNIT_SCADA,1,"2019/08/22 00:55:00",HAMISF1,0
D,DISPATCH,UNIT_SCADA,1,"2019/08/22 00:55:00",HAUGHT11,0
D,DISPATCH,UNIT_SCADA,1,"2019/08/22 00:55:00",HAYMSF1,0
D,DISPATCH,UNIT_SCADA,1,"2019/08/22 00:55:00",HDWF1,54.60
D,DISPATCH,UNIT_SCADA,1,"2019/08/22 00:55:00",HDWF2,46.10
D,DISPATCH,UNIT_SCADA,1,"2019/08/22 00:55:00",HDWF3,54.60
D,DISPATCH,UNIT_SCADA,1,"2019/08/22 00:55:00",HPRG1,0
D,DISPATCH,UNIT_SCADA,1,"2019/08/22 00:55:00",HPRL1,3.10
D,DISPATCH,UNIT_SCADA,1,"2019/08/22 00:55:00",HUMENSW,0
D,DISPATCH,UNIT_SCADA,1,"2019/08/22 00:55:00",HUMEV,10.30
D,DISPATCH,UNIT_SCADA,1,"2019/08/22 00:55:00",HVGTS,0
D,DISPATCH,UNIT_SCADA,1,"2019/08/22 00:55:00",JBUTTERS,136.37
D,DISPATCH,UNIT_SCADA,1,"2019/08/22 00:55:00",JLA01,0.50
D,DISPATCH,UNIT_SCADA,1,"2019/08/22 00:55:00",JLA02,0
D,DISPATCH,UNIT_SCADA,1,"2019/08/22 00:55:00",JLA03,0.10
D,DISPATCH,UNIT_SCADA,1,"2019/08/22 00:55:00",JLA04,0.10
D,DISPATCH,UNIT_SCADA,1,"2019/08/22 00:55:00",JLB01,0
D,DISPATCH,UNIT_SCADA,1,"2019/08/22 00:55:00",JLB02,0.10
D,DISPATCH,UNIT_SCADA,1,"2019/08/22 00:55:00",JLB03,0
D,DISPATCH,UNIT_SCADA,1,"2019/08/22 00:55:00",KAREEYA1,21.5125
D,DISPATCH,UNIT_SCADA,1,"2019/08/22 00:55:00",KAREEYA2,21.57
D,DISPATCH,UNIT_SCADA,1,"2019/08/22 00:55:00",KAREEYA3,0
D,DISPATCH,UNIT_SCADA,1,"2019/08/22 00:55:00",KAREEYA4,21.7575
D,DISPATCH,UNIT_SCADA,1,"2019/08/22 00:55:00",KARSF1,0
D,DISPATCH,UNIT_SCADA,1,"2019/08/22 00:55:00",KIATAWF1,30.80
D,DISPATCH,UNIT_SCADA,1,"2019/08/22 00:55:00",KPP_1,0
D,DISPATCH,UNIT_SCADA,1,"2019/08/22 00:55:00",KSP1,0
D,DISPATCH,UNIT_SCADA,1,"2019/08/22 00:55:00",LADBROK1,0
D,DISPATCH,UNIT_SCADA,1,"2019/08/22 00:55:00",LADBROK2,0
D,DISPATCH,UNIT_SCADA,1,"2019/08/22 00:55:00",LD01,417.168730
D,DISPATCH,UNIT_SCADA,1,"2019/08/22 00:55:00",LD02,418.912450
D,DISPATCH,UNIT_SCADA,1,"2019/08/22 00:55:00",LD03,419.681210
D,DISPATCH,UNIT_SCADA,1,"2019/08/22 00:55:00",LD04,380.493710
D,DISPATCH,UNIT_SCADA,1,"2019/08/22 00:55:00",LEM_WIL,86.099240
D,DISPATCH,UNIT_SCADA,1,"2019/08/22 00:55:00",LGAPWF1,18.74
D,DISPATCH,UNIT_SCADA,1,"2019/08/22 00:55:00",LILYSF1,0
D,DISPATCH,UNIT_SCADA,1,"2019/08/22 00:55:00",LI_WY_CA,148.8447
D,DISPATCH,UNIT_SCADA,1,"2019/08/22 00:55:00",LKBONNY2,150.714430
D,DISPATCH,UNIT_SCADA,1,"2019/08/22 00:55:00",LKBONNY3,35.279510
D,DISPATCH,UNIT_SCADA,1,"2019/08/22 00:55:00",LK_ECHO,0
D,DISPATCH,UNIT_SCADA,1,"2019/08/22 00:55:00",LNGS1,0
D,DISPATCH,UNIT_SCADA,1,"2019/08/22 00:55:00",LNGS2,0
D,DISPATCH,UNIT_SCADA,1,"2019/08/22 00:55:00",LONSDALE,0
D,DISPATCH,UNIT_SCADA,1,"2019/08/22 00:55:00",LOYYB1,536.088620
D,DISPATCH,UNIT_SCADA,1,"2019/08/22 00:55:00",LOYYB2,581.954410
D,DISPATCH,UNIT_SCADA,1,"2019/08/22 00:55:00",LYA1,560
D,DISPATCH,UNIT_SCADA,1,"2019/08/22 00:55:00",LYA2,0
D,DISPATCH,UNIT_SCADA,1,"2019/08/22 00:55:00",LYA3,561
D,DISPATCH,UNIT_SCADA,1,"2019/08/22 00:55:00",LYA4,531
D,DISPATCH,UNIT_SCADA,1,"2019/08/22 00:55:00",MACARTH1,341.292110
D,DISPATCH,UNIT_SCADA,1,"2019/08/22 00:55:00",MACKAYGT,0
D,DISPATCH,UNIT_SCADA,1,"2019/08/22 00:55:00",MACKNTSH,85.510010
D,DISPATCH,UNIT_SCADA,1,"2019/08/22 00:55:00",MANSLR1,0
D,DISPATCH,UNIT_SCADA,1,"2019/08/22 00:55:00",MCKAY1,0.02
D,DISPATCH,UNIT_SCADA,1,"2019/08/22 00:55:00",MEADOWBK,34.067360
D,DISPATCH,UNIT_SCADA,1,"2019/08/22 00:55:00",MERCER01,124.9150
D,DISPATCH,UNIT_SCADA,1,"2019/08/22 00:55:00",MEWF1,59.488260
D,DISPATCH,UNIT_SCADA,1,"2019/08/22 00:55:00",MINTARO,0
D,DISPATCH,UNIT_SCADA,1,"2019/08/22 00:55:00",MOREESF1,0
D,DISPATCH,UNIT_SCADA,1,"2019/08/22 00:55:00",MORTLK11,0
D,DISPATCH,UNIT_SCADA,1,"2019/08/22 00:55:00",MORTLK12,0
D,DISPATCH,UNIT_SCADA,1,"2019/08/22 00:55:00",MP1,282.900020
D,DISPATCH,UNIT_SCADA,1,"2019/08/22 00:55:00",MP2,0
D,DISPATCH,UNIT_SCADA,1,"2019/08/22 00:55:00",MPP_1,407.75
D,DISPATCH,UNIT_SCADA,1,"2019/08/22 00:55:00",MPP_2,421.25
D,DISPATCH,UNIT_SCADA,1,"2019/08/22 00:55:00",MSTUART1,0
D,DISPATCH,UNIT_SCADA,1,"2019/08/22 00:55:00",MSTUART2,0
D,DISPATCH,UNIT_SCADA,1,"2019/08/22 00:55:00",MSTUART3,0
D,DISPATCH,UNIT_SCADA,1,"2019/08/22 00:55:00",MTGELWF1,64.391010
D,DISPATCH,UNIT_SCADA,1,"2019/08/22 00:55:00",MURRAY,0
D,DISPATCH,UNIT_SCADA,1,"2019/08/22 00:55:00",MUSSELR1,151.299990
D,DISPATCH,UNIT_SCADA,1,"2019/08/22 00:55:00",MUWAWF1,57.7360
D,DISPATCH,UNIT_SCADA,1,"2019/08/22 00:55:00",NBHWF1,86.80
D,DISPATCH,UNIT_SCADA,1,"2019/08/22 00:55:00",NPS,0
D,DISPATCH,UNIT_SCADA,1,"2019/08/22 00:55:00",NUMURSF1,0
D,DISPATCH,UNIT_SCADA,1,"2019/08/22 00:55:00",NYNGAN1,0
D,DISPATCH,UNIT_SCADA,1,"2019/08/22 00:55:00",OAKEY1,0
D,DISPATCH,UNIT_SCADA,1,"2019/08/22 00:55:00",OAKEY1SF,0
D,DISPATCH,UNIT_SCADA,1,"2019/08/22 00:55:00",OAKEY2,0
D,DISPATCH,UNIT_SCADA,1,"2019/08/22 00:55:00",OAKLAND1,61.30
D,DISPATCH,UNIT_SCADA,1,"2019/08/22 00:55:00",OSB-AG,0
D,DISPATCH,UNIT_SCADA,1,"2019/08/22 00:55:00",PARSF1,0
D,DISPATCH,UNIT_SCADA,1,"2019/08/22 00:55:00",POAT110,0
D,DISPATCH,UNIT_SCADA,1,"2019/08/22 00:55:00",POAT220,1.10
D,DISPATCH,UNIT_SCADA,1,"2019/08/22 00:55:00",POR01,0
D,DISPATCH,UNIT_SCADA,1,"2019/08/22 00:55:00",POR03,0
D,DISPATCH,UNIT_SCADA,1,"2019/08/22 00:55:00",PPCCGT,172.8811
D,DISPATCH,UNIT_SCADA,1,"2019/08/22 00:55:00",PTSTAN1,0
D,DISPATCH,UNIT_SCADA,1,"2019/08/22 00:55:00",PUMP1,0
D,DISPATCH,UNIT_SCADA,1,"2019/08/22 00:55:00",PUMP2,0
D,DISPATCH,UNIT_SCADA,1,"2019/08/22 00:55:00",QPS1,0
D,DISPATCH,UNIT_SCADA,1,"2019/08/22 00:55:00",QPS2,0
D,DISPATCH,UNIT_SCADA,1,"2019/08/22 00:55:00",QPS3,0
D,DISPATCH,UNIT_SCADA,1,"2019/08/22 00:55:00",QPS4,0
D,DISPATCH,UNIT_SCADA,1,"2019/08/22 00:55:00",QPS5,0
D,DISPATCH,UNIT_SCADA,1,"2019/08/22 00:55:00",REECE1,118.090010
D,DISPATCH,UNIT_SCADA,1,"2019/08/22 00:55:00",REECE2,118.020010
D,DISPATCH,UNIT_SCADA,1,"2019/08/22 00:55:00",ROMA_7,0
D,DISPATCH,UNIT_SCADA,1,"2019/08/22 00:55:00",ROMA_8,0
D,DISPATCH,UNIT_SCADA,1,"2019/08/22 00:55:00",RRSF1,0
D,DISPATCH,UNIT_SCADA,1,"2019/08/22 00:55:00",RT_NSW1,0
D,DISPATCH,UNIT_SCADA,1,"2019/08/22 00:55:00",RT_NSW2,0
D,DISPATCH,UNIT_SCADA,1,"2019/08/22 00:55:00",RT_NSW3,0
D,DISPATCH,UNIT_SCADA,1,"2019/08/22 00:55:00",RT_NSW4,0
D,DISPATCH,UNIT_SCADA,1,"2019/08/22 00:55:00",RT_NSW5,0
D,DISPATCH,UNIT_SCADA,1,"2019/08/22 00:55:00",RT_NSW6,0
D,DISPATCH,UNIT_SCADA,1,"2019/08/22 00:55:00",RT_QLD1,0
D,DISPATCH,UNIT_SCADA,1,"2019/08/22 00:55:00",RT_SA1,0
D,DISPATCH,UNIT_SCADA,1,"2019/08/22 00:55:00",RT_SA2,0
D,DISPATCH,UNIT_SCADA,1,"2019/08/22 00:55:00",RT_SA3,0
D,DISPATCH,UNIT_SCADA,1,"2019/08/22 00:55:00",RT_SA4,0
D,DISPATCH,UNIT_SCADA,1,"2019/08/22 00:55:00",RT_SA5,0
D,DISPATCH,UNIT_SCADA,1,"2019/08/22 00:55:00",RT_SA6,0
D,DISPATCH,UNIT_SCADA,1,"2019/08/22 00:55:00",RT_TAS1,0
D,DISPATCH,UNIT_SCADA,1,"2019/08/22 00:55:00",RT_VIC1,0
D,DISPATCH,UNIT_SCADA,1,"2019/08/22 00:55:00",RT_VIC10,0
D,DISPATCH,UNIT_SCADA,1,"2019/08/22 00:55:00",RT_VIC11,0
D,DISPATCH,UNIT_SCADA,1,"2019/08/22 00:55:00",RT_VIC12,0
D,DISPATCH,UNIT_SCADA,1,"2019/08/22 00:55:00",RT_VIC2,0
D,DISPATCH,UNIT_SCADA,1,"2019/08/22 00:55:00",RT_VIC3,0
D,DISPATCH,UNIT_SCADA,1,"2019/08/22 00:55:00",RT_VIC4,0
D,DISPATCH,UNIT_SCADA,1,"2019/08/22 00:55:00",RT_VIC5,0
D,DISPATCH,UNIT_SCADA,1,"2019/08/22 00:55:00",RT_VIC6,0
D,DISPATCH,UNIT_SCADA,1,"2019/08/22 00:55:00",RT_VIC7,0
D,DISPATCH,UNIT_SCADA,1,"2019/08/22 00:55:00",RT_VIC8,0
D,DISPATCH,UNIT_SCADA,1,"2019/08/22 00:55:00",RT_VIC9,0
D,DISPATCH,UNIT_SCADA,1,"2019/08/22 00:55:00",RUGBYR1,0
D,DISPATCH,UNIT_SCADA,1,"2019/08/22 00:55:00",SALTCRK1,52.35
D,DISPATCH,UNIT_SCADA,1,"2019/08/22 00:55:00",SAPHWF1,217.715640
D,DISPATCH,UNIT_SCADA,1,"2019/08/22 00:55:00",SHGEN,0
D,DISPATCH,UNIT_SCADA,1,"2019/08/22 00:55:00",SHPUMP,80.8375
D,DISPATCH,UNIT_SCADA,1,"2019/08/22 00:55:00",SITHE01,0.083520
D,DISPATCH,UNIT_SCADA,1,"2019/08/22 00:55:00",SMCSF1,0
D,DISPATCH,UNIT_SCADA,1,"2019/08/22 00:55:00",SNOWNTH1,84.50
D,DISPATCH,UNIT_SCADA,1,"2019/08/22 00:55:00",SNOWSTH1,80
D,DISPATCH,UNIT_SCADA,1,"2019/08/22 00:55:00",SNOWTWN1,59.0079
D,DISPATCH,UNIT_SCADA,1,"2019/08/22 00:55:00",SNOWYP,0
D,DISPATCH,UNIT_SCADA,1,"2019/08/22 00:55:00",SNUG1,0.019440
D,DISPATCH,UNIT_SCADA,1,"2019/08/22 00:55:00",SRSF1,0.44
D,DISPATCH,UNIT_SCADA,1,"2019/08/22 00:55:00",STAN-1,0
D,DISPATCH,UNIT_SCADA,1,"2019/08/22 00:55:00",STAN-2,180.500260
D,DISPATCH,UNIT_SCADA,1,"2019/08/22 00:55:00",STAN-3,219.120290
D,DISPATCH,UNIT_SCADA,1,"2019/08/22 00:55:00",STAN-4,187.434690
D,DISPATCH,UNIT_SCADA,1,"2019/08/22 00:55:00",STWF1,169.38
D,DISPATCH,UNIT_SCADA,1,"2019/08/22 00:55:00",SWAN_E,0
D,DISPATCH,UNIT_SCADA,1,"2019/08/22 00:55:00",TALWA1,190
D,DISPATCH,UNIT_SCADA,1,"2019/08/22 00:55:00",TARALGA1,96.637510
D,DISPATCH,UNIT_SCADA,1,"2019/08/22 00:55:00",TARONG#1,280.50
D,DISPATCH,UNIT_SCADA,1,"2019/08/22 00:55:00",TARONG#2,225.80
D,DISPATCH,UNIT_SCADA,1,"2019/08/22 00:55:00",TARONG#3,260.899990
D,DISPATCH,UNIT_SCADA,1,"2019/08/22 00:55:00",TARONG#4,281.600010
D,DISPATCH,UNIT_SCADA,1,"2019/08/22 00:55:00",TARRALEA,83.90
D,DISPATCH,UNIT_SCADA,1,"2019/08/22 00:55:00",TBSF1,-0.20
D,DISPATCH,UNIT_SCADA,1,"2019/08/22 00:55:00",TNPS1,399.400020
D,DISPATCH,UNIT_SCADA,1,"2019/08/22 00:55:00",TORRA1,46.229010
D,DISPATCH,UNIT_SCADA,1,"2019/08/22 00:55:00",TORRA2,0
D,DISPATCH,UNIT_SCADA,1,"2019/08/22 00:55:00",TORRA3,0
D,DISPATCH,UNIT_SCADA,1,"2019/08/22 00:55:00",TORRA4,0
D,DISPATCH,UNIT_SCADA,1,"2019/08/22 00:55:00",TORRB1,39.39
D,DISPATCH,UNIT_SCADA,1,"2019/08/22 00:55:00",TORRB2,38.60
D,DISPATCH,UNIT_SCADA,1,"2019/08/22 00:55:00",TORRB3,0
D,DISPATCH,UNIT_SCADA,1,"2019/08/22 00:55:00",TORRB4,0
D,DISPATCH,UNIT_SCADA,1,"2019/08/22 00:55:00",TREVALLN,0.60
D,DISPATCH,UNIT_SCADA,1,"2019/08/22 00:55:00",TRIBUTE,84.439990
D,DISPATCH,UNIT_SCADA,1,"2019/08/22 00:55:00",TUMUT3,0
D,DISPATCH,UNIT_SCADA,1,"2019/08/22 00:55:00",TUNGATIN,8.260020
D,DISPATCH,UNIT_SCADA,1,"2019/08/22 00:55:00",TVCC201,0
D,DISPATCH,UNIT_SCADA,1,"2019/08/22 00:55:00",TVPP104,0
D,DISPATCH,UNIT_SCADA,1,"2019/08/22 00:55:00",UPPTUMUT,0
D,DISPATCH,UNIT_SCADA,1,"2019/08/22 00:55:00",URANQ11,0
D,DISPATCH,UNIT_SCADA,1,"2019/08/22 00:55:00",URANQ12,0
D,DISPATCH,UNIT_SCADA,1,"2019/08/22 00:55:00",URANQ13,0
D,DISPATCH,UNIT_SCADA,1,"2019/08/22 00:55:00",URANQ14,0
D,DISPATCH,UNIT_SCADA,1,"2019/08/22 00:55:00",VP5,401.550020
D,DISPATCH,UNIT_SCADA,1,"2019/08/22 00:55:00",VP6,395.575010
D,DISPATCH,UNIT_SCADA,1,"2019/08/22 00:55:00",VPGS1,0
D,DISPATCH,UNIT_SCADA,1,"2019/08/22 00:55:00",VPGS2,0
D,DISPATCH,UNIT_SCADA,1,"2019/08/22 00:55:00",VPGS3,0
D,DISPATCH,UNIT_SCADA,1,"2019/08/22 00:55:00",VPGS4,0
D,DISPATCH,UNIT_SCADA,1,"2019/08/22 00:55:00",VPGS5,0
D,DISPATCH,UNIT_SCADA,1,"2019/08/22 00:55:00",VPGS6,0
D,DISPATCH,UNIT_SCADA,1,"2019/08/22 00:55:00",W/HOE#1,0
D,DISPATCH,UNIT_SCADA,1,"2019/08/22 00:55:00",W/HOE#2,0
D,DISPATCH,UNIT_SCADA,1,"2019/08/22 00:55:00",WATERLWF,110.30
D,DISPATCH,UNIT_SCADA,1,"2019/08/22 00:55:00",WEMENSF1,0
D,DISPATCH,UNIT_SCADA,1,"2019/08/22 00:55:00",WGWF1,66.90
D,DISPATCH,UNIT_SCADA,1,"2019/08/22 00:55:00",WHITSF1,0
D,DISPATCH,UNIT_SCADA,1,"2019/08/22 00:55:00",WKIEWA1,0
D,DISPATCH,UNIT_SCADA,1,"2019/08/22 00:55:00",WKIEWA2,29.20
D,DISPATCH,UNIT_SCADA,1,"2019/08/22 00:55:00",WOODLWN1,44.928010
D,DISPATCH,UNIT_SCADA,1,"2019/08/22 00:55:00",WRSF1,0
D,DISPATCH,UNIT_SCADA,1,"2019/08/22 00:55:00",WRWF1,135.121250
D,DISPATCH,UNIT_SCADA,1,"2019/08/22 00:55:00",YABULU,0
D,DISPATCH,UNIT_SCADA,1,"2019/08/22 00:55:00",YABULU2,0
D,DISPATCH,UNIT_SCADA,1,"2019/08/22 00:55:00",YARWUN_1,89.96
D,DISPATCH,UNIT_SCADA,1,"2019/08/22 00:55:00",YENDWF1,42.22
D,DISPATCH,UNIT_SCADA,1,"2019/08/22 00:55:00",YWPS1,302.002530
D,DISPATCH,UNIT_SCADA,1,"2019/08/22 00:55:00",YWPS2,278.192410
D,DISPATCH,UNIT_SCADA,1,"2019/08/22 00:55:00",YWPS3,0
D,DISPATCH,UNIT_SCADA,1,"2019/08/22 00:55:00",YWPS4,392.979740
C,"END OF REPORT",334
