C,NEMP.WORLD,DISPATCHSCADA,AEMO,PUBLIC,2019/09/04,21:20:08,0000000312397403,DISPATCHSCADA,0000000312397397
I,DISPATCH,UNIT_SCADA,1,SETTLEMENTDATE,DUID,SCADAVALUE
D,DISPATCH,UNIT_SCADA,1,"2019/09/04 21:25:00",BARCSF1,0
D,DISPATCH,UNIT_SCADA,1,"2019/09/04 21:25:00",BUTLERSG,10.099998
D,DISPATCH,UNIT_SCADA,1,"2019/09/04 21:25:00",CALL_A_4,0
D,DISPATCH,UNIT_SCADA,1,"2019/09/04 21:25:00",CAPTL_WF,79.300003
D,DISPATCH,UNIT_SCADA,1,"2019/09/04 21:25:00",CATHROCK,0
D,DISPATCH,UNIT_SCADA,1,"2019/09/04 21:25:00",CHALLHWF,0
D,DISPATCH,UNIT_SCADA,1,"2019/09/04 21:25:00",CLOVER,-0.01
D,DISPATCH,UNIT_SCADA,1,"2019/09/04 21:25:00",CLUNY,10.115358
D,DISPATCH,UNIT_SCADA,1,"2019/09/04 21:25:00",CNUNDAWF,0
D,DISPATCH,UNIT_SCADA,1,"2019/09/04 21:25:00",CULLRGWF,14.31
D,DISPATCH,UNIT_SCADA,1,"2019/09/04 21:25:00",ERGT01,0
D,DISPATCH,UNIT_SCADA,1,"2019/09/04 21:25:00",GB01,0.021431
D,DISPATCH,UNIT_SCADA,1,"2019/09/04 21:25:00",GERMCRK,38
D,DISPATCH,UNIT_SCADA,1,"2019/09/04 21:25:00",GRIFSF1,0
D,DISPATCH,UNIT_SCADA,1,"2019/09/04 21:25:00",HUGSF1,-0.19
D,DISPATCH,UNIT_SCADA,1,"2019/09/04 21:25:00",LKBONNY1,-0.449338
D,DISPATCH,UNIT_SCADA,1,"2019/09/04 21:25:00",LRSF1,-0.0310
D,DISPATCH,UNIT_SCADA,1,"2019/09/04 21:25:00",MBAHNTH,27.037498
D,DISPATCH,UNIT_SCADA,1,"2019/09/04 21:25:00",MLSP1,0.366001
D,DISPATCH,UNIT_SCADA,1,"2019/09/04 21:25:00",MLWF1,0.57
D,DISPATCH,UNIT_SCADA,1,"2019/09/04 21:25:00",MTMILLAR,-0.279049
D,DISPATCH,UNIT_SCADA,1,"2019/09/04 21:25:00",PALOONA,16.889999
D,DISPATCH,UNIT_SCADA,1,"2019/09/04 21:25:00",PIONEER,45.400002
D,DISPATCH,UNIT_SCADA,1,"2019/09/04 21:25:00",PORTWF,-0.30
D,DISPATCH,UNIT_SCADA,1,"2019/09/04 21:25:00",REPULSE,20.052185
D,DISPATCH,UNIT_SCADA,1,"2019/09/04 21:25:00",ROWALLAN,10.4299
D,DISPATCH,UNIT_SCADA,1,"2019/09/04 21:25:00",ROYALLA1,0
D,DISPATCH,UNIT_SCADA,1,"2019/09/04 21:25:00",RPCG,-0.30
D,DISPATCH,UNIT_SCADA,1,"2019/09/04 21:25:00",RUBICON,0
D,DISPATCH,UNIT_SCADA,1,"2019/09/04 21:25:00",SATGN1,0
D,DISPATCH,UNIT_SCADA,1,"2019/09/04 21:25:00",SATGS1,0
D,DISPATCH,UNIT_SCADA,1,"2019/09/04 21:25:00",STARHLWF,-0.099971
D,DISPATCH,UNIT_SCADA,1,"2019/09/04 21:25:00",WAUBRAWF,0
D,DISPATCH,UNIT_SCADA,1,"2019/09/04 21:25:00",WOOLNTH1,22.390017
D,DISPATCH,UNIT_SCADA,1,"2019/09/04 21:25:00",WPWF,0
D,DISPATCH,UNIT_SCADA,1,"2019/09/04 21:25:00",YAMBUKWF,-0.20
D,DISPATCH,UNIT_SCADA,1,"2019/09/04 21:25:00",YSWF1,0
D,DISPATCH,UNIT_SCADA,1,"2019/09/04 21:25:00",AGLHAL,29.4351
D,DISPATCH,UNIT_SCADA,1,"2019/09/04 21:25:00",AGLSOM,120.60
D,DISPATCH,UNIT_SCADA,1,"2019/09/04 21:25:00",ANGAST1,0
D,DISPATCH,UNIT_SCADA,1,"2019/09/04 21:25:00",ARWF1,2.40
D,DISPATCH,UNIT_SCADA,1,"2019/09/04 21:25:00",BALBG1,1.46
D,DISPATCH,UNIT_SCADA,1,"2019/09/04 21:25:00",BALBL1,0
D,DISPATCH,UNIT_SCADA,1,"2019/09/04 21:25:00",BALDHWF1,6.7120
D,DISPATCH,UNIT_SCADA,1,"2019/09/04 21:25:00",BANN1,0
D,DISPATCH,UNIT_SCADA,1,"2019/09/04 21:25:00",BARCALDN,0
D,DISPATCH,UNIT_SCADA,1,"2019/09/04 21:25:00",BARRON-1,33.72
D,DISPATCH,UNIT_SCADA,1,"2019/09/04 21:25:00",BARRON-2,0
D,DISPATCH,UNIT_SCADA,1,"2019/09/04 21:25:00",BASTYAN,80.55
D,DISPATCH,UNIT_SCADA,1,"2019/09/04 21:25:00",BBTHREE1,0
D,DISPATCH,UNIT_SCADA,1,"2019/09/04 21:25:00",BBTHREE2,0
D,DISPATCH,UNIT_SCADA,1,"2019/09/04 21:25:00",BBTHREE3,0
D,DISPATCH,UNIT_SCADA,1,"2019/09/04 21:25:00",BDL01,44.16
D,DISPATCH,UNIT_SCADA,1,"2019/09/04 21:25:00",BDL02,44.46
D,DISPATCH,UNIT_SCADA,1,"2019/09/04 21:25:00",BERYLSF1,0
D,DISPATCH,UNIT_SCADA,1,"2019/09/04 21:25:00",BLOWERNG,11.10
D,DISPATCH,UNIT_SCADA,1,"2019/09/04 21:25:00",BLUFF1,0.10
D,DISPATCH,UNIT_SCADA,1,"2019/09/04 21:25:00",BNGSF1,0
D,DISPATCH,UNIT_SCADA,1,"2019/09/04 21:25:00",BNGSF2,0
D,DISPATCH,UNIT_SCADA,1,"2019/09/04 21:25:00",BOCORWF1,3.91
D,DISPATCH,UNIT_SCADA,1,"2019/09/04 21:25:00",BODWF1,58.792340
D,DISPATCH,UNIT_SCADA,1,"2019/09/04 21:25:00",BRAEMAR1,0
D,DISPATCH,UNIT_SCADA,1,"2019/09/04 21:25:00",BRAEMAR2,0
D,DISPATCH,UNIT_SCADA,1,"2019/09/04 21:25:00",BRAEMAR3,0
D,DISPATCH,UNIT_SCADA,1,"2019/09/04 21:25:00",BRAEMAR5,0
D,DISPATCH,UNIT_SCADA,1,"2019/09/04 21:25:00",BRAEMAR6,0
D,DISPATCH,UNIT_SCADA,1,"2019/09/04 21:25:00",BRAEMAR7,0
D,DISPATCH,UNIT_SCADA,1,"2019/09/04 21:25:00",BROKENH1,0
D,DISPATCH,UNIT_SCADA,1,"2019/09/04 21:25:00",BW01,553.75
D,DISPATCH,UNIT_SCADA,1,"2019/09/04 21:25:00",BW02,627.050050
D,DISPATCH,UNIT_SCADA,1,"2019/09/04 21:25:00",BW03,630.775020
D,DISPATCH,UNIT_SCADA,1,"2019/09/04 21:25:00",BW04,0
D,DISPATCH,UNIT_SCADA,1,"2019/09/04 21:25:00",CALL_B_1,349.50
D,DISPATCH,UNIT_SCADA,1,"2019/09/04 21:25:00",CALL_B_2,350.399990
D,DISPATCH,UNIT_SCADA,1,"2019/09/04 21:25:00",CETHANA,80.162120
D,DISPATCH,UNIT_SCADA,1,"2019/09/04 21:25:00",CG1,0
D,DISPATCH,UNIT_SCADA,1,"2019/09/04 21:25:00",CG2,0
D,DISPATCH,UNIT_SCADA,1,"2019/09/04 21:25:00",CG3,0
D,DISPATCH,UNIT_SCADA,1,"2019/09/04 21:25:00",CG4,0
D,DISPATCH,UNIT_SCADA,1,"2019/09/04 21:25:00",CHILDSF1,0
D,DISPATCH,UNIT_SCADA,1,"2019/09/04 21:25:00",CLARESF1,0
D,DISPATCH,UNIT_SCADA,1,"2019/09/04 21:25:00",CLEMGPWF,14.046830
D,DISPATCH,UNIT_SCADA,1,"2019/09/04 21:25:00",CLERMSF1,0
D,DISPATCH,UNIT_SCADA,1,"2019/09/04 21:25:00",COLEASF1,0
D,DISPATCH,UNIT_SCADA,1,"2019/09/04 21:25:00",COOPGWF1,26.431460
D,DISPATCH,UNIT_SCADA,1,"2019/09/04 21:25:00",CPP_3,405.350010
D,DISPATCH,UNIT_SCADA,1,"2019/09/04 21:25:00",CPP_4,406.725010
D,DISPATCH,UNIT_SCADA,1,"2019/09/04 21:25:00",CPSA,143.173130
D,DISPATCH,UNIT_SCADA,1,"2019/09/04 21:25:00",CROOKWF2,70.313750
D,DISPATCH,UNIT_SCADA,1,"2019/09/04 21:25:00",CROWLWF1,1.606720
D,DISPATCH,UNIT_SCADA,1,"2019/09/04 21:25:00",CSPVPS1,0
D,DISPATCH,UNIT_SCADA,1,"2019/09/04 21:25:00",DALNTH01,0
D,DISPATCH,UNIT_SCADA,1,"2019/09/04 21:25:00",DALNTHL1,0.074770
D,DISPATCH,UNIT_SCADA,1,"2019/09/04 21:25:00",DARTM1,133.20
D,DISPATCH,UNIT_SCADA,1,"2019/09/04 21:25:00",DAYDSF1,0
D,DISPATCH,UNIT_SCADA,1,"2019/09/04 21:25:00",DDPS1,576.416320
D,DISPATCH,UNIT_SCADA,1,"2019/09/04 21:25:00",DDSF1,0
D,DISPATCH,UNIT_SCADA,1,"2019/09/04 21:25:00",DEVILS_G,56.412850
D,DISPATCH,UNIT_SCADA,1,"2019/09/04 21:25:00",DG_NSW1,0
D,DISPATCH,UNIT_SCADA,1,"2019/09/04 21:25:00",DG_QLD1,0
D,DISPATCH,UNIT_SCADA,1,"2019/09/04 21:25:00",DG_SA1,0
D,DISPATCH,UNIT_SCADA,1,"2019/09/04 21:25:00",DG_TAS1,0
D,DISPATCH,UNIT_SCADA,1,"2019/09/04 21:25:00",DG_VIC1,0
D,DISPATCH,UNIT_SCADA,1,"2019/09/04 21:25:00",DRYCGT1,0
D,DISPATCH,UNIT_SCADA,1,"2019/09/04 21:25:00",DRYCGT2,0
D,DISPATCH,UNIT_SCADA,1,"2019/09/04 21:25:00",DRYCGT3,0
D,DISPATCH,UNIT_SCADA,1,"2019/09/04 21:25:00",EILDON1,0
D,DISPATCH,UNIT_SCADA,1,"2019/09/04 21:25:00",EILDON2,0
D,DISPATCH,UNIT_SCADA,1,"2019/09/04 21:25:00",EMERASF1,0
D,DISPATCH,UNIT_SCADA,1,"2019/09/04 21:25:00",ER01,578.349980
D,DISPATCH,UNIT_SCADA,1,"2019/09/04 21:25:00",ER02,683.275020
D,DISPATCH,UNIT_SCADA,1,"2019/09/04 21:25:00",ER03,0
D,DISPATCH,UNIT_SCADA,1,"2019/09/04 21:25:00",ER04,684.400020
D,DISPATCH,UNIT_SCADA,1,"2019/09/04 21:25:00",FINLYSF1,0
D,DISPATCH,UNIT_SCADA,1,"2019/09/04 21:25:00",FISHER,45.87
D,DISPATCH,UNIT_SCADA,1,"2019/09/04 21:25:00",GANNBG1,0
D,DISPATCH,UNIT_SCADA,1,"2019/09/04 21:25:00",GANNBL1,0.195030
D,DISPATCH,UNIT_SCADA,1,"2019/09/04 21:25:00",GANNSF1,0
D,DISPATCH,UNIT_SCADA,1,"2019/09/04 21:25:00",GORDON,19.666640
D,DISPATCH,UNIT_SCADA,1,"2019/09/04 21:25:00",GSTONE1,198.974990
D,DISPATCH,UNIT_SCADA,1,"2019/09/04 21:25:00",GSTONE2,194.95
D,DISPATCH,UNIT_SCADA,1,"2019/09/04 21:25:00",GSTONE3,0
D,DISPATCH,UNIT_SCADA,1,"2019/09/04 21:25:00",GSTONE4,204.05
D,DISPATCH,UNIT_SCADA,1,"2019/09/04 21:25:00",GSTONE5,197.5750
D,DISPATCH,UNIT_SCADA,1,"2019/09/04 21:25:00",GSTONE6,196.1750
D,DISPATCH,UNIT_SCADA,1,"2019/09/04 21:25:00",GULLRSF1,0
D,DISPATCH,UNIT_SCADA,1,"2019/09/04 21:25:00",GULLRWF1,123.828610
D,DISPATCH,UNIT_SCADA,1,"2019/09/04 21:25:00",GUNNING1,36.452310
D,DISPATCH,UNIT_SCADA,1,"2019/09/04 21:25:00",GUTHEGA,31.20
D,DISPATCH,UNIT_SCADA,1,"2019/09/04 21:25:00",HALLWF1,6.08
D,DISPATCH,UNIT_SCADA,1,"2019/09/04 21:25:00",HALLWF2,-0.41
D,DISPATCH,UNIT_SCADA,1,"2019/09/04 21:25:00",HAMISF1,0
D,DISPATCH,UNIT_SCADA,1,"2019/09/04 21:25:00",HAUGHT11,0
D,DISPATCH,UNIT_SCADA,1,"2019/09/04 21:25:00",HAYMSF1,0
D,DISPATCH,UNIT_SCADA,1,"2019/09/04 21:25:00",HDWF1,27.50
D,DISPATCH,UNIT_SCADA,1,"2019/09/04 21:25:00",HDWF2,26.30
D,DISPATCH,UNIT_SCADA,1,"2019/09/04 21:25:00",HDWF3,27.80
D,DISPATCH,UNIT_SCADA,1,"2019/09/04 21:25:00",HPRG1,2.60
D,DISPATCH,UNIT_SCADA,1,"2019/09/04 21:25:00",HPRL1,0
D,DISPATCH,UNIT_SCADA,1,"2019/09/04 21:25:00",HUMENSW,0
D,DISPATCH,UNIT_SCADA,1,"2019/09/04 21:25:00",HUMEV,25.70
D,DISPATCH,UNIT_SCADA,1,"2019/09/04 21:25:00",HVGTS,0
D,DISPATCH,UNIT_SCADA,1,"2019/09/04 21:25:00",JBUTTERS,98.64
D,DISPATCH,UNIT_SCADA,1,"2019/09/04 21:25:00",JLA01,30
D,DISPATCH,UNIT_SCADA,1,"2019/09/04 21:25:00",JLA02,29.80
D,DISPATCH,UNIT_SCADA,1,"2019/09/04 21:25:00",JLA03,0
D,DISPATCH,UNIT_SCADA,1,"2019/09/04 21:25:00",JLA04,0
D,DISPATCH,UNIT_SCADA,1,"2019/09/04 21:25:00",JLB01,0
D,DISPATCH,UNIT_SCADA,1,"2019/09/04 21:25:00",JLB02,83.60
D,DISPATCH,UNIT_SCADA,1,"2019/09/04 21:25:00",JLB03,84.20
D,DISPATCH,UNIT_SCADA,1,"2019/09/04 21:25:00",KAREEYA1,21.49
D,DISPATCH,UNIT_SCADA,1,"2019/09/04 21:25:00",KAREEYA2,21.6050
D,DISPATCH,UNIT_SCADA,1,"2019/09/04 21:25:00",KAREEYA3,0
D,DISPATCH,UNIT_SCADA,1,"2019/09/04 21:25:00",KAREEYA4,21.5450
D,DISPATCH,UNIT_SCADA,1,"2019/09/04 21:25:00",KARSF1,0
D,DISPATCH,UNIT_SCADA,1,"2019/09/04 21:25:00",KIATAWF1,-0.30
D,DISPATCH,UNIT_SCADA,1,"2019/09/04 21:25:00",KPP_1,0
D,DISPATCH,UNIT_SCADA,1,"2019/09/04 21:25:00",KSP1,0
D,DISPATCH,UNIT_SCADA,1,"2019/09/04 21:25:00",LADBROK1,42.29
D,DISPATCH,UNIT_SCADA,1,"2019/09/04 21:25:00",LADBROK2,43.26
D,DISPATCH,UNIT_SCADA,1,"2019/09/04 21:25:00",LD01,415.631290
D,DISPATCH,UNIT_SCADA,1,"2019/09/04 21:25:00",LD02,399.356230
D,DISPATCH,UNIT_SCADA,1,"2019/09/04 21:25:00",LD03,417.337460
D,DISPATCH,UNIT_SCADA,1,"2019/09/04 21:25:00",LD04,378.487520
D,DISPATCH,UNIT_SCADA,1,"2019/09/04 21:25:00",LEM_WIL,82.136850
D,DISPATCH,UNIT_SCADA,1,"2019/09/04 21:25:00",LGAPWF1,34.04
D,DISPATCH,UNIT_SCADA,1,"2019/09/04 21:25:00",LILYSF1,0
D,DISPATCH,UNIT_SCADA,1,"2019/09/04 21:25:00",LI_WY_CA,164.577640
D,DISPATCH,UNIT_SCADA,1,"2019/09/04 21:25:00",LKBONNY2,-1.160150
D,DISPATCH,UNIT_SCADA,1,"2019/09/04 21:25:00",LKBONNY3,-0.225030
D,DISPATCH,UNIT_SCADA,1,"2019/09/04 21:25:00",LK_ECHO,0
D,DISPATCH,UNIT_SCADA,1,"2019/09/04 21:25:00",LNGS1,0
D,DISPATCH,UNIT_SCADA,1,"2019/09/04 21:25:00",LNGS2,0
D,DISPATCH,UNIT_SCADA,1,"2019/09/04 21:25:00",LONSDALE,0
D,DISPATCH,UNIT_SCADA,1,"2019/09/04 21:25:00",LOYYB1,536.088620
D,DISPATCH,UNIT_SCADA,1,"2019/09/04 21:25:00",LOYYB2,582.7063
D,DISPATCH,UNIT_SCADA,1,"2019/09/04 21:25:00",LYA1,0
D,DISPATCH,UNIT_SCADA,1,"2019/09/04 21:25:00",LYA2,0
D,DISPATCH,UNIT_SCADA,1,"2019/09/04 21:25:00",LYA3,561
D,DISPATCH,UNIT_SCADA,1,"2019/09/04 21:25:00",LYA4,541
D,DISPATCH,UNIT_SCADA,1,"2019/09/04 21:25:00",MACARTH1,0
D,DISPATCH,UNIT_SCADA,1,"2019/09/04 21:25:00",MACKAYGT,0.2240
D,DISPATCH,UNIT_SCADA,1,"2019/09/04 21:25:00",MACKNTSH,89.030010
D,DISPATCH,UNIT_SCADA,1,"2019/09/04 21:25:00",MANSLR1,0
D,DISPATCH,UNIT_SCADA,1,"2019/09/04 21:25:00",MCKAY1,123.63
D,DISPATCH,UNIT_SCADA,1,"2019/09/04 21:25:00",MEADOWBK,24.8646
D,DISPATCH,UNIT_SCADA,1,"2019/09/04 21:25:00",MERCER01,0.9560
D,DISPATCH,UNIT_SCADA,1,"2019/09/04 21:25:00",MEWF1,54.917120
D,DISPATCH,UNIT_SCADA,1,"2019/09/04 21:25:00",MINTARO,0
D,DISPATCH,UNIT_SCADA,1,"2019/09/04 21:25:00",MOREESF1,0
D,DISPATCH,UNIT_SCADA,1,"2019/09/04 21:25:00",MORTLK11,259
D,DISPATCH,UNIT_SCADA,1,"2019/09/04 21:25:00",MORTLK12,0
D,DISPATCH,UNIT_SCADA,1,"2019/09/04 21:25:00",MP1,212.8750
D,DISPATCH,UNIT_SCADA,1,"2019/09/04 21:25:00",MP2,0
D,DISPATCH,UNIT_SCADA,1,"2019/09/04 21:25:00",MPP_1,418
D,DISPATCH,UNIT_SCADA,1,"2019/09/04 21:25:00",MPP_2,436
D,DISPATCH,UNIT_SCADA,1,"2019/09/04 21:25:00",MSTUART1,0
D,DISPATCH,UNIT_SCADA,1,"2019/09/04 21:25:00",MSTUART2,0
D,DISPATCH,UNIT_SCADA,1,"2019/09/04 21:25:00",MSTUART3,0
D,DISPATCH,UNIT_SCADA,1,"2019/09/04 21:25:00",MTGELWF1,-0.381480
D,DISPATCH,UNIT_SCADA,1,"2019/09/04 21:25:00",MURRAY,1027.337160
D,DISPATCH,UNIT_SCADA,1,"2019/09/04 21:25:00",MUSSELR1,119.10
D,DISPATCH,UNIT_SCADA,1,"2019/09/04 21:25:00",MUWAWF1,-0.04
D,DISPATCH,UNIT_SCADA,1,"2019/09/04 21:25:00",NBHWF1,18.20
D,DISPATCH,UNIT_SCADA,1,"2019/09/04 21:25:00",NPS,302.6250
D,DISPATCH,UNIT_SCADA,1,"2019/09/04 21:25:00",NUMURSF1,0
D,DISPATCH,UNIT_SCADA,1,"2019/09/04 21:25:00",NYNGAN1,0
D,DISPATCH,UNIT_SCADA,1,"2019/09/04 21:25:00",OAKEY1,0
D,DISPATCH,UNIT_SCADA,1,"2019/09/04 21:25:00",OAKEY1SF,0
D,DISPATCH,UNIT_SCADA,1,"2019/09/04 21:25:00",OAKEY2,0
D,DISPATCH,UNIT_SCADA,1,"2019/09/04 21:25:00",OAKEY2SF,0
D,DISPATCH,UNIT_SCADA,1,"2019/09/04 21:25:00",OAKLAND1,0
D,DISPATCH,UNIT_SCADA,1,"2019/09/04 21:25:00",OSB-AG,179.88
D,DISPATCH,UNIT_SCADA,1,"2019/09/04 21:25:00",PARSF1,0
D,DISPATCH,UNIT_SCADA,1,"2019/09/04 21:25:00",POAT110,0
D,DISPATCH,UNIT_SCADA,1,"2019/09/04 21:25:00",POAT220,1.06
D,DISPATCH,UNIT_SCADA,1,"2019/09/04 21:25:00",POR01,0
D,DISPATCH,UNIT_SCADA,1,"2019/09/04 21:25:00",POR03,0
D,DISPATCH,UNIT_SCADA,1,"2019/09/04 21:25:00",PPCCGT,482.260380
D,DISPATCH,UNIT_SCADA,1,"2019/09/04 21:25:00",PTSTAN1,0
D,DISPATCH,UNIT_SCADA,1,"2019/09/04 21:25:00",PUMP1,0
D,DISPATCH,UNIT_SCADA,1,"2019/09/04 21:25:00",PUMP2,0
D,DISPATCH,UNIT_SCADA,1,"2019/09/04 21:25:00",QPS1,29
D,DISPATCH,UNIT_SCADA,1,"2019/09/04 21:25:00",QPS2,23.60
D,DISPATCH,UNIT_SCADA,1,"2019/09/04 21:25:00",QPS3,23.30
D,DISPATCH,UNIT_SCADA,1,"2019/09/04 21:25:00",QPS4,23.60
D,DISPATCH,UNIT_SCADA,1,"2019/09/04 21:25:00",QPS5,110.71
D,DISPATCH,UNIT_SCADA,1,"2019/09/04 21:25:00",REECE1,102.060010
D,DISPATCH,UNIT_SCADA,1,"2019/09/04 21:25:00",REECE2,101.540010
D,DISPATCH,UNIT_SCADA,1,"2019/09/04 21:25:00",ROMA_7,0
D,DISPATCH,UNIT_SCADA,1,"2019/09/04 21:25:00",ROMA_8,0
D,DISPATCH,UNIT_SCADA,1,"2019/09/04 21:25:00",RRSF1,0
D,DISPATCH,UNIT_SCADA,1,"2019/09/04 21:25:00",RT_NSW1,0
D,DISPATCH,UNIT_SCADA,1,"2019/09/04 21:25:00",RT_NSW2,0
D,DISPATCH,UNIT_SCADA,1,"2019/09/04 21:25:00",RT_NSW3,0
D,DISPATCH,UNIT_SCADA,1,"2019/09/04 21:25:00",RT_NSW4,0
D,DISPATCH,UNIT_SCADA,1,"2019/09/04 21:25:00",RT_NSW5,0
D,DISPATCH,UNIT_SCADA,1,"2019/09/04 21:25:00",RT_NSW6,0
D,DISPATCH,UNIT_SCADA,1,"2019/09/04 21:25:00",RT_QLD1,0
D,DISPATCH,UNIT_SCADA,1,"2019/09/04 21:25:00",RT_SA1,0
D,DISPATCH,UNIT_SCADA,1,"2019/09/04 21:25:00",RT_SA2,0
D,DISPATCH,UNIT_SCADA,1,"2019/09/04 21:25:00",RT_SA3,0
D,DISPATCH,UNIT_SCADA,1,"2019/09/04 21:25:00",RT_SA4,0
D,DISPATCH,UNIT_SCADA,1,"2019/09/04 21:25:00",RT_SA5,0
D,DISPATCH,UNIT_SCADA,1,"2019/09/04 21:25:00",RT_SA6,0
D,DISPATCH,UNIT_SCADA,1,"2019/09/04 21:25:00",RT_TAS1,0
D,DISPATCH,UNIT_SCADA,1,"2019/09/04 21:25:00",RT_VIC1,0
D,DISPATCH,UNIT_SCADA,1,"2019/09/04 21:25:00",RT_VIC10,0
D,DISPATCH,UNIT_SCADA,1,"2019/09/04 21:25:00",RT_VIC11,0
D,DISPATCH,UNIT_SCADA,1,"2019/09/04 21:25:00",RT_VIC12,0
D,DISPATCH,UNIT_SCADA,1,"2019/09/04 21:25:00",RT_VIC2,0
D,DISPATCH,UNIT_SCADA,1,"2019/09/04 21:25:00",RT_VIC3,0
D,DISPATCH,UNIT_SCADA,1,"2019/09/04 21:25:00",RT_VIC4,0
D,DISPATCH,UNIT_SCADA,1,"2019/09/04 21:25:00",RT_VIC5,0
D,DISPATCH,UNIT_SCADA,1,"2019/09/04 21:25:00",RT_VIC6,0
D,DISPATCH,UNIT_SCADA,1,"2019/09/04 21:25:00",RT_VIC7,0
D,DISPATCH,UNIT_SCADA,1,"2019/09/04 21:25:00",RT_VIC8,0
D,DISPATCH,UNIT_SCADA,1,"2019/09/04 21:25:00",RT_VIC9,0
D,DISPATCH,UNIT_SCADA,1,"2019/09/04 21:25:00",RUGBYR1,0
D,DISPATCH,UNIT_SCADA,1,"2019/09/04 21:25:00",SALTCRK1,1.43
D,DISPATCH,UNIT_SCADA,1,"2019/09/04 21:25:00",SAPHWF1,96.168730
D,DISPATCH,UNIT_SCADA,1,"2019/09/04 21:25:00",SHGEN,0
D,DISPATCH,UNIT_SCADA,1,"2019/09/04 21:25:00",SHPUMP,0
D,DISPATCH,UNIT_SCADA,1,"2019/09/04 21:25:00",SITHE01,0.244290
D,DISPATCH,UNIT_SCADA,1,"2019/09/04 21:25:00",SMCSF1,0
D,DISPATCH,UNIT_SCADA,1,"2019/09/04 21:25:00",SNOWNTH1,0.50
D,DISPATCH,UNIT_SCADA,1,"2019/09/04 21:25:00",SNOWSTH1,0
D,DISPATCH,UNIT_SCADA,1,"2019/09/04 21:25:00",SNOWTWN1,-0.413240
D,DISPATCH,UNIT_SCADA,1,"2019/09/04 21:25:00",SNOWYP,0
D,DISPATCH,UNIT_SCADA,1,"2019/09/04 21:25:00",SNUG1,0.019440
D,DISPATCH,UNIT_SCADA,1,"2019/09/04 21:25:00",SRSF1,0
D,DISPATCH,UNIT_SCADA,1,"2019/09/04 21:25:00",STAN-1,218.940840
D,DISPATCH,UNIT_SCADA,1,"2019/09/04 21:25:00",STAN-2,357.526890
D,DISPATCH,UNIT_SCADA,1,"2019/09/04 21:25:00",STAN-3,364.051150
D,DISPATCH,UNIT_SCADA,1,"2019/09/04 21:25:00",STAN-4,362.013120
D,DISPATCH,UNIT_SCADA,1,"2019/09/04 21:25:00",STWF1,141.648740
D,DISPATCH,UNIT_SCADA,1,"2019/09/04 21:25:00",SWAN_E,0
D,DISPATCH,UNIT_SCADA,1,"2019/09/04 21:25:00",TALWA1,412
D,DISPATCH,UNIT_SCADA,1,"2019/09/04 21:25:00",TARALGA1,88.98
D,DISPATCH,UNIT_SCADA,1,"2019/09/04 21:25:00",TARONG#1,352.700010
D,DISPATCH,UNIT_SCADA,1,"2019/09/04 21:25:00",TARONG#2,0
D,DISPATCH,UNIT_SCADA,1,"2019/09/04 21:25:00",TARONG#3,349.399990
D,DISPATCH,UNIT_SCADA,1,"2019/09/04 21:25:00",TARONG#4,349.700010
D,DISPATCH,UNIT_SCADA,1,"2019/09/04 21:25:00",TARRALEA,71.10
D,DISPATCH,UNIT_SCADA,1,"2019/09/04 21:25:00",TBSF1,-0.20
D,DISPATCH,UNIT_SCADA,1,"2019/09/04 21:25:00",TNPS1,379.600010
D,DISPATCH,UNIT_SCADA,1,"2019/09/04 21:25:00",TORRA1,99.088850
D,DISPATCH,UNIT_SCADA,1,"2019/09/04 21:25:00",TORRA2,0
D,DISPATCH,UNIT_SCADA,1,"2019/09/04 21:25:00",TORRA3,0
D,DISPATCH,UNIT_SCADA,1,"2019/09/04 21:25:00",TORRA4,86.191740
D,DISPATCH,UNIT_SCADA,1,"2019/09/04 21:25:00",TORRB1,183.179990
D,DISPATCH,UNIT_SCADA,1,"2019/09/04 21:25:00",TORRB2,182.97
D,DISPATCH,UNIT_SCADA,1,"2019/09/04 21:25:00",TORRB3,183.31
D,DISPATCH,UNIT_SCADA,1,"2019/09/04 21:25:00",TORRB4,0
D,DISPATCH,UNIT_SCADA,1,"2019/09/04 21:25:00",TREVALLN,44.020020
D,DISPATCH,UNIT_SCADA,1,"2019/09/04 21:25:00",TRIBUTE,0
D,DISPATCH,UNIT_SCADA,1,"2019/09/04 21:25:00",TUMUT3,0
D,DISPATCH,UNIT_SCADA,1,"2019/09/04 21:25:00",TUNGATIN,123.020030
D,DISPATCH,UNIT_SCADA,1,"2019/09/04 21:25:00",TVCC201,0
D,DISPATCH,UNIT_SCADA,1,"2019/09/04 21:25:00",TVPP104,0
D,DISPATCH,UNIT_SCADA,1,"2019/09/04 21:25:00",UPPTUMUT,0
D,DISPATCH,UNIT_SCADA,1,"2019/09/04 21:25:00",URANQ11,0
D,DISPATCH,UNIT_SCADA,1,"2019/09/04 21:25:00",URANQ12,0
D,DISPATCH,UNIT_SCADA,1,"2019/09/04 21:25:00",URANQ13,0
D,DISPATCH,UNIT_SCADA,1,"2019/09/04 21:25:00",URANQ14,0
D,DISPATCH,UNIT_SCADA,1,"2019/09/04 21:25:00",VP5,626.724980
D,DISPATCH,UNIT_SCADA,1,"2019/09/04 21:25:00",VP6,0
D,DISPATCH,UNIT_SCADA,1,"2019/09/04 21:25:00",VPGS1,0
D,DISPATCH,UNIT_SCADA,1,"2019/09/04 21:25:00",VPGS2,0
D,DISPATCH,UNIT_SCADA,1,"2019/09/04 21:25:00",VPGS3,0
D,DISPATCH,UNIT_SCADA,1,"2019/09/04 21:25:00",VPGS4,0
D,DISPATCH,UNIT_SCADA,1,"2019/09/04 21:25:00",VPGS5,0
D,DISPATCH,UNIT_SCADA,1,"2019/09/04 21:25:00",VPGS6,0
D,DISPATCH,UNIT_SCADA,1,"2019/09/04 21:25:00",W/HOE#1,0
D,DISPATCH,UNIT_SCADA,1,"2019/09/04 21:25:00",W/HOE#2,0
D,DISPATCH,UNIT_SCADA,1,"2019/09/04 21:25:00",WATERLWF,-0.90
D,DISPATCH,UNIT_SCADA,1,"2019/09/04 21:25:00",WEMENSF1,0
D,DISPATCH,UNIT_SCADA,1,"2019/09/04 21:25:00",WGWF1,14.60
D,DISPATCH,UNIT_SCADA,1,"2019/09/04 21:25:00",WHITSF1,0
D,DISPATCH,UNIT_SCADA,1,"2019/09/04 21:25:00",WKIEWA1,13.50
D,DISPATCH,UNIT_SCADA,1,"2019/09/04 21:25:00",WKIEWA2,13.70
D,DISPATCH,UNIT_SCADA,1,"2019/09/04 21:25:00",WOODLWN1,31.2930
D,DISPATCH,UNIT_SCADA,1,"2019/09/04 21:25:00",WRSF1,0
D,DISPATCH,UNIT_SCADA,1,"2019/09/04 21:25:00",WRWF1,71.939990
D,DISPATCH,UNIT_SCADA,1,"2019/09/04 21:25:00",YABULU,160.920010
D,DISPATCH,UNIT_SCADA,1,"2019/09/04 21:25:00",YABULU2,0
D,DISPATCH,UNIT_SCADA,1,"2019/09/04 21:25:00",YARWUN_1,159.25
D,DISPATCH,UNIT_SCADA,1,"2019/09/04 21:25:00",YENDWF1,-1.48
D,DISPATCH,UNIT_SCADA,1,"2019/09/04 21:25:00",YWPS1,375.6886
D,DISPATCH,UNIT_SCADA,1,"2019/09/04 21:25:00",YWPS2,280.448090
D,DISPATCH,UNIT_SCADA,1,"2019/09/04 21:25:00",YWPS3,0
D,DISPATCH,UNIT_SCADA,1,"2019/09/04 21:25:00",YWPS4,383.382290
C,"END OF REPORT",335
