C,NEMP.WORLD,DISPATCHSCADA,AEMO,PUBLIC,2019/08/21,22:20:07,0000000311843405,DISPATCHSCADA,0000000311843399
I,DISPATCH,UNIT_SCADA,1,SETTLEMENTDATE,DUID,SCADAVALUE
D,DISPATCH,UNIT_SCADA,1,"2019/08/21 22:25:00",BARCSF1,0.70
D,DISPATCH,UNIT_SCADA,1,"2019/08/21 22:25:00",BUTLERSG,9.599998
D,DISPATCH,UNIT_SCADA,1,"2019/08/21 22:25:00",CALL_A_4,0
D,DISPATCH,UNIT_SCADA,1,"2019/08/21 22:25:00",CAPTL_WF,127.732002
D,DISPATCH,UNIT_SCADA,1,"2019/08/21 22:25:00",CATHROCK,16.82
D,DISPATCH,UNIT_SCADA,1,"2019/08/21 22:25:00",CHALLHWF,48.199997
D,DISPATCH,UNIT_SCADA,1,"2019/08/21 22:25:00",CLOVER,-0.01
D,DISPATCH,UNIT_SCADA,1,"2019/08/21 22:25:00",CLUNY,20.011444
D,DISPATCH,UNIT_SCADA,1,"2019/08/21 22:25:00",CNUNDAWF,41.348236
D,DISPATCH,UNIT_SCADA,1,"2019/08/21 22:25:00",CULLRGWF,30.360001
D,DISPATCH,UNIT_SCADA,1,"2019/08/21 22:25:00",ERGT01,0
D,DISPATCH,UNIT_SCADA,1,"2019/08/21 22:25:00",GB01,0.073135
D,DISPATCH,UNIT_SCADA,1,"2019/08/21 22:25:00",GERMCRK,39.50
D,DISPATCH,UNIT_SCADA,1,"2019/08/21 22:25:00",GRIFSF1,0
D,DISPATCH,UNIT_SCADA,1,"2019/08/21 22:25:00",HUGSF1,-0.2430
D,DISPATCH,UNIT_SCADA,1,"2019/08/21 22:25:00",LKBONNY1,72.519203
D,DISPATCH,UNIT_SCADA,1,"2019/08/21 22:25:00",LRSF1,0.0390
D,DISPATCH,UNIT_SCADA,1,"2019/08/21 22:25:00",MBAHNTH,55.912506
D,DISPATCH,UNIT_SCADA,1,"2019/08/21 22:25:00",MLSP1,0.271001
D,DISPATCH,UNIT_SCADA,1,"2019/08/21 22:25:00",MLWF1,19.59
D,DISPATCH,UNIT_SCADA,1,"2019/08/21 22:25:00",MTMILLAR,6.526030
D,DISPATCH,UNIT_SCADA,1,"2019/08/21 22:25:00",PALOONA,24.469999
D,DISPATCH,UNIT_SCADA,1,"2019/08/21 22:25:00",PIONEER,30.700001
D,DISPATCH,UNIT_SCADA,1,"2019/08/21 22:25:00",PORTWF,139.399994
D,DISPATCH,UNIT_SCADA,1,"2019/08/21 22:25:00",REPULSE,29.031815
D,DISPATCH,UNIT_SCADA,1,"2019/08/21 22:25:00",ROWALLAN,10.2240
D,DISPATCH,UNIT_SCADA,1,"2019/08/21 22:25:00",ROYALLA1,0
D,DISPATCH,UNIT_SCADA,1,"2019/08/21 22:25:00",RPCG,11.80
D,DISPATCH,UNIT_SCADA,1,"2019/08/21 22:25:00",RUBICON,0
D,DISPATCH,UNIT_SCADA,1,"2019/08/21 22:25:00",SATGN1,0
D,DISPATCH,UNIT_SCADA,1,"2019/08/21 22:25:00",SATGS1,0
D,DISPATCH,UNIT_SCADA,1,"2019/08/21 22:25:00",STARHLWF,12.896239
D,DISPATCH,UNIT_SCADA,1,"2019/08/21 22:25:00",WAUBRAWF,175.880997
D,DISPATCH,UNIT_SCADA,1,"2019/08/21 22:25:00",WOOLNTH1,8.560017
D,DISPATCH,UNIT_SCADA,1,"2019/08/21 22:25:00",WPWF,14
D,DISPATCH,UNIT_SCADA,1,"2019/08/21 22:25:00",YAMBUKWF,29.799999
D,DISPATCH,UNIT_SCADA,1,"2019/08/21 22:25:00",YSWF1,26.50
D,DISPATCH,UNIT_SCADA,1,"2019/08/21 22:25:00",AGLHAL,0
D,DISPATCH,UNIT_SCADA,1,"2019/08/21 22:25:00",AGLSOM,0
D,DISPATCH,UNIT_SCADA,1,"2019/08/21 22:25:00",ANGAST1,0
D,DISPATCH,UNIT_SCADA,1,"2019/08/21 22:25:00",ARWF1,189.80
D,DISPATCH,UNIT_SCADA,1,"2019/08/21 22:25:00",BALBG1,0
D,DISPATCH,UNIT_SCADA,1,"2019/08/21 22:25:00",BALBL1,7.47
D,DISPATCH,UNIT_SCADA,1,"2019/08/21 22:25:00",BALDHWF1,66.3470
D,DISPATCH,UNIT_SCADA,1,"2019/08/21 22:25:00",BANN1,0
D,DISPATCH,UNIT_SCADA,1,"2019/08/21 22:25:00",BARCALDN,0
D,DISPATCH,UNIT_SCADA,1,"2019/08/21 22:25:00",BARRON-1,0
D,DISPATCH,UNIT_SCADA,1,"2019/08/21 22:25:00",BARRON-2,28.48
D,DISPATCH,UNIT_SCADA,1,"2019/08/21 22:25:00",BASTYAN,78.220010
D,DISPATCH,UNIT_SCADA,1,"2019/08/21 22:25:00",BBTHREE1,-1.98
D,DISPATCH,UNIT_SCADA,1,"2019/08/21 22:25:00",BBTHREE2,-2
D,DISPATCH,UNIT_SCADA,1,"2019/08/21 22:25:00",BBTHREE3,-1.07
D,DISPATCH,UNIT_SCADA,1,"2019/08/21 22:25:00",BDL01,0
D,DISPATCH,UNIT_SCADA,1,"2019/08/21 22:25:00",BDL02,0
D,DISPATCH,UNIT_SCADA,1,"2019/08/21 22:25:00",BERYLSF1,0
D,DISPATCH,UNIT_SCADA,1,"2019/08/21 22:25:00",BLOWERNG,0
D,DISPATCH,UNIT_SCADA,1,"2019/08/21 22:25:00",BLUFF1,16.70
D,DISPATCH,UNIT_SCADA,1,"2019/08/21 22:25:00",BNGSF1,0
D,DISPATCH,UNIT_SCADA,1,"2019/08/21 22:25:00",BNGSF2,0
D,DISPATCH,UNIT_SCADA,1,"2019/08/21 22:25:00",BOCORWF1,107.62
D,DISPATCH,UNIT_SCADA,1,"2019/08/21 22:25:00",BODWF1,80.031660
D,DISPATCH,UNIT_SCADA,1,"2019/08/21 22:25:00",BRAEMAR1,0
D,DISPATCH,UNIT_SCADA,1,"2019/08/21 22:25:00",BRAEMAR2,0
D,DISPATCH,UNIT_SCADA,1,"2019/08/21 22:25:00",BRAEMAR3,0
D,DISPATCH,UNIT_SCADA,1,"2019/08/21 22:25:00",BRAEMAR5,0
D,DISPATCH,UNIT_SCADA,1,"2019/08/21 22:25:00",BRAEMAR6,0
D,DISPATCH,UNIT_SCADA,1,"2019/08/21 22:25:00",BRAEMAR7,0
D,DISPATCH,UNIT_SCADA,1,"2019/08/21 22:25:00",BROKENH1,0
D,DISPATCH,UNIT_SCADA,1,"2019/08/21 22:25:00",BW01,616.349980
D,DISPATCH,UNIT_SCADA,1,"2019/08/21 22:25:00",BW02,635.525020
D,DISPATCH,UNIT_SCADA,1,"2019/08/21 22:25:00",BW03,645.8999
D,DISPATCH,UNIT_SCADA,1,"2019/08/21 22:25:00",BW04,0
D,DISPATCH,UNIT_SCADA,1,"2019/08/21 22:25:00",CALL_B_1,349
D,DISPATCH,UNIT_SCADA,1,"2019/08/21 22:25:00",CALL_B_2,350
D,DISPATCH,UNIT_SCADA,1,"2019/08/21 22:25:00",CETHANA,99.561620
D,DISPATCH,UNIT_SCADA,1,"2019/08/21 22:25:00",CG1,0
D,DISPATCH,UNIT_SCADA,1,"2019/08/21 22:25:00",CG2,0
D,DISPATCH,UNIT_SCADA,1,"2019/08/21 22:25:00",CG3,0
D,DISPATCH,UNIT_SCADA,1,"2019/08/21 22:25:00",CG4,0
D,DISPATCH,UNIT_SCADA,1,"2019/08/21 22:25:00",CHILDSF1,0.01
D,DISPATCH,UNIT_SCADA,1,"2019/08/21 22:25:00",CLARESF1,0
D,DISPATCH,UNIT_SCADA,1,"2019/08/21 22:25:00",CLEMGPWF,41.492170
D,DISPATCH,UNIT_SCADA,1,"2019/08/21 22:25:00",CLERMSF1,0
D,DISPATCH,UNIT_SCADA,1,"2019/08/21 22:25:00",COLEASF1,0
D,DISPATCH,UNIT_SCADA,1,"2019/08/21 22:25:00",COOPGWF1,35.9235
D,DISPATCH,UNIT_SCADA,1,"2019/08/21 22:25:00",CPP_3,405.350010
D,DISPATCH,UNIT_SCADA,1,"2019/08/21 22:25:00",CPP_4,405.6250
D,DISPATCH,UNIT_SCADA,1,"2019/08/21 22:25:00",CPSA,142.288740
D,DISPATCH,UNIT_SCADA,1,"2019/08/21 22:25:00",CROOKWF2,91.493750
D,DISPATCH,UNIT_SCADA,1,"2019/08/21 22:25:00",CROWLWF1,45.742080
D,DISPATCH,UNIT_SCADA,1,"2019/08/21 22:25:00",CSPVPS1,0.0430
D,DISPATCH,UNIT_SCADA,1,"2019/08/21 22:25:00",DALNTH01,0
D,DISPATCH,UNIT_SCADA,1,"2019/08/21 22:25:00",DALNTHL1,0.093080
D,DISPATCH,UNIT_SCADA,1,"2019/08/21 22:25:00",DARTM1,0
D,DISPATCH,UNIT_SCADA,1,"2019/08/21 22:25:00",DAYDSF1,0
D,DISPATCH,UNIT_SCADA,1,"2019/08/21 22:25:00",DDPS1,359.456790
D,DISPATCH,UNIT_SCADA,1,"2019/08/21 22:25:00",DDSF1,0
D,DISPATCH,UNIT_SCADA,1,"2019/08/21 22:25:00",DEVILS_G,0
D,DISPATCH,UNIT_SCADA,1,"2019/08/21 22:25:00",DG_NSW1,0
D,DISPATCH,UNIT_SCADA,1,"2019/08/21 22:25:00",DG_QLD1,0
D,DISPATCH,UNIT_SCADA,1,"2019/08/21 22:25:00",DG_SA1,0
D,DISPATCH,UNIT_SCADA,1,"2019/08/21 22:25:00",DG_TAS1,0
D,DISPATCH,UNIT_SCADA,1,"2019/08/21 22:25:00",DG_VIC1,0
D,DISPATCH,UNIT_SCADA,1,"2019/08/21 22:25:00",DRYCGT1,0
D,DISPATCH,UNIT_SCADA,1,"2019/08/21 22:25:00",DRYCGT2,0
D,DISPATCH,UNIT_SCADA,1,"2019/08/21 22:25:00",DRYCGT3,0
D,DISPATCH,UNIT_SCADA,1,"2019/08/21 22:25:00",EILDON1,0
D,DISPATCH,UNIT_SCADA,1,"2019/08/21 22:25:00",EILDON2,0
D,DISPATCH,UNIT_SCADA,1,"2019/08/21 22:25:00",EMERASF1,0
D,DISPATCH,UNIT_SCADA,1,"2019/08/21 22:25:00",ER01,575.724980
D,DISPATCH,UNIT_SCADA,1,"2019/08/21 22:25:00",ER02,602.3501
D,DISPATCH,UNIT_SCADA,1,"2019/08/21 22:25:00",ER03,498.900020
D,DISPATCH,UNIT_SCADA,1,"2019/08/21 22:25:00",ER04,605.6250
D,DISPATCH,UNIT_SCADA,1,"2019/08/21 22:25:00",FINLYSF1,0
D,DISPATCH,UNIT_SCADA,1,"2019/08/21 22:25:00",FISHER,45.77
D,DISPATCH,UNIT_SCADA,1,"2019/08/21 22:25:00",GANNBG1,0.013380
D,DISPATCH,UNIT_SCADA,1,"2019/08/21 22:25:00",GANNBL1,0
D,DISPATCH,UNIT_SCADA,1,"2019/08/21 22:25:00",GANNSF1,0
D,DISPATCH,UNIT_SCADA,1,"2019/08/21 22:25:00",GORDON,20.054160
D,DISPATCH,UNIT_SCADA,1,"2019/08/21 22:25:00",GSTONE1,153.649990
D,DISPATCH,UNIT_SCADA,1,"2019/08/21 22:25:00",GSTONE2,160.474990
D,DISPATCH,UNIT_SCADA,1,"2019/08/21 22:25:00",GSTONE3,181.1250
D,DISPATCH,UNIT_SCADA,1,"2019/08/21 22:25:00",GSTONE4,180.4250
D,DISPATCH,UNIT_SCADA,1,"2019/08/21 22:25:00",GSTONE5,153.30
D,DISPATCH,UNIT_SCADA,1,"2019/08/21 22:25:00",GSTONE6,0
D,DISPATCH,UNIT_SCADA,1,"2019/08/21 22:25:00",GULLRSF1,0
D,DISPATCH,UNIT_SCADA,1,"2019/08/21 22:25:00",GULLRWF1,159.237460
D,DISPATCH,UNIT_SCADA,1,"2019/08/21 22:25:00",GUNNING1,42.702470
D,DISPATCH,UNIT_SCADA,1,"2019/08/21 22:25:00",GUTHEGA,0
D,DISPATCH,UNIT_SCADA,1,"2019/08/21 22:25:00",HALLWF1,37.80
D,DISPATCH,UNIT_SCADA,1,"2019/08/21 22:25:00",HALLWF2,44.64
D,DISPATCH,UNIT_SCADA,1,"2019/08/21 22:25:00",HAMISF1,0
D,DISPATCH,UNIT_SCADA,1,"2019/08/21 22:25:00",HAUGHT11,0
D,DISPATCH,UNIT_SCADA,1,"2019/08/21 22:25:00",HAYMSF1,0
D,DISPATCH,UNIT_SCADA,1,"2019/08/21 22:25:00",HDWF1,33.40
D,DISPATCH,UNIT_SCADA,1,"2019/08/21 22:25:00",HDWF2,25.40
D,DISPATCH,UNIT_SCADA,1,"2019/08/21 22:25:00",HDWF3,27.70
D,DISPATCH,UNIT_SCADA,1,"2019/08/21 22:25:00",HPRG1,0
D,DISPATCH,UNIT_SCADA,1,"2019/08/21 22:25:00",HPRL1,13.60
D,DISPATCH,UNIT_SCADA,1,"2019/08/21 22:25:00",HUMENSW,0
D,DISPATCH,UNIT_SCADA,1,"2019/08/21 22:25:00",HUMEV,9.70
D,DISPATCH,UNIT_SCADA,1,"2019/08/21 22:25:00",HVGTS,0
D,DISPATCH,UNIT_SCADA,1,"2019/08/21 22:25:00",JBUTTERS,136.739990
D,DISPATCH,UNIT_SCADA,1,"2019/08/21 22:25:00",JLA01,0.50
D,DISPATCH,UNIT_SCADA,1,"2019/08/21 22:25:00",JLA02,0
D,DISPATCH,UNIT_SCADA,1,"2019/08/21 22:25:00",JLA03,0.10
D,DISPATCH,UNIT_SCADA,1,"2019/08/21 22:25:00",JLA04,0.10
D,DISPATCH,UNIT_SCADA,1,"2019/08/21 22:25:00",JLB01,0
D,DISPATCH,UNIT_SCADA,1,"2019/08/21 22:25:00",JLB02,0.10
D,DISPATCH,UNIT_SCADA,1,"2019/08/21 22:25:00",JLB03,0
D,DISPATCH,UNIT_SCADA,1,"2019/08/21 22:25:00",KAREEYA1,21.4425
D,DISPATCH,UNIT_SCADA,1,"2019/08/21 22:25:00",KAREEYA2,21.7675
D,DISPATCH,UNIT_SCADA,1,"2019/08/21 22:25:00",KAREEYA3,0
D,DISPATCH,UNIT_SCADA,1,"2019/08/21 22:25:00",KAREEYA4,21.71
D,DISPATCH,UNIT_SCADA,1,"2019/08/21 22:25:00",KARSF1,0
D,DISPATCH,UNIT_SCADA,1,"2019/08/21 22:25:00",KIATAWF1,30.50
D,DISPATCH,UNIT_SCADA,1,"2019/08/21 22:25:00",KPP_1,0
D,DISPATCH,UNIT_SCADA,1,"2019/08/21 22:25:00",KSP1,0
D,DISPATCH,UNIT_SCADA,1,"2019/08/21 22:25:00",LADBROK1,0
D,DISPATCH,UNIT_SCADA,1,"2019/08/21 22:25:00",LADBROK2,0
D,DISPATCH,UNIT_SCADA,1,"2019/08/21 22:25:00",LD01,421.893770
D,DISPATCH,UNIT_SCADA,1,"2019/08/21 22:25:00",LD02,418.537450
D,DISPATCH,UNIT_SCADA,1,"2019/08/21 22:25:00",LD03,420.731230
D,DISPATCH,UNIT_SCADA,1,"2019/08/21 22:25:00",LD04,383.137450
D,DISPATCH,UNIT_SCADA,1,"2019/08/21 22:25:00",LEM_WIL,86.0659
D,DISPATCH,UNIT_SCADA,1,"2019/08/21 22:25:00",LGAPWF1,26.80
D,DISPATCH,UNIT_SCADA,1,"2019/08/21 22:25:00",LILYSF1,0
D,DISPATCH,UNIT_SCADA,1,"2019/08/21 22:25:00",LI_WY_CA,148.941790
D,DISPATCH,UNIT_SCADA,1,"2019/08/21 22:25:00",LKBONNY2,150.306990
D,DISPATCH,UNIT_SCADA,1,"2019/08/21 22:25:00",LKBONNY3,34.777110
D,DISPATCH,UNIT_SCADA,1,"2019/08/21 22:25:00",LK_ECHO,0
D,DISPATCH,UNIT_SCADA,1,"2019/08/21 22:25:00",LNGS1,0
D,DISPATCH,UNIT_SCADA,1,"2019/08/21 22:25:00",LNGS2,0
D,DISPATCH,UNIT_SCADA,1,"2019/08/21 22:25:00",LONSDALE,0
D,DISPATCH,UNIT_SCADA,1,"2019/08/21 22:25:00",LOYYB1,535.712650
D,DISPATCH,UNIT_SCADA,1,"2019/08/21 22:25:00",LOYYB2,579.698730
D,DISPATCH,UNIT_SCADA,1,"2019/08/21 22:25:00",LYA1,559
D,DISPATCH,UNIT_SCADA,1,"2019/08/21 22:25:00",LYA2,0
D,DISPATCH,UNIT_SCADA,1,"2019/08/21 22:25:00",LYA3,561
D,DISPATCH,UNIT_SCADA,1,"2019/08/21 22:25:00",LYA4,530
D,DISPATCH,UNIT_SCADA,1,"2019/08/21 22:25:00",MACARTH1,378.291260
D,DISPATCH,UNIT_SCADA,1,"2019/08/21 22:25:00",MACKAYGT,0
D,DISPATCH,UNIT_SCADA,1,"2019/08/21 22:25:00",MACKNTSH,84.77
D,DISPATCH,UNIT_SCADA,1,"2019/08/21 22:25:00",MANSLR1,0
D,DISPATCH,UNIT_SCADA,1,"2019/08/21 22:25:00",MCKAY1,0.02
D,DISPATCH,UNIT_SCADA,1,"2019/08/21 22:25:00",MEADOWBK,34.095940
D,DISPATCH,UNIT_SCADA,1,"2019/08/21 22:25:00",MERCER01,124.772990
D,DISPATCH,UNIT_SCADA,1,"2019/08/21 22:25:00",MEWF1,65.851390
D,DISPATCH,UNIT_SCADA,1,"2019/08/21 22:25:00",MINTARO,0
D,DISPATCH,UNIT_SCADA,1,"2019/08/21 22:25:00",MOREESF1,0
D,DISPATCH,UNIT_SCADA,1,"2019/08/21 22:25:00",MORTLK11,0
D,DISPATCH,UNIT_SCADA,1,"2019/08/21 22:25:00",MORTLK12,0
D,DISPATCH,UNIT_SCADA,1,"2019/08/21 22:25:00",MP1,280.400020
D,DISPATCH,UNIT_SCADA,1,"2019/08/21 22:25:00",MP2,0
D,DISPATCH,UNIT_SCADA,1,"2019/08/21 22:25:00",MPP_1,335.25
D,DISPATCH,UNIT_SCADA,1,"2019/08/21 22:25:00",MPP_2,424.25
D,DISPATCH,UNIT_SCADA,1,"2019/08/21 22:25:00",MSTUART1,0
D,DISPATCH,UNIT_SCADA,1,"2019/08/21 22:25:00",MSTUART2,0
D,DISPATCH,UNIT_SCADA,1,"2019/08/21 22:25:00",MSTUART3,0
D,DISPATCH,UNIT_SCADA,1,"2019/08/21 22:25:00",MTGELWF1,63.852350
D,DISPATCH,UNIT_SCADA,1,"2019/08/21 22:25:00",MURRAY,0
D,DISPATCH,UNIT_SCADA,1,"2019/08/21 22:25:00",MUSSELR1,160.20
D,DISPATCH,UNIT_SCADA,1,"2019/08/21 22:25:00",MUWAWF1,53.52
D,DISPATCH,UNIT_SCADA,1,"2019/08/21 22:25:00",NBHWF1,42.20
D,DISPATCH,UNIT_SCADA,1,"2019/08/21 22:25:00",NPS,0
D,DISPATCH,UNIT_SCADA,1,"2019/08/21 22:25:00",NUMURSF1,0
D,DISPATCH,UNIT_SCADA,1,"2019/08/21 22:25:00",NYNGAN1,0
D,DISPATCH,UNIT_SCADA,1,"2019/08/21 22:25:00",OAKEY1,0
D,DISPATCH,UNIT_SCADA,1,"2019/08/21 22:25:00",OAKEY1SF,0
D,DISPATCH,UNIT_SCADA,1,"2019/08/21 22:25:00",OAKEY2,0
D,DISPATCH,UNIT_SCADA,1,"2019/08/21 22:25:00",OAKLAND1,60.50
D,DISPATCH,UNIT_SCADA,1,"2019/08/21 22:25:00",OSB-AG,0
D,DISPATCH,UNIT_SCADA,1,"2019/08/21 22:25:00",PARSF1,0
D,DISPATCH,UNIT_SCADA,1,"2019/08/21 22:25:00",POAT110,0
D,DISPATCH,UNIT_SCADA,1,"2019/08/21 22:25:00",POAT220,1.11
D,DISPATCH,UNIT_SCADA,1,"2019/08/21 22:25:00",POR01,0
D,DISPATCH,UNIT_SCADA,1,"2019/08/21 22:25:00",POR03,0
D,DISPATCH,UNIT_SCADA,1,"2019/08/21 22:25:00",PPCCGT,355.421570
D,DISPATCH,UNIT_SCADA,1,"2019/08/21 22:25:00",PTSTAN1,0
D,DISPATCH,UNIT_SCADA,1,"2019/08/21 22:25:00",PUMP1,0
D,DISPATCH,UNIT_SCADA,1,"2019/08/21 22:25:00",PUMP2,0
D,DISPATCH,UNIT_SCADA,1,"2019/08/21 22:25:00",QPS1,0
D,DISPATCH,UNIT_SCADA,1,"2019/08/21 22:25:00",QPS2,0
D,DISPATCH,UNIT_SCADA,1,"2019/08/21 22:25:00",QPS3,0
D,DISPATCH,UNIT_SCADA,1,"2019/08/21 22:25:00",QPS4,0
D,DISPATCH,UNIT_SCADA,1,"2019/08/21 22:25:00",QPS5,0
D,DISPATCH,UNIT_SCADA,1,"2019/08/21 22:25:00",REECE1,119.260010
D,DISPATCH,UNIT_SCADA,1,"2019/08/21 22:25:00",REECE2,117.870010
D,DISPATCH,UNIT_SCADA,1,"2019/08/21 22:25:00",ROMA_7,0
D,DISPATCH,UNIT_SCADA,1,"2019/08/21 22:25:00",ROMA_8,0
D,DISPATCH,UNIT_SCADA,1,"2019/08/21 22:25:00",RRSF1,0
D,DISPATCH,UNIT_SCADA,1,"2019/08/21 22:25:00",RT_NSW1,0
D,DISPATCH,UNIT_SCADA,1,"2019/08/21 22:25:00",RT_NSW2,0
D,DISPATCH,UNIT_SCADA,1,"2019/08/21 22:25:00",RT_NSW3,0
D,DISPATCH,UNIT_SCADA,1,"2019/08/21 22:25:00",RT_NSW4,0
D,DISPATCH,UNIT_SCADA,1,"2019/08/21 22:25:00",RT_NSW5,0
D,DISPATCH,UNIT_SCADA,1,"2019/08/21 22:25:00",RT_NSW6,0
D,DISPATCH,UNIT_SCADA,1,"2019/08/21 22:25:00",RT_QLD1,0
D,DISPATCH,UNIT_SCADA,1,"2019/08/21 22:25:00",RT_SA1,0
D,DISPATCH,UNIT_SCADA,1,"2019/08/21 22:25:00",RT_SA2,0
D,DISPATCH,UNIT_SCADA,1,"2019/08/21 22:25:00",RT_SA3,0
D,DISPATCH,UNIT_SCADA,1,"2019/08/21 22:25:00",RT_SA4,0
D,DISPATCH,UNIT_SCADA,1,"2019/08/21 22:25:00",RT_SA5,0
D,DISPATCH,UNIT_SCADA,1,"2019/08/21 22:25:00",RT_SA6,0
D,DISPATCH,UNIT_SCADA,1,"2019/08/21 22:25:00",RT_TAS1,0
D,DISPATCH,UNIT_SCADA,1,"2019/08/21 22:25:00",RT_VIC1,0
D,DISPATCH,UNIT_SCADA,1,"2019/08/21 22:25:00",RT_VIC10,0
D,DISPATCH,UNIT_SCADA,1,"2019/08/21 22:25:00",RT_VIC11,0
D,DISPATCH,UNIT_SCADA,1,"2019/08/21 22:25:00",RT_VIC12,0
D,DISPATCH,UNIT_SCADA,1,"2019/08/21 22:25:00",RT_VIC2,0
D,DISPATCH,UNIT_SCADA,1,"2019/08/21 22:25:00",RT_VIC3,0
D,DISPATCH,UNIT_SCADA,1,"2019/08/21 22:25:00",RT_VIC4,0
D,DISPATCH,UNIT_SCADA,1,"2019/08/21 22:25:00",RT_VIC5,0
D,DISPATCH,UNIT_SCADA,1,"2019/08/21 22:25:00",RT_VIC6,0
D,DISPATCH,UNIT_SCADA,1,"2019/08/21 22:25:00",RT_VIC7,0
D,DISPATCH,UNIT_SCADA,1,"2019/08/21 22:25:00",RT_VIC8,0
D,DISPATCH,UNIT_SCADA,1,"2019/08/21 22:25:00",RT_VIC9,0
D,DISPATCH,UNIT_SCADA,1,"2019/08/21 22:25:00",RUGBYR1,0
D,DISPATCH,UNIT_SCADA,1,"2019/08/21 22:25:00",SALTCRK1,45.94
D,DISPATCH,UNIT_SCADA,1,"2019/08/21 22:25:00",SAPHWF1,248.9906
D,DISPATCH,UNIT_SCADA,1,"2019/08/21 22:25:00",SHGEN,0
D,DISPATCH,UNIT_SCADA,1,"2019/08/21 22:25:00",SHPUMP,79.956250
D,DISPATCH,UNIT_SCADA,1,"2019/08/21 22:25:00",SITHE01,0.123710
D,DISPATCH,UNIT_SCADA,1,"2019/08/21 22:25:00",SMCSF1,0
D,DISPATCH,UNIT_SCADA,1,"2019/08/21 22:25:00",SNOWNTH1,130
D,DISPATCH,UNIT_SCADA,1,"2019/08/21 22:25:00",SNOWSTH1,94.50
D,DISPATCH,UNIT_SCADA,1,"2019/08/21 22:25:00",SNOWTWN1,82.675780
D,DISPATCH,UNIT_SCADA,1,"2019/08/21 22:25:00",SNOWYP,0
D,DISPATCH,UNIT_SCADA,1,"2019/08/21 22:25:00",SNUG1,0.019440
D,DISPATCH,UNIT_SCADA,1,"2019/08/21 22:25:00",SRSF1,0.44
D,DISPATCH,UNIT_SCADA,1,"2019/08/21 22:25:00",STAN-1,0
D,DISPATCH,UNIT_SCADA,1,"2019/08/21 22:25:00",STAN-2,277.223390
D,DISPATCH,UNIT_SCADA,1,"2019/08/21 22:25:00",STAN-3,278.479520
D,DISPATCH,UNIT_SCADA,1,"2019/08/21 22:25:00",STAN-4,280.581630
D,DISPATCH,UNIT_SCADA,1,"2019/08/21 22:25:00",STWF1,164.384990
D,DISPATCH,UNIT_SCADA,1,"2019/08/21 22:25:00",SWAN_E,0
D,DISPATCH,UNIT_SCADA,1,"2019/08/21 22:25:00",TALWA1,191
D,DISPATCH,UNIT_SCADA,1,"2019/08/21 22:25:00",TARALGA1,97.436250
D,DISPATCH,UNIT_SCADA,1,"2019/08/21 22:25:00",TARONG#1,292.899990
D,DISPATCH,UNIT_SCADA,1,"2019/08/21 22:25:00",TARONG#2,290.399990
D,DISPATCH,UNIT_SCADA,1,"2019/08/21 22:25:00",TARONG#3,260.50
D,DISPATCH,UNIT_SCADA,1,"2019/08/21 22:25:00",TARONG#4,280
D,DISPATCH,UNIT_SCADA,1,"2019/08/21 22:25:00",TARRALEA,84.30
D,DISPATCH,UNIT_SCADA,1,"2019/08/21 22:25:00",TBSF1,-0.20
D,DISPATCH,UNIT_SCADA,1,"2019/08/21 22:25:00",TNPS1,442.000030
D,DISPATCH,UNIT_SCADA,1,"2019/08/21 22:25:00",TORRA1,47.629890
D,DISPATCH,UNIT_SCADA,1,"2019/08/21 22:25:00",TORRA2,0
D,DISPATCH,UNIT_SCADA,1,"2019/08/21 22:25:00",TORRA3,0
D,DISPATCH,UNIT_SCADA,1,"2019/08/21 22:25:00",TORRA4,0
D,DISPATCH,UNIT_SCADA,1,"2019/08/21 22:25:00",TORRB1,57.81
D,DISPATCH,UNIT_SCADA,1,"2019/08/21 22:25:00",TORRB2,58.27
D,DISPATCH,UNIT_SCADA,1,"2019/08/21 22:25:00",TORRB3,0
D,DISPATCH,UNIT_SCADA,1,"2019/08/21 22:25:00",TORRB4,0
D,DISPATCH,UNIT_SCADA,1,"2019/08/21 22:25:00",TREVALLN,69.550030
D,DISPATCH,UNIT_SCADA,1,"2019/08/21 22:25:00",TRIBUTE,84.38
D,DISPATCH,UNIT_SCADA,1,"2019/08/21 22:25:00",TUMUT3,0
D,DISPATCH,UNIT_SCADA,1,"2019/08/21 22:25:00",TUNGATIN,121.620030
D,DISPATCH,UNIT_SCADA,1,"2019/08/21 22:25:00",TVCC201,0
D,DISPATCH,UNIT_SCADA,1,"2019/08/21 22:25:00",TVPP104,0
D,DISPATCH,UNIT_SCADA,1,"2019/08/21 22:25:00",UPPTUMUT,0
D,DISPATCH,UNIT_SCADA,1,"2019/08/21 22:25:00",URANQ11,0
D,DISPATCH,UNIT_SCADA,1,"2019/08/21 22:25:00",URANQ12,0
D,DISPATCH,UNIT_SCADA,1,"2019/08/21 22:25:00",URANQ13,0
D,DISPATCH,UNIT_SCADA,1,"2019/08/21 22:25:00",URANQ14,0
D,DISPATCH,UNIT_SCADA,1,"2019/08/21 22:25:00",VP5,404.300020
D,DISPATCH,UNIT_SCADA,1,"2019/08/21 22:25:00",VP6,402.099980
D,DISPATCH,UNIT_SCADA,1,"2019/08/21 22:25:00",VPGS1,0
D,DISPATCH,UNIT_SCADA,1,"2019/08/21 22:25:00",VPGS2,0
D,DISPATCH,UNIT_SCADA,1,"2019/08/21 22:25:00",VPGS3,0
D,DISPATCH,UNIT_SCADA,1,"2019/08/21 22:25:00",VPGS4,0
D,DISPATCH,UNIT_SCADA,1,"2019/08/21 22:25:00",VPGS5,0
D,DISPATCH,UNIT_SCADA,1,"2019/08/21 22:25:00",VPGS6,0
D,DISPATCH,UNIT_SCADA,1,"2019/08/21 22:25:00",W/HOE#1,0
D,DISPATCH,UNIT_SCADA,1,"2019/08/21 22:25:00",W/HOE#2,0
D,DISPATCH,UNIT_SCADA,1,"2019/08/21 22:25:00",WATERLWF,94.70
D,DISPATCH,UNIT_SCADA,1,"2019/08/21 22:25:00",WEMENSF1,0
D,DISPATCH,UNIT_SCADA,1,"2019/08/21 22:25:00",WGWF1,46.60
D,DISPATCH,UNIT_SCADA,1,"2019/08/21 22:25:00",WHITSF1,0
D,DISPATCH,UNIT_SCADA,1,"2019/08/21 22:25:00",WKIEWA1,29.50
D,DISPATCH,UNIT_SCADA,1,"2019/08/21 22:25:00",WKIEWA2,29.50
D,DISPATCH,UNIT_SCADA,1,"2019/08/21 22:25:00",WOODLWN1,44.9370
D,DISPATCH,UNIT_SCADA,1,"2019/08/21 22:25:00",WRSF1,0
D,DISPATCH,UNIT_SCADA,1,"2019/08/21 22:25:00",WRWF1,141.105010
D,DISPATCH,UNIT_SCADA,1,"2019/08/21 22:25:00",YABULU,0
D,DISPATCH,UNIT_SCADA,1,"2019/08/21 22:25:00",YABULU2,0
D,DISPATCH,UNIT_SCADA,1,"2019/08/21 22:25:00",YARWUN_1,0
D,DISPATCH,UNIT_SCADA,1,"2019/08/21 22:25:00",YENDWF1,42.43
D,DISPATCH,UNIT_SCADA,1,"2019/08/21 22:25:00",YWPS1,376.691130
D,DISPATCH,UNIT_SCADA,1,"2019/08/21 22:25:00",YWPS2,281.450620
D,DISPATCH,UNIT_SCADA,1,"2019/08/21 22:25:00",YWPS3,0
D,DISPATCH,UNIT_SCADA,1,"2019/08/21 22:25:00",YWPS4,395.802520
C,"END OF REPORT",334
