C,NEMP.WORLD,DISPATCHSCADA,AEMO,PUBLIC,2019/08/20,15:40:08,0000000311791591,DISPATCHSCADA,0000000311791585
I,DISPATCH,UNIT_SCADA,1,SETTLEMENTDATE,DUID,SCADAVALUE
D,DISPATCH,UNIT_SCADA,1,"2019/08/20 15:45:00",BARCSF1,18.50
D,DISPATCH,UNIT_SCADA,1,"2019/08/20 15:45:00",BUTLERSG,9.799998
D,DISPATCH,UNIT_SCADA,1,"2019/08/20 15:45:00",CALL_A_4,0
D,DISPATCH,UNIT_SCADA,1,"2019/08/20 15:45:00",CAPTL_WF,129.167999
D,DISPATCH,UNIT_SCADA,1,"2019/08/20 15:45:00",CATHROCK,46.329998
D,DISPATCH,UNIT_SCADA,1,"2019/08/20 15:45:00",CHALLHWF,34.799999
D,DISPATCH,UNIT_SCADA,1,"2019/08/20 15:45:00",CLOVER,0
D,DISPATCH,UNIT_SCADA,1,"2019/08/20 15:45:00",CLUNY,17.625544
D,DISPATCH,UNIT_SCADA,1,"2019/08/20 15:45:00",CNUNDAWF,41.648582
D,DISPATCH,UNIT_SCADA,1,"2019/08/20 15:45:00",CULLRGWF,30.34
D,DISPATCH,UNIT_SCADA,1,"2019/08/20 15:45:00",ERGT01,0
D,DISPATCH,UNIT_SCADA,1,"2019/08/20 15:45:00",GB01,0.066315
D,DISPATCH,UNIT_SCADA,1,"2019/08/20 15:45:00",GERMCRK,32.900002
D,DISPATCH,UNIT_SCADA,1,"2019/08/20 15:45:00",GRIFSF1,25.50
D,DISPATCH,UNIT_SCADA,1,"2019/08/20 15:45:00",HUGSF1,8.9490
D,DISPATCH,UNIT_SCADA,1,"2019/08/20 15:45:00",LKBONNY1,-0.895885
D,DISPATCH,UNIT_SCADA,1,"2019/08/20 15:45:00",LRSF1,10.426001
D,DISPATCH,UNIT_SCADA,1,"2019/08/20 15:45:00",MBAHNTH,52.856247
D,DISPATCH,UNIT_SCADA,1,"2019/08/20 15:45:00",MLSP1,5.942001
D,DISPATCH,UNIT_SCADA,1,"2019/08/20 15:45:00",MLWF1,19.6350
D,DISPATCH,UNIT_SCADA,1,"2019/08/20 15:45:00",MTMILLAR,30.955856
D,DISPATCH,UNIT_SCADA,1,"2019/08/20 15:45:00",PALOONA,7.78
D,DISPATCH,UNIT_SCADA,1,"2019/08/20 15:45:00",PIONEER,11
D,DISPATCH,UNIT_SCADA,1,"2019/08/20 15:45:00",PORTWF,139
D,DISPATCH,UNIT_SCADA,1,"2019/08/20 15:45:00",REPULSE,29.216145
D,DISPATCH,UNIT_SCADA,1,"2019/08/20 15:45:00",ROWALLAN,9.9542
D,DISPATCH,UNIT_SCADA,1,"2019/08/20 15:45:00",ROYALLA1,10.022001
D,DISPATCH,UNIT_SCADA,1,"2019/08/20 15:45:00",RPCG,11.70
D,DISPATCH,UNIT_SCADA,1,"2019/08/20 15:45:00",RUBICON,0
D,DISPATCH,UNIT_SCADA,1,"2019/08/20 15:45:00",SATGN1,0
D,DISPATCH,UNIT_SCADA,1,"2019/08/20 15:45:00",SATGS1,0
D,DISPATCH,UNIT_SCADA,1,"2019/08/20 15:45:00",STARHLWF,28.991547
D,DISPATCH,UNIT_SCADA,1,"2019/08/20 15:45:00",WAUBRAWF,102.749001
D,DISPATCH,UNIT_SCADA,1,"2019/08/20 15:45:00",WOOLNTH1,84.890015
D,DISPATCH,UNIT_SCADA,1,"2019/08/20 15:45:00",WPWF,67
D,DISPATCH,UNIT_SCADA,1,"2019/08/20 15:45:00",YAMBUKWF,29.40
D,DISPATCH,UNIT_SCADA,1,"2019/08/20 15:45:00",YSWF1,28.60
D,DISPATCH,UNIT_SCADA,1,"2019/08/20 15:45:00",AGLHAL,0
D,DISPATCH,UNIT_SCADA,1,"2019/08/20 15:45:00",AGLSOM,0
D,DISPATCH,UNIT_SCADA,1,"2019/08/20 15:45:00",ANGAST1,0
D,DISPATCH,UNIT_SCADA,1,"2019/08/20 15:45:00",ARWF1,105.50
D,DISPATCH,UNIT_SCADA,1,"2019/08/20 15:45:00",BALBG1,0
D,DISPATCH,UNIT_SCADA,1,"2019/08/20 15:45:00",BALBL1,6.29
D,DISPATCH,UNIT_SCADA,1,"2019/08/20 15:45:00",BALDHWF1,103.0160
D,DISPATCH,UNIT_SCADA,1,"2019/08/20 15:45:00",BANN1,57.56
D,DISPATCH,UNIT_SCADA,1,"2019/08/20 15:45:00",BARCALDN,0
D,DISPATCH,UNIT_SCADA,1,"2019/08/20 15:45:00",BARRON-1,0
D,DISPATCH,UNIT_SCADA,1,"2019/08/20 15:45:00",BARRON-2,25.12
D,DISPATCH,UNIT_SCADA,1,"2019/08/20 15:45:00",BASTYAN,80.640010
D,DISPATCH,UNIT_SCADA,1,"2019/08/20 15:45:00",BBTHREE1,-1.92
D,DISPATCH,UNIT_SCADA,1,"2019/08/20 15:45:00",BBTHREE2,-2.02
D,DISPATCH,UNIT_SCADA,1,"2019/08/20 15:45:00",BBTHREE3,-1.07
D,DISPATCH,UNIT_SCADA,1,"2019/08/20 15:45:00",BDL01,0
D,DISPATCH,UNIT_SCADA,1,"2019/08/20 15:45:00",BDL02,0
D,DISPATCH,UNIT_SCADA,1,"2019/08/20 15:45:00",BERYLSF1,67.590850
D,DISPATCH,UNIT_SCADA,1,"2019/08/20 15:45:00",BLOWERNG,0
D,DISPATCH,UNIT_SCADA,1,"2019/08/20 15:45:00",BLUFF1,48.50
D,DISPATCH,UNIT_SCADA,1,"2019/08/20 15:45:00",BNGSF1,104.16
D,DISPATCH,UNIT_SCADA,1,"2019/08/20 15:45:00",BNGSF2,20
D,DISPATCH,UNIT_SCADA,1,"2019/08/20 15:45:00",BOCORWF1,100.64
D,DISPATCH,UNIT_SCADA,1,"2019/08/20 15:45:00",BODWF1,85.163060
D,DISPATCH,UNIT_SCADA,1,"2019/08/20 15:45:00",BRAEMAR1,0
D,DISPATCH,UNIT_SCADA,1,"2019/08/20 15:45:00",BRAEMAR2,0
D,DISPATCH,UNIT_SCADA,1,"2019/08/20 15:45:00",BRAEMAR3,0
D,DISPATCH,UNIT_SCADA,1,"2019/08/20 15:45:00",BRAEMAR5,0
D,DISPATCH,UNIT_SCADA,1,"2019/08/20 15:45:00",BRAEMAR6,0
D,DISPATCH,UNIT_SCADA,1,"2019/08/20 15:45:00",BRAEMAR7,0
D,DISPATCH,UNIT_SCADA,1,"2019/08/20 15:45:00",BROKENH1,39.935060
D,DISPATCH,UNIT_SCADA,1,"2019/08/20 15:45:00",BW01,398.674930
D,DISPATCH,UNIT_SCADA,1,"2019/08/20 15:45:00",BW02,482.075070
D,DISPATCH,UNIT_SCADA,1,"2019/08/20 15:45:00",BW03,542.3750
D,DISPATCH,UNIT_SCADA,1,"2019/08/20 15:45:00",BW04,0
D,DISPATCH,UNIT_SCADA,1,"2019/08/20 15:45:00",CALL_B_1,349.50
D,DISPATCH,UNIT_SCADA,1,"2019/08/20 15:45:00",CALL_B_2,294.700010
D,DISPATCH,UNIT_SCADA,1,"2019/08/20 15:45:00",CETHANA,93.8735
D,DISPATCH,UNIT_SCADA,1,"2019/08/20 15:45:00",CG1,0
D,DISPATCH,UNIT_SCADA,1,"2019/08/20 15:45:00",CG2,0
D,DISPATCH,UNIT_SCADA,1,"2019/08/20 15:45:00",CG3,0
D,DISPATCH,UNIT_SCADA,1,"2019/08/20 15:45:00",CG4,0
D,DISPATCH,UNIT_SCADA,1,"2019/08/20 15:45:00",CHILDSF1,40.05
D,DISPATCH,UNIT_SCADA,1,"2019/08/20 15:45:00",CLARESF1,38.160390
D,DISPATCH,UNIT_SCADA,1,"2019/08/20 15:45:00",CLEMGPWF,17.864680
D,DISPATCH,UNIT_SCADA,1,"2019/08/20 15:45:00",CLERMSF1,15.06
D,DISPATCH,UNIT_SCADA,1,"2019/08/20 15:45:00",COLEASF1,109.70
D,DISPATCH,UNIT_SCADA,1,"2019/08/20 15:45:00",COOPGWF1,35.088050
D,DISPATCH,UNIT_SCADA,1,"2019/08/20 15:45:00",CPP_3,405.899990
D,DISPATCH,UNIT_SCADA,1,"2019/08/20 15:45:00",CPP_4,405.6250
D,DISPATCH,UNIT_SCADA,1,"2019/08/20 15:45:00",CPSA,142.601260
D,DISPATCH,UNIT_SCADA,1,"2019/08/20 15:45:00",CROOKWF2,82.773740
D,DISPATCH,UNIT_SCADA,1,"2019/08/20 15:45:00",CROWLWF1,53.2951
D,DISPATCH,UNIT_SCADA,1,"2019/08/20 15:45:00",CSPVPS1,24.2060
D,DISPATCH,UNIT_SCADA,1,"2019/08/20 15:45:00",DALNTH01,0
D,DISPATCH,UNIT_SCADA,1,"2019/08/20 15:45:00",DALNTHL1,0.105290
D,DISPATCH,UNIT_SCADA,1,"2019/08/20 15:45:00",DARTM1,0
D,DISPATCH,UNIT_SCADA,1,"2019/08/20 15:45:00",DAYDSF1,103.0620
D,DISPATCH,UNIT_SCADA,1,"2019/08/20 15:45:00",DDPS1,39.674420
D,DISPATCH,UNIT_SCADA,1,"2019/08/20 15:45:00",DDSF1,63.428610
D,DISPATCH,UNIT_SCADA,1,"2019/08/20 15:45:00",DEVILS_G,5.2443
D,DISPATCH,UNIT_SCADA,1,"2019/08/20 15:45:00",DG_NSW1,0
D,DISPATCH,UNIT_SCADA,1,"2019/08/20 15:45:00",DG_QLD1,0
D,DISPATCH,UNIT_SCADA,1,"2019/08/20 15:45:00",DG_SA1,0
D,DISPATCH,UNIT_SCADA,1,"2019/08/20 15:45:00",DG_TAS1,0
D,DISPATCH,UNIT_SCADA,1,"2019/08/20 15:45:00",DG_VIC1,0
D,DISPATCH,UNIT_SCADA,1,"2019/08/20 15:45:00",DRYCGT1,0
D,DISPATCH,UNIT_SCADA,1,"2019/08/20 15:45:00",DRYCGT2,0
D,DISPATCH,UNIT_SCADA,1,"2019/08/20 15:45:00",DRYCGT3,0
D,DISPATCH,UNIT_SCADA,1,"2019/08/20 15:45:00",EILDON1,0
D,DISPATCH,UNIT_SCADA,1,"2019/08/20 15:45:00",EILDON2,0
D,DISPATCH,UNIT_SCADA,1,"2019/08/20 15:45:00",EMERASF1,61.17
D,DISPATCH,UNIT_SCADA,1,"2019/08/20 15:45:00",ER01,408.675050
D,DISPATCH,UNIT_SCADA,1,"2019/08/20 15:45:00",ER02,406.974980
D,DISPATCH,UNIT_SCADA,1,"2019/08/20 15:45:00",ER03,698.949950
D,DISPATCH,UNIT_SCADA,1,"2019/08/20 15:45:00",ER04,406.474980
D,DISPATCH,UNIT_SCADA,1,"2019/08/20 15:45:00",FINLYSF1,0
D,DISPATCH,UNIT_SCADA,1,"2019/08/20 15:45:00",FISHER,45.85
D,DISPATCH,UNIT_SCADA,1,"2019/08/20 15:45:00",GANNBG1,3.410590
D,DISPATCH,UNIT_SCADA,1,"2019/08/20 15:45:00",GANNBL1,0
D,DISPATCH,UNIT_SCADA,1,"2019/08/20 15:45:00",GANNSF1,7
D,DISPATCH,UNIT_SCADA,1,"2019/08/20 15:45:00",GORDON,10.947440
D,DISPATCH,UNIT_SCADA,1,"2019/08/20 15:45:00",GSTONE1,134.9250
D,DISPATCH,UNIT_SCADA,1,"2019/08/20 15:45:00",GSTONE2,130.20
D,DISPATCH,UNIT_SCADA,1,"2019/08/20 15:45:00",GSTONE3,131.774990
D,DISPATCH,UNIT_SCADA,1,"2019/08/20 15:45:00",GSTONE4,133.8750
D,DISPATCH,UNIT_SCADA,1,"2019/08/20 15:45:00",GSTONE5,134.75
D,DISPATCH,UNIT_SCADA,1,"2019/08/20 15:45:00",GSTONE6,0
D,DISPATCH,UNIT_SCADA,1,"2019/08/20 15:45:00",GULLRSF1,5.099370
D,DISPATCH,UNIT_SCADA,1,"2019/08/20 15:45:00",GULLRWF1,146.570890
D,DISPATCH,UNIT_SCADA,1,"2019/08/20 15:45:00",GUNNING1,42.865120
D,DISPATCH,UNIT_SCADA,1,"2019/08/20 15:45:00",GUTHEGA,0
D,DISPATCH,UNIT_SCADA,1,"2019/08/20 15:45:00",HALLWF1,91.93
D,DISPATCH,UNIT_SCADA,1,"2019/08/20 15:45:00",HALLWF2,66.20
D,DISPATCH,UNIT_SCADA,1,"2019/08/20 15:45:00",HAMISF1,43.30
D,DISPATCH,UNIT_SCADA,1,"2019/08/20 15:45:00",HAUGHT11,50.046970
D,DISPATCH,UNIT_SCADA,1,"2019/08/20 15:45:00",HAYMSF1,36.5360
D,DISPATCH,UNIT_SCADA,1,"2019/08/20 15:45:00",HDWF1,83.40
D,DISPATCH,UNIT_SCADA,1,"2019/08/20 15:45:00",HDWF2,72.40
D,DISPATCH,UNIT_SCADA,1,"2019/08/20 15:45:00",HDWF3,71
D,DISPATCH,UNIT_SCADA,1,"2019/08/20 15:45:00",HPRG1,0
D,DISPATCH,UNIT_SCADA,1,"2019/08/20 15:45:00",HPRL1,13.40
D,DISPATCH,UNIT_SCADA,1,"2019/08/20 15:45:00",HUMENSW,0
D,DISPATCH,UNIT_SCADA,1,"2019/08/20 15:45:00",HUMEV,8.80
D,DISPATCH,UNIT_SCADA,1,"2019/08/20 15:45:00",HVGTS,0
D,DISPATCH,UNIT_SCADA,1,"2019/08/20 15:45:00",JBUTTERS,139.599990
D,DISPATCH,UNIT_SCADA,1,"2019/08/20 15:45:00",JLA01,0.50
D,DISPATCH,UNIT_SCADA,1,"2019/08/20 15:45:00",JLA02,0
D,DISPATCH,UNIT_SCADA,1,"2019/08/20 15:45:00",JLA03,0.10
D,DISPATCH,UNIT_SCADA,1,"2019/08/20 15:45:00",JLA04,0.10
D,DISPATCH,UNIT_SCADA,1,"2019/08/20 15:45:00",JLB01,0
D,DISPATCH,UNIT_SCADA,1,"2019/08/20 15:45:00",JLB02,0.10
D,DISPATCH,UNIT_SCADA,1,"2019/08/20 15:45:00",JLB03,0
D,DISPATCH,UNIT_SCADA,1,"2019/08/20 15:45:00",KAREEYA1,21.5125
D,DISPATCH,UNIT_SCADA,1,"2019/08/20 15:45:00",KAREEYA2,21.5150
D,DISPATCH,UNIT_SCADA,1,"2019/08/20 15:45:00",KAREEYA3,0
D,DISPATCH,UNIT_SCADA,1,"2019/08/20 15:45:00",KAREEYA4,21.66
D,DISPATCH,UNIT_SCADA,1,"2019/08/20 15:45:00",KARSF1,42.50
D,DISPATCH,UNIT_SCADA,1,"2019/08/20 15:45:00",KIATAWF1,30.80
D,DISPATCH,UNIT_SCADA,1,"2019/08/20 15:45:00",KPP_1,0
D,DISPATCH,UNIT_SCADA,1,"2019/08/20 15:45:00",KSP1,45.04
D,DISPATCH,UNIT_SCADA,1,"2019/08/20 15:45:00",LADBROK1,0
D,DISPATCH,UNIT_SCADA,1,"2019/08/20 15:45:00",LADBROK2,0
D,DISPATCH,UNIT_SCADA,1,"2019/08/20 15:45:00",LD01,376.612430
D,DISPATCH,UNIT_SCADA,1,"2019/08/20 15:45:00",LD02,380.343750
D,DISPATCH,UNIT_SCADA,1,"2019/08/20 15:45:00",LD03,379.3688
D,DISPATCH,UNIT_SCADA,1,"2019/08/20 15:45:00",LD04,380.7937
D,DISPATCH,UNIT_SCADA,1,"2019/08/20 15:45:00",LEM_WIL,85.7611
D,DISPATCH,UNIT_SCADA,1,"2019/08/20 15:45:00",LGAPWF1,23.08
D,DISPATCH,UNIT_SCADA,1,"2019/08/20 15:45:00",LILYSF1,90.177530
D,DISPATCH,UNIT_SCADA,1,"2019/08/20 15:45:00",LI_WY_CA,148.520430
D,DISPATCH,UNIT_SCADA,1,"2019/08/20 15:45:00",LKBONNY2,133.510650
D,DISPATCH,UNIT_SCADA,1,"2019/08/20 15:45:00",LKBONNY3,38.182260
D,DISPATCH,UNIT_SCADA,1,"2019/08/20 15:45:00",LK_ECHO,0
D,DISPATCH,UNIT_SCADA,1,"2019/08/20 15:45:00",LNGS1,0
D,DISPATCH,UNIT_SCADA,1,"2019/08/20 15:45:00",LNGS2,0
D,DISPATCH,UNIT_SCADA,1,"2019/08/20 15:45:00",LONSDALE,0
D,DISPATCH,UNIT_SCADA,1,"2019/08/20 15:45:00",LOYYB1,536.464540
D,DISPATCH,UNIT_SCADA,1,"2019/08/20 15:45:00",LOYYB2,583.082280
D,DISPATCH,UNIT_SCADA,1,"2019/08/20 15:45:00",LYA1,560
D,DISPATCH,UNIT_SCADA,1,"2019/08/20 15:45:00",LYA2,0
D,DISPATCH,UNIT_SCADA,1,"2019/08/20 15:45:00",LYA3,562
D,DISPATCH,UNIT_SCADA,1,"2019/08/20 15:45:00",LYA4,542
D,DISPATCH,UNIT_SCADA,1,"2019/08/20 15:45:00",MACARTH1,385.6911
D,DISPATCH,UNIT_SCADA,1,"2019/08/20 15:45:00",MACKAYGT,0
D,DISPATCH,UNIT_SCADA,1,"2019/08/20 15:45:00",MACKNTSH,85.48
D,DISPATCH,UNIT_SCADA,1,"2019/08/20 15:45:00",MANSLR1,41.1590
D,DISPATCH,UNIT_SCADA,1,"2019/08/20 15:45:00",MCKAY1,0.02
D,DISPATCH,UNIT_SCADA,1,"2019/08/20 15:45:00",MEADOWBK,34.2960
D,DISPATCH,UNIT_SCADA,1,"2019/08/20 15:45:00",MERCER01,123.060010
D,DISPATCH,UNIT_SCADA,1,"2019/08/20 15:45:00",MEWF1,54.972420
D,DISPATCH,UNIT_SCADA,1,"2019/08/20 15:45:00",MINTARO,0
D,DISPATCH,UNIT_SCADA,1,"2019/08/20 15:45:00",MOREESF1,49.5320
D,DISPATCH,UNIT_SCADA,1,"2019/08/20 15:45:00",MORTLK11,128
D,DISPATCH,UNIT_SCADA,1,"2019/08/20 15:45:00",MORTLK12,0
D,DISPATCH,UNIT_SCADA,1,"2019/08/20 15:45:00",MP1,285.574950
D,DISPATCH,UNIT_SCADA,1,"2019/08/20 15:45:00",MP2,0
D,DISPATCH,UNIT_SCADA,1,"2019/08/20 15:45:00",MPP_1,355.25
D,DISPATCH,UNIT_SCADA,1,"2019/08/20 15:45:00",MPP_2,399.50
D,DISPATCH,UNIT_SCADA,1,"2019/08/20 15:45:00",MSTUART1,0
D,DISPATCH,UNIT_SCADA,1,"2019/08/20 15:45:00",MSTUART2,0
D,DISPATCH,UNIT_SCADA,1,"2019/08/20 15:45:00",MSTUART3,0
D,DISPATCH,UNIT_SCADA,1,"2019/08/20 15:45:00",MTGELWF1,64.7969
D,DISPATCH,UNIT_SCADA,1,"2019/08/20 15:45:00",MURRAY,0
D,DISPATCH,UNIT_SCADA,1,"2019/08/20 15:45:00",MUSSELR1,-0.50
D,DISPATCH,UNIT_SCADA,1,"2019/08/20 15:45:00",MUWAWF1,48.19
D,DISPATCH,UNIT_SCADA,1,"2019/08/20 15:45:00",NBHWF1,119.20
D,DISPATCH,UNIT_SCADA,1,"2019/08/20 15:45:00",NPS,10.8750
D,DISPATCH,UNIT_SCADA,1,"2019/08/20 15:45:00",NUMURSF1,13.91
D,DISPATCH,UNIT_SCADA,1,"2019/08/20 15:45:00",NYNGAN1,62
D,DISPATCH,UNIT_SCADA,1,"2019/08/20 15:45:00",OAKEY1,0
D,DISPATCH,UNIT_SCADA,1,"2019/08/20 15:45:00",OAKEY1SF,23.2540
D,DISPATCH,UNIT_SCADA,1,"2019/08/20 15:45:00",OAKEY2,0
D,DISPATCH,UNIT_SCADA,1,"2019/08/20 15:45:00",OAKLAND1,62.20
D,DISPATCH,UNIT_SCADA,1,"2019/08/20 15:45:00",OSB-AG,139.429990
D,DISPATCH,UNIT_SCADA,1,"2019/08/20 15:45:00",PARSF1,42.50
D,DISPATCH,UNIT_SCADA,1,"2019/08/20 15:45:00",POAT110,0
D,DISPATCH,UNIT_SCADA,1,"2019/08/20 15:45:00",POAT220,10.31
D,DISPATCH,UNIT_SCADA,1,"2019/08/20 15:45:00",POR01,0
D,DISPATCH,UNIT_SCADA,1,"2019/08/20 15:45:00",POR03,0
D,DISPATCH,UNIT_SCADA,1,"2019/08/20 15:45:00",PPCCGT,237.978260
D,DISPATCH,UNIT_SCADA,1,"2019/08/20 15:45:00",PTSTAN1,0
D,DISPATCH,UNIT_SCADA,1,"2019/08/20 15:45:00",PUMP1,0
D,DISPATCH,UNIT_SCADA,1,"2019/08/20 15:45:00",PUMP2,0
D,DISPATCH,UNIT_SCADA,1,"2019/08/20 15:45:00",QPS1,0
D,DISPATCH,UNIT_SCADA,1,"2019/08/20 15:45:00",QPS2,0
D,DISPATCH,UNIT_SCADA,1,"2019/08/20 15:45:00",QPS3,0
D,DISPATCH,UNIT_SCADA,1,"2019/08/20 15:45:00",QPS4,0
D,DISPATCH,UNIT_SCADA,1,"2019/08/20 15:45:00",QPS5,0
D,DISPATCH,UNIT_SCADA,1,"2019/08/20 15:45:00",REECE1,116.070010
D,DISPATCH,UNIT_SCADA,1,"2019/08/20 15:45:00",REECE2,116.290010
D,DISPATCH,UNIT_SCADA,1,"2019/08/20 15:45:00",ROMA_7,0
D,DISPATCH,UNIT_SCADA,1,"2019/08/20 15:45:00",ROMA_8,0
D,DISPATCH,UNIT_SCADA,1,"2019/08/20 15:45:00",RRSF1,98.958250
D,DISPATCH,UNIT_SCADA,1,"2019/08/20 15:45:00",RT_NSW1,0
D,DISPATCH,UNIT_SCADA,1,"2019/08/20 15:45:00",RT_NSW2,0
D,DISPATCH,UNIT_SCADA,1,"2019/08/20 15:45:00",RT_NSW3,0
D,DISPATCH,UNIT_SCADA,1,"2019/08/20 15:45:00",RT_NSW4,0
D,DISPATCH,UNIT_SCADA,1,"2019/08/20 15:45:00",RT_NSW5,0
D,DISPATCH,UNIT_SCADA,1,"2019/08/20 15:45:00",RT_NSW6,0
D,DISPATCH,UNIT_SCADA,1,"2019/08/20 15:45:00",RT_QLD1,0
D,DISPATCH,UNIT_SCADA,1,"2019/08/20 15:45:00",RT_SA1,0
D,DISPATCH,UNIT_SCADA,1,"2019/08/20 15:45:00",RT_SA2,0
D,DISPATCH,UNIT_SCADA,1,"2019/08/20 15:45:00",RT_SA3,0
D,DISPATCH,UNIT_SCADA,1,"2019/08/20 15:45:00",RT_SA4,0
D,DISPATCH,UNIT_SCADA,1,"2019/08/20 15:45:00",RT_SA5,0
D,DISPATCH,UNIT_SCADA,1,"2019/08/20 15:45:00",RT_SA6,0
D,DISPATCH,UNIT_SCADA,1,"2019/08/20 15:45:00",RT_TAS1,0
D,DISPATCH,UNIT_SCADA,1,"2019/08/20 15:45:00",RT_VIC1,0
D,DISPATCH,UNIT_SCADA,1,"2019/08/20 15:45:00",RT_VIC10,0
D,DISPATCH,UNIT_SCADA,1,"2019/08/20 15:45:00",RT_VIC11,0
D,DISPATCH,UNIT_SCADA,1,"2019/08/20 15:45:00",RT_VIC12,0
D,DISPATCH,UNIT_SCADA,1,"2019/08/20 15:45:00",RT_VIC2,0
D,DISPATCH,UNIT_SCADA,1,"2019/08/20 15:45:00",RT_VIC3,0
D,DISPATCH,UNIT_SCADA,1,"2019/08/20 15:45:00",RT_VIC4,0
D,DISPATCH,UNIT_SCADA,1,"2019/08/20 15:45:00",RT_VIC5,0
D,DISPATCH,UNIT_SCADA,1,"2019/08/20 15:45:00",RT_VIC6,0
D,DISPATCH,UNIT_SCADA,1,"2019/08/20 15:45:00",RT_VIC7,0
D,DISPATCH,UNIT_SCADA,1,"2019/08/20 15:45:00",RT_VIC8,0
D,DISPATCH,UNIT_SCADA,1,"2019/08/20 15:45:00",RT_VIC9,0
D,DISPATCH,UNIT_SCADA,1,"2019/08/20 15:45:00",RUGBYR1,45.150210
D,DISPATCH,UNIT_SCADA,1,"2019/08/20 15:45:00",SALTCRK1,52.34
D,DISPATCH,UNIT_SCADA,1,"2019/08/20 15:45:00",SAPHWF1,73.378110
D,DISPATCH,UNIT_SCADA,1,"2019/08/20 15:45:00",SHGEN,0
D,DISPATCH,UNIT_SCADA,1,"2019/08/20 15:45:00",SHPUMP,0
D,DISPATCH,UNIT_SCADA,1,"2019/08/20 15:45:00",SITHE01,0.005650
D,DISPATCH,UNIT_SCADA,1,"2019/08/20 15:45:00",SMCSF1,55.035340
D,DISPATCH,UNIT_SCADA,1,"2019/08/20 15:45:00",SNOWNTH1,125.50
D,DISPATCH,UNIT_SCADA,1,"2019/08/20 15:45:00",SNOWSTH1,115.80
D,DISPATCH,UNIT_SCADA,1,"2019/08/20 15:45:00",SNOWTWN1,34.883750
D,DISPATCH,UNIT_SCADA,1,"2019/08/20 15:45:00",SNOWYP,376.799990
D,DISPATCH,UNIT_SCADA,1,"2019/08/20 15:45:00",SNUG1,0.019440
D,DISPATCH,UNIT_SCADA,1,"2019/08/20 15:45:00",SRSF1,35.25
D,DISPATCH,UNIT_SCADA,1,"2019/08/20 15:45:00",STAN-1,0
D,DISPATCH,UNIT_SCADA,1,"2019/08/20 15:45:00",STAN-2,280.4791
D,DISPATCH,UNIT_SCADA,1,"2019/08/20 15:45:00",STAN-3,284.093720
D,DISPATCH,UNIT_SCADA,1,"2019/08/20 15:45:00",STAN-4,280.2612
D,DISPATCH,UNIT_SCADA,1,"2019/08/20 15:45:00",STWF1,20.733760
D,DISPATCH,UNIT_SCADA,1,"2019/08/20 15:45:00",SWAN_E,0
D,DISPATCH,UNIT_SCADA,1,"2019/08/20 15:45:00",TALWA1,300
D,DISPATCH,UNIT_SCADA,1,"2019/08/20 15:45:00",TARALGA1,102.326260
D,DISPATCH,UNIT_SCADA,1,"2019/08/20 15:45:00",TARONG#1,280.700010
D,DISPATCH,UNIT_SCADA,1,"2019/08/20 15:45:00",TARONG#2,282.300020
D,DISPATCH,UNIT_SCADA,1,"2019/08/20 15:45:00",TARONG#3,260
D,DISPATCH,UNIT_SCADA,1,"2019/08/20 15:45:00",TARONG#4,281.399990
D,DISPATCH,UNIT_SCADA,1,"2019/08/20 15:45:00",TARRALEA,87
D,DISPATCH,UNIT_SCADA,1,"2019/08/20 15:45:00",TBSF1,0.10
D,DISPATCH,UNIT_SCADA,1,"2019/08/20 15:45:00",TNPS1,441.700010
D,DISPATCH,UNIT_SCADA,1,"2019/08/20 15:45:00",TORRA1,42.353240
D,DISPATCH,UNIT_SCADA,1,"2019/08/20 15:45:00",TORRA2,0
D,DISPATCH,UNIT_SCADA,1,"2019/08/20 15:45:00",TORRA3,0
D,DISPATCH,UNIT_SCADA,1,"2019/08/20 15:45:00",TORRA4,0
D,DISPATCH,UNIT_SCADA,1,"2019/08/20 15:45:00",TORRB1,40.18
D,DISPATCH,UNIT_SCADA,1,"2019/08/20 15:45:00",TORRB2,40.36
D,DISPATCH,UNIT_SCADA,1,"2019/08/20 15:45:00",TORRB3,0
D,DISPATCH,UNIT_SCADA,1,"2019/08/20 15:45:00",TORRB4,0
D,DISPATCH,UNIT_SCADA,1,"2019/08/20 15:45:00",TREVALLN,43.860020
D,DISPATCH,UNIT_SCADA,1,"2019/08/20 15:45:00",TRIBUTE,0
D,DISPATCH,UNIT_SCADA,1,"2019/08/20 15:45:00",TUMUT3,0
D,DISPATCH,UNIT_SCADA,1,"2019/08/20 15:45:00",TUNGATIN,123.590030
D,DISPATCH,UNIT_SCADA,1,"2019/08/20 15:45:00",TVCC201,0
D,DISPATCH,UNIT_SCADA,1,"2019/08/20 15:45:00",TVPP104,0
D,DISPATCH,UNIT_SCADA,1,"2019/08/20 15:45:00",UPPTUMUT,0
D,DISPATCH,UNIT_SCADA,1,"2019/08/20 15:45:00",URANQ11,0
D,DISPATCH,UNIT_SCADA,1,"2019/08/20 15:45:00",URANQ12,0
D,DISPATCH,UNIT_SCADA,1,"2019/08/20 15:45:00",URANQ13,0
D,DISPATCH,UNIT_SCADA,1,"2019/08/20 15:45:00",URANQ14,0
D,DISPATCH,UNIT_SCADA,1,"2019/08/20 15:45:00",VP5,340.199980
D,DISPATCH,UNIT_SCADA,1,"2019/08/20 15:45:00",VP6,313.6250
D,DISPATCH,UNIT_SCADA,1,"2019/08/20 15:45:00",VPGS1,0
D,DISPATCH,UNIT_SCADA,1,"2019/08/20 15:45:00",VPGS2,0
D,DISPATCH,UNIT_SCADA,1,"2019/08/20 15:45:00",VPGS3,0
D,DISPATCH,UNIT_SCADA,1,"2019/08/20 15:45:00",VPGS4,0
D,DISPATCH,UNIT_SCADA,1,"2019/08/20 15:45:00",VPGS5,0
D,DISPATCH,UNIT_SCADA,1,"2019/08/20 15:45:00",VPGS6,0
D,DISPATCH,UNIT_SCADA,1,"2019/08/20 15:45:00",W/HOE#1,0
D,DISPATCH,UNIT_SCADA,1,"2019/08/20 15:45:00",W/HOE#2,0
D,DISPATCH,UNIT_SCADA,1,"2019/08/20 15:45:00",WATERLWF,120
D,DISPATCH,UNIT_SCADA,1,"2019/08/20 15:45:00",WEMENSF1,19.50
D,DISPATCH,UNIT_SCADA,1,"2019/08/20 15:45:00",WGWF1,100.20
D,DISPATCH,UNIT_SCADA,1,"2019/08/20 15:45:00",WHITSF1,41.40
D,DISPATCH,UNIT_SCADA,1,"2019/08/20 15:45:00",WKIEWA1,0
D,DISPATCH,UNIT_SCADA,1,"2019/08/20 15:45:00",WKIEWA2,0.10
D,DISPATCH,UNIT_SCADA,1,"2019/08/20 15:45:00",WOODLWN1,42.8040
D,DISPATCH,UNIT_SCADA,1,"2019/08/20 15:45:00",WRSF1,11.22
D,DISPATCH,UNIT_SCADA,1,"2019/08/20 15:45:00",WRWF1,68.4175
D,DISPATCH,UNIT_SCADA,1,"2019/08/20 15:45:00",YABULU,0
D,DISPATCH,UNIT_SCADA,1,"2019/08/20 15:45:00",YABULU2,0
D,DISPATCH,UNIT_SCADA,1,"2019/08/20 15:45:00",YARWUN_1,0
D,DISPATCH,UNIT_SCADA,1,"2019/08/20 15:45:00",YENDWF1,42.05
D,DISPATCH,UNIT_SCADA,1,"2019/08/20 15:45:00",YWPS1,379.698730
D,DISPATCH,UNIT_SCADA,1,"2019/08/20 15:45:00",YWPS2,258.3924
D,DISPATCH,UNIT_SCADA,1,"2019/08/20 15:45:00",YWPS3,0
D,DISPATCH,UNIT_SCADA,1,"2019/08/20 15:45:00",YWPS4,395.520260
C,"END OF REPORT",334
