C,NEMP.WORLD,DISPATCHSCADA,AEMO,PUBLIC,2019/09/06,11:10:09,0000000312459155,DISPATCHSCADA,0000000312459149
I,DISPATCH,UNIT_SCADA,1,SETTLEMENTDATE,DUID,SCADAVALUE
D,DISPATCH,UNIT_SCADA,1,"2019/09/06 11:15:00",BARCSF1,8.900001
D,DISPATCH,UNIT_SCADA,1,"2019/09/06 11:15:00",BUTLERSG,10.199999
D,DISPATCH,UNIT_SCADA,1,"2019/09/06 11:15:00",CALL_A_4,0
D,DISPATCH,UNIT_SCADA,1,"2019/09/06 11:15:00",CAPTL_WF,116.459999
D,DISPATCH,UNIT_SCADA,1,"2019/09/06 11:15:00",CATHROCK,0
D,DISPATCH,UNIT_SCADA,1,"2019/09/06 11:15:00",CHALLHWF,21.50
D,DISPATCH,UNIT_SCADA,1,"2019/09/06 11:15:00",CLOVER,-0.01
D,DISPATCH,UNIT_SCADA,1,"2019/09/06 11:15:00",CLUNY,18.397345
D,DISPATCH,UNIT_SCADA,1,"2019/09/06 11:15:00",CNUNDAWF,15.518103
D,DISPATCH,UNIT_SCADA,1,"2019/09/06 11:15:00",CULLRGWF,27.110001
D,DISPATCH,UNIT_SCADA,1,"2019/09/06 11:15:00",ERGT01,0
D,DISPATCH,UNIT_SCADA,1,"2019/09/06 11:15:00",GB01,0.011379
D,DISPATCH,UNIT_SCADA,1,"2019/09/06 11:15:00",GERMCRK,32.099998
D,DISPATCH,UNIT_SCADA,1,"2019/09/06 11:15:00",GRIFSF1,4.499992
D,DISPATCH,UNIT_SCADA,1,"2019/09/06 11:15:00",HUGSF1,9.04
D,DISPATCH,UNIT_SCADA,1,"2019/09/06 11:15:00",LKBONNY1,18.040491
D,DISPATCH,UNIT_SCADA,1,"2019/09/06 11:15:00",LRSF1,9.997001
D,DISPATCH,UNIT_SCADA,1,"2019/09/06 11:15:00",MBAHNTH,51.618744
D,DISPATCH,UNIT_SCADA,1,"2019/09/06 11:15:00",MLSP1,6.628001
D,DISPATCH,UNIT_SCADA,1,"2019/09/06 11:15:00",MLWF1,9.1650
D,DISPATCH,UNIT_SCADA,1,"2019/09/06 11:15:00",MTMILLAR,54.009037
D,DISPATCH,UNIT_SCADA,1,"2019/09/06 11:15:00",PALOONA,25.26
D,DISPATCH,UNIT_SCADA,1,"2019/09/06 11:15:00",PIONEER,46.600002
D,DISPATCH,UNIT_SCADA,1,"2019/09/06 11:15:00",PORTWF,49.200001
D,DISPATCH,UNIT_SCADA,1,"2019/09/06 11:15:00",REPULSE,32.460823
D,DISPATCH,UNIT_SCADA,1,"2019/09/06 11:15:00",ROWALLAN,10.1885
D,DISPATCH,UNIT_SCADA,1,"2019/09/06 11:15:00",ROYALLA1,7.814001
D,DISPATCH,UNIT_SCADA,1,"2019/09/06 11:15:00",RPCG,11.50
D,DISPATCH,UNIT_SCADA,1,"2019/09/06 11:15:00",RUBICON,0
D,DISPATCH,UNIT_SCADA,1,"2019/09/06 11:15:00",SATGN1,0
D,DISPATCH,UNIT_SCADA,1,"2019/09/06 11:15:00",SATGS1,0
D,DISPATCH,UNIT_SCADA,1,"2019/09/06 11:15:00",STARHLWF,25.792479
D,DISPATCH,UNIT_SCADA,1,"2019/09/06 11:15:00",WAUBRAWF,94.6660
D,DISPATCH,UNIT_SCADA,1,"2019/09/06 11:15:00",WOOLNTH1,9.720016
D,DISPATCH,UNIT_SCADA,1,"2019/09/06 11:15:00",WPWF,81
D,DISPATCH,UNIT_SCADA,1,"2019/09/06 11:15:00",YAMBUKWF,14.80
D,DISPATCH,UNIT_SCADA,1,"2019/09/06 11:15:00",YSWF1,13.10
D,DISPATCH,UNIT_SCADA,1,"2019/09/06 11:15:00",AGLHAL,0
D,DISPATCH,UNIT_SCADA,1,"2019/09/06 11:15:00",AGLSOM,0
D,DISPATCH,UNIT_SCADA,1,"2019/09/06 11:15:00",ANGAST1,0
D,DISPATCH,UNIT_SCADA,1,"2019/09/06 11:15:00",ARWF1,64
D,DISPATCH,UNIT_SCADA,1,"2019/09/06 11:15:00",BALBG1,8.12
D,DISPATCH,UNIT_SCADA,1,"2019/09/06 11:15:00",BALBL1,0
D,DISPATCH,UNIT_SCADA,1,"2019/09/06 11:15:00",BALDHWF1,62.9690
D,DISPATCH,UNIT_SCADA,1,"2019/09/06 11:15:00",BANN1,40.74
D,DISPATCH,UNIT_SCADA,1,"2019/09/06 11:15:00",BARCALDN,0
D,DISPATCH,UNIT_SCADA,1,"2019/09/06 11:15:00",BARRON-1,0
D,DISPATCH,UNIT_SCADA,1,"2019/09/06 11:15:00",BARRON-2,0
D,DISPATCH,UNIT_SCADA,1,"2019/09/06 11:15:00",BASTYAN,80.710010
D,DISPATCH,UNIT_SCADA,1,"2019/09/06 11:15:00",BBTHREE1,0
D,DISPATCH,UNIT_SCADA,1,"2019/09/06 11:15:00",BBTHREE2,0
D,DISPATCH,UNIT_SCADA,1,"2019/09/06 11:15:00",BBTHREE3,0
D,DISPATCH,UNIT_SCADA,1,"2019/09/06 11:15:00",BDL01,0
D,DISPATCH,UNIT_SCADA,1,"2019/09/06 11:15:00",BDL02,0
D,DISPATCH,UNIT_SCADA,1,"2019/09/06 11:15:00",BERYLSF1,68.4989
D,DISPATCH,UNIT_SCADA,1,"2019/09/06 11:15:00",BLOWERNG,15.30
D,DISPATCH,UNIT_SCADA,1,"2019/09/06 11:15:00",BLUFF1,52.80
D,DISPATCH,UNIT_SCADA,1,"2019/09/06 11:15:00",BNGSF1,30.11
D,DISPATCH,UNIT_SCADA,1,"2019/09/06 11:15:00",BNGSF2,10.35
D,DISPATCH,UNIT_SCADA,1,"2019/09/06 11:15:00",BOCORWF1,107.97
D,DISPATCH,UNIT_SCADA,1,"2019/09/06 11:15:00",BODWF1,108.129980
D,DISPATCH,UNIT_SCADA,1,"2019/09/06 11:15:00",BRAEMAR1,0
D,DISPATCH,UNIT_SCADA,1,"2019/09/06 11:15:00",BRAEMAR2,0
D,DISPATCH,UNIT_SCADA,1,"2019/09/06 11:15:00",BRAEMAR3,0
D,DISPATCH,UNIT_SCADA,1,"2019/09/06 11:15:00",BRAEMAR5,0
D,DISPATCH,UNIT_SCADA,1,"2019/09/06 11:15:00",BRAEMAR6,0
D,DISPATCH,UNIT_SCADA,1,"2019/09/06 11:15:00",BRAEMAR7,0
D,DISPATCH,UNIT_SCADA,1,"2019/09/06 11:15:00",BROKENH1,47.000240
D,DISPATCH,UNIT_SCADA,1,"2019/09/06 11:15:00",BW01,522.325070
D,DISPATCH,UNIT_SCADA,1,"2019/09/06 11:15:00",BW02,578.324950
D,DISPATCH,UNIT_SCADA,1,"2019/09/06 11:15:00",BW03,627.449950
D,DISPATCH,UNIT_SCADA,1,"2019/09/06 11:15:00",BW04,0
D,DISPATCH,UNIT_SCADA,1,"2019/09/06 11:15:00",CALL_B_1,299.399990
D,DISPATCH,UNIT_SCADA,1,"2019/09/06 11:15:00",CALL_B_2,301.100010
D,DISPATCH,UNIT_SCADA,1,"2019/09/06 11:15:00",CETHANA,96.7475
D,DISPATCH,UNIT_SCADA,1,"2019/09/06 11:15:00",CG1,0
D,DISPATCH,UNIT_SCADA,1,"2019/09/06 11:15:00",CG2,0
D,DISPATCH,UNIT_SCADA,1,"2019/09/06 11:15:00",CG3,0
D,DISPATCH,UNIT_SCADA,1,"2019/09/06 11:15:00",CG4,0
D,DISPATCH,UNIT_SCADA,1,"2019/09/06 11:15:00",CHILDSF1,53.26
D,DISPATCH,UNIT_SCADA,1,"2019/09/06 11:15:00",CLARESF1,44.552190
D,DISPATCH,UNIT_SCADA,1,"2019/09/06 11:15:00",CLEMGPWF,53.305910
D,DISPATCH,UNIT_SCADA,1,"2019/09/06 11:15:00",CLERMSF1,14.72
D,DISPATCH,UNIT_SCADA,1,"2019/09/06 11:15:00",COLEASF1,22.60
D,DISPATCH,UNIT_SCADA,1,"2019/09/06 11:15:00",COOPGWF1,33.379650
D,DISPATCH,UNIT_SCADA,1,"2019/09/06 11:15:00",CPP_3,232.3750
D,DISPATCH,UNIT_SCADA,1,"2019/09/06 11:15:00",CPP_4,275
D,DISPATCH,UNIT_SCADA,1,"2019/09/06 11:15:00",CPSA,76.826250
D,DISPATCH,UNIT_SCADA,1,"2019/09/06 11:15:00",CROOKWF2,84.663760
D,DISPATCH,UNIT_SCADA,1,"2019/09/06 11:15:00",CROWLWF1,35.061760
D,DISPATCH,UNIT_SCADA,1,"2019/09/06 11:15:00",CSPVPS1,31.6220
D,DISPATCH,UNIT_SCADA,1,"2019/09/06 11:15:00",DALNTH01,0
D,DISPATCH,UNIT_SCADA,1,"2019/09/06 11:15:00",DALNTHL1,0.117490
D,DISPATCH,UNIT_SCADA,1,"2019/09/06 11:15:00",DARTM1,0
D,DISPATCH,UNIT_SCADA,1,"2019/09/06 11:15:00",DAYDSF1,115.2880
D,DISPATCH,UNIT_SCADA,1,"2019/09/06 11:15:00",DDPS1,0
D,DISPATCH,UNIT_SCADA,1,"2019/09/06 11:15:00",DDSF1,106.332160
D,DISPATCH,UNIT_SCADA,1,"2019/09/06 11:15:00",DEVILS_G,0
D,DISPATCH,UNIT_SCADA,1,"2019/09/06 11:15:00",DG_NSW1,0
D,DISPATCH,UNIT_SCADA,1,"2019/09/06 11:15:00",DG_QLD1,0
D,DISPATCH,UNIT_SCADA,1,"2019/09/06 11:15:00",DG_SA1,0
D,DISPATCH,UNIT_SCADA,1,"2019/09/06 11:15:00",DG_TAS1,0
D,DISPATCH,UNIT_SCADA,1,"2019/09/06 11:15:00",DG_VIC1,0
D,DISPATCH,UNIT_SCADA,1,"2019/09/06 11:15:00",DRYCGT1,0
D,DISPATCH,UNIT_SCADA,1,"2019/09/06 11:15:00",DRYCGT2,0
D,DISPATCH,UNIT_SCADA,1,"2019/09/06 11:15:00",DRYCGT3,0
D,DISPATCH,UNIT_SCADA,1,"2019/09/06 11:15:00",EILDON1,0
D,DISPATCH,UNIT_SCADA,1,"2019/09/06 11:15:00",EILDON2,0
D,DISPATCH,UNIT_SCADA,1,"2019/09/06 11:15:00",EMERASF1,68.13
D,DISPATCH,UNIT_SCADA,1,"2019/09/06 11:15:00",ER01,463.949950
D,DISPATCH,UNIT_SCADA,1,"2019/09/06 11:15:00",ER02,568.700070
D,DISPATCH,UNIT_SCADA,1,"2019/09/06 11:15:00",ER03,0
D,DISPATCH,UNIT_SCADA,1,"2019/09/06 11:15:00",ER04,569.050050
D,DISPATCH,UNIT_SCADA,1,"2019/09/06 11:15:00",FINLYSF1,2.237520
D,DISPATCH,UNIT_SCADA,1,"2019/09/06 11:15:00",FISHER,45.95
D,DISPATCH,UNIT_SCADA,1,"2019/09/06 11:15:00",GANNBG1,8.269020
D,DISPATCH,UNIT_SCADA,1,"2019/09/06 11:15:00",GANNBL1,0
D,DISPATCH,UNIT_SCADA,1,"2019/09/06 11:15:00",GANNSF1,22.90
D,DISPATCH,UNIT_SCADA,1,"2019/09/06 11:15:00",GORDON,21.022960
D,DISPATCH,UNIT_SCADA,1,"2019/09/06 11:15:00",GSTONE1,135.974990
D,DISPATCH,UNIT_SCADA,1,"2019/09/06 11:15:00",GSTONE2,109.7250
D,DISPATCH,UNIT_SCADA,1,"2019/09/06 11:15:00",GSTONE3,0
D,DISPATCH,UNIT_SCADA,1,"2019/09/06 11:15:00",GSTONE4,134.75
D,DISPATCH,UNIT_SCADA,1,"2019/09/06 11:15:00",GSTONE5,137.55
D,DISPATCH,UNIT_SCADA,1,"2019/09/06 11:15:00",GSTONE6,133.349990
D,DISPATCH,UNIT_SCADA,1,"2019/09/06 11:15:00",GULLRSF1,8.929020
D,DISPATCH,UNIT_SCADA,1,"2019/09/06 11:15:00",GULLRWF1,148.700780
D,DISPATCH,UNIT_SCADA,1,"2019/09/06 11:15:00",GUNNING1,42.627090
D,DISPATCH,UNIT_SCADA,1,"2019/09/06 11:15:00",GUTHEGA,0
D,DISPATCH,UNIT_SCADA,1,"2019/09/06 11:15:00",HALLWF1,-0.48
D,DISPATCH,UNIT_SCADA,1,"2019/09/06 11:15:00",HALLWF2,-0.32
D,DISPATCH,UNIT_SCADA,1,"2019/09/06 11:15:00",HAMISF1,46.30
D,DISPATCH,UNIT_SCADA,1,"2019/09/06 11:15:00",HAUGHT11,91.693050
D,DISPATCH,UNIT_SCADA,1,"2019/09/06 11:15:00",HAYMSF1,41.1940
D,DISPATCH,UNIT_SCADA,1,"2019/09/06 11:15:00",HDWF1,99
D,DISPATCH,UNIT_SCADA,1,"2019/09/06 11:15:00",HDWF2,99.80
D,DISPATCH,UNIT_SCADA,1,"2019/09/06 11:15:00",HDWF3,108.70
D,DISPATCH,UNIT_SCADA,1,"2019/09/06 11:15:00",HPRG1,16.80
D,DISPATCH,UNIT_SCADA,1,"2019/09/06 11:15:00",HPRL1,0
D,DISPATCH,UNIT_SCADA,1,"2019/09/06 11:15:00",HUMENSW,0
D,DISPATCH,UNIT_SCADA,1,"2019/09/06 11:15:00",HUMEV,24.40
D,DISPATCH,UNIT_SCADA,1,"2019/09/06 11:15:00",HVGTS,0
D,DISPATCH,UNIT_SCADA,1,"2019/09/06 11:15:00",JBUTTERS,116.20
D,DISPATCH,UNIT_SCADA,1,"2019/09/06 11:15:00",JLA01,0.10
D,DISPATCH,UNIT_SCADA,1,"2019/09/06 11:15:00",JLA02,0
D,DISPATCH,UNIT_SCADA,1,"2019/09/06 11:15:00",JLA03,0
D,DISPATCH,UNIT_SCADA,1,"2019/09/06 11:15:00",JLA04,0
D,DISPATCH,UNIT_SCADA,1,"2019/09/06 11:15:00",JLB01,0
D,DISPATCH,UNIT_SCADA,1,"2019/09/06 11:15:00",JLB02,0.10
D,DISPATCH,UNIT_SCADA,1,"2019/09/06 11:15:00",JLB03,0
D,DISPATCH,UNIT_SCADA,1,"2019/09/06 11:15:00",KAREEYA1,21.5475
D,DISPATCH,UNIT_SCADA,1,"2019/09/06 11:15:00",KAREEYA2,21.6425
D,DISPATCH,UNIT_SCADA,1,"2019/09/06 11:15:00",KAREEYA3,0
D,DISPATCH,UNIT_SCADA,1,"2019/09/06 11:15:00",KAREEYA4,21.5350
D,DISPATCH,UNIT_SCADA,1,"2019/09/06 11:15:00",KARSF1,48.80
D,DISPATCH,UNIT_SCADA,1,"2019/09/06 11:15:00",KIATAWF1,30.10
D,DISPATCH,UNIT_SCADA,1,"2019/09/06 11:15:00",KPP_1,0
D,DISPATCH,UNIT_SCADA,1,"2019/09/06 11:15:00",KSP1,46.61
D,DISPATCH,UNIT_SCADA,1,"2019/09/06 11:15:00",LADBROK1,0
D,DISPATCH,UNIT_SCADA,1,"2019/09/06 11:15:00",LADBROK2,0
D,DISPATCH,UNIT_SCADA,1,"2019/09/06 11:15:00",LD01,374.175020
D,DISPATCH,UNIT_SCADA,1,"2019/09/06 11:15:00",LD02,377.587460
D,DISPATCH,UNIT_SCADA,1,"2019/09/06 11:15:00",LD03,377.025050
D,DISPATCH,UNIT_SCADA,1,"2019/09/06 11:15:00",LD04,375.337550
D,DISPATCH,UNIT_SCADA,1,"2019/09/06 11:15:00",LEM_WIL,85.008650
D,DISPATCH,UNIT_SCADA,1,"2019/09/06 11:15:00",LGAPWF1,34.58
D,DISPATCH,UNIT_SCADA,1,"2019/09/06 11:15:00",LILYSF1,0
D,DISPATCH,UNIT_SCADA,1,"2019/09/06 11:15:00",LI_WY_CA,163.042740
D,DISPATCH,UNIT_SCADA,1,"2019/09/06 11:15:00",LKBONNY2,38.714140
D,DISPATCH,UNIT_SCADA,1,"2019/09/06 11:15:00",LKBONNY3,23.780180
D,DISPATCH,UNIT_SCADA,1,"2019/09/06 11:15:00",LK_ECHO,0
D,DISPATCH,UNIT_SCADA,1,"2019/09/06 11:15:00",LNGS1,0
D,DISPATCH,UNIT_SCADA,1,"2019/09/06 11:15:00",LNGS2,0
D,DISPATCH,UNIT_SCADA,1,"2019/09/06 11:15:00",LONSDALE,0
D,DISPATCH,UNIT_SCADA,1,"2019/09/06 11:15:00",LOYYB1,536.840520
D,DISPATCH,UNIT_SCADA,1,"2019/09/06 11:15:00",LOYYB2,584.210140
D,DISPATCH,UNIT_SCADA,1,"2019/09/06 11:15:00",LYA1,0
D,DISPATCH,UNIT_SCADA,1,"2019/09/06 11:15:00",LYA2,0
D,DISPATCH,UNIT_SCADA,1,"2019/09/06 11:15:00",LYA3,559
D,DISPATCH,UNIT_SCADA,1,"2019/09/06 11:15:00",LYA4,540
D,DISPATCH,UNIT_SCADA,1,"2019/09/06 11:15:00",MACARTH1,115.497330
D,DISPATCH,UNIT_SCADA,1,"2019/09/06 11:15:00",MACKAYGT,0.2240
D,DISPATCH,UNIT_SCADA,1,"2019/09/06 11:15:00",MACKNTSH,88.63
D,DISPATCH,UNIT_SCADA,1,"2019/09/06 11:15:00",MANSLR1,28.8630
D,DISPATCH,UNIT_SCADA,1,"2019/09/06 11:15:00",MCKAY1,-0.0350
D,DISPATCH,UNIT_SCADA,1,"2019/09/06 11:15:00",MEADOWBK,34.0102
D,DISPATCH,UNIT_SCADA,1,"2019/09/06 11:15:00",MERCER01,83.8280
D,DISPATCH,UNIT_SCADA,1,"2019/09/06 11:15:00",MEWF1,31.775740
D,DISPATCH,UNIT_SCADA,1,"2019/09/06 11:15:00",MINTARO,0
D,DISPATCH,UNIT_SCADA,1,"2019/09/06 11:15:00",MOREESF1,49.3820
D,DISPATCH,UNIT_SCADA,1,"2019/09/06 11:15:00",MORTLK11,125
D,DISPATCH,UNIT_SCADA,1,"2019/09/06 11:15:00",MORTLK12,0
D,DISPATCH,UNIT_SCADA,1,"2019/09/06 11:15:00",MP1,166.3750
D,DISPATCH,UNIT_SCADA,1,"2019/09/06 11:15:00",MP2,0
D,DISPATCH,UNIT_SCADA,1,"2019/09/06 11:15:00",MPP_1,382
D,DISPATCH,UNIT_SCADA,1,"2019/09/06 11:15:00",MPP_2,310
D,DISPATCH,UNIT_SCADA,1,"2019/09/06 11:15:00",MSTUART1,0
D,DISPATCH,UNIT_SCADA,1,"2019/09/06 11:15:00",MSTUART2,0
D,DISPATCH,UNIT_SCADA,1,"2019/09/06 11:15:00",MSTUART3,0
D,DISPATCH,UNIT_SCADA,1,"2019/09/06 11:15:00",MTGELWF1,59.335610
D,DISPATCH,UNIT_SCADA,1,"2019/09/06 11:15:00",MURRAY,0
D,DISPATCH,UNIT_SCADA,1,"2019/09/06 11:15:00",MUSSELR1,165.899990
D,DISPATCH,UNIT_SCADA,1,"2019/09/06 11:15:00",MUWAWF1,62.11
D,DISPATCH,UNIT_SCADA,1,"2019/09/06 11:15:00",NBHWF1,119.10
D,DISPATCH,UNIT_SCADA,1,"2019/09/06 11:15:00",NPS,0
D,DISPATCH,UNIT_SCADA,1,"2019/09/06 11:15:00",NUMURSF1,57.93
D,DISPATCH,UNIT_SCADA,1,"2019/09/06 11:15:00",NYNGAN1,41.50
D,DISPATCH,UNIT_SCADA,1,"2019/09/06 11:15:00",OAKEY1,0
D,DISPATCH,UNIT_SCADA,1,"2019/09/06 11:15:00",OAKEY1SF,22.5290
D,DISPATCH,UNIT_SCADA,1,"2019/09/06 11:15:00",OAKEY2,0
D,DISPATCH,UNIT_SCADA,1,"2019/09/06 11:15:00",OAKEY2SF,0
D,DISPATCH,UNIT_SCADA,1,"2019/09/06 11:15:00",OAKLAND1,25.10
D,DISPATCH,UNIT_SCADA,1,"2019/09/06 11:15:00",OSB-AG,0
D,DISPATCH,UNIT_SCADA,1,"2019/09/06 11:15:00",PARSF1,30.400010
D,DISPATCH,UNIT_SCADA,1,"2019/09/06 11:15:00",POAT110,0
D,DISPATCH,UNIT_SCADA,1,"2019/09/06 11:15:00",POAT220,1.37
D,DISPATCH,UNIT_SCADA,1,"2019/09/06 11:15:00",POR01,0
D,DISPATCH,UNIT_SCADA,1,"2019/09/06 11:15:00",POR03,0
D,DISPATCH,UNIT_SCADA,1,"2019/09/06 11:15:00",PPCCGT,0
D,DISPATCH,UNIT_SCADA,1,"2019/09/06 11:15:00",PTSTAN1,0
D,DISPATCH,UNIT_SCADA,1,"2019/09/06 11:15:00",PUMP1,0
D,DISPATCH,UNIT_SCADA,1,"2019/09/06 11:15:00",PUMP2,0
D,DISPATCH,UNIT_SCADA,1,"2019/09/06 11:15:00",QPS1,0
D,DISPATCH,UNIT_SCADA,1,"2019/09/06 11:15:00",QPS2,0
D,DISPATCH,UNIT_SCADA,1,"2019/09/06 11:15:00",QPS3,0
D,DISPATCH,UNIT_SCADA,1,"2019/09/06 11:15:00",QPS4,0
D,DISPATCH,UNIT_SCADA,1,"2019/09/06 11:15:00",QPS5,0
D,DISPATCH,UNIT_SCADA,1,"2019/09/06 11:15:00",REECE1,101.040010
D,DISPATCH,UNIT_SCADA,1,"2019/09/06 11:15:00",REECE2,101.920010
D,DISPATCH,UNIT_SCADA,1,"2019/09/06 11:15:00",ROMA_7,0
D,DISPATCH,UNIT_SCADA,1,"2019/09/06 11:15:00",ROMA_8,0
D,DISPATCH,UNIT_SCADA,1,"2019/09/06 11:15:00",RRSF1,109.038170
D,DISPATCH,UNIT_SCADA,1,"2019/09/06 11:15:00",RT_NSW1,0
D,DISPATCH,UNIT_SCADA,1,"2019/09/06 11:15:00",RT_NSW2,0
D,DISPATCH,UNIT_SCADA,1,"2019/09/06 11:15:00",RT_NSW3,0
D,DISPATCH,UNIT_SCADA,1,"2019/09/06 11:15:00",RT_NSW4,0
D,DISPATCH,UNIT_SCADA,1,"2019/09/06 11:15:00",RT_NSW5,0
D,DISPATCH,UNIT_SCADA,1,"2019/09/06 11:15:00",RT_NSW6,0
D,DISPATCH,UNIT_SCADA,1,"2019/09/06 11:15:00",RT_QLD1,0
D,DISPATCH,UNIT_SCADA,1,"2019/09/06 11:15:00",RT_SA1,0
D,DISPATCH,UNIT_SCADA,1,"2019/09/06 11:15:00",RT_SA2,0
D,DISPATCH,UNIT_SCADA,1,"2019/09/06 11:15:00",RT_SA3,0
D,DISPATCH,UNIT_SCADA,1,"2019/09/06 11:15:00",RT_SA4,0
D,DISPATCH,UNIT_SCADA,1,"2019/09/06 11:15:00",RT_SA5,0
D,DISPATCH,UNIT_SCADA,1,"2019/09/06 11:15:00",RT_SA6,0
D,DISPATCH,UNIT_SCADA,1,"2019/09/06 11:15:00",RT_TAS1,0
D,DISPATCH,UNIT_SCADA,1,"2019/09/06 11:15:00",RT_VIC1,0
D,DISPATCH,UNIT_SCADA,1,"2019/09/06 11:15:00",RT_VIC10,0
D,DISPATCH,UNIT_SCADA,1,"2019/09/06 11:15:00",RT_VIC11,0
D,DISPATCH,UNIT_SCADA,1,"2019/09/06 11:15:00",RT_VIC12,0
D,DISPATCH,UNIT_SCADA,1,"2019/09/06 11:15:00",RT_VIC2,0
D,DISPATCH,UNIT_SCADA,1,"2019/09/06 11:15:00",RT_VIC3,0
D,DISPATCH,UNIT_SCADA,1,"2019/09/06 11:15:00",RT_VIC4,0
D,DISPATCH,UNIT_SCADA,1,"2019/09/06 11:15:00",RT_VIC5,0
D,DISPATCH,UNIT_SCADA,1,"2019/09/06 11:15:00",RT_VIC6,0
D,DISPATCH,UNIT_SCADA,1,"2019/09/06 11:15:00",RT_VIC7,0
D,DISPATCH,UNIT_SCADA,1,"2019/09/06 11:15:00",RT_VIC8,0
D,DISPATCH,UNIT_SCADA,1,"2019/09/06 11:15:00",RT_VIC9,0
D,DISPATCH,UNIT_SCADA,1,"2019/09/06 11:15:00",RUGBYR1,64.229380
D,DISPATCH,UNIT_SCADA,1,"2019/09/06 11:15:00",SALTCRK1,29.03
D,DISPATCH,UNIT_SCADA,1,"2019/09/06 11:15:00",SAPHWF1,199.274990
D,DISPATCH,UNIT_SCADA,1,"2019/09/06 11:15:00",SHGEN,0
D,DISPATCH,UNIT_SCADA,1,"2019/09/06 11:15:00",SHPUMP,79.005970
D,DISPATCH,UNIT_SCADA,1,"2019/09/06 11:15:00",SITHE01,0.1840
D,DISPATCH,UNIT_SCADA,1,"2019/09/06 11:15:00",SMCSF1,87.334620
D,DISPATCH,UNIT_SCADA,1,"2019/09/06 11:15:00",SNOWNTH1,137.30
D,DISPATCH,UNIT_SCADA,1,"2019/09/06 11:15:00",SNOWSTH1,118.100010
D,DISPATCH,UNIT_SCADA,1,"2019/09/06 11:15:00",SNOWTWN1,90.691280
D,DISPATCH,UNIT_SCADA,1,"2019/09/06 11:15:00",SNOWYP,198.50
D,DISPATCH,UNIT_SCADA,1,"2019/09/06 11:15:00",SNUG1,0.019440
D,DISPATCH,UNIT_SCADA,1,"2019/09/06 11:15:00",SRSF1,65.21
D,DISPATCH,UNIT_SCADA,1,"2019/09/06 11:15:00",STAN-1,223.324520
D,DISPATCH,UNIT_SCADA,1,"2019/09/06 11:15:00",STAN-2,233.835130
D,DISPATCH,UNIT_SCADA,1,"2019/09/06 11:15:00",STAN-3,235.296360
D,DISPATCH,UNIT_SCADA,1,"2019/09/06 11:15:00",STAN-4,230.258960
D,DISPATCH,UNIT_SCADA,1,"2019/09/06 11:15:00",STWF1,0
D,DISPATCH,UNIT_SCADA,1,"2019/09/06 11:15:00",SWAN_E,0
D,DISPATCH,UNIT_SCADA,1,"2019/09/06 11:15:00",TALWA1,190
D,DISPATCH,UNIT_SCADA,1,"2019/09/06 11:15:00",TARALGA1,85.421250
D,DISPATCH,UNIT_SCADA,1,"2019/09/06 11:15:00",TARONG#1,349.50
D,DISPATCH,UNIT_SCADA,1,"2019/09/06 11:15:00",TARONG#2,0
D,DISPATCH,UNIT_SCADA,1,"2019/09/06 11:15:00",TARONG#3,279.700010
D,DISPATCH,UNIT_SCADA,1,"2019/09/06 11:15:00",TARONG#4,348.600010
D,DISPATCH,UNIT_SCADA,1,"2019/09/06 11:15:00",TARRALEA,73.90
D,DISPATCH,UNIT_SCADA,1,"2019/09/06 11:15:00",TBSF1,7
D,DISPATCH,UNIT_SCADA,1,"2019/09/06 11:15:00",TNPS1,398.800020
D,DISPATCH,UNIT_SCADA,1,"2019/09/06 11:15:00",TORRA1,42.960290
D,DISPATCH,UNIT_SCADA,1,"2019/09/06 11:15:00",TORRA2,0
D,DISPATCH,UNIT_SCADA,1,"2019/09/06 11:15:00",TORRA3,0
D,DISPATCH,UNIT_SCADA,1,"2019/09/06 11:15:00",TORRA4,43.002490
D,DISPATCH,UNIT_SCADA,1,"2019/09/06 11:15:00",TORRB1,46.72
D,DISPATCH,UNIT_SCADA,1,"2019/09/06 11:15:00",TORRB2,46.23
D,DISPATCH,UNIT_SCADA,1,"2019/09/06 11:15:00",TORRB3,45.66
D,DISPATCH,UNIT_SCADA,1,"2019/09/06 11:15:00",TORRB4,0
D,DISPATCH,UNIT_SCADA,1,"2019/09/06 11:15:00",TREVALLN,66.980020
D,DISPATCH,UNIT_SCADA,1,"2019/09/06 11:15:00",TRIBUTE,0
D,DISPATCH,UNIT_SCADA,1,"2019/09/06 11:15:00",TUMUT3,0
D,DISPATCH,UNIT_SCADA,1,"2019/09/06 11:15:00",TUNGATIN,120.330030
D,DISPATCH,UNIT_SCADA,1,"2019/09/06 11:15:00",TVCC201,0
D,DISPATCH,UNIT_SCADA,1,"2019/09/06 11:15:00",TVPP104,0
D,DISPATCH,UNIT_SCADA,1,"2019/09/06 11:15:00",UPPTUMUT,0
D,DISPATCH,UNIT_SCADA,1,"2019/09/06 11:15:00",URANQ11,0
D,DISPATCH,UNIT_SCADA,1,"2019/09/06 11:15:00",URANQ12,0
D,DISPATCH,UNIT_SCADA,1,"2019/09/06 11:15:00",URANQ13,0
D,DISPATCH,UNIT_SCADA,1,"2019/09/06 11:15:00",URANQ14,0
D,DISPATCH,UNIT_SCADA,1,"2019/09/06 11:15:00",VP5,419.150020
D,DISPATCH,UNIT_SCADA,1,"2019/09/06 11:15:00",VP6,0
D,DISPATCH,UNIT_SCADA,1,"2019/09/06 11:15:00",VPGS1,0
D,DISPATCH,UNIT_SCADA,1,"2019/09/06 11:15:00",VPGS2,0
D,DISPATCH,UNIT_SCADA,1,"2019/09/06 11:15:00",VPGS3,0
D,DISPATCH,UNIT_SCADA,1,"2019/09/06 11:15:00",VPGS4,0
D,DISPATCH,UNIT_SCADA,1,"2019/09/06 11:15:00",VPGS5,0
D,DISPATCH,UNIT_SCADA,1,"2019/09/06 11:15:00",VPGS6,0
D,DISPATCH,UNIT_SCADA,1,"2019/09/06 11:15:00",W/HOE#1,0
D,DISPATCH,UNIT_SCADA,1,"2019/09/06 11:15:00",W/HOE#2,0
D,DISPATCH,UNIT_SCADA,1,"2019/09/06 11:15:00",WATERLWF,110.90
D,DISPATCH,UNIT_SCADA,1,"2019/09/06 11:15:00",WEMENSF1,32.70
D,DISPATCH,UNIT_SCADA,1,"2019/09/06 11:15:00",WGWF1,38.30
D,DISPATCH,UNIT_SCADA,1,"2019/09/06 11:15:00",WHITSF1,42.60
D,DISPATCH,UNIT_SCADA,1,"2019/09/06 11:15:00",WKIEWA1,32.90
D,DISPATCH,UNIT_SCADA,1,"2019/09/06 11:15:00",WKIEWA2,0.10
D,DISPATCH,UNIT_SCADA,1,"2019/09/06 11:15:00",WOODLWN1,39.9780
D,DISPATCH,UNIT_SCADA,1,"2019/09/06 11:15:00",WRSF1,17.46
D,DISPATCH,UNIT_SCADA,1,"2019/09/06 11:15:00",WRWF1,148.897490
D,DISPATCH,UNIT_SCADA,1,"2019/09/06 11:15:00",YABULU,0
D,DISPATCH,UNIT_SCADA,1,"2019/09/06 11:15:00",YABULU2,0
D,DISPATCH,UNIT_SCADA,1,"2019/09/06 11:15:00",YARWUN_1,118.39
D,DISPATCH,UNIT_SCADA,1,"2019/09/06 11:15:00",YENDWF1,42.36
D,DISPATCH,UNIT_SCADA,1,"2019/09/06 11:15:00",YWPS1,378.6962
D,DISPATCH,UNIT_SCADA,1,"2019/09/06 11:15:00",YWPS2,279.946840
D,DISPATCH,UNIT_SCADA,1,"2019/09/06 11:15:00",YWPS3,330.313930
D,DISPATCH,UNIT_SCADA,1,"2019/09/06 11:15:00",YWPS4,402.012660
C,"END OF REPORT",335
