C,NEMP.WORLD,DISPATCHSCADA,AEMO,PUBLIC,2019/09/05,04:50:08,0000000312409106,DISPATCHSCADA,0000000312409100
I,DISPATCH,UNIT_SCADA,1,SETTLEMENTDATE,DUID,SCADAVALUE
D,DISPATCH,UNIT_SCADA,1,"2019/09/05 04:55:00",BARCSF1,0
D,DISPATCH,UNIT_SCADA,1,"2019/09/05 04:55:00",BUTLERSG,10.199999
D,DISPATCH,UNIT_SCADA,1,"2019/09/05 04:55:00",CALL_A_4,0
D,DISPATCH,UNIT_SCADA,1,"2019/09/05 04:55:00",CAPTL_WF,0
D,DISPATCH,UNIT_SCADA,1,"2019/09/05 04:55:00",CATHROCK,6.36
D,DISPATCH,UNIT_SCADA,1,"2019/09/05 04:55:00",CHALLHWF,0.80
D,DISPATCH,UNIT_SCADA,1,"2019/09/05 04:55:00",CLOVER,-0.01
D,DISPATCH,UNIT_SCADA,1,"2019/09/05 04:55:00",CLUNY,12.087434
D,DISPATCH,UNIT_SCADA,1,"2019/09/05 04:55:00",CNUNDAWF,5.005839
D,DISPATCH,UNIT_SCADA,1,"2019/09/05 04:55:00",CULLRGWF,1.65
D,DISPATCH,UNIT_SCADA,1,"2019/09/05 04:55:00",ERGT01,0
D,DISPATCH,UNIT_SCADA,1,"2019/09/05 04:55:00",GB01,0.015579
D,DISPATCH,UNIT_SCADA,1,"2019/09/05 04:55:00",GERMCRK,40.50
D,DISPATCH,UNIT_SCADA,1,"2019/09/05 04:55:00",GRIFSF1,0
D,DISPATCH,UNIT_SCADA,1,"2019/09/05 04:55:00",HUGSF1,-0.19
D,DISPATCH,UNIT_SCADA,1,"2019/09/05 04:55:00",LKBONNY1,8.305771
D,DISPATCH,UNIT_SCADA,1,"2019/09/05 04:55:00",LRSF1,-0.0310
D,DISPATCH,UNIT_SCADA,1,"2019/09/05 04:55:00",MBAHNTH,26.999992
D,DISPATCH,UNIT_SCADA,1,"2019/09/05 04:55:00",MLSP1,0.366001
D,DISPATCH,UNIT_SCADA,1,"2019/09/05 04:55:00",MLWF1,1.2750
D,DISPATCH,UNIT_SCADA,1,"2019/09/05 04:55:00",MTMILLAR,11.779596
D,DISPATCH,UNIT_SCADA,1,"2019/09/05 04:55:00",PALOONA,17.84
D,DISPATCH,UNIT_SCADA,1,"2019/09/05 04:55:00",PIONEER,44.700001
D,DISPATCH,UNIT_SCADA,1,"2019/09/05 04:55:00",PORTWF,21.200001
D,DISPATCH,UNIT_SCADA,1,"2019/09/05 04:55:00",REPULSE,19.956970
D,DISPATCH,UNIT_SCADA,1,"2019/09/05 04:55:00",ROWALLAN,10.3944
D,DISPATCH,UNIT_SCADA,1,"2019/09/05 04:55:00",ROYALLA1,0
D,DISPATCH,UNIT_SCADA,1,"2019/09/05 04:55:00",RPCG,11.90
D,DISPATCH,UNIT_SCADA,1,"2019/09/05 04:55:00",RUBICON,0
D,DISPATCH,UNIT_SCADA,1,"2019/09/05 04:55:00",SATGN1,0
D,DISPATCH,UNIT_SCADA,1,"2019/09/05 04:55:00",SATGS1,0
D,DISPATCH,UNIT_SCADA,1,"2019/09/05 04:55:00",STARHLWF,2.599242
D,DISPATCH,UNIT_SCADA,1,"2019/09/05 04:55:00",WAUBRAWF,5.3630
D,DISPATCH,UNIT_SCADA,1,"2019/09/05 04:55:00",WOOLNTH1,-0.749985
D,DISPATCH,UNIT_SCADA,1,"2019/09/05 04:55:00",WPWF,11
D,DISPATCH,UNIT_SCADA,1,"2019/09/05 04:55:00",YAMBUKWF,6.20
D,DISPATCH,UNIT_SCADA,1,"2019/09/05 04:55:00",YSWF1,0.70
D,DISPATCH,UNIT_SCADA,1,"2019/09/05 04:55:00",AGLHAL,0
D,DISPATCH,UNIT_SCADA,1,"2019/09/05 04:55:00",AGLSOM,0
D,DISPATCH,UNIT_SCADA,1,"2019/09/05 04:55:00",ANGAST1,0
D,DISPATCH,UNIT_SCADA,1,"2019/09/05 04:55:00",ARWF1,8.10
D,DISPATCH,UNIT_SCADA,1,"2019/09/05 04:55:00",BALBG1,0
D,DISPATCH,UNIT_SCADA,1,"2019/09/05 04:55:00",BALBL1,0
D,DISPATCH,UNIT_SCADA,1,"2019/09/05 04:55:00",BALDHWF1,0
D,DISPATCH,UNIT_SCADA,1,"2019/09/05 04:55:00",BANN1,0
D,DISPATCH,UNIT_SCADA,1,"2019/09/05 04:55:00",BARCALDN,0
D,DISPATCH,UNIT_SCADA,1,"2019/09/05 04:55:00",BARRON-1,0
D,DISPATCH,UNIT_SCADA,1,"2019/09/05 04:55:00",BARRON-2,0
D,DISPATCH,UNIT_SCADA,1,"2019/09/05 04:55:00",BASTYAN,80.780010
D,DISPATCH,UNIT_SCADA,1,"2019/09/05 04:55:00",BBTHREE1,0
D,DISPATCH,UNIT_SCADA,1,"2019/09/05 04:55:00",BBTHREE2,0
D,DISPATCH,UNIT_SCADA,1,"2019/09/05 04:55:00",BBTHREE3,0
D,DISPATCH,UNIT_SCADA,1,"2019/09/05 04:55:00",BDL01,0
D,DISPATCH,UNIT_SCADA,1,"2019/09/05 04:55:00",BDL02,0
D,DISPATCH,UNIT_SCADA,1,"2019/09/05 04:55:00",BERYLSF1,0
D,DISPATCH,UNIT_SCADA,1,"2019/09/05 04:55:00",BLOWERNG,11.10
D,DISPATCH,UNIT_SCADA,1,"2019/09/05 04:55:00",BLUFF1,0
D,DISPATCH,UNIT_SCADA,1,"2019/09/05 04:55:00",BNGSF1,0
D,DISPATCH,UNIT_SCADA,1,"2019/09/05 04:55:00",BNGSF2,0
D,DISPATCH,UNIT_SCADA,1,"2019/09/05 04:55:00",BOCORWF1,5.86
D,DISPATCH,UNIT_SCADA,1,"2019/09/05 04:55:00",BODWF1,4.312610
D,DISPATCH,UNIT_SCADA,1,"2019/09/05 04:55:00",BRAEMAR1,0
D,DISPATCH,UNIT_SCADA,1,"2019/09/05 04:55:00",BRAEMAR2,0
D,DISPATCH,UNIT_SCADA,1,"2019/09/05 04:55:00",BRAEMAR3,0
D,DISPATCH,UNIT_SCADA,1,"2019/09/05 04:55:00",BRAEMAR5,0
D,DISPATCH,UNIT_SCADA,1,"2019/09/05 04:55:00",BRAEMAR6,0
D,DISPATCH,UNIT_SCADA,1,"2019/09/05 04:55:00",BRAEMAR7,0
D,DISPATCH,UNIT_SCADA,1,"2019/09/05 04:55:00",BROKENH1,0
D,DISPATCH,UNIT_SCADA,1,"2019/09/05 04:55:00",BW01,545.224980
D,DISPATCH,UNIT_SCADA,1,"2019/09/05 04:55:00",BW02,611.025020
D,DISPATCH,UNIT_SCADA,1,"2019/09/05 04:55:00",BW03,618.6250
D,DISPATCH,UNIT_SCADA,1,"2019/09/05 04:55:00",BW04,0
D,DISPATCH,UNIT_SCADA,1,"2019/09/05 04:55:00",CALL_B_1,349
D,DISPATCH,UNIT_SCADA,1,"2019/09/05 04:55:00",CALL_B_2,349.800020
D,DISPATCH,UNIT_SCADA,1,"2019/09/05 04:55:00",CETHANA,81.239880
D,DISPATCH,UNIT_SCADA,1,"2019/09/05 04:55:00",CG1,0
D,DISPATCH,UNIT_SCADA,1,"2019/09/05 04:55:00",CG2,0
D,DISPATCH,UNIT_SCADA,1,"2019/09/05 04:55:00",CG3,0
D,DISPATCH,UNIT_SCADA,1,"2019/09/05 04:55:00",CG4,0
D,DISPATCH,UNIT_SCADA,1,"2019/09/05 04:55:00",CHILDSF1,0
D,DISPATCH,UNIT_SCADA,1,"2019/09/05 04:55:00",CLARESF1,0
D,DISPATCH,UNIT_SCADA,1,"2019/09/05 04:55:00",CLEMGPWF,-0.288140
D,DISPATCH,UNIT_SCADA,1,"2019/09/05 04:55:00",CLERMSF1,0
D,DISPATCH,UNIT_SCADA,1,"2019/09/05 04:55:00",COLEASF1,0
D,DISPATCH,UNIT_SCADA,1,"2019/09/05 04:55:00",COOPGWF1,3.892430
D,DISPATCH,UNIT_SCADA,1,"2019/09/05 04:55:00",CPP_3,406.175020
D,DISPATCH,UNIT_SCADA,1,"2019/09/05 04:55:00",CPP_4,406.450010
D,DISPATCH,UNIT_SCADA,1,"2019/09/05 04:55:00",CPSA,141.177510
D,DISPATCH,UNIT_SCADA,1,"2019/09/05 04:55:00",CROOKWF2,10.343750
D,DISPATCH,UNIT_SCADA,1,"2019/09/05 04:55:00",CROWLWF1,1.970180
D,DISPATCH,UNIT_SCADA,1,"2019/09/05 04:55:00",CSPVPS1,0
D,DISPATCH,UNIT_SCADA,1,"2019/09/05 04:55:00",DALNTH01,0
D,DISPATCH,UNIT_SCADA,1,"2019/09/05 04:55:00",DALNTHL1,0.141910
D,DISPATCH,UNIT_SCADA,1,"2019/09/05 04:55:00",DARTM1,133.70
D,DISPATCH,UNIT_SCADA,1,"2019/09/05 04:55:00",DAYDSF1,0
D,DISPATCH,UNIT_SCADA,1,"2019/09/05 04:55:00",DDPS1,339.628110
D,DISPATCH,UNIT_SCADA,1,"2019/09/05 04:55:00",DDSF1,0
D,DISPATCH,UNIT_SCADA,1,"2019/09/05 04:55:00",DEVILS_G,57.1868
D,DISPATCH,UNIT_SCADA,1,"2019/09/05 04:55:00",DG_NSW1,0
D,DISPATCH,UNIT_SCADA,1,"2019/09/05 04:55:00",DG_QLD1,0
D,DISPATCH,UNIT_SCADA,1,"2019/09/05 04:55:00",DG_SA1,0
D,DISPATCH,UNIT_SCADA,1,"2019/09/05 04:55:00",DG_TAS1,0
D,DISPATCH,UNIT_SCADA,1,"2019/09/05 04:55:00",DG_VIC1,0
D,DISPATCH,UNIT_SCADA,1,"2019/09/05 04:55:00",DRYCGT1,0
D,DISPATCH,UNIT_SCADA,1,"2019/09/05 04:55:00",DRYCGT2,0
D,DISPATCH,UNIT_SCADA,1,"2019/09/05 04:55:00",DRYCGT3,0
D,DISPATCH,UNIT_SCADA,1,"2019/09/05 04:55:00",EILDON1,0
D,DISPATCH,UNIT_SCADA,1,"2019/09/05 04:55:00",EILDON2,0
D,DISPATCH,UNIT_SCADA,1,"2019/09/05 04:55:00",EMERASF1,0
D,DISPATCH,UNIT_SCADA,1,"2019/09/05 04:55:00",ER01,585.3501
D,DISPATCH,UNIT_SCADA,1,"2019/09/05 04:55:00",ER02,350.424930
D,DISPATCH,UNIT_SCADA,1,"2019/09/05 04:55:00",ER03,0
D,DISPATCH,UNIT_SCADA,1,"2019/09/05 04:55:00",ER04,577.449950
D,DISPATCH,UNIT_SCADA,1,"2019/09/05 04:55:00",FINLYSF1,0
D,DISPATCH,UNIT_SCADA,1,"2019/09/05 04:55:00",FISHER,45.93
D,DISPATCH,UNIT_SCADA,1,"2019/09/05 04:55:00",GANNBG1,0
D,DISPATCH,UNIT_SCADA,1,"2019/09/05 04:55:00",GANNBL1,10.008440
D,DISPATCH,UNIT_SCADA,1,"2019/09/05 04:55:00",GANNSF1,0
D,DISPATCH,UNIT_SCADA,1,"2019/09/05 04:55:00",GORDON,23.2512
D,DISPATCH,UNIT_SCADA,1,"2019/09/05 04:55:00",GSTONE1,196.349990
D,DISPATCH,UNIT_SCADA,1,"2019/09/05 04:55:00",GSTONE2,192.6750
D,DISPATCH,UNIT_SCADA,1,"2019/09/05 04:55:00",GSTONE3,0
D,DISPATCH,UNIT_SCADA,1,"2019/09/05 04:55:00",GSTONE4,201.0750
D,DISPATCH,UNIT_SCADA,1,"2019/09/05 04:55:00",GSTONE5,196.70
D,DISPATCH,UNIT_SCADA,1,"2019/09/05 04:55:00",GSTONE6,197.05
D,DISPATCH,UNIT_SCADA,1,"2019/09/05 04:55:00",GULLRSF1,0
D,DISPATCH,UNIT_SCADA,1,"2019/09/05 04:55:00",GULLRWF1,30.073970
D,DISPATCH,UNIT_SCADA,1,"2019/09/05 04:55:00",GUNNING1,4.786540
D,DISPATCH,UNIT_SCADA,1,"2019/09/05 04:55:00",GUTHEGA,0
D,DISPATCH,UNIT_SCADA,1,"2019/09/05 04:55:00",HALLWF1,-0.45
D,DISPATCH,UNIT_SCADA,1,"2019/09/05 04:55:00",HALLWF2,-0.35
D,DISPATCH,UNIT_SCADA,1,"2019/09/05 04:55:00",HAMISF1,0
D,DISPATCH,UNIT_SCADA,1,"2019/09/05 04:55:00",HAUGHT11,0
D,DISPATCH,UNIT_SCADA,1,"2019/09/05 04:55:00",HAYMSF1,0
D,DISPATCH,UNIT_SCADA,1,"2019/09/05 04:55:00",HDWF1,4.60
D,DISPATCH,UNIT_SCADA,1,"2019/09/05 04:55:00",HDWF2,2.30
D,DISPATCH,UNIT_SCADA,1,"2019/09/05 04:55:00",HDWF3,2.50
D,DISPATCH,UNIT_SCADA,1,"2019/09/05 04:55:00",HPRG1,11.20
D,DISPATCH,UNIT_SCADA,1,"2019/09/05 04:55:00",HPRL1,0
D,DISPATCH,UNIT_SCADA,1,"2019/09/05 04:55:00",HUMENSW,0
D,DISPATCH,UNIT_SCADA,1,"2019/09/05 04:55:00",HUMEV,25.80
D,DISPATCH,UNIT_SCADA,1,"2019/09/05 04:55:00",HVGTS,0
D,DISPATCH,UNIT_SCADA,1,"2019/09/05 04:55:00",JBUTTERS,44.38
D,DISPATCH,UNIT_SCADA,1,"2019/09/05 04:55:00",JLA01,0.10
D,DISPATCH,UNIT_SCADA,1,"2019/09/05 04:55:00",JLA02,0
D,DISPATCH,UNIT_SCADA,1,"2019/09/05 04:55:00",JLA03,0
D,DISPATCH,UNIT_SCADA,1,"2019/09/05 04:55:00",JLA04,0
D,DISPATCH,UNIT_SCADA,1,"2019/09/05 04:55:00",JLB01,0
D,DISPATCH,UNIT_SCADA,1,"2019/09/05 04:55:00",JLB02,0.10
D,DISPATCH,UNIT_SCADA,1,"2019/09/05 04:55:00",JLB03,0
D,DISPATCH,UNIT_SCADA,1,"2019/09/05 04:55:00",KAREEYA1,21.4450
D,DISPATCH,UNIT_SCADA,1,"2019/09/05 04:55:00",KAREEYA2,21.71
D,DISPATCH,UNIT_SCADA,1,"2019/09/05 04:55:00",KAREEYA3,0
D,DISPATCH,UNIT_SCADA,1,"2019/09/05 04:55:00",KAREEYA4,21.5075
D,DISPATCH,UNIT_SCADA,1,"2019/09/05 04:55:00",KARSF1,0
D,DISPATCH,UNIT_SCADA,1,"2019/09/05 04:55:00",KIATAWF1,9.60
D,DISPATCH,UNIT_SCADA,1,"2019/09/05 04:55:00",KPP_1,0
D,DISPATCH,UNIT_SCADA,1,"2019/09/05 04:55:00",KSP1,0
D,DISPATCH,UNIT_SCADA,1,"2019/09/05 04:55:00",LADBROK1,0
D,DISPATCH,UNIT_SCADA,1,"2019/09/05 04:55:00",LADBROK2,0
D,DISPATCH,UNIT_SCADA,1,"2019/09/05 04:55:00",LD01,347.475040
D,DISPATCH,UNIT_SCADA,1,"2019/09/05 04:55:00",LD02,320.7562
D,DISPATCH,UNIT_SCADA,1,"2019/09/05 04:55:00",LD03,345.093750
D,DISPATCH,UNIT_SCADA,1,"2019/09/05 04:55:00",LD04,346.762480
D,DISPATCH,UNIT_SCADA,1,"2019/09/05 04:55:00",LEM_WIL,82.479750
D,DISPATCH,UNIT_SCADA,1,"2019/09/05 04:55:00",LGAPWF1,34.59
D,DISPATCH,UNIT_SCADA,1,"2019/09/05 04:55:00",LILYSF1,0
D,DISPATCH,UNIT_SCADA,1,"2019/09/05 04:55:00",LI_WY_CA,136.457860
D,DISPATCH,UNIT_SCADA,1,"2019/09/05 04:55:00",LKBONNY2,23.895710
D,DISPATCH,UNIT_SCADA,1,"2019/09/05 04:55:00",LKBONNY3,5.526380
D,DISPATCH,UNIT_SCADA,1,"2019/09/05 04:55:00",LK_ECHO,0
D,DISPATCH,UNIT_SCADA,1,"2019/09/05 04:55:00",LNGS1,0
D,DISPATCH,UNIT_SCADA,1,"2019/09/05 04:55:00",LNGS2,0
D,DISPATCH,UNIT_SCADA,1,"2019/09/05 04:55:00",LONSDALE,0
D,DISPATCH,UNIT_SCADA,1,"2019/09/05 04:55:00",LOYYB1,536.088620
D,DISPATCH,UNIT_SCADA,1,"2019/09/05 04:55:00",LOYYB2,582.330380
D,DISPATCH,UNIT_SCADA,1,"2019/09/05 04:55:00",LYA1,0
D,DISPATCH,UNIT_SCADA,1,"2019/09/05 04:55:00",LYA2,0
D,DISPATCH,UNIT_SCADA,1,"2019/09/05 04:55:00",LYA3,561
D,DISPATCH,UNIT_SCADA,1,"2019/09/05 04:55:00",LYA4,540
D,DISPATCH,UNIT_SCADA,1,"2019/09/05 04:55:00",MACARTH1,70.598370
D,DISPATCH,UNIT_SCADA,1,"2019/09/05 04:55:00",MACKAYGT,0.2240
D,DISPATCH,UNIT_SCADA,1,"2019/09/05 04:55:00",MACKNTSH,89.010010
D,DISPATCH,UNIT_SCADA,1,"2019/09/05 04:55:00",MANSLR1,0
D,DISPATCH,UNIT_SCADA,1,"2019/09/05 04:55:00",MCKAY1,0.02
D,DISPATCH,UNIT_SCADA,1,"2019/09/05 04:55:00",MEADOWBK,24.950340
D,DISPATCH,UNIT_SCADA,1,"2019/09/05 04:55:00",MERCER01,11.9250
D,DISPATCH,UNIT_SCADA,1,"2019/09/05 04:55:00",MEWF1,40.953850
D,DISPATCH,UNIT_SCADA,1,"2019/09/05 04:55:00",MINTARO,0
D,DISPATCH,UNIT_SCADA,1,"2019/09/05 04:55:00",MOREESF1,0
D,DISPATCH,UNIT_SCADA,1,"2019/09/05 04:55:00",MORTLK11,124
D,DISPATCH,UNIT_SCADA,1,"2019/09/05 04:55:00",MORTLK12,0
D,DISPATCH,UNIT_SCADA,1,"2019/09/05 04:55:00",MP1,217.099980
D,DISPATCH,UNIT_SCADA,1,"2019/09/05 04:55:00",MP2,0
D,DISPATCH,UNIT_SCADA,1,"2019/09/05 04:55:00",MPP_1,401
D,DISPATCH,UNIT_SCADA,1,"2019/09/05 04:55:00",MPP_2,434.75
D,DISPATCH,UNIT_SCADA,1,"2019/09/05 04:55:00",MSTUART1,0
D,DISPATCH,UNIT_SCADA,1,"2019/09/05 04:55:00",MSTUART2,0
D,DISPATCH,UNIT_SCADA,1,"2019/09/05 04:55:00",MSTUART3,0
D,DISPATCH,UNIT_SCADA,1,"2019/09/05 04:55:00",MTGELWF1,10.507520
D,DISPATCH,UNIT_SCADA,1,"2019/09/05 04:55:00",MURRAY,0
D,DISPATCH,UNIT_SCADA,1,"2019/09/05 04:55:00",MUSSELR1,26.40
D,DISPATCH,UNIT_SCADA,1,"2019/09/05 04:55:00",MUWAWF1,9.89
D,DISPATCH,UNIT_SCADA,1,"2019/09/05 04:55:00",NBHWF1,0.10
D,DISPATCH,UNIT_SCADA,1,"2019/09/05 04:55:00",NPS,102
D,DISPATCH,UNIT_SCADA,1,"2019/09/05 04:55:00",NUMURSF1,0
D,DISPATCH,UNIT_SCADA,1,"2019/09/05 04:55:00",NYNGAN1,0
D,DISPATCH,UNIT_SCADA,1,"2019/09/05 04:55:00",OAKEY1,0
D,DISPATCH,UNIT_SCADA,1,"2019/09/05 04:55:00",OAKEY1SF,0
D,DISPATCH,UNIT_SCADA,1,"2019/09/05 04:55:00",OAKEY2,0
D,DISPATCH,UNIT_SCADA,1,"2019/09/05 04:55:00",OAKEY2SF,0
D,DISPATCH,UNIT_SCADA,1,"2019/09/05 04:55:00",OAKLAND1,-0.20
D,DISPATCH,UNIT_SCADA,1,"2019/09/05 04:55:00",OSB-AG,140.02
D,DISPATCH,UNIT_SCADA,1,"2019/09/05 04:55:00",PARSF1,0
D,DISPATCH,UNIT_SCADA,1,"2019/09/05 04:55:00",POAT110,0
D,DISPATCH,UNIT_SCADA,1,"2019/09/05 04:55:00",POAT220,2.87
D,DISPATCH,UNIT_SCADA,1,"2019/09/05 04:55:00",POR01,0
D,DISPATCH,UNIT_SCADA,1,"2019/09/05 04:55:00",POR03,0
D,DISPATCH,UNIT_SCADA,1,"2019/09/05 04:55:00",PPCCGT,354.750490
D,DISPATCH,UNIT_SCADA,1,"2019/09/05 04:55:00",PTSTAN1,0
D,DISPATCH,UNIT_SCADA,1,"2019/09/05 04:55:00",PUMP1,0
D,DISPATCH,UNIT_SCADA,1,"2019/09/05 04:55:00",PUMP2,0
D,DISPATCH,UNIT_SCADA,1,"2019/09/05 04:55:00",QPS1,0
D,DISPATCH,UNIT_SCADA,1,"2019/09/05 04:55:00",QPS2,0
D,DISPATCH,UNIT_SCADA,1,"2019/09/05 04:55:00",QPS3,0
D,DISPATCH,UNIT_SCADA,1,"2019/09/05 04:55:00",QPS4,0
D,DISPATCH,UNIT_SCADA,1,"2019/09/05 04:55:00",QPS5,0
D,DISPATCH,UNIT_SCADA,1,"2019/09/05 04:55:00",REECE1,102.300010
D,DISPATCH,UNIT_SCADA,1,"2019/09/05 04:55:00",REECE2,102.500010
D,DISPATCH,UNIT_SCADA,1,"2019/09/05 04:55:00",ROMA_7,0
D,DISPATCH,UNIT_SCADA,1,"2019/09/05 04:55:00",ROMA_8,0
D,DISPATCH,UNIT_SCADA,1,"2019/09/05 04:55:00",RRSF1,0
D,DISPATCH,UNIT_SCADA,1,"2019/09/05 04:55:00",RT_NSW1,0
D,DISPATCH,UNIT_SCADA,1,"2019/09/05 04:55:00",RT_NSW2,0
D,DISPATCH,UNIT_SCADA,1,"2019/09/05 04:55:00",RT_NSW3,0
D,DISPATCH,UNIT_SCADA,1,"2019/09/05 04:55:00",RT_NSW4,0
D,DISPATCH,UNIT_SCADA,1,"2019/09/05 04:55:00",RT_NSW5,0
D,DISPATCH,UNIT_SCADA,1,"2019/09/05 04:55:00",RT_NSW6,0
D,DISPATCH,UNIT_SCADA,1,"2019/09/05 04:55:00",RT_QLD1,0
D,DISPATCH,UNIT_SCADA,1,"2019/09/05 04:55:00",RT_SA1,0
D,DISPATCH,UNIT_SCADA,1,"2019/09/05 04:55:00",RT_SA2,0
D,DISPATCH,UNIT_SCADA,1,"2019/09/05 04:55:00",RT_SA3,0
D,DISPATCH,UNIT_SCADA,1,"2019/09/05 04:55:00",RT_SA4,0
D,DISPATCH,UNIT_SCADA,1,"2019/09/05 04:55:00",RT_SA5,0
D,DISPATCH,UNIT_SCADA,1,"2019/09/05 04:55:00",RT_SA6,0
D,DISPATCH,UNIT_SCADA,1,"2019/09/05 04:55:00",RT_TAS1,0
D,DISPATCH,UNIT_SCADA,1,"2019/09/05 04:55:00",RT_VIC1,0
D,DISPATCH,UNIT_SCADA,1,"2019/09/05 04:55:00",RT_VIC10,0
D,DISPATCH,UNIT_SCADA,1,"2019/09/05 04:55:00",RT_VIC11,0
D,DISPATCH,UNIT_SCADA,1,"2019/09/05 04:55:00",RT_VIC12,0
D,DISPATCH,UNIT_SCADA,1,"2019/09/05 04:55:00",RT_VIC2,0
D,DISPATCH,UNIT_SCADA,1,"2019/09/05 04:55:00",RT_VIC3,0
D,DISPATCH,UNIT_SCADA,1,"2019/09/05 04:55:00",RT_VIC4,0
D,DISPATCH,UNIT_SCADA,1,"2019/09/05 04:55:00",RT_VIC5,0
D,DISPATCH,UNIT_SCADA,1,"2019/09/05 04:55:00",RT_VIC6,0
D,DISPATCH,UNIT_SCADA,1,"2019/09/05 04:55:00",RT_VIC7,0
D,DISPATCH,UNIT_SCADA,1,"2019/09/05 04:55:00",RT_VIC8,0
D,DISPATCH,UNIT_SCADA,1,"2019/09/05 04:55:00",RT_VIC9,0
D,DISPATCH,UNIT_SCADA,1,"2019/09/05 04:55:00",RUGBYR1,0
D,DISPATCH,UNIT_SCADA,1,"2019/09/05 04:55:00",SALTCRK1,4.93
D,DISPATCH,UNIT_SCADA,1,"2019/09/05 04:55:00",SAPHWF1,-2.428130
D,DISPATCH,UNIT_SCADA,1,"2019/09/05 04:55:00",SHGEN,0
D,DISPATCH,UNIT_SCADA,1,"2019/09/05 04:55:00",SHPUMP,157.473680
D,DISPATCH,UNIT_SCADA,1,"2019/09/05 04:55:00",SITHE01,0.214140
D,DISPATCH,UNIT_SCADA,1,"2019/09/05 04:55:00",SMCSF1,0
D,DISPATCH,UNIT_SCADA,1,"2019/09/05 04:55:00",SNOWNTH1,1.10
D,DISPATCH,UNIT_SCADA,1,"2019/09/05 04:55:00",SNOWSTH1,0.40
D,DISPATCH,UNIT_SCADA,1,"2019/09/05 04:55:00",SNOWTWN1,-0.349240
D,DISPATCH,UNIT_SCADA,1,"2019/09/05 04:55:00",SNOWYP,0
D,DISPATCH,UNIT_SCADA,1,"2019/09/05 04:55:00",SNUG1,0.019440
D,DISPATCH,UNIT_SCADA,1,"2019/09/05 04:55:00",SRSF1,0
D,DISPATCH,UNIT_SCADA,1,"2019/09/05 04:55:00",STAN-1,221.530040
D,DISPATCH,UNIT_SCADA,1,"2019/09/05 04:55:00",STAN-2,249.742020
D,DISPATCH,UNIT_SCADA,1,"2019/09/05 04:55:00",STAN-3,249.203670
D,DISPATCH,UNIT_SCADA,1,"2019/09/05 04:55:00",STAN-4,249.742020
D,DISPATCH,UNIT_SCADA,1,"2019/09/05 04:55:00",STWF1,170.493760
D,DISPATCH,UNIT_SCADA,1,"2019/09/05 04:55:00",SWAN_E,0
D,DISPATCH,UNIT_SCADA,1,"2019/09/05 04:55:00",TALWA1,366
D,DISPATCH,UNIT_SCADA,1,"2019/09/05 04:55:00",TARALGA1,15.056240
D,DISPATCH,UNIT_SCADA,1,"2019/09/05 04:55:00",TARONG#1,276.600010
D,DISPATCH,UNIT_SCADA,1,"2019/09/05 04:55:00",TARONG#2,0
D,DISPATCH,UNIT_SCADA,1,"2019/09/05 04:55:00",TARONG#3,260.600010
D,DISPATCH,UNIT_SCADA,1,"2019/09/05 04:55:00",TARONG#4,275.399990
D,DISPATCH,UNIT_SCADA,1,"2019/09/05 04:55:00",TARRALEA,70.80
D,DISPATCH,UNIT_SCADA,1,"2019/09/05 04:55:00",TBSF1,-0.20
D,DISPATCH,UNIT_SCADA,1,"2019/09/05 04:55:00",TNPS1,379.600010
D,DISPATCH,UNIT_SCADA,1,"2019/09/05 04:55:00",TORRA1,56.408730
D,DISPATCH,UNIT_SCADA,1,"2019/09/05 04:55:00",TORRA2,0
D,DISPATCH,UNIT_SCADA,1,"2019/09/05 04:55:00",TORRA3,0
D,DISPATCH,UNIT_SCADA,1,"2019/09/05 04:55:00",TORRA4,52.994380
D,DISPATCH,UNIT_SCADA,1,"2019/09/05 04:55:00",TORRB1,75
D,DISPATCH,UNIT_SCADA,1,"2019/09/05 04:55:00",TORRB2,74.85
D,DISPATCH,UNIT_SCADA,1,"2019/09/05 04:55:00",TORRB3,73.13
D,DISPATCH,UNIT_SCADA,1,"2019/09/05 04:55:00",TORRB4,0
D,DISPATCH,UNIT_SCADA,1,"2019/09/05 04:55:00",TREVALLN,2.50
D,DISPATCH,UNIT_SCADA,1,"2019/09/05 04:55:00",TRIBUTE,0
D,DISPATCH,UNIT_SCADA,1,"2019/09/05 04:55:00",TUMUT3,0
D,DISPATCH,UNIT_SCADA,1,"2019/09/05 04:55:00",TUNGATIN,119.370030
D,DISPATCH,UNIT_SCADA,1,"2019/09/05 04:55:00",TVCC201,0
D,DISPATCH,UNIT_SCADA,1,"2019/09/05 04:55:00",TVPP104,0
D,DISPATCH,UNIT_SCADA,1,"2019/09/05 04:55:00",UPPTUMUT,0
D,DISPATCH,UNIT_SCADA,1,"2019/09/05 04:55:00",URANQ11,0
D,DISPATCH,UNIT_SCADA,1,"2019/09/05 04:55:00",URANQ12,0
D,DISPATCH,UNIT_SCADA,1,"2019/09/05 04:55:00",URANQ13,0
D,DISPATCH,UNIT_SCADA,1,"2019/09/05 04:55:00",URANQ14,0
D,DISPATCH,UNIT_SCADA,1,"2019/09/05 04:55:00",VP5,632.50
D,DISPATCH,UNIT_SCADA,1,"2019/09/05 04:55:00",VP6,0
D,DISPATCH,UNIT_SCADA,1,"2019/09/05 04:55:00",VPGS1,0
D,DISPATCH,UNIT_SCADA,1,"2019/09/05 04:55:00",VPGS2,0
D,DISPATCH,UNIT_SCADA,1,"2019/09/05 04:55:00",VPGS3,0
D,DISPATCH,UNIT_SCADA,1,"2019/09/05 04:55:00",VPGS4,0
D,DISPATCH,UNIT_SCADA,1,"2019/09/05 04:55:00",VPGS5,0
D,DISPATCH,UNIT_SCADA,1,"2019/09/05 04:55:00",VPGS6,0
D,DISPATCH,UNIT_SCADA,1,"2019/09/05 04:55:00",W/HOE#1,0
D,DISPATCH,UNIT_SCADA,1,"2019/09/05 04:55:00",W/HOE#2,0
D,DISPATCH,UNIT_SCADA,1,"2019/09/05 04:55:00",WATERLWF,6
D,DISPATCH,UNIT_SCADA,1,"2019/09/05 04:55:00",WEMENSF1,0
D,DISPATCH,UNIT_SCADA,1,"2019/09/05 04:55:00",WGWF1,0
D,DISPATCH,UNIT_SCADA,1,"2019/09/05 04:55:00",WHITSF1,0
D,DISPATCH,UNIT_SCADA,1,"2019/09/05 04:55:00",WKIEWA1,26.10
D,DISPATCH,UNIT_SCADA,1,"2019/09/05 04:55:00",WKIEWA2,17.20
D,DISPATCH,UNIT_SCADA,1,"2019/09/05 04:55:00",WOODLWN1,3.0690
D,DISPATCH,UNIT_SCADA,1,"2019/09/05 04:55:00",WRSF1,0
D,DISPATCH,UNIT_SCADA,1,"2019/09/05 04:55:00",WRWF1,3.413750
D,DISPATCH,UNIT_SCADA,1,"2019/09/05 04:55:00",YABULU,0
D,DISPATCH,UNIT_SCADA,1,"2019/09/05 04:55:00",YABULU2,0
D,DISPATCH,UNIT_SCADA,1,"2019/09/05 04:55:00",YARWUN_1,166.11
D,DISPATCH,UNIT_SCADA,1,"2019/09/05 04:55:00",YENDWF1,-1.20
D,DISPATCH,UNIT_SCADA,1,"2019/09/05 04:55:00",YWPS1,380.450620
D,DISPATCH,UNIT_SCADA,1,"2019/09/05 04:55:00",YWPS2,277.941770
D,DISPATCH,UNIT_SCADA,1,"2019/09/05 04:55:00",YWPS3,316.200010
D,DISPATCH,UNIT_SCADA,1,"2019/09/05 04:55:00",YWPS4,385.358220
C,"END OF REPORT",335
