C,NEMP.WORLD,DISPATCHSCADA,AEMO,PUBLIC,2019/08/22,21:40:07,0000000311883112,DISPATCHSCADA,0000000311883106
I,DISPATCH,UNIT_SCADA,1,SETTLEMENTDATE,DUID,SCADAVALUE
D,DISPATCH,UNIT_SCADA,1,"2019/08/22 21:45:00",BARCSF1,0
D,DISPATCH,UNIT_SCADA,1,"2019/08/22 21:45:00",BUTLERSG,9.699999
D,DISPATCH,UNIT_SCADA,1,"2019/08/22 21:45:00",CALL_A_4,0
D,DISPATCH,UNIT_SCADA,1,"2019/08/22 21:45:00",CAPTL_WF,53.080002
D,DISPATCH,UNIT_SCADA,1,"2019/08/22 21:45:00",CATHROCK,3.36
D,DISPATCH,UNIT_SCADA,1,"2019/08/22 21:45:00",CHALLHWF,1.80
D,DISPATCH,UNIT_SCADA,1,"2019/08/22 21:45:00",CLOVER,-0.01
D,DISPATCH,UNIT_SCADA,1,"2019/08/22 21:45:00",CLUNY,20.216526
D,DISPATCH,UNIT_SCADA,1,"2019/08/22 21:45:00",CNUNDAWF,0
D,DISPATCH,UNIT_SCADA,1,"2019/08/22 21:45:00",CULLRGWF,4.67
D,DISPATCH,UNIT_SCADA,1,"2019/08/22 21:45:00",ERGT01,0
D,DISPATCH,UNIT_SCADA,1,"2019/08/22 21:45:00",GB01,0.068298
D,DISPATCH,UNIT_SCADA,1,"2019/08/22 21:45:00",GERMCRK,34.599998
D,DISPATCH,UNIT_SCADA,1,"2019/08/22 21:45:00",GRIFSF1,0
D,DISPATCH,UNIT_SCADA,1,"2019/08/22 21:45:00",HUGSF1,-0.2370
D,DISPATCH,UNIT_SCADA,1,"2019/08/22 21:45:00",LKBONNY1,-0.449338
D,DISPATCH,UNIT_SCADA,1,"2019/08/22 21:45:00",LRSF1,-0.0130
D,DISPATCH,UNIT_SCADA,1,"2019/08/22 21:45:00",MBAHNTH,43.856247
D,DISPATCH,UNIT_SCADA,1,"2019/08/22 21:45:00",MLSP1,0.180001
D,DISPATCH,UNIT_SCADA,1,"2019/08/22 21:45:00",MLWF1,1.20
D,DISPATCH,UNIT_SCADA,1,"2019/08/22 21:45:00",MTMILLAR,4.814528
D,DISPATCH,UNIT_SCADA,1,"2019/08/22 21:45:00",PALOONA,28.74
D,DISPATCH,UNIT_SCADA,1,"2019/08/22 21:45:00",PIONEER,46.400002
D,DISPATCH,UNIT_SCADA,1,"2019/08/22 21:45:00",PORTWF,-0.20
D,DISPATCH,UNIT_SCADA,1,"2019/08/22 21:45:00",REPULSE,28.954910
D,DISPATCH,UNIT_SCADA,1,"2019/08/22 21:45:00",ROWALLAN,10.3802
D,DISPATCH,UNIT_SCADA,1,"2019/08/22 21:45:00",ROYALLA1,0
D,DISPATCH,UNIT_SCADA,1,"2019/08/22 21:45:00",RPCG,12.70
D,DISPATCH,UNIT_SCADA,1,"2019/08/22 21:45:00",RUBICON,0
D,DISPATCH,UNIT_SCADA,1,"2019/08/22 21:45:00",SATGN1,0
D,DISPATCH,UNIT_SCADA,1,"2019/08/22 21:45:00",SATGS1,0
D,DISPATCH,UNIT_SCADA,1,"2019/08/22 21:45:00",STARHLWF,-0.099971
D,DISPATCH,UNIT_SCADA,1,"2019/08/22 21:45:00",WAUBRAWF,41.874001
D,DISPATCH,UNIT_SCADA,1,"2019/08/22 21:45:00",WOOLNTH1,34.270016
D,DISPATCH,UNIT_SCADA,1,"2019/08/22 21:45:00",WPWF,0
D,DISPATCH,UNIT_SCADA,1,"2019/08/22 21:45:00",YAMBUKWF,-0.20
D,DISPATCH,UNIT_SCADA,1,"2019/08/22 21:45:00",YSWF1,2
D,DISPATCH,UNIT_SCADA,1,"2019/08/22 21:45:00",AGLHAL,0
D,DISPATCH,UNIT_SCADA,1,"2019/08/22 21:45:00",AGLSOM,81.10
D,DISPATCH,UNIT_SCADA,1,"2019/08/22 21:45:00",ANGAST1,0
D,DISPATCH,UNIT_SCADA,1,"2019/08/22 21:45:00",ARWF1,39.30
D,DISPATCH,UNIT_SCADA,1,"2019/08/22 21:45:00",BALBG1,0
D,DISPATCH,UNIT_SCADA,1,"2019/08/22 21:45:00",BALBL1,0
D,DISPATCH,UNIT_SCADA,1,"2019/08/22 21:45:00",BALDHWF1,34.6810
D,DISPATCH,UNIT_SCADA,1,"2019/08/22 21:45:00",BANN1,0
D,DISPATCH,UNIT_SCADA,1,"2019/08/22 21:45:00",BARCALDN,0
D,DISPATCH,UNIT_SCADA,1,"2019/08/22 21:45:00",BARRON-1,0
D,DISPATCH,UNIT_SCADA,1,"2019/08/22 21:45:00",BARRON-2,29
D,DISPATCH,UNIT_SCADA,1,"2019/08/22 21:45:00",BASTYAN,77.09
D,DISPATCH,UNIT_SCADA,1,"2019/08/22 21:45:00",BBTHREE1,-2.15
D,DISPATCH,UNIT_SCADA,1,"2019/08/22 21:45:00",BBTHREE2,-2.18
D,DISPATCH,UNIT_SCADA,1,"2019/08/22 21:45:00",BBTHREE3,-1.23
D,DISPATCH,UNIT_SCADA,1,"2019/08/22 21:45:00",BDL01,42.78
D,DISPATCH,UNIT_SCADA,1,"2019/08/22 21:45:00",BDL02,45.54
D,DISPATCH,UNIT_SCADA,1,"2019/08/22 21:45:00",BERYLSF1,-0.179440
D,DISPATCH,UNIT_SCADA,1,"2019/08/22 21:45:00",BLOWERNG,0
D,DISPATCH,UNIT_SCADA,1,"2019/08/22 21:45:00",BLUFF1,-0.10
D,DISPATCH,UNIT_SCADA,1,"2019/08/22 21:45:00",BNGSF1,0
D,DISPATCH,UNIT_SCADA,1,"2019/08/22 21:45:00",BNGSF2,0
D,DISPATCH,UNIT_SCADA,1,"2019/08/22 21:45:00",BOCORWF1,58.69
D,DISPATCH,UNIT_SCADA,1,"2019/08/22 21:45:00",BODWF1,78.301910
D,DISPATCH,UNIT_SCADA,1,"2019/08/22 21:45:00",BRAEMAR1,37.60
D,DISPATCH,UNIT_SCADA,1,"2019/08/22 21:45:00",BRAEMAR2,0
D,DISPATCH,UNIT_SCADA,1,"2019/08/22 21:45:00",BRAEMAR3,0
D,DISPATCH,UNIT_SCADA,1,"2019/08/22 21:45:00",BRAEMAR5,0
D,DISPATCH,UNIT_SCADA,1,"2019/08/22 21:45:00",BRAEMAR6,0
D,DISPATCH,UNIT_SCADA,1,"2019/08/22 21:45:00",BRAEMAR7,160.058410
D,DISPATCH,UNIT_SCADA,1,"2019/08/22 21:45:00",BROKENH1,0
D,DISPATCH,UNIT_SCADA,1,"2019/08/22 21:45:00",BW01,658.75
D,DISPATCH,UNIT_SCADA,1,"2019/08/22 21:45:00",BW02,658.650020
D,DISPATCH,UNIT_SCADA,1,"2019/08/22 21:45:00",BW03,657.8750
D,DISPATCH,UNIT_SCADA,1,"2019/08/22 21:45:00",BW04,0
D,DISPATCH,UNIT_SCADA,1,"2019/08/22 21:45:00",CALL_B_1,0
D,DISPATCH,UNIT_SCADA,1,"2019/08/22 21:45:00",CALL_B_2,349.100010
D,DISPATCH,UNIT_SCADA,1,"2019/08/22 21:45:00",CETHANA,97.9450
D,DISPATCH,UNIT_SCADA,1,"2019/08/22 21:45:00",CG1,0
D,DISPATCH,UNIT_SCADA,1,"2019/08/22 21:45:00",CG2,0
D,DISPATCH,UNIT_SCADA,1,"2019/08/22 21:45:00",CG3,0
D,DISPATCH,UNIT_SCADA,1,"2019/08/22 21:45:00",CG4,0
D,DISPATCH,UNIT_SCADA,1,"2019/08/22 21:45:00",CHILDSF1,0
D,DISPATCH,UNIT_SCADA,1,"2019/08/22 21:45:00",CLARESF1,0
D,DISPATCH,UNIT_SCADA,1,"2019/08/22 21:45:00",CLEMGPWF,0.504250
D,DISPATCH,UNIT_SCADA,1,"2019/08/22 21:45:00",CLERMSF1,0
D,DISPATCH,UNIT_SCADA,1,"2019/08/22 21:45:00",COLEASF1,0
D,DISPATCH,UNIT_SCADA,1,"2019/08/22 21:45:00",COOPGWF1,35.434130
D,DISPATCH,UNIT_SCADA,1,"2019/08/22 21:45:00",CPP_3,406.725010
D,DISPATCH,UNIT_SCADA,1,"2019/08/22 21:45:00",CPP_4,406.175020
D,DISPATCH,UNIT_SCADA,1,"2019/08/22 21:45:00",CPSA,143.430630
D,DISPATCH,UNIT_SCADA,1,"2019/08/22 21:45:00",CROOKWF2,14.123750
D,DISPATCH,UNIT_SCADA,1,"2019/08/22 21:45:00",CROWLWF1,11.357180
D,DISPATCH,UNIT_SCADA,1,"2019/08/22 21:45:00",CSPVPS1,0
D,DISPATCH,UNIT_SCADA,1,"2019/08/22 21:45:00",DALNTH01,0
D,DISPATCH,UNIT_SCADA,1,"2019/08/22 21:45:00",DALNTHL1,0.062560
D,DISPATCH,UNIT_SCADA,1,"2019/08/22 21:45:00",DARTM1,134.600010
D,DISPATCH,UNIT_SCADA,1,"2019/08/22 21:45:00",DAYDSF1,0
D,DISPATCH,UNIT_SCADA,1,"2019/08/22 21:45:00",DDPS1,577.154360
D,DISPATCH,UNIT_SCADA,1,"2019/08/22 21:45:00",DDSF1,0
D,DISPATCH,UNIT_SCADA,1,"2019/08/22 21:45:00",DEVILS_G,0
D,DISPATCH,UNIT_SCADA,1,"2019/08/22 21:45:00",DG_NSW1,0
D,DISPATCH,UNIT_SCADA,1,"2019/08/22 21:45:00",DG_QLD1,0
D,DISPATCH,UNIT_SCADA,1,"2019/08/22 21:45:00",DG_SA1,0
D,DISPATCH,UNIT_SCADA,1,"2019/08/22 21:45:00",DG_TAS1,0
D,DISPATCH,UNIT_SCADA,1,"2019/08/22 21:45:00",DG_VIC1,0
D,DISPATCH,UNIT_SCADA,1,"2019/08/22 21:45:00",DRYCGT1,0
D,DISPATCH,UNIT_SCADA,1,"2019/08/22 21:45:00",DRYCGT2,0
D,DISPATCH,UNIT_SCADA,1,"2019/08/22 21:45:00",DRYCGT3,0
D,DISPATCH,UNIT_SCADA,1,"2019/08/22 21:45:00",EILDON1,0
D,DISPATCH,UNIT_SCADA,1,"2019/08/22 21:45:00",EILDON2,0
D,DISPATCH,UNIT_SCADA,1,"2019/08/22 21:45:00",EMERASF1,0
D,DISPATCH,UNIT_SCADA,1,"2019/08/22 21:45:00",ER01,593.574950
D,DISPATCH,UNIT_SCADA,1,"2019/08/22 21:45:00",ER02,699.75
D,DISPATCH,UNIT_SCADA,1,"2019/08/22 21:45:00",ER03,699.2251
D,DISPATCH,UNIT_SCADA,1,"2019/08/22 21:45:00",ER04,699.275020
D,DISPATCH,UNIT_SCADA,1,"2019/08/22 21:45:00",FINLYSF1,0
D,DISPATCH,UNIT_SCADA,1,"2019/08/22 21:45:00",FISHER,45.92
D,DISPATCH,UNIT_SCADA,1,"2019/08/22 21:45:00",GANNBG1,13.510850
D,DISPATCH,UNIT_SCADA,1,"2019/08/22 21:45:00",GANNBL1,0
D,DISPATCH,UNIT_SCADA,1,"2019/08/22 21:45:00",GANNSF1,0
D,DISPATCH,UNIT_SCADA,1,"2019/08/22 21:45:00",GORDON,121.487520
D,DISPATCH,UNIT_SCADA,1,"2019/08/22 21:45:00",GSTONE1,268.274990
D,DISPATCH,UNIT_SCADA,1,"2019/08/22 21:45:00",GSTONE2,230.1250
D,DISPATCH,UNIT_SCADA,1,"2019/08/22 21:45:00",GSTONE3,249.55
D,DISPATCH,UNIT_SCADA,1,"2019/08/22 21:45:00",GSTONE4,260.225010
D,DISPATCH,UNIT_SCADA,1,"2019/08/22 21:45:00",GSTONE5,267.225010
D,DISPATCH,UNIT_SCADA,1,"2019/08/22 21:45:00",GSTONE6,0
D,DISPATCH,UNIT_SCADA,1,"2019/08/22 21:45:00",GULLRSF1,0
D,DISPATCH,UNIT_SCADA,1,"2019/08/22 21:45:00",GULLRWF1,16.823790
D,DISPATCH,UNIT_SCADA,1,"2019/08/22 21:45:00",GUNNING1,3.291650
D,DISPATCH,UNIT_SCADA,1,"2019/08/22 21:45:00",GUTHEGA,0
D,DISPATCH,UNIT_SCADA,1,"2019/08/22 21:45:00",HALLWF1,22.29
D,DISPATCH,UNIT_SCADA,1,"2019/08/22 21:45:00",HALLWF2,13.18
D,DISPATCH,UNIT_SCADA,1,"2019/08/22 21:45:00",HAMISF1,0
D,DISPATCH,UNIT_SCADA,1,"2019/08/22 21:45:00",HAUGHT11,0
D,DISPATCH,UNIT_SCADA,1,"2019/08/22 21:45:00",HAYMSF1,0
D,DISPATCH,UNIT_SCADA,1,"2019/08/22 21:45:00",HDWF1,56
D,DISPATCH,UNIT_SCADA,1,"2019/08/22 21:45:00",HDWF2,32.70
D,DISPATCH,UNIT_SCADA,1,"2019/08/22 21:45:00",HDWF3,34.30
D,DISPATCH,UNIT_SCADA,1,"2019/08/22 21:45:00",HPRG1,16.40
D,DISPATCH,UNIT_SCADA,1,"2019/08/22 21:45:00",HPRL1,0
D,DISPATCH,UNIT_SCADA,1,"2019/08/22 21:45:00",HUMENSW,0
D,DISPATCH,UNIT_SCADA,1,"2019/08/22 21:45:00",HUMEV,9.90
D,DISPATCH,UNIT_SCADA,1,"2019/08/22 21:45:00",HVGTS,0
D,DISPATCH,UNIT_SCADA,1,"2019/08/22 21:45:00",JBUTTERS,141.849990
D,DISPATCH,UNIT_SCADA,1,"2019/08/22 21:45:00",JLA01,0.10
D,DISPATCH,UNIT_SCADA,1,"2019/08/22 21:45:00",JLA02,0
D,DISPATCH,UNIT_SCADA,1,"2019/08/22 21:45:00",JLA03,0.10
D,DISPATCH,UNIT_SCADA,1,"2019/08/22 21:45:00",JLA04,0.10
D,DISPATCH,UNIT_SCADA,1,"2019/08/22 21:45:00",JLB01,0
D,DISPATCH,UNIT_SCADA,1,"2019/08/22 21:45:00",JLB02,26.70
D,DISPATCH,UNIT_SCADA,1,"2019/08/22 21:45:00",JLB03,83.60
D,DISPATCH,UNIT_SCADA,1,"2019/08/22 21:45:00",KAREEYA1,21.5875
D,DISPATCH,UNIT_SCADA,1,"2019/08/22 21:45:00",KAREEYA2,21.7725
D,DISPATCH,UNIT_SCADA,1,"2019/08/22 21:45:00",KAREEYA3,0
D,DISPATCH,UNIT_SCADA,1,"2019/08/22 21:45:00",KAREEYA4,21.7050
D,DISPATCH,UNIT_SCADA,1,"2019/08/22 21:45:00",KARSF1,0
D,DISPATCH,UNIT_SCADA,1,"2019/08/22 21:45:00",KIATAWF1,8.50
D,DISPATCH,UNIT_SCADA,1,"2019/08/22 21:45:00",KPP_1,0
D,DISPATCH,UNIT_SCADA,1,"2019/08/22 21:45:00",KSP1,0
D,DISPATCH,UNIT_SCADA,1,"2019/08/22 21:45:00",LADBROK1,42.83
D,DISPATCH,UNIT_SCADA,1,"2019/08/22 21:45:00",LADBROK2,42.73
D,DISPATCH,UNIT_SCADA,1,"2019/08/22 21:45:00",LD01,415.949950
D,DISPATCH,UNIT_SCADA,1,"2019/08/22 21:45:00",LD02,418.6875
D,DISPATCH,UNIT_SCADA,1,"2019/08/22 21:45:00",LD03,417.637480
D,DISPATCH,UNIT_SCADA,1,"2019/08/22 21:45:00",LD04,376.162540
D,DISPATCH,UNIT_SCADA,1,"2019/08/22 21:45:00",LEM_WIL,86.099240
D,DISPATCH,UNIT_SCADA,1,"2019/08/22 21:45:00",LGAPWF1,2.28
D,DISPATCH,UNIT_SCADA,1,"2019/08/22 21:45:00",LILYSF1,0
D,DISPATCH,UNIT_SCADA,1,"2019/08/22 21:45:00",LI_WY_CA,148.8743
D,DISPATCH,UNIT_SCADA,1,"2019/08/22 21:45:00",LKBONNY2,-1.132240
D,DISPATCH,UNIT_SCADA,1,"2019/08/22 21:45:00",LKBONNY3,-0.113390
D,DISPATCH,UNIT_SCADA,1,"2019/08/22 21:45:00",LK_ECHO,0
D,DISPATCH,UNIT_SCADA,1,"2019/08/22 21:45:00",LNGS1,0
D,DISPATCH,UNIT_SCADA,1,"2019/08/22 21:45:00",LNGS2,0
D,DISPATCH,UNIT_SCADA,1,"2019/08/22 21:45:00",LONSDALE,0
D,DISPATCH,UNIT_SCADA,1,"2019/08/22 21:45:00",LOYYB1,536.088620
D,DISPATCH,UNIT_SCADA,1,"2019/08/22 21:45:00",LOYYB2,583.834170
D,DISPATCH,UNIT_SCADA,1,"2019/08/22 21:45:00",LYA1,561
D,DISPATCH,UNIT_SCADA,1,"2019/08/22 21:45:00",LYA2,0
D,DISPATCH,UNIT_SCADA,1,"2019/08/22 21:45:00",LYA3,561
D,DISPATCH,UNIT_SCADA,1,"2019/08/22 21:45:00",LYA4,540
D,DISPATCH,UNIT_SCADA,1,"2019/08/22 21:45:00",MACARTH1,0
D,DISPATCH,UNIT_SCADA,1,"2019/08/22 21:45:00",MACKAYGT,0
D,DISPATCH,UNIT_SCADA,1,"2019/08/22 21:45:00",MACKNTSH,86.540010
D,DISPATCH,UNIT_SCADA,1,"2019/08/22 21:45:00",MANSLR1,0
D,DISPATCH,UNIT_SCADA,1,"2019/08/22 21:45:00",MCKAY1,0.02
D,DISPATCH,UNIT_SCADA,1,"2019/08/22 21:45:00",MEADOWBK,33.810140
D,DISPATCH,UNIT_SCADA,1,"2019/08/22 21:45:00",MERCER01,3.3170
D,DISPATCH,UNIT_SCADA,1,"2019/08/22 21:45:00",MEWF1,0.5705
D,DISPATCH,UNIT_SCADA,1,"2019/08/22 21:45:00",MINTARO,0
D,DISPATCH,UNIT_SCADA,1,"2019/08/22 21:45:00",MOREESF1,0
D,DISPATCH,UNIT_SCADA,1,"2019/08/22 21:45:00",MORTLK11,124
D,DISPATCH,UNIT_SCADA,1,"2019/08/22 21:45:00",MORTLK12,0
D,DISPATCH,UNIT_SCADA,1,"2019/08/22 21:45:00",MP1,277.074950
D,DISPATCH,UNIT_SCADA,1,"2019/08/22 21:45:00",MP2,0
D,DISPATCH,UNIT_SCADA,1,"2019/08/22 21:45:00",MPP_1,385.75
D,DISPATCH,UNIT_SCADA,1,"2019/08/22 21:45:00",MPP_2,410.50
D,DISPATCH,UNIT_SCADA,1,"2019/08/22 21:45:00",MSTUART1,0
D,DISPATCH,UNIT_SCADA,1,"2019/08/22 21:45:00",MSTUART2,0
D,DISPATCH,UNIT_SCADA,1,"2019/08/22 21:45:00",MSTUART3,0
D,DISPATCH,UNIT_SCADA,1,"2019/08/22 21:45:00",MTGELWF1,6.126590
D,DISPATCH,UNIT_SCADA,1,"2019/08/22 21:45:00",MURRAY,287.823880
D,DISPATCH,UNIT_SCADA,1,"2019/08/22 21:45:00",MUSSELR1,2.20
D,DISPATCH,UNIT_SCADA,1,"2019/08/22 21:45:00",MUWAWF1,0.67
D,DISPATCH,UNIT_SCADA,1,"2019/08/22 21:45:00",NBHWF1,51.60
D,DISPATCH,UNIT_SCADA,1,"2019/08/22 21:45:00",NPS,508.50
D,DISPATCH,UNIT_SCADA,1,"2019/08/22 21:45:00",NUMURSF1,0
D,DISPATCH,UNIT_SCADA,1,"2019/08/22 21:45:00",NYNGAN1,0
D,DISPATCH,UNIT_SCADA,1,"2019/08/22 21:45:00",OAKEY1,0
D,DISPATCH,UNIT_SCADA,1,"2019/08/22 21:45:00",OAKEY1SF,0
D,DISPATCH,UNIT_SCADA,1,"2019/08/22 21:45:00",OAKEY2,0
D,DISPATCH,UNIT_SCADA,1,"2019/08/22 21:45:00",OAKLAND1,4.50
D,DISPATCH,UNIT_SCADA,1,"2019/08/22 21:45:00",OSB-AG,183.58
D,DISPATCH,UNIT_SCADA,1,"2019/08/22 21:45:00",PARSF1,0
D,DISPATCH,UNIT_SCADA,1,"2019/08/22 21:45:00",POAT110,0
D,DISPATCH,UNIT_SCADA,1,"2019/08/22 21:45:00",POAT220,22.487280
D,DISPATCH,UNIT_SCADA,1,"2019/08/22 21:45:00",POR01,0
D,DISPATCH,UNIT_SCADA,1,"2019/08/22 21:45:00",POR03,0
D,DISPATCH,UNIT_SCADA,1,"2019/08/22 21:45:00",PPCCGT,495.011350
D,DISPATCH,UNIT_SCADA,1,"2019/08/22 21:45:00",PTSTAN1,0
D,DISPATCH,UNIT_SCADA,1,"2019/08/22 21:45:00",PUMP1,0
D,DISPATCH,UNIT_SCADA,1,"2019/08/22 21:45:00",PUMP2,0
D,DISPATCH,UNIT_SCADA,1,"2019/08/22 21:45:00",QPS1,29.10
D,DISPATCH,UNIT_SCADA,1,"2019/08/22 21:45:00",QPS2,0
D,DISPATCH,UNIT_SCADA,1,"2019/08/22 21:45:00",QPS3,0
D,DISPATCH,UNIT_SCADA,1,"2019/08/22 21:45:00",QPS4,0
D,DISPATCH,UNIT_SCADA,1,"2019/08/22 21:45:00",QPS5,124.90
D,DISPATCH,UNIT_SCADA,1,"2019/08/22 21:45:00",REECE1,118.620010
D,DISPATCH,UNIT_SCADA,1,"2019/08/22 21:45:00",REECE2,118.940010
D,DISPATCH,UNIT_SCADA,1,"2019/08/22 21:45:00",ROMA_7,0
D,DISPATCH,UNIT_SCADA,1,"2019/08/22 21:45:00",ROMA_8,0
D,DISPATCH,UNIT_SCADA,1,"2019/08/22 21:45:00",RRSF1,0
D,DISPATCH,UNIT_SCADA,1,"2019/08/22 21:45:00",RT_NSW1,0
D,DISPATCH,UNIT_SCADA,1,"2019/08/22 21:45:00",RT_NSW2,0
D,DISPATCH,UNIT_SCADA,1,"2019/08/22 21:45:00",RT_NSW3,0
D,DISPATCH,UNIT_SCADA,1,"2019/08/22 21:45:00",RT_NSW4,0
D,DISPATCH,UNIT_SCADA,1,"2019/08/22 21:45:00",RT_NSW5,0
D,DISPATCH,UNIT_SCADA,1,"2019/08/22 21:45:00",RT_NSW6,0
D,DISPATCH,UNIT_SCADA,1,"2019/08/22 21:45:00",RT_QLD1,0
D,DISPATCH,UNIT_SCADA,1,"2019/08/22 21:45:00",RT_SA1,0
D,DISPATCH,UNIT_SCADA,1,"2019/08/22 21:45:00",RT_SA2,0
D,DISPATCH,UNIT_SCADA,1,"2019/08/22 21:45:00",RT_SA3,0
D,DISPATCH,UNIT_SCADA,1,"2019/08/22 21:45:00",RT_SA4,0
D,DISPATCH,UNIT_SCADA,1,"2019/08/22 21:45:00",RT_SA5,0
D,DISPATCH,UNIT_SCADA,1,"2019/08/22 21:45:00",RT_SA6,0
D,DISPATCH,UNIT_SCADA,1,"2019/08/22 21:45:00",RT_TAS1,0
D,DISPATCH,UNIT_SCADA,1,"2019/08/22 21:45:00",RT_VIC1,0
D,DISPATCH,UNIT_SCADA,1,"2019/08/22 21:45:00",RT_VIC10,0
D,DISPATCH,UNIT_SCADA,1,"2019/08/22 21:45:00",RT_VIC11,0
D,DISPATCH,UNIT_SCADA,1,"2019/08/22 21:45:00",RT_VIC12,0
D,DISPATCH,UNIT_SCADA,1,"2019/08/22 21:45:00",RT_VIC2,0
D,DISPATCH,UNIT_SCADA,1,"2019/08/22 21:45:00",RT_VIC3,0
D,DISPATCH,UNIT_SCADA,1,"2019/08/22 21:45:00",RT_VIC4,0
D,DISPATCH,UNIT_SCADA,1,"2019/08/22 21:45:00",RT_VIC5,0
D,DISPATCH,UNIT_SCADA,1,"2019/08/22 21:45:00",RT_VIC6,0
D,DISPATCH,UNIT_SCADA,1,"2019/08/22 21:45:00",RT_VIC7,0
D,DISPATCH,UNIT_SCADA,1,"2019/08/22 21:45:00",RT_VIC8,0
D,DISPATCH,UNIT_SCADA,1,"2019/08/22 21:45:00",RT_VIC9,0
D,DISPATCH,UNIT_SCADA,1,"2019/08/22 21:45:00",RUGBYR1,0
D,DISPATCH,UNIT_SCADA,1,"2019/08/22 21:45:00",SALTCRK1,-0.31
D,DISPATCH,UNIT_SCADA,1,"2019/08/22 21:45:00",SAPHWF1,62.859410
D,DISPATCH,UNIT_SCADA,1,"2019/08/22 21:45:00",SHGEN,52.094790
D,DISPATCH,UNIT_SCADA,1,"2019/08/22 21:45:00",SHPUMP,0
D,DISPATCH,UNIT_SCADA,1,"2019/08/22 21:45:00",SITHE01,0.214140
D,DISPATCH,UNIT_SCADA,1,"2019/08/22 21:45:00",SMCSF1,0
D,DISPATCH,UNIT_SCADA,1,"2019/08/22 21:45:00",SNOWNTH1,10.40
D,DISPATCH,UNIT_SCADA,1,"2019/08/22 21:45:00",SNOWSTH1,9.50
D,DISPATCH,UNIT_SCADA,1,"2019/08/22 21:45:00",SNOWTWN1,9.147570
D,DISPATCH,UNIT_SCADA,1,"2019/08/22 21:45:00",SNOWYP,0
D,DISPATCH,UNIT_SCADA,1,"2019/08/22 21:45:00",SNUG1,0.019440
D,DISPATCH,UNIT_SCADA,1,"2019/08/22 21:45:00",SRSF1,0
D,DISPATCH,UNIT_SCADA,1,"2019/08/22 21:45:00",STAN-1,0
D,DISPATCH,UNIT_SCADA,1,"2019/08/22 21:45:00",STAN-2,347.593110
D,DISPATCH,UNIT_SCADA,1,"2019/08/22 21:45:00",STAN-3,345.196170
D,DISPATCH,UNIT_SCADA,1,"2019/08/22 21:45:00",STAN-4,362.423310
D,DISPATCH,UNIT_SCADA,1,"2019/08/22 21:45:00",STWF1,162.0675
D,DISPATCH,UNIT_SCADA,1,"2019/08/22 21:45:00",SWAN_E,0
D,DISPATCH,UNIT_SCADA,1,"2019/08/22 21:45:00",TALWA1,424
D,DISPATCH,UNIT_SCADA,1,"2019/08/22 21:45:00",TARALGA1,13.267490
D,DISPATCH,UNIT_SCADA,1,"2019/08/22 21:45:00",TARONG#1,347.200010
D,DISPATCH,UNIT_SCADA,1,"2019/08/22 21:45:00",TARONG#2,348.50
D,DISPATCH,UNIT_SCADA,1,"2019/08/22 21:45:00",TARONG#3,259.899990
D,DISPATCH,UNIT_SCADA,1,"2019/08/22 21:45:00",TARONG#4,348.899990
D,DISPATCH,UNIT_SCADA,1,"2019/08/22 21:45:00",TARRALEA,83.80
D,DISPATCH,UNIT_SCADA,1,"2019/08/22 21:45:00",TBSF1,-0.20
D,DISPATCH,UNIT_SCADA,1,"2019/08/22 21:45:00",TNPS1,442.300020
D,DISPATCH,UNIT_SCADA,1,"2019/08/22 21:45:00",TORRA1,118.094110
D,DISPATCH,UNIT_SCADA,1,"2019/08/22 21:45:00",TORRA2,0
D,DISPATCH,UNIT_SCADA,1,"2019/08/22 21:45:00",TORRA3,47.998440
D,DISPATCH,UNIT_SCADA,1,"2019/08/22 21:45:00",TORRA4,110.564490
D,DISPATCH,UNIT_SCADA,1,"2019/08/22 21:45:00",TORRB1,131.960010
D,DISPATCH,UNIT_SCADA,1,"2019/08/22 21:45:00",TORRB2,199.56
D,DISPATCH,UNIT_SCADA,1,"2019/08/22 21:45:00",TORRB3,0
D,DISPATCH,UNIT_SCADA,1,"2019/08/22 21:45:00",TORRB4,0
D,DISPATCH,UNIT_SCADA,1,"2019/08/22 21:45:00",TREVALLN,88.460040
D,DISPATCH,UNIT_SCADA,1,"2019/08/22 21:45:00",TRIBUTE,84.15
D,DISPATCH,UNIT_SCADA,1,"2019/08/22 21:45:00",TUMUT3,0
D,DISPATCH,UNIT_SCADA,1,"2019/08/22 21:45:00",TUNGATIN,139.650040
D,DISPATCH,UNIT_SCADA,1,"2019/08/22 21:45:00",TVCC201,0
D,DISPATCH,UNIT_SCADA,1,"2019/08/22 21:45:00",TVPP104,57.826560
D,DISPATCH,UNIT_SCADA,1,"2019/08/22 21:45:00",UPPTUMUT,508.116580
D,DISPATCH,UNIT_SCADA,1,"2019/08/22 21:45:00",URANQ11,0
D,DISPATCH,UNIT_SCADA,1,"2019/08/22 21:45:00",URANQ12,0
D,DISPATCH,UNIT_SCADA,1,"2019/08/22 21:45:00",URANQ13,0
D,DISPATCH,UNIT_SCADA,1,"2019/08/22 21:45:00",URANQ14,0
D,DISPATCH,UNIT_SCADA,1,"2019/08/22 21:45:00",VP5,628.75
D,DISPATCH,UNIT_SCADA,1,"2019/08/22 21:45:00",VP6,620.325010
D,DISPATCH,UNIT_SCADA,1,"2019/08/22 21:45:00",VPGS1,0
D,DISPATCH,UNIT_SCADA,1,"2019/08/22 21:45:00",VPGS2,0
D,DISPATCH,UNIT_SCADA,1,"2019/08/22 21:45:00",VPGS3,0
D,DISPATCH,UNIT_SCADA,1,"2019/08/22 21:45:00",VPGS4,0
D,DISPATCH,UNIT_SCADA,1,"2019/08/22 21:45:00",VPGS5,0
D,DISPATCH,UNIT_SCADA,1,"2019/08/22 21:45:00",VPGS6,0
D,DISPATCH,UNIT_SCADA,1,"2019/08/22 21:45:00",W/HOE#1,0
D,DISPATCH,UNIT_SCADA,1,"2019/08/22 21:45:00",W/HOE#2,0
D,DISPATCH,UNIT_SCADA,1,"2019/08/22 21:45:00",WATERLWF,4.70
D,DISPATCH,UNIT_SCADA,1,"2019/08/22 21:45:00",WEMENSF1,0
D,DISPATCH,UNIT_SCADA,1,"2019/08/22 21:45:00",WGWF1,5.10
D,DISPATCH,UNIT_SCADA,1,"2019/08/22 21:45:00",WHITSF1,0
D,DISPATCH,UNIT_SCADA,1,"2019/08/22 21:45:00",WKIEWA1,32.10
D,DISPATCH,UNIT_SCADA,1,"2019/08/22 21:45:00",WKIEWA2,32
D,DISPATCH,UNIT_SCADA,1,"2019/08/22 21:45:00",WOODLWN1,19.907990
D,DISPATCH,UNIT_SCADA,1,"2019/08/22 21:45:00",WRSF1,0
D,DISPATCH,UNIT_SCADA,1,"2019/08/22 21:45:00",WRWF1,12.096250
D,DISPATCH,UNIT_SCADA,1,"2019/08/22 21:45:00",YABULU,0
D,DISPATCH,UNIT_SCADA,1,"2019/08/22 21:45:00",YABULU2,0
D,DISPATCH,UNIT_SCADA,1,"2019/08/22 21:45:00",YARWUN_1,0
D,DISPATCH,UNIT_SCADA,1,"2019/08/22 21:45:00",YENDWF1,7.28
D,DISPATCH,UNIT_SCADA,1,"2019/08/22 21:45:00",YWPS1,325.562010
D,DISPATCH,UNIT_SCADA,1,"2019/08/22 21:45:00",YWPS2,277.691130
D,DISPATCH,UNIT_SCADA,1,"2019/08/22 21:45:00",YWPS3,0
D,DISPATCH,UNIT_SCADA,1,"2019/08/22 21:45:00",YWPS4,392.415190
C,"END OF REPORT",334
