C,NEMP.WORLD,DISPATCHSCADA,AEMO,PUBLIC,2019/08/21,19:55:08,0000000311839111,DISPATCHSCADA,0000000311839105
I,DISPATCH,UNIT_SCADA,1,SETTLEMENTDATE,DUID,SCADAVALUE
D,DISPATCH,UNIT_SCADA,1,"2019/08/21 20:00:00",BARCSF1,0.70
D,DISPATCH,UNIT_SCADA,1,"2019/08/21 20:00:00",BUTLERSG,9.599998
D,DISPATCH,UNIT_SCADA,1,"2019/08/21 20:00:00",CALL_A_4,0
D,DISPATCH,UNIT_SCADA,1,"2019/08/21 20:00:00",CAPTL_WF,128.907990
D,DISPATCH,UNIT_SCADA,1,"2019/08/21 20:00:00",CATHROCK,40.669998
D,DISPATCH,UNIT_SCADA,1,"2019/08/21 20:00:00",CHALLHWF,42.700001
D,DISPATCH,UNIT_SCADA,1,"2019/08/21 20:00:00",CLOVER,0
D,DISPATCH,UNIT_SCADA,1,"2019/08/21 20:00:00",CLUNY,20.082857
D,DISPATCH,UNIT_SCADA,1,"2019/08/21 20:00:00",CNUNDAWF,41.348236
D,DISPATCH,UNIT_SCADA,1,"2019/08/21 20:00:00",CULLRGWF,30.209999
D,DISPATCH,UNIT_SCADA,1,"2019/08/21 20:00:00",ERGT01,0
D,DISPATCH,UNIT_SCADA,1,"2019/08/21 20:00:00",GB01,0.069134
D,DISPATCH,UNIT_SCADA,1,"2019/08/21 20:00:00",GERMCRK,36.400002
D,DISPATCH,UNIT_SCADA,1,"2019/08/21 20:00:00",GRIFSF1,0
D,DISPATCH,UNIT_SCADA,1,"2019/08/21 20:00:00",HUGSF1,-0.2430
D,DISPATCH,UNIT_SCADA,1,"2019/08/21 20:00:00",LKBONNY1,68.946831
D,DISPATCH,UNIT_SCADA,1,"2019/08/21 20:00:00",LRSF1,0.0390
D,DISPATCH,UNIT_SCADA,1,"2019/08/21 20:00:00",MBAHNTH,55.856247
D,DISPATCH,UNIT_SCADA,1,"2019/08/21 20:00:00",MLSP1,0.271001
D,DISPATCH,UNIT_SCADA,1,"2019/08/21 20:00:00",MLWF1,17.5350
D,DISPATCH,UNIT_SCADA,1,"2019/08/21 20:00:00",MTMILLAR,16.936424
D,DISPATCH,UNIT_SCADA,1,"2019/08/21 20:00:00",PALOONA,23.74
D,DISPATCH,UNIT_SCADA,1,"2019/08/21 20:00:00",PIONEER,28.200001
D,DISPATCH,UNIT_SCADA,1,"2019/08/21 20:00:00",PORTWF,141.100006
D,DISPATCH,UNIT_SCADA,1,"2019/08/21 20:00:00",REPULSE,28.530098
D,DISPATCH,UNIT_SCADA,1,"2019/08/21 20:00:00",ROWALLAN,10.3802
D,DISPATCH,UNIT_SCADA,1,"2019/08/21 20:00:00",ROYALLA1,0
D,DISPATCH,UNIT_SCADA,1,"2019/08/21 20:00:00",RPCG,12
D,DISPATCH,UNIT_SCADA,1,"2019/08/21 20:00:00",RUBICON,0
D,DISPATCH,UNIT_SCADA,1,"2019/08/21 20:00:00",SATGN1,0
D,DISPATCH,UNIT_SCADA,1,"2019/08/21 20:00:00",SATGS1,0
D,DISPATCH,UNIT_SCADA,1,"2019/08/21 20:00:00",STARHLWF,18.894491
D,DISPATCH,UNIT_SCADA,1,"2019/08/21 20:00:00",WAUBRAWF,180.339005
D,DISPATCH,UNIT_SCADA,1,"2019/08/21 20:00:00",WOOLNTH1,131.640015
D,DISPATCH,UNIT_SCADA,1,"2019/08/21 20:00:00",WPWF,68
D,DISPATCH,UNIT_SCADA,1,"2019/08/21 20:00:00",YAMBUKWF,29.50
D,DISPATCH,UNIT_SCADA,1,"2019/08/21 20:00:00",YSWF1,28.40
D,DISPATCH,UNIT_SCADA,1,"2019/08/21 20:00:00",AGLHAL,0
D,DISPATCH,UNIT_SCADA,1,"2019/08/21 20:00:00",AGLSOM,0
D,DISPATCH,UNIT_SCADA,1,"2019/08/21 20:00:00",ANGAST1,0
D,DISPATCH,UNIT_SCADA,1,"2019/08/21 20:00:00",ARWF1,139.099990
D,DISPATCH,UNIT_SCADA,1,"2019/08/21 20:00:00",BALBG1,0
D,DISPATCH,UNIT_SCADA,1,"2019/08/21 20:00:00",BALBL1,0
D,DISPATCH,UNIT_SCADA,1,"2019/08/21 20:00:00",BALDHWF1,101.199010
D,DISPATCH,UNIT_SCADA,1,"2019/08/21 20:00:00",BANN1,0
D,DISPATCH,UNIT_SCADA,1,"2019/08/21 20:00:00",BARCALDN,0
D,DISPATCH,UNIT_SCADA,1,"2019/08/21 20:00:00",BARRON-1,0
D,DISPATCH,UNIT_SCADA,1,"2019/08/21 20:00:00",BARRON-2,27.80
D,DISPATCH,UNIT_SCADA,1,"2019/08/21 20:00:00",BASTYAN,78.12
D,DISPATCH,UNIT_SCADA,1,"2019/08/21 20:00:00",BBTHREE1,-2.07
D,DISPATCH,UNIT_SCADA,1,"2019/08/21 20:00:00",BBTHREE2,-2.07
D,DISPATCH,UNIT_SCADA,1,"2019/08/21 20:00:00",BBTHREE3,-1.17
D,DISPATCH,UNIT_SCADA,1,"2019/08/21 20:00:00",BDL01,-0.18
D,DISPATCH,UNIT_SCADA,1,"2019/08/21 20:00:00",BDL02,0
D,DISPATCH,UNIT_SCADA,1,"2019/08/21 20:00:00",BERYLSF1,0
D,DISPATCH,UNIT_SCADA,1,"2019/08/21 20:00:00",BLOWERNG,0
D,DISPATCH,UNIT_SCADA,1,"2019/08/21 20:00:00",BLUFF1,20.80
D,DISPATCH,UNIT_SCADA,1,"2019/08/21 20:00:00",BNGSF1,0
D,DISPATCH,UNIT_SCADA,1,"2019/08/21 20:00:00",BNGSF2,0
D,DISPATCH,UNIT_SCADA,1,"2019/08/21 20:00:00",BOCORWF1,107.80
D,DISPATCH,UNIT_SCADA,1,"2019/08/21 20:00:00",BODWF1,60.642140
D,DISPATCH,UNIT_SCADA,1,"2019/08/21 20:00:00",BRAEMAR1,0
D,DISPATCH,UNIT_SCADA,1,"2019/08/21 20:00:00",BRAEMAR2,109.80
D,DISPATCH,UNIT_SCADA,1,"2019/08/21 20:00:00",BRAEMAR3,0
D,DISPATCH,UNIT_SCADA,1,"2019/08/21 20:00:00",BRAEMAR5,0
D,DISPATCH,UNIT_SCADA,1,"2019/08/21 20:00:00",BRAEMAR6,0
D,DISPATCH,UNIT_SCADA,1,"2019/08/21 20:00:00",BRAEMAR7,0
D,DISPATCH,UNIT_SCADA,1,"2019/08/21 20:00:00",BROKENH1,0
D,DISPATCH,UNIT_SCADA,1,"2019/08/21 20:00:00",BW01,636.599980
D,DISPATCH,UNIT_SCADA,1,"2019/08/21 20:00:00",BW02,662.950070
D,DISPATCH,UNIT_SCADA,1,"2019/08/21 20:00:00",BW03,662.950070
D,DISPATCH,UNIT_SCADA,1,"2019/08/21 20:00:00",BW04,0
D,DISPATCH,UNIT_SCADA,1,"2019/08/21 20:00:00",CALL_B_1,350.399990
D,DISPATCH,UNIT_SCADA,1,"2019/08/21 20:00:00",CALL_B_2,349.600010
D,DISPATCH,UNIT_SCADA,1,"2019/08/21 20:00:00",CETHANA,99.202380
D,DISPATCH,UNIT_SCADA,1,"2019/08/21 20:00:00",CG1,0
D,DISPATCH,UNIT_SCADA,1,"2019/08/21 20:00:00",CG2,0
D,DISPATCH,UNIT_SCADA,1,"2019/08/21 20:00:00",CG3,0
D,DISPATCH,UNIT_SCADA,1,"2019/08/21 20:00:00",CG4,0
D,DISPATCH,UNIT_SCADA,1,"2019/08/21 20:00:00",CHILDSF1,0.01
D,DISPATCH,UNIT_SCADA,1,"2019/08/21 20:00:00",CLARESF1,0
D,DISPATCH,UNIT_SCADA,1,"2019/08/21 20:00:00",CLEMGPWF,22.979170
D,DISPATCH,UNIT_SCADA,1,"2019/08/21 20:00:00",CLERMSF1,0
D,DISPATCH,UNIT_SCADA,1,"2019/08/21 20:00:00",COLEASF1,0
D,DISPATCH,UNIT_SCADA,1,"2019/08/21 20:00:00",COOPGWF1,30.920730
D,DISPATCH,UNIT_SCADA,1,"2019/08/21 20:00:00",CPP_3,404.800020
D,DISPATCH,UNIT_SCADA,1,"2019/08/21 20:00:00",CPP_4,405.6250
D,DISPATCH,UNIT_SCADA,1,"2019/08/21 20:00:00",CPSA,142.378130
D,DISPATCH,UNIT_SCADA,1,"2019/08/21 20:00:00",CROOKWF2,90.973750
D,DISPATCH,UNIT_SCADA,1,"2019/08/21 20:00:00",CROWLWF1,43.2128
D,DISPATCH,UNIT_SCADA,1,"2019/08/21 20:00:00",CSPVPS1,0.0430
D,DISPATCH,UNIT_SCADA,1,"2019/08/21 20:00:00",DALNTH01,0
D,DISPATCH,UNIT_SCADA,1,"2019/08/21 20:00:00",DALNTHL1,0.044250
D,DISPATCH,UNIT_SCADA,1,"2019/08/21 20:00:00",DARTM1,134.70
D,DISPATCH,UNIT_SCADA,1,"2019/08/21 20:00:00",DAYDSF1,0
D,DISPATCH,UNIT_SCADA,1,"2019/08/21 20:00:00",DDPS1,619.901490
D,DISPATCH,UNIT_SCADA,1,"2019/08/21 20:00:00",DDSF1,0
D,DISPATCH,UNIT_SCADA,1,"2019/08/21 20:00:00",DEVILS_G,0
D,DISPATCH,UNIT_SCADA,1,"2019/08/21 20:00:00",DG_NSW1,0
D,DISPATCH,UNIT_SCADA,1,"2019/08/21 20:00:00",DG_QLD1,0
D,DISPATCH,UNIT_SCADA,1,"2019/08/21 20:00:00",DG_SA1,0
D,DISPATCH,UNIT_SCADA,1,"2019/08/21 20:00:00",DG_TAS1,0
D,DISPATCH,UNIT_SCADA,1,"2019/08/21 20:00:00",DG_VIC1,0
D,DISPATCH,UNIT_SCADA,1,"2019/08/21 20:00:00",DRYCGT1,0
D,DISPATCH,UNIT_SCADA,1,"2019/08/21 20:00:00",DRYCGT2,0
D,DISPATCH,UNIT_SCADA,1,"2019/08/21 20:00:00",DRYCGT3,0
D,DISPATCH,UNIT_SCADA,1,"2019/08/21 20:00:00",EILDON1,0
D,DISPATCH,UNIT_SCADA,1,"2019/08/21 20:00:00",EILDON2,0
D,DISPATCH,UNIT_SCADA,1,"2019/08/21 20:00:00",EMERASF1,0
D,DISPATCH,UNIT_SCADA,1,"2019/08/21 20:00:00",ER01,575.3750
D,DISPATCH,UNIT_SCADA,1,"2019/08/21 20:00:00",ER02,600.8750
D,DISPATCH,UNIT_SCADA,1,"2019/08/21 20:00:00",ER03,698.174930
D,DISPATCH,UNIT_SCADA,1,"2019/08/21 20:00:00",ER04,680.325070
D,DISPATCH,UNIT_SCADA,1,"2019/08/21 20:00:00",FINLYSF1,0
D,DISPATCH,UNIT_SCADA,1,"2019/08/21 20:00:00",FISHER,45.86
D,DISPATCH,UNIT_SCADA,1,"2019/08/21 20:00:00",GANNBG1,0.307720
D,DISPATCH,UNIT_SCADA,1,"2019/08/21 20:00:00",GANNBL1,0
D,DISPATCH,UNIT_SCADA,1,"2019/08/21 20:00:00",GANNSF1,0
D,DISPATCH,UNIT_SCADA,1,"2019/08/21 20:00:00",GORDON,10.947440
D,DISPATCH,UNIT_SCADA,1,"2019/08/21 20:00:00",GSTONE1,221.3750
D,DISPATCH,UNIT_SCADA,1,"2019/08/21 20:00:00",GSTONE2,220.149990
D,DISPATCH,UNIT_SCADA,1,"2019/08/21 20:00:00",GSTONE3,220.149990
D,DISPATCH,UNIT_SCADA,1,"2019/08/21 20:00:00",GSTONE4,220.849990
D,DISPATCH,UNIT_SCADA,1,"2019/08/21 20:00:00",GSTONE5,220.3250
D,DISPATCH,UNIT_SCADA,1,"2019/08/21 20:00:00",GSTONE6,0
D,DISPATCH,UNIT_SCADA,1,"2019/08/21 20:00:00",GULLRSF1,0
D,DISPATCH,UNIT_SCADA,1,"2019/08/21 20:00:00",GULLRWF1,157.598970
D,DISPATCH,UNIT_SCADA,1,"2019/08/21 20:00:00",GUNNING1,46.591260
D,DISPATCH,UNIT_SCADA,1,"2019/08/21 20:00:00",GUTHEGA,30.90
D,DISPATCH,UNIT_SCADA,1,"2019/08/21 20:00:00",HALLWF1,33.39
D,DISPATCH,UNIT_SCADA,1,"2019/08/21 20:00:00",HALLWF2,20.65
D,DISPATCH,UNIT_SCADA,1,"2019/08/21 20:00:00",HAMISF1,0
D,DISPATCH,UNIT_SCADA,1,"2019/08/21 20:00:00",HAUGHT11,0
D,DISPATCH,UNIT_SCADA,1,"2019/08/21 20:00:00",HAYMSF1,0
D,DISPATCH,UNIT_SCADA,1,"2019/08/21 20:00:00",HDWF1,24.50
D,DISPATCH,UNIT_SCADA,1,"2019/08/21 20:00:00",HDWF2,29.80
D,DISPATCH,UNIT_SCADA,1,"2019/08/21 20:00:00",HDWF3,36.50
D,DISPATCH,UNIT_SCADA,1,"2019/08/21 20:00:00",HPRG1,0
D,DISPATCH,UNIT_SCADA,1,"2019/08/21 20:00:00",HPRL1,10.90
D,DISPATCH,UNIT_SCADA,1,"2019/08/21 20:00:00",HUMENSW,0
D,DISPATCH,UNIT_SCADA,1,"2019/08/21 20:00:00",HUMEV,9.90
D,DISPATCH,UNIT_SCADA,1,"2019/08/21 20:00:00",HVGTS,0
D,DISPATCH,UNIT_SCADA,1,"2019/08/21 20:00:00",JBUTTERS,139.70
D,DISPATCH,UNIT_SCADA,1,"2019/08/21 20:00:00",JLA01,0.50
D,DISPATCH,UNIT_SCADA,1,"2019/08/21 20:00:00",JLA02,0
D,DISPATCH,UNIT_SCADA,1,"2019/08/21 20:00:00",JLA03,0.10
D,DISPATCH,UNIT_SCADA,1,"2019/08/21 20:00:00",JLA04,0.10
D,DISPATCH,UNIT_SCADA,1,"2019/08/21 20:00:00",JLB01,0
D,DISPATCH,UNIT_SCADA,1,"2019/08/21 20:00:00",JLB02,0.10
D,DISPATCH,UNIT_SCADA,1,"2019/08/21 20:00:00",JLB03,0
D,DISPATCH,UNIT_SCADA,1,"2019/08/21 20:00:00",KAREEYA1,21.6125
D,DISPATCH,UNIT_SCADA,1,"2019/08/21 20:00:00",KAREEYA2,21.7225
D,DISPATCH,UNIT_SCADA,1,"2019/08/21 20:00:00",KAREEYA3,0
D,DISPATCH,UNIT_SCADA,1,"2019/08/21 20:00:00",KAREEYA4,21.6175
D,DISPATCH,UNIT_SCADA,1,"2019/08/21 20:00:00",KARSF1,0
D,DISPATCH,UNIT_SCADA,1,"2019/08/21 20:00:00",KIATAWF1,30.90
D,DISPATCH,UNIT_SCADA,1,"2019/08/21 20:00:00",KPP_1,0
D,DISPATCH,UNIT_SCADA,1,"2019/08/21 20:00:00",KSP1,0
D,DISPATCH,UNIT_SCADA,1,"2019/08/21 20:00:00",LADBROK1,42.14
D,DISPATCH,UNIT_SCADA,1,"2019/08/21 20:00:00",LADBROK2,42.74
D,DISPATCH,UNIT_SCADA,1,"2019/08/21 20:00:00",LD01,420.093750
D,DISPATCH,UNIT_SCADA,1,"2019/08/21 20:00:00",LD02,416.681210
D,DISPATCH,UNIT_SCADA,1,"2019/08/21 20:00:00",LD03,417.131290
D,DISPATCH,UNIT_SCADA,1,"2019/08/21 20:00:00",LD04,378.5625
D,DISPATCH,UNIT_SCADA,1,"2019/08/21 20:00:00",LEM_WIL,86.142110
D,DISPATCH,UNIT_SCADA,1,"2019/08/21 20:00:00",LGAPWF1,26.45
D,DISPATCH,UNIT_SCADA,1,"2019/08/21 20:00:00",LILYSF1,0
D,DISPATCH,UNIT_SCADA,1,"2019/08/21 20:00:00",LI_WY_CA,149.170880
D,DISPATCH,UNIT_SCADA,1,"2019/08/21 20:00:00",LKBONNY2,153.712070
D,DISPATCH,UNIT_SCADA,1,"2019/08/21 20:00:00",LKBONNY3,32.2093
D,DISPATCH,UNIT_SCADA,1,"2019/08/21 20:00:00",LK_ECHO,0
D,DISPATCH,UNIT_SCADA,1,"2019/08/21 20:00:00",LNGS1,0
D,DISPATCH,UNIT_SCADA,1,"2019/08/21 20:00:00",LNGS2,0
D,DISPATCH,UNIT_SCADA,1,"2019/08/21 20:00:00",LONSDALE,0
D,DISPATCH,UNIT_SCADA,1,"2019/08/21 20:00:00",LOYYB1,535.336730
D,DISPATCH,UNIT_SCADA,1,"2019/08/21 20:00:00",LOYYB2,581.954410
D,DISPATCH,UNIT_SCADA,1,"2019/08/21 20:00:00",LYA1,558
D,DISPATCH,UNIT_SCADA,1,"2019/08/21 20:00:00",LYA2,0
D,DISPATCH,UNIT_SCADA,1,"2019/08/21 20:00:00",LYA3,559
D,DISPATCH,UNIT_SCADA,1,"2019/08/21 20:00:00",LYA4,529
D,DISPATCH,UNIT_SCADA,1,"2019/08/21 20:00:00",MACARTH1,350.591890
D,DISPATCH,UNIT_SCADA,1,"2019/08/21 20:00:00",MACKAYGT,0
D,DISPATCH,UNIT_SCADA,1,"2019/08/21 20:00:00",MACKNTSH,84.790010
D,DISPATCH,UNIT_SCADA,1,"2019/08/21 20:00:00",MANSLR1,0
D,DISPATCH,UNIT_SCADA,1,"2019/08/21 20:00:00",MCKAY1,0.02
D,DISPATCH,UNIT_SCADA,1,"2019/08/21 20:00:00",MEADOWBK,33.924460
D,DISPATCH,UNIT_SCADA,1,"2019/08/21 20:00:00",MERCER01,125.031010
D,DISPATCH,UNIT_SCADA,1,"2019/08/21 20:00:00",MEWF1,53.184510
D,DISPATCH,UNIT_SCADA,1,"2019/08/21 20:00:00",MINTARO,0
D,DISPATCH,UNIT_SCADA,1,"2019/08/21 20:00:00",MOREESF1,0
D,DISPATCH,UNIT_SCADA,1,"2019/08/21 20:00:00",MORTLK11,0
D,DISPATCH,UNIT_SCADA,1,"2019/08/21 20:00:00",MORTLK12,0
D,DISPATCH,UNIT_SCADA,1,"2019/08/21 20:00:00",MP1,277.575070
D,DISPATCH,UNIT_SCADA,1,"2019/08/21 20:00:00",MP2,0
D,DISPATCH,UNIT_SCADA,1,"2019/08/21 20:00:00",MPP_1,294.50
D,DISPATCH,UNIT_SCADA,1,"2019/08/21 20:00:00",MPP_2,435.25
D,DISPATCH,UNIT_SCADA,1,"2019/08/21 20:00:00",MSTUART1,0
D,DISPATCH,UNIT_SCADA,1,"2019/08/21 20:00:00",MSTUART2,0
D,DISPATCH,UNIT_SCADA,1,"2019/08/21 20:00:00",MSTUART3,0
D,DISPATCH,UNIT_SCADA,1,"2019/08/21 20:00:00",MTGELWF1,64.009520
D,DISPATCH,UNIT_SCADA,1,"2019/08/21 20:00:00",MURRAY,0
D,DISPATCH,UNIT_SCADA,1,"2019/08/21 20:00:00",MUSSELR1,155
D,DISPATCH,UNIT_SCADA,1,"2019/08/21 20:00:00",MUWAWF1,54.56
D,DISPATCH,UNIT_SCADA,1,"2019/08/21 20:00:00",NBHWF1,33.60
D,DISPATCH,UNIT_SCADA,1,"2019/08/21 20:00:00",NPS,304.1250
D,DISPATCH,UNIT_SCADA,1,"2019/08/21 20:00:00",NUMURSF1,0
D,DISPATCH,UNIT_SCADA,1,"2019/08/21 20:00:00",NYNGAN1,0
D,DISPATCH,UNIT_SCADA,1,"2019/08/21 20:00:00",OAKEY1,0
D,DISPATCH,UNIT_SCADA,1,"2019/08/21 20:00:00",OAKEY1SF,0.0510
D,DISPATCH,UNIT_SCADA,1,"2019/08/21 20:00:00",OAKEY2,0
D,DISPATCH,UNIT_SCADA,1,"2019/08/21 20:00:00",OAKLAND1,59.50
D,DISPATCH,UNIT_SCADA,1,"2019/08/21 20:00:00",OSB-AG,0
D,DISPATCH,UNIT_SCADA,1,"2019/08/21 20:00:00",PARSF1,0
D,DISPATCH,UNIT_SCADA,1,"2019/08/21 20:00:00",POAT110,1.2124
D,DISPATCH,UNIT_SCADA,1,"2019/08/21 20:00:00",POAT220,10.77
D,DISPATCH,UNIT_SCADA,1,"2019/08/21 20:00:00",POR01,0
D,DISPATCH,UNIT_SCADA,1,"2019/08/21 20:00:00",POR03,0
D,DISPATCH,UNIT_SCADA,1,"2019/08/21 20:00:00",PPCCGT,492.326930
D,DISPATCH,UNIT_SCADA,1,"2019/08/21 20:00:00",PTSTAN1,0
D,DISPATCH,UNIT_SCADA,1,"2019/08/21 20:00:00",PUMP1,0
D,DISPATCH,UNIT_SCADA,1,"2019/08/21 20:00:00",PUMP2,0
D,DISPATCH,UNIT_SCADA,1,"2019/08/21 20:00:00",QPS1,0
D,DISPATCH,UNIT_SCADA,1,"2019/08/21 20:00:00",QPS2,0
D,DISPATCH,UNIT_SCADA,1,"2019/08/21 20:00:00",QPS3,0
D,DISPATCH,UNIT_SCADA,1,"2019/08/21 20:00:00",QPS4,0
D,DISPATCH,UNIT_SCADA,1,"2019/08/21 20:00:00",QPS5,0
D,DISPATCH,UNIT_SCADA,1,"2019/08/21 20:00:00",REECE1,117.560010
D,DISPATCH,UNIT_SCADA,1,"2019/08/21 20:00:00",REECE2,112.050010
D,DISPATCH,UNIT_SCADA,1,"2019/08/21 20:00:00",ROMA_7,0
D,DISPATCH,UNIT_SCADA,1,"2019/08/21 20:00:00",ROMA_8,0
D,DISPATCH,UNIT_SCADA,1,"2019/08/21 20:00:00",RRSF1,0
D,DISPATCH,UNIT_SCADA,1,"2019/08/21 20:00:00",RT_NSW1,0
D,DISPATCH,UNIT_SCADA,1,"2019/08/21 20:00:00",RT_NSW2,0
D,DISPATCH,UNIT_SCADA,1,"2019/08/21 20:00:00",RT_NSW3,0
D,DISPATCH,UNIT_SCADA,1,"2019/08/21 20:00:00",RT_NSW4,0
D,DISPATCH,UNIT_SCADA,1,"2019/08/21 20:00:00",RT_NSW5,0
D,DISPATCH,UNIT_SCADA,1,"2019/08/21 20:00:00",RT_NSW6,0
D,DISPATCH,UNIT_SCADA,1,"2019/08/21 20:00:00",RT_QLD1,0
D,DISPATCH,UNIT_SCADA,1,"2019/08/21 20:00:00",RT_SA1,0
D,DISPATCH,UNIT_SCADA,1,"2019/08/21 20:00:00",RT_SA2,0
D,DISPATCH,UNIT_SCADA,1,"2019/08/21 20:00:00",RT_SA3,0
D,DISPATCH,UNIT_SCADA,1,"2019/08/21 20:00:00",RT_SA4,0
D,DISPATCH,UNIT_SCADA,1,"2019/08/21 20:00:00",RT_SA5,0
D,DISPATCH,UNIT_SCADA,1,"2019/08/21 20:00:00",RT_SA6,0
D,DISPATCH,UNIT_SCADA,1,"2019/08/21 20:00:00",RT_TAS1,0
D,DISPATCH,UNIT_SCADA,1,"2019/08/21 20:00:00",RT_VIC1,0
D,DISPATCH,UNIT_SCADA,1,"2019/08/21 20:00:00",RT_VIC10,0
D,DISPATCH,UNIT_SCADA,1,"2019/08/21 20:00:00",RT_VIC11,0
D,DISPATCH,UNIT_SCADA,1,"2019/08/21 20:00:00",RT_VIC12,0
D,DISPATCH,UNIT_SCADA,1,"2019/08/21 20:00:00",RT_VIC2,0
D,DISPATCH,UNIT_SCADA,1,"2019/08/21 20:00:00",RT_VIC3,0
D,DISPATCH,UNIT_SCADA,1,"2019/08/21 20:00:00",RT_VIC4,0
D,DISPATCH,UNIT_SCADA,1,"2019/08/21 20:00:00",RT_VIC5,0
D,DISPATCH,UNIT_SCADA,1,"2019/08/21 20:00:00",RT_VIC6,0
D,DISPATCH,UNIT_SCADA,1,"2019/08/21 20:00:00",RT_VIC7,0
D,DISPATCH,UNIT_SCADA,1,"2019/08/21 20:00:00",RT_VIC8,0
D,DISPATCH,UNIT_SCADA,1,"2019/08/21 20:00:00",RT_VIC9,0
D,DISPATCH,UNIT_SCADA,1,"2019/08/21 20:00:00",RUGBYR1,0
D,DISPATCH,UNIT_SCADA,1,"2019/08/21 20:00:00",SALTCRK1,52.23
D,DISPATCH,UNIT_SCADA,1,"2019/08/21 20:00:00",SAPHWF1,202.012510
D,DISPATCH,UNIT_SCADA,1,"2019/08/21 20:00:00",SHGEN,200.037610
D,DISPATCH,UNIT_SCADA,1,"2019/08/21 20:00:00",SHPUMP,0
D,DISPATCH,UNIT_SCADA,1,"2019/08/21 20:00:00",SITHE01,0.133760
D,DISPATCH,UNIT_SCADA,1,"2019/08/21 20:00:00",SMCSF1,0
D,DISPATCH,UNIT_SCADA,1,"2019/08/21 20:00:00",SNOWNTH1,110.20
D,DISPATCH,UNIT_SCADA,1,"2019/08/21 20:00:00",SNOWSTH1,85.10
D,DISPATCH,UNIT_SCADA,1,"2019/08/21 20:00:00",SNOWTWN1,66.118450
D,DISPATCH,UNIT_SCADA,1,"2019/08/21 20:00:00",SNOWYP,0
D,DISPATCH,UNIT_SCADA,1,"2019/08/21 20:00:00",SNUG1,0.019440
D,DISPATCH,UNIT_SCADA,1,"2019/08/21 20:00:00",SRSF1,0.44
D,DISPATCH,UNIT_SCADA,1,"2019/08/21 20:00:00",STAN-1,0
D,DISPATCH,UNIT_SCADA,1,"2019/08/21 20:00:00",STAN-2,334.980380
D,DISPATCH,UNIT_SCADA,1,"2019/08/21 20:00:00",STAN-3,332.3912
D,DISPATCH,UNIT_SCADA,1,"2019/08/21 20:00:00",STAN-4,335.800720
D,DISPATCH,UNIT_SCADA,1,"2019/08/21 20:00:00",STWF1,136.631260
D,DISPATCH,UNIT_SCADA,1,"2019/08/21 20:00:00",SWAN_E,0
D,DISPATCH,UNIT_SCADA,1,"2019/08/21 20:00:00",TALWA1,418
D,DISPATCH,UNIT_SCADA,1,"2019/08/21 20:00:00",TARALGA1,96.041240
D,DISPATCH,UNIT_SCADA,1,"2019/08/21 20:00:00",TARONG#1,346.100010
D,DISPATCH,UNIT_SCADA,1,"2019/08/21 20:00:00",TARONG#2,345.50
D,DISPATCH,UNIT_SCADA,1,"2019/08/21 20:00:00",TARONG#3,260.399990
D,DISPATCH,UNIT_SCADA,1,"2019/08/21 20:00:00",TARONG#4,350.100010
D,DISPATCH,UNIT_SCADA,1,"2019/08/21 20:00:00",TARRALEA,84.30
D,DISPATCH,UNIT_SCADA,1,"2019/08/21 20:00:00",TBSF1,-0.20
D,DISPATCH,UNIT_SCADA,1,"2019/08/21 20:00:00",TNPS1,442.000030
D,DISPATCH,UNIT_SCADA,1,"2019/08/21 20:00:00",TORRA1,88.442170
D,DISPATCH,UNIT_SCADA,1,"2019/08/21 20:00:00",TORRA2,0
D,DISPATCH,UNIT_SCADA,1,"2019/08/21 20:00:00",TORRA3,0
D,DISPATCH,UNIT_SCADA,1,"2019/08/21 20:00:00",TORRA4,0
D,DISPATCH,UNIT_SCADA,1,"2019/08/21 20:00:00",TORRB1,97.68
D,DISPATCH,UNIT_SCADA,1,"2019/08/21 20:00:00",TORRB2,153.12
D,DISPATCH,UNIT_SCADA,1,"2019/08/21 20:00:00",TORRB3,0
D,DISPATCH,UNIT_SCADA,1,"2019/08/21 20:00:00",TORRB4,0
D,DISPATCH,UNIT_SCADA,1,"2019/08/21 20:00:00",TREVALLN,69.920030
D,DISPATCH,UNIT_SCADA,1,"2019/08/21 20:00:00",TRIBUTE,83.50
D,DISPATCH,UNIT_SCADA,1,"2019/08/21 20:00:00",TUMUT3,321.730010
D,DISPATCH,UNIT_SCADA,1,"2019/08/21 20:00:00",TUNGATIN,123.570040
D,DISPATCH,UNIT_SCADA,1,"2019/08/21 20:00:00",TVCC201,0
D,DISPATCH,UNIT_SCADA,1,"2019/08/21 20:00:00",TVPP104,0
D,DISPATCH,UNIT_SCADA,1,"2019/08/21 20:00:00",UPPTUMUT,0
D,DISPATCH,UNIT_SCADA,1,"2019/08/21 20:00:00",URANQ11,0
D,DISPATCH,UNIT_SCADA,1,"2019/08/21 20:00:00",URANQ12,0
D,DISPATCH,UNIT_SCADA,1,"2019/08/21 20:00:00",URANQ13,0
D,DISPATCH,UNIT_SCADA,1,"2019/08/21 20:00:00",URANQ14,0
D,DISPATCH,UNIT_SCADA,1,"2019/08/21 20:00:00",VP5,598.925050
D,DISPATCH,UNIT_SCADA,1,"2019/08/21 20:00:00",VP6,597.774960
D,DISPATCH,UNIT_SCADA,1,"2019/08/21 20:00:00",VPGS1,0
D,DISPATCH,UNIT_SCADA,1,"2019/08/21 20:00:00",VPGS2,0
D,DISPATCH,UNIT_SCADA,1,"2019/08/21 20:00:00",VPGS3,0
D,DISPATCH,UNIT_SCADA,1,"2019/08/21 20:00:00",VPGS4,0
D,DISPATCH,UNIT_SCADA,1,"2019/08/21 20:00:00",VPGS5,0
D,DISPATCH,UNIT_SCADA,1,"2019/08/21 20:00:00",VPGS6,0
D,DISPATCH,UNIT_SCADA,1,"2019/08/21 20:00:00",W/HOE#1,0
D,DISPATCH,UNIT_SCADA,1,"2019/08/21 20:00:00",W/HOE#2,0
D,DISPATCH,UNIT_SCADA,1,"2019/08/21 20:00:00",WATERLWF,55.40
D,DISPATCH,UNIT_SCADA,1,"2019/08/21 20:00:00",WEMENSF1,0
D,DISPATCH,UNIT_SCADA,1,"2019/08/21 20:00:00",WGWF1,35.20
D,DISPATCH,UNIT_SCADA,1,"2019/08/21 20:00:00",WHITSF1,0
D,DISPATCH,UNIT_SCADA,1,"2019/08/21 20:00:00",WKIEWA1,0
D,DISPATCH,UNIT_SCADA,1,"2019/08/21 20:00:00",WKIEWA2,17.10
D,DISPATCH,UNIT_SCADA,1,"2019/08/21 20:00:00",WOODLWN1,44.855990
D,DISPATCH,UNIT_SCADA,1,"2019/08/21 20:00:00",WRSF1,0
D,DISPATCH,UNIT_SCADA,1,"2019/08/21 20:00:00",WRWF1,160.371250
D,DISPATCH,UNIT_SCADA,1,"2019/08/21 20:00:00",YABULU,0
D,DISPATCH,UNIT_SCADA,1,"2019/08/21 20:00:00",YABULU2,0
D,DISPATCH,UNIT_SCADA,1,"2019/08/21 20:00:00",YARWUN_1,0
D,DISPATCH,UNIT_SCADA,1,"2019/08/21 20:00:00",YENDWF1,41.98
D,DISPATCH,UNIT_SCADA,1,"2019/08/21 20:00:00",YWPS1,382.956970
D,DISPATCH,UNIT_SCADA,1,"2019/08/21 20:00:00",YWPS2,279.194950
D,DISPATCH,UNIT_SCADA,1,"2019/08/21 20:00:00",YWPS3,0
D,DISPATCH,UNIT_SCADA,1,"2019/08/21 20:00:00",YWPS4,397.213930
C,"END OF REPORT",334
