C,NEMP.WORLD,DISPATCHSCADA,AEMO,PUBLIC,2019/08/21,03:15:08,0000000311810184,DISPATCHSCADA,0000000311810178
I,DISPATCH,UNIT_SCADA,1,SETTLEMENTDATE,DUID,SCADAVALUE
D,DISPATCH,UNIT_SCADA,1,"2019/08/21 03:20:00",BARCSF1,0.50
D,DISPATCH,UNIT_SCADA,1,"2019/08/21 03:20:00",BUTLERSG,9.699999
D,DISPATCH,UNIT_SCADA,1,"2019/08/21 03:20:00",CALL_A_4,0
D,DISPATCH,UNIT_SCADA,1,"2019/08/21 03:20:00",CAPTL_WF,125.571999
D,DISPATCH,UNIT_SCADA,1,"2019/08/21 03:20:00",CATHROCK,39.429996
D,DISPATCH,UNIT_SCADA,1,"2019/08/21 03:20:00",CHALLHWF,34
D,DISPATCH,UNIT_SCADA,1,"2019/08/21 03:20:00",CLOVER,0
D,DISPATCH,UNIT_SCADA,1,"2019/08/21 03:20:00",CLUNY,20.597391
D,DISPATCH,UNIT_SCADA,1,"2019/08/21 03:20:00",CNUNDAWF,41.348236
D,DISPATCH,UNIT_SCADA,1,"2019/08/21 03:20:00",CULLRGWF,30.379999
D,DISPATCH,UNIT_SCADA,1,"2019/08/21 03:20:00",ERGT01,0
D,DISPATCH,UNIT_SCADA,1,"2019/08/21 03:20:00",GB01,0.061279
D,DISPATCH,UNIT_SCADA,1,"2019/08/21 03:20:00",GERMCRK,39.299999
D,DISPATCH,UNIT_SCADA,1,"2019/08/21 03:20:00",GRIFSF1,0
D,DISPATCH,UNIT_SCADA,1,"2019/08/21 03:20:00",HUGSF1,-0.2040
D,DISPATCH,UNIT_SCADA,1,"2019/08/21 03:20:00",LKBONNY1,75.287796
D,DISPATCH,UNIT_SCADA,1,"2019/08/21 03:20:00",LRSF1,0.0290
D,DISPATCH,UNIT_SCADA,1,"2019/08/21 03:20:00",MBAHNTH,55.724991
D,DISPATCH,UNIT_SCADA,1,"2019/08/21 03:20:00",MLSP1,0.283001
D,DISPATCH,UNIT_SCADA,1,"2019/08/21 03:20:00",MLWF1,19.154999
D,DISPATCH,UNIT_SCADA,1,"2019/08/21 03:20:00",MTMILLAR,23.588957
D,DISPATCH,UNIT_SCADA,1,"2019/08/21 03:20:00",PALOONA,11.41
D,DISPATCH,UNIT_SCADA,1,"2019/08/21 03:20:00",PIONEER,32.900002
D,DISPATCH,UNIT_SCADA,1,"2019/08/21 03:20:00",PORTWF,136.899994
D,DISPATCH,UNIT_SCADA,1,"2019/08/21 03:20:00",REPULSE,28.746166
D,DISPATCH,UNIT_SCADA,1,"2019/08/21 03:20:00",ROWALLAN,10.0820
D,DISPATCH,UNIT_SCADA,1,"2019/08/21 03:20:00",ROYALLA1,0
D,DISPATCH,UNIT_SCADA,1,"2019/08/21 03:20:00",RPCG,11.10
D,DISPATCH,UNIT_SCADA,1,"2019/08/21 03:20:00",RUBICON,0
D,DISPATCH,UNIT_SCADA,1,"2019/08/21 03:20:00",SATGN1,0
D,DISPATCH,UNIT_SCADA,1,"2019/08/21 03:20:00",SATGS1,0
D,DISPATCH,UNIT_SCADA,1,"2019/08/21 03:20:00",STARHLWF,9.997085
D,DISPATCH,UNIT_SCADA,1,"2019/08/21 03:20:00",WAUBRAWF,139.886993
D,DISPATCH,UNIT_SCADA,1,"2019/08/21 03:20:00",WOOLNTH1,62.310020
D,DISPATCH,UNIT_SCADA,1,"2019/08/21 03:20:00",WPWF,31
D,DISPATCH,UNIT_SCADA,1,"2019/08/21 03:20:00",YAMBUKWF,29.700001
D,DISPATCH,UNIT_SCADA,1,"2019/08/21 03:20:00",YSWF1,28
D,DISPATCH,UNIT_SCADA,1,"2019/08/21 03:20:00",AGLHAL,0
D,DISPATCH,UNIT_SCADA,1,"2019/08/21 03:20:00",AGLSOM,0
D,DISPATCH,UNIT_SCADA,1,"2019/08/21 03:20:00",ANGAST1,0
D,DISPATCH,UNIT_SCADA,1,"2019/08/21 03:20:00",ARWF1,53.20
D,DISPATCH,UNIT_SCADA,1,"2019/08/21 03:20:00",BALBG1,0
D,DISPATCH,UNIT_SCADA,1,"2019/08/21 03:20:00",BALBL1,2.43
D,DISPATCH,UNIT_SCADA,1,"2019/08/21 03:20:00",BALDHWF1,101.5040
D,DISPATCH,UNIT_SCADA,1,"2019/08/21 03:20:00",BANN1,0
D,DISPATCH,UNIT_SCADA,1,"2019/08/21 03:20:00",BARCALDN,0
D,DISPATCH,UNIT_SCADA,1,"2019/08/21 03:20:00",BARRON-1,0
D,DISPATCH,UNIT_SCADA,1,"2019/08/21 03:20:00",BARRON-2,0
D,DISPATCH,UNIT_SCADA,1,"2019/08/21 03:20:00",BASTYAN,79.63
D,DISPATCH,UNIT_SCADA,1,"2019/08/21 03:20:00",BBTHREE1,-2.12
D,DISPATCH,UNIT_SCADA,1,"2019/08/21 03:20:00",BBTHREE2,-2.10
D,DISPATCH,UNIT_SCADA,1,"2019/08/21 03:20:00",BBTHREE3,-1.26
D,DISPATCH,UNIT_SCADA,1,"2019/08/21 03:20:00",BDL01,0
D,DISPATCH,UNIT_SCADA,1,"2019/08/21 03:20:00",BDL02,0
D,DISPATCH,UNIT_SCADA,1,"2019/08/21 03:20:00",BERYLSF1,0
D,DISPATCH,UNIT_SCADA,1,"2019/08/21 03:20:00",BLOWERNG,0
D,DISPATCH,UNIT_SCADA,1,"2019/08/21 03:20:00",BLUFF1,39
D,DISPATCH,UNIT_SCADA,1,"2019/08/21 03:20:00",BNGSF1,0
D,DISPATCH,UNIT_SCADA,1,"2019/08/21 03:20:00",BNGSF2,0
D,DISPATCH,UNIT_SCADA,1,"2019/08/21 03:20:00",BOCORWF1,96.87
D,DISPATCH,UNIT_SCADA,1,"2019/08/21 03:20:00",BODWF1,67.700460
D,DISPATCH,UNIT_SCADA,1,"2019/08/21 03:20:00",BRAEMAR1,0
D,DISPATCH,UNIT_SCADA,1,"2019/08/21 03:20:00",BRAEMAR2,0
D,DISPATCH,UNIT_SCADA,1,"2019/08/21 03:20:00",BRAEMAR3,0
D,DISPATCH,UNIT_SCADA,1,"2019/08/21 03:20:00",BRAEMAR5,0
D,DISPATCH,UNIT_SCADA,1,"2019/08/21 03:20:00",BRAEMAR6,0
D,DISPATCH,UNIT_SCADA,1,"2019/08/21 03:20:00",BRAEMAR7,0
D,DISPATCH,UNIT_SCADA,1,"2019/08/21 03:20:00",BROKENH1,0
D,DISPATCH,UNIT_SCADA,1,"2019/08/21 03:20:00",BW01,406.799930
D,DISPATCH,UNIT_SCADA,1,"2019/08/21 03:20:00",BW02,491.974980
D,DISPATCH,UNIT_SCADA,1,"2019/08/21 03:20:00",BW03,505.050050
D,DISPATCH,UNIT_SCADA,1,"2019/08/21 03:20:00",BW04,0
D,DISPATCH,UNIT_SCADA,1,"2019/08/21 03:20:00",CALL_B_1,349.300020
D,DISPATCH,UNIT_SCADA,1,"2019/08/21 03:20:00",CALL_B_2,284.899990
D,DISPATCH,UNIT_SCADA,1,"2019/08/21 03:20:00",CETHANA,45.195130
D,DISPATCH,UNIT_SCADA,1,"2019/08/21 03:20:00",CG1,0
D,DISPATCH,UNIT_SCADA,1,"2019/08/21 03:20:00",CG2,0
D,DISPATCH,UNIT_SCADA,1,"2019/08/21 03:20:00",CG3,0
D,DISPATCH,UNIT_SCADA,1,"2019/08/21 03:20:00",CG4,0
D,DISPATCH,UNIT_SCADA,1,"2019/08/21 03:20:00",CHILDSF1,0
D,DISPATCH,UNIT_SCADA,1,"2019/08/21 03:20:00",CLARESF1,0
D,DISPATCH,UNIT_SCADA,1,"2019/08/21 03:20:00",CLEMGPWF,15.487530
D,DISPATCH,UNIT_SCADA,1,"2019/08/21 03:20:00",CLERMSF1,0
D,DISPATCH,UNIT_SCADA,1,"2019/08/21 03:20:00",COLEASF1,0
D,DISPATCH,UNIT_SCADA,1,"2019/08/21 03:20:00",COOPGWF1,23.230610
D,DISPATCH,UNIT_SCADA,1,"2019/08/21 03:20:00",CPP_3,380.600010
D,DISPATCH,UNIT_SCADA,1,"2019/08/21 03:20:00",CPP_4,381.149990
D,DISPATCH,UNIT_SCADA,1,"2019/08/21 03:20:00",CPSA,142.536880
D,DISPATCH,UNIT_SCADA,1,"2019/08/21 03:20:00",CROOKWF2,91.563750
D,DISPATCH,UNIT_SCADA,1,"2019/08/21 03:20:00",CROWLWF1,59.269120
D,DISPATCH,UNIT_SCADA,1,"2019/08/21 03:20:00",CSPVPS1,0
D,DISPATCH,UNIT_SCADA,1,"2019/08/21 03:20:00",DALNTH01,0
D,DISPATCH,UNIT_SCADA,1,"2019/08/21 03:20:00",DALNTHL1,1.026930
D,DISPATCH,UNIT_SCADA,1,"2019/08/21 03:20:00",DARTM1,0
D,DISPATCH,UNIT_SCADA,1,"2019/08/21 03:20:00",DAYDSF1,0
D,DISPATCH,UNIT_SCADA,1,"2019/08/21 03:20:00",DDPS1,0
D,DISPATCH,UNIT_SCADA,1,"2019/08/21 03:20:00",DDSF1,0
D,DISPATCH,UNIT_SCADA,1,"2019/08/21 03:20:00",DEVILS_G,50.760830
D,DISPATCH,UNIT_SCADA,1,"2019/08/21 03:20:00",DG_NSW1,0
D,DISPATCH,UNIT_SCADA,1,"2019/08/21 03:20:00",DG_QLD1,0
D,DISPATCH,UNIT_SCADA,1,"2019/08/21 03:20:00",DG_SA1,0
D,DISPATCH,UNIT_SCADA,1,"2019/08/21 03:20:00",DG_TAS1,0
D,DISPATCH,UNIT_SCADA,1,"2019/08/21 03:20:00",DG_VIC1,0
D,DISPATCH,UNIT_SCADA,1,"2019/08/21 03:20:00",DRYCGT1,0
D,DISPATCH,UNIT_SCADA,1,"2019/08/21 03:20:00",DRYCGT2,0
D,DISPATCH,UNIT_SCADA,1,"2019/08/21 03:20:00",DRYCGT3,0
D,DISPATCH,UNIT_SCADA,1,"2019/08/21 03:20:00",EILDON1,0
D,DISPATCH,UNIT_SCADA,1,"2019/08/21 03:20:00",EILDON2,0
D,DISPATCH,UNIT_SCADA,1,"2019/08/21 03:20:00",EMERASF1,0
D,DISPATCH,UNIT_SCADA,1,"2019/08/21 03:20:00",ER01,436.775020
D,DISPATCH,UNIT_SCADA,1,"2019/08/21 03:20:00",ER02,354.324950
D,DISPATCH,UNIT_SCADA,1,"2019/08/21 03:20:00",ER03,379.424930
D,DISPATCH,UNIT_SCADA,1,"2019/08/21 03:20:00",ER04,436.775020
D,DISPATCH,UNIT_SCADA,1,"2019/08/21 03:20:00",FINLYSF1,0
D,DISPATCH,UNIT_SCADA,1,"2019/08/21 03:20:00",FISHER,45.76
D,DISPATCH,UNIT_SCADA,1,"2019/08/21 03:20:00",GANNBG1,0
D,DISPATCH,UNIT_SCADA,1,"2019/08/21 03:20:00",GANNBL1,10.009260
D,DISPATCH,UNIT_SCADA,1,"2019/08/21 03:20:00",GANNSF1,0
D,DISPATCH,UNIT_SCADA,1,"2019/08/21 03:20:00",GORDON,0
D,DISPATCH,UNIT_SCADA,1,"2019/08/21 03:20:00",GSTONE1,135.45
D,DISPATCH,UNIT_SCADA,1,"2019/08/21 03:20:00",GSTONE2,130.20
D,DISPATCH,UNIT_SCADA,1,"2019/08/21 03:20:00",GSTONE3,133.524990
D,DISPATCH,UNIT_SCADA,1,"2019/08/21 03:20:00",GSTONE4,135.80
D,DISPATCH,UNIT_SCADA,1,"2019/08/21 03:20:00",GSTONE5,136.149990
D,DISPATCH,UNIT_SCADA,1,"2019/08/21 03:20:00",GSTONE6,0
D,DISPATCH,UNIT_SCADA,1,"2019/08/21 03:20:00",GULLRSF1,0
D,DISPATCH,UNIT_SCADA,1,"2019/08/21 03:20:00",GULLRWF1,161.848540
D,DISPATCH,UNIT_SCADA,1,"2019/08/21 03:20:00",GUNNING1,46.289740
D,DISPATCH,UNIT_SCADA,1,"2019/08/21 03:20:00",GUTHEGA,0
D,DISPATCH,UNIT_SCADA,1,"2019/08/21 03:20:00",HALLWF1,67.84
D,DISPATCH,UNIT_SCADA,1,"2019/08/21 03:20:00",HALLWF2,51.23
D,DISPATCH,UNIT_SCADA,1,"2019/08/21 03:20:00",HAMISF1,0
D,DISPATCH,UNIT_SCADA,1,"2019/08/21 03:20:00",HAUGHT11,0
D,DISPATCH,UNIT_SCADA,1,"2019/08/21 03:20:00",HAYMSF1,0
D,DISPATCH,UNIT_SCADA,1,"2019/08/21 03:20:00",HDWF1,74.40
D,DISPATCH,UNIT_SCADA,1,"2019/08/21 03:20:00",HDWF2,69.30
D,DISPATCH,UNIT_SCADA,1,"2019/08/21 03:20:00",HDWF3,79.30
D,DISPATCH,UNIT_SCADA,1,"2019/08/21 03:20:00",HPRG1,0
D,DISPATCH,UNIT_SCADA,1,"2019/08/21 03:20:00",HPRL1,40
D,DISPATCH,UNIT_SCADA,1,"2019/08/21 03:20:00",HUMENSW,0
D,DISPATCH,UNIT_SCADA,1,"2019/08/21 03:20:00",HUMEV,9.30
D,DISPATCH,UNIT_SCADA,1,"2019/08/21 03:20:00",HVGTS,0
D,DISPATCH,UNIT_SCADA,1,"2019/08/21 03:20:00",JBUTTERS,38.77
D,DISPATCH,UNIT_SCADA,1,"2019/08/21 03:20:00",JLA01,0.50
D,DISPATCH,UNIT_SCADA,1,"2019/08/21 03:20:00",JLA02,0
D,DISPATCH,UNIT_SCADA,1,"2019/08/21 03:20:00",JLA03,0.10
D,DISPATCH,UNIT_SCADA,1,"2019/08/21 03:20:00",JLA04,0.10
D,DISPATCH,UNIT_SCADA,1,"2019/08/21 03:20:00",JLB01,0
D,DISPATCH,UNIT_SCADA,1,"2019/08/21 03:20:00",JLB02,0.10
D,DISPATCH,UNIT_SCADA,1,"2019/08/21 03:20:00",JLB03,0
D,DISPATCH,UNIT_SCADA,1,"2019/08/21 03:20:00",KAREEYA1,21.5025
D,DISPATCH,UNIT_SCADA,1,"2019/08/21 03:20:00",KAREEYA2,21.8850
D,DISPATCH,UNIT_SCADA,1,"2019/08/21 03:20:00",KAREEYA3,0
D,DISPATCH,UNIT_SCADA,1,"2019/08/21 03:20:00",KAREEYA4,21.74
D,DISPATCH,UNIT_SCADA,1,"2019/08/21 03:20:00",KARSF1,0
D,DISPATCH,UNIT_SCADA,1,"2019/08/21 03:20:00",KIATAWF1,29.20
D,DISPATCH,UNIT_SCADA,1,"2019/08/21 03:20:00",KPP_1,0
D,DISPATCH,UNIT_SCADA,1,"2019/08/21 03:20:00",KSP1,0
D,DISPATCH,UNIT_SCADA,1,"2019/08/21 03:20:00",LADBROK1,0
D,DISPATCH,UNIT_SCADA,1,"2019/08/21 03:20:00",LADBROK2,0
D,DISPATCH,UNIT_SCADA,1,"2019/08/21 03:20:00",LD01,345.581270
D,DISPATCH,UNIT_SCADA,1,"2019/08/21 03:20:00",LD02,299.868710
D,DISPATCH,UNIT_SCADA,1,"2019/08/21 03:20:00",LD03,325.800020
D,DISPATCH,UNIT_SCADA,1,"2019/08/21 03:20:00",LD04,349.893770
D,DISPATCH,UNIT_SCADA,1,"2019/08/21 03:20:00",LEM_WIL,86.1754
D,DISPATCH,UNIT_SCADA,1,"2019/08/21 03:20:00",LGAPWF1,17.73
D,DISPATCH,UNIT_SCADA,1,"2019/08/21 03:20:00",LILYSF1,0
D,DISPATCH,UNIT_SCADA,1,"2019/08/21 03:20:00",LI_WY_CA,147.520480
D,DISPATCH,UNIT_SCADA,1,"2019/08/21 03:20:00",LKBONNY2,115.012990
D,DISPATCH,UNIT_SCADA,1,"2019/08/21 03:20:00",LKBONNY3,28.1343
D,DISPATCH,UNIT_SCADA,1,"2019/08/21 03:20:00",LK_ECHO,0
D,DISPATCH,UNIT_SCADA,1,"2019/08/21 03:20:00",LNGS1,0
D,DISPATCH,UNIT_SCADA,1,"2019/08/21 03:20:00",LNGS2,0
D,DISPATCH,UNIT_SCADA,1,"2019/08/21 03:20:00",LONSDALE,0
D,DISPATCH,UNIT_SCADA,1,"2019/08/21 03:20:00",LOYYB1,536.088620
D,DISPATCH,UNIT_SCADA,1,"2019/08/21 03:20:00",LOYYB2,580.074710
D,DISPATCH,UNIT_SCADA,1,"2019/08/21 03:20:00",LYA1,518
D,DISPATCH,UNIT_SCADA,1,"2019/08/21 03:20:00",LYA2,0
D,DISPATCH,UNIT_SCADA,1,"2019/08/21 03:20:00",LYA3,519
D,DISPATCH,UNIT_SCADA,1,"2019/08/21 03:20:00",LYA4,534
D,DISPATCH,UNIT_SCADA,1,"2019/08/21 03:20:00",MACARTH1,386.291080
D,DISPATCH,UNIT_SCADA,1,"2019/08/21 03:20:00",MACKAYGT,0
D,DISPATCH,UNIT_SCADA,1,"2019/08/21 03:20:00",MACKNTSH,84.810010
D,DISPATCH,UNIT_SCADA,1,"2019/08/21 03:20:00",MANSLR1,0
D,DISPATCH,UNIT_SCADA,1,"2019/08/21 03:20:00",MCKAY1,0.02
D,DISPATCH,UNIT_SCADA,1,"2019/08/21 03:20:00",MEADOWBK,34.0102
D,DISPATCH,UNIT_SCADA,1,"2019/08/21 03:20:00",MERCER01,129.052990
D,DISPATCH,UNIT_SCADA,1,"2019/08/21 03:20:00",MEWF1,105.4679
D,DISPATCH,UNIT_SCADA,1,"2019/08/21 03:20:00",MINTARO,0
D,DISPATCH,UNIT_SCADA,1,"2019/08/21 03:20:00",MOREESF1,0
D,DISPATCH,UNIT_SCADA,1,"2019/08/21 03:20:00",MORTLK11,0
D,DISPATCH,UNIT_SCADA,1,"2019/08/21 03:20:00",MORTLK12,0
D,DISPATCH,UNIT_SCADA,1,"2019/08/21 03:20:00",MP1,280.175050
D,DISPATCH,UNIT_SCADA,1,"2019/08/21 03:20:00",MP2,0
D,DISPATCH,UNIT_SCADA,1,"2019/08/21 03:20:00",MPP_1,364.25
D,DISPATCH,UNIT_SCADA,1,"2019/08/21 03:20:00",MPP_2,412
D,DISPATCH,UNIT_SCADA,1,"2019/08/21 03:20:00",MSTUART1,0
D,DISPATCH,UNIT_SCADA,1,"2019/08/21 03:20:00",MSTUART2,0
D,DISPATCH,UNIT_SCADA,1,"2019/08/21 03:20:00",MSTUART3,0
D,DISPATCH,UNIT_SCADA,1,"2019/08/21 03:20:00",MTGELWF1,64.828940
D,DISPATCH,UNIT_SCADA,1,"2019/08/21 03:20:00",MURRAY,0
D,DISPATCH,UNIT_SCADA,1,"2019/08/21 03:20:00",MUSSELR1,163.20
D,DISPATCH,UNIT_SCADA,1,"2019/08/21 03:20:00",MUWAWF1,49.11
D,DISPATCH,UNIT_SCADA,1,"2019/08/21 03:20:00",NBHWF1,85.70
D,DISPATCH,UNIT_SCADA,1,"2019/08/21 03:20:00",NPS,0
D,DISPATCH,UNIT_SCADA,1,"2019/08/21 03:20:00",NUMURSF1,0
D,DISPATCH,UNIT_SCADA,1,"2019/08/21 03:20:00",NYNGAN1,0
D,DISPATCH,UNIT_SCADA,1,"2019/08/21 03:20:00",OAKEY1,0
D,DISPATCH,UNIT_SCADA,1,"2019/08/21 03:20:00",OAKEY1SF,0
D,DISPATCH,UNIT_SCADA,1,"2019/08/21 03:20:00",OAKEY2,0
D,DISPATCH,UNIT_SCADA,1,"2019/08/21 03:20:00",OAKLAND1,62.70
D,DISPATCH,UNIT_SCADA,1,"2019/08/21 03:20:00",OSB-AG,0
D,DISPATCH,UNIT_SCADA,1,"2019/08/21 03:20:00",PARSF1,0
D,DISPATCH,UNIT_SCADA,1,"2019/08/21 03:20:00",POAT110,0
D,DISPATCH,UNIT_SCADA,1,"2019/08/21 03:20:00",POAT220,4.40
D,DISPATCH,UNIT_SCADA,1,"2019/08/21 03:20:00",POR01,0
D,DISPATCH,UNIT_SCADA,1,"2019/08/21 03:20:00",POR03,0
D,DISPATCH,UNIT_SCADA,1,"2019/08/21 03:20:00",PPCCGT,173.5522
D,DISPATCH,UNIT_SCADA,1,"2019/08/21 03:20:00",PTSTAN1,0
D,DISPATCH,UNIT_SCADA,1,"2019/08/21 03:20:00",PUMP1,0
D,DISPATCH,UNIT_SCADA,1,"2019/08/21 03:20:00",PUMP2,0
D,DISPATCH,UNIT_SCADA,1,"2019/08/21 03:20:00",QPS1,0
D,DISPATCH,UNIT_SCADA,1,"2019/08/21 03:20:00",QPS2,0
D,DISPATCH,UNIT_SCADA,1,"2019/08/21 03:20:00",QPS3,0
D,DISPATCH,UNIT_SCADA,1,"2019/08/21 03:20:00",QPS4,0
D,DISPATCH,UNIT_SCADA,1,"2019/08/21 03:20:00",QPS5,0
D,DISPATCH,UNIT_SCADA,1,"2019/08/21 03:20:00",REECE1,117.610010
D,DISPATCH,UNIT_SCADA,1,"2019/08/21 03:20:00",REECE2,112.88
D,DISPATCH,UNIT_SCADA,1,"2019/08/21 03:20:00",ROMA_7,0
D,DISPATCH,UNIT_SCADA,1,"2019/08/21 03:20:00",ROMA_8,0
D,DISPATCH,UNIT_SCADA,1,"2019/08/21 03:20:00",RRSF1,0
D,DISPATCH,UNIT_SCADA,1,"2019/08/21 03:20:00",RT_NSW1,0
D,DISPATCH,UNIT_SCADA,1,"2019/08/21 03:20:00",RT_NSW2,0
D,DISPATCH,UNIT_SCADA,1,"2019/08/21 03:20:00",RT_NSW3,0
D,DISPATCH,UNIT_SCADA,1,"2019/08/21 03:20:00",RT_NSW4,0
D,DISPATCH,UNIT_SCADA,1,"2019/08/21 03:20:00",RT_NSW5,0
D,DISPATCH,UNIT_SCADA,1,"2019/08/21 03:20:00",RT_NSW6,0
D,DISPATCH,UNIT_SCADA,1,"2019/08/21 03:20:00",RT_QLD1,0
D,DISPATCH,UNIT_SCADA,1,"2019/08/21 03:20:00",RT_SA1,0
D,DISPATCH,UNIT_SCADA,1,"2019/08/21 03:20:00",RT_SA2,0
D,DISPATCH,UNIT_SCADA,1,"2019/08/21 03:20:00",RT_SA3,0
D,DISPATCH,UNIT_SCADA,1,"2019/08/21 03:20:00",RT_SA4,0
D,DISPATCH,UNIT_SCADA,1,"2019/08/21 03:20:00",RT_SA5,0
D,DISPATCH,UNIT_SCADA,1,"2019/08/21 03:20:00",RT_SA6,0
D,DISPATCH,UNIT_SCADA,1,"2019/08/21 03:20:00",RT_TAS1,0
D,DISPATCH,UNIT_SCADA,1,"2019/08/21 03:20:00",RT_VIC1,0
D,DISPATCH,UNIT_SCADA,1,"2019/08/21 03:20:00",RT_VIC10,0
D,DISPATCH,UNIT_SCADA,1,"2019/08/21 03:20:00",RT_VIC11,0
D,DISPATCH,UNIT_SCADA,1,"2019/08/21 03:20:00",RT_VIC12,0
D,DISPATCH,UNIT_SCADA,1,"2019/08/21 03:20:00",RT_VIC2,0
D,DISPATCH,UNIT_SCADA,1,"2019/08/21 03:20:00",RT_VIC3,0
D,DISPATCH,UNIT_SCADA,1,"2019/08/21 03:20:00",RT_VIC4,0
D,DISPATCH,UNIT_SCADA,1,"2019/08/21 03:20:00",RT_VIC5,0
D,DISPATCH,UNIT_SCADA,1,"2019/08/21 03:20:00",RT_VIC6,0
D,DISPATCH,UNIT_SCADA,1,"2019/08/21 03:20:00",RT_VIC7,0
D,DISPATCH,UNIT_SCADA,1,"2019/08/21 03:20:00",RT_VIC8,0
D,DISPATCH,UNIT_SCADA,1,"2019/08/21 03:20:00",RT_VIC9,0
D,DISPATCH,UNIT_SCADA,1,"2019/08/21 03:20:00",RUGBYR1,0
D,DISPATCH,UNIT_SCADA,1,"2019/08/21 03:20:00",SALTCRK1,52.22
D,DISPATCH,UNIT_SCADA,1,"2019/08/21 03:20:00",SAPHWF1,184.603150
D,DISPATCH,UNIT_SCADA,1,"2019/08/21 03:20:00",SHGEN,0
D,DISPATCH,UNIT_SCADA,1,"2019/08/21 03:20:00",SHPUMP,200.779790
D,DISPATCH,UNIT_SCADA,1,"2019/08/21 03:20:00",SITHE01,0.153860
D,DISPATCH,UNIT_SCADA,1,"2019/08/21 03:20:00",SMCSF1,0
D,DISPATCH,UNIT_SCADA,1,"2019/08/21 03:20:00",SNOWNTH1,103.60
D,DISPATCH,UNIT_SCADA,1,"2019/08/21 03:20:00",SNOWSTH1,84.10
D,DISPATCH,UNIT_SCADA,1,"2019/08/21 03:20:00",SNOWTWN1,59.840760
D,DISPATCH,UNIT_SCADA,1,"2019/08/21 03:20:00",SNOWYP,382.100010
D,DISPATCH,UNIT_SCADA,1,"2019/08/21 03:20:00",SNUG1,0.019440
D,DISPATCH,UNIT_SCADA,1,"2019/08/21 03:20:00",SRSF1,0.07
D,DISPATCH,UNIT_SCADA,1,"2019/08/21 03:20:00",STAN-1,0
D,DISPATCH,UNIT_SCADA,1,"2019/08/21 03:20:00",STAN-2,180.6028
D,DISPATCH,UNIT_SCADA,1,"2019/08/21 03:20:00",STAN-3,220.235440
D,DISPATCH,UNIT_SCADA,1,"2019/08/21 03:20:00",STAN-4,191.549210
D,DISPATCH,UNIT_SCADA,1,"2019/08/21 03:20:00",STWF1,160.031250
D,DISPATCH,UNIT_SCADA,1,"2019/08/21 03:20:00",SWAN_E,0
D,DISPATCH,UNIT_SCADA,1,"2019/08/21 03:20:00",TALWA1,189
D,DISPATCH,UNIT_SCADA,1,"2019/08/21 03:20:00",TARALGA1,57.2025
D,DISPATCH,UNIT_SCADA,1,"2019/08/21 03:20:00",TARONG#1,282.200010
D,DISPATCH,UNIT_SCADA,1,"2019/08/21 03:20:00",TARONG#2,110.90
D,DISPATCH,UNIT_SCADA,1,"2019/08/21 03:20:00",TARONG#3,260.50
D,DISPATCH,UNIT_SCADA,1,"2019/08/21 03:20:00",TARONG#4,280.800020
D,DISPATCH,UNIT_SCADA,1,"2019/08/21 03:20:00",TARRALEA,85
D,DISPATCH,UNIT_SCADA,1,"2019/08/21 03:20:00",TBSF1,-0.20
D,DISPATCH,UNIT_SCADA,1,"2019/08/21 03:20:00",TNPS1,400.000030
D,DISPATCH,UNIT_SCADA,1,"2019/08/21 03:20:00",TORRA1,40.672190
D,DISPATCH,UNIT_SCADA,1,"2019/08/21 03:20:00",TORRA2,0
D,DISPATCH,UNIT_SCADA,1,"2019/08/21 03:20:00",TORRA3,0
D,DISPATCH,UNIT_SCADA,1,"2019/08/21 03:20:00",TORRA4,0
D,DISPATCH,UNIT_SCADA,1,"2019/08/21 03:20:00",TORRB1,39.67
D,DISPATCH,UNIT_SCADA,1,"2019/08/21 03:20:00",TORRB2,39.37
D,DISPATCH,UNIT_SCADA,1,"2019/08/21 03:20:00",TORRB3,0
D,DISPATCH,UNIT_SCADA,1,"2019/08/21 03:20:00",TORRB4,0
D,DISPATCH,UNIT_SCADA,1,"2019/08/21 03:20:00",TREVALLN,2
D,DISPATCH,UNIT_SCADA,1,"2019/08/21 03:20:00",TRIBUTE,0
D,DISPATCH,UNIT_SCADA,1,"2019/08/21 03:20:00",TUMUT3,0
D,DISPATCH,UNIT_SCADA,1,"2019/08/21 03:20:00",TUNGATIN,7.60
D,DISPATCH,UNIT_SCADA,1,"2019/08/21 03:20:00",TVCC201,0
D,DISPATCH,UNIT_SCADA,1,"2019/08/21 03:20:00",TVPP104,0
D,DISPATCH,UNIT_SCADA,1,"2019/08/21 03:20:00",UPPTUMUT,0
D,DISPATCH,UNIT_SCADA,1,"2019/08/21 03:20:00",URANQ11,0
D,DISPATCH,UNIT_SCADA,1,"2019/08/21 03:20:00",URANQ12,0
D,DISPATCH,UNIT_SCADA,1,"2019/08/21 03:20:00",URANQ13,0
D,DISPATCH,UNIT_SCADA,1,"2019/08/21 03:20:00",URANQ14,0
D,DISPATCH,UNIT_SCADA,1,"2019/08/21 03:20:00",VP5,288.899990
D,DISPATCH,UNIT_SCADA,1,"2019/08/21 03:20:00",VP6,289.074980
D,DISPATCH,UNIT_SCADA,1,"2019/08/21 03:20:00",VPGS1,0
D,DISPATCH,UNIT_SCADA,1,"2019/08/21 03:20:00",VPGS2,0
D,DISPATCH,UNIT_SCADA,1,"2019/08/21 03:20:00",VPGS3,0
D,DISPATCH,UNIT_SCADA,1,"2019/08/21 03:20:00",VPGS4,0
D,DISPATCH,UNIT_SCADA,1,"2019/08/21 03:20:00",VPGS5,0
D,DISPATCH,UNIT_SCADA,1,"2019/08/21 03:20:00",VPGS6,0
D,DISPATCH,UNIT_SCADA,1,"2019/08/21 03:20:00",W/HOE#1,0
D,DISPATCH,UNIT_SCADA,1,"2019/08/21 03:20:00",W/HOE#2,0
D,DISPATCH,UNIT_SCADA,1,"2019/08/21 03:20:00",WATERLWF,93
D,DISPATCH,UNIT_SCADA,1,"2019/08/21 03:20:00",WEMENSF1,0
D,DISPATCH,UNIT_SCADA,1,"2019/08/21 03:20:00",WGWF1,77.20
D,DISPATCH,UNIT_SCADA,1,"2019/08/21 03:20:00",WHITSF1,0
D,DISPATCH,UNIT_SCADA,1,"2019/08/21 03:20:00",WKIEWA1,0
D,DISPATCH,UNIT_SCADA,1,"2019/08/21 03:20:00",WKIEWA2,16
D,DISPATCH,UNIT_SCADA,1,"2019/08/21 03:20:00",WOODLWN1,37.1250
D,DISPATCH,UNIT_SCADA,1,"2019/08/21 03:20:00",WRSF1,0
D,DISPATCH,UNIT_SCADA,1,"2019/08/21 03:20:00",WRWF1,148.721250
D,DISPATCH,UNIT_SCADA,1,"2019/08/21 03:20:00",YABULU,0
D,DISPATCH,UNIT_SCADA,1,"2019/08/21 03:20:00",YABULU2,0
D,DISPATCH,UNIT_SCADA,1,"2019/08/21 03:20:00",YARWUN_1,0
D,DISPATCH,UNIT_SCADA,1,"2019/08/21 03:20:00",YENDWF1,41.99
D,DISPATCH,UNIT_SCADA,1,"2019/08/21 03:20:00",YWPS1,279.194950
D,DISPATCH,UNIT_SCADA,1,"2019/08/21 03:20:00",YWPS2,279.194950
D,DISPATCH,UNIT_SCADA,1,"2019/08/21 03:20:00",YWPS3,0
D,DISPATCH,UNIT_SCADA,1,"2019/08/21 03:20:00",YWPS4,299.827850
C,"END OF REPORT",334
