C,NEMP.WORLD,DISPATCHSCADA,AEMO,PUBLIC,2019/09/05,08:55:09,0000000312415379,DISPATCHSCADA,0000000312415373
I,DISPATCH,UNIT_SCADA,1,SETTLEMENTDATE,DUID,SCADAVALUE
D,DISPATCH,UNIT_SCADA,1,"2019/09/05 09:00:00",BARCSF1,8.80
D,DISPATCH,UNIT_SCADA,1,"2019/09/05 09:00:00",BUTLERSG,10.199999
D,DISPATCH,UNIT_SCADA,1,"2019/09/05 09:00:00",CALL_A_4,0
D,DISPATCH,UNIT_SCADA,1,"2019/09/05 09:00:00",CAPTL_WF,0
D,DISPATCH,UNIT_SCADA,1,"2019/09/05 09:00:00",CATHROCK,43.589996
D,DISPATCH,UNIT_SCADA,1,"2019/09/05 09:00:00",CLOVER,0
D,DISPATCH,UNIT_SCADA,1,"2019/09/05 09:00:00",CLUNY,8.263218
D,DISPATCH,UNIT_SCADA,1,"2019/09/05 09:00:00",CNUNDAWF,17.019855
D,DISPATCH,UNIT_SCADA,1,"2019/09/05 09:00:00",CULLRGWF,3.20
D,DISPATCH,UNIT_SCADA,1,"2019/09/05 09:00:00",ERGT01,0
D,DISPATCH,UNIT_SCADA,1,"2019/09/05 09:00:00",GB01,0.017967
D,DISPATCH,UNIT_SCADA,1,"2019/09/05 09:00:00",GERMCRK,37
D,DISPATCH,UNIT_SCADA,1,"2019/09/05 09:00:00",GRIFSF1,24.600006
D,DISPATCH,UNIT_SCADA,1,"2019/09/05 09:00:00",HUGSF1,8.9610
D,DISPATCH,UNIT_SCADA,1,"2019/09/05 09:00:00",LKBONNY1,27.596594
D,DISPATCH,UNIT_SCADA,1,"2019/09/05 09:00:00",LRSF1,12.356001
D,DISPATCH,UNIT_SCADA,1,"2019/09/05 09:00:00",MBAHNTH,42.993744
D,DISPATCH,UNIT_SCADA,1,"2019/09/05 09:00:00",MLSP1,4.315001
D,DISPATCH,UNIT_SCADA,1,"2019/09/05 09:00:00",MLWF1,3.06
D,DISPATCH,UNIT_SCADA,1,"2019/09/05 09:00:00",MTMILLAR,11.214056
D,DISPATCH,UNIT_SCADA,1,"2019/09/05 09:00:00",PALOONA,24.50
D,DISPATCH,UNIT_SCADA,1,"2019/09/05 09:00:00",PIONEER,46.799999
D,DISPATCH,UNIT_SCADA,1,"2019/09/05 09:00:00",PORTWF,24.60
D,DISPATCH,UNIT_SCADA,1,"2019/09/05 09:00:00",REPULSE,24.853285
D,DISPATCH,UNIT_SCADA,1,"2019/09/05 09:00:00",ROWALLAN,10.3021
D,DISPATCH,UNIT_SCADA,1,"2019/09/05 09:00:00",ROYALLA1,4.386001
D,DISPATCH,UNIT_SCADA,1,"2019/09/05 09:00:00",RPCG,12.50
D,DISPATCH,UNIT_SCADA,1,"2019/09/05 09:00:00",RUBICON,0
D,DISPATCH,UNIT_SCADA,1,"2019/09/05 09:00:00",SATGN1,0
D,DISPATCH,UNIT_SCADA,1,"2019/09/05 09:00:00",SATGS1,0
D,DISPATCH,UNIT_SCADA,1,"2019/09/05 09:00:00",STARHLWF,1.099679
D,DISPATCH,UNIT_SCADA,1,"2019/09/05 09:00:00",WAUBRAWF,21.9590
D,DISPATCH,UNIT_SCADA,1,"2019/09/05 09:00:00",WOOLNTH1,0.080015
D,DISPATCH,UNIT_SCADA,1,"2019/09/05 09:00:00",WPWF,7
D,DISPATCH,UNIT_SCADA,1,"2019/09/05 09:00:00",YAMBUKWF,3.30
D,DISPATCH,UNIT_SCADA,1,"2019/09/05 09:00:00",YSWF1,0
D,DISPATCH,UNIT_SCADA,1,"2019/09/05 09:00:00",AGLHAL,0
D,DISPATCH,UNIT_SCADA,1,"2019/09/05 09:00:00",AGLSOM,0
D,DISPATCH,UNIT_SCADA,1,"2019/09/05 09:00:00",ANGAST1,0
D,DISPATCH,UNIT_SCADA,1,"2019/09/05 09:00:00",ARWF1,8.20
D,DISPATCH,UNIT_SCADA,1,"2019/09/05 09:00:00",BALBG1,0
D,DISPATCH,UNIT_SCADA,1,"2019/09/05 09:00:00",BALBL1,0
D,DISPATCH,UNIT_SCADA,1,"2019/09/05 09:00:00",BALDHWF1,5.2310
D,DISPATCH,UNIT_SCADA,1,"2019/09/05 09:00:00",BANN1,11.31
D,DISPATCH,UNIT_SCADA,1,"2019/09/05 09:00:00",BARCALDN,0
D,DISPATCH,UNIT_SCADA,1,"2019/09/05 09:00:00",BARRON-1,33.56
D,DISPATCH,UNIT_SCADA,1,"2019/09/05 09:00:00",BARRON-2,0
D,DISPATCH,UNIT_SCADA,1,"2019/09/05 09:00:00",BASTYAN,80.70
D,DISPATCH,UNIT_SCADA,1,"2019/09/05 09:00:00",BBTHREE1,0
D,DISPATCH,UNIT_SCADA,1,"2019/09/05 09:00:00",BBTHREE2,0
D,DISPATCH,UNIT_SCADA,1,"2019/09/05 09:00:00",BBTHREE3,0
D,DISPATCH,UNIT_SCADA,1,"2019/09/05 09:00:00",BDL01,43.92
D,DISPATCH,UNIT_SCADA,1,"2019/09/05 09:00:00",BDL02,-0.06
D,DISPATCH,UNIT_SCADA,1,"2019/09/05 09:00:00",BERYLSF1,71.040940
D,DISPATCH,UNIT_SCADA,1,"2019/09/05 09:00:00",BLOWERNG,11.10
D,DISPATCH,UNIT_SCADA,1,"2019/09/05 09:00:00",BLUFF1,0
D,DISPATCH,UNIT_SCADA,1,"2019/09/05 09:00:00",BNGSF1,92.56
D,DISPATCH,UNIT_SCADA,1,"2019/09/05 09:00:00",BNGSF2,20
D,DISPATCH,UNIT_SCADA,1,"2019/09/05 09:00:00",BOCORWF1,0
D,DISPATCH,UNIT_SCADA,1,"2019/09/05 09:00:00",BODWF1,14.120960
D,DISPATCH,UNIT_SCADA,1,"2019/09/05 09:00:00",BRAEMAR1,0
D,DISPATCH,UNIT_SCADA,1,"2019/09/05 09:00:00",BRAEMAR2,0
D,DISPATCH,UNIT_SCADA,1,"2019/09/05 09:00:00",BRAEMAR3,0
D,DISPATCH,UNIT_SCADA,1,"2019/09/05 09:00:00",BRAEMAR5,0
D,DISPATCH,UNIT_SCADA,1,"2019/09/05 09:00:00",BRAEMAR6,0
D,DISPATCH,UNIT_SCADA,1,"2019/09/05 09:00:00",BRAEMAR7,0
D,DISPATCH,UNIT_SCADA,1,"2019/09/05 09:00:00",BROKENH1,30.923580
D,DISPATCH,UNIT_SCADA,1,"2019/09/05 09:00:00",BW01,571.599980
D,DISPATCH,UNIT_SCADA,1,"2019/09/05 09:00:00",BW02,648.299930
D,DISPATCH,UNIT_SCADA,1,"2019/09/05 09:00:00",BW03,653.349980
D,DISPATCH,UNIT_SCADA,1,"2019/09/05 09:00:00",BW04,0
D,DISPATCH,UNIT_SCADA,1,"2019/09/05 09:00:00",CALL_B_1,298
D,DISPATCH,UNIT_SCADA,1,"2019/09/05 09:00:00",CALL_B_2,251.50
D,DISPATCH,UNIT_SCADA,1,"2019/09/05 09:00:00",CETHANA,80.401630
D,DISPATCH,UNIT_SCADA,1,"2019/09/05 09:00:00",CG1,0
D,DISPATCH,UNIT_SCADA,1,"2019/09/05 09:00:00",CG2,0
D,DISPATCH,UNIT_SCADA,1,"2019/09/05 09:00:00",CG3,0
D,DISPATCH,UNIT_SCADA,1,"2019/09/05 09:00:00",CG4,0
D,DISPATCH,UNIT_SCADA,1,"2019/09/05 09:00:00",CHILDSF1,55.94
D,DISPATCH,UNIT_SCADA,1,"2019/09/05 09:00:00",CLARESF1,33.095680
D,DISPATCH,UNIT_SCADA,1,"2019/09/05 09:00:00",CLEMGPWF,29.966570
D,DISPATCH,UNIT_SCADA,1,"2019/09/05 09:00:00",CLERMSF1,14.98
D,DISPATCH,UNIT_SCADA,1,"2019/09/05 09:00:00",COLEASF1,38.30
D,DISPATCH,UNIT_SCADA,1,"2019/09/05 09:00:00",COOPGWF1,0.107030
D,DISPATCH,UNIT_SCADA,1,"2019/09/05 09:00:00",CPP_3,198.8250
D,DISPATCH,UNIT_SCADA,1,"2019/09/05 09:00:00",CPP_4,180.95
D,DISPATCH,UNIT_SCADA,1,"2019/09/05 09:00:00",CPSA,122.236250
D,DISPATCH,UNIT_SCADA,1,"2019/09/05 09:00:00",CROOKWF2,3.733750
D,DISPATCH,UNIT_SCADA,1,"2019/09/05 09:00:00",CROWLWF1,1.126140
D,DISPATCH,UNIT_SCADA,1,"2019/09/05 09:00:00",CSPVPS1,25.2380
D,DISPATCH,UNIT_SCADA,1,"2019/09/05 09:00:00",DALNTH01,0
D,DISPATCH,UNIT_SCADA,1,"2019/09/05 09:00:00",DALNTHL1,0.074770
D,DISPATCH,UNIT_SCADA,1,"2019/09/05 09:00:00",DARTM1,133.70
D,DISPATCH,UNIT_SCADA,1,"2019/09/05 09:00:00",DAYDSF1,0
D,DISPATCH,UNIT_SCADA,1,"2019/09/05 09:00:00",DDPS1,0
D,DISPATCH,UNIT_SCADA,1,"2019/09/05 09:00:00",DDSF1,81.674240
D,DISPATCH,UNIT_SCADA,1,"2019/09/05 09:00:00",DEVILS_G,56.207770
D,DISPATCH,UNIT_SCADA,1,"2019/09/05 09:00:00",DG_NSW1,0
D,DISPATCH,UNIT_SCADA,1,"2019/09/05 09:00:00",DG_QLD1,0
D,DISPATCH,UNIT_SCADA,1,"2019/09/05 09:00:00",DG_SA1,0
D,DISPATCH,UNIT_SCADA,1,"2019/09/05 09:00:00",DG_TAS1,0
D,DISPATCH,UNIT_SCADA,1,"2019/09/05 09:00:00",DG_VIC1,0
D,DISPATCH,UNIT_SCADA,1,"2019/09/05 09:00:00",DRYCGT1,0
D,DISPATCH,UNIT_SCADA,1,"2019/09/05 09:00:00",DRYCGT2,0
D,DISPATCH,UNIT_SCADA,1,"2019/09/05 09:00:00",DRYCGT3,0
D,DISPATCH,UNIT_SCADA,1,"2019/09/05 09:00:00",EILDON1,0
D,DISPATCH,UNIT_SCADA,1,"2019/09/05 09:00:00",EILDON2,0
D,DISPATCH,UNIT_SCADA,1,"2019/09/05 09:00:00",EMERASF1,0.22
D,DISPATCH,UNIT_SCADA,1,"2019/09/05 09:00:00",ER01,594.550050
D,DISPATCH,UNIT_SCADA,1,"2019/09/05 09:00:00",ER02,605.574950
D,DISPATCH,UNIT_SCADA,1,"2019/09/05 09:00:00",ER03,0
D,DISPATCH,UNIT_SCADA,1,"2019/09/05 09:00:00",ER04,696.25
D,DISPATCH,UNIT_SCADA,1,"2019/09/05 09:00:00",FINLYSF1,6.381260
D,DISPATCH,UNIT_SCADA,1,"2019/09/05 09:00:00",FISHER,45.90
D,DISPATCH,UNIT_SCADA,1,"2019/09/05 09:00:00",GANNBG1,0
D,DISPATCH,UNIT_SCADA,1,"2019/09/05 09:00:00",GANNBL1,0.003470
D,DISPATCH,UNIT_SCADA,1,"2019/09/05 09:00:00",GANNSF1,10.10
D,DISPATCH,UNIT_SCADA,1,"2019/09/05 09:00:00",GORDON,74.791360
D,DISPATCH,UNIT_SCADA,1,"2019/09/05 09:00:00",GSTONE1,130.724990
D,DISPATCH,UNIT_SCADA,1,"2019/09/05 09:00:00",GSTONE2,110.0750
D,DISPATCH,UNIT_SCADA,1,"2019/09/05 09:00:00",GSTONE3,0
D,DISPATCH,UNIT_SCADA,1,"2019/09/05 09:00:00",GSTONE4,130.899990
D,DISPATCH,UNIT_SCADA,1,"2019/09/05 09:00:00",GSTONE5,130.55
D,DISPATCH,UNIT_SCADA,1,"2019/09/05 09:00:00",GSTONE6,130.899990
D,DISPATCH,UNIT_SCADA,1,"2019/09/05 09:00:00",GULLRSF1,8.171260
D,DISPATCH,UNIT_SCADA,1,"2019/09/05 09:00:00",GULLRWF1,17.192380
D,DISPATCH,UNIT_SCADA,1,"2019/09/05 09:00:00",GUNNING1,3.294030
D,DISPATCH,UNIT_SCADA,1,"2019/09/05 09:00:00",GUTHEGA,31.10
D,DISPATCH,UNIT_SCADA,1,"2019/09/05 09:00:00",HALLWF1,-0.40
D,DISPATCH,UNIT_SCADA,1,"2019/09/05 09:00:00",HALLWF2,-0.31
D,DISPATCH,UNIT_SCADA,1,"2019/09/05 09:00:00",HAMISF1,46.10
D,DISPATCH,UNIT_SCADA,1,"2019/09/05 09:00:00",HAUGHT11,99.1191
D,DISPATCH,UNIT_SCADA,1,"2019/09/05 09:00:00",HAYMSF1,40.29
D,DISPATCH,UNIT_SCADA,1,"2019/09/05 09:00:00",HDWF1,-0.40
D,DISPATCH,UNIT_SCADA,1,"2019/09/05 09:00:00",HDWF2,-0.70
D,DISPATCH,UNIT_SCADA,1,"2019/09/05 09:00:00",HDWF3,-0.50
D,DISPATCH,UNIT_SCADA,1,"2019/09/05 09:00:00",HPRG1,0
D,DISPATCH,UNIT_SCADA,1,"2019/09/05 09:00:00",HPRL1,13.60
D,DISPATCH,UNIT_SCADA,1,"2019/09/05 09:00:00",HUMENSW,0
D,DISPATCH,UNIT_SCADA,1,"2019/09/05 09:00:00",HUMEV,25.50
D,DISPATCH,UNIT_SCADA,1,"2019/09/05 09:00:00",HVGTS,0
D,DISPATCH,UNIT_SCADA,1,"2019/09/05 09:00:00",JBUTTERS,108.579990
D,DISPATCH,UNIT_SCADA,1,"2019/09/05 09:00:00",JLA01,0.10
D,DISPATCH,UNIT_SCADA,1,"2019/09/05 09:00:00",JLA02,0
D,DISPATCH,UNIT_SCADA,1,"2019/09/05 09:00:00",JLA03,0
D,DISPATCH,UNIT_SCADA,1,"2019/09/05 09:00:00",JLA04,0
D,DISPATCH,UNIT_SCADA,1,"2019/09/05 09:00:00",JLB01,0
D,DISPATCH,UNIT_SCADA,1,"2019/09/05 09:00:00",JLB02,39.10
D,DISPATCH,UNIT_SCADA,1,"2019/09/05 09:00:00",JLB03,0
D,DISPATCH,UNIT_SCADA,1,"2019/09/05 09:00:00",KAREEYA1,21.4925
D,DISPATCH,UNIT_SCADA,1,"2019/09/05 09:00:00",KAREEYA2,21.8925
D,DISPATCH,UNIT_SCADA,1,"2019/09/05 09:00:00",KAREEYA3,0
D,DISPATCH,UNIT_SCADA,1,"2019/09/05 09:00:00",KAREEYA4,21.4975
D,DISPATCH,UNIT_SCADA,1,"2019/09/05 09:00:00",KARSF1,78.40
D,DISPATCH,UNIT_SCADA,1,"2019/09/05 09:00:00",KIATAWF1,5.40
D,DISPATCH,UNIT_SCADA,1,"2019/09/05 09:00:00",KPP_1,0
D,DISPATCH,UNIT_SCADA,1,"2019/09/05 09:00:00",KSP1,0
D,DISPATCH,UNIT_SCADA,1,"2019/09/05 09:00:00",LADBROK1,41.53
D,DISPATCH,UNIT_SCADA,1,"2019/09/05 09:00:00",LADBROK2,42.51
D,DISPATCH,UNIT_SCADA,1,"2019/09/05 09:00:00",LD01,380.231230
D,DISPATCH,UNIT_SCADA,1,"2019/09/05 09:00:00",LD02,379.931210
D,DISPATCH,UNIT_SCADA,1,"2019/09/05 09:00:00",LD03,381.862520
D,DISPATCH,UNIT_SCADA,1,"2019/09/05 09:00:00",LD04,381.524960
D,DISPATCH,UNIT_SCADA,1,"2019/09/05 09:00:00",LEM_WIL,80.9367
D,DISPATCH,UNIT_SCADA,1,"2019/09/05 09:00:00",LGAPWF1,34.60
D,DISPATCH,UNIT_SCADA,1,"2019/09/05 09:00:00",LILYSF1,88.080380
D,DISPATCH,UNIT_SCADA,1,"2019/09/05 09:00:00",LI_WY_CA,160.945210
D,DISPATCH,UNIT_SCADA,1,"2019/09/05 09:00:00",LKBONNY2,53.026170
D,DISPATCH,UNIT_SCADA,1,"2019/09/05 09:00:00",LKBONNY3,20.263390
D,DISPATCH,UNIT_SCADA,1,"2019/09/05 09:00:00",LK_ECHO,0
D,DISPATCH,UNIT_SCADA,1,"2019/09/05 09:00:00",LNGS1,0
D,DISPATCH,UNIT_SCADA,1,"2019/09/05 09:00:00",LNGS2,0
D,DISPATCH,UNIT_SCADA,1,"2019/09/05 09:00:00",LONSDALE,0
D,DISPATCH,UNIT_SCADA,1,"2019/09/05 09:00:00",LOYYB1,535.712650
D,DISPATCH,UNIT_SCADA,1,"2019/09/05 09:00:00",LOYYB2,581.578490
D,DISPATCH,UNIT_SCADA,1,"2019/09/05 09:00:00",LYA1,0
D,DISPATCH,UNIT_SCADA,1,"2019/09/05 09:00:00",LYA2,0
D,DISPATCH,UNIT_SCADA,1,"2019/09/05 09:00:00",LYA3,558
D,DISPATCH,UNIT_SCADA,1,"2019/09/05 09:00:00",LYA4,539
D,DISPATCH,UNIT_SCADA,1,"2019/09/05 09:00:00",MACARTH1,0
D,DISPATCH,UNIT_SCADA,1,"2019/09/05 09:00:00",MACKAYGT,0.2240
D,DISPATCH,UNIT_SCADA,1,"2019/09/05 09:00:00",MACKNTSH,89.010010
D,DISPATCH,UNIT_SCADA,1,"2019/09/05 09:00:00",MANSLR1,36.8540
D,DISPATCH,UNIT_SCADA,1,"2019/09/05 09:00:00",MCKAY1,0.0750
D,DISPATCH,UNIT_SCADA,1,"2019/09/05 09:00:00",MEADOWBK,32.181080
D,DISPATCH,UNIT_SCADA,1,"2019/09/05 09:00:00",MERCER01,36.8770
D,DISPATCH,UNIT_SCADA,1,"2019/09/05 09:00:00",MEWF1,25.8560
D,DISPATCH,UNIT_SCADA,1,"2019/09/05 09:00:00",MINTARO,0
D,DISPATCH,UNIT_SCADA,1,"2019/09/05 09:00:00",MOREESF1,51.3620
D,DISPATCH,UNIT_SCADA,1,"2019/09/05 09:00:00",MORTLK11,260
D,DISPATCH,UNIT_SCADA,1,"2019/09/05 09:00:00",MORTLK12,0
D,DISPATCH,UNIT_SCADA,1,"2019/09/05 09:00:00",MP1,218.175050
D,DISPATCH,UNIT_SCADA,1,"2019/09/05 09:00:00",MP2,0
D,DISPATCH,UNIT_SCADA,1,"2019/09/05 09:00:00",MPP_1,243.75
D,DISPATCH,UNIT_SCADA,1,"2019/09/05 09:00:00",MPP_2,340
D,DISPATCH,UNIT_SCADA,1,"2019/09/05 09:00:00",MSTUART1,0
D,DISPATCH,UNIT_SCADA,1,"2019/09/05 09:00:00",MSTUART2,0
D,DISPATCH,UNIT_SCADA,1,"2019/09/05 09:00:00",MSTUART3,0
D,DISPATCH,UNIT_SCADA,1,"2019/09/05 09:00:00",MTGELWF1,-0.108340
D,DISPATCH,UNIT_SCADA,1,"2019/09/05 09:00:00",MURRAY,0
D,DISPATCH,UNIT_SCADA,1,"2019/09/05 09:00:00",MUSSELR1,-0.30
D,DISPATCH,UNIT_SCADA,1,"2019/09/05 09:00:00",MUWAWF1,4.77
D,DISPATCH,UNIT_SCADA,1,"2019/09/05 09:00:00",NBHWF1,-0.50
D,DISPATCH,UNIT_SCADA,1,"2019/09/05 09:00:00",NPS,273.3750
D,DISPATCH,UNIT_SCADA,1,"2019/09/05 09:00:00",NUMURSF1,5.91
D,DISPATCH,UNIT_SCADA,1,"2019/09/05 09:00:00",NYNGAN1,68
D,DISPATCH,UNIT_SCADA,1,"2019/09/05 09:00:00",OAKEY1,0
D,DISPATCH,UNIT_SCADA,1,"2019/09/05 09:00:00",OAKEY1SF,21.5140
D,DISPATCH,UNIT_SCADA,1,"2019/09/05 09:00:00",OAKEY2,0
D,DISPATCH,UNIT_SCADA,1,"2019/09/05 09:00:00",OAKEY2SF,0
D,DISPATCH,UNIT_SCADA,1,"2019/09/05 09:00:00",OAKLAND1,10.10
D,DISPATCH,UNIT_SCADA,1,"2019/09/05 09:00:00",OSB-AG,179.94
D,DISPATCH,UNIT_SCADA,1,"2019/09/05 09:00:00",PARSF1,46.599990
D,DISPATCH,UNIT_SCADA,1,"2019/09/05 09:00:00",POAT110,0
D,DISPATCH,UNIT_SCADA,1,"2019/09/05 09:00:00",POAT220,37.05
D,DISPATCH,UNIT_SCADA,1,"2019/09/05 09:00:00",POR01,0
D,DISPATCH,UNIT_SCADA,1,"2019/09/05 09:00:00",POR03,0
D,DISPATCH,UNIT_SCADA,1,"2019/09/05 09:00:00",PPCCGT,486.9581
D,DISPATCH,UNIT_SCADA,1,"2019/09/05 09:00:00",PTSTAN1,0
D,DISPATCH,UNIT_SCADA,1,"2019/09/05 09:00:00",PUMP1,0
D,DISPATCH,UNIT_SCADA,1,"2019/09/05 09:00:00",PUMP2,0
D,DISPATCH,UNIT_SCADA,1,"2019/09/05 09:00:00",QPS1,29.10
D,DISPATCH,UNIT_SCADA,1,"2019/09/05 09:00:00",QPS2,0
D,DISPATCH,UNIT_SCADA,1,"2019/09/05 09:00:00",QPS3,23.10
D,DISPATCH,UNIT_SCADA,1,"2019/09/05 09:00:00",QPS4,23.60
D,DISPATCH,UNIT_SCADA,1,"2019/09/05 09:00:00",QPS5,0
D,DISPATCH,UNIT_SCADA,1,"2019/09/05 09:00:00",REECE1,102.500010
D,DISPATCH,UNIT_SCADA,1,"2019/09/05 09:00:00",REECE2,101.570010
D,DISPATCH,UNIT_SCADA,1,"2019/09/05 09:00:00",ROMA_7,0
D,DISPATCH,UNIT_SCADA,1,"2019/09/05 09:00:00",ROMA_8,0
D,DISPATCH,UNIT_SCADA,1,"2019/09/05 09:00:00",RRSF1,102.362560
D,DISPATCH,UNIT_SCADA,1,"2019/09/05 09:00:00",RT_NSW1,0
D,DISPATCH,UNIT_SCADA,1,"2019/09/05 09:00:00",RT_NSW2,0
D,DISPATCH,UNIT_SCADA,1,"2019/09/05 09:00:00",RT_NSW3,0
D,DISPATCH,UNIT_SCADA,1,"2019/09/05 09:00:00",RT_NSW4,0
D,DISPATCH,UNIT_SCADA,1,"2019/09/05 09:00:00",RT_NSW5,0
D,DISPATCH,UNIT_SCADA,1,"2019/09/05 09:00:00",RT_NSW6,0
D,DISPATCH,UNIT_SCADA,1,"2019/09/05 09:00:00",RT_QLD1,0
D,DISPATCH,UNIT_SCADA,1,"2019/09/05 09:00:00",RT_SA1,0
D,DISPATCH,UNIT_SCADA,1,"2019/09/05 09:00:00",RT_SA2,0
D,DISPATCH,UNIT_SCADA,1,"2019/09/05 09:00:00",RT_SA3,0
D,DISPATCH,UNIT_SCADA,1,"2019/09/05 09:00:00",RT_SA4,0
D,DISPATCH,UNIT_SCADA,1,"2019/09/05 09:00:00",RT_SA5,0
D,DISPATCH,UNIT_SCADA,1,"2019/09/05 09:00:00",RT_SA6,0
D,DISPATCH,UNIT_SCADA,1,"2019/09/05 09:00:00",RT_TAS1,0
D,DISPATCH,UNIT_SCADA,1,"2019/09/05 09:00:00",RT_VIC1,0
D,DISPATCH,UNIT_SCADA,1,"2019/09/05 09:00:00",RT_VIC10,0
D,DISPATCH,UNIT_SCADA,1,"2019/09/05 09:00:00",RT_VIC11,0
D,DISPATCH,UNIT_SCADA,1,"2019/09/05 09:00:00",RT_VIC12,0
D,DISPATCH,UNIT_SCADA,1,"2019/09/05 09:00:00",RT_VIC2,0
D,DISPATCH,UNIT_SCADA,1,"2019/09/05 09:00:00",RT_VIC3,0
D,DISPATCH,UNIT_SCADA,1,"2019/09/05 09:00:00",RT_VIC4,0
D,DISPATCH,UNIT_SCADA,1,"2019/09/05 09:00:00",RT_VIC5,0
D,DISPATCH,UNIT_SCADA,1,"2019/09/05 09:00:00",RT_VIC6,0
D,DISPATCH,UNIT_SCADA,1,"2019/09/05 09:00:00",RT_VIC7,0
D,DISPATCH,UNIT_SCADA,1,"2019/09/05 09:00:00",RT_VIC8,0
D,DISPATCH,UNIT_SCADA,1,"2019/09/05 09:00:00",RT_VIC9,0
D,DISPATCH,UNIT_SCADA,1,"2019/09/05 09:00:00",RUGBYR1,64.759810
D,DISPATCH,UNIT_SCADA,1,"2019/09/05 09:00:00",SALTCRK1,16.28
D,DISPATCH,UNIT_SCADA,1,"2019/09/05 09:00:00",SAPHWF1,3.862490
D,DISPATCH,UNIT_SCADA,1,"2019/09/05 09:00:00",SHGEN,0
D,DISPATCH,UNIT_SCADA,1,"2019/09/05 09:00:00",SHPUMP,0
D,DISPATCH,UNIT_SCADA,1,"2019/09/05 09:00:00",SITHE01,0.1840
D,DISPATCH,UNIT_SCADA,1,"2019/09/05 09:00:00",SMCSF1,61.374040
D,DISPATCH,UNIT_SCADA,1,"2019/09/05 09:00:00",SNOWNTH1,92.90
D,DISPATCH,UNIT_SCADA,1,"2019/09/05 09:00:00",SNOWSTH1,93.40
D,DISPATCH,UNIT_SCADA,1,"2019/09/05 09:00:00",SNOWTWN1,54.140710
D,DISPATCH,UNIT_SCADA,1,"2019/09/05 09:00:00",SNOWYP,0
D,DISPATCH,UNIT_SCADA,1,"2019/09/05 09:00:00",SNUG1,0.019440
D,DISPATCH,UNIT_SCADA,1,"2019/09/05 09:00:00",SRSF1,34.37
D,DISPATCH,UNIT_SCADA,1,"2019/09/05 09:00:00",STAN-1,249.908650
D,DISPATCH,UNIT_SCADA,1,"2019/09/05 09:00:00",STAN-2,259.355380
D,DISPATCH,UNIT_SCADA,1,"2019/09/05 09:00:00",STAN-3,299.231540
D,DISPATCH,UNIT_SCADA,1,"2019/09/05 09:00:00",STAN-4,297.731870
D,DISPATCH,UNIT_SCADA,1,"2019/09/05 09:00:00",STWF1,0
D,DISPATCH,UNIT_SCADA,1,"2019/09/05 09:00:00",SWAN_E,0
D,DISPATCH,UNIT_SCADA,1,"2019/09/05 09:00:00",TALWA1,416
D,DISPATCH,UNIT_SCADA,1,"2019/09/05 09:00:00",TARALGA1,8.4075
D,DISPATCH,UNIT_SCADA,1,"2019/09/05 09:00:00",TARONG#1,349.600010
D,DISPATCH,UNIT_SCADA,1,"2019/09/05 09:00:00",TARONG#2,0
D,DISPATCH,UNIT_SCADA,1,"2019/09/05 09:00:00",TARONG#3,279.200010
D,DISPATCH,UNIT_SCADA,1,"2019/09/05 09:00:00",TARONG#4,350.200010
D,DISPATCH,UNIT_SCADA,1,"2019/09/05 09:00:00",TARRALEA,71
D,DISPATCH,UNIT_SCADA,1,"2019/09/05 09:00:00",TBSF1,10.60
D,DISPATCH,UNIT_SCADA,1,"2019/09/05 09:00:00",TNPS1,379.300020
D,DISPATCH,UNIT_SCADA,1,"2019/09/05 09:00:00",TORRA1,64.533830
D,DISPATCH,UNIT_SCADA,1,"2019/09/05 09:00:00",TORRA2,0
D,DISPATCH,UNIT_SCADA,1,"2019/09/05 09:00:00",TORRA3,0
D,DISPATCH,UNIT_SCADA,1,"2019/09/05 09:00:00",TORRA4,62.659440
D,DISPATCH,UNIT_SCADA,1,"2019/09/05 09:00:00",TORRB1,97.55
D,DISPATCH,UNIT_SCADA,1,"2019/09/05 09:00:00",TORRB2,97.55
D,DISPATCH,UNIT_SCADA,1,"2019/09/05 09:00:00",TORRB3,97.62
D,DISPATCH,UNIT_SCADA,1,"2019/09/05 09:00:00",TORRB4,0
D,DISPATCH,UNIT_SCADA,1,"2019/09/05 09:00:00",TREVALLN,61.640010
D,DISPATCH,UNIT_SCADA,1,"2019/09/05 09:00:00",TRIBUTE,0
D,DISPATCH,UNIT_SCADA,1,"2019/09/05 09:00:00",TUMUT3,145.259990
D,DISPATCH,UNIT_SCADA,1,"2019/09/05 09:00:00",TUNGATIN,120.980030
D,DISPATCH,UNIT_SCADA,1,"2019/09/05 09:00:00",TVCC201,0
D,DISPATCH,UNIT_SCADA,1,"2019/09/05 09:00:00",TVPP104,0
D,DISPATCH,UNIT_SCADA,1,"2019/09/05 09:00:00",UPPTUMUT,371.170750
D,DISPATCH,UNIT_SCADA,1,"2019/09/05 09:00:00",URANQ11,162.218750
D,DISPATCH,UNIT_SCADA,1,"2019/09/05 09:00:00",URANQ12,165.418730
D,DISPATCH,UNIT_SCADA,1,"2019/09/05 09:00:00",URANQ13,0
D,DISPATCH,UNIT_SCADA,1,"2019/09/05 09:00:00",URANQ14,0
D,DISPATCH,UNIT_SCADA,1,"2019/09/05 09:00:00",VP5,643.75
D,DISPATCH,UNIT_SCADA,1,"2019/09/05 09:00:00",VP6,0
D,DISPATCH,UNIT_SCADA,1,"2019/09/05 09:00:00",VPGS1,0
D,DISPATCH,UNIT_SCADA,1,"2019/09/05 09:00:00",VPGS2,0
D,DISPATCH,UNIT_SCADA,1,"2019/09/05 09:00:00",VPGS3,0
D,DISPATCH,UNIT_SCADA,1,"2019/09/05 09:00:00",VPGS4,0
D,DISPATCH,UNIT_SCADA,1,"2019/09/05 09:00:00",VPGS5,0
D,DISPATCH,UNIT_SCADA,1,"2019/09/05 09:00:00",VPGS6,0
D,DISPATCH,UNIT_SCADA,1,"2019/09/05 09:00:00",W/HOE#1,0
D,DISPATCH,UNIT_SCADA,1,"2019/09/05 09:00:00",W/HOE#2,0
D,DISPATCH,UNIT_SCADA,1,"2019/09/05 09:00:00",WATERLWF,3.30
D,DISPATCH,UNIT_SCADA,1,"2019/09/05 09:00:00",WEMENSF1,8.90
D,DISPATCH,UNIT_SCADA,1,"2019/09/05 09:00:00",WGWF1,0
D,DISPATCH,UNIT_SCADA,1,"2019/09/05 09:00:00",WHITSF1,0
D,DISPATCH,UNIT_SCADA,1,"2019/09/05 09:00:00",WKIEWA1,33.90
D,DISPATCH,UNIT_SCADA,1,"2019/09/05 09:00:00",WKIEWA2,0.10
D,DISPATCH,UNIT_SCADA,1,"2019/09/05 09:00:00",WOODLWN1,2.483980
D,DISPATCH,UNIT_SCADA,1,"2019/09/05 09:00:00",WRSF1,15.55
D,DISPATCH,UNIT_SCADA,1,"2019/09/05 09:00:00",WRWF1,5.758750
D,DISPATCH,UNIT_SCADA,1,"2019/09/05 09:00:00",YABULU,0
D,DISPATCH,UNIT_SCADA,1,"2019/09/05 09:00:00",YABULU2,0
D,DISPATCH,UNIT_SCADA,1,"2019/09/05 09:00:00",YARWUN_1,120.41
D,DISPATCH,UNIT_SCADA,1,"2019/09/05 09:00:00",YENDWF1,16.31
D,DISPATCH,UNIT_SCADA,1,"2019/09/05 09:00:00",YWPS1,378.946840
D,DISPATCH,UNIT_SCADA,1,"2019/09/05 09:00:00",YWPS2,283.205080
D,DISPATCH,UNIT_SCADA,1,"2019/09/05 09:00:00",YWPS3,328.337980
D,DISPATCH,UNIT_SCADA,1,"2019/09/05 09:00:00",YWPS4,388.1810
C,"END OF REPORT",334
