C,NEMP.WORLD,DISPATCHSCADA,AEMO,PUBLIC,2019/08/20,13:30:08,0000000311787914,DISPATCHSCADA,0000000311787908
I,DISPATCH,UNIT_SCADA,1,SETTLEMENTDATE,DUID,SCADAVALUE
D,DISPATCH,UNIT_SCADA,1,"2019/08/20 13:35:00",BARCSF1,18.50
D,DISPATCH,UNIT_SCADA,1,"2019/08/20 13:35:00",BUTLERSG,9.799998
D,DISPATCH,UNIT_SCADA,1,"2019/08/20 13:35:00",CALL_A_4,0
D,DISPATCH,UNIT_SCADA,1,"2019/08/20 13:35:00",CAPTL_WF,132.648010
D,DISPATCH,UNIT_SCADA,1,"2019/08/20 13:35:00",CATHROCK,44.529999
D,DISPATCH,UNIT_SCADA,1,"2019/08/20 13:35:00",CHALLHWF,35.799999
D,DISPATCH,UNIT_SCADA,1,"2019/08/20 13:35:00",CLOVER,-0.01
D,DISPATCH,UNIT_SCADA,1,"2019/08/20 13:35:00",CLUNY,17.187914
D,DISPATCH,UNIT_SCADA,1,"2019/08/20 13:35:00",CNUNDAWF,39.646248
D,DISPATCH,UNIT_SCADA,1,"2019/08/20 13:35:00",CULLRGWF,30.459999
D,DISPATCH,UNIT_SCADA,1,"2019/08/20 13:35:00",ERGT01,0
D,DISPATCH,UNIT_SCADA,1,"2019/08/20 13:35:00",GB01,0.072708
D,DISPATCH,UNIT_SCADA,1,"2019/08/20 13:35:00",GERMCRK,35.799999
D,DISPATCH,UNIT_SCADA,1,"2019/08/20 13:35:00",GRIFSF1,14.199997
D,DISPATCH,UNIT_SCADA,1,"2019/08/20 13:35:00",HUGSF1,8.9890
D,DISPATCH,UNIT_SCADA,1,"2019/08/20 13:35:00",LKBONNY1,74.930557
D,DISPATCH,UNIT_SCADA,1,"2019/08/20 13:35:00",LRSF1,8.499001
D,DISPATCH,UNIT_SCADA,1,"2019/08/20 13:35:00",MBAHNTH,48.393753
D,DISPATCH,UNIT_SCADA,1,"2019/08/20 13:35:00",MLSP1,10.362001
D,DISPATCH,UNIT_SCADA,1,"2019/08/20 13:35:00",MLWF1,19.665001
D,DISPATCH,UNIT_SCADA,1,"2019/08/20 13:35:00",MTMILLAR,26.632454
D,DISPATCH,UNIT_SCADA,1,"2019/08/20 13:35:00",PALOONA,7.86
D,DISPATCH,UNIT_SCADA,1,"2019/08/20 13:35:00",PIONEER,11.50
D,DISPATCH,UNIT_SCADA,1,"2019/08/20 13:35:00",PORTWF,135.699997
D,DISPATCH,UNIT_SCADA,1,"2019/08/20 13:35:00",REPULSE,29.1075
D,DISPATCH,UNIT_SCADA,1,"2019/08/20 13:35:00",ROWALLAN,9.8122
D,DISPATCH,UNIT_SCADA,1,"2019/08/20 13:35:00",ROYALLA1,17.919001
D,DISPATCH,UNIT_SCADA,1,"2019/08/20 13:35:00",RPCG,12
D,DISPATCH,UNIT_SCADA,1,"2019/08/20 13:35:00",RUBICON,0
D,DISPATCH,UNIT_SCADA,1,"2019/08/20 13:35:00",SATGN1,0
D,DISPATCH,UNIT_SCADA,1,"2019/08/20 13:35:00",SATGS1,0
D,DISPATCH,UNIT_SCADA,1,"2019/08/20 13:35:00",STARHLWF,29.191488
D,DISPATCH,UNIT_SCADA,1,"2019/08/20 13:35:00",WAUBRAWF,108.663002
D,DISPATCH,UNIT_SCADA,1,"2019/08/20 13:35:00",WOOLNTH1,117.180023
D,DISPATCH,UNIT_SCADA,1,"2019/08/20 13:35:00",WPWF,64
D,DISPATCH,UNIT_SCADA,1,"2019/08/20 13:35:00",YAMBUKWF,29.40
D,DISPATCH,UNIT_SCADA,1,"2019/08/20 13:35:00",YSWF1,28.700001
D,DISPATCH,UNIT_SCADA,1,"2019/08/20 13:35:00",AGLHAL,0
D,DISPATCH,UNIT_SCADA,1,"2019/08/20 13:35:00",AGLSOM,0
D,DISPATCH,UNIT_SCADA,1,"2019/08/20 13:35:00",ANGAST1,0
D,DISPATCH,UNIT_SCADA,1,"2019/08/20 13:35:00",ARWF1,123.90
D,DISPATCH,UNIT_SCADA,1,"2019/08/20 13:35:00",BALBG1,3.66
D,DISPATCH,UNIT_SCADA,1,"2019/08/20 13:35:00",BALBL1,0
D,DISPATCH,UNIT_SCADA,1,"2019/08/20 13:35:00",BALDHWF1,103.2980
D,DISPATCH,UNIT_SCADA,1,"2019/08/20 13:35:00",BANN1,58.25
D,DISPATCH,UNIT_SCADA,1,"2019/08/20 13:35:00",BARCALDN,0
D,DISPATCH,UNIT_SCADA,1,"2019/08/20 13:35:00",BARRON-1,0
D,DISPATCH,UNIT_SCADA,1,"2019/08/20 13:35:00",BARRON-2,10.52
D,DISPATCH,UNIT_SCADA,1,"2019/08/20 13:35:00",BASTYAN,80.490010
D,DISPATCH,UNIT_SCADA,1,"2019/08/20 13:35:00",BBTHREE1,-1.99
D,DISPATCH,UNIT_SCADA,1,"2019/08/20 13:35:00",BBTHREE2,-2.03
D,DISPATCH,UNIT_SCADA,1,"2019/08/20 13:35:00",BBTHREE3,-1.10
D,DISPATCH,UNIT_SCADA,1,"2019/08/20 13:35:00",BDL01,0
D,DISPATCH,UNIT_SCADA,1,"2019/08/20 13:35:00",BDL02,0
D,DISPATCH,UNIT_SCADA,1,"2019/08/20 13:35:00",BERYLSF1,76.831860
D,DISPATCH,UNIT_SCADA,1,"2019/08/20 13:35:00",BLOWERNG,0
D,DISPATCH,UNIT_SCADA,1,"2019/08/20 13:35:00",BLUFF1,37.90
D,DISPATCH,UNIT_SCADA,1,"2019/08/20 13:35:00",BNGSF1,85.27
D,DISPATCH,UNIT_SCADA,1,"2019/08/20 13:35:00",BNGSF2,17
D,DISPATCH,UNIT_SCADA,1,"2019/08/20 13:35:00",BOCORWF1,104.24
D,DISPATCH,UNIT_SCADA,1,"2019/08/20 13:35:00",BODWF1,68.159160
D,DISPATCH,UNIT_SCADA,1,"2019/08/20 13:35:00",BRAEMAR1,0
D,DISPATCH,UNIT_SCADA,1,"2019/08/20 13:35:00",BRAEMAR2,0
D,DISPATCH,UNIT_SCADA,1,"2019/08/20 13:35:00",BRAEMAR3,0
D,DISPATCH,UNIT_SCADA,1,"2019/08/20 13:35:00",BRAEMAR5,0
D,DISPATCH,UNIT_SCADA,1,"2019/08/20 13:35:00",BRAEMAR6,0
D,DISPATCH,UNIT_SCADA,1,"2019/08/20 13:35:00",BRAEMAR7,0
D,DISPATCH,UNIT_SCADA,1,"2019/08/20 13:35:00",BROKENH1,52.938960
D,DISPATCH,UNIT_SCADA,1,"2019/08/20 13:35:00",BW01,334.699950
D,DISPATCH,UNIT_SCADA,1,"2019/08/20 13:35:00",BW02,407.425050
D,DISPATCH,UNIT_SCADA,1,"2019/08/20 13:35:00",BW03,472.775020
D,DISPATCH,UNIT_SCADA,1,"2019/08/20 13:35:00",BW04,0
D,DISPATCH,UNIT_SCADA,1,"2019/08/20 13:35:00",CALL_B_1,349.200010
D,DISPATCH,UNIT_SCADA,1,"2019/08/20 13:35:00",CALL_B_2,290
D,DISPATCH,UNIT_SCADA,1,"2019/08/20 13:35:00",CETHANA,93.6340
D,DISPATCH,UNIT_SCADA,1,"2019/08/20 13:35:00",CG1,0
D,DISPATCH,UNIT_SCADA,1,"2019/08/20 13:35:00",CG2,0
D,DISPATCH,UNIT_SCADA,1,"2019/08/20 13:35:00",CG3,0
D,DISPATCH,UNIT_SCADA,1,"2019/08/20 13:35:00",CG4,0
D,DISPATCH,UNIT_SCADA,1,"2019/08/20 13:35:00",CHILDSF1,40.05
D,DISPATCH,UNIT_SCADA,1,"2019/08/20 13:35:00",CLARESF1,44.161020
D,DISPATCH,UNIT_SCADA,1,"2019/08/20 13:35:00",CLEMGPWF,34.792910
D,DISPATCH,UNIT_SCADA,1,"2019/08/20 13:35:00",CLERMSF1,15.06
D,DISPATCH,UNIT_SCADA,1,"2019/08/20 13:35:00",COLEASF1,100.50
D,DISPATCH,UNIT_SCADA,1,"2019/08/20 13:35:00",COOPGWF1,36.173230
D,DISPATCH,UNIT_SCADA,1,"2019/08/20 13:35:00",CPP_3,326.975010
D,DISPATCH,UNIT_SCADA,1,"2019/08/20 13:35:00",CPP_4,325.050020
D,DISPATCH,UNIT_SCADA,1,"2019/08/20 13:35:00",CPSA,143.595630
D,DISPATCH,UNIT_SCADA,1,"2019/08/20 13:35:00",CROOKWF2,88.2350
D,DISPATCH,UNIT_SCADA,1,"2019/08/20 13:35:00",CROWLWF1,55.638020
D,DISPATCH,UNIT_SCADA,1,"2019/08/20 13:35:00",CSPVPS1,32.0210
D,DISPATCH,UNIT_SCADA,1,"2019/08/20 13:35:00",DALNTH01,0.010680
D,DISPATCH,UNIT_SCADA,1,"2019/08/20 13:35:00",DALNTHL1,0
D,DISPATCH,UNIT_SCADA,1,"2019/08/20 13:35:00",DARTM1,0
D,DISPATCH,UNIT_SCADA,1,"2019/08/20 13:35:00",DAYDSF1,109.0190
D,DISPATCH,UNIT_SCADA,1,"2019/08/20 13:35:00",DDPS1,0
D,DISPATCH,UNIT_SCADA,1,"2019/08/20 13:35:00",DDSF1,108.392450
D,DISPATCH,UNIT_SCADA,1,"2019/08/20 13:35:00",DEVILS_G,0
D,DISPATCH,UNIT_SCADA,1,"2019/08/20 13:35:00",DG_NSW1,0
D,DISPATCH,UNIT_SCADA,1,"2019/08/20 13:35:00",DG_QLD1,0
D,DISPATCH,UNIT_SCADA,1,"2019/08/20 13:35:00",DG_SA1,0
D,DISPATCH,UNIT_SCADA,1,"2019/08/20 13:35:00",DG_TAS1,0
D,DISPATCH,UNIT_SCADA,1,"2019/08/20 13:35:00",DG_VIC1,0
D,DISPATCH,UNIT_SCADA,1,"2019/08/20 13:35:00",DRYCGT1,0
D,DISPATCH,UNIT_SCADA,1,"2019/08/20 13:35:00",DRYCGT2,0
D,DISPATCH,UNIT_SCADA,1,"2019/08/20 13:35:00",DRYCGT3,0
D,DISPATCH,UNIT_SCADA,1,"2019/08/20 13:35:00",EILDON1,0
D,DISPATCH,UNIT_SCADA,1,"2019/08/20 13:35:00",EILDON2,0
D,DISPATCH,UNIT_SCADA,1,"2019/08/20 13:35:00",EMERASF1,65.83
D,DISPATCH,UNIT_SCADA,1,"2019/08/20 13:35:00",ER01,361.449950
D,DISPATCH,UNIT_SCADA,1,"2019/08/20 13:35:00",ER02,359.025020
D,DISPATCH,UNIT_SCADA,1,"2019/08/20 13:35:00",ER03,698.474980
D,DISPATCH,UNIT_SCADA,1,"2019/08/20 13:35:00",ER04,361
D,DISPATCH,UNIT_SCADA,1,"2019/08/20 13:35:00",FINLYSF1,0
D,DISPATCH,UNIT_SCADA,1,"2019/08/20 13:35:00",FISHER,45.93
D,DISPATCH,UNIT_SCADA,1,"2019/08/20 13:35:00",GANNBG1,0
D,DISPATCH,UNIT_SCADA,1,"2019/08/20 13:35:00",GANNBL1,0.036540
D,DISPATCH,UNIT_SCADA,1,"2019/08/20 13:35:00",GANNSF1,19.60
D,DISPATCH,UNIT_SCADA,1,"2019/08/20 13:35:00",GORDON,0
D,DISPATCH,UNIT_SCADA,1,"2019/08/20 13:35:00",GSTONE1,109.7250
D,DISPATCH,UNIT_SCADA,1,"2019/08/20 13:35:00",GSTONE2,109.7250
D,DISPATCH,UNIT_SCADA,1,"2019/08/20 13:35:00",GSTONE3,108.15
D,DISPATCH,UNIT_SCADA,1,"2019/08/20 13:35:00",GSTONE4,135.099990
D,DISPATCH,UNIT_SCADA,1,"2019/08/20 13:35:00",GSTONE5,136.149990
D,DISPATCH,UNIT_SCADA,1,"2019/08/20 13:35:00",GSTONE6,0
D,DISPATCH,UNIT_SCADA,1,"2019/08/20 13:35:00",GULLRSF1,3.133330
D,DISPATCH,UNIT_SCADA,1,"2019/08/20 13:35:00",GULLRWF1,151.772610
D,DISPATCH,UNIT_SCADA,1,"2019/08/20 13:35:00",GUNNING1,45.219350
D,DISPATCH,UNIT_SCADA,1,"2019/08/20 13:35:00",GUTHEGA,0
D,DISPATCH,UNIT_SCADA,1,"2019/08/20 13:35:00",HALLWF1,65.98
D,DISPATCH,UNIT_SCADA,1,"2019/08/20 13:35:00",HALLWF2,49.15
D,DISPATCH,UNIT_SCADA,1,"2019/08/20 13:35:00",HAMISF1,44.80
D,DISPATCH,UNIT_SCADA,1,"2019/08/20 13:35:00",HAUGHT11,50.046970
D,DISPATCH,UNIT_SCADA,1,"2019/08/20 13:35:00",HAYMSF1,37.9910
D,DISPATCH,UNIT_SCADA,1,"2019/08/20 13:35:00",HDWF1,70.50
D,DISPATCH,UNIT_SCADA,1,"2019/08/20 13:35:00",HDWF2,58
D,DISPATCH,UNIT_SCADA,1,"2019/08/20 13:35:00",HDWF3,71.60
D,DISPATCH,UNIT_SCADA,1,"2019/08/20 13:35:00",HPRG1,8.70
D,DISPATCH,UNIT_SCADA,1,"2019/08/20 13:35:00",HPRL1,0
D,DISPATCH,UNIT_SCADA,1,"2019/08/20 13:35:00",HUMENSW,0
D,DISPATCH,UNIT_SCADA,1,"2019/08/20 13:35:00",HUMEV,8.90
D,DISPATCH,UNIT_SCADA,1,"2019/08/20 13:35:00",HVGTS,0
D,DISPATCH,UNIT_SCADA,1,"2019/08/20 13:35:00",JBUTTERS,136.45
D,DISPATCH,UNIT_SCADA,1,"2019/08/20 13:35:00",JLA01,0.50
D,DISPATCH,UNIT_SCADA,1,"2019/08/20 13:35:00",JLA02,0
D,DISPATCH,UNIT_SCADA,1,"2019/08/20 13:35:00",JLA03,0.10
D,DISPATCH,UNIT_SCADA,1,"2019/08/20 13:35:00",JLA04,0.10
D,DISPATCH,UNIT_SCADA,1,"2019/08/20 13:35:00",JLB01,0
D,DISPATCH,UNIT_SCADA,1,"2019/08/20 13:35:00",JLB02,0.10
D,DISPATCH,UNIT_SCADA,1,"2019/08/20 13:35:00",JLB03,0
D,DISPATCH,UNIT_SCADA,1,"2019/08/20 13:35:00",KAREEYA1,21.5325
D,DISPATCH,UNIT_SCADA,1,"2019/08/20 13:35:00",KAREEYA2,21.67
D,DISPATCH,UNIT_SCADA,1,"2019/08/20 13:35:00",KAREEYA3,0
D,DISPATCH,UNIT_SCADA,1,"2019/08/20 13:35:00",KAREEYA4,21.7325
D,DISPATCH,UNIT_SCADA,1,"2019/08/20 13:35:00",KARSF1,62.90
D,DISPATCH,UNIT_SCADA,1,"2019/08/20 13:35:00",KIATAWF1,30.90
D,DISPATCH,UNIT_SCADA,1,"2019/08/20 13:35:00",KPP_1,0
D,DISPATCH,UNIT_SCADA,1,"2019/08/20 13:35:00",KSP1,46.71
D,DISPATCH,UNIT_SCADA,1,"2019/08/20 13:35:00",LADBROK1,0
D,DISPATCH,UNIT_SCADA,1,"2019/08/20 13:35:00",LADBROK2,0
D,DISPATCH,UNIT_SCADA,1,"2019/08/20 13:35:00",LD01,378.937470
D,DISPATCH,UNIT_SCADA,1,"2019/08/20 13:35:00",LD02,378.093780
D,DISPATCH,UNIT_SCADA,1,"2019/08/20 13:35:00",LD03,376.368840
D,DISPATCH,UNIT_SCADA,1,"2019/08/20 13:35:00",LD04,338.081180
D,DISPATCH,UNIT_SCADA,1,"2019/08/20 13:35:00",LEM_WIL,85.327740
D,DISPATCH,UNIT_SCADA,1,"2019/08/20 13:35:00",LGAPWF1,0
D,DISPATCH,UNIT_SCADA,1,"2019/08/20 13:35:00",LILYSF1,94.896120
D,DISPATCH,UNIT_SCADA,1,"2019/08/20 13:35:00",LI_WY_CA,148.356550
D,DISPATCH,UNIT_SCADA,1,"2019/08/20 13:35:00",LKBONNY2,110.206990
D,DISPATCH,UNIT_SCADA,1,"2019/08/20 13:35:00",LKBONNY3,27.1295
D,DISPATCH,UNIT_SCADA,1,"2019/08/20 13:35:00",LK_ECHO,0
D,DISPATCH,UNIT_SCADA,1,"2019/08/20 13:35:00",LNGS1,0
D,DISPATCH,UNIT_SCADA,1,"2019/08/20 13:35:00",LNGS2,0
D,DISPATCH,UNIT_SCADA,1,"2019/08/20 13:35:00",LONSDALE,0
D,DISPATCH,UNIT_SCADA,1,"2019/08/20 13:35:00",LOYYB1,536.088620
D,DISPATCH,UNIT_SCADA,1,"2019/08/20 13:35:00",LOYYB2,582.7063
D,DISPATCH,UNIT_SCADA,1,"2019/08/20 13:35:00",LYA1,561
D,DISPATCH,UNIT_SCADA,1,"2019/08/20 13:35:00",LYA2,0
D,DISPATCH,UNIT_SCADA,1,"2019/08/20 13:35:00",LYA3,560
D,DISPATCH,UNIT_SCADA,1,"2019/08/20 13:35:00",LYA4,539
D,DISPATCH,UNIT_SCADA,1,"2019/08/20 13:35:00",MACARTH1,383.191160
D,DISPATCH,UNIT_SCADA,1,"2019/08/20 13:35:00",MACKAYGT,0
D,DISPATCH,UNIT_SCADA,1,"2019/08/20 13:35:00",MACKNTSH,85.570010
D,DISPATCH,UNIT_SCADA,1,"2019/08/20 13:35:00",MANSLR1,40.9160
D,DISPATCH,UNIT_SCADA,1,"2019/08/20 13:35:00",MCKAY1,0.02
D,DISPATCH,UNIT_SCADA,1,"2019/08/20 13:35:00",MEADOWBK,34.0102
D,DISPATCH,UNIT_SCADA,1,"2019/08/20 13:35:00",MERCER01,125.5390
D,DISPATCH,UNIT_SCADA,1,"2019/08/20 13:35:00",MEWF1,55.519230
D,DISPATCH,UNIT_SCADA,1,"2019/08/20 13:35:00",MINTARO,0
D,DISPATCH,UNIT_SCADA,1,"2019/08/20 13:35:00",MOREESF1,48.75
D,DISPATCH,UNIT_SCADA,1,"2019/08/20 13:35:00",MORTLK11,124
D,DISPATCH,UNIT_SCADA,1,"2019/08/20 13:35:00",MORTLK12,0
D,DISPATCH,UNIT_SCADA,1,"2019/08/20 13:35:00",MP1,276.25
D,DISPATCH,UNIT_SCADA,1,"2019/08/20 13:35:00",MP2,0
D,DISPATCH,UNIT_SCADA,1,"2019/08/20 13:35:00",MPP_1,356.75
D,DISPATCH,UNIT_SCADA,1,"2019/08/20 13:35:00",MPP_2,379.75
D,DISPATCH,UNIT_SCADA,1,"2019/08/20 13:35:00",MSTUART1,0
D,DISPATCH,UNIT_SCADA,1,"2019/08/20 13:35:00",MSTUART2,0
D,DISPATCH,UNIT_SCADA,1,"2019/08/20 13:35:00",MSTUART3,0
D,DISPATCH,UNIT_SCADA,1,"2019/08/20 13:35:00",MTGELWF1,64.807580
D,DISPATCH,UNIT_SCADA,1,"2019/08/20 13:35:00",MURRAY,0
D,DISPATCH,UNIT_SCADA,1,"2019/08/20 13:35:00",MUSSELR1,2.20
D,DISPATCH,UNIT_SCADA,1,"2019/08/20 13:35:00",MUWAWF1,50.93
D,DISPATCH,UNIT_SCADA,1,"2019/08/20 13:35:00",NBHWF1,83.100010
D,DISPATCH,UNIT_SCADA,1,"2019/08/20 13:35:00",NPS,0
D,DISPATCH,UNIT_SCADA,1,"2019/08/20 13:35:00",NUMURSF1,27.89
D,DISPATCH,UNIT_SCADA,1,"2019/08/20 13:35:00",NYNGAN1,101.25
D,DISPATCH,UNIT_SCADA,1,"2019/08/20 13:35:00",OAKEY1,0
D,DISPATCH,UNIT_SCADA,1,"2019/08/20 13:35:00",OAKEY1SF,22.9550
D,DISPATCH,UNIT_SCADA,1,"2019/08/20 13:35:00",OAKEY2,0
D,DISPATCH,UNIT_SCADA,1,"2019/08/20 13:35:00",OAKLAND1,59.80
D,DISPATCH,UNIT_SCADA,1,"2019/08/20 13:35:00",OSB-AG,137.980010
D,DISPATCH,UNIT_SCADA,1,"2019/08/20 13:35:00",PARSF1,37.30
D,DISPATCH,UNIT_SCADA,1,"2019/08/20 13:35:00",POAT110,0
D,DISPATCH,UNIT_SCADA,1,"2019/08/20 13:35:00",POAT220,1.75
D,DISPATCH,UNIT_SCADA,1,"2019/08/20 13:35:00",POR01,0
D,DISPATCH,UNIT_SCADA,1,"2019/08/20 13:35:00",POR03,0
D,DISPATCH,UNIT_SCADA,1,"2019/08/20 13:35:00",PPCCGT,124.561560
D,DISPATCH,UNIT_SCADA,1,"2019/08/20 13:35:00",PTSTAN1,0
D,DISPATCH,UNIT_SCADA,1,"2019/08/20 13:35:00",PUMP1,241.299990
D,DISPATCH,UNIT_SCADA,1,"2019/08/20 13:35:00",PUMP2,236.689990
D,DISPATCH,UNIT_SCADA,1,"2019/08/20 13:35:00",QPS1,0
D,DISPATCH,UNIT_SCADA,1,"2019/08/20 13:35:00",QPS2,0
D,DISPATCH,UNIT_SCADA,1,"2019/08/20 13:35:00",QPS3,0
D,DISPATCH,UNIT_SCADA,1,"2019/08/20 13:35:00",QPS4,0
D,DISPATCH,UNIT_SCADA,1,"2019/08/20 13:35:00",QPS5,0
D,DISPATCH,UNIT_SCADA,1,"2019/08/20 13:35:00",REECE1,115.740010
D,DISPATCH,UNIT_SCADA,1,"2019/08/20 13:35:00",REECE2,115.800010
D,DISPATCH,UNIT_SCADA,1,"2019/08/20 13:35:00",ROMA_7,0
D,DISPATCH,UNIT_SCADA,1,"2019/08/20 13:35:00",ROMA_8,0
D,DISPATCH,UNIT_SCADA,1,"2019/08/20 13:35:00",RRSF1,109.003160
D,DISPATCH,UNIT_SCADA,1,"2019/08/20 13:35:00",RT_NSW1,0
D,DISPATCH,UNIT_SCADA,1,"2019/08/20 13:35:00",RT_NSW2,0
D,DISPATCH,UNIT_SCADA,1,"2019/08/20 13:35:00",RT_NSW3,0
D,DISPATCH,UNIT_SCADA,1,"2019/08/20 13:35:00",RT_NSW4,0
D,DISPATCH,UNIT_SCADA,1,"2019/08/20 13:35:00",RT_NSW5,0
D,DISPATCH,UNIT_SCADA,1,"2019/08/20 13:35:00",RT_NSW6,0
D,DISPATCH,UNIT_SCADA,1,"2019/08/20 13:35:00",RT_QLD1,0
D,DISPATCH,UNIT_SCADA,1,"2019/08/20 13:35:00",RT_SA1,0
D,DISPATCH,UNIT_SCADA,1,"2019/08/20 13:35:00",RT_SA2,0
D,DISPATCH,UNIT_SCADA,1,"2019/08/20 13:35:00",RT_SA3,0
D,DISPATCH,UNIT_SCADA,1,"2019/08/20 13:35:00",RT_SA4,0
D,DISPATCH,UNIT_SCADA,1,"2019/08/20 13:35:00",RT_SA5,0
D,DISPATCH,UNIT_SCADA,1,"2019/08/20 13:35:00",RT_SA6,0
D,DISPATCH,UNIT_SCADA,1,"2019/08/20 13:35:00",RT_TAS1,0
D,DISPATCH,UNIT_SCADA,1,"2019/08/20 13:35:00",RT_VIC1,0
D,DISPATCH,UNIT_SCADA,1,"2019/08/20 13:35:00",RT_VIC10,0
D,DISPATCH,UNIT_SCADA,1,"2019/08/20 13:35:00",RT_VIC11,0
D,DISPATCH,UNIT_SCADA,1,"2019/08/20 13:35:00",RT_VIC12,0
D,DISPATCH,UNIT_SCADA,1,"2019/08/20 13:35:00",RT_VIC2,0
D,DISPATCH,UNIT_SCADA,1,"2019/08/20 13:35:00",RT_VIC3,0
D,DISPATCH,UNIT_SCADA,1,"2019/08/20 13:35:00",RT_VIC4,0
D,DISPATCH,UNIT_SCADA,1,"2019/08/20 13:35:00",RT_VIC5,0
D,DISPATCH,UNIT_SCADA,1,"2019/08/20 13:35:00",RT_VIC6,0
D,DISPATCH,UNIT_SCADA,1,"2019/08/20 13:35:00",RT_VIC7,0
D,DISPATCH,UNIT_SCADA,1,"2019/08/20 13:35:00",RT_VIC8,0
D,DISPATCH,UNIT_SCADA,1,"2019/08/20 13:35:00",RT_VIC9,0
D,DISPATCH,UNIT_SCADA,1,"2019/08/20 13:35:00",RUGBYR1,44.525570
D,DISPATCH,UNIT_SCADA,1,"2019/08/20 13:35:00",SALTCRK1,52.38
D,DISPATCH,UNIT_SCADA,1,"2019/08/20 13:35:00",SAPHWF1,88.771880
D,DISPATCH,UNIT_SCADA,1,"2019/08/20 13:35:00",SHGEN,0
D,DISPATCH,UNIT_SCADA,1,"2019/08/20 13:35:00",SHPUMP,0
D,DISPATCH,UNIT_SCADA,1,"2019/08/20 13:35:00",SITHE01,0.043330
D,DISPATCH,UNIT_SCADA,1,"2019/08/20 13:35:00",SMCSF1,85.033270
D,DISPATCH,UNIT_SCADA,1,"2019/08/20 13:35:00",SNOWNTH1,99.80
D,DISPATCH,UNIT_SCADA,1,"2019/08/20 13:35:00",SNOWSTH1,85.70
D,DISPATCH,UNIT_SCADA,1,"2019/08/20 13:35:00",SNOWTWN1,67.608580
D,DISPATCH,UNIT_SCADA,1,"2019/08/20 13:35:00",SNOWYP,379.100010
D,DISPATCH,UNIT_SCADA,1,"2019/08/20 13:35:00",SNUG1,0.019440
D,DISPATCH,UNIT_SCADA,1,"2019/08/20 13:35:00",SRSF1,35.25
D,DISPATCH,UNIT_SCADA,1,"2019/08/20 13:35:00",STAN-1,0
D,DISPATCH,UNIT_SCADA,1,"2019/08/20 13:35:00",STAN-2,280.620090
D,DISPATCH,UNIT_SCADA,1,"2019/08/20 13:35:00",STAN-3,281.466060
D,DISPATCH,UNIT_SCADA,1,"2019/08/20 13:35:00",STAN-4,280.094570
D,DISPATCH,UNIT_SCADA,1,"2019/08/20 13:35:00",STWF1,7.6275
D,DISPATCH,UNIT_SCADA,1,"2019/08/20 13:35:00",SWAN_E,0
D,DISPATCH,UNIT_SCADA,1,"2019/08/20 13:35:00",TALWA1,191
D,DISPATCH,UNIT_SCADA,1,"2019/08/20 13:35:00",TARALGA1,102.1160
D,DISPATCH,UNIT_SCADA,1,"2019/08/20 13:35:00",TARONG#1,280.50
D,DISPATCH,UNIT_SCADA,1,"2019/08/20 13:35:00",TARONG#2,281.100010
D,DISPATCH,UNIT_SCADA,1,"2019/08/20 13:35:00",TARONG#3,259.800020
D,DISPATCH,UNIT_SCADA,1,"2019/08/20 13:35:00",TARONG#4,279.100010
D,DISPATCH,UNIT_SCADA,1,"2019/08/20 13:35:00",TARRALEA,87
D,DISPATCH,UNIT_SCADA,1,"2019/08/20 13:35:00",TBSF1,21.90
D,DISPATCH,UNIT_SCADA,1,"2019/08/20 13:35:00",TNPS1,441.700010
D,DISPATCH,UNIT_SCADA,1,"2019/08/20 13:35:00",TORRA1,41.092450
D,DISPATCH,UNIT_SCADA,1,"2019/08/20 13:35:00",TORRA2,0
D,DISPATCH,UNIT_SCADA,1,"2019/08/20 13:35:00",TORRA3,0
D,DISPATCH,UNIT_SCADA,1,"2019/08/20 13:35:00",TORRA4,0
D,DISPATCH,UNIT_SCADA,1,"2019/08/20 13:35:00",TORRB1,39.39
D,DISPATCH,UNIT_SCADA,1,"2019/08/20 13:35:00",TORRB2,40.16
D,DISPATCH,UNIT_SCADA,1,"2019/08/20 13:35:00",TORRB3,0
D,DISPATCH,UNIT_SCADA,1,"2019/08/20 13:35:00",TORRB4,0
D,DISPATCH,UNIT_SCADA,1,"2019/08/20 13:35:00",TREVALLN,44.010020
D,DISPATCH,UNIT_SCADA,1,"2019/08/20 13:35:00",TRIBUTE,0
D,DISPATCH,UNIT_SCADA,1,"2019/08/20 13:35:00",TUMUT3,0
D,DISPATCH,UNIT_SCADA,1,"2019/08/20 13:35:00",TUNGATIN,124.600030
D,DISPATCH,UNIT_SCADA,1,"2019/08/20 13:35:00",TVCC201,0
D,DISPATCH,UNIT_SCADA,1,"2019/08/20 13:35:00",TVPP104,0
D,DISPATCH,UNIT_SCADA,1,"2019/08/20 13:35:00",UPPTUMUT,0
D,DISPATCH,UNIT_SCADA,1,"2019/08/20 13:35:00",URANQ11,0
D,DISPATCH,UNIT_SCADA,1,"2019/08/20 13:35:00",URANQ12,0
D,DISPATCH,UNIT_SCADA,1,"2019/08/20 13:35:00",URANQ13,0
D,DISPATCH,UNIT_SCADA,1,"2019/08/20 13:35:00",URANQ14,0
D,DISPATCH,UNIT_SCADA,1,"2019/08/20 13:35:00",VP5,287.299990
D,DISPATCH,UNIT_SCADA,1,"2019/08/20 13:35:00",VP6,281
D,DISPATCH,UNIT_SCADA,1,"2019/08/20 13:35:00",VPGS1,0
D,DISPATCH,UNIT_SCADA,1,"2019/08/20 13:35:00",VPGS2,0
D,DISPATCH,UNIT_SCADA,1,"2019/08/20 13:35:00",VPGS3,0
D,DISPATCH,UNIT_SCADA,1,"2019/08/20 13:35:00",VPGS4,0
D,DISPATCH,UNIT_SCADA,1,"2019/08/20 13:35:00",VPGS5,0
D,DISPATCH,UNIT_SCADA,1,"2019/08/20 13:35:00",VPGS6,0
D,DISPATCH,UNIT_SCADA,1,"2019/08/20 13:35:00",W/HOE#1,0
D,DISPATCH,UNIT_SCADA,1,"2019/08/20 13:35:00",W/HOE#2,0
D,DISPATCH,UNIT_SCADA,1,"2019/08/20 13:35:00",WATERLWF,90.60
D,DISPATCH,UNIT_SCADA,1,"2019/08/20 13:35:00",WEMENSF1,61.10
D,DISPATCH,UNIT_SCADA,1,"2019/08/20 13:35:00",WGWF1,83.20
D,DISPATCH,UNIT_SCADA,1,"2019/08/20 13:35:00",WHITSF1,42.50
D,DISPATCH,UNIT_SCADA,1,"2019/08/20 13:35:00",WKIEWA1,0
D,DISPATCH,UNIT_SCADA,1,"2019/08/20 13:35:00",WKIEWA2,0.10
D,DISPATCH,UNIT_SCADA,1,"2019/08/20 13:35:00",WOODLWN1,40.823990
D,DISPATCH,UNIT_SCADA,1,"2019/08/20 13:35:00",WRSF1,19.78
D,DISPATCH,UNIT_SCADA,1,"2019/08/20 13:35:00",WRWF1,64.446260
D,DISPATCH,UNIT_SCADA,1,"2019/08/20 13:35:00",YABULU,0
D,DISPATCH,UNIT_SCADA,1,"2019/08/20 13:35:00",YABULU2,0
D,DISPATCH,UNIT_SCADA,1,"2019/08/20 13:35:00",YARWUN_1,0
D,DISPATCH,UNIT_SCADA,1,"2019/08/20 13:35:00",YENDWF1,42.07
D,DISPATCH,UNIT_SCADA,1,"2019/08/20 13:35:00",YWPS1,377.192410
D,DISPATCH,UNIT_SCADA,1,"2019/08/20 13:35:00",YWPS2,279.6962
D,DISPATCH,UNIT_SCADA,1,"2019/08/20 13:35:00",YWPS3,0
D,DISPATCH,UNIT_SCADA,1,"2019/08/20 13:35:00",YWPS4,392.979740
C,"END OF REPORT",334
