C,NEMP.WORLD,DISPATCHSCADA,AEMO,PUBLIC,2019/09/06,12:30:09,0000000312461934,DISPATCHSCADA,0000000312461928
I,DISPATCH,UNIT_SCADA,1,SETTLEMENTDATE,DUID,SCADAVALUE
D,DISPATCH,UNIT_SCADA,1,"2019/09/06 12:35:00",BARCSF1,8.900001
D,DISPATCH,UNIT_SCADA,1,"2019/09/06 12:35:00",BUTLERSG,10.199999
D,DISPATCH,UNIT_SCADA,1,"2019/09/06 12:35:00",CALL_A_4,0
D,DISPATCH,UNIT_SCADA,1,"2019/09/06 12:35:00",CAPTL_WF,127.920006
D,DISPATCH,UNIT_SCADA,1,"2019/09/06 12:35:00",CATHROCK,0
D,DISPATCH,UNIT_SCADA,1,"2019/09/06 12:35:00",CHALLHWF,8.299999
D,DISPATCH,UNIT_SCADA,1,"2019/09/06 12:35:00",CLOVER,-0.01
D,DISPATCH,UNIT_SCADA,1,"2019/09/06 12:35:00",CLUNY,18.244450
D,DISPATCH,UNIT_SCADA,1,"2019/09/06 12:35:00",CNUNDAWF,41.047882
D,DISPATCH,UNIT_SCADA,1,"2019/09/06 12:35:00",CULLRGWF,26.719999
D,DISPATCH,UNIT_SCADA,1,"2019/09/06 12:35:00",ERGT01,0
D,DISPATCH,UNIT_SCADA,1,"2019/09/06 12:35:00",GB01,0.011856
D,DISPATCH,UNIT_SCADA,1,"2019/09/06 12:35:00",GERMCRK,33.299999
D,DISPATCH,UNIT_SCADA,1,"2019/09/06 12:35:00",GRIFSF1,2.199997
D,DISPATCH,UNIT_SCADA,1,"2019/09/06 12:35:00",HUGSF1,9.04
D,DISPATCH,UNIT_SCADA,1,"2019/09/06 12:35:00",LKBONNY1,68.410973
D,DISPATCH,UNIT_SCADA,1,"2019/09/06 12:35:00",LRSF1,10.9420
D,DISPATCH,UNIT_SCADA,1,"2019/09/06 12:35:00",MBAHNTH,51.618744
D,DISPATCH,UNIT_SCADA,1,"2019/09/06 12:35:00",MLSP1,3.726001
D,DISPATCH,UNIT_SCADA,1,"2019/09/06 12:35:00",MLWF1,6.90
D,DISPATCH,UNIT_SCADA,1,"2019/09/06 12:35:00",MTMILLAR,47.520214
D,DISPATCH,UNIT_SCADA,1,"2019/09/06 12:35:00",PALOONA,24.209999
D,DISPATCH,UNIT_SCADA,1,"2019/09/06 12:35:00",PIONEER,37.799999
D,DISPATCH,UNIT_SCADA,1,"2019/09/06 12:35:00",PORTWF,81.599998
D,DISPATCH,UNIT_SCADA,1,"2019/09/06 12:35:00",REPULSE,32.422981
D,DISPATCH,UNIT_SCADA,1,"2019/09/06 12:35:00",ROWALLAN,10.2169
D,DISPATCH,UNIT_SCADA,1,"2019/09/06 12:35:00",ROYALLA1,5.325001
D,DISPATCH,UNIT_SCADA,1,"2019/09/06 12:35:00",RPCG,10.60
D,DISPATCH,UNIT_SCADA,1,"2019/09/06 12:35:00",RUBICON,0
D,DISPATCH,UNIT_SCADA,1,"2019/09/06 12:35:00",SATGN1,0
D,DISPATCH,UNIT_SCADA,1,"2019/09/06 12:35:00",SATGS1,0
D,DISPATCH,UNIT_SCADA,1,"2019/09/06 12:35:00",STARHLWF,24.992712
D,DISPATCH,UNIT_SCADA,1,"2019/09/06 12:35:00",WAUBRAWF,68.982002
D,DISPATCH,UNIT_SCADA,1,"2019/09/06 12:35:00",WOOLNTH1,8.040015
D,DISPATCH,UNIT_SCADA,1,"2019/09/06 12:35:00",WPWF,82
D,DISPATCH,UNIT_SCADA,1,"2019/09/06 12:35:00",YAMBUKWF,18.700001
D,DISPATCH,UNIT_SCADA,1,"2019/09/06 12:35:00",YSWF1,18.299999
D,DISPATCH,UNIT_SCADA,1,"2019/09/06 12:35:00",AGLHAL,0
D,DISPATCH,UNIT_SCADA,1,"2019/09/06 12:35:00",AGLSOM,0
D,DISPATCH,UNIT_SCADA,1,"2019/09/06 12:35:00",ANGAST1,0
D,DISPATCH,UNIT_SCADA,1,"2019/09/06 12:35:00",ARWF1,31.20
D,DISPATCH,UNIT_SCADA,1,"2019/09/06 12:35:00",BALBG1,0
D,DISPATCH,UNIT_SCADA,1,"2019/09/06 12:35:00",BALBL1,14.96
D,DISPATCH,UNIT_SCADA,1,"2019/09/06 12:35:00",BALDHWF1,47.1260
D,DISPATCH,UNIT_SCADA,1,"2019/09/06 12:35:00",BANN1,57.06
D,DISPATCH,UNIT_SCADA,1,"2019/09/06 12:35:00",BARCALDN,0
D,DISPATCH,UNIT_SCADA,1,"2019/09/06 12:35:00",BARRON-1,0
D,DISPATCH,UNIT_SCADA,1,"2019/09/06 12:35:00",BARRON-2,0
D,DISPATCH,UNIT_SCADA,1,"2019/09/06 12:35:00",BASTYAN,80.780010
D,DISPATCH,UNIT_SCADA,1,"2019/09/06 12:35:00",BBTHREE1,0
D,DISPATCH,UNIT_SCADA,1,"2019/09/06 12:35:00",BBTHREE2,0
D,DISPATCH,UNIT_SCADA,1,"2019/09/06 12:35:00",BBTHREE3,0
D,DISPATCH,UNIT_SCADA,1,"2019/09/06 12:35:00",BDL01,0
D,DISPATCH,UNIT_SCADA,1,"2019/09/06 12:35:00",BDL02,0
D,DISPATCH,UNIT_SCADA,1,"2019/09/06 12:35:00",BERYLSF1,41.363070
D,DISPATCH,UNIT_SCADA,1,"2019/09/06 12:35:00",BLOWERNG,15.30
D,DISPATCH,UNIT_SCADA,1,"2019/09/06 12:35:00",BLUFF1,48.40
D,DISPATCH,UNIT_SCADA,1,"2019/09/06 12:35:00",BNGSF1,71.47
D,DISPATCH,UNIT_SCADA,1,"2019/09/06 12:35:00",BNGSF2,20
D,DISPATCH,UNIT_SCADA,1,"2019/09/06 12:35:00",BOCORWF1,108.44
D,DISPATCH,UNIT_SCADA,1,"2019/09/06 12:35:00",BODWF1,111.602360
D,DISPATCH,UNIT_SCADA,1,"2019/09/06 12:35:00",BRAEMAR1,0
D,DISPATCH,UNIT_SCADA,1,"2019/09/06 12:35:00",BRAEMAR2,0
D,DISPATCH,UNIT_SCADA,1,"2019/09/06 12:35:00",BRAEMAR3,0
D,DISPATCH,UNIT_SCADA,1,"2019/09/06 12:35:00",BRAEMAR5,0
D,DISPATCH,UNIT_SCADA,1,"2019/09/06 12:35:00",BRAEMAR6,0
D,DISPATCH,UNIT_SCADA,1,"2019/09/06 12:35:00",BRAEMAR7,0
D,DISPATCH,UNIT_SCADA,1,"2019/09/06 12:35:00",BROKENH1,43.313720
D,DISPATCH,UNIT_SCADA,1,"2019/09/06 12:35:00",BW01,598.724980
D,DISPATCH,UNIT_SCADA,1,"2019/09/06 12:35:00",BW02,602.6250
D,DISPATCH,UNIT_SCADA,1,"2019/09/06 12:35:00",BW03,633.675050
D,DISPATCH,UNIT_SCADA,1,"2019/09/06 12:35:00",BW04,0
D,DISPATCH,UNIT_SCADA,1,"2019/09/06 12:35:00",CALL_B_1,332.100010
D,DISPATCH,UNIT_SCADA,1,"2019/09/06 12:35:00",CALL_B_2,333.700010
D,DISPATCH,UNIT_SCADA,1,"2019/09/06 12:35:00",CETHANA,96.687620
D,DISPATCH,UNIT_SCADA,1,"2019/09/06 12:35:00",CG1,0
D,DISPATCH,UNIT_SCADA,1,"2019/09/06 12:35:00",CG2,0
D,DISPATCH,UNIT_SCADA,1,"2019/09/06 12:35:00",CG3,0
D,DISPATCH,UNIT_SCADA,1,"2019/09/06 12:35:00",CG4,0
D,DISPATCH,UNIT_SCADA,1,"2019/09/06 12:35:00",CHILDSF1,28.08
D,DISPATCH,UNIT_SCADA,1,"2019/09/06 12:35:00",CLARESF1,45.905920
D,DISPATCH,UNIT_SCADA,1,"2019/09/06 12:35:00",CLEMGPWF,55.106780
D,DISPATCH,UNIT_SCADA,1,"2019/09/06 12:35:00",CLERMSF1,14.72
D,DISPATCH,UNIT_SCADA,1,"2019/09/06 12:35:00",COLEASF1,8.299990
D,DISPATCH,UNIT_SCADA,1,"2019/09/06 12:35:00",COOPGWF1,49.900180
D,DISPATCH,UNIT_SCADA,1,"2019/09/06 12:35:00",CPP_3,302.225010
D,DISPATCH,UNIT_SCADA,1,"2019/09/06 12:35:00",CPP_4,287.925020
D,DISPATCH,UNIT_SCADA,1,"2019/09/06 12:35:00",CPSA,75.273750
D,DISPATCH,UNIT_SCADA,1,"2019/09/06 12:35:00",CROOKWF2,79.163760
D,DISPATCH,UNIT_SCADA,1,"2019/09/06 12:35:00",CROWLWF1,15.871490
D,DISPATCH,UNIT_SCADA,1,"2019/09/06 12:35:00",CSPVPS1,32.1160
D,DISPATCH,UNIT_SCADA,1,"2019/09/06 12:35:00",DALNTH01,0
D,DISPATCH,UNIT_SCADA,1,"2019/09/06 12:35:00",DALNTHL1,0.077820
D,DISPATCH,UNIT_SCADA,1,"2019/09/06 12:35:00",DARTM1,0
D,DISPATCH,UNIT_SCADA,1,"2019/09/06 12:35:00",DAYDSF1,111.292010
D,DISPATCH,UNIT_SCADA,1,"2019/09/06 12:35:00",DDPS1,0
D,DISPATCH,UNIT_SCADA,1,"2019/09/06 12:35:00",DDSF1,105.943040
D,DISPATCH,UNIT_SCADA,1,"2019/09/06 12:35:00",DEVILS_G,0
D,DISPATCH,UNIT_SCADA,1,"2019/09/06 12:35:00",DG_NSW1,0
D,DISPATCH,UNIT_SCADA,1,"2019/09/06 12:35:00",DG_QLD1,0
D,DISPATCH,UNIT_SCADA,1,"2019/09/06 12:35:00",DG_SA1,0
D,DISPATCH,UNIT_SCADA,1,"2019/09/06 12:35:00",DG_TAS1,0
D,DISPATCH,UNIT_SCADA,1,"2019/09/06 12:35:00",DG_VIC1,0
D,DISPATCH,UNIT_SCADA,1,"2019/09/06 12:35:00",DRYCGT1,0
D,DISPATCH,UNIT_SCADA,1,"2019/09/06 12:35:00",DRYCGT2,0
D,DISPATCH,UNIT_SCADA,1,"2019/09/06 12:35:00",DRYCGT3,0
D,DISPATCH,UNIT_SCADA,1,"2019/09/06 12:35:00",EILDON1,0
D,DISPATCH,UNIT_SCADA,1,"2019/09/06 12:35:00",EILDON2,0
D,DISPATCH,UNIT_SCADA,1,"2019/09/06 12:35:00",EMERASF1,67.21
D,DISPATCH,UNIT_SCADA,1,"2019/09/06 12:35:00",ER01,546.224980
D,DISPATCH,UNIT_SCADA,1,"2019/09/06 12:35:00",ER02,650.1001
D,DISPATCH,UNIT_SCADA,1,"2019/09/06 12:35:00",ER03,0
D,DISPATCH,UNIT_SCADA,1,"2019/09/06 12:35:00",ER04,644.349980
D,DISPATCH,UNIT_SCADA,1,"2019/09/06 12:35:00",FINLYSF1,1.456270
D,DISPATCH,UNIT_SCADA,1,"2019/09/06 12:35:00",FISHER,46.05
D,DISPATCH,UNIT_SCADA,1,"2019/09/06 12:35:00",GANNBG1,0
D,DISPATCH,UNIT_SCADA,1,"2019/09/06 12:35:00",GANNBL1,9.977780
D,DISPATCH,UNIT_SCADA,1,"2019/09/06 12:35:00",GANNSF1,45.70
D,DISPATCH,UNIT_SCADA,1,"2019/09/06 12:35:00",GORDON,21.022960
D,DISPATCH,UNIT_SCADA,1,"2019/09/06 12:35:00",GSTONE1,128.80
D,DISPATCH,UNIT_SCADA,1,"2019/09/06 12:35:00",GSTONE2,109.7250
D,DISPATCH,UNIT_SCADA,1,"2019/09/06 12:35:00",GSTONE3,0
D,DISPATCH,UNIT_SCADA,1,"2019/09/06 12:35:00",GSTONE4,129.3250
D,DISPATCH,UNIT_SCADA,1,"2019/09/06 12:35:00",GSTONE5,131.599990
D,DISPATCH,UNIT_SCADA,1,"2019/09/06 12:35:00",GSTONE6,132.1250
D,DISPATCH,UNIT_SCADA,1,"2019/09/06 12:35:00",GULLRSF1,5.191530
D,DISPATCH,UNIT_SCADA,1,"2019/09/06 12:35:00",GULLRWF1,117.756440
D,DISPATCH,UNIT_SCADA,1,"2019/09/06 12:35:00",GUNNING1,34.077450
D,DISPATCH,UNIT_SCADA,1,"2019/09/06 12:35:00",GUTHEGA,0
D,DISPATCH,UNIT_SCADA,1,"2019/09/06 12:35:00",HALLWF1,-0.54
D,DISPATCH,UNIT_SCADA,1,"2019/09/06 12:35:00",HALLWF2,-0.33
D,DISPATCH,UNIT_SCADA,1,"2019/09/06 12:35:00",HAMISF1,45.40
D,DISPATCH,UNIT_SCADA,1,"2019/09/06 12:35:00",HAUGHT11,95.510530
D,DISPATCH,UNIT_SCADA,1,"2019/09/06 12:35:00",HAYMSF1,40.8710
D,DISPATCH,UNIT_SCADA,1,"2019/09/06 12:35:00",HDWF1,68.40
D,DISPATCH,UNIT_SCADA,1,"2019/09/06 12:35:00",HDWF2,68.80
D,DISPATCH,UNIT_SCADA,1,"2019/09/06 12:35:00",HDWF3,73.50
D,DISPATCH,UNIT_SCADA,1,"2019/09/06 12:35:00",HPRG1,0
D,DISPATCH,UNIT_SCADA,1,"2019/09/06 12:35:00",HPRL1,3.20
D,DISPATCH,UNIT_SCADA,1,"2019/09/06 12:35:00",HUMENSW,0
D,DISPATCH,UNIT_SCADA,1,"2019/09/06 12:35:00",HUMEV,24.10
D,DISPATCH,UNIT_SCADA,1,"2019/09/06 12:35:00",HVGTS,0
D,DISPATCH,UNIT_SCADA,1,"2019/09/06 12:35:00",JBUTTERS,118.70
D,DISPATCH,UNIT_SCADA,1,"2019/09/06 12:35:00",JLA01,0.10
D,DISPATCH,UNIT_SCADA,1,"2019/09/06 12:35:00",JLA02,0
D,DISPATCH,UNIT_SCADA,1,"2019/09/06 12:35:00",JLA03,0
D,DISPATCH,UNIT_SCADA,1,"2019/09/06 12:35:00",JLA04,0
D,DISPATCH,UNIT_SCADA,1,"2019/09/06 12:35:00",JLB01,0
D,DISPATCH,UNIT_SCADA,1,"2019/09/06 12:35:00",JLB02,0.10
D,DISPATCH,UNIT_SCADA,1,"2019/09/06 12:35:00",JLB03,0
D,DISPATCH,UNIT_SCADA,1,"2019/09/06 12:35:00",KAREEYA1,21.55
D,DISPATCH,UNIT_SCADA,1,"2019/09/06 12:35:00",KAREEYA2,21.6475
D,DISPATCH,UNIT_SCADA,1,"2019/09/06 12:35:00",KAREEYA3,0
D,DISPATCH,UNIT_SCADA,1,"2019/09/06 12:35:00",KAREEYA4,21.5725
D,DISPATCH,UNIT_SCADA,1,"2019/09/06 12:35:00",KARSF1,72.80
D,DISPATCH,UNIT_SCADA,1,"2019/09/06 12:35:00",KIATAWF1,30.90
D,DISPATCH,UNIT_SCADA,1,"2019/09/06 12:35:00",KPP_1,0
D,DISPATCH,UNIT_SCADA,1,"2019/09/06 12:35:00",KSP1,46.09
D,DISPATCH,UNIT_SCADA,1,"2019/09/06 12:35:00",LADBROK1,0
D,DISPATCH,UNIT_SCADA,1,"2019/09/06 12:35:00",LADBROK2,0
D,DISPATCH,UNIT_SCADA,1,"2019/09/06 12:35:00",LD01,380.343750
D,DISPATCH,UNIT_SCADA,1,"2019/09/06 12:35:00",LD02,380.3063
D,DISPATCH,UNIT_SCADA,1,"2019/09/06 12:35:00",LD03,377.774960
D,DISPATCH,UNIT_SCADA,1,"2019/09/06 12:35:00",LD04,375.862520
D,DISPATCH,UNIT_SCADA,1,"2019/09/06 12:35:00",LEM_WIL,84.594350
D,DISPATCH,UNIT_SCADA,1,"2019/09/06 12:35:00",LGAPWF1,34.42
D,DISPATCH,UNIT_SCADA,1,"2019/09/06 12:35:00",LILYSF1,0
D,DISPATCH,UNIT_SCADA,1,"2019/09/06 12:35:00",LI_WY_CA,163.4856
D,DISPATCH,UNIT_SCADA,1,"2019/09/06 12:35:00",LKBONNY2,137.194890
D,DISPATCH,UNIT_SCADA,1,"2019/09/06 12:35:00",LKBONNY3,36.675060
D,DISPATCH,UNIT_SCADA,1,"2019/09/06 12:35:00",LK_ECHO,0
D,DISPATCH,UNIT_SCADA,1,"2019/09/06 12:35:00",LNGS1,0
D,DISPATCH,UNIT_SCADA,1,"2019/09/06 12:35:00",LNGS2,0
D,DISPATCH,UNIT_SCADA,1,"2019/09/06 12:35:00",LONSDALE,0
D,DISPATCH,UNIT_SCADA,1,"2019/09/06 12:35:00",LOYYB1,536.088620
D,DISPATCH,UNIT_SCADA,1,"2019/09/06 12:35:00",LOYYB2,583.834170
D,DISPATCH,UNIT_SCADA,1,"2019/09/06 12:35:00",LYA1,0
D,DISPATCH,UNIT_SCADA,1,"2019/09/06 12:35:00",LYA2,0
D,DISPATCH,UNIT_SCADA,1,"2019/09/06 12:35:00",LYA3,559
D,DISPATCH,UNIT_SCADA,1,"2019/09/06 12:35:00",LYA4,540
D,DISPATCH,UNIT_SCADA,1,"2019/09/06 12:35:00",MACARTH1,117.497280
D,DISPATCH,UNIT_SCADA,1,"2019/09/06 12:35:00",MACKAYGT,0.2240
D,DISPATCH,UNIT_SCADA,1,"2019/09/06 12:35:00",MACKNTSH,88.470010
D,DISPATCH,UNIT_SCADA,1,"2019/09/06 12:35:00",MANSLR1,18.0310
D,DISPATCH,UNIT_SCADA,1,"2019/09/06 12:35:00",MCKAY1,-0.0350
D,DISPATCH,UNIT_SCADA,1,"2019/09/06 12:35:00",MEADOWBK,33.695820
D,DISPATCH,UNIT_SCADA,1,"2019/09/06 12:35:00",MERCER01,85.0190
D,DISPATCH,UNIT_SCADA,1,"2019/09/06 12:35:00",MEWF1,24.844290
D,DISPATCH,UNIT_SCADA,1,"2019/09/06 12:35:00",MINTARO,0
D,DISPATCH,UNIT_SCADA,1,"2019/09/06 12:35:00",MOREESF1,47.8340
D,DISPATCH,UNIT_SCADA,1,"2019/09/06 12:35:00",MORTLK11,124
D,DISPATCH,UNIT_SCADA,1,"2019/09/06 12:35:00",MORTLK12,0
D,DISPATCH,UNIT_SCADA,1,"2019/09/06 12:35:00",MP1,155.75
D,DISPATCH,UNIT_SCADA,1,"2019/09/06 12:35:00",MP2,0
D,DISPATCH,UNIT_SCADA,1,"2019/09/06 12:35:00",MPP_1,375.75
D,DISPATCH,UNIT_SCADA,1,"2019/09/06 12:35:00",MPP_2,308
D,DISPATCH,UNIT_SCADA,1,"2019/09/06 12:35:00",MSTUART1,0
D,DISPATCH,UNIT_SCADA,1,"2019/09/06 12:35:00",MSTUART2,0
D,DISPATCH,UNIT_SCADA,1,"2019/09/06 12:35:00",MSTUART3,0
D,DISPATCH,UNIT_SCADA,1,"2019/09/06 12:35:00",MTGELWF1,64.477980
D,DISPATCH,UNIT_SCADA,1,"2019/09/06 12:35:00",MURRAY,0
D,DISPATCH,UNIT_SCADA,1,"2019/09/06 12:35:00",MUSSELR1,162.699980
D,DISPATCH,UNIT_SCADA,1,"2019/09/06 12:35:00",MUWAWF1,72.65
D,DISPATCH,UNIT_SCADA,1,"2019/09/06 12:35:00",NBHWF1,118.70
D,DISPATCH,UNIT_SCADA,1,"2019/09/06 12:35:00",NPS,0
D,DISPATCH,UNIT_SCADA,1,"2019/09/06 12:35:00",NUMURSF1,39.33
D,DISPATCH,UNIT_SCADA,1,"2019/09/06 12:35:00",NYNGAN1,51
D,DISPATCH,UNIT_SCADA,1,"2019/09/06 12:35:00",OAKEY1,0
D,DISPATCH,UNIT_SCADA,1,"2019/09/06 12:35:00",OAKEY1SF,22.5820
D,DISPATCH,UNIT_SCADA,1,"2019/09/06 12:35:00",OAKEY2,0
D,DISPATCH,UNIT_SCADA,1,"2019/09/06 12:35:00",OAKEY2SF,0
D,DISPATCH,UNIT_SCADA,1,"2019/09/06 12:35:00",OAKLAND1,12.60
D,DISPATCH,UNIT_SCADA,1,"2019/09/06 12:35:00",OSB-AG,0
D,DISPATCH,UNIT_SCADA,1,"2019/09/06 12:35:00",PARSF1,22.80
D,DISPATCH,UNIT_SCADA,1,"2019/09/06 12:35:00",POAT110,0
D,DISPATCH,UNIT_SCADA,1,"2019/09/06 12:35:00",POAT220,1.41
D,DISPATCH,UNIT_SCADA,1,"2019/09/06 12:35:00",POR01,0
D,DISPATCH,UNIT_SCADA,1,"2019/09/06 12:35:00",POR03,0
D,DISPATCH,UNIT_SCADA,1,"2019/09/06 12:35:00",PPCCGT,0
D,DISPATCH,UNIT_SCADA,1,"2019/09/06 12:35:00",PTSTAN1,0
D,DISPATCH,UNIT_SCADA,1,"2019/09/06 12:35:00",PUMP1,0
D,DISPATCH,UNIT_SCADA,1,"2019/09/06 12:35:00",PUMP2,0
D,DISPATCH,UNIT_SCADA,1,"2019/09/06 12:35:00",QPS1,0
D,DISPATCH,UNIT_SCADA,1,"2019/09/06 12:35:00",QPS2,0
D,DISPATCH,UNIT_SCADA,1,"2019/09/06 12:35:00",QPS3,0
D,DISPATCH,UNIT_SCADA,1,"2019/09/06 12:35:00",QPS4,0
D,DISPATCH,UNIT_SCADA,1,"2019/09/06 12:35:00",QPS5,0
D,DISPATCH,UNIT_SCADA,1,"2019/09/06 12:35:00",REECE1,103.27
D,DISPATCH,UNIT_SCADA,1,"2019/09/06 12:35:00",REECE2,103.170010
D,DISPATCH,UNIT_SCADA,1,"2019/09/06 12:35:00",ROMA_7,0
D,DISPATCH,UNIT_SCADA,1,"2019/09/06 12:35:00",ROMA_8,0
D,DISPATCH,UNIT_SCADA,1,"2019/09/06 12:35:00",RRSF1,111.046550
D,DISPATCH,UNIT_SCADA,1,"2019/09/06 12:35:00",RT_NSW1,0
D,DISPATCH,UNIT_SCADA,1,"2019/09/06 12:35:00",RT_NSW2,0
D,DISPATCH,UNIT_SCADA,1,"2019/09/06 12:35:00",RT_NSW3,0
D,DISPATCH,UNIT_SCADA,1,"2019/09/06 12:35:00",RT_NSW4,0
D,DISPATCH,UNIT_SCADA,1,"2019/09/06 12:35:00",RT_NSW5,0
D,DISPATCH,UNIT_SCADA,1,"2019/09/06 12:35:00",RT_NSW6,0
D,DISPATCH,UNIT_SCADA,1,"2019/09/06 12:35:00",RT_QLD1,0
D,DISPATCH,UNIT_SCADA,1,"2019/09/06 12:35:00",RT_SA1,0
D,DISPATCH,UNIT_SCADA,1,"2019/09/06 12:35:00",RT_SA2,0
D,DISPATCH,UNIT_SCADA,1,"2019/09/06 12:35:00",RT_SA3,0
D,DISPATCH,UNIT_SCADA,1,"2019/09/06 12:35:00",RT_SA4,0
D,DISPATCH,UNIT_SCADA,1,"2019/09/06 12:35:00",RT_SA5,0
D,DISPATCH,UNIT_SCADA,1,"2019/09/06 12:35:00",RT_SA6,0
D,DISPATCH,UNIT_SCADA,1,"2019/09/06 12:35:00",RT_TAS1,0
D,DISPATCH,UNIT_SCADA,1,"2019/09/06 12:35:00",RT_VIC1,0
D,DISPATCH,UNIT_SCADA,1,"2019/09/06 12:35:00",RT_VIC10,0
D,DISPATCH,UNIT_SCADA,1,"2019/09/06 12:35:00",RT_VIC11,0
D,DISPATCH,UNIT_SCADA,1,"2019/09/06 12:35:00",RT_VIC12,0
D,DISPATCH,UNIT_SCADA,1,"2019/09/06 12:35:00",RT_VIC2,0
D,DISPATCH,UNIT_SCADA,1,"2019/09/06 12:35:00",RT_VIC3,0
D,DISPATCH,UNIT_SCADA,1,"2019/09/06 12:35:00",RT_VIC4,0
D,DISPATCH,UNIT_SCADA,1,"2019/09/06 12:35:00",RT_VIC5,0
D,DISPATCH,UNIT_SCADA,1,"2019/09/06 12:35:00",RT_VIC6,0
D,DISPATCH,UNIT_SCADA,1,"2019/09/06 12:35:00",RT_VIC7,0
D,DISPATCH,UNIT_SCADA,1,"2019/09/06 12:35:00",RT_VIC8,0
D,DISPATCH,UNIT_SCADA,1,"2019/09/06 12:35:00",RT_VIC9,0
D,DISPATCH,UNIT_SCADA,1,"2019/09/06 12:35:00",RUGBYR1,63.7911
D,DISPATCH,UNIT_SCADA,1,"2019/09/06 12:35:00",SALTCRK1,20.85
D,DISPATCH,UNIT_SCADA,1,"2019/09/06 12:35:00",SAPHWF1,202.715640
D,DISPATCH,UNIT_SCADA,1,"2019/09/06 12:35:00",SHGEN,0
D,DISPATCH,UNIT_SCADA,1,"2019/09/06 12:35:00",SHPUMP,79.7225
D,DISPATCH,UNIT_SCADA,1,"2019/09/06 12:35:00",SITHE01,0.173950
D,DISPATCH,UNIT_SCADA,1,"2019/09/06 12:35:00",SMCSF1,87.349380
D,DISPATCH,UNIT_SCADA,1,"2019/09/06 12:35:00",SNOWNTH1,138.70
D,DISPATCH,UNIT_SCADA,1,"2019/09/06 12:35:00",SNOWSTH1,118.40
D,DISPATCH,UNIT_SCADA,1,"2019/09/06 12:35:00",SNOWTWN1,49.650910
D,DISPATCH,UNIT_SCADA,1,"2019/09/06 12:35:00",SNOWYP,393.600010
D,DISPATCH,UNIT_SCADA,1,"2019/09/06 12:35:00",SNUG1,0.019440
D,DISPATCH,UNIT_SCADA,1,"2019/09/06 12:35:00",SRSF1,69.439990
D,DISPATCH,UNIT_SCADA,1,"2019/09/06 12:35:00",STAN-1,186.2170
D,DISPATCH,UNIT_SCADA,1,"2019/09/06 12:35:00",STAN-2,230.5025
D,DISPATCH,UNIT_SCADA,1,"2019/09/06 12:35:00",STAN-3,232.835340
D,DISPATCH,UNIT_SCADA,1,"2019/09/06 12:35:00",STAN-4,227.682590
D,DISPATCH,UNIT_SCADA,1,"2019/09/06 12:35:00",STWF1,0
D,DISPATCH,UNIT_SCADA,1,"2019/09/06 12:35:00",SWAN_E,0
D,DISPATCH,UNIT_SCADA,1,"2019/09/06 12:35:00",TALWA1,223
D,DISPATCH,UNIT_SCADA,1,"2019/09/06 12:35:00",TARALGA1,97.766240
D,DISPATCH,UNIT_SCADA,1,"2019/09/06 12:35:00",TARONG#1,350.100010
D,DISPATCH,UNIT_SCADA,1,"2019/09/06 12:35:00",TARONG#2,0
D,DISPATCH,UNIT_SCADA,1,"2019/09/06 12:35:00",TARONG#3,279.200010
D,DISPATCH,UNIT_SCADA,1,"2019/09/06 12:35:00",TARONG#4,349.100010
D,DISPATCH,UNIT_SCADA,1,"2019/09/06 12:35:00",TARRALEA,74
D,DISPATCH,UNIT_SCADA,1,"2019/09/06 12:35:00",TBSF1,15.50
D,DISPATCH,UNIT_SCADA,1,"2019/09/06 12:35:00",TNPS1,399.700010
D,DISPATCH,UNIT_SCADA,1,"2019/09/06 12:35:00",TORRA1,34.601720
D,DISPATCH,UNIT_SCADA,1,"2019/09/06 12:35:00",TORRA2,0
D,DISPATCH,UNIT_SCADA,1,"2019/09/06 12:35:00",TORRA3,0
D,DISPATCH,UNIT_SCADA,1,"2019/09/06 12:35:00",TORRA4,36.185590
D,DISPATCH,UNIT_SCADA,1,"2019/09/06 12:35:00",TORRB1,43.86
D,DISPATCH,UNIT_SCADA,1,"2019/09/06 12:35:00",TORRB2,45.16
D,DISPATCH,UNIT_SCADA,1,"2019/09/06 12:35:00",TORRB3,45.08
D,DISPATCH,UNIT_SCADA,1,"2019/09/06 12:35:00",TORRB4,0
D,DISPATCH,UNIT_SCADA,1,"2019/09/06 12:35:00",TREVALLN,73.810040
D,DISPATCH,UNIT_SCADA,1,"2019/09/06 12:35:00",TRIBUTE,0
D,DISPATCH,UNIT_SCADA,1,"2019/09/06 12:35:00",TUMUT3,0
D,DISPATCH,UNIT_SCADA,1,"2019/09/06 12:35:00",TUNGATIN,104.820010
D,DISPATCH,UNIT_SCADA,1,"2019/09/06 12:35:00",TVCC201,0
D,DISPATCH,UNIT_SCADA,1,"2019/09/06 12:35:00",TVPP104,0
D,DISPATCH,UNIT_SCADA,1,"2019/09/06 12:35:00",UPPTUMUT,0
D,DISPATCH,UNIT_SCADA,1,"2019/09/06 12:35:00",URANQ11,0
D,DISPATCH,UNIT_SCADA,1,"2019/09/06 12:35:00",URANQ12,0
D,DISPATCH,UNIT_SCADA,1,"2019/09/06 12:35:00",URANQ13,0
D,DISPATCH,UNIT_SCADA,1,"2019/09/06 12:35:00",URANQ14,0
D,DISPATCH,UNIT_SCADA,1,"2019/09/06 12:35:00",VP5,400.199980
D,DISPATCH,UNIT_SCADA,1,"2019/09/06 12:35:00",VP6,0
D,DISPATCH,UNIT_SCADA,1,"2019/09/06 12:35:00",VPGS1,0
D,DISPATCH,UNIT_SCADA,1,"2019/09/06 12:35:00",VPGS2,0
D,DISPATCH,UNIT_SCADA,1,"2019/09/06 12:35:00",VPGS3,0
D,DISPATCH,UNIT_SCADA,1,"2019/09/06 12:35:00",VPGS4,0
D,DISPATCH,UNIT_SCADA,1,"2019/09/06 12:35:00",VPGS5,0
D,DISPATCH,UNIT_SCADA,1,"2019/09/06 12:35:00",VPGS6,0
D,DISPATCH,UNIT_SCADA,1,"2019/09/06 12:35:00",W/HOE#1,0
D,DISPATCH,UNIT_SCADA,1,"2019/09/06 12:35:00",W/HOE#2,0
D,DISPATCH,UNIT_SCADA,1,"2019/09/06 12:35:00",WATERLWF,95.30
D,DISPATCH,UNIT_SCADA,1,"2019/09/06 12:35:00",WEMENSF1,3.30
D,DISPATCH,UNIT_SCADA,1,"2019/09/06 12:35:00",WGWF1,0.90
D,DISPATCH,UNIT_SCADA,1,"2019/09/06 12:35:00",WHITSF1,41.90
D,DISPATCH,UNIT_SCADA,1,"2019/09/06 12:35:00",WKIEWA1,0
D,DISPATCH,UNIT_SCADA,1,"2019/09/06 12:35:00",WKIEWA2,0.10
D,DISPATCH,UNIT_SCADA,1,"2019/09/06 12:35:00",WOODLWN1,43.182010
D,DISPATCH,UNIT_SCADA,1,"2019/09/06 12:35:00",WRSF1,17.39
D,DISPATCH,UNIT_SCADA,1,"2019/09/06 12:35:00",WRWF1,145.843750
D,DISPATCH,UNIT_SCADA,1,"2019/09/06 12:35:00",YABULU,0
D,DISPATCH,UNIT_SCADA,1,"2019/09/06 12:35:00",YABULU2,0
D,DISPATCH,UNIT_SCADA,1,"2019/09/06 12:35:00",YARWUN_1,120.46
D,DISPATCH,UNIT_SCADA,1,"2019/09/06 12:35:00",YENDWF1,42.09
D,DISPATCH,UNIT_SCADA,1,"2019/09/06 12:35:00",YWPS1,380.450620
D,DISPATCH,UNIT_SCADA,1,"2019/09/06 12:35:00",YWPS2,282.7038
D,DISPATCH,UNIT_SCADA,1,"2019/09/06 12:35:00",YWPS3,329.749360
D,DISPATCH,UNIT_SCADA,1,"2019/09/06 12:35:00",YWPS4,399.472140
C,"END OF REPORT",335
